Setting printing level to: INFO
[conformal] loaded IMU sidecar: /data/conformal_dumps/stage3_all11/sidecars/MH_05_difficult_learned_sigma.h5
[conformal] live Net-A parity PASS max_abs_error=1.15729e-07
[conformal] loaded causal live Net-A: /data/conformal_dumps/stage3_online_all11/model/netA_live.h5 visual_scale=1
[33m[init]: not enough feats to compute disp: 0,0 < 15
[0m[33m[init]: not enough feats to compute disp: 0,0 < 15
[0m[33m[init]: not enough feats to compute disp: 0,66 < 15
[0m[33m[init]: not enough feats to compute disp: 0,66 < 15
[0m[33m[init]: not enough feats to compute disp: 0,66 < 15
[0m[33m[init]: not enough feats to compute disp: 0,66 < 15
[0m[33m[init]: not enough feats to compute disp: 0,66 < 15
[0m[33m[init]: not enough feats to compute disp: 0,66 < 15
[0m[33m[init]: not enough feats to compute disp: 0,66 < 15
[0m[33m[init]: not enough feats to compute disp: 0,66 < 15
[0m[33m[init]: not enough feats to compute disp: 0,66 < 15
[0m[33m[init]: not enough feats to compute disp: 0,66 < 15
[0m[33m[init]: not enough feats to compute disp: 0,66 < 15
[0m[33m[init]: not enough feats to compute disp: 0,66 < 15
[0m[33m[init]: not enough feats to compute disp: 0,66 < 15
[0m[33m[init]: not enough feats to compute disp: 0,66 < 15
[0m[33m[init]: not enough feats to compute disp: 0,66 < 15
[0m[33m[init]: not enough feats to compute disp: 0,66 < 15
[0m[33m[init]: not enough feats to compute disp: 0,66 < 15
[0m[33m[init]: not enough feats to compute disp: 0,66 < 15
[0m[33m[init]: not enough feats to compute disp: 0,66 < 15
[0m[33m[init]: not enough feats to compute disp: 0,66 < 15
[0m[33m[init]: disparity is 0.032,0.036 (10.00 thresh)
[0m[33m[init]: failed static init: no accel jerk detected
[0m[33m[init]: disparity is 0.031,0.037 (10.00 thresh)
[0m[33m[init]: failed static init: no accel jerk detected
[0m[33m[init]: disparity is 0.034,0.035 (10.00 thresh)
[0m[33m[init]: failed static init: no accel jerk detected
[0m[33m[init]: disparity is 0.036,0.041 (10.00 thresh)
[0m[33m[init]: failed static init: no accel jerk detected
[0m[33m[init]: disparity is 0.032,0.034 (10.00 thresh)
[0m[33m[init]: failed static init: no accel jerk detected
[0m[33m[init]: disparity is 0.028,0.039 (10.00 thresh)
[0m[33m[init]: failed static init: no accel jerk detected
[0m[33m[init]: disparity is 0.028,0.032 (10.00 thresh)
[0m[33m[init]: failed static init: no accel jerk detected
[0m[33m[init]: disparity is 0.034,0.038 (10.00 thresh)
[0m[33m[init]: failed static init: no accel jerk detected
[0m[33m[init]: disparity is 0.029,0.036 (10.00 thresh)
[0m[33m[init]: failed static init: no accel jerk detected
[0m[33m[init]: disparity is 0.032,0.041 (10.00 thresh)
[0m[33m[init]: failed static init: no accel jerk detected
[0m[33m[init]: disparity is 0.028,0.038 (10.00 thresh)
[0m[33m[init]: failed static init: no accel jerk detected
[0m[33m[init]: disparity is 0.028,0.032 (10.00 thresh)
[0m[33m[init]: failed static init: no accel jerk detected
[0m[33m[init]: disparity is 0.031,0.032 (10.00 thresh)
[0m[33m[init]: failed static init: no accel jerk detected
[0m[33m[init]: disparity is 0.035,0.032 (10.00 thresh)
[0m[33m[init]: failed static init: no accel jerk detected
[0m[33m[init]: disparity is 0.037,0.034 (10.00 thresh)
[0m[33m[init]: failed static init: no accel jerk detected
[0m[33m[init]: disparity is 0.032,0.038 (10.00 thresh)
[0m[33m[init]: failed static init: no accel jerk detected
[0m[33m[init]: disparity is 0.027,0.035 (10.00 thresh)
[0m[33m[init]: failed static init: no accel jerk detected
[0m[33m[init]: disparity is 0.028,0.036 (10.00 thresh)
[0m[33m[init]: failed static init: no accel jerk detected
[0m[33m[init]: disparity is 0.030,0.042 (10.00 thresh)
[0m[33m[init]: failed static init: no accel jerk detected
[0m[33m[init]: disparity is 0.031,0.034 (10.00 thresh)
[0m[33m[init]: failed static init: no accel jerk detected
[0m[33m[init]: disparity is 0.035,0.030 (10.00 thresh)
[0m[33m[init]: failed static init: no accel jerk detected
[0m[33m[init]: disparity is 0.040,0.035 (10.00 thresh)
[0m[33m[init]: failed static init: no accel jerk detected
[0m[33m[init]: disparity is 0.038,0.032 (10.00 thresh)
[0m[33m[init]: failed static init: no accel jerk detected
[0m[33m[init]: disparity is 0.042,0.030 (10.00 thresh)
[0m[33m[init]: failed static init: no accel jerk detected
[0m[33m[init]: disparity is 0.038,0.036 (10.00 thresh)
[0m[33m[init]: failed static init: no accel jerk detected
[0m[33m[init]: disparity is 0.039,0.036 (10.00 thresh)
[0m[33m[init]: failed static init: no accel jerk detected
[0m[33m[init]: disparity is 0.036,0.033 (10.00 thresh)
[0m[33m[init]: failed static init: no accel jerk detected
[0m[33m[init]: disparity is 0.040,0.038 (10.00 thresh)
[0m[33m[init]: failed static init: no accel jerk detected
[0m[33m[init]: disparity is 0.039,0.031 (10.00 thresh)
[0m[33m[init]: failed static init: no accel jerk detected
[0m[33m[init]: disparity is 0.045,0.028 (10.00 thresh)
[0m[33m[init]: failed static init: no accel jerk detected
[0m[33m[init]: disparity is 0.043,0.033 (10.00 thresh)
[0m[33m[init]: failed static init: no accel jerk detected
[0m[33m[init]: disparity is 0.030,0.040 (10.00 thresh)
[0m[33m[init]: failed static init: no accel jerk detected
[0m[33m[init]: disparity is 0.036,0.032 (10.00 thresh)
[0m[33m[init]: failed static init: no accel jerk detected
[0m[33m[init]: disparity is 0.035,0.036 (10.00 thresh)
[0m[33m[init]: failed static init: no accel jerk detected
[0m[33m[init]: disparity is 0.041,0.043 (10.00 thresh)
[0m[33m[init]: failed static init: no accel jerk detected
[0m[33m[init]: disparity is 0.039,0.062 (10.00 thresh)
[0m[33m[init]: failed static init: no accel jerk detected
[0m[33m[init]: disparity is 0.036,0.065 (10.00 thresh)
[0m[33m[init]: failed static init: no accel jerk detected
[0m[33m[init]: disparity is 0.038,0.091 (10.00 thresh)
[0m[33m[init]: failed static init: no accel jerk detected
[0m[33m[init]: disparity is 0.040,0.084 (10.00 thresh)
[0m[33m[init]: failed static init: no accel jerk detected
[0m[33m[init]: disparity is 0.035,0.079 (10.00 thresh)
[0m[33m[init]: failed static init: no accel jerk detected
[0m[33m[init]: disparity is 0.040,0.092 (10.00 thresh)
[0m[33m[init]: failed static init: no accel jerk detected
[0m[33m[init]: disparity is 0.038,0.161 (10.00 thresh)
[0m[33m[init]: failed static init: no accel jerk detected
[0m[33m[init]: disparity is 0.033,0.254 (10.00 thresh)
[0m[33m[init]: failed static init: no accel jerk detected
[0m[33m[init]: disparity is 0.040,0.322 (10.00 thresh)
[0m[33m[init]: failed static init: no accel jerk detected
[0m[33m[init]: disparity is 0.032,0.102 (10.00 thresh)
[0m[33m[init]: failed static init: no accel jerk detected
[0m[33m[init]: disparity is 0.032,0.095 (10.00 thresh)
[0m[33m[init]: failed static init: no accel jerk detected
[0m[33m[init]: disparity is 0.041,0.138 (10.00 thresh)
[0m[33m[init]: failed static init: no accel jerk detected
[0m[33m[init]: disparity is 0.029,0.351 (10.00 thresh)
[0m[33m[init]: failed static init: no accel jerk detected
[0m[33m[init]: disparity is 0.031,1.032 (10.00 thresh)
[0m[33m[init]: failed static init: no accel jerk detected
[0m[33m[init]: disparity is 0.033,0.258 (10.00 thresh)
[0m[33m[init]: failed static init: no accel jerk detected
[0m[33m[init]: disparity is 0.028,0.167 (10.00 thresh)
[0m[33m[init]: failed static init: no accel jerk detected
[0m[33m[init]: disparity is 0.036,0.373 (10.00 thresh)
[0m[33m[init]: failed static init: no accel jerk detected
[0m[33m[init]: disparity is 0.038,0.191 (10.00 thresh)
[0m[33m[init]: failed static init: no accel jerk detected
[0m[33m[init]: disparity is 0.043,0.266 (10.00 thresh)
[0m[33m[init]: failed static init: no accel jerk detected
[0m[33m[init]: disparity is 0.048,0.471 (10.00 thresh)
[0m[33m[init]: failed static init: no accel jerk detected
[0m[33m[init]: disparity is 0.064,1.283 (10.00 thresh)
[0m[33m[init]: failed static init: no accel jerk detected
[0m[33m[init]: disparity is 0.070,3.276 (10.00 thresh)
[0m[33m[init]: failed static init: no accel jerk detected
[0m[33m[init]: disparity is 0.089,5.271 (10.00 thresh)
[0m[33m[init]: failed static init: no accel jerk detected
[0m[33m[init]: disparity is 0.085,6.096 (10.00 thresh)
[0m[33m[init]: failed static init: no accel jerk detected
[0m[33m[init]: disparity is 0.074,10.033 (10.00 thresh)
[0m[33m[init-s]: no IMU excitation, below threshold 0.473 < 1.500
[0m[33m[init]: disparity is 0.095,16.749 (10.00 thresh)
[0m[33m[init-s]: no IMU excitation, below threshold 0.531 < 1.500
[0m[33m[init]: disparity is 0.174,24.184 (10.00 thresh)
[0m[33m[init-s]: no IMU excitation, below threshold 0.584 < 1.500
[0m[33m[init]: disparity is 0.253,33.546 (10.00 thresh)
[0m[33m[init-s]: no IMU excitation, below threshold 0.613 < 1.500
[0m[33m[init]: disparity is 0.327,42.297 (10.00 thresh)
[0m[33m[init-s]: no IMU excitation, below threshold 0.619 < 1.500
[0m[33m[init]: disparity is 0.102,48.848 (10.00 thresh)
[0m[33m[init-s]: no IMU excitation, below threshold 0.619 < 1.500
[0m[33m[init]: disparity is 0.097,52.894 (10.00 thresh)
[0m[33m[init-s]: no IMU excitation, below threshold 0.617 < 1.500
[0m[33m[init]: disparity is 0.135,55.899 (10.00 thresh)
[0m[33m[init-s]: no IMU excitation, below threshold 0.616 < 1.500
[0m[33m[init]: disparity is 0.357,57.826 (10.00 thresh)
[0m[33m[init-s]: no IMU excitation, below threshold 0.620 < 1.500
[0m[33m[init]: disparity is 1.016,41.065 (10.00 thresh)
[0m[33m[init-s]: no IMU excitation, below threshold 0.624 < 1.500
[0m[33m[init]: disparity is 0.250,42.815 (10.00 thresh)
[0m[33m[init-s]: no IMU excitation, below threshold 0.644 < 1.500
[0m[33m[init]: disparity is 0.161,45.050 (10.00 thresh)
[0m[33m[init-s]: no IMU excitation, below threshold 0.650 < 1.500
[0m[33m[init]: disparity is 0.385,47.793 (10.00 thresh)
[0m[33m[init-s]: no IMU excitation, below threshold 0.643 < 1.500
[0m[33m[init]: disparity is 0.194,51.071 (10.00 thresh)
[0m[33m[init-s]: no IMU excitation, below threshold 0.642 < 1.500
[0m[33m[init]: disparity is 0.266,53.787 (10.00 thresh)
[0m[33m[init-s]: no IMU excitation, below threshold 0.641 < 1.500
[0m[33m[init]: disparity is 0.468,55.035 (10.00 thresh)
[0m[33m[init-s]: no IMU excitation, below threshold 0.658 < 1.500
[0m[33m[init]: disparity is 1.266,58.464 (10.00 thresh)
[0m[33m[init-s]: no IMU excitation, below threshold 0.751 < 1.500
[0m[33m[init]: disparity is 3.284,62.075 (10.00 thresh)
[0m[33m[init-s]: no IMU excitation, below threshold 0.847 < 1.500
[0m[33m[init]: disparity is 5.225,66.822 (10.00 thresh)
[0m[33m[init-s]: no IMU excitation, below threshold 0.982 < 1.500
[0m[33m[init]: disparity is 6.093,67.683 (10.00 thresh)
[0m[33m[init-s]: no IMU excitation, below threshold 1.065 < 1.500
[0m[33m[init]: disparity is 9.983,63.839 (10.00 thresh)
[0m[33m[init-s]: no IMU excitation, below threshold 1.142 < 1.500
[0m[33m[init]: disparity is 16.656,58.283 (10.00 thresh)
[0m[33m[init]: failed static init: no accel jerk detected, platform moving too much
[0m[33m[init]: disparity is 24.182,53.561 (10.00 thresh)
[0m[33m[init]: failed static init: no accel jerk detected, platform moving too much
[0m[33m[init]: disparity is 33.633,50.058 (10.00 thresh)
[0m[33m[init]: failed static init: no accel jerk detected, platform moving too much
[0m[33m[init]: disparity is 42.381,46.291 (10.00 thresh)
[0m[33m[init]: failed static init: no accel jerk detected, platform moving too much
[0m[33m[init]: disparity is 48.870,43.329 (10.00 thresh)
[0m[33m[init]: failed static init: no accel jerk detected, platform moving too much
[0m[33m[init]: disparity is 52.845,45.735 (10.00 thresh)
[0m[33m[init]: failed static init: no accel jerk detected, platform moving too much
[0m[33m[init]: disparity is 56.028,42.403 (10.00 thresh)
[0m[33m[init]: failed static init: no accel jerk detected, platform moving too much
[0m[33m[init]: disparity is 57.877,34.232 (10.00 thresh)
[0m[33m[init]: failed static init: no accel jerk detected, platform moving too much
[0m[33m[init]: disparity is 40.937,22.169 (10.00 thresh)
[0m[33m[init]: failed static init: no accel jerk detected, platform moving too much
[0m[33m[init]: disparity is 42.866,7.893 (10.00 thresh)
[0m[33m[init]: failed static init: no accel jerk detected, platform moving too much
[0m[33m[init]: disparity is 45.040,10.753 (10.00 thresh)
[0m[33m[init]: failed static init: no accel jerk detected, platform moving too much
[0m[33m[init]: disparity is 47.863,20.565 (10.00 thresh)
[0m[33m[init]: failed static init: no accel jerk detected, platform moving too much
[0m[33m[init]: disparity is 51.326,27.848 (10.00 thresh)
[0m[33m[init]: failed static init: no accel jerk detected, platform moving too much
[0m[33m[init]: disparity is 54.201,33.815 (10.00 thresh)
[0m[33m[init]: failed static init: no accel jerk detected, platform moving too much
[0m[33m[init]: disparity is 56.525,38.190 (10.00 thresh)
[0m[33m[init]: failed static init: no accel jerk detected, platform moving too much
[0m[33m[init]: disparity is 58.188,41.281 (10.00 thresh)
[0m[33m[init]: failed static init: no accel jerk detected, platform moving too much
[0m[33m[init]: disparity is 58.448,43.807 (10.00 thresh)
[0m[33m[init]: failed static init: no accel jerk detected, platform moving too much
[0m[33m[init]: disparity is 61.000,46.733 (10.00 thresh)
[0m[33m[init]: failed static init: no accel jerk detected, platform moving too much
[0m[33m[init]: disparity is 63.819,49.981 (10.00 thresh)
[0m[33m[init]: failed static init: no accel jerk detected, platform moving too much
[0m[33m[init]: disparity is 68.216,53.990 (10.00 thresh)
[0m[33m[init]: failed static init: no accel jerk detected, platform moving too much
[0m[33m[init]: disparity is 68.674,58.414 (10.00 thresh)
[0m[33m[init]: failed static init: no accel jerk detected, platform moving too much
[0m[33m[init]: disparity is 64.394,61.091 (10.00 thresh)
[0m[33m[init]: failed static init: no accel jerk detected, platform moving too much
[0m[33m[init]: disparity is 58.782,61.022 (10.00 thresh)
[0m[33m[init]: failed static init: no accel jerk detected, platform moving too much
[0m[33m[init]: disparity is 53.849,57.365 (10.00 thresh)
[0m[33m[init]: failed static init: no accel jerk detected, platform moving too much
[0m[33m[init]: disparity is 49.604,50.467 (10.00 thresh)
[0m[33m[init]: failed static init: no accel jerk detected, platform moving too much
[0m[33m[init]: disparity is 44.174,40.422 (10.00 thresh)
[0m[33m[init]: failed static init: no accel jerk detected, platform moving too much
[0m[33m[init]: disparity is 38.365,28.894 (10.00 thresh)
[0m[33m[init]: failed static init: no accel jerk detected, platform moving too much
[0m[33m[init]: disparity is 36.263,21.340 (10.00 thresh)
[0m[33m[init]: failed static init: no accel jerk detected, platform moving too much
[0m[33m[init]: disparity is 29.327,22.530 (10.00 thresh)
[0m[33m[init]: failed static init: no accel jerk detected, platform moving too much
[0m[33m[init]: disparity is 19.221,27.798 (10.00 thresh)
[0m[33m[init]: failed static init: no accel jerk detected, platform moving too much
[0m[33m[init]: disparity is 8.531,32.889 (10.00 thresh)
[0m[33m[init-s]: no IMU excitation, below threshold 1.370 < 1.500
[0m[33m[init]: disparity is 9.741,37.272 (10.00 thresh)
[0m[33m[init-s]: no IMU excitation, below threshold 1.460 < 1.500
[0m[33m[init]: disparity is 18.065,40.597 (10.00 thresh)
[0m[33m[init]: failed static init: no accel jerk detected, platform moving too much
[0m[33m[init]: disparity is 24.935,42.826 (10.00 thresh)
[0m[33m[init]: failed static init: no accel jerk detected, platform moving too much
[0m[33m[init]: disparity is 29.832,43.429 (10.00 thresh)
[0m[33m[init]: failed static init: no accel jerk detected, platform moving too much
[0m[33m[init]: disparity is 34.893,44.685 (10.00 thresh)
[0m[33m[init]: failed static init: no accel jerk detected, platform moving too much
[0m[33m[init]: disparity is 39.544,51.586 (10.00 thresh)
[0m[33m[init]: failed static init: no accel jerk detected, platform moving too much
[0m[33m[init]: disparity is 43.831,57.448 (10.00 thresh)
[0m[33m[init]: failed static init: no accel jerk detected, platform moving too much
[0m[33m[init]: disparity is 48.001,64.490 (10.00 thresh)
[0m[33m[init]: failed static init: no accel jerk detected, platform moving too much
[0m[33m[init]: disparity is 51.706,66.597 (10.00 thresh)
[0m[33m[init]: failed static init: no accel jerk detected, platform moving too much
[0m[33m[init]: disparity is 54.807,65.252 (10.00 thresh)
[0m[33m[init]: failed static init: no accel jerk detected, platform moving too much
[0m[33m[init]: disparity is 57.838,61.568 (10.00 thresh)
[0m[33m[init]: failed static init: no accel jerk detected, platform moving too much
[0m[33m[init]: disparity is 60.172,54.050 (10.00 thresh)
[0m[33m[init]: failed static init: no accel jerk detected, platform moving too much
[0m[33m[init]: disparity is 59.622,42.228 (10.00 thresh)
[0m[33m[init]: failed static init: no accel jerk detected, platform moving too much
[0m[33m[init]: disparity is 56.595,26.388 (10.00 thresh)
[0m[33m[init]: failed static init: no accel jerk detected, platform moving too much
[0m[33m[init]: disparity is 50.695,8.952 (10.00 thresh)
[0m[33m[init]: failed static init: no accel jerk detected, platform moving too much
[0m[33m[init]: disparity is 41.555,12.240 (10.00 thresh)
[0m[33m[init]: failed static init: no accel jerk detected, platform moving too much
[0m[33m[init]: disparity is 30.609,29.179 (10.00 thresh)
[0m[33m[init]: failed static init: no accel jerk detected, platform moving too much
[0m[33m[init]: disparity is 21.886,42.958 (10.00 thresh)
[0m[33m[init]: failed static init: no accel jerk detected, platform moving too much
[0m[33m[init]: disparity is 21.871,53.401 (10.00 thresh)
[0m[33m[init]: failed static init: no accel jerk detected, platform moving too much
[0m[33m[init]: disparity is 27.620,60.698 (10.00 thresh)
[0m[33m[init]: failed static init: no accel jerk detected, platform moving too much
[0m[33m[init]: disparity is 33.861,63.824 (10.00 thresh)
[0m[33m[init]: failed static init: no accel jerk detected, platform moving too much
[0m[33m[init]: disparity is 39.403,62.365 (10.00 thresh)
[0m[33m[init]: failed static init: no accel jerk detected, platform moving too much
[0m[33m[init]: disparity is 43.245,59.488 (10.00 thresh)
[0m[33m[init]: failed static init: no accel jerk detected, platform moving too much
[0m[33m[init]: disparity is 43.961,56.620 (10.00 thresh)
[0m[33m[init]: failed static init: no accel jerk detected, platform moving too much
[0m[33m[init]: disparity is 44.146,56.202 (10.00 thresh)
[0m[33m[init]: failed static init: no accel jerk detected, platform moving too much
[0m[33m[init]: disparity is 44.602,57.813 (10.00 thresh)
[0m[33m[init]: failed static init: no accel jerk detected, platform moving too much
[0m[33m[init]: disparity is 46.750,59.628 (10.00 thresh)
[0m[33m[init]: failed static init: no accel jerk detected, platform moving too much
[0m[33m[init]: disparity is 54.871,61.494 (10.00 thresh)
[0m[33m[init]: failed static init: no accel jerk detected, platform moving too much
[0m[33m[init]: disparity is 60.301,62.662 (10.00 thresh)
[0m[33m[init]: failed static init: no accel jerk detected, platform moving too much
[0m[33m[init]: disparity is 65.429,61.469 (10.00 thresh)
[0m[33m[init]: failed static init: no accel jerk detected, platform moving too much
[0m[33m[init]: disparity is 64.624,57.728 (10.00 thresh)
[0m[33m[init]: failed static init: no accel jerk detected, platform moving too much
[0m[33m[init]: disparity is 59.169,53.053 (10.00 thresh)
[0m[33m[init]: failed static init: no accel jerk detected, platform moving too much
[0m[33m[init]: disparity is 50.397,49.247 (10.00 thresh)
[0m[33m[init]: failed static init: no accel jerk detected, platform moving too much
[0m[33m[init]: disparity is 37.858,50.918 (10.00 thresh)
[0m[33m[init]: failed static init: no accel jerk detected, platform moving too much
[0m[33m[init]: disparity is 21.925,58.077 (10.00 thresh)
[0m[33m[init]: failed static init: no accel jerk detected, platform moving too much
[0m[33m[init]: disparity is 4.704,65.542 (10.00 thresh)
[0m[33m[init-s]: no IMU excitation, below threshold 0.728 < 1.500
[0m[33m[init]: disparity is 14.449,73.736 (10.00 thresh)
[0m[33m[init]: failed static init: no accel jerk detected, platform moving too much
[0m[33m[init]: disparity is 29.443,79.244 (10.00 thresh)
[0m[33m[init]: failed static init: no accel jerk detected, platform moving too much
[0m[33m[init]: disparity is 41.221,82.913 (10.00 thresh)
[0m[33m[init]: failed static init: no accel jerk detected, platform moving too much
[0m[33m[init]: disparity is 49.350,85.389 (10.00 thresh)
[0m[33m[init]: failed static init: no accel jerk detected, platform moving too much
[0m[33m[init]: disparity is 54.510,86.374 (10.00 thresh)
[0m[33m[init]: failed static init: no accel jerk detected, platform moving too much
[0m[33m[init]: disparity is 57.740,87.351 (10.00 thresh)
[0m[33m[init]: failed static init: no accel jerk detected, platform moving too much
[0m[33m[init]: disparity is 58.123,87.949 (10.00 thresh)
[0m[33m[init]: failed static init: no accel jerk detected, platform moving too much
[0m[33m[init]: disparity is 55.511,41.608 (10.00 thresh)
[0m[33m[init]: failed static init: no accel jerk detected, platform moving too much
[0m[33m[init]: disparity is 53.671,44.798 (10.00 thresh)
[0m[33m[init]: failed static init: no accel jerk detected, platform moving too much
[0m[33m[init]: disparity is 54.127,48.404 (10.00 thresh)
[0m[33m[init]: failed static init: no accel jerk detected, platform moving too much
[0m[33m[init]: disparity is 56.590,52.754 (10.00 thresh)
[0m[33m[init]: failed static init: no accel jerk detected, platform moving too much
[0m[33m[init]: disparity is 60.277,58.176 (10.00 thresh)
[0m[33m[init]: failed static init: no accel jerk detected, platform moving too much
[0m[33m[init]: disparity is 63.960,61.932 (10.00 thresh)
[0m[33m[init]: failed static init: no accel jerk detected, platform moving too much
[0m[33m[init]: disparity is 66.158,65.086 (10.00 thresh)
[0m[33m[init]: failed static init: no accel jerk detected, platform moving too much
[0m[33m[init]: disparity is 66.156,68.741 (10.00 thresh)
[0m[33m[init]: failed static init: no accel jerk detected, platform moving too much
[0m[33m[init]: disparity is 63.415,72.481 (10.00 thresh)
[0m[33m[init]: failed static init: no accel jerk detected, platform moving too much
[0m[33m[init]: disparity is 58.622,75.672 (10.00 thresh)
[0m[33m[init]: failed static init: no accel jerk detected, platform moving too much
[0m[33m[init]: disparity is 54.915,78.226 (10.00 thresh)
[0m[33m[init]: failed static init: no accel jerk detected, platform moving too much
[0m[33m[init]: disparity is 54.477,80.273 (10.00 thresh)
[0m[33m[init]: failed static init: no accel jerk detected, platform moving too much
[0m[33m[init]: disparity is 59.647,81.259 (10.00 thresh)
[0m[33m[init]: failed static init: no accel jerk detected, platform moving too much
[0m[33m[init]: disparity is 69.553,80.044 (10.00 thresh)
[0m[33m[init]: failed static init: no accel jerk detected, platform moving too much
[0m[33m[init]: disparity is 77.651,78.698 (10.00 thresh)
[0m[33m[init]: failed static init: no accel jerk detected, platform moving too much
[0m[33m[init]: disparity is 85.789,77.410 (10.00 thresh)
[0m[33m[init]: failed static init: no accel jerk detected, platform moving too much
[0m[33m[init]: disparity is 91.402,72.581 (10.00 thresh)
[0m[33m[init]: failed static init: no accel jerk detected, platform moving too much
[0m[33m[init]: disparity is 94.291,68.948 (10.00 thresh)
[0m[33m[init]: failed static init: no accel jerk detected, platform moving too much
[0m[33m[init]: disparity is 96.292,65.906 (10.00 thresh)
[0m[33m[init]: failed static init: no accel jerk detected, platform moving too much
[0m[33m[init]: disparity is 96.661,59.498 (10.00 thresh)
[0m[33m[init]: failed static init: no accel jerk detected, platform moving too much
[0m[33m[init]: disparity is 44.297,49.500 (10.00 thresh)
[0m[33m[init]: failed static init: no accel jerk detected, platform moving too much
[0m[33m[init]: disparity is 46.410,38.661 (10.00 thresh)
[0m[33m[init]: failed static init: no accel jerk detected, platform moving too much
[0m[33m[init]: disparity is 49.993,28.555 (10.00 thresh)
[0m[33m[init]: failed static init: no accel jerk detected, platform moving too much
[0m[33m[init]: disparity is 55.133,19.529 (10.00 thresh)
[0m[33m[init]: failed static init: no accel jerk detected, platform moving too much
[0m[33m[init]: disparity is 61.337,17.459 (10.00 thresh)
[0m[33m[init]: failed static init: no accel jerk detected, platform moving too much
[0m[33m[init]: disparity is 65.622,26.190 (10.00 thresh)
[0m[33m[init]: failed static init: no accel jerk detected, platform moving too much
[0m[33m[init]: disparity is 69.426,38.844 (10.00 thresh)
[0m[33m[init]: failed static init: no accel jerk detected, platform moving too much
[0m[33m[init]: disparity is 73.252,53.260 (10.00 thresh)
[0m[33m[init]: failed static init: no accel jerk detected, platform moving too much
[0m[33m[init]: disparity is 77.009,68.972 (10.00 thresh)
[0m[33m[init]: failed static init: no accel jerk detected, platform moving too much
[0m[33m[init]: disparity is 80.591,82.403 (10.00 thresh)
[0m[33m[init]: failed static init: no accel jerk detected, platform moving too much
[0m[33m[init]: disparity is 83.286,90.064 (10.00 thresh)
[0m[33m[init]: failed static init: no accel jerk detected, platform moving too much
[0m[33m[init]: disparity is 84.566,92.761 (10.00 thresh)
[0m[33m[init]: failed static init: no accel jerk detected, platform moving too much
[0m[33m[init]: disparity is 84.395,92.562 (10.00 thresh)
[0m[33m[init]: failed static init: no accel jerk detected, platform moving too much
[0m[33m[init]: disparity is 83.786,90.062 (10.00 thresh)
[0m[33m[init]: failed static init: no accel jerk detected, platform moving too much
[0m[33m[init]: disparity is 82.443,84.507 (10.00 thresh)
[0m[33m[init]: failed static init: no accel jerk detected, platform moving too much
[0m[33m[init]: disparity is 79.011,77.688 (10.00 thresh)
[0m[33m[init]: failed static init: no accel jerk detected, platform moving too much
[0m[33m[init]: disparity is 75.266,70.274 (10.00 thresh)
[0m[33m[init]: failed static init: no accel jerk detected, platform moving too much
[0m[33m[init]: disparity is 71.700,61.962 (10.00 thresh)
[0m[33m[init]: failed static init: no accel jerk detected, platform moving too much
[0m[33m[init]: disparity is 65.456,51.129 (10.00 thresh)
[0m[33m[init]: failed static init: no accel jerk detected, platform moving too much
[0m[33m[init]: disparity is 60.418,43.622 (10.00 thresh)
[0m[33m[init]: failed static init: no accel jerk detected, platform moving too much
[0m[33m[init]: disparity is 55.224,37.998 (10.00 thresh)
[0m[33m[init]: failed static init: no accel jerk detected, platform moving too much
[0m[33m[init]: disparity is 48.790,32.537 (10.00 thresh)
[0m[33m[init]: failed static init: no accel jerk detected, platform moving too much
[0m[33m[init]: disparity is 40.400,27.901 (10.00 thresh)
[0m[33m[init]: failed static init: no accel jerk detected, platform moving too much
[0m[33m[init]: disparity is 30.798,22.615 (10.00 thresh)
[0m[33m[init]: failed static init: no accel jerk detected, platform moving too much
[0m[33m[init]: disparity is 20.686,15.707 (10.00 thresh)
[0m[33m[init]: failed static init: no accel jerk detected, platform moving too much
[0m[33m[init]: disparity is 17.202,9.409 (10.00 thresh)
[0m[33m[init]: failed static init: no accel jerk detected, platform moving too much
[0m[33m[init]: disparity is 25.015,15.170 (10.00 thresh)
[0m[33m[init]: failed static init: no accel jerk detected, platform moving too much
[0m[33m[init]: disparity is 38.059,23.059 (10.00 thresh)
[0m[33m[init]: failed static init: no accel jerk detected, platform moving too much
[0m[33m[init]: disparity is 53.188,28.731 (10.00 thresh)
[0m[33m[init]: failed static init: no accel jerk detected, platform moving too much
[0m[33m[init]: disparity is 66.928,30.561 (10.00 thresh)
[0m[33m[init]: failed static init: no accel jerk detected, platform moving too much
[0m[33m[init]: disparity is 79.191,29.819 (10.00 thresh)
[0m[33m[init]: failed static init: no accel jerk detected, platform moving too much
[0m[33m[init]: disparity is 87.377,31.564 (10.00 thresh)
[0m[33m[init]: failed static init: no accel jerk detected, platform moving too much
[0m[33m[init]: disparity is 90.872,33.831 (10.00 thresh)
[0m[33m[init]: failed static init: no accel jerk detected, platform moving too much
[0m[33m[init]: disparity is 91.640,37.451 (10.00 thresh)
[0m[33m[init]: failed static init: no accel jerk detected, platform moving too much
[0m[33m[init]: disparity is 89.608,41.457 (10.00 thresh)
[0m[33m[init]: failed static init: no accel jerk detected, platform moving too much
[0m[33m[init]: disparity is 85.935,44.411 (10.00 thresh)
[0m[33m[init]: failed static init: no accel jerk detected, platform moving too much
[0m[33m[init]: disparity is 80.628,46.227 (10.00 thresh)
[0m[33m[init]: failed static init: no accel jerk detected, platform moving too much
[0m[33m[init]: disparity is 73.083,46.079 (10.00 thresh)
[0m[33m[init]: failed static init: no accel jerk detected, platform moving too much
[0m[33m[init]: disparity is 64.207,44.182 (10.00 thresh)
[0m[33m[init]: failed static init: no accel jerk detected, platform moving too much
[0m[33m[init]: disparity is 56.897,41.387 (10.00 thresh)
[0m[33m[init]: failed static init: no accel jerk detected, platform moving too much
[0m[33m[init]: disparity is 48.506,38.669 (10.00 thresh)
[0m[33m[init]: failed static init: no accel jerk detected, platform moving too much
[0m[33m[init]: disparity is 42.168,36.612 (10.00 thresh)
[0m[33m[init]: failed static init: no accel jerk detected, platform moving too much
[0m[33m[init]: disparity is 37.895,35.991 (10.00 thresh)
[0m[33m[init]: failed static init: no accel jerk detected, platform moving too much
[0m[33m[init]: disparity is 33.110,36.745 (10.00 thresh)
[0m[33m[init]: failed static init: no accel jerk detected, platform moving too much
[0m[33m[init]: disparity is 26.309,38.212 (10.00 thresh)
[0m[33m[init]: failed static init: no accel jerk detected, platform moving too much
[0m[33m[init]: disparity is 17.505,39.083 (10.00 thresh)
[0m[33m[init]: failed static init: no accel jerk detected, platform moving too much
[0m[33m[init]: disparity is 8.806,38.510 (10.00 thresh)
[0m[33m[init-s]: no IMU excitation, below threshold 0.647 < 1.500
[0m[33m[init]: disparity is 8.774,36.311 (10.00 thresh)
[0m[33m[init-s]: no IMU excitation, below threshold 0.624 < 1.500
[0m[33m[init]: disparity is 18.075,33.453 (10.00 thresh)
[0m[33m[init]: failed static init: no accel jerk detected, platform moving too much
[0m[33m[init]: disparity is 25.112,26.732 (10.00 thresh)
[0m[33m[init]: failed static init: no accel jerk detected, platform moving too much
[0m[33m[init]: disparity is 30.682,19.964 (10.00 thresh)
[0m[33m[init]: failed static init: no accel jerk detected, platform moving too much
[0m[33m[init]: disparity is 34.950,17.212 (10.00 thresh)
[0m[33m[init]: failed static init: no accel jerk detected, platform moving too much
[0m[33m[init]: disparity is 37.761,18.797 (10.00 thresh)
[0m[33m[init]: failed static init: no accel jerk detected, platform moving too much
[0m[33m[init]: disparity is 42.792,20.658 (10.00 thresh)
[0m[33m[init]: failed static init: no accel jerk detected, platform moving too much
[0m[33m[init]: disparity is 45.241,22.374 (10.00 thresh)
[0m[33m[init]: failed static init: no accel jerk detected, platform moving too much
[0m[33m[init]: disparity is 46.046,13.344 (10.00 thresh)
[0m[33m[init]: failed static init: no accel jerk detected, platform moving too much
[0m[33m[init]: disparity is 46.307,17.171 (10.00 thresh)
[0m[33m[init]: failed static init: no accel jerk detected, platform moving too much
[0m[33m[init]: disparity is 45.332,21.638 (10.00 thresh)
[0m[33m[init]: failed static init: no accel jerk detected, platform moving too much
[0m[33m[init]: disparity is 43.305,26.230 (10.00 thresh)
[0m[33m[init]: failed static init: no accel jerk detected, platform moving too much
[0m[33m[init]: disparity is 40.608,29.236 (10.00 thresh)
[0m[33m[init]: failed static init: no accel jerk detected, platform moving too much
[0m[33m[init]: disparity is 38.468,30.534 (10.00 thresh)
[0m[33m[init]: failed static init: no accel jerk detected, platform moving too much
[0m[33m[init]: disparity is 37.257,30.175 (10.00 thresh)
[0m[33m[init]: failed static init: no accel jerk detected, platform moving too much
[0m[33m[init]: disparity is 36.762,29.079 (10.00 thresh)
[0m[33m[init]: failed static init: no accel jerk detected, platform moving too much
[0m[33m[init]: disparity is 36.895,27.399 (10.00 thresh)
[0m[33m[init]: failed static init: no accel jerk detected, platform moving too much
[0m[33m[init]: disparity is 38.011,25.196 (10.00 thresh)
[0m[33m[init]: failed static init: no accel jerk detected, platform moving too much
[0m[33m[init]: disparity is 39.599,22.242 (10.00 thresh)
[0m[33m[init]: failed static init: no accel jerk detected, platform moving too much
[0m[33m[init]: disparity is 40.633,20.181 (10.00 thresh)
[0m[33m[init]: failed static init: no accel jerk detected, platform moving too much
[0m[33m[init]: disparity is 40.411,20.192 (10.00 thresh)
[0m[33m[init]: failed static init: no accel jerk detected, platform moving too much
[0m[33m[init]: disparity is 39.024,18.744 (10.00 thresh)
[0m[33m[init]: failed static init: no accel jerk detected, platform moving too much
[0m[33m[init]: disparity is 36.965,17.605 (10.00 thresh)
[0m[33m[init]: failed static init: no accel jerk detected, platform moving too much
[0m[33m[init]: disparity is 34.487,18.073 (10.00 thresh)
[0m[33m[init]: failed static init: no accel jerk detected, platform moving too much
[0m[33m[init]: disparity is 28.111,18.099 (10.00 thresh)
[0m[33m[init]: failed static init: no accel jerk detected, platform moving too much
[0m[33m[init]: disparity is 21.849,17.842 (10.00 thresh)
[0m[33m[init]: failed static init: no accel jerk detected, platform moving too much
[0m[33m[init]: disparity is 18.764,16.442 (10.00 thresh)
[0m[33m[init]: failed static init: no accel jerk detected, platform moving too much
[0m[33m[init]: disparity is 20.600,14.652 (10.00 thresh)
[0m[33m[init]: failed static init: no accel jerk detected, platform moving too much
[0m[33m[init]: disparity is 13.000,13.037 (10.00 thresh)
[0m[33m[init]: failed static init: no accel jerk detected, platform moving too much
[0m[33m[init]: disparity is 16.996,13.539 (10.00 thresh)
[0m[33m[init]: failed static init: no accel jerk detected, platform moving too much
[0m[33m[init]: disparity is 20.882,14.207 (10.00 thresh)
[0m[33m[init]: failed static init: no accel jerk detected, platform moving too much
[0m[33m[init]: disparity is 24.755,14.587 (10.00 thresh)
[0m[33m[init]: failed static init: no accel jerk detected, platform moving too much
[0m[33m[init]: disparity is 27.767,13.874 (10.00 thresh)
[0m[33m[init]: failed static init: no accel jerk detected, platform moving too much
[0m[33m[init]: disparity is 29.320,12.946 (10.00 thresh)
[0m[33m[init]: failed static init: no accel jerk detected, platform moving too much
[0m[33m[init]: disparity is 30.089,11.495 (10.00 thresh)
[0m[33m[init]: failed static init: no accel jerk detected, platform moving too much
[0m[33m[init]: disparity is 30.241,9.338 (10.00 thresh)
[0m[33m[init]: failed static init: no accel jerk detected, platform moving too much
[0m[33m[init]: disparity is 29.153,6.535 (10.00 thresh)
[0m[33m[init]: failed static init: no accel jerk detected, platform moving too much
[0m[33m[init]: disparity is 27.406,4.352 (10.00 thresh)
[0m[33m[init]: failed static init: no accel jerk detected, platform moving too much
[0m[33m[init]: disparity is 24.711,5.052 (10.00 thresh)
[0m[33m[init]: failed static init: no accel jerk detected, platform moving too much
[0m[33m[init]: disparity is 22.246,2.770 (10.00 thresh)
[0m[33m[init]: failed static init: no accel jerk detected, platform moving too much
[0m[33m[init]: disparity is 21.986,1.071 (10.00 thresh)
[0m[33m[init]: failed static init: no accel jerk detected, platform moving too much
[0m[33m[init]: disparity is 20.852,1.117 (10.00 thresh)
[0m[33m[init]: failed static init: no accel jerk detected, platform moving too much
[0m[33m[init]: disparity is 19.022,0.825 (10.00 thresh)
[0m[33m[init]: failed static init: no accel jerk detected, platform moving too much
[0m[33m[init]: disparity is 18.329,1.331 (10.00 thresh)
[0m[33m[init]: failed static init: no accel jerk detected, platform moving too much
[0m[33m[init]: disparity is 17.985,0.763 (10.00 thresh)
[0m[33m[init]: failed static init: no accel jerk detected, platform moving too much
[0m[33m[init]: disparity is 17.867,0.601 (10.00 thresh)
[0m[33m[init]: failed static init: no accel jerk detected, platform moving too much
[0m[33m[init]: disparity is 17.965,0.402 (10.00 thresh)
[0m[33m[init]: failed static init: no accel jerk detected, platform moving too much
[0m[33m[init]: disparity is 18.260,0.201 (10.00 thresh)
[0m[33m[init]: failed static init: no accel jerk detected, platform moving too much
[0m[33m[init]: disparity is 16.742,0.199 (10.00 thresh)
[0m[33m[init]: failed static init: no accel jerk detected, platform moving too much
[0m[33m[init]: disparity is 14.682,0.138 (10.00 thresh)
[0m[33m[init]: failed static init: no accel jerk detected, platform moving too much
[0m[33m[init]: disparity is 12.963,0.148 (10.00 thresh)
[0m[33m[init]: failed static init: no accel jerk detected, platform moving too much
[0m[33m[init]: disparity is 13.493,0.082 (10.00 thresh)
[0m[33m[init]: failed static init: no accel jerk detected, platform moving too much
[0m[33m[init]: disparity is 14.269,0.065 (10.00 thresh)
[0m[33m[init]: failed static init: no accel jerk detected, platform moving too much
[0m[33m[init]: disparity is 14.499,0.147 (10.00 thresh)
[0m[33m[init]: failed static init: no accel jerk detected, platform moving too much
[0m[33m[init]: disparity is 13.983,0.154 (10.00 thresh)
[0m[33m[init]: failed static init: no accel jerk detected, platform moving too much
[0m[33m[init]: disparity is 12.850,0.247 (10.00 thresh)
[0m[33m[init]: failed static init: no accel jerk detected, platform moving too much
[0m[33m[init]: disparity is 11.577,0.196 (10.00 thresh)
[0m[33m[init]: failed static init: no accel jerk detected, platform moving too much
[0m[33m[init]: disparity is 9.265,0.164 (10.00 thresh)
[0m[33m[init]: failed static init: no accel jerk detected
[0m[33m[init]: disparity is 6.557,0.097 (10.00 thresh)
[0m[33m[init]: failed static init: no accel jerk detected
[0m[33m[init]: disparity is 4.389,0.073 (10.00 thresh)
[0m[33m[init]: failed static init: no accel jerk detected
[0m[33m[init]: disparity is 4.938,0.068 (10.00 thresh)
[0m[33m[init]: failed static init: no accel jerk detected
[0m[33m[init]: disparity is 2.849,0.061 (10.00 thresh)
[0m[33m[init]: failed static init: no accel jerk detected
[0m[33m[init]: disparity is 1.046,0.106 (10.00 thresh)
[0m[33m[init]: failed static init: no accel jerk detected
[0m[33m[init]: disparity is 1.053,0.122 (10.00 thresh)
[0m[33m[init]: failed static init: no accel jerk detected
[0m[33m[init]: disparity is 0.800,0.136 (10.00 thresh)
[0m[33m[init]: failed static init: no accel jerk detected
[0m[33m[init]: disparity is 1.288,0.132 (10.00 thresh)
[0m[33m[init]: failed static init: no accel jerk detected
[0m[33m[init]: disparity is 0.762,0.113 (10.00 thresh)
[0m[33m[init]: failed static init: no accel jerk detected
[0m[33m[init]: disparity is 0.630,0.119 (10.00 thresh)
[0m[33m[init]: failed static init: no accel jerk detected
[0m[33m[init]: disparity is 0.418,0.078 (10.00 thresh)
[0m[33m[init]: failed static init: no accel jerk detected
[0m[33m[init]: disparity is 0.270,0.088 (10.00 thresh)
[0m[33m[init]: failed static init: no accel jerk detected
[0m[33m[init]: disparity is 0.262,0.120 (10.00 thresh)
[0m[33m[init]: failed static init: no accel jerk detected
[0m[33m[init]: disparity is 0.234,0.076 (10.00 thresh)
[0m[33m[init]: failed static init: no accel jerk detected
[0m[33m[init]: disparity is 0.188,0.102 (10.00 thresh)
[0m[33m[init]: failed static init: no accel jerk detected
[0m[33m[init]: disparity is 0.080,0.540 (10.00 thresh)
[0m[33m[init]: failed static init: no accel jerk detected
[0m[33m[init]: disparity is 0.092,3.678 (10.00 thresh)
[0m[33m[init]: failed static init: no accel jerk detected
[0m[33m[init]: disparity is 0.139,4.738 (10.00 thresh)
[0m[33m[init]: failed static init: no accel jerk detected
[0m[33m[init]: disparity is 0.159,4.758 (10.00 thresh)
[0m[33m[init]: failed static init: no accel jerk detected
[0m[33m[init]: disparity is 0.250,5.004 (10.00 thresh)
[0m[33m[init]: failed static init: no accel jerk detected
[0m[33m[init]: disparity is 0.207,4.828 (10.00 thresh)
[0m[33m[init]: failed static init: no accel jerk detected
[0m[33m[init]: disparity is 0.170,4.750 (10.00 thresh)
[0m[33m[init]: failed static init: no accel jerk detected
[0m[33m[init]: disparity is 0.096,5.203 (10.00 thresh)
[0m[33m[init]: failed static init: no accel jerk detected
[0m[33m[init]: disparity is 0.087,5.242 (10.00 thresh)
[0m[33m[init]: failed static init: no accel jerk detected
[0m[33m[init]: disparity is 0.058,5.200 (10.00 thresh)
[0m[33m[init]: failed static init: no accel jerk detected
[0m[33m[init]: disparity is 0.073,4.948 (10.00 thresh)
[0m[33m[init]: failed static init: no accel jerk detected
[0m[33m[init]: disparity is 0.120,3.439 (10.00 thresh)
[0m[33m[init]: failed static init: no accel jerk detected
[0m[33m[init]: disparity is 0.127,7.467 (10.00 thresh)
[0m[33m[init]: failed static init: no accel jerk detected
[0m[33m[init]: disparity is 0.136,7.327 (10.00 thresh)
[0m[33m[init]: failed static init: no accel jerk detected
[0m[33m[init]: disparity is 0.096,7.113 (10.00 thresh)
[0m[33m[init]: failed static init: no accel jerk detected
[0m[33m[init]: disparity is 0.088,7.137 (10.00 thresh)
[0m[33m[init]: failed static init: no accel jerk detected
[0m[33m[init]: disparity is 0.086,7.318 (10.00 thresh)
[0m[33m[init]: failed static init: no accel jerk detected
[0m[33m[init]: disparity is 0.067,7.245 (10.00 thresh)
[0m[33m[init]: failed static init: no accel jerk detected
[0m[33m[init]: disparity is 0.077,6.867 (10.00 thresh)
[0m[33m[init]: failed static init: no accel jerk detected
[0m[33m[init]: disparity is 0.092,4.601 (10.00 thresh)
[0m[33m[init]: failed static init: no accel jerk detected
[0m[33m[init]: disparity is 0.535,4.555 (10.00 thresh)
[0m[33m[init]: failed static init: no accel jerk detected
[0m[33m[init]: disparity is 3.665,4.550 (10.00 thresh)
[0m[33m[init]: failed static init: no accel jerk detected
[0m[33m[init]: disparity is 4.718,4.640 (10.00 thresh)
[0m[33m[init]: failed static init: no accel jerk detected
[0m[33m[init]: disparity is 4.765,4.580 (10.00 thresh)
[0m[33m[init]: failed static init: no accel jerk detected
[0m[33m[init]: disparity is 5.003,4.604 (10.00 thresh)
[0m[33m[init]: failed static init: no accel jerk detected
[0m[33m[init]: disparity is 4.822,5.058 (10.00 thresh)
[0m[33m[init]: failed static init: no accel jerk detected
[0m[33m[init]: disparity is 4.741,5.197 (10.00 thresh)
[0m[33m[init]: failed static init: no accel jerk detected
[0m[33m[init]: disparity is 5.200,5.134 (10.00 thresh)
[0m[33m[init]: failed static init: no accel jerk detected
[0m[33m[init]: disparity is 5.228,4.866 (10.00 thresh)
[0m[33m[init]: failed static init: no accel jerk detected
[0m[33m[init]: disparity is 5.202,4.283 (10.00 thresh)
[0m[33m[init]: failed static init: no accel jerk detected
[0m[33m[init]: disparity is 4.933,0.568 (10.00 thresh)
[0m[33m[init]: failed static init: no accel jerk detected
[0m[33m[init]: disparity is 3.437,0.584 (10.00 thresh)
[0m[33m[init]: failed static init: no accel jerk detected
[0m[33m[init]: disparity is 7.458,0.256 (10.00 thresh)
[0m[33m[init]: failed static init: no accel jerk detected
[0m[33m[init]: disparity is 7.342,0.177 (10.00 thresh)
[0m[33m[init]: failed static init: no accel jerk detected
[0m[33m[init]: disparity is 7.121,0.453 (10.00 thresh)
[0m[33m[init]: failed static init: no accel jerk detected
[0m[33m[init]: disparity is 7.124,0.326 (10.00 thresh)
[0m[33m[init]: failed static init: no accel jerk detected
[0m[33m[init]: disparity is 7.318,0.315 (10.00 thresh)
[0m[33m[init]: failed static init: no accel jerk detected
[0m[33m[init]: disparity is 7.253,0.273 (10.00 thresh)
[0m[33m[init]: failed static init: no accel jerk detected
[0m[33m[init]: disparity is 7.220,0.083 (10.00 thresh)
[0m[33m[init]: failed static init: no accel jerk detected
[0m[33m[init]: disparity is 7.181,0.128 (10.00 thresh)
[0m[33m[init]: failed static init: no accel jerk detected
[0m[33m[init]: disparity is 7.082,0.220 (10.00 thresh)
[0m[33m[init]: failed static init: no accel jerk detected
[0m[33m[init]: disparity is 4.619,0.201 (10.00 thresh)
[0m[33m[init]: failed static init: no accel jerk detected
[0m[33m[init]: disparity is 4.656,0.221 (10.00 thresh)
[0m[33m[init]: failed static init: no accel jerk detected
[0m[33m[init]: disparity is 4.557,0.186 (10.00 thresh)
[0m[33m[init]: failed static init: no accel jerk detected
[0m[33m[init]: disparity is 4.678,0.159 (10.00 thresh)
[0m[33m[init]: failed static init: no accel jerk detected
[0m[33m[init]: disparity is 4.589,0.169 (10.00 thresh)
[0m[33m[init]: failed static init: no accel jerk detected
[0m[33m[init]: disparity is 4.596,0.109 (10.00 thresh)
[0m[33m[init]: failed static init: no accel jerk detected
[0m[33m[init]: disparity is 5.064,0.162 (10.00 thresh)
[0m[33m[init]: failed static init: no accel jerk detected
[0m[33m[init]: disparity is 5.148,0.064 (10.00 thresh)
[0m[33m[init]: failed static init: no accel jerk detected
[0m[33m[init]: disparity is 5.151,0.125 (10.00 thresh)
[0m[33m[init]: failed static init: no accel jerk detected
[0m[33m[init]: disparity is 4.843,0.079 (10.00 thresh)
[0m[33m[init]: failed static init: no accel jerk detected
[0m[33m[init]: disparity is 4.249,0.092 (10.00 thresh)
[0m[33m[init]: failed static init: no accel jerk detected
[0m[33m[init]: disparity is 0.560,0.051 (10.00 thresh)
[0m[33m[init]: failed static init: no accel jerk detected
[0m[33m[init]: disparity is 0.572,0.077 (10.00 thresh)
[0m[33m[init]: failed static init: no accel jerk detected
[0m[33m[init]: disparity is 0.211,0.065 (10.00 thresh)
[0m[33m[init]: failed static init: no accel jerk detected
[0m[33m[init]: disparity is 0.159,0.095 (10.00 thresh)
[0m[33m[init]: failed static init: no accel jerk detected
[0m[33m[init]: disparity is 0.420,0.124 (10.00 thresh)
[0m[33m[init]: failed static init: no accel jerk detected
[0m[33m[init]: disparity is 0.350,0.064 (10.00 thresh)
[0m[33m[init]: failed static init: no accel jerk detected
[0m[33m[init]: disparity is 0.364,0.080 (10.00 thresh)
[0m[33m[init]: failed static init: no accel jerk detected
[0m[33m[init]: disparity is 0.240,0.090 (10.00 thresh)
[0m[33m[init]: failed static init: no accel jerk detected
[0m[33m[init]: disparity is 0.095,0.120 (10.00 thresh)
[0m[33m[init]: failed static init: no accel jerk detected
[0m[33m[init]: disparity is 0.193,0.121 (10.00 thresh)
[0m[33m[init]: failed static init: no accel jerk detected
[0m[33m[init]: disparity is 0.292,0.074 (10.00 thresh)
[0m[33m[init]: failed static init: no accel jerk detected
[0m[33m[init]: disparity is 0.212,0.118 (10.00 thresh)
[0m[33m[init]: failed static init: no accel jerk detected
[0m[33m[init]: disparity is 0.184,0.063 (10.00 thresh)
[0m[33m[init]: failed static init: no accel jerk detected
[0m[33m[init]: disparity is 0.180,0.077 (10.00 thresh)
[0m[33m[init]: failed static init: no accel jerk detected
[0m[33m[init]: disparity is 0.155,0.102 (10.00 thresh)
[0m[33m[init]: failed static init: no accel jerk detected
[0m[33m[init]: disparity is 0.143,0.081 (10.00 thresh)
[0m[33m[init]: failed static init: no accel jerk detected
[0m[33m[init]: disparity is 0.082,0.061 (10.00 thresh)
[0m[33m[init]: failed static init: no accel jerk detected
[0m[33m[init]: disparity is 0.188,0.094 (10.00 thresh)
[0m[33m[init]: failed static init: no accel jerk detected
[0m[33m[init]: disparity is 0.054,0.057 (10.00 thresh)
[0m[33m[init]: failed static init: no accel jerk detected
[0m[33m[init]: disparity is 0.096,0.090 (10.00 thresh)
[0m[33m[init]: failed static init: no accel jerk detected
[0m[33m[init]: disparity is 0.078,0.111 (10.00 thresh)
[0m[33m[init]: failed static init: no accel jerk detected
[0m[33m[init]: disparity is 0.113,0.081 (10.00 thresh)
[0m[33m[init]: failed static init: no accel jerk detected
[0m[33m[init]: disparity is 0.090,0.098 (10.00 thresh)
[0m[33m[init]: failed static init: no accel jerk detected
[0m[33m[init]: disparity is 0.082,0.112 (10.00 thresh)
[0m[33m[init]: failed static init: no accel jerk detected
[0m[33m[init]: disparity is 0.092,0.142 (10.00 thresh)
[0m[33m[init]: failed static init: no accel jerk detected
[0m[33m[init]: disparity is 0.091,0.106 (10.00 thresh)
[0m[33m[init]: failed static init: no accel jerk detected
[0m[33m[init]: disparity is 0.084,0.113 (10.00 thresh)
[0m[33m[init]: failed static init: no accel jerk detected
[0m[33m[init]: disparity is 0.050,0.127 (10.00 thresh)
[0m[33m[init]: failed static init: no accel jerk detected
[0m[33m[init]: disparity is 0.068,0.154 (10.00 thresh)
[0m[33m[init]: failed static init: no accel jerk detected
[0m[33m[init]: disparity is 0.110,0.170 (10.00 thresh)
[0m[33m[init]: failed static init: no accel jerk detected
[0m[33m[init]: disparity is 0.121,0.232 (10.00 thresh)
[0m[33m[init]: failed static init: no accel jerk detected
[0m[33m[init]: disparity is 0.117,0.204 (10.00 thresh)
[0m[33m[init]: failed static init: no accel jerk detected
[0m[33m[init]: disparity is 0.078,0.204 (10.00 thresh)
[0m[33m[init]: failed static init: no accel jerk detected
[0m[33m[init]: disparity is 0.106,0.246 (10.00 thresh)
[0m[33m[init]: failed static init: no accel jerk detected
[0m[33m[init]: disparity is 0.073,0.215 (10.00 thresh)
[0m[33m[init]: failed static init: no accel jerk detected
[0m[33m[init]: disparity is 0.069,0.205 (10.00 thresh)
[0m[33m[init]: failed static init: no accel jerk detected
[0m[33m[init]: disparity is 0.092,0.294 (10.00 thresh)
[0m[33m[init]: failed static init: no accel jerk detected
[0m[33m[init]: disparity is 0.105,0.183 (10.00 thresh)
[0m[33m[init]: failed static init: no accel jerk detected
[0m[33m[init]: disparity is 0.046,0.350 (10.00 thresh)
[0m[33m[init]: failed static init: no accel jerk detected
[0m[33m[init]: disparity is 0.083,0.452 (10.00 thresh)
[0m[33m[init]: failed static init: no accel jerk detected
[0m[33m[init]: disparity is 0.080,0.417 (10.00 thresh)
[0m[33m[init]: failed static init: no accel jerk detected
[0m[33m[init]: disparity is 0.086,0.545 (10.00 thresh)
[0m[33m[init]: failed static init: no accel jerk detected
[0m[33m[init]: disparity is 0.079,0.452 (10.00 thresh)
[0m[33m[init]: failed static init: no accel jerk detected
[0m[33m[init]: disparity is 0.113,0.918 (10.00 thresh)
[0m[33m[init]: failed static init: no accel jerk detected
[0m[33m[init]: disparity is 0.173,0.727 (10.00 thresh)
[0m[33m[init]: failed static init: no accel jerk detected
[0m[33m[init]: disparity is 0.138,1.481 (10.00 thresh)
[0m[33m[init]: failed static init: no accel jerk detected
[0m[33m[init]: disparity is 0.140,2.415 (10.00 thresh)
[0m[33m[init]: failed static init: no accel jerk detected
[0m[33m[init]: disparity is 0.123,3.113 (10.00 thresh)
[0m[33m[init]: failed static init: no accel jerk detected
[0m[33m[init]: disparity is 0.155,5.665 (10.00 thresh)
[0m[33m[init]: failed static init: no accel jerk detected
[0m[33m[init]: disparity is 0.176,11.447 (10.00 thresh)
[0m[32m[init]: successful initialization in 0.0006 seconds
[0m[32m[init]: orientation = 0.8375, 0.0027, 0.5464, 0.0041
[0m[32m[init]: bias gyro = -0.0021, 0.0199, 0.0770
[0m[32m[init]: velocity = 0.0000, 0.0000, 0.0000
[0m[32m[init]: bias accel = -0.0387, -0.0004, 0.0170
[0m[32m[init]: position = 0.0000, 0.0000, 0.0000
[0mq_GtoI = 0.819,0.002,0.574,0.002 | p_IinG = 0.055,0.001,0.032 | dist = 0.00 (meters)
bg = -0.0023,0.0216,0.0763 | ba = -0.0408,-0.0003,0.0173
camera-imu timeoffset = 0.00066
cam0 intrinsics = 458.660,457.302,367.215,248.448 | -0.283,0.074,0.001,0.000
cam1 intrinsics = 457.590,456.131,379.994,255.165 | -0.284,0.075,-0.001,-0.001
cam0 extrinsics = -0.007,0.011,0.702,0.712 | 0.064,-0.018,-0.002
cam1 extrinsics = -0.003,0.015,0.702,0.712 | -0.044,-0.023,-0.015
q_GtoI = 0.817,-0.004,0.576,0.002 | p_IinG = 0.048,0.013,0.009 | dist = 0.01 (meters)
bg = 0.0010,0.0206,0.0664 | ba = -0.0172,0.0005,0.0073
camera-imu timeoffset = -0.00610
cam0 intrinsics = 458.766,457.195,367.132,248.283 | -0.283,0.074,0.001,-0.001
cam1 intrinsics = 457.469,456.202,380.057,255.287 | -0.284,0.074,0.000,0.002
cam0 extrinsics = -0.008,0.010,0.701,0.713 | 0.065,-0.020,-0.007
cam1 extrinsics = -0.002,0.015,0.703,0.711 | -0.045,-0.022,-0.007
q_GtoI = 0.818,-0.003,0.576,0.001 | p_IinG = 0.054,0.013,0.017 | dist = 0.02 (meters)
bg = -0.0009,0.0214,0.0667 | ba = -0.0161,0.0005,0.0069
camera-imu timeoffset = -0.00472
cam0 intrinsics = 458.763,457.183,367.127,248.286 | -0.283,0.074,0.001,-0.002
cam1 intrinsics = 457.471,456.213,380.059,255.298 | -0.284,0.074,0.000,0.001
cam0 extrinsics = -0.008,0.010,0.701,0.713 | 0.065,-0.021,-0.007
cam1 extrinsics = -0.002,0.015,0.703,0.711 | -0.045,-0.022,-0.007
q_GtoI = 0.818,-0.002,0.576,0.002 | p_IinG = 0.059,0.010,0.028 | dist = 0.03 (meters)
bg = 0.0001,0.0196,0.0698 | ba = -0.0150,0.0004,0.0064
camera-imu timeoffset = -0.00320
cam0 intrinsics = 458.754,457.182,367.128,248.237 | -0.283,0.074,0.001,-0.002
cam1 intrinsics = 457.502,456.207,380.043,255.325 | -0.284,0.074,-0.000,0.001
cam0 extrinsics = -0.009,0.010,0.701,0.713 | 0.065,-0.021,-0.007
cam1 extrinsics = -0.002,0.016,0.703,0.711 | -0.046,-0.022,-0.007
q_GtoI = 0.817,-0.001,0.576,0.002 | p_IinG = 0.068,0.009,0.041 | dist = 0.05 (meters)
bg = 0.0007,0.0155,0.0708 | ba = -0.0138,0.0003,0.0059
camera-imu timeoffset = -0.00350
cam0 intrinsics = 458.752,457.173,367.120,248.210 | -0.283,0.074,0.001,-0.002
cam1 intrinsics = 457.492,456.218,380.058,255.330 | -0.284,0.074,-0.000,0.001
cam0 extrinsics = -0.009,0.010,0.701,0.713 | 0.066,-0.020,-0.008
cam1 extrinsics = -0.002,0.015,0.703,0.711 | -0.045,-0.023,-0.007
q_GtoI = 0.819,-0.001,0.574,0.002 | p_IinG = 0.073,0.010,0.055 | dist = 0.06 (meters)
bg = 0.0007,0.0154,0.0705 | ba = -0.0138,0.0003,0.0058
camera-imu timeoffset = -0.00354
cam0 intrinsics = 458.752,457.163,367.120,248.178 | -0.283,0.074,0.001,-0.002
cam1 intrinsics = 457.492,456.228,380.054,255.368 | -0.284,0.074,-0.000,0.001
cam0 extrinsics = -0.009,0.010,0.701,0.713 | 0.066,-0.020,-0.008
cam1 extrinsics = -0.002,0.016,0.703,0.711 | -0.045,-0.023,-0.007
q_GtoI = 0.820,0.000,0.573,0.001 | p_IinG = 0.076,0.010,0.071 | dist = 0.08 (meters)
bg = -0.0004,0.0172,0.0705 | ba = -0.0139,0.0004,0.0060
camera-imu timeoffset = -0.00304
cam0 intrinsics = 458.753,457.161,367.120,248.184 | -0.283,0.074,0.001,-0.002
cam1 intrinsics = 457.496,456.231,380.045,255.365 | -0.284,0.074,-0.000,0.001
cam0 extrinsics = -0.009,0.010,0.701,0.713 | 0.066,-0.020,-0.008
cam1 extrinsics = -0.002,0.016,0.703,0.711 | -0.045,-0.023,-0.007
q_GtoI = 0.820,0.001,0.572,0.001 | p_IinG = 0.079,0.009,0.087 | dist = 0.10 (meters)
bg = -0.0009,0.0189,0.0709 | ba = -0.0141,0.0004,0.0061
camera-imu timeoffset = -0.00260
cam0 intrinsics = 458.756,457.162,367.121,248.188 | -0.283,0.074,0.001,-0.002
cam1 intrinsics = 457.496,456.234,380.044,255.365 | -0.284,0.074,-0.000,0.001
cam0 extrinsics = -0.009,0.010,0.701,0.713 | 0.066,-0.021,-0.008
cam1 extrinsics = -0.002,0.016,0.703,0.711 | -0.045,-0.023,-0.008
q_GtoI = -0.821,-0.002,-0.570,0.000 | p_IinG = 0.082,0.009,0.102 | dist = 0.11 (meters)
bg = -0.0011,0.0212,0.0710 | ba = -0.0145,0.0004,0.0064
camera-imu timeoffset = -0.00306
cam0 intrinsics = 458.758,457.160,367.116,248.197 | -0.283,0.074,0.001,-0.002
cam1 intrinsics = 457.495,456.242,380.053,255.371 | -0.284,0.074,-0.000,0.001
cam0 extrinsics = -0.009,0.010,0.701,0.713 | 0.066,-0.021,-0.009
cam1 extrinsics = -0.002,0.016,0.703,0.711 | -0.045,-0.023,-0.008
q_GtoI = -0.822,-0.002,-0.569,0.001 | p_IinG = 0.086,0.008,0.115 | dist = 0.13 (meters)
bg = -0.0012,0.0231,0.0713 | ba = -0.0144,0.0003,0.0066
camera-imu timeoffset = -0.00271
cam0 intrinsics = 458.760,457.156,367.108,248.190 | -0.283,0.074,0.001,-0.002
cam1 intrinsics = 457.493,456.245,380.054,255.367 | -0.284,0.074,-0.000,0.001
cam0 extrinsics = -0.009,0.010,0.701,0.713 | 0.066,-0.021,-0.009
cam1 extrinsics = -0.002,0.016,0.703,0.711 | -0.045,-0.024,-0.009
q_GtoI = -0.823,-0.002,-0.569,0.000 | p_IinG = 0.093,0.008,0.124 | dist = 0.14 (meters)
bg = -0.0004,0.0228,0.0711 | ba = -0.0147,0.0003,0.0065
camera-imu timeoffset = -0.00269
cam0 intrinsics = 458.766,457.155,367.037,248.209 | -0.283,0.074,0.001,-0.002
cam1 intrinsics = 457.492,456.245,380.125,255.351 | -0.284,0.074,-0.001,0.001
cam0 extrinsics = -0.009,0.010,0.701,0.713 | 0.066,-0.021,-0.009
cam1 extrinsics = -0.001,0.015,0.703,0.711 | -0.046,-0.024,-0.009
q_GtoI = 0.823,0.003,0.568,0.000 | p_IinG = 0.099,0.008,0.130 | dist = 0.15 (meters)
bg = -0.0003,0.0228,0.0713 | ba = -0.0152,0.0003,0.0067
camera-imu timeoffset = -0.00304
cam0 intrinsics = 458.777,457.144,367.031,248.222 | -0.283,0.074,0.001,-0.002
cam1 intrinsics = 457.477,456.255,380.133,255.349 | -0.284,0.074,-0.000,0.001
cam0 extrinsics = -0.009,0.011,0.701,0.713 | 0.066,-0.022,-0.009
cam1 extrinsics = -0.001,0.015,0.703,0.711 | -0.046,-0.024,-0.009
q_GtoI = -0.824,-0.004,-0.567,0.001 | p_IinG = 0.105,0.008,0.134 | dist = 0.15 (meters)
bg = -0.0011,0.0221,0.0725 | ba = -0.0165,0.0003,0.0070
camera-imu timeoffset = -0.00354
cam0 intrinsics = 458.776,457.140,367.027,248.238 | -0.283,0.074,0.001,-0.002
cam1 intrinsics = 457.475,456.258,380.134,255.355 | -0.284,0.074,-0.000,0.001
cam0 extrinsics = -0.009,0.011,0.701,0.713 | 0.066,-0.022,-0.009
cam1 extrinsics = -0.001,0.015,0.703,0.711 | -0.046,-0.024,-0.008
q_GtoI = -0.826,-0.006,-0.564,0.001 | p_IinG = 0.111,0.008,0.137 | dist = 0.16 (meters)
bg = -0.0024,0.0226,0.0734 | ba = -0.0171,0.0005,0.0074
camera-imu timeoffset = -0.00254
cam0 intrinsics = 458.743,457.137,366.997,248.381 | -0.284,0.073,0.000,0.000
cam1 intrinsics = 457.480,456.267,380.177,255.164 | -0.283,0.076,0.000,-0.000
cam0 extrinsics = -0.008,0.011,0.701,0.713 | 0.066,-0.023,-0.009
cam1 extrinsics = -0.002,0.015,0.703,0.711 | -0.045,-0.024,-0.007
q_GtoI = -0.828,-0.007,-0.561,0.002 | p_IinG = 0.119,0.008,0.140 | dist = 0.17 (meters)
bg = -0.0027,0.0226,0.0734 | ba = -0.0172,0.0006,0.0074
camera-imu timeoffset = -0.00235
cam0 intrinsics = 458.752,457.131,367.007,248.391 | -0.284,0.073,0.000,0.000
cam1 intrinsics = 457.475,456.274,380.175,255.154 | -0.283,0.076,0.001,-0.000
cam0 extrinsics = -0.008,0.011,0.701,0.713 | 0.066,-0.023,-0.009
cam1 extrinsics = -0.002,0.015,0.703,0.711 | -0.045,-0.023,-0.007
q_GtoI = -0.830,-0.006,-0.558,0.002 | p_IinG = 0.126,0.010,0.144 | dist = 0.18 (meters)
bg = -0.0014,0.0218,0.0743 | ba = -0.0198,0.0005,0.0082
camera-imu timeoffset = -0.00246
cam0 intrinsics = 458.745,457.133,367.009,248.408 | -0.284,0.073,0.000,0.000
cam1 intrinsics = 457.475,456.272,380.173,255.168 | -0.284,0.076,0.001,-0.000
cam0 extrinsics = -0.008,0.011,0.701,0.713 | 0.066,-0.023,-0.008
cam1 extrinsics = -0.002,0.015,0.703,0.712 | -0.045,-0.024,-0.006
q_GtoI = -0.833,-0.007,-0.553,0.002 | p_IinG = 0.136,0.010,0.148 | dist = 0.19 (meters)
bg = -0.0018,0.0221,0.0749 | ba = -0.0210,0.0005,0.0086
camera-imu timeoffset = -0.00283
cam0 intrinsics = 458.693,457.230,366.963,248.432 | -0.284,0.072,-0.000,0.000
cam1 intrinsics = 457.537,456.164,380.173,255.130 | -0.284,0.075,-0.000,-0.001
cam0 extrinsics = -0.008,0.012,0.701,0.713 | 0.066,-0.024,-0.010
cam1 extrinsics = -0.002,0.014,0.703,0.711 | -0.045,-0.024,-0.006
q_GtoI = -0.836,-0.008,-0.549,0.002 | p_IinG = 0.148,0.011,0.150 | dist = 0.20 (meters)
bg = -0.0022,0.0221,0.0749 | ba = -0.0210,0.0006,0.0086
camera-imu timeoffset = -0.00265
cam0 intrinsics = 458.699,457.233,366.955,248.434 | -0.284,0.072,-0.000,0.000
cam1 intrinsics = 457.545,456.166,380.161,255.117 | -0.284,0.075,0.000,-0.001
cam0 extrinsics = -0.008,0.012,0.701,0.713 | 0.066,-0.024,-0.010
cam1 extrinsics = -0.002,0.014,0.703,0.711 | -0.045,-0.024,-0.006
q_GtoI = 0.838,0.007,0.546,0.000 | p_IinG = 0.157,0.015,0.157 | dist = 0.21 (meters)
bg = 0.0005,0.0190,0.0762 | ba = -0.0293,0.0005,0.0110
camera-imu timeoffset = -0.00256
cam0 intrinsics = 458.694,457.186,367.005,248.356 | -0.284,0.072,-0.001,-0.000
cam1 intrinsics = 457.535,456.191,380.092,255.213 | -0.284,0.075,-0.000,-0.001
cam0 extrinsics = -0.008,0.011,0.701,0.713 | 0.065,-0.025,-0.008
cam1 extrinsics = -0.002,0.015,0.702,0.712 | -0.046,-0.026,-0.004
q_GtoI = 0.838,0.007,0.545,0.001 | p_IinG = 0.171,0.017,0.161 | dist = 0.23 (meters)
bg = 0.0004,0.0184,0.0759 | ba = -0.0302,0.0006,0.0113
camera-imu timeoffset = -0.00231
cam0 intrinsics = 458.682,457.183,367.004,248.365 | -0.284,0.072,-0.001,-0.000
cam1 intrinsics = 457.556,456.188,380.069,255.201 | -0.284,0.074,-0.000,-0.002
cam0 extrinsics = -0.008,0.011,0.701,0.713 | 0.065,-0.025,-0.007
cam1 extrinsics = -0.002,0.015,0.702,0.712 | -0.047,-0.026,-0.003
q_GtoI = 0.837,0.007,0.547,0.001 | p_IinG = 0.186,0.017,0.166 | dist = 0.24 (meters)
bg = 0.0004,0.0178,0.0754 | ba = -0.0321,0.0007,0.0119
camera-imu timeoffset = -0.00215
cam0 intrinsics = 458.646,457.065,366.944,248.331 | -0.284,0.073,-0.001,-0.000
cam1 intrinsics = 457.586,456.284,380.146,255.245 | -0.283,0.074,-0.002,-0.002
cam0 extrinsics = -0.009,0.011,0.701,0.713 | 0.065,-0.024,-0.006
cam1 extrinsics = -0.002,0.015,0.702,0.712 | -0.048,-0.025,-0.003
q_GtoI = 0.834,0.008,0.551,0.000 | p_IinG = 0.204,0.019,0.173 | dist = 0.26 (meters)
bg = 0.0001,0.0186,0.0751 | ba = -0.0321,0.0012,0.0126
camera-imu timeoffset = -0.00243
cam0 intrinsics = 458.835,457.125,367.109,248.442 | -0.283,0.072,-0.001,-0.001
cam1 intrinsics = 457.374,456.243,379.989,255.150 | -0.284,0.076,-0.000,-0.001
cam0 extrinsics = -0.008,0.011,0.701,0.713 | 0.064,-0.024,-0.006
cam1 extrinsics = -0.003,0.015,0.702,0.712 | -0.047,-0.025,-0.002
q_GtoI = 0.831,0.008,0.556,0.000 | p_IinG = 0.221,0.021,0.179 | dist = 0.28 (meters)
bg = 0.0001,0.0191,0.0751 | ba = -0.0320,0.0013,0.0128
camera-imu timeoffset = -0.00264
cam0 intrinsics = 458.932,456.981,367.092,248.482 | -0.283,0.072,-0.001,-0.001
cam1 intrinsics = 457.277,456.364,380.025,255.112 | -0.284,0.076,0.001,-0.001
cam0 extrinsics = -0.008,0.011,0.701,0.713 | 0.064,-0.025,-0.005
cam1 extrinsics = -0.003,0.015,0.702,0.712 | -0.047,-0.025,-0.001
q_GtoI = 0.828,0.009,0.560,0.000 | p_IinG = 0.241,0.023,0.184 | dist = 0.30 (meters)
bg = 0.0001,0.0196,0.0753 | ba = -0.0312,0.0013,0.0128
camera-imu timeoffset = -0.00238
cam0 intrinsics = 458.932,456.965,367.079,248.503 | -0.284,0.071,-0.001,-0.001
cam1 intrinsics = 457.278,456.342,380.027,255.080 | -0.284,0.076,0.001,-0.001
cam0 extrinsics = -0.008,0.011,0.701,0.713 | 0.064,-0.025,-0.004
cam1 extrinsics = -0.003,0.015,0.702,0.712 | -0.047,-0.025,-0.001
q_GtoI = -0.827,-0.012,-0.562,0.001 | p_IinG = 0.261,0.026,0.188 | dist = 0.32 (meters)
bg = -0.0000,0.0201,0.0755 | ba = -0.0305,0.0012,0.0129
camera-imu timeoffset = -0.00236
cam0 intrinsics = 458.950,456.951,367.057,248.515 | -0.284,0.071,-0.001,-0.001
cam1 intrinsics = 457.272,456.342,380.027,255.048 | -0.284,0.075,0.001,-0.001
cam0 extrinsics = -0.008,0.011,0.702,0.713 | 0.064,-0.025,-0.004
cam1 extrinsics = -0.003,0.015,0.702,0.712 | -0.047,-0.026,-0.001
q_GtoI = -0.826,-0.015,-0.563,0.003 | p_IinG = 0.283,0.030,0.192 | dist = 0.34 (meters)
bg = -0.0002,0.0205,0.0757 | ba = -0.0296,0.0012,0.0128
camera-imu timeoffset = -0.00220
cam0 intrinsics = 458.981,456.936,367.035,248.527 | -0.284,0.070,-0.001,-0.001
cam1 intrinsics = 457.265,456.356,380.021,255.017 | -0.284,0.075,0.001,-0.001
cam0 extrinsics = -0.008,0.011,0.702,0.712 | 0.064,-0.025,-0.004
cam1 extrinsics = -0.003,0.015,0.702,0.712 | -0.047,-0.026,-0.000
q_GtoI = -0.826,-0.020,-0.563,0.006 | p_IinG = 0.305,0.034,0.195 | dist = 0.36 (meters)
bg = -0.0004,0.0208,0.0758 | ba = -0.0288,0.0014,0.0128
camera-imu timeoffset = -0.00158
cam0 intrinsics = 458.995,456.814,366.961,248.581 | -0.284,0.070,-0.001,-0.001
cam1 intrinsics = 457.286,456.490,380.056,254.948 | -0.284,0.074,0.001,-0.002
cam0 extrinsics = -0.008,0.011,0.702,0.712 | 0.064,-0.025,-0.004
cam1 extrinsics = -0.003,0.015,0.703,0.711 | -0.047,-0.026,-0.000
q_GtoI = -0.826,-0.027,-0.563,0.011 | p_IinG = 0.328,0.040,0.196 | dist = 0.39 (meters)
bg = -0.0010,0.0214,0.0758 | ba = -0.0246,0.0023,0.0111
camera-imu timeoffset = -0.00141
cam0 intrinsics = 459.048,457.087,366.885,248.609 | -0.284,0.070,-0.001,-0.001
cam1 intrinsics = 457.295,456.181,380.098,254.918 | -0.284,0.073,0.001,-0.002
cam0 extrinsics = -0.008,0.011,0.702,0.712 | 0.065,-0.027,-0.001
cam1 extrinsics = -0.002,0.016,0.703,0.711 | -0.046,-0.028,0.001
q_GtoI = -0.826,-0.035,-0.563,0.015 | p_IinG = 0.351,0.046,0.198 | dist = 0.41 (meters)
bg = -0.0008,0.0212,0.0759 | ba = -0.0243,0.0023,0.0108
camera-imu timeoffset = -0.00138
cam0 intrinsics = 459.024,457.095,366.874,248.597 | -0.284,0.069,-0.001,-0.002
cam1 intrinsics = 457.344,456.184,380.108,254.891 | -0.284,0.072,0.001,-0.002
cam0 extrinsics = -0.008,0.011,0.702,0.712 | 0.065,-0.027,-0.002
cam1 extrinsics = -0.002,0.016,0.703,0.711 | -0.046,-0.027,0.001
q_GtoI = -0.825,-0.044,-0.563,0.020 | p_IinG = 0.374,0.044,0.205 | dist = 0.44 (meters)
bg = -0.0011,0.0212,0.0752 | ba = -0.0308,0.0014,0.0158
camera-imu timeoffset = -0.00102
cam0 intrinsics = 458.681,456.689,367.147,249.476 | -0.278,0.064,-0.001,-0.001
cam1 intrinsics = 458.077,456.752,380.276,254.140 | -0.284,0.070,0.000,-0.002
cam0 extrinsics = -0.008,0.010,0.702,0.712 | 0.067,-0.026,-0.002
cam1 extrinsics = -0.002,0.016,0.703,0.711 | -0.045,-0.027,-0.000
q_GtoI = -0.823,-0.055,-0.564,0.023 | p_IinG = 0.397,0.047,0.211 | dist = 0.46 (meters)
bg = -0.0013,0.0213,0.0751 | ba = -0.0320,0.0009,0.0171
camera-imu timeoffset = -0.00085
cam0 intrinsics = 458.687,456.815,367.077,249.397 | -0.277,0.065,-0.001,-0.001
cam1 intrinsics = 458.192,456.622,380.214,254.160 | -0.283,0.070,-0.000,-0.001
cam0 extrinsics = -0.008,0.010,0.702,0.712 | 0.067,-0.026,-0.002
cam1 extrinsics = -0.002,0.016,0.703,0.711 | -0.044,-0.026,-0.001
q_GtoI = -0.823,-0.068,-0.564,0.028 | p_IinG = 0.420,0.052,0.217 | dist = 0.49 (meters)
bg = -0.0015,0.0216,0.0751 | ba = -0.0332,0.0009,0.0179
camera-imu timeoffset = -0.00079
cam0 intrinsics = 458.770,456.955,367.101,249.301 | -0.276,0.065,-0.001,-0.000
cam1 intrinsics = 458.239,456.444,380.166,254.242 | -0.281,0.070,-0.000,-0.001
cam0 extrinsics = -0.008,0.010,0.702,0.712 | 0.068,-0.026,-0.002
cam1 extrinsics = -0.001,0.016,0.703,0.711 | -0.043,-0.027,-0.001
q_GtoI = -0.821,-0.082,-0.564,0.033 | p_IinG = 0.445,0.059,0.222 | dist = 0.51 (meters)
bg = -0.0015,0.0218,0.0752 | ba = -0.0340,0.0006,0.0186
camera-imu timeoffset = -0.00084
cam0 intrinsics = 458.786,456.937,367.058,249.254 | -0.275,0.065,-0.001,-0.000
cam1 intrinsics = 458.283,456.428,380.111,254.221 | -0.280,0.070,-0.000,-0.001
cam0 extrinsics = -0.008,0.010,0.702,0.712 | 0.068,-0.026,-0.002
cam1 extrinsics = -0.001,0.016,0.703,0.711 | -0.043,-0.027,-0.001
q_GtoI = -0.821,-0.096,-0.562,0.038 | p_IinG = 0.474,0.067,0.226 | dist = 0.54 (meters)
bg = -0.0017,0.0224,0.0753 | ba = -0.0352,0.0005,0.0185
camera-imu timeoffset = -0.00086
cam0 intrinsics = 459.108,456.870,366.875,249.141 | -0.275,0.066,-0.001,-0.000
cam1 intrinsics = 458.171,456.380,380.342,254.277 | -0.279,0.069,-0.001,-0.001
cam0 extrinsics = -0.008,0.009,0.702,0.712 | 0.066,-0.027,-0.002
cam1 extrinsics = -0.002,0.016,0.703,0.711 | -0.045,-0.028,-0.002
q_GtoI = -0.819,-0.110,-0.562,0.044 | p_IinG = 0.501,0.078,0.229 | dist = 0.57 (meters)
bg = -0.0017,0.0224,0.0754 | ba = -0.0355,0.0004,0.0182
camera-imu timeoffset = -0.00088
cam0 intrinsics = 459.219,456.864,366.914,249.155 | -0.274,0.065,-0.001,-0.000
cam1 intrinsics = 458.219,456.366,380.516,254.286 | -0.277,0.068,-0.001,-0.001
cam0 extrinsics = -0.008,0.009,0.702,0.712 | 0.066,-0.027,-0.003
cam1 extrinsics = -0.002,0.016,0.703,0.711 | -0.045,-0.028,-0.003
q_GtoI = -0.817,-0.122,-0.561,0.052 | p_IinG = 0.529,0.089,0.232 | dist = 0.60 (meters)
bg = -0.0016,0.0225,0.0757 | ba = -0.0364,-0.0000,0.0186
camera-imu timeoffset = -0.00089
cam0 intrinsics = 459.300,456.865,366.875,249.148 | -0.274,0.065,-0.001,-0.000
cam1 intrinsics = 458.209,456.363,380.573,254.223 | -0.277,0.068,-0.001,-0.001
cam0 extrinsics = -0.008,0.009,0.702,0.712 | 0.065,-0.028,-0.003
cam1 extrinsics = -0.002,0.016,0.703,0.711 | -0.045,-0.028,-0.003
q_GtoI = -0.816,-0.133,-0.560,0.059 | p_IinG = 0.557,0.102,0.235 | dist = 0.62 (meters)
bg = -0.0016,0.0226,0.0759 | ba = -0.0372,-0.0004,0.0191
camera-imu timeoffset = -0.00087
cam0 intrinsics = 459.376,456.874,366.834,249.151 | -0.274,0.065,-0.001,-0.000
cam1 intrinsics = 458.180,456.365,380.613,254.146 | -0.276,0.068,-0.001,-0.001
cam0 extrinsics = -0.008,0.009,0.702,0.712 | 0.065,-0.028,-0.003
cam1 extrinsics = -0.002,0.016,0.704,0.711 | -0.045,-0.029,-0.003
q_GtoI = -0.814,-0.141,-0.559,0.066 | p_IinG = 0.584,0.115,0.237 | dist = 0.65 (meters)
bg = -0.0016,0.0227,0.0760 | ba = -0.0379,-0.0007,0.0198
camera-imu timeoffset = -0.00079
cam0 intrinsics = 459.435,456.878,366.821,249.150 | -0.274,0.066,-0.002,-0.000
cam1 intrinsics = 458.131,456.381,380.593,254.061 | -0.276,0.069,-0.001,-0.001
cam0 extrinsics = -0.008,0.009,0.702,0.712 | 0.065,-0.028,-0.003
cam1 extrinsics = -0.002,0.016,0.704,0.710 | -0.045,-0.029,-0.003
q_GtoI = -0.813,-0.149,-0.559,0.071 | p_IinG = 0.612,0.129,0.237 | dist = 0.68 (meters)
bg = -0.0015,0.0228,0.0761 | ba = -0.0384,-0.0004,0.0205
camera-imu timeoffset = -0.00072
cam0 intrinsics = 459.486,456.889,366.814,249.159 | -0.274,0.066,-0.002,-0.000
cam1 intrinsics = 458.081,456.400,380.590,254.003 | -0.276,0.069,-0.001,-0.000
cam0 extrinsics = -0.008,0.009,0.702,0.712 | 0.065,-0.028,-0.003
cam1 extrinsics = -0.002,0.015,0.704,0.710 | -0.045,-0.029,-0.003
q_GtoI = -0.811,-0.155,-0.559,0.075 | p_IinG = 0.638,0.143,0.236 | dist = 0.71 (meters)
bg = -0.0016,0.0226,0.0763 | ba = -0.0384,0.0003,0.0209
camera-imu timeoffset = -0.00078
cam0 intrinsics = 459.523,456.984,366.805,249.041 | -0.275,0.066,-0.001,-0.000
cam1 intrinsics = 458.110,456.397,380.692,254.180 | -0.276,0.068,-0.001,-0.000
cam0 extrinsics = -0.008,0.008,0.702,0.712 | 0.065,-0.029,-0.003
cam1 extrinsics = -0.002,0.015,0.704,0.710 | -0.046,-0.029,-0.003
q_GtoI = -0.811,-0.160,-0.558,0.079 | p_IinG = 0.666,0.158,0.235 | dist = 0.74 (meters)
bg = -0.0017,0.0227,0.0764 | ba = -0.0394,0.0009,0.0219
camera-imu timeoffset = -0.00066
cam0 intrinsics = 459.645,457.000,366.922,249.095 | -0.274,0.065,-0.001,-0.000
cam1 intrinsics = 458.118,456.409,380.677,254.160 | -0.276,0.068,-0.001,-0.000
cam0 extrinsics = -0.008,0.008,0.702,0.712 | 0.064,-0.029,-0.003
cam1 extrinsics = -0.002,0.015,0.704,0.710 | -0.047,-0.030,-0.003
q_GtoI = -0.810,-0.164,-0.557,0.081 | p_IinG = 0.693,0.174,0.236 | dist = 0.78 (meters)
bg = -0.0019,0.0229,0.0765 | ba = -0.0403,0.0018,0.0229
camera-imu timeoffset = -0.00074
cam0 intrinsics = 459.703,457.011,366.885,249.120 | -0.274,0.066,-0.002,0.000
cam1 intrinsics = 458.109,456.405,380.708,254.116 | -0.276,0.068,-0.001,-0.000
cam0 extrinsics = -0.008,0.008,0.702,0.712 | 0.063,-0.030,-0.003
cam1 extrinsics = -0.002,0.015,0.704,0.710 | -0.047,-0.030,-0.003
q_GtoI = -0.810,-0.166,-0.556,0.083 | p_IinG = 0.721,0.190,0.240 | dist = 0.81 (meters)
bg = -0.0023,0.0230,0.0766 | ba = -0.0414,0.0028,0.0242
camera-imu timeoffset = -0.00076
cam0 intrinsics = 459.758,457.021,366.859,249.162 | -0.275,0.066,-0.002,0.000
cam1 intrinsics = 458.105,456.400,380.730,254.056 | -0.276,0.068,-0.001,-0.000
cam0 extrinsics = -0.008,0.008,0.703,0.712 | 0.062,-0.030,-0.003
cam1 extrinsics = -0.002,0.015,0.704,0.710 | -0.048,-0.031,-0.003
q_GtoI = -0.810,-0.168,-0.556,0.084 | p_IinG = 0.745,0.209,0.244 | dist = 0.84 (meters)
bg = -0.0024,0.0229,0.0766 | ba = -0.0426,0.0055,0.0244
camera-imu timeoffset = -0.00081
cam0 intrinsics = 459.752,457.121,367.130,249.114 | -0.274,0.066,-0.001,0.000
cam1 intrinsics = 458.165,456.314,380.313,254.246 | -0.275,0.067,-0.001,0.000
cam0 extrinsics = -0.008,0.008,0.703,0.711 | 0.060,-0.031,-0.002
cam1 extrinsics = -0.002,0.015,0.704,0.710 | -0.050,-0.032,-0.004
q_GtoI = -0.810,-0.168,-0.556,0.086 | p_IinG = 0.770,0.229,0.248 | dist = 0.87 (meters)
bg = -0.0027,0.0230,0.0766 | ba = -0.0422,0.0075,0.0238
camera-imu timeoffset = -0.00084
cam0 intrinsics = 459.786,457.127,367.101,249.125 | -0.274,0.066,-0.001,0.000
cam1 intrinsics = 458.137,456.300,380.339,254.207 | -0.275,0.067,-0.001,0.000
cam0 extrinsics = -0.008,0.008,0.703,0.711 | 0.059,-0.031,-0.001
cam1 extrinsics = -0.002,0.015,0.704,0.710 | -0.051,-0.032,-0.003
q_GtoI = -0.809,-0.169,-0.556,0.086 | p_IinG = 0.794,0.249,0.253 | dist = 0.91 (meters)
bg = -0.0029,0.0230,0.0765 | ba = -0.0419,0.0089,0.0245
camera-imu timeoffset = -0.00092
cam0 intrinsics = 459.812,457.135,367.080,249.129 | -0.274,0.066,-0.002,0.000
cam1 intrinsics = 458.125,456.273,380.357,254.193 | -0.275,0.067,-0.001,0.000
cam0 extrinsics = -0.008,0.008,0.703,0.711 | 0.059,-0.031,-0.001
cam1 extrinsics = -0.002,0.015,0.704,0.710 | -0.052,-0.032,-0.003
q_GtoI = -0.809,-0.169,-0.557,0.085 | p_IinG = 0.819,0.271,0.261 | dist = 0.94 (meters)
bg = -0.0031,0.0231,0.0765 | ba = -0.0415,0.0107,0.0247
camera-imu timeoffset = -0.00091
cam0 intrinsics = 459.843,457.130,367.043,249.138 | -0.274,0.066,-0.002,0.000
cam1 intrinsics = 458.103,456.238,380.381,254.176 | -0.275,0.067,-0.001,0.000
cam0 extrinsics = -0.008,0.008,0.703,0.711 | 0.058,-0.032,-0.001
cam1 extrinsics = -0.002,0.015,0.704,0.710 | -0.053,-0.032,-0.003
q_GtoI = -0.808,-0.169,-0.558,0.086 | p_IinG = 0.842,0.294,0.269 | dist = 0.98 (meters)
bg = -0.0032,0.0231,0.0767 | ba = -0.0413,0.0128,0.0252
camera-imu timeoffset = -0.00080
cam0 intrinsics = 459.887,457.139,367.019,249.148 | -0.274,0.066,-0.002,0.001
cam1 intrinsics = 458.102,456.213,380.399,254.178 | -0.274,0.067,-0.001,0.000
cam0 extrinsics = -0.008,0.008,0.703,0.711 | 0.056,-0.032,-0.000
cam1 extrinsics = -0.002,0.015,0.704,0.710 | -0.054,-0.033,-0.002
q_GtoI = -0.807,-0.171,-0.559,0.087 | p_IinG = 0.865,0.320,0.280 | dist = 1.02 (meters)
bg = -0.0032,0.0229,0.0768 | ba = -0.0414,0.0148,0.0254
camera-imu timeoffset = -0.00078
cam0 intrinsics = 459.943,457.152,366.987,249.169 | -0.274,0.066,-0.001,0.001
cam1 intrinsics = 458.108,456.192,380.465,254.195 | -0.274,0.067,-0.001,0.001
cam0 extrinsics = -0.008,0.008,0.703,0.711 | 0.055,-0.032,0.000
cam1 extrinsics = -0.002,0.015,0.704,0.710 | -0.055,-0.033,-0.001
q_GtoI = -0.806,-0.172,-0.560,0.090 | p_IinG = 0.888,0.348,0.292 | dist = 1.06 (meters)
bg = -0.0031,0.0229,0.0769 | ba = -0.0404,0.0179,0.0251
camera-imu timeoffset = -0.00073
cam0 intrinsics = 459.987,457.139,366.960,249.181 | -0.274,0.066,-0.002,0.001
cam1 intrinsics = 458.127,456.167,380.454,254.182 | -0.274,0.067,-0.001,0.001
cam0 extrinsics = -0.008,0.008,0.703,0.711 | 0.054,-0.032,0.001
cam1 extrinsics = -0.002,0.015,0.704,0.710 | -0.056,-0.033,-0.001
q_GtoI = -0.804,-0.175,-0.560,0.094 | p_IinG = 0.907,0.377,0.304 | dist = 1.10 (meters)
bg = -0.0029,0.0225,0.0769 | ba = -0.0387,0.0217,0.0245
camera-imu timeoffset = -0.00062
cam0 intrinsics = 460.000,457.115,366.935,249.111 | -0.274,0.066,-0.001,0.001
cam1 intrinsics = 458.262,456.125,380.471,254.282 | -0.275,0.067,-0.001,0.001
cam0 extrinsics = -0.008,0.008,0.704,0.711 | 0.052,-0.032,0.001
cam1 extrinsics = -0.002,0.015,0.705,0.709 | -0.057,-0.033,-0.000
q_GtoI = -0.803,-0.177,-0.560,0.100 | p_IinG = 0.926,0.407,0.317 | dist = 1.14 (meters)
bg = -0.0027,0.0222,0.0770 | ba = -0.0377,0.0259,0.0241
camera-imu timeoffset = -0.00061
cam0 intrinsics = 460.059,457.127,366.925,249.068 | -0.274,0.066,-0.001,0.001
cam1 intrinsics = 458.355,456.023,380.502,254.374 | -0.274,0.067,-0.001,0.001
cam0 extrinsics = -0.008,0.008,0.704,0.710 | 0.051,-0.032,0.002
cam1 extrinsics = -0.002,0.015,0.705,0.709 | -0.059,-0.033,0.001
q_GtoI = -0.802,-0.181,-0.559,0.106 | p_IinG = 0.943,0.437,0.332 | dist = 1.18 (meters)
bg = -0.0025,0.0218,0.0770 | ba = -0.0372,0.0290,0.0242
camera-imu timeoffset = -0.00060
cam0 intrinsics = 460.121,457.102,366.967,249.078 | -0.275,0.066,-0.001,0.001
cam1 intrinsics = 458.392,455.986,380.492,254.430 | -0.274,0.067,-0.001,0.000
cam0 extrinsics = -0.008,0.008,0.704,0.710 | 0.051,-0.032,0.002
cam1 extrinsics = -0.002,0.015,0.705,0.709 | -0.059,-0.033,0.001
q_GtoI = -0.801,-0.186,-0.558,0.112 | p_IinG = 0.957,0.467,0.346 | dist = 1.22 (meters)
bg = -0.0023,0.0213,0.0769 | ba = -0.0364,0.0321,0.0241
camera-imu timeoffset = -0.00064
cam0 intrinsics = 460.167,457.056,367.007,249.064 | -0.275,0.066,-0.001,0.000
cam1 intrinsics = 458.502,455.931,380.479,254.504 | -0.275,0.067,-0.001,0.000
cam0 extrinsics = -0.007,0.008,0.704,0.710 | 0.050,-0.032,0.003
cam1 extrinsics = -0.002,0.014,0.705,0.709 | -0.059,-0.033,0.002
q_GtoI = -0.800,-0.192,-0.557,0.117 | p_IinG = 0.972,0.497,0.359 | dist = 1.26 (meters)
bg = -0.0021,0.0208,0.0769 | ba = -0.0360,0.0348,0.0232
camera-imu timeoffset = -0.00064
cam0 intrinsics = 460.242,457.017,366.980,248.938 | -0.275,0.066,-0.001,0.000
cam1 intrinsics = 458.636,455.818,380.594,254.717 | -0.275,0.067,-0.001,0.000
cam0 extrinsics = -0.007,0.008,0.704,0.710 | 0.050,-0.032,0.003
cam1 extrinsics = -0.002,0.014,0.705,0.709 | -0.059,-0.032,0.003
q_GtoI = -0.798,-0.199,-0.555,0.123 | p_IinG = 0.988,0.528,0.369 | dist = 1.30 (meters)
bg = -0.0018,0.0203,0.0769 | ba = -0.0354,0.0369,0.0217
camera-imu timeoffset = -0.00064
cam0 intrinsics = 460.329,456.959,367.026,248.980 | -0.275,0.066,-0.000,0.000
cam1 intrinsics = 458.736,455.727,380.595,254.779 | -0.274,0.067,-0.000,0.000
cam0 extrinsics = -0.007,0.008,0.704,0.710 | 0.050,-0.031,0.004
cam1 extrinsics = -0.002,0.014,0.705,0.709 | -0.058,-0.032,0.003
q_GtoI = -0.796,-0.206,-0.553,0.130 | p_IinG = 1.004,0.560,0.378 | dist = 1.34 (meters)
bg = -0.0016,0.0200,0.0768 | ba = -0.0348,0.0381,0.0205
camera-imu timeoffset = -0.00062
cam0 intrinsics = 460.388,456.910,367.154,249.008 | -0.275,0.066,0.000,0.000
cam1 intrinsics = 458.794,455.661,380.622,254.867 | -0.274,0.066,-0.000,0.000
cam0 extrinsics = -0.007,0.008,0.704,0.710 | 0.050,-0.031,0.004
cam1 extrinsics = -0.002,0.014,0.705,0.709 | -0.058,-0.032,0.004
q_GtoI = -0.795,-0.215,-0.551,0.136 | p_IinG = 1.021,0.593,0.385 | dist = 1.38 (meters)
bg = -0.0013,0.0196,0.0767 | ba = -0.0348,0.0392,0.0190
camera-imu timeoffset = -0.00062
cam0 intrinsics = 460.477,456.892,367.342,249.082 | -0.274,0.066,0.000,0.000
cam1 intrinsics = 458.862,455.605,380.770,255.014 | -0.273,0.066,0.000,-0.000
cam0 extrinsics = -0.007,0.008,0.704,0.710 | 0.051,-0.031,0.005
cam1 extrinsics = -0.002,0.014,0.705,0.709 | -0.058,-0.032,0.005
q_GtoI = -0.792,-0.224,-0.550,0.142 | p_IinG = 1.038,0.626,0.391 | dist = 1.42 (meters)
bg = -0.0011,0.0193,0.0767 | ba = -0.0351,0.0400,0.0176
camera-imu timeoffset = -0.00070
cam0 intrinsics = 460.505,456.895,367.510,249.165 | -0.274,0.065,0.001,-0.000
cam1 intrinsics = 458.873,455.580,380.889,255.142 | -0.272,0.065,0.000,-0.000
cam0 extrinsics = -0.007,0.008,0.704,0.710 | 0.051,-0.031,0.005
cam1 extrinsics = -0.002,0.014,0.705,0.709 | -0.058,-0.032,0.005
q_GtoI = -0.789,-0.234,-0.548,0.150 | p_IinG = 1.056,0.661,0.397 | dist = 1.46 (meters)
bg = -0.0009,0.0191,0.0766 | ba = -0.0356,0.0408,0.0166
camera-imu timeoffset = -0.00073
cam0 intrinsics = 460.528,456.918,367.659,249.223 | -0.273,0.065,0.001,-0.000
cam1 intrinsics = 458.907,455.562,381.101,255.326 | -0.272,0.065,0.001,-0.000
cam0 extrinsics = -0.007,0.008,0.704,0.710 | 0.051,-0.031,0.005
cam1 extrinsics = -0.002,0.015,0.705,0.709 | -0.058,-0.032,0.006
q_GtoI = -0.786,-0.245,-0.545,0.158 | p_IinG = 1.076,0.697,0.401 | dist = 1.50 (meters)
bg = -0.0007,0.0188,0.0767 | ba = -0.0364,0.0405,0.0144
camera-imu timeoffset = -0.00066
cam0 intrinsics = 460.579,456.876,367.865,249.290 | -0.273,0.065,0.001,-0.000
cam1 intrinsics = 458.989,455.542,381.189,255.382 | -0.271,0.064,0.001,-0.000
cam0 extrinsics = -0.007,0.008,0.704,0.711 | 0.050,-0.031,0.006
cam1 extrinsics = -0.002,0.015,0.704,0.710 | -0.058,-0.032,0.006
q_GtoI = -0.783,-0.256,-0.542,0.164 | p_IinG = 1.095,0.734,0.405 | dist = 1.54 (meters)
bg = -0.0006,0.0185,0.0768 | ba = -0.0370,0.0406,0.0133
camera-imu timeoffset = -0.00065
cam0 intrinsics = 460.625,456.911,367.958,249.304 | -0.272,0.064,0.001,0.000
cam1 intrinsics = 459.071,455.559,381.335,255.528 | -0.271,0.064,0.001,-0.000
cam0 extrinsics = -0.007,0.009,0.703,0.711 | 0.050,-0.031,0.006
cam1 extrinsics = -0.002,0.015,0.704,0.710 | -0.058,-0.032,0.006
q_GtoI = -0.780,-0.268,-0.540,0.171 | p_IinG = 1.114,0.770,0.407 | dist = 1.58 (meters)
bg = -0.0005,0.0184,0.0769 | ba = -0.0370,0.0391,0.0122
camera-imu timeoffset = -0.00048
cam0 intrinsics = 460.648,456.932,368.038,249.334 | -0.272,0.064,0.001,0.000
cam1 intrinsics = 459.109,455.579,381.398,255.606 | -0.271,0.064,0.001,0.000
cam0 extrinsics = -0.007,0.009,0.703,0.711 | 0.050,-0.032,0.006
cam1 extrinsics = -0.002,0.015,0.704,0.710 | -0.058,-0.032,0.007
q_GtoI = -0.774,-0.278,-0.541,0.177 | p_IinG = 1.133,0.808,0.410 | dist = 1.62 (meters)
bg = -0.0003,0.0183,0.0770 | ba = -0.0375,0.0381,0.0115
camera-imu timeoffset = -0.00034
cam0 intrinsics = 460.656,456.950,368.170,249.401 | -0.272,0.064,0.001,0.000
cam1 intrinsics = 459.156,455.631,381.475,255.673 | -0.272,0.065,0.001,0.000
cam0 extrinsics = -0.007,0.009,0.703,0.711 | 0.050,-0.032,0.007
cam1 extrinsics = -0.002,0.015,0.704,0.710 | -0.059,-0.033,0.007
q_GtoI = -0.767,-0.287,-0.544,0.182 | p_IinG = 1.152,0.843,0.412 | dist = 1.66 (meters)
bg = -0.0002,0.0183,0.0770 | ba = -0.0372,0.0366,0.0117
camera-imu timeoffset = -0.00014
cam0 intrinsics = 460.682,456.978,368.251,249.409 | -0.272,0.064,0.001,0.000
cam1 intrinsics = 459.184,455.662,381.538,255.691 | -0.272,0.065,0.001,0.000
cam0 extrinsics = -0.007,0.009,0.703,0.711 | 0.050,-0.033,0.007
cam1 extrinsics = -0.002,0.015,0.704,0.710 | -0.058,-0.034,0.007
q_GtoI = -0.759,-0.297,-0.550,0.184 | p_IinG = 1.169,0.879,0.413 | dist = 1.70 (meters)
bg = -0.0002,0.0183,0.0770 | ba = -0.0360,0.0355,0.0122
camera-imu timeoffset = -0.00008
cam0 intrinsics = 460.736,456.991,368.385,249.438 | -0.272,0.064,0.002,0.000
cam1 intrinsics = 459.259,455.686,381.635,255.717 | -0.272,0.065,0.001,0.000
cam0 extrinsics = -0.007,0.009,0.703,0.711 | 0.051,-0.034,0.007
cam1 extrinsics = -0.002,0.014,0.704,0.710 | -0.058,-0.034,0.007
q_GtoI = -0.752,-0.306,-0.554,0.183 | p_IinG = 1.186,0.914,0.415 | dist = 1.74 (meters)
bg = -0.0002,0.0183,0.0771 | ba = -0.0357,0.0340,0.0131
camera-imu timeoffset = -0.00006
cam0 intrinsics = 460.792,457.043,368.543,249.485 | -0.272,0.064,0.002,0.000
cam1 intrinsics = 459.334,455.765,381.719,255.760 | -0.272,0.065,0.001,0.000
cam0 extrinsics = -0.008,0.009,0.703,0.711 | 0.051,-0.035,0.007
cam1 extrinsics = -0.002,0.014,0.704,0.710 | -0.057,-0.035,0.008
q_GtoI = -0.745,-0.315,-0.559,0.181 | p_IinG = 1.201,0.948,0.416 | dist = 1.78 (meters)
bg = -0.0003,0.0183,0.0771 | ba = -0.0344,0.0331,0.0146
camera-imu timeoffset = -0.00005
cam0 intrinsics = 460.821,457.105,368.645,249.508 | -0.272,0.064,0.002,0.000
cam1 intrinsics = 459.363,455.825,381.802,255.777 | -0.272,0.065,0.002,0.000
cam0 extrinsics = -0.008,0.009,0.703,0.711 | 0.052,-0.036,0.008
cam1 extrinsics = -0.002,0.014,0.704,0.711 | -0.056,-0.036,0.008
q_GtoI = -0.743,-0.320,-0.560,0.181 | p_IinG = 1.215,0.984,0.419 | dist = 1.82 (meters)
bg = -0.0004,0.0183,0.0771 | ba = -0.0339,0.0319,0.0170
camera-imu timeoffset = -0.00022
cam0 intrinsics = 460.829,457.193,368.748,249.533 | -0.273,0.065,0.002,0.000
cam1 intrinsics = 459.377,455.915,381.891,255.792 | -0.273,0.065,0.002,0.000
cam0 extrinsics = -0.008,0.008,0.703,0.711 | 0.053,-0.037,0.007
cam1 extrinsics = -0.003,0.014,0.704,0.711 | -0.056,-0.037,0.007
q_GtoI = -0.741,-0.324,-0.559,0.182 | p_IinG = 1.226,1.019,0.424 | dist = 1.86 (meters)
bg = -0.0005,0.0182,0.0772 | ba = -0.0341,0.0314,0.0196
camera-imu timeoffset = -0.00028
cam0 intrinsics = 460.829,457.276,368.862,249.557 | -0.273,0.065,0.002,0.000
cam1 intrinsics = 459.377,455.990,381.974,255.820 | -0.273,0.066,0.002,0.000
cam0 extrinsics = -0.008,0.008,0.703,0.711 | 0.053,-0.037,0.007
cam1 extrinsics = -0.003,0.014,0.704,0.710 | -0.055,-0.038,0.007
q_GtoI = -0.743,-0.325,-0.556,0.185 | p_IinG = 1.234,1.056,0.431 | dist = 1.89 (meters)
bg = -0.0005,0.0183,0.0771 | ba = -0.0343,0.0306,0.0212
camera-imu timeoffset = -0.00028
cam0 intrinsics = 460.821,457.329,368.912,249.554 | -0.273,0.065,0.002,0.000
cam1 intrinsics = 459.381,456.045,381.992,255.836 | -0.273,0.066,0.002,0.000
cam0 extrinsics = -0.008,0.008,0.703,0.711 | 0.054,-0.037,0.006
cam1 extrinsics = -0.003,0.014,0.704,0.710 | -0.055,-0.037,0.006
q_GtoI = -0.745,-0.323,-0.551,0.191 | p_IinG = 1.242,1.092,0.438 | dist = 1.93 (meters)
bg = -0.0005,0.0184,0.0770 | ba = -0.0335,0.0291,0.0244
camera-imu timeoffset = -0.00027
cam0 intrinsics = 460.808,457.374,368.947,249.560 | -0.273,0.065,0.002,0.000
cam1 intrinsics = 459.378,456.094,381.994,255.864 | -0.273,0.066,0.002,0.000
cam0 extrinsics = -0.008,0.008,0.703,0.711 | 0.054,-0.036,0.005
cam1 extrinsics = -0.003,0.014,0.704,0.710 | -0.055,-0.037,0.005
q_GtoI = -0.747,-0.322,-0.547,0.195 | p_IinG = 1.248,1.128,0.447 | dist = 1.97 (meters)
bg = -0.0006,0.0185,0.0769 | ba = -0.0329,0.0279,0.0275
camera-imu timeoffset = -0.00026
cam0 intrinsics = 460.785,457.426,368.990,249.564 | -0.273,0.065,0.002,0.000
cam1 intrinsics = 459.365,456.150,382.011,255.892 | -0.273,0.066,0.002,0.000
cam0 extrinsics = -0.008,0.008,0.703,0.711 | 0.054,-0.035,0.005
cam1 extrinsics = -0.003,0.014,0.704,0.710 | -0.054,-0.035,0.004
q_GtoI = -0.751,-0.320,-0.543,0.198 | p_IinG = 1.250,1.163,0.459 | dist = 2.01 (meters)
bg = -0.0008,0.0185,0.0766 | ba = -0.0344,0.0286,0.0319
camera-imu timeoffset = -0.00024
cam0 intrinsics = 460.779,457.433,369.130,249.509 | -0.273,0.065,0.002,0.000
cam1 intrinsics = 459.377,456.149,381.986,255.862 | -0.274,0.066,0.002,0.000
cam0 extrinsics = -0.008,0.008,0.703,0.711 | 0.053,-0.034,0.004
cam1 extrinsics = -0.003,0.014,0.704,0.710 | -0.055,-0.034,0.003
q_GtoI = -0.753,-0.319,-0.539,0.201 | p_IinG = 1.254,1.199,0.472 | dist = 2.05 (meters)
bg = -0.0009,0.0186,0.0766 | ba = -0.0336,0.0265,0.0345
camera-imu timeoffset = -0.00024
cam0 intrinsics = 460.735,457.496,369.163,249.528 | -0.274,0.066,0.002,0.000
cam1 intrinsics = 459.349,456.222,381.999,255.912 | -0.274,0.066,0.002,0.000
cam0 extrinsics = -0.008,0.008,0.703,0.711 | 0.054,-0.032,0.003
cam1 extrinsics = -0.003,0.014,0.704,0.710 | -0.054,-0.033,0.002
q_GtoI = -0.755,-0.318,-0.536,0.203 | p_IinG = 1.257,1.238,0.487 | dist = 2.10 (meters)
bg = -0.0011,0.0187,0.0766 | ba = -0.0338,0.0257,0.0352
camera-imu timeoffset = -0.00025
cam0 intrinsics = 460.672,457.593,369.218,249.524 | -0.274,0.066,0.002,0.000
cam1 intrinsics = 459.274,456.316,382.039,255.942 | -0.274,0.066,0.002,0.000
cam0 extrinsics = -0.008,0.008,0.703,0.711 | 0.055,-0.031,0.003
cam1 extrinsics = -0.003,0.014,0.704,0.711 | -0.054,-0.032,0.002
q_GtoI = -0.757,-0.317,-0.533,0.204 | p_IinG = 1.260,1.277,0.503 | dist = 2.14 (meters)
bg = -0.0012,0.0187,0.0766 | ba = -0.0343,0.0238,0.0364
camera-imu timeoffset = -0.00026
cam0 intrinsics = 460.629,457.665,369.279,249.541 | -0.274,0.066,0.002,0.000
cam1 intrinsics = 459.224,456.383,382.083,255.986 | -0.274,0.066,0.002,0.000
cam0 extrinsics = -0.008,0.008,0.703,0.711 | 0.056,-0.030,0.002
cam1 extrinsics = -0.003,0.014,0.703,0.711 | -0.053,-0.031,0.002
q_GtoI = -0.759,-0.315,-0.531,0.206 | p_IinG = 1.263,1.317,0.519 | dist = 2.18 (meters)
bg = -0.0013,0.0187,0.0766 | ba = -0.0348,0.0223,0.0373
camera-imu timeoffset = -0.00019
cam0 intrinsics = 460.591,457.736,369.332,249.559 | -0.274,0.066,0.002,0.000
cam1 intrinsics = 459.183,456.452,382.107,256.018 | -0.274,0.067,0.002,0.000
cam0 extrinsics = -0.009,0.008,0.703,0.711 | 0.057,-0.029,0.002
cam1 extrinsics = -0.003,0.013,0.703,0.711 | -0.052,-0.030,0.001
q_GtoI = -0.760,-0.314,-0.530,0.207 | p_IinG = 1.266,1.357,0.534 | dist = 2.22 (meters)
bg = -0.0016,0.0189,0.0766 | ba = -0.0357,0.0212,0.0374
camera-imu timeoffset = -0.00021
cam0 intrinsics = 460.492,457.853,369.388,249.565 | -0.274,0.066,0.002,0.000
cam1 intrinsics = 459.080,456.572,382.139,256.043 | -0.274,0.067,0.002,0.000
cam0 extrinsics = -0.009,0.008,0.703,0.712 | 0.058,-0.029,0.002
cam1 extrinsics = -0.003,0.013,0.703,0.711 | -0.051,-0.030,0.001
q_GtoI = -0.761,-0.314,-0.530,0.206 | p_IinG = 1.267,1.393,0.548 | dist = 2.26 (meters)
bg = -0.0018,0.0193,0.0766 | ba = -0.0365,0.0201,0.0396
camera-imu timeoffset = -0.00021
cam0 intrinsics = 460.183,458.007,369.381,249.525 | -0.274,0.066,0.002,0.000
cam1 intrinsics = 458.934,456.830,382.240,256.133 | -0.275,0.067,0.001,0.000
cam0 extrinsics = -0.009,0.008,0.702,0.712 | 0.060,-0.027,0.002
cam1 extrinsics = -0.004,0.013,0.703,0.711 | -0.050,-0.028,0.001
q_GtoI = -0.761,-0.313,-0.529,0.206 | p_IinG = 1.270,1.434,0.559 | dist = 2.30 (meters)
bg = -0.0020,0.0194,0.0766 | ba = -0.0367,0.0198,0.0409
camera-imu timeoffset = -0.00022
cam0 intrinsics = 460.151,458.029,369.442,249.527 | -0.274,0.066,0.002,0.001
cam1 intrinsics = 458.898,456.850,382.270,256.149 | -0.275,0.067,0.001,0.000
cam0 extrinsics = -0.009,0.008,0.702,0.712 | 0.060,-0.027,0.001
cam1 extrinsics = -0.004,0.013,0.703,0.711 | -0.050,-0.028,0.001
q_GtoI = -0.761,-0.312,-0.530,0.207 | p_IinG = 1.274,1.476,0.570 | dist = 2.34 (meters)
bg = -0.0021,0.0195,0.0766 | ba = -0.0368,0.0203,0.0411
camera-imu timeoffset = -0.00020
cam0 intrinsics = 460.108,458.073,369.498,249.554 | -0.274,0.066,0.002,0.001
cam1 intrinsics = 458.850,456.879,382.297,256.172 | -0.275,0.067,0.001,0.000
cam0 extrinsics = -0.009,0.008,0.702,0.712 | 0.060,-0.027,0.001
cam1 extrinsics = -0.004,0.013,0.703,0.711 | -0.050,-0.028,0.000
q_GtoI = -0.762,-0.311,-0.529,0.207 | p_IinG = 1.277,1.517,0.579 | dist = 2.38 (meters)
bg = -0.0022,0.0195,0.0765 | ba = -0.0374,0.0203,0.0419
camera-imu timeoffset = -0.00022
cam0 intrinsics = 460.088,458.085,369.539,249.551 | -0.274,0.066,0.002,0.001
cam1 intrinsics = 458.824,456.885,382.324,256.185 | -0.275,0.067,0.001,0.000
cam0 extrinsics = -0.009,0.008,0.702,0.712 | 0.060,-0.028,0.001
cam1 extrinsics = -0.004,0.013,0.703,0.711 | -0.050,-0.028,-0.000
q_GtoI = -0.762,-0.311,-0.529,0.207 | p_IinG = 1.281,1.562,0.587 | dist = 2.42 (meters)
bg = -0.0024,0.0195,0.0765 | ba = -0.0371,0.0205,0.0409
camera-imu timeoffset = -0.00021
cam0 intrinsics = 460.106,458.121,369.525,249.579 | -0.274,0.066,0.002,0.001
cam1 intrinsics = 458.847,456.892,382.428,256.145 | -0.275,0.067,0.001,0.001
cam0 extrinsics = -0.009,0.008,0.702,0.712 | 0.060,-0.028,0.001
cam1 extrinsics = -0.004,0.013,0.703,0.711 | -0.050,-0.029,-0.001
q_GtoI = -0.762,-0.313,-0.528,0.209 | p_IinG = 1.284,1.603,0.594 | dist = 2.46 (meters)
bg = -0.0026,0.0196,0.0765 | ba = -0.0370,0.0212,0.0415
camera-imu timeoffset = -0.00018
cam0 intrinsics = 460.084,458.138,369.518,249.559 | -0.274,0.066,0.002,0.001
cam1 intrinsics = 458.840,456.926,382.466,256.170 | -0.275,0.067,0.001,0.001
cam0 extrinsics = -0.009,0.008,0.702,0.712 | 0.060,-0.028,0.001
cam1 extrinsics = -0.004,0.013,0.703,0.711 | -0.050,-0.029,-0.001
q_GtoI = -0.761,-0.316,-0.527,0.210 | p_IinG = 1.285,1.646,0.600 | dist = 2.51 (meters)
bg = -0.0025,0.0198,0.0766 | ba = -0.0366,0.0215,0.0413
camera-imu timeoffset = -0.00018
cam0 intrinsics = 460.075,458.177,369.604,249.605 | -0.275,0.066,0.002,0.001
cam1 intrinsics = 458.801,456.945,382.435,256.202 | -0.275,0.067,0.001,0.001
cam0 extrinsics = -0.009,0.008,0.702,0.712 | 0.060,-0.028,0.000
cam1 extrinsics = -0.004,0.013,0.703,0.711 | -0.050,-0.029,-0.001
q_GtoI = -0.759,-0.320,-0.525,0.212 | p_IinG = 1.287,1.690,0.605 | dist = 2.55 (meters)
bg = -0.0027,0.0198,0.0766 | ba = -0.0365,0.0225,0.0411
camera-imu timeoffset = -0.00012
cam0 intrinsics = 460.092,458.199,369.642,249.619 | -0.275,0.066,0.002,0.001
cam1 intrinsics = 458.808,456.955,382.467,256.226 | -0.275,0.067,0.001,0.001
cam0 extrinsics = -0.009,0.008,0.702,0.712 | 0.060,-0.028,0.000
cam1 extrinsics = -0.004,0.013,0.703,0.711 | -0.050,-0.029,-0.001
q_GtoI = -0.757,-0.327,-0.524,0.215 | p_IinG = 1.290,1.734,0.609 | dist = 2.59 (meters)
bg = -0.0027,0.0197,0.0767 | ba = -0.0364,0.0235,0.0410
camera-imu timeoffset = -0.00014
cam0 intrinsics = 460.127,458.225,369.703,249.641 | -0.275,0.066,0.002,0.001
cam1 intrinsics = 458.829,456.968,382.527,256.263 | -0.275,0.067,0.001,0.001
cam0 extrinsics = -0.009,0.008,0.702,0.712 | 0.061,-0.028,-0.000
cam1 extrinsics = -0.004,0.013,0.703,0.711 | -0.050,-0.029,-0.001
q_GtoI = -0.754,-0.335,-0.522,0.218 | p_IinG = 1.291,1.778,0.612 | dist = 2.63 (meters)
bg = -0.0028,0.0197,0.0767 | ba = -0.0364,0.0242,0.0406
camera-imu timeoffset = -0.00013
cam0 intrinsics = 460.160,458.246,369.722,249.648 | -0.275,0.067,0.002,0.001
cam1 intrinsics = 458.855,456.982,382.536,256.283 | -0.275,0.067,0.001,0.001
cam0 extrinsics = -0.009,0.008,0.702,0.712 | 0.061,-0.028,-0.000
cam1 extrinsics = -0.004,0.013,0.703,0.711 | -0.050,-0.029,-0.002
q_GtoI = -0.750,-0.344,-0.520,0.222 | p_IinG = 1.293,1.825,0.614 | dist = 2.67 (meters)
bg = -0.0028,0.0196,0.0768 | ba = -0.0371,0.0249,0.0402
camera-imu timeoffset = -0.00006
cam0 intrinsics = 460.188,458.266,369.751,249.639 | -0.275,0.067,0.002,0.001
cam1 intrinsics = 458.873,456.994,382.536,256.301 | -0.275,0.068,0.001,0.001
cam0 extrinsics = -0.009,0.008,0.702,0.712 | 0.060,-0.028,-0.001
cam1 extrinsics = -0.004,0.013,0.703,0.711 | -0.050,-0.029,-0.002
q_GtoI = -0.745,-0.355,-0.517,0.227 | p_IinG = 1.295,1.872,0.617 | dist = 2.72 (meters)
bg = -0.0028,0.0195,0.0769 | ba = -0.0377,0.0251,0.0399
camera-imu timeoffset = -0.00006
cam0 intrinsics = 460.208,458.285,369.791,249.637 | -0.275,0.067,0.002,0.001
cam1 intrinsics = 458.882,457.006,382.537,256.320 | -0.275,0.068,0.001,0.001
cam0 extrinsics = -0.009,0.008,0.702,0.712 | 0.060,-0.028,-0.001
cam1 extrinsics = -0.004,0.013,0.703,0.711 | -0.051,-0.029,-0.003
q_GtoI = -0.740,-0.365,-0.515,0.232 | p_IinG = 1.295,1.917,0.621 | dist = 2.76 (meters)
bg = -0.0028,0.0195,0.0768 | ba = -0.0378,0.0250,0.0401
camera-imu timeoffset = -0.00006
cam0 intrinsics = 460.191,458.311,369.782,249.593 | -0.275,0.067,0.002,0.001
cam1 intrinsics = 458.915,457.054,382.580,256.366 | -0.276,0.068,0.001,0.001
cam0 extrinsics = -0.009,0.008,0.702,0.712 | 0.059,-0.028,-0.001
cam1 extrinsics = -0.004,0.013,0.703,0.711 | -0.051,-0.029,-0.003
q_GtoI = -0.733,-0.377,-0.514,0.236 | p_IinG = 1.296,1.967,0.627 | dist = 2.81 (meters)
bg = -0.0027,0.0194,0.0770 | ba = -0.0386,0.0269,0.0384
camera-imu timeoffset = -0.00007
cam0 intrinsics = 460.189,458.369,369.793,249.590 | -0.275,0.067,0.002,0.001
cam1 intrinsics = 458.893,457.099,382.569,256.391 | -0.276,0.068,0.001,0.001
cam0 extrinsics = -0.009,0.008,0.702,0.712 | 0.060,-0.028,-0.002
cam1 extrinsics = -0.004,0.013,0.703,0.711 | -0.051,-0.029,-0.004
q_GtoI = -0.728,-0.387,-0.511,0.243 | p_IinG = 1.296,2.017,0.637 | dist = 2.85 (meters)
bg = -0.0026,0.0194,0.0770 | ba = -0.0395,0.0285,0.0376
camera-imu timeoffset = -0.00008
cam0 intrinsics = 460.218,458.405,369.833,249.620 | -0.275,0.067,0.002,0.001
cam1 intrinsics = 458.907,457.122,382.551,256.425 | -0.276,0.068,0.001,0.001
cam0 extrinsics = -0.009,0.008,0.702,0.712 | 0.060,-0.028,-0.002
cam1 extrinsics = -0.004,0.013,0.703,0.711 | -0.051,-0.029,-0.004
q_GtoI = -0.722,-0.397,-0.508,0.250 | p_IinG = 1.295,2.070,0.649 | dist = 2.90 (meters)
bg = -0.0024,0.0194,0.0772 | ba = -0.0413,0.0306,0.0357
camera-imu timeoffset = -0.00012
cam0 intrinsics = 460.218,458.446,369.844,249.600 | -0.275,0.067,0.002,0.001
cam1 intrinsics = 458.913,457.162,382.523,256.423 | -0.276,0.068,0.001,0.001
cam0 extrinsics = -0.009,0.008,0.702,0.712 | 0.060,-0.028,-0.003
cam1 extrinsics = -0.004,0.013,0.703,0.711 | -0.051,-0.029,-0.005
q_GtoI = -0.718,-0.405,-0.505,0.256 | p_IinG = 1.294,2.122,0.662 | dist = 2.95 (meters)
bg = -0.0024,0.0194,0.0773 | ba = -0.0431,0.0315,0.0343
camera-imu timeoffset = -0.00013
cam0 intrinsics = 460.217,458.469,369.859,249.566 | -0.275,0.067,0.002,0.001
cam1 intrinsics = 458.911,457.189,382.461,256.407 | -0.276,0.068,0.001,0.001
cam0 extrinsics = -0.009,0.008,0.702,0.712 | 0.060,-0.028,-0.003
cam1 extrinsics = -0.004,0.013,0.703,0.711 | -0.051,-0.029,-0.006
q_GtoI = -0.715,-0.411,-0.501,0.264 | p_IinG = 1.294,2.176,0.677 | dist = 3.00 (meters)
bg = -0.0023,0.0195,0.0773 | ba = -0.0444,0.0335,0.0343
camera-imu timeoffset = -0.00013
cam0 intrinsics = 460.216,458.514,369.908,249.610 | -0.275,0.067,0.002,0.001
cam1 intrinsics = 458.919,457.237,382.462,256.451 | -0.276,0.068,0.001,0.001
cam0 extrinsics = -0.009,0.008,0.702,0.712 | 0.060,-0.028,-0.003
cam1 extrinsics = -0.004,0.013,0.703,0.711 | -0.051,-0.029,-0.006
q_GtoI = -0.713,-0.416,-0.496,0.270 | p_IinG = 1.292,2.228,0.692 | dist = 3.05 (meters)
bg = -0.0021,0.0195,0.0775 | ba = -0.0449,0.0335,0.0347
camera-imu timeoffset = -0.00011
cam0 intrinsics = 460.181,458.544,370.006,249.669 | -0.275,0.067,0.002,0.001
cam1 intrinsics = 458.904,457.274,382.446,256.439 | -0.276,0.068,0.001,0.001
cam0 extrinsics = -0.009,0.008,0.702,0.712 | 0.060,-0.028,-0.004
cam1 extrinsics = -0.004,0.013,0.703,0.711 | -0.051,-0.029,-0.006
q_GtoI = -0.711,-0.420,-0.493,0.274 | p_IinG = 1.290,2.282,0.709 | dist = 3.10 (meters)
bg = -0.0020,0.0195,0.0775 | ba = -0.0463,0.0350,0.0348
camera-imu timeoffset = -0.00011
cam0 intrinsics = 460.178,458.575,370.026,249.693 | -0.275,0.067,0.002,0.001
cam1 intrinsics = 458.913,457.310,382.454,256.466 | -0.276,0.068,0.001,0.001
cam0 extrinsics = -0.009,0.008,0.703,0.712 | 0.060,-0.028,-0.004
cam1 extrinsics = -0.004,0.013,0.703,0.711 | -0.051,-0.029,-0.006
q_GtoI = -0.710,-0.422,-0.490,0.280 | p_IinG = 1.286,2.334,0.727 | dist = 3.16 (meters)
bg = -0.0019,0.0197,0.0775 | ba = -0.0482,0.0356,0.0381
camera-imu timeoffset = -0.00010
cam0 intrinsics = 460.164,458.649,370.035,249.777 | -0.275,0.067,0.001,0.001
cam1 intrinsics = 458.916,457.387,382.495,256.576 | -0.276,0.068,0.001,0.001
cam0 extrinsics = -0.009,0.008,0.703,0.711 | 0.061,-0.029,-0.004
cam1 extrinsics = -0.004,0.013,0.703,0.711 | -0.051,-0.029,-0.006
q_GtoI = -0.708,-0.424,-0.489,0.283 | p_IinG = 1.285,2.387,0.740 | dist = 3.21 (meters)
bg = -0.0017,0.0197,0.0776 | ba = -0.0489,0.0360,0.0385
camera-imu timeoffset = -0.00008
cam0 intrinsics = 460.167,458.671,370.048,249.802 | -0.275,0.067,0.001,0.001
cam1 intrinsics = 458.929,457.416,382.494,256.610 | -0.276,0.068,0.001,0.001
cam0 extrinsics = -0.009,0.008,0.703,0.711 | 0.061,-0.029,-0.004
cam1 extrinsics = -0.004,0.013,0.703,0.711 | -0.051,-0.029,-0.007
q_GtoI = -0.707,-0.425,-0.488,0.286 | p_IinG = 1.282,2.441,0.751 | dist = 3.26 (meters)
bg = -0.0016,0.0197,0.0776 | ba = -0.0496,0.0373,0.0386
camera-imu timeoffset = -0.00008
cam0 intrinsics = 460.167,458.691,370.085,249.817 | -0.275,0.067,0.001,0.001
cam1 intrinsics = 458.934,457.442,382.492,256.633 | -0.276,0.068,0.001,0.001
cam0 extrinsics = -0.009,0.008,0.703,0.711 | 0.061,-0.029,-0.004
cam1 extrinsics = -0.004,0.013,0.704,0.711 | -0.051,-0.030,-0.007
q_GtoI = -0.706,-0.427,-0.487,0.287 | p_IinG = 1.281,2.494,0.761 | dist = 3.31 (meters)
bg = -0.0014,0.0197,0.0776 | ba = -0.0498,0.0383,0.0393
camera-imu timeoffset = -0.00005
cam0 intrinsics = 460.167,458.716,370.102,249.836 | -0.275,0.067,0.001,0.001
cam1 intrinsics = 458.938,457.471,382.491,256.651 | -0.276,0.068,0.001,0.001
cam0 extrinsics = -0.009,0.008,0.703,0.711 | 0.061,-0.029,-0.004
cam1 extrinsics = -0.004,0.013,0.704,0.711 | -0.051,-0.030,-0.007
q_GtoI = -0.706,-0.427,-0.486,0.287 | p_IinG = 1.280,2.544,0.770 | dist = 3.36 (meters)
bg = -0.0014,0.0199,0.0776 | ba = -0.0498,0.0385,0.0417
camera-imu timeoffset = -0.00006
cam0 intrinsics = 460.121,458.815,370.095,249.874 | -0.275,0.067,0.001,0.001
cam1 intrinsics = 458.908,457.570,382.524,256.742 | -0.276,0.068,0.001,0.001
cam0 extrinsics = -0.009,0.008,0.703,0.711 | 0.061,-0.029,-0.005
cam1 extrinsics = -0.004,0.013,0.704,0.710 | -0.051,-0.029,-0.007
q_GtoI = -0.707,-0.428,-0.484,0.288 | p_IinG = 1.279,2.595,0.779 | dist = 3.41 (meters)
bg = -0.0012,0.0200,0.0776 | ba = -0.0496,0.0394,0.0440
camera-imu timeoffset = -0.00005
cam0 intrinsics = 460.113,458.845,370.125,249.915 | -0.275,0.067,0.001,0.001
cam1 intrinsics = 458.907,457.604,382.540,256.781 | -0.276,0.068,0.001,0.001
cam0 extrinsics = -0.009,0.008,0.703,0.711 | 0.061,-0.029,-0.005
cam1 extrinsics = -0.004,0.013,0.704,0.710 | -0.051,-0.030,-0.007
q_GtoI = -0.707,-0.428,-0.485,0.286 | p_IinG = 1.279,2.648,0.787 | dist = 3.46 (meters)
bg = -0.0011,0.0201,0.0777 | ba = -0.0492,0.0407,0.0461
camera-imu timeoffset = -0.00005
cam0 intrinsics = 460.091,458.876,370.164,249.965 | -0.275,0.067,0.001,0.001
cam1 intrinsics = 458.893,457.644,382.565,256.828 | -0.276,0.068,0.001,0.001
cam0 extrinsics = -0.009,0.008,0.703,0.711 | 0.060,-0.029,-0.005
cam1 extrinsics = -0.004,0.013,0.704,0.710 | -0.051,-0.030,-0.008
q_GtoI = -0.706,-0.428,-0.486,0.287 | p_IinG = 1.280,2.698,0.792 | dist = 3.51 (meters)
bg = -0.0011,0.0203,0.0776 | ba = -0.0478,0.0418,0.0494
camera-imu timeoffset = -0.00009
cam0 intrinsics = 460.086,458.900,370.213,250.006 | -0.275,0.067,0.001,0.001
cam1 intrinsics = 458.909,457.685,382.643,256.900 | -0.276,0.068,0.001,0.001
cam0 extrinsics = -0.009,0.008,0.703,0.711 | 0.060,-0.029,-0.006
cam1 extrinsics = -0.004,0.013,0.704,0.710 | -0.052,-0.029,-0.008
q_GtoI = -0.705,-0.427,-0.488,0.288 | p_IinG = 1.280,2.751,0.799 | dist = 3.56 (meters)
bg = -0.0011,0.0203,0.0777 | ba = -0.0469,0.0432,0.0519
camera-imu timeoffset = -0.00010
cam0 intrinsics = 460.071,458.917,370.247,250.062 | -0.275,0.067,0.001,0.001
cam1 intrinsics = 458.895,457.703,382.687,256.958 | -0.276,0.068,0.001,0.001
cam0 extrinsics = -0.009,0.008,0.703,0.711 | 0.059,-0.029,-0.006
cam1 extrinsics = -0.004,0.013,0.704,0.710 | -0.053,-0.029,-0.008
q_GtoI = -0.701,-0.427,-0.491,0.291 | p_IinG = 1.281,2.804,0.805 | dist = 3.62 (meters)
bg = -0.0010,0.0204,0.0777 | ba = -0.0457,0.0430,0.0525
camera-imu timeoffset = -0.00011
cam0 intrinsics = 460.080,458.921,370.243,250.068 | -0.275,0.067,0.001,0.001
cam1 intrinsics = 458.907,457.708,382.683,256.970 | -0.276,0.068,0.001,0.001
cam0 extrinsics = -0.009,0.008,0.703,0.711 | 0.059,-0.029,-0.006
cam1 extrinsics = -0.004,0.013,0.704,0.710 | -0.053,-0.030,-0.009
q_GtoI = -0.698,-0.426,-0.494,0.294 | p_IinG = 1.283,2.855,0.812 | dist = 3.67 (meters)
bg = -0.0010,0.0204,0.0777 | ba = -0.0440,0.0427,0.0535
camera-imu timeoffset = -0.00012
cam0 intrinsics = 460.095,458.915,370.255,250.045 | -0.275,0.067,0.001,0.001
cam1 intrinsics = 458.929,457.708,382.676,256.959 | -0.276,0.068,0.001,0.001
cam0 extrinsics = -0.009,0.008,0.703,0.711 | 0.059,-0.029,-0.006
cam1 extrinsics = -0.004,0.013,0.704,0.710 | -0.053,-0.030,-0.009
q_GtoI = -0.697,-0.426,-0.495,0.295 | p_IinG = 1.284,2.905,0.820 | dist = 3.72 (meters)
bg = -0.0010,0.0204,0.0777 | ba = -0.0423,0.0422,0.0545
camera-imu timeoffset = -0.00005
cam0 intrinsics = 460.122,458.918,370.243,250.058 | -0.275,0.067,0.001,0.001
cam1 intrinsics = 458.946,457.701,382.613,256.993 | -0.276,0.068,0.001,0.001
cam0 extrinsics = -0.009,0.008,0.703,0.711 | 0.059,-0.029,-0.006
cam1 extrinsics = -0.004,0.012,0.704,0.710 | -0.053,-0.030,-0.009
q_GtoI = -0.698,-0.427,-0.494,0.295 | p_IinG = 1.286,2.953,0.827 | dist = 3.77 (meters)
bg = -0.0010,0.0204,0.0777 | ba = -0.0404,0.0411,0.0554
camera-imu timeoffset = -0.00005
cam0 intrinsics = 460.130,458.925,370.231,250.068 | -0.275,0.067,0.001,0.001
cam1 intrinsics = 458.955,457.709,382.602,257.008 | -0.276,0.068,0.001,0.001
cam0 extrinsics = -0.009,0.008,0.703,0.711 | 0.059,-0.029,-0.007
cam1 extrinsics = -0.004,0.012,0.704,0.710 | -0.053,-0.030,-0.009
q_GtoI = -0.698,-0.428,-0.492,0.294 | p_IinG = 1.288,3.000,0.832 | dist = 3.82 (meters)
bg = -0.0011,0.0200,0.0778 | ba = -0.0377,0.0407,0.0560
camera-imu timeoffset = -0.00005
cam0 intrinsics = 460.105,458.924,370.183,250.144 | -0.275,0.067,0.001,0.001
cam1 intrinsics = 458.964,457.726,382.420,257.042 | -0.276,0.068,0.001,0.001
cam0 extrinsics = -0.010,0.008,0.703,0.711 | 0.058,-0.029,-0.007
cam1 extrinsics = -0.004,0.012,0.704,0.710 | -0.054,-0.030,-0.009
q_GtoI = -0.700,-0.429,-0.489,0.293 | p_IinG = 1.289,3.046,0.837 | dist = 3.87 (meters)
bg = -0.0011,0.0198,0.0778 | ba = -0.0362,0.0394,0.0569
camera-imu timeoffset = -0.00004
cam0 intrinsics = 460.103,458.915,370.170,250.154 | -0.275,0.067,0.001,0.001
cam1 intrinsics = 458.961,457.715,382.393,257.055 | -0.276,0.068,0.001,0.001
cam0 extrinsics = -0.010,0.008,0.703,0.711 | 0.058,-0.029,-0.007
cam1 extrinsics = -0.004,0.012,0.704,0.710 | -0.054,-0.030,-0.009
q_GtoI = -0.701,-0.430,-0.488,0.293 | p_IinG = 1.291,3.092,0.840 | dist = 3.92 (meters)
bg = -0.0011,0.0197,0.0778 | ba = -0.0343,0.0386,0.0577
camera-imu timeoffset = -0.00005
cam0 intrinsics = 460.098,458.912,370.154,250.163 | -0.275,0.067,0.001,0.001
cam1 intrinsics = 458.955,457.708,382.364,257.068 | -0.276,0.068,0.001,0.001
cam0 extrinsics = -0.010,0.008,0.703,0.711 | 0.057,-0.029,-0.007
cam1 extrinsics = -0.004,0.012,0.704,0.710 | -0.054,-0.030,-0.009
q_GtoI = -0.701,-0.430,-0.487,0.293 | p_IinG = 1.292,3.136,0.841 | dist = 3.97 (meters)
bg = -0.0012,0.0196,0.0779 | ba = -0.0323,0.0378,0.0587
camera-imu timeoffset = -0.00005
cam0 intrinsics = 460.092,458.907,370.144,250.171 | -0.275,0.067,0.001,0.001
cam1 intrinsics = 458.946,457.700,382.337,257.077 | -0.276,0.068,0.001,0.001
cam0 extrinsics = -0.010,0.008,0.703,0.711 | 0.057,-0.029,-0.007
cam1 extrinsics = -0.004,0.012,0.704,0.710 | -0.055,-0.030,-0.009
q_GtoI = -0.700,-0.430,-0.488,0.294 | p_IinG = 1.294,3.180,0.840 | dist = 4.02 (meters)
bg = -0.0013,0.0194,0.0779 | ba = -0.0303,0.0365,0.0599
camera-imu timeoffset = -0.00004
cam0 intrinsics = 460.087,458.904,370.132,250.178 | -0.275,0.067,0.001,0.001
cam1 intrinsics = 458.942,457.694,382.301,257.089 | -0.276,0.068,0.001,0.001
cam0 extrinsics = -0.010,0.008,0.703,0.711 | 0.057,-0.029,-0.007
cam1 extrinsics = -0.004,0.012,0.704,0.710 | -0.055,-0.030,-0.009
q_GtoI = -0.700,-0.430,-0.489,0.295 | p_IinG = 1.296,3.224,0.838 | dist = 4.07 (meters)
bg = -0.0013,0.0193,0.0779 | ba = -0.0286,0.0354,0.0610
camera-imu timeoffset = -0.00004
cam0 intrinsics = 460.081,458.901,370.119,250.182 | -0.275,0.067,0.001,0.001
cam1 intrinsics = 458.931,457.688,382.274,257.098 | -0.276,0.068,0.001,0.001
cam0 extrinsics = -0.010,0.008,0.703,0.711 | 0.057,-0.029,-0.007
cam1 extrinsics = -0.004,0.012,0.704,0.710 | -0.055,-0.030,-0.009
q_GtoI = -0.699,-0.430,-0.489,0.296 | p_IinG = 1.299,3.268,0.836 | dist = 4.12 (meters)
bg = -0.0014,0.0193,0.0780 | ba = -0.0277,0.0342,0.0624
camera-imu timeoffset = -0.00004
cam0 intrinsics = 460.084,458.897,370.107,250.191 | -0.275,0.067,0.001,0.001
cam1 intrinsics = 458.939,457.685,382.242,257.100 | -0.276,0.068,0.001,0.001
cam0 extrinsics = -0.010,0.008,0.703,0.711 | 0.056,-0.029,-0.007
cam1 extrinsics = -0.004,0.012,0.704,0.710 | -0.055,-0.030,-0.009
q_GtoI = -0.699,-0.431,-0.488,0.295 | p_IinG = 1.302,3.313,0.833 | dist = 4.16 (meters)
bg = -0.0015,0.0193,0.0780 | ba = -0.0271,0.0331,0.0635
camera-imu timeoffset = -0.00003
cam0 intrinsics = 460.087,458.891,370.099,250.195 | -0.275,0.067,0.001,0.001
cam1 intrinsics = 458.939,457.675,382.209,257.101 | -0.276,0.068,0.001,0.001
cam0 extrinsics = -0.010,0.008,0.703,0.711 | 0.056,-0.029,-0.007
cam1 extrinsics = -0.004,0.012,0.704,0.710 | -0.055,-0.030,-0.009
q_GtoI = -0.699,-0.432,-0.488,0.294 | p_IinG = 1.305,3.358,0.828 | dist = 4.21 (meters)
bg = -0.0016,0.0193,0.0780 | ba = -0.0268,0.0320,0.0646
camera-imu timeoffset = -0.00002
cam0 intrinsics = 460.094,458.881,370.086,250.200 | -0.275,0.067,0.001,0.001
cam1 intrinsics = 458.943,457.661,382.171,257.103 | -0.276,0.068,0.001,0.001
cam0 extrinsics = -0.010,0.008,0.703,0.711 | 0.056,-0.029,-0.007
cam1 extrinsics = -0.004,0.012,0.704,0.710 | -0.056,-0.030,-0.009
q_GtoI = -0.699,-0.432,-0.488,0.294 | p_IinG = 1.309,3.403,0.823 | dist = 4.26 (meters)
bg = -0.0017,0.0192,0.0779 | ba = -0.0268,0.0305,0.0659
camera-imu timeoffset = -0.00001
cam0 intrinsics = 460.111,458.874,370.061,250.214 | -0.275,0.067,0.001,0.001
cam1 intrinsics = 458.958,457.651,382.124,257.117 | -0.276,0.068,0.001,0.001
cam0 extrinsics = -0.010,0.007,0.703,0.711 | 0.056,-0.029,-0.007
cam1 extrinsics = -0.004,0.012,0.704,0.710 | -0.056,-0.030,-0.009
q_GtoI = -0.697,-0.432,-0.490,0.295 | p_IinG = 1.314,3.450,0.817 | dist = 4.30 (meters)
bg = -0.0017,0.0192,0.0779 | ba = -0.0272,0.0285,0.0672
camera-imu timeoffset = -0.00001
cam0 intrinsics = 460.140,458.868,370.014,250.244 | -0.275,0.067,0.001,0.001
cam1 intrinsics = 458.983,457.639,382.046,257.146 | -0.276,0.068,0.001,0.001
cam0 extrinsics = -0.010,0.007,0.703,0.711 | 0.055,-0.029,-0.007
cam1 extrinsics = -0.004,0.012,0.704,0.710 | -0.056,-0.030,-0.009
q_GtoI = -0.696,-0.431,-0.492,0.297 | p_IinG = 1.319,3.496,0.809 | dist = 4.35 (meters)
bg = -0.0018,0.0193,0.0778 | ba = -0.0274,0.0265,0.0676
camera-imu timeoffset = -0.00001
cam0 intrinsics = 460.165,458.859,369.970,250.259 | -0.275,0.067,0.001,0.001
cam1 intrinsics = 459.013,457.635,382.010,257.153 | -0.276,0.068,0.001,0.001
cam0 extrinsics = -0.010,0.007,0.703,0.711 | 0.055,-0.029,-0.007
cam1 extrinsics = -0.004,0.012,0.704,0.710 | -0.056,-0.030,-0.010
q_GtoI = -0.697,-0.431,-0.491,0.297 | p_IinG = 1.322,3.539,0.798 | dist = 4.40 (meters)
bg = -0.0019,0.0192,0.0778 | ba = -0.0260,0.0252,0.0664
camera-imu timeoffset = -0.00001
cam0 intrinsics = 460.187,458.856,369.914,250.301 | -0.275,0.067,0.001,0.001
cam1 intrinsics = 459.056,457.636,381.947,257.160 | -0.276,0.068,0.001,0.001
cam0 extrinsics = -0.010,0.007,0.703,0.711 | 0.055,-0.029,-0.007
cam1 extrinsics = -0.004,0.012,0.704,0.710 | -0.057,-0.030,-0.010
q_GtoI = -0.696,-0.432,-0.490,0.299 | p_IinG = 1.326,3.584,0.788 | dist = 4.44 (meters)
bg = -0.0020,0.0191,0.0778 | ba = -0.0255,0.0232,0.0661
camera-imu timeoffset = -0.00001
cam0 intrinsics = 460.202,458.858,369.875,250.317 | -0.275,0.067,0.001,0.001
cam1 intrinsics = 459.076,457.639,381.920,257.174 | -0.276,0.068,0.001,0.001
cam0 extrinsics = -0.010,0.007,0.703,0.711 | 0.054,-0.029,-0.007
cam1 extrinsics = -0.004,0.012,0.704,0.710 | -0.057,-0.030,-0.010
q_GtoI = -0.695,-0.434,-0.488,0.300 | p_IinG = 1.329,3.628,0.779 | dist = 4.49 (meters)
bg = -0.0021,0.0191,0.0777 | ba = -0.0250,0.0215,0.0659
camera-imu timeoffset = -0.00001
cam0 intrinsics = 460.216,458.863,369.836,250.337 | -0.275,0.067,0.001,0.001
cam1 intrinsics = 459.093,457.645,381.891,257.194 | -0.276,0.068,0.001,0.001
cam0 extrinsics = -0.010,0.007,0.703,0.711 | 0.054,-0.029,-0.007
cam1 extrinsics = -0.005,0.012,0.704,0.710 | -0.057,-0.030,-0.010
q_GtoI = -0.694,-0.438,-0.485,0.302 | p_IinG = 1.332,3.676,0.774 | dist = 4.54 (meters)
bg = -0.0021,0.0193,0.0776 | ba = -0.0258,0.0199,0.0664
camera-imu timeoffset = -0.00001
cam0 intrinsics = 460.236,458.860,369.770,250.372 | -0.275,0.067,0.001,0.001
cam1 intrinsics = 459.120,457.643,381.863,257.234 | -0.276,0.068,0.001,0.001
cam0 extrinsics = -0.010,0.007,0.703,0.711 | 0.053,-0.029,-0.008
cam1 extrinsics = -0.005,0.012,0.704,0.710 | -0.058,-0.030,-0.010
q_GtoI = -0.691,-0.442,-0.482,0.307 | p_IinG = 1.334,3.730,0.773 | dist = 4.58 (meters)
bg = -0.0019,0.0194,0.0776 | ba = -0.0258,0.0215,0.0672
camera-imu timeoffset = -0.00002
cam0 intrinsics = 460.258,458.883,369.729,250.338 | -0.275,0.067,0.001,0.001
cam1 intrinsics = 459.155,457.663,381.769,257.274 | -0.276,0.068,0.001,0.001
cam0 extrinsics = -0.010,0.007,0.703,0.711 | 0.053,-0.029,-0.008
cam1 extrinsics = -0.005,0.011,0.704,0.710 | -0.058,-0.030,-0.010
q_GtoI = -0.688,-0.448,-0.479,0.311 | p_IinG = 1.336,3.777,0.770 | dist = 4.63 (meters)
bg = -0.0018,0.0193,0.0775 | ba = -0.0245,0.0207,0.0681
camera-imu timeoffset = -0.00002
cam0 intrinsics = 460.260,458.888,369.691,250.370 | -0.275,0.067,0.001,0.001
cam1 intrinsics = 459.160,457.668,381.741,257.305 | -0.276,0.068,0.001,0.001
cam0 extrinsics = -0.010,0.007,0.703,0.711 | 0.053,-0.029,-0.007
cam1 extrinsics = -0.005,0.011,0.704,0.710 | -0.058,-0.030,-0.010
q_GtoI = -0.684,-0.456,-0.475,0.314 | p_IinG = 1.339,3.824,0.768 | dist = 4.68 (meters)
bg = -0.0018,0.0193,0.0775 | ba = -0.0227,0.0202,0.0686
camera-imu timeoffset = -0.00002
cam0 intrinsics = 460.272,458.891,369.662,250.390 | -0.275,0.067,0.001,0.001
cam1 intrinsics = 459.178,457.672,381.722,257.324 | -0.276,0.068,0.001,0.001
cam0 extrinsics = -0.010,0.007,0.703,0.711 | 0.053,-0.029,-0.007
cam1 extrinsics = -0.005,0.011,0.704,0.710 | -0.058,-0.030,-0.010
q_GtoI = -0.679,-0.464,-0.471,0.319 | p_IinG = 1.342,3.871,0.767 | dist = 4.72 (meters)
bg = -0.0018,0.0191,0.0775 | ba = -0.0215,0.0212,0.0695
camera-imu timeoffset = -0.00001
cam0 intrinsics = 460.286,458.888,369.648,250.392 | -0.275,0.067,0.001,0.001
cam1 intrinsics = 459.191,457.666,381.709,257.326 | -0.276,0.068,0.001,0.001
cam0 extrinsics = -0.010,0.007,0.703,0.711 | 0.054,-0.029,-0.007
cam1 extrinsics = -0.005,0.011,0.704,0.710 | -0.057,-0.030,-0.010
q_GtoI = -0.672,-0.473,-0.468,0.324 | p_IinG = 1.344,3.917,0.768 | dist = 4.77 (meters)
bg = -0.0017,0.0188,0.0775 | ba = -0.0197,0.0228,0.0706
camera-imu timeoffset = -0.00002
cam0 intrinsics = 460.314,458.888,369.660,250.384 | -0.275,0.067,0.001,0.001
cam1 intrinsics = 459.218,457.662,381.722,257.307 | -0.276,0.068,0.001,0.001
cam0 extrinsics = -0.010,0.007,0.703,0.711 | 0.054,-0.029,-0.007
cam1 extrinsics = -0.005,0.011,0.704,0.710 | -0.057,-0.030,-0.010
q_GtoI = -0.667,-0.482,-0.463,0.330 | p_IinG = 1.345,3.962,0.772 | dist = 4.81 (meters)
bg = -0.0017,0.0186,0.0774 | ba = -0.0193,0.0255,0.0720
camera-imu timeoffset = -0.00003
cam0 intrinsics = 460.360,458.894,369.680,250.389 | -0.275,0.067,0.001,0.001
cam1 intrinsics = 459.260,457.662,381.741,257.316 | -0.276,0.068,0.001,0.001
cam0 extrinsics = -0.010,0.007,0.703,0.711 | 0.055,-0.029,-0.008
cam1 extrinsics = -0.005,0.011,0.704,0.710 | -0.056,-0.030,-0.010
q_GtoI = -0.659,-0.493,-0.459,0.334 | p_IinG = 1.347,4.007,0.778 | dist = 4.86 (meters)
bg = -0.0016,0.0184,0.0774 | ba = -0.0182,0.0277,0.0736
camera-imu timeoffset = -0.00003
cam0 intrinsics = 460.415,458.897,369.697,250.395 | -0.275,0.068,0.001,0.001
cam1 intrinsics = 459.311,457.661,381.753,257.329 | -0.276,0.068,0.001,0.001
cam0 extrinsics = -0.010,0.007,0.703,0.711 | 0.056,-0.029,-0.008
cam1 extrinsics = -0.005,0.011,0.704,0.710 | -0.055,-0.030,-0.011
q_GtoI = -0.652,-0.503,-0.454,0.339 | p_IinG = 1.348,4.050,0.785 | dist = 4.90 (meters)
bg = -0.0016,0.0182,0.0775 | ba = -0.0181,0.0297,0.0741
camera-imu timeoffset = -0.00002
cam0 intrinsics = 460.445,458.901,369.685,250.382 | -0.275,0.068,0.001,0.001
cam1 intrinsics = 459.343,457.668,381.754,257.332 | -0.276,0.068,0.001,0.001
cam0 extrinsics = -0.010,0.007,0.703,0.711 | 0.057,-0.029,-0.008
cam1 extrinsics = -0.005,0.011,0.704,0.710 | -0.054,-0.030,-0.011
q_GtoI = -0.645,-0.512,-0.451,0.342 | p_IinG = 1.349,4.091,0.794 | dist = 4.95 (meters)
bg = -0.0015,0.0182,0.0776 | ba = -0.0181,0.0315,0.0747
camera-imu timeoffset = -0.00000
cam0 intrinsics = 460.487,458.897,369.705,250.367 | -0.275,0.068,0.001,0.001
cam1 intrinsics = 459.378,457.662,381.774,257.353 | -0.276,0.068,0.001,0.001
cam0 extrinsics = -0.010,0.007,0.703,0.711 | 0.057,-0.029,-0.008
cam1 extrinsics = -0.005,0.011,0.704,0.710 | -0.054,-0.030,-0.011
q_GtoI = -0.639,-0.521,-0.449,0.345 | p_IinG = 1.350,4.137,0.803 | dist = 4.99 (meters)
bg = -0.0014,0.0181,0.0776 | ba = -0.0180,0.0323,0.0748
camera-imu timeoffset = -0.00000
cam0 intrinsics = 460.516,458.886,369.685,250.357 | -0.275,0.068,0.001,0.001
cam1 intrinsics = 459.407,457.653,381.753,257.357 | -0.276,0.069,0.001,0.001
cam0 extrinsics = -0.011,0.007,0.703,0.711 | 0.057,-0.029,-0.008
cam1 extrinsics = -0.005,0.011,0.704,0.710 | -0.054,-0.030,-0.011
q_GtoI = -0.634,-0.528,-0.446,0.348 | p_IinG = 1.351,4.184,0.811 | dist = 5.04 (meters)
bg = -0.0013,0.0181,0.0776 | ba = -0.0178,0.0329,0.0747
camera-imu timeoffset = 0.00000
cam0 intrinsics = 460.551,458.882,369.678,250.358 | -0.275,0.068,0.001,0.001
cam1 intrinsics = 459.443,457.648,381.752,257.364 | -0.276,0.069,0.001,0.001
cam0 extrinsics = -0.011,0.007,0.703,0.711 | 0.057,-0.029,-0.008
cam1 extrinsics = -0.005,0.011,0.704,0.710 | -0.054,-0.030,-0.011
q_GtoI = -0.630,-0.532,-0.443,0.352 | p_IinG = 1.351,4.233,0.817 | dist = 5.09 (meters)
bg = -0.0012,0.0181,0.0776 | ba = -0.0175,0.0329,0.0745
camera-imu timeoffset = 0.00001
cam0 intrinsics = 460.590,458.873,369.692,250.373 | -0.275,0.068,0.001,0.001
cam1 intrinsics = 459.484,457.643,381.765,257.384 | -0.276,0.069,0.001,0.001
cam0 extrinsics = -0.011,0.007,0.703,0.711 | 0.057,-0.029,-0.009
cam1 extrinsics = -0.005,0.011,0.704,0.710 | -0.054,-0.030,-0.011
q_GtoI = -0.627,-0.536,-0.440,0.355 | p_IinG = 1.351,4.281,0.822 | dist = 5.13 (meters)
bg = -0.0010,0.0180,0.0775 | ba = -0.0181,0.0335,0.0745
camera-imu timeoffset = 0.00002
cam0 intrinsics = 460.676,458.849,369.745,250.418 | -0.275,0.068,0.001,0.001
cam1 intrinsics = 459.530,457.595,381.724,257.429 | -0.276,0.069,0.001,0.001
cam0 extrinsics = -0.011,0.007,0.703,0.711 | 0.058,-0.029,-0.009
cam1 extrinsics = -0.005,0.011,0.704,0.710 | -0.053,-0.030,-0.011
q_GtoI = -0.624,-0.539,-0.438,0.357 | p_IinG = 1.351,4.328,0.824 | dist = 5.18 (meters)
bg = -0.0009,0.0180,0.0776 | ba = -0.0190,0.0327,0.0744
camera-imu timeoffset = 0.00002
cam0 intrinsics = 460.736,458.869,369.816,250.479 | -0.275,0.068,0.001,0.001
cam1 intrinsics = 459.585,457.613,381.789,257.506 | -0.276,0.068,0.001,0.001
cam0 extrinsics = -0.011,0.007,0.703,0.711 | 0.058,-0.030,-0.008
cam1 extrinsics = -0.005,0.011,0.704,0.710 | -0.053,-0.030,-0.011
q_GtoI = -0.623,-0.541,-0.435,0.360 | p_IinG = 1.352,4.379,0.826 | dist = 5.22 (meters)
bg = -0.0009,0.0180,0.0776 | ba = -0.0201,0.0310,0.0742
camera-imu timeoffset = 0.00000
cam0 intrinsics = 460.776,458.875,369.837,250.497 | -0.275,0.068,0.001,0.001
cam1 intrinsics = 459.630,457.622,381.812,257.527 | -0.276,0.068,0.001,0.001
cam0 extrinsics = -0.011,0.007,0.703,0.711 | 0.059,-0.030,-0.008
cam1 extrinsics = -0.005,0.011,0.704,0.710 | -0.052,-0.031,-0.011
q_GtoI = -0.623,-0.541,-0.433,0.362 | p_IinG = 1.352,4.428,0.826 | dist = 5.27 (meters)
bg = -0.0009,0.0181,0.0776 | ba = -0.0212,0.0299,0.0745
camera-imu timeoffset = -0.00001
cam0 intrinsics = 460.796,458.880,369.843,250.529 | -0.275,0.068,0.001,0.001
cam1 intrinsics = 459.661,457.638,381.806,257.559 | -0.276,0.069,0.001,0.001
cam0 extrinsics = -0.011,0.007,0.703,0.711 | 0.059,-0.030,-0.008
cam1 extrinsics = -0.005,0.011,0.704,0.710 | -0.052,-0.031,-0.011
q_GtoI = -0.623,-0.542,-0.431,0.364 | p_IinG = 1.354,4.479,0.825 | dist = 5.32 (meters)
bg = -0.0009,0.0182,0.0776 | ba = -0.0215,0.0285,0.0746
camera-imu timeoffset = -0.00000
cam0 intrinsics = 460.832,458.873,369.852,250.561 | -0.275,0.068,0.001,0.001
cam1 intrinsics = 459.708,457.643,381.800,257.585 | -0.276,0.069,0.001,0.001
cam0 extrinsics = -0.011,0.007,0.703,0.711 | 0.060,-0.030,-0.008
cam1 extrinsics = -0.005,0.011,0.704,0.710 | -0.051,-0.031,-0.011
q_GtoI = -0.623,-0.543,-0.430,0.365 | p_IinG = 1.356,4.531,0.823 | dist = 5.37 (meters)
bg = -0.0009,0.0182,0.0776 | ba = -0.0226,0.0271,0.0760
camera-imu timeoffset = 0.00001
cam0 intrinsics = 460.887,458.864,369.878,250.575 | -0.275,0.068,0.001,0.001
cam1 intrinsics = 459.762,457.631,381.810,257.613 | -0.276,0.069,0.001,0.001
cam0 extrinsics = -0.011,0.007,0.703,0.711 | 0.060,-0.030,-0.008
cam1 extrinsics = -0.005,0.011,0.704,0.710 | -0.051,-0.031,-0.011
q_GtoI = -0.622,-0.543,-0.429,0.365 | p_IinG = 1.355,4.583,0.820 | dist = 5.41 (meters)
bg = -0.0007,0.0184,0.0777 | ba = -0.0223,0.0268,0.0755
camera-imu timeoffset = 0.00001
cam0 intrinsics = 460.960,458.913,369.908,250.589 | -0.276,0.068,0.001,0.001
cam1 intrinsics = 459.814,457.666,381.829,257.635 | -0.276,0.069,0.001,0.001
cam0 extrinsics = -0.011,0.007,0.703,0.711 | 0.061,-0.030,-0.008
cam1 extrinsics = -0.005,0.011,0.704,0.710 | -0.051,-0.031,-0.011
q_GtoI = -0.620,-0.546,-0.429,0.365 | p_IinG = 1.355,4.636,0.820 | dist = 5.46 (meters)
bg = -0.0007,0.0185,0.0776 | ba = -0.0229,0.0268,0.0765
camera-imu timeoffset = 0.00000
cam0 intrinsics = 460.998,458.908,369.920,250.593 | -0.276,0.068,0.001,0.001
cam1 intrinsics = 459.853,457.662,381.828,257.645 | -0.276,0.069,0.001,0.001
cam0 extrinsics = -0.011,0.007,0.703,0.711 | 0.061,-0.030,-0.008
cam1 extrinsics = -0.005,0.011,0.704,0.710 | -0.051,-0.031,-0.011
q_GtoI = -0.618,-0.548,-0.427,0.367 | p_IinG = 1.355,4.689,0.821 | dist = 5.51 (meters)
bg = -0.0007,0.0185,0.0776 | ba = -0.0232,0.0270,0.0777
camera-imu timeoffset = -0.00001
cam0 intrinsics = 461.032,458.904,369.936,250.600 | -0.276,0.068,0.001,0.001
cam1 intrinsics = 459.887,457.659,381.828,257.651 | -0.276,0.069,0.001,0.001
cam0 extrinsics = -0.011,0.007,0.703,0.711 | 0.061,-0.031,-0.008
cam1 extrinsics = -0.005,0.011,0.704,0.710 | -0.051,-0.031,-0.011
q_GtoI = -0.615,-0.551,-0.426,0.369 | p_IinG = 1.355,4.743,0.823 | dist = 5.56 (meters)
bg = -0.0007,0.0185,0.0776 | ba = -0.0235,0.0270,0.0779
camera-imu timeoffset = -0.00000
cam0 intrinsics = 461.063,458.909,369.924,250.628 | -0.276,0.068,0.001,0.001
cam1 intrinsics = 459.918,457.657,381.847,257.665 | -0.276,0.069,0.001,0.001
cam0 extrinsics = -0.011,0.007,0.703,0.711 | 0.061,-0.031,-0.008
cam1 extrinsics = -0.005,0.011,0.704,0.710 | -0.051,-0.031,-0.011
q_GtoI = -0.613,-0.554,-0.425,0.371 | p_IinG = 1.355,4.798,0.828 | dist = 5.61 (meters)
bg = -0.0007,0.0185,0.0776 | ba = -0.0235,0.0273,0.0787
camera-imu timeoffset = 0.00000
cam0 intrinsics = 461.095,458.916,369.946,250.667 | -0.276,0.068,0.001,0.001
cam1 intrinsics = 459.955,457.664,381.885,257.688 | -0.276,0.069,0.001,0.001
cam0 extrinsics = -0.011,0.007,0.703,0.711 | 0.060,-0.031,-0.008
cam1 extrinsics = -0.005,0.011,0.704,0.710 | -0.051,-0.032,-0.011
q_GtoI = -0.610,-0.556,-0.425,0.371 | p_IinG = 1.354,4.856,0.836 | dist = 5.66 (meters)
bg = -0.0007,0.0186,0.0776 | ba = -0.0228,0.0286,0.0789
camera-imu timeoffset = -0.00002
cam0 intrinsics = 461.123,458.923,369.968,250.702 | -0.276,0.068,0.001,0.001
cam1 intrinsics = 459.979,457.668,381.892,257.725 | -0.276,0.069,0.001,0.001
cam0 extrinsics = -0.011,0.007,0.703,0.711 | 0.060,-0.031,-0.008
cam1 extrinsics = -0.005,0.011,0.704,0.710 | -0.052,-0.032,-0.010
q_GtoI = -0.608,-0.559,-0.424,0.371 | p_IinG = 1.353,4.914,0.846 | dist = 5.71 (meters)
bg = -0.0006,0.0186,0.0776 | ba = -0.0220,0.0294,0.0788
camera-imu timeoffset = -0.00002
cam0 intrinsics = 461.166,458.940,369.990,250.732 | -0.276,0.068,0.001,0.001
cam1 intrinsics = 460.021,457.684,381.903,257.745 | -0.276,0.069,0.001,0.001
cam0 extrinsics = -0.011,0.007,0.703,0.711 | 0.060,-0.031,-0.008
cam1 extrinsics = -0.005,0.011,0.704,0.710 | -0.052,-0.032,-0.010
q_GtoI = -0.606,-0.561,-0.424,0.372 | p_IinG = 1.352,4.977,0.858 | dist = 5.77 (meters)
bg = -0.0006,0.0187,0.0776 | ba = -0.0200,0.0307,0.0780
camera-imu timeoffset = -0.00000
cam0 intrinsics = 461.208,458.958,369.998,250.733 | -0.276,0.068,0.001,0.001
cam1 intrinsics = 460.067,457.706,381.920,257.744 | -0.276,0.069,0.001,0.001
cam0 extrinsics = -0.011,0.007,0.703,0.711 | 0.060,-0.032,-0.008
cam1 extrinsics = -0.005,0.011,0.704,0.710 | -0.052,-0.033,-0.010
q_GtoI = -0.605,-0.563,-0.424,0.371 | p_IinG = 1.351,5.041,0.867 | dist = 5.82 (meters)
bg = -0.0005,0.0187,0.0776 | ba = -0.0176,0.0313,0.0769
camera-imu timeoffset = 0.00003
cam0 intrinsics = 461.252,458.978,370.010,250.742 | -0.276,0.068,0.001,0.001
cam1 intrinsics = 460.124,457.746,381.945,257.747 | -0.277,0.069,0.001,0.001
cam0 extrinsics = -0.011,0.007,0.703,0.711 | 0.060,-0.032,-0.007
cam1 extrinsics = -0.005,0.011,0.704,0.710 | -0.052,-0.033,-0.010
q_GtoI = -0.603,-0.565,-0.425,0.371 | p_IinG = 1.353,5.107,0.876 | dist = 5.87 (meters)
bg = -0.0006,0.0185,0.0773 | ba = -0.0160,0.0322,0.0757
camera-imu timeoffset = 0.00002
cam0 intrinsics = 461.332,458.940,369.994,250.769 | -0.276,0.068,0.001,0.001
cam1 intrinsics = 460.200,457.719,381.949,257.787 | -0.277,0.069,0.001,0.001
cam0 extrinsics = -0.011,0.007,0.703,0.711 | 0.060,-0.033,-0.007
cam1 extrinsics = -0.005,0.011,0.704,0.711 | -0.052,-0.033,-0.009
q_GtoI = -0.601,-0.566,-0.425,0.370 | p_IinG = 1.350,5.168,0.882 | dist = 5.92 (meters)
bg = -0.0006,0.0184,0.0774 | ba = -0.0143,0.0327,0.0744
camera-imu timeoffset = 0.00002
cam0 intrinsics = 461.379,458.959,369.996,250.798 | -0.276,0.068,0.001,0.001
cam1 intrinsics = 460.251,457.745,381.944,257.812 | -0.277,0.069,0.001,0.001
cam0 extrinsics = -0.011,0.007,0.703,0.711 | 0.061,-0.033,-0.007
cam1 extrinsics = -0.005,0.011,0.704,0.711 | -0.052,-0.033,-0.009
q_GtoI = -0.600,-0.568,-0.427,0.369 | p_IinG = 1.347,5.227,0.885 | dist = 5.98 (meters)
bg = -0.0006,0.0182,0.0774 | ba = -0.0131,0.0328,0.0731
camera-imu timeoffset = 0.00003
cam0 intrinsics = 461.423,458.982,369.997,250.825 | -0.276,0.068,0.001,0.001
cam1 intrinsics = 460.297,457.775,381.939,257.835 | -0.277,0.069,0.001,0.001
cam0 extrinsics = -0.011,0.007,0.703,0.711 | 0.061,-0.033,-0.007
cam1 extrinsics = -0.005,0.011,0.704,0.711 | -0.052,-0.034,-0.009
q_GtoI = -0.598,-0.570,-0.428,0.367 | p_IinG = 1.343,5.285,0.886 | dist = 6.03 (meters)
bg = -0.0006,0.0182,0.0776 | ba = -0.0106,0.0314,0.0721
camera-imu timeoffset = 0.00003
cam0 intrinsics = 461.478,459.021,370.033,250.850 | -0.276,0.068,0.001,0.001
cam1 intrinsics = 460.335,457.811,381.911,257.836 | -0.277,0.069,0.001,0.001
cam0 extrinsics = -0.011,0.007,0.703,0.711 | 0.061,-0.033,-0.007
cam1 extrinsics = -0.005,0.011,0.704,0.711 | -0.051,-0.034,-0.009
q_GtoI = -0.597,-0.571,-0.429,0.366 | p_IinG = 1.338,5.340,0.885 | dist = 6.08 (meters)
bg = -0.0006,0.0181,0.0777 | ba = -0.0093,0.0307,0.0716
camera-imu timeoffset = 0.00002
cam0 intrinsics = 461.509,459.066,370.061,250.868 | -0.276,0.068,0.001,0.001
cam1 intrinsics = 460.369,457.861,381.924,257.858 | -0.277,0.069,0.001,0.001
cam0 extrinsics = -0.011,0.007,0.703,0.711 | 0.061,-0.034,-0.006
cam1 extrinsics = -0.005,0.011,0.703,0.711 | -0.051,-0.034,-0.009
q_GtoI = -0.596,-0.572,-0.429,0.365 | p_IinG = 1.331,5.393,0.882 | dist = 6.14 (meters)
bg = -0.0007,0.0180,0.0778 | ba = -0.0077,0.0298,0.0709
camera-imu timeoffset = 0.00002
cam0 intrinsics = 461.547,459.105,370.089,250.903 | -0.276,0.068,0.001,0.001
cam1 intrinsics = 460.411,457.903,381.929,257.895 | -0.277,0.069,0.001,0.001
cam0 extrinsics = -0.011,0.007,0.703,0.711 | 0.061,-0.034,-0.006
cam1 extrinsics = -0.005,0.011,0.703,0.711 | -0.051,-0.034,-0.009
q_GtoI = -0.595,-0.573,-0.431,0.364 | p_IinG = 1.323,5.444,0.879 | dist = 6.19 (meters)
bg = -0.0008,0.0179,0.0779 | ba = -0.0060,0.0293,0.0699
camera-imu timeoffset = 0.00002
cam0 intrinsics = 461.574,459.158,370.116,250.925 | -0.276,0.068,0.001,0.001
cam1 intrinsics = 460.438,457.955,381.934,257.932 | -0.277,0.069,0.001,0.001
cam0 extrinsics = -0.011,0.007,0.703,0.711 | 0.061,-0.034,-0.006
cam1 extrinsics = -0.005,0.011,0.703,0.711 | -0.051,-0.034,-0.008
q_GtoI = -0.595,-0.573,-0.431,0.364 | p_IinG = 1.315,5.498,0.875 | dist = 6.24 (meters)
bg = -0.0009,0.0179,0.0779 | ba = -0.0056,0.0279,0.0692
camera-imu timeoffset = 0.00003
cam0 intrinsics = 461.595,459.223,370.140,250.941 | -0.276,0.068,0.001,0.001
cam1 intrinsics = 460.468,458.029,381.958,257.952 | -0.277,0.069,0.001,0.001
cam0 extrinsics = -0.011,0.007,0.703,0.712 | 0.061,-0.034,-0.006
cam1 extrinsics = -0.005,0.011,0.703,0.711 | -0.051,-0.035,-0.009
q_GtoI = -0.596,-0.571,-0.429,0.367 | p_IinG = 1.304,5.555,0.872 | dist = 6.30 (meters)
bg = -0.0009,0.0178,0.0780 | ba = -0.0054,0.0270,0.0684
camera-imu timeoffset = 0.00002
cam0 intrinsics = 461.644,459.272,370.157,250.958 | -0.276,0.068,0.001,0.001
cam1 intrinsics = 460.524,458.086,381.959,257.981 | -0.277,0.069,0.001,0.001
cam0 extrinsics = -0.011,0.007,0.703,0.712 | 0.062,-0.034,-0.006
cam1 extrinsics = -0.005,0.011,0.703,0.711 | -0.051,-0.035,-0.009
q_GtoI = -0.598,-0.569,-0.427,0.369 | p_IinG = 1.293,5.612,0.867 | dist = 6.35 (meters)
bg = -0.0010,0.0178,0.0780 | ba = -0.0054,0.0259,0.0672
camera-imu timeoffset = 0.00002
cam0 intrinsics = 461.680,459.305,370.171,250.983 | -0.276,0.068,0.001,0.001
cam1 intrinsics = 460.560,458.119,381.965,258.013 | -0.277,0.069,0.001,0.001
cam0 extrinsics = -0.011,0.007,0.702,0.712 | 0.062,-0.034,-0.006
cam1 extrinsics = -0.005,0.011,0.703,0.711 | -0.051,-0.035,-0.009
q_GtoI = -0.600,-0.567,-0.425,0.372 | p_IinG = 1.282,5.671,0.862 | dist = 6.41 (meters)
bg = -0.0009,0.0178,0.0779 | ba = -0.0049,0.0245,0.0666
camera-imu timeoffset = 0.00001
cam0 intrinsics = 461.706,459.336,370.165,251.004 | -0.276,0.068,0.001,0.001
cam1 intrinsics = 460.584,458.152,381.998,258.051 | -0.277,0.069,0.001,0.001
cam0 extrinsics = -0.011,0.007,0.702,0.712 | 0.062,-0.035,-0.006
cam1 extrinsics = -0.005,0.011,0.703,0.711 | -0.051,-0.035,-0.009
q_GtoI = -0.602,-0.565,-0.423,0.373 | p_IinG = 1.271,5.729,0.856 | dist = 6.47 (meters)
bg = -0.0009,0.0179,0.0779 | ba = -0.0043,0.0234,0.0665
camera-imu timeoffset = 0.00002
cam0 intrinsics = 461.720,459.375,370.178,251.026 | -0.276,0.068,0.001,0.001
cam1 intrinsics = 460.597,458.193,382.023,258.087 | -0.277,0.069,0.001,0.001
cam0 extrinsics = -0.011,0.007,0.702,0.712 | 0.062,-0.035,-0.006
cam1 extrinsics = -0.005,0.011,0.703,0.711 | -0.051,-0.035,-0.009
q_GtoI = -0.604,-0.564,-0.421,0.374 | p_IinG = 1.259,5.790,0.850 | dist = 6.52 (meters)
bg = -0.0008,0.0179,0.0778 | ba = -0.0039,0.0230,0.0670
camera-imu timeoffset = 0.00002
cam0 intrinsics = 461.723,459.407,370.199,251.043 | -0.276,0.068,0.001,0.001
cam1 intrinsics = 460.601,458.226,382.068,258.112 | -0.277,0.069,0.001,0.001
cam0 extrinsics = -0.011,0.007,0.702,0.712 | 0.062,-0.035,-0.006
cam1 extrinsics = -0.005,0.011,0.703,0.711 | -0.051,-0.035,-0.009
q_GtoI = -0.605,-0.563,-0.421,0.375 | p_IinG = 1.246,5.847,0.841 | dist = 6.58 (meters)
bg = -0.0008,0.0180,0.0778 | ba = -0.0043,0.0220,0.0656
camera-imu timeoffset = 0.00002
cam0 intrinsics = 461.733,459.440,370.196,251.059 | -0.276,0.068,0.001,0.001
cam1 intrinsics = 460.601,458.254,382.069,258.136 | -0.277,0.069,0.001,0.001
cam0 extrinsics = -0.011,0.007,0.702,0.712 | 0.062,-0.035,-0.007
cam1 extrinsics = -0.005,0.011,0.703,0.711 | -0.051,-0.035,-0.009
q_GtoI = -0.605,-0.562,-0.421,0.375 | p_IinG = 1.233,5.906,0.832 | dist = 6.64 (meters)
bg = -0.0008,0.0180,0.0777 | ba = -0.0047,0.0212,0.0646
camera-imu timeoffset = 0.00002
cam0 intrinsics = 461.736,459.471,370.190,251.056 | -0.276,0.068,0.001,0.001
cam1 intrinsics = 460.606,458.288,382.085,258.139 | -0.277,0.069,0.001,0.001
cam0 extrinsics = -0.011,0.007,0.702,0.712 | 0.062,-0.035,-0.007
cam1 extrinsics = -0.005,0.011,0.703,0.711 | -0.051,-0.035,-0.009
q_GtoI = -0.605,-0.562,-0.422,0.373 | p_IinG = 1.219,5.967,0.822 | dist = 6.70 (meters)
bg = -0.0008,0.0181,0.0777 | ba = -0.0049,0.0205,0.0642
camera-imu timeoffset = 0.00002
cam0 intrinsics = 461.727,459.502,370.191,251.050 | -0.276,0.068,0.001,0.001
cam1 intrinsics = 460.606,458.328,382.115,258.142 | -0.277,0.069,0.001,0.001
cam0 extrinsics = -0.011,0.007,0.702,0.712 | 0.062,-0.034,-0.007
cam1 extrinsics = -0.005,0.011,0.703,0.711 | -0.051,-0.035,-0.009
q_GtoI = -0.605,-0.562,-0.423,0.372 | p_IinG = 1.206,6.026,0.811 | dist = 6.76 (meters)
bg = -0.0008,0.0182,0.0777 | ba = -0.0048,0.0199,0.0650
camera-imu timeoffset = 0.00002
cam0 intrinsics = 461.735,459.526,370.228,251.058 | -0.276,0.068,0.001,0.001
cam1 intrinsics = 460.616,458.354,382.180,258.160 | -0.277,0.069,0.001,0.001
cam0 extrinsics = -0.011,0.007,0.702,0.712 | 0.061,-0.034,-0.007
cam1 extrinsics = -0.005,0.011,0.703,0.711 | -0.052,-0.035,-0.009
q_GtoI = -0.603,-0.564,-0.426,0.369 | p_IinG = 1.192,6.088,0.799 | dist = 6.82 (meters)
bg = -0.0008,0.0183,0.0777 | ba = -0.0054,0.0190,0.0646
camera-imu timeoffset = 0.00002
cam0 intrinsics = 461.741,459.533,370.236,251.040 | -0.276,0.068,0.001,0.001
cam1 intrinsics = 460.626,458.366,382.222,258.151 | -0.277,0.069,0.001,0.001
cam0 extrinsics = -0.011,0.007,0.702,0.712 | 0.061,-0.034,-0.007
cam1 extrinsics = -0.005,0.011,0.703,0.711 | -0.052,-0.035,-0.009
q_GtoI = -0.602,-0.564,-0.428,0.369 | p_IinG = 1.178,6.149,0.786 | dist = 6.88 (meters)
bg = -0.0008,0.0184,0.0778 | ba = -0.0054,0.0181,0.0649
camera-imu timeoffset = 0.00001
cam0 intrinsics = 461.759,459.535,370.263,251.025 | -0.276,0.068,0.001,0.001
cam1 intrinsics = 460.645,458.371,382.291,258.144 | -0.277,0.069,0.001,0.001
cam0 extrinsics = -0.011,0.007,0.702,0.712 | 0.061,-0.035,-0.007
cam1 extrinsics = -0.005,0.011,0.703,0.711 | -0.052,-0.035,-0.009
q_GtoI = -0.603,-0.564,-0.426,0.369 | p_IinG = 1.165,6.211,0.773 | dist = 6.94 (meters)
bg = -0.0009,0.0185,0.0777 | ba = -0.0059,0.0165,0.0639
camera-imu timeoffset = 0.00001
cam0 intrinsics = 461.769,459.552,370.275,250.999 | -0.276,0.068,0.001,0.001
cam1 intrinsics = 460.658,458.392,382.326,258.127 | -0.277,0.069,0.001,0.001
cam0 extrinsics = -0.011,0.007,0.702,0.712 | 0.061,-0.034,-0.007
cam1 extrinsics = -0.005,0.011,0.703,0.711 | -0.052,-0.035,-0.009
q_GtoI = -0.602,-0.565,-0.427,0.369 | p_IinG = 1.151,6.275,0.762 | dist = 7.00 (meters)
bg = -0.0011,0.0186,0.0777 | ba = -0.0062,0.0146,0.0634
camera-imu timeoffset = 0.00002
cam0 intrinsics = 461.752,459.566,370.287,250.955 | -0.276,0.068,0.001,0.001
cam1 intrinsics = 460.661,458.417,382.377,258.089 | -0.277,0.069,0.001,0.001
cam0 extrinsics = -0.011,0.007,0.702,0.712 | 0.061,-0.034,-0.007
cam1 extrinsics = -0.006,0.011,0.703,0.711 | -0.053,-0.035,-0.009
q_GtoI = -0.603,-0.565,-0.424,0.370 | p_IinG = 1.138,6.340,0.752 | dist = 7.06 (meters)
bg = -0.0013,0.0186,0.0776 | ba = -0.0070,0.0117,0.0625
camera-imu timeoffset = 0.00002
cam0 intrinsics = 461.762,459.589,370.291,250.921 | -0.276,0.068,0.001,0.001
cam1 intrinsics = 460.671,458.439,382.390,258.067 | -0.277,0.069,0.001,0.001
cam0 extrinsics = -0.011,0.007,0.702,0.712 | 0.060,-0.035,-0.007
cam1 extrinsics = -0.006,0.011,0.703,0.711 | -0.053,-0.035,-0.009
q_GtoI = -0.602,-0.567,-0.422,0.372 | p_IinG = 1.120,6.407,0.746 | dist = 7.13 (meters)
bg = -0.0013,0.0186,0.0775 | ba = -0.0080,0.0114,0.0623
camera-imu timeoffset = 0.00001
cam0 intrinsics = 461.742,459.611,370.265,250.910 | -0.276,0.068,0.001,0.001
cam1 intrinsics = 460.670,458.486,382.422,258.044 | -0.277,0.069,0.001,0.001
cam0 extrinsics = -0.011,0.007,0.702,0.712 | 0.060,-0.034,-0.007
cam1 extrinsics = -0.006,0.011,0.703,0.711 | -0.054,-0.035,-0.009
q_GtoI = -0.600,-0.569,-0.421,0.373 | p_IinG = 1.103,6.470,0.742 | dist = 7.19 (meters)
bg = -0.0014,0.0186,0.0775 | ba = -0.0100,0.0103,0.0629
camera-imu timeoffset = 0.00002
cam0 intrinsics = 461.737,459.637,370.275,250.901 | -0.276,0.068,0.001,0.001
cam1 intrinsics = 460.673,458.520,382.453,258.033 | -0.277,0.069,0.001,0.001
cam0 extrinsics = -0.011,0.007,0.702,0.712 | 0.060,-0.034,-0.007
cam1 extrinsics = -0.006,0.011,0.703,0.711 | -0.054,-0.035,-0.009
q_GtoI = -0.598,-0.572,-0.418,0.376 | p_IinG = 1.086,6.534,0.740 | dist = 7.25 (meters)
bg = -0.0015,0.0186,0.0775 | ba = -0.0123,0.0094,0.0642
camera-imu timeoffset = 0.00002
cam0 intrinsics = 461.736,459.672,370.281,250.882 | -0.276,0.068,0.001,0.001
cam1 intrinsics = 460.682,458.566,382.483,258.024 | -0.277,0.069,0.001,0.001
cam0 extrinsics = -0.011,0.007,0.702,0.712 | 0.059,-0.034,-0.007
cam1 extrinsics = -0.006,0.011,0.703,0.711 | -0.054,-0.035,-0.009
q_GtoI = -0.594,-0.575,-0.415,0.379 | p_IinG = 1.067,6.591,0.741 | dist = 7.32 (meters)
bg = -0.0015,0.0187,0.0774 | ba = -0.0151,0.0108,0.0663
camera-imu timeoffset = 0.00003
cam0 intrinsics = 461.735,459.732,370.336,250.858 | -0.276,0.068,0.001,0.001
cam1 intrinsics = 460.680,458.620,382.478,257.990 | -0.277,0.069,0.001,0.001
cam0 extrinsics = -0.011,0.007,0.702,0.712 | 0.060,-0.034,-0.007
cam1 extrinsics = -0.006,0.011,0.703,0.711 | -0.054,-0.035,-0.009
q_GtoI = -0.591,-0.580,-0.411,0.382 | p_IinG = 1.047,6.648,0.744 | dist = 7.38 (meters)
bg = -0.0015,0.0187,0.0773 | ba = -0.0182,0.0100,0.0684
camera-imu timeoffset = 0.00003
cam0 intrinsics = 461.710,459.772,370.336,250.880 | -0.276,0.068,0.001,0.001
cam1 intrinsics = 460.668,458.669,382.495,258.007 | -0.277,0.069,0.001,0.001
cam0 extrinsics = -0.011,0.007,0.702,0.712 | 0.059,-0.034,-0.007
cam1 extrinsics = -0.006,0.011,0.703,0.711 | -0.054,-0.035,-0.009
q_GtoI = -0.586,-0.585,-0.407,0.386 | p_IinG = 1.029,6.711,0.747 | dist = 7.45 (meters)
bg = -0.0016,0.0186,0.0772 | ba = -0.0183,0.0097,0.0694
camera-imu timeoffset = 0.00002
cam0 intrinsics = 461.685,459.788,370.330,250.876 | -0.276,0.068,0.001,0.001
cam1 intrinsics = 460.662,458.707,382.504,258.004 | -0.277,0.069,0.001,0.001
cam0 extrinsics = -0.011,0.007,0.702,0.712 | 0.059,-0.035,-0.006
cam1 extrinsics = -0.006,0.011,0.703,0.711 | -0.054,-0.035,-0.008
q_GtoI = -0.581,-0.591,-0.403,0.389 | p_IinG = 1.009,6.772,0.753 | dist = 7.51 (meters)
bg = -0.0016,0.0185,0.0771 | ba = -0.0188,0.0096,0.0705
camera-imu timeoffset = 0.00003
cam0 intrinsics = 461.677,459.809,370.339,250.860 | -0.276,0.068,0.001,0.001
cam1 intrinsics = 460.658,458.733,382.520,257.986 | -0.277,0.069,0.001,0.001
cam0 extrinsics = -0.011,0.007,0.702,0.712 | 0.059,-0.035,-0.006
cam1 extrinsics = -0.006,0.011,0.703,0.711 | -0.055,-0.035,-0.008
q_GtoI = -0.576,-0.596,-0.399,0.393 | p_IinG = 0.989,6.832,0.760 | dist = 7.58 (meters)
bg = -0.0015,0.0183,0.0771 | ba = -0.0198,0.0098,0.0721
camera-imu timeoffset = 0.00003
cam0 intrinsics = 461.676,459.838,370.365,250.808 | -0.276,0.068,0.001,0.001
cam1 intrinsics = 460.660,458.765,382.556,257.932 | -0.277,0.069,0.001,0.001
cam0 extrinsics = -0.011,0.007,0.702,0.712 | 0.059,-0.035,-0.006
cam1 extrinsics = -0.006,0.011,0.703,0.711 | -0.055,-0.035,-0.008
q_GtoI = -0.571,-0.600,-0.395,0.397 | p_IinG = 0.966,6.883,0.770 | dist = 7.64 (meters)
bg = -0.0014,0.0183,0.0770 | ba = -0.0229,0.0112,0.0746
camera-imu timeoffset = 0.00005
cam0 intrinsics = 461.705,459.866,370.373,250.719 | -0.276,0.068,0.001,0.001
cam1 intrinsics = 460.682,458.798,382.641,257.838 | -0.277,0.069,0.001,0.001
cam0 extrinsics = -0.011,0.007,0.702,0.712 | 0.059,-0.034,-0.006
cam1 extrinsics = -0.006,0.011,0.703,0.711 | -0.055,-0.035,-0.008
q_GtoI = -0.567,-0.604,-0.392,0.400 | p_IinG = 0.946,6.945,0.778 | dist = 7.71 (meters)
bg = -0.0014,0.0183,0.0770 | ba = -0.0239,0.0106,0.0755
camera-imu timeoffset = 0.00006
cam0 intrinsics = 461.720,459.891,370.381,250.672 | -0.276,0.068,0.001,0.001
cam1 intrinsics = 460.697,458.826,382.667,257.783 | -0.277,0.069,0.001,0.001
cam0 extrinsics = -0.011,0.007,0.702,0.712 | 0.059,-0.034,-0.006
cam1 extrinsics = -0.006,0.011,0.703,0.711 | -0.055,-0.035,-0.008
q_GtoI = -0.562,-0.608,-0.390,0.403 | p_IinG = 0.925,7.005,0.785 | dist = 7.78 (meters)
bg = -0.0014,0.0184,0.0771 | ba = -0.0257,0.0095,0.0763
camera-imu timeoffset = 0.00005
cam0 intrinsics = 461.736,459.924,370.382,250.600 | -0.276,0.068,0.001,0.001
cam1 intrinsics = 460.721,458.869,382.690,257.717 | -0.277,0.069,0.001,0.001
cam0 extrinsics = -0.011,0.007,0.702,0.712 | 0.058,-0.034,-0.006
cam1 extrinsics = -0.006,0.012,0.703,0.711 | -0.056,-0.035,-0.008
q_GtoI = -0.559,-0.611,-0.388,0.405 | p_IinG = 0.904,7.069,0.791 | dist = 7.84 (meters)
bg = -0.0015,0.0184,0.0771 | ba = -0.0268,0.0087,0.0766
camera-imu timeoffset = 0.00005
cam0 intrinsics = 461.737,459.933,370.369,250.578 | -0.276,0.068,0.001,0.001
cam1 intrinsics = 460.726,458.884,382.685,257.698 | -0.277,0.069,0.001,0.001
cam0 extrinsics = -0.011,0.007,0.702,0.712 | 0.057,-0.034,-0.006
cam1 extrinsics = -0.005,0.012,0.703,0.711 | -0.056,-0.035,-0.008
q_GtoI = -0.557,-0.613,-0.386,0.407 | p_IinG = 0.885,7.139,0.795 | dist = 7.91 (meters)
bg = -0.0015,0.0184,0.0771 | ba = -0.0271,0.0069,0.0767
camera-imu timeoffset = 0.00006
cam0 intrinsics = 461.735,459.939,370.343,250.571 | -0.275,0.068,0.001,0.001
cam1 intrinsics = 460.728,458.895,382.670,257.688 | -0.277,0.069,0.001,0.001
cam0 extrinsics = -0.011,0.007,0.702,0.712 | 0.057,-0.034,-0.006
cam1 extrinsics = -0.005,0.012,0.703,0.711 | -0.057,-0.035,-0.008
q_GtoI = -0.555,-0.615,-0.384,0.408 | p_IinG = 0.864,7.209,0.799 | dist = 7.98 (meters)
bg = -0.0015,0.0185,0.0771 | ba = -0.0271,0.0056,0.0763
camera-imu timeoffset = 0.00006
cam0 intrinsics = 461.729,459.937,370.312,250.571 | -0.275,0.068,0.001,0.001
cam1 intrinsics = 460.728,458.902,382.655,257.685 | -0.277,0.069,0.001,0.001
cam0 extrinsics = -0.011,0.007,0.702,0.712 | 0.056,-0.035,-0.006
cam1 extrinsics = -0.005,0.012,0.703,0.711 | -0.057,-0.035,-0.008
q_GtoI = -0.553,-0.617,-0.383,0.409 | p_IinG = 0.844,7.273,0.805 | dist = 8.04 (meters)
bg = -0.0016,0.0186,0.0771 | ba = -0.0284,0.0033,0.0768
camera-imu timeoffset = 0.00006
cam0 intrinsics = 461.727,459.932,370.296,250.581 | -0.275,0.068,0.001,0.001
cam1 intrinsics = 460.721,458.896,382.649,257.680 | -0.276,0.069,0.001,0.001
cam0 extrinsics = -0.011,0.007,0.702,0.712 | 0.056,-0.035,-0.006
cam1 extrinsics = -0.005,0.012,0.703,0.711 | -0.058,-0.035,-0.008
q_GtoI = -0.552,-0.618,-0.381,0.410 | p_IinG = 0.824,7.334,0.811 | dist = 8.11 (meters)
bg = -0.0016,0.0188,0.0771 | ba = -0.0286,0.0025,0.0771
camera-imu timeoffset = 0.00005
cam0 intrinsics = 461.740,459.927,370.300,250.630 | -0.275,0.068,0.001,0.001
cam1 intrinsics = 460.720,458.883,382.631,257.683 | -0.276,0.069,0.001,0.001
cam0 extrinsics = -0.011,0.007,0.702,0.712 | 0.056,-0.034,-0.006
cam1 extrinsics = -0.005,0.012,0.703,0.711 | -0.058,-0.035,-0.008
q_GtoI = -0.551,-0.619,-0.381,0.410 | p_IinG = 0.803,7.415,0.816 | dist = 8.18 (meters)
bg = -0.0015,0.0187,0.0769 | ba = -0.0254,0.0032,0.0753
camera-imu timeoffset = 0.00007
cam0 intrinsics = 461.765,459.913,370.347,250.643 | -0.275,0.068,0.001,0.001
cam1 intrinsics = 460.734,458.878,382.592,257.703 | -0.276,0.069,0.001,0.001
cam0 extrinsics = -0.011,0.007,0.702,0.712 | 0.056,-0.035,-0.007
cam1 extrinsics = -0.005,0.012,0.703,0.711 | -0.058,-0.035,-0.008
q_GtoI = -0.550,-0.619,-0.380,0.412 | p_IinG = 0.781,7.482,0.826 | dist = 8.25 (meters)
bg = -0.0014,0.0187,0.0768 | ba = -0.0251,0.0025,0.0734
camera-imu timeoffset = 0.00007
cam0 intrinsics = 461.774,459.897,370.363,250.646 | -0.275,0.068,0.001,0.001
cam1 intrinsics = 460.731,458.853,382.562,257.704 | -0.276,0.069,0.001,0.001
cam0 extrinsics = -0.011,0.007,0.702,0.712 | 0.056,-0.035,-0.007
cam1 extrinsics = -0.005,0.012,0.703,0.711 | -0.058,-0.035,-0.009
q_GtoI = -0.550,-0.619,-0.380,0.411 | p_IinG = 0.758,7.552,0.837 | dist = 8.32 (meters)
bg = -0.0013,0.0187,0.0768 | ba = -0.0253,0.0017,0.0717
camera-imu timeoffset = 0.00007
cam0 intrinsics = 461.770,459.882,370.358,250.650 | -0.275,0.068,0.001,0.001
cam1 intrinsics = 460.729,458.841,382.554,257.704 | -0.276,0.069,0.001,0.001
cam0 extrinsics = -0.011,0.007,0.702,0.712 | 0.056,-0.035,-0.007
cam1 extrinsics = -0.005,0.012,0.703,0.711 | -0.058,-0.035,-0.009
q_GtoI = -0.550,-0.621,-0.380,0.410 | p_IinG = 0.737,7.623,0.849 | dist = 8.39 (meters)
bg = -0.0013,0.0187,0.0769 | ba = -0.0253,0.0005,0.0706
camera-imu timeoffset = 0.00007
cam0 intrinsics = 461.771,459.859,370.350,250.655 | -0.275,0.068,0.001,0.001
cam1 intrinsics = 460.736,458.826,382.543,257.701 | -0.276,0.069,0.001,0.001
cam0 extrinsics = -0.011,0.007,0.702,0.712 | 0.056,-0.035,-0.007
cam1 extrinsics = -0.005,0.012,0.703,0.711 | -0.058,-0.035,-0.009
q_GtoI = -0.550,-0.620,-0.379,0.411 | p_IinG = 0.714,7.693,0.864 | dist = 8.46 (meters)
bg = -0.0012,0.0189,0.0770 | ba = -0.0272,-0.0015,0.0683
camera-imu timeoffset = 0.00006
cam0 intrinsics = 461.794,459.820,370.310,250.687 | -0.275,0.068,0.001,0.001
cam1 intrinsics = 460.766,458.778,382.610,257.660 | -0.276,0.069,0.001,0.001
cam0 extrinsics = -0.011,0.007,0.702,0.712 | 0.057,-0.034,-0.008
cam1 extrinsics = -0.005,0.012,0.703,0.711 | -0.058,-0.035,-0.009
q_GtoI = -0.551,-0.619,-0.379,0.412 | p_IinG = 0.690,7.758,0.882 | dist = 8.53 (meters)
bg = -0.0011,0.0191,0.0771 | ba = -0.0293,-0.0025,0.0672
camera-imu timeoffset = 0.00005
cam0 intrinsics = 461.808,459.808,370.333,250.708 | -0.275,0.068,0.001,0.001
cam1 intrinsics = 460.776,458.761,382.621,257.682 | -0.276,0.069,0.001,0.001
cam0 extrinsics = -0.011,0.007,0.702,0.712 | 0.057,-0.034,-0.008
cam1 extrinsics = -0.005,0.012,0.703,0.711 | -0.057,-0.035,-0.009
q_GtoI = -0.550,-0.619,-0.380,0.412 | p_IinG = 0.667,7.827,0.901 | dist = 8.60 (meters)
bg = -0.0011,0.0192,0.0771 | ba = -0.0316,-0.0043,0.0661
camera-imu timeoffset = 0.00006
cam0 intrinsics = 461.826,459.784,370.365,250.735 | -0.275,0.068,0.001,0.001
cam1 intrinsics = 460.799,458.743,382.649,257.702 | -0.276,0.069,0.001,0.001
cam0 extrinsics = -0.011,0.007,0.702,0.712 | 0.057,-0.034,-0.008
cam1 extrinsics = -0.005,0.012,0.703,0.711 | -0.057,-0.035,-0.010
q_GtoI = -0.551,-0.619,-0.379,0.412 | p_IinG = 0.644,7.896,0.922 | dist = 8.68 (meters)
bg = -0.0010,0.0193,0.0771 | ba = -0.0339,-0.0057,0.0652
camera-imu timeoffset = 0.00005
cam0 intrinsics = 461.844,459.767,370.392,250.767 | -0.275,0.068,0.001,0.001
cam1 intrinsics = 460.822,458.729,382.658,257.729 | -0.276,0.069,0.001,0.001
cam0 extrinsics = -0.011,0.007,0.702,0.712 | 0.057,-0.034,-0.008
cam1 extrinsics = -0.005,0.012,0.703,0.711 | -0.057,-0.035,-0.010
q_GtoI = -0.552,-0.618,-0.379,0.412 | p_IinG = 0.621,7.968,0.944 | dist = 8.75 (meters)
bg = -0.0011,0.0195,0.0771 | ba = -0.0359,-0.0067,0.0645
camera-imu timeoffset = 0.00006
cam0 intrinsics = 461.863,459.746,370.428,250.803 | -0.275,0.068,0.001,0.001
cam1 intrinsics = 460.847,458.713,382.672,257.760 | -0.276,0.069,0.001,0.001
cam0 extrinsics = -0.011,0.007,0.702,0.712 | 0.058,-0.034,-0.008
cam1 extrinsics = -0.005,0.012,0.703,0.711 | -0.057,-0.035,-0.010
q_GtoI = -0.553,-0.617,-0.378,0.413 | p_IinG = 0.596,8.040,0.968 | dist = 8.83 (meters)
bg = -0.0010,0.0197,0.0771 | ba = -0.0377,-0.0071,0.0629
camera-imu timeoffset = 0.00006
cam0 intrinsics = 461.889,459.736,370.425,250.837 | -0.275,0.068,0.001,0.001
cam1 intrinsics = 460.867,458.697,382.633,257.806 | -0.276,0.069,0.001,0.001
cam0 extrinsics = -0.011,0.007,0.702,0.712 | 0.058,-0.034,-0.008
cam1 extrinsics = -0.005,0.012,0.703,0.711 | -0.056,-0.035,-0.010
q_GtoI = -0.554,-0.616,-0.378,0.414 | p_IinG = 0.571,8.116,0.994 | dist = 8.91 (meters)
bg = -0.0009,0.0200,0.0768 | ba = -0.0419,-0.0078,0.0615
camera-imu timeoffset = 0.00006
cam0 intrinsics = 461.910,459.718,370.436,250.884 | -0.275,0.068,0.001,0.001
cam1 intrinsics = 460.884,458.693,382.650,257.812 | -0.276,0.069,0.001,0.001
cam0 extrinsics = -0.011,0.007,0.702,0.712 | 0.058,-0.034,-0.009
cam1 extrinsics = -0.005,0.012,0.703,0.711 | -0.056,-0.035,-0.010
q_GtoI = -0.555,-0.615,-0.377,0.415 | p_IinG = 0.546,8.188,1.018 | dist = 8.98 (meters)
bg = -0.0008,0.0201,0.0768 | ba = -0.0434,-0.0077,0.0610
camera-imu timeoffset = 0.00006
cam0 intrinsics = 461.924,459.704,370.434,250.935 | -0.275,0.068,0.001,0.001
cam1 intrinsics = 460.904,458.682,382.649,257.855 | -0.276,0.069,0.001,0.001
cam0 extrinsics = -0.011,0.007,0.702,0.712 | 0.058,-0.034,-0.009
cam1 extrinsics = -0.005,0.012,0.703,0.711 | -0.056,-0.035,-0.010
q_GtoI = -0.556,-0.614,-0.377,0.415 | p_IinG = 0.521,8.262,1.041 | dist = 9.06 (meters)
bg = -0.0006,0.0203,0.0767 | ba = -0.0447,-0.0075,0.0603
camera-imu timeoffset = 0.00007
cam0 intrinsics = 461.930,459.700,370.409,250.984 | -0.275,0.068,0.001,0.001
cam1 intrinsics = 460.915,458.680,382.630,257.899 | -0.276,0.069,0.001,0.001
cam0 extrinsics = -0.011,0.007,0.702,0.712 | 0.058,-0.034,-0.009
cam1 extrinsics = -0.005,0.012,0.703,0.711 | -0.056,-0.035,-0.010
q_GtoI = -0.557,-0.613,-0.377,0.415 | p_IinG = 0.498,8.334,1.061 | dist = 9.14 (meters)
bg = -0.0005,0.0204,0.0765 | ba = -0.0452,-0.0082,0.0596
camera-imu timeoffset = 0.00006
cam0 intrinsics = 461.950,459.682,370.426,251.044 | -0.275,0.068,0.001,0.001
cam1 intrinsics = 460.931,458.655,382.596,257.957 | -0.276,0.069,0.001,0.001
cam0 extrinsics = -0.011,0.007,0.702,0.712 | 0.058,-0.034,-0.009
cam1 extrinsics = -0.005,0.012,0.703,0.711 | -0.056,-0.035,-0.011
q_GtoI = -0.557,-0.612,-0.378,0.416 | p_IinG = 0.474,8.407,1.080 | dist = 9.22 (meters)
bg = -0.0004,0.0205,0.0764 | ba = -0.0454,-0.0081,0.0591
camera-imu timeoffset = 0.00005
cam0 intrinsics = 461.969,459.679,370.402,251.100 | -0.275,0.068,0.001,0.001
cam1 intrinsics = 460.959,458.657,382.577,258.012 | -0.276,0.069,0.001,0.001
cam0 extrinsics = -0.011,0.007,0.702,0.712 | 0.058,-0.034,-0.009
cam1 extrinsics = -0.005,0.012,0.703,0.711 | -0.057,-0.035,-0.011
q_GtoI = -0.556,-0.611,-0.379,0.417 | p_IinG = 0.450,8.480,1.096 | dist = 9.29 (meters)
bg = -0.0004,0.0206,0.0765 | ba = -0.0457,-0.0085,0.0598
camera-imu timeoffset = 0.00005
cam0 intrinsics = 461.969,459.695,370.393,251.093 | -0.275,0.068,0.001,0.001
cam1 intrinsics = 460.952,458.671,382.570,258.001 | -0.276,0.069,0.001,0.001
cam0 extrinsics = -0.011,0.007,0.702,0.712 | 0.058,-0.034,-0.009
cam1 extrinsics = -0.005,0.012,0.703,0.711 | -0.057,-0.035,-0.011
q_GtoI = -0.557,-0.610,-0.379,0.418 | p_IinG = 0.428,8.555,1.112 | dist = 9.37 (meters)
bg = -0.0004,0.0207,0.0766 | ba = -0.0458,-0.0085,0.0615
camera-imu timeoffset = 0.00006
cam0 intrinsics = 461.984,459.737,370.395,251.101 | -0.275,0.068,0.001,0.001
cam1 intrinsics = 460.967,458.714,382.632,257.991 | -0.276,0.069,0.001,0.001
cam0 extrinsics = -0.011,0.007,0.702,0.712 | 0.058,-0.034,-0.010
cam1 extrinsics = -0.005,0.012,0.703,0.711 | -0.057,-0.035,-0.011
q_GtoI = -0.556,-0.611,-0.381,0.416 | p_IinG = 0.405,8.627,1.128 | dist = 9.45 (meters)
bg = -0.0004,0.0208,0.0766 | ba = -0.0456,-0.0081,0.0620
camera-imu timeoffset = 0.00006
cam0 intrinsics = 461.996,459.760,370.390,251.089 | -0.275,0.068,0.001,0.001
cam1 intrinsics = 460.984,458.740,382.634,257.978 | -0.276,0.069,0.001,0.001
cam0 extrinsics = -0.011,0.007,0.702,0.712 | 0.058,-0.034,-0.010
cam1 extrinsics = -0.005,0.012,0.703,0.711 | -0.057,-0.035,-0.011
q_GtoI = -0.557,-0.611,-0.380,0.416 | p_IinG = 0.384,8.699,1.144 | dist = 9.52 (meters)
bg = -0.0004,0.0209,0.0766 | ba = -0.0452,-0.0083,0.0626
camera-imu timeoffset = 0.00006
cam0 intrinsics = 462.013,459.799,370.370,251.069 | -0.275,0.068,0.001,0.001
cam1 intrinsics = 461.005,458.782,382.629,257.961 | -0.276,0.069,0.000,0.001
cam0 extrinsics = -0.011,0.007,0.702,0.712 | 0.058,-0.034,-0.010
cam1 extrinsics = -0.005,0.012,0.703,0.711 | -0.057,-0.035,-0.011
q_GtoI = -0.558,-0.610,-0.379,0.416 | p_IinG = 0.364,8.771,1.162 | dist = 9.60 (meters)
bg = -0.0004,0.0210,0.0766 | ba = -0.0449,-0.0085,0.0637
camera-imu timeoffset = 0.00006
cam0 intrinsics = 462.029,459.839,370.357,251.046 | -0.275,0.068,0.001,0.001
cam1 intrinsics = 461.023,458.824,382.618,257.939 | -0.276,0.069,0.000,0.001
cam0 extrinsics = -0.011,0.007,0.702,0.712 | 0.058,-0.034,-0.010
cam1 extrinsics = -0.005,0.012,0.703,0.711 | -0.057,-0.035,-0.011
q_GtoI = -0.559,-0.611,-0.378,0.415 | p_IinG = 0.344,8.844,1.181 | dist = 9.68 (meters)
bg = -0.0005,0.0210,0.0766 | ba = -0.0441,-0.0084,0.0646
camera-imu timeoffset = 0.00006
cam0 intrinsics = 462.046,459.887,370.334,251.018 | -0.275,0.068,0.001,0.001
cam1 intrinsics = 461.044,458.874,382.598,257.913 | -0.276,0.069,0.000,0.001
cam0 extrinsics = -0.011,0.007,0.702,0.712 | 0.058,-0.034,-0.010
cam1 extrinsics = -0.005,0.012,0.703,0.711 | -0.057,-0.035,-0.011
q_GtoI = -0.559,-0.611,-0.378,0.414 | p_IinG = 0.324,8.919,1.203 | dist = 9.76 (meters)
bg = -0.0006,0.0211,0.0766 | ba = -0.0435,-0.0088,0.0655
camera-imu timeoffset = 0.00007
cam0 intrinsics = 462.058,459.939,370.294,250.987 | -0.275,0.068,0.001,0.001
cam1 intrinsics = 461.056,458.928,382.561,257.882 | -0.276,0.069,0.000,0.001
cam0 extrinsics = -0.011,0.007,0.702,0.712 | 0.058,-0.034,-0.010
cam1 extrinsics = -0.005,0.012,0.703,0.711 | -0.057,-0.035,-0.011
q_GtoI = -0.559,-0.611,-0.377,0.414 | p_IinG = 0.308,8.990,1.224 | dist = 9.84 (meters)
bg = -0.0008,0.0211,0.0765 | ba = -0.0423,-0.0107,0.0678
camera-imu timeoffset = 0.00005
cam0 intrinsics = 462.035,459.995,370.274,250.936 | -0.275,0.068,0.001,0.001
cam1 intrinsics = 461.049,458.994,382.522,257.840 | -0.276,0.069,0.000,0.001
cam0 extrinsics = -0.011,0.007,0.702,0.712 | 0.058,-0.035,-0.010
cam1 extrinsics = -0.005,0.012,0.703,0.711 | -0.057,-0.035,-0.011
q_GtoI = -0.560,-0.611,-0.377,0.415 | p_IinG = 0.288,9.072,1.249 | dist = 9.93 (meters)
bg = -0.0009,0.0210,0.0765 | ba = -0.0400,-0.0101,0.0692
camera-imu timeoffset = 0.00005
cam0 intrinsics = 462.002,460.041,370.199,250.865 | -0.275,0.068,0.001,0.001
cam1 intrinsics = 461.030,459.055,382.513,257.796 | -0.276,0.069,0.000,0.001
cam0 extrinsics = -0.011,0.007,0.702,0.712 | 0.058,-0.035,-0.010
cam1 extrinsics = -0.005,0.012,0.703,0.711 | -0.057,-0.036,-0.011
q_GtoI = -0.560,-0.611,-0.376,0.415 | p_IinG = 0.268,9.157,1.277 | dist = 10.01 (meters)
bg = -0.0009,0.0212,0.0765 | ba = -0.0388,-0.0083,0.0714
camera-imu timeoffset = 0.00007
cam0 intrinsics = 462.007,460.111,370.155,250.825 | -0.275,0.068,0.001,0.001
cam1 intrinsics = 461.034,459.126,382.466,257.757 | -0.276,0.069,0.000,0.001
cam0 extrinsics = -0.011,0.007,0.702,0.712 | 0.058,-0.035,-0.010
cam1 extrinsics = -0.005,0.012,0.703,0.711 | -0.057,-0.036,-0.011
q_GtoI = -0.560,-0.610,-0.375,0.416 | p_IinG = 0.252,9.244,1.304 | dist = 10.10 (meters)
bg = -0.0011,0.0210,0.0765 | ba = -0.0371,-0.0096,0.0751
camera-imu timeoffset = 0.00006
cam0 intrinsics = 461.978,460.196,370.101,250.797 | -0.275,0.068,0.001,0.001
cam1 intrinsics = 460.999,459.216,382.416,257.699 | -0.276,0.069,0.000,0.001
cam0 extrinsics = -0.011,0.007,0.702,0.712 | 0.058,-0.036,-0.010
cam1 extrinsics = -0.005,0.012,0.703,0.711 | -0.057,-0.037,-0.011
q_GtoI = -0.560,-0.611,-0.375,0.416 | p_IinG = 0.233,9.336,1.337 | dist = 10.18 (meters)
bg = -0.0011,0.0212,0.0764 | ba = -0.0361,-0.0087,0.0768
camera-imu timeoffset = 0.00005
cam0 intrinsics = 461.985,460.219,370.089,250.802 | -0.275,0.068,0.001,0.001
cam1 intrinsics = 461.006,459.245,382.410,257.703 | -0.276,0.069,0.000,0.001
cam0 extrinsics = -0.011,0.007,0.702,0.712 | 0.058,-0.036,-0.010
cam1 extrinsics = -0.005,0.012,0.703,0.711 | -0.057,-0.037,-0.011
q_GtoI = -0.560,-0.611,-0.374,0.415 | p_IinG = 0.212,9.431,1.373 | dist = 10.27 (meters)
bg = -0.0010,0.0213,0.0765 | ba = -0.0357,-0.0075,0.0777
camera-imu timeoffset = 0.00006
cam0 intrinsics = 461.995,460.236,370.072,250.790 | -0.275,0.068,0.001,0.001
cam1 intrinsics = 461.016,459.267,382.398,257.691 | -0.276,0.069,0.000,0.001
cam0 extrinsics = -0.011,0.007,0.702,0.712 | 0.059,-0.036,-0.011
cam1 extrinsics = -0.005,0.012,0.703,0.711 | -0.057,-0.037,-0.011
q_GtoI = -0.560,-0.612,-0.375,0.415 | p_IinG = 0.192,9.535,1.412 | dist = 10.36 (meters)
bg = -0.0010,0.0215,0.0766 | ba = -0.0352,-0.0060,0.0795
camera-imu timeoffset = 0.00007
cam0 intrinsics = 462.004,460.299,370.025,250.780 | -0.275,0.068,0.001,0.001
cam1 intrinsics = 461.022,459.335,382.374,257.668 | -0.276,0.069,0.000,0.001
cam0 extrinsics = -0.011,0.007,0.702,0.712 | 0.059,-0.037,-0.011
cam1 extrinsics = -0.005,0.012,0.703,0.711 | -0.057,-0.038,-0.012
q_GtoI = -0.559,-0.612,-0.375,0.414 | p_IinG = 0.173,9.637,1.450 | dist = 10.44 (meters)
bg = -0.0010,0.0217,0.0767 | ba = -0.0331,-0.0055,0.0801
camera-imu timeoffset = 0.00004
cam0 intrinsics = 462.021,460.318,370.003,250.787 | -0.275,0.068,0.001,0.001
cam1 intrinsics = 461.035,459.354,382.353,257.671 | -0.275,0.069,0.000,0.001
cam0 extrinsics = -0.011,0.007,0.702,0.712 | 0.059,-0.037,-0.011
cam1 extrinsics = -0.005,0.012,0.703,0.711 | -0.057,-0.038,-0.012
q_GtoI = -0.559,-0.612,-0.376,0.414 | p_IinG = 0.154,9.738,1.488 | dist = 10.53 (meters)
bg = -0.0009,0.0219,0.0767 | ba = -0.0304,-0.0054,0.0810
camera-imu timeoffset = 0.00006
cam0 intrinsics = 462.028,460.344,369.957,250.815 | -0.275,0.068,0.001,0.001
cam1 intrinsics = 461.040,459.377,382.346,257.695 | -0.275,0.069,0.000,0.001
cam0 extrinsics = -0.010,0.007,0.702,0.712 | 0.059,-0.038,-0.011
cam1 extrinsics = -0.005,0.012,0.703,0.711 | -0.057,-0.038,-0.012
q_GtoI = -0.559,-0.611,-0.375,0.416 | p_IinG = 0.137,9.827,1.521 | dist = 10.62 (meters)
bg = -0.0009,0.0221,0.0767 | ba = -0.0278,-0.0064,0.0818
camera-imu timeoffset = 0.00006
cam0 intrinsics = 462.043,460.374,369.906,250.831 | -0.275,0.068,0.001,0.001
cam1 intrinsics = 461.049,459.404,382.286,257.710 | -0.275,0.069,0.000,0.001
cam0 extrinsics = -0.010,0.007,0.702,0.712 | 0.059,-0.038,-0.011
cam1 extrinsics = -0.005,0.012,0.703,0.711 | -0.057,-0.039,-0.011
q_GtoI = -0.560,-0.611,-0.374,0.417 | p_IinG = 0.120,9.914,1.552 | dist = 10.70 (meters)
bg = -0.0009,0.0222,0.0767 | ba = -0.0260,-0.0072,0.0824
camera-imu timeoffset = 0.00007
cam0 intrinsics = 462.052,460.419,369.861,250.832 | -0.275,0.068,0.001,0.001
cam1 intrinsics = 461.054,459.450,382.248,257.708 | -0.275,0.069,0.000,0.001
cam0 extrinsics = -0.010,0.007,0.702,0.712 | 0.059,-0.038,-0.011
cam1 extrinsics = -0.005,0.012,0.703,0.711 | -0.057,-0.039,-0.011
q_GtoI = -0.561,-0.610,-0.372,0.418 | p_IinG = 0.105,9.997,1.581 | dist = 10.79 (meters)
bg = -0.0009,0.0224,0.0768 | ba = -0.0245,-0.0081,0.0832
camera-imu timeoffset = 0.00006
cam0 intrinsics = 462.057,460.476,369.822,250.824 | -0.275,0.068,0.000,0.001
cam1 intrinsics = 461.054,459.508,382.217,257.697 | -0.275,0.069,0.000,0.001
cam0 extrinsics = -0.010,0.007,0.702,0.712 | 0.059,-0.038,-0.011
cam1 extrinsics = -0.005,0.012,0.703,0.711 | -0.058,-0.039,-0.011
q_GtoI = -0.561,-0.609,-0.372,0.420 | p_IinG = 0.089,10.083,1.610 | dist = 10.87 (meters)
bg = -0.0008,0.0225,0.0769 | ba = -0.0228,-0.0084,0.0838
camera-imu timeoffset = 0.00005
cam0 intrinsics = 462.054,460.504,369.790,250.834 | -0.275,0.068,0.000,0.001
cam1 intrinsics = 461.056,459.542,382.187,257.699 | -0.275,0.069,0.000,0.001
cam0 extrinsics = -0.010,0.007,0.702,0.712 | 0.059,-0.038,-0.011
cam1 extrinsics = -0.005,0.012,0.703,0.711 | -0.058,-0.039,-0.011
q_GtoI = -0.560,-0.607,-0.373,0.423 | p_IinG = 0.074,10.191,1.638 | dist = 10.96 (meters)
bg = -0.0010,0.0223,0.0771 | ba = -0.0222,-0.0094,0.0861
camera-imu timeoffset = 0.00006
cam0 intrinsics = 462.005,460.647,369.672,250.803 | -0.275,0.068,0.000,0.001
cam1 intrinsics = 461.011,459.702,382.139,257.647 | -0.275,0.069,0.000,0.001
cam0 extrinsics = -0.010,0.007,0.702,0.712 | 0.059,-0.039,-0.011
cam1 extrinsics = -0.005,0.012,0.703,0.711 | -0.058,-0.040,-0.011
q_GtoI = -0.559,-0.606,-0.374,0.425 | p_IinG = 0.058,10.277,1.664 | dist = 11.04 (meters)
bg = -0.0009,0.0225,0.0772 | ba = -0.0199,-0.0088,0.0864
camera-imu timeoffset = 0.00008
cam0 intrinsics = 462.010,460.670,369.648,250.793 | -0.275,0.068,0.000,0.001
cam1 intrinsics = 461.011,459.722,382.117,257.639 | -0.275,0.069,0.000,0.001
cam0 extrinsics = -0.010,0.007,0.702,0.712 | 0.059,-0.039,-0.010
cam1 extrinsics = -0.005,0.012,0.703,0.711 | -0.058,-0.040,-0.011
q_GtoI = -0.559,-0.605,-0.374,0.428 | p_IinG = 0.049,10.375,1.686 | dist = 11.12 (meters)
bg = -0.0014,0.0222,0.0772 | ba = -0.0183,-0.0128,0.0913
camera-imu timeoffset = 0.00006
cam0 intrinsics = 461.850,460.906,369.513,250.799 | -0.274,0.068,0.000,0.000
cam1 intrinsics = 460.847,459.976,382.028,257.602 | -0.275,0.069,0.000,0.001
cam0 extrinsics = -0.010,0.007,0.702,0.712 | 0.059,-0.039,-0.010
cam1 extrinsics = -0.005,0.012,0.703,0.711 | -0.058,-0.040,-0.010
q_GtoI = -0.558,-0.604,-0.375,0.429 | p_IinG = 0.040,10.451,1.704 | dist = 11.21 (meters)
bg = -0.0017,0.0221,0.0772 | ba = -0.0149,-0.0174,0.0919
camera-imu timeoffset = 0.00007
cam0 intrinsics = 461.796,460.955,369.499,250.786 | -0.274,0.068,0.000,0.000
cam1 intrinsics = 460.793,460.036,382.015,257.583 | -0.275,0.069,-0.000,0.001
cam0 extrinsics = -0.010,0.007,0.702,0.712 | 0.059,-0.039,-0.010
cam1 extrinsics = -0.005,0.011,0.703,0.711 | -0.058,-0.040,-0.010
q_GtoI = -0.556,-0.602,-0.377,0.431 | p_IinG = 0.033,10.518,1.725 | dist = 11.29 (meters)
bg = -0.0018,0.0222,0.0770 | ba = -0.0128,-0.0189,0.0934
camera-imu timeoffset = 0.00007
cam0 intrinsics = 461.742,461.014,369.476,250.790 | -0.274,0.068,0.000,0.000
cam1 intrinsics = 460.741,460.098,382.001,257.588 | -0.275,0.068,-0.000,0.001
cam0 extrinsics = -0.010,0.007,0.702,0.712 | 0.059,-0.039,-0.009
cam1 extrinsics = -0.005,0.012,0.703,0.711 | -0.059,-0.039,-0.010
q_GtoI = -0.554,-0.599,-0.379,0.435 | p_IinG = 0.026,10.584,1.745 | dist = 11.37 (meters)
bg = -0.0019,0.0224,0.0769 | ba = -0.0110,-0.0197,0.0943
camera-imu timeoffset = 0.00005
cam0 intrinsics = 461.716,461.040,369.483,250.806 | -0.274,0.068,0.000,0.000
cam1 intrinsics = 460.712,460.121,382.012,257.603 | -0.275,0.068,-0.000,0.000
cam0 extrinsics = -0.010,0.007,0.702,0.712 | 0.058,-0.039,-0.009
cam1 extrinsics = -0.005,0.012,0.703,0.711 | -0.059,-0.039,-0.009
q_GtoI = -0.552,-0.597,-0.383,0.438 | p_IinG = 0.019,10.654,1.765 | dist = 11.45 (meters)
bg = -0.0020,0.0226,0.0768 | ba = -0.0090,-0.0196,0.0942
camera-imu timeoffset = 0.00009
cam0 intrinsics = 461.713,461.052,369.518,250.826 | -0.274,0.067,0.000,0.000
cam1 intrinsics = 460.706,460.129,382.054,257.620 | -0.275,0.068,-0.000,0.000
cam0 extrinsics = -0.010,0.007,0.702,0.712 | 0.058,-0.039,-0.009
cam1 extrinsics = -0.005,0.012,0.703,0.711 | -0.059,-0.039,-0.009
q_GtoI = -0.551,-0.595,-0.385,0.441 | p_IinG = 0.012,10.727,1.782 | dist = 11.52 (meters)
bg = -0.0020,0.0228,0.0768 | ba = -0.0067,-0.0198,0.0930
camera-imu timeoffset = 0.00010
cam0 intrinsics = 461.698,461.086,369.498,250.794 | -0.274,0.067,0.000,0.000
cam1 intrinsics = 460.698,460.164,382.070,257.606 | -0.275,0.068,-0.000,0.000
cam0 extrinsics = -0.010,0.007,0.702,0.712 | 0.058,-0.039,-0.008
cam1 extrinsics = -0.005,0.012,0.703,0.711 | -0.059,-0.039,-0.009
q_GtoI = -0.550,-0.593,-0.387,0.443 | p_IinG = 0.007,10.794,1.798 | dist = 11.60 (meters)
bg = -0.0020,0.0230,0.0768 | ba = -0.0044,-0.0203,0.0923
camera-imu timeoffset = 0.00010
cam0 intrinsics = 461.684,461.115,369.490,250.797 | -0.274,0.067,0.000,0.000
cam1 intrinsics = 460.685,460.193,382.069,257.611 | -0.275,0.068,-0.000,0.000
cam0 extrinsics = -0.010,0.007,0.702,0.712 | 0.058,-0.039,-0.008
cam1 extrinsics = -0.005,0.012,0.703,0.711 | -0.059,-0.040,-0.009
q_GtoI = -0.549,-0.592,-0.388,0.445 | p_IinG = 0.002,10.858,1.814 | dist = 11.67 (meters)
bg = -0.0020,0.0232,0.0768 | ba = -0.0023,-0.0204,0.0922
camera-imu timeoffset = 0.00010
cam0 intrinsics = 461.681,461.150,369.497,250.827 | -0.274,0.067,0.000,0.000
cam1 intrinsics = 460.685,460.230,382.086,257.639 | -0.275,0.068,-0.000,0.000
cam0 extrinsics = -0.010,0.007,0.702,0.712 | 0.058,-0.039,-0.008
cam1 extrinsics = -0.005,0.012,0.703,0.711 | -0.059,-0.040,-0.008
q_GtoI = -0.548,-0.591,-0.388,0.447 | p_IinG = 0.018,10.927,1.818 | dist = 11.74 (meters)
bg = -0.0026,0.0226,0.0770 | ba = 0.0044,-0.0321,0.0860
camera-imu timeoffset = 0.00012
cam0 intrinsics = 461.653,461.261,369.445,250.986 | -0.274,0.067,0.000,0.000
cam1 intrinsics = 460.673,460.363,382.008,257.798 | -0.275,0.068,-0.000,0.000
cam0 extrinsics = -0.011,0.007,0.702,0.712 | 0.057,-0.040,-0.007
cam1 extrinsics = -0.006,0.012,0.703,0.711 | -0.059,-0.041,-0.007
q_GtoI = -0.549,-0.589,-0.386,0.450 | p_IinG = 0.015,10.990,1.835 | dist = 11.81 (meters)
bg = -0.0027,0.0226,0.0769 | ba = 0.0054,-0.0315,0.0863
camera-imu timeoffset = 0.00013
cam0 intrinsics = 461.610,461.312,369.442,251.033 | -0.274,0.067,-0.000,0.000
cam1 intrinsics = 460.633,460.409,382.031,257.823 | -0.274,0.068,-0.000,0.000
cam0 extrinsics = -0.011,0.007,0.702,0.712 | 0.057,-0.040,-0.007
cam1 extrinsics = -0.006,0.012,0.703,0.711 | -0.060,-0.041,-0.007
q_GtoI = -0.549,-0.589,-0.386,0.451 | p_IinG = 0.014,11.045,1.852 | dist = 11.88 (meters)
bg = -0.0027,0.0225,0.0769 | ba = 0.0068,-0.0323,0.0871
camera-imu timeoffset = 0.00013
cam0 intrinsics = 461.542,461.386,369.419,251.083 | -0.274,0.067,-0.000,0.000
cam1 intrinsics = 460.568,460.485,382.028,257.877 | -0.274,0.068,-0.000,0.000
cam0 extrinsics = -0.011,0.007,0.702,0.712 | 0.057,-0.040,-0.007
cam1 extrinsics = -0.006,0.012,0.703,0.711 | -0.060,-0.041,-0.007
q_GtoI = -0.550,-0.589,-0.385,0.450 | p_IinG = 0.012,11.105,1.873 | dist = 11.95 (meters)
bg = -0.0028,0.0225,0.0769 | ba = 0.0066,-0.0311,0.0881
camera-imu timeoffset = 0.00012
cam0 intrinsics = 461.493,461.446,369.422,251.100 | -0.273,0.067,-0.000,0.000
cam1 intrinsics = 460.522,460.545,382.036,257.890 | -0.274,0.068,-0.000,0.000
cam0 extrinsics = -0.011,0.007,0.702,0.712 | 0.056,-0.041,-0.007
cam1 extrinsics = -0.005,0.012,0.703,0.711 | -0.060,-0.041,-0.007
q_GtoI = -0.553,-0.589,-0.383,0.448 | p_IinG = 0.010,11.172,1.896 | dist = 12.01 (meters)
bg = -0.0028,0.0225,0.0769 | ba = 0.0056,-0.0300,0.0885
camera-imu timeoffset = 0.00011
cam0 intrinsics = 461.439,461.509,369.414,251.109 | -0.273,0.067,-0.000,0.000
cam1 intrinsics = 460.469,460.611,382.030,257.899 | -0.274,0.068,-0.000,0.000
cam0 extrinsics = -0.011,0.007,0.702,0.712 | 0.056,-0.041,-0.007
cam1 extrinsics = -0.005,0.011,0.703,0.711 | -0.060,-0.042,-0.007
q_GtoI = -0.558,-0.586,-0.382,0.446 | p_IinG = 0.012,11.230,1.918 | dist = 12.07 (meters)
bg = -0.0030,0.0225,0.0769 | ba = 0.0045,-0.0297,0.0890
camera-imu timeoffset = 0.00011
cam0 intrinsics = 461.382,461.575,369.395,251.114 | -0.273,0.067,-0.000,0.000
cam1 intrinsics = 460.413,460.675,382.020,257.905 | -0.274,0.068,-0.000,0.000
cam0 extrinsics = -0.011,0.007,0.702,0.712 | 0.056,-0.042,-0.007
cam1 extrinsics = -0.005,0.011,0.703,0.711 | -0.061,-0.042,-0.007
q_GtoI = -0.564,-0.583,-0.383,0.442 | p_IinG = 0.016,11.289,1.939 | dist = 12.14 (meters)
bg = -0.0031,0.0226,0.0768 | ba = 0.0040,-0.0292,0.0887
camera-imu timeoffset = 0.00011
cam0 intrinsics = 461.324,461.656,369.376,251.118 | -0.273,0.067,-0.000,0.000
cam1 intrinsics = 460.356,460.756,382.015,257.909 | -0.274,0.068,-0.000,0.000
cam0 extrinsics = -0.011,0.007,0.702,0.712 | 0.056,-0.042,-0.007
cam1 extrinsics = -0.005,0.011,0.703,0.711 | -0.061,-0.042,-0.007
q_GtoI = -0.571,-0.578,-0.384,0.439 | p_IinG = 0.020,11.367,1.962 | dist = 12.20 (meters)
bg = -0.0031,0.0227,0.0768 | ba = 0.0019,-0.0292,0.0884
camera-imu timeoffset = 0.00011
cam0 intrinsics = 461.283,461.768,369.285,251.055 | -0.273,0.067,-0.000,0.000
cam1 intrinsics = 460.310,460.867,381.900,257.848 | -0.274,0.068,-0.000,0.000
cam0 extrinsics = -0.010,0.007,0.702,0.712 | 0.056,-0.042,-0.007
cam1 extrinsics = -0.005,0.011,0.703,0.711 | -0.060,-0.043,-0.006
q_GtoI = -0.579,-0.571,-0.386,0.435 | p_IinG = 0.029,11.428,1.980 | dist = 12.26 (meters)
bg = -0.0032,0.0228,0.0768 | ba = 0.0017,-0.0283,0.0881
camera-imu timeoffset = 0.00010
cam0 intrinsics = 461.261,461.882,369.216,250.996 | -0.273,0.067,-0.000,0.000
cam1 intrinsics = 460.282,460.976,381.831,257.792 | -0.274,0.068,-0.001,0.000
cam0 extrinsics = -0.010,0.007,0.702,0.712 | 0.057,-0.042,-0.006
cam1 extrinsics = -0.005,0.011,0.703,0.711 | -0.060,-0.043,-0.006
q_GtoI = -0.587,-0.563,-0.389,0.433 | p_IinG = 0.041,11.494,1.996 | dist = 12.31 (meters)
bg = -0.0031,0.0230,0.0768 | ba = 0.0026,-0.0262,0.0880
camera-imu timeoffset = 0.00009
cam0 intrinsics = 461.243,461.991,369.176,250.942 | -0.273,0.067,-0.000,0.000
cam1 intrinsics = 460.263,461.083,381.796,257.743 | -0.274,0.068,-0.001,0.000
cam0 extrinsics = -0.010,0.007,0.702,0.712 | 0.057,-0.042,-0.006
cam1 extrinsics = -0.005,0.011,0.703,0.711 | -0.060,-0.043,-0.006
q_GtoI = -0.597,-0.554,-0.390,0.430 | p_IinG = 0.052,11.545,2.010 | dist = 12.37 (meters)
bg = -0.0033,0.0230,0.0768 | ba = 0.0032,-0.0258,0.0880
camera-imu timeoffset = 0.00009
cam0 intrinsics = 461.185,462.078,369.207,250.936 | -0.273,0.067,-0.000,0.000
cam1 intrinsics = 460.206,461.171,381.861,257.740 | -0.274,0.068,-0.001,0.000
cam0 extrinsics = -0.010,0.007,0.702,0.712 | 0.056,-0.043,-0.006
cam1 extrinsics = -0.005,0.011,0.703,0.711 | -0.061,-0.044,-0.006
q_GtoI = -0.605,-0.546,-0.392,0.426 | p_IinG = 0.067,11.606,2.024 | dist = 12.43 (meters)
bg = -0.0033,0.0231,0.0767 | ba = 0.0041,-0.0242,0.0880
camera-imu timeoffset = 0.00007
cam0 intrinsics = 461.147,462.173,369.203,250.924 | -0.273,0.067,-0.000,0.000
cam1 intrinsics = 460.174,461.268,381.869,257.737 | -0.274,0.068,-0.001,0.000
cam0 extrinsics = -0.010,0.007,0.702,0.712 | 0.056,-0.043,-0.006
cam1 extrinsics = -0.005,0.011,0.703,0.711 | -0.062,-0.044,-0.006
q_GtoI = -0.613,-0.537,-0.397,0.423 | p_IinG = 0.086,11.653,2.036 | dist = 12.49 (meters)
bg = -0.0036,0.0232,0.0767 | ba = 0.0053,-0.0239,0.0897
camera-imu timeoffset = 0.00007
cam0 intrinsics = 461.114,462.205,369.096,250.996 | -0.273,0.067,-0.000,0.000
cam1 intrinsics = 460.144,461.298,381.782,257.810 | -0.274,0.068,-0.001,0.000
cam0 extrinsics = -0.010,0.007,0.702,0.712 | 0.055,-0.043,-0.007
cam1 extrinsics = -0.005,0.011,0.703,0.711 | -0.063,-0.044,-0.007
q_GtoI = -0.620,-0.529,-0.401,0.418 | p_IinG = 0.105,11.704,2.047 | dist = 12.55 (meters)
bg = -0.0038,0.0234,0.0768 | ba = 0.0062,-0.0235,0.0906
camera-imu timeoffset = 0.00007
cam0 intrinsics = 461.078,462.279,369.064,251.003 | -0.273,0.067,-0.000,0.000
cam1 intrinsics = 460.113,461.373,381.762,257.826 | -0.274,0.068,-0.001,0.000
cam0 extrinsics = -0.010,0.007,0.702,0.712 | 0.054,-0.044,-0.007
cam1 extrinsics = -0.005,0.011,0.703,0.711 | -0.063,-0.044,-0.007
q_GtoI = -0.627,-0.521,-0.406,0.414 | p_IinG = 0.127,11.749,2.057 | dist = 12.60 (meters)
bg = -0.0039,0.0235,0.0768 | ba = 0.0076,-0.0228,0.0933
camera-imu timeoffset = 0.00006
cam0 intrinsics = 461.091,462.294,369.007,251.050 | -0.273,0.067,-0.000,0.000
cam1 intrinsics = 460.128,461.387,381.723,257.878 | -0.274,0.068,-0.001,0.000
cam0 extrinsics = -0.010,0.007,0.702,0.712 | 0.053,-0.044,-0.007
cam1 extrinsics = -0.005,0.011,0.703,0.711 | -0.064,-0.044,-0.006
q_GtoI = -0.632,-0.514,-0.412,0.409 | p_IinG = 0.152,11.782,2.057 | dist = 12.66 (meters)
bg = -0.0040,0.0233,0.0770 | ba = 0.0136,-0.0251,0.0936
camera-imu timeoffset = 0.00008
cam0 intrinsics = 461.109,462.272,368.827,251.021 | -0.273,0.067,-0.000,0.000
cam1 intrinsics = 460.144,461.361,381.546,257.852 | -0.274,0.068,-0.001,0.000
cam0 extrinsics = -0.010,0.007,0.702,0.712 | 0.053,-0.043,-0.007
cam1 extrinsics = -0.005,0.011,0.703,0.711 | -0.064,-0.043,-0.007
q_GtoI = -0.634,-0.510,-0.419,0.403 | p_IinG = 0.177,11.835,2.069 | dist = 12.72 (meters)
bg = -0.0040,0.0234,0.0770 | ba = 0.0137,-0.0240,0.0947
camera-imu timeoffset = 0.00009
cam0 intrinsics = 461.110,462.310,368.802,251.057 | -0.273,0.067,-0.000,0.000
cam1 intrinsics = 460.148,461.398,381.509,257.895 | -0.274,0.068,-0.001,0.000
cam0 extrinsics = -0.010,0.007,0.702,0.712 | 0.053,-0.043,-0.007
cam1 extrinsics = -0.005,0.011,0.703,0.711 | -0.064,-0.044,-0.007
q_GtoI = -0.635,-0.507,-0.425,0.398 | p_IinG = 0.205,11.887,2.083 | dist = 12.78 (meters)
bg = -0.0040,0.0235,0.0769 | ba = 0.0132,-0.0230,0.0959
camera-imu timeoffset = 0.00009
cam0 intrinsics = 461.117,462.344,368.752,251.094 | -0.273,0.067,-0.000,0.000
cam1 intrinsics = 460.157,461.431,381.455,257.937 | -0.274,0.068,-0.001,0.000
cam0 extrinsics = -0.010,0.007,0.702,0.712 | 0.053,-0.043,-0.007
cam1 extrinsics = -0.005,0.011,0.703,0.711 | -0.064,-0.043,-0.006
q_GtoI = -0.636,-0.504,-0.432,0.393 | p_IinG = 0.236,11.931,2.097 | dist = 12.83 (meters)
bg = -0.0040,0.0235,0.0770 | ba = 0.0135,-0.0235,0.0962
camera-imu timeoffset = 0.00009
cam0 intrinsics = 461.118,462.386,368.717,251.107 | -0.273,0.067,-0.000,0.000
cam1 intrinsics = 460.157,461.469,381.425,257.949 | -0.274,0.068,-0.001,0.000
cam0 extrinsics = -0.010,0.006,0.702,0.712 | 0.053,-0.043,-0.007
cam1 extrinsics = -0.005,0.011,0.703,0.711 | -0.064,-0.044,-0.006
q_GtoI = -0.637,-0.502,-0.437,0.389 | p_IinG = 0.270,11.973,2.111 | dist = 12.89 (meters)
bg = -0.0040,0.0233,0.0770 | ba = 0.0132,-0.0246,0.0966
camera-imu timeoffset = 0.00007
cam0 intrinsics = 461.128,462.407,368.676,251.136 | -0.273,0.067,-0.000,0.000
cam1 intrinsics = 460.167,461.488,381.379,257.983 | -0.274,0.068,-0.001,0.000
cam0 extrinsics = -0.010,0.006,0.702,0.712 | 0.052,-0.043,-0.007
cam1 extrinsics = -0.005,0.011,0.703,0.711 | -0.065,-0.043,-0.006
q_GtoI = -0.639,-0.501,-0.438,0.386 | p_IinG = 0.303,12.017,2.128 | dist = 12.95 (meters)
bg = -0.0040,0.0231,0.0770 | ba = 0.0128,-0.0253,0.0976
camera-imu timeoffset = 0.00007
cam0 intrinsics = 461.129,462.404,368.632,251.156 | -0.274,0.067,-0.000,0.000
cam1 intrinsics = 460.166,461.485,381.334,258.003 | -0.274,0.068,-0.001,0.000
cam0 extrinsics = -0.010,0.006,0.702,0.712 | 0.052,-0.043,-0.007
cam1 extrinsics = -0.005,0.011,0.703,0.711 | -0.065,-0.043,-0.007
q_GtoI = -0.642,-0.499,-0.438,0.384 | p_IinG = 0.337,12.060,2.145 | dist = 13.00 (meters)
bg = -0.0040,0.0229,0.0771 | ba = 0.0121,-0.0256,0.0988
camera-imu timeoffset = 0.00007
cam0 intrinsics = 461.131,462.408,368.608,251.173 | -0.274,0.067,-0.000,0.000
cam1 intrinsics = 460.166,461.488,381.311,258.019 | -0.274,0.068,-0.001,0.000
cam0 extrinsics = -0.010,0.006,0.702,0.712 | 0.053,-0.043,-0.007
cam1 extrinsics = -0.005,0.011,0.703,0.711 | -0.064,-0.043,-0.007
q_GtoI = -0.644,-0.499,-0.438,0.381 | p_IinG = 0.370,12.106,2.164 | dist = 13.06 (meters)
bg = -0.0039,0.0226,0.0773 | ba = 0.0113,-0.0252,0.1005
camera-imu timeoffset = 0.00006
cam0 intrinsics = 461.152,462.417,368.600,251.209 | -0.274,0.067,-0.000,0.000
cam1 intrinsics = 460.191,461.498,381.306,258.038 | -0.274,0.068,-0.001,0.000
cam0 extrinsics = -0.010,0.006,0.702,0.712 | 0.053,-0.042,-0.007
cam1 extrinsics = -0.005,0.011,0.703,0.711 | -0.064,-0.043,-0.006
q_GtoI = -0.646,-0.498,-0.437,0.379 | p_IinG = 0.405,12.143,2.184 | dist = 13.12 (meters)
bg = -0.0039,0.0224,0.0773 | ba = 0.0096,-0.0254,0.1021
camera-imu timeoffset = 0.00007
cam0 intrinsics = 461.159,462.415,368.585,251.232 | -0.274,0.067,-0.000,0.000
cam1 intrinsics = 460.200,461.498,381.291,258.061 | -0.274,0.068,-0.001,0.000
cam0 extrinsics = -0.010,0.006,0.702,0.712 | 0.053,-0.043,-0.007
cam1 extrinsics = -0.005,0.011,0.703,0.711 | -0.064,-0.043,-0.006
q_GtoI = -0.646,-0.497,-0.437,0.379 | p_IinG = 0.444,12.170,2.201 | dist = 13.17 (meters)
bg = -0.0040,0.0220,0.0772 | ba = 0.0087,-0.0268,0.1046
camera-imu timeoffset = 0.00009
cam0 intrinsics = 461.171,462.395,368.560,251.280 | -0.274,0.067,-0.000,0.000
cam1 intrinsics = 460.206,461.478,381.285,258.105 | -0.274,0.068,-0.001,0.000
cam0 extrinsics = -0.010,0.006,0.702,0.712 | 0.054,-0.043,-0.007
cam1 extrinsics = -0.005,0.011,0.703,0.711 | -0.063,-0.044,-0.006
q_GtoI = -0.646,-0.495,-0.437,0.382 | p_IinG = 0.491,12.187,2.210 | dist = 13.23 (meters)
bg = -0.0041,0.0213,0.0770 | ba = 0.0094,-0.0340,0.1087
camera-imu timeoffset = 0.00013
cam0 intrinsics = 461.311,462.379,368.022,250.962 | -0.273,0.067,-0.000,0.000
cam1 intrinsics = 460.340,461.453,380.728,257.807 | -0.274,0.068,-0.000,0.000
cam0 extrinsics = -0.010,0.007,0.702,0.712 | 0.059,-0.044,-0.006
cam1 extrinsics = -0.004,0.011,0.703,0.711 | -0.057,-0.044,-0.006
q_GtoI = -0.644,-0.492,-0.440,0.386 | p_IinG = 0.530,12.210,2.226 | dist = 13.28 (meters)
bg = -0.0041,0.0213,0.0770 | ba = 0.0087,-0.0354,0.1106
camera-imu timeoffset = 0.00012
cam0 intrinsics = 461.295,462.390,367.952,250.941 | -0.273,0.067,-0.000,0.000
cam1 intrinsics = 460.323,461.463,380.656,257.782 | -0.274,0.068,-0.000,0.000
cam0 extrinsics = -0.009,0.007,0.702,0.712 | 0.060,-0.043,-0.006
cam1 extrinsics = -0.004,0.011,0.703,0.711 | -0.056,-0.044,-0.005
q_GtoI = -0.643,-0.489,-0.442,0.390 | p_IinG = 0.570,12.231,2.241 | dist = 13.34 (meters)
bg = -0.0039,0.0213,0.0770 | ba = 0.0075,-0.0358,0.1139
camera-imu timeoffset = 0.00012
cam0 intrinsics = 461.288,462.421,367.827,250.993 | -0.273,0.067,-0.000,0.000
cam1 intrinsics = 460.313,461.490,380.568,257.818 | -0.274,0.068,-0.000,0.000
cam0 extrinsics = -0.009,0.007,0.702,0.712 | 0.062,-0.043,-0.006
cam1 extrinsics = -0.004,0.011,0.703,0.711 | -0.055,-0.043,-0.005
q_GtoI = -0.641,-0.487,-0.444,0.393 | p_IinG = 0.612,12.253,2.258 | dist = 13.39 (meters)
bg = -0.0039,0.0214,0.0771 | ba = 0.0043,-0.0363,0.1161
camera-imu timeoffset = 0.00012
cam0 intrinsics = 461.263,462.472,367.753,250.994 | -0.273,0.067,-0.000,0.000
cam1 intrinsics = 460.292,461.545,380.482,257.808 | -0.274,0.067,-0.000,0.000
cam0 extrinsics = -0.009,0.007,0.702,0.712 | 0.063,-0.043,-0.006
cam1 extrinsics = -0.004,0.011,0.703,0.711 | -0.054,-0.043,-0.005
q_GtoI = -0.639,-0.486,-0.446,0.396 | p_IinG = 0.654,12.276,2.271 | dist = 13.44 (meters)
bg = -0.0038,0.0215,0.0771 | ba = 0.0039,-0.0373,0.1170
camera-imu timeoffset = 0.00012
cam0 intrinsics = 461.256,462.505,367.699,250.978 | -0.273,0.067,-0.000,0.000
cam1 intrinsics = 460.282,461.576,380.431,257.786 | -0.274,0.067,-0.000,0.000
cam0 extrinsics = -0.009,0.007,0.702,0.712 | 0.063,-0.043,-0.005
cam1 extrinsics = -0.004,0.011,0.703,0.711 | -0.053,-0.043,-0.005
q_GtoI = -0.638,-0.485,-0.447,0.397 | p_IinG = 0.698,12.299,2.282 | dist = 13.50 (meters)
bg = -0.0038,0.0215,0.0771 | ba = 0.0035,-0.0380,0.1176
camera-imu timeoffset = 0.00012
cam0 intrinsics = 461.257,462.542,367.643,250.957 | -0.273,0.067,-0.000,0.000
cam1 intrinsics = 460.281,461.610,380.376,257.761 | -0.274,0.067,-0.000,0.000
cam0 extrinsics = -0.009,0.007,0.702,0.712 | 0.063,-0.043,-0.005
cam1 extrinsics = -0.004,0.011,0.703,0.711 | -0.053,-0.043,-0.004
q_GtoI = -0.637,-0.487,-0.448,0.396 | p_IinG = 0.743,12.325,2.293 | dist = 13.55 (meters)
bg = -0.0037,0.0214,0.0771 | ba = 0.0027,-0.0380,0.1176
camera-imu timeoffset = 0.00012
cam0 intrinsics = 461.269,462.588,367.583,250.934 | -0.273,0.067,-0.000,0.000
cam1 intrinsics = 460.291,461.654,380.318,257.731 | -0.274,0.067,-0.000,0.000
cam0 extrinsics = -0.009,0.007,0.702,0.712 | 0.063,-0.043,-0.005
cam1 extrinsics = -0.004,0.011,0.703,0.711 | -0.053,-0.043,-0.004
q_GtoI = -0.637,-0.487,-0.447,0.396 | p_IinG = 0.791,12.347,2.302 | dist = 13.60 (meters)
bg = -0.0037,0.0214,0.0772 | ba = 0.0022,-0.0389,0.1172
camera-imu timeoffset = 0.00012
cam0 intrinsics = 461.281,462.643,367.527,250.910 | -0.273,0.067,-0.000,0.000
cam1 intrinsics = 460.302,461.708,380.265,257.700 | -0.274,0.067,-0.000,0.000
cam0 extrinsics = -0.009,0.007,0.702,0.712 | 0.063,-0.043,-0.005
cam1 extrinsics = -0.004,0.011,0.703,0.711 | -0.053,-0.043,-0.004
q_GtoI = -0.636,-0.489,-0.447,0.395 | p_IinG = 0.839,12.365,2.310 | dist = 13.65 (meters)
bg = -0.0037,0.0214,0.0772 | ba = 0.0019,-0.0404,0.1160
camera-imu timeoffset = 0.00013
cam0 intrinsics = 461.292,462.684,367.479,250.899 | -0.273,0.067,-0.000,0.000
cam1 intrinsics = 460.312,461.747,380.207,257.686 | -0.274,0.067,-0.000,0.000
cam0 extrinsics = -0.009,0.007,0.702,0.712 | 0.063,-0.043,-0.004
cam1 extrinsics = -0.004,0.011,0.703,0.711 | -0.053,-0.043,-0.003
q_GtoI = -0.635,-0.491,-0.447,0.395 | p_IinG = 0.892,12.378,2.318 | dist = 13.70 (meters)
bg = -0.0038,0.0214,0.0774 | ba = 0.0013,-0.0431,0.1139
camera-imu timeoffset = 0.00013
cam0 intrinsics = 461.300,462.716,367.435,250.904 | -0.273,0.067,-0.000,0.000
cam1 intrinsics = 460.322,461.776,380.155,257.673 | -0.274,0.067,-0.000,0.000
cam0 extrinsics = -0.009,0.007,0.702,0.712 | 0.063,-0.043,-0.003
cam1 extrinsics = -0.004,0.011,0.703,0.711 | -0.053,-0.043,-0.002
q_GtoI = -0.634,-0.493,-0.447,0.393 | p_IinG = 0.938,12.383,2.317 | dist = 13.76 (meters)
bg = -0.0037,0.0211,0.0775 | ba = 0.0045,-0.0428,0.1122
camera-imu timeoffset = 0.00014
cam0 intrinsics = 461.317,462.775,367.416,250.893 | -0.273,0.067,-0.000,0.000
cam1 intrinsics = 460.328,461.818,380.167,257.683 | -0.274,0.067,-0.000,0.000
cam0 extrinsics = -0.009,0.007,0.702,0.712 | 0.063,-0.042,-0.003
cam1 extrinsics = -0.004,0.011,0.703,0.711 | -0.053,-0.043,-0.002
q_GtoI = -0.633,-0.496,-0.447,0.391 | p_IinG = 0.990,12.396,2.321 | dist = 13.81 (meters)
bg = -0.0037,0.0212,0.0777 | ba = 0.0042,-0.0421,0.1106
camera-imu timeoffset = 0.00014
cam0 intrinsics = 461.318,462.820,367.389,250.891 | -0.273,0.067,-0.000,0.000
cam1 intrinsics = 460.329,461.862,380.141,257.679 | -0.274,0.067,-0.000,0.000
cam0 extrinsics = -0.009,0.007,0.702,0.712 | 0.063,-0.042,-0.003
cam1 extrinsics = -0.004,0.011,0.703,0.711 | -0.053,-0.043,-0.002
q_GtoI = -0.632,-0.499,-0.448,0.389 | p_IinG = 1.042,12.407,2.324 | dist = 13.86 (meters)
bg = -0.0037,0.0212,0.0778 | ba = 0.0040,-0.0423,0.1101
camera-imu timeoffset = 0.00015
cam0 intrinsics = 461.335,462.841,367.372,250.880 | -0.273,0.067,-0.000,0.000
cam1 intrinsics = 460.348,461.883,380.125,257.665 | -0.274,0.067,-0.000,0.000
cam0 extrinsics = -0.009,0.007,0.702,0.712 | 0.063,-0.042,-0.003
cam1 extrinsics = -0.004,0.011,0.703,0.711 | -0.053,-0.042,-0.002
q_GtoI = -0.631,-0.502,-0.449,0.386 | p_IinG = 1.097,12.415,2.327 | dist = 13.92 (meters)
bg = -0.0037,0.0212,0.0779 | ba = 0.0034,-0.0431,0.1093
camera-imu timeoffset = 0.00014
cam0 intrinsics = 461.343,462.853,367.344,250.878 | -0.273,0.067,-0.000,0.000
cam1 intrinsics = 460.357,461.894,380.092,257.652 | -0.274,0.067,-0.000,0.000
cam0 extrinsics = -0.009,0.007,0.702,0.712 | 0.063,-0.042,-0.002
cam1 extrinsics = -0.004,0.011,0.703,0.711 | -0.053,-0.042,-0.002
q_GtoI = -0.629,-0.504,-0.449,0.385 | p_IinG = 1.151,12.421,2.328 | dist = 13.97 (meters)
bg = -0.0038,0.0212,0.0779 | ba = 0.0032,-0.0443,0.1083
camera-imu timeoffset = 0.00015
cam0 intrinsics = 461.366,462.865,367.314,250.861 | -0.273,0.067,-0.000,0.000
cam1 intrinsics = 460.378,461.903,380.056,257.633 | -0.274,0.067,-0.000,0.000
cam0 extrinsics = -0.009,0.007,0.702,0.712 | 0.063,-0.042,-0.002
cam1 extrinsics = -0.004,0.011,0.703,0.711 | -0.053,-0.042,-0.001
q_GtoI = -0.627,-0.504,-0.450,0.387 | p_IinG = 1.204,12.428,2.328 | dist = 14.02 (meters)
bg = -0.0037,0.0212,0.0778 | ba = 0.0033,-0.0434,0.1075
camera-imu timeoffset = 0.00015
cam0 intrinsics = 461.380,462.886,367.304,250.839 | -0.273,0.067,-0.000,0.000
cam1 intrinsics = 460.393,461.919,380.036,257.618 | -0.274,0.067,-0.000,0.000
cam0 extrinsics = -0.009,0.007,0.702,0.712 | 0.063,-0.042,-0.002
cam1 extrinsics = -0.004,0.011,0.703,0.711 | -0.053,-0.042,-0.001
q_GtoI = -0.625,-0.503,-0.451,0.391 | p_IinG = 1.257,12.432,2.328 | dist = 14.08 (meters)
bg = -0.0037,0.0213,0.0778 | ba = 0.0034,-0.0437,0.1069
camera-imu timeoffset = 0.00015
cam0 intrinsics = 461.390,462.900,367.298,250.834 | -0.273,0.067,-0.000,0.000
cam1 intrinsics = 460.403,461.931,380.032,257.612 | -0.274,0.067,-0.000,0.000
cam0 extrinsics = -0.009,0.007,0.702,0.712 | 0.063,-0.042,-0.002
cam1 extrinsics = -0.004,0.011,0.703,0.711 | -0.053,-0.042,-0.001
q_GtoI = -0.623,-0.501,-0.454,0.395 | p_IinG = 1.312,12.435,2.327 | dist = 14.13 (meters)
bg = -0.0037,0.0214,0.0778 | ba = 0.0039,-0.0442,0.1063
camera-imu timeoffset = 0.00015
cam0 intrinsics = 461.399,462.904,367.294,250.828 | -0.273,0.067,-0.000,0.000
cam1 intrinsics = 460.412,461.934,380.034,257.604 | -0.274,0.067,-0.000,0.000
cam0 extrinsics = -0.009,0.007,0.702,0.712 | 0.063,-0.042,-0.002
cam1 extrinsics = -0.004,0.011,0.703,0.711 | -0.053,-0.042,-0.001
q_GtoI = -0.620,-0.499,-0.456,0.398 | p_IinG = 1.367,12.436,2.327 | dist = 14.18 (meters)
bg = -0.0037,0.0213,0.0778 | ba = 0.0041,-0.0444,0.1059
camera-imu timeoffset = 0.00015
cam0 intrinsics = 461.411,462.911,367.290,250.820 | -0.273,0.067,-0.000,0.000
cam1 intrinsics = 460.424,461.940,380.034,257.594 | -0.274,0.067,-0.000,0.000
cam0 extrinsics = -0.009,0.007,0.702,0.712 | 0.063,-0.042,-0.002
cam1 extrinsics = -0.004,0.012,0.703,0.711 | -0.053,-0.042,-0.001
q_GtoI = -0.617,-0.499,-0.459,0.400 | p_IinG = 1.422,12.436,2.329 | dist = 14.24 (meters)
bg = -0.0037,0.0214,0.0778 | ba = 0.0045,-0.0449,0.1052
camera-imu timeoffset = 0.00015
cam0 intrinsics = 461.419,462.916,367.284,250.808 | -0.273,0.067,-0.000,0.000
cam1 intrinsics = 460.432,461.943,380.033,257.582 | -0.274,0.067,-0.000,0.000
cam0 extrinsics = -0.009,0.007,0.702,0.712 | 0.063,-0.042,-0.002
cam1 extrinsics = -0.004,0.011,0.703,0.711 | -0.053,-0.042,-0.001
q_GtoI = -0.614,-0.500,-0.461,0.400 | p_IinG = 1.477,12.425,2.329 | dist = 14.29 (meters)
bg = -0.0038,0.0214,0.0778 | ba = 0.0071,-0.0463,0.1043
camera-imu timeoffset = 0.00014
cam0 intrinsics = 461.414,462.889,367.270,250.777 | -0.273,0.067,-0.000,0.000
cam1 intrinsics = 460.428,461.915,380.052,257.530 | -0.274,0.067,-0.000,0.000
cam0 extrinsics = -0.009,0.007,0.702,0.712 | 0.063,-0.041,-0.001
cam1 extrinsics = -0.004,0.012,0.703,0.711 | -0.054,-0.042,-0.000
q_GtoI = -0.611,-0.502,-0.465,0.399 | p_IinG = 1.532,12.418,2.332 | dist = 14.35 (meters)
bg = -0.0038,0.0212,0.0778 | ba = 0.0081,-0.0462,0.1050
camera-imu timeoffset = 0.00014
cam0 intrinsics = 461.432,462.898,367.260,250.778 | -0.274,0.067,-0.000,0.000
cam1 intrinsics = 460.449,461.924,380.053,257.526 | -0.274,0.067,-0.000,0.000
cam0 extrinsics = -0.009,0.007,0.702,0.712 | 0.063,-0.041,-0.001
cam1 extrinsics = -0.004,0.012,0.703,0.711 | -0.053,-0.041,-0.000
q_GtoI = -0.608,-0.504,-0.467,0.397 | p_IinG = 1.590,12.408,2.338 | dist = 14.40 (meters)
bg = -0.0040,0.0212,0.0778 | ba = 0.0077,-0.0489,0.1044
camera-imu timeoffset = 0.00012
cam0 intrinsics = 461.420,462.886,367.241,250.747 | -0.274,0.067,-0.000,0.000
cam1 intrinsics = 460.432,461.906,380.056,257.511 | -0.274,0.067,-0.000,0.000
cam0 extrinsics = -0.009,0.007,0.702,0.712 | 0.063,-0.041,-0.001
cam1 extrinsics = -0.004,0.012,0.703,0.711 | -0.054,-0.041,-0.000
q_GtoI = -0.606,-0.505,-0.470,0.396 | p_IinG = 1.647,12.395,2.345 | dist = 14.46 (meters)
bg = -0.0041,0.0210,0.0778 | ba = 0.0075,-0.0496,0.1041
camera-imu timeoffset = 0.00012
cam0 intrinsics = 461.425,462.885,367.228,250.745 | -0.274,0.067,-0.000,0.000
cam1 intrinsics = 460.438,461.905,380.047,257.508 | -0.274,0.067,-0.000,0.000
cam0 extrinsics = -0.009,0.007,0.702,0.712 | 0.063,-0.041,-0.001
cam1 extrinsics = -0.004,0.012,0.703,0.711 | -0.054,-0.041,0.000
q_GtoI = -0.604,-0.506,-0.473,0.395 | p_IinG = 1.702,12.378,2.352 | dist = 14.52 (meters)
bg = -0.0042,0.0207,0.0777 | ba = 0.0080,-0.0493,0.1044
camera-imu timeoffset = 0.00011
cam0 intrinsics = 461.436,462.898,367.208,250.761 | -0.274,0.067,-0.000,0.000
cam1 intrinsics = 460.450,461.920,380.037,257.519 | -0.274,0.067,-0.000,0.000
cam0 extrinsics = -0.009,0.007,0.702,0.712 | 0.063,-0.041,-0.001
cam1 extrinsics = -0.004,0.012,0.703,0.711 | -0.054,-0.041,0.000
q_GtoI = -0.603,-0.507,-0.474,0.394 | p_IinG = 1.758,12.362,2.361 | dist = 14.57 (meters)
bg = -0.0042,0.0204,0.0777 | ba = 0.0068,-0.0493,0.1032
camera-imu timeoffset = 0.00010
cam0 intrinsics = 461.450,462.891,367.189,250.759 | -0.274,0.067,-0.000,0.000
cam1 intrinsics = 460.460,461.910,380.021,257.520 | -0.274,0.067,-0.000,0.000
cam0 extrinsics = -0.009,0.007,0.702,0.712 | 0.063,-0.041,-0.000
cam1 extrinsics = -0.004,0.012,0.703,0.711 | -0.053,-0.041,0.000
q_GtoI = -0.602,-0.508,-0.474,0.393 | p_IinG = 1.813,12.349,2.374 | dist = 14.63 (meters)
bg = -0.0043,0.0202,0.0776 | ba = 0.0050,-0.0506,0.1006
camera-imu timeoffset = 0.00012
cam0 intrinsics = 461.439,462.892,367.183,250.755 | -0.274,0.067,-0.000,0.000
cam1 intrinsics = 460.464,461.927,380.010,257.507 | -0.274,0.067,-0.000,0.000
cam0 extrinsics = -0.009,0.007,0.702,0.712 | 0.063,-0.041,-0.000
cam1 extrinsics = -0.004,0.012,0.703,0.711 | -0.053,-0.041,0.001
q_GtoI = -0.602,-0.509,-0.474,0.393 | p_IinG = 1.864,12.325,2.388 | dist = 14.69 (meters)
bg = -0.0043,0.0199,0.0776 | ba = 0.0027,-0.0504,0.0989
camera-imu timeoffset = 0.00013
cam0 intrinsics = 461.438,462.895,367.172,250.761 | -0.274,0.067,-0.000,0.000
cam1 intrinsics = 460.463,461.930,380.007,257.512 | -0.274,0.067,-0.000,0.000
cam0 extrinsics = -0.009,0.007,0.702,0.712 | 0.063,-0.040,0.000
cam1 extrinsics = -0.004,0.012,0.703,0.711 | -0.053,-0.041,0.001
q_GtoI = -0.602,-0.510,-0.473,0.392 | p_IinG = 1.915,12.301,2.404 | dist = 14.74 (meters)
bg = -0.0043,0.0197,0.0776 | ba = 0.0000,-0.0502,0.0972
camera-imu timeoffset = 0.00011
cam0 intrinsics = 461.432,462.899,367.162,250.776 | -0.274,0.067,-0.000,0.000
cam1 intrinsics = 460.458,461.934,380.002,257.527 | -0.274,0.067,-0.000,0.000
cam0 extrinsics = -0.009,0.007,0.702,0.712 | 0.064,-0.040,0.001
cam1 extrinsics = -0.004,0.012,0.703,0.711 | -0.053,-0.040,0.002
q_GtoI = -0.603,-0.511,-0.472,0.391 | p_IinG = 1.965,12.277,2.423 | dist = 14.80 (meters)
bg = -0.0044,0.0196,0.0777 | ba = -0.0025,-0.0507,0.0953
camera-imu timeoffset = 0.00009
cam0 intrinsics = 461.416,462.917,367.162,250.797 | -0.274,0.067,-0.000,0.000
cam1 intrinsics = 460.445,461.952,380.017,257.542 | -0.274,0.067,-0.000,0.000
cam0 extrinsics = -0.009,0.007,0.702,0.712 | 0.064,-0.040,0.001
cam1 extrinsics = -0.004,0.012,0.703,0.711 | -0.053,-0.040,0.002
q_GtoI = -0.604,-0.512,-0.471,0.390 | p_IinG = 2.013,12.248,2.442 | dist = 14.86 (meters)
bg = -0.0045,0.0194,0.0776 | ba = -0.0054,-0.0504,0.0936
camera-imu timeoffset = 0.00009
cam0 intrinsics = 461.414,462.925,367.163,250.820 | -0.274,0.067,-0.000,0.000
cam1 intrinsics = 460.444,461.961,380.023,257.565 | -0.274,0.067,-0.000,0.000
cam0 extrinsics = -0.009,0.007,0.702,0.712 | 0.064,-0.039,0.002
cam1 extrinsics = -0.004,0.012,0.703,0.711 | -0.052,-0.039,0.003
q_GtoI = -0.604,-0.512,-0.470,0.389 | p_IinG = 2.061,12.218,2.462 | dist = 14.92 (meters)
bg = -0.0046,0.0193,0.0776 | ba = -0.0079,-0.0496,0.0919
camera-imu timeoffset = 0.00011
cam0 intrinsics = 461.416,462.942,367.167,250.847 | -0.274,0.067,-0.000,0.000
cam1 intrinsics = 460.447,461.979,380.030,257.592 | -0.274,0.067,-0.000,0.000
cam0 extrinsics = -0.009,0.007,0.702,0.712 | 0.064,-0.039,0.002
cam1 extrinsics = -0.004,0.012,0.703,0.711 | -0.052,-0.039,0.003
q_GtoI = -0.607,-0.513,-0.467,0.388 | p_IinG = 2.108,12.185,2.482 | dist = 14.98 (meters)
bg = -0.0047,0.0196,0.0778 | ba = -0.0124,-0.0474,0.0887
camera-imu timeoffset = 0.00010
cam0 intrinsics = 461.389,462.983,367.154,250.881 | -0.274,0.067,-0.000,0.000
cam1 intrinsics = 460.422,462.020,380.035,257.587 | -0.274,0.067,-0.000,0.000
cam0 extrinsics = -0.009,0.007,0.702,0.712 | 0.064,-0.038,0.003
cam1 extrinsics = -0.004,0.012,0.703,0.711 | -0.052,-0.038,0.004
q_GtoI = -0.609,-0.513,-0.464,0.388 | p_IinG = 2.154,12.154,2.499 | dist = 15.04 (meters)
bg = -0.0048,0.0195,0.0777 | ba = -0.0138,-0.0473,0.0873
camera-imu timeoffset = 0.00011
cam0 intrinsics = 461.393,462.998,367.151,250.904 | -0.274,0.067,-0.000,0.000
cam1 intrinsics = 460.424,462.031,380.043,257.612 | -0.274,0.067,-0.000,0.000
cam0 extrinsics = -0.009,0.007,0.702,0.712 | 0.065,-0.037,0.003
cam1 extrinsics = -0.004,0.012,0.703,0.711 | -0.052,-0.037,0.004
q_GtoI = -0.610,-0.514,-0.463,0.387 | p_IinG = 2.201,12.117,2.515 | dist = 15.11 (meters)
bg = -0.0050,0.0195,0.0777 | ba = -0.0157,-0.0468,0.0864
camera-imu timeoffset = 0.00011
cam0 intrinsics = 461.411,463.011,367.147,250.913 | -0.274,0.067,-0.000,0.000
cam1 intrinsics = 460.443,462.043,380.042,257.617 | -0.274,0.067,-0.000,0.000
cam0 extrinsics = -0.009,0.007,0.702,0.712 | 0.065,-0.037,0.003
cam1 extrinsics = -0.004,0.012,0.703,0.711 | -0.052,-0.037,0.005
q_GtoI = -0.610,-0.515,-0.462,0.386 | p_IinG = 2.248,12.081,2.529 | dist = 15.17 (meters)
bg = -0.0050,0.0194,0.0778 | ba = -0.0172,-0.0462,0.0852
camera-imu timeoffset = 0.00012
cam0 intrinsics = 461.431,463.030,367.143,250.935 | -0.274,0.067,-0.000,0.000
cam1 intrinsics = 460.456,462.055,380.043,257.638 | -0.274,0.067,-0.000,0.000
cam0 extrinsics = -0.009,0.007,0.702,0.712 | 0.065,-0.037,0.004
cam1 extrinsics = -0.004,0.012,0.703,0.711 | -0.052,-0.037,0.005
q_GtoI = -0.612,-0.518,-0.459,0.382 | p_IinG = 2.297,12.047,2.543 | dist = 15.23 (meters)
bg = -0.0052,0.0194,0.0779 | ba = -0.0199,-0.0464,0.0836
camera-imu timeoffset = 0.00008
cam0 intrinsics = 461.439,463.044,367.126,250.951 | -0.274,0.067,-0.000,0.000
cam1 intrinsics = 460.464,462.068,380.038,257.655 | -0.274,0.067,-0.000,0.000
cam0 extrinsics = -0.009,0.007,0.702,0.712 | 0.065,-0.037,0.004
cam1 extrinsics = -0.004,0.012,0.703,0.711 | -0.052,-0.037,0.005
q_GtoI = -0.615,-0.521,-0.456,0.378 | p_IinG = 2.344,12.009,2.553 | dist = 15.29 (meters)
bg = -0.0052,0.0194,0.0779 | ba = -0.0205,-0.0454,0.0827
camera-imu timeoffset = 0.00009
cam0 intrinsics = 461.468,463.050,367.120,250.970 | -0.274,0.067,-0.000,0.000
cam1 intrinsics = 460.491,462.072,380.035,257.673 | -0.274,0.067,-0.000,0.000
cam0 extrinsics = -0.009,0.007,0.702,0.712 | 0.065,-0.036,0.004
cam1 extrinsics = -0.004,0.012,0.703,0.711 | -0.052,-0.037,0.006
q_GtoI = -0.617,-0.524,-0.452,0.374 | p_IinG = 2.391,11.972,2.561 | dist = 15.35 (meters)
bg = -0.0053,0.0194,0.0780 | ba = -0.0212,-0.0445,0.0822
camera-imu timeoffset = 0.00009
cam0 intrinsics = 461.503,463.056,367.109,250.988 | -0.274,0.067,-0.000,0.000
cam1 intrinsics = 460.523,462.076,380.034,257.687 | -0.274,0.067,-0.000,0.000
cam0 extrinsics = -0.009,0.007,0.702,0.712 | 0.065,-0.036,0.005
cam1 extrinsics = -0.004,0.012,0.703,0.711 | -0.052,-0.036,0.006
q_GtoI = -0.619,-0.527,-0.450,0.370 | p_IinG = 2.436,11.933,2.568 | dist = 15.41 (meters)
bg = -0.0053,0.0192,0.0780 | ba = -0.0222,-0.0446,0.0817
camera-imu timeoffset = 0.00010
cam0 intrinsics = 461.517,463.050,367.095,250.990 | -0.274,0.067,-0.000,0.000
cam1 intrinsics = 460.536,462.068,380.020,257.686 | -0.274,0.067,-0.000,0.000
cam0 extrinsics = -0.009,0.007,0.702,0.712 | 0.065,-0.036,0.005
cam1 extrinsics = -0.004,0.012,0.703,0.711 | -0.052,-0.037,0.006
q_GtoI = -0.620,-0.529,-0.448,0.368 | p_IinG = 2.480,11.895,2.575 | dist = 15.47 (meters)
bg = -0.0053,0.0191,0.0781 | ba = -0.0229,-0.0444,0.0809
camera-imu timeoffset = 0.00011
cam0 intrinsics = 461.534,463.053,367.081,251.000 | -0.274,0.067,-0.000,0.000
cam1 intrinsics = 460.553,462.070,380.007,257.695 | -0.274,0.067,-0.000,0.000
cam0 extrinsics = -0.009,0.007,0.702,0.712 | 0.065,-0.036,0.005
cam1 extrinsics = -0.004,0.012,0.703,0.711 | -0.052,-0.036,0.006
q_GtoI = -0.621,-0.530,-0.447,0.366 | p_IinG = 2.526,11.858,2.580 | dist = 15.53 (meters)
bg = -0.0054,0.0191,0.0781 | ba = -0.0232,-0.0453,0.0806
camera-imu timeoffset = 0.00011
cam0 intrinsics = 461.564,463.058,367.064,251.006 | -0.274,0.067,-0.000,0.000
cam1 intrinsics = 460.583,462.075,379.991,257.688 | -0.274,0.067,-0.000,0.000
cam0 extrinsics = -0.009,0.007,0.702,0.712 | 0.065,-0.036,0.005
cam1 extrinsics = -0.004,0.012,0.703,0.711 | -0.052,-0.036,0.006
q_GtoI = -0.621,-0.531,-0.446,0.365 | p_IinG = 2.571,11.823,2.586 | dist = 15.59 (meters)
bg = -0.0056,0.0190,0.0781 | ba = -0.0236,-0.0464,0.0799
camera-imu timeoffset = 0.00011
cam0 intrinsics = 461.582,463.070,367.049,251.009 | -0.274,0.067,-0.000,0.000
cam1 intrinsics = 460.600,462.086,379.976,257.688 | -0.274,0.067,-0.000,0.000
cam0 extrinsics = -0.009,0.007,0.702,0.712 | 0.065,-0.036,0.005
cam1 extrinsics = -0.004,0.012,0.703,0.711 | -0.052,-0.036,0.006
q_GtoI = -0.621,-0.531,-0.445,0.365 | p_IinG = 2.614,11.788,2.591 | dist = 15.65 (meters)
bg = -0.0056,0.0191,0.0781 | ba = -0.0249,-0.0470,0.0801
camera-imu timeoffset = 0.00011
cam0 intrinsics = 461.605,463.086,367.037,251.005 | -0.274,0.067,-0.000,0.000
cam1 intrinsics = 460.623,462.101,379.964,257.683 | -0.274,0.067,-0.000,0.000
cam0 extrinsics = -0.009,0.007,0.702,0.712 | 0.065,-0.036,0.005
cam1 extrinsics = -0.004,0.012,0.703,0.711 | -0.052,-0.036,0.006
q_GtoI = -0.622,-0.531,-0.444,0.366 | p_IinG = 2.657,11.748,2.595 | dist = 15.71 (meters)
bg = -0.0058,0.0192,0.0781 | ba = -0.0277,-0.0470,0.0784
camera-imu timeoffset = 0.00011
cam0 intrinsics = 461.615,463.118,367.027,251.012 | -0.274,0.067,-0.000,0.000
cam1 intrinsics = 460.627,462.123,379.962,257.668 | -0.274,0.067,-0.000,0.000
cam0 extrinsics = -0.009,0.007,0.702,0.712 | 0.065,-0.036,0.005
cam1 extrinsics = -0.004,0.012,0.703,0.711 | -0.052,-0.036,0.007
q_GtoI = -0.623,-0.530,-0.442,0.368 | p_IinG = 2.700,11.707,2.599 | dist = 15.76 (meters)
bg = -0.0059,0.0193,0.0781 | ba = -0.0282,-0.0471,0.0766
camera-imu timeoffset = 0.00011
cam0 intrinsics = 461.610,463.127,367.023,251.004 | -0.274,0.067,-0.000,0.000
cam1 intrinsics = 460.621,462.134,379.956,257.661 | -0.274,0.067,-0.000,0.000
cam0 extrinsics = -0.009,0.007,0.702,0.712 | 0.065,-0.036,0.005
cam1 extrinsics = -0.004,0.012,0.703,0.711 | -0.052,-0.036,0.007
q_GtoI = -0.624,-0.528,-0.440,0.372 | p_IinG = 2.742,11.671,2.605 | dist = 15.82 (meters)
bg = -0.0059,0.0194,0.0782 | ba = -0.0294,-0.0469,0.0763
camera-imu timeoffset = 0.00011
cam0 intrinsics = 461.633,463.126,367.006,250.986 | -0.274,0.067,-0.000,0.000
cam1 intrinsics = 460.649,462.134,379.948,257.639 | -0.274,0.067,-0.000,0.000
cam0 extrinsics = -0.009,0.007,0.702,0.712 | 0.064,-0.036,0.005
cam1 extrinsics = -0.004,0.012,0.703,0.711 | -0.052,-0.036,0.007
q_GtoI = -0.624,-0.527,-0.440,0.373 | p_IinG = 2.781,11.620,2.608 | dist = 15.88 (meters)
bg = -0.0060,0.0194,0.0782 | ba = -0.0290,-0.0455,0.0734
camera-imu timeoffset = 0.00011
cam0 intrinsics = 461.630,463.120,366.951,250.872 | -0.274,0.067,-0.000,0.000
cam1 intrinsics = 460.642,462.118,379.936,257.527 | -0.274,0.067,-0.000,0.000
cam0 extrinsics = -0.009,0.007,0.702,0.712 | 0.065,-0.037,0.005
cam1 extrinsics = -0.004,0.012,0.703,0.711 | -0.052,-0.037,0.006
q_GtoI = -0.625,-0.525,-0.438,0.377 | p_IinG = 2.824,11.582,2.617 | dist = 15.94 (meters)
bg = -0.0062,0.0195,0.0783 | ba = -0.0321,-0.0458,0.0710
camera-imu timeoffset = 0.00011
cam0 intrinsics = 461.667,463.140,366.938,250.837 | -0.274,0.067,-0.000,-0.000
cam1 intrinsics = 460.672,462.131,379.946,257.503 | -0.274,0.067,-0.000,0.000
cam0 extrinsics = -0.009,0.006,0.702,0.712 | 0.065,-0.038,0.004
cam1 extrinsics = -0.004,0.012,0.703,0.711 | -0.052,-0.038,0.006
q_GtoI = -0.625,-0.525,-0.437,0.378 | p_IinG = 2.867,11.546,2.627 | dist = 15.99 (meters)
bg = -0.0063,0.0195,0.0783 | ba = -0.0342,-0.0457,0.0699
camera-imu timeoffset = 0.00011
cam0 intrinsics = 461.697,463.146,366.930,250.818 | -0.274,0.067,-0.000,-0.000
cam1 intrinsics = 460.700,462.135,379.940,257.485 | -0.274,0.067,-0.000,0.000
cam0 extrinsics = -0.009,0.006,0.702,0.712 | 0.065,-0.038,0.004
cam1 extrinsics = -0.004,0.012,0.703,0.711 | -0.052,-0.038,0.006
q_GtoI = -0.625,-0.523,-0.437,0.380 | p_IinG = 2.910,11.509,2.639 | dist = 16.05 (meters)
bg = -0.0064,0.0195,0.0783 | ba = -0.0365,-0.0456,0.0688
camera-imu timeoffset = 0.00012
cam0 intrinsics = 461.725,463.153,366.924,250.797 | -0.274,0.067,-0.000,-0.000
cam1 intrinsics = 460.727,462.140,379.936,257.466 | -0.274,0.067,-0.000,0.000
cam0 extrinsics = -0.009,0.006,0.702,0.712 | 0.065,-0.038,0.004
cam1 extrinsics = -0.004,0.012,0.703,0.711 | -0.052,-0.038,0.005
q_GtoI = -0.625,-0.522,-0.437,0.381 | p_IinG = 2.952,11.472,2.650 | dist = 16.11 (meters)
bg = -0.0064,0.0195,0.0784 | ba = -0.0390,-0.0453,0.0678
camera-imu timeoffset = 0.00012
cam0 intrinsics = 461.751,463.158,366.918,250.779 | -0.274,0.067,-0.000,-0.000
cam1 intrinsics = 460.752,462.143,379.931,257.449 | -0.274,0.067,-0.000,0.000
cam0 extrinsics = -0.009,0.006,0.702,0.712 | 0.065,-0.038,0.004
cam1 extrinsics = -0.004,0.012,0.703,0.711 | -0.052,-0.038,0.005
q_GtoI = -0.626,-0.520,-0.437,0.383 | p_IinG = 2.996,11.434,2.662 | dist = 16.17 (meters)
bg = -0.0065,0.0195,0.0785 | ba = -0.0417,-0.0451,0.0669
camera-imu timeoffset = 0.00011
cam0 intrinsics = 461.775,463.164,366.914,250.760 | -0.274,0.067,-0.000,-0.000
cam1 intrinsics = 460.773,462.145,379.926,257.431 | -0.274,0.067,-0.000,0.000
cam0 extrinsics = -0.009,0.006,0.702,0.712 | 0.065,-0.038,0.003
cam1 extrinsics = -0.004,0.012,0.703,0.711 | -0.052,-0.039,0.005
q_GtoI = -0.627,-0.518,-0.438,0.382 | p_IinG = 3.040,11.396,2.672 | dist = 16.23 (meters)
bg = -0.0065,0.0198,0.0785 | ba = -0.0446,-0.0443,0.0669
camera-imu timeoffset = 0.00011
cam0 intrinsics = 461.794,463.179,366.899,250.745 | -0.274,0.067,-0.000,-0.000
cam1 intrinsics = 460.787,462.153,379.921,257.422 | -0.274,0.067,-0.000,0.000
cam0 extrinsics = -0.009,0.006,0.702,0.712 | 0.065,-0.039,0.003
cam1 extrinsics = -0.004,0.012,0.703,0.711 | -0.052,-0.039,0.005
q_GtoI = -0.629,-0.517,-0.440,0.379 | p_IinG = 3.084,11.358,2.680 | dist = 16.28 (meters)
bg = -0.0066,0.0199,0.0786 | ba = -0.0469,-0.0433,0.0660
camera-imu timeoffset = 0.00010
cam0 intrinsics = 461.816,463.180,366.898,250.729 | -0.274,0.067,-0.000,-0.000
cam1 intrinsics = 460.803,462.147,379.921,257.412 | -0.274,0.067,-0.000,0.000
cam0 extrinsics = -0.009,0.006,0.702,0.712 | 0.065,-0.039,0.003
cam1 extrinsics = -0.004,0.012,0.703,0.711 | -0.052,-0.039,0.005
q_GtoI = -0.632,-0.514,-0.442,0.376 | p_IinG = 3.131,11.319,2.688 | dist = 16.34 (meters)
bg = -0.0068,0.0200,0.0786 | ba = -0.0499,-0.0430,0.0654
camera-imu timeoffset = 0.00010
cam0 intrinsics = 461.828,463.188,366.894,250.714 | -0.274,0.067,-0.000,-0.000
cam1 intrinsics = 460.814,462.154,379.920,257.399 | -0.274,0.067,-0.000,0.000
cam0 extrinsics = -0.009,0.007,0.702,0.712 | 0.065,-0.039,0.003
cam1 extrinsics = -0.004,0.012,0.703,0.711 | -0.052,-0.039,0.004
q_GtoI = -0.636,-0.511,-0.442,0.373 | p_IinG = 3.178,11.278,2.694 | dist = 16.40 (meters)
bg = -0.0069,0.0202,0.0786 | ba = -0.0546,-0.0422,0.0650
camera-imu timeoffset = 0.00010
cam0 intrinsics = 461.843,463.205,366.890,250.711 | -0.274,0.067,-0.000,-0.000
cam1 intrinsics = 460.823,462.160,379.926,257.382 | -0.274,0.067,-0.000,0.000
cam0 extrinsics = -0.009,0.007,0.702,0.712 | 0.065,-0.039,0.002
cam1 extrinsics = -0.004,0.012,0.703,0.711 | -0.052,-0.039,0.004
q_GtoI = -0.639,-0.507,-0.444,0.370 | p_IinG = 3.228,11.242,2.700 | dist = 16.46 (meters)
bg = -0.0070,0.0204,0.0786 | ba = -0.0574,-0.0427,0.0641
camera-imu timeoffset = 0.00010
cam0 intrinsics = 461.853,463.222,366.894,250.698 | -0.274,0.067,-0.000,-0.000
cam1 intrinsics = 460.833,462.179,379.930,257.369 | -0.274,0.067,-0.000,-0.000
cam0 extrinsics = -0.009,0.007,0.702,0.712 | 0.065,-0.039,0.002
cam1 extrinsics = -0.004,0.012,0.703,0.711 | -0.052,-0.039,0.004
q_GtoI = -0.643,-0.503,-0.446,0.367 | p_IinG = 3.278,11.207,2.704 | dist = 16.52 (meters)
bg = -0.0071,0.0205,0.0786 | ba = -0.0597,-0.0426,0.0645
camera-imu timeoffset = 0.00010
cam0 intrinsics = 461.862,463.244,366.899,250.695 | -0.274,0.067,-0.000,-0.000
cam1 intrinsics = 460.855,462.205,379.948,257.351 | -0.274,0.067,-0.000,-0.000
cam0 extrinsics = -0.009,0.006,0.702,0.712 | 0.065,-0.039,0.002
cam1 extrinsics = -0.004,0.012,0.703,0.711 | -0.052,-0.040,0.004
q_GtoI = -0.645,-0.500,-0.448,0.365 | p_IinG = 3.327,11.171,2.703 | dist = 16.58 (meters)
bg = -0.0073,0.0204,0.0787 | ba = -0.0563,-0.0419,0.0630
camera-imu timeoffset = 0.00010
cam0 intrinsics = 461.864,463.244,366.901,250.700 | -0.274,0.067,-0.000,-0.000
cam1 intrinsics = 460.858,462.205,379.984,257.358 | -0.274,0.067,-0.000,-0.000
cam0 extrinsics = -0.009,0.006,0.702,0.712 | 0.065,-0.039,0.002
cam1 extrinsics = -0.004,0.012,0.703,0.711 | -0.052,-0.040,0.004
q_GtoI = -0.646,-0.499,-0.451,0.361 | p_IinG = 3.376,11.137,2.706 | dist = 16.64 (meters)
bg = -0.0074,0.0206,0.0787 | ba = -0.0574,-0.0414,0.0640
camera-imu timeoffset = 0.00010
cam0 intrinsics = 461.871,463.264,366.913,250.694 | -0.274,0.067,-0.000,-0.000
cam1 intrinsics = 460.867,462.227,379.995,257.350 | -0.274,0.067,-0.000,-0.000
cam0 extrinsics = -0.009,0.006,0.702,0.712 | 0.065,-0.040,0.002
cam1 extrinsics = -0.004,0.012,0.703,0.711 | -0.053,-0.040,0.004
q_GtoI = -0.648,-0.498,-0.453,0.357 | p_IinG = 3.425,11.105,2.708 | dist = 16.70 (meters)
bg = -0.0075,0.0208,0.0786 | ba = -0.0588,-0.0405,0.0654
camera-imu timeoffset = 0.00010
cam0 intrinsics = 461.873,463.287,366.929,250.696 | -0.274,0.067,-0.000,-0.000
cam1 intrinsics = 460.870,462.250,380.007,257.352 | -0.274,0.067,-0.000,-0.000
cam0 extrinsics = -0.009,0.006,0.702,0.712 | 0.064,-0.040,0.002
cam1 extrinsics = -0.004,0.012,0.703,0.711 | -0.053,-0.040,0.004
q_GtoI = -0.648,-0.496,-0.455,0.355 | p_IinG = 3.475,11.072,2.710 | dist = 16.76 (meters)
bg = -0.0077,0.0209,0.0786 | ba = -0.0599,-0.0401,0.0666
camera-imu timeoffset = 0.00010
cam0 intrinsics = 461.873,463.309,366.955,250.693 | -0.274,0.067,-0.000,-0.000
cam1 intrinsics = 460.874,462.271,380.020,257.350 | -0.274,0.067,-0.000,-0.000
cam0 extrinsics = -0.009,0.006,0.702,0.712 | 0.064,-0.040,0.002
cam1 extrinsics = -0.004,0.012,0.703,0.711 | -0.054,-0.040,0.004
q_GtoI = -0.650,-0.495,-0.455,0.354 | p_IinG = 3.525,11.039,2.711 | dist = 16.82 (meters)
bg = -0.0078,0.0211,0.0787 | ba = -0.0610,-0.0395,0.0675
camera-imu timeoffset = 0.00011
cam0 intrinsics = 461.872,463.335,366.977,250.691 | -0.274,0.067,-0.000,-0.000
cam1 intrinsics = 460.876,462.299,380.040,257.346 | -0.274,0.068,-0.000,-0.000
cam0 extrinsics = -0.009,0.006,0.702,0.712 | 0.063,-0.040,0.002
cam1 extrinsics = -0.004,0.012,0.703,0.711 | -0.054,-0.040,0.004
q_GtoI = -0.650,-0.494,-0.457,0.353 | p_IinG = 3.574,11.006,2.713 | dist = 16.89 (meters)
bg = -0.0079,0.0213,0.0787 | ba = -0.0622,-0.0386,0.0684
camera-imu timeoffset = 0.00011
cam0 intrinsics = 461.865,463.362,367.001,250.689 | -0.274,0.067,-0.000,-0.000
cam1 intrinsics = 460.871,462.326,380.062,257.343 | -0.274,0.068,-0.000,-0.000
cam0 extrinsics = -0.009,0.006,0.702,0.712 | 0.063,-0.040,0.002
cam1 extrinsics = -0.004,0.012,0.703,0.711 | -0.055,-0.041,0.004
q_GtoI = -0.651,-0.494,-0.456,0.352 | p_IinG = 3.623,10.973,2.715 | dist = 16.95 (meters)
bg = -0.0080,0.0215,0.0787 | ba = -0.0636,-0.0375,0.0693
camera-imu timeoffset = 0.00011
cam0 intrinsics = 461.863,463.385,367.013,250.689 | -0.274,0.067,-0.000,-0.000
cam1 intrinsics = 460.870,462.350,380.070,257.342 | -0.274,0.068,-0.000,-0.000
cam0 extrinsics = -0.009,0.006,0.702,0.712 | 0.063,-0.041,0.002
cam1 extrinsics = -0.004,0.012,0.703,0.711 | -0.055,-0.041,0.004
q_GtoI = -0.652,-0.493,-0.456,0.352 | p_IinG = 3.673,10.937,2.720 | dist = 17.01 (meters)
bg = -0.0082,0.0217,0.0789 | ba = -0.0642,-0.0371,0.0686
camera-imu timeoffset = 0.00012
cam0 intrinsics = 461.859,463.420,367.042,250.678 | -0.274,0.067,-0.000,-0.000
cam1 intrinsics = 460.859,462.370,380.084,257.341 | -0.274,0.068,-0.000,-0.000
cam0 extrinsics = -0.009,0.007,0.702,0.712 | 0.062,-0.041,0.002
cam1 extrinsics = -0.004,0.012,0.703,0.711 | -0.055,-0.041,0.004
q_GtoI = -0.653,-0.493,-0.455,0.352 | p_IinG = 3.722,10.901,2.727 | dist = 17.07 (meters)
bg = -0.0083,0.0219,0.0789 | ba = -0.0650,-0.0361,0.0682
camera-imu timeoffset = 0.00012
cam0 intrinsics = 461.852,463.446,367.055,250.678 | -0.274,0.067,-0.000,-0.000
cam1 intrinsics = 460.853,462.396,380.095,257.341 | -0.274,0.068,-0.000,-0.000
cam0 extrinsics = -0.009,0.007,0.702,0.712 | 0.062,-0.041,0.002
cam1 extrinsics = -0.004,0.012,0.703,0.711 | -0.056,-0.041,0.003
q_GtoI = -0.653,-0.494,-0.454,0.351 | p_IinG = 3.771,10.864,2.737 | dist = 17.13 (meters)
bg = -0.0083,0.0221,0.0790 | ba = -0.0654,-0.0352,0.0671
camera-imu timeoffset = 0.00013
cam0 intrinsics = 461.838,463.482,367.070,250.690 | -0.274,0.067,-0.000,-0.000
cam1 intrinsics = 460.838,462.425,380.101,257.340 | -0.274,0.068,-0.000,-0.000
cam0 extrinsics = -0.009,0.007,0.702,0.712 | 0.062,-0.041,0.002
cam1 extrinsics = -0.004,0.012,0.703,0.711 | -0.056,-0.041,0.004
q_GtoI = -0.653,-0.495,-0.454,0.351 | p_IinG = 3.819,10.830,2.750 | dist = 17.19 (meters)
bg = -0.0084,0.0225,0.0790 | ba = -0.0651,-0.0339,0.0659
camera-imu timeoffset = 0.00012
cam0 intrinsics = 461.827,463.508,367.082,250.700 | -0.274,0.067,-0.000,-0.000
cam1 intrinsics = 460.828,462.451,380.105,257.351 | -0.274,0.068,-0.000,-0.000
cam0 extrinsics = -0.009,0.007,0.702,0.712 | 0.061,-0.041,0.002
cam1 extrinsics = -0.004,0.012,0.703,0.711 | -0.056,-0.041,0.004
q_GtoI = -0.653,-0.496,-0.453,0.350 | p_IinG = 3.867,10.794,2.762 | dist = 17.26 (meters)
bg = -0.0084,0.0226,0.0791 | ba = -0.0644,-0.0322,0.0640
camera-imu timeoffset = 0.00012
cam0 intrinsics = 461.820,463.540,367.084,250.712 | -0.274,0.067,-0.000,-0.000
cam1 intrinsics = 460.823,462.478,380.120,257.364 | -0.274,0.068,-0.000,-0.000
cam0 extrinsics = -0.009,0.007,0.702,0.712 | 0.061,-0.041,0.002
cam1 extrinsics = -0.004,0.012,0.703,0.711 | -0.057,-0.041,0.004
q_GtoI = -0.653,-0.497,-0.453,0.350 | p_IinG = 3.918,10.761,2.771 | dist = 17.32 (meters)
bg = -0.0087,0.0226,0.0790 | ba = -0.0591,-0.0315,0.0602
camera-imu timeoffset = 0.00010
cam0 intrinsics = 461.813,463.569,367.082,250.739 | -0.274,0.067,-0.000,-0.000
cam1 intrinsics = 460.816,462.506,380.128,257.389 | -0.274,0.068,-0.001,-0.000
cam0 extrinsics = -0.009,0.006,0.702,0.712 | 0.060,-0.041,0.002
cam1 extrinsics = -0.004,0.012,0.703,0.711 | -0.057,-0.041,0.003
q_GtoI = -0.652,-0.497,-0.454,0.349 | p_IinG = 3.964,10.734,2.782 | dist = 17.38 (meters)
bg = -0.0084,0.0223,0.0788 | ba = -0.0520,-0.0271,0.0596
camera-imu timeoffset = 0.00010
cam0 intrinsics = 461.871,463.567,367.085,250.868 | -0.274,0.067,-0.000,-0.000
cam1 intrinsics = 460.878,462.507,380.115,257.516 | -0.274,0.068,-0.001,-0.000
cam0 extrinsics = -0.009,0.006,0.702,0.712 | 0.060,-0.041,0.001
cam1 extrinsics = -0.004,0.012,0.703,0.711 | -0.058,-0.041,0.003
q_GtoI = -0.651,-0.498,-0.454,0.349 | p_IinG = 4.012,10.702,2.799 | dist = 17.44 (meters)
bg = -0.0085,0.0224,0.0788 | ba = -0.0527,-0.0252,0.0580
camera-imu timeoffset = 0.00009
cam0 intrinsics = 461.867,463.597,367.092,250.886 | -0.274,0.067,-0.000,-0.000
cam1 intrinsics = 460.875,462.535,380.118,257.533 | -0.274,0.068,-0.001,-0.000
cam0 extrinsics = -0.009,0.006,0.702,0.712 | 0.060,-0.041,0.001
cam1 extrinsics = -0.004,0.012,0.703,0.711 | -0.058,-0.041,0.003
q_GtoI = -0.652,-0.499,-0.453,0.348 | p_IinG = 4.059,10.672,2.815 | dist = 17.50 (meters)
bg = -0.0086,0.0226,0.0788 | ba = -0.0531,-0.0234,0.0569
camera-imu timeoffset = 0.00010
cam0 intrinsics = 461.863,463.629,367.091,250.902 | -0.274,0.068,-0.000,-0.000
cam1 intrinsics = 460.871,462.565,380.115,257.549 | -0.274,0.068,-0.001,-0.000
cam0 extrinsics = -0.009,0.006,0.702,0.712 | 0.060,-0.041,0.001
cam1 extrinsics = -0.004,0.012,0.703,0.711 | -0.058,-0.041,0.003
q_GtoI = -0.653,-0.499,-0.451,0.347 | p_IinG = 4.104,10.639,2.828 | dist = 17.56 (meters)
bg = -0.0086,0.0226,0.0788 | ba = -0.0529,-0.0200,0.0557
camera-imu timeoffset = 0.00010
cam0 intrinsics = 461.866,463.650,367.093,250.926 | -0.274,0.068,-0.000,-0.000
cam1 intrinsics = 460.874,462.584,380.110,257.570 | -0.274,0.068,-0.001,-0.000
cam0 extrinsics = -0.009,0.006,0.702,0.712 | 0.059,-0.041,0.001
cam1 extrinsics = -0.004,0.012,0.703,0.711 | -0.059,-0.041,0.003
q_GtoI = -0.656,-0.500,-0.447,0.347 | p_IinG = 4.147,10.607,2.839 | dist = 17.62 (meters)
bg = -0.0086,0.0225,0.0787 | ba = -0.0527,-0.0165,0.0544
camera-imu timeoffset = 0.00010
cam0 intrinsics = 461.866,463.670,367.095,250.949 | -0.274,0.068,-0.000,-0.000
cam1 intrinsics = 460.873,462.602,380.106,257.591 | -0.274,0.068,-0.001,-0.000
cam0 extrinsics = -0.009,0.006,0.702,0.712 | 0.059,-0.041,0.001
cam1 extrinsics = -0.004,0.012,0.703,0.711 | -0.059,-0.041,0.003
q_GtoI = -0.658,-0.501,-0.444,0.345 | p_IinG = 4.190,10.575,2.849 | dist = 17.68 (meters)
bg = -0.0085,0.0225,0.0786 | ba = -0.0530,-0.0130,0.0536
camera-imu timeoffset = 0.00010
cam0 intrinsics = 461.866,463.694,367.096,250.972 | -0.274,0.068,-0.000,-0.000
cam1 intrinsics = 460.874,462.624,380.100,257.612 | -0.274,0.068,-0.001,-0.000
cam0 extrinsics = -0.009,0.006,0.702,0.712 | 0.059,-0.041,0.001
cam1 extrinsics = -0.004,0.011,0.703,0.711 | -0.059,-0.041,0.003
q_GtoI = -0.659,-0.501,-0.442,0.345 | p_IinG = 4.233,10.544,2.858 | dist = 17.74 (meters)
bg = -0.0084,0.0225,0.0786 | ba = -0.0535,-0.0097,0.0528
camera-imu timeoffset = 0.00010
cam0 intrinsics = 461.868,463.723,367.094,250.995 | -0.274,0.068,-0.000,-0.000
cam1 intrinsics = 460.874,462.652,380.090,257.632 | -0.274,0.068,-0.001,-0.000
cam0 extrinsics = -0.009,0.006,0.702,0.712 | 0.058,-0.041,0.001
cam1 extrinsics = -0.004,0.011,0.703,0.711 | -0.060,-0.041,0.003
q_GtoI = -0.660,-0.502,-0.440,0.344 | p_IinG = 4.277,10.514,2.866 | dist = 17.79 (meters)
bg = -0.0083,0.0225,0.0786 | ba = -0.0540,-0.0065,0.0523
camera-imu timeoffset = 0.00010
cam0 intrinsics = 461.868,463.752,367.089,251.014 | -0.274,0.068,-0.000,-0.000
cam1 intrinsics = 460.875,462.679,380.078,257.648 | -0.274,0.068,-0.001,-0.000
cam0 extrinsics = -0.009,0.006,0.702,0.712 | 0.058,-0.040,0.001
cam1 extrinsics = -0.004,0.011,0.703,0.711 | -0.060,-0.041,0.003
q_GtoI = -0.661,-0.502,-0.439,0.343 | p_IinG = 4.323,10.485,2.875 | dist = 17.85 (meters)
bg = -0.0084,0.0226,0.0788 | ba = -0.0570,-0.0038,0.0511
camera-imu timeoffset = 0.00010
cam0 intrinsics = 461.875,463.790,367.084,251.024 | -0.274,0.068,-0.000,-0.000
cam1 intrinsics = 460.881,462.716,380.068,257.653 | -0.274,0.068,-0.001,-0.000
cam0 extrinsics = -0.009,0.006,0.702,0.712 | 0.058,-0.040,0.001
cam1 extrinsics = -0.004,0.011,0.703,0.711 | -0.060,-0.040,0.003
q_GtoI = -0.662,-0.503,-0.437,0.342 | p_IinG = 4.368,10.458,2.883 | dist = 17.91 (meters)
bg = -0.0083,0.0226,0.0788 | ba = -0.0580,-0.0013,0.0511
camera-imu timeoffset = 0.00010
cam0 intrinsics = 461.875,463.815,367.079,251.033 | -0.274,0.068,-0.000,-0.000
cam1 intrinsics = 460.882,462.744,380.052,257.665 | -0.274,0.068,-0.001,-0.000
cam0 extrinsics = -0.009,0.006,0.702,0.712 | 0.058,-0.040,0.001
cam1 extrinsics = -0.004,0.011,0.703,0.711 | -0.060,-0.040,0.003
q_GtoI = -0.664,-0.504,-0.435,0.340 | p_IinG = 4.413,10.433,2.891 | dist = 17.96 (meters)
bg = -0.0081,0.0226,0.0789 | ba = -0.0589,0.0015,0.0529
camera-imu timeoffset = 0.00010
cam0 intrinsics = 461.885,463.833,367.082,251.040 | -0.274,0.068,-0.000,-0.000
cam1 intrinsics = 460.892,462.759,380.055,257.667 | -0.274,0.068,-0.001,-0.000
cam0 extrinsics = -0.009,0.006,0.702,0.712 | 0.058,-0.041,0.001
cam1 extrinsics = -0.004,0.011,0.703,0.711 | -0.060,-0.041,0.003
q_GtoI = -0.666,-0.504,-0.433,0.339 | p_IinG = 4.459,10.408,2.895 | dist = 18.02 (meters)
bg = -0.0080,0.0223,0.0789 | ba = -0.0552,0.0031,0.0527
camera-imu timeoffset = 0.00010
cam0 intrinsics = 461.890,463.844,367.085,251.059 | -0.274,0.068,-0.000,-0.000
cam1 intrinsics = 460.902,462.773,380.057,257.677 | -0.274,0.068,-0.001,-0.000
cam0 extrinsics = -0.009,0.006,0.702,0.712 | 0.057,-0.041,0.001
cam1 extrinsics = -0.004,0.011,0.703,0.711 | -0.061,-0.041,0.003
q_GtoI = -0.667,-0.503,-0.431,0.340 | p_IinG = 4.499,10.383,2.898 | dist = 18.07 (meters)
bg = -0.0076,0.0222,0.0785 | ba = -0.0504,0.0064,0.0546
camera-imu timeoffset = 0.00010
cam0 intrinsics = 461.909,463.854,367.076,251.144 | -0.274,0.068,-0.000,-0.000
cam1 intrinsics = 460.922,462.785,380.050,257.751 | -0.274,0.068,-0.001,-0.000
cam0 extrinsics = -0.009,0.006,0.702,0.712 | 0.057,-0.041,0.001
cam1 extrinsics = -0.004,0.011,0.703,0.711 | -0.061,-0.041,0.003
q_GtoI = -0.669,-0.500,-0.429,0.343 | p_IinG = 4.546,10.363,2.907 | dist = 18.12 (meters)
bg = -0.0074,0.0222,0.0786 | ba = -0.0509,0.0079,0.0553
camera-imu timeoffset = 0.00009
cam0 intrinsics = 461.915,463.880,367.073,251.154 | -0.274,0.068,-0.000,-0.000
cam1 intrinsics = 460.928,462.811,380.040,257.756 | -0.274,0.068,-0.001,-0.000
cam0 extrinsics = -0.009,0.006,0.702,0.712 | 0.057,-0.041,0.001
cam1 extrinsics = -0.004,0.011,0.703,0.711 | -0.061,-0.041,0.003
q_GtoI = -0.671,-0.497,-0.428,0.347 | p_IinG = 4.594,10.344,2.917 | dist = 18.18 (meters)
bg = -0.0072,0.0224,0.0787 | ba = -0.0524,0.0097,0.0559
camera-imu timeoffset = 0.00009
cam0 intrinsics = 461.921,463.905,367.064,251.164 | -0.274,0.068,-0.000,-0.000
cam1 intrinsics = 460.934,462.835,380.027,257.763 | -0.274,0.068,-0.001,-0.000
cam0 extrinsics = -0.009,0.006,0.702,0.712 | 0.057,-0.041,0.001
cam1 extrinsics = -0.004,0.011,0.703,0.711 | -0.061,-0.041,0.003
q_GtoI = -0.670,-0.495,-0.430,0.350 | p_IinG = 4.643,10.327,2.931 | dist = 18.23 (meters)
bg = -0.0070,0.0226,0.0787 | ba = -0.0535,0.0112,0.0564
camera-imu timeoffset = 0.00009
cam0 intrinsics = 461.927,463.919,367.060,251.170 | -0.274,0.068,-0.000,-0.000
cam1 intrinsics = 460.940,462.847,380.016,257.762 | -0.274,0.068,-0.001,-0.000
cam0 extrinsics = -0.009,0.006,0.702,0.712 | 0.057,-0.041,0.001
cam1 extrinsics = -0.004,0.011,0.703,0.711 | -0.061,-0.041,0.003
q_GtoI = -0.668,-0.492,-0.432,0.353 | p_IinG = 4.692,10.309,2.945 | dist = 18.29 (meters)
bg = -0.0068,0.0228,0.0788 | ba = -0.0548,0.0131,0.0557
camera-imu timeoffset = 0.00010
cam0 intrinsics = 461.931,463.930,367.049,251.164 | -0.274,0.068,-0.000,-0.000
cam1 intrinsics = 460.947,462.860,380.004,257.753 | -0.274,0.068,-0.001,-0.000
cam0 extrinsics = -0.009,0.006,0.702,0.712 | 0.057,-0.042,0.001
cam1 extrinsics = -0.004,0.011,0.703,0.711 | -0.061,-0.041,0.003
q_GtoI = -0.667,-0.490,-0.433,0.356 | p_IinG = 4.742,10.293,2.961 | dist = 18.35 (meters)
bg = -0.0066,0.0230,0.0788 | ba = -0.0557,0.0146,0.0554
camera-imu timeoffset = 0.00010
cam0 intrinsics = 461.936,463.947,367.053,251.163 | -0.274,0.068,-0.000,-0.000
cam1 intrinsics = 460.950,462.873,379.999,257.741 | -0.274,0.068,-0.001,-0.000
cam0 extrinsics = -0.009,0.006,0.702,0.712 | 0.057,-0.042,0.001
cam1 extrinsics = -0.004,0.011,0.703,0.711 | -0.061,-0.042,0.003
q_GtoI = -0.667,-0.488,-0.433,0.359 | p_IinG = 4.794,10.276,2.979 | dist = 18.40 (meters)
bg = -0.0064,0.0232,0.0788 | ba = -0.0569,0.0159,0.0549
camera-imu timeoffset = 0.00010
cam0 intrinsics = 461.943,463.967,367.055,251.153 | -0.275,0.068,-0.000,-0.000
cam1 intrinsics = 460.953,462.891,379.991,257.725 | -0.274,0.068,-0.001,-0.000
cam0 extrinsics = -0.009,0.006,0.702,0.712 | 0.057,-0.042,0.001
cam1 extrinsics = -0.004,0.011,0.703,0.711 | -0.061,-0.042,0.003
q_GtoI = -0.667,-0.487,-0.434,0.361 | p_IinG = 4.849,10.262,2.998 | dist = 18.46 (meters)
bg = -0.0062,0.0234,0.0787 | ba = -0.0571,0.0168,0.0541
camera-imu timeoffset = 0.00010
cam0 intrinsics = 461.945,463.987,367.055,251.146 | -0.275,0.068,-0.000,-0.000
cam1 intrinsics = 460.954,462.908,379.983,257.712 | -0.274,0.068,-0.001,-0.000
cam0 extrinsics = -0.009,0.006,0.702,0.712 | 0.057,-0.042,0.001
cam1 extrinsics = -0.004,0.011,0.703,0.711 | -0.061,-0.042,0.003
q_GtoI = -0.666,-0.486,-0.435,0.362 | p_IinG = 4.905,10.248,3.017 | dist = 18.52 (meters)
bg = -0.0060,0.0236,0.0787 | ba = -0.0570,0.0174,0.0536
camera-imu timeoffset = 0.00011
cam0 intrinsics = 461.948,464.005,367.062,251.142 | -0.275,0.068,-0.000,-0.000
cam1 intrinsics = 460.957,462.925,379.982,257.706 | -0.274,0.068,-0.001,-0.000
cam0 extrinsics = -0.009,0.006,0.702,0.712 | 0.057,-0.043,0.001
cam1 extrinsics = -0.004,0.011,0.703,0.711 | -0.061,-0.043,0.003
q_GtoI = -0.666,-0.486,-0.436,0.362 | p_IinG = 4.962,10.236,3.034 | dist = 18.59 (meters)
bg = -0.0059,0.0238,0.0786 | ba = -0.0571,0.0184,0.0527
camera-imu timeoffset = 0.00011
cam0 intrinsics = 461.956,464.023,367.069,251.136 | -0.275,0.068,-0.000,-0.000
cam1 intrinsics = 460.965,462.943,379.982,257.698 | -0.274,0.068,-0.001,-0.000
cam0 extrinsics = -0.009,0.006,0.702,0.712 | 0.057,-0.043,0.001
cam1 extrinsics = -0.004,0.011,0.703,0.711 | -0.061,-0.043,0.003
q_GtoI = -0.665,-0.487,-0.437,0.361 | p_IinG = 5.025,10.227,3.047 | dist = 18.65 (meters)
bg = -0.0058,0.0237,0.0784 | ba = -0.0516,0.0180,0.0496
camera-imu timeoffset = 0.00010
cam0 intrinsics = 461.962,463.994,367.089,251.189 | -0.275,0.068,-0.000,-0.000
cam1 intrinsics = 460.982,462.921,380.002,257.767 | -0.274,0.068,-0.001,-0.000
cam0 extrinsics = -0.009,0.006,0.702,0.712 | 0.056,-0.044,0.001
cam1 extrinsics = -0.004,0.012,0.703,0.711 | -0.062,-0.043,0.004
q_GtoI = -0.664,-0.488,-0.438,0.360 | p_IinG = 5.083,10.216,3.059 | dist = 18.71 (meters)
bg = -0.0057,0.0237,0.0784 | ba = -0.0503,0.0199,0.0495
camera-imu timeoffset = 0.00010
cam0 intrinsics = 461.971,464.005,367.092,251.198 | -0.275,0.068,-0.000,-0.000
cam1 intrinsics = 460.991,462.934,380.007,257.775 | -0.274,0.068,-0.001,-0.000
cam0 extrinsics = -0.009,0.006,0.702,0.712 | 0.056,-0.044,0.001
cam1 extrinsics = -0.004,0.012,0.703,0.711 | -0.062,-0.044,0.004
q_GtoI = -0.663,-0.488,-0.439,0.359 | p_IinG = 5.147,10.206,3.069 | dist = 18.77 (meters)
bg = -0.0055,0.0237,0.0783 | ba = -0.0475,0.0180,0.0493
camera-imu timeoffset = 0.00010
cam0 intrinsics = 462.001,464.008,367.122,251.195 | -0.275,0.068,-0.000,-0.000
cam1 intrinsics = 461.025,462.939,380.021,257.769 | -0.275,0.068,-0.001,-0.000
cam0 extrinsics = -0.009,0.006,0.702,0.712 | 0.056,-0.045,0.001
cam1 extrinsics = -0.004,0.011,0.703,0.711 | -0.062,-0.045,0.003
q_GtoI = -0.662,-0.489,-0.440,0.359 | p_IinG = 5.209,10.194,3.078 | dist = 18.83 (meters)
bg = -0.0055,0.0237,0.0783 | ba = -0.0468,0.0184,0.0492
camera-imu timeoffset = 0.00010
cam0 intrinsics = 462.011,464.023,367.145,251.206 | -0.275,0.068,-0.000,-0.000
cam1 intrinsics = 461.037,462.955,380.039,257.778 | -0.275,0.068,-0.001,-0.000
cam0 extrinsics = -0.009,0.006,0.702,0.712 | 0.056,-0.045,0.001
cam1 extrinsics = -0.004,0.011,0.703,0.711 | -0.062,-0.045,0.004
q_GtoI = -0.662,-0.489,-0.440,0.358 | p_IinG = 5.272,10.181,3.085 | dist = 18.90 (meters)
bg = -0.0055,0.0237,0.0783 | ba = -0.0464,0.0182,0.0490
camera-imu timeoffset = 0.00010
cam0 intrinsics = 462.020,464.043,367.158,251.210 | -0.275,0.068,-0.000,-0.000
cam1 intrinsics = 461.048,462.975,380.050,257.779 | -0.275,0.068,-0.001,-0.000
cam0 extrinsics = -0.009,0.006,0.702,0.712 | 0.056,-0.046,0.001
cam1 extrinsics = -0.004,0.011,0.703,0.711 | -0.062,-0.045,0.004
q_GtoI = -0.662,-0.490,-0.441,0.358 | p_IinG = 5.338,10.169,3.091 | dist = 18.96 (meters)
bg = -0.0055,0.0237,0.0783 | ba = -0.0460,0.0184,0.0486
camera-imu timeoffset = 0.00011
cam0 intrinsics = 462.026,464.065,367.173,251.213 | -0.275,0.068,-0.000,-0.000
cam1 intrinsics = 461.055,462.998,380.059,257.778 | -0.275,0.068,-0.001,-0.000
cam0 extrinsics = -0.009,0.006,0.702,0.712 | 0.056,-0.046,0.001
cam1 extrinsics = -0.004,0.011,0.703,0.711 | -0.062,-0.046,0.004
q_GtoI = -0.661,-0.492,-0.441,0.356 | p_IinG = 5.403,10.157,3.099 | dist = 19.03 (meters)
bg = -0.0055,0.0239,0.0782 | ba = -0.0465,0.0190,0.0488
camera-imu timeoffset = 0.00011
cam0 intrinsics = 462.027,464.089,367.181,251.217 | -0.275,0.068,-0.000,-0.000
cam1 intrinsics = 461.058,463.023,380.063,257.780 | -0.275,0.068,-0.001,-0.000
cam0 extrinsics = -0.009,0.006,0.702,0.712 | 0.056,-0.046,0.001
cam1 extrinsics = -0.004,0.011,0.703,0.711 | -0.063,-0.046,0.004
q_GtoI = -0.659,-0.493,-0.443,0.354 | p_IinG = 5.466,10.147,3.108 | dist = 19.09 (meters)
bg = -0.0055,0.0240,0.0783 | ba = -0.0473,0.0207,0.0492
camera-imu timeoffset = 0.00011
cam0 intrinsics = 462.027,464.109,367.191,251.219 | -0.275,0.068,-0.000,-0.000
cam1 intrinsics = 461.059,463.043,380.066,257.780 | -0.275,0.068,-0.001,-0.000
cam0 extrinsics = -0.009,0.006,0.702,0.712 | 0.056,-0.046,0.001
cam1 extrinsics = -0.004,0.011,0.703,0.711 | -0.063,-0.045,0.004
q_GtoI = -0.658,-0.496,-0.446,0.351 | p_IinG = 5.531,10.136,3.117 | dist = 19.16 (meters)
bg = -0.0054,0.0241,0.0783 | ba = -0.0476,0.0212,0.0494
camera-imu timeoffset = 0.00011
cam0 intrinsics = 462.034,464.131,367.190,251.216 | -0.275,0.068,-0.000,-0.000
cam1 intrinsics = 461.068,463.066,380.063,257.774 | -0.275,0.068,-0.001,-0.000
cam0 extrinsics = -0.009,0.006,0.702,0.712 | 0.055,-0.046,0.001
cam1 extrinsics = -0.004,0.011,0.703,0.711 | -0.063,-0.046,0.004
q_GtoI = -0.656,-0.497,-0.447,0.349 | p_IinG = 5.595,10.124,3.126 | dist = 19.22 (meters)
bg = -0.0054,0.0243,0.0782 | ba = -0.0462,0.0215,0.0486
camera-imu timeoffset = 0.00010
cam0 intrinsics = 462.033,464.143,367.185,251.215 | -0.275,0.068,-0.000,-0.000
cam1 intrinsics = 461.072,463.086,380.070,257.778 | -0.275,0.068,-0.001,-0.000
cam0 extrinsics = -0.009,0.006,0.702,0.712 | 0.056,-0.046,0.001
cam1 extrinsics = -0.004,0.011,0.703,0.711 | -0.063,-0.046,0.004
q_GtoI = -0.655,-0.499,-0.449,0.347 | p_IinG = 5.660,10.110,3.137 | dist = 19.29 (meters)
bg = -0.0053,0.0243,0.0782 | ba = -0.0449,0.0214,0.0489
camera-imu timeoffset = 0.00010
cam0 intrinsics = 462.043,464.155,367.184,251.211 | -0.275,0.068,-0.000,-0.000
cam1 intrinsics = 461.083,463.099,380.067,257.772 | -0.275,0.068,-0.001,-0.000
cam0 extrinsics = -0.009,0.006,0.702,0.712 | 0.056,-0.046,0.001
cam1 extrinsics = -0.004,0.011,0.703,0.711 | -0.063,-0.046,0.004
q_GtoI = -0.654,-0.500,-0.451,0.346 | p_IinG = 5.725,10.097,3.149 | dist = 19.36 (meters)
bg = -0.0053,0.0242,0.0782 | ba = -0.0442,0.0217,0.0500
camera-imu timeoffset = 0.00010
cam0 intrinsics = 462.056,464.163,367.175,251.203 | -0.275,0.068,-0.000,-0.000
cam1 intrinsics = 461.098,463.106,380.056,257.763 | -0.275,0.068,-0.001,-0.000
cam0 extrinsics = -0.009,0.006,0.702,0.712 | 0.056,-0.046,0.001
cam1 extrinsics = -0.004,0.011,0.703,0.711 | -0.063,-0.046,0.004
q_GtoI = -0.654,-0.500,-0.451,0.345 | p_IinG = 5.790,10.078,3.155 | dist = 19.42 (meters)
bg = -0.0051,0.0238,0.0779 | ba = -0.0370,0.0199,0.0505
camera-imu timeoffset = 0.00011
cam0 intrinsics = 462.086,464.138,367.191,251.246 | -0.275,0.068,-0.000,-0.000
cam1 intrinsics = 461.132,463.086,380.082,257.816 | -0.275,0.068,-0.001,-0.000
cam0 extrinsics = -0.009,0.006,0.702,0.712 | 0.056,-0.047,0.001
cam1 extrinsics = -0.004,0.011,0.703,0.711 | -0.062,-0.046,0.003
q_GtoI = -0.653,-0.500,-0.452,0.345 | p_IinG = 5.852,10.062,3.165 | dist = 19.49 (meters)
bg = -0.0050,0.0236,0.0779 | ba = -0.0329,0.0199,0.0508
camera-imu timeoffset = 0.00010
cam0 intrinsics = 462.083,464.149,367.193,251.256 | -0.275,0.068,-0.000,-0.000
cam1 intrinsics = 461.134,463.100,380.092,257.828 | -0.275,0.068,-0.001,-0.000
cam0 extrinsics = -0.009,0.006,0.702,0.712 | 0.056,-0.047,0.001
cam1 extrinsics = -0.004,0.011,0.703,0.711 | -0.062,-0.047,0.003
q_GtoI = -0.653,-0.500,-0.453,0.345 | p_IinG = 5.917,10.039,3.171 | dist = 19.55 (meters)
bg = -0.0050,0.0233,0.0779 | ba = -0.0276,0.0163,0.0533
camera-imu timeoffset = 0.00010
cam0 intrinsics = 462.106,464.159,367.206,251.227 | -0.275,0.068,-0.000,-0.001
cam1 intrinsics = 461.160,463.114,380.106,257.799 | -0.275,0.068,-0.001,-0.000
cam0 extrinsics = -0.009,0.006,0.702,0.712 | 0.057,-0.047,0.000
cam1 extrinsics = -0.004,0.012,0.703,0.711 | -0.062,-0.047,0.003
q_GtoI = -0.653,-0.500,-0.454,0.343 | p_IinG = 5.980,10.026,3.182 | dist = 19.62 (meters)
bg = -0.0050,0.0232,0.0779 | ba = -0.0273,0.0156,0.0537
camera-imu timeoffset = 0.00010
cam0 intrinsics = 462.107,464.171,367.214,251.231 | -0.275,0.068,-0.000,-0.001
cam1 intrinsics = 461.163,463.127,380.114,257.806 | -0.275,0.068,-0.001,-0.000
cam0 extrinsics = -0.009,0.006,0.702,0.712 | 0.057,-0.047,0.000
cam1 extrinsics = -0.004,0.012,0.703,0.711 | -0.062,-0.047,0.003
q_GtoI = -0.653,-0.501,-0.453,0.342 | p_IinG = 6.043,10.012,3.190 | dist = 19.68 (meters)
bg = -0.0050,0.0231,0.0780 | ba = -0.0265,0.0148,0.0543
camera-imu timeoffset = 0.00010
cam0 intrinsics = 462.110,464.182,367.215,251.229 | -0.275,0.068,-0.000,-0.001
cam1 intrinsics = 461.170,463.141,380.117,257.808 | -0.275,0.068,-0.001,-0.000
cam0 extrinsics = -0.009,0.007,0.702,0.712 | 0.056,-0.047,0.000
cam1 extrinsics = -0.004,0.012,0.703,0.711 | -0.062,-0.047,0.003
q_GtoI = -0.653,-0.502,-0.454,0.340 | p_IinG = 6.107,9.996,3.195 | dist = 19.74 (meters)
bg = -0.0050,0.0229,0.0779 | ba = -0.0252,0.0133,0.0552
camera-imu timeoffset = 0.00010
cam0 intrinsics = 462.125,464.185,367.209,251.215 | -0.275,0.068,-0.000,-0.001
cam1 intrinsics = 461.185,463.145,380.122,257.797 | -0.275,0.068,-0.001,-0.000
cam0 extrinsics = -0.009,0.007,0.702,0.712 | 0.056,-0.047,0.000
cam1 extrinsics = -0.004,0.012,0.703,0.711 | -0.062,-0.047,0.003
q_GtoI = -0.654,-0.502,-0.452,0.340 | p_IinG = 6.168,9.974,3.197 | dist = 19.80 (meters)
bg = -0.0049,0.0225,0.0778 | ba = -0.0231,0.0104,0.0601
camera-imu timeoffset = 0.00010
cam0 intrinsics = 462.166,464.164,367.192,251.143 | -0.275,0.068,-0.000,-0.001
cam1 intrinsics = 461.226,463.123,380.108,257.739 | -0.275,0.068,-0.001,-0.000
cam0 extrinsics = -0.009,0.007,0.702,0.712 | 0.056,-0.047,0.000
cam1 extrinsics = -0.004,0.012,0.703,0.711 | -0.062,-0.047,0.003
q_GtoI = -0.655,-0.503,-0.450,0.339 | p_IinG = 6.231,9.959,3.199 | dist = 19.87 (meters)
bg = -0.0049,0.0223,0.0778 | ba = -0.0229,0.0082,0.0608
camera-imu timeoffset = 0.00010
cam0 intrinsics = 462.177,464.164,367.180,251.116 | -0.275,0.068,-0.000,-0.001
cam1 intrinsics = 461.238,463.124,380.098,257.711 | -0.275,0.068,-0.001,-0.000
cam0 extrinsics = -0.009,0.007,0.702,0.712 | 0.056,-0.047,0.000
cam1 extrinsics = -0.004,0.012,0.703,0.711 | -0.062,-0.047,0.003
q_GtoI = -0.657,-0.503,-0.447,0.338 | p_IinG = 6.293,9.946,3.200 | dist = 19.93 (meters)
bg = -0.0050,0.0221,0.0777 | ba = -0.0228,0.0067,0.0614
camera-imu timeoffset = 0.00010
cam0 intrinsics = 462.183,464.158,367.176,251.090 | -0.275,0.068,-0.000,-0.001
cam1 intrinsics = 461.244,463.119,380.099,257.687 | -0.275,0.068,-0.001,-0.000
cam0 extrinsics = -0.009,0.007,0.702,0.712 | 0.056,-0.047,0.000
cam1 extrinsics = -0.004,0.012,0.703,0.711 | -0.062,-0.047,0.003
q_GtoI = -0.660,-0.504,-0.444,0.337 | p_IinG = 6.354,9.933,3.199 | dist = 19.99 (meters)
bg = -0.0050,0.0219,0.0777 | ba = -0.0228,0.0060,0.0621
camera-imu timeoffset = 0.00009
cam0 intrinsics = 462.180,464.146,367.168,251.063 | -0.275,0.068,-0.000,-0.001
cam1 intrinsics = 461.245,463.109,380.095,257.662 | -0.275,0.068,-0.001,-0.000
cam0 extrinsics = -0.009,0.007,0.702,0.712 | 0.057,-0.047,0.000
cam1 extrinsics = -0.004,0.012,0.703,0.711 | -0.062,-0.047,0.003
q_GtoI = -0.663,-0.505,-0.439,0.335 | p_IinG = 6.412,9.919,3.197 | dist = 20.05 (meters)
bg = -0.0050,0.0217,0.0776 | ba = -0.0209,0.0042,0.0637
camera-imu timeoffset = 0.00009
cam0 intrinsics = 462.174,464.137,367.160,251.029 | -0.275,0.068,-0.000,-0.001
cam1 intrinsics = 461.241,463.101,380.085,257.630 | -0.275,0.068,-0.001,-0.000
cam0 extrinsics = -0.009,0.007,0.702,0.712 | 0.057,-0.047,0.000
cam1 extrinsics = -0.004,0.012,0.703,0.711 | -0.062,-0.047,0.003
q_GtoI = -0.666,-0.506,-0.435,0.333 | p_IinG = 6.473,9.911,3.199 | dist = 20.11 (meters)
bg = -0.0051,0.0215,0.0776 | ba = -0.0212,0.0039,0.0642
camera-imu timeoffset = 0.00010
cam0 intrinsics = 462.169,464.124,367.157,251.011 | -0.275,0.068,-0.000,-0.001
cam1 intrinsics = 461.236,463.088,380.081,257.614 | -0.275,0.068,-0.001,-0.000
cam0 extrinsics = -0.009,0.007,0.702,0.712 | 0.057,-0.047,0.000
cam1 extrinsics = -0.004,0.012,0.703,0.711 | -0.062,-0.047,0.003
q_GtoI = -0.667,-0.507,-0.434,0.331 | p_IinG = 6.532,9.901,3.204 | dist = 20.17 (meters)
bg = -0.0049,0.0213,0.0774 | ba = -0.0209,0.0035,0.0673
camera-imu timeoffset = 0.00011
cam0 intrinsics = 462.182,464.110,367.154,250.983 | -0.275,0.068,-0.000,-0.001
cam1 intrinsics = 461.249,463.072,380.068,257.582 | -0.275,0.068,-0.001,-0.000
cam0 extrinsics = -0.009,0.007,0.702,0.712 | 0.057,-0.048,0.000
cam1 extrinsics = -0.004,0.012,0.703,0.711 | -0.062,-0.047,0.003
q_GtoI = -0.668,-0.508,-0.433,0.329 | p_IinG = 6.591,9.898,3.214 | dist = 20.23 (meters)
bg = -0.0048,0.0213,0.0775 | ba = -0.0233,0.0051,0.0696
camera-imu timeoffset = 0.00011
cam0 intrinsics = 462.196,464.104,367.109,251.012 | -0.275,0.068,-0.000,-0.001
cam1 intrinsics = 461.261,463.062,380.032,257.606 | -0.275,0.068,-0.001,-0.000
cam0 extrinsics = -0.009,0.007,0.702,0.712 | 0.057,-0.048,0.001
cam1 extrinsics = -0.004,0.012,0.703,0.711 | -0.061,-0.048,0.003
q_GtoI = -0.668,-0.509,-0.433,0.326 | p_IinG = 6.647,9.889,3.223 | dist = 20.29 (meters)
bg = -0.0047,0.0212,0.0774 | ba = -0.0211,0.0056,0.0721
camera-imu timeoffset = 0.00011
cam0 intrinsics = 462.203,464.103,367.085,251.013 | -0.275,0.068,-0.000,-0.001
cam1 intrinsics = 461.266,463.059,380.001,257.604 | -0.275,0.068,-0.001,-0.000
cam0 extrinsics = -0.009,0.007,0.702,0.712 | 0.057,-0.048,0.000
cam1 extrinsics = -0.004,0.012,0.703,0.711 | -0.061,-0.048,0.003
q_GtoI = -0.670,-0.511,-0.431,0.323 | p_IinG = 6.707,9.886,3.236 | dist = 20.35 (meters)
bg = -0.0046,0.0212,0.0773 | ba = -0.0218,0.0054,0.0726
camera-imu timeoffset = 0.00011
cam0 intrinsics = 462.211,464.094,367.083,251.030 | -0.275,0.068,-0.000,-0.001
cam1 intrinsics = 461.274,463.050,379.998,257.624 | -0.275,0.068,-0.001,-0.000
cam0 extrinsics = -0.009,0.007,0.702,0.712 | 0.058,-0.048,0.000
cam1 extrinsics = -0.004,0.012,0.703,0.711 | -0.061,-0.048,0.003
q_GtoI = -0.671,-0.513,-0.429,0.319 | p_IinG = 6.766,9.886,3.251 | dist = 20.41 (meters)
bg = -0.0045,0.0211,0.0774 | ba = -0.0225,0.0053,0.0723
camera-imu timeoffset = 0.00011
cam0 intrinsics = 462.213,464.081,367.075,251.052 | -0.275,0.068,-0.000,-0.000
cam1 intrinsics = 461.276,463.036,379.989,257.649 | -0.275,0.068,-0.001,-0.000
cam0 extrinsics = -0.009,0.007,0.702,0.712 | 0.058,-0.048,0.000
cam1 extrinsics = -0.004,0.012,0.703,0.711 | -0.061,-0.048,0.003
q_GtoI = -0.673,-0.513,-0.427,0.319 | p_IinG = 6.826,9.888,3.267 | dist = 20.48 (meters)
bg = -0.0043,0.0212,0.0773 | ba = -0.0234,0.0047,0.0723
camera-imu timeoffset = 0.00011
cam0 intrinsics = 462.243,464.091,367.036,251.037 | -0.275,0.068,-0.000,-0.000
cam1 intrinsics = 461.309,463.047,379.954,257.637 | -0.275,0.068,-0.001,-0.000
cam0 extrinsics = -0.009,0.007,0.702,0.712 | 0.058,-0.048,0.001
cam1 extrinsics = -0.004,0.012,0.703,0.711 | -0.061,-0.048,0.003
q_GtoI = -0.674,-0.512,-0.425,0.320 | p_IinG = 6.895,9.897,3.284 | dist = 20.54 (meters)
bg = -0.0044,0.0212,0.0772 | ba = -0.0209,0.0017,0.0710
camera-imu timeoffset = 0.00010
cam0 intrinsics = 462.275,464.100,366.984,250.953 | -0.275,0.068,-0.000,-0.000
cam1 intrinsics = 461.347,463.058,379.916,257.554 | -0.275,0.068,-0.001,-0.000
cam0 extrinsics = -0.009,0.007,0.702,0.712 | 0.058,-0.048,0.000
cam1 extrinsics = -0.004,0.012,0.703,0.711 | -0.061,-0.048,0.003
q_GtoI = -0.675,-0.509,-0.425,0.324 | p_IinG = 6.958,9.907,3.304 | dist = 20.60 (meters)
bg = -0.0043,0.0213,0.0773 | ba = -0.0202,0.0010,0.0704
camera-imu timeoffset = 0.00010
cam0 intrinsics = 462.273,464.090,366.976,250.936 | -0.275,0.068,-0.000,-0.000
cam1 intrinsics = 461.346,463.048,379.908,257.537 | -0.275,0.068,-0.001,-0.000
cam0 extrinsics = -0.009,0.007,0.702,0.712 | 0.058,-0.048,0.001
cam1 extrinsics = -0.004,0.012,0.703,0.711 | -0.061,-0.048,0.003
q_GtoI = -0.676,-0.506,-0.424,0.328 | p_IinG = 7.015,9.914,3.324 | dist = 20.67 (meters)
bg = -0.0042,0.0214,0.0772 | ba = -0.0211,0.0011,0.0698
camera-imu timeoffset = 0.00009
cam0 intrinsics = 462.277,464.086,366.962,250.924 | -0.275,0.068,-0.000,-0.000
cam1 intrinsics = 461.348,463.043,379.892,257.525 | -0.275,0.068,-0.001,-0.000
cam0 extrinsics = -0.009,0.007,0.702,0.712 | 0.058,-0.048,0.001
cam1 extrinsics = -0.003,0.012,0.703,0.711 | -0.061,-0.048,0.003
q_GtoI = -0.676,-0.501,-0.425,0.334 | p_IinG = 7.076,9.925,3.345 | dist = 20.73 (meters)
bg = -0.0041,0.0215,0.0772 | ba = -0.0213,0.0008,0.0689
camera-imu timeoffset = 0.00010
cam0 intrinsics = 462.279,464.080,366.952,250.906 | -0.275,0.068,-0.000,-0.000
cam1 intrinsics = 461.350,463.037,379.882,257.509 | -0.275,0.068,-0.001,-0.000
cam0 extrinsics = -0.009,0.007,0.702,0.712 | 0.058,-0.048,0.001
cam1 extrinsics = -0.003,0.012,0.703,0.711 | -0.061,-0.048,0.003
q_GtoI = -0.676,-0.500,-0.425,0.336 | p_IinG = 7.133,9.933,3.361 | dist = 20.80 (meters)
bg = -0.0041,0.0214,0.0773 | ba = -0.0230,0.0012,0.0665
camera-imu timeoffset = 0.00009
cam0 intrinsics = 462.305,464.068,366.950,250.873 | -0.275,0.068,-0.000,-0.000
cam1 intrinsics = 461.354,463.006,379.861,257.499 | -0.275,0.068,-0.000,-0.000
cam0 extrinsics = -0.009,0.007,0.702,0.712 | 0.059,-0.049,-0.000
cam1 extrinsics = -0.003,0.012,0.703,0.711 | -0.060,-0.049,0.002
q_GtoI = -0.676,-0.497,-0.425,0.339 | p_IinG = 7.193,9.946,3.379 | dist = 20.86 (meters)
bg = -0.0040,0.0215,0.0773 | ba = -0.0242,0.0014,0.0658
camera-imu timeoffset = 0.00009
cam0 intrinsics = 462.314,464.071,366.933,250.865 | -0.275,0.068,-0.000,-0.000
cam1 intrinsics = 461.363,463.007,379.843,257.491 | -0.275,0.068,-0.000,-0.000
cam0 extrinsics = -0.009,0.007,0.702,0.712 | 0.059,-0.050,-0.001
cam1 extrinsics = -0.003,0.012,0.703,0.711 | -0.060,-0.049,0.002
q_GtoI = -0.675,-0.497,-0.427,0.339 | p_IinG = 7.255,9.960,3.394 | dist = 20.93 (meters)
bg = -0.0040,0.0216,0.0773 | ba = -0.0255,0.0015,0.0655
camera-imu timeoffset = 0.00009
cam0 intrinsics = 462.320,464.084,366.907,250.860 | -0.275,0.068,-0.000,-0.000
cam1 intrinsics = 461.368,463.020,379.818,257.488 | -0.275,0.068,-0.000,-0.000
cam0 extrinsics = -0.009,0.007,0.702,0.712 | 0.059,-0.050,-0.001
cam1 extrinsics = -0.003,0.012,0.703,0.711 | -0.060,-0.050,0.002
q_GtoI = -0.673,-0.496,-0.430,0.340 | p_IinG = 7.319,9.975,3.409 | dist = 21.00 (meters)
bg = -0.0040,0.0217,0.0773 | ba = -0.0267,0.0015,0.0650
camera-imu timeoffset = 0.00008
cam0 intrinsics = 462.331,464.100,366.873,250.885 | -0.275,0.068,-0.000,-0.000
cam1 intrinsics = 461.379,463.035,379.783,257.515 | -0.275,0.068,-0.000,-0.000
cam0 extrinsics = -0.009,0.007,0.702,0.712 | 0.059,-0.050,-0.001
cam1 extrinsics = -0.003,0.012,0.703,0.711 | -0.060,-0.050,0.001
q_GtoI = -0.670,-0.496,-0.434,0.341 | p_IinG = 7.387,9.993,3.422 | dist = 21.07 (meters)
bg = -0.0041,0.0219,0.0773 | ba = -0.0279,0.0006,0.0640
camera-imu timeoffset = 0.00008
cam0 intrinsics = 462.350,464.129,366.840,250.920 | -0.275,0.068,-0.000,-0.000
cam1 intrinsics = 461.395,463.061,379.739,257.556 | -0.275,0.068,-0.000,-0.000
cam0 extrinsics = -0.009,0.007,0.702,0.712 | 0.059,-0.050,-0.001
cam1 extrinsics = -0.003,0.012,0.703,0.711 | -0.060,-0.050,0.001
q_GtoI = -0.668,-0.496,-0.438,0.341 | p_IinG = 7.454,10.012,3.433 | dist = 21.13 (meters)
bg = -0.0041,0.0220,0.0773 | ba = -0.0290,0.0004,0.0635
camera-imu timeoffset = 0.00008
cam0 intrinsics = 462.380,464.159,366.777,250.983 | -0.275,0.068,-0.000,-0.000
cam1 intrinsics = 461.420,463.088,379.669,257.622 | -0.275,0.068,-0.001,-0.000
cam0 extrinsics = -0.009,0.007,0.702,0.712 | 0.059,-0.051,-0.001
cam1 extrinsics = -0.003,0.012,0.703,0.711 | -0.059,-0.051,0.001
q_GtoI = -0.666,-0.496,-0.441,0.342 | p_IinG = 7.518,10.032,3.441 | dist = 21.20 (meters)
bg = -0.0040,0.0220,0.0774 | ba = -0.0287,0.0019,0.0616
camera-imu timeoffset = 0.00008
cam0 intrinsics = 462.389,464.163,366.778,250.969 | -0.275,0.068,-0.000,-0.000
cam1 intrinsics = 461.429,463.092,379.668,257.610 | -0.275,0.068,-0.000,-0.000
cam0 extrinsics = -0.008,0.007,0.702,0.712 | 0.059,-0.051,-0.001
cam1 extrinsics = -0.003,0.012,0.703,0.711 | -0.060,-0.051,0.001
q_GtoI = -0.664,-0.496,-0.443,0.342 | p_IinG = 7.584,10.053,3.447 | dist = 21.27 (meters)
bg = -0.0041,0.0221,0.0773 | ba = -0.0276,0.0028,0.0605
camera-imu timeoffset = 0.00009
cam0 intrinsics = 462.406,464.173,366.776,250.968 | -0.275,0.068,-0.000,-0.000
cam1 intrinsics = 461.445,463.101,379.664,257.609 | -0.274,0.068,-0.000,-0.000
cam0 extrinsics = -0.008,0.007,0.702,0.712 | 0.059,-0.051,-0.001
cam1 extrinsics = -0.003,0.012,0.703,0.711 | -0.060,-0.051,0.002
q_GtoI = -0.663,-0.495,-0.445,0.343 | p_IinG = 7.648,10.072,3.454 | dist = 21.34 (meters)
bg = -0.0039,0.0223,0.0771 | ba = -0.0295,0.0045,0.0613
camera-imu timeoffset = 0.00009
cam0 intrinsics = 462.400,464.172,366.779,250.946 | -0.275,0.068,-0.000,-0.000
cam1 intrinsics = 461.441,463.099,379.667,257.592 | -0.275,0.068,-0.000,-0.000
cam0 extrinsics = -0.008,0.007,0.702,0.712 | 0.059,-0.050,-0.001
cam1 extrinsics = -0.003,0.012,0.703,0.711 | -0.060,-0.050,0.001
q_GtoI = -0.661,-0.497,-0.447,0.341 | p_IinG = 7.712,10.095,3.458 | dist = 21.41 (meters)
bg = -0.0039,0.0223,0.0771 | ba = -0.0282,0.0055,0.0608
camera-imu timeoffset = 0.00009
cam0 intrinsics = 462.402,464.170,366.777,250.955 | -0.275,0.068,-0.000,-0.000
cam1 intrinsics = 461.448,463.100,379.665,257.604 | -0.275,0.068,-0.000,-0.000
cam0 extrinsics = -0.008,0.007,0.702,0.712 | 0.059,-0.050,-0.001
cam1 extrinsics = -0.003,0.012,0.703,0.711 | -0.060,-0.050,0.002
q_GtoI = -0.660,-0.498,-0.448,0.341 | p_IinG = 7.776,10.117,3.460 | dist = 21.48 (meters)
bg = -0.0038,0.0223,0.0770 | ba = -0.0271,0.0062,0.0612
camera-imu timeoffset = 0.00009
cam0 intrinsics = 462.406,464.166,366.777,250.953 | -0.275,0.068,-0.000,-0.000
cam1 intrinsics = 461.455,463.099,379.663,257.602 | -0.275,0.068,-0.000,-0.000
cam0 extrinsics = -0.008,0.007,0.702,0.712 | 0.059,-0.050,-0.001
cam1 extrinsics = -0.003,0.012,0.703,0.711 | -0.060,-0.050,0.002
q_GtoI = -0.659,-0.499,-0.449,0.340 | p_IinG = 7.841,10.138,3.460 | dist = 21.55 (meters)
bg = -0.0038,0.0223,0.0770 | ba = -0.0254,0.0065,0.0609
camera-imu timeoffset = 0.00009
cam0 intrinsics = 462.415,464.165,366.779,250.943 | -0.275,0.068,-0.000,-0.000
cam1 intrinsics = 461.465,463.100,379.659,257.595 | -0.275,0.068,-0.000,-0.000
cam0 extrinsics = -0.008,0.007,0.702,0.712 | 0.059,-0.050,-0.001
cam1 extrinsics = -0.003,0.012,0.703,0.711 | -0.059,-0.050,0.002
q_GtoI = -0.657,-0.501,-0.451,0.337 | p_IinG = 7.905,10.161,3.459 | dist = 21.62 (meters)
bg = -0.0039,0.0223,0.0771 | ba = -0.0241,0.0077,0.0620
camera-imu timeoffset = 0.00010
cam0 intrinsics = 462.405,464.168,366.767,250.955 | -0.275,0.068,-0.000,-0.000
cam1 intrinsics = 461.462,463.106,379.651,257.595 | -0.275,0.068,-0.000,-0.000
cam0 extrinsics = -0.008,0.007,0.702,0.712 | 0.060,-0.050,-0.001
cam1 extrinsics = -0.003,0.012,0.703,0.711 | -0.059,-0.050,0.002
q_GtoI = -0.656,-0.502,-0.453,0.336 | p_IinG = 7.970,10.181,3.456 | dist = 21.69 (meters)
bg = -0.0039,0.0222,0.0771 | ba = -0.0210,0.0060,0.0633
camera-imu timeoffset = 0.00010
cam0 intrinsics = 462.427,464.170,366.746,250.972 | -0.275,0.068,-0.000,-0.000
cam1 intrinsics = 461.485,463.111,379.617,257.622 | -0.274,0.068,-0.000,-0.000
cam0 extrinsics = -0.008,0.007,0.702,0.712 | 0.060,-0.051,-0.001
cam1 extrinsics = -0.003,0.012,0.703,0.711 | -0.059,-0.050,0.002
q_GtoI = -0.655,-0.503,-0.454,0.335 | p_IinG = 8.033,10.202,3.452 | dist = 21.75 (meters)
bg = -0.0038,0.0223,0.0772 | ba = -0.0193,0.0057,0.0651
camera-imu timeoffset = 0.00010
cam0 intrinsics = 462.443,464.174,366.695,251.008 | -0.275,0.068,-0.000,-0.000
cam1 intrinsics = 461.502,463.116,379.555,257.659 | -0.274,0.068,-0.000,-0.000
cam0 extrinsics = -0.008,0.007,0.702,0.712 | 0.061,-0.051,-0.001
cam1 extrinsics = -0.003,0.012,0.703,0.711 | -0.058,-0.051,0.002
q_GtoI = -0.654,-0.504,-0.455,0.335 | p_IinG = 8.095,10.223,3.446 | dist = 21.82 (meters)
bg = -0.0038,0.0222,0.0772 | ba = -0.0176,0.0057,0.0665
camera-imu timeoffset = 0.00010
cam0 intrinsics = 462.452,464.169,366.689,250.998 | -0.275,0.068,-0.000,-0.000
cam1 intrinsics = 461.514,463.114,379.546,257.650 | -0.274,0.068,-0.000,-0.000
cam0 extrinsics = -0.008,0.007,0.702,0.712 | 0.061,-0.051,-0.001
cam1 extrinsics = -0.003,0.012,0.703,0.711 | -0.058,-0.051,0.002
q_GtoI = -0.653,-0.504,-0.456,0.334 | p_IinG = 8.156,10.245,3.440 | dist = 21.89 (meters)
bg = -0.0037,0.0222,0.0771 | ba = -0.0162,0.0055,0.0680
camera-imu timeoffset = 0.00010
cam0 intrinsics = 462.461,464.168,366.685,250.982 | -0.275,0.068,-0.000,-0.000
cam1 intrinsics = 461.523,463.114,379.532,257.631 | -0.274,0.068,-0.000,-0.000
cam0 extrinsics = -0.008,0.007,0.702,0.712 | 0.061,-0.051,-0.001
cam1 extrinsics = -0.003,0.012,0.703,0.711 | -0.058,-0.051,0.002
q_GtoI = -0.652,-0.504,-0.457,0.335 | p_IinG = 8.216,10.268,3.433 | dist = 21.95 (meters)
bg = -0.0037,0.0222,0.0771 | ba = -0.0153,0.0055,0.0692
camera-imu timeoffset = 0.00010
cam0 intrinsics = 462.472,464.170,366.682,250.973 | -0.275,0.068,-0.000,-0.000
cam1 intrinsics = 461.535,463.116,379.525,257.620 | -0.274,0.068,-0.000,-0.000
cam0 extrinsics = -0.008,0.007,0.702,0.712 | 0.061,-0.051,-0.001
cam1 extrinsics = -0.003,0.012,0.703,0.711 | -0.058,-0.051,0.002
q_GtoI = -0.652,-0.504,-0.457,0.335 | p_IinG = 8.278,10.291,3.425 | dist = 22.02 (meters)
bg = -0.0036,0.0223,0.0771 | ba = -0.0146,0.0048,0.0707
camera-imu timeoffset = 0.00009
cam0 intrinsics = 462.474,464.176,366.681,250.944 | -0.275,0.068,-0.000,-0.000
cam1 intrinsics = 461.538,463.123,379.521,257.589 | -0.274,0.068,-0.000,-0.000
cam0 extrinsics = -0.008,0.007,0.702,0.712 | 0.061,-0.051,-0.001
cam1 extrinsics = -0.003,0.012,0.703,0.711 | -0.058,-0.051,0.002
q_GtoI = -0.651,-0.505,-0.457,0.335 | p_IinG = 8.338,10.315,3.418 | dist = 22.08 (meters)
bg = -0.0036,0.0223,0.0772 | ba = -0.0141,0.0048,0.0713
camera-imu timeoffset = 0.00009
cam0 intrinsics = 462.475,464.185,366.672,250.923 | -0.275,0.068,-0.000,-0.000
cam1 intrinsics = 461.541,463.133,379.512,257.566 | -0.274,0.068,-0.000,-0.000
cam0 extrinsics = -0.008,0.007,0.702,0.712 | 0.061,-0.051,-0.001
cam1 extrinsics = -0.003,0.012,0.703,0.711 | -0.058,-0.051,0.002
q_GtoI = -0.651,-0.505,-0.457,0.335 | p_IinG = 8.397,10.339,3.412 | dist = 22.14 (meters)
bg = -0.0037,0.0222,0.0772 | ba = -0.0128,0.0035,0.0715
camera-imu timeoffset = 0.00009
cam0 intrinsics = 462.481,464.206,366.665,250.912 | -0.275,0.068,-0.000,-0.000
cam1 intrinsics = 461.547,463.152,379.504,257.567 | -0.274,0.068,-0.000,-0.000
cam0 extrinsics = -0.008,0.007,0.702,0.712 | 0.061,-0.051,-0.001
cam1 extrinsics = -0.003,0.012,0.703,0.711 | -0.058,-0.051,0.002
q_GtoI = -0.652,-0.505,-0.456,0.336 | p_IinG = 8.456,10.364,3.408 | dist = 22.20 (meters)
bg = -0.0036,0.0222,0.0773 | ba = -0.0121,0.0021,0.0720
camera-imu timeoffset = 0.00009
cam0 intrinsics = 462.494,464.215,366.659,250.905 | -0.275,0.068,-0.000,-0.000
cam1 intrinsics = 461.561,463.161,379.497,257.558 | -0.274,0.068,-0.000,-0.000
cam0 extrinsics = -0.008,0.007,0.702,0.712 | 0.061,-0.051,-0.001
cam1 extrinsics = -0.003,0.012,0.703,0.711 | -0.058,-0.050,0.002
q_GtoI = -0.651,-0.504,-0.456,0.337 | p_IinG = 8.514,10.392,3.406 | dist = 22.27 (meters)
bg = -0.0036,0.0222,0.0773 | ba = -0.0116,0.0016,0.0713
camera-imu timeoffset = 0.00009
cam0 intrinsics = 462.522,464.226,366.638,250.909 | -0.275,0.068,-0.000,-0.000
cam1 intrinsics = 461.584,463.169,379.478,257.557 | -0.274,0.068,-0.000,-0.000
cam0 extrinsics = -0.008,0.007,0.702,0.712 | 0.061,-0.051,-0.001
cam1 extrinsics = -0.003,0.012,0.703,0.711 | -0.058,-0.050,0.002
q_GtoI = -0.653,-0.502,-0.456,0.337 | p_IinG = 8.572,10.421,3.405 | dist = 22.33 (meters)
bg = -0.0036,0.0222,0.0773 | ba = -0.0128,0.0019,0.0718
camera-imu timeoffset = 0.00009
cam0 intrinsics = 462.533,464.229,366.629,250.918 | -0.275,0.068,-0.000,-0.000
cam1 intrinsics = 461.595,463.171,379.468,257.563 | -0.274,0.068,-0.000,-0.000
cam0 extrinsics = -0.008,0.007,0.702,0.712 | 0.061,-0.051,-0.001
cam1 extrinsics = -0.003,0.012,0.703,0.711 | -0.058,-0.050,0.002
q_GtoI = -0.656,-0.499,-0.457,0.335 | p_IinG = 8.628,10.446,3.400 | dist = 22.39 (meters)
bg = -0.0036,0.0222,0.0773 | ba = -0.0121,0.0030,0.0733
camera-imu timeoffset = 0.00009
cam0 intrinsics = 462.570,464.260,366.516,250.896 | -0.274,0.068,-0.000,-0.000
cam1 intrinsics = 461.642,463.216,379.405,257.551 | -0.274,0.068,-0.000,-0.000
cam0 extrinsics = -0.008,0.007,0.702,0.712 | 0.061,-0.051,-0.001
cam1 extrinsics = -0.003,0.012,0.703,0.711 | -0.058,-0.050,0.002
q_GtoI = -0.660,-0.493,-0.459,0.333 | p_IinG = 8.686,10.475,3.397 | dist = 22.45 (meters)
bg = -0.0036,0.0223,0.0773 | ba = -0.0126,0.0030,0.0743
camera-imu timeoffset = 0.00009
cam0 intrinsics = 462.585,464.264,366.491,250.899 | -0.274,0.068,-0.000,-0.000
cam1 intrinsics = 461.661,463.224,379.381,257.552 | -0.274,0.068,-0.000,-0.000
cam0 extrinsics = -0.008,0.007,0.702,0.712 | 0.061,-0.051,-0.001
cam1 extrinsics = -0.003,0.012,0.703,0.711 | -0.058,-0.051,0.002
q_GtoI = -0.664,-0.486,-0.462,0.330 | p_IinG = 8.735,10.501,3.389 | dist = 22.51 (meters)
bg = -0.0034,0.0223,0.0773 | ba = -0.0111,0.0039,0.0760
camera-imu timeoffset = 0.00009
cam0 intrinsics = 462.593,464.271,366.454,250.929 | -0.274,0.068,-0.000,-0.000
cam1 intrinsics = 461.671,463.234,379.362,257.578 | -0.274,0.068,-0.000,-0.000
cam0 extrinsics = -0.008,0.007,0.702,0.712 | 0.061,-0.051,-0.001
cam1 extrinsics = -0.003,0.012,0.703,0.711 | -0.058,-0.051,0.002
q_GtoI = -0.670,-0.478,-0.465,0.326 | p_IinG = 8.790,10.530,3.381 | dist = 22.57 (meters)
bg = -0.0035,0.0223,0.0774 | ba = -0.0111,0.0035,0.0769
camera-imu timeoffset = 0.00009
cam0 intrinsics = 462.588,464.277,366.430,250.924 | -0.274,0.068,-0.000,-0.000
cam1 intrinsics = 461.668,463.243,379.337,257.571 | -0.274,0.068,-0.000,-0.000
cam0 extrinsics = -0.008,0.007,0.702,0.712 | 0.061,-0.051,-0.001
cam1 extrinsics = -0.003,0.012,0.703,0.711 | -0.058,-0.051,0.002
q_GtoI = -0.675,-0.469,-0.470,0.321 | p_IinG = 8.847,10.558,3.373 | dist = 22.63 (meters)
bg = -0.0036,0.0225,0.0772 | ba = -0.0120,0.0033,0.0768
camera-imu timeoffset = 0.00009
cam0 intrinsics = 462.583,464.281,366.414,250.953 | -0.274,0.068,-0.000,-0.000
cam1 intrinsics = 461.667,463.251,379.319,257.600 | -0.274,0.068,-0.000,-0.000
cam0 extrinsics = -0.008,0.007,0.702,0.712 | 0.061,-0.051,-0.001
cam1 extrinsics = -0.003,0.012,0.703,0.711 | -0.059,-0.051,0.002
q_GtoI = -0.682,-0.459,-0.474,0.315 | p_IinG = 8.904,10.585,3.362 | dist = 22.69 (meters)
bg = -0.0038,0.0226,0.0772 | ba = -0.0123,0.0036,0.0776
camera-imu timeoffset = 0.00009
cam0 intrinsics = 462.581,464.294,366.400,251.001 | -0.274,0.068,-0.000,-0.000
cam1 intrinsics = 461.666,463.264,379.307,257.647 | -0.274,0.068,-0.000,-0.000
cam0 extrinsics = -0.008,0.007,0.702,0.712 | 0.060,-0.051,-0.001
cam1 extrinsics = -0.003,0.012,0.703,0.711 | -0.059,-0.051,0.002
q_GtoI = -0.687,-0.449,-0.479,0.310 | p_IinG = 8.959,10.611,3.351 | dist = 22.75 (meters)
bg = -0.0041,0.0226,0.0772 | ba = -0.0121,0.0029,0.0778
camera-imu timeoffset = 0.00008
cam0 intrinsics = 462.570,464.296,366.381,251.029 | -0.274,0.068,-0.000,-0.000
cam1 intrinsics = 461.657,463.269,379.295,257.668 | -0.274,0.068,-0.000,-0.000
cam0 extrinsics = -0.008,0.007,0.702,0.712 | 0.060,-0.051,-0.001
cam1 extrinsics = -0.003,0.012,0.703,0.711 | -0.059,-0.051,0.002
q_GtoI = -0.692,-0.438,-0.486,0.305 | p_IinG = 9.014,10.635,3.338 | dist = 22.81 (meters)
bg = -0.0043,0.0227,0.0772 | ba = -0.0102,0.0018,0.0787
camera-imu timeoffset = 0.00008
cam0 intrinsics = 462.567,464.309,366.377,251.049 | -0.274,0.068,-0.000,-0.000
cam1 intrinsics = 461.651,463.279,379.289,257.686 | -0.274,0.068,-0.000,-0.000
cam0 extrinsics = -0.008,0.007,0.702,0.712 | 0.059,-0.051,-0.001
cam1 extrinsics = -0.003,0.012,0.703,0.711 | -0.060,-0.051,0.002
q_GtoI = -0.697,-0.426,-0.493,0.300 | p_IinG = 9.069,10.657,3.323 | dist = 22.87 (meters)
bg = -0.0044,0.0227,0.0771 | ba = -0.0089,0.0004,0.0791
camera-imu timeoffset = 0.00007
cam0 intrinsics = 462.569,464.325,366.364,251.050 | -0.274,0.068,-0.000,-0.000
cam1 intrinsics = 461.648,463.292,379.278,257.688 | -0.274,0.068,-0.000,-0.000
cam0 extrinsics = -0.009,0.006,0.702,0.712 | 0.059,-0.051,-0.002
cam1 extrinsics = -0.003,0.011,0.703,0.711 | -0.061,-0.050,0.002
q_GtoI = -0.702,-0.414,-0.500,0.294 | p_IinG = 9.122,10.682,3.311 | dist = 22.93 (meters)
bg = -0.0046,0.0229,0.0772 | ba = -0.0101,-0.0001,0.0803
camera-imu timeoffset = 0.00008
cam0 intrinsics = 462.529,464.321,366.361,251.057 | -0.274,0.068,-0.000,-0.000
cam1 intrinsics = 461.606,463.286,379.273,257.698 | -0.274,0.068,-0.000,-0.000
cam0 extrinsics = -0.009,0.007,0.702,0.712 | 0.058,-0.050,-0.002
cam1 extrinsics = -0.003,0.012,0.703,0.711 | -0.061,-0.050,0.001
q_GtoI = -0.707,-0.402,-0.506,0.288 | p_IinG = 9.167,10.697,3.292 | dist = 22.99 (meters)
bg = -0.0048,0.0229,0.0772 | ba = -0.0070,-0.0010,0.0824
camera-imu timeoffset = 0.00008
cam0 intrinsics = 462.537,464.337,366.342,251.046 | -0.274,0.068,-0.000,-0.000
cam1 intrinsics = 461.612,463.306,379.243,257.702 | -0.274,0.068,-0.000,-0.000
cam0 extrinsics = -0.009,0.006,0.702,0.712 | 0.057,-0.049,-0.002
cam1 extrinsics = -0.003,0.011,0.703,0.711 | -0.062,-0.049,0.001
q_GtoI = -0.712,-0.389,-0.512,0.282 | p_IinG = 9.215,10.715,3.274 | dist = 23.05 (meters)
bg = -0.0048,0.0230,0.0772 | ba = -0.0061,-0.0008,0.0835
camera-imu timeoffset = 0.00008
cam0 intrinsics = 462.539,464.343,366.343,251.051 | -0.274,0.068,-0.000,-0.000
cam1 intrinsics = 461.614,463.312,379.243,257.708 | -0.274,0.068,-0.000,-0.000
cam0 extrinsics = -0.009,0.006,0.702,0.712 | 0.057,-0.049,-0.002
cam1 extrinsics = -0.003,0.011,0.703,0.711 | -0.063,-0.049,0.001
q_GtoI = -0.718,-0.376,-0.516,0.278 | p_IinG = 9.256,10.727,3.251 | dist = 23.10 (meters)
bg = -0.0048,0.0229,0.0772 | ba = -0.0029,0.0004,0.0868
camera-imu timeoffset = 0.00008
cam0 intrinsics = 462.579,464.367,366.345,251.058 | -0.274,0.068,-0.000,-0.000
cam1 intrinsics = 461.654,463.337,379.243,257.720 | -0.274,0.068,-0.000,-0.000
cam0 extrinsics = -0.008,0.006,0.702,0.712 | 0.055,-0.049,-0.002
cam1 extrinsics = -0.003,0.011,0.703,0.711 | -0.064,-0.048,0.002
q_GtoI = -0.724,-0.362,-0.520,0.273 | p_IinG = 9.301,10.740,3.227 | dist = 23.16 (meters)
bg = -0.0049,0.0229,0.0773 | ba = -0.0005,0.0016,0.0883
camera-imu timeoffset = 0.00008
cam0 intrinsics = 462.613,464.393,366.342,251.057 | -0.274,0.068,-0.000,-0.000
cam1 intrinsics = 461.687,463.362,379.238,257.715 | -0.274,0.068,-0.000,-0.000
cam0 extrinsics = -0.008,0.006,0.702,0.712 | 0.054,-0.049,-0.001
cam1 extrinsics = -0.003,0.011,0.703,0.711 | -0.065,-0.048,0.002
q_GtoI = -0.730,-0.349,-0.523,0.268 | p_IinG = 9.349,10.760,3.206 | dist = 23.21 (meters)
bg = -0.0048,0.0230,0.0774 | ba = 0.0003,0.0037,0.0891
camera-imu timeoffset = 0.00008
cam0 intrinsics = 462.635,464.413,366.337,251.073 | -0.274,0.068,-0.000,-0.000
cam1 intrinsics = 461.707,463.379,379.232,257.731 | -0.274,0.068,-0.000,-0.000
cam0 extrinsics = -0.008,0.006,0.702,0.712 | 0.054,-0.049,-0.001
cam1 extrinsics = -0.003,0.011,0.703,0.711 | -0.065,-0.049,0.002
q_GtoI = -0.736,-0.335,-0.524,0.265 | p_IinG = 9.397,10.777,3.186 | dist = 23.27 (meters)
bg = -0.0048,0.0230,0.0774 | ba = 0.0008,0.0042,0.0891
camera-imu timeoffset = 0.00008
cam0 intrinsics = 462.659,464.444,366.318,251.097 | -0.274,0.068,-0.000,-0.000
cam1 intrinsics = 461.726,463.406,379.215,257.753 | -0.274,0.068,-0.000,-0.000
cam0 extrinsics = -0.008,0.006,0.702,0.712 | 0.054,-0.049,-0.001
cam1 extrinsics = -0.003,0.011,0.703,0.711 | -0.066,-0.049,0.002
q_GtoI = -0.741,-0.324,-0.527,0.261 | p_IinG = 9.444,10.795,3.166 | dist = 23.32 (meters)
bg = -0.0047,0.0228,0.0773 | ba = 0.0017,0.0050,0.0868
camera-imu timeoffset = 0.00008
cam0 intrinsics = 462.688,464.534,366.240,251.152 | -0.274,0.068,-0.000,-0.000
cam1 intrinsics = 461.750,463.492,379.136,257.805 | -0.274,0.068,-0.000,-0.000
cam0 extrinsics = -0.008,0.006,0.702,0.712 | 0.054,-0.050,-0.000
cam1 extrinsics = -0.003,0.011,0.703,0.711 | -0.066,-0.049,0.003
q_GtoI = -0.745,-0.312,-0.531,0.256 | p_IinG = 9.492,10.812,3.148 | dist = 23.37 (meters)
bg = -0.0046,0.0226,0.0771 | ba = 0.0017,0.0068,0.0835
camera-imu timeoffset = 0.00008
cam0 intrinsics = 462.713,464.602,366.179,251.176 | -0.274,0.068,-0.000,-0.000
cam1 intrinsics = 461.772,463.557,379.067,257.826 | -0.274,0.068,-0.000,-0.000
cam0 extrinsics = -0.008,0.006,0.702,0.712 | 0.054,-0.050,0.000
cam1 extrinsics = -0.003,0.011,0.703,0.711 | -0.066,-0.050,0.003
q_GtoI = -0.749,-0.301,-0.534,0.251 | p_IinG = 9.540,10.824,3.137 | dist = 23.42 (meters)
bg = -0.0047,0.0227,0.0772 | ba = -0.0009,0.0063,0.0828
camera-imu timeoffset = 0.00008
cam0 intrinsics = 462.707,464.632,366.128,251.205 | -0.275,0.068,-0.000,-0.000
cam1 intrinsics = 461.759,463.582,379.015,257.855 | -0.274,0.068,-0.000,-0.000
cam0 extrinsics = -0.008,0.006,0.702,0.712 | 0.054,-0.050,0.000
cam1 extrinsics = -0.003,0.011,0.703,0.711 | -0.066,-0.050,0.003
q_GtoI = -0.752,-0.290,-0.538,0.246 | p_IinG = 9.587,10.834,3.127 | dist = 23.47 (meters)
bg = -0.0047,0.0227,0.0773 | ba = -0.0034,0.0065,0.0825
camera-imu timeoffset = 0.00009
cam0 intrinsics = 462.705,464.666,366.081,251.257 | -0.275,0.068,-0.000,-0.000
cam1 intrinsics = 461.752,463.612,378.958,257.908 | -0.274,0.068,-0.000,-0.000
cam0 extrinsics = -0.008,0.006,0.702,0.712 | 0.054,-0.050,0.000
cam1 extrinsics = -0.003,0.011,0.703,0.711 | -0.066,-0.050,0.003
q_GtoI = -0.755,-0.280,-0.543,0.240 | p_IinG = 9.636,10.843,3.118 | dist = 23.51 (meters)
bg = -0.0046,0.0227,0.0773 | ba = -0.0058,0.0085,0.0802
camera-imu timeoffset = 0.00009
cam0 intrinsics = 462.713,464.712,366.063,251.272 | -0.275,0.068,-0.000,-0.001
cam1 intrinsics = 461.757,463.655,378.940,257.923 | -0.274,0.068,-0.000,-0.000
cam0 extrinsics = -0.008,0.006,0.702,0.712 | 0.053,-0.050,0.001
cam1 extrinsics = -0.003,0.011,0.703,0.711 | -0.067,-0.050,0.004
q_GtoI = -0.756,-0.271,-0.548,0.233 | p_IinG = 9.684,10.849,3.113 | dist = 23.56 (meters)
bg = -0.0047,0.0228,0.0773 | ba = -0.0080,0.0088,0.0783
camera-imu timeoffset = 0.00009
cam0 intrinsics = 462.713,464.743,366.051,251.283 | -0.275,0.068,-0.000,-0.001
cam1 intrinsics = 461.755,463.684,378.924,257.933 | -0.274,0.068,-0.000,-0.000
cam0 extrinsics = -0.008,0.006,0.702,0.712 | 0.053,-0.051,0.001
cam1 extrinsics = -0.003,0.011,0.703,0.711 | -0.067,-0.050,0.004
q_GtoI = -0.758,-0.261,-0.552,0.228 | p_IinG = 9.726,10.845,3.108 | dist = 23.61 (meters)
bg = -0.0047,0.0228,0.0773 | ba = -0.0090,0.0069,0.0789
camera-imu timeoffset = 0.00010
cam0 intrinsics = 462.750,464.796,365.984,251.347 | -0.275,0.068,-0.000,-0.001
cam1 intrinsics = 461.793,463.738,378.851,257.998 | -0.274,0.068,-0.000,-0.000
cam0 extrinsics = -0.008,0.006,0.702,0.712 | 0.053,-0.051,0.001
cam1 extrinsics = -0.003,0.011,0.703,0.711 | -0.067,-0.051,0.004
q_GtoI = -0.760,-0.252,-0.557,0.222 | p_IinG = 9.764,10.840,3.106 | dist = 23.65 (meters)
bg = -0.0047,0.0229,0.0774 | ba = -0.0108,0.0057,0.0797
camera-imu timeoffset = 0.00010
cam0 intrinsics = 462.752,464.814,365.959,251.368 | -0.275,0.068,-0.000,-0.001
cam1 intrinsics = 461.794,463.756,378.822,258.018 | -0.275,0.068,-0.000,-0.000
cam0 extrinsics = -0.008,0.006,0.702,0.712 | 0.053,-0.051,0.001
cam1 extrinsics = -0.003,0.011,0.703,0.711 | -0.067,-0.051,0.004
q_GtoI = -0.761,-0.243,-0.561,0.217 | p_IinG = 9.803,10.834,3.105 | dist = 23.69 (meters)
bg = -0.0047,0.0228,0.0776 | ba = -0.0120,0.0045,0.0798
camera-imu timeoffset = 0.00010
cam0 intrinsics = 462.764,464.838,365.936,251.383 | -0.275,0.068,-0.000,-0.001
cam1 intrinsics = 461.806,463.780,378.799,258.035 | -0.275,0.068,-0.000,-0.000
cam0 extrinsics = -0.008,0.006,0.702,0.712 | 0.053,-0.051,0.001
cam1 extrinsics = -0.003,0.011,0.703,0.711 | -0.067,-0.051,0.004
q_GtoI = -0.762,-0.236,-0.564,0.213 | p_IinG = 9.842,10.827,3.106 | dist = 23.73 (meters)
bg = -0.0047,0.0229,0.0778 | ba = -0.0130,0.0029,0.0793
camera-imu timeoffset = 0.00010
cam0 intrinsics = 462.778,464.871,365.916,251.403 | -0.275,0.068,-0.000,-0.001
cam1 intrinsics = 461.820,463.814,378.778,258.055 | -0.275,0.068,-0.000,-0.000
cam0 extrinsics = -0.008,0.006,0.702,0.712 | 0.053,-0.051,0.001
cam1 extrinsics = -0.003,0.011,0.703,0.711 | -0.067,-0.051,0.004
q_GtoI = -0.762,-0.230,-0.567,0.211 | p_IinG = 9.880,10.815,3.108 | dist = 23.78 (meters)
bg = -0.0047,0.0229,0.0779 | ba = -0.0141,0.0013,0.0789
camera-imu timeoffset = 0.00010
cam0 intrinsics = 462.792,464.885,365.899,251.418 | -0.275,0.068,-0.000,-0.001
cam1 intrinsics = 461.836,463.829,378.759,258.070 | -0.275,0.068,-0.000,-0.000
cam0 extrinsics = -0.008,0.006,0.702,0.712 | 0.053,-0.051,0.002
cam1 extrinsics = -0.003,0.011,0.703,0.711 | -0.066,-0.051,0.005
q_GtoI = -0.764,-0.226,-0.568,0.207 | p_IinG = 9.920,10.801,3.111 | dist = 23.82 (meters)
bg = -0.0047,0.0228,0.0778 | ba = -0.0169,0.0013,0.0765
camera-imu timeoffset = 0.00009
cam0 intrinsics = 462.821,464.909,365.874,251.435 | -0.275,0.068,-0.000,-0.001
cam1 intrinsics = 461.867,463.856,378.733,258.087 | -0.275,0.068,-0.000,-0.000
cam0 extrinsics = -0.008,0.006,0.702,0.712 | 0.053,-0.052,0.002
cam1 extrinsics = -0.003,0.011,0.703,0.711 | -0.067,-0.051,0.005
q_GtoI = -0.767,-0.225,-0.566,0.202 | p_IinG = 9.956,10.779,3.114 | dist = 23.86 (meters)
bg = -0.0048,0.0227,0.0776 | ba = -0.0188,-0.0017,0.0752
camera-imu timeoffset = 0.00008
cam0 intrinsics = 462.858,464.937,365.865,251.457 | -0.275,0.068,-0.000,-0.001
cam1 intrinsics = 461.901,463.879,378.718,258.111 | -0.275,0.068,-0.000,-0.000
cam0 extrinsics = -0.008,0.006,0.702,0.712 | 0.053,-0.052,0.003
cam1 extrinsics = -0.003,0.011,0.703,0.711 | -0.066,-0.051,0.006
q_GtoI = -0.770,-0.226,-0.564,0.196 | p_IinG = 9.992,10.766,3.113 | dist = 23.90 (meters)
bg = -0.0048,0.0226,0.0772 | ba = -0.0193,-0.0007,0.0752
camera-imu timeoffset = 0.00007
cam0 intrinsics = 462.857,464.940,365.841,251.454 | -0.275,0.068,-0.000,-0.001
cam1 intrinsics = 461.899,463.884,378.698,258.113 | -0.275,0.068,-0.000,-0.000
cam0 extrinsics = -0.008,0.006,0.702,0.712 | 0.053,-0.052,0.003
cam1 extrinsics = -0.003,0.011,0.703,0.711 | -0.066,-0.051,0.006
q_GtoI = -0.772,-0.229,-0.562,0.189 | p_IinG = 10.034,10.749,3.114 | dist = 23.94 (meters)
bg = -0.0049,0.0225,0.0770 | ba = -0.0215,-0.0010,0.0724
camera-imu timeoffset = 0.00008
cam0 intrinsics = 462.875,464.950,365.821,251.460 | -0.275,0.068,-0.000,-0.001
cam1 intrinsics = 461.920,463.893,378.679,258.118 | -0.275,0.068,-0.000,-0.000
cam0 extrinsics = -0.008,0.006,0.702,0.712 | 0.053,-0.052,0.003
cam1 extrinsics = -0.003,0.011,0.703,0.711 | -0.067,-0.052,0.006
q_GtoI = -0.774,-0.231,-0.560,0.183 | p_IinG = 10.071,10.730,3.112 | dist = 23.98 (meters)
bg = -0.0050,0.0223,0.0770 | ba = -0.0237,0.0005,0.0717
camera-imu timeoffset = 0.00009
cam0 intrinsics = 462.890,464.964,365.806,251.464 | -0.275,0.068,-0.000,-0.001
cam1 intrinsics = 461.936,463.908,378.662,258.123 | -0.275,0.068,-0.000,-0.000
cam0 extrinsics = -0.008,0.006,0.702,0.712 | 0.052,-0.052,0.004
cam1 extrinsics = -0.003,0.011,0.703,0.711 | -0.067,-0.052,0.007
q_GtoI = -0.775,-0.234,-0.559,0.179 | p_IinG = 10.108,10.713,3.108 | dist = 24.02 (meters)
bg = -0.0048,0.0222,0.0772 | ba = -0.0246,0.0009,0.0708
camera-imu timeoffset = 0.00009
cam0 intrinsics = 462.899,464.988,365.782,251.462 | -0.275,0.068,-0.000,-0.001
cam1 intrinsics = 461.943,463.931,378.650,258.122 | -0.275,0.068,-0.000,-0.000
cam0 extrinsics = -0.008,0.006,0.702,0.712 | 0.052,-0.052,0.004
cam1 extrinsics = -0.003,0.011,0.703,0.711 | -0.068,-0.052,0.007
q_GtoI = -0.776,-0.235,-0.558,0.176 | p_IinG = 10.140,10.694,3.104 | dist = 24.06 (meters)
bg = -0.0048,0.0222,0.0771 | ba = -0.0257,0.0004,0.0712
camera-imu timeoffset = 0.00009
cam0 intrinsics = 462.917,465.000,365.773,251.461 | -0.275,0.068,-0.000,-0.001
cam1 intrinsics = 461.961,463.942,378.641,258.124 | -0.275,0.068,-0.000,-0.000
cam0 extrinsics = -0.008,0.006,0.702,0.712 | 0.052,-0.052,0.004
cam1 extrinsics = -0.003,0.011,0.703,0.711 | -0.068,-0.052,0.007
q_GtoI = -0.777,-0.236,-0.557,0.175 | p_IinG = 10.170,10.671,3.100 | dist = 24.10 (meters)
bg = -0.0048,0.0222,0.0771 | ba = -0.0270,-0.0015,0.0714
camera-imu timeoffset = 0.00009
cam0 intrinsics = 462.935,465.004,365.763,251.466 | -0.275,0.068,-0.000,-0.001
cam1 intrinsics = 461.973,463.941,378.629,258.129 | -0.275,0.068,-0.000,-0.000
cam0 extrinsics = -0.008,0.006,0.702,0.712 | 0.052,-0.052,0.005
cam1 extrinsics = -0.003,0.011,0.703,0.711 | -0.068,-0.052,0.008
q_GtoI = -0.777,-0.238,-0.556,0.174 | p_IinG = 10.199,10.649,3.095 | dist = 24.14 (meters)
bg = -0.0048,0.0222,0.0771 | ba = -0.0284,-0.0035,0.0720
camera-imu timeoffset = 0.00009
cam0 intrinsics = 462.947,465.006,365.758,251.467 | -0.275,0.068,-0.000,-0.001
cam1 intrinsics = 461.984,463.941,378.623,258.133 | -0.275,0.068,-0.000,-0.000
cam0 extrinsics = -0.008,0.006,0.702,0.712 | 0.052,-0.053,0.005
cam1 extrinsics = -0.003,0.011,0.703,0.711 | -0.067,-0.052,0.008
q_GtoI = -0.776,-0.239,-0.557,0.174 | p_IinG = 10.228,10.626,3.088 | dist = 24.18 (meters)
bg = -0.0047,0.0222,0.0770 | ba = -0.0286,-0.0054,0.0733
camera-imu timeoffset = 0.00010
cam0 intrinsics = 462.960,465.006,365.757,251.468 | -0.275,0.068,-0.000,-0.001
cam1 intrinsics = 461.994,463.939,378.621,258.135 | -0.275,0.068,-0.000,-0.000
cam0 extrinsics = -0.008,0.006,0.702,0.712 | 0.052,-0.053,0.005
cam1 extrinsics = -0.003,0.011,0.703,0.711 | -0.067,-0.052,0.008
q_GtoI = -0.776,-0.240,-0.557,0.173 | p_IinG = 10.255,10.602,3.080 | dist = 24.21 (meters)
bg = -0.0047,0.0222,0.0770 | ba = -0.0293,-0.0072,0.0750
camera-imu timeoffset = 0.00010
cam0 intrinsics = 462.971,465.002,365.756,251.471 | -0.275,0.068,-0.000,-0.001
cam1 intrinsics = 462.004,463.934,378.619,258.138 | -0.275,0.068,-0.000,-0.000
cam0 extrinsics = -0.008,0.006,0.702,0.712 | 0.053,-0.053,0.005
cam1 extrinsics = -0.003,0.011,0.703,0.711 | -0.067,-0.052,0.008
q_GtoI = -0.776,-0.240,-0.558,0.172 | p_IinG = 10.277,10.575,3.073 | dist = 24.25 (meters)
bg = -0.0046,0.0223,0.0771 | ba = -0.0302,-0.0098,0.0789
camera-imu timeoffset = 0.00009
cam0 intrinsics = 462.969,465.015,365.766,251.463 | -0.275,0.068,-0.000,-0.001
cam1 intrinsics = 462.003,463.947,378.628,258.131 | -0.275,0.068,-0.000,-0.000
cam0 extrinsics = -0.008,0.006,0.702,0.712 | 0.053,-0.053,0.006
cam1 extrinsics = -0.003,0.011,0.703,0.711 | -0.066,-0.053,0.009
q_GtoI = -0.776,-0.239,-0.559,0.169 | p_IinG = 10.301,10.547,3.064 | dist = 24.29 (meters)
bg = -0.0048,0.0224,0.0770 | ba = -0.0307,-0.0130,0.0819
camera-imu timeoffset = 0.00010
cam0 intrinsics = 462.988,465.011,365.763,251.468 | -0.275,0.068,-0.000,-0.001
cam1 intrinsics = 462.020,463.945,378.633,258.140 | -0.275,0.068,-0.000,-0.000
cam0 extrinsics = -0.008,0.006,0.702,0.712 | 0.053,-0.053,0.006
cam1 extrinsics = -0.003,0.011,0.703,0.711 | -0.066,-0.053,0.009
q_GtoI = -0.777,-0.236,-0.559,0.167 | p_IinG = 10.325,10.519,3.055 | dist = 24.33 (meters)
bg = -0.0049,0.0226,0.0770 | ba = -0.0318,-0.0161,0.0843
camera-imu timeoffset = 0.00010
cam0 intrinsics = 463.004,465.013,365.764,251.481 | -0.275,0.068,-0.000,-0.001
cam1 intrinsics = 462.032,463.943,378.632,258.155 | -0.275,0.068,-0.000,-0.000
cam0 extrinsics = -0.008,0.006,0.702,0.712 | 0.053,-0.053,0.006
cam1 extrinsics = -0.003,0.011,0.703,0.711 | -0.066,-0.053,0.009
q_GtoI = -0.778,-0.232,-0.561,0.163 | p_IinG = 10.353,10.497,3.042 | dist = 24.37 (meters)
bg = -0.0049,0.0226,0.0772 | ba = -0.0309,-0.0164,0.0854
camera-imu timeoffset = 0.00010
cam0 intrinsics = 463.020,465.036,365.760,251.486 | -0.275,0.068,-0.000,-0.001
cam1 intrinsics = 462.046,463.966,378.630,258.156 | -0.275,0.068,-0.000,-0.000
cam0 extrinsics = -0.008,0.006,0.702,0.712 | 0.053,-0.053,0.006
cam1 extrinsics = -0.003,0.011,0.703,0.711 | -0.066,-0.053,0.009
q_GtoI = -0.779,-0.228,-0.562,0.160 | p_IinG = 10.383,10.472,3.033 | dist = 24.41 (meters)
bg = -0.0050,0.0227,0.0772 | ba = -0.0305,-0.0176,0.0844
camera-imu timeoffset = 0.00010
cam0 intrinsics = 463.037,465.054,365.755,251.486 | -0.275,0.068,-0.000,-0.001
cam1 intrinsics = 462.062,463.984,378.619,258.158 | -0.275,0.068,-0.000,-0.000
cam0 extrinsics = -0.008,0.006,0.702,0.712 | 0.053,-0.053,0.006
cam1 extrinsics = -0.003,0.011,0.703,0.711 | -0.066,-0.053,0.009
q_GtoI = -0.781,-0.222,-0.563,0.156 | p_IinG = 10.409,10.448,3.025 | dist = 24.45 (meters)
bg = -0.0049,0.0227,0.0772 | ba = -0.0293,-0.0180,0.0856
camera-imu timeoffset = 0.00010
cam0 intrinsics = 463.054,465.076,365.752,251.489 | -0.275,0.068,-0.000,-0.001
cam1 intrinsics = 462.078,464.004,378.613,258.163 | -0.275,0.068,-0.000,-0.000
cam0 extrinsics = -0.008,0.006,0.702,0.712 | 0.053,-0.053,0.006
cam1 extrinsics = -0.003,0.011,0.703,0.711 | -0.066,-0.053,0.010
q_GtoI = -0.782,-0.218,-0.564,0.152 | p_IinG = 10.434,10.424,3.017 | dist = 24.48 (meters)
bg = -0.0049,0.0227,0.0773 | ba = -0.0282,-0.0176,0.0862
camera-imu timeoffset = 0.00010
cam0 intrinsics = 463.070,465.099,365.751,251.489 | -0.275,0.068,-0.000,-0.001
cam1 intrinsics = 462.093,464.026,378.610,258.163 | -0.275,0.068,-0.000,-0.000
cam0 extrinsics = -0.008,0.006,0.702,0.712 | 0.053,-0.054,0.007
cam1 extrinsics = -0.003,0.011,0.703,0.711 | -0.066,-0.053,0.010
q_GtoI = -0.783,-0.214,-0.565,0.149 | p_IinG = 10.458,10.401,3.010 | dist = 24.52 (meters)
bg = -0.0049,0.0228,0.0773 | ba = -0.0269,-0.0172,0.0875
camera-imu timeoffset = 0.00010
cam0 intrinsics = 463.081,465.121,365.753,251.485 | -0.275,0.068,-0.000,-0.001
cam1 intrinsics = 462.105,464.048,378.607,258.160 | -0.275,0.068,-0.000,-0.000
cam0 extrinsics = -0.008,0.006,0.702,0.712 | 0.053,-0.054,0.007
cam1 extrinsics = -0.003,0.011,0.703,0.711 | -0.066,-0.053,0.010
q_GtoI = -0.784,-0.210,-0.566,0.146 | p_IinG = 10.484,10.378,3.004 | dist = 24.55 (meters)
bg = -0.0049,0.0228,0.0773 | ba = -0.0262,-0.0162,0.0871
camera-imu timeoffset = 0.00010
cam0 intrinsics = 463.095,465.143,365.755,251.478 | -0.275,0.068,-0.000,-0.001
cam1 intrinsics = 462.118,464.069,378.606,258.153 | -0.275,0.068,-0.000,-0.001
cam0 extrinsics = -0.008,0.006,0.702,0.712 | 0.053,-0.054,0.007
cam1 extrinsics = -0.003,0.011,0.703,0.711 | -0.066,-0.053,0.010
q_GtoI = -0.784,-0.205,-0.568,0.143 | p_IinG = 10.508,10.356,3.001 | dist = 24.58 (meters)
bg = -0.0048,0.0228,0.0773 | ba = -0.0255,-0.0154,0.0874
camera-imu timeoffset = 0.00010
cam0 intrinsics = 463.106,465.164,365.758,251.476 | -0.275,0.068,-0.000,-0.001
cam1 intrinsics = 462.128,464.089,378.605,258.152 | -0.275,0.068,-0.000,-0.001
cam0 extrinsics = -0.008,0.006,0.702,0.712 | 0.053,-0.054,0.007
cam1 extrinsics = -0.003,0.011,0.703,0.711 | -0.066,-0.054,0.010
q_GtoI = -0.785,-0.198,-0.570,0.140 | p_IinG = 10.530,10.333,2.999 | dist = 24.62 (meters)
bg = -0.0047,0.0228,0.0772 | ba = -0.0251,-0.0148,0.0878
camera-imu timeoffset = 0.00010
cam0 intrinsics = 463.119,465.185,365.760,251.474 | -0.275,0.068,-0.000,-0.001
cam1 intrinsics = 462.141,464.110,378.604,258.150 | -0.275,0.068,-0.000,-0.001
cam0 extrinsics = -0.008,0.006,0.702,0.712 | 0.053,-0.054,0.007
cam1 extrinsics = -0.003,0.011,0.703,0.711 | -0.066,-0.054,0.010
q_GtoI = -0.787,-0.191,-0.571,0.136 | p_IinG = 10.552,10.308,2.997 | dist = 24.65 (meters)
bg = -0.0047,0.0227,0.0772 | ba = -0.0252,-0.0140,0.0873
camera-imu timeoffset = 0.00010
cam0 intrinsics = 463.133,465.206,365.759,251.464 | -0.275,0.068,-0.000,-0.001
cam1 intrinsics = 462.155,464.131,378.590,258.136 | -0.275,0.068,-0.000,-0.001
cam0 extrinsics = -0.008,0.006,0.702,0.712 | 0.053,-0.054,0.007
cam1 extrinsics = -0.003,0.011,0.703,0.711 | -0.066,-0.054,0.011
q_GtoI = -0.789,-0.183,-0.572,0.133 | p_IinG = 10.575,10.281,2.994 | dist = 24.68 (meters)
bg = -0.0050,0.0227,0.0771 | ba = -0.0236,-0.0120,0.0858
camera-imu timeoffset = 0.00010
cam0 intrinsics = 463.145,465.246,365.736,251.469 | -0.275,0.068,-0.000,-0.001
cam1 intrinsics = 462.164,464.172,378.556,258.137 | -0.275,0.068,-0.000,-0.001
cam0 extrinsics = -0.008,0.006,0.702,0.712 | 0.053,-0.055,0.007
cam1 extrinsics = -0.003,0.011,0.703,0.711 | -0.066,-0.054,0.011
q_GtoI = -0.791,-0.174,-0.573,0.128 | p_IinG = 10.597,10.259,2.996 | dist = 24.71 (meters)
bg = -0.0049,0.0227,0.0771 | ba = -0.0228,-0.0117,0.0871
camera-imu timeoffset = 0.00010
cam0 intrinsics = 463.152,465.268,365.733,251.485 | -0.275,0.068,-0.000,-0.001
cam1 intrinsics = 462.172,464.194,378.546,258.152 | -0.275,0.068,-0.000,-0.001
cam0 extrinsics = -0.008,0.006,0.702,0.712 | 0.053,-0.055,0.007
cam1 extrinsics = -0.003,0.011,0.703,0.711 | -0.067,-0.054,0.011
q_GtoI = -0.792,-0.163,-0.575,0.123 | p_IinG = 10.618,10.238,3.001 | dist = 24.75 (meters)
bg = -0.0050,0.0227,0.0771 | ba = -0.0224,-0.0122,0.0881
camera-imu timeoffset = 0.00010
cam0 intrinsics = 463.148,465.283,365.735,251.494 | -0.275,0.068,-0.000,-0.001
cam1 intrinsics = 462.169,464.209,378.544,258.161 | -0.275,0.068,-0.000,-0.001
cam0 extrinsics = -0.008,0.006,0.702,0.712 | 0.053,-0.055,0.007
cam1 extrinsics = -0.003,0.011,0.703,0.711 | -0.067,-0.054,0.011
q_GtoI = -0.794,-0.152,-0.576,0.119 | p_IinG = 10.638,10.215,3.006 | dist = 24.78 (meters)
bg = -0.0050,0.0227,0.0771 | ba = -0.0213,-0.0124,0.0889
camera-imu timeoffset = 0.00010
cam0 intrinsics = 463.131,465.301,365.738,251.502 | -0.275,0.068,-0.000,-0.001
cam1 intrinsics = 462.153,464.227,378.545,258.170 | -0.275,0.068,-0.000,-0.001
cam0 extrinsics = -0.008,0.006,0.702,0.712 | 0.052,-0.055,0.007
cam1 extrinsics = -0.003,0.011,0.703,0.711 | -0.067,-0.055,0.011
q_GtoI = -0.797,-0.140,-0.576,0.115 | p_IinG = 10.660,10.194,3.010 | dist = 24.81 (meters)
bg = -0.0052,0.0226,0.0770 | ba = -0.0186,-0.0135,0.0900
camera-imu timeoffset = 0.00010
cam0 intrinsics = 463.128,465.317,365.748,251.509 | -0.275,0.068,-0.000,-0.001
cam1 intrinsics = 462.151,464.242,378.555,258.177 | -0.275,0.068,-0.000,-0.001
cam0 extrinsics = -0.008,0.006,0.702,0.712 | 0.052,-0.055,0.008
cam1 extrinsics = -0.003,0.011,0.703,0.711 | -0.068,-0.055,0.011
q_GtoI = -0.798,-0.127,-0.578,0.111 | p_IinG = 10.680,10.172,3.017 | dist = 24.85 (meters)
bg = -0.0052,0.0226,0.0770 | ba = -0.0168,-0.0145,0.0920
camera-imu timeoffset = 0.00010
cam0 intrinsics = 463.111,465.340,365.747,251.525 | -0.275,0.068,-0.000,-0.001
cam1 intrinsics = 462.136,464.267,378.550,258.193 | -0.275,0.068,-0.000,-0.001
cam0 extrinsics = -0.008,0.006,0.702,0.712 | 0.051,-0.056,0.008
cam1 extrinsics = -0.003,0.011,0.703,0.711 | -0.068,-0.055,0.011
q_GtoI = -0.800,-0.114,-0.579,0.107 | p_IinG = 10.700,10.150,3.022 | dist = 24.88 (meters)
bg = -0.0054,0.0225,0.0769 | ba = -0.0147,-0.0158,0.0924
camera-imu timeoffset = 0.00009
cam0 intrinsics = 463.099,465.357,365.731,251.532 | -0.275,0.068,-0.000,-0.001
cam1 intrinsics = 462.124,464.283,378.534,258.201 | -0.275,0.068,-0.000,-0.001
cam0 extrinsics = -0.008,0.006,0.702,0.712 | 0.051,-0.056,0.008
cam1 extrinsics = -0.003,0.011,0.703,0.711 | -0.069,-0.055,0.011
q_GtoI = -0.802,-0.102,-0.581,0.100 | p_IinG = 10.718,10.125,3.024 | dist = 24.92 (meters)
bg = -0.0056,0.0224,0.0769 | ba = -0.0127,-0.0167,0.0940
camera-imu timeoffset = 0.00009
cam0 intrinsics = 463.100,465.377,365.677,251.495 | -0.275,0.068,-0.000,-0.001
cam1 intrinsics = 462.125,464.302,378.484,258.162 | -0.275,0.068,-0.000,-0.001
cam0 extrinsics = -0.008,0.006,0.702,0.712 | 0.051,-0.055,0.008
cam1 extrinsics = -0.003,0.011,0.703,0.711 | -0.069,-0.055,0.011
q_GtoI = -0.803,-0.090,-0.581,0.094 | p_IinG = 10.734,10.098,3.024 | dist = 24.95 (meters)
bg = -0.0057,0.0222,0.0767 | ba = -0.0111,-0.0164,0.0937
camera-imu timeoffset = 0.00009
cam0 intrinsics = 463.092,465.367,365.692,251.452 | -0.275,0.068,-0.000,-0.001
cam1 intrinsics = 462.116,464.291,378.503,258.118 | -0.275,0.068,-0.000,-0.001
cam0 extrinsics = -0.008,0.006,0.702,0.712 | 0.051,-0.055,0.008
cam1 extrinsics = -0.003,0.011,0.703,0.711 | -0.069,-0.055,0.011
q_GtoI = -0.804,-0.079,-0.583,0.086 | p_IinG = 10.744,10.078,3.034 | dist = 24.99 (meters)
bg = -0.0053,0.0222,0.0771 | ba = -0.0139,-0.0207,0.1049
camera-imu timeoffset = 0.00009
cam0 intrinsics = 463.110,465.339,365.717,251.453 | -0.275,0.068,-0.000,-0.001
cam1 intrinsics = 462.128,464.257,378.532,258.121 | -0.275,0.068,-0.000,-0.000
cam0 extrinsics = -0.008,0.006,0.702,0.712 | 0.051,-0.055,0.008
cam1 extrinsics = -0.003,0.011,0.703,0.711 | -0.069,-0.055,0.011
q_GtoI = -0.805,-0.068,-0.583,0.080 | p_IinG = 10.758,10.047,3.034 | dist = 25.02 (meters)
bg = -0.0054,0.0222,0.0770 | ba = -0.0136,-0.0205,0.1044
camera-imu timeoffset = 0.00010
cam0 intrinsics = 463.098,465.325,365.718,251.444 | -0.275,0.068,-0.000,-0.001
cam1 intrinsics = 462.115,464.243,378.531,258.111 | -0.275,0.068,-0.000,-0.000
cam0 extrinsics = -0.008,0.006,0.702,0.712 | 0.051,-0.055,0.008
cam1 extrinsics = -0.003,0.011,0.703,0.711 | -0.069,-0.055,0.011
q_GtoI = -0.806,-0.056,-0.584,0.075 | p_IinG = 10.773,10.016,3.034 | dist = 25.06 (meters)
bg = -0.0056,0.0222,0.0771 | ba = -0.0140,-0.0206,0.1022
camera-imu timeoffset = 0.00010
cam0 intrinsics = 463.091,465.317,365.707,251.426 | -0.275,0.068,-0.000,-0.000
cam1 intrinsics = 462.106,464.231,378.516,258.092 | -0.275,0.068,-0.000,-0.000
cam0 extrinsics = -0.008,0.006,0.702,0.712 | 0.051,-0.055,0.008
cam1 extrinsics = -0.003,0.011,0.703,0.711 | -0.068,-0.054,0.011
q_GtoI = -0.807,-0.045,-0.585,0.071 | p_IinG = 10.787,9.984,3.033 | dist = 25.10 (meters)
bg = -0.0056,0.0221,0.0772 | ba = -0.0149,-0.0222,0.1011
camera-imu timeoffset = 0.00009
cam0 intrinsics = 463.110,465.321,365.660,251.419 | -0.275,0.068,-0.000,-0.000
cam1 intrinsics = 462.125,464.236,378.462,258.083 | -0.275,0.068,-0.000,-0.000
cam0 extrinsics = -0.008,0.006,0.702,0.712 | 0.052,-0.054,0.007
cam1 extrinsics = -0.003,0.011,0.703,0.711 | -0.068,-0.054,0.010
q_GtoI = -0.808,-0.033,-0.584,0.068 | p_IinG = 10.802,9.949,3.031 | dist = 25.13 (meters)
bg = -0.0057,0.0222,0.0773 | ba = -0.0162,-0.0225,0.0990
camera-imu timeoffset = 0.00010
cam0 intrinsics = 463.119,465.313,365.646,251.418 | -0.275,0.068,-0.000,-0.000
cam1 intrinsics = 462.133,464.226,378.447,258.080 | -0.275,0.068,-0.000,-0.000
cam0 extrinsics = -0.008,0.006,0.702,0.712 | 0.052,-0.054,0.007
cam1 extrinsics = -0.003,0.011,0.703,0.711 | -0.068,-0.054,0.010
q_GtoI = -0.808,-0.025,-0.585,0.060 | p_IinG = 10.816,9.913,3.028 | dist = 25.17 (meters)
bg = -0.0057,0.0222,0.0774 | ba = -0.0172,-0.0222,0.0966
camera-imu timeoffset = 0.00010
cam0 intrinsics = 463.123,465.307,365.646,251.408 | -0.275,0.068,-0.000,-0.000
cam1 intrinsics = 462.137,464.220,378.444,258.069 | -0.275,0.068,-0.000,-0.000
cam0 extrinsics = -0.008,0.006,0.702,0.712 | 0.052,-0.054,0.007
cam1 extrinsics = -0.003,0.011,0.703,0.711 | -0.068,-0.054,0.010
q_GtoI = -0.807,-0.017,-0.587,0.055 | p_IinG = 10.828,9.876,3.023 | dist = 25.22 (meters)
bg = -0.0058,0.0223,0.0775 | ba = -0.0176,-0.0222,0.0958
camera-imu timeoffset = 0.00010
cam0 intrinsics = 463.130,465.303,365.656,251.400 | -0.275,0.068,-0.000,-0.000
cam1 intrinsics = 462.145,464.217,378.451,258.060 | -0.275,0.068,-0.000,-0.000
cam0 extrinsics = -0.008,0.006,0.702,0.712 | 0.052,-0.054,0.007
cam1 extrinsics = -0.003,0.011,0.703,0.711 | -0.068,-0.053,0.010
q_GtoI = -0.806,-0.012,-0.589,0.049 | p_IinG = 10.839,9.837,3.015 | dist = 25.26 (meters)
bg = -0.0059,0.0223,0.0775 | ba = -0.0163,-0.0220,0.0969
camera-imu timeoffset = 0.00011
cam0 intrinsics = 463.146,465.307,365.663,251.413 | -0.275,0.068,-0.000,-0.000
cam1 intrinsics = 462.160,464.221,378.461,258.070 | -0.275,0.068,-0.000,-0.000
cam0 extrinsics = -0.008,0.006,0.702,0.712 | 0.052,-0.054,0.007
cam1 extrinsics = -0.003,0.011,0.703,0.711 | -0.068,-0.053,0.010
q_GtoI = -0.804,-0.007,-0.593,0.046 | p_IinG = 10.850,9.798,3.007 | dist = 25.30 (meters)
bg = -0.0060,0.0223,0.0775 | ba = -0.0149,-0.0227,0.1004
camera-imu timeoffset = 0.00011
cam0 intrinsics = 463.171,465.323,365.632,251.467 | -0.275,0.068,-0.000,-0.000
cam1 intrinsics = 462.187,464.238,378.428,258.122 | -0.275,0.068,-0.000,-0.000
cam0 extrinsics = -0.008,0.006,0.702,0.712 | 0.053,-0.054,0.007
cam1 extrinsics = -0.003,0.011,0.703,0.711 | -0.067,-0.053,0.010
q_GtoI = -0.799,-0.003,-0.599,0.044 | p_IinG = 10.858,9.756,2.998 | dist = 25.35 (meters)
bg = -0.0061,0.0224,0.0776 | ba = -0.0143,-0.0229,0.1002
camera-imu timeoffset = 0.00011
cam0 intrinsics = 463.183,465.320,365.641,251.463 | -0.275,0.068,-0.000,-0.000
cam1 intrinsics = 462.199,464.235,378.440,258.118 | -0.275,0.068,-0.000,-0.000
cam0 extrinsics = -0.008,0.006,0.702,0.712 | 0.053,-0.053,0.007
cam1 extrinsics = -0.003,0.011,0.703,0.711 | -0.067,-0.053,0.010
q_GtoI = -0.796,0.001,-0.604,0.044 | p_IinG = 10.871,9.711,2.993 | dist = 25.39 (meters)
bg = -0.0062,0.0226,0.0777 | ba = -0.0166,-0.0235,0.0993
camera-imu timeoffset = 0.00011
cam0 intrinsics = 463.208,465.306,365.665,251.479 | -0.275,0.068,-0.000,-0.000
cam1 intrinsics = 462.230,464.225,378.463,258.129 | -0.275,0.068,-0.000,-0.000
cam0 extrinsics = -0.008,0.006,0.702,0.712 | 0.053,-0.053,0.007
cam1 extrinsics = -0.003,0.011,0.703,0.711 | -0.067,-0.053,0.010
q_GtoI = -0.794,0.004,-0.606,0.044 | p_IinG = 10.879,9.663,2.982 | dist = 25.44 (meters)
bg = -0.0063,0.0227,0.0777 | ba = -0.0173,-0.0230,0.0997
camera-imu timeoffset = 0.00011
cam0 intrinsics = 463.240,465.318,365.674,251.474 | -0.275,0.068,-0.000,-0.000
cam1 intrinsics = 462.260,464.236,378.475,258.124 | -0.275,0.068,-0.000,-0.000
cam0 extrinsics = -0.008,0.006,0.702,0.712 | 0.053,-0.053,0.007
cam1 extrinsics = -0.003,0.011,0.703,0.711 | -0.067,-0.053,0.010
q_GtoI = -0.794,0.004,-0.606,0.041 | p_IinG = 10.885,9.611,2.973 | dist = 25.49 (meters)
bg = -0.0064,0.0229,0.0775 | ba = -0.0180,-0.0227,0.0982
camera-imu timeoffset = 0.00011
cam0 intrinsics = 463.272,465.320,365.702,251.490 | -0.275,0.068,-0.000,-0.000
cam1 intrinsics = 462.299,464.244,378.486,258.140 | -0.275,0.068,-0.000,-0.000
cam0 extrinsics = -0.008,0.006,0.702,0.712 | 0.052,-0.054,0.007
cam1 extrinsics = -0.003,0.011,0.703,0.711 | -0.067,-0.053,0.010
q_GtoI = -0.795,0.003,-0.605,0.039 | p_IinG = 10.888,9.562,2.962 | dist = 25.54 (meters)
bg = -0.0065,0.0229,0.0775 | ba = -0.0184,-0.0203,0.0982
camera-imu timeoffset = 0.00011
cam0 intrinsics = 463.290,465.336,365.701,251.502 | -0.275,0.068,-0.000,-0.000
cam1 intrinsics = 462.316,464.260,378.481,258.150 | -0.275,0.068,-0.000,-0.000
cam0 extrinsics = -0.008,0.006,0.702,0.712 | 0.052,-0.053,0.007
cam1 extrinsics = -0.003,0.011,0.703,0.711 | -0.068,-0.053,0.010
q_GtoI = -0.797,0.002,-0.603,0.038 | p_IinG = 10.890,9.512,2.954 | dist = 25.59 (meters)
bg = -0.0065,0.0228,0.0774 | ba = -0.0192,-0.0176,0.0980
camera-imu timeoffset = 0.00010
cam0 intrinsics = 463.301,465.350,365.698,251.519 | -0.275,0.068,-0.000,-0.000
cam1 intrinsics = 462.326,464.272,378.475,258.166 | -0.275,0.068,-0.000,-0.000
cam0 extrinsics = -0.008,0.006,0.702,0.712 | 0.052,-0.053,0.007
cam1 extrinsics = -0.003,0.011,0.703,0.711 | -0.068,-0.053,0.010
q_GtoI = -0.799,0.003,-0.601,0.038 | p_IinG = 10.887,9.463,2.944 | dist = 25.65 (meters)
bg = -0.0064,0.0227,0.0775 | ba = -0.0183,-0.0148,0.0997
camera-imu timeoffset = 0.00010
cam0 intrinsics = 463.346,465.396,365.724,251.520 | -0.275,0.068,-0.000,-0.000
cam1 intrinsics = 462.362,464.314,378.513,258.165 | -0.275,0.068,-0.000,-0.000
cam0 extrinsics = -0.008,0.006,0.702,0.712 | 0.052,-0.052,0.007
cam1 extrinsics = -0.003,0.011,0.703,0.711 | -0.068,-0.051,0.010
q_GtoI = -0.800,0.002,-0.599,0.040 | p_IinG = 10.884,9.410,2.939 | dist = 25.70 (meters)
bg = -0.0063,0.0227,0.0775 | ba = -0.0185,-0.0130,0.0999
camera-imu timeoffset = 0.00010
cam0 intrinsics = 463.355,465.418,365.735,251.544 | -0.275,0.068,-0.000,-0.000
cam1 intrinsics = 462.368,464.333,378.518,258.183 | -0.275,0.068,-0.000,-0.000
cam0 extrinsics = -0.008,0.006,0.702,0.712 | 0.052,-0.052,0.007
cam1 extrinsics = -0.003,0.011,0.703,0.711 | -0.068,-0.051,0.010
q_GtoI = -0.801,0.003,-0.597,0.041 | p_IinG = 10.880,9.356,2.936 | dist = 25.75 (meters)
bg = -0.0062,0.0227,0.0775 | ba = -0.0189,-0.0111,0.0996
camera-imu timeoffset = 0.00010
cam0 intrinsics = 463.355,465.434,365.734,251.574 | -0.275,0.068,-0.000,-0.000
cam1 intrinsics = 462.367,464.348,378.512,258.211 | -0.275,0.068,-0.000,-0.000
cam0 extrinsics = -0.008,0.006,0.702,0.712 | 0.052,-0.052,0.007
cam1 extrinsics = -0.003,0.011,0.703,0.711 | -0.068,-0.051,0.009
q_GtoI = -0.801,0.002,-0.597,0.043 | p_IinG = 10.875,9.301,2.936 | dist = 25.81 (meters)
bg = -0.0061,0.0227,0.0775 | ba = -0.0192,-0.0092,0.0993
camera-imu timeoffset = 0.00010
cam0 intrinsics = 463.354,465.451,365.731,251.604 | -0.275,0.068,-0.000,-0.000
cam1 intrinsics = 462.364,464.363,378.503,258.241 | -0.275,0.068,-0.000,-0.000
cam0 extrinsics = -0.008,0.006,0.702,0.712 | 0.052,-0.051,0.006
cam1 extrinsics = -0.003,0.011,0.703,0.711 | -0.068,-0.051,0.009
q_GtoI = -0.801,0.002,-0.597,0.044 | p_IinG = 10.869,9.246,2.938 | dist = 25.87 (meters)
bg = -0.0060,0.0227,0.0776 | ba = -0.0197,-0.0066,0.0974
camera-imu timeoffset = 0.00010
cam0 intrinsics = 463.357,465.466,365.735,251.624 | -0.276,0.068,-0.000,-0.000
cam1 intrinsics = 462.369,464.380,378.504,258.258 | -0.275,0.068,-0.000,-0.000
cam0 extrinsics = -0.008,0.006,0.702,0.712 | 0.052,-0.051,0.006
cam1 extrinsics = -0.003,0.011,0.703,0.711 | -0.068,-0.051,0.009
q_GtoI = -0.801,0.001,-0.597,0.047 | p_IinG = 10.861,9.189,2.942 | dist = 25.93 (meters)
bg = -0.0059,0.0227,0.0775 | ba = -0.0212,-0.0042,0.0968
camera-imu timeoffset = 0.00010
cam0 intrinsics = 463.360,465.480,365.740,251.639 | -0.276,0.068,-0.000,-0.000
cam1 intrinsics = 462.371,464.393,378.506,258.273 | -0.275,0.069,-0.000,-0.000
cam0 extrinsics = -0.008,0.006,0.702,0.712 | 0.052,-0.051,0.006
cam1 extrinsics = -0.003,0.011,0.703,0.711 | -0.068,-0.050,0.009
q_GtoI = -0.800,0.000,-0.598,0.048 | p_IinG = 10.850,9.129,2.947 | dist = 25.99 (meters)
bg = -0.0058,0.0227,0.0775 | ba = -0.0225,-0.0022,0.0959
camera-imu timeoffset = 0.00010
cam0 intrinsics = 463.361,465.490,365.743,251.651 | -0.276,0.068,-0.000,-0.000
cam1 intrinsics = 462.371,464.403,378.506,258.285 | -0.275,0.069,-0.000,-0.000
cam0 extrinsics = -0.008,0.006,0.702,0.712 | 0.052,-0.051,0.006
cam1 extrinsics = -0.003,0.011,0.703,0.711 | -0.068,-0.050,0.009
q_GtoI = -0.800,-0.001,-0.597,0.050 | p_IinG = 10.838,9.069,2.952 | dist = 26.05 (meters)
bg = -0.0056,0.0227,0.0774 | ba = -0.0243,-0.0004,0.0948
camera-imu timeoffset = 0.00010
cam0 intrinsics = 463.356,465.496,365.744,251.664 | -0.276,0.069,-0.000,-0.000
cam1 intrinsics = 462.366,464.409,378.505,258.297 | -0.275,0.069,-0.000,-0.000
cam0 extrinsics = -0.008,0.006,0.702,0.712 | 0.052,-0.051,0.006
cam1 extrinsics = -0.003,0.011,0.703,0.711 | -0.068,-0.050,0.009
q_GtoI = -0.801,-0.002,-0.597,0.052 | p_IinG = 10.826,9.007,2.954 | dist = 26.12 (meters)
bg = -0.0054,0.0228,0.0773 | ba = -0.0249,0.0009,0.0942
camera-imu timeoffset = 0.00010
cam0 intrinsics = 463.355,465.505,365.746,251.675 | -0.276,0.069,-0.000,-0.000
cam1 intrinsics = 462.365,464.418,378.505,258.307 | -0.275,0.069,-0.000,-0.000
cam0 extrinsics = -0.008,0.006,0.702,0.712 | 0.052,-0.051,0.006
cam1 extrinsics = -0.003,0.011,0.703,0.711 | -0.068,-0.050,0.008
q_GtoI = -0.800,-0.004,-0.597,0.054 | p_IinG = 10.811,8.940,2.957 | dist = 26.18 (meters)
bg = -0.0053,0.0230,0.0772 | ba = -0.0252,0.0002,0.0934
camera-imu timeoffset = 0.00010
cam0 intrinsics = 463.345,465.501,365.765,251.687 | -0.276,0.069,-0.000,-0.000
cam1 intrinsics = 462.360,464.420,378.513,258.320 | -0.275,0.069,-0.000,-0.000
cam0 extrinsics = -0.008,0.006,0.702,0.712 | 0.052,-0.051,0.006
cam1 extrinsics = -0.003,0.011,0.703,0.711 | -0.068,-0.050,0.009
q_GtoI = -0.800,-0.006,-0.597,0.054 | p_IinG = 10.796,8.876,2.957 | dist = 26.25 (meters)
bg = -0.0052,0.0229,0.0771 | ba = -0.0259,0.0018,0.0933
camera-imu timeoffset = 0.00010
cam0 intrinsics = 463.352,465.511,365.770,251.690 | -0.276,0.069,-0.000,-0.000
cam1 intrinsics = 462.367,464.430,378.514,258.322 | -0.275,0.069,-0.000,-0.000
cam0 extrinsics = -0.008,0.006,0.702,0.712 | 0.052,-0.051,0.006
cam1 extrinsics = -0.003,0.011,0.703,0.711 | -0.068,-0.050,0.008
q_GtoI = -0.799,-0.009,-0.598,0.054 | p_IinG = 10.780,8.811,2.957 | dist = 26.32 (meters)
bg = -0.0051,0.0229,0.0770 | ba = -0.0261,0.0035,0.0929
camera-imu timeoffset = 0.00010
cam0 intrinsics = 463.360,465.522,365.770,251.691 | -0.276,0.069,-0.000,-0.000
cam1 intrinsics = 462.374,464.441,378.512,258.322 | -0.276,0.069,-0.000,-0.000
cam0 extrinsics = -0.008,0.006,0.702,0.712 | 0.052,-0.051,0.006
cam1 extrinsics = -0.003,0.011,0.703,0.711 | -0.068,-0.050,0.008
q_GtoI = -0.798,-0.012,-0.600,0.054 | p_IinG = 10.757,8.739,2.958 | dist = 26.40 (meters)
bg = -0.0050,0.0230,0.0771 | ba = -0.0296,0.0032,0.0928
camera-imu timeoffset = 0.00010
cam0 intrinsics = 463.348,465.532,365.776,251.654 | -0.276,0.069,-0.000,-0.000
cam1 intrinsics = 462.364,464.453,378.524,258.284 | -0.276,0.069,-0.000,-0.000
cam0 extrinsics = -0.008,0.006,0.702,0.712 | 0.052,-0.051,0.006
cam1 extrinsics = -0.003,0.011,0.703,0.711 | -0.068,-0.050,0.008
q_GtoI = -0.798,-0.015,-0.600,0.052 | p_IinG = 10.740,8.673,2.960 | dist = 26.47 (meters)
bg = -0.0048,0.0229,0.0769 | ba = -0.0300,0.0053,0.0923
camera-imu timeoffset = 0.00010
cam0 intrinsics = 463.367,465.546,365.773,251.656 | -0.276,0.069,-0.000,-0.000
cam1 intrinsics = 462.383,464.468,378.517,258.285 | -0.276,0.069,-0.000,-0.000
cam0 extrinsics = -0.009,0.006,0.702,0.712 | 0.052,-0.051,0.005
cam1 extrinsics = -0.003,0.011,0.703,0.711 | -0.068,-0.050,0.008
q_GtoI = -0.797,-0.016,-0.602,0.054 | p_IinG = 10.721,8.606,2.963 | dist = 26.55 (meters)
bg = -0.0046,0.0229,0.0768 | ba = -0.0306,0.0067,0.0914
camera-imu timeoffset = 0.00010
cam0 intrinsics = 463.380,465.556,365.769,251.658 | -0.276,0.069,-0.000,-0.000
cam1 intrinsics = 462.397,464.478,378.511,258.285 | -0.276,0.069,-0.000,-0.000
cam0 extrinsics = -0.009,0.006,0.702,0.712 | 0.052,-0.051,0.005
cam1 extrinsics = -0.003,0.011,0.703,0.711 | -0.068,-0.051,0.008
q_GtoI = -0.796,-0.018,-0.603,0.053 | p_IinG = 10.700,8.534,2.968 | dist = 26.62 (meters)
bg = -0.0046,0.0229,0.0767 | ba = -0.0315,0.0065,0.0911
camera-imu timeoffset = 0.00010
cam0 intrinsics = 463.386,465.562,365.763,251.669 | -0.276,0.069,-0.000,-0.000
cam1 intrinsics = 462.404,464.484,378.504,258.296 | -0.276,0.069,-0.000,-0.000
cam0 extrinsics = -0.008,0.006,0.702,0.712 | 0.052,-0.051,0.005
cam1 extrinsics = -0.003,0.011,0.703,0.711 | -0.068,-0.051,0.008
q_GtoI = -0.795,-0.020,-0.604,0.053 | p_IinG = 10.678,8.463,2.974 | dist = 26.70 (meters)
bg = -0.0044,0.0228,0.0766 | ba = -0.0308,0.0077,0.0909
camera-imu timeoffset = 0.00010
cam0 intrinsics = 463.396,465.565,365.762,251.674 | -0.276,0.069,-0.000,-0.000
cam1 intrinsics = 462.416,464.489,378.500,258.299 | -0.276,0.069,-0.000,-0.000
cam0 extrinsics = -0.009,0.006,0.702,0.712 | 0.052,-0.051,0.005
cam1 extrinsics = -0.003,0.011,0.703,0.711 | -0.068,-0.051,0.008
q_GtoI = -0.796,-0.021,-0.603,0.054 | p_IinG = 10.653,8.390,2.981 | dist = 26.78 (meters)
bg = -0.0044,0.0227,0.0765 | ba = -0.0309,0.0092,0.0915
camera-imu timeoffset = 0.00010
cam0 intrinsics = 463.406,465.564,365.762,251.683 | -0.276,0.069,-0.000,-0.000
cam1 intrinsics = 462.426,464.488,378.499,258.306 | -0.276,0.069,-0.000,-0.000
cam0 extrinsics = -0.009,0.006,0.702,0.712 | 0.052,-0.051,0.005
cam1 extrinsics = -0.003,0.011,0.703,0.711 | -0.068,-0.051,0.008
q_GtoI = -0.797,-0.021,-0.601,0.056 | p_IinG = 10.625,8.315,2.988 | dist = 26.87 (meters)
bg = -0.0043,0.0226,0.0765 | ba = -0.0310,0.0094,0.0915
camera-imu timeoffset = 0.00009
cam0 intrinsics = 463.411,465.561,365.761,251.693 | -0.276,0.069,-0.000,-0.000
cam1 intrinsics = 462.431,464.485,378.497,258.315 | -0.276,0.069,-0.000,-0.000
cam0 extrinsics = -0.009,0.006,0.702,0.712 | 0.052,-0.051,0.005
cam1 extrinsics = -0.003,0.011,0.703,0.711 | -0.068,-0.051,0.008
q_GtoI = -0.798,-0.020,-0.600,0.058 | p_IinG = 10.595,8.240,2.996 | dist = 26.95 (meters)
bg = -0.0042,0.0225,0.0764 | ba = -0.0326,0.0105,0.0925
camera-imu timeoffset = 0.00010
cam0 intrinsics = 463.418,465.561,365.752,251.705 | -0.276,0.069,-0.000,-0.000
cam1 intrinsics = 462.435,464.481,378.490,258.328 | -0.276,0.069,-0.000,-0.000
cam0 extrinsics = -0.009,0.006,0.702,0.712 | 0.052,-0.051,0.005
cam1 extrinsics = -0.003,0.011,0.703,0.711 | -0.068,-0.051,0.008
q_GtoI = -0.799,-0.018,-0.598,0.061 | p_IinG = 10.563,8.164,3.001 | dist = 27.04 (meters)
bg = -0.0041,0.0223,0.0764 | ba = -0.0328,0.0112,0.0927
camera-imu timeoffset = 0.00010
cam0 intrinsics = 463.422,465.563,365.752,251.713 | -0.276,0.069,-0.000,-0.000
cam1 intrinsics = 462.438,464.483,378.489,258.334 | -0.276,0.069,-0.000,-0.000
cam0 extrinsics = -0.008,0.006,0.702,0.712 | 0.052,-0.052,0.005
cam1 extrinsics = -0.003,0.011,0.703,0.711 | -0.068,-0.051,0.008
q_GtoI = -0.799,-0.016,-0.598,0.062 | p_IinG = 10.526,8.085,3.005 | dist = 27.12 (meters)
bg = -0.0039,0.0221,0.0763 | ba = -0.0318,0.0098,0.0954
camera-imu timeoffset = 0.00010
cam0 intrinsics = 463.446,465.560,365.755,251.733 | -0.276,0.069,-0.000,-0.000
cam1 intrinsics = 462.463,464.482,378.486,258.348 | -0.276,0.069,-0.000,-0.000
cam0 extrinsics = -0.008,0.006,0.702,0.712 | 0.052,-0.052,0.006
cam1 extrinsics = -0.003,0.011,0.703,0.711 | -0.068,-0.051,0.008
q_GtoI = -0.799,-0.015,-0.597,0.064 | p_IinG = 10.486,7.999,3.012 | dist = 27.21 (meters)
bg = -0.0038,0.0221,0.0766 | ba = -0.0361,0.0083,0.0972
camera-imu timeoffset = 0.00010
cam0 intrinsics = 463.479,465.570,365.755,251.734 | -0.276,0.069,-0.000,-0.000
cam1 intrinsics = 462.488,464.491,378.500,258.357 | -0.276,0.069,-0.000,-0.000
cam0 extrinsics = -0.009,0.006,0.702,0.712 | 0.052,-0.052,0.006
cam1 extrinsics = -0.003,0.011,0.703,0.711 | -0.068,-0.051,0.009
q_GtoI = -0.800,-0.014,-0.597,0.065 | p_IinG = 10.449,7.914,3.012 | dist = 27.31 (meters)
bg = -0.0037,0.0221,0.0767 | ba = -0.0358,0.0079,0.0970
camera-imu timeoffset = 0.00009
cam0 intrinsics = 463.489,465.573,365.750,251.741 | -0.276,0.069,-0.000,-0.000
cam1 intrinsics = 462.498,464.494,378.494,258.362 | -0.276,0.069,-0.000,-0.000
cam0 extrinsics = -0.009,0.006,0.702,0.712 | 0.052,-0.052,0.006
cam1 extrinsics = -0.003,0.011,0.703,0.711 | -0.068,-0.051,0.009
q_GtoI = -0.799,-0.012,-0.597,0.066 | p_IinG = 10.409,7.828,3.009 | dist = 27.40 (meters)
bg = -0.0036,0.0221,0.0767 | ba = -0.0351,0.0067,0.0979
camera-imu timeoffset = 0.00009
cam0 intrinsics = 463.507,465.587,365.750,251.736 | -0.276,0.069,-0.000,-0.000
cam1 intrinsics = 462.517,464.509,378.493,258.355 | -0.276,0.069,-0.000,-0.000
cam0 extrinsics = -0.009,0.006,0.702,0.712 | 0.052,-0.052,0.006
cam1 extrinsics = -0.003,0.011,0.703,0.711 | -0.068,-0.051,0.009
q_GtoI = -0.799,-0.011,-0.598,0.067 | p_IinG = 10.369,7.741,3.002 | dist = 27.50 (meters)
bg = -0.0035,0.0220,0.0768 | ba = -0.0349,0.0063,0.0977
camera-imu timeoffset = 0.00009
cam0 intrinsics = 463.517,465.593,365.745,251.743 | -0.276,0.069,-0.000,-0.000
cam1 intrinsics = 462.527,464.515,378.486,258.359 | -0.276,0.069,-0.000,-0.000
cam0 extrinsics = -0.009,0.006,0.702,0.712 | 0.052,-0.052,0.006
cam1 extrinsics = -0.003,0.011,0.703,0.711 | -0.068,-0.051,0.009
q_GtoI = -0.799,-0.011,-0.598,0.068 | p_IinG = 10.329,7.651,2.989 | dist = 27.60 (meters)
bg = -0.0034,0.0219,0.0769 | ba = -0.0348,0.0059,0.0971
camera-imu timeoffset = 0.00009
cam0 intrinsics = 463.527,465.598,365.741,251.749 | -0.276,0.069,-0.000,-0.000
cam1 intrinsics = 462.538,464.519,378.480,258.363 | -0.276,0.069,-0.000,-0.000
cam0 extrinsics = -0.009,0.006,0.702,0.712 | 0.052,-0.052,0.006
cam1 extrinsics = -0.003,0.011,0.703,0.711 | -0.068,-0.051,0.009
q_GtoI = -0.799,-0.010,-0.598,0.068 | p_IinG = 10.288,7.561,2.973 | dist = 27.70 (meters)
bg = -0.0034,0.0218,0.0770 | ba = -0.0349,0.0060,0.0969
camera-imu timeoffset = 0.00009
cam0 intrinsics = 463.537,465.599,365.741,251.749 | -0.276,0.069,-0.000,-0.000
cam1 intrinsics = 462.547,464.520,378.480,258.362 | -0.276,0.069,-0.000,-0.000
cam0 extrinsics = -0.009,0.006,0.702,0.712 | 0.052,-0.052,0.006
cam1 extrinsics = -0.003,0.011,0.703,0.711 | -0.068,-0.051,0.009
q_GtoI = -0.799,-0.010,-0.597,0.069 | p_IinG = 10.247,7.471,2.953 | dist = 27.80 (meters)
bg = -0.0033,0.0218,0.0772 | ba = -0.0353,0.0063,0.0962
camera-imu timeoffset = 0.00009
cam0 intrinsics = 463.548,465.604,365.742,251.745 | -0.276,0.069,-0.000,-0.000
cam1 intrinsics = 462.556,464.524,378.480,258.358 | -0.276,0.069,-0.000,-0.000
cam0 extrinsics = -0.009,0.006,0.702,0.712 | 0.052,-0.052,0.006
cam1 extrinsics = -0.003,0.011,0.703,0.711 | -0.068,-0.051,0.009
q_GtoI = -0.800,-0.010,-0.597,0.069 | p_IinG = 10.208,7.379,2.928 | dist = 27.91 (meters)
bg = -0.0032,0.0219,0.0772 | ba = -0.0353,0.0071,0.0946
camera-imu timeoffset = 0.00009
cam0 intrinsics = 463.555,465.618,365.748,251.739 | -0.276,0.069,-0.000,-0.000
cam1 intrinsics = 462.563,464.538,378.482,258.350 | -0.276,0.069,-0.000,-0.000
cam0 extrinsics = -0.009,0.006,0.702,0.712 | 0.052,-0.052,0.006
cam1 extrinsics = -0.003,0.011,0.703,0.711 | -0.068,-0.052,0.009
q_GtoI = -0.800,-0.010,-0.596,0.069 | p_IinG = 10.170,7.285,2.902 | dist = 28.01 (meters)
bg = -0.0031,0.0218,0.0773 | ba = -0.0360,0.0070,0.0929
camera-imu timeoffset = 0.00009
cam0 intrinsics = 463.561,465.624,365.751,251.742 | -0.276,0.069,-0.000,-0.000
cam1 intrinsics = 462.569,464.544,378.484,258.351 | -0.276,0.069,-0.000,-0.000
cam0 extrinsics = -0.009,0.006,0.702,0.712 | 0.052,-0.052,0.006
cam1 extrinsics = -0.003,0.011,0.703,0.711 | -0.068,-0.052,0.009
q_GtoI = -0.800,-0.011,-0.596,0.068 | p_IinG = 10.132,7.189,2.874 | dist = 28.12 (meters)
bg = -0.0031,0.0219,0.0774 | ba = -0.0374,0.0063,0.0909
camera-imu timeoffset = 0.00009
cam0 intrinsics = 463.569,465.629,365.751,251.730 | -0.276,0.069,-0.000,-0.000
cam1 intrinsics = 462.576,464.550,378.493,258.348 | -0.276,0.069,-0.000,-0.000
cam0 extrinsics = -0.009,0.006,0.702,0.712 | 0.052,-0.052,0.006
cam1 extrinsics = -0.003,0.011,0.703,0.711 | -0.068,-0.052,0.009
q_GtoI = -0.801,-0.011,-0.595,0.067 | p_IinG = 10.092,7.090,2.846 | dist = 28.23 (meters)
bg = -0.0031,0.0219,0.0775 | ba = -0.0384,0.0065,0.0893
camera-imu timeoffset = 0.00009
cam0 intrinsics = 463.577,465.638,365.757,251.730 | -0.276,0.069,-0.000,-0.000
cam1 intrinsics = 462.583,464.557,378.496,258.349 | -0.276,0.069,-0.000,-0.000
cam0 extrinsics = -0.009,0.006,0.702,0.712 | 0.053,-0.053,0.006
cam1 extrinsics = -0.003,0.011,0.703,0.711 | -0.068,-0.052,0.009
q_GtoI = -0.801,-0.012,-0.595,0.066 | p_IinG = 10.052,6.988,2.817 | dist = 28.35 (meters)
bg = -0.0031,0.0219,0.0778 | ba = -0.0395,0.0054,0.0880
camera-imu timeoffset = 0.00009
cam0 intrinsics = 463.580,465.644,365.764,251.726 | -0.276,0.069,-0.000,-0.000
cam1 intrinsics = 462.585,464.563,378.501,258.344 | -0.276,0.069,-0.000,-0.000
cam0 extrinsics = -0.009,0.006,0.702,0.712 | 0.053,-0.053,0.006
cam1 extrinsics = -0.003,0.011,0.703,0.711 | -0.068,-0.052,0.009
q_GtoI = -0.802,-0.012,-0.594,0.064 | p_IinG = 9.998,6.886,2.778 | dist = 28.46 (meters)
bg = -0.0030,0.0218,0.0774 | ba = -0.0333,0.0063,0.0871
camera-imu timeoffset = 0.00009
cam0 intrinsics = 463.598,465.669,365.732,251.811 | -0.276,0.069,-0.000,-0.000
cam1 intrinsics = 462.599,464.588,378.473,258.428 | -0.276,0.069,-0.000,-0.000
cam0 extrinsics = -0.009,0.006,0.702,0.712 | 0.053,-0.053,0.006
cam1 extrinsics = -0.003,0.011,0.703,0.711 | -0.068,-0.053,0.009
q_GtoI = -0.802,-0.013,-0.594,0.063 | p_IinG = 9.954,6.784,2.747 | dist = 28.58 (meters)
bg = -0.0030,0.0218,0.0776 | ba = -0.0332,0.0056,0.0867
camera-imu timeoffset = 0.00009
cam0 intrinsics = 463.605,465.680,365.726,251.824 | -0.276,0.069,-0.000,-0.000
cam1 intrinsics = 462.605,464.597,378.465,258.440 | -0.276,0.069,-0.000,-0.000
cam0 extrinsics = -0.009,0.006,0.702,0.712 | 0.053,-0.053,0.006
cam1 extrinsics = -0.003,0.011,0.703,0.711 | -0.068,-0.053,0.009
q_GtoI = -0.801,-0.014,-0.595,0.061 | p_IinG = 9.912,6.679,2.718 | dist = 28.70 (meters)
bg = -0.0032,0.0221,0.0774 | ba = -0.0341,0.0052,0.0847
camera-imu timeoffset = 0.00010
cam0 intrinsics = 463.617,465.679,365.722,251.846 | -0.276,0.069,-0.000,-0.000
cam1 intrinsics = 462.616,464.595,378.454,258.455 | -0.276,0.069,-0.000,-0.000
cam0 extrinsics = -0.009,0.006,0.702,0.712 | 0.053,-0.053,0.006
cam1 extrinsics = -0.003,0.011,0.703,0.711 | -0.068,-0.053,0.009
q_GtoI = -0.800,-0.015,-0.597,0.058 | p_IinG = 9.868,6.574,2.690 | dist = 28.82 (meters)
bg = -0.0032,0.0219,0.0774 | ba = -0.0340,0.0059,0.0842
camera-imu timeoffset = 0.00011
cam0 intrinsics = 463.631,465.687,365.714,251.872 | -0.276,0.069,-0.000,-0.000
cam1 intrinsics = 462.630,464.603,378.443,258.478 | -0.276,0.069,-0.000,-0.000
cam0 extrinsics = -0.009,0.006,0.702,0.712 | 0.053,-0.053,0.006
cam1 extrinsics = -0.003,0.011,0.703,0.711 | -0.067,-0.053,0.009
q_GtoI = -0.799,-0.016,-0.599,0.055 | p_IinG = 9.823,6.468,2.664 | dist = 28.94 (meters)
bg = -0.0032,0.0218,0.0776 | ba = -0.0340,0.0057,0.0834
camera-imu timeoffset = 0.00011
cam0 intrinsics = 463.638,465.701,365.700,251.896 | -0.276,0.069,-0.000,-0.000
cam1 intrinsics = 462.635,464.614,378.425,258.499 | -0.276,0.069,-0.000,-0.000
cam0 extrinsics = -0.009,0.006,0.702,0.712 | 0.053,-0.053,0.006
cam1 extrinsics = -0.003,0.011,0.703,0.711 | -0.067,-0.053,0.009
q_GtoI = -0.798,-0.018,-0.601,0.050 | p_IinG = 9.776,6.361,2.639 | dist = 29.06 (meters)
bg = -0.0032,0.0216,0.0778 | ba = -0.0333,0.0058,0.0826
camera-imu timeoffset = 0.00011
cam0 intrinsics = 463.633,465.714,365.695,251.911 | -0.276,0.069,-0.000,-0.000
cam1 intrinsics = 462.630,464.627,378.416,258.510 | -0.276,0.069,-0.000,-0.000
cam0 extrinsics = -0.009,0.006,0.702,0.712 | 0.053,-0.054,0.006
cam1 extrinsics = -0.003,0.011,0.703,0.711 | -0.067,-0.053,0.009
q_GtoI = -0.797,-0.022,-0.601,0.043 | p_IinG = 9.726,6.253,2.615 | dist = 29.18 (meters)
bg = -0.0031,0.0214,0.0780 | ba = -0.0322,0.0057,0.0818
camera-imu timeoffset = 0.00012
cam0 intrinsics = 463.630,465.732,365.692,251.923 | -0.276,0.069,-0.000,-0.000
cam1 intrinsics = 462.626,464.644,378.412,258.519 | -0.276,0.069,-0.000,-0.000
cam0 extrinsics = -0.009,0.006,0.702,0.712 | 0.053,-0.054,0.006
cam1 extrinsics = -0.003,0.011,0.703,0.711 | -0.067,-0.053,0.009
q_GtoI = -0.798,-0.025,-0.601,0.038 | p_IinG = 9.678,6.137,2.595 | dist = 29.30 (meters)
bg = -0.0035,0.0216,0.0777 | ba = -0.0314,0.0033,0.0775
camera-imu timeoffset = 0.00011
cam0 intrinsics = 463.629,465.661,365.700,251.951 | -0.277,0.069,-0.000,-0.000
cam1 intrinsics = 462.623,464.568,378.426,258.546 | -0.276,0.069,-0.000,-0.000
cam0 extrinsics = -0.009,0.006,0.702,0.712 | 0.053,-0.054,0.006
cam1 extrinsics = -0.003,0.011,0.703,0.711 | -0.067,-0.054,0.009
q_GtoI = -0.800,-0.027,-0.599,0.034 | p_IinG = 9.627,6.027,2.575 | dist = 29.42 (meters)
bg = -0.0036,0.0215,0.0777 | ba = -0.0304,0.0023,0.0763
camera-imu timeoffset = 0.00011
cam0 intrinsics = 463.626,465.650,365.697,251.971 | -0.277,0.069,-0.000,-0.000
cam1 intrinsics = 462.619,464.556,378.423,258.561 | -0.276,0.069,-0.000,-0.000
cam0 extrinsics = -0.009,0.006,0.702,0.712 | 0.054,-0.054,0.006
cam1 extrinsics = -0.003,0.011,0.703,0.711 | -0.067,-0.054,0.009
q_GtoI = -0.801,-0.028,-0.598,0.032 | p_IinG = 9.576,5.918,2.559 | dist = 29.54 (meters)
bg = -0.0037,0.0213,0.0776 | ba = -0.0301,0.0015,0.0749
camera-imu timeoffset = 0.00010
cam0 intrinsics = 463.625,465.641,365.700,252.001 | -0.277,0.069,-0.000,-0.000
cam1 intrinsics = 462.615,464.543,378.423,258.587 | -0.276,0.069,-0.000,-0.000
cam0 extrinsics = -0.009,0.006,0.702,0.712 | 0.054,-0.055,0.006
cam1 extrinsics = -0.003,0.011,0.703,0.711 | -0.067,-0.054,0.008
q_GtoI = -0.801,-0.030,-0.597,0.027 | p_IinG = 9.523,5.812,2.544 | dist = 29.66 (meters)
bg = -0.0038,0.0213,0.0775 | ba = -0.0284,0.0015,0.0736
camera-imu timeoffset = 0.00010
cam0 intrinsics = 463.633,465.627,365.697,252.039 | -0.277,0.069,-0.000,-0.000
cam1 intrinsics = 462.622,464.528,378.421,258.622 | -0.276,0.069,-0.000,-0.000
cam0 extrinsics = -0.009,0.006,0.702,0.712 | 0.054,-0.055,0.006
cam1 extrinsics = -0.003,0.011,0.703,0.711 | -0.066,-0.054,0.008
q_GtoI = -0.803,-0.030,-0.595,0.026 | p_IinG = 9.467,5.705,2.529 | dist = 29.79 (meters)
bg = -0.0038,0.0212,0.0774 | ba = -0.0262,0.0008,0.0729
camera-imu timeoffset = 0.00010
cam0 intrinsics = 463.640,465.616,365.700,252.073 | -0.277,0.069,-0.000,-0.000
cam1 intrinsics = 462.624,464.515,378.420,258.654 | -0.276,0.069,-0.000,-0.000
cam0 extrinsics = -0.009,0.006,0.702,0.712 | 0.054,-0.055,0.006
cam1 extrinsics = -0.003,0.011,0.703,0.711 | -0.066,-0.054,0.008
q_GtoI = -0.803,-0.030,-0.595,0.025 | p_IinG = 9.409,5.602,2.515 | dist = 29.91 (meters)
bg = -0.0038,0.0212,0.0774 | ba = -0.0269,0.0016,0.0711
camera-imu timeoffset = 0.00011
cam0 intrinsics = 463.643,465.607,365.701,252.069 | -0.277,0.069,-0.000,-0.000
cam1 intrinsics = 462.628,464.507,378.419,258.653 | -0.276,0.069,-0.000,-0.000
cam0 extrinsics = -0.009,0.006,0.702,0.712 | 0.054,-0.055,0.006
cam1 extrinsics = -0.003,0.011,0.703,0.711 | -0.066,-0.054,0.008
q_GtoI = -0.804,-0.029,-0.593,0.025 | p_IinG = 9.351,5.498,2.498 | dist = 30.03 (meters)
bg = -0.0038,0.0211,0.0774 | ba = -0.0255,0.0015,0.0699
camera-imu timeoffset = 0.00011
cam0 intrinsics = 463.645,465.604,365.698,252.100 | -0.277,0.069,-0.000,-0.000
cam1 intrinsics = 462.627,464.504,378.418,258.682 | -0.276,0.069,-0.000,-0.000
cam0 extrinsics = -0.009,0.006,0.702,0.712 | 0.054,-0.055,0.006
cam1 extrinsics = -0.003,0.011,0.703,0.711 | -0.066,-0.055,0.008
q_GtoI = -0.804,-0.030,-0.593,0.023 | p_IinG = 9.289,5.389,2.480 | dist = 30.15 (meters)
bg = -0.0039,0.0212,0.0773 | ba = -0.0239,-0.0008,0.0705
camera-imu timeoffset = 0.00011
cam0 intrinsics = 463.648,465.609,365.713,252.131 | -0.277,0.069,-0.000,-0.000
cam1 intrinsics = 462.631,464.511,378.430,258.714 | -0.276,0.069,-0.000,-0.000
cam0 extrinsics = -0.009,0.006,0.702,0.712 | 0.054,-0.055,0.006
cam1 extrinsics = -0.003,0.011,0.703,0.711 | -0.067,-0.055,0.008
q_GtoI = -0.804,-0.029,-0.593,0.025 | p_IinG = 9.229,5.285,2.459 | dist = 30.27 (meters)
bg = -0.0039,0.0212,0.0773 | ba = -0.0220,-0.0017,0.0699
camera-imu timeoffset = 0.00012
cam0 intrinsics = 463.642,465.616,365.717,252.168 | -0.277,0.069,-0.000,-0.000
cam1 intrinsics = 462.624,464.519,378.433,258.750 | -0.276,0.069,-0.000,-0.000
cam0 extrinsics = -0.009,0.006,0.702,0.712 | 0.054,-0.055,0.006
cam1 extrinsics = -0.003,0.011,0.703,0.711 | -0.067,-0.055,0.008
q_GtoI = -0.804,-0.028,-0.593,0.025 | p_IinG = 9.165,5.180,2.434 | dist = 30.39 (meters)
bg = -0.0039,0.0212,0.0771 | ba = -0.0203,-0.0028,0.0712
camera-imu timeoffset = 0.00012
cam0 intrinsics = 463.659,465.633,365.741,252.149 | -0.277,0.069,-0.000,-0.000
cam1 intrinsics = 462.639,464.535,378.456,258.729 | -0.276,0.069,-0.000,-0.000
cam0 extrinsics = -0.009,0.006,0.702,0.712 | 0.054,-0.055,0.006
cam1 extrinsics = -0.003,0.011,0.703,0.711 | -0.067,-0.055,0.008
q_GtoI = -0.804,-0.029,-0.594,0.025 | p_IinG = 9.099,5.076,2.407 | dist = 30.52 (meters)
bg = -0.0039,0.0212,0.0772 | ba = -0.0178,-0.0025,0.0717
camera-imu timeoffset = 0.00012
cam0 intrinsics = 463.670,465.643,365.743,252.149 | -0.277,0.069,-0.000,-0.000
cam1 intrinsics = 462.649,464.546,378.457,258.727 | -0.276,0.069,-0.000,-0.000
cam0 extrinsics = -0.009,0.006,0.702,0.712 | 0.053,-0.055,0.006
cam1 extrinsics = -0.004,0.011,0.703,0.711 | -0.067,-0.055,0.008
q_GtoI = -0.804,-0.029,-0.594,0.025 | p_IinG = 9.034,4.974,2.378 | dist = 30.64 (meters)
bg = -0.0038,0.0211,0.0772 | ba = -0.0157,-0.0021,0.0717
camera-imu timeoffset = 0.00012
cam0 intrinsics = 463.680,465.658,365.739,252.157 | -0.277,0.069,-0.000,-0.000
cam1 intrinsics = 462.658,464.561,378.454,258.734 | -0.276,0.069,-0.000,-0.000
cam0 extrinsics = -0.009,0.006,0.702,0.712 | 0.053,-0.055,0.006
cam1 extrinsics = -0.004,0.011,0.703,0.711 | -0.067,-0.055,0.008
q_GtoI = -0.805,-0.029,-0.592,0.025 | p_IinG = 8.965,4.873,2.351 | dist = 30.76 (meters)
bg = -0.0038,0.0214,0.0768 | ba = -0.0173,-0.0022,0.0743
camera-imu timeoffset = 0.00012
cam0 intrinsics = 463.693,465.683,365.730,252.167 | -0.277,0.069,-0.000,-0.000
cam1 intrinsics = 462.671,464.586,378.446,258.742 | -0.276,0.069,-0.000,-0.000
cam0 extrinsics = -0.009,0.006,0.702,0.712 | 0.053,-0.055,0.006
cam1 extrinsics = -0.004,0.011,0.703,0.711 | -0.067,-0.055,0.009
q_GtoI = -0.805,-0.030,-0.592,0.025 | p_IinG = 8.897,4.770,2.316 | dist = 30.88 (meters)
bg = -0.0037,0.0212,0.0769 | ba = -0.0149,-0.0022,0.0732
camera-imu timeoffset = 0.00012
cam0 intrinsics = 463.679,465.687,365.751,252.133 | -0.277,0.069,-0.000,-0.000
cam1 intrinsics = 462.658,464.590,378.465,258.710 | -0.276,0.069,-0.000,-0.000
cam0 extrinsics = -0.009,0.006,0.702,0.712 | 0.053,-0.055,0.006
cam1 extrinsics = -0.003,0.011,0.703,0.711 | -0.067,-0.055,0.009
q_GtoI = -0.804,-0.030,-0.593,0.026 | p_IinG = 8.828,4.671,2.282 | dist = 31.00 (meters)
bg = -0.0036,0.0212,0.0769 | ba = -0.0137,-0.0014,0.0736
camera-imu timeoffset = 0.00012
cam0 intrinsics = 463.677,465.701,365.750,252.114 | -0.277,0.069,-0.000,-0.000
cam1 intrinsics = 462.655,464.604,378.463,258.692 | -0.276,0.069,-0.000,-0.000
cam0 extrinsics = -0.009,0.006,0.702,0.712 | 0.053,-0.055,0.006
cam1 extrinsics = -0.003,0.011,0.703,0.711 | -0.067,-0.055,0.009
q_GtoI = -0.805,-0.029,-0.592,0.028 | p_IinG = 8.759,4.572,2.247 | dist = 31.13 (meters)
bg = -0.0034,0.0213,0.0770 | ba = -0.0128,-0.0007,0.0738
camera-imu timeoffset = 0.00012
cam0 intrinsics = 463.670,465.711,365.750,252.110 | -0.277,0.069,-0.000,-0.000
cam1 intrinsics = 462.648,464.615,378.465,258.688 | -0.276,0.069,-0.000,-0.000
cam0 extrinsics = -0.009,0.006,0.702,0.712 | 0.053,-0.055,0.006
cam1 extrinsics = -0.004,0.011,0.703,0.711 | -0.067,-0.055,0.009
q_GtoI = -0.805,-0.031,-0.592,0.027 | p_IinG = 8.690,4.475,2.209 | dist = 31.25 (meters)
bg = -0.0033,0.0212,0.0772 | ba = -0.0113,0.0007,0.0740
camera-imu timeoffset = 0.00012
cam0 intrinsics = 463.662,465.724,365.755,252.099 | -0.277,0.069,-0.000,-0.000
cam1 intrinsics = 462.639,464.628,378.472,258.677 | -0.276,0.069,-0.000,-0.000
cam0 extrinsics = -0.009,0.006,0.702,0.712 | 0.053,-0.055,0.006
cam1 extrinsics = -0.004,0.011,0.703,0.711 | -0.068,-0.055,0.009
q_GtoI = -0.808,-0.031,-0.588,0.027 | p_IinG = 8.620,4.378,2.175 | dist = 31.37 (meters)
bg = -0.0031,0.0211,0.0774 | ba = -0.0134,0.0001,0.0766
camera-imu timeoffset = 0.00012
cam0 intrinsics = 463.651,465.728,365.761,252.079 | -0.277,0.069,-0.000,-0.000
cam1 intrinsics = 462.628,464.632,378.476,258.657 | -0.276,0.069,-0.000,-0.000
cam0 extrinsics = -0.009,0.006,0.702,0.712 | 0.053,-0.055,0.006
cam1 extrinsics = -0.004,0.011,0.703,0.711 | -0.067,-0.055,0.009
q_GtoI = -0.811,-0.032,-0.583,0.028 | p_IinG = 8.555,4.280,2.137 | dist = 31.49 (meters)
bg = -0.0030,0.0210,0.0776 | ba = -0.0147,-0.0007,0.0758
camera-imu timeoffset = 0.00011
cam0 intrinsics = 463.636,465.726,365.766,252.078 | -0.277,0.069,-0.000,-0.000
cam1 intrinsics = 462.611,464.630,378.478,258.659 | -0.276,0.069,-0.000,-0.000
cam0 extrinsics = -0.009,0.006,0.702,0.712 | 0.053,-0.055,0.006
cam1 extrinsics = -0.004,0.011,0.703,0.711 | -0.068,-0.055,0.009
q_GtoI = -0.817,-0.034,-0.575,0.027 | p_IinG = 8.486,4.179,2.099 | dist = 31.62 (meters)
bg = -0.0031,0.0212,0.0776 | ba = -0.0160,-0.0022,0.0775
camera-imu timeoffset = 0.00012
cam0 intrinsics = 463.639,465.744,365.769,252.072 | -0.277,0.069,-0.000,-0.000
cam1 intrinsics = 462.612,464.647,378.476,258.651 | -0.276,0.069,-0.000,-0.000
cam0 extrinsics = -0.009,0.006,0.702,0.712 | 0.053,-0.056,0.006
cam1 extrinsics = -0.004,0.011,0.703,0.711 | -0.067,-0.055,0.009
q_GtoI = -0.823,-0.034,-0.566,0.028 | p_IinG = 8.415,4.086,2.052 | dist = 31.74 (meters)
bg = -0.0031,0.0210,0.0774 | ba = -0.0131,0.0016,0.0773
camera-imu timeoffset = 0.00012
cam0 intrinsics = 463.638,465.738,365.753,252.060 | -0.277,0.069,-0.000,-0.000
cam1 intrinsics = 462.611,464.640,378.463,258.639 | -0.276,0.069,-0.000,-0.000
cam0 extrinsics = -0.009,0.006,0.702,0.712 | 0.053,-0.055,0.006
cam1 extrinsics = -0.003,0.011,0.703,0.711 | -0.068,-0.055,0.009
q_GtoI = -0.829,-0.037,-0.558,0.027 | p_IinG = 8.352,3.988,2.014 | dist = 31.86 (meters)
bg = -0.0034,0.0215,0.0768 | ba = -0.0162,-0.0016,0.0783
camera-imu timeoffset = 0.00012
cam0 intrinsics = 463.668,465.804,365.732,252.057 | -0.277,0.069,-0.000,-0.000
cam1 intrinsics = 462.639,464.707,378.438,258.632 | -0.276,0.069,-0.000,-0.000
cam0 extrinsics = -0.009,0.006,0.702,0.712 | 0.053,-0.055,0.007
cam1 extrinsics = -0.003,0.011,0.703,0.711 | -0.068,-0.055,0.009
q_GtoI = -0.833,-0.038,-0.551,0.027 | p_IinG = 8.289,3.892,1.971 | dist = 31.98 (meters)
bg = -0.0034,0.0215,0.0769 | ba = -0.0163,-0.0011,0.0781
camera-imu timeoffset = 0.00012
cam0 intrinsics = 463.672,465.814,365.719,252.070 | -0.277,0.069,-0.000,-0.000
cam1 intrinsics = 462.643,464.718,378.426,258.647 | -0.276,0.069,-0.000,-0.000
cam0 extrinsics = -0.009,0.006,0.702,0.712 | 0.053,-0.055,0.007
cam1 extrinsics = -0.003,0.011,0.703,0.711 | -0.068,-0.054,0.009
q_GtoI = -0.837,-0.039,-0.546,0.028 | p_IinG = 8.228,3.797,1.927 | dist = 32.10 (meters)
bg = -0.0033,0.0216,0.0769 | ba = -0.0166,-0.0010,0.0782
camera-imu timeoffset = 0.00013
cam0 intrinsics = 463.685,465.830,365.702,252.079 | -0.277,0.069,-0.000,-0.000
cam1 intrinsics = 462.656,464.735,378.411,258.655 | -0.276,0.069,-0.000,-0.000
cam0 extrinsics = -0.009,0.006,0.702,0.712 | 0.053,-0.055,0.007
cam1 extrinsics = -0.003,0.011,0.703,0.711 | -0.068,-0.054,0.010
q_GtoI = -0.839,-0.041,-0.542,0.027 | p_IinG = 8.168,3.702,1.883 | dist = 32.22 (meters)
bg = -0.0034,0.0217,0.0768 | ba = -0.0166,-0.0011,0.0786
camera-imu timeoffset = 0.00012
cam0 intrinsics = 463.698,465.855,365.680,252.069 | -0.277,0.069,-0.000,-0.000
cam1 intrinsics = 462.670,464.763,378.392,258.643 | -0.276,0.069,-0.000,-0.000
cam0 extrinsics = -0.009,0.006,0.702,0.712 | 0.053,-0.054,0.007
cam1 extrinsics = -0.003,0.011,0.703,0.711 | -0.068,-0.054,0.010
q_GtoI = -0.840,-0.042,-0.539,0.028 | p_IinG = 8.110,3.608,1.836 | dist = 32.33 (meters)
bg = -0.0035,0.0219,0.0765 | ba = -0.0154,-0.0012,0.0789
camera-imu timeoffset = 0.00012
cam0 intrinsics = 463.724,465.886,365.652,252.097 | -0.277,0.069,-0.000,-0.000
cam1 intrinsics = 462.698,464.797,378.364,258.667 | -0.276,0.069,-0.000,-0.000
cam0 extrinsics = -0.008,0.006,0.702,0.712 | 0.053,-0.054,0.007
cam1 extrinsics = -0.003,0.011,0.703,0.711 | -0.068,-0.054,0.010
q_GtoI = -0.839,-0.042,-0.542,0.029 | p_IinG = 8.054,3.515,1.793 | dist = 32.45 (meters)
bg = -0.0035,0.0220,0.0764 | ba = -0.0158,-0.0016,0.0800
camera-imu timeoffset = 0.00011
cam0 intrinsics = 463.734,465.906,365.628,252.090 | -0.277,0.069,-0.000,-0.000
cam1 intrinsics = 462.711,464.819,378.342,258.660 | -0.276,0.069,-0.000,-0.000
cam0 extrinsics = -0.008,0.006,0.702,0.712 | 0.053,-0.054,0.007
cam1 extrinsics = -0.003,0.011,0.703,0.711 | -0.068,-0.054,0.010
q_GtoI = -0.832,-0.043,-0.552,0.029 | p_IinG = 8.001,3.426,1.748 | dist = 32.56 (meters)
bg = -0.0033,0.0223,0.0766 | ba = -0.0147,-0.0008,0.0775
camera-imu timeoffset = 0.00010
cam0 intrinsics = 463.722,465.866,365.607,252.078 | -0.277,0.069,-0.000,-0.000
cam1 intrinsics = 462.700,464.781,378.326,258.647 | -0.276,0.069,-0.000,-0.000
cam0 extrinsics = -0.008,0.006,0.702,0.712 | 0.053,-0.054,0.007
cam1 extrinsics = -0.003,0.011,0.703,0.711 | -0.068,-0.054,0.010
q_GtoI = -0.826,-0.044,-0.561,0.028 | p_IinG = 7.940,3.345,1.695 | dist = 32.67 (meters)
bg = -0.0031,0.0223,0.0766 | ba = -0.0100,0.0045,0.0751
camera-imu timeoffset = 0.00009
cam0 intrinsics = 463.599,465.777,365.612,252.042 | -0.276,0.069,-0.000,-0.000
cam1 intrinsics = 462.573,464.690,378.341,258.615 | -0.276,0.069,-0.000,-0.000
cam0 extrinsics = -0.008,0.006,0.702,0.712 | 0.053,-0.055,0.005
cam1 extrinsics = -0.003,0.011,0.703,0.711 | -0.068,-0.055,0.008
q_GtoI = -0.820,-0.044,-0.570,0.029 | p_IinG = 7.887,3.261,1.647 | dist = 32.78 (meters)
bg = -0.0029,0.0225,0.0766 | ba = -0.0096,0.0065,0.0724
camera-imu timeoffset = 0.00009
cam0 intrinsics = 463.591,465.742,365.598,251.994 | -0.277,0.069,-0.000,-0.000
cam1 intrinsics = 462.566,464.655,378.328,258.568 | -0.276,0.069,-0.000,-0.000
cam0 extrinsics = -0.008,0.006,0.702,0.712 | 0.053,-0.056,0.005
cam1 extrinsics = -0.003,0.011,0.703,0.711 | -0.068,-0.056,0.008
q_GtoI = -0.815,-0.045,-0.577,0.027 | p_IinG = 7.836,3.178,1.599 | dist = 32.89 (meters)
bg = -0.0028,0.0226,0.0767 | ba = -0.0096,0.0084,0.0693
camera-imu timeoffset = 0.00010
cam0 intrinsics = 463.581,465.711,365.584,251.947 | -0.277,0.069,-0.000,-0.000
cam1 intrinsics = 462.556,464.622,378.317,258.521 | -0.276,0.069,-0.000,-0.000
cam0 extrinsics = -0.008,0.006,0.702,0.712 | 0.053,-0.057,0.005
cam1 extrinsics = -0.003,0.011,0.703,0.711 | -0.067,-0.056,0.008
q_GtoI = -0.811,-0.045,-0.582,0.026 | p_IinG = 7.785,3.096,1.549 | dist = 32.99 (meters)
bg = -0.0027,0.0228,0.0767 | ba = -0.0099,0.0103,0.0660
camera-imu timeoffset = 0.00011
cam0 intrinsics = 463.575,465.683,365.570,251.898 | -0.277,0.069,-0.000,-0.000
cam1 intrinsics = 462.549,464.594,378.304,258.473 | -0.276,0.069,-0.000,-0.000
cam0 extrinsics = -0.008,0.006,0.702,0.712 | 0.053,-0.057,0.005
cam1 extrinsics = -0.003,0.011,0.703,0.711 | -0.067,-0.057,0.008
q_GtoI = -0.810,-0.046,-0.585,0.025 | p_IinG = 7.738,3.015,1.501 | dist = 33.10 (meters)
bg = -0.0027,0.0230,0.0767 | ba = -0.0122,0.0106,0.0626
camera-imu timeoffset = 0.00011
cam0 intrinsics = 463.549,465.651,365.552,251.845 | -0.277,0.069,-0.000,-0.000
cam1 intrinsics = 462.525,464.562,378.289,258.426 | -0.276,0.069,-0.000,-0.000
cam0 extrinsics = -0.008,0.006,0.702,0.712 | 0.053,-0.058,0.004
cam1 extrinsics = -0.003,0.011,0.703,0.711 | -0.067,-0.058,0.007
q_GtoI = -0.810,-0.045,-0.584,0.024 | p_IinG = 7.692,2.935,1.452 | dist = 33.21 (meters)
bg = -0.0027,0.0233,0.0767 | ba = -0.0141,0.0122,0.0592
camera-imu timeoffset = 0.00011
cam0 intrinsics = 463.554,465.628,365.539,251.797 | -0.277,0.069,-0.000,-0.000
cam1 intrinsics = 462.532,464.541,378.276,258.380 | -0.276,0.069,-0.000,-0.000
cam0 extrinsics = -0.008,0.006,0.702,0.712 | 0.053,-0.059,0.003
cam1 extrinsics = -0.003,0.011,0.703,0.711 | -0.067,-0.059,0.006
q_GtoI = -0.809,-0.045,-0.585,0.023 | p_IinG = 7.648,2.854,1.398 | dist = 33.32 (meters)
bg = -0.0028,0.0232,0.0768 | ba = -0.0147,0.0124,0.0511
camera-imu timeoffset = 0.00011
cam0 intrinsics = 463.520,465.539,365.547,251.701 | -0.277,0.069,-0.000,-0.000
cam1 intrinsics = 462.499,464.452,378.287,258.293 | -0.276,0.069,-0.000,-0.000
cam0 extrinsics = -0.008,0.006,0.702,0.712 | 0.053,-0.060,0.002
cam1 extrinsics = -0.003,0.011,0.703,0.711 | -0.067,-0.060,0.005
q_GtoI = -0.811,-0.045,-0.583,0.022 | p_IinG = 7.598,2.774,1.350 | dist = 33.42 (meters)
bg = -0.0027,0.0232,0.0768 | ba = -0.0150,0.0135,0.0496
camera-imu timeoffset = 0.00011
cam0 intrinsics = 463.513,465.529,365.534,251.702 | -0.277,0.069,-0.000,-0.000
cam1 intrinsics = 462.493,464.443,378.276,258.294 | -0.276,0.069,-0.000,-0.000
cam0 extrinsics = -0.008,0.006,0.702,0.712 | 0.053,-0.060,0.002
cam1 extrinsics = -0.003,0.011,0.703,0.711 | -0.067,-0.060,0.005
q_GtoI = -0.812,-0.044,-0.581,0.021 | p_IinG = 7.549,2.694,1.303 | dist = 33.52 (meters)
bg = -0.0029,0.0233,0.0768 | ba = -0.0160,0.0144,0.0472
camera-imu timeoffset = 0.00011
cam0 intrinsics = 463.502,465.506,365.528,251.679 | -0.277,0.069,-0.000,-0.000
cam1 intrinsics = 462.483,464.420,378.274,258.271 | -0.276,0.069,-0.000,-0.000
cam0 extrinsics = -0.008,0.006,0.702,0.712 | 0.053,-0.060,0.002
cam1 extrinsics = -0.003,0.011,0.703,0.711 | -0.067,-0.060,0.005
q_GtoI = -0.814,-0.044,-0.578,0.020 | p_IinG = 7.501,2.617,1.258 | dist = 33.62 (meters)
bg = -0.0029,0.0233,0.0769 | ba = -0.0168,0.0154,0.0449
camera-imu timeoffset = 0.00011
cam0 intrinsics = 463.493,465.491,365.514,251.658 | -0.277,0.069,-0.000,-0.000
cam1 intrinsics = 462.476,464.407,378.265,258.251 | -0.276,0.069,-0.000,-0.000
cam0 extrinsics = -0.008,0.006,0.702,0.712 | 0.053,-0.060,0.002
cam1 extrinsics = -0.003,0.011,0.703,0.711 | -0.067,-0.059,0.005
q_GtoI = -0.816,-0.044,-0.576,0.018 | p_IinG = 7.453,2.542,1.215 | dist = 33.72 (meters)
bg = -0.0030,0.0232,0.0768 | ba = -0.0176,0.0169,0.0428
camera-imu timeoffset = 0.00011
cam0 intrinsics = 463.482,465.472,365.495,251.634 | -0.277,0.069,-0.000,-0.000
cam1 intrinsics = 462.468,464.390,378.250,258.229 | -0.276,0.069,-0.000,-0.000
cam0 extrinsics = -0.008,0.006,0.702,0.712 | 0.053,-0.059,0.003
cam1 extrinsics = -0.003,0.011,0.703,0.711 | -0.067,-0.059,0.006
q_GtoI = -0.818,-0.043,-0.574,0.017 | p_IinG = 7.405,2.469,1.176 | dist = 33.82 (meters)
bg = -0.0030,0.0230,0.0769 | ba = -0.0195,0.0182,0.0405
camera-imu timeoffset = 0.00011
cam0 intrinsics = 463.466,465.447,365.508,251.614 | -0.277,0.069,-0.000,-0.000
cam1 intrinsics = 462.453,464.366,378.265,258.209 | -0.276,0.069,-0.000,-0.000
cam0 extrinsics = -0.008,0.006,0.702,0.712 | 0.053,-0.059,0.003
cam1 extrinsics = -0.003,0.011,0.703,0.711 | -0.067,-0.058,0.006
q_GtoI = -0.819,-0.043,-0.572,0.015 | p_IinG = 7.359,2.399,1.138 | dist = 33.92 (meters)
bg = -0.0029,0.0228,0.0769 | ba = -0.0204,0.0197,0.0392
camera-imu timeoffset = 0.00011
cam0 intrinsics = 463.454,465.425,365.508,251.620 | -0.277,0.069,-0.000,-0.000
cam1 intrinsics = 462.444,464.344,378.269,258.216 | -0.276,0.069,-0.000,-0.000
cam0 extrinsics = -0.008,0.006,0.702,0.712 | 0.053,-0.058,0.003
cam1 extrinsics = -0.003,0.011,0.703,0.711 | -0.067,-0.058,0.006
q_GtoI = -0.821,-0.043,-0.569,0.014 | p_IinG = 7.314,2.331,1.102 | dist = 34.01 (meters)
bg = -0.0030,0.0227,0.0769 | ba = -0.0214,0.0216,0.0349
camera-imu timeoffset = 0.00011
cam0 intrinsics = 463.432,465.398,365.499,251.640 | -0.277,0.069,-0.000,-0.000
cam1 intrinsics = 462.424,464.321,378.264,258.239 | -0.276,0.069,-0.000,-0.000
cam0 extrinsics = -0.008,0.006,0.702,0.712 | 0.053,-0.057,0.003
cam1 extrinsics = -0.003,0.011,0.703,0.711 | -0.067,-0.057,0.006
q_GtoI = -0.823,-0.043,-0.566,0.013 | p_IinG = 7.270,2.262,1.069 | dist = 34.10 (meters)
bg = -0.0032,0.0226,0.0769 | ba = -0.0228,0.0222,0.0337
camera-imu timeoffset = 0.00012
cam0 intrinsics = 463.425,465.385,365.506,251.635 | -0.277,0.069,-0.000,-0.000
cam1 intrinsics = 462.419,464.309,378.273,258.234 | -0.276,0.069,-0.000,-0.000
cam0 extrinsics = -0.008,0.006,0.702,0.712 | 0.053,-0.057,0.004
cam1 extrinsics = -0.003,0.011,0.703,0.711 | -0.067,-0.057,0.007
q_GtoI = -0.824,-0.041,-0.564,0.015 | p_IinG = 7.227,2.193,1.040 | dist = 34.18 (meters)
bg = -0.0034,0.0226,0.0768 | ba = -0.0252,0.0212,0.0329
camera-imu timeoffset = 0.00012
cam0 intrinsics = 463.401,465.392,365.525,251.619 | -0.277,0.069,-0.000,-0.000
cam1 intrinsics = 462.395,464.317,378.296,258.219 | -0.276,0.069,-0.000,-0.000
cam0 extrinsics = -0.008,0.006,0.702,0.712 | 0.053,-0.056,0.004
cam1 extrinsics = -0.003,0.011,0.703,0.711 | -0.067,-0.056,0.007
q_GtoI = -0.825,-0.041,-0.564,0.016 | p_IinG = 7.187,2.127,1.011 | dist = 34.26 (meters)
bg = -0.0034,0.0226,0.0767 | ba = -0.0265,0.0209,0.0334
camera-imu timeoffset = 0.00012
cam0 intrinsics = 463.394,465.397,365.528,251.614 | -0.277,0.069,-0.000,-0.000
cam1 intrinsics = 462.388,464.323,378.305,258.214 | -0.276,0.069,-0.000,-0.000
cam0 extrinsics = -0.008,0.006,0.702,0.712 | 0.053,-0.056,0.004
cam1 extrinsics = -0.003,0.011,0.703,0.711 | -0.066,-0.056,0.007
q_GtoI = -0.825,-0.040,-0.563,0.015 | p_IinG = 7.147,2.059,0.984 | dist = 34.35 (meters)
bg = -0.0036,0.0225,0.0768 | ba = -0.0283,0.0204,0.0346
camera-imu timeoffset = 0.00012
cam0 intrinsics = 463.396,465.406,365.534,251.600 | -0.277,0.069,-0.000,-0.000
cam1 intrinsics = 462.391,464.333,378.313,258.200 | -0.276,0.069,-0.000,-0.000
cam0 extrinsics = -0.008,0.006,0.702,0.712 | 0.053,-0.056,0.004
cam1 extrinsics = -0.003,0.011,0.703,0.711 | -0.066,-0.056,0.007
q_GtoI = -0.826,-0.041,-0.563,0.015 | p_IinG = 7.109,1.992,0.962 | dist = 34.43 (meters)
bg = -0.0038,0.0225,0.0768 | ba = -0.0320,0.0184,0.0348
camera-imu timeoffset = 0.00012
cam0 intrinsics = 463.380,465.422,365.543,251.584 | -0.277,0.069,-0.000,-0.000
cam1 intrinsics = 462.376,464.351,378.330,258.187 | -0.276,0.069,-0.000,-0.000
cam0 extrinsics = -0.008,0.006,0.702,0.712 | 0.053,-0.056,0.005
cam1 extrinsics = -0.003,0.011,0.703,0.711 | -0.066,-0.055,0.008
q_GtoI = -0.825,-0.042,-0.563,0.012 | p_IinG = 7.072,1.925,0.939 | dist = 34.50 (meters)
bg = -0.0040,0.0225,0.0769 | ba = -0.0339,0.0176,0.0360
camera-imu timeoffset = 0.00012
cam0 intrinsics = 463.381,465.431,365.545,251.592 | -0.277,0.069,-0.000,-0.000
cam1 intrinsics = 462.378,464.361,378.335,258.194 | -0.276,0.069,-0.000,-0.000
cam0 extrinsics = -0.008,0.006,0.702,0.712 | 0.053,-0.056,0.005
cam1 extrinsics = -0.003,0.011,0.703,0.711 | -0.066,-0.055,0.008
q_GtoI = -0.825,-0.043,-0.564,0.012 | p_IinG = 7.036,1.861,0.917 | dist = 34.58 (meters)
bg = -0.0042,0.0224,0.0769 | ba = -0.0347,0.0177,0.0368
camera-imu timeoffset = 0.00012
cam0 intrinsics = 463.366,465.431,365.550,251.613 | -0.277,0.069,-0.000,-0.000
cam1 intrinsics = 462.365,464.363,378.345,258.215 | -0.276,0.069,-0.000,-0.000
cam0 extrinsics = -0.008,0.006,0.702,0.712 | 0.053,-0.056,0.005
cam1 extrinsics = -0.003,0.011,0.703,0.711 | -0.066,-0.055,0.008
q_GtoI = -0.824,-0.044,-0.564,0.011 | p_IinG = 7.000,1.798,0.901 | dist = 34.65 (meters)
bg = -0.0044,0.0225,0.0769 | ba = -0.0376,0.0170,0.0372
camera-imu timeoffset = 0.00012
cam0 intrinsics = 463.347,465.435,365.554,251.601 | -0.277,0.069,-0.000,-0.000
cam1 intrinsics = 462.348,464.369,378.354,258.206 | -0.276,0.069,-0.000,-0.000
cam0 extrinsics = -0.008,0.006,0.702,0.712 | 0.053,-0.055,0.005
cam1 extrinsics = -0.003,0.011,0.703,0.711 | -0.066,-0.055,0.008
q_GtoI = -0.824,-0.044,-0.565,0.011 | p_IinG = 6.966,1.741,0.885 | dist = 34.72 (meters)
bg = -0.0046,0.0223,0.0769 | ba = -0.0398,0.0170,0.0386
camera-imu timeoffset = 0.00013
cam0 intrinsics = 463.342,465.447,365.545,251.591 | -0.277,0.069,-0.000,-0.000
cam1 intrinsics = 462.343,464.380,378.357,258.201 | -0.276,0.069,-0.000,-0.000
cam0 extrinsics = -0.008,0.006,0.702,0.712 | 0.053,-0.055,0.005
cam1 extrinsics = -0.003,0.011,0.703,0.711 | -0.066,-0.054,0.008
q_GtoI = -0.824,-0.044,-0.565,0.010 | p_IinG = 6.932,1.681,0.869 | dist = 34.79 (meters)
bg = -0.0048,0.0223,0.0768 | ba = -0.0405,0.0169,0.0396
camera-imu timeoffset = 0.00013
cam0 intrinsics = 463.338,465.452,365.541,251.592 | -0.277,0.069,-0.000,-0.000
cam1 intrinsics = 462.340,464.386,378.358,258.202 | -0.276,0.069,-0.000,-0.000
cam0 extrinsics = -0.008,0.006,0.702,0.712 | 0.053,-0.055,0.005
cam1 extrinsics = -0.003,0.011,0.703,0.711 | -0.066,-0.054,0.008
q_GtoI = -0.824,-0.044,-0.565,0.010 | p_IinG = 6.898,1.624,0.853 | dist = 34.86 (meters)
bg = -0.0049,0.0223,0.0768 | ba = -0.0415,0.0171,0.0402
camera-imu timeoffset = 0.00012
cam0 intrinsics = 463.332,465.456,365.531,251.589 | -0.277,0.069,-0.000,-0.000
cam1 intrinsics = 462.336,464.390,378.353,258.199 | -0.276,0.069,-0.000,-0.000
cam0 extrinsics = -0.008,0.006,0.702,0.712 | 0.053,-0.055,0.005
cam1 extrinsics = -0.003,0.011,0.703,0.711 | -0.066,-0.054,0.008
q_GtoI = -0.825,-0.044,-0.564,0.010 | p_IinG = 6.865,1.568,0.837 | dist = 34.92 (meters)
bg = -0.0051,0.0222,0.0768 | ba = -0.0429,0.0173,0.0415
camera-imu timeoffset = 0.00012
cam0 intrinsics = 463.328,465.461,365.514,251.587 | -0.277,0.069,-0.000,-0.000
cam1 intrinsics = 462.335,464.403,378.350,258.207 | -0.276,0.069,-0.000,-0.000
cam0 extrinsics = -0.008,0.006,0.702,0.712 | 0.053,-0.055,0.005
cam1 extrinsics = -0.003,0.011,0.703,0.711 | -0.066,-0.054,0.008
q_GtoI = -0.825,-0.044,-0.563,0.010 | p_IinG = 6.833,1.515,0.819 | dist = 34.99 (meters)
bg = -0.0052,0.0221,0.0767 | ba = -0.0437,0.0179,0.0423
camera-imu timeoffset = 0.00012
cam0 intrinsics = 463.324,465.465,365.504,251.583 | -0.277,0.069,-0.000,-0.001
cam1 intrinsics = 462.333,464.409,378.345,258.204 | -0.276,0.069,-0.000,-0.000
cam0 extrinsics = -0.008,0.006,0.702,0.712 | 0.053,-0.055,0.005
cam1 extrinsics = -0.003,0.011,0.703,0.711 | -0.066,-0.054,0.008
q_GtoI = -0.825,-0.044,-0.563,0.010 | p_IinG = 6.802,1.462,0.799 | dist = 35.05 (meters)
bg = -0.0053,0.0221,0.0767 | ba = -0.0444,0.0187,0.0431
camera-imu timeoffset = 0.00012
cam0 intrinsics = 463.321,465.471,365.493,251.579 | -0.277,0.069,-0.000,-0.001
cam1 intrinsics = 462.331,464.416,378.338,258.202 | -0.276,0.069,-0.000,-0.000
cam0 extrinsics = -0.008,0.006,0.702,0.712 | 0.053,-0.055,0.005
cam1 extrinsics = -0.003,0.011,0.703,0.711 | -0.066,-0.054,0.008
q_GtoI = -0.826,-0.044,-0.562,0.010 | p_IinG = 6.772,1.411,0.779 | dist = 35.11 (meters)
bg = -0.0055,0.0220,0.0767 | ba = -0.0451,0.0196,0.0440
camera-imu timeoffset = 0.00012
cam0 intrinsics = 463.321,465.477,365.480,251.575 | -0.277,0.069,-0.000,-0.001
cam1 intrinsics = 462.332,464.424,378.328,258.200 | -0.276,0.069,-0.000,-0.000
cam0 extrinsics = -0.008,0.006,0.702,0.712 | 0.053,-0.054,0.005
cam1 extrinsics = -0.003,0.011,0.703,0.711 | -0.066,-0.054,0.008
q_GtoI = -0.827,-0.045,-0.561,0.009 | p_IinG = 6.742,1.362,0.758 | dist = 35.17 (meters)
bg = -0.0055,0.0219,0.0767 | ba = -0.0456,0.0204,0.0445
camera-imu timeoffset = 0.00012
cam0 intrinsics = 463.316,465.480,365.465,251.572 | -0.277,0.069,-0.000,-0.001
cam1 intrinsics = 462.328,464.428,378.317,258.198 | -0.276,0.069,-0.000,-0.000
cam0 extrinsics = -0.008,0.006,0.702,0.712 | 0.053,-0.054,0.005
cam1 extrinsics = -0.003,0.011,0.703,0.711 | -0.066,-0.054,0.008
q_GtoI = -0.827,-0.045,-0.560,0.009 | p_IinG = 6.716,1.316,0.737 | dist = 35.23 (meters)
bg = -0.0057,0.0218,0.0767 | ba = -0.0460,0.0215,0.0444
camera-imu timeoffset = 0.00012
cam0 intrinsics = 463.307,465.478,365.439,251.571 | -0.277,0.069,-0.000,-0.001
cam1 intrinsics = 462.323,464.430,378.300,258.202 | -0.276,0.069,-0.000,-0.000
cam0 extrinsics = -0.008,0.006,0.702,0.712 | 0.053,-0.054,0.005
cam1 extrinsics = -0.003,0.011,0.703,0.711 | -0.066,-0.054,0.008
q_GtoI = -0.828,-0.046,-0.559,0.008 | p_IinG = 6.689,1.270,0.715 | dist = 35.29 (meters)
bg = -0.0057,0.0217,0.0768 | ba = -0.0465,0.0224,0.0453
camera-imu timeoffset = 0.00012
cam0 intrinsics = 463.307,465.486,365.419,251.563 | -0.276,0.069,-0.000,-0.001
cam1 intrinsics = 462.325,464.440,378.282,258.197 | -0.276,0.069,-0.000,-0.000
cam0 extrinsics = -0.008,0.006,0.702,0.712 | 0.053,-0.054,0.005
cam1 extrinsics = -0.003,0.011,0.703,0.711 | -0.066,-0.054,0.008
q_GtoI = -0.829,-0.047,-0.558,0.008 | p_IinG = 6.663,1.221,0.692 | dist = 35.35 (meters)
bg = -0.0060,0.0217,0.0766 | ba = -0.0457,0.0230,0.0457
camera-imu timeoffset = 0.00013
cam0 intrinsics = 463.317,465.494,365.412,251.555 | -0.277,0.069,-0.000,-0.000
cam1 intrinsics = 462.331,464.446,378.272,258.194 | -0.276,0.069,-0.000,-0.000
cam0 extrinsics = -0.008,0.006,0.702,0.712 | 0.053,-0.054,0.005
cam1 extrinsics = -0.003,0.011,0.703,0.711 | -0.066,-0.054,0.008
q_GtoI = -0.829,-0.047,-0.557,0.009 | p_IinG = 6.639,1.176,0.672 | dist = 35.40 (meters)
bg = -0.0062,0.0215,0.0766 | ba = -0.0462,0.0230,0.0453
camera-imu timeoffset = 0.00012
cam0 intrinsics = 463.313,465.496,365.400,251.544 | -0.276,0.069,-0.000,-0.000
cam1 intrinsics = 462.328,464.450,378.262,258.185 | -0.276,0.069,-0.000,-0.000
cam0 extrinsics = -0.008,0.006,0.702,0.712 | 0.053,-0.054,0.005
cam1 extrinsics = -0.003,0.011,0.703,0.711 | -0.066,-0.054,0.008
q_GtoI = -0.828,-0.046,-0.558,0.010 | p_IinG = 6.619,1.141,0.657 | dist = 35.45 (meters)
bg = -0.0062,0.0215,0.0767 | ba = -0.0468,0.0251,0.0455
camera-imu timeoffset = 0.00012
cam0 intrinsics = 463.306,465.501,365.375,251.531 | -0.276,0.069,-0.000,-0.000
cam1 intrinsics = 462.324,464.455,378.241,258.176 | -0.276,0.069,-0.000,-0.000
cam0 extrinsics = -0.008,0.006,0.702,0.712 | 0.053,-0.054,0.005
cam1 extrinsics = -0.003,0.011,0.703,0.711 | -0.066,-0.054,0.008
q_GtoI = -0.829,-0.045,-0.558,0.011 | p_IinG = 6.597,1.102,0.642 | dist = 35.50 (meters)
bg = -0.0063,0.0214,0.0767 | ba = -0.0472,0.0263,0.0443
camera-imu timeoffset = 0.00012
cam0 intrinsics = 463.298,465.501,365.364,251.524 | -0.276,0.069,-0.000,-0.000
cam1 intrinsics = 462.317,464.456,378.229,258.172 | -0.276,0.069,-0.000,-0.000
cam0 extrinsics = -0.008,0.006,0.702,0.712 | 0.054,-0.054,0.005
cam1 extrinsics = -0.003,0.011,0.703,0.711 | -0.066,-0.054,0.008
q_GtoI = -0.828,-0.047,-0.558,0.009 | p_IinG = 6.577,1.065,0.629 | dist = 35.54 (meters)
bg = -0.0063,0.0214,0.0766 | ba = -0.0477,0.0273,0.0434
camera-imu timeoffset = 0.00012
cam0 intrinsics = 463.289,465.499,365.350,251.521 | -0.276,0.069,-0.000,-0.000
cam1 intrinsics = 462.310,464.455,378.215,258.173 | -0.276,0.069,-0.000,-0.000
cam0 extrinsics = -0.008,0.006,0.702,0.712 | 0.054,-0.054,0.005
cam1 extrinsics = -0.003,0.011,0.703,0.711 | -0.066,-0.054,0.008
q_GtoI = -0.828,-0.047,-0.559,0.009 | p_IinG = 6.558,1.032,0.618 | dist = 35.59 (meters)
bg = -0.0063,0.0213,0.0767 | ba = -0.0481,0.0288,0.0430
camera-imu timeoffset = 0.00012
cam0 intrinsics = 463.279,465.497,365.332,251.517 | -0.276,0.069,-0.000,-0.000
cam1 intrinsics = 462.302,464.459,378.208,258.179 | -0.276,0.069,-0.000,-0.000
cam0 extrinsics = -0.008,0.006,0.702,0.712 | 0.054,-0.054,0.005
cam1 extrinsics = -0.003,0.011,0.703,0.711 | -0.066,-0.054,0.008
q_GtoI = -0.827,-0.047,-0.560,0.009 | p_IinG = 6.540,0.999,0.610 | dist = 35.63 (meters)
bg = -0.0063,0.0213,0.0768 | ba = -0.0485,0.0305,0.0426
camera-imu timeoffset = 0.00012
cam0 intrinsics = 463.270,465.493,365.319,251.521 | -0.276,0.069,-0.000,-0.000
cam1 intrinsics = 462.295,464.457,378.195,258.186 | -0.276,0.069,-0.000,-0.000
cam0 extrinsics = -0.008,0.006,0.702,0.712 | 0.054,-0.054,0.005
cam1 extrinsics = -0.003,0.011,0.703,0.711 | -0.066,-0.054,0.008
q_GtoI = -0.828,-0.048,-0.559,0.008 | p_IinG = 6.523,0.968,0.603 | dist = 35.67 (meters)
bg = -0.0063,0.0212,0.0769 | ba = -0.0491,0.0321,0.0425
camera-imu timeoffset = 0.00012
cam0 intrinsics = 463.260,465.493,365.304,251.521 | -0.276,0.069,-0.000,-0.000
cam1 intrinsics = 462.288,464.461,378.182,258.192 | -0.276,0.069,-0.000,-0.000
cam0 extrinsics = -0.008,0.006,0.702,0.712 | 0.054,-0.054,0.005
cam1 extrinsics = -0.003,0.011,0.703,0.711 | -0.066,-0.054,0.008
q_GtoI = -0.827,-0.048,-0.559,0.008 | p_IinG = 6.507,0.938,0.598 | dist = 35.70 (meters)
bg = -0.0063,0.0213,0.0769 | ba = -0.0496,0.0339,0.0422
camera-imu timeoffset = 0.00012
cam0 intrinsics = 463.253,465.493,365.291,251.523 | -0.276,0.069,-0.000,-0.000
cam1 intrinsics = 462.283,464.462,378.168,258.198 | -0.276,0.069,-0.000,-0.000
cam0 extrinsics = -0.008,0.006,0.702,0.712 | 0.054,-0.054,0.005
cam1 extrinsics = -0.003,0.011,0.703,0.711 | -0.066,-0.054,0.008
q_GtoI = -0.828,-0.049,-0.558,0.007 | p_IinG = 6.492,0.910,0.595 | dist = 35.74 (meters)
bg = -0.0063,0.0212,0.0769 | ba = -0.0501,0.0356,0.0418
camera-imu timeoffset = 0.00012
cam0 intrinsics = 463.249,465.495,365.273,251.519 | -0.276,0.069,-0.000,-0.000
cam1 intrinsics = 462.280,464.467,378.151,258.198 | -0.276,0.069,-0.000,-0.000
cam0 extrinsics = -0.008,0.006,0.702,0.712 | 0.054,-0.054,0.005
cam1 extrinsics = -0.003,0.011,0.703,0.711 | -0.066,-0.054,0.008
q_GtoI = -0.829,-0.049,-0.557,0.006 | p_IinG = 6.479,0.887,0.591 | dist = 35.77 (meters)
bg = -0.0064,0.0212,0.0769 | ba = -0.0499,0.0381,0.0410
camera-imu timeoffset = 0.00012
cam0 intrinsics = 463.243,465.498,365.238,251.515 | -0.276,0.069,-0.000,-0.000
cam1 intrinsics = 462.279,464.475,378.125,258.197 | -0.276,0.069,-0.000,-0.000
cam0 extrinsics = -0.008,0.006,0.702,0.712 | 0.054,-0.054,0.005
cam1 extrinsics = -0.003,0.011,0.703,0.711 | -0.066,-0.054,0.008
q_GtoI = -0.830,-0.050,-0.556,0.005 | p_IinG = 6.465,0.861,0.586 | dist = 35.80 (meters)
bg = -0.0064,0.0212,0.0769 | ba = -0.0501,0.0394,0.0406
camera-imu timeoffset = 0.00012
cam0 intrinsics = 463.242,465.507,365.216,251.505 | -0.276,0.069,-0.000,-0.000
cam1 intrinsics = 462.280,464.486,378.104,258.191 | -0.276,0.069,-0.000,-0.000
cam0 extrinsics = -0.008,0.006,0.702,0.712 | 0.054,-0.054,0.005
cam1 extrinsics = -0.003,0.011,0.703,0.711 | -0.065,-0.054,0.008
q_GtoI = -0.829,-0.050,-0.556,0.005 | p_IinG = 6.453,0.838,0.580 | dist = 35.83 (meters)
bg = -0.0064,0.0211,0.0769 | ba = -0.0497,0.0409,0.0393
camera-imu timeoffset = 0.00012
cam0 intrinsics = 463.240,465.510,365.192,251.501 | -0.276,0.069,-0.000,-0.000
cam1 intrinsics = 462.279,464.492,378.082,258.192 | -0.276,0.069,-0.000,-0.000
cam0 extrinsics = -0.008,0.006,0.702,0.712 | 0.054,-0.054,0.005
cam1 extrinsics = -0.003,0.011,0.703,0.711 | -0.065,-0.054,0.008
q_GtoI = -0.829,-0.050,-0.557,0.004 | p_IinG = 6.442,0.816,0.573 | dist = 35.86 (meters)
bg = -0.0064,0.0210,0.0770 | ba = -0.0504,0.0422,0.0383
camera-imu timeoffset = 0.00012
cam0 intrinsics = 463.239,465.515,365.169,251.493 | -0.276,0.069,-0.000,-0.000
cam1 intrinsics = 462.280,464.500,378.061,258.186 | -0.276,0.069,-0.000,-0.000
cam0 extrinsics = -0.008,0.006,0.702,0.712 | 0.054,-0.054,0.005
cam1 extrinsics = -0.003,0.011,0.703,0.711 | -0.065,-0.054,0.008
q_GtoI = -0.828,-0.050,-0.558,0.004 | p_IinG = 6.435,0.801,0.565 | dist = 35.88 (meters)
bg = -0.0064,0.0211,0.0769 | ba = -0.0504,0.0449,0.0371
camera-imu timeoffset = 0.00012
cam0 intrinsics = 463.229,465.521,365.134,251.480 | -0.276,0.069,-0.000,-0.000
cam1 intrinsics = 462.274,464.509,378.030,258.179 | -0.276,0.069,-0.000,-0.000
cam0 extrinsics = -0.008,0.006,0.702,0.712 | 0.054,-0.054,0.005
cam1 extrinsics = -0.003,0.011,0.703,0.711 | -0.065,-0.054,0.008
q_GtoI = -0.828,-0.050,-0.559,0.004 | p_IinG = 6.426,0.783,0.556 | dist = 35.90 (meters)
bg = -0.0063,0.0212,0.0770 | ba = -0.0508,0.0463,0.0361
camera-imu timeoffset = 0.00012
cam0 intrinsics = 463.226,465.522,365.115,251.478 | -0.276,0.069,-0.000,-0.000
cam1 intrinsics = 462.272,464.512,378.011,258.181 | -0.276,0.069,-0.000,-0.000
cam0 extrinsics = -0.008,0.006,0.702,0.712 | 0.054,-0.054,0.005
cam1 extrinsics = -0.003,0.011,0.703,0.711 | -0.065,-0.054,0.008
q_GtoI = -0.827,-0.051,-0.560,0.004 | p_IinG = 6.418,0.767,0.546 | dist = 35.93 (meters)
bg = -0.0063,0.0212,0.0770 | ba = -0.0512,0.0481,0.0350
camera-imu timeoffset = 0.00012
cam0 intrinsics = 463.223,465.521,365.095,251.479 | -0.276,0.069,-0.000,-0.000
cam1 intrinsics = 462.271,464.514,377.992,258.188 | -0.276,0.069,-0.000,-0.000
cam0 extrinsics = -0.008,0.006,0.702,0.712 | 0.054,-0.054,0.005
cam1 extrinsics = -0.003,0.011,0.703,0.711 | -0.065,-0.054,0.008
q_GtoI = -0.827,-0.051,-0.560,0.003 | p_IinG = 6.412,0.753,0.537 | dist = 35.95 (meters)
bg = -0.0063,0.0212,0.0771 | ba = -0.0524,0.0500,0.0337
camera-imu timeoffset = 0.00012
cam0 intrinsics = 463.219,465.522,365.073,251.480 | -0.276,0.069,-0.000,-0.000
cam1 intrinsics = 462.267,464.514,377.970,258.190 | -0.276,0.069,-0.000,-0.000
cam0 extrinsics = -0.008,0.006,0.702,0.712 | 0.054,-0.054,0.005
cam1 extrinsics = -0.003,0.011,0.703,0.711 | -0.065,-0.054,0.008
q_GtoI = -0.826,-0.050,-0.561,0.004 | p_IinG = 6.406,0.741,0.529 | dist = 35.97 (meters)
bg = -0.0062,0.0213,0.0771 | ba = -0.0532,0.0517,0.0324
camera-imu timeoffset = 0.00012
cam0 intrinsics = 463.214,465.518,365.055,251.484 | -0.276,0.069,-0.000,-0.000
cam1 intrinsics = 462.264,464.512,377.952,258.198 | -0.276,0.069,-0.000,-0.000
cam0 extrinsics = -0.008,0.006,0.702,0.712 | 0.055,-0.054,0.005
cam1 extrinsics = -0.003,0.011,0.703,0.711 | -0.065,-0.054,0.008
q_GtoI = -0.826,-0.050,-0.562,0.004 | p_IinG = 6.401,0.730,0.523 | dist = 35.98 (meters)
bg = -0.0062,0.0213,0.0772 | ba = -0.0545,0.0536,0.0312
camera-imu timeoffset = 0.00012
cam0 intrinsics = 463.207,465.513,365.035,251.488 | -0.276,0.069,-0.000,-0.000
cam1 intrinsics = 462.261,464.513,377.934,258.211 | -0.276,0.069,-0.000,-0.000
cam0 extrinsics = -0.008,0.006,0.702,0.712 | 0.055,-0.054,0.005
cam1 extrinsics = -0.003,0.011,0.703,0.711 | -0.065,-0.054,0.008
q_GtoI = -0.825,-0.050,-0.563,0.003 | p_IinG = 6.396,0.721,0.519 | dist = 36.00 (meters)
bg = -0.0061,0.0214,0.0772 | ba = -0.0559,0.0554,0.0296
camera-imu timeoffset = 0.00012
cam0 intrinsics = 463.202,465.509,365.016,251.493 | -0.276,0.069,-0.000,-0.000
cam1 intrinsics = 462.258,464.512,377.916,258.220 | -0.276,0.069,-0.000,-0.000
cam0 extrinsics = -0.008,0.006,0.702,0.712 | 0.055,-0.054,0.005
cam1 extrinsics = -0.003,0.011,0.703,0.711 | -0.065,-0.054,0.008
q_GtoI = -0.825,-0.051,-0.563,0.003 | p_IinG = 6.392,0.713,0.517 | dist = 36.01 (meters)
bg = -0.0061,0.0214,0.0771 | ba = -0.0574,0.0571,0.0279
camera-imu timeoffset = 0.00012
cam0 intrinsics = 463.199,465.506,364.997,251.499 | -0.276,0.069,-0.000,-0.000
cam1 intrinsics = 462.257,464.512,377.899,258.232 | -0.276,0.069,-0.000,-0.000
cam0 extrinsics = -0.008,0.006,0.702,0.712 | 0.055,-0.054,0.005
cam1 extrinsics = -0.003,0.011,0.703,0.711 | -0.064,-0.054,0.008
q_GtoI = -0.824,-0.051,-0.564,0.004 | p_IinG = 6.389,0.710,0.516 | dist = 36.02 (meters)
bg = -0.0060,0.0214,0.0770 | ba = -0.0581,0.0593,0.0258
camera-imu timeoffset = 0.00012
cam0 intrinsics = 463.196,465.505,364.981,251.485 | -0.276,0.069,-0.000,-0.000
cam1 intrinsics = 462.257,464.514,377.885,258.217 | -0.276,0.069,-0.000,-0.000
cam0 extrinsics = -0.008,0.006,0.702,0.712 | 0.055,-0.054,0.005
cam1 extrinsics = -0.003,0.011,0.703,0.711 | -0.064,-0.054,0.008
q_GtoI = -0.823,-0.051,-0.565,0.002 | p_IinG = 6.392,0.722,0.517 | dist = 36.02 (meters)
bg = -0.0059,0.0213,0.0768 | ba = -0.0582,0.0664,0.0186
camera-imu timeoffset = 0.00012
cam0 intrinsics = 463.156,465.485,364.950,251.447 | -0.276,0.069,-0.000,-0.000
cam1 intrinsics = 462.214,464.495,377.835,258.191 | -0.276,0.069,-0.000,-0.000
cam0 extrinsics = -0.008,0.006,0.702,0.712 | 0.055,-0.054,0.005
cam1 extrinsics = -0.003,0.011,0.703,0.711 | -0.064,-0.054,0.008
q_GtoI = -0.823,-0.051,-0.566,0.003 | p_IinG = 6.389,0.720,0.518 | dist = 36.03 (meters)
bg = -0.0057,0.0214,0.0769 | ba = -0.0586,0.0677,0.0178
camera-imu timeoffset = 0.00012
cam0 intrinsics = 463.156,465.486,364.944,251.437 | -0.276,0.069,-0.000,-0.000
cam1 intrinsics = 462.216,464.497,377.830,258.184 | -0.276,0.069,-0.000,-0.000
cam0 extrinsics = -0.008,0.006,0.702,0.712 | 0.055,-0.054,0.005
cam1 extrinsics = -0.003,0.011,0.703,0.711 | -0.064,-0.054,0.008
q_GtoI = -0.822,-0.050,-0.567,0.004 | p_IinG = 6.386,0.719,0.519 | dist = 36.03 (meters)
bg = -0.0056,0.0214,0.0769 | ba = -0.0596,0.0691,0.0171
camera-imu timeoffset = 0.00012
cam0 intrinsics = 463.158,465.488,364.938,251.428 | -0.276,0.069,-0.000,-0.000
cam1 intrinsics = 462.218,464.500,377.825,258.177 | -0.276,0.069,-0.000,-0.000
cam0 extrinsics = -0.008,0.006,0.702,0.712 | 0.055,-0.054,0.005
cam1 extrinsics = -0.003,0.011,0.703,0.711 | -0.064,-0.054,0.008
q_GtoI = -0.821,-0.050,-0.568,0.005 | p_IinG = 6.384,0.723,0.520 | dist = 36.03 (meters)
bg = -0.0055,0.0214,0.0769 | ba = -0.0612,0.0715,0.0164
camera-imu timeoffset = 0.00012
cam0 intrinsics = 463.159,465.489,364.929,251.416 | -0.276,0.069,-0.000,-0.000
cam1 intrinsics = 462.219,464.501,377.817,258.168 | -0.276,0.069,-0.000,-0.000
cam0 extrinsics = -0.008,0.006,0.702,0.712 | 0.055,-0.054,0.005
cam1 extrinsics = -0.003,0.011,0.703,0.711 | -0.064,-0.054,0.008
q_GtoI = -0.821,-0.049,-0.568,0.006 | p_IinG = 6.383,0.725,0.519 | dist = 36.03 (meters)
bg = -0.0054,0.0213,0.0770 | ba = -0.0622,0.0729,0.0156
camera-imu timeoffset = 0.00012
cam0 intrinsics = 463.160,465.489,364.925,251.410 | -0.276,0.069,-0.000,-0.000
cam1 intrinsics = 462.221,464.503,377.814,258.165 | -0.276,0.069,-0.000,-0.000
cam0 extrinsics = -0.008,0.006,0.702,0.712 | 0.055,-0.054,0.005
cam1 extrinsics = -0.003,0.011,0.703,0.711 | -0.064,-0.054,0.008
q_GtoI = -0.822,-0.047,-0.568,0.008 | p_IinG = 6.382,0.729,0.516 | dist = 36.04 (meters)
bg = -0.0053,0.0213,0.0770 | ba = -0.0631,0.0743,0.0149
camera-imu timeoffset = 0.00012
cam0 intrinsics = 463.160,465.488,364.922,251.405 | -0.276,0.069,-0.000,-0.000
cam1 intrinsics = 462.221,464.503,377.811,258.162 | -0.276,0.069,-0.000,-0.000
cam0 extrinsics = -0.008,0.006,0.702,0.712 | 0.055,-0.054,0.005
cam1 extrinsics = -0.003,0.010,0.703,0.711 | -0.064,-0.054,0.008
q_GtoI = -0.822,-0.046,-0.568,0.011 | p_IinG = 6.381,0.735,0.512 | dist = 36.04 (meters)
bg = -0.0052,0.0213,0.0770 | ba = -0.0641,0.0756,0.0140
camera-imu timeoffset = 0.00011
cam0 intrinsics = 463.159,465.486,364.918,251.401 | -0.276,0.069,-0.000,-0.000
cam1 intrinsics = 462.221,464.502,377.807,258.161 | -0.276,0.069,-0.000,-0.000
cam0 extrinsics = -0.008,0.006,0.702,0.712 | 0.055,-0.054,0.005
cam1 extrinsics = -0.003,0.010,0.703,0.711 | -0.064,-0.054,0.008
q_GtoI = -0.822,-0.044,-0.568,0.014 | p_IinG = 6.380,0.741,0.507 | dist = 36.05 (meters)
bg = -0.0050,0.0214,0.0770 | ba = -0.0646,0.0769,0.0134
camera-imu timeoffset = 0.00011
cam0 intrinsics = 463.158,465.482,364.914,251.396 | -0.276,0.069,-0.000,-0.000
cam1 intrinsics = 462.221,464.499,377.802,258.159 | -0.276,0.069,-0.000,-0.000
cam0 extrinsics = -0.008,0.006,0.702,0.712 | 0.056,-0.054,0.005
cam1 extrinsics = -0.003,0.011,0.703,0.711 | -0.064,-0.054,0.008
q_GtoI = -0.822,-0.041,-0.568,0.018 | p_IinG = 6.380,0.749,0.501 | dist = 36.06 (meters)
bg = -0.0049,0.0214,0.0769 | ba = -0.0654,0.0781,0.0130
camera-imu timeoffset = 0.00011
cam0 intrinsics = 463.157,465.477,364.911,251.391 | -0.276,0.069,-0.000,-0.000
cam1 intrinsics = 462.221,464.495,377.798,258.157 | -0.276,0.069,-0.000,-0.000
cam0 extrinsics = -0.008,0.006,0.702,0.712 | 0.056,-0.054,0.005
cam1 extrinsics = -0.003,0.011,0.703,0.711 | -0.064,-0.054,0.008
q_GtoI = -0.822,-0.037,-0.568,0.023 | p_IinG = 6.381,0.757,0.494 | dist = 36.07 (meters)
bg = -0.0047,0.0215,0.0770 | ba = -0.0662,0.0794,0.0128
camera-imu timeoffset = 0.00011
cam0 intrinsics = 463.158,465.469,364.907,251.387 | -0.277,0.069,-0.000,-0.000
cam1 intrinsics = 462.223,464.489,377.794,258.156 | -0.276,0.069,-0.000,-0.000
cam0 extrinsics = -0.008,0.006,0.702,0.712 | 0.056,-0.055,0.005
cam1 extrinsics = -0.003,0.011,0.703,0.711 | -0.064,-0.054,0.008
q_GtoI = -0.822,-0.034,-0.568,0.024 | p_IinG = 6.382,0.765,0.485 | dist = 36.08 (meters)
bg = -0.0046,0.0215,0.0770 | ba = -0.0669,0.0808,0.0127
camera-imu timeoffset = 0.00011
cam0 intrinsics = 463.158,465.463,364.905,251.384 | -0.277,0.069,-0.000,-0.000
cam1 intrinsics = 462.224,464.484,377.790,258.156 | -0.276,0.069,-0.000,-0.000
cam0 extrinsics = -0.008,0.006,0.702,0.712 | 0.056,-0.055,0.005
cam1 extrinsics = -0.003,0.011,0.703,0.711 | -0.064,-0.054,0.008
q_GtoI = -0.822,-0.027,-0.568,0.026 | p_IinG = 6.383,0.773,0.475 | dist = 36.09 (meters)
bg = -0.0046,0.0215,0.0770 | ba = -0.0673,0.0820,0.0127
camera-imu timeoffset = 0.00011
cam0 intrinsics = 463.159,465.458,364.904,251.382 | -0.277,0.069,-0.000,-0.000
cam1 intrinsics = 462.226,464.480,377.787,258.158 | -0.276,0.069,-0.000,-0.000
cam0 extrinsics = -0.008,0.006,0.702,0.712 | 0.056,-0.055,0.005
cam1 extrinsics = -0.003,0.011,0.703,0.711 | -0.064,-0.054,0.008
q_GtoI = -0.823,-0.018,-0.567,0.029 | p_IinG = 6.387,0.778,0.465 | dist = 36.11 (meters)
bg = -0.0046,0.0216,0.0770 | ba = -0.0687,0.0814,0.0125
camera-imu timeoffset = 0.00011
cam0 intrinsics = 463.169,465.442,364.901,251.375 | -0.277,0.069,-0.000,-0.000
cam1 intrinsics = 462.239,464.467,377.784,258.156 | -0.276,0.069,-0.000,-0.000
cam0 extrinsics = -0.008,0.006,0.702,0.712 | 0.056,-0.055,0.005
cam1 extrinsics = -0.003,0.011,0.703,0.711 | -0.063,-0.054,0.008
q_GtoI = -0.823,-0.005,-0.567,0.033 | p_IinG = 6.390,0.783,0.451 | dist = 36.12 (meters)
bg = -0.0046,0.0216,0.0771 | ba = -0.0686,0.0817,0.0124
camera-imu timeoffset = 0.00011
cam0 intrinsics = 463.174,465.431,364.897,251.378 | -0.277,0.069,-0.000,-0.000
cam1 intrinsics = 462.244,464.457,377.778,258.162 | -0.276,0.069,-0.000,-0.000
cam0 extrinsics = -0.008,0.006,0.702,0.712 | 0.056,-0.055,0.005
cam1 extrinsics = -0.003,0.011,0.703,0.711 | -0.063,-0.054,0.008
q_GtoI = -0.823,0.009,-0.567,0.036 | p_IinG = 6.392,0.787,0.435 | dist = 36.14 (meters)
bg = -0.0045,0.0215,0.0771 | ba = -0.0671,0.0820,0.0133
camera-imu timeoffset = 0.00011
cam0 intrinsics = 463.188,465.420,364.902,251.379 | -0.277,0.069,-0.000,-0.000
cam1 intrinsics = 462.259,464.447,377.782,258.166 | -0.276,0.069,-0.000,-0.000
cam0 extrinsics = -0.008,0.006,0.702,0.712 | 0.056,-0.055,0.005
cam1 extrinsics = -0.003,0.011,0.703,0.711 | -0.064,-0.054,0.008
q_GtoI = -0.822,0.024,-0.568,0.037 | p_IinG = 6.392,0.789,0.417 | dist = 36.15 (meters)
bg = -0.0045,0.0215,0.0772 | ba = -0.0653,0.0818,0.0138
camera-imu timeoffset = 0.00011
cam0 intrinsics = 463.195,465.415,364.907,251.379 | -0.277,0.069,-0.000,-0.000
cam1 intrinsics = 462.267,464.443,377.785,258.168 | -0.276,0.069,-0.000,-0.000
cam0 extrinsics = -0.008,0.006,0.702,0.712 | 0.055,-0.054,0.005
cam1 extrinsics = -0.003,0.011,0.703,0.711 | -0.064,-0.054,0.008
q_GtoI = -0.820,0.038,-0.570,0.035 | p_IinG = 6.393,0.787,0.397 | dist = 36.17 (meters)
bg = -0.0045,0.0215,0.0772 | ba = -0.0633,0.0816,0.0140
camera-imu timeoffset = 0.00011
cam0 intrinsics = 463.198,465.409,364.908,251.377 | -0.277,0.069,-0.000,-0.000
cam1 intrinsics = 462.270,464.437,377.784,258.167 | -0.277,0.069,-0.000,-0.000
cam0 extrinsics = -0.008,0.006,0.702,0.712 | 0.055,-0.054,0.004
cam1 extrinsics = -0.003,0.011,0.703,0.711 | -0.064,-0.054,0.008
q_GtoI = -0.816,0.052,-0.575,0.032 | p_IinG = 6.392,0.783,0.378 | dist = 36.19 (meters)
bg = -0.0046,0.0216,0.0773 | ba = -0.0614,0.0808,0.0142
camera-imu timeoffset = 0.00010
cam0 intrinsics = 463.197,465.400,364.901,251.371 | -0.277,0.069,-0.000,-0.000
cam1 intrinsics = 462.269,464.428,377.775,258.164 | -0.277,0.069,-0.000,-0.000
cam0 extrinsics = -0.008,0.006,0.702,0.712 | 0.055,-0.054,0.004
cam1 extrinsics = -0.003,0.011,0.703,0.711 | -0.065,-0.053,0.008
q_GtoI = -0.811,0.066,-0.580,0.029 | p_IinG = 6.393,0.775,0.357 | dist = 36.21 (meters)
bg = -0.0048,0.0217,0.0773 | ba = -0.0594,0.0802,0.0129
camera-imu timeoffset = 0.00010
cam0 intrinsics = 463.186,465.403,364.888,251.367 | -0.277,0.069,-0.000,-0.000
cam1 intrinsics = 462.257,464.431,377.759,258.159 | -0.277,0.069,-0.000,-0.000
cam0 extrinsics = -0.008,0.006,0.702,0.712 | 0.055,-0.053,0.005
cam1 extrinsics = -0.003,0.011,0.703,0.711 | -0.065,-0.053,0.008
q_GtoI = -0.806,0.080,-0.586,0.024 | p_IinG = 6.394,0.764,0.336 | dist = 36.23 (meters)
bg = -0.0048,0.0219,0.0771 | ba = -0.0576,0.0807,0.0111
camera-imu timeoffset = 0.00010
cam0 intrinsics = 463.187,465.414,364.882,251.358 | -0.277,0.069,-0.000,-0.000
cam1 intrinsics = 462.258,464.441,377.751,258.151 | -0.277,0.069,-0.000,-0.000
cam0 extrinsics = -0.008,0.006,0.702,0.712 | 0.055,-0.053,0.005
cam1 extrinsics = -0.003,0.011,0.703,0.711 | -0.064,-0.053,0.008
q_GtoI = -0.802,0.092,-0.590,0.018 | p_IinG = 6.395,0.750,0.316 | dist = 36.25 (meters)
bg = -0.0050,0.0221,0.0770 | ba = -0.0567,0.0804,0.0095
camera-imu timeoffset = 0.00010
cam0 intrinsics = 463.189,465.431,364.858,251.364 | -0.277,0.069,-0.000,-0.000
cam1 intrinsics = 462.258,464.457,377.723,258.159 | -0.277,0.069,-0.000,-0.000
cam0 extrinsics = -0.008,0.006,0.702,0.712 | 0.055,-0.053,0.005
cam1 extrinsics = -0.003,0.011,0.703,0.711 | -0.064,-0.053,0.008
q_GtoI = -0.798,0.103,-0.593,0.011 | p_IinG = 6.397,0.732,0.295 | dist = 36.28 (meters)
bg = -0.0051,0.0223,0.0769 | ba = -0.0561,0.0803,0.0078
camera-imu timeoffset = 0.00010
cam0 intrinsics = 463.184,465.452,364.850,251.347 | -0.277,0.069,-0.000,-0.000
cam1 intrinsics = 462.253,464.478,377.713,258.140 | -0.277,0.069,-0.000,-0.000
cam0 extrinsics = -0.008,0.006,0.702,0.712 | 0.055,-0.053,0.005
cam1 extrinsics = -0.003,0.011,0.703,0.712 | -0.064,-0.053,0.008
q_GtoI = -0.796,0.114,-0.595,0.004 | p_IinG = 6.397,0.713,0.274 | dist = 36.31 (meters)
bg = -0.0051,0.0225,0.0768 | ba = -0.0557,0.0812,0.0070
camera-imu timeoffset = 0.00010
cam0 intrinsics = 463.177,465.468,364.856,251.335 | -0.277,0.069,-0.000,-0.000
cam1 intrinsics = 462.246,464.494,377.717,258.128 | -0.277,0.069,-0.000,-0.000
cam0 extrinsics = -0.008,0.006,0.702,0.712 | 0.055,-0.053,0.005
cam1 extrinsics = -0.003,0.011,0.703,0.712 | -0.064,-0.053,0.008
q_GtoI = 0.794,-0.125,0.595,0.003 | p_IinG = 6.387,0.693,0.253 | dist = 36.34 (meters)
bg = -0.0050,0.0226,0.0768 | ba = -0.0550,0.0811,0.0115
camera-imu timeoffset = 0.00010
cam0 intrinsics = 463.200,465.500,364.848,251.355 | -0.277,0.069,-0.000,-0.000
cam1 intrinsics = 462.267,464.524,377.707,258.140 | -0.277,0.069,-0.000,-0.000
cam0 extrinsics = -0.008,0.006,0.702,0.712 | 0.054,-0.052,0.005
cam1 extrinsics = -0.003,0.011,0.703,0.712 | -0.065,-0.052,0.008
q_GtoI = 0.795,-0.133,0.592,0.014 | p_IinG = 6.382,0.670,0.234 | dist = 36.37 (meters)
bg = -0.0047,0.0226,0.0771 | ba = -0.0574,0.0792,0.0211
camera-imu timeoffset = 0.00012
cam0 intrinsics = 463.227,465.528,364.895,251.386 | -0.277,0.069,-0.000,-0.000
cam1 intrinsics = 462.291,464.549,377.754,258.160 | -0.277,0.069,-0.000,-0.000
cam0 extrinsics = -0.008,0.006,0.702,0.712 | 0.053,-0.052,0.004
cam1 extrinsics = -0.003,0.011,0.702,0.712 | -0.066,-0.051,0.007
q_GtoI = 0.796,-0.140,0.588,0.024 | p_IinG = 6.374,0.641,0.212 | dist = 36.41 (meters)
bg = -0.0047,0.0226,0.0771 | ba = -0.0588,0.0774,0.0224
camera-imu timeoffset = 0.00011
cam0 intrinsics = 463.241,465.543,364.907,251.391 | -0.277,0.069,-0.000,-0.000
cam1 intrinsics = 462.303,464.562,377.767,258.160 | -0.277,0.069,-0.000,-0.000
cam0 extrinsics = -0.008,0.006,0.702,0.712 | 0.053,-0.052,0.004
cam1 extrinsics = -0.003,0.011,0.702,0.712 | -0.066,-0.052,0.007
q_GtoI = 0.798,-0.145,0.584,0.036 | p_IinG = 6.364,0.610,0.194 | dist = 36.45 (meters)
bg = -0.0046,0.0227,0.0772 | ba = -0.0598,0.0763,0.0236
camera-imu timeoffset = 0.00012
cam0 intrinsics = 463.249,465.556,364.920,251.389 | -0.277,0.069,-0.000,-0.000
cam1 intrinsics = 462.311,464.574,377.781,258.156 | -0.277,0.069,-0.000,-0.000
cam0 extrinsics = -0.008,0.006,0.702,0.712 | 0.053,-0.053,0.004
cam1 extrinsics = -0.003,0.011,0.702,0.712 | -0.066,-0.052,0.007
q_GtoI = 0.799,-0.148,0.581,0.047 | p_IinG = 6.349,0.580,0.176 | dist = 36.48 (meters)
bg = -0.0044,0.0225,0.0772 | ba = -0.0592,0.0745,0.0270
camera-imu timeoffset = 0.00011
cam0 intrinsics = 463.282,465.583,364.922,251.366 | -0.277,0.069,-0.000,-0.000
cam1 intrinsics = 462.343,464.602,377.789,258.135 | -0.277,0.069,-0.000,-0.000
cam0 extrinsics = -0.008,0.006,0.702,0.712 | 0.052,-0.054,0.003
cam1 extrinsics = -0.003,0.011,0.703,0.712 | -0.067,-0.053,0.007
q_GtoI = 0.800,-0.151,0.578,0.057 | p_IinG = 6.333,0.546,0.161 | dist = 36.52 (meters)
bg = -0.0043,0.0224,0.0773 | ba = -0.0589,0.0725,0.0284
camera-imu timeoffset = 0.00011
cam0 intrinsics = 463.292,465.591,364.924,251.349 | -0.277,0.069,-0.000,-0.000
cam1 intrinsics = 462.353,464.609,377.793,258.117 | -0.277,0.069,-0.000,-0.000
cam0 extrinsics = -0.008,0.006,0.702,0.712 | 0.053,-0.055,0.003
cam1 extrinsics = -0.003,0.011,0.703,0.712 | -0.066,-0.054,0.006
q_GtoI = 0.800,-0.153,0.577,0.065 | p_IinG = 6.316,0.509,0.147 | dist = 36.56 (meters)
bg = -0.0043,0.0224,0.0774 | ba = -0.0582,0.0701,0.0292
camera-imu timeoffset = 0.00011
cam0 intrinsics = 463.298,465.591,364.923,251.323 | -0.277,0.069,-0.000,-0.000
cam1 intrinsics = 462.359,464.609,377.793,258.090 | -0.277,0.069,-0.000,-0.000
cam0 extrinsics = -0.008,0.006,0.702,0.712 | 0.053,-0.055,0.003
cam1 extrinsics = -0.003,0.011,0.703,0.712 | -0.066,-0.055,0.006
q_GtoI = 0.799,-0.156,0.576,0.070 | p_IinG = 6.296,0.472,0.134 | dist = 36.60 (meters)
bg = -0.0042,0.0221,0.0774 | ba = -0.0562,0.0657,0.0303
camera-imu timeoffset = 0.00010
cam0 intrinsics = 463.322,465.617,364.901,251.295 | -0.277,0.069,-0.000,-0.000
cam1 intrinsics = 462.382,464.633,377.773,258.058 | -0.277,0.069,-0.000,-0.000
cam0 extrinsics = -0.008,0.006,0.702,0.712 | 0.053,-0.056,0.003
cam1 extrinsics = -0.003,0.011,0.703,0.712 | -0.066,-0.056,0.006
q_GtoI = 0.798,-0.159,0.577,0.074 | p_IinG = 6.276,0.434,0.126 | dist = 36.64 (meters)
bg = -0.0041,0.0221,0.0776 | ba = -0.0560,0.0638,0.0306
camera-imu timeoffset = 0.00010
cam0 intrinsics = 463.317,465.626,364.894,251.282 | -0.277,0.069,-0.000,-0.000
cam1 intrinsics = 462.375,464.641,377.765,258.043 | -0.277,0.069,-0.000,-0.000
cam0 extrinsics = -0.008,0.006,0.702,0.712 | 0.053,-0.056,0.003
cam1 extrinsics = -0.003,0.011,0.703,0.712 | -0.065,-0.056,0.006
q_GtoI = 0.797,-0.161,0.577,0.076 | p_IinG = 6.258,0.394,0.120 | dist = 36.68 (meters)
bg = -0.0040,0.0221,0.0776 | ba = -0.0569,0.0628,0.0299
camera-imu timeoffset = 0.00009
cam0 intrinsics = 463.309,465.637,364.902,251.283 | -0.277,0.069,-0.000,-0.000
cam1 intrinsics = 462.367,464.651,377.774,258.043 | -0.277,0.069,-0.000,-0.000
cam0 extrinsics = -0.008,0.006,0.702,0.712 | 0.053,-0.056,0.003
cam1 extrinsics = -0.003,0.011,0.703,0.712 | -0.066,-0.056,0.006
q_GtoI = 0.795,-0.162,0.579,0.079 | p_IinG = 6.238,0.348,0.114 | dist = 36.73 (meters)
bg = -0.0040,0.0222,0.0775 | ba = -0.0591,0.0600,0.0279
camera-imu timeoffset = 0.00010
cam0 intrinsics = 463.348,465.624,364.941,251.303 | -0.277,0.069,-0.000,-0.000
cam1 intrinsics = 462.406,464.638,377.806,258.060 | -0.277,0.069,-0.000,-0.000
cam0 extrinsics = -0.008,0.006,0.702,0.712 | 0.053,-0.057,0.003
cam1 extrinsics = -0.003,0.011,0.703,0.712 | -0.066,-0.057,0.006
q_GtoI = 0.795,-0.165,0.578,0.082 | p_IinG = 6.218,0.305,0.109 | dist = 36.77 (meters)
bg = -0.0040,0.0223,0.0776 | ba = -0.0598,0.0589,0.0273
camera-imu timeoffset = 0.00010
cam0 intrinsics = 463.345,465.629,364.947,251.311 | -0.277,0.069,-0.000,-0.000
cam1 intrinsics = 462.404,464.642,377.809,258.067 | -0.277,0.069,-0.000,-0.000
cam0 extrinsics = -0.008,0.006,0.702,0.712 | 0.053,-0.057,0.003
cam1 extrinsics = -0.003,0.011,0.703,0.712 | -0.066,-0.057,0.006
q_GtoI = 0.795,-0.169,0.577,0.086 | p_IinG = 6.197,0.260,0.103 | dist = 36.82 (meters)
bg = -0.0040,0.0223,0.0778 | ba = -0.0604,0.0574,0.0265
camera-imu timeoffset = 0.00010
cam0 intrinsics = 463.340,465.635,364.946,251.322 | -0.277,0.069,-0.000,-0.000
cam1 intrinsics = 462.399,464.648,377.805,258.079 | -0.277,0.069,-0.000,-0.000
cam0 extrinsics = -0.008,0.006,0.702,0.712 | 0.053,-0.057,0.003
cam1 extrinsics = -0.003,0.011,0.703,0.712 | -0.066,-0.057,0.006
q_GtoI = 0.795,-0.174,0.574,0.089 | p_IinG = 6.175,0.213,0.095 | dist = 36.87 (meters)
bg = -0.0040,0.0223,0.0778 | ba = -0.0622,0.0561,0.0250
camera-imu timeoffset = 0.00010
cam0 intrinsics = 463.338,465.635,364.955,251.327 | -0.277,0.069,-0.000,-0.000
cam1 intrinsics = 462.398,464.650,377.809,258.081 | -0.277,0.069,-0.000,-0.000
cam0 extrinsics = -0.008,0.006,0.702,0.712 | 0.053,-0.058,0.003
cam1 extrinsics = -0.003,0.011,0.703,0.712 | -0.066,-0.057,0.007
q_GtoI = 0.796,-0.180,0.571,0.093 | p_IinG = 6.153,0.166,0.085 | dist = 36.92 (meters)
bg = -0.0040,0.0223,0.0779 | ba = -0.0632,0.0541,0.0240
camera-imu timeoffset = 0.00010
cam0 intrinsics = 463.340,465.638,364.964,251.329 | -0.277,0.069,-0.000,-0.000
cam1 intrinsics = 462.401,464.654,377.816,258.083 | -0.277,0.069,-0.000,-0.000
cam0 extrinsics = -0.008,0.006,0.702,0.712 | 0.053,-0.058,0.003
cam1 extrinsics = -0.003,0.011,0.703,0.712 | -0.066,-0.057,0.007
q_GtoI = 0.796,-0.188,0.567,0.097 | p_IinG = 6.130,0.117,0.075 | dist = 36.97 (meters)
bg = -0.0041,0.0223,0.0779 | ba = -0.0643,0.0522,0.0230
camera-imu timeoffset = 0.00010
cam0 intrinsics = 463.344,465.644,364.966,251.329 | -0.277,0.069,-0.000,-0.000
cam1 intrinsics = 462.404,464.660,377.817,258.084 | -0.277,0.069,-0.000,-0.000
cam0 extrinsics = -0.008,0.006,0.702,0.712 | 0.053,-0.058,0.003
cam1 extrinsics = -0.003,0.011,0.703,0.712 | -0.066,-0.057,0.007
q_GtoI = 0.796,-0.195,0.565,0.101 | p_IinG = 6.102,0.060,0.064 | dist = 37.02 (meters)
bg = -0.0045,0.0224,0.0778 | ba = -0.0681,0.0456,0.0230
camera-imu timeoffset = 0.00010
cam0 intrinsics = 463.390,465.677,364.932,251.461 | -0.277,0.069,-0.000,-0.000
cam1 intrinsics = 462.443,464.684,377.753,258.217 | -0.277,0.069,-0.000,-0.000
cam0 extrinsics = -0.008,0.006,0.702,0.712 | 0.053,-0.058,0.004
cam1 extrinsics = -0.003,0.011,0.703,0.712 | -0.065,-0.058,0.007
q_GtoI = 0.794,-0.205,0.562,0.105 | p_IinG = 6.076,0.009,0.053 | dist = 37.08 (meters)
bg = -0.0046,0.0224,0.0778 | ba = -0.0688,0.0429,0.0224
camera-imu timeoffset = 0.00010
cam0 intrinsics = 463.399,465.685,364.909,251.483 | -0.277,0.069,-0.000,-0.000
cam1 intrinsics = 462.452,464.693,377.729,258.241 | -0.277,0.069,-0.000,-0.000
cam0 extrinsics = -0.008,0.006,0.702,0.712 | 0.053,-0.058,0.004
cam1 extrinsics = -0.003,0.011,0.703,0.712 | -0.065,-0.057,0.007
q_GtoI = 0.792,-0.215,0.561,0.108 | p_IinG = 6.051,-0.045,0.043 | dist = 37.13 (meters)
bg = -0.0049,0.0225,0.0778 | ba = -0.0703,0.0401,0.0218
camera-imu timeoffset = 0.00010
cam0 intrinsics = 463.417,465.699,364.864,251.551 | -0.277,0.069,-0.000,-0.000
cam1 intrinsics = 462.471,464.707,377.682,258.308 | -0.277,0.069,-0.000,-0.000
cam0 extrinsics = -0.008,0.006,0.702,0.712 | 0.053,-0.058,0.004
cam1 extrinsics = -0.003,0.011,0.702,0.712 | -0.065,-0.058,0.007
q_GtoI = 0.790,-0.225,0.559,0.112 | p_IinG = 6.026,-0.099,0.034 | dist = 37.19 (meters)
bg = -0.0049,0.0226,0.0777 | ba = -0.0716,0.0386,0.0210
camera-imu timeoffset = 0.00010
cam0 intrinsics = 463.429,465.703,364.864,251.554 | -0.277,0.069,-0.000,-0.000
cam1 intrinsics = 462.482,464.712,377.678,258.313 | -0.277,0.069,-0.000,-0.000
cam0 extrinsics = -0.008,0.006,0.702,0.712 | 0.053,-0.058,0.004
cam1 extrinsics = -0.003,0.011,0.702,0.712 | -0.065,-0.058,0.007
q_GtoI = 0.788,-0.234,0.558,0.117 | p_IinG = 6.001,-0.154,0.028 | dist = 37.25 (meters)
bg = -0.0051,0.0227,0.0777 | ba = -0.0729,0.0377,0.0207
camera-imu timeoffset = 0.00010
cam0 intrinsics = 463.438,465.707,364.861,251.553 | -0.277,0.069,-0.000,-0.000
cam1 intrinsics = 462.489,464.714,377.671,258.313 | -0.277,0.069,-0.000,-0.000
cam0 extrinsics = -0.008,0.006,0.702,0.712 | 0.053,-0.058,0.004
cam1 extrinsics = -0.003,0.011,0.702,0.712 | -0.065,-0.058,0.007
q_GtoI = 0.785,-0.244,0.556,0.121 | p_IinG = 5.975,-0.209,0.025 | dist = 37.31 (meters)
bg = -0.0052,0.0227,0.0777 | ba = -0.0739,0.0366,0.0211
camera-imu timeoffset = 0.00010
cam0 intrinsics = 463.453,465.701,364.857,251.542 | -0.277,0.069,-0.000,-0.000
cam1 intrinsics = 462.504,464.707,377.664,258.304 | -0.277,0.069,-0.000,-0.000
cam0 extrinsics = -0.008,0.006,0.702,0.712 | 0.053,-0.058,0.004
cam1 extrinsics = -0.003,0.011,0.702,0.712 | -0.065,-0.058,0.007
q_GtoI = 0.782,-0.253,0.555,0.127 | p_IinG = 5.947,-0.270,0.024 | dist = 37.37 (meters)
bg = -0.0056,0.0229,0.0777 | ba = -0.0764,0.0358,0.0196
camera-imu timeoffset = 0.00010
cam0 intrinsics = 463.484,465.715,364.841,251.501 | -0.277,0.069,0.000,-0.000
cam1 intrinsics = 462.533,464.720,377.640,258.265 | -0.277,0.069,-0.000,-0.000
cam0 extrinsics = -0.008,0.006,0.702,0.712 | 0.054,-0.058,0.004
cam1 extrinsics = -0.003,0.011,0.702,0.712 | -0.065,-0.057,0.007
q_GtoI = 0.780,-0.259,0.553,0.136 | p_IinG = 5.919,-0.327,0.027 | dist = 37.44 (meters)
bg = -0.0057,0.0230,0.0778 | ba = -0.0786,0.0356,0.0210
camera-imu timeoffset = 0.00009
cam0 intrinsics = 463.504,465.719,364.825,251.466 | -0.277,0.069,0.000,-0.000
cam1 intrinsics = 462.551,464.723,377.618,258.234 | -0.277,0.069,-0.000,-0.000
cam0 extrinsics = -0.008,0.006,0.702,0.712 | 0.054,-0.057,0.004
cam1 extrinsics = -0.003,0.011,0.702,0.712 | -0.065,-0.057,0.007
q_GtoI = 0.778,-0.267,0.550,0.144 | p_IinG = 5.889,-0.387,0.030 | dist = 37.50 (meters)
bg = -0.0059,0.0230,0.0780 | ba = -0.0806,0.0353,0.0222
camera-imu timeoffset = 0.00010
cam0 intrinsics = 463.525,465.722,364.802,251.427 | -0.277,0.069,0.000,-0.000
cam1 intrinsics = 462.572,464.726,377.594,258.195 | -0.277,0.069,-0.000,-0.000
cam0 extrinsics = -0.008,0.006,0.702,0.712 | 0.054,-0.057,0.004
cam1 extrinsics = -0.003,0.011,0.702,0.712 | -0.065,-0.057,0.008
q_GtoI = 0.777,-0.276,0.545,0.151 | p_IinG = 5.859,-0.447,0.033 | dist = 37.57 (meters)
bg = -0.0059,0.0229,0.0782 | ba = -0.0813,0.0359,0.0235
camera-imu timeoffset = 0.00010
cam0 intrinsics = 463.543,465.719,364.792,251.409 | -0.277,0.069,0.000,-0.000
cam1 intrinsics = 462.590,464.723,377.579,258.174 | -0.277,0.069,-0.000,-0.000
cam0 extrinsics = -0.008,0.006,0.702,0.712 | 0.054,-0.057,0.004
cam1 extrinsics = -0.002,0.011,0.702,0.712 | -0.065,-0.057,0.008
q_GtoI = 0.776,-0.285,0.541,0.158 | p_IinG = 5.828,-0.508,0.034 | dist = 37.64 (meters)
bg = -0.0059,0.0229,0.0783 | ba = -0.0828,0.0363,0.0245
camera-imu timeoffset = 0.00010
cam0 intrinsics = 463.563,465.718,364.779,251.377 | -0.277,0.069,0.000,-0.000
cam1 intrinsics = 462.610,464.721,377.562,258.141 | -0.277,0.069,-0.000,-0.000
cam0 extrinsics = -0.008,0.006,0.702,0.712 | 0.053,-0.057,0.004
cam1 extrinsics = -0.002,0.011,0.702,0.712 | -0.065,-0.057,0.008
q_GtoI = 0.774,-0.294,0.536,0.165 | p_IinG = 5.797,-0.567,0.038 | dist = 37.70 (meters)
bg = -0.0058,0.0230,0.0784 | ba = -0.0834,0.0358,0.0281
camera-imu timeoffset = 0.00010
cam0 intrinsics = 463.588,465.733,364.751,251.399 | -0.277,0.069,0.000,-0.000
cam1 intrinsics = 462.635,464.737,377.534,258.160 | -0.277,0.069,-0.000,-0.000
cam0 extrinsics = -0.008,0.006,0.702,0.712 | 0.053,-0.057,0.005
cam1 extrinsics = -0.002,0.011,0.702,0.712 | -0.065,-0.057,0.008
q_GtoI = 0.772,-0.302,0.532,0.173 | p_IinG = 5.766,-0.630,0.038 | dist = 37.77 (meters)
bg = -0.0059,0.0230,0.0784 | ba = -0.0830,0.0352,0.0292
camera-imu timeoffset = 0.00010
cam0 intrinsics = 463.601,465.741,364.744,251.373 | -0.277,0.069,0.000,-0.000
cam1 intrinsics = 462.648,464.745,377.524,258.130 | -0.277,0.069,-0.000,-0.000
cam0 extrinsics = -0.008,0.006,0.702,0.712 | 0.053,-0.057,0.005
cam1 extrinsics = -0.002,0.011,0.702,0.712 | -0.065,-0.057,0.008
q_GtoI = 0.771,-0.307,0.528,0.180 | p_IinG = 5.735,-0.692,0.038 | dist = 37.84 (meters)
bg = -0.0058,0.0230,0.0787 | ba = -0.0833,0.0355,0.0310
camera-imu timeoffset = 0.00010
cam0 intrinsics = 463.607,465.752,364.722,251.363 | -0.277,0.069,0.000,-0.000
cam1 intrinsics = 462.656,464.757,377.502,258.116 | -0.277,0.069,-0.000,-0.000
cam0 extrinsics = -0.008,0.006,0.702,0.712 | 0.053,-0.057,0.005
cam1 extrinsics = -0.002,0.011,0.702,0.712 | -0.065,-0.057,0.008
q_GtoI = 0.770,-0.312,0.524,0.187 | p_IinG = 5.705,-0.755,0.038 | dist = 37.91 (meters)
bg = -0.0056,0.0230,0.0789 | ba = -0.0835,0.0353,0.0320
camera-imu timeoffset = 0.00010
cam0 intrinsics = 463.619,465.767,364.700,251.332 | -0.277,0.069,0.000,-0.000
cam1 intrinsics = 462.667,464.771,377.477,258.082 | -0.277,0.069,-0.000,-0.000
cam0 extrinsics = -0.008,0.006,0.702,0.712 | 0.053,-0.057,0.005
cam1 extrinsics = -0.002,0.011,0.703,0.712 | -0.065,-0.057,0.008
q_GtoI = 0.768,-0.316,0.523,0.192 | p_IinG = 5.680,-0.818,0.036 | dist = 37.98 (meters)
bg = -0.0055,0.0232,0.0790 | ba = -0.0823,0.0361,0.0301
camera-imu timeoffset = 0.00009
cam0 intrinsics = 463.631,465.782,364.678,251.326 | -0.277,0.069,0.000,-0.000
cam1 intrinsics = 462.676,464.785,377.457,258.075 | -0.277,0.069,-0.000,-0.000
cam0 extrinsics = -0.008,0.006,0.702,0.712 | 0.053,-0.057,0.005
cam1 extrinsics = -0.002,0.011,0.702,0.712 | -0.065,-0.057,0.008
q_GtoI = 0.767,-0.319,0.521,0.196 | p_IinG = 5.655,-0.881,0.036 | dist = 38.05 (meters)
bg = -0.0052,0.0232,0.0791 | ba = -0.0820,0.0366,0.0300
camera-imu timeoffset = 0.00009
cam0 intrinsics = 463.639,465.792,364.671,251.314 | -0.277,0.069,0.000,-0.000
cam1 intrinsics = 462.683,464.794,377.451,258.062 | -0.277,0.069,-0.000,-0.000
cam0 extrinsics = -0.007,0.006,0.702,0.712 | 0.053,-0.057,0.005
cam1 extrinsics = -0.002,0.011,0.702,0.712 | -0.066,-0.057,0.008
q_GtoI = 0.767,-0.321,0.519,0.199 | p_IinG = 5.628,-0.946,0.036 | dist = 38.12 (meters)
bg = -0.0051,0.0231,0.0792 | ba = -0.0816,0.0365,0.0298
camera-imu timeoffset = 0.00009
cam0 intrinsics = 463.646,465.796,364.667,251.291 | -0.277,0.069,0.000,-0.000
cam1 intrinsics = 462.689,464.797,377.445,258.038 | -0.277,0.069,-0.000,-0.000
cam0 extrinsics = -0.007,0.006,0.702,0.712 | 0.053,-0.057,0.005
cam1 extrinsics = -0.002,0.011,0.702,0.712 | -0.066,-0.057,0.008
q_GtoI = 0.767,-0.321,0.516,0.203 | p_IinG = 5.602,-1.011,0.039 | dist = 38.19 (meters)
bg = -0.0050,0.0230,0.0792 | ba = -0.0804,0.0361,0.0298
camera-imu timeoffset = 0.00009
cam0 intrinsics = 463.649,465.796,364.665,251.280 | -0.277,0.069,0.000,-0.000
cam1 intrinsics = 462.691,464.797,377.443,258.028 | -0.277,0.069,-0.000,-0.000
cam0 extrinsics = -0.007,0.006,0.702,0.712 | 0.053,-0.057,0.005
cam1 extrinsics = -0.002,0.011,0.703,0.712 | -0.066,-0.057,0.008
q_GtoI = 0.768,-0.321,0.514,0.207 | p_IinG = 5.576,-1.079,0.044 | dist = 38.27 (meters)
bg = -0.0050,0.0229,0.0792 | ba = -0.0794,0.0347,0.0301
camera-imu timeoffset = 0.00009
cam0 intrinsics = 463.648,465.798,364.656,251.286 | -0.277,0.069,0.000,-0.000
cam1 intrinsics = 462.689,464.799,377.434,258.034 | -0.277,0.069,-0.000,-0.000
cam0 extrinsics = -0.008,0.006,0.702,0.712 | 0.053,-0.057,0.005
cam1 extrinsics = -0.002,0.011,0.703,0.712 | -0.065,-0.057,0.009
q_GtoI = 0.769,-0.320,0.512,0.210 | p_IinG = 5.551,-1.148,0.050 | dist = 38.34 (meters)
bg = -0.0050,0.0229,0.0792 | ba = -0.0784,0.0335,0.0300
camera-imu timeoffset = 0.00009
cam0 intrinsics = 463.645,465.803,364.639,251.297 | -0.277,0.069,0.000,-0.000
cam1 intrinsics = 462.686,464.803,377.416,258.045 | -0.277,0.069,-0.000,-0.000
cam0 extrinsics = -0.008,0.006,0.702,0.712 | 0.053,-0.057,0.005
cam1 extrinsics = -0.002,0.011,0.703,0.712 | -0.065,-0.057,0.009
q_GtoI = 0.771,-0.319,0.510,0.211 | p_IinG = 5.528,-1.225,0.054 | dist = 38.41 (meters)
bg = -0.0055,0.0229,0.0790 | ba = -0.0775,0.0320,0.0268
camera-imu timeoffset = 0.00009
cam0 intrinsics = 463.655,465.813,364.600,251.299 | -0.277,0.069,0.000,-0.000
cam1 intrinsics = 462.693,464.812,377.374,258.041 | -0.277,0.069,-0.000,-0.000
cam0 extrinsics = -0.007,0.006,0.702,0.712 | 0.053,-0.057,0.005
cam1 extrinsics = -0.002,0.011,0.703,0.712 | -0.065,-0.057,0.009
q_GtoI = 0.771,-0.319,0.509,0.210 | p_IinG = 5.506,-1.298,0.065 | dist = 38.49 (meters)
bg = -0.0057,0.0229,0.0790 | ba = -0.0774,0.0308,0.0267
camera-imu timeoffset = 0.00009
cam0 intrinsics = 463.644,465.823,364.562,251.340 | -0.277,0.069,0.000,-0.000
cam1 intrinsics = 462.682,464.822,377.335,258.083 | -0.277,0.069,-0.000,-0.000
cam0 extrinsics = -0.007,0.006,0.702,0.712 | 0.053,-0.058,0.005
cam1 extrinsics = -0.002,0.011,0.703,0.712 | -0.065,-0.057,0.009
q_GtoI = 0.773,-0.318,0.507,0.211 | p_IinG = 5.485,-1.369,0.075 | dist = 38.56 (meters)
bg = -0.0057,0.0228,0.0790 | ba = -0.0777,0.0312,0.0262
camera-imu timeoffset = 0.00009
cam0 intrinsics = 463.648,465.838,364.544,251.346 | -0.277,0.069,0.000,-0.000
cam1 intrinsics = 462.678,464.831,377.315,258.087 | -0.277,0.069,-0.000,-0.000
cam0 extrinsics = -0.007,0.006,0.702,0.712 | 0.053,-0.058,0.005
cam1 extrinsics = -0.002,0.011,0.702,0.712 | -0.065,-0.057,0.009
q_GtoI = 0.774,-0.317,0.506,0.211 | p_IinG = 5.466,-1.443,0.083 | dist = 38.63 (meters)
bg = -0.0059,0.0229,0.0790 | ba = -0.0760,0.0307,0.0261
camera-imu timeoffset = 0.00010
cam0 intrinsics = 463.639,465.827,364.526,251.368 | -0.277,0.069,0.000,-0.000
cam1 intrinsics = 462.666,464.819,377.296,258.102 | -0.277,0.069,-0.000,-0.000
cam0 extrinsics = -0.007,0.006,0.702,0.712 | 0.054,-0.058,0.005
cam1 extrinsics = -0.002,0.011,0.703,0.712 | -0.065,-0.057,0.008
q_GtoI = 0.775,-0.316,0.505,0.210 | p_IinG = 5.449,-1.516,0.090 | dist = 38.71 (meters)
bg = -0.0060,0.0229,0.0790 | ba = -0.0756,0.0310,0.0251
camera-imu timeoffset = 0.00010
cam0 intrinsics = 463.635,465.832,364.507,251.386 | -0.277,0.069,0.000,-0.000
cam1 intrinsics = 462.660,464.822,377.276,258.120 | -0.277,0.069,-0.000,-0.000
cam0 extrinsics = -0.007,0.006,0.702,0.712 | 0.054,-0.058,0.005
cam1 extrinsics = -0.002,0.011,0.703,0.712 | -0.065,-0.057,0.008
q_GtoI = 0.776,-0.315,0.505,0.209 | p_IinG = 5.429,-1.595,0.095 | dist = 38.78 (meters)
bg = -0.0064,0.0228,0.0789 | ba = -0.0752,0.0282,0.0246
camera-imu timeoffset = 0.00010
cam0 intrinsics = 463.627,465.811,364.465,251.297 | -0.277,0.069,0.000,-0.000
cam1 intrinsics = 462.653,464.802,377.243,258.031 | -0.276,0.069,-0.000,-0.000
cam0 extrinsics = -0.007,0.006,0.702,0.712 | 0.054,-0.058,0.005
cam1 extrinsics = -0.002,0.011,0.702,0.712 | -0.065,-0.057,0.009
q_GtoI = 0.777,-0.314,0.505,0.208 | p_IinG = 5.415,-1.667,0.099 | dist = 38.86 (meters)
bg = -0.0064,0.0229,0.0789 | ba = -0.0740,0.0294,0.0239
camera-imu timeoffset = 0.00010
cam0 intrinsics = 463.625,465.815,364.454,251.294 | -0.277,0.069,0.000,-0.000
cam1 intrinsics = 462.651,464.805,377.234,258.027 | -0.276,0.069,-0.000,-0.000
cam0 extrinsics = -0.007,0.006,0.702,0.712 | 0.054,-0.058,0.005
cam1 extrinsics = -0.002,0.011,0.703,0.712 | -0.065,-0.057,0.009
q_GtoI = 0.777,-0.313,0.505,0.207 | p_IinG = 5.401,-1.740,0.104 | dist = 38.93 (meters)
bg = -0.0064,0.0230,0.0789 | ba = -0.0731,0.0306,0.0239
camera-imu timeoffset = 0.00010
cam0 intrinsics = 463.618,465.813,364.445,251.298 | -0.277,0.069,0.000,-0.000
cam1 intrinsics = 462.643,464.803,377.225,258.032 | -0.276,0.069,-0.000,-0.000
cam0 extrinsics = -0.007,0.006,0.702,0.712 | 0.054,-0.058,0.005
cam1 extrinsics = -0.002,0.011,0.703,0.712 | -0.065,-0.057,0.008
q_GtoI = 0.778,-0.312,0.505,0.206 | p_IinG = 5.389,-1.813,0.108 | dist = 39.01 (meters)
bg = -0.0063,0.0230,0.0789 | ba = -0.0716,0.0315,0.0238
camera-imu timeoffset = 0.00010
cam0 intrinsics = 463.611,465.812,364.433,251.308 | -0.277,0.069,0.000,-0.000
cam1 intrinsics = 462.635,464.802,377.215,258.041 | -0.276,0.069,-0.000,-0.000
cam0 extrinsics = -0.007,0.006,0.702,0.712 | 0.054,-0.058,0.005
cam1 extrinsics = -0.002,0.011,0.703,0.712 | -0.065,-0.057,0.008
q_GtoI = 0.778,-0.311,0.506,0.206 | p_IinG = 5.379,-1.887,0.113 | dist = 39.08 (meters)
bg = -0.0062,0.0230,0.0789 | ba = -0.0699,0.0328,0.0239
camera-imu timeoffset = 0.00010
cam0 intrinsics = 463.600,465.808,364.421,251.326 | -0.277,0.069,0.000,-0.000
cam1 intrinsics = 462.624,464.798,377.205,258.059 | -0.276,0.069,-0.000,-0.000
cam0 extrinsics = -0.007,0.006,0.702,0.712 | 0.054,-0.058,0.005
cam1 extrinsics = -0.002,0.011,0.703,0.712 | -0.065,-0.058,0.008
q_GtoI = 0.779,-0.311,0.504,0.205 | p_IinG = 5.370,-1.960,0.118 | dist = 39.16 (meters)
bg = -0.0062,0.0230,0.0788 | ba = -0.0688,0.0343,0.0245
camera-imu timeoffset = 0.00009
cam0 intrinsics = 463.590,465.808,364.402,251.349 | -0.277,0.069,0.000,-0.000
cam1 intrinsics = 462.614,464.798,377.187,258.081 | -0.276,0.069,-0.000,-0.000
cam0 extrinsics = -0.007,0.006,0.702,0.712 | 0.054,-0.058,0.004
cam1 extrinsics = -0.002,0.011,0.703,0.712 | -0.065,-0.058,0.008
q_GtoI = 0.779,-0.311,0.503,0.207 | p_IinG = 5.364,-2.034,0.125 | dist = 39.23 (meters)
bg = -0.0062,0.0229,0.0788 | ba = -0.0688,0.0358,0.0253
camera-imu timeoffset = 0.00009
cam0 intrinsics = 463.583,465.814,364.364,251.386 | -0.277,0.069,0.000,-0.000
cam1 intrinsics = 462.607,464.804,377.151,258.118 | -0.276,0.069,-0.000,-0.000
cam0 extrinsics = -0.007,0.006,0.702,0.712 | 0.054,-0.058,0.004
cam1 extrinsics = -0.002,0.011,0.703,0.712 | -0.065,-0.058,0.008
q_GtoI = 0.779,-0.311,0.503,0.208 | p_IinG = 5.359,-2.109,0.132 | dist = 39.31 (meters)
bg = -0.0062,0.0228,0.0788 | ba = -0.0671,0.0368,0.0255
camera-imu timeoffset = 0.00009
cam0 intrinsics = 463.584,465.824,364.333,251.402 | -0.277,0.069,0.000,-0.000
cam1 intrinsics = 462.606,464.813,377.122,258.134 | -0.276,0.069,-0.000,-0.000
cam0 extrinsics = -0.007,0.006,0.702,0.712 | 0.054,-0.059,0.004
cam1 extrinsics = -0.002,0.011,0.703,0.712 | -0.065,-0.058,0.008
q_GtoI = 0.779,-0.311,0.502,0.210 | p_IinG = 5.356,-2.186,0.141 | dist = 39.39 (meters)
bg = -0.0063,0.0228,0.0788 | ba = -0.0656,0.0378,0.0256
camera-imu timeoffset = 0.00009
cam0 intrinsics = 463.580,465.832,364.300,251.427 | -0.277,0.069,0.000,-0.000
cam1 intrinsics = 462.599,464.819,377.085,258.156 | -0.276,0.069,-0.000,-0.000
cam0 extrinsics = -0.007,0.006,0.702,0.712 | 0.054,-0.059,0.004
cam1 extrinsics = -0.002,0.011,0.703,0.712 | -0.065,-0.058,0.008
q_GtoI = 0.779,-0.311,0.502,0.210 | p_IinG = 5.354,-2.261,0.153 | dist = 39.46 (meters)
bg = -0.0062,0.0228,0.0787 | ba = -0.0641,0.0385,0.0259
camera-imu timeoffset = 0.00009
cam0 intrinsics = 463.577,465.834,364.292,251.420 | -0.277,0.069,0.000,-0.000
cam1 intrinsics = 462.594,464.820,377.076,258.148 | -0.276,0.069,-0.000,-0.000
cam0 extrinsics = -0.007,0.006,0.702,0.712 | 0.054,-0.059,0.004
cam1 extrinsics = -0.002,0.011,0.703,0.712 | -0.065,-0.058,0.008
q_GtoI = 0.779,-0.311,0.502,0.211 | p_IinG = 5.355,-2.335,0.167 | dist = 39.54 (meters)
bg = -0.0063,0.0229,0.0788 | ba = -0.0634,0.0407,0.0259
camera-imu timeoffset = 0.00009
cam0 intrinsics = 463.563,465.815,364.271,251.396 | -0.277,0.069,0.000,-0.000
cam1 intrinsics = 462.581,464.802,377.056,258.127 | -0.276,0.069,-0.000,-0.000
cam0 extrinsics = -0.007,0.006,0.702,0.712 | 0.054,-0.059,0.004
cam1 extrinsics = -0.002,0.011,0.703,0.712 | -0.065,-0.058,0.008
q_GtoI = 0.780,-0.311,0.500,0.213 | p_IinG = 5.355,-2.412,0.181 | dist = 39.62 (meters)
bg = -0.0063,0.0227,0.0788 | ba = -0.0618,0.0410,0.0258
camera-imu timeoffset = 0.00009
cam0 intrinsics = 463.559,465.818,364.263,251.383 | -0.277,0.069,0.000,-0.000
cam1 intrinsics = 462.574,464.802,377.046,258.112 | -0.276,0.069,-0.000,-0.000
cam0 extrinsics = -0.007,0.006,0.702,0.712 | 0.054,-0.059,0.004
cam1 extrinsics = -0.002,0.011,0.703,0.712 | -0.065,-0.058,0.008
q_GtoI = 0.779,-0.313,0.499,0.215 | p_IinG = 5.357,-2.486,0.200 | dist = 39.70 (meters)
bg = -0.0063,0.0226,0.0787 | ba = -0.0633,0.0422,0.0274
camera-imu timeoffset = 0.00009
cam0 intrinsics = 463.559,465.820,364.245,251.350 | -0.277,0.069,0.000,-0.000
cam1 intrinsics = 462.572,464.803,377.029,258.077 | -0.276,0.069,-0.000,-0.000
cam0 extrinsics = -0.007,0.006,0.702,0.712 | 0.055,-0.059,0.004
cam1 extrinsics = -0.002,0.011,0.703,0.712 | -0.064,-0.058,0.008
q_GtoI = 0.776,-0.315,0.500,0.220 | p_IinG = 5.363,-2.564,0.218 | dist = 39.78 (meters)
bg = -0.0064,0.0225,0.0787 | ba = -0.0638,0.0415,0.0273
camera-imu timeoffset = 0.00009
cam0 intrinsics = 463.569,465.831,364.214,251.348 | -0.277,0.069,0.000,-0.000
cam1 intrinsics = 462.580,464.813,376.998,258.074 | -0.276,0.069,-0.000,-0.000
cam0 extrinsics = -0.007,0.006,0.702,0.712 | 0.055,-0.059,0.004
cam1 extrinsics = -0.002,0.011,0.703,0.712 | -0.064,-0.058,0.008
q_GtoI = 0.772,-0.318,0.502,0.226 | p_IinG = 5.370,-2.642,0.238 | dist = 39.86 (meters)
bg = -0.0066,0.0226,0.0787 | ba = -0.0646,0.0400,0.0276
camera-imu timeoffset = 0.00009
cam0 intrinsics = 463.585,465.849,364.145,251.400 | -0.277,0.069,0.000,-0.000
cam1 intrinsics = 462.594,464.830,376.925,258.125 | -0.276,0.069,-0.000,-0.000
cam0 extrinsics = -0.007,0.006,0.702,0.712 | 0.055,-0.059,0.005
cam1 extrinsics = -0.002,0.011,0.703,0.712 | -0.064,-0.059,0.008
q_GtoI = 0.767,-0.321,0.505,0.233 | p_IinG = 5.378,-2.719,0.256 | dist = 39.94 (meters)
bg = -0.0067,0.0226,0.0787 | ba = -0.0651,0.0387,0.0276
camera-imu timeoffset = 0.00009
cam0 intrinsics = 463.605,465.868,364.111,251.412 | -0.277,0.069,0.000,-0.000
cam1 intrinsics = 462.613,464.849,376.891,258.135 | -0.276,0.069,-0.000,-0.000
cam0 extrinsics = -0.007,0.006,0.702,0.712 | 0.055,-0.059,0.005
cam1 extrinsics = -0.002,0.011,0.703,0.712 | -0.064,-0.059,0.008
q_GtoI = 0.761,-0.327,0.507,0.239 | p_IinG = 5.386,-2.798,0.272 | dist = 40.02 (meters)
bg = -0.0068,0.0227,0.0786 | ba = -0.0660,0.0378,0.0268
camera-imu timeoffset = 0.00009
cam0 intrinsics = 463.626,465.877,364.099,251.378 | -0.277,0.069,0.000,-0.000
cam1 intrinsics = 462.632,464.856,376.881,258.101 | -0.276,0.069,-0.000,-0.000
cam0 extrinsics = -0.007,0.006,0.702,0.712 | 0.055,-0.059,0.004
cam1 extrinsics = -0.002,0.011,0.703,0.712 | -0.064,-0.059,0.008
q_GtoI = 0.753,-0.336,0.511,0.243 | p_IinG = 5.395,-2.876,0.286 | dist = 40.10 (meters)
bg = -0.0069,0.0228,0.0786 | ba = -0.0668,0.0376,0.0258
camera-imu timeoffset = 0.00008
cam0 intrinsics = 463.636,465.881,364.110,251.333 | -0.277,0.069,0.000,-0.000
cam1 intrinsics = 462.641,464.860,376.889,258.054 | -0.276,0.069,-0.000,-0.000
cam0 extrinsics = -0.007,0.006,0.702,0.712 | 0.055,-0.059,0.004
cam1 extrinsics = -0.002,0.011,0.703,0.712 | -0.064,-0.059,0.008
q_GtoI = 0.744,-0.347,0.515,0.246 | p_IinG = 5.404,-2.952,0.299 | dist = 40.17 (meters)
bg = -0.0070,0.0230,0.0786 | ba = -0.0684,0.0375,0.0258
camera-imu timeoffset = 0.00008
cam0 intrinsics = 463.641,465.889,364.107,251.291 | -0.277,0.069,0.000,-0.000
cam1 intrinsics = 462.644,464.867,376.887,258.013 | -0.276,0.069,-0.000,-0.000
cam0 extrinsics = -0.007,0.006,0.702,0.712 | 0.055,-0.059,0.004
cam1 extrinsics = -0.002,0.011,0.703,0.711 | -0.064,-0.059,0.008
q_GtoI = 0.735,-0.359,0.519,0.248 | p_IinG = 5.413,-3.029,0.305 | dist = 40.25 (meters)
bg = -0.0072,0.0231,0.0785 | ba = -0.0664,0.0403,0.0236
camera-imu timeoffset = 0.00009
cam0 intrinsics = 463.624,465.891,364.107,251.242 | -0.277,0.069,0.000,-0.000
cam1 intrinsics = 462.626,464.870,376.881,257.969 | -0.276,0.069,-0.000,-0.000
cam0 extrinsics = -0.007,0.006,0.702,0.712 | 0.056,-0.060,0.005
cam1 extrinsics = -0.002,0.011,0.703,0.711 | -0.064,-0.059,0.008
q_GtoI = 0.725,-0.372,0.523,0.250 | p_IinG = 5.422,-3.106,0.314 | dist = 40.33 (meters)
bg = -0.0074,0.0232,0.0786 | ba = -0.0678,0.0418,0.0231
camera-imu timeoffset = 0.00009
cam0 intrinsics = 463.617,465.888,364.095,251.221 | -0.277,0.069,0.000,-0.000
cam1 intrinsics = 462.619,464.866,376.868,257.949 | -0.276,0.069,-0.000,-0.000
cam0 extrinsics = -0.007,0.006,0.702,0.712 | 0.056,-0.060,0.004
cam1 extrinsics = -0.002,0.011,0.703,0.711 | -0.063,-0.060,0.008
q_GtoI = 0.716,-0.385,0.525,0.252 | p_IinG = 5.429,-3.183,0.324 | dist = 40.40 (meters)
bg = -0.0077,0.0234,0.0786 | ba = -0.0699,0.0428,0.0236
camera-imu timeoffset = 0.00008
cam0 intrinsics = 463.618,465.881,364.019,251.295 | -0.277,0.069,0.000,-0.000
cam1 intrinsics = 462.617,464.858,376.805,258.025 | -0.276,0.069,-0.000,-0.000
cam0 extrinsics = -0.008,0.006,0.702,0.712 | 0.057,-0.061,0.004
cam1 extrinsics = -0.002,0.011,0.703,0.711 | -0.062,-0.061,0.008
q_GtoI = 0.707,-0.397,0.526,0.256 | p_IinG = 5.436,-3.260,0.324 | dist = 40.48 (meters)
bg = -0.0078,0.0235,0.0785 | ba = -0.0682,0.0491,0.0203
camera-imu timeoffset = 0.00008
cam0 intrinsics = 463.600,465.918,363.946,251.338 | -0.277,0.069,0.000,-0.000
cam1 intrinsics = 462.600,464.897,376.735,258.069 | -0.276,0.069,-0.000,-0.000
cam0 extrinsics = -0.008,0.006,0.702,0.712 | 0.058,-0.064,0.005
cam1 extrinsics = -0.002,0.011,0.703,0.711 | -0.061,-0.063,0.008
q_GtoI = 0.700,-0.409,0.524,0.261 | p_IinG = 5.441,-3.334,0.330 | dist = 40.55 (meters)
bg = -0.0079,0.0237,0.0785 | ba = -0.0686,0.0511,0.0206
camera-imu timeoffset = 0.00008
cam0 intrinsics = 463.597,465.936,363.929,251.338 | -0.277,0.069,0.000,-0.000
cam1 intrinsics = 462.598,464.916,376.719,258.070 | -0.276,0.069,-0.000,-0.000
cam0 extrinsics = -0.008,0.006,0.702,0.712 | 0.059,-0.064,0.005
cam1 extrinsics = -0.002,0.011,0.703,0.711 | -0.061,-0.063,0.008
q_GtoI = 0.694,-0.420,0.520,0.268 | p_IinG = 5.449,-3.401,0.332 | dist = 40.63 (meters)
bg = -0.0077,0.0237,0.0786 | ba = -0.0679,0.0580,0.0218
camera-imu timeoffset = 0.00008
cam0 intrinsics = 463.615,465.984,363.875,251.357 | -0.277,0.069,0.000,-0.000
cam1 intrinsics = 462.617,464.965,376.663,258.087 | -0.276,0.069,-0.000,-0.000
cam0 extrinsics = -0.008,0.006,0.702,0.712 | 0.060,-0.065,0.006
cam1 extrinsics = -0.002,0.011,0.703,0.712 | -0.060,-0.065,0.009
q_GtoI = 0.689,-0.430,0.515,0.275 | p_IinG = 5.455,-3.473,0.334 | dist = 40.70 (meters)
bg = -0.0076,0.0239,0.0786 | ba = -0.0665,0.0629,0.0223
camera-imu timeoffset = 0.00008
cam0 intrinsics = 463.632,465.994,363.850,251.366 | -0.277,0.069,0.000,-0.000
cam1 intrinsics = 462.630,464.972,376.638,258.099 | -0.276,0.069,-0.000,-0.000
cam0 extrinsics = -0.008,0.006,0.702,0.712 | 0.060,-0.066,0.006
cam1 extrinsics = -0.002,0.011,0.703,0.712 | -0.059,-0.065,0.010
q_GtoI = 0.684,-0.439,0.509,0.283 | p_IinG = 5.456,-3.540,0.337 | dist = 40.77 (meters)
bg = -0.0075,0.0240,0.0786 | ba = -0.0647,0.0656,0.0240
camera-imu timeoffset = 0.00008
cam0 intrinsics = 463.648,466.034,363.823,251.364 | -0.277,0.069,0.000,-0.000
cam1 intrinsics = 462.646,465.012,376.611,258.098 | -0.276,0.069,-0.000,-0.000
cam0 extrinsics = -0.007,0.006,0.702,0.712 | 0.061,-0.066,0.006
cam1 extrinsics = -0.002,0.011,0.702,0.712 | -0.059,-0.065,0.010
q_GtoI = 0.679,-0.449,0.504,0.289 | p_IinG = 5.455,-3.606,0.339 | dist = 40.85 (meters)
bg = -0.0075,0.0241,0.0786 | ba = -0.0629,0.0674,0.0261
camera-imu timeoffset = 0.00008
cam0 intrinsics = 463.663,466.068,363.803,251.357 | -0.277,0.069,0.000,-0.000
cam1 intrinsics = 462.661,465.046,376.590,258.092 | -0.277,0.069,-0.000,-0.000
cam0 extrinsics = -0.007,0.006,0.702,0.712 | 0.061,-0.066,0.007
cam1 extrinsics = -0.002,0.011,0.702,0.712 | -0.059,-0.065,0.010
q_GtoI = 0.674,-0.457,0.499,0.295 | p_IinG = 5.453,-3.669,0.342 | dist = 40.92 (meters)
bg = -0.0073,0.0242,0.0786 | ba = -0.0607,0.0683,0.0283
camera-imu timeoffset = 0.00008
cam0 intrinsics = 463.683,466.105,363.778,251.350 | -0.277,0.069,0.000,-0.000
cam1 intrinsics = 462.683,465.084,376.562,258.085 | -0.277,0.069,-0.000,-0.000
cam0 extrinsics = -0.007,0.006,0.702,0.712 | 0.061,-0.066,0.007
cam1 extrinsics = -0.002,0.011,0.702,0.712 | -0.058,-0.065,0.010
q_GtoI = 0.670,-0.464,0.495,0.300 | p_IinG = 5.449,-3.735,0.348 | dist = 40.99 (meters)
bg = -0.0073,0.0242,0.0785 | ba = -0.0594,0.0685,0.0301
camera-imu timeoffset = 0.00008
cam0 intrinsics = 463.702,466.115,363.760,251.350 | -0.277,0.069,0.000,-0.000
cam1 intrinsics = 462.702,465.094,376.544,258.083 | -0.277,0.069,-0.000,-0.000
cam0 extrinsics = -0.007,0.006,0.702,0.712 | 0.061,-0.065,0.007
cam1 extrinsics = -0.002,0.011,0.702,0.712 | -0.058,-0.065,0.010
q_GtoI = 0.666,-0.469,0.493,0.307 | p_IinG = 5.451,-3.787,0.351 | dist = 41.06 (meters)
bg = -0.0068,0.0241,0.0783 | ba = -0.0518,0.0661,0.0322
camera-imu timeoffset = 0.00006
cam0 intrinsics = 463.703,466.091,363.706,251.316 | -0.277,0.069,0.000,-0.000
cam1 intrinsics = 462.715,465.089,376.489,258.048 | -0.277,0.069,-0.000,-0.000
cam0 extrinsics = -0.007,0.006,0.702,0.712 | 0.062,-0.066,0.006
cam1 extrinsics = -0.002,0.011,0.702,0.712 | -0.057,-0.065,0.010
q_GtoI = 0.664,-0.472,0.488,0.313 | p_IinG = 5.444,-3.852,0.357 | dist = 41.13 (meters)
bg = -0.0068,0.0241,0.0782 | ba = -0.0485,0.0656,0.0326
camera-imu timeoffset = 0.00006
cam0 intrinsics = 463.722,466.104,363.678,251.298 | -0.277,0.069,0.000,-0.000
cam1 intrinsics = 462.732,465.100,376.462,258.031 | -0.277,0.069,-0.000,-0.000
cam0 extrinsics = -0.007,0.006,0.702,0.712 | 0.063,-0.065,0.006
cam1 extrinsics = -0.002,0.011,0.702,0.712 | -0.056,-0.065,0.009
q_GtoI = 0.663,-0.473,0.483,0.320 | p_IinG = 5.437,-3.917,0.364 | dist = 41.20 (meters)
bg = -0.0067,0.0241,0.0782 | ba = -0.0444,0.0649,0.0337
camera-imu timeoffset = 0.00006
cam0 intrinsics = 463.739,466.112,363.668,251.284 | -0.277,0.069,0.000,-0.000
cam1 intrinsics = 462.747,465.105,376.451,258.016 | -0.277,0.069,-0.000,-0.000
cam0 extrinsics = -0.007,0.006,0.702,0.712 | 0.064,-0.065,0.006
cam1 extrinsics = -0.002,0.010,0.702,0.712 | -0.055,-0.065,0.009
q_GtoI = 0.664,-0.474,0.478,0.325 | p_IinG = 5.430,-3.982,0.373 | dist = 41.27 (meters)
bg = -0.0067,0.0240,0.0782 | ba = -0.0408,0.0641,0.0351
camera-imu timeoffset = 0.00006
cam0 intrinsics = 463.752,466.113,363.650,251.270 | -0.277,0.069,0.000,-0.000
cam1 intrinsics = 462.757,465.104,376.435,258.003 | -0.277,0.069,-0.000,-0.000
cam0 extrinsics = -0.007,0.006,0.702,0.712 | 0.065,-0.065,0.006
cam1 extrinsics = -0.002,0.010,0.702,0.712 | -0.054,-0.065,0.009
q_GtoI = 0.666,-0.476,0.473,0.328 | p_IinG = 5.420,-4.045,0.383 | dist = 41.33 (meters)
bg = -0.0066,0.0239,0.0781 | ba = -0.0364,0.0622,0.0367
camera-imu timeoffset = 0.00006
cam0 intrinsics = 463.762,466.112,363.627,251.253 | -0.277,0.069,0.000,-0.000
cam1 intrinsics = 462.765,465.100,376.413,257.986 | -0.277,0.069,-0.000,-0.000
cam0 extrinsics = -0.007,0.006,0.702,0.712 | 0.066,-0.065,0.005
cam1 extrinsics = -0.002,0.010,0.702,0.712 | -0.053,-0.065,0.009
q_GtoI = 0.667,-0.478,0.469,0.327 | p_IinG = 5.412,-4.109,0.392 | dist = 41.40 (meters)
bg = -0.0067,0.0237,0.0780 | ba = -0.0335,0.0613,0.0382
camera-imu timeoffset = 0.00006
cam0 intrinsics = 463.764,466.109,363.616,251.241 | -0.277,0.069,0.000,-0.000
cam1 intrinsics = 462.764,465.094,376.403,257.974 | -0.277,0.069,-0.000,-0.000
cam0 extrinsics = -0.007,0.006,0.702,0.712 | 0.066,-0.066,0.005
cam1 extrinsics = -0.002,0.010,0.702,0.712 | -0.053,-0.065,0.009
q_GtoI = 0.668,-0.480,0.465,0.327 | p_IinG = 5.403,-4.173,0.401 | dist = 41.47 (meters)
bg = -0.0067,0.0236,0.0778 | ba = -0.0309,0.0599,0.0397
camera-imu timeoffset = 0.00006
cam0 intrinsics = 463.761,466.103,363.602,251.231 | -0.277,0.069,0.000,-0.000
cam1 intrinsics = 462.759,465.086,376.392,257.965 | -0.277,0.069,-0.000,-0.000
cam0 extrinsics = -0.007,0.006,0.702,0.712 | 0.067,-0.066,0.005
cam1 extrinsics = -0.002,0.011,0.703,0.712 | -0.052,-0.065,0.009
q_GtoI = 0.669,-0.481,0.462,0.326 | p_IinG = 5.392,-4.237,0.409 | dist = 41.53 (meters)
bg = -0.0067,0.0235,0.0777 | ba = -0.0283,0.0579,0.0415
camera-imu timeoffset = 0.00006
cam0 intrinsics = 463.755,466.098,363.588,251.226 | -0.277,0.069,0.000,-0.000
cam1 intrinsics = 462.751,465.078,376.379,257.960 | -0.277,0.069,-0.000,-0.000
cam0 extrinsics = -0.007,0.006,0.702,0.712 | 0.068,-0.066,0.005
cam1 extrinsics = -0.002,0.011,0.703,0.712 | -0.051,-0.066,0.009
q_GtoI = 0.669,-0.484,0.462,0.323 | p_IinG = 5.381,-4.301,0.415 | dist = 41.60 (meters)
bg = -0.0067,0.0234,0.0774 | ba = -0.0263,0.0564,0.0435
camera-imu timeoffset = 0.00006
cam0 intrinsics = 463.743,466.090,363.576,251.221 | -0.277,0.069,0.000,-0.000
cam1 intrinsics = 462.736,465.068,376.368,257.956 | -0.277,0.069,-0.000,-0.000
cam0 extrinsics = -0.007,0.006,0.702,0.712 | 0.068,-0.066,0.005
cam1 extrinsics = -0.002,0.011,0.702,0.712 | -0.051,-0.066,0.009
q_GtoI = 0.668,-0.487,0.464,0.318 | p_IinG = 5.379,-4.362,0.416 | dist = 41.67 (meters)
bg = -0.0068,0.0232,0.0771 | ba = -0.0216,0.0557,0.0453
camera-imu timeoffset = 0.00007
cam0 intrinsics = 463.720,466.069,363.557,251.225 | -0.277,0.069,0.000,-0.000
cam1 intrinsics = 462.706,465.040,376.363,257.961 | -0.277,0.069,-0.000,-0.000
cam0 extrinsics = -0.007,0.006,0.702,0.712 | 0.069,-0.067,0.005
cam1 extrinsics = -0.002,0.011,0.702,0.712 | -0.050,-0.066,0.008
q_GtoI = 0.667,-0.489,0.466,0.315 | p_IinG = 5.368,-4.427,0.420 | dist = 41.73 (meters)
bg = -0.0068,0.0232,0.0768 | ba = -0.0203,0.0539,0.0477
camera-imu timeoffset = 0.00007
cam0 intrinsics = 463.704,466.055,363.550,251.226 | -0.277,0.069,0.000,-0.000
cam1 intrinsics = 462.688,465.025,376.360,257.962 | -0.277,0.069,-0.000,-0.000
cam0 extrinsics = -0.007,0.006,0.702,0.712 | 0.069,-0.067,0.005
cam1 extrinsics = -0.002,0.011,0.702,0.712 | -0.050,-0.066,0.009
q_GtoI = 0.666,-0.490,0.468,0.312 | p_IinG = 5.359,-4.491,0.421 | dist = 41.80 (meters)
bg = -0.0067,0.0230,0.0769 | ba = -0.0182,0.0528,0.0485
camera-imu timeoffset = 0.00007
cam0 intrinsics = 463.698,466.049,363.543,251.216 | -0.277,0.069,0.000,-0.000
cam1 intrinsics = 462.681,465.017,376.355,257.953 | -0.277,0.069,-0.000,-0.000
cam0 extrinsics = -0.007,0.006,0.702,0.712 | 0.069,-0.067,0.006
cam1 extrinsics = -0.002,0.011,0.702,0.712 | -0.050,-0.066,0.009
q_GtoI = 0.665,-0.491,0.470,0.310 | p_IinG = 5.354,-4.551,0.420 | dist = 41.86 (meters)
bg = -0.0066,0.0228,0.0769 | ba = -0.0154,0.0534,0.0509
camera-imu timeoffset = 0.00007
cam0 intrinsics = 463.696,466.049,363.529,251.214 | -0.277,0.069,0.000,-0.000
cam1 intrinsics = 462.681,465.016,376.355,257.952 | -0.277,0.069,-0.000,-0.000
cam0 extrinsics = -0.007,0.006,0.702,0.712 | 0.069,-0.067,0.006
cam1 extrinsics = -0.002,0.011,0.702,0.712 | -0.050,-0.066,0.009
q_GtoI = 0.665,-0.491,0.471,0.308 | p_IinG = 5.345,-4.616,0.418 | dist = 41.93 (meters)
bg = -0.0065,0.0227,0.0768 | ba = -0.0140,0.0543,0.0525
camera-imu timeoffset = 0.00007
cam0 intrinsics = 463.686,466.044,363.524,251.204 | -0.277,0.069,0.000,-0.000
cam1 intrinsics = 462.670,465.010,376.351,257.944 | -0.277,0.069,-0.000,-0.000
cam0 extrinsics = -0.007,0.006,0.702,0.712 | 0.069,-0.067,0.006
cam1 extrinsics = -0.002,0.011,0.702,0.712 | -0.050,-0.066,0.009
q_GtoI = 0.665,-0.491,0.470,0.307 | p_IinG = 5.337,-4.679,0.414 | dist = 41.99 (meters)
bg = -0.0062,0.0225,0.0769 | ba = -0.0130,0.0571,0.0536
camera-imu timeoffset = 0.00007
cam0 intrinsics = 463.671,466.031,363.529,251.193 | -0.277,0.069,0.000,-0.000
cam1 intrinsics = 462.659,464.999,376.359,257.934 | -0.277,0.069,-0.000,-0.000
cam0 extrinsics = -0.007,0.006,0.702,0.712 | 0.070,-0.067,0.005
cam1 extrinsics = -0.002,0.011,0.702,0.712 | -0.050,-0.067,0.008
q_GtoI = 0.668,-0.491,0.468,0.306 | p_IinG = 5.330,-4.740,0.409 | dist = 42.06 (meters)
bg = -0.0059,0.0222,0.0770 | ba = -0.0124,0.0602,0.0554
camera-imu timeoffset = 0.00006
cam0 intrinsics = 463.655,466.020,363.531,251.184 | -0.277,0.069,0.000,-0.000
cam1 intrinsics = 462.641,464.988,376.366,257.927 | -0.277,0.069,-0.000,-0.000
cam0 extrinsics = -0.007,0.006,0.702,0.712 | 0.070,-0.067,0.004
cam1 extrinsics = -0.002,0.011,0.702,0.712 | -0.049,-0.067,0.008
q_GtoI = 0.670,-0.491,0.466,0.305 | p_IinG = 5.320,-4.806,0.402 | dist = 42.13 (meters)
bg = -0.0057,0.0221,0.0769 | ba = -0.0114,0.0621,0.0553
camera-imu timeoffset = 0.00006
cam0 intrinsics = 463.645,466.017,363.533,251.170 | -0.277,0.069,0.000,-0.000
cam1 intrinsics = 462.630,464.983,376.369,257.914 | -0.277,0.069,-0.000,-0.000
cam0 extrinsics = -0.007,0.006,0.702,0.712 | 0.070,-0.067,0.004
cam1 extrinsics = -0.002,0.011,0.702,0.712 | -0.049,-0.067,0.007
q_GtoI = 0.673,-0.489,0.464,0.305 | p_IinG = 5.310,-4.872,0.394 | dist = 42.20 (meters)
bg = -0.0056,0.0220,0.0769 | ba = -0.0105,0.0637,0.0552
camera-imu timeoffset = 0.00006
cam0 intrinsics = 463.637,466.019,363.539,251.160 | -0.277,0.069,0.000,-0.000
cam1 intrinsics = 462.621,464.984,376.376,257.904 | -0.277,0.069,-0.000,-0.000
cam0 extrinsics = -0.007,0.006,0.702,0.712 | 0.070,-0.067,0.004
cam1 extrinsics = -0.002,0.011,0.702,0.712 | -0.049,-0.067,0.007
q_GtoI = 0.675,-0.488,0.463,0.303 | p_IinG = 5.299,-4.940,0.387 | dist = 42.26 (meters)
bg = -0.0054,0.0220,0.0768 | ba = -0.0099,0.0645,0.0546
camera-imu timeoffset = 0.00007
cam0 intrinsics = 463.627,466.018,363.539,251.149 | -0.277,0.069,0.000,-0.000
cam1 intrinsics = 462.609,464.981,376.378,257.893 | -0.277,0.069,-0.000,-0.000
cam0 extrinsics = -0.007,0.006,0.702,0.712 | 0.070,-0.067,0.004
cam1 extrinsics = -0.002,0.011,0.702,0.712 | -0.049,-0.067,0.007
q_GtoI = 0.678,-0.486,0.460,0.304 | p_IinG = 5.287,-5.010,0.381 | dist = 42.33 (meters)
bg = -0.0053,0.0219,0.0767 | ba = -0.0101,0.0646,0.0537
camera-imu timeoffset = 0.00007
cam0 intrinsics = 463.625,466.020,363.547,251.145 | -0.277,0.069,0.000,-0.000
cam1 intrinsics = 462.606,464.982,376.384,257.890 | -0.277,0.069,-0.000,-0.000
cam0 extrinsics = -0.007,0.006,0.702,0.712 | 0.070,-0.067,0.004
cam1 extrinsics = -0.002,0.011,0.702,0.712 | -0.049,-0.067,0.007
q_GtoI = 0.681,-0.483,0.457,0.306 | p_IinG = 5.274,-5.081,0.376 | dist = 42.40 (meters)
bg = -0.0053,0.0217,0.0766 | ba = -0.0107,0.0654,0.0528
camera-imu timeoffset = 0.00007
cam0 intrinsics = 463.619,466.018,363.548,251.136 | -0.277,0.069,0.000,-0.000
cam1 intrinsics = 462.601,464.980,376.386,257.881 | -0.277,0.069,-0.000,-0.000
cam0 extrinsics = -0.007,0.006,0.702,0.712 | 0.070,-0.067,0.004
cam1 extrinsics = -0.002,0.011,0.702,0.712 | -0.050,-0.067,0.007
q_GtoI = 0.683,-0.480,0.455,0.308 | p_IinG = 5.261,-5.152,0.374 | dist = 42.48 (meters)
bg = -0.0053,0.0216,0.0765 | ba = -0.0105,0.0666,0.0530
camera-imu timeoffset = 0.00007
cam0 intrinsics = 463.607,466.018,363.547,251.128 | -0.277,0.069,0.000,-0.000
cam1 intrinsics = 462.588,464.979,376.383,257.872 | -0.277,0.069,-0.000,-0.000
cam0 extrinsics = -0.007,0.006,0.702,0.712 | 0.070,-0.067,0.004
cam1 extrinsics = -0.002,0.011,0.702,0.712 | -0.050,-0.067,0.007
q_GtoI = 0.686,-0.478,0.452,0.309 | p_IinG = 5.248,-5.225,0.373 | dist = 42.55 (meters)
bg = -0.0051,0.0214,0.0765 | ba = -0.0112,0.0683,0.0530
camera-imu timeoffset = 0.00007
cam0 intrinsics = 463.592,466.018,363.543,251.115 | -0.277,0.069,0.000,-0.000
cam1 intrinsics = 462.572,464.979,376.380,257.858 | -0.277,0.069,-0.000,-0.000
cam0 extrinsics = -0.007,0.006,0.702,0.712 | 0.070,-0.067,0.004
cam1 extrinsics = -0.002,0.011,0.702,0.712 | -0.049,-0.067,0.007
q_GtoI = 0.689,-0.477,0.449,0.310 | p_IinG = 5.235,-5.297,0.374 | dist = 42.62 (meters)
bg = -0.0051,0.0211,0.0763 | ba = -0.0122,0.0694,0.0527
camera-imu timeoffset = 0.00007
cam0 intrinsics = 463.577,466.020,363.533,251.121 | -0.277,0.069,0.000,-0.000
cam1 intrinsics = 462.556,464.979,376.369,257.863 | -0.277,0.069,-0.000,-0.000
cam0 extrinsics = -0.007,0.006,0.702,0.712 | 0.070,-0.067,0.003
cam1 extrinsics = -0.002,0.011,0.702,0.712 | -0.049,-0.067,0.006
q_GtoI = 0.692,-0.476,0.446,0.311 | p_IinG = 5.226,-5.370,0.378 | dist = 42.70 (meters)
bg = -0.0050,0.0209,0.0762 | ba = -0.0135,0.0710,0.0538
camera-imu timeoffset = 0.00008
cam0 intrinsics = 463.565,466.027,363.516,251.139 | -0.277,0.069,0.000,-0.000
cam1 intrinsics = 462.540,464.980,376.352,257.882 | -0.277,0.069,-0.000,-0.000
cam0 extrinsics = -0.007,0.006,0.702,0.712 | 0.070,-0.068,0.004
cam1 extrinsics = -0.002,0.011,0.702,0.712 | -0.049,-0.067,0.006
q_GtoI = 0.693,-0.475,0.446,0.311 | p_IinG = 5.217,-5.444,0.386 | dist = 42.77 (meters)
bg = -0.0048,0.0208,0.0760 | ba = -0.0145,0.0716,0.0538
camera-imu timeoffset = 0.00008
cam0 intrinsics = 463.560,466.033,363.502,251.151 | -0.277,0.069,0.000,-0.000
cam1 intrinsics = 462.537,464.988,376.337,257.895 | -0.277,0.069,-0.000,-0.000
cam0 extrinsics = -0.007,0.006,0.702,0.712 | 0.070,-0.068,0.003
cam1 extrinsics = -0.002,0.011,0.702,0.712 | -0.049,-0.067,0.006
q_GtoI = 0.693,-0.475,0.446,0.310 | p_IinG = 5.209,-5.519,0.396 | dist = 42.85 (meters)
bg = -0.0047,0.0208,0.0759 | ba = -0.0150,0.0713,0.0544
camera-imu timeoffset = 0.00008
cam0 intrinsics = 463.558,466.035,363.496,251.157 | -0.277,0.069,0.000,-0.000
cam1 intrinsics = 462.536,464.991,376.331,257.902 | -0.277,0.069,-0.000,-0.000
cam0 extrinsics = -0.007,0.006,0.702,0.712 | 0.070,-0.068,0.003
cam1 extrinsics = -0.002,0.011,0.702,0.712 | -0.049,-0.067,0.006
q_GtoI = 0.693,-0.474,0.446,0.310 | p_IinG = 5.203,-5.596,0.409 | dist = 42.92 (meters)
bg = -0.0046,0.0207,0.0759 | ba = -0.0148,0.0710,0.0544
camera-imu timeoffset = 0.00008
cam0 intrinsics = 463.564,466.041,363.489,251.154 | -0.277,0.069,0.000,-0.000
cam1 intrinsics = 462.543,464.998,376.327,257.897 | -0.277,0.069,-0.000,-0.000
cam0 extrinsics = -0.007,0.006,0.702,0.712 | 0.070,-0.068,0.003
cam1 extrinsics = -0.002,0.011,0.702,0.712 | -0.049,-0.067,0.006
q_GtoI = 0.693,-0.473,0.447,0.310 | p_IinG = 5.199,-5.672,0.423 | dist = 43.00 (meters)
bg = -0.0046,0.0207,0.0759 | ba = -0.0161,0.0711,0.0540
camera-imu timeoffset = 0.00008
cam0 intrinsics = 463.570,466.054,363.475,251.162 | -0.277,0.069,0.000,-0.000
cam1 intrinsics = 462.551,465.013,376.313,257.905 | -0.277,0.069,-0.000,-0.000
cam0 extrinsics = -0.007,0.006,0.702,0.712 | 0.070,-0.068,0.003
cam1 extrinsics = -0.002,0.011,0.702,0.712 | -0.049,-0.067,0.006
q_GtoI = 0.693,-0.472,0.447,0.311 | p_IinG = 5.195,-5.750,0.438 | dist = 43.08 (meters)
bg = -0.0045,0.0207,0.0760 | ba = -0.0170,0.0714,0.0536
camera-imu timeoffset = 0.00009
cam0 intrinsics = 463.580,466.070,363.468,251.154 | -0.277,0.069,0.000,-0.000
cam1 intrinsics = 462.558,465.027,376.305,257.896 | -0.277,0.069,-0.000,-0.000
cam0 extrinsics = -0.007,0.006,0.702,0.712 | 0.070,-0.068,0.003
cam1 extrinsics = -0.002,0.011,0.702,0.712 | -0.049,-0.067,0.006
q_GtoI = 0.693,-0.472,0.447,0.310 | p_IinG = 5.190,-5.833,0.457 | dist = 43.16 (meters)
bg = -0.0048,0.0207,0.0762 | ba = -0.0182,0.0710,0.0537
camera-imu timeoffset = 0.00008
cam0 intrinsics = 463.575,466.077,363.449,251.151 | -0.277,0.069,0.000,-0.000
cam1 intrinsics = 462.547,465.025,376.288,257.899 | -0.277,0.069,-0.000,-0.000
cam0 extrinsics = -0.007,0.006,0.702,0.712 | 0.070,-0.068,0.003
cam1 extrinsics = -0.002,0.011,0.702,0.712 | -0.049,-0.067,0.006
q_GtoI = 0.692,-0.472,0.449,0.311 | p_IinG = 5.188,-5.914,0.475 | dist = 43.24 (meters)
bg = -0.0048,0.0208,0.0762 | ba = -0.0195,0.0719,0.0535
camera-imu timeoffset = 0.00008
cam0 intrinsics = 463.581,466.087,363.456,251.152 | -0.277,0.069,0.000,-0.000
cam1 intrinsics = 462.552,465.035,376.291,257.899 | -0.277,0.069,-0.000,-0.000
cam0 extrinsics = -0.007,0.006,0.702,0.712 | 0.071,-0.068,0.003
cam1 extrinsics = -0.002,0.011,0.702,0.712 | -0.049,-0.068,0.006
q_GtoI = 0.692,-0.470,0.449,0.312 | p_IinG = 5.187,-5.995,0.491 | dist = 43.33 (meters)
bg = -0.0048,0.0208,0.0762 | ba = -0.0207,0.0731,0.0526
camera-imu timeoffset = 0.00008
cam0 intrinsics = 463.588,466.098,363.450,251.142 | -0.277,0.069,0.000,-0.000
cam1 intrinsics = 462.558,465.045,376.284,257.888 | -0.277,0.069,-0.000,-0.000
cam0 extrinsics = -0.007,0.006,0.702,0.712 | 0.071,-0.068,0.003
cam1 extrinsics = -0.002,0.011,0.702,0.712 | -0.049,-0.068,0.005
q_GtoI = 0.693,-0.469,0.449,0.315 | p_IinG = 5.186,-6.077,0.506 | dist = 43.41 (meters)
bg = -0.0049,0.0209,0.0761 | ba = -0.0216,0.0748,0.0519
camera-imu timeoffset = 0.00008
cam0 intrinsics = 463.594,466.106,363.445,251.129 | -0.277,0.069,0.000,-0.000
cam1 intrinsics = 462.566,465.054,376.280,257.874 | -0.277,0.069,-0.000,-0.000
cam0 extrinsics = -0.007,0.006,0.702,0.712 | 0.071,-0.068,0.002
cam1 extrinsics = -0.002,0.011,0.702,0.712 | -0.048,-0.068,0.005
q_GtoI = 0.693,-0.467,0.448,0.317 | p_IinG = 5.188,-6.160,0.520 | dist = 43.49 (meters)
bg = -0.0050,0.0209,0.0762 | ba = -0.0217,0.0752,0.0509
camera-imu timeoffset = 0.00008
cam0 intrinsics = 463.599,466.114,363.440,251.115 | -0.277,0.069,0.000,-0.000
cam1 intrinsics = 462.570,465.062,376.273,257.860 | -0.277,0.069,-0.000,-0.000
cam0 extrinsics = -0.007,0.006,0.702,0.712 | 0.071,-0.068,0.002
cam1 extrinsics = -0.002,0.011,0.702,0.712 | -0.048,-0.068,0.005
q_GtoI = 0.694,-0.466,0.447,0.319 | p_IinG = 5.190,-6.242,0.532 | dist = 43.58 (meters)
bg = -0.0049,0.0209,0.0761 | ba = -0.0225,0.0776,0.0507
camera-imu timeoffset = 0.00008
cam0 intrinsics = 463.606,466.124,363.436,251.110 | -0.277,0.069,0.000,-0.000
cam1 intrinsics = 462.575,465.070,376.263,257.852 | -0.277,0.069,-0.000,-0.000
cam0 extrinsics = -0.007,0.006,0.702,0.712 | 0.071,-0.068,0.003
cam1 extrinsics = -0.002,0.011,0.702,0.712 | -0.048,-0.068,0.005
q_GtoI = 0.695,-0.465,0.445,0.321 | p_IinG = 5.194,-6.325,0.544 | dist = 43.66 (meters)
bg = -0.0049,0.0210,0.0760 | ba = -0.0240,0.0800,0.0509
camera-imu timeoffset = 0.00008
cam0 intrinsics = 463.613,466.130,363.426,251.121 | -0.277,0.069,0.000,-0.000
cam1 intrinsics = 462.581,465.075,376.254,257.862 | -0.277,0.069,-0.000,-0.000
cam0 extrinsics = -0.007,0.006,0.702,0.712 | 0.071,-0.068,0.003
cam1 extrinsics = -0.002,0.011,0.702,0.712 | -0.048,-0.068,0.005
q_GtoI = 0.696,-0.463,0.443,0.323 | p_IinG = 5.199,-6.410,0.555 | dist = 43.75 (meters)
bg = -0.0048,0.0210,0.0760 | ba = -0.0256,0.0824,0.0502
camera-imu timeoffset = 0.00008
cam0 intrinsics = 463.627,466.142,363.376,251.181 | -0.277,0.069,0.000,-0.000
cam1 intrinsics = 462.603,465.095,376.203,257.923 | -0.277,0.069,-0.000,-0.000
cam0 extrinsics = -0.007,0.006,0.702,0.712 | 0.071,-0.069,0.003
cam1 extrinsics = -0.002,0.011,0.702,0.712 | -0.048,-0.068,0.006
q_GtoI = 0.699,-0.461,0.439,0.326 | p_IinG = 5.207,-6.494,0.563 | dist = 43.83 (meters)
bg = -0.0047,0.0210,0.0760 | ba = -0.0263,0.0854,0.0492
camera-imu timeoffset = 0.00008
cam0 intrinsics = 463.641,466.153,363.370,251.191 | -0.277,0.069,0.000,-0.000
cam1 intrinsics = 462.618,465.107,376.194,257.932 | -0.277,0.069,-0.000,-0.000
cam0 extrinsics = -0.007,0.006,0.702,0.712 | 0.071,-0.068,0.003
cam1 extrinsics = -0.002,0.011,0.702,0.712 | -0.048,-0.068,0.006
q_GtoI = 0.700,-0.460,0.437,0.329 | p_IinG = 5.217,-6.577,0.571 | dist = 43.92 (meters)
bg = -0.0046,0.0210,0.0760 | ba = -0.0263,0.0876,0.0486
camera-imu timeoffset = 0.00008
cam0 intrinsics = 463.658,466.166,363.372,251.185 | -0.277,0.069,0.000,-0.000
cam1 intrinsics = 462.634,465.118,376.194,257.925 | -0.277,0.069,-0.000,-0.000
cam0 extrinsics = -0.007,0.006,0.702,0.712 | 0.071,-0.068,0.003
cam1 extrinsics = -0.002,0.011,0.702,0.712 | -0.048,-0.068,0.006
q_GtoI = 0.701,-0.458,0.435,0.330 | p_IinG = 5.231,-6.659,0.577 | dist = 44.00 (meters)
bg = -0.0045,0.0211,0.0759 | ba = -0.0260,0.0905,0.0481
camera-imu timeoffset = 0.00008
cam0 intrinsics = 463.682,466.180,363.378,251.178 | -0.277,0.069,0.000,-0.000
cam1 intrinsics = 462.659,465.135,376.199,257.917 | -0.277,0.069,-0.000,-0.000
cam0 extrinsics = -0.007,0.006,0.702,0.712 | 0.071,-0.067,0.003
cam1 extrinsics = -0.002,0.011,0.702,0.712 | -0.048,-0.067,0.006
q_GtoI = 0.701,-0.457,0.434,0.332 | p_IinG = 5.246,-6.741,0.582 | dist = 44.09 (meters)
bg = -0.0043,0.0211,0.0760 | ba = -0.0252,0.0922,0.0477
camera-imu timeoffset = 0.00008
cam0 intrinsics = 463.703,466.191,363.380,251.172 | -0.277,0.069,0.000,-0.000
cam1 intrinsics = 462.679,465.145,376.201,257.910 | -0.277,0.069,-0.000,-0.000
cam0 extrinsics = -0.007,0.006,0.702,0.712 | 0.071,-0.067,0.004
cam1 extrinsics = -0.002,0.011,0.702,0.712 | -0.048,-0.067,0.006
q_GtoI = 0.700,-0.456,0.436,0.334 | p_IinG = 5.269,-6.824,0.588 | dist = 44.18 (meters)
bg = -0.0042,0.0212,0.0761 | ba = -0.0253,0.0941,0.0499
camera-imu timeoffset = 0.00008
cam0 intrinsics = 463.741,466.199,363.390,251.183 | -0.277,0.069,0.000,-0.000
cam1 intrinsics = 462.715,465.150,376.216,257.919 | -0.277,0.069,-0.000,-0.000
cam0 extrinsics = -0.007,0.006,0.702,0.712 | 0.071,-0.067,0.004
cam1 extrinsics = -0.002,0.011,0.702,0.712 | -0.048,-0.067,0.007
q_GtoI = 0.699,-0.454,0.439,0.337 | p_IinG = 5.290,-6.907,0.592 | dist = 44.26 (meters)
bg = -0.0040,0.0212,0.0762 | ba = -0.0244,0.0954,0.0501
camera-imu timeoffset = 0.00008
cam0 intrinsics = 463.768,466.210,363.382,251.205 | -0.277,0.069,0.000,-0.000
cam1 intrinsics = 462.743,465.161,376.206,257.941 | -0.277,0.069,-0.000,-0.000
cam0 extrinsics = -0.007,0.006,0.702,0.712 | 0.071,-0.067,0.004
cam1 extrinsics = -0.002,0.011,0.702,0.712 | -0.048,-0.066,0.007
q_GtoI = 0.696,-0.453,0.443,0.338 | p_IinG = 5.313,-6.989,0.595 | dist = 44.35 (meters)
bg = -0.0039,0.0212,0.0763 | ba = -0.0244,0.0971,0.0505
camera-imu timeoffset = 0.00008
cam0 intrinsics = 463.789,466.214,363.393,251.214 | -0.277,0.069,0.000,-0.000
cam1 intrinsics = 462.767,465.169,376.220,257.950 | -0.277,0.069,-0.000,-0.000
cam0 extrinsics = -0.007,0.006,0.702,0.712 | 0.071,-0.067,0.004
cam1 extrinsics = -0.002,0.011,0.702,0.712 | -0.048,-0.066,0.007
q_GtoI = 0.694,-0.453,0.446,0.339 | p_IinG = 5.337,-7.071,0.596 | dist = 44.43 (meters)
bg = -0.0037,0.0212,0.0763 | ba = -0.0241,0.0987,0.0504
camera-imu timeoffset = 0.00008
cam0 intrinsics = 463.805,466.219,363.405,251.227 | -0.277,0.069,0.000,-0.000
cam1 intrinsics = 462.782,465.172,376.232,257.963 | -0.277,0.069,-0.000,-0.000
cam0 extrinsics = -0.007,0.006,0.702,0.712 | 0.071,-0.067,0.004
cam1 extrinsics = -0.002,0.011,0.702,0.712 | -0.048,-0.067,0.007
q_GtoI = 0.690,-0.454,0.451,0.338 | p_IinG = 5.361,-7.153,0.595 | dist = 44.52 (meters)
bg = -0.0036,0.0213,0.0763 | ba = -0.0226,0.0999,0.0499
camera-imu timeoffset = 0.00008
cam0 intrinsics = 463.815,466.228,363.386,251.242 | -0.277,0.069,0.000,-0.000
cam1 intrinsics = 462.792,465.181,376.212,257.978 | -0.277,0.069,-0.000,-0.000
cam0 extrinsics = -0.008,0.006,0.702,0.712 | 0.071,-0.067,0.004
cam1 extrinsics = -0.002,0.011,0.702,0.712 | -0.048,-0.067,0.007
q_GtoI = 0.687,-0.455,0.455,0.336 | p_IinG = 5.387,-7.235,0.594 | dist = 44.61 (meters)
bg = -0.0034,0.0213,0.0762 | ba = -0.0220,0.0995,0.0492
camera-imu timeoffset = 0.00008
cam0 intrinsics = 463.824,466.240,363.376,251.238 | -0.277,0.069,0.000,-0.000
cam1 intrinsics = 462.800,465.192,376.203,257.973 | -0.277,0.069,-0.000,-0.000
cam0 extrinsics = -0.007,0.006,0.702,0.712 | 0.070,-0.067,0.004
cam1 extrinsics = -0.002,0.011,0.702,0.712 | -0.048,-0.067,0.007
q_GtoI = 0.686,-0.457,0.458,0.333 | p_IinG = 5.417,-7.315,0.594 | dist = 44.69 (meters)
bg = -0.0034,0.0213,0.0761 | ba = -0.0222,0.0971,0.0519
camera-imu timeoffset = 0.00008
cam0 intrinsics = 463.843,466.254,363.360,251.234 | -0.277,0.069,0.000,-0.000
cam1 intrinsics = 462.821,465.209,376.190,257.968 | -0.277,0.069,-0.000,-0.000
cam0 extrinsics = -0.007,0.006,0.702,0.712 | 0.070,-0.066,0.005
cam1 extrinsics = -0.002,0.011,0.702,0.712 | -0.048,-0.066,0.008
q_GtoI = 0.684,-0.459,0.460,0.331 | p_IinG = 5.446,-7.396,0.595 | dist = 44.78 (meters)
bg = -0.0034,0.0213,0.0761 | ba = -0.0224,0.0974,0.0519
camera-imu timeoffset = 0.00008
cam0 intrinsics = 463.856,466.266,363.361,251.244 | -0.277,0.069,0.000,-0.000
cam1 intrinsics = 462.834,465.220,376.190,257.978 | -0.277,0.069,-0.000,-0.000
cam0 extrinsics = -0.007,0.006,0.702,0.712 | 0.070,-0.066,0.005
cam1 extrinsics = -0.002,0.011,0.702,0.712 | -0.048,-0.066,0.008
q_GtoI = 0.682,-0.460,0.463,0.329 | p_IinG = 5.477,-7.476,0.597 | dist = 44.86 (meters)
bg = -0.0033,0.0213,0.0761 | ba = -0.0231,0.0980,0.0514
camera-imu timeoffset = 0.00008
cam0 intrinsics = 463.873,466.279,363.348,251.246 | -0.277,0.069,0.000,-0.000
cam1 intrinsics = 462.850,465.232,376.178,257.979 | -0.277,0.069,-0.000,-0.000
cam0 extrinsics = -0.007,0.006,0.702,0.712 | 0.071,-0.067,0.005
cam1 extrinsics = -0.002,0.011,0.702,0.712 | -0.048,-0.066,0.008
q_GtoI = 0.681,-0.462,0.464,0.328 | p_IinG = 5.508,-7.557,0.601 | dist = 44.95 (meters)
bg = -0.0032,0.0214,0.0761 | ba = -0.0232,0.0987,0.0505
camera-imu timeoffset = 0.00008
cam0 intrinsics = 463.886,466.288,363.339,251.246 | -0.277,0.069,0.000,-0.000
cam1 intrinsics = 462.864,465.242,376.170,257.978 | -0.277,0.069,-0.000,-0.000
cam0 extrinsics = -0.007,0.006,0.702,0.712 | 0.071,-0.067,0.005
cam1 extrinsics = -0.002,0.011,0.702,0.712 | -0.048,-0.066,0.008
q_GtoI = 0.681,-0.462,0.464,0.327 | p_IinG = 5.540,-7.636,0.606 | dist = 45.03 (meters)
bg = -0.0031,0.0215,0.0760 | ba = -0.0230,0.0995,0.0503
camera-imu timeoffset = 0.00008
cam0 intrinsics = 463.898,466.297,363.328,251.246 | -0.277,0.069,0.000,-0.000
cam1 intrinsics = 462.877,465.251,376.161,257.978 | -0.277,0.069,-0.000,-0.000
cam0 extrinsics = -0.007,0.006,0.702,0.712 | 0.071,-0.067,0.005
cam1 extrinsics = -0.002,0.011,0.702,0.712 | -0.048,-0.066,0.008
q_GtoI = 0.682,-0.461,0.463,0.328 | p_IinG = 5.574,-7.715,0.613 | dist = 45.12 (meters)
bg = -0.0031,0.0216,0.0761 | ba = -0.0225,0.1000,0.0509
camera-imu timeoffset = 0.00008
cam0 intrinsics = 463.908,466.304,363.318,251.247 | -0.277,0.069,0.000,-0.000
cam1 intrinsics = 462.887,465.258,376.153,257.979 | -0.277,0.069,-0.000,-0.000
cam0 extrinsics = -0.007,0.006,0.702,0.712 | 0.071,-0.067,0.005
cam1 extrinsics = -0.002,0.011,0.702,0.712 | -0.048,-0.066,0.008
q_GtoI = 0.683,-0.459,0.461,0.331 | p_IinG = 5.608,-7.794,0.623 | dist = 45.20 (meters)
bg = -0.0030,0.0218,0.0761 | ba = -0.0213,0.1001,0.0523
camera-imu timeoffset = 0.00008
cam0 intrinsics = 463.914,466.308,363.308,251.247 | -0.277,0.069,0.000,-0.000
cam1 intrinsics = 462.893,465.263,376.146,257.978 | -0.277,0.069,-0.000,-0.000
cam0 extrinsics = -0.007,0.006,0.702,0.712 | 0.071,-0.067,0.005
cam1 extrinsics = -0.002,0.011,0.702,0.712 | -0.048,-0.067,0.007
q_GtoI = 0.686,-0.456,0.457,0.335 | p_IinG = 5.644,-7.871,0.634 | dist = 45.29 (meters)
bg = -0.0030,0.0219,0.0761 | ba = -0.0198,0.1009,0.0529
camera-imu timeoffset = 0.00008
cam0 intrinsics = 463.922,466.310,363.305,251.255 | -0.277,0.069,0.000,-0.000
cam1 intrinsics = 462.903,465.266,376.146,257.985 | -0.277,0.069,-0.000,-0.000
cam0 extrinsics = -0.007,0.006,0.702,0.712 | 0.071,-0.067,0.005
cam1 extrinsics = -0.002,0.010,0.702,0.712 | -0.048,-0.066,0.007
q_GtoI = 0.688,-0.454,0.455,0.337 | p_IinG = 5.679,-7.947,0.648 | dist = 45.37 (meters)
bg = -0.0029,0.0220,0.0760 | ba = -0.0199,0.1014,0.0546
camera-imu timeoffset = 0.00008
cam0 intrinsics = 463.923,466.308,363.308,251.258 | -0.277,0.069,0.000,-0.000
cam1 intrinsics = 462.903,465.263,376.152,257.987 | -0.277,0.069,-0.000,-0.000
cam0 extrinsics = -0.007,0.006,0.702,0.712 | 0.071,-0.067,0.005
cam1 extrinsics = -0.002,0.010,0.702,0.712 | -0.048,-0.066,0.008
q_GtoI = 0.688,-0.453,0.454,0.339 | p_IinG = 5.716,-8.024,0.663 | dist = 45.46 (meters)
bg = -0.0029,0.0221,0.0759 | ba = -0.0194,0.1018,0.0558
camera-imu timeoffset = 0.00008
cam0 intrinsics = 463.922,466.303,363.327,251.282 | -0.277,0.069,0.000,-0.000
cam1 intrinsics = 462.899,465.255,376.173,258.011 | -0.277,0.069,-0.000,-0.000
cam0 extrinsics = -0.007,0.006,0.702,0.712 | 0.071,-0.067,0.005
cam1 extrinsics = -0.002,0.010,0.702,0.712 | -0.048,-0.066,0.008
q_GtoI = 0.688,-0.454,0.454,0.338 | p_IinG = 5.754,-8.100,0.675 | dist = 45.54 (meters)
bg = -0.0029,0.0221,0.0759 | ba = -0.0190,0.1019,0.0566
camera-imu timeoffset = 0.00008
cam0 intrinsics = 463.919,466.302,363.331,251.283 | -0.277,0.069,0.000,-0.000
cam1 intrinsics = 462.896,465.254,376.179,258.012 | -0.277,0.069,-0.000,-0.000
cam0 extrinsics = -0.007,0.006,0.702,0.712 | 0.071,-0.067,0.005
cam1 extrinsics = -0.002,0.010,0.702,0.712 | -0.048,-0.066,0.008
q_GtoI = 0.689,-0.454,0.454,0.337 | p_IinG = 5.792,-8.175,0.685 | dist = 45.63 (meters)
bg = -0.0028,0.0221,0.0761 | ba = -0.0162,0.1021,0.0575
camera-imu timeoffset = 0.00008
cam0 intrinsics = 463.921,466.299,363.328,251.284 | -0.277,0.069,0.000,-0.000
cam1 intrinsics = 462.899,465.251,376.177,258.012 | -0.277,0.069,-0.000,-0.000
cam0 extrinsics = -0.007,0.006,0.702,0.712 | 0.071,-0.067,0.005
cam1 extrinsics = -0.002,0.010,0.702,0.712 | -0.048,-0.066,0.007
q_GtoI = 0.688,-0.455,0.455,0.335 | p_IinG = 5.832,-8.249,0.692 | dist = 45.71 (meters)
bg = -0.0027,0.0221,0.0762 | ba = -0.0134,0.1019,0.0578
camera-imu timeoffset = 0.00008
cam0 intrinsics = 463.926,466.303,363.324,251.281 | -0.277,0.069,0.000,-0.000
cam1 intrinsics = 462.904,465.254,376.174,258.009 | -0.277,0.069,-0.000,-0.000
cam0 extrinsics = -0.007,0.006,0.702,0.712 | 0.071,-0.067,0.004
cam1 extrinsics = -0.002,0.010,0.702,0.712 | -0.048,-0.066,0.007
q_GtoI = 0.688,-0.457,0.456,0.333 | p_IinG = 5.871,-8.321,0.699 | dist = 45.79 (meters)
bg = -0.0027,0.0222,0.0761 | ba = -0.0123,0.1024,0.0593
camera-imu timeoffset = 0.00008
cam0 intrinsics = 463.925,466.304,363.319,251.281 | -0.277,0.069,0.000,-0.000
cam1 intrinsics = 462.903,465.256,376.169,258.008 | -0.277,0.069,-0.000,-0.000
cam0 extrinsics = -0.007,0.006,0.702,0.712 | 0.071,-0.067,0.004
cam1 extrinsics = -0.002,0.010,0.702,0.712 | -0.048,-0.067,0.007
q_GtoI = 0.688,-0.457,0.456,0.332 | p_IinG = 5.910,-8.391,0.704 | dist = 45.88 (meters)
bg = -0.0027,0.0223,0.0759 | ba = -0.0109,0.1028,0.0615
camera-imu timeoffset = 0.00008
cam0 intrinsics = 463.923,466.305,363.313,251.282 | -0.277,0.069,0.000,-0.000
cam1 intrinsics = 462.903,465.258,376.163,258.010 | -0.277,0.069,-0.000,-0.000
cam0 extrinsics = -0.007,0.006,0.702,0.712 | 0.071,-0.067,0.004
cam1 extrinsics = -0.002,0.010,0.702,0.712 | -0.049,-0.067,0.007
q_GtoI = 0.687,-0.458,0.457,0.330 | p_IinG = 5.951,-8.461,0.707 | dist = 45.96 (meters)
bg = -0.0026,0.0224,0.0759 | ba = -0.0090,0.1031,0.0637
camera-imu timeoffset = 0.00008
cam0 intrinsics = 463.920,466.305,363.312,251.279 | -0.277,0.069,0.000,-0.000
cam1 intrinsics = 462.900,465.259,376.162,258.007 | -0.277,0.069,-0.000,-0.000
cam0 extrinsics = -0.007,0.006,0.702,0.712 | 0.071,-0.067,0.004
cam1 extrinsics = -0.002,0.010,0.702,0.712 | -0.049,-0.067,0.007
q_GtoI = 0.688,-0.459,0.456,0.330 | p_IinG = 5.992,-8.528,0.708 | dist = 46.04 (meters)
bg = -0.0025,0.0224,0.0758 | ba = -0.0072,0.1045,0.0667
camera-imu timeoffset = 0.00008
cam0 intrinsics = 463.917,466.304,363.314,251.283 | -0.277,0.069,0.000,-0.000
cam1 intrinsics = 462.897,465.258,376.164,258.012 | -0.277,0.069,-0.000,-0.000
cam0 extrinsics = -0.007,0.006,0.702,0.712 | 0.070,-0.067,0.004
cam1 extrinsics = -0.002,0.010,0.702,0.712 | -0.049,-0.067,0.007
q_GtoI = 0.688,-0.458,0.457,0.330 | p_IinG = 6.034,-8.595,0.708 | dist = 46.13 (meters)
bg = -0.0024,0.0224,0.0758 | ba = -0.0050,0.1049,0.0695
camera-imu timeoffset = 0.00008
cam0 intrinsics = 463.911,466.304,363.325,251.293 | -0.277,0.069,0.000,-0.000
cam1 intrinsics = 462.892,465.257,376.172,258.023 | -0.277,0.069,-0.000,-0.000
cam0 extrinsics = -0.007,0.006,0.702,0.712 | 0.070,-0.067,0.004
cam1 extrinsics = -0.002,0.010,0.702,0.712 | -0.049,-0.067,0.007
q_GtoI = 0.688,-0.458,0.457,0.330 | p_IinG = 6.079,-8.659,0.703 | dist = 46.21 (meters)
bg = -0.0021,0.0220,0.0760 | ba = -0.0004,0.1073,0.0717
camera-imu timeoffset = 0.00008
cam0 intrinsics = 463.915,466.305,363.326,251.292 | -0.277,0.069,0.000,-0.000
cam1 intrinsics = 462.897,465.259,376.164,258.023 | -0.277,0.069,-0.000,-0.000
cam0 extrinsics = -0.007,0.006,0.702,0.712 | 0.070,-0.067,0.004
cam1 extrinsics = -0.002,0.010,0.702,0.712 | -0.049,-0.067,0.007
q_GtoI = 0.688,-0.457,0.457,0.331 | p_IinG = 6.122,-8.723,0.701 | dist = 46.29 (meters)
bg = -0.0020,0.0219,0.0760 | ba = 0.0031,0.1078,0.0741
camera-imu timeoffset = 0.00008
cam0 intrinsics = 463.915,466.307,363.329,251.280 | -0.277,0.069,0.000,-0.000
cam1 intrinsics = 462.898,465.262,376.166,258.011 | -0.277,0.069,-0.000,-0.000
cam0 extrinsics = -0.007,0.006,0.702,0.713 | 0.070,-0.067,0.004
cam1 extrinsics = -0.002,0.010,0.702,0.712 | -0.049,-0.067,0.007
q_GtoI = 0.687,-0.456,0.458,0.331 | p_IinG = 6.165,-8.788,0.702 | dist = 46.37 (meters)
bg = -0.0019,0.0218,0.0760 | ba = 0.0042,0.1072,0.0773
camera-imu timeoffset = 0.00008
cam0 intrinsics = 463.913,466.306,363.329,251.274 | -0.277,0.069,0.000,-0.000
cam1 intrinsics = 462.894,465.259,376.168,258.006 | -0.277,0.069,-0.000,-0.000
cam0 extrinsics = -0.007,0.006,0.702,0.713 | 0.070,-0.067,0.004
cam1 extrinsics = -0.002,0.010,0.702,0.712 | -0.049,-0.067,0.007
q_GtoI = 0.687,-0.457,0.459,0.330 | p_IinG = 6.210,-8.855,0.706 | dist = 46.46 (meters)
bg = -0.0019,0.0219,0.0759 | ba = 0.0046,0.1070,0.0789
camera-imu timeoffset = 0.00008
cam0 intrinsics = 463.915,466.307,363.329,251.267 | -0.277,0.069,0.000,-0.000
cam1 intrinsics = 462.896,465.260,376.168,258.000 | -0.277,0.069,-0.000,-0.000
cam0 extrinsics = -0.007,0.006,0.702,0.713 | 0.070,-0.067,0.004
cam1 extrinsics = -0.002,0.010,0.702,0.712 | -0.049,-0.067,0.007
q_GtoI = 0.686,-0.458,0.461,0.328 | p_IinG = 6.256,-8.921,0.712 | dist = 46.54 (meters)
bg = -0.0018,0.0219,0.0759 | ba = 0.0045,0.1074,0.0819
camera-imu timeoffset = 0.00008
cam0 intrinsics = 463.915,466.306,363.330,251.263 | -0.277,0.069,0.000,-0.000
cam1 intrinsics = 462.895,465.257,376.169,257.996 | -0.277,0.069,-0.000,-0.000
cam0 extrinsics = -0.007,0.006,0.702,0.713 | 0.070,-0.067,0.005
cam1 extrinsics = -0.002,0.010,0.702,0.712 | -0.049,-0.066,0.007
q_GtoI = 0.684,-0.460,0.464,0.325 | p_IinG = 6.302,-8.986,0.719 | dist = 46.62 (meters)
bg = -0.0016,0.0219,0.0758 | ba = 0.0046,0.1069,0.0847
camera-imu timeoffset = 0.00007
cam0 intrinsics = 463.912,466.303,363.339,251.263 | -0.277,0.069,0.000,-0.000
cam1 intrinsics = 462.891,465.254,376.177,257.996 | -0.277,0.069,-0.000,-0.000
cam0 extrinsics = -0.007,0.006,0.702,0.713 | 0.070,-0.067,0.005
cam1 extrinsics = -0.002,0.010,0.702,0.712 | -0.049,-0.066,0.007
q_GtoI = 0.681,-0.464,0.468,0.320 | p_IinG = 6.348,-9.047,0.729 | dist = 46.70 (meters)
bg = -0.0014,0.0219,0.0758 | ba = 0.0047,0.1062,0.0899
camera-imu timeoffset = 0.00007
cam0 intrinsics = 463.911,466.301,363.369,251.280 | -0.277,0.069,0.000,-0.000
cam1 intrinsics = 462.895,465.256,376.202,258.013 | -0.277,0.069,-0.000,-0.000
cam0 extrinsics = -0.007,0.006,0.702,0.713 | 0.070,-0.066,0.005
cam1 extrinsics = -0.002,0.010,0.702,0.712 | -0.049,-0.066,0.008
q_GtoI = 0.680,-0.466,0.470,0.316 | p_IinG = 6.396,-9.112,0.739 | dist = 46.79 (meters)
bg = -0.0012,0.0220,0.0757 | ba = 0.0053,0.1061,0.0930
camera-imu timeoffset = 0.00008
cam0 intrinsics = 463.913,466.302,363.377,251.273 | -0.277,0.069,0.000,-0.000
cam1 intrinsics = 462.898,465.258,376.208,258.006 | -0.277,0.069,-0.000,-0.000
cam0 extrinsics = -0.007,0.006,0.702,0.713 | 0.070,-0.066,0.005
cam1 extrinsics = -0.002,0.010,0.702,0.712 | -0.049,-0.066,0.008
q_GtoI = 0.678,-0.468,0.472,0.313 | p_IinG = 6.443,-9.176,0.749 | dist = 46.87 (meters)
bg = -0.0010,0.0221,0.0756 | ba = 0.0063,0.1062,0.0969
camera-imu timeoffset = 0.00008
cam0 intrinsics = 463.915,466.301,363.392,251.268 | -0.277,0.069,0.000,-0.000
cam1 intrinsics = 462.901,465.258,376.221,258.001 | -0.277,0.069,-0.000,-0.000
cam0 extrinsics = -0.007,0.006,0.702,0.713 | 0.070,-0.066,0.005
cam1 extrinsics = -0.002,0.010,0.702,0.712 | -0.049,-0.066,0.008
q_GtoI = 0.677,-0.469,0.473,0.313 | p_IinG = 6.491,-9.239,0.758 | dist = 46.95 (meters)
bg = -0.0009,0.0221,0.0755 | ba = 0.0062,0.1064,0.1006
camera-imu timeoffset = 0.00008
cam0 intrinsics = 463.926,466.302,363.391,251.262 | -0.277,0.069,0.000,-0.000
cam1 intrinsics = 462.912,465.259,376.219,257.995 | -0.277,0.069,-0.000,-0.000
cam0 extrinsics = -0.007,0.006,0.702,0.713 | 0.070,-0.066,0.005
cam1 extrinsics = -0.002,0.010,0.702,0.712 | -0.049,-0.066,0.008
q_GtoI = 0.677,-0.469,0.472,0.313 | p_IinG = 6.538,-9.302,0.764 | dist = 47.03 (meters)
bg = -0.0009,0.0222,0.0755 | ba = 0.0069,0.1066,0.1041
camera-imu timeoffset = 0.00008
cam0 intrinsics = 463.941,466.307,363.393,251.250 | -0.277,0.069,0.000,-0.000
cam1 intrinsics = 462.925,465.261,376.217,257.982 | -0.277,0.069,-0.000,-0.000
cam0 extrinsics = -0.007,0.006,0.702,0.713 | 0.070,-0.066,0.005
cam1 extrinsics = -0.002,0.010,0.702,0.712 | -0.049,-0.066,0.008
q_GtoI = 0.677,-0.469,0.473,0.313 | p_IinG = 6.584,-9.364,0.770 | dist = 47.11 (meters)
bg = -0.0008,0.0222,0.0754 | ba = 0.0071,0.1070,0.1081
camera-imu timeoffset = 0.00008
cam0 intrinsics = 463.951,466.311,363.400,251.232 | -0.277,0.069,0.000,-0.000
cam1 intrinsics = 462.935,465.265,376.221,257.965 | -0.277,0.069,-0.000,-0.000
cam0 extrinsics = -0.007,0.006,0.702,0.713 | 0.070,-0.066,0.005
cam1 extrinsics = -0.002,0.010,0.702,0.712 | -0.049,-0.066,0.008
q_GtoI = 0.677,-0.470,0.472,0.313 | p_IinG = 6.630,-9.426,0.774 | dist = 47.19 (meters)
bg = -0.0007,0.0221,0.0756 | ba = 0.0068,0.1079,0.1118
camera-imu timeoffset = 0.00008
cam0 intrinsics = 463.958,466.308,363.396,251.226 | -0.277,0.069,0.000,-0.000
cam1 intrinsics = 462.942,465.263,376.219,257.953 | -0.277,0.069,-0.000,-0.000
cam0 extrinsics = -0.007,0.006,0.702,0.713 | 0.070,-0.066,0.005
cam1 extrinsics = -0.002,0.010,0.702,0.712 | -0.049,-0.066,0.008
q_GtoI = 0.676,-0.470,0.472,0.314 | p_IinG = 6.675,-9.488,0.777 | dist = 47.27 (meters)
bg = -0.0005,0.0221,0.0756 | ba = 0.0068,0.1090,0.1146
camera-imu timeoffset = 0.00008
cam0 intrinsics = 463.963,466.308,363.393,251.217 | -0.277,0.069,0.000,-0.000
cam1 intrinsics = 462.947,465.263,376.217,257.944 | -0.277,0.069,-0.000,-0.000
cam0 extrinsics = -0.007,0.006,0.702,0.713 | 0.070,-0.066,0.005
cam1 extrinsics = -0.002,0.010,0.702,0.712 | -0.049,-0.066,0.008
q_GtoI = 0.676,-0.470,0.473,0.315 | p_IinG = 6.719,-9.549,0.780 | dist = 47.34 (meters)
bg = -0.0004,0.0222,0.0757 | ba = 0.0067,0.1086,0.1175
camera-imu timeoffset = 0.00008
cam0 intrinsics = 463.970,466.311,363.387,251.212 | -0.277,0.069,0.000,-0.000
cam1 intrinsics = 462.954,465.264,376.211,257.938 | -0.277,0.069,-0.000,-0.000
cam0 extrinsics = -0.007,0.006,0.702,0.713 | 0.070,-0.066,0.005
cam1 extrinsics = -0.002,0.010,0.702,0.712 | -0.049,-0.066,0.008
q_GtoI = 0.676,-0.469,0.472,0.317 | p_IinG = 6.763,-9.612,0.780 | dist = 47.42 (meters)
bg = -0.0002,0.0221,0.0757 | ba = 0.0085,0.1099,0.1175
camera-imu timeoffset = 0.00008
cam0 intrinsics = 463.969,466.315,363.390,251.199 | -0.277,0.069,0.000,-0.000
cam1 intrinsics = 462.955,465.269,376.210,257.922 | -0.277,0.069,-0.000,-0.000
cam0 extrinsics = -0.007,0.006,0.702,0.713 | 0.070,-0.066,0.005
cam1 extrinsics = -0.002,0.010,0.702,0.712 | -0.049,-0.065,0.008
q_GtoI = 0.677,-0.468,0.470,0.319 | p_IinG = 6.807,-9.672,0.780 | dist = 47.49 (meters)
bg = 0.0001,0.0219,0.0759 | ba = 0.0093,0.1113,0.1203
camera-imu timeoffset = 0.00008
cam0 intrinsics = 463.971,466.320,363.378,251.203 | -0.277,0.069,0.000,-0.000
cam1 intrinsics = 462.957,465.275,376.198,257.926 | -0.277,0.069,-0.000,-0.000
cam0 extrinsics = -0.007,0.006,0.702,0.713 | 0.070,-0.066,0.005
cam1 extrinsics = -0.002,0.010,0.702,0.712 | -0.049,-0.065,0.008
q_GtoI = 0.678,-0.466,0.468,0.323 | p_IinG = 6.850,-9.731,0.780 | dist = 47.57 (meters)
bg = 0.0002,0.0220,0.0759 | ba = 0.0093,0.1108,0.1219
camera-imu timeoffset = 0.00008
cam0 intrinsics = 463.981,466.332,363.361,251.224 | -0.277,0.069,0.000,-0.000
cam1 intrinsics = 462.967,465.286,376.179,257.946 | -0.277,0.069,-0.000,-0.000
cam0 extrinsics = -0.007,0.006,0.702,0.713 | 0.070,-0.066,0.005
cam1 extrinsics = -0.002,0.010,0.702,0.712 | -0.049,-0.065,0.008
q_GtoI = 0.680,-0.464,0.465,0.325 | p_IinG = 6.893,-9.792,0.779 | dist = 47.64 (meters)
bg = 0.0003,0.0220,0.0759 | ba = 0.0092,0.1100,0.1224
camera-imu timeoffset = 0.00008
cam0 intrinsics = 463.987,466.335,363.357,251.219 | -0.277,0.069,0.000,-0.000
cam1 intrinsics = 462.973,465.289,376.177,257.940 | -0.277,0.069,-0.000,-0.000
cam0 extrinsics = -0.007,0.006,0.702,0.713 | 0.070,-0.066,0.005
cam1 extrinsics = -0.002,0.010,0.702,0.712 | -0.049,-0.066,0.008
q_GtoI = 0.681,-0.462,0.465,0.328 | p_IinG = 6.934,-9.851,0.778 | dist = 47.72 (meters)
bg = 0.0003,0.0221,0.0760 | ba = 0.0081,0.1072,0.1237
camera-imu timeoffset = 0.00008
cam0 intrinsics = 464.000,466.339,363.346,251.228 | -0.277,0.069,0.000,-0.000
cam1 intrinsics = 462.987,465.293,376.168,257.949 | -0.277,0.069,-0.000,-0.000
cam0 extrinsics = -0.007,0.006,0.702,0.713 | 0.070,-0.066,0.005
cam1 extrinsics = -0.002,0.010,0.702,0.712 | -0.049,-0.066,0.008
q_GtoI = 0.681,-0.461,0.464,0.329 | p_IinG = 6.973,-9.911,0.778 | dist = 47.79 (meters)
bg = 0.0002,0.0222,0.0759 | ba = 0.0071,0.1022,0.1263
camera-imu timeoffset = 0.00008
cam0 intrinsics = 464.018,466.334,363.328,251.237 | -0.277,0.069,0.000,-0.000
cam1 intrinsics = 463.004,465.288,376.152,257.964 | -0.277,0.069,-0.000,-0.000
cam0 extrinsics = -0.007,0.006,0.702,0.713 | 0.070,-0.067,0.005
cam1 extrinsics = -0.002,0.010,0.702,0.712 | -0.049,-0.067,0.008
q_GtoI = 0.682,-0.460,0.463,0.331 | p_IinG = 7.016,-9.970,0.776 | dist = 47.86 (meters)
bg = 0.0002,0.0222,0.0760 | ba = 0.0076,0.1015,0.1261
camera-imu timeoffset = 0.00008
cam0 intrinsics = 464.027,466.338,363.326,251.230 | -0.277,0.069,0.000,-0.000
cam1 intrinsics = 463.012,465.292,376.152,257.956 | -0.277,0.069,-0.000,-0.000
cam0 extrinsics = -0.007,0.006,0.702,0.713 | 0.070,-0.067,0.005
cam1 extrinsics = -0.002,0.010,0.702,0.712 | -0.049,-0.067,0.008
q_GtoI = 0.682,-0.459,0.463,0.331 | p_IinG = 7.059,-10.028,0.776 | dist = 47.93 (meters)
bg = 0.0003,0.0221,0.0760 | ba = 0.0084,0.1007,0.1259
camera-imu timeoffset = 0.00008
cam0 intrinsics = 464.036,466.342,363.324,251.224 | -0.277,0.069,0.000,-0.000
cam1 intrinsics = 463.020,465.295,376.150,257.949 | -0.277,0.069,-0.000,-0.000
cam0 extrinsics = -0.007,0.006,0.702,0.713 | 0.070,-0.067,0.005
cam1 extrinsics = -0.002,0.010,0.702,0.712 | -0.049,-0.067,0.008
q_GtoI = 0.682,-0.459,0.463,0.331 | p_IinG = 7.103,-10.087,0.779 | dist = 48.01 (meters)
bg = 0.0003,0.0221,0.0761 | ba = 0.0096,0.0990,0.1262
camera-imu timeoffset = 0.00008
cam0 intrinsics = 464.046,466.346,363.310,251.232 | -0.277,0.069,0.000,-0.000
cam1 intrinsics = 463.031,465.299,376.137,257.955 | -0.277,0.069,-0.000,-0.000
cam0 extrinsics = -0.007,0.006,0.702,0.713 | 0.070,-0.067,0.005
cam1 extrinsics = -0.002,0.010,0.702,0.712 | -0.049,-0.067,0.008
q_GtoI = 0.682,-0.458,0.463,0.332 | p_IinG = 7.147,-10.147,0.781 | dist = 48.08 (meters)
bg = 0.0003,0.0221,0.0761 | ba = 0.0146,0.0980,0.1244
camera-imu timeoffset = 0.00008
cam0 intrinsics = 464.054,466.354,363.311,251.203 | -0.277,0.069,0.000,-0.000
cam1 intrinsics = 463.041,465.309,376.142,257.933 | -0.277,0.069,-0.000,-0.000
cam0 extrinsics = -0.007,0.006,0.702,0.713 | 0.070,-0.067,0.005
cam1 extrinsics = -0.002,0.010,0.702,0.712 | -0.049,-0.066,0.008
q_GtoI = 0.682,-0.458,0.463,0.332 | p_IinG = 7.190,-10.205,0.787 | dist = 48.16 (meters)
bg = 0.0002,0.0223,0.0761 | ba = 0.0176,0.0948,0.1246
camera-imu timeoffset = 0.00007
cam0 intrinsics = 464.062,466.359,363.305,251.198 | -0.277,0.069,0.000,-0.000
cam1 intrinsics = 463.048,465.314,376.139,257.927 | -0.277,0.069,-0.000,-0.000
cam0 extrinsics = -0.007,0.006,0.702,0.713 | 0.070,-0.067,0.005
cam1 extrinsics = -0.002,0.010,0.702,0.712 | -0.049,-0.066,0.008
q_GtoI = 0.682,-0.458,0.464,0.331 | p_IinG = 7.234,-10.262,0.795 | dist = 48.23 (meters)
bg = 0.0001,0.0223,0.0760 | ba = 0.0190,0.0928,0.1245
camera-imu timeoffset = 0.00007
cam0 intrinsics = 464.070,466.364,363.301,251.189 | -0.277,0.069,0.000,-0.000
cam1 intrinsics = 463.057,465.320,376.139,257.918 | -0.277,0.069,-0.000,-0.000
cam0 extrinsics = -0.007,0.006,0.702,0.713 | 0.070,-0.067,0.005
cam1 extrinsics = -0.002,0.010,0.702,0.712 | -0.049,-0.066,0.008
q_GtoI = 0.682,-0.459,0.465,0.329 | p_IinG = 7.279,-10.318,0.803 | dist = 48.30 (meters)
bg = 0.0001,0.0222,0.0761 | ba = 0.0198,0.0911,0.1245
camera-imu timeoffset = 0.00007
cam0 intrinsics = 464.078,466.371,363.301,251.179 | -0.277,0.069,0.000,-0.000
cam1 intrinsics = 463.066,465.328,376.139,257.906 | -0.277,0.069,-0.000,-0.000
cam0 extrinsics = -0.007,0.006,0.702,0.713 | 0.070,-0.066,0.005
cam1 extrinsics = -0.002,0.010,0.702,0.712 | -0.049,-0.066,0.008
q_GtoI = 0.681,-0.460,0.466,0.328 | p_IinG = 7.325,-10.372,0.812 | dist = 48.37 (meters)
bg = 0.0000,0.0222,0.0761 | ba = 0.0210,0.0897,0.1251
camera-imu timeoffset = 0.00007
cam0 intrinsics = 464.086,466.381,363.305,251.169 | -0.277,0.069,0.000,-0.000
cam1 intrinsics = 463.071,465.336,376.143,257.894 | -0.277,0.069,-0.000,-0.000
cam0 extrinsics = -0.007,0.006,0.702,0.713 | 0.069,-0.066,0.005
cam1 extrinsics = -0.002,0.010,0.702,0.712 | -0.049,-0.066,0.008
q_GtoI = 0.679,-0.463,0.470,0.323 | p_IinG = 7.371,-10.425,0.821 | dist = 48.44 (meters)
bg = 0.0000,0.0221,0.0762 | ba = 0.0211,0.0884,0.1257
camera-imu timeoffset = 0.00007
cam0 intrinsics = 464.093,466.391,363.313,251.161 | -0.277,0.069,0.000,-0.000
cam1 intrinsics = 463.078,465.346,376.151,257.885 | -0.277,0.069,-0.000,-0.000
cam0 extrinsics = -0.007,0.006,0.702,0.713 | 0.069,-0.066,0.005
cam1 extrinsics = -0.002,0.010,0.702,0.712 | -0.049,-0.066,0.008
q_GtoI = 0.677,-0.465,0.472,0.320 | p_IinG = 7.416,-10.478,0.829 | dist = 48.51 (meters)
bg = 0.0000,0.0221,0.0762 | ba = 0.0209,0.0870,0.1267
camera-imu timeoffset = 0.00007
cam0 intrinsics = 464.100,466.408,363.328,251.154 | -0.277,0.069,0.000,-0.000
cam1 intrinsics = 463.086,465.364,376.162,257.877 | -0.277,0.069,-0.000,-0.000
cam0 extrinsics = -0.007,0.006,0.702,0.713 | 0.069,-0.066,0.006
cam1 extrinsics = -0.002,0.010,0.702,0.712 | -0.049,-0.065,0.008
q_GtoI = 0.675,-0.467,0.475,0.317 | p_IinG = 7.461,-10.531,0.835 | dist = 48.58 (meters)
bg = 0.0001,0.0220,0.0762 | ba = 0.0205,0.0865,0.1281
camera-imu timeoffset = 0.00007
cam0 intrinsics = 464.103,466.415,363.328,251.145 | -0.277,0.069,0.000,-0.000
cam1 intrinsics = 463.088,465.370,376.160,257.867 | -0.277,0.069,-0.000,-0.000
cam0 extrinsics = -0.007,0.006,0.702,0.713 | 0.070,-0.066,0.006
cam1 extrinsics = -0.002,0.010,0.702,0.712 | -0.049,-0.065,0.009
q_GtoI = 0.674,-0.468,0.478,0.315 | p_IinG = 7.505,-10.582,0.840 | dist = 48.65 (meters)
bg = 0.0002,0.0218,0.0761 | ba = 0.0205,0.0858,0.1294
camera-imu timeoffset = 0.00006
cam0 intrinsics = 464.103,466.420,363.328,251.141 | -0.277,0.069,0.000,-0.000
cam1 intrinsics = 463.089,465.376,376.160,257.863 | -0.277,0.069,-0.000,-0.000
cam0 extrinsics = -0.007,0.006,0.702,0.713 | 0.069,-0.066,0.006
cam1 extrinsics = -0.002,0.010,0.702,0.712 | -0.049,-0.065,0.009
q_GtoI = 0.672,-0.465,0.483,0.315 | p_IinG = 7.547,-10.633,0.844 | dist = 48.72 (meters)
bg = 0.0002,0.0218,0.0760 | ba = 0.0213,0.0854,0.1309
camera-imu timeoffset = 0.00006
cam0 intrinsics = 464.106,466.425,363.323,251.145 | -0.277,0.069,0.000,-0.000
cam1 intrinsics = 463.093,465.382,376.154,257.867 | -0.277,0.069,-0.000,-0.000
cam0 extrinsics = -0.007,0.006,0.702,0.713 | 0.070,-0.065,0.006
cam1 extrinsics = -0.002,0.010,0.702,0.712 | -0.049,-0.065,0.009
q_GtoI = 0.671,-0.460,0.489,0.316 | p_IinG = 7.589,-10.683,0.848 | dist = 48.79 (meters)
bg = 0.0002,0.0219,0.0759 | ba = 0.0219,0.0847,0.1323
camera-imu timeoffset = 0.00006
cam0 intrinsics = 464.112,466.431,363.308,251.167 | -0.277,0.069,0.000,-0.000
cam1 intrinsics = 463.100,465.388,376.138,257.889 | -0.277,0.069,-0.000,-0.000
cam0 extrinsics = -0.007,0.006,0.702,0.713 | 0.070,-0.065,0.006
cam1 extrinsics = -0.002,0.010,0.702,0.712 | -0.049,-0.065,0.009
q_GtoI = 0.671,-0.453,0.494,0.316 | p_IinG = 7.630,-10.732,0.849 | dist = 48.85 (meters)
bg = 0.0003,0.0220,0.0758 | ba = 0.0221,0.0839,0.1331
camera-imu timeoffset = 0.00006
cam0 intrinsics = 464.112,466.435,363.296,251.184 | -0.277,0.069,0.000,-0.000
cam1 intrinsics = 463.102,465.393,376.126,257.905 | -0.277,0.069,-0.000,-0.000
cam0 extrinsics = -0.007,0.006,0.702,0.713 | 0.070,-0.065,0.006
cam1 extrinsics = -0.002,0.010,0.702,0.712 | -0.049,-0.065,0.009
q_GtoI = 0.675,-0.444,0.498,0.316 | p_IinG = 7.671,-10.780,0.849 | dist = 48.92 (meters)
bg = 0.0003,0.0220,0.0757 | ba = 0.0233,0.0842,0.1337
camera-imu timeoffset = 0.00006
cam0 intrinsics = 464.109,466.436,363.292,251.193 | -0.277,0.069,0.000,-0.000
cam1 intrinsics = 463.099,465.395,376.125,257.912 | -0.277,0.069,-0.000,-0.000
cam0 extrinsics = -0.007,0.006,0.702,0.713 | 0.070,-0.065,0.006
cam1 extrinsics = -0.002,0.010,0.702,0.712 | -0.049,-0.065,0.009
q_GtoI = 0.680,-0.434,0.501,0.314 | p_IinG = 7.712,-10.827,0.846 | dist = 48.98 (meters)
bg = 0.0004,0.0220,0.0756 | ba = 0.0244,0.0848,0.1338
camera-imu timeoffset = 0.00006
cam0 intrinsics = 464.108,466.441,363.290,251.189 | -0.277,0.069,0.000,-0.000
cam1 intrinsics = 463.097,465.399,376.122,257.907 | -0.277,0.069,-0.000,-0.000
cam0 extrinsics = -0.007,0.006,0.702,0.713 | 0.070,-0.065,0.006
cam1 extrinsics = -0.002,0.010,0.702,0.712 | -0.049,-0.064,0.009
q_GtoI = 0.688,-0.423,0.502,0.309 | p_IinG = 7.751,-10.873,0.842 | dist = 49.04 (meters)
bg = 0.0006,0.0219,0.0755 | ba = 0.0246,0.0847,0.1336
camera-imu timeoffset = 0.00005
cam0 intrinsics = 464.099,466.438,363.285,251.181 | -0.277,0.069,0.000,-0.000
cam1 intrinsics = 463.089,465.397,376.116,257.901 | -0.277,0.069,-0.000,-0.000
cam0 extrinsics = -0.007,0.006,0.702,0.713 | 0.070,-0.065,0.006
cam1 extrinsics = -0.002,0.010,0.702,0.712 | -0.049,-0.064,0.009
q_GtoI = 0.698,-0.412,0.502,0.303 | p_IinG = 7.789,-10.917,0.837 | dist = 49.10 (meters)
bg = 0.0008,0.0219,0.0753 | ba = 0.0248,0.0842,0.1349
camera-imu timeoffset = 0.00005
cam0 intrinsics = 464.087,466.432,363.283,251.175 | -0.277,0.069,0.000,-0.000
cam1 intrinsics = 463.078,465.392,376.111,257.896 | -0.277,0.069,-0.000,-0.000
cam0 extrinsics = -0.007,0.006,0.702,0.713 | 0.070,-0.065,0.006
cam1 extrinsics = -0.002,0.010,0.702,0.712 | -0.049,-0.065,0.009
q_GtoI = 0.707,-0.399,0.505,0.294 | p_IinG = 7.827,-10.963,0.832 | dist = 49.16 (meters)
bg = 0.0009,0.0218,0.0751 | ba = 0.0234,0.0822,0.1350
camera-imu timeoffset = 0.00005
cam0 intrinsics = 464.076,466.422,363.283,251.176 | -0.277,0.069,0.000,-0.000
cam1 intrinsics = 463.066,465.382,376.111,257.897 | -0.277,0.069,-0.000,-0.000
cam0 extrinsics = -0.007,0.006,0.702,0.713 | 0.070,-0.065,0.007
cam1 extrinsics = -0.002,0.010,0.702,0.712 | -0.049,-0.065,0.010
q_GtoI = 0.715,-0.386,0.509,0.285 | p_IinG = 7.866,-11.006,0.825 | dist = 49.22 (meters)
bg = 0.0011,0.0218,0.0749 | ba = 0.0230,0.0814,0.1351
camera-imu timeoffset = 0.00005
cam0 intrinsics = 464.065,466.416,363.279,251.174 | -0.277,0.069,0.000,-0.000
cam1 intrinsics = 463.054,465.375,376.105,257.895 | -0.277,0.069,-0.000,-0.000
cam0 extrinsics = -0.007,0.006,0.702,0.713 | 0.070,-0.066,0.007
cam1 extrinsics = -0.002,0.010,0.702,0.712 | -0.049,-0.065,0.010
q_GtoI = 0.721,-0.369,0.517,0.277 | p_IinG = 7.904,-11.046,0.817 | dist = 49.28 (meters)
bg = 0.0013,0.0219,0.0747 | ba = 0.0237,0.0807,0.1362
camera-imu timeoffset = 0.00004
cam0 intrinsics = 464.044,466.404,363.286,251.170 | -0.277,0.069,0.000,-0.000
cam1 intrinsics = 463.034,465.363,376.116,257.893 | -0.277,0.069,-0.000,-0.000
cam0 extrinsics = -0.007,0.006,0.702,0.713 | 0.070,-0.066,0.007
cam1 extrinsics = -0.002,0.010,0.702,0.712 | -0.049,-0.065,0.010
q_GtoI = 0.726,-0.351,0.526,0.269 | p_IinG = 7.944,-11.085,0.810 | dist = 49.34 (meters)
bg = 0.0014,0.0219,0.0746 | ba = 0.0236,0.0812,0.1365
camera-imu timeoffset = 0.00003
cam0 intrinsics = 464.024,466.393,363.281,251.163 | -0.277,0.069,0.000,-0.000
cam1 intrinsics = 463.014,465.352,376.110,257.886 | -0.277,0.069,-0.000,-0.000
cam0 extrinsics = -0.007,0.006,0.702,0.713 | 0.070,-0.066,0.007
cam1 extrinsics = -0.002,0.010,0.702,0.712 | -0.049,-0.065,0.010
q_GtoI = 0.731,-0.333,0.537,0.259 | p_IinG = 7.982,-11.120,0.803 | dist = 49.39 (meters)
bg = 0.0016,0.0220,0.0744 | ba = 0.0232,0.0822,0.1389
camera-imu timeoffset = 0.00004
cam0 intrinsics = 464.009,466.376,363.276,251.152 | -0.277,0.069,0.000,-0.000
cam1 intrinsics = 462.998,465.335,376.104,257.876 | -0.277,0.069,-0.000,-0.000
cam0 extrinsics = -0.007,0.006,0.702,0.713 | 0.071,-0.065,0.007
cam1 extrinsics = -0.002,0.011,0.702,0.712 | -0.048,-0.065,0.010
q_GtoI = 0.737,-0.314,0.545,0.247 | p_IinG = 8.019,-11.153,0.795 | dist = 49.44 (meters)
bg = 0.0018,0.0221,0.0743 | ba = 0.0217,0.0834,0.1408
camera-imu timeoffset = 0.00003
cam0 intrinsics = 463.975,466.353,363.269,251.142 | -0.277,0.069,0.000,-0.000
cam1 intrinsics = 462.964,465.311,376.097,257.868 | -0.277,0.069,-0.000,-0.000
cam0 extrinsics = -0.007,0.006,0.702,0.712 | 0.071,-0.065,0.006
cam1 extrinsics = -0.002,0.011,0.702,0.712 | -0.048,-0.065,0.009
q_GtoI = 0.744,-0.296,0.552,0.234 | p_IinG = 8.053,-11.183,0.787 | dist = 49.49 (meters)
bg = 0.0020,0.0222,0.0741 | ba = 0.0205,0.0841,0.1440
camera-imu timeoffset = 0.00003
cam0 intrinsics = 463.947,466.332,363.270,251.135 | -0.277,0.069,0.000,-0.000
cam1 intrinsics = 462.934,465.289,376.100,257.863 | -0.277,0.069,-0.000,-0.000
cam0 extrinsics = -0.007,0.006,0.702,0.712 | 0.071,-0.065,0.006
cam1 extrinsics = -0.002,0.011,0.702,0.712 | -0.048,-0.065,0.009
q_GtoI = 0.751,-0.279,0.557,0.220 | p_IinG = 8.084,-11.208,0.774 | dist = 49.54 (meters)
bg = 0.0023,0.0222,0.0740 | ba = 0.0209,0.0860,0.1453
camera-imu timeoffset = 0.00004
cam0 intrinsics = 463.907,466.308,363.276,251.133 | -0.277,0.069,0.000,-0.000
cam1 intrinsics = 462.894,465.264,376.108,257.863 | -0.277,0.069,-0.000,-0.000
cam0 extrinsics = -0.007,0.006,0.702,0.712 | 0.071,-0.065,0.005
cam1 extrinsics = -0.002,0.011,0.702,0.712 | -0.047,-0.064,0.008
q_GtoI = 0.758,-0.264,0.560,0.205 | p_IinG = 8.119,-11.232,0.762 | dist = 49.59 (meters)
bg = 0.0025,0.0222,0.0740 | ba = 0.0194,0.0863,0.1472
camera-imu timeoffset = 0.00003
cam0 intrinsics = 463.897,466.298,363.271,251.134 | -0.277,0.069,0.000,-0.000
cam1 intrinsics = 462.885,465.256,376.102,257.864 | -0.277,0.069,-0.000,-0.000
cam0 extrinsics = -0.007,0.006,0.702,0.712 | 0.072,-0.065,0.006
cam1 extrinsics = -0.002,0.011,0.702,0.712 | -0.047,-0.064,0.009
q_GtoI = 0.764,-0.252,0.563,0.189 | p_IinG = 8.155,-11.257,0.749 | dist = 49.63 (meters)
bg = 0.0026,0.0221,0.0741 | ba = 0.0179,0.0875,0.1469
camera-imu timeoffset = 0.00003
cam0 intrinsics = 463.889,466.290,363.267,251.135 | -0.277,0.069,0.000,-0.000
cam1 intrinsics = 462.877,465.247,376.099,257.867 | -0.277,0.069,-0.000,-0.000
cam0 extrinsics = -0.007,0.006,0.702,0.713 | 0.072,-0.064,0.006
cam1 extrinsics = -0.002,0.011,0.702,0.712 | -0.047,-0.064,0.008
q_GtoI = 0.770,-0.243,0.564,0.175 | p_IinG = 8.187,-11.281,0.734 | dist = 49.67 (meters)
bg = 0.0026,0.0220,0.0742 | ba = 0.0168,0.0885,0.1470
camera-imu timeoffset = 0.00003
cam0 intrinsics = 463.880,466.280,363.260,251.135 | -0.277,0.069,0.000,-0.000
cam1 intrinsics = 462.868,465.237,376.093,257.868 | -0.277,0.069,-0.000,-0.000
cam0 extrinsics = -0.007,0.006,0.702,0.713 | 0.072,-0.064,0.006
cam1 extrinsics = -0.002,0.011,0.702,0.712 | -0.046,-0.064,0.008
q_GtoI = 0.774,-0.235,0.565,0.163 | p_IinG = 8.216,-11.303,0.720 | dist = 49.71 (meters)
bg = 0.0026,0.0219,0.0742 | ba = 0.0152,0.0898,0.1475
camera-imu timeoffset = 0.00003
cam0 intrinsics = 463.872,466.270,363.255,251.134 | -0.277,0.069,0.000,-0.000
cam1 intrinsics = 462.860,465.227,376.088,257.868 | -0.277,0.069,-0.000,-0.000
cam0 extrinsics = -0.007,0.006,0.702,0.713 | 0.073,-0.064,0.005
cam1 extrinsics = -0.002,0.011,0.702,0.712 | -0.046,-0.064,0.008
q_GtoI = 0.777,-0.228,0.566,0.153 | p_IinG = 8.244,-11.326,0.705 | dist = 49.76 (meters)
bg = 0.0026,0.0219,0.0743 | ba = 0.0140,0.0908,0.1466
camera-imu timeoffset = 0.00003
cam0 intrinsics = 463.862,466.261,363.253,251.135 | -0.277,0.069,0.000,-0.000
cam1 intrinsics = 462.851,465.218,376.086,257.870 | -0.277,0.069,-0.000,-0.000
cam0 extrinsics = -0.007,0.006,0.702,0.713 | 0.073,-0.065,0.006
cam1 extrinsics = -0.002,0.011,0.702,0.712 | -0.046,-0.064,0.008
q_GtoI = 0.780,-0.221,0.567,0.146 | p_IinG = 8.272,-11.350,0.690 | dist = 49.79 (meters)
bg = 0.0027,0.0218,0.0743 | ba = 0.0129,0.0919,0.1452
camera-imu timeoffset = 0.00003
cam0 intrinsics = 463.855,466.254,363.254,251.138 | -0.277,0.069,0.000,-0.000
cam1 intrinsics = 462.843,465.212,376.086,257.873 | -0.277,0.069,-0.000,-0.000
cam0 extrinsics = -0.007,0.006,0.702,0.713 | 0.073,-0.065,0.006
cam1 extrinsics = -0.002,0.011,0.702,0.712 | -0.046,-0.064,0.009
q_GtoI = 0.784,-0.214,0.566,0.138 | p_IinG = 8.296,-11.373,0.672 | dist = 49.83 (meters)
bg = 0.0027,0.0217,0.0744 | ba = 0.0129,0.0915,0.1444
camera-imu timeoffset = 0.00003
cam0 intrinsics = 463.853,466.253,363.263,251.136 | -0.277,0.069,0.000,-0.000
cam1 intrinsics = 462.841,465.211,376.096,257.870 | -0.277,0.069,-0.000,-0.000
cam0 extrinsics = -0.007,0.006,0.702,0.713 | 0.073,-0.064,0.006
cam1 extrinsics = -0.002,0.011,0.702,0.712 | -0.046,-0.064,0.009
q_GtoI = 0.789,-0.206,0.564,0.131 | p_IinG = 8.320,-11.395,0.657 | dist = 49.87 (meters)
bg = 0.0027,0.0216,0.0746 | ba = 0.0118,0.0928,0.1430
camera-imu timeoffset = 0.00003
cam0 intrinsics = 463.845,466.243,363.277,251.133 | -0.277,0.069,0.000,-0.000
cam1 intrinsics = 462.832,465.199,376.110,257.866 | -0.277,0.069,-0.000,-0.000
cam0 extrinsics = -0.007,0.006,0.702,0.713 | 0.072,-0.064,0.006
cam1 extrinsics = -0.002,0.011,0.702,0.712 | -0.046,-0.064,0.009
q_GtoI = 0.794,-0.197,0.562,0.125 | p_IinG = 8.343,-11.421,0.644 | dist = 49.90 (meters)
bg = 0.0027,0.0216,0.0747 | ba = 0.0099,0.0912,0.1427
camera-imu timeoffset = 0.00003
cam0 intrinsics = 463.835,466.227,363.296,251.122 | -0.277,0.069,0.000,-0.000
cam1 intrinsics = 462.820,465.182,376.117,257.854 | -0.277,0.069,-0.000,-0.000
cam0 extrinsics = -0.007,0.006,0.702,0.713 | 0.073,-0.064,0.006
cam1 extrinsics = -0.002,0.011,0.702,0.712 | -0.046,-0.064,0.009
q_GtoI = 0.798,-0.190,0.560,0.121 | p_IinG = 8.364,-11.443,0.634 | dist = 49.94 (meters)
bg = 0.0026,0.0214,0.0748 | ba = 0.0084,0.0922,0.1420
camera-imu timeoffset = 0.00003
cam0 intrinsics = 463.829,466.219,363.297,251.124 | -0.277,0.069,0.000,-0.000
cam1 intrinsics = 462.814,465.173,376.117,257.856 | -0.277,0.069,-0.000,-0.000
cam0 extrinsics = -0.007,0.006,0.702,0.713 | 0.073,-0.064,0.006
cam1 extrinsics = -0.002,0.011,0.702,0.712 | -0.046,-0.064,0.009
q_GtoI = 0.800,-0.184,0.558,0.118 | p_IinG = 8.384,-11.465,0.625 | dist = 49.97 (meters)
bg = 0.0025,0.0213,0.0748 | ba = 0.0070,0.0926,0.1411
camera-imu timeoffset = 0.00002
cam0 intrinsics = 463.823,466.214,363.301,251.126 | -0.277,0.069,0.000,-0.000
cam1 intrinsics = 462.808,465.170,376.112,257.854 | -0.277,0.069,-0.000,-0.000
cam0 extrinsics = -0.007,0.006,0.702,0.713 | 0.073,-0.064,0.007
cam1 extrinsics = -0.002,0.011,0.702,0.712 | -0.046,-0.064,0.010
q_GtoI = 0.803,-0.178,0.556,0.117 | p_IinG = 8.403,-11.487,0.622 | dist = 50.00 (meters)
bg = 0.0024,0.0212,0.0749 | ba = 0.0036,0.0927,0.1396
camera-imu timeoffset = 0.00003
cam0 intrinsics = 463.820,466.210,363.302,251.133 | -0.277,0.069,0.000,-0.000
cam1 intrinsics = 462.805,465.167,376.111,257.862 | -0.277,0.069,-0.000,-0.000
cam0 extrinsics = -0.007,0.006,0.702,0.713 | 0.073,-0.064,0.007
cam1 extrinsics = -0.002,0.011,0.702,0.712 | -0.046,-0.064,0.010
q_GtoI = 0.804,-0.175,0.556,0.115 | p_IinG = 8.424,-11.507,0.623 | dist = 50.03 (meters)
bg = 0.0024,0.0212,0.0751 | ba = -0.0024,0.0934,0.1381
camera-imu timeoffset = 0.00004
cam0 intrinsics = 463.844,466.233,363.295,251.161 | -0.277,0.069,0.000,-0.000
cam1 intrinsics = 462.832,465.192,376.108,257.886 | -0.277,0.069,-0.000,-0.000
cam0 extrinsics = -0.007,0.006,0.702,0.713 | 0.073,-0.064,0.008
cam1 extrinsics = -0.002,0.011,0.702,0.712 | -0.046,-0.064,0.011
q_GtoI = 0.804,-0.174,0.557,0.111 | p_IinG = 8.444,-11.527,0.625 | dist = 50.06 (meters)
bg = 0.0024,0.0210,0.0752 | ba = -0.0054,0.0936,0.1359
camera-imu timeoffset = 0.00004
cam0 intrinsics = 463.846,466.239,363.294,251.174 | -0.277,0.069,0.000,-0.000
cam1 intrinsics = 462.834,465.198,376.109,257.898 | -0.277,0.069,-0.000,-0.000
cam0 extrinsics = -0.007,0.006,0.702,0.712 | 0.073,-0.064,0.008
cam1 extrinsics = -0.002,0.011,0.702,0.712 | -0.046,-0.064,0.011
q_GtoI = 0.805,-0.173,0.557,0.110 | p_IinG = 8.463,-11.546,0.627 | dist = 50.09 (meters)
bg = 0.0023,0.0210,0.0749 | ba = -0.0074,0.0931,0.1355
camera-imu timeoffset = 0.00004
cam0 intrinsics = 463.861,466.250,363.288,251.185 | -0.277,0.069,0.000,-0.000
cam1 intrinsics = 462.849,465.209,376.109,257.911 | -0.277,0.069,-0.000,-0.000
cam0 extrinsics = -0.007,0.006,0.702,0.712 | 0.073,-0.065,0.008
cam1 extrinsics = -0.002,0.011,0.702,0.712 | -0.046,-0.064,0.011
q_GtoI = 0.805,-0.173,0.556,0.110 | p_IinG = 8.484,-11.567,0.633 | dist = 50.12 (meters)
bg = 0.0022,0.0209,0.0750 | ba = -0.0105,0.0930,0.1321
camera-imu timeoffset = 0.00004
cam0 intrinsics = 463.865,466.256,363.285,251.202 | -0.277,0.069,0.000,-0.000
cam1 intrinsics = 462.854,465.216,376.108,257.928 | -0.277,0.069,-0.000,-0.000
cam0 extrinsics = -0.007,0.006,0.702,0.712 | 0.074,-0.065,0.008
cam1 extrinsics = -0.002,0.011,0.702,0.712 | -0.045,-0.064,0.011
q_GtoI = 0.805,-0.171,0.557,0.112 | p_IinG = 8.503,-11.587,0.642 | dist = 50.15 (meters)
bg = 0.0022,0.0209,0.0751 | ba = -0.0135,0.0932,0.1293
camera-imu timeoffset = 0.00004
cam0 intrinsics = 463.867,466.261,363.282,251.220 | -0.277,0.069,0.000,-0.000
cam1 intrinsics = 462.858,465.221,376.108,257.945 | -0.277,0.069,-0.000,-0.000
cam0 extrinsics = -0.007,0.006,0.702,0.712 | 0.074,-0.065,0.009
cam1 extrinsics = -0.002,0.011,0.702,0.712 | -0.045,-0.064,0.012
q_GtoI = 0.805,-0.171,0.557,0.113 | p_IinG = 8.523,-11.607,0.652 | dist = 50.18 (meters)
bg = 0.0021,0.0209,0.0751 | ba = -0.0160,0.0932,0.1268
camera-imu timeoffset = 0.00004
cam0 intrinsics = 463.868,466.263,363.280,251.234 | -0.277,0.069,0.000,-0.000
cam1 intrinsics = 462.860,465.225,376.106,257.959 | -0.277,0.069,-0.000,-0.000
cam0 extrinsics = -0.007,0.006,0.702,0.712 | 0.074,-0.065,0.009
cam1 extrinsics = -0.002,0.011,0.702,0.712 | -0.045,-0.065,0.012
q_GtoI = 0.805,-0.171,0.556,0.115 | p_IinG = 8.543,-11.627,0.662 | dist = 50.21 (meters)
bg = 0.0021,0.0209,0.0750 | ba = -0.0183,0.0929,0.1240
camera-imu timeoffset = 0.00004
cam0 intrinsics = 463.870,466.265,363.277,251.251 | -0.277,0.069,0.000,-0.000
cam1 intrinsics = 462.864,465.228,376.103,257.976 | -0.277,0.069,-0.000,-0.000
cam0 extrinsics = -0.007,0.006,0.702,0.712 | 0.074,-0.065,0.009
cam1 extrinsics = -0.002,0.011,0.702,0.712 | -0.044,-0.065,0.012
q_GtoI = 0.805,-0.171,0.556,0.117 | p_IinG = 8.560,-11.645,0.672 | dist = 50.24 (meters)
bg = 0.0020,0.0209,0.0749 | ba = -0.0217,0.0927,0.1210
camera-imu timeoffset = 0.00005
cam0 intrinsics = 463.863,466.263,363.278,251.274 | -0.277,0.069,0.000,-0.000
cam1 intrinsics = 462.867,465.235,376.097,257.999 | -0.277,0.069,-0.000,-0.000
cam0 extrinsics = -0.007,0.006,0.702,0.712 | 0.074,-0.065,0.009
cam1 extrinsics = -0.002,0.011,0.702,0.712 | -0.044,-0.065,0.012
q_GtoI = 0.805,-0.172,0.555,0.119 | p_IinG = 8.578,-11.664,0.681 | dist = 50.27 (meters)
bg = 0.0018,0.0208,0.0750 | ba = -0.0247,0.0916,0.1207
camera-imu timeoffset = 0.00004
cam0 intrinsics = 463.854,466.262,363.276,251.283 | -0.277,0.069,0.000,-0.000
cam1 intrinsics = 462.857,465.233,376.100,258.008 | -0.277,0.069,-0.000,-0.000
cam0 extrinsics = -0.007,0.006,0.702,0.712 | 0.074,-0.065,0.009
cam1 extrinsics = -0.002,0.011,0.702,0.712 | -0.044,-0.065,0.012
q_GtoI = 0.804,-0.172,0.556,0.121 | p_IinG = 8.599,-11.685,0.693 | dist = 50.30 (meters)
bg = 0.0017,0.0207,0.0749 | ba = -0.0272,0.0901,0.1167
camera-imu timeoffset = 0.00005
cam0 intrinsics = 463.852,466.266,363.262,251.331 | -0.277,0.069,0.000,-0.000
cam1 intrinsics = 462.861,465.241,376.077,258.055 | -0.277,0.069,-0.000,-0.000
cam0 extrinsics = -0.007,0.006,0.702,0.712 | 0.075,-0.066,0.009
cam1 extrinsics = -0.002,0.011,0.702,0.712 | -0.044,-0.065,0.012
q_GtoI = 0.803,-0.173,0.557,0.122 | p_IinG = 8.619,-11.704,0.703 | dist = 50.33 (meters)
bg = 0.0016,0.0206,0.0748 | ba = -0.0292,0.0894,0.1147
camera-imu timeoffset = 0.00005
cam0 intrinsics = 463.845,466.260,363.258,251.341 | -0.277,0.069,0.000,-0.000
cam1 intrinsics = 462.855,465.237,376.073,258.065 | -0.277,0.069,-0.000,-0.000
cam0 extrinsics = -0.007,0.006,0.702,0.712 | 0.075,-0.066,0.009
cam1 extrinsics = -0.002,0.011,0.702,0.712 | -0.044,-0.066,0.012
q_GtoI = 0.802,-0.174,0.558,0.123 | p_IinG = 8.637,-11.720,0.715 | dist = 50.35 (meters)
bg = 0.0015,0.0205,0.0749 | ba = -0.0324,0.0883,0.1137
camera-imu timeoffset = 0.00004
cam0 intrinsics = 463.834,466.254,363.254,251.343 | -0.277,0.069,0.000,-0.000
cam1 intrinsics = 462.844,465.231,376.069,258.070 | -0.277,0.069,-0.000,-0.000
cam0 extrinsics = -0.007,0.006,0.702,0.712 | 0.075,-0.066,0.008
cam1 extrinsics = -0.002,0.011,0.702,0.712 | -0.044,-0.066,0.012
q_GtoI = 0.802,-0.175,0.557,0.125 | p_IinG = 8.655,-11.737,0.730 | dist = 50.38 (meters)
bg = 0.0014,0.0204,0.0748 | ba = -0.0361,0.0866,0.1111
camera-imu timeoffset = 0.00003
cam0 intrinsics = 463.822,466.248,363.249,251.351 | -0.277,0.069,0.000,-0.000
cam1 intrinsics = 462.833,465.225,376.064,258.079 | -0.276,0.069,-0.000,-0.000
cam0 extrinsics = -0.007,0.006,0.702,0.712 | 0.075,-0.066,0.008
cam1 extrinsics = -0.002,0.011,0.702,0.712 | -0.044,-0.066,0.011
q_GtoI = 0.801,-0.176,0.557,0.127 | p_IinG = 8.675,-11.754,0.745 | dist = 50.41 (meters)
bg = 0.0012,0.0203,0.0748 | ba = -0.0387,0.0863,0.1091
camera-imu timeoffset = 0.00004
cam0 intrinsics = 463.815,466.243,363.245,251.359 | -0.277,0.069,0.000,-0.000
cam1 intrinsics = 462.826,465.221,376.061,258.087 | -0.276,0.069,-0.000,-0.000
cam0 extrinsics = -0.007,0.006,0.702,0.712 | 0.075,-0.066,0.008
cam1 extrinsics = -0.002,0.011,0.702,0.712 | -0.044,-0.066,0.011
q_GtoI = 0.799,-0.177,0.560,0.129 | p_IinG = 8.694,-11.771,0.759 | dist = 50.44 (meters)
bg = 0.0012,0.0203,0.0747 | ba = -0.0410,0.0858,0.1081
camera-imu timeoffset = 0.00004
cam0 intrinsics = 463.807,466.239,363.242,251.363 | -0.277,0.069,0.000,-0.000
cam1 intrinsics = 462.820,465.219,376.059,258.091 | -0.276,0.069,-0.000,-0.000
cam0 extrinsics = -0.007,0.006,0.702,0.712 | 0.075,-0.066,0.008
cam1 extrinsics = -0.002,0.011,0.702,0.712 | -0.044,-0.066,0.011
q_GtoI = 0.797,-0.176,0.562,0.131 | p_IinG = 8.714,-11.787,0.773 | dist = 50.47 (meters)
bg = 0.0010,0.0203,0.0746 | ba = -0.0427,0.0853,0.1065
camera-imu timeoffset = 0.00004
cam0 intrinsics = 463.789,466.223,363.234,251.370 | -0.277,0.069,0.000,-0.000
cam1 intrinsics = 462.805,465.204,376.056,258.097 | -0.276,0.069,-0.000,-0.000
cam0 extrinsics = -0.007,0.006,0.702,0.712 | 0.075,-0.066,0.007
cam1 extrinsics = -0.002,0.011,0.702,0.712 | -0.044,-0.066,0.011
q_GtoI = 0.795,-0.177,0.565,0.133 | p_IinG = 8.733,-11.804,0.784 | dist = 50.50 (meters)
bg = 0.0008,0.0203,0.0746 | ba = -0.0440,0.0850,0.1059
camera-imu timeoffset = 0.00004
cam0 intrinsics = 463.777,466.215,363.230,251.371 | -0.277,0.069,0.000,-0.000
cam1 intrinsics = 462.794,465.198,376.053,258.099 | -0.276,0.069,-0.000,-0.000
cam0 extrinsics = -0.007,0.006,0.702,0.712 | 0.075,-0.066,0.007
cam1 extrinsics = -0.002,0.011,0.702,0.712 | -0.044,-0.066,0.011
q_GtoI = 0.794,-0.178,0.566,0.133 | p_IinG = 8.753,-11.820,0.793 | dist = 50.53 (meters)
bg = 0.0007,0.0203,0.0746 | ba = -0.0454,0.0847,0.1047
camera-imu timeoffset = 0.00004
cam0 intrinsics = 463.766,466.207,363.225,251.375 | -0.277,0.069,0.000,-0.000
cam1 intrinsics = 462.785,465.192,376.051,258.103 | -0.276,0.069,-0.000,-0.000
cam0 extrinsics = -0.007,0.006,0.702,0.712 | 0.075,-0.066,0.007
cam1 extrinsics = -0.002,0.011,0.702,0.712 | -0.044,-0.066,0.010
q_GtoI = 0.793,-0.178,0.566,0.134 | p_IinG = 8.772,-11.836,0.801 | dist = 50.55 (meters)
bg = 0.0006,0.0204,0.0746 | ba = -0.0464,0.0847,0.1039
camera-imu timeoffset = 0.00004
cam0 intrinsics = 463.761,466.204,363.222,251.377 | -0.277,0.069,0.000,-0.000
cam1 intrinsics = 462.782,465.190,376.049,258.105 | -0.276,0.069,-0.000,-0.000
cam0 extrinsics = -0.007,0.006,0.702,0.712 | 0.075,-0.066,0.007
cam1 extrinsics = -0.002,0.011,0.702,0.712 | -0.044,-0.066,0.010
q_GtoI = 0.791,-0.178,0.570,0.135 | p_IinG = 8.791,-11.850,0.806 | dist = 50.58 (meters)
bg = 0.0005,0.0202,0.0747 | ba = -0.0458,0.0846,0.1041
camera-imu timeoffset = 0.00004
cam0 intrinsics = 463.757,466.204,363.222,251.381 | -0.277,0.069,0.000,-0.000
cam1 intrinsics = 462.778,465.191,376.049,258.109 | -0.276,0.069,-0.000,-0.000
cam0 extrinsics = -0.007,0.006,0.702,0.712 | 0.075,-0.066,0.007
cam1 extrinsics = -0.002,0.011,0.702,0.712 | -0.044,-0.066,0.010
q_GtoI = 0.786,-0.178,0.575,0.136 | p_IinG = 8.806,-11.866,0.810 | dist = 50.60 (meters)
bg = 0.0000,0.0202,0.0745 | ba = -0.0440,0.0824,0.0998
camera-imu timeoffset = 0.00005
cam0 intrinsics = 463.746,466.197,363.217,251.386 | -0.277,0.069,0.000,-0.000
cam1 intrinsics = 462.766,465.181,376.048,258.111 | -0.276,0.069,-0.000,-0.000
cam0 extrinsics = -0.007,0.006,0.702,0.712 | 0.075,-0.067,0.007
cam1 extrinsics = -0.002,0.011,0.702,0.712 | -0.044,-0.066,0.010
q_GtoI = 0.783,-0.177,0.580,0.138 | p_IinG = 8.822,-11.878,0.812 | dist = 50.62 (meters)
bg = -0.0002,0.0202,0.0745 | ba = -0.0418,0.0825,0.0974
camera-imu timeoffset = 0.00005
cam0 intrinsics = 463.740,466.192,363.212,251.398 | -0.277,0.069,0.000,-0.000
cam1 intrinsics = 462.760,465.177,376.044,258.123 | -0.276,0.069,-0.000,-0.000
cam0 extrinsics = -0.007,0.006,0.702,0.712 | 0.075,-0.067,0.007
cam1 extrinsics = -0.002,0.011,0.702,0.712 | -0.044,-0.066,0.010
q_GtoI = 0.783,-0.178,0.580,0.138 | p_IinG = 8.838,-11.888,0.814 | dist = 50.64 (meters)
bg = -0.0003,0.0202,0.0745 | ba = -0.0404,0.0833,0.0962
camera-imu timeoffset = 0.00006
cam0 intrinsics = 463.741,466.196,363.209,251.410 | -0.277,0.069,0.000,-0.000
cam1 intrinsics = 462.761,465.181,376.040,258.137 | -0.276,0.069,-0.000,-0.000
cam0 extrinsics = -0.007,0.006,0.702,0.712 | 0.075,-0.067,0.007
cam1 extrinsics = -0.002,0.011,0.702,0.712 | -0.044,-0.066,0.010
q_GtoI = 0.785,-0.179,0.577,0.137 | p_IinG = 8.853,-11.897,0.817 | dist = 50.66 (meters)
bg = -0.0003,0.0201,0.0745 | ba = -0.0392,0.0835,0.0949
camera-imu timeoffset = 0.00006
cam0 intrinsics = 463.744,466.201,363.207,251.423 | -0.277,0.069,0.000,-0.000
cam1 intrinsics = 462.764,465.186,376.037,258.149 | -0.276,0.069,-0.000,-0.000
cam0 extrinsics = -0.008,0.006,0.702,0.712 | 0.075,-0.067,0.007
cam1 extrinsics = -0.002,0.011,0.702,0.712 | -0.044,-0.066,0.010
q_GtoI = 0.789,-0.179,0.571,0.137 | p_IinG = 8.868,-11.904,0.822 | dist = 50.68 (meters)
bg = -0.0005,0.0201,0.0745 | ba = -0.0382,0.0846,0.0935
camera-imu timeoffset = 0.00006
cam0 intrinsics = 463.744,466.202,363.206,251.435 | -0.277,0.069,0.000,-0.000
cam1 intrinsics = 462.764,465.187,376.036,258.161 | -0.276,0.069,-0.000,-0.000
cam0 extrinsics = -0.008,0.006,0.702,0.712 | 0.075,-0.067,0.007
cam1 extrinsics = -0.002,0.011,0.702,0.712 | -0.044,-0.066,0.010
q_GtoI = 0.792,-0.181,0.567,0.134 | p_IinG = 8.882,-11.910,0.828 | dist = 50.70 (meters)
bg = -0.0005,0.0200,0.0746 | ba = -0.0358,0.0855,0.0920
camera-imu timeoffset = 0.00005
cam0 intrinsics = 463.750,466.208,363.207,251.446 | -0.277,0.069,0.000,-0.000
cam1 intrinsics = 462.770,465.193,376.037,258.173 | -0.276,0.069,-0.000,-0.000
cam0 extrinsics = -0.008,0.006,0.702,0.712 | 0.075,-0.067,0.007
cam1 extrinsics = -0.002,0.011,0.702,0.712 | -0.044,-0.066,0.010
q_GtoI = 0.795,-0.181,0.563,0.135 | p_IinG = 8.897,-11.914,0.839 | dist = 50.71 (meters)
bg = -0.0005,0.0200,0.0747 | ba = -0.0343,0.0870,0.0891
camera-imu timeoffset = 0.00005
cam0 intrinsics = 463.749,466.204,363.203,251.463 | -0.277,0.069,0.000,-0.000
cam1 intrinsics = 462.769,465.188,376.039,258.197 | -0.276,0.069,-0.000,-0.000
cam0 extrinsics = -0.008,0.006,0.702,0.712 | 0.075,-0.067,0.006
cam1 extrinsics = -0.002,0.011,0.702,0.712 | -0.044,-0.066,0.009
q_GtoI = 0.795,-0.181,0.563,0.135 | p_IinG = 8.912,-11.920,0.852 | dist = 50.74 (meters)
bg = -0.0005,0.0200,0.0749 | ba = -0.0324,0.0885,0.0883
camera-imu timeoffset = 0.00004
cam0 intrinsics = 463.756,466.204,363.205,251.474 | -0.277,0.069,0.000,-0.000
cam1 intrinsics = 462.776,465.189,376.039,258.208 | -0.276,0.069,-0.000,-0.000
cam0 extrinsics = -0.008,0.006,0.702,0.712 | 0.075,-0.067,0.006
cam1 extrinsics = -0.002,0.011,0.702,0.712 | -0.044,-0.066,0.009
q_GtoI = 0.794,-0.179,0.565,0.137 | p_IinG = 8.926,-11.924,0.866 | dist = 50.76 (meters)
bg = -0.0005,0.0201,0.0748 | ba = -0.0288,0.0900,0.0876
camera-imu timeoffset = 0.00003
cam0 intrinsics = 463.758,466.200,363.203,251.490 | -0.277,0.069,0.000,-0.000
cam1 intrinsics = 462.778,465.185,376.036,258.224 | -0.276,0.069,-0.000,-0.000
cam0 extrinsics = -0.008,0.006,0.702,0.712 | 0.075,-0.067,0.006
cam1 extrinsics = -0.002,0.011,0.702,0.712 | -0.044,-0.066,0.009
q_GtoI = 0.792,-0.179,0.568,0.137 | p_IinG = 8.938,-11.930,0.881 | dist = 50.78 (meters)
bg = -0.0005,0.0201,0.0749 | ba = -0.0256,0.0918,0.0899
camera-imu timeoffset = 0.00003
cam0 intrinsics = 463.757,466.191,363.201,251.495 | -0.277,0.069,0.000,-0.000
cam1 intrinsics = 462.778,465.176,376.034,258.230 | -0.276,0.069,-0.000,-0.000
cam0 extrinsics = -0.008,0.006,0.702,0.712 | 0.075,-0.067,0.006
cam1 extrinsics = -0.002,0.011,0.702,0.712 | -0.044,-0.067,0.009
q_GtoI = 0.791,-0.178,0.569,0.138 | p_IinG = 8.951,-11.934,0.899 | dist = 50.81 (meters)
bg = -0.0006,0.0201,0.0749 | ba = -0.0230,0.0933,0.0910
camera-imu timeoffset = 0.00004
cam0 intrinsics = 463.763,466.191,363.196,251.510 | -0.277,0.069,0.000,-0.000
cam1 intrinsics = 462.784,465.177,376.027,258.247 | -0.276,0.069,-0.000,-0.000
cam0 extrinsics = -0.008,0.006,0.702,0.712 | 0.075,-0.067,0.006
cam1 extrinsics = -0.002,0.011,0.702,0.712 | -0.043,-0.067,0.009
q_GtoI = 0.790,-0.178,0.570,0.139 | p_IinG = 8.963,-11.936,0.919 | dist = 50.83 (meters)
bg = -0.0005,0.0200,0.0750 | ba = -0.0204,0.0955,0.0932
camera-imu timeoffset = 0.00004
cam0 intrinsics = 463.769,466.190,363.191,251.527 | -0.277,0.069,0.000,-0.000
cam1 intrinsics = 462.790,465.177,376.022,258.265 | -0.276,0.069,-0.000,-0.000
cam0 extrinsics = -0.008,0.006,0.702,0.712 | 0.075,-0.067,0.006
cam1 extrinsics = -0.002,0.011,0.702,0.712 | -0.043,-0.067,0.009
q_GtoI = 0.790,-0.177,0.571,0.139 | p_IinG = 8.974,-11.937,0.942 | dist = 50.86 (meters)
bg = -0.0004,0.0201,0.0751 | ba = -0.0171,0.0966,0.0939
camera-imu timeoffset = 0.00003
cam0 intrinsics = 463.772,466.186,363.194,251.531 | -0.277,0.069,0.000,-0.000
cam1 intrinsics = 462.793,465.173,376.025,258.270 | -0.276,0.069,-0.000,-0.000
cam0 extrinsics = -0.008,0.006,0.702,0.712 | 0.075,-0.067,0.006
cam1 extrinsics = -0.002,0.011,0.702,0.712 | -0.043,-0.067,0.009
q_GtoI = 0.790,-0.177,0.571,0.140 | p_IinG = 8.985,-11.939,0.966 | dist = 50.89 (meters)
bg = -0.0004,0.0201,0.0752 | ba = -0.0139,0.0977,0.0949
camera-imu timeoffset = 0.00003
cam0 intrinsics = 463.775,466.185,363.197,251.534 | -0.277,0.069,0.000,-0.000
cam1 intrinsics = 462.797,465.173,376.029,258.273 | -0.276,0.069,-0.000,-0.000
cam0 extrinsics = -0.008,0.006,0.702,0.712 | 0.076,-0.067,0.006
cam1 extrinsics = -0.002,0.011,0.702,0.712 | -0.043,-0.067,0.009
q_GtoI = 0.789,-0.177,0.571,0.140 | p_IinG = 8.995,-11.940,0.993 | dist = 50.92 (meters)
bg = -0.0004,0.0202,0.0753 | ba = -0.0102,0.0990,0.0959
camera-imu timeoffset = 0.00004
cam0 intrinsics = 463.781,466.184,363.202,251.534 | -0.277,0.069,0.000,-0.000
cam1 intrinsics = 462.803,465.172,376.031,258.274 | -0.276,0.069,-0.000,-0.000
cam0 extrinsics = -0.008,0.006,0.702,0.712 | 0.076,-0.067,0.006
cam1 extrinsics = -0.002,0.011,0.702,0.712 | -0.043,-0.067,0.009
q_GtoI = 0.791,-0.177,0.569,0.140 | p_IinG = 9.005,-11.941,1.020 | dist = 50.95 (meters)
bg = -0.0005,0.0201,0.0754 | ba = -0.0062,0.0996,0.0961
camera-imu timeoffset = 0.00004
cam0 intrinsics = 463.786,466.185,363.205,251.537 | -0.277,0.069,0.000,-0.000
cam1 intrinsics = 462.808,465.173,376.034,258.277 | -0.276,0.069,-0.000,-0.000
cam0 extrinsics = -0.008,0.006,0.702,0.712 | 0.076,-0.067,0.006
cam1 extrinsics = -0.002,0.011,0.702,0.712 | -0.043,-0.067,0.009
q_GtoI = 0.792,-0.177,0.567,0.140 | p_IinG = 9.016,-11.940,1.049 | dist = 50.98 (meters)
bg = -0.0005,0.0200,0.0756 | ba = -0.0015,0.1016,0.0969
camera-imu timeoffset = 0.00004
cam0 intrinsics = 463.791,466.185,363.209,251.540 | -0.277,0.069,0.000,-0.000
cam1 intrinsics = 462.815,465.174,376.036,258.280 | -0.276,0.069,-0.000,-0.000
cam0 extrinsics = -0.008,0.006,0.702,0.712 | 0.076,-0.067,0.006
cam1 extrinsics = -0.002,0.011,0.702,0.712 | -0.043,-0.067,0.009
q_GtoI = 0.792,-0.178,0.567,0.139 | p_IinG = 9.025,-11.938,1.079 | dist = 51.02 (meters)
bg = -0.0006,0.0200,0.0757 | ba = 0.0030,0.1034,0.0979
camera-imu timeoffset = 0.00004
cam0 intrinsics = 463.794,466.181,363.213,251.541 | -0.277,0.069,0.000,-0.000
cam1 intrinsics = 462.817,465.170,376.040,258.281 | -0.276,0.069,-0.000,-0.000
cam0 extrinsics = -0.008,0.006,0.702,0.712 | 0.076,-0.067,0.005
cam1 extrinsics = -0.002,0.011,0.702,0.712 | -0.043,-0.067,0.009
q_GtoI = 0.793,-0.178,0.565,0.139 | p_IinG = 9.034,-11.936,1.109 | dist = 51.05 (meters)
bg = -0.0006,0.0200,0.0757 | ba = 0.0077,0.1044,0.0981
camera-imu timeoffset = 0.00004
cam0 intrinsics = 463.799,466.180,363.218,251.546 | -0.277,0.069,0.000,-0.000
cam1 intrinsics = 462.821,465.166,376.045,258.279 | -0.276,0.069,-0.000,-0.000
cam0 extrinsics = -0.008,0.006,0.702,0.712 | 0.076,-0.068,0.005
cam1 extrinsics = -0.002,0.011,0.702,0.712 | -0.043,-0.067,0.009
q_GtoI = 0.794,-0.178,0.565,0.139 | p_IinG = 9.043,-11.932,1.139 | dist = 51.09 (meters)
bg = -0.0007,0.0201,0.0757 | ba = 0.0115,0.1061,0.0984
camera-imu timeoffset = 0.00003
cam0 intrinsics = 463.798,466.176,363.216,251.545 | -0.277,0.069,0.000,-0.000
cam1 intrinsics = 462.821,465.162,376.045,258.278 | -0.276,0.069,-0.000,-0.000
cam0 extrinsics = -0.008,0.006,0.702,0.712 | 0.076,-0.068,0.005
cam1 extrinsics = -0.002,0.011,0.702,0.712 | -0.043,-0.067,0.009
q_GtoI = 0.795,-0.179,0.563,0.139 | p_IinG = 9.050,-11.924,1.167 | dist = 51.12 (meters)
bg = -0.0006,0.0203,0.0756 | ba = 0.0138,0.1084,0.0982
camera-imu timeoffset = 0.00004
cam0 intrinsics = 463.804,466.178,363.217,251.548 | -0.277,0.069,0.000,-0.000
cam1 intrinsics = 462.826,465.164,376.045,258.277 | -0.276,0.069,-0.000,-0.000
cam0 extrinsics = -0.008,0.006,0.702,0.712 | 0.076,-0.068,0.005
cam1 extrinsics = -0.002,0.011,0.702,0.712 | -0.043,-0.067,0.008
q_GtoI = 0.796,-0.180,0.561,0.138 | p_IinG = 9.057,-11.918,1.193 | dist = 51.15 (meters)
bg = -0.0006,0.0203,0.0755 | ba = 0.0170,0.1091,0.0972
camera-imu timeoffset = 0.00004
cam0 intrinsics = 463.806,466.177,363.214,251.552 | -0.277,0.069,0.000,-0.000
cam1 intrinsics = 462.828,465.162,376.043,258.277 | -0.276,0.069,-0.000,-0.000
cam0 extrinsics = -0.008,0.006,0.702,0.712 | 0.076,-0.068,0.005
cam1 extrinsics = -0.002,0.011,0.702,0.712 | -0.043,-0.068,0.008
q_GtoI = 0.797,-0.181,0.559,0.138 | p_IinG = 9.064,-11.911,1.217 | dist = 51.17 (meters)
bg = -0.0006,0.0203,0.0755 | ba = 0.0193,0.1102,0.0969
camera-imu timeoffset = 0.00004
cam0 intrinsics = 463.807,466.175,363.213,251.554 | -0.277,0.069,0.000,-0.000
cam1 intrinsics = 462.829,465.160,376.044,258.276 | -0.276,0.069,-0.000,-0.000
cam0 extrinsics = -0.008,0.006,0.702,0.712 | 0.076,-0.068,0.005
cam1 extrinsics = -0.002,0.011,0.702,0.712 | -0.043,-0.068,0.008
q_GtoI = 0.798,-0.182,0.557,0.138 | p_IinG = 9.070,-11.902,1.238 | dist = 51.20 (meters)
bg = -0.0006,0.0202,0.0755 | ba = 0.0218,0.1113,0.0958
camera-imu timeoffset = 0.00004
cam0 intrinsics = 463.809,466.175,363.213,251.556 | -0.277,0.069,0.000,-0.000
cam1 intrinsics = 462.831,465.160,376.045,258.277 | -0.276,0.069,-0.000,-0.000
cam0 extrinsics = -0.008,0.006,0.702,0.712 | 0.076,-0.068,0.005
cam1 extrinsics = -0.002,0.011,0.702,0.712 | -0.043,-0.068,0.008
q_GtoI = 0.799,-0.182,0.556,0.138 | p_IinG = 9.077,-11.892,1.257 | dist = 51.22 (meters)
bg = -0.0006,0.0202,0.0754 | ba = 0.0239,0.1127,0.0947
camera-imu timeoffset = 0.00004
cam0 intrinsics = 463.810,466.173,363.214,251.560 | -0.277,0.069,0.000,-0.000
cam1 intrinsics = 462.832,465.158,376.046,258.279 | -0.276,0.069,-0.000,-0.000
cam0 extrinsics = -0.008,0.006,0.702,0.712 | 0.076,-0.068,0.004
cam1 extrinsics = -0.002,0.011,0.702,0.712 | -0.043,-0.068,0.008
q_GtoI = 0.800,-0.183,0.555,0.138 | p_IinG = 9.083,-11.884,1.272 | dist = 51.25 (meters)
bg = -0.0008,0.0197,0.0752 | ba = 0.0280,0.1138,0.0944
camera-imu timeoffset = 0.00005
cam0 intrinsics = 463.812,466.167,363.209,251.562 | -0.277,0.069,0.000,-0.000
cam1 intrinsics = 462.833,465.152,376.049,258.275 | -0.276,0.069,-0.000,-0.000
cam0 extrinsics = -0.008,0.006,0.702,0.712 | 0.076,-0.068,0.004
cam1 extrinsics = -0.002,0.011,0.702,0.712 | -0.043,-0.068,0.008
q_GtoI = 0.800,-0.184,0.555,0.137 | p_IinG = 9.092,-11.875,1.284 | dist = 51.27 (meters)
bg = -0.0009,0.0195,0.0748 | ba = 0.0321,0.1145,0.0894
camera-imu timeoffset = 0.00005
cam0 intrinsics = 463.821,466.167,363.204,251.572 | -0.277,0.069,0.000,-0.000
cam1 intrinsics = 462.841,465.148,376.051,258.272 | -0.276,0.069,-0.000,-0.000
cam0 extrinsics = -0.008,0.006,0.702,0.712 | 0.076,-0.068,0.004
cam1 extrinsics = -0.002,0.011,0.702,0.712 | -0.043,-0.068,0.008
q_GtoI = 0.800,-0.184,0.555,0.136 | p_IinG = 9.099,-11.863,1.298 | dist = 51.29 (meters)
bg = -0.0009,0.0194,0.0747 | ba = 0.0333,0.1154,0.0884
camera-imu timeoffset = 0.00005
cam0 intrinsics = 463.824,466.167,363.204,251.575 | -0.277,0.069,0.000,-0.000
cam1 intrinsics = 462.844,465.147,376.052,258.272 | -0.276,0.069,-0.000,-0.000
cam0 extrinsics = -0.008,0.006,0.702,0.712 | 0.076,-0.068,0.004
cam1 extrinsics = -0.002,0.011,0.702,0.712 | -0.043,-0.068,0.008
q_GtoI = 0.800,-0.184,0.555,0.137 | p_IinG = 9.105,-11.851,1.311 | dist = 51.30 (meters)
bg = -0.0010,0.0195,0.0747 | ba = 0.0344,0.1162,0.0870
camera-imu timeoffset = 0.00005
cam0 intrinsics = 463.827,466.167,363.205,251.576 | -0.277,0.069,0.000,-0.000
cam1 intrinsics = 462.848,465.148,376.053,258.271 | -0.276,0.069,-0.000,-0.000
cam0 extrinsics = -0.008,0.006,0.702,0.712 | 0.076,-0.068,0.004
cam1 extrinsics = -0.002,0.011,0.702,0.712 | -0.043,-0.068,0.008
q_GtoI = 0.800,-0.184,0.555,0.137 | p_IinG = 9.114,-11.840,1.325 | dist = 51.32 (meters)
bg = -0.0010,0.0196,0.0747 | ba = 0.0334,0.1159,0.0847
camera-imu timeoffset = 0.00005
cam0 intrinsics = 463.825,466.177,363.200,251.593 | -0.277,0.069,0.000,-0.000
cam1 intrinsics = 462.849,465.160,376.039,258.289 | -0.276,0.069,-0.000,-0.000
cam0 extrinsics = -0.008,0.006,0.702,0.712 | 0.076,-0.068,0.004
cam1 extrinsics = -0.002,0.011,0.702,0.712 | -0.043,-0.068,0.008
q_GtoI = 0.800,-0.184,0.554,0.137 | p_IinG = 9.122,-11.826,1.335 | dist = 51.34 (meters)
bg = -0.0011,0.0195,0.0747 | ba = 0.0343,0.1166,0.0832
camera-imu timeoffset = 0.00005
cam0 intrinsics = 463.829,466.180,363.200,251.593 | -0.277,0.069,0.000,-0.000
cam1 intrinsics = 462.852,465.163,376.041,258.287 | -0.276,0.069,-0.000,-0.000
cam0 extrinsics = -0.008,0.006,0.702,0.712 | 0.076,-0.068,0.004
cam1 extrinsics = -0.002,0.011,0.702,0.712 | -0.043,-0.068,0.008
q_GtoI = 0.800,-0.184,0.554,0.137 | p_IinG = 9.130,-11.814,1.348 | dist = 51.36 (meters)
bg = -0.0011,0.0196,0.0747 | ba = 0.0338,0.1164,0.0831
camera-imu timeoffset = 0.00005
cam0 intrinsics = 463.832,466.182,363.200,251.594 | -0.277,0.069,0.000,-0.000
cam1 intrinsics = 462.855,465.165,376.043,258.287 | -0.276,0.069,-0.000,-0.000
cam0 extrinsics = -0.008,0.006,0.702,0.712 | 0.076,-0.068,0.004
cam1 extrinsics = -0.002,0.011,0.702,0.712 | -0.043,-0.068,0.008
q_GtoI = 0.801,-0.184,0.554,0.136 | p_IinG = 9.138,-11.801,1.363 | dist = 51.38 (meters)
bg = -0.0012,0.0197,0.0747 | ba = 0.0333,0.1165,0.0828
camera-imu timeoffset = 0.00005
cam0 intrinsics = 463.834,466.185,363.201,251.596 | -0.277,0.069,0.000,-0.000
cam1 intrinsics = 462.857,465.168,376.044,258.286 | -0.276,0.069,-0.000,-0.000
cam0 extrinsics = -0.008,0.006,0.702,0.712 | 0.076,-0.068,0.004
cam1 extrinsics = -0.002,0.011,0.702,0.712 | -0.043,-0.068,0.008
q_GtoI = 0.800,-0.184,0.554,0.137 | p_IinG = 9.147,-11.787,1.379 | dist = 51.40 (meters)
bg = -0.0012,0.0198,0.0746 | ba = 0.0334,0.1170,0.0823
camera-imu timeoffset = 0.00005
cam0 intrinsics = 463.839,466.187,363.200,251.596 | -0.277,0.069,0.000,-0.000
cam1 intrinsics = 462.862,465.171,376.046,258.284 | -0.276,0.069,-0.000,-0.000
cam0 extrinsics = -0.008,0.006,0.702,0.712 | 0.076,-0.068,0.004
cam1 extrinsics = -0.002,0.011,0.702,0.712 | -0.043,-0.068,0.008
q_GtoI = 0.801,-0.183,0.554,0.137 | p_IinG = 9.156,-11.772,1.398 | dist = 51.43 (meters)
bg = -0.0012,0.0198,0.0746 | ba = 0.0326,0.1173,0.0810
camera-imu timeoffset = 0.00005
cam0 intrinsics = 463.841,466.190,363.199,251.596 | -0.277,0.069,0.000,-0.000
cam1 intrinsics = 462.864,465.175,376.047,258.283 | -0.276,0.069,-0.000,-0.000
cam0 extrinsics = -0.008,0.006,0.702,0.712 | 0.076,-0.068,0.004
cam1 extrinsics = -0.002,0.011,0.702,0.712 | -0.043,-0.068,0.008
q_GtoI = 0.801,-0.183,0.554,0.138 | p_IinG = 9.166,-11.754,1.418 | dist = 51.45 (meters)
bg = -0.0012,0.0199,0.0746 | ba = 0.0323,0.1184,0.0791
camera-imu timeoffset = 0.00005
cam0 intrinsics = 463.843,466.192,363.200,251.597 | -0.277,0.069,0.000,-0.000
cam1 intrinsics = 462.866,465.177,376.050,258.283 | -0.276,0.069,-0.000,-0.000
cam0 extrinsics = -0.008,0.006,0.702,0.712 | 0.076,-0.068,0.004
cam1 extrinsics = -0.002,0.011,0.702,0.712 | -0.043,-0.068,0.008
q_GtoI = 0.801,-0.183,0.554,0.138 | p_IinG = 9.176,-11.737,1.438 | dist = 51.48 (meters)
bg = -0.0012,0.0199,0.0747 | ba = 0.0320,0.1191,0.0767
camera-imu timeoffset = 0.00005
cam0 intrinsics = 463.847,466.196,363.200,251.596 | -0.277,0.069,0.000,-0.000
cam1 intrinsics = 462.870,465.182,376.051,258.282 | -0.276,0.069,-0.000,-0.000
cam0 extrinsics = -0.008,0.006,0.702,0.712 | 0.076,-0.068,0.004
cam1 extrinsics = -0.002,0.011,0.702,0.712 | -0.043,-0.068,0.008
q_GtoI = 0.800,-0.183,0.554,0.138 | p_IinG = 9.187,-11.719,1.456 | dist = 51.50 (meters)
bg = -0.0012,0.0199,0.0748 | ba = 0.0311,0.1197,0.0743
camera-imu timeoffset = 0.00005
cam0 intrinsics = 463.853,466.205,363.201,251.597 | -0.277,0.069,0.000,-0.000
cam1 intrinsics = 462.877,465.192,376.053,258.282 | -0.276,0.069,-0.000,-0.000
cam0 extrinsics = -0.008,0.006,0.702,0.712 | 0.076,-0.068,0.004
cam1 extrinsics = -0.002,0.011,0.702,0.712 | -0.043,-0.068,0.007
q_GtoI = 0.800,-0.182,0.554,0.139 | p_IinG = 9.199,-11.701,1.473 | dist = 51.53 (meters)
bg = -0.0012,0.0199,0.0747 | ba = 0.0303,0.1205,0.0715
camera-imu timeoffset = 0.00005
cam0 intrinsics = 463.858,466.210,363.202,251.599 | -0.277,0.069,0.000,-0.000
cam1 intrinsics = 462.882,465.197,376.053,258.282 | -0.276,0.069,-0.000,-0.000
cam0 extrinsics = -0.008,0.006,0.702,0.712 | 0.076,-0.068,0.004
cam1 extrinsics = -0.002,0.011,0.702,0.712 | -0.043,-0.068,0.007
q_GtoI = 0.800,-0.182,0.555,0.139 | p_IinG = 9.212,-11.683,1.488 | dist = 51.55 (meters)
bg = -0.0011,0.0200,0.0748 | ba = 0.0297,0.1209,0.0685
camera-imu timeoffset = 0.00005
cam0 intrinsics = 463.864,466.216,363.202,251.599 | -0.277,0.069,0.000,-0.000
cam1 intrinsics = 462.888,465.203,376.052,258.280 | -0.276,0.069,-0.000,-0.000
cam0 extrinsics = -0.008,0.006,0.702,0.712 | 0.075,-0.068,0.004
cam1 extrinsics = -0.002,0.011,0.702,0.712 | -0.043,-0.068,0.007
q_GtoI = 0.800,-0.182,0.555,0.139 | p_IinG = 9.225,-11.664,1.501 | dist = 51.58 (meters)
bg = -0.0012,0.0200,0.0748 | ba = 0.0289,0.1210,0.0658
camera-imu timeoffset = 0.00005
cam0 intrinsics = 463.869,466.221,363.202,251.599 | -0.277,0.069,0.000,-0.000
cam1 intrinsics = 462.893,465.209,376.051,258.280 | -0.276,0.069,-0.000,-0.000
cam0 extrinsics = -0.008,0.006,0.702,0.712 | 0.075,-0.068,0.004
cam1 extrinsics = -0.002,0.011,0.702,0.712 | -0.043,-0.068,0.007
q_GtoI = 0.800,-0.182,0.555,0.139 | p_IinG = 9.240,-11.645,1.514 | dist = 51.60 (meters)
bg = -0.0012,0.0200,0.0749 | ba = 0.0269,0.1211,0.0623
camera-imu timeoffset = 0.00005
cam0 intrinsics = 463.881,466.231,363.200,251.603 | -0.277,0.069,0.000,-0.000
cam1 intrinsics = 462.905,465.218,376.051,258.283 | -0.276,0.069,-0.000,-0.000
cam0 extrinsics = -0.008,0.006,0.702,0.712 | 0.075,-0.069,0.004
cam1 extrinsics = -0.002,0.011,0.702,0.712 | -0.043,-0.068,0.007
q_GtoI = 0.799,-0.181,0.556,0.140 | p_IinG = 9.254,-11.626,1.524 | dist = 51.62 (meters)
bg = -0.0012,0.0201,0.0749 | ba = 0.0259,0.1211,0.0596
camera-imu timeoffset = 0.00005
cam0 intrinsics = 463.886,466.235,363.198,251.603 | -0.277,0.069,0.000,-0.000
cam1 intrinsics = 462.910,465.222,376.050,258.281 | -0.276,0.069,-0.000,-0.000
cam0 extrinsics = -0.008,0.006,0.702,0.712 | 0.075,-0.069,0.004
cam1 extrinsics = -0.002,0.011,0.702,0.712 | -0.043,-0.068,0.007
q_GtoI = 0.796,-0.180,0.560,0.142 | p_IinG = 9.268,-11.606,1.533 | dist = 51.65 (meters)
bg = -0.0012,0.0201,0.0750 | ba = 0.0255,0.1215,0.0567
camera-imu timeoffset = 0.00005
cam0 intrinsics = 463.892,466.238,363.196,251.601 | -0.277,0.069,0.000,-0.000
cam1 intrinsics = 462.917,465.226,376.049,258.278 | -0.276,0.069,-0.000,-0.000
cam0 extrinsics = -0.008,0.006,0.702,0.712 | 0.075,-0.069,0.004
cam1 extrinsics = -0.002,0.011,0.702,0.712 | -0.044,-0.068,0.007
q_GtoI = 0.792,-0.178,0.566,0.143 | p_IinG = 9.282,-11.585,1.540 | dist = 51.67 (meters)
bg = -0.0011,0.0202,0.0750 | ba = 0.0257,0.1218,0.0543
camera-imu timeoffset = 0.00005
cam0 intrinsics = 463.897,466.237,363.196,251.594 | -0.277,0.069,0.000,-0.000
cam1 intrinsics = 462.922,465.226,376.048,258.270 | -0.276,0.069,-0.000,-0.000
cam0 extrinsics = -0.008,0.006,0.702,0.712 | 0.075,-0.069,0.004
cam1 extrinsics = -0.002,0.011,0.702,0.712 | -0.044,-0.069,0.007
q_GtoI = 0.787,-0.177,0.573,0.145 | p_IinG = 9.295,-11.566,1.547 | dist = 51.69 (meters)
bg = -0.0012,0.0202,0.0750 | ba = 0.0252,0.1216,0.0522
camera-imu timeoffset = 0.00005
cam0 intrinsics = 463.902,466.238,363.197,251.587 | -0.277,0.069,0.000,-0.000
cam1 intrinsics = 462.928,465.228,376.048,258.264 | -0.276,0.069,-0.000,-0.000
cam0 extrinsics = -0.008,0.006,0.702,0.712 | 0.075,-0.069,0.003
cam1 extrinsics = -0.002,0.011,0.702,0.712 | -0.044,-0.069,0.007
q_GtoI = 0.782,-0.176,0.580,0.147 | p_IinG = 9.309,-11.545,1.552 | dist = 51.72 (meters)
bg = -0.0012,0.0203,0.0750 | ba = 0.0254,0.1217,0.0505
camera-imu timeoffset = 0.00005
cam0 intrinsics = 463.906,466.236,363.197,251.580 | -0.277,0.069,0.000,-0.000
cam1 intrinsics = 462.932,465.226,376.046,258.255 | -0.276,0.069,-0.000,-0.000
cam0 extrinsics = -0.008,0.006,0.702,0.712 | 0.075,-0.070,0.003
cam1 extrinsics = -0.002,0.011,0.702,0.712 | -0.044,-0.069,0.007
q_GtoI = 0.778,-0.176,0.585,0.146 | p_IinG = 9.320,-11.522,1.555 | dist = 51.74 (meters)
bg = -0.0012,0.0204,0.0750 | ba = 0.0258,0.1218,0.0498
camera-imu timeoffset = 0.00006
cam0 intrinsics = 463.913,466.237,363.195,251.575 | -0.277,0.069,0.000,-0.000
cam1 intrinsics = 462.940,465.228,376.045,258.250 | -0.276,0.069,-0.000,-0.000
cam0 extrinsics = -0.008,0.006,0.702,0.712 | 0.075,-0.070,0.003
cam1 extrinsics = -0.002,0.011,0.702,0.712 | -0.044,-0.069,0.007
q_GtoI = 0.776,-0.175,0.588,0.148 | p_IinG = 9.330,-11.499,1.555 | dist = 51.77 (meters)
bg = -0.0012,0.0203,0.0750 | ba = 0.0263,0.1223,0.0495
camera-imu timeoffset = 0.00006
cam0 intrinsics = 463.926,466.246,363.196,251.569 | -0.277,0.069,0.000,-0.000
cam1 intrinsics = 462.953,465.237,376.043,258.242 | -0.276,0.069,-0.000,-0.000
cam0 extrinsics = -0.008,0.006,0.702,0.712 | 0.075,-0.070,0.004
cam1 extrinsics = -0.002,0.011,0.702,0.712 | -0.044,-0.069,0.007
q_GtoI = 0.775,-0.175,0.589,0.147 | p_IinG = 9.338,-11.475,1.554 | dist = 51.79 (meters)
bg = -0.0013,0.0203,0.0750 | ba = 0.0254,0.1224,0.0488
camera-imu timeoffset = 0.00005
cam0 intrinsics = 463.931,466.248,363.196,251.564 | -0.277,0.069,0.000,-0.000
cam1 intrinsics = 462.958,465.239,376.041,258.236 | -0.276,0.069,-0.000,-0.000
cam0 extrinsics = -0.008,0.006,0.702,0.712 | 0.075,-0.070,0.003
cam1 extrinsics = -0.002,0.011,0.702,0.712 | -0.044,-0.069,0.007
q_GtoI = 0.775,-0.175,0.589,0.147 | p_IinG = 9.346,-11.450,1.553 | dist = 51.82 (meters)
bg = -0.0014,0.0203,0.0749 | ba = 0.0244,0.1225,0.0479
camera-imu timeoffset = 0.00005
cam0 intrinsics = 463.936,466.251,363.196,251.557 | -0.277,0.069,0.000,-0.000
cam1 intrinsics = 462.964,465.244,376.038,258.229 | -0.276,0.069,-0.000,-0.000
cam0 extrinsics = -0.008,0.006,0.702,0.712 | 0.075,-0.070,0.003
cam1 extrinsics = -0.002,0.011,0.702,0.712 | -0.044,-0.070,0.007
q_GtoI = 0.775,-0.174,0.589,0.148 | p_IinG = 9.353,-11.424,1.552 | dist = 51.85 (meters)
bg = -0.0014,0.0203,0.0749 | ba = 0.0236,0.1231,0.0476
camera-imu timeoffset = 0.00006
cam0 intrinsics = 463.942,466.255,363.194,251.554 | -0.277,0.069,0.000,-0.000
cam1 intrinsics = 462.972,465.249,376.036,258.226 | -0.276,0.069,-0.000,-0.000
cam0 extrinsics = -0.008,0.006,0.702,0.712 | 0.075,-0.070,0.003
cam1 extrinsics = -0.002,0.011,0.702,0.712 | -0.044,-0.070,0.007
q_GtoI = 0.775,-0.175,0.590,0.146 | p_IinG = 9.358,-11.395,1.551 | dist = 51.88 (meters)
bg = -0.0015,0.0203,0.0749 | ba = 0.0227,0.1234,0.0479
camera-imu timeoffset = 0.00006
cam0 intrinsics = 463.948,466.260,363.194,251.553 | -0.277,0.069,0.000,-0.000
cam1 intrinsics = 462.978,465.254,376.033,258.224 | -0.276,0.069,-0.000,-0.000
cam0 extrinsics = -0.008,0.006,0.702,0.712 | 0.075,-0.070,0.004
cam1 extrinsics = -0.002,0.011,0.702,0.712 | -0.044,-0.070,0.007
q_GtoI = 0.775,-0.174,0.589,0.147 | p_IinG = 9.362,-11.367,1.552 | dist = 51.91 (meters)
bg = -0.0015,0.0204,0.0749 | ba = 0.0211,0.1233,0.0485
camera-imu timeoffset = 0.00006
cam0 intrinsics = 463.953,466.262,363.192,251.554 | -0.277,0.069,0.000,-0.000
cam1 intrinsics = 462.983,465.256,376.029,258.224 | -0.276,0.069,-0.000,-0.000
cam0 extrinsics = -0.008,0.006,0.702,0.712 | 0.075,-0.070,0.004
cam1 extrinsics = -0.002,0.011,0.702,0.712 | -0.044,-0.070,0.007
q_GtoI = 0.776,-0.175,0.588,0.146 | p_IinG = 9.364,-11.336,1.556 | dist = 51.94 (meters)
bg = -0.0016,0.0204,0.0750 | ba = 0.0198,0.1238,0.0494
camera-imu timeoffset = 0.00006
cam0 intrinsics = 463.958,466.264,363.191,251.554 | -0.277,0.069,0.000,-0.000
cam1 intrinsics = 462.988,465.259,376.026,258.224 | -0.276,0.069,-0.000,-0.000
cam0 extrinsics = -0.008,0.006,0.702,0.712 | 0.075,-0.070,0.004
cam1 extrinsics = -0.002,0.011,0.702,0.712 | -0.044,-0.070,0.007
q_GtoI = 0.777,-0.175,0.587,0.145 | p_IinG = 9.363,-11.304,1.560 | dist = 51.97 (meters)
bg = -0.0017,0.0205,0.0750 | ba = 0.0190,0.1233,0.0506
camera-imu timeoffset = 0.00006
cam0 intrinsics = 463.960,466.265,363.191,251.554 | -0.277,0.069,0.000,-0.000
cam1 intrinsics = 462.991,465.261,376.022,258.223 | -0.276,0.069,-0.000,-0.000
cam0 extrinsics = -0.008,0.006,0.702,0.712 | 0.075,-0.070,0.004
cam1 extrinsics = -0.002,0.011,0.702,0.712 | -0.044,-0.070,0.007
q_GtoI = 0.780,-0.175,0.584,0.144 | p_IinG = 9.361,-11.271,1.567 | dist = 52.01 (meters)
bg = -0.0018,0.0205,0.0751 | ba = 0.0180,0.1233,0.0525
camera-imu timeoffset = 0.00006
cam0 intrinsics = 463.963,466.263,363.189,251.551 | -0.277,0.069,0.000,-0.000
cam1 intrinsics = 462.995,465.259,376.018,258.218 | -0.276,0.069,-0.000,-0.000
cam0 extrinsics = -0.008,0.006,0.702,0.712 | 0.075,-0.070,0.004
cam1 extrinsics = -0.002,0.011,0.702,0.712 | -0.044,-0.070,0.007
q_GtoI = 0.784,-0.177,0.578,0.142 | p_IinG = 9.356,-11.235,1.574 | dist = 52.04 (meters)
bg = -0.0018,0.0204,0.0751 | ba = 0.0172,0.1230,0.0545
camera-imu timeoffset = 0.00006
cam0 intrinsics = 463.962,466.253,363.186,251.546 | -0.277,0.069,0.000,-0.000
cam1 intrinsics = 462.995,465.250,376.014,258.213 | -0.277,0.069,-0.000,-0.000
cam0 extrinsics = -0.008,0.006,0.702,0.712 | 0.075,-0.071,0.004
cam1 extrinsics = -0.002,0.011,0.702,0.712 | -0.044,-0.070,0.007
q_GtoI = 0.788,-0.178,0.573,0.140 | p_IinG = 9.349,-11.198,1.583 | dist = 52.08 (meters)
bg = -0.0020,0.0203,0.0751 | ba = 0.0166,0.1232,0.0572
camera-imu timeoffset = 0.00006
cam0 intrinsics = 463.961,466.243,363.183,251.537 | -0.277,0.069,0.000,-0.000
cam1 intrinsics = 462.995,465.240,376.011,258.204 | -0.277,0.069,-0.000,-0.000
cam0 extrinsics = -0.008,0.006,0.702,0.712 | 0.075,-0.071,0.004
cam1 extrinsics = -0.002,0.011,0.702,0.712 | -0.044,-0.071,0.007
q_GtoI = 0.792,-0.181,0.567,0.137 | p_IinG = 9.342,-11.159,1.591 | dist = 52.12 (meters)
bg = -0.0020,0.0200,0.0751 | ba = 0.0157,0.1234,0.0594
camera-imu timeoffset = 0.00006
cam0 intrinsics = 463.957,466.223,363.181,251.528 | -0.277,0.069,0.000,-0.000
cam1 intrinsics = 462.992,465.222,376.007,258.196 | -0.277,0.069,-0.000,-0.000
cam0 extrinsics = -0.008,0.006,0.702,0.712 | 0.075,-0.071,0.004
cam1 extrinsics = -0.002,0.011,0.702,0.712 | -0.044,-0.071,0.007
q_GtoI = 0.794,-0.182,0.564,0.136 | p_IinG = 9.335,-11.121,1.600 | dist = 52.15 (meters)
bg = -0.0021,0.0199,0.0750 | ba = 0.0146,0.1236,0.0616
camera-imu timeoffset = 0.00006
cam0 intrinsics = 463.955,466.211,363.178,251.522 | -0.277,0.069,0.000,-0.000
cam1 intrinsics = 462.990,465.210,376.003,258.189 | -0.277,0.069,-0.000,-0.000
cam0 extrinsics = -0.008,0.006,0.702,0.712 | 0.075,-0.072,0.004
cam1 extrinsics = -0.002,0.010,0.702,0.712 | -0.044,-0.072,0.007
q_GtoI = 0.795,-0.182,0.562,0.135 | p_IinG = 9.326,-11.081,1.608 | dist = 52.19 (meters)
bg = -0.0022,0.0197,0.0750 | ba = 0.0141,0.1238,0.0642
camera-imu timeoffset = 0.00006
cam0 intrinsics = 463.952,466.201,363.176,251.513 | -0.277,0.069,0.000,-0.000
cam1 intrinsics = 462.988,465.200,375.999,258.180 | -0.277,0.069,-0.000,-0.000
cam0 extrinsics = -0.007,0.006,0.702,0.712 | 0.075,-0.072,0.003
cam1 extrinsics = -0.002,0.010,0.702,0.712 | -0.044,-0.072,0.007
q_GtoI = 0.797,-0.183,0.560,0.134 | p_IinG = 9.317,-11.043,1.614 | dist = 52.23 (meters)
bg = -0.0022,0.0198,0.0751 | ba = 0.0130,0.1235,0.0671
camera-imu timeoffset = 0.00007
cam0 intrinsics = 463.954,466.199,363.174,251.505 | -0.277,0.069,0.000,-0.000
cam1 intrinsics = 462.988,465.197,375.994,258.172 | -0.277,0.069,-0.000,-0.000
cam0 extrinsics = -0.007,0.006,0.702,0.712 | 0.075,-0.073,0.003
cam1 extrinsics = -0.002,0.010,0.702,0.712 | -0.044,-0.072,0.007
q_GtoI = 0.797,-0.182,0.560,0.135 | p_IinG = 9.308,-11.003,1.619 | dist = 52.27 (meters)
bg = -0.0024,0.0197,0.0751 | ba = 0.0119,0.1237,0.0699
camera-imu timeoffset = 0.00006
cam0 intrinsics = 463.954,466.197,363.173,251.501 | -0.277,0.069,0.000,-0.000
cam1 intrinsics = 462.989,465.197,375.991,258.167 | -0.277,0.069,-0.000,-0.000
cam0 extrinsics = -0.007,0.006,0.702,0.712 | 0.075,-0.073,0.004
cam1 extrinsics = -0.002,0.010,0.702,0.712 | -0.044,-0.073,0.007
q_GtoI = 0.797,-0.184,0.560,0.133 | p_IinG = 9.298,-10.963,1.622 | dist = 52.31 (meters)
bg = -0.0024,0.0198,0.0752 | ba = 0.0109,0.1240,0.0737
camera-imu timeoffset = 0.00006
cam0 intrinsics = 463.958,466.198,363.171,251.491 | -0.277,0.069,0.000,-0.000
cam1 intrinsics = 462.993,465.197,375.987,258.157 | -0.277,0.069,-0.000,-0.000
cam0 extrinsics = -0.007,0.006,0.702,0.712 | 0.075,-0.073,0.004
cam1 extrinsics = -0.002,0.010,0.702,0.712 | -0.044,-0.073,0.007
q_GtoI = 0.797,-0.184,0.560,0.132 | p_IinG = 9.290,-10.921,1.624 | dist = 52.35 (meters)
bg = -0.0023,0.0198,0.0752 | ba = 0.0095,0.1245,0.0763
camera-imu timeoffset = 0.00006
cam0 intrinsics = 463.961,466.199,363.170,251.490 | -0.277,0.069,0.000,-0.000
cam1 intrinsics = 462.996,465.198,375.985,258.155 | -0.277,0.069,-0.000,-0.000
cam0 extrinsics = -0.007,0.006,0.702,0.712 | 0.075,-0.073,0.004
cam1 extrinsics = -0.002,0.010,0.702,0.712 | -0.044,-0.073,0.007
q_GtoI = 0.796,-0.184,0.561,0.133 | p_IinG = 9.282,-10.880,1.625 | dist = 52.39 (meters)
bg = -0.0024,0.0198,0.0753 | ba = 0.0085,0.1248,0.0792
camera-imu timeoffset = 0.00006
cam0 intrinsics = 463.963,466.200,363.171,251.488 | -0.277,0.069,0.000,-0.000
cam1 intrinsics = 462.997,465.199,375.983,258.152 | -0.277,0.069,-0.000,-0.000
cam0 extrinsics = -0.007,0.006,0.702,0.712 | 0.075,-0.073,0.004
cam1 extrinsics = -0.002,0.010,0.702,0.712 | -0.044,-0.073,0.008
q_GtoI = 0.795,-0.183,0.563,0.133 | p_IinG = 9.271,-10.839,1.629 | dist = 52.43 (meters)
bg = -0.0024,0.0201,0.0755 | ba = 0.0044,0.1250,0.0830
camera-imu timeoffset = 0.00006
cam0 intrinsics = 463.958,466.200,363.164,251.482 | -0.277,0.069,0.000,-0.000
cam1 intrinsics = 462.991,465.197,375.986,258.148 | -0.277,0.069,-0.000,-0.000
cam0 extrinsics = -0.007,0.006,0.702,0.712 | 0.075,-0.073,0.004
cam1 extrinsics = -0.002,0.011,0.702,0.712 | -0.044,-0.073,0.008
q_GtoI = 0.794,-0.183,0.565,0.134 | p_IinG = 9.263,-10.796,1.628 | dist = 52.47 (meters)
bg = -0.0023,0.0203,0.0755 | ba = 0.0039,0.1256,0.0852
camera-imu timeoffset = 0.00006
cam0 intrinsics = 463.959,466.200,363.164,251.483 | -0.277,0.069,0.000,-0.000
cam1 intrinsics = 462.993,465.200,375.987,258.146 | -0.277,0.069,-0.000,-0.000
cam0 extrinsics = -0.007,0.006,0.702,0.712 | 0.075,-0.073,0.004
cam1 extrinsics = -0.002,0.011,0.702,0.712 | -0.044,-0.073,0.008
q_GtoI = 0.793,-0.183,0.565,0.134 | p_IinG = 9.258,-10.755,1.626 | dist = 52.51 (meters)
bg = -0.0022,0.0204,0.0756 | ba = 0.0030,0.1257,0.0865
camera-imu timeoffset = 0.00006
cam0 intrinsics = 463.964,466.204,363.164,251.485 | -0.277,0.069,0.000,-0.000
cam1 intrinsics = 462.999,465.204,375.985,258.148 | -0.277,0.069,-0.000,-0.000
cam0 extrinsics = -0.007,0.006,0.702,0.712 | 0.075,-0.073,0.004
cam1 extrinsics = -0.002,0.011,0.702,0.712 | -0.044,-0.072,0.008
q_GtoI = 0.793,-0.183,0.565,0.134 | p_IinG = 9.254,-10.712,1.623 | dist = 52.55 (meters)
bg = -0.0021,0.0205,0.0758 | ba = 0.0021,0.1271,0.0869
camera-imu timeoffset = 0.00006
cam0 intrinsics = 463.974,466.209,363.167,251.486 | -0.277,0.069,0.000,-0.000
cam1 intrinsics = 463.010,465.212,375.980,258.147 | -0.277,0.069,-0.000,-0.000
cam0 extrinsics = -0.007,0.006,0.702,0.712 | 0.075,-0.073,0.004
cam1 extrinsics = -0.002,0.011,0.702,0.712 | -0.044,-0.072,0.008
q_GtoI = 0.793,-0.183,0.565,0.134 | p_IinG = 9.248,-10.670,1.621 | dist = 52.59 (meters)
bg = -0.0021,0.0206,0.0759 | ba = 0.0024,0.1276,0.0877
camera-imu timeoffset = 0.00006
cam0 intrinsics = 463.980,466.215,363.167,251.485 | -0.277,0.069,0.000,-0.000
cam1 intrinsics = 463.015,465.218,375.978,258.146 | -0.277,0.069,-0.000,-0.000
cam0 extrinsics = -0.007,0.006,0.702,0.712 | 0.075,-0.073,0.004
cam1 extrinsics = -0.002,0.011,0.702,0.712 | -0.044,-0.072,0.008
q_GtoI = 0.794,-0.183,0.564,0.135 | p_IinG = 9.243,-10.629,1.619 | dist = 52.64 (meters)
bg = -0.0020,0.0205,0.0760 | ba = 0.0021,0.1277,0.0886
camera-imu timeoffset = 0.00006
cam0 intrinsics = 463.987,466.222,363.167,251.484 | -0.277,0.069,0.000,-0.000
cam1 intrinsics = 463.020,465.223,375.975,258.146 | -0.277,0.069,-0.000,-0.000
cam0 extrinsics = -0.007,0.006,0.702,0.712 | 0.075,-0.072,0.004
cam1 extrinsics = -0.002,0.011,0.702,0.712 | -0.044,-0.072,0.008
q_GtoI = 0.795,-0.183,0.562,0.134 | p_IinG = 9.238,-10.588,1.621 | dist = 52.68 (meters)
bg = -0.0019,0.0205,0.0760 | ba = 0.0014,0.1280,0.0894
camera-imu timeoffset = 0.00006
cam0 intrinsics = 463.992,466.226,363.167,251.483 | -0.277,0.069,0.000,-0.000
cam1 intrinsics = 463.024,465.227,375.973,258.144 | -0.277,0.069,-0.000,-0.000
cam0 extrinsics = -0.007,0.006,0.702,0.712 | 0.075,-0.072,0.004
cam1 extrinsics = -0.002,0.011,0.702,0.712 | -0.044,-0.072,0.008
q_GtoI = 0.796,-0.182,0.561,0.134 | p_IinG = 9.231,-10.547,1.623 | dist = 52.72 (meters)
bg = -0.0020,0.0203,0.0761 | ba = 0.0030,0.1269,0.0910
camera-imu timeoffset = 0.00006
cam0 intrinsics = 463.999,466.237,363.156,251.484 | -0.277,0.069,0.000,-0.000
cam1 intrinsics = 463.028,465.236,375.972,258.146 | -0.277,0.069,-0.000,-0.000
cam0 extrinsics = -0.007,0.006,0.702,0.712 | 0.075,-0.072,0.005
cam1 extrinsics = -0.002,0.011,0.702,0.712 | -0.044,-0.072,0.008
q_GtoI = 0.798,-0.183,0.559,0.134 | p_IinG = 9.226,-10.506,1.627 | dist = 52.76 (meters)
bg = -0.0020,0.0203,0.0760 | ba = 0.0026,0.1268,0.0917
camera-imu timeoffset = 0.00006
cam0 intrinsics = 464.005,466.243,363.155,251.483 | -0.277,0.069,0.000,-0.000
cam1 intrinsics = 463.034,465.242,375.969,258.144 | -0.277,0.069,-0.000,-0.000
cam0 extrinsics = -0.007,0.006,0.702,0.712 | 0.075,-0.072,0.005
cam1 extrinsics = -0.002,0.011,0.702,0.712 | -0.044,-0.072,0.008
q_GtoI = 0.800,-0.183,0.555,0.133 | p_IinG = 9.220,-10.465,1.635 | dist = 52.80 (meters)
bg = -0.0019,0.0202,0.0759 | ba = 0.0018,0.1265,0.0928
camera-imu timeoffset = 0.00006
cam0 intrinsics = 464.011,466.248,363.154,251.481 | -0.277,0.069,0.000,-0.000
cam1 intrinsics = 463.039,465.247,375.967,258.141 | -0.277,0.069,-0.000,-0.000
cam0 extrinsics = -0.007,0.006,0.702,0.712 | 0.075,-0.072,0.005
cam1 extrinsics = -0.002,0.010,0.702,0.712 | -0.044,-0.072,0.008
q_GtoI = 0.803,-0.184,0.552,0.132 | p_IinG = 9.215,-10.424,1.643 | dist = 52.85 (meters)
bg = -0.0018,0.0201,0.0760 | ba = 0.0015,0.1259,0.0932
camera-imu timeoffset = 0.00006
cam0 intrinsics = 464.015,466.251,363.153,251.478 | -0.277,0.069,0.000,-0.000
cam1 intrinsics = 463.043,465.250,375.964,258.137 | -0.277,0.069,-0.000,-0.000
cam0 extrinsics = -0.007,0.006,0.702,0.712 | 0.075,-0.072,0.005
cam1 extrinsics = -0.002,0.010,0.702,0.712 | -0.044,-0.072,0.009
q_GtoI = 0.805,-0.185,0.548,0.131 | p_IinG = 9.212,-10.384,1.655 | dist = 52.89 (meters)
bg = -0.0018,0.0201,0.0759 | ba = 0.0016,0.1257,0.0941
camera-imu timeoffset = 0.00006
cam0 intrinsics = 464.020,466.255,363.151,251.472 | -0.277,0.069,0.000,-0.000
cam1 intrinsics = 463.048,465.255,375.962,258.130 | -0.277,0.069,-0.000,-0.000
cam0 extrinsics = -0.007,0.006,0.702,0.712 | 0.075,-0.073,0.005
cam1 extrinsics = -0.002,0.010,0.702,0.712 | -0.044,-0.072,0.009
q_GtoI = 0.807,-0.186,0.546,0.130 | p_IinG = 9.209,-10.344,1.667 | dist = 52.93 (meters)
bg = -0.0019,0.0201,0.0759 | ba = 0.0020,0.1251,0.0950
camera-imu timeoffset = 0.00006
cam0 intrinsics = 464.025,466.261,363.151,251.467 | -0.277,0.069,0.000,-0.000
cam1 intrinsics = 463.053,465.261,375.960,258.122 | -0.277,0.069,-0.000,-0.000
cam0 extrinsics = -0.007,0.006,0.702,0.712 | 0.075,-0.073,0.005
cam1 extrinsics = -0.002,0.010,0.702,0.712 | -0.044,-0.073,0.009
q_GtoI = 0.807,-0.187,0.545,0.128 | p_IinG = 9.206,-10.306,1.683 | dist = 52.98 (meters)
bg = -0.0019,0.0201,0.0758 | ba = 0.0019,0.1240,0.0966
camera-imu timeoffset = 0.00006
cam0 intrinsics = 464.030,466.265,363.150,251.462 | -0.277,0.069,0.000,-0.000
cam1 intrinsics = 463.058,465.265,375.958,258.116 | -0.277,0.069,-0.000,-0.000
cam0 extrinsics = -0.007,0.006,0.702,0.712 | 0.075,-0.073,0.005
cam1 extrinsics = -0.002,0.010,0.702,0.712 | -0.044,-0.073,0.009
q_GtoI = 0.807,-0.188,0.545,0.128 | p_IinG = 9.202,-10.267,1.701 | dist = 53.02 (meters)
bg = -0.0020,0.0201,0.0759 | ba = 0.0013,0.1229,0.0986
camera-imu timeoffset = 0.00006
cam0 intrinsics = 464.033,466.268,363.148,251.461 | -0.277,0.069,0.000,-0.000
cam1 intrinsics = 463.061,465.269,375.956,258.114 | -0.277,0.069,-0.000,-0.000
cam0 extrinsics = -0.007,0.006,0.702,0.712 | 0.075,-0.073,0.005
cam1 extrinsics = -0.002,0.010,0.702,0.712 | -0.044,-0.073,0.009
q_GtoI = 0.805,-0.188,0.548,0.128 | p_IinG = 9.200,-10.229,1.719 | dist = 53.06 (meters)
bg = -0.0020,0.0202,0.0759 | ba = 0.0011,0.1227,0.1003
camera-imu timeoffset = 0.00006
cam0 intrinsics = 464.035,466.270,363.147,251.460 | -0.277,0.069,0.000,-0.000
cam1 intrinsics = 463.064,465.272,375.955,258.111 | -0.277,0.069,-0.000,-0.000
cam0 extrinsics = -0.007,0.006,0.702,0.712 | 0.075,-0.073,0.005
cam1 extrinsics = -0.002,0.010,0.702,0.712 | -0.044,-0.073,0.009
q_GtoI = 0.803,-0.188,0.551,0.129 | p_IinG = 9.199,-10.190,1.736 | dist = 53.10 (meters)
bg = -0.0019,0.0203,0.0758 | ba = 0.0014,0.1230,0.1017
camera-imu timeoffset = 0.00006
cam0 intrinsics = 464.037,466.272,363.146,251.460 | -0.277,0.069,0.000,-0.000
cam1 intrinsics = 463.066,465.274,375.953,258.110 | -0.277,0.069,-0.000,-0.000
cam0 extrinsics = -0.007,0.006,0.702,0.712 | 0.075,-0.073,0.005
cam1 extrinsics = -0.002,0.010,0.702,0.712 | -0.044,-0.073,0.009
q_GtoI = 0.801,-0.188,0.553,0.130 | p_IinG = 9.198,-10.152,1.752 | dist = 53.15 (meters)
bg = -0.0020,0.0204,0.0758 | ba = 0.0014,0.1234,0.1025
camera-imu timeoffset = 0.00006
cam0 intrinsics = 464.040,466.274,363.147,251.461 | -0.277,0.069,0.000,-0.000
cam1 intrinsics = 463.068,465.276,375.953,258.110 | -0.277,0.069,-0.000,-0.000
cam0 extrinsics = -0.007,0.006,0.702,0.712 | 0.075,-0.073,0.005
cam1 extrinsics = -0.002,0.010,0.702,0.712 | -0.044,-0.072,0.009
q_GtoI = 0.800,-0.188,0.555,0.131 | p_IinG = 9.197,-10.114,1.766 | dist = 53.19 (meters)
bg = -0.0019,0.0205,0.0758 | ba = 0.0016,0.1237,0.1029
camera-imu timeoffset = 0.00006
cam0 intrinsics = 464.042,466.276,363.147,251.460 | -0.277,0.069,0.000,-0.000
cam1 intrinsics = 463.071,465.279,375.953,258.107 | -0.277,0.069,-0.000,-0.000
cam0 extrinsics = -0.007,0.006,0.702,0.712 | 0.075,-0.073,0.005
cam1 extrinsics = -0.002,0.010,0.702,0.712 | -0.044,-0.072,0.009
q_GtoI = 0.799,-0.187,0.556,0.132 | p_IinG = 9.198,-10.075,1.777 | dist = 53.23 (meters)
bg = -0.0019,0.0205,0.0757 | ba = 0.0030,0.1249,0.1026
camera-imu timeoffset = 0.00006
cam0 intrinsics = 464.051,466.279,363.157,251.458 | -0.277,0.069,0.000,-0.000
cam1 intrinsics = 463.077,465.279,375.947,258.108 | -0.277,0.069,-0.000,-0.000
cam0 extrinsics = -0.007,0.006,0.702,0.712 | 0.075,-0.073,0.005
cam1 extrinsics = -0.002,0.010,0.702,0.712 | -0.044,-0.072,0.009
q_GtoI = 0.797,-0.187,0.558,0.133 | p_IinG = 9.199,-10.038,1.786 | dist = 53.27 (meters)
bg = -0.0018,0.0205,0.0757 | ba = 0.0054,0.1252,0.1019
camera-imu timeoffset = 0.00006
cam0 intrinsics = 464.053,466.282,363.157,251.458 | -0.277,0.069,0.000,-0.000
cam1 intrinsics = 463.080,465.283,375.946,258.107 | -0.277,0.069,-0.000,-0.000
cam0 extrinsics = -0.007,0.006,0.702,0.712 | 0.075,-0.073,0.005
cam1 extrinsics = -0.002,0.010,0.702,0.712 | -0.044,-0.073,0.009
q_GtoI = 0.795,-0.186,0.561,0.135 | p_IinG = 9.198,-10.001,1.796 | dist = 53.31 (meters)
bg = -0.0019,0.0206,0.0757 | ba = 0.0052,0.1256,0.1011
camera-imu timeoffset = 0.00007
cam0 intrinsics = 464.059,466.288,363.158,251.454 | -0.277,0.069,0.000,-0.000
cam1 intrinsics = 463.085,465.290,375.947,258.101 | -0.277,0.069,-0.000,-0.000
cam0 extrinsics = -0.007,0.006,0.702,0.712 | 0.075,-0.073,0.005
cam1 extrinsics = -0.002,0.010,0.702,0.712 | -0.044,-0.073,0.009
q_GtoI = 0.794,-0.184,0.563,0.138 | p_IinG = 9.196,-9.964,1.804 | dist = 53.35 (meters)
bg = -0.0019,0.0206,0.0757 | ba = 0.0058,0.1257,0.1008
camera-imu timeoffset = 0.00007
cam0 intrinsics = 464.062,466.296,363.159,251.450 | -0.277,0.069,0.000,-0.000
cam1 intrinsics = 463.090,465.299,375.948,258.097 | -0.277,0.069,-0.000,-0.000
cam0 extrinsics = -0.007,0.006,0.702,0.712 | 0.075,-0.073,0.005
cam1 extrinsics = -0.002,0.010,0.702,0.712 | -0.044,-0.073,0.009
q_GtoI = 0.793,-0.181,0.565,0.142 | p_IinG = 9.194,-9.927,1.811 | dist = 53.39 (meters)
bg = -0.0021,0.0207,0.0757 | ba = 0.0063,0.1258,0.1008
camera-imu timeoffset = 0.00007
cam0 intrinsics = 464.066,466.305,363.159,251.446 | -0.277,0.069,0.000,-0.000
cam1 intrinsics = 463.094,465.308,375.948,258.092 | -0.277,0.069,-0.000,-0.000
cam0 extrinsics = -0.007,0.006,0.702,0.712 | 0.075,-0.073,0.005
cam1 extrinsics = -0.002,0.010,0.702,0.712 | -0.044,-0.073,0.009
q_GtoI = 0.792,-0.179,0.565,0.146 | p_IinG = 9.192,-9.890,1.817 | dist = 53.42 (meters)
bg = -0.0022,0.0207,0.0757 | ba = 0.0065,0.1258,0.1006
camera-imu timeoffset = 0.00007
cam0 intrinsics = 464.071,466.315,363.159,251.442 | -0.277,0.069,0.000,-0.000
cam1 intrinsics = 463.100,465.320,375.949,258.087 | -0.277,0.069,-0.000,-0.000
cam0 extrinsics = -0.007,0.006,0.702,0.712 | 0.075,-0.073,0.005
cam1 extrinsics = -0.002,0.011,0.702,0.712 | -0.044,-0.073,0.009
q_GtoI = 0.792,-0.177,0.566,0.148 | p_IinG = 9.190,-9.851,1.821 | dist = 53.46 (meters)
bg = -0.0023,0.0209,0.0757 | ba = 0.0071,0.1263,0.1006
camera-imu timeoffset = 0.00007
cam0 intrinsics = 464.075,466.326,363.158,251.438 | -0.277,0.069,0.000,-0.000
cam1 intrinsics = 463.104,465.330,375.949,258.082 | -0.277,0.069,-0.000,-0.000
cam0 extrinsics = -0.007,0.006,0.702,0.712 | 0.075,-0.073,0.006
cam1 extrinsics = -0.002,0.011,0.702,0.712 | -0.044,-0.073,0.009
q_GtoI = 0.792,-0.177,0.566,0.148 | p_IinG = 9.189,-9.811,1.824 | dist = 53.51 (meters)
bg = -0.0024,0.0209,0.0758 | ba = 0.0075,0.1263,0.0998
camera-imu timeoffset = 0.00007
cam0 intrinsics = 464.081,466.332,363.157,251.435 | -0.277,0.069,0.000,-0.000
cam1 intrinsics = 463.110,465.336,375.947,258.078 | -0.277,0.069,-0.000,-0.000
cam0 extrinsics = -0.007,0.006,0.702,0.712 | 0.075,-0.073,0.006
cam1 extrinsics = -0.002,0.011,0.702,0.712 | -0.044,-0.073,0.009
q_GtoI = 0.792,-0.179,0.565,0.146 | p_IinG = 9.191,-9.772,1.825 | dist = 53.55 (meters)
bg = -0.0024,0.0210,0.0758 | ba = 0.0058,0.1266,0.0962
camera-imu timeoffset = 0.00007
cam0 intrinsics = 464.086,466.337,363.161,251.432 | -0.277,0.069,0.000,-0.000
cam1 intrinsics = 463.114,465.339,375.937,258.084 | -0.277,0.069,-0.000,-0.000
cam0 extrinsics = -0.007,0.006,0.702,0.712 | 0.075,-0.073,0.006
cam1 extrinsics = -0.002,0.010,0.702,0.712 | -0.044,-0.073,0.009
q_GtoI = 0.793,-0.180,0.564,0.145 | p_IinG = 9.188,-9.731,1.825 | dist = 53.59 (meters)
bg = -0.0024,0.0210,0.0758 | ba = 0.0058,0.1265,0.0968
camera-imu timeoffset = 0.00007
cam0 intrinsics = 464.090,466.343,363.162,251.430 | -0.277,0.069,0.000,-0.000
cam1 intrinsics = 463.119,465.345,375.938,258.082 | -0.277,0.069,-0.000,-0.000
cam0 extrinsics = -0.007,0.006,0.702,0.712 | 0.075,-0.073,0.006
cam1 extrinsics = -0.002,0.010,0.702,0.712 | -0.044,-0.073,0.009
q_GtoI = 0.793,-0.181,0.564,0.142 | p_IinG = 9.186,-9.689,1.823 | dist = 53.63 (meters)
bg = -0.0024,0.0211,0.0759 | ba = 0.0058,0.1267,0.0966
camera-imu timeoffset = 0.00007
cam0 intrinsics = 464.097,466.352,363.162,251.428 | -0.277,0.069,0.000,-0.000
cam1 intrinsics = 463.125,465.354,375.938,258.080 | -0.277,0.069,-0.000,-0.000
cam0 extrinsics = -0.007,0.006,0.702,0.712 | 0.075,-0.073,0.006
cam1 extrinsics = -0.002,0.010,0.702,0.712 | -0.044,-0.073,0.009
q_GtoI = 0.793,-0.182,0.564,0.141 | p_IinG = 9.184,-9.647,1.819 | dist = 53.67 (meters)
bg = -0.0025,0.0211,0.0759 | ba = 0.0052,0.1270,0.0964
camera-imu timeoffset = 0.00007
cam0 intrinsics = 464.103,466.360,363.160,251.425 | -0.277,0.069,0.000,-0.000
cam1 intrinsics = 463.131,465.362,375.937,258.076 | -0.277,0.069,-0.000,-0.000
cam0 extrinsics = -0.007,0.006,0.702,0.712 | 0.075,-0.073,0.006
cam1 extrinsics = -0.002,0.010,0.702,0.712 | -0.044,-0.073,0.010
q_GtoI = 0.792,-0.183,0.565,0.139 | p_IinG = 9.184,-9.605,1.815 | dist = 53.72 (meters)
bg = -0.0025,0.0212,0.0760 | ba = 0.0043,0.1283,0.0960
camera-imu timeoffset = 0.00007
cam0 intrinsics = 464.114,466.370,363.152,251.431 | -0.277,0.069,0.000,-0.000
cam1 intrinsics = 463.140,465.372,375.941,258.080 | -0.277,0.069,-0.000,-0.000
cam0 extrinsics = -0.007,0.006,0.702,0.712 | 0.075,-0.073,0.006
cam1 extrinsics = -0.002,0.010,0.702,0.712 | -0.044,-0.073,0.010
q_GtoI = 0.792,-0.183,0.566,0.138 | p_IinG = 9.182,-9.561,1.809 | dist = 53.76 (meters)
bg = -0.0024,0.0213,0.0760 | ba = 0.0041,0.1289,0.0958
camera-imu timeoffset = 0.00007
cam0 intrinsics = 464.121,466.377,363.151,251.429 | -0.277,0.069,0.000,-0.000
cam1 intrinsics = 463.147,465.379,375.941,258.078 | -0.277,0.069,-0.000,-0.000
cam0 extrinsics = -0.007,0.006,0.702,0.712 | 0.075,-0.073,0.006
cam1 extrinsics = -0.002,0.011,0.702,0.712 | -0.044,-0.073,0.010
q_GtoI = 0.792,-0.183,0.566,0.139 | p_IinG = 9.180,-9.517,1.801 | dist = 53.81 (meters)
bg = -0.0025,0.0214,0.0761 | ba = 0.0044,0.1294,0.0953
camera-imu timeoffset = 0.00007
cam0 intrinsics = 464.128,466.385,363.149,251.425 | -0.277,0.069,0.000,-0.000
cam1 intrinsics = 463.153,465.387,375.941,258.075 | -0.277,0.069,-0.000,-0.000
cam0 extrinsics = -0.007,0.006,0.702,0.712 | 0.075,-0.073,0.006
cam1 extrinsics = -0.002,0.011,0.702,0.712 | -0.044,-0.073,0.010
q_GtoI = 0.792,-0.183,0.566,0.138 | p_IinG = 9.178,-9.472,1.792 | dist = 53.85 (meters)
bg = -0.0024,0.0215,0.0761 | ba = 0.0038,0.1308,0.0953
camera-imu timeoffset = 0.00007
cam0 intrinsics = 464.134,466.393,363.148,251.419 | -0.277,0.069,0.000,-0.000
cam1 intrinsics = 463.159,465.394,375.940,258.068 | -0.277,0.069,-0.000,-0.000
cam0 extrinsics = -0.007,0.006,0.702,0.712 | 0.075,-0.073,0.006
cam1 extrinsics = -0.002,0.011,0.702,0.712 | -0.044,-0.073,0.010
q_GtoI = 0.792,-0.183,0.566,0.138 | p_IinG = 9.176,-9.427,1.783 | dist = 53.90 (meters)
bg = -0.0024,0.0216,0.0762 | ba = 0.0033,0.1315,0.0949
camera-imu timeoffset = 0.00007
cam0 intrinsics = 464.140,466.400,363.147,251.413 | -0.277,0.069,0.000,-0.000
cam1 intrinsics = 463.164,465.401,375.940,258.063 | -0.277,0.069,-0.000,-0.000
cam0 extrinsics = -0.007,0.006,0.702,0.712 | 0.075,-0.073,0.006
cam1 extrinsics = -0.002,0.011,0.702,0.712 | -0.044,-0.073,0.010
q_GtoI = 0.792,-0.183,0.566,0.138 | p_IinG = 9.173,-9.382,1.774 | dist = 53.95 (meters)
bg = -0.0024,0.0217,0.0764 | ba = 0.0025,0.1322,0.0949
camera-imu timeoffset = 0.00007
cam0 intrinsics = 464.145,466.408,363.146,251.406 | -0.277,0.069,0.000,-0.000
cam1 intrinsics = 463.168,465.408,375.941,258.056 | -0.277,0.069,-0.000,-0.000
cam0 extrinsics = -0.007,0.006,0.702,0.712 | 0.075,-0.073,0.006
cam1 extrinsics = -0.002,0.011,0.702,0.712 | -0.044,-0.073,0.010
q_GtoI = 0.792,-0.184,0.566,0.137 | p_IinG = 9.171,-9.336,1.767 | dist = 53.99 (meters)
bg = -0.0024,0.0218,0.0765 | ba = 0.0009,0.1328,0.0951
camera-imu timeoffset = 0.00008
cam0 intrinsics = 464.151,466.415,363.144,251.402 | -0.277,0.069,0.000,-0.000
cam1 intrinsics = 463.174,465.415,375.940,258.052 | -0.277,0.069,-0.000,-0.000
cam0 extrinsics = -0.007,0.006,0.702,0.712 | 0.075,-0.073,0.006
cam1 extrinsics = -0.002,0.011,0.702,0.712 | -0.044,-0.073,0.010
q_GtoI = 0.793,-0.183,0.564,0.137 | p_IinG = 9.169,-9.291,1.762 | dist = 54.04 (meters)
bg = -0.0024,0.0219,0.0766 | ba = 0.0010,0.1326,0.0942
camera-imu timeoffset = 0.00007
cam0 intrinsics = 464.155,466.419,363.145,251.401 | -0.277,0.069,0.000,-0.000
cam1 intrinsics = 463.179,465.421,375.941,258.052 | -0.277,0.069,-0.000,-0.000
cam0 extrinsics = -0.007,0.006,0.702,0.712 | 0.075,-0.073,0.006
cam1 extrinsics = -0.002,0.011,0.702,0.712 | -0.044,-0.072,0.010
q_GtoI = 0.794,-0.183,0.563,0.137 | p_IinG = 9.168,-9.236,1.756 | dist = 54.09 (meters)
bg = -0.0021,0.0218,0.0765 | ba = 0.0038,0.1372,0.0926
camera-imu timeoffset = 0.00007
cam0 intrinsics = 464.173,466.427,363.155,251.382 | -0.277,0.069,0.000,-0.000
cam1 intrinsics = 463.198,465.428,375.928,258.039 | -0.277,0.069,-0.000,-0.000
cam0 extrinsics = -0.007,0.006,0.702,0.712 | 0.075,-0.073,0.006
cam1 extrinsics = -0.002,0.011,0.702,0.712 | -0.044,-0.072,0.010
q_GtoI = 0.795,-0.183,0.562,0.137 | p_IinG = 9.165,-9.189,1.754 | dist = 54.13 (meters)
bg = -0.0020,0.0219,0.0766 | ba = 0.0046,0.1369,0.0924
camera-imu timeoffset = 0.00007
cam0 intrinsics = 464.176,466.433,363.153,251.379 | -0.277,0.069,0.000,-0.000
cam1 intrinsics = 463.201,465.432,375.927,258.037 | -0.277,0.069,-0.000,-0.000
cam0 extrinsics = -0.007,0.006,0.702,0.712 | 0.075,-0.073,0.006
cam1 extrinsics = -0.002,0.011,0.702,0.712 | -0.044,-0.072,0.010
q_GtoI = 0.796,-0.183,0.560,0.137 | p_IinG = 9.161,-9.142,1.753 | dist = 54.18 (meters)
bg = -0.0021,0.0219,0.0767 | ba = 0.0055,0.1362,0.0927
camera-imu timeoffset = 0.00007
cam0 intrinsics = 464.178,466.436,363.150,251.376 | -0.277,0.069,0.000,-0.000
cam1 intrinsics = 463.201,465.435,375.927,258.034 | -0.277,0.069,-0.000,-0.000
cam0 extrinsics = -0.007,0.006,0.702,0.712 | 0.075,-0.073,0.006
cam1 extrinsics = -0.002,0.011,0.702,0.712 | -0.044,-0.072,0.010
q_GtoI = 0.797,-0.184,0.560,0.137 | p_IinG = 9.156,-9.095,1.754 | dist = 54.23 (meters)
bg = -0.0020,0.0219,0.0767 | ba = 0.0057,0.1353,0.0930
camera-imu timeoffset = 0.00007
cam0 intrinsics = 464.181,466.439,363.147,251.372 | -0.277,0.069,0.000,-0.000
cam1 intrinsics = 463.203,465.437,375.926,258.031 | -0.277,0.069,-0.000,-0.000
cam0 extrinsics = -0.007,0.006,0.702,0.712 | 0.075,-0.073,0.006
cam1 extrinsics = -0.002,0.011,0.702,0.712 | -0.044,-0.072,0.010
q_GtoI = 0.797,-0.184,0.559,0.136 | p_IinG = 9.152,-9.047,1.756 | dist = 54.28 (meters)
bg = -0.0020,0.0219,0.0768 | ba = 0.0060,0.1346,0.0939
camera-imu timeoffset = 0.00007
cam0 intrinsics = 464.184,466.442,363.144,251.370 | -0.277,0.069,0.000,-0.000
cam1 intrinsics = 463.205,465.439,375.926,258.029 | -0.277,0.069,-0.000,-0.000
cam0 extrinsics = -0.007,0.006,0.702,0.712 | 0.075,-0.073,0.006
cam1 extrinsics = -0.002,0.011,0.702,0.712 | -0.044,-0.072,0.010
q_GtoI = 0.797,-0.185,0.559,0.135 | p_IinG = 9.148,-8.999,1.757 | dist = 54.32 (meters)
bg = -0.0019,0.0219,0.0768 | ba = 0.0064,0.1345,0.0940
camera-imu timeoffset = 0.00007
cam0 intrinsics = 464.186,466.446,363.143,251.366 | -0.277,0.069,0.000,-0.000
cam1 intrinsics = 463.207,465.443,375.926,258.026 | -0.277,0.069,-0.000,-0.000
cam0 extrinsics = -0.007,0.006,0.702,0.712 | 0.075,-0.073,0.006
cam1 extrinsics = -0.002,0.011,0.702,0.712 | -0.044,-0.072,0.010
q_GtoI = 0.796,-0.185,0.560,0.135 | p_IinG = 9.142,-8.955,1.756 | dist = 54.37 (meters)
bg = -0.0021,0.0217,0.0766 | ba = 0.0100,0.1293,0.0970
camera-imu timeoffset = 0.00007
cam0 intrinsics = 464.171,466.440,363.093,251.406 | -0.277,0.069,0.000,-0.000
cam1 intrinsics = 463.193,465.441,375.932,258.058 | -0.277,0.069,-0.000,-0.000
cam0 extrinsics = -0.007,0.006,0.702,0.712 | 0.075,-0.073,0.006
cam1 extrinsics = -0.002,0.011,0.702,0.712 | -0.044,-0.073,0.009
q_GtoI = 0.797,-0.186,0.559,0.134 | p_IinG = 9.137,-8.907,1.755 | dist = 54.42 (meters)
bg = -0.0020,0.0217,0.0767 | ba = 0.0101,0.1293,0.0974
camera-imu timeoffset = 0.00007
cam0 intrinsics = 464.174,466.446,363.091,251.401 | -0.277,0.069,0.000,-0.000
cam1 intrinsics = 463.195,465.446,375.932,258.055 | -0.277,0.069,-0.000,-0.000
cam0 extrinsics = -0.007,0.006,0.702,0.712 | 0.075,-0.073,0.006
cam1 extrinsics = -0.002,0.011,0.702,0.712 | -0.044,-0.073,0.009
q_GtoI = 0.797,-0.187,0.559,0.134 | p_IinG = 9.133,-8.859,1.753 | dist = 54.47 (meters)
bg = -0.0019,0.0218,0.0768 | ba = 0.0101,0.1293,0.0975
camera-imu timeoffset = 0.00007
cam0 intrinsics = 464.177,466.452,363.089,251.395 | -0.277,0.069,0.000,-0.000
cam1 intrinsics = 463.197,465.452,375.932,258.050 | -0.277,0.069,-0.000,-0.000
cam0 extrinsics = -0.007,0.006,0.702,0.712 | 0.075,-0.073,0.006
cam1 extrinsics = -0.002,0.011,0.702,0.712 | -0.044,-0.073,0.009
q_GtoI = 0.797,-0.187,0.559,0.134 | p_IinG = 9.129,-8.811,1.749 | dist = 54.52 (meters)
bg = -0.0019,0.0218,0.0768 | ba = 0.0103,0.1293,0.0979
camera-imu timeoffset = 0.00007
cam0 intrinsics = 464.181,466.459,363.086,251.389 | -0.277,0.069,0.000,-0.000
cam1 intrinsics = 463.200,465.458,375.932,258.045 | -0.277,0.069,-0.000,-0.000
cam0 extrinsics = -0.007,0.006,0.702,0.712 | 0.075,-0.073,0.006
cam1 extrinsics = -0.002,0.011,0.702,0.712 | -0.044,-0.073,0.010
q_GtoI = 0.797,-0.187,0.559,0.134 | p_IinG = 9.124,-8.764,1.745 | dist = 54.56 (meters)
bg = -0.0019,0.0219,0.0768 | ba = 0.0107,0.1292,0.0983
camera-imu timeoffset = 0.00007
cam0 intrinsics = 464.184,466.464,363.083,251.383 | -0.277,0.069,0.000,-0.000
cam1 intrinsics = 463.201,465.463,375.931,258.038 | -0.277,0.069,-0.000,-0.000
cam0 extrinsics = -0.007,0.006,0.702,0.712 | 0.075,-0.073,0.006
cam1 extrinsics = -0.002,0.011,0.702,0.712 | -0.044,-0.073,0.010
q_GtoI = 0.796,-0.187,0.559,0.134 | p_IinG = 9.119,-8.716,1.739 | dist = 54.61 (meters)
bg = -0.0018,0.0219,0.0768 | ba = 0.0106,0.1295,0.0993
camera-imu timeoffset = 0.00007
cam0 intrinsics = 464.187,466.471,363.080,251.376 | -0.277,0.069,0.000,-0.000
cam1 intrinsics = 463.202,465.468,375.929,258.031 | -0.277,0.069,-0.000,-0.000
cam0 extrinsics = -0.007,0.006,0.702,0.712 | 0.075,-0.073,0.006
cam1 extrinsics = -0.002,0.011,0.702,0.712 | -0.044,-0.073,0.010
q_GtoI = 0.796,-0.188,0.559,0.134 | p_IinG = 9.115,-8.664,1.732 | dist = 54.66 (meters)
bg = -0.0017,0.0219,0.0766 | ba = 0.0118,0.1324,0.1006
camera-imu timeoffset = 0.00007
cam0 intrinsics = 464.191,466.476,363.085,251.350 | -0.277,0.069,0.000,-0.000
cam1 intrinsics = 463.205,465.475,375.909,258.015 | -0.277,0.069,-0.000,-0.000
cam0 extrinsics = -0.007,0.006,0.702,0.712 | 0.075,-0.073,0.006
cam1 extrinsics = -0.002,0.011,0.702,0.712 | -0.044,-0.073,0.010
q_GtoI = 0.796,-0.189,0.560,0.133 | p_IinG = 9.110,-8.617,1.724 | dist = 54.71 (meters)
bg = -0.0017,0.0219,0.0767 | ba = 0.0113,0.1320,0.1014
camera-imu timeoffset = 0.00007
cam0 intrinsics = 464.193,466.480,363.082,251.340 | -0.277,0.069,0.000,-0.000
cam1 intrinsics = 463.207,465.479,375.906,258.005 | -0.277,0.069,-0.000,-0.000
cam0 extrinsics = -0.007,0.006,0.702,0.712 | 0.075,-0.073,0.006
cam1 extrinsics = -0.002,0.011,0.702,0.712 | -0.044,-0.073,0.010
q_GtoI = 0.796,-0.189,0.560,0.133 | p_IinG = 9.105,-8.570,1.716 | dist = 54.76 (meters)
bg = -0.0016,0.0220,0.0768 | ba = 0.0107,0.1311,0.1025
camera-imu timeoffset = 0.00007
cam0 intrinsics = 464.195,466.484,363.076,251.330 | -0.277,0.069,0.000,-0.000
cam1 intrinsics = 463.207,465.482,375.904,257.997 | -0.277,0.069,-0.000,-0.000
cam0 extrinsics = -0.007,0.006,0.702,0.712 | 0.075,-0.073,0.006
cam1 extrinsics = -0.002,0.011,0.702,0.712 | -0.044,-0.073,0.010
q_GtoI = 0.796,-0.189,0.560,0.133 | p_IinG = 9.100,-8.523,1.706 | dist = 54.81 (meters)
bg = -0.0017,0.0220,0.0768 | ba = 0.0102,0.1299,0.1036
camera-imu timeoffset = 0.00007
cam0 intrinsics = 464.197,466.488,363.072,251.322 | -0.277,0.069,0.000,-0.000
cam1 intrinsics = 463.207,465.485,375.902,257.989 | -0.277,0.069,-0.000,-0.000
cam0 extrinsics = -0.007,0.006,0.702,0.712 | 0.075,-0.073,0.006
cam1 extrinsics = -0.002,0.011,0.702,0.712 | -0.044,-0.073,0.010
q_GtoI = 0.795,-0.189,0.560,0.133 | p_IinG = 9.094,-8.477,1.696 | dist = 54.86 (meters)
bg = -0.0017,0.0221,0.0768 | ba = 0.0101,0.1290,0.1047
camera-imu timeoffset = 0.00007
cam0 intrinsics = 464.197,466.493,363.067,251.311 | -0.277,0.069,0.000,-0.000
cam1 intrinsics = 463.207,465.488,375.899,257.979 | -0.277,0.069,-0.000,-0.000
cam0 extrinsics = -0.007,0.006,0.702,0.712 | 0.075,-0.073,0.006
cam1 extrinsics = -0.002,0.011,0.702,0.712 | -0.044,-0.073,0.010
q_GtoI = 0.795,-0.188,0.560,0.134 | p_IinG = 9.088,-8.431,1.684 | dist = 54.91 (meters)
bg = -0.0016,0.0223,0.0768 | ba = 0.0099,0.1277,0.1056
camera-imu timeoffset = 0.00007
cam0 intrinsics = 464.194,466.496,363.061,251.297 | -0.277,0.069,0.000,-0.000
cam1 intrinsics = 463.202,465.490,375.897,257.966 | -0.277,0.069,-0.000,-0.000
cam0 extrinsics = -0.007,0.006,0.702,0.712 | 0.075,-0.073,0.006
cam1 extrinsics = -0.002,0.011,0.702,0.712 | -0.044,-0.073,0.010
q_GtoI = 0.796,-0.187,0.560,0.137 | p_IinG = 9.083,-8.385,1.672 | dist = 54.95 (meters)
bg = -0.0016,0.0223,0.0766 | ba = 0.0094,0.1267,0.1058
camera-imu timeoffset = 0.00007
cam0 intrinsics = 464.188,466.494,363.051,251.291 | -0.277,0.069,0.000,-0.000
cam1 intrinsics = 463.195,465.488,375.901,257.961 | -0.277,0.069,-0.000,-0.000
cam0 extrinsics = -0.007,0.006,0.702,0.712 | 0.075,-0.073,0.006
cam1 extrinsics = -0.002,0.011,0.702,0.712 | -0.044,-0.073,0.010
q_GtoI = 0.796,-0.184,0.560,0.141 | p_IinG = 9.077,-8.340,1.658 | dist = 55.00 (meters)
bg = -0.0017,0.0223,0.0767 | ba = 0.0100,0.1258,0.1061
camera-imu timeoffset = 0.00007
cam0 intrinsics = 464.184,466.494,363.045,251.277 | -0.277,0.069,0.000,-0.000
cam1 intrinsics = 463.190,465.488,375.900,257.949 | -0.277,0.069,-0.000,-0.000
cam0 extrinsics = -0.007,0.006,0.702,0.712 | 0.075,-0.073,0.006
cam1 extrinsics = -0.002,0.011,0.702,0.712 | -0.044,-0.073,0.010
q_GtoI = 0.796,-0.182,0.559,0.143 | p_IinG = 9.071,-8.294,1.646 | dist = 55.05 (meters)
bg = -0.0017,0.0225,0.0767 | ba = 0.0099,0.1240,0.1077
camera-imu timeoffset = 0.00007
cam0 intrinsics = 464.182,466.493,363.041,251.272 | -0.277,0.069,0.000,-0.000
cam1 intrinsics = 463.187,465.486,375.900,257.945 | -0.277,0.069,-0.000,-0.000
cam0 extrinsics = -0.007,0.006,0.702,0.712 | 0.075,-0.073,0.006
cam1 extrinsics = -0.002,0.011,0.702,0.712 | -0.044,-0.073,0.009
q_GtoI = 0.796,-0.181,0.559,0.144 | p_IinG = 9.064,-8.246,1.634 | dist = 55.10 (meters)
bg = -0.0017,0.0225,0.0766 | ba = 0.0100,0.1232,0.1091
camera-imu timeoffset = 0.00007
cam0 intrinsics = 464.180,466.492,363.038,251.264 | -0.277,0.069,0.000,-0.000
cam1 intrinsics = 463.185,465.486,375.898,257.936 | -0.277,0.069,-0.000,-0.000
cam0 extrinsics = -0.007,0.006,0.702,0.712 | 0.075,-0.073,0.006
cam1 extrinsics = -0.002,0.011,0.702,0.712 | -0.044,-0.073,0.009
q_GtoI = 0.797,-0.182,0.558,0.144 | p_IinG = 9.057,-8.198,1.623 | dist = 55.15 (meters)
bg = -0.0017,0.0224,0.0765 | ba = 0.0096,0.1225,0.1103
camera-imu timeoffset = 0.00007
cam0 intrinsics = 464.178,466.493,363.035,251.256 | -0.277,0.069,0.000,-0.000
cam1 intrinsics = 463.182,465.486,375.896,257.929 | -0.277,0.069,-0.000,-0.000
cam0 extrinsics = -0.007,0.006,0.702,0.712 | 0.075,-0.073,0.006
cam1 extrinsics = -0.002,0.011,0.702,0.712 | -0.044,-0.073,0.009
q_GtoI = 0.797,-0.181,0.558,0.144 | p_IinG = 9.049,-8.150,1.615 | dist = 55.20 (meters)
bg = -0.0018,0.0224,0.0765 | ba = 0.0099,0.1209,0.1115
camera-imu timeoffset = 0.00007
cam0 intrinsics = 464.177,466.493,363.034,251.248 | -0.277,0.069,0.000,-0.000
cam1 intrinsics = 463.180,465.486,375.897,257.924 | -0.277,0.069,-0.000,-0.000
cam0 extrinsics = -0.007,0.006,0.702,0.712 | 0.075,-0.073,0.006
cam1 extrinsics = -0.002,0.011,0.702,0.712 | -0.044,-0.073,0.009
q_GtoI = 0.797,-0.182,0.558,0.144 | p_IinG = 9.045,-8.092,1.609 | dist = 55.25 (meters)
bg = -0.0013,0.0225,0.0768 | ba = 0.0082,0.1302,0.1108
camera-imu timeoffset = 0.00007
cam0 intrinsics = 464.154,466.494,363.021,251.209 | -0.277,0.069,0.000,-0.000
cam1 intrinsics = 463.164,465.488,375.875,257.877 | -0.277,0.069,-0.000,-0.000
cam0 extrinsics = -0.007,0.006,0.702,0.712 | 0.075,-0.073,0.006
cam1 extrinsics = -0.002,0.011,0.702,0.712 | -0.044,-0.073,0.010
q_GtoI = 0.797,-0.182,0.558,0.143 | p_IinG = 9.039,-8.042,1.606 | dist = 55.30 (meters)
bg = -0.0012,0.0226,0.0767 | ba = 0.0066,0.1294,0.1112
camera-imu timeoffset = 0.00007
cam0 intrinsics = 464.152,466.498,363.020,251.200 | -0.277,0.069,0.000,-0.000
cam1 intrinsics = 463.161,465.491,375.878,257.867 | -0.277,0.069,-0.000,-0.000
cam0 extrinsics = -0.007,0.006,0.702,0.712 | 0.075,-0.073,0.006
cam1 extrinsics = -0.002,0.011,0.702,0.712 | -0.044,-0.072,0.010
q_GtoI = 0.797,-0.183,0.558,0.142 | p_IinG = 9.033,-7.992,1.604 | dist = 55.35 (meters)
bg = -0.0012,0.0226,0.0767 | ba = 0.0057,0.1281,0.1121
camera-imu timeoffset = 0.00007
cam0 intrinsics = 464.150,466.501,363.021,251.190 | -0.277,0.069,0.000,-0.000
cam1 intrinsics = 463.158,465.494,375.881,257.858 | -0.277,0.069,-0.000,-0.000
cam0 extrinsics = -0.007,0.006,0.702,0.712 | 0.075,-0.072,0.006
cam1 extrinsics = -0.002,0.011,0.702,0.712 | -0.044,-0.072,0.010
q_GtoI = 0.796,-0.184,0.559,0.141 | p_IinG = 9.025,-7.941,1.603 | dist = 55.41 (meters)
bg = -0.0012,0.0225,0.0767 | ba = 0.0059,0.1269,0.1128
camera-imu timeoffset = 0.00007
cam0 intrinsics = 464.149,466.504,363.020,251.181 | -0.277,0.069,0.000,-0.000
cam1 intrinsics = 463.157,465.497,375.884,257.850 | -0.277,0.069,-0.000,-0.000
cam0 extrinsics = -0.007,0.006,0.702,0.712 | 0.075,-0.072,0.006
cam1 extrinsics = -0.002,0.011,0.702,0.712 | -0.044,-0.072,0.010
q_GtoI = 0.796,-0.185,0.559,0.140 | p_IinG = 9.018,-7.888,1.604 | dist = 55.46 (meters)
bg = -0.0012,0.0225,0.0767 | ba = 0.0057,0.1263,0.1133
camera-imu timeoffset = 0.00007
cam0 intrinsics = 464.150,466.508,363.021,251.174 | -0.277,0.069,0.000,-0.000
cam1 intrinsics = 463.157,465.500,375.887,257.844 | -0.277,0.069,-0.000,-0.000
cam0 extrinsics = -0.007,0.006,0.702,0.712 | 0.075,-0.072,0.006
cam1 extrinsics = -0.002,0.011,0.702,0.712 | -0.044,-0.072,0.010
q_GtoI = 0.795,-0.185,0.560,0.138 | p_IinG = 9.010,-7.835,1.606 | dist = 55.51 (meters)
bg = -0.0012,0.0224,0.0767 | ba = 0.0055,0.1258,0.1135
camera-imu timeoffset = 0.00007
cam0 intrinsics = 464.154,466.511,363.021,251.170 | -0.277,0.069,0.000,-0.000
cam1 intrinsics = 463.160,465.503,375.890,257.841 | -0.277,0.069,-0.000,-0.000
cam0 extrinsics = -0.007,0.006,0.702,0.712 | 0.075,-0.072,0.006
cam1 extrinsics = -0.002,0.011,0.702,0.712 | -0.044,-0.072,0.010
q_GtoI = 0.794,-0.187,0.562,0.137 | p_IinG = 9.003,-7.782,1.611 | dist = 55.57 (meters)
bg = -0.0012,0.0222,0.0767 | ba = 0.0040,0.1254,0.1129
camera-imu timeoffset = 0.00008
cam0 intrinsics = 464.156,466.518,363.017,251.165 | -0.277,0.069,0.000,-0.000
cam1 intrinsics = 463.160,465.509,375.895,257.838 | -0.277,0.069,-0.000,-0.000
cam0 extrinsics = -0.007,0.006,0.702,0.712 | 0.075,-0.072,0.006
cam1 extrinsics = -0.002,0.011,0.702,0.712 | -0.044,-0.072,0.010
q_GtoI = 0.794,-0.187,0.562,0.137 | p_IinG = 8.995,-7.729,1.616 | dist = 55.62 (meters)
bg = -0.0012,0.0222,0.0767 | ba = 0.0023,0.1253,0.1126
camera-imu timeoffset = 0.00007
cam0 intrinsics = 464.160,466.523,363.021,251.158 | -0.277,0.069,0.000,-0.000
cam1 intrinsics = 463.164,465.514,375.894,257.833 | -0.277,0.069,-0.000,-0.000
cam0 extrinsics = -0.007,0.006,0.702,0.712 | 0.075,-0.072,0.006
cam1 extrinsics = -0.002,0.011,0.702,0.712 | -0.043,-0.072,0.010
q_GtoI = 0.794,-0.188,0.563,0.136 | p_IinG = 8.986,-7.676,1.620 | dist = 55.67 (meters)
bg = -0.0012,0.0222,0.0766 | ba = 0.0014,0.1236,0.1124
camera-imu timeoffset = 0.00007
cam0 intrinsics = 464.160,466.526,363.019,251.153 | -0.277,0.069,0.000,-0.000
cam1 intrinsics = 463.163,465.516,375.895,257.829 | -0.277,0.069,-0.000,-0.000
cam0 extrinsics = -0.007,0.006,0.702,0.712 | 0.075,-0.072,0.006
cam1 extrinsics = -0.002,0.011,0.702,0.712 | -0.043,-0.072,0.010
q_GtoI = 0.793,-0.189,0.563,0.134 | p_IinG = 8.977,-7.624,1.622 | dist = 55.73 (meters)
bg = -0.0013,0.0221,0.0766 | ba = -0.0001,0.1224,0.1121
camera-imu timeoffset = 0.00007
cam0 intrinsics = 464.163,466.529,363.019,251.149 | -0.277,0.069,0.000,-0.000
cam1 intrinsics = 463.165,465.519,375.897,257.826 | -0.277,0.069,-0.000,-0.000
cam0 extrinsics = -0.007,0.006,0.702,0.712 | 0.076,-0.072,0.006
cam1 extrinsics = -0.002,0.011,0.702,0.712 | -0.043,-0.072,0.010
q_GtoI = 0.793,-0.189,0.563,0.135 | p_IinG = 8.968,-7.572,1.623 | dist = 55.78 (meters)
bg = -0.0013,0.0220,0.0767 | ba = -0.0019,0.1216,0.1123
camera-imu timeoffset = 0.00007
cam0 intrinsics = 464.171,466.535,363.018,251.146 | -0.277,0.069,0.000,-0.000
cam1 intrinsics = 463.168,465.522,375.899,257.823 | -0.277,0.069,-0.000,-0.000
cam0 extrinsics = -0.007,0.006,0.702,0.712 | 0.076,-0.072,0.006
cam1 extrinsics = -0.002,0.011,0.702,0.712 | -0.043,-0.072,0.010
q_GtoI = 0.793,-0.190,0.563,0.135 | p_IinG = 8.962,-7.521,1.622 | dist = 55.83 (meters)
bg = -0.0013,0.0219,0.0766 | ba = -0.0033,0.1202,0.1095
camera-imu timeoffset = 0.00007
cam0 intrinsics = 464.173,466.533,362.998,251.142 | -0.277,0.069,0.000,-0.000
cam1 intrinsics = 463.168,465.520,375.892,257.820 | -0.277,0.069,-0.000,-0.000
cam0 extrinsics = -0.007,0.006,0.702,0.712 | 0.076,-0.072,0.006
cam1 extrinsics = -0.002,0.011,0.702,0.712 | -0.043,-0.072,0.010
q_GtoI = 0.793,-0.190,0.562,0.135 | p_IinG = 8.957,-7.466,1.623 | dist = 55.89 (meters)
bg = -0.0012,0.0221,0.0768 | ba = -0.0089,0.1246,0.1061
camera-imu timeoffset = 0.00008
cam0 intrinsics = 464.176,466.533,363.017,251.159 | -0.277,0.069,0.000,-0.000
cam1 intrinsics = 463.181,465.527,375.869,257.838 | -0.277,0.069,-0.000,-0.000
cam0 extrinsics = -0.007,0.006,0.702,0.712 | 0.076,-0.072,0.006
cam1 extrinsics = -0.002,0.011,0.702,0.712 | -0.043,-0.072,0.010
q_GtoI = 0.794,-0.190,0.562,0.135 | p_IinG = 8.948,-7.416,1.618 | dist = 55.94 (meters)
bg = -0.0012,0.0221,0.0768 | ba = -0.0100,0.1234,0.1049
camera-imu timeoffset = 0.00008
cam0 intrinsics = 464.179,466.535,363.015,251.155 | -0.277,0.069,0.000,-0.000
cam1 intrinsics = 463.181,465.528,375.871,257.836 | -0.277,0.069,-0.000,-0.000
cam0 extrinsics = -0.007,0.006,0.702,0.712 | 0.076,-0.072,0.006
cam1 extrinsics = -0.002,0.011,0.702,0.712 | -0.043,-0.072,0.010
q_GtoI = 0.794,-0.189,0.562,0.136 | p_IinG = 8.940,-7.364,1.612 | dist = 55.99 (meters)
bg = -0.0013,0.0222,0.0768 | ba = -0.0104,0.1228,0.1042
camera-imu timeoffset = 0.00008
cam0 intrinsics = 464.182,466.538,363.015,251.149 | -0.277,0.069,0.000,-0.000
cam1 intrinsics = 463.183,465.530,375.871,257.831 | -0.277,0.069,-0.000,-0.000
cam0 extrinsics = -0.007,0.006,0.702,0.712 | 0.076,-0.072,0.006
cam1 extrinsics = -0.002,0.011,0.702,0.712 | -0.043,-0.072,0.010
q_GtoI = 0.793,-0.189,0.562,0.137 | p_IinG = 8.931,-7.313,1.605 | dist = 56.05 (meters)
bg = -0.0013,0.0221,0.0767 | ba = -0.0109,0.1221,0.1032
camera-imu timeoffset = 0.00008
cam0 intrinsics = 464.186,466.540,363.014,251.142 | -0.277,0.069,0.000,-0.000
cam1 intrinsics = 463.187,465.532,375.872,257.825 | -0.277,0.069,-0.000,-0.000
cam0 extrinsics = -0.007,0.006,0.702,0.712 | 0.076,-0.072,0.006
cam1 extrinsics = -0.002,0.011,0.702,0.712 | -0.043,-0.072,0.010
q_GtoI = 0.793,-0.189,0.562,0.136 | p_IinG = 8.922,-7.262,1.597 | dist = 56.10 (meters)
bg = -0.0014,0.0222,0.0767 | ba = -0.0120,0.1213,0.1029
camera-imu timeoffset = 0.00008
cam0 intrinsics = 464.191,466.542,363.014,251.133 | -0.277,0.069,0.000,-0.000
cam1 intrinsics = 463.190,465.533,375.873,257.817 | -0.277,0.069,-0.000,-0.000
cam0 extrinsics = -0.007,0.006,0.702,0.712 | 0.076,-0.072,0.006
cam1 extrinsics = -0.002,0.011,0.702,0.712 | -0.043,-0.072,0.010
q_GtoI = 0.792,-0.189,0.564,0.136 | p_IinG = 8.913,-7.211,1.589 | dist = 56.15 (meters)
bg = -0.0013,0.0222,0.0767 | ba = -0.0128,0.1204,0.1033
camera-imu timeoffset = 0.00008
cam0 intrinsics = 464.196,466.544,363.014,251.122 | -0.277,0.069,0.000,-0.000
cam1 intrinsics = 463.193,465.534,375.875,257.807 | -0.277,0.069,-0.000,-0.000
cam0 extrinsics = -0.007,0.006,0.702,0.712 | 0.076,-0.072,0.006
cam1 extrinsics = -0.002,0.011,0.702,0.712 | -0.043,-0.072,0.010
q_GtoI = 0.793,-0.190,0.563,0.136 | p_IinG = 8.904,-7.160,1.581 | dist = 56.21 (meters)
bg = -0.0014,0.0221,0.0767 | ba = -0.0143,0.1200,0.1038
camera-imu timeoffset = 0.00008
cam0 intrinsics = 464.204,466.547,363.016,251.111 | -0.277,0.069,0.000,-0.000
cam1 intrinsics = 463.199,465.535,375.878,257.800 | -0.277,0.069,-0.000,-0.000
cam0 extrinsics = -0.007,0.006,0.702,0.712 | 0.076,-0.072,0.006
cam1 extrinsics = -0.002,0.011,0.702,0.712 | -0.043,-0.072,0.010
q_GtoI = 0.792,-0.189,0.564,0.136 | p_IinG = 8.894,-7.109,1.573 | dist = 56.26 (meters)
bg = -0.0014,0.0221,0.0766 | ba = -0.0146,0.1200,0.1039
camera-imu timeoffset = 0.00008
cam0 intrinsics = 464.211,466.550,363.016,251.099 | -0.277,0.069,0.000,-0.000
cam1 intrinsics = 463.205,465.538,375.880,257.788 | -0.277,0.069,-0.000,-0.000
cam0 extrinsics = -0.007,0.006,0.702,0.712 | 0.076,-0.072,0.006
cam1 extrinsics = -0.002,0.011,0.702,0.712 | -0.043,-0.072,0.010
q_GtoI = 0.793,-0.190,0.563,0.136 | p_IinG = 8.885,-7.057,1.565 | dist = 56.31 (meters)
bg = -0.0014,0.0221,0.0766 | ba = -0.0149,0.1201,0.1037
camera-imu timeoffset = 0.00008
cam0 intrinsics = 464.219,466.554,363.017,251.087 | -0.277,0.069,0.000,-0.000
cam1 intrinsics = 463.211,465.541,375.883,257.778 | -0.277,0.069,-0.000,-0.000
cam0 extrinsics = -0.007,0.006,0.702,0.712 | 0.076,-0.072,0.006
cam1 extrinsics = -0.002,0.011,0.702,0.712 | -0.043,-0.072,0.010
q_GtoI = 0.793,-0.190,0.563,0.136 | p_IinG = 8.875,-7.006,1.559 | dist = 56.37 (meters)
bg = -0.0015,0.0220,0.0766 | ba = -0.0155,0.1203,0.1038
camera-imu timeoffset = 0.00008
cam0 intrinsics = 464.226,466.558,363.018,251.073 | -0.277,0.069,0.000,-0.000
cam1 intrinsics = 463.218,465.545,375.884,257.764 | -0.277,0.069,-0.000,-0.000
cam0 extrinsics = -0.007,0.006,0.702,0.712 | 0.076,-0.072,0.006
cam1 extrinsics = -0.002,0.011,0.702,0.712 | -0.043,-0.072,0.010
q_GtoI = 0.793,-0.190,0.563,0.136 | p_IinG = 8.864,-6.955,1.555 | dist = 56.42 (meters)
bg = -0.0014,0.0221,0.0766 | ba = -0.0168,0.1201,0.1042
camera-imu timeoffset = 0.00008
cam0 intrinsics = 464.230,466.560,363.017,251.057 | -0.277,0.069,0.000,-0.000
cam1 intrinsics = 463.221,465.546,375.885,257.749 | -0.277,0.069,-0.000,-0.000
cam0 extrinsics = -0.007,0.006,0.702,0.712 | 0.076,-0.072,0.006
cam1 extrinsics = -0.002,0.011,0.702,0.712 | -0.043,-0.072,0.010
q_GtoI = 0.793,-0.190,0.563,0.136 | p_IinG = 8.854,-6.903,1.556 | dist = 56.47 (meters)
bg = -0.0015,0.0221,0.0768 | ba = -0.0201,0.1217,0.1042
camera-imu timeoffset = 0.00008
cam0 intrinsics = 464.235,466.561,363.014,251.040 | -0.277,0.069,0.000,-0.000
cam1 intrinsics = 463.224,465.547,375.887,257.732 | -0.277,0.069,-0.000,-0.000
cam0 extrinsics = -0.007,0.006,0.702,0.712 | 0.076,-0.072,0.006
cam1 extrinsics = -0.002,0.011,0.702,0.712 | -0.043,-0.072,0.010
q_GtoI = 0.793,-0.190,0.563,0.136 | p_IinG = 8.843,-6.848,1.563 | dist = 56.53 (meters)
bg = -0.0013,0.0223,0.0768 | ba = -0.0266,0.1256,0.1080
camera-imu timeoffset = 0.00008
cam0 intrinsics = 464.222,466.551,363.020,250.998 | -0.277,0.069,0.000,-0.000
cam1 intrinsics = 463.217,465.541,375.875,257.693 | -0.277,0.069,-0.000,-0.000
cam0 extrinsics = -0.007,0.006,0.702,0.712 | 0.076,-0.072,0.006
cam1 extrinsics = -0.002,0.011,0.702,0.712 | -0.043,-0.072,0.010
q_GtoI = 0.794,-0.190,0.562,0.135 | p_IinG = 8.831,-6.796,1.566 | dist = 56.58 (meters)
bg = -0.0013,0.0223,0.0768 | ba = -0.0269,0.1258,0.1082
camera-imu timeoffset = 0.00008
cam0 intrinsics = 464.223,466.554,363.017,250.982 | -0.277,0.069,0.000,-0.000
cam1 intrinsics = 463.217,465.543,375.873,257.678 | -0.277,0.069,-0.000,-0.000
cam0 extrinsics = -0.007,0.006,0.702,0.712 | 0.076,-0.072,0.006
cam1 extrinsics = -0.002,0.011,0.702,0.712 | -0.043,-0.072,0.010
q_GtoI = 0.795,-0.191,0.560,0.136 | p_IinG = 8.820,-6.743,1.570 | dist = 56.64 (meters)
bg = -0.0012,0.0222,0.0768 | ba = -0.0268,0.1260,0.1083
camera-imu timeoffset = 0.00008
cam0 intrinsics = 464.224,466.556,363.015,250.966 | -0.277,0.069,0.000,-0.000
cam1 intrinsics = 463.218,465.546,375.872,257.662 | -0.277,0.069,-0.000,-0.000
cam0 extrinsics = -0.007,0.006,0.702,0.712 | 0.076,-0.072,0.006
cam1 extrinsics = -0.002,0.011,0.702,0.712 | -0.043,-0.072,0.010
q_GtoI = 0.795,-0.191,0.559,0.136 | p_IinG = 8.807,-6.691,1.576 | dist = 56.69 (meters)
bg = -0.0013,0.0221,0.0768 | ba = -0.0268,0.1259,0.1081
camera-imu timeoffset = 0.00008
cam0 intrinsics = 464.225,466.558,363.012,250.950 | -0.277,0.069,0.000,-0.000
cam1 intrinsics = 463.218,465.548,375.870,257.648 | -0.277,0.069,-0.000,-0.000
cam0 extrinsics = -0.007,0.006,0.702,0.712 | 0.076,-0.072,0.006
cam1 extrinsics = -0.002,0.011,0.702,0.712 | -0.043,-0.072,0.010
q_GtoI = 0.795,-0.192,0.559,0.135 | p_IinG = 8.794,-6.639,1.581 | dist = 56.74 (meters)
bg = -0.0012,0.0221,0.0767 | ba = -0.0268,0.1256,0.1083
camera-imu timeoffset = 0.00008
cam0 intrinsics = 464.223,466.559,363.007,250.934 | -0.277,0.069,0.000,-0.000
cam1 intrinsics = 463.216,465.549,375.868,257.633 | -0.277,0.069,-0.000,-0.000
cam0 extrinsics = -0.007,0.006,0.702,0.712 | 0.076,-0.072,0.006
cam1 extrinsics = -0.002,0.011,0.702,0.712 | -0.043,-0.072,0.010
q_GtoI = 0.796,-0.192,0.558,0.136 | p_IinG = 8.781,-6.588,1.584 | dist = 56.80 (meters)
bg = -0.0013,0.0221,0.0766 | ba = -0.0261,0.1256,0.1079
camera-imu timeoffset = 0.00008
cam0 intrinsics = 464.220,466.560,363.004,250.917 | -0.277,0.069,0.000,-0.000
cam1 intrinsics = 463.211,465.549,375.865,257.617 | -0.277,0.069,-0.000,-0.000
cam0 extrinsics = -0.007,0.006,0.702,0.712 | 0.076,-0.072,0.006
cam1 extrinsics = -0.002,0.011,0.702,0.712 | -0.043,-0.072,0.010
q_GtoI = 0.796,-0.192,0.558,0.137 | p_IinG = 8.768,-6.537,1.585 | dist = 56.85 (meters)
bg = -0.0013,0.0221,0.0766 | ba = -0.0243,0.1252,0.1071
camera-imu timeoffset = 0.00008
cam0 intrinsics = 464.220,466.562,363.000,250.901 | -0.277,0.069,0.000,-0.000
cam1 intrinsics = 463.208,465.549,375.865,257.602 | -0.277,0.069,-0.000,-0.000
cam0 extrinsics = -0.007,0.006,0.702,0.712 | 0.076,-0.072,0.006
cam1 extrinsics = -0.002,0.011,0.702,0.712 | -0.043,-0.072,0.010
q_GtoI = 0.796,-0.193,0.558,0.136 | p_IinG = 8.755,-6.485,1.585 | dist = 56.90 (meters)
bg = -0.0013,0.0221,0.0765 | ba = -0.0241,0.1253,0.1070
camera-imu timeoffset = 0.00008
cam0 intrinsics = 464.217,466.565,362.996,250.884 | -0.277,0.069,0.000,-0.000
cam1 intrinsics = 463.205,465.551,375.862,257.585 | -0.277,0.069,-0.000,-0.000
cam0 extrinsics = -0.007,0.006,0.702,0.712 | 0.076,-0.072,0.006
cam1 extrinsics = -0.002,0.011,0.702,0.712 | -0.043,-0.072,0.010
q_GtoI = 0.795,-0.193,0.558,0.136 | p_IinG = 8.743,-6.433,1.584 | dist = 56.96 (meters)
bg = -0.0012,0.0221,0.0765 | ba = -0.0241,0.1251,0.1061
camera-imu timeoffset = 0.00008
cam0 intrinsics = 464.219,466.568,362.995,250.871 | -0.277,0.069,0.000,-0.000
cam1 intrinsics = 463.205,465.554,375.862,257.573 | -0.277,0.069,-0.000,-0.000
cam0 extrinsics = -0.007,0.006,0.702,0.712 | 0.076,-0.072,0.006
cam1 extrinsics = -0.002,0.011,0.702,0.712 | -0.043,-0.072,0.010
q_GtoI = 0.796,-0.194,0.558,0.136 | p_IinG = 8.731,-6.381,1.582 | dist = 57.01 (meters)
bg = -0.0012,0.0221,0.0765 | ba = -0.0241,0.1251,0.1054
camera-imu timeoffset = 0.00008
cam0 intrinsics = 464.224,466.574,362.995,250.857 | -0.277,0.069,0.000,-0.000
cam1 intrinsics = 463.206,465.558,375.862,257.558 | -0.277,0.069,-0.000,-0.000
cam0 extrinsics = -0.007,0.006,0.702,0.712 | 0.076,-0.072,0.006
cam1 extrinsics = -0.002,0.011,0.702,0.712 | -0.043,-0.072,0.010
q_GtoI = 0.795,-0.194,0.559,0.137 | p_IinG = 8.720,-6.330,1.579 | dist = 57.06 (meters)
bg = -0.0011,0.0221,0.0765 | ba = -0.0241,0.1250,0.1046
camera-imu timeoffset = 0.00008
cam0 intrinsics = 464.225,466.579,362.994,250.843 | -0.277,0.069,0.000,-0.000
cam1 intrinsics = 463.206,465.561,375.862,257.545 | -0.277,0.069,-0.000,-0.000
cam0 extrinsics = -0.007,0.006,0.702,0.712 | 0.076,-0.072,0.006
cam1 extrinsics = -0.002,0.011,0.702,0.712 | -0.043,-0.072,0.010
q_GtoI = 0.795,-0.194,0.559,0.137 | p_IinG = 8.708,-6.279,1.575 | dist = 57.12 (meters)
bg = -0.0011,0.0222,0.0766 | ba = -0.0239,0.1241,0.1050
camera-imu timeoffset = 0.00008
cam0 intrinsics = 464.226,466.582,362.990,250.833 | -0.277,0.069,0.000,-0.000
cam1 intrinsics = 463.206,465.564,375.862,257.533 | -0.277,0.069,-0.000,-0.000
cam0 extrinsics = -0.007,0.006,0.702,0.712 | 0.076,-0.072,0.006
cam1 extrinsics = -0.002,0.011,0.702,0.712 | -0.043,-0.072,0.010
q_GtoI = 0.794,-0.194,0.559,0.137 | p_IinG = 8.693,-6.231,1.574 | dist = 57.17 (meters)
bg = -0.0011,0.0224,0.0767 | ba = -0.0277,0.1226,0.1103
camera-imu timeoffset = 0.00008
cam0 intrinsics = 464.215,466.580,362.981,250.811 | -0.277,0.069,0.000,-0.000
cam1 intrinsics = 463.193,465.558,375.859,257.515 | -0.277,0.069,-0.000,-0.000
cam0 extrinsics = -0.007,0.006,0.702,0.712 | 0.076,-0.071,0.006
cam1 extrinsics = -0.002,0.011,0.702,0.712 | -0.043,-0.071,0.010
q_GtoI = 0.794,-0.195,0.559,0.137 | p_IinG = 8.681,-6.180,1.568 | dist = 57.22 (meters)
bg = -0.0010,0.0224,0.0767 | ba = -0.0277,0.1228,0.1099
camera-imu timeoffset = 0.00008
cam0 intrinsics = 464.219,466.586,362.980,250.794 | -0.277,0.069,0.000,-0.000
cam1 intrinsics = 463.194,465.563,375.858,257.499 | -0.277,0.069,-0.000,-0.000
cam0 extrinsics = -0.007,0.006,0.702,0.712 | 0.076,-0.071,0.006
cam1 extrinsics = -0.002,0.011,0.702,0.712 | -0.043,-0.071,0.010
q_GtoI = 0.794,-0.195,0.559,0.137 | p_IinG = 8.668,-6.129,1.562 | dist = 57.27 (meters)
bg = -0.0010,0.0223,0.0767 | ba = -0.0274,0.1230,0.1102
camera-imu timeoffset = 0.00008
cam0 intrinsics = 464.222,466.590,362.979,250.778 | -0.277,0.069,0.000,-0.000
cam1 intrinsics = 463.196,465.566,375.857,257.482 | -0.277,0.069,-0.000,-0.000
cam0 extrinsics = -0.007,0.006,0.702,0.712 | 0.076,-0.071,0.006
cam1 extrinsics = -0.002,0.011,0.702,0.712 | -0.043,-0.071,0.010
q_GtoI = 0.794,-0.195,0.559,0.137 | p_IinG = 8.655,-6.078,1.554 | dist = 57.33 (meters)
bg = -0.0009,0.0224,0.0767 | ba = -0.0269,0.1222,0.1115
camera-imu timeoffset = 0.00008
cam0 intrinsics = 464.227,466.597,362.977,250.761 | -0.277,0.069,0.000,-0.000
cam1 intrinsics = 463.197,465.570,375.858,257.466 | -0.277,0.069,-0.000,-0.000
cam0 extrinsics = -0.007,0.006,0.702,0.712 | 0.076,-0.071,0.006
cam1 extrinsics = -0.002,0.011,0.702,0.712 | -0.043,-0.071,0.010
q_GtoI = 0.795,-0.195,0.558,0.138 | p_IinG = 8.642,-6.027,1.545 | dist = 57.38 (meters)
bg = -0.0009,0.0224,0.0767 | ba = -0.0255,0.1220,0.1120
camera-imu timeoffset = 0.00008
cam0 intrinsics = 464.230,466.602,362.977,250.746 | -0.277,0.069,0.000,-0.000
cam1 intrinsics = 463.199,465.575,375.858,257.451 | -0.277,0.069,-0.000,-0.000
cam0 extrinsics = -0.007,0.006,0.702,0.712 | 0.076,-0.071,0.006
cam1 extrinsics = -0.002,0.011,0.702,0.712 | -0.043,-0.071,0.010
q_GtoI = 0.795,-0.196,0.558,0.137 | p_IinG = 8.628,-5.976,1.536 | dist = 57.43 (meters)
bg = -0.0008,0.0223,0.0767 | ba = -0.0240,0.1221,0.1125
camera-imu timeoffset = 0.00008
cam0 intrinsics = 464.232,466.607,362.976,250.732 | -0.277,0.069,0.000,-0.000
cam1 intrinsics = 463.199,465.579,375.857,257.437 | -0.277,0.069,-0.000,-0.000
cam0 extrinsics = -0.007,0.006,0.702,0.712 | 0.076,-0.071,0.006
cam1 extrinsics = -0.002,0.011,0.702,0.712 | -0.043,-0.071,0.010
q_GtoI = 0.795,-0.196,0.558,0.137 | p_IinG = 8.615,-5.924,1.526 | dist = 57.49 (meters)
bg = -0.0007,0.0223,0.0767 | ba = -0.0223,0.1221,0.1129
camera-imu timeoffset = 0.00008
cam0 intrinsics = 464.236,466.614,362.976,250.718 | -0.277,0.069,0.000,-0.000
cam1 intrinsics = 463.201,465.584,375.857,257.423 | -0.277,0.069,-0.000,-0.000
cam0 extrinsics = -0.007,0.006,0.702,0.712 | 0.076,-0.071,0.007
cam1 extrinsics = -0.002,0.011,0.702,0.712 | -0.043,-0.071,0.010
q_GtoI = 0.796,-0.196,0.556,0.137 | p_IinG = 8.602,-5.873,1.519 | dist = 57.54 (meters)
bg = -0.0007,0.0222,0.0767 | ba = -0.0214,0.1228,0.1125
camera-imu timeoffset = 0.00008
cam0 intrinsics = 464.240,466.619,362.975,250.704 | -0.277,0.069,0.000,-0.000
cam1 intrinsics = 463.203,465.588,375.856,257.410 | -0.277,0.069,-0.000,-0.000
cam0 extrinsics = -0.007,0.006,0.702,0.712 | 0.076,-0.071,0.007
cam1 extrinsics = -0.002,0.011,0.702,0.712 | -0.043,-0.071,0.010
q_GtoI = 0.797,-0.196,0.555,0.136 | p_IinG = 8.590,-5.822,1.514 | dist = 57.59 (meters)
bg = -0.0005,0.0222,0.0767 | ba = -0.0207,0.1232,0.1127
camera-imu timeoffset = 0.00008
cam0 intrinsics = 464.245,466.625,362.974,250.689 | -0.277,0.069,0.000,-0.000
cam1 intrinsics = 463.207,465.594,375.855,257.394 | -0.277,0.069,-0.000,-0.000
cam0 extrinsics = -0.007,0.006,0.702,0.712 | 0.076,-0.071,0.007
cam1 extrinsics = -0.002,0.011,0.702,0.712 | -0.043,-0.071,0.010
q_GtoI = 0.798,-0.197,0.554,0.135 | p_IinG = 8.578,-5.773,1.510 | dist = 57.64 (meters)
bg = -0.0005,0.0222,0.0768 | ba = -0.0199,0.1228,0.1127
camera-imu timeoffset = 0.00008
cam0 intrinsics = 464.250,466.631,362.973,250.673 | -0.277,0.069,0.000,-0.000
cam1 intrinsics = 463.208,465.596,375.856,257.378 | -0.277,0.069,-0.000,-0.000
cam0 extrinsics = -0.007,0.006,0.702,0.712 | 0.076,-0.071,0.007
cam1 extrinsics = -0.002,0.011,0.702,0.712 | -0.043,-0.071,0.010
q_GtoI = 0.798,-0.198,0.553,0.135 | p_IinG = 8.567,-5.724,1.509 | dist = 57.69 (meters)
bg = -0.0004,0.0221,0.0768 | ba = -0.0189,0.1233,0.1111
camera-imu timeoffset = 0.00008
cam0 intrinsics = 464.251,466.633,362.974,250.660 | -0.277,0.069,0.000,-0.000
cam1 intrinsics = 463.207,465.597,375.856,257.364 | -0.277,0.069,-0.000,-0.000
cam0 extrinsics = -0.007,0.006,0.702,0.712 | 0.076,-0.071,0.007
cam1 extrinsics = -0.002,0.011,0.702,0.712 | -0.043,-0.071,0.010
q_GtoI = 0.799,-0.198,0.552,0.135 | p_IinG = 8.555,-5.674,1.510 | dist = 57.74 (meters)
bg = -0.0003,0.0222,0.0769 | ba = -0.0179,0.1237,0.1104
camera-imu timeoffset = 0.00008
cam0 intrinsics = 464.251,466.636,362.973,250.647 | -0.277,0.069,0.000,-0.000
cam1 intrinsics = 463.204,465.598,375.854,257.351 | -0.277,0.069,-0.000,-0.000
cam0 extrinsics = -0.007,0.006,0.702,0.712 | 0.076,-0.071,0.007
cam1 extrinsics = -0.002,0.011,0.702,0.712 | -0.043,-0.071,0.010
q_GtoI = 0.799,-0.198,0.551,0.135 | p_IinG = 8.543,-5.627,1.513 | dist = 57.79 (meters)
bg = -0.0002,0.0222,0.0769 | ba = -0.0160,0.1218,0.1127
camera-imu timeoffset = 0.00008
cam0 intrinsics = 464.255,466.641,362.973,250.637 | -0.277,0.069,0.000,-0.000
cam1 intrinsics = 463.205,465.600,375.858,257.343 | -0.277,0.069,-0.000,-0.000
cam0 extrinsics = -0.007,0.006,0.702,0.712 | 0.076,-0.071,0.007
cam1 extrinsics = -0.002,0.011,0.702,0.712 | -0.043,-0.071,0.010
q_GtoI = 0.799,-0.198,0.551,0.135 | p_IinG = 8.533,-5.579,1.517 | dist = 57.84 (meters)
bg = -0.0002,0.0221,0.0769 | ba = -0.0143,0.1218,0.1133
camera-imu timeoffset = 0.00008
cam0 intrinsics = 464.262,466.647,362.973,250.629 | -0.277,0.069,0.000,-0.000
cam1 intrinsics = 463.210,465.605,375.858,257.334 | -0.277,0.069,-0.000,-0.000
cam0 extrinsics = -0.007,0.006,0.702,0.712 | 0.076,-0.071,0.007
cam1 extrinsics = -0.002,0.011,0.702,0.712 | -0.043,-0.071,0.010
q_GtoI = 0.800,-0.199,0.550,0.135 | p_IinG = 8.522,-5.531,1.523 | dist = 57.89 (meters)
bg = -0.0001,0.0221,0.0770 | ba = -0.0134,0.1214,0.1144
camera-imu timeoffset = 0.00008
cam0 intrinsics = 464.270,466.654,362.973,250.621 | -0.277,0.069,0.000,-0.000
cam1 intrinsics = 463.216,465.610,375.857,257.325 | -0.277,0.069,-0.000,-0.000
cam0 extrinsics = -0.007,0.006,0.702,0.712 | 0.076,-0.071,0.007
cam1 extrinsics = -0.002,0.011,0.702,0.712 | -0.043,-0.071,0.010
q_GtoI = 0.800,-0.199,0.550,0.134 | p_IinG = 8.512,-5.483,1.531 | dist = 57.94 (meters)
bg = -0.0000,0.0221,0.0769 | ba = -0.0118,0.1208,0.1155
camera-imu timeoffset = 0.00008
cam0 intrinsics = 464.277,466.660,362.973,250.613 | -0.277,0.070,0.000,-0.000
cam1 intrinsics = 463.221,465.614,375.858,257.317 | -0.277,0.069,-0.000,-0.000
cam0 extrinsics = -0.007,0.006,0.702,0.712 | 0.076,-0.071,0.007
cam1 extrinsics = -0.002,0.011,0.702,0.712 | -0.043,-0.071,0.010
q_GtoI = 0.800,-0.200,0.549,0.134 | p_IinG = 8.501,-5.436,1.540 | dist = 57.99 (meters)
bg = 0.0000,0.0221,0.0770 | ba = -0.0106,0.1206,0.1161
camera-imu timeoffset = 0.00008
cam0 intrinsics = 464.285,466.666,362.974,250.605 | -0.277,0.070,0.000,-0.000
cam1 intrinsics = 463.225,465.618,375.857,257.308 | -0.277,0.069,-0.000,-0.000
cam0 extrinsics = -0.007,0.006,0.702,0.712 | 0.076,-0.071,0.007
cam1 extrinsics = -0.002,0.011,0.702,0.712 | -0.043,-0.071,0.010
q_GtoI = 0.801,-0.200,0.548,0.133 | p_IinG = 8.490,-5.390,1.548 | dist = 58.04 (meters)
bg = 0.0000,0.0221,0.0770 | ba = -0.0096,0.1202,0.1165
camera-imu timeoffset = 0.00008
cam0 intrinsics = 464.291,466.672,362.973,250.597 | -0.277,0.070,0.000,-0.000
cam1 intrinsics = 463.229,465.622,375.857,257.300 | -0.277,0.069,-0.000,-0.000
cam0 extrinsics = -0.007,0.006,0.702,0.712 | 0.076,-0.071,0.007
cam1 extrinsics = -0.002,0.011,0.702,0.712 | -0.043,-0.071,0.010
q_GtoI = 0.803,-0.201,0.545,0.134 | p_IinG = 8.480,-5.343,1.555 | dist = 58.09 (meters)
bg = 0.0000,0.0221,0.0770 | ba = -0.0087,0.1199,0.1170
camera-imu timeoffset = 0.00008
cam0 intrinsics = 464.298,466.679,362.973,250.588 | -0.277,0.070,0.000,-0.000
cam1 intrinsics = 463.235,465.628,375.857,257.291 | -0.277,0.069,-0.000,-0.000
cam0 extrinsics = -0.007,0.006,0.702,0.712 | 0.076,-0.071,0.007
cam1 extrinsics = -0.002,0.011,0.702,0.712 | -0.043,-0.071,0.010
q_GtoI = 0.805,-0.201,0.542,0.133 | p_IinG = 8.470,-5.298,1.561 | dist = 58.14 (meters)
bg = -0.0000,0.0221,0.0770 | ba = -0.0084,0.1195,0.1170
camera-imu timeoffset = 0.00008
cam0 intrinsics = 464.304,466.685,362.974,250.581 | -0.277,0.070,0.000,-0.000
cam1 intrinsics = 463.239,465.633,375.858,257.283 | -0.277,0.069,-0.000,-0.000
cam0 extrinsics = -0.007,0.006,0.702,0.712 | 0.076,-0.071,0.007
cam1 extrinsics = -0.002,0.011,0.702,0.712 | -0.043,-0.071,0.010
q_GtoI = 0.808,-0.202,0.537,0.132 | p_IinG = 8.460,-5.254,1.564 | dist = 58.18 (meters)
bg = -0.0000,0.0221,0.0770 | ba = -0.0074,0.1187,0.1173
camera-imu timeoffset = 0.00008
cam0 intrinsics = 464.311,466.692,362.975,250.571 | -0.277,0.070,0.000,-0.000
cam1 intrinsics = 463.245,465.638,375.858,257.272 | -0.277,0.069,-0.000,-0.000
cam0 extrinsics = -0.007,0.006,0.702,0.712 | 0.077,-0.071,0.007
cam1 extrinsics = -0.002,0.011,0.702,0.712 | -0.043,-0.071,0.010
q_GtoI = 0.811,-0.203,0.533,0.131 | p_IinG = 8.452,-5.226,1.558 | dist = 58.23 (meters)
bg = -0.0002,0.0216,0.0770 | ba = 0.0007,0.1076,0.1119
camera-imu timeoffset = 0.00008
cam0 intrinsics = 464.294,466.648,362.954,250.595 | -0.277,0.070,0.000,-0.000
cam1 intrinsics = 463.204,465.581,375.866,257.312 | -0.277,0.069,-0.000,-0.000
cam0 extrinsics = -0.007,0.006,0.702,0.712 | 0.077,-0.071,0.007
cam1 extrinsics = -0.002,0.011,0.702,0.712 | -0.042,-0.071,0.010
q_GtoI = 0.814,-0.204,0.529,0.130 | p_IinG = 8.444,-5.184,1.558 | dist = 58.27 (meters)
bg = -0.0003,0.0215,0.0771 | ba = 0.0005,0.1069,0.1117
camera-imu timeoffset = 0.00008
cam0 intrinsics = 464.309,466.656,362.957,250.586 | -0.277,0.070,0.000,-0.000
cam1 intrinsics = 463.218,465.587,375.867,257.302 | -0.277,0.069,-0.000,-0.000
cam0 extrinsics = -0.007,0.006,0.702,0.712 | 0.077,-0.071,0.007
cam1 extrinsics = -0.002,0.011,0.702,0.712 | -0.042,-0.071,0.010
q_GtoI = 0.815,-0.205,0.526,0.129 | p_IinG = 8.438,-5.143,1.557 | dist = 58.31 (meters)
bg = -0.0003,0.0214,0.0771 | ba = -0.0002,0.1062,0.1116
camera-imu timeoffset = 0.00008
cam0 intrinsics = 464.319,466.661,362.959,250.578 | -0.277,0.070,0.000,-0.000
cam1 intrinsics = 463.228,465.592,375.868,257.293 | -0.277,0.069,-0.000,-0.000
cam0 extrinsics = -0.007,0.006,0.702,0.712 | 0.077,-0.070,0.007
cam1 extrinsics = -0.002,0.011,0.702,0.712 | -0.042,-0.071,0.010
q_GtoI = 0.817,-0.206,0.523,0.128 | p_IinG = 8.433,-5.104,1.555 | dist = 58.35 (meters)
bg = -0.0004,0.0214,0.0771 | ba = -0.0008,0.1052,0.1112
camera-imu timeoffset = 0.00008
cam0 intrinsics = 464.331,466.668,362.961,250.569 | -0.277,0.070,0.000,-0.000
cam1 intrinsics = 463.240,465.599,375.868,257.283 | -0.277,0.069,-0.000,-0.000
cam0 extrinsics = -0.007,0.006,0.702,0.712 | 0.077,-0.070,0.007
cam1 extrinsics = -0.002,0.011,0.702,0.712 | -0.042,-0.070,0.010
q_GtoI = 0.818,-0.207,0.521,0.126 | p_IinG = 8.430,-5.066,1.552 | dist = 58.39 (meters)
bg = -0.0004,0.0214,0.0772 | ba = -0.0013,0.1038,0.1107
camera-imu timeoffset = 0.00008
cam0 intrinsics = 464.346,466.678,362.963,250.559 | -0.277,0.070,0.000,-0.000
cam1 intrinsics = 463.254,465.608,375.869,257.272 | -0.277,0.069,-0.000,-0.000
cam0 extrinsics = -0.007,0.006,0.702,0.712 | 0.077,-0.070,0.007
cam1 extrinsics = -0.002,0.011,0.702,0.712 | -0.042,-0.070,0.010
q_GtoI = 0.820,-0.208,0.519,0.125 | p_IinG = 8.429,-5.030,1.547 | dist = 58.43 (meters)
bg = -0.0004,0.0214,0.0771 | ba = -0.0020,0.1027,0.1106
camera-imu timeoffset = 0.00008
cam0 intrinsics = 464.359,466.687,362.964,250.549 | -0.277,0.070,0.000,-0.000
cam1 intrinsics = 463.266,465.617,375.869,257.260 | -0.277,0.069,-0.000,-0.000
cam0 extrinsics = -0.007,0.006,0.702,0.712 | 0.077,-0.070,0.007
cam1 extrinsics = -0.002,0.011,0.702,0.712 | -0.042,-0.070,0.010
q_GtoI = 0.821,-0.209,0.517,0.124 | p_IinG = 8.430,-4.995,1.540 | dist = 58.46 (meters)
bg = -0.0005,0.0214,0.0772 | ba = -0.0028,0.1013,0.1101
camera-imu timeoffset = 0.00008
cam0 intrinsics = 464.371,466.696,362.965,250.538 | -0.277,0.070,0.000,-0.000
cam1 intrinsics = 463.278,465.625,375.869,257.248 | -0.277,0.069,-0.000,-0.000
cam0 extrinsics = -0.007,0.006,0.702,0.712 | 0.077,-0.070,0.007
cam1 extrinsics = -0.002,0.011,0.702,0.712 | -0.042,-0.070,0.010
q_GtoI = 0.822,-0.209,0.515,0.123 | p_IinG = 8.432,-4.963,1.533 | dist = 58.50 (meters)
bg = -0.0005,0.0214,0.0773 | ba = -0.0037,0.1000,0.1095
camera-imu timeoffset = 0.00008
cam0 intrinsics = 464.380,466.702,362.965,250.527 | -0.277,0.070,0.000,-0.000
cam1 intrinsics = 463.286,465.631,375.869,257.236 | -0.277,0.069,-0.000,-0.000
cam0 extrinsics = -0.007,0.006,0.702,0.712 | 0.077,-0.070,0.007
cam1 extrinsics = -0.002,0.011,0.702,0.712 | -0.042,-0.070,0.010
q_GtoI = 0.822,-0.210,0.516,0.123 | p_IinG = 8.437,-4.931,1.525 | dist = 58.53 (meters)
bg = -0.0005,0.0215,0.0774 | ba = -0.0050,0.0991,0.1086
camera-imu timeoffset = 0.00008
cam0 intrinsics = 464.390,466.709,362.964,250.516 | -0.277,0.070,0.000,-0.000
cam1 intrinsics = 463.295,465.636,375.868,257.224 | -0.277,0.069,-0.000,-0.000
cam0 extrinsics = -0.007,0.006,0.702,0.712 | 0.077,-0.070,0.007
cam1 extrinsics = -0.002,0.011,0.702,0.712 | -0.042,-0.070,0.010
q_GtoI = 0.821,-0.210,0.517,0.123 | p_IinG = 8.444,-4.901,1.517 | dist = 58.57 (meters)
bg = -0.0004,0.0214,0.0774 | ba = -0.0058,0.0982,0.1082
camera-imu timeoffset = 0.00008
cam0 intrinsics = 464.401,466.717,362.965,250.503 | -0.277,0.070,0.000,-0.000
cam1 intrinsics = 463.305,465.644,375.869,257.210 | -0.277,0.069,-0.000,-0.000
cam0 extrinsics = -0.007,0.006,0.702,0.712 | 0.077,-0.070,0.007
cam1 extrinsics = -0.002,0.011,0.702,0.712 | -0.042,-0.070,0.010
q_GtoI = 0.820,-0.209,0.519,0.125 | p_IinG = 8.452,-4.872,1.510 | dist = 58.60 (meters)
bg = -0.0004,0.0215,0.0774 | ba = -0.0067,0.0977,0.1077
camera-imu timeoffset = 0.00008
cam0 intrinsics = 464.411,466.723,362.964,250.488 | -0.277,0.070,0.000,-0.000
cam1 intrinsics = 463.315,465.649,375.869,257.195 | -0.277,0.069,-0.000,-0.000
cam0 extrinsics = -0.007,0.006,0.702,0.712 | 0.077,-0.070,0.007
cam1 extrinsics = -0.002,0.011,0.702,0.712 | -0.042,-0.070,0.010
q_GtoI = 0.818,-0.209,0.521,0.124 | p_IinG = 8.462,-4.844,1.504 | dist = 58.63 (meters)
bg = -0.0004,0.0216,0.0774 | ba = -0.0075,0.0977,0.1077
camera-imu timeoffset = 0.00008
cam0 intrinsics = 464.412,466.723,362.962,250.475 | -0.277,0.070,0.000,-0.000
cam1 intrinsics = 463.315,465.648,375.866,257.182 | -0.277,0.069,-0.000,-0.000
cam0 extrinsics = -0.007,0.006,0.702,0.712 | 0.077,-0.070,0.007
cam1 extrinsics = -0.002,0.011,0.702,0.712 | -0.042,-0.070,0.010
q_GtoI = 0.817,-0.209,0.522,0.125 | p_IinG = 8.468,-4.827,1.493 | dist = 58.66 (meters)
bg = -0.0004,0.0215,0.0774 | ba = -0.0101,0.0939,0.0986
camera-imu timeoffset = 0.00008
cam0 intrinsics = 464.360,466.686,362.955,250.418 | -0.277,0.070,0.000,-0.000
cam1 intrinsics = 463.265,465.609,375.884,257.125 | -0.277,0.069,-0.000,-0.000
cam0 extrinsics = -0.007,0.006,0.702,0.712 | 0.077,-0.070,0.007
cam1 extrinsics = -0.002,0.011,0.702,0.712 | -0.042,-0.071,0.010
q_GtoI = 0.816,-0.208,0.525,0.126 | p_IinG = 8.481,-4.803,1.490 | dist = 58.68 (meters)
bg = -0.0004,0.0217,0.0774 | ba = -0.0106,0.0935,0.0989
camera-imu timeoffset = 0.00009
cam0 intrinsics = 464.359,466.685,362.952,250.405 | -0.277,0.070,0.000,-0.000
cam1 intrinsics = 463.263,465.606,375.881,257.112 | -0.277,0.069,-0.000,-0.000
cam0 extrinsics = -0.007,0.006,0.702,0.712 | 0.077,-0.070,0.007
cam1 extrinsics = -0.002,0.011,0.702,0.712 | -0.042,-0.070,0.010
q_GtoI = 0.815,-0.208,0.526,0.126 | p_IinG = 8.496,-4.781,1.488 | dist = 58.71 (meters)
bg = -0.0003,0.0217,0.0773 | ba = -0.0120,0.0943,0.0992
camera-imu timeoffset = 0.00009
cam0 intrinsics = 464.366,466.693,362.950,250.400 | -0.277,0.070,0.000,-0.000
cam1 intrinsics = 463.264,465.610,375.881,257.103 | -0.277,0.069,-0.000,-0.000
cam0 extrinsics = -0.007,0.006,0.702,0.712 | 0.077,-0.070,0.007
cam1 extrinsics = -0.002,0.011,0.702,0.712 | -0.042,-0.070,0.010
q_GtoI = 0.813,-0.208,0.529,0.126 | p_IinG = 8.513,-4.760,1.490 | dist = 58.74 (meters)
bg = -0.0003,0.0217,0.0772 | ba = -0.0129,0.0946,0.0983
camera-imu timeoffset = 0.00009
cam0 intrinsics = 464.367,466.695,362.949,250.391 | -0.278,0.070,0.000,-0.000
cam1 intrinsics = 463.264,465.611,375.880,257.095 | -0.277,0.069,-0.000,-0.000
cam0 extrinsics = -0.007,0.006,0.702,0.712 | 0.077,-0.070,0.007
cam1 extrinsics = -0.002,0.011,0.702,0.712 | -0.042,-0.071,0.010
q_GtoI = 0.812,-0.208,0.531,0.126 | p_IinG = 8.532,-4.741,1.493 | dist = 58.77 (meters)
bg = -0.0002,0.0218,0.0771 | ba = -0.0140,0.0947,0.0975
camera-imu timeoffset = 0.00009
cam0 intrinsics = 464.369,466.699,362.946,250.381 | -0.278,0.070,0.000,-0.000
cam1 intrinsics = 463.264,465.614,375.878,257.085 | -0.277,0.069,-0.000,-0.000
cam0 extrinsics = -0.007,0.006,0.702,0.712 | 0.077,-0.070,0.007
cam1 extrinsics = -0.002,0.011,0.702,0.712 | -0.042,-0.071,0.010
q_GtoI = 0.811,-0.207,0.532,0.126 | p_IinG = 8.552,-4.723,1.498 | dist = 58.79 (meters)
bg = -0.0002,0.0218,0.0771 | ba = -0.0150,0.0950,0.0961
camera-imu timeoffset = 0.00009
cam0 intrinsics = 464.368,466.700,362.941,250.370 | -0.278,0.070,0.000,-0.000
cam1 intrinsics = 463.262,465.614,375.874,257.074 | -0.277,0.069,-0.000,-0.000
cam0 extrinsics = -0.007,0.006,0.702,0.712 | 0.077,-0.070,0.007
cam1 extrinsics = -0.002,0.011,0.702,0.712 | -0.042,-0.071,0.010
q_GtoI = 0.809,-0.206,0.536,0.124 | p_IinG = 8.574,-4.706,1.506 | dist = 58.82 (meters)
bg = -0.0001,0.0219,0.0771 | ba = -0.0160,0.0953,0.0949
camera-imu timeoffset = 0.00008
cam0 intrinsics = 464.366,466.700,362.934,250.358 | -0.278,0.070,0.000,-0.000
cam1 intrinsics = 463.258,465.614,375.867,257.064 | -0.277,0.069,-0.000,-0.000
cam0 extrinsics = -0.007,0.006,0.702,0.712 | 0.077,-0.071,0.007
cam1 extrinsics = -0.002,0.011,0.702,0.712 | -0.042,-0.071,0.009
q_GtoI = 0.806,-0.204,0.542,0.122 | p_IinG = 8.596,-4.690,1.517 | dist = 58.85 (meters)
bg = -0.0001,0.0220,0.0771 | ba = -0.0167,0.0948,0.0935
camera-imu timeoffset = 0.00008
cam0 intrinsics = 464.362,466.697,362.924,250.348 | -0.278,0.070,0.000,-0.000
cam1 intrinsics = 463.253,465.610,375.856,257.054 | -0.277,0.069,-0.000,-0.000
cam0 extrinsics = -0.007,0.006,0.702,0.712 | 0.077,-0.071,0.006
cam1 extrinsics = -0.002,0.011,0.702,0.712 | -0.042,-0.071,0.009
q_GtoI = 0.803,-0.202,0.548,0.118 | p_IinG = 8.619,-4.674,1.531 | dist = 58.89 (meters)
bg = 0.0001,0.0221,0.0771 | ba = -0.0172,0.0948,0.0936
camera-imu timeoffset = 0.00008
cam0 intrinsics = 464.350,466.691,362.911,250.341 | -0.278,0.070,0.000,-0.000
cam1 intrinsics = 463.241,465.604,375.845,257.048 | -0.277,0.069,-0.000,-0.000
cam0 extrinsics = -0.007,0.006,0.702,0.712 | 0.077,-0.071,0.007
cam1 extrinsics = -0.002,0.011,0.702,0.712 | -0.042,-0.071,0.010
q_GtoI = 0.801,-0.198,0.553,0.114 | p_IinG = 8.642,-4.659,1.547 | dist = 58.92 (meters)
bg = 0.0002,0.0222,0.0770 | ba = -0.0180,0.0952,0.0941
camera-imu timeoffset = 0.00008
cam0 intrinsics = 464.340,466.689,362.905,250.335 | -0.278,0.070,0.000,-0.000
cam1 intrinsics = 463.231,465.602,375.839,257.042 | -0.277,0.069,-0.000,-0.000
cam0 extrinsics = -0.007,0.006,0.702,0.712 | 0.077,-0.071,0.006
cam1 extrinsics = -0.002,0.011,0.702,0.712 | -0.042,-0.071,0.009
q_GtoI = 0.800,-0.194,0.557,0.109 | p_IinG = 8.665,-4.644,1.565 | dist = 58.95 (meters)
bg = 0.0004,0.0222,0.0771 | ba = -0.0195,0.0957,0.0941
camera-imu timeoffset = 0.00008
cam0 intrinsics = 464.334,466.690,362.895,250.325 | -0.278,0.070,0.000,-0.000
cam1 intrinsics = 463.229,465.607,375.828,257.033 | -0.277,0.069,-0.000,-0.000
cam0 extrinsics = -0.007,0.006,0.702,0.713 | 0.077,-0.071,0.006
cam1 extrinsics = -0.002,0.011,0.702,0.712 | -0.042,-0.071,0.009
q_GtoI = 0.800,-0.187,0.560,0.103 | p_IinG = 8.687,-4.630,1.586 | dist = 58.98 (meters)
bg = 0.0007,0.0223,0.0772 | ba = -0.0213,0.0959,0.0942
camera-imu timeoffset = 0.00008
cam0 intrinsics = 464.325,466.689,362.884,250.313 | -0.278,0.070,0.000,-0.000
cam1 intrinsics = 463.221,465.607,375.817,257.022 | -0.277,0.069,-0.000,-0.000
cam0 extrinsics = -0.007,0.006,0.702,0.713 | 0.077,-0.070,0.006
cam1 extrinsics = -0.002,0.011,0.702,0.712 | -0.042,-0.071,0.010
q_GtoI = 0.802,-0.180,0.562,0.097 | p_IinG = 8.709,-4.620,1.607 | dist = 59.02 (meters)
bg = 0.0009,0.0224,0.0772 | ba = -0.0218,0.0941,0.0932
camera-imu timeoffset = 0.00008
cam0 intrinsics = 464.318,466.693,362.888,250.297 | -0.278,0.070,0.000,-0.000
cam1 intrinsics = 463.213,465.609,375.814,257.010 | -0.277,0.069,-0.000,-0.000
cam0 extrinsics = -0.007,0.006,0.702,0.713 | 0.077,-0.070,0.007
cam1 extrinsics = -0.002,0.011,0.702,0.712 | -0.042,-0.071,0.010
q_GtoI = 0.804,-0.173,0.561,0.093 | p_IinG = 8.731,-4.610,1.630 | dist = 59.05 (meters)
bg = 0.0011,0.0223,0.0772 | ba = -0.0222,0.0939,0.0932
camera-imu timeoffset = 0.00008
cam0 intrinsics = 464.317,466.697,362.888,250.294 | -0.278,0.070,0.000,-0.000
cam1 intrinsics = 463.213,465.614,375.813,257.008 | -0.277,0.069,-0.000,-0.000
cam0 extrinsics = -0.007,0.006,0.702,0.713 | 0.077,-0.071,0.007
cam1 extrinsics = -0.002,0.011,0.702,0.712 | -0.042,-0.071,0.010
q_GtoI = 0.808,-0.166,0.558,0.090 | p_IinG = 8.753,-4.602,1.655 | dist = 59.09 (meters)
bg = 0.0012,0.0223,0.0771 | ba = -0.0225,0.0936,0.0926
camera-imu timeoffset = 0.00008
cam0 intrinsics = 464.321,466.703,362.885,250.293 | -0.278,0.070,0.000,-0.000
cam1 intrinsics = 463.218,465.621,375.810,257.007 | -0.277,0.069,-0.000,-0.000
cam0 extrinsics = -0.007,0.006,0.702,0.713 | 0.077,-0.071,0.007
cam1 extrinsics = -0.002,0.011,0.702,0.712 | -0.042,-0.071,0.010
q_GtoI = 0.811,-0.160,0.556,0.087 | p_IinG = 8.775,-4.595,1.681 | dist = 59.12 (meters)
bg = 0.0013,0.0223,0.0771 | ba = -0.0234,0.0927,0.0925
camera-imu timeoffset = 0.00008
cam0 intrinsics = 464.326,466.711,362.886,250.294 | -0.278,0.070,0.000,-0.000
cam1 intrinsics = 463.224,465.630,375.809,257.008 | -0.277,0.069,-0.000,-0.000
cam0 extrinsics = -0.007,0.006,0.702,0.713 | 0.077,-0.071,0.007
cam1 extrinsics = -0.002,0.011,0.702,0.712 | -0.042,-0.071,0.010
q_GtoI = 0.814,-0.154,0.553,0.084 | p_IinG = 8.796,-4.590,1.709 | dist = 59.16 (meters)
bg = 0.0013,0.0222,0.0771 | ba = -0.0242,0.0922,0.0924
camera-imu timeoffset = 0.00008
cam0 intrinsics = 464.330,466.718,362.880,250.295 | -0.278,0.070,0.000,-0.000
cam1 intrinsics = 463.229,465.638,375.805,257.010 | -0.277,0.069,-0.000,-0.000
cam0 extrinsics = -0.007,0.006,0.702,0.713 | 0.077,-0.071,0.007
cam1 extrinsics = -0.002,0.011,0.702,0.712 | -0.042,-0.071,0.010
q_GtoI = 0.818,-0.150,0.550,0.082 | p_IinG = 8.816,-4.586,1.736 | dist = 59.19 (meters)
bg = 0.0014,0.0221,0.0772 | ba = -0.0248,0.0913,0.0926
camera-imu timeoffset = 0.00008
cam0 intrinsics = 464.336,466.727,362.875,250.297 | -0.278,0.070,0.000,-0.000
cam1 intrinsics = 463.235,465.647,375.800,257.012 | -0.277,0.069,-0.000,-0.000
cam0 extrinsics = -0.007,0.006,0.702,0.713 | 0.077,-0.071,0.007
cam1 extrinsics = -0.002,0.011,0.702,0.712 | -0.042,-0.071,0.010
q_GtoI = 0.821,-0.147,0.546,0.080 | p_IinG = 8.838,-4.583,1.761 | dist = 59.23 (meters)
bg = 0.0015,0.0221,0.0772 | ba = -0.0253,0.0903,0.0932
camera-imu timeoffset = 0.00008
cam0 intrinsics = 464.343,466.736,362.873,250.296 | -0.278,0.070,0.000,-0.000
cam1 intrinsics = 463.243,465.657,375.798,257.012 | -0.277,0.069,-0.000,-0.000
cam0 extrinsics = -0.007,0.006,0.702,0.713 | 0.077,-0.071,0.007
cam1 extrinsics = -0.002,0.011,0.702,0.712 | -0.042,-0.071,0.010
q_GtoI = 0.824,-0.144,0.543,0.077 | p_IinG = 8.859,-4.582,1.785 | dist = 59.26 (meters)
bg = 0.0015,0.0221,0.0772 | ba = -0.0264,0.0891,0.0935
camera-imu timeoffset = 0.00008
cam0 intrinsics = 464.353,466.749,362.870,250.298 | -0.278,0.070,0.000,-0.000
cam1 intrinsics = 463.253,465.670,375.795,257.014 | -0.277,0.069,-0.000,-0.000
cam0 extrinsics = -0.007,0.006,0.702,0.712 | 0.077,-0.071,0.007
cam1 extrinsics = -0.002,0.011,0.702,0.712 | -0.042,-0.071,0.010
q_GtoI = 0.825,-0.142,0.541,0.076 | p_IinG = 8.882,-4.582,1.808 | dist = 59.29 (meters)
bg = 0.0015,0.0221,0.0773 | ba = -0.0273,0.0876,0.0941
camera-imu timeoffset = 0.00008
cam0 intrinsics = 464.362,466.760,362.868,250.299 | -0.278,0.070,0.000,-0.000
cam1 intrinsics = 463.263,465.681,375.793,257.016 | -0.277,0.069,-0.000,-0.000
cam0 extrinsics = -0.007,0.006,0.702,0.712 | 0.077,-0.071,0.007
cam1 extrinsics = -0.002,0.011,0.702,0.712 | -0.042,-0.071,0.010
q_GtoI = 0.827,-0.140,0.540,0.076 | p_IinG = 8.904,-4.583,1.830 | dist = 59.33 (meters)
bg = 0.0015,0.0221,0.0774 | ba = -0.0277,0.0859,0.0948
camera-imu timeoffset = 0.00009
cam0 intrinsics = 464.376,466.775,362.871,250.304 | -0.278,0.070,0.000,-0.000
cam1 intrinsics = 463.276,465.696,375.795,257.022 | -0.277,0.069,-0.000,-0.000
cam0 extrinsics = -0.007,0.006,0.702,0.712 | 0.077,-0.071,0.007
cam1 extrinsics = -0.002,0.011,0.702,0.712 | -0.042,-0.071,0.011
q_GtoI = 0.828,-0.138,0.538,0.076 | p_IinG = 8.927,-4.586,1.850 | dist = 59.36 (meters)
bg = 0.0015,0.0222,0.0774 | ba = -0.0279,0.0845,0.0964
camera-imu timeoffset = 0.00008
cam0 intrinsics = 464.384,466.784,362.868,250.307 | -0.278,0.070,0.000,-0.000
cam1 intrinsics = 463.284,465.706,375.794,257.026 | -0.277,0.069,-0.000,-0.000
cam0 extrinsics = -0.007,0.006,0.702,0.712 | 0.076,-0.072,0.007
cam1 extrinsics = -0.002,0.011,0.702,0.712 | -0.042,-0.072,0.011
q_GtoI = 0.828,-0.138,0.538,0.075 | p_IinG = 8.952,-4.589,1.869 | dist = 59.39 (meters)
bg = 0.0015,0.0222,0.0774 | ba = -0.0282,0.0832,0.0977
camera-imu timeoffset = 0.00008
cam0 intrinsics = 464.392,466.795,362.869,250.310 | -0.278,0.070,0.000,-0.000
cam1 intrinsics = 463.292,465.715,375.795,257.030 | -0.277,0.069,-0.000,-0.000
cam0 extrinsics = -0.007,0.006,0.702,0.712 | 0.076,-0.072,0.007
cam1 extrinsics = -0.002,0.011,0.702,0.712 | -0.043,-0.072,0.011
q_GtoI = 0.828,-0.137,0.538,0.075 | p_IinG = 8.977,-4.595,1.886 | dist = 59.43 (meters)
bg = 0.0014,0.0222,0.0773 | ba = -0.0277,0.0810,0.0998
camera-imu timeoffset = 0.00008
cam0 intrinsics = 464.395,466.797,362.873,250.314 | -0.278,0.070,0.000,-0.000
cam1 intrinsics = 463.293,465.717,375.796,257.037 | -0.277,0.069,-0.000,-0.000
cam0 extrinsics = -0.007,0.006,0.702,0.713 | 0.076,-0.072,0.007
cam1 extrinsics = -0.002,0.011,0.702,0.712 | -0.043,-0.072,0.010
q_GtoI = 0.828,-0.137,0.539,0.075 | p_IinG = 9.004,-4.600,1.904 | dist = 59.46 (meters)
bg = 0.0013,0.0222,0.0774 | ba = -0.0274,0.0803,0.1012
camera-imu timeoffset = 0.00008
cam0 intrinsics = 464.401,466.805,362.873,250.320 | -0.278,0.070,0.000,-0.000
cam1 intrinsics = 463.299,465.725,375.796,257.043 | -0.277,0.069,-0.000,-0.000
cam0 extrinsics = -0.007,0.006,0.702,0.713 | 0.076,-0.072,0.007
cam1 extrinsics = -0.002,0.011,0.702,0.712 | -0.043,-0.072,0.010
q_GtoI = 0.827,-0.136,0.541,0.075 | p_IinG = 9.032,-4.607,1.922 | dist = 59.50 (meters)
bg = 0.0013,0.0222,0.0774 | ba = -0.0268,0.0794,0.1026
camera-imu timeoffset = 0.00008
cam0 intrinsics = 464.405,466.811,362.876,250.325 | -0.278,0.070,0.000,-0.000
cam1 intrinsics = 463.306,465.735,375.790,257.051 | -0.277,0.070,-0.000,-0.000
cam0 extrinsics = -0.007,0.006,0.702,0.713 | 0.076,-0.072,0.007
cam1 extrinsics = -0.002,0.011,0.702,0.712 | -0.043,-0.072,0.010
q_GtoI = 0.825,-0.135,0.544,0.077 | p_IinG = 9.058,-4.617,1.940 | dist = 59.54 (meters)
bg = 0.0010,0.0224,0.0777 | ba = -0.0226,0.0779,0.1040
camera-imu timeoffset = 0.00008
cam0 intrinsics = 464.385,466.801,362.887,250.318 | -0.278,0.070,0.000,-0.000
cam1 intrinsics = 463.280,465.720,375.790,257.052 | -0.277,0.070,-0.000,-0.000
cam0 extrinsics = -0.007,0.006,0.702,0.713 | 0.076,-0.072,0.007
cam1 extrinsics = -0.002,0.011,0.702,0.712 | -0.043,-0.072,0.010
q_GtoI = 0.823,-0.132,0.546,0.081 | p_IinG = 9.089,-4.625,1.961 | dist = 59.58 (meters)
bg = 0.0009,0.0224,0.0776 | ba = -0.0216,0.0774,0.1043
camera-imu timeoffset = 0.00008
cam0 intrinsics = 464.385,466.804,362.888,250.328 | -0.278,0.070,0.000,-0.000
cam1 intrinsics = 463.284,465.727,375.784,257.062 | -0.277,0.070,-0.000,-0.000
cam0 extrinsics = -0.007,0.006,0.702,0.713 | 0.076,-0.072,0.008
cam1 extrinsics = -0.002,0.011,0.702,0.712 | -0.043,-0.072,0.011
q_GtoI = 0.822,-0.130,0.548,0.085 | p_IinG = 9.122,-4.634,1.985 | dist = 59.62 (meters)
bg = 0.0007,0.0223,0.0777 | ba = -0.0211,0.0774,0.1052
camera-imu timeoffset = 0.00008
cam0 intrinsics = 464.387,466.813,362.888,250.339 | -0.278,0.070,0.000,-0.000
cam1 intrinsics = 463.286,465.737,375.782,257.074 | -0.277,0.070,-0.000,-0.000
cam0 extrinsics = -0.007,0.006,0.702,0.713 | 0.075,-0.072,0.008
cam1 extrinsics = -0.002,0.011,0.702,0.712 | -0.043,-0.072,0.011
q_GtoI = 0.820,-0.127,0.551,0.090 | p_IinG = 9.154,-4.643,2.009 | dist = 59.66 (meters)
bg = 0.0006,0.0224,0.0777 | ba = -0.0199,0.0770,0.1063
camera-imu timeoffset = 0.00008
cam0 intrinsics = 464.387,466.816,362.887,250.348 | -0.278,0.070,0.000,-0.000
cam1 intrinsics = 463.286,465.740,375.779,257.085 | -0.277,0.070,-0.000,-0.000
cam0 extrinsics = -0.007,0.006,0.702,0.713 | 0.075,-0.072,0.008
cam1 extrinsics = -0.002,0.011,0.702,0.712 | -0.043,-0.072,0.011
q_GtoI = 0.817,-0.125,0.555,0.095 | p_IinG = 9.186,-4.653,2.032 | dist = 59.70 (meters)
bg = 0.0004,0.0224,0.0777 | ba = -0.0188,0.0765,0.1076
camera-imu timeoffset = 0.00008
cam0 intrinsics = 464.387,466.817,362.886,250.358 | -0.278,0.070,0.000,-0.000
cam1 intrinsics = 463.286,465.741,375.778,257.095 | -0.277,0.070,-0.000,-0.000
cam0 extrinsics = -0.007,0.006,0.702,0.713 | 0.075,-0.072,0.008
cam1 extrinsics = -0.002,0.011,0.702,0.712 | -0.044,-0.072,0.011
q_GtoI = 0.815,-0.123,0.558,0.097 | p_IinG = 9.218,-4.662,2.053 | dist = 59.74 (meters)
bg = 0.0002,0.0223,0.0777 | ba = -0.0179,0.0758,0.1085
camera-imu timeoffset = 0.00008
cam0 intrinsics = 464.391,466.817,362.887,250.362 | -0.278,0.070,0.000,-0.000
cam1 intrinsics = 463.290,465.742,375.777,257.100 | -0.277,0.070,-0.000,-0.000
cam0 extrinsics = -0.007,0.006,0.702,0.713 | 0.075,-0.072,0.008
cam1 extrinsics = -0.002,0.011,0.702,0.712 | -0.044,-0.072,0.011
q_GtoI = 0.813,-0.123,0.560,0.100 | p_IinG = 9.252,-4.671,2.073 | dist = 59.78 (meters)
bg = 0.0001,0.0222,0.0777 | ba = -0.0178,0.0752,0.1090
camera-imu timeoffset = 0.00008
cam0 intrinsics = 464.397,466.820,362.888,250.365 | -0.278,0.070,0.000,-0.000
cam1 intrinsics = 463.296,465.745,375.776,257.104 | -0.277,0.070,-0.000,-0.000
cam0 extrinsics = -0.007,0.006,0.702,0.712 | 0.075,-0.072,0.008
cam1 extrinsics = -0.002,0.011,0.702,0.712 | -0.044,-0.072,0.011
q_GtoI = 0.812,-0.122,0.562,0.101 | p_IinG = 9.285,-4.680,2.090 | dist = 59.82 (meters)
bg = -0.0001,0.0221,0.0777 | ba = -0.0174,0.0749,0.1099
camera-imu timeoffset = 0.00008
cam0 intrinsics = 464.403,466.825,362.890,250.369 | -0.278,0.070,0.000,-0.000
cam1 intrinsics = 463.303,465.750,375.777,257.108 | -0.277,0.070,-0.000,-0.000
cam0 extrinsics = -0.007,0.006,0.702,0.712 | 0.075,-0.072,0.008
cam1 extrinsics = -0.002,0.011,0.702,0.712 | -0.044,-0.072,0.011
q_GtoI = 0.811,-0.122,0.562,0.102 | p_IinG = 9.318,-4.687,2.107 | dist = 59.86 (meters)
bg = -0.0002,0.0221,0.0778 | ba = -0.0171,0.0746,0.1115
camera-imu timeoffset = 0.00008
cam0 intrinsics = 464.408,466.829,362.889,250.373 | -0.278,0.070,0.000,-0.000
cam1 intrinsics = 463.309,465.755,375.775,257.114 | -0.277,0.070,-0.000,-0.000
cam0 extrinsics = -0.007,0.006,0.702,0.712 | 0.075,-0.072,0.008
cam1 extrinsics = -0.002,0.011,0.702,0.712 | -0.044,-0.072,0.011
q_GtoI = 0.811,-0.122,0.563,0.104 | p_IinG = 9.351,-4.696,2.121 | dist = 59.90 (meters)
bg = -0.0004,0.0221,0.0777 | ba = -0.0162,0.0736,0.1118
camera-imu timeoffset = 0.00008
cam0 intrinsics = 464.416,466.827,362.889,250.368 | -0.278,0.070,0.000,-0.000
cam1 intrinsics = 463.314,465.751,375.774,257.111 | -0.277,0.070,-0.000,-0.000
cam0 extrinsics = -0.007,0.006,0.702,0.712 | 0.075,-0.072,0.008
cam1 extrinsics = -0.002,0.011,0.702,0.712 | -0.044,-0.072,0.011
q_GtoI = 0.809,-0.122,0.565,0.104 | p_IinG = 9.382,-4.702,2.134 | dist = 59.93 (meters)
bg = -0.0005,0.0221,0.0777 | ba = -0.0153,0.0737,0.1140
camera-imu timeoffset = 0.00008
cam0 intrinsics = 464.422,466.832,362.891,250.371 | -0.278,0.070,0.000,-0.000
cam1 intrinsics = 463.319,465.756,375.773,257.115 | -0.277,0.070,-0.000,-0.000
cam0 extrinsics = -0.007,0.006,0.702,0.712 | 0.075,-0.072,0.008
cam1 extrinsics = -0.002,0.011,0.702,0.712 | -0.044,-0.072,0.011
q_GtoI = 0.808,-0.122,0.567,0.104 | p_IinG = 9.412,-4.706,2.145 | dist = 59.97 (meters)
bg = -0.0006,0.0221,0.0776 | ba = -0.0144,0.0743,0.1164
camera-imu timeoffset = 0.00008
cam0 intrinsics = 464.426,466.838,362.892,250.375 | -0.278,0.070,0.000,-0.000
cam1 intrinsics = 463.323,465.761,375.774,257.118 | -0.277,0.070,-0.000,-0.000
cam0 extrinsics = -0.007,0.006,0.702,0.712 | 0.075,-0.072,0.008
cam1 extrinsics = -0.002,0.011,0.702,0.712 | -0.044,-0.072,0.011
q_GtoI = 0.803,-0.123,0.574,0.102 | p_IinG = 9.441,-4.710,2.157 | dist = 60.00 (meters)
bg = -0.0007,0.0223,0.0777 | ba = -0.0144,0.0770,0.1200
camera-imu timeoffset = 0.00008
cam0 intrinsics = 464.425,466.851,362.884,250.400 | -0.278,0.070,0.000,-0.000
cam1 intrinsics = 463.317,465.768,375.761,257.146 | -0.277,0.070,-0.000,-0.000
cam0 extrinsics = -0.007,0.006,0.702,0.712 | 0.075,-0.072,0.008
cam1 extrinsics = -0.002,0.011,0.702,0.712 | -0.043,-0.072,0.011
q_GtoI = 0.797,-0.123,0.582,0.099 | p_IinG = 9.469,-4.713,2.171 | dist = 60.04 (meters)
bg = -0.0007,0.0224,0.0777 | ba = -0.0128,0.0764,0.1214
camera-imu timeoffset = 0.00007
cam0 intrinsics = 464.425,466.843,362.894,250.400 | -0.278,0.070,0.000,-0.000
cam1 intrinsics = 463.317,465.760,375.768,257.147 | -0.277,0.070,-0.000,-0.000
cam0 extrinsics = -0.007,0.006,0.702,0.712 | 0.075,-0.072,0.008
cam1 extrinsics = -0.002,0.011,0.702,0.712 | -0.044,-0.072,0.011
q_GtoI = 0.794,-0.122,0.588,0.096 | p_IinG = 9.495,-4.714,2.185 | dist = 60.07 (meters)
bg = -0.0007,0.0225,0.0777 | ba = -0.0116,0.0765,0.1238
camera-imu timeoffset = 0.00008
cam0 intrinsics = 464.432,466.855,362.935,250.422 | -0.278,0.070,0.000,-0.000
cam1 intrinsics = 463.323,465.771,375.807,257.172 | -0.277,0.070,-0.000,-0.000
cam0 extrinsics = -0.007,0.006,0.702,0.712 | 0.075,-0.072,0.008
cam1 extrinsics = -0.002,0.011,0.702,0.712 | -0.044,-0.072,0.011
q_GtoI = 0.794,-0.120,0.589,0.092 | p_IinG = 9.519,-4.713,2.199 | dist = 60.10 (meters)
bg = -0.0007,0.0224,0.0778 | ba = -0.0107,0.0771,0.1261
camera-imu timeoffset = 0.00008
cam0 intrinsics = 464.436,466.863,362.973,250.435 | -0.278,0.070,0.000,-0.000
cam1 intrinsics = 463.326,465.779,375.845,257.186 | -0.277,0.070,-0.000,-0.000
cam0 extrinsics = -0.007,0.006,0.702,0.712 | 0.075,-0.072,0.008
cam1 extrinsics = -0.002,0.011,0.702,0.712 | -0.044,-0.072,0.011
q_GtoI = 0.796,-0.119,0.586,0.088 | p_IinG = 9.541,-4.713,2.213 | dist = 60.13 (meters)
bg = -0.0008,0.0223,0.0777 | ba = -0.0101,0.0771,0.1287
camera-imu timeoffset = 0.00008
cam0 intrinsics = 464.442,466.869,363.006,250.440 | -0.278,0.070,0.000,-0.000
cam1 intrinsics = 463.330,465.781,375.865,257.199 | -0.277,0.070,-0.000,-0.000
cam0 extrinsics = -0.007,0.006,0.702,0.712 | 0.075,-0.072,0.008
cam1 extrinsics = -0.002,0.011,0.702,0.712 | -0.044,-0.072,0.011
q_GtoI = 0.799,-0.118,0.583,0.084 | p_IinG = 9.563,-4.711,2.231 | dist = 60.16 (meters)
bg = -0.0009,0.0221,0.0778 | ba = -0.0111,0.0781,0.1302
camera-imu timeoffset = 0.00008
cam0 intrinsics = 464.446,466.862,363.012,250.439 | -0.278,0.070,0.000,-0.000
cam1 intrinsics = 463.333,465.773,375.870,257.199 | -0.277,0.070,-0.000,-0.000
cam0 extrinsics = -0.007,0.006,0.702,0.712 | 0.075,-0.072,0.008
cam1 extrinsics = -0.002,0.011,0.702,0.712 | -0.043,-0.072,0.011
q_GtoI = 0.802,-0.116,0.580,0.083 | p_IinG = 9.584,-4.709,2.250 | dist = 60.19 (meters)
bg = -0.0009,0.0219,0.0779 | ba = -0.0119,0.0791,0.1312
camera-imu timeoffset = 0.00008
cam0 intrinsics = 464.449,466.855,363.020,250.439 | -0.278,0.070,0.000,-0.000
cam1 intrinsics = 463.336,465.766,375.875,257.200 | -0.277,0.070,-0.000,-0.000
cam0 extrinsics = -0.007,0.006,0.702,0.712 | 0.075,-0.072,0.009
cam1 extrinsics = -0.002,0.011,0.702,0.712 | -0.043,-0.072,0.011
q_GtoI = 0.805,-0.113,0.577,0.082 | p_IinG = 9.602,-4.706,2.269 | dist = 60.22 (meters)
bg = -0.0009,0.0218,0.0779 | ba = -0.0128,0.0801,0.1325
camera-imu timeoffset = 0.00008
cam0 intrinsics = 464.453,466.849,363.028,250.439 | -0.278,0.070,0.000,-0.000
cam1 intrinsics = 463.340,465.760,375.881,257.200 | -0.277,0.070,-0.000,-0.000
cam0 extrinsics = -0.007,0.006,0.702,0.712 | 0.075,-0.072,0.009
cam1 extrinsics = -0.002,0.011,0.702,0.712 | -0.043,-0.072,0.011
q_GtoI = 0.806,-0.110,0.575,0.083 | p_IinG = 9.619,-4.703,2.287 | dist = 60.24 (meters)
bg = -0.0009,0.0217,0.0779 | ba = -0.0135,0.0815,0.1343
camera-imu timeoffset = 0.00009
cam0 intrinsics = 464.456,466.843,363.035,250.435 | -0.278,0.070,0.000,-0.000
cam1 intrinsics = 463.343,465.754,375.888,257.197 | -0.277,0.069,-0.000,-0.000
cam0 extrinsics = -0.007,0.006,0.702,0.712 | 0.075,-0.072,0.009
cam1 extrinsics = -0.002,0.011,0.702,0.712 | -0.043,-0.072,0.011
q_GtoI = 0.807,-0.108,0.575,0.083 | p_IinG = 9.634,-4.699,2.305 | dist = 60.27 (meters)
bg = -0.0009,0.0216,0.0779 | ba = -0.0141,0.0829,0.1367
camera-imu timeoffset = 0.00009
cam0 intrinsics = 464.461,466.838,363.045,250.433 | -0.278,0.070,0.000,-0.000
cam1 intrinsics = 463.347,465.749,375.897,257.196 | -0.277,0.069,-0.000,-0.000
cam0 extrinsics = -0.007,0.006,0.702,0.712 | 0.076,-0.072,0.009
cam1 extrinsics = -0.002,0.011,0.702,0.712 | -0.043,-0.073,0.011
q_GtoI = 0.806,-0.106,0.576,0.083 | p_IinG = 9.648,-4.694,2.321 | dist = 60.30 (meters)
bg = -0.0010,0.0216,0.0779 | ba = -0.0143,0.0844,0.1388
camera-imu timeoffset = 0.00009
cam0 intrinsics = 464.466,466.835,363.056,250.433 | -0.278,0.070,0.000,-0.000
cam1 intrinsics = 463.352,465.746,375.906,257.196 | -0.277,0.069,-0.000,-0.000
cam0 extrinsics = -0.007,0.006,0.702,0.712 | 0.076,-0.072,0.009
cam1 extrinsics = -0.002,0.011,0.702,0.712 | -0.043,-0.073,0.012
q_GtoI = 0.805,-0.103,0.577,0.085 | p_IinG = 9.661,-4.689,2.338 | dist = 60.32 (meters)
bg = -0.0010,0.0217,0.0779 | ba = -0.0144,0.0858,0.1411
camera-imu timeoffset = 0.00009
cam0 intrinsics = 464.471,466.832,363.069,250.435 | -0.278,0.070,0.000,-0.000
cam1 intrinsics = 463.357,465.743,375.915,257.201 | -0.277,0.069,-0.000,-0.000
cam0 extrinsics = -0.007,0.006,0.702,0.712 | 0.075,-0.072,0.009
cam1 extrinsics = -0.002,0.011,0.702,0.712 | -0.043,-0.073,0.012
q_GtoI = 0.805,-0.100,0.579,0.087 | p_IinG = 9.675,-4.681,2.355 | dist = 60.34 (meters)
bg = -0.0010,0.0218,0.0780 | ba = -0.0147,0.0894,0.1425
camera-imu timeoffset = 0.00009
cam0 intrinsics = 464.475,466.838,363.087,250.449 | -0.278,0.070,0.000,-0.000
cam1 intrinsics = 463.354,465.740,375.929,257.224 | -0.277,0.069,-0.000,-0.000
cam0 extrinsics = -0.007,0.006,0.702,0.712 | 0.075,-0.072,0.009
cam1 extrinsics = -0.002,0.011,0.702,0.712 | -0.043,-0.072,0.011
q_GtoI = 0.804,-0.098,0.580,0.089 | p_IinG = 9.686,-4.672,2.373 | dist = 60.37 (meters)
bg = -0.0009,0.0218,0.0780 | ba = -0.0136,0.0927,0.1444
camera-imu timeoffset = 0.00009
cam0 intrinsics = 464.476,466.837,363.101,250.454 | -0.278,0.070,0.000,-0.000
cam1 intrinsics = 463.350,465.734,375.947,257.238 | -0.277,0.069,-0.000,-0.000
cam0 extrinsics = -0.007,0.006,0.702,0.712 | 0.075,-0.072,0.009
cam1 extrinsics = -0.002,0.011,0.702,0.712 | -0.043,-0.072,0.012
q_GtoI = 0.804,-0.098,0.580,0.086 | p_IinG = 9.696,-4.663,2.395 | dist = 60.40 (meters)
bg = -0.0009,0.0218,0.0780 | ba = -0.0161,0.0939,0.1468
camera-imu timeoffset = 0.00009
cam0 intrinsics = 464.478,466.840,363.119,250.468 | -0.278,0.070,0.000,-0.000
cam1 intrinsics = 463.351,465.736,375.964,257.254 | -0.277,0.069,-0.000,-0.000
cam0 extrinsics = -0.007,0.006,0.702,0.712 | 0.075,-0.072,0.009
cam1 extrinsics = -0.002,0.011,0.702,0.712 | -0.043,-0.072,0.012
q_GtoI = 0.804,-0.100,0.580,0.083 | p_IinG = 9.707,-4.653,2.419 | dist = 60.42 (meters)
bg = -0.0009,0.0218,0.0779 | ba = -0.0176,0.0948,0.1479
camera-imu timeoffset = 0.00009
cam0 intrinsics = 464.481,466.845,363.122,250.474 | -0.278,0.070,0.000,-0.000
cam1 intrinsics = 463.353,465.739,375.966,257.260 | -0.277,0.069,-0.000,-0.000
cam0 extrinsics = -0.007,0.006,0.702,0.712 | 0.075,-0.072,0.009
cam1 extrinsics = -0.002,0.011,0.702,0.712 | -0.043,-0.072,0.012
q_GtoI = 0.805,-0.101,0.579,0.080 | p_IinG = 9.715,-4.642,2.444 | dist = 60.45 (meters)
bg = -0.0008,0.0218,0.0779 | ba = -0.0199,0.0952,0.1503
camera-imu timeoffset = 0.00009
cam0 intrinsics = 464.484,466.860,363.129,250.482 | -0.278,0.070,0.000,-0.000
cam1 intrinsics = 463.352,465.744,375.969,257.278 | -0.277,0.069,-0.000,-0.000
cam0 extrinsics = -0.007,0.006,0.702,0.712 | 0.075,-0.072,0.009
cam1 extrinsics = -0.002,0.011,0.702,0.712 | -0.043,-0.072,0.012
q_GtoI = 0.805,-0.103,0.579,0.078 | p_IinG = 9.724,-4.631,2.471 | dist = 60.48 (meters)
bg = -0.0008,0.0219,0.0778 | ba = -0.0218,0.0952,0.1518
camera-imu timeoffset = 0.00009
cam0 intrinsics = 464.491,466.860,363.136,250.490 | -0.278,0.070,0.000,-0.000
cam1 intrinsics = 463.358,465.743,375.974,257.285 | -0.277,0.069,-0.000,-0.000
cam0 extrinsics = -0.007,0.006,0.702,0.712 | 0.075,-0.071,0.009
cam1 extrinsics = -0.002,0.011,0.702,0.712 | -0.043,-0.072,0.012
q_GtoI = 0.806,-0.104,0.578,0.077 | p_IinG = 9.731,-4.621,2.496 | dist = 60.51 (meters)
bg = -0.0008,0.0219,0.0778 | ba = -0.0235,0.0955,0.1538
camera-imu timeoffset = 0.00009
cam0 intrinsics = 464.497,466.855,363.144,250.495 | -0.278,0.070,0.000,-0.000
cam1 intrinsics = 463.364,465.738,375.982,257.289 | -0.277,0.069,-0.000,-0.000
cam0 extrinsics = -0.007,0.006,0.702,0.712 | 0.075,-0.071,0.009
cam1 extrinsics = -0.002,0.011,0.702,0.712 | -0.043,-0.072,0.012
q_GtoI = 0.806,-0.105,0.578,0.076 | p_IinG = 9.736,-4.610,2.521 | dist = 60.54 (meters)
bg = -0.0008,0.0219,0.0779 | ba = -0.0254,0.0958,0.1565
camera-imu timeoffset = 0.00009
cam0 intrinsics = 464.502,466.848,363.152,250.499 | -0.278,0.070,0.000,-0.000
cam1 intrinsics = 463.370,465.729,375.989,257.293 | -0.277,0.069,-0.000,-0.000
cam0 extrinsics = -0.007,0.006,0.702,0.712 | 0.075,-0.071,0.009
cam1 extrinsics = -0.002,0.011,0.702,0.712 | -0.043,-0.071,0.012
q_GtoI = 0.806,-0.106,0.577,0.075 | p_IinG = 9.740,-4.598,2.543 | dist = 60.56 (meters)
bg = -0.0009,0.0219,0.0779 | ba = -0.0267,0.0971,0.1602
camera-imu timeoffset = 0.00009
cam0 intrinsics = 464.505,466.840,363.161,250.503 | -0.278,0.070,0.000,-0.000
cam1 intrinsics = 463.372,465.720,375.998,257.297 | -0.277,0.069,-0.000,-0.000
cam0 extrinsics = -0.007,0.006,0.702,0.712 | 0.075,-0.071,0.009
cam1 extrinsics = -0.002,0.011,0.702,0.712 | -0.043,-0.071,0.012
q_GtoI = 0.806,-0.106,0.577,0.075 | p_IinG = 9.741,-4.586,2.563 | dist = 60.59 (meters)
bg = -0.0010,0.0219,0.0779 | ba = -0.0268,0.0983,0.1644
camera-imu timeoffset = 0.00009
cam0 intrinsics = 464.510,466.829,363.169,250.505 | -0.278,0.070,0.000,-0.000
cam1 intrinsics = 463.376,465.709,376.005,257.299 | -0.277,0.069,-0.000,-0.000
cam0 extrinsics = -0.007,0.006,0.702,0.712 | 0.075,-0.071,0.010
cam1 extrinsics = -0.002,0.011,0.702,0.712 | -0.043,-0.071,0.012
q_GtoI = 0.807,-0.107,0.576,0.075 | p_IinG = 9.742,-4.574,2.581 | dist = 60.61 (meters)
bg = -0.0011,0.0220,0.0779 | ba = -0.0269,0.0993,0.1673
camera-imu timeoffset = 0.00009
cam0 intrinsics = 464.515,466.824,363.177,250.506 | -0.278,0.070,0.000,-0.000
cam1 intrinsics = 463.381,465.702,376.012,257.300 | -0.277,0.069,-0.000,-0.000
cam0 extrinsics = -0.007,0.006,0.702,0.712 | 0.075,-0.071,0.010
cam1 extrinsics = -0.002,0.011,0.702,0.712 | -0.043,-0.071,0.012
q_GtoI = 0.808,-0.107,0.574,0.076 | p_IinG = 9.744,-4.562,2.598 | dist = 60.63 (meters)
bg = -0.0012,0.0220,0.0778 | ba = -0.0269,0.1003,0.1693
camera-imu timeoffset = 0.00009
cam0 intrinsics = 464.520,466.819,363.187,250.507 | -0.278,0.070,0.000,-0.000
cam1 intrinsics = 463.385,465.696,376.021,257.301 | -0.277,0.069,-0.000,-0.000
cam0 extrinsics = -0.007,0.006,0.702,0.712 | 0.075,-0.071,0.010
cam1 extrinsics = -0.002,0.011,0.702,0.712 | -0.043,-0.071,0.012
q_GtoI = 0.809,-0.108,0.574,0.074 | p_IinG = 9.744,-4.550,2.612 | dist = 60.65 (meters)
bg = -0.0012,0.0219,0.0777 | ba = -0.0258,0.1004,0.1723
camera-imu timeoffset = 0.00009
cam0 intrinsics = 464.533,466.811,363.194,250.499 | -0.278,0.070,0.000,-0.000
cam1 intrinsics = 463.392,465.677,376.031,257.300 | -0.277,0.069,-0.000,-0.000
cam0 extrinsics = -0.007,0.006,0.702,0.712 | 0.075,-0.071,0.010
cam1 extrinsics = -0.002,0.011,0.702,0.712 | -0.043,-0.071,0.012
q_GtoI = 0.809,-0.109,0.573,0.074 | p_IinG = 9.740,-4.538,2.625 | dist = 60.67 (meters)
bg = -0.0013,0.0217,0.0774 | ba = -0.0239,0.1002,0.1760
camera-imu timeoffset = 0.00009
cam0 intrinsics = 464.546,466.794,363.193,250.490 | -0.278,0.070,0.000,-0.000
cam1 intrinsics = 463.404,465.659,376.038,257.293 | -0.277,0.069,-0.000,-0.000
cam0 extrinsics = -0.007,0.006,0.702,0.712 | 0.075,-0.071,0.010
cam1 extrinsics = -0.002,0.011,0.702,0.712 | -0.043,-0.071,0.012
q_GtoI = 0.809,-0.109,0.572,0.074 | p_IinG = 9.740,-4.526,2.636 | dist = 60.68 (meters)
bg = -0.0013,0.0217,0.0775 | ba = -0.0233,0.1010,0.1770
camera-imu timeoffset = 0.00009
cam0 intrinsics = 464.555,466.788,363.203,250.483 | -0.278,0.070,0.000,-0.000
cam1 intrinsics = 463.413,465.651,376.046,257.287 | -0.277,0.069,-0.000,-0.000
cam0 extrinsics = -0.007,0.006,0.702,0.712 | 0.075,-0.070,0.010
cam1 extrinsics = -0.002,0.011,0.702,0.712 | -0.043,-0.071,0.012
q_GtoI = 0.810,-0.110,0.572,0.074 | p_IinG = 9.740,-4.513,2.645 | dist = 60.70 (meters)
bg = -0.0014,0.0217,0.0775 | ba = -0.0229,0.1016,0.1779
camera-imu timeoffset = 0.00009
cam0 intrinsics = 464.565,466.783,363.213,250.478 | -0.278,0.070,0.000,-0.000
cam1 intrinsics = 463.421,465.644,376.054,257.282 | -0.277,0.069,0.000,-0.000
cam0 extrinsics = -0.007,0.006,0.702,0.712 | 0.075,-0.070,0.010
cam1 extrinsics = -0.002,0.011,0.702,0.712 | -0.043,-0.070,0.012
q_GtoI = 0.810,-0.109,0.571,0.075 | p_IinG = 9.739,-4.501,2.653 | dist = 60.71 (meters)
bg = -0.0015,0.0217,0.0775 | ba = -0.0221,0.1020,0.1780
camera-imu timeoffset = 0.00009
cam0 intrinsics = 464.572,466.779,363.224,250.472 | -0.278,0.070,0.000,-0.000
cam1 intrinsics = 463.430,465.641,376.059,257.279 | -0.277,0.069,0.000,-0.000
cam0 extrinsics = -0.007,0.006,0.702,0.712 | 0.075,-0.070,0.010
cam1 extrinsics = -0.002,0.011,0.702,0.712 | -0.043,-0.070,0.012
q_GtoI = 0.810,-0.110,0.571,0.075 | p_IinG = 9.737,-4.489,2.658 | dist = 60.73 (meters)
bg = -0.0015,0.0216,0.0775 | ba = -0.0212,0.1021,0.1780
camera-imu timeoffset = 0.00009
cam0 intrinsics = 464.582,466.777,363.234,250.466 | -0.278,0.070,0.000,-0.000
cam1 intrinsics = 463.438,465.638,376.067,257.273 | -0.277,0.069,0.000,-0.000
cam0 extrinsics = -0.007,0.006,0.702,0.712 | 0.075,-0.070,0.010
cam1 extrinsics = -0.002,0.011,0.702,0.712 | -0.043,-0.070,0.012
q_GtoI = 0.810,-0.110,0.571,0.075 | p_IinG = 9.735,-4.477,2.662 | dist = 60.74 (meters)
bg = -0.0016,0.0216,0.0775 | ba = -0.0198,0.1021,0.1778
camera-imu timeoffset = 0.00009
cam0 intrinsics = 464.592,466.779,363.243,250.460 | -0.278,0.070,0.000,-0.000
cam1 intrinsics = 463.447,465.637,376.075,257.269 | -0.277,0.069,0.000,-0.000
cam0 extrinsics = -0.007,0.006,0.702,0.712 | 0.075,-0.070,0.010
cam1 extrinsics = -0.002,0.011,0.702,0.712 | -0.043,-0.070,0.012
q_GtoI = 0.810,-0.110,0.571,0.074 | p_IinG = 9.733,-4.464,2.663 | dist = 60.75 (meters)
bg = -0.0016,0.0217,0.0775 | ba = -0.0179,0.1019,0.1775
camera-imu timeoffset = 0.00009
cam0 intrinsics = 464.602,466.782,363.252,250.454 | -0.278,0.070,0.000,-0.000
cam1 intrinsics = 463.456,465.638,376.083,257.263 | -0.277,0.069,0.000,-0.000
cam0 extrinsics = -0.007,0.006,0.702,0.712 | 0.075,-0.070,0.010
cam1 extrinsics = -0.002,0.011,0.702,0.712 | -0.043,-0.070,0.012
q_GtoI = 0.810,-0.110,0.571,0.074 | p_IinG = 9.730,-4.452,2.664 | dist = 60.76 (meters)
bg = -0.0017,0.0217,0.0775 | ba = -0.0163,0.1026,0.1772
camera-imu timeoffset = 0.00009
cam0 intrinsics = 464.612,466.785,363.263,250.447 | -0.278,0.070,0.000,-0.000
cam1 intrinsics = 463.465,465.639,376.093,257.257 | -0.277,0.069,0.000,-0.000
cam0 extrinsics = -0.007,0.006,0.702,0.712 | 0.075,-0.070,0.010
cam1 extrinsics = -0.002,0.011,0.702,0.712 | -0.043,-0.070,0.012
q_GtoI = 0.810,-0.110,0.571,0.074 | p_IinG = 9.726,-4.439,2.663 | dist = 60.78 (meters)
bg = -0.0018,0.0217,0.0775 | ba = -0.0145,0.1031,0.1765
camera-imu timeoffset = 0.00009
cam0 intrinsics = 464.622,466.789,363.273,250.443 | -0.278,0.070,0.000,-0.000
cam1 intrinsics = 463.474,465.643,376.101,257.254 | -0.277,0.069,0.000,-0.000
cam0 extrinsics = -0.007,0.006,0.702,0.712 | 0.075,-0.070,0.010
cam1 extrinsics = -0.002,0.011,0.702,0.712 | -0.043,-0.070,0.012
q_GtoI = 0.811,-0.110,0.570,0.074 | p_IinG = 9.723,-4.427,2.661 | dist = 60.79 (meters)
bg = -0.0017,0.0216,0.0776 | ba = -0.0129,0.1037,0.1761
camera-imu timeoffset = 0.00009
cam0 intrinsics = 464.631,466.792,363.283,250.439 | -0.278,0.070,0.000,-0.000
cam1 intrinsics = 463.483,465.646,376.109,257.249 | -0.277,0.069,0.000,-0.000
cam0 extrinsics = -0.007,0.006,0.702,0.712 | 0.075,-0.069,0.010
cam1 extrinsics = -0.002,0.011,0.702,0.712 | -0.043,-0.069,0.013
q_GtoI = 0.811,-0.110,0.570,0.074 | p_IinG = 9.719,-4.414,2.659 | dist = 60.80 (meters)
bg = -0.0018,0.0216,0.0776 | ba = -0.0113,0.1044,0.1751
camera-imu timeoffset = 0.00009
cam0 intrinsics = 464.641,466.797,363.294,250.434 | -0.278,0.070,0.000,-0.000
cam1 intrinsics = 463.492,465.649,376.118,257.244 | -0.277,0.069,0.000,-0.000
cam0 extrinsics = -0.007,0.006,0.702,0.712 | 0.075,-0.069,0.010
cam1 extrinsics = -0.002,0.011,0.702,0.712 | -0.043,-0.069,0.013
q_GtoI = 0.811,-0.109,0.570,0.075 | p_IinG = 9.715,-4.402,2.658 | dist = 60.81 (meters)
bg = -0.0019,0.0216,0.0775 | ba = -0.0092,0.1044,0.1738
camera-imu timeoffset = 0.00009
cam0 intrinsics = 464.648,466.803,363.302,250.431 | -0.278,0.070,0.000,-0.000
cam1 intrinsics = 463.499,465.655,376.124,257.241 | -0.277,0.069,0.000,-0.000
cam0 extrinsics = -0.007,0.006,0.702,0.712 | 0.075,-0.069,0.010
cam1 extrinsics = -0.002,0.011,0.702,0.712 | -0.043,-0.069,0.013
q_GtoI = 0.811,-0.108,0.570,0.076 | p_IinG = 9.711,-4.390,2.659 | dist = 60.83 (meters)
bg = -0.0019,0.0216,0.0775 | ba = -0.0066,0.1042,0.1720
camera-imu timeoffset = 0.00009
cam0 intrinsics = 464.655,466.812,363.310,250.428 | -0.278,0.070,0.000,-0.000
cam1 intrinsics = 463.506,465.662,376.130,257.239 | -0.277,0.069,0.000,-0.000
cam0 extrinsics = -0.007,0.006,0.702,0.712 | 0.075,-0.069,0.010
cam1 extrinsics = -0.002,0.011,0.702,0.712 | -0.043,-0.069,0.013
q_GtoI = 0.812,-0.106,0.569,0.079 | p_IinG = 9.707,-4.377,2.661 | dist = 60.84 (meters)
bg = -0.0020,0.0216,0.0774 | ba = -0.0045,0.1040,0.1699
camera-imu timeoffset = 0.00009
cam0 intrinsics = 464.661,466.824,363.316,250.428 | -0.278,0.070,0.000,-0.000
cam1 intrinsics = 463.510,465.674,376.134,257.240 | -0.277,0.069,0.000,-0.000
cam0 extrinsics = -0.007,0.006,0.702,0.712 | 0.075,-0.069,0.011
cam1 extrinsics = -0.002,0.011,0.702,0.712 | -0.043,-0.069,0.013
q_GtoI = 0.812,-0.105,0.569,0.081 | p_IinG = 9.702,-4.365,2.664 | dist = 60.85 (meters)
bg = -0.0021,0.0214,0.0774 | ba = -0.0033,0.1046,0.1683
camera-imu timeoffset = 0.00009
cam0 intrinsics = 464.664,466.834,363.322,250.427 | -0.278,0.070,0.000,-0.000
cam1 intrinsics = 463.513,465.683,376.139,257.239 | -0.277,0.069,0.000,-0.000
cam0 extrinsics = -0.007,0.006,0.702,0.712 | 0.075,-0.069,0.011
cam1 extrinsics = -0.002,0.011,0.702,0.712 | -0.043,-0.069,0.013
q_GtoI = 0.812,-0.104,0.568,0.082 | p_IinG = 9.698,-4.351,2.666 | dist = 60.87 (meters)
bg = -0.0022,0.0213,0.0774 | ba = -0.0024,0.1051,0.1669
camera-imu timeoffset = 0.00009
cam0 intrinsics = 464.668,466.845,363.328,250.426 | -0.278,0.070,0.000,-0.000
cam1 intrinsics = 463.516,465.693,376.143,257.239 | -0.277,0.069,0.000,-0.000
cam0 extrinsics = -0.007,0.006,0.702,0.712 | 0.075,-0.069,0.011
cam1 extrinsics = -0.002,0.011,0.702,0.712 | -0.043,-0.069,0.013
q_GtoI = 0.812,-0.104,0.568,0.082 | p_IinG = 9.693,-4.338,2.665 | dist = 60.88 (meters)
bg = -0.0022,0.0212,0.0773 | ba = -0.0019,0.1053,0.1654
camera-imu timeoffset = 0.00009
cam0 intrinsics = 464.673,466.857,363.333,250.425 | -0.278,0.070,0.000,-0.000
cam1 intrinsics = 463.520,465.704,376.146,257.238 | -0.277,0.069,0.000,-0.000
cam0 extrinsics = -0.007,0.006,0.702,0.712 | 0.075,-0.069,0.011
cam1 extrinsics = -0.002,0.011,0.702,0.712 | -0.043,-0.069,0.013
q_GtoI = 0.812,-0.104,0.569,0.083 | p_IinG = 9.689,-4.324,2.661 | dist = 60.90 (meters)
bg = -0.0022,0.0211,0.0773 | ba = -0.0015,0.1052,0.1640
camera-imu timeoffset = 0.00009
cam0 intrinsics = 464.677,466.869,363.338,250.424 | -0.278,0.070,0.000,-0.000
cam1 intrinsics = 463.524,465.715,376.149,257.238 | -0.277,0.069,0.000,-0.000
cam0 extrinsics = -0.007,0.006,0.702,0.712 | 0.075,-0.069,0.011
cam1 extrinsics = -0.002,0.011,0.702,0.712 | -0.043,-0.069,0.013
q_GtoI = 0.812,-0.103,0.569,0.084 | p_IinG = 9.685,-4.310,2.653 | dist = 60.91 (meters)
bg = -0.0022,0.0211,0.0772 | ba = -0.0013,0.1050,0.1629
camera-imu timeoffset = 0.00009
cam0 intrinsics = 464.681,466.882,363.341,250.425 | -0.278,0.070,0.000,-0.000
cam1 intrinsics = 463.527,465.728,376.151,257.240 | -0.277,0.069,0.000,-0.000
cam0 extrinsics = -0.007,0.006,0.702,0.712 | 0.076,-0.069,0.011
cam1 extrinsics = -0.002,0.011,0.702,0.712 | -0.043,-0.069,0.013
q_GtoI = 0.811,-0.101,0.569,0.087 | p_IinG = 9.681,-4.296,2.643 | dist = 60.93 (meters)
bg = -0.0022,0.0210,0.0772 | ba = -0.0012,0.1047,0.1618
camera-imu timeoffset = 0.00009
cam0 intrinsics = 464.683,466.898,363.343,250.427 | -0.278,0.070,0.000,-0.000
cam1 intrinsics = 463.528,465.743,376.152,257.244 | -0.277,0.069,0.000,-0.000
cam0 extrinsics = -0.007,0.006,0.702,0.712 | 0.076,-0.069,0.011
cam1 extrinsics = -0.002,0.011,0.702,0.712 | -0.043,-0.069,0.013
q_GtoI = 0.812,-0.098,0.568,0.092 | p_IinG = 9.678,-4.280,2.631 | dist = 60.95 (meters)
bg = -0.0023,0.0210,0.0771 | ba = -0.0014,0.1066,0.1597
camera-imu timeoffset = 0.00009
cam0 intrinsics = 464.679,466.912,363.348,250.433 | -0.278,0.070,0.000,-0.000
cam1 intrinsics = 463.523,465.753,376.153,257.249 | -0.277,0.069,0.000,-0.000
cam0 extrinsics = -0.007,0.006,0.702,0.712 | 0.076,-0.069,0.011
cam1 extrinsics = -0.002,0.011,0.702,0.712 | -0.043,-0.069,0.013
q_GtoI = 0.812,-0.094,0.568,0.097 | p_IinG = 9.673,-4.264,2.619 | dist = 60.97 (meters)
bg = -0.0024,0.0210,0.0771 | ba = -0.0007,0.1072,0.1599
camera-imu timeoffset = 0.00009
cam0 intrinsics = 464.674,466.924,363.346,250.441 | -0.278,0.070,0.000,-0.000
cam1 intrinsics = 463.519,465.765,376.150,257.258 | -0.277,0.069,0.000,-0.000
cam0 extrinsics = -0.007,0.006,0.702,0.712 | 0.076,-0.069,0.011
cam1 extrinsics = -0.002,0.011,0.702,0.712 | -0.043,-0.069,0.013
q_GtoI = 0.813,-0.090,0.566,0.103 | p_IinG = 9.667,-4.246,2.608 | dist = 60.99 (meters)
bg = -0.0025,0.0208,0.0770 | ba = -0.0007,0.1081,0.1601
camera-imu timeoffset = 0.00009
cam0 intrinsics = 464.668,466.938,363.341,250.451 | -0.278,0.070,0.000,-0.000
cam1 intrinsics = 463.512,465.778,376.144,257.268 | -0.277,0.069,0.000,-0.000
cam0 extrinsics = -0.007,0.007,0.702,0.712 | 0.076,-0.069,0.011
cam1 extrinsics = -0.002,0.011,0.702,0.712 | -0.043,-0.069,0.013
q_GtoI = 0.813,-0.085,0.565,0.108 | p_IinG = 9.662,-4.227,2.599 | dist = 61.01 (meters)
bg = -0.0025,0.0208,0.0769 | ba = -0.0010,0.1085,0.1599
camera-imu timeoffset = 0.00009
cam0 intrinsics = 464.665,466.949,363.337,250.460 | -0.278,0.070,0.000,-0.000
cam1 intrinsics = 463.509,465.789,376.138,257.277 | -0.277,0.069,0.000,-0.000
cam0 extrinsics = -0.007,0.007,0.702,0.712 | 0.076,-0.069,0.011
cam1 extrinsics = -0.002,0.011,0.702,0.712 | -0.043,-0.069,0.013
q_GtoI = 0.814,-0.081,0.564,0.114 | p_IinG = 9.657,-4.206,2.592 | dist = 61.04 (meters)
bg = -0.0025,0.0207,0.0768 | ba = -0.0017,0.1094,0.1592
camera-imu timeoffset = 0.00009
cam0 intrinsics = 464.666,466.961,363.332,250.460 | -0.278,0.070,0.000,-0.000
cam1 intrinsics = 463.509,465.801,376.133,257.281 | -0.277,0.069,0.000,-0.000
cam0 extrinsics = -0.007,0.007,0.702,0.712 | 0.076,-0.069,0.011
cam1 extrinsics = -0.002,0.011,0.702,0.712 | -0.043,-0.069,0.013
q_GtoI = 0.814,-0.077,0.564,0.119 | p_IinG = 9.653,-4.180,2.588 | dist = 61.06 (meters)
bg = -0.0026,0.0207,0.0768 | ba = -0.0031,0.1114,0.1590
camera-imu timeoffset = 0.00009
cam0 intrinsics = 464.673,466.954,363.330,250.459 | -0.278,0.070,0.000,-0.000
cam1 intrinsics = 463.516,465.795,376.130,257.281 | -0.277,0.069,0.000,-0.000
cam0 extrinsics = -0.007,0.007,0.702,0.712 | 0.076,-0.069,0.011
cam1 extrinsics = -0.002,0.011,0.702,0.712 | -0.043,-0.069,0.013
q_GtoI = 0.813,-0.073,0.564,0.124 | p_IinG = 9.649,-4.152,2.586 | dist = 61.09 (meters)
bg = -0.0026,0.0207,0.0768 | ba = -0.0047,0.1132,0.1589
camera-imu timeoffset = 0.00010
cam0 intrinsics = 464.680,466.948,363.326,250.459 | -0.278,0.070,0.000,-0.000
cam1 intrinsics = 463.523,465.789,376.125,257.282 | -0.277,0.069,0.000,-0.000
cam0 extrinsics = -0.007,0.007,0.702,0.712 | 0.076,-0.069,0.011
cam1 extrinsics = -0.002,0.011,0.702,0.712 | -0.043,-0.069,0.013
q_GtoI = 0.813,-0.071,0.564,0.126 | p_IinG = 9.646,-4.120,2.587 | dist = 61.12 (meters)
bg = -0.0025,0.0206,0.0768 | ba = -0.0061,0.1147,0.1577
camera-imu timeoffset = 0.00009
cam0 intrinsics = 464.686,466.948,363.323,250.460 | -0.278,0.070,0.000,-0.000
cam1 intrinsics = 463.528,465.787,376.121,257.285 | -0.277,0.069,0.000,-0.000
cam0 extrinsics = -0.007,0.007,0.702,0.712 | 0.076,-0.068,0.011
cam1 extrinsics = -0.002,0.011,0.702,0.712 | -0.043,-0.069,0.013
q_GtoI = 0.813,-0.068,0.564,0.129 | p_IinG = 9.644,-4.085,2.590 | dist = 61.15 (meters)
bg = -0.0025,0.0206,0.0769 | ba = -0.0080,0.1158,0.1568
camera-imu timeoffset = 0.00010
cam0 intrinsics = 464.692,466.944,363.318,250.463 | -0.278,0.070,0.000,-0.000
cam1 intrinsics = 463.534,465.783,376.115,257.289 | -0.277,0.069,0.000,-0.000
cam0 extrinsics = -0.007,0.007,0.702,0.712 | 0.076,-0.068,0.011
cam1 extrinsics = -0.002,0.011,0.702,0.712 | -0.043,-0.068,0.013
q_GtoI = 0.813,-0.065,0.564,0.133 | p_IinG = 9.642,-4.047,2.595 | dist = 61.19 (meters)
bg = -0.0025,0.0206,0.0770 | ba = -0.0097,0.1174,0.1559
camera-imu timeoffset = 0.00009
cam0 intrinsics = 464.698,466.942,363.313,250.466 | -0.278,0.070,0.000,-0.000
cam1 intrinsics = 463.539,465.780,376.109,257.293 | -0.277,0.069,0.000,-0.000
cam0 extrinsics = -0.007,0.007,0.702,0.712 | 0.076,-0.068,0.011
cam1 extrinsics = -0.002,0.011,0.702,0.712 | -0.043,-0.068,0.013
q_GtoI = 0.813,-0.063,0.563,0.136 | p_IinG = 9.642,-4.004,2.602 | dist = 61.23 (meters)
bg = -0.0025,0.0206,0.0770 | ba = -0.0114,0.1186,0.1542
camera-imu timeoffset = 0.00009
cam0 intrinsics = 464.705,466.927,363.308,250.471 | -0.278,0.070,0.000,-0.000
cam1 intrinsics = 463.546,465.765,376.103,257.298 | -0.277,0.069,0.000,-0.000
cam0 extrinsics = -0.007,0.007,0.702,0.712 | 0.076,-0.068,0.011
cam1 extrinsics = -0.002,0.011,0.702,0.712 | -0.043,-0.068,0.013
q_GtoI = 0.813,-0.060,0.563,0.140 | p_IinG = 9.642,-3.958,2.612 | dist = 61.28 (meters)
bg = -0.0025,0.0205,0.0770 | ba = -0.0128,0.1198,0.1528
camera-imu timeoffset = 0.00009
cam0 intrinsics = 464.711,466.913,363.303,250.477 | -0.278,0.070,0.000,-0.000
cam1 intrinsics = 463.551,465.751,376.097,257.306 | -0.277,0.069,0.000,-0.000
cam0 extrinsics = -0.007,0.007,0.702,0.712 | 0.076,-0.068,0.011
cam1 extrinsics = -0.002,0.011,0.702,0.712 | -0.043,-0.068,0.013
q_GtoI = 0.813,-0.057,0.562,0.144 | p_IinG = 9.642,-3.906,2.625 | dist = 61.33 (meters)
bg = -0.0024,0.0206,0.0769 | ba = -0.0171,0.1209,0.1518
camera-imu timeoffset = 0.00010
cam0 intrinsics = 464.729,466.889,363.306,250.473 | -0.278,0.070,0.000,-0.000
cam1 intrinsics = 463.568,465.727,376.093,257.309 | -0.277,0.069,0.000,-0.000
cam0 extrinsics = -0.007,0.007,0.702,0.712 | 0.075,-0.067,0.011
cam1 extrinsics = -0.002,0.011,0.702,0.712 | -0.043,-0.068,0.013
q_GtoI = 0.813,-0.055,0.561,0.147 | p_IinG = 9.644,-3.852,2.638 | dist = 61.39 (meters)
bg = -0.0025,0.0206,0.0769 | ba = -0.0176,0.1213,0.1517
camera-imu timeoffset = 0.00010
cam0 intrinsics = 464.727,466.868,363.296,250.487 | -0.278,0.070,0.000,-0.000
cam1 intrinsics = 463.564,465.705,376.084,257.325 | -0.277,0.069,0.000,-0.000
cam0 extrinsics = -0.007,0.006,0.702,0.712 | 0.076,-0.067,0.011
cam1 extrinsics = -0.002,0.011,0.702,0.712 | -0.043,-0.067,0.013
q_GtoI = 0.813,-0.053,0.561,0.148 | p_IinG = 9.647,-3.794,2.654 | dist = 61.45 (meters)
bg = -0.0025,0.0206,0.0770 | ba = -0.0185,0.1210,0.1518
camera-imu timeoffset = 0.00010
cam0 intrinsics = 464.731,466.832,363.288,250.505 | -0.278,0.070,0.000,-0.000
cam1 intrinsics = 463.567,465.669,376.077,257.344 | -0.277,0.069,0.000,-0.000
cam0 extrinsics = -0.007,0.006,0.702,0.712 | 0.076,-0.067,0.011
cam1 extrinsics = -0.002,0.011,0.702,0.712 | -0.043,-0.067,0.013
q_GtoI = 0.812,-0.051,0.561,0.151 | p_IinG = 9.649,-3.730,2.671 | dist = 61.51 (meters)
bg = -0.0024,0.0205,0.0770 | ba = -0.0188,0.1216,0.1534
camera-imu timeoffset = 0.00010
cam0 intrinsics = 464.731,466.807,363.288,250.528 | -0.278,0.070,0.000,-0.000
cam1 intrinsics = 463.567,465.643,376.078,257.367 | -0.277,0.069,0.000,-0.000
cam0 extrinsics = -0.007,0.006,0.702,0.712 | 0.076,-0.067,0.011
cam1 extrinsics = -0.002,0.011,0.702,0.712 | -0.043,-0.067,0.013
q_GtoI = 0.811,-0.050,0.562,0.152 | p_IinG = 9.650,-3.662,2.689 | dist = 61.58 (meters)
bg = -0.0023,0.0203,0.0768 | ba = -0.0177,0.1223,0.1559
camera-imu timeoffset = 0.00010
cam0 intrinsics = 464.742,466.793,363.292,250.538 | -0.278,0.070,0.000,-0.000
cam1 intrinsics = 463.576,465.627,376.072,257.385 | -0.277,0.069,0.000,-0.000
cam0 extrinsics = -0.007,0.006,0.702,0.712 | 0.076,-0.067,0.011
cam1 extrinsics = -0.002,0.011,0.702,0.712 | -0.042,-0.067,0.013
q_GtoI = 0.811,-0.049,0.563,0.153 | p_IinG = 9.654,-3.589,2.708 | dist = 61.66 (meters)
bg = -0.0023,0.0203,0.0767 | ba = -0.0184,0.1231,0.1565
camera-imu timeoffset = 0.00010
cam0 intrinsics = 464.751,466.773,363.296,250.556 | -0.278,0.070,0.000,-0.000
cam1 intrinsics = 463.586,465.608,376.073,257.404 | -0.277,0.069,0.000,-0.000
cam0 extrinsics = -0.007,0.006,0.702,0.712 | 0.076,-0.067,0.011
cam1 extrinsics = -0.002,0.011,0.702,0.712 | -0.042,-0.067,0.013
q_GtoI = 0.810,-0.050,0.564,0.153 | p_IinG = 9.657,-3.511,2.726 | dist = 61.74 (meters)
bg = -0.0022,0.0203,0.0767 | ba = -0.0193,0.1238,0.1573
camera-imu timeoffset = 0.00010
cam0 intrinsics = 464.757,466.773,363.299,250.569 | -0.278,0.070,0.000,-0.000
cam1 intrinsics = 463.592,465.606,376.075,257.418 | -0.277,0.069,0.000,-0.000
cam0 extrinsics = -0.007,0.006,0.702,0.712 | 0.076,-0.067,0.011
cam1 extrinsics = -0.002,0.011,0.702,0.712 | -0.042,-0.067,0.013
q_GtoI = 0.810,-0.049,0.564,0.155 | p_IinG = 9.659,-3.429,2.743 | dist = 61.82 (meters)
bg = -0.0023,0.0202,0.0767 | ba = -0.0208,0.1245,0.1595
camera-imu timeoffset = 0.00010
cam0 intrinsics = 464.765,466.781,363.305,250.588 | -0.278,0.070,0.000,-0.000
cam1 intrinsics = 463.599,465.613,376.081,257.436 | -0.277,0.069,0.000,-0.000
cam0 extrinsics = -0.007,0.006,0.702,0.712 | 0.076,-0.067,0.011
cam1 extrinsics = -0.002,0.011,0.702,0.712 | -0.042,-0.067,0.013
q_GtoI = 0.809,-0.048,0.565,0.156 | p_IinG = 9.662,-3.343,2.759 | dist = 61.90 (meters)
bg = -0.0023,0.0201,0.0768 | ba = -0.0210,0.1251,0.1606
camera-imu timeoffset = 0.00010
cam0 intrinsics = 464.770,466.785,363.306,250.596 | -0.278,0.070,0.000,-0.000
cam1 intrinsics = 463.604,465.617,376.082,257.444 | -0.277,0.069,0.000,-0.000
cam0 extrinsics = -0.007,0.006,0.702,0.712 | 0.076,-0.067,0.011
cam1 extrinsics = -0.002,0.011,0.702,0.712 | -0.042,-0.067,0.013
q_GtoI = 0.808,-0.048,0.566,0.157 | p_IinG = 9.665,-3.253,2.773 | dist = 61.99 (meters)
bg = -0.0024,0.0200,0.0768 | ba = -0.0212,0.1258,0.1624
camera-imu timeoffset = 0.00010
cam0 intrinsics = 464.774,466.792,363.310,250.606 | -0.278,0.070,0.000,-0.000
cam1 intrinsics = 463.607,465.623,376.084,257.454 | -0.277,0.069,0.000,-0.000
cam0 extrinsics = -0.007,0.006,0.702,0.712 | 0.076,-0.067,0.011
cam1 extrinsics = -0.002,0.011,0.702,0.712 | -0.042,-0.067,0.013
q_GtoI = 0.807,-0.048,0.567,0.158 | p_IinG = 9.669,-3.159,2.785 | dist = 62.09 (meters)
bg = -0.0025,0.0200,0.0768 | ba = -0.0215,0.1271,0.1639
camera-imu timeoffset = 0.00010
cam0 intrinsics = 464.777,466.798,363.315,250.615 | -0.278,0.070,0.000,-0.000
cam1 intrinsics = 463.610,465.628,376.088,257.462 | -0.277,0.069,0.000,-0.000
cam0 extrinsics = -0.007,0.006,0.702,0.712 | 0.076,-0.067,0.011
cam1 extrinsics = -0.002,0.011,0.702,0.712 | -0.042,-0.067,0.013
q_GtoI = 0.806,-0.050,0.569,0.157 | p_IinG = 9.673,-3.061,2.796 | dist = 62.19 (meters)
bg = -0.0025,0.0200,0.0768 | ba = -0.0221,0.1280,0.1653
camera-imu timeoffset = 0.00010
cam0 intrinsics = 464.780,466.802,363.320,250.622 | -0.278,0.070,0.000,-0.000
cam1 intrinsics = 463.612,465.632,376.093,257.470 | -0.277,0.069,0.000,-0.000
cam0 extrinsics = -0.007,0.006,0.702,0.712 | 0.076,-0.067,0.011
cam1 extrinsics = -0.002,0.011,0.702,0.712 | -0.042,-0.067,0.013
q_GtoI = 0.805,-0.051,0.570,0.156 | p_IinG = 9.677,-2.958,2.807 | dist = 62.29 (meters)
bg = -0.0025,0.0202,0.0768 | ba = -0.0228,0.1285,0.1666
camera-imu timeoffset = 0.00010
cam0 intrinsics = 464.787,466.804,363.326,250.629 | -0.278,0.070,0.000,-0.000
cam1 intrinsics = 463.619,465.633,376.097,257.478 | -0.277,0.069,0.000,-0.000
cam0 extrinsics = -0.007,0.006,0.702,0.712 | 0.076,-0.067,0.011
cam1 extrinsics = -0.002,0.011,0.702,0.712 | -0.042,-0.067,0.013
q_GtoI = 0.804,-0.053,0.572,0.153 | p_IinG = 9.682,-2.852,2.815 | dist = 62.40 (meters)
bg = -0.0024,0.0201,0.0767 | ba = -0.0225,0.1299,0.1678
camera-imu timeoffset = 0.00010
cam0 intrinsics = 464.798,466.802,363.335,250.638 | -0.278,0.070,0.000,-0.000
cam1 intrinsics = 463.630,465.631,376.104,257.486 | -0.277,0.069,0.000,-0.000
cam0 extrinsics = -0.007,0.006,0.702,0.712 | 0.076,-0.067,0.011
cam1 extrinsics = -0.002,0.011,0.702,0.712 | -0.042,-0.068,0.013
q_GtoI = 0.803,-0.056,0.573,0.151 | p_IinG = 9.686,-2.741,2.821 | dist = 62.51 (meters)
bg = -0.0024,0.0200,0.0767 | ba = -0.0215,0.1314,0.1692
camera-imu timeoffset = 0.00010
cam0 intrinsics = 464.811,466.799,363.345,250.652 | -0.278,0.070,0.000,-0.000
cam1 intrinsics = 463.642,465.628,376.113,257.500 | -0.277,0.069,0.000,-0.000
cam0 extrinsics = -0.007,0.006,0.702,0.712 | 0.076,-0.068,0.011
cam1 extrinsics = -0.002,0.011,0.702,0.712 | -0.042,-0.068,0.013
q_GtoI = 0.802,-0.059,0.575,0.147 | p_IinG = 9.690,-2.626,2.826 | dist = 62.62 (meters)
bg = -0.0023,0.0200,0.0766 | ba = -0.0211,0.1334,0.1701
camera-imu timeoffset = 0.00010
cam0 intrinsics = 464.828,466.792,363.355,250.663 | -0.278,0.070,0.000,-0.000
cam1 intrinsics = 463.659,465.620,376.121,257.511 | -0.277,0.069,0.000,-0.000
cam0 extrinsics = -0.007,0.006,0.702,0.712 | 0.076,-0.068,0.011
cam1 extrinsics = -0.002,0.011,0.702,0.712 | -0.042,-0.068,0.013
q_GtoI = 0.801,-0.064,0.579,0.142 | p_IinG = 9.694,-2.506,2.828 | dist = 62.74 (meters)
bg = -0.0022,0.0199,0.0766 | ba = -0.0197,0.1373,0.1717
camera-imu timeoffset = 0.00011
cam0 intrinsics = 464.851,466.774,363.372,250.672 | -0.278,0.070,0.000,-0.000
cam1 intrinsics = 463.680,465.599,376.139,257.523 | -0.277,0.069,0.000,-0.000
cam0 extrinsics = -0.007,0.006,0.702,0.712 | 0.076,-0.068,0.010
cam1 extrinsics = -0.002,0.011,0.702,0.712 | -0.042,-0.068,0.012
q_GtoI = 0.799,-0.069,0.583,0.135 | p_IinG = 9.700,-2.384,2.831 | dist = 62.86 (meters)
bg = -0.0020,0.0199,0.0766 | ba = -0.0205,0.1397,0.1711
camera-imu timeoffset = 0.00010
cam0 intrinsics = 464.875,466.763,363.377,250.685 | -0.278,0.070,0.000,-0.000
cam1 intrinsics = 463.702,465.587,376.143,257.537 | -0.277,0.069,0.000,-0.000
cam0 extrinsics = -0.007,0.006,0.702,0.712 | 0.076,-0.068,0.010
cam1 extrinsics = -0.002,0.011,0.702,0.712 | -0.042,-0.068,0.012
q_GtoI = 0.797,-0.074,0.586,0.129 | p_IinG = 9.706,-2.258,2.831 | dist = 62.98 (meters)
bg = -0.0017,0.0198,0.0764 | ba = -0.0196,0.1433,0.1692
camera-imu timeoffset = 0.00010
cam0 intrinsics = 464.895,466.762,363.382,250.695 | -0.278,0.070,0.000,-0.000
cam1 intrinsics = 463.722,465.585,376.146,257.544 | -0.277,0.069,0.000,-0.000
cam0 extrinsics = -0.007,0.006,0.702,0.712 | 0.076,-0.069,0.010
cam1 extrinsics = -0.002,0.011,0.702,0.712 | -0.042,-0.069,0.012
q_GtoI = 0.796,-0.077,0.588,0.126 | p_IinG = 9.712,-2.131,2.832 | dist = 63.11 (meters)
bg = -0.0015,0.0199,0.0763 | ba = -0.0197,0.1463,0.1670
camera-imu timeoffset = 0.00010
cam0 intrinsics = 464.916,466.754,363.377,250.708 | -0.278,0.070,0.000,-0.000
cam1 intrinsics = 463.743,465.577,376.139,257.557 | -0.277,0.069,0.000,-0.000
cam0 extrinsics = -0.007,0.006,0.702,0.712 | 0.075,-0.069,0.010
cam1 extrinsics = -0.002,0.011,0.702,0.712 | -0.042,-0.069,0.012
q_GtoI = 0.795,-0.078,0.589,0.124 | p_IinG = 9.714,-2.001,2.829 | dist = 63.24 (meters)
bg = -0.0014,0.0198,0.0762 | ba = -0.0164,0.1492,0.1677
camera-imu timeoffset = 0.00011
cam0 intrinsics = 464.944,466.740,363.373,250.748 | -0.278,0.070,0.000,-0.000
cam1 intrinsics = 463.771,465.561,376.133,257.596 | -0.277,0.070,0.000,-0.000
cam0 extrinsics = -0.007,0.006,0.702,0.712 | 0.075,-0.069,0.010
cam1 extrinsics = -0.002,0.011,0.702,0.712 | -0.043,-0.069,0.012
q_GtoI = 0.795,-0.078,0.589,0.125 | p_IinG = 9.718,-1.869,2.827 | dist = 63.37 (meters)
bg = -0.0013,0.0200,0.0760 | ba = -0.0170,0.1527,0.1667
camera-imu timeoffset = 0.00010
cam0 intrinsics = 464.956,466.742,363.361,250.792 | -0.278,0.070,0.000,-0.000
cam1 intrinsics = 463.784,465.565,376.117,257.643 | -0.277,0.070,0.000,-0.000
cam0 extrinsics = -0.007,0.006,0.702,0.712 | 0.075,-0.069,0.010
cam1 extrinsics = -0.002,0.011,0.702,0.712 | -0.043,-0.069,0.012
q_GtoI = 0.796,-0.073,0.587,0.128 | p_IinG = 9.722,-1.735,2.823 | dist = 63.50 (meters)
bg = -0.0012,0.0201,0.0761 | ba = -0.0172,0.1560,0.1646
camera-imu timeoffset = 0.00010
cam0 intrinsics = 464.977,466.739,363.365,250.817 | -0.278,0.070,0.000,-0.000
cam1 intrinsics = 463.806,465.561,376.118,257.668 | -0.277,0.070,0.000,-0.000
cam0 extrinsics = -0.007,0.006,0.702,0.712 | 0.075,-0.069,0.010
cam1 extrinsics = -0.002,0.011,0.702,0.712 | -0.043,-0.069,0.012
q_GtoI = 0.797,-0.068,0.586,0.131 | p_IinG = 9.726,-1.599,2.818 | dist = 63.63 (meters)
bg = -0.0011,0.0203,0.0762 | ba = -0.0172,0.1585,0.1628
camera-imu timeoffset = 0.00010
cam0 intrinsics = 464.997,466.734,363.366,250.841 | -0.278,0.070,0.000,-0.000
cam1 intrinsics = 463.826,465.556,376.117,257.692 | -0.278,0.070,0.000,-0.000
cam0 extrinsics = -0.007,0.006,0.702,0.712 | 0.075,-0.069,0.010
cam1 extrinsics = -0.002,0.011,0.702,0.712 | -0.043,-0.069,0.012
q_GtoI = 0.798,-0.062,0.584,0.133 | p_IinG = 9.728,-1.460,2.813 | dist = 63.77 (meters)
bg = -0.0010,0.0204,0.0762 | ba = -0.0176,0.1605,0.1608
camera-imu timeoffset = 0.00011
cam0 intrinsics = 465.005,466.734,363.364,250.859 | -0.278,0.070,0.000,-0.000
cam1 intrinsics = 463.834,465.556,376.114,257.711 | -0.278,0.070,0.000,-0.000
cam0 extrinsics = -0.007,0.006,0.702,0.712 | 0.075,-0.069,0.010
cam1 extrinsics = -0.002,0.011,0.702,0.712 | -0.043,-0.069,0.012
q_GtoI = 0.799,-0.057,0.583,0.135 | p_IinG = 9.730,-1.315,2.808 | dist = 63.91 (meters)
bg = -0.0008,0.0206,0.0762 | ba = -0.0197,0.1624,0.1600
camera-imu timeoffset = 0.00010
cam0 intrinsics = 465.029,466.728,363.354,250.864 | -0.278,0.070,0.000,-0.000
cam1 intrinsics = 463.856,465.548,376.095,257.711 | -0.278,0.070,0.000,-0.000
cam0 extrinsics = -0.007,0.006,0.702,0.712 | 0.075,-0.069,0.010
cam1 extrinsics = -0.002,0.011,0.702,0.712 | -0.043,-0.069,0.012
q_GtoI = 0.799,-0.053,0.584,0.134 | p_IinG = 9.730,-1.172,2.801 | dist = 64.05 (meters)
bg = -0.0008,0.0207,0.0762 | ba = -0.0186,0.1642,0.1589
camera-imu timeoffset = 0.00010
cam0 intrinsics = 465.042,466.734,363.357,250.887 | -0.278,0.070,0.000,-0.000
cam1 intrinsics = 463.869,465.554,376.098,257.734 | -0.278,0.070,0.000,-0.000
cam0 extrinsics = -0.007,0.006,0.702,0.712 | 0.075,-0.069,0.010
cam1 extrinsics = -0.002,0.011,0.702,0.712 | -0.042,-0.069,0.012
q_GtoI = 0.799,-0.050,0.584,0.133 | p_IinG = 9.730,-1.028,2.792 | dist = 64.20 (meters)
bg = -0.0007,0.0205,0.0761 | ba = -0.0155,0.1653,0.1570
camera-imu timeoffset = 0.00011
cam0 intrinsics = 465.048,466.752,363.353,250.934 | -0.278,0.070,0.000,-0.000
cam1 intrinsics = 463.877,465.573,376.098,257.779 | -0.278,0.070,0.000,-0.000
cam0 extrinsics = -0.008,0.006,0.702,0.712 | 0.075,-0.069,0.010
cam1 extrinsics = -0.002,0.011,0.702,0.712 | -0.042,-0.069,0.012
q_GtoI = 0.799,-0.051,0.586,0.127 | p_IinG = 9.728,-0.880,2.787 | dist = 64.34 (meters)
bg = -0.0005,0.0204,0.0761 | ba = -0.0133,0.1660,0.1563
camera-imu timeoffset = 0.00010
cam0 intrinsics = 465.049,466.749,363.346,250.949 | -0.278,0.070,0.000,-0.000
cam1 intrinsics = 463.879,465.571,376.091,257.790 | -0.278,0.070,0.000,-0.000
cam0 extrinsics = -0.008,0.006,0.702,0.712 | 0.076,-0.069,0.010
cam1 extrinsics = -0.002,0.011,0.702,0.712 | -0.042,-0.069,0.012
q_GtoI = 0.800,-0.055,0.586,0.117 | p_IinG = 9.725,-0.726,2.784 | dist = 64.50 (meters)
bg = -0.0003,0.0202,0.0759 | ba = -0.0117,0.1674,0.1560
camera-imu timeoffset = 0.00010
cam0 intrinsics = 465.054,466.740,363.338,250.954 | -0.278,0.070,0.000,-0.000
cam1 intrinsics = 463.885,465.563,376.084,257.796 | -0.278,0.070,0.000,-0.000
cam0 extrinsics = -0.007,0.006,0.702,0.712 | 0.076,-0.069,0.010
cam1 extrinsics = -0.002,0.011,0.702,0.712 | -0.042,-0.069,0.012
q_GtoI = 0.801,-0.060,0.586,0.106 | p_IinG = 9.721,-0.571,2.781 | dist = 64.65 (meters)
bg = -0.0002,0.0199,0.0758 | ba = -0.0102,0.1682,0.1549
camera-imu timeoffset = 0.00010
cam0 intrinsics = 465.064,466.740,363.330,250.961 | -0.278,0.070,0.000,-0.000
cam1 intrinsics = 463.897,465.566,376.070,257.800 | -0.278,0.070,0.000,-0.000
cam0 extrinsics = -0.007,0.006,0.702,0.712 | 0.076,-0.069,0.010
cam1 extrinsics = -0.002,0.011,0.702,0.712 | -0.042,-0.069,0.012
q_GtoI = 0.801,-0.065,0.587,0.096 | p_IinG = 9.715,-0.414,2.779 | dist = 64.80 (meters)
bg = 0.0000,0.0197,0.0757 | ba = -0.0083,0.1686,0.1549
camera-imu timeoffset = 0.00011
cam0 intrinsics = 465.069,466.731,363.321,250.969 | -0.278,0.070,0.000,-0.000
cam1 intrinsics = 463.901,465.555,376.063,257.807 | -0.278,0.070,0.000,-0.000
cam0 extrinsics = -0.007,0.006,0.702,0.712 | 0.076,-0.069,0.010
cam1 extrinsics = -0.002,0.011,0.702,0.712 | -0.042,-0.069,0.012
q_GtoI = 0.803,-0.069,0.585,0.089 | p_IinG = 9.709,-0.256,2.778 | dist = 64.96 (meters)
bg = 0.0002,0.0195,0.0756 | ba = -0.0075,0.1688,0.1532
camera-imu timeoffset = 0.00010
cam0 intrinsics = 465.088,466.729,363.308,250.964 | -0.278,0.070,0.000,-0.000
cam1 intrinsics = 463.921,465.553,376.051,257.807 | -0.278,0.070,0.000,-0.000
cam0 extrinsics = -0.007,0.006,0.702,0.712 | 0.076,-0.068,0.010
cam1 extrinsics = -0.002,0.011,0.702,0.712 | -0.042,-0.068,0.012
q_GtoI = 0.804,-0.072,0.584,0.082 | p_IinG = 9.702,-0.099,2.777 | dist = 65.12 (meters)
bg = 0.0004,0.0195,0.0756 | ba = -0.0059,0.1682,0.1521
camera-imu timeoffset = 0.00010
cam0 intrinsics = 465.110,466.730,363.296,250.961 | -0.278,0.070,0.000,-0.000
cam1 intrinsics = 463.943,465.555,376.037,257.803 | -0.278,0.070,0.000,-0.000
cam0 extrinsics = -0.007,0.006,0.702,0.712 | 0.076,-0.068,0.010
cam1 extrinsics = -0.002,0.011,0.702,0.712 | -0.042,-0.068,0.012
q_GtoI = 0.805,-0.074,0.583,0.078 | p_IinG = 9.696,0.056,2.773 | dist = 65.27 (meters)
bg = 0.0005,0.0193,0.0756 | ba = -0.0047,0.1670,0.1500
camera-imu timeoffset = 0.00010
cam0 intrinsics = 465.128,466.729,363.284,250.959 | -0.278,0.070,0.000,-0.000
cam1 intrinsics = 463.962,465.554,376.024,257.802 | -0.278,0.070,0.000,-0.000
cam0 extrinsics = -0.007,0.006,0.702,0.712 | 0.076,-0.067,0.010
cam1 extrinsics = -0.002,0.011,0.702,0.712 | -0.042,-0.068,0.012
q_GtoI = 0.806,-0.076,0.582,0.076 | p_IinG = 9.689,0.211,2.767 | dist = 65.43 (meters)
bg = 0.0006,0.0191,0.0756 | ba = -0.0030,0.1659,0.1481
camera-imu timeoffset = 0.00010
cam0 intrinsics = 465.144,466.730,363.272,250.956 | -0.278,0.070,0.000,-0.000
cam1 intrinsics = 463.979,465.555,376.012,257.801 | -0.278,0.070,0.000,-0.000
cam0 extrinsics = -0.007,0.006,0.702,0.713 | 0.075,-0.067,0.010
cam1 extrinsics = -0.002,0.011,0.702,0.712 | -0.042,-0.067,0.012
q_GtoI = 0.807,-0.076,0.581,0.074 | p_IinG = 9.681,0.366,2.760 | dist = 65.58 (meters)
bg = 0.0007,0.0190,0.0756 | ba = -0.0017,0.1650,0.1459
camera-imu timeoffset = 0.00010
cam0 intrinsics = 465.160,466.730,363.259,250.955 | -0.278,0.070,0.000,-0.000
cam1 intrinsics = 463.996,465.556,375.999,257.800 | -0.278,0.070,0.000,-0.000
cam0 extrinsics = -0.007,0.006,0.702,0.713 | 0.075,-0.067,0.010
cam1 extrinsics = -0.002,0.011,0.702,0.712 | -0.042,-0.067,0.012
q_GtoI = 0.807,-0.076,0.581,0.072 | p_IinG = 9.673,0.520,2.751 | dist = 65.74 (meters)
bg = 0.0009,0.0190,0.0756 | ba = -0.0003,0.1639,0.1426
camera-imu timeoffset = 0.00010
cam0 intrinsics = 465.179,466.737,363.240,250.953 | -0.278,0.070,0.000,-0.000
cam1 intrinsics = 464.014,465.563,375.982,257.797 | -0.278,0.070,0.000,-0.000
cam0 extrinsics = -0.007,0.006,0.702,0.713 | 0.076,-0.067,0.010
cam1 extrinsics = -0.002,0.011,0.702,0.712 | -0.042,-0.067,0.012
q_GtoI = 0.809,-0.074,0.579,0.070 | p_IinG = 9.665,0.674,2.740 | dist = 65.89 (meters)
bg = 0.0010,0.0191,0.0756 | ba = 0.0013,0.1632,0.1404
camera-imu timeoffset = 0.00010
cam0 intrinsics = 465.191,466.742,363.232,250.951 | -0.278,0.070,0.000,-0.000
cam1 intrinsics = 464.026,465.566,375.975,257.796 | -0.278,0.070,0.000,-0.000
cam0 extrinsics = -0.007,0.006,0.702,0.713 | 0.076,-0.067,0.010
cam1 extrinsics = -0.002,0.011,0.702,0.712 | -0.042,-0.067,0.012
q_GtoI = 0.810,-0.071,0.578,0.068 | p_IinG = 9.656,0.821,2.727 | dist = 66.05 (meters)
bg = 0.0010,0.0190,0.0754 | ba = 0.0007,0.1608,0.1380
camera-imu timeoffset = 0.00010
cam0 intrinsics = 465.188,466.743,363.228,250.941 | -0.278,0.070,0.000,-0.000
cam1 intrinsics = 464.022,465.567,375.982,257.784 | -0.278,0.070,0.000,-0.000
cam0 extrinsics = -0.007,0.006,0.702,0.713 | 0.076,-0.067,0.010
cam1 extrinsics = -0.002,0.011,0.702,0.712 | -0.042,-0.067,0.012
q_GtoI = 0.810,-0.066,0.578,0.066 | p_IinG = 9.647,0.971,2.716 | dist = 66.20 (meters)
bg = 0.0011,0.0191,0.0755 | ba = -0.0013,0.1594,0.1365
camera-imu timeoffset = 0.00010
cam0 intrinsics = 465.192,466.743,363.229,250.953 | -0.278,0.070,0.000,-0.000
cam1 intrinsics = 464.026,465.570,375.983,257.794 | -0.278,0.070,0.000,-0.000
cam0 extrinsics = -0.007,0.006,0.702,0.712 | 0.076,-0.067,0.010
cam1 extrinsics = -0.002,0.011,0.702,0.712 | -0.042,-0.067,0.012
q_GtoI = 0.811,-0.061,0.578,0.062 | p_IinG = 9.637,1.121,2.704 | dist = 66.35 (meters)
bg = 0.0012,0.0192,0.0755 | ba = -0.0015,0.1578,0.1353
camera-imu timeoffset = 0.00010
cam0 intrinsics = 465.197,466.753,363.231,250.948 | -0.278,0.070,0.000,-0.000
cam1 intrinsics = 464.030,465.580,375.987,257.790 | -0.278,0.070,0.000,-0.000
cam0 extrinsics = -0.007,0.006,0.702,0.712 | 0.076,-0.067,0.010
cam1 extrinsics = -0.002,0.011,0.702,0.712 | -0.042,-0.067,0.012
q_GtoI = 0.812,-0.055,0.578,0.057 | p_IinG = 9.627,1.270,2.693 | dist = 66.51 (meters)
bg = 0.0012,0.0192,0.0754 | ba = -0.0023,0.1558,0.1338
camera-imu timeoffset = 0.00010
cam0 intrinsics = 465.198,466.764,363.223,250.942 | -0.278,0.070,0.000,-0.000
cam1 intrinsics = 464.032,465.592,375.981,257.783 | -0.278,0.070,0.000,-0.000
cam0 extrinsics = -0.007,0.006,0.702,0.712 | 0.076,-0.067,0.010
cam1 extrinsics = -0.002,0.011,0.702,0.712 | -0.042,-0.067,0.012
q_GtoI = 0.812,-0.048,0.580,0.053 | p_IinG = 9.613,1.416,2.688 | dist = 66.66 (meters)
bg = 0.0012,0.0193,0.0753 | ba = -0.0055,0.1521,0.1324
camera-imu timeoffset = 0.00010
cam0 intrinsics = 465.187,466.753,363.213,250.931 | -0.278,0.070,0.000,-0.000
cam1 intrinsics = 464.021,465.581,375.973,257.774 | -0.278,0.070,0.000,-0.000
cam0 extrinsics = -0.007,0.006,0.702,0.712 | 0.075,-0.067,0.010
cam1 extrinsics = -0.002,0.011,0.702,0.712 | -0.042,-0.067,0.012
q_GtoI = 0.812,-0.041,0.580,0.048 | p_IinG = 9.601,1.561,2.683 | dist = 66.81 (meters)
bg = 0.0012,0.0196,0.0754 | ba = -0.0076,0.1488,0.1318
camera-imu timeoffset = 0.00010
cam0 intrinsics = 465.184,466.753,363.207,250.949 | -0.278,0.070,0.000,-0.000
cam1 intrinsics = 464.018,465.581,375.968,257.793 | -0.278,0.070,0.000,-0.000
cam0 extrinsics = -0.007,0.006,0.702,0.712 | 0.075,-0.067,0.010
cam1 extrinsics = -0.002,0.011,0.702,0.712 | -0.042,-0.068,0.012
q_GtoI = 0.813,-0.033,0.579,0.044 | p_IinG = 9.588,1.708,2.681 | dist = 66.96 (meters)
bg = 0.0012,0.0199,0.0755 | ba = -0.0103,0.1474,0.1319
camera-imu timeoffset = 0.00010
cam0 intrinsics = 465.185,466.758,363.210,250.959 | -0.278,0.070,0.000,-0.000
cam1 intrinsics = 464.020,465.587,375.970,257.800 | -0.278,0.070,0.000,-0.000
cam0 extrinsics = -0.007,0.006,0.702,0.712 | 0.075,-0.068,0.010
cam1 extrinsics = -0.002,0.011,0.702,0.712 | -0.043,-0.068,0.012
q_GtoI = 0.814,-0.025,0.579,0.038 | p_IinG = 9.575,1.855,2.680 | dist = 67.11 (meters)
bg = 0.0013,0.0201,0.0755 | ba = -0.0119,0.1456,0.1321
camera-imu timeoffset = 0.00010
cam0 intrinsics = 465.182,466.757,363.209,250.981 | -0.278,0.070,0.000,-0.000
cam1 intrinsics = 464.018,465.587,375.969,257.823 | -0.278,0.070,0.000,-0.000
cam0 extrinsics = -0.007,0.006,0.702,0.712 | 0.075,-0.068,0.010
cam1 extrinsics = -0.002,0.011,0.702,0.712 | -0.043,-0.068,0.012
q_GtoI = 0.814,-0.017,0.579,0.031 | p_IinG = 9.563,2.002,2.679 | dist = 67.26 (meters)
bg = 0.0013,0.0202,0.0754 | ba = -0.0129,0.1453,0.1329
camera-imu timeoffset = 0.00010
cam0 intrinsics = 465.197,466.764,363.237,250.986 | -0.278,0.070,0.000,-0.000
cam1 intrinsics = 464.032,465.593,375.998,257.829 | -0.278,0.070,0.000,-0.000
cam0 extrinsics = -0.007,0.006,0.702,0.712 | 0.075,-0.068,0.010
cam1 extrinsics = -0.002,0.011,0.702,0.712 | -0.043,-0.068,0.012
q_GtoI = 0.814,-0.008,0.580,0.026 | p_IinG = 9.550,2.149,2.681 | dist = 67.40 (meters)
bg = 0.0014,0.0202,0.0753 | ba = -0.0137,0.1441,0.1325
camera-imu timeoffset = 0.00010
cam0 intrinsics = 465.207,466.775,363.266,250.987 | -0.278,0.070,0.000,-0.000
cam1 intrinsics = 464.041,465.604,376.028,257.828 | -0.278,0.070,0.000,-0.000
cam0 extrinsics = -0.007,0.006,0.702,0.712 | 0.075,-0.068,0.010
cam1 extrinsics = -0.002,0.011,0.702,0.712 | -0.043,-0.068,0.012
q_GtoI = 0.814,0.001,0.580,0.020 | p_IinG = 9.537,2.294,2.683 | dist = 67.55 (meters)
bg = 0.0015,0.0203,0.0751 | ba = -0.0139,0.1423,0.1319
camera-imu timeoffset = 0.00010
cam0 intrinsics = 465.214,466.787,363.288,250.987 | -0.278,0.070,0.000,-0.000
cam1 intrinsics = 464.048,465.615,376.049,257.829 | -0.278,0.070,0.000,-0.000
cam0 extrinsics = -0.007,0.006,0.702,0.712 | 0.075,-0.068,0.010
cam1 extrinsics = -0.002,0.011,0.702,0.712 | -0.043,-0.068,0.012
q_GtoI = 0.814,0.009,0.580,0.014 | p_IinG = 9.521,2.437,2.686 | dist = 67.70 (meters)
bg = 0.0015,0.0204,0.0750 | ba = -0.0128,0.1394,0.1322
camera-imu timeoffset = 0.00010
cam0 intrinsics = 465.228,466.797,363.312,250.965 | -0.278,0.070,0.000,-0.000
cam1 intrinsics = 464.062,465.624,376.081,257.813 | -0.278,0.070,0.000,-0.000
cam0 extrinsics = -0.007,0.006,0.702,0.712 | 0.074,-0.068,0.011
cam1 extrinsics = -0.002,0.011,0.702,0.712 | -0.043,-0.068,0.013
q_GtoI = 0.815,0.019,0.579,0.009 | p_IinG = 9.504,2.581,2.691 | dist = 67.85 (meters)
bg = 0.0016,0.0206,0.0749 | ba = -0.0129,0.1374,0.1323
camera-imu timeoffset = 0.00010
cam0 intrinsics = 465.235,466.808,363.310,250.979 | -0.278,0.070,0.000,-0.000
cam1 intrinsics = 464.069,465.635,376.079,257.828 | -0.278,0.070,0.000,-0.000
cam0 extrinsics = -0.007,0.006,0.702,0.712 | 0.074,-0.068,0.011
cam1 extrinsics = -0.002,0.011,0.702,0.712 | -0.043,-0.068,0.013
q_GtoI = 0.815,0.028,0.578,0.003 | p_IinG = 9.486,2.724,2.698 | dist = 67.99 (meters)
bg = 0.0017,0.0207,0.0748 | ba = -0.0132,0.1360,0.1337
camera-imu timeoffset = 0.00010
cam0 intrinsics = 465.244,466.822,363.318,251.011 | -0.278,0.070,0.000,-0.000
cam1 intrinsics = 464.079,465.649,376.087,257.859 | -0.278,0.070,0.000,-0.000
cam0 extrinsics = -0.007,0.006,0.702,0.712 | 0.074,-0.069,0.011
cam1 extrinsics = -0.002,0.011,0.702,0.712 | -0.043,-0.069,0.013
q_GtoI = -0.816,-0.037,-0.577,0.004 | p_IinG = 9.467,2.866,2.707 | dist = 68.14 (meters)
bg = 0.0017,0.0208,0.0749 | ba = -0.0128,0.1334,0.1339
camera-imu timeoffset = 0.00010
cam0 intrinsics = 465.247,466.827,363.314,251.027 | -0.278,0.070,0.000,-0.000
cam1 intrinsics = 464.080,465.654,376.082,257.877 | -0.278,0.070,0.000,-0.000
cam0 extrinsics = -0.007,0.006,0.702,0.712 | 0.074,-0.069,0.011
cam1 extrinsics = -0.002,0.011,0.702,0.712 | -0.043,-0.069,0.013
q_GtoI = -0.817,-0.045,-0.574,0.009 | p_IinG = 9.448,3.007,2.716 | dist = 68.29 (meters)
bg = 0.0017,0.0208,0.0749 | ba = -0.0120,0.1314,0.1340
camera-imu timeoffset = 0.00010
cam0 intrinsics = 465.253,466.836,363.313,251.041 | -0.278,0.070,0.000,-0.000
cam1 intrinsics = 464.086,465.663,376.082,257.890 | -0.278,0.070,0.000,-0.000
cam0 extrinsics = -0.007,0.006,0.702,0.712 | 0.074,-0.069,0.011
cam1 extrinsics = -0.002,0.011,0.702,0.712 | -0.043,-0.069,0.013
q_GtoI = -0.818,-0.053,-0.573,0.013 | p_IinG = 9.430,3.148,2.726 | dist = 68.43 (meters)
bg = 0.0017,0.0208,0.0749 | ba = -0.0097,0.1295,0.1330
camera-imu timeoffset = 0.00010
cam0 intrinsics = 465.257,466.840,363.317,251.045 | -0.278,0.070,0.000,-0.000
cam1 intrinsics = 464.091,465.669,376.084,257.894 | -0.278,0.070,0.000,-0.000
cam0 extrinsics = -0.007,0.006,0.702,0.712 | 0.074,-0.069,0.011
cam1 extrinsics = -0.002,0.011,0.702,0.712 | -0.043,-0.069,0.013
q_GtoI = -0.818,-0.058,-0.571,0.017 | p_IinG = 9.416,3.292,2.731 | dist = 68.57 (meters)
bg = 0.0020,0.0207,0.0751 | ba = -0.0046,0.1293,0.1286
camera-imu timeoffset = 0.00010
cam0 intrinsics = 465.252,466.840,363.348,251.048 | -0.278,0.070,0.000,-0.000
cam1 intrinsics = 464.084,465.668,376.115,257.900 | -0.278,0.070,0.000,-0.000
cam0 extrinsics = -0.007,0.006,0.702,0.712 | 0.074,-0.069,0.011
cam1 extrinsics = -0.002,0.011,0.702,0.712 | -0.043,-0.069,0.013
q_GtoI = -0.819,-0.064,-0.570,0.019 | p_IinG = 9.400,3.435,2.738 | dist = 68.72 (meters)
bg = 0.0020,0.0206,0.0751 | ba = -0.0018,0.1289,0.1273
camera-imu timeoffset = 0.00010
cam0 intrinsics = 465.263,466.847,363.372,251.036 | -0.278,0.070,0.000,-0.000
cam1 intrinsics = 464.095,465.675,376.138,257.888 | -0.278,0.070,0.000,-0.000
cam0 extrinsics = -0.007,0.006,0.702,0.712 | 0.074,-0.069,0.011
cam1 extrinsics = -0.002,0.011,0.702,0.712 | -0.043,-0.069,0.013
q_GtoI = -0.820,-0.067,-0.568,0.022 | p_IinG = 9.384,3.577,2.744 | dist = 68.86 (meters)
bg = 0.0020,0.0205,0.0751 | ba = 0.0014,0.1290,0.1263
camera-imu timeoffset = 0.00010
cam0 intrinsics = 465.274,466.856,363.373,251.040 | -0.278,0.070,0.000,-0.000
cam1 intrinsics = 464.106,465.685,376.136,257.892 | -0.278,0.070,0.000,-0.000
cam0 extrinsics = -0.007,0.006,0.702,0.712 | 0.074,-0.069,0.011
cam1 extrinsics = -0.002,0.011,0.702,0.712 | -0.043,-0.069,0.013
q_GtoI = -0.820,-0.069,-0.567,0.025 | p_IinG = 9.369,3.719,2.747 | dist = 69.00 (meters)
bg = 0.0019,0.0203,0.0751 | ba = 0.0052,0.1284,0.1237
camera-imu timeoffset = 0.00011
cam0 intrinsics = 465.281,466.862,363.387,251.073 | -0.278,0.070,0.000,-0.000
cam1 intrinsics = 464.111,465.689,376.144,257.929 | -0.278,0.070,0.000,-0.000
cam0 extrinsics = -0.008,0.006,0.702,0.712 | 0.074,-0.069,0.011
cam1 extrinsics = -0.002,0.011,0.702,0.712 | -0.043,-0.069,0.013
q_GtoI = -0.821,-0.072,-0.566,0.026 | p_IinG = 9.352,3.859,2.749 | dist = 69.14 (meters)
bg = 0.0019,0.0203,0.0750 | ba = 0.0063,0.1277,0.1219
camera-imu timeoffset = 0.00010
cam0 intrinsics = 465.280,466.862,363.391,251.073 | -0.278,0.070,0.000,-0.000
cam1 intrinsics = 464.110,465.690,376.148,257.930 | -0.278,0.070,0.000,-0.000
cam0 extrinsics = -0.008,0.006,0.702,0.712 | 0.074,-0.069,0.011
cam1 extrinsics = -0.002,0.011,0.702,0.712 | -0.043,-0.069,0.013
q_GtoI = -0.821,-0.072,-0.565,0.027 | p_IinG = 9.335,3.996,2.749 | dist = 69.29 (meters)
bg = 0.0017,0.0202,0.0751 | ba = 0.0076,0.1252,0.1203
camera-imu timeoffset = 0.00010
cam0 intrinsics = 465.286,466.865,363.395,251.074 | -0.278,0.070,0.000,-0.000
cam1 intrinsics = 464.116,465.693,376.151,257.930 | -0.278,0.070,0.000,-0.000
cam0 extrinsics = -0.008,0.006,0.702,0.712 | 0.075,-0.069,0.011
cam1 extrinsics = -0.002,0.011,0.702,0.712 | -0.043,-0.069,0.013
q_GtoI = -0.821,-0.073,-0.566,0.027 | p_IinG = 9.321,4.132,2.745 | dist = 69.43 (meters)
bg = 0.0016,0.0202,0.0753 | ba = 0.0099,0.1233,0.1177
camera-imu timeoffset = 0.00010
cam0 intrinsics = 465.287,466.863,363.405,251.083 | -0.278,0.070,0.000,-0.000
cam1 intrinsics = 464.117,465.692,376.160,257.939 | -0.278,0.070,0.000,-0.000
cam0 extrinsics = -0.008,0.006,0.702,0.712 | 0.075,-0.069,0.011
cam1 extrinsics = -0.002,0.011,0.702,0.712 | -0.043,-0.069,0.013
q_GtoI = -0.822,-0.072,-0.565,0.028 | p_IinG = 9.306,4.270,2.742 | dist = 69.56 (meters)
bg = 0.0015,0.0201,0.0753 | ba = 0.0101,0.1222,0.1167
camera-imu timeoffset = 0.00010
cam0 intrinsics = 465.290,466.866,363.412,251.085 | -0.278,0.070,0.000,-0.000
cam1 intrinsics = 464.121,465.695,376.167,257.941 | -0.278,0.070,0.000,-0.000
cam0 extrinsics = -0.008,0.006,0.702,0.712 | 0.075,-0.069,0.011
cam1 extrinsics = -0.002,0.011,0.702,0.712 | -0.043,-0.069,0.013
q_GtoI = -0.822,-0.070,-0.564,0.028 | p_IinG = 9.304,4.421,2.727 | dist = 69.70 (meters)
bg = 0.0024,0.0199,0.0754 | ba = 0.0112,0.1232,0.1093
camera-imu timeoffset = 0.00010
cam0 intrinsics = 465.302,466.873,363.572,250.878 | -0.278,0.070,0.000,-0.000
cam1 intrinsics = 464.131,465.701,376.325,257.731 | -0.278,0.070,0.000,-0.000
cam0 extrinsics = -0.008,0.006,0.702,0.712 | 0.075,-0.069,0.011
cam1 extrinsics = -0.003,0.011,0.702,0.712 | -0.043,-0.069,0.013
q_GtoI = -0.823,-0.068,-0.563,0.030 | p_IinG = 9.293,4.558,2.723 | dist = 69.84 (meters)
bg = 0.0022,0.0200,0.0754 | ba = 0.0086,0.1214,0.1078
camera-imu timeoffset = 0.00010
cam0 intrinsics = 465.314,466.883,363.584,250.857 | -0.278,0.070,0.000,-0.000
cam1 intrinsics = 464.143,465.710,376.337,257.709 | -0.278,0.070,0.000,-0.000
cam0 extrinsics = -0.008,0.006,0.702,0.712 | 0.075,-0.069,0.011
cam1 extrinsics = -0.003,0.011,0.702,0.712 | -0.042,-0.069,0.013
q_GtoI = -0.823,-0.065,-0.563,0.032 | p_IinG = 9.283,4.695,2.718 | dist = 69.98 (meters)
bg = 0.0021,0.0200,0.0754 | ba = 0.0064,0.1201,0.1063
camera-imu timeoffset = 0.00010
cam0 intrinsics = 465.325,466.890,363.587,250.843 | -0.278,0.070,0.000,-0.000
cam1 intrinsics = 464.154,465.717,376.341,257.695 | -0.278,0.070,0.000,-0.000
cam0 extrinsics = -0.008,0.006,0.702,0.712 | 0.076,-0.068,0.011
cam1 extrinsics = -0.003,0.011,0.702,0.712 | -0.042,-0.069,0.013
q_GtoI = -0.823,-0.061,-0.563,0.035 | p_IinG = 9.275,4.833,2.715 | dist = 70.12 (meters)
bg = 0.0022,0.0203,0.0755 | ba = 0.0026,0.1199,0.1054
camera-imu timeoffset = 0.00010
cam0 intrinsics = 465.331,466.890,363.589,250.821 | -0.278,0.070,0.000,-0.000
cam1 intrinsics = 464.159,465.718,376.346,257.673 | -0.278,0.070,0.000,-0.000
cam0 extrinsics = -0.008,0.006,0.702,0.712 | 0.076,-0.069,0.011
cam1 extrinsics = -0.003,0.011,0.702,0.712 | -0.042,-0.069,0.013
q_GtoI = -0.825,-0.057,-0.561,0.038 | p_IinG = 9.267,4.971,2.711 | dist = 70.25 (meters)
bg = 0.0022,0.0205,0.0755 | ba = -0.0003,0.1210,0.1061
camera-imu timeoffset = 0.00010
cam0 intrinsics = 465.340,466.899,363.588,250.808 | -0.278,0.070,0.000,-0.000
cam1 intrinsics = 464.167,465.726,376.346,257.660 | -0.278,0.070,0.000,-0.000
cam0 extrinsics = -0.008,0.006,0.702,0.712 | 0.077,-0.069,0.011
cam1 extrinsics = -0.003,0.011,0.702,0.712 | -0.041,-0.069,0.013
q_GtoI = -0.826,-0.051,-0.559,0.042 | p_IinG = 9.262,5.113,2.709 | dist = 70.39 (meters)
bg = 0.0024,0.0207,0.0754 | ba = -0.0047,0.1233,0.1070
camera-imu timeoffset = 0.00010
cam0 intrinsics = 465.346,466.903,363.589,250.786 | -0.278,0.070,0.000,-0.000
cam1 intrinsics = 464.173,465.731,376.347,257.639 | -0.278,0.070,0.000,-0.000
cam0 extrinsics = -0.008,0.006,0.702,0.712 | 0.077,-0.069,0.011
cam1 extrinsics = -0.003,0.011,0.702,0.712 | -0.041,-0.069,0.013
q_GtoI = -0.828,-0.045,-0.557,0.049 | p_IinG = 9.256,5.249,2.703 | dist = 70.52 (meters)
bg = 0.0027,0.0210,0.0755 | ba = -0.0049,0.1245,0.1077
camera-imu timeoffset = 0.00010
cam0 intrinsics = 465.354,466.901,363.592,250.776 | -0.278,0.070,0.000,-0.000
cam1 intrinsics = 464.181,465.729,376.351,257.628 | -0.278,0.070,0.000,-0.000
cam0 extrinsics = -0.008,0.006,0.702,0.712 | 0.077,-0.069,0.011
cam1 extrinsics = -0.003,0.011,0.702,0.712 | -0.041,-0.069,0.013
q_GtoI = -0.830,-0.039,-0.554,0.053 | p_IinG = 9.250,5.384,2.697 | dist = 70.66 (meters)
bg = 0.0029,0.0211,0.0755 | ba = -0.0062,0.1263,0.1090
camera-imu timeoffset = 0.00010
cam0 intrinsics = 465.365,466.907,363.598,250.763 | -0.278,0.070,0.000,-0.000
cam1 intrinsics = 464.192,465.735,376.357,257.614 | -0.278,0.070,0.000,-0.000
cam0 extrinsics = -0.008,0.006,0.702,0.712 | 0.077,-0.069,0.011
cam1 extrinsics = -0.003,0.011,0.702,0.712 | -0.041,-0.069,0.013
q_GtoI = -0.831,-0.034,-0.552,0.058 | p_IinG = 9.243,5.516,2.688 | dist = 70.79 (meters)
bg = 0.0030,0.0213,0.0756 | ba = -0.0058,0.1270,0.1098
camera-imu timeoffset = 0.00010
cam0 intrinsics = 465.375,466.913,363.612,250.748 | -0.278,0.070,0.000,-0.000
cam1 intrinsics = 464.202,465.741,376.370,257.599 | -0.278,0.070,0.000,-0.000
cam0 extrinsics = -0.008,0.007,0.702,0.712 | 0.077,-0.069,0.011
cam1 extrinsics = -0.003,0.011,0.702,0.712 | -0.041,-0.069,0.013
q_GtoI = -0.832,-0.030,-0.550,0.062 | p_IinG = 9.239,5.645,2.679 | dist = 70.92 (meters)
bg = 0.0031,0.0214,0.0757 | ba = -0.0055,0.1282,0.1114
camera-imu timeoffset = 0.00010
cam0 intrinsics = 465.395,466.925,363.635,250.722 | -0.278,0.070,0.000,-0.000
cam1 intrinsics = 464.222,465.753,376.392,257.572 | -0.278,0.070,0.000,-0.000
cam0 extrinsics = -0.008,0.007,0.702,0.712 | 0.077,-0.069,0.011
cam1 extrinsics = -0.003,0.011,0.702,0.712 | -0.041,-0.069,0.013
q_GtoI = -0.833,-0.025,-0.549,0.065 | p_IinG = 9.237,5.769,2.669 | dist = 71.04 (meters)
bg = 0.0032,0.0216,0.0756 | ba = -0.0060,0.1276,0.1121
camera-imu timeoffset = 0.00010
cam0 intrinsics = 465.415,466.941,363.661,250.691 | -0.278,0.070,0.000,-0.000
cam1 intrinsics = 464.243,465.770,376.419,257.541 | -0.278,0.070,0.000,-0.000
cam0 extrinsics = -0.008,0.007,0.702,0.712 | 0.077,-0.069,0.012
cam1 extrinsics = -0.003,0.011,0.702,0.712 | -0.041,-0.069,0.014
q_GtoI = -0.834,-0.021,-0.546,0.069 | p_IinG = 9.234,5.890,2.662 | dist = 71.16 (meters)
bg = 0.0032,0.0216,0.0756 | ba = -0.0067,0.1268,0.1132
camera-imu timeoffset = 0.00010
cam0 intrinsics = 465.420,466.945,363.660,250.702 | -0.278,0.070,0.000,-0.000
cam1 intrinsics = 464.249,465.775,376.418,257.553 | -0.278,0.070,0.000,-0.000
cam0 extrinsics = -0.008,0.007,0.702,0.712 | 0.077,-0.069,0.012
cam1 extrinsics = -0.003,0.011,0.702,0.712 | -0.040,-0.069,0.014
q_GtoI = -0.835,-0.019,-0.545,0.071 | p_IinG = 9.232,6.003,2.658 | dist = 71.28 (meters)
bg = 0.0031,0.0218,0.0756 | ba = -0.0064,0.1251,0.1147
camera-imu timeoffset = 0.00010
cam0 intrinsics = 465.427,466.947,363.662,250.715 | -0.278,0.070,0.000,-0.000
cam1 intrinsics = 464.256,465.778,376.421,257.565 | -0.278,0.070,0.000,-0.000
cam0 extrinsics = -0.008,0.007,0.702,0.712 | 0.078,-0.069,0.012
cam1 extrinsics = -0.003,0.011,0.702,0.712 | -0.040,-0.069,0.014
q_GtoI = -0.835,-0.019,-0.545,0.070 | p_IinG = 9.232,6.114,2.656 | dist = 71.40 (meters)
bg = 0.0030,0.0219,0.0755 | ba = -0.0074,0.1238,0.1157
camera-imu timeoffset = 0.00010
cam0 intrinsics = 465.432,466.949,363.664,250.721 | -0.278,0.070,0.000,-0.000
cam1 intrinsics = 464.261,465.780,376.423,257.571 | -0.278,0.070,0.000,-0.000
cam0 extrinsics = -0.008,0.007,0.702,0.712 | 0.078,-0.069,0.012
cam1 extrinsics = -0.003,0.011,0.702,0.712 | -0.040,-0.069,0.014
q_GtoI = -0.836,-0.018,-0.544,0.069 | p_IinG = 9.234,6.223,2.657 | dist = 71.51 (meters)
bg = 0.0029,0.0221,0.0755 | ba = -0.0075,0.1228,0.1163
camera-imu timeoffset = 0.00010
cam0 intrinsics = 465.435,466.949,363.668,250.728 | -0.278,0.070,0.000,-0.000
cam1 intrinsics = 464.264,465.780,376.428,257.577 | -0.278,0.070,0.000,-0.000
cam0 extrinsics = -0.008,0.007,0.702,0.712 | 0.078,-0.069,0.012
cam1 extrinsics = -0.003,0.011,0.702,0.712 | -0.040,-0.069,0.014
q_GtoI = -0.837,-0.017,-0.542,0.070 | p_IinG = 9.238,6.326,2.658 | dist = 71.61 (meters)
bg = 0.0028,0.0222,0.0755 | ba = -0.0075,0.1217,0.1168
camera-imu timeoffset = 0.00010
cam0 intrinsics = 465.437,466.950,363.675,250.734 | -0.278,0.070,0.000,-0.000
cam1 intrinsics = 464.265,465.781,376.436,257.582 | -0.278,0.070,0.000,-0.000
cam0 extrinsics = -0.008,0.007,0.702,0.712 | 0.078,-0.069,0.012
cam1 extrinsics = -0.003,0.011,0.702,0.712 | -0.040,-0.069,0.014
q_GtoI = -0.838,-0.015,-0.541,0.072 | p_IinG = 9.245,6.424,2.661 | dist = 71.72 (meters)
bg = 0.0027,0.0223,0.0756 | ba = -0.0079,0.1192,0.1169
camera-imu timeoffset = 0.00010
cam0 intrinsics = 465.447,466.950,363.693,250.737 | -0.278,0.070,0.000,-0.000
cam1 intrinsics = 464.275,465.781,376.455,257.585 | -0.278,0.070,0.000,-0.000
cam0 extrinsics = -0.008,0.007,0.702,0.712 | 0.078,-0.069,0.012
cam1 extrinsics = -0.003,0.011,0.702,0.712 | -0.040,-0.069,0.014
q_GtoI = -0.840,-0.016,-0.539,0.070 | p_IinG = 9.254,6.520,2.666 | dist = 71.82 (meters)
bg = 0.0027,0.0224,0.0757 | ba = -0.0075,0.1181,0.1172
camera-imu timeoffset = 0.00011
cam0 intrinsics = 465.452,466.952,363.704,250.738 | -0.278,0.070,0.000,-0.000
cam1 intrinsics = 464.280,465.785,376.466,257.584 | -0.278,0.070,0.000,-0.000
cam0 extrinsics = -0.008,0.007,0.702,0.712 | 0.078,-0.068,0.012
cam1 extrinsics = -0.003,0.011,0.702,0.712 | -0.040,-0.069,0.014
q_GtoI = -0.841,-0.016,-0.535,0.071 | p_IinG = 9.265,6.614,2.672 | dist = 71.91 (meters)
bg = 0.0026,0.0224,0.0757 | ba = -0.0072,0.1168,0.1174
camera-imu timeoffset = 0.00011
cam0 intrinsics = 465.461,466.960,363.726,250.730 | -0.278,0.070,0.000,-0.000
cam1 intrinsics = 464.289,465.792,376.490,257.576 | -0.278,0.070,0.000,-0.000
cam0 extrinsics = -0.008,0.007,0.702,0.712 | 0.078,-0.068,0.012
cam1 extrinsics = -0.003,0.011,0.702,0.712 | -0.040,-0.068,0.014
q_GtoI = -0.843,-0.020,-0.533,0.066 | p_IinG = 9.278,6.704,2.679 | dist = 72.01 (meters)
bg = 0.0026,0.0224,0.0758 | ba = -0.0066,0.1154,0.1178
camera-imu timeoffset = 0.00011
cam0 intrinsics = 465.465,466.967,363.749,250.730 | -0.278,0.070,0.000,-0.000
cam1 intrinsics = 464.292,465.800,376.514,257.574 | -0.278,0.070,0.000,-0.000
cam0 extrinsics = -0.008,0.007,0.702,0.712 | 0.078,-0.068,0.012
cam1 extrinsics = -0.003,0.011,0.702,0.712 | -0.040,-0.068,0.014
q_GtoI = -0.845,-0.025,-0.531,0.059 | p_IinG = 9.295,6.794,2.687 | dist = 72.10 (meters)
bg = 0.0027,0.0224,0.0759 | ba = -0.0073,0.1142,0.1168
camera-imu timeoffset = 0.00011
cam0 intrinsics = 465.470,466.982,363.778,250.711 | -0.278,0.070,0.000,-0.000
cam1 intrinsics = 464.297,465.814,376.545,257.555 | -0.278,0.070,0.000,-0.000
cam0 extrinsics = -0.008,0.007,0.702,0.712 | 0.077,-0.068,0.012
cam1 extrinsics = -0.003,0.011,0.702,0.712 | -0.041,-0.068,0.014
q_GtoI = -0.846,-0.032,-0.530,0.050 | p_IinG = 9.312,6.879,2.693 | dist = 72.19 (meters)
bg = 0.0027,0.0224,0.0759 | ba = -0.0058,0.1123,0.1168
camera-imu timeoffset = 0.00011
cam0 intrinsics = 465.468,466.989,363.801,250.712 | -0.278,0.070,0.000,-0.000
cam1 intrinsics = 464.295,465.821,376.570,257.556 | -0.278,0.070,0.000,-0.000
cam0 extrinsics = -0.008,0.007,0.702,0.712 | 0.077,-0.068,0.012
cam1 extrinsics = -0.003,0.011,0.702,0.712 | -0.040,-0.068,0.014
q_GtoI = -0.846,-0.039,-0.530,0.042 | p_IinG = 9.332,6.961,2.699 | dist = 72.27 (meters)
bg = 0.0026,0.0224,0.0759 | ba = -0.0056,0.1105,0.1168
camera-imu timeoffset = 0.00011
cam0 intrinsics = 465.470,466.992,363.825,250.711 | -0.278,0.070,0.000,-0.000
cam1 intrinsics = 464.296,465.823,376.595,257.557 | -0.278,0.070,0.000,-0.000
cam0 extrinsics = -0.008,0.007,0.702,0.712 | 0.077,-0.068,0.012
cam1 extrinsics = -0.003,0.011,0.702,0.712 | -0.041,-0.069,0.013
q_GtoI = -0.846,-0.043,-0.530,0.037 | p_IinG = 9.354,7.045,2.703 | dist = 72.36 (meters)
bg = 0.0025,0.0223,0.0759 | ba = -0.0038,0.1091,0.1176
camera-imu timeoffset = 0.00011
cam0 intrinsics = 465.469,466.992,363.831,250.718 | -0.278,0.070,0.000,-0.000
cam1 intrinsics = 464.296,465.824,376.601,257.566 | -0.278,0.070,0.000,-0.000
cam0 extrinsics = -0.008,0.007,0.702,0.712 | 0.078,-0.069,0.011
cam1 extrinsics = -0.003,0.011,0.702,0.712 | -0.040,-0.069,0.013
q_GtoI = -0.846,-0.047,-0.530,0.033 | p_IinG = 9.378,7.123,2.704 | dist = 72.45 (meters)
bg = 0.0024,0.0222,0.0760 | ba = -0.0009,0.1059,0.1185
camera-imu timeoffset = 0.00011
cam0 intrinsics = 465.480,467.005,363.866,250.704 | -0.278,0.070,0.000,-0.000
cam1 intrinsics = 464.308,465.837,376.633,257.552 | -0.278,0.070,0.000,-0.000
cam0 extrinsics = -0.008,0.007,0.702,0.712 | 0.078,-0.069,0.011
cam1 extrinsics = -0.003,0.011,0.702,0.712 | -0.040,-0.069,0.013
q_GtoI = -0.845,-0.049,-0.532,0.030 | p_IinG = 9.404,7.204,2.706 | dist = 72.53 (meters)
bg = 0.0022,0.0222,0.0759 | ba = 0.0003,0.1043,0.1178
camera-imu timeoffset = 0.00011
cam0 intrinsics = 465.480,467.001,363.866,250.718 | -0.278,0.070,0.000,-0.000
cam1 intrinsics = 464.306,465.833,376.630,257.568 | -0.277,0.070,0.000,-0.000
cam0 extrinsics = -0.008,0.007,0.702,0.712 | 0.078,-0.069,0.011
cam1 extrinsics = -0.003,0.011,0.702,0.712 | -0.040,-0.069,0.013
q_GtoI = -0.844,-0.053,-0.533,0.026 | p_IinG = 9.430,7.289,2.710 | dist = 72.62 (meters)
bg = 0.0021,0.0222,0.0759 | ba = -0.0013,0.1031,0.1193
camera-imu timeoffset = 0.00011
cam0 intrinsics = 465.482,467.004,363.867,250.730 | -0.278,0.070,0.000,-0.000
cam1 intrinsics = 464.303,465.829,376.626,257.582 | -0.277,0.070,0.000,-0.000
cam0 extrinsics = -0.008,0.007,0.702,0.712 | 0.078,-0.069,0.011
cam1 extrinsics = -0.003,0.011,0.702,0.712 | -0.040,-0.070,0.013
q_GtoI = -0.841,-0.056,-0.537,0.022 | p_IinG = 9.456,7.367,2.714 | dist = 72.70 (meters)
bg = 0.0019,0.0224,0.0758 | ba = -0.0037,0.1019,0.1210
camera-imu timeoffset = 0.00011
cam0 intrinsics = 465.485,467.001,363.886,250.725 | -0.278,0.070,0.000,-0.000
cam1 intrinsics = 464.305,465.825,376.643,257.578 | -0.277,0.070,0.000,-0.000
cam0 extrinsics = -0.008,0.007,0.702,0.712 | 0.078,-0.069,0.011
cam1 extrinsics = -0.003,0.011,0.702,0.712 | -0.040,-0.070,0.013
q_GtoI = -0.837,-0.060,-0.543,0.017 | p_IinG = 9.488,7.447,2.714 | dist = 72.79 (meters)
bg = 0.0018,0.0226,0.0756 | ba = -0.0043,0.1010,0.1193
camera-imu timeoffset = 0.00011
cam0 intrinsics = 465.485,466.981,363.899,250.718 | -0.278,0.070,0.000,-0.000
cam1 intrinsics = 464.305,465.805,376.655,257.571 | -0.277,0.070,0.000,-0.000
cam0 extrinsics = -0.008,0.007,0.702,0.712 | 0.078,-0.070,0.011
cam1 extrinsics = -0.003,0.011,0.702,0.712 | -0.040,-0.070,0.013
q_GtoI = -0.834,-0.062,-0.548,0.017 | p_IinG = 9.522,7.527,2.713 | dist = 72.88 (meters)
bg = 0.0017,0.0229,0.0755 | ba = -0.0042,0.0997,0.1176
camera-imu timeoffset = 0.00011
cam0 intrinsics = 465.484,466.953,363.916,250.719 | -0.278,0.070,0.000,-0.000
cam1 intrinsics = 464.304,465.777,376.672,257.572 | -0.277,0.070,0.000,-0.000
cam0 extrinsics = -0.008,0.007,0.702,0.712 | 0.078,-0.070,0.011
cam1 extrinsics = -0.003,0.011,0.702,0.712 | -0.040,-0.070,0.012
q_GtoI = -0.832,-0.063,-0.550,0.020 | p_IinG = 9.559,7.609,2.711 | dist = 72.97 (meters)
bg = 0.0018,0.0228,0.0754 | ba = -0.0050,0.0988,0.1153
camera-imu timeoffset = 0.00011
cam0 intrinsics = 465.488,466.940,363.924,250.718 | -0.278,0.070,0.000,-0.000
cam1 intrinsics = 464.308,465.764,376.680,257.572 | -0.277,0.070,0.000,-0.000
cam0 extrinsics = -0.008,0.007,0.702,0.712 | 0.078,-0.070,0.010
cam1 extrinsics = -0.003,0.011,0.702,0.712 | -0.040,-0.071,0.012
q_GtoI = -0.830,-0.064,-0.554,0.027 | p_IinG = 9.593,7.690,2.711 | dist = 73.05 (meters)
bg = 0.0018,0.0230,0.0757 | ba = -0.0060,0.0964,0.1143
camera-imu timeoffset = 0.00011
cam0 intrinsics = 465.477,466.921,363.934,250.710 | -0.278,0.070,0.000,-0.000
cam1 intrinsics = 464.293,465.742,376.689,257.564 | -0.277,0.070,0.000,-0.000
cam0 extrinsics = -0.008,0.007,0.702,0.712 | 0.077,-0.071,0.010
cam1 extrinsics = -0.003,0.011,0.702,0.712 | -0.040,-0.071,0.012
q_GtoI = -0.828,-0.067,-0.556,0.034 | p_IinG = 9.629,7.772,2.713 | dist = 73.14 (meters)
bg = 0.0018,0.0231,0.0758 | ba = -0.0065,0.0959,0.1137
camera-imu timeoffset = 0.00011
cam0 intrinsics = 465.479,466.919,363.940,250.714 | -0.278,0.070,0.000,-0.000
cam1 intrinsics = 464.295,465.740,376.694,257.567 | -0.277,0.070,0.000,-0.000
cam0 extrinsics = -0.008,0.007,0.702,0.712 | 0.077,-0.071,0.010
cam1 extrinsics = -0.003,0.011,0.702,0.712 | -0.040,-0.071,0.012
q_GtoI = -0.825,-0.073,-0.559,0.039 | p_IinG = 9.664,7.853,2.717 | dist = 73.24 (meters)
bg = 0.0017,0.0231,0.0758 | ba = -0.0063,0.0955,0.1145
camera-imu timeoffset = 0.00011
cam0 intrinsics = 465.477,466.919,363.951,250.717 | -0.278,0.070,0.000,-0.000
cam1 intrinsics = 464.294,465.740,376.703,257.570 | -0.277,0.070,0.000,-0.000
cam0 extrinsics = -0.008,0.007,0.702,0.712 | 0.077,-0.071,0.010
cam1 extrinsics = -0.003,0.011,0.702,0.712 | -0.040,-0.071,0.012
q_GtoI = -0.822,-0.081,-0.561,0.045 | p_IinG = 9.700,7.930,2.719 | dist = 73.33 (meters)
bg = 0.0017,0.0230,0.0759 | ba = -0.0051,0.0938,0.1144
camera-imu timeoffset = 0.00011
cam0 intrinsics = 465.474,466.907,363.980,250.712 | -0.278,0.070,0.000,-0.000
cam1 intrinsics = 464.291,465.729,376.735,257.567 | -0.277,0.070,0.000,-0.000
cam0 extrinsics = -0.008,0.007,0.702,0.712 | 0.077,-0.071,0.010
cam1 extrinsics = -0.003,0.011,0.702,0.712 | -0.040,-0.071,0.012
q_GtoI = -0.821,-0.090,-0.562,0.050 | p_IinG = 9.736,8.011,2.722 | dist = 73.42 (meters)
bg = 0.0019,0.0229,0.0758 | ba = -0.0032,0.0932,0.1145
camera-imu timeoffset = 0.00010
cam0 intrinsics = 465.468,466.905,363.988,250.710 | -0.278,0.070,0.000,-0.000
cam1 intrinsics = 464.287,465.726,376.754,257.572 | -0.277,0.070,0.000,-0.000
cam0 extrinsics = -0.008,0.007,0.702,0.712 | 0.077,-0.071,0.010
cam1 extrinsics = -0.003,0.011,0.702,0.712 | -0.040,-0.071,0.012
q_GtoI = -0.818,-0.101,-0.563,0.056 | p_IinG = 9.773,8.093,2.728 | dist = 73.51 (meters)
bg = 0.0019,0.0227,0.0759 | ba = -0.0028,0.0935,0.1143
camera-imu timeoffset = 0.00010
cam0 intrinsics = 465.470,466.904,364.008,250.700 | -0.278,0.070,0.000,-0.000
cam1 intrinsics = 464.289,465.726,376.774,257.563 | -0.277,0.070,0.000,-0.000
cam0 extrinsics = -0.008,0.007,0.702,0.712 | 0.077,-0.071,0.010
cam1 extrinsics = -0.003,0.012,0.702,0.712 | -0.040,-0.072,0.011
q_GtoI = -0.817,-0.112,-0.563,0.063 | p_IinG = 9.808,8.175,2.736 | dist = 73.60 (meters)
bg = 0.0019,0.0226,0.0758 | ba = -0.0023,0.0937,0.1146
camera-imu timeoffset = 0.00010
cam0 intrinsics = 465.471,466.904,364.011,250.706 | -0.278,0.070,0.000,-0.000
cam1 intrinsics = 464.289,465.725,376.777,257.569 | -0.277,0.070,0.000,-0.000
cam0 extrinsics = -0.008,0.007,0.702,0.712 | 0.078,-0.071,0.010
cam1 extrinsics = -0.003,0.012,0.702,0.712 | -0.040,-0.072,0.011
q_GtoI = -0.814,-0.126,-0.563,0.068 | p_IinG = 9.844,8.259,2.745 | dist = 73.69 (meters)
bg = 0.0020,0.0224,0.0759 | ba = -0.0020,0.0947,0.1150
camera-imu timeoffset = 0.00010
cam0 intrinsics = 465.479,466.908,364.014,250.713 | -0.278,0.070,0.000,-0.000
cam1 intrinsics = 464.296,465.729,376.780,257.576 | -0.277,0.070,0.000,-0.000
cam0 extrinsics = -0.008,0.007,0.702,0.712 | 0.078,-0.072,0.009
cam1 extrinsics = -0.003,0.012,0.702,0.712 | -0.040,-0.072,0.011
q_GtoI = -0.811,-0.139,-0.564,0.076 | p_IinG = 9.876,8.340,2.757 | dist = 73.78 (meters)
bg = 0.0020,0.0222,0.0759 | ba = -0.0005,0.0960,0.1173
camera-imu timeoffset = 0.00010
cam0 intrinsics = 465.473,466.911,364.021,250.743 | -0.278,0.070,0.000,-0.000
cam1 intrinsics = 464.289,465.732,376.797,257.600 | -0.277,0.070,0.000,-0.000
cam0 extrinsics = -0.008,0.007,0.702,0.712 | 0.078,-0.072,0.009
cam1 extrinsics = -0.003,0.012,0.702,0.712 | -0.040,-0.072,0.011
q_GtoI = -0.807,-0.154,-0.564,0.082 | p_IinG = 9.911,8.424,2.770 | dist = 73.87 (meters)
bg = 0.0021,0.0221,0.0758 | ba = -0.0011,0.0956,0.1175
camera-imu timeoffset = 0.00010
cam0 intrinsics = 465.480,466.914,364.026,250.747 | -0.278,0.070,0.000,-0.000
cam1 intrinsics = 464.294,465.734,376.803,257.603 | -0.277,0.070,0.000,-0.000
cam0 extrinsics = -0.008,0.007,0.702,0.712 | 0.078,-0.072,0.009
cam1 extrinsics = -0.003,0.012,0.702,0.712 | -0.040,-0.072,0.011
q_GtoI = -0.804,-0.167,-0.563,0.090 | p_IinG = 9.945,8.494,2.783 | dist = 73.96 (meters)
bg = 0.0018,0.0221,0.0761 | ba = -0.0028,0.0886,0.1186
camera-imu timeoffset = 0.00011
cam0 intrinsics = 465.457,466.899,364.043,250.748 | -0.278,0.070,0.000,-0.000
cam1 intrinsics = 464.272,465.719,376.824,257.604 | -0.277,0.070,0.000,-0.000
cam0 extrinsics = -0.008,0.007,0.702,0.712 | 0.078,-0.072,0.010
cam1 extrinsics = -0.003,0.012,0.702,0.712 | -0.040,-0.072,0.012
q_GtoI = -0.802,-0.177,-0.562,0.097 | p_IinG = 9.980,8.577,2.793 | dist = 74.05 (meters)
bg = 0.0018,0.0218,0.0761 | ba = -0.0021,0.0874,0.1176
camera-imu timeoffset = 0.00011
cam0 intrinsics = 465.469,466.909,364.047,250.752 | -0.278,0.070,0.000,-0.000
cam1 intrinsics = 464.284,465.730,376.829,257.607 | -0.277,0.070,0.000,-0.000
cam0 extrinsics = -0.008,0.007,0.702,0.712 | 0.078,-0.072,0.011
cam1 extrinsics = -0.003,0.012,0.702,0.712 | -0.040,-0.072,0.012
q_GtoI = -0.801,-0.187,-0.560,0.103 | p_IinG = 10.010,8.654,2.805 | dist = 74.14 (meters)
bg = 0.0017,0.0217,0.0763 | ba = -0.0019,0.0860,0.1199
camera-imu timeoffset = 0.00011
cam0 intrinsics = 465.466,466.913,364.052,250.751 | -0.278,0.070,0.000,-0.000
cam1 intrinsics = 464.280,465.731,376.832,257.605 | -0.277,0.070,0.000,-0.000
cam0 extrinsics = -0.008,0.007,0.702,0.712 | 0.078,-0.072,0.011
cam1 extrinsics = -0.003,0.012,0.702,0.712 | -0.040,-0.072,0.013
q_GtoI = -0.799,-0.194,-0.559,0.108 | p_IinG = 10.044,8.735,2.813 | dist = 74.23 (meters)
bg = 0.0018,0.0215,0.0765 | ba = -0.0017,0.0848,0.1193
camera-imu timeoffset = 0.00011
cam0 intrinsics = 465.473,466.921,364.036,250.773 | -0.278,0.070,0.000,-0.000
cam1 intrinsics = 464.286,465.739,376.817,257.628 | -0.277,0.070,0.000,-0.000
cam0 extrinsics = -0.008,0.007,0.702,0.713 | 0.078,-0.072,0.011
cam1 extrinsics = -0.003,0.012,0.702,0.712 | -0.040,-0.072,0.013
q_GtoI = -0.796,-0.202,-0.559,0.111 | p_IinG = 10.075,8.818,2.819 | dist = 74.32 (meters)
bg = 0.0018,0.0214,0.0768 | ba = -0.0012,0.0855,0.1187
camera-imu timeoffset = 0.00011
cam0 intrinsics = 465.479,466.927,364.047,250.768 | -0.278,0.070,0.000,-0.000
cam1 intrinsics = 464.292,465.746,376.827,257.621 | -0.277,0.070,0.000,-0.000
cam0 extrinsics = -0.008,0.007,0.702,0.713 | 0.078,-0.072,0.011
cam1 extrinsics = -0.003,0.012,0.702,0.712 | -0.040,-0.072,0.013
q_GtoI = -0.793,-0.210,-0.560,0.114 | p_IinG = 10.108,8.898,2.820 | dist = 74.40 (meters)
bg = 0.0019,0.0212,0.0771 | ba = 0.0020,0.0858,0.1163
camera-imu timeoffset = 0.00011
cam0 intrinsics = 465.475,466.929,364.029,250.801 | -0.278,0.070,0.000,-0.000
cam1 intrinsics = 464.289,465.748,376.815,257.657 | -0.277,0.070,0.000,-0.000
cam0 extrinsics = -0.008,0.007,0.702,0.713 | 0.078,-0.072,0.011
cam1 extrinsics = -0.003,0.011,0.702,0.712 | -0.040,-0.072,0.012
q_GtoI = -0.789,-0.219,-0.562,0.116 | p_IinG = 10.140,8.982,2.820 | dist = 74.49 (meters)
bg = 0.0018,0.0211,0.0773 | ba = 0.0043,0.0851,0.1140
camera-imu timeoffset = 0.00011
cam0 intrinsics = 465.480,466.934,364.057,250.788 | -0.278,0.070,0.000,-0.000
cam1 intrinsics = 464.294,465.754,376.843,257.645 | -0.277,0.070,0.000,-0.000
cam0 extrinsics = -0.008,0.007,0.702,0.713 | 0.077,-0.072,0.011
cam1 extrinsics = -0.003,0.011,0.702,0.712 | -0.041,-0.072,0.012
q_GtoI = -0.785,-0.227,-0.564,0.121 | p_IinG = 10.171,9.067,2.818 | dist = 74.58 (meters)
bg = 0.0018,0.0210,0.0774 | ba = 0.0062,0.0839,0.1121
camera-imu timeoffset = 0.00011
cam0 intrinsics = 465.484,466.940,364.062,250.788 | -0.278,0.070,0.000,-0.000
cam1 intrinsics = 464.298,465.759,376.849,257.645 | -0.277,0.070,0.000,-0.000
cam0 extrinsics = -0.008,0.007,0.702,0.713 | 0.077,-0.072,0.011
cam1 extrinsics = -0.003,0.011,0.702,0.712 | -0.041,-0.072,0.012
q_GtoI = -0.779,-0.234,-0.567,0.130 | p_IinG = 10.198,9.149,2.816 | dist = 74.67 (meters)
bg = 0.0018,0.0209,0.0776 | ba = 0.0092,0.0834,0.1114
camera-imu timeoffset = 0.00011
cam0 intrinsics = 465.488,466.944,364.081,250.791 | -0.278,0.070,0.000,-0.000
cam1 intrinsics = 464.302,465.764,376.866,257.648 | -0.277,0.070,0.000,-0.000
cam0 extrinsics = -0.008,0.007,0.702,0.713 | 0.077,-0.072,0.011
cam1 extrinsics = -0.003,0.011,0.702,0.712 | -0.041,-0.072,0.012
q_GtoI = -0.773,-0.239,-0.570,0.144 | p_IinG = 10.222,9.232,2.817 | dist = 74.76 (meters)
bg = 0.0017,0.0208,0.0778 | ba = 0.0110,0.0837,0.1112
camera-imu timeoffset = 0.00011
cam0 intrinsics = 465.497,466.950,364.089,250.791 | -0.278,0.070,0.000,-0.000
cam1 intrinsics = 464.310,465.769,376.874,257.648 | -0.277,0.070,0.000,-0.000
cam0 extrinsics = -0.008,0.007,0.702,0.713 | 0.077,-0.072,0.011
cam1 extrinsics = -0.003,0.011,0.702,0.712 | -0.041,-0.072,0.012
q_GtoI = -0.763,-0.242,-0.577,0.162 | p_IinG = 10.242,9.311,2.819 | dist = 74.85 (meters)
bg = 0.0016,0.0209,0.0781 | ba = 0.0152,0.0838,0.1107
camera-imu timeoffset = 0.00009
cam0 intrinsics = 465.512,466.944,364.137,250.762 | -0.278,0.070,0.000,-0.000
cam1 intrinsics = 464.326,465.764,376.916,257.617 | -0.277,0.070,0.000,-0.000
cam0 extrinsics = -0.008,0.007,0.702,0.713 | 0.076,-0.072,0.011
cam1 extrinsics = -0.003,0.011,0.702,0.712 | -0.041,-0.072,0.013
q_GtoI = -0.751,-0.244,-0.587,0.180 | p_IinG = 10.265,9.395,2.824 | dist = 74.93 (meters)
bg = 0.0017,0.0210,0.0781 | ba = 0.0174,0.0832,0.1099
camera-imu timeoffset = 0.00008
cam0 intrinsics = 465.520,466.953,364.164,250.754 | -0.278,0.070,0.000,-0.000
cam1 intrinsics = 464.334,465.775,376.941,257.609 | -0.277,0.070,0.000,-0.000
cam0 extrinsics = -0.008,0.007,0.702,0.713 | 0.076,-0.072,0.011
cam1 extrinsics = -0.003,0.011,0.702,0.712 | -0.042,-0.072,0.013
q_GtoI = -0.739,-0.246,-0.595,0.199 | p_IinG = 10.273,9.469,2.833 | dist = 75.02 (meters)
bg = 0.0017,0.0209,0.0782 | ba = 0.0201,0.0875,0.1113
camera-imu timeoffset = 0.00009
cam0 intrinsics = 465.537,466.956,364.186,250.781 | -0.278,0.070,0.000,-0.000
cam1 intrinsics = 464.352,465.778,376.962,257.640 | -0.277,0.070,0.000,-0.000
cam0 extrinsics = -0.008,0.007,0.702,0.713 | 0.076,-0.072,0.012
cam1 extrinsics = -0.003,0.011,0.702,0.712 | -0.042,-0.072,0.013
q_GtoI = -0.729,-0.248,-0.600,0.216 | p_IinG = 10.283,9.545,2.847 | dist = 75.10 (meters)
bg = 0.0016,0.0209,0.0784 | ba = 0.0191,0.0879,0.1127
camera-imu timeoffset = 0.00008
cam0 intrinsics = 465.544,466.968,364.199,250.807 | -0.278,0.070,0.000,-0.000
cam1 intrinsics = 464.359,465.790,376.974,257.665 | -0.277,0.070,0.000,-0.000
cam0 extrinsics = -0.008,0.007,0.702,0.713 | 0.076,-0.072,0.012
cam1 extrinsics = -0.003,0.011,0.702,0.712 | -0.042,-0.072,0.013
q_GtoI = -0.722,-0.253,-0.602,0.229 | p_IinG = 10.291,9.621,2.863 | dist = 75.18 (meters)
bg = 0.0017,0.0209,0.0785 | ba = 0.0182,0.0890,0.1140
camera-imu timeoffset = 0.00008
cam0 intrinsics = 465.551,466.979,364.199,250.818 | -0.278,0.070,0.000,-0.000
cam1 intrinsics = 464.367,465.802,376.972,257.674 | -0.277,0.070,0.000,-0.000
cam0 extrinsics = -0.008,0.007,0.702,0.713 | 0.076,-0.071,0.011
cam1 extrinsics = -0.003,0.011,0.702,0.712 | -0.042,-0.072,0.013
q_GtoI = -0.718,-0.260,-0.601,0.237 | p_IinG = 10.295,9.685,2.880 | dist = 75.25 (meters)
bg = 0.0018,0.0209,0.0785 | ba = 0.0173,0.0918,0.1171
camera-imu timeoffset = 0.00008
cam0 intrinsics = 465.579,467.016,364.262,250.892 | -0.278,0.070,0.000,-0.000
cam1 intrinsics = 464.398,465.842,377.027,257.746 | -0.277,0.070,0.000,-0.000
cam0 extrinsics = -0.008,0.007,0.702,0.713 | 0.076,-0.071,0.011
cam1 extrinsics = -0.003,0.011,0.702,0.712 | -0.042,-0.071,0.013
q_GtoI = -0.715,-0.269,-0.598,0.244 | p_IinG = 10.295,9.747,2.899 | dist = 75.31 (meters)
bg = 0.0019,0.0208,0.0785 | ba = 0.0170,0.0941,0.1190
camera-imu timeoffset = 0.00009
cam0 intrinsics = 465.592,467.021,364.264,250.906 | -0.278,0.070,0.000,-0.000
cam1 intrinsics = 464.413,465.850,377.022,257.759 | -0.277,0.070,0.000,-0.000
cam0 extrinsics = -0.008,0.007,0.702,0.713 | 0.076,-0.071,0.011
cam1 extrinsics = -0.003,0.011,0.702,0.712 | -0.042,-0.071,0.013
q_GtoI = -0.712,-0.279,-0.595,0.247 | p_IinG = 10.290,9.803,2.919 | dist = 75.38 (meters)
bg = 0.0020,0.0206,0.0785 | ba = 0.0165,0.0964,0.1213
camera-imu timeoffset = 0.00008
cam0 intrinsics = 465.604,467.022,364.261,250.916 | -0.278,0.070,0.000,-0.000
cam1 intrinsics = 464.424,465.851,377.018,257.769 | -0.277,0.070,0.000,-0.000
cam0 extrinsics = -0.008,0.007,0.702,0.713 | 0.076,-0.071,0.011
cam1 extrinsics = -0.003,0.011,0.702,0.712 | -0.041,-0.071,0.013
q_GtoI = -0.709,-0.290,-0.591,0.252 | p_IinG = 10.282,9.853,2.940 | dist = 75.43 (meters)
bg = 0.0020,0.0204,0.0785 | ba = 0.0157,0.0982,0.1240
camera-imu timeoffset = 0.00009
cam0 intrinsics = 465.614,467.021,364.258,250.923 | -0.278,0.070,0.000,-0.000
cam1 intrinsics = 464.434,465.849,377.013,257.778 | -0.277,0.070,0.000,-0.000
cam0 extrinsics = -0.008,0.007,0.702,0.713 | 0.076,-0.071,0.011
cam1 extrinsics = -0.003,0.011,0.702,0.712 | -0.041,-0.071,0.013
q_GtoI = -0.707,-0.298,-0.587,0.258 | p_IinG = 10.268,9.901,2.961 | dist = 75.49 (meters)
bg = 0.0022,0.0202,0.0784 | ba = 0.0161,0.1011,0.1264
camera-imu timeoffset = 0.00008
cam0 intrinsics = 465.615,467.013,364.246,250.926 | -0.278,0.070,0.000,-0.000
cam1 intrinsics = 464.435,465.841,377.000,257.781 | -0.277,0.070,0.000,-0.000
cam0 extrinsics = -0.008,0.007,0.702,0.713 | 0.076,-0.071,0.011
cam1 extrinsics = -0.003,0.011,0.702,0.712 | -0.041,-0.071,0.013
q_GtoI = -0.707,-0.307,-0.580,0.265 | p_IinG = 10.253,9.945,2.982 | dist = 75.54 (meters)
bg = 0.0022,0.0198,0.0782 | ba = 0.0166,0.1025,0.1291
camera-imu timeoffset = 0.00009
cam0 intrinsics = 465.617,467.012,364.252,250.910 | -0.278,0.070,0.000,-0.000
cam1 intrinsics = 464.436,465.840,377.005,257.766 | -0.277,0.070,0.000,-0.000
cam0 extrinsics = -0.008,0.007,0.702,0.713 | 0.076,-0.071,0.011
cam1 extrinsics = -0.003,0.011,0.702,0.712 | -0.041,-0.072,0.013
q_GtoI = -0.707,-0.312,-0.571,0.277 | p_IinG = 10.225,9.976,3.010 | dist = 75.59 (meters)
bg = 0.0025,0.0196,0.0774 | ba = 0.0134,0.1083,0.1358
camera-imu timeoffset = 0.00009
cam0 intrinsics = 465.659,467.027,364.269,250.938 | -0.278,0.070,0.000,-0.000
cam1 intrinsics = 464.477,465.851,377.024,257.796 | -0.278,0.070,0.000,-0.000
cam0 extrinsics = -0.008,0.007,0.701,0.713 | 0.077,-0.071,0.011
cam1 extrinsics = -0.003,0.011,0.702,0.712 | -0.041,-0.072,0.013
q_GtoI = -0.704,-0.319,-0.565,0.287 | p_IinG = 10.202,10.007,3.032 | dist = 75.64 (meters)
bg = 0.0027,0.0194,0.0774 | ba = 0.0124,0.1104,0.1401
camera-imu timeoffset = 0.00010
cam0 intrinsics = 465.693,467.043,364.299,250.916 | -0.278,0.070,0.000,-0.000
cam1 intrinsics = 464.511,465.867,377.050,257.775 | -0.278,0.070,0.000,-0.000
cam0 extrinsics = -0.008,0.007,0.701,0.713 | 0.077,-0.072,0.012
cam1 extrinsics = -0.003,0.011,0.702,0.712 | -0.041,-0.072,0.013
q_GtoI = -0.701,-0.325,-0.562,0.295 | p_IinG = 10.169,10.043,3.055 | dist = 75.68 (meters)
bg = 0.0032,0.0191,0.0771 | ba = 0.0132,0.1178,0.1418
camera-imu timeoffset = 0.00010
cam0 intrinsics = 465.679,467.012,364.300,250.928 | -0.278,0.070,0.000,-0.000
cam1 intrinsics = 464.496,465.835,377.053,257.789 | -0.278,0.070,0.000,-0.000
cam0 extrinsics = -0.008,0.007,0.701,0.713 | 0.077,-0.072,0.011
cam1 extrinsics = -0.003,0.011,0.702,0.712 | -0.041,-0.072,0.013
q_GtoI = -0.696,-0.331,-0.560,0.303 | p_IinG = 10.144,10.065,3.077 | dist = 75.72 (meters)
bg = 0.0033,0.0191,0.0771 | ba = 0.0109,0.1194,0.1452
camera-imu timeoffset = 0.00010
cam0 intrinsics = 465.694,467.022,364.316,250.948 | -0.278,0.070,0.000,-0.000
cam1 intrinsics = 464.511,465.844,377.070,257.812 | -0.278,0.070,0.000,-0.000
cam0 extrinsics = -0.008,0.007,0.701,0.713 | 0.077,-0.072,0.011
cam1 extrinsics = -0.003,0.011,0.702,0.712 | -0.041,-0.072,0.013
q_GtoI = -0.693,-0.339,-0.558,0.307 | p_IinG = 10.116,10.084,3.097 | dist = 75.76 (meters)
bg = 0.0034,0.0190,0.0770 | ba = 0.0097,0.1232,0.1479
camera-imu timeoffset = 0.00010
cam0 intrinsics = 465.701,467.029,364.361,250.990 | -0.278,0.070,0.000,-0.000
cam1 intrinsics = 464.517,465.849,377.121,257.857 | -0.277,0.070,0.000,-0.000
cam0 extrinsics = -0.008,0.007,0.701,0.713 | 0.077,-0.073,0.011
cam1 extrinsics = -0.003,0.011,0.702,0.712 | -0.041,-0.073,0.013
q_GtoI = -0.694,-0.347,-0.551,0.307 | p_IinG = 10.088,10.101,3.112 | dist = 75.79 (meters)
bg = 0.0034,0.0188,0.0770 | ba = 0.0083,0.1264,0.1495
camera-imu timeoffset = 0.00008
cam0 intrinsics = 465.694,467.013,364.379,251.013 | -0.278,0.070,0.000,-0.000
cam1 intrinsics = 464.510,465.833,377.140,257.881 | -0.277,0.070,0.000,-0.000
cam0 extrinsics = -0.008,0.007,0.701,0.713 | 0.077,-0.073,0.011
cam1 extrinsics = -0.003,0.011,0.702,0.712 | -0.041,-0.073,0.013
q_GtoI = -0.699,-0.356,-0.541,0.305 | p_IinG = 10.068,10.117,3.125 | dist = 75.82 (meters)
bg = 0.0032,0.0187,0.0772 | ba = 0.0054,0.1253,0.1505
camera-imu timeoffset = 0.00007
cam0 intrinsics = 465.692,467.005,364.388,251.029 | -0.278,0.070,0.000,-0.000
cam1 intrinsics = 464.509,465.825,377.149,257.898 | -0.277,0.070,0.000,-0.000
cam0 extrinsics = -0.008,0.007,0.701,0.713 | 0.077,-0.073,0.012
cam1 extrinsics = -0.003,0.011,0.702,0.712 | -0.041,-0.073,0.013
q_GtoI = -0.705,-0.364,-0.530,0.300 | p_IinG = 10.039,10.130,3.136 | dist = 75.85 (meters)
bg = 0.0031,0.0184,0.0773 | ba = 0.0037,0.1274,0.1511
camera-imu timeoffset = 0.00007
cam0 intrinsics = 465.671,466.969,364.382,251.030 | -0.278,0.070,0.000,-0.000
cam1 intrinsics = 464.488,465.790,377.141,257.900 | -0.277,0.070,0.000,-0.000
cam0 extrinsics = -0.008,0.007,0.701,0.713 | 0.077,-0.073,0.012
cam1 extrinsics = -0.003,0.011,0.702,0.712 | -0.041,-0.073,0.014
q_GtoI = -0.710,-0.371,-0.520,0.297 | p_IinG = 10.008,10.141,3.147 | dist = 75.88 (meters)
bg = 0.0031,0.0182,0.0773 | ba = 0.0009,0.1298,0.1520
camera-imu timeoffset = 0.00007
cam0 intrinsics = 465.645,466.935,364.369,251.032 | -0.278,0.070,0.000,-0.000
cam1 intrinsics = 464.465,465.758,377.124,257.901 | -0.277,0.070,0.000,-0.000
cam0 extrinsics = -0.008,0.007,0.701,0.713 | 0.077,-0.073,0.012
cam1 extrinsics = -0.003,0.011,0.702,0.712 | -0.041,-0.073,0.014
q_GtoI = -0.714,-0.376,-0.512,0.294 | p_IinG = 9.981,10.149,3.154 | dist = 75.91 (meters)
bg = 0.0030,0.0180,0.0774 | ba = -0.0005,0.1306,0.1529
camera-imu timeoffset = 0.00007
cam0 intrinsics = 465.634,466.914,364.370,251.017 | -0.278,0.070,0.000,-0.000
cam1 intrinsics = 464.454,465.738,377.123,257.887 | -0.277,0.070,0.000,-0.000
cam0 extrinsics = -0.008,0.007,0.701,0.713 | 0.077,-0.073,0.012
cam1 extrinsics = -0.003,0.012,0.702,0.712 | -0.041,-0.073,0.014
q_GtoI = -0.718,-0.378,-0.506,0.292 | p_IinG = 9.937,10.175,3.183 | dist = 75.93 (meters)
bg = 0.0036,0.0185,0.0770 | ba = -0.0163,0.1350,0.1509
camera-imu timeoffset = 0.00009
cam0 intrinsics = 465.609,466.881,364.334,251.012 | -0.278,0.070,0.000,-0.000
cam1 intrinsics = 464.435,465.712,377.076,257.880 | -0.277,0.070,0.000,-0.000
cam0 extrinsics = -0.008,0.007,0.702,0.713 | 0.077,-0.073,0.014
cam1 extrinsics = -0.003,0.011,0.702,0.712 | -0.041,-0.073,0.016
q_GtoI = -0.718,-0.381,-0.504,0.291 | p_IinG = 9.909,10.184,3.189 | dist = 75.96 (meters)
bg = 0.0036,0.0185,0.0770 | ba = -0.0181,0.1356,0.1513
camera-imu timeoffset = 0.00009
cam0 intrinsics = 465.616,466.889,364.355,250.983 | -0.278,0.070,0.000,-0.000
cam1 intrinsics = 464.443,465.720,377.094,257.850 | -0.277,0.070,0.000,-0.000
cam0 extrinsics = -0.008,0.007,0.702,0.713 | 0.077,-0.073,0.014
cam1 extrinsics = -0.003,0.011,0.702,0.712 | -0.041,-0.073,0.016
q_GtoI = -0.716,-0.382,-0.506,0.293 | p_IinG = 9.882,10.192,3.195 | dist = 75.99 (meters)
bg = 0.0036,0.0187,0.0771 | ba = -0.0195,0.1363,0.1516
camera-imu timeoffset = 0.00009
cam0 intrinsics = 465.623,466.898,364.375,250.955 | -0.278,0.070,0.000,-0.000
cam1 intrinsics = 464.451,465.730,377.110,257.821 | -0.277,0.070,0.000,-0.000
cam0 extrinsics = -0.008,0.007,0.702,0.713 | 0.076,-0.073,0.014
cam1 extrinsics = -0.003,0.011,0.702,0.712 | -0.041,-0.073,0.016
q_GtoI = -0.712,-0.383,-0.509,0.296 | p_IinG = 9.855,10.199,3.200 | dist = 76.01 (meters)
bg = 0.0036,0.0188,0.0771 | ba = -0.0207,0.1371,0.1521
camera-imu timeoffset = 0.00009
cam0 intrinsics = 465.630,466.905,364.394,250.935 | -0.278,0.070,0.000,-0.000
cam1 intrinsics = 464.458,465.738,377.123,257.799 | -0.277,0.070,0.000,-0.000
cam0 extrinsics = -0.008,0.007,0.702,0.713 | 0.076,-0.073,0.014
cam1 extrinsics = -0.003,0.011,0.702,0.712 | -0.041,-0.073,0.016
q_GtoI = -0.708,-0.384,-0.513,0.296 | p_IinG = 9.829,10.205,3.203 | dist = 76.04 (meters)
bg = 0.0035,0.0189,0.0771 | ba = -0.0223,0.1375,0.1518
camera-imu timeoffset = 0.00009
cam0 intrinsics = 465.631,466.908,364.404,250.921 | -0.278,0.070,0.000,-0.000
cam1 intrinsics = 464.460,465.741,377.129,257.787 | -0.277,0.070,0.000,-0.000
cam0 extrinsics = -0.008,0.007,0.702,0.713 | 0.076,-0.073,0.014
cam1 extrinsics = -0.003,0.012,0.702,0.712 | -0.041,-0.073,0.016
q_GtoI = -0.704,-0.387,-0.519,0.293 | p_IinG = 9.801,10.210,3.204 | dist = 76.07 (meters)
bg = 0.0034,0.0190,0.0770 | ba = -0.0233,0.1385,0.1507
camera-imu timeoffset = 0.00008
cam0 intrinsics = 465.624,466.902,364.410,250.911 | -0.278,0.070,0.000,-0.000
cam1 intrinsics = 464.453,465.736,377.133,257.778 | -0.277,0.070,0.000,-0.000
cam0 extrinsics = -0.008,0.007,0.702,0.713 | 0.076,-0.073,0.014
cam1 extrinsics = -0.003,0.012,0.702,0.712 | -0.041,-0.073,0.016
q_GtoI = -0.699,-0.390,-0.524,0.290 | p_IinG = 9.771,10.214,3.204 | dist = 76.09 (meters)
bg = 0.0033,0.0191,0.0769 | ba = -0.0239,0.1403,0.1493
camera-imu timeoffset = 0.00008
cam0 intrinsics = 465.609,466.889,364.410,250.911 | -0.278,0.070,0.000,-0.000
cam1 intrinsics = 464.438,465.723,377.132,257.779 | -0.277,0.070,0.000,-0.000
cam0 extrinsics = -0.008,0.007,0.702,0.713 | 0.076,-0.073,0.014
cam1 extrinsics = -0.003,0.012,0.702,0.712 | -0.041,-0.073,0.016
q_GtoI = -0.695,-0.392,-0.529,0.288 | p_IinG = 9.740,10.215,3.202 | dist = 76.12 (meters)
bg = 0.0033,0.0193,0.0768 | ba = -0.0250,0.1427,0.1475
camera-imu timeoffset = 0.00008
cam0 intrinsics = 465.594,466.876,364.406,250.918 | -0.278,0.070,0.000,-0.000
cam1 intrinsics = 464.424,465.710,377.128,257.786 | -0.277,0.070,0.000,-0.000
cam0 extrinsics = -0.008,0.007,0.702,0.713 | 0.077,-0.073,0.014
cam1 extrinsics = -0.003,0.012,0.702,0.712 | -0.041,-0.073,0.016
q_GtoI = -0.691,-0.395,-0.535,0.284 | p_IinG = 9.707,10.213,3.200 | dist = 76.15 (meters)
bg = 0.0031,0.0194,0.0767 | ba = -0.0255,0.1449,0.1471
camera-imu timeoffset = 0.00008
cam0 intrinsics = 465.574,466.856,364.397,250.931 | -0.278,0.070,0.000,-0.000
cam1 intrinsics = 464.404,465.690,377.121,257.797 | -0.277,0.070,0.000,-0.000
cam0 extrinsics = -0.008,0.007,0.702,0.713 | 0.077,-0.073,0.014
cam1 extrinsics = -0.003,0.012,0.702,0.712 | -0.041,-0.073,0.016
q_GtoI = -0.688,-0.397,-0.539,0.282 | p_IinG = 9.675,10.213,3.195 | dist = 76.18 (meters)
bg = 0.0030,0.0196,0.0767 | ba = -0.0267,0.1450,0.1467
camera-imu timeoffset = 0.00008
cam0 intrinsics = 465.558,466.845,364.394,250.936 | -0.278,0.070,0.000,-0.000
cam1 intrinsics = 464.388,465.679,377.119,257.803 | -0.277,0.070,0.000,-0.000
cam0 extrinsics = -0.008,0.007,0.702,0.713 | 0.076,-0.073,0.014
cam1 extrinsics = -0.003,0.012,0.702,0.712 | -0.041,-0.073,0.016
q_GtoI = -0.684,-0.397,-0.544,0.280 | p_IinG = 9.642,10.212,3.187 | dist = 76.21 (meters)
bg = 0.0030,0.0198,0.0767 | ba = -0.0272,0.1442,0.1463
camera-imu timeoffset = 0.00008
cam0 intrinsics = 465.546,466.837,364.392,250.935 | -0.278,0.070,0.000,-0.000
cam1 intrinsics = 464.376,465.672,377.118,257.802 | -0.277,0.070,0.000,-0.000
cam0 extrinsics = -0.008,0.007,0.702,0.713 | 0.076,-0.073,0.014
cam1 extrinsics = -0.003,0.011,0.702,0.712 | -0.041,-0.073,0.016
q_GtoI = -0.683,-0.399,-0.546,0.276 | p_IinG = 9.606,10.210,3.178 | dist = 76.25 (meters)
bg = 0.0029,0.0199,0.0767 | ba = -0.0283,0.1437,0.1454
camera-imu timeoffset = 0.00008
cam0 intrinsics = 465.529,466.827,364.389,250.936 | -0.278,0.070,0.000,-0.000
cam1 intrinsics = 464.360,465.661,377.116,257.804 | -0.277,0.070,0.000,-0.000
cam0 extrinsics = -0.008,0.007,0.702,0.713 | 0.076,-0.074,0.014
cam1 extrinsics = -0.003,0.011,0.702,0.712 | -0.041,-0.074,0.016
q_GtoI = -0.681,-0.400,-0.549,0.274 | p_IinG = 9.570,10.207,3.170 | dist = 76.29 (meters)
bg = 0.0028,0.0202,0.0768 | ba = -0.0301,0.1436,0.1450
camera-imu timeoffset = 0.00008
cam0 intrinsics = 465.523,466.803,364.387,250.936 | -0.278,0.070,0.000,-0.000
cam1 intrinsics = 464.352,465.635,377.118,257.805 | -0.277,0.070,0.000,-0.000
cam0 extrinsics = -0.008,0.007,0.701,0.713 | 0.076,-0.073,0.014
cam1 extrinsics = -0.003,0.011,0.702,0.712 | -0.041,-0.073,0.015
q_GtoI = -0.680,-0.401,-0.550,0.273 | p_IinG = 9.529,10.204,3.162 | dist = 76.33 (meters)
bg = 0.0028,0.0204,0.0768 | ba = -0.0309,0.1432,0.1442
camera-imu timeoffset = 0.00008
cam0 intrinsics = 465.508,466.794,364.382,250.938 | -0.278,0.070,0.000,-0.000
cam1 intrinsics = 464.337,465.627,377.114,257.807 | -0.277,0.070,0.000,-0.000
cam0 extrinsics = -0.008,0.007,0.701,0.713 | 0.076,-0.073,0.014
cam1 extrinsics = -0.003,0.011,0.702,0.712 | -0.041,-0.073,0.015
q_GtoI = -0.680,-0.401,-0.550,0.273 | p_IinG = 9.486,10.202,3.158 | dist = 76.37 (meters)
bg = 0.0029,0.0206,0.0769 | ba = -0.0312,0.1429,0.1444
camera-imu timeoffset = 0.00008
cam0 intrinsics = 465.495,466.791,364.376,250.940 | -0.278,0.070,0.000,-0.000
cam1 intrinsics = 464.324,465.624,377.110,257.809 | -0.277,0.070,0.000,-0.000
cam0 extrinsics = -0.008,0.007,0.701,0.713 | 0.076,-0.073,0.013
cam1 extrinsics = -0.003,0.011,0.702,0.712 | -0.041,-0.073,0.015
q_GtoI = -0.682,-0.399,-0.548,0.275 | p_IinG = 9.437,10.200,3.155 | dist = 76.42 (meters)
bg = 0.0031,0.0210,0.0772 | ba = -0.0316,0.1435,0.1423
camera-imu timeoffset = 0.00008
cam0 intrinsics = 465.480,466.791,364.364,250.946 | -0.278,0.070,0.000,-0.000
cam1 intrinsics = 464.311,465.623,377.098,257.810 | -0.277,0.070,0.000,-0.000
cam0 extrinsics = -0.008,0.007,0.701,0.713 | 0.076,-0.073,0.013
cam1 extrinsics = -0.003,0.011,0.702,0.712 | -0.041,-0.073,0.015
q_GtoI = -0.685,-0.397,-0.544,0.278 | p_IinG = 9.389,10.194,3.155 | dist = 76.47 (meters)
bg = 0.0032,0.0212,0.0772 | ba = -0.0302,0.1431,0.1445
camera-imu timeoffset = 0.00008
cam0 intrinsics = 465.473,466.794,364.357,250.947 | -0.278,0.070,0.000,-0.000
cam1 intrinsics = 464.304,465.626,377.091,257.811 | -0.277,0.070,0.000,-0.000
cam0 extrinsics = -0.008,0.007,0.701,0.713 | 0.076,-0.073,0.014
cam1 extrinsics = -0.003,0.011,0.702,0.712 | -0.041,-0.073,0.015
q_GtoI = -0.689,-0.396,-0.539,0.281 | p_IinG = 9.339,10.187,3.156 | dist = 76.52 (meters)
bg = 0.0032,0.0212,0.0774 | ba = -0.0287,0.1429,0.1470
camera-imu timeoffset = 0.00008
cam0 intrinsics = 465.466,466.794,364.354,250.947 | -0.278,0.070,0.000,-0.000
cam1 intrinsics = 464.298,465.627,377.088,257.811 | -0.277,0.070,0.000,-0.000
cam0 extrinsics = -0.008,0.007,0.701,0.713 | 0.076,-0.073,0.014
cam1 extrinsics = -0.003,0.011,0.702,0.712 | -0.041,-0.073,0.015
q_GtoI = -0.693,-0.395,-0.533,0.282 | p_IinG = 9.287,10.178,3.160 | dist = 76.58 (meters)
bg = 0.0032,0.0213,0.0774 | ba = -0.0269,0.1438,0.1499
camera-imu timeoffset = 0.00008
cam0 intrinsics = 465.460,466.792,364.359,250.952 | -0.278,0.070,0.000,-0.000
cam1 intrinsics = 464.292,465.625,377.092,257.815 | -0.277,0.070,0.000,-0.000
cam0 extrinsics = -0.008,0.007,0.701,0.713 | 0.076,-0.073,0.014
cam1 extrinsics = -0.003,0.011,0.702,0.712 | -0.042,-0.073,0.015
q_GtoI = -0.697,-0.395,-0.528,0.282 | p_IinG = 9.234,10.167,3.164 | dist = 76.63 (meters)
bg = 0.0032,0.0211,0.0775 | ba = -0.0235,0.1444,0.1548
camera-imu timeoffset = 0.00008
cam0 intrinsics = 465.450,466.787,364.367,250.953 | -0.278,0.070,0.000,-0.000
cam1 intrinsics = 464.283,465.621,377.101,257.816 | -0.277,0.070,0.000,-0.000
cam0 extrinsics = -0.008,0.007,0.701,0.713 | 0.076,-0.074,0.013
cam1 extrinsics = -0.003,0.012,0.702,0.712 | -0.042,-0.074,0.015
q_GtoI = -0.701,-0.396,-0.523,0.279 | p_IinG = 9.180,10.157,3.170 | dist = 76.69 (meters)
bg = 0.0032,0.0210,0.0774 | ba = -0.0208,0.1440,0.1577
camera-imu timeoffset = 0.00008
cam0 intrinsics = 465.443,466.780,364.383,250.951 | -0.278,0.070,0.000,-0.000
cam1 intrinsics = 464.275,465.615,377.106,257.814 | -0.277,0.070,0.000,-0.000
cam0 extrinsics = -0.008,0.007,0.701,0.713 | 0.076,-0.074,0.013
cam1 extrinsics = -0.003,0.011,0.702,0.712 | -0.042,-0.074,0.015
q_GtoI = -0.704,-0.397,-0.519,0.278 | p_IinG = 9.123,10.146,3.178 | dist = 76.75 (meters)
bg = 0.0032,0.0209,0.0775 | ba = -0.0191,0.1446,0.1599
camera-imu timeoffset = 0.00008
cam0 intrinsics = 465.438,466.779,364.390,250.949 | -0.278,0.070,0.000,-0.000
cam1 intrinsics = 464.271,465.614,377.112,257.811 | -0.277,0.070,0.000,-0.000
cam0 extrinsics = -0.008,0.007,0.701,0.713 | 0.075,-0.074,0.013
cam1 extrinsics = -0.003,0.012,0.702,0.712 | -0.042,-0.074,0.015
q_GtoI = -0.706,-0.398,-0.517,0.277 | p_IinG = 9.062,10.137,3.186 | dist = 76.80 (meters)
bg = 0.0031,0.0207,0.0773 | ba = -0.0159,0.1449,0.1638
camera-imu timeoffset = 0.00008
cam0 intrinsics = 465.418,466.782,364.399,250.938 | -0.278,0.070,0.000,-0.000
cam1 intrinsics = 464.251,465.617,377.122,257.799 | -0.277,0.069,0.000,-0.000
cam0 extrinsics = -0.008,0.007,0.701,0.713 | 0.075,-0.074,0.013
cam1 extrinsics = -0.003,0.011,0.702,0.712 | -0.042,-0.074,0.015
q_GtoI = -0.708,-0.397,-0.514,0.277 | p_IinG = 9.005,10.126,3.191 | dist = 76.86 (meters)
bg = 0.0032,0.0207,0.0773 | ba = -0.0138,0.1452,0.1657
camera-imu timeoffset = 0.00008
cam0 intrinsics = 465.416,466.787,364.406,250.935 | -0.278,0.070,0.000,-0.000
cam1 intrinsics = 464.251,465.623,377.128,257.795 | -0.277,0.069,0.000,-0.000
cam0 extrinsics = -0.008,0.007,0.701,0.713 | 0.075,-0.074,0.013
cam1 extrinsics = -0.003,0.011,0.702,0.712 | -0.043,-0.074,0.015
q_GtoI = -0.709,-0.396,-0.512,0.279 | p_IinG = 8.948,10.114,3.196 | dist = 76.92 (meters)
bg = 0.0032,0.0208,0.0772 | ba = -0.0122,0.1455,0.1677
camera-imu timeoffset = 0.00008
cam0 intrinsics = 465.413,466.797,364.420,250.930 | -0.278,0.070,0.000,-0.000
cam1 intrinsics = 464.247,465.633,377.138,257.792 | -0.277,0.069,0.000,-0.000
cam0 extrinsics = -0.008,0.007,0.701,0.713 | 0.075,-0.074,0.013
cam1 extrinsics = -0.003,0.011,0.702,0.712 | -0.043,-0.074,0.015
q_GtoI = -0.711,-0.394,-0.510,0.281 | p_IinG = 8.890,10.102,3.198 | dist = 76.98 (meters)
bg = 0.0033,0.0208,0.0772 | ba = -0.0102,0.1460,0.1693
camera-imu timeoffset = 0.00008
cam0 intrinsics = 465.414,466.803,364.431,250.924 | -0.278,0.070,0.000,-0.000
cam1 intrinsics = 464.248,465.640,377.148,257.786 | -0.277,0.069,0.000,-0.000
cam0 extrinsics = -0.008,0.007,0.701,0.713 | 0.075,-0.074,0.013
cam1 extrinsics = -0.003,0.011,0.702,0.712 | -0.043,-0.074,0.015
q_GtoI = -0.712,-0.393,-0.509,0.282 | p_IinG = 8.830,10.089,3.201 | dist = 77.05 (meters)
bg = 0.0033,0.0209,0.0773 | ba = -0.0086,0.1472,0.1704
camera-imu timeoffset = 0.00008
cam0 intrinsics = 465.414,466.809,364.441,250.921 | -0.278,0.070,0.000,-0.000
cam1 intrinsics = 464.250,465.647,377.158,257.783 | -0.277,0.069,0.000,-0.000
cam0 extrinsics = -0.008,0.007,0.702,0.713 | 0.075,-0.074,0.013
cam1 extrinsics = -0.003,0.011,0.702,0.712 | -0.043,-0.074,0.015
q_GtoI = -0.714,-0.392,-0.507,0.283 | p_IinG = 8.769,10.076,3.204 | dist = 77.11 (meters)
bg = 0.0033,0.0209,0.0774 | ba = -0.0070,0.1486,0.1722
camera-imu timeoffset = 0.00008
cam0 intrinsics = 465.411,466.811,364.453,250.916 | -0.278,0.070,0.000,-0.000
cam1 intrinsics = 464.248,465.649,377.163,257.776 | -0.277,0.069,0.000,-0.000
cam0 extrinsics = -0.008,0.007,0.702,0.713 | 0.075,-0.074,0.013
cam1 extrinsics = -0.003,0.012,0.702,0.712 | -0.043,-0.074,0.015
q_GtoI = -0.715,-0.392,-0.505,0.283 | p_IinG = 8.710,10.061,3.207 | dist = 77.17 (meters)
bg = 0.0033,0.0209,0.0774 | ba = -0.0057,0.1500,0.1735
camera-imu timeoffset = 0.00008
cam0 intrinsics = 465.413,466.818,364.464,250.909 | -0.278,0.070,0.000,-0.000
cam1 intrinsics = 464.250,465.657,377.177,257.769 | -0.277,0.069,0.000,-0.000
cam0 extrinsics = -0.008,0.007,0.702,0.713 | 0.075,-0.075,0.013
cam1 extrinsics = -0.003,0.012,0.702,0.712 | -0.043,-0.075,0.015
q_GtoI = -0.718,-0.392,-0.501,0.281 | p_IinG = 8.650,10.046,3.210 | dist = 77.23 (meters)
bg = 0.0034,0.0209,0.0773 | ba = -0.0053,0.1511,0.1745
camera-imu timeoffset = 0.00008
cam0 intrinsics = 465.417,466.825,364.483,250.896 | -0.278,0.070,0.000,-0.000
cam1 intrinsics = 464.254,465.664,377.195,257.756 | -0.277,0.069,0.000,-0.000
cam0 extrinsics = -0.008,0.007,0.702,0.713 | 0.075,-0.075,0.013
cam1 extrinsics = -0.003,0.012,0.702,0.712 | -0.043,-0.075,0.015
q_GtoI = -0.721,-0.394,-0.497,0.279 | p_IinG = 8.593,10.031,3.214 | dist = 77.29 (meters)
bg = 0.0033,0.0209,0.0774 | ba = -0.0049,0.1516,0.1748
camera-imu timeoffset = 0.00008
cam0 intrinsics = 465.412,466.827,364.482,250.901 | -0.278,0.070,0.000,-0.000
cam1 intrinsics = 464.250,465.667,377.194,257.761 | -0.277,0.069,0.000,-0.000
cam0 extrinsics = -0.008,0.007,0.702,0.713 | 0.075,-0.075,0.013
cam1 extrinsics = -0.003,0.012,0.702,0.712 | -0.043,-0.075,0.015
q_GtoI = -0.725,-0.395,-0.491,0.278 | p_IinG = 8.535,10.015,3.221 | dist = 77.35 (meters)
bg = 0.0031,0.0208,0.0773 | ba = -0.0046,0.1519,0.1757
camera-imu timeoffset = 0.00008
cam0 intrinsics = 465.407,466.827,364.482,250.902 | -0.278,0.070,0.000,-0.000
cam1 intrinsics = 464.246,465.668,377.194,257.763 | -0.277,0.069,0.000,-0.000
cam0 extrinsics = -0.008,0.007,0.702,0.713 | 0.075,-0.075,0.013
cam1 extrinsics = -0.003,0.012,0.702,0.712 | -0.043,-0.075,0.015
q_GtoI = -0.728,-0.396,-0.487,0.276 | p_IinG = 8.477,9.999,3.229 | dist = 77.41 (meters)
bg = 0.0030,0.0207,0.0772 | ba = -0.0014,0.1520,0.1768
camera-imu timeoffset = 0.00008
cam0 intrinsics = 465.404,466.830,364.472,250.899 | -0.278,0.070,0.000,-0.000
cam1 intrinsics = 464.243,465.671,377.188,257.760 | -0.277,0.069,0.000,-0.000
cam0 extrinsics = -0.008,0.007,0.701,0.713 | 0.075,-0.075,0.013
cam1 extrinsics = -0.003,0.011,0.702,0.712 | -0.043,-0.075,0.015
q_GtoI = -0.731,-0.397,-0.483,0.274 | p_IinG = 8.422,9.983,3.240 | dist = 77.47 (meters)
bg = 0.0029,0.0207,0.0772 | ba = -0.0012,0.1522,0.1776
camera-imu timeoffset = 0.00008
cam0 intrinsics = 465.402,466.832,364.471,250.899 | -0.278,0.070,0.000,-0.000
cam1 intrinsics = 464.240,465.673,377.187,257.760 | -0.277,0.069,0.000,-0.000
cam0 extrinsics = -0.008,0.007,0.701,0.713 | 0.075,-0.075,0.013
cam1 extrinsics = -0.003,0.011,0.702,0.712 | -0.043,-0.075,0.015
q_GtoI = -0.732,-0.398,-0.481,0.273 | p_IinG = 8.367,9.968,3.252 | dist = 77.53 (meters)
bg = 0.0028,0.0207,0.0773 | ba = 0.0005,0.1526,0.1780
camera-imu timeoffset = 0.00008
cam0 intrinsics = 465.398,466.833,364.469,250.903 | -0.278,0.070,0.000,-0.000
cam1 intrinsics = 464.238,465.675,377.187,257.763 | -0.277,0.069,0.000,-0.000
cam0 extrinsics = -0.008,0.007,0.701,0.713 | 0.075,-0.075,0.013
cam1 extrinsics = -0.003,0.011,0.702,0.712 | -0.043,-0.075,0.015
q_GtoI = -0.732,-0.399,-0.481,0.271 | p_IinG = 8.314,9.956,3.265 | dist = 77.58 (meters)
bg = 0.0027,0.0207,0.0773 | ba = 0.0022,0.1532,0.1775
camera-imu timeoffset = 0.00008
cam0 intrinsics = 465.392,466.832,364.465,250.906 | -0.278,0.070,0.000,-0.000
cam1 intrinsics = 464.232,465.675,377.184,257.766 | -0.277,0.069,0.000,-0.000
cam0 extrinsics = -0.008,0.007,0.701,0.713 | 0.075,-0.075,0.013
cam1 extrinsics = -0.003,0.011,0.702,0.712 | -0.043,-0.075,0.015
q_GtoI = -0.733,-0.400,-0.480,0.269 | p_IinG = 8.262,9.945,3.275 | dist = 77.64 (meters)
bg = 0.0026,0.0206,0.0772 | ba = 0.0048,0.1535,0.1751
camera-imu timeoffset = 0.00008
cam0 intrinsics = 465.386,466.830,364.461,250.916 | -0.278,0.070,0.000,-0.000
cam1 intrinsics = 464.227,465.674,377.179,257.775 | -0.277,0.069,0.000,-0.000
cam0 extrinsics = -0.008,0.007,0.701,0.713 | 0.075,-0.075,0.013
cam1 extrinsics = -0.003,0.011,0.702,0.712 | -0.043,-0.075,0.015
q_GtoI = -0.731,-0.402,-0.482,0.266 | p_IinG = 8.213,9.934,3.285 | dist = 77.69 (meters)
bg = 0.0025,0.0206,0.0772 | ba = 0.0074,0.1539,0.1740
camera-imu timeoffset = 0.00008
cam0 intrinsics = 465.381,466.829,364.455,250.923 | -0.278,0.070,0.000,-0.000
cam1 intrinsics = 464.223,465.674,377.175,257.782 | -0.277,0.069,0.000,-0.000
cam0 extrinsics = -0.008,0.007,0.702,0.713 | 0.075,-0.075,0.013
cam1 extrinsics = -0.003,0.011,0.702,0.712 | -0.043,-0.075,0.015
q_GtoI = -0.728,-0.404,-0.488,0.263 | p_IinG = 8.163,9.926,3.294 | dist = 77.74 (meters)
bg = 0.0024,0.0206,0.0772 | ba = 0.0099,0.1547,0.1722
camera-imu timeoffset = 0.00008
cam0 intrinsics = 465.374,466.827,364.448,250.930 | -0.278,0.070,0.000,-0.000
cam1 intrinsics = 464.216,465.672,377.168,257.790 | -0.277,0.069,0.000,-0.000
cam0 extrinsics = -0.008,0.007,0.702,0.713 | 0.075,-0.075,0.013
cam1 extrinsics = -0.003,0.011,0.702,0.712 | -0.043,-0.075,0.015
q_GtoI = -0.723,-0.407,-0.494,0.260 | p_IinG = 8.114,9.918,3.301 | dist = 77.79 (meters)
bg = 0.0023,0.0206,0.0771 | ba = 0.0121,0.1556,0.1701
camera-imu timeoffset = 0.00008
cam0 intrinsics = 465.367,466.823,364.440,250.937 | -0.278,0.070,0.000,-0.000
cam1 intrinsics = 464.209,465.668,377.161,257.797 | -0.277,0.069,0.000,-0.000
cam0 extrinsics = -0.008,0.007,0.702,0.713 | 0.076,-0.076,0.014
cam1 extrinsics = -0.003,0.011,0.702,0.712 | -0.042,-0.075,0.015
q_GtoI = -0.717,-0.409,-0.502,0.257 | p_IinG = 8.066,9.911,3.307 | dist = 77.84 (meters)
bg = 0.0022,0.0206,0.0770 | ba = 0.0141,0.1566,0.1681
camera-imu timeoffset = 0.00008
cam0 intrinsics = 465.361,466.820,364.431,250.945 | -0.278,0.070,0.000,-0.000
cam1 intrinsics = 464.203,465.666,377.154,257.805 | -0.277,0.069,0.000,-0.000
cam0 extrinsics = -0.008,0.007,0.702,0.713 | 0.076,-0.076,0.014
cam1 extrinsics = -0.003,0.011,0.702,0.712 | -0.042,-0.076,0.015
q_GtoI = -0.713,-0.410,-0.508,0.255 | p_IinG = 8.013,9.906,3.312 | dist = 77.89 (meters)
bg = 0.0021,0.0206,0.0768 | ba = 0.0156,0.1586,0.1651
camera-imu timeoffset = 0.00008
cam0 intrinsics = 465.352,466.819,364.415,250.955 | -0.278,0.070,0.000,-0.000
cam1 intrinsics = 464.196,465.666,377.136,257.817 | -0.277,0.069,0.000,-0.000
cam0 extrinsics = -0.008,0.007,0.702,0.713 | 0.076,-0.076,0.014
cam1 extrinsics = -0.003,0.012,0.702,0.712 | -0.042,-0.076,0.016
q_GtoI = -0.709,-0.413,-0.513,0.252 | p_IinG = 7.961,9.899,3.315 | dist = 77.94 (meters)
bg = 0.0020,0.0207,0.0768 | ba = 0.0166,0.1615,0.1638
camera-imu timeoffset = 0.00008
cam0 intrinsics = 465.343,466.819,364.406,250.961 | -0.278,0.070,0.000,-0.000
cam1 intrinsics = 464.187,465.665,377.127,257.824 | -0.277,0.069,0.000,-0.000
cam0 extrinsics = -0.008,0.007,0.702,0.713 | 0.076,-0.075,0.014
cam1 extrinsics = -0.003,0.012,0.702,0.712 | -0.042,-0.075,0.016
q_GtoI = -0.705,-0.415,-0.518,0.249 | p_IinG = 7.909,9.893,3.316 | dist = 78.00 (meters)
bg = 0.0018,0.0207,0.0768 | ba = 0.0179,0.1636,0.1626
camera-imu timeoffset = 0.00008
cam0 intrinsics = 465.341,466.824,364.400,250.969 | -0.278,0.070,0.000,-0.000
cam1 intrinsics = 464.186,465.671,377.119,257.831 | -0.277,0.069,0.000,-0.000
cam0 extrinsics = -0.008,0.007,0.702,0.713 | 0.076,-0.075,0.014
cam1 extrinsics = -0.003,0.012,0.702,0.712 | -0.042,-0.075,0.016
q_GtoI = -0.703,-0.416,-0.521,0.248 | p_IinG = 7.853,9.888,3.320 | dist = 78.05 (meters)
bg = 0.0017,0.0207,0.0769 | ba = 0.0167,0.1658,0.1633
camera-imu timeoffset = 0.00008
cam0 intrinsics = 465.333,466.831,364.396,250.981 | -0.278,0.070,0.000,-0.000
cam1 intrinsics = 464.178,465.679,377.117,257.843 | -0.277,0.069,0.000,-0.000
cam0 extrinsics = -0.008,0.007,0.702,0.713 | 0.076,-0.075,0.014
cam1 extrinsics = -0.003,0.011,0.702,0.712 | -0.042,-0.075,0.016
q_GtoI = -0.702,-0.417,-0.522,0.247 | p_IinG = 7.798,9.883,3.322 | dist = 78.10 (meters)
bg = 0.0016,0.0207,0.0768 | ba = 0.0163,0.1674,0.1634
camera-imu timeoffset = 0.00008
cam0 intrinsics = 465.333,466.833,364.391,250.988 | -0.278,0.070,0.000,-0.000
cam1 intrinsics = 464.178,465.681,377.111,257.850 | -0.277,0.069,0.000,-0.000
cam0 extrinsics = -0.008,0.007,0.702,0.713 | 0.076,-0.075,0.014
cam1 extrinsics = -0.003,0.011,0.702,0.712 | -0.042,-0.075,0.015
q_GtoI = -0.702,-0.417,-0.522,0.247 | p_IinG = 7.739,9.881,3.327 | dist = 78.16 (meters)
bg = 0.0017,0.0208,0.0769 | ba = 0.0139,0.1680,0.1612
camera-imu timeoffset = 0.00008
cam0 intrinsics = 465.311,466.820,364.389,250.990 | -0.278,0.070,0.000,-0.000
cam1 intrinsics = 464.158,465.669,377.111,257.851 | -0.277,0.069,0.000,-0.000
cam0 extrinsics = -0.008,0.007,0.702,0.713 | 0.076,-0.075,0.013
cam1 extrinsics = -0.003,0.011,0.702,0.712 | -0.042,-0.075,0.015
q_GtoI = -0.703,-0.417,-0.521,0.245 | p_IinG = 7.681,9.879,3.334 | dist = 78.22 (meters)
bg = 0.0016,0.0208,0.0769 | ba = 0.0146,0.1677,0.1606
camera-imu timeoffset = 0.00008
cam0 intrinsics = 465.307,466.819,364.386,250.998 | -0.278,0.070,0.000,-0.000
cam1 intrinsics = 464.155,465.669,377.106,257.859 | -0.277,0.069,0.000,-0.000
cam0 extrinsics = -0.008,0.007,0.702,0.713 | 0.076,-0.075,0.013
cam1 extrinsics = -0.003,0.011,0.702,0.712 | -0.042,-0.075,0.015
q_GtoI = -0.702,-0.418,-0.522,0.244 | p_IinG = 7.621,9.878,3.343 | dist = 78.28 (meters)
bg = 0.0015,0.0208,0.0768 | ba = 0.0155,0.1678,0.1607
camera-imu timeoffset = 0.00008
cam0 intrinsics = 465.304,466.814,364.382,251.006 | -0.278,0.070,0.000,-0.000
cam1 intrinsics = 464.152,465.665,377.099,257.867 | -0.277,0.069,0.000,-0.000
cam0 extrinsics = -0.008,0.007,0.702,0.713 | 0.076,-0.075,0.013
cam1 extrinsics = -0.003,0.011,0.702,0.712 | -0.042,-0.075,0.015
q_GtoI = -0.702,-0.419,-0.522,0.243 | p_IinG = 7.559,9.880,3.354 | dist = 78.34 (meters)
bg = 0.0014,0.0207,0.0767 | ba = 0.0158,0.1675,0.1602
camera-imu timeoffset = 0.00008
cam0 intrinsics = 465.301,466.812,364.378,251.011 | -0.278,0.070,0.000,-0.000
cam1 intrinsics = 464.149,465.664,377.094,257.872 | -0.277,0.069,0.000,-0.000
cam0 extrinsics = -0.008,0.007,0.702,0.713 | 0.076,-0.075,0.013
cam1 extrinsics = -0.003,0.011,0.702,0.712 | -0.042,-0.075,0.015
q_GtoI = -0.701,-0.420,-0.524,0.240 | p_IinG = 7.497,9.883,3.365 | dist = 78.41 (meters)
bg = 0.0013,0.0208,0.0768 | ba = 0.0155,0.1677,0.1587
camera-imu timeoffset = 0.00008
cam0 intrinsics = 465.301,466.808,364.373,251.015 | -0.278,0.070,0.000,-0.000
cam1 intrinsics = 464.150,465.660,377.087,257.876 | -0.277,0.069,0.000,-0.000
cam0 extrinsics = -0.008,0.007,0.702,0.713 | 0.076,-0.075,0.013
cam1 extrinsics = -0.003,0.011,0.702,0.712 | -0.042,-0.075,0.015
q_GtoI = -0.701,-0.420,-0.524,0.239 | p_IinG = 7.432,9.888,3.376 | dist = 78.47 (meters)
bg = 0.0012,0.0207,0.0768 | ba = 0.0164,0.1682,0.1579
camera-imu timeoffset = 0.00008
cam0 intrinsics = 465.298,466.803,364.371,251.020 | -0.278,0.070,0.000,-0.000
cam1 intrinsics = 464.147,465.656,377.084,257.880 | -0.277,0.069,0.000,-0.000
cam0 extrinsics = -0.008,0.007,0.702,0.713 | 0.076,-0.075,0.013
cam1 extrinsics = -0.003,0.011,0.702,0.712 | -0.042,-0.075,0.015
q_GtoI = -0.701,-0.421,-0.524,0.237 | p_IinG = 7.365,9.894,3.385 | dist = 78.54 (meters)
bg = 0.0011,0.0206,0.0768 | ba = 0.0170,0.1687,0.1573
camera-imu timeoffset = 0.00008
cam0 intrinsics = 465.295,466.799,364.369,251.025 | -0.278,0.070,0.000,-0.000
cam1 intrinsics = 464.145,465.651,377.080,257.884 | -0.277,0.069,0.000,-0.000
cam0 extrinsics = -0.008,0.007,0.702,0.713 | 0.076,-0.075,0.013
cam1 extrinsics = -0.003,0.011,0.702,0.712 | -0.042,-0.075,0.015
q_GtoI = -0.701,-0.421,-0.525,0.236 | p_IinG = 7.297,9.900,3.392 | dist = 78.61 (meters)
bg = 0.0010,0.0206,0.0768 | ba = 0.0180,0.1691,0.1569
camera-imu timeoffset = 0.00008
cam0 intrinsics = 465.292,466.796,364.369,251.030 | -0.278,0.070,0.000,-0.000
cam1 intrinsics = 464.142,465.650,377.078,257.889 | -0.277,0.069,0.000,-0.000
cam0 extrinsics = -0.008,0.007,0.702,0.713 | 0.076,-0.075,0.013
cam1 extrinsics = -0.003,0.011,0.702,0.712 | -0.042,-0.075,0.015
q_GtoI = -0.701,-0.422,-0.525,0.234 | p_IinG = 7.226,9.908,3.398 | dist = 78.68 (meters)
bg = 0.0009,0.0205,0.0768 | ba = 0.0181,0.1694,0.1568
camera-imu timeoffset = 0.00008
cam0 intrinsics = 465.287,466.793,364.368,251.034 | -0.278,0.070,0.000,-0.000
cam1 intrinsics = 464.140,465.650,377.073,257.892 | -0.277,0.069,0.000,-0.000
cam0 extrinsics = -0.008,0.007,0.702,0.713 | 0.076,-0.075,0.013
cam1 extrinsics = -0.003,0.011,0.702,0.712 | -0.042,-0.075,0.015
q_GtoI = -0.701,-0.423,-0.525,0.233 | p_IinG = 7.153,9.916,3.402 | dist = 78.76 (meters)
bg = 0.0009,0.0204,0.0768 | ba = 0.0185,0.1700,0.1566
camera-imu timeoffset = 0.00008
cam0 intrinsics = 465.284,466.792,364.368,251.038 | -0.278,0.070,0.000,-0.000
cam1 intrinsics = 464.137,465.649,377.071,257.895 | -0.277,0.069,0.000,-0.000
cam0 extrinsics = -0.008,0.007,0.702,0.713 | 0.076,-0.075,0.013
cam1 extrinsics = -0.003,0.011,0.702,0.712 | -0.042,-0.075,0.015
q_GtoI = -0.702,-0.423,-0.524,0.232 | p_IinG = 7.076,9.927,3.404 | dist = 78.83 (meters)
bg = 0.0008,0.0203,0.0768 | ba = 0.0176,0.1700,0.1549
camera-imu timeoffset = 0.00008
cam0 intrinsics = 465.280,466.790,364.360,251.033 | -0.278,0.070,0.000,-0.000
cam1 intrinsics = 464.134,465.648,377.061,257.889 | -0.277,0.069,0.000,-0.000
cam0 extrinsics = -0.008,0.007,0.702,0.712 | 0.076,-0.075,0.013
cam1 extrinsics = -0.003,0.011,0.702,0.712 | -0.042,-0.075,0.015
q_GtoI = -0.705,-0.421,-0.520,0.234 | p_IinG = 6.999,9.939,3.404 | dist = 78.91 (meters)
bg = 0.0008,0.0202,0.0769 | ba = 0.0173,0.1707,0.1550
camera-imu timeoffset = 0.00008
cam0 intrinsics = 465.281,466.791,364.360,251.038 | -0.278,0.070,0.000,-0.000
cam1 intrinsics = 464.135,465.650,377.060,257.892 | -0.277,0.069,0.000,-0.000
cam0 extrinsics = -0.008,0.007,0.702,0.713 | 0.076,-0.075,0.013
cam1 extrinsics = -0.003,0.011,0.702,0.712 | -0.042,-0.075,0.015
q_GtoI = -0.711,-0.418,-0.514,0.237 | p_IinG = 6.920,9.953,3.401 | dist = 78.99 (meters)
bg = 0.0008,0.0201,0.0768 | ba = 0.0159,0.1714,0.1535
camera-imu timeoffset = 0.00008
cam0 intrinsics = 465.279,466.785,364.353,251.040 | -0.278,0.070,0.000,-0.000
cam1 intrinsics = 464.134,465.643,377.055,257.894 | -0.277,0.069,0.000,-0.000
cam0 extrinsics = -0.008,0.007,0.702,0.713 | 0.076,-0.075,0.013
cam1 extrinsics = -0.003,0.011,0.702,0.712 | -0.042,-0.075,0.015
q_GtoI = -0.716,-0.415,-0.508,0.240 | p_IinG = 6.840,9.968,3.397 | dist = 79.07 (meters)
bg = 0.0008,0.0200,0.0769 | ba = 0.0162,0.1714,0.1532
camera-imu timeoffset = 0.00008
cam0 intrinsics = 465.279,466.783,364.353,251.045 | -0.278,0.070,0.000,-0.000
cam1 intrinsics = 464.134,465.641,377.053,257.897 | -0.277,0.069,0.000,-0.000
cam0 extrinsics = -0.008,0.007,0.702,0.713 | 0.076,-0.075,0.013
cam1 extrinsics = -0.003,0.011,0.702,0.712 | -0.042,-0.075,0.014
q_GtoI = -0.721,-0.412,-0.500,0.244 | p_IinG = 6.762,9.984,3.391 | dist = 79.15 (meters)
bg = 0.0008,0.0199,0.0770 | ba = 0.0161,0.1709,0.1526
camera-imu timeoffset = 0.00008
cam0 intrinsics = 465.283,466.782,364.358,251.044 | -0.278,0.070,0.000,-0.000
cam1 intrinsics = 464.134,465.639,377.050,257.902 | -0.277,0.069,0.000,-0.000
cam0 extrinsics = -0.008,0.007,0.702,0.713 | 0.076,-0.075,0.013
cam1 extrinsics = -0.003,0.011,0.702,0.712 | -0.042,-0.075,0.014
q_GtoI = -0.726,-0.409,-0.494,0.248 | p_IinG = 6.682,10.001,3.384 | dist = 79.24 (meters)
bg = 0.0008,0.0198,0.0770 | ba = 0.0160,0.1704,0.1520
camera-imu timeoffset = 0.00008
cam0 intrinsics = 465.285,466.775,364.360,251.048 | -0.278,0.070,0.000,-0.000
cam1 intrinsics = 464.136,465.633,377.049,257.906 | -0.277,0.069,0.000,-0.000
cam0 extrinsics = -0.008,0.007,0.702,0.713 | 0.076,-0.075,0.013
cam1 extrinsics = -0.003,0.011,0.702,0.712 | -0.042,-0.075,0.014
q_GtoI = -0.730,-0.408,-0.488,0.250 | p_IinG = 6.602,10.020,3.375 | dist = 79.32 (meters)
bg = 0.0007,0.0198,0.0771 | ba = 0.0158,0.1699,0.1514
camera-imu timeoffset = 0.00008
cam0 intrinsics = 465.289,466.774,364.363,251.051 | -0.278,0.070,0.000,-0.000
cam1 intrinsics = 464.139,465.631,377.049,257.907 | -0.277,0.069,0.000,-0.000
cam0 extrinsics = -0.008,0.007,0.702,0.713 | 0.076,-0.075,0.013
cam1 extrinsics = -0.003,0.011,0.702,0.712 | -0.042,-0.075,0.015
q_GtoI = -0.732,-0.408,-0.483,0.253 | p_IinG = 6.524,10.040,3.366 | dist = 79.40 (meters)
bg = 0.0006,0.0198,0.0771 | ba = 0.0153,0.1689,0.1504
camera-imu timeoffset = 0.00008
cam0 intrinsics = 465.293,466.774,364.362,251.066 | -0.278,0.070,0.000,-0.000
cam1 intrinsics = 464.143,465.632,377.042,257.920 | -0.277,0.069,0.000,-0.000
cam0 extrinsics = -0.008,0.007,0.702,0.713 | 0.076,-0.075,0.013
cam1 extrinsics = -0.003,0.011,0.702,0.712 | -0.042,-0.075,0.015
q_GtoI = -0.733,-0.410,-0.479,0.255 | p_IinG = 6.446,10.061,3.355 | dist = 79.48 (meters)
bg = 0.0006,0.0198,0.0771 | ba = 0.0163,0.1687,0.1504
camera-imu timeoffset = 0.00008
cam0 intrinsics = 465.295,466.772,364.366,251.077 | -0.278,0.070,0.000,-0.000
cam1 intrinsics = 464.145,465.630,377.042,257.934 | -0.277,0.069,0.000,-0.000
cam0 extrinsics = -0.008,0.007,0.702,0.713 | 0.076,-0.075,0.013
cam1 extrinsics = -0.003,0.011,0.702,0.712 | -0.042,-0.075,0.014
q_GtoI = -0.734,-0.414,-0.474,0.256 | p_IinG = 6.367,10.085,3.344 | dist = 79.56 (meters)
bg = 0.0006,0.0198,0.0771 | ba = 0.0157,0.1702,0.1500
camera-imu timeoffset = 0.00008
cam0 intrinsics = 465.297,466.766,364.373,251.080 | -0.278,0.070,0.000,-0.000
cam1 intrinsics = 464.148,465.625,377.046,257.937 | -0.277,0.069,0.000,-0.000
cam0 extrinsics = -0.008,0.007,0.702,0.713 | 0.076,-0.075,0.013
cam1 extrinsics = -0.003,0.011,0.702,0.712 | -0.042,-0.075,0.014
q_GtoI = -0.733,-0.419,-0.469,0.259 | p_IinG = 6.290,10.113,3.332 | dist = 79.65 (meters)
bg = 0.0006,0.0199,0.0770 | ba = 0.0134,0.1713,0.1495
camera-imu timeoffset = 0.00008
cam0 intrinsics = 465.305,466.760,364.392,251.061 | -0.278,0.070,0.000,-0.000
cam1 intrinsics = 464.157,465.620,377.061,257.916 | -0.277,0.069,0.000,-0.000
cam0 extrinsics = -0.008,0.007,0.702,0.713 | 0.076,-0.075,0.013
cam1 extrinsics = -0.003,0.011,0.702,0.712 | -0.042,-0.075,0.014
q_GtoI = -0.731,-0.425,-0.465,0.263 | p_IinG = 6.214,10.141,3.319 | dist = 79.73 (meters)
bg = 0.0006,0.0199,0.0770 | ba = 0.0127,0.1715,0.1495
camera-imu timeoffset = 0.00008
cam0 intrinsics = 465.309,466.756,364.410,251.053 | -0.278,0.070,0.000,-0.000
cam1 intrinsics = 464.161,465.615,377.077,257.908 | -0.277,0.069,0.000,-0.000
cam0 extrinsics = -0.008,0.007,0.702,0.713 | 0.076,-0.075,0.013
cam1 extrinsics = -0.003,0.011,0.702,0.712 | -0.042,-0.075,0.014
q_GtoI = -0.728,-0.431,-0.460,0.268 | p_IinG = 6.143,10.170,3.303 | dist = 79.81 (meters)
bg = 0.0004,0.0197,0.0770 | ba = 0.0144,0.1706,0.1469
camera-imu timeoffset = 0.00008
cam0 intrinsics = 465.312,466.751,364.438,251.052 | -0.278,0.070,0.000,-0.000
cam1 intrinsics = 464.164,465.612,377.101,257.903 | -0.277,0.069,0.000,-0.000
cam0 extrinsics = -0.008,0.007,0.702,0.713 | 0.076,-0.074,0.013
cam1 extrinsics = -0.003,0.011,0.702,0.712 | -0.042,-0.074,0.014
q_GtoI = -0.724,-0.439,-0.457,0.272 | p_IinG = 6.072,10.202,3.292 | dist = 79.89 (meters)
bg = 0.0003,0.0198,0.0770 | ba = 0.0139,0.1693,0.1469
camera-imu timeoffset = 0.00008
cam0 intrinsics = 465.319,466.753,364.459,251.034 | -0.278,0.070,0.000,-0.000
cam1 intrinsics = 464.171,465.614,377.119,257.883 | -0.277,0.069,0.000,-0.000
cam0 extrinsics = -0.008,0.007,0.702,0.713 | 0.076,-0.074,0.013
cam1 extrinsics = -0.003,0.011,0.702,0.712 | -0.042,-0.074,0.015
q_GtoI = -0.720,-0.447,-0.452,0.278 | p_IinG = 6.002,10.237,3.285 | dist = 79.97 (meters)
bg = 0.0003,0.0200,0.0771 | ba = 0.0112,0.1684,0.1452
camera-imu timeoffset = 0.00008
cam0 intrinsics = 465.323,466.752,364.452,251.045 | -0.278,0.070,0.000,-0.000
cam1 intrinsics = 464.175,465.613,377.108,257.892 | -0.277,0.069,0.000,-0.000
cam0 extrinsics = -0.008,0.007,0.702,0.713 | 0.076,-0.074,0.013
cam1 extrinsics = -0.003,0.011,0.702,0.712 | -0.042,-0.074,0.014
q_GtoI = -0.715,-0.454,-0.449,0.285 | p_IinG = 5.933,10.274,3.279 | dist = 80.05 (meters)
bg = 0.0003,0.0201,0.0770 | ba = 0.0110,0.1678,0.1449
camera-imu timeoffset = 0.00008
cam0 intrinsics = 465.323,466.746,364.453,251.043 | -0.278,0.070,0.000,-0.000
cam1 intrinsics = 464.174,465.607,377.106,257.887 | -0.277,0.069,0.000,-0.000
cam0 extrinsics = -0.008,0.007,0.702,0.713 | 0.076,-0.074,0.013
cam1 extrinsics = -0.003,0.011,0.702,0.712 | -0.042,-0.074,0.014
q_GtoI = -0.711,-0.460,-0.445,0.291 | p_IinG = 5.866,10.315,3.271 | dist = 80.12 (meters)
bg = 0.0006,0.0202,0.0768 | ba = 0.0120,0.1658,0.1404
camera-imu timeoffset = 0.00009
cam0 intrinsics = 465.304,466.731,364.459,251.038 | -0.278,0.070,0.000,-0.000
cam1 intrinsics = 464.157,465.595,377.111,257.880 | -0.277,0.069,0.000,-0.000
cam0 extrinsics = -0.008,0.007,0.702,0.713 | 0.075,-0.074,0.013
cam1 extrinsics = -0.003,0.011,0.702,0.712 | -0.043,-0.074,0.015
q_GtoI = -0.708,-0.463,-0.441,0.301 | p_IinG = 5.799,10.355,3.268 | dist = 80.20 (meters)
bg = 0.0008,0.0202,0.0767 | ba = 0.0131,0.1658,0.1400
camera-imu timeoffset = 0.00008
cam0 intrinsics = 465.306,466.728,364.491,251.016 | -0.278,0.070,0.000,-0.000
cam1 intrinsics = 464.160,465.591,377.141,257.855 | -0.277,0.069,0.000,-0.000
cam0 extrinsics = -0.008,0.007,0.702,0.713 | 0.075,-0.074,0.013
cam1 extrinsics = -0.003,0.011,0.702,0.712 | -0.043,-0.074,0.015
q_GtoI = -0.701,-0.466,-0.443,0.307 | p_IinG = 5.735,10.395,3.267 | dist = 80.28 (meters)
bg = 0.0009,0.0204,0.0767 | ba = 0.0146,0.1659,0.1387
camera-imu timeoffset = 0.00008
cam0 intrinsics = 465.314,466.728,364.514,251.001 | -0.278,0.070,0.000,-0.000
cam1 intrinsics = 464.168,465.591,377.162,257.837 | -0.277,0.069,0.000,-0.000
cam0 extrinsics = -0.008,0.007,0.702,0.713 | 0.075,-0.074,0.013
cam1 extrinsics = -0.003,0.011,0.702,0.712 | -0.043,-0.074,0.015
q_GtoI = -0.695,-0.468,-0.446,0.315 | p_IinG = 5.672,10.438,3.264 | dist = 80.35 (meters)
bg = 0.0011,0.0205,0.0767 | ba = 0.0169,0.1668,0.1377
camera-imu timeoffset = 0.00008
cam0 intrinsics = 465.330,466.736,364.565,250.964 | -0.277,0.070,0.000,-0.000
cam1 intrinsics = 464.185,465.600,377.207,257.798 | -0.277,0.069,0.000,-0.000
cam0 extrinsics = -0.008,0.007,0.702,0.713 | 0.075,-0.074,0.013
cam1 extrinsics = -0.003,0.011,0.702,0.712 | -0.043,-0.074,0.015
q_GtoI = -0.688,-0.470,-0.451,0.321 | p_IinG = 5.610,10.482,3.263 | dist = 80.43 (meters)
bg = 0.0011,0.0208,0.0766 | ba = 0.0175,0.1675,0.1368
camera-imu timeoffset = 0.00008
cam0 intrinsics = 465.326,466.723,364.574,250.960 | -0.277,0.070,0.000,-0.000
cam1 intrinsics = 464.180,465.587,377.216,257.792 | -0.277,0.069,0.000,-0.000
cam0 extrinsics = -0.008,0.007,0.702,0.713 | 0.075,-0.074,0.013
cam1 extrinsics = -0.003,0.011,0.702,0.712 | -0.043,-0.074,0.015
q_GtoI = -0.683,-0.470,-0.452,0.328 | p_IinG = 5.549,10.526,3.259 | dist = 80.50 (meters)
bg = 0.0012,0.0210,0.0766 | ba = 0.0174,0.1683,0.1351
camera-imu timeoffset = 0.00008
cam0 intrinsics = 465.324,466.715,364.586,250.952 | -0.277,0.070,0.000,-0.000
cam1 intrinsics = 464.177,465.577,377.228,257.782 | -0.277,0.069,0.000,-0.000
cam0 extrinsics = -0.008,0.007,0.702,0.713 | 0.075,-0.074,0.013
cam1 extrinsics = -0.003,0.012,0.702,0.712 | -0.043,-0.074,0.015
q_GtoI = -0.680,-0.469,-0.454,0.334 | p_IinG = 5.489,10.573,3.253 | dist = 80.57 (meters)
bg = 0.0012,0.0211,0.0766 | ba = 0.0172,0.1689,0.1324
camera-imu timeoffset = 0.00008
cam0 intrinsics = 465.320,466.704,364.602,250.932 | -0.277,0.070,0.000,-0.000
cam1 intrinsics = 464.172,465.564,377.245,257.763 | -0.277,0.069,0.000,-0.000
cam0 extrinsics = -0.008,0.007,0.702,0.713 | 0.075,-0.074,0.014
cam1 extrinsics = -0.003,0.012,0.702,0.712 | -0.043,-0.074,0.015
q_GtoI = -0.677,-0.470,-0.455,0.337 | p_IinG = 5.430,10.620,3.243 | dist = 80.65 (meters)
bg = 0.0014,0.0212,0.0765 | ba = 0.0171,0.1698,0.1299
camera-imu timeoffset = 0.00008
cam0 intrinsics = 465.319,466.700,364.623,250.912 | -0.277,0.070,0.000,-0.000
cam1 intrinsics = 464.170,465.559,377.269,257.743 | -0.277,0.069,0.000,-0.000
cam0 extrinsics = -0.008,0.007,0.702,0.713 | 0.075,-0.075,0.014
cam1 extrinsics = -0.003,0.012,0.702,0.712 | -0.043,-0.075,0.015
q_GtoI = -0.677,-0.470,-0.454,0.339 | p_IinG = 5.369,10.667,3.234 | dist = 80.72 (meters)
bg = 0.0016,0.0212,0.0765 | ba = 0.0175,0.1729,0.1295
camera-imu timeoffset = 0.00009
cam0 intrinsics = 465.329,466.705,364.636,250.913 | -0.277,0.070,0.000,-0.000
cam1 intrinsics = 464.180,465.562,377.276,257.744 | -0.277,0.069,0.000,-0.000
cam0 extrinsics = -0.008,0.007,0.702,0.713 | 0.074,-0.075,0.014
cam1 extrinsics = -0.003,0.012,0.702,0.712 | -0.044,-0.075,0.015
q_GtoI = -0.677,-0.470,-0.453,0.341 | p_IinG = 5.312,10.712,3.223 | dist = 80.79 (meters)
bg = 0.0018,0.0214,0.0764 | ba = 0.0153,0.1744,0.1297
camera-imu timeoffset = 0.00009
cam0 intrinsics = 465.336,466.705,364.667,250.889 | -0.277,0.070,0.000,-0.000
cam1 intrinsics = 464.184,465.560,377.311,257.720 | -0.277,0.069,0.000,-0.000
cam0 extrinsics = -0.008,0.007,0.702,0.713 | 0.074,-0.074,0.014
cam1 extrinsics = -0.003,0.012,0.702,0.712 | -0.044,-0.074,0.015
q_GtoI = -0.676,-0.471,-0.453,0.341 | p_IinG = 5.258,10.757,3.209 | dist = 80.86 (meters)
bg = 0.0017,0.0214,0.0764 | ba = 0.0137,0.1740,0.1274
camera-imu timeoffset = 0.00009
cam0 intrinsics = 465.343,466.700,364.690,250.879 | -0.277,0.070,0.000,-0.000
cam1 intrinsics = 464.190,465.553,377.335,257.709 | -0.277,0.069,0.000,-0.000
cam0 extrinsics = -0.008,0.007,0.702,0.713 | 0.075,-0.074,0.014
cam1 extrinsics = -0.003,0.012,0.702,0.712 | -0.043,-0.074,0.015
q_GtoI = -0.675,-0.471,-0.453,0.342 | p_IinG = 5.205,10.800,3.195 | dist = 80.93 (meters)
bg = 0.0018,0.0214,0.0763 | ba = 0.0126,0.1738,0.1273
camera-imu timeoffset = 0.00009
cam0 intrinsics = 465.353,466.701,364.710,250.866 | -0.277,0.070,0.000,-0.000
cam1 intrinsics = 464.200,465.553,377.358,257.695 | -0.277,0.069,0.000,-0.000
cam0 extrinsics = -0.008,0.007,0.702,0.713 | 0.075,-0.074,0.014
cam1 extrinsics = -0.003,0.012,0.702,0.712 | -0.043,-0.074,0.015
q_GtoI = -0.674,-0.471,-0.454,0.342 | p_IinG = 5.153,10.844,3.179 | dist = 81.00 (meters)
bg = 0.0018,0.0215,0.0763 | ba = 0.0117,0.1724,0.1251
camera-imu timeoffset = 0.00009
cam0 intrinsics = 465.357,466.696,364.713,250.865 | -0.277,0.070,0.000,-0.000
cam1 intrinsics = 464.204,465.547,377.360,257.694 | -0.277,0.069,0.000,-0.000
cam0 extrinsics = -0.008,0.007,0.702,0.713 | 0.075,-0.074,0.014
cam1 extrinsics = -0.003,0.012,0.702,0.712 | -0.043,-0.074,0.015
q_GtoI = -0.673,-0.471,-0.456,0.342 | p_IinG = 5.105,10.887,3.164 | dist = 81.06 (meters)
bg = 0.0018,0.0216,0.0763 | ba = 0.0114,0.1717,0.1253
camera-imu timeoffset = 0.00009
cam0 intrinsics = 465.361,466.696,364.717,250.870 | -0.277,0.070,0.000,-0.000
cam1 intrinsics = 464.210,465.548,377.364,257.698 | -0.277,0.069,0.000,-0.000
cam0 extrinsics = -0.008,0.007,0.702,0.713 | 0.075,-0.074,0.014
cam1 extrinsics = -0.003,0.012,0.702,0.712 | -0.043,-0.074,0.015
q_GtoI = -0.673,-0.471,-0.457,0.341 | p_IinG = 5.057,10.929,3.148 | dist = 81.13 (meters)
bg = 0.0017,0.0215,0.0764 | ba = 0.0123,0.1714,0.1260
camera-imu timeoffset = 0.00008
cam0 intrinsics = 465.361,466.696,364.718,250.876 | -0.277,0.070,0.000,-0.000
cam1 intrinsics = 464.212,465.550,377.363,257.703 | -0.277,0.069,0.000,-0.000
cam0 extrinsics = -0.008,0.007,0.702,0.712 | 0.075,-0.074,0.013
cam1 extrinsics = -0.003,0.012,0.702,0.712 | -0.043,-0.074,0.015
q_GtoI = -0.674,-0.471,-0.456,0.340 | p_IinG = 5.009,10.975,3.128 | dist = 81.20 (meters)
bg = 0.0020,0.0215,0.0766 | ba = 0.0117,0.1708,0.1235
camera-imu timeoffset = 0.00009
cam0 intrinsics = 465.348,466.685,364.711,250.854 | -0.277,0.070,0.000,-0.000
cam1 intrinsics = 464.200,465.539,377.353,257.684 | -0.277,0.069,0.000,-0.000
cam0 extrinsics = -0.008,0.007,0.702,0.712 | 0.075,-0.073,0.013
cam1 extrinsics = -0.003,0.012,0.702,0.712 | -0.043,-0.073,0.015
q_GtoI = -0.676,-0.469,-0.455,0.341 | p_IinG = 4.962,11.018,3.111 | dist = 81.26 (meters)
bg = 0.0020,0.0215,0.0764 | ba = 0.0114,0.1703,0.1236
camera-imu timeoffset = 0.00009
cam0 intrinsics = 465.350,466.683,364.707,250.848 | -0.277,0.070,0.000,-0.000
cam1 intrinsics = 464.203,465.539,377.351,257.678 | -0.277,0.069,0.000,-0.000
cam0 extrinsics = -0.008,0.007,0.702,0.712 | 0.076,-0.073,0.013
cam1 extrinsics = -0.003,0.012,0.702,0.712 | -0.042,-0.073,0.015
q_GtoI = -0.679,-0.467,-0.452,0.342 | p_IinG = 4.916,11.060,3.091 | dist = 81.33 (meters)
bg = 0.0021,0.0215,0.0763 | ba = 0.0117,0.1693,0.1241
camera-imu timeoffset = 0.00009
cam0 intrinsics = 465.351,466.682,364.702,250.843 | -0.277,0.070,0.000,-0.000
cam1 intrinsics = 464.205,465.538,377.345,257.673 | -0.277,0.069,0.000,-0.000
cam0 extrinsics = -0.008,0.007,0.702,0.712 | 0.076,-0.073,0.013
cam1 extrinsics = -0.003,0.012,0.702,0.712 | -0.042,-0.073,0.015
q_GtoI = -0.681,-0.466,-0.450,0.343 | p_IinG = 4.873,11.101,3.068 | dist = 81.39 (meters)
bg = 0.0022,0.0215,0.0762 | ba = 0.0126,0.1679,0.1235
camera-imu timeoffset = 0.00009
cam0 intrinsics = 465.350,466.683,364.701,250.838 | -0.277,0.070,0.000,-0.000
cam1 intrinsics = 464.204,465.540,377.345,257.668 | -0.277,0.069,0.000,-0.000
cam0 extrinsics = -0.008,0.007,0.702,0.712 | 0.076,-0.073,0.013
cam1 extrinsics = -0.003,0.012,0.702,0.712 | -0.042,-0.073,0.015
q_GtoI = -0.681,-0.463,-0.451,0.344 | p_IinG = 4.832,11.141,3.044 | dist = 81.46 (meters)
bg = 0.0021,0.0216,0.0760 | ba = 0.0144,0.1660,0.1221
camera-imu timeoffset = 0.00008
cam0 intrinsics = 465.351,466.686,364.702,250.830 | -0.277,0.070,0.000,-0.000
cam1 intrinsics = 464.206,465.544,377.346,257.658 | -0.277,0.069,0.000,-0.000
cam0 extrinsics = -0.008,0.007,0.702,0.712 | 0.076,-0.073,0.013
cam1 extrinsics = -0.003,0.012,0.702,0.712 | -0.042,-0.073,0.015
q_GtoI = -0.680,-0.463,-0.453,0.344 | p_IinG = 4.792,11.181,3.018 | dist = 81.52 (meters)
bg = 0.0021,0.0217,0.0758 | ba = 0.0163,0.1646,0.1205
camera-imu timeoffset = 0.00008
cam0 intrinsics = 465.352,466.688,364.703,250.816 | -0.277,0.070,0.000,-0.000
cam1 intrinsics = 464.206,465.546,377.346,257.643 | -0.277,0.069,0.000,-0.000
cam0 extrinsics = -0.008,0.007,0.702,0.712 | 0.076,-0.073,0.013
cam1 extrinsics = -0.003,0.012,0.702,0.712 | -0.042,-0.072,0.015
q_GtoI = -0.678,-0.462,-0.456,0.343 | p_IinG = 4.755,11.219,2.987 | dist = 81.58 (meters)
bg = 0.0020,0.0217,0.0759 | ba = 0.0196,0.1611,0.1189
camera-imu timeoffset = 0.00008
cam0 intrinsics = 465.345,466.679,364.718,250.783 | -0.277,0.070,0.000,-0.000
cam1 intrinsics = 464.202,465.541,377.353,257.612 | -0.277,0.069,0.000,-0.000
cam0 extrinsics = -0.008,0.007,0.702,0.712 | 0.076,-0.072,0.013
cam1 extrinsics = -0.003,0.012,0.702,0.712 | -0.042,-0.072,0.014
q_GtoI = -0.677,-0.463,-0.460,0.341 | p_IinG = 4.721,11.258,2.959 | dist = 81.64 (meters)
bg = 0.0017,0.0218,0.0760 | ba = 0.0191,0.1573,0.1174
camera-imu timeoffset = 0.00008
cam0 intrinsics = 465.356,466.673,364.702,250.753 | -0.277,0.070,0.000,-0.000
cam1 intrinsics = 464.214,465.534,377.347,257.578 | -0.277,0.069,0.000,-0.000
cam0 extrinsics = -0.008,0.007,0.702,0.712 | 0.076,-0.072,0.013
cam1 extrinsics = -0.003,0.012,0.702,0.712 | -0.042,-0.072,0.014
q_GtoI = -0.675,-0.463,-0.464,0.340 | p_IinG = 4.683,11.297,2.930 | dist = 81.70 (meters)
bg = 0.0016,0.0220,0.0758 | ba = 0.0201,0.1561,0.1172
camera-imu timeoffset = 0.00008
cam0 intrinsics = 465.350,466.666,364.699,250.740 | -0.277,0.070,0.000,-0.000
cam1 intrinsics = 464.207,465.526,377.344,257.566 | -0.277,0.069,0.000,-0.000
cam0 extrinsics = -0.008,0.007,0.702,0.712 | 0.076,-0.072,0.013
cam1 extrinsics = -0.003,0.012,0.702,0.712 | -0.042,-0.072,0.014
q_GtoI = -0.673,-0.462,-0.468,0.340 | p_IinG = 4.645,11.334,2.896 | dist = 81.76 (meters)
bg = 0.0014,0.0220,0.0760 | ba = 0.0237,0.1527,0.1154
camera-imu timeoffset = 0.00008
cam0 intrinsics = 465.355,466.657,364.676,250.702 | -0.277,0.070,0.000,-0.000
cam1 intrinsics = 464.211,465.514,377.324,257.531 | -0.277,0.069,0.000,-0.000
cam0 extrinsics = -0.008,0.007,0.702,0.712 | 0.076,-0.071,0.013
cam1 extrinsics = -0.003,0.012,0.702,0.712 | -0.042,-0.071,0.014
q_GtoI = -0.670,-0.461,-0.472,0.340 | p_IinG = 4.608,11.370,2.864 | dist = 81.82 (meters)
bg = 0.0014,0.0221,0.0759 | ba = 0.0255,0.1520,0.1152
camera-imu timeoffset = 0.00008
cam0 intrinsics = 465.352,466.656,364.675,250.694 | -0.277,0.070,0.000,-0.000
cam1 intrinsics = 464.208,465.512,377.323,257.524 | -0.277,0.069,0.000,-0.000
cam0 extrinsics = -0.008,0.007,0.702,0.712 | 0.076,-0.071,0.013
cam1 extrinsics = -0.003,0.012,0.702,0.712 | -0.042,-0.071,0.014
q_GtoI = -0.667,-0.461,-0.476,0.340 | p_IinG = 4.571,11.406,2.831 | dist = 81.88 (meters)
bg = 0.0013,0.0221,0.0760 | ba = 0.0270,0.1518,0.1153
camera-imu timeoffset = 0.00008
cam0 intrinsics = 465.351,466.658,364.671,250.685 | -0.278,0.070,0.000,-0.000
cam1 intrinsics = 464.206,465.513,377.319,257.515 | -0.277,0.069,0.000,-0.000
cam0 extrinsics = -0.008,0.007,0.702,0.712 | 0.076,-0.071,0.013
cam1 extrinsics = -0.003,0.012,0.702,0.712 | -0.041,-0.071,0.014
q_GtoI = -0.666,-0.460,-0.477,0.341 | p_IinG = 4.535,11.441,2.797 | dist = 81.94 (meters)
bg = 0.0013,0.0220,0.0761 | ba = 0.0277,0.1509,0.1156
camera-imu timeoffset = 0.00008
cam0 intrinsics = 465.347,466.656,364.669,250.678 | -0.278,0.070,0.000,-0.000
cam1 intrinsics = 464.202,465.510,377.317,257.509 | -0.277,0.069,0.000,-0.000
cam0 extrinsics = -0.008,0.007,0.702,0.712 | 0.077,-0.071,0.013
cam1 extrinsics = -0.003,0.012,0.702,0.712 | -0.041,-0.071,0.014
q_GtoI = -0.667,-0.461,-0.477,0.340 | p_IinG = 4.501,11.473,2.759 | dist = 82.00 (meters)
bg = 0.0013,0.0220,0.0761 | ba = 0.0295,0.1492,0.1169
camera-imu timeoffset = 0.00008
cam0 intrinsics = 465.345,466.657,364.667,250.674 | -0.278,0.070,0.000,-0.000
cam1 intrinsics = 464.199,465.510,377.314,257.506 | -0.277,0.069,0.000,-0.000
cam0 extrinsics = -0.008,0.007,0.702,0.712 | 0.077,-0.071,0.013
cam1 extrinsics = -0.003,0.012,0.702,0.712 | -0.041,-0.071,0.014
q_GtoI = -0.668,-0.461,-0.475,0.339 | p_IinG = 4.465,11.506,2.721 | dist = 82.06 (meters)
bg = 0.0012,0.0219,0.0761 | ba = 0.0299,0.1481,0.1159
camera-imu timeoffset = 0.00008
cam0 intrinsics = 465.333,466.650,364.662,250.663 | -0.278,0.070,0.000,-0.000
cam1 intrinsics = 464.186,465.502,377.307,257.495 | -0.277,0.069,0.000,-0.000
cam0 extrinsics = -0.008,0.007,0.702,0.712 | 0.077,-0.071,0.013
cam1 extrinsics = -0.003,0.012,0.702,0.712 | -0.041,-0.071,0.014
q_GtoI = -0.668,-0.461,-0.475,0.338 | p_IinG = 4.434,11.536,2.681 | dist = 82.12 (meters)
bg = 0.0010,0.0219,0.0760 | ba = 0.0314,0.1459,0.1161
camera-imu timeoffset = 0.00008
cam0 intrinsics = 465.329,466.644,364.664,250.659 | -0.278,0.070,0.000,-0.000
cam1 intrinsics = 464.183,465.496,377.310,257.489 | -0.277,0.069,0.000,-0.000
cam0 extrinsics = -0.008,0.007,0.702,0.712 | 0.077,-0.071,0.013
cam1 extrinsics = -0.003,0.012,0.702,0.712 | -0.041,-0.071,0.014
q_GtoI = -0.668,-0.459,-0.477,0.341 | p_IinG = 4.401,11.564,2.643 | dist = 82.17 (meters)
bg = 0.0009,0.0218,0.0760 | ba = 0.0327,0.1448,0.1169
camera-imu timeoffset = 0.00008
cam0 intrinsics = 465.326,466.642,364.664,250.651 | -0.278,0.070,0.000,-0.000
cam1 intrinsics = 464.180,465.494,377.311,257.483 | -0.277,0.069,0.000,-0.000
cam0 extrinsics = -0.008,0.007,0.702,0.712 | 0.077,-0.071,0.013
cam1 extrinsics = -0.003,0.012,0.702,0.712 | -0.041,-0.071,0.014
q_GtoI = -0.666,-0.457,-0.479,0.344 | p_IinG = 4.365,11.592,2.607 | dist = 82.23 (meters)
bg = 0.0010,0.0217,0.0763 | ba = 0.0339,0.1459,0.1188
camera-imu timeoffset = 0.00008
cam0 intrinsics = 465.319,466.643,364.664,250.645 | -0.278,0.070,0.000,-0.000
cam1 intrinsics = 464.172,465.495,377.310,257.476 | -0.277,0.069,0.000,-0.000
cam0 extrinsics = -0.008,0.007,0.702,0.712 | 0.077,-0.071,0.013
cam1 extrinsics = -0.003,0.012,0.702,0.712 | -0.041,-0.071,0.014
q_GtoI = -0.665,-0.456,-0.480,0.345 | p_IinG = 4.331,11.615,2.568 | dist = 82.29 (meters)
bg = 0.0010,0.0216,0.0766 | ba = 0.0376,0.1446,0.1201
camera-imu timeoffset = 0.00008
cam0 intrinsics = 465.314,466.654,364.660,250.635 | -0.278,0.070,0.000,-0.000
cam1 intrinsics = 464.166,465.504,377.308,257.468 | -0.277,0.069,0.000,-0.000
cam0 extrinsics = -0.008,0.007,0.702,0.712 | 0.077,-0.071,0.013
cam1 extrinsics = -0.003,0.012,0.702,0.712 | -0.041,-0.071,0.014
q_GtoI = -0.666,-0.457,-0.479,0.344 | p_IinG = 4.298,11.638,2.532 | dist = 82.34 (meters)
bg = 0.0010,0.0214,0.0765 | ba = 0.0382,0.1426,0.1206
camera-imu timeoffset = 0.00008
cam0 intrinsics = 465.304,466.648,364.660,250.633 | -0.278,0.070,0.000,-0.000
cam1 intrinsics = 464.157,465.499,377.310,257.468 | -0.277,0.069,0.000,-0.000
cam0 extrinsics = -0.008,0.007,0.702,0.712 | 0.077,-0.071,0.013
cam1 extrinsics = -0.003,0.012,0.702,0.712 | -0.041,-0.070,0.014
q_GtoI = -0.667,-0.458,-0.477,0.343 | p_IinG = 4.265,11.659,2.498 | dist = 82.39 (meters)
bg = 0.0008,0.0212,0.0766 | ba = 0.0378,0.1409,0.1204
camera-imu timeoffset = 0.00008
cam0 intrinsics = 465.296,466.645,364.658,250.630 | -0.278,0.070,0.000,-0.000
cam1 intrinsics = 464.150,465.497,377.309,257.465 | -0.277,0.069,0.000,-0.000
cam0 extrinsics = -0.008,0.007,0.702,0.712 | 0.077,-0.071,0.013
cam1 extrinsics = -0.003,0.012,0.702,0.712 | -0.041,-0.070,0.015
q_GtoI = -0.669,-0.458,-0.474,0.343 | p_IinG = 4.225,11.682,2.465 | dist = 82.44 (meters)
bg = 0.0009,0.0211,0.0767 | ba = 0.0384,0.1406,0.1203
camera-imu timeoffset = 0.00008
cam0 intrinsics = 465.288,466.641,364.651,250.629 | -0.278,0.070,0.000,-0.000
cam1 intrinsics = 464.134,465.484,377.303,257.469 | -0.277,0.069,0.000,-0.000
cam0 extrinsics = -0.008,0.007,0.702,0.712 | 0.077,-0.071,0.013
cam1 extrinsics = -0.003,0.012,0.702,0.712 | -0.041,-0.070,0.014
q_GtoI = -0.671,-0.459,-0.472,0.341 | p_IinG = 4.192,11.702,2.435 | dist = 82.49 (meters)
bg = 0.0009,0.0209,0.0768 | ba = 0.0383,0.1399,0.1198
camera-imu timeoffset = 0.00008
cam0 intrinsics = 465.277,466.637,364.648,250.630 | -0.278,0.070,0.000,-0.000
cam1 intrinsics = 464.122,465.481,377.302,257.471 | -0.277,0.069,0.000,-0.000
cam0 extrinsics = -0.008,0.007,0.702,0.712 | 0.077,-0.071,0.013
cam1 extrinsics = -0.003,0.012,0.702,0.712 | -0.041,-0.070,0.014
q_GtoI = -0.673,-0.459,-0.468,0.341 | p_IinG = 4.159,11.722,2.409 | dist = 82.53 (meters)
bg = 0.0008,0.0210,0.0765 | ba = 0.0351,0.1386,0.1182
camera-imu timeoffset = 0.00008
cam0 intrinsics = 465.273,466.636,364.638,250.626 | -0.278,0.070,0.000,-0.000
cam1 intrinsics = 464.119,465.480,377.294,257.470 | -0.277,0.069,0.000,-0.000
cam0 extrinsics = -0.008,0.007,0.702,0.712 | 0.077,-0.071,0.013
cam1 extrinsics = -0.003,0.012,0.702,0.712 | -0.041,-0.070,0.015
q_GtoI = -0.675,-0.459,-0.466,0.341 | p_IinG = 4.127,11.741,2.384 | dist = 82.58 (meters)
bg = 0.0009,0.0210,0.0764 | ba = 0.0330,0.1381,0.1175
camera-imu timeoffset = 0.00008
cam0 intrinsics = 465.265,466.636,364.635,250.629 | -0.278,0.070,0.000,-0.000
cam1 intrinsics = 464.111,465.479,377.292,257.473 | -0.277,0.069,0.000,-0.000
cam0 extrinsics = -0.008,0.007,0.702,0.712 | 0.077,-0.071,0.013
cam1 extrinsics = -0.003,0.012,0.702,0.712 | -0.041,-0.070,0.015
q_GtoI = -0.676,-0.460,-0.464,0.341 | p_IinG = 4.097,11.758,2.362 | dist = 82.62 (meters)
bg = 0.0008,0.0211,0.0762 | ba = 0.0303,0.1379,0.1174
camera-imu timeoffset = 0.00008
cam0 intrinsics = 465.260,466.638,364.633,250.632 | -0.278,0.070,0.000,-0.000
cam1 intrinsics = 464.106,465.482,377.290,257.476 | -0.277,0.069,0.000,-0.000
cam0 extrinsics = -0.008,0.007,0.702,0.712 | 0.077,-0.071,0.013
cam1 extrinsics = -0.003,0.012,0.702,0.712 | -0.041,-0.070,0.015
q_GtoI = -0.677,-0.460,-0.464,0.340 | p_IinG = 4.068,11.773,2.342 | dist = 82.66 (meters)
bg = 0.0007,0.0210,0.0761 | ba = 0.0270,0.1378,0.1173
camera-imu timeoffset = 0.00008
cam0 intrinsics = 465.252,466.642,364.634,250.633 | -0.278,0.070,0.000,-0.000
cam1 intrinsics = 464.097,465.485,377.292,257.475 | -0.277,0.069,0.000,-0.000
cam0 extrinsics = -0.008,0.007,0.702,0.712 | 0.077,-0.071,0.013
cam1 extrinsics = -0.003,0.012,0.702,0.712 | -0.041,-0.070,0.015
q_GtoI = -0.677,-0.458,-0.464,0.343 | p_IinG = 4.039,11.787,2.324 | dist = 82.70 (meters)
bg = 0.0008,0.0210,0.0761 | ba = 0.0241,0.1381,0.1176
camera-imu timeoffset = 0.00008
cam0 intrinsics = 465.251,466.649,364.632,250.634 | -0.278,0.070,0.000,-0.000
cam1 intrinsics = 464.096,465.492,377.291,257.476 | -0.277,0.069,0.000,-0.000
cam0 extrinsics = -0.008,0.007,0.702,0.712 | 0.077,-0.070,0.013
cam1 extrinsics = -0.003,0.012,0.702,0.712 | -0.041,-0.070,0.015
q_GtoI = -0.677,-0.455,-0.463,0.347 | p_IinG = 4.009,11.801,2.304 | dist = 82.73 (meters)
bg = 0.0008,0.0211,0.0761 | ba = 0.0224,0.1377,0.1180
camera-imu timeoffset = 0.00008
cam0 intrinsics = 465.245,466.649,364.627,250.635 | -0.278,0.070,0.000,-0.000
cam1 intrinsics = 464.090,465.492,377.290,257.478 | -0.277,0.069,0.000,-0.000
cam0 extrinsics = -0.008,0.007,0.702,0.712 | 0.077,-0.070,0.013
cam1 extrinsics = -0.003,0.012,0.702,0.712 | -0.041,-0.070,0.015
q_GtoI = -0.677,-0.452,-0.463,0.350 | p_IinG = 3.982,11.814,2.282 | dist = 82.77 (meters)
bg = 0.0008,0.0210,0.0762 | ba = 0.0218,0.1369,0.1181
camera-imu timeoffset = 0.00008
cam0 intrinsics = 465.235,466.640,364.624,250.634 | -0.278,0.070,0.000,-0.000
cam1 intrinsics = 464.079,465.482,377.289,257.479 | -0.277,0.069,0.000,-0.000
cam0 extrinsics = -0.008,0.007,0.702,0.712 | 0.077,-0.070,0.013
cam1 extrinsics = -0.003,0.012,0.702,0.712 | -0.041,-0.070,0.015
q_GtoI = -0.678,-0.452,-0.463,0.351 | p_IinG = 3.955,11.825,2.259 | dist = 82.81 (meters)
bg = 0.0008,0.0210,0.0762 | ba = 0.0197,0.1363,0.1188
camera-imu timeoffset = 0.00008
cam0 intrinsics = 465.230,466.636,364.621,250.634 | -0.278,0.070,0.000,-0.000
cam1 intrinsics = 464.073,465.478,377.286,257.479 | -0.277,0.069,0.000,-0.000
cam0 extrinsics = -0.008,0.007,0.702,0.712 | 0.077,-0.070,0.013
cam1 extrinsics = -0.003,0.012,0.702,0.712 | -0.041,-0.070,0.015
q_GtoI = -0.677,-0.453,-0.463,0.349 | p_IinG = 3.930,11.836,2.235 | dist = 82.84 (meters)
bg = 0.0008,0.0209,0.0762 | ba = 0.0175,0.1363,0.1194
camera-imu timeoffset = 0.00008
cam0 intrinsics = 465.221,466.631,364.620,250.633 | -0.278,0.070,0.000,-0.000
cam1 intrinsics = 464.064,465.473,377.285,257.478 | -0.277,0.069,0.000,-0.000
cam0 extrinsics = -0.008,0.007,0.702,0.712 | 0.077,-0.070,0.013
cam1 extrinsics = -0.003,0.012,0.702,0.712 | -0.041,-0.070,0.015
q_GtoI = -0.677,-0.453,-0.464,0.348 | p_IinG = 3.907,11.844,2.209 | dist = 82.88 (meters)
bg = 0.0007,0.0208,0.0763 | ba = 0.0150,0.1359,0.1209
camera-imu timeoffset = 0.00008
cam0 intrinsics = 465.209,466.625,364.622,250.636 | -0.278,0.070,0.000,-0.000
cam1 intrinsics = 464.052,465.468,377.289,257.480 | -0.277,0.069,0.000,-0.000
cam0 extrinsics = -0.008,0.007,0.702,0.712 | 0.077,-0.070,0.013
cam1 extrinsics = -0.003,0.012,0.702,0.712 | -0.041,-0.070,0.015
q_GtoI = -0.677,-0.455,-0.464,0.345 | p_IinG = 3.880,11.853,2.182 | dist = 82.92 (meters)
bg = 0.0006,0.0209,0.0764 | ba = 0.0129,0.1358,0.1208
camera-imu timeoffset = 0.00008
cam0 intrinsics = 465.194,466.619,364.613,250.634 | -0.278,0.070,0.000,-0.000
cam1 intrinsics = 464.037,465.464,377.293,257.479 | -0.277,0.069,0.000,-0.000
cam0 extrinsics = -0.008,0.007,0.702,0.712 | 0.077,-0.070,0.013
cam1 extrinsics = -0.003,0.012,0.702,0.712 | -0.041,-0.070,0.015
q_GtoI = -0.677,-0.456,-0.464,0.344 | p_IinG = 3.857,11.862,2.153 | dist = 82.95 (meters)
bg = 0.0007,0.0208,0.0764 | ba = 0.0112,0.1362,0.1214
camera-imu timeoffset = 0.00008
cam0 intrinsics = 465.185,466.617,364.619,250.642 | -0.277,0.070,0.000,-0.000
cam1 intrinsics = 464.029,465.463,377.298,257.486 | -0.277,0.069,0.000,-0.000
cam0 extrinsics = -0.008,0.007,0.702,0.712 | 0.077,-0.070,0.013
cam1 extrinsics = -0.003,0.012,0.702,0.712 | -0.041,-0.070,0.015
q_GtoI = -0.677,-0.457,-0.465,0.342 | p_IinG = 3.835,11.869,2.122 | dist = 82.99 (meters)
bg = 0.0006,0.0207,0.0764 | ba = 0.0099,0.1360,0.1215
camera-imu timeoffset = 0.00008
cam0 intrinsics = 465.175,466.611,364.619,250.642 | -0.277,0.070,0.000,-0.000
cam1 intrinsics = 464.019,465.457,377.299,257.487 | -0.277,0.069,0.000,-0.000
cam0 extrinsics = -0.008,0.007,0.702,0.712 | 0.077,-0.070,0.013
cam1 extrinsics = -0.003,0.012,0.702,0.712 | -0.041,-0.070,0.015
q_GtoI = -0.677,-0.457,-0.465,0.342 | p_IinG = 3.819,11.876,2.090 | dist = 83.03 (meters)
bg = 0.0004,0.0207,0.0766 | ba = 0.0088,0.1339,0.1222
camera-imu timeoffset = 0.00008
cam0 intrinsics = 465.159,466.605,364.620,250.654 | -0.277,0.070,0.000,-0.000
cam1 intrinsics = 464.004,465.452,377.305,257.493 | -0.277,0.069,0.000,-0.000
cam0 extrinsics = -0.008,0.007,0.702,0.712 | 0.077,-0.070,0.013
cam1 extrinsics = -0.003,0.012,0.702,0.712 | -0.041,-0.070,0.014
q_GtoI = -0.676,-0.458,-0.466,0.340 | p_IinG = 3.800,11.883,2.056 | dist = 83.07 (meters)
bg = 0.0004,0.0207,0.0764 | ba = 0.0086,0.1335,0.1215
camera-imu timeoffset = 0.00008
cam0 intrinsics = 465.153,466.603,364.621,250.655 | -0.277,0.070,0.000,-0.000
cam1 intrinsics = 463.998,465.451,377.307,257.494 | -0.277,0.069,0.000,-0.000
cam0 extrinsics = -0.008,0.007,0.702,0.712 | 0.077,-0.070,0.013
cam1 extrinsics = -0.003,0.012,0.702,0.712 | -0.041,-0.070,0.014
q_GtoI = -0.676,-0.459,-0.467,0.339 | p_IinG = 3.782,11.889,2.020 | dist = 83.11 (meters)
bg = 0.0002,0.0207,0.0764 | ba = 0.0100,0.1310,0.1209
camera-imu timeoffset = 0.00008
cam0 intrinsics = 465.147,466.603,364.620,250.659 | -0.277,0.070,0.000,-0.000
cam1 intrinsics = 463.993,465.451,377.306,257.499 | -0.277,0.069,0.000,-0.000
cam0 extrinsics = -0.008,0.007,0.702,0.712 | 0.077,-0.070,0.013
cam1 extrinsics = -0.003,0.012,0.702,0.712 | -0.041,-0.070,0.014
q_GtoI = -0.676,-0.459,-0.466,0.339 | p_IinG = 3.765,11.894,1.987 | dist = 83.15 (meters)
bg = 0.0002,0.0207,0.0764 | ba = 0.0096,0.1304,0.1212
camera-imu timeoffset = 0.00008
cam0 intrinsics = 465.141,466.601,364.622,250.658 | -0.277,0.070,0.000,-0.000
cam1 intrinsics = 463.988,465.448,377.308,257.498 | -0.277,0.069,0.000,-0.000
cam0 extrinsics = -0.008,0.007,0.702,0.712 | 0.077,-0.070,0.013
cam1 extrinsics = -0.003,0.012,0.702,0.712 | -0.041,-0.070,0.014
q_GtoI = -0.677,-0.458,-0.465,0.340 | p_IinG = 3.748,11.899,1.956 | dist = 83.18 (meters)
bg = 0.0001,0.0206,0.0764 | ba = 0.0091,0.1292,0.1222
camera-imu timeoffset = 0.00008
cam0 intrinsics = 465.137,466.598,364.625,250.657 | -0.277,0.070,0.000,-0.000
cam1 intrinsics = 463.983,465.445,377.313,257.498 | -0.277,0.069,0.000,-0.000
cam0 extrinsics = -0.008,0.007,0.702,0.712 | 0.077,-0.070,0.013
cam1 extrinsics = -0.003,0.012,0.702,0.712 | -0.041,-0.070,0.014
q_GtoI = -0.676,-0.459,-0.466,0.339 | p_IinG = 3.732,11.903,1.928 | dist = 83.22 (meters)
bg = 0.0001,0.0207,0.0764 | ba = 0.0085,0.1287,0.1238
camera-imu timeoffset = 0.00008
cam0 intrinsics = 465.134,466.597,364.623,250.660 | -0.277,0.070,0.000,-0.000
cam1 intrinsics = 463.983,465.446,377.314,257.499 | -0.277,0.069,0.000,-0.000
cam0 extrinsics = -0.008,0.007,0.702,0.712 | 0.077,-0.071,0.013
cam1 extrinsics = -0.003,0.012,0.702,0.712 | -0.041,-0.070,0.014
q_GtoI = -0.677,-0.458,-0.466,0.340 | p_IinG = 3.716,11.907,1.902 | dist = 83.25 (meters)
bg = 0.0000,0.0209,0.0763 | ba = 0.0073,0.1278,0.1248
camera-imu timeoffset = 0.00008
cam0 intrinsics = 465.134,466.599,364.616,250.656 | -0.277,0.070,0.000,-0.000
cam1 intrinsics = 463.984,465.449,377.315,257.498 | -0.277,0.069,0.000,-0.000
cam0 extrinsics = -0.008,0.007,0.702,0.712 | 0.077,-0.071,0.013
cam1 extrinsics = -0.003,0.012,0.702,0.712 | -0.041,-0.070,0.014
q_GtoI = -0.676,-0.458,-0.466,0.340 | p_IinG = 3.702,11.909,1.877 | dist = 83.28 (meters)
bg = -0.0001,0.0209,0.0764 | ba = 0.0077,0.1273,0.1252
camera-imu timeoffset = 0.00008
cam0 intrinsics = 465.132,466.598,364.615,250.656 | -0.277,0.070,0.000,-0.000
cam1 intrinsics = 463.983,465.448,377.315,257.497 | -0.277,0.069,0.000,-0.000
cam0 extrinsics = -0.008,0.007,0.702,0.712 | 0.077,-0.071,0.013
cam1 extrinsics = -0.003,0.012,0.702,0.712 | -0.041,-0.070,0.014
q_GtoI = -0.676,-0.457,-0.467,0.342 | p_IinG = 3.689,11.912,1.854 | dist = 83.30 (meters)
bg = -0.0002,0.0209,0.0764 | ba = 0.0075,0.1264,0.1257
camera-imu timeoffset = 0.00008
cam0 intrinsics = 465.130,466.597,364.616,250.658 | -0.277,0.070,0.000,-0.000
cam1 intrinsics = 463.981,465.449,377.317,257.499 | -0.277,0.069,0.000,-0.000
cam0 extrinsics = -0.008,0.007,0.702,0.712 | 0.077,-0.071,0.013
cam1 extrinsics = -0.003,0.012,0.702,0.712 | -0.041,-0.070,0.014
q_GtoI = -0.674,-0.455,-0.469,0.344 | p_IinG = 3.676,11.912,1.833 | dist = 83.33 (meters)
bg = -0.0002,0.0209,0.0764 | ba = 0.0081,0.1262,0.1273
camera-imu timeoffset = 0.00008
cam0 intrinsics = 465.127,466.596,364.617,250.662 | -0.277,0.070,0.000,-0.000
cam1 intrinsics = 463.980,465.449,377.319,257.502 | -0.277,0.069,0.000,-0.000
cam0 extrinsics = -0.008,0.007,0.702,0.712 | 0.077,-0.071,0.013
cam1 extrinsics = -0.003,0.012,0.702,0.712 | -0.041,-0.070,0.014
q_GtoI = -0.673,-0.454,-0.471,0.345 | p_IinG = 3.663,11.911,1.813 | dist = 83.35 (meters)
bg = -0.0002,0.0209,0.0765 | ba = 0.0081,0.1256,0.1285
camera-imu timeoffset = 0.00008
cam0 intrinsics = 465.126,466.596,364.616,250.664 | -0.277,0.070,0.000,-0.000
cam1 intrinsics = 463.979,465.449,377.321,257.505 | -0.277,0.069,0.000,-0.000
cam0 extrinsics = -0.008,0.007,0.702,0.712 | 0.077,-0.070,0.013
cam1 extrinsics = -0.003,0.012,0.702,0.712 | -0.041,-0.070,0.014
q_GtoI = -0.671,-0.454,-0.474,0.345 | p_IinG = 3.652,11.909,1.793 | dist = 83.37 (meters)
bg = -0.0003,0.0208,0.0765 | ba = 0.0088,0.1246,0.1297
camera-imu timeoffset = 0.00008
cam0 intrinsics = 465.123,466.595,364.617,250.669 | -0.277,0.070,0.000,-0.000
cam1 intrinsics = 463.977,465.449,377.323,257.509 | -0.277,0.069,0.000,-0.000
cam0 extrinsics = -0.008,0.007,0.702,0.712 | 0.077,-0.070,0.013
cam1 extrinsics = -0.003,0.012,0.702,0.712 | -0.041,-0.070,0.014
q_GtoI = -0.670,-0.453,-0.475,0.347 | p_IinG = 3.643,11.905,1.770 | dist = 83.40 (meters)
bg = -0.0004,0.0207,0.0765 | ba = 0.0099,0.1234,0.1319
camera-imu timeoffset = 0.00008
cam0 intrinsics = 465.125,466.605,364.616,250.676 | -0.277,0.070,0.000,-0.000
cam1 intrinsics = 463.976,465.458,377.328,257.515 | -0.277,0.069,0.000,-0.000
cam0 extrinsics = -0.008,0.007,0.702,0.712 | 0.077,-0.070,0.013
cam1 extrinsics = -0.003,0.012,0.702,0.712 | -0.041,-0.070,0.014
q_GtoI = -0.670,-0.452,-0.476,0.348 | p_IinG = 3.631,11.898,1.745 | dist = 83.42 (meters)
bg = -0.0005,0.0206,0.0765 | ba = 0.0125,0.1226,0.1339
camera-imu timeoffset = 0.00008
cam0 intrinsics = 465.121,466.606,364.618,250.676 | -0.277,0.070,0.000,-0.000
cam1 intrinsics = 463.974,465.460,377.334,257.514 | -0.277,0.069,0.000,-0.000
cam0 extrinsics = -0.008,0.007,0.702,0.712 | 0.077,-0.070,0.013
cam1 extrinsics = -0.003,0.012,0.702,0.712 | -0.041,-0.070,0.015
q_GtoI = -0.669,-0.452,-0.477,0.348 | p_IinG = 3.620,11.894,1.719 | dist = 83.45 (meters)
bg = -0.0006,0.0206,0.0765 | ba = 0.0131,0.1220,0.1337
camera-imu timeoffset = 0.00008
cam0 intrinsics = 465.122,466.609,364.615,250.673 | -0.277,0.070,0.000,-0.000
cam1 intrinsics = 463.975,465.463,377.332,257.514 | -0.277,0.069,0.000,-0.000
cam0 extrinsics = -0.008,0.007,0.702,0.712 | 0.077,-0.070,0.013
cam1 extrinsics = -0.003,0.012,0.702,0.712 | -0.041,-0.070,0.015
q_GtoI = -0.669,-0.451,-0.476,0.349 | p_IinG = 3.609,11.888,1.692 | dist = 83.48 (meters)
bg = -0.0007,0.0206,0.0765 | ba = 0.0137,0.1222,0.1341
camera-imu timeoffset = 0.00008
cam0 intrinsics = 465.122,466.613,364.612,250.673 | -0.277,0.070,0.000,-0.000
cam1 intrinsics = 463.976,465.466,377.330,257.512 | -0.277,0.069,0.000,-0.000
cam0 extrinsics = -0.008,0.007,0.702,0.712 | 0.077,-0.070,0.013
cam1 extrinsics = -0.003,0.012,0.702,0.712 | -0.041,-0.070,0.015
q_GtoI = -0.669,-0.451,-0.477,0.350 | p_IinG = 3.600,11.880,1.664 | dist = 83.51 (meters)
bg = -0.0008,0.0206,0.0766 | ba = 0.0140,0.1224,0.1344
camera-imu timeoffset = 0.00008
cam0 intrinsics = 465.121,466.615,364.610,250.672 | -0.277,0.070,0.000,-0.000
cam1 intrinsics = 463.975,465.469,377.329,257.512 | -0.277,0.069,0.000,-0.000
cam0 extrinsics = -0.008,0.007,0.702,0.712 | 0.077,-0.070,0.013
cam1 extrinsics = -0.003,0.012,0.702,0.712 | -0.041,-0.070,0.015
q_GtoI = -0.668,-0.451,-0.479,0.349 | p_IinG = 3.591,11.870,1.635 | dist = 83.54 (meters)
bg = -0.0010,0.0206,0.0767 | ba = 0.0143,0.1227,0.1356
camera-imu timeoffset = 0.00008
cam0 intrinsics = 465.119,466.618,364.610,250.673 | -0.277,0.070,0.000,-0.000
cam1 intrinsics = 463.973,465.472,377.329,257.512 | -0.277,0.069,0.000,-0.000
cam0 extrinsics = -0.008,0.007,0.702,0.712 | 0.077,-0.070,0.013
cam1 extrinsics = -0.003,0.012,0.702,0.712 | -0.041,-0.070,0.015
q_GtoI = -0.666,-0.451,-0.482,0.349 | p_IinG = 3.583,11.855,1.605 | dist = 83.57 (meters)
bg = -0.0011,0.0206,0.0768 | ba = 0.0156,0.1220,0.1399
camera-imu timeoffset = 0.00008
cam0 intrinsics = 465.117,466.626,364.608,250.672 | -0.277,0.070,0.000,-0.000
cam1 intrinsics = 463.973,465.482,377.329,257.508 | -0.277,0.069,0.000,-0.000
cam0 extrinsics = -0.008,0.007,0.702,0.712 | 0.077,-0.070,0.013
cam1 extrinsics = -0.003,0.012,0.702,0.712 | -0.041,-0.070,0.015
q_GtoI = -0.662,-0.449,-0.486,0.352 | p_IinG = 3.574,11.842,1.575 | dist = 83.60 (meters)
bg = -0.0011,0.0207,0.0769 | ba = 0.0162,0.1222,0.1400
camera-imu timeoffset = 0.00008
cam0 intrinsics = 465.116,466.629,364.606,250.670 | -0.277,0.070,0.000,-0.000
cam1 intrinsics = 463.972,465.485,377.327,257.506 | -0.277,0.069,0.000,-0.000
cam0 extrinsics = -0.008,0.007,0.702,0.712 | 0.077,-0.070,0.013
cam1 extrinsics = -0.003,0.012,0.702,0.712 | -0.041,-0.070,0.015
q_GtoI = -0.659,-0.446,-0.491,0.355 | p_IinG = 3.563,11.827,1.544 | dist = 83.64 (meters)
bg = -0.0012,0.0208,0.0769 | ba = 0.0170,0.1228,0.1404
camera-imu timeoffset = 0.00008
cam0 intrinsics = 465.113,466.629,364.601,250.667 | -0.277,0.070,0.000,-0.000
cam1 intrinsics = 463.972,465.487,377.322,257.503 | -0.277,0.069,0.000,-0.000
cam0 extrinsics = -0.008,0.007,0.702,0.712 | 0.077,-0.070,0.013
cam1 extrinsics = -0.003,0.012,0.702,0.712 | -0.041,-0.070,0.015
q_GtoI = -0.658,-0.445,-0.492,0.357 | p_IinG = 3.554,11.809,1.513 | dist = 83.68 (meters)
bg = -0.0012,0.0208,0.0770 | ba = 0.0175,0.1231,0.1413
camera-imu timeoffset = 0.00008
cam0 intrinsics = 465.115,466.638,364.597,250.664 | -0.277,0.070,0.000,-0.000
cam1 intrinsics = 463.973,465.496,377.318,257.500 | -0.277,0.069,0.000,-0.000
cam0 extrinsics = -0.008,0.007,0.702,0.712 | 0.077,-0.070,0.013
cam1 extrinsics = -0.003,0.012,0.702,0.712 | -0.041,-0.070,0.015
q_GtoI = -0.659,-0.447,-0.489,0.355 | p_IinG = 3.545,11.790,1.485 | dist = 83.71 (meters)
bg = -0.0014,0.0208,0.0771 | ba = 0.0166,0.1233,0.1409
camera-imu timeoffset = 0.00007
cam0 intrinsics = 465.116,466.646,364.597,250.660 | -0.277,0.070,0.000,-0.000
cam1 intrinsics = 463.975,465.503,377.319,257.495 | -0.277,0.069,0.000,-0.000
cam0 extrinsics = -0.008,0.007,0.702,0.712 | 0.077,-0.070,0.013
cam1 extrinsics = -0.003,0.012,0.702,0.712 | -0.041,-0.070,0.015
q_GtoI = -0.663,-0.449,-0.484,0.354 | p_IinG = 3.535,11.768,1.457 | dist = 83.75 (meters)
bg = -0.0015,0.0207,0.0771 | ba = 0.0158,0.1239,0.1406
camera-imu timeoffset = 0.00007
cam0 intrinsics = 465.114,466.647,364.595,250.659 | -0.277,0.070,0.000,-0.000
cam1 intrinsics = 463.973,465.504,377.317,257.494 | -0.277,0.069,0.000,-0.000
cam0 extrinsics = -0.008,0.007,0.702,0.712 | 0.077,-0.070,0.013
cam1 extrinsics = -0.003,0.012,0.702,0.712 | -0.041,-0.070,0.015
q_GtoI = -0.666,-0.451,-0.479,0.352 | p_IinG = 3.527,11.745,1.430 | dist = 83.79 (meters)
bg = -0.0015,0.0205,0.0771 | ba = 0.0154,0.1246,0.1401
camera-imu timeoffset = 0.00007
cam0 intrinsics = 465.111,466.646,364.590,250.657 | -0.277,0.070,0.000,-0.000
cam1 intrinsics = 463.967,465.503,377.323,257.496 | -0.277,0.069,0.000,-0.000
cam0 extrinsics = -0.008,0.007,0.702,0.712 | 0.077,-0.070,0.013
cam1 extrinsics = -0.003,0.012,0.702,0.712 | -0.041,-0.070,0.015
q_GtoI = -0.668,-0.453,-0.475,0.350 | p_IinG = 3.518,11.720,1.408 | dist = 83.82 (meters)
bg = -0.0016,0.0205,0.0771 | ba = 0.0144,0.1257,0.1404
camera-imu timeoffset = 0.00008
cam0 intrinsics = 465.108,466.642,364.592,250.659 | -0.277,0.070,0.000,-0.000
cam1 intrinsics = 463.966,465.501,377.323,257.495 | -0.277,0.069,0.000,-0.000
cam0 extrinsics = -0.008,0.007,0.702,0.712 | 0.077,-0.070,0.013
cam1 extrinsics = -0.003,0.012,0.702,0.712 | -0.041,-0.070,0.015
q_GtoI = -0.669,-0.453,-0.474,0.350 | p_IinG = 3.506,11.698,1.384 | dist = 83.85 (meters)
bg = -0.0014,0.0204,0.0770 | ba = 0.0158,0.1285,0.1389
camera-imu timeoffset = 0.00008
cam0 intrinsics = 465.109,466.640,364.585,250.657 | -0.277,0.070,0.000,-0.000
cam1 intrinsics = 463.968,465.500,377.316,257.495 | -0.277,0.069,0.000,-0.000
cam0 extrinsics = -0.008,0.007,0.702,0.712 | 0.077,-0.070,0.013
cam1 extrinsics = -0.003,0.012,0.702,0.712 | -0.041,-0.070,0.015
q_GtoI = -0.669,-0.453,-0.474,0.351 | p_IinG = 3.498,11.672,1.363 | dist = 83.89 (meters)
bg = -0.0015,0.0205,0.0770 | ba = 0.0167,0.1293,0.1389
camera-imu timeoffset = 0.00007
cam0 intrinsics = 465.110,466.642,364.584,250.659 | -0.277,0.070,0.000,-0.000
cam1 intrinsics = 463.970,465.502,377.314,257.494 | -0.277,0.069,0.000,-0.000
cam0 extrinsics = -0.008,0.007,0.702,0.712 | 0.077,-0.070,0.013
cam1 extrinsics = -0.003,0.012,0.702,0.712 | -0.041,-0.070,0.015
q_GtoI = -0.668,-0.451,-0.475,0.353 | p_IinG = 3.490,11.644,1.342 | dist = 83.92 (meters)
bg = -0.0015,0.0205,0.0769 | ba = 0.0167,0.1297,0.1393
camera-imu timeoffset = 0.00007
cam0 intrinsics = 465.111,466.643,364.583,250.660 | -0.277,0.070,0.000,-0.000
cam1 intrinsics = 463.971,465.503,377.312,257.495 | -0.277,0.069,0.000,-0.000
cam0 extrinsics = -0.008,0.007,0.702,0.712 | 0.077,-0.070,0.013
cam1 extrinsics = -0.003,0.012,0.702,0.712 | -0.041,-0.070,0.015
q_GtoI = -0.666,-0.451,-0.477,0.354 | p_IinG = 3.483,11.616,1.321 | dist = 83.96 (meters)
bg = -0.0016,0.0206,0.0770 | ba = 0.0168,0.1300,0.1394
camera-imu timeoffset = 0.00008
cam0 intrinsics = 465.109,466.639,364.582,250.661 | -0.277,0.070,0.000,-0.000
cam1 intrinsics = 463.970,465.500,377.312,257.495 | -0.277,0.069,0.000,-0.000
cam0 extrinsics = -0.008,0.007,0.702,0.712 | 0.077,-0.070,0.013
cam1 extrinsics = -0.003,0.012,0.702,0.712 | -0.041,-0.070,0.015
q_GtoI = -0.665,-0.450,-0.477,0.355 | p_IinG = 3.478,11.583,1.299 | dist = 84.00 (meters)
bg = -0.0016,0.0207,0.0771 | ba = 0.0162,0.1287,0.1430
camera-imu timeoffset = 0.00008
cam0 intrinsics = 465.110,466.643,364.584,250.661 | -0.277,0.070,0.000,-0.000
cam1 intrinsics = 463.970,465.502,377.313,257.495 | -0.277,0.069,0.000,-0.000
cam0 extrinsics = -0.008,0.007,0.702,0.712 | 0.077,-0.070,0.013
cam1 extrinsics = -0.003,0.012,0.702,0.712 | -0.041,-0.070,0.015
q_GtoI = -0.665,-0.451,-0.477,0.355 | p_IinG = 3.471,11.551,1.274 | dist = 84.04 (meters)
bg = -0.0016,0.0206,0.0771 | ba = 0.0163,0.1290,0.1440
camera-imu timeoffset = 0.00008
cam0 intrinsics = 465.110,466.643,364.584,250.663 | -0.277,0.070,0.000,-0.000
cam1 intrinsics = 463.970,465.503,377.313,257.498 | -0.277,0.069,0.000,-0.000
cam0 extrinsics = -0.008,0.007,0.702,0.712 | 0.077,-0.070,0.013
cam1 extrinsics = -0.003,0.012,0.702,0.712 | -0.041,-0.070,0.015
q_GtoI = -0.665,-0.451,-0.478,0.355 | p_IinG = 3.462,11.516,1.248 | dist = 84.08 (meters)
bg = -0.0015,0.0207,0.0770 | ba = 0.0168,0.1302,0.1456
camera-imu timeoffset = 0.00007
cam0 intrinsics = 465.110,466.645,364.582,250.665 | -0.277,0.070,0.000,-0.000
cam1 intrinsics = 463.973,465.506,377.312,257.500 | -0.277,0.069,0.000,-0.000
cam0 extrinsics = -0.008,0.007,0.702,0.712 | 0.077,-0.070,0.013
cam1 extrinsics = -0.003,0.012,0.702,0.712 | -0.041,-0.070,0.015
q_GtoI = -0.665,-0.452,-0.477,0.355 | p_IinG = 3.455,11.481,1.224 | dist = 84.12 (meters)
bg = -0.0015,0.0206,0.0771 | ba = 0.0165,0.1305,0.1467
camera-imu timeoffset = 0.00007
cam0 intrinsics = 465.110,466.645,364.582,250.668 | -0.277,0.070,0.000,-0.000
cam1 intrinsics = 463.973,465.506,377.312,257.502 | -0.277,0.069,0.000,-0.000
cam0 extrinsics = -0.008,0.007,0.702,0.712 | 0.077,-0.070,0.013
cam1 extrinsics = -0.003,0.012,0.702,0.712 | -0.041,-0.070,0.015
q_GtoI = -0.664,-0.454,-0.479,0.352 | p_IinG = 3.448,11.443,1.201 | dist = 84.17 (meters)
bg = -0.0015,0.0206,0.0771 | ba = 0.0166,0.1313,0.1479
camera-imu timeoffset = 0.00007
cam0 intrinsics = 465.112,466.647,364.582,250.672 | -0.277,0.070,0.000,-0.000
cam1 intrinsics = 463.976,465.508,377.310,257.506 | -0.277,0.069,0.000,-0.000
cam0 extrinsics = -0.008,0.007,0.702,0.712 | 0.077,-0.070,0.013
cam1 extrinsics = -0.003,0.012,0.702,0.712 | -0.041,-0.070,0.015
q_GtoI = -0.662,-0.456,-0.482,0.348 | p_IinG = 3.441,11.403,1.180 | dist = 84.21 (meters)
bg = -0.0015,0.0206,0.0771 | ba = 0.0158,0.1324,0.1490
camera-imu timeoffset = 0.00007
cam0 intrinsics = 465.113,466.647,364.582,250.675 | -0.277,0.070,0.000,-0.000
cam1 intrinsics = 463.977,465.508,377.311,257.508 | -0.277,0.069,0.000,-0.000
cam0 extrinsics = -0.008,0.007,0.702,0.712 | 0.077,-0.070,0.013
cam1 extrinsics = -0.003,0.012,0.702,0.712 | -0.041,-0.070,0.015
q_GtoI = -0.659,-0.461,-0.486,0.342 | p_IinG = 3.437,11.360,1.163 | dist = 84.26 (meters)
bg = -0.0015,0.0205,0.0772 | ba = 0.0147,0.1324,0.1525
camera-imu timeoffset = 0.00007
cam0 intrinsics = 465.118,466.661,364.582,250.676 | -0.277,0.070,0.000,-0.000
cam1 intrinsics = 463.980,465.522,377.313,257.513 | -0.277,0.069,0.000,-0.000
cam0 extrinsics = -0.008,0.007,0.702,0.712 | 0.077,-0.070,0.013
cam1 extrinsics = -0.003,0.012,0.702,0.712 | -0.041,-0.070,0.015
q_GtoI = -0.657,-0.464,-0.489,0.336 | p_IinG = 3.428,11.315,1.147 | dist = 84.30 (meters)
bg = -0.0014,0.0204,0.0771 | ba = 0.0131,0.1344,0.1564
camera-imu timeoffset = 0.00007
cam0 intrinsics = 465.115,466.669,364.583,250.690 | -0.277,0.070,0.000,-0.000
cam1 intrinsics = 463.978,465.533,377.310,257.528 | -0.277,0.069,0.000,-0.000
cam0 extrinsics = -0.008,0.007,0.702,0.712 | 0.077,-0.070,0.013
cam1 extrinsics = -0.003,0.012,0.702,0.712 | -0.041,-0.070,0.015
q_GtoI = -0.656,-0.467,-0.491,0.331 | p_IinG = 3.419,11.273,1.134 | dist = 84.35 (meters)
bg = -0.0014,0.0205,0.0770 | ba = 0.0119,0.1355,0.1573
camera-imu timeoffset = 0.00007
cam0 intrinsics = 465.116,466.676,364.584,250.694 | -0.277,0.070,0.000,-0.000
cam1 intrinsics = 463.980,465.540,377.313,257.533 | -0.277,0.069,0.000,-0.000
cam0 extrinsics = -0.008,0.007,0.702,0.712 | 0.076,-0.070,0.013
cam1 extrinsics = -0.003,0.012,0.702,0.712 | -0.041,-0.069,0.015
q_GtoI = -0.657,-0.469,-0.491,0.328 | p_IinG = 3.409,11.229,1.122 | dist = 84.39 (meters)
bg = -0.0014,0.0206,0.0769 | ba = 0.0109,0.1366,0.1585
camera-imu timeoffset = 0.00008
cam0 intrinsics = 465.121,466.680,364.586,250.694 | -0.277,0.070,0.000,-0.000
cam1 intrinsics = 463.985,465.544,377.315,257.532 | -0.277,0.069,0.000,-0.000
cam0 extrinsics = -0.008,0.007,0.702,0.712 | 0.076,-0.070,0.014
cam1 extrinsics = -0.003,0.012,0.702,0.712 | -0.041,-0.069,0.015
q_GtoI = -0.658,-0.470,-0.490,0.326 | p_IinG = 3.397,11.184,1.111 | dist = 84.44 (meters)
bg = -0.0013,0.0206,0.0769 | ba = 0.0098,0.1378,0.1592
camera-imu timeoffset = 0.00008
cam0 intrinsics = 465.129,466.684,364.588,250.691 | -0.277,0.070,0.000,-0.000
cam1 intrinsics = 463.993,465.547,377.317,257.529 | -0.277,0.069,0.000,-0.000
cam0 extrinsics = -0.008,0.007,0.702,0.712 | 0.076,-0.070,0.014
cam1 extrinsics = -0.003,0.012,0.702,0.712 | -0.042,-0.069,0.015
q_GtoI = -0.659,-0.469,-0.489,0.326 | p_IinG = 3.383,11.140,1.101 | dist = 84.49 (meters)
bg = -0.0011,0.0207,0.0768 | ba = 0.0088,0.1390,0.1598
camera-imu timeoffset = 0.00008
cam0 intrinsics = 465.137,466.688,364.589,250.688 | -0.277,0.070,0.000,-0.000
cam1 intrinsics = 464.000,465.551,377.318,257.527 | -0.277,0.069,0.000,-0.000
cam0 extrinsics = -0.008,0.007,0.702,0.712 | 0.076,-0.070,0.014
cam1 extrinsics = -0.003,0.012,0.702,0.712 | -0.042,-0.069,0.015
q_GtoI = -0.662,-0.467,-0.485,0.327 | p_IinG = 3.365,11.096,1.084 | dist = 84.53 (meters)
bg = -0.0008,0.0205,0.0767 | ba = 0.0108,0.1407,0.1586
camera-imu timeoffset = 0.00008
cam0 intrinsics = 465.153,466.686,364.589,250.674 | -0.277,0.070,0.000,-0.000
cam1 intrinsics = 464.018,465.550,377.319,257.511 | -0.277,0.069,0.000,-0.000
cam0 extrinsics = -0.008,0.007,0.702,0.712 | 0.077,-0.069,0.014
cam1 extrinsics = -0.003,0.012,0.702,0.712 | -0.041,-0.069,0.016
q_GtoI = -0.666,-0.465,-0.481,0.331 | p_IinG = 3.350,11.051,1.071 | dist = 84.58 (meters)
bg = -0.0006,0.0204,0.0766 | ba = 0.0100,0.1412,0.1595
camera-imu timeoffset = 0.00008
cam0 intrinsics = 465.161,466.688,364.591,250.670 | -0.277,0.070,0.000,-0.000
cam1 intrinsics = 464.026,465.552,377.323,257.509 | -0.277,0.069,0.000,-0.000
cam0 extrinsics = -0.008,0.007,0.702,0.712 | 0.077,-0.069,0.014
cam1 extrinsics = -0.003,0.012,0.702,0.712 | -0.041,-0.069,0.016
q_GtoI = -0.669,-0.462,-0.478,0.333 | p_IinG = 3.334,11.007,1.057 | dist = 84.63 (meters)
bg = -0.0005,0.0204,0.0765 | ba = 0.0091,0.1417,0.1593
camera-imu timeoffset = 0.00008
cam0 intrinsics = 465.166,466.687,364.593,250.671 | -0.277,0.070,0.000,-0.000
cam1 intrinsics = 464.032,465.552,377.325,257.509 | -0.277,0.069,0.000,-0.000
cam0 extrinsics = -0.008,0.007,0.702,0.712 | 0.077,-0.069,0.014
cam1 extrinsics = -0.003,0.012,0.702,0.712 | -0.041,-0.069,0.016
q_GtoI = -0.672,-0.460,-0.474,0.335 | p_IinG = 3.320,10.962,1.041 | dist = 84.68 (meters)
bg = -0.0004,0.0204,0.0765 | ba = 0.0088,0.1410,0.1588
camera-imu timeoffset = 0.00008
cam0 intrinsics = 465.168,466.686,364.595,250.671 | -0.277,0.070,0.000,-0.000
cam1 intrinsics = 464.034,465.551,377.327,257.510 | -0.277,0.069,0.000,-0.000
cam0 extrinsics = -0.008,0.007,0.702,0.712 | 0.077,-0.069,0.014
cam1 extrinsics = -0.003,0.012,0.702,0.712 | -0.041,-0.069,0.016
q_GtoI = -0.674,-0.459,-0.471,0.337 | p_IinG = 3.307,10.917,1.025 | dist = 84.73 (meters)
bg = -0.0004,0.0204,0.0765 | ba = 0.0082,0.1405,0.1586
camera-imu timeoffset = 0.00008
cam0 intrinsics = 465.172,466.685,364.596,250.671 | -0.277,0.070,0.000,-0.000
cam1 intrinsics = 464.037,465.550,377.328,257.510 | -0.277,0.069,0.000,-0.000
cam0 extrinsics = -0.008,0.007,0.702,0.712 | 0.077,-0.069,0.014
cam1 extrinsics = -0.003,0.012,0.702,0.712 | -0.041,-0.069,0.016
q_GtoI = -0.675,-0.458,-0.469,0.338 | p_IinG = 3.295,10.872,1.008 | dist = 84.78 (meters)
bg = -0.0004,0.0204,0.0765 | ba = 0.0075,0.1400,0.1584
camera-imu timeoffset = 0.00008
cam0 intrinsics = 465.175,466.684,364.596,250.672 | -0.277,0.070,0.000,-0.000
cam1 intrinsics = 464.041,465.549,377.330,257.510 | -0.277,0.069,0.000,-0.000
cam0 extrinsics = -0.008,0.007,0.702,0.712 | 0.077,-0.069,0.014
cam1 extrinsics = -0.003,0.012,0.702,0.712 | -0.041,-0.069,0.016
q_GtoI = -0.676,-0.458,-0.468,0.338 | p_IinG = 3.292,10.829,0.994 | dist = 84.83 (meters)
bg = -0.0007,0.0205,0.0767 | ba = 0.0064,0.1375,0.1579
camera-imu timeoffset = 0.00007
cam0 intrinsics = 465.194,466.701,364.607,250.669 | -0.277,0.070,0.000,-0.000
cam1 intrinsics = 464.060,465.565,377.347,257.510 | -0.277,0.069,0.000,-0.000
cam0 extrinsics = -0.008,0.007,0.702,0.712 | 0.077,-0.069,0.014
cam1 extrinsics = -0.003,0.012,0.702,0.712 | -0.041,-0.069,0.016
q_GtoI = -0.677,-0.458,-0.467,0.337 | p_IinG = 3.281,10.785,0.979 | dist = 84.88 (meters)
bg = -0.0007,0.0205,0.0766 | ba = 0.0060,0.1374,0.1585
camera-imu timeoffset = 0.00007
cam0 intrinsics = 465.202,466.698,364.605,250.667 | -0.277,0.070,0.000,-0.000
cam1 intrinsics = 464.068,465.561,377.346,257.508 | -0.277,0.069,0.000,-0.000
cam0 extrinsics = -0.008,0.007,0.702,0.712 | 0.077,-0.069,0.014
cam1 extrinsics = -0.003,0.012,0.702,0.712 | -0.041,-0.069,0.016
q_GtoI = -0.679,-0.456,-0.465,0.339 | p_IinG = 3.270,10.740,0.967 | dist = 84.93 (meters)
bg = -0.0008,0.0207,0.0766 | ba = 0.0055,0.1373,0.1583
camera-imu timeoffset = 0.00007
cam0 intrinsics = 465.207,466.698,364.603,250.667 | -0.277,0.070,0.000,-0.000
cam1 intrinsics = 464.074,465.561,377.345,257.507 | -0.277,0.069,0.000,-0.000
cam0 extrinsics = -0.008,0.007,0.702,0.712 | 0.077,-0.069,0.014
cam1 extrinsics = -0.003,0.012,0.702,0.712 | -0.041,-0.069,0.016
q_GtoI = -0.679,-0.457,-0.465,0.338 | p_IinG = 3.261,10.694,0.955 | dist = 84.98 (meters)
bg = -0.0008,0.0208,0.0765 | ba = 0.0057,0.1366,0.1588
camera-imu timeoffset = 0.00007
cam0 intrinsics = 465.211,466.697,364.601,250.668 | -0.277,0.070,0.000,-0.000
cam1 intrinsics = 464.079,465.560,377.344,257.506 | -0.277,0.069,0.000,-0.000
cam0 extrinsics = -0.008,0.007,0.702,0.712 | 0.077,-0.069,0.014
cam1 extrinsics = -0.003,0.012,0.702,0.712 | -0.041,-0.069,0.016
q_GtoI = -0.679,-0.456,-0.465,0.339 | p_IinG = 3.253,10.649,0.945 | dist = 85.03 (meters)
bg = -0.0009,0.0208,0.0765 | ba = 0.0065,0.1361,0.1584
camera-imu timeoffset = 0.00007
cam0 intrinsics = 465.214,466.696,364.600,250.668 | -0.277,0.070,0.000,-0.000
cam1 intrinsics = 464.082,465.559,377.344,257.505 | -0.277,0.069,0.000,-0.000
cam0 extrinsics = -0.008,0.007,0.702,0.712 | 0.077,-0.069,0.014
cam1 extrinsics = -0.003,0.012,0.702,0.712 | -0.041,-0.069,0.016
q_GtoI = -0.679,-0.456,-0.465,0.339 | p_IinG = 3.248,10.604,0.940 | dist = 85.07 (meters)
bg = -0.0011,0.0209,0.0766 | ba = 0.0058,0.1343,0.1591
camera-imu timeoffset = 0.00007
cam0 intrinsics = 465.218,466.691,364.600,250.666 | -0.277,0.070,0.000,-0.000
cam1 intrinsics = 464.086,465.554,377.346,257.502 | -0.277,0.069,0.000,-0.000
cam0 extrinsics = -0.008,0.007,0.702,0.712 | 0.077,-0.069,0.014
cam1 extrinsics = -0.003,0.012,0.702,0.712 | -0.041,-0.069,0.016
q_GtoI = -0.679,-0.457,-0.465,0.338 | p_IinG = 3.240,10.558,0.932 | dist = 85.12 (meters)
bg = -0.0011,0.0210,0.0765 | ba = 0.0082,0.1342,0.1582
camera-imu timeoffset = 0.00007
cam0 intrinsics = 465.220,466.690,364.600,250.668 | -0.277,0.070,0.000,-0.000
cam1 intrinsics = 464.086,465.552,377.345,257.505 | -0.277,0.069,0.000,-0.000
cam0 extrinsics = -0.008,0.007,0.702,0.712 | 0.077,-0.069,0.014
cam1 extrinsics = -0.003,0.012,0.702,0.712 | -0.041,-0.069,0.016
q_GtoI = -0.678,-0.457,-0.467,0.337 | p_IinG = 3.235,10.513,0.928 | dist = 85.17 (meters)
bg = -0.0013,0.0211,0.0766 | ba = 0.0085,0.1333,0.1583
camera-imu timeoffset = 0.00007
cam0 intrinsics = 465.222,466.689,364.601,250.668 | -0.277,0.070,0.000,-0.000
cam1 intrinsics = 464.088,465.551,377.346,257.504 | -0.277,0.069,0.000,-0.000
cam0 extrinsics = -0.008,0.007,0.702,0.712 | 0.077,-0.069,0.014
cam1 extrinsics = -0.003,0.012,0.702,0.712 | -0.041,-0.069,0.016
q_GtoI = -0.678,-0.457,-0.467,0.337 | p_IinG = 3.229,10.467,0.921 | dist = 85.21 (meters)
bg = -0.0014,0.0212,0.0766 | ba = 0.0093,0.1332,0.1586
camera-imu timeoffset = 0.00007
cam0 intrinsics = 465.224,466.688,364.599,250.668 | -0.277,0.070,0.000,-0.000
cam1 intrinsics = 464.091,465.551,377.347,257.504 | -0.277,0.069,0.000,-0.000
cam0 extrinsics = -0.008,0.007,0.702,0.712 | 0.077,-0.069,0.014
cam1 extrinsics = -0.003,0.012,0.702,0.712 | -0.041,-0.069,0.016
q_GtoI = -0.677,-0.456,-0.469,0.337 | p_IinG = 3.225,10.421,0.913 | dist = 85.26 (meters)
bg = -0.0015,0.0212,0.0767 | ba = 0.0102,0.1325,0.1586
camera-imu timeoffset = 0.00007
cam0 intrinsics = 465.225,466.688,364.599,250.667 | -0.277,0.070,0.000,-0.000
cam1 intrinsics = 464.093,465.551,377.348,257.503 | -0.277,0.069,0.000,-0.000
cam0 extrinsics = -0.008,0.007,0.702,0.712 | 0.077,-0.069,0.014
cam1 extrinsics = -0.003,0.012,0.702,0.712 | -0.041,-0.069,0.016
q_GtoI = -0.675,-0.457,-0.472,0.336 | p_IinG = 3.221,10.374,0.903 | dist = 85.31 (meters)
bg = -0.0017,0.0212,0.0768 | ba = 0.0109,0.1313,0.1588
camera-imu timeoffset = 0.00007
cam0 intrinsics = 465.226,466.691,364.598,250.666 | -0.277,0.070,0.000,-0.000
cam1 intrinsics = 464.094,465.554,377.349,257.501 | -0.277,0.069,0.000,-0.000
cam0 extrinsics = -0.008,0.007,0.702,0.712 | 0.077,-0.069,0.014
cam1 extrinsics = -0.003,0.012,0.702,0.712 | -0.041,-0.069,0.016
q_GtoI = -0.674,-0.457,-0.474,0.335 | p_IinG = 3.218,10.326,0.891 | dist = 85.36 (meters)
bg = -0.0019,0.0212,0.0769 | ba = 0.0115,0.1309,0.1587
camera-imu timeoffset = 0.00007
cam0 intrinsics = 465.227,466.693,364.598,250.666 | -0.277,0.070,0.000,-0.000
cam1 intrinsics = 464.095,465.556,377.349,257.500 | -0.277,0.069,0.000,-0.000
cam0 extrinsics = -0.008,0.007,0.702,0.712 | 0.077,-0.069,0.014
cam1 extrinsics = -0.003,0.012,0.702,0.712 | -0.041,-0.069,0.016
q_GtoI = -0.673,-0.459,-0.475,0.331 | p_IinG = 3.217,10.279,0.878 | dist = 85.40 (meters)
bg = -0.0022,0.0211,0.0769 | ba = 0.0119,0.1294,0.1583
camera-imu timeoffset = 0.00007
cam0 intrinsics = 465.228,466.699,364.594,250.666 | -0.277,0.070,0.000,-0.000
cam1 intrinsics = 464.099,465.563,377.352,257.500 | -0.277,0.069,0.000,-0.000
cam0 extrinsics = -0.008,0.007,0.702,0.712 | 0.077,-0.069,0.014
cam1 extrinsics = -0.003,0.012,0.702,0.712 | -0.041,-0.069,0.016
q_GtoI = -0.672,-0.460,-0.478,0.329 | p_IinG = 3.214,10.232,0.862 | dist = 85.45 (meters)
bg = -0.0024,0.0212,0.0769 | ba = 0.0130,0.1291,0.1578
camera-imu timeoffset = 0.00007
cam0 intrinsics = 465.231,466.705,364.593,250.665 | -0.277,0.070,0.000,-0.000
cam1 intrinsics = 464.101,465.569,377.352,257.498 | -0.277,0.069,0.000,-0.000
cam0 extrinsics = -0.008,0.007,0.702,0.712 | 0.077,-0.069,0.014
cam1 extrinsics = -0.003,0.012,0.702,0.712 | -0.041,-0.069,0.016
q_GtoI = -0.672,-0.460,-0.479,0.328 | p_IinG = 3.211,10.186,0.846 | dist = 85.50 (meters)
bg = -0.0026,0.0213,0.0769 | ba = 0.0135,0.1290,0.1567
camera-imu timeoffset = 0.00007
cam0 intrinsics = 465.234,466.707,364.593,250.663 | -0.277,0.070,0.000,-0.000
cam1 intrinsics = 464.105,465.571,377.353,257.496 | -0.277,0.069,0.000,-0.000
cam0 extrinsics = -0.008,0.007,0.702,0.712 | 0.077,-0.069,0.014
cam1 extrinsics = -0.003,0.012,0.702,0.712 | -0.041,-0.069,0.016
q_GtoI = -0.671,-0.460,-0.481,0.327 | p_IinG = 3.205,10.138,0.827 | dist = 85.55 (meters)
bg = -0.0028,0.0213,0.0768 | ba = 0.0148,0.1297,0.1561
camera-imu timeoffset = 0.00007
cam0 intrinsics = 465.238,466.714,364.590,250.664 | -0.277,0.070,0.000,-0.000
cam1 intrinsics = 464.109,465.576,377.353,257.492 | -0.277,0.069,0.000,-0.000
cam0 extrinsics = -0.008,0.007,0.702,0.712 | 0.077,-0.069,0.014
cam1 extrinsics = -0.003,0.012,0.702,0.712 | -0.041,-0.069,0.016
q_GtoI = -0.671,-0.459,-0.482,0.327 | p_IinG = 3.199,10.090,0.808 | dist = 85.60 (meters)
bg = -0.0029,0.0212,0.0768 | ba = 0.0160,0.1306,0.1553
camera-imu timeoffset = 0.00008
cam0 intrinsics = 465.243,466.721,364.588,250.662 | -0.277,0.070,0.000,-0.000
cam1 intrinsics = 464.114,465.583,377.351,257.490 | -0.277,0.069,0.000,-0.000
cam0 extrinsics = -0.008,0.007,0.702,0.712 | 0.077,-0.069,0.014
cam1 extrinsics = -0.003,0.012,0.702,0.712 | -0.041,-0.069,0.016
q_GtoI = -0.670,-0.458,-0.484,0.327 | p_IinG = 3.192,10.042,0.790 | dist = 85.66 (meters)
bg = -0.0029,0.0213,0.0768 | ba = 0.0170,0.1319,0.1547
camera-imu timeoffset = 0.00008
cam0 intrinsics = 465.247,466.729,364.586,250.660 | -0.277,0.070,0.000,-0.000
cam1 intrinsics = 464.118,465.591,377.350,257.487 | -0.277,0.069,0.000,-0.000
cam0 extrinsics = -0.008,0.007,0.702,0.712 | 0.077,-0.069,0.014
cam1 extrinsics = -0.003,0.012,0.702,0.712 | -0.041,-0.069,0.016
q_GtoI = -0.670,-0.456,-0.485,0.328 | p_IinG = 3.182,9.994,0.772 | dist = 85.71 (meters)
bg = -0.0028,0.0212,0.0767 | ba = 0.0187,0.1346,0.1545
camera-imu timeoffset = 0.00008
cam0 intrinsics = 465.253,466.741,364.582,250.658 | -0.277,0.070,0.000,-0.000
cam1 intrinsics = 464.124,465.604,377.346,257.485 | -0.277,0.069,0.000,-0.000
cam0 extrinsics = -0.008,0.007,0.702,0.712 | 0.077,-0.069,0.015
cam1 extrinsics = -0.003,0.012,0.702,0.712 | -0.041,-0.069,0.016
q_GtoI = -0.671,-0.455,-0.484,0.328 | p_IinG = 3.173,9.946,0.757 | dist = 85.76 (meters)
bg = -0.0029,0.0211,0.0767 | ba = 0.0189,0.1358,0.1548
camera-imu timeoffset = 0.00008
cam0 intrinsics = 465.257,466.751,364.580,250.658 | -0.277,0.070,0.000,-0.000
cam1 intrinsics = 464.128,465.614,377.344,257.484 | -0.277,0.069,0.000,-0.000
cam0 extrinsics = -0.008,0.007,0.702,0.712 | 0.077,-0.069,0.015
cam1 extrinsics = -0.003,0.012,0.702,0.712 | -0.041,-0.069,0.016
q_GtoI = -0.673,-0.455,-0.482,0.328 | p_IinG = 3.163,9.898,0.744 | dist = 85.81 (meters)
bg = -0.0028,0.0209,0.0767 | ba = 0.0184,0.1364,0.1564
camera-imu timeoffset = 0.00008
cam0 intrinsics = 465.261,466.763,364.578,250.655 | -0.277,0.070,0.000,-0.000
cam1 intrinsics = 464.131,465.625,377.341,257.481 | -0.277,0.069,0.000,-0.000
cam0 extrinsics = -0.008,0.007,0.702,0.712 | 0.077,-0.069,0.015
cam1 extrinsics = -0.003,0.012,0.702,0.712 | -0.041,-0.069,0.016
q_GtoI = -0.674,-0.454,-0.481,0.329 | p_IinG = 3.153,9.850,0.733 | dist = 85.86 (meters)
bg = -0.0028,0.0208,0.0767 | ba = 0.0191,0.1376,0.1559
camera-imu timeoffset = 0.00008
cam0 intrinsics = 465.265,466.774,364.576,250.654 | -0.277,0.070,0.000,-0.000
cam1 intrinsics = 464.136,465.636,377.339,257.479 | -0.277,0.069,0.000,-0.000
cam0 extrinsics = -0.008,0.007,0.702,0.712 | 0.077,-0.069,0.015
cam1 extrinsics = -0.003,0.012,0.702,0.712 | -0.041,-0.069,0.016
q_GtoI = -0.674,-0.454,-0.481,0.328 | p_IinG = 3.143,9.802,0.724 | dist = 85.91 (meters)
bg = -0.0029,0.0207,0.0767 | ba = 0.0197,0.1383,0.1556
camera-imu timeoffset = 0.00008
cam0 intrinsics = 465.271,466.787,364.573,250.652 | -0.277,0.070,0.000,-0.000
cam1 intrinsics = 464.142,465.649,377.338,257.476 | -0.277,0.069,0.000,-0.000
cam0 extrinsics = -0.008,0.007,0.702,0.712 | 0.077,-0.069,0.015
cam1 extrinsics = -0.003,0.012,0.702,0.712 | -0.041,-0.069,0.016
q_GtoI = -0.676,-0.454,-0.479,0.329 | p_IinG = 3.131,9.753,0.716 | dist = 85.96 (meters)
bg = -0.0029,0.0206,0.0766 | ba = 0.0197,0.1396,0.1552
camera-imu timeoffset = 0.00008
cam0 intrinsics = 465.275,466.796,364.571,250.650 | -0.277,0.070,0.000,-0.000
cam1 intrinsics = 464.145,465.658,377.336,257.474 | -0.277,0.069,0.000,-0.000
cam0 extrinsics = -0.008,0.007,0.702,0.712 | 0.077,-0.069,0.015
cam1 extrinsics = -0.003,0.012,0.702,0.712 | -0.041,-0.069,0.016
q_GtoI = -0.676,-0.454,-0.479,0.328 | p_IinG = 3.123,9.706,0.715 | dist = 86.01 (meters)
bg = -0.0029,0.0206,0.0770 | ba = 0.0160,0.1393,0.1563
camera-imu timeoffset = 0.00008
cam0 intrinsics = 465.287,466.810,364.566,250.640 | -0.277,0.070,0.000,-0.000
cam1 intrinsics = 464.157,465.671,377.334,257.464 | -0.277,0.069,0.000,-0.000
cam0 extrinsics = -0.008,0.007,0.702,0.712 | 0.077,-0.069,0.015
cam1 extrinsics = -0.003,0.012,0.702,0.712 | -0.041,-0.069,0.017
q_GtoI = -0.676,-0.455,-0.478,0.328 | p_IinG = 3.112,9.659,0.712 | dist = 86.06 (meters)
bg = -0.0030,0.0205,0.0769 | ba = 0.0158,0.1405,0.1559
camera-imu timeoffset = 0.00008
cam0 intrinsics = 465.292,466.821,364.563,250.637 | -0.277,0.070,0.000,-0.000
cam1 intrinsics = 464.162,465.682,377.331,257.460 | -0.277,0.069,0.000,-0.000
cam0 extrinsics = -0.008,0.007,0.702,0.712 | 0.077,-0.069,0.015
cam1 extrinsics = -0.003,0.012,0.702,0.712 | -0.041,-0.069,0.017
q_GtoI = -0.676,-0.455,-0.478,0.327 | p_IinG = 3.101,9.612,0.711 | dist = 86.11 (meters)
bg = -0.0029,0.0206,0.0768 | ba = 0.0158,0.1414,0.1555
camera-imu timeoffset = 0.00008
cam0 intrinsics = 465.298,466.832,364.560,250.632 | -0.277,0.070,0.000,-0.000
cam1 intrinsics = 464.167,465.693,377.329,257.456 | -0.277,0.069,0.000,-0.000
cam0 extrinsics = -0.008,0.007,0.702,0.712 | 0.077,-0.069,0.015
cam1 extrinsics = -0.003,0.012,0.702,0.712 | -0.041,-0.069,0.017
q_GtoI = -0.676,-0.455,-0.479,0.327 | p_IinG = 3.088,9.564,0.709 | dist = 86.15 (meters)
bg = -0.0029,0.0206,0.0768 | ba = 0.0162,0.1426,0.1548
camera-imu timeoffset = 0.00008
cam0 intrinsics = 465.303,466.841,364.557,250.629 | -0.277,0.070,0.000,-0.000
cam1 intrinsics = 464.172,465.702,377.326,257.452 | -0.277,0.069,0.000,-0.000
cam0 extrinsics = -0.008,0.007,0.702,0.712 | 0.077,-0.069,0.015
cam1 extrinsics = -0.003,0.012,0.702,0.712 | -0.041,-0.069,0.017
q_GtoI = -0.676,-0.455,-0.479,0.327 | p_IinG = 3.076,9.517,0.707 | dist = 86.20 (meters)
bg = -0.0028,0.0206,0.0769 | ba = 0.0160,0.1434,0.1541
camera-imu timeoffset = 0.00008
cam0 intrinsics = 465.308,466.850,364.554,250.625 | -0.277,0.070,0.000,-0.000
cam1 intrinsics = 464.178,465.712,377.324,257.447 | -0.277,0.069,0.000,-0.000
cam0 extrinsics = -0.008,0.007,0.702,0.712 | 0.077,-0.069,0.015
cam1 extrinsics = -0.003,0.012,0.702,0.712 | -0.041,-0.069,0.017
q_GtoI = -0.675,-0.454,-0.480,0.328 | p_IinG = 3.063,9.469,0.705 | dist = 86.25 (meters)
bg = -0.0028,0.0206,0.0769 | ba = 0.0158,0.1442,0.1534
camera-imu timeoffset = 0.00008
cam0 intrinsics = 465.313,466.860,364.551,250.620 | -0.277,0.070,0.000,-0.000
cam1 intrinsics = 464.184,465.721,377.321,257.442 | -0.277,0.069,0.000,-0.000
cam0 extrinsics = -0.008,0.007,0.702,0.712 | 0.077,-0.069,0.015
cam1 extrinsics = -0.003,0.012,0.702,0.712 | -0.041,-0.069,0.017
q_GtoI = -0.676,-0.452,-0.482,0.328 | p_IinG = 3.048,9.422,0.699 | dist = 86.30 (meters)
bg = -0.0028,0.0205,0.0769 | ba = 0.0168,0.1461,0.1529
camera-imu timeoffset = 0.00008
cam0 intrinsics = 465.319,466.870,364.547,250.617 | -0.277,0.070,0.000,-0.000
cam1 intrinsics = 464.189,465.732,377.316,257.438 | -0.277,0.069,0.000,-0.000
cam0 extrinsics = -0.008,0.007,0.702,0.712 | 0.077,-0.069,0.015
cam1 extrinsics = -0.003,0.012,0.702,0.712 | -0.041,-0.069,0.017
q_GtoI = -0.677,-0.450,-0.483,0.327 | p_IinG = 3.034,9.374,0.692 | dist = 86.35 (meters)
bg = -0.0028,0.0205,0.0769 | ba = 0.0170,0.1476,0.1531
camera-imu timeoffset = 0.00008
cam0 intrinsics = 465.325,466.881,364.543,250.613 | -0.277,0.070,0.000,-0.000
cam1 intrinsics = 464.195,465.743,377.312,257.434 | -0.277,0.069,0.000,-0.000
cam0 extrinsics = -0.008,0.007,0.702,0.712 | 0.077,-0.070,0.015
cam1 extrinsics = -0.003,0.012,0.702,0.712 | -0.041,-0.069,0.017
q_GtoI = -0.677,-0.446,-0.483,0.329 | p_IinG = 3.018,9.324,0.688 | dist = 86.40 (meters)
bg = -0.0025,0.0206,0.0771 | ba = 0.0132,0.1492,0.1573
camera-imu timeoffset = 0.00008
cam0 intrinsics = 465.339,466.901,364.540,250.601 | -0.277,0.070,0.000,-0.000
cam1 intrinsics = 464.209,465.762,377.309,257.423 | -0.277,0.069,0.000,-0.000
cam0 extrinsics = -0.008,0.007,0.702,0.712 | 0.077,-0.069,0.015
cam1 extrinsics = -0.003,0.012,0.702,0.712 | -0.041,-0.069,0.017
q_GtoI = -0.678,-0.443,-0.485,0.331 | p_IinG = 3.004,9.275,0.678 | dist = 86.45 (meters)
bg = -0.0026,0.0207,0.0771 | ba = 0.0142,0.1496,0.1573
camera-imu timeoffset = 0.00008
cam0 intrinsics = 465.346,466.911,364.536,250.596 | -0.277,0.070,0.000,-0.000
cam1 intrinsics = 464.216,465.773,377.305,257.417 | -0.277,0.069,0.000,-0.000
cam0 extrinsics = -0.008,0.007,0.702,0.712 | 0.077,-0.069,0.015
cam1 extrinsics = -0.003,0.012,0.702,0.712 | -0.041,-0.069,0.017
q_GtoI = -0.677,-0.439,-0.487,0.334 | p_IinG = 2.989,9.226,0.666 | dist = 86.50 (meters)
bg = -0.0026,0.0207,0.0771 | ba = 0.0156,0.1500,0.1574
camera-imu timeoffset = 0.00008
cam0 intrinsics = 465.353,466.922,364.531,250.589 | -0.277,0.070,0.000,-0.000
cam1 intrinsics = 464.223,465.784,377.299,257.410 | -0.277,0.069,0.000,-0.000
cam0 extrinsics = -0.008,0.007,0.702,0.712 | 0.077,-0.069,0.015
cam1 extrinsics = -0.003,0.012,0.702,0.712 | -0.041,-0.069,0.017
q_GtoI = -0.677,-0.435,-0.490,0.335 | p_IinG = 2.974,9.175,0.651 | dist = 86.56 (meters)
bg = -0.0026,0.0208,0.0770 | ba = 0.0169,0.1504,0.1578
camera-imu timeoffset = 0.00008
cam0 intrinsics = 465.361,466.933,364.525,250.582 | -0.277,0.070,0.000,-0.000
cam1 intrinsics = 464.231,465.795,377.293,257.402 | -0.277,0.069,0.000,-0.000
cam0 extrinsics = -0.008,0.007,0.702,0.712 | 0.077,-0.069,0.015
cam1 extrinsics = -0.003,0.012,0.702,0.712 | -0.041,-0.069,0.017
q_GtoI = -0.678,-0.432,-0.493,0.334 | p_IinG = 2.965,9.123,0.639 | dist = 86.61 (meters)
bg = -0.0027,0.0208,0.0773 | ba = 0.0141,0.1476,0.1595
camera-imu timeoffset = 0.00008
cam0 intrinsics = 465.371,466.947,364.521,250.576 | -0.277,0.070,0.000,-0.000
cam1 intrinsics = 464.240,465.807,377.292,257.395 | -0.277,0.069,0.000,-0.000
cam0 extrinsics = -0.008,0.007,0.702,0.712 | 0.077,-0.069,0.015
cam1 extrinsics = -0.003,0.012,0.702,0.712 | -0.041,-0.069,0.017
q_GtoI = -0.679,-0.428,-0.495,0.332 | p_IinG = 2.950,9.069,0.621 | dist = 86.67 (meters)
bg = -0.0028,0.0209,0.0772 | ba = 0.0149,0.1480,0.1603
camera-imu timeoffset = 0.00008
cam0 intrinsics = 465.383,466.961,364.517,250.568 | -0.277,0.070,0.000,-0.000
cam1 intrinsics = 464.252,465.821,377.288,257.387 | -0.277,0.069,0.000,-0.000
cam0 extrinsics = -0.008,0.007,0.702,0.712 | 0.077,-0.069,0.015
cam1 extrinsics = -0.003,0.012,0.702,0.712 | -0.041,-0.069,0.017
q_GtoI = -0.682,-0.423,-0.497,0.329 | p_IinG = 2.936,9.014,0.602 | dist = 86.72 (meters)
bg = -0.0028,0.0208,0.0771 | ba = 0.0158,0.1469,0.1610
camera-imu timeoffset = 0.00008
cam0 intrinsics = 465.396,466.979,364.512,250.561 | -0.277,0.070,0.000,-0.000
cam1 intrinsics = 464.264,465.838,377.284,257.380 | -0.277,0.069,0.000,-0.000
cam0 extrinsics = -0.008,0.007,0.702,0.712 | 0.077,-0.069,0.015
cam1 extrinsics = -0.003,0.012,0.702,0.712 | -0.041,-0.069,0.017
q_GtoI = -0.686,-0.418,-0.499,0.325 | p_IinG = 2.920,8.957,0.582 | dist = 86.78 (meters)
bg = -0.0029,0.0207,0.0770 | ba = 0.0168,0.1470,0.1617
camera-imu timeoffset = 0.00008
cam0 intrinsics = 465.408,466.996,364.508,250.557 | -0.277,0.070,0.000,-0.000
cam1 intrinsics = 464.276,465.856,377.279,257.375 | -0.277,0.069,0.000,-0.000
cam0 extrinsics = -0.008,0.007,0.702,0.712 | 0.077,-0.069,0.015
cam1 extrinsics = -0.003,0.012,0.702,0.712 | -0.041,-0.069,0.017
q_GtoI = -0.690,-0.413,-0.502,0.319 | p_IinG = 2.904,8.900,0.560 | dist = 86.85 (meters)
bg = -0.0029,0.0207,0.0768 | ba = 0.0174,0.1473,0.1620
camera-imu timeoffset = 0.00008
cam0 intrinsics = 465.417,467.010,364.505,250.556 | -0.277,0.070,0.000,-0.000
cam1 intrinsics = 464.286,465.869,377.277,257.374 | -0.277,0.069,0.000,-0.000
cam0 extrinsics = -0.008,0.007,0.702,0.712 | 0.077,-0.069,0.015
cam1 extrinsics = -0.003,0.012,0.702,0.712 | -0.041,-0.069,0.017
q_GtoI = -0.695,-0.406,-0.504,0.313 | p_IinG = 2.886,8.841,0.538 | dist = 86.91 (meters)
bg = -0.0030,0.0206,0.0766 | ba = 0.0178,0.1473,0.1623
camera-imu timeoffset = 0.00008
cam0 intrinsics = 465.428,467.023,364.502,250.555 | -0.277,0.070,0.000,-0.000
cam1 intrinsics = 464.296,465.883,377.275,257.372 | -0.277,0.069,0.000,-0.000
cam0 extrinsics = -0.008,0.007,0.702,0.712 | 0.077,-0.069,0.015
cam1 extrinsics = -0.003,0.012,0.702,0.712 | -0.041,-0.069,0.017
q_GtoI = -0.700,-0.400,-0.506,0.306 | p_IinG = 2.868,8.781,0.515 | dist = 86.97 (meters)
bg = -0.0029,0.0206,0.0764 | ba = 0.0182,0.1474,0.1631
camera-imu timeoffset = 0.00008
cam0 intrinsics = 465.440,467.037,364.502,250.554 | -0.278,0.070,0.000,-0.000
cam1 intrinsics = 464.308,465.898,377.276,257.371 | -0.277,0.069,0.000,-0.000
cam0 extrinsics = -0.008,0.007,0.702,0.712 | 0.077,-0.069,0.015
cam1 extrinsics = -0.003,0.012,0.702,0.712 | -0.041,-0.069,0.017
q_GtoI = -0.706,-0.394,-0.508,0.299 | p_IinG = 2.850,8.720,0.493 | dist = 87.04 (meters)
bg = -0.0030,0.0205,0.0763 | ba = 0.0188,0.1478,0.1631
camera-imu timeoffset = 0.00008
cam0 intrinsics = 465.444,467.046,364.507,250.557 | -0.278,0.070,0.000,-0.000
cam1 intrinsics = 464.312,465.907,377.281,257.372 | -0.277,0.069,0.000,-0.000
cam0 extrinsics = -0.008,0.007,0.702,0.712 | 0.077,-0.069,0.015
cam1 extrinsics = -0.003,0.012,0.702,0.712 | -0.041,-0.069,0.017
q_GtoI = -0.710,-0.387,-0.510,0.293 | p_IinG = 2.840,8.660,0.476 | dist = 87.10 (meters)
bg = -0.0032,0.0204,0.0766 | ba = 0.0176,0.1450,0.1645
camera-imu timeoffset = 0.00008
cam0 intrinsics = 465.434,467.039,364.509,250.568 | -0.278,0.070,0.000,-0.000
cam1 intrinsics = 464.300,465.900,377.283,257.383 | -0.277,0.069,0.000,-0.000
cam0 extrinsics = -0.008,0.007,0.702,0.712 | 0.077,-0.070,0.015
cam1 extrinsics = -0.003,0.012,0.702,0.712 | -0.041,-0.069,0.017
q_GtoI = -0.715,-0.381,-0.511,0.288 | p_IinG = 2.822,8.598,0.458 | dist = 87.17 (meters)
bg = -0.0033,0.0204,0.0765 | ba = 0.0175,0.1442,0.1652
camera-imu timeoffset = 0.00008
cam0 intrinsics = 465.441,467.052,364.513,250.575 | -0.278,0.070,0.000,-0.000
cam1 intrinsics = 464.307,465.913,377.287,257.389 | -0.277,0.069,0.000,-0.000
cam0 extrinsics = -0.008,0.007,0.702,0.712 | 0.077,-0.070,0.015
cam1 extrinsics = -0.003,0.012,0.702,0.712 | -0.041,-0.070,0.017
q_GtoI = -0.719,-0.376,-0.512,0.283 | p_IinG = 2.804,8.536,0.441 | dist = 87.23 (meters)
bg = -0.0034,0.0203,0.0764 | ba = 0.0168,0.1431,0.1660
camera-imu timeoffset = 0.00008
cam0 intrinsics = 465.451,467.067,364.505,250.568 | -0.278,0.070,0.000,-0.000
cam1 intrinsics = 464.318,465.929,377.281,257.381 | -0.277,0.069,0.000,-0.000
cam0 extrinsics = -0.008,0.007,0.702,0.712 | 0.077,-0.070,0.015
cam1 extrinsics = -0.003,0.012,0.702,0.712 | -0.041,-0.070,0.017
q_GtoI = -0.722,-0.372,-0.512,0.280 | p_IinG = 2.787,8.474,0.427 | dist = 87.30 (meters)
bg = -0.0035,0.0202,0.0763 | ba = 0.0157,0.1422,0.1670
camera-imu timeoffset = 0.00008
cam0 intrinsics = 465.455,467.075,364.510,250.575 | -0.278,0.070,0.000,-0.000
cam1 intrinsics = 464.321,465.937,377.287,257.386 | -0.277,0.069,0.000,-0.000
cam0 extrinsics = -0.008,0.007,0.702,0.712 | 0.077,-0.070,0.015
cam1 extrinsics = -0.003,0.012,0.702,0.712 | -0.041,-0.070,0.016
q_GtoI = -0.725,-0.367,-0.512,0.278 | p_IinG = 2.772,8.414,0.417 | dist = 87.36 (meters)
bg = -0.0035,0.0202,0.0764 | ba = 0.0138,0.1412,0.1669
camera-imu timeoffset = 0.00008
cam0 intrinsics = 465.457,467.085,364.512,250.580 | -0.278,0.070,0.000,-0.000
cam1 intrinsics = 464.323,465.946,377.290,257.391 | -0.277,0.069,-0.000,-0.000
cam0 extrinsics = -0.008,0.007,0.702,0.712 | 0.077,-0.070,0.015
cam1 extrinsics = -0.003,0.012,0.702,0.712 | -0.041,-0.070,0.016
q_GtoI = -0.727,-0.363,-0.513,0.277 | p_IinG = 2.753,8.353,0.408 | dist = 87.43 (meters)
bg = -0.0037,0.0202,0.0763 | ba = 0.0126,0.1420,0.1682
camera-imu timeoffset = 0.00008
cam0 intrinsics = 465.469,467.099,364.499,250.567 | -0.278,0.070,0.000,-0.000
cam1 intrinsics = 464.335,465.962,377.276,257.375 | -0.277,0.069,-0.000,-0.000
cam0 extrinsics = -0.008,0.007,0.702,0.712 | 0.077,-0.070,0.015
cam1 extrinsics = -0.003,0.012,0.702,0.712 | -0.041,-0.070,0.016
q_GtoI = -0.730,-0.359,-0.513,0.275 | p_IinG = 2.735,8.290,0.401 | dist = 87.49 (meters)
bg = -0.0037,0.0201,0.0764 | ba = 0.0114,0.1421,0.1690
camera-imu timeoffset = 0.00008
cam0 intrinsics = 465.476,467.109,364.499,250.569 | -0.278,0.070,0.000,-0.000
cam1 intrinsics = 464.343,465.973,377.277,257.377 | -0.277,0.069,-0.000,-0.000
cam0 extrinsics = -0.008,0.007,0.702,0.712 | 0.077,-0.071,0.015
cam1 extrinsics = -0.003,0.012,0.702,0.712 | -0.041,-0.070,0.016
q_GtoI = -0.732,-0.355,-0.513,0.273 | p_IinG = 2.717,8.227,0.396 | dist = 87.56 (meters)
bg = -0.0038,0.0199,0.0763 | ba = 0.0099,0.1430,0.1694
camera-imu timeoffset = 0.00008
cam0 intrinsics = 465.484,467.122,364.498,250.569 | -0.278,0.070,0.000,-0.000
cam1 intrinsics = 464.351,465.985,377.276,257.376 | -0.277,0.069,-0.000,-0.000
cam0 extrinsics = -0.008,0.007,0.702,0.712 | 0.077,-0.071,0.015
cam1 extrinsics = -0.003,0.012,0.702,0.712 | -0.041,-0.070,0.016
q_GtoI = -0.735,-0.349,-0.514,0.272 | p_IinG = 2.698,8.165,0.393 | dist = 87.62 (meters)
bg = -0.0039,0.0198,0.0763 | ba = 0.0084,0.1447,0.1702
camera-imu timeoffset = 0.00008
cam0 intrinsics = 465.493,467.135,364.500,250.573 | -0.278,0.070,0.000,-0.000
cam1 intrinsics = 464.361,465.999,377.277,257.380 | -0.277,0.069,-0.000,-0.000
cam0 extrinsics = -0.008,0.007,0.702,0.712 | 0.077,-0.071,0.015
cam1 extrinsics = -0.003,0.012,0.702,0.712 | -0.041,-0.070,0.016
q_GtoI = -0.738,-0.343,-0.515,0.270 | p_IinG = 2.680,8.103,0.392 | dist = 87.69 (meters)
bg = -0.0039,0.0196,0.0762 | ba = 0.0066,0.1462,0.1708
camera-imu timeoffset = 0.00008
cam0 intrinsics = 465.503,467.147,364.499,250.575 | -0.278,0.070,0.000,-0.000
cam1 intrinsics = 464.372,466.012,377.277,257.381 | -0.277,0.069,-0.000,-0.000
cam0 extrinsics = -0.008,0.007,0.702,0.712 | 0.077,-0.071,0.015
cam1 extrinsics = -0.003,0.012,0.702,0.712 | -0.041,-0.070,0.016
q_GtoI = -0.743,-0.335,-0.513,0.270 | p_IinG = 2.663,8.040,0.394 | dist = 87.75 (meters)
bg = -0.0039,0.0194,0.0762 | ba = 0.0049,0.1474,0.1718
camera-imu timeoffset = 0.00008
cam0 intrinsics = 465.516,467.161,364.495,250.573 | -0.278,0.070,0.000,-0.000
cam1 intrinsics = 464.384,466.026,377.273,257.378 | -0.277,0.069,-0.000,-0.000
cam0 extrinsics = -0.008,0.007,0.702,0.712 | 0.077,-0.071,0.015
cam1 extrinsics = -0.003,0.012,0.702,0.712 | -0.041,-0.071,0.017
q_GtoI = -0.748,-0.327,-0.511,0.268 | p_IinG = 2.646,7.977,0.398 | dist = 87.82 (meters)
bg = -0.0037,0.0192,0.0761 | ba = 0.0043,0.1483,0.1720
camera-imu timeoffset = 0.00008
cam0 intrinsics = 465.527,467.172,364.486,250.569 | -0.278,0.070,0.000,-0.000
cam1 intrinsics = 464.396,466.038,377.263,257.373 | -0.277,0.069,-0.000,-0.000
cam0 extrinsics = -0.008,0.007,0.702,0.712 | 0.077,-0.071,0.015
cam1 extrinsics = -0.003,0.012,0.702,0.712 | -0.041,-0.071,0.017
q_GtoI = -0.754,-0.319,-0.510,0.264 | p_IinG = 2.636,7.912,0.411 | dist = 87.88 (meters)
bg = -0.0038,0.0194,0.0763 | ba = -0.0039,0.1465,0.1727
camera-imu timeoffset = 0.00008
cam0 intrinsics = 465.548,467.188,364.482,250.567 | -0.278,0.070,0.000,-0.000
cam1 intrinsics = 464.417,466.054,377.258,257.369 | -0.277,0.070,-0.000,-0.000
cam0 extrinsics = -0.008,0.007,0.702,0.712 | 0.077,-0.071,0.015
cam1 extrinsics = -0.003,0.012,0.702,0.712 | -0.040,-0.070,0.017
q_GtoI = -0.760,-0.310,-0.508,0.260 | p_IinG = 2.623,7.847,0.418 | dist = 87.95 (meters)
bg = -0.0038,0.0194,0.0763 | ba = -0.0042,0.1466,0.1724
camera-imu timeoffset = 0.00008
cam0 intrinsics = 465.558,467.194,364.467,250.561 | -0.278,0.070,0.000,-0.000
cam1 intrinsics = 464.426,466.060,377.242,257.362 | -0.277,0.070,-0.000,-0.000
cam0 extrinsics = -0.008,0.007,0.702,0.712 | 0.077,-0.071,0.015
cam1 extrinsics = -0.003,0.012,0.702,0.712 | -0.040,-0.070,0.017
q_GtoI = -0.765,-0.301,-0.509,0.254 | p_IinG = 2.611,7.781,0.429 | dist = 88.02 (meters)
bg = -0.0038,0.0193,0.0762 | ba = -0.0049,0.1471,0.1727
camera-imu timeoffset = 0.00008
cam0 intrinsics = 465.561,467.195,364.470,250.563 | -0.278,0.070,0.000,-0.000
cam1 intrinsics = 464.430,466.062,377.243,257.364 | -0.277,0.070,-0.000,-0.000
cam0 extrinsics = -0.008,0.007,0.702,0.712 | 0.077,-0.071,0.015
cam1 extrinsics = -0.003,0.012,0.702,0.712 | -0.040,-0.070,0.017
q_GtoI = -0.771,-0.291,-0.510,0.247 | p_IinG = 2.600,7.714,0.440 | dist = 88.09 (meters)
bg = -0.0039,0.0192,0.0762 | ba = -0.0055,0.1477,0.1738
camera-imu timeoffset = 0.00008
cam0 intrinsics = 465.564,467.201,364.464,250.561 | -0.278,0.070,0.000,-0.000
cam1 intrinsics = 464.434,466.069,377.238,257.361 | -0.277,0.070,-0.000,-0.000
cam0 extrinsics = -0.008,0.007,0.702,0.712 | 0.077,-0.071,0.015
cam1 extrinsics = -0.003,0.012,0.702,0.712 | -0.040,-0.070,0.017
q_GtoI = -0.775,-0.281,-0.513,0.240 | p_IinG = 2.594,7.646,0.456 | dist = 88.16 (meters)
bg = -0.0041,0.0192,0.0763 | ba = -0.0094,0.1467,0.1734
camera-imu timeoffset = 0.00008
cam0 intrinsics = 465.576,467.207,364.446,250.550 | -0.278,0.070,0.000,-0.000
cam1 intrinsics = 464.446,466.074,377.220,257.348 | -0.277,0.070,-0.000,-0.000
cam0 extrinsics = -0.008,0.007,0.702,0.712 | 0.077,-0.071,0.015
cam1 extrinsics = -0.003,0.012,0.702,0.712 | -0.040,-0.070,0.017
q_GtoI = -0.779,-0.271,-0.517,0.230 | p_IinG = 2.588,7.579,0.470 | dist = 88.23 (meters)
bg = -0.0042,0.0192,0.0763 | ba = -0.0100,0.1476,0.1725
camera-imu timeoffset = 0.00008
cam0 intrinsics = 465.575,467.205,364.450,250.550 | -0.278,0.070,0.000,-0.000
cam1 intrinsics = 464.445,466.072,377.225,257.349 | -0.277,0.070,-0.000,-0.000
cam0 extrinsics = -0.008,0.007,0.702,0.712 | 0.077,-0.071,0.015
cam1 extrinsics = -0.003,0.012,0.702,0.712 | -0.040,-0.070,0.017
q_GtoI = -0.782,-0.261,-0.522,0.220 | p_IinG = 2.583,7.513,0.489 | dist = 88.30 (meters)
bg = -0.0044,0.0192,0.0764 | ba = -0.0137,0.1497,0.1727
camera-imu timeoffset = 0.00008
cam0 intrinsics = 465.584,467.214,364.430,250.536 | -0.278,0.070,0.000,-0.000
cam1 intrinsics = 464.456,466.083,377.208,257.335 | -0.277,0.070,-0.000,-0.000
cam0 extrinsics = -0.008,0.007,0.702,0.712 | 0.078,-0.071,0.015
cam1 extrinsics = -0.003,0.012,0.702,0.712 | -0.040,-0.070,0.017
q_GtoI = -0.783,-0.250,-0.529,0.209 | p_IinG = 2.582,7.444,0.509 | dist = 88.37 (meters)
bg = -0.0045,0.0192,0.0764 | ba = -0.0156,0.1498,0.1717
camera-imu timeoffset = 0.00008
cam0 intrinsics = 465.584,467.214,364.428,250.535 | -0.278,0.070,0.000,-0.000
cam1 intrinsics = 464.456,466.084,377.208,257.334 | -0.277,0.070,-0.000,-0.000
cam0 extrinsics = -0.008,0.007,0.702,0.712 | 0.078,-0.071,0.015
cam1 extrinsics = -0.003,0.012,0.702,0.712 | -0.040,-0.070,0.017
q_GtoI = -0.785,-0.240,-0.536,0.196 | p_IinG = 2.580,7.376,0.531 | dist = 88.44 (meters)
bg = -0.0046,0.0194,0.0765 | ba = -0.0173,0.1505,0.1712
camera-imu timeoffset = 0.00008
cam0 intrinsics = 465.577,467.210,364.428,250.533 | -0.278,0.070,0.000,-0.000
cam1 intrinsics = 464.450,466.080,377.208,257.332 | -0.277,0.070,-0.000,-0.000
cam0 extrinsics = -0.008,0.007,0.702,0.712 | 0.078,-0.071,0.015
cam1 extrinsics = -0.003,0.012,0.702,0.712 | -0.040,-0.070,0.017
q_GtoI = -0.787,-0.229,-0.542,0.185 | p_IinG = 2.580,7.308,0.553 | dist = 88.52 (meters)
bg = -0.0048,0.0195,0.0765 | ba = -0.0188,0.1507,0.1703
camera-imu timeoffset = 0.00008
cam0 intrinsics = 465.573,467.210,364.419,250.531 | -0.278,0.070,0.000,-0.000
cam1 intrinsics = 464.446,466.080,377.201,257.329 | -0.277,0.070,-0.000,-0.000
cam0 extrinsics = -0.008,0.007,0.702,0.712 | 0.078,-0.070,0.015
cam1 extrinsics = -0.003,0.012,0.702,0.712 | -0.040,-0.070,0.017
q_GtoI = -0.789,-0.217,-0.547,0.175 | p_IinG = 2.579,7.239,0.574 | dist = 88.59 (meters)
bg = -0.0049,0.0195,0.0767 | ba = -0.0203,0.1511,0.1715
camera-imu timeoffset = 0.00008
cam0 intrinsics = 465.573,467.218,364.416,250.524 | -0.278,0.070,0.000,-0.000
cam1 intrinsics = 464.446,466.088,377.198,257.322 | -0.277,0.070,-0.000,-0.000
cam0 extrinsics = -0.008,0.007,0.702,0.712 | 0.078,-0.070,0.016
cam1 extrinsics = -0.003,0.012,0.702,0.712 | -0.040,-0.070,0.017
q_GtoI = -0.792,-0.205,-0.552,0.164 | p_IinG = 2.575,7.170,0.592 | dist = 88.66 (meters)
bg = -0.0051,0.0195,0.0770 | ba = -0.0214,0.1509,0.1733
camera-imu timeoffset = 0.00008
cam0 intrinsics = 465.578,467.229,364.398,250.516 | -0.278,0.070,0.000,-0.000
cam1 intrinsics = 464.450,466.098,377.179,257.313 | -0.277,0.070,-0.000,-0.000
cam0 extrinsics = -0.008,0.007,0.702,0.712 | 0.078,-0.070,0.016
cam1 extrinsics = -0.003,0.012,0.702,0.712 | -0.040,-0.070,0.017
q_GtoI = -0.794,-0.192,-0.556,0.154 | p_IinG = 2.576,7.104,0.618 | dist = 88.73 (meters)
bg = -0.0052,0.0195,0.0774 | ba = -0.0278,0.1516,0.1716
camera-imu timeoffset = 0.00007
cam0 intrinsics = 465.587,467.254,364.408,250.533 | -0.278,0.070,0.000,-0.000
cam1 intrinsics = 464.460,466.124,377.187,257.332 | -0.277,0.070,-0.000,-0.000
cam0 extrinsics = -0.008,0.007,0.702,0.712 | 0.078,-0.071,0.016
cam1 extrinsics = -0.003,0.012,0.702,0.712 | -0.040,-0.070,0.017
q_GtoI = -0.796,-0.180,-0.560,0.144 | p_IinG = 2.574,7.036,0.638 | dist = 88.80 (meters)
bg = -0.0053,0.0197,0.0775 | ba = -0.0317,0.1524,0.1715
camera-imu timeoffset = 0.00007
cam0 intrinsics = 465.592,467.267,364.396,250.527 | -0.278,0.070,0.000,-0.000
cam1 intrinsics = 464.464,466.135,377.176,257.327 | -0.277,0.070,-0.000,-0.000
cam0 extrinsics = -0.008,0.007,0.702,0.712 | 0.078,-0.071,0.016
cam1 extrinsics = -0.003,0.012,0.702,0.712 | -0.040,-0.070,0.017
q_GtoI = -0.799,-0.168,-0.561,0.136 | p_IinG = 2.584,6.963,0.661 | dist = 88.87 (meters)
bg = -0.0058,0.0205,0.0775 | ba = -0.0421,0.1456,0.1636
camera-imu timeoffset = 0.00008
cam0 intrinsics = 465.609,467.303,364.385,250.633 | -0.278,0.070,0.000,-0.000
cam1 intrinsics = 464.480,466.168,377.144,257.434 | -0.277,0.069,-0.000,-0.000
cam0 extrinsics = -0.008,0.007,0.702,0.713 | 0.078,-0.071,0.015
cam1 extrinsics = -0.003,0.012,0.702,0.712 | -0.040,-0.071,0.017
q_GtoI = -0.801,-0.156,-0.564,0.128 | p_IinG = 2.580,6.894,0.673 | dist = 88.94 (meters)
bg = -0.0058,0.0205,0.0775 | ba = -0.0418,0.1452,0.1635
camera-imu timeoffset = 0.00008
cam0 intrinsics = 465.608,467.307,364.384,250.634 | -0.278,0.070,0.000,-0.000
cam1 intrinsics = 464.479,466.172,377.140,257.433 | -0.277,0.069,-0.000,-0.000
cam0 extrinsics = -0.008,0.007,0.702,0.712 | 0.078,-0.071,0.015
cam1 extrinsics = -0.003,0.012,0.702,0.712 | -0.040,-0.071,0.017
q_GtoI = -0.803,-0.147,-0.565,0.121 | p_IinG = 2.577,6.826,0.684 | dist = 89.01 (meters)
bg = -0.0058,0.0205,0.0775 | ba = -0.0404,0.1459,0.1628
camera-imu timeoffset = 0.00008
cam0 intrinsics = 465.605,467.307,364.384,250.634 | -0.278,0.070,0.000,-0.000
cam1 intrinsics = 464.476,466.173,377.139,257.433 | -0.277,0.069,-0.000,-0.000
cam0 extrinsics = -0.008,0.007,0.702,0.712 | 0.078,-0.071,0.015
cam1 extrinsics = -0.003,0.012,0.702,0.712 | -0.040,-0.071,0.017
q_GtoI = -0.804,-0.139,-0.567,0.115 | p_IinG = 2.574,6.759,0.694 | dist = 89.08 (meters)
bg = -0.0058,0.0205,0.0775 | ba = -0.0385,0.1463,0.1609
camera-imu timeoffset = 0.00008
cam0 intrinsics = 465.605,467.310,364.383,250.634 | -0.278,0.070,0.000,-0.000
cam1 intrinsics = 464.477,466.176,377.135,257.431 | -0.277,0.069,-0.000,-0.000
cam0 extrinsics = -0.008,0.007,0.702,0.712 | 0.078,-0.071,0.015
cam1 extrinsics = -0.003,0.012,0.702,0.712 | -0.040,-0.071,0.017
q_GtoI = -0.805,-0.132,-0.567,0.111 | p_IinG = 2.571,6.693,0.706 | dist = 89.15 (meters)
bg = -0.0059,0.0205,0.0774 | ba = -0.0362,0.1468,0.1591
camera-imu timeoffset = 0.00008
cam0 intrinsics = 465.602,467.309,364.378,250.632 | -0.278,0.070,0.000,-0.000
cam1 intrinsics = 464.474,466.175,377.130,257.429 | -0.277,0.069,-0.000,-0.000
cam0 extrinsics = -0.008,0.007,0.702,0.712 | 0.078,-0.071,0.015
cam1 extrinsics = -0.003,0.012,0.702,0.712 | -0.040,-0.071,0.017
q_GtoI = -0.806,-0.127,-0.568,0.108 | p_IinG = 2.568,6.627,0.719 | dist = 89.22 (meters)
bg = -0.0059,0.0206,0.0774 | ba = -0.0338,0.1469,0.1580
camera-imu timeoffset = 0.00008
cam0 intrinsics = 465.606,467.313,364.373,250.628 | -0.278,0.070,0.000,-0.000
cam1 intrinsics = 464.477,466.179,377.124,257.425 | -0.277,0.069,-0.000,-0.000
cam0 extrinsics = -0.008,0.007,0.702,0.712 | 0.078,-0.071,0.015
cam1 extrinsics = -0.003,0.012,0.702,0.712 | -0.040,-0.071,0.016
q_GtoI = -0.807,-0.122,-0.568,0.105 | p_IinG = 2.565,6.562,0.735 | dist = 89.29 (meters)
bg = -0.0059,0.0207,0.0773 | ba = -0.0314,0.1475,0.1564
camera-imu timeoffset = 0.00008
cam0 intrinsics = 465.610,467.316,364.365,250.624 | -0.278,0.070,0.000,-0.000
cam1 intrinsics = 464.481,466.182,377.114,257.422 | -0.277,0.069,-0.000,-0.000
cam0 extrinsics = -0.008,0.007,0.702,0.712 | 0.078,-0.071,0.015
cam1 extrinsics = -0.003,0.012,0.702,0.712 | -0.040,-0.071,0.016
q_GtoI = -0.808,-0.115,-0.568,0.103 | p_IinG = 2.571,6.502,0.754 | dist = 89.36 (meters)
bg = -0.0064,0.0210,0.0772 | ba = -0.0287,0.1509,0.1448
camera-imu timeoffset = 0.00008
cam0 intrinsics = 465.635,467.337,364.366,250.633 | -0.278,0.070,0.000,-0.000
cam1 intrinsics = 464.505,466.201,377.110,257.428 | -0.277,0.069,-0.000,-0.000
cam0 extrinsics = -0.008,0.007,0.702,0.712 | 0.077,-0.071,0.015
cam1 extrinsics = -0.003,0.012,0.702,0.712 | -0.040,-0.070,0.017
q_GtoI = -0.809,-0.110,-0.569,0.100 | p_IinG = 2.568,6.438,0.771 | dist = 89.43 (meters)
bg = -0.0064,0.0210,0.0773 | ba = -0.0259,0.1534,0.1440
camera-imu timeoffset = 0.00008
cam0 intrinsics = 465.635,467.335,364.370,250.632 | -0.278,0.070,0.000,-0.000
cam1 intrinsics = 464.506,466.199,377.112,257.427 | -0.277,0.069,-0.000,-0.000
cam0 extrinsics = -0.008,0.007,0.702,0.712 | 0.077,-0.071,0.014
cam1 extrinsics = -0.003,0.012,0.702,0.712 | -0.040,-0.070,0.016
q_GtoI = -0.810,-0.104,-0.569,0.096 | p_IinG = 2.564,6.374,0.785 | dist = 89.49 (meters)
bg = -0.0063,0.0209,0.0775 | ba = -0.0227,0.1558,0.1426
camera-imu timeoffset = 0.00008
cam0 intrinsics = 465.636,467.333,364.373,250.630 | -0.278,0.070,0.000,-0.000
cam1 intrinsics = 464.506,466.197,377.115,257.425 | -0.277,0.069,-0.000,-0.000
cam0 extrinsics = -0.008,0.007,0.702,0.712 | 0.077,-0.071,0.014
cam1 extrinsics = -0.003,0.012,0.702,0.712 | -0.040,-0.070,0.016
q_GtoI = -0.811,-0.098,-0.569,0.093 | p_IinG = 2.567,6.310,0.796 | dist = 89.56 (meters)
bg = -0.0066,0.0211,0.0770 | ba = -0.0176,0.1577,0.1331
camera-imu timeoffset = 0.00008
cam0 intrinsics = 465.635,467.343,364.381,250.668 | -0.278,0.070,0.000,-0.000
cam1 intrinsics = 464.504,466.206,377.119,257.471 | -0.277,0.070,-0.000,-0.000
cam0 extrinsics = -0.008,0.007,0.702,0.712 | 0.076,-0.070,0.014
cam1 extrinsics = -0.003,0.012,0.702,0.712 | -0.041,-0.070,0.016
q_GtoI = -0.812,-0.092,-0.570,0.088 | p_IinG = 2.564,6.247,0.808 | dist = 89.63 (meters)
bg = -0.0066,0.0211,0.0770 | ba = -0.0167,0.1597,0.1321
camera-imu timeoffset = 0.00008
cam0 intrinsics = 465.641,467.347,364.377,250.678 | -0.278,0.070,0.000,-0.000
cam1 intrinsics = 464.509,466.210,377.114,257.482 | -0.277,0.070,-0.000,-0.000
cam0 extrinsics = -0.008,0.007,0.702,0.712 | 0.076,-0.070,0.014
cam1 extrinsics = -0.003,0.012,0.702,0.712 | -0.041,-0.070,0.016
q_GtoI = -0.813,-0.085,-0.570,0.083 | p_IinG = 2.562,6.183,0.818 | dist = 89.69 (meters)
bg = -0.0067,0.0211,0.0770 | ba = -0.0158,0.1626,0.1305
camera-imu timeoffset = 0.00008
cam0 intrinsics = 465.653,467.357,364.368,250.700 | -0.278,0.070,0.000,-0.000
cam1 intrinsics = 464.520,466.219,377.101,257.504 | -0.277,0.069,-0.000,-0.000
cam0 extrinsics = -0.008,0.007,0.702,0.712 | 0.076,-0.070,0.014
cam1 extrinsics = -0.003,0.011,0.702,0.712 | -0.042,-0.070,0.016
q_GtoI = -0.814,-0.078,-0.570,0.078 | p_IinG = 2.557,6.120,0.824 | dist = 89.76 (meters)
bg = -0.0066,0.0211,0.0770 | ba = -0.0149,0.1652,0.1309
camera-imu timeoffset = 0.00008
cam0 intrinsics = 465.660,467.364,364.376,250.689 | -0.278,0.070,0.000,-0.000
cam1 intrinsics = 464.527,466.226,377.107,257.493 | -0.277,0.070,-0.000,-0.000
cam0 extrinsics = -0.008,0.007,0.702,0.712 | 0.076,-0.070,0.014
cam1 extrinsics = -0.003,0.011,0.702,0.712 | -0.042,-0.070,0.016
q_GtoI = -0.815,-0.069,-0.570,0.073 | p_IinG = 2.551,6.059,0.828 | dist = 89.82 (meters)
bg = -0.0063,0.0213,0.0770 | ba = -0.0146,0.1715,0.1307
camera-imu timeoffset = 0.00008
cam0 intrinsics = 465.655,467.360,364.390,250.693 | -0.278,0.070,0.000,-0.000
cam1 intrinsics = 464.523,466.223,377.117,257.498 | -0.277,0.070,-0.000,-0.000
cam0 extrinsics = -0.008,0.007,0.702,0.712 | 0.075,-0.070,0.014
cam1 extrinsics = -0.003,0.011,0.702,0.712 | -0.042,-0.070,0.016
q_GtoI = -0.816,-0.060,-0.571,0.068 | p_IinG = 2.547,5.994,0.824 | dist = 89.89 (meters)
bg = -0.0064,0.0213,0.0768 | ba = -0.0140,0.1725,0.1319
camera-imu timeoffset = 0.00008
cam0 intrinsics = 465.658,467.365,364.400,250.684 | -0.278,0.070,0.000,-0.000
cam1 intrinsics = 464.526,466.228,377.125,257.488 | -0.277,0.070,-0.000,-0.000
cam0 extrinsics = -0.008,0.007,0.702,0.712 | 0.075,-0.070,0.014
cam1 extrinsics = -0.003,0.011,0.702,0.712 | -0.042,-0.070,0.016
q_GtoI = -0.817,-0.050,-0.571,0.061 | p_IinG = 2.541,5.931,0.815 | dist = 89.96 (meters)
bg = -0.0064,0.0213,0.0766 | ba = -0.0120,0.1741,0.1326
camera-imu timeoffset = 0.00008
cam0 intrinsics = 465.665,467.372,364.409,250.664 | -0.278,0.070,0.000,-0.000
cam1 intrinsics = 464.532,466.235,377.134,257.469 | -0.277,0.070,-0.000,-0.000
cam0 extrinsics = -0.008,0.007,0.702,0.712 | 0.075,-0.070,0.014
cam1 extrinsics = -0.003,0.011,0.702,0.712 | -0.042,-0.070,0.016
q_GtoI = -0.818,-0.041,-0.571,0.055 | p_IinG = 2.537,5.865,0.802 | dist = 90.02 (meters)
bg = -0.0065,0.0214,0.0767 | ba = -0.0111,0.1735,0.1336
camera-imu timeoffset = 0.00008
cam0 intrinsics = 465.673,467.383,364.400,250.659 | -0.278,0.070,0.000,-0.000
cam1 intrinsics = 464.541,466.248,377.126,257.464 | -0.277,0.070,-0.000,-0.000
cam0 extrinsics = -0.008,0.007,0.702,0.712 | 0.075,-0.070,0.014
cam1 extrinsics = -0.003,0.011,0.702,0.712 | -0.042,-0.070,0.016
q_GtoI = -0.819,-0.032,-0.571,0.048 | p_IinG = 2.533,5.799,0.788 | dist = 90.09 (meters)
bg = -0.0065,0.0212,0.0769 | ba = -0.0096,0.1736,0.1344
camera-imu timeoffset = 0.00008
cam0 intrinsics = 465.685,467.396,364.400,250.663 | -0.278,0.070,0.000,-0.000
cam1 intrinsics = 464.555,466.263,377.126,257.466 | -0.277,0.070,-0.000,-0.000
cam0 extrinsics = -0.008,0.007,0.702,0.712 | 0.075,-0.070,0.014
cam1 extrinsics = -0.003,0.011,0.702,0.712 | -0.042,-0.070,0.016
q_GtoI = -0.819,-0.023,-0.571,0.044 | p_IinG = 2.527,5.729,0.772 | dist = 90.16 (meters)
bg = -0.0064,0.0213,0.0769 | ba = -0.0094,0.1728,0.1348
camera-imu timeoffset = 0.00008
cam0 intrinsics = 465.690,467.404,364.416,250.663 | -0.278,0.070,0.000,-0.000
cam1 intrinsics = 464.560,466.272,377.138,257.464 | -0.277,0.070,-0.000,-0.000
cam0 extrinsics = -0.008,0.007,0.702,0.712 | 0.075,-0.070,0.014
cam1 extrinsics = -0.003,0.012,0.702,0.712 | -0.042,-0.070,0.016
q_GtoI = -0.820,-0.017,-0.570,0.039 | p_IinG = 2.523,5.664,0.755 | dist = 90.22 (meters)
bg = -0.0065,0.0213,0.0770 | ba = -0.0073,0.1719,0.1341
camera-imu timeoffset = 0.00008
cam0 intrinsics = 465.707,467.422,364.400,250.642 | -0.278,0.070,0.000,-0.000
cam1 intrinsics = 464.577,466.290,377.119,257.443 | -0.277,0.070,-0.000,-0.000
cam0 extrinsics = -0.008,0.007,0.702,0.712 | 0.075,-0.070,0.014
cam1 extrinsics = -0.003,0.012,0.702,0.712 | -0.042,-0.070,0.016
q_GtoI = -0.822,-0.011,-0.569,0.034 | p_IinG = 2.518,5.598,0.736 | dist = 90.29 (meters)
bg = -0.0064,0.0212,0.0772 | ba = -0.0050,0.1716,0.1329
camera-imu timeoffset = 0.00008
cam0 intrinsics = 465.717,467.437,364.389,250.633 | -0.278,0.070,0.000,-0.000
cam1 intrinsics = 464.588,466.305,377.106,257.434 | -0.277,0.070,-0.000,-0.000
cam0 extrinsics = -0.008,0.007,0.702,0.712 | 0.075,-0.070,0.014
cam1 extrinsics = -0.003,0.011,0.702,0.712 | -0.042,-0.070,0.016
q_GtoI = -0.824,-0.006,-0.566,0.031 | p_IinG = 2.514,5.530,0.718 | dist = 90.36 (meters)
bg = -0.0065,0.0214,0.0773 | ba = -0.0038,0.1715,0.1303
camera-imu timeoffset = 0.00008
cam0 intrinsics = 465.717,467.441,364.391,250.631 | -0.278,0.070,0.000,-0.000
cam1 intrinsics = 464.588,466.311,377.103,257.431 | -0.277,0.070,-0.000,-0.000
cam0 extrinsics = -0.008,0.007,0.702,0.712 | 0.075,-0.070,0.014
cam1 extrinsics = -0.003,0.011,0.702,0.712 | -0.042,-0.069,0.016
q_GtoI = -0.827,-0.002,-0.562,0.028 | p_IinG = 2.510,5.465,0.699 | dist = 90.43 (meters)
bg = -0.0064,0.0213,0.0774 | ba = -0.0028,0.1720,0.1294
camera-imu timeoffset = 0.00008
cam0 intrinsics = 465.719,467.446,364.393,250.633 | -0.278,0.070,0.000,-0.000
cam1 intrinsics = 464.591,466.317,377.106,257.433 | -0.277,0.070,-0.000,-0.000
cam0 extrinsics = -0.008,0.007,0.702,0.712 | 0.075,-0.070,0.014
cam1 extrinsics = -0.003,0.011,0.702,0.712 | -0.042,-0.069,0.016
q_GtoI = -0.831,0.003,-0.555,0.028 | p_IinG = 2.506,5.400,0.678 | dist = 90.49 (meters)
bg = -0.0063,0.0212,0.0775 | ba = -0.0021,0.1718,0.1283
camera-imu timeoffset = 0.00007
cam0 intrinsics = 465.721,467.449,364.395,250.636 | -0.278,0.070,0.000,-0.000
cam1 intrinsics = 464.593,466.321,377.108,257.436 | -0.277,0.070,-0.000,-0.000
cam0 extrinsics = -0.008,0.007,0.702,0.712 | 0.075,-0.070,0.014
cam1 extrinsics = -0.003,0.012,0.702,0.712 | -0.042,-0.069,0.016
q_GtoI = -0.836,0.008,-0.548,0.030 | p_IinG = 2.503,5.336,0.656 | dist = 90.56 (meters)
bg = -0.0061,0.0211,0.0776 | ba = -0.0010,0.1721,0.1265
camera-imu timeoffset = 0.00007
cam0 intrinsics = 465.720,467.449,364.393,250.644 | -0.278,0.070,0.000,-0.000
cam1 intrinsics = 464.593,466.322,377.107,257.445 | -0.277,0.070,-0.000,-0.000
cam0 extrinsics = -0.008,0.007,0.702,0.712 | 0.075,-0.070,0.014
cam1 extrinsics = -0.003,0.011,0.702,0.712 | -0.042,-0.069,0.016
q_GtoI = -0.839,0.012,-0.543,0.032 | p_IinG = 2.501,5.272,0.634 | dist = 90.63 (meters)
bg = -0.0060,0.0210,0.0775 | ba = 0.0000,0.1717,0.1251
camera-imu timeoffset = 0.00007
cam0 intrinsics = 465.718,467.446,364.390,250.647 | -0.278,0.070,0.000,-0.000
cam1 intrinsics = 464.592,466.320,377.104,257.447 | -0.277,0.070,-0.000,-0.000
cam0 extrinsics = -0.008,0.007,0.702,0.712 | 0.075,-0.069,0.014
cam1 extrinsics = -0.003,0.011,0.702,0.712 | -0.042,-0.069,0.016
q_GtoI = -0.842,0.014,-0.539,0.033 | p_IinG = 2.500,5.206,0.611 | dist = 90.70 (meters)
bg = -0.0058,0.0208,0.0775 | ba = 0.0017,0.1710,0.1242
camera-imu timeoffset = 0.00008
cam0 intrinsics = 465.716,467.443,364.387,250.647 | -0.278,0.070,0.000,-0.000
cam1 intrinsics = 464.590,466.317,377.100,257.447 | -0.277,0.070,-0.000,-0.000
cam0 extrinsics = -0.008,0.007,0.702,0.712 | 0.075,-0.069,0.014
cam1 extrinsics = -0.003,0.011,0.702,0.712 | -0.042,-0.069,0.016
q_GtoI = -0.841,0.014,-0.540,0.032 | p_IinG = 2.502,5.139,0.590 | dist = 90.76 (meters)
bg = -0.0058,0.0207,0.0775 | ba = 0.0037,0.1698,0.1235
camera-imu timeoffset = 0.00008
cam0 intrinsics = 465.716,467.446,364.384,250.645 | -0.278,0.070,0.000,-0.000
cam1 intrinsics = 464.590,466.320,377.098,257.446 | -0.277,0.070,-0.000,-0.000
cam0 extrinsics = -0.008,0.007,0.702,0.712 | 0.075,-0.069,0.014
cam1 extrinsics = -0.003,0.011,0.702,0.712 | -0.042,-0.069,0.016
q_GtoI = -0.840,0.012,-0.542,0.029 | p_IinG = 2.504,5.071,0.569 | dist = 90.83 (meters)
bg = -0.0059,0.0207,0.0771 | ba = 0.0072,0.1680,0.1232
camera-imu timeoffset = 0.00007
cam0 intrinsics = 465.725,467.455,364.373,250.641 | -0.278,0.070,0.000,-0.000
cam1 intrinsics = 464.598,466.329,377.086,257.443 | -0.277,0.070,-0.000,-0.000
cam0 extrinsics = -0.008,0.007,0.702,0.712 | 0.075,-0.069,0.014
cam1 extrinsics = -0.003,0.011,0.702,0.712 | -0.042,-0.069,0.016
q_GtoI = -0.838,0.010,-0.546,0.026 | p_IinG = 2.510,5.003,0.554 | dist = 90.90 (meters)
bg = -0.0059,0.0206,0.0771 | ba = 0.0092,0.1672,0.1239
camera-imu timeoffset = 0.00007
cam0 intrinsics = 465.725,467.457,364.359,250.644 | -0.278,0.070,0.000,-0.000
cam1 intrinsics = 464.598,466.331,377.074,257.446 | -0.277,0.070,-0.000,-0.000
cam0 extrinsics = -0.008,0.007,0.702,0.712 | 0.075,-0.069,0.014
cam1 extrinsics = -0.003,0.011,0.702,0.712 | -0.042,-0.069,0.016
q_GtoI = -0.835,0.007,-0.549,0.024 | p_IinG = 2.516,4.933,0.540 | dist = 90.97 (meters)
bg = -0.0059,0.0205,0.0769 | ba = 0.0119,0.1659,0.1260
camera-imu timeoffset = 0.00007
cam0 intrinsics = 465.723,467.452,364.346,250.644 | -0.278,0.070,0.000,-0.000
cam1 intrinsics = 464.596,466.328,377.061,257.445 | -0.277,0.070,-0.000,-0.000
cam0 extrinsics = -0.008,0.007,0.702,0.712 | 0.076,-0.069,0.014
cam1 extrinsics = -0.003,0.011,0.702,0.712 | -0.041,-0.068,0.016
q_GtoI = -0.833,0.003,-0.553,0.020 | p_IinG = 2.524,4.864,0.530 | dist = 91.04 (meters)
bg = -0.0058,0.0204,0.0768 | ba = 0.0116,0.1654,0.1262
camera-imu timeoffset = 0.00007
cam0 intrinsics = 465.721,467.446,364.340,250.640 | -0.278,0.070,0.000,-0.000
cam1 intrinsics = 464.594,466.321,377.056,257.442 | -0.277,0.070,-0.000,-0.000
cam0 extrinsics = -0.008,0.007,0.702,0.712 | 0.076,-0.069,0.014
cam1 extrinsics = -0.003,0.011,0.702,0.712 | -0.041,-0.068,0.016
q_GtoI = -0.832,0.001,-0.554,0.019 | p_IinG = 2.534,4.787,0.518 | dist = 91.11 (meters)
bg = -0.0060,0.0205,0.0766 | ba = 0.0132,0.1629,0.1243
camera-imu timeoffset = 0.00007
cam0 intrinsics = 465.706,467.425,364.353,250.634 | -0.278,0.070,0.000,-0.000
cam1 intrinsics = 464.578,466.299,377.071,257.436 | -0.277,0.070,-0.000,-0.000
cam0 extrinsics = -0.008,0.007,0.702,0.712 | 0.076,-0.068,0.015
cam1 extrinsics = -0.003,0.011,0.702,0.712 | -0.041,-0.068,0.016
q_GtoI = -0.833,-0.002,-0.553,0.017 | p_IinG = 2.545,4.719,0.512 | dist = 91.18 (meters)
bg = -0.0059,0.0205,0.0767 | ba = 0.0140,0.1642,0.1244
camera-imu timeoffset = 0.00007
cam0 intrinsics = 465.701,467.408,364.347,250.617 | -0.278,0.070,0.000,-0.000
cam1 intrinsics = 464.573,466.283,377.066,257.417 | -0.277,0.069,-0.000,-0.000
cam0 extrinsics = -0.008,0.007,0.702,0.712 | 0.075,-0.067,0.015
cam1 extrinsics = -0.003,0.011,0.702,0.712 | -0.042,-0.067,0.017
q_GtoI = -0.834,-0.005,-0.551,0.017 | p_IinG = 2.557,4.650,0.507 | dist = 91.24 (meters)
bg = -0.0058,0.0204,0.0768 | ba = 0.0134,0.1636,0.1239
camera-imu timeoffset = 0.00007
cam0 intrinsics = 465.692,467.399,364.348,250.611 | -0.278,0.070,0.000,-0.000
cam1 intrinsics = 464.564,466.274,377.069,257.412 | -0.277,0.069,-0.000,-0.000
cam0 extrinsics = -0.008,0.007,0.702,0.712 | 0.075,-0.067,0.015
cam1 extrinsics = -0.003,0.011,0.702,0.712 | -0.042,-0.067,0.016
q_GtoI = -0.836,-0.006,-0.549,0.017 | p_IinG = 2.571,4.581,0.503 | dist = 91.31 (meters)
bg = -0.0058,0.0203,0.0770 | ba = 0.0125,0.1626,0.1235
camera-imu timeoffset = 0.00007
cam0 intrinsics = 465.681,467.389,364.348,250.604 | -0.278,0.070,0.000,-0.000
cam1 intrinsics = 464.554,466.264,377.069,257.405 | -0.277,0.069,-0.000,-0.000
cam0 extrinsics = -0.008,0.007,0.702,0.712 | 0.075,-0.067,0.015
cam1 extrinsics = -0.003,0.011,0.702,0.712 | -0.042,-0.067,0.016
q_GtoI = -0.838,-0.008,-0.546,0.017 | p_IinG = 2.585,4.512,0.500 | dist = 91.38 (meters)
bg = -0.0058,0.0201,0.0771 | ba = 0.0109,0.1620,0.1220
camera-imu timeoffset = 0.00007
cam0 intrinsics = 465.675,467.383,364.347,250.600 | -0.278,0.070,0.000,-0.000
cam1 intrinsics = 464.548,466.259,377.069,257.400 | -0.277,0.069,-0.000,-0.000
cam0 extrinsics = -0.008,0.007,0.702,0.712 | 0.075,-0.067,0.015
cam1 extrinsics = -0.003,0.011,0.702,0.712 | -0.042,-0.067,0.016
q_GtoI = -0.839,-0.010,-0.543,0.016 | p_IinG = 2.601,4.445,0.500 | dist = 91.45 (meters)
bg = -0.0058,0.0201,0.0771 | ba = 0.0098,0.1615,0.1214
camera-imu timeoffset = 0.00007
cam0 intrinsics = 465.677,467.382,364.344,250.601 | -0.278,0.070,0.000,-0.000
cam1 intrinsics = 464.550,466.258,377.067,257.402 | -0.277,0.069,-0.000,-0.000
cam0 extrinsics = -0.008,0.007,0.702,0.712 | 0.075,-0.067,0.015
cam1 extrinsics = -0.003,0.011,0.702,0.712 | -0.042,-0.067,0.016
q_GtoI = -0.840,-0.012,-0.542,0.017 | p_IinG = 2.619,4.376,0.504 | dist = 91.51 (meters)
bg = -0.0058,0.0200,0.0773 | ba = 0.0050,0.1619,0.1188
camera-imu timeoffset = 0.00007
cam0 intrinsics = 465.660,467.377,364.351,250.601 | -0.278,0.070,0.000,-0.000
cam1 intrinsics = 464.531,466.251,377.078,257.400 | -0.277,0.069,-0.000,-0.000
cam0 extrinsics = -0.008,0.007,0.702,0.712 | 0.075,-0.067,0.015
cam1 extrinsics = -0.003,0.011,0.702,0.712 | -0.042,-0.067,0.016
q_GtoI = -0.841,-0.014,-0.541,0.017 | p_IinG = 2.637,4.311,0.509 | dist = 91.58 (meters)
bg = -0.0058,0.0200,0.0772 | ba = 0.0038,0.1612,0.1195
camera-imu timeoffset = 0.00007
cam0 intrinsics = 465.664,467.381,364.347,250.597 | -0.278,0.070,0.000,-0.000
cam1 intrinsics = 464.536,466.256,377.074,257.395 | -0.277,0.069,-0.000,-0.000
cam0 extrinsics = -0.008,0.007,0.702,0.712 | 0.075,-0.067,0.015
cam1 extrinsics = -0.003,0.011,0.702,0.712 | -0.042,-0.067,0.016
q_GtoI = -0.841,-0.015,-0.541,0.017 | p_IinG = 2.658,4.244,0.515 | dist = 91.65 (meters)
bg = -0.0058,0.0199,0.0772 | ba = 0.0028,0.1605,0.1195
camera-imu timeoffset = 0.00007
cam0 intrinsics = 465.657,467.379,364.342,250.589 | -0.278,0.070,0.000,-0.000
cam1 intrinsics = 464.529,466.255,377.071,257.387 | -0.277,0.069,-0.000,-0.000
cam0 extrinsics = -0.008,0.007,0.702,0.712 | 0.075,-0.067,0.015
cam1 extrinsics = -0.003,0.011,0.702,0.712 | -0.042,-0.067,0.016
q_GtoI = -0.840,-0.017,-0.542,0.017 | p_IinG = 2.680,4.181,0.525 | dist = 91.71 (meters)
bg = -0.0057,0.0200,0.0772 | ba = 0.0008,0.1606,0.1193
camera-imu timeoffset = 0.00007
cam0 intrinsics = 465.657,467.382,364.341,250.590 | -0.278,0.070,0.000,-0.000
cam1 intrinsics = 464.530,466.258,377.070,257.389 | -0.277,0.069,-0.000,-0.000
cam0 extrinsics = -0.008,0.007,0.702,0.712 | 0.075,-0.067,0.014
cam1 extrinsics = -0.003,0.011,0.702,0.712 | -0.042,-0.067,0.016
q_GtoI = -0.839,-0.019,-0.543,0.016 | p_IinG = 2.703,4.117,0.537 | dist = 91.78 (meters)
bg = -0.0056,0.0200,0.0772 | ba = -0.0016,0.1604,0.1192
camera-imu timeoffset = 0.00007
cam0 intrinsics = 465.654,467.384,364.342,250.587 | -0.278,0.070,0.000,-0.000
cam1 intrinsics = 464.528,466.261,377.070,257.385 | -0.277,0.069,-0.000,-0.000
cam0 extrinsics = -0.008,0.007,0.702,0.712 | 0.075,-0.067,0.014
cam1 extrinsics = -0.003,0.011,0.702,0.712 | -0.042,-0.067,0.016
q_GtoI = -0.838,-0.021,-0.545,0.015 | p_IinG = 2.729,4.057,0.552 | dist = 91.85 (meters)
bg = -0.0054,0.0200,0.0772 | ba = -0.0046,0.1607,0.1192
camera-imu timeoffset = 0.00007
cam0 intrinsics = 465.653,467.388,364.339,250.586 | -0.278,0.070,0.000,-0.000
cam1 intrinsics = 464.527,466.265,377.068,257.385 | -0.277,0.069,-0.000,-0.000
cam0 extrinsics = -0.008,0.007,0.702,0.713 | 0.075,-0.067,0.014
cam1 extrinsics = -0.003,0.011,0.702,0.712 | -0.042,-0.067,0.016
q_GtoI = -0.838,-0.021,-0.546,0.017 | p_IinG = 2.758,3.992,0.568 | dist = 91.92 (meters)
bg = -0.0055,0.0200,0.0771 | ba = -0.0081,0.1610,0.1163
camera-imu timeoffset = 0.00007
cam0 intrinsics = 465.639,467.382,364.334,250.580 | -0.278,0.070,0.000,-0.000
cam1 intrinsics = 464.512,466.258,377.069,257.381 | -0.277,0.069,-0.000,-0.000
cam0 extrinsics = -0.008,0.007,0.702,0.713 | 0.075,-0.067,0.014
cam1 extrinsics = -0.003,0.011,0.702,0.712 | -0.042,-0.067,0.016
q_GtoI = -0.838,-0.023,-0.545,0.015 | p_IinG = 2.786,3.935,0.587 | dist = 91.98 (meters)
bg = -0.0054,0.0201,0.0771 | ba = -0.0111,0.1615,0.1168
camera-imu timeoffset = 0.00007
cam0 intrinsics = 465.638,467.384,364.327,250.582 | -0.278,0.070,0.000,-0.000
cam1 intrinsics = 464.511,466.261,377.061,257.383 | -0.277,0.069,-0.000,-0.000
cam0 extrinsics = -0.008,0.007,0.702,0.713 | 0.075,-0.067,0.014
cam1 extrinsics = -0.003,0.011,0.702,0.712 | -0.041,-0.067,0.016
q_GtoI = -0.838,-0.024,-0.546,0.016 | p_IinG = 2.816,3.878,0.608 | dist = 92.05 (meters)
bg = -0.0053,0.0201,0.0770 | ba = -0.0141,0.1620,0.1170
camera-imu timeoffset = 0.00007
cam0 intrinsics = 465.635,467.386,364.323,250.581 | -0.278,0.070,0.000,-0.000
cam1 intrinsics = 464.508,466.262,377.057,257.381 | -0.277,0.069,-0.000,-0.000
cam0 extrinsics = -0.008,0.007,0.702,0.713 | 0.076,-0.067,0.014
cam1 extrinsics = -0.003,0.011,0.702,0.712 | -0.041,-0.067,0.016
q_GtoI = -0.837,-0.024,-0.546,0.017 | p_IinG = 2.848,3.823,0.631 | dist = 92.12 (meters)
bg = -0.0052,0.0202,0.0770 | ba = -0.0173,0.1627,0.1167
camera-imu timeoffset = 0.00007
cam0 intrinsics = 465.634,467.388,364.318,250.581 | -0.278,0.070,0.000,-0.000
cam1 intrinsics = 464.507,466.264,377.052,257.381 | -0.277,0.069,-0.000,-0.000
cam0 extrinsics = -0.008,0.007,0.702,0.712 | 0.076,-0.067,0.014
cam1 extrinsics = -0.003,0.011,0.702,0.712 | -0.041,-0.067,0.016
q_GtoI = -0.837,-0.025,-0.547,0.018 | p_IinG = 2.881,3.768,0.653 | dist = 92.19 (meters)
bg = -0.0051,0.0204,0.0770 | ba = -0.0195,0.1630,0.1162
camera-imu timeoffset = 0.00007
cam0 intrinsics = 465.630,467.388,364.315,250.578 | -0.278,0.070,0.000,-0.000
cam1 intrinsics = 464.503,466.264,377.049,257.378 | -0.277,0.069,-0.000,-0.000
cam0 extrinsics = -0.008,0.007,0.702,0.712 | 0.076,-0.067,0.014
cam1 extrinsics = -0.003,0.011,0.702,0.712 | -0.041,-0.066,0.016
q_GtoI = -0.837,-0.025,-0.547,0.018 | p_IinG = 2.915,3.713,0.673 | dist = 92.25 (meters)
bg = -0.0050,0.0205,0.0771 | ba = -0.0210,0.1630,0.1161
camera-imu timeoffset = 0.00007
cam0 intrinsics = 465.627,467.387,364.313,250.574 | -0.278,0.070,0.000,-0.000
cam1 intrinsics = 464.501,466.263,377.047,257.374 | -0.277,0.069,-0.000,-0.000
cam0 extrinsics = -0.008,0.007,0.702,0.712 | 0.076,-0.067,0.014
cam1 extrinsics = -0.003,0.011,0.702,0.712 | -0.041,-0.066,0.016
q_GtoI = -0.836,-0.026,-0.547,0.018 | p_IinG = 2.951,3.659,0.692 | dist = 92.32 (meters)
bg = -0.0049,0.0206,0.0771 | ba = -0.0226,0.1632,0.1159
camera-imu timeoffset = 0.00007
cam0 intrinsics = 465.624,467.386,364.311,250.569 | -0.278,0.070,0.000,-0.000
cam1 intrinsics = 464.497,466.262,377.046,257.370 | -0.277,0.069,-0.000,-0.000
cam0 extrinsics = -0.008,0.007,0.702,0.712 | 0.076,-0.067,0.014
cam1 extrinsics = -0.003,0.011,0.702,0.712 | -0.041,-0.066,0.016
q_GtoI = -0.837,-0.026,-0.546,0.020 | p_IinG = 2.987,3.606,0.708 | dist = 92.39 (meters)
bg = -0.0049,0.0207,0.0772 | ba = -0.0237,0.1635,0.1154
camera-imu timeoffset = 0.00007
cam0 intrinsics = 465.620,467.384,364.309,250.562 | -0.278,0.070,0.000,-0.000
cam1 intrinsics = 464.493,466.260,377.045,257.363 | -0.277,0.069,-0.000,-0.000
cam0 extrinsics = -0.008,0.007,0.702,0.712 | 0.076,-0.067,0.014
cam1 extrinsics = -0.003,0.011,0.702,0.712 | -0.041,-0.066,0.016
q_GtoI = -0.837,-0.026,-0.547,0.021 | p_IinG = 3.024,3.553,0.724 | dist = 92.45 (meters)
bg = -0.0049,0.0208,0.0772 | ba = -0.0248,0.1638,0.1153
camera-imu timeoffset = 0.00007
cam0 intrinsics = 465.615,467.382,364.307,250.554 | -0.278,0.070,0.000,-0.000
cam1 intrinsics = 464.489,466.258,377.044,257.355 | -0.277,0.069,-0.000,-0.000
cam0 extrinsics = -0.008,0.007,0.702,0.712 | 0.076,-0.067,0.014
cam1 extrinsics = -0.003,0.011,0.702,0.712 | -0.041,-0.066,0.016
q_GtoI = -0.837,-0.027,-0.547,0.021 | p_IinG = 3.063,3.501,0.737 | dist = 92.52 (meters)
bg = -0.0049,0.0208,0.0773 | ba = -0.0257,0.1644,0.1152
camera-imu timeoffset = 0.00007
cam0 intrinsics = 465.613,467.380,364.306,250.548 | -0.278,0.070,0.000,-0.000
cam1 intrinsics = 464.487,466.256,377.043,257.349 | -0.277,0.069,-0.000,-0.000
cam0 extrinsics = -0.008,0.007,0.702,0.712 | 0.076,-0.067,0.014
cam1 extrinsics = -0.003,0.011,0.702,0.712 | -0.041,-0.066,0.016
q_GtoI = -0.837,-0.028,-0.547,0.021 | p_IinG = 3.103,3.450,0.751 | dist = 92.58 (meters)
bg = -0.0049,0.0210,0.0773 | ba = -0.0274,0.1649,0.1158
camera-imu timeoffset = 0.00007
cam0 intrinsics = 465.612,467.379,364.298,250.537 | -0.278,0.070,0.000,-0.000
cam1 intrinsics = 464.486,466.255,377.035,257.338 | -0.277,0.069,-0.000,-0.000
cam0 extrinsics = -0.008,0.007,0.702,0.712 | 0.076,-0.067,0.014
cam1 extrinsics = -0.003,0.011,0.702,0.712 | -0.041,-0.066,0.016
q_GtoI = -0.836,-0.029,-0.547,0.021 | p_IinG = 3.143,3.400,0.762 | dist = 92.65 (meters)
bg = -0.0049,0.0212,0.0774 | ba = -0.0278,0.1656,0.1160
camera-imu timeoffset = 0.00007
cam0 intrinsics = 465.607,467.375,364.295,250.532 | -0.278,0.070,0.000,-0.000
cam1 intrinsics = 464.481,466.251,377.032,257.333 | -0.277,0.069,-0.000,-0.000
cam0 extrinsics = -0.008,0.007,0.702,0.712 | 0.076,-0.067,0.014
cam1 extrinsics = -0.003,0.011,0.702,0.712 | -0.041,-0.066,0.016
q_GtoI = -0.836,-0.030,-0.547,0.021 | p_IinG = 3.188,3.341,0.770 | dist = 92.71 (meters)
bg = -0.0052,0.0212,0.0775 | ba = -0.0273,0.1669,0.1115
camera-imu timeoffset = 0.00007
cam0 intrinsics = 465.593,467.362,364.292,250.538 | -0.278,0.070,0.000,-0.000
cam1 intrinsics = 464.468,466.239,377.040,257.343 | -0.277,0.069,-0.000,-0.000
cam0 extrinsics = -0.008,0.007,0.702,0.712 | 0.076,-0.067,0.014
cam1 extrinsics = -0.003,0.011,0.702,0.712 | -0.041,-0.066,0.016
q_GtoI = -0.836,-0.031,-0.548,0.021 | p_IinG = 3.230,3.292,0.780 | dist = 92.78 (meters)
bg = -0.0052,0.0212,0.0775 | ba = -0.0281,0.1679,0.1124
camera-imu timeoffset = 0.00007
cam0 intrinsics = 465.586,467.356,364.289,250.536 | -0.278,0.070,0.000,-0.000
cam1 intrinsics = 464.461,466.234,377.038,257.342 | -0.277,0.069,-0.000,-0.000
cam0 extrinsics = -0.008,0.007,0.702,0.712 | 0.076,-0.067,0.014
cam1 extrinsics = -0.003,0.011,0.702,0.712 | -0.041,-0.066,0.016
q_GtoI = -0.836,-0.031,-0.547,0.022 | p_IinG = 3.273,3.243,0.790 | dist = 92.84 (meters)
bg = -0.0053,0.0213,0.0775 | ba = -0.0291,0.1690,0.1135
camera-imu timeoffset = 0.00007
cam0 intrinsics = 465.576,467.349,364.284,250.536 | -0.278,0.070,0.000,-0.000
cam1 intrinsics = 464.452,466.227,377.034,257.342 | -0.277,0.069,-0.000,-0.000
cam0 extrinsics = -0.008,0.007,0.702,0.712 | 0.076,-0.067,0.014
cam1 extrinsics = -0.003,0.011,0.702,0.712 | -0.041,-0.066,0.016
q_GtoI = -0.835,-0.032,-0.548,0.022 | p_IinG = 3.318,3.196,0.800 | dist = 92.90 (meters)
bg = -0.0052,0.0214,0.0775 | ba = -0.0303,0.1703,0.1140
camera-imu timeoffset = 0.00007
cam0 intrinsics = 465.568,467.344,364.272,250.546 | -0.278,0.070,0.000,-0.000
cam1 intrinsics = 464.444,466.223,377.024,257.353 | -0.277,0.069,-0.000,-0.000
cam0 extrinsics = -0.008,0.007,0.702,0.712 | 0.076,-0.067,0.014
cam1 extrinsics = -0.003,0.011,0.702,0.712 | -0.041,-0.066,0.016
q_GtoI = -0.835,-0.032,-0.548,0.021 | p_IinG = 3.363,3.150,0.810 | dist = 92.97 (meters)
bg = -0.0052,0.0216,0.0775 | ba = -0.0311,0.1715,0.1148
camera-imu timeoffset = 0.00007
cam0 intrinsics = 465.558,467.342,364.252,250.565 | -0.278,0.070,0.000,-0.000
cam1 intrinsics = 464.435,466.221,377.004,257.373 | -0.277,0.069,-0.000,-0.000
cam0 extrinsics = -0.008,0.007,0.702,0.712 | 0.076,-0.067,0.014
cam1 extrinsics = -0.003,0.011,0.702,0.712 | -0.040,-0.067,0.016
q_GtoI = -0.835,-0.030,-0.548,0.020 | p_IinG = 3.410,3.104,0.818 | dist = 93.03 (meters)
bg = -0.0052,0.0217,0.0776 | ba = -0.0314,0.1727,0.1140
camera-imu timeoffset = 0.00007
cam0 intrinsics = 465.553,467.340,364.249,250.558 | -0.278,0.070,0.000,-0.000
cam1 intrinsics = 464.430,466.219,377.003,257.366 | -0.277,0.069,-0.000,-0.000
cam0 extrinsics = -0.008,0.007,0.702,0.712 | 0.077,-0.067,0.014
cam1 extrinsics = -0.003,0.011,0.702,0.712 | -0.040,-0.067,0.016
q_GtoI = -0.835,-0.030,-0.548,0.017 | p_IinG = 3.457,3.059,0.827 | dist = 93.10 (meters)
bg = -0.0052,0.0218,0.0776 | ba = -0.0319,0.1740,0.1132
camera-imu timeoffset = 0.00007
cam0 intrinsics = 465.550,467.339,364.245,250.549 | -0.278,0.070,0.000,-0.000
cam1 intrinsics = 464.428,466.219,376.999,257.357 | -0.277,0.069,-0.000,-0.000
cam0 extrinsics = -0.008,0.007,0.702,0.712 | 0.077,-0.067,0.014
cam1 extrinsics = -0.003,0.011,0.702,0.712 | -0.040,-0.067,0.016
q_GtoI = -0.835,-0.029,-0.549,0.016 | p_IinG = 3.506,3.016,0.836 | dist = 93.16 (meters)
bg = -0.0052,0.0219,0.0777 | ba = -0.0322,0.1753,0.1124
camera-imu timeoffset = 0.00007
cam0 intrinsics = 465.547,467.338,364.245,250.544 | -0.278,0.070,0.000,-0.000
cam1 intrinsics = 464.425,466.218,376.999,257.352 | -0.277,0.069,-0.000,-0.000
cam0 extrinsics = -0.008,0.007,0.702,0.712 | 0.077,-0.067,0.014
cam1 extrinsics = -0.003,0.011,0.702,0.712 | -0.040,-0.067,0.016
q_GtoI = -0.835,-0.027,-0.549,0.015 | p_IinG = 3.555,2.974,0.847 | dist = 93.23 (meters)
bg = -0.0053,0.0220,0.0778 | ba = -0.0324,0.1769,0.1117
camera-imu timeoffset = 0.00007
cam0 intrinsics = 465.544,467.337,364.244,250.539 | -0.278,0.070,0.000,-0.000
cam1 intrinsics = 464.422,466.217,376.998,257.347 | -0.277,0.069,-0.000,-0.000
cam0 extrinsics = -0.008,0.007,0.702,0.712 | 0.077,-0.067,0.014
cam1 extrinsics = -0.003,0.011,0.702,0.712 | -0.040,-0.067,0.016
q_GtoI = -0.835,-0.025,-0.550,0.015 | p_IinG = 3.607,2.934,0.858 | dist = 93.29 (meters)
bg = -0.0053,0.0220,0.0779 | ba = -0.0322,0.1781,0.1107
camera-imu timeoffset = 0.00007
cam0 intrinsics = 465.539,467.336,364.241,250.536 | -0.278,0.070,0.000,-0.000
cam1 intrinsics = 464.418,466.217,376.997,257.344 | -0.277,0.069,-0.000,-0.000
cam0 extrinsics = -0.008,0.007,0.702,0.712 | 0.077,-0.067,0.014
cam1 extrinsics = -0.003,0.011,0.702,0.712 | -0.040,-0.067,0.016
q_GtoI = -0.834,-0.024,-0.552,0.012 | p_IinG = 3.658,2.893,0.872 | dist = 93.36 (meters)
bg = -0.0054,0.0221,0.0779 | ba = -0.0325,0.1793,0.1105
camera-imu timeoffset = 0.00007
cam0 intrinsics = 465.538,467.337,364.232,250.525 | -0.278,0.070,0.000,-0.000
cam1 intrinsics = 464.418,466.218,376.989,257.334 | -0.277,0.069,-0.000,-0.000
cam0 extrinsics = -0.008,0.007,0.702,0.712 | 0.077,-0.067,0.014
cam1 extrinsics = -0.003,0.011,0.702,0.712 | -0.040,-0.067,0.016
q_GtoI = -0.832,-0.020,-0.554,0.011 | p_IinG = 3.711,2.854,0.887 | dist = 93.42 (meters)
bg = -0.0054,0.0222,0.0779 | ba = -0.0330,0.1802,0.1105
camera-imu timeoffset = 0.00007
cam0 intrinsics = 465.542,467.341,364.221,250.514 | -0.278,0.070,0.000,-0.000
cam1 intrinsics = 464.421,466.222,376.977,257.323 | -0.277,0.069,-0.000,-0.000
cam0 extrinsics = -0.008,0.007,0.702,0.712 | 0.077,-0.067,0.014
cam1 extrinsics = -0.003,0.011,0.702,0.712 | -0.040,-0.067,0.016
q_GtoI = -0.830,-0.015,-0.557,0.007 | p_IinG = 3.767,2.815,0.897 | dist = 93.49 (meters)
bg = -0.0056,0.0222,0.0782 | ba = -0.0311,0.1817,0.1086
camera-imu timeoffset = 0.00007
cam0 intrinsics = 465.544,467.345,364.205,250.508 | -0.278,0.070,0.000,-0.000
cam1 intrinsics = 464.425,466.228,376.963,257.320 | -0.277,0.069,-0.000,-0.000
cam0 extrinsics = -0.008,0.007,0.702,0.712 | 0.077,-0.067,0.014
cam1 extrinsics = -0.003,0.011,0.702,0.712 | -0.040,-0.067,0.016
q_GtoI = -0.828,-0.009,-0.560,0.003 | p_IinG = 3.817,2.775,0.902 | dist = 93.55 (meters)
bg = -0.0058,0.0219,0.0780 | ba = -0.0264,0.1794,0.1105
camera-imu timeoffset = 0.00007
cam0 intrinsics = 465.545,467.357,364.189,250.486 | -0.278,0.070,0.000,-0.000
cam1 intrinsics = 464.429,466.241,376.946,257.298 | -0.277,0.069,-0.000,-0.000
cam0 extrinsics = -0.008,0.007,0.702,0.712 | 0.077,-0.067,0.014
cam1 extrinsics = -0.003,0.011,0.702,0.712 | -0.040,-0.067,0.016
q_GtoI = 0.827,0.002,0.562,0.004 | p_IinG = 3.869,2.737,0.910 | dist = 93.62 (meters)
bg = -0.0058,0.0218,0.0779 | ba = -0.0256,0.1794,0.1110
camera-imu timeoffset = 0.00007
cam0 intrinsics = 465.550,467.365,364.186,250.482 | -0.278,0.070,0.000,-0.000
cam1 intrinsics = 464.434,466.249,376.945,257.293 | -0.277,0.069,-0.000,-0.000
cam0 extrinsics = -0.008,0.007,0.702,0.712 | 0.077,-0.067,0.015
cam1 extrinsics = -0.003,0.011,0.702,0.712 | -0.040,-0.066,0.016
q_GtoI = 0.826,-0.007,0.564,0.011 | p_IinG = 3.922,2.701,0.916 | dist = 93.68 (meters)
bg = -0.0059,0.0217,0.0779 | ba = -0.0256,0.1797,0.1111
camera-imu timeoffset = 0.00007
cam0 intrinsics = 465.553,467.373,364.178,250.483 | -0.278,0.070,0.000,-0.000
cam1 intrinsics = 464.437,466.258,376.936,257.292 | -0.277,0.069,-0.000,-0.000
cam0 extrinsics = -0.008,0.007,0.702,0.712 | 0.077,-0.067,0.015
cam1 extrinsics = -0.003,0.011,0.702,0.712 | -0.040,-0.067,0.017
q_GtoI = 0.825,-0.017,0.565,0.017 | p_IinG = 3.974,2.665,0.919 | dist = 93.74 (meters)
bg = -0.0060,0.0217,0.0778 | ba = -0.0249,0.1800,0.1118
camera-imu timeoffset = 0.00007
cam0 intrinsics = 465.560,467.382,364.176,250.476 | -0.278,0.070,0.000,-0.000
cam1 intrinsics = 464.444,466.267,376.935,257.284 | -0.277,0.069,-0.000,-0.000
cam0 extrinsics = -0.008,0.007,0.702,0.712 | 0.077,-0.067,0.015
cam1 extrinsics = -0.003,0.011,0.702,0.712 | -0.040,-0.067,0.017
q_GtoI = 0.823,-0.029,0.566,0.024 | p_IinG = 4.025,2.631,0.921 | dist = 93.81 (meters)
bg = -0.0062,0.0217,0.0778 | ba = -0.0241,0.1806,0.1128
camera-imu timeoffset = 0.00007
cam0 intrinsics = 465.568,467.393,364.170,250.466 | -0.278,0.070,0.000,-0.000
cam1 intrinsics = 464.452,466.277,376.930,257.274 | -0.277,0.069,-0.000,-0.000
cam0 extrinsics = -0.008,0.007,0.702,0.712 | 0.077,-0.067,0.015
cam1 extrinsics = -0.003,0.011,0.702,0.712 | -0.040,-0.066,0.017
q_GtoI = 0.823,-0.041,0.566,0.031 | p_IinG = 4.077,2.597,0.922 | dist = 93.87 (meters)
bg = -0.0062,0.0218,0.0777 | ba = -0.0242,0.1812,0.1145
camera-imu timeoffset = 0.00007
cam0 intrinsics = 465.579,467.404,364.172,250.463 | -0.278,0.070,0.000,-0.000
cam1 intrinsics = 464.463,466.289,376.932,257.271 | -0.277,0.069,-0.000,-0.000
cam0 extrinsics = -0.008,0.007,0.702,0.712 | 0.076,-0.067,0.015
cam1 extrinsics = -0.003,0.011,0.702,0.712 | -0.041,-0.067,0.017
q_GtoI = 0.821,-0.053,0.566,0.039 | p_IinG = 4.127,2.564,0.920 | dist = 93.93 (meters)
bg = -0.0063,0.0218,0.0777 | ba = -0.0238,0.1818,0.1164
camera-imu timeoffset = 0.00007
cam0 intrinsics = 465.591,467.417,364.167,250.456 | -0.278,0.070,0.000,-0.000
cam1 intrinsics = 464.475,466.301,376.928,257.263 | -0.277,0.070,-0.000,-0.000
cam0 extrinsics = -0.008,0.007,0.702,0.712 | 0.076,-0.067,0.015
cam1 extrinsics = -0.003,0.011,0.702,0.712 | -0.041,-0.067,0.017
q_GtoI = 0.820,-0.066,0.567,0.047 | p_IinG = 4.177,2.532,0.914 | dist = 93.99 (meters)
bg = -0.0064,0.0218,0.0776 | ba = -0.0233,0.1822,0.1181
camera-imu timeoffset = 0.00007
cam0 intrinsics = 465.604,467.430,364.151,250.441 | -0.278,0.070,0.000,-0.000
cam1 intrinsics = 464.489,466.314,376.913,257.247 | -0.277,0.070,-0.000,-0.000
cam0 extrinsics = -0.008,0.007,0.702,0.712 | 0.076,-0.067,0.015
cam1 extrinsics = -0.003,0.011,0.702,0.712 | -0.041,-0.066,0.017
q_GtoI = 0.818,-0.077,0.567,0.052 | p_IinG = 4.227,2.502,0.909 | dist = 94.05 (meters)
bg = -0.0065,0.0218,0.0775 | ba = -0.0236,0.1826,0.1198
camera-imu timeoffset = 0.00007
cam0 intrinsics = 465.618,467.441,364.153,250.441 | -0.278,0.070,0.000,-0.000
cam1 intrinsics = 464.504,466.327,376.916,257.246 | -0.277,0.070,-0.000,-0.000
cam0 extrinsics = -0.008,0.007,0.702,0.712 | 0.076,-0.067,0.015
cam1 extrinsics = -0.003,0.011,0.702,0.712 | -0.041,-0.066,0.017
q_GtoI = 0.817,-0.087,0.567,0.057 | p_IinG = 4.277,2.472,0.903 | dist = 94.11 (meters)
bg = -0.0065,0.0218,0.0774 | ba = -0.0234,0.1830,0.1211
camera-imu timeoffset = 0.00007
cam0 intrinsics = 465.628,467.450,364.155,250.438 | -0.278,0.070,0.000,-0.000
cam1 intrinsics = 464.513,466.335,376.918,257.244 | -0.277,0.070,-0.000,-0.000
cam0 extrinsics = -0.008,0.007,0.702,0.712 | 0.076,-0.067,0.015
cam1 extrinsics = -0.003,0.011,0.702,0.712 | -0.041,-0.066,0.017
q_GtoI = 0.815,-0.095,0.568,0.060 | p_IinG = 4.326,2.444,0.895 | dist = 94.17 (meters)
bg = -0.0064,0.0218,0.0773 | ba = -0.0223,0.1830,0.1228
camera-imu timeoffset = 0.00007
cam0 intrinsics = 465.638,467.461,364.152,250.437 | -0.278,0.070,0.000,-0.000
cam1 intrinsics = 464.524,466.346,376.915,257.242 | -0.277,0.070,-0.000,-0.000
cam0 extrinsics = -0.008,0.007,0.702,0.712 | 0.075,-0.067,0.015
cam1 extrinsics = -0.003,0.011,0.702,0.712 | -0.041,-0.066,0.017
q_GtoI = 0.814,-0.103,0.568,0.063 | p_IinG = 4.373,2.416,0.885 | dist = 94.23 (meters)
bg = -0.0064,0.0217,0.0772 | ba = -0.0203,0.1818,0.1253
camera-imu timeoffset = 0.00007
cam0 intrinsics = 465.650,467.470,364.146,250.432 | -0.278,0.070,0.000,-0.000
cam1 intrinsics = 464.539,466.359,376.911,257.234 | -0.277,0.070,-0.000,-0.000
cam0 extrinsics = -0.008,0.007,0.702,0.712 | 0.075,-0.067,0.015
cam1 extrinsics = -0.003,0.011,0.702,0.712 | -0.042,-0.066,0.017
q_GtoI = 0.813,-0.111,0.568,0.063 | p_IinG = 4.418,2.389,0.878 | dist = 94.28 (meters)
bg = -0.0064,0.0218,0.0774 | ba = -0.0195,0.1794,0.1313
camera-imu timeoffset = 0.00007
cam0 intrinsics = 465.660,467.481,364.151,250.423 | -0.278,0.070,0.000,-0.000
cam1 intrinsics = 464.551,466.372,376.912,257.226 | -0.277,0.070,-0.000,-0.000
cam0 extrinsics = -0.008,0.007,0.702,0.712 | 0.075,-0.067,0.015
cam1 extrinsics = -0.003,0.011,0.702,0.712 | -0.042,-0.066,0.017
q_GtoI = 0.812,-0.119,0.568,0.059 | p_IinG = 4.465,2.356,0.871 | dist = 94.34 (meters)
bg = -0.0065,0.0220,0.0772 | ba = -0.0202,0.1764,0.1340
camera-imu timeoffset = 0.00007
cam0 intrinsics = 465.664,467.487,364.155,250.410 | -0.278,0.070,0.000,-0.000
cam1 intrinsics = 464.556,466.378,376.920,257.213 | -0.277,0.070,-0.000,-0.000
cam0 extrinsics = -0.008,0.007,0.702,0.712 | 0.075,-0.067,0.016
cam1 extrinsics = -0.003,0.011,0.702,0.712 | -0.042,-0.066,0.018
q_GtoI = 0.812,-0.126,0.567,0.057 | p_IinG = 4.510,2.329,0.860 | dist = 94.40 (meters)
bg = -0.0065,0.0220,0.0771 | ba = -0.0188,0.1758,0.1365
camera-imu timeoffset = 0.00007
cam0 intrinsics = 465.674,467.497,364.156,250.407 | -0.278,0.070,0.000,-0.000
cam1 intrinsics = 464.567,466.388,376.921,257.209 | -0.277,0.070,-0.000,-0.000
cam0 extrinsics = -0.008,0.007,0.702,0.712 | 0.075,-0.067,0.016
cam1 extrinsics = -0.003,0.011,0.702,0.712 | -0.042,-0.066,0.018
q_GtoI = 0.810,-0.131,0.568,0.056 | p_IinG = 4.555,2.301,0.849 | dist = 94.45 (meters)
bg = -0.0064,0.0219,0.0770 | ba = -0.0170,0.1752,0.1393
camera-imu timeoffset = 0.00007
cam0 intrinsics = 465.683,467.504,364.158,250.403 | -0.278,0.070,0.000,-0.000
cam1 intrinsics = 464.575,466.396,376.924,257.203 | -0.277,0.070,-0.000,-0.000
cam0 extrinsics = -0.008,0.007,0.702,0.712 | 0.075,-0.067,0.016
cam1 extrinsics = -0.003,0.011,0.702,0.712 | -0.042,-0.066,0.018
q_GtoI = 0.809,-0.135,0.569,0.055 | p_IinG = 4.598,2.273,0.837 | dist = 94.51 (meters)
bg = -0.0063,0.0219,0.0769 | ba = -0.0147,0.1747,0.1420
camera-imu timeoffset = 0.00007
cam0 intrinsics = 465.686,467.503,364.167,250.401 | -0.278,0.070,0.000,-0.000
cam1 intrinsics = 464.580,466.395,376.935,257.200 | -0.277,0.070,-0.000,-0.000
cam0 extrinsics = -0.008,0.007,0.702,0.712 | 0.075,-0.067,0.016
cam1 extrinsics = -0.003,0.011,0.702,0.712 | -0.041,-0.066,0.018
q_GtoI = 0.809,-0.138,0.569,0.055 | p_IinG = 4.640,2.246,0.824 | dist = 94.56 (meters)
bg = -0.0062,0.0219,0.0770 | ba = -0.0125,0.1747,0.1443
camera-imu timeoffset = 0.00007
cam0 intrinsics = 465.694,467.498,364.172,250.402 | -0.278,0.070,0.000,-0.000
cam1 intrinsics = 464.590,466.392,376.942,257.199 | -0.277,0.070,-0.000,-0.000
cam0 extrinsics = -0.008,0.007,0.702,0.712 | 0.075,-0.067,0.016
cam1 extrinsics = -0.003,0.011,0.702,0.712 | -0.041,-0.066,0.018
q_GtoI = 0.808,-0.140,0.569,0.056 | p_IinG = 4.682,2.217,0.811 | dist = 94.61 (meters)
bg = -0.0061,0.0219,0.0769 | ba = -0.0106,0.1741,0.1467
camera-imu timeoffset = 0.00007
cam0 intrinsics = 465.698,467.495,364.180,250.400 | -0.278,0.070,0.000,-0.000
cam1 intrinsics = 464.594,466.389,376.951,257.196 | -0.277,0.070,-0.000,-0.000
cam0 extrinsics = -0.008,0.007,0.702,0.712 | 0.076,-0.067,0.016
cam1 extrinsics = -0.003,0.011,0.702,0.712 | -0.041,-0.066,0.018
q_GtoI = 0.808,-0.141,0.569,0.057 | p_IinG = 4.722,2.187,0.798 | dist = 94.67 (meters)
bg = -0.0060,0.0219,0.0769 | ba = -0.0087,0.1734,0.1490
camera-imu timeoffset = 0.00007
cam0 intrinsics = 465.701,467.492,364.187,250.398 | -0.278,0.070,0.000,-0.000
cam1 intrinsics = 464.597,466.385,376.958,257.193 | -0.277,0.070,-0.000,-0.000
cam0 extrinsics = -0.008,0.007,0.702,0.712 | 0.076,-0.066,0.016
cam1 extrinsics = -0.003,0.011,0.702,0.712 | -0.041,-0.066,0.018
q_GtoI = 0.807,-0.142,0.570,0.058 | p_IinG = 4.760,2.157,0.788 | dist = 94.72 (meters)
bg = -0.0059,0.0219,0.0771 | ba = -0.0090,0.1730,0.1532
camera-imu timeoffset = 0.00007
cam0 intrinsics = 465.703,467.483,364.191,250.402 | -0.278,0.070,0.000,-0.000
cam1 intrinsics = 464.599,466.375,376.972,257.194 | -0.277,0.070,-0.000,-0.000
cam0 extrinsics = -0.008,0.007,0.702,0.712 | 0.076,-0.066,0.016
cam1 extrinsics = -0.003,0.011,0.702,0.712 | -0.041,-0.066,0.018
q_GtoI = 0.806,-0.143,0.572,0.059 | p_IinG = 4.799,2.123,0.776 | dist = 94.78 (meters)
bg = -0.0058,0.0220,0.0771 | ba = -0.0070,0.1713,0.1544
camera-imu timeoffset = 0.00007
cam0 intrinsics = 465.709,467.484,364.194,250.402 | -0.278,0.070,0.000,-0.000
cam1 intrinsics = 464.605,466.375,376.978,257.192 | -0.277,0.070,-0.000,-0.000
cam0 extrinsics = -0.008,0.007,0.702,0.712 | 0.076,-0.066,0.016
cam1 extrinsics = -0.003,0.011,0.702,0.712 | -0.041,-0.066,0.018
q_GtoI = 0.804,-0.142,0.574,0.062 | p_IinG = 4.837,2.090,0.766 | dist = 94.83 (meters)
bg = -0.0057,0.0221,0.0771 | ba = -0.0053,0.1703,0.1556
camera-imu timeoffset = 0.00007
cam0 intrinsics = 465.714,467.484,364.196,250.401 | -0.278,0.070,0.000,-0.000
cam1 intrinsics = 464.609,466.375,376.980,257.190 | -0.277,0.070,-0.000,-0.000
cam0 extrinsics = -0.008,0.007,0.702,0.712 | 0.076,-0.066,0.016
cam1 extrinsics = -0.003,0.011,0.702,0.712 | -0.040,-0.066,0.018
q_GtoI = 0.803,-0.142,0.576,0.063 | p_IinG = 4.874,2.055,0.759 | dist = 94.88 (meters)
bg = -0.0057,0.0222,0.0771 | ba = -0.0046,0.1693,0.1560
camera-imu timeoffset = 0.00007
cam0 intrinsics = 465.718,467.488,364.193,250.403 | -0.278,0.070,0.000,-0.000
cam1 intrinsics = 464.614,466.378,376.979,257.192 | -0.278,0.070,-0.000,-0.000
cam0 extrinsics = -0.008,0.007,0.702,0.712 | 0.076,-0.066,0.016
cam1 extrinsics = -0.003,0.011,0.702,0.712 | -0.040,-0.066,0.018
q_GtoI = 0.802,-0.142,0.576,0.064 | p_IinG = 4.909,2.019,0.754 | dist = 94.93 (meters)
bg = -0.0056,0.0223,0.0772 | ba = -0.0042,0.1677,0.1569
camera-imu timeoffset = 0.00007
cam0 intrinsics = 465.725,467.493,364.191,250.406 | -0.278,0.070,0.000,-0.000
cam1 intrinsics = 464.619,466.383,376.976,257.195 | -0.278,0.070,-0.000,-0.000
cam0 extrinsics = -0.008,0.007,0.702,0.712 | 0.076,-0.067,0.016
cam1 extrinsics = -0.003,0.011,0.702,0.712 | -0.040,-0.066,0.018
q_GtoI = 0.803,-0.140,0.575,0.066 | p_IinG = 4.946,1.979,0.750 | dist = 94.98 (meters)
bg = -0.0056,0.0224,0.0773 | ba = -0.0038,0.1662,0.1556
camera-imu timeoffset = 0.00007
cam0 intrinsics = 465.733,467.504,364.187,250.410 | -0.278,0.070,0.000,-0.000
cam1 intrinsics = 464.628,466.393,376.982,257.196 | -0.278,0.070,-0.000,-0.000
cam0 extrinsics = -0.008,0.007,0.702,0.712 | 0.076,-0.067,0.016
cam1 extrinsics = -0.003,0.011,0.702,0.712 | -0.040,-0.066,0.018
q_GtoI = 0.804,-0.139,0.574,0.068 | p_IinG = 4.979,1.942,0.749 | dist = 95.03 (meters)
bg = -0.0056,0.0225,0.0772 | ba = -0.0039,0.1655,0.1563
camera-imu timeoffset = 0.00007
cam0 intrinsics = 465.738,467.512,364.183,250.414 | -0.278,0.070,0.000,-0.000
cam1 intrinsics = 464.632,466.400,376.978,257.199 | -0.278,0.070,-0.000,-0.000
cam0 extrinsics = -0.008,0.007,0.702,0.712 | 0.076,-0.067,0.016
cam1 extrinsics = -0.003,0.011,0.702,0.712 | -0.040,-0.066,0.018
q_GtoI = 0.805,-0.138,0.573,0.069 | p_IinG = 5.010,1.905,0.751 | dist = 95.08 (meters)
bg = -0.0055,0.0226,0.0772 | ba = -0.0040,0.1644,0.1571
camera-imu timeoffset = 0.00007
cam0 intrinsics = 465.742,467.519,364.177,250.418 | -0.278,0.070,0.000,-0.000
cam1 intrinsics = 464.636,466.407,376.974,257.202 | -0.278,0.070,-0.000,-0.000
cam0 extrinsics = -0.008,0.007,0.702,0.712 | 0.076,-0.067,0.016
cam1 extrinsics = -0.003,0.011,0.702,0.712 | -0.040,-0.066,0.018
q_GtoI = 0.805,-0.137,0.573,0.070 | p_IinG = 5.038,1.869,0.752 | dist = 95.13 (meters)
bg = -0.0054,0.0225,0.0773 | ba = -0.0021,0.1625,0.1583
camera-imu timeoffset = 0.00007
cam0 intrinsics = 465.747,467.524,364.167,250.421 | -0.278,0.070,0.000,-0.000
cam1 intrinsics = 464.641,466.413,376.969,257.202 | -0.278,0.070,-0.000,-0.000
cam0 extrinsics = -0.008,0.007,0.702,0.712 | 0.076,-0.067,0.017
cam1 extrinsics = -0.003,0.011,0.702,0.712 | -0.040,-0.066,0.018
q_GtoI = 0.806,-0.136,0.572,0.070 | p_IinG = 5.066,1.831,0.755 | dist = 95.17 (meters)
bg = -0.0054,0.0225,0.0772 | ba = -0.0021,0.1614,0.1597
camera-imu timeoffset = 0.00007
cam0 intrinsics = 465.749,467.528,364.162,250.422 | -0.278,0.070,0.000,-0.000
cam1 intrinsics = 464.644,466.418,376.965,257.203 | -0.278,0.070,-0.000,-0.000
cam0 extrinsics = -0.008,0.007,0.702,0.712 | 0.076,-0.067,0.017
cam1 extrinsics = -0.003,0.011,0.702,0.712 | -0.040,-0.066,0.019
q_GtoI = 0.806,-0.135,0.572,0.070 | p_IinG = 5.093,1.794,0.758 | dist = 95.22 (meters)
bg = -0.0053,0.0226,0.0772 | ba = -0.0021,0.1600,0.1616
camera-imu timeoffset = 0.00007
cam0 intrinsics = 465.752,467.532,364.157,250.423 | -0.278,0.070,0.000,-0.000
cam1 intrinsics = 464.645,466.421,376.960,257.204 | -0.278,0.070,-0.000,-0.000
cam0 extrinsics = -0.008,0.007,0.702,0.712 | 0.076,-0.067,0.017
cam1 extrinsics = -0.003,0.011,0.702,0.712 | -0.040,-0.067,0.019
q_GtoI = 0.807,-0.134,0.571,0.069 | p_IinG = 5.119,1.754,0.761 | dist = 95.27 (meters)
bg = -0.0053,0.0226,0.0771 | ba = -0.0020,0.1579,0.1634
camera-imu timeoffset = 0.00007
cam0 intrinsics = 465.753,467.533,364.151,250.422 | -0.278,0.070,0.000,-0.000
cam1 intrinsics = 464.646,466.421,376.955,257.203 | -0.278,0.070,-0.000,-0.000
cam0 extrinsics = -0.008,0.007,0.702,0.712 | 0.076,-0.067,0.017
cam1 extrinsics = -0.003,0.011,0.702,0.712 | -0.040,-0.067,0.019
q_GtoI = 0.808,-0.134,0.569,0.068 | p_IinG = 5.143,1.715,0.760 | dist = 95.32 (meters)
bg = -0.0053,0.0225,0.0772 | ba = -0.0008,0.1561,0.1644
camera-imu timeoffset = 0.00007
cam0 intrinsics = 465.750,467.540,364.135,250.422 | -0.278,0.070,0.000,-0.000
cam1 intrinsics = 464.646,466.427,376.959,257.193 | -0.278,0.070,-0.000,-0.000
cam0 extrinsics = -0.008,0.007,0.702,0.712 | 0.077,-0.067,0.017
cam1 extrinsics = -0.003,0.011,0.702,0.712 | -0.040,-0.067,0.019
q_GtoI = 0.810,-0.134,0.568,0.067 | p_IinG = 5.168,1.674,0.759 | dist = 95.36 (meters)
bg = -0.0054,0.0225,0.0772 | ba = -0.0002,0.1538,0.1657
camera-imu timeoffset = 0.00007
cam0 intrinsics = 465.753,467.544,364.130,250.421 | -0.278,0.070,0.000,-0.000
cam1 intrinsics = 464.647,466.429,376.955,257.192 | -0.278,0.070,-0.000,-0.000
cam0 extrinsics = -0.008,0.007,0.702,0.712 | 0.077,-0.067,0.017
cam1 extrinsics = -0.003,0.011,0.702,0.712 | -0.040,-0.067,0.019
q_GtoI = 0.812,-0.134,0.565,0.065 | p_IinG = 5.191,1.633,0.756 | dist = 95.41 (meters)
bg = -0.0054,0.0225,0.0772 | ba = 0.0005,0.1516,0.1671
camera-imu timeoffset = 0.00007
cam0 intrinsics = 465.754,467.548,364.125,250.416 | -0.278,0.070,0.000,-0.000
cam1 intrinsics = 464.648,466.432,376.951,257.188 | -0.278,0.070,-0.000,-0.000
cam0 extrinsics = -0.008,0.007,0.702,0.712 | 0.077,-0.067,0.017
cam1 extrinsics = -0.003,0.011,0.702,0.712 | -0.040,-0.067,0.019
q_GtoI = 0.813,-0.134,0.563,0.063 | p_IinG = 5.211,1.594,0.750 | dist = 95.46 (meters)
bg = -0.0053,0.0223,0.0773 | ba = 0.0031,0.1492,0.1696
camera-imu timeoffset = 0.00007
cam0 intrinsics = 465.750,467.543,364.124,250.409 | -0.278,0.070,0.000,-0.000
cam1 intrinsics = 464.643,466.426,376.950,257.181 | -0.278,0.070,-0.000,-0.000
cam0 extrinsics = -0.008,0.007,0.702,0.712 | 0.077,-0.067,0.017
cam1 extrinsics = -0.003,0.011,0.702,0.712 | -0.040,-0.067,0.019
q_GtoI = 0.814,-0.132,0.562,0.064 | p_IinG = 5.233,1.553,0.745 | dist = 95.50 (meters)
bg = -0.0053,0.0222,0.0773 | ba = 0.0036,0.1484,0.1707
camera-imu timeoffset = 0.00007
cam0 intrinsics = 465.748,467.544,364.120,250.404 | -0.278,0.070,0.000,-0.000
cam1 intrinsics = 464.641,466.427,376.944,257.177 | -0.277,0.070,-0.000,-0.000
cam0 extrinsics = -0.008,0.007,0.702,0.712 | 0.077,-0.067,0.017
cam1 extrinsics = -0.003,0.011,0.702,0.712 | -0.040,-0.067,0.019
q_GtoI = 0.816,-0.129,0.560,0.067 | p_IinG = 5.255,1.510,0.739 | dist = 95.55 (meters)
bg = -0.0052,0.0221,0.0772 | ba = 0.0038,0.1476,0.1719
camera-imu timeoffset = 0.00007
cam0 intrinsics = 465.741,467.543,364.109,250.395 | -0.278,0.070,0.000,-0.000
cam1 intrinsics = 464.634,466.425,376.943,257.167 | -0.277,0.070,-0.000,-0.000
cam0 extrinsics = -0.008,0.007,0.702,0.712 | 0.077,-0.067,0.017
cam1 extrinsics = -0.003,0.011,0.702,0.712 | -0.040,-0.067,0.019
q_GtoI = 0.816,-0.126,0.560,0.069 | p_IinG = 5.276,1.469,0.732 | dist = 95.60 (meters)
bg = -0.0052,0.0221,0.0771 | ba = 0.0053,0.1467,0.1732
camera-imu timeoffset = 0.00007
cam0 intrinsics = 465.741,467.546,364.100,250.391 | -0.278,0.070,0.000,-0.000
cam1 intrinsics = 464.634,466.427,376.935,257.164 | -0.277,0.070,-0.000,-0.000
cam0 extrinsics = -0.008,0.007,0.702,0.712 | 0.077,-0.067,0.017
cam1 extrinsics = -0.003,0.011,0.702,0.712 | -0.040,-0.067,0.019
q_GtoI = 0.816,-0.123,0.561,0.071 | p_IinG = 5.297,1.428,0.724 | dist = 95.64 (meters)
bg = -0.0052,0.0220,0.0770 | ba = 0.0069,0.1456,0.1746
camera-imu timeoffset = 0.00007
cam0 intrinsics = 465.743,467.549,364.090,250.388 | -0.278,0.070,0.000,-0.000
cam1 intrinsics = 464.634,466.429,376.925,257.162 | -0.277,0.070,-0.000,-0.000
cam0 extrinsics = -0.008,0.007,0.702,0.712 | 0.077,-0.067,0.017
cam1 extrinsics = -0.003,0.011,0.702,0.712 | -0.040,-0.067,0.019
q_GtoI = 0.815,-0.120,0.563,0.073 | p_IinG = 5.317,1.388,0.715 | dist = 95.69 (meters)
bg = -0.0052,0.0220,0.0769 | ba = 0.0085,0.1446,0.1761
camera-imu timeoffset = 0.00007
cam0 intrinsics = 465.744,467.554,364.079,250.387 | -0.278,0.070,0.000,-0.000
cam1 intrinsics = 464.635,466.433,376.914,257.163 | -0.277,0.070,-0.000,-0.000
cam0 extrinsics = -0.008,0.007,0.702,0.712 | 0.077,-0.067,0.017
cam1 extrinsics = -0.003,0.011,0.702,0.712 | -0.040,-0.067,0.019
q_GtoI = 0.814,-0.118,0.564,0.075 | p_IinG = 5.336,1.348,0.706 | dist = 95.74 (meters)
bg = -0.0051,0.0218,0.0769 | ba = 0.0107,0.1441,0.1770
camera-imu timeoffset = 0.00007
cam0 intrinsics = 465.745,467.554,364.076,250.382 | -0.278,0.070,0.000,-0.000
cam1 intrinsics = 464.635,466.432,376.912,257.159 | -0.277,0.070,-0.000,-0.000
cam0 extrinsics = -0.008,0.007,0.702,0.712 | 0.077,-0.067,0.017
cam1 extrinsics = -0.003,0.011,0.702,0.712 | -0.040,-0.067,0.019
q_GtoI = 0.813,-0.117,0.565,0.074 | p_IinG = 5.354,1.309,0.697 | dist = 95.78 (meters)
bg = -0.0050,0.0217,0.0770 | ba = 0.0127,0.1434,0.1777
camera-imu timeoffset = 0.00007
cam0 intrinsics = 465.745,467.554,364.074,250.380 | -0.278,0.070,0.000,-0.000
cam1 intrinsics = 464.634,466.431,376.911,257.157 | -0.277,0.070,-0.000,-0.000
cam0 extrinsics = -0.008,0.007,0.702,0.712 | 0.077,-0.067,0.017
cam1 extrinsics = -0.003,0.011,0.702,0.712 | -0.040,-0.067,0.019
q_GtoI = 0.812,-0.116,0.567,0.073 | p_IinG = 5.373,1.270,0.690 | dist = 95.83 (meters)
bg = -0.0049,0.0215,0.0771 | ba = 0.0148,0.1426,0.1782
camera-imu timeoffset = 0.00007
cam0 intrinsics = 465.746,467.556,364.071,250.377 | -0.278,0.070,0.000,-0.000
cam1 intrinsics = 464.634,466.433,376.909,257.155 | -0.277,0.070,-0.000,-0.000
cam0 extrinsics = -0.008,0.007,0.702,0.712 | 0.077,-0.067,0.017
cam1 extrinsics = -0.003,0.011,0.702,0.712 | -0.040,-0.067,0.019
q_GtoI = 0.811,-0.115,0.568,0.073 | p_IinG = 5.394,1.227,0.686 | dist = 95.87 (meters)
bg = -0.0050,0.0215,0.0770 | ba = 0.0166,0.1418,0.1765
camera-imu timeoffset = 0.00007
cam0 intrinsics = 465.748,467.562,364.062,250.373 | -0.278,0.070,0.000,-0.000
cam1 intrinsics = 464.637,466.437,376.911,257.149 | -0.277,0.070,-0.000,-0.000
cam0 extrinsics = -0.008,0.007,0.702,0.712 | 0.077,-0.067,0.017
cam1 extrinsics = -0.003,0.011,0.702,0.712 | -0.040,-0.067,0.019
q_GtoI = 0.811,-0.114,0.569,0.073 | p_IinG = 5.413,1.189,0.683 | dist = 95.92 (meters)
bg = -0.0050,0.0213,0.0770 | ba = 0.0180,0.1410,0.1775
camera-imu timeoffset = 0.00007
cam0 intrinsics = 465.750,467.567,364.058,250.376 | -0.278,0.070,0.000,-0.000
cam1 intrinsics = 464.638,466.441,376.908,257.153 | -0.277,0.070,-0.000,-0.000
cam0 extrinsics = -0.008,0.007,0.702,0.712 | 0.077,-0.067,0.017
cam1 extrinsics = -0.003,0.011,0.702,0.712 | -0.040,-0.067,0.019
q_GtoI = 0.811,-0.112,0.569,0.075 | p_IinG = 5.431,1.151,0.681 | dist = 95.96 (meters)
bg = -0.0050,0.0211,0.0770 | ba = 0.0194,0.1405,0.1788
camera-imu timeoffset = 0.00007
cam0 intrinsics = 465.751,467.572,364.054,250.376 | -0.278,0.070,0.000,-0.000
cam1 intrinsics = 464.638,466.445,376.905,257.155 | -0.277,0.070,-0.000,-0.000
cam0 extrinsics = -0.008,0.007,0.702,0.712 | 0.077,-0.067,0.017
cam1 extrinsics = -0.003,0.011,0.702,0.712 | -0.040,-0.067,0.019
q_GtoI = 0.811,-0.110,0.569,0.075 | p_IinG = 5.449,1.113,0.680 | dist = 96.00 (meters)
bg = -0.0049,0.0210,0.0770 | ba = 0.0205,0.1399,0.1801
camera-imu timeoffset = 0.00007
cam0 intrinsics = 465.752,467.576,364.051,250.378 | -0.278,0.070,0.000,-0.000
cam1 intrinsics = 464.638,466.449,376.903,257.158 | -0.277,0.070,-0.000,-0.000
cam0 extrinsics = -0.008,0.007,0.702,0.712 | 0.077,-0.067,0.017
cam1 extrinsics = -0.003,0.011,0.702,0.712 | -0.040,-0.067,0.019
q_GtoI = 0.810,-0.110,0.571,0.074 | p_IinG = 5.466,1.075,0.678 | dist = 96.04 (meters)
bg = -0.0049,0.0210,0.0771 | ba = 0.0214,0.1393,0.1813
camera-imu timeoffset = 0.00007
cam0 intrinsics = 465.754,467.582,364.047,250.382 | -0.278,0.070,0.000,-0.000
cam1 intrinsics = 464.639,466.453,376.898,257.163 | -0.277,0.070,-0.000,-0.000
cam0 extrinsics = -0.008,0.007,0.702,0.712 | 0.077,-0.067,0.017
cam1 extrinsics = -0.003,0.011,0.702,0.712 | -0.040,-0.067,0.019
q_GtoI = 0.809,-0.109,0.572,0.075 | p_IinG = 5.483,1.037,0.676 | dist = 96.08 (meters)
bg = -0.0048,0.0211,0.0770 | ba = 0.0200,0.1389,0.1836
camera-imu timeoffset = 0.00007
cam0 intrinsics = 465.756,467.589,364.037,250.384 | -0.278,0.070,0.000,-0.000
cam1 intrinsics = 464.641,466.458,376.893,257.167 | -0.277,0.070,-0.000,-0.000
cam0 extrinsics = -0.008,0.007,0.702,0.712 | 0.077,-0.067,0.017
cam1 extrinsics = -0.003,0.011,0.702,0.712 | -0.040,-0.067,0.019
q_GtoI = 0.808,-0.108,0.575,0.075 | p_IinG = 5.499,1.003,0.670 | dist = 96.12 (meters)
bg = -0.0047,0.0209,0.0770 | ba = 0.0216,0.1392,0.1846
camera-imu timeoffset = 0.00007
cam0 intrinsics = 465.758,467.594,364.036,250.383 | -0.278,0.070,0.000,-0.000
cam1 intrinsics = 464.643,466.462,376.894,257.166 | -0.277,0.070,-0.000,-0.000
cam0 extrinsics = -0.008,0.007,0.702,0.713 | 0.077,-0.067,0.017
cam1 extrinsics = -0.003,0.011,0.702,0.712 | -0.039,-0.067,0.019
q_GtoI = 0.807,-0.107,0.576,0.075 | p_IinG = 5.514,0.969,0.663 | dist = 96.16 (meters)
bg = -0.0046,0.0208,0.0771 | ba = 0.0224,0.1395,0.1854
camera-imu timeoffset = 0.00007
cam0 intrinsics = 465.762,467.599,364.035,250.382 | -0.278,0.070,0.000,-0.000
cam1 intrinsics = 464.645,466.466,376.895,257.167 | -0.277,0.070,-0.000,-0.000
cam0 extrinsics = -0.008,0.007,0.702,0.713 | 0.077,-0.067,0.017
cam1 extrinsics = -0.003,0.011,0.702,0.712 | -0.039,-0.067,0.019
q_GtoI = 0.806,-0.106,0.577,0.075 | p_IinG = 5.528,0.936,0.656 | dist = 96.20 (meters)
bg = -0.0046,0.0207,0.0771 | ba = 0.0233,0.1398,0.1865
camera-imu timeoffset = 0.00007
cam0 intrinsics = 465.764,467.603,364.034,250.382 | -0.278,0.070,0.000,-0.000
cam1 intrinsics = 464.647,466.470,376.895,257.167 | -0.277,0.070,-0.000,-0.000
cam0 extrinsics = -0.008,0.007,0.702,0.713 | 0.077,-0.067,0.017
cam1 extrinsics = -0.003,0.011,0.702,0.712 | -0.039,-0.067,0.019
q_GtoI = 0.806,-0.106,0.578,0.075 | p_IinG = 5.542,0.903,0.647 | dist = 96.24 (meters)
bg = -0.0045,0.0206,0.0771 | ba = 0.0237,0.1402,0.1876
camera-imu timeoffset = 0.00007
cam0 intrinsics = 465.766,467.607,364.032,250.381 | -0.278,0.070,0.000,-0.000
cam1 intrinsics = 464.649,466.474,376.894,257.167 | -0.277,0.070,-0.000,-0.000
cam0 extrinsics = -0.008,0.007,0.702,0.713 | 0.077,-0.067,0.017
cam1 extrinsics = -0.003,0.011,0.702,0.712 | -0.039,-0.067,0.019
q_GtoI = 0.805,-0.105,0.579,0.075 | p_IinG = 5.554,0.872,0.637 | dist = 96.27 (meters)
bg = -0.0045,0.0206,0.0772 | ba = 0.0245,0.1406,0.1887
camera-imu timeoffset = 0.00007
cam0 intrinsics = 465.771,467.613,364.030,250.381 | -0.278,0.070,0.000,-0.000
cam1 intrinsics = 464.652,466.478,376.894,257.167 | -0.278,0.070,-0.000,-0.000
cam0 extrinsics = -0.008,0.007,0.702,0.713 | 0.077,-0.067,0.017
cam1 extrinsics = -0.003,0.011,0.702,0.712 | -0.039,-0.067,0.019
q_GtoI = 0.804,-0.104,0.580,0.076 | p_IinG = 5.565,0.841,0.626 | dist = 96.31 (meters)
bg = -0.0044,0.0205,0.0772 | ba = 0.0249,0.1409,0.1897
camera-imu timeoffset = 0.00007
cam0 intrinsics = 465.774,467.617,364.027,250.381 | -0.278,0.070,0.000,-0.000
cam1 intrinsics = 464.656,466.482,376.892,257.168 | -0.278,0.070,-0.000,-0.000
cam0 extrinsics = -0.008,0.007,0.702,0.713 | 0.077,-0.067,0.017
cam1 extrinsics = -0.003,0.011,0.702,0.712 | -0.039,-0.067,0.019
q_GtoI = 0.803,-0.104,0.582,0.076 | p_IinG = 5.578,0.809,0.615 | dist = 96.35 (meters)
bg = -0.0045,0.0206,0.0772 | ba = 0.0257,0.1414,0.1890
camera-imu timeoffset = 0.00007
cam0 intrinsics = 465.779,467.623,364.020,250.380 | -0.278,0.070,0.000,-0.000
cam1 intrinsics = 464.660,466.487,376.889,257.168 | -0.278,0.070,-0.000,-0.000
cam0 extrinsics = -0.008,0.007,0.702,0.713 | 0.077,-0.067,0.017
cam1 extrinsics = -0.003,0.011,0.702,0.712 | -0.039,-0.067,0.019
q_GtoI = 0.801,-0.103,0.585,0.077 | p_IinG = 5.587,0.780,0.603 | dist = 96.38 (meters)
bg = -0.0044,0.0205,0.0772 | ba = 0.0255,0.1421,0.1902
camera-imu timeoffset = 0.00007
cam0 intrinsics = 465.785,467.631,364.014,250.382 | -0.278,0.070,0.000,-0.000
cam1 intrinsics = 464.665,466.493,376.884,257.171 | -0.278,0.070,-0.000,-0.000
cam0 extrinsics = -0.008,0.007,0.702,0.713 | 0.077,-0.067,0.017
cam1 extrinsics = -0.003,0.011,0.702,0.712 | -0.039,-0.067,0.019
q_GtoI = 0.799,-0.102,0.587,0.077 | p_IinG = 5.596,0.752,0.592 | dist = 96.41 (meters)
bg = -0.0044,0.0206,0.0772 | ba = 0.0239,0.1431,0.1910
camera-imu timeoffset = 0.00007
cam0 intrinsics = 465.794,467.639,364.005,250.384 | -0.278,0.070,0.000,-0.000
cam1 intrinsics = 464.674,466.501,376.876,257.174 | -0.278,0.070,-0.000,-0.000
cam0 extrinsics = -0.008,0.007,0.702,0.713 | 0.078,-0.067,0.017
cam1 extrinsics = -0.003,0.011,0.702,0.712 | -0.039,-0.067,0.019
q_GtoI = 0.798,-0.102,0.589,0.077 | p_IinG = 5.603,0.725,0.580 | dist = 96.44 (meters)
bg = -0.0044,0.0206,0.0771 | ba = 0.0236,0.1444,0.1922
camera-imu timeoffset = 0.00007
cam0 intrinsics = 465.799,467.645,363.996,250.390 | -0.278,0.070,0.000,-0.000
cam1 intrinsics = 464.677,466.506,376.868,257.181 | -0.278,0.070,-0.000,-0.000
cam0 extrinsics = -0.008,0.007,0.702,0.713 | 0.078,-0.067,0.017
cam1 extrinsics = -0.003,0.011,0.702,0.712 | -0.039,-0.067,0.019
q_GtoI = 0.798,-0.102,0.589,0.076 | p_IinG = 5.611,0.698,0.566 | dist = 96.48 (meters)
bg = -0.0044,0.0207,0.0771 | ba = 0.0233,0.1452,0.1925
camera-imu timeoffset = 0.00007
cam0 intrinsics = 465.806,467.653,363.988,250.394 | -0.278,0.070,0.000,-0.000
cam1 intrinsics = 464.684,466.514,376.857,257.186 | -0.278,0.070,-0.000,-0.000
cam0 extrinsics = -0.008,0.007,0.702,0.713 | 0.078,-0.067,0.017
cam1 extrinsics = -0.003,0.011,0.702,0.712 | -0.039,-0.067,0.019
q_GtoI = 0.798,-0.103,0.589,0.075 | p_IinG = 5.615,0.671,0.552 | dist = 96.51 (meters)
bg = -0.0044,0.0206,0.0771 | ba = 0.0230,0.1458,0.1938
camera-imu timeoffset = 0.00007
cam0 intrinsics = 465.811,467.658,363.978,250.395 | -0.278,0.070,0.000,-0.000
cam1 intrinsics = 464.689,466.517,376.850,257.190 | -0.278,0.070,-0.000,-0.000
cam0 extrinsics = -0.008,0.007,0.702,0.713 | 0.078,-0.068,0.017
cam1 extrinsics = -0.003,0.011,0.702,0.712 | -0.039,-0.067,0.019
q_GtoI = 0.798,-0.104,0.588,0.074 | p_IinG = 5.618,0.647,0.535 | dist = 96.54 (meters)
bg = -0.0044,0.0206,0.0772 | ba = 0.0237,0.1465,0.1949
camera-imu timeoffset = 0.00007
cam0 intrinsics = 465.815,467.662,363.970,250.394 | -0.278,0.070,0.000,-0.000
cam1 intrinsics = 464.692,466.521,376.842,257.189 | -0.278,0.070,-0.000,-0.000
cam0 extrinsics = -0.008,0.007,0.702,0.713 | 0.078,-0.068,0.017
cam1 extrinsics = -0.003,0.011,0.702,0.712 | -0.039,-0.067,0.019
q_GtoI = 0.799,-0.105,0.588,0.072 | p_IinG = 5.620,0.623,0.519 | dist = 96.57 (meters)
bg = -0.0043,0.0207,0.0773 | ba = 0.0239,0.1471,0.1957
camera-imu timeoffset = 0.00007
cam0 intrinsics = 465.820,467.665,363.962,250.392 | -0.278,0.070,0.000,-0.000
cam1 intrinsics = 464.696,466.523,376.834,257.188 | -0.277,0.070,-0.000,-0.000
cam0 extrinsics = -0.008,0.007,0.702,0.713 | 0.078,-0.068,0.017
cam1 extrinsics = -0.003,0.011,0.702,0.712 | -0.039,-0.067,0.019
q_GtoI = 0.799,-0.106,0.588,0.071 | p_IinG = 5.620,0.599,0.505 | dist = 96.59 (meters)
bg = -0.0044,0.0207,0.0773 | ba = 0.0240,0.1478,0.1968
camera-imu timeoffset = 0.00007
cam0 intrinsics = 465.824,467.667,363.953,250.393 | -0.278,0.070,0.000,-0.000
cam1 intrinsics = 464.699,466.525,376.826,257.186 | -0.277,0.070,-0.000,-0.000
cam0 extrinsics = -0.008,0.007,0.702,0.713 | 0.078,-0.068,0.017
cam1 extrinsics = -0.003,0.011,0.702,0.712 | -0.039,-0.067,0.019
q_GtoI = 0.799,-0.107,0.588,0.069 | p_IinG = 5.619,0.577,0.492 | dist = 96.62 (meters)
bg = -0.0043,0.0207,0.0774 | ba = 0.0238,0.1485,0.1979
camera-imu timeoffset = 0.00007
cam0 intrinsics = 465.827,467.668,363.944,250.392 | -0.278,0.070,0.000,-0.000
cam1 intrinsics = 464.702,466.525,376.816,257.185 | -0.277,0.070,-0.000,-0.000
cam0 extrinsics = -0.008,0.007,0.702,0.713 | 0.078,-0.068,0.017
cam1 extrinsics = -0.003,0.011,0.702,0.712 | -0.039,-0.067,0.019
q_GtoI = 0.799,-0.108,0.587,0.069 | p_IinG = 5.616,0.555,0.481 | dist = 96.65 (meters)
bg = -0.0044,0.0206,0.0774 | ba = 0.0230,0.1493,0.1991
camera-imu timeoffset = 0.00007
cam0 intrinsics = 465.830,467.668,363.935,250.390 | -0.278,0.070,0.000,-0.000
cam1 intrinsics = 464.703,466.524,376.807,257.183 | -0.277,0.070,-0.000,-0.000
cam0 extrinsics = -0.008,0.007,0.702,0.713 | 0.078,-0.068,0.017
cam1 extrinsics = -0.003,0.011,0.702,0.712 | -0.039,-0.067,0.019
q_GtoI = 0.800,-0.107,0.587,0.070 | p_IinG = 5.612,0.533,0.473 | dist = 96.67 (meters)
bg = -0.0044,0.0205,0.0775 | ba = 0.0217,0.1507,0.2005
camera-imu timeoffset = 0.00007
cam0 intrinsics = 465.833,467.668,363.924,250.390 | -0.278,0.070,0.000,-0.000
cam1 intrinsics = 464.705,466.523,376.795,257.183 | -0.277,0.070,-0.000,-0.000
cam0 extrinsics = -0.008,0.007,0.702,0.713 | 0.078,-0.067,0.017
cam1 extrinsics = -0.003,0.011,0.702,0.712 | -0.039,-0.067,0.019
q_GtoI = 0.800,-0.107,0.586,0.071 | p_IinG = 5.607,0.508,0.467 | dist = 96.70 (meters)
bg = -0.0047,0.0206,0.0774 | ba = 0.0216,0.1506,0.1999
camera-imu timeoffset = 0.00007
cam0 intrinsics = 465.838,467.675,363.913,250.391 | -0.278,0.070,0.000,-0.000
cam1 intrinsics = 464.709,466.530,376.782,257.186 | -0.277,0.070,-0.000,-0.000
cam0 extrinsics = -0.008,0.007,0.702,0.713 | 0.078,-0.067,0.017
cam1 extrinsics = -0.003,0.011,0.702,0.712 | -0.039,-0.067,0.019
q_GtoI = 0.800,-0.105,0.586,0.073 | p_IinG = 5.599,0.487,0.464 | dist = 96.72 (meters)
bg = -0.0048,0.0205,0.0775 | ba = 0.0206,0.1516,0.2011
camera-imu timeoffset = 0.00007
cam0 intrinsics = 465.840,467.678,363.900,250.393 | -0.278,0.070,0.000,-0.000
cam1 intrinsics = 464.712,466.532,376.767,257.189 | -0.277,0.070,-0.000,-0.000
cam0 extrinsics = -0.008,0.007,0.702,0.713 | 0.078,-0.067,0.017
cam1 extrinsics = -0.003,0.011,0.702,0.712 | -0.039,-0.067,0.019
q_GtoI = 0.800,-0.105,0.586,0.074 | p_IinG = 5.588,0.466,0.462 | dist = 96.74 (meters)
bg = -0.0048,0.0205,0.0775 | ba = 0.0190,0.1524,0.2030
camera-imu timeoffset = 0.00007
cam0 intrinsics = 465.843,467.680,363.886,250.395 | -0.278,0.070,0.000,-0.000
cam1 intrinsics = 464.713,466.533,376.753,257.193 | -0.277,0.070,-0.000,-0.000
cam0 extrinsics = -0.008,0.007,0.702,0.713 | 0.078,-0.067,0.018
cam1 extrinsics = -0.003,0.011,0.702,0.712 | -0.039,-0.067,0.019
q_GtoI = 0.800,-0.104,0.586,0.076 | p_IinG = 5.578,0.447,0.460 | dist = 96.76 (meters)
bg = -0.0049,0.0204,0.0775 | ba = 0.0186,0.1546,0.2035
camera-imu timeoffset = 0.00007
cam0 intrinsics = 465.845,467.683,363.879,250.389 | -0.278,0.070,0.000,-0.000
cam1 intrinsics = 464.715,466.536,376.745,257.187 | -0.277,0.070,-0.000,-0.000
cam0 extrinsics = -0.008,0.007,0.702,0.713 | 0.078,-0.067,0.018
cam1 extrinsics = -0.003,0.011,0.702,0.712 | -0.039,-0.067,0.019
q_GtoI = 0.798,-0.103,0.588,0.078 | p_IinG = 5.567,0.429,0.462 | dist = 96.79 (meters)
bg = -0.0049,0.0203,0.0775 | ba = 0.0183,0.1564,0.2037
camera-imu timeoffset = 0.00007
cam0 intrinsics = 465.848,467.686,363.873,250.382 | -0.278,0.070,0.000,-0.000
cam1 intrinsics = 464.717,466.539,376.739,257.181 | -0.277,0.070,-0.000,-0.000
cam0 extrinsics = -0.008,0.007,0.702,0.713 | 0.078,-0.067,0.018
cam1 extrinsics = -0.003,0.011,0.702,0.712 | -0.039,-0.067,0.019
q_GtoI = 0.796,-0.102,0.592,0.080 | p_IinG = 5.553,0.410,0.466 | dist = 96.81 (meters)
bg = -0.0048,0.0203,0.0775 | ba = 0.0172,0.1580,0.2052
camera-imu timeoffset = 0.00008
cam0 intrinsics = 465.845,467.685,363.869,250.372 | -0.278,0.070,0.000,-0.000
cam1 intrinsics = 464.716,466.537,376.737,257.174 | -0.277,0.070,-0.000,-0.000
cam0 extrinsics = -0.008,0.007,0.702,0.713 | 0.078,-0.067,0.018
cam1 extrinsics = -0.003,0.011,0.702,0.712 | -0.039,-0.067,0.019
q_GtoI = 0.790,-0.101,0.599,0.081 | p_IinG = 5.538,0.394,0.473 | dist = 96.83 (meters)
bg = -0.0048,0.0204,0.0776 | ba = 0.0177,0.1599,0.2057
camera-imu timeoffset = 0.00008
cam0 intrinsics = 465.845,467.683,363.867,250.364 | -0.278,0.070,0.000,-0.000
cam1 intrinsics = 464.715,466.535,376.735,257.168 | -0.277,0.070,-0.000,-0.000
cam0 extrinsics = -0.008,0.007,0.702,0.713 | 0.078,-0.067,0.018
cam1 extrinsics = -0.003,0.011,0.702,0.712 | -0.039,-0.067,0.019
q_GtoI = 0.785,-0.101,0.606,0.081 | p_IinG = 5.521,0.380,0.482 | dist = 96.86 (meters)
bg = -0.0048,0.0206,0.0776 | ba = 0.0188,0.1619,0.2066
camera-imu timeoffset = 0.00007
cam0 intrinsics = 465.842,467.677,363.866,250.356 | -0.278,0.070,0.000,-0.000
cam1 intrinsics = 464.712,466.528,376.734,257.161 | -0.277,0.070,-0.000,-0.000
cam0 extrinsics = -0.008,0.007,0.702,0.712 | 0.078,-0.067,0.018
cam1 extrinsics = -0.003,0.011,0.702,0.712 | -0.039,-0.067,0.020
q_GtoI = 0.781,-0.101,0.611,0.082 | p_IinG = 5.503,0.368,0.492 | dist = 96.88 (meters)
bg = -0.0047,0.0207,0.0777 | ba = 0.0198,0.1639,0.2076
camera-imu timeoffset = 0.00008
cam0 intrinsics = 465.841,467.673,363.865,250.350 | -0.278,0.070,0.000,-0.000
cam1 intrinsics = 464.711,466.524,376.734,257.156 | -0.277,0.070,-0.000,-0.000
cam0 extrinsics = -0.008,0.007,0.702,0.712 | 0.078,-0.067,0.018
cam1 extrinsics = -0.003,0.011,0.702,0.712 | -0.039,-0.067,0.020
q_GtoI = 0.780,-0.101,0.612,0.082 | p_IinG = 5.482,0.358,0.503 | dist = 96.91 (meters)
bg = -0.0046,0.0208,0.0777 | ba = 0.0200,0.1657,0.2090
camera-imu timeoffset = 0.00008
cam0 intrinsics = 465.841,467.674,363.864,250.346 | -0.278,0.070,0.000,-0.000
cam1 intrinsics = 464.711,466.524,376.733,257.152 | -0.277,0.070,-0.000,-0.000
cam0 extrinsics = -0.008,0.007,0.702,0.712 | 0.078,-0.067,0.018
cam1 extrinsics = -0.003,0.011,0.702,0.712 | -0.039,-0.066,0.020
q_GtoI = 0.781,-0.102,0.611,0.082 | p_IinG = 5.458,0.350,0.513 | dist = 96.93 (meters)
bg = -0.0045,0.0208,0.0777 | ba = 0.0194,0.1672,0.2103
camera-imu timeoffset = 0.00008
cam0 intrinsics = 465.842,467.675,363.863,250.342 | -0.278,0.070,0.000,-0.000
cam1 intrinsics = 464.711,466.525,376.733,257.149 | -0.277,0.070,-0.000,-0.000
cam0 extrinsics = -0.008,0.007,0.702,0.712 | 0.078,-0.067,0.018
cam1 extrinsics = -0.003,0.011,0.702,0.712 | -0.039,-0.066,0.020
q_GtoI = 0.784,-0.103,0.607,0.081 | p_IinG = 5.431,0.343,0.524 | dist = 96.96 (meters)
bg = -0.0044,0.0208,0.0776 | ba = 0.0174,0.1686,0.2116
camera-imu timeoffset = 0.00008
cam0 intrinsics = 465.841,467.675,363.862,250.341 | -0.278,0.070,0.000,-0.000
cam1 intrinsics = 464.710,466.524,376.733,257.148 | -0.277,0.070,-0.000,-0.000
cam0 extrinsics = -0.008,0.007,0.702,0.712 | 0.078,-0.067,0.018
cam1 extrinsics = -0.003,0.011,0.702,0.712 | -0.039,-0.066,0.020
q_GtoI = 0.787,-0.105,0.602,0.079 | p_IinG = 5.403,0.336,0.532 | dist = 96.99 (meters)
bg = -0.0043,0.0208,0.0775 | ba = 0.0164,0.1696,0.2127
camera-imu timeoffset = 0.00008
cam0 intrinsics = 465.837,467.673,363.861,250.339 | -0.278,0.070,0.000,-0.000
cam1 intrinsics = 464.706,466.521,376.735,257.147 | -0.277,0.070,-0.000,-0.000
cam0 extrinsics = -0.008,0.007,0.702,0.712 | 0.078,-0.067,0.018
cam1 extrinsics = -0.003,0.011,0.702,0.712 | -0.039,-0.066,0.020
q_GtoI = 0.791,-0.107,0.598,0.078 | p_IinG = 5.372,0.329,0.538 | dist = 97.02 (meters)
bg = -0.0042,0.0208,0.0775 | ba = 0.0164,0.1699,0.2140
camera-imu timeoffset = 0.00008
cam0 intrinsics = 465.837,467.672,363.861,250.334 | -0.278,0.070,0.000,-0.000
cam1 intrinsics = 464.705,466.520,376.734,257.143 | -0.277,0.070,-0.000,-0.000
cam0 extrinsics = -0.008,0.007,0.702,0.712 | 0.078,-0.067,0.018
cam1 extrinsics = -0.003,0.011,0.702,0.712 | -0.039,-0.066,0.020
q_GtoI = 0.793,-0.108,0.594,0.076 | p_IinG = 5.338,0.323,0.543 | dist = 97.05 (meters)
bg = -0.0042,0.0207,0.0775 | ba = 0.0157,0.1697,0.2157
camera-imu timeoffset = 0.00008
cam0 intrinsics = 465.833,467.670,363.861,250.329 | -0.278,0.070,0.000,-0.000
cam1 intrinsics = 464.701,466.518,376.733,257.140 | -0.277,0.070,-0.000,-0.000
cam0 extrinsics = -0.008,0.007,0.702,0.712 | 0.078,-0.067,0.018
cam1 extrinsics = -0.003,0.011,0.702,0.712 | -0.039,-0.066,0.020
q_GtoI = 0.795,-0.110,0.592,0.073 | p_IinG = 5.304,0.317,0.547 | dist = 97.09 (meters)
bg = -0.0042,0.0207,0.0775 | ba = 0.0157,0.1699,0.2167
camera-imu timeoffset = 0.00008
cam0 intrinsics = 465.834,467.671,363.861,250.324 | -0.278,0.070,0.000,-0.000
cam1 intrinsics = 464.701,466.518,376.734,257.136 | -0.277,0.070,-0.000,-0.000
cam0 extrinsics = -0.008,0.007,0.702,0.712 | 0.078,-0.067,0.018
cam1 extrinsics = -0.003,0.011,0.702,0.712 | -0.039,-0.066,0.020
q_GtoI = 0.796,-0.111,0.590,0.072 | p_IinG = 5.268,0.311,0.550 | dist = 97.12 (meters)
bg = -0.0042,0.0207,0.0775 | ba = 0.0153,0.1702,0.2174
camera-imu timeoffset = 0.00008
cam0 intrinsics = 465.835,467.673,363.861,250.320 | -0.278,0.070,0.000,-0.000
cam1 intrinsics = 464.702,466.519,376.734,257.132 | -0.277,0.070,-0.000,-0.000
cam0 extrinsics = -0.008,0.007,0.702,0.712 | 0.078,-0.067,0.018
cam1 extrinsics = -0.003,0.011,0.702,0.712 | -0.039,-0.066,0.020
q_GtoI = 0.798,-0.112,0.587,0.071 | p_IinG = 5.230,0.305,0.552 | dist = 97.16 (meters)
bg = -0.0041,0.0206,0.0775 | ba = 0.0152,0.1701,0.2185
camera-imu timeoffset = 0.00008
cam0 intrinsics = 465.834,467.671,363.862,250.314 | -0.278,0.070,0.000,-0.000
cam1 intrinsics = 464.701,466.518,376.734,257.128 | -0.277,0.070,-0.000,-0.000
cam0 extrinsics = -0.008,0.007,0.702,0.712 | 0.078,-0.067,0.018
cam1 extrinsics = -0.003,0.011,0.702,0.712 | -0.039,-0.066,0.020
q_GtoI = 0.800,-0.112,0.585,0.070 | p_IinG = 5.192,0.301,0.553 | dist = 97.20 (meters)
bg = -0.0041,0.0207,0.0777 | ba = 0.0155,0.1708,0.2182
camera-imu timeoffset = 0.00008
cam0 intrinsics = 465.836,467.674,363.862,250.314 | -0.278,0.070,0.000,-0.000
cam1 intrinsics = 464.703,466.521,376.734,257.128 | -0.277,0.070,-0.000,-0.000
cam0 extrinsics = -0.008,0.007,0.702,0.712 | 0.078,-0.067,0.018
cam1 extrinsics = -0.003,0.011,0.702,0.712 | -0.039,-0.066,0.020
q_GtoI = 0.801,-0.113,0.584,0.069 | p_IinG = 5.154,0.296,0.552 | dist = 97.24 (meters)
bg = -0.0040,0.0207,0.0778 | ba = 0.0155,0.1714,0.2179
camera-imu timeoffset = 0.00008
cam0 intrinsics = 465.838,467.677,363.862,250.314 | -0.278,0.070,0.000,-0.000
cam1 intrinsics = 464.705,466.523,376.734,257.128 | -0.277,0.070,-0.000,-0.000
cam0 extrinsics = -0.008,0.007,0.702,0.712 | 0.078,-0.067,0.018
cam1 extrinsics = -0.003,0.011,0.702,0.712 | -0.039,-0.066,0.020
q_GtoI = 0.803,-0.112,0.582,0.070 | p_IinG = 5.115,0.291,0.551 | dist = 97.28 (meters)
bg = -0.0040,0.0207,0.0778 | ba = 0.0150,0.1723,0.2174
camera-imu timeoffset = 0.00008
cam0 intrinsics = 465.841,467.680,363.862,250.313 | -0.278,0.070,0.000,-0.000
cam1 intrinsics = 464.708,466.526,376.734,257.128 | -0.277,0.070,-0.000,-0.000
cam0 extrinsics = -0.008,0.007,0.702,0.712 | 0.078,-0.067,0.018
cam1 extrinsics = -0.003,0.011,0.702,0.712 | -0.039,-0.066,0.020
q_GtoI = 0.803,-0.113,0.581,0.069 | p_IinG = 5.075,0.287,0.549 | dist = 97.32 (meters)
bg = -0.0040,0.0207,0.0778 | ba = 0.0154,0.1729,0.2174
camera-imu timeoffset = 0.00008
cam0 intrinsics = 465.844,467.683,363.862,250.312 | -0.278,0.070,0.000,-0.000
cam1 intrinsics = 464.710,466.529,376.734,257.127 | -0.277,0.070,-0.000,-0.000
cam0 extrinsics = -0.008,0.007,0.702,0.712 | 0.078,-0.067,0.019
cam1 extrinsics = -0.003,0.011,0.702,0.712 | -0.039,-0.066,0.020
q_GtoI = 0.803,-0.113,0.581,0.069 | p_IinG = 5.035,0.284,0.547 | dist = 97.36 (meters)
bg = -0.0039,0.0207,0.0779 | ba = 0.0168,0.1733,0.2167
camera-imu timeoffset = 0.00008
cam0 intrinsics = 465.848,467.689,363.863,250.321 | -0.278,0.070,0.000,-0.000
cam1 intrinsics = 464.715,466.533,376.725,257.133 | -0.277,0.070,-0.000,-0.000
cam0 extrinsics = -0.008,0.007,0.702,0.712 | 0.078,-0.067,0.019
cam1 extrinsics = -0.003,0.011,0.702,0.712 | -0.039,-0.066,0.020
q_GtoI = 0.803,-0.112,0.581,0.071 | p_IinG = 4.993,0.280,0.546 | dist = 97.41 (meters)
bg = -0.0038,0.0208,0.0779 | ba = 0.0178,0.1738,0.2167
camera-imu timeoffset = 0.00008
cam0 intrinsics = 465.852,467.692,363.863,250.321 | -0.278,0.070,0.000,-0.000
cam1 intrinsics = 464.718,466.536,376.725,257.133 | -0.277,0.070,-0.000,-0.000
cam0 extrinsics = -0.008,0.007,0.702,0.712 | 0.078,-0.067,0.019
cam1 extrinsics = -0.003,0.011,0.702,0.712 | -0.039,-0.066,0.020
q_GtoI = 0.803,-0.112,0.581,0.072 | p_IinG = 4.952,0.274,0.548 | dist = 97.45 (meters)
bg = -0.0038,0.0208,0.0778 | ba = 0.0182,0.1736,0.2150
camera-imu timeoffset = 0.00008
cam0 intrinsics = 465.860,467.701,363.863,250.320 | -0.278,0.070,0.000,-0.000
cam1 intrinsics = 464.726,466.544,376.728,257.132 | -0.277,0.070,-0.000,-0.000
cam0 extrinsics = -0.008,0.007,0.702,0.712 | 0.078,-0.067,0.019
cam1 extrinsics = -0.003,0.011,0.702,0.712 | -0.039,-0.066,0.020
q_GtoI = 0.803,-0.111,0.580,0.072 | p_IinG = 4.907,0.272,0.552 | dist = 97.49 (meters)
bg = -0.0037,0.0208,0.0779 | ba = 0.0192,0.1737,0.2154
camera-imu timeoffset = 0.00008
cam0 intrinsics = 465.862,467.703,363.863,250.320 | -0.278,0.070,0.000,-0.000
cam1 intrinsics = 464.728,466.545,376.727,257.132 | -0.277,0.070,-0.000,-0.000
cam0 extrinsics = -0.008,0.007,0.702,0.712 | 0.078,-0.067,0.019
cam1 extrinsics = -0.003,0.011,0.702,0.712 | -0.039,-0.066,0.020
q_GtoI = 0.804,-0.111,0.580,0.074 | p_IinG = 4.862,0.268,0.557 | dist = 97.54 (meters)
bg = -0.0037,0.0209,0.0780 | ba = 0.0204,0.1736,0.2158
camera-imu timeoffset = 0.00008
cam0 intrinsics = 465.863,467.704,363.865,250.318 | -0.278,0.070,0.000,-0.000
cam1 intrinsics = 464.730,466.547,376.727,257.131 | -0.277,0.070,-0.000,-0.000
cam0 extrinsics = -0.008,0.007,0.702,0.712 | 0.078,-0.067,0.019
cam1 extrinsics = -0.003,0.011,0.702,0.712 | -0.039,-0.066,0.020
q_GtoI = 0.805,-0.111,0.579,0.074 | p_IinG = 4.816,0.266,0.564 | dist = 97.59 (meters)
bg = -0.0037,0.0208,0.0781 | ba = 0.0207,0.1742,0.2160
camera-imu timeoffset = 0.00008
cam0 intrinsics = 465.866,467.706,363.866,250.319 | -0.278,0.070,0.000,-0.000
cam1 intrinsics = 464.732,466.548,376.727,257.132 | -0.277,0.070,-0.000,-0.000
cam0 extrinsics = -0.008,0.007,0.702,0.712 | 0.078,-0.067,0.019
cam1 extrinsics = -0.003,0.011,0.702,0.712 | -0.039,-0.066,0.020
q_GtoI = 0.804,-0.111,0.579,0.075 | p_IinG = 4.769,0.264,0.573 | dist = 97.64 (meters)
bg = -0.0036,0.0207,0.0781 | ba = 0.0204,0.1747,0.2157
camera-imu timeoffset = 0.00008
cam0 intrinsics = 465.869,467.709,363.867,250.320 | -0.278,0.070,0.000,-0.000
cam1 intrinsics = 464.735,466.551,376.727,257.133 | -0.277,0.070,-0.000,-0.000
cam0 extrinsics = -0.008,0.007,0.702,0.712 | 0.078,-0.067,0.019
cam1 extrinsics = -0.003,0.011,0.702,0.712 | -0.039,-0.066,0.020
q_GtoI = 0.806,-0.111,0.577,0.076 | p_IinG = 4.721,0.262,0.583 | dist = 97.69 (meters)
bg = -0.0035,0.0206,0.0781 | ba = 0.0186,0.1750,0.2149
camera-imu timeoffset = 0.00008
cam0 intrinsics = 465.870,467.710,363.870,250.319 | -0.278,0.070,0.000,-0.000
cam1 intrinsics = 464.737,466.552,376.728,257.132 | -0.277,0.070,-0.000,-0.000
cam0 extrinsics = -0.008,0.007,0.702,0.712 | 0.078,-0.067,0.019
cam1 extrinsics = -0.003,0.011,0.702,0.712 | -0.039,-0.066,0.020
q_GtoI = 0.806,-0.111,0.576,0.077 | p_IinG = 4.673,0.261,0.593 | dist = 97.74 (meters)
bg = -0.0034,0.0204,0.0781 | ba = 0.0175,0.1759,0.2141
camera-imu timeoffset = 0.00008
cam0 intrinsics = 465.873,467.712,363.871,250.320 | -0.278,0.070,0.000,-0.000
cam1 intrinsics = 464.739,466.554,376.728,257.133 | -0.278,0.070,-0.000,-0.000
cam0 extrinsics = -0.008,0.007,0.702,0.712 | 0.078,-0.067,0.019
cam1 extrinsics = -0.003,0.011,0.702,0.712 | -0.039,-0.066,0.020
q_GtoI = 0.807,-0.111,0.575,0.078 | p_IinG = 4.625,0.261,0.601 | dist = 97.79 (meters)
bg = -0.0034,0.0202,0.0781 | ba = 0.0162,0.1768,0.2129
camera-imu timeoffset = 0.00008
cam0 intrinsics = 465.876,467.715,363.872,250.321 | -0.278,0.070,0.000,-0.000
cam1 intrinsics = 464.741,466.555,376.731,257.135 | -0.278,0.070,-0.000,-0.000
cam0 extrinsics = -0.008,0.007,0.702,0.712 | 0.078,-0.067,0.019
cam1 extrinsics = -0.003,0.011,0.702,0.712 | -0.039,-0.066,0.020
q_GtoI = 0.807,-0.112,0.575,0.078 | p_IinG = 4.577,0.261,0.608 | dist = 97.84 (meters)
bg = -0.0032,0.0202,0.0781 | ba = 0.0149,0.1773,0.2114
camera-imu timeoffset = 0.00008
cam0 intrinsics = 465.879,467.719,363.873,250.321 | -0.278,0.070,0.000,-0.000
cam1 intrinsics = 464.744,466.558,376.732,257.136 | -0.278,0.070,-0.000,-0.000
cam0 extrinsics = -0.008,0.007,0.702,0.712 | 0.078,-0.067,0.019
cam1 extrinsics = -0.003,0.011,0.702,0.712 | -0.039,-0.066,0.020
q_GtoI = 0.807,-0.114,0.574,0.076 | p_IinG = 4.529,0.261,0.613 | dist = 97.89 (meters)
bg = -0.0031,0.0200,0.0781 | ba = 0.0133,0.1779,0.2098
camera-imu timeoffset = 0.00008
cam0 intrinsics = 465.881,467.720,363.875,250.322 | -0.278,0.070,0.000,-0.000
cam1 intrinsics = 464.746,466.560,376.733,257.137 | -0.278,0.070,-0.000,-0.000
cam0 extrinsics = -0.008,0.007,0.702,0.712 | 0.078,-0.067,0.019
cam1 extrinsics = -0.003,0.011,0.702,0.712 | -0.039,-0.066,0.020
q_GtoI = 0.807,-0.115,0.574,0.076 | p_IinG = 4.481,0.262,0.618 | dist = 97.94 (meters)
bg = -0.0030,0.0199,0.0781 | ba = 0.0118,0.1786,0.2081
camera-imu timeoffset = 0.00008
cam0 intrinsics = 465.884,467.723,363.877,250.323 | -0.278,0.070,0.000,-0.000
cam1 intrinsics = 464.749,466.562,376.734,257.138 | -0.278,0.070,-0.000,-0.000
cam0 extrinsics = -0.008,0.007,0.702,0.712 | 0.078,-0.067,0.019
cam1 extrinsics = -0.003,0.011,0.702,0.712 | -0.039,-0.066,0.020
q_GtoI = 0.807,-0.117,0.574,0.074 | p_IinG = 4.433,0.263,0.621 | dist = 97.99 (meters)
bg = -0.0029,0.0199,0.0781 | ba = 0.0105,0.1791,0.2062
camera-imu timeoffset = 0.00008
cam0 intrinsics = 465.887,467.725,363.879,250.324 | -0.278,0.070,0.000,-0.000
cam1 intrinsics = 464.752,466.564,376.735,257.139 | -0.278,0.070,-0.000,-0.000
cam0 extrinsics = -0.008,0.007,0.702,0.712 | 0.078,-0.067,0.019
cam1 extrinsics = -0.003,0.011,0.702,0.712 | -0.039,-0.066,0.020
q_GtoI = 0.807,-0.118,0.574,0.073 | p_IinG = 4.387,0.262,0.624 | dist = 98.04 (meters)
bg = -0.0029,0.0199,0.0781 | ba = 0.0080,0.1787,0.2019
camera-imu timeoffset = 0.00008
cam0 intrinsics = 465.893,467.730,363.877,250.325 | -0.278,0.070,0.000,-0.000
cam1 intrinsics = 464.757,466.567,376.735,257.140 | -0.278,0.070,-0.000,-0.000
cam0 extrinsics = -0.008,0.007,0.702,0.712 | 0.078,-0.067,0.019
cam1 extrinsics = -0.003,0.011,0.702,0.712 | -0.039,-0.067,0.020
q_GtoI = 0.807,-0.119,0.574,0.072 | p_IinG = 4.339,0.263,0.625 | dist = 98.09 (meters)
bg = -0.0028,0.0199,0.0781 | ba = 0.0074,0.1791,0.2002
camera-imu timeoffset = 0.00008
cam0 intrinsics = 465.896,467.732,363.878,250.326 | -0.278,0.070,0.000,-0.000
cam1 intrinsics = 464.760,466.569,376.735,257.141 | -0.278,0.070,0.000,-0.000
cam0 extrinsics = -0.008,0.007,0.702,0.712 | 0.078,-0.067,0.019
cam1 extrinsics = -0.003,0.011,0.702,0.712 | -0.039,-0.067,0.020
q_GtoI = 0.807,-0.120,0.574,0.072 | p_IinG = 4.291,0.263,0.625 | dist = 98.14 (meters)
bg = -0.0027,0.0199,0.0782 | ba = 0.0069,0.1792,0.1987
camera-imu timeoffset = 0.00008
cam0 intrinsics = 465.900,467.734,363.880,250.326 | -0.278,0.070,0.000,-0.000
cam1 intrinsics = 464.764,466.571,376.736,257.141 | -0.278,0.070,0.000,-0.000
cam0 extrinsics = -0.008,0.007,0.702,0.712 | 0.078,-0.067,0.019
cam1 extrinsics = -0.003,0.011,0.702,0.712 | -0.039,-0.067,0.020
q_GtoI = 0.807,-0.121,0.574,0.072 | p_IinG = 4.243,0.265,0.623 | dist = 98.19 (meters)
bg = -0.0025,0.0200,0.0782 | ba = 0.0066,0.1798,0.1966
camera-imu timeoffset = 0.00008
cam0 intrinsics = 465.905,467.737,363.880,250.328 | -0.278,0.070,0.000,-0.000
cam1 intrinsics = 464.769,466.574,376.737,257.143 | -0.278,0.070,0.000,-0.000
cam0 extrinsics = -0.008,0.007,0.702,0.712 | 0.078,-0.067,0.019
cam1 extrinsics = -0.003,0.011,0.702,0.712 | -0.039,-0.067,0.020
q_GtoI = 0.807,-0.121,0.574,0.072 | p_IinG = 4.195,0.265,0.620 | dist = 98.24 (meters)
bg = -0.0025,0.0200,0.0782 | ba = 0.0064,0.1802,0.1952
camera-imu timeoffset = 0.00008
cam0 intrinsics = 465.908,467.740,363.882,250.329 | -0.278,0.070,0.000,-0.000
cam1 intrinsics = 464.772,466.576,376.738,257.143 | -0.278,0.070,0.000,-0.000
cam0 extrinsics = -0.008,0.007,0.702,0.712 | 0.078,-0.067,0.019
cam1 extrinsics = -0.003,0.011,0.702,0.712 | -0.039,-0.067,0.020
q_GtoI = 0.806,-0.121,0.574,0.073 | p_IinG = 4.147,0.264,0.617 | dist = 98.29 (meters)
bg = -0.0024,0.0201,0.0782 | ba = 0.0060,0.1796,0.1931
camera-imu timeoffset = 0.00008
cam0 intrinsics = 465.912,467.743,363.885,250.329 | -0.278,0.070,0.000,-0.000
cam1 intrinsics = 464.776,466.579,376.738,257.143 | -0.278,0.070,0.000,-0.000
cam0 extrinsics = -0.008,0.007,0.702,0.712 | 0.078,-0.067,0.019
cam1 extrinsics = -0.003,0.011,0.702,0.712 | -0.039,-0.067,0.020
q_GtoI = 0.804,-0.124,0.578,0.071 | p_IinG = 4.098,0.263,0.612 | dist = 98.34 (meters)
bg = -0.0024,0.0202,0.0783 | ba = 0.0065,0.1788,0.1913
camera-imu timeoffset = 0.00008
cam0 intrinsics = 465.914,467.744,363.885,250.327 | -0.278,0.070,0.000,-0.000
cam1 intrinsics = 464.778,466.580,376.739,257.142 | -0.278,0.070,0.000,-0.000
cam0 extrinsics = -0.008,0.007,0.702,0.712 | 0.078,-0.067,0.019
cam1 extrinsics = -0.003,0.011,0.702,0.712 | -0.039,-0.067,0.020
q_GtoI = 0.799,-0.127,0.584,0.068 | p_IinG = 4.049,0.261,0.607 | dist = 98.40 (meters)
bg = -0.0023,0.0205,0.0783 | ba = 0.0071,0.1777,0.1902
camera-imu timeoffset = 0.00007
cam0 intrinsics = 465.913,467.740,363.886,250.322 | -0.278,0.070,0.000,-0.000
cam1 intrinsics = 464.777,466.576,376.739,257.136 | -0.278,0.070,0.000,-0.000
cam0 extrinsics = -0.008,0.007,0.702,0.712 | 0.078,-0.067,0.019
cam1 extrinsics = -0.003,0.011,0.702,0.712 | -0.039,-0.067,0.021
q_GtoI = 0.795,-0.127,0.590,0.068 | p_IinG = 3.998,0.260,0.601 | dist = 98.45 (meters)
bg = -0.0022,0.0207,0.0783 | ba = 0.0079,0.1763,0.1889
camera-imu timeoffset = 0.00008
cam0 intrinsics = 465.912,467.737,363.886,250.315 | -0.278,0.070,0.000,-0.000
cam1 intrinsics = 464.776,466.572,376.739,257.130 | -0.278,0.070,0.000,-0.000
cam0 extrinsics = -0.008,0.007,0.702,0.712 | 0.078,-0.067,0.019
cam1 extrinsics = -0.003,0.011,0.702,0.712 | -0.039,-0.067,0.021
q_GtoI = 0.795,-0.125,0.590,0.069 | p_IinG = 3.947,0.258,0.595 | dist = 98.50 (meters)
bg = -0.0022,0.0208,0.0783 | ba = 0.0077,0.1751,0.1876
camera-imu timeoffset = 0.00008
cam0 intrinsics = 465.915,467.738,363.887,250.311 | -0.278,0.070,0.000,-0.000
cam1 intrinsics = 464.778,466.574,376.740,257.126 | -0.278,0.070,0.000,-0.000
cam0 extrinsics = -0.008,0.007,0.702,0.712 | 0.078,-0.067,0.019
cam1 extrinsics = -0.003,0.011,0.702,0.712 | -0.039,-0.067,0.021
q_GtoI = 0.797,-0.120,0.588,0.072 | p_IinG = 3.894,0.256,0.590 | dist = 98.56 (meters)
bg = -0.0022,0.0209,0.0783 | ba = 0.0072,0.1738,0.1862
camera-imu timeoffset = 0.00008
cam0 intrinsics = 465.917,467.740,363.889,250.307 | -0.278,0.070,0.000,-0.000
cam1 intrinsics = 464.781,466.575,376.742,257.122 | -0.278,0.070,0.000,-0.000
cam0 extrinsics = -0.008,0.007,0.702,0.712 | 0.078,-0.067,0.019
cam1 extrinsics = -0.003,0.011,0.702,0.712 | -0.039,-0.067,0.021
q_GtoI = 0.800,-0.114,0.584,0.075 | p_IinG = 3.841,0.253,0.587 | dist = 98.61 (meters)
bg = -0.0021,0.0209,0.0783 | ba = 0.0065,0.1724,0.1848
camera-imu timeoffset = 0.00008
cam0 intrinsics = 465.919,467.740,363.890,250.303 | -0.278,0.070,0.000,-0.000
cam1 intrinsics = 464.783,466.575,376.743,257.119 | -0.278,0.070,0.000,-0.000
cam0 extrinsics = -0.008,0.007,0.702,0.712 | 0.078,-0.067,0.019
cam1 extrinsics = -0.003,0.011,0.702,0.712 | -0.039,-0.067,0.021
q_GtoI = 0.803,-0.110,0.581,0.076 | p_IinG = 3.789,0.250,0.586 | dist = 98.67 (meters)
bg = -0.0022,0.0210,0.0781 | ba = 0.0049,0.1696,0.1817
camera-imu timeoffset = 0.00008
cam0 intrinsics = 465.920,467.736,363.889,250.301 | -0.278,0.070,0.000,-0.000
cam1 intrinsics = 464.782,466.570,376.744,257.117 | -0.278,0.070,0.000,-0.000
cam0 extrinsics = -0.008,0.007,0.702,0.712 | 0.078,-0.067,0.019
cam1 extrinsics = -0.003,0.011,0.702,0.712 | -0.039,-0.067,0.021
q_GtoI = 0.805,-0.106,0.578,0.076 | p_IinG = 3.733,0.248,0.587 | dist = 98.72 (meters)
bg = -0.0021,0.0209,0.0781 | ba = 0.0043,0.1683,0.1806
camera-imu timeoffset = 0.00008
cam0 intrinsics = 465.921,467.734,363.890,250.298 | -0.278,0.070,0.000,-0.000
cam1 intrinsics = 464.784,466.568,376.745,257.115 | -0.278,0.070,0.000,-0.000
cam0 extrinsics = -0.008,0.007,0.702,0.712 | 0.078,-0.067,0.019
cam1 extrinsics = -0.003,0.011,0.702,0.712 | -0.039,-0.067,0.021
q_GtoI = 0.807,-0.104,0.576,0.073 | p_IinG = 3.678,0.246,0.589 | dist = 98.78 (meters)
bg = -0.0021,0.0208,0.0780 | ba = 0.0038,0.1666,0.1794
camera-imu timeoffset = 0.00008
cam0 intrinsics = 465.921,467.733,363.891,250.297 | -0.278,0.070,0.000,-0.000
cam1 intrinsics = 464.784,466.568,376.746,257.114 | -0.278,0.070,0.000,-0.000
cam0 extrinsics = -0.008,0.007,0.702,0.712 | 0.077,-0.067,0.019
cam1 extrinsics = -0.003,0.011,0.702,0.712 | -0.039,-0.067,0.021
q_GtoI = 0.808,-0.104,0.575,0.069 | p_IinG = 3.622,0.246,0.592 | dist = 98.84 (meters)
bg = -0.0020,0.0208,0.0781 | ba = 0.0034,0.1657,0.1782
camera-imu timeoffset = 0.00008
cam0 intrinsics = 465.922,467.733,363.892,250.296 | -0.278,0.070,0.000,-0.000
cam1 intrinsics = 464.785,466.567,376.747,257.115 | -0.278,0.070,0.000,-0.000
cam0 extrinsics = -0.008,0.007,0.702,0.712 | 0.077,-0.067,0.019
cam1 extrinsics = -0.003,0.011,0.702,0.712 | -0.039,-0.067,0.021
q_GtoI = 0.809,-0.102,0.576,0.066 | p_IinG = 3.567,0.245,0.596 | dist = 98.89 (meters)
bg = -0.0019,0.0207,0.0781 | ba = 0.0028,0.1646,0.1769
camera-imu timeoffset = 0.00008
cam0 intrinsics = 465.924,467.735,363.893,250.296 | -0.278,0.070,0.000,-0.000
cam1 intrinsics = 464.787,466.568,376.748,257.114 | -0.278,0.070,0.000,-0.000
cam0 extrinsics = -0.008,0.007,0.702,0.712 | 0.077,-0.067,0.019
cam1 extrinsics = -0.003,0.011,0.702,0.712 | -0.039,-0.067,0.021
q_GtoI = 0.809,-0.103,0.575,0.062 | p_IinG = 3.512,0.244,0.598 | dist = 98.95 (meters)
bg = -0.0018,0.0207,0.0781 | ba = 0.0025,0.1632,0.1758
camera-imu timeoffset = 0.00008
cam0 intrinsics = 465.924,467.735,363.895,250.294 | -0.278,0.070,0.000,-0.000
cam1 intrinsics = 464.787,466.569,376.749,257.113 | -0.278,0.070,0.000,-0.000
cam0 extrinsics = -0.008,0.007,0.702,0.712 | 0.077,-0.067,0.019
cam1 extrinsics = -0.003,0.011,0.702,0.712 | -0.039,-0.066,0.021
q_GtoI = 0.810,-0.103,0.575,0.058 | p_IinG = 3.456,0.243,0.599 | dist = 99.01 (meters)
bg = -0.0018,0.0207,0.0781 | ba = 0.0027,0.1626,0.1748
camera-imu timeoffset = 0.00008
cam0 intrinsics = 465.925,467.737,363.896,250.293 | -0.278,0.070,0.000,-0.000
cam1 intrinsics = 464.789,466.571,376.750,257.112 | -0.278,0.070,0.000,-0.000
cam0 extrinsics = -0.008,0.007,0.702,0.712 | 0.077,-0.067,0.019
cam1 extrinsics = -0.003,0.011,0.702,0.712 | -0.039,-0.066,0.021
q_GtoI = 0.810,-0.103,0.574,0.056 | p_IinG = 3.401,0.242,0.599 | dist = 99.06 (meters)
bg = -0.0017,0.0206,0.0781 | ba = 0.0030,0.1620,0.1745
camera-imu timeoffset = 0.00008
cam0 intrinsics = 465.925,467.738,363.897,250.291 | -0.278,0.070,0.000,-0.000
cam1 intrinsics = 464.789,466.572,376.752,257.112 | -0.278,0.070,0.000,-0.000
cam0 extrinsics = -0.008,0.007,0.702,0.712 | 0.077,-0.067,0.019
cam1 extrinsics = -0.003,0.011,0.702,0.712 | -0.039,-0.066,0.021
q_GtoI = 0.811,-0.102,0.574,0.054 | p_IinG = 3.346,0.241,0.598 | dist = 99.12 (meters)
bg = -0.0016,0.0205,0.0781 | ba = 0.0023,0.1612,0.1736
camera-imu timeoffset = 0.00008
cam0 intrinsics = 465.927,467.740,363.898,250.289 | -0.278,0.070,0.000,-0.000
cam1 intrinsics = 464.791,466.574,376.754,257.110 | -0.278,0.070,0.000,-0.000
cam0 extrinsics = -0.008,0.007,0.702,0.712 | 0.077,-0.067,0.019
cam1 extrinsics = -0.003,0.011,0.702,0.712 | -0.039,-0.066,0.021
q_GtoI = 0.811,-0.101,0.574,0.054 | p_IinG = 3.291,0.240,0.595 | dist = 99.18 (meters)
bg = -0.0016,0.0204,0.0781 | ba = 0.0030,0.1608,0.1722
camera-imu timeoffset = 0.00008
cam0 intrinsics = 465.928,467.741,363.901,250.289 | -0.278,0.070,0.000,-0.000
cam1 intrinsics = 464.793,466.575,376.754,257.108 | -0.278,0.070,0.000,-0.000
cam0 extrinsics = -0.008,0.007,0.702,0.712 | 0.077,-0.067,0.019
cam1 extrinsics = -0.003,0.011,0.702,0.712 | -0.039,-0.066,0.021
q_GtoI = 0.811,-0.101,0.574,0.053 | p_IinG = 3.235,0.239,0.592 | dist = 99.23 (meters)
bg = -0.0015,0.0203,0.0782 | ba = 0.0039,0.1603,0.1714
camera-imu timeoffset = 0.00008
cam0 intrinsics = 465.929,467.742,363.902,250.285 | -0.278,0.070,0.000,-0.000
cam1 intrinsics = 464.794,466.576,376.755,257.105 | -0.278,0.070,0.000,-0.000
cam0 extrinsics = -0.008,0.007,0.702,0.712 | 0.077,-0.067,0.019
cam1 extrinsics = -0.003,0.011,0.702,0.712 | -0.039,-0.066,0.021
q_GtoI = 0.811,-0.100,0.574,0.053 | p_IinG = 3.180,0.237,0.589 | dist = 99.29 (meters)
bg = -0.0015,0.0203,0.0782 | ba = 0.0051,0.1597,0.1709
camera-imu timeoffset = 0.00008
cam0 intrinsics = 465.930,467.743,363.903,250.282 | -0.278,0.070,0.000,-0.000
cam1 intrinsics = 464.795,466.577,376.756,257.102 | -0.278,0.070,0.000,-0.000
cam0 extrinsics = -0.008,0.007,0.702,0.712 | 0.077,-0.067,0.019
cam1 extrinsics = -0.003,0.011,0.702,0.712 | -0.039,-0.066,0.021
q_GtoI = 0.811,-0.099,0.575,0.053 | p_IinG = 3.126,0.235,0.588 | dist = 99.34 (meters)
bg = -0.0015,0.0203,0.0782 | ba = 0.0058,0.1590,0.1701
camera-imu timeoffset = 0.00008
cam0 intrinsics = 465.930,467.743,363.902,250.279 | -0.278,0.070,0.000,-0.000
cam1 intrinsics = 464.795,466.576,376.759,257.099 | -0.278,0.070,0.000,-0.000
cam0 extrinsics = -0.008,0.007,0.702,0.712 | 0.077,-0.067,0.019
cam1 extrinsics = -0.003,0.011,0.702,0.712 | -0.039,-0.066,0.021
q_GtoI = 0.810,-0.100,0.575,0.052 | p_IinG = 3.070,0.232,0.589 | dist = 99.40 (meters)
bg = -0.0014,0.0203,0.0783 | ba = 0.0068,0.1585,0.1699
camera-imu timeoffset = 0.00008
cam0 intrinsics = 465.930,467.744,363.902,250.275 | -0.278,0.070,0.000,-0.000
cam1 intrinsics = 464.796,466.577,376.760,257.096 | -0.278,0.070,0.000,-0.000
cam0 extrinsics = -0.008,0.007,0.702,0.712 | 0.077,-0.067,0.019
cam1 extrinsics = -0.003,0.011,0.702,0.712 | -0.039,-0.066,0.021
q_GtoI = 0.810,-0.099,0.575,0.053 | p_IinG = 3.015,0.229,0.592 | dist = 99.46 (meters)
bg = -0.0014,0.0202,0.0783 | ba = 0.0074,0.1580,0.1700
camera-imu timeoffset = 0.00008
cam0 intrinsics = 465.931,467.745,363.903,250.271 | -0.278,0.070,0.000,-0.000
cam1 intrinsics = 464.796,466.578,376.761,257.092 | -0.278,0.070,0.000,-0.000
cam0 extrinsics = -0.008,0.007,0.702,0.712 | 0.077,-0.067,0.019
cam1 extrinsics = -0.003,0.011,0.702,0.712 | -0.039,-0.066,0.021
q_GtoI = 0.811,-0.099,0.575,0.052 | p_IinG = 2.959,0.226,0.596 | dist = 99.51 (meters)
bg = -0.0014,0.0200,0.0783 | ba = 0.0076,0.1575,0.1703
camera-imu timeoffset = 0.00008
cam0 intrinsics = 465.931,467.745,363.903,250.267 | -0.278,0.070,0.000,-0.000
cam1 intrinsics = 464.797,466.579,376.761,257.088 | -0.278,0.070,0.000,-0.000
cam0 extrinsics = -0.008,0.007,0.702,0.712 | 0.077,-0.067,0.019
cam1 extrinsics = -0.003,0.011,0.702,0.712 | -0.039,-0.066,0.021
q_GtoI = 0.812,-0.098,0.573,0.053 | p_IinG = 2.904,0.223,0.602 | dist = 99.57 (meters)
bg = -0.0014,0.0199,0.0783 | ba = 0.0076,0.1567,0.1708
camera-imu timeoffset = 0.00008
cam0 intrinsics = 465.932,467.746,363.903,250.262 | -0.278,0.070,0.000,-0.000
cam1 intrinsics = 464.798,466.580,376.762,257.084 | -0.278,0.070,0.000,-0.000
cam0 extrinsics = -0.008,0.007,0.702,0.712 | 0.077,-0.067,0.019
cam1 extrinsics = -0.003,0.011,0.702,0.712 | -0.039,-0.066,0.021
q_GtoI = 0.812,-0.099,0.573,0.053 | p_IinG = 2.849,0.218,0.610 | dist = 99.62 (meters)
bg = -0.0014,0.0199,0.0784 | ba = 0.0075,0.1553,0.1717
camera-imu timeoffset = 0.00008
cam0 intrinsics = 465.934,467.748,363.904,250.257 | -0.278,0.070,0.000,-0.000
cam1 intrinsics = 464.800,466.582,376.762,257.079 | -0.278,0.070,0.000,-0.000
cam0 extrinsics = -0.008,0.007,0.702,0.712 | 0.077,-0.067,0.019
cam1 extrinsics = -0.003,0.011,0.702,0.712 | -0.039,-0.066,0.021
q_GtoI = 0.815,-0.099,0.569,0.052 | p_IinG = 2.792,0.211,0.624 | dist = 99.68 (meters)
bg = -0.0015,0.0201,0.0783 | ba = 0.0030,0.1524,0.1743
camera-imu timeoffset = 0.00008
cam0 intrinsics = 465.937,467.752,363.909,250.247 | -0.278,0.070,0.000,-0.000
cam1 intrinsics = 464.804,466.585,376.769,257.069 | -0.278,0.070,0.000,-0.000
cam0 extrinsics = -0.008,0.007,0.702,0.712 | 0.077,-0.067,0.019
cam1 extrinsics = -0.003,0.011,0.702,0.712 | -0.039,-0.066,0.021
q_GtoI = 0.817,-0.099,0.566,0.052 | p_IinG = 2.737,0.207,0.632 | dist = 99.73 (meters)
bg = -0.0015,0.0201,0.0783 | ba = 0.0036,0.1519,0.1753
camera-imu timeoffset = 0.00008
cam0 intrinsics = 465.938,467.752,363.909,250.240 | -0.278,0.070,0.000,-0.000
cam1 intrinsics = 464.804,466.586,376.769,257.063 | -0.278,0.070,0.000,-0.000
cam0 extrinsics = -0.008,0.007,0.702,0.712 | 0.077,-0.067,0.019
cam1 extrinsics = -0.003,0.011,0.702,0.712 | -0.039,-0.066,0.021
q_GtoI = 0.819,-0.099,0.563,0.052 | p_IinG = 2.681,0.202,0.638 | dist = 99.79 (meters)
bg = -0.0015,0.0199,0.0783 | ba = 0.0040,0.1512,0.1764
camera-imu timeoffset = 0.00008
cam0 intrinsics = 465.938,467.751,363.908,250.234 | -0.278,0.070,0.000,-0.000
cam1 intrinsics = 464.805,466.585,376.769,257.057 | -0.278,0.070,0.000,-0.000
cam0 extrinsics = -0.008,0.007,0.702,0.712 | 0.077,-0.067,0.019
cam1 extrinsics = -0.003,0.011,0.702,0.712 | -0.039,-0.066,0.021
q_GtoI = 0.819,-0.099,0.562,0.053 | p_IinG = 2.626,0.197,0.643 | dist = 99.84 (meters)
bg = -0.0015,0.0199,0.0783 | ba = 0.0049,0.1506,0.1776
camera-imu timeoffset = 0.00008
cam0 intrinsics = 465.939,467.752,363.908,250.227 | -0.278,0.070,0.000,-0.000
cam1 intrinsics = 464.806,466.586,376.769,257.051 | -0.278,0.070,0.000,-0.000
cam0 extrinsics = -0.008,0.007,0.702,0.712 | 0.077,-0.067,0.019
cam1 extrinsics = -0.003,0.011,0.702,0.712 | -0.039,-0.066,0.021
q_GtoI = 0.820,-0.099,0.561,0.053 | p_IinG = 2.572,0.191,0.648 | dist = 99.90 (meters)
bg = -0.0015,0.0198,0.0783 | ba = 0.0055,0.1501,0.1786
camera-imu timeoffset = 0.00008
cam0 intrinsics = 465.939,467.753,363.907,250.221 | -0.278,0.070,0.000,-0.000
cam1 intrinsics = 464.807,466.587,376.769,257.045 | -0.278,0.070,0.000,-0.000
cam0 extrinsics = -0.008,0.007,0.702,0.712 | 0.077,-0.067,0.019
cam1 extrinsics = -0.003,0.011,0.702,0.712 | -0.039,-0.066,0.021
q_GtoI = 0.820,-0.099,0.561,0.054 | p_IinG = 2.518,0.185,0.651 | dist = 99.95 (meters)
bg = -0.0015,0.0198,0.0784 | ba = 0.0065,0.1495,0.1796
camera-imu timeoffset = 0.00008
cam0 intrinsics = 465.940,467.753,363.907,250.215 | -0.278,0.070,0.000,-0.000
cam1 intrinsics = 464.808,466.588,376.768,257.039 | -0.278,0.070,0.000,-0.000
cam0 extrinsics = -0.008,0.007,0.702,0.712 | 0.077,-0.067,0.019
cam1 extrinsics = -0.003,0.011,0.702,0.712 | -0.039,-0.066,0.021
q_GtoI = 0.821,-0.100,0.560,0.054 | p_IinG = 2.465,0.179,0.652 | dist = 100.00 (meters)
bg = -0.0015,0.0198,0.0784 | ba = 0.0075,0.1486,0.1802
camera-imu timeoffset = 0.00008
cam0 intrinsics = 465.941,467.754,363.905,250.211 | -0.278,0.070,0.000,-0.000
cam1 intrinsics = 464.810,466.589,376.769,257.035 | -0.278,0.070,0.000,-0.000
cam0 extrinsics = -0.008,0.007,0.702,0.712 | 0.077,-0.067,0.019
cam1 extrinsics = -0.003,0.011,0.702,0.712 | -0.039,-0.066,0.021
q_GtoI = 0.821,-0.101,0.559,0.052 | p_IinG = 2.412,0.173,0.652 | dist = 100.06 (meters)
bg = -0.0015,0.0197,0.0784 | ba = 0.0085,0.1478,0.1809
camera-imu timeoffset = 0.00008
cam0 intrinsics = 465.941,467.755,363.904,250.205 | -0.278,0.070,0.000,-0.000
cam1 intrinsics = 464.810,466.590,376.768,257.029 | -0.278,0.070,0.000,-0.000
cam0 extrinsics = -0.008,0.007,0.702,0.712 | 0.077,-0.067,0.019
cam1 extrinsics = -0.003,0.011,0.702,0.712 | -0.039,-0.066,0.021
q_GtoI = 0.821,-0.102,0.559,0.052 | p_IinG = 2.360,0.166,0.651 | dist = 100.11 (meters)
bg = -0.0014,0.0197,0.0785 | ba = 0.0097,0.1471,0.1816
camera-imu timeoffset = 0.00008
cam0 intrinsics = 465.941,467.755,363.904,250.199 | -0.278,0.070,0.000,-0.000
cam1 intrinsics = 464.811,466.590,376.768,257.024 | -0.278,0.070,0.000,-0.000
cam0 extrinsics = -0.008,0.007,0.702,0.712 | 0.077,-0.067,0.019
cam1 extrinsics = -0.003,0.011,0.702,0.712 | -0.039,-0.066,0.021
q_GtoI = 0.821,-0.101,0.559,0.053 | p_IinG = 2.308,0.159,0.648 | dist = 100.16 (meters)
bg = -0.0014,0.0197,0.0786 | ba = 0.0106,0.1463,0.1822
camera-imu timeoffset = 0.00008
cam0 intrinsics = 465.941,467.755,363.903,250.193 | -0.278,0.070,0.000,-0.000
cam1 intrinsics = 464.811,466.590,376.767,257.019 | -0.278,0.070,0.000,-0.000
cam0 extrinsics = -0.008,0.007,0.702,0.712 | 0.077,-0.067,0.019
cam1 extrinsics = -0.003,0.011,0.702,0.712 | -0.039,-0.066,0.021
q_GtoI = 0.821,-0.101,0.559,0.054 | p_IinG = 2.257,0.151,0.644 | dist = 100.21 (meters)
bg = -0.0014,0.0197,0.0786 | ba = 0.0121,0.1456,0.1826
camera-imu timeoffset = 0.00008
cam0 intrinsics = 465.940,467.754,363.902,250.188 | -0.278,0.070,0.000,-0.000
cam1 intrinsics = 464.811,466.590,376.766,257.013 | -0.278,0.070,0.000,-0.000
cam0 extrinsics = -0.007,0.007,0.702,0.712 | 0.077,-0.067,0.019
cam1 extrinsics = -0.002,0.011,0.702,0.712 | -0.039,-0.066,0.021
q_GtoI = 0.820,-0.100,0.561,0.056 | p_IinG = 2.206,0.142,0.641 | dist = 100.26 (meters)
bg = -0.0015,0.0197,0.0787 | ba = 0.0126,0.1444,0.1833
camera-imu timeoffset = 0.00008
cam0 intrinsics = 465.940,467.755,363.902,250.181 | -0.278,0.070,0.000,-0.000
cam1 intrinsics = 464.811,466.591,376.766,257.007 | -0.278,0.070,0.000,-0.000
cam0 extrinsics = -0.007,0.007,0.702,0.712 | 0.077,-0.067,0.019
cam1 extrinsics = -0.002,0.011,0.702,0.712 | -0.039,-0.066,0.021
q_GtoI = 0.819,-0.097,0.563,0.060 | p_IinG = 2.157,0.132,0.637 | dist = 100.31 (meters)
bg = -0.0016,0.0198,0.0785 | ba = 0.0125,0.1431,0.1830
camera-imu timeoffset = 0.00008
cam0 intrinsics = 465.939,467.754,363.903,250.176 | -0.278,0.070,0.000,-0.000
cam1 intrinsics = 464.812,466.592,376.769,257.001 | -0.278,0.070,0.000,-0.000
cam0 extrinsics = -0.007,0.007,0.702,0.712 | 0.077,-0.067,0.019
cam1 extrinsics = -0.002,0.011,0.702,0.712 | -0.039,-0.066,0.021
q_GtoI = 0.818,-0.095,0.564,0.063 | p_IinG = 2.109,0.124,0.631 | dist = 100.36 (meters)
bg = -0.0017,0.0199,0.0785 | ba = 0.0137,0.1431,0.1829
camera-imu timeoffset = 0.00008
cam0 intrinsics = 465.939,467.755,363.904,250.171 | -0.278,0.070,0.000,-0.000
cam1 intrinsics = 464.812,466.593,376.769,256.996 | -0.278,0.070,0.000,-0.000
cam0 extrinsics = -0.007,0.007,0.702,0.712 | 0.077,-0.067,0.019
cam1 extrinsics = -0.002,0.011,0.702,0.712 | -0.039,-0.066,0.021
q_GtoI = 0.817,-0.093,0.566,0.065 | p_IinG = 2.061,0.115,0.626 | dist = 100.41 (meters)
bg = -0.0017,0.0199,0.0784 | ba = 0.0136,0.1425,0.1832
camera-imu timeoffset = 0.00008
cam0 intrinsics = 465.940,467.757,363.903,250.165 | -0.278,0.070,0.000,-0.000
cam1 intrinsics = 464.813,466.595,376.768,256.990 | -0.278,0.070,0.000,-0.000
cam0 extrinsics = -0.007,0.007,0.702,0.712 | 0.077,-0.067,0.019
cam1 extrinsics = -0.002,0.011,0.702,0.712 | -0.039,-0.066,0.021
q_GtoI = 0.816,-0.093,0.566,0.065 | p_IinG = 2.013,0.107,0.620 | dist = 100.46 (meters)
bg = -0.0017,0.0199,0.0784 | ba = 0.0136,0.1417,0.1832
camera-imu timeoffset = 0.00008
cam0 intrinsics = 465.941,467.759,363.903,250.159 | -0.278,0.070,0.000,-0.000
cam1 intrinsics = 464.814,466.597,376.768,256.985 | -0.278,0.070,0.000,-0.000
cam0 extrinsics = -0.007,0.007,0.702,0.712 | 0.077,-0.067,0.019
cam1 extrinsics = -0.002,0.011,0.702,0.712 | -0.039,-0.066,0.021
q_GtoI = 0.818,-0.092,0.564,0.066 | p_IinG = 1.967,0.098,0.613 | dist = 100.51 (meters)
bg = -0.0017,0.0200,0.0783 | ba = 0.0136,0.1409,0.1830
camera-imu timeoffset = 0.00008
cam0 intrinsics = 465.942,467.760,363.903,250.152 | -0.278,0.070,0.000,-0.000
cam1 intrinsics = 464.815,466.599,376.768,256.979 | -0.278,0.070,0.000,-0.000
cam0 extrinsics = -0.007,0.007,0.702,0.712 | 0.077,-0.067,0.019
cam1 extrinsics = -0.002,0.011,0.702,0.712 | -0.039,-0.066,0.021
q_GtoI = 0.819,-0.092,0.563,0.066 | p_IinG = 1.920,0.091,0.605 | dist = 100.55 (meters)
bg = -0.0017,0.0200,0.0782 | ba = 0.0138,0.1399,0.1827
camera-imu timeoffset = 0.00008
cam0 intrinsics = 465.942,467.762,363.902,250.146 | -0.278,0.070,0.000,-0.000
cam1 intrinsics = 464.816,466.601,376.767,256.973 | -0.278,0.070,0.000,-0.000
cam0 extrinsics = -0.007,0.007,0.702,0.712 | 0.077,-0.067,0.019
cam1 extrinsics = -0.002,0.011,0.702,0.712 | -0.039,-0.066,0.021
q_GtoI = 0.820,-0.092,0.561,0.065 | p_IinG = 1.876,0.082,0.598 | dist = 100.60 (meters)
bg = -0.0018,0.0202,0.0781 | ba = 0.0138,0.1384,0.1807
camera-imu timeoffset = 0.00008
cam0 intrinsics = 465.943,467.761,363.901,250.140 | -0.278,0.070,0.000,-0.000
cam1 intrinsics = 464.817,466.600,376.767,256.966 | -0.278,0.070,0.000,-0.000
cam0 extrinsics = -0.007,0.007,0.702,0.712 | 0.077,-0.067,0.019
cam1 extrinsics = -0.002,0.011,0.702,0.712 | -0.039,-0.066,0.021
q_GtoI = 0.821,-0.092,0.560,0.065 | p_IinG = 1.831,0.074,0.592 | dist = 100.65 (meters)
bg = -0.0018,0.0202,0.0780 | ba = 0.0135,0.1371,0.1796
camera-imu timeoffset = 0.00008
cam0 intrinsics = 465.943,467.761,363.901,250.133 | -0.278,0.070,0.000,-0.000
cam1 intrinsics = 464.817,466.600,376.767,256.960 | -0.278,0.070,0.000,-0.000
cam0 extrinsics = -0.007,0.007,0.702,0.712 | 0.077,-0.067,0.019
cam1 extrinsics = -0.002,0.011,0.702,0.712 | -0.039,-0.066,0.021
q_GtoI = 0.823,-0.093,0.557,0.064 | p_IinG = 1.788,0.067,0.586 | dist = 100.69 (meters)
bg = -0.0019,0.0202,0.0780 | ba = 0.0130,0.1360,0.1784
camera-imu timeoffset = 0.00008
cam0 intrinsics = 465.943,467.761,363.901,250.127 | -0.278,0.070,0.000,-0.000
cam1 intrinsics = 464.817,466.600,376.767,256.954 | -0.278,0.070,0.000,-0.000
cam0 extrinsics = -0.007,0.007,0.702,0.712 | 0.077,-0.067,0.019
cam1 extrinsics = -0.002,0.011,0.702,0.712 | -0.039,-0.066,0.021
q_GtoI = 0.825,-0.094,0.554,0.063 | p_IinG = 1.747,0.060,0.583 | dist = 100.74 (meters)
bg = -0.0019,0.0203,0.0780 | ba = 0.0125,0.1353,0.1770
camera-imu timeoffset = 0.00008
cam0 intrinsics = 465.943,467.761,363.901,250.122 | -0.278,0.070,0.000,-0.000
cam1 intrinsics = 464.818,466.600,376.767,256.949 | -0.278,0.070,0.000,-0.000
cam0 extrinsics = -0.007,0.007,0.702,0.712 | 0.077,-0.067,0.019
cam1 extrinsics = -0.002,0.011,0.702,0.712 | -0.039,-0.066,0.021
q_GtoI = 0.826,-0.094,0.552,0.062 | p_IinG = 1.707,0.053,0.581 | dist = 100.78 (meters)
bg = -0.0020,0.0203,0.0779 | ba = 0.0122,0.1345,0.1759
camera-imu timeoffset = 0.00008
cam0 intrinsics = 465.943,467.761,363.901,250.116 | -0.278,0.070,0.000,-0.000
cam1 intrinsics = 464.818,466.600,376.767,256.943 | -0.278,0.070,0.000,-0.000
cam0 extrinsics = -0.007,0.007,0.702,0.712 | 0.077,-0.067,0.019
cam1 extrinsics = -0.002,0.011,0.702,0.712 | -0.039,-0.066,0.021
q_GtoI = 0.827,-0.093,0.550,0.062 | p_IinG = 1.669,0.045,0.582 | dist = 100.82 (meters)
bg = -0.0020,0.0204,0.0779 | ba = 0.0123,0.1337,0.1746
camera-imu timeoffset = 0.00008
cam0 intrinsics = 465.944,467.762,363.900,250.111 | -0.278,0.070,0.000,-0.000
cam1 intrinsics = 464.818,466.601,376.767,256.938 | -0.278,0.070,0.000,-0.000
cam0 extrinsics = -0.007,0.007,0.702,0.712 | 0.077,-0.067,0.019
cam1 extrinsics = -0.002,0.011,0.702,0.712 | -0.039,-0.066,0.021
q_GtoI = 0.828,-0.093,0.549,0.062 | p_IinG = 1.633,0.039,0.583 | dist = 100.86 (meters)
bg = -0.0020,0.0204,0.0779 | ba = 0.0134,0.1334,0.1723
camera-imu timeoffset = 0.00008
cam0 intrinsics = 465.942,467.760,363.898,250.107 | -0.278,0.070,0.000,-0.000
cam1 intrinsics = 464.818,466.601,376.766,256.933 | -0.278,0.070,0.000,-0.000
cam0 extrinsics = -0.007,0.007,0.702,0.712 | 0.077,-0.067,0.019
cam1 extrinsics = -0.002,0.011,0.702,0.712 | -0.039,-0.066,0.021
q_GtoI = 0.828,-0.093,0.549,0.062 | p_IinG = 1.598,0.033,0.585 | dist = 100.89 (meters)
bg = -0.0021,0.0205,0.0779 | ba = 0.0140,0.1333,0.1713
camera-imu timeoffset = 0.00008
cam0 intrinsics = 465.942,467.759,363.898,250.103 | -0.278,0.070,0.000,-0.000
cam1 intrinsics = 464.818,466.600,376.765,256.929 | -0.278,0.070,0.000,-0.000
cam0 extrinsics = -0.007,0.007,0.702,0.712 | 0.077,-0.067,0.019
cam1 extrinsics = -0.002,0.011,0.702,0.712 | -0.039,-0.066,0.021
q_GtoI = 0.829,-0.093,0.549,0.061 | p_IinG = 1.564,0.027,0.587 | dist = 100.93 (meters)
bg = -0.0021,0.0206,0.0779 | ba = 0.0148,0.1331,0.1704
camera-imu timeoffset = 0.00008
cam0 intrinsics = 465.942,467.759,363.897,250.098 | -0.278,0.070,0.000,-0.000
cam1 intrinsics = 464.818,466.600,376.765,256.924 | -0.278,0.070,0.000,-0.000
cam0 extrinsics = -0.007,0.007,0.702,0.712 | 0.077,-0.067,0.019
cam1 extrinsics = -0.002,0.011,0.702,0.712 | -0.039,-0.066,0.021
q_GtoI = 0.829,-0.093,0.549,0.061 | p_IinG = 1.531,0.021,0.587 | dist = 100.96 (meters)
bg = -0.0021,0.0206,0.0779 | ba = 0.0156,0.1329,0.1694
camera-imu timeoffset = 0.00008
cam0 intrinsics = 465.941,467.759,363.897,250.093 | -0.278,0.070,0.000,-0.000
cam1 intrinsics = 464.818,466.600,376.764,256.920 | -0.278,0.070,0.000,-0.000
cam0 extrinsics = -0.007,0.007,0.702,0.712 | 0.077,-0.067,0.019
cam1 extrinsics = -0.002,0.011,0.702,0.712 | -0.039,-0.066,0.021
q_GtoI = 0.828,-0.093,0.549,0.061 | p_IinG = 1.499,0.015,0.585 | dist = 100.99 (meters)
bg = -0.0021,0.0206,0.0778 | ba = 0.0178,0.1331,0.1683
camera-imu timeoffset = 0.00008
cam0 intrinsics = 465.941,467.758,363.896,250.089 | -0.278,0.070,0.000,-0.000
cam1 intrinsics = 464.818,466.600,376.764,256.916 | -0.278,0.070,0.000,-0.000
cam0 extrinsics = -0.007,0.007,0.702,0.712 | 0.077,-0.067,0.019
cam1 extrinsics = -0.002,0.011,0.702,0.712 | -0.039,-0.066,0.021
q_GtoI = 0.828,-0.093,0.549,0.060 | p_IinG = 1.469,0.009,0.582 | dist = 101.03 (meters)
bg = -0.0021,0.0207,0.0778 | ba = 0.0192,0.1330,0.1671
camera-imu timeoffset = 0.00008
cam0 intrinsics = 465.941,467.758,363.896,250.085 | -0.278,0.070,0.000,-0.000
cam1 intrinsics = 464.818,466.600,376.763,256.911 | -0.278,0.070,0.000,-0.000
cam0 extrinsics = -0.007,0.007,0.702,0.712 | 0.077,-0.067,0.019
cam1 extrinsics = -0.002,0.011,0.702,0.712 | -0.039,-0.066,0.021
q_GtoI = 0.828,-0.093,0.549,0.060 | p_IinG = 1.440,0.004,0.578 | dist = 101.06 (meters)
bg = -0.0021,0.0207,0.0777 | ba = 0.0206,0.1332,0.1651
camera-imu timeoffset = 0.00008
cam0 intrinsics = 465.939,467.757,363.895,250.080 | -0.278,0.070,0.000,-0.000
cam1 intrinsics = 464.818,466.600,376.762,256.907 | -0.278,0.070,0.000,-0.000
cam0 extrinsics = -0.007,0.007,0.702,0.712 | 0.077,-0.067,0.019
cam1 extrinsics = -0.002,0.011,0.702,0.712 | -0.039,-0.066,0.021
q_GtoI = 0.828,-0.091,0.549,0.061 | p_IinG = 1.412,-0.002,0.574 | dist = 101.09 (meters)
bg = -0.0022,0.0207,0.0777 | ba = 0.0215,0.1334,0.1641
camera-imu timeoffset = 0.00008
cam0 intrinsics = 465.940,467.758,363.894,250.075 | -0.278,0.070,0.000,-0.000
cam1 intrinsics = 464.819,466.601,376.762,256.903 | -0.278,0.070,0.000,-0.000
cam0 extrinsics = -0.007,0.007,0.702,0.712 | 0.077,-0.067,0.019
cam1 extrinsics = -0.002,0.011,0.702,0.712 | -0.039,-0.066,0.021
q_GtoI = 0.828,-0.090,0.550,0.062 | p_IinG = 1.385,-0.008,0.570 | dist = 101.11 (meters)
bg = -0.0022,0.0207,0.0777 | ba = 0.0221,0.1336,0.1632
camera-imu timeoffset = 0.00008
cam0 intrinsics = 465.941,467.758,363.894,250.070 | -0.278,0.070,0.000,-0.000
cam1 intrinsics = 464.820,466.602,376.761,256.898 | -0.278,0.070,0.000,-0.000
cam0 extrinsics = -0.007,0.007,0.702,0.712 | 0.077,-0.067,0.019
cam1 extrinsics = -0.002,0.011,0.702,0.712 | -0.039,-0.066,0.021
q_GtoI = 0.828,-0.090,0.550,0.063 | p_IinG = 1.360,-0.013,0.565 | dist = 101.14 (meters)
bg = -0.0022,0.0206,0.0777 | ba = 0.0225,0.1339,0.1623
camera-imu timeoffset = 0.00008
cam0 intrinsics = 465.942,467.759,363.893,250.065 | -0.278,0.070,0.000,-0.000
cam1 intrinsics = 464.821,466.603,376.761,256.893 | -0.278,0.070,0.000,-0.000
cam0 extrinsics = -0.007,0.007,0.702,0.712 | 0.077,-0.067,0.019
cam1 extrinsics = -0.002,0.011,0.702,0.712 | -0.039,-0.066,0.021
q_GtoI = 0.828,-0.089,0.550,0.063 | p_IinG = 1.335,-0.020,0.559 | dist = 101.17 (meters)
bg = -0.0023,0.0206,0.0777 | ba = 0.0230,0.1336,0.1620
camera-imu timeoffset = 0.00008
cam0 intrinsics = 465.942,467.761,363.892,250.060 | -0.278,0.070,0.000,-0.000
cam1 intrinsics = 464.822,466.605,376.760,256.888 | -0.278,0.070,0.000,-0.000
cam0 extrinsics = -0.007,0.007,0.702,0.712 | 0.077,-0.067,0.019
cam1 extrinsics = -0.002,0.011,0.702,0.712 | -0.039,-0.066,0.021
q_GtoI = 0.828,-0.089,0.550,0.063 | p_IinG = 1.312,-0.026,0.553 | dist = 101.19 (meters)
bg = -0.0024,0.0206,0.0777 | ba = 0.0234,0.1332,0.1615
camera-imu timeoffset = 0.00008
cam0 intrinsics = 465.943,467.763,363.892,250.055 | -0.278,0.070,0.000,-0.000
cam1 intrinsics = 464.823,466.607,376.760,256.883 | -0.278,0.070,0.000,-0.000
cam0 extrinsics = -0.007,0.007,0.702,0.712 | 0.077,-0.067,0.019
cam1 extrinsics = -0.002,0.011,0.702,0.712 | -0.039,-0.066,0.021
q_GtoI = 0.828,-0.090,0.551,0.063 | p_IinG = 1.291,-0.029,0.546 | dist = 101.22 (meters)
bg = -0.0024,0.0206,0.0775 | ba = 0.0238,0.1352,0.1606
camera-imu timeoffset = 0.00008
cam0 intrinsics = 465.944,467.763,363.889,250.051 | -0.278,0.070,0.000,-0.000
cam1 intrinsics = 464.825,466.609,376.758,256.878 | -0.278,0.070,0.000,-0.000
cam0 extrinsics = -0.007,0.007,0.702,0.712 | 0.077,-0.067,0.020
cam1 extrinsics = -0.002,0.011,0.702,0.712 | -0.039,-0.066,0.021
q_GtoI = 0.827,-0.089,0.552,0.064 | p_IinG = 1.270,-0.035,0.539 | dist = 101.24 (meters)
bg = -0.0024,0.0207,0.0776 | ba = 0.0243,0.1348,0.1601
camera-imu timeoffset = 0.00008
cam0 intrinsics = 465.944,467.765,363.888,250.047 | -0.278,0.070,0.000,-0.000
cam1 intrinsics = 464.826,466.610,376.757,256.873 | -0.278,0.070,0.000,-0.000
cam0 extrinsics = -0.007,0.007,0.702,0.712 | 0.077,-0.067,0.020
cam1 extrinsics = -0.002,0.011,0.702,0.712 | -0.039,-0.066,0.021
q_GtoI = 0.826,-0.088,0.554,0.066 | p_IinG = 1.250,-0.040,0.532 | dist = 101.26 (meters)
bg = -0.0025,0.0208,0.0776 | ba = 0.0248,0.1348,0.1594
camera-imu timeoffset = 0.00008
cam0 intrinsics = 465.944,467.766,363.888,250.042 | -0.278,0.070,0.000,-0.000
cam1 intrinsics = 464.826,466.611,376.756,256.868 | -0.278,0.070,0.000,-0.000
cam0 extrinsics = -0.007,0.007,0.702,0.712 | 0.077,-0.067,0.020
cam1 extrinsics = -0.002,0.011,0.702,0.712 | -0.039,-0.066,0.021
q_GtoI = 0.824,-0.088,0.556,0.066 | p_IinG = 1.234,-0.046,0.532 | dist = 101.28 (meters)
bg = -0.0026,0.0212,0.0775 | ba = 0.0199,0.1337,0.1588
camera-imu timeoffset = 0.00008
cam0 intrinsics = 465.948,467.764,363.887,250.032 | -0.278,0.070,0.000,-0.000
cam1 intrinsics = 464.829,466.609,376.757,256.859 | -0.278,0.070,0.000,-0.000
cam0 extrinsics = -0.007,0.007,0.702,0.712 | 0.077,-0.067,0.020
cam1 extrinsics = -0.002,0.011,0.702,0.712 | -0.039,-0.066,0.021
q_GtoI = 0.823,-0.088,0.558,0.066 | p_IinG = 1.217,-0.050,0.526 | dist = 101.30 (meters)
bg = -0.0026,0.0213,0.0775 | ba = 0.0196,0.1336,0.1579
camera-imu timeoffset = 0.00008
cam0 intrinsics = 465.948,467.764,363.886,250.027 | -0.278,0.070,0.000,-0.000
cam1 intrinsics = 464.829,466.609,376.756,256.854 | -0.278,0.070,0.000,-0.000
cam0 extrinsics = -0.007,0.007,0.702,0.712 | 0.077,-0.067,0.020
cam1 extrinsics = -0.002,0.011,0.702,0.712 | -0.039,-0.066,0.021
q_GtoI = 0.822,-0.087,0.558,0.067 | p_IinG = 1.201,-0.054,0.519 | dist = 101.32 (meters)
bg = -0.0027,0.0214,0.0775 | ba = 0.0191,0.1337,0.1571
camera-imu timeoffset = 0.00008
cam0 intrinsics = 465.950,467.766,363.885,250.022 | -0.278,0.070,0.000,-0.000
cam1 intrinsics = 464.831,466.610,376.756,256.849 | -0.278,0.070,0.000,-0.000
cam0 extrinsics = -0.007,0.007,0.702,0.712 | 0.077,-0.067,0.020
cam1 extrinsics = -0.002,0.011,0.702,0.712 | -0.039,-0.066,0.021
q_GtoI = 0.822,-0.088,0.559,0.067 | p_IinG = 1.185,-0.058,0.512 | dist = 101.34 (meters)
bg = -0.0027,0.0215,0.0775 | ba = 0.0188,0.1340,0.1562
camera-imu timeoffset = 0.00008
cam0 intrinsics = 465.951,467.767,363.884,250.017 | -0.278,0.070,0.000,-0.000
cam1 intrinsics = 464.832,466.611,376.755,256.844 | -0.278,0.070,0.000,-0.000
cam0 extrinsics = -0.007,0.007,0.702,0.712 | 0.077,-0.067,0.020
cam1 extrinsics = -0.002,0.011,0.702,0.712 | -0.039,-0.066,0.021
q_GtoI = 0.822,-0.087,0.559,0.068 | p_IinG = 1.170,-0.061,0.505 | dist = 101.36 (meters)
bg = -0.0028,0.0216,0.0775 | ba = 0.0184,0.1345,0.1553
camera-imu timeoffset = 0.00008
cam0 intrinsics = 465.953,467.769,363.884,250.012 | -0.278,0.070,0.000,-0.000
cam1 intrinsics = 464.834,466.613,376.755,256.840 | -0.278,0.070,0.000,-0.000
cam0 extrinsics = -0.007,0.007,0.702,0.712 | 0.077,-0.067,0.020
cam1 extrinsics = -0.002,0.011,0.702,0.712 | -0.039,-0.066,0.021
q_GtoI = 0.823,-0.087,0.557,0.068 | p_IinG = 1.157,-0.063,0.497 | dist = 101.38 (meters)
bg = -0.0028,0.0216,0.0775 | ba = 0.0177,0.1351,0.1540
camera-imu timeoffset = 0.00008
cam0 intrinsics = 465.955,467.771,363.883,250.008 | -0.278,0.070,0.000,-0.000
cam1 intrinsics = 464.836,466.615,376.755,256.836 | -0.278,0.070,0.000,-0.000
cam0 extrinsics = -0.007,0.007,0.702,0.712 | 0.077,-0.067,0.020
cam1 extrinsics = -0.002,0.011,0.702,0.712 | -0.039,-0.066,0.021
q_GtoI = 0.824,-0.087,0.556,0.068 | p_IinG = 1.143,-0.064,0.490 | dist = 101.39 (meters)
bg = -0.0028,0.0216,0.0774 | ba = 0.0170,0.1355,0.1526
camera-imu timeoffset = 0.00008
cam0 intrinsics = 465.958,467.773,363.883,250.005 | -0.278,0.070,0.000,-0.000
cam1 intrinsics = 464.839,466.617,376.754,256.832 | -0.278,0.070,0.000,-0.000
cam0 extrinsics = -0.007,0.007,0.702,0.712 | 0.077,-0.067,0.020
cam1 extrinsics = -0.002,0.011,0.702,0.712 | -0.039,-0.066,0.021
q_GtoI = 0.824,-0.087,0.555,0.069 | p_IinG = 1.131,-0.065,0.483 | dist = 101.41 (meters)
bg = -0.0029,0.0216,0.0774 | ba = 0.0160,0.1362,0.1511
camera-imu timeoffset = 0.00008
cam0 intrinsics = 465.960,467.774,363.882,250.002 | -0.278,0.070,0.000,-0.000
cam1 intrinsics = 464.841,466.617,376.754,256.829 | -0.278,0.070,0.000,-0.000
cam0 extrinsics = -0.007,0.007,0.702,0.712 | 0.077,-0.067,0.020
cam1 extrinsics = -0.002,0.011,0.702,0.712 | -0.039,-0.066,0.021
q_GtoI = 0.825,-0.087,0.554,0.069 | p_IinG = 1.119,-0.066,0.477 | dist = 101.42 (meters)
bg = -0.0029,0.0216,0.0775 | ba = 0.0154,0.1366,0.1502
camera-imu timeoffset = 0.00008
cam0 intrinsics = 465.962,467.776,363.881,250.000 | -0.278,0.070,0.000,-0.000
cam1 intrinsics = 464.843,466.619,376.754,256.827 | -0.278,0.070,0.000,-0.000
cam0 extrinsics = -0.007,0.007,0.702,0.712 | 0.077,-0.066,0.020
cam1 extrinsics = -0.002,0.011,0.702,0.712 | -0.039,-0.066,0.021
q_GtoI = 0.825,-0.088,0.553,0.070 | p_IinG = 1.109,-0.065,0.469 | dist = 101.44 (meters)
bg = -0.0029,0.0216,0.0774 | ba = 0.0159,0.1376,0.1480
camera-imu timeoffset = 0.00008
cam0 intrinsics = 465.965,467.777,363.880,250.000 | -0.278,0.070,0.000,-0.000
cam1 intrinsics = 464.846,466.621,376.754,256.828 | -0.278,0.070,0.000,-0.000
cam0 extrinsics = -0.007,0.007,0.702,0.712 | 0.077,-0.066,0.020
cam1 extrinsics = -0.002,0.011,0.702,0.712 | -0.039,-0.066,0.021
q_GtoI = 0.826,-0.088,0.553,0.071 | p_IinG = 1.099,-0.065,0.464 | dist = 101.45 (meters)
bg = -0.0030,0.0217,0.0774 | ba = 0.0150,0.1376,0.1466
camera-imu timeoffset = 0.00008
cam0 intrinsics = 465.968,467.779,363.879,249.998 | -0.278,0.070,0.000,-0.000
cam1 intrinsics = 464.849,466.622,376.754,256.826 | -0.278,0.070,0.000,-0.000
cam0 extrinsics = -0.007,0.007,0.702,0.712 | 0.077,-0.066,0.020
cam1 extrinsics = -0.002,0.011,0.702,0.712 | -0.039,-0.066,0.021
q_GtoI = 0.826,-0.088,0.553,0.070 | p_IinG = 1.091,-0.064,0.459 | dist = 101.46 (meters)
bg = -0.0030,0.0218,0.0774 | ba = 0.0144,0.1376,0.1450
camera-imu timeoffset = 0.00008
cam0 intrinsics = 465.971,467.781,363.879,249.996 | -0.278,0.070,0.000,-0.000
cam1 intrinsics = 464.851,466.624,376.754,256.824 | -0.278,0.070,0.000,-0.000
cam0 extrinsics = -0.007,0.007,0.702,0.712 | 0.077,-0.066,0.020
cam1 extrinsics = -0.002,0.011,0.702,0.712 | -0.039,-0.066,0.021
q_GtoI = 0.826,-0.088,0.552,0.071 | p_IinG = 1.083,-0.063,0.454 | dist = 101.47 (meters)
bg = -0.0030,0.0219,0.0774 | ba = 0.0137,0.1379,0.1434
camera-imu timeoffset = 0.00008
cam0 intrinsics = 465.974,467.783,363.879,249.995 | -0.278,0.070,0.000,-0.000
cam1 intrinsics = 464.854,466.626,376.754,256.822 | -0.278,0.070,0.000,-0.000
cam0 extrinsics = -0.007,0.007,0.702,0.712 | 0.077,-0.066,0.020
cam1 extrinsics = -0.002,0.011,0.702,0.712 | -0.039,-0.066,0.021
q_GtoI = 0.826,-0.089,0.552,0.070 | p_IinG = 1.077,-0.062,0.450 | dist = 101.48 (meters)
bg = -0.0031,0.0218,0.0775 | ba = 0.0129,0.1382,0.1421
camera-imu timeoffset = 0.00008
cam0 intrinsics = 465.976,467.786,363.878,249.993 | -0.278,0.070,0.000,-0.000
cam1 intrinsics = 464.857,466.628,376.754,256.820 | -0.278,0.070,0.000,-0.000
cam0 extrinsics = -0.007,0.007,0.702,0.712 | 0.077,-0.066,0.020
cam1 extrinsics = -0.002,0.011,0.702,0.712 | -0.039,-0.066,0.021
q_GtoI = 0.827,-0.090,0.551,0.069 | p_IinG = 1.072,-0.059,0.447 | dist = 101.49 (meters)
bg = -0.0031,0.0218,0.0776 | ba = 0.0122,0.1386,0.1410
camera-imu timeoffset = 0.00008
cam0 intrinsics = 465.980,467.788,363.878,249.991 | -0.278,0.070,0.000,-0.000
cam1 intrinsics = 464.860,466.630,376.754,256.819 | -0.278,0.070,0.000,-0.000
cam0 extrinsics = -0.007,0.007,0.702,0.712 | 0.077,-0.066,0.020
cam1 extrinsics = -0.002,0.011,0.702,0.712 | -0.039,-0.066,0.021
q_GtoI = 0.826,-0.091,0.552,0.067 | p_IinG = 1.067,-0.056,0.444 | dist = 101.49 (meters)
bg = -0.0031,0.0218,0.0776 | ba = 0.0118,0.1389,0.1401
camera-imu timeoffset = 0.00008
cam0 intrinsics = 465.983,467.791,363.877,249.990 | -0.278,0.070,0.000,-0.000
cam1 intrinsics = 464.863,466.633,376.755,256.817 | -0.278,0.070,0.000,-0.000
cam0 extrinsics = -0.007,0.007,0.702,0.712 | 0.077,-0.066,0.020
cam1 extrinsics = -0.002,0.011,0.702,0.712 | -0.039,-0.066,0.021
q_GtoI = 0.824,-0.094,0.555,0.063 | p_IinG = 1.063,-0.053,0.441 | dist = 101.50 (meters)
bg = -0.0031,0.0219,0.0776 | ba = 0.0120,0.1394,0.1393
camera-imu timeoffset = 0.00008
cam0 intrinsics = 465.985,467.793,363.877,249.988 | -0.278,0.070,0.000,-0.000
cam1 intrinsics = 464.865,466.634,376.755,256.815 | -0.278,0.070,0.000,-0.000
cam0 extrinsics = -0.007,0.007,0.702,0.712 | 0.077,-0.066,0.020
cam1 extrinsics = -0.002,0.011,0.702,0.712 | -0.039,-0.066,0.021
q_GtoI = 0.821,-0.098,0.560,0.058 | p_IinG = 1.060,-0.049,0.439 | dist = 101.50 (meters)
bg = -0.0030,0.0219,0.0777 | ba = 0.0123,0.1398,0.1389
camera-imu timeoffset = 0.00008
cam0 intrinsics = 465.987,467.794,363.877,249.987 | -0.278,0.070,0.000,-0.000
cam1 intrinsics = 464.867,466.635,376.756,256.813 | -0.278,0.070,0.000,-0.000
cam0 extrinsics = -0.007,0.007,0.702,0.712 | 0.077,-0.066,0.020
cam1 extrinsics = -0.002,0.011,0.702,0.712 | -0.039,-0.066,0.021
q_GtoI = 0.817,-0.101,0.564,0.055 | p_IinG = 1.057,-0.045,0.438 | dist = 101.51 (meters)
bg = -0.0029,0.0220,0.0777 | ba = 0.0127,0.1402,0.1386
camera-imu timeoffset = 0.00008
cam0 intrinsics = 465.988,467.794,363.877,249.985 | -0.278,0.070,0.000,-0.000
cam1 intrinsics = 464.868,466.635,376.757,256.812 | -0.278,0.070,0.000,-0.000
cam0 extrinsics = -0.007,0.007,0.702,0.712 | 0.077,-0.066,0.020
cam1 extrinsics = -0.002,0.011,0.702,0.712 | -0.039,-0.066,0.021
q_GtoI = 0.814,-0.103,0.569,0.052 | p_IinG = 1.054,-0.042,0.437 | dist = 101.51 (meters)
bg = -0.0029,0.0221,0.0777 | ba = 0.0133,0.1406,0.1384
camera-imu timeoffset = 0.00008
cam0 intrinsics = 465.989,467.796,363.878,249.984 | -0.278,0.070,0.000,-0.000
cam1 intrinsics = 464.868,466.636,376.758,256.811 | -0.278,0.070,0.000,-0.000
cam0 extrinsics = -0.007,0.007,0.702,0.712 | 0.077,-0.066,0.020
cam1 extrinsics = -0.002,0.011,0.702,0.712 | -0.039,-0.066,0.021
q_GtoI = 0.814,-0.105,0.570,0.049 | p_IinG = 1.051,-0.040,0.436 | dist = 101.52 (meters)
bg = -0.0028,0.0221,0.0778 | ba = 0.0129,0.1407,0.1382
camera-imu timeoffset = 0.00008
cam0 intrinsics = 465.991,467.800,363.880,249.983 | -0.278,0.070,0.000,-0.000
cam1 intrinsics = 464.870,466.641,376.760,256.810 | -0.278,0.070,0.000,-0.000
cam0 extrinsics = -0.007,0.007,0.702,0.712 | 0.077,-0.066,0.020
cam1 extrinsics = -0.002,0.011,0.702,0.712 | -0.039,-0.066,0.021
q_GtoI = 0.814,-0.105,0.569,0.049 | p_IinG = 1.048,-0.039,0.437 | dist = 101.52 (meters)
bg = -0.0028,0.0220,0.0779 | ba = 0.0115,0.1397,0.1387
camera-imu timeoffset = 0.00008
cam0 intrinsics = 465.994,467.804,363.881,249.981 | -0.278,0.070,0.000,-0.000
cam1 intrinsics = 464.873,466.644,376.762,256.808 | -0.278,0.070,0.000,-0.000
cam0 extrinsics = -0.007,0.007,0.702,0.712 | 0.078,-0.066,0.020
cam1 extrinsics = -0.002,0.011,0.702,0.712 | -0.039,-0.066,0.021
q_GtoI = 0.815,-0.104,0.568,0.051 | p_IinG = 1.044,-0.038,0.435 | dist = 101.52 (meters)
bg = -0.0029,0.0220,0.0780 | ba = 0.0103,0.1399,0.1390
camera-imu timeoffset = 0.00008
cam0 intrinsics = 465.995,467.806,363.882,249.980 | -0.278,0.070,0.000,-0.000
cam1 intrinsics = 464.874,466.646,376.764,256.806 | -0.278,0.070,0.000,-0.000
cam0 extrinsics = -0.007,0.007,0.702,0.712 | 0.078,-0.066,0.020
cam1 extrinsics = -0.002,0.011,0.702,0.712 | -0.039,-0.066,0.021
q_GtoI = 0.815,-0.102,0.567,0.053 | p_IinG = 1.040,-0.038,0.433 | dist = 101.53 (meters)
bg = -0.0029,0.0220,0.0780 | ba = 0.0093,0.1403,0.1395
camera-imu timeoffset = 0.00008
cam0 intrinsics = 465.997,467.810,363.883,249.978 | -0.278,0.070,0.000,-0.000
cam1 intrinsics = 464.876,466.649,376.765,256.805 | -0.278,0.070,0.000,-0.000
cam0 extrinsics = -0.007,0.007,0.702,0.712 | 0.078,-0.066,0.020
cam1 extrinsics = -0.002,0.011,0.702,0.712 | -0.039,-0.066,0.021
q_GtoI = 0.815,-0.101,0.567,0.055 | p_IinG = 1.036,-0.039,0.428 | dist = 101.54 (meters)
bg = -0.0030,0.0220,0.0781 | ba = 0.0087,0.1406,0.1402
camera-imu timeoffset = 0.00008
cam0 intrinsics = 465.999,467.813,363.884,249.977 | -0.278,0.070,0.000,-0.000
cam1 intrinsics = 464.877,466.653,376.766,256.803 | -0.278,0.070,0.000,-0.000
cam0 extrinsics = -0.007,0.007,0.702,0.712 | 0.078,-0.066,0.020
cam1 extrinsics = -0.002,0.011,0.702,0.712 | -0.039,-0.066,0.021
q_GtoI = 0.815,-0.100,0.567,0.057 | p_IinG = 1.032,-0.040,0.424 | dist = 101.54 (meters)
bg = -0.0031,0.0220,0.0781 | ba = 0.0079,0.1411,0.1410
camera-imu timeoffset = 0.00008
cam0 intrinsics = 466.001,467.817,363.884,249.976 | -0.278,0.070,0.000,-0.000
cam1 intrinsics = 464.879,466.656,376.767,256.802 | -0.278,0.070,0.000,-0.000
cam0 extrinsics = -0.007,0.007,0.702,0.712 | 0.078,-0.066,0.020
cam1 extrinsics = -0.002,0.011,0.702,0.712 | -0.039,-0.066,0.021
q_GtoI = 0.816,-0.097,0.567,0.060 | p_IinG = 1.027,-0.041,0.419 | dist = 101.55 (meters)
bg = -0.0032,0.0220,0.0782 | ba = 0.0073,0.1415,0.1421
camera-imu timeoffset = 0.00008
cam0 intrinsics = 466.003,467.820,363.885,249.975 | -0.278,0.070,0.000,-0.000
cam1 intrinsics = 464.881,466.659,376.769,256.801 | -0.278,0.070,0.000,-0.000
cam0 extrinsics = -0.007,0.007,0.702,0.712 | 0.078,-0.066,0.020
cam1 extrinsics = -0.002,0.011,0.702,0.712 | -0.039,-0.066,0.021
q_GtoI = 0.816,-0.096,0.566,0.062 | p_IinG = 1.023,-0.041,0.415 | dist = 101.55 (meters)
bg = -0.0032,0.0220,0.0781 | ba = 0.0073,0.1428,0.1430
camera-imu timeoffset = 0.00008
cam0 intrinsics = 466.005,467.824,363.885,249.973 | -0.278,0.070,0.000,-0.000
cam1 intrinsics = 464.883,466.662,376.770,256.799 | -0.278,0.070,0.000,-0.000
cam0 extrinsics = -0.007,0.007,0.702,0.712 | 0.078,-0.066,0.020
cam1 extrinsics = -0.002,0.011,0.702,0.712 | -0.039,-0.066,0.022
q_GtoI = 0.817,-0.094,0.566,0.065 | p_IinG = 1.019,-0.042,0.411 | dist = 101.56 (meters)
bg = -0.0033,0.0221,0.0781 | ba = 0.0071,0.1431,0.1442
camera-imu timeoffset = 0.00008
cam0 intrinsics = 466.008,467.827,363.886,249.970 | -0.278,0.070,0.000,-0.000
cam1 intrinsics = 464.885,466.666,376.771,256.796 | -0.278,0.070,0.000,-0.000
cam0 extrinsics = -0.007,0.007,0.702,0.712 | 0.078,-0.066,0.020
cam1 extrinsics = -0.002,0.011,0.702,0.712 | -0.039,-0.066,0.022
q_GtoI = 0.817,-0.093,0.565,0.065 | p_IinG = 1.014,-0.042,0.408 | dist = 101.56 (meters)
bg = -0.0033,0.0220,0.0780 | ba = 0.0072,0.1435,0.1458
camera-imu timeoffset = 0.00008
cam0 intrinsics = 466.011,467.831,363.886,249.967 | -0.278,0.070,0.000,-0.000
cam1 intrinsics = 464.888,466.669,376.771,256.793 | -0.278,0.070,0.000,-0.000
cam0 extrinsics = -0.007,0.007,0.702,0.712 | 0.078,-0.066,0.020
cam1 extrinsics = -0.002,0.011,0.702,0.712 | -0.039,-0.066,0.022
q_GtoI = 0.818,-0.092,0.564,0.067 | p_IinG = 1.010,-0.042,0.407 | dist = 101.57 (meters)
bg = -0.0034,0.0221,0.0780 | ba = 0.0064,0.1438,0.1467
camera-imu timeoffset = 0.00008
cam0 intrinsics = 466.014,467.835,363.887,249.965 | -0.278,0.070,0.000,-0.000
cam1 intrinsics = 464.890,466.672,376.773,256.790 | -0.278,0.070,0.000,-0.000
cam0 extrinsics = -0.007,0.007,0.702,0.712 | 0.078,-0.066,0.020
cam1 extrinsics = -0.002,0.011,0.702,0.712 | -0.039,-0.066,0.022
q_GtoI = 0.818,-0.091,0.563,0.067 | p_IinG = 1.008,-0.039,0.403 | dist = 101.57 (meters)
bg = -0.0033,0.0220,0.0780 | ba = 0.0081,0.1471,0.1460
camera-imu timeoffset = 0.00008
cam0 intrinsics = 466.016,467.837,363.886,249.962 | -0.278,0.070,0.000,-0.000
cam1 intrinsics = 464.892,466.675,376.772,256.787 | -0.278,0.070,0.000,-0.000
cam0 extrinsics = -0.007,0.007,0.702,0.712 | 0.078,-0.066,0.020
cam1 extrinsics = -0.002,0.011,0.702,0.712 | -0.039,-0.065,0.022
q_GtoI = 0.818,-0.091,0.564,0.067 | p_IinG = 1.003,-0.039,0.402 | dist = 101.57 (meters)
bg = -0.0033,0.0221,0.0780 | ba = 0.0091,0.1467,0.1481
camera-imu timeoffset = 0.00008
cam0 intrinsics = 466.018,467.841,363.886,249.957 | -0.278,0.070,0.000,-0.000
cam1 intrinsics = 464.894,466.677,376.772,256.783 | -0.278,0.070,0.000,-0.000
cam0 extrinsics = -0.007,0.007,0.702,0.712 | 0.078,-0.066,0.020
cam1 extrinsics = -0.002,0.011,0.702,0.712 | -0.039,-0.065,0.022
q_GtoI = 0.819,-0.090,0.562,0.068 | p_IinG = 0.999,-0.037,0.402 | dist = 101.58 (meters)
bg = -0.0034,0.0221,0.0781 | ba = 0.0088,0.1476,0.1495
camera-imu timeoffset = 0.00008
cam0 intrinsics = 466.021,467.845,363.886,249.956 | -0.278,0.070,0.000,-0.000
cam1 intrinsics = 464.897,466.681,376.773,256.780 | -0.278,0.070,0.000,-0.000
cam0 extrinsics = -0.007,0.007,0.702,0.712 | 0.078,-0.066,0.020
cam1 extrinsics = -0.002,0.011,0.702,0.712 | -0.039,-0.065,0.022
q_GtoI = 0.821,-0.091,0.559,0.069 | p_IinG = 0.997,-0.030,0.398 | dist = 101.58 (meters)
bg = -0.0032,0.0219,0.0781 | ba = 0.0127,0.1514,0.1485
camera-imu timeoffset = 0.00008
cam0 intrinsics = 466.022,467.843,363.884,249.952 | -0.278,0.070,0.000,-0.000
cam1 intrinsics = 464.898,466.679,376.773,256.777 | -0.278,0.070,0.000,-0.000
cam0 extrinsics = -0.007,0.007,0.702,0.712 | 0.078,-0.066,0.020
cam1 extrinsics = -0.002,0.011,0.702,0.712 | -0.039,-0.065,0.022
q_GtoI = 0.823,-0.091,0.556,0.068 | p_IinG = 0.995,-0.028,0.398 | dist = 101.58 (meters)
bg = -0.0032,0.0219,0.0781 | ba = 0.0122,0.1518,0.1490
camera-imu timeoffset = 0.00008
cam0 intrinsics = 466.026,467.845,363.884,249.949 | -0.278,0.070,0.000,-0.000
cam1 intrinsics = 464.901,466.681,376.773,256.774 | -0.278,0.070,0.000,-0.000
cam0 extrinsics = -0.007,0.007,0.702,0.712 | 0.078,-0.066,0.020
cam1 extrinsics = -0.002,0.011,0.702,0.712 | -0.039,-0.065,0.022
q_GtoI = 0.826,-0.092,0.552,0.068 | p_IinG = 0.993,-0.024,0.398 | dist = 101.59 (meters)
bg = -0.0032,0.0219,0.0781 | ba = 0.0117,0.1520,0.1493
camera-imu timeoffset = 0.00008
cam0 intrinsics = 466.029,467.847,363.883,249.946 | -0.278,0.070,0.000,-0.000
cam1 intrinsics = 464.904,466.682,376.773,256.770 | -0.278,0.070,0.000,-0.000
cam0 extrinsics = -0.007,0.007,0.702,0.712 | 0.078,-0.066,0.020
cam1 extrinsics = -0.002,0.011,0.702,0.712 | -0.039,-0.065,0.022
q_GtoI = 0.828,-0.093,0.549,0.066 | p_IinG = 0.992,-0.021,0.398 | dist = 101.59 (meters)
bg = -0.0032,0.0218,0.0782 | ba = 0.0112,0.1520,0.1496
camera-imu timeoffset = 0.00008
cam0 intrinsics = 466.032,467.849,363.883,249.942 | -0.278,0.070,0.000,-0.000
cam1 intrinsics = 464.906,466.684,376.774,256.766 | -0.278,0.070,0.000,-0.000
cam0 extrinsics = -0.007,0.007,0.702,0.712 | 0.078,-0.066,0.020
cam1 extrinsics = -0.002,0.011,0.702,0.712 | -0.039,-0.065,0.022
q_GtoI = 0.829,-0.095,0.548,0.065 | p_IinG = 0.992,-0.018,0.399 | dist = 101.59 (meters)
bg = -0.0031,0.0219,0.0782 | ba = 0.0108,0.1519,0.1501
camera-imu timeoffset = 0.00008
cam0 intrinsics = 466.036,467.852,363.882,249.938 | -0.278,0.070,0.000,-0.000
cam1 intrinsics = 464.910,466.686,376.774,256.761 | -0.278,0.070,0.000,-0.000
cam0 extrinsics = -0.007,0.007,0.702,0.712 | 0.078,-0.066,0.020
cam1 extrinsics = -0.002,0.011,0.702,0.712 | -0.039,-0.065,0.022
q_GtoI = 0.829,-0.099,0.548,0.059 | p_IinG = 0.991,-0.015,0.397 | dist = 101.60 (meters)
bg = -0.0031,0.0218,0.0782 | ba = 0.0127,0.1500,0.1521
camera-imu timeoffset = 0.00008
cam0 intrinsics = 466.034,467.852,363.882,249.931 | -0.278,0.070,0.000,-0.000
cam1 intrinsics = 464.907,466.685,376.775,256.753 | -0.278,0.070,0.000,-0.000
cam0 extrinsics = -0.007,0.007,0.702,0.712 | 0.078,-0.066,0.020
cam1 extrinsics = -0.002,0.011,0.702,0.712 | -0.039,-0.065,0.022
q_GtoI = 0.827,-0.103,0.550,0.054 | p_IinG = 0.992,-0.013,0.396 | dist = 101.60 (meters)
bg = -0.0031,0.0217,0.0782 | ba = 0.0145,0.1482,0.1518
camera-imu timeoffset = 0.00008
cam0 intrinsics = 466.034,467.852,363.883,249.928 | -0.278,0.070,0.000,-0.000
cam1 intrinsics = 464.908,466.684,376.777,256.749 | -0.278,0.070,0.000,-0.000
cam0 extrinsics = -0.007,0.007,0.702,0.712 | 0.078,-0.066,0.020
cam1 extrinsics = -0.002,0.011,0.702,0.712 | -0.039,-0.065,0.022
q_GtoI = 0.825,-0.107,0.553,0.049 | p_IinG = 0.980,0.002,0.391 | dist = 101.61 (meters)
bg = -0.0026,0.0213,0.0782 | ba = 0.0196,0.1560,0.1615
camera-imu timeoffset = 0.00008
cam0 intrinsics = 466.005,467.839,363.879,249.968 | -0.278,0.070,0.000,-0.000
cam1 intrinsics = 464.885,466.680,376.771,256.789 | -0.278,0.070,-0.000,-0.000
cam0 extrinsics = -0.007,0.007,0.702,0.712 | 0.078,-0.067,0.019
cam1 extrinsics = -0.002,0.011,0.702,0.712 | -0.039,-0.066,0.021
q_GtoI = 0.822,-0.109,0.557,0.047 | p_IinG = 0.984,0.004,0.391 | dist = 101.61 (meters)
bg = -0.0025,0.0213,0.0781 | ba = 0.0194,0.1560,0.1607
camera-imu timeoffset = 0.00008
cam0 intrinsics = 466.005,467.842,363.881,249.972 | -0.278,0.070,0.000,-0.000
cam1 intrinsics = 464.883,466.681,376.773,256.792 | -0.278,0.070,-0.000,-0.000
cam0 extrinsics = -0.007,0.007,0.702,0.712 | 0.078,-0.067,0.019
cam1 extrinsics = -0.002,0.012,0.702,0.712 | -0.039,-0.067,0.021
q_GtoI = 0.819,-0.111,0.561,0.045 | p_IinG = 0.987,0.005,0.391 | dist = 101.61 (meters)
bg = -0.0025,0.0214,0.0781 | ba = 0.0194,0.1553,0.1604
camera-imu timeoffset = 0.00008
cam0 intrinsics = 466.006,467.846,363.883,249.974 | -0.278,0.070,0.000,-0.000
cam1 intrinsics = 464.881,466.682,376.776,256.794 | -0.278,0.070,-0.000,-0.000
cam0 extrinsics = -0.007,0.007,0.702,0.712 | 0.078,-0.067,0.019
cam1 extrinsics = -0.002,0.012,0.702,0.712 | -0.038,-0.067,0.021
q_GtoI = 0.816,-0.111,0.566,0.045 | p_IinG = 0.991,0.004,0.389 | dist = 101.62 (meters)
bg = -0.0024,0.0215,0.0781 | ba = 0.0199,0.1538,0.1613
camera-imu timeoffset = 0.00008
cam0 intrinsics = 466.010,467.853,363.885,249.975 | -0.278,0.070,0.000,-0.000
cam1 intrinsics = 464.881,466.683,376.778,256.795 | -0.278,0.070,-0.000,-0.000
cam0 extrinsics = -0.007,0.007,0.702,0.712 | 0.078,-0.067,0.019
cam1 extrinsics = -0.002,0.012,0.702,0.712 | -0.038,-0.067,0.021
q_GtoI = 0.813,-0.108,0.570,0.049 | p_IinG = 0.994,0.003,0.386 | dist = 101.62 (meters)
bg = -0.0025,0.0216,0.0780 | ba = 0.0191,0.1543,0.1618
camera-imu timeoffset = 0.00008
cam0 intrinsics = 466.012,467.854,363.889,249.970 | -0.278,0.070,0.000,-0.000
cam1 intrinsics = 464.878,466.678,376.782,256.791 | -0.278,0.070,-0.000,-0.000
cam0 extrinsics = -0.007,0.007,0.702,0.712 | 0.078,-0.067,0.019
cam1 extrinsics = -0.002,0.012,0.702,0.712 | -0.038,-0.066,0.021
q_GtoI = 0.810,-0.105,0.575,0.055 | p_IinG = 0.998,0.001,0.380 | dist = 101.63 (meters)
bg = -0.0026,0.0217,0.0779 | ba = 0.0165,0.1569,0.1603
camera-imu timeoffset = 0.00008
cam0 intrinsics = 466.009,467.844,363.899,249.952 | -0.278,0.070,0.000,-0.000
cam1 intrinsics = 464.874,466.666,376.792,256.773 | -0.278,0.070,-0.000,-0.000
cam0 extrinsics = -0.007,0.007,0.702,0.712 | 0.078,-0.066,0.019
cam1 extrinsics = -0.002,0.012,0.702,0.712 | -0.039,-0.066,0.021
q_GtoI = 0.807,-0.102,0.579,0.059 | p_IinG = 1.000,-0.001,0.372 | dist = 101.64 (meters)
bg = -0.0026,0.0219,0.0779 | ba = 0.0165,0.1571,0.1600
camera-imu timeoffset = 0.00008
cam0 intrinsics = 466.007,467.841,363.901,249.950 | -0.278,0.070,0.000,-0.000
cam1 intrinsics = 464.871,466.663,376.795,256.771 | -0.278,0.070,-0.000,-0.000
cam0 extrinsics = -0.007,0.007,0.702,0.712 | 0.078,-0.066,0.019
cam1 extrinsics = -0.002,0.012,0.702,0.712 | -0.039,-0.066,0.021
q_GtoI = 0.806,-0.099,0.580,0.063 | p_IinG = 1.001,-0.004,0.361 | dist = 101.65 (meters)
bg = -0.0027,0.0219,0.0779 | ba = 0.0167,0.1573,0.1602
camera-imu timeoffset = 0.00008
cam0 intrinsics = 466.009,467.843,363.903,249.948 | -0.278,0.070,0.000,-0.000
cam1 intrinsics = 464.872,466.665,376.796,256.769 | -0.278,0.070,-0.000,-0.000
cam0 extrinsics = -0.007,0.007,0.702,0.712 | 0.078,-0.066,0.019
cam1 extrinsics = -0.002,0.012,0.702,0.712 | -0.039,-0.066,0.021
q_GtoI = 0.807,-0.097,0.579,0.066 | p_IinG = 1.001,-0.005,0.347 | dist = 101.66 (meters)
bg = -0.0027,0.0219,0.0780 | ba = 0.0170,0.1588,0.1598
camera-imu timeoffset = 0.00008
cam0 intrinsics = 466.013,467.844,363.904,249.941 | -0.278,0.070,0.000,-0.000
cam1 intrinsics = 464.876,466.666,376.797,256.761 | -0.278,0.070,0.000,-0.000
cam0 extrinsics = -0.007,0.007,0.702,0.712 | 0.078,-0.066,0.019
cam1 extrinsics = -0.002,0.012,0.702,0.712 | -0.039,-0.065,0.021
q_GtoI = 0.808,-0.095,0.577,0.068 | p_IinG = 1.001,-0.006,0.331 | dist = 101.68 (meters)
bg = -0.0027,0.0218,0.0780 | ba = 0.0183,0.1582,0.1588
camera-imu timeoffset = 0.00008
cam0 intrinsics = 466.017,467.848,363.903,249.942 | -0.278,0.070,0.000,-0.000
cam1 intrinsics = 464.879,466.670,376.795,256.763 | -0.278,0.070,0.000,-0.000
cam0 extrinsics = -0.007,0.007,0.702,0.712 | 0.078,-0.066,0.019
cam1 extrinsics = -0.002,0.012,0.702,0.712 | -0.039,-0.065,0.021
q_GtoI = 0.811,-0.094,0.574,0.069 | p_IinG = 1.000,-0.007,0.313 | dist = 101.69 (meters)
bg = -0.0024,0.0218,0.0779 | ba = 0.0181,0.1578,0.1586
camera-imu timeoffset = 0.00008
cam0 intrinsics = 466.017,467.848,363.904,249.941 | -0.278,0.070,0.000,-0.000
cam1 intrinsics = 464.879,466.670,376.797,256.762 | -0.278,0.070,0.000,-0.000
cam0 extrinsics = -0.007,0.007,0.702,0.712 | 0.078,-0.066,0.019
cam1 extrinsics = -0.002,0.012,0.702,0.712 | -0.039,-0.065,0.021
q_GtoI = 0.813,-0.094,0.571,0.069 | p_IinG = 0.998,-0.008,0.295 | dist = 101.71 (meters)
bg = -0.0023,0.0218,0.0779 | ba = 0.0183,0.1553,0.1580
camera-imu timeoffset = 0.00008
cam0 intrinsics = 466.016,467.845,363.904,249.936 | -0.278,0.070,0.000,-0.000
cam1 intrinsics = 464.877,466.666,376.796,256.759 | -0.278,0.070,0.000,-0.000
cam0 extrinsics = -0.007,0.007,0.702,0.712 | 0.078,-0.066,0.019
cam1 extrinsics = -0.002,0.012,0.702,0.712 | -0.039,-0.065,0.021
q_GtoI = 0.817,-0.093,0.564,0.072 | p_IinG = 0.996,-0.009,0.276 | dist = 101.73 (meters)
bg = -0.0023,0.0218,0.0779 | ba = 0.0170,0.1520,0.1570
camera-imu timeoffset = 0.00008
cam0 intrinsics = 466.019,467.842,363.907,249.921 | -0.278,0.070,0.000,-0.000
cam1 intrinsics = 464.880,466.664,376.799,256.745 | -0.278,0.070,0.000,-0.000
cam0 extrinsics = -0.007,0.007,0.702,0.712 | 0.078,-0.065,0.019
cam1 extrinsics = -0.002,0.012,0.702,0.712 | -0.039,-0.065,0.021
q_GtoI = 0.832,-0.094,0.542,0.067 | p_IinG = 0.999,-0.006,0.269 | dist = 101.74 (meters)
bg = -0.0023,0.0218,0.0779 | ba = 0.0173,0.1520,0.1571
camera-imu timeoffset = 0.00008
cam0 intrinsics = 466.018,467.841,363.907,249.922 | -0.278,0.070,0.000,-0.000
cam1 intrinsics = 464.879,466.663,376.799,256.746 | -0.278,0.070,0.000,-0.000
cam0 extrinsics = -0.007,0.007,0.702,0.712 | 0.078,-0.065,0.019
cam1 extrinsics = -0.002,0.012,0.702,0.712 | -0.039,-0.065,0.021
q_GtoI = 0.824,-0.100,0.555,0.058 | p_IinG = 1.005,-0.004,0.273 | dist = 101.75 (meters)
bg = -0.0023,0.0218,0.0779 | ba = 0.0176,0.1510,0.1567
camera-imu timeoffset = 0.00008
cam0 intrinsics = 466.018,467.839,363.908,249.919 | -0.278,0.070,0.000,-0.000
cam1 intrinsics = 464.880,466.661,376.799,256.742 | -0.278,0.070,0.000,-0.000
cam0 extrinsics = -0.007,0.007,0.702,0.712 | 0.078,-0.065,0.019
cam1 extrinsics = -0.002,0.012,0.702,0.712 | -0.039,-0.064,0.021
q_GtoI = 0.814,-0.093,0.569,0.065 | p_IinG = 1.011,-0.003,0.279 | dist = 101.76 (meters)
bg = -0.0023,0.0218,0.0779 | ba = 0.0168,0.1504,0.1565
camera-imu timeoffset = 0.00008
cam0 intrinsics = 466.018,467.838,363.906,249.915 | -0.278,0.070,0.000,-0.000
cam1 intrinsics = 464.880,466.660,376.797,256.739 | -0.278,0.070,0.000,-0.000
cam0 extrinsics = -0.007,0.007,0.702,0.712 | 0.078,-0.065,0.019
cam1 extrinsics = -0.002,0.012,0.702,0.712 | -0.039,-0.064,0.021
q_GtoI = 0.814,-0.093,0.570,0.066 | p_IinG = 1.017,-0.001,0.280 | dist = 101.76 (meters)
bg = -0.0023,0.0218,0.0779 | ba = 0.0170,0.1509,0.1564
camera-imu timeoffset = 0.00008
cam0 intrinsics = 466.019,467.838,363.906,249.914 | -0.278,0.070,0.000,-0.000
cam1 intrinsics = 464.881,466.660,376.798,256.737 | -0.278,0.070,0.000,-0.000
cam0 extrinsics = -0.007,0.007,0.702,0.712 | 0.078,-0.065,0.019
cam1 extrinsics = -0.002,0.012,0.702,0.712 | -0.039,-0.064,0.021
q_GtoI = 0.814,-0.094,0.570,0.065 | p_IinG = 1.023,0.000,0.276 | dist = 101.77 (meters)
bg = -0.0023,0.0218,0.0779 | ba = 0.0170,0.1509,0.1564
camera-imu timeoffset = 0.00008
cam0 intrinsics = 466.019,467.838,363.906,249.914 | -0.278,0.070,0.000,-0.000
cam1 intrinsics = 464.881,466.660,376.798,256.737 | -0.278,0.070,0.000,-0.000
cam0 extrinsics = -0.007,0.007,0.702,0.712 | 0.078,-0.065,0.019
cam1 extrinsics = -0.002,0.012,0.702,0.712 | -0.039,-0.064,0.021
q_GtoI = 0.813,-0.093,0.571,0.067 | p_IinG = 1.028,0.002,0.267 | dist = 101.78 (meters)
bg = -0.0023,0.0218,0.0779 | ba = 0.0170,0.1509,0.1564
camera-imu timeoffset = 0.00008
cam0 intrinsics = 466.019,467.838,363.906,249.914 | -0.278,0.070,0.000,-0.000
cam1 intrinsics = 464.881,466.660,376.798,256.737 | -0.278,0.070,0.000,-0.000
cam0 extrinsics = -0.007,0.007,0.702,0.712 | 0.078,-0.065,0.019
cam1 extrinsics = -0.002,0.012,0.702,0.712 | -0.039,-0.064,0.021
q_GtoI = 0.832,-0.090,0.543,0.064 | p_IinG = 1.032,0.004,0.256 | dist = 101.79 (meters)
bg = -0.0023,0.0218,0.0779 | ba = 0.0125,0.1520,0.1556
camera-imu timeoffset = 0.00008
cam0 intrinsics = 466.021,467.841,363.905,249.918 | -0.278,0.070,0.000,-0.000
cam1 intrinsics = 464.882,466.663,376.795,256.741 | -0.278,0.070,0.000,-0.000
cam0 extrinsics = -0.007,0.007,0.702,0.712 | 0.078,-0.065,0.019
cam1 extrinsics = -0.002,0.012,0.702,0.712 | -0.039,-0.064,0.021
[33mUnable to find 1403638630.677830 timestamp in GT file, wrong GT file loaded???
[0mq_GtoI = 0.839,-0.085,0.535,0.060 | p_IinG = 1.037,0.003,0.251 | dist = 101.80 (meters)
bg = -0.0023,0.0219,0.0779 | ba = 0.0108,0.1521,0.1545
camera-imu timeoffset = 0.00008
cam0 intrinsics = 466.023,467.845,363.905,249.919 | -0.278,0.070,0.000,-0.000
cam1 intrinsics = 464.884,466.667,376.795,256.741 | -0.278,0.070,0.000,-0.000
cam0 extrinsics = -0.007,0.007,0.702,0.712 | 0.078,-0.065,0.019
cam1 extrinsics = -0.002,0.012,0.702,0.712 | -0.038,-0.064,0.021
[33mUnable to find 1403638630.727830 timestamp in GT file, wrong GT file loaded???
[0mq_GtoI = 0.839,-0.084,0.534,0.067 | p_IinG = 1.036,-0.000,0.250 | dist = 101.80 (meters)
bg = -0.0023,0.0219,0.0779 | ba = 0.0110,0.1522,0.1543
camera-imu timeoffset = 0.00008
cam0 intrinsics = 466.023,467.845,363.905,249.919 | -0.278,0.070,0.000,-0.000
cam1 intrinsics = 464.885,466.667,376.795,256.741 | -0.278,0.070,0.000,-0.000
cam0 extrinsics = -0.007,0.007,0.702,0.712 | 0.078,-0.065,0.019
cam1 extrinsics = -0.002,0.012,0.702,0.712 | -0.038,-0.064,0.021
[33mUnable to find 1403638630.777829 timestamp in GT file, wrong GT file loaded???
[0mq_GtoI = 0.836,-0.087,0.537,0.064 | p_IinG = 1.032,-0.000,0.247 | dist = 101.81 (meters)
bg = -0.0023,0.0219,0.0779 | ba = 0.0110,0.1522,0.1543
camera-imu timeoffset = 0.00008
cam0 intrinsics = 466.023,467.845,363.905,249.919 | -0.278,0.070,0.000,-0.000
cam1 intrinsics = 464.885,466.667,376.795,256.741 | -0.278,0.070,0.000,-0.000
cam0 extrinsics = -0.007,0.007,0.702,0.712 | 0.078,-0.065,0.019
cam1 extrinsics = -0.002,0.012,0.702,0.712 | -0.038,-0.064,0.021
[33mUnable to find 1403638630.827830 timestamp in GT file, wrong GT file loaded???
[0mq_GtoI = 0.837,-0.085,0.536,0.062 | p_IinG = 1.030,0.001,0.243 | dist = 101.81 (meters)
bg = -0.0023,0.0219,0.0779 | ba = 0.0110,0.1522,0.1543
camera-imu timeoffset = 0.00008
cam0 intrinsics = 466.023,467.845,363.905,249.919 | -0.278,0.070,0.000,-0.000
cam1 intrinsics = 464.885,466.667,376.795,256.741 | -0.278,0.070,0.000,-0.000
cam0 extrinsics = -0.007,0.007,0.702,0.712 | 0.078,-0.065,0.019
cam1 extrinsics = -0.002,0.012,0.702,0.712 | -0.038,-0.064,0.021
[33mUnable to find 1403638630.877830 timestamp in GT file, wrong GT file loaded???
[0mq_GtoI = 0.837,-0.085,0.537,0.063 | p_IinG = 1.029,0.001,0.242 | dist = 101.82 (meters)
bg = -0.0023,0.0219,0.0779 | ba = 0.0110,0.1522,0.1543
camera-imu timeoffset = 0.00008
cam0 intrinsics = 466.023,467.845,363.905,249.919 | -0.278,0.070,0.000,-0.000
cam1 intrinsics = 464.885,466.667,376.795,256.741 | -0.278,0.070,0.000,-0.000
cam0 extrinsics = -0.007,0.007,0.702,0.712 | 0.078,-0.065,0.019
cam1 extrinsics = -0.002,0.012,0.702,0.712 | -0.038,-0.064,0.021
[33mUnable to find 1403638630.927830 timestamp in GT file, wrong GT file loaded???
[0mq_GtoI = 0.837,-0.085,0.536,0.062 | p_IinG = 1.027,0.002,0.239 | dist = 101.82 (meters)
bg = -0.0023,0.0219,0.0779 | ba = 0.0110,0.1522,0.1543
camera-imu timeoffset = 0.00008
cam0 intrinsics = 466.023,467.845,363.905,249.919 | -0.278,0.070,0.000,-0.000
cam1 intrinsics = 464.885,466.667,376.795,256.741 | -0.278,0.070,0.000,-0.000
cam0 extrinsics = -0.007,0.007,0.702,0.712 | 0.078,-0.065,0.019
cam1 extrinsics = -0.002,0.012,0.702,0.712 | -0.038,-0.064,0.021
[33mUnable to find 1403638630.977829 timestamp in GT file, wrong GT file loaded???
[0mq_GtoI = 0.837,-0.085,0.536,0.062 | p_IinG = 1.025,0.004,0.237 | dist = 101.82 (meters)
bg = -0.0023,0.0219,0.0779 | ba = 0.0110,0.1522,0.1543
camera-imu timeoffset = 0.00008
cam0 intrinsics = 466.023,467.845,363.905,249.919 | -0.278,0.070,0.000,-0.000
cam1 intrinsics = 464.885,466.667,376.795,256.741 | -0.278,0.070,0.000,-0.000
cam0 extrinsics = -0.007,0.007,0.702,0.712 | 0.078,-0.065,0.019
cam1 extrinsics = -0.002,0.012,0.702,0.712 | -0.038,-0.064,0.021
[33mUnable to find 1403638631.027830 timestamp in GT file, wrong GT file loaded???
[0mq_GtoI = 0.837,-0.085,0.536,0.063 | p_IinG = 1.024,0.004,0.234 | dist = 101.82 (meters)
bg = -0.0023,0.0219,0.0779 | ba = 0.0110,0.1522,0.1543
camera-imu timeoffset = 0.00008
cam0 intrinsics = 466.023,467.845,363.905,249.919 | -0.278,0.070,0.000,-0.000
cam1 intrinsics = 464.885,466.667,376.795,256.741 | -0.278,0.070,0.000,-0.000
cam0 extrinsics = -0.007,0.007,0.702,0.712 | 0.078,-0.065,0.019
cam1 extrinsics = -0.002,0.012,0.702,0.712 | -0.038,-0.064,0.021
[33mUnable to find 1403638631.077829 timestamp in GT file, wrong GT file loaded???
[0mq_GtoI = 0.837,-0.085,0.536,0.062 | p_IinG = 1.022,0.005,0.232 | dist = 101.83 (meters)
bg = -0.0023,0.0219,0.0779 | ba = 0.0110,0.1522,0.1543
camera-imu timeoffset = 0.00008
cam0 intrinsics = 466.023,467.845,363.905,249.919 | -0.278,0.070,0.000,-0.000
cam1 intrinsics = 464.885,466.667,376.795,256.741 | -0.278,0.070,0.000,-0.000
cam0 extrinsics = -0.007,0.007,0.702,0.712 | 0.078,-0.065,0.019
cam1 extrinsics = -0.002,0.012,0.702,0.712 | -0.038,-0.064,0.021
[33mUnable to find 1403638631.127830 timestamp in GT file, wrong GT file loaded???
[0mq_GtoI = 0.837,-0.085,0.536,0.063 | p_IinG = 1.021,0.006,0.230 | dist = 101.83 (meters)
bg = -0.0023,0.0219,0.0779 | ba = 0.0110,0.1522,0.1543
camera-imu timeoffset = 0.00008
cam0 intrinsics = 466.023,467.845,363.905,249.919 | -0.278,0.070,0.000,-0.000
cam1 intrinsics = 464.885,466.667,376.795,256.741 | -0.278,0.070,0.000,-0.000
cam0 extrinsics = -0.007,0.007,0.702,0.712 | 0.078,-0.065,0.019
cam1 extrinsics = -0.002,0.012,0.702,0.712 | -0.038,-0.064,0.021
[33mUnable to find 1403638631.177830 timestamp in GT file, wrong GT file loaded???
[0mq_GtoI = 0.838,-0.085,0.536,0.062 | p_IinG = 1.019,0.007,0.228 | dist = 101.83 (meters)
bg = -0.0023,0.0219,0.0779 | ba = 0.0110,0.1522,0.1543
camera-imu timeoffset = 0.00008
cam0 intrinsics = 466.023,467.845,363.905,249.919 | -0.278,0.070,0.000,-0.000
cam1 intrinsics = 464.885,466.667,376.795,256.741 | -0.278,0.070,0.000,-0.000
cam0 extrinsics = -0.007,0.007,0.702,0.712 | 0.078,-0.065,0.019
cam1 extrinsics = -0.002,0.012,0.702,0.712 | -0.038,-0.064,0.021
[33mUnable to find 1403638631.227830 timestamp in GT file, wrong GT file loaded???
[0mq_GtoI = 0.837,-0.084,0.536,0.064 | p_IinG = 1.020,0.012,0.262 | dist = 101.84 (meters)
bg = -0.0022,0.0214,0.0788 | ba = -0.0098,0.1526,0.1602
camera-imu timeoffset = 0.00009
cam0 intrinsics = 466.029,467.860,363.900,249.916 | -0.278,0.070,0.000,-0.000
cam1 intrinsics = 464.899,466.687,376.794,256.730 | -0.278,0.070,0.000,-0.000
cam0 extrinsics = -0.007,0.007,0.702,0.712 | 0.079,-0.065,0.020
cam1 extrinsics = -0.002,0.012,0.702,0.712 | -0.038,-0.064,0.021
[33mUnable to find 1403638631.277829 timestamp in GT file, wrong GT file loaded???
[0mq_GtoI = 0.837,-0.085,0.536,0.063 | p_IinG = 1.022,0.008,0.265 | dist = 101.84 (meters)
bg = -0.0025,0.0216,0.0786 | ba = -0.0114,0.1505,0.1595
camera-imu timeoffset = 0.00009
cam0 intrinsics = 466.038,467.863,363.908,249.938 | -0.278,0.070,0.000,-0.000
cam1 intrinsics = 464.894,466.683,376.796,256.776 | -0.278,0.070,0.000,-0.000
cam0 extrinsics = -0.007,0.007,0.702,0.712 | 0.079,-0.065,0.020
cam1 extrinsics = -0.002,0.012,0.702,0.712 | -0.038,-0.064,0.021
[33mUnable to find 1403638631.327830 timestamp in GT file, wrong GT file loaded???
[0mq_GtoI = 0.837,-0.085,0.536,0.063 | p_IinG = 1.046,-0.007,0.261 | dist = 101.84 (meters)
bg = -0.0022,0.0216,0.0777 | ba = -0.0067,0.1477,0.1480
camera-imu timeoffset = 0.00008
cam0 intrinsics = 466.056,467.875,363.890,249.950 | -0.278,0.070,0.000,-0.000
cam1 intrinsics = 464.913,466.695,376.780,256.785 | -0.278,0.070,0.000,-0.000
cam0 extrinsics = -0.007,0.007,0.702,0.712 | 0.079,-0.064,0.020
cam1 extrinsics = -0.002,0.012,0.702,0.712 | -0.038,-0.064,0.021
[33mUnable to find 1403638631.377830 timestamp in GT file, wrong GT file loaded???
[0mq_GtoI = 0.837,-0.085,0.537,0.062 | p_IinG = 1.046,-0.006,0.261 | dist = 101.84 (meters)
bg = -0.0022,0.0215,0.0778 | ba = -0.0056,0.1478,0.1477
camera-imu timeoffset = 0.00008
cam0 intrinsics = 466.057,467.877,363.889,249.956 | -0.278,0.070,0.000,-0.000
cam1 intrinsics = 464.913,466.696,376.779,256.792 | -0.278,0.070,0.000,-0.000
cam0 extrinsics = -0.007,0.007,0.702,0.712 | 0.079,-0.065,0.020
cam1 extrinsics = -0.002,0.012,0.702,0.712 | -0.038,-0.064,0.021
[33mUnable to find 1403638631.427830 timestamp in GT file, wrong GT file loaded???
[0mq_GtoI = 0.837,-0.085,0.536,0.063 | p_IinG = 1.047,-0.006,0.261 | dist = 101.84 (meters)
bg = -0.0022,0.0213,0.0778 | ba = -0.0046,0.1477,0.1475
camera-imu timeoffset = 0.00008
cam0 intrinsics = 466.057,467.877,363.889,249.961 | -0.278,0.070,0.000,-0.000
cam1 intrinsics = 464.913,466.696,376.779,256.797 | -0.278,0.070,0.000,-0.000
cam0 extrinsics = -0.007,0.007,0.702,0.712 | 0.079,-0.065,0.020
cam1 extrinsics = -0.002,0.012,0.702,0.712 | -0.038,-0.064,0.021
[33mUnable to find 1403638631.477829 timestamp in GT file, wrong GT file loaded???
[0mq_GtoI = 0.837,-0.085,0.537,0.063 | p_IinG = 1.047,-0.006,0.260 | dist = 101.84 (meters)
bg = -0.0022,0.0212,0.0778 | ba = -0.0038,0.1476,0.1473
camera-imu timeoffset = 0.00008
cam0 intrinsics = 466.057,467.877,363.889,249.963 | -0.278,0.070,0.000,-0.000
cam1 intrinsics = 464.913,466.696,376.779,256.800 | -0.278,0.070,0.000,-0.000
cam0 extrinsics = -0.007,0.007,0.702,0.712 | 0.079,-0.064,0.020
cam1 extrinsics = -0.002,0.012,0.702,0.712 | -0.038,-0.064,0.021
[33mUnable to find 1403638631.527830 timestamp in GT file, wrong GT file loaded???
[0mq_GtoI = 0.837,-0.085,0.537,0.063 | p_IinG = 1.047,-0.006,0.260 | dist = 101.84 (meters)
bg = -0.0022,0.0211,0.0778 | ba = -0.0030,0.1475,0.1472
camera-imu timeoffset = 0.00008
cam0 intrinsics = 466.056,467.876,363.889,249.966 | -0.278,0.070,0.000,-0.000
cam1 intrinsics = 464.913,466.696,376.779,256.803 | -0.278,0.070,0.000,-0.000
cam0 extrinsics = -0.007,0.007,0.702,0.712 | 0.079,-0.064,0.020
cam1 extrinsics = -0.002,0.012,0.702,0.712 | -0.038,-0.064,0.021
[33mUnable to find 1403638631.577829 timestamp in GT file, wrong GT file loaded???
[0mq_GtoI = 0.837,-0.085,0.537,0.063 | p_IinG = 1.047,-0.006,0.260 | dist = 101.84 (meters)
bg = -0.0022,0.0210,0.0778 | ba = -0.0025,0.1472,0.1470
camera-imu timeoffset = 0.00008
cam0 intrinsics = 466.056,467.876,363.889,249.969 | -0.278,0.070,0.000,-0.000
cam1 intrinsics = 464.912,466.695,376.779,256.807 | -0.278,0.070,0.000,-0.000
cam0 extrinsics = -0.007,0.007,0.702,0.712 | 0.079,-0.064,0.020
cam1 extrinsics = -0.002,0.012,0.702,0.712 | -0.038,-0.064,0.021
[33mUnable to find 1403638631.627830 timestamp in GT file, wrong GT file loaded???
[0mq_GtoI = 0.837,-0.086,0.537,0.062 | p_IinG = 1.047,-0.005,0.260 | dist = 101.84 (meters)
bg = -0.0021,0.0208,0.0778 | ba = -0.0021,0.1471,0.1470
camera-imu timeoffset = 0.00008
cam0 intrinsics = 466.055,467.875,363.889,249.972 | -0.278,0.070,0.000,-0.000
cam1 intrinsics = 464.912,466.695,376.779,256.810 | -0.278,0.070,0.000,-0.000
cam0 extrinsics = -0.007,0.007,0.702,0.712 | 0.079,-0.064,0.020
cam1 extrinsics = -0.002,0.012,0.702,0.712 | -0.038,-0.064,0.021
[33mUnable to find 1403638631.677830 timestamp in GT file, wrong GT file loaded???
[0m[conformal] live Net-A batches=1099 predictions=4420
[conformal] Stage-1 dump complete: /data/conformal_dumps/stage3_online_all11/runs/MH_05_difficult_learned.h5 frames=1829 stereo_pairs=2273 unmatched_left=0 unmatched_right=0
