Setting printing level to: INFO
[conformal] loaded IMU sidecar: /data/conformal_dumps/stage3_all11/sidecars/MH_04_difficult_conformalised_sigma.h5
[conformal] live Net-A parity PASS max_abs_error=1.15729e-07
[conformal] loaded causal live Net-A: /data/conformal_dumps/stage3_online_all11/model/netA_live.h5 visual_scale=1.17019
[33m[init]: not enough feats to compute disp: 0,0 < 15
[0m[33m[init]: not enough feats to compute disp: 0,0 < 15
[0m[33m[init]: not enough feats to compute disp: 0,75 < 15
[0m[33m[init]: not enough feats to compute disp: 0,75 < 15
[0m[33m[init]: not enough feats to compute disp: 0,75 < 15
[0m[33m[init]: not enough feats to compute disp: 0,75 < 15
[0m[33m[init]: not enough feats to compute disp: 0,75 < 15
[0m[33m[init]: not enough feats to compute disp: 0,75 < 15
[0m[33m[init]: not enough feats to compute disp: 0,75 < 15
[0m[33m[init]: not enough feats to compute disp: 0,75 < 15
[0m[33m[init]: not enough feats to compute disp: 0,75 < 15
[0m[33m[init]: not enough feats to compute disp: 0,75 < 15
[0m[33m[init]: not enough feats to compute disp: 0,75 < 15
[0m[33m[init]: not enough feats to compute disp: 0,75 < 15
[0m[33m[init]: not enough feats to compute disp: 0,75 < 15
[0m[33m[init]: not enough feats to compute disp: 0,91 < 15
[0m[33m[init]: not enough feats to compute disp: 0,91 < 15
[0m[33m[init]: not enough feats to compute disp: 0,91 < 15
[0m[33m[init]: not enough feats to compute disp: 0,91 < 15
[0m[33m[init]: not enough feats to compute disp: 0,91 < 15
[0m[33m[init]: not enough feats to compute disp: 0,84 < 15
[0m[33m[init]: not enough feats to compute disp: 0,79 < 15
[0m[33m[init]: disparity is 7.797,28.997 (10.00 thresh)
[0m[33m[init-s]: unable to select window of IMU readings, not enough readings
[0m[33m[init]: disparity is 13.360,26.071 (10.00 thresh)
[0m[33m[init]: failed static init: no accel jerk detected, platform moving too much
[0m[33m[init]: disparity is 19.592,22.958 (10.00 thresh)
[0m[33m[init]: failed static init: no accel jerk detected, platform moving too much
[0m[33m[init]: disparity is 26.662,21.344 (10.00 thresh)
[0m[33m[init]: failed static init: no accel jerk detected, platform moving too much
[0m[33m[init]: disparity is 31.779,19.207 (10.00 thresh)
[0m[33m[init]: failed static init: no accel jerk detected, platform moving too much
[0m[33m[init]: disparity is 35.277,17.823 (10.00 thresh)
[0m[33m[init]: failed static init: no accel jerk detected, platform moving too much
[0m[33m[init]: disparity is 36.748,16.466 (10.00 thresh)
[0m[33m[init]: failed static init: no accel jerk detected, platform moving too much
[0m[33m[init]: disparity is 36.973,13.267 (10.00 thresh)
[0m[33m[init]: failed static init: no accel jerk detected, platform moving too much
[0m[33m[init]: disparity is 37.254,12.028 (10.00 thresh)
[0m[33m[init]: failed static init: no accel jerk detected, platform moving too much
[0m[33m[init]: disparity is 39.668,13.590 (10.00 thresh)
[0m[33m[init]: failed static init: no accel jerk detected, platform moving too much
[0m[33m[init]: disparity is 41.149,16.864 (10.00 thresh)
[0m[33m[init]: failed static init: no accel jerk detected, platform moving too much
[0m[33m[init]: disparity is 43.452,21.482 (10.00 thresh)
[0m[33m[init]: failed static init: no accel jerk detected, platform moving too much
[0m[33m[init]: disparity is 45.779,25.005 (10.00 thresh)
[0m[33m[init]: failed static init: no accel jerk detected, platform moving too much
[0m[33m[init]: disparity is 41.763,24.570 (10.00 thresh)
[0m[33m[init]: failed static init: no accel jerk detected, platform moving too much
[0m[33m[init]: disparity is 43.301,16.457 (10.00 thresh)
[0m[33m[init]: failed static init: no accel jerk detected, platform moving too much
[0m[33m[init]: disparity is 43.211,12.343 (10.00 thresh)
[0m[33m[init]: failed static init: no accel jerk detected, platform moving too much
[0m[33m[init]: disparity is 40.255,10.353 (10.00 thresh)
[0m[33m[init]: failed static init: no accel jerk detected, platform moving too much
[0m[33m[init]: disparity is 39.311,7.385 (10.00 thresh)
[0m[33m[init]: failed static init: no accel jerk detected, platform moving too much
[0m[33m[init]: disparity is 39.199,4.587 (10.00 thresh)
[0m[33m[init]: failed static init: no accel jerk detected, platform moving too much
[0m[33m[init]: disparity is 38.735,0.725 (10.00 thresh)
[0m[33m[init]: failed static init: no accel jerk detected, platform moving too much
[0m[33m[init]: disparity is 35.863,0.883 (10.00 thresh)
[0m[33m[init]: failed static init: no accel jerk detected, platform moving too much
[0m[33m[init]: disparity is 32.689,0.838 (10.00 thresh)
[0m[33m[init]: failed static init: no accel jerk detected, platform moving too much
[0m[33m[init]: disparity is 28.621,0.704 (10.00 thresh)
[0m[33m[init]: failed static init: no accel jerk detected, platform moving too much
[0m[33m[init]: disparity is 26.153,0.761 (10.00 thresh)
[0m[33m[init]: failed static init: no accel jerk detected, platform moving too much
[0m[33m[init]: disparity is 22.919,0.457 (10.00 thresh)
[0m[33m[init]: failed static init: no accel jerk detected, platform moving too much
[0m[33m[init]: disparity is 21.350,0.335 (10.00 thresh)
[0m[33m[init]: failed static init: no accel jerk detected, platform moving too much
[0m[33m[init]: disparity is 19.229,0.382 (10.00 thresh)
[0m[33m[init]: failed static init: no accel jerk detected, platform moving too much
[0m[33m[init]: disparity is 17.761,0.495 (10.00 thresh)
[0m[33m[init]: failed static init: no accel jerk detected, platform moving too much
[0m[33m[init]: disparity is 16.433,0.577 (10.00 thresh)
[0m[33m[init]: failed static init: no accel jerk detected, platform moving too much
[0m[33m[init]: disparity is 13.279,0.482 (10.00 thresh)
[0m[33m[init]: failed static init: no accel jerk detected, platform moving too much
[0m[33m[init]: disparity is 12.040,0.343 (10.00 thresh)
[0m[33m[init]: failed static init: no accel jerk detected, platform moving too much
[0m[33m[init]: disparity is 13.449,0.235 (10.00 thresh)
[0m[33m[init]: failed static init: no accel jerk detected, platform moving too much
[0m[33m[init]: disparity is 16.735,0.126 (10.00 thresh)
[0m[33m[init]: failed static init: no accel jerk detected, platform moving too much
[0m[33m[init]: disparity is 21.291,0.058 (10.00 thresh)
[0m[33m[init]: failed static init: no accel jerk detected, platform moving too much
[0m[33m[init]: disparity is 25.189,0.127 (10.00 thresh)
[0m[33m[init]: failed static init: no accel jerk detected, platform moving too much
[0m[33m[init]: disparity is 24.475,0.169 (10.00 thresh)
[0m[33m[init]: failed static init: no accel jerk detected, platform moving too much
[0m[33m[init]: disparity is 16.471,0.226 (10.00 thresh)
[0m[33m[init]: failed static init: no accel jerk detected, platform moving too much
[0m[33m[init]: disparity is 12.349,0.219 (10.00 thresh)
[0m[33m[init]: failed static init: no accel jerk detected, platform moving too much
[0m[33m[init]: disparity is 10.356,0.173 (10.00 thresh)
[0m[33m[init]: failed static init: no accel jerk detected, platform moving too much
[0m[33m[init]: disparity is 7.394,0.118 (10.00 thresh)
[0m[33m[init]: failed static init: no accel jerk detected
[0m[33m[init]: disparity is 4.559,0.106 (10.00 thresh)
[0m[33m[init]: failed static init: no accel jerk detected
[0m[33m[init]: disparity is 0.732,0.055 (10.00 thresh)
[0m[33m[init]: failed static init: no accel jerk detected
[0m[33m[init]: disparity is 0.781,0.068 (10.00 thresh)
[0m[33m[init]: failed static init: no accel jerk detected
[0m[33m[init]: disparity is 0.934,0.073 (10.00 thresh)
[0m[33m[init]: failed static init: no accel jerk detected
[0m[33m[init]: disparity is 0.631,0.071 (10.00 thresh)
[0m[33m[init]: failed static init: no accel jerk detected
[0m[33m[init]: disparity is 0.804,0.075 (10.00 thresh)
[0m[33m[init]: failed static init: no accel jerk detected
[0m[33m[init]: disparity is 0.429,0.081 (10.00 thresh)
[0m[33m[init]: failed static init: no accel jerk detected
[0m[33m[init]: disparity is 0.343,0.092 (10.00 thresh)
[0m[33m[init]: failed static init: no accel jerk detected
[0m[33m[init]: disparity is 0.368,0.079 (10.00 thresh)
[0m[33m[init]: failed static init: no accel jerk detected
[0m[33m[init]: disparity is 0.509,0.050 (10.00 thresh)
[0m[33m[init]: failed static init: no accel jerk detected
[0m[33m[init]: disparity is 0.583,0.036 (10.00 thresh)
[0m[33m[init]: failed static init: no accel jerk detected
[0m[33m[init]: disparity is 0.510,0.047 (10.00 thresh)
[0m[33m[init]: failed static init: no accel jerk detected
[0m[33m[init]: disparity is 0.395,0.053 (10.00 thresh)
[0m[33m[init]: failed static init: no accel jerk detected
[0m[33m[init]: disparity is 0.273,0.045 (10.00 thresh)
[0m[33m[init]: failed static init: no accel jerk detected
[0m[33m[init]: disparity is 0.151,0.036 (10.00 thresh)
[0m[33m[init]: failed static init: no accel jerk detected
[0m[33m[init]: disparity is 0.065,0.041 (10.00 thresh)
[0m[33m[init]: failed static init: no accel jerk detected
[0m[33m[init]: disparity is 0.132,0.046 (10.00 thresh)
[0m[33m[init]: failed static init: no accel jerk detected
[0m[33m[init]: disparity is 0.174,0.052 (10.00 thresh)
[0m[33m[init]: failed static init: no accel jerk detected
[0m[33m[init]: disparity is 0.217,0.036 (10.00 thresh)
[0m[33m[init]: failed static init: no accel jerk detected
[0m[33m[init]: disparity is 0.208,0.048 (10.00 thresh)
[0m[33m[init]: failed static init: no accel jerk detected
[0m[33m[init]: disparity is 0.175,0.035 (10.00 thresh)
[0m[33m[init]: failed static init: no accel jerk detected
[0m[33m[init]: disparity is 0.126,0.041 (10.00 thresh)
[0m[33m[init]: failed static init: no accel jerk detected
[0m[33m[init]: disparity is 0.116,0.033 (10.00 thresh)
[0m[33m[init]: failed static init: no accel jerk detected
[0m[33m[init]: disparity is 0.065,0.046 (10.00 thresh)
[0m[33m[init]: failed static init: no accel jerk detected
[0m[33m[init]: disparity is 0.064,0.040 (10.00 thresh)
[0m[33m[init]: failed static init: no accel jerk detected
[0m[33m[init]: disparity is 0.073,0.036 (10.00 thresh)
[0m[33m[init]: failed static init: no accel jerk detected
[0m[33m[init]: disparity is 0.078,0.039 (10.00 thresh)
[0m[33m[init]: failed static init: no accel jerk detected
[0m[33m[init]: disparity is 0.084,0.048 (10.00 thresh)
[0m[33m[init]: failed static init: no accel jerk detected
[0m[33m[init]: disparity is 0.091,0.041 (10.00 thresh)
[0m[33m[init]: failed static init: no accel jerk detected
[0m[33m[init]: disparity is 0.078,0.040 (10.00 thresh)
[0m[33m[init]: failed static init: no accel jerk detected
[0m[33m[init]: disparity is 0.068,0.039 (10.00 thresh)
[0m[33m[init]: failed static init: no accel jerk detected
[0m[33m[init]: disparity is 0.050,0.044 (10.00 thresh)
[0m[33m[init]: failed static init: no accel jerk detected
[0m[33m[init]: disparity is 0.050,0.061 (10.00 thresh)
[0m[33m[init]: failed static init: no accel jerk detected
[0m[33m[init]: disparity is 0.044,0.152 (10.00 thresh)
[0m[33m[init]: failed static init: no accel jerk detected
[0m[33m[init]: disparity is 0.045,0.126 (10.00 thresh)
[0m[33m[init]: failed static init: no accel jerk detected
[0m[33m[init]: disparity is 0.043,0.125 (10.00 thresh)
[0m[33m[init]: failed static init: no accel jerk detected
[0m[33m[init]: disparity is 0.040,0.203 (10.00 thresh)
[0m[33m[init]: failed static init: no accel jerk detected
[0m[33m[init]: disparity is 0.049,0.175 (10.00 thresh)
[0m[33m[init]: failed static init: no accel jerk detected
[0m[33m[init]: disparity is 0.043,0.517 (10.00 thresh)
[0m[33m[init]: failed static init: no accel jerk detected
[0m[33m[init]: disparity is 0.046,0.641 (10.00 thresh)
[0m[33m[init]: failed static init: no accel jerk detected
[0m[33m[init]: disparity is 0.036,0.446 (10.00 thresh)
[0m[33m[init]: failed static init: no accel jerk detected
[0m[33m[init]: disparity is 0.053,0.524 (10.00 thresh)
[0m[33m[init]: failed static init: no accel jerk detected
[0m[33m[init]: disparity is 0.042,0.269 (10.00 thresh)
[0m[33m[init]: failed static init: no accel jerk detected
[0m[33m[init]: disparity is 0.043,0.279 (10.00 thresh)
[0m[33m[init]: failed static init: no accel jerk detected
[0m[33m[init]: disparity is 0.039,0.131 (10.00 thresh)
[0m[33m[init]: failed static init: no accel jerk detected
[0m[33m[init]: disparity is 0.035,0.417 (10.00 thresh)
[0m[33m[init]: failed static init: no accel jerk detected
[0m[33m[init]: disparity is 0.039,0.307 (10.00 thresh)
[0m[33m[init]: failed static init: no accel jerk detected
[0m[33m[init]: disparity is 0.046,0.343 (10.00 thresh)
[0m[33m[init]: failed static init: no accel jerk detected
[0m[33m[init]: disparity is 0.039,0.212 (10.00 thresh)
[0m[33m[init]: failed static init: no accel jerk detected
[0m[33m[init]: disparity is 0.045,0.196 (10.00 thresh)
[0m[33m[init]: failed static init: no accel jerk detected
[0m[33m[init]: disparity is 0.032,0.106 (10.00 thresh)
[0m[33m[init]: failed static init: no accel jerk detected
[0m[33m[init]: disparity is 0.049,0.125 (10.00 thresh)
[0m[33m[init]: failed static init: no accel jerk detected
[0m[33m[init]: disparity is 0.054,0.118 (10.00 thresh)
[0m[33m[init]: failed static init: no accel jerk detected
[0m[33m[init]: disparity is 0.145,0.298 (10.00 thresh)
[0m[33m[init]: failed static init: no accel jerk detected
[0m[33m[init]: disparity is 0.113,0.195 (10.00 thresh)
[0m[33m[init]: failed static init: no accel jerk detected
[0m[33m[init]: disparity is 0.127,0.444 (10.00 thresh)
[0m[33m[init]: failed static init: no accel jerk detected
[0m[33m[init]: disparity is 0.207,0.783 (10.00 thresh)
[0m[33m[init]: failed static init: no accel jerk detected
[0m[33m[init]: disparity is 0.188,0.868 (10.00 thresh)
[0m[33m[init]: failed static init: no accel jerk detected
[0m[33m[init]: disparity is 0.509,0.625 (10.00 thresh)
[0m[33m[init]: failed static init: no accel jerk detected
[0m[33m[init]: disparity is 0.646,0.696 (10.00 thresh)
[0m[33m[init]: failed static init: no accel jerk detected
[0m[33m[init]: disparity is 0.448,0.381 (10.00 thresh)
[0m[33m[init]: failed static init: no accel jerk detected
[0m[33m[init]: disparity is 0.516,0.386 (10.00 thresh)
[0m[33m[init]: failed static init: no accel jerk detected
[0m[33m[init]: disparity is 0.267,0.212 (10.00 thresh)
[0m[33m[init]: failed static init: no accel jerk detected
[0m[33m[init]: disparity is 0.276,0.323 (10.00 thresh)
[0m[33m[init]: failed static init: no accel jerk detected
[0m[33m[init]: disparity is 0.143,0.267 (10.00 thresh)
[0m[33m[init]: failed static init: no accel jerk detected
[0m[33m[init]: disparity is 0.413,0.456 (10.00 thresh)
[0m[33m[init]: failed static init: no accel jerk detected
[0m[33m[init]: disparity is 0.308,0.249 (10.00 thresh)
[0m[33m[init]: failed static init: no accel jerk detected
[0m[33m[init]: disparity is 0.350,0.144 (10.00 thresh)
[0m[33m[init]: failed static init: no accel jerk detected
[0m[33m[init]: disparity is 0.209,0.086 (10.00 thresh)
[0m[33m[init]: failed static init: no accel jerk detected
[0m[33m[init]: disparity is 0.203,0.091 (10.00 thresh)
[0m[33m[init]: failed static init: no accel jerk detected
[0m[33m[init]: disparity is 0.129,0.164 (10.00 thresh)
[0m[33m[init]: failed static init: no accel jerk detected
[0m[33m[init]: disparity is 0.124,0.405 (10.00 thresh)
[0m[33m[init]: failed static init: no accel jerk detected
[0m[33m[init]: disparity is 0.216,0.360 (10.00 thresh)
[0m[33m[init]: failed static init: no accel jerk detected
[0m[33m[init]: disparity is 0.350,0.345 (10.00 thresh)
[0m[33m[init]: failed static init: no accel jerk detected
[0m[33m[init]: disparity is 0.264,0.308 (10.00 thresh)
[0m[33m[init]: failed static init: no accel jerk detected
[0m[33m[init]: disparity is 0.240,0.260 (10.00 thresh)
[0m[33m[init]: failed static init: no accel jerk detected
[0m[33m[init]: disparity is 0.173,0.268 (10.00 thresh)
[0m[33m[init]: failed static init: no accel jerk detected
[0m[33m[init]: disparity is 0.362,0.217 (10.00 thresh)
[0m[33m[init]: failed static init: no accel jerk detected
[0m[33m[init]: disparity is 0.701,0.187 (10.00 thresh)
[0m[33m[init]: failed static init: no accel jerk detected
[0m[33m[init]: disparity is 0.825,0.154 (10.00 thresh)
[0m[33m[init]: failed static init: no accel jerk detected
[0m[33m[init]: disparity is 0.574,0.141 (10.00 thresh)
[0m[33m[init]: failed static init: no accel jerk detected
[0m[33m[init]: disparity is 0.674,0.099 (10.00 thresh)
[0m[33m[init]: failed static init: no accel jerk detected
[0m[33m[init]: disparity is 0.357,0.088 (10.00 thresh)
[0m[33m[init]: failed static init: no accel jerk detected
[0m[33m[init]: disparity is 0.333,0.102 (10.00 thresh)
[0m[33m[init]: failed static init: no accel jerk detected
[0m[33m[init]: disparity is 0.168,0.056 (10.00 thresh)
[0m[33m[init]: failed static init: no accel jerk detected
[0m[33m[init]: disparity is 0.524,0.053 (10.00 thresh)
[0m[33m[init]: failed static init: no accel jerk detected
[0m[33m[init]: disparity is 0.352,0.088 (10.00 thresh)
[0m[33m[init]: failed static init: no accel jerk detected
[0m[33m[init]: disparity is 0.393,0.121 (10.00 thresh)
[0m[33m[init]: failed static init: no accel jerk detected
[0m[33m[init]: disparity is 0.241,0.068 (10.00 thresh)
[0m[33m[init]: failed static init: no accel jerk detected
[0m[33m[init]: disparity is 0.182,0.073 (10.00 thresh)
[0m[33m[init]: failed static init: no accel jerk detected
[0m[33m[init]: disparity is 0.117,0.096 (10.00 thresh)
[0m[33m[init]: failed static init: no accel jerk detected
[0m[33m[init]: disparity is 0.125,0.093 (10.00 thresh)
[0m[33m[init]: failed static init: no accel jerk detected
[0m[33m[init]: disparity is 0.203,0.065 (10.00 thresh)
[0m[33m[init]: failed static init: no accel jerk detected
[0m[33m[init]: disparity is 0.412,0.088 (10.00 thresh)
[0m[33m[init]: failed static init: no accel jerk detected
[0m[33m[init]: disparity is 0.348,0.095 (10.00 thresh)
[0m[33m[init]: failed static init: no accel jerk detected
[0m[33m[init]: disparity is 0.341,0.073 (10.00 thresh)
[0m[33m[init]: failed static init: no accel jerk detected
[0m[33m[init]: disparity is 0.352,0.066 (10.00 thresh)
[0m[33m[init]: failed static init: no accel jerk detected
[0m[33m[init]: disparity is 0.266,0.054 (10.00 thresh)
[0m[33m[init]: failed static init: no accel jerk detected
[0m[33m[init]: disparity is 0.222,0.063 (10.00 thresh)
[0m[33m[init]: failed static init: no accel jerk detected
[0m[33m[init]: disparity is 0.170,0.044 (10.00 thresh)
[0m[33m[init]: failed static init: no accel jerk detected
[0m[33m[init]: disparity is 0.169,0.037 (10.00 thresh)
[0m[33m[init]: failed static init: no accel jerk detected
[0m[33m[init]: disparity is 0.153,0.054 (10.00 thresh)
[0m[33m[init]: failed static init: no accel jerk detected
[0m[33m[init]: disparity is 0.151,0.090 (10.00 thresh)
[0m[33m[init]: failed static init: no accel jerk detected
[0m[33m[init]: disparity is 0.157,0.074 (10.00 thresh)
[0m[33m[init]: failed static init: no accel jerk detected
[0m[33m[init]: disparity is 0.148,0.133 (10.00 thresh)
[0m[33m[init]: failed static init: no accel jerk detected
[0m[33m[init]: disparity is 0.130,0.131 (10.00 thresh)
[0m[33m[init]: failed static init: no accel jerk detected
[0m[33m[init]: disparity is 0.096,0.093 (10.00 thresh)
[0m[33m[init]: failed static init: no accel jerk detected
[0m[33m[init]: disparity is 0.152,0.118 (10.00 thresh)
[0m[33m[init]: failed static init: no accel jerk detected
[0m[33m[init]: disparity is 0.111,0.095 (10.00 thresh)
[0m[33m[init]: failed static init: no accel jerk detected
[0m[33m[init]: disparity is 0.102,0.104 (10.00 thresh)
[0m[33m[init]: failed static init: no accel jerk detected
[0m[33m[init]: disparity is 0.068,0.089 (10.00 thresh)
[0m[33m[init]: failed static init: no accel jerk detected
[0m[33m[init]: disparity is 0.056,0.073 (10.00 thresh)
[0m[33m[init]: failed static init: no accel jerk detected
[0m[33m[init]: disparity is 0.074,0.095 (10.00 thresh)
[0m[33m[init]: failed static init: no accel jerk detected
[0m[33m[init]: disparity is 0.082,0.047 (10.00 thresh)
[0m[33m[init]: failed static init: no accel jerk detected
[0m[33m[init]: disparity is 0.065,0.103 (10.00 thresh)
[0m[33m[init]: failed static init: no accel jerk detected
[0m[33m[init]: disparity is 0.062,0.070 (10.00 thresh)
[0m[33m[init]: failed static init: no accel jerk detected
[0m[33m[init]: disparity is 0.078,0.088 (10.00 thresh)
[0m[33m[init]: failed static init: no accel jerk detected
[0m[33m[init]: disparity is 0.080,0.068 (10.00 thresh)
[0m[33m[init]: failed static init: no accel jerk detected
[0m[33m[init]: disparity is 0.067,0.074 (10.00 thresh)
[0m[33m[init]: failed static init: no accel jerk detected
[0m[33m[init]: disparity is 0.049,0.145 (10.00 thresh)
[0m[33m[init]: failed static init: no accel jerk detected
[0m[33m[init]: disparity is 0.062,0.135 (10.00 thresh)
[0m[33m[init]: failed static init: no accel jerk detected
[0m[33m[init]: disparity is 0.113,0.124 (10.00 thresh)
[0m[33m[init]: failed static init: no accel jerk detected
[0m[33m[init]: disparity is 0.140,0.109 (10.00 thresh)
[0m[33m[init]: failed static init: no accel jerk detected
[0m[33m[init]: disparity is 0.053,0.093 (10.00 thresh)
[0m[33m[init]: failed static init: no accel jerk detected
[0m[33m[init]: disparity is 0.108,0.130 (10.00 thresh)
[0m[33m[init]: failed static init: no accel jerk detected
[0m[33m[init]: disparity is 0.063,0.063 (10.00 thresh)
[0m[33m[init]: failed static init: no accel jerk detected
[0m[33m[init]: disparity is 0.066,0.088 (10.00 thresh)
[0m[33m[init]: failed static init: no accel jerk detected
[0m[33m[init]: disparity is 0.117,0.161 (10.00 thresh)
[0m[33m[init]: failed static init: no accel jerk detected
[0m[33m[init]: disparity is 0.095,0.080 (10.00 thresh)
[0m[33m[init]: failed static init: no accel jerk detected
[0m[33m[init]: disparity is 0.118,0.117 (10.00 thresh)
[0m[33m[init]: failed static init: no accel jerk detected
[0m[33m[init]: disparity is 0.080,0.139 (10.00 thresh)
[0m[33m[init]: failed static init: no accel jerk detected
[0m[33m[init]: disparity is 0.094,0.179 (10.00 thresh)
[0m[33m[init]: failed static init: no accel jerk detected
[0m[33m[init]: disparity is 0.092,0.071 (10.00 thresh)
[0m[33m[init]: failed static init: no accel jerk detected
[0m[33m[init]: disparity is 0.058,0.105 (10.00 thresh)
[0m[33m[init]: failed static init: no accel jerk detected
[0m[33m[init]: disparity is 0.084,0.072 (10.00 thresh)
[0m[33m[init]: failed static init: no accel jerk detected
[0m[33m[init]: disparity is 0.070,0.247 (10.00 thresh)
[0m[33m[init]: failed static init: no accel jerk detected
[0m[33m[init]: disparity is 0.106,0.377 (10.00 thresh)
[0m[33m[init]: failed static init: no accel jerk detected
[0m[33m[init]: disparity is 0.053,0.421 (10.00 thresh)
[0m[33m[init]: failed static init: no accel jerk detected
[0m[33m[init]: disparity is 0.087,0.460 (10.00 thresh)
[0m[33m[init]: failed static init: no accel jerk detected
[0m[33m[init]: disparity is 0.106,0.411 (10.00 thresh)
[0m[33m[init]: failed static init: no accel jerk detected
[0m[33m[init]: disparity is 0.105,0.289 (10.00 thresh)
[0m[33m[init]: failed static init: no accel jerk detected
[0m[33m[init]: disparity is 0.161,0.335 (10.00 thresh)
[0m[33m[init]: failed static init: no accel jerk detected
[0m[33m[init]: disparity is 0.157,0.247 (10.00 thresh)
[0m[33m[init]: failed static init: no accel jerk detected
[0m[33m[init]: disparity is 0.094,0.863 (10.00 thresh)
[0m[33m[init]: failed static init: no accel jerk detected
[0m[33m[init]: disparity is 0.110,0.888 (10.00 thresh)
[0m[33m[init]: failed static init: no accel jerk detected
[0m[33m[init]: disparity is 0.105,1.614 (10.00 thresh)
[0m[33m[init]: failed static init: no accel jerk detected
[0m[33m[init]: disparity is 0.102,1.358 (10.00 thresh)
[0m[33m[init]: failed static init: no accel jerk detected
[0m[33m[init]: disparity is 0.087,1.934 (10.00 thresh)
[0m[33m[init]: failed static init: no accel jerk detected
[0m[33m[init]: disparity is 0.084,2.851 (10.00 thresh)
[0m[33m[init]: failed static init: no accel jerk detected
[0m[33m[init]: disparity is 0.154,5.905 (10.00 thresh)
[0m[33m[init]: failed static init: no accel jerk detected
[0m[33m[init]: disparity is 0.110,11.241 (10.00 thresh)
[0m[32m[init]: successful initialization in 0.0004 seconds
[0m[32m[init]: orientation = 0.8397, 0.0024, 0.5431, 0.0037
[0m[32m[init]: bias gyro = -0.0020, 0.0209, 0.0776
[0m[32m[init]: velocity = 0.0000, 0.0000, 0.0000
[0m[32m[init]: bias accel = -0.0601, -0.0006, 0.0270
[0m[32m[init]: position = 0.0000, 0.0000, 0.0000
[0mq_GtoI = 0.817,-0.002,0.577,0.005 | p_IinG = 0.059,-0.004,0.086 | dist = 0.00 (meters)
bg = -0.0023,0.0210,0.0770 | ba = -0.0607,-0.0007,0.0273
camera-imu timeoffset = 0.00022
cam0 intrinsics = 458.655,457.304,367.211,248.410 | -0.283,0.074,0.000,0.000
cam1 intrinsics = 457.586,456.127,380.003,255.204 | -0.284,0.075,-0.000,0.000
cam0 extrinsics = -0.008,0.011,0.702,0.712 | 0.065,-0.013,-0.010
cam1 extrinsics = -0.003,0.015,0.702,0.712 | -0.044,-0.028,-0.007
q_GtoI = 0.815,-0.001,0.579,0.005 | p_IinG = 0.074,-0.000,0.101 | dist = 0.02 (meters)
bg = -0.0018,0.0197,0.0761 | ba = -0.0589,-0.0006,0.0263
camera-imu timeoffset = -0.00086
cam0 intrinsics = 458.682,457.293,367.175,248.320 | -0.284,0.074,-0.000,-0.000
cam1 intrinsics = 457.563,456.137,380.040,255.295 | -0.284,0.075,0.000,0.000
cam0 extrinsics = -0.008,0.010,0.702,0.712 | 0.068,-0.020,-0.012
cam1 extrinsics = -0.002,0.015,0.702,0.712 | -0.048,-0.021,-0.004
q_GtoI = 0.815,0.000,0.579,0.003 | p_IinG = 0.082,-0.000,0.122 | dist = 0.04 (meters)
bg = -0.0017,0.0197,0.0759 | ba = -0.0589,-0.0006,0.0263
camera-imu timeoffset = -0.00084
cam0 intrinsics = 458.682,457.293,367.175,248.320 | -0.283,0.074,-0.000,-0.000
cam1 intrinsics = 457.563,456.138,380.040,255.295 | -0.284,0.075,0.000,0.000
cam0 extrinsics = -0.008,0.010,0.702,0.712 | 0.068,-0.020,-0.012
cam1 extrinsics = -0.002,0.015,0.702,0.712 | -0.048,-0.021,-0.004
q_GtoI = 0.815,0.002,0.579,0.003 | p_IinG = 0.088,-0.000,0.147 | dist = 0.07 (meters)
bg = -0.0017,0.0197,0.0759 | ba = -0.0589,-0.0006,0.0263
camera-imu timeoffset = -0.00084
cam0 intrinsics = 458.682,457.293,367.175,248.320 | -0.283,0.074,-0.000,-0.000
cam1 intrinsics = 457.563,456.138,380.040,255.295 | -0.284,0.075,0.000,0.000
cam0 extrinsics = -0.008,0.010,0.702,0.712 | 0.068,-0.020,-0.012
cam1 extrinsics = -0.002,0.015,0.702,0.712 | -0.048,-0.021,-0.004
q_GtoI = 0.814,0.003,0.581,0.002 | p_IinG = 0.096,-0.001,0.177 | dist = 0.10 (meters)
bg = -0.0018,0.0191,0.0766 | ba = -0.0596,-0.0007,0.0265
camera-imu timeoffset = -0.00104
cam0 intrinsics = 458.669,457.291,367.188,248.331 | -0.284,0.074,-0.000,-0.000
cam1 intrinsics = 457.580,456.135,380.022,255.273 | -0.284,0.075,-0.000,-0.000
cam0 extrinsics = -0.008,0.010,0.702,0.712 | 0.071,-0.018,-0.009
cam1 extrinsics = -0.002,0.015,0.702,0.712 | -0.050,-0.023,-0.007
q_GtoI = 0.814,0.005,0.580,0.001 | p_IinG = 0.103,0.000,0.204 | dist = 0.13 (meters)
bg = -0.0016,0.0190,0.0766 | ba = -0.0593,-0.0007,0.0264
camera-imu timeoffset = -0.00180
cam0 intrinsics = 458.677,457.284,367.156,248.315 | -0.284,0.074,-0.000,-0.000
cam1 intrinsics = 457.572,456.144,380.053,255.291 | -0.284,0.075,-0.000,-0.000
cam0 extrinsics = -0.008,0.011,0.702,0.712 | 0.070,-0.019,-0.009
cam1 extrinsics = -0.002,0.015,0.702,0.712 | -0.050,-0.023,-0.008
q_GtoI = 0.814,0.007,0.580,0.002 | p_IinG = 0.102,-0.001,0.225 | dist = 0.15 (meters)
bg = -0.0004,0.0177,0.0797 | ba = -0.0586,-0.0008,0.0261
camera-imu timeoffset = -0.00245
cam0 intrinsics = 458.676,457.284,367.155,248.315 | -0.283,0.074,0.000,-0.000
cam1 intrinsics = 457.573,456.143,380.056,255.291 | -0.284,0.075,-0.000,0.000
cam0 extrinsics = -0.008,0.011,0.702,0.712 | 0.069,-0.019,-0.009
cam1 extrinsics = -0.002,0.015,0.702,0.712 | -0.049,-0.023,-0.008
q_GtoI = 0.817,0.009,0.576,0.003 | p_IinG = 0.107,0.000,0.242 | dist = 0.17 (meters)
bg = -0.0004,0.0177,0.0797 | ba = -0.0586,-0.0008,0.0261
camera-imu timeoffset = -0.00245
cam0 intrinsics = 458.676,457.284,367.155,248.315 | -0.283,0.074,0.000,-0.000
cam1 intrinsics = 457.573,456.143,380.056,255.291 | -0.284,0.075,-0.000,0.000
cam0 extrinsics = -0.008,0.011,0.702,0.712 | 0.069,-0.019,-0.009
cam1 extrinsics = -0.002,0.015,0.702,0.712 | -0.049,-0.023,-0.008
q_GtoI = 0.818,0.010,0.574,0.003 | p_IinG = 0.108,0.000,0.254 | dist = 0.18 (meters)
bg = -0.0007,0.0160,0.0786 | ba = -0.0586,-0.0007,0.0261
camera-imu timeoffset = -0.00231
cam0 intrinsics = 458.681,457.274,367.153,248.315 | -0.284,0.074,-0.000,-0.000
cam1 intrinsics = 457.569,456.153,380.056,255.288 | -0.284,0.075,-0.000,0.000
cam0 extrinsics = -0.008,0.011,0.702,0.712 | 0.070,-0.019,-0.006
cam1 extrinsics = -0.002,0.015,0.702,0.712 | -0.050,-0.022,-0.010
q_GtoI = 0.820,0.011,0.572,0.003 | p_IinG = 0.112,0.001,0.258 | dist = 0.19 (meters)
bg = -0.0007,0.0160,0.0786 | ba = -0.0586,-0.0007,0.0261
camera-imu timeoffset = -0.00231
cam0 intrinsics = 458.681,457.274,367.153,248.315 | -0.284,0.074,-0.000,-0.000
cam1 intrinsics = 457.569,456.153,380.056,255.288 | -0.284,0.075,-0.000,0.000
cam0 extrinsics = -0.008,0.011,0.702,0.712 | 0.070,-0.019,-0.006
cam1 extrinsics = -0.002,0.015,0.702,0.712 | -0.050,-0.022,-0.010
q_GtoI = 0.824,0.013,0.567,0.003 | p_IinG = 0.121,0.004,0.264 | dist = 0.19 (meters)
bg = -0.0003,0.0190,0.0783 | ba = -0.0612,-0.0008,0.0272
camera-imu timeoffset = -0.00277
cam0 intrinsics = 458.688,457.268,367.147,248.316 | -0.284,0.074,-0.000,-0.001
cam1 intrinsics = 457.562,456.153,380.064,255.282 | -0.284,0.075,-0.001,0.001
cam0 extrinsics = -0.008,0.011,0.702,0.712 | 0.071,-0.019,-0.007
cam1 extrinsics = -0.002,0.015,0.702,0.712 | -0.051,-0.022,-0.009
q_GtoI = 0.825,0.013,0.565,0.003 | p_IinG = 0.128,0.005,0.262 | dist = 0.20 (meters)
bg = -0.0003,0.0190,0.0783 | ba = -0.0612,-0.0008,0.0272
camera-imu timeoffset = -0.00277
cam0 intrinsics = 458.688,457.268,367.147,248.316 | -0.284,0.074,-0.000,-0.001
cam1 intrinsics = 457.562,456.153,380.064,255.282 | -0.284,0.075,-0.001,0.001
cam0 extrinsics = -0.008,0.011,0.702,0.712 | 0.071,-0.019,-0.007
cam1 extrinsics = -0.002,0.015,0.702,0.712 | -0.051,-0.022,-0.009
q_GtoI = 0.826,0.014,0.563,0.002 | p_IinG = 0.134,0.008,0.260 | dist = 0.21 (meters)
bg = -0.0003,0.0190,0.0783 | ba = -0.0612,-0.0008,0.0272
camera-imu timeoffset = -0.00277
cam0 intrinsics = 458.688,457.268,367.147,248.316 | -0.284,0.074,-0.000,-0.001
cam1 intrinsics = 457.562,456.153,380.064,255.282 | -0.284,0.075,-0.001,0.001
cam0 extrinsics = -0.008,0.011,0.702,0.712 | 0.071,-0.019,-0.007
cam1 extrinsics = -0.002,0.015,0.702,0.712 | -0.051,-0.022,-0.009
q_GtoI = 0.826,0.014,0.564,0.002 | p_IinG = 0.127,0.009,0.251 | dist = 0.21 (meters)
bg = 0.0013,0.0147,0.0787 | ba = -0.0576,-0.0008,0.0257
camera-imu timeoffset = -0.00448
cam0 intrinsics = 458.691,457.283,367.139,248.329 | -0.283,0.074,0.000,-0.001
cam1 intrinsics = 457.558,456.163,380.064,255.294 | -0.284,0.075,-0.000,0.000
cam0 extrinsics = -0.008,0.011,0.702,0.712 | 0.069,-0.019,-0.007
cam1 extrinsics = -0.002,0.015,0.702,0.712 | -0.049,-0.022,-0.009
q_GtoI = 0.827,0.010,0.562,0.002 | p_IinG = 0.142,0.013,0.231 | dist = 0.22 (meters)
bg = 0.0038,0.0162,0.0743 | ba = -0.0483,-0.0004,0.0219
camera-imu timeoffset = -0.00423
cam0 intrinsics = 458.752,457.267,367.035,248.322 | -0.283,0.074,-0.000,-0.002
cam1 intrinsics = 457.498,456.173,380.167,255.303 | -0.284,0.074,-0.001,0.002
cam0 extrinsics = -0.009,0.011,0.702,0.712 | 0.068,-0.019,-0.007
cam1 extrinsics = -0.002,0.015,0.703,0.711 | -0.048,-0.021,-0.010
q_GtoI = 0.827,0.011,0.562,0.001 | p_IinG = 0.151,0.017,0.233 | dist = 0.23 (meters)
bg = 0.0034,0.0161,0.0743 | ba = -0.0481,-0.0003,0.0217
camera-imu timeoffset = -0.00445
cam0 intrinsics = 458.739,457.256,367.025,248.284 | -0.284,0.073,-0.001,-0.003
cam1 intrinsics = 457.511,456.186,380.180,255.340 | -0.284,0.075,-0.000,0.004
cam0 extrinsics = -0.009,0.011,0.702,0.712 | 0.068,-0.019,-0.007
cam1 extrinsics = -0.001,0.015,0.702,0.712 | -0.048,-0.022,-0.010
q_GtoI = 0.827,0.011,0.563,0.001 | p_IinG = 0.157,0.020,0.239 | dist = 0.24 (meters)
bg = 0.0039,0.0173,0.0735 | ba = -0.0483,-0.0003,0.0219
camera-imu timeoffset = -0.00419
cam0 intrinsics = 458.737,457.270,367.029,248.297 | -0.284,0.073,-0.001,-0.003
cam1 intrinsics = 457.511,456.184,380.183,255.333 | -0.284,0.075,0.000,0.004
cam0 extrinsics = -0.009,0.011,0.702,0.712 | 0.068,-0.019,-0.007
cam1 extrinsics = -0.001,0.015,0.702,0.712 | -0.048,-0.022,-0.011
q_GtoI = 0.826,0.011,0.563,0.000 | p_IinG = 0.163,0.024,0.248 | dist = 0.25 (meters)
bg = 0.0046,0.0186,0.0730 | ba = -0.0488,-0.0003,0.0223
camera-imu timeoffset = -0.00391
cam0 intrinsics = 458.735,457.286,367.038,248.302 | -0.284,0.073,-0.001,-0.003
cam1 intrinsics = 457.515,456.187,380.177,255.340 | -0.283,0.075,0.001,0.003
cam0 extrinsics = -0.009,0.011,0.702,0.712 | 0.068,-0.020,-0.008
cam1 extrinsics = -0.001,0.015,0.702,0.712 | -0.048,-0.022,-0.011
q_GtoI = -0.824,-0.015,-0.566,0.003 | p_IinG = 0.170,0.028,0.265 | dist = 0.27 (meters)
bg = 0.0008,0.0185,0.0742 | ba = -0.0528,-0.0002,0.0243
camera-imu timeoffset = -0.00280
cam0 intrinsics = 458.727,457.341,367.157,248.335 | -0.284,0.070,0.001,-0.004
cam1 intrinsics = 457.551,456.218,380.101,255.340 | -0.283,0.075,0.001,0.002
cam0 extrinsics = -0.008,0.011,0.702,0.712 | 0.068,-0.019,-0.008
cam1 extrinsics = -0.002,0.015,0.702,0.712 | -0.048,-0.021,-0.011
q_GtoI = -0.821,-0.021,-0.570,0.002 | p_IinG = 0.183,0.029,0.281 | dist = 0.29 (meters)
bg = -0.0008,0.0165,0.0801 | ba = -0.0521,-0.0031,0.0229
camera-imu timeoffset = -0.00068
cam0 intrinsics = 458.419,457.425,367.112,248.474 | -0.284,0.071,0.004,-0.003
cam1 intrinsics = 457.825,456.178,380.113,255.257 | -0.283,0.074,0.003,0.003
cam0 extrinsics = -0.008,0.011,0.701,0.713 | 0.068,-0.019,-0.007
cam1 extrinsics = -0.002,0.015,0.704,0.710 | -0.048,-0.022,-0.013
q_GtoI = -0.820,-0.020,-0.573,0.002 | p_IinG = 0.192,0.035,0.301 | dist = 0.31 (meters)
bg = -0.0001,0.0163,0.0796 | ba = -0.0528,-0.0033,0.0235
camera-imu timeoffset = -0.00044
cam0 intrinsics = 458.417,457.438,367.163,248.496 | -0.283,0.071,0.004,-0.002
cam1 intrinsics = 457.865,456.168,380.096,255.237 | -0.283,0.074,0.003,0.004
cam0 extrinsics = -0.008,0.011,0.701,0.713 | 0.068,-0.019,-0.007
cam1 extrinsics = -0.002,0.015,0.704,0.710 | -0.048,-0.022,-0.013
q_GtoI = -0.818,-0.020,-0.574,0.002 | p_IinG = 0.202,0.040,0.320 | dist = 0.33 (meters)
bg = 0.0003,0.0159,0.0792 | ba = -0.0542,-0.0036,0.0243
camera-imu timeoffset = -0.00067
cam0 intrinsics = 458.407,457.451,367.204,248.523 | -0.283,0.070,0.004,-0.001
cam1 intrinsics = 457.908,456.159,380.085,255.218 | -0.282,0.075,0.003,0.005
cam0 extrinsics = -0.008,0.010,0.701,0.713 | 0.068,-0.018,-0.006
cam1 extrinsics = -0.002,0.015,0.704,0.711 | -0.048,-0.022,-0.013
q_GtoI = -0.817,-0.019,-0.576,0.003 | p_IinG = 0.210,0.045,0.339 | dist = 0.35 (meters)
bg = 0.0007,0.0155,0.0788 | ba = -0.0553,-0.0038,0.0251
camera-imu timeoffset = -0.00075
cam0 intrinsics = 458.399,457.464,367.235,248.551 | -0.283,0.070,0.004,-0.001
cam1 intrinsics = 457.946,456.153,380.075,255.203 | -0.282,0.075,0.003,0.005
cam0 extrinsics = -0.008,0.010,0.701,0.713 | 0.068,-0.018,-0.006
cam1 extrinsics = -0.002,0.015,0.703,0.711 | -0.048,-0.022,-0.014
q_GtoI = -0.817,-0.017,-0.577,0.004 | p_IinG = 0.218,0.051,0.355 | dist = 0.37 (meters)
bg = 0.0010,0.0150,0.0784 | ba = -0.0563,-0.0041,0.0258
camera-imu timeoffset = -0.00073
cam0 intrinsics = 458.388,457.471,367.256,248.573 | -0.283,0.070,0.004,-0.000
cam1 intrinsics = 457.979,456.151,380.065,255.193 | -0.282,0.075,0.004,0.006
cam0 extrinsics = -0.008,0.010,0.701,0.713 | 0.068,-0.017,-0.006
cam1 extrinsics = -0.002,0.015,0.703,0.711 | -0.048,-0.021,-0.014
q_GtoI = -0.816,-0.016,-0.578,0.005 | p_IinG = 0.226,0.056,0.372 | dist = 0.39 (meters)
bg = 0.0011,0.0146,0.0780 | ba = -0.0572,-0.0043,0.0265
camera-imu timeoffset = -0.00080
cam0 intrinsics = 458.376,457.477,367.274,248.591 | -0.283,0.070,0.004,0.000
cam1 intrinsics = 458.010,456.147,380.053,255.185 | -0.282,0.075,0.004,0.006
cam0 extrinsics = -0.008,0.010,0.701,0.713 | 0.068,-0.017,-0.006
cam1 extrinsics = -0.002,0.015,0.703,0.711 | -0.048,-0.021,-0.014
q_GtoI = -0.816,-0.018,-0.578,0.008 | p_IinG = 0.232,0.055,0.382 | dist = 0.41 (meters)
bg = -0.0022,0.0164,0.0767 | ba = -0.0612,-0.0042,0.0270
camera-imu timeoffset = -0.00055
cam0 intrinsics = 459.330,457.852,367.479,248.510 | -0.282,0.068,0.006,0.000
cam1 intrinsics = 457.132,455.714,379.899,255.261 | -0.280,0.079,0.002,0.006
cam0 extrinsics = -0.008,0.009,0.701,0.713 | 0.062,-0.018,-0.009
cam1 extrinsics = -0.003,0.016,0.703,0.711 | -0.042,-0.021,-0.012
q_GtoI = -0.815,-0.018,-0.579,0.010 | p_IinG = 0.241,0.057,0.395 | dist = 0.42 (meters)
bg = -0.0030,0.0163,0.0760 | ba = -0.0629,-0.0042,0.0267
camera-imu timeoffset = -0.00037
cam0 intrinsics = 459.293,457.805,367.240,248.853 | -0.282,0.068,0.005,-0.000
cam1 intrinsics = 457.185,455.800,380.070,254.991 | -0.280,0.077,0.004,0.005
cam0 extrinsics = -0.008,0.009,0.701,0.713 | 0.060,-0.017,-0.007
cam1 extrinsics = -0.003,0.017,0.703,0.711 | -0.039,-0.023,-0.015
q_GtoI = -0.815,-0.021,-0.579,0.011 | p_IinG = 0.255,0.059,0.399 | dist = 0.44 (meters)
bg = -0.0049,0.0171,0.0772 | ba = -0.0606,-0.0053,0.0253
camera-imu timeoffset = -0.00006
cam0 intrinsics = 459.609,457.783,367.260,248.790 | -0.278,0.064,0.003,0.002
cam1 intrinsics = 456.824,455.826,379.961,255.012 | -0.286,0.079,0.003,0.004
cam0 extrinsics = -0.008,0.009,0.701,0.713 | 0.057,-0.016,0.001
cam1 extrinsics = -0.003,0.016,0.702,0.712 | -0.037,-0.026,-0.023
q_GtoI = -0.815,-0.022,-0.579,0.011 | p_IinG = 0.267,0.062,0.409 | dist = 0.45 (meters)
bg = -0.0055,0.0176,0.0774 | ba = -0.0609,-0.0055,0.0249
camera-imu timeoffset = -0.00008
cam0 intrinsics = 459.540,457.858,367.151,248.829 | -0.277,0.063,0.002,0.002
cam1 intrinsics = 456.862,455.759,379.973,254.998 | -0.287,0.079,0.003,0.004
cam0 extrinsics = -0.008,0.009,0.701,0.713 | 0.056,-0.016,0.001
cam1 extrinsics = -0.003,0.016,0.702,0.712 | -0.036,-0.026,-0.024
q_GtoI = -0.815,-0.024,-0.578,0.011 | p_IinG = 0.277,0.065,0.419 | dist = 0.47 (meters)
bg = -0.0061,0.0181,0.0775 | ba = -0.0611,-0.0058,0.0249
camera-imu timeoffset = -0.00019
cam0 intrinsics = 459.469,457.912,367.039,248.657 | -0.277,0.063,0.002,0.002
cam1 intrinsics = 456.967,455.705,380.089,255.173 | -0.287,0.079,0.003,0.003
cam0 extrinsics = -0.008,0.010,0.701,0.713 | 0.057,-0.016,-0.000
cam1 extrinsics = -0.003,0.016,0.702,0.712 | -0.037,-0.025,-0.023
q_GtoI = -0.816,-0.026,-0.578,0.012 | p_IinG = 0.287,0.070,0.427 | dist = 0.48 (meters)
bg = -0.0061,0.0185,0.0774 | ba = -0.0619,-0.0057,0.0250
camera-imu timeoffset = -0.00008
cam0 intrinsics = 459.454,457.949,367.020,248.619 | -0.277,0.063,0.002,0.002
cam1 intrinsics = 456.985,455.674,380.107,255.218 | -0.287,0.079,0.002,0.003
cam0 extrinsics = -0.008,0.010,0.701,0.713 | 0.057,-0.016,-0.000
cam1 extrinsics = -0.003,0.016,0.702,0.712 | -0.037,-0.024,-0.023
q_GtoI = -0.816,-0.029,-0.578,0.014 | p_IinG = 0.296,0.075,0.434 | dist = 0.49 (meters)
bg = -0.0060,0.0187,0.0775 | ba = -0.0625,-0.0058,0.0250
camera-imu timeoffset = -0.00006
cam0 intrinsics = 459.422,457.956,367.016,248.581 | -0.277,0.063,0.002,0.002
cam1 intrinsics = 457.003,455.680,380.118,255.253 | -0.287,0.078,0.002,0.003
cam0 extrinsics = -0.008,0.010,0.701,0.713 | 0.056,-0.016,0.000
cam1 extrinsics = -0.003,0.016,0.702,0.712 | -0.037,-0.024,-0.023
q_GtoI = -0.816,-0.032,-0.578,0.015 | p_IinG = 0.306,0.080,0.441 | dist = 0.50 (meters)
bg = -0.0062,0.0190,0.0776 | ba = -0.0649,-0.0060,0.0254
camera-imu timeoffset = -0.00034
cam0 intrinsics = 459.368,457.975,366.994,248.530 | -0.277,0.063,0.001,0.003
cam1 intrinsics = 457.015,455.665,380.126,255.281 | -0.287,0.078,0.002,0.003
cam0 extrinsics = -0.008,0.010,0.701,0.713 | 0.056,-0.016,0.001
cam1 extrinsics = -0.003,0.016,0.702,0.712 | -0.036,-0.024,-0.024
q_GtoI = -0.816,-0.035,-0.577,0.017 | p_IinG = 0.317,0.085,0.446 | dist = 0.51 (meters)
bg = -0.0062,0.0191,0.0777 | ba = -0.0664,-0.0060,0.0256
camera-imu timeoffset = -0.00021
cam0 intrinsics = 459.335,457.974,367.005,248.492 | -0.277,0.063,0.001,0.002
cam1 intrinsics = 457.027,455.676,380.123,255.314 | -0.287,0.078,0.001,0.003
cam0 extrinsics = -0.008,0.010,0.701,0.713 | 0.055,-0.016,0.001
cam1 extrinsics = -0.003,0.016,0.702,0.712 | -0.036,-0.024,-0.024
q_GtoI = -0.816,-0.037,-0.577,0.019 | p_IinG = 0.326,0.091,0.450 | dist = 0.52 (meters)
bg = -0.0061,0.0193,0.0777 | ba = -0.0677,-0.0060,0.0258
camera-imu timeoffset = -0.00019
cam0 intrinsics = 459.297,457.975,367.023,248.449 | -0.277,0.064,0.001,0.002
cam1 intrinsics = 457.040,455.687,380.114,255.347 | -0.287,0.078,0.001,0.003
cam0 extrinsics = -0.008,0.010,0.701,0.713 | 0.055,-0.016,0.001
cam1 extrinsics = -0.003,0.016,0.702,0.712 | -0.036,-0.024,-0.024
q_GtoI = -0.816,-0.039,-0.577,0.020 | p_IinG = 0.336,0.097,0.453 | dist = 0.53 (meters)
bg = -0.0061,0.0196,0.0778 | ba = -0.0683,-0.0058,0.0259
camera-imu timeoffset = -0.00017
cam0 intrinsics = 459.274,457.974,367.045,248.408 | -0.276,0.064,0.001,0.002
cam1 intrinsics = 457.048,455.700,380.098,255.380 | -0.287,0.078,0.001,0.003
cam0 extrinsics = -0.008,0.010,0.701,0.713 | 0.055,-0.016,0.001
cam1 extrinsics = -0.003,0.016,0.702,0.712 | -0.036,-0.024,-0.025
q_GtoI = -0.816,-0.041,-0.576,0.021 | p_IinG = 0.346,0.103,0.456 | dist = 0.54 (meters)
bg = -0.0060,0.0197,0.0779 | ba = -0.0693,-0.0058,0.0260
camera-imu timeoffset = -0.00014
cam0 intrinsics = 459.250,457.976,367.067,248.371 | -0.276,0.064,0.001,0.002
cam1 intrinsics = 457.052,455.711,380.080,255.409 | -0.286,0.078,0.001,0.003
cam0 extrinsics = -0.008,0.010,0.701,0.713 | 0.054,-0.016,0.001
cam1 extrinsics = -0.003,0.016,0.702,0.712 | -0.036,-0.024,-0.025
q_GtoI = -0.816,-0.043,-0.576,0.021 | p_IinG = 0.355,0.109,0.457 | dist = 0.56 (meters)
bg = -0.0059,0.0199,0.0779 | ba = -0.0703,-0.0055,0.0261
camera-imu timeoffset = -0.00014
cam0 intrinsics = 459.228,457.979,367.087,248.333 | -0.276,0.064,0.001,0.002
cam1 intrinsics = 457.053,455.720,380.060,255.438 | -0.286,0.078,0.001,0.003
cam0 extrinsics = -0.008,0.010,0.701,0.713 | 0.054,-0.016,0.001
cam1 extrinsics = -0.003,0.016,0.702,0.712 | -0.036,-0.024,-0.025
q_GtoI = -0.816,-0.046,-0.576,0.018 | p_IinG = 0.364,0.116,0.457 | dist = 0.57 (meters)
bg = -0.0059,0.0201,0.0780 | ba = -0.0705,-0.0052,0.0259
camera-imu timeoffset = -0.00023
cam0 intrinsics = 459.211,457.981,367.105,248.298 | -0.276,0.064,0.000,0.002
cam1 intrinsics = 457.047,455.732,380.046,255.471 | -0.286,0.078,0.001,0.003
cam0 extrinsics = -0.008,0.010,0.701,0.713 | 0.054,-0.015,0.001
cam1 extrinsics = -0.003,0.016,0.702,0.712 | -0.036,-0.023,-0.026
q_GtoI = -0.816,-0.050,-0.576,0.015 | p_IinG = 0.373,0.124,0.455 | dist = 0.58 (meters)
bg = -0.0058,0.0203,0.0779 | ba = -0.0714,-0.0051,0.0261
camera-imu timeoffset = -0.00023
cam0 intrinsics = 459.191,457.994,367.115,248.263 | -0.276,0.065,0.001,0.002
cam1 intrinsics = 457.046,455.737,380.035,255.496 | -0.286,0.078,0.001,0.003
cam0 extrinsics = -0.008,0.010,0.701,0.713 | 0.054,-0.015,0.002
cam1 extrinsics = -0.003,0.016,0.702,0.712 | -0.036,-0.023,-0.026
q_GtoI = -0.816,-0.053,-0.576,0.011 | p_IinG = 0.382,0.132,0.452 | dist = 0.59 (meters)
bg = -0.0058,0.0205,0.0779 | ba = -0.0717,-0.0047,0.0261
camera-imu timeoffset = -0.00011
cam0 intrinsics = 459.178,458.002,367.128,248.231 | -0.275,0.065,0.001,0.002
cam1 intrinsics = 457.040,455.740,380.028,255.524 | -0.285,0.078,0.001,0.003
cam0 extrinsics = -0.008,0.010,0.701,0.713 | 0.054,-0.015,0.002
cam1 extrinsics = -0.003,0.016,0.702,0.712 | -0.036,-0.023,-0.026
q_GtoI = -0.815,-0.056,-0.576,0.008 | p_IinG = 0.391,0.141,0.445 | dist = 0.60 (meters)
bg = -0.0056,0.0203,0.0778 | ba = -0.0703,-0.0044,0.0252
camera-imu timeoffset = -0.00010
cam0 intrinsics = 459.129,458.008,366.858,248.129 | -0.275,0.065,0.001,0.002
cam1 intrinsics = 457.096,455.738,380.207,255.605 | -0.285,0.078,0.001,0.003
cam0 extrinsics = -0.008,0.010,0.701,0.713 | 0.055,-0.015,0.000
cam1 extrinsics = -0.004,0.016,0.702,0.712 | -0.037,-0.023,-0.025
q_GtoI = -0.815,-0.060,-0.576,0.006 | p_IinG = 0.396,0.145,0.441 | dist = 0.62 (meters)
bg = -0.0065,0.0203,0.0779 | ba = -0.0720,-0.0040,0.0263
camera-imu timeoffset = -0.00005
cam0 intrinsics = 459.211,458.129,366.723,247.590 | -0.278,0.067,0.002,0.003
cam1 intrinsics = 457.083,455.739,380.543,256.347 | -0.280,0.070,0.001,0.003
cam0 extrinsics = -0.007,0.010,0.701,0.713 | 0.055,-0.016,-0.001
cam1 extrinsics = -0.005,0.016,0.702,0.712 | -0.037,-0.021,-0.024
q_GtoI = -0.816,-0.060,-0.574,0.006 | p_IinG = 0.405,0.156,0.434 | dist = 0.63 (meters)
bg = -0.0064,0.0205,0.0778 | ba = -0.0723,-0.0038,0.0265
camera-imu timeoffset = -0.00007
cam0 intrinsics = 459.178,458.135,366.678,247.544 | -0.278,0.068,0.001,0.003
cam1 intrinsics = 457.066,455.736,380.501,256.357 | -0.280,0.070,0.001,0.003
cam0 extrinsics = -0.007,0.010,0.701,0.713 | 0.054,-0.016,-0.001
cam1 extrinsics = -0.005,0.016,0.702,0.712 | -0.037,-0.021,-0.024
q_GtoI = -0.818,-0.060,-0.572,0.006 | p_IinG = 0.414,0.168,0.426 | dist = 0.65 (meters)
bg = -0.0063,0.0206,0.0778 | ba = -0.0725,-0.0035,0.0266
camera-imu timeoffset = -0.00003
cam0 intrinsics = 459.160,458.139,366.631,247.511 | -0.278,0.068,0.001,0.003
cam1 intrinsics = 457.059,455.730,380.476,256.362 | -0.280,0.070,0.001,0.003
cam0 extrinsics = -0.007,0.010,0.701,0.713 | 0.054,-0.016,-0.001
cam1 extrinsics = -0.005,0.016,0.702,0.712 | -0.037,-0.021,-0.025
q_GtoI = -0.821,-0.060,-0.568,0.009 | p_IinG = 0.423,0.182,0.418 | dist = 0.67 (meters)
bg = -0.0062,0.0208,0.0777 | ba = -0.0726,-0.0035,0.0271
camera-imu timeoffset = 0.00005
cam0 intrinsics = 459.144,458.154,366.584,247.491 | -0.278,0.068,0.001,0.003
cam1 intrinsics = 457.044,455.737,380.447,256.370 | -0.279,0.069,0.001,0.003
cam0 extrinsics = -0.007,0.010,0.701,0.713 | 0.054,-0.015,-0.001
cam1 extrinsics = -0.005,0.016,0.702,0.712 | -0.037,-0.021,-0.025
q_GtoI = -0.824,-0.059,-0.563,0.014 | p_IinG = 0.432,0.198,0.410 | dist = 0.69 (meters)
bg = -0.0060,0.0209,0.0778 | ba = -0.0729,-0.0037,0.0272
camera-imu timeoffset = 0.00001
cam0 intrinsics = 459.139,458.153,366.542,247.472 | -0.278,0.068,0.001,0.003
cam1 intrinsics = 457.033,455.734,380.426,256.368 | -0.279,0.069,0.000,0.003
cam0 extrinsics = -0.007,0.010,0.701,0.713 | 0.054,-0.015,-0.001
cam1 extrinsics = -0.005,0.016,0.702,0.712 | -0.037,-0.021,-0.025
q_GtoI = -0.827,-0.060,-0.559,0.020 | p_IinG = 0.442,0.216,0.405 | dist = 0.71 (meters)
bg = -0.0059,0.0211,0.0779 | ba = -0.0730,-0.0040,0.0277
camera-imu timeoffset = -0.00004
cam0 intrinsics = 459.133,458.163,366.524,247.452 | -0.278,0.068,0.001,0.003
cam1 intrinsics = 457.018,455.755,380.417,256.363 | -0.278,0.069,0.000,0.003
cam0 extrinsics = -0.007,0.010,0.701,0.713 | 0.055,-0.015,-0.001
cam1 extrinsics = -0.005,0.016,0.702,0.712 | -0.037,-0.021,-0.024
q_GtoI = -0.829,-0.063,-0.555,0.024 | p_IinG = 0.452,0.235,0.402 | dist = 0.73 (meters)
bg = -0.0059,0.0211,0.0780 | ba = -0.0733,-0.0048,0.0281
camera-imu timeoffset = -0.00003
cam0 intrinsics = 459.138,458.156,366.538,247.463 | -0.277,0.068,0.001,0.003
cam1 intrinsics = 457.070,455.806,380.425,256.356 | -0.278,0.069,0.000,0.003
cam0 extrinsics = -0.007,0.010,0.701,0.713 | 0.055,-0.016,-0.002
cam1 extrinsics = -0.005,0.016,0.702,0.712 | -0.037,-0.021,-0.024
q_GtoI = -0.830,-0.065,-0.553,0.028 | p_IinG = 0.464,0.254,0.403 | dist = 0.75 (meters)
bg = -0.0058,0.0212,0.0781 | ba = -0.0737,-0.0055,0.0288
camera-imu timeoffset = 0.00005
cam0 intrinsics = 459.133,458.180,366.506,247.472 | -0.277,0.068,0.000,0.003
cam1 intrinsics = 457.077,455.838,380.421,256.347 | -0.278,0.069,-0.000,0.003
cam0 extrinsics = -0.007,0.010,0.701,0.713 | 0.055,-0.016,-0.001
cam1 extrinsics = -0.005,0.016,0.702,0.712 | -0.037,-0.021,-0.024
q_GtoI = -0.831,-0.068,-0.552,0.031 | p_IinG = 0.478,0.274,0.406 | dist = 0.77 (meters)
bg = -0.0058,0.0213,0.0781 | ba = -0.0738,-0.0062,0.0294
camera-imu timeoffset = 0.00011
cam0 intrinsics = 459.126,458.206,366.493,247.484 | -0.276,0.068,0.000,0.003
cam1 intrinsics = 457.081,455.873,380.419,256.335 | -0.277,0.069,-0.000,0.003
cam0 extrinsics = -0.007,0.010,0.701,0.713 | 0.056,-0.015,-0.001
cam1 extrinsics = -0.005,0.016,0.702,0.712 | -0.037,-0.021,-0.024
q_GtoI = -0.830,-0.070,-0.552,0.034 | p_IinG = 0.493,0.295,0.411 | dist = 0.80 (meters)
bg = -0.0058,0.0214,0.0782 | ba = -0.0731,-0.0067,0.0299
camera-imu timeoffset = 0.00004
cam0 intrinsics = 459.134,458.224,366.494,247.496 | -0.276,0.067,0.000,0.003
cam1 intrinsics = 457.091,455.908,380.406,256.329 | -0.277,0.069,-0.000,0.003
cam0 extrinsics = -0.007,0.010,0.701,0.713 | 0.056,-0.015,-0.001
cam1 extrinsics = -0.005,0.016,0.702,0.712 | -0.037,-0.021,-0.024
q_GtoI = -0.830,-0.073,-0.552,0.036 | p_IinG = 0.509,0.317,0.417 | dist = 0.82 (meters)
bg = -0.0058,0.0215,0.0783 | ba = -0.0727,-0.0074,0.0304
camera-imu timeoffset = 0.00010
cam0 intrinsics = 459.133,458.233,366.486,247.505 | -0.276,0.067,-0.000,0.003
cam1 intrinsics = 457.111,455.943,380.420,256.330 | -0.277,0.068,-0.001,0.003
cam0 extrinsics = -0.007,0.010,0.701,0.713 | 0.056,-0.015,-0.002
cam1 extrinsics = -0.005,0.016,0.702,0.712 | -0.038,-0.021,-0.024
q_GtoI = -0.828,-0.077,-0.553,0.038 | p_IinG = 0.527,0.340,0.425 | dist = 0.85 (meters)
bg = -0.0059,0.0215,0.0784 | ba = -0.0715,-0.0075,0.0306
camera-imu timeoffset = 0.00010
cam0 intrinsics = 459.149,458.225,366.486,247.523 | -0.276,0.067,-0.000,0.003
cam1 intrinsics = 457.150,455.971,380.449,256.339 | -0.277,0.068,-0.001,0.003
cam0 extrinsics = -0.007,0.010,0.701,0.713 | 0.057,-0.015,-0.002
cam1 extrinsics = -0.005,0.016,0.702,0.712 | -0.038,-0.021,-0.025
q_GtoI = -0.827,-0.082,-0.555,0.041 | p_IinG = 0.546,0.364,0.433 | dist = 0.88 (meters)
bg = -0.0060,0.0215,0.0786 | ba = -0.0702,-0.0075,0.0307
camera-imu timeoffset = 0.00006
cam0 intrinsics = 459.163,458.216,366.492,247.539 | -0.275,0.067,-0.001,0.003
cam1 intrinsics = 457.172,455.990,380.459,256.328 | -0.276,0.068,-0.001,0.003
cam0 extrinsics = -0.007,0.010,0.701,0.713 | 0.057,-0.015,-0.002
cam1 extrinsics = -0.005,0.016,0.702,0.712 | -0.038,-0.021,-0.025
q_GtoI = -0.825,-0.087,-0.557,0.043 | p_IinG = 0.565,0.388,0.441 | dist = 0.91 (meters)
bg = -0.0060,0.0214,0.0787 | ba = -0.0688,-0.0076,0.0305
camera-imu timeoffset = 0.00008
cam0 intrinsics = 459.182,458.202,366.495,247.553 | -0.275,0.067,-0.001,0.003
cam1 intrinsics = 457.192,456.003,380.464,256.315 | -0.276,0.068,-0.001,0.003
cam0 extrinsics = -0.007,0.010,0.701,0.713 | 0.057,-0.015,-0.002
cam1 extrinsics = -0.005,0.016,0.702,0.712 | -0.038,-0.021,-0.025
q_GtoI = -0.823,-0.091,-0.559,0.045 | p_IinG = 0.585,0.414,0.447 | dist = 0.94 (meters)
bg = -0.0061,0.0213,0.0788 | ba = -0.0674,-0.0076,0.0301
camera-imu timeoffset = 0.00012
cam0 intrinsics = 459.208,458.186,366.488,247.569 | -0.275,0.067,-0.001,0.003
cam1 intrinsics = 457.217,456.010,380.482,256.302 | -0.276,0.068,-0.001,0.003
cam0 extrinsics = -0.007,0.010,0.701,0.713 | 0.057,-0.015,-0.003
cam1 extrinsics = -0.005,0.016,0.702,0.712 | -0.038,-0.021,-0.025
q_GtoI = -0.820,-0.095,-0.563,0.048 | p_IinG = 0.603,0.440,0.452 | dist = 0.97 (meters)
bg = -0.0061,0.0213,0.0789 | ba = -0.0662,-0.0071,0.0299
camera-imu timeoffset = 0.00011
cam0 intrinsics = 459.212,458.167,366.474,247.577 | -0.275,0.067,-0.001,0.003
cam1 intrinsics = 457.236,456.019,380.499,256.316 | -0.276,0.068,-0.002,0.003
cam0 extrinsics = -0.007,0.010,0.702,0.713 | 0.057,-0.015,-0.003
cam1 extrinsics = -0.005,0.015,0.702,0.712 | -0.039,-0.021,-0.025
q_GtoI = -0.819,-0.101,-0.563,0.050 | p_IinG = 0.621,0.465,0.455 | dist = 1.00 (meters)
bg = -0.0061,0.0212,0.0790 | ba = -0.0656,-0.0070,0.0298
camera-imu timeoffset = 0.00016
cam0 intrinsics = 459.211,458.165,366.491,247.584 | -0.275,0.067,-0.001,0.003
cam1 intrinsics = 457.237,456.042,380.501,256.316 | -0.276,0.069,-0.001,0.003
cam0 extrinsics = -0.007,0.010,0.702,0.712 | 0.057,-0.015,-0.003
cam1 extrinsics = -0.005,0.015,0.702,0.712 | -0.039,-0.021,-0.025
q_GtoI = -0.816,-0.108,-0.565,0.054 | p_IinG = 0.638,0.491,0.456 | dist = 1.03 (meters)
bg = -0.0061,0.0212,0.0791 | ba = -0.0649,-0.0067,0.0296
camera-imu timeoffset = 0.00021
cam0 intrinsics = 459.215,458.160,366.518,247.602 | -0.276,0.068,-0.001,0.002
cam1 intrinsics = 457.237,456.060,380.502,256.314 | -0.277,0.069,-0.001,0.003
cam0 extrinsics = -0.007,0.010,0.702,0.712 | 0.057,-0.014,-0.003
cam1 extrinsics = -0.005,0.015,0.702,0.712 | -0.039,-0.020,-0.025
q_GtoI = -0.814,-0.116,-0.566,0.058 | p_IinG = 0.656,0.518,0.455 | dist = 1.06 (meters)
bg = -0.0060,0.0211,0.0792 | ba = -0.0640,-0.0067,0.0294
camera-imu timeoffset = 0.00022
cam0 intrinsics = 459.239,458.145,366.568,247.606 | -0.276,0.068,-0.001,0.002
cam1 intrinsics = 457.206,456.061,380.477,256.305 | -0.277,0.069,-0.001,0.003
cam0 extrinsics = -0.007,0.010,0.702,0.712 | 0.057,-0.014,-0.003
cam1 extrinsics = -0.005,0.015,0.702,0.712 | -0.039,-0.020,-0.025
q_GtoI = -0.812,-0.125,-0.566,0.063 | p_IinG = 0.673,0.545,0.452 | dist = 1.09 (meters)
bg = -0.0059,0.0209,0.0793 | ba = -0.0632,-0.0062,0.0293
camera-imu timeoffset = 0.00015
cam0 intrinsics = 459.191,458.107,366.621,247.694 | -0.276,0.068,-0.001,0.002
cam1 intrinsics = 457.242,456.102,380.421,256.221 | -0.277,0.069,-0.001,0.003
cam0 extrinsics = -0.007,0.010,0.702,0.712 | 0.058,-0.014,-0.004
cam1 extrinsics = -0.005,0.015,0.702,0.712 | -0.039,-0.019,-0.024
q_GtoI = -0.811,-0.135,-0.565,0.070 | p_IinG = 0.692,0.574,0.448 | dist = 1.12 (meters)
bg = -0.0057,0.0208,0.0793 | ba = -0.0636,-0.0054,0.0294
camera-imu timeoffset = 0.00015
cam0 intrinsics = 459.185,458.094,366.709,247.748 | -0.277,0.068,-0.001,0.002
cam1 intrinsics = 457.234,456.109,380.450,256.224 | -0.277,0.069,-0.001,0.003
cam0 extrinsics = -0.007,0.010,0.702,0.712 | 0.058,-0.013,-0.004
cam1 extrinsics = -0.005,0.015,0.702,0.712 | -0.039,-0.019,-0.024
q_GtoI = -0.810,-0.144,-0.563,0.077 | p_IinG = 0.711,0.603,0.442 | dist = 1.16 (meters)
bg = -0.0056,0.0208,0.0791 | ba = -0.0637,-0.0039,0.0293
camera-imu timeoffset = 0.00012
cam0 intrinsics = 459.215,458.096,366.861,247.857 | -0.277,0.068,-0.001,0.002
cam1 intrinsics = 457.254,456.116,380.545,256.259 | -0.277,0.069,-0.001,0.002
cam0 extrinsics = -0.007,0.010,0.702,0.712 | 0.058,-0.013,-0.005
cam1 extrinsics = -0.005,0.015,0.703,0.711 | -0.039,-0.018,-0.023
q_GtoI = -0.809,-0.154,-0.561,0.084 | p_IinG = 0.731,0.634,0.436 | dist = 1.19 (meters)
bg = -0.0054,0.0207,0.0790 | ba = -0.0636,-0.0024,0.0286
camera-imu timeoffset = 0.00009
cam0 intrinsics = 459.235,458.076,366.937,247.955 | -0.277,0.068,-0.000,0.001
cam1 intrinsics = 457.277,456.114,380.565,256.224 | -0.277,0.069,-0.001,0.002
cam0 extrinsics = -0.007,0.010,0.702,0.712 | 0.058,-0.012,-0.006
cam1 extrinsics = -0.005,0.015,0.703,0.711 | -0.039,-0.018,-0.023
q_GtoI = -0.807,-0.164,-0.560,0.092 | p_IinG = 0.749,0.665,0.431 | dist = 1.22 (meters)
bg = -0.0052,0.0208,0.0789 | ba = -0.0625,-0.0017,0.0288
camera-imu timeoffset = 0.00008
cam0 intrinsics = 459.246,458.062,366.980,248.001 | -0.277,0.069,-0.000,0.001
cam1 intrinsics = 457.266,456.108,380.551,256.200 | -0.277,0.069,-0.001,0.002
cam0 extrinsics = -0.007,0.010,0.702,0.712 | 0.059,-0.012,-0.006
cam1 extrinsics = -0.004,0.015,0.703,0.711 | -0.039,-0.017,-0.023
q_GtoI = -0.805,-0.172,-0.558,0.101 | p_IinG = 0.767,0.697,0.427 | dist = 1.26 (meters)
bg = -0.0051,0.0209,0.0787 | ba = -0.0616,-0.0005,0.0288
camera-imu timeoffset = 0.00008
cam0 intrinsics = 459.249,458.073,367.047,248.061 | -0.278,0.069,-0.000,0.001
cam1 intrinsics = 457.264,456.115,380.540,256.172 | -0.278,0.069,-0.000,0.001
cam0 extrinsics = -0.007,0.010,0.702,0.712 | 0.059,-0.012,-0.006
cam1 extrinsics = -0.004,0.015,0.703,0.711 | -0.039,-0.017,-0.023
q_GtoI = -0.803,-0.182,-0.557,0.108 | p_IinG = 0.784,0.729,0.425 | dist = 1.29 (meters)
bg = -0.0049,0.0209,0.0786 | ba = -0.0603,-0.0002,0.0287
camera-imu timeoffset = 0.00009
cam0 intrinsics = 459.239,458.078,367.070,248.106 | -0.278,0.070,-0.000,0.001
cam1 intrinsics = 457.253,456.128,380.544,256.141 | -0.278,0.070,-0.000,0.001
cam0 extrinsics = -0.007,0.010,0.702,0.712 | 0.059,-0.012,-0.007
cam1 extrinsics = -0.004,0.015,0.703,0.711 | -0.039,-0.017,-0.022
q_GtoI = -0.801,-0.191,-0.556,0.115 | p_IinG = 0.800,0.761,0.423 | dist = 1.33 (meters)
bg = -0.0048,0.0207,0.0786 | ba = -0.0585,-0.0003,0.0279
camera-imu timeoffset = 0.00006
cam0 intrinsics = 459.225,458.089,367.086,248.122 | -0.279,0.070,0.000,0.000
cam1 intrinsics = 457.250,456.166,380.542,256.127 | -0.278,0.070,-0.000,0.001
cam0 extrinsics = -0.007,0.010,0.702,0.712 | 0.059,-0.012,-0.007
cam1 extrinsics = -0.004,0.015,0.703,0.711 | -0.039,-0.017,-0.022
q_GtoI = -0.799,-0.198,-0.554,0.120 | p_IinG = 0.817,0.793,0.423 | dist = 1.36 (meters)
bg = -0.0047,0.0207,0.0785 | ba = -0.0570,-0.0010,0.0273
camera-imu timeoffset = 0.00007
cam0 intrinsics = 459.208,458.100,367.089,248.138 | -0.279,0.070,0.000,0.000
cam1 intrinsics = 457.236,456.195,380.535,256.110 | -0.278,0.070,-0.000,0.001
cam0 extrinsics = -0.007,0.010,0.702,0.712 | 0.059,-0.012,-0.007
cam1 extrinsics = -0.004,0.015,0.703,0.711 | -0.039,-0.016,-0.022
q_GtoI = -0.797,-0.205,-0.554,0.125 | p_IinG = 0.833,0.825,0.424 | dist = 1.40 (meters)
bg = -0.0046,0.0205,0.0785 | ba = -0.0556,-0.0022,0.0266
camera-imu timeoffset = 0.00007
cam0 intrinsics = 459.194,458.110,367.103,248.155 | -0.279,0.070,0.000,0.000
cam1 intrinsics = 457.210,456.225,380.506,256.077 | -0.279,0.070,0.000,0.001
cam0 extrinsics = -0.008,0.010,0.702,0.712 | 0.060,-0.012,-0.007
cam1 extrinsics = -0.004,0.015,0.703,0.711 | -0.039,-0.016,-0.021
q_GtoI = -0.796,-0.211,-0.553,0.129 | p_IinG = 0.850,0.857,0.427 | dist = 1.43 (meters)
bg = -0.0045,0.0205,0.0785 | ba = -0.0540,-0.0033,0.0262
camera-imu timeoffset = 0.00009
cam0 intrinsics = 459.179,458.125,367.112,248.157 | -0.279,0.070,0.001,0.000
cam1 intrinsics = 457.191,456.257,380.488,256.060 | -0.279,0.070,0.000,0.001
cam0 extrinsics = -0.008,0.010,0.702,0.712 | 0.060,-0.011,-0.007
cam1 extrinsics = -0.004,0.015,0.703,0.711 | -0.039,-0.016,-0.021
q_GtoI = -0.795,-0.215,-0.552,0.132 | p_IinG = 0.866,0.889,0.432 | dist = 1.47 (meters)
bg = -0.0045,0.0203,0.0785 | ba = -0.0523,-0.0046,0.0260
camera-imu timeoffset = 0.00005
cam0 intrinsics = 459.170,458.104,367.099,248.068 | -0.279,0.070,0.001,0.000
cam1 intrinsics = 457.244,456.302,380.516,256.096 | -0.279,0.071,0.000,0.001
cam0 extrinsics = -0.008,0.010,0.702,0.712 | 0.060,-0.011,-0.008
cam1 extrinsics = -0.004,0.015,0.702,0.712 | -0.040,-0.015,-0.021
q_GtoI = -0.794,-0.219,-0.551,0.134 | p_IinG = 0.884,0.925,0.440 | dist = 1.51 (meters)
bg = -0.0045,0.0202,0.0785 | ba = -0.0506,-0.0068,0.0272
camera-imu timeoffset = 0.00000
cam0 intrinsics = 459.192,458.116,367.312,248.087 | -0.278,0.070,0.001,0.000
cam1 intrinsics = 457.203,456.367,380.473,256.045 | -0.278,0.070,0.000,0.001
cam0 extrinsics = -0.008,0.010,0.702,0.712 | 0.061,-0.011,-0.009
cam1 extrinsics = -0.004,0.015,0.702,0.712 | -0.040,-0.015,-0.022
q_GtoI = -0.794,-0.222,-0.550,0.137 | p_IinG = 0.900,0.959,0.450 | dist = 1.55 (meters)
bg = -0.0044,0.0201,0.0785 | ba = -0.0490,-0.0073,0.0278
camera-imu timeoffset = 0.00000
cam0 intrinsics = 459.180,458.117,367.300,248.091 | -0.278,0.070,0.001,0.000
cam1 intrinsics = 457.179,456.373,380.473,256.029 | -0.278,0.070,0.000,0.001
cam0 extrinsics = -0.008,0.009,0.702,0.712 | 0.061,-0.011,-0.010
cam1 extrinsics = -0.004,0.015,0.702,0.712 | -0.040,-0.015,-0.022
q_GtoI = -0.793,-0.224,-0.549,0.138 | p_IinG = 0.916,0.993,0.460 | dist = 1.59 (meters)
bg = -0.0044,0.0201,0.0784 | ba = -0.0470,-0.0068,0.0282
camera-imu timeoffset = -0.00000
cam0 intrinsics = 459.175,458.117,367.293,248.091 | -0.278,0.070,0.001,0.000
cam1 intrinsics = 457.160,456.375,380.472,256.018 | -0.278,0.070,0.000,0.001
cam0 extrinsics = -0.008,0.009,0.702,0.712 | 0.061,-0.011,-0.010
cam1 extrinsics = -0.005,0.015,0.702,0.712 | -0.041,-0.014,-0.022
q_GtoI = -0.793,-0.227,-0.549,0.137 | p_IinG = 0.932,1.027,0.472 | dist = 1.63 (meters)
bg = -0.0044,0.0201,0.0785 | ba = -0.0455,-0.0061,0.0290
camera-imu timeoffset = -0.00001
cam0 intrinsics = 459.171,458.116,367.294,248.086 | -0.278,0.070,0.001,0.000
cam1 intrinsics = 457.142,456.376,380.481,256.007 | -0.277,0.070,0.000,0.001
cam0 extrinsics = -0.008,0.009,0.702,0.712 | 0.060,-0.011,-0.011
cam1 extrinsics = -0.005,0.015,0.702,0.712 | -0.041,-0.014,-0.023
q_GtoI = -0.793,-0.228,-0.548,0.138 | p_IinG = 0.947,1.061,0.485 | dist = 1.67 (meters)
bg = -0.0045,0.0200,0.0785 | ba = -0.0439,-0.0047,0.0300
camera-imu timeoffset = -0.00004
cam0 intrinsics = 459.137,458.066,367.284,248.049 | -0.278,0.070,0.001,0.000
cam1 intrinsics = 457.179,456.415,380.488,256.019 | -0.278,0.071,0.000,0.001
cam0 extrinsics = -0.008,0.009,0.702,0.712 | 0.060,-0.011,-0.012
cam1 extrinsics = -0.005,0.014,0.702,0.712 | -0.043,-0.014,-0.023
q_GtoI = -0.793,-0.229,-0.548,0.138 | p_IinG = 0.962,1.096,0.498 | dist = 1.71 (meters)
bg = -0.0045,0.0199,0.0785 | ba = -0.0430,-0.0037,0.0308
camera-imu timeoffset = -0.00005
cam0 intrinsics = 459.139,458.053,367.304,248.036 | -0.278,0.070,0.001,0.000
cam1 intrinsics = 457.167,456.411,380.507,256.006 | -0.278,0.071,0.000,0.001
cam0 extrinsics = -0.008,0.009,0.702,0.712 | 0.059,-0.011,-0.012
cam1 extrinsics = -0.005,0.014,0.702,0.712 | -0.043,-0.014,-0.023
q_GtoI = -0.793,-0.229,-0.548,0.138 | p_IinG = 0.976,1.130,0.508 | dist = 1.75 (meters)
bg = -0.0045,0.0197,0.0786 | ba = -0.0421,-0.0026,0.0318
camera-imu timeoffset = -0.00005
cam0 intrinsics = 459.143,458.047,367.317,248.022 | -0.278,0.070,0.001,0.000
cam1 intrinsics = 457.158,456.406,380.535,255.988 | -0.278,0.071,0.001,0.001
cam0 extrinsics = -0.008,0.009,0.702,0.712 | 0.059,-0.011,-0.012
cam1 extrinsics = -0.005,0.014,0.703,0.711 | -0.044,-0.014,-0.023
q_GtoI = -0.792,-0.230,-0.548,0.138 | p_IinG = 0.989,1.165,0.517 | dist = 1.78 (meters)
bg = -0.0046,0.0196,0.0784 | ba = -0.0405,-0.0008,0.0329
camera-imu timeoffset = -0.00003
cam0 intrinsics = 459.236,458.184,367.255,247.844 | -0.279,0.071,0.001,0.000
cam1 intrinsics = 457.025,456.281,380.802,256.066 | -0.276,0.069,0.000,0.001
cam0 extrinsics = -0.008,0.009,0.702,0.712 | 0.058,-0.011,-0.012
cam1 extrinsics = -0.005,0.014,0.703,0.711 | -0.045,-0.014,-0.025
q_GtoI = -0.792,-0.230,-0.548,0.138 | p_IinG = 1.003,1.201,0.525 | dist = 1.82 (meters)
bg = -0.0046,0.0195,0.0785 | ba = -0.0403,-0.0004,0.0335
camera-imu timeoffset = -0.00001
cam0 intrinsics = 459.247,458.179,367.278,247.843 | -0.279,0.071,0.001,0.000
cam1 intrinsics = 457.025,456.276,380.832,256.053 | -0.276,0.069,0.001,0.001
cam0 extrinsics = -0.008,0.009,0.702,0.712 | 0.057,-0.011,-0.012
cam1 extrinsics = -0.005,0.014,0.703,0.711 | -0.046,-0.014,-0.025
q_GtoI = -0.792,-0.231,-0.549,0.137 | p_IinG = 1.017,1.237,0.532 | dist = 1.86 (meters)
bg = -0.0047,0.0193,0.0785 | ba = -0.0401,-0.0000,0.0341
camera-imu timeoffset = -0.00000
cam0 intrinsics = 459.254,458.174,367.293,247.844 | -0.279,0.071,0.001,0.001
cam1 intrinsics = 457.028,456.275,380.859,256.039 | -0.276,0.069,0.001,0.001
cam0 extrinsics = -0.008,0.009,0.702,0.712 | 0.057,-0.010,-0.012
cam1 extrinsics = -0.005,0.014,0.703,0.711 | -0.046,-0.014,-0.025
q_GtoI = -0.792,-0.231,-0.549,0.136 | p_IinG = 1.031,1.273,0.537 | dist = 1.90 (meters)
bg = -0.0048,0.0192,0.0785 | ba = -0.0397,0.0007,0.0348
camera-imu timeoffset = -0.00001
cam0 intrinsics = 459.276,458.172,367.293,247.853 | -0.279,0.071,0.001,0.001
cam1 intrinsics = 457.032,456.261,380.881,256.015 | -0.276,0.069,0.001,0.001
cam0 extrinsics = -0.008,0.009,0.702,0.712 | 0.057,-0.010,-0.012
cam1 extrinsics = -0.005,0.014,0.703,0.711 | -0.047,-0.013,-0.025
q_GtoI = -0.791,-0.231,-0.550,0.134 | p_IinG = 1.046,1.310,0.543 | dist = 1.94 (meters)
bg = -0.0047,0.0191,0.0783 | ba = -0.0398,0.0022,0.0372
camera-imu timeoffset = 0.00006
cam0 intrinsics = 459.357,458.171,367.303,247.947 | -0.279,0.071,0.001,0.000
cam1 intrinsics = 457.031,456.181,380.896,255.908 | -0.276,0.069,0.001,0.001
cam0 extrinsics = -0.008,0.009,0.702,0.712 | 0.057,-0.010,-0.013
cam1 extrinsics = -0.005,0.014,0.703,0.711 | -0.048,-0.013,-0.025
q_GtoI = -0.791,-0.232,-0.550,0.132 | p_IinG = 1.061,1.350,0.544 | dist = 1.99 (meters)
bg = -0.0048,0.0190,0.0784 | ba = -0.0398,0.0023,0.0371
camera-imu timeoffset = 0.00005
cam0 intrinsics = 459.385,458.173,367.348,247.955 | -0.279,0.071,0.001,0.001
cam1 intrinsics = 457.039,456.185,380.911,255.893 | -0.276,0.070,0.001,0.001
cam0 extrinsics = -0.008,0.009,0.702,0.712 | 0.057,-0.010,-0.013
cam1 extrinsics = -0.005,0.014,0.703,0.711 | -0.048,-0.013,-0.025
q_GtoI = -0.792,-0.232,-0.550,0.131 | p_IinG = 1.075,1.390,0.544 | dist = 2.03 (meters)
bg = -0.0049,0.0190,0.0784 | ba = -0.0394,0.0025,0.0371
camera-imu timeoffset = 0.00007
cam0 intrinsics = 459.395,458.174,367.371,247.959 | -0.279,0.072,0.001,0.001
cam1 intrinsics = 457.059,456.200,380.930,255.883 | -0.277,0.070,0.001,0.001
cam0 extrinsics = -0.008,0.009,0.702,0.712 | 0.057,-0.010,-0.013
cam1 extrinsics = -0.005,0.014,0.703,0.711 | -0.048,-0.013,-0.026
q_GtoI = -0.792,-0.233,-0.550,0.129 | p_IinG = 1.090,1.431,0.542 | dist = 2.07 (meters)
bg = -0.0051,0.0191,0.0783 | ba = -0.0390,0.0028,0.0372
camera-imu timeoffset = 0.00006
cam0 intrinsics = 459.403,458.176,367.393,247.960 | -0.280,0.072,0.001,0.001
cam1 intrinsics = 457.080,456.218,380.949,255.870 | -0.277,0.070,0.001,0.001
cam0 extrinsics = -0.008,0.009,0.702,0.712 | 0.057,-0.010,-0.013
cam1 extrinsics = -0.005,0.014,0.703,0.711 | -0.048,-0.013,-0.026
q_GtoI = -0.792,-0.232,-0.550,0.129 | p_IinG = 1.105,1.473,0.540 | dist = 2.11 (meters)
bg = -0.0051,0.0193,0.0781 | ba = -0.0391,0.0037,0.0389
camera-imu timeoffset = 0.00001
cam0 intrinsics = 459.469,458.175,367.470,248.047 | -0.280,0.072,0.002,0.001
cam1 intrinsics = 457.141,456.201,380.750,255.806 | -0.277,0.070,0.001,0.001
cam0 extrinsics = -0.008,0.009,0.702,0.712 | 0.057,-0.010,-0.014
cam1 extrinsics = -0.005,0.014,0.703,0.711 | -0.049,-0.013,-0.025
q_GtoI = -0.792,-0.232,-0.550,0.129 | p_IinG = 1.119,1.518,0.537 | dist = 2.16 (meters)
bg = -0.0052,0.0193,0.0782 | ba = -0.0388,0.0042,0.0386
camera-imu timeoffset = 0.00001
cam0 intrinsics = 459.491,458.174,367.506,248.037 | -0.280,0.072,0.002,0.001
cam1 intrinsics = 457.166,456.207,380.779,255.789 | -0.277,0.070,0.001,0.001
cam0 extrinsics = -0.008,0.009,0.702,0.712 | 0.057,-0.010,-0.014
cam1 extrinsics = -0.005,0.014,0.703,0.711 | -0.049,-0.013,-0.026
q_GtoI = -0.793,-0.231,-0.548,0.131 | p_IinG = 1.134,1.563,0.532 | dist = 2.20 (meters)
bg = -0.0052,0.0192,0.0782 | ba = -0.0379,0.0041,0.0388
camera-imu timeoffset = 0.00001
cam0 intrinsics = 459.488,458.159,367.527,248.032 | -0.280,0.072,0.002,0.001
cam1 intrinsics = 457.208,456.236,380.830,255.783 | -0.277,0.070,0.001,0.001
cam0 extrinsics = -0.008,0.009,0.702,0.712 | 0.058,-0.010,-0.014
cam1 extrinsics = -0.005,0.014,0.703,0.711 | -0.049,-0.012,-0.026
q_GtoI = -0.794,-0.231,-0.547,0.134 | p_IinG = 1.150,1.612,0.529 | dist = 2.25 (meters)
bg = -0.0052,0.0192,0.0782 | ba = -0.0380,0.0039,0.0395
camera-imu timeoffset = -0.00000
cam0 intrinsics = 459.516,458.161,367.596,248.038 | -0.280,0.072,0.002,0.001
cam1 intrinsics = 457.247,456.255,380.869,255.770 | -0.277,0.070,0.001,0.001
cam0 extrinsics = -0.008,0.009,0.702,0.712 | 0.058,-0.010,-0.015
cam1 extrinsics = -0.005,0.014,0.703,0.711 | -0.049,-0.012,-0.026
q_GtoI = -0.793,-0.232,-0.546,0.137 | p_IinG = 1.167,1.663,0.527 | dist = 2.29 (meters)
bg = -0.0053,0.0192,0.0781 | ba = -0.0374,0.0043,0.0402
camera-imu timeoffset = -0.00004
cam0 intrinsics = 459.541,458.180,367.666,248.061 | -0.279,0.071,0.002,0.001
cam1 intrinsics = 457.274,456.281,380.940,255.773 | -0.277,0.070,0.001,0.001
cam0 extrinsics = -0.009,0.008,0.702,0.712 | 0.059,-0.010,-0.015
cam1 extrinsics = -0.005,0.014,0.703,0.711 | -0.048,-0.012,-0.026
q_GtoI = -0.792,-0.234,-0.546,0.142 | p_IinG = 1.184,1.714,0.528 | dist = 2.34 (meters)
bg = -0.0053,0.0192,0.0780 | ba = -0.0366,0.0050,0.0412
camera-imu timeoffset = -0.00004
cam0 intrinsics = 459.573,458.203,367.746,248.093 | -0.279,0.071,0.002,0.001
cam1 intrinsics = 457.300,456.299,381.063,255.782 | -0.277,0.069,0.001,0.001
cam0 extrinsics = -0.009,0.008,0.702,0.712 | 0.059,-0.010,-0.015
cam1 extrinsics = -0.005,0.014,0.703,0.711 | -0.048,-0.012,-0.026
q_GtoI = -0.790,-0.236,-0.546,0.147 | p_IinG = 1.200,1.767,0.530 | dist = 2.39 (meters)
bg = -0.0053,0.0190,0.0780 | ba = -0.0359,0.0052,0.0416
camera-imu timeoffset = -0.00004
cam0 intrinsics = 459.628,458.214,367.850,248.109 | -0.279,0.071,0.002,0.001
cam1 intrinsics = 457.369,456.326,381.150,255.788 | -0.276,0.069,0.002,0.001
cam0 extrinsics = -0.009,0.008,0.702,0.712 | 0.060,-0.010,-0.015
cam1 extrinsics = -0.005,0.014,0.703,0.711 | -0.048,-0.012,-0.026
q_GtoI = -0.787,-0.239,-0.547,0.153 | p_IinG = 1.216,1.818,0.535 | dist = 2.44 (meters)
bg = -0.0054,0.0189,0.0779 | ba = -0.0345,0.0052,0.0426
camera-imu timeoffset = -0.00003
cam0 intrinsics = 459.662,458.223,367.899,248.119 | -0.279,0.071,0.002,0.001
cam1 intrinsics = 457.409,456.340,381.207,255.782 | -0.277,0.069,0.002,0.001
cam0 extrinsics = -0.009,0.008,0.702,0.712 | 0.061,-0.010,-0.015
cam1 extrinsics = -0.005,0.014,0.703,0.711 | -0.047,-0.012,-0.026
q_GtoI = -0.784,-0.244,-0.548,0.158 | p_IinG = 1.233,1.871,0.544 | dist = 2.49 (meters)
bg = -0.0053,0.0189,0.0778 | ba = -0.0347,0.0070,0.0450
camera-imu timeoffset = -0.00003
cam0 intrinsics = 459.706,458.280,368.013,248.196 | -0.279,0.071,0.002,0.001
cam1 intrinsics = 457.422,456.375,381.276,255.764 | -0.276,0.069,0.002,0.001
cam0 extrinsics = -0.009,0.008,0.702,0.712 | 0.062,-0.010,-0.015
cam1 extrinsics = -0.005,0.013,0.703,0.711 | -0.047,-0.011,-0.026
q_GtoI = -0.782,-0.249,-0.547,0.164 | p_IinG = 1.247,1.921,0.552 | dist = 2.54 (meters)
bg = -0.0053,0.0188,0.0778 | ba = -0.0341,0.0080,0.0467
camera-imu timeoffset = -0.00006
cam0 intrinsics = 459.722,458.295,368.059,248.175 | -0.279,0.071,0.002,0.001
cam1 intrinsics = 457.440,456.392,381.332,255.717 | -0.276,0.069,0.002,0.001
cam0 extrinsics = -0.009,0.008,0.702,0.712 | 0.063,-0.010,-0.015
cam1 extrinsics = -0.005,0.013,0.703,0.711 | -0.047,-0.011,-0.026
q_GtoI = -0.782,-0.256,-0.544,0.168 | p_IinG = 1.260,1.968,0.561 | dist = 2.59 (meters)
bg = -0.0053,0.0187,0.0778 | ba = -0.0339,0.0092,0.0488
camera-imu timeoffset = -0.00005
cam0 intrinsics = 459.760,458.312,368.143,248.099 | -0.279,0.071,0.002,0.001
cam1 intrinsics = 457.478,456.410,381.420,255.623 | -0.276,0.069,0.002,0.001
cam0 extrinsics = -0.009,0.008,0.702,0.712 | 0.063,-0.010,-0.015
cam1 extrinsics = -0.005,0.013,0.703,0.711 | -0.046,-0.011,-0.026
q_GtoI = -0.782,-0.261,-0.540,0.171 | p_IinG = 1.273,2.015,0.572 | dist = 2.64 (meters)
bg = -0.0053,0.0186,0.0778 | ba = -0.0339,0.0101,0.0512
camera-imu timeoffset = -0.00011
cam0 intrinsics = 459.792,458.333,368.196,248.065 | -0.279,0.071,0.002,0.001
cam1 intrinsics = 457.506,456.427,381.511,255.543 | -0.276,0.069,0.002,0.001
cam0 extrinsics = -0.009,0.008,0.702,0.712 | 0.064,-0.010,-0.015
cam1 extrinsics = -0.005,0.013,0.703,0.711 | -0.045,-0.011,-0.025
q_GtoI = -0.782,-0.266,-0.536,0.174 | p_IinG = 1.284,2.059,0.582 | dist = 2.69 (meters)
bg = -0.0052,0.0185,0.0777 | ba = -0.0351,0.0100,0.0556
camera-imu timeoffset = -0.00005
cam0 intrinsics = 459.792,458.338,368.246,248.146 | -0.279,0.071,0.002,0.001
cam1 intrinsics = 457.521,456.434,381.541,255.477 | -0.276,0.069,0.002,0.001
cam0 extrinsics = -0.009,0.008,0.703,0.712 | 0.064,-0.010,-0.014
cam1 extrinsics = -0.005,0.013,0.703,0.711 | -0.045,-0.011,-0.024
q_GtoI = -0.782,-0.270,-0.534,0.176 | p_IinG = 1.297,2.106,0.593 | dist = 2.74 (meters)
bg = -0.0052,0.0185,0.0777 | ba = -0.0355,0.0107,0.0578
camera-imu timeoffset = -0.00007
cam0 intrinsics = 459.797,458.344,368.276,248.169 | -0.279,0.071,0.002,0.001
cam1 intrinsics = 457.545,456.457,381.586,255.471 | -0.276,0.069,0.002,0.001
cam0 extrinsics = -0.009,0.008,0.703,0.712 | 0.065,-0.010,-0.014
cam1 extrinsics = -0.005,0.013,0.703,0.711 | -0.045,-0.012,-0.024
q_GtoI = -0.781,-0.274,-0.532,0.177 | p_IinG = 1.310,2.152,0.603 | dist = 2.79 (meters)
bg = -0.0052,0.0185,0.0778 | ba = -0.0362,0.0118,0.0602
camera-imu timeoffset = -0.00005
cam0 intrinsics = 459.810,458.359,368.316,248.181 | -0.279,0.071,0.002,0.001
cam1 intrinsics = 457.564,456.478,381.658,255.488 | -0.276,0.069,0.002,0.001
cam0 extrinsics = -0.009,0.008,0.703,0.711 | 0.065,-0.011,-0.014
cam1 extrinsics = -0.005,0.013,0.703,0.711 | -0.045,-0.012,-0.024
q_GtoI = -0.780,-0.279,-0.531,0.179 | p_IinG = 1.323,2.200,0.612 | dist = 2.84 (meters)
bg = -0.0051,0.0185,0.0778 | ba = -0.0370,0.0127,0.0626
camera-imu timeoffset = -0.00004
cam0 intrinsics = 459.827,458.369,368.358,248.203 | -0.278,0.071,0.002,0.001
cam1 intrinsics = 457.596,456.504,381.721,255.510 | -0.276,0.069,0.002,0.001
cam0 extrinsics = -0.009,0.008,0.703,0.711 | 0.065,-0.011,-0.014
cam1 extrinsics = -0.005,0.013,0.703,0.711 | -0.045,-0.012,-0.024
q_GtoI = -0.779,-0.283,-0.529,0.181 | p_IinG = 1.339,2.254,0.621 | dist = 2.89 (meters)
bg = -0.0051,0.0183,0.0778 | ba = -0.0361,0.0140,0.0643
camera-imu timeoffset = -0.00006
cam0 intrinsics = 459.884,458.393,368.378,248.219 | -0.278,0.071,0.002,0.001
cam1 intrinsics = 457.636,456.515,381.802,255.516 | -0.276,0.069,0.002,0.001
cam0 extrinsics = -0.009,0.008,0.703,0.711 | 0.066,-0.011,-0.015
cam1 extrinsics = -0.005,0.013,0.703,0.711 | -0.045,-0.012,-0.025
q_GtoI = -0.777,-0.288,-0.528,0.184 | p_IinG = 1.352,2.302,0.628 | dist = 2.94 (meters)
bg = -0.0050,0.0184,0.0778 | ba = -0.0366,0.0153,0.0666
camera-imu timeoffset = -0.00007
cam0 intrinsics = 459.898,458.408,368.400,248.243 | -0.278,0.071,0.002,0.001
cam1 intrinsics = 457.654,456.532,381.852,255.541 | -0.276,0.069,0.002,0.001
cam0 extrinsics = -0.009,0.007,0.703,0.711 | 0.066,-0.011,-0.015
cam1 extrinsics = -0.005,0.013,0.704,0.710 | -0.045,-0.012,-0.025
q_GtoI = -0.775,-0.296,-0.526,0.186 | p_IinG = 1.374,2.359,0.635 | dist = 2.99 (meters)
bg = -0.0051,0.0184,0.0779 | ba = -0.0369,0.0157,0.0653
camera-imu timeoffset = -0.00004
cam0 intrinsics = 460.009,458.464,367.826,248.460 | -0.278,0.070,0.002,0.001
cam1 intrinsics = 457.809,456.635,381.446,255.771 | -0.276,0.069,0.002,0.001
cam0 extrinsics = -0.009,0.007,0.703,0.711 | 0.066,-0.011,-0.015
cam1 extrinsics = -0.005,0.013,0.704,0.710 | -0.045,-0.012,-0.025
q_GtoI = -0.772,-0.305,-0.525,0.186 | p_IinG = 1.389,2.410,0.644 | dist = 3.04 (meters)
bg = -0.0050,0.0184,0.0781 | ba = -0.0388,0.0173,0.0680
camera-imu timeoffset = -0.00002
cam0 intrinsics = 460.053,458.470,367.840,248.559 | -0.277,0.069,0.002,0.001
cam1 intrinsics = 457.867,456.650,381.497,255.868 | -0.276,0.069,0.002,0.001
cam0 extrinsics = -0.009,0.007,0.703,0.711 | 0.066,-0.011,-0.015
cam1 extrinsics = -0.005,0.013,0.704,0.710 | -0.045,-0.012,-0.025
q_GtoI = -0.769,-0.314,-0.524,0.186 | p_IinG = 1.405,2.465,0.654 | dist = 3.10 (meters)
bg = -0.0050,0.0184,0.0781 | ba = -0.0400,0.0183,0.0694
camera-imu timeoffset = -0.00002
cam0 intrinsics = 460.126,458.475,367.776,248.641 | -0.278,0.070,0.002,0.001
cam1 intrinsics = 457.918,456.626,381.496,255.885 | -0.276,0.069,0.002,0.001
cam0 extrinsics = -0.009,0.007,0.703,0.711 | 0.065,-0.011,-0.015
cam1 extrinsics = -0.005,0.013,0.704,0.710 | -0.046,-0.011,-0.025
q_GtoI = -0.767,-0.323,-0.522,0.188 | p_IinG = 1.420,2.519,0.666 | dist = 3.15 (meters)
bg = -0.0049,0.0185,0.0782 | ba = -0.0415,0.0186,0.0706
camera-imu timeoffset = 0.00000
cam0 intrinsics = 460.164,458.476,367.725,248.689 | -0.278,0.070,0.002,0.001
cam1 intrinsics = 457.969,456.634,381.497,255.928 | -0.276,0.069,0.002,0.001
cam0 extrinsics = -0.009,0.007,0.703,0.711 | 0.065,-0.011,-0.016
cam1 extrinsics = -0.005,0.013,0.704,0.710 | -0.046,-0.011,-0.025
q_GtoI = -0.763,-0.332,-0.521,0.191 | p_IinG = 1.435,2.576,0.681 | dist = 3.21 (meters)
bg = -0.0048,0.0185,0.0782 | ba = -0.0431,0.0196,0.0724
camera-imu timeoffset = 0.00000
cam0 intrinsics = 460.211,458.479,367.679,248.768 | -0.278,0.070,0.002,0.001
cam1 intrinsics = 458.030,456.642,381.505,255.995 | -0.276,0.069,0.002,0.001
cam0 extrinsics = -0.009,0.007,0.703,0.711 | 0.065,-0.011,-0.016
cam1 extrinsics = -0.005,0.013,0.704,0.710 | -0.047,-0.011,-0.025
q_GtoI = -0.760,-0.339,-0.519,0.196 | p_IinG = 1.449,2.635,0.696 | dist = 3.26 (meters)
bg = -0.0046,0.0186,0.0782 | ba = -0.0452,0.0202,0.0722
camera-imu timeoffset = 0.00001
cam0 intrinsics = 460.239,458.495,367.632,248.830 | -0.278,0.070,0.002,0.001
cam1 intrinsics = 458.074,456.670,381.500,256.021 | -0.276,0.069,0.002,0.001
cam0 extrinsics = -0.009,0.007,0.703,0.711 | 0.065,-0.011,-0.016
cam1 extrinsics = -0.005,0.013,0.704,0.710 | -0.047,-0.011,-0.025
q_GtoI = -0.756,-0.345,-0.518,0.203 | p_IinG = 1.468,2.708,0.715 | dist = 3.32 (meters)
bg = -0.0041,0.0189,0.0782 | ba = -0.0497,0.0210,0.0716
camera-imu timeoffset = 0.00001
cam0 intrinsics = 460.264,458.542,367.544,248.925 | -0.278,0.070,0.002,0.001
cam1 intrinsics = 458.105,456.697,381.398,256.066 | -0.276,0.069,0.002,0.001
cam0 extrinsics = -0.009,0.007,0.703,0.711 | 0.064,-0.011,-0.016
cam1 extrinsics = -0.005,0.013,0.704,0.710 | -0.048,-0.011,-0.026
q_GtoI = -0.753,-0.351,-0.517,0.208 | p_IinG = 1.482,2.771,0.728 | dist = 3.38 (meters)
bg = -0.0040,0.0190,0.0782 | ba = -0.0517,0.0217,0.0710
camera-imu timeoffset = 0.00001
cam0 intrinsics = 460.283,458.571,367.482,248.990 | -0.278,0.070,0.002,0.001
cam1 intrinsics = 458.137,456.734,381.391,256.098 | -0.277,0.069,0.002,0.001
cam0 extrinsics = -0.009,0.007,0.703,0.711 | 0.064,-0.010,-0.017
cam1 extrinsics = -0.005,0.013,0.704,0.710 | -0.048,-0.011,-0.026
q_GtoI = -0.749,-0.356,-0.516,0.214 | p_IinG = 1.497,2.835,0.740 | dist = 3.45 (meters)
bg = -0.0038,0.0191,0.0782 | ba = -0.0539,0.0226,0.0702
camera-imu timeoffset = 0.00001
cam0 intrinsics = 460.285,458.613,367.417,249.060 | -0.278,0.070,0.002,0.001
cam1 intrinsics = 458.157,456.786,381.382,256.132 | -0.277,0.069,0.002,0.001
cam0 extrinsics = -0.009,0.007,0.703,0.711 | 0.064,-0.011,-0.017
cam1 extrinsics = -0.005,0.013,0.704,0.710 | -0.049,-0.011,-0.026
q_GtoI = -0.746,-0.360,-0.516,0.218 | p_IinG = 1.512,2.901,0.751 | dist = 3.51 (meters)
bg = -0.0035,0.0193,0.0782 | ba = -0.0557,0.0234,0.0697
camera-imu timeoffset = 0.00002
cam0 intrinsics = 460.284,458.649,367.364,249.125 | -0.278,0.070,0.002,0.001
cam1 intrinsics = 458.177,456.831,381.397,256.167 | -0.277,0.069,0.002,0.001
cam0 extrinsics = -0.009,0.007,0.703,0.711 | 0.064,-0.011,-0.018
cam1 extrinsics = -0.005,0.013,0.704,0.710 | -0.049,-0.011,-0.026
q_GtoI = -0.743,-0.362,-0.517,0.223 | p_IinG = 1.528,2.970,0.761 | dist = 3.57 (meters)
bg = -0.0034,0.0195,0.0783 | ba = -0.0569,0.0242,0.0695
camera-imu timeoffset = 0.00003
cam0 intrinsics = 460.268,458.685,367.301,249.188 | -0.279,0.070,0.002,0.001
cam1 intrinsics = 458.183,456.875,381.408,256.200 | -0.277,0.069,0.002,0.001
cam0 extrinsics = -0.009,0.007,0.703,0.711 | 0.064,-0.011,-0.018
cam1 extrinsics = -0.005,0.013,0.704,0.710 | -0.049,-0.011,-0.026
q_GtoI = -0.741,-0.363,-0.516,0.227 | p_IinG = 1.546,3.040,0.769 | dist = 3.63 (meters)
bg = -0.0032,0.0198,0.0783 | ba = -0.0580,0.0247,0.0704
camera-imu timeoffset = 0.00001
cam0 intrinsics = 460.252,458.738,367.269,249.263 | -0.279,0.070,0.002,0.001
cam1 intrinsics = 458.189,456.932,381.449,256.247 | -0.277,0.069,0.002,0.001
cam0 extrinsics = -0.009,0.007,0.703,0.711 | 0.065,-0.011,-0.018
cam1 extrinsics = -0.005,0.013,0.704,0.710 | -0.049,-0.011,-0.026
q_GtoI = -0.740,-0.364,-0.516,0.231 | p_IinG = 1.563,3.112,0.778 | dist = 3.70 (meters)
bg = -0.0031,0.0200,0.0782 | ba = -0.0592,0.0261,0.0739
camera-imu timeoffset = 0.00002
cam0 intrinsics = 460.260,458.794,367.296,249.364 | -0.279,0.070,0.002,0.001
cam1 intrinsics = 458.217,456.991,381.528,256.327 | -0.277,0.069,0.002,0.001
cam0 extrinsics = -0.009,0.007,0.703,0.711 | 0.065,-0.011,-0.019
cam1 extrinsics = -0.005,0.013,0.704,0.710 | -0.049,-0.010,-0.027
q_GtoI = -0.738,-0.365,-0.518,0.233 | p_IinG = 1.582,3.175,0.780 | dist = 3.76 (meters)
bg = -0.0032,0.0201,0.0779 | ba = -0.0605,0.0249,0.0765
camera-imu timeoffset = 0.00002
cam0 intrinsics = 460.249,458.833,367.316,249.432 | -0.279,0.070,0.002,0.001
cam1 intrinsics = 458.220,457.040,381.526,256.354 | -0.277,0.069,0.002,0.001
cam0 extrinsics = -0.009,0.007,0.703,0.711 | 0.065,-0.010,-0.020
cam1 extrinsics = -0.005,0.013,0.704,0.710 | -0.049,-0.010,-0.027
q_GtoI = -0.735,-0.366,-0.520,0.235 | p_IinG = 1.598,3.244,0.783 | dist = 3.82 (meters)
bg = -0.0032,0.0204,0.0779 | ba = -0.0617,0.0240,0.0772
camera-imu timeoffset = 0.00001
cam0 intrinsics = 460.251,458.867,367.320,249.449 | -0.279,0.070,0.002,0.001
cam1 intrinsics = 458.228,457.088,381.518,256.381 | -0.277,0.069,0.002,0.001
cam0 extrinsics = -0.009,0.007,0.703,0.711 | 0.065,-0.010,-0.020
cam1 extrinsics = -0.005,0.013,0.704,0.710 | -0.049,-0.010,-0.028
q_GtoI = -0.733,-0.366,-0.522,0.236 | p_IinG = 1.610,3.305,0.781 | dist = 3.88 (meters)
bg = -0.0031,0.0205,0.0778 | ba = -0.0606,0.0236,0.0763
camera-imu timeoffset = 0.00002
cam0 intrinsics = 460.251,458.874,367.342,249.464 | -0.279,0.070,0.002,0.001
cam1 intrinsics = 458.230,457.091,381.527,256.407 | -0.277,0.069,0.002,0.001
cam0 extrinsics = -0.009,0.007,0.703,0.711 | 0.065,-0.010,-0.020
cam1 extrinsics = -0.005,0.013,0.704,0.710 | -0.049,-0.010,-0.028
q_GtoI = -0.731,-0.367,-0.525,0.236 | p_IinG = 1.621,3.368,0.779 | dist = 3.95 (meters)
bg = -0.0030,0.0207,0.0779 | ba = -0.0588,0.0238,0.0768
camera-imu timeoffset = 0.00003
cam0 intrinsics = 460.270,458.884,367.389,249.491 | -0.279,0.070,0.002,0.001
cam1 intrinsics = 458.254,457.105,381.524,256.446 | -0.277,0.069,0.002,0.001
cam0 extrinsics = -0.009,0.007,0.703,0.711 | 0.065,-0.010,-0.020
cam1 extrinsics = -0.005,0.013,0.704,0.710 | -0.049,-0.010,-0.028
q_GtoI = -0.729,-0.367,-0.527,0.236 | p_IinG = 1.633,3.431,0.775 | dist = 4.01 (meters)
bg = -0.0030,0.0209,0.0778 | ba = -0.0572,0.0238,0.0767
camera-imu timeoffset = 0.00003
cam0 intrinsics = 460.271,458.895,367.411,249.509 | -0.279,0.070,0.002,0.001
cam1 intrinsics = 458.258,457.121,381.525,256.471 | -0.277,0.069,0.002,0.001
cam0 extrinsics = -0.009,0.007,0.703,0.711 | 0.065,-0.010,-0.020
cam1 extrinsics = -0.005,0.013,0.704,0.710 | -0.049,-0.010,-0.028
q_GtoI = -0.727,-0.366,-0.530,0.238 | p_IinG = 1.644,3.496,0.772 | dist = 4.07 (meters)
bg = -0.0030,0.0210,0.0779 | ba = -0.0560,0.0234,0.0770
camera-imu timeoffset = 0.00001
cam0 intrinsics = 460.292,458.908,367.418,249.519 | -0.279,0.070,0.002,0.001
cam1 intrinsics = 458.267,457.114,381.497,256.504 | -0.277,0.070,0.002,0.001
cam0 extrinsics = -0.009,0.007,0.703,0.711 | 0.065,-0.010,-0.020
cam1 extrinsics = -0.005,0.013,0.704,0.710 | -0.049,-0.010,-0.028
q_GtoI = -0.724,-0.364,-0.534,0.240 | p_IinG = 1.655,3.559,0.767 | dist = 4.13 (meters)
bg = -0.0031,0.0210,0.0779 | ba = -0.0544,0.0237,0.0774
camera-imu timeoffset = -0.00000
cam0 intrinsics = 460.306,458.921,367.416,249.523 | -0.279,0.070,0.002,0.001
cam1 intrinsics = 458.257,457.111,381.477,256.545 | -0.277,0.070,0.002,0.001
cam0 extrinsics = -0.009,0.007,0.703,0.711 | 0.065,-0.010,-0.020
cam1 extrinsics = -0.005,0.013,0.704,0.710 | -0.050,-0.010,-0.028
q_GtoI = -0.722,-0.363,-0.537,0.242 | p_IinG = 1.663,3.622,0.761 | dist = 4.20 (meters)
bg = -0.0031,0.0212,0.0778 | ba = -0.0530,0.0246,0.0776
camera-imu timeoffset = 0.00004
cam0 intrinsics = 460.302,458.932,367.415,249.530 | -0.279,0.070,0.002,0.001
cam1 intrinsics = 458.257,457.124,381.472,256.563 | -0.277,0.070,0.002,0.001
cam0 extrinsics = -0.009,0.007,0.703,0.711 | 0.064,-0.010,-0.020
cam1 extrinsics = -0.005,0.013,0.704,0.710 | -0.050,-0.010,-0.028
q_GtoI = -0.721,-0.361,-0.539,0.243 | p_IinG = 1.669,3.682,0.756 | dist = 4.26 (meters)
bg = -0.0031,0.0213,0.0777 | ba = -0.0519,0.0260,0.0785
camera-imu timeoffset = 0.00007
cam0 intrinsics = 460.305,458.942,367.422,249.532 | -0.279,0.070,0.002,0.001
cam1 intrinsics = 458.265,457.133,381.470,256.572 | -0.277,0.070,0.002,0.001
cam0 extrinsics = -0.009,0.007,0.703,0.711 | 0.064,-0.010,-0.020
cam1 extrinsics = -0.005,0.013,0.704,0.710 | -0.051,-0.010,-0.028
q_GtoI = -0.722,-0.360,-0.538,0.243 | p_IinG = 1.674,3.742,0.750 | dist = 4.32 (meters)
bg = -0.0031,0.0214,0.0776 | ba = -0.0505,0.0273,0.0794
camera-imu timeoffset = 0.00009
cam0 intrinsics = 460.310,458.951,367.429,249.530 | -0.279,0.070,0.002,0.001
cam1 intrinsics = 458.282,457.145,381.464,256.576 | -0.277,0.070,0.002,0.001
cam0 extrinsics = -0.009,0.007,0.703,0.711 | 0.064,-0.010,-0.020
cam1 extrinsics = -0.005,0.013,0.704,0.710 | -0.051,-0.010,-0.028
q_GtoI = -0.723,-0.361,-0.537,0.244 | p_IinG = 1.675,3.798,0.746 | dist = 4.38 (meters)
bg = -0.0030,0.0214,0.0776 | ba = -0.0488,0.0287,0.0806
camera-imu timeoffset = 0.00009
cam0 intrinsics = 460.320,458.964,367.434,249.522 | -0.279,0.070,0.002,0.001
cam1 intrinsics = 458.296,457.153,381.472,256.577 | -0.277,0.070,0.002,0.001
cam0 extrinsics = -0.009,0.007,0.703,0.711 | 0.063,-0.010,-0.021
cam1 extrinsics = -0.005,0.013,0.704,0.710 | -0.052,-0.010,-0.028
q_GtoI = -0.724,-0.362,-0.534,0.246 | p_IinG = 1.674,3.849,0.743 | dist = 4.43 (meters)
bg = -0.0030,0.0214,0.0774 | ba = -0.0463,0.0303,0.0817
camera-imu timeoffset = 0.00014
cam0 intrinsics = 460.318,458.993,367.430,249.497 | -0.279,0.070,0.002,0.001
cam1 intrinsics = 458.295,457.170,381.516,256.592 | -0.277,0.070,0.002,0.001
cam0 extrinsics = -0.009,0.007,0.703,0.711 | 0.063,-0.011,-0.021
cam1 extrinsics = -0.005,0.013,0.704,0.710 | -0.052,-0.010,-0.029
q_GtoI = -0.725,-0.365,-0.530,0.247 | p_IinG = 1.670,3.910,0.743 | dist = 4.49 (meters)
bg = -0.0026,0.0213,0.0773 | ba = -0.0424,0.0331,0.0801
camera-imu timeoffset = 0.00008
cam0 intrinsics = 460.343,459.005,367.465,249.480 | -0.279,0.070,0.002,0.001
cam1 intrinsics = 458.326,457.176,381.584,256.567 | -0.277,0.070,0.002,0.001
cam0 extrinsics = -0.009,0.007,0.704,0.711 | 0.063,-0.011,-0.022
cam1 extrinsics = -0.005,0.013,0.704,0.710 | -0.052,-0.010,-0.030
q_GtoI = -0.725,-0.369,-0.526,0.247 | p_IinG = 1.664,3.953,0.739 | dist = 4.55 (meters)
bg = -0.0027,0.0208,0.0771 | ba = -0.0390,0.0343,0.0811
camera-imu timeoffset = 0.00005
cam0 intrinsics = 460.330,459.002,367.489,249.443 | -0.279,0.070,0.002,0.001
cam1 intrinsics = 458.324,457.184,381.615,256.544 | -0.278,0.070,0.002,0.001
cam0 extrinsics = -0.009,0.007,0.704,0.710 | 0.062,-0.011,-0.022
cam1 extrinsics = -0.005,0.013,0.704,0.710 | -0.052,-0.011,-0.030
q_GtoI = -0.725,-0.374,-0.523,0.246 | p_IinG = 1.659,4.002,0.740 | dist = 4.60 (meters)
bg = -0.0027,0.0205,0.0769 | ba = -0.0370,0.0349,0.0823
camera-imu timeoffset = 0.00003
cam0 intrinsics = 460.363,459.003,367.520,249.396 | -0.279,0.070,0.002,0.001
cam1 intrinsics = 458.357,457.180,381.663,256.506 | -0.277,0.070,0.001,0.001
cam0 extrinsics = -0.009,0.007,0.704,0.710 | 0.062,-0.012,-0.022
cam1 extrinsics = -0.005,0.012,0.704,0.710 | -0.052,-0.011,-0.030
q_GtoI = -0.724,-0.378,-0.522,0.246 | p_IinG = 1.650,4.047,0.742 | dist = 4.66 (meters)
bg = -0.0026,0.0202,0.0768 | ba = -0.0350,0.0378,0.0825
camera-imu timeoffset = 0.00002
cam0 intrinsics = 460.435,458.996,367.629,249.192 | -0.279,0.070,0.002,0.001
cam1 intrinsics = 458.439,457.177,381.724,256.327 | -0.277,0.070,0.001,0.001
cam0 extrinsics = -0.009,0.007,0.704,0.710 | 0.062,-0.012,-0.023
cam1 extrinsics = -0.005,0.012,0.704,0.710 | -0.052,-0.011,-0.031
q_GtoI = -0.723,-0.382,-0.521,0.245 | p_IinG = 1.642,4.093,0.747 | dist = 4.71 (meters)
bg = -0.0025,0.0200,0.0767 | ba = -0.0336,0.0392,0.0842
camera-imu timeoffset = 0.00002
cam0 intrinsics = 460.471,459.006,367.684,249.116 | -0.279,0.070,0.002,0.001
cam1 intrinsics = 458.475,457.182,381.783,256.267 | -0.277,0.070,0.001,0.001
cam0 extrinsics = -0.009,0.006,0.704,0.710 | 0.063,-0.012,-0.023
cam1 extrinsics = -0.005,0.012,0.705,0.710 | -0.051,-0.011,-0.032
q_GtoI = -0.721,-0.387,-0.520,0.245 | p_IinG = 1.633,4.141,0.755 | dist = 4.77 (meters)
bg = -0.0023,0.0199,0.0766 | ba = -0.0329,0.0408,0.0860
camera-imu timeoffset = 0.00002
cam0 intrinsics = 460.516,459.082,367.784,249.015 | -0.279,0.070,0.002,0.001
cam1 intrinsics = 458.496,457.224,381.884,256.168 | -0.277,0.070,0.001,0.001
cam0 extrinsics = -0.009,0.006,0.704,0.710 | 0.063,-0.012,-0.024
cam1 extrinsics = -0.005,0.012,0.705,0.709 | -0.051,-0.011,-0.032
q_GtoI = -0.719,-0.391,-0.520,0.247 | p_IinG = 1.622,4.190,0.765 | dist = 4.82 (meters)
bg = -0.0021,0.0199,0.0766 | ba = -0.0325,0.0417,0.0879
camera-imu timeoffset = 0.00002
cam0 intrinsics = 460.549,459.102,367.841,248.988 | -0.279,0.070,0.002,0.001
cam1 intrinsics = 458.518,457.241,381.901,256.205 | -0.277,0.070,0.001,0.001
cam0 extrinsics = -0.009,0.006,0.704,0.710 | 0.064,-0.012,-0.024
cam1 extrinsics = -0.005,0.012,0.705,0.709 | -0.050,-0.011,-0.032
q_GtoI = -0.716,-0.395,-0.519,0.249 | p_IinG = 1.611,4.241,0.779 | dist = 4.88 (meters)
bg = -0.0019,0.0200,0.0765 | ba = -0.0324,0.0424,0.0897
camera-imu timeoffset = 0.00002
cam0 intrinsics = 460.580,459.107,367.862,249.022 | -0.279,0.070,0.002,0.001
cam1 intrinsics = 458.537,457.239,381.905,256.281 | -0.277,0.070,0.001,0.001
cam0 extrinsics = -0.009,0.006,0.704,0.710 | 0.064,-0.012,-0.024
cam1 extrinsics = -0.005,0.012,0.705,0.709 | -0.050,-0.011,-0.032
q_GtoI = -0.713,-0.400,-0.518,0.252 | p_IinG = 1.598,4.293,0.793 | dist = 4.94 (meters)
bg = -0.0017,0.0200,0.0765 | ba = -0.0329,0.0437,0.0907
camera-imu timeoffset = 0.00002
cam0 intrinsics = 460.608,459.113,367.882,249.046 | -0.279,0.070,0.002,0.001
cam1 intrinsics = 458.564,457.238,381.937,256.326 | -0.277,0.070,0.001,0.001
cam0 extrinsics = -0.009,0.006,0.704,0.710 | 0.064,-0.012,-0.024
cam1 extrinsics = -0.005,0.012,0.705,0.709 | -0.050,-0.011,-0.033
q_GtoI = -0.710,-0.403,-0.518,0.256 | p_IinG = 1.584,4.348,0.809 | dist = 4.99 (meters)
bg = -0.0013,0.0201,0.0765 | ba = -0.0330,0.0454,0.0912
camera-imu timeoffset = 0.00001
cam0 intrinsics = 460.647,459.107,367.923,249.092 | -0.279,0.070,0.002,0.001
cam1 intrinsics = 458.594,457.225,381.973,256.393 | -0.277,0.070,0.001,0.001
cam0 extrinsics = -0.009,0.006,0.704,0.710 | 0.064,-0.011,-0.024
cam1 extrinsics = -0.005,0.012,0.705,0.709 | -0.050,-0.011,-0.033
q_GtoI = -0.708,-0.406,-0.517,0.260 | p_IinG = 1.569,4.403,0.822 | dist = 5.05 (meters)
bg = -0.0011,0.0202,0.0766 | ba = -0.0333,0.0464,0.0920
camera-imu timeoffset = 0.00001
cam0 intrinsics = 460.684,459.108,367.925,249.123 | -0.279,0.071,0.002,0.001
cam1 intrinsics = 458.625,457.218,381.981,256.437 | -0.277,0.070,0.001,0.001
cam0 extrinsics = -0.009,0.006,0.704,0.710 | 0.064,-0.011,-0.024
cam1 extrinsics = -0.005,0.012,0.705,0.709 | -0.049,-0.011,-0.033
q_GtoI = -0.704,-0.408,-0.518,0.263 | p_IinG = 1.552,4.452,0.835 | dist = 5.11 (meters)
bg = -0.0007,0.0204,0.0766 | ba = -0.0339,0.0475,0.0939
camera-imu timeoffset = -0.00001
cam0 intrinsics = 460.777,459.117,367.981,249.106 | -0.279,0.071,0.002,0.001
cam1 intrinsics = 458.651,457.180,381.986,256.551 | -0.277,0.070,0.001,0.001
cam0 extrinsics = -0.009,0.006,0.704,0.710 | 0.064,-0.011,-0.024
cam1 extrinsics = -0.006,0.012,0.705,0.709 | -0.049,-0.011,-0.034
q_GtoI = -0.702,-0.410,-0.519,0.266 | p_IinG = 1.535,4.507,0.847 | dist = 5.17 (meters)
bg = -0.0005,0.0206,0.0766 | ba = -0.0347,0.0480,0.0956
camera-imu timeoffset = -0.00001
cam0 intrinsics = 460.841,459.126,367.994,249.101 | -0.279,0.071,0.002,0.001
cam1 intrinsics = 458.688,457.171,381.998,256.576 | -0.277,0.070,0.001,0.001
cam0 extrinsics = -0.009,0.006,0.704,0.710 | 0.065,-0.010,-0.024
cam1 extrinsics = -0.006,0.012,0.705,0.709 | -0.049,-0.011,-0.034
q_GtoI = -0.698,-0.413,-0.520,0.268 | p_IinG = 1.519,4.564,0.855 | dist = 5.22 (meters)
bg = -0.0004,0.0206,0.0766 | ba = -0.0338,0.0488,0.0971
camera-imu timeoffset = 0.00002
cam0 intrinsics = 460.872,459.131,368.016,249.112 | -0.279,0.071,0.002,0.001
cam1 intrinsics = 458.702,457.165,382.002,256.613 | -0.277,0.070,0.001,0.001
cam0 extrinsics = -0.009,0.006,0.704,0.710 | 0.065,-0.010,-0.023
cam1 extrinsics = -0.006,0.011,0.705,0.709 | -0.049,-0.011,-0.034
q_GtoI = -0.694,-0.416,-0.521,0.272 | p_IinG = 1.501,4.621,0.861 | dist = 5.28 (meters)
bg = -0.0003,0.0207,0.0766 | ba = -0.0324,0.0494,0.0985
camera-imu timeoffset = 0.00000
cam0 intrinsics = 460.902,459.138,368.039,249.117 | -0.279,0.071,0.002,0.001
cam1 intrinsics = 458.722,457.165,382.011,256.637 | -0.277,0.070,0.001,0.001
cam0 extrinsics = -0.009,0.006,0.704,0.710 | 0.065,-0.010,-0.023
cam1 extrinsics = -0.006,0.011,0.705,0.709 | -0.049,-0.011,-0.034
q_GtoI = -0.690,-0.420,-0.522,0.273 | p_IinG = 1.484,4.679,0.864 | dist = 5.34 (meters)
bg = -0.0002,0.0208,0.0766 | ba = -0.0313,0.0488,0.0991
camera-imu timeoffset = -0.00000
cam0 intrinsics = 460.939,459.135,368.054,249.115 | -0.279,0.071,0.002,0.001
cam1 intrinsics = 458.747,457.154,382.002,256.647 | -0.278,0.070,0.001,0.001
cam0 extrinsics = -0.009,0.006,0.704,0.710 | 0.065,-0.010,-0.023
cam1 extrinsics = -0.006,0.011,0.705,0.709 | -0.049,-0.011,-0.034
q_GtoI = -0.687,-0.425,-0.521,0.276 | p_IinG = 1.466,4.736,0.866 | dist = 5.39 (meters)
bg = -0.0002,0.0208,0.0766 | ba = -0.0299,0.0483,0.0996
camera-imu timeoffset = -0.00000
cam0 intrinsics = 460.983,459.135,368.077,249.101 | -0.279,0.071,0.002,0.001
cam1 intrinsics = 458.783,457.145,382.015,256.638 | -0.278,0.070,0.001,0.001
cam0 extrinsics = -0.009,0.006,0.704,0.710 | 0.065,-0.011,-0.023
cam1 extrinsics = -0.006,0.011,0.705,0.709 | -0.049,-0.011,-0.034
q_GtoI = -0.684,-0.428,-0.518,0.283 | p_IinG = 1.445,4.792,0.866 | dist = 5.45 (meters)
bg = -0.0001,0.0208,0.0766 | ba = -0.0280,0.0478,0.1008
camera-imu timeoffset = 0.00001
cam0 intrinsics = 461.049,459.145,368.108,249.061 | -0.279,0.071,0.002,0.001
cam1 intrinsics = 458.822,457.135,382.019,256.623 | -0.278,0.070,0.001,0.001
cam0 extrinsics = -0.009,0.006,0.704,0.710 | 0.065,-0.011,-0.023
cam1 extrinsics = -0.006,0.011,0.705,0.709 | -0.049,-0.011,-0.034
q_GtoI = -0.681,-0.431,-0.515,0.290 | p_IinG = 1.423,4.849,0.865 | dist = 5.51 (meters)
bg = -0.0000,0.0208,0.0766 | ba = -0.0271,0.0475,0.1022
camera-imu timeoffset = -0.00001
cam0 intrinsics = 461.058,459.153,368.098,249.076 | -0.279,0.071,0.002,0.001
cam1 intrinsics = 458.835,457.142,382.006,256.640 | -0.278,0.071,0.001,0.001
cam0 extrinsics = -0.009,0.006,0.704,0.710 | 0.065,-0.011,-0.023
cam1 extrinsics = -0.006,0.011,0.705,0.709 | -0.049,-0.011,-0.034
q_GtoI = -0.678,-0.434,-0.513,0.299 | p_IinG = 1.402,4.908,0.865 | dist = 5.56 (meters)
bg = 0.0002,0.0208,0.0765 | ba = -0.0266,0.0474,0.1041
camera-imu timeoffset = -0.00002
cam0 intrinsics = 461.080,459.172,368.022,249.162 | -0.279,0.071,0.002,0.001
cam1 intrinsics = 458.868,457.172,381.898,256.738 | -0.277,0.070,0.001,0.001
cam0 extrinsics = -0.009,0.006,0.704,0.710 | 0.065,-0.011,-0.022
cam1 extrinsics = -0.006,0.011,0.705,0.709 | -0.049,-0.012,-0.034
q_GtoI = -0.673,-0.438,-0.510,0.308 | p_IinG = 1.377,4.961,0.862 | dist = 5.62 (meters)
bg = 0.0003,0.0209,0.0764 | ba = -0.0247,0.0460,0.1061
camera-imu timeoffset = -0.00000
cam0 intrinsics = 461.028,459.208,368.001,249.186 | -0.279,0.071,0.002,0.001
cam1 intrinsics = 458.818,457.209,381.881,256.766 | -0.277,0.070,0.001,0.001
cam0 extrinsics = -0.009,0.006,0.704,0.710 | 0.065,-0.011,-0.021
cam1 extrinsics = -0.006,0.011,0.705,0.709 | -0.050,-0.011,-0.033
q_GtoI = -0.669,-0.443,-0.507,0.315 | p_IinG = 1.349,5.012,0.857 | dist = 5.68 (meters)
bg = 0.0004,0.0209,0.0764 | ba = -0.0233,0.0450,0.1075
camera-imu timeoffset = -0.00001
cam0 intrinsics = 460.952,459.273,368.017,249.247 | -0.279,0.071,0.002,0.001
cam1 intrinsics = 458.748,457.278,381.899,256.825 | -0.277,0.070,0.001,0.001
cam0 extrinsics = -0.009,0.006,0.704,0.710 | 0.064,-0.011,-0.021
cam1 extrinsics = -0.006,0.011,0.705,0.709 | -0.050,-0.012,-0.033
q_GtoI = -0.664,-0.450,-0.502,0.322 | p_IinG = 1.320,5.057,0.850 | dist = 5.73 (meters)
bg = 0.0006,0.0209,0.0763 | ba = -0.0205,0.0442,0.1094
camera-imu timeoffset = 0.00001
cam0 intrinsics = 460.889,459.360,368.085,249.317 | -0.279,0.071,0.001,0.001
cam1 intrinsics = 458.691,457.372,381.958,256.891 | -0.277,0.070,0.001,0.001
cam0 extrinsics = -0.009,0.006,0.704,0.710 | 0.064,-0.012,-0.021
cam1 extrinsics = -0.006,0.011,0.705,0.709 | -0.051,-0.012,-0.033
q_GtoI = -0.661,-0.457,-0.497,0.329 | p_IinG = 1.289,5.097,0.840 | dist = 5.79 (meters)
bg = 0.0006,0.0207,0.0762 | ba = -0.0164,0.0432,0.1113
camera-imu timeoffset = -0.00000
cam0 intrinsics = 460.849,459.439,368.075,249.357 | -0.279,0.071,0.001,0.001
cam1 intrinsics = 458.653,457.453,381.956,256.935 | -0.277,0.070,0.001,0.001
cam0 extrinsics = -0.009,0.006,0.704,0.710 | 0.063,-0.012,-0.021
cam1 extrinsics = -0.006,0.011,0.705,0.709 | -0.051,-0.012,-0.032
q_GtoI = -0.658,-0.465,-0.490,0.334 | p_IinG = 1.256,5.130,0.829 | dist = 5.84 (meters)
bg = 0.0009,0.0206,0.0762 | ba = -0.0115,0.0427,0.1143
camera-imu timeoffset = -0.00001
cam0 intrinsics = 460.869,459.499,367.997,249.365 | -0.279,0.071,0.001,0.001
cam1 intrinsics = 458.657,457.512,381.959,256.953 | -0.277,0.070,0.001,0.001
cam0 extrinsics = -0.009,0.006,0.704,0.710 | 0.063,-0.012,-0.020
cam1 extrinsics = -0.006,0.011,0.705,0.709 | -0.051,-0.012,-0.032
q_GtoI = -0.655,-0.474,-0.481,0.338 | p_IinG = 1.222,5.158,0.820 | dist = 5.89 (meters)
bg = 0.0010,0.0205,0.0762 | ba = -0.0085,0.0431,0.1165
camera-imu timeoffset = -0.00003
cam0 intrinsics = 460.904,459.487,367.950,249.360 | -0.279,0.071,0.001,0.001
cam1 intrinsics = 458.700,457.509,381.923,256.943 | -0.277,0.070,0.001,0.001
cam0 extrinsics = -0.009,0.005,0.704,0.710 | 0.063,-0.012,-0.021
cam1 extrinsics = -0.006,0.011,0.705,0.709 | -0.051,-0.013,-0.033
q_GtoI = -0.652,-0.485,-0.471,0.343 | p_IinG = 1.187,5.183,0.813 | dist = 5.94 (meters)
bg = 0.0011,0.0203,0.0762 | ba = -0.0072,0.0448,0.1194
camera-imu timeoffset = -0.00004
cam0 intrinsics = 460.970,459.457,367.923,249.337 | -0.279,0.071,0.001,0.001
cam1 intrinsics = 458.772,457.492,381.891,256.921 | -0.277,0.071,0.001,0.001
cam0 extrinsics = -0.009,0.005,0.704,0.710 | 0.064,-0.013,-0.021
cam1 extrinsics = -0.006,0.011,0.705,0.709 | -0.050,-0.014,-0.032
q_GtoI = -0.649,-0.496,-0.462,0.346 | p_IinG = 1.151,5.205,0.809 | dist = 6.00 (meters)
bg = 0.0011,0.0201,0.0762 | ba = -0.0066,0.0478,0.1220
camera-imu timeoffset = -0.00003
cam0 intrinsics = 461.041,459.408,367.862,249.350 | -0.279,0.071,0.001,0.001
cam1 intrinsics = 458.860,457.446,381.910,256.915 | -0.277,0.071,0.001,0.001
cam0 extrinsics = -0.009,0.005,0.704,0.710 | 0.065,-0.015,-0.021
cam1 extrinsics = -0.006,0.011,0.705,0.709 | -0.049,-0.015,-0.033
q_GtoI = -0.645,-0.506,-0.452,0.350 | p_IinG = 1.116,5.231,0.808 | dist = 6.04 (meters)
bg = 0.0011,0.0200,0.0761 | ba = -0.0059,0.0499,0.1238
camera-imu timeoffset = -0.00004
cam0 intrinsics = 461.079,459.352,367.827,249.319 | -0.279,0.071,0.001,0.001
cam1 intrinsics = 458.898,457.389,381.870,256.893 | -0.277,0.071,0.001,0.001
cam0 extrinsics = -0.009,0.005,0.704,0.710 | 0.065,-0.015,-0.022
cam1 extrinsics = -0.006,0.011,0.705,0.709 | -0.048,-0.016,-0.033
q_GtoI = -0.641,-0.514,-0.445,0.356 | p_IinG = 1.080,5.255,0.809 | dist = 6.09 (meters)
bg = 0.0012,0.0198,0.0760 | ba = -0.0053,0.0523,0.1256
camera-imu timeoffset = -0.00001
cam0 intrinsics = 461.109,459.306,367.793,249.264 | -0.279,0.071,0.001,0.001
cam1 intrinsics = 458.922,457.337,381.830,256.851 | -0.277,0.071,0.001,0.001
cam0 extrinsics = -0.009,0.005,0.704,0.710 | 0.066,-0.016,-0.022
cam1 extrinsics = -0.006,0.010,0.705,0.709 | -0.048,-0.016,-0.034
q_GtoI = -0.637,-0.521,-0.439,0.361 | p_IinG = 1.046,5.291,0.814 | dist = 6.14 (meters)
bg = 0.0014,0.0197,0.0760 | ba = -0.0067,0.0541,0.1249
camera-imu timeoffset = 0.00001
cam0 intrinsics = 461.126,459.277,367.778,249.172 | -0.279,0.071,0.001,0.001
cam1 intrinsics = 458.940,457.312,381.824,256.762 | -0.277,0.070,0.001,0.001
cam0 extrinsics = -0.009,0.005,0.704,0.710 | 0.066,-0.016,-0.022
cam1 extrinsics = -0.006,0.010,0.705,0.709 | -0.048,-0.016,-0.034
q_GtoI = -0.633,-0.528,-0.433,0.365 | p_IinG = 1.013,5.331,0.821 | dist = 6.19 (meters)
bg = 0.0015,0.0196,0.0758 | ba = -0.0081,0.0529,0.1277
camera-imu timeoffset = 0.00003
cam0 intrinsics = 461.121,459.291,367.799,249.180 | -0.279,0.071,0.001,0.001
cam1 intrinsics = 458.951,457.342,381.856,256.757 | -0.277,0.070,0.001,0.001
cam0 extrinsics = -0.009,0.005,0.704,0.710 | 0.066,-0.016,-0.022
cam1 extrinsics = -0.005,0.010,0.705,0.709 | -0.048,-0.017,-0.034
q_GtoI = -0.630,-0.536,-0.425,0.368 | p_IinG = 0.978,5.361,0.829 | dist = 6.24 (meters)
bg = 0.0017,0.0197,0.0756 | ba = -0.0093,0.0514,0.1312
camera-imu timeoffset = 0.00003
cam0 intrinsics = 461.101,459.327,367.870,249.289 | -0.279,0.071,0.001,0.001
cam1 intrinsics = 458.935,457.382,381.940,256.858 | -0.277,0.070,0.001,0.001
cam0 extrinsics = -0.009,0.005,0.704,0.710 | 0.066,-0.016,-0.022
cam1 extrinsics = -0.005,0.010,0.705,0.709 | -0.048,-0.017,-0.034
q_GtoI = -0.627,-0.542,-0.419,0.370 | p_IinG = 0.946,5.397,0.836 | dist = 6.29 (meters)
bg = 0.0018,0.0197,0.0756 | ba = -0.0105,0.0493,0.1313
camera-imu timeoffset = 0.00002
cam0 intrinsics = 461.098,459.340,367.886,249.298 | -0.279,0.071,0.001,0.001
cam1 intrinsics = 458.942,457.403,381.974,256.865 | -0.277,0.070,0.001,0.001
cam0 extrinsics = -0.009,0.005,0.704,0.710 | 0.066,-0.016,-0.021
cam1 extrinsics = -0.005,0.010,0.705,0.709 | -0.047,-0.017,-0.033
q_GtoI = -0.625,-0.547,-0.414,0.373 | p_IinG = 0.915,5.434,0.841 | dist = 6.33 (meters)
bg = 0.0020,0.0198,0.0755 | ba = -0.0115,0.0467,0.1308
camera-imu timeoffset = 0.00003
cam0 intrinsics = 461.093,459.355,367.909,249.304 | -0.279,0.071,0.001,0.001
cam1 intrinsics = 458.947,457.426,382.016,256.871 | -0.277,0.070,0.001,0.001
cam0 extrinsics = -0.009,0.005,0.704,0.710 | 0.067,-0.017,-0.021
cam1 extrinsics = -0.005,0.011,0.705,0.709 | -0.047,-0.017,-0.033
q_GtoI = -0.623,-0.551,-0.410,0.374 | p_IinG = 0.887,5.475,0.844 | dist = 6.38 (meters)
bg = 0.0020,0.0199,0.0756 | ba = -0.0109,0.0449,0.1287
camera-imu timeoffset = 0.00002
cam0 intrinsics = 461.121,459.371,367.921,249.337 | -0.279,0.071,0.001,0.001
cam1 intrinsics = 459.009,457.464,382.012,256.902 | -0.277,0.070,0.000,0.001
cam0 extrinsics = -0.009,0.005,0.704,0.710 | 0.067,-0.017,-0.021
cam1 extrinsics = -0.005,0.011,0.705,0.709 | -0.047,-0.017,-0.032
q_GtoI = -0.622,-0.554,-0.406,0.376 | p_IinG = 0.858,5.514,0.846 | dist = 6.43 (meters)
bg = 0.0021,0.0199,0.0756 | ba = -0.0116,0.0439,0.1271
camera-imu timeoffset = 0.00002
cam0 intrinsics = 461.114,459.375,367.950,249.326 | -0.278,0.071,0.001,0.001
cam1 intrinsics = 459.014,457.476,382.054,256.895 | -0.277,0.070,0.000,0.001
cam0 extrinsics = -0.009,0.005,0.704,0.710 | 0.068,-0.017,-0.021
cam1 extrinsics = -0.005,0.011,0.705,0.709 | -0.046,-0.017,-0.032
q_GtoI = -0.620,-0.557,-0.405,0.377 | p_IinG = 0.830,5.557,0.846 | dist = 6.48 (meters)
bg = 0.0022,0.0200,0.0756 | ba = -0.0111,0.0435,0.1255
camera-imu timeoffset = 0.00002
cam0 intrinsics = 461.110,459.380,367.980,249.311 | -0.278,0.071,0.001,0.001
cam1 intrinsics = 459.030,457.496,382.102,256.876 | -0.277,0.070,0.000,0.001
cam0 extrinsics = -0.009,0.005,0.704,0.710 | 0.068,-0.017,-0.020
cam1 extrinsics = -0.005,0.011,0.705,0.709 | -0.045,-0.018,-0.032
q_GtoI = -0.619,-0.558,-0.403,0.378 | p_IinG = 0.803,5.600,0.846 | dist = 6.52 (meters)
bg = 0.0023,0.0201,0.0756 | ba = -0.0120,0.0432,0.1241
camera-imu timeoffset = 0.00002
cam0 intrinsics = 461.116,459.386,368.008,249.269 | -0.278,0.071,0.001,0.001
cam1 intrinsics = 459.057,457.519,382.141,256.829 | -0.277,0.070,0.000,0.001
cam0 extrinsics = -0.009,0.005,0.704,0.710 | 0.069,-0.017,-0.020
cam1 extrinsics = -0.005,0.011,0.705,0.709 | -0.045,-0.018,-0.031
q_GtoI = -0.618,-0.559,-0.403,0.378 | p_IinG = 0.777,5.639,0.844 | dist = 6.57 (meters)
bg = 0.0023,0.0201,0.0756 | ba = -0.0135,0.0417,0.1230
camera-imu timeoffset = 0.00001
cam0 intrinsics = 461.115,459.373,368.047,249.221 | -0.278,0.070,0.001,0.001
cam1 intrinsics = 459.106,457.539,382.196,256.755 | -0.277,0.070,0.000,0.001
cam0 extrinsics = -0.009,0.005,0.704,0.710 | 0.070,-0.018,-0.020
cam1 extrinsics = -0.005,0.011,0.705,0.709 | -0.044,-0.018,-0.031
q_GtoI = -0.618,-0.560,-0.401,0.378 | p_IinG = 0.759,5.684,0.839 | dist = 6.62 (meters)
bg = 0.0020,0.0202,0.0756 | ba = -0.0149,0.0416,0.1244
camera-imu timeoffset = -0.00000
cam0 intrinsics = 461.167,459.389,368.084,249.229 | -0.278,0.070,0.001,0.001
cam1 intrinsics = 459.190,457.576,382.236,256.747 | -0.277,0.070,0.000,0.001
cam0 extrinsics = -0.009,0.005,0.704,0.710 | 0.069,-0.017,-0.021
cam1 extrinsics = -0.005,0.011,0.705,0.709 | -0.045,-0.018,-0.031
q_GtoI = -0.618,-0.560,-0.402,0.378 | p_IinG = 0.735,5.729,0.836 | dist = 6.67 (meters)
bg = 0.0021,0.0204,0.0754 | ba = -0.0155,0.0422,0.1237
camera-imu timeoffset = -0.00000
cam0 intrinsics = 461.178,459.393,368.087,249.237 | -0.278,0.070,0.001,0.001
cam1 intrinsics = 459.208,457.583,382.257,256.755 | -0.277,0.071,0.000,0.001
cam0 extrinsics = -0.009,0.005,0.704,0.710 | 0.069,-0.018,-0.020
cam1 extrinsics = -0.005,0.011,0.705,0.709 | -0.044,-0.018,-0.031
q_GtoI = -0.618,-0.560,-0.401,0.378 | p_IinG = 0.711,5.775,0.832 | dist = 6.72 (meters)
bg = 0.0021,0.0205,0.0753 | ba = -0.0163,0.0430,0.1230
camera-imu timeoffset = -0.00000
cam0 intrinsics = 461.181,459.398,368.085,249.248 | -0.278,0.070,0.001,0.001
cam1 intrinsics = 459.224,457.596,382.269,256.761 | -0.277,0.071,0.000,0.001
cam0 extrinsics = -0.009,0.005,0.704,0.710 | 0.070,-0.018,-0.020
cam1 extrinsics = -0.005,0.011,0.705,0.709 | -0.044,-0.018,-0.031
q_GtoI = -0.619,-0.560,-0.402,0.377 | p_IinG = 0.687,5.825,0.829 | dist = 6.77 (meters)
bg = 0.0021,0.0206,0.0751 | ba = -0.0171,0.0447,0.1225
camera-imu timeoffset = 0.00001
cam0 intrinsics = 461.165,459.410,368.074,249.262 | -0.278,0.070,0.001,0.001
cam1 intrinsics = 459.222,457.617,382.271,256.772 | -0.277,0.071,0.000,0.001
cam0 extrinsics = -0.009,0.005,0.704,0.710 | 0.070,-0.018,-0.020
cam1 extrinsics = -0.005,0.011,0.705,0.709 | -0.044,-0.018,-0.030
q_GtoI = -0.619,-0.560,-0.402,0.377 | p_IinG = 0.664,5.876,0.825 | dist = 6.82 (meters)
bg = 0.0021,0.0207,0.0750 | ba = -0.0173,0.0471,0.1224
camera-imu timeoffset = 0.00000
cam0 intrinsics = 461.152,459.424,368.059,249.285 | -0.278,0.070,0.001,0.001
cam1 intrinsics = 459.222,457.642,382.269,256.791 | -0.277,0.071,0.000,0.001
cam0 extrinsics = -0.009,0.005,0.704,0.710 | 0.070,-0.018,-0.020
cam1 extrinsics = -0.005,0.011,0.705,0.709 | -0.044,-0.019,-0.030
q_GtoI = -0.620,-0.559,-0.402,0.376 | p_IinG = 0.641,5.927,0.822 | dist = 6.87 (meters)
bg = 0.0021,0.0207,0.0749 | ba = -0.0178,0.0494,0.1223
camera-imu timeoffset = 0.00001
cam0 intrinsics = 461.134,459.437,368.045,249.309 | -0.278,0.070,0.001,0.001
cam1 intrinsics = 459.218,457.665,382.268,256.812 | -0.277,0.071,0.000,0.001
cam0 extrinsics = -0.009,0.005,0.704,0.710 | 0.070,-0.018,-0.020
cam1 extrinsics = -0.005,0.011,0.705,0.709 | -0.045,-0.019,-0.030
q_GtoI = -0.621,-0.558,-0.403,0.375 | p_IinG = 0.619,5.979,0.821 | dist = 6.93 (meters)
bg = 0.0020,0.0208,0.0749 | ba = -0.0182,0.0518,0.1224
camera-imu timeoffset = 0.00001
cam0 intrinsics = 461.116,459.448,368.032,249.337 | -0.278,0.070,0.001,0.001
cam1 intrinsics = 459.213,457.685,382.270,256.837 | -0.277,0.071,0.000,0.001
cam0 extrinsics = -0.009,0.005,0.704,0.710 | 0.070,-0.019,-0.019
cam1 extrinsics = -0.005,0.011,0.705,0.709 | -0.045,-0.019,-0.030
q_GtoI = -0.623,-0.557,-0.402,0.374 | p_IinG = 0.597,6.037,0.823 | dist = 6.98 (meters)
bg = 0.0021,0.0209,0.0748 | ba = -0.0182,0.0555,0.1219
camera-imu timeoffset = 0.00002
cam0 intrinsics = 461.087,459.451,368.005,249.409 | -0.278,0.070,0.001,0.001
cam1 intrinsics = 459.209,457.707,382.260,256.893 | -0.277,0.071,0.000,0.001
cam0 extrinsics = -0.009,0.005,0.704,0.710 | 0.069,-0.019,-0.019
cam1 extrinsics = -0.005,0.011,0.705,0.709 | -0.045,-0.019,-0.029
q_GtoI = -0.624,-0.557,-0.402,0.372 | p_IinG = 0.578,6.095,0.826 | dist = 7.03 (meters)
bg = 0.0021,0.0210,0.0747 | ba = -0.0180,0.0585,0.1222
camera-imu timeoffset = 0.00002
cam0 intrinsics = 461.080,459.470,367.990,249.445 | -0.278,0.070,0.001,0.001
cam1 intrinsics = 459.213,457.733,382.264,256.926 | -0.277,0.071,0.000,0.001
cam0 extrinsics = -0.009,0.005,0.704,0.710 | 0.069,-0.019,-0.019
cam1 extrinsics = -0.005,0.011,0.705,0.709 | -0.045,-0.020,-0.029
q_GtoI = -0.626,-0.557,-0.401,0.370 | p_IinG = 0.559,6.156,0.830 | dist = 7.09 (meters)
bg = 0.0021,0.0210,0.0747 | ba = -0.0181,0.0615,0.1222
camera-imu timeoffset = 0.00003
cam0 intrinsics = 461.073,459.489,367.975,249.479 | -0.278,0.070,0.001,0.001
cam1 intrinsics = 459.217,457.758,382.271,256.960 | -0.277,0.071,0.000,0.001
cam0 extrinsics = -0.009,0.005,0.704,0.710 | 0.070,-0.020,-0.019
cam1 extrinsics = -0.005,0.011,0.705,0.709 | -0.045,-0.020,-0.029
q_GtoI = -0.628,-0.557,-0.400,0.368 | p_IinG = 0.541,6.218,0.836 | dist = 7.14 (meters)
bg = 0.0020,0.0211,0.0746 | ba = -0.0182,0.0647,0.1221
camera-imu timeoffset = 0.00003
cam0 intrinsics = 461.067,459.506,367.960,249.517 | -0.278,0.070,0.001,0.001
cam1 intrinsics = 459.220,457.778,382.281,256.996 | -0.277,0.071,0.000,0.001
cam0 extrinsics = -0.009,0.005,0.704,0.710 | 0.070,-0.020,-0.019
cam1 extrinsics = -0.005,0.011,0.705,0.709 | -0.045,-0.021,-0.029
q_GtoI = -0.629,-0.556,-0.400,0.368 | p_IinG = 0.525,6.278,0.843 | dist = 7.20 (meters)
bg = 0.0019,0.0212,0.0746 | ba = -0.0188,0.0664,0.1224
camera-imu timeoffset = 0.00004
cam0 intrinsics = 461.069,459.518,367.956,249.550 | -0.278,0.070,0.001,0.001
cam1 intrinsics = 459.255,457.805,382.276,257.020 | -0.277,0.071,0.000,0.001
cam0 extrinsics = -0.009,0.005,0.704,0.710 | 0.070,-0.021,-0.019
cam1 extrinsics = -0.005,0.011,0.705,0.709 | -0.045,-0.021,-0.028
q_GtoI = -0.628,-0.556,-0.400,0.369 | p_IinG = 0.510,6.339,0.849 | dist = 7.25 (meters)
bg = 0.0019,0.0212,0.0746 | ba = -0.0172,0.0681,0.1225
camera-imu timeoffset = 0.00000
cam0 intrinsics = 461.104,459.529,367.968,249.609 | -0.278,0.070,0.001,0.001
cam1 intrinsics = 459.303,457.819,382.289,257.056 | -0.277,0.071,0.000,0.001
cam0 extrinsics = -0.009,0.005,0.704,0.710 | 0.070,-0.021,-0.019
cam1 extrinsics = -0.005,0.011,0.705,0.709 | -0.045,-0.021,-0.028
q_GtoI = -0.626,-0.557,-0.402,0.369 | p_IinG = 0.495,6.399,0.858 | dist = 7.31 (meters)
bg = 0.0018,0.0213,0.0746 | ba = -0.0176,0.0691,0.1219
camera-imu timeoffset = 0.00000
cam0 intrinsics = 461.134,459.536,367.955,249.626 | -0.278,0.070,0.001,0.001
cam1 intrinsics = 459.337,457.828,382.276,257.082 | -0.278,0.071,0.000,0.001
cam0 extrinsics = -0.009,0.005,0.704,0.710 | 0.071,-0.021,-0.019
cam1 extrinsics = -0.005,0.011,0.705,0.709 | -0.045,-0.021,-0.028
q_GtoI = -0.624,-0.558,-0.404,0.369 | p_IinG = 0.480,6.459,0.866 | dist = 7.37 (meters)
bg = 0.0018,0.0213,0.0745 | ba = -0.0180,0.0701,0.1212
camera-imu timeoffset = -0.00001
cam0 intrinsics = 461.159,459.532,367.939,249.646 | -0.278,0.070,0.001,0.001
cam1 intrinsics = 459.362,457.825,382.261,257.106 | -0.278,0.071,0.001,0.001
cam0 extrinsics = -0.009,0.005,0.704,0.710 | 0.071,-0.021,-0.018
cam1 extrinsics = -0.005,0.011,0.705,0.709 | -0.045,-0.021,-0.028
q_GtoI = -0.621,-0.560,-0.407,0.369 | p_IinG = 0.465,6.524,0.871 | dist = 7.43 (meters)
bg = 0.0018,0.0212,0.0745 | ba = -0.0155,0.0704,0.1189
camera-imu timeoffset = -0.00001
cam0 intrinsics = 461.176,459.486,367.988,249.683 | -0.278,0.070,0.001,0.001
cam1 intrinsics = 459.419,457.806,382.231,257.160 | -0.278,0.071,0.001,0.001
cam0 extrinsics = -0.009,0.005,0.705,0.710 | 0.071,-0.021,-0.019
cam1 extrinsics = -0.005,0.011,0.705,0.709 | -0.045,-0.021,-0.028
q_GtoI = -0.618,-0.561,-0.408,0.370 | p_IinG = 0.449,6.587,0.877 | dist = 7.49 (meters)
bg = 0.0019,0.0213,0.0746 | ba = -0.0156,0.0715,0.1182
camera-imu timeoffset = -0.00001
cam0 intrinsics = 461.194,459.478,367.981,249.703 | -0.278,0.070,0.001,0.001
cam1 intrinsics = 459.439,457.800,382.225,257.181 | -0.278,0.071,0.001,0.001
cam0 extrinsics = -0.009,0.005,0.705,0.710 | 0.072,-0.021,-0.019
cam1 extrinsics = -0.005,0.011,0.705,0.709 | -0.044,-0.021,-0.028
q_GtoI = -0.614,-0.562,-0.409,0.373 | p_IinG = 0.432,6.651,0.882 | dist = 7.55 (meters)
bg = 0.0020,0.0214,0.0746 | ba = -0.0158,0.0726,0.1172
camera-imu timeoffset = -0.00002
cam0 intrinsics = 461.212,459.469,367.977,249.722 | -0.278,0.071,0.001,0.001
cam1 intrinsics = 459.460,457.794,382.222,257.199 | -0.278,0.071,0.001,0.001
cam0 extrinsics = -0.009,0.005,0.705,0.710 | 0.072,-0.021,-0.019
cam1 extrinsics = -0.005,0.011,0.705,0.709 | -0.044,-0.021,-0.028
q_GtoI = -0.609,-0.565,-0.410,0.376 | p_IinG = 0.414,6.714,0.884 | dist = 7.61 (meters)
bg = 0.0021,0.0213,0.0746 | ba = -0.0156,0.0734,0.1165
camera-imu timeoffset = -0.00003
cam0 intrinsics = 461.217,459.478,367.984,249.720 | -0.278,0.071,0.001,0.001
cam1 intrinsics = 459.467,457.805,382.226,257.199 | -0.278,0.071,0.001,0.001
cam0 extrinsics = -0.009,0.005,0.705,0.710 | 0.072,-0.021,-0.019
cam1 extrinsics = -0.005,0.011,0.705,0.709 | -0.044,-0.021,-0.028
q_GtoI = -0.603,-0.568,-0.412,0.380 | p_IinG = 0.396,6.778,0.885 | dist = 7.68 (meters)
bg = 0.0022,0.0213,0.0746 | ba = -0.0146,0.0751,0.1157
camera-imu timeoffset = -0.00004
cam0 intrinsics = 461.216,459.501,368.028,249.703 | -0.278,0.070,0.001,0.001
cam1 intrinsics = 459.467,457.834,382.256,257.176 | -0.278,0.071,0.001,0.001
cam0 extrinsics = -0.009,0.005,0.705,0.710 | 0.073,-0.021,-0.019
cam1 extrinsics = -0.005,0.011,0.705,0.709 | -0.043,-0.021,-0.028
q_GtoI = -0.595,-0.573,-0.413,0.384 | p_IinG = 0.377,6.841,0.886 | dist = 7.74 (meters)
bg = 0.0024,0.0213,0.0745 | ba = -0.0138,0.0767,0.1159
camera-imu timeoffset = -0.00005
cam0 intrinsics = 461.223,459.528,368.115,249.645 | -0.278,0.070,0.001,0.001
cam1 intrinsics = 459.477,457.866,382.328,257.125 | -0.278,0.071,0.001,0.001
cam0 extrinsics = -0.009,0.005,0.705,0.710 | 0.073,-0.020,-0.019
cam1 extrinsics = -0.005,0.011,0.705,0.709 | -0.043,-0.020,-0.028
q_GtoI = -0.588,-0.578,-0.413,0.387 | p_IinG = 0.359,6.905,0.888 | dist = 7.80 (meters)
bg = 0.0026,0.0213,0.0745 | ba = -0.0140,0.0786,0.1164
camera-imu timeoffset = -0.00006
cam0 intrinsics = 461.232,459.531,368.193,249.608 | -0.278,0.070,0.001,0.001
cam1 intrinsics = 459.494,457.876,382.391,257.095 | -0.278,0.071,0.001,0.001
cam0 extrinsics = -0.009,0.005,0.705,0.710 | 0.074,-0.020,-0.019
cam1 extrinsics = -0.005,0.011,0.705,0.709 | -0.042,-0.020,-0.028
q_GtoI = -0.581,-0.584,-0.410,0.391 | p_IinG = 0.339,6.968,0.892 | dist = 7.87 (meters)
bg = 0.0027,0.0213,0.0745 | ba = -0.0142,0.0800,0.1162
camera-imu timeoffset = -0.00007
cam0 intrinsics = 461.242,459.540,368.250,249.578 | -0.278,0.070,0.001,0.001
cam1 intrinsics = 459.516,457.894,382.432,257.077 | -0.278,0.071,0.001,0.001
cam0 extrinsics = -0.009,0.005,0.705,0.710 | 0.074,-0.020,-0.020
cam1 extrinsics = -0.005,0.011,0.705,0.709 | -0.042,-0.020,-0.029
q_GtoI = -0.574,-0.590,-0.406,0.397 | p_IinG = 0.318,7.034,0.898 | dist = 7.93 (meters)
bg = 0.0028,0.0213,0.0745 | ba = -0.0154,0.0794,0.1149
camera-imu timeoffset = -0.00006
cam0 intrinsics = 461.243,459.518,368.282,249.606 | -0.278,0.070,0.001,0.001
cam1 intrinsics = 459.545,457.893,382.447,257.072 | -0.278,0.071,0.001,0.001
cam0 extrinsics = -0.009,0.005,0.704,0.710 | 0.074,-0.020,-0.020
cam1 extrinsics = -0.005,0.011,0.705,0.709 | -0.043,-0.020,-0.029
q_GtoI = -0.567,-0.596,-0.401,0.403 | p_IinG = 0.297,7.104,0.908 | dist = 8.00 (meters)
bg = 0.0027,0.0214,0.0745 | ba = -0.0193,0.0768,0.1148
camera-imu timeoffset = -0.00005
cam0 intrinsics = 461.152,459.538,368.305,249.714 | -0.278,0.070,0.001,0.001
cam1 intrinsics = 459.527,457.987,382.463,257.090 | -0.278,0.071,0.001,0.001
cam0 extrinsics = -0.009,0.005,0.704,0.710 | 0.073,-0.021,-0.020
cam1 extrinsics = -0.005,0.011,0.705,0.709 | -0.044,-0.021,-0.028
q_GtoI = -0.561,-0.602,-0.396,0.409 | p_IinG = 0.276,7.170,0.919 | dist = 8.06 (meters)
bg = 0.0028,0.0214,0.0744 | ba = -0.0209,0.0760,0.1146
camera-imu timeoffset = -0.00003
cam0 intrinsics = 461.148,459.544,368.333,249.757 | -0.278,0.070,0.001,0.001
cam1 intrinsics = 459.538,458.005,382.483,257.116 | -0.278,0.071,0.001,0.001
cam0 extrinsics = -0.009,0.006,0.704,0.710 | 0.072,-0.021,-0.020
cam1 extrinsics = -0.005,0.011,0.705,0.709 | -0.044,-0.021,-0.028
q_GtoI = -0.555,-0.607,-0.392,0.413 | p_IinG = 0.258,7.233,0.930 | dist = 8.13 (meters)
bg = 0.0028,0.0215,0.0744 | ba = -0.0226,0.0761,0.1152
camera-imu timeoffset = -0.00002
cam0 intrinsics = 461.147,459.565,368.454,249.805 | -0.279,0.071,0.001,0.001
cam1 intrinsics = 459.569,458.035,382.475,257.192 | -0.278,0.071,0.001,0.001
cam0 extrinsics = -0.009,0.006,0.704,0.710 | 0.072,-0.022,-0.021
cam1 extrinsics = -0.005,0.011,0.705,0.709 | -0.044,-0.022,-0.028
q_GtoI = -0.552,-0.611,-0.385,0.416 | p_IinG = 0.241,7.298,0.939 | dist = 8.19 (meters)
bg = 0.0028,0.0215,0.0744 | ba = -0.0231,0.0758,0.1143
camera-imu timeoffset = 0.00001
cam0 intrinsics = 461.151,459.592,368.520,249.884 | -0.279,0.071,0.001,0.001
cam1 intrinsics = 459.602,458.086,382.504,257.250 | -0.278,0.071,0.001,0.001
cam0 extrinsics = -0.009,0.006,0.704,0.710 | 0.072,-0.022,-0.021
cam1 extrinsics = -0.005,0.011,0.705,0.709 | -0.045,-0.022,-0.028
q_GtoI = -0.549,-0.614,-0.378,0.421 | p_IinG = 0.222,7.362,0.948 | dist = 8.26 (meters)
bg = 0.0028,0.0216,0.0744 | ba = -0.0232,0.0756,0.1135
camera-imu timeoffset = 0.00002
cam0 intrinsics = 461.142,459.623,368.534,249.920 | -0.279,0.071,0.001,0.001
cam1 intrinsics = 459.601,458.124,382.513,257.278 | -0.279,0.071,0.001,0.001
cam0 extrinsics = -0.009,0.006,0.704,0.710 | 0.071,-0.023,-0.021
cam1 extrinsics = -0.005,0.011,0.705,0.709 | -0.045,-0.022,-0.028
q_GtoI = -0.547,-0.617,-0.373,0.425 | p_IinG = 0.203,7.426,0.956 | dist = 8.32 (meters)
bg = 0.0028,0.0216,0.0744 | ba = -0.0238,0.0760,0.1127
camera-imu timeoffset = 0.00002
cam0 intrinsics = 461.161,459.662,368.586,249.918 | -0.279,0.071,0.001,0.001
cam1 intrinsics = 459.627,458.171,382.545,257.269 | -0.279,0.071,0.001,0.001
cam0 extrinsics = -0.009,0.006,0.704,0.710 | 0.071,-0.023,-0.022
cam1 extrinsics = -0.005,0.011,0.705,0.709 | -0.045,-0.023,-0.028
q_GtoI = -0.546,-0.618,-0.368,0.429 | p_IinG = 0.184,7.490,0.962 | dist = 8.38 (meters)
bg = 0.0029,0.0218,0.0744 | ba = -0.0234,0.0777,0.1119
camera-imu timeoffset = 0.00003
cam0 intrinsics = 461.192,459.696,368.647,249.922 | -0.279,0.071,0.001,0.001
cam1 intrinsics = 459.666,458.212,382.588,257.266 | -0.279,0.071,0.001,0.001
cam0 extrinsics = -0.009,0.006,0.704,0.710 | 0.070,-0.024,-0.022
cam1 extrinsics = -0.005,0.011,0.705,0.709 | -0.046,-0.024,-0.029
q_GtoI = -0.544,-0.620,-0.366,0.431 | p_IinG = 0.165,7.553,0.967 | dist = 8.45 (meters)
bg = 0.0028,0.0219,0.0744 | ba = -0.0231,0.0796,0.1112
camera-imu timeoffset = 0.00001
cam0 intrinsics = 461.208,459.724,368.701,250.000 | -0.279,0.071,0.001,0.001
cam1 intrinsics = 459.686,458.245,382.642,257.334 | -0.279,0.071,0.001,0.001
cam0 extrinsics = -0.009,0.006,0.704,0.710 | 0.070,-0.025,-0.022
cam1 extrinsics = -0.005,0.011,0.705,0.709 | -0.047,-0.025,-0.029
q_GtoI = -0.541,-0.622,-0.365,0.433 | p_IinG = 0.146,7.616,0.970 | dist = 8.51 (meters)
bg = 0.0028,0.0219,0.0744 | ba = -0.0228,0.0815,0.1104
camera-imu timeoffset = 0.00002
cam0 intrinsics = 461.215,459.741,368.771,250.072 | -0.279,0.071,0.001,0.001
cam1 intrinsics = 459.704,458.286,382.659,257.417 | -0.279,0.071,0.001,0.001
cam0 extrinsics = -0.009,0.006,0.704,0.710 | 0.069,-0.026,-0.023
cam1 extrinsics = -0.005,0.011,0.705,0.709 | -0.047,-0.025,-0.029
q_GtoI = -0.539,-0.624,-0.366,0.432 | p_IinG = 0.127,7.677,0.970 | dist = 8.57 (meters)
bg = 0.0027,0.0219,0.0745 | ba = -0.0213,0.0830,0.1094
camera-imu timeoffset = 0.00001
cam0 intrinsics = 461.214,459.770,368.804,250.129 | -0.279,0.071,0.001,0.001
cam1 intrinsics = 459.708,458.321,382.681,257.472 | -0.279,0.071,0.001,0.001
cam0 extrinsics = -0.009,0.006,0.704,0.710 | 0.068,-0.026,-0.022
cam1 extrinsics = -0.005,0.011,0.705,0.709 | -0.048,-0.026,-0.028
q_GtoI = -0.537,-0.626,-0.366,0.432 | p_IinG = 0.115,7.738,0.963 | dist = 8.63 (meters)
bg = 0.0024,0.0216,0.0747 | ba = -0.0157,0.0818,0.1083
camera-imu timeoffset = 0.00002
cam0 intrinsics = 461.262,459.833,368.882,250.153 | -0.279,0.070,0.001,0.001
cam1 intrinsics = 459.759,458.380,382.730,257.507 | -0.279,0.071,0.001,0.001
cam0 extrinsics = -0.009,0.006,0.704,0.710 | 0.068,-0.025,-0.023
cam1 extrinsics = -0.005,0.011,0.705,0.709 | -0.049,-0.025,-0.029
q_GtoI = -0.534,-0.627,-0.368,0.431 | p_IinG = 0.098,7.799,0.961 | dist = 8.69 (meters)
bg = 0.0023,0.0215,0.0748 | ba = -0.0139,0.0829,0.1077
camera-imu timeoffset = 0.00001
cam0 intrinsics = 461.251,459.864,368.913,250.223 | -0.279,0.070,0.001,0.001
cam1 intrinsics = 459.755,458.419,382.748,257.575 | -0.279,0.071,0.001,0.001
cam0 extrinsics = -0.009,0.006,0.704,0.710 | 0.067,-0.026,-0.023
cam1 extrinsics = -0.005,0.011,0.705,0.709 | -0.049,-0.025,-0.028
q_GtoI = -0.532,-0.629,-0.370,0.430 | p_IinG = 0.081,7.861,0.957 | dist = 8.75 (meters)
bg = 0.0023,0.0214,0.0749 | ba = -0.0126,0.0837,0.1069
camera-imu timeoffset = 0.00002
cam0 intrinsics = 461.245,459.897,368.953,250.288 | -0.279,0.070,0.001,0.001
cam1 intrinsics = 459.757,458.464,382.756,257.627 | -0.279,0.071,0.001,0.001
cam0 extrinsics = -0.009,0.006,0.704,0.710 | 0.067,-0.026,-0.023
cam1 extrinsics = -0.005,0.011,0.705,0.709 | -0.050,-0.026,-0.028
q_GtoI = -0.530,-0.629,-0.373,0.430 | p_IinG = 0.060,7.916,0.951 | dist = 8.81 (meters)
bg = 0.0022,0.0213,0.0749 | ba = -0.0096,0.0873,0.1037
camera-imu timeoffset = 0.00001
cam0 intrinsics = 461.189,459.919,368.949,250.344 | -0.279,0.070,0.001,0.001
cam1 intrinsics = 459.733,458.531,382.767,257.636 | -0.279,0.071,0.001,0.001
cam0 extrinsics = -0.009,0.006,0.704,0.710 | 0.066,-0.026,-0.023
cam1 extrinsics = -0.005,0.011,0.705,0.709 | -0.050,-0.026,-0.028
q_GtoI = -0.529,-0.630,-0.374,0.429 | p_IinG = 0.044,7.974,0.944 | dist = 8.87 (meters)
bg = 0.0020,0.0211,0.0749 | ba = -0.0078,0.0870,0.1032
camera-imu timeoffset = 0.00000
cam0 intrinsics = 461.126,459.990,368.974,250.362 | -0.279,0.070,0.001,0.001
cam1 intrinsics = 459.701,458.615,382.717,257.665 | -0.279,0.071,0.001,0.001
cam0 extrinsics = -0.009,0.006,0.704,0.710 | 0.066,-0.027,-0.023
cam1 extrinsics = -0.005,0.011,0.705,0.709 | -0.051,-0.026,-0.028
q_GtoI = -0.528,-0.629,-0.376,0.429 | p_IinG = 0.029,8.037,0.938 | dist = 8.93 (meters)
bg = 0.0019,0.0210,0.0750 | ba = -0.0072,0.0858,0.1026
camera-imu timeoffset = -0.00000
cam0 intrinsics = 461.119,460.036,368.955,250.372 | -0.279,0.070,0.001,0.001
cam1 intrinsics = 459.716,458.673,382.647,257.669 | -0.279,0.071,0.001,0.001
cam0 extrinsics = -0.009,0.006,0.704,0.710 | 0.065,-0.027,-0.024
cam1 extrinsics = -0.005,0.011,0.705,0.709 | -0.051,-0.027,-0.029
q_GtoI = -0.529,-0.628,-0.375,0.430 | p_IinG = 0.013,8.098,0.931 | dist = 8.99 (meters)
bg = 0.0018,0.0210,0.0750 | ba = -0.0065,0.0841,0.1015
camera-imu timeoffset = -0.00001
cam0 intrinsics = 461.112,460.072,368.944,250.396 | -0.279,0.070,0.001,0.001
cam1 intrinsics = 459.714,458.713,382.629,257.692 | -0.279,0.071,0.001,0.001
cam0 extrinsics = -0.009,0.006,0.704,0.710 | 0.065,-0.028,-0.024
cam1 extrinsics = -0.005,0.011,0.705,0.709 | -0.051,-0.027,-0.029
q_GtoI = -0.531,-0.627,-0.374,0.431 | p_IinG = -0.006,8.156,0.922 | dist = 9.05 (meters)
bg = 0.0016,0.0207,0.0750 | ba = -0.0039,0.0827,0.0997
camera-imu timeoffset = -0.00002
cam0 intrinsics = 461.042,460.079,369.045,250.423 | -0.279,0.070,0.001,0.000
cam1 intrinsics = 459.702,458.756,382.564,257.711 | -0.279,0.071,0.001,0.001
cam0 extrinsics = -0.009,0.006,0.704,0.710 | 0.066,-0.028,-0.025
cam1 extrinsics = -0.005,0.011,0.705,0.709 | -0.050,-0.027,-0.029
q_GtoI = -0.533,-0.626,-0.370,0.431 | p_IinG = -0.025,8.218,0.917 | dist = 9.11 (meters)
bg = 0.0015,0.0207,0.0750 | ba = -0.0051,0.0815,0.0988
camera-imu timeoffset = -0.00003
cam0 intrinsics = 461.053,460.101,369.040,250.441 | -0.279,0.070,0.001,0.000
cam1 intrinsics = 459.713,458.776,382.558,257.735 | -0.279,0.071,0.001,0.001
cam0 extrinsics = -0.009,0.006,0.704,0.710 | 0.066,-0.028,-0.025
cam1 extrinsics = -0.005,0.011,0.705,0.709 | -0.050,-0.027,-0.029
q_GtoI = -0.537,-0.626,-0.367,0.431 | p_IinG = -0.043,8.278,0.914 | dist = 9.16 (meters)
bg = 0.0015,0.0207,0.0750 | ba = -0.0060,0.0809,0.0978
camera-imu timeoffset = -0.00003
cam0 intrinsics = 461.077,460.107,369.033,250.460 | -0.279,0.070,0.001,0.000
cam1 intrinsics = 459.740,458.783,382.549,257.756 | -0.279,0.071,0.001,0.001
cam0 extrinsics = -0.009,0.006,0.704,0.710 | 0.066,-0.028,-0.025
cam1 extrinsics = -0.005,0.011,0.705,0.709 | -0.050,-0.027,-0.029
q_GtoI = -0.540,-0.625,-0.364,0.430 | p_IinG = -0.061,8.336,0.913 | dist = 9.22 (meters)
bg = 0.0014,0.0206,0.0751 | ba = -0.0062,0.0800,0.0974
camera-imu timeoffset = -0.00003
cam0 intrinsics = 461.107,460.105,369.033,250.472 | -0.279,0.070,0.001,0.000
cam1 intrinsics = 459.772,458.781,382.549,257.770 | -0.279,0.071,0.001,0.001
cam0 extrinsics = -0.009,0.006,0.704,0.710 | 0.066,-0.028,-0.025
cam1 extrinsics = -0.005,0.011,0.705,0.709 | -0.050,-0.027,-0.029
q_GtoI = -0.542,-0.625,-0.362,0.430 | p_IinG = -0.078,8.395,0.914 | dist = 9.28 (meters)
bg = 0.0014,0.0208,0.0751 | ba = -0.0063,0.0796,0.0971
camera-imu timeoffset = -0.00001
cam0 intrinsics = 461.146,460.095,369.025,250.489 | -0.279,0.070,0.001,0.000
cam1 intrinsics = 459.813,458.774,382.534,257.784 | -0.279,0.071,0.001,0.001
cam0 extrinsics = -0.009,0.006,0.704,0.710 | 0.066,-0.027,-0.025
cam1 extrinsics = -0.005,0.011,0.705,0.709 | -0.050,-0.027,-0.029
q_GtoI = -0.545,-0.626,-0.359,0.427 | p_IinG = -0.095,8.455,0.918 | dist = 9.34 (meters)
bg = 0.0012,0.0208,0.0752 | ba = -0.0073,0.0795,0.0968
camera-imu timeoffset = -0.00001
cam0 intrinsics = 461.181,460.082,369.025,250.501 | -0.279,0.070,0.001,0.000
cam1 intrinsics = 459.848,458.762,382.527,257.795 | -0.279,0.071,0.001,0.001
cam0 extrinsics = -0.009,0.006,0.704,0.710 | 0.066,-0.027,-0.025
cam1 extrinsics = -0.005,0.011,0.705,0.709 | -0.050,-0.027,-0.029
q_GtoI = -0.548,-0.627,-0.356,0.424 | p_IinG = -0.111,8.513,0.922 | dist = 9.40 (meters)
bg = 0.0011,0.0208,0.0753 | ba = -0.0068,0.0789,0.0975
camera-imu timeoffset = -0.00001
cam0 intrinsics = 461.185,460.049,369.015,250.497 | -0.279,0.070,0.001,0.000
cam1 intrinsics = 459.859,458.737,382.517,257.788 | -0.279,0.071,0.001,0.000
cam0 extrinsics = -0.009,0.006,0.704,0.710 | 0.066,-0.027,-0.025
cam1 extrinsics = -0.005,0.011,0.705,0.709 | -0.051,-0.026,-0.029
q_GtoI = -0.550,-0.629,-0.352,0.420 | p_IinG = -0.127,8.574,0.928 | dist = 9.46 (meters)
bg = 0.0009,0.0207,0.0753 | ba = -0.0057,0.0775,0.0985
camera-imu timeoffset = -0.00001
cam0 intrinsics = 461.179,460.008,368.996,250.489 | -0.279,0.070,0.001,0.000
cam1 intrinsics = 459.862,458.707,382.504,257.767 | -0.279,0.071,0.001,0.000
cam0 extrinsics = -0.009,0.006,0.704,0.710 | 0.065,-0.027,-0.026
cam1 extrinsics = -0.005,0.011,0.705,0.709 | -0.051,-0.026,-0.029
q_GtoI = -0.554,-0.632,-0.347,0.416 | p_IinG = -0.145,8.631,0.935 | dist = 9.52 (meters)
bg = 0.0007,0.0208,0.0754 | ba = -0.0074,0.0785,0.0989
camera-imu timeoffset = -0.00000
cam0 intrinsics = 461.169,459.993,368.992,250.492 | -0.279,0.070,0.001,0.000
cam1 intrinsics = 459.845,458.689,382.513,257.761 | -0.279,0.071,0.001,0.000
cam0 extrinsics = -0.009,0.006,0.704,0.710 | 0.065,-0.027,-0.026
cam1 extrinsics = -0.005,0.011,0.705,0.709 | -0.051,-0.026,-0.029
q_GtoI = -0.557,-0.635,-0.344,0.410 | p_IinG = -0.161,8.689,0.941 | dist = 9.58 (meters)
bg = 0.0006,0.0208,0.0756 | ba = -0.0089,0.0786,0.1002
camera-imu timeoffset = 0.00001
cam0 intrinsics = 461.153,459.979,368.998,250.522 | -0.279,0.070,0.001,0.000
cam1 intrinsics = 459.837,458.680,382.519,257.781 | -0.279,0.071,0.001,0.000
cam0 extrinsics = -0.009,0.006,0.704,0.710 | 0.065,-0.027,-0.025
cam1 extrinsics = -0.005,0.011,0.705,0.709 | -0.051,-0.026,-0.029
q_GtoI = -0.558,-0.636,-0.343,0.408 | p_IinG = -0.177,8.751,0.947 | dist = 9.64 (meters)
bg = 0.0004,0.0208,0.0757 | ba = -0.0102,0.0793,0.1018
camera-imu timeoffset = 0.00000
cam0 intrinsics = 461.134,459.973,369.017,250.516 | -0.279,0.070,0.001,0.000
cam1 intrinsics = 459.822,458.681,382.529,257.759 | -0.279,0.071,0.001,0.000
cam0 extrinsics = -0.009,0.006,0.704,0.710 | 0.065,-0.027,-0.025
cam1 extrinsics = -0.005,0.011,0.705,0.709 | -0.051,-0.027,-0.029
q_GtoI = -0.557,-0.633,-0.345,0.411 | p_IinG = -0.193,8.815,0.952 | dist = 9.71 (meters)
bg = 0.0003,0.0210,0.0758 | ba = -0.0111,0.0794,0.1028
camera-imu timeoffset = -0.00002
cam0 intrinsics = 461.126,459.959,369.020,250.534 | -0.279,0.070,0.001,0.000
cam1 intrinsics = 459.816,458.671,382.532,257.768 | -0.279,0.071,0.001,0.000
cam0 extrinsics = -0.009,0.006,0.704,0.710 | 0.065,-0.028,-0.025
cam1 extrinsics = -0.005,0.011,0.705,0.709 | -0.052,-0.027,-0.029
q_GtoI = -0.555,-0.628,-0.349,0.418 | p_IinG = -0.208,8.887,0.956 | dist = 9.77 (meters)
bg = 0.0003,0.0210,0.0757 | ba = -0.0108,0.0799,0.1025
camera-imu timeoffset = -0.00003
cam0 intrinsics = 461.139,459.889,368.913,250.443 | -0.279,0.070,0.001,0.000
cam1 intrinsics = 459.879,458.659,382.376,257.624 | -0.279,0.071,0.001,0.000
cam0 extrinsics = -0.009,0.006,0.704,0.710 | 0.065,-0.028,-0.026
cam1 extrinsics = -0.005,0.011,0.705,0.709 | -0.052,-0.027,-0.028
q_GtoI = -0.552,-0.623,-0.355,0.426 | p_IinG = -0.223,8.958,0.959 | dist = 9.84 (meters)
bg = 0.0003,0.0211,0.0757 | ba = -0.0106,0.0805,0.1016
camera-imu timeoffset = -0.00003
cam0 intrinsics = 461.152,459.853,368.909,250.444 | -0.279,0.070,0.001,0.000
cam1 intrinsics = 459.894,458.625,382.365,257.620 | -0.279,0.071,0.001,0.000
cam0 extrinsics = -0.009,0.006,0.704,0.710 | 0.065,-0.028,-0.026
cam1 extrinsics = -0.005,0.011,0.705,0.709 | -0.052,-0.027,-0.028
q_GtoI = -0.548,-0.616,-0.362,0.435 | p_IinG = -0.238,9.029,0.963 | dist = 9.91 (meters)
bg = 0.0003,0.0213,0.0757 | ba = -0.0104,0.0806,0.1015
camera-imu timeoffset = -0.00004
cam0 intrinsics = 461.164,459.830,368.919,250.477 | -0.279,0.070,0.001,0.000
cam1 intrinsics = 459.904,458.604,382.370,257.644 | -0.279,0.070,0.001,0.000
cam0 extrinsics = -0.009,0.006,0.704,0.710 | 0.065,-0.028,-0.026
cam1 extrinsics = -0.005,0.011,0.705,0.709 | -0.052,-0.028,-0.028
q_GtoI = -0.545,-0.609,-0.367,0.444 | p_IinG = -0.251,9.101,0.966 | dist = 9.98 (meters)
bg = 0.0002,0.0213,0.0757 | ba = -0.0094,0.0806,0.1011
camera-imu timeoffset = -0.00003
cam0 intrinsics = 461.193,459.812,368.920,250.472 | -0.279,0.070,0.001,0.000
cam1 intrinsics = 459.933,458.588,382.364,257.633 | -0.279,0.071,0.001,0.000
cam0 extrinsics = -0.010,0.006,0.704,0.710 | 0.065,-0.028,-0.025
cam1 extrinsics = -0.005,0.011,0.705,0.709 | -0.052,-0.028,-0.027
q_GtoI = -0.543,-0.602,-0.369,0.455 | p_IinG = -0.265,9.171,0.971 | dist = 10.04 (meters)
bg = 0.0003,0.0214,0.0757 | ba = -0.0081,0.0805,0.1014
camera-imu timeoffset = -0.00002
cam0 intrinsics = 461.195,459.813,368.917,250.451 | -0.279,0.070,0.001,0.000
cam1 intrinsics = 459.930,458.582,382.366,257.619 | -0.279,0.070,0.001,0.000
cam0 extrinsics = -0.010,0.006,0.704,0.710 | 0.065,-0.029,-0.024
cam1 extrinsics = -0.005,0.011,0.705,0.709 | -0.052,-0.028,-0.027
q_GtoI = -0.543,-0.594,-0.369,0.465 | p_IinG = -0.276,9.239,0.979 | dist = 10.11 (meters)
bg = 0.0003,0.0215,0.0756 | ba = -0.0077,0.0812,0.1026
camera-imu timeoffset = -0.00001
cam0 intrinsics = 461.187,459.850,368.909,250.449 | -0.279,0.070,0.001,0.000
cam1 intrinsics = 459.921,458.619,382.364,257.621 | -0.279,0.070,0.001,0.000
cam0 extrinsics = -0.010,0.006,0.704,0.710 | 0.065,-0.029,-0.024
cam1 extrinsics = -0.005,0.012,0.705,0.709 | -0.052,-0.028,-0.027
q_GtoI = -0.544,-0.589,-0.367,0.472 | p_IinG = -0.286,9.306,0.988 | dist = 10.17 (meters)
bg = 0.0004,0.0216,0.0757 | ba = -0.0069,0.0819,0.1034
camera-imu timeoffset = -0.00001
cam0 intrinsics = 461.190,459.871,368.914,250.439 | -0.279,0.070,0.001,0.000
cam1 intrinsics = 459.922,458.638,382.359,257.609 | -0.278,0.070,0.001,0.000
cam0 extrinsics = -0.010,0.006,0.704,0.710 | 0.065,-0.029,-0.024
cam1 extrinsics = -0.005,0.012,0.705,0.709 | -0.052,-0.028,-0.027
q_GtoI = -0.544,-0.584,-0.366,0.478 | p_IinG = -0.296,9.375,0.998 | dist = 10.23 (meters)
bg = 0.0004,0.0217,0.0756 | ba = -0.0055,0.0821,0.1038
camera-imu timeoffset = 0.00000
cam0 intrinsics = 461.123,459.947,368.910,250.400 | -0.279,0.070,0.001,0.000
cam1 intrinsics = 459.848,458.714,382.348,257.568 | -0.278,0.070,0.000,0.000
cam0 extrinsics = -0.010,0.007,0.704,0.710 | 0.065,-0.029,-0.024
cam1 extrinsics = -0.005,0.012,0.705,0.709 | -0.052,-0.029,-0.026
q_GtoI = -0.545,-0.582,-0.364,0.481 | p_IinG = -0.303,9.440,1.011 | dist = 10.30 (meters)
bg = 0.0005,0.0217,0.0757 | ba = -0.0050,0.0820,0.1051
camera-imu timeoffset = 0.00001
cam0 intrinsics = 461.112,459.988,368.942,250.398 | -0.279,0.070,0.001,0.000
cam1 intrinsics = 459.843,458.762,382.367,257.568 | -0.278,0.070,0.000,0.000
cam0 extrinsics = -0.010,0.006,0.704,0.710 | 0.065,-0.029,-0.024
cam1 extrinsics = -0.005,0.012,0.705,0.709 | -0.052,-0.028,-0.026
q_GtoI = -0.543,-0.582,-0.367,0.481 | p_IinG = -0.307,9.500,1.025 | dist = 10.36 (meters)
bg = 0.0004,0.0216,0.0756 | ba = -0.0032,0.0829,0.1072
camera-imu timeoffset = -0.00001
cam0 intrinsics = 461.031,460.105,368.951,250.391 | -0.278,0.070,0.001,0.000
cam1 intrinsics = 459.771,458.889,382.369,257.555 | -0.278,0.070,0.000,0.000
cam0 extrinsics = -0.010,0.006,0.704,0.710 | 0.065,-0.029,-0.023
cam1 extrinsics = -0.005,0.012,0.705,0.709 | -0.052,-0.029,-0.025
q_GtoI = -0.540,-0.583,-0.370,0.480 | p_IinG = -0.309,9.559,1.042 | dist = 10.41 (meters)
bg = 0.0004,0.0216,0.0757 | ba = -0.0016,0.0849,0.1093
camera-imu timeoffset = -0.00000
cam0 intrinsics = 461.002,460.164,368.965,250.372 | -0.278,0.070,0.001,0.000
cam1 intrinsics = 459.749,458.955,382.383,257.526 | -0.278,0.070,0.000,0.000
cam0 extrinsics = -0.010,0.006,0.704,0.710 | 0.065,-0.030,-0.023
cam1 extrinsics = -0.005,0.012,0.705,0.709 | -0.051,-0.029,-0.025
q_GtoI = -0.536,-0.588,-0.376,0.475 | p_IinG = -0.307,9.613,1.062 | dist = 10.47 (meters)
bg = 0.0004,0.0215,0.0757 | ba = -0.0000,0.0869,0.1115
camera-imu timeoffset = -0.00001
cam0 intrinsics = 460.958,460.216,368.954,250.333 | -0.278,0.070,0.001,0.000
cam1 intrinsics = 459.714,459.015,382.372,257.486 | -0.278,0.070,0.000,0.000
cam0 extrinsics = -0.010,0.006,0.704,0.710 | 0.066,-0.030,-0.023
cam1 extrinsics = -0.005,0.012,0.705,0.709 | -0.051,-0.029,-0.025
q_GtoI = -0.533,-0.592,-0.381,0.469 | p_IinG = -0.303,9.662,1.083 | dist = 10.53 (meters)
bg = 0.0003,0.0213,0.0756 | ba = 0.0009,0.0884,0.1139
camera-imu timeoffset = -0.00003
cam0 intrinsics = 460.909,460.262,368.934,250.282 | -0.278,0.070,0.001,0.000
cam1 intrinsics = 459.665,459.062,382.333,257.438 | -0.278,0.070,0.000,0.000
cam0 extrinsics = -0.010,0.006,0.704,0.710 | 0.066,-0.030,-0.023
cam1 extrinsics = -0.005,0.012,0.705,0.709 | -0.051,-0.029,-0.025
q_GtoI = -0.530,-0.595,-0.384,0.466 | p_IinG = -0.298,9.709,1.108 | dist = 10.58 (meters)
bg = 0.0003,0.0213,0.0757 | ba = 0.0020,0.0900,0.1158
camera-imu timeoffset = -0.00004
cam0 intrinsics = 460.881,460.307,368.932,250.233 | -0.278,0.070,0.001,0.000
cam1 intrinsics = 459.639,459.109,382.335,257.390 | -0.278,0.070,0.000,0.000
cam0 extrinsics = -0.010,0.006,0.704,0.710 | 0.066,-0.030,-0.023
cam1 extrinsics = -0.005,0.012,0.705,0.709 | -0.050,-0.029,-0.025
q_GtoI = -0.528,-0.598,-0.387,0.462 | p_IinG = -0.286,9.759,1.131 | dist = 10.63 (meters)
bg = 0.0002,0.0212,0.0758 | ba = 0.0058,0.0883,0.1175
camera-imu timeoffset = -0.00005
cam0 intrinsics = 460.828,460.405,368.922,250.209 | -0.278,0.070,0.001,0.000
cam1 intrinsics = 459.587,459.202,382.283,257.353 | -0.278,0.070,0.000,0.000
cam0 extrinsics = -0.010,0.006,0.704,0.710 | 0.068,-0.031,-0.024
cam1 extrinsics = -0.005,0.012,0.705,0.709 | -0.049,-0.030,-0.026
q_GtoI = -0.528,-0.601,-0.386,0.459 | p_IinG = -0.278,9.801,1.159 | dist = 10.68 (meters)
bg = 0.0001,0.0211,0.0759 | ba = 0.0060,0.0888,0.1190
camera-imu timeoffset = -0.00006
cam0 intrinsics = 460.801,460.433,368.918,250.185 | -0.278,0.070,0.001,0.000
cam1 intrinsics = 459.560,459.230,382.283,257.333 | -0.278,0.070,0.000,0.000
cam0 extrinsics = -0.010,0.007,0.704,0.710 | 0.068,-0.031,-0.024
cam1 extrinsics = -0.005,0.012,0.705,0.709 | -0.049,-0.030,-0.026
q_GtoI = -0.529,-0.604,-0.385,0.455 | p_IinG = -0.261,9.814,1.190 | dist = 10.73 (meters)
bg = -0.0001,0.0208,0.0758 | ba = 0.0030,0.0895,0.1242
camera-imu timeoffset = -0.00008
cam0 intrinsics = 460.862,460.343,368.851,250.072 | -0.278,0.070,0.001,0.000
cam1 intrinsics = 459.630,459.146,382.212,257.237 | -0.278,0.070,0.000,0.000
cam0 extrinsics = -0.010,0.007,0.704,0.710 | 0.067,-0.033,-0.023
cam1 extrinsics = -0.005,0.012,0.705,0.709 | -0.049,-0.032,-0.025
q_GtoI = -0.532,-0.609,-0.380,0.449 | p_IinG = -0.253,9.845,1.223 | dist = 10.78 (meters)
bg = -0.0000,0.0209,0.0759 | ba = 0.0013,0.0905,0.1256
camera-imu timeoffset = -0.00008
cam0 intrinsics = 460.862,460.338,368.860,250.056 | -0.278,0.070,0.001,0.000
cam1 intrinsics = 459.631,459.140,382.218,257.221 | -0.278,0.070,0.000,0.000
cam0 extrinsics = -0.010,0.007,0.704,0.710 | 0.067,-0.033,-0.022
cam1 extrinsics = -0.005,0.012,0.705,0.709 | -0.050,-0.032,-0.024
q_GtoI = -0.535,-0.615,-0.375,0.442 | p_IinG = -0.244,9.872,1.259 | dist = 10.83 (meters)
bg = -0.0001,0.0210,0.0760 | ba = 0.0005,0.0923,0.1276
camera-imu timeoffset = -0.00008
cam0 intrinsics = 460.839,460.347,368.867,250.045 | -0.278,0.070,0.001,0.000
cam1 intrinsics = 459.623,459.172,382.224,257.198 | -0.278,0.070,0.000,0.000
cam0 extrinsics = -0.010,0.007,0.704,0.710 | 0.066,-0.034,-0.022
cam1 extrinsics = -0.005,0.012,0.705,0.709 | -0.050,-0.033,-0.024
q_GtoI = -0.538,-0.619,-0.370,0.436 | p_IinG = -0.233,9.904,1.295 | dist = 10.88 (meters)
bg = -0.0001,0.0211,0.0761 | ba = 0.0010,0.0926,0.1291
camera-imu timeoffset = -0.00009
cam0 intrinsics = 460.835,460.360,368.870,250.035 | -0.278,0.070,0.001,0.000
cam1 intrinsics = 459.621,459.186,382.226,257.189 | -0.278,0.070,0.000,0.000
cam0 extrinsics = -0.010,0.007,0.704,0.710 | 0.066,-0.035,-0.022
cam1 extrinsics = -0.005,0.012,0.705,0.709 | -0.050,-0.034,-0.024
q_GtoI = -0.540,-0.623,-0.366,0.432 | p_IinG = -0.212,9.918,1.331 | dist = 10.94 (meters)
bg = -0.0003,0.0209,0.0761 | ba = 0.0033,0.0923,0.1349
camera-imu timeoffset = -0.00008
cam0 intrinsics = 460.980,460.216,368.848,249.991 | -0.278,0.070,0.001,0.000
cam1 intrinsics = 459.753,459.036,382.207,257.111 | -0.278,0.070,0.000,0.000
cam0 extrinsics = -0.010,0.006,0.704,0.710 | 0.067,-0.037,-0.023
cam1 extrinsics = -0.006,0.012,0.705,0.709 | -0.049,-0.036,-0.024
q_GtoI = -0.542,-0.626,-0.364,0.428 | p_IinG = -0.198,9.952,1.369 | dist = 10.99 (meters)
bg = -0.0003,0.0209,0.0762 | ba = 0.0045,0.0938,0.1366
camera-imu timeoffset = -0.00009
cam0 intrinsics = 461.089,460.162,368.817,249.939 | -0.278,0.070,0.001,0.000
cam1 intrinsics = 459.871,458.991,382.183,257.061 | -0.278,0.070,0.000,0.000
cam0 extrinsics = -0.010,0.007,0.704,0.710 | 0.067,-0.038,-0.023
cam1 extrinsics = -0.006,0.012,0.705,0.709 | -0.049,-0.037,-0.024
q_GtoI = -0.543,-0.627,-0.362,0.426 | p_IinG = -0.186,9.985,1.408 | dist = 11.04 (meters)
bg = -0.0003,0.0211,0.0762 | ba = 0.0054,0.0936,0.1383
camera-imu timeoffset = -0.00011
cam0 intrinsics = 461.111,460.155,368.807,249.944 | -0.278,0.070,0.001,0.000
cam1 intrinsics = 459.897,458.986,382.168,257.064 | -0.278,0.070,0.000,0.000
cam0 extrinsics = -0.010,0.006,0.704,0.710 | 0.066,-0.038,-0.023
cam1 extrinsics = -0.006,0.012,0.705,0.709 | -0.049,-0.038,-0.024
q_GtoI = -0.544,-0.627,-0.361,0.425 | p_IinG = -0.173,10.021,1.444 | dist = 11.10 (meters)
bg = -0.0004,0.0212,0.0762 | ba = 0.0064,0.0931,0.1399
camera-imu timeoffset = -0.00012
cam0 intrinsics = 461.138,460.139,368.805,249.941 | -0.278,0.070,0.001,0.000
cam1 intrinsics = 459.923,458.970,382.165,257.061 | -0.278,0.070,0.000,0.000
cam0 extrinsics = -0.010,0.006,0.704,0.710 | 0.066,-0.039,-0.023
cam1 extrinsics = -0.006,0.012,0.705,0.709 | -0.050,-0.038,-0.024
q_GtoI = -0.544,-0.628,-0.361,0.424 | p_IinG = -0.159,10.080,1.479 | dist = 11.15 (meters)
bg = -0.0003,0.0211,0.0761 | ba = 0.0095,0.0917,0.1384
camera-imu timeoffset = -0.00010
cam0 intrinsics = 461.192,460.094,368.843,249.926 | -0.278,0.070,0.001,0.000
cam1 intrinsics = 459.980,458.925,382.205,257.047 | -0.278,0.070,0.000,0.000
cam0 extrinsics = -0.010,0.007,0.704,0.710 | 0.065,-0.038,-0.023
cam1 extrinsics = -0.006,0.012,0.705,0.709 | -0.051,-0.037,-0.024
q_GtoI = -0.545,-0.628,-0.360,0.423 | p_IinG = -0.150,10.123,1.514 | dist = 11.20 (meters)
bg = -0.0002,0.0213,0.0761 | ba = 0.0101,0.0917,0.1384
camera-imu timeoffset = -0.00011
cam0 intrinsics = 461.215,460.066,368.888,249.935 | -0.278,0.070,0.001,0.000
cam1 intrinsics = 460.007,458.899,382.254,257.056 | -0.278,0.070,0.000,0.000
cam0 extrinsics = -0.010,0.007,0.704,0.710 | 0.065,-0.038,-0.023
cam1 extrinsics = -0.006,0.012,0.705,0.709 | -0.051,-0.038,-0.024
q_GtoI = -0.546,-0.627,-0.360,0.423 | p_IinG = -0.127,10.178,1.540 | dist = 11.25 (meters)
bg = -0.0003,0.0208,0.0761 | ba = 0.0176,0.0893,0.1390
camera-imu timeoffset = -0.00009
cam0 intrinsics = 461.390,459.979,368.827,249.850 | -0.278,0.070,0.001,0.000
cam1 intrinsics = 460.160,458.777,382.247,256.958 | -0.278,0.070,0.001,0.000
cam0 extrinsics = -0.010,0.007,0.704,0.710 | 0.064,-0.037,-0.023
cam1 extrinsics = -0.006,0.012,0.705,0.709 | -0.052,-0.036,-0.025
q_GtoI = -0.546,-0.627,-0.361,0.424 | p_IinG = -0.116,10.218,1.571 | dist = 11.30 (meters)
bg = -0.0003,0.0208,0.0761 | ba = 0.0199,0.0893,0.1403
camera-imu timeoffset = -0.00009
cam0 intrinsics = 461.417,459.939,368.871,249.859 | -0.278,0.070,0.001,0.000
cam1 intrinsics = 460.191,458.742,382.295,256.963 | -0.278,0.071,0.001,0.000
cam0 extrinsics = -0.010,0.007,0.704,0.710 | 0.064,-0.037,-0.023
cam1 extrinsics = -0.006,0.012,0.705,0.709 | -0.053,-0.036,-0.024
q_GtoI = -0.546,-0.624,-0.361,0.428 | p_IinG = -0.096,10.257,1.598 | dist = 11.35 (meters)
bg = -0.0006,0.0205,0.0762 | ba = 0.0231,0.0887,0.1467
camera-imu timeoffset = -0.00007
cam0 intrinsics = 461.521,460.010,368.689,249.719 | -0.278,0.070,0.001,0.000
cam1 intrinsics = 460.311,458.828,382.105,256.833 | -0.278,0.071,0.001,0.000
cam0 extrinsics = -0.010,0.006,0.704,0.710 | 0.064,-0.037,-0.023
cam1 extrinsics = -0.006,0.012,0.705,0.709 | -0.052,-0.036,-0.024
q_GtoI = -0.546,-0.620,-0.362,0.432 | p_IinG = -0.087,10.298,1.627 | dist = 11.40 (meters)
bg = -0.0004,0.0206,0.0761 | ba = 0.0242,0.0900,0.1460
camera-imu timeoffset = -0.00008
cam0 intrinsics = 461.527,460.006,368.690,249.724 | -0.278,0.070,0.001,0.000
cam1 intrinsics = 460.319,458.825,382.116,256.838 | -0.278,0.071,0.001,0.000
cam0 extrinsics = -0.010,0.007,0.704,0.710 | 0.064,-0.037,-0.022
cam1 extrinsics = -0.006,0.012,0.705,0.709 | -0.052,-0.036,-0.024
q_GtoI = -0.547,-0.613,-0.365,0.438 | p_IinG = -0.074,10.330,1.654 | dist = 11.45 (meters)
bg = -0.0005,0.0207,0.0760 | ba = 0.0263,0.0890,0.1451
camera-imu timeoffset = -0.00007
cam0 intrinsics = 461.512,460.002,368.679,249.724 | -0.278,0.070,0.001,0.000
cam1 intrinsics = 460.306,458.826,382.110,256.836 | -0.278,0.071,0.001,0.000
cam0 extrinsics = -0.010,0.006,0.704,0.710 | 0.064,-0.037,-0.022
cam1 extrinsics = -0.006,0.012,0.705,0.709 | -0.053,-0.036,-0.023
q_GtoI = -0.549,-0.605,-0.369,0.444 | p_IinG = -0.062,10.370,1.681 | dist = 11.50 (meters)
bg = -0.0004,0.0207,0.0760 | ba = 0.0269,0.0894,0.1444
camera-imu timeoffset = -0.00007
cam0 intrinsics = 461.494,460.040,368.659,249.717 | -0.278,0.070,0.001,0.000
cam1 intrinsics = 460.291,458.867,382.097,256.826 | -0.278,0.071,0.001,0.000
cam0 extrinsics = -0.010,0.007,0.704,0.710 | 0.063,-0.037,-0.022
cam1 extrinsics = -0.006,0.012,0.705,0.709 | -0.053,-0.036,-0.023
q_GtoI = -0.551,-0.598,-0.374,0.447 | p_IinG = -0.051,10.422,1.710 | dist = 11.55 (meters)
bg = -0.0004,0.0209,0.0760 | ba = 0.0253,0.0909,0.1441
camera-imu timeoffset = -0.00008
cam0 intrinsics = 461.442,460.125,368.603,249.656 | -0.278,0.070,0.001,0.000
cam1 intrinsics = 460.245,458.954,382.008,256.769 | -0.278,0.071,0.001,0.000
cam0 extrinsics = -0.010,0.007,0.704,0.710 | 0.063,-0.038,-0.022
cam1 extrinsics = -0.006,0.012,0.705,0.709 | -0.053,-0.037,-0.023
q_GtoI = -0.553,-0.591,-0.380,0.447 | p_IinG = -0.041,10.462,1.734 | dist = 11.60 (meters)
bg = -0.0005,0.0208,0.0761 | ba = 0.0272,0.0923,0.1441
camera-imu timeoffset = -0.00007
cam0 intrinsics = 461.363,460.199,368.581,249.641 | -0.278,0.070,0.001,0.000
cam1 intrinsics = 460.177,459.040,381.969,256.752 | -0.278,0.071,0.000,0.000
cam0 extrinsics = -0.010,0.007,0.704,0.710 | 0.063,-0.038,-0.021
cam1 extrinsics = -0.006,0.012,0.705,0.709 | -0.053,-0.037,-0.023
q_GtoI = -0.557,-0.584,-0.385,0.446 | p_IinG = -0.026,10.501,1.759 | dist = 11.65 (meters)
bg = -0.0006,0.0207,0.0761 | ba = 0.0282,0.0922,0.1457
camera-imu timeoffset = -0.00008
cam0 intrinsics = 461.320,460.272,368.528,249.635 | -0.278,0.070,0.001,0.000
cam1 intrinsics = 460.138,459.116,381.912,256.745 | -0.278,0.070,0.000,0.000
cam0 extrinsics = -0.010,0.007,0.704,0.710 | 0.062,-0.038,-0.021
cam1 extrinsics = -0.006,0.012,0.705,0.709 | -0.054,-0.037,-0.022
q_GtoI = -0.563,-0.578,-0.390,0.444 | p_IinG = -0.011,10.537,1.784 | dist = 11.69 (meters)
bg = -0.0006,0.0207,0.0762 | ba = 0.0282,0.0945,0.1470
camera-imu timeoffset = -0.00008
cam0 intrinsics = 461.302,460.353,368.489,249.638 | -0.278,0.070,0.001,0.000
cam1 intrinsics = 460.116,459.195,381.870,256.744 | -0.278,0.070,0.000,0.000
cam0 extrinsics = -0.010,0.007,0.704,0.710 | 0.062,-0.038,-0.020
cam1 extrinsics = -0.006,0.012,0.705,0.709 | -0.054,-0.037,-0.022
q_GtoI = -0.568,-0.573,-0.395,0.438 | p_IinG = 0.006,10.578,1.810 | dist = 11.74 (meters)
bg = -0.0006,0.0208,0.0762 | ba = 0.0267,0.0953,0.1483
camera-imu timeoffset = -0.00008
cam0 intrinsics = 461.278,460.433,368.415,249.598 | -0.278,0.070,0.001,0.000
cam1 intrinsics = 460.093,459.277,381.792,256.711 | -0.278,0.070,0.000,0.000
cam0 extrinsics = -0.010,0.007,0.704,0.710 | 0.062,-0.038,-0.020
cam1 extrinsics = -0.006,0.012,0.705,0.709 | -0.055,-0.037,-0.022
q_GtoI = -0.575,-0.568,-0.400,0.431 | p_IinG = 0.024,10.609,1.832 | dist = 11.78 (meters)
bg = -0.0007,0.0209,0.0764 | ba = 0.0275,0.0970,0.1471
camera-imu timeoffset = -0.00010
cam0 intrinsics = 461.280,460.495,368.415,249.590 | -0.278,0.070,0.001,0.000
cam1 intrinsics = 460.098,459.339,381.789,256.702 | -0.278,0.071,0.000,0.000
cam0 extrinsics = -0.010,0.007,0.704,0.710 | 0.062,-0.039,-0.019
cam1 extrinsics = -0.006,0.012,0.705,0.709 | -0.055,-0.038,-0.021
q_GtoI = -0.584,-0.562,-0.405,0.423 | p_IinG = 0.043,10.645,1.854 | dist = 11.82 (meters)
bg = -0.0008,0.0209,0.0763 | ba = 0.0267,0.0993,0.1450
camera-imu timeoffset = -0.00009
cam0 intrinsics = 461.297,460.555,368.423,249.581 | -0.278,0.070,0.001,0.000
cam1 intrinsics = 460.116,459.393,381.798,256.680 | -0.278,0.071,0.000,0.000
cam0 extrinsics = -0.010,0.007,0.704,0.710 | 0.062,-0.039,-0.019
cam1 extrinsics = -0.006,0.012,0.705,0.709 | -0.055,-0.038,-0.021
q_GtoI = -0.592,-0.555,-0.410,0.416 | p_IinG = 0.064,10.679,1.878 | dist = 11.86 (meters)
bg = -0.0009,0.0211,0.0763 | ba = 0.0256,0.1007,0.1458
camera-imu timeoffset = -0.00010
cam0 intrinsics = 461.291,460.647,368.432,249.603 | -0.278,0.070,0.001,0.000
cam1 intrinsics = 460.108,459.483,381.803,256.698 | -0.279,0.071,0.000,0.000
cam0 extrinsics = -0.010,0.007,0.704,0.710 | 0.061,-0.038,-0.018
cam1 extrinsics = -0.006,0.012,0.705,0.709 | -0.055,-0.037,-0.020
q_GtoI = -0.600,-0.549,-0.414,0.408 | p_IinG = 0.085,10.711,1.900 | dist = 11.90 (meters)
bg = -0.0010,0.0211,0.0763 | ba = 0.0260,0.1015,0.1460
camera-imu timeoffset = -0.00010
cam0 intrinsics = 461.288,460.732,368.440,249.629 | -0.278,0.070,0.001,0.000
cam1 intrinsics = 460.105,459.569,381.807,256.726 | -0.279,0.071,0.000,0.000
cam0 extrinsics = -0.010,0.007,0.704,0.710 | 0.061,-0.038,-0.018
cam1 extrinsics = -0.006,0.012,0.705,0.709 | -0.055,-0.038,-0.020
q_GtoI = -0.609,-0.544,-0.416,0.400 | p_IinG = 0.107,10.744,1.920 | dist = 11.94 (meters)
bg = -0.0010,0.0211,0.0763 | ba = 0.0262,0.1025,0.1443
camera-imu timeoffset = -0.00011
cam0 intrinsics = 461.307,460.826,368.355,249.633 | -0.278,0.070,0.001,0.000
cam1 intrinsics = 460.125,459.658,381.713,256.729 | -0.279,0.071,0.000,0.000
cam0 extrinsics = -0.010,0.007,0.704,0.710 | 0.061,-0.039,-0.018
cam1 extrinsics = -0.005,0.012,0.705,0.709 | -0.055,-0.038,-0.019
q_GtoI = -0.617,-0.541,-0.417,0.391 | p_IinG = 0.130,10.771,1.940 | dist = 11.98 (meters)
bg = -0.0010,0.0211,0.0764 | ba = 0.0264,0.1024,0.1439
camera-imu timeoffset = -0.00011
cam0 intrinsics = 461.327,460.888,368.319,249.636 | -0.278,0.070,0.001,0.000
cam1 intrinsics = 460.146,459.719,381.675,256.731 | -0.279,0.071,0.000,0.000
cam0 extrinsics = -0.010,0.007,0.704,0.710 | 0.062,-0.038,-0.018
cam1 extrinsics = -0.005,0.012,0.705,0.709 | -0.055,-0.037,-0.019
q_GtoI = -0.623,-0.539,-0.418,0.384 | p_IinG = 0.154,10.799,1.963 | dist = 12.02 (meters)
bg = -0.0014,0.0209,0.0763 | ba = 0.0266,0.0971,0.1446
camera-imu timeoffset = -0.00010
cam0 intrinsics = 461.357,460.977,368.197,249.605 | -0.278,0.070,0.001,0.000
cam1 intrinsics = 460.166,459.795,381.537,256.704 | -0.279,0.071,0.001,0.000
cam0 extrinsics = -0.010,0.007,0.704,0.710 | 0.062,-0.038,-0.019
cam1 extrinsics = -0.005,0.012,0.705,0.709 | -0.055,-0.037,-0.020
q_GtoI = -0.628,-0.536,-0.419,0.378 | p_IinG = 0.178,10.833,1.983 | dist = 12.06 (meters)
bg = -0.0015,0.0209,0.0763 | ba = 0.0251,0.0980,0.1447
camera-imu timeoffset = -0.00009
cam0 intrinsics = 461.398,461.015,368.188,249.595 | -0.278,0.070,0.001,0.000
cam1 intrinsics = 460.203,459.829,381.509,256.686 | -0.279,0.071,0.001,0.000
cam0 extrinsics = -0.010,0.007,0.704,0.710 | 0.061,-0.039,-0.018
cam1 extrinsics = -0.005,0.012,0.705,0.709 | -0.055,-0.038,-0.020
q_GtoI = -0.633,-0.533,-0.419,0.374 | p_IinG = 0.202,10.861,1.999 | dist = 12.10 (meters)
bg = -0.0015,0.0209,0.0763 | ba = 0.0255,0.0978,0.1433
camera-imu timeoffset = -0.00009
cam0 intrinsics = 461.423,461.037,368.190,249.606 | -0.278,0.070,0.001,0.000
cam1 intrinsics = 460.232,459.853,381.510,256.693 | -0.279,0.071,0.001,0.000
cam0 extrinsics = -0.010,0.007,0.704,0.710 | 0.061,-0.038,-0.018
cam1 extrinsics = -0.005,0.012,0.705,0.709 | -0.055,-0.038,-0.020
q_GtoI = -0.637,-0.530,-0.420,0.371 | p_IinG = 0.226,10.890,2.013 | dist = 12.14 (meters)
bg = -0.0015,0.0209,0.0763 | ba = 0.0252,0.0989,0.1419
camera-imu timeoffset = -0.00008
cam0 intrinsics = 461.458,461.065,368.191,249.610 | -0.278,0.070,0.001,0.000
cam1 intrinsics = 460.271,459.883,381.511,256.693 | -0.279,0.071,0.001,0.000
cam0 extrinsics = -0.010,0.007,0.704,0.710 | 0.061,-0.038,-0.018
cam1 extrinsics = -0.005,0.012,0.705,0.709 | -0.056,-0.038,-0.020
q_GtoI = -0.640,-0.526,-0.419,0.371 | p_IinG = 0.264,10.923,2.024 | dist = 12.18 (meters)
bg = -0.0016,0.0207,0.0762 | ba = 0.0242,0.0974,0.1414
camera-imu timeoffset = -0.00007
cam0 intrinsics = 461.765,461.290,367.648,249.247 | -0.278,0.070,0.001,0.000
cam1 intrinsics = 460.562,460.095,380.907,256.283 | -0.279,0.070,0.001,0.000
cam0 extrinsics = -0.010,0.007,0.704,0.710 | 0.062,-0.037,-0.017
cam1 extrinsics = -0.005,0.012,0.705,0.709 | -0.054,-0.036,-0.019
q_GtoI = -0.643,-0.522,-0.420,0.371 | p_IinG = 0.289,10.954,2.036 | dist = 12.22 (meters)
bg = -0.0016,0.0208,0.0763 | ba = 0.0235,0.0985,0.1409
camera-imu timeoffset = -0.00007
cam0 intrinsics = 461.800,461.330,367.633,249.235 | -0.278,0.070,0.001,0.000
cam1 intrinsics = 460.599,460.138,380.892,256.267 | -0.279,0.071,0.001,0.000
cam0 extrinsics = -0.010,0.007,0.704,0.710 | 0.062,-0.037,-0.017
cam1 extrinsics = -0.005,0.012,0.705,0.709 | -0.055,-0.036,-0.019
q_GtoI = -0.645,-0.519,-0.422,0.371 | p_IinG = 0.315,10.986,2.048 | dist = 12.26 (meters)
bg = -0.0016,0.0209,0.0763 | ba = 0.0225,0.1006,0.1400
camera-imu timeoffset = -0.00008
cam0 intrinsics = 461.839,461.380,367.610,249.220 | -0.278,0.070,0.001,0.000
cam1 intrinsics = 460.641,460.191,380.872,256.240 | -0.279,0.071,0.001,0.000
cam0 extrinsics = -0.010,0.007,0.704,0.710 | 0.062,-0.037,-0.017
cam1 extrinsics = -0.005,0.012,0.705,0.709 | -0.055,-0.037,-0.018
q_GtoI = -0.645,-0.515,-0.425,0.371 | p_IinG = 0.345,11.027,2.062 | dist = 12.30 (meters)
bg = -0.0017,0.0211,0.0762 | ba = 0.0197,0.1017,0.1416
camera-imu timeoffset = -0.00008
cam0 intrinsics = 461.893,461.437,367.607,249.210 | -0.278,0.070,0.001,0.000
cam1 intrinsics = 460.685,460.243,380.842,256.213 | -0.279,0.071,0.001,0.000
cam0 extrinsics = -0.010,0.007,0.704,0.710 | 0.061,-0.038,-0.017
cam1 extrinsics = -0.005,0.012,0.705,0.709 | -0.055,-0.037,-0.018
q_GtoI = -0.647,-0.510,-0.429,0.371 | p_IinG = 0.374,11.064,2.074 | dist = 12.34 (meters)
bg = -0.0017,0.0213,0.0762 | ba = 0.0184,0.1032,0.1433
camera-imu timeoffset = -0.00008
cam0 intrinsics = 461.942,461.496,367.595,249.198 | -0.278,0.070,0.001,0.000
cam1 intrinsics = 460.734,460.305,380.835,256.196 | -0.279,0.071,0.001,0.000
cam0 extrinsics = -0.010,0.007,0.704,0.710 | 0.061,-0.038,-0.017
cam1 extrinsics = -0.005,0.012,0.705,0.709 | -0.055,-0.038,-0.019
q_GtoI = -0.648,-0.506,-0.433,0.369 | p_IinG = 0.406,11.096,2.083 | dist = 12.38 (meters)
bg = -0.0019,0.0214,0.0763 | ba = 0.0185,0.1007,0.1422
camera-imu timeoffset = -0.00007
cam0 intrinsics = 461.975,461.536,367.578,249.175 | -0.278,0.070,0.001,0.000
cam1 intrinsics = 460.771,460.349,380.789,256.172 | -0.279,0.071,0.001,0.000
cam0 extrinsics = -0.010,0.007,0.704,0.710 | 0.061,-0.039,-0.016
cam1 extrinsics = -0.005,0.012,0.705,0.709 | -0.056,-0.038,-0.018
q_GtoI = -0.651,-0.503,-0.435,0.367 | p_IinG = 0.437,11.127,2.093 | dist = 12.42 (meters)
bg = -0.0020,0.0215,0.0765 | ba = 0.0168,0.1007,0.1424
camera-imu timeoffset = -0.00007
cam0 intrinsics = 461.993,461.590,367.600,249.179 | -0.278,0.070,0.001,0.000
cam1 intrinsics = 460.785,460.395,380.811,256.169 | -0.279,0.071,0.001,0.000
cam0 extrinsics = -0.010,0.007,0.704,0.710 | 0.061,-0.039,-0.016
cam1 extrinsics = -0.005,0.012,0.705,0.709 | -0.056,-0.038,-0.018
q_GtoI = -0.652,-0.500,-0.436,0.366 | p_IinG = 0.469,11.157,2.104 | dist = 12.46 (meters)
bg = -0.0022,0.0216,0.0765 | ba = 0.0163,0.1001,0.1430
camera-imu timeoffset = -0.00007
cam0 intrinsics = 462.004,461.633,367.603,249.191 | -0.278,0.070,0.001,0.000
cam1 intrinsics = 460.798,460.437,380.809,256.176 | -0.279,0.071,0.001,0.000
cam0 extrinsics = -0.010,0.007,0.704,0.710 | 0.061,-0.039,-0.016
cam1 extrinsics = -0.005,0.012,0.705,0.709 | -0.056,-0.038,-0.018
q_GtoI = -0.654,-0.498,-0.437,0.364 | p_IinG = 0.503,11.183,2.117 | dist = 12.50 (meters)
bg = -0.0024,0.0218,0.0766 | ba = 0.0161,0.0978,0.1437
camera-imu timeoffset = -0.00006
cam0 intrinsics = 462.039,461.670,367.584,249.224 | -0.278,0.070,0.001,0.000
cam1 intrinsics = 460.837,460.476,380.787,256.198 | -0.279,0.071,0.001,0.000
cam0 extrinsics = -0.010,0.007,0.704,0.710 | 0.060,-0.039,-0.015
cam1 extrinsics = -0.005,0.012,0.705,0.709 | -0.056,-0.038,-0.017
q_GtoI = -0.657,-0.497,-0.436,0.363 | p_IinG = 0.535,11.218,2.133 | dist = 12.54 (meters)
bg = -0.0024,0.0219,0.0764 | ba = 0.0147,0.1000,0.1467
camera-imu timeoffset = -0.00006
cam0 intrinsics = 462.046,461.709,367.581,249.244 | -0.278,0.070,0.001,0.000
cam1 intrinsics = 460.834,460.508,380.766,256.226 | -0.279,0.071,0.001,0.000
cam0 extrinsics = -0.010,0.007,0.704,0.710 | 0.060,-0.040,-0.016
cam1 extrinsics = -0.005,0.012,0.705,0.709 | -0.057,-0.039,-0.018
q_GtoI = -0.660,-0.495,-0.434,0.362 | p_IinG = 0.570,11.246,2.149 | dist = 12.59 (meters)
bg = -0.0024,0.0221,0.0765 | ba = 0.0141,0.0990,0.1470
camera-imu timeoffset = -0.00006
cam0 intrinsics = 462.066,461.759,367.578,249.255 | -0.278,0.070,0.001,0.000
cam1 intrinsics = 460.853,460.556,380.755,256.233 | -0.279,0.071,0.001,0.000
cam0 extrinsics = -0.010,0.007,0.704,0.710 | 0.060,-0.040,-0.016
cam1 extrinsics = -0.005,0.012,0.705,0.709 | -0.057,-0.039,-0.018
q_GtoI = -0.662,-0.494,-0.433,0.361 | p_IinG = 0.606,11.274,2.166 | dist = 12.63 (meters)
bg = -0.0026,0.0222,0.0767 | ba = 0.0130,0.0975,0.1471
camera-imu timeoffset = -0.00006
cam0 intrinsics = 462.092,461.817,367.570,249.257 | -0.279,0.070,0.001,0.000
cam1 intrinsics = 460.879,460.616,380.763,256.235 | -0.279,0.071,0.001,0.000
cam0 extrinsics = -0.010,0.007,0.704,0.710 | 0.060,-0.040,-0.016
cam1 extrinsics = -0.005,0.012,0.705,0.709 | -0.057,-0.039,-0.017
q_GtoI = -0.665,-0.493,-0.431,0.360 | p_IinG = 0.643,11.302,2.186 | dist = 12.68 (meters)
bg = -0.0028,0.0224,0.0765 | ba = 0.0101,0.0956,0.1495
camera-imu timeoffset = -0.00005
cam0 intrinsics = 462.080,461.856,367.566,249.300 | -0.279,0.070,0.001,0.000
cam1 intrinsics = 460.870,460.654,380.764,256.282 | -0.279,0.071,0.001,0.000
cam0 extrinsics = -0.010,0.007,0.704,0.710 | 0.060,-0.040,-0.015
cam1 extrinsics = -0.005,0.012,0.705,0.709 | -0.057,-0.039,-0.017
q_GtoI = -0.666,-0.491,-0.429,0.362 | p_IinG = 0.680,11.330,2.200 | dist = 12.72 (meters)
bg = -0.0029,0.0225,0.0765 | ba = 0.0112,0.0938,0.1484
camera-imu timeoffset = -0.00005
cam0 intrinsics = 462.090,461.906,367.543,249.313 | -0.279,0.070,0.001,0.000
cam1 intrinsics = 460.875,460.702,380.740,256.293 | -0.279,0.071,0.001,0.000
cam0 extrinsics = -0.010,0.007,0.704,0.710 | 0.060,-0.040,-0.015
cam1 extrinsics = -0.005,0.012,0.705,0.709 | -0.057,-0.039,-0.017
q_GtoI = -0.667,-0.489,-0.429,0.363 | p_IinG = 0.721,11.364,2.214 | dist = 12.77 (meters)
bg = -0.0030,0.0226,0.0765 | ba = 0.0124,0.0947,0.1455
camera-imu timeoffset = -0.00006
cam0 intrinsics = 462.118,461.939,367.523,249.317 | -0.279,0.070,0.001,0.000
cam1 intrinsics = 460.902,460.725,380.780,256.282 | -0.279,0.071,0.001,0.000
cam0 extrinsics = -0.010,0.007,0.704,0.710 | 0.059,-0.040,-0.015
cam1 extrinsics = -0.005,0.012,0.705,0.709 | -0.058,-0.039,-0.017
q_GtoI = -0.667,-0.488,-0.430,0.364 | p_IinG = 0.759,11.392,2.227 | dist = 12.82 (meters)
bg = -0.0030,0.0228,0.0764 | ba = 0.0122,0.0947,0.1468
camera-imu timeoffset = -0.00005
cam0 intrinsics = 462.113,461.960,367.512,249.333 | -0.279,0.070,0.001,0.000
cam1 intrinsics = 460.897,460.745,380.770,256.297 | -0.279,0.071,0.001,0.000
cam0 extrinsics = -0.010,0.007,0.704,0.710 | 0.059,-0.040,-0.015
cam1 extrinsics = -0.005,0.012,0.705,0.709 | -0.058,-0.039,-0.017
q_GtoI = -0.666,-0.488,-0.431,0.364 | p_IinG = 0.799,11.419,2.238 | dist = 12.87 (meters)
bg = -0.0030,0.0230,0.0764 | ba = 0.0126,0.0939,0.1470
camera-imu timeoffset = -0.00005
cam0 intrinsics = 462.121,461.996,367.502,249.341 | -0.279,0.070,0.001,0.000
cam1 intrinsics = 460.905,460.780,380.757,256.301 | -0.279,0.071,0.001,0.000
cam0 extrinsics = -0.010,0.007,0.704,0.710 | 0.059,-0.040,-0.015
cam1 extrinsics = -0.005,0.012,0.705,0.709 | -0.058,-0.039,-0.017
q_GtoI = -0.665,-0.489,-0.433,0.363 | p_IinG = 0.841,11.448,2.249 | dist = 12.92 (meters)
bg = -0.0031,0.0231,0.0766 | ba = 0.0127,0.0928,0.1464
camera-imu timeoffset = -0.00004
cam0 intrinsics = 462.125,462.035,367.524,249.333 | -0.279,0.070,0.001,0.000
cam1 intrinsics = 460.906,460.821,380.775,256.291 | -0.279,0.071,0.001,0.000
cam0 extrinsics = -0.010,0.007,0.704,0.710 | 0.059,-0.040,-0.015
cam1 extrinsics = -0.005,0.012,0.705,0.709 | -0.058,-0.039,-0.017
q_GtoI = -0.664,-0.491,-0.434,0.361 | p_IinG = 0.887,11.478,2.265 | dist = 12.97 (meters)
bg = -0.0033,0.0233,0.0767 | ba = 0.0097,0.0913,0.1467
camera-imu timeoffset = -0.00004
cam0 intrinsics = 462.133,462.066,367.558,249.333 | -0.279,0.070,0.001,0.000
cam1 intrinsics = 460.904,460.842,380.784,256.289 | -0.279,0.071,0.001,0.000
cam0 extrinsics = -0.010,0.007,0.704,0.710 | 0.059,-0.041,-0.015
cam1 extrinsics = -0.005,0.012,0.705,0.709 | -0.058,-0.040,-0.017
q_GtoI = -0.663,-0.493,-0.435,0.359 | p_IinG = 0.931,11.506,2.280 | dist = 13.02 (meters)
bg = -0.0034,0.0234,0.0766 | ba = 0.0102,0.0908,0.1472
camera-imu timeoffset = -0.00004
cam0 intrinsics = 462.141,462.090,367.573,249.338 | -0.279,0.070,0.001,0.000
cam1 intrinsics = 460.908,460.863,380.795,256.290 | -0.279,0.071,0.001,0.000
cam0 extrinsics = -0.010,0.007,0.704,0.710 | 0.059,-0.041,-0.015
cam1 extrinsics = -0.005,0.012,0.705,0.709 | -0.058,-0.040,-0.017
q_GtoI = -0.662,-0.495,-0.436,0.357 | p_IinG = 0.976,11.535,2.296 | dist = 13.07 (meters)
bg = -0.0035,0.0234,0.0766 | ba = 0.0107,0.0909,0.1469
camera-imu timeoffset = -0.00004
cam0 intrinsics = 462.150,462.111,367.585,249.339 | -0.279,0.071,0.001,0.000
cam1 intrinsics = 460.913,460.881,380.801,256.292 | -0.279,0.071,0.001,0.000
cam0 extrinsics = -0.010,0.007,0.704,0.710 | 0.059,-0.041,-0.015
cam1 extrinsics = -0.005,0.012,0.705,0.709 | -0.058,-0.040,-0.017
q_GtoI = -0.661,-0.497,-0.436,0.355 | p_IinG = 1.021,11.564,2.314 | dist = 13.13 (meters)
bg = -0.0036,0.0234,0.0766 | ba = 0.0111,0.0899,0.1473
camera-imu timeoffset = -0.00004
cam0 intrinsics = 462.159,462.128,367.598,249.350 | -0.279,0.071,0.001,0.000
cam1 intrinsics = 460.918,460.894,380.804,256.303 | -0.279,0.071,0.001,0.000
cam0 extrinsics = -0.010,0.007,0.704,0.710 | 0.059,-0.041,-0.015
cam1 extrinsics = -0.005,0.012,0.705,0.709 | -0.059,-0.040,-0.017
q_GtoI = -0.663,-0.496,-0.434,0.355 | p_IinG = 1.069,11.593,2.334 | dist = 13.18 (meters)
bg = -0.0037,0.0235,0.0767 | ba = 0.0116,0.0886,0.1474
camera-imu timeoffset = -0.00005
cam0 intrinsics = 462.169,462.147,367.605,249.369 | -0.279,0.071,0.001,0.000
cam1 intrinsics = 460.920,460.902,380.794,256.321 | -0.279,0.071,0.001,0.000
cam0 extrinsics = -0.010,0.007,0.704,0.710 | 0.059,-0.041,-0.015
cam1 extrinsics = -0.005,0.012,0.705,0.709 | -0.059,-0.040,-0.017
q_GtoI = -0.665,-0.495,-0.433,0.354 | p_IinG = 1.118,11.624,2.358 | dist = 13.24 (meters)
bg = -0.0038,0.0236,0.0768 | ba = 0.0122,0.0872,0.1474
camera-imu timeoffset = -0.00005
cam0 intrinsics = 462.164,462.155,367.597,249.402 | -0.279,0.071,0.001,0.000
cam1 intrinsics = 460.922,460.914,380.759,256.349 | -0.279,0.071,0.001,0.000
cam0 extrinsics = -0.010,0.007,0.704,0.710 | 0.059,-0.042,-0.015
cam1 extrinsics = -0.005,0.012,0.705,0.709 | -0.058,-0.041,-0.017
q_GtoI = -0.667,-0.491,-0.434,0.356 | p_IinG = 1.167,11.654,2.383 | dist = 13.30 (meters)
bg = -0.0040,0.0237,0.0767 | ba = 0.0124,0.0860,0.1473
camera-imu timeoffset = -0.00006
cam0 intrinsics = 462.151,462.167,367.604,249.408 | -0.279,0.071,0.001,0.000
cam1 intrinsics = 460.912,460.921,380.784,256.350 | -0.279,0.071,0.001,0.000
cam0 extrinsics = -0.010,0.007,0.704,0.710 | 0.059,-0.042,-0.015
cam1 extrinsics = -0.005,0.012,0.705,0.709 | -0.059,-0.041,-0.017
q_GtoI = -0.668,-0.486,-0.434,0.359 | p_IinG = 1.216,11.680,2.409 | dist = 13.36 (meters)
bg = -0.0040,0.0239,0.0767 | ba = 0.0115,0.0853,0.1481
camera-imu timeoffset = -0.00006
cam0 intrinsics = 462.148,462.188,367.623,249.415 | -0.279,0.071,0.001,0.000
cam1 intrinsics = 460.905,460.937,380.796,256.363 | -0.279,0.071,0.001,0.000
cam0 extrinsics = -0.010,0.007,0.704,0.710 | 0.059,-0.042,-0.015
cam1 extrinsics = -0.005,0.012,0.705,0.709 | -0.059,-0.041,-0.017
q_GtoI = -0.667,-0.482,-0.439,0.362 | p_IinG = 1.270,11.711,2.439 | dist = 13.42 (meters)
bg = -0.0042,0.0242,0.0769 | ba = 0.0093,0.0842,0.1477
camera-imu timeoffset = -0.00007
cam0 intrinsics = 462.149,462.200,367.603,249.379 | -0.279,0.071,0.001,0.000
cam1 intrinsics = 460.907,460.942,380.769,256.316 | -0.279,0.071,0.001,0.000
cam0 extrinsics = -0.010,0.007,0.704,0.710 | 0.059,-0.042,-0.015
cam1 extrinsics = -0.005,0.012,0.705,0.709 | -0.059,-0.041,-0.017
q_GtoI = -0.666,-0.478,-0.443,0.364 | p_IinG = 1.322,11.737,2.465 | dist = 13.48 (meters)
bg = -0.0044,0.0245,0.0770 | ba = 0.0083,0.0837,0.1489
camera-imu timeoffset = -0.00007
cam0 intrinsics = 462.137,462.217,367.622,249.386 | -0.279,0.071,0.001,0.000
cam1 intrinsics = 460.892,460.954,380.787,256.327 | -0.279,0.071,0.001,0.000
cam0 extrinsics = -0.010,0.007,0.704,0.710 | 0.059,-0.042,-0.014
cam1 extrinsics = -0.005,0.012,0.705,0.709 | -0.059,-0.041,-0.017
q_GtoI = -0.666,-0.473,-0.446,0.366 | p_IinG = 1.374,11.762,2.489 | dist = 13.54 (meters)
bg = -0.0045,0.0248,0.0770 | ba = 0.0069,0.0831,0.1504
camera-imu timeoffset = -0.00006
cam0 intrinsics = 462.120,462.234,367.642,249.398 | -0.279,0.071,0.001,0.000
cam1 intrinsics = 460.872,460.968,380.805,256.343 | -0.279,0.071,0.001,0.000
cam0 extrinsics = -0.010,0.007,0.704,0.710 | 0.059,-0.042,-0.014
cam1 extrinsics = -0.005,0.012,0.705,0.709 | -0.059,-0.041,-0.017
q_GtoI = -0.668,-0.470,-0.448,0.364 | p_IinG = 1.428,11.786,2.507 | dist = 13.60 (meters)
bg = -0.0047,0.0250,0.0770 | ba = 0.0053,0.0830,0.1518
camera-imu timeoffset = -0.00006
cam0 intrinsics = 462.103,462.252,367.660,249.406 | -0.279,0.071,0.001,0.000
cam1 intrinsics = 460.852,460.981,380.820,256.356 | -0.279,0.071,0.001,0.000
cam0 extrinsics = -0.010,0.007,0.704,0.710 | 0.058,-0.042,-0.014
cam1 extrinsics = -0.005,0.012,0.705,0.709 | -0.059,-0.041,-0.017
q_GtoI = -0.670,-0.468,-0.450,0.360 | p_IinG = 1.484,11.808,2.521 | dist = 13.66 (meters)
bg = -0.0048,0.0254,0.0773 | ba = 0.0045,0.0825,0.1520
camera-imu timeoffset = -0.00006
cam0 intrinsics = 462.100,462.257,367.694,249.413 | -0.279,0.071,0.001,0.000
cam1 intrinsics = 460.847,460.980,380.846,256.368 | -0.279,0.071,0.001,0.000
cam0 extrinsics = -0.010,0.007,0.704,0.710 | 0.058,-0.042,-0.014
cam1 extrinsics = -0.005,0.012,0.705,0.709 | -0.059,-0.041,-0.017
q_GtoI = -0.672,-0.466,-0.453,0.354 | p_IinG = 1.541,11.830,2.529 | dist = 13.72 (meters)
bg = -0.0051,0.0255,0.0774 | ba = 0.0050,0.0812,0.1530
camera-imu timeoffset = -0.00006
cam0 intrinsics = 462.108,462.279,367.673,249.430 | -0.279,0.071,0.001,0.000
cam1 intrinsics = 460.849,460.994,380.812,256.384 | -0.279,0.071,0.001,0.000
cam0 extrinsics = -0.010,0.007,0.704,0.710 | 0.058,-0.042,-0.014
cam1 extrinsics = -0.005,0.012,0.705,0.709 | -0.059,-0.041,-0.017
q_GtoI = -0.676,-0.463,-0.456,0.348 | p_IinG = 1.596,11.852,2.535 | dist = 13.78 (meters)
bg = -0.0051,0.0257,0.0774 | ba = 0.0046,0.0818,0.1538
camera-imu timeoffset = -0.00006
cam0 intrinsics = 462.119,462.291,367.651,249.428 | -0.279,0.071,0.001,0.000
cam1 intrinsics = 460.855,461.000,380.787,256.385 | -0.279,0.071,0.001,0.000
cam0 extrinsics = -0.010,0.007,0.704,0.710 | 0.058,-0.042,-0.014
cam1 extrinsics = -0.005,0.012,0.705,0.709 | -0.059,-0.041,-0.017
q_GtoI = -0.678,-0.460,-0.460,0.341 | p_IinG = 1.653,11.871,2.540 | dist = 13.84 (meters)
bg = -0.0053,0.0259,0.0775 | ba = 0.0045,0.0812,0.1551
camera-imu timeoffset = -0.00007
cam0 intrinsics = 462.122,462.304,367.601,249.441 | -0.279,0.071,0.001,0.000
cam1 intrinsics = 460.857,461.011,380.731,256.396 | -0.279,0.071,0.001,0.000
cam0 extrinsics = -0.010,0.007,0.704,0.710 | 0.058,-0.042,-0.014
cam1 extrinsics = -0.005,0.012,0.705,0.709 | -0.059,-0.041,-0.017
q_GtoI = -0.681,-0.456,-0.464,0.335 | p_IinG = 1.710,11.890,2.543 | dist = 13.90 (meters)
bg = -0.0055,0.0260,0.0776 | ba = 0.0052,0.0805,0.1558
camera-imu timeoffset = -0.00008
cam0 intrinsics = 462.129,462.314,367.572,249.425 | -0.279,0.071,0.001,0.000
cam1 intrinsics = 460.861,461.018,380.695,256.379 | -0.279,0.071,0.001,0.000
cam0 extrinsics = -0.010,0.007,0.704,0.710 | 0.058,-0.042,-0.015
cam1 extrinsics = -0.005,0.012,0.705,0.709 | -0.059,-0.041,-0.017
q_GtoI = -0.685,-0.450,-0.469,0.330 | p_IinG = 1.759,11.908,2.536 | dist = 13.96 (meters)
bg = -0.0052,0.0256,0.0777 | ba = 0.0105,0.0836,0.1595
camera-imu timeoffset = -0.00007
cam0 intrinsics = 462.138,462.353,367.591,249.441 | -0.279,0.071,0.001,0.000
cam1 intrinsics = 460.867,461.055,380.727,256.396 | -0.279,0.071,0.001,0.000
cam0 extrinsics = -0.010,0.007,0.704,0.710 | 0.058,-0.043,-0.014
cam1 extrinsics = -0.005,0.012,0.705,0.709 | -0.060,-0.042,-0.016
q_GtoI = -0.689,-0.445,-0.471,0.325 | p_IinG = 1.814,11.915,2.532 | dist = 14.02 (meters)
bg = -0.0052,0.0254,0.0778 | ba = 0.0139,0.0824,0.1611
camera-imu timeoffset = -0.00007
cam0 intrinsics = 462.137,462.395,367.569,249.441 | -0.279,0.071,0.001,0.000
cam1 intrinsics = 460.867,461.088,380.736,256.380 | -0.279,0.071,0.001,0.000
cam0 extrinsics = -0.010,0.007,0.704,0.710 | 0.057,-0.043,-0.014
cam1 extrinsics = -0.005,0.012,0.705,0.709 | -0.060,-0.042,-0.017
q_GtoI = -0.691,-0.441,-0.474,0.321 | p_IinG = 1.869,11.926,2.532 | dist = 14.08 (meters)
bg = -0.0053,0.0254,0.0779 | ba = 0.0161,0.0810,0.1622
camera-imu timeoffset = -0.00008
cam0 intrinsics = 462.150,462.412,367.567,249.433 | -0.279,0.071,0.001,0.000
cam1 intrinsics = 460.878,461.104,380.731,256.362 | -0.279,0.071,0.001,0.000
cam0 extrinsics = -0.010,0.007,0.704,0.710 | 0.057,-0.043,-0.015
cam1 extrinsics = -0.005,0.012,0.705,0.709 | -0.060,-0.042,-0.017
q_GtoI = -0.694,-0.437,-0.475,0.318 | p_IinG = 1.922,11.926,2.528 | dist = 14.14 (meters)
bg = -0.0053,0.0251,0.0778 | ba = 0.0200,0.0809,0.1623
camera-imu timeoffset = -0.00008
cam0 intrinsics = 462.158,462.396,367.526,249.468 | -0.279,0.071,0.001,0.000
cam1 intrinsics = 460.900,461.104,380.694,256.356 | -0.279,0.071,0.001,0.000
cam0 extrinsics = -0.010,0.007,0.704,0.710 | 0.057,-0.042,-0.015
cam1 extrinsics = -0.005,0.012,0.705,0.709 | -0.061,-0.041,-0.017
q_GtoI = -0.696,-0.435,-0.477,0.315 | p_IinG = 1.979,11.937,2.532 | dist = 14.20 (meters)
bg = -0.0054,0.0252,0.0778 | ba = 0.0214,0.0800,0.1629
camera-imu timeoffset = -0.00007
cam0 intrinsics = 462.179,462.417,367.540,249.450 | -0.279,0.071,0.001,0.000
cam1 intrinsics = 460.920,461.124,380.703,256.327 | -0.279,0.071,0.001,0.000
cam0 extrinsics = -0.010,0.007,0.704,0.710 | 0.056,-0.042,-0.015
cam1 extrinsics = -0.005,0.012,0.705,0.709 | -0.061,-0.041,-0.017
q_GtoI = -0.697,-0.433,-0.479,0.313 | p_IinG = 2.037,11.950,2.538 | dist = 14.26 (meters)
bg = -0.0056,0.0251,0.0778 | ba = 0.0223,0.0793,0.1634
camera-imu timeoffset = -0.00006
cam0 intrinsics = 462.205,462.441,367.546,249.413 | -0.279,0.071,0.001,0.000
cam1 intrinsics = 460.946,461.148,380.698,256.287 | -0.279,0.071,0.001,0.000
cam0 extrinsics = -0.010,0.007,0.704,0.710 | 0.056,-0.042,-0.015
cam1 extrinsics = -0.005,0.012,0.705,0.709 | -0.061,-0.041,-0.017
q_GtoI = -0.698,-0.431,-0.479,0.312 | p_IinG = 2.092,11.962,2.548 | dist = 14.32 (meters)
bg = -0.0057,0.0250,0.0778 | ba = 0.0231,0.0783,0.1648
camera-imu timeoffset = -0.00006
cam0 intrinsics = 462.205,462.452,367.593,249.405 | -0.279,0.071,0.001,0.000
cam1 intrinsics = 460.946,461.160,380.741,256.274 | -0.279,0.071,0.001,0.000
cam0 extrinsics = -0.010,0.007,0.704,0.710 | 0.056,-0.042,-0.015
cam1 extrinsics = -0.005,0.012,0.705,0.709 | -0.062,-0.041,-0.017
q_GtoI = -0.698,-0.430,-0.481,0.311 | p_IinG = 2.147,11.973,2.560 | dist = 14.38 (meters)
bg = -0.0057,0.0251,0.0778 | ba = 0.0241,0.0781,0.1671
camera-imu timeoffset = -0.00007
cam0 intrinsics = 462.209,462.468,367.632,249.411 | -0.279,0.071,0.001,0.000
cam1 intrinsics = 460.951,461.177,380.779,256.276 | -0.279,0.071,0.001,0.000
cam0 extrinsics = -0.010,0.007,0.704,0.710 | 0.056,-0.042,-0.015
cam1 extrinsics = -0.005,0.012,0.705,0.709 | -0.062,-0.041,-0.017
q_GtoI = -0.699,-0.428,-0.481,0.311 | p_IinG = 2.202,11.984,2.574 | dist = 14.43 (meters)
bg = -0.0058,0.0251,0.0778 | ba = 0.0245,0.0777,0.1688
camera-imu timeoffset = -0.00006
cam0 intrinsics = 462.214,462.485,367.669,249.416 | -0.279,0.071,0.001,0.000
cam1 intrinsics = 460.958,461.195,380.813,256.278 | -0.279,0.071,0.001,0.000
cam0 extrinsics = -0.010,0.007,0.704,0.710 | 0.055,-0.043,-0.015
cam1 extrinsics = -0.005,0.012,0.705,0.709 | -0.062,-0.042,-0.017
q_GtoI = -0.700,-0.426,-0.482,0.312 | p_IinG = 2.247,11.976,2.584 | dist = 14.49 (meters)
bg = -0.0054,0.0249,0.0778 | ba = 0.0261,0.0778,0.1787
camera-imu timeoffset = -0.00006
cam0 intrinsics = 462.212,462.488,367.725,249.461 | -0.279,0.071,0.001,0.000
cam1 intrinsics = 460.956,461.200,380.837,256.326 | -0.279,0.071,0.001,0.000
cam0 extrinsics = -0.010,0.007,0.704,0.710 | 0.056,-0.043,-0.015
cam1 extrinsics = -0.005,0.012,0.705,0.709 | -0.061,-0.042,-0.017
q_GtoI = -0.701,-0.426,-0.480,0.312 | p_IinG = 2.302,11.989,2.603 | dist = 14.55 (meters)
bg = -0.0055,0.0248,0.0778 | ba = 0.0251,0.0782,0.1789
camera-imu timeoffset = -0.00006
cam0 intrinsics = 462.217,462.509,367.765,249.465 | -0.279,0.071,0.001,0.000
cam1 intrinsics = 460.964,461.222,380.870,256.327 | -0.279,0.071,0.001,0.000
cam0 extrinsics = -0.010,0.007,0.704,0.710 | 0.056,-0.043,-0.015
cam1 extrinsics = -0.005,0.012,0.705,0.709 | -0.062,-0.042,-0.017
q_GtoI = -0.703,-0.424,-0.477,0.315 | p_IinG = 2.358,12.000,2.623 | dist = 14.61 (meters)
bg = -0.0056,0.0248,0.0778 | ba = 0.0253,0.0788,0.1790
camera-imu timeoffset = -0.00006
cam0 intrinsics = 462.234,462.519,367.792,249.471 | -0.279,0.071,0.001,0.000
cam1 intrinsics = 460.980,461.233,380.895,256.331 | -0.279,0.071,0.001,0.000
cam0 extrinsics = -0.010,0.007,0.704,0.710 | 0.055,-0.043,-0.015
cam1 extrinsics = -0.005,0.012,0.705,0.709 | -0.062,-0.042,-0.017
q_GtoI = -0.704,-0.423,-0.475,0.316 | p_IinG = 2.409,12.005,2.641 | dist = 14.67 (meters)
bg = -0.0053,0.0247,0.0775 | ba = 0.0274,0.0796,0.1828
camera-imu timeoffset = -0.00006
cam0 intrinsics = 462.247,462.528,367.837,249.475 | -0.279,0.071,0.001,0.000
cam1 intrinsics = 460.994,461.241,380.936,256.338 | -0.279,0.071,0.001,0.000
cam0 extrinsics = -0.010,0.007,0.704,0.710 | 0.055,-0.043,-0.015
cam1 extrinsics = -0.005,0.012,0.705,0.709 | -0.062,-0.042,-0.017
q_GtoI = -0.705,-0.422,-0.474,0.318 | p_IinG = 2.463,12.012,2.664 | dist = 14.73 (meters)
bg = -0.0052,0.0247,0.0774 | ba = 0.0280,0.0798,0.1852
camera-imu timeoffset = -0.00006
cam0 intrinsics = 462.254,462.535,367.876,249.487 | -0.279,0.071,0.001,-0.000
cam1 intrinsics = 461.002,461.251,380.976,256.348 | -0.279,0.071,0.001,0.000
cam0 extrinsics = -0.010,0.007,0.704,0.710 | 0.055,-0.044,-0.015
cam1 extrinsics = -0.005,0.012,0.705,0.709 | -0.062,-0.042,-0.017
q_GtoI = -0.705,-0.421,-0.473,0.320 | p_IinG = 2.521,12.024,2.690 | dist = 14.79 (meters)
bg = -0.0053,0.0248,0.0774 | ba = 0.0277,0.0805,0.1851
camera-imu timeoffset = -0.00006
cam0 intrinsics = 462.278,462.539,367.894,249.492 | -0.279,0.071,0.001,-0.000
cam1 intrinsics = 461.027,461.256,380.998,256.348 | -0.279,0.071,0.001,0.000
cam0 extrinsics = -0.010,0.007,0.704,0.710 | 0.055,-0.044,-0.015
cam1 extrinsics = -0.005,0.012,0.705,0.709 | -0.062,-0.043,-0.017
q_GtoI = -0.705,-0.420,-0.472,0.323 | p_IinG = 2.577,12.029,2.715 | dist = 14.85 (meters)
bg = -0.0051,0.0249,0.0774 | ba = 0.0273,0.0808,0.1887
camera-imu timeoffset = -0.00007
cam0 intrinsics = 462.309,462.523,367.947,249.505 | -0.279,0.071,0.001,-0.000
cam1 intrinsics = 461.064,461.241,381.044,256.354 | -0.279,0.071,0.000,0.000
cam0 extrinsics = -0.010,0.007,0.704,0.710 | 0.055,-0.044,-0.015
cam1 extrinsics = -0.005,0.012,0.705,0.709 | -0.062,-0.043,-0.017
q_GtoI = -0.704,-0.420,-0.472,0.325 | p_IinG = 2.640,12.039,2.743 | dist = 14.91 (meters)
bg = -0.0053,0.0252,0.0773 | ba = 0.0258,0.0797,0.1875
camera-imu timeoffset = -0.00007
cam0 intrinsics = 462.302,462.538,367.959,249.513 | -0.279,0.071,0.001,-0.000
cam1 intrinsics = 461.057,461.252,381.040,256.356 | -0.279,0.071,0.000,0.000
cam0 extrinsics = -0.010,0.007,0.704,0.710 | 0.055,-0.044,-0.015
cam1 extrinsics = -0.005,0.012,0.705,0.709 | -0.063,-0.043,-0.016
q_GtoI = -0.703,-0.419,-0.472,0.327 | p_IinG = 2.698,12.041,2.766 | dist = 14.97 (meters)
bg = -0.0053,0.0252,0.0773 | ba = 0.0254,0.0792,0.1898
camera-imu timeoffset = -0.00007
cam0 intrinsics = 462.320,462.544,367.986,249.517 | -0.279,0.071,0.001,-0.000
cam1 intrinsics = 461.073,461.257,381.062,256.358 | -0.279,0.071,0.000,-0.000
cam0 extrinsics = -0.010,0.007,0.704,0.710 | 0.055,-0.044,-0.015
cam1 extrinsics = -0.005,0.012,0.705,0.709 | -0.063,-0.043,-0.016
q_GtoI = -0.702,-0.419,-0.472,0.329 | p_IinG = 2.758,12.044,2.788 | dist = 15.04 (meters)
bg = -0.0054,0.0253,0.0774 | ba = 0.0247,0.0786,0.1908
camera-imu timeoffset = -0.00007
cam0 intrinsics = 462.344,462.547,368.014,249.535 | -0.279,0.071,0.001,-0.000
cam1 intrinsics = 461.100,461.262,381.078,256.358 | -0.279,0.071,0.000,-0.000
cam0 extrinsics = -0.010,0.007,0.704,0.710 | 0.054,-0.044,-0.015
cam1 extrinsics = -0.005,0.012,0.705,0.709 | -0.063,-0.043,-0.016
q_GtoI = -0.702,-0.419,-0.472,0.330 | p_IinG = 2.819,12.046,2.808 | dist = 15.10 (meters)
bg = -0.0055,0.0254,0.0774 | ba = 0.0250,0.0780,0.1922
camera-imu timeoffset = -0.00006
cam0 intrinsics = 462.370,462.553,368.038,249.550 | -0.279,0.071,0.001,-0.000
cam1 intrinsics = 461.128,461.269,381.095,256.365 | -0.279,0.071,0.000,-0.000
cam0 extrinsics = -0.010,0.007,0.704,0.710 | 0.054,-0.044,-0.015
cam1 extrinsics = -0.005,0.012,0.705,0.709 | -0.063,-0.043,-0.016
q_GtoI = -0.701,-0.420,-0.472,0.331 | p_IinG = 2.881,12.046,2.825 | dist = 15.16 (meters)
bg = -0.0055,0.0254,0.0771 | ba = 0.0263,0.0761,0.1932
camera-imu timeoffset = -0.00007
cam0 intrinsics = 462.383,462.566,368.052,249.563 | -0.279,0.071,0.001,-0.000
cam1 intrinsics = 461.141,461.281,381.103,256.372 | -0.279,0.071,0.000,-0.000
cam0 extrinsics = -0.010,0.007,0.704,0.710 | 0.054,-0.044,-0.015
cam1 extrinsics = -0.005,0.012,0.705,0.709 | -0.063,-0.043,-0.016
q_GtoI = -0.701,-0.420,-0.471,0.332 | p_IinG = 2.948,12.047,2.844 | dist = 15.22 (meters)
bg = -0.0059,0.0255,0.0772 | ba = 0.0257,0.0721,0.1917
camera-imu timeoffset = -0.00005
cam0 intrinsics = 462.383,462.581,368.087,249.594 | -0.279,0.071,0.001,-0.000
cam1 intrinsics = 461.148,461.299,381.116,256.388 | -0.279,0.071,0.000,-0.000
cam0 extrinsics = -0.010,0.007,0.704,0.710 | 0.054,-0.044,-0.014
cam1 extrinsics = -0.005,0.012,0.705,0.709 | -0.063,-0.043,-0.016
q_GtoI = -0.701,-0.419,-0.470,0.334 | p_IinG = 3.014,12.048,2.861 | dist = 15.29 (meters)
bg = -0.0061,0.0256,0.0771 | ba = 0.0266,0.0708,0.1924
camera-imu timeoffset = -0.00006
cam0 intrinsics = 462.404,462.594,368.110,249.603 | -0.279,0.071,0.001,-0.000
cam1 intrinsics = 461.168,461.311,381.133,256.396 | -0.279,0.071,0.000,-0.000
cam0 extrinsics = -0.010,0.007,0.704,0.710 | 0.054,-0.045,-0.014
cam1 extrinsics = -0.005,0.012,0.705,0.709 | -0.064,-0.043,-0.016
q_GtoI = -0.702,-0.419,-0.468,0.336 | p_IinG = 3.079,12.047,2.874 | dist = 15.35 (meters)
bg = -0.0062,0.0256,0.0770 | ba = 0.0292,0.0700,0.1933
camera-imu timeoffset = -0.00005
cam0 intrinsics = 462.419,462.605,368.131,249.617 | -0.279,0.071,0.001,-0.000
cam1 intrinsics = 461.186,461.324,381.149,256.406 | -0.279,0.071,0.000,-0.000
cam0 extrinsics = -0.010,0.007,0.704,0.710 | 0.053,-0.045,-0.014
cam1 extrinsics = -0.005,0.012,0.705,0.709 | -0.064,-0.043,-0.015
q_GtoI = -0.703,-0.417,-0.468,0.336 | p_IinG = 3.147,12.047,2.887 | dist = 15.42 (meters)
bg = -0.0064,0.0258,0.0770 | ba = 0.0312,0.0695,0.1930
camera-imu timeoffset = -0.00005
cam0 intrinsics = 462.432,462.621,368.151,249.625 | -0.279,0.071,0.001,-0.000
cam1 intrinsics = 461.200,461.340,381.166,256.411 | -0.279,0.072,0.000,-0.000
cam0 extrinsics = -0.010,0.007,0.704,0.710 | 0.053,-0.045,-0.014
cam1 extrinsics = -0.005,0.012,0.705,0.709 | -0.064,-0.044,-0.015
q_GtoI = -0.705,-0.416,-0.469,0.333 | p_IinG = 3.212,12.042,2.896 | dist = 15.48 (meters)
bg = -0.0065,0.0257,0.0768 | ba = 0.0343,0.0690,0.1962
camera-imu timeoffset = -0.00006
cam0 intrinsics = 462.454,462.628,368.162,249.647 | -0.279,0.071,0.001,-0.000
cam1 intrinsics = 461.222,461.347,381.174,256.428 | -0.279,0.072,0.000,-0.000
cam0 extrinsics = -0.010,0.007,0.704,0.710 | 0.053,-0.045,-0.014
cam1 extrinsics = -0.005,0.012,0.705,0.709 | -0.065,-0.044,-0.015
q_GtoI = -0.704,-0.414,-0.472,0.330 | p_IinG = 3.280,12.036,2.906 | dist = 15.55 (meters)
bg = -0.0068,0.0255,0.0770 | ba = 0.0354,0.0690,0.1997
camera-imu timeoffset = -0.00006
cam0 intrinsics = 462.504,462.632,368.149,249.674 | -0.279,0.071,0.001,-0.000
cam1 intrinsics = 461.272,461.349,381.165,256.454 | -0.279,0.072,0.000,-0.000
cam0 extrinsics = -0.010,0.007,0.704,0.710 | 0.052,-0.045,-0.014
cam1 extrinsics = -0.005,0.012,0.705,0.709 | -0.065,-0.044,-0.015
q_GtoI = -0.702,-0.416,-0.479,0.324 | p_IinG = 3.348,12.028,2.915 | dist = 15.62 (meters)
bg = -0.0070,0.0254,0.0770 | ba = 0.0387,0.0678,0.2033
camera-imu timeoffset = -0.00006
cam0 intrinsics = 462.563,462.627,368.116,249.740 | -0.279,0.071,0.001,-0.000
cam1 intrinsics = 461.328,461.336,381.125,256.512 | -0.279,0.072,0.000,-0.000
cam0 extrinsics = -0.010,0.007,0.704,0.710 | 0.052,-0.045,-0.014
cam1 extrinsics = -0.005,0.012,0.705,0.709 | -0.065,-0.044,-0.015
q_GtoI = -0.699,-0.418,-0.486,0.318 | p_IinG = 3.418,12.017,2.922 | dist = 15.69 (meters)
bg = -0.0073,0.0253,0.0770 | ba = 0.0404,0.0679,0.2067
camera-imu timeoffset = -0.00006
cam0 intrinsics = 462.616,462.647,368.089,249.790 | -0.279,0.071,0.001,-0.000
cam1 intrinsics = 461.378,461.352,381.088,256.556 | -0.279,0.071,0.000,-0.000
cam0 extrinsics = -0.010,0.007,0.704,0.710 | 0.052,-0.045,-0.014
cam1 extrinsics = -0.005,0.012,0.705,0.709 | -0.066,-0.044,-0.015
q_GtoI = -0.696,-0.419,-0.492,0.312 | p_IinG = 3.481,12.003,2.926 | dist = 15.75 (meters)
bg = -0.0073,0.0249,0.0769 | ba = 0.0443,0.0694,0.2112
camera-imu timeoffset = -0.00005
cam0 intrinsics = 462.658,462.640,368.127,249.837 | -0.279,0.071,0.001,-0.000
cam1 intrinsics = 461.421,461.348,381.132,256.599 | -0.279,0.072,0.000,-0.000
cam0 extrinsics = -0.010,0.007,0.704,0.710 | 0.051,-0.045,-0.014
cam1 extrinsics = -0.005,0.012,0.705,0.709 | -0.066,-0.044,-0.015
q_GtoI = -0.695,-0.419,-0.497,0.308 | p_IinG = 3.546,11.990,2.930 | dist = 15.82 (meters)
bg = -0.0075,0.0248,0.0769 | ba = 0.0458,0.0716,0.2144
camera-imu timeoffset = -0.00004
cam0 intrinsics = 462.683,462.650,368.162,249.864 | -0.280,0.072,0.001,-0.000
cam1 intrinsics = 461.445,461.359,381.169,256.621 | -0.279,0.072,0.000,-0.000
cam0 extrinsics = -0.010,0.007,0.704,0.710 | 0.051,-0.045,-0.013
cam1 extrinsics = -0.005,0.012,0.705,0.709 | -0.067,-0.043,-0.014
q_GtoI = -0.694,-0.416,-0.500,0.309 | p_IinG = 3.613,11.977,2.935 | dist = 15.89 (meters)
bg = -0.0076,0.0248,0.0769 | ba = 0.0468,0.0731,0.2163
camera-imu timeoffset = -0.00003
cam0 intrinsics = 462.716,462.662,368.190,249.881 | -0.280,0.072,0.001,-0.000
cam1 intrinsics = 461.477,461.370,381.198,256.635 | -0.279,0.072,0.000,-0.000
cam0 extrinsics = -0.010,0.007,0.704,0.710 | 0.050,-0.045,-0.013
cam1 extrinsics = -0.005,0.012,0.705,0.709 | -0.067,-0.043,-0.014
q_GtoI = -0.695,-0.409,-0.501,0.313 | p_IinG = 3.678,11.962,2.937 | dist = 15.95 (meters)
bg = -0.0077,0.0247,0.0768 | ba = 0.0479,0.0742,0.2178
camera-imu timeoffset = -0.00003
cam0 intrinsics = 462.752,462.675,368.215,249.891 | -0.280,0.072,0.001,-0.000
cam1 intrinsics = 461.513,461.383,381.227,256.644 | -0.279,0.072,0.000,-0.000
cam0 extrinsics = -0.010,0.007,0.704,0.710 | 0.050,-0.045,-0.013
cam1 extrinsics = -0.005,0.012,0.705,0.709 | -0.068,-0.043,-0.014
q_GtoI = -0.698,-0.403,-0.501,0.316 | p_IinG = 3.741,11.946,2.939 | dist = 16.02 (meters)
bg = -0.0077,0.0247,0.0768 | ba = 0.0482,0.0752,0.2204
camera-imu timeoffset = -0.00003
cam0 intrinsics = 462.788,462.694,368.224,249.913 | -0.280,0.072,0.001,-0.000
cam1 intrinsics = 461.550,461.405,381.240,256.664 | -0.279,0.072,0.000,-0.000
cam0 extrinsics = -0.010,0.007,0.704,0.710 | 0.050,-0.045,-0.013
cam1 extrinsics = -0.005,0.012,0.705,0.709 | -0.068,-0.043,-0.014
q_GtoI = -0.702,-0.398,-0.499,0.316 | p_IinG = 3.803,11.924,2.937 | dist = 16.08 (meters)
bg = -0.0078,0.0246,0.0768 | ba = 0.0489,0.0756,0.2237
camera-imu timeoffset = -0.00003
cam0 intrinsics = 462.832,462.730,368.209,249.958 | -0.280,0.072,0.001,-0.000
cam1 intrinsics = 461.590,461.441,381.223,256.702 | -0.279,0.072,0.000,-0.000
cam0 extrinsics = -0.010,0.007,0.704,0.710 | 0.049,-0.045,-0.013
cam1 extrinsics = -0.005,0.012,0.705,0.709 | -0.069,-0.043,-0.014
q_GtoI = -0.706,-0.396,-0.496,0.313 | p_IinG = 3.864,11.905,2.936 | dist = 16.14 (meters)
bg = -0.0078,0.0245,0.0768 | ba = 0.0489,0.0766,0.2270
camera-imu timeoffset = -0.00003
cam0 intrinsics = 462.868,462.747,368.208,249.974 | -0.280,0.072,0.001,-0.000
cam1 intrinsics = 461.627,461.458,381.223,256.714 | -0.279,0.072,0.000,-0.000
cam0 extrinsics = -0.010,0.007,0.704,0.710 | 0.049,-0.045,-0.013
cam1 extrinsics = -0.005,0.012,0.705,0.709 | -0.069,-0.044,-0.014
q_GtoI = -0.711,-0.395,-0.492,0.309 | p_IinG = 3.911,11.866,2.922 | dist = 16.21 (meters)
bg = -0.0075,0.0238,0.0766 | ba = 0.0549,0.0791,0.2330
camera-imu timeoffset = -0.00003
cam0 intrinsics = 462.926,462.733,368.199,250.005 | -0.280,0.072,0.001,-0.000
cam1 intrinsics = 461.682,461.441,381.203,256.732 | -0.279,0.072,0.000,-0.000
cam0 extrinsics = -0.010,0.007,0.704,0.710 | 0.049,-0.045,-0.012
cam1 extrinsics = -0.005,0.012,0.705,0.709 | -0.069,-0.043,-0.013
q_GtoI = -0.717,-0.395,-0.486,0.305 | p_IinG = 3.969,11.845,2.918 | dist = 16.27 (meters)
bg = -0.0075,0.0236,0.0765 | ba = 0.0552,0.0805,0.2351
camera-imu timeoffset = -0.00002
cam0 intrinsics = 462.947,462.727,368.192,250.002 | -0.280,0.072,0.001,-0.000
cam1 intrinsics = 461.702,461.434,381.195,256.732 | -0.279,0.072,0.000,-0.000
cam0 extrinsics = -0.010,0.007,0.704,0.710 | 0.049,-0.045,-0.012
cam1 extrinsics = -0.005,0.012,0.705,0.709 | -0.069,-0.044,-0.013
q_GtoI = -0.722,-0.392,-0.482,0.304 | p_IinG = 4.029,11.824,2.912 | dist = 16.33 (meters)
bg = -0.0075,0.0235,0.0765 | ba = 0.0558,0.0808,0.2363
camera-imu timeoffset = -0.00002
cam0 intrinsics = 462.973,462.728,368.208,249.999 | -0.280,0.072,0.001,-0.000
cam1 intrinsics = 461.728,461.437,381.203,256.715 | -0.279,0.072,0.000,-0.000
cam0 extrinsics = -0.010,0.007,0.704,0.710 | 0.049,-0.046,-0.012
cam1 extrinsics = -0.005,0.012,0.705,0.709 | -0.069,-0.044,-0.013
q_GtoI = -0.724,-0.389,-0.480,0.304 | p_IinG = 4.091,11.803,2.907 | dist = 16.40 (meters)
bg = -0.0075,0.0234,0.0765 | ba = 0.0561,0.0797,0.2378
camera-imu timeoffset = -0.00001
cam0 intrinsics = 462.998,462.728,368.224,249.980 | -0.280,0.072,0.001,-0.000
cam1 intrinsics = 461.752,461.435,381.213,256.697 | -0.279,0.072,0.000,-0.000
cam0 extrinsics = -0.010,0.007,0.704,0.710 | 0.049,-0.046,-0.012
cam1 extrinsics = -0.005,0.012,0.705,0.709 | -0.069,-0.044,-0.013
q_GtoI = -0.725,-0.388,-0.482,0.304 | p_IinG = 4.156,11.784,2.902 | dist = 16.46 (meters)
bg = -0.0077,0.0233,0.0766 | ba = 0.0555,0.0806,0.2391
camera-imu timeoffset = -0.00001
cam0 intrinsics = 463.038,462.728,368.208,249.988 | -0.280,0.072,0.001,-0.000
cam1 intrinsics = 461.791,461.434,381.203,256.703 | -0.279,0.072,0.000,-0.000
cam0 extrinsics = -0.010,0.007,0.704,0.710 | 0.049,-0.046,-0.012
cam1 extrinsics = -0.005,0.012,0.705,0.709 | -0.069,-0.045,-0.012
q_GtoI = -0.722,-0.386,-0.487,0.304 | p_IinG = 4.224,11.761,2.896 | dist = 16.53 (meters)
bg = -0.0078,0.0234,0.0767 | ba = 0.0556,0.0801,0.2407
camera-imu timeoffset = -0.00001
cam0 intrinsics = 463.099,462.743,368.151,250.030 | -0.280,0.072,0.001,-0.000
cam1 intrinsics = 461.852,461.451,381.151,256.742 | -0.279,0.072,0.001,-0.000
cam0 extrinsics = -0.010,0.007,0.704,0.710 | 0.049,-0.046,-0.012
cam1 extrinsics = -0.005,0.012,0.705,0.709 | -0.069,-0.045,-0.012
q_GtoI = -0.719,-0.385,-0.493,0.303 | p_IinG = 4.294,11.747,2.894 | dist = 16.60 (meters)
bg = -0.0079,0.0235,0.0769 | ba = 0.0534,0.0809,0.2412
camera-imu timeoffset = -0.00000
cam0 intrinsics = 463.124,462.735,368.159,250.018 | -0.280,0.072,0.001,-0.000
cam1 intrinsics = 461.876,461.442,381.157,256.728 | -0.279,0.072,0.001,-0.000
cam0 extrinsics = -0.010,0.007,0.704,0.710 | 0.049,-0.046,-0.011
cam1 extrinsics = -0.005,0.012,0.705,0.709 | -0.068,-0.045,-0.012
q_GtoI = -0.715,-0.382,-0.500,0.304 | p_IinG = 4.355,11.723,2.883 | dist = 16.67 (meters)
bg = -0.0078,0.0235,0.0769 | ba = 0.0561,0.0821,0.2421
camera-imu timeoffset = -0.00000
cam0 intrinsics = 463.146,462.738,368.169,250.028 | -0.280,0.072,0.001,-0.000
cam1 intrinsics = 461.903,461.451,381.169,256.733 | -0.279,0.072,0.001,-0.000
cam0 extrinsics = -0.010,0.007,0.704,0.710 | 0.050,-0.046,-0.011
cam1 extrinsics = -0.005,0.012,0.705,0.709 | -0.068,-0.045,-0.011
q_GtoI = -0.710,-0.382,-0.508,0.303 | p_IinG = 4.421,11.699,2.875 | dist = 16.74 (meters)
bg = -0.0079,0.0236,0.0769 | ba = 0.0565,0.0818,0.2429
camera-imu timeoffset = 0.00000
cam0 intrinsics = 463.179,462.747,368.172,250.036 | -0.280,0.072,0.001,-0.000
cam1 intrinsics = 461.934,461.459,381.168,256.742 | -0.279,0.072,0.001,-0.000
cam0 extrinsics = -0.010,0.007,0.704,0.710 | 0.050,-0.046,-0.011
cam1 extrinsics = -0.005,0.012,0.705,0.709 | -0.068,-0.045,-0.011
q_GtoI = -0.706,-0.381,-0.514,0.304 | p_IinG = 4.481,11.674,2.865 | dist = 16.80 (meters)
bg = -0.0078,0.0237,0.0769 | ba = 0.0566,0.0825,0.2446
camera-imu timeoffset = 0.00000
cam0 intrinsics = 463.189,462.754,368.177,250.047 | -0.280,0.072,0.001,-0.000
cam1 intrinsics = 461.945,461.466,381.175,256.757 | -0.279,0.072,0.001,-0.000
cam0 extrinsics = -0.010,0.007,0.704,0.710 | 0.050,-0.046,-0.011
cam1 extrinsics = -0.005,0.012,0.705,0.709 | -0.068,-0.044,-0.011
q_GtoI = -0.703,-0.381,-0.519,0.302 | p_IinG = 4.542,11.644,2.854 | dist = 16.87 (meters)
bg = -0.0077,0.0237,0.0768 | ba = 0.0565,0.0833,0.2459
camera-imu timeoffset = 0.00001
cam0 intrinsics = 463.201,462.777,368.156,250.086 | -0.280,0.072,0.001,-0.000
cam1 intrinsics = 461.955,461.488,381.150,256.797 | -0.279,0.072,0.001,-0.000
cam0 extrinsics = -0.010,0.007,0.704,0.710 | 0.050,-0.046,-0.010
cam1 extrinsics = -0.005,0.012,0.705,0.709 | -0.068,-0.044,-0.011
q_GtoI = -0.702,-0.382,-0.520,0.300 | p_IinG = 4.602,11.611,2.840 | dist = 16.94 (meters)
bg = -0.0077,0.0236,0.0767 | ba = 0.0555,0.0833,0.2480
camera-imu timeoffset = -0.00000
cam0 intrinsics = 463.219,462.831,368.122,250.117 | -0.280,0.072,0.001,-0.000
cam1 intrinsics = 461.972,461.543,381.106,256.832 | -0.279,0.072,0.001,-0.000
cam0 extrinsics = -0.010,0.007,0.704,0.710 | 0.050,-0.046,-0.010
cam1 extrinsics = -0.005,0.012,0.705,0.709 | -0.068,-0.044,-0.011
q_GtoI = -0.705,-0.385,-0.517,0.297 | p_IinG = 4.661,11.580,2.828 | dist = 17.01 (meters)
bg = -0.0077,0.0236,0.0767 | ba = 0.0538,0.0832,0.2478
camera-imu timeoffset = 0.00000
cam0 intrinsics = 463.230,462.848,368.094,250.157 | -0.280,0.072,0.001,-0.000
cam1 intrinsics = 461.981,461.558,381.075,256.872 | -0.279,0.072,0.001,-0.000
cam0 extrinsics = -0.010,0.007,0.704,0.710 | 0.050,-0.046,-0.010
cam1 extrinsics = -0.005,0.012,0.705,0.709 | -0.068,-0.044,-0.011
q_GtoI = -0.708,-0.387,-0.512,0.294 | p_IinG = 4.719,11.549,2.816 | dist = 17.08 (meters)
bg = -0.0076,0.0236,0.0766 | ba = 0.0528,0.0835,0.2470
camera-imu timeoffset = 0.00000
cam0 intrinsics = 463.247,462.864,368.072,250.182 | -0.280,0.072,0.001,-0.000
cam1 intrinsics = 461.996,461.573,381.052,256.899 | -0.279,0.072,0.001,-0.000
cam0 extrinsics = -0.010,0.007,0.704,0.710 | 0.050,-0.046,-0.010
cam1 extrinsics = -0.005,0.012,0.705,0.709 | -0.068,-0.045,-0.011
q_GtoI = -0.711,-0.389,-0.509,0.291 | p_IinG = 4.776,11.515,2.806 | dist = 17.15 (meters)
bg = -0.0077,0.0236,0.0765 | ba = 0.0517,0.0837,0.2467
camera-imu timeoffset = 0.00000
cam0 intrinsics = 463.262,462.861,368.061,250.176 | -0.279,0.072,0.001,-0.000
cam1 intrinsics = 462.013,461.574,381.034,256.901 | -0.279,0.072,0.001,-0.000
cam0 extrinsics = -0.010,0.007,0.704,0.710 | 0.050,-0.046,-0.010
cam1 extrinsics = -0.005,0.012,0.705,0.709 | -0.068,-0.045,-0.011
q_GtoI = -0.714,-0.392,-0.504,0.289 | p_IinG = 4.832,11.481,2.798 | dist = 17.22 (meters)
bg = -0.0077,0.0236,0.0764 | ba = 0.0505,0.0836,0.2463
camera-imu timeoffset = 0.00001
cam0 intrinsics = 463.282,462.880,368.038,250.166 | -0.279,0.072,0.001,-0.000
cam1 intrinsics = 462.034,461.595,381.017,256.895 | -0.279,0.072,0.001,-0.000
cam0 extrinsics = -0.010,0.007,0.704,0.710 | 0.050,-0.047,-0.010
cam1 extrinsics = -0.005,0.012,0.705,0.709 | -0.068,-0.045,-0.010
q_GtoI = -0.717,-0.394,-0.498,0.287 | p_IinG = 4.887,11.445,2.791 | dist = 17.28 (meters)
bg = -0.0077,0.0235,0.0764 | ba = 0.0491,0.0846,0.2470
camera-imu timeoffset = 0.00002
cam0 intrinsics = 463.305,462.895,368.007,250.143 | -0.279,0.071,0.001,-0.000
cam1 intrinsics = 462.059,461.612,380.994,256.875 | -0.279,0.072,0.001,-0.000
cam0 extrinsics = -0.010,0.007,0.704,0.710 | 0.050,-0.047,-0.009
cam1 extrinsics = -0.005,0.012,0.705,0.709 | -0.068,-0.046,-0.010
q_GtoI = -0.719,-0.397,-0.496,0.282 | p_IinG = 4.941,11.405,2.786 | dist = 17.35 (meters)
bg = -0.0077,0.0234,0.0764 | ba = 0.0489,0.0863,0.2476
camera-imu timeoffset = 0.00002
cam0 intrinsics = 463.347,462.917,367.948,250.115 | -0.279,0.071,0.001,-0.000
cam1 intrinsics = 462.110,461.644,380.948,256.850 | -0.279,0.072,0.001,-0.000
cam0 extrinsics = -0.010,0.007,0.704,0.710 | 0.050,-0.046,-0.009
cam1 extrinsics = -0.005,0.012,0.705,0.709 | -0.068,-0.045,-0.009
q_GtoI = -0.719,-0.400,-0.494,0.279 | p_IinG = 4.994,11.368,2.785 | dist = 17.42 (meters)
bg = -0.0077,0.0233,0.0765 | ba = 0.0480,0.0875,0.2491
camera-imu timeoffset = 0.00003
cam0 intrinsics = 463.366,462.934,367.938,250.123 | -0.279,0.071,0.001,-0.000
cam1 intrinsics = 462.127,461.660,380.940,256.857 | -0.279,0.072,0.001,-0.000
cam0 extrinsics = -0.010,0.007,0.704,0.710 | 0.050,-0.047,-0.009
cam1 extrinsics = -0.005,0.012,0.705,0.709 | -0.068,-0.046,-0.009
q_GtoI = -0.720,-0.403,-0.493,0.278 | p_IinG = 5.044,11.328,2.787 | dist = 17.48 (meters)
bg = -0.0076,0.0232,0.0765 | ba = 0.0471,0.0894,0.2506
camera-imu timeoffset = 0.00003
cam0 intrinsics = 463.369,462.965,367.914,250.161 | -0.279,0.071,0.001,-0.000
cam1 intrinsics = 462.128,461.692,380.933,256.883 | -0.279,0.072,0.001,-0.000
cam0 extrinsics = -0.010,0.007,0.704,0.710 | 0.050,-0.047,-0.009
cam1 extrinsics = -0.005,0.012,0.705,0.709 | -0.068,-0.046,-0.009
q_GtoI = -0.719,-0.405,-0.492,0.277 | p_IinG = 5.096,11.291,2.796 | dist = 17.55 (meters)
bg = -0.0076,0.0231,0.0764 | ba = 0.0459,0.0906,0.2528
camera-imu timeoffset = 0.00004
cam0 intrinsics = 463.383,462.993,367.901,250.184 | -0.279,0.071,0.001,-0.000
cam1 intrinsics = 462.139,461.718,380.924,256.905 | -0.279,0.072,0.001,-0.000
cam0 extrinsics = -0.010,0.007,0.704,0.710 | 0.050,-0.048,-0.009
cam1 extrinsics = -0.005,0.012,0.705,0.709 | -0.068,-0.046,-0.009
q_GtoI = -0.718,-0.406,-0.492,0.276 | p_IinG = 5.144,11.250,2.808 | dist = 17.61 (meters)
bg = -0.0075,0.0229,0.0766 | ba = 0.0454,0.0934,0.2549
camera-imu timeoffset = 0.00004
cam0 intrinsics = 463.383,463.003,367.866,250.242 | -0.279,0.071,0.001,-0.000
cam1 intrinsics = 462.142,461.734,380.896,256.959 | -0.279,0.071,0.001,-0.000
cam0 extrinsics = -0.010,0.007,0.704,0.710 | 0.050,-0.048,-0.009
cam1 extrinsics = -0.005,0.012,0.705,0.709 | -0.068,-0.046,-0.010
q_GtoI = -0.718,-0.408,-0.492,0.275 | p_IinG = 5.192,11.212,2.827 | dist = 17.68 (meters)
bg = -0.0074,0.0228,0.0766 | ba = 0.0445,0.0948,0.2562
camera-imu timeoffset = 0.00004
cam0 intrinsics = 463.396,463.026,367.861,250.285 | -0.279,0.071,0.001,-0.000
cam1 intrinsics = 462.153,461.756,380.890,256.998 | -0.279,0.071,0.001,-0.000
cam0 extrinsics = -0.010,0.007,0.704,0.710 | 0.050,-0.048,-0.009
cam1 extrinsics = -0.005,0.012,0.705,0.709 | -0.068,-0.046,-0.010
q_GtoI = -0.717,-0.410,-0.493,0.275 | p_IinG = 5.237,11.168,2.848 | dist = 17.74 (meters)
bg = -0.0072,0.0226,0.0767 | ba = 0.0424,0.0967,0.2577
camera-imu timeoffset = 0.00004
cam0 intrinsics = 463.401,463.060,367.840,250.319 | -0.279,0.071,0.001,-0.000
cam1 intrinsics = 462.159,461.790,380.874,257.030 | -0.279,0.071,0.000,-0.000
cam0 extrinsics = -0.010,0.007,0.704,0.710 | 0.050,-0.048,-0.009
cam1 extrinsics = -0.005,0.012,0.705,0.709 | -0.068,-0.046,-0.010
q_GtoI = -0.717,-0.411,-0.492,0.274 | p_IinG = 5.281,11.125,2.872 | dist = 17.81 (meters)
bg = -0.0071,0.0224,0.0768 | ba = 0.0406,0.0986,0.2587
camera-imu timeoffset = 0.00004
cam0 intrinsics = 463.415,463.085,367.831,250.362 | -0.279,0.071,0.001,-0.000
cam1 intrinsics = 462.172,461.814,380.858,257.071 | -0.279,0.071,0.000,-0.000
cam0 extrinsics = -0.010,0.007,0.704,0.710 | 0.050,-0.048,-0.009
cam1 extrinsics = -0.005,0.012,0.705,0.709 | -0.068,-0.046,-0.010
q_GtoI = -0.716,-0.412,-0.492,0.274 | p_IinG = 5.324,11.084,2.897 | dist = 17.87 (meters)
bg = -0.0071,0.0223,0.0769 | ba = 0.0385,0.1004,0.2596
camera-imu timeoffset = 0.00004
cam0 intrinsics = 463.434,463.114,367.814,250.404 | -0.279,0.071,0.001,-0.000
cam1 intrinsics = 462.190,461.843,380.847,257.109 | -0.279,0.071,0.000,-0.000
cam0 extrinsics = -0.010,0.007,0.704,0.710 | 0.050,-0.047,-0.009
cam1 extrinsics = -0.005,0.012,0.705,0.709 | -0.068,-0.046,-0.010
q_GtoI = -0.716,-0.413,-0.491,0.275 | p_IinG = 5.379,11.060,2.922 | dist = 17.93 (meters)
bg = -0.0071,0.0222,0.0771 | ba = 0.0386,0.1009,0.2583
camera-imu timeoffset = 0.00004
cam0 intrinsics = 463.452,463.140,367.813,250.387 | -0.279,0.071,0.001,-0.000
cam1 intrinsics = 462.208,461.868,380.848,257.090 | -0.279,0.071,0.001,-0.000
cam0 extrinsics = -0.010,0.007,0.704,0.710 | 0.050,-0.048,-0.009
cam1 extrinsics = -0.005,0.012,0.705,0.709 | -0.068,-0.046,-0.010
q_GtoI = -0.715,-0.413,-0.492,0.276 | p_IinG = 5.426,11.026,2.944 | dist = 18.00 (meters)
bg = -0.0072,0.0221,0.0772 | ba = 0.0370,0.1028,0.2578
camera-imu timeoffset = 0.00003
cam0 intrinsics = 463.478,463.158,367.800,250.401 | -0.279,0.071,0.001,-0.000
cam1 intrinsics = 462.234,461.887,380.837,257.103 | -0.279,0.071,0.001,-0.000
cam0 extrinsics = -0.010,0.007,0.704,0.710 | 0.051,-0.048,-0.009
cam1 extrinsics = -0.005,0.012,0.705,0.709 | -0.068,-0.047,-0.010
q_GtoI = -0.715,-0.413,-0.491,0.277 | p_IinG = 5.465,10.982,2.963 | dist = 18.06 (meters)
bg = -0.0070,0.0221,0.0772 | ba = 0.0330,0.1045,0.2586
camera-imu timeoffset = 0.00003
cam0 intrinsics = 463.502,463.166,367.787,250.436 | -0.279,0.071,0.001,-0.000
cam1 intrinsics = 462.258,461.896,380.825,257.135 | -0.279,0.071,0.001,-0.000
cam0 extrinsics = -0.010,0.007,0.704,0.710 | 0.051,-0.048,-0.010
cam1 extrinsics = -0.005,0.012,0.705,0.709 | -0.067,-0.047,-0.010
q_GtoI = -0.716,-0.412,-0.489,0.279 | p_IinG = 5.506,10.946,2.980 | dist = 18.11 (meters)
bg = -0.0069,0.0221,0.0773 | ba = 0.0316,0.1073,0.2587
camera-imu timeoffset = 0.00003
cam0 intrinsics = 463.520,463.182,367.746,250.487 | -0.279,0.071,0.001,-0.000
cam1 intrinsics = 462.276,461.916,380.809,257.176 | -0.279,0.071,0.001,-0.000
cam0 extrinsics = -0.010,0.007,0.704,0.710 | 0.051,-0.048,-0.010
cam1 extrinsics = -0.005,0.012,0.705,0.709 | -0.067,-0.046,-0.010
q_GtoI = -0.717,-0.411,-0.487,0.282 | p_IinG = 5.549,10.913,2.997 | dist = 18.17 (meters)
bg = -0.0069,0.0221,0.0774 | ba = 0.0280,0.1090,0.2570
camera-imu timeoffset = 0.00002
cam0 intrinsics = 463.538,463.176,367.728,250.498 | -0.279,0.071,0.001,-0.000
cam1 intrinsics = 462.295,461.912,380.792,257.185 | -0.279,0.071,0.001,-0.000
cam0 extrinsics = -0.010,0.007,0.704,0.710 | 0.052,-0.048,-0.010
cam1 extrinsics = -0.005,0.012,0.705,0.709 | -0.066,-0.047,-0.010
q_GtoI = -0.721,-0.409,-0.481,0.286 | p_IinG = 5.593,10.883,3.013 | dist = 18.23 (meters)
bg = -0.0067,0.0221,0.0775 | ba = 0.0262,0.1097,0.2571
camera-imu timeoffset = 0.00001
cam0 intrinsics = 463.564,463.172,367.712,250.516 | -0.279,0.071,0.001,-0.000
cam1 intrinsics = 462.322,461.908,380.775,257.202 | -0.279,0.071,0.001,-0.000
cam0 extrinsics = -0.010,0.007,0.704,0.710 | 0.052,-0.048,-0.010
cam1 extrinsics = -0.005,0.012,0.705,0.709 | -0.066,-0.047,-0.010
q_GtoI = -0.726,-0.407,-0.474,0.289 | p_IinG = 5.638,10.854,3.026 | dist = 18.28 (meters)
bg = -0.0066,0.0221,0.0775 | ba = 0.0247,0.1098,0.2573
camera-imu timeoffset = 0.00001
cam0 intrinsics = 463.589,463.171,367.698,250.527 | -0.279,0.071,0.001,-0.000
cam1 intrinsics = 462.346,461.907,380.758,257.214 | -0.279,0.071,0.001,-0.000
cam0 extrinsics = -0.010,0.007,0.704,0.710 | 0.053,-0.048,-0.010
cam1 extrinsics = -0.005,0.012,0.705,0.709 | -0.065,-0.047,-0.010
q_GtoI = -0.732,-0.406,-0.464,0.291 | p_IinG = 5.685,10.828,3.035 | dist = 18.33 (meters)
bg = -0.0065,0.0220,0.0775 | ba = 0.0237,0.1093,0.2552
camera-imu timeoffset = 0.00001
cam0 intrinsics = 463.611,463.161,367.689,250.502 | -0.279,0.071,0.001,-0.000
cam1 intrinsics = 462.368,461.897,380.744,257.192 | -0.279,0.071,0.001,-0.000
cam0 extrinsics = -0.010,0.007,0.704,0.710 | 0.053,-0.048,-0.009
cam1 extrinsics = -0.005,0.012,0.705,0.709 | -0.065,-0.047,-0.010
q_GtoI = -0.736,-0.406,-0.457,0.290 | p_IinG = 5.732,10.798,3.043 | dist = 18.39 (meters)
bg = -0.0065,0.0219,0.0775 | ba = 0.0237,0.1087,0.2537
camera-imu timeoffset = 0.00002
cam0 intrinsics = 463.627,463.161,367.680,250.507 | -0.279,0.071,0.001,-0.000
cam1 intrinsics = 462.385,461.898,380.731,257.198 | -0.279,0.071,0.001,-0.000
cam0 extrinsics = -0.010,0.007,0.704,0.710 | 0.053,-0.048,-0.009
cam1 extrinsics = -0.005,0.012,0.705,0.709 | -0.065,-0.047,-0.010
q_GtoI = -0.740,-0.407,-0.451,0.288 | p_IinG = 5.779,10.769,3.049 | dist = 18.44 (meters)
bg = -0.0064,0.0219,0.0776 | ba = 0.0246,0.1090,0.2521
camera-imu timeoffset = 0.00002
cam0 intrinsics = 463.643,463.170,367.665,250.515 | -0.279,0.071,0.001,-0.000
cam1 intrinsics = 462.402,461.908,380.715,257.205 | -0.279,0.071,0.001,-0.000
cam0 extrinsics = -0.010,0.007,0.704,0.710 | 0.052,-0.048,-0.009
cam1 extrinsics = -0.005,0.012,0.705,0.709 | -0.065,-0.046,-0.010
q_GtoI = -0.741,-0.410,-0.449,0.285 | p_IinG = 5.828,10.743,3.055 | dist = 18.50 (meters)
bg = -0.0065,0.0219,0.0776 | ba = 0.0257,0.1087,0.2514
camera-imu timeoffset = 0.00001
cam0 intrinsics = 463.649,463.167,367.660,250.499 | -0.279,0.071,0.001,-0.000
cam1 intrinsics = 462.413,461.913,380.698,257.194 | -0.279,0.071,0.000,-0.000
cam0 extrinsics = -0.010,0.007,0.704,0.710 | 0.053,-0.048,-0.009
cam1 extrinsics = -0.005,0.012,0.705,0.709 | -0.065,-0.047,-0.010
q_GtoI = -0.742,-0.411,-0.447,0.283 | p_IinG = 5.879,10.719,3.064 | dist = 18.55 (meters)
bg = -0.0065,0.0220,0.0775 | ba = 0.0266,0.1088,0.2516
camera-imu timeoffset = 0.00001
cam0 intrinsics = 463.660,463.175,367.644,250.506 | -0.279,0.071,0.001,-0.000
cam1 intrinsics = 462.425,461.923,380.676,257.202 | -0.279,0.071,0.000,-0.000
cam0 extrinsics = -0.010,0.007,0.704,0.710 | 0.053,-0.048,-0.010
cam1 extrinsics = -0.005,0.012,0.705,0.709 | -0.065,-0.047,-0.010
q_GtoI = -0.741,-0.414,-0.448,0.279 | p_IinG = 5.930,10.696,3.074 | dist = 18.61 (meters)
bg = -0.0065,0.0219,0.0775 | ba = 0.0279,0.1087,0.2512
camera-imu timeoffset = 0.00001
cam0 intrinsics = 463.660,463.168,367.624,250.520 | -0.279,0.071,0.001,-0.000
cam1 intrinsics = 462.423,461.915,380.655,257.211 | -0.279,0.071,0.000,-0.000
cam0 extrinsics = -0.010,0.007,0.704,0.710 | 0.053,-0.049,-0.010
cam1 extrinsics = -0.005,0.012,0.705,0.709 | -0.065,-0.047,-0.010
q_GtoI = -0.740,-0.416,-0.450,0.277 | p_IinG = 5.985,10.677,3.086 | dist = 18.67 (meters)
bg = -0.0064,0.0220,0.0775 | ba = 0.0292,0.1089,0.2508
camera-imu timeoffset = 0.00000
cam0 intrinsics = 463.672,463.169,367.594,250.517 | -0.279,0.071,0.001,-0.000
cam1 intrinsics = 462.434,461.916,380.618,257.204 | -0.279,0.071,0.000,-0.000
cam0 extrinsics = -0.010,0.007,0.704,0.710 | 0.053,-0.049,-0.010
cam1 extrinsics = -0.005,0.012,0.705,0.709 | -0.065,-0.048,-0.010
q_GtoI = -0.738,-0.418,-0.452,0.275 | p_IinG = 6.044,10.662,3.100 | dist = 18.73 (meters)
bg = -0.0065,0.0220,0.0775 | ba = 0.0321,0.1077,0.2515
camera-imu timeoffset = -0.00000
cam0 intrinsics = 463.695,463.186,367.548,250.506 | -0.279,0.071,0.001,-0.000
cam1 intrinsics = 462.455,461.932,380.566,257.188 | -0.279,0.071,0.000,-0.000
cam0 extrinsics = -0.010,0.007,0.704,0.710 | 0.054,-0.049,-0.010
cam1 extrinsics = -0.005,0.012,0.705,0.709 | -0.064,-0.048,-0.010
q_GtoI = -0.737,-0.419,-0.455,0.273 | p_IinG = 6.103,10.650,3.117 | dist = 18.79 (meters)
bg = -0.0065,0.0221,0.0775 | ba = 0.0342,0.1070,0.2517
camera-imu timeoffset = -0.00000
cam0 intrinsics = 463.704,463.194,367.532,250.522 | -0.279,0.071,0.001,-0.000
cam1 intrinsics = 462.463,461.940,380.547,257.206 | -0.279,0.071,0.000,-0.000
cam0 extrinsics = -0.010,0.007,0.704,0.710 | 0.054,-0.050,-0.009
cam1 extrinsics = -0.005,0.012,0.705,0.709 | -0.064,-0.048,-0.009
q_GtoI = -0.736,-0.419,-0.457,0.273 | p_IinG = 6.163,10.639,3.134 | dist = 18.85 (meters)
bg = -0.0064,0.0221,0.0776 | ba = 0.0367,0.1070,0.2511
camera-imu timeoffset = 0.00000
cam0 intrinsics = 463.692,463.208,367.515,250.535 | -0.279,0.071,0.001,-0.000
cam1 intrinsics = 462.453,461.954,380.522,257.222 | -0.279,0.071,0.000,-0.000
cam0 extrinsics = -0.010,0.007,0.704,0.710 | 0.055,-0.050,-0.009
cam1 extrinsics = -0.005,0.012,0.705,0.709 | -0.063,-0.049,-0.009
q_GtoI = -0.735,-0.419,-0.457,0.273 | p_IinG = 6.224,10.631,3.153 | dist = 18.92 (meters)
bg = -0.0064,0.0222,0.0775 | ba = 0.0381,0.1065,0.2510
camera-imu timeoffset = 0.00000
cam0 intrinsics = 463.698,463.210,367.504,250.524 | -0.279,0.071,0.001,-0.000
cam1 intrinsics = 462.458,461.961,380.502,257.214 | -0.279,0.071,0.000,-0.000
cam0 extrinsics = -0.010,0.007,0.704,0.710 | 0.054,-0.050,-0.009
cam1 extrinsics = -0.005,0.012,0.705,0.709 | -0.064,-0.049,-0.009
q_GtoI = -0.735,-0.418,-0.459,0.274 | p_IinG = 6.286,10.624,3.170 | dist = 18.98 (meters)
bg = -0.0063,0.0221,0.0776 | ba = 0.0409,0.1057,0.2504
camera-imu timeoffset = 0.00000
cam0 intrinsics = 463.707,463.227,367.477,250.529 | -0.279,0.071,0.001,-0.000
cam1 intrinsics = 462.467,461.978,380.473,257.214 | -0.279,0.071,0.000,-0.000
cam0 extrinsics = -0.010,0.007,0.704,0.710 | 0.055,-0.050,-0.008
cam1 extrinsics = -0.005,0.012,0.705,0.709 | -0.063,-0.049,-0.008
q_GtoI = -0.734,-0.416,-0.461,0.276 | p_IinG = 6.348,10.619,3.187 | dist = 19.04 (meters)
bg = -0.0062,0.0220,0.0777 | ba = 0.0427,0.1046,0.2517
camera-imu timeoffset = 0.00000
cam0 intrinsics = 463.702,463.243,367.471,250.518 | -0.279,0.071,0.001,-0.000
cam1 intrinsics = 462.463,461.996,380.470,257.197 | -0.279,0.071,0.000,-0.000
cam0 extrinsics = -0.010,0.007,0.704,0.710 | 0.055,-0.050,-0.008
cam1 extrinsics = -0.005,0.012,0.705,0.709 | -0.064,-0.049,-0.008
q_GtoI = -0.732,-0.414,-0.464,0.278 | p_IinG = 6.409,10.613,3.201 | dist = 19.10 (meters)
bg = -0.0061,0.0220,0.0779 | ba = 0.0441,0.1042,0.2515
camera-imu timeoffset = 0.00000
cam0 intrinsics = 463.685,463.250,367.466,250.500 | -0.279,0.071,0.001,-0.000
cam1 intrinsics = 462.448,462.003,380.469,257.175 | -0.279,0.071,0.000,-0.000
cam0 extrinsics = -0.010,0.007,0.704,0.710 | 0.055,-0.050,-0.008
cam1 extrinsics = -0.004,0.012,0.705,0.709 | -0.064,-0.049,-0.008
q_GtoI = -0.731,-0.411,-0.466,0.283 | p_IinG = 6.471,10.609,3.215 | dist = 19.17 (meters)
bg = -0.0059,0.0220,0.0782 | ba = 0.0448,0.1033,0.2529
camera-imu timeoffset = -0.00000
cam0 intrinsics = 463.671,463.257,367.465,250.470 | -0.279,0.071,0.001,-0.000
cam1 intrinsics = 462.433,462.010,380.473,257.144 | -0.279,0.071,0.000,-0.000
cam0 extrinsics = -0.009,0.007,0.704,0.710 | 0.055,-0.050,-0.008
cam1 extrinsics = -0.004,0.012,0.705,0.709 | -0.064,-0.049,-0.008
q_GtoI = -0.731,-0.405,-0.467,0.288 | p_IinG = 6.538,10.607,3.226 | dist = 19.23 (meters)
bg = -0.0060,0.0218,0.0784 | ba = 0.0469,0.1003,0.2553
camera-imu timeoffset = -0.00001
cam0 intrinsics = 463.664,463.291,367.448,250.398 | -0.279,0.071,0.001,-0.000
cam1 intrinsics = 462.421,462.041,380.459,257.087 | -0.279,0.071,0.000,-0.000
cam0 extrinsics = -0.009,0.007,0.704,0.710 | 0.055,-0.050,-0.007
cam1 extrinsics = -0.004,0.012,0.705,0.709 | -0.063,-0.048,-0.007
q_GtoI = -0.732,-0.400,-0.468,0.290 | p_IinG = 6.601,10.600,3.236 | dist = 19.29 (meters)
bg = -0.0059,0.0219,0.0785 | ba = 0.0470,0.0988,0.2569
camera-imu timeoffset = 0.00000
cam0 intrinsics = 463.648,463.293,367.435,250.369 | -0.279,0.071,0.001,-0.000
cam1 intrinsics = 462.407,462.045,380.451,257.061 | -0.279,0.071,0.000,-0.000
cam0 extrinsics = -0.009,0.007,0.704,0.710 | 0.055,-0.049,-0.007
cam1 extrinsics = -0.004,0.012,0.705,0.709 | -0.063,-0.048,-0.007
q_GtoI = -0.734,-0.394,-0.470,0.292 | p_IinG = 6.666,10.591,3.243 | dist = 19.36 (meters)
bg = -0.0060,0.0220,0.0785 | ba = 0.0472,0.0975,0.2580
camera-imu timeoffset = -0.00001
cam0 intrinsics = 463.617,463.303,367.402,250.332 | -0.279,0.071,0.001,-0.000
cam1 intrinsics = 462.378,462.058,380.425,257.025 | -0.279,0.071,0.000,-0.000
cam0 extrinsics = -0.009,0.007,0.704,0.710 | 0.055,-0.049,-0.007
cam1 extrinsics = -0.004,0.012,0.705,0.709 | -0.063,-0.047,-0.007
q_GtoI = -0.736,-0.387,-0.471,0.294 | p_IinG = 6.733,10.582,3.249 | dist = 19.43 (meters)
bg = -0.0060,0.0220,0.0786 | ba = 0.0472,0.0967,0.2580
camera-imu timeoffset = -0.00001
cam0 intrinsics = 463.619,463.303,367.393,250.315 | -0.279,0.071,0.001,-0.000
cam1 intrinsics = 462.380,462.058,380.421,257.007 | -0.279,0.071,0.000,-0.000
cam0 extrinsics = -0.009,0.007,0.704,0.710 | 0.055,-0.049,-0.007
cam1 extrinsics = -0.004,0.012,0.705,0.709 | -0.063,-0.047,-0.007
q_GtoI = -0.740,-0.380,-0.471,0.294 | p_IinG = 6.802,10.572,3.255 | dist = 19.49 (meters)
bg = -0.0062,0.0221,0.0785 | ba = 0.0467,0.0952,0.2583
camera-imu timeoffset = -0.00001
cam0 intrinsics = 463.611,463.306,367.375,250.270 | -0.279,0.071,0.001,-0.000
cam1 intrinsics = 462.374,462.062,380.422,256.965 | -0.279,0.071,0.000,-0.000
cam0 extrinsics = -0.009,0.007,0.704,0.710 | 0.055,-0.048,-0.007
cam1 extrinsics = -0.004,0.012,0.705,0.709 | -0.063,-0.047,-0.007
q_GtoI = -0.742,-0.374,-0.473,0.292 | p_IinG = 6.874,10.566,3.262 | dist = 19.56 (meters)
bg = -0.0061,0.0222,0.0786 | ba = 0.0464,0.0956,0.2593
camera-imu timeoffset = -0.00001
cam0 intrinsics = 463.636,463.296,367.376,250.289 | -0.279,0.071,0.001,-0.000
cam1 intrinsics = 462.401,462.053,380.426,256.987 | -0.279,0.071,0.000,-0.000
cam0 extrinsics = -0.009,0.007,0.704,0.710 | 0.055,-0.049,-0.008
cam1 extrinsics = -0.004,0.012,0.705,0.709 | -0.063,-0.047,-0.007
q_GtoI = -0.745,-0.367,-0.476,0.290 | p_IinG = 6.948,10.558,3.268 | dist = 19.63 (meters)
bg = -0.0061,0.0224,0.0785 | ba = 0.0458,0.0953,0.2601
camera-imu timeoffset = -0.00000
cam0 intrinsics = 463.657,463.290,367.372,250.314 | -0.279,0.072,0.001,-0.000
cam1 intrinsics = 462.419,462.046,380.417,257.004 | -0.279,0.071,0.000,-0.000
cam0 extrinsics = -0.009,0.007,0.704,0.710 | 0.056,-0.049,-0.008
cam1 extrinsics = -0.004,0.012,0.705,0.709 | -0.063,-0.048,-0.008
q_GtoI = -0.748,-0.361,-0.478,0.285 | p_IinG = 7.021,10.547,3.270 | dist = 19.71 (meters)
bg = -0.0063,0.0225,0.0785 | ba = 0.0472,0.0941,0.2600
camera-imu timeoffset = -0.00000
cam0 intrinsics = 463.669,463.300,367.370,250.314 | -0.279,0.072,0.001,-0.000
cam1 intrinsics = 462.430,462.056,380.420,257.004 | -0.279,0.071,0.000,-0.000
cam0 extrinsics = -0.009,0.007,0.704,0.710 | 0.055,-0.049,-0.008
cam1 extrinsics = -0.004,0.012,0.705,0.709 | -0.063,-0.047,-0.008
q_GtoI = -0.751,-0.355,-0.481,0.282 | p_IinG = 7.096,10.535,3.273 | dist = 19.78 (meters)
bg = -0.0065,0.0227,0.0784 | ba = 0.0492,0.0935,0.2586
camera-imu timeoffset = -0.00001
cam0 intrinsics = 463.717,463.284,367.375,250.341 | -0.280,0.072,0.001,-0.000
cam1 intrinsics = 462.477,462.039,380.433,257.024 | -0.279,0.071,0.000,-0.000
cam0 extrinsics = -0.009,0.007,0.704,0.710 | 0.056,-0.049,-0.008
cam1 extrinsics = -0.004,0.012,0.705,0.709 | -0.063,-0.047,-0.008
q_GtoI = -0.753,-0.349,-0.483,0.280 | p_IinG = 7.173,10.525,3.279 | dist = 19.85 (meters)
bg = -0.0065,0.0229,0.0784 | ba = 0.0504,0.0926,0.2600
camera-imu timeoffset = -0.00002
cam0 intrinsics = 463.733,463.290,367.377,250.346 | -0.280,0.072,0.001,-0.000
cam1 intrinsics = 462.495,462.047,380.442,257.029 | -0.279,0.071,0.000,-0.000
cam0 extrinsics = -0.009,0.007,0.704,0.710 | 0.056,-0.049,-0.009
cam1 extrinsics = -0.004,0.012,0.705,0.709 | -0.063,-0.047,-0.008
q_GtoI = -0.755,-0.345,-0.485,0.276 | p_IinG = 7.252,10.515,3.287 | dist = 19.93 (meters)
bg = -0.0064,0.0230,0.0784 | ba = 0.0522,0.0918,0.2610
camera-imu timeoffset = -0.00001
cam0 intrinsics = 463.750,463.299,367.370,250.327 | -0.280,0.072,0.001,-0.000
cam1 intrinsics = 462.518,462.060,380.432,257.014 | -0.279,0.071,0.000,-0.000
cam0 extrinsics = -0.009,0.007,0.704,0.710 | 0.056,-0.049,-0.009
cam1 extrinsics = -0.004,0.012,0.705,0.709 | -0.063,-0.048,-0.009
q_GtoI = -0.757,-0.339,-0.488,0.272 | p_IinG = 7.330,10.502,3.296 | dist = 20.01 (meters)
bg = -0.0063,0.0232,0.0784 | ba = 0.0545,0.0909,0.2617
camera-imu timeoffset = -0.00000
cam0 intrinsics = 463.781,463.310,367.374,250.332 | -0.280,0.072,0.001,-0.000
cam1 intrinsics = 462.551,462.070,380.442,257.019 | -0.279,0.072,0.000,-0.000
cam0 extrinsics = -0.009,0.007,0.704,0.710 | 0.056,-0.049,-0.009
cam1 extrinsics = -0.004,0.012,0.705,0.709 | -0.062,-0.048,-0.009
q_GtoI = -0.759,-0.336,-0.491,0.265 | p_IinG = 7.410,10.487,3.307 | dist = 20.09 (meters)
bg = -0.0064,0.0231,0.0784 | ba = 0.0563,0.0897,0.2623
camera-imu timeoffset = -0.00001
cam0 intrinsics = 463.799,463.319,367.381,250.340 | -0.280,0.072,0.001,-0.000
cam1 intrinsics = 462.572,462.083,380.456,257.027 | -0.279,0.072,0.000,-0.000
cam0 extrinsics = -0.009,0.007,0.704,0.710 | 0.056,-0.050,-0.009
cam1 extrinsics = -0.004,0.012,0.705,0.709 | -0.062,-0.048,-0.009
q_GtoI = -0.761,-0.331,-0.494,0.258 | p_IinG = 7.494,10.475,3.319 | dist = 20.17 (meters)
bg = -0.0065,0.0231,0.0787 | ba = 0.0565,0.0906,0.2615
camera-imu timeoffset = -0.00000
cam0 intrinsics = 463.827,463.364,367.364,250.347 | -0.280,0.072,0.001,-0.000
cam1 intrinsics = 462.602,462.128,380.448,257.035 | -0.279,0.072,0.000,-0.000
cam0 extrinsics = -0.009,0.007,0.704,0.710 | 0.057,-0.050,-0.009
cam1 extrinsics = -0.004,0.012,0.705,0.709 | -0.062,-0.048,-0.009
q_GtoI = -0.763,-0.326,-0.498,0.252 | p_IinG = 7.576,10.459,3.333 | dist = 20.25 (meters)
bg = -0.0064,0.0229,0.0788 | ba = 0.0564,0.0918,0.2603
camera-imu timeoffset = -0.00000
cam0 intrinsics = 463.858,463.396,367.377,250.372 | -0.280,0.072,0.001,-0.000
cam1 intrinsics = 462.634,462.160,380.456,257.060 | -0.279,0.072,0.000,-0.000
cam0 extrinsics = -0.009,0.007,0.704,0.710 | 0.056,-0.050,-0.009
cam1 extrinsics = -0.004,0.012,0.705,0.709 | -0.062,-0.048,-0.008
q_GtoI = -0.765,-0.320,-0.502,0.246 | p_IinG = 7.658,10.441,3.348 | dist = 20.33 (meters)
bg = -0.0064,0.0230,0.0788 | ba = 0.0559,0.0913,0.2597
camera-imu timeoffset = -0.00001
cam0 intrinsics = 463.890,463.420,367.350,250.399 | -0.280,0.072,0.001,-0.000
cam1 intrinsics = 462.665,462.183,380.418,257.088 | -0.279,0.072,0.000,-0.000
cam0 extrinsics = -0.009,0.007,0.704,0.710 | 0.057,-0.050,-0.009
cam1 extrinsics = -0.004,0.012,0.705,0.709 | -0.062,-0.049,-0.008
q_GtoI = -0.767,-0.316,-0.505,0.239 | p_IinG = 7.741,10.427,3.365 | dist = 20.42 (meters)
bg = -0.0064,0.0232,0.0788 | ba = 0.0549,0.0915,0.2557
camera-imu timeoffset = -0.00001
cam0 intrinsics = 463.920,463.435,367.335,250.431 | -0.280,0.072,0.001,-0.000
cam1 intrinsics = 462.694,462.196,380.391,257.126 | -0.279,0.072,0.000,-0.000
cam0 extrinsics = -0.009,0.007,0.704,0.710 | 0.057,-0.050,-0.009
cam1 extrinsics = -0.004,0.012,0.705,0.709 | -0.062,-0.049,-0.008
q_GtoI = -0.770,-0.315,-0.506,0.230 | p_IinG = 7.823,10.412,3.381 | dist = 20.50 (meters)
bg = -0.0065,0.0232,0.0789 | ba = 0.0535,0.0917,0.2544
camera-imu timeoffset = -0.00001
cam0 intrinsics = 463.935,463.448,367.325,250.435 | -0.280,0.072,0.001,-0.000
cam1 intrinsics = 462.708,462.208,380.382,257.131 | -0.279,0.072,0.000,-0.000
cam0 extrinsics = -0.009,0.007,0.704,0.710 | 0.057,-0.050,-0.008
cam1 extrinsics = -0.004,0.012,0.705,0.709 | -0.062,-0.049,-0.008
q_GtoI = -0.772,-0.316,-0.506,0.221 | p_IinG = 7.910,10.396,3.394 | dist = 20.59 (meters)
bg = -0.0067,0.0230,0.0789 | ba = 0.0519,0.0917,0.2513
camera-imu timeoffset = -0.00002
cam0 intrinsics = 463.952,463.476,367.315,250.429 | -0.280,0.072,0.001,-0.000
cam1 intrinsics = 462.724,462.234,380.376,257.127 | -0.279,0.072,0.000,-0.000
cam0 extrinsics = -0.009,0.007,0.704,0.710 | 0.057,-0.050,-0.008
cam1 extrinsics = -0.004,0.012,0.705,0.709 | -0.062,-0.049,-0.008
q_GtoI = -0.774,-0.317,-0.505,0.211 | p_IinG = 7.988,10.386,3.407 | dist = 20.67 (meters)
bg = -0.0061,0.0229,0.0790 | ba = 0.0485,0.0931,0.2506
camera-imu timeoffset = -0.00002
cam0 intrinsics = 463.967,463.457,367.212,250.370 | -0.280,0.072,0.001,-0.000
cam1 intrinsics = 462.731,462.209,380.255,257.064 | -0.279,0.072,0.000,-0.000
cam0 extrinsics = -0.009,0.007,0.704,0.710 | 0.057,-0.049,-0.007
cam1 extrinsics = -0.004,0.012,0.705,0.709 | -0.062,-0.048,-0.007
q_GtoI = -0.776,-0.318,-0.505,0.203 | p_IinG = 8.072,10.375,3.417 | dist = 20.75 (meters)
bg = -0.0060,0.0227,0.0790 | ba = 0.0473,0.0933,0.2487
camera-imu timeoffset = -0.00002
cam0 intrinsics = 463.997,463.466,367.201,250.347 | -0.280,0.072,0.001,-0.000
cam1 intrinsics = 462.759,462.217,380.240,257.042 | -0.279,0.072,0.000,-0.000
cam0 extrinsics = -0.009,0.007,0.704,0.710 | 0.057,-0.049,-0.007
cam1 extrinsics = -0.004,0.012,0.705,0.709 | -0.062,-0.048,-0.007
q_GtoI = -0.778,-0.319,-0.505,0.196 | p_IinG = 8.157,10.366,3.424 | dist = 20.84 (meters)
bg = -0.0059,0.0226,0.0790 | ba = 0.0464,0.0938,0.2472
camera-imu timeoffset = -0.00002
cam0 intrinsics = 464.034,463.479,367.192,250.312 | -0.280,0.072,0.001,-0.000
cam1 intrinsics = 462.797,462.231,380.228,257.009 | -0.279,0.072,0.000,-0.000
cam0 extrinsics = -0.009,0.007,0.704,0.710 | 0.057,-0.049,-0.007
cam1 extrinsics = -0.004,0.012,0.705,0.709 | -0.062,-0.047,-0.007
q_GtoI = -0.779,-0.320,-0.505,0.192 | p_IinG = 8.243,10.355,3.430 | dist = 20.92 (meters)
bg = -0.0062,0.0224,0.0787 | ba = 0.0455,0.0924,0.2490
camera-imu timeoffset = -0.00001
cam0 intrinsics = 464.099,463.489,367.160,250.221 | -0.280,0.072,0.001,-0.000
cam1 intrinsics = 462.865,462.242,380.187,256.919 | -0.279,0.072,0.000,-0.000
cam0 extrinsics = -0.009,0.007,0.704,0.710 | 0.058,-0.049,-0.007
cam1 extrinsics = -0.004,0.012,0.705,0.709 | -0.061,-0.047,-0.007
q_GtoI = -0.780,-0.319,-0.504,0.190 | p_IinG = 8.327,10.348,3.433 | dist = 21.00 (meters)
bg = -0.0061,0.0223,0.0787 | ba = 0.0471,0.0919,0.2492
camera-imu timeoffset = -0.00001
cam0 intrinsics = 464.154,463.505,367.112,250.121 | -0.280,0.072,0.001,-0.000
cam1 intrinsics = 462.920,462.259,380.132,256.822 | -0.279,0.072,0.000,-0.000
cam0 extrinsics = -0.009,0.007,0.704,0.710 | 0.058,-0.048,-0.007
cam1 extrinsics = -0.004,0.012,0.705,0.709 | -0.060,-0.047,-0.007
q_GtoI = -0.781,-0.320,-0.503,0.188 | p_IinG = 8.412,10.341,3.435 | dist = 21.08 (meters)
bg = -0.0061,0.0221,0.0784 | ba = 0.0499,0.0896,0.2510
camera-imu timeoffset = -0.00001
cam0 intrinsics = 464.218,463.497,367.049,250.046 | -0.280,0.072,0.001,-0.000
cam1 intrinsics = 462.985,462.252,380.056,256.751 | -0.279,0.072,0.000,-0.000
cam0 extrinsics = -0.009,0.007,0.704,0.710 | 0.060,-0.048,-0.007
cam1 extrinsics = -0.004,0.012,0.705,0.709 | -0.059,-0.047,-0.007
q_GtoI = -0.781,-0.320,-0.503,0.186 | p_IinG = 8.493,10.336,3.434 | dist = 21.16 (meters)
bg = -0.0059,0.0221,0.0783 | ba = 0.0509,0.0908,0.2513
camera-imu timeoffset = -0.00001
cam0 intrinsics = 464.233,463.522,367.004,250.042 | -0.280,0.072,0.001,-0.000
cam1 intrinsics = 462.999,462.275,379.989,256.754 | -0.279,0.072,0.000,-0.000
cam0 extrinsics = -0.009,0.007,0.704,0.710 | 0.060,-0.048,-0.007
cam1 extrinsics = -0.004,0.012,0.705,0.709 | -0.059,-0.047,-0.007
q_GtoI = -0.782,-0.320,-0.502,0.185 | p_IinG = 8.572,10.335,3.432 | dist = 21.24 (meters)
bg = -0.0054,0.0220,0.0783 | ba = 0.0506,0.0942,0.2510
camera-imu timeoffset = -0.00001
cam0 intrinsics = 464.243,463.553,366.966,249.999 | -0.280,0.072,0.001,-0.000
cam1 intrinsics = 463.009,462.307,379.936,256.715 | -0.279,0.072,0.000,-0.000
cam0 extrinsics = -0.009,0.007,0.704,0.710 | 0.060,-0.048,-0.007
cam1 extrinsics = -0.004,0.012,0.705,0.709 | -0.059,-0.046,-0.007
q_GtoI = -0.781,-0.321,-0.503,0.185 | p_IinG = 8.651,10.337,3.430 | dist = 21.32 (meters)
bg = -0.0050,0.0221,0.0783 | ba = 0.0505,0.0953,0.2499
camera-imu timeoffset = -0.00001
cam0 intrinsics = 464.246,463.551,366.955,249.996 | -0.280,0.072,0.001,-0.000
cam1 intrinsics = 463.014,462.307,379.895,256.711 | -0.279,0.072,0.000,-0.000
cam0 extrinsics = -0.009,0.007,0.704,0.710 | 0.060,-0.048,-0.007
cam1 extrinsics = -0.004,0.012,0.705,0.709 | -0.059,-0.047,-0.007
q_GtoI = -0.778,-0.321,-0.506,0.186 | p_IinG = 8.729,10.343,3.427 | dist = 21.40 (meters)
bg = -0.0045,0.0220,0.0782 | ba = 0.0508,0.0979,0.2515
camera-imu timeoffset = -0.00002
cam0 intrinsics = 464.251,463.552,366.948,250.000 | -0.280,0.072,0.001,-0.000
cam1 intrinsics = 463.021,462.309,379.889,256.715 | -0.279,0.072,0.000,-0.000
cam0 extrinsics = -0.009,0.007,0.704,0.710 | 0.061,-0.048,-0.008
cam1 extrinsics = -0.004,0.012,0.705,0.709 | -0.058,-0.047,-0.007
q_GtoI = -0.776,-0.319,-0.510,0.191 | p_IinG = 8.807,10.350,3.424 | dist = 21.48 (meters)
bg = -0.0040,0.0220,0.0781 | ba = 0.0516,0.0990,0.2526
camera-imu timeoffset = -0.00002
cam0 intrinsics = 464.248,463.550,366.952,250.004 | -0.280,0.072,0.001,-0.000
cam1 intrinsics = 463.017,462.307,379.886,256.722 | -0.279,0.072,0.000,-0.000
cam0 extrinsics = -0.009,0.007,0.704,0.710 | 0.061,-0.048,-0.008
cam1 extrinsics = -0.004,0.012,0.705,0.709 | -0.058,-0.047,-0.007
q_GtoI = -0.774,-0.317,-0.512,0.196 | p_IinG = 8.887,10.359,3.420 | dist = 21.56 (meters)
bg = -0.0035,0.0220,0.0780 | ba = 0.0512,0.0997,0.2531
camera-imu timeoffset = -0.00003
cam0 intrinsics = 464.242,463.550,366.951,250.010 | -0.280,0.072,0.001,-0.000
cam1 intrinsics = 463.012,462.306,379.880,256.731 | -0.279,0.072,0.000,-0.000
cam0 extrinsics = -0.009,0.007,0.704,0.710 | 0.061,-0.048,-0.008
cam1 extrinsics = -0.004,0.012,0.705,0.709 | -0.057,-0.047,-0.008
q_GtoI = -0.772,-0.315,-0.513,0.202 | p_IinG = 8.967,10.367,3.415 | dist = 21.63 (meters)
bg = -0.0032,0.0220,0.0780 | ba = 0.0514,0.0960,0.2540
camera-imu timeoffset = -0.00003
cam0 intrinsics = 464.229,463.568,366.957,249.987 | -0.280,0.072,0.001,-0.000
cam1 intrinsics = 462.998,462.325,379.881,256.709 | -0.279,0.072,0.000,-0.000
cam0 extrinsics = -0.009,0.007,0.704,0.710 | 0.062,-0.048,-0.007
cam1 extrinsics = -0.004,0.012,0.705,0.709 | -0.057,-0.046,-0.007
q_GtoI = -0.772,-0.310,-0.514,0.209 | p_IinG = 9.050,10.377,3.413 | dist = 21.71 (meters)
bg = -0.0029,0.0221,0.0781 | ba = 0.0496,0.0913,0.2572
camera-imu timeoffset = -0.00002
cam0 intrinsics = 464.207,463.608,366.972,249.998 | -0.280,0.072,0.001,-0.000
cam1 intrinsics = 462.973,462.362,379.893,256.723 | -0.279,0.072,0.000,-0.000
cam0 extrinsics = -0.009,0.007,0.704,0.710 | 0.062,-0.047,-0.007
cam1 extrinsics = -0.004,0.012,0.705,0.709 | -0.056,-0.046,-0.006
q_GtoI = -0.771,-0.304,-0.516,0.216 | p_IinG = 9.130,10.386,3.404 | dist = 21.79 (meters)
bg = -0.0026,0.0221,0.0781 | ba = 0.0479,0.0903,0.2526
camera-imu timeoffset = -0.00002
cam0 intrinsics = 464.195,463.642,366.957,249.942 | -0.280,0.072,0.001,-0.000
cam1 intrinsics = 462.959,462.393,379.878,256.673 | -0.279,0.072,0.000,-0.000
cam0 extrinsics = -0.009,0.007,0.704,0.710 | 0.062,-0.048,-0.007
cam1 extrinsics = -0.004,0.012,0.705,0.709 | -0.057,-0.046,-0.007
q_GtoI = -0.771,-0.294,-0.518,0.225 | p_IinG = 9.212,10.391,3.395 | dist = 21.87 (meters)
bg = -0.0024,0.0223,0.0780 | ba = 0.0463,0.0907,0.2496
camera-imu timeoffset = -0.00000
cam0 intrinsics = 464.192,463.650,366.920,249.912 | -0.280,0.072,0.001,-0.000
cam1 intrinsics = 462.951,462.398,379.849,256.651 | -0.279,0.072,0.000,-0.000
cam0 extrinsics = -0.009,0.007,0.704,0.710 | 0.062,-0.048,-0.007
cam1 extrinsics = -0.004,0.012,0.705,0.709 | -0.057,-0.046,-0.007
q_GtoI = -0.771,-0.284,-0.520,0.231 | p_IinG = 9.295,10.396,3.385 | dist = 21.95 (meters)
bg = -0.0023,0.0224,0.0779 | ba = 0.0447,0.0889,0.2471
camera-imu timeoffset = 0.00001
cam0 intrinsics = 464.179,463.680,366.906,249.887 | -0.280,0.072,0.001,-0.000
cam1 intrinsics = 462.936,462.426,379.838,256.630 | -0.279,0.072,0.000,-0.000
cam0 extrinsics = -0.009,0.007,0.704,0.710 | 0.063,-0.047,-0.007
cam1 extrinsics = -0.004,0.012,0.705,0.709 | -0.056,-0.046,-0.007
q_GtoI = -0.771,-0.275,-0.524,0.235 | p_IinG = 9.376,10.397,3.373 | dist = 22.03 (meters)
bg = -0.0023,0.0225,0.0779 | ba = 0.0435,0.0881,0.2435
camera-imu timeoffset = 0.00001
cam0 intrinsics = 464.146,463.732,366.878,249.878 | -0.280,0.072,0.001,-0.000
cam1 intrinsics = 462.895,462.473,379.813,256.621 | -0.279,0.072,0.000,-0.000
cam0 extrinsics = -0.009,0.007,0.704,0.710 | 0.063,-0.047,-0.007
cam1 extrinsics = -0.004,0.012,0.705,0.709 | -0.056,-0.046,-0.007
q_GtoI = -0.772,-0.266,-0.527,0.235 | p_IinG = 9.463,10.399,3.366 | dist = 22.11 (meters)
bg = -0.0022,0.0228,0.0780 | ba = 0.0403,0.0867,0.2424
camera-imu timeoffset = 0.00002
cam0 intrinsics = 464.121,463.755,366.858,249.884 | -0.280,0.072,0.001,-0.000
cam1 intrinsics = 462.869,462.496,379.798,256.632 | -0.279,0.072,0.000,-0.000
cam0 extrinsics = -0.009,0.007,0.704,0.710 | 0.064,-0.047,-0.007
cam1 extrinsics = -0.004,0.012,0.705,0.709 | -0.055,-0.045,-0.007
q_GtoI = -0.773,-0.258,-0.531,0.233 | p_IinG = 9.543,10.398,3.358 | dist = 22.19 (meters)
bg = -0.0019,0.0231,0.0783 | ba = 0.0407,0.0858,0.2421
camera-imu timeoffset = 0.00003
cam0 intrinsics = 464.106,463.781,366.848,249.894 | -0.280,0.072,0.001,-0.000
cam1 intrinsics = 462.852,462.521,379.791,256.642 | -0.279,0.072,0.000,-0.000
cam0 extrinsics = -0.009,0.007,0.704,0.710 | 0.064,-0.047,-0.008
cam1 extrinsics = -0.004,0.012,0.705,0.709 | -0.055,-0.045,-0.008
q_GtoI = -0.774,-0.251,-0.535,0.228 | p_IinG = 9.622,10.389,3.347 | dist = 22.27 (meters)
bg = -0.0020,0.0231,0.0782 | ba = 0.0436,0.0860,0.2386
camera-imu timeoffset = 0.00004
cam0 intrinsics = 464.146,463.775,366.792,249.902 | -0.280,0.072,0.001,-0.000
cam1 intrinsics = 462.882,462.506,379.729,256.648 | -0.279,0.072,0.000,-0.000
cam0 extrinsics = -0.009,0.007,0.704,0.710 | 0.064,-0.047,-0.008
cam1 extrinsics = -0.004,0.012,0.705,0.709 | -0.055,-0.045,-0.008
q_GtoI = -0.776,-0.245,-0.538,0.220 | p_IinG = 9.703,10.382,3.339 | dist = 22.35 (meters)
bg = -0.0018,0.0231,0.0783 | ba = 0.0447,0.0864,0.2368
camera-imu timeoffset = 0.00004
cam0 intrinsics = 464.150,463.805,366.791,249.900 | -0.280,0.072,0.001,-0.000
cam1 intrinsics = 462.878,462.531,379.734,256.642 | -0.279,0.072,0.000,-0.000
cam0 extrinsics = -0.009,0.007,0.704,0.710 | 0.064,-0.047,-0.008
cam1 extrinsics = -0.004,0.012,0.705,0.709 | -0.055,-0.045,-0.008
q_GtoI = -0.779,-0.240,-0.541,0.209 | p_IinG = 9.781,10.370,3.333 | dist = 22.44 (meters)
bg = -0.0018,0.0231,0.0783 | ba = 0.0459,0.0858,0.2374
camera-imu timeoffset = 0.00004
cam0 intrinsics = 464.162,463.822,366.770,249.926 | -0.280,0.072,0.001,-0.000
cam1 intrinsics = 462.887,462.546,379.707,256.667 | -0.279,0.072,0.000,-0.000
cam0 extrinsics = -0.009,0.007,0.704,0.710 | 0.064,-0.047,-0.008
cam1 extrinsics = -0.004,0.012,0.705,0.709 | -0.055,-0.045,-0.008
q_GtoI = -0.781,-0.234,-0.544,0.199 | p_IinG = 9.863,10.359,3.332 | dist = 22.52 (meters)
bg = -0.0017,0.0231,0.0782 | ba = 0.0444,0.0851,0.2369
camera-imu timeoffset = 0.00004
cam0 intrinsics = 464.176,463.839,366.760,249.945 | -0.280,0.072,0.001,-0.000
cam1 intrinsics = 462.900,462.563,379.695,256.685 | -0.279,0.072,0.000,-0.000
cam0 extrinsics = -0.009,0.007,0.704,0.710 | 0.064,-0.047,-0.008
cam1 extrinsics = -0.004,0.012,0.705,0.709 | -0.055,-0.046,-0.008
q_GtoI = -0.783,-0.229,-0.548,0.186 | p_IinG = 9.944,10.344,3.331 | dist = 22.60 (meters)
bg = -0.0017,0.0231,0.0780 | ba = 0.0443,0.0851,0.2356
camera-imu timeoffset = 0.00004
cam0 intrinsics = 464.200,463.861,366.741,249.960 | -0.280,0.072,0.001,-0.000
cam1 intrinsics = 462.923,462.584,379.674,256.699 | -0.279,0.072,0.000,-0.000
cam0 extrinsics = -0.009,0.007,0.704,0.710 | 0.064,-0.047,-0.009
cam1 extrinsics = -0.004,0.012,0.705,0.709 | -0.055,-0.046,-0.009
q_GtoI = -0.785,-0.225,-0.551,0.171 | p_IinG = 10.022,10.327,3.330 | dist = 22.68 (meters)
bg = -0.0018,0.0230,0.0778 | ba = 0.0469,0.0855,0.2348
camera-imu timeoffset = 0.00003
cam0 intrinsics = 464.210,463.874,366.747,249.986 | -0.280,0.072,0.001,-0.000
cam1 intrinsics = 462.935,462.599,379.686,256.718 | -0.279,0.072,0.000,-0.000
cam0 extrinsics = -0.009,0.007,0.704,0.710 | 0.064,-0.047,-0.009
cam1 extrinsics = -0.004,0.012,0.705,0.709 | -0.055,-0.046,-0.009
q_GtoI = -0.786,-0.219,-0.555,0.158 | p_IinG = 10.099,10.312,3.332 | dist = 22.75 (meters)
bg = -0.0017,0.0230,0.0776 | ba = 0.0476,0.0862,0.2330
camera-imu timeoffset = 0.00003
cam0 intrinsics = 464.227,463.890,366.747,249.995 | -0.280,0.072,0.001,-0.000
cam1 intrinsics = 462.951,462.615,379.683,256.725 | -0.279,0.072,0.000,-0.000
cam0 extrinsics = -0.009,0.007,0.704,0.710 | 0.064,-0.048,-0.009
cam1 extrinsics = -0.004,0.012,0.705,0.709 | -0.055,-0.046,-0.009
q_GtoI = -0.786,-0.214,-0.562,0.144 | p_IinG = 10.174,10.295,3.335 | dist = 22.83 (meters)
bg = -0.0017,0.0229,0.0775 | ba = 0.0498,0.0858,0.2324
camera-imu timeoffset = 0.00003
cam0 intrinsics = 464.239,463.897,366.743,249.999 | -0.280,0.072,0.001,-0.000
cam1 intrinsics = 462.964,462.622,379.675,256.727 | -0.279,0.072,0.000,-0.000
cam0 extrinsics = -0.009,0.007,0.704,0.710 | 0.064,-0.048,-0.009
cam1 extrinsics = -0.004,0.012,0.705,0.709 | -0.055,-0.046,-0.009
q_GtoI = -0.784,-0.205,-0.570,0.134 | p_IinG = 10.247,10.275,3.342 | dist = 22.91 (meters)
bg = -0.0016,0.0229,0.0774 | ba = 0.0512,0.0834,0.2321
camera-imu timeoffset = 0.00001
cam0 intrinsics = 464.268,463.893,366.731,249.994 | -0.280,0.072,0.001,-0.000
cam1 intrinsics = 462.995,462.622,379.666,256.725 | -0.279,0.072,0.000,-0.000
cam0 extrinsics = -0.009,0.007,0.704,0.710 | 0.065,-0.048,-0.010
cam1 extrinsics = -0.004,0.012,0.705,0.709 | -0.054,-0.047,-0.010
q_GtoI = -0.783,-0.195,-0.576,0.127 | p_IinG = 10.314,10.258,3.351 | dist = 22.98 (meters)
bg = -0.0015,0.0230,0.0775 | ba = 0.0514,0.0826,0.2334
camera-imu timeoffset = 0.00001
cam0 intrinsics = 464.306,463.868,366.729,250.016 | -0.280,0.072,0.001,-0.000
cam1 intrinsics = 463.036,462.598,379.640,256.761 | -0.279,0.072,0.000,-0.000
cam0 extrinsics = -0.009,0.007,0.704,0.710 | 0.064,-0.048,-0.010
cam1 extrinsics = -0.004,0.012,0.705,0.710 | -0.055,-0.046,-0.010
q_GtoI = -0.783,-0.184,-0.581,0.121 | p_IinG = 10.390,10.243,3.358 | dist = 23.05 (meters)
bg = -0.0015,0.0231,0.0775 | ba = 0.0523,0.0830,0.2322
camera-imu timeoffset = 0.00000
cam0 intrinsics = 464.349,463.896,366.695,249.992 | -0.280,0.072,0.001,-0.000
cam1 intrinsics = 463.080,462.628,379.608,256.738 | -0.280,0.072,0.001,-0.000
cam0 extrinsics = -0.009,0.007,0.704,0.710 | 0.064,-0.048,-0.010
cam1 extrinsics = -0.004,0.012,0.705,0.710 | -0.054,-0.046,-0.009
q_GtoI = -0.785,-0.172,-0.583,0.115 | p_IinG = 10.468,10.236,3.358 | dist = 23.12 (meters)
bg = -0.0013,0.0230,0.0777 | ba = 0.0562,0.0852,0.2302
camera-imu timeoffset = -0.00001
cam0 intrinsics = 464.344,463.954,366.686,249.982 | -0.280,0.072,0.001,-0.000
cam1 intrinsics = 463.075,462.687,379.602,256.724 | -0.279,0.072,0.000,-0.000
cam0 extrinsics = -0.009,0.007,0.704,0.710 | 0.065,-0.048,-0.009
cam1 extrinsics = -0.004,0.012,0.705,0.710 | -0.054,-0.047,-0.009
q_GtoI = -0.788,-0.159,-0.585,0.112 | p_IinG = 10.552,10.222,3.364 | dist = 23.19 (meters)
bg = -0.0016,0.0229,0.0775 | ba = 0.0550,0.0842,0.2237
camera-imu timeoffset = -0.00000
cam0 intrinsics = 464.405,463.990,366.686,250.007 | -0.280,0.072,0.001,-0.000
cam1 intrinsics = 463.138,462.726,379.585,256.742 | -0.280,0.072,0.001,-0.000
cam0 extrinsics = -0.009,0.007,0.704,0.710 | 0.066,-0.049,-0.009
cam1 extrinsics = -0.004,0.012,0.705,0.709 | -0.053,-0.047,-0.009
q_GtoI = -0.790,-0.147,-0.585,0.107 | p_IinG = 10.621,10.205,3.365 | dist = 23.25 (meters)
bg = -0.0016,0.0229,0.0774 | ba = 0.0545,0.0836,0.2215
camera-imu timeoffset = -0.00000
cam0 intrinsics = 464.443,464.020,366.684,250.038 | -0.280,0.072,0.001,-0.000
cam1 intrinsics = 463.177,462.756,379.576,256.771 | -0.280,0.072,0.001,-0.000
cam0 extrinsics = -0.009,0.007,0.704,0.710 | 0.067,-0.049,-0.009
cam1 extrinsics = -0.004,0.012,0.705,0.709 | -0.053,-0.047,-0.009
q_GtoI = -0.793,-0.133,-0.585,0.104 | p_IinG = 10.680,10.182,3.362 | dist = 23.31 (meters)
bg = -0.0018,0.0229,0.0770 | ba = 0.0552,0.0818,0.2217
camera-imu timeoffset = 0.00001
cam0 intrinsics = 464.466,464.029,366.642,250.101 | -0.280,0.072,0.001,-0.000
cam1 intrinsics = 463.213,462.775,379.545,256.835 | -0.280,0.072,0.000,-0.000
cam0 extrinsics = -0.009,0.007,0.704,0.710 | 0.067,-0.049,-0.009
cam1 extrinsics = -0.004,0.012,0.705,0.709 | -0.052,-0.047,-0.009
q_GtoI = -0.796,-0.122,-0.584,0.100 | p_IinG = 10.768,10.157,3.365 | dist = 23.38 (meters)
bg = -0.0026,0.0229,0.0772 | ba = 0.0533,0.0774,0.2116
camera-imu timeoffset = 0.00000
cam0 intrinsics = 464.549,464.032,366.611,250.129 | -0.280,0.072,0.001,-0.000
cam1 intrinsics = 463.306,462.786,379.516,256.860 | -0.280,0.072,0.000,-0.000
cam0 extrinsics = -0.009,0.007,0.704,0.710 | 0.067,-0.049,-0.010
cam1 extrinsics = -0.004,0.012,0.705,0.709 | -0.052,-0.048,-0.010
q_GtoI = -0.800,-0.110,-0.582,0.095 | p_IinG = 10.834,10.135,3.363 | dist = 23.44 (meters)
bg = -0.0027,0.0229,0.0772 | ba = 0.0519,0.0767,0.2084
camera-imu timeoffset = 0.00001
cam0 intrinsics = 464.581,464.024,366.605,250.147 | -0.280,0.072,0.001,-0.000
cam1 intrinsics = 463.343,462.781,379.514,256.878 | -0.280,0.072,0.000,-0.000
cam0 extrinsics = -0.009,0.007,0.704,0.710 | 0.067,-0.049,-0.010
cam1 extrinsics = -0.004,0.012,0.705,0.709 | -0.052,-0.047,-0.009
q_GtoI = -0.803,-0.099,-0.581,0.089 | p_IinG = 10.900,10.115,3.360 | dist = 23.50 (meters)
bg = -0.0029,0.0230,0.0773 | ba = 0.0507,0.0768,0.2058
camera-imu timeoffset = 0.00001
cam0 intrinsics = 464.610,464.013,366.602,250.161 | -0.280,0.072,0.001,-0.000
cam1 intrinsics = 463.375,462.774,379.514,256.890 | -0.280,0.072,0.000,-0.000
cam0 extrinsics = -0.009,0.007,0.704,0.710 | 0.067,-0.049,-0.010
cam1 extrinsics = -0.004,0.012,0.705,0.709 | -0.052,-0.047,-0.009
q_GtoI = -0.806,-0.087,-0.580,0.085 | p_IinG = 10.954,10.085,3.359 | dist = 23.56 (meters)
bg = -0.0030,0.0230,0.0775 | ba = 0.0503,0.0702,0.2084
camera-imu timeoffset = 0.00000
cam0 intrinsics = 464.612,464.056,366.612,250.192 | -0.280,0.072,0.001,-0.000
cam1 intrinsics = 463.377,462.817,379.517,256.922 | -0.280,0.072,0.000,-0.000
cam0 extrinsics = -0.009,0.007,0.704,0.710 | 0.067,-0.049,-0.010
cam1 extrinsics = -0.004,0.012,0.705,0.709 | -0.052,-0.047,-0.010
q_GtoI = -0.806,-0.074,-0.581,0.084 | p_IinG = 11.012,10.062,3.360 | dist = 23.62 (meters)
bg = -0.0030,0.0232,0.0776 | ba = 0.0498,0.0662,0.2115
camera-imu timeoffset = 0.00000
cam0 intrinsics = 464.629,464.065,366.638,250.201 | -0.280,0.072,0.001,-0.000
cam1 intrinsics = 463.397,462.828,379.544,256.930 | -0.280,0.072,0.000,-0.000
cam0 extrinsics = -0.009,0.007,0.704,0.710 | 0.068,-0.049,-0.010
cam1 extrinsics = -0.004,0.012,0.705,0.709 | -0.051,-0.047,-0.010
q_GtoI = -0.806,-0.062,-0.583,0.081 | p_IinG = 11.068,10.032,3.362 | dist = 23.68 (meters)
bg = -0.0032,0.0232,0.0777 | ba = 0.0482,0.0622,0.2131
camera-imu timeoffset = 0.00001
cam0 intrinsics = 464.682,464.067,366.610,250.201 | -0.280,0.072,0.001,-0.000
cam1 intrinsics = 463.457,462.837,379.521,256.922 | -0.280,0.072,0.000,-0.000
cam0 extrinsics = -0.009,0.007,0.704,0.710 | 0.068,-0.049,-0.010
cam1 extrinsics = -0.004,0.012,0.705,0.709 | -0.051,-0.047,-0.010
q_GtoI = -0.805,-0.051,-0.586,0.077 | p_IinG = 11.125,10.005,3.365 | dist = 23.74 (meters)
bg = -0.0032,0.0233,0.0778 | ba = 0.0487,0.0599,0.2135
camera-imu timeoffset = 0.00001
cam0 intrinsics = 464.711,464.073,366.603,250.225 | -0.280,0.072,0.001,-0.000
cam1 intrinsics = 463.488,462.844,379.520,256.946 | -0.280,0.072,0.000,-0.000
cam0 extrinsics = -0.009,0.007,0.704,0.710 | 0.068,-0.049,-0.010
cam1 extrinsics = -0.004,0.012,0.705,0.709 | -0.051,-0.047,-0.010
q_GtoI = -0.804,-0.040,-0.589,0.072 | p_IinG = 11.178,9.977,3.371 | dist = 23.80 (meters)
bg = -0.0032,0.0234,0.0778 | ba = 0.0496,0.0562,0.2175
camera-imu timeoffset = 0.00001
cam0 intrinsics = 464.752,464.057,366.603,250.233 | -0.280,0.072,0.001,-0.000
cam1 intrinsics = 463.531,462.831,379.530,256.953 | -0.280,0.072,0.001,-0.000
cam0 extrinsics = -0.009,0.007,0.704,0.710 | 0.068,-0.048,-0.010
cam1 extrinsics = -0.004,0.012,0.705,0.709 | -0.051,-0.047,-0.010
q_GtoI = -0.805,-0.031,-0.589,0.066 | p_IinG = 11.225,9.945,3.379 | dist = 23.85 (meters)
bg = -0.0033,0.0234,0.0779 | ba = 0.0492,0.0531,0.2212
camera-imu timeoffset = 0.00000
cam0 intrinsics = 464.788,464.050,366.600,250.258 | -0.280,0.072,0.001,-0.000
cam1 intrinsics = 463.568,462.825,379.530,256.976 | -0.280,0.072,0.001,-0.000
cam0 extrinsics = -0.009,0.007,0.704,0.710 | 0.068,-0.048,-0.010
cam1 extrinsics = -0.004,0.012,0.705,0.709 | -0.051,-0.047,-0.010
q_GtoI = -0.804,-0.022,-0.591,0.060 | p_IinG = 11.268,9.909,3.386 | dist = 23.91 (meters)
bg = -0.0033,0.0234,0.0779 | ba = 0.0498,0.0490,0.2249
camera-imu timeoffset = 0.00000
cam0 intrinsics = 464.830,464.052,366.582,250.273 | -0.280,0.072,0.001,-0.000
cam1 intrinsics = 463.612,462.827,379.515,256.989 | -0.280,0.072,0.001,-0.000
cam0 extrinsics = -0.009,0.007,0.704,0.710 | 0.069,-0.048,-0.010
cam1 extrinsics = -0.004,0.012,0.705,0.709 | -0.050,-0.046,-0.010
q_GtoI = -0.805,-0.014,-0.591,0.053 | p_IinG = 11.308,9.871,3.395 | dist = 23.97 (meters)
bg = -0.0033,0.0234,0.0778 | ba = 0.0500,0.0451,0.2287
camera-imu timeoffset = -0.00000
cam0 intrinsics = 464.868,464.049,366.572,250.288 | -0.280,0.072,0.001,-0.000
cam1 intrinsics = 463.651,462.827,379.508,257.004 | -0.280,0.072,0.001,-0.000
cam0 extrinsics = -0.009,0.007,0.704,0.710 | 0.069,-0.048,-0.010
cam1 extrinsics = -0.004,0.012,0.705,0.710 | -0.050,-0.046,-0.009
q_GtoI = -0.805,-0.006,-0.592,0.045 | p_IinG = 11.347,9.833,3.404 | dist = 24.02 (meters)
bg = -0.0031,0.0234,0.0779 | ba = 0.0496,0.0417,0.2322
camera-imu timeoffset = -0.00000
cam0 intrinsics = 464.899,464.041,366.577,250.321 | -0.280,0.072,0.001,-0.000
cam1 intrinsics = 463.682,462.819,379.516,257.036 | -0.280,0.072,0.001,-0.000
cam0 extrinsics = -0.009,0.007,0.704,0.710 | 0.069,-0.047,-0.010
cam1 extrinsics = -0.004,0.012,0.705,0.710 | -0.050,-0.046,-0.009
q_GtoI = -0.805,0.002,-0.592,0.037 | p_IinG = 11.386,9.793,3.411 | dist = 24.08 (meters)
bg = -0.0031,0.0233,0.0779 | ba = 0.0488,0.0381,0.2338
camera-imu timeoffset = -0.00000
cam0 intrinsics = 464.916,464.038,366.591,250.348 | -0.280,0.072,0.001,-0.000
cam1 intrinsics = 463.700,462.817,379.535,257.062 | -0.280,0.072,0.001,-0.000
cam0 extrinsics = -0.009,0.007,0.704,0.710 | 0.069,-0.047,-0.010
cam1 extrinsics = -0.004,0.012,0.705,0.710 | -0.050,-0.046,-0.009
q_GtoI = -0.805,0.010,-0.593,0.030 | p_IinG = 11.399,9.742,3.417 | dist = 24.13 (meters)
bg = -0.0033,0.0231,0.0782 | ba = 0.0504,0.0263,0.2433
camera-imu timeoffset = -0.00000
cam0 intrinsics = 464.898,463.976,366.622,250.476 | -0.280,0.072,0.001,-0.000
cam1 intrinsics = 463.712,462.776,379.616,257.186 | -0.280,0.072,0.001,-0.000
cam0 extrinsics = -0.009,0.007,0.704,0.710 | 0.068,-0.047,-0.010
cam1 extrinsics = -0.004,0.012,0.705,0.710 | -0.050,-0.045,-0.009
q_GtoI = -0.804,0.018,-0.594,0.024 | p_IinG = 11.426,9.696,3.420 | dist = 24.18 (meters)
bg = -0.0031,0.0231,0.0782 | ba = 0.0509,0.0219,0.2459
camera-imu timeoffset = -0.00001
cam0 intrinsics = 464.920,463.974,366.628,250.522 | -0.280,0.072,0.001,-0.000
cam1 intrinsics = 463.737,462.777,379.623,257.230 | -0.280,0.072,0.001,-0.000
cam0 extrinsics = -0.009,0.007,0.704,0.710 | 0.068,-0.047,-0.010
cam1 extrinsics = -0.004,0.012,0.705,0.710 | -0.050,-0.045,-0.009
q_GtoI = -0.803,0.025,-0.595,0.019 | p_IinG = 11.453,9.649,3.423 | dist = 24.23 (meters)
bg = -0.0029,0.0231,0.0783 | ba = 0.0503,0.0171,0.2473
camera-imu timeoffset = -0.00002
cam0 intrinsics = 464.940,463.976,366.632,250.573 | -0.280,0.072,0.001,-0.000
cam1 intrinsics = 463.759,462.781,379.628,257.278 | -0.280,0.072,0.001,-0.000
cam0 extrinsics = -0.009,0.007,0.704,0.710 | 0.068,-0.047,-0.009
cam1 extrinsics = -0.004,0.012,0.704,0.710 | -0.050,-0.045,-0.009
q_GtoI = -0.802,0.032,-0.597,0.014 | p_IinG = 11.471,9.599,3.425 | dist = 24.28 (meters)
bg = -0.0027,0.0230,0.0781 | ba = 0.0497,0.0122,0.2506
camera-imu timeoffset = -0.00003
cam0 intrinsics = 464.944,463.963,366.640,250.616 | -0.280,0.072,0.001,-0.000
cam1 intrinsics = 463.766,462.769,379.638,257.319 | -0.280,0.072,0.001,-0.000
cam0 extrinsics = -0.009,0.007,0.704,0.710 | 0.068,-0.046,-0.009
cam1 extrinsics = -0.004,0.012,0.704,0.710 | -0.050,-0.045,-0.008
q_GtoI = -0.801,0.038,-0.597,0.011 | p_IinG = 11.487,9.548,3.426 | dist = 24.33 (meters)
bg = -0.0024,0.0230,0.0781 | ba = 0.0488,0.0072,0.2534
camera-imu timeoffset = -0.00003
cam0 intrinsics = 464.944,463.949,366.642,250.661 | -0.280,0.072,0.001,-0.000
cam1 intrinsics = 463.765,462.757,379.645,257.358 | -0.280,0.072,0.001,-0.000
cam0 extrinsics = -0.009,0.007,0.704,0.710 | 0.068,-0.046,-0.009
cam1 extrinsics = -0.004,0.012,0.704,0.710 | -0.050,-0.045,-0.008
q_GtoI = -0.800,0.044,-0.599,0.009 | p_IinG = 11.493,9.497,3.422 | dist = 24.38 (meters)
bg = -0.0022,0.0227,0.0778 | ba = 0.0514,0.0006,0.2574
camera-imu timeoffset = -0.00004
cam0 intrinsics = 464.956,463.930,366.638,250.719 | -0.280,0.072,0.001,-0.000
cam1 intrinsics = 463.775,462.738,379.654,257.423 | -0.280,0.072,0.001,-0.000
cam0 extrinsics = -0.009,0.007,0.704,0.710 | 0.068,-0.046,-0.008
cam1 extrinsics = -0.004,0.012,0.704,0.710 | -0.050,-0.045,-0.008
q_GtoI = -0.799,0.047,-0.600,0.006 | p_IinG = 11.512,9.445,3.423 | dist = 24.43 (meters)
bg = -0.0022,0.0225,0.0778 | ba = 0.0507,-0.0040,0.2566
camera-imu timeoffset = -0.00004
cam0 intrinsics = 464.958,463.932,366.640,250.755 | -0.280,0.072,0.001,-0.000
cam1 intrinsics = 463.778,462.745,379.646,257.464 | -0.280,0.072,0.001,-0.000
cam0 extrinsics = -0.009,0.007,0.704,0.710 | 0.068,-0.046,-0.008
cam1 extrinsics = -0.004,0.012,0.704,0.710 | -0.050,-0.045,-0.007
q_GtoI = -0.799,0.051,-0.600,0.005 | p_IinG = 11.535,9.390,3.434 | dist = 24.49 (meters)
bg = -0.0022,0.0228,0.0776 | ba = 0.0438,-0.0072,0.2556
camera-imu timeoffset = -0.00005
cam0 intrinsics = 464.942,463.898,366.629,250.797 | -0.280,0.072,0.001,-0.000
cam1 intrinsics = 463.764,462.716,379.652,257.514 | -0.280,0.072,0.001,-0.000
cam0 extrinsics = -0.009,0.007,0.704,0.710 | 0.068,-0.046,-0.008
cam1 extrinsics = -0.004,0.012,0.704,0.710 | -0.050,-0.045,-0.007
q_GtoI = -0.797,0.054,-0.601,0.004 | p_IinG = 11.548,9.334,3.436 | dist = 24.54 (meters)
bg = -0.0020,0.0228,0.0777 | ba = 0.0428,-0.0122,0.2544
camera-imu timeoffset = -0.00004
cam0 intrinsics = 464.941,463.892,366.624,250.832 | -0.280,0.072,0.001,-0.000
cam1 intrinsics = 463.764,462.712,379.652,257.547 | -0.280,0.072,0.001,-0.000
cam0 extrinsics = -0.009,0.007,0.704,0.710 | 0.068,-0.047,-0.008
cam1 extrinsics = -0.004,0.012,0.704,0.710 | -0.050,-0.045,-0.007
q_GtoI = -0.797,0.058,-0.602,0.002 | p_IinG = 11.558,9.276,3.438 | dist = 24.59 (meters)
bg = -0.0020,0.0228,0.0777 | ba = 0.0413,-0.0172,0.2535
camera-imu timeoffset = -0.00004
cam0 intrinsics = 464.942,463.887,366.610,250.870 | -0.280,0.072,0.001,-0.000
cam1 intrinsics = 463.766,462.710,379.645,257.583 | -0.280,0.072,0.001,-0.000
cam0 extrinsics = -0.009,0.007,0.704,0.710 | 0.068,-0.047,-0.007
cam1 extrinsics = -0.004,0.012,0.704,0.710 | -0.050,-0.045,-0.006
q_GtoI = -0.795,0.061,-0.603,0.001 | p_IinG = 11.570,9.216,3.440 | dist = 24.64 (meters)
bg = -0.0020,0.0228,0.0776 | ba = 0.0398,-0.0217,0.2511
camera-imu timeoffset = -0.00004
cam0 intrinsics = 464.948,463.885,366.587,250.907 | -0.280,0.072,0.001,-0.000
cam1 intrinsics = 463.774,462.710,379.629,257.617 | -0.280,0.072,0.001,-0.000
cam0 extrinsics = -0.009,0.007,0.704,0.710 | 0.068,-0.047,-0.007
cam1 extrinsics = -0.004,0.012,0.704,0.710 | -0.050,-0.045,-0.006
q_GtoI = -0.794,0.065,-0.605,0.001 | p_IinG = 11.576,9.153,3.437 | dist = 24.70 (meters)
bg = -0.0021,0.0226,0.0776 | ba = 0.0417,-0.0271,0.2469
camera-imu timeoffset = -0.00004
cam0 intrinsics = 464.951,463.895,366.570,250.940 | -0.280,0.072,0.001,-0.000
cam1 intrinsics = 463.777,462.719,379.618,257.648 | -0.280,0.072,0.001,-0.000
cam0 extrinsics = -0.009,0.007,0.704,0.710 | 0.067,-0.047,-0.006
cam1 extrinsics = -0.004,0.012,0.704,0.710 | -0.051,-0.045,-0.005
q_GtoI = 0.792,-0.068,0.606,0.001 | p_IinG = 11.580,9.091,3.438 | dist = 24.75 (meters)
bg = -0.0021,0.0226,0.0777 | ba = 0.0408,-0.0333,0.2469
camera-imu timeoffset = -0.00003
cam0 intrinsics = 464.973,463.899,366.559,250.975 | -0.280,0.072,0.001,-0.000
cam1 intrinsics = 463.797,462.721,379.610,257.680 | -0.280,0.072,0.001,-0.000
cam0 extrinsics = -0.009,0.007,0.704,0.710 | 0.067,-0.047,-0.006
cam1 extrinsics = -0.004,0.012,0.704,0.710 | -0.050,-0.045,-0.005
q_GtoI = 0.791,-0.073,0.607,0.001 | p_IinG = 11.582,9.025,3.437 | dist = 24.81 (meters)
bg = -0.0021,0.0225,0.0777 | ba = 0.0399,-0.0379,0.2448
camera-imu timeoffset = -0.00003
cam0 intrinsics = 464.986,463.899,366.563,250.995 | -0.280,0.072,0.001,-0.000
cam1 intrinsics = 463.810,462.721,379.613,257.697 | -0.280,0.072,0.001,-0.000
cam0 extrinsics = -0.009,0.007,0.704,0.710 | 0.067,-0.047,-0.005
cam1 extrinsics = -0.004,0.012,0.704,0.710 | -0.051,-0.045,-0.004
q_GtoI = 0.790,-0.078,0.608,0.000 | p_IinG = 11.586,8.940,3.443 | dist = 24.87 (meters)
bg = -0.0028,0.0230,0.0776 | ba = 0.0340,-0.0414,0.2367
camera-imu timeoffset = -0.00003
cam0 intrinsics = 464.964,463.868,366.539,251.005 | -0.280,0.072,0.001,-0.000
cam1 intrinsics = 463.789,462.694,379.590,257.700 | -0.280,0.072,0.001,-0.000
cam0 extrinsics = -0.009,0.007,0.704,0.710 | 0.066,-0.047,-0.005
cam1 extrinsics = -0.004,0.012,0.704,0.710 | -0.051,-0.045,-0.004
q_GtoI = 0.789,-0.084,0.609,0.002 | p_IinG = 11.583,8.874,3.439 | dist = 24.93 (meters)
bg = -0.0028,0.0229,0.0776 | ba = 0.0341,-0.0444,0.2358
camera-imu timeoffset = -0.00003
cam0 intrinsics = 464.972,463.870,366.538,251.013 | -0.280,0.072,0.001,-0.000
cam1 intrinsics = 463.797,462.696,379.590,257.705 | -0.280,0.072,0.001,-0.000
cam0 extrinsics = -0.009,0.007,0.704,0.710 | 0.066,-0.047,-0.005
cam1 extrinsics = -0.004,0.012,0.704,0.710 | -0.051,-0.045,-0.004
q_GtoI = 0.788,-0.089,0.609,0.004 | p_IinG = 11.580,8.807,3.439 | dist = 24.99 (meters)
bg = -0.0028,0.0230,0.0777 | ba = 0.0325,-0.0482,0.2355
camera-imu timeoffset = -0.00002
cam0 intrinsics = 464.979,463.863,366.530,251.025 | -0.280,0.072,0.001,-0.000
cam1 intrinsics = 463.805,462.691,379.584,257.714 | -0.280,0.072,0.001,-0.000
cam0 extrinsics = -0.009,0.007,0.704,0.710 | 0.066,-0.046,-0.005
cam1 extrinsics = -0.004,0.012,0.704,0.710 | -0.051,-0.045,-0.004
q_GtoI = 0.786,-0.094,0.611,0.004 | p_IinG = 11.574,8.736,3.436 | dist = 25.06 (meters)
bg = -0.0029,0.0230,0.0775 | ba = 0.0344,-0.0511,0.2326
camera-imu timeoffset = -0.00003
cam0 intrinsics = 464.973,463.858,366.499,251.043 | -0.280,0.072,0.001,-0.000
cam1 intrinsics = 463.801,462.689,379.555,257.730 | -0.280,0.072,0.001,-0.000
cam0 extrinsics = -0.009,0.007,0.704,0.710 | 0.066,-0.046,-0.005
cam1 extrinsics = -0.004,0.012,0.704,0.710 | -0.052,-0.045,-0.004
q_GtoI = 0.784,-0.099,0.613,0.005 | p_IinG = 11.566,8.658,3.440 | dist = 25.13 (meters)
bg = -0.0031,0.0231,0.0774 | ba = 0.0319,-0.0548,0.2296
camera-imu timeoffset = -0.00003
cam0 intrinsics = 464.977,463.844,366.482,251.053 | -0.280,0.072,0.001,-0.000
cam1 intrinsics = 463.808,462.679,379.537,257.743 | -0.280,0.072,0.001,-0.000
cam0 extrinsics = -0.009,0.007,0.704,0.710 | 0.066,-0.046,-0.005
cam1 extrinsics = -0.004,0.012,0.704,0.710 | -0.052,-0.045,-0.004
q_GtoI = 0.781,-0.101,0.616,0.008 | p_IinG = 11.554,8.579,3.444 | dist = 25.20 (meters)
bg = -0.0033,0.0232,0.0775 | ba = 0.0300,-0.0585,0.2275
camera-imu timeoffset = -0.00002
cam0 intrinsics = 464.991,463.841,366.459,251.063 | -0.280,0.072,0.001,-0.000
cam1 intrinsics = 463.824,462.677,379.514,257.751 | -0.280,0.072,0.001,-0.000
cam0 extrinsics = -0.009,0.007,0.704,0.710 | 0.066,-0.046,-0.005
cam1 extrinsics = -0.004,0.012,0.704,0.710 | -0.052,-0.045,-0.004
q_GtoI = 0.781,-0.103,0.616,0.013 | p_IinG = 11.539,8.499,3.449 | dist = 25.27 (meters)
bg = -0.0034,0.0232,0.0775 | ba = 0.0271,-0.0609,0.2245
camera-imu timeoffset = -0.00002
cam0 intrinsics = 465.001,463.840,366.456,251.087 | -0.280,0.072,0.001,-0.000
cam1 intrinsics = 463.834,462.677,379.510,257.775 | -0.280,0.072,0.001,-0.000
cam0 extrinsics = -0.009,0.007,0.704,0.710 | 0.066,-0.046,-0.005
cam1 extrinsics = -0.004,0.012,0.704,0.710 | -0.052,-0.045,-0.004
q_GtoI = 0.780,-0.104,0.617,0.016 | p_IinG = 11.520,8.416,3.456 | dist = 25.35 (meters)
bg = -0.0036,0.0232,0.0776 | ba = 0.0245,-0.0636,0.2220
camera-imu timeoffset = -0.00002
cam0 intrinsics = 465.014,463.840,366.444,251.116 | -0.280,0.072,0.001,-0.000
cam1 intrinsics = 463.848,462.678,379.497,257.803 | -0.280,0.072,0.001,-0.000
cam0 extrinsics = -0.009,0.007,0.704,0.710 | 0.065,-0.047,-0.005
cam1 extrinsics = -0.004,0.012,0.704,0.710 | -0.052,-0.045,-0.004
q_GtoI = 0.780,-0.104,0.617,0.020 | p_IinG = 11.498,8.332,3.463 | dist = 25.43 (meters)
bg = -0.0037,0.0232,0.0776 | ba = 0.0222,-0.0659,0.2200
camera-imu timeoffset = -0.00003
cam0 intrinsics = 465.022,463.835,366.437,251.134 | -0.280,0.072,0.001,-0.000
cam1 intrinsics = 463.857,462.674,379.488,257.821 | -0.280,0.072,0.001,-0.000
cam0 extrinsics = -0.009,0.007,0.704,0.710 | 0.065,-0.047,-0.005
cam1 extrinsics = -0.004,0.012,0.704,0.710 | -0.053,-0.045,-0.004
q_GtoI = 0.780,-0.105,0.617,0.022 | p_IinG = 11.473,8.247,3.470 | dist = 25.52 (meters)
bg = -0.0039,0.0232,0.0776 | ba = 0.0201,-0.0682,0.2184
camera-imu timeoffset = -0.00003
cam0 intrinsics = 465.030,463.828,366.430,251.146 | -0.280,0.072,0.001,-0.000
cam1 intrinsics = 463.866,462.667,379.478,257.836 | -0.280,0.072,0.001,-0.000
cam0 extrinsics = -0.009,0.007,0.704,0.710 | 0.065,-0.047,-0.005
cam1 extrinsics = -0.004,0.012,0.704,0.710 | -0.053,-0.045,-0.004
q_GtoI = 0.780,-0.105,0.616,0.023 | p_IinG = 11.444,8.161,3.474 | dist = 25.60 (meters)
bg = -0.0040,0.0230,0.0775 | ba = 0.0197,-0.0717,0.2175
camera-imu timeoffset = -0.00003
cam0 intrinsics = 465.039,463.808,366.419,251.149 | -0.280,0.072,0.001,-0.000
cam1 intrinsics = 463.876,462.649,379.464,257.836 | -0.280,0.072,0.001,-0.000
cam0 extrinsics = -0.009,0.007,0.704,0.710 | 0.065,-0.047,-0.005
cam1 extrinsics = -0.004,0.012,0.704,0.710 | -0.053,-0.046,-0.004
q_GtoI = 0.781,-0.105,0.616,0.025 | p_IinG = 11.414,8.074,3.477 | dist = 25.69 (meters)
bg = -0.0042,0.0229,0.0775 | ba = 0.0176,-0.0732,0.2163
camera-imu timeoffset = -0.00003
cam0 intrinsics = 465.047,463.795,366.405,251.154 | -0.280,0.072,0.001,-0.000
cam1 intrinsics = 463.885,462.636,379.449,257.841 | -0.280,0.072,0.001,-0.000
cam0 extrinsics = -0.009,0.007,0.704,0.710 | 0.064,-0.047,-0.005
cam1 extrinsics = -0.004,0.012,0.704,0.710 | -0.053,-0.046,-0.004
q_GtoI = 0.781,-0.105,0.615,0.026 | p_IinG = 11.380,7.980,3.478 | dist = 25.78 (meters)
bg = -0.0043,0.0229,0.0774 | ba = 0.0143,-0.0757,0.2136
camera-imu timeoffset = -0.00002
cam0 intrinsics = 465.048,463.760,366.404,251.148 | -0.281,0.072,0.001,-0.000
cam1 intrinsics = 463.880,462.596,379.445,257.841 | -0.280,0.072,0.001,-0.000
cam0 extrinsics = -0.009,0.007,0.704,0.710 | 0.064,-0.047,-0.005
cam1 extrinsics = -0.004,0.012,0.704,0.710 | -0.053,-0.046,-0.004
q_GtoI = 0.781,-0.105,0.615,0.027 | p_IinG = 11.345,7.892,3.475 | dist = 25.87 (meters)
bg = -0.0043,0.0229,0.0774 | ba = 0.0126,-0.0771,0.2126
camera-imu timeoffset = -0.00003
cam0 intrinsics = 465.056,463.749,366.400,251.152 | -0.281,0.072,0.001,-0.000
cam1 intrinsics = 463.888,462.585,379.439,257.845 | -0.280,0.072,0.001,-0.000
cam0 extrinsics = -0.009,0.007,0.704,0.710 | 0.064,-0.048,-0.005
cam1 extrinsics = -0.004,0.012,0.704,0.710 | -0.053,-0.046,-0.004
q_GtoI = 0.781,-0.104,0.615,0.027 | p_IinG = 11.308,7.803,3.471 | dist = 25.96 (meters)
bg = -0.0043,0.0231,0.0774 | ba = 0.0091,-0.0781,0.2115
camera-imu timeoffset = -0.00003
cam0 intrinsics = 465.061,463.733,366.412,251.130 | -0.281,0.072,0.001,-0.000
cam1 intrinsics = 463.893,462.569,379.447,257.823 | -0.280,0.072,0.001,-0.000
cam0 extrinsics = -0.009,0.007,0.704,0.710 | 0.064,-0.048,-0.005
cam1 extrinsics = -0.004,0.012,0.704,0.710 | -0.054,-0.046,-0.004
q_GtoI = 0.780,-0.104,0.616,0.027 | p_IinG = 11.271,7.714,3.464 | dist = 26.06 (meters)
bg = -0.0044,0.0231,0.0774 | ba = 0.0064,-0.0794,0.2108
camera-imu timeoffset = -0.00003
cam0 intrinsics = 465.066,463.716,366.415,251.130 | -0.281,0.072,0.001,-0.000
cam1 intrinsics = 463.900,462.555,379.448,257.824 | -0.280,0.072,0.001,-0.000
cam0 extrinsics = -0.009,0.007,0.704,0.710 | 0.064,-0.048,-0.005
cam1 extrinsics = -0.004,0.012,0.704,0.710 | -0.054,-0.046,-0.004
q_GtoI = 0.779,-0.104,0.618,0.025 | p_IinG = 11.230,7.623,3.453 | dist = 26.16 (meters)
bg = -0.0045,0.0231,0.0774 | ba = 0.0055,-0.0816,0.2104
camera-imu timeoffset = -0.00003
cam0 intrinsics = 465.070,463.704,366.417,251.128 | -0.281,0.072,0.001,-0.000
cam1 intrinsics = 463.904,462.544,379.448,257.822 | -0.280,0.072,0.001,-0.000
cam0 extrinsics = -0.009,0.007,0.704,0.710 | 0.064,-0.048,-0.005
cam1 extrinsics = -0.004,0.012,0.704,0.710 | -0.054,-0.046,-0.003
q_GtoI = 0.778,-0.104,0.619,0.023 | p_IinG = 11.187,7.529,3.440 | dist = 26.26 (meters)
bg = -0.0045,0.0231,0.0774 | ba = 0.0056,-0.0847,0.2105
camera-imu timeoffset = -0.00003
cam0 intrinsics = 465.071,463.689,366.417,251.128 | -0.281,0.072,0.001,-0.000
cam1 intrinsics = 463.906,462.529,379.448,257.824 | -0.280,0.072,0.001,-0.000
cam0 extrinsics = -0.009,0.007,0.704,0.710 | 0.064,-0.048,-0.005
cam1 extrinsics = -0.004,0.012,0.704,0.710 | -0.054,-0.046,-0.003
q_GtoI = 0.777,-0.103,0.620,0.022 | p_IinG = 11.141,7.435,3.424 | dist = 26.36 (meters)
bg = -0.0047,0.0231,0.0774 | ba = 0.0057,-0.0876,0.2109
camera-imu timeoffset = -0.00003
cam0 intrinsics = 465.071,463.678,366.412,251.129 | -0.281,0.072,0.001,-0.000
cam1 intrinsics = 463.906,462.518,379.443,257.823 | -0.280,0.072,0.001,-0.000
cam0 extrinsics = -0.009,0.007,0.704,0.710 | 0.064,-0.048,-0.005
cam1 extrinsics = -0.004,0.012,0.704,0.710 | -0.054,-0.046,-0.003
q_GtoI = 0.776,-0.104,0.621,0.019 | p_IinG = 11.091,7.337,3.407 | dist = 26.46 (meters)
bg = -0.0048,0.0232,0.0774 | ba = 0.0051,-0.0915,0.2111
camera-imu timeoffset = -0.00003
cam0 intrinsics = 465.073,463.671,366.410,251.137 | -0.280,0.072,0.001,-0.000
cam1 intrinsics = 463.907,462.511,379.438,257.830 | -0.280,0.072,0.001,-0.000
cam0 extrinsics = -0.009,0.007,0.704,0.710 | 0.064,-0.048,-0.004
cam1 extrinsics = -0.004,0.012,0.704,0.710 | -0.054,-0.046,-0.003
q_GtoI = 0.777,-0.103,0.621,0.017 | p_IinG = 11.037,7.239,3.387 | dist = 26.57 (meters)
bg = -0.0050,0.0233,0.0773 | ba = 0.0046,-0.0945,0.2114
camera-imu timeoffset = -0.00003
cam0 intrinsics = 465.076,463.672,366.404,251.141 | -0.280,0.072,0.001,-0.000
cam1 intrinsics = 463.909,462.511,379.429,257.834 | -0.280,0.072,0.001,-0.000
cam0 extrinsics = -0.009,0.007,0.704,0.710 | 0.064,-0.047,-0.004
cam1 extrinsics = -0.004,0.012,0.704,0.710 | -0.054,-0.046,-0.003
q_GtoI = 0.777,-0.102,0.621,0.015 | p_IinG = 10.980,7.137,3.366 | dist = 26.69 (meters)
bg = -0.0052,0.0236,0.0772 | ba = 0.0037,-0.0981,0.2117
camera-imu timeoffset = -0.00002
cam0 intrinsics = 465.079,463.670,366.398,251.147 | -0.280,0.072,0.001,-0.000
cam1 intrinsics = 463.912,462.509,379.422,257.840 | -0.280,0.072,0.001,-0.000
cam0 extrinsics = -0.009,0.007,0.704,0.710 | 0.064,-0.047,-0.004
cam1 extrinsics = -0.004,0.012,0.704,0.710 | -0.054,-0.046,-0.003
q_GtoI = 0.778,-0.101,0.621,0.014 | p_IinG = 10.920,7.034,3.345 | dist = 26.80 (meters)
bg = -0.0055,0.0237,0.0770 | ba = 0.0027,-0.1017,0.2124
camera-imu timeoffset = -0.00002
cam0 intrinsics = 465.083,463.670,366.389,251.152 | -0.280,0.072,0.001,-0.000
cam1 intrinsics = 463.915,462.508,379.411,257.844 | -0.280,0.072,0.001,-0.000
cam0 extrinsics = -0.009,0.007,0.704,0.710 | 0.063,-0.047,-0.004
cam1 extrinsics = -0.004,0.012,0.704,0.710 | -0.054,-0.046,-0.003
q_GtoI = 0.777,-0.102,0.621,0.010 | p_IinG = 10.856,6.929,3.323 | dist = 26.92 (meters)
bg = -0.0057,0.0238,0.0770 | ba = 0.0016,-0.1057,0.2130
camera-imu timeoffset = -0.00002
cam0 intrinsics = 465.087,463.671,366.383,251.155 | -0.280,0.072,0.001,-0.000
cam1 intrinsics = 463.919,462.510,379.403,257.848 | -0.280,0.072,0.001,-0.000
cam0 extrinsics = -0.009,0.007,0.704,0.710 | 0.063,-0.047,-0.004
cam1 extrinsics = -0.004,0.012,0.704,0.710 | -0.054,-0.046,-0.003
q_GtoI = 0.778,-0.100,0.621,0.010 | p_IinG = 10.788,6.831,3.299 | dist = 27.04 (meters)
bg = -0.0056,0.0235,0.0774 | ba = 0.0002,-0.1091,0.2174
camera-imu timeoffset = -0.00002
cam0 intrinsics = 465.117,463.702,366.393,251.100 | -0.280,0.072,0.001,-0.000
cam1 intrinsics = 463.949,462.540,379.416,257.797 | -0.280,0.072,0.001,-0.000
cam0 extrinsics = -0.009,0.007,0.704,0.710 | 0.064,-0.047,-0.004
cam1 extrinsics = -0.004,0.012,0.704,0.710 | -0.054,-0.045,-0.003
q_GtoI = 0.779,-0.100,0.619,0.005 | p_IinG = 10.717,6.725,3.273 | dist = 27.17 (meters)
bg = -0.0058,0.0234,0.0773 | ba = 0.0002,-0.1116,0.2185
camera-imu timeoffset = -0.00002
cam0 intrinsics = 465.129,463.707,366.381,251.088 | -0.280,0.072,0.001,-0.000
cam1 intrinsics = 463.959,462.543,379.401,257.787 | -0.280,0.072,0.001,-0.000
cam0 extrinsics = -0.009,0.007,0.704,0.710 | 0.064,-0.047,-0.004
cam1 extrinsics = -0.004,0.012,0.704,0.710 | -0.054,-0.045,-0.002
q_GtoI = 0.780,-0.100,0.617,0.002 | p_IinG = 10.643,6.627,3.248 | dist = 27.30 (meters)
bg = -0.0056,0.0234,0.0772 | ba = 0.0012,-0.1137,0.2235
camera-imu timeoffset = -0.00003
cam0 intrinsics = 465.163,463.727,366.393,251.103 | -0.280,0.072,0.001,-0.000
cam1 intrinsics = 463.992,462.561,379.401,257.803 | -0.280,0.072,0.001,-0.000
cam0 extrinsics = -0.009,0.007,0.704,0.710 | 0.064,-0.047,-0.003
cam1 extrinsics = -0.004,0.012,0.704,0.710 | -0.054,-0.045,-0.002
q_GtoI = -0.783,0.100,-0.614,0.001 | p_IinG = 10.570,6.519,3.218 | dist = 27.43 (meters)
bg = -0.0057,0.0233,0.0771 | ba = 0.0011,-0.1141,0.2221
camera-imu timeoffset = -0.00003
cam0 intrinsics = 465.167,463.727,366.386,251.110 | -0.280,0.072,0.001,-0.000
cam1 intrinsics = 463.996,462.561,379.394,257.811 | -0.280,0.072,0.001,-0.000
cam0 extrinsics = -0.009,0.007,0.704,0.710 | 0.064,-0.047,-0.003
cam1 extrinsics = -0.004,0.012,0.704,0.710 | -0.054,-0.045,-0.002
q_GtoI = -0.785,0.100,-0.611,0.005 | p_IinG = 10.495,6.410,3.188 | dist = 27.57 (meters)
bg = -0.0056,0.0232,0.0771 | ba = 0.0006,-0.1152,0.2216
camera-imu timeoffset = -0.00003
cam0 intrinsics = 465.170,463.729,366.379,251.112 | -0.280,0.072,0.001,-0.000
cam1 intrinsics = 463.998,462.563,379.384,257.814 | -0.280,0.072,0.001,-0.000
cam0 extrinsics = -0.009,0.007,0.704,0.710 | 0.064,-0.047,-0.003
cam1 extrinsics = -0.004,0.012,0.704,0.710 | -0.054,-0.045,-0.002
q_GtoI = -0.788,0.099,-0.608,0.006 | p_IinG = 10.419,6.300,3.157 | dist = 27.71 (meters)
bg = -0.0056,0.0233,0.0771 | ba = 0.0000,-0.1145,0.2222
camera-imu timeoffset = -0.00003
cam0 intrinsics = 465.177,463.736,366.378,251.098 | -0.280,0.072,0.001,-0.000
cam1 intrinsics = 464.004,462.569,379.381,257.802 | -0.280,0.072,0.001,-0.000
cam0 extrinsics = -0.009,0.007,0.704,0.710 | 0.064,-0.047,-0.003
cam1 extrinsics = -0.004,0.012,0.704,0.710 | -0.054,-0.045,-0.002
q_GtoI = -0.790,0.098,-0.605,0.006 | p_IinG = 10.340,6.187,3.123 | dist = 27.85 (meters)
bg = -0.0055,0.0232,0.0773 | ba = -0.0003,-0.1134,0.2216
camera-imu timeoffset = -0.00002
cam0 intrinsics = 465.184,463.746,366.377,251.081 | -0.280,0.072,0.001,-0.000
cam1 intrinsics = 464.011,462.578,379.379,257.787 | -0.280,0.072,0.001,-0.000
cam0 extrinsics = -0.009,0.007,0.704,0.710 | 0.064,-0.047,-0.003
cam1 extrinsics = -0.004,0.012,0.704,0.710 | -0.054,-0.045,-0.002
q_GtoI = -0.792,0.094,-0.603,0.002 | p_IinG = 10.260,6.074,3.086 | dist = 27.99 (meters)
bg = -0.0054,0.0230,0.0776 | ba = 0.0002,-0.1110,0.2204
camera-imu timeoffset = -0.00002
cam0 intrinsics = 465.181,463.757,366.376,251.067 | -0.280,0.072,0.001,-0.000
cam1 intrinsics = 464.009,462.590,379.377,257.776 | -0.280,0.072,0.001,-0.000
cam0 extrinsics = -0.009,0.007,0.704,0.710 | 0.064,-0.047,-0.003
cam1 extrinsics = -0.004,0.012,0.704,0.710 | -0.054,-0.045,-0.002
q_GtoI = 0.794,-0.091,0.602,0.001 | p_IinG = 10.180,5.959,3.048 | dist = 28.14 (meters)
bg = -0.0054,0.0228,0.0777 | ba = -0.0002,-0.1085,0.2182
camera-imu timeoffset = -0.00002
cam0 intrinsics = 465.179,463.763,366.367,251.068 | -0.280,0.072,0.001,-0.000
cam1 intrinsics = 464.007,462.596,379.367,257.780 | -0.280,0.072,0.001,-0.000
cam0 extrinsics = -0.009,0.007,0.704,0.710 | 0.064,-0.047,-0.003
cam1 extrinsics = -0.004,0.012,0.704,0.710 | -0.054,-0.045,-0.002
q_GtoI = 0.796,-0.088,0.599,0.005 | p_IinG = 10.096,5.841,3.008 | dist = 28.29 (meters)
bg = -0.0054,0.0227,0.0779 | ba = 0.0010,-0.1079,0.2174
camera-imu timeoffset = -0.00001
cam0 intrinsics = 465.182,463.774,366.365,251.052 | -0.280,0.072,0.001,-0.000
cam1 intrinsics = 464.009,462.607,379.364,257.768 | -0.280,0.072,0.001,-0.000
cam0 extrinsics = -0.009,0.007,0.704,0.710 | 0.064,-0.047,-0.003
cam1 extrinsics = -0.004,0.012,0.704,0.710 | -0.054,-0.045,-0.002
q_GtoI = 0.796,-0.082,0.599,0.013 | p_IinG = 10.012,5.720,2.967 | dist = 28.44 (meters)
bg = -0.0054,0.0227,0.0781 | ba = 0.0021,-0.1074,0.2147
camera-imu timeoffset = -0.00001
cam0 intrinsics = 465.181,463.774,366.368,251.049 | -0.280,0.072,0.001,-0.000
cam1 intrinsics = 464.009,462.607,379.366,257.767 | -0.280,0.072,0.001,-0.000
cam0 extrinsics = -0.009,0.007,0.704,0.710 | 0.064,-0.046,-0.003
cam1 extrinsics = -0.004,0.012,0.704,0.710 | -0.054,-0.045,-0.002
q_GtoI = 0.798,-0.076,0.597,0.021 | p_IinG = 9.925,5.599,2.924 | dist = 28.60 (meters)
bg = -0.0055,0.0227,0.0783 | ba = 0.0022,-0.1083,0.2144
camera-imu timeoffset = -0.00000
cam0 intrinsics = 465.180,463.778,366.373,251.039 | -0.280,0.072,0.001,-0.000
cam1 intrinsics = 464.009,462.611,379.367,257.758 | -0.280,0.072,0.001,-0.000
cam0 extrinsics = -0.009,0.007,0.704,0.710 | 0.064,-0.047,-0.003
cam1 extrinsics = -0.004,0.012,0.704,0.710 | -0.054,-0.045,-0.002
q_GtoI = 0.800,-0.072,0.595,0.027 | p_IinG = 9.839,5.482,2.885 | dist = 28.75 (meters)
bg = -0.0055,0.0229,0.0785 | ba = -0.0022,-0.1089,0.2159
camera-imu timeoffset = -0.00000
cam0 intrinsics = 465.175,463.780,366.377,251.025 | -0.280,0.072,0.001,-0.000
cam1 intrinsics = 464.004,462.613,379.368,257.747 | -0.280,0.072,0.001,-0.000
cam0 extrinsics = -0.009,0.007,0.704,0.710 | 0.064,-0.047,-0.003
cam1 extrinsics = -0.004,0.012,0.704,0.710 | -0.054,-0.045,-0.002
q_GtoI = 0.801,-0.069,0.594,0.032 | p_IinG = 9.752,5.370,2.836 | dist = 28.91 (meters)
bg = -0.0054,0.0226,0.0780 | ba = 0.0013,-0.1058,0.2177
camera-imu timeoffset = -0.00001
cam0 intrinsics = 465.197,463.771,366.370,251.039 | -0.280,0.072,0.001,-0.000
cam1 intrinsics = 464.028,462.604,379.361,257.755 | -0.280,0.072,0.001,-0.000
cam0 extrinsics = -0.009,0.007,0.704,0.710 | 0.064,-0.046,-0.003
cam1 extrinsics = -0.004,0.012,0.704,0.710 | -0.053,-0.045,-0.002
q_GtoI = 0.801,-0.067,0.593,0.036 | p_IinG = 9.665,5.253,2.796 | dist = 29.06 (meters)
bg = -0.0056,0.0229,0.0777 | ba = -0.0024,-0.1077,0.2198
camera-imu timeoffset = -0.00001
cam0 intrinsics = 465.234,463.749,366.382,251.014 | -0.280,0.072,0.001,-0.000
cam1 intrinsics = 464.067,462.580,379.363,257.730 | -0.280,0.072,0.001,-0.000
cam0 extrinsics = -0.009,0.007,0.704,0.710 | 0.064,-0.046,-0.003
cam1 extrinsics = -0.004,0.012,0.704,0.710 | -0.054,-0.045,-0.002
q_GtoI = 0.802,-0.067,0.593,0.036 | p_IinG = 9.577,5.136,2.749 | dist = 29.22 (meters)
bg = -0.0057,0.0228,0.0778 | ba = -0.0016,-0.1070,0.2204
camera-imu timeoffset = -0.00001
cam0 intrinsics = 465.245,463.744,366.374,251.017 | -0.280,0.072,0.001,-0.000
cam1 intrinsics = 464.077,462.575,379.355,257.730 | -0.280,0.072,0.001,-0.000
cam0 extrinsics = -0.009,0.007,0.704,0.710 | 0.064,-0.046,-0.003
cam1 extrinsics = -0.004,0.012,0.704,0.710 | -0.054,-0.044,-0.002
q_GtoI = 0.802,-0.066,0.593,0.037 | p_IinG = 9.487,5.016,2.700 | dist = 29.37 (meters)
bg = -0.0058,0.0227,0.0776 | ba = -0.0016,-0.1088,0.2242
camera-imu timeoffset = -0.00001
cam0 intrinsics = 465.293,463.781,366.354,250.904 | -0.280,0.072,0.001,-0.000
cam1 intrinsics = 464.124,462.608,379.330,257.620 | -0.280,0.072,0.001,-0.000
cam0 extrinsics = -0.009,0.008,0.704,0.711 | 0.064,-0.046,-0.003
cam1 extrinsics = -0.004,0.012,0.704,0.710 | -0.054,-0.044,-0.002
q_GtoI = 0.802,-0.067,0.592,0.037 | p_IinG = 9.396,4.897,2.653 | dist = 29.53 (meters)
bg = -0.0059,0.0227,0.0776 | ba = -0.0029,-0.1111,0.2265
camera-imu timeoffset = -0.00001
cam0 intrinsics = 465.311,463.805,366.346,250.876 | -0.280,0.072,0.001,-0.000
cam1 intrinsics = 464.141,462.632,379.316,257.593 | -0.280,0.072,0.001,-0.000
cam0 extrinsics = -0.009,0.008,0.704,0.711 | 0.064,-0.046,-0.003
cam1 extrinsics = -0.004,0.012,0.704,0.710 | -0.054,-0.044,-0.002
q_GtoI = 0.802,-0.067,0.592,0.037 | p_IinG = 9.304,4.777,2.604 | dist = 29.69 (meters)
bg = -0.0060,0.0227,0.0776 | ba = -0.0025,-0.1124,0.2284
camera-imu timeoffset = -0.00001
cam0 intrinsics = 465.325,463.819,366.335,250.844 | -0.280,0.072,0.001,-0.000
cam1 intrinsics = 464.156,462.644,379.297,257.562 | -0.280,0.072,0.001,-0.000
cam0 extrinsics = -0.009,0.008,0.704,0.711 | 0.064,-0.046,-0.003
cam1 extrinsics = -0.004,0.012,0.704,0.710 | -0.054,-0.044,-0.002
q_GtoI = 0.803,-0.068,0.591,0.036 | p_IinG = 9.212,4.659,2.556 | dist = 29.84 (meters)
bg = -0.0063,0.0225,0.0773 | ba = -0.0027,-0.1140,0.2294
camera-imu timeoffset = -0.00000
cam0 intrinsics = 465.336,463.812,366.321,250.834 | -0.280,0.072,0.001,-0.000
cam1 intrinsics = 464.167,462.638,379.280,257.554 | -0.280,0.072,0.001,-0.000
cam0 extrinsics = -0.009,0.008,0.704,0.711 | 0.064,-0.046,-0.003
cam1 extrinsics = -0.004,0.012,0.704,0.710 | -0.054,-0.044,-0.002
q_GtoI = 0.804,-0.067,0.590,0.037 | p_IinG = 9.118,4.539,2.511 | dist = 30.00 (meters)
bg = -0.0065,0.0226,0.0774 | ba = -0.0033,-0.1170,0.2328
camera-imu timeoffset = -0.00000
cam0 intrinsics = 465.361,463.832,366.303,250.781 | -0.280,0.072,0.001,-0.000
cam1 intrinsics = 464.194,462.658,379.260,257.502 | -0.280,0.072,0.001,-0.000
cam0 extrinsics = -0.009,0.008,0.704,0.711 | 0.063,-0.045,-0.003
cam1 extrinsics = -0.004,0.013,0.704,0.710 | -0.055,-0.044,-0.002
q_GtoI = 0.803,-0.068,0.591,0.037 | p_IinG = 9.021,4.419,2.465 | dist = 30.16 (meters)
bg = -0.0068,0.0226,0.0774 | ba = -0.0013,-0.1190,0.2353
camera-imu timeoffset = -0.00001
cam0 intrinsics = 465.387,463.849,366.290,250.735 | -0.280,0.072,0.001,-0.000
cam1 intrinsics = 464.219,462.673,379.240,257.454 | -0.280,0.072,0.001,-0.000
cam0 extrinsics = -0.009,0.008,0.704,0.711 | 0.063,-0.045,-0.003
cam1 extrinsics = -0.004,0.013,0.704,0.710 | -0.055,-0.044,-0.002
q_GtoI = 0.803,-0.068,0.591,0.036 | p_IinG = 8.924,4.301,2.421 | dist = 30.32 (meters)
bg = -0.0069,0.0227,0.0775 | ba = -0.0006,-0.1201,0.2362
camera-imu timeoffset = -0.00000
cam0 intrinsics = 465.408,463.858,366.277,250.694 | -0.280,0.072,0.001,-0.000
cam1 intrinsics = 464.239,462.681,379.222,257.413 | -0.280,0.072,0.001,-0.000
cam0 extrinsics = -0.009,0.008,0.704,0.711 | 0.063,-0.045,-0.003
cam1 extrinsics = -0.004,0.013,0.704,0.710 | -0.055,-0.043,-0.002
q_GtoI = 0.805,-0.068,0.589,0.037 | p_IinG = 8.823,4.183,2.379 | dist = 30.47 (meters)
bg = -0.0070,0.0228,0.0776 | ba = 0.0008,-0.1213,0.2377
camera-imu timeoffset = -0.00001
cam0 intrinsics = 465.432,463.869,366.289,250.666 | -0.280,0.072,0.001,-0.000
cam1 intrinsics = 464.266,462.693,379.222,257.383 | -0.280,0.072,0.001,-0.000
cam0 extrinsics = -0.009,0.008,0.704,0.711 | 0.063,-0.045,-0.003
cam1 extrinsics = -0.004,0.013,0.704,0.710 | -0.055,-0.044,-0.002
q_GtoI = 0.804,-0.068,0.590,0.036 | p_IinG = 8.723,4.069,2.337 | dist = 30.63 (meters)
bg = -0.0070,0.0228,0.0778 | ba = 0.0021,-0.1207,0.2360
camera-imu timeoffset = -0.00000
cam0 intrinsics = 465.444,463.873,366.287,250.647 | -0.280,0.072,0.001,-0.000
cam1 intrinsics = 464.278,462.696,379.214,257.363 | -0.280,0.072,0.001,-0.000
cam0 extrinsics = -0.009,0.008,0.704,0.711 | 0.063,-0.045,-0.003
cam1 extrinsics = -0.004,0.013,0.704,0.710 | -0.055,-0.044,-0.002
q_GtoI = 0.805,-0.067,0.588,0.038 | p_IinG = 8.624,3.958,2.298 | dist = 30.79 (meters)
bg = -0.0070,0.0228,0.0778 | ba = 0.0019,-0.1194,0.2350
camera-imu timeoffset = -0.00000
cam0 intrinsics = 465.473,463.887,366.278,250.628 | -0.280,0.072,0.001,-0.000
cam1 intrinsics = 464.308,462.710,379.199,257.341 | -0.280,0.072,0.001,-0.000
cam0 extrinsics = -0.009,0.008,0.704,0.711 | 0.063,-0.045,-0.003
cam1 extrinsics = -0.004,0.013,0.704,0.710 | -0.055,-0.044,-0.002
q_GtoI = 0.807,-0.067,0.585,0.037 | p_IinG = 8.523,3.847,2.257 | dist = 30.94 (meters)
bg = -0.0071,0.0228,0.0778 | ba = 0.0020,-0.1176,0.2331
camera-imu timeoffset = -0.00000
cam0 intrinsics = 465.497,463.903,366.270,250.610 | -0.280,0.072,0.001,-0.000
cam1 intrinsics = 464.331,462.724,379.183,257.322 | -0.280,0.072,0.001,-0.000
cam0 extrinsics = -0.009,0.008,0.704,0.711 | 0.063,-0.045,-0.003
cam1 extrinsics = -0.004,0.013,0.704,0.710 | -0.055,-0.044,-0.001
q_GtoI = 0.810,-0.066,0.582,0.039 | p_IinG = 8.423,3.740,2.218 | dist = 31.10 (meters)
bg = -0.0069,0.0228,0.0780 | ba = 0.0017,-0.1140,0.2305
camera-imu timeoffset = -0.00001
cam0 intrinsics = 465.511,463.904,366.264,250.631 | -0.280,0.072,0.001,-0.000
cam1 intrinsics = 464.345,462.725,379.170,257.344 | -0.280,0.072,0.001,-0.000
cam0 extrinsics = -0.009,0.008,0.704,0.711 | 0.063,-0.045,-0.002
cam1 extrinsics = -0.004,0.013,0.704,0.710 | -0.055,-0.043,-0.001
q_GtoI = 0.813,-0.067,0.577,0.037 | p_IinG = 8.323,3.637,2.175 | dist = 31.26 (meters)
bg = -0.0068,0.0228,0.0780 | ba = 0.0015,-0.1086,0.2280
camera-imu timeoffset = -0.00001
cam0 intrinsics = 465.536,463.908,366.256,250.672 | -0.280,0.072,0.001,-0.000
cam1 intrinsics = 464.368,462.727,379.156,257.383 | -0.280,0.072,0.001,-0.000
cam0 extrinsics = -0.009,0.008,0.704,0.711 | 0.063,-0.045,-0.002
cam1 extrinsics = -0.004,0.013,0.704,0.710 | -0.054,-0.043,-0.001
q_GtoI = 0.815,-0.066,0.574,0.038 | p_IinG = 8.223,3.528,2.147 | dist = 31.41 (meters)
bg = -0.0069,0.0238,0.0779 | ba = -0.0070,-0.1094,0.2275
camera-imu timeoffset = -0.00000
cam0 intrinsics = 465.568,463.954,366.244,250.669 | -0.280,0.072,0.001,-0.000
cam1 intrinsics = 464.399,462.772,379.144,257.377 | -0.280,0.072,0.001,-0.000
cam0 extrinsics = -0.009,0.008,0.704,0.710 | 0.064,-0.044,-0.002
cam1 extrinsics = -0.003,0.012,0.704,0.710 | -0.054,-0.043,-0.001
q_GtoI = 0.817,-0.067,0.571,0.037 | p_IinG = 8.126,3.422,2.104 | dist = 31.56 (meters)
bg = -0.0068,0.0239,0.0780 | ba = -0.0082,-0.1062,0.2245
camera-imu timeoffset = -0.00001
cam0 intrinsics = 465.584,463.971,366.228,250.684 | -0.280,0.072,0.001,-0.000
cam1 intrinsics = 464.415,462.788,379.126,257.391 | -0.280,0.072,0.001,-0.000
cam0 extrinsics = -0.009,0.008,0.704,0.710 | 0.064,-0.044,-0.002
cam1 extrinsics = -0.003,0.012,0.704,0.710 | -0.054,-0.042,-0.001
q_GtoI = 0.819,-0.065,0.568,0.038 | p_IinG = 8.030,3.317,2.061 | dist = 31.71 (meters)
bg = -0.0067,0.0241,0.0781 | ba = -0.0090,-0.1033,0.2219
camera-imu timeoffset = -0.00001
cam0 intrinsics = 465.600,463.988,366.215,250.701 | -0.280,0.072,0.001,-0.000
cam1 intrinsics = 464.430,462.806,379.112,257.405 | -0.280,0.072,0.001,-0.000
cam0 extrinsics = -0.009,0.008,0.704,0.710 | 0.064,-0.044,-0.001
cam1 extrinsics = -0.003,0.012,0.704,0.710 | -0.054,-0.042,-0.000
q_GtoI = 0.821,-0.066,0.566,0.036 | p_IinG = 7.937,3.210,2.019 | dist = 31.86 (meters)
bg = -0.0067,0.0243,0.0782 | ba = -0.0104,-0.1014,0.2193
camera-imu timeoffset = -0.00000
cam0 intrinsics = 465.628,464.013,366.196,250.714 | -0.280,0.072,0.001,-0.000
cam1 intrinsics = 464.457,462.830,379.095,257.411 | -0.280,0.072,0.001,-0.000
cam0 extrinsics = -0.009,0.008,0.704,0.710 | 0.064,-0.043,-0.001
cam1 extrinsics = -0.003,0.012,0.704,0.710 | -0.054,-0.042,-0.000
q_GtoI = 0.823,-0.066,0.563,0.035 | p_IinG = 7.845,3.103,1.981 | dist = 32.01 (meters)
bg = -0.0067,0.0247,0.0782 | ba = -0.0123,-0.0998,0.2186
camera-imu timeoffset = -0.00000
cam0 intrinsics = 465.650,464.049,366.172,250.699 | -0.280,0.072,0.001,-0.000
cam1 intrinsics = 464.478,462.866,379.073,257.391 | -0.280,0.072,0.001,-0.000
cam0 extrinsics = -0.009,0.008,0.704,0.710 | 0.064,-0.043,-0.001
cam1 extrinsics = -0.003,0.012,0.704,0.710 | -0.054,-0.042,0.000
q_GtoI = 0.825,-0.063,0.561,0.038 | p_IinG = 7.754,2.996,1.941 | dist = 32.16 (meters)
bg = -0.0068,0.0249,0.0782 | ba = -0.0133,-0.0994,0.2191
camera-imu timeoffset = -0.00000
cam0 intrinsics = 465.683,464.091,366.145,250.649 | -0.280,0.072,0.001,-0.000
cam1 intrinsics = 464.511,462.907,379.042,257.339 | -0.280,0.072,0.001,-0.000
cam0 extrinsics = -0.009,0.008,0.704,0.710 | 0.064,-0.043,-0.001
cam1 extrinsics = -0.003,0.012,0.704,0.710 | -0.054,-0.041,0.000
q_GtoI = 0.827,-0.063,0.557,0.039 | p_IinG = 7.664,2.890,1.905 | dist = 32.30 (meters)
bg = -0.0069,0.0251,0.0780 | ba = -0.0144,-0.0985,0.2208
camera-imu timeoffset = -0.00000
cam0 intrinsics = 465.714,464.134,366.096,250.607 | -0.280,0.072,0.001,-0.000
cam1 intrinsics = 464.542,462.952,379.003,257.294 | -0.280,0.072,0.001,-0.000
cam0 extrinsics = -0.008,0.007,0.704,0.710 | 0.064,-0.043,-0.001
cam1 extrinsics = -0.003,0.012,0.704,0.710 | -0.054,-0.041,0.001
q_GtoI = 0.830,-0.061,0.554,0.040 | p_IinG = 7.577,2.784,1.870 | dist = 32.44 (meters)
bg = -0.0069,0.0253,0.0780 | ba = -0.0153,-0.0979,0.2220
camera-imu timeoffset = -0.00000
cam0 intrinsics = 465.752,464.172,366.061,250.604 | -0.280,0.072,0.001,-0.000
cam1 intrinsics = 464.579,462.990,378.966,257.286 | -0.280,0.072,0.001,-0.000
cam0 extrinsics = -0.008,0.007,0.704,0.710 | 0.064,-0.043,-0.000
cam1 extrinsics = -0.003,0.012,0.704,0.710 | -0.053,-0.041,0.001
q_GtoI = 0.832,-0.061,0.550,0.041 | p_IinG = 7.492,2.683,1.836 | dist = 32.58 (meters)
bg = -0.0069,0.0256,0.0780 | ba = -0.0155,-0.0955,0.2234
camera-imu timeoffset = 0.00000
cam0 intrinsics = 465.782,464.198,366.016,250.600 | -0.280,0.072,0.001,-0.000
cam1 intrinsics = 464.610,463.017,378.926,257.282 | -0.280,0.072,0.001,-0.000
cam0 extrinsics = -0.008,0.007,0.704,0.710 | 0.064,-0.043,-0.000
cam1 extrinsics = -0.003,0.012,0.704,0.710 | -0.053,-0.041,0.001
q_GtoI = 0.834,-0.060,0.547,0.041 | p_IinG = 7.407,2.579,1.808 | dist = 32.72 (meters)
bg = -0.0071,0.0259,0.0779 | ba = -0.0182,-0.0949,0.2260
camera-imu timeoffset = 0.00000
cam0 intrinsics = 465.818,464.237,365.966,250.570 | -0.280,0.072,0.001,-0.000
cam1 intrinsics = 464.648,463.058,378.880,257.249 | -0.279,0.072,0.001,-0.000
cam0 extrinsics = -0.008,0.007,0.704,0.710 | 0.064,-0.043,0.000
cam1 extrinsics = -0.003,0.012,0.704,0.710 | -0.053,-0.041,0.001
q_GtoI = 0.836,-0.060,0.544,0.042 | p_IinG = 7.321,2.473,1.782 | dist = 32.86 (meters)
bg = -0.0071,0.0261,0.0777 | ba = -0.0211,-0.0948,0.2285
camera-imu timeoffset = 0.00000
cam0 intrinsics = 465.865,464.282,365.906,250.537 | -0.280,0.072,0.001,-0.000
cam1 intrinsics = 464.690,463.101,378.816,257.212 | -0.279,0.072,0.001,-0.000
cam0 extrinsics = -0.008,0.007,0.704,0.710 | 0.064,-0.043,0.000
cam1 extrinsics = -0.003,0.012,0.704,0.710 | -0.053,-0.041,0.002
q_GtoI = 0.836,-0.058,0.543,0.043 | p_IinG = 7.241,2.371,1.756 | dist = 32.99 (meters)
bg = -0.0073,0.0265,0.0777 | ba = -0.0216,-0.0946,0.2320
camera-imu timeoffset = 0.00000
cam0 intrinsics = 465.911,464.326,365.842,250.497 | -0.280,0.072,0.001,-0.000
cam1 intrinsics = 464.738,463.148,378.757,257.170 | -0.279,0.072,0.001,-0.000
cam0 extrinsics = -0.008,0.007,0.704,0.710 | 0.065,-0.043,0.001
cam1 extrinsics = -0.003,0.012,0.704,0.710 | -0.053,-0.041,0.002
q_GtoI = 0.837,-0.059,0.542,0.043 | p_IinG = 7.162,2.270,1.730 | dist = 33.12 (meters)
bg = -0.0073,0.0266,0.0777 | ba = -0.0211,-0.0940,0.2367
camera-imu timeoffset = 0.00000
cam0 intrinsics = 465.957,464.376,365.773,250.455 | -0.280,0.072,0.001,-0.000
cam1 intrinsics = 464.787,463.200,378.694,257.126 | -0.279,0.072,0.001,-0.000
cam0 extrinsics = -0.008,0.007,0.704,0.710 | 0.065,-0.043,0.001
cam1 extrinsics = -0.003,0.012,0.704,0.710 | -0.053,-0.041,0.002
q_GtoI = 0.838,-0.059,0.541,0.043 | p_IinG = 7.083,2.168,1.704 | dist = 33.25 (meters)
bg = -0.0073,0.0266,0.0776 | ba = -0.0191,-0.0945,0.2407
camera-imu timeoffset = 0.00001
cam0 intrinsics = 465.995,464.420,365.706,250.411 | -0.280,0.072,0.001,-0.000
cam1 intrinsics = 464.826,463.249,378.632,257.077 | -0.279,0.072,0.001,-0.000
cam0 extrinsics = -0.008,0.007,0.704,0.710 | 0.065,-0.043,0.001
cam1 extrinsics = -0.003,0.012,0.704,0.710 | -0.053,-0.041,0.002
q_GtoI = 0.837,-0.058,0.542,0.045 | p_IinG = 7.008,2.069,1.683 | dist = 33.37 (meters)
bg = -0.0071,0.0270,0.0776 | ba = -0.0187,-0.0945,0.2432
camera-imu timeoffset = -0.00001
cam0 intrinsics = 466.037,464.458,365.660,250.393 | -0.280,0.072,0.001,-0.000
cam1 intrinsics = 464.867,463.286,378.584,257.057 | -0.279,0.072,0.001,-0.000
cam0 extrinsics = -0.008,0.007,0.704,0.710 | 0.065,-0.043,0.001
cam1 extrinsics = -0.003,0.012,0.704,0.710 | -0.053,-0.042,0.003
q_GtoI = 0.837,-0.060,0.542,0.044 | p_IinG = 6.931,1.969,1.658 | dist = 33.50 (meters)
bg = -0.0068,0.0271,0.0775 | ba = -0.0142,-0.0918,0.2450
camera-imu timeoffset = -0.00001
cam0 intrinsics = 466.075,464.464,365.649,250.439 | -0.280,0.072,0.001,-0.000
cam1 intrinsics = 464.906,463.293,378.555,257.101 | -0.279,0.072,0.001,-0.000
cam0 extrinsics = -0.008,0.007,0.704,0.710 | 0.065,-0.044,0.001
cam1 extrinsics = -0.003,0.012,0.704,0.710 | -0.052,-0.042,0.003
q_GtoI = 0.837,-0.059,0.542,0.047 | p_IinG = 6.860,1.877,1.642 | dist = 33.62 (meters)
bg = -0.0066,0.0273,0.0775 | ba = -0.0149,-0.0898,0.2467
camera-imu timeoffset = -0.00001
cam0 intrinsics = 466.091,464.479,365.631,250.460 | -0.280,0.072,0.001,-0.000
cam1 intrinsics = 464.921,463.308,378.537,257.120 | -0.279,0.072,0.001,-0.000
cam0 extrinsics = -0.008,0.007,0.704,0.710 | 0.065,-0.044,0.001
cam1 extrinsics = -0.003,0.012,0.704,0.710 | -0.052,-0.042,0.003
q_GtoI = 0.837,-0.060,0.541,0.048 | p_IinG = 6.792,1.787,1.629 | dist = 33.74 (meters)
bg = -0.0064,0.0276,0.0775 | ba = -0.0166,-0.0879,0.2491
camera-imu timeoffset = -0.00001
cam0 intrinsics = 466.109,464.500,365.612,250.479 | -0.280,0.072,0.001,-0.000
cam1 intrinsics = 464.937,463.329,378.516,257.137 | -0.279,0.072,0.001,-0.000
cam0 extrinsics = -0.008,0.007,0.704,0.710 | 0.065,-0.044,0.002
cam1 extrinsics = -0.003,0.012,0.704,0.710 | -0.052,-0.042,0.003
q_GtoI = 0.838,-0.059,0.540,0.050 | p_IinG = 6.728,1.696,1.618 | dist = 33.85 (meters)
bg = -0.0063,0.0279,0.0775 | ba = -0.0182,-0.0869,0.2507
camera-imu timeoffset = 0.00000
cam0 intrinsics = 466.125,464.519,365.594,250.497 | -0.280,0.072,0.001,-0.000
cam1 intrinsics = 464.951,463.347,378.498,257.152 | -0.279,0.072,0.001,-0.000
cam0 extrinsics = -0.008,0.007,0.704,0.710 | 0.065,-0.044,0.002
cam1 extrinsics = -0.003,0.012,0.704,0.710 | -0.052,-0.042,0.003
q_GtoI = 0.840,-0.060,0.537,0.050 | p_IinG = 6.666,1.608,1.606 | dist = 33.96 (meters)
bg = -0.0062,0.0280,0.0774 | ba = -0.0174,-0.0852,0.2524
camera-imu timeoffset = 0.00000
cam0 intrinsics = 466.136,464.532,365.581,250.521 | -0.280,0.072,0.001,-0.000
cam1 intrinsics = 464.962,463.360,378.485,257.176 | -0.279,0.072,0.001,-0.000
cam0 extrinsics = -0.008,0.007,0.704,0.710 | 0.065,-0.044,0.002
cam1 extrinsics = -0.003,0.012,0.704,0.710 | -0.052,-0.042,0.003
q_GtoI = 0.842,-0.061,0.533,0.051 | p_IinG = 6.608,1.523,1.596 | dist = 34.07 (meters)
bg = -0.0060,0.0280,0.0772 | ba = -0.0162,-0.0835,0.2540
camera-imu timeoffset = 0.00001
cam0 intrinsics = 466.153,464.542,365.557,250.547 | -0.280,0.072,0.001,-0.000
cam1 intrinsics = 464.978,463.370,378.460,257.203 | -0.279,0.072,0.001,-0.000
cam0 extrinsics = -0.008,0.007,0.704,0.710 | 0.065,-0.044,0.002
cam1 extrinsics = -0.003,0.012,0.704,0.710 | -0.052,-0.043,0.003
q_GtoI = 0.845,-0.060,0.529,0.053 | p_IinG = 6.551,1.436,1.589 | dist = 34.18 (meters)
bg = -0.0059,0.0281,0.0771 | ba = -0.0165,-0.0833,0.2566
camera-imu timeoffset = 0.00001
cam0 intrinsics = 466.175,464.564,365.533,250.558 | -0.280,0.072,0.001,-0.000
cam1 intrinsics = 464.999,463.392,378.437,257.213 | -0.279,0.072,0.001,-0.000
cam0 extrinsics = -0.008,0.007,0.704,0.710 | 0.065,-0.044,0.002
cam1 extrinsics = -0.003,0.012,0.704,0.710 | -0.052,-0.043,0.003
q_GtoI = 0.848,-0.059,0.524,0.055 | p_IinG = 6.496,1.346,1.581 | dist = 34.29 (meters)
bg = -0.0060,0.0281,0.0768 | ba = -0.0144,-0.0842,0.2611
camera-imu timeoffset = 0.00001
cam0 intrinsics = 466.195,464.584,365.523,250.606 | -0.280,0.072,0.001,-0.000
cam1 intrinsics = 465.018,463.411,378.436,257.261 | -0.279,0.072,0.001,-0.000
cam0 extrinsics = -0.008,0.007,0.704,0.710 | 0.065,-0.045,0.002
cam1 extrinsics = -0.003,0.012,0.704,0.710 | -0.052,-0.044,0.003
q_GtoI = 0.851,-0.058,0.519,0.057 | p_IinG = 6.445,1.260,1.576 | dist = 34.39 (meters)
bg = -0.0060,0.0281,0.0768 | ba = -0.0135,-0.0831,0.2631
camera-imu timeoffset = 0.00001
cam0 intrinsics = 466.219,464.596,365.500,250.582 | -0.280,0.072,0.001,-0.000
cam1 intrinsics = 465.041,463.423,378.418,257.236 | -0.279,0.072,0.001,-0.000
cam0 extrinsics = -0.008,0.007,0.704,0.710 | 0.066,-0.045,0.002
cam1 extrinsics = -0.003,0.012,0.704,0.710 | -0.052,-0.044,0.003
q_GtoI = 0.855,-0.056,0.513,0.060 | p_IinG = 6.397,1.173,1.571 | dist = 34.49 (meters)
bg = -0.0061,0.0280,0.0767 | ba = -0.0120,-0.0826,0.2654
camera-imu timeoffset = 0.00001
cam0 intrinsics = 466.255,464.616,365.455,250.516 | -0.280,0.072,0.001,-0.000
cam1 intrinsics = 465.076,463.443,378.381,257.168 | -0.279,0.072,0.001,-0.000
cam0 extrinsics = -0.008,0.007,0.704,0.710 | 0.066,-0.045,0.002
cam1 extrinsics = -0.003,0.012,0.704,0.710 | -0.052,-0.044,0.003
q_GtoI = 0.858,-0.057,0.507,0.059 | p_IinG = 6.348,1.085,1.570 | dist = 34.59 (meters)
bg = -0.0061,0.0279,0.0766 | ba = -0.0094,-0.0841,0.2719
camera-imu timeoffset = 0.00001
cam0 intrinsics = 466.289,464.632,365.466,250.498 | -0.280,0.072,0.001,-0.000
cam1 intrinsics = 465.107,463.455,378.379,257.151 | -0.279,0.072,0.001,-0.000
cam0 extrinsics = -0.008,0.007,0.704,0.710 | 0.066,-0.046,0.002
cam1 extrinsics = -0.003,0.012,0.704,0.710 | -0.052,-0.044,0.003
q_GtoI = 0.862,-0.058,0.500,0.058 | p_IinG = 6.305,1.003,1.570 | dist = 34.69 (meters)
bg = -0.0060,0.0279,0.0764 | ba = -0.0090,-0.0838,0.2733
camera-imu timeoffset = 0.00001
cam0 intrinsics = 466.301,464.627,365.467,250.492 | -0.280,0.072,0.001,-0.000
cam1 intrinsics = 465.118,463.449,378.377,257.146 | -0.279,0.072,0.001,-0.000
cam0 extrinsics = -0.008,0.007,0.704,0.710 | 0.066,-0.046,0.001
cam1 extrinsics = -0.003,0.012,0.704,0.710 | -0.052,-0.045,0.003
q_GtoI = 0.865,-0.058,0.495,0.057 | p_IinG = 6.261,0.911,1.570 | dist = 34.78 (meters)
bg = -0.0061,0.0278,0.0763 | ba = -0.0075,-0.0845,0.2745
camera-imu timeoffset = 0.00002
cam0 intrinsics = 466.327,464.622,365.486,250.482 | -0.280,0.072,0.001,-0.000
cam1 intrinsics = 465.138,463.439,378.381,257.139 | -0.279,0.072,0.001,-0.000
cam0 extrinsics = -0.008,0.007,0.704,0.710 | 0.066,-0.047,0.001
cam1 extrinsics = -0.003,0.012,0.704,0.710 | -0.052,-0.045,0.003
q_GtoI = 0.867,-0.058,0.491,0.056 | p_IinG = 6.224,0.829,1.571 | dist = 34.87 (meters)
bg = -0.0061,0.0278,0.0761 | ba = -0.0063,-0.0847,0.2759
camera-imu timeoffset = 0.00002
cam0 intrinsics = 466.347,464.627,365.479,250.453 | -0.280,0.072,0.001,-0.000
cam1 intrinsics = 465.156,463.443,378.374,257.109 | -0.279,0.072,0.001,-0.000
cam0 extrinsics = -0.008,0.007,0.704,0.710 | 0.067,-0.047,0.001
cam1 extrinsics = -0.003,0.012,0.704,0.710 | -0.051,-0.045,0.003
q_GtoI = 0.869,-0.058,0.488,0.056 | p_IinG = 6.192,0.747,1.571 | dist = 34.96 (meters)
bg = -0.0062,0.0278,0.0759 | ba = -0.0049,-0.0846,0.2771
camera-imu timeoffset = 0.00002
cam0 intrinsics = 466.370,464.633,365.463,250.406 | -0.280,0.072,0.001,-0.000
cam1 intrinsics = 465.177,463.448,378.359,257.060 | -0.279,0.072,0.001,-0.000
cam0 extrinsics = -0.008,0.007,0.704,0.710 | 0.067,-0.047,0.001
cam1 extrinsics = -0.003,0.012,0.704,0.710 | -0.051,-0.045,0.003
q_GtoI = 0.871,-0.057,0.485,0.056 | p_IinG = 6.162,0.664,1.565 | dist = 35.04 (meters)
bg = -0.0063,0.0276,0.0757 | ba = -0.0024,-0.0849,0.2780
camera-imu timeoffset = 0.00002
cam0 intrinsics = 466.392,464.640,365.449,250.351 | -0.280,0.072,0.001,-0.000
cam1 intrinsics = 465.197,463.453,378.344,257.005 | -0.279,0.072,0.001,-0.000
cam0 extrinsics = -0.008,0.007,0.704,0.710 | 0.067,-0.046,0.001
cam1 extrinsics = -0.003,0.012,0.704,0.710 | -0.051,-0.045,0.003
q_GtoI = 0.871,-0.055,0.485,0.058 | p_IinG = 6.137,0.579,1.555 | dist = 35.13 (meters)
bg = -0.0065,0.0276,0.0755 | ba = 0.0010,-0.0856,0.2785
camera-imu timeoffset = 0.00002
cam0 intrinsics = 466.436,464.669,365.412,250.290 | -0.280,0.072,0.001,-0.000
cam1 intrinsics = 465.241,463.482,378.305,256.943 | -0.279,0.071,0.001,-0.000
cam0 extrinsics = -0.008,0.007,0.704,0.710 | 0.067,-0.046,0.001
cam1 extrinsics = -0.003,0.012,0.704,0.710 | -0.051,-0.045,0.003
q_GtoI = 0.871,-0.053,0.485,0.060 | p_IinG = 6.116,0.500,1.543 | dist = 35.21 (meters)
bg = -0.0066,0.0276,0.0753 | ba = 0.0045,-0.0845,0.2766
camera-imu timeoffset = 0.00002
cam0 intrinsics = 466.452,464.665,365.389,250.281 | -0.280,0.072,0.001,-0.000
cam1 intrinsics = 465.255,463.477,378.285,256.923 | -0.279,0.071,0.001,-0.000
cam0 extrinsics = -0.008,0.007,0.704,0.710 | 0.068,-0.046,0.001
cam1 extrinsics = -0.003,0.012,0.704,0.710 | -0.051,-0.045,0.003
q_GtoI = 0.869,-0.048,0.488,0.064 | p_IinG = 6.098,0.422,1.529 | dist = 35.30 (meters)
bg = -0.0066,0.0275,0.0753 | ba = 0.0077,-0.0828,0.2747
camera-imu timeoffset = 0.00002
cam0 intrinsics = 466.477,464.658,365.363,250.258 | -0.280,0.072,0.001,-0.000
cam1 intrinsics = 465.277,463.468,378.253,256.897 | -0.279,0.071,0.001,-0.000
cam0 extrinsics = -0.008,0.007,0.704,0.710 | 0.068,-0.046,0.001
cam1 extrinsics = -0.003,0.012,0.704,0.710 | -0.051,-0.045,0.003
q_GtoI = 0.866,-0.046,0.494,0.066 | p_IinG = 6.087,0.348,1.514 | dist = 35.38 (meters)
bg = -0.0066,0.0275,0.0753 | ba = 0.0099,-0.0799,0.2662
camera-imu timeoffset = 0.00002
cam0 intrinsics = 466.481,464.627,365.337,250.208 | -0.280,0.072,0.001,-0.000
cam1 intrinsics = 465.278,463.434,378.217,256.843 | -0.279,0.071,0.001,-0.000
cam0 extrinsics = -0.008,0.007,0.704,0.710 | 0.068,-0.046,0.002
cam1 extrinsics = -0.003,0.012,0.704,0.710 | -0.051,-0.044,0.003
q_GtoI = 0.861,-0.042,0.503,0.070 | p_IinG = 6.078,0.270,1.502 | dist = 35.45 (meters)
bg = -0.0067,0.0276,0.0754 | ba = 0.0116,-0.0796,0.2639
camera-imu timeoffset = 0.00000
cam0 intrinsics = 466.487,464.604,365.335,250.204 | -0.280,0.072,0.001,-0.000
cam1 intrinsics = 465.282,463.409,378.209,256.835 | -0.279,0.071,0.001,-0.000
cam0 extrinsics = -0.008,0.007,0.704,0.710 | 0.068,-0.046,0.002
cam1 extrinsics = -0.003,0.012,0.704,0.710 | -0.050,-0.044,0.004
q_GtoI = 0.854,-0.039,0.514,0.072 | p_IinG = 6.076,0.198,1.491 | dist = 35.53 (meters)
bg = -0.0066,0.0278,0.0755 | ba = 0.0133,-0.0788,0.2614
camera-imu timeoffset = -0.00001
cam0 intrinsics = 466.482,464.572,365.328,250.197 | -0.280,0.072,0.001,-0.000
cam1 intrinsics = 465.278,463.377,378.202,256.828 | -0.279,0.071,0.001,-0.000
cam0 extrinsics = -0.008,0.007,0.704,0.710 | 0.068,-0.046,0.002
cam1 extrinsics = -0.003,0.012,0.704,0.710 | -0.050,-0.045,0.004
q_GtoI = 0.846,-0.040,0.527,0.071 | p_IinG = 6.077,0.129,1.482 | dist = 35.60 (meters)
bg = -0.0065,0.0279,0.0757 | ba = 0.0148,-0.0781,0.2586
camera-imu timeoffset = -0.00001
cam0 intrinsics = 466.475,464.539,365.324,250.194 | -0.280,0.072,0.001,-0.000
cam1 intrinsics = 465.271,463.343,378.196,256.822 | -0.279,0.071,0.001,-0.000
cam0 extrinsics = -0.008,0.007,0.704,0.710 | 0.068,-0.047,0.003
cam1 extrinsics = -0.003,0.012,0.704,0.710 | -0.050,-0.045,0.004
q_GtoI = 0.839,-0.042,0.538,0.067 | p_IinG = 6.081,0.062,1.474 | dist = 35.67 (meters)
bg = -0.0065,0.0281,0.0758 | ba = 0.0158,-0.0773,0.2559
camera-imu timeoffset = 0.00000
cam0 intrinsics = 466.474,464.515,365.313,250.202 | -0.280,0.072,0.001,-0.000
cam1 intrinsics = 465.270,463.319,378.181,256.831 | -0.279,0.071,0.001,-0.000
cam0 extrinsics = -0.008,0.007,0.704,0.710 | 0.068,-0.047,0.003
cam1 extrinsics = -0.003,0.012,0.704,0.710 | -0.051,-0.045,0.005
q_GtoI = 0.834,-0.042,0.546,0.067 | p_IinG = 6.087,-0.001,1.468 | dist = 35.74 (meters)
bg = -0.0065,0.0284,0.0760 | ba = 0.0164,-0.0754,0.2534
camera-imu timeoffset = 0.00002
cam0 intrinsics = 466.480,464.494,365.295,250.168 | -0.280,0.072,0.001,-0.000
cam1 intrinsics = 465.273,463.296,378.160,256.793 | -0.279,0.071,0.001,-0.000
cam0 extrinsics = -0.008,0.007,0.704,0.710 | 0.068,-0.047,0.003
cam1 extrinsics = -0.003,0.012,0.704,0.710 | -0.051,-0.046,0.005
q_GtoI = 0.831,-0.043,0.550,0.066 | p_IinG = 6.092,-0.060,1.462 | dist = 35.81 (meters)
bg = -0.0063,0.0286,0.0762 | ba = 0.0166,-0.0723,0.2535
camera-imu timeoffset = 0.00002
cam0 intrinsics = 466.526,464.522,365.189,250.083 | -0.280,0.072,0.001,-0.000
cam1 intrinsics = 465.322,463.328,378.069,256.706 | -0.279,0.071,0.001,-0.000
cam0 extrinsics = -0.008,0.007,0.704,0.710 | 0.068,-0.047,0.003
cam1 extrinsics = -0.003,0.012,0.704,0.710 | -0.050,-0.045,0.005
q_GtoI = 0.829,-0.043,0.553,0.067 | p_IinG = 6.099,-0.121,1.456 | dist = 35.87 (meters)
bg = -0.0064,0.0286,0.0762 | ba = 0.0174,-0.0700,0.2513
camera-imu timeoffset = 0.00002
cam0 intrinsics = 466.540,464.524,365.174,250.063 | -0.280,0.072,0.001,-0.000
cam1 intrinsics = 465.334,463.328,378.050,256.684 | -0.279,0.071,0.001,-0.000
cam0 extrinsics = -0.008,0.007,0.704,0.710 | 0.068,-0.047,0.003
cam1 extrinsics = -0.003,0.012,0.704,0.710 | -0.051,-0.046,0.005
q_GtoI = 0.829,-0.043,0.553,0.068 | p_IinG = 6.112,-0.170,1.454 | dist = 35.93 (meters)
bg = -0.0064,0.0286,0.0761 | ba = 0.0175,-0.0668,0.2491
camera-imu timeoffset = 0.00002
cam0 intrinsics = 466.510,464.505,365.149,250.048 | -0.280,0.072,0.001,-0.000
cam1 intrinsics = 465.305,463.310,378.021,256.671 | -0.279,0.071,0.001,-0.000
cam0 extrinsics = -0.008,0.007,0.704,0.710 | 0.068,-0.047,0.003
cam1 extrinsics = -0.003,0.012,0.704,0.710 | -0.051,-0.046,0.005
q_GtoI = 0.829,-0.043,0.554,0.068 | p_IinG = 6.120,-0.225,1.452 | dist = 35.99 (meters)
bg = -0.0064,0.0285,0.0761 | ba = 0.0178,-0.0642,0.2471
camera-imu timeoffset = 0.00002
cam0 intrinsics = 466.513,464.503,365.136,250.044 | -0.280,0.072,0.001,-0.000
cam1 intrinsics = 465.306,463.308,378.007,256.665 | -0.279,0.071,0.001,-0.000
cam0 extrinsics = -0.008,0.007,0.704,0.710 | 0.068,-0.047,0.004
cam1 extrinsics = -0.003,0.012,0.704,0.710 | -0.051,-0.046,0.005
q_GtoI = 0.829,-0.043,0.553,0.069 | p_IinG = 6.129,-0.277,1.451 | dist = 36.05 (meters)
bg = -0.0063,0.0284,0.0762 | ba = 0.0180,-0.0612,0.2456
camera-imu timeoffset = 0.00002
cam0 intrinsics = 466.514,464.500,365.122,250.044 | -0.280,0.072,0.001,-0.000
cam1 intrinsics = 465.307,463.304,377.992,256.662 | -0.279,0.071,0.001,-0.000
cam0 extrinsics = -0.008,0.007,0.704,0.711 | 0.068,-0.047,0.004
cam1 extrinsics = -0.003,0.012,0.704,0.710 | -0.051,-0.045,0.005
q_GtoI = 0.830,-0.043,0.551,0.069 | p_IinG = 6.138,-0.329,1.449 | dist = 36.11 (meters)
bg = -0.0064,0.0283,0.0762 | ba = 0.0188,-0.0586,0.2430
camera-imu timeoffset = 0.00002
cam0 intrinsics = 466.516,464.500,365.107,250.044 | -0.280,0.072,0.001,-0.000
cam1 intrinsics = 465.308,463.303,377.976,256.661 | -0.279,0.071,0.001,-0.000
cam0 extrinsics = -0.008,0.007,0.704,0.711 | 0.068,-0.047,0.004
cam1 extrinsics = -0.003,0.012,0.704,0.710 | -0.051,-0.045,0.005
q_GtoI = 0.831,-0.043,0.550,0.070 | p_IinG = 6.153,-0.366,1.450 | dist = 36.16 (meters)
bg = -0.0062,0.0283,0.0764 | ba = 0.0189,-0.0537,0.2411
camera-imu timeoffset = 0.00002
cam0 intrinsics = 466.514,464.497,365.054,250.019 | -0.280,0.072,0.001,-0.000
cam1 intrinsics = 465.303,463.300,377.926,256.635 | -0.279,0.071,0.001,-0.000
cam0 extrinsics = -0.008,0.007,0.704,0.711 | 0.068,-0.047,0.004
cam1 extrinsics = -0.003,0.012,0.704,0.710 | -0.050,-0.045,0.005
q_GtoI = 0.831,-0.043,0.550,0.070 | p_IinG = 6.162,-0.418,1.451 | dist = 36.21 (meters)
bg = -0.0063,0.0282,0.0764 | ba = 0.0203,-0.0517,0.2398
camera-imu timeoffset = 0.00002
cam0 intrinsics = 466.524,464.500,365.049,250.027 | -0.280,0.072,0.001,-0.000
cam1 intrinsics = 465.310,463.301,377.909,256.638 | -0.279,0.071,0.001,-0.000
cam0 extrinsics = -0.008,0.007,0.704,0.711 | 0.068,-0.047,0.004
cam1 extrinsics = -0.003,0.012,0.704,0.710 | -0.050,-0.045,0.005
q_GtoI = 0.831,-0.043,0.550,0.070 | p_IinG = 6.175,-0.464,1.453 | dist = 36.26 (meters)
bg = -0.0063,0.0279,0.0765 | ba = 0.0222,-0.0491,0.2385
camera-imu timeoffset = 0.00002
cam0 intrinsics = 466.526,464.496,365.041,250.040 | -0.280,0.072,0.001,-0.000
cam1 intrinsics = 465.310,463.296,377.897,256.649 | -0.279,0.071,0.001,-0.000
cam0 extrinsics = -0.008,0.007,0.704,0.711 | 0.068,-0.047,0.004
cam1 extrinsics = -0.003,0.012,0.704,0.710 | -0.050,-0.045,0.005
q_GtoI = 0.831,-0.043,0.550,0.069 | p_IinG = 6.185,-0.511,1.456 | dist = 36.31 (meters)
bg = -0.0063,0.0278,0.0766 | ba = 0.0241,-0.0468,0.2378
camera-imu timeoffset = 0.00002
cam0 intrinsics = 466.534,464.492,365.040,250.051 | -0.280,0.072,0.001,-0.000
cam1 intrinsics = 465.314,463.288,377.887,256.658 | -0.279,0.071,0.001,-0.000
cam0 extrinsics = -0.008,0.007,0.704,0.711 | 0.068,-0.047,0.004
cam1 extrinsics = -0.003,0.012,0.704,0.710 | -0.050,-0.045,0.005
q_GtoI = 0.831,-0.045,0.550,0.066 | p_IinG = 6.198,-0.552,1.460 | dist = 36.35 (meters)
bg = -0.0064,0.0275,0.0768 | ba = 0.0259,-0.0445,0.2371
camera-imu timeoffset = 0.00002
cam0 intrinsics = 466.539,464.491,365.031,250.062 | -0.280,0.072,0.001,-0.000
cam1 intrinsics = 465.318,463.286,377.875,256.667 | -0.279,0.071,0.001,-0.000
cam0 extrinsics = -0.008,0.007,0.704,0.711 | 0.068,-0.047,0.003
cam1 extrinsics = -0.003,0.012,0.704,0.710 | -0.050,-0.045,0.005
q_GtoI = 0.831,-0.047,0.550,0.064 | p_IinG = 6.210,-0.583,1.457 | dist = 36.40 (meters)
bg = -0.0062,0.0267,0.0767 | ba = 0.0331,-0.0414,0.2377
camera-imu timeoffset = 0.00002
cam0 intrinsics = 466.538,464.496,365.030,250.072 | -0.280,0.072,0.001,-0.000
cam1 intrinsics = 465.313,463.287,377.860,256.673 | -0.279,0.071,0.001,-0.000
cam0 extrinsics = -0.008,0.007,0.704,0.711 | 0.068,-0.047,0.003
cam1 extrinsics = -0.002,0.012,0.704,0.710 | -0.050,-0.046,0.005
q_GtoI = 0.831,-0.047,0.550,0.064 | p_IinG = 6.224,-0.620,1.463 | dist = 36.44 (meters)
bg = -0.0063,0.0266,0.0768 | ba = 0.0335,-0.0393,0.2375
camera-imu timeoffset = 0.00001
cam0 intrinsics = 466.541,464.494,365.016,250.080 | -0.280,0.072,0.001,-0.000
cam1 intrinsics = 465.316,463.286,377.849,256.678 | -0.279,0.071,0.001,-0.000
cam0 extrinsics = -0.008,0.007,0.704,0.711 | 0.068,-0.047,0.003
cam1 extrinsics = -0.002,0.012,0.704,0.710 | -0.050,-0.046,0.005
q_GtoI = 0.832,-0.046,0.550,0.065 | p_IinG = 6.239,-0.657,1.467 | dist = 36.48 (meters)
bg = -0.0064,0.0264,0.0768 | ba = 0.0341,-0.0374,0.2377
camera-imu timeoffset = 0.00002
cam0 intrinsics = 466.546,464.495,365.004,250.086 | -0.280,0.072,0.001,-0.000
cam1 intrinsics = 465.319,463.286,377.833,256.683 | -0.279,0.071,0.001,-0.000
cam0 extrinsics = -0.008,0.007,0.704,0.711 | 0.068,-0.048,0.003
cam1 extrinsics = -0.002,0.011,0.704,0.710 | -0.050,-0.046,0.005
q_GtoI = 0.832,-0.045,0.549,0.066 | p_IinG = 6.253,-0.683,1.471 | dist = 36.52 (meters)
bg = -0.0062,0.0262,0.0769 | ba = 0.0350,-0.0349,0.2410
camera-imu timeoffset = 0.00002
cam0 intrinsics = 466.552,464.497,364.987,250.084 | -0.280,0.072,0.001,-0.000
cam1 intrinsics = 465.325,463.288,377.811,256.683 | -0.279,0.071,0.001,-0.000
cam0 extrinsics = -0.008,0.007,0.704,0.711 | 0.068,-0.048,0.003
cam1 extrinsics = -0.002,0.011,0.704,0.710 | -0.050,-0.046,0.005
q_GtoI = 0.832,-0.044,0.548,0.068 | p_IinG = 6.268,-0.717,1.471 | dist = 36.56 (meters)
bg = -0.0063,0.0260,0.0770 | ba = 0.0362,-0.0331,0.2414
camera-imu timeoffset = 0.00002
cam0 intrinsics = 466.560,464.499,364.970,250.084 | -0.280,0.072,0.001,-0.000
cam1 intrinsics = 465.333,463.289,377.790,256.682 | -0.279,0.071,0.001,-0.000
cam0 extrinsics = -0.008,0.007,0.704,0.711 | 0.068,-0.048,0.003
cam1 extrinsics = -0.002,0.011,0.704,0.710 | -0.050,-0.046,0.005
q_GtoI = 0.832,-0.043,0.548,0.069 | p_IinG = 6.283,-0.748,1.469 | dist = 36.60 (meters)
bg = -0.0064,0.0259,0.0772 | ba = 0.0377,-0.0309,0.2419
camera-imu timeoffset = 0.00002
cam0 intrinsics = 466.570,464.501,364.952,250.084 | -0.280,0.072,0.001,-0.000
cam1 intrinsics = 465.340,463.290,377.766,256.681 | -0.279,0.071,0.001,-0.000
cam0 extrinsics = -0.008,0.007,0.704,0.711 | 0.068,-0.048,0.003
cam1 extrinsics = -0.002,0.011,0.704,0.710 | -0.050,-0.046,0.005
q_GtoI = 0.833,-0.042,0.548,0.071 | p_IinG = 6.299,-0.776,1.465 | dist = 36.63 (meters)
bg = -0.0064,0.0257,0.0773 | ba = 0.0392,-0.0288,0.2429
camera-imu timeoffset = 0.00002
cam0 intrinsics = 466.579,464.507,364.929,250.077 | -0.280,0.072,0.001,-0.000
cam1 intrinsics = 465.351,463.296,377.737,256.678 | -0.279,0.071,0.001,-0.000
cam0 extrinsics = -0.008,0.007,0.703,0.711 | 0.068,-0.048,0.003
cam1 extrinsics = -0.002,0.011,0.704,0.710 | -0.050,-0.046,0.005
q_GtoI = 0.833,-0.042,0.548,0.072 | p_IinG = 6.315,-0.794,1.460 | dist = 36.66 (meters)
bg = -0.0062,0.0257,0.0770 | ba = 0.0410,-0.0262,0.2462
camera-imu timeoffset = 0.00002
cam0 intrinsics = 466.570,464.512,364.926,250.069 | -0.280,0.072,0.001,-0.000
cam1 intrinsics = 465.341,463.301,377.721,256.674 | -0.279,0.071,0.001,-0.000
cam0 extrinsics = -0.008,0.007,0.703,0.711 | 0.068,-0.048,0.003
cam1 extrinsics = -0.002,0.011,0.704,0.710 | -0.050,-0.046,0.005
q_GtoI = 0.833,-0.041,0.548,0.073 | p_IinG = 6.331,-0.818,1.454 | dist = 36.70 (meters)
bg = -0.0061,0.0256,0.0771 | ba = 0.0420,-0.0243,0.2468
camera-imu timeoffset = 0.00002
cam0 intrinsics = 466.572,464.513,364.923,250.073 | -0.280,0.072,0.001,-0.000
cam1 intrinsics = 465.343,463.302,377.716,256.677 | -0.279,0.071,0.001,-0.000
cam0 extrinsics = -0.008,0.007,0.703,0.711 | 0.068,-0.048,0.003
cam1 extrinsics = -0.002,0.011,0.704,0.710 | -0.050,-0.046,0.005
q_GtoI = 0.832,-0.041,0.548,0.073 | p_IinG = 6.348,-0.839,1.446 | dist = 36.73 (meters)
bg = -0.0061,0.0254,0.0771 | ba = 0.0433,-0.0223,0.2474
camera-imu timeoffset = 0.00002
cam0 intrinsics = 466.574,464.514,364.921,250.077 | -0.280,0.072,0.001,-0.000
cam1 intrinsics = 465.344,463.302,377.710,256.682 | -0.279,0.071,0.001,-0.000
cam0 extrinsics = -0.008,0.007,0.703,0.711 | 0.068,-0.048,0.003
cam1 extrinsics = -0.002,0.011,0.704,0.710 | -0.050,-0.046,0.005
q_GtoI = 0.832,-0.041,0.548,0.073 | p_IinG = 6.365,-0.858,1.436 | dist = 36.76 (meters)
bg = -0.0060,0.0253,0.0771 | ba = 0.0445,-0.0203,0.2484
camera-imu timeoffset = 0.00002
cam0 intrinsics = 466.576,464.517,364.923,250.083 | -0.280,0.072,0.001,-0.000
cam1 intrinsics = 465.344,463.302,377.701,256.687 | -0.279,0.071,0.001,-0.000
cam0 extrinsics = -0.008,0.007,0.703,0.711 | 0.068,-0.048,0.003
cam1 extrinsics = -0.002,0.011,0.704,0.710 | -0.050,-0.046,0.005
q_GtoI = 0.833,-0.042,0.547,0.073 | p_IinG = 6.383,-0.875,1.425 | dist = 36.79 (meters)
bg = -0.0059,0.0251,0.0772 | ba = 0.0456,-0.0183,0.2493
camera-imu timeoffset = 0.00002
cam0 intrinsics = 466.576,464.517,364.921,250.089 | -0.280,0.072,0.001,-0.000
cam1 intrinsics = 465.344,463.302,377.696,256.693 | -0.279,0.071,0.001,-0.000
cam0 extrinsics = -0.008,0.007,0.703,0.711 | 0.068,-0.048,0.003
cam1 extrinsics = -0.002,0.011,0.704,0.710 | -0.050,-0.046,0.005
q_GtoI = 0.832,-0.045,0.548,0.070 | p_IinG = 6.399,-0.886,1.411 | dist = 36.82 (meters)
bg = -0.0057,0.0250,0.0770 | ba = 0.0495,-0.0162,0.2517
camera-imu timeoffset = 0.00002
cam0 intrinsics = 466.577,464.519,364.918,250.092 | -0.280,0.072,0.001,-0.000
cam1 intrinsics = 465.344,463.303,377.690,256.696 | -0.279,0.071,0.001,-0.000
cam0 extrinsics = -0.008,0.007,0.703,0.711 | 0.068,-0.048,0.003
cam1 extrinsics = -0.002,0.011,0.704,0.710 | -0.050,-0.046,0.005
q_GtoI = 0.832,-0.050,0.549,0.064 | p_IinG = 6.419,-0.899,1.399 | dist = 36.84 (meters)
bg = -0.0055,0.0249,0.0771 | ba = 0.0508,-0.0146,0.2524
camera-imu timeoffset = 0.00002
cam0 intrinsics = 466.576,464.519,364.914,250.099 | -0.280,0.072,0.001,-0.000
cam1 intrinsics = 465.342,463.302,377.690,256.700 | -0.279,0.071,0.001,-0.000
cam0 extrinsics = -0.008,0.007,0.703,0.711 | 0.068,-0.048,0.003
cam1 extrinsics = -0.002,0.011,0.704,0.710 | -0.050,-0.046,0.005
q_GtoI = 0.832,-0.056,0.549,0.057 | p_IinG = 6.438,-0.911,1.385 | dist = 36.87 (meters)
bg = -0.0053,0.0248,0.0770 | ba = 0.0522,-0.0136,0.2533
camera-imu timeoffset = 0.00002
cam0 intrinsics = 466.572,464.520,364.913,250.105 | -0.280,0.072,0.001,-0.000
cam1 intrinsics = 465.338,463.304,377.686,256.705 | -0.279,0.071,0.001,-0.000
cam0 extrinsics = -0.008,0.007,0.703,0.711 | 0.068,-0.048,0.003
cam1 extrinsics = -0.002,0.011,0.704,0.710 | -0.050,-0.046,0.005
q_GtoI = 0.831,-0.060,0.550,0.053 | p_IinG = 6.457,-0.922,1.369 | dist = 36.90 (meters)
bg = -0.0051,0.0248,0.0769 | ba = 0.0547,-0.0120,0.2542
camera-imu timeoffset = 0.00002
cam0 intrinsics = 466.567,464.526,364.913,250.109 | -0.280,0.072,0.001,-0.000
cam1 intrinsics = 465.333,463.309,377.681,256.710 | -0.279,0.071,0.001,-0.000
cam0 extrinsics = -0.008,0.007,0.703,0.711 | 0.067,-0.048,0.003
cam1 extrinsics = -0.002,0.011,0.704,0.710 | -0.050,-0.046,0.005
q_GtoI = 0.831,-0.065,0.550,0.048 | p_IinG = 6.476,-0.932,1.351 | dist = 36.93 (meters)
bg = -0.0049,0.0247,0.0768 | ba = 0.0584,-0.0101,0.2552
camera-imu timeoffset = 0.00002
cam0 intrinsics = 466.556,464.538,364.914,250.121 | -0.280,0.072,0.001,-0.000
cam1 intrinsics = 465.322,463.321,377.680,256.719 | -0.279,0.071,0.001,-0.000
cam0 extrinsics = -0.007,0.007,0.703,0.711 | 0.067,-0.048,0.003
cam1 extrinsics = -0.002,0.011,0.704,0.710 | -0.051,-0.046,0.005
q_GtoI = 0.830,-0.070,0.552,0.044 | p_IinG = 6.498,-0.944,1.335 | dist = 36.96 (meters)
bg = -0.0048,0.0247,0.0769 | ba = 0.0589,-0.0091,0.2561
camera-imu timeoffset = 0.00002
cam0 intrinsics = 466.553,464.539,364.914,250.130 | -0.280,0.072,0.001,-0.000
cam1 intrinsics = 465.320,463.321,377.676,256.727 | -0.279,0.071,0.001,-0.000
cam0 extrinsics = -0.007,0.007,0.703,0.711 | 0.067,-0.048,0.003
cam1 extrinsics = -0.002,0.011,0.704,0.710 | -0.051,-0.046,0.005
q_GtoI = 0.828,-0.074,0.555,0.041 | p_IinG = 6.519,-0.956,1.318 | dist = 36.99 (meters)
bg = -0.0046,0.0247,0.0769 | ba = 0.0599,-0.0082,0.2574
camera-imu timeoffset = 0.00002
cam0 intrinsics = 466.552,464.537,364.913,250.139 | -0.280,0.072,0.001,-0.000
cam1 intrinsics = 465.318,463.320,377.673,256.736 | -0.279,0.071,0.001,-0.000
cam0 extrinsics = -0.007,0.007,0.703,0.711 | 0.067,-0.048,0.003
cam1 extrinsics = -0.002,0.012,0.704,0.710 | -0.051,-0.046,0.005
q_GtoI = 0.824,-0.078,0.560,0.038 | p_IinG = 6.539,-0.968,1.300 | dist = 37.02 (meters)
bg = -0.0044,0.0247,0.0769 | ba = 0.0627,-0.0076,0.2600
camera-imu timeoffset = 0.00001
cam0 intrinsics = 466.542,464.537,364.909,250.148 | -0.280,0.072,0.001,-0.000
cam1 intrinsics = 465.309,463.320,377.671,256.754 | -0.279,0.071,0.001,-0.000
cam0 extrinsics = -0.007,0.007,0.703,0.711 | 0.067,-0.048,0.003
cam1 extrinsics = -0.002,0.012,0.704,0.710 | -0.051,-0.046,0.005
q_GtoI = 0.821,-0.081,0.565,0.037 | p_IinG = 6.560,-0.981,1.284 | dist = 37.05 (meters)
bg = -0.0042,0.0248,0.0770 | ba = 0.0632,-0.0068,0.2615
camera-imu timeoffset = 0.00001
cam0 intrinsics = 466.545,464.526,364.905,250.157 | -0.280,0.072,0.001,-0.000
cam1 intrinsics = 465.312,463.308,377.663,256.764 | -0.279,0.071,0.001,-0.000
cam0 extrinsics = -0.007,0.007,0.703,0.711 | 0.067,-0.048,0.003
cam1 extrinsics = -0.002,0.012,0.704,0.710 | -0.051,-0.046,0.005
q_GtoI = 0.818,-0.083,0.569,0.036 | p_IinG = 6.581,-0.995,1.270 | dist = 37.08 (meters)
bg = -0.0041,0.0248,0.0770 | ba = 0.0635,-0.0064,0.2630
camera-imu timeoffset = 0.00001
cam0 intrinsics = 466.551,464.518,364.900,250.167 | -0.280,0.072,0.001,-0.000
cam1 intrinsics = 465.317,463.299,377.654,256.773 | -0.279,0.071,0.001,-0.000
cam0 extrinsics = -0.007,0.007,0.703,0.711 | 0.067,-0.048,0.003
cam1 extrinsics = -0.002,0.012,0.704,0.710 | -0.051,-0.046,0.005
q_GtoI = 0.815,-0.084,0.572,0.037 | p_IinG = 6.600,-1.010,1.257 | dist = 37.11 (meters)
bg = -0.0040,0.0249,0.0770 | ba = 0.0639,-0.0061,0.2645
camera-imu timeoffset = 0.00002
cam0 intrinsics = 466.559,464.511,364.892,250.180 | -0.280,0.072,0.001,-0.000
cam1 intrinsics = 465.325,463.292,377.642,256.785 | -0.279,0.071,0.001,-0.000
cam0 extrinsics = -0.007,0.007,0.703,0.711 | 0.067,-0.048,0.003
cam1 extrinsics = -0.002,0.012,0.704,0.710 | -0.051,-0.046,0.005
q_GtoI = 0.813,-0.084,0.575,0.041 | p_IinG = 6.619,-1.026,1.247 | dist = 37.14 (meters)
bg = -0.0039,0.0249,0.0770 | ba = 0.0641,-0.0061,0.2663
camera-imu timeoffset = 0.00002
cam0 intrinsics = 466.571,464.507,364.880,250.197 | -0.280,0.072,0.001,-0.000
cam1 intrinsics = 465.336,463.286,377.624,256.803 | -0.279,0.071,0.001,-0.000
cam0 extrinsics = -0.007,0.007,0.703,0.711 | 0.067,-0.048,0.003
cam1 extrinsics = -0.002,0.011,0.704,0.710 | -0.051,-0.046,0.005
q_GtoI = 0.812,-0.085,0.576,0.046 | p_IinG = 6.636,-1.043,1.237 | dist = 37.16 (meters)
bg = -0.0039,0.0249,0.0771 | ba = 0.0646,-0.0069,0.2685
camera-imu timeoffset = 0.00002
cam0 intrinsics = 466.591,464.508,364.854,250.228 | -0.280,0.072,0.001,-0.000
cam1 intrinsics = 465.355,463.286,377.591,256.833 | -0.279,0.071,0.001,-0.000
cam0 extrinsics = -0.007,0.007,0.703,0.711 | 0.067,-0.048,0.003
cam1 extrinsics = -0.002,0.011,0.704,0.710 | -0.051,-0.046,0.005
q_GtoI = 0.811,-0.087,0.577,0.050 | p_IinG = 6.652,-1.061,1.230 | dist = 37.19 (meters)
bg = -0.0039,0.0248,0.0770 | ba = 0.0650,-0.0078,0.2702
camera-imu timeoffset = 0.00002
cam0 intrinsics = 466.605,464.514,364.830,250.250 | -0.280,0.072,0.001,-0.000
cam1 intrinsics = 465.368,463.291,377.571,256.852 | -0.279,0.071,0.001,-0.000
cam0 extrinsics = -0.007,0.007,0.703,0.711 | 0.067,-0.048,0.003
cam1 extrinsics = -0.002,0.011,0.704,0.710 | -0.051,-0.046,0.005
q_GtoI = 0.809,-0.092,0.578,0.054 | p_IinG = 6.665,-1.080,1.224 | dist = 37.22 (meters)
bg = -0.0039,0.0247,0.0770 | ba = 0.0650,-0.0092,0.2720
camera-imu timeoffset = 0.00002
cam0 intrinsics = 466.628,464.526,364.801,250.284 | -0.280,0.072,0.001,-0.000
cam1 intrinsics = 465.388,463.301,377.533,256.888 | -0.279,0.071,0.001,-0.000
cam0 extrinsics = -0.007,0.007,0.703,0.711 | 0.066,-0.048,0.003
cam1 extrinsics = -0.002,0.011,0.704,0.710 | -0.051,-0.046,0.005
q_GtoI = 0.807,-0.099,0.579,0.059 | p_IinG = 6.676,-1.099,1.219 | dist = 37.24 (meters)
bg = -0.0039,0.0246,0.0770 | ba = 0.0656,-0.0101,0.2737
camera-imu timeoffset = 0.00002
cam0 intrinsics = 466.642,464.533,364.789,250.289 | -0.280,0.072,0.001,-0.000
cam1 intrinsics = 465.401,463.307,377.517,256.893 | -0.279,0.071,0.001,-0.000
cam0 extrinsics = -0.007,0.007,0.703,0.711 | 0.066,-0.048,0.003
cam1 extrinsics = -0.002,0.011,0.704,0.710 | -0.051,-0.046,0.005
q_GtoI = 0.805,-0.106,0.580,0.064 | p_IinG = 6.685,-1.122,1.218 | dist = 37.26 (meters)
bg = -0.0039,0.0244,0.0771 | ba = 0.0651,-0.0122,0.2758
camera-imu timeoffset = 0.00002
cam0 intrinsics = 466.663,464.552,364.777,250.306 | -0.280,0.072,0.001,-0.000
cam1 intrinsics = 465.425,463.327,377.501,256.907 | -0.279,0.071,0.001,-0.000
cam0 extrinsics = -0.007,0.006,0.703,0.711 | 0.066,-0.048,0.003
cam1 extrinsics = -0.002,0.011,0.704,0.710 | -0.052,-0.046,0.005
q_GtoI = 0.803,-0.115,0.581,0.069 | p_IinG = 6.694,-1.142,1.218 | dist = 37.28 (meters)
bg = -0.0040,0.0242,0.0770 | ba = 0.0660,-0.0130,0.2769
camera-imu timeoffset = 0.00002
cam0 intrinsics = 466.671,464.572,364.777,250.301 | -0.280,0.072,0.001,-0.000
cam1 intrinsics = 465.432,463.346,377.498,256.901 | -0.279,0.071,0.001,-0.000
cam0 extrinsics = -0.007,0.006,0.703,0.711 | 0.066,-0.048,0.003
cam1 extrinsics = -0.002,0.011,0.704,0.710 | -0.052,-0.046,0.005
q_GtoI = 0.801,-0.124,0.581,0.076 | p_IinG = 6.701,-1.162,1.219 | dist = 37.31 (meters)
bg = -0.0040,0.0240,0.0771 | ba = 0.0662,-0.0138,0.2784
camera-imu timeoffset = 0.00002
cam0 intrinsics = 466.679,464.589,364.776,250.298 | -0.280,0.072,0.001,-0.000
cam1 intrinsics = 465.440,463.364,377.497,256.899 | -0.279,0.071,0.001,-0.000
cam0 extrinsics = -0.007,0.006,0.703,0.711 | 0.065,-0.048,0.003
cam1 extrinsics = -0.002,0.011,0.704,0.710 | -0.052,-0.046,0.005
q_GtoI = 0.800,-0.135,0.579,0.081 | p_IinG = 6.703,-1.183,1.221 | dist = 37.33 (meters)
bg = -0.0041,0.0238,0.0774 | ba = 0.0658,-0.0153,0.2809
camera-imu timeoffset = 0.00001
cam0 intrinsics = 466.692,464.605,364.763,250.311 | -0.280,0.072,0.001,-0.000
cam1 intrinsics = 465.453,463.382,377.487,256.920 | -0.279,0.071,0.001,-0.000
cam0 extrinsics = -0.007,0.006,0.703,0.711 | 0.065,-0.048,0.003
cam1 extrinsics = -0.002,0.011,0.704,0.710 | -0.053,-0.046,0.004
q_GtoI = 0.800,-0.146,0.576,0.088 | p_IinG = 6.705,-1.203,1.221 | dist = 37.35 (meters)
bg = -0.0042,0.0236,0.0775 | ba = 0.0649,-0.0165,0.2825
camera-imu timeoffset = 0.00001
cam0 intrinsics = 466.689,464.615,364.762,250.312 | -0.280,0.072,0.001,-0.000
cam1 intrinsics = 465.450,463.393,377.487,256.923 | -0.279,0.071,0.001,-0.000
cam0 extrinsics = -0.007,0.006,0.703,0.711 | 0.065,-0.048,0.003
cam1 extrinsics = -0.002,0.011,0.704,0.710 | -0.053,-0.047,0.004
q_GtoI = 0.800,-0.158,0.572,0.093 | p_IinG = 6.706,-1.223,1.219 | dist = 37.37 (meters)
bg = -0.0043,0.0233,0.0775 | ba = 0.0634,-0.0178,0.2833
camera-imu timeoffset = 0.00001
cam0 intrinsics = 466.686,464.621,364.763,250.310 | -0.280,0.072,0.001,-0.000
cam1 intrinsics = 465.447,463.398,377.486,256.924 | -0.279,0.071,0.001,-0.000
cam0 extrinsics = -0.007,0.006,0.703,0.711 | 0.065,-0.048,0.003
cam1 extrinsics = -0.002,0.011,0.704,0.710 | -0.053,-0.047,0.004
q_GtoI = 0.800,-0.170,0.567,0.099 | p_IinG = 6.706,-1.245,1.216 | dist = 37.39 (meters)
bg = -0.0043,0.0231,0.0774 | ba = 0.0615,-0.0198,0.2833
camera-imu timeoffset = 0.00001
cam0 intrinsics = 466.684,464.626,364.769,250.301 | -0.280,0.072,0.001,-0.000
cam1 intrinsics = 465.445,463.404,377.493,256.918 | -0.279,0.071,0.001,-0.000
cam0 extrinsics = -0.007,0.006,0.703,0.711 | 0.065,-0.048,0.003
cam1 extrinsics = -0.002,0.011,0.704,0.710 | -0.053,-0.047,0.004
q_GtoI = 0.799,-0.181,0.563,0.104 | p_IinG = 6.706,-1.268,1.214 | dist = 37.41 (meters)
bg = -0.0044,0.0231,0.0774 | ba = 0.0603,-0.0203,0.2833
camera-imu timeoffset = 0.00001
cam0 intrinsics = 466.670,464.628,364.776,250.296 | -0.280,0.072,0.001,-0.000
cam1 intrinsics = 465.432,463.405,377.500,256.917 | -0.279,0.071,0.001,-0.000
cam0 extrinsics = -0.007,0.006,0.703,0.711 | 0.064,-0.048,0.003
cam1 extrinsics = -0.002,0.011,0.704,0.710 | -0.053,-0.047,0.004
q_GtoI = 0.798,-0.193,0.560,0.110 | p_IinG = 6.705,-1.293,1.210 | dist = 37.43 (meters)
bg = -0.0045,0.0230,0.0774 | ba = 0.0590,-0.0211,0.2831
camera-imu timeoffset = 0.00001
cam0 intrinsics = 466.654,464.628,364.785,250.292 | -0.280,0.072,0.001,-0.000
cam1 intrinsics = 465.416,463.405,377.510,256.916 | -0.279,0.071,0.001,-0.000
cam0 extrinsics = -0.007,0.006,0.704,0.711 | 0.064,-0.048,0.003
cam1 extrinsics = -0.002,0.011,0.704,0.710 | -0.053,-0.047,0.004
q_GtoI = 0.796,-0.203,0.559,0.116 | p_IinG = 6.702,-1.318,1.206 | dist = 37.46 (meters)
bg = -0.0045,0.0230,0.0775 | ba = 0.0579,-0.0214,0.2835
camera-imu timeoffset = 0.00001
cam0 intrinsics = 466.635,464.628,364.792,250.297 | -0.280,0.072,0.001,-0.000
cam1 intrinsics = 465.398,463.405,377.516,256.924 | -0.279,0.071,0.001,-0.000
cam0 extrinsics = -0.007,0.006,0.704,0.711 | 0.064,-0.048,0.002
cam1 extrinsics = -0.002,0.011,0.704,0.710 | -0.053,-0.047,0.004
q_GtoI = 0.794,-0.213,0.556,0.122 | p_IinG = 6.698,-1.344,1.201 | dist = 37.48 (meters)
bg = -0.0046,0.0230,0.0774 | ba = 0.0562,-0.0229,0.2835
camera-imu timeoffset = 0.00001
cam0 intrinsics = 466.632,464.628,364.787,250.318 | -0.280,0.072,0.001,-0.000
cam1 intrinsics = 465.395,463.404,377.510,256.946 | -0.279,0.071,0.001,-0.000
cam0 extrinsics = -0.007,0.006,0.704,0.711 | 0.064,-0.048,0.002
cam1 extrinsics = -0.002,0.011,0.704,0.710 | -0.053,-0.047,0.004
q_GtoI = 0.793,-0.222,0.552,0.129 | p_IinG = 6.694,-1.372,1.195 | dist = 37.50 (meters)
bg = -0.0047,0.0229,0.0775 | ba = 0.0537,-0.0249,0.2831
camera-imu timeoffset = 0.00001
cam0 intrinsics = 466.630,464.631,364.780,250.338 | -0.280,0.072,0.001,-0.000
cam1 intrinsics = 465.392,463.406,377.505,256.966 | -0.279,0.071,0.001,-0.000
cam0 extrinsics = -0.007,0.006,0.704,0.711 | 0.065,-0.048,0.002
cam1 extrinsics = -0.002,0.011,0.704,0.710 | -0.053,-0.047,0.004
q_GtoI = 0.793,-0.229,0.548,0.134 | p_IinG = 6.687,-1.402,1.187 | dist = 37.53 (meters)
bg = -0.0049,0.0229,0.0774 | ba = 0.0516,-0.0270,0.2826
camera-imu timeoffset = 0.00000
cam0 intrinsics = 466.644,464.625,364.762,250.376 | -0.280,0.072,0.001,-0.000
cam1 intrinsics = 465.406,463.400,377.484,257.005 | -0.279,0.071,0.001,-0.000
cam0 extrinsics = -0.007,0.006,0.704,0.711 | 0.065,-0.048,0.002
cam1 extrinsics = -0.002,0.011,0.704,0.710 | -0.053,-0.047,0.004
q_GtoI = 0.793,-0.235,0.544,0.139 | p_IinG = 6.682,-1.431,1.179 | dist = 37.56 (meters)
bg = -0.0049,0.0229,0.0773 | ba = 0.0495,-0.0294,0.2812
camera-imu timeoffset = -0.00000
cam0 intrinsics = 466.655,464.639,364.744,250.402 | -0.280,0.072,0.001,-0.000
cam1 intrinsics = 465.418,463.413,377.466,257.031 | -0.279,0.071,0.001,-0.000
cam0 extrinsics = -0.007,0.006,0.704,0.711 | 0.065,-0.048,0.003
cam1 extrinsics = -0.002,0.011,0.704,0.710 | -0.053,-0.047,0.004
q_GtoI = 0.795,-0.241,0.539,0.142 | p_IinG = 6.678,-1.461,1.170 | dist = 37.58 (meters)
bg = -0.0048,0.0230,0.0772 | ba = 0.0472,-0.0318,0.2793
camera-imu timeoffset = -0.00000
cam0 intrinsics = 466.674,464.658,364.721,250.435 | -0.280,0.072,0.001,-0.000
cam1 intrinsics = 465.436,463.432,377.444,257.064 | -0.279,0.071,0.001,-0.000
cam0 extrinsics = -0.007,0.006,0.704,0.711 | 0.065,-0.049,0.003
cam1 extrinsics = -0.002,0.011,0.704,0.710 | -0.053,-0.047,0.005
q_GtoI = 0.796,-0.245,0.534,0.146 | p_IinG = 6.667,-1.500,1.157 | dist = 37.61 (meters)
bg = -0.0050,0.0230,0.0771 | ba = 0.0456,-0.0362,0.2743
camera-imu timeoffset = -0.00001
cam0 intrinsics = 466.678,464.668,364.764,250.452 | -0.280,0.072,0.001,-0.000
cam1 intrinsics = 465.437,463.441,377.486,257.088 | -0.279,0.071,0.001,-0.000
cam0 extrinsics = -0.007,0.006,0.704,0.711 | 0.065,-0.048,0.003
cam1 extrinsics = -0.002,0.011,0.704,0.710 | -0.053,-0.047,0.005
q_GtoI = 0.798,-0.247,0.530,0.150 | p_IinG = 6.661,-1.532,1.145 | dist = 37.64 (meters)
bg = -0.0050,0.0229,0.0771 | ba = 0.0439,-0.0376,0.2715
camera-imu timeoffset = -0.00001
cam0 intrinsics = 466.668,464.672,364.767,250.447 | -0.280,0.072,0.001,-0.000
cam1 intrinsics = 465.427,463.445,377.488,257.084 | -0.279,0.071,0.001,-0.000
cam0 extrinsics = -0.007,0.006,0.704,0.711 | 0.064,-0.048,0.003
cam1 extrinsics = -0.002,0.011,0.704,0.710 | -0.053,-0.047,0.005
q_GtoI = 0.799,-0.250,0.526,0.154 | p_IinG = 6.655,-1.564,1.132 | dist = 37.67 (meters)
bg = -0.0049,0.0230,0.0770 | ba = 0.0431,-0.0390,0.2689
camera-imu timeoffset = -0.00000
cam0 intrinsics = 466.658,464.678,364.766,250.446 | -0.280,0.072,0.001,-0.000
cam1 intrinsics = 465.416,463.449,377.486,257.083 | -0.279,0.071,0.001,-0.000
cam0 extrinsics = -0.007,0.006,0.704,0.711 | 0.064,-0.048,0.003
cam1 extrinsics = -0.002,0.011,0.704,0.710 | -0.053,-0.047,0.005
q_GtoI = 0.799,-0.253,0.522,0.159 | p_IinG = 6.650,-1.595,1.120 | dist = 37.71 (meters)
bg = -0.0048,0.0230,0.0772 | ba = 0.0421,-0.0406,0.2674
camera-imu timeoffset = -0.00000
cam0 intrinsics = 466.658,464.690,364.762,250.440 | -0.280,0.072,0.001,-0.000
cam1 intrinsics = 465.416,463.461,377.481,257.078 | -0.279,0.071,0.001,-0.000
cam0 extrinsics = -0.007,0.006,0.704,0.711 | 0.064,-0.049,0.003
cam1 extrinsics = -0.002,0.011,0.704,0.710 | -0.053,-0.047,0.005
q_GtoI = 0.800,-0.255,0.518,0.164 | p_IinG = 6.648,-1.629,1.108 | dist = 37.74 (meters)
bg = -0.0046,0.0233,0.0771 | ba = 0.0387,-0.0414,0.2654
camera-imu timeoffset = -0.00000
cam0 intrinsics = 466.656,464.702,364.762,250.426 | -0.280,0.072,0.001,-0.000
cam1 intrinsics = 465.413,463.470,377.482,257.068 | -0.279,0.071,0.001,-0.000
cam0 extrinsics = -0.007,0.006,0.704,0.711 | 0.064,-0.049,0.004
cam1 extrinsics = -0.002,0.011,0.704,0.710 | -0.054,-0.047,0.005
q_GtoI = 0.801,-0.259,0.514,0.169 | p_IinG = 6.646,-1.664,1.093 | dist = 37.78 (meters)
bg = -0.0046,0.0235,0.0770 | ba = 0.0381,-0.0430,0.2626
camera-imu timeoffset = -0.00000
cam0 intrinsics = 466.663,464.715,364.759,250.416 | -0.280,0.072,0.001,-0.000
cam1 intrinsics = 465.419,463.482,377.480,257.061 | -0.279,0.071,0.001,-0.000
cam0 extrinsics = -0.007,0.006,0.704,0.711 | 0.063,-0.049,0.004
cam1 extrinsics = -0.002,0.011,0.704,0.710 | -0.054,-0.047,0.005
q_GtoI = 0.800,-0.263,0.511,0.174 | p_IinG = 6.645,-1.701,1.079 | dist = 37.81 (meters)
bg = -0.0047,0.0237,0.0772 | ba = 0.0343,-0.0456,0.2599
camera-imu timeoffset = 0.00000
cam0 intrinsics = 466.670,464.735,364.755,250.397 | -0.280,0.072,0.001,-0.000
cam1 intrinsics = 465.428,463.501,377.481,257.041 | -0.279,0.071,0.001,-0.000
cam0 extrinsics = -0.007,0.006,0.704,0.711 | 0.063,-0.049,0.004
cam1 extrinsics = -0.002,0.011,0.704,0.710 | -0.054,-0.047,0.006
q_GtoI = 0.797,-0.268,0.510,0.180 | p_IinG = 6.646,-1.737,1.064 | dist = 37.85 (meters)
bg = -0.0046,0.0238,0.0773 | ba = 0.0341,-0.0453,0.2576
camera-imu timeoffset = -0.00001
cam0 intrinsics = 466.674,464.742,364.756,250.387 | -0.280,0.072,0.001,-0.000
cam1 intrinsics = 465.431,463.508,377.481,257.033 | -0.279,0.071,0.001,-0.000
cam0 extrinsics = -0.007,0.006,0.704,0.711 | 0.063,-0.049,0.004
cam1 extrinsics = -0.002,0.011,0.704,0.710 | -0.055,-0.047,0.006
q_GtoI = 0.792,-0.275,0.513,0.184 | p_IinG = 6.648,-1.773,1.051 | dist = 37.89 (meters)
bg = -0.0044,0.0240,0.0774 | ba = 0.0341,-0.0463,0.2565
camera-imu timeoffset = -0.00001
cam0 intrinsics = 466.674,464.739,364.759,250.379 | -0.280,0.072,0.001,-0.000
cam1 intrinsics = 465.431,463.503,377.484,257.032 | -0.279,0.071,0.001,-0.000
cam0 extrinsics = -0.007,0.006,0.703,0.711 | 0.063,-0.049,0.004
cam1 extrinsics = -0.002,0.011,0.704,0.710 | -0.055,-0.047,0.006
q_GtoI = 0.785,-0.283,0.517,0.190 | p_IinG = 6.651,-1.811,1.036 | dist = 37.93 (meters)
bg = -0.0042,0.0242,0.0775 | ba = 0.0340,-0.0461,0.2551
camera-imu timeoffset = -0.00001
cam0 intrinsics = 466.680,464.733,364.766,250.365 | -0.280,0.072,0.001,-0.000
cam1 intrinsics = 465.436,463.495,377.486,257.021 | -0.279,0.071,0.001,-0.000
cam0 extrinsics = -0.007,0.006,0.703,0.711 | 0.062,-0.049,0.004
cam1 extrinsics = -0.002,0.011,0.704,0.710 | -0.055,-0.048,0.006
q_GtoI = 0.779,-0.292,0.520,0.195 | p_IinG = 6.653,-1.849,1.022 | dist = 37.97 (meters)
bg = -0.0042,0.0244,0.0776 | ba = 0.0340,-0.0478,0.2541
camera-imu timeoffset = -0.00001
cam0 intrinsics = 466.691,464.735,364.766,250.363 | -0.280,0.072,0.001,-0.000
cam1 intrinsics = 465.446,463.495,377.482,257.022 | -0.279,0.071,0.001,-0.000
cam0 extrinsics = -0.007,0.006,0.703,0.711 | 0.062,-0.049,0.004
cam1 extrinsics = -0.002,0.011,0.704,0.710 | -0.055,-0.048,0.006
q_GtoI = 0.773,-0.300,0.521,0.202 | p_IinG = 6.654,-1.890,1.007 | dist = 38.01 (meters)
bg = -0.0043,0.0245,0.0777 | ba = 0.0334,-0.0512,0.2533
camera-imu timeoffset = -0.00000
cam0 intrinsics = 466.722,464.758,364.735,250.400 | -0.280,0.072,0.001,-0.000
cam1 intrinsics = 465.476,463.518,377.448,257.057 | -0.279,0.071,0.001,-0.000
cam0 extrinsics = -0.007,0.006,0.703,0.711 | 0.062,-0.049,0.004
cam1 extrinsics = -0.002,0.011,0.704,0.710 | -0.055,-0.048,0.006
q_GtoI = 0.768,-0.309,0.522,0.207 | p_IinG = 6.653,-1.932,0.989 | dist = 38.05 (meters)
bg = -0.0044,0.0244,0.0777 | ba = 0.0343,-0.0541,0.2517
camera-imu timeoffset = -0.00001
cam0 intrinsics = 466.761,464.792,364.709,250.377 | -0.280,0.072,0.001,-0.000
cam1 intrinsics = 465.515,463.551,377.417,257.033 | -0.279,0.071,0.001,-0.000
cam0 extrinsics = -0.007,0.006,0.703,0.711 | 0.062,-0.049,0.004
cam1 extrinsics = -0.002,0.011,0.704,0.710 | -0.055,-0.047,0.006
q_GtoI = 0.762,-0.318,0.522,0.215 | p_IinG = 6.653,-1.973,0.972 | dist = 38.09 (meters)
bg = -0.0043,0.0244,0.0777 | ba = 0.0356,-0.0556,0.2496
camera-imu timeoffset = -0.00000
cam0 intrinsics = 466.772,464.806,364.710,250.382 | -0.280,0.072,0.001,-0.000
cam1 intrinsics = 465.526,463.566,377.418,257.037 | -0.279,0.071,0.001,-0.000
cam0 extrinsics = -0.007,0.006,0.703,0.711 | 0.062,-0.049,0.005
cam1 extrinsics = -0.002,0.011,0.704,0.710 | -0.055,-0.047,0.006
q_GtoI = 0.757,-0.327,0.520,0.222 | p_IinG = 6.650,-2.014,0.955 | dist = 38.13 (meters)
bg = -0.0044,0.0243,0.0776 | ba = 0.0363,-0.0543,0.2464
camera-imu timeoffset = -0.00000
cam0 intrinsics = 466.780,464.813,364.674,250.362 | -0.280,0.072,0.001,-0.000
cam1 intrinsics = 465.539,463.574,377.385,257.019 | -0.279,0.071,0.001,-0.000
cam0 extrinsics = -0.007,0.006,0.703,0.711 | 0.062,-0.049,0.005
cam1 extrinsics = -0.002,0.011,0.704,0.710 | -0.055,-0.048,0.006
q_GtoI = 0.753,-0.336,0.518,0.228 | p_IinG = 6.648,-2.054,0.941 | dist = 38.17 (meters)
bg = -0.0043,0.0242,0.0776 | ba = 0.0376,-0.0544,0.2452
camera-imu timeoffset = 0.00000
cam0 intrinsics = 466.792,464.838,364.650,250.332 | -0.280,0.072,0.001,-0.000
cam1 intrinsics = 465.551,463.599,377.358,256.989 | -0.279,0.071,0.001,-0.000
cam0 extrinsics = -0.007,0.006,0.703,0.711 | 0.062,-0.049,0.005
cam1 extrinsics = -0.002,0.011,0.704,0.710 | -0.055,-0.048,0.006
q_GtoI = 0.748,-0.345,0.516,0.236 | p_IinG = 6.648,-2.096,0.929 | dist = 38.21 (meters)
bg = -0.0043,0.0243,0.0776 | ba = 0.0356,-0.0535,0.2411
camera-imu timeoffset = 0.00000
cam0 intrinsics = 466.791,464.849,364.658,250.327 | -0.280,0.072,0.001,-0.000
cam1 intrinsics = 465.550,463.609,377.360,256.982 | -0.279,0.071,0.001,-0.000
cam0 extrinsics = -0.007,0.006,0.703,0.711 | 0.063,-0.049,0.005
cam1 extrinsics = -0.002,0.011,0.704,0.710 | -0.055,-0.048,0.006
q_GtoI = 0.744,-0.354,0.512,0.241 | p_IinG = 6.648,-2.140,0.919 | dist = 38.25 (meters)
bg = -0.0042,0.0243,0.0775 | ba = 0.0333,-0.0530,0.2365
camera-imu timeoffset = -0.00002
cam0 intrinsics = 466.796,464.862,364.666,250.326 | -0.280,0.072,0.001,-0.000
cam1 intrinsics = 465.557,463.622,377.362,256.980 | -0.279,0.071,0.001,-0.000
cam0 extrinsics = -0.007,0.006,0.703,0.711 | 0.063,-0.049,0.005
cam1 extrinsics = -0.002,0.011,0.704,0.710 | -0.054,-0.047,0.006
q_GtoI = 0.742,-0.363,0.508,0.246 | p_IinG = 6.646,-2.185,0.909 | dist = 38.29 (meters)
bg = -0.0041,0.0242,0.0773 | ba = 0.0314,-0.0538,0.2322
camera-imu timeoffset = -0.00002
cam0 intrinsics = 466.795,464.866,364.677,250.325 | -0.280,0.072,0.001,-0.000
cam1 intrinsics = 465.557,463.627,377.367,256.975 | -0.279,0.071,0.001,-0.000
cam0 extrinsics = -0.007,0.006,0.703,0.711 | 0.063,-0.049,0.005
cam1 extrinsics = -0.002,0.011,0.704,0.710 | -0.054,-0.047,0.006
q_GtoI = 0.741,-0.371,0.502,0.249 | p_IinG = 6.644,-2.228,0.902 | dist = 38.33 (meters)
bg = -0.0040,0.0242,0.0772 | ba = 0.0289,-0.0545,0.2286
camera-imu timeoffset = -0.00003
cam0 intrinsics = 466.800,464.875,364.682,250.323 | -0.280,0.072,0.001,-0.000
cam1 intrinsics = 465.564,463.637,377.367,256.972 | -0.279,0.071,0.001,-0.000
cam0 extrinsics = -0.007,0.007,0.703,0.711 | 0.063,-0.048,0.005
cam1 extrinsics = -0.002,0.011,0.704,0.710 | -0.054,-0.047,0.007
q_GtoI = 0.740,-0.378,0.497,0.250 | p_IinG = 6.641,-2.274,0.894 | dist = 38.37 (meters)
bg = -0.0040,0.0241,0.0771 | ba = 0.0269,-0.0550,0.2251
camera-imu timeoffset = -0.00003
cam0 intrinsics = 466.809,464.881,364.682,250.325 | -0.280,0.072,0.001,-0.000
cam1 intrinsics = 465.575,463.645,377.363,256.967 | -0.279,0.071,0.001,-0.000
cam0 extrinsics = -0.007,0.007,0.703,0.711 | 0.063,-0.048,0.005
cam1 extrinsics = -0.002,0.011,0.704,0.710 | -0.054,-0.046,0.007
q_GtoI = 0.738,-0.384,0.494,0.252 | p_IinG = 6.638,-2.319,0.889 | dist = 38.41 (meters)
bg = -0.0040,0.0240,0.0771 | ba = 0.0253,-0.0566,0.2226
camera-imu timeoffset = -0.00002
cam0 intrinsics = 466.819,464.889,364.676,250.331 | -0.280,0.072,0.001,-0.000
cam1 intrinsics = 465.587,463.655,377.353,256.969 | -0.279,0.071,0.001,-0.000
cam0 extrinsics = -0.007,0.007,0.703,0.711 | 0.063,-0.048,0.006
cam1 extrinsics = -0.002,0.011,0.704,0.710 | -0.054,-0.046,0.007
q_GtoI = 0.736,-0.389,0.492,0.253 | p_IinG = 6.635,-2.365,0.885 | dist = 38.45 (meters)
bg = -0.0041,0.0239,0.0770 | ba = 0.0244,-0.0593,0.2207
camera-imu timeoffset = -0.00002
cam0 intrinsics = 466.823,464.896,364.677,250.331 | -0.280,0.072,0.001,-0.000
cam1 intrinsics = 465.592,463.661,377.345,256.967 | -0.279,0.071,0.001,-0.000
cam0 extrinsics = -0.007,0.007,0.703,0.711 | 0.063,-0.048,0.006
cam1 extrinsics = -0.002,0.011,0.704,0.710 | -0.053,-0.046,0.008
q_GtoI = 0.735,-0.391,0.491,0.256 | p_IinG = 6.630,-2.414,0.885 | dist = 38.49 (meters)
bg = -0.0044,0.0241,0.0768 | ba = 0.0194,-0.0621,0.2197
camera-imu timeoffset = -0.00002
cam0 intrinsics = 466.837,464.912,364.663,250.323 | -0.280,0.072,0.001,-0.000
cam1 intrinsics = 465.607,463.677,377.336,256.961 | -0.279,0.071,0.001,-0.000
cam0 extrinsics = -0.007,0.007,0.703,0.711 | 0.063,-0.048,0.006
cam1 extrinsics = -0.002,0.011,0.704,0.710 | -0.053,-0.046,0.008
q_GtoI = 0.734,-0.394,0.490,0.257 | p_IinG = 6.626,-2.462,0.883 | dist = 38.53 (meters)
bg = -0.0044,0.0242,0.0766 | ba = 0.0173,-0.0658,0.2188
camera-imu timeoffset = -0.00002
cam0 intrinsics = 466.841,464.918,364.654,250.330 | -0.280,0.072,0.001,-0.000
cam1 intrinsics = 465.611,463.682,377.324,256.969 | -0.279,0.071,0.001,-0.000
cam0 extrinsics = -0.007,0.007,0.703,0.711 | 0.064,-0.048,0.007
cam1 extrinsics = -0.002,0.011,0.704,0.710 | -0.053,-0.046,0.009
q_GtoI = 0.734,-0.396,0.488,0.258 | p_IinG = 6.621,-2.511,0.878 | dist = 38.58 (meters)
bg = -0.0045,0.0242,0.0766 | ba = 0.0164,-0.0695,0.2166
camera-imu timeoffset = -0.00003
cam0 intrinsics = 466.846,464.926,364.650,250.323 | -0.280,0.072,0.001,-0.000
cam1 intrinsics = 465.615,463.689,377.315,256.960 | -0.279,0.071,0.001,-0.000
cam0 extrinsics = -0.007,0.007,0.703,0.711 | 0.064,-0.048,0.007
cam1 extrinsics = -0.002,0.011,0.704,0.710 | -0.053,-0.046,0.009
q_GtoI = 0.734,-0.397,0.488,0.257 | p_IinG = 6.614,-2.563,0.874 | dist = 38.62 (meters)
bg = -0.0047,0.0241,0.0767 | ba = 0.0156,-0.0753,0.2149
camera-imu timeoffset = -0.00002
cam0 intrinsics = 466.843,464.924,364.657,250.320 | -0.280,0.072,0.001,-0.000
cam1 intrinsics = 465.610,463.686,377.317,256.956 | -0.279,0.071,0.001,-0.000
cam0 extrinsics = -0.007,0.007,0.703,0.711 | 0.064,-0.048,0.008
cam1 extrinsics = -0.002,0.011,0.704,0.710 | -0.053,-0.047,0.009
q_GtoI = 0.734,-0.397,0.487,0.258 | p_IinG = 6.612,-2.613,0.865 | dist = 38.67 (meters)
bg = -0.0047,0.0241,0.0767 | ba = 0.0154,-0.0762,0.2119
camera-imu timeoffset = -0.00002
cam0 intrinsics = 466.843,464.925,364.656,250.324 | -0.280,0.072,0.001,-0.000
cam1 intrinsics = 465.610,463.686,377.315,256.958 | -0.279,0.071,0.001,-0.000
cam0 extrinsics = -0.007,0.006,0.703,0.711 | 0.064,-0.048,0.008
cam1 extrinsics = -0.002,0.011,0.704,0.710 | -0.053,-0.047,0.009
q_GtoI = 0.735,-0.397,0.485,0.259 | p_IinG = 6.595,-2.679,0.856 | dist = 38.72 (meters)
bg = -0.0055,0.0242,0.0765 | ba = 0.0123,-0.0831,0.2091
camera-imu timeoffset = -0.00001
cam0 intrinsics = 466.874,464.965,364.605,250.206 | -0.280,0.072,0.001,-0.000
cam1 intrinsics = 465.641,463.723,377.251,256.854 | -0.279,0.071,0.001,-0.000
cam0 extrinsics = -0.007,0.007,0.703,0.711 | 0.064,-0.048,0.009
cam1 extrinsics = -0.002,0.011,0.704,0.710 | -0.053,-0.046,0.011
q_GtoI = 0.735,-0.395,0.485,0.261 | p_IinG = 6.592,-2.733,0.844 | dist = 38.77 (meters)
bg = -0.0055,0.0242,0.0765 | ba = 0.0122,-0.0824,0.2053
camera-imu timeoffset = -0.00001
cam0 intrinsics = 466.874,464.963,364.605,250.202 | -0.280,0.072,0.001,-0.000
cam1 intrinsics = 465.642,463.722,377.249,256.848 | -0.279,0.071,0.001,-0.000
cam0 extrinsics = -0.007,0.007,0.703,0.711 | 0.064,-0.048,0.009
cam1 extrinsics = -0.002,0.011,0.704,0.710 | -0.053,-0.046,0.010
q_GtoI = 0.736,-0.394,0.484,0.262 | p_IinG = 6.590,-2.788,0.831 | dist = 38.82 (meters)
bg = -0.0055,0.0242,0.0765 | ba = 0.0128,-0.0827,0.2016
camera-imu timeoffset = -0.00001
cam0 intrinsics = 466.875,464.956,364.607,250.202 | -0.280,0.072,0.001,-0.000
cam1 intrinsics = 465.643,463.715,377.249,256.847 | -0.279,0.071,0.001,-0.000
cam0 extrinsics = -0.007,0.007,0.703,0.711 | 0.064,-0.048,0.009
cam1 extrinsics = -0.002,0.011,0.704,0.710 | -0.053,-0.046,0.010
q_GtoI = 0.737,-0.393,0.484,0.263 | p_IinG = 6.588,-2.841,0.820 | dist = 38.87 (meters)
bg = -0.0054,0.0243,0.0765 | ba = 0.0126,-0.0828,0.2000
camera-imu timeoffset = -0.00001
cam0 intrinsics = 466.871,464.957,364.611,250.199 | -0.280,0.072,0.001,-0.000
cam1 intrinsics = 465.640,463.716,377.248,256.843 | -0.279,0.071,0.001,-0.000
cam0 extrinsics = -0.007,0.007,0.703,0.711 | 0.064,-0.048,0.009
cam1 extrinsics = -0.002,0.011,0.704,0.710 | -0.053,-0.046,0.010
q_GtoI = 0.739,-0.391,0.482,0.264 | p_IinG = 6.585,-2.896,0.809 | dist = 38.92 (meters)
bg = -0.0055,0.0243,0.0764 | ba = 0.0133,-0.0846,0.1986
camera-imu timeoffset = -0.00001
cam0 intrinsics = 466.864,464.953,364.618,250.205 | -0.280,0.072,0.001,-0.000
cam1 intrinsics = 465.631,463.711,377.252,256.849 | -0.279,0.071,0.001,-0.000
cam0 extrinsics = -0.007,0.007,0.703,0.711 | 0.064,-0.048,0.009
cam1 extrinsics = -0.002,0.011,0.704,0.710 | -0.053,-0.046,0.010
q_GtoI = 0.740,-0.390,0.480,0.263 | p_IinG = 6.586,-2.946,0.802 | dist = 38.97 (meters)
bg = -0.0054,0.0242,0.0764 | ba = 0.0137,-0.0854,0.1983
camera-imu timeoffset = -0.00001
cam0 intrinsics = 466.857,464.953,364.621,250.209 | -0.280,0.072,0.001,-0.000
cam1 intrinsics = 465.620,463.705,377.246,256.852 | -0.279,0.071,0.001,-0.000
cam0 extrinsics = -0.007,0.007,0.703,0.711 | 0.064,-0.048,0.009
cam1 extrinsics = -0.002,0.011,0.704,0.710 | -0.053,-0.046,0.010
q_GtoI = 0.743,-0.390,0.477,0.262 | p_IinG = 6.585,-3.003,0.795 | dist = 39.03 (meters)
bg = -0.0054,0.0241,0.0764 | ba = 0.0129,-0.0870,0.1972
camera-imu timeoffset = -0.00001
cam0 intrinsics = 466.851,464.948,364.628,250.218 | -0.280,0.072,0.001,-0.000
cam1 intrinsics = 465.613,463.699,377.251,256.860 | -0.279,0.071,0.001,-0.000
cam0 extrinsics = -0.007,0.007,0.703,0.711 | 0.064,-0.048,0.009
cam1 extrinsics = -0.002,0.011,0.704,0.710 | -0.053,-0.047,0.010
q_GtoI = 0.745,-0.390,0.475,0.259 | p_IinG = 6.586,-3.057,0.792 | dist = 39.08 (meters)
bg = -0.0053,0.0242,0.0765 | ba = 0.0108,-0.0880,0.1969
camera-imu timeoffset = -0.00001
cam0 intrinsics = 466.840,464.947,364.637,250.212 | -0.280,0.072,0.001,-0.000
cam1 intrinsics = 465.605,463.699,377.244,256.854 | -0.279,0.071,0.001,-0.000
cam0 extrinsics = -0.007,0.007,0.703,0.711 | 0.063,-0.048,0.009
cam1 extrinsics = -0.002,0.011,0.704,0.710 | -0.053,-0.046,0.010
q_GtoI = 0.746,-0.389,0.475,0.258 | p_IinG = 6.587,-3.116,0.790 | dist = 39.14 (meters)
bg = -0.0054,0.0240,0.0764 | ba = 0.0106,-0.0888,0.1957
camera-imu timeoffset = -0.00001
cam0 intrinsics = 466.833,464.940,364.636,250.219 | -0.280,0.072,0.001,-0.000
cam1 intrinsics = 465.598,463.692,377.243,256.860 | -0.279,0.071,0.001,-0.000
cam0 extrinsics = -0.007,0.007,0.703,0.711 | 0.064,-0.048,0.009
cam1 extrinsics = -0.002,0.011,0.704,0.710 | -0.053,-0.046,0.010
q_GtoI = 0.746,-0.388,0.476,0.256 | p_IinG = 6.590,-3.173,0.790 | dist = 39.19 (meters)
bg = -0.0053,0.0238,0.0763 | ba = 0.0099,-0.0893,0.1963
camera-imu timeoffset = -0.00001
cam0 intrinsics = 466.825,464.933,364.636,250.223 | -0.280,0.072,0.001,-0.000
cam1 intrinsics = 465.590,463.685,377.242,256.862 | -0.279,0.071,0.001,-0.000
cam0 extrinsics = -0.007,0.007,0.703,0.711 | 0.064,-0.048,0.009
cam1 extrinsics = -0.002,0.011,0.704,0.710 | -0.053,-0.046,0.010
q_GtoI = 0.747,-0.388,0.477,0.254 | p_IinG = 6.594,-3.233,0.790 | dist = 39.25 (meters)
bg = -0.0054,0.0237,0.0763 | ba = 0.0103,-0.0908,0.1960
camera-imu timeoffset = -0.00001
cam0 intrinsics = 466.816,464.928,364.637,250.235 | -0.280,0.072,0.001,-0.000
cam1 intrinsics = 465.580,463.679,377.242,256.872 | -0.279,0.071,0.001,-0.000
cam0 extrinsics = -0.007,0.007,0.703,0.711 | 0.064,-0.048,0.009
cam1 extrinsics = -0.002,0.011,0.704,0.710 | -0.053,-0.046,0.010
q_GtoI = 0.746,-0.387,0.479,0.253 | p_IinG = 6.600,-3.290,0.791 | dist = 39.31 (meters)
bg = -0.0052,0.0238,0.0763 | ba = 0.0092,-0.0915,0.1972
camera-imu timeoffset = -0.00001
cam0 intrinsics = 466.812,464.921,364.636,250.241 | -0.280,0.072,0.001,-0.000
cam1 intrinsics = 465.577,463.672,377.240,256.877 | -0.279,0.071,0.001,-0.000
cam0 extrinsics = -0.007,0.007,0.703,0.711 | 0.064,-0.048,0.009
cam1 extrinsics = -0.002,0.011,0.704,0.710 | -0.053,-0.046,0.010
q_GtoI = 0.745,-0.386,0.482,0.250 | p_IinG = 6.605,-3.355,0.789 | dist = 39.37 (meters)
bg = -0.0055,0.0238,0.0761 | ba = 0.0088,-0.0931,0.1962
camera-imu timeoffset = -0.00001
cam0 intrinsics = 466.805,464.918,364.641,250.258 | -0.280,0.072,0.001,-0.000
cam1 intrinsics = 465.568,463.670,377.245,256.889 | -0.279,0.071,0.001,-0.000
cam0 extrinsics = -0.007,0.007,0.703,0.711 | 0.063,-0.048,0.009
cam1 extrinsics = -0.002,0.011,0.704,0.710 | -0.053,-0.046,0.010
q_GtoI = 0.745,-0.386,0.483,0.249 | p_IinG = 6.611,-3.418,0.785 | dist = 39.43 (meters)
bg = -0.0056,0.0238,0.0760 | ba = 0.0089,-0.0935,0.1958
camera-imu timeoffset = -0.00001
cam0 intrinsics = 466.797,464.915,364.643,250.261 | -0.280,0.072,0.001,-0.000
cam1 intrinsics = 465.559,463.666,377.247,256.892 | -0.279,0.071,0.001,-0.000
cam0 extrinsics = -0.007,0.007,0.703,0.711 | 0.063,-0.048,0.008
cam1 extrinsics = -0.002,0.011,0.704,0.710 | -0.053,-0.046,0.010
q_GtoI = 0.744,-0.386,0.485,0.247 | p_IinG = 6.616,-3.475,0.775 | dist = 39.49 (meters)
bg = -0.0053,0.0235,0.0764 | ba = 0.0119,-0.0900,0.1931
camera-imu timeoffset = -0.00001
cam0 intrinsics = 466.733,464.887,364.642,250.245 | -0.280,0.072,0.001,-0.000
cam1 intrinsics = 465.490,463.629,377.215,256.866 | -0.279,0.071,0.001,-0.000
cam0 extrinsics = -0.007,0.007,0.703,0.711 | 0.063,-0.048,0.008
cam1 extrinsics = -0.002,0.011,0.704,0.710 | -0.053,-0.046,0.009
q_GtoI = 0.743,-0.385,0.489,0.247 | p_IinG = 6.623,-3.537,0.768 | dist = 39.55 (meters)
bg = -0.0052,0.0234,0.0763 | ba = 0.0122,-0.0902,0.1931
camera-imu timeoffset = -0.00001
cam0 intrinsics = 466.720,464.884,364.639,250.248 | -0.280,0.072,0.001,-0.000
cam1 intrinsics = 465.477,463.625,377.211,256.867 | -0.279,0.071,0.001,-0.000
cam0 extrinsics = -0.007,0.007,0.703,0.711 | 0.063,-0.048,0.008
cam1 extrinsics = -0.002,0.011,0.704,0.710 | -0.053,-0.046,0.009
q_GtoI = 0.740,-0.386,0.493,0.246 | p_IinG = 6.630,-3.601,0.761 | dist = 39.61 (meters)
bg = -0.0051,0.0234,0.0762 | ba = 0.0113,-0.0899,0.1942
camera-imu timeoffset = -0.00000
cam0 intrinsics = 466.707,464.879,364.635,250.248 | -0.280,0.072,0.001,-0.000
cam1 intrinsics = 465.464,463.620,377.206,256.866 | -0.279,0.071,0.001,-0.000
cam0 extrinsics = -0.007,0.007,0.703,0.711 | 0.063,-0.048,0.008
cam1 extrinsics = -0.002,0.011,0.704,0.710 | -0.053,-0.046,0.009
q_GtoI = 0.735,-0.388,0.499,0.246 | p_IinG = 6.637,-3.665,0.751 | dist = 39.68 (meters)
bg = -0.0051,0.0233,0.0762 | ba = 0.0105,-0.0893,0.1942
camera-imu timeoffset = -0.00000
cam0 intrinsics = 466.699,464.878,364.634,250.243 | -0.280,0.072,0.001,-0.000
cam1 intrinsics = 465.456,463.619,377.205,256.859 | -0.279,0.071,0.001,-0.000
cam0 extrinsics = -0.007,0.007,0.703,0.711 | 0.063,-0.048,0.008
cam1 extrinsics = -0.002,0.011,0.704,0.710 | -0.053,-0.046,0.009
q_GtoI = 0.730,-0.391,0.503,0.247 | p_IinG = 6.643,-3.731,0.740 | dist = 39.74 (meters)
bg = -0.0051,0.0233,0.0762 | ba = 0.0105,-0.0897,0.1939
camera-imu timeoffset = 0.00000
cam0 intrinsics = 466.695,464.880,364.633,250.246 | -0.280,0.072,0.001,-0.000
cam1 intrinsics = 465.451,463.620,377.203,256.862 | -0.279,0.071,0.001,-0.000
cam0 extrinsics = -0.007,0.007,0.703,0.711 | 0.063,-0.048,0.007
cam1 extrinsics = -0.002,0.011,0.704,0.710 | -0.053,-0.046,0.009
q_GtoI = 0.725,-0.396,0.506,0.248 | p_IinG = 6.648,-3.797,0.728 | dist = 39.81 (meters)
bg = -0.0052,0.0232,0.0761 | ba = 0.0102,-0.0894,0.1938
camera-imu timeoffset = 0.00000
cam0 intrinsics = 466.693,464.883,364.633,250.247 | -0.280,0.072,0.001,-0.000
cam1 intrinsics = 465.448,463.622,377.202,256.862 | -0.279,0.071,0.001,-0.000
cam0 extrinsics = -0.007,0.007,0.703,0.711 | 0.063,-0.048,0.007
cam1 extrinsics = -0.002,0.011,0.704,0.710 | -0.053,-0.046,0.008
q_GtoI = 0.719,-0.404,0.508,0.249 | p_IinG = 6.650,-3.865,0.714 | dist = 39.87 (meters)
bg = -0.0052,0.0232,0.0758 | ba = 0.0103,-0.0895,0.1930
camera-imu timeoffset = 0.00000
cam0 intrinsics = 466.691,464.892,364.636,250.251 | -0.280,0.072,0.001,-0.000
cam1 intrinsics = 465.446,463.630,377.204,256.865 | -0.279,0.071,0.001,-0.000
cam0 extrinsics = -0.007,0.007,0.703,0.711 | 0.063,-0.048,0.007
cam1 extrinsics = -0.002,0.011,0.704,0.710 | -0.053,-0.046,0.008
q_GtoI = 0.711,-0.411,0.511,0.253 | p_IinG = 6.652,-3.933,0.698 | dist = 39.94 (meters)
bg = -0.0053,0.0231,0.0756 | ba = 0.0096,-0.0893,0.1912
camera-imu timeoffset = 0.00001
cam0 intrinsics = 466.692,464.900,364.642,250.253 | -0.280,0.072,0.001,-0.000
cam1 intrinsics = 465.446,463.637,377.208,256.866 | -0.279,0.071,0.001,-0.000
cam0 extrinsics = -0.007,0.007,0.703,0.711 | 0.064,-0.048,0.007
cam1 extrinsics = -0.002,0.011,0.704,0.710 | -0.053,-0.047,0.008
q_GtoI = 0.701,-0.419,0.517,0.258 | p_IinG = 6.651,-4.002,0.682 | dist = 40.01 (meters)
bg = -0.0054,0.0231,0.0756 | ba = 0.0099,-0.0893,0.1891
camera-imu timeoffset = 0.00001
cam0 intrinsics = 466.691,464.912,364.642,250.262 | -0.280,0.072,0.001,-0.000
cam1 intrinsics = 465.442,463.647,377.206,256.875 | -0.279,0.071,0.001,-0.000
cam0 extrinsics = -0.007,0.007,0.703,0.711 | 0.064,-0.049,0.007
cam1 extrinsics = -0.002,0.011,0.704,0.710 | -0.053,-0.047,0.008
q_GtoI = 0.692,-0.425,0.520,0.266 | p_IinG = 6.647,-4.069,0.666 | dist = 40.08 (meters)
bg = -0.0054,0.0232,0.0757 | ba = 0.0099,-0.0886,0.1876
camera-imu timeoffset = 0.00001
cam0 intrinsics = 466.679,464.918,364.636,250.281 | -0.280,0.072,0.001,-0.000
cam1 intrinsics = 465.430,463.652,377.193,256.892 | -0.279,0.071,0.001,-0.000
cam0 extrinsics = -0.007,0.007,0.703,0.711 | 0.064,-0.049,0.007
cam1 extrinsics = -0.002,0.011,0.704,0.710 | -0.052,-0.047,0.008
q_GtoI = 0.685,-0.431,0.519,0.275 | p_IinG = 6.640,-4.137,0.650 | dist = 40.14 (meters)
bg = -0.0056,0.0232,0.0757 | ba = 0.0109,-0.0891,0.1848
camera-imu timeoffset = 0.00001
cam0 intrinsics = 466.668,464.930,364.624,250.291 | -0.280,0.072,0.001,-0.000
cam1 intrinsics = 465.420,463.665,377.178,256.901 | -0.279,0.071,0.001,-0.000
cam0 extrinsics = -0.007,0.007,0.703,0.711 | 0.065,-0.049,0.007
cam1 extrinsics = -0.002,0.011,0.704,0.710 | -0.052,-0.048,0.008
q_GtoI = 0.682,-0.437,0.514,0.284 | p_IinG = 6.632,-4.206,0.637 | dist = 40.21 (meters)
bg = -0.0057,0.0233,0.0759 | ba = 0.0082,-0.0869,0.1828
camera-imu timeoffset = 0.00001
cam0 intrinsics = 466.656,464.928,364.616,250.280 | -0.280,0.072,0.001,-0.000
cam1 intrinsics = 465.404,463.660,377.164,256.891 | -0.279,0.071,0.001,-0.000
cam0 extrinsics = -0.007,0.007,0.703,0.711 | 0.066,-0.049,0.007
cam1 extrinsics = -0.002,0.011,0.704,0.710 | -0.051,-0.048,0.008
q_GtoI = 0.678,-0.444,0.507,0.292 | p_IinG = 6.622,-4.274,0.623 | dist = 40.28 (meters)
bg = -0.0058,0.0232,0.0759 | ba = 0.0063,-0.0836,0.1811
camera-imu timeoffset = 0.00001
cam0 intrinsics = 466.663,464.951,364.593,250.268 | -0.280,0.072,0.001,-0.000
cam1 intrinsics = 465.412,463.684,377.140,256.880 | -0.279,0.071,0.001,-0.000
cam0 extrinsics = -0.007,0.007,0.703,0.711 | 0.066,-0.049,0.008
cam1 extrinsics = -0.002,0.011,0.704,0.710 | -0.050,-0.047,0.009
q_GtoI = 0.675,-0.451,0.500,0.300 | p_IinG = 6.609,-4.342,0.615 | dist = 40.34 (meters)
bg = -0.0060,0.0231,0.0761 | ba = 0.0043,-0.0836,0.1797
camera-imu timeoffset = 0.00001
cam0 intrinsics = 466.661,464.960,364.586,250.270 | -0.280,0.072,0.001,-0.000
cam1 intrinsics = 465.409,463.692,377.131,256.881 | -0.279,0.071,0.001,-0.000
cam0 extrinsics = -0.007,0.007,0.703,0.711 | 0.067,-0.049,0.008
cam1 extrinsics = -0.002,0.011,0.704,0.710 | -0.050,-0.047,0.009
q_GtoI = 0.673,-0.457,0.492,0.308 | p_IinG = 6.592,-4.410,0.609 | dist = 40.41 (meters)
bg = -0.0064,0.0229,0.0761 | ba = 0.0023,-0.0840,0.1802
camera-imu timeoffset = 0.00001
cam0 intrinsics = 466.690,464.982,364.538,250.216 | -0.280,0.072,0.001,-0.000
cam1 intrinsics = 465.433,463.710,377.077,256.824 | -0.279,0.071,0.001,-0.000
cam0 extrinsics = -0.007,0.007,0.703,0.711 | 0.066,-0.049,0.008
cam1 extrinsics = -0.002,0.011,0.704,0.710 | -0.050,-0.047,0.009
q_GtoI = 0.672,-0.464,0.483,0.316 | p_IinG = 6.578,-4.477,0.606 | dist = 40.47 (meters)
bg = -0.0066,0.0231,0.0760 | ba = -0.0012,-0.0821,0.1796
camera-imu timeoffset = 0.00001
cam0 intrinsics = 466.693,464.995,364.519,250.194 | -0.280,0.072,0.001,-0.000
cam1 intrinsics = 465.433,463.720,377.053,256.802 | -0.279,0.071,0.001,-0.000
cam0 extrinsics = -0.007,0.007,0.703,0.711 | 0.066,-0.049,0.009
cam1 extrinsics = -0.002,0.011,0.704,0.710 | -0.050,-0.047,0.010
q_GtoI = 0.669,-0.471,0.476,0.321 | p_IinG = 6.561,-4.542,0.605 | dist = 40.54 (meters)
bg = -0.0067,0.0230,0.0760 | ba = -0.0037,-0.0811,0.1798
camera-imu timeoffset = 0.00001
cam0 intrinsics = 466.688,465.005,364.520,250.200 | -0.280,0.072,0.001,-0.000
cam1 intrinsics = 465.427,463.728,377.054,256.806 | -0.279,0.071,0.001,-0.000
cam0 extrinsics = -0.007,0.007,0.703,0.711 | 0.066,-0.049,0.009
cam1 extrinsics = -0.002,0.012,0.704,0.710 | -0.051,-0.047,0.010
q_GtoI = 0.668,-0.477,0.470,0.324 | p_IinG = 6.545,-4.607,0.606 | dist = 40.60 (meters)
bg = -0.0070,0.0230,0.0758 | ba = -0.0075,-0.0797,0.1799
camera-imu timeoffset = 0.00001
cam0 intrinsics = 466.688,465.016,364.524,250.205 | -0.280,0.072,0.001,-0.000
cam1 intrinsics = 465.424,463.738,377.057,256.810 | -0.279,0.071,0.001,-0.000
cam0 extrinsics = -0.007,0.007,0.703,0.711 | 0.066,-0.049,0.009
cam1 extrinsics = -0.002,0.012,0.704,0.710 | -0.051,-0.047,0.010
q_GtoI = 0.667,-0.484,0.464,0.325 | p_IinG = 6.527,-4.671,0.609 | dist = 40.66 (meters)
bg = -0.0072,0.0229,0.0757 | ba = -0.0109,-0.0794,0.1798
camera-imu timeoffset = 0.00003
cam0 intrinsics = 466.690,465.024,364.522,250.210 | -0.280,0.072,0.001,-0.000
cam1 intrinsics = 465.424,463.743,377.054,256.815 | -0.279,0.071,0.001,-0.000
cam0 extrinsics = -0.007,0.007,0.703,0.711 | 0.066,-0.049,0.010
cam1 extrinsics = -0.002,0.011,0.704,0.710 | -0.051,-0.047,0.011
q_GtoI = 0.666,-0.490,0.459,0.326 | p_IinG = 6.508,-4.733,0.615 | dist = 40.73 (meters)
bg = -0.0074,0.0228,0.0755 | ba = -0.0137,-0.0793,0.1807
camera-imu timeoffset = 0.00004
cam0 intrinsics = 466.689,465.030,364.521,250.215 | -0.280,0.072,0.001,-0.000
cam1 intrinsics = 465.421,463.747,377.051,256.821 | -0.279,0.071,0.001,-0.000
cam0 extrinsics = -0.007,0.007,0.703,0.711 | 0.066,-0.049,0.010
cam1 extrinsics = -0.002,0.011,0.704,0.710 | -0.051,-0.048,0.011
q_GtoI = 0.665,-0.495,0.455,0.327 | p_IinG = 6.494,-4.788,0.622 | dist = 40.79 (meters)
bg = -0.0075,0.0226,0.0754 | ba = -0.0148,-0.0791,0.1826
camera-imu timeoffset = 0.00003
cam0 intrinsics = 466.693,465.045,364.520,250.219 | -0.280,0.072,0.001,-0.000
cam1 intrinsics = 465.419,463.754,377.050,256.830 | -0.279,0.071,0.001,-0.000
cam0 extrinsics = -0.007,0.007,0.703,0.711 | 0.066,-0.050,0.011
cam1 extrinsics = -0.002,0.011,0.704,0.710 | -0.051,-0.048,0.011
q_GtoI = 0.663,-0.499,0.452,0.327 | p_IinG = 6.476,-4.850,0.629 | dist = 40.85 (meters)
bg = -0.0077,0.0225,0.0751 | ba = -0.0166,-0.0786,0.1832
camera-imu timeoffset = 0.00004
cam0 intrinsics = 466.694,465.053,364.521,250.221 | -0.280,0.072,0.001,-0.000
cam1 intrinsics = 465.417,463.759,377.049,256.833 | -0.279,0.071,0.001,-0.000
cam0 extrinsics = -0.007,0.007,0.703,0.711 | 0.066,-0.050,0.011
cam1 extrinsics = -0.002,0.011,0.704,0.710 | -0.051,-0.048,0.011
q_GtoI = 0.662,-0.504,0.450,0.324 | p_IinG = 6.460,-4.910,0.636 | dist = 40.92 (meters)
bg = -0.0078,0.0226,0.0749 | ba = -0.0206,-0.0784,0.1850
camera-imu timeoffset = 0.00004
cam0 intrinsics = 466.721,465.080,364.520,250.223 | -0.280,0.072,0.001,-0.000
cam1 intrinsics = 465.444,463.784,377.044,256.835 | -0.279,0.071,0.001,-0.000
cam0 extrinsics = -0.007,0.007,0.703,0.711 | 0.066,-0.050,0.011
cam1 extrinsics = -0.002,0.011,0.704,0.710 | -0.051,-0.049,0.012
q_GtoI = 0.661,-0.509,0.449,0.321 | p_IinG = 6.443,-4.974,0.640 | dist = 40.98 (meters)
bg = -0.0079,0.0226,0.0747 | ba = -0.0220,-0.0776,0.1847
camera-imu timeoffset = 0.00004
cam0 intrinsics = 466.724,465.088,364.522,250.222 | -0.280,0.072,0.001,-0.000
cam1 intrinsics = 465.446,463.790,377.046,256.834 | -0.279,0.071,0.001,-0.000
cam0 extrinsics = -0.007,0.007,0.703,0.711 | 0.066,-0.050,0.012
cam1 extrinsics = -0.002,0.011,0.704,0.710 | -0.051,-0.049,0.012
q_GtoI = 0.659,-0.512,0.449,0.319 | p_IinG = 6.426,-5.039,0.642 | dist = 41.05 (meters)
bg = -0.0079,0.0226,0.0745 | ba = -0.0227,-0.0766,0.1838
camera-imu timeoffset = 0.00004
cam0 intrinsics = 466.728,465.098,364.527,250.219 | -0.280,0.072,0.001,-0.000
cam1 intrinsics = 465.447,463.797,377.048,256.831 | -0.279,0.071,0.001,-0.000
cam0 extrinsics = -0.007,0.007,0.703,0.711 | 0.066,-0.050,0.011
cam1 extrinsics = -0.002,0.011,0.704,0.710 | -0.051,-0.049,0.012
q_GtoI = 0.659,-0.515,0.447,0.316 | p_IinG = 6.407,-5.107,0.646 | dist = 41.11 (meters)
bg = -0.0080,0.0227,0.0743 | ba = -0.0249,-0.0750,0.1833
camera-imu timeoffset = 0.00004
cam0 intrinsics = 466.733,465.105,364.524,250.217 | -0.280,0.072,0.001,-0.000
cam1 intrinsics = 465.446,463.798,377.051,256.831 | -0.279,0.071,0.001,-0.000
cam0 extrinsics = -0.007,0.007,0.703,0.711 | 0.066,-0.051,0.011
cam1 extrinsics = -0.002,0.011,0.704,0.710 | -0.051,-0.049,0.012
q_GtoI = 0.661,-0.514,0.445,0.317 | p_IinG = 6.388,-5.174,0.650 | dist = 41.18 (meters)
bg = -0.0082,0.0227,0.0742 | ba = -0.0252,-0.0734,0.1828
camera-imu timeoffset = 0.00004
cam0 intrinsics = 466.733,465.108,364.528,250.213 | -0.280,0.072,0.001,-0.000
cam1 intrinsics = 465.444,463.799,377.053,256.827 | -0.279,0.071,0.001,-0.000
cam0 extrinsics = -0.007,0.007,0.703,0.711 | 0.065,-0.051,0.011
cam1 extrinsics = -0.002,0.011,0.704,0.710 | -0.051,-0.049,0.012
q_GtoI = 0.664,-0.513,0.441,0.318 | p_IinG = 6.365,-5.249,0.652 | dist = 41.25 (meters)
bg = -0.0086,0.0227,0.0738 | ba = -0.0230,-0.0704,0.1802
camera-imu timeoffset = 0.00003
cam0 intrinsics = 466.711,465.097,364.547,250.214 | -0.280,0.072,0.001,-0.000
cam1 intrinsics = 465.422,463.787,377.078,256.836 | -0.279,0.071,0.001,-0.000
cam0 extrinsics = -0.007,0.007,0.703,0.711 | 0.065,-0.050,0.011
cam1 extrinsics = -0.002,0.011,0.704,0.710 | -0.052,-0.049,0.011
q_GtoI = 0.667,-0.510,0.437,0.321 | p_IinG = 6.343,-5.318,0.658 | dist = 41.32 (meters)
bg = -0.0087,0.0227,0.0737 | ba = -0.0226,-0.0660,0.1795
camera-imu timeoffset = 0.00003
cam0 intrinsics = 466.704,465.101,364.551,250.194 | -0.280,0.072,0.001,-0.000
cam1 intrinsics = 465.412,463.788,377.080,256.818 | -0.279,0.071,0.001,-0.000
cam0 extrinsics = -0.007,0.007,0.703,0.711 | 0.064,-0.050,0.011
cam1 extrinsics = -0.002,0.011,0.704,0.710 | -0.052,-0.048,0.011
q_GtoI = 0.670,-0.507,0.434,0.324 | p_IinG = 6.324,-5.386,0.669 | dist = 41.40 (meters)
bg = -0.0087,0.0228,0.0737 | ba = -0.0234,-0.0631,0.1808
camera-imu timeoffset = 0.00004
cam0 intrinsics = 466.703,465.104,364.555,250.179 | -0.280,0.072,0.001,-0.000
cam1 intrinsics = 465.409,463.789,377.082,256.804 | -0.279,0.071,0.001,-0.000
cam0 extrinsics = -0.007,0.007,0.703,0.711 | 0.064,-0.049,0.011
cam1 extrinsics = -0.002,0.011,0.704,0.710 | -0.053,-0.048,0.011
q_GtoI = 0.673,-0.506,0.432,0.325 | p_IinG = 6.306,-5.456,0.681 | dist = 41.47 (meters)
bg = -0.0087,0.0229,0.0737 | ba = -0.0238,-0.0597,0.1813
camera-imu timeoffset = 0.00004
cam0 intrinsics = 466.703,465.108,364.559,250.164 | -0.280,0.072,0.001,-0.000
cam1 intrinsics = 465.408,463.792,377.083,256.789 | -0.279,0.071,0.001,-0.000
cam0 extrinsics = -0.007,0.007,0.703,0.711 | 0.064,-0.049,0.011
cam1 extrinsics = -0.002,0.011,0.704,0.710 | -0.053,-0.047,0.011
q_GtoI = 0.675,-0.504,0.431,0.325 | p_IinG = 6.287,-5.528,0.695 | dist = 41.55 (meters)
bg = -0.0087,0.0230,0.0737 | ba = -0.0248,-0.0572,0.1812
camera-imu timeoffset = 0.00004
cam0 intrinsics = 466.702,465.112,364.560,250.157 | -0.280,0.072,0.001,-0.000
cam1 intrinsics = 465.408,463.797,377.081,256.782 | -0.279,0.071,0.001,-0.000
cam0 extrinsics = -0.007,0.007,0.703,0.711 | 0.064,-0.049,0.010
cam1 extrinsics = -0.002,0.011,0.704,0.710 | -0.053,-0.047,0.011
q_GtoI = 0.675,-0.503,0.432,0.324 | p_IinG = 6.270,-5.595,0.709 | dist = 41.62 (meters)
bg = -0.0083,0.0230,0.0740 | ba = -0.0282,-0.0517,0.1812
camera-imu timeoffset = 0.00004
cam0 intrinsics = 466.684,465.123,364.550,250.148 | -0.280,0.072,0.001,-0.000
cam1 intrinsics = 465.387,463.804,377.073,256.780 | -0.279,0.071,0.001,-0.000
cam0 extrinsics = -0.007,0.007,0.703,0.711 | 0.063,-0.049,0.010
cam1 extrinsics = -0.002,0.011,0.704,0.710 | -0.053,-0.047,0.010
q_GtoI = 0.675,-0.502,0.432,0.324 | p_IinG = 6.255,-5.669,0.721 | dist = 41.70 (meters)
bg = -0.0081,0.0231,0.0743 | ba = -0.0286,-0.0473,0.1794
camera-imu timeoffset = 0.00004
cam0 intrinsics = 466.682,465.129,364.547,250.155 | -0.280,0.072,0.001,-0.000
cam1 intrinsics = 465.387,463.813,377.070,256.788 | -0.279,0.071,0.001,-0.000
cam0 extrinsics = -0.007,0.007,0.703,0.711 | 0.064,-0.049,0.009
cam1 extrinsics = -0.002,0.011,0.704,0.710 | -0.053,-0.047,0.010
q_GtoI = 0.675,-0.501,0.434,0.324 | p_IinG = 6.240,-5.745,0.734 | dist = 41.78 (meters)
bg = -0.0080,0.0232,0.0744 | ba = -0.0281,-0.0449,0.1792
camera-imu timeoffset = 0.00004
cam0 intrinsics = 466.678,465.127,364.540,250.156 | -0.280,0.072,0.001,-0.000
cam1 intrinsics = 465.380,463.808,377.063,256.789 | -0.279,0.071,0.001,-0.000
cam0 extrinsics = -0.007,0.007,0.703,0.711 | 0.064,-0.049,0.009
cam1 extrinsics = -0.002,0.011,0.704,0.710 | -0.053,-0.047,0.009
q_GtoI = 0.675,-0.499,0.437,0.324 | p_IinG = 6.225,-5.821,0.746 | dist = 41.85 (meters)
bg = -0.0079,0.0233,0.0743 | ba = -0.0295,-0.0422,0.1791
camera-imu timeoffset = 0.00004
cam0 intrinsics = 466.678,465.126,364.534,250.161 | -0.280,0.072,0.001,-0.000
cam1 intrinsics = 465.379,463.807,377.058,256.795 | -0.279,0.071,0.001,-0.000
cam0 extrinsics = -0.007,0.007,0.703,0.711 | 0.064,-0.049,0.009
cam1 extrinsics = -0.002,0.011,0.704,0.710 | -0.053,-0.048,0.009
q_GtoI = 0.674,-0.498,0.440,0.324 | p_IinG = 6.212,-5.899,0.758 | dist = 41.93 (meters)
bg = -0.0079,0.0236,0.0743 | ba = -0.0305,-0.0399,0.1790
camera-imu timeoffset = 0.00004
cam0 intrinsics = 466.676,465.122,364.525,250.171 | -0.280,0.072,0.001,-0.000
cam1 intrinsics = 465.375,463.802,377.048,256.805 | -0.279,0.071,0.001,-0.000
cam0 extrinsics = -0.007,0.007,0.703,0.711 | 0.064,-0.049,0.009
cam1 extrinsics = -0.002,0.011,0.704,0.710 | -0.053,-0.048,0.009
q_GtoI = 0.672,-0.496,0.444,0.325 | p_IinG = 6.197,-5.977,0.767 | dist = 42.01 (meters)
bg = -0.0076,0.0238,0.0743 | ba = -0.0295,-0.0381,0.1776
camera-imu timeoffset = 0.00004
cam0 intrinsics = 466.671,465.119,364.521,250.166 | -0.280,0.072,0.001,-0.000
cam1 intrinsics = 465.369,463.798,377.043,256.800 | -0.279,0.071,0.001,-0.000
cam0 extrinsics = -0.007,0.007,0.703,0.711 | 0.064,-0.050,0.009
cam1 extrinsics = -0.002,0.011,0.704,0.710 | -0.053,-0.048,0.009
q_GtoI = 0.670,-0.494,0.447,0.327 | p_IinG = 6.184,-6.055,0.775 | dist = 42.09 (meters)
bg = -0.0075,0.0239,0.0744 | ba = -0.0276,-0.0369,0.1773
camera-imu timeoffset = 0.00004
cam0 intrinsics = 466.675,465.117,364.523,250.169 | -0.280,0.072,0.001,-0.000
cam1 intrinsics = 465.372,463.796,377.045,256.802 | -0.279,0.071,0.001,-0.000
cam0 extrinsics = -0.007,0.007,0.703,0.711 | 0.064,-0.050,0.009
cam1 extrinsics = -0.002,0.011,0.704,0.710 | -0.053,-0.048,0.009
q_GtoI = 0.670,-0.491,0.450,0.329 | p_IinG = 6.171,-6.134,0.783 | dist = 42.17 (meters)
bg = -0.0075,0.0241,0.0745 | ba = -0.0257,-0.0356,0.1781
camera-imu timeoffset = 0.00004
cam0 intrinsics = 466.674,465.115,364.509,250.188 | -0.280,0.072,0.001,-0.000
cam1 intrinsics = 465.370,463.794,377.028,256.821 | -0.279,0.071,0.001,-0.000
cam0 extrinsics = -0.007,0.007,0.703,0.711 | 0.064,-0.050,0.009
cam1 extrinsics = -0.002,0.011,0.704,0.710 | -0.053,-0.048,0.009
q_GtoI = 0.670,-0.487,0.451,0.333 | p_IinG = 6.161,-6.209,0.789 | dist = 42.25 (meters)
bg = -0.0071,0.0239,0.0749 | ba = -0.0231,-0.0342,0.1790
camera-imu timeoffset = 0.00004
cam0 intrinsics = 466.700,465.134,364.549,250.218 | -0.280,0.072,0.001,-0.000
cam1 intrinsics = 465.403,463.820,377.067,256.842 | -0.279,0.071,0.001,-0.000
cam0 extrinsics = -0.007,0.006,0.703,0.711 | 0.064,-0.050,0.010
cam1 extrinsics = -0.002,0.011,0.704,0.710 | -0.053,-0.048,0.010
q_GtoI = 0.670,-0.485,0.451,0.335 | p_IinG = 6.153,-6.286,0.794 | dist = 42.33 (meters)
bg = -0.0070,0.0239,0.0751 | ba = -0.0205,-0.0330,0.1800
camera-imu timeoffset = 0.00004
cam0 intrinsics = 466.729,465.153,364.583,250.240 | -0.280,0.072,0.001,-0.000
cam1 intrinsics = 465.433,463.841,377.101,256.863 | -0.279,0.071,0.001,-0.000
cam0 extrinsics = -0.007,0.006,0.703,0.711 | 0.063,-0.050,0.010
cam1 extrinsics = -0.002,0.011,0.704,0.710 | -0.053,-0.048,0.010
q_GtoI = 0.673,-0.483,0.448,0.336 | p_IinG = 6.142,-6.363,0.795 | dist = 42.41 (meters)
bg = -0.0070,0.0237,0.0752 | ba = -0.0169,-0.0310,0.1792
camera-imu timeoffset = 0.00004
cam0 intrinsics = 466.744,465.167,364.583,250.242 | -0.280,0.072,0.001,-0.000
cam1 intrinsics = 465.450,463.857,377.103,256.864 | -0.279,0.071,0.001,-0.000
cam0 extrinsics = -0.007,0.006,0.703,0.711 | 0.063,-0.050,0.010
cam1 extrinsics = -0.002,0.011,0.704,0.710 | -0.053,-0.048,0.010
q_GtoI = 0.675,-0.483,0.446,0.335 | p_IinG = 6.131,-6.438,0.794 | dist = 42.49 (meters)
bg = -0.0069,0.0236,0.0754 | ba = -0.0142,-0.0282,0.1784
camera-imu timeoffset = 0.00004
cam0 intrinsics = 466.752,465.177,364.588,250.255 | -0.280,0.072,0.001,-0.000
cam1 intrinsics = 465.460,463.869,377.107,256.876 | -0.279,0.071,0.001,-0.000
cam0 extrinsics = -0.007,0.006,0.703,0.711 | 0.064,-0.050,0.010
cam1 extrinsics = -0.002,0.011,0.704,0.710 | -0.053,-0.048,0.010
q_GtoI = 0.678,-0.485,0.442,0.332 | p_IinG = 6.121,-6.514,0.793 | dist = 42.56 (meters)
bg = -0.0068,0.0234,0.0755 | ba = -0.0119,-0.0259,0.1788
camera-imu timeoffset = 0.00004
cam0 intrinsics = 466.755,465.183,364.585,250.283 | -0.280,0.072,0.001,-0.000
cam1 intrinsics = 465.464,463.877,377.103,256.904 | -0.279,0.071,0.001,-0.000
cam0 extrinsics = -0.007,0.006,0.703,0.711 | 0.063,-0.050,0.010
cam1 extrinsics = -0.002,0.011,0.704,0.710 | -0.053,-0.049,0.010
q_GtoI = 0.680,-0.486,0.439,0.330 | p_IinG = 6.115,-6.590,0.792 | dist = 42.64 (meters)
bg = -0.0067,0.0232,0.0757 | ba = -0.0098,-0.0245,0.1795
camera-imu timeoffset = 0.00004
cam0 intrinsics = 466.763,465.194,364.575,250.341 | -0.280,0.072,0.001,-0.000
cam1 intrinsics = 465.472,463.887,377.086,256.967 | -0.279,0.071,0.001,-0.000
cam0 extrinsics = -0.007,0.006,0.703,0.711 | 0.063,-0.050,0.010
cam1 extrinsics = -0.002,0.011,0.704,0.710 | -0.053,-0.049,0.010
q_GtoI = 0.683,-0.487,0.435,0.328 | p_IinG = 6.108,-6.667,0.790 | dist = 42.72 (meters)
bg = -0.0065,0.0230,0.0759 | ba = -0.0079,-0.0240,0.1787
camera-imu timeoffset = 0.00005
cam0 intrinsics = 466.774,465.199,364.585,250.369 | -0.280,0.072,0.001,-0.000
cam1 intrinsics = 465.482,463.892,377.099,256.994 | -0.279,0.071,0.001,-0.000
cam0 extrinsics = -0.007,0.006,0.703,0.711 | 0.063,-0.051,0.009
cam1 extrinsics = -0.002,0.011,0.704,0.710 | -0.054,-0.049,0.010
q_GtoI = 0.685,-0.487,0.432,0.327 | p_IinG = 6.104,-6.744,0.788 | dist = 42.80 (meters)
bg = -0.0064,0.0229,0.0760 | ba = -0.0068,-0.0229,0.1783
camera-imu timeoffset = 0.00004
cam0 intrinsics = 466.790,465.206,364.608,250.406 | -0.280,0.072,0.001,-0.000
cam1 intrinsics = 465.497,463.899,377.119,257.027 | -0.279,0.071,0.001,-0.000
cam0 extrinsics = -0.007,0.006,0.703,0.711 | 0.063,-0.051,0.009
cam1 extrinsics = -0.002,0.011,0.704,0.710 | -0.054,-0.049,0.010
q_GtoI = 0.687,-0.487,0.429,0.327 | p_IinG = 6.097,-6.821,0.782 | dist = 42.87 (meters)
bg = -0.0063,0.0228,0.0759 | ba = -0.0049,-0.0215,0.1772
camera-imu timeoffset = 0.00004
cam0 intrinsics = 466.796,465.209,364.599,250.427 | -0.280,0.072,0.001,-0.000
cam1 intrinsics = 465.502,463.901,377.109,257.049 | -0.279,0.071,0.001,-0.000
cam0 extrinsics = -0.007,0.006,0.703,0.711 | 0.063,-0.050,0.009
cam1 extrinsics = -0.002,0.011,0.704,0.710 | -0.054,-0.049,0.010
q_GtoI = 0.687,-0.487,0.428,0.327 | p_IinG = 6.091,-6.899,0.776 | dist = 42.95 (meters)
bg = -0.0061,0.0227,0.0759 | ba = -0.0032,-0.0197,0.1761
camera-imu timeoffset = 0.00004
cam0 intrinsics = 466.798,465.209,364.601,250.430 | -0.280,0.072,0.001,-0.000
cam1 intrinsics = 465.504,463.901,377.110,257.051 | -0.279,0.071,0.001,-0.000
cam0 extrinsics = -0.007,0.006,0.703,0.711 | 0.063,-0.050,0.009
cam1 extrinsics = -0.002,0.011,0.704,0.710 | -0.054,-0.049,0.010
q_GtoI = 0.686,-0.487,0.430,0.327 | p_IinG = 6.088,-6.977,0.771 | dist = 43.03 (meters)
bg = -0.0059,0.0226,0.0760 | ba = -0.0018,-0.0184,0.1756
camera-imu timeoffset = 0.00004
cam0 intrinsics = 466.808,465.215,364.615,250.441 | -0.280,0.072,0.001,-0.000
cam1 intrinsics = 465.509,463.903,377.120,257.060 | -0.279,0.071,0.001,-0.000
cam0 extrinsics = -0.007,0.006,0.703,0.711 | 0.063,-0.050,0.010
cam1 extrinsics = -0.002,0.011,0.704,0.710 | -0.054,-0.049,0.010
q_GtoI = 0.684,-0.484,0.433,0.332 | p_IinG = 6.086,-7.056,0.766 | dist = 43.11 (meters)
bg = -0.0057,0.0225,0.0759 | ba = 0.0004,-0.0166,0.1730
camera-imu timeoffset = 0.00004
cam0 intrinsics = 466.815,465.221,364.628,250.447 | -0.280,0.072,0.001,-0.000
cam1 intrinsics = 465.514,463.907,377.134,257.066 | -0.279,0.071,0.001,-0.000
cam0 extrinsics = -0.007,0.006,0.703,0.711 | 0.063,-0.050,0.010
cam1 extrinsics = -0.002,0.011,0.704,0.710 | -0.054,-0.049,0.010
q_GtoI = 0.681,-0.482,0.439,0.335 | p_IinG = 6.084,-7.136,0.765 | dist = 43.19 (meters)
bg = -0.0055,0.0225,0.0761 | ba = 0.0020,-0.0169,0.1729
camera-imu timeoffset = 0.00004
cam0 intrinsics = 466.821,465.222,364.632,250.450 | -0.280,0.072,0.001,-0.000
cam1 intrinsics = 465.520,463.908,377.138,257.069 | -0.279,0.071,0.001,-0.000
cam0 extrinsics = -0.007,0.006,0.703,0.711 | 0.063,-0.050,0.010
cam1 extrinsics = -0.002,0.011,0.704,0.710 | -0.054,-0.048,0.010
q_GtoI = 0.679,-0.479,0.441,0.339 | p_IinG = 6.086,-7.215,0.767 | dist = 43.27 (meters)
bg = -0.0054,0.0225,0.0762 | ba = 0.0012,-0.0165,0.1738
camera-imu timeoffset = 0.00004
cam0 intrinsics = 466.839,465.231,364.620,250.486 | -0.280,0.072,0.001,-0.000
cam1 intrinsics = 465.535,463.916,377.124,257.105 | -0.279,0.071,0.001,-0.000
cam0 extrinsics = -0.007,0.006,0.703,0.711 | 0.063,-0.050,0.010
cam1 extrinsics = -0.002,0.011,0.704,0.710 | -0.054,-0.048,0.010
q_GtoI = 0.676,-0.475,0.446,0.344 | p_IinG = 6.090,-7.294,0.771 | dist = 43.35 (meters)
bg = -0.0052,0.0225,0.0763 | ba = 0.0001,-0.0161,0.1741
camera-imu timeoffset = 0.00004
cam0 intrinsics = 466.856,465.240,364.627,250.510 | -0.280,0.072,0.001,-0.000
cam1 intrinsics = 465.551,463.924,377.131,257.129 | -0.279,0.071,0.001,-0.000
cam0 extrinsics = -0.007,0.006,0.703,0.711 | 0.063,-0.050,0.010
cam1 extrinsics = -0.002,0.011,0.704,0.710 | -0.054,-0.048,0.010
q_GtoI = 0.674,-0.474,0.449,0.346 | p_IinG = 6.095,-7.373,0.775 | dist = 43.43 (meters)
bg = -0.0051,0.0225,0.0764 | ba = -0.0005,-0.0154,0.1738
camera-imu timeoffset = 0.00004
cam0 intrinsics = 466.874,465.250,364.638,250.527 | -0.280,0.072,0.001,-0.000
cam1 intrinsics = 465.569,463.934,377.140,257.143 | -0.279,0.071,0.001,-0.000
cam0 extrinsics = -0.007,0.006,0.703,0.711 | 0.063,-0.050,0.010
cam1 extrinsics = -0.002,0.011,0.704,0.710 | -0.054,-0.048,0.010
q_GtoI = 0.673,-0.473,0.450,0.347 | p_IinG = 6.100,-7.451,0.781 | dist = 43.50 (meters)
bg = -0.0050,0.0225,0.0765 | ba = -0.0023,-0.0133,0.1721
camera-imu timeoffset = 0.00003
cam0 intrinsics = 466.887,465.258,364.628,250.541 | -0.280,0.072,0.001,-0.000
cam1 intrinsics = 465.582,463.943,377.129,257.157 | -0.279,0.071,0.001,-0.000
cam0 extrinsics = -0.007,0.006,0.703,0.711 | 0.063,-0.050,0.010
cam1 extrinsics = -0.002,0.011,0.704,0.710 | -0.054,-0.048,0.010
q_GtoI = 0.674,-0.473,0.449,0.347 | p_IinG = 6.105,-7.528,0.788 | dist = 43.58 (meters)
bg = -0.0049,0.0224,0.0766 | ba = -0.0046,-0.0114,0.1697
camera-imu timeoffset = 0.00004
cam0 intrinsics = 466.898,465.267,364.629,250.538 | -0.280,0.072,0.001,-0.000
cam1 intrinsics = 465.591,463.952,377.130,257.154 | -0.279,0.071,0.001,-0.000
cam0 extrinsics = -0.007,0.006,0.703,0.711 | 0.063,-0.050,0.010
cam1 extrinsics = -0.002,0.011,0.704,0.710 | -0.054,-0.049,0.010
q_GtoI = 0.674,-0.475,0.449,0.345 | p_IinG = 6.110,-7.604,0.797 | dist = 43.66 (meters)
bg = -0.0048,0.0223,0.0767 | ba = -0.0076,-0.0100,0.1677
camera-imu timeoffset = 0.00003
cam0 intrinsics = 466.910,465.275,364.633,250.535 | -0.280,0.072,0.001,-0.000
cam1 intrinsics = 465.603,463.960,377.134,257.151 | -0.279,0.071,0.001,-0.000
cam0 extrinsics = -0.007,0.006,0.703,0.711 | 0.063,-0.050,0.010
cam1 extrinsics = -0.002,0.011,0.704,0.710 | -0.054,-0.048,0.011
q_GtoI = 0.676,-0.477,0.445,0.343 | p_IinG = 6.115,-7.681,0.806 | dist = 43.73 (meters)
bg = -0.0047,0.0222,0.0768 | ba = -0.0101,-0.0073,0.1650
camera-imu timeoffset = 0.00003
cam0 intrinsics = 466.911,465.277,364.635,250.534 | -0.280,0.072,0.001,-0.000
cam1 intrinsics = 465.606,463.964,377.134,257.150 | -0.279,0.071,0.001,-0.000
cam0 extrinsics = -0.007,0.006,0.703,0.711 | 0.063,-0.050,0.010
cam1 extrinsics = -0.002,0.011,0.704,0.710 | -0.053,-0.048,0.011
q_GtoI = 0.678,-0.478,0.441,0.341 | p_IinG = 6.121,-7.756,0.815 | dist = 43.81 (meters)
bg = -0.0046,0.0221,0.0769 | ba = -0.0119,-0.0053,0.1641
camera-imu timeoffset = 0.00002
cam0 intrinsics = 466.918,465.282,364.634,250.530 | -0.280,0.072,0.001,-0.000
cam1 intrinsics = 465.612,463.969,377.133,257.146 | -0.279,0.071,0.001,-0.000
cam0 extrinsics = -0.007,0.006,0.703,0.711 | 0.063,-0.049,0.011
cam1 extrinsics = -0.002,0.011,0.704,0.710 | -0.053,-0.048,0.011
q_GtoI = 0.680,-0.481,0.438,0.338 | p_IinG = 6.128,-7.830,0.824 | dist = 43.88 (meters)
bg = -0.0046,0.0220,0.0768 | ba = -0.0138,-0.0038,0.1633
camera-imu timeoffset = 0.00003
cam0 intrinsics = 466.921,465.282,364.634,250.528 | -0.280,0.072,0.001,-0.000
cam1 intrinsics = 465.615,463.969,377.135,257.144 | -0.279,0.071,0.001,-0.000
cam0 extrinsics = -0.007,0.006,0.703,0.711 | 0.063,-0.049,0.011
cam1 extrinsics = -0.002,0.011,0.704,0.710 | -0.053,-0.048,0.012
q_GtoI = 0.681,-0.483,0.435,0.336 | p_IinG = 6.137,-7.904,0.831 | dist = 43.96 (meters)
bg = -0.0045,0.0220,0.0768 | ba = -0.0150,-0.0024,0.1634
camera-imu timeoffset = 0.00003
cam0 intrinsics = 466.924,465.282,364.633,250.535 | -0.280,0.072,0.001,-0.000
cam1 intrinsics = 465.619,463.971,377.131,257.150 | -0.279,0.071,0.001,-0.000
cam0 extrinsics = -0.007,0.006,0.703,0.711 | 0.063,-0.049,0.011
cam1 extrinsics = -0.002,0.011,0.704,0.710 | -0.053,-0.048,0.012
q_GtoI = 0.681,-0.484,0.434,0.335 | p_IinG = 6.149,-7.976,0.838 | dist = 44.03 (meters)
bg = -0.0040,0.0218,0.0771 | ba = -0.0161,0.0010,0.1645
camera-imu timeoffset = 0.00003
cam0 intrinsics = 466.917,465.265,364.618,250.570 | -0.280,0.072,0.001,-0.000
cam1 intrinsics = 465.616,463.956,377.115,257.186 | -0.279,0.071,0.001,-0.000
cam0 extrinsics = -0.007,0.006,0.703,0.711 | 0.063,-0.049,0.012
cam1 extrinsics = -0.002,0.011,0.704,0.710 | -0.053,-0.048,0.012
q_GtoI = 0.681,-0.483,0.435,0.337 | p_IinG = 6.160,-8.051,0.843 | dist = 44.11 (meters)
bg = -0.0040,0.0219,0.0771 | ba = -0.0164,0.0013,0.1644
camera-imu timeoffset = 0.00003
cam0 intrinsics = 466.920,465.267,364.619,250.568 | -0.280,0.072,0.001,-0.000
cam1 intrinsics = 465.619,463.958,377.116,257.183 | -0.279,0.071,0.001,-0.000
cam0 extrinsics = -0.007,0.006,0.703,0.711 | 0.063,-0.049,0.012
cam1 extrinsics = -0.002,0.011,0.704,0.710 | -0.053,-0.048,0.012
q_GtoI = 0.679,-0.483,0.437,0.338 | p_IinG = 6.173,-8.126,0.848 | dist = 44.18 (meters)
bg = -0.0040,0.0219,0.0771 | ba = -0.0172,0.0012,0.1645
camera-imu timeoffset = 0.00003
cam0 intrinsics = 466.922,465.267,364.619,250.562 | -0.280,0.072,0.001,-0.000
cam1 intrinsics = 465.622,463.959,377.122,257.186 | -0.279,0.071,0.001,-0.000
cam0 extrinsics = -0.007,0.006,0.703,0.711 | 0.063,-0.049,0.011
cam1 extrinsics = -0.002,0.011,0.704,0.710 | -0.053,-0.048,0.012
q_GtoI = 0.678,-0.482,0.439,0.340 | p_IinG = 6.186,-8.202,0.853 | dist = 44.26 (meters)
bg = -0.0039,0.0219,0.0770 | ba = -0.0182,0.0003,0.1651
camera-imu timeoffset = 0.00003
cam0 intrinsics = 466.925,465.269,364.625,250.556 | -0.280,0.072,0.001,-0.000
cam1 intrinsics = 465.626,463.962,377.124,257.180 | -0.279,0.071,0.001,-0.000
cam0 extrinsics = -0.007,0.006,0.703,0.711 | 0.063,-0.049,0.011
cam1 extrinsics = -0.002,0.011,0.704,0.710 | -0.053,-0.048,0.012
q_GtoI = 0.677,-0.480,0.440,0.342 | p_IinG = 6.200,-8.279,0.856 | dist = 44.33 (meters)
bg = -0.0039,0.0219,0.0770 | ba = -0.0179,-0.0006,0.1648
camera-imu timeoffset = 0.00003
cam0 intrinsics = 466.922,465.267,364.628,250.548 | -0.280,0.072,0.001,-0.000
cam1 intrinsics = 465.626,463.962,377.129,257.173 | -0.279,0.071,0.001,-0.000
cam0 extrinsics = -0.007,0.006,0.703,0.711 | 0.063,-0.049,0.011
cam1 extrinsics = -0.002,0.011,0.704,0.710 | -0.053,-0.048,0.012
q_GtoI = 0.676,-0.480,0.441,0.343 | p_IinG = 6.215,-8.353,0.860 | dist = 44.41 (meters)
bg = -0.0037,0.0218,0.0771 | ba = -0.0178,-0.0008,0.1657
camera-imu timeoffset = 0.00003
cam0 intrinsics = 466.917,465.263,364.628,250.544 | -0.280,0.072,0.001,-0.000
cam1 intrinsics = 465.626,463.962,377.126,257.170 | -0.279,0.071,0.001,-0.000
cam0 extrinsics = -0.007,0.006,0.703,0.711 | 0.063,-0.049,0.011
cam1 extrinsics = -0.002,0.011,0.704,0.710 | -0.053,-0.048,0.012
q_GtoI = 0.675,-0.480,0.442,0.344 | p_IinG = 6.230,-8.427,0.864 | dist = 44.49 (meters)
bg = -0.0037,0.0219,0.0771 | ba = -0.0184,-0.0012,0.1665
camera-imu timeoffset = 0.00003
cam0 intrinsics = 466.916,465.262,364.625,250.552 | -0.280,0.072,0.001,-0.000
cam1 intrinsics = 465.624,463.962,377.122,257.178 | -0.279,0.071,0.001,-0.000
cam0 extrinsics = -0.007,0.006,0.703,0.711 | 0.063,-0.049,0.011
cam1 extrinsics = -0.002,0.011,0.704,0.710 | -0.053,-0.048,0.012
q_GtoI = 0.674,-0.480,0.444,0.344 | p_IinG = 6.245,-8.500,0.870 | dist = 44.56 (meters)
bg = -0.0036,0.0220,0.0772 | ba = -0.0198,-0.0026,0.1691
camera-imu timeoffset = 0.00003
cam0 intrinsics = 466.913,465.258,364.620,250.592 | -0.280,0.072,0.001,-0.000
cam1 intrinsics = 465.622,463.957,377.119,257.218 | -0.279,0.071,0.001,-0.000
cam0 extrinsics = -0.007,0.006,0.703,0.711 | 0.063,-0.049,0.011
cam1 extrinsics = -0.002,0.011,0.704,0.710 | -0.053,-0.048,0.012
q_GtoI = 0.675,-0.480,0.443,0.344 | p_IinG = 6.262,-8.574,0.874 | dist = 44.63 (meters)
bg = -0.0036,0.0220,0.0772 | ba = -0.0204,-0.0035,0.1692
camera-imu timeoffset = 0.00003
cam0 intrinsics = 466.914,465.260,364.623,250.592 | -0.280,0.072,0.001,-0.000
cam1 intrinsics = 465.624,463.960,377.123,257.219 | -0.279,0.071,0.001,-0.000
cam0 extrinsics = -0.007,0.006,0.703,0.711 | 0.063,-0.049,0.011
cam1 extrinsics = -0.002,0.011,0.704,0.710 | -0.053,-0.048,0.012
q_GtoI = 0.674,-0.481,0.444,0.343 | p_IinG = 6.287,-8.646,0.882 | dist = 44.71 (meters)
bg = -0.0034,0.0221,0.0774 | ba = -0.0230,-0.0054,0.1728
camera-imu timeoffset = 0.00003
cam0 intrinsics = 466.939,465.270,364.698,250.638 | -0.280,0.072,0.001,-0.000
cam1 intrinsics = 465.649,463.969,377.196,257.264 | -0.279,0.071,0.001,-0.000
cam0 extrinsics = -0.007,0.006,0.703,0.711 | 0.063,-0.049,0.011
cam1 extrinsics = -0.002,0.011,0.704,0.710 | -0.054,-0.048,0.011
q_GtoI = 0.674,-0.480,0.445,0.343 | p_IinG = 6.305,-8.720,0.886 | dist = 44.78 (meters)
bg = -0.0034,0.0221,0.0773 | ba = -0.0227,-0.0058,0.1728
camera-imu timeoffset = 0.00003
cam0 intrinsics = 466.943,465.274,364.692,250.631 | -0.280,0.072,0.001,-0.000
cam1 intrinsics = 465.653,463.975,377.190,257.259 | -0.279,0.071,0.001,-0.000
cam0 extrinsics = -0.007,0.006,0.703,0.711 | 0.063,-0.049,0.011
cam1 extrinsics = -0.002,0.011,0.704,0.710 | -0.054,-0.048,0.011
q_GtoI = 0.674,-0.481,0.444,0.343 | p_IinG = 6.323,-8.792,0.891 | dist = 44.86 (meters)
bg = -0.0034,0.0222,0.0773 | ba = -0.0225,-0.0069,0.1735
camera-imu timeoffset = 0.00003
cam0 intrinsics = 466.945,465.279,364.687,250.621 | -0.280,0.072,0.001,-0.000
cam1 intrinsics = 465.656,463.980,377.185,257.249 | -0.279,0.071,0.001,-0.000
cam0 extrinsics = -0.007,0.006,0.703,0.711 | 0.063,-0.049,0.011
cam1 extrinsics = -0.002,0.011,0.704,0.710 | -0.054,-0.048,0.011
q_GtoI = 0.674,-0.480,0.443,0.345 | p_IinG = 6.341,-8.865,0.895 | dist = 44.93 (meters)
bg = -0.0033,0.0222,0.0773 | ba = -0.0223,-0.0081,0.1737
camera-imu timeoffset = 0.00003
cam0 intrinsics = 466.950,465.284,364.679,250.607 | -0.280,0.072,0.001,-0.000
cam1 intrinsics = 465.662,463.987,377.177,257.235 | -0.279,0.071,0.001,-0.000
cam0 extrinsics = -0.007,0.006,0.703,0.711 | 0.063,-0.049,0.011
cam1 extrinsics = -0.002,0.011,0.704,0.710 | -0.054,-0.048,0.011
q_GtoI = 0.673,-0.479,0.444,0.346 | p_IinG = 6.361,-8.937,0.901 | dist = 45.00 (meters)
bg = -0.0033,0.0223,0.0773 | ba = -0.0218,-0.0087,0.1745
camera-imu timeoffset = 0.00003
cam0 intrinsics = 466.954,465.288,364.669,250.593 | -0.280,0.072,0.001,-0.000
cam1 intrinsics = 465.666,463.992,377.167,257.220 | -0.279,0.071,0.001,-0.000
cam0 extrinsics = -0.007,0.006,0.703,0.711 | 0.063,-0.049,0.011
cam1 extrinsics = -0.002,0.011,0.704,0.710 | -0.054,-0.048,0.011
q_GtoI = 0.673,-0.480,0.444,0.346 | p_IinG = 6.381,-9.006,0.907 | dist = 45.08 (meters)
bg = -0.0032,0.0224,0.0775 | ba = -0.0218,-0.0095,0.1757
camera-imu timeoffset = 0.00003
cam0 intrinsics = 466.957,465.291,364.661,250.586 | -0.280,0.072,0.001,-0.000
cam1 intrinsics = 465.670,463.996,377.158,257.212 | -0.279,0.071,0.001,-0.000
cam0 extrinsics = -0.007,0.006,0.703,0.711 | 0.063,-0.049,0.011
cam1 extrinsics = -0.002,0.011,0.704,0.710 | -0.054,-0.048,0.012
q_GtoI = 0.673,-0.480,0.445,0.345 | p_IinG = 6.407,-9.076,0.913 | dist = 45.15 (meters)
bg = -0.0031,0.0224,0.0776 | ba = -0.0205,-0.0099,0.1746
camera-imu timeoffset = 0.00003
cam0 intrinsics = 466.983,465.311,364.658,250.579 | -0.280,0.072,0.001,-0.000
cam1 intrinsics = 465.686,464.006,377.160,257.206 | -0.279,0.071,0.001,-0.000
cam0 extrinsics = -0.007,0.006,0.703,0.711 | 0.063,-0.049,0.011
cam1 extrinsics = -0.002,0.011,0.704,0.710 | -0.054,-0.048,0.012
q_GtoI = 0.674,-0.480,0.443,0.345 | p_IinG = 6.430,-9.147,0.919 | dist = 45.22 (meters)
bg = -0.0031,0.0225,0.0776 | ba = -0.0195,-0.0106,0.1745
camera-imu timeoffset = 0.00003
cam0 intrinsics = 466.990,465.316,364.654,250.568 | -0.280,0.072,0.001,-0.000
cam1 intrinsics = 465.691,464.010,377.156,257.194 | -0.279,0.071,0.001,-0.000
cam0 extrinsics = -0.007,0.006,0.703,0.711 | 0.063,-0.049,0.011
cam1 extrinsics = -0.002,0.011,0.704,0.710 | -0.054,-0.048,0.012
q_GtoI = 0.675,-0.480,0.442,0.345 | p_IinG = 6.451,-9.219,0.926 | dist = 45.30 (meters)
bg = -0.0031,0.0226,0.0776 | ba = -0.0193,-0.0117,0.1746
camera-imu timeoffset = 0.00003
cam0 intrinsics = 466.990,465.316,364.649,250.554 | -0.280,0.072,0.001,-0.000
cam1 intrinsics = 465.693,464.013,377.152,257.180 | -0.279,0.071,0.001,-0.000
cam0 extrinsics = -0.007,0.006,0.703,0.711 | 0.063,-0.049,0.011
cam1 extrinsics = -0.002,0.011,0.704,0.710 | -0.054,-0.048,0.012
q_GtoI = 0.675,-0.479,0.442,0.346 | p_IinG = 6.473,-9.291,0.932 | dist = 45.37 (meters)
bg = -0.0031,0.0227,0.0775 | ba = -0.0173,-0.0129,0.1735
camera-imu timeoffset = 0.00003
cam0 intrinsics = 466.996,465.323,364.640,250.525 | -0.280,0.072,0.001,-0.000
cam1 intrinsics = 465.698,464.019,377.150,257.154 | -0.279,0.071,0.001,-0.000
cam0 extrinsics = -0.007,0.006,0.703,0.711 | 0.063,-0.049,0.011
cam1 extrinsics = -0.002,0.011,0.704,0.710 | -0.054,-0.048,0.012
q_GtoI = 0.677,-0.478,0.439,0.348 | p_IinG = 6.499,-9.358,0.938 | dist = 45.44 (meters)
bg = -0.0032,0.0227,0.0774 | ba = -0.0151,-0.0128,0.1748
camera-imu timeoffset = 0.00003
cam0 intrinsics = 467.003,465.327,364.628,250.519 | -0.280,0.072,0.001,-0.000
cam1 intrinsics = 465.704,464.021,377.140,257.148 | -0.279,0.071,0.001,-0.000
cam0 extrinsics = -0.007,0.006,0.703,0.711 | 0.063,-0.049,0.011
cam1 extrinsics = -0.002,0.011,0.704,0.710 | -0.054,-0.048,0.012
q_GtoI = 0.677,-0.476,0.439,0.349 | p_IinG = 6.524,-9.427,0.944 | dist = 45.52 (meters)
bg = -0.0032,0.0227,0.0774 | ba = -0.0144,-0.0126,0.1750
camera-imu timeoffset = 0.00003
cam0 intrinsics = 467.007,465.331,364.620,250.506 | -0.280,0.072,0.001,-0.000
cam1 intrinsics = 465.706,464.024,377.132,257.138 | -0.279,0.071,0.001,-0.000
cam0 extrinsics = -0.007,0.006,0.703,0.711 | 0.063,-0.049,0.011
cam1 extrinsics = -0.002,0.011,0.704,0.710 | -0.054,-0.048,0.012
q_GtoI = 0.678,-0.475,0.438,0.351 | p_IinG = 6.549,-9.494,0.952 | dist = 45.59 (meters)
bg = -0.0031,0.0229,0.0774 | ba = -0.0153,-0.0137,0.1769
camera-imu timeoffset = 0.00003
cam0 intrinsics = 467.008,465.329,364.609,250.501 | -0.280,0.072,0.001,-0.000
cam1 intrinsics = 465.707,464.022,377.115,257.131 | -0.279,0.071,0.001,-0.000
cam0 extrinsics = -0.007,0.006,0.703,0.711 | 0.063,-0.049,0.011
cam1 extrinsics = -0.002,0.011,0.704,0.710 | -0.054,-0.048,0.012
q_GtoI = 0.678,-0.472,0.439,0.353 | p_IinG = 6.578,-9.562,0.960 | dist = 45.66 (meters)
bg = -0.0029,0.0232,0.0775 | ba = -0.0163,-0.0132,0.1769
camera-imu timeoffset = 0.00003
cam0 intrinsics = 467.008,465.330,364.600,250.500 | -0.280,0.072,0.001,-0.000
cam1 intrinsics = 465.706,464.024,377.104,257.130 | -0.279,0.071,0.001,-0.000
cam0 extrinsics = -0.007,0.006,0.703,0.711 | 0.063,-0.049,0.011
cam1 extrinsics = -0.002,0.011,0.704,0.710 | -0.054,-0.048,0.012
q_GtoI = 0.679,-0.468,0.440,0.355 | p_IinG = 6.607,-9.629,0.968 | dist = 45.73 (meters)
bg = -0.0028,0.0234,0.0776 | ba = -0.0168,-0.0127,0.1767
camera-imu timeoffset = 0.00003
cam0 intrinsics = 467.007,465.333,364.583,250.502 | -0.280,0.072,0.001,-0.000
cam1 intrinsics = 465.707,464.029,377.087,257.134 | -0.279,0.071,0.001,-0.000
cam0 extrinsics = -0.007,0.006,0.703,0.711 | 0.063,-0.049,0.011
cam1 extrinsics = -0.002,0.011,0.704,0.710 | -0.054,-0.048,0.012
q_GtoI = 0.681,-0.463,0.443,0.355 | p_IinG = 6.639,-9.696,0.976 | dist = 45.81 (meters)
bg = -0.0026,0.0236,0.0774 | ba = -0.0164,-0.0128,0.1757
camera-imu timeoffset = 0.00002
cam0 intrinsics = 467.008,465.338,364.582,250.483 | -0.280,0.072,0.001,-0.000
cam1 intrinsics = 465.706,464.032,377.084,257.117 | -0.279,0.071,0.001,-0.000
cam0 extrinsics = -0.007,0.006,0.703,0.711 | 0.063,-0.049,0.011
cam1 extrinsics = -0.002,0.011,0.704,0.710 | -0.054,-0.048,0.012
q_GtoI = 0.683,-0.457,0.445,0.355 | p_IinG = 6.672,-9.761,0.983 | dist = 45.88 (meters)
bg = -0.0024,0.0239,0.0774 | ba = -0.0154,-0.0130,0.1752
camera-imu timeoffset = 0.00002
cam0 intrinsics = 467.006,465.341,364.581,250.470 | -0.280,0.072,0.001,-0.000
cam1 intrinsics = 465.702,464.034,377.081,257.105 | -0.279,0.071,0.001,-0.000
cam0 extrinsics = -0.007,0.006,0.703,0.711 | 0.063,-0.049,0.011
cam1 extrinsics = -0.002,0.011,0.704,0.710 | -0.054,-0.048,0.012
q_GtoI = 0.686,-0.451,0.448,0.353 | p_IinG = 6.706,-9.826,0.991 | dist = 45.95 (meters)
bg = -0.0023,0.0240,0.0774 | ba = -0.0143,-0.0146,0.1750
camera-imu timeoffset = 0.00002
cam0 intrinsics = 467.003,465.346,364.576,250.457 | -0.280,0.072,0.001,-0.000
cam1 intrinsics = 465.697,464.037,377.075,257.091 | -0.279,0.071,0.001,-0.000
cam0 extrinsics = -0.007,0.006,0.703,0.711 | 0.063,-0.049,0.011
cam1 extrinsics = -0.002,0.011,0.704,0.710 | -0.054,-0.048,0.012
q_GtoI = 0.689,-0.445,0.451,0.351 | p_IinG = 6.742,-9.891,0.998 | dist = 46.02 (meters)
bg = -0.0021,0.0242,0.0774 | ba = -0.0125,-0.0162,0.1745
camera-imu timeoffset = 0.00002
cam0 intrinsics = 466.997,465.351,364.575,250.443 | -0.280,0.072,0.001,-0.000
cam1 intrinsics = 465.690,464.041,377.072,257.077 | -0.279,0.071,0.001,-0.000
cam0 extrinsics = -0.007,0.006,0.703,0.711 | 0.063,-0.050,0.011
cam1 extrinsics = -0.002,0.011,0.704,0.710 | -0.054,-0.048,0.012
q_GtoI = 0.690,-0.442,0.455,0.348 | p_IinG = 6.778,-9.954,1.006 | dist = 46.10 (meters)
bg = -0.0019,0.0245,0.0774 | ba = -0.0110,-0.0175,0.1746
camera-imu timeoffset = 0.00002
cam0 intrinsics = 466.991,465.354,364.573,250.431 | -0.280,0.072,0.001,-0.000
cam1 intrinsics = 465.682,464.042,377.069,257.063 | -0.279,0.071,0.001,-0.000
cam0 extrinsics = -0.007,0.006,0.703,0.711 | 0.063,-0.050,0.011
cam1 extrinsics = -0.002,0.011,0.704,0.710 | -0.054,-0.048,0.012
q_GtoI = 0.691,-0.440,0.460,0.343 | p_IinG = 6.820,-10.009,1.014 | dist = 46.17 (meters)
bg = -0.0016,0.0246,0.0774 | ba = -0.0096,-0.0156,0.1775
camera-imu timeoffset = 0.00002
cam0 intrinsics = 466.990,465.353,364.578,250.420 | -0.280,0.072,0.001,-0.000
cam1 intrinsics = 465.680,464.039,377.065,257.057 | -0.279,0.071,0.001,-0.000
cam0 extrinsics = -0.007,0.006,0.703,0.711 | 0.063,-0.049,0.011
cam1 extrinsics = -0.002,0.011,0.704,0.710 | -0.054,-0.048,0.012
q_GtoI = 0.692,-0.441,0.464,0.335 | p_IinG = 6.857,-10.068,1.021 | dist = 46.24 (meters)
bg = -0.0014,0.0248,0.0774 | ba = -0.0071,-0.0172,0.1794
camera-imu timeoffset = 0.00002
cam0 intrinsics = 466.986,465.357,364.578,250.413 | -0.280,0.072,0.001,-0.000
cam1 intrinsics = 465.673,464.041,377.063,257.051 | -0.279,0.071,0.001,-0.000
cam0 extrinsics = -0.007,0.006,0.703,0.711 | 0.063,-0.049,0.011
cam1 extrinsics = -0.002,0.011,0.704,0.710 | -0.054,-0.047,0.012
q_GtoI = 0.691,-0.446,0.468,0.323 | p_IinG = 6.897,-10.126,1.027 | dist = 46.31 (meters)
bg = -0.0012,0.0248,0.0776 | ba = -0.0047,-0.0176,0.1795
camera-imu timeoffset = 0.00002
cam0 intrinsics = 466.987,465.356,364.572,250.409 | -0.280,0.072,0.001,-0.000
cam1 intrinsics = 465.673,464.038,377.056,257.050 | -0.279,0.071,0.001,-0.000
cam0 extrinsics = -0.007,0.006,0.703,0.711 | 0.063,-0.049,0.011
cam1 extrinsics = -0.002,0.011,0.704,0.710 | -0.054,-0.047,0.012
q_GtoI = 0.691,-0.450,0.472,0.312 | p_IinG = 6.935,-10.182,1.032 | dist = 46.38 (meters)
bg = -0.0010,0.0247,0.0776 | ba = -0.0023,-0.0195,0.1817
camera-imu timeoffset = 0.00002
cam0 intrinsics = 466.982,465.360,364.572,250.402 | -0.280,0.072,0.001,-0.000
cam1 intrinsics = 465.666,464.040,377.056,257.044 | -0.279,0.071,0.001,-0.000
cam0 extrinsics = -0.007,0.006,0.703,0.711 | 0.063,-0.048,0.011
cam1 extrinsics = -0.002,0.011,0.704,0.710 | -0.054,-0.047,0.012
q_GtoI = 0.691,-0.454,0.474,0.302 | p_IinG = 6.974,-10.238,1.035 | dist = 46.45 (meters)
bg = -0.0009,0.0246,0.0776 | ba = 0.0002,-0.0208,0.1830
camera-imu timeoffset = 0.00002
cam0 intrinsics = 466.978,465.358,364.575,250.395 | -0.280,0.072,0.001,-0.000
cam1 intrinsics = 465.660,464.037,377.057,257.038 | -0.279,0.071,0.001,-0.000
cam0 extrinsics = -0.007,0.006,0.703,0.711 | 0.062,-0.048,0.011
cam1 extrinsics = -0.002,0.011,0.704,0.710 | -0.054,-0.047,0.012
q_GtoI = 0.691,-0.455,0.475,0.297 | p_IinG = 7.012,-10.294,1.038 | dist = 46.51 (meters)
bg = -0.0007,0.0246,0.0776 | ba = 0.0024,-0.0217,0.1851
camera-imu timeoffset = 0.00003
cam0 intrinsics = 466.976,465.361,364.582,250.390 | -0.280,0.072,0.001,-0.000
cam1 intrinsics = 465.656,464.037,377.062,257.034 | -0.279,0.071,0.001,-0.000
cam0 extrinsics = -0.007,0.006,0.703,0.711 | 0.062,-0.048,0.011
cam1 extrinsics = -0.002,0.011,0.704,0.710 | -0.055,-0.047,0.011
q_GtoI = 0.694,-0.454,0.474,0.296 | p_IinG = 7.049,-10.348,1.038 | dist = 46.58 (meters)
bg = -0.0007,0.0245,0.0774 | ba = 0.0054,-0.0229,0.1885
camera-imu timeoffset = 0.00003
cam0 intrinsics = 466.973,465.364,364.594,250.380 | -0.280,0.072,0.001,-0.000
cam1 intrinsics = 465.652,464.039,377.071,257.027 | -0.279,0.071,0.001,-0.000
cam0 extrinsics = -0.007,0.006,0.703,0.711 | 0.062,-0.048,0.011
cam1 extrinsics = -0.002,0.011,0.704,0.710 | -0.055,-0.047,0.011
q_GtoI = 0.696,-0.453,0.471,0.297 | p_IinG = 7.086,-10.403,1.038 | dist = 46.65 (meters)
bg = -0.0007,0.0245,0.0773 | ba = 0.0073,-0.0231,0.1917
camera-imu timeoffset = 0.00003
cam0 intrinsics = 466.974,465.366,364.600,250.378 | -0.280,0.072,0.001,-0.000
cam1 intrinsics = 465.652,464.040,377.074,257.026 | -0.279,0.071,0.001,-0.000
cam0 extrinsics = -0.007,0.006,0.703,0.711 | 0.062,-0.048,0.010
cam1 extrinsics = -0.002,0.011,0.704,0.710 | -0.055,-0.047,0.011
q_GtoI = 0.698,-0.451,0.469,0.300 | p_IinG = 7.123,-10.457,1.037 | dist = 46.71 (meters)
bg = -0.0007,0.0245,0.0772 | ba = 0.0098,-0.0228,0.1958
camera-imu timeoffset = 0.00003
cam0 intrinsics = 466.979,465.366,364.607,250.381 | -0.280,0.072,0.001,-0.000
cam1 intrinsics = 465.656,464.039,377.080,257.028 | -0.279,0.071,0.001,-0.000
cam0 extrinsics = -0.007,0.006,0.703,0.711 | 0.061,-0.049,0.010
cam1 extrinsics = -0.001,0.011,0.704,0.710 | -0.055,-0.047,0.011
q_GtoI = 0.700,-0.448,0.467,0.302 | p_IinG = 7.160,-10.512,1.037 | dist = 46.78 (meters)
bg = -0.0007,0.0246,0.0771 | ba = 0.0118,-0.0222,0.1998
camera-imu timeoffset = 0.00002
cam0 intrinsics = 466.985,465.367,364.613,250.387 | -0.280,0.072,0.001,-0.000
cam1 intrinsics = 465.662,464.039,377.083,257.036 | -0.279,0.071,0.001,-0.000
cam0 extrinsics = -0.007,0.006,0.703,0.711 | 0.061,-0.049,0.010
cam1 extrinsics = -0.001,0.011,0.704,0.710 | -0.056,-0.048,0.011
q_GtoI = 0.701,-0.447,0.466,0.303 | p_IinG = 7.196,-10.567,1.036 | dist = 46.85 (meters)
bg = -0.0007,0.0247,0.0770 | ba = 0.0139,-0.0223,0.2036
camera-imu timeoffset = 0.00002
cam0 intrinsics = 466.995,465.372,364.622,250.396 | -0.280,0.072,0.001,-0.000
cam1 intrinsics = 465.671,464.043,377.089,257.045 | -0.279,0.071,0.001,-0.000
cam0 extrinsics = -0.007,0.006,0.703,0.711 | 0.061,-0.049,0.010
cam1 extrinsics = -0.001,0.011,0.704,0.710 | -0.056,-0.048,0.011
q_GtoI = 0.702,-0.446,0.465,0.305 | p_IinG = 7.235,-10.619,1.034 | dist = 46.91 (meters)
bg = -0.0007,0.0246,0.0769 | ba = 0.0186,-0.0228,0.2065
camera-imu timeoffset = 0.00002
cam0 intrinsics = 467.016,465.382,364.632,250.393 | -0.280,0.072,0.001,-0.000
cam1 intrinsics = 465.711,464.070,377.098,257.040 | -0.279,0.071,0.001,-0.000
cam0 extrinsics = -0.007,0.006,0.703,0.711 | 0.060,-0.049,0.009
cam1 extrinsics = -0.001,0.011,0.704,0.710 | -0.057,-0.047,0.010
q_GtoI = 0.703,-0.445,0.463,0.306 | p_IinG = 7.271,-10.675,1.037 | dist = 46.98 (meters)
bg = -0.0006,0.0245,0.0768 | ba = 0.0192,-0.0216,0.2074
camera-imu timeoffset = 0.00002
cam0 intrinsics = 467.021,465.388,364.632,250.384 | -0.280,0.072,0.001,-0.000
cam1 intrinsics = 465.716,464.076,377.096,257.031 | -0.279,0.071,0.001,-0.000
cam0 extrinsics = -0.007,0.006,0.703,0.711 | 0.060,-0.049,0.010
cam1 extrinsics = -0.001,0.011,0.704,0.710 | -0.057,-0.047,0.010
q_GtoI = 0.703,-0.445,0.462,0.307 | p_IinG = 7.307,-10.731,1.041 | dist = 47.04 (meters)
bg = -0.0005,0.0245,0.0768 | ba = 0.0199,-0.0196,0.2097
camera-imu timeoffset = 0.00002
cam0 intrinsics = 467.027,465.399,364.630,250.373 | -0.280,0.072,0.001,-0.000
cam1 intrinsics = 465.722,464.086,377.092,257.020 | -0.279,0.071,0.001,-0.000
cam0 extrinsics = -0.007,0.006,0.703,0.711 | 0.060,-0.049,0.010
cam1 extrinsics = -0.001,0.011,0.704,0.710 | -0.057,-0.047,0.010
q_GtoI = 0.703,-0.445,0.462,0.308 | p_IinG = 7.343,-10.786,1.046 | dist = 47.11 (meters)
bg = -0.0004,0.0245,0.0767 | ba = 0.0200,-0.0186,0.2102
camera-imu timeoffset = 0.00002
cam0 intrinsics = 467.032,465.406,364.631,250.370 | -0.280,0.072,0.001,-0.000
cam1 intrinsics = 465.728,464.094,377.091,257.016 | -0.279,0.071,0.001,-0.000
cam0 extrinsics = -0.007,0.006,0.703,0.711 | 0.060,-0.048,0.010
cam1 extrinsics = -0.001,0.011,0.704,0.710 | -0.057,-0.047,0.010
q_GtoI = 0.702,-0.444,0.463,0.309 | p_IinG = 7.378,-10.842,1.054 | dist = 47.17 (meters)
bg = -0.0003,0.0245,0.0768 | ba = 0.0188,-0.0186,0.2108
camera-imu timeoffset = 0.00002
cam0 intrinsics = 467.034,465.413,364.629,250.363 | -0.280,0.072,0.001,-0.000
cam1 intrinsics = 465.729,464.101,377.088,257.008 | -0.279,0.071,0.001,-0.000
cam0 extrinsics = -0.007,0.006,0.703,0.711 | 0.060,-0.048,0.010
cam1 extrinsics = -0.001,0.011,0.704,0.710 | -0.057,-0.047,0.010
q_GtoI = 0.703,-0.444,0.461,0.311 | p_IinG = 7.412,-10.897,1.062 | dist = 47.24 (meters)
bg = -0.0002,0.0246,0.0769 | ba = 0.0173,-0.0186,0.2121
camera-imu timeoffset = 0.00002
cam0 intrinsics = 467.035,465.421,364.626,250.355 | -0.280,0.072,0.001,-0.000
cam1 intrinsics = 465.730,464.108,377.085,257.001 | -0.279,0.071,0.001,-0.000
cam0 extrinsics = -0.007,0.006,0.703,0.711 | 0.060,-0.048,0.010
cam1 extrinsics = -0.001,0.011,0.704,0.710 | -0.057,-0.047,0.010
q_GtoI = 0.703,-0.444,0.459,0.312 | p_IinG = 7.447,-10.953,1.070 | dist = 47.30 (meters)
bg = -0.0002,0.0247,0.0769 | ba = 0.0154,-0.0183,0.2131
camera-imu timeoffset = 0.00002
cam0 intrinsics = 467.035,465.428,364.629,250.353 | -0.280,0.072,0.001,-0.000
cam1 intrinsics = 465.731,464.116,377.086,256.998 | -0.279,0.071,0.001,-0.000
cam0 extrinsics = -0.007,0.006,0.703,0.711 | 0.059,-0.048,0.010
cam1 extrinsics = -0.001,0.011,0.704,0.710 | -0.057,-0.047,0.010
q_GtoI = 0.704,-0.443,0.458,0.314 | p_IinG = 7.485,-11.008,1.078 | dist = 47.37 (meters)
bg = -0.0001,0.0248,0.0768 | ba = 0.0120,-0.0167,0.2150
camera-imu timeoffset = 0.00002
cam0 intrinsics = 467.036,465.436,364.637,250.347 | -0.280,0.072,0.001,-0.000
cam1 intrinsics = 465.731,464.122,377.091,256.994 | -0.279,0.071,0.001,-0.000
cam0 extrinsics = -0.007,0.006,0.703,0.711 | 0.059,-0.048,0.010
cam1 extrinsics = -0.001,0.011,0.704,0.710 | -0.058,-0.047,0.010
q_GtoI = 0.705,-0.442,0.456,0.317 | p_IinG = 7.521,-11.065,1.083 | dist = 47.43 (meters)
bg = -0.0001,0.0250,0.0767 | ba = 0.0105,-0.0166,0.2158
camera-imu timeoffset = 0.00002
cam0 intrinsics = 467.041,465.445,364.633,250.331 | -0.280,0.072,0.001,-0.000
cam1 intrinsics = 465.737,464.132,377.088,256.980 | -0.279,0.071,0.001,-0.000
cam0 extrinsics = -0.007,0.006,0.703,0.711 | 0.059,-0.048,0.010
cam1 extrinsics = -0.001,0.011,0.704,0.710 | -0.058,-0.047,0.010
q_GtoI = 0.706,-0.439,0.454,0.319 | p_IinG = 7.561,-11.119,1.090 | dist = 47.50 (meters)
bg = -0.0000,0.0254,0.0765 | ba = 0.0055,-0.0154,0.2221
camera-imu timeoffset = 0.00002
cam0 intrinsics = 467.053,465.457,364.635,250.308 | -0.280,0.072,0.001,-0.000
cam1 intrinsics = 465.749,464.143,377.087,256.959 | -0.279,0.071,0.001,-0.000
cam0 extrinsics = -0.007,0.006,0.703,0.711 | 0.059,-0.048,0.010
cam1 extrinsics = -0.001,0.011,0.704,0.710 | -0.058,-0.047,0.010
q_GtoI = 0.709,-0.436,0.453,0.321 | p_IinG = 7.602,-11.174,1.095 | dist = 47.56 (meters)
bg = 0.0000,0.0259,0.0764 | ba = 0.0035,-0.0151,0.2253
camera-imu timeoffset = 0.00001
cam0 intrinsics = 467.062,465.466,364.636,250.295 | -0.280,0.072,0.001,-0.000
cam1 intrinsics = 465.758,464.153,377.086,256.947 | -0.279,0.071,0.001,-0.000
cam0 extrinsics = -0.007,0.006,0.703,0.711 | 0.059,-0.048,0.010
cam1 extrinsics = -0.001,0.011,0.704,0.710 | -0.058,-0.047,0.010
q_GtoI = 0.711,-0.431,0.452,0.322 | p_IinG = 7.644,-11.230,1.098 | dist = 47.63 (meters)
bg = 0.0001,0.0262,0.0763 | ba = 0.0022,-0.0155,0.2278
camera-imu timeoffset = 0.00001
cam0 intrinsics = 467.068,465.473,364.637,250.284 | -0.280,0.072,0.001,-0.000
cam1 intrinsics = 465.766,464.161,377.085,256.936 | -0.279,0.071,0.001,-0.000
cam0 extrinsics = -0.007,0.006,0.703,0.711 | 0.059,-0.048,0.010
cam1 extrinsics = -0.001,0.011,0.704,0.710 | -0.058,-0.047,0.010
q_GtoI = 0.715,-0.426,0.451,0.321 | p_IinG = 7.688,-11.284,1.100 | dist = 47.70 (meters)
bg = 0.0002,0.0265,0.0761 | ba = 0.0015,-0.0150,0.2305
camera-imu timeoffset = 0.00001
cam0 intrinsics = 467.077,465.484,364.640,250.278 | -0.280,0.072,0.001,-0.000
cam1 intrinsics = 465.774,464.171,377.083,256.928 | -0.279,0.071,0.001,-0.000
cam0 extrinsics = -0.007,0.006,0.703,0.711 | 0.059,-0.048,0.009
cam1 extrinsics = -0.001,0.011,0.704,0.710 | -0.058,-0.047,0.010
q_GtoI = 0.719,-0.422,0.453,0.318 | p_IinG = 7.734,-11.337,1.100 | dist = 47.77 (meters)
bg = 0.0003,0.0268,0.0760 | ba = 0.0019,-0.0142,0.2329
camera-imu timeoffset = 0.00001
cam0 intrinsics = 467.083,465.495,364.640,250.273 | -0.280,0.072,0.001,-0.000
cam1 intrinsics = 465.780,464.182,377.081,256.924 | -0.279,0.071,0.001,-0.000
cam0 extrinsics = -0.007,0.006,0.703,0.711 | 0.059,-0.048,0.009
cam1 extrinsics = -0.001,0.011,0.704,0.710 | -0.058,-0.047,0.010
q_GtoI = 0.723,-0.416,0.455,0.313 | p_IinG = 7.781,-11.390,1.101 | dist = 47.84 (meters)
bg = 0.0005,0.0270,0.0760 | ba = 0.0033,-0.0140,0.2354
camera-imu timeoffset = 0.00001
cam0 intrinsics = 467.086,465.506,364.634,250.266 | -0.280,0.072,0.001,-0.000
cam1 intrinsics = 465.783,464.193,377.074,256.916 | -0.279,0.071,0.001,-0.000
cam0 extrinsics = -0.007,0.006,0.703,0.711 | 0.059,-0.048,0.009
cam1 extrinsics = -0.001,0.011,0.704,0.710 | -0.058,-0.047,0.010
q_GtoI = 0.725,-0.410,0.461,0.305 | p_IinG = 7.824,-11.443,1.102 | dist = 47.91 (meters)
bg = 0.0005,0.0269,0.0760 | ba = 0.0062,-0.0156,0.2414
camera-imu timeoffset = 0.00000
cam0 intrinsics = 467.087,465.508,364.634,250.263 | -0.280,0.072,0.001,-0.000
cam1 intrinsics = 465.781,464.192,377.070,256.912 | -0.279,0.071,0.001,-0.000
cam0 extrinsics = -0.007,0.006,0.703,0.711 | 0.060,-0.048,0.010
cam1 extrinsics = -0.001,0.011,0.704,0.710 | -0.057,-0.047,0.010
q_GtoI = 0.728,-0.403,0.469,0.297 | p_IinG = 7.869,-11.492,1.105 | dist = 47.98 (meters)
bg = 0.0007,0.0269,0.0759 | ba = 0.0100,-0.0153,0.2467
camera-imu timeoffset = -0.00000
cam0 intrinsics = 467.090,465.515,364.634,250.260 | -0.280,0.072,0.001,-0.000
cam1 intrinsics = 465.782,464.198,377.070,256.910 | -0.279,0.071,0.001,-0.000
cam0 extrinsics = -0.007,0.006,0.703,0.711 | 0.061,-0.048,0.010
cam1 extrinsics = -0.001,0.011,0.704,0.710 | -0.056,-0.047,0.010
q_GtoI = 0.730,-0.394,0.478,0.289 | p_IinG = 7.916,-11.540,1.106 | dist = 48.05 (meters)
bg = 0.0010,0.0267,0.0760 | ba = 0.0164,-0.0141,0.2507
camera-imu timeoffset = -0.00001
cam0 intrinsics = 467.086,465.515,364.636,250.263 | -0.280,0.072,0.001,-0.000
cam1 intrinsics = 465.781,464.200,377.080,256.915 | -0.279,0.071,0.001,-0.000
cam0 extrinsics = -0.007,0.006,0.703,0.711 | 0.062,-0.048,0.010
cam1 extrinsics = -0.001,0.011,0.704,0.710 | -0.055,-0.046,0.011
q_GtoI = 0.732,-0.385,0.487,0.280 | p_IinG = 7.960,-11.585,1.111 | dist = 48.12 (meters)
bg = 0.0012,0.0266,0.0759 | ba = 0.0202,-0.0142,0.2563
camera-imu timeoffset = -0.00001
cam0 intrinsics = 467.089,465.524,364.637,250.258 | -0.280,0.072,0.001,-0.000
cam1 intrinsics = 465.783,464.208,377.080,256.910 | -0.279,0.071,0.001,-0.000
cam0 extrinsics = -0.007,0.006,0.703,0.711 | 0.062,-0.047,0.010
cam1 extrinsics = -0.001,0.011,0.704,0.710 | -0.054,-0.046,0.011
q_GtoI = 0.735,-0.375,0.496,0.272 | p_IinG = 8.004,-11.628,1.118 | dist = 48.19 (meters)
bg = 0.0015,0.0265,0.0757 | ba = 0.0236,-0.0135,0.2623
camera-imu timeoffset = -0.00000
cam0 intrinsics = 467.089,465.535,364.637,250.257 | -0.280,0.072,0.001,-0.000
cam1 intrinsics = 465.783,464.218,377.081,256.908 | -0.279,0.071,0.001,-0.000
cam0 extrinsics = -0.007,0.006,0.703,0.711 | 0.063,-0.047,0.011
cam1 extrinsics = -0.001,0.011,0.704,0.710 | -0.054,-0.046,0.011
q_GtoI = 0.737,-0.364,0.505,0.265 | p_IinG = 8.050,-11.669,1.128 | dist = 48.26 (meters)
bg = 0.0018,0.0265,0.0758 | ba = 0.0262,-0.0115,0.2675
camera-imu timeoffset = -0.00000
cam0 intrinsics = 467.089,465.535,364.636,250.260 | -0.280,0.072,0.001,-0.000
cam1 intrinsics = 465.783,464.218,377.080,256.911 | -0.279,0.071,0.001,-0.000
cam0 extrinsics = -0.007,0.006,0.703,0.711 | 0.064,-0.047,0.011
cam1 extrinsics = -0.001,0.011,0.704,0.710 | -0.053,-0.045,0.011
q_GtoI = 0.739,-0.353,0.512,0.258 | p_IinG = 8.094,-11.708,1.139 | dist = 48.32 (meters)
bg = 0.0021,0.0265,0.0758 | ba = 0.0277,-0.0103,0.2723
camera-imu timeoffset = 0.00000
cam0 intrinsics = 467.097,465.545,364.631,250.266 | -0.280,0.072,0.001,-0.000
cam1 intrinsics = 465.790,464.226,377.074,256.916 | -0.279,0.071,0.001,-0.000
cam0 extrinsics = -0.007,0.006,0.703,0.711 | 0.065,-0.046,0.011
cam1 extrinsics = -0.001,0.011,0.704,0.710 | -0.052,-0.045,0.011
q_GtoI = 0.741,-0.344,0.518,0.253 | p_IinG = 8.136,-11.748,1.153 | dist = 48.39 (meters)
bg = 0.0022,0.0265,0.0759 | ba = 0.0278,-0.0111,0.2771
camera-imu timeoffset = 0.00001
cam0 intrinsics = 467.107,465.555,364.622,250.265 | -0.280,0.072,0.001,-0.000
cam1 intrinsics = 465.799,464.237,377.064,256.914 | -0.279,0.071,0.001,-0.000
cam0 extrinsics = -0.007,0.006,0.703,0.711 | 0.065,-0.046,0.011
cam1 extrinsics = -0.001,0.011,0.704,0.710 | -0.051,-0.045,0.011
q_GtoI = 0.743,-0.335,0.524,0.249 | p_IinG = 8.175,-11.785,1.166 | dist = 48.46 (meters)
bg = 0.0024,0.0263,0.0757 | ba = 0.0303,-0.0114,0.2819
camera-imu timeoffset = 0.00001
cam0 intrinsics = 467.117,465.569,364.618,250.264 | -0.280,0.072,0.001,-0.000
cam1 intrinsics = 465.810,464.251,377.060,256.913 | -0.279,0.071,0.001,-0.000
cam0 extrinsics = -0.007,0.006,0.703,0.711 | 0.066,-0.046,0.011
cam1 extrinsics = -0.001,0.011,0.704,0.710 | -0.051,-0.044,0.012
q_GtoI = 0.745,-0.329,0.527,0.244 | p_IinG = 8.213,-11.820,1.178 | dist = 48.52 (meters)
bg = 0.0025,0.0262,0.0757 | ba = 0.0330,-0.0115,0.2864
camera-imu timeoffset = 0.00001
cam0 intrinsics = 467.128,465.580,364.613,250.264 | -0.280,0.072,0.001,-0.000
cam1 intrinsics = 465.822,464.262,377.056,256.912 | -0.279,0.071,0.001,-0.000
cam0 extrinsics = -0.007,0.006,0.703,0.711 | 0.066,-0.045,0.011
cam1 extrinsics = -0.001,0.011,0.704,0.710 | -0.051,-0.044,0.012
q_GtoI = 0.748,-0.324,0.527,0.239 | p_IinG = 8.248,-11.853,1.191 | dist = 48.58 (meters)
bg = 0.0023,0.0259,0.0754 | ba = 0.0355,-0.0107,0.2935
camera-imu timeoffset = 0.00001
cam0 intrinsics = 467.147,465.597,364.606,250.270 | -0.280,0.072,0.001,-0.000
cam1 intrinsics = 465.840,464.279,377.049,256.917 | -0.279,0.071,0.001,-0.000
cam0 extrinsics = -0.007,0.006,0.703,0.711 | 0.066,-0.045,0.012
cam1 extrinsics = -0.001,0.011,0.704,0.710 | -0.050,-0.044,0.012
q_GtoI = 0.752,-0.321,0.526,0.235 | p_IinG = 8.285,-11.884,1.203 | dist = 48.64 (meters)
bg = 0.0022,0.0256,0.0752 | ba = 0.0375,-0.0098,0.2975
camera-imu timeoffset = 0.00001
cam0 intrinsics = 467.158,465.605,364.603,250.270 | -0.280,0.072,0.001,-0.000
cam1 intrinsics = 465.851,464.287,377.047,256.916 | -0.279,0.071,0.001,-0.000
cam0 extrinsics = -0.007,0.006,0.703,0.711 | 0.066,-0.045,0.012
cam1 extrinsics = -0.001,0.011,0.704,0.710 | -0.050,-0.044,0.012
q_GtoI = 0.755,-0.320,0.524,0.230 | p_IinG = 8.327,-11.917,1.213 | dist = 48.70 (meters)
bg = 0.0021,0.0251,0.0750 | ba = 0.0413,-0.0070,0.2983
camera-imu timeoffset = -0.00000
cam0 intrinsics = 467.167,465.609,364.607,250.269 | -0.280,0.072,0.001,-0.000
cam1 intrinsics = 465.861,464.292,377.051,256.914 | -0.279,0.071,0.001,-0.000
cam0 extrinsics = -0.007,0.006,0.703,0.711 | 0.066,-0.045,0.012
cam1 extrinsics = -0.001,0.011,0.704,0.710 | -0.050,-0.044,0.012
q_GtoI = 0.758,-0.317,0.522,0.228 | p_IinG = 8.363,-11.947,1.224 | dist = 48.75 (meters)
bg = 0.0019,0.0247,0.0750 | ba = 0.0429,-0.0057,0.3015
camera-imu timeoffset = -0.00000
cam0 intrinsics = 467.174,465.613,364.606,250.267 | -0.280,0.072,0.001,-0.000
cam1 intrinsics = 465.869,464.296,377.051,256.912 | -0.279,0.071,0.001,-0.000
cam0 extrinsics = -0.007,0.006,0.703,0.711 | 0.066,-0.045,0.012
cam1 extrinsics = -0.001,0.011,0.704,0.710 | -0.051,-0.044,0.013
q_GtoI = 0.760,-0.315,0.520,0.228 | p_IinG = 8.405,-11.978,1.237 | dist = 48.81 (meters)
bg = 0.0020,0.0246,0.0749 | ba = 0.0435,-0.0030,0.3014
camera-imu timeoffset = 0.00000
cam0 intrinsics = 467.175,465.611,364.605,250.270 | -0.280,0.072,0.001,-0.000
cam1 intrinsics = 465.871,464.294,377.049,256.913 | -0.279,0.071,0.001,-0.000
cam0 extrinsics = -0.007,0.006,0.703,0.711 | 0.066,-0.045,0.012
cam1 extrinsics = -0.001,0.011,0.704,0.710 | -0.051,-0.044,0.013
q_GtoI = 0.762,-0.314,0.518,0.228 | p_IinG = 8.442,-12.007,1.246 | dist = 48.86 (meters)
bg = 0.0019,0.0244,0.0749 | ba = 0.0446,-0.0011,0.3031
camera-imu timeoffset = 0.00000
cam0 intrinsics = 467.179,465.611,364.604,250.272 | -0.280,0.072,0.001,-0.000
cam1 intrinsics = 465.874,464.295,377.048,256.914 | -0.279,0.071,0.001,-0.000
cam0 extrinsics = -0.007,0.006,0.703,0.711 | 0.066,-0.045,0.012
cam1 extrinsics = -0.001,0.011,0.704,0.710 | -0.051,-0.044,0.013
q_GtoI = 0.763,-0.311,0.518,0.230 | p_IinG = 8.480,-12.036,1.255 | dist = 48.91 (meters)
bg = 0.0017,0.0241,0.0749 | ba = 0.0453,0.0004,0.3043
camera-imu timeoffset = 0.00000
cam0 intrinsics = 467.185,465.613,364.599,250.274 | -0.280,0.072,0.001,-0.000
cam1 intrinsics = 465.879,464.296,377.046,256.914 | -0.279,0.071,0.001,-0.000
cam0 extrinsics = -0.007,0.006,0.703,0.711 | 0.066,-0.045,0.012
cam1 extrinsics = -0.001,0.011,0.704,0.710 | -0.051,-0.044,0.013
q_GtoI = 0.764,-0.308,0.517,0.234 | p_IinG = 8.516,-12.062,1.264 | dist = 48.96 (meters)
bg = 0.0016,0.0239,0.0749 | ba = 0.0455,0.0025,0.3058
camera-imu timeoffset = 0.00000
cam0 intrinsics = 467.187,465.614,364.597,250.280 | -0.280,0.072,0.001,-0.000
cam1 intrinsics = 465.880,464.296,377.046,256.918 | -0.279,0.071,0.001,-0.000
cam0 extrinsics = -0.007,0.006,0.703,0.711 | 0.065,-0.045,0.013
cam1 extrinsics = -0.001,0.011,0.704,0.710 | -0.051,-0.044,0.013
q_GtoI = 0.763,-0.306,0.518,0.237 | p_IinG = 8.553,-12.087,1.270 | dist = 49.01 (meters)
bg = 0.0014,0.0238,0.0748 | ba = 0.0470,0.0043,0.3069
camera-imu timeoffset = 0.00000
cam0 intrinsics = 467.193,465.618,364.593,250.283 | -0.280,0.072,0.001,-0.000
cam1 intrinsics = 465.884,464.299,377.044,256.920 | -0.279,0.071,0.001,-0.000
cam0 extrinsics = -0.007,0.006,0.703,0.711 | 0.065,-0.045,0.013
cam1 extrinsics = -0.001,0.011,0.704,0.710 | -0.051,-0.044,0.014
q_GtoI = 0.762,-0.304,0.519,0.241 | p_IinG = 8.589,-12.111,1.275 | dist = 49.06 (meters)
bg = 0.0013,0.0236,0.0748 | ba = 0.0483,0.0068,0.3083
camera-imu timeoffset = -0.00000
cam0 intrinsics = 467.199,465.621,364.590,250.288 | -0.280,0.072,0.001,-0.000
cam1 intrinsics = 465.889,464.301,377.042,256.923 | -0.279,0.071,0.001,-0.000
cam0 extrinsics = -0.007,0.006,0.703,0.711 | 0.065,-0.045,0.013
cam1 extrinsics = -0.001,0.011,0.704,0.710 | -0.051,-0.044,0.014
q_GtoI = 0.760,-0.302,0.520,0.246 | p_IinG = 8.627,-12.133,1.281 | dist = 49.11 (meters)
bg = 0.0011,0.0235,0.0749 | ba = 0.0496,0.0087,0.3082
camera-imu timeoffset = 0.00000
cam0 intrinsics = 467.203,465.623,364.588,250.291 | -0.280,0.072,0.001,-0.000
cam1 intrinsics = 465.891,464.302,377.041,256.926 | -0.279,0.071,0.001,-0.000
cam0 extrinsics = -0.007,0.006,0.703,0.711 | 0.065,-0.045,0.013
cam1 extrinsics = -0.001,0.011,0.704,0.710 | -0.051,-0.044,0.014
q_GtoI = 0.759,-0.299,0.521,0.250 | p_IinG = 8.665,-12.153,1.285 | dist = 49.15 (meters)
bg = 0.0010,0.0234,0.0750 | ba = 0.0508,0.0108,0.3083
camera-imu timeoffset = 0.00000
cam0 intrinsics = 467.204,465.624,364.591,250.294 | -0.280,0.072,0.001,-0.000
cam1 intrinsics = 465.892,464.301,377.039,256.932 | -0.279,0.071,0.001,-0.000
cam0 extrinsics = -0.007,0.006,0.703,0.711 | 0.065,-0.045,0.014
cam1 extrinsics = -0.001,0.011,0.704,0.710 | -0.051,-0.044,0.014
q_GtoI = 0.759,-0.297,0.521,0.255 | p_IinG = 8.703,-12.169,1.288 | dist = 49.20 (meters)
bg = 0.0009,0.0234,0.0751 | ba = 0.0516,0.0137,0.3088
camera-imu timeoffset = 0.00001
cam0 intrinsics = 467.206,465.623,364.591,250.300 | -0.280,0.072,0.001,-0.000
cam1 intrinsics = 465.893,464.300,377.040,256.938 | -0.279,0.071,0.001,-0.000
cam0 extrinsics = -0.007,0.006,0.703,0.711 | 0.065,-0.045,0.014
cam1 extrinsics = -0.001,0.011,0.704,0.710 | -0.052,-0.043,0.015
q_GtoI = 0.756,-0.296,0.524,0.257 | p_IinG = 8.743,-12.183,1.291 | dist = 49.24 (meters)
bg = 0.0008,0.0233,0.0751 | ba = 0.0519,0.0165,0.3090
camera-imu timeoffset = 0.00001
cam0 intrinsics = 467.208,465.623,364.592,250.306 | -0.280,0.072,0.001,-0.000
cam1 intrinsics = 465.895,464.300,377.041,256.943 | -0.279,0.071,0.001,-0.000
cam0 extrinsics = -0.007,0.006,0.703,0.711 | 0.065,-0.045,0.014
cam1 extrinsics = -0.001,0.011,0.704,0.710 | -0.052,-0.043,0.015
q_GtoI = 0.752,-0.297,0.529,0.258 | p_IinG = 8.783,-12.196,1.294 | dist = 49.28 (meters)
bg = 0.0007,0.0233,0.0751 | ba = 0.0512,0.0191,0.3089
camera-imu timeoffset = 0.00001
cam0 intrinsics = 467.210,465.623,364.596,250.312 | -0.280,0.072,0.001,-0.000
cam1 intrinsics = 465.896,464.299,377.045,256.948 | -0.279,0.071,0.001,-0.000
cam0 extrinsics = -0.007,0.006,0.703,0.711 | 0.065,-0.045,0.014
cam1 extrinsics = -0.001,0.011,0.704,0.710 | -0.052,-0.043,0.015
q_GtoI = 0.746,-0.299,0.537,0.257 | p_IinG = 8.820,-12.206,1.294 | dist = 49.33 (meters)
bg = 0.0006,0.0233,0.0751 | ba = 0.0513,0.0216,0.3114
camera-imu timeoffset = 0.00002
cam0 intrinsics = 467.209,465.625,364.603,250.320 | -0.280,0.072,0.001,-0.000
cam1 intrinsics = 465.895,464.300,377.052,256.957 | -0.279,0.071,0.001,-0.000
cam0 extrinsics = -0.007,0.006,0.703,0.711 | 0.064,-0.045,0.014
cam1 extrinsics = -0.001,0.011,0.704,0.710 | -0.052,-0.043,0.015
q_GtoI = 0.739,-0.300,0.546,0.255 | p_IinG = 8.855,-12.213,1.292 | dist = 49.36 (meters)
bg = 0.0005,0.0232,0.0751 | ba = 0.0518,0.0228,0.3135
camera-imu timeoffset = 0.00002
cam0 intrinsics = 467.207,465.629,364.613,250.326 | -0.280,0.072,0.001,-0.000
cam1 intrinsics = 465.892,464.305,377.063,256.962 | -0.279,0.071,0.001,-0.000
cam0 extrinsics = -0.007,0.006,0.703,0.711 | 0.064,-0.044,0.014
cam1 extrinsics = -0.001,0.011,0.704,0.710 | -0.052,-0.043,0.015
q_GtoI = 0.733,-0.302,0.554,0.255 | p_IinG = 8.888,-12.217,1.290 | dist = 49.40 (meters)
bg = 0.0005,0.0233,0.0750 | ba = 0.0527,0.0246,0.3160
camera-imu timeoffset = 0.00002
cam0 intrinsics = 467.202,465.636,364.633,250.340 | -0.280,0.072,0.001,-0.000
cam1 intrinsics = 465.886,464.311,377.085,256.977 | -0.279,0.071,0.001,-0.000
cam0 extrinsics = -0.007,0.006,0.703,0.711 | 0.064,-0.044,0.014
cam1 extrinsics = -0.001,0.011,0.704,0.710 | -0.052,-0.043,0.015
q_GtoI = 0.728,-0.303,0.560,0.254 | p_IinG = 8.920,-12.219,1.287 | dist = 49.44 (meters)
bg = 0.0005,0.0233,0.0751 | ba = 0.0537,0.0252,0.3182
camera-imu timeoffset = 0.00002
cam0 intrinsics = 467.198,465.643,364.655,250.352 | -0.280,0.072,0.001,-0.000
cam1 intrinsics = 465.882,464.317,377.108,256.988 | -0.279,0.071,0.001,-0.000
cam0 extrinsics = -0.007,0.006,0.703,0.711 | 0.064,-0.044,0.014
cam1 extrinsics = -0.001,0.011,0.704,0.710 | -0.053,-0.043,0.015
q_GtoI = 0.724,-0.304,0.566,0.252 | p_IinG = 8.953,-12.219,1.284 | dist = 49.47 (meters)
bg = 0.0004,0.0234,0.0751 | ba = 0.0537,0.0253,0.3193
camera-imu timeoffset = 0.00002
cam0 intrinsics = 467.197,465.647,364.674,250.359 | -0.280,0.072,0.001,-0.000
cam1 intrinsics = 465.881,464.321,377.127,256.995 | -0.279,0.071,0.001,-0.000
cam0 extrinsics = -0.007,0.006,0.703,0.711 | 0.064,-0.044,0.014
cam1 extrinsics = -0.001,0.011,0.704,0.710 | -0.053,-0.043,0.015
q_GtoI = 0.720,-0.305,0.570,0.252 | p_IinG = 8.981,-12.215,1.279 | dist = 49.50 (meters)
bg = 0.0002,0.0235,0.0751 | ba = 0.0545,0.0263,0.3218
camera-imu timeoffset = 0.00002
cam0 intrinsics = 467.195,465.659,364.709,250.376 | -0.280,0.072,0.001,-0.000
cam1 intrinsics = 465.878,464.333,377.160,257.010 | -0.279,0.071,0.001,-0.000
cam0 extrinsics = -0.007,0.006,0.703,0.711 | 0.064,-0.044,0.014
cam1 extrinsics = -0.002,0.011,0.704,0.710 | -0.053,-0.043,0.015
q_GtoI = 0.719,-0.305,0.573,0.250 | p_IinG = 9.009,-12.207,1.276 | dist = 49.53 (meters)
bg = 0.0002,0.0235,0.0750 | ba = 0.0553,0.0274,0.3229
camera-imu timeoffset = 0.00002
cam0 intrinsics = 467.193,465.671,364.748,250.393 | -0.280,0.072,0.001,-0.000
cam1 intrinsics = 465.875,464.345,377.193,257.030 | -0.279,0.071,0.001,-0.000
cam0 extrinsics = -0.007,0.006,0.703,0.711 | 0.063,-0.044,0.014
cam1 extrinsics = -0.002,0.011,0.704,0.710 | -0.053,-0.043,0.015
q_GtoI = 0.720,-0.304,0.572,0.249 | p_IinG = 9.037,-12.197,1.274 | dist = 49.56 (meters)
bg = 0.0001,0.0235,0.0751 | ba = 0.0551,0.0277,0.3244
camera-imu timeoffset = 0.00002
cam0 intrinsics = 467.195,465.681,364.785,250.412 | -0.280,0.072,0.001,-0.000
cam1 intrinsics = 465.879,464.356,377.226,257.047 | -0.279,0.071,0.001,-0.000
cam0 extrinsics = -0.007,0.006,0.703,0.711 | 0.063,-0.044,0.014
cam1 extrinsics = -0.002,0.011,0.704,0.710 | -0.053,-0.043,0.015
q_GtoI = 0.723,-0.302,0.571,0.246 | p_IinG = 9.063,-12.184,1.276 | dist = 49.58 (meters)
bg = 0.0002,0.0236,0.0752 | ba = 0.0542,0.0283,0.3256
camera-imu timeoffset = 0.00002
cam0 intrinsics = 467.202,465.689,364.830,250.434 | -0.280,0.072,0.001,-0.000
cam1 intrinsics = 465.887,464.366,377.266,257.067 | -0.279,0.071,0.001,-0.000
cam0 extrinsics = -0.007,0.006,0.703,0.711 | 0.063,-0.044,0.014
cam1 extrinsics = -0.002,0.011,0.704,0.710 | -0.053,-0.043,0.015
q_GtoI = 0.727,-0.301,0.568,0.242 | p_IinG = 9.087,-12.169,1.282 | dist = 49.61 (meters)
bg = 0.0002,0.0236,0.0754 | ba = 0.0527,0.0294,0.3247
camera-imu timeoffset = 0.00002
cam0 intrinsics = 467.197,465.685,364.855,250.445 | -0.280,0.072,0.001,-0.000
cam1 intrinsics = 465.881,464.361,377.289,257.078 | -0.279,0.071,0.001,-0.000
cam0 extrinsics = -0.007,0.006,0.703,0.711 | 0.063,-0.044,0.014
cam1 extrinsics = -0.002,0.011,0.704,0.710 | -0.053,-0.043,0.015
q_GtoI = 0.732,-0.299,0.564,0.238 | p_IinG = 9.108,-12.151,1.290 | dist = 49.63 (meters)
bg = 0.0002,0.0236,0.0755 | ba = 0.0513,0.0302,0.3233
camera-imu timeoffset = 0.00002
cam0 intrinsics = 467.196,465.683,364.875,250.458 | -0.280,0.072,0.001,-0.000
cam1 intrinsics = 465.880,464.359,377.307,257.091 | -0.279,0.071,0.001,-0.000
cam0 extrinsics = -0.007,0.006,0.703,0.711 | 0.063,-0.044,0.014
cam1 extrinsics = -0.002,0.011,0.704,0.710 | -0.053,-0.043,0.015
q_GtoI = 0.736,-0.298,0.561,0.235 | p_IinG = 9.130,-12.131,1.300 | dist = 49.66 (meters)
bg = 0.0003,0.0237,0.0756 | ba = 0.0499,0.0316,0.3219
camera-imu timeoffset = 0.00002
cam0 intrinsics = 467.197,465.682,364.892,250.468 | -0.280,0.072,0.001,-0.000
cam1 intrinsics = 465.881,464.358,377.321,257.100 | -0.279,0.071,0.001,-0.000
cam0 extrinsics = -0.007,0.006,0.703,0.711 | 0.063,-0.044,0.014
cam1 extrinsics = -0.002,0.011,0.704,0.710 | -0.054,-0.043,0.015
q_GtoI = 0.740,-0.296,0.558,0.232 | p_IinG = 9.149,-12.109,1.313 | dist = 49.69 (meters)
bg = 0.0002,0.0238,0.0757 | ba = 0.0495,0.0335,0.3209
camera-imu timeoffset = 0.00002
cam0 intrinsics = 467.199,465.685,364.897,250.473 | -0.280,0.072,0.001,-0.000
cam1 intrinsics = 465.883,464.363,377.326,257.103 | -0.279,0.071,0.001,-0.000
cam0 extrinsics = -0.007,0.006,0.703,0.711 | 0.063,-0.044,0.014
cam1 extrinsics = -0.002,0.011,0.704,0.710 | -0.054,-0.043,0.015
q_GtoI = 0.743,-0.295,0.556,0.229 | p_IinG = 9.166,-12.087,1.327 | dist = 49.72 (meters)
bg = 0.0002,0.0239,0.0758 | ba = 0.0502,0.0345,0.3201
camera-imu timeoffset = 0.00002
cam0 intrinsics = 467.202,465.689,364.900,250.475 | -0.280,0.072,0.001,-0.000
cam1 intrinsics = 465.886,464.367,377.328,257.106 | -0.279,0.071,0.001,-0.000
cam0 extrinsics = -0.007,0.006,0.703,0.711 | 0.063,-0.044,0.014
cam1 extrinsics = -0.002,0.011,0.704,0.710 | -0.054,-0.043,0.015
q_GtoI = 0.746,-0.293,0.554,0.227 | p_IinG = 9.182,-12.062,1.342 | dist = 49.75 (meters)
bg = 0.0002,0.0241,0.0760 | ba = 0.0521,0.0361,0.3193
camera-imu timeoffset = 0.00002
cam0 intrinsics = 467.204,465.698,364.905,250.476 | -0.280,0.072,0.001,-0.000
cam1 intrinsics = 465.888,464.376,377.332,257.105 | -0.279,0.071,0.001,-0.000
cam0 extrinsics = -0.007,0.006,0.703,0.711 | 0.063,-0.044,0.014
cam1 extrinsics = -0.002,0.011,0.704,0.710 | -0.054,-0.043,0.015
q_GtoI = 0.748,-0.291,0.554,0.223 | p_IinG = 9.193,-12.035,1.357 | dist = 49.78 (meters)
bg = 0.0002,0.0240,0.0760 | ba = 0.0538,0.0369,0.3203
camera-imu timeoffset = 0.00002
cam0 intrinsics = 467.209,465.695,364.906,250.468 | -0.280,0.072,0.001,-0.000
cam1 intrinsics = 465.892,464.373,377.334,257.097 | -0.279,0.071,0.001,-0.000
cam0 extrinsics = -0.007,0.006,0.703,0.711 | 0.063,-0.044,0.014
cam1 extrinsics = -0.002,0.011,0.704,0.710 | -0.054,-0.043,0.015
q_GtoI = 0.749,-0.288,0.554,0.219 | p_IinG = 9.202,-12.005,1.374 | dist = 49.82 (meters)
bg = 0.0003,0.0241,0.0761 | ba = 0.0556,0.0377,0.3212
camera-imu timeoffset = 0.00001
cam0 intrinsics = 467.212,465.694,364.907,250.462 | -0.280,0.072,0.001,-0.000
cam1 intrinsics = 465.895,464.373,377.335,257.091 | -0.279,0.071,0.001,-0.000
cam0 extrinsics = -0.007,0.006,0.703,0.711 | 0.063,-0.044,0.014
cam1 extrinsics = -0.002,0.011,0.704,0.710 | -0.053,-0.043,0.014
q_GtoI = 0.752,-0.284,0.555,0.214 | p_IinG = 9.210,-11.974,1.390 | dist = 49.85 (meters)
bg = 0.0004,0.0242,0.0761 | ba = 0.0570,0.0385,0.3220
camera-imu timeoffset = 0.00001
cam0 intrinsics = 467.217,465.696,364.910,250.454 | -0.280,0.072,0.001,-0.000
cam1 intrinsics = 465.898,464.373,377.337,257.082 | -0.279,0.071,0.001,-0.000
cam0 extrinsics = -0.007,0.006,0.703,0.711 | 0.063,-0.044,0.014
cam1 extrinsics = -0.002,0.011,0.704,0.710 | -0.053,-0.043,0.015
q_GtoI = 0.754,-0.280,0.557,0.208 | p_IinG = 9.217,-11.942,1.405 | dist = 49.89 (meters)
bg = 0.0006,0.0243,0.0762 | ba = 0.0590,0.0392,0.3227
camera-imu timeoffset = 0.00001
cam0 intrinsics = 467.221,465.697,364.915,250.448 | -0.280,0.072,0.001,-0.000
cam1 intrinsics = 465.902,464.374,377.342,257.076 | -0.279,0.071,0.001,-0.000
cam0 extrinsics = -0.007,0.006,0.703,0.711 | 0.063,-0.044,0.014
cam1 extrinsics = -0.002,0.011,0.704,0.710 | -0.053,-0.043,0.014
q_GtoI = 0.757,-0.274,0.558,0.201 | p_IinG = 9.217,-11.908,1.416 | dist = 49.92 (meters)
bg = 0.0006,0.0242,0.0762 | ba = 0.0609,0.0393,0.3249
camera-imu timeoffset = 0.00001
cam0 intrinsics = 467.226,465.699,364.919,250.444 | -0.280,0.072,0.001,-0.000
cam1 intrinsics = 465.907,464.376,377.347,257.070 | -0.279,0.071,0.001,-0.000
cam0 extrinsics = -0.007,0.006,0.703,0.711 | 0.063,-0.044,0.014
cam1 extrinsics = -0.002,0.011,0.704,0.710 | -0.053,-0.043,0.015
q_GtoI = 0.761,-0.268,0.558,0.194 | p_IinG = 9.222,-11.874,1.427 | dist = 49.96 (meters)
bg = 0.0007,0.0240,0.0761 | ba = 0.0627,0.0404,0.3250
camera-imu timeoffset = 0.00001
cam0 intrinsics = 467.227,465.697,364.917,250.441 | -0.280,0.072,0.001,-0.000
cam1 intrinsics = 465.908,464.374,377.344,257.067 | -0.279,0.071,0.001,-0.000
cam0 extrinsics = -0.007,0.006,0.703,0.711 | 0.063,-0.044,0.014
cam1 extrinsics = -0.002,0.011,0.704,0.710 | -0.053,-0.043,0.014
q_GtoI = 0.766,-0.262,0.556,0.187 | p_IinG = 9.222,-11.837,1.436 | dist = 50.00 (meters)
bg = 0.0008,0.0238,0.0760 | ba = 0.0650,0.0423,0.3263
camera-imu timeoffset = 0.00001
cam0 intrinsics = 467.227,465.694,364.918,250.437 | -0.280,0.072,0.001,-0.000
cam1 intrinsics = 465.908,464.371,377.345,257.062 | -0.279,0.071,0.001,-0.000
cam0 extrinsics = -0.007,0.006,0.703,0.711 | 0.063,-0.044,0.014
cam1 extrinsics = -0.002,0.011,0.704,0.710 | -0.053,-0.043,0.014
q_GtoI = 0.773,-0.257,0.551,0.181 | p_IinG = 9.223,-11.802,1.443 | dist = 50.03 (meters)
bg = 0.0008,0.0237,0.0761 | ba = 0.0673,0.0441,0.3260
camera-imu timeoffset = 0.00001
cam0 intrinsics = 467.224,465.690,364.913,250.430 | -0.280,0.072,0.001,-0.000
cam1 intrinsics = 465.905,464.369,377.336,257.056 | -0.279,0.071,0.001,-0.000
cam0 extrinsics = -0.007,0.006,0.703,0.711 | 0.064,-0.044,0.014
cam1 extrinsics = -0.002,0.011,0.704,0.710 | -0.053,-0.043,0.014
q_GtoI = 0.781,-0.252,0.545,0.174 | p_IinG = 9.225,-11.766,1.453 | dist = 50.07 (meters)
bg = 0.0010,0.0236,0.0762 | ba = 0.0676,0.0459,0.3255
camera-imu timeoffset = 0.00001
cam0 intrinsics = 467.220,465.683,364.919,250.432 | -0.280,0.072,0.001,-0.000
cam1 intrinsics = 465.901,464.362,377.342,257.057 | -0.279,0.071,0.001,-0.000
cam0 extrinsics = -0.007,0.006,0.703,0.711 | 0.064,-0.044,0.013
cam1 extrinsics = -0.002,0.011,0.704,0.710 | -0.053,-0.043,0.014
q_GtoI = 0.787,-0.247,0.540,0.169 | p_IinG = 9.225,-11.729,1.464 | dist = 50.11 (meters)
bg = 0.0010,0.0236,0.0764 | ba = 0.0678,0.0488,0.3259
camera-imu timeoffset = 0.00001
cam0 intrinsics = 467.222,465.683,364.923,250.434 | -0.280,0.072,0.001,-0.000
cam1 intrinsics = 465.903,464.362,377.343,257.057 | -0.279,0.071,0.001,-0.000
cam0 extrinsics = -0.007,0.006,0.703,0.711 | 0.064,-0.044,0.013
cam1 extrinsics = -0.002,0.011,0.704,0.710 | -0.053,-0.043,0.014
q_GtoI = 0.792,-0.244,0.536,0.163 | p_IinG = 9.222,-11.692,1.476 | dist = 50.14 (meters)
bg = 0.0008,0.0235,0.0765 | ba = 0.0680,0.0509,0.3272
camera-imu timeoffset = 0.00001
cam0 intrinsics = 467.223,465.685,364.925,250.436 | -0.280,0.072,0.001,-0.000
cam1 intrinsics = 465.905,464.364,377.347,257.058 | -0.279,0.071,0.001,-0.000
cam0 extrinsics = -0.007,0.006,0.703,0.711 | 0.064,-0.044,0.013
cam1 extrinsics = -0.002,0.011,0.704,0.710 | -0.053,-0.043,0.014
q_GtoI = 0.795,-0.241,0.534,0.160 | p_IinG = 9.221,-11.654,1.492 | dist = 50.18 (meters)
bg = 0.0009,0.0236,0.0765 | ba = 0.0682,0.0544,0.3287
camera-imu timeoffset = 0.00001
cam0 intrinsics = 467.225,465.686,364.929,250.435 | -0.280,0.072,0.001,-0.000
cam1 intrinsics = 465.907,464.365,377.351,257.057 | -0.279,0.071,0.001,-0.000
cam0 extrinsics = -0.007,0.007,0.703,0.711 | 0.064,-0.044,0.013
cam1 extrinsics = -0.002,0.011,0.704,0.710 | -0.052,-0.043,0.014
q_GtoI = 0.798,-0.239,0.531,0.156 | p_IinG = 9.222,-11.618,1.510 | dist = 50.22 (meters)
bg = 0.0009,0.0235,0.0765 | ba = 0.0684,0.0570,0.3289
camera-imu timeoffset = 0.00001
cam0 intrinsics = 467.223,465.683,364.927,250.433 | -0.280,0.072,0.001,-0.000
cam1 intrinsics = 465.905,464.363,377.349,257.054 | -0.279,0.071,0.001,-0.000
cam0 extrinsics = -0.007,0.007,0.703,0.711 | 0.064,-0.044,0.013
cam1 extrinsics = -0.002,0.011,0.704,0.710 | -0.052,-0.043,0.013
q_GtoI = 0.801,-0.239,0.528,0.151 | p_IinG = 9.223,-11.582,1.528 | dist = 50.26 (meters)
bg = 0.0009,0.0236,0.0766 | ba = 0.0686,0.0597,0.3298
camera-imu timeoffset = 0.00000
cam0 intrinsics = 467.220,465.682,364.939,250.436 | -0.280,0.072,0.001,-0.000
cam1 intrinsics = 465.901,464.361,377.364,257.057 | -0.279,0.071,0.001,-0.000
cam0 extrinsics = -0.007,0.007,0.703,0.711 | 0.064,-0.044,0.013
cam1 extrinsics = -0.002,0.011,0.704,0.710 | -0.052,-0.043,0.013
q_GtoI = 0.803,-0.240,0.525,0.146 | p_IinG = 9.214,-11.550,1.539 | dist = 50.29 (meters)
bg = 0.0004,0.0231,0.0761 | ba = 0.0718,0.0601,0.3313
camera-imu timeoffset = 0.00000
cam0 intrinsics = 467.173,465.638,364.932,250.428 | -0.280,0.072,0.001,-0.000
cam1 intrinsics = 465.850,464.316,377.358,257.045 | -0.279,0.071,0.001,-0.000
cam0 extrinsics = -0.007,0.006,0.703,0.711 | 0.064,-0.044,0.013
cam1 extrinsics = -0.002,0.011,0.704,0.710 | -0.053,-0.043,0.013
q_GtoI = 0.806,-0.240,0.522,0.143 | p_IinG = 9.213,-11.518,1.551 | dist = 50.33 (meters)
bg = 0.0004,0.0231,0.0762 | ba = 0.0733,0.0620,0.3322
camera-imu timeoffset = 0.00000
cam0 intrinsics = 467.164,465.632,364.930,250.429 | -0.280,0.072,0.001,-0.000
cam1 intrinsics = 465.841,464.309,377.354,257.045 | -0.279,0.071,0.001,-0.000
cam0 extrinsics = -0.007,0.006,0.703,0.711 | 0.064,-0.044,0.013
cam1 extrinsics = -0.002,0.011,0.704,0.710 | -0.053,-0.043,0.013
q_GtoI = 0.808,-0.240,0.519,0.141 | p_IinG = 9.207,-11.488,1.563 | dist = 50.36 (meters)
bg = 0.0000,0.0230,0.0761 | ba = 0.0733,0.0637,0.3354
camera-imu timeoffset = 0.00000
cam0 intrinsics = 467.142,465.619,364.928,250.423 | -0.280,0.072,0.001,-0.000
cam1 intrinsics = 465.820,464.298,377.357,257.035 | -0.279,0.071,0.001,-0.000
cam0 extrinsics = -0.007,0.006,0.703,0.711 | 0.064,-0.044,0.013
cam1 extrinsics = -0.002,0.011,0.704,0.710 | -0.053,-0.043,0.013
q_GtoI = 0.811,-0.239,0.516,0.140 | p_IinG = 9.207,-11.458,1.572 | dist = 50.39 (meters)
bg = -0.0001,0.0229,0.0760 | ba = 0.0753,0.0666,0.3369
camera-imu timeoffset = 0.00000
cam0 intrinsics = 467.126,465.607,364.926,250.423 | -0.280,0.072,0.001,-0.000
cam1 intrinsics = 465.804,464.286,377.355,257.034 | -0.279,0.071,0.001,-0.000
cam0 extrinsics = -0.007,0.006,0.703,0.711 | 0.063,-0.044,0.013
cam1 extrinsics = -0.002,0.011,0.704,0.710 | -0.053,-0.043,0.013
q_GtoI = 0.812,-0.240,0.513,0.140 | p_IinG = 9.207,-11.429,1.581 | dist = 50.42 (meters)
bg = -0.0003,0.0230,0.0760 | ba = 0.0759,0.0683,0.3375
camera-imu timeoffset = 0.00000
cam0 intrinsics = 467.113,465.600,364.923,250.423 | -0.280,0.072,0.001,-0.000
cam1 intrinsics = 465.791,464.279,377.351,257.034 | -0.279,0.071,0.001,-0.000
cam0 extrinsics = -0.007,0.006,0.703,0.711 | 0.063,-0.044,0.013
cam1 extrinsics = -0.002,0.011,0.704,0.710 | -0.053,-0.043,0.013
q_GtoI = 0.812,-0.239,0.514,0.140 | p_IinG = 9.209,-11.403,1.589 | dist = 50.45 (meters)
bg = -0.0006,0.0230,0.0760 | ba = 0.0770,0.0701,0.3382
camera-imu timeoffset = -0.00000
cam0 intrinsics = 467.098,465.588,364.920,250.424 | -0.280,0.072,0.001,-0.000
cam1 intrinsics = 465.775,464.267,377.348,257.034 | -0.279,0.071,0.001,-0.000
cam0 extrinsics = -0.007,0.006,0.703,0.711 | 0.063,-0.044,0.013
cam1 extrinsics = -0.002,0.011,0.704,0.710 | -0.053,-0.043,0.013
q_GtoI = 0.810,-0.238,0.517,0.142 | p_IinG = 9.212,-11.377,1.596 | dist = 50.48 (meters)
bg = -0.0008,0.0231,0.0759 | ba = 0.0791,0.0732,0.3387
camera-imu timeoffset = -0.00000
cam0 intrinsics = 467.079,465.574,364.917,250.426 | -0.280,0.072,0.001,-0.000
cam1 intrinsics = 465.757,464.252,377.345,257.037 | -0.279,0.071,0.001,-0.000
cam0 extrinsics = -0.007,0.006,0.703,0.711 | 0.063,-0.044,0.013
cam1 extrinsics = -0.002,0.011,0.704,0.710 | -0.054,-0.043,0.013
q_GtoI = 0.807,-0.238,0.522,0.144 | p_IinG = 9.218,-11.352,1.602 | dist = 50.50 (meters)
bg = -0.0009,0.0230,0.0758 | ba = 0.0795,0.0755,0.3388
camera-imu timeoffset = -0.00000
cam0 intrinsics = 467.070,465.567,364.914,250.430 | -0.280,0.072,0.001,-0.000
cam1 intrinsics = 465.747,464.246,377.343,257.042 | -0.279,0.071,0.001,-0.000
cam0 extrinsics = -0.007,0.006,0.703,0.711 | 0.063,-0.044,0.013
cam1 extrinsics = -0.002,0.011,0.704,0.710 | -0.054,-0.043,0.013
q_GtoI = 0.803,-0.236,0.527,0.147 | p_IinG = 9.225,-11.330,1.607 | dist = 50.52 (meters)
bg = -0.0010,0.0232,0.0759 | ba = 0.0807,0.0765,0.3384
camera-imu timeoffset = -0.00001
cam0 intrinsics = 467.057,465.548,364.912,250.436 | -0.280,0.072,0.001,-0.000
cam1 intrinsics = 465.737,464.229,377.343,257.050 | -0.279,0.071,0.001,-0.000
cam0 extrinsics = -0.007,0.006,0.703,0.711 | 0.063,-0.044,0.013
cam1 extrinsics = -0.002,0.011,0.704,0.710 | -0.054,-0.043,0.013
q_GtoI = 0.799,-0.235,0.533,0.150 | p_IinG = 9.234,-11.307,1.611 | dist = 50.55 (meters)
bg = -0.0011,0.0233,0.0758 | ba = 0.0809,0.0792,0.3387
camera-imu timeoffset = -0.00001
cam0 intrinsics = 467.049,465.539,364.908,250.444 | -0.280,0.072,0.001,-0.000
cam1 intrinsics = 465.730,464.220,377.341,257.058 | -0.279,0.071,0.001,-0.000
cam0 extrinsics = -0.007,0.006,0.703,0.711 | 0.063,-0.044,0.013
cam1 extrinsics = -0.002,0.011,0.704,0.710 | -0.054,-0.043,0.014
q_GtoI = 0.795,-0.231,0.539,0.156 | p_IinG = 9.244,-11.284,1.613 | dist = 50.57 (meters)
bg = -0.0010,0.0234,0.0759 | ba = 0.0821,0.0809,0.3390
camera-imu timeoffset = -0.00001
cam0 intrinsics = 467.044,465.528,364.905,250.450 | -0.280,0.072,0.001,-0.000
cam1 intrinsics = 465.725,464.210,377.341,257.065 | -0.279,0.071,0.001,-0.000
cam0 extrinsics = -0.007,0.006,0.703,0.711 | 0.063,-0.044,0.013
cam1 extrinsics = -0.002,0.011,0.704,0.710 | -0.054,-0.043,0.014
q_GtoI = 0.792,-0.224,0.543,0.163 | p_IinG = 9.255,-11.259,1.614 | dist = 50.60 (meters)
bg = -0.0011,0.0235,0.0759 | ba = 0.0830,0.0835,0.3389
camera-imu timeoffset = 0.00000
cam0 intrinsics = 467.036,465.517,364.905,250.460 | -0.280,0.072,0.001,-0.000
cam1 intrinsics = 465.718,464.199,377.339,257.075 | -0.279,0.071,0.001,-0.000
cam0 extrinsics = -0.007,0.006,0.703,0.711 | 0.063,-0.044,0.013
cam1 extrinsics = -0.002,0.011,0.704,0.710 | -0.054,-0.042,0.014
q_GtoI = 0.791,-0.217,0.547,0.169 | p_IinG = 9.266,-11.232,1.616 | dist = 50.62 (meters)
bg = -0.0011,0.0237,0.0759 | ba = 0.0828,0.0864,0.3385
camera-imu timeoffset = 0.00001
cam0 intrinsics = 467.027,465.502,364.905,250.466 | -0.280,0.072,0.001,-0.000
cam1 intrinsics = 465.711,464.185,377.341,257.080 | -0.279,0.071,0.001,-0.000
cam0 extrinsics = -0.007,0.006,0.703,0.711 | 0.063,-0.043,0.013
cam1 extrinsics = -0.002,0.011,0.704,0.710 | -0.054,-0.042,0.014
q_GtoI = 0.789,-0.208,0.551,0.175 | p_IinG = 9.278,-11.204,1.615 | dist = 50.65 (meters)
bg = -0.0010,0.0238,0.0760 | ba = 0.0835,0.0882,0.3377
camera-imu timeoffset = 0.00001
cam0 intrinsics = 467.020,465.492,364.908,250.470 | -0.280,0.072,0.001,-0.000
cam1 intrinsics = 465.704,464.176,377.344,257.085 | -0.279,0.071,0.001,-0.000
cam0 extrinsics = -0.007,0.006,0.703,0.711 | 0.063,-0.043,0.013
cam1 extrinsics = -0.002,0.011,0.704,0.710 | -0.053,-0.042,0.014
q_GtoI = 0.790,-0.200,0.552,0.179 | p_IinG = 9.291,-11.174,1.615 | dist = 50.67 (meters)
bg = -0.0009,0.0239,0.0759 | ba = 0.0826,0.0910,0.3366
camera-imu timeoffset = 0.00001
cam0 intrinsics = 467.016,465.483,364.911,250.479 | -0.280,0.072,0.001,-0.000
cam1 intrinsics = 465.700,464.166,377.345,257.093 | -0.279,0.071,0.001,-0.000
cam0 extrinsics = -0.007,0.006,0.703,0.711 | 0.063,-0.043,0.013
cam1 extrinsics = -0.002,0.011,0.704,0.710 | -0.053,-0.042,0.014
q_GtoI = 0.790,-0.195,0.552,0.179 | p_IinG = 9.301,-11.143,1.612 | dist = 50.70 (meters)
bg = -0.0008,0.0239,0.0759 | ba = 0.0821,0.0934,0.3364
camera-imu timeoffset = 0.00001
cam0 intrinsics = 467.007,465.480,364.912,250.484 | -0.280,0.072,0.001,-0.000
cam1 intrinsics = 465.692,464.163,377.346,257.096 | -0.279,0.071,0.001,-0.000
cam0 extrinsics = -0.007,0.006,0.703,0.711 | 0.063,-0.043,0.013
cam1 extrinsics = -0.002,0.011,0.704,0.710 | -0.054,-0.042,0.013
q_GtoI = 0.791,-0.193,0.552,0.177 | p_IinG = 9.314,-11.109,1.608 | dist = 50.74 (meters)
bg = -0.0007,0.0240,0.0760 | ba = 0.0815,0.0946,0.3350
camera-imu timeoffset = 0.00001
cam0 intrinsics = 467.005,465.472,364.912,250.491 | -0.280,0.072,0.001,-0.000
cam1 intrinsics = 465.690,464.156,377.344,257.103 | -0.279,0.071,0.001,-0.000
cam0 extrinsics = -0.007,0.006,0.703,0.711 | 0.063,-0.043,0.013
cam1 extrinsics = -0.002,0.011,0.704,0.710 | -0.054,-0.042,0.013
q_GtoI = 0.793,-0.191,0.552,0.174 | p_IinG = 9.326,-11.074,1.602 | dist = 50.77 (meters)
bg = -0.0005,0.0239,0.0761 | ba = 0.0813,0.0967,0.3338
camera-imu timeoffset = 0.00001
cam0 intrinsics = 467.004,465.472,364.912,250.497 | -0.280,0.072,0.001,-0.000
cam1 intrinsics = 465.690,464.157,377.345,257.109 | -0.279,0.071,0.001,-0.000
cam0 extrinsics = -0.007,0.006,0.703,0.711 | 0.063,-0.043,0.013
cam1 extrinsics = -0.002,0.011,0.704,0.710 | -0.054,-0.042,0.013
q_GtoI = 0.794,-0.189,0.552,0.171 | p_IinG = 9.338,-11.037,1.596 | dist = 50.81 (meters)
bg = -0.0004,0.0239,0.0761 | ba = 0.0807,0.0984,0.3326
camera-imu timeoffset = 0.00001
cam0 intrinsics = 466.999,465.474,364.914,250.501 | -0.280,0.072,0.001,-0.000
cam1 intrinsics = 465.686,464.159,377.346,257.113 | -0.279,0.071,0.001,-0.000
cam0 extrinsics = -0.007,0.006,0.703,0.711 | 0.063,-0.043,0.013
cam1 extrinsics = -0.002,0.011,0.704,0.710 | -0.053,-0.042,0.013
q_GtoI = 0.795,-0.189,0.552,0.168 | p_IinG = 9.354,-10.991,1.595 | dist = 50.84 (meters)
bg = -0.0000,0.0240,0.0760 | ba = 0.0787,0.1033,0.3305
camera-imu timeoffset = 0.00001
cam0 intrinsics = 467.007,465.496,364.904,250.535 | -0.280,0.072,0.001,-0.000
cam1 intrinsics = 465.694,464.179,377.324,257.150 | -0.279,0.071,0.001,-0.000
cam0 extrinsics = -0.007,0.006,0.703,0.711 | 0.064,-0.043,0.013
cam1 extrinsics = -0.002,0.011,0.704,0.710 | -0.053,-0.042,0.013
q_GtoI = 0.795,-0.188,0.553,0.165 | p_IinG = 9.368,-10.950,1.591 | dist = 50.88 (meters)
bg = 0.0002,0.0241,0.0761 | ba = 0.0781,0.1059,0.3293
camera-imu timeoffset = 0.00001
cam0 intrinsics = 467.009,465.489,364.903,250.545 | -0.280,0.072,0.001,-0.000
cam1 intrinsics = 465.698,464.174,377.326,257.160 | -0.279,0.071,0.001,-0.000
cam0 extrinsics = -0.007,0.006,0.703,0.711 | 0.064,-0.043,0.013
cam1 extrinsics = -0.002,0.011,0.704,0.710 | -0.053,-0.042,0.013
q_GtoI = 0.795,-0.190,0.554,0.160 | p_IinG = 9.379,-10.905,1.587 | dist = 50.93 (meters)
bg = 0.0004,0.0240,0.0761 | ba = 0.0775,0.1087,0.3277
camera-imu timeoffset = 0.00001
cam0 intrinsics = 467.016,465.484,364.903,250.553 | -0.280,0.072,0.001,-0.000
cam1 intrinsics = 465.705,464.170,377.325,257.170 | -0.279,0.071,0.001,-0.000
cam0 extrinsics = -0.007,0.006,0.703,0.711 | 0.064,-0.044,0.013
cam1 extrinsics = -0.002,0.011,0.704,0.710 | -0.053,-0.042,0.013
q_GtoI = 0.795,-0.193,0.554,0.154 | p_IinG = 9.391,-10.859,1.584 | dist = 50.97 (meters)
bg = 0.0006,0.0239,0.0761 | ba = 0.0762,0.1114,0.3252
camera-imu timeoffset = 0.00001
cam0 intrinsics = 467.022,465.476,364.903,250.567 | -0.280,0.072,0.001,-0.000
cam1 intrinsics = 465.711,464.162,377.325,257.183 | -0.279,0.071,0.001,-0.000
cam0 extrinsics = -0.007,0.006,0.703,0.711 | 0.064,-0.044,0.013
cam1 extrinsics = -0.002,0.011,0.704,0.710 | -0.053,-0.043,0.013
q_GtoI = 0.795,-0.195,0.555,0.149 | p_IinG = 9.403,-10.811,1.586 | dist = 51.01 (meters)
bg = 0.0009,0.0240,0.0761 | ba = 0.0745,0.1146,0.3237
camera-imu timeoffset = 0.00001
cam0 intrinsics = 467.027,465.469,364.899,250.575 | -0.280,0.072,0.001,-0.000
cam1 intrinsics = 465.718,464.157,377.323,257.194 | -0.279,0.071,0.001,-0.000
cam0 extrinsics = -0.007,0.006,0.703,0.711 | 0.064,-0.044,0.013
cam1 extrinsics = -0.002,0.011,0.704,0.710 | -0.053,-0.043,0.013
q_GtoI = 0.796,-0.195,0.554,0.147 | p_IinG = 9.415,-10.765,1.589 | dist = 51.06 (meters)
bg = 0.0010,0.0239,0.0761 | ba = 0.0730,0.1147,0.3209
camera-imu timeoffset = 0.00001
cam0 intrinsics = 467.031,465.460,364.892,250.585 | -0.280,0.072,0.001,-0.000
cam1 intrinsics = 465.722,464.148,377.317,257.204 | -0.279,0.071,0.001,-0.000
cam0 extrinsics = -0.007,0.006,0.703,0.711 | 0.064,-0.044,0.013
cam1 extrinsics = -0.002,0.011,0.704,0.710 | -0.052,-0.043,0.013
q_GtoI = 0.795,-0.197,0.555,0.144 | p_IinG = 9.425,-10.717,1.595 | dist = 51.10 (meters)
bg = 0.0011,0.0239,0.0760 | ba = 0.0713,0.1156,0.3184
camera-imu timeoffset = 0.00001
cam0 intrinsics = 467.035,465.460,364.887,250.593 | -0.280,0.072,0.001,-0.000
cam1 intrinsics = 465.729,464.151,377.312,257.217 | -0.279,0.071,0.001,-0.000
cam0 extrinsics = -0.007,0.006,0.703,0.711 | 0.065,-0.044,0.013
cam1 extrinsics = -0.002,0.011,0.704,0.710 | -0.052,-0.043,0.013
q_GtoI = 0.793,-0.197,0.558,0.143 | p_IinG = 9.435,-10.669,1.605 | dist = 51.15 (meters)
bg = 0.0013,0.0240,0.0760 | ba = 0.0677,0.1171,0.3180
camera-imu timeoffset = 0.00002
cam0 intrinsics = 467.038,465.461,364.884,250.599 | -0.280,0.072,0.001,-0.000
cam1 intrinsics = 465.731,464.152,377.312,257.223 | -0.279,0.071,0.001,-0.000
cam0 extrinsics = -0.007,0.006,0.703,0.711 | 0.065,-0.044,0.013
cam1 extrinsics = -0.002,0.011,0.704,0.710 | -0.052,-0.043,0.013
q_GtoI = 0.792,-0.197,0.560,0.143 | p_IinG = 9.443,-10.620,1.614 | dist = 51.19 (meters)
bg = 0.0014,0.0240,0.0759 | ba = 0.0660,0.1184,0.3163
camera-imu timeoffset = 0.00001
cam0 intrinsics = 467.039,465.462,364.884,250.609 | -0.280,0.072,0.001,-0.000
cam1 intrinsics = 465.732,464.153,377.311,257.233 | -0.279,0.071,0.001,-0.000
cam0 extrinsics = -0.007,0.006,0.703,0.711 | 0.065,-0.044,0.013
cam1 extrinsics = -0.002,0.011,0.704,0.710 | -0.052,-0.043,0.013
q_GtoI = 0.793,-0.197,0.558,0.142 | p_IinG = 9.448,-10.567,1.627 | dist = 51.24 (meters)
bg = 0.0014,0.0239,0.0758 | ba = 0.0621,0.1223,0.3158
camera-imu timeoffset = 0.00001
cam0 intrinsics = 467.052,465.461,364.883,250.614 | -0.280,0.072,0.001,-0.000
cam1 intrinsics = 465.735,464.144,377.310,257.238 | -0.279,0.071,0.001,-0.000
cam0 extrinsics = -0.007,0.006,0.703,0.711 | 0.065,-0.044,0.013
cam1 extrinsics = -0.002,0.011,0.704,0.710 | -0.052,-0.043,0.014
q_GtoI = 0.796,-0.198,0.555,0.141 | p_IinG = 9.454,-10.518,1.638 | dist = 51.29 (meters)
bg = 0.0014,0.0237,0.0756 | ba = 0.0606,0.1233,0.3136
camera-imu timeoffset = 0.00000
cam0 intrinsics = 467.047,465.453,364.883,250.625 | -0.280,0.072,0.001,-0.000
cam1 intrinsics = 465.730,464.135,377.311,257.249 | -0.279,0.071,0.001,-0.000
cam0 extrinsics = -0.007,0.006,0.703,0.711 | 0.065,-0.044,0.013
cam1 extrinsics = -0.002,0.011,0.704,0.710 | -0.052,-0.043,0.014
q_GtoI = 0.799,-0.199,0.550,0.140 | p_IinG = 9.459,-10.468,1.651 | dist = 51.34 (meters)
bg = 0.0014,0.0235,0.0756 | ba = 0.0593,0.1249,0.3114
camera-imu timeoffset = 0.00000
cam0 intrinsics = 467.042,465.439,364.884,250.634 | -0.280,0.072,0.001,-0.000
cam1 intrinsics = 465.725,464.122,377.312,257.260 | -0.279,0.071,0.001,-0.000
cam0 extrinsics = -0.007,0.006,0.703,0.711 | 0.065,-0.044,0.013
cam1 extrinsics = -0.002,0.011,0.704,0.710 | -0.052,-0.043,0.014
q_GtoI = 0.803,-0.201,0.544,0.137 | p_IinG = 9.461,-10.422,1.661 | dist = 51.38 (meters)
bg = 0.0011,0.0233,0.0757 | ba = 0.0580,0.1256,0.3090
camera-imu timeoffset = 0.00000
cam0 intrinsics = 467.038,465.435,364.887,250.620 | -0.280,0.072,0.001,-0.000
cam1 intrinsics = 465.721,464.117,377.311,257.249 | -0.279,0.071,0.001,-0.000
cam0 extrinsics = -0.007,0.006,0.703,0.711 | 0.065,-0.044,0.014
cam1 extrinsics = -0.002,0.011,0.704,0.710 | -0.052,-0.043,0.014
q_GtoI = 0.805,-0.201,0.541,0.138 | p_IinG = 9.464,-10.375,1.676 | dist = 51.43 (meters)
bg = 0.0011,0.0232,0.0756 | ba = 0.0559,0.1266,0.3076
camera-imu timeoffset = 0.00000
cam0 intrinsics = 467.032,465.428,364.886,250.628 | -0.280,0.072,0.001,-0.000
cam1 intrinsics = 465.720,464.114,377.315,257.259 | -0.279,0.071,0.001,-0.000
cam0 extrinsics = -0.007,0.006,0.703,0.711 | 0.065,-0.044,0.014
cam1 extrinsics = -0.002,0.011,0.704,0.710 | -0.052,-0.043,0.014
q_GtoI = 0.807,-0.201,0.538,0.138 | p_IinG = 9.468,-10.326,1.690 | dist = 51.48 (meters)
bg = 0.0010,0.0230,0.0754 | ba = 0.0551,0.1292,0.3055
camera-imu timeoffset = 0.00001
cam0 intrinsics = 467.032,465.426,364.883,250.643 | -0.280,0.072,0.001,-0.000
cam1 intrinsics = 465.719,464.109,377.318,257.262 | -0.279,0.071,0.001,-0.000
cam0 extrinsics = -0.007,0.006,0.703,0.711 | 0.065,-0.044,0.014
cam1 extrinsics = -0.002,0.011,0.704,0.710 | -0.052,-0.042,0.014
q_GtoI = 0.808,-0.202,0.536,0.138 | p_IinG = 9.473,-10.279,1.704 | dist = 51.53 (meters)
bg = 0.0010,0.0229,0.0753 | ba = 0.0526,0.1293,0.3040
camera-imu timeoffset = 0.00001
cam0 intrinsics = 467.027,465.428,364.882,250.645 | -0.280,0.072,0.001,-0.000
cam1 intrinsics = 465.713,464.109,377.320,257.265 | -0.279,0.071,0.001,-0.000
cam0 extrinsics = -0.007,0.006,0.703,0.711 | 0.065,-0.044,0.014
cam1 extrinsics = -0.002,0.011,0.704,0.710 | -0.052,-0.042,0.014
q_GtoI = 0.808,-0.203,0.535,0.138 | p_IinG = 9.477,-10.227,1.720 | dist = 51.58 (meters)
bg = 0.0009,0.0229,0.0755 | ba = 0.0505,0.1326,0.3000
camera-imu timeoffset = 0.00001
cam0 intrinsics = 467.020,465.425,364.868,250.658 | -0.280,0.072,0.001,-0.000
cam1 intrinsics = 465.715,464.115,377.321,257.272 | -0.279,0.071,0.001,-0.000
cam0 extrinsics = -0.007,0.006,0.703,0.711 | 0.065,-0.044,0.014
cam1 extrinsics = -0.002,0.011,0.704,0.710 | -0.052,-0.042,0.014
q_GtoI = 0.808,-0.203,0.535,0.138 | p_IinG = 9.483,-10.181,1.729 | dist = 51.62 (meters)
bg = 0.0009,0.0228,0.0754 | ba = 0.0497,0.1326,0.2995
camera-imu timeoffset = 0.00001
cam0 intrinsics = 467.021,465.427,364.868,250.658 | -0.280,0.072,0.001,-0.000
cam1 intrinsics = 465.715,464.117,377.321,257.272 | -0.279,0.071,0.001,-0.000
cam0 extrinsics = -0.007,0.006,0.703,0.711 | 0.065,-0.044,0.014
cam1 extrinsics = -0.002,0.011,0.704,0.710 | -0.052,-0.042,0.014
q_GtoI = 0.808,-0.203,0.535,0.140 | p_IinG = 9.489,-10.136,1.738 | dist = 51.67 (meters)
bg = 0.0008,0.0227,0.0752 | ba = 0.0481,0.1335,0.2990
camera-imu timeoffset = 0.00001
cam0 intrinsics = 467.021,465.429,364.868,250.658 | -0.280,0.072,0.001,-0.000
cam1 intrinsics = 465.715,464.119,377.322,257.272 | -0.279,0.071,0.001,-0.000
cam0 extrinsics = -0.007,0.006,0.703,0.711 | 0.065,-0.044,0.014
cam1 extrinsics = -0.002,0.011,0.704,0.710 | -0.052,-0.042,0.014
q_GtoI = 0.808,-0.203,0.535,0.141 | p_IinG = 9.493,-10.090,1.747 | dist = 51.72 (meters)
bg = 0.0007,0.0227,0.0751 | ba = 0.0452,0.1344,0.3009
camera-imu timeoffset = 0.00001
cam0 intrinsics = 467.027,465.436,364.870,250.654 | -0.280,0.072,0.001,-0.000
cam1 intrinsics = 465.722,464.128,377.322,257.275 | -0.279,0.071,0.001,-0.000
cam0 extrinsics = -0.007,0.006,0.703,0.711 | 0.064,-0.044,0.014
cam1 extrinsics = -0.002,0.011,0.704,0.710 | -0.052,-0.042,0.014
q_GtoI = 0.809,-0.201,0.533,0.143 | p_IinG = 9.501,-10.044,1.753 | dist = 51.76 (meters)
bg = 0.0006,0.0226,0.0751 | ba = 0.0439,0.1358,0.3013
camera-imu timeoffset = 0.00001
cam0 intrinsics = 467.028,465.440,364.870,250.652 | -0.280,0.072,0.001,-0.000
cam1 intrinsics = 465.723,464.131,377.323,257.274 | -0.279,0.071,0.001,-0.000
cam0 extrinsics = -0.007,0.006,0.703,0.711 | 0.064,-0.044,0.014
cam1 extrinsics = -0.002,0.011,0.704,0.710 | -0.053,-0.042,0.014
q_GtoI = 0.809,-0.200,0.532,0.147 | p_IinG = 9.507,-9.990,1.759 | dist = 51.81 (meters)
bg = 0.0006,0.0226,0.0751 | ba = 0.0456,0.1408,0.3039
camera-imu timeoffset = 0.00001
cam0 intrinsics = 467.038,465.453,364.882,250.639 | -0.280,0.072,0.001,-0.000
cam1 intrinsics = 465.715,464.129,377.301,257.268 | -0.279,0.071,0.001,-0.000
cam0 extrinsics = -0.007,0.006,0.703,0.711 | 0.064,-0.043,0.014
cam1 extrinsics = -0.002,0.011,0.704,0.710 | -0.052,-0.042,0.014
q_GtoI = 0.810,-0.198,0.532,0.150 | p_IinG = 9.519,-9.943,1.761 | dist = 51.85 (meters)
bg = 0.0006,0.0226,0.0751 | ba = 0.0458,0.1424,0.3020
camera-imu timeoffset = 0.00001
cam0 intrinsics = 467.043,465.458,364.882,250.639 | -0.280,0.072,0.001,-0.000
cam1 intrinsics = 465.720,464.134,377.302,257.266 | -0.279,0.071,0.001,-0.000
cam0 extrinsics = -0.007,0.006,0.703,0.711 | 0.064,-0.043,0.014
cam1 extrinsics = -0.002,0.011,0.704,0.710 | -0.052,-0.042,0.014
q_GtoI = 0.811,-0.197,0.530,0.151 | p_IinG = 9.529,-9.898,1.762 | dist = 51.90 (meters)
bg = 0.0006,0.0226,0.0750 | ba = 0.0450,0.1429,0.3004
camera-imu timeoffset = 0.00001
cam0 intrinsics = 467.046,465.462,364.882,250.634 | -0.280,0.072,0.001,-0.000
cam1 intrinsics = 465.722,464.138,377.301,257.261 | -0.279,0.071,0.001,-0.000
cam0 extrinsics = -0.007,0.006,0.703,0.711 | 0.064,-0.043,0.014
cam1 extrinsics = -0.002,0.011,0.704,0.710 | -0.053,-0.042,0.014
q_GtoI = 0.810,-0.197,0.531,0.152 | p_IinG = 9.540,-9.853,1.763 | dist = 51.95 (meters)
bg = 0.0004,0.0227,0.0750 | ba = 0.0432,0.1427,0.2994
camera-imu timeoffset = 0.00001
cam0 intrinsics = 467.054,465.474,364.890,250.629 | -0.280,0.072,0.001,-0.000
cam1 intrinsics = 465.729,464.150,377.300,257.265 | -0.279,0.071,0.001,-0.000
cam0 extrinsics = -0.007,0.006,0.703,0.711 | 0.064,-0.043,0.014
cam1 extrinsics = -0.002,0.011,0.704,0.710 | -0.053,-0.042,0.014
q_GtoI = 0.810,-0.198,0.530,0.152 | p_IinG = 9.554,-9.806,1.764 | dist = 51.99 (meters)
bg = 0.0005,0.0229,0.0750 | ba = 0.0415,0.1441,0.2987
camera-imu timeoffset = 0.00001
cam0 intrinsics = 467.056,465.482,364.890,250.626 | -0.280,0.072,0.001,-0.000
cam1 intrinsics = 465.733,464.159,377.301,257.261 | -0.279,0.071,0.001,-0.000
cam0 extrinsics = -0.007,0.006,0.703,0.711 | 0.064,-0.043,0.014
cam1 extrinsics = -0.002,0.011,0.704,0.710 | -0.053,-0.042,0.014
q_GtoI = 0.810,-0.198,0.531,0.151 | p_IinG = 9.567,-9.759,1.764 | dist = 52.04 (meters)
bg = 0.0006,0.0228,0.0749 | ba = 0.0415,0.1453,0.2977
camera-imu timeoffset = 0.00001
cam0 intrinsics = 467.058,465.491,364.888,250.623 | -0.280,0.072,0.001,-0.000
cam1 intrinsics = 465.736,464.168,377.301,257.256 | -0.279,0.071,0.001,-0.000
cam0 extrinsics = -0.007,0.006,0.703,0.711 | 0.064,-0.043,0.014
cam1 extrinsics = -0.002,0.011,0.704,0.710 | -0.053,-0.042,0.014
q_GtoI = 0.810,-0.197,0.531,0.153 | p_IinG = 9.584,-9.711,1.766 | dist = 52.09 (meters)
bg = 0.0006,0.0228,0.0749 | ba = 0.0411,0.1470,0.2965
camera-imu timeoffset = 0.00001
cam0 intrinsics = 467.060,465.497,364.886,250.621 | -0.280,0.072,0.001,-0.000
cam1 intrinsics = 465.738,464.174,377.301,257.252 | -0.279,0.071,0.001,-0.000
cam0 extrinsics = -0.007,0.006,0.703,0.711 | 0.064,-0.043,0.014
cam1 extrinsics = -0.002,0.011,0.704,0.710 | -0.053,-0.042,0.014
q_GtoI = 0.810,-0.197,0.531,0.153 | p_IinG = 9.602,-9.661,1.769 | dist = 52.14 (meters)
bg = 0.0007,0.0227,0.0751 | ba = 0.0419,0.1491,0.2949
camera-imu timeoffset = 0.00001
cam0 intrinsics = 467.064,465.507,364.885,250.621 | -0.280,0.072,0.001,-0.000
cam1 intrinsics = 465.742,464.186,377.304,257.249 | -0.279,0.071,0.001,-0.000
cam0 extrinsics = -0.007,0.006,0.703,0.711 | 0.064,-0.043,0.014
cam1 extrinsics = -0.002,0.011,0.704,0.710 | -0.053,-0.042,0.014
q_GtoI = 0.809,-0.198,0.532,0.152 | p_IinG = 9.623,-9.612,1.777 | dist = 52.19 (meters)
bg = 0.0008,0.0228,0.0750 | ba = 0.0409,0.1506,0.2944
camera-imu timeoffset = 0.00001
cam0 intrinsics = 467.067,465.511,364.885,250.619 | -0.280,0.072,0.001,-0.000
cam1 intrinsics = 465.745,464.190,377.304,257.245 | -0.279,0.071,0.001,-0.000
cam0 extrinsics = -0.007,0.006,0.703,0.711 | 0.064,-0.043,0.014
cam1 extrinsics = -0.002,0.011,0.704,0.710 | -0.052,-0.042,0.014
q_GtoI = 0.808,-0.199,0.533,0.151 | p_IinG = 9.642,-9.565,1.787 | dist = 52.24 (meters)
bg = 0.0008,0.0229,0.0749 | ba = 0.0409,0.1513,0.2945
camera-imu timeoffset = 0.00001
cam0 intrinsics = 467.068,465.515,364.885,250.613 | -0.280,0.072,0.001,-0.000
cam1 intrinsics = 465.745,464.195,377.304,257.237 | -0.279,0.071,0.001,-0.000
cam0 extrinsics = -0.007,0.006,0.703,0.711 | 0.064,-0.043,0.014
cam1 extrinsics = -0.002,0.011,0.704,0.710 | -0.052,-0.042,0.014
q_GtoI = 0.807,-0.199,0.535,0.150 | p_IinG = 9.664,-9.517,1.799 | dist = 52.30 (meters)
bg = 0.0009,0.0231,0.0747 | ba = 0.0411,0.1520,0.2932
camera-imu timeoffset = 0.00001
cam0 intrinsics = 467.065,465.515,364.884,250.612 | -0.280,0.072,0.001,-0.000
cam1 intrinsics = 465.742,464.194,377.304,257.236 | -0.279,0.071,0.001,-0.000
cam0 extrinsics = -0.007,0.006,0.703,0.711 | 0.065,-0.044,0.014
cam1 extrinsics = -0.002,0.011,0.704,0.710 | -0.052,-0.042,0.014
q_GtoI = 0.804,-0.201,0.540,0.149 | p_IinG = 9.686,-9.471,1.814 | dist = 52.35 (meters)
bg = 0.0009,0.0232,0.0746 | ba = 0.0421,0.1522,0.2930
camera-imu timeoffset = 0.00001
cam0 intrinsics = 467.062,465.516,364.883,250.612 | -0.280,0.072,0.001,-0.000
cam1 intrinsics = 465.738,464.194,377.304,257.236 | -0.279,0.071,0.001,-0.000
cam0 extrinsics = -0.007,0.006,0.703,0.711 | 0.065,-0.044,0.014
cam1 extrinsics = -0.002,0.011,0.704,0.710 | -0.052,-0.042,0.014
q_GtoI = 0.801,-0.201,0.544,0.148 | p_IinG = 9.710,-9.423,1.830 | dist = 52.41 (meters)
bg = 0.0010,0.0232,0.0745 | ba = 0.0440,0.1529,0.2939
camera-imu timeoffset = 0.00001
cam0 intrinsics = 467.064,465.521,364.884,250.616 | -0.280,0.072,0.001,-0.000
cam1 intrinsics = 465.738,464.197,377.303,257.240 | -0.279,0.071,0.001,-0.000
cam0 extrinsics = -0.007,0.006,0.703,0.711 | 0.065,-0.044,0.014
cam1 extrinsics = -0.002,0.011,0.704,0.710 | -0.052,-0.043,0.014
q_GtoI = 0.800,-0.201,0.546,0.148 | p_IinG = 9.735,-9.374,1.847 | dist = 52.46 (meters)
bg = 0.0011,0.0232,0.0747 | ba = 0.0459,0.1541,0.2940
camera-imu timeoffset = 0.00001
cam0 intrinsics = 467.068,465.521,364.882,250.632 | -0.280,0.072,0.001,-0.000
cam1 intrinsics = 465.740,464.197,377.301,257.256 | -0.279,0.071,0.001,-0.000
cam0 extrinsics = -0.007,0.006,0.703,0.711 | 0.065,-0.044,0.014
cam1 extrinsics = -0.002,0.011,0.704,0.710 | -0.052,-0.043,0.014
q_GtoI = 0.799,-0.201,0.547,0.147 | p_IinG = 9.759,-9.325,1.867 | dist = 52.52 (meters)
bg = 0.0012,0.0234,0.0748 | ba = 0.0470,0.1558,0.2963
camera-imu timeoffset = 0.00001
cam0 intrinsics = 467.073,465.528,364.876,250.632 | -0.280,0.072,0.001,-0.000
cam1 intrinsics = 465.746,464.204,377.299,257.257 | -0.279,0.071,0.001,-0.000
cam0 extrinsics = -0.007,0.006,0.703,0.711 | 0.065,-0.044,0.014
cam1 extrinsics = -0.002,0.011,0.704,0.710 | -0.052,-0.043,0.014
q_GtoI = 0.798,-0.201,0.549,0.147 | p_IinG = 9.783,-9.277,1.887 | dist = 52.58 (meters)
bg = 0.0013,0.0235,0.0749 | ba = 0.0505,0.1568,0.2988
camera-imu timeoffset = 0.00001
cam0 intrinsics = 467.075,465.530,364.874,250.643 | -0.280,0.072,0.001,-0.000
cam1 intrinsics = 465.749,464.209,377.299,257.270 | -0.279,0.071,0.001,-0.000
cam0 extrinsics = -0.007,0.006,0.703,0.711 | 0.065,-0.044,0.014
cam1 extrinsics = -0.002,0.011,0.704,0.710 | -0.052,-0.043,0.014
q_GtoI = 0.796,-0.201,0.551,0.148 | p_IinG = 9.805,-9.227,1.909 | dist = 52.64 (meters)
bg = 0.0013,0.0235,0.0750 | ba = 0.0524,0.1581,0.3036
camera-imu timeoffset = 0.00001
cam0 intrinsics = 467.110,465.545,364.864,250.637 | -0.280,0.072,0.001,-0.000
cam1 intrinsics = 465.783,464.223,377.291,257.263 | -0.279,0.071,0.001,-0.000
cam0 extrinsics = -0.007,0.006,0.703,0.711 | 0.065,-0.044,0.014
cam1 extrinsics = -0.002,0.011,0.704,0.710 | -0.052,-0.043,0.015
q_GtoI = 0.794,-0.201,0.554,0.149 | p_IinG = 9.828,-9.177,1.933 | dist = 52.70 (meters)
bg = 0.0014,0.0236,0.0751 | ba = 0.0529,0.1590,0.3040
camera-imu timeoffset = 0.00001
cam0 intrinsics = 467.113,465.547,364.863,250.643 | -0.280,0.072,0.001,-0.000
cam1 intrinsics = 465.786,464.225,377.291,257.268 | -0.279,0.071,0.001,-0.000
cam0 extrinsics = -0.007,0.006,0.703,0.711 | 0.065,-0.044,0.014
cam1 extrinsics = -0.002,0.011,0.704,0.710 | -0.052,-0.043,0.015
q_GtoI = 0.790,-0.200,0.559,0.150 | p_IinG = 9.851,-9.126,1.957 | dist = 52.76 (meters)
bg = 0.0015,0.0237,0.0750 | ba = 0.0543,0.1599,0.3045
camera-imu timeoffset = 0.00001
cam0 intrinsics = 467.115,465.546,364.862,250.649 | -0.280,0.072,0.001,-0.000
cam1 intrinsics = 465.787,464.223,377.291,257.273 | -0.279,0.071,0.001,-0.000
cam0 extrinsics = -0.007,0.006,0.703,0.711 | 0.065,-0.044,0.014
cam1 extrinsics = -0.002,0.011,0.704,0.710 | -0.052,-0.043,0.015
q_GtoI = 0.787,-0.201,0.564,0.149 | p_IinG = 9.870,-9.074,1.980 | dist = 52.82 (meters)
bg = 0.0015,0.0239,0.0751 | ba = 0.0553,0.1608,0.3061
camera-imu timeoffset = 0.00001
cam0 intrinsics = 467.110,465.538,364.852,250.656 | -0.280,0.072,0.001,-0.000
cam1 intrinsics = 465.786,464.221,377.282,257.273 | -0.279,0.071,0.001,-0.000
cam0 extrinsics = -0.007,0.006,0.703,0.711 | 0.065,-0.044,0.014
cam1 extrinsics = -0.002,0.011,0.704,0.710 | -0.052,-0.043,0.015
q_GtoI = 0.784,-0.201,0.568,0.150 | p_IinG = 9.888,-9.023,2.001 | dist = 52.88 (meters)
bg = 0.0015,0.0238,0.0749 | ba = 0.0572,0.1613,0.3068
camera-imu timeoffset = 0.00001
cam0 intrinsics = 467.110,465.542,364.845,250.672 | -0.280,0.072,0.001,-0.000
cam1 intrinsics = 465.785,464.225,377.281,257.293 | -0.279,0.071,0.001,-0.000
cam0 extrinsics = -0.007,0.006,0.703,0.711 | 0.065,-0.044,0.014
cam1 extrinsics = -0.002,0.011,0.704,0.710 | -0.052,-0.043,0.015
q_GtoI = 0.780,-0.201,0.573,0.149 | p_IinG = 9.906,-8.971,2.019 | dist = 52.94 (meters)
bg = 0.0016,0.0238,0.0749 | ba = 0.0594,0.1618,0.3072
camera-imu timeoffset = 0.00001
cam0 intrinsics = 467.110,465.545,364.846,250.680 | -0.280,0.072,0.001,-0.000
cam1 intrinsics = 465.789,464.231,377.279,257.299 | -0.279,0.071,0.001,-0.000
cam0 extrinsics = -0.007,0.006,0.703,0.711 | 0.065,-0.044,0.014
cam1 extrinsics = -0.002,0.011,0.704,0.710 | -0.052,-0.043,0.015
q_GtoI = 0.777,-0.202,0.577,0.148 | p_IinG = 9.920,-8.918,2.038 | dist = 52.99 (meters)
bg = 0.0015,0.0240,0.0748 | ba = 0.0594,0.1619,0.3082
camera-imu timeoffset = 0.00001
cam0 intrinsics = 467.104,465.543,364.843,250.688 | -0.280,0.072,0.001,-0.000
cam1 intrinsics = 465.783,464.229,377.276,257.307 | -0.279,0.071,0.001,-0.000
cam0 extrinsics = -0.007,0.006,0.703,0.711 | 0.065,-0.044,0.014
cam1 extrinsics = -0.002,0.011,0.704,0.710 | -0.052,-0.043,0.015
q_GtoI = 0.772,-0.204,0.584,0.146 | p_IinG = 9.932,-8.865,2.058 | dist = 53.05 (meters)
bg = 0.0016,0.0241,0.0747 | ba = 0.0588,0.1615,0.3099
camera-imu timeoffset = 0.00001
cam0 intrinsics = 467.098,465.543,364.837,250.703 | -0.280,0.072,0.001,-0.000
cam1 intrinsics = 465.778,464.229,377.272,257.322 | -0.279,0.071,0.001,-0.000
cam0 extrinsics = -0.007,0.006,0.703,0.711 | 0.065,-0.044,0.014
cam1 extrinsics = -0.002,0.011,0.704,0.710 | -0.052,-0.043,0.015
q_GtoI = 0.765,-0.207,0.593,0.141 | p_IinG = 9.930,-8.812,2.071 | dist = 53.11 (meters)
bg = 0.0013,0.0238,0.0744 | ba = 0.0639,0.1602,0.3153
camera-imu timeoffset = 0.00002
cam0 intrinsics = 467.060,465.563,364.821,250.742 | -0.280,0.072,0.001,-0.000
cam1 intrinsics = 465.741,464.253,377.270,257.352 | -0.279,0.071,0.001,-0.000
cam0 extrinsics = -0.007,0.006,0.703,0.711 | 0.065,-0.044,0.015
cam1 extrinsics = -0.002,0.011,0.704,0.710 | -0.052,-0.043,0.015
q_GtoI = 0.760,-0.209,0.600,0.137 | p_IinG = 9.928,-8.758,2.086 | dist = 53.17 (meters)
bg = 0.0013,0.0240,0.0742 | ba = 0.0645,0.1588,0.3191
camera-imu timeoffset = 0.00002
cam0 intrinsics = 467.041,465.561,364.829,250.755 | -0.280,0.072,0.001,-0.000
cam1 intrinsics = 465.722,464.250,377.279,257.366 | -0.279,0.071,0.001,-0.000
cam0 extrinsics = -0.007,0.006,0.703,0.711 | 0.065,-0.043,0.015
cam1 extrinsics = -0.002,0.011,0.704,0.710 | -0.052,-0.042,0.015
q_GtoI = 0.757,-0.211,0.605,0.131 | p_IinG = 9.928,-8.706,2.104 | dist = 53.23 (meters)
bg = 0.0012,0.0240,0.0739 | ba = 0.0631,0.1562,0.3206
camera-imu timeoffset = 0.00002
cam0 intrinsics = 467.022,465.555,364.835,250.776 | -0.280,0.072,0.001,-0.000
cam1 intrinsics = 465.701,464.243,377.282,257.389 | -0.279,0.071,0.001,-0.000
cam0 extrinsics = -0.007,0.006,0.703,0.711 | 0.065,-0.043,0.015
cam1 extrinsics = -0.002,0.011,0.704,0.710 | -0.052,-0.042,0.015
q_GtoI = 0.757,-0.209,0.605,0.127 | p_IinG = 9.924,-8.655,2.117 | dist = 53.28 (meters)
bg = 0.0010,0.0240,0.0739 | ba = 0.0658,0.1542,0.3207
camera-imu timeoffset = 0.00002
cam0 intrinsics = 467.021,465.557,364.831,250.780 | -0.280,0.072,0.001,-0.000
cam1 intrinsics = 465.704,464.249,377.277,257.393 | -0.279,0.071,0.001,-0.000
cam0 extrinsics = -0.007,0.006,0.703,0.711 | 0.065,-0.043,0.015
cam1 extrinsics = -0.002,0.011,0.704,0.710 | -0.052,-0.042,0.015
q_GtoI = 0.761,-0.206,0.602,0.124 | p_IinG = 9.917,-8.600,2.132 | dist = 53.34 (meters)
bg = 0.0009,0.0237,0.0739 | ba = 0.0678,0.1545,0.3216
camera-imu timeoffset = 0.00002
cam0 intrinsics = 467.010,465.553,364.825,250.795 | -0.280,0.072,0.001,-0.000
cam1 intrinsics = 465.692,464.245,377.270,257.409 | -0.279,0.071,0.001,-0.000
cam0 extrinsics = -0.007,0.006,0.703,0.711 | 0.065,-0.043,0.015
cam1 extrinsics = -0.002,0.011,0.704,0.710 | -0.052,-0.042,0.015
q_GtoI = 0.767,-0.202,0.597,0.122 | p_IinG = 9.908,-8.544,2.151 | dist = 53.40 (meters)
bg = 0.0009,0.0236,0.0740 | ba = 0.0689,0.1553,0.3227
camera-imu timeoffset = 0.00002
cam0 intrinsics = 466.997,465.546,364.818,250.803 | -0.280,0.072,0.001,-0.000
cam1 intrinsics = 465.677,464.236,377.259,257.417 | -0.279,0.071,0.001,-0.000
cam0 extrinsics = -0.007,0.006,0.703,0.711 | 0.066,-0.044,0.015
cam1 extrinsics = -0.002,0.011,0.704,0.710 | -0.052,-0.042,0.015
q_GtoI = 0.771,-0.198,0.593,0.122 | p_IinG = 9.896,-8.488,2.172 | dist = 53.46 (meters)
bg = 0.0009,0.0235,0.0741 | ba = 0.0697,0.1561,0.3239
camera-imu timeoffset = 0.00002
cam0 intrinsics = 466.990,465.543,364.811,250.811 | -0.280,0.072,0.001,-0.000
cam1 intrinsics = 465.670,464.233,377.251,257.425 | -0.279,0.071,0.001,-0.000
cam0 extrinsics = -0.007,0.006,0.703,0.711 | 0.066,-0.044,0.014
cam1 extrinsics = -0.002,0.011,0.704,0.710 | -0.051,-0.043,0.015
q_GtoI = 0.775,-0.193,0.590,0.121 | p_IinG = 9.880,-8.430,2.198 | dist = 53.52 (meters)
bg = 0.0008,0.0234,0.0743 | ba = 0.0691,0.1572,0.3256
camera-imu timeoffset = 0.00002
cam0 intrinsics = 466.982,465.530,364.803,250.820 | -0.280,0.072,0.001,-0.000
cam1 intrinsics = 465.656,464.216,377.236,257.434 | -0.279,0.071,0.001,-0.000
cam0 extrinsics = -0.007,0.006,0.703,0.711 | 0.066,-0.044,0.015
cam1 extrinsics = -0.002,0.011,0.704,0.710 | -0.051,-0.043,0.015
q_GtoI = 0.778,-0.189,0.586,0.123 | p_IinG = 9.869,-8.367,2.222 | dist = 53.58 (meters)
bg = 0.0010,0.0230,0.0744 | ba = 0.0747,0.1622,0.3233
camera-imu timeoffset = 0.00002
cam0 intrinsics = 466.961,465.516,364.766,250.833 | -0.280,0.072,0.001,-0.000
cam1 intrinsics = 465.635,464.207,377.205,257.451 | -0.279,0.071,0.001,-0.000
cam0 extrinsics = -0.007,0.006,0.703,0.711 | 0.066,-0.044,0.014
cam1 extrinsics = -0.002,0.011,0.704,0.710 | -0.051,-0.043,0.014
q_GtoI = 0.780,-0.184,0.585,0.125 | p_IinG = 9.851,-8.311,2.252 | dist = 53.65 (meters)
bg = 0.0011,0.0230,0.0743 | ba = 0.0737,0.1634,0.3239
camera-imu timeoffset = 0.00002
cam0 intrinsics = 466.960,465.518,364.756,250.837 | -0.280,0.072,0.001,-0.000
cam1 intrinsics = 465.634,464.209,377.193,257.456 | -0.279,0.071,0.001,-0.000
cam0 extrinsics = -0.007,0.006,0.703,0.711 | 0.066,-0.044,0.014
cam1 extrinsics = -0.002,0.011,0.704,0.710 | -0.051,-0.043,0.014
q_GtoI = 0.781,-0.180,0.585,0.126 | p_IinG = 9.829,-8.254,2.283 | dist = 53.71 (meters)
bg = 0.0012,0.0230,0.0743 | ba = 0.0731,0.1647,0.3256
camera-imu timeoffset = 0.00002
cam0 intrinsics = 466.955,465.516,364.750,250.844 | -0.280,0.072,0.001,-0.000
cam1 intrinsics = 465.628,464.206,377.186,257.462 | -0.279,0.071,0.001,-0.000
cam0 extrinsics = -0.007,0.006,0.703,0.711 | 0.066,-0.044,0.014
cam1 extrinsics = -0.002,0.011,0.704,0.710 | -0.051,-0.043,0.014
q_GtoI = 0.781,-0.178,0.586,0.127 | p_IinG = 9.805,-8.198,2.312 | dist = 53.78 (meters)
bg = 0.0013,0.0229,0.0743 | ba = 0.0725,0.1658,0.3273
camera-imu timeoffset = 0.00002
cam0 intrinsics = 466.948,465.516,364.743,250.853 | -0.280,0.072,0.001,-0.000
cam1 intrinsics = 465.621,464.206,377.179,257.470 | -0.279,0.071,0.001,-0.000
cam0 extrinsics = -0.007,0.006,0.703,0.711 | 0.066,-0.044,0.014
cam1 extrinsics = -0.002,0.011,0.704,0.710 | -0.051,-0.043,0.014
q_GtoI = 0.781,-0.176,0.586,0.126 | p_IinG = 9.768,-8.141,2.336 | dist = 53.85 (meters)
bg = 0.0011,0.0226,0.0740 | ba = 0.0749,0.1655,0.3326
camera-imu timeoffset = 0.00002
cam0 intrinsics = 466.937,465.508,364.735,250.843 | -0.280,0.072,0.001,-0.000
cam1 intrinsics = 465.611,464.199,377.176,257.459 | -0.279,0.071,0.001,-0.000
cam0 extrinsics = -0.007,0.006,0.703,0.711 | 0.066,-0.044,0.014
cam1 extrinsics = -0.002,0.011,0.704,0.710 | -0.051,-0.043,0.014
q_GtoI = 0.782,-0.175,0.585,0.125 | p_IinG = 9.733,-8.082,2.359 | dist = 53.91 (meters)
bg = 0.0010,0.0224,0.0742 | ba = 0.0760,0.1668,0.3368
camera-imu timeoffset = 0.00002
cam0 intrinsics = 466.930,465.507,364.724,250.840 | -0.280,0.072,0.001,-0.000
cam1 intrinsics = 465.603,464.198,377.165,257.455 | -0.279,0.071,0.001,-0.000
cam0 extrinsics = -0.007,0.006,0.703,0.711 | 0.066,-0.044,0.014
cam1 extrinsics = -0.002,0.011,0.704,0.710 | -0.051,-0.043,0.014
q_GtoI = 0.785,-0.174,0.581,0.124 | p_IinG = 9.692,-8.020,2.382 | dist = 53.98 (meters)
bg = 0.0008,0.0224,0.0743 | ba = 0.0737,0.1690,0.3424
camera-imu timeoffset = 0.00001
cam0 intrinsics = 466.923,465.497,364.690,250.843 | -0.280,0.072,0.001,-0.000
cam1 intrinsics = 465.601,464.194,377.142,257.451 | -0.279,0.071,0.001,-0.000
cam0 extrinsics = -0.007,0.006,0.703,0.711 | 0.066,-0.044,0.014
cam1 extrinsics = -0.002,0.011,0.704,0.710 | -0.051,-0.043,0.015
q_GtoI = 0.789,-0.175,0.575,0.122 | p_IinG = 9.659,-7.961,2.402 | dist = 54.05 (meters)
bg = 0.0007,0.0223,0.0742 | ba = 0.0749,0.1709,0.3430
camera-imu timeoffset = 0.00001
cam0 intrinsics = 466.918,465.498,364.685,250.850 | -0.280,0.072,0.001,-0.000
cam1 intrinsics = 465.599,464.200,377.137,257.455 | -0.279,0.071,0.001,-0.000
cam0 extrinsics = -0.007,0.006,0.703,0.711 | 0.066,-0.044,0.014
cam1 extrinsics = -0.002,0.011,0.704,0.710 | -0.052,-0.043,0.015
q_GtoI = 0.793,-0.176,0.570,0.119 | p_IinG = 9.621,-7.903,2.420 | dist = 54.12 (meters)
bg = 0.0007,0.0221,0.0742 | ba = 0.0762,0.1719,0.3450
camera-imu timeoffset = 0.00002
cam0 intrinsics = 466.908,465.491,364.680,250.850 | -0.280,0.072,0.001,-0.000
cam1 intrinsics = 465.588,464.193,377.131,257.455 | -0.279,0.071,0.001,-0.000
cam0 extrinsics = -0.007,0.006,0.703,0.711 | 0.066,-0.044,0.014
cam1 extrinsics = -0.002,0.011,0.704,0.710 | -0.051,-0.043,0.015
q_GtoI = 0.797,-0.177,0.566,0.117 | p_IinG = 9.577,-7.845,2.436 | dist = 54.19 (meters)
bg = 0.0004,0.0217,0.0741 | ba = 0.0776,0.1715,0.3484
camera-imu timeoffset = 0.00001
cam0 intrinsics = 466.899,465.488,364.677,250.852 | -0.280,0.072,0.001,-0.000
cam1 intrinsics = 465.578,464.187,377.127,257.456 | -0.279,0.071,0.001,-0.000
cam0 extrinsics = -0.007,0.006,0.703,0.711 | 0.066,-0.044,0.014
cam1 extrinsics = -0.002,0.011,0.704,0.710 | -0.051,-0.043,0.014
q_GtoI = 0.799,-0.177,0.563,0.117 | p_IinG = 9.535,-7.787,2.450 | dist = 54.26 (meters)
bg = 0.0002,0.0216,0.0742 | ba = 0.0795,0.1723,0.3507
camera-imu timeoffset = 0.00001
cam0 intrinsics = 466.893,465.487,364.671,250.853 | -0.280,0.072,0.001,-0.000
cam1 intrinsics = 465.571,464.187,377.119,257.457 | -0.279,0.071,0.001,-0.000
cam0 extrinsics = -0.007,0.006,0.703,0.711 | 0.066,-0.044,0.014
cam1 extrinsics = -0.002,0.011,0.704,0.710 | -0.051,-0.043,0.014
q_GtoI = 0.800,-0.178,0.561,0.116 | p_IinG = 9.492,-7.726,2.463 | dist = 54.33 (meters)
bg = 0.0002,0.0213,0.0741 | ba = 0.0816,0.1745,0.3530
camera-imu timeoffset = 0.00002
cam0 intrinsics = 466.873,465.482,364.661,250.868 | -0.280,0.072,0.001,-0.000
cam1 intrinsics = 465.550,464.183,377.107,257.479 | -0.279,0.071,0.001,-0.000
cam0 extrinsics = -0.007,0.006,0.703,0.711 | 0.066,-0.044,0.014
cam1 extrinsics = -0.002,0.011,0.704,0.710 | -0.051,-0.043,0.014
q_GtoI = 0.802,-0.178,0.558,0.116 | p_IinG = 9.446,-7.664,2.471 | dist = 54.40 (meters)
bg = -0.0000,0.0209,0.0741 | ba = 0.0882,0.1764,0.3543
camera-imu timeoffset = 0.00002
cam0 intrinsics = 466.859,465.477,364.661,250.876 | -0.280,0.072,0.001,-0.000
cam1 intrinsics = 465.533,464.177,377.102,257.489 | -0.279,0.071,0.001,-0.000
cam0 extrinsics = -0.007,0.006,0.703,0.711 | 0.065,-0.045,0.013
cam1 extrinsics = -0.002,0.011,0.704,0.710 | -0.052,-0.044,0.014
q_GtoI = 0.802,-0.179,0.558,0.114 | p_IinG = 9.402,-7.607,2.482 | dist = 54.47 (meters)
bg = -0.0001,0.0207,0.0743 | ba = 0.0887,0.1757,0.3562
camera-imu timeoffset = 0.00002
cam0 intrinsics = 466.854,465.476,364.658,250.878 | -0.280,0.072,0.001,-0.000
cam1 intrinsics = 465.528,464.176,377.098,257.490 | -0.279,0.071,0.001,-0.000
cam0 extrinsics = -0.007,0.006,0.703,0.711 | 0.065,-0.045,0.013
cam1 extrinsics = -0.002,0.011,0.704,0.710 | -0.052,-0.044,0.014
q_GtoI = 0.803,-0.179,0.558,0.114 | p_IinG = 9.360,-7.551,2.492 | dist = 54.54 (meters)
bg = -0.0004,0.0207,0.0744 | ba = 0.0895,0.1746,0.3569
camera-imu timeoffset = 0.00002
cam0 intrinsics = 466.852,465.480,364.655,250.888 | -0.280,0.072,0.001,-0.000
cam1 intrinsics = 465.526,464.180,377.095,257.499 | -0.279,0.071,0.001,-0.000
cam0 extrinsics = -0.007,0.006,0.703,0.711 | 0.065,-0.045,0.013
cam1 extrinsics = -0.002,0.011,0.704,0.710 | -0.052,-0.044,0.014
q_GtoI = 0.800,-0.178,0.560,0.116 | p_IinG = 9.318,-7.495,2.500 | dist = 54.61 (meters)
bg = -0.0005,0.0206,0.0744 | ba = 0.0908,0.1740,0.3581
camera-imu timeoffset = 0.00002
cam0 intrinsics = 466.852,465.484,364.654,250.891 | -0.280,0.072,0.001,-0.000
cam1 intrinsics = 465.527,464.185,377.094,257.501 | -0.279,0.071,0.001,-0.000
cam0 extrinsics = -0.007,0.006,0.703,0.711 | 0.065,-0.045,0.013
cam1 extrinsics = -0.002,0.011,0.704,0.710 | -0.052,-0.044,0.014
q_GtoI = 0.797,-0.178,0.564,0.117 | p_IinG = 9.275,-7.438,2.502 | dist = 54.68 (meters)
bg = -0.0006,0.0203,0.0744 | ba = 0.0960,0.1735,0.3583
camera-imu timeoffset = 0.00002
cam0 intrinsics = 466.867,465.493,364.656,250.890 | -0.280,0.072,0.001,-0.000
cam1 intrinsics = 465.541,464.194,377.100,257.502 | -0.279,0.071,0.001,-0.000
cam0 extrinsics = -0.007,0.006,0.703,0.711 | 0.065,-0.045,0.013
cam1 extrinsics = -0.002,0.011,0.704,0.710 | -0.052,-0.044,0.014
q_GtoI = 0.795,-0.177,0.568,0.119 | p_IinG = 9.227,-7.384,2.508 | dist = 54.75 (meters)
bg = -0.0010,0.0203,0.0744 | ba = 0.0958,0.1711,0.3623
camera-imu timeoffset = 0.00003
cam0 intrinsics = 466.871,465.505,364.644,250.871 | -0.280,0.072,0.001,-0.000
cam1 intrinsics = 465.550,464.211,377.094,257.482 | -0.279,0.071,0.001,-0.000
cam0 extrinsics = -0.007,0.006,0.703,0.711 | 0.065,-0.045,0.014
cam1 extrinsics = -0.002,0.011,0.704,0.710 | -0.052,-0.044,0.014
q_GtoI = 0.792,-0.177,0.572,0.119 | p_IinG = 9.185,-7.323,2.509 | dist = 54.82 (meters)
bg = -0.0010,0.0201,0.0744 | ba = 0.0991,0.1736,0.3626
camera-imu timeoffset = 0.00003
cam0 intrinsics = 466.875,465.516,364.636,250.868 | -0.280,0.072,0.001,-0.000
cam1 intrinsics = 465.556,464.223,377.094,257.480 | -0.279,0.071,0.001,-0.000
cam0 extrinsics = -0.007,0.006,0.703,0.711 | 0.065,-0.045,0.014
cam1 extrinsics = -0.002,0.011,0.704,0.710 | -0.052,-0.044,0.014
q_GtoI = 0.791,-0.177,0.573,0.120 | p_IinG = 9.146,-7.266,2.511 | dist = 54.89 (meters)
bg = -0.0010,0.0200,0.0745 | ba = 0.0998,0.1734,0.3616
camera-imu timeoffset = 0.00003
cam0 intrinsics = 466.881,465.525,364.636,250.872 | -0.280,0.072,0.001,-0.000
cam1 intrinsics = 465.563,464.234,377.095,257.480 | -0.279,0.071,0.001,-0.000
cam0 extrinsics = -0.007,0.006,0.703,0.711 | 0.065,-0.045,0.014
cam1 extrinsics = -0.002,0.011,0.704,0.710 | -0.052,-0.044,0.015
q_GtoI = 0.793,-0.178,0.570,0.118 | p_IinG = 9.100,-7.211,2.510 | dist = 54.96 (meters)
bg = -0.0013,0.0199,0.0746 | ba = 0.1019,0.1718,0.3621
camera-imu timeoffset = 0.00003
cam0 intrinsics = 466.883,465.531,364.637,250.874 | -0.280,0.072,0.001,-0.000
cam1 intrinsics = 465.566,464.239,377.095,257.481 | -0.279,0.071,0.001,-0.000
cam0 extrinsics = -0.007,0.006,0.703,0.711 | 0.065,-0.045,0.014
cam1 extrinsics = -0.002,0.011,0.704,0.710 | -0.052,-0.044,0.015
q_GtoI = 0.795,-0.179,0.568,0.117 | p_IinG = 9.052,-7.156,2.509 | dist = 55.04 (meters)
bg = -0.0016,0.0197,0.0747 | ba = 0.1039,0.1705,0.3629
camera-imu timeoffset = 0.00003
cam0 intrinsics = 466.885,465.535,364.637,250.874 | -0.280,0.072,0.001,-0.000
cam1 intrinsics = 465.568,464.245,377.095,257.482 | -0.279,0.071,0.001,-0.000
cam0 extrinsics = -0.007,0.006,0.703,0.711 | 0.065,-0.045,0.014
cam1 extrinsics = -0.002,0.011,0.704,0.710 | -0.052,-0.044,0.015
q_GtoI = 0.797,-0.180,0.565,0.116 | p_IinG = 9.005,-7.102,2.512 | dist = 55.11 (meters)
bg = -0.0018,0.0196,0.0748 | ba = 0.1042,0.1688,0.3633
camera-imu timeoffset = 0.00003
cam0 intrinsics = 466.885,465.536,364.638,250.874 | -0.280,0.072,0.001,-0.000
cam1 intrinsics = 465.569,464.246,377.096,257.482 | -0.279,0.071,0.001,-0.000
cam0 extrinsics = -0.007,0.006,0.703,0.711 | 0.065,-0.045,0.014
cam1 extrinsics = -0.002,0.011,0.704,0.710 | -0.052,-0.044,0.015
q_GtoI = 0.799,-0.182,0.562,0.114 | p_IinG = 8.959,-7.047,2.517 | dist = 55.18 (meters)
bg = -0.0021,0.0194,0.0749 | ba = 0.1029,0.1686,0.3620
camera-imu timeoffset = 0.00003
cam0 intrinsics = 466.882,465.532,364.639,250.871 | -0.280,0.072,0.001,-0.000
cam1 intrinsics = 465.566,464.243,377.097,257.479 | -0.279,0.071,0.001,-0.000
cam0 extrinsics = -0.007,0.006,0.703,0.711 | 0.065,-0.045,0.014
cam1 extrinsics = -0.002,0.011,0.704,0.710 | -0.052,-0.044,0.015
q_GtoI = 0.801,-0.181,0.559,0.115 | p_IinG = 8.909,-6.995,2.522 | dist = 55.25 (meters)
bg = -0.0024,0.0193,0.0750 | ba = 0.1040,0.1677,0.3624
camera-imu timeoffset = 0.00003
cam0 intrinsics = 466.876,465.532,364.636,250.867 | -0.280,0.072,0.001,-0.000
cam1 intrinsics = 465.564,464.247,377.101,257.476 | -0.279,0.071,0.001,-0.000
cam0 extrinsics = -0.007,0.006,0.703,0.711 | 0.065,-0.045,0.014
cam1 extrinsics = -0.002,0.011,0.704,0.710 | -0.052,-0.044,0.015
q_GtoI = 0.802,-0.182,0.557,0.114 | p_IinG = 8.859,-6.942,2.529 | dist = 55.33 (meters)
bg = -0.0027,0.0191,0.0751 | ba = 0.1040,0.1662,0.3619
camera-imu timeoffset = 0.00003
cam0 intrinsics = 466.875,465.532,364.638,250.870 | -0.280,0.072,0.001,-0.000
cam1 intrinsics = 465.564,464.247,377.102,257.479 | -0.279,0.071,0.001,-0.000
cam0 extrinsics = -0.007,0.006,0.703,0.711 | 0.065,-0.045,0.014
cam1 extrinsics = -0.002,0.011,0.704,0.710 | -0.052,-0.044,0.015
q_GtoI = 0.805,-0.182,0.553,0.113 | p_IinG = 8.809,-6.891,2.537 | dist = 55.40 (meters)
bg = -0.0030,0.0190,0.0752 | ba = 0.1035,0.1643,0.3618
camera-imu timeoffset = 0.00003
cam0 intrinsics = 466.872,465.530,364.637,250.874 | -0.280,0.072,0.001,-0.000
cam1 intrinsics = 465.562,464.245,377.103,257.482 | -0.279,0.071,0.001,-0.000
cam0 extrinsics = -0.007,0.006,0.703,0.711 | 0.065,-0.045,0.014
cam1 extrinsics = -0.002,0.011,0.704,0.710 | -0.052,-0.044,0.015
q_GtoI = 0.808,-0.183,0.549,0.112 | p_IinG = 8.759,-6.840,2.548 | dist = 55.47 (meters)
bg = -0.0033,0.0189,0.0754 | ba = 0.1015,0.1627,0.3616
camera-imu timeoffset = 0.00002
cam0 intrinsics = 466.867,465.525,364.636,250.877 | -0.280,0.072,0.001,-0.000
cam1 intrinsics = 465.557,464.242,377.102,257.484 | -0.279,0.071,0.001,-0.000
cam0 extrinsics = -0.007,0.006,0.703,0.711 | 0.065,-0.045,0.014
cam1 extrinsics = -0.002,0.011,0.704,0.710 | -0.052,-0.044,0.015
q_GtoI = 0.810,-0.183,0.546,0.112 | p_IinG = 8.712,-6.792,2.557 | dist = 55.54 (meters)
bg = -0.0036,0.0188,0.0755 | ba = 0.0996,0.1608,0.3602
camera-imu timeoffset = 0.00003
cam0 intrinsics = 466.864,465.525,364.635,250.881 | -0.280,0.072,0.001,-0.000
cam1 intrinsics = 465.554,464.242,377.103,257.489 | -0.279,0.071,0.001,-0.000
cam0 extrinsics = -0.007,0.006,0.703,0.711 | 0.065,-0.045,0.014
cam1 extrinsics = -0.002,0.011,0.704,0.710 | -0.052,-0.044,0.015
q_GtoI = 0.812,-0.183,0.543,0.112 | p_IinG = 8.662,-6.746,2.568 | dist = 55.61 (meters)
bg = -0.0040,0.0187,0.0752 | ba = 0.0948,0.1568,0.3615
camera-imu timeoffset = 0.00003
cam0 intrinsics = 466.857,465.516,364.645,250.866 | -0.280,0.072,0.001,-0.000
cam1 intrinsics = 465.547,464.233,377.104,257.478 | -0.279,0.071,0.001,-0.000
cam0 extrinsics = -0.007,0.006,0.703,0.711 | 0.065,-0.045,0.014
cam1 extrinsics = -0.002,0.011,0.704,0.710 | -0.052,-0.044,0.015
q_GtoI = 0.814,-0.184,0.540,0.112 | p_IinG = 8.615,-6.697,2.576 | dist = 55.68 (meters)
bg = -0.0042,0.0188,0.0754 | ba = 0.0927,0.1569,0.3601
camera-imu timeoffset = 0.00003
cam0 intrinsics = 466.849,465.517,364.640,250.866 | -0.280,0.072,0.001,-0.000
cam1 intrinsics = 465.540,464.233,377.105,257.475 | -0.279,0.071,0.001,-0.000
cam0 extrinsics = -0.007,0.006,0.703,0.711 | 0.065,-0.045,0.014
cam1 extrinsics = -0.002,0.011,0.704,0.710 | -0.052,-0.044,0.015
q_GtoI = 0.815,-0.183,0.538,0.113 | p_IinG = 8.571,-6.648,2.582 | dist = 55.75 (meters)
bg = -0.0044,0.0188,0.0757 | ba = 0.0900,0.1574,0.3568
camera-imu timeoffset = 0.00003
cam0 intrinsics = 466.843,465.518,364.636,250.871 | -0.280,0.072,0.001,-0.000
cam1 intrinsics = 465.536,464.236,377.107,257.480 | -0.279,0.071,0.001,-0.000
cam0 extrinsics = -0.007,0.006,0.703,0.711 | 0.065,-0.045,0.014
cam1 extrinsics = -0.002,0.011,0.704,0.710 | -0.052,-0.044,0.015
q_GtoI = 0.816,-0.182,0.536,0.113 | p_IinG = 8.525,-6.603,2.586 | dist = 55.81 (meters)
bg = -0.0047,0.0187,0.0760 | ba = 0.0890,0.1556,0.3564
camera-imu timeoffset = 0.00003
cam0 intrinsics = 466.839,465.519,364.637,250.870 | -0.280,0.072,0.001,-0.000
cam1 intrinsics = 465.532,464.238,377.108,257.478 | -0.279,0.071,0.001,-0.000
cam0 extrinsics = -0.007,0.006,0.703,0.711 | 0.065,-0.045,0.014
cam1 extrinsics = -0.002,0.011,0.704,0.710 | -0.052,-0.044,0.015
q_GtoI = 0.817,-0.183,0.535,0.113 | p_IinG = 8.488,-6.551,2.588 | dist = 55.88 (meters)
bg = -0.0046,0.0187,0.0759 | ba = 0.0862,0.1621,0.3466
camera-imu timeoffset = 0.00003
cam0 intrinsics = 466.829,465.510,364.628,250.860 | -0.280,0.072,0.001,-0.000
cam1 intrinsics = 465.535,464.240,377.112,257.463 | -0.279,0.071,0.001,-0.000
cam0 extrinsics = -0.007,0.006,0.703,0.711 | 0.065,-0.044,0.014
cam1 extrinsics = -0.002,0.011,0.704,0.710 | -0.052,-0.043,0.015
q_GtoI = 0.817,-0.183,0.534,0.113 | p_IinG = 8.447,-6.505,2.589 | dist = 55.94 (meters)
bg = -0.0048,0.0187,0.0761 | ba = 0.0848,0.1607,0.3458
camera-imu timeoffset = 0.00003
cam0 intrinsics = 466.825,465.512,364.628,250.856 | -0.280,0.072,0.001,-0.000
cam1 intrinsics = 465.531,464.243,377.112,257.459 | -0.279,0.071,0.001,-0.000
cam0 extrinsics = -0.007,0.006,0.703,0.711 | 0.065,-0.044,0.014
cam1 extrinsics = -0.002,0.011,0.704,0.710 | -0.052,-0.043,0.015
q_GtoI = 0.818,-0.183,0.534,0.113 | p_IinG = 8.408,-6.459,2.590 | dist = 56.00 (meters)
bg = -0.0049,0.0187,0.0761 | ba = 0.0828,0.1609,0.3441
camera-imu timeoffset = 0.00003
cam0 intrinsics = 466.821,465.516,364.629,250.851 | -0.280,0.072,0.001,-0.000
cam1 intrinsics = 465.529,464.248,377.114,257.452 | -0.279,0.071,0.001,-0.000
cam0 extrinsics = -0.007,0.006,0.703,0.711 | 0.065,-0.044,0.014
cam1 extrinsics = -0.002,0.011,0.704,0.710 | -0.052,-0.043,0.015
q_GtoI = 0.819,-0.182,0.532,0.113 | p_IinG = 8.371,-6.415,2.588 | dist = 56.06 (meters)
bg = -0.0051,0.0187,0.0763 | ba = 0.0812,0.1604,0.3428
camera-imu timeoffset = 0.00003
cam0 intrinsics = 466.818,465.519,364.629,250.846 | -0.280,0.072,0.001,-0.000
cam1 intrinsics = 465.526,464.251,377.116,257.447 | -0.279,0.071,0.001,-0.000
cam0 extrinsics = -0.007,0.006,0.703,0.711 | 0.065,-0.044,0.014
cam1 extrinsics = -0.002,0.011,0.704,0.710 | -0.052,-0.043,0.015
q_GtoI = 0.821,-0.184,0.528,0.111 | p_IinG = 8.334,-6.371,2.585 | dist = 56.12 (meters)
bg = -0.0053,0.0187,0.0764 | ba = 0.0795,0.1600,0.3411
camera-imu timeoffset = 0.00003
cam0 intrinsics = 466.813,465.520,364.629,250.841 | -0.280,0.072,0.001,-0.000
cam1 intrinsics = 465.521,464.253,377.119,257.443 | -0.279,0.071,0.001,-0.000
cam0 extrinsics = -0.007,0.006,0.703,0.711 | 0.065,-0.044,0.014
cam1 extrinsics = -0.002,0.011,0.704,0.710 | -0.052,-0.043,0.015
q_GtoI = 0.825,-0.185,0.522,0.109 | p_IinG = 8.299,-6.326,2.582 | dist = 56.18 (meters)
bg = -0.0054,0.0188,0.0764 | ba = 0.0784,0.1606,0.3423
camera-imu timeoffset = 0.00003
cam0 intrinsics = 466.810,465.521,364.629,250.836 | -0.280,0.072,0.001,-0.000
cam1 intrinsics = 465.520,464.255,377.120,257.438 | -0.279,0.071,0.001,-0.000
cam0 extrinsics = -0.007,0.006,0.703,0.711 | 0.065,-0.044,0.014
cam1 extrinsics = -0.002,0.011,0.704,0.710 | -0.052,-0.043,0.015
q_GtoI = 0.829,-0.186,0.516,0.107 | p_IinG = 8.267,-6.283,2.577 | dist = 56.23 (meters)
bg = -0.0054,0.0188,0.0767 | ba = 0.0775,0.1617,0.3430
camera-imu timeoffset = 0.00003
cam0 intrinsics = 466.803,465.517,364.629,250.832 | -0.280,0.072,0.001,-0.000
cam1 intrinsics = 465.513,464.252,377.120,257.434 | -0.279,0.071,0.001,-0.000
cam0 extrinsics = -0.007,0.006,0.703,0.711 | 0.065,-0.044,0.014
cam1 extrinsics = -0.002,0.011,0.704,0.710 | -0.052,-0.043,0.015
q_GtoI = 0.832,-0.187,0.512,0.105 | p_IinG = 8.235,-6.241,2.572 | dist = 56.28 (meters)
bg = -0.0055,0.0188,0.0769 | ba = 0.0774,0.1622,0.3442
camera-imu timeoffset = 0.00003
cam0 intrinsics = 466.792,465.514,364.630,250.824 | -0.280,0.072,0.001,-0.000
cam1 intrinsics = 465.504,464.249,377.121,257.426 | -0.279,0.071,0.001,-0.000
cam0 extrinsics = -0.007,0.006,0.703,0.711 | 0.065,-0.044,0.014
cam1 extrinsics = -0.002,0.011,0.704,0.710 | -0.052,-0.043,0.015
q_GtoI = 0.832,-0.187,0.512,0.106 | p_IinG = 8.207,-6.199,2.566 | dist = 56.33 (meters)
bg = -0.0055,0.0190,0.0771 | ba = 0.0767,0.1640,0.3424
camera-imu timeoffset = 0.00002
cam0 intrinsics = 466.770,465.505,364.635,250.812 | -0.280,0.072,0.001,-0.000
cam1 intrinsics = 465.481,464.240,377.118,257.419 | -0.279,0.071,0.001,-0.000
cam0 extrinsics = -0.007,0.006,0.703,0.711 | 0.065,-0.044,0.014
cam1 extrinsics = -0.002,0.011,0.704,0.710 | -0.052,-0.043,0.015
q_GtoI = 0.829,-0.187,0.516,0.107 | p_IinG = 8.184,-6.159,2.562 | dist = 56.38 (meters)
bg = -0.0055,0.0193,0.0770 | ba = 0.0737,0.1662,0.3402
camera-imu timeoffset = 0.00001
cam0 intrinsics = 466.750,465.492,364.632,250.797 | -0.280,0.072,0.001,-0.000
cam1 intrinsics = 465.462,464.228,377.116,257.405 | -0.279,0.071,0.001,-0.000
cam0 extrinsics = -0.007,0.006,0.703,0.711 | 0.065,-0.044,0.014
cam1 extrinsics = -0.002,0.011,0.704,0.710 | -0.052,-0.043,0.015
q_GtoI = 0.824,-0.185,0.525,0.108 | p_IinG = 8.164,-6.120,2.556 | dist = 56.43 (meters)
bg = -0.0055,0.0196,0.0772 | ba = 0.0719,0.1683,0.3362
camera-imu timeoffset = 0.00001
cam0 intrinsics = 466.738,465.477,364.633,250.779 | -0.280,0.072,0.001,-0.000
cam1 intrinsics = 465.450,464.213,377.116,257.389 | -0.279,0.071,0.001,-0.000
cam0 extrinsics = -0.007,0.006,0.703,0.711 | 0.065,-0.044,0.014
cam1 extrinsics = -0.002,0.011,0.704,0.710 | -0.052,-0.043,0.015
q_GtoI = 0.819,-0.185,0.532,0.109 | p_IinG = 8.145,-6.082,2.549 | dist = 56.47 (meters)
bg = -0.0056,0.0199,0.0772 | ba = 0.0710,0.1695,0.3323
camera-imu timeoffset = 0.00001
cam0 intrinsics = 466.735,465.465,364.635,250.757 | -0.280,0.072,0.001,-0.000
cam1 intrinsics = 465.446,464.201,377.118,257.368 | -0.279,0.071,0.001,-0.000
cam0 extrinsics = -0.007,0.006,0.703,0.711 | 0.065,-0.044,0.014
cam1 extrinsics = -0.002,0.011,0.704,0.710 | -0.052,-0.043,0.015
q_GtoI = 0.814,-0.183,0.539,0.111 | p_IinG = 8.130,-6.043,2.537 | dist = 56.51 (meters)
bg = -0.0055,0.0201,0.0771 | ba = 0.0708,0.1730,0.3243
camera-imu timeoffset = 0.00002
cam0 intrinsics = 466.736,465.449,364.635,250.736 | -0.280,0.072,0.001,-0.000
cam1 intrinsics = 465.448,464.187,377.127,257.347 | -0.279,0.071,0.001,-0.000
cam0 extrinsics = -0.007,0.006,0.703,0.711 | 0.065,-0.045,0.014
cam1 extrinsics = -0.002,0.011,0.704,0.710 | -0.052,-0.044,0.015
q_GtoI = 0.812,-0.183,0.543,0.112 | p_IinG = 8.116,-6.007,2.528 | dist = 56.55 (meters)
bg = -0.0053,0.0204,0.0772 | ba = 0.0689,0.1743,0.3208
camera-imu timeoffset = 0.00002
cam0 intrinsics = 466.741,465.449,364.638,250.716 | -0.280,0.072,0.001,-0.000
cam1 intrinsics = 465.453,464.186,377.130,257.328 | -0.279,0.071,0.001,-0.000
cam0 extrinsics = -0.007,0.006,0.703,0.711 | 0.065,-0.045,0.014
cam1 extrinsics = -0.002,0.011,0.704,0.710 | -0.052,-0.044,0.015
q_GtoI = 0.812,-0.182,0.543,0.112 | p_IinG = 8.105,-5.971,2.518 | dist = 56.59 (meters)
bg = -0.0052,0.0205,0.0771 | ba = 0.0659,0.1773,0.3136
camera-imu timeoffset = 0.00002
cam0 intrinsics = 466.748,465.448,364.640,250.690 | -0.280,0.072,0.001,-0.000
cam1 intrinsics = 465.461,464.185,377.133,257.301 | -0.279,0.071,0.001,-0.000
cam0 extrinsics = -0.007,0.006,0.703,0.711 | 0.065,-0.045,0.014
cam1 extrinsics = -0.002,0.011,0.704,0.710 | -0.052,-0.044,0.015
q_GtoI = 0.812,-0.183,0.542,0.112 | p_IinG = 8.094,-5.935,2.510 | dist = 56.63 (meters)
bg = -0.0051,0.0206,0.0773 | ba = 0.0636,0.1795,0.3096
camera-imu timeoffset = 0.00002
cam0 intrinsics = 466.753,465.451,364.638,250.668 | -0.280,0.072,0.001,-0.000
cam1 intrinsics = 465.464,464.187,377.129,257.280 | -0.279,0.071,0.001,-0.000
cam0 extrinsics = -0.007,0.006,0.703,0.711 | 0.065,-0.045,0.014
cam1 extrinsics = -0.002,0.011,0.704,0.710 | -0.052,-0.044,0.015
q_GtoI = 0.814,-0.183,0.540,0.111 | p_IinG = 8.083,-5.902,2.504 | dist = 56.67 (meters)
bg = -0.0049,0.0208,0.0775 | ba = 0.0610,0.1809,0.3068
camera-imu timeoffset = 0.00002
cam0 intrinsics = 466.756,465.452,364.640,250.654 | -0.280,0.072,0.001,-0.000
cam1 intrinsics = 465.466,464.188,377.131,257.266 | -0.279,0.071,0.001,-0.000
cam0 extrinsics = -0.007,0.006,0.703,0.711 | 0.065,-0.045,0.014
cam1 extrinsics = -0.002,0.011,0.704,0.710 | -0.052,-0.044,0.015
q_GtoI = 0.816,-0.183,0.537,0.110 | p_IinG = 8.073,-5.868,2.500 | dist = 56.70 (meters)
bg = -0.0049,0.0208,0.0777 | ba = 0.0580,0.1829,0.3041
camera-imu timeoffset = 0.00002
cam0 intrinsics = 466.756,465.450,364.640,250.642 | -0.280,0.072,0.001,-0.000
cam1 intrinsics = 465.465,464.186,377.131,257.254 | -0.279,0.071,0.001,-0.000
cam0 extrinsics = -0.007,0.006,0.703,0.711 | 0.065,-0.045,0.014
cam1 extrinsics = -0.002,0.011,0.704,0.710 | -0.052,-0.044,0.015
q_GtoI = 0.819,-0.183,0.533,0.110 | p_IinG = 8.064,-5.836,2.498 | dist = 56.73 (meters)
bg = -0.0048,0.0209,0.0777 | ba = 0.0550,0.1847,0.3012
camera-imu timeoffset = 0.00002
cam0 intrinsics = 466.753,465.448,364.641,250.630 | -0.280,0.072,0.001,-0.000
cam1 intrinsics = 465.462,464.184,377.132,257.243 | -0.279,0.071,0.001,-0.000
cam0 extrinsics = -0.007,0.006,0.703,0.711 | 0.065,-0.044,0.014
cam1 extrinsics = -0.002,0.011,0.704,0.710 | -0.052,-0.043,0.015
q_GtoI = 0.821,-0.183,0.529,0.109 | p_IinG = 8.057,-5.805,2.499 | dist = 56.77 (meters)
bg = -0.0047,0.0209,0.0778 | ba = 0.0510,0.1872,0.2987
camera-imu timeoffset = 0.00003
cam0 intrinsics = 466.748,465.444,364.640,250.616 | -0.280,0.072,0.001,-0.000
cam1 intrinsics = 465.456,464.180,377.131,257.230 | -0.279,0.071,0.001,-0.000
cam0 extrinsics = -0.007,0.006,0.703,0.711 | 0.065,-0.044,0.014
cam1 extrinsics = -0.002,0.011,0.704,0.710 | -0.052,-0.043,0.015
q_GtoI = 0.823,-0.184,0.526,0.108 | p_IinG = 8.055,-5.775,2.500 | dist = 56.79 (meters)
bg = -0.0047,0.0210,0.0777 | ba = 0.0467,0.1904,0.2945
camera-imu timeoffset = 0.00003
cam0 intrinsics = 466.741,465.441,364.637,250.606 | -0.280,0.072,0.001,-0.000
cam1 intrinsics = 465.445,464.174,377.131,257.217 | -0.279,0.071,0.001,-0.000
cam0 extrinsics = -0.007,0.006,0.703,0.711 | 0.065,-0.044,0.014
cam1 extrinsics = -0.002,0.011,0.704,0.710 | -0.052,-0.043,0.015
q_GtoI = 0.824,-0.184,0.525,0.108 | p_IinG = 8.058,-5.736,2.495 | dist = 56.82 (meters)
bg = -0.0042,0.0209,0.0775 | ba = 0.0466,0.1990,0.2793
camera-imu timeoffset = 0.00002
cam0 intrinsics = 466.722,465.418,364.624,250.612 | -0.280,0.072,0.001,-0.000
cam1 intrinsics = 465.427,464.152,377.134,257.215 | -0.279,0.071,0.001,-0.000
cam0 extrinsics = -0.007,0.006,0.703,0.711 | 0.065,-0.043,0.014
cam1 extrinsics = -0.002,0.011,0.704,0.710 | -0.051,-0.042,0.015
q_GtoI = 0.823,-0.184,0.526,0.109 | p_IinG = 8.058,-5.710,2.500 | dist = 56.85 (meters)
bg = -0.0041,0.0209,0.0776 | ba = 0.0455,0.1997,0.2788
camera-imu timeoffset = 0.00002
cam0 intrinsics = 466.717,465.418,364.620,250.606 | -0.280,0.072,0.001,-0.000
cam1 intrinsics = 465.422,464.151,377.133,257.207 | -0.279,0.071,0.001,-0.000
cam0 extrinsics = -0.007,0.006,0.703,0.711 | 0.065,-0.043,0.014
cam1 extrinsics = -0.002,0.011,0.704,0.710 | -0.051,-0.042,0.015
q_GtoI = 0.822,-0.183,0.528,0.110 | p_IinG = 8.061,-5.684,2.508 | dist = 56.88 (meters)
bg = -0.0041,0.0211,0.0775 | ba = 0.0455,0.2004,0.2791
camera-imu timeoffset = 0.00002
cam0 intrinsics = 466.711,465.416,364.617,250.598 | -0.280,0.072,0.001,-0.000
cam1 intrinsics = 465.415,464.149,377.131,257.198 | -0.279,0.071,0.001,-0.000
cam0 extrinsics = -0.007,0.006,0.703,0.711 | 0.065,-0.043,0.014
cam1 extrinsics = -0.002,0.011,0.704,0.710 | -0.051,-0.042,0.015
q_GtoI = 0.819,-0.182,0.533,0.111 | p_IinG = 8.064,-5.655,2.518 | dist = 56.90 (meters)
bg = -0.0038,0.0212,0.0774 | ba = 0.0469,0.2033,0.2807
camera-imu timeoffset = 0.00002
cam0 intrinsics = 466.695,465.407,364.608,250.595 | -0.280,0.072,0.001,-0.000
cam1 intrinsics = 465.398,464.137,377.128,257.198 | -0.279,0.071,0.001,-0.000
cam0 extrinsics = -0.007,0.006,0.703,0.711 | 0.065,-0.043,0.014
cam1 extrinsics = -0.002,0.011,0.704,0.710 | -0.051,-0.042,0.015
q_GtoI = 0.816,-0.182,0.537,0.113 | p_IinG = 8.068,-5.630,2.529 | dist = 56.93 (meters)
bg = -0.0037,0.0214,0.0774 | ba = 0.0476,0.2038,0.2816
camera-imu timeoffset = 0.00002
cam0 intrinsics = 466.688,465.401,364.606,250.592 | -0.280,0.072,0.001,-0.000
cam1 intrinsics = 465.391,464.130,377.125,257.196 | -0.279,0.071,0.001,-0.000
cam0 extrinsics = -0.007,0.006,0.703,0.711 | 0.065,-0.043,0.014
cam1 extrinsics = -0.002,0.011,0.704,0.710 | -0.051,-0.042,0.015
q_GtoI = 0.814,-0.181,0.540,0.113 | p_IinG = 8.072,-5.605,2.540 | dist = 56.96 (meters)
bg = -0.0036,0.0215,0.0774 | ba = 0.0486,0.2039,0.2826
camera-imu timeoffset = 0.00002
cam0 intrinsics = 466.685,465.400,364.604,250.592 | -0.280,0.072,0.001,-0.000
cam1 intrinsics = 465.388,464.130,377.122,257.196 | -0.279,0.071,0.001,-0.000
cam0 extrinsics = -0.007,0.006,0.703,0.711 | 0.065,-0.043,0.014
cam1 extrinsics = -0.002,0.011,0.704,0.710 | -0.051,-0.042,0.015
q_GtoI = 0.812,-0.180,0.543,0.115 | p_IinG = 8.076,-5.581,2.549 | dist = 56.98 (meters)
bg = -0.0036,0.0215,0.0774 | ba = 0.0497,0.2034,0.2840
camera-imu timeoffset = 0.00002
cam0 intrinsics = 466.684,465.402,364.604,250.595 | -0.280,0.072,0.001,-0.000
cam1 intrinsics = 465.386,464.132,377.120,257.199 | -0.279,0.071,0.001,-0.000
cam0 extrinsics = -0.007,0.006,0.703,0.711 | 0.065,-0.043,0.014
cam1 extrinsics = -0.002,0.011,0.704,0.710 | -0.051,-0.042,0.015
q_GtoI = 0.812,-0.181,0.543,0.113 | p_IinG = 8.079,-5.557,2.557 | dist = 57.01 (meters)
bg = -0.0035,0.0214,0.0774 | ba = 0.0506,0.2024,0.2859
camera-imu timeoffset = 0.00002
cam0 intrinsics = 466.682,465.405,364.602,250.598 | -0.280,0.072,0.001,-0.000
cam1 intrinsics = 465.384,464.135,377.116,257.202 | -0.279,0.071,0.001,-0.000
cam0 extrinsics = -0.007,0.006,0.703,0.711 | 0.065,-0.043,0.014
cam1 extrinsics = -0.002,0.011,0.704,0.710 | -0.051,-0.041,0.015
q_GtoI = 0.812,-0.181,0.543,0.113 | p_IinG = 8.084,-5.534,2.562 | dist = 57.04 (meters)
bg = -0.0035,0.0213,0.0774 | ba = 0.0510,0.2014,0.2869
camera-imu timeoffset = 0.00002
cam0 intrinsics = 466.679,465.407,364.601,250.598 | -0.280,0.072,0.001,-0.000
cam1 intrinsics = 465.382,464.136,377.114,257.202 | -0.279,0.071,0.001,-0.000
cam0 extrinsics = -0.007,0.006,0.703,0.711 | 0.065,-0.043,0.014
cam1 extrinsics = -0.002,0.011,0.704,0.711 | -0.051,-0.041,0.015
q_GtoI = 0.813,-0.182,0.542,0.113 | p_IinG = 8.089,-5.512,2.566 | dist = 57.06 (meters)
bg = -0.0035,0.0212,0.0773 | ba = 0.0513,0.2002,0.2874
camera-imu timeoffset = 0.00002
cam0 intrinsics = 466.677,465.409,364.600,250.596 | -0.280,0.072,0.001,-0.000
cam1 intrinsics = 465.380,464.138,377.112,257.200 | -0.279,0.071,0.001,-0.000
cam0 extrinsics = -0.007,0.006,0.703,0.711 | 0.065,-0.043,0.014
cam1 extrinsics = -0.002,0.011,0.704,0.711 | -0.051,-0.042,0.015
q_GtoI = 0.813,-0.183,0.541,0.111 | p_IinG = 8.094,-5.489,2.568 | dist = 57.08 (meters)
bg = -0.0034,0.0211,0.0773 | ba = 0.0512,0.1991,0.2877
camera-imu timeoffset = 0.00002
cam0 intrinsics = 466.674,465.409,364.599,250.593 | -0.280,0.072,0.001,-0.000
cam1 intrinsics = 465.377,464.138,377.109,257.198 | -0.279,0.071,0.001,-0.000
cam0 extrinsics = -0.007,0.006,0.703,0.711 | 0.065,-0.043,0.014
cam1 extrinsics = -0.002,0.011,0.704,0.711 | -0.051,-0.042,0.015
q_GtoI = 0.816,-0.184,0.537,0.111 | p_IinG = 8.099,-5.469,2.568 | dist = 57.11 (meters)
bg = -0.0034,0.0210,0.0774 | ba = 0.0514,0.1974,0.2882
camera-imu timeoffset = 0.00002
cam0 intrinsics = 466.670,465.408,364.597,250.589 | -0.280,0.072,0.001,-0.000
cam1 intrinsics = 465.373,464.138,377.107,257.193 | -0.279,0.071,0.001,-0.000
cam0 extrinsics = -0.007,0.006,0.703,0.711 | 0.065,-0.043,0.014
cam1 extrinsics = -0.002,0.011,0.704,0.710 | -0.051,-0.042,0.015
q_GtoI = 0.819,-0.185,0.532,0.110 | p_IinG = 8.108,-5.447,2.563 | dist = 57.13 (meters)
bg = -0.0034,0.0206,0.0773 | ba = 0.0531,0.1978,0.2801
camera-imu timeoffset = 0.00002
cam0 intrinsics = 466.649,465.386,364.580,250.601 | -0.280,0.072,0.001,-0.000
cam1 intrinsics = 465.355,464.112,377.123,257.207 | -0.279,0.071,0.001,-0.000
cam0 extrinsics = -0.007,0.006,0.703,0.711 | 0.065,-0.042,0.015
cam1 extrinsics = -0.002,0.011,0.704,0.710 | -0.052,-0.041,0.016
q_GtoI = 0.822,-0.187,0.528,0.108 | p_IinG = 8.116,-5.428,2.559 | dist = 57.15 (meters)
bg = -0.0034,0.0205,0.0774 | ba = 0.0530,0.1970,0.2804
camera-imu timeoffset = 0.00002
cam0 intrinsics = 466.644,465.384,364.576,250.595 | -0.280,0.072,0.001,-0.000
cam1 intrinsics = 465.351,464.112,377.120,257.199 | -0.279,0.071,0.001,-0.000
cam0 extrinsics = -0.007,0.006,0.703,0.711 | 0.065,-0.042,0.015
cam1 extrinsics = -0.002,0.011,0.704,0.710 | -0.051,-0.041,0.016
q_GtoI = 0.823,-0.188,0.525,0.107 | p_IinG = 8.126,-5.409,2.555 | dist = 57.17 (meters)
bg = -0.0034,0.0205,0.0774 | ba = 0.0528,0.1963,0.2807
camera-imu timeoffset = 0.00002
cam0 intrinsics = 466.639,465.384,364.573,250.588 | -0.280,0.072,0.001,-0.000
cam1 intrinsics = 465.346,464.111,377.117,257.192 | -0.279,0.071,0.001,-0.000
cam0 extrinsics = -0.007,0.006,0.703,0.711 | 0.065,-0.042,0.015
cam1 extrinsics = -0.002,0.011,0.704,0.710 | -0.051,-0.041,0.016
q_GtoI = 0.824,-0.188,0.524,0.108 | p_IinG = 8.136,-5.392,2.551 | dist = 57.19 (meters)
bg = -0.0033,0.0206,0.0775 | ba = 0.0516,0.1954,0.2814
camera-imu timeoffset = 0.00002
cam0 intrinsics = 466.633,465.383,364.564,250.584 | -0.280,0.072,0.001,-0.000
cam1 intrinsics = 465.339,464.108,377.117,257.186 | -0.279,0.071,0.001,-0.000
cam0 extrinsics = -0.007,0.006,0.703,0.711 | 0.065,-0.043,0.015
cam1 extrinsics = -0.002,0.011,0.704,0.710 | -0.051,-0.041,0.016
q_GtoI = 0.824,-0.188,0.524,0.108 | p_IinG = 8.148,-5.375,2.545 | dist = 57.22 (meters)
bg = -0.0033,0.0205,0.0774 | ba = 0.0513,0.1945,0.2817
camera-imu timeoffset = 0.00002
cam0 intrinsics = 466.628,465.383,364.559,250.577 | -0.280,0.072,0.001,-0.000
cam1 intrinsics = 465.334,464.107,377.113,257.179 | -0.279,0.071,0.001,-0.000
cam0 extrinsics = -0.007,0.006,0.703,0.711 | 0.065,-0.043,0.015
cam1 extrinsics = -0.002,0.011,0.704,0.710 | -0.051,-0.041,0.016
q_GtoI = 0.821,-0.188,0.527,0.109 | p_IinG = 8.162,-5.360,2.539 | dist = 57.24 (meters)
bg = -0.0032,0.0206,0.0774 | ba = 0.0514,0.1942,0.2822
camera-imu timeoffset = 0.00002
cam0 intrinsics = 466.623,465.383,364.554,250.569 | -0.280,0.072,0.001,-0.000
cam1 intrinsics = 465.326,464.106,377.112,257.171 | -0.279,0.071,0.001,-0.000
cam0 extrinsics = -0.007,0.006,0.703,0.711 | 0.065,-0.043,0.015
cam1 extrinsics = -0.002,0.011,0.704,0.710 | -0.051,-0.042,0.016
q_GtoI = 0.819,-0.187,0.531,0.110 | p_IinG = 8.177,-5.345,2.534 | dist = 57.26 (meters)
bg = -0.0032,0.0207,0.0775 | ba = 0.0514,0.1933,0.2823
camera-imu timeoffset = 0.00002
cam0 intrinsics = 466.618,465.381,364.550,250.566 | -0.280,0.072,0.001,-0.000
cam1 intrinsics = 465.322,464.104,377.109,257.167 | -0.279,0.071,0.001,-0.000
cam0 extrinsics = -0.007,0.006,0.703,0.711 | 0.065,-0.043,0.015
cam1 extrinsics = -0.002,0.011,0.704,0.710 | -0.051,-0.042,0.016
q_GtoI = 0.816,-0.186,0.535,0.111 | p_IinG = 8.193,-5.332,2.531 | dist = 57.28 (meters)
bg = -0.0032,0.0209,0.0775 | ba = 0.0516,0.1921,0.2822
camera-imu timeoffset = 0.00002
cam0 intrinsics = 466.613,465.376,364.547,250.563 | -0.280,0.072,0.001,-0.000
cam1 intrinsics = 465.317,464.099,377.106,257.164 | -0.279,0.071,0.001,-0.000
cam0 extrinsics = -0.007,0.006,0.703,0.711 | 0.065,-0.043,0.015
cam1 extrinsics = -0.002,0.011,0.704,0.710 | -0.051,-0.042,0.016
q_GtoI = 0.814,-0.186,0.538,0.112 | p_IinG = 8.210,-5.319,2.529 | dist = 57.30 (meters)
bg = -0.0031,0.0210,0.0775 | ba = 0.0517,0.1925,0.2813
camera-imu timeoffset = 0.00002
cam0 intrinsics = 466.610,465.375,364.545,250.557 | -0.280,0.072,0.001,-0.000
cam1 intrinsics = 465.314,464.098,377.105,257.158 | -0.279,0.071,0.001,-0.000
cam0 extrinsics = -0.007,0.006,0.703,0.711 | 0.065,-0.043,0.015
cam1 extrinsics = -0.002,0.011,0.704,0.710 | -0.051,-0.042,0.016
q_GtoI = 0.813,-0.185,0.541,0.113 | p_IinG = 8.228,-5.306,2.529 | dist = 57.32 (meters)
bg = -0.0030,0.0210,0.0775 | ba = 0.0513,0.1924,0.2799
camera-imu timeoffset = 0.00002
cam0 intrinsics = 466.610,465.376,364.544,250.553 | -0.280,0.072,0.001,-0.000
cam1 intrinsics = 465.313,464.100,377.104,257.153 | -0.279,0.071,0.001,-0.000
cam0 extrinsics = -0.007,0.006,0.703,0.711 | 0.065,-0.043,0.015
cam1 extrinsics = -0.002,0.011,0.704,0.710 | -0.051,-0.042,0.016
q_GtoI = 0.812,-0.185,0.542,0.114 | p_IinG = 8.246,-5.296,2.530 | dist = 57.34 (meters)
bg = -0.0030,0.0211,0.0776 | ba = 0.0506,0.1916,0.2801
camera-imu timeoffset = 0.00002
cam0 intrinsics = 466.609,465.378,364.539,250.552 | -0.280,0.072,0.001,-0.000
cam1 intrinsics = 465.310,464.100,377.104,257.150 | -0.279,0.071,0.001,-0.000
cam0 extrinsics = -0.007,0.006,0.703,0.711 | 0.065,-0.043,0.015
cam1 extrinsics = -0.002,0.011,0.704,0.710 | -0.051,-0.042,0.016
q_GtoI = 0.812,-0.183,0.543,0.116 | p_IinG = 8.265,-5.286,2.532 | dist = 57.36 (meters)
bg = -0.0030,0.0210,0.0775 | ba = 0.0500,0.1913,0.2791
camera-imu timeoffset = 0.00002
cam0 intrinsics = 466.610,465.382,364.538,250.549 | -0.280,0.072,0.001,-0.000
cam1 intrinsics = 465.311,464.104,377.104,257.146 | -0.279,0.071,0.001,-0.000
cam0 extrinsics = -0.007,0.006,0.703,0.711 | 0.065,-0.043,0.015
cam1 extrinsics = -0.002,0.011,0.704,0.711 | -0.051,-0.042,0.016
q_GtoI = 0.811,-0.182,0.544,0.118 | p_IinG = 8.290,-5.272,2.533 | dist = 57.39 (meters)
bg = -0.0028,0.0209,0.0774 | ba = 0.0517,0.1938,0.2713
camera-imu timeoffset = 0.00002
cam0 intrinsics = 466.612,465.388,364.527,250.539 | -0.280,0.072,0.001,-0.000
cam1 intrinsics = 465.310,464.102,377.126,257.134 | -0.279,0.071,0.001,-0.000
cam0 extrinsics = -0.007,0.006,0.703,0.711 | 0.065,-0.043,0.015
cam1 extrinsics = -0.002,0.011,0.704,0.710 | -0.051,-0.042,0.016
q_GtoI = 0.809,-0.178,0.546,0.123 | p_IinG = 8.311,-5.262,2.539 | dist = 57.41 (meters)
bg = -0.0028,0.0210,0.0773 | ba = 0.0514,0.1937,0.2713
camera-imu timeoffset = 0.00002
cam0 intrinsics = 466.614,465.394,364.527,250.536 | -0.280,0.072,0.001,-0.000
cam1 intrinsics = 465.311,464.109,377.128,257.130 | -0.279,0.071,0.001,-0.000
cam0 extrinsics = -0.007,0.006,0.703,0.711 | 0.065,-0.043,0.015
cam1 extrinsics = -0.002,0.011,0.704,0.710 | -0.051,-0.042,0.016
q_GtoI = 0.807,-0.175,0.549,0.128 | p_IinG = 8.331,-5.251,2.546 | dist = 57.44 (meters)
bg = -0.0027,0.0209,0.0773 | ba = 0.0513,0.1936,0.2712
camera-imu timeoffset = 0.00002
cam0 intrinsics = 466.615,465.399,364.525,250.534 | -0.280,0.072,0.001,-0.000
cam1 intrinsics = 465.312,464.113,377.126,257.128 | -0.279,0.071,0.001,-0.000
cam0 extrinsics = -0.007,0.006,0.703,0.711 | 0.065,-0.043,0.015
cam1 extrinsics = -0.002,0.011,0.704,0.711 | -0.051,-0.042,0.016
q_GtoI = 0.806,-0.172,0.550,0.132 | p_IinG = 8.352,-5.240,2.555 | dist = 57.46 (meters)
bg = -0.0027,0.0210,0.0773 | ba = 0.0515,0.1935,0.2707
camera-imu timeoffset = 0.00002
cam0 intrinsics = 466.616,465.403,364.526,250.533 | -0.280,0.072,0.001,-0.000
cam1 intrinsics = 465.314,464.118,377.129,257.126 | -0.279,0.071,0.001,-0.000
cam0 extrinsics = -0.007,0.006,0.703,0.711 | 0.065,-0.044,0.015
cam1 extrinsics = -0.002,0.011,0.704,0.711 | -0.051,-0.042,0.016
q_GtoI = 0.805,-0.170,0.552,0.135 | p_IinG = 8.373,-5.228,2.565 | dist = 57.49 (meters)
bg = -0.0027,0.0209,0.0772 | ba = 0.0514,0.1933,0.2705
camera-imu timeoffset = 0.00002
cam0 intrinsics = 466.620,465.410,364.526,250.532 | -0.280,0.072,0.001,-0.000
cam1 intrinsics = 465.317,464.124,377.130,257.125 | -0.279,0.071,0.001,-0.000
cam0 extrinsics = -0.007,0.006,0.703,0.711 | 0.065,-0.044,0.015
cam1 extrinsics = -0.002,0.011,0.704,0.710 | -0.051,-0.042,0.016
q_GtoI = 0.804,-0.170,0.554,0.135 | p_IinG = 8.393,-5.217,2.576 | dist = 57.51 (meters)
bg = -0.0027,0.0208,0.0772 | ba = 0.0523,0.1917,0.2718
camera-imu timeoffset = 0.00002
cam0 intrinsics = 466.625,465.412,364.522,250.535 | -0.280,0.072,0.001,-0.000
cam1 intrinsics = 465.320,464.125,377.131,257.127 | -0.279,0.071,0.001,-0.000
cam0 extrinsics = -0.007,0.006,0.703,0.711 | 0.065,-0.044,0.015
cam1 extrinsics = -0.002,0.011,0.704,0.711 | -0.051,-0.042,0.016
q_GtoI = 0.803,-0.171,0.555,0.134 | p_IinG = 8.414,-5.203,2.590 | dist = 57.54 (meters)
bg = -0.0026,0.0209,0.0772 | ba = 0.0521,0.1908,0.2722
camera-imu timeoffset = 0.00002
cam0 intrinsics = 466.629,465.419,364.523,250.538 | -0.280,0.072,0.001,-0.000
cam1 intrinsics = 465.323,464.131,377.134,257.128 | -0.279,0.071,0.001,-0.000
cam0 extrinsics = -0.007,0.006,0.703,0.711 | 0.065,-0.044,0.015
cam1 extrinsics = -0.002,0.011,0.704,0.711 | -0.051,-0.043,0.016
q_GtoI = 0.803,-0.170,0.556,0.134 | p_IinG = 8.434,-5.189,2.605 | dist = 57.57 (meters)
bg = -0.0026,0.0208,0.0771 | ba = 0.0516,0.1897,0.2726
camera-imu timeoffset = 0.00002
cam0 intrinsics = 466.633,465.426,364.526,250.541 | -0.280,0.072,0.001,-0.000
cam1 intrinsics = 465.328,464.138,377.138,257.131 | -0.279,0.071,0.001,-0.000
cam0 extrinsics = -0.007,0.006,0.703,0.711 | 0.065,-0.044,0.015
cam1 extrinsics = -0.002,0.011,0.704,0.711 | -0.051,-0.043,0.016
q_GtoI = 0.802,-0.170,0.556,0.135 | p_IinG = 8.454,-5.174,2.622 | dist = 57.60 (meters)
bg = -0.0026,0.0208,0.0771 | ba = 0.0510,0.1889,0.2733
camera-imu timeoffset = 0.00002
cam0 intrinsics = 466.639,465.434,364.531,250.545 | -0.280,0.072,0.001,-0.000
cam1 intrinsics = 465.333,464.146,377.143,257.135 | -0.279,0.071,0.001,-0.000
cam0 extrinsics = -0.007,0.006,0.703,0.711 | 0.065,-0.044,0.015
cam1 extrinsics = -0.002,0.011,0.704,0.711 | -0.052,-0.043,0.016
q_GtoI = 0.802,-0.170,0.556,0.134 | p_IinG = 8.474,-5.159,2.639 | dist = 57.63 (meters)
bg = -0.0026,0.0207,0.0770 | ba = 0.0504,0.1880,0.2736
camera-imu timeoffset = 0.00002
cam0 intrinsics = 466.646,465.444,364.535,250.549 | -0.280,0.072,0.001,-0.000
cam1 intrinsics = 465.340,464.156,377.148,257.139 | -0.279,0.071,0.001,-0.000
cam0 extrinsics = -0.007,0.006,0.703,0.711 | 0.065,-0.044,0.015
cam1 extrinsics = -0.002,0.011,0.704,0.711 | -0.052,-0.043,0.016
q_GtoI = 0.803,-0.170,0.556,0.134 | p_IinG = 8.494,-5.143,2.656 | dist = 57.66 (meters)
bg = -0.0027,0.0207,0.0770 | ba = 0.0498,0.1868,0.2741
camera-imu timeoffset = 0.00002
cam0 intrinsics = 466.655,465.456,364.539,250.553 | -0.280,0.072,0.001,-0.000
cam1 intrinsics = 465.349,464.168,377.151,257.142 | -0.279,0.071,0.001,-0.000
cam0 extrinsics = -0.007,0.006,0.703,0.711 | 0.065,-0.044,0.015
cam1 extrinsics = -0.002,0.011,0.704,0.711 | -0.052,-0.043,0.016
q_GtoI = 0.802,-0.170,0.556,0.134 | p_IinG = 8.513,-5.126,2.671 | dist = 57.69 (meters)
bg = -0.0027,0.0206,0.0770 | ba = 0.0488,0.1861,0.2751
camera-imu timeoffset = 0.00002
cam0 intrinsics = 466.664,465.469,364.545,250.559 | -0.280,0.072,0.001,-0.000
cam1 intrinsics = 465.358,464.182,377.158,257.147 | -0.279,0.071,0.001,-0.000
cam0 extrinsics = -0.007,0.006,0.703,0.711 | 0.065,-0.044,0.015
cam1 extrinsics = -0.002,0.011,0.704,0.711 | -0.052,-0.043,0.016
q_GtoI = 0.801,-0.171,0.559,0.132 | p_IinG = 8.533,-5.108,2.685 | dist = 57.72 (meters)
bg = -0.0027,0.0205,0.0771 | ba = 0.0482,0.1865,0.2771
camera-imu timeoffset = 0.00002
cam0 intrinsics = 466.675,465.485,364.560,250.568 | -0.280,0.072,0.001,-0.000
cam1 intrinsics = 465.369,464.198,377.173,257.157 | -0.279,0.071,0.001,-0.000
cam0 extrinsics = -0.007,0.006,0.703,0.711 | 0.065,-0.044,0.015
cam1 extrinsics = -0.002,0.011,0.704,0.711 | -0.052,-0.043,0.016
q_GtoI = 0.799,-0.172,0.562,0.129 | p_IinG = 8.552,-5.091,2.698 | dist = 57.75 (meters)
bg = -0.0027,0.0206,0.0771 | ba = 0.0466,0.1854,0.2796
camera-imu timeoffset = 0.00002
cam0 intrinsics = 466.689,465.506,364.584,250.587 | -0.280,0.072,0.001,-0.000
cam1 intrinsics = 465.382,464.218,377.200,257.175 | -0.279,0.071,0.001,-0.000
cam0 extrinsics = -0.007,0.006,0.703,0.711 | 0.065,-0.044,0.015
cam1 extrinsics = -0.002,0.011,0.704,0.711 | -0.051,-0.043,0.016
q_GtoI = 0.794,-0.173,0.568,0.128 | p_IinG = 8.573,-5.071,2.710 | dist = 57.78 (meters)
bg = -0.0026,0.0205,0.0769 | ba = 0.0446,0.1861,0.2788
camera-imu timeoffset = 0.00002
cam0 intrinsics = 466.691,465.516,364.581,250.595 | -0.280,0.072,0.001,-0.000
cam1 intrinsics = 465.384,464.228,377.198,257.182 | -0.279,0.071,0.001,-0.000
cam0 extrinsics = -0.007,0.006,0.703,0.711 | 0.065,-0.044,0.015
cam1 extrinsics = -0.002,0.011,0.704,0.711 | -0.051,-0.043,0.016
q_GtoI = 0.790,-0.173,0.575,0.127 | p_IinG = 8.592,-5.052,2.717 | dist = 57.81 (meters)
bg = -0.0026,0.0206,0.0769 | ba = 0.0449,0.1867,0.2785
camera-imu timeoffset = 0.00002
cam0 intrinsics = 466.695,465.522,364.578,250.598 | -0.280,0.072,0.001,-0.000
cam1 intrinsics = 465.388,464.235,377.196,257.184 | -0.279,0.071,0.001,-0.000
cam0 extrinsics = -0.007,0.006,0.703,0.711 | 0.065,-0.044,0.015
cam1 extrinsics = -0.002,0.011,0.704,0.711 | -0.051,-0.043,0.016
q_GtoI = 0.787,-0.174,0.579,0.127 | p_IinG = 8.611,-5.031,2.720 | dist = 57.84 (meters)
bg = -0.0026,0.0206,0.0768 | ba = 0.0445,0.1872,0.2783
camera-imu timeoffset = 0.00002
cam0 intrinsics = 466.701,465.529,364.574,250.603 | -0.280,0.072,0.001,-0.000
cam1 intrinsics = 465.395,464.242,377.193,257.189 | -0.279,0.071,0.001,-0.000
cam0 extrinsics = -0.007,0.006,0.703,0.711 | 0.065,-0.044,0.015
cam1 extrinsics = -0.002,0.011,0.704,0.711 | -0.051,-0.043,0.016
q_GtoI = 0.787,-0.174,0.578,0.126 | p_IinG = 8.629,-5.010,2.718 | dist = 57.86 (meters)
bg = -0.0026,0.0205,0.0768 | ba = 0.0434,0.1878,0.2779
camera-imu timeoffset = 0.00002
cam0 intrinsics = 466.708,465.534,364.572,250.609 | -0.280,0.072,0.001,-0.000
cam1 intrinsics = 465.402,464.247,377.191,257.194 | -0.279,0.071,0.001,-0.000
cam0 extrinsics = -0.007,0.006,0.703,0.711 | 0.065,-0.044,0.015
cam1 extrinsics = -0.002,0.011,0.704,0.711 | -0.051,-0.043,0.016
q_GtoI = 0.788,-0.175,0.576,0.124 | p_IinG = 8.649,-4.984,2.714 | dist = 57.89 (meters)
bg = -0.0026,0.0207,0.0767 | ba = 0.0397,0.1883,0.2762
camera-imu timeoffset = 0.00002
cam0 intrinsics = 466.718,465.531,364.574,250.629 | -0.280,0.072,0.001,-0.000
cam1 intrinsics = 465.413,464.237,377.204,257.205 | -0.279,0.071,0.001,-0.000
cam0 extrinsics = -0.007,0.006,0.703,0.711 | 0.065,-0.044,0.015
cam1 extrinsics = -0.002,0.011,0.704,0.711 | -0.051,-0.043,0.016
q_GtoI = 0.790,-0.176,0.574,0.123 | p_IinG = 8.664,-4.961,2.702 | dist = 57.92 (meters)
bg = -0.0026,0.0206,0.0767 | ba = 0.0393,0.1892,0.2757
camera-imu timeoffset = 0.00002
cam0 intrinsics = 466.724,465.531,364.571,250.637 | -0.280,0.072,0.001,-0.000
cam1 intrinsics = 465.418,464.238,377.201,257.212 | -0.279,0.071,0.001,-0.000
cam0 extrinsics = -0.007,0.006,0.703,0.711 | 0.065,-0.044,0.015
cam1 extrinsics = -0.002,0.011,0.704,0.711 | -0.051,-0.043,0.016
q_GtoI = 0.792,-0.177,0.571,0.123 | p_IinG = 8.678,-4.937,2.688 | dist = 57.95 (meters)
bg = -0.0026,0.0206,0.0768 | ba = 0.0382,0.1902,0.2747
camera-imu timeoffset = 0.00002
cam0 intrinsics = 466.728,465.527,364.566,250.645 | -0.280,0.072,0.001,-0.000
cam1 intrinsics = 465.423,464.234,377.197,257.220 | -0.279,0.071,0.001,-0.000
cam0 extrinsics = -0.007,0.006,0.703,0.711 | 0.065,-0.044,0.015
cam1 extrinsics = -0.002,0.011,0.704,0.711 | -0.051,-0.043,0.016
q_GtoI = 0.793,-0.176,0.569,0.123 | p_IinG = 8.693,-4.913,2.672 | dist = 57.98 (meters)
bg = -0.0025,0.0206,0.0768 | ba = 0.0363,0.1913,0.2720
camera-imu timeoffset = 0.00002
cam0 intrinsics = 466.731,465.523,364.559,250.656 | -0.280,0.072,0.001,-0.000
cam1 intrinsics = 465.432,464.233,377.194,257.230 | -0.279,0.071,0.001,-0.000
cam0 extrinsics = -0.007,0.006,0.703,0.711 | 0.065,-0.044,0.015
cam1 extrinsics = -0.002,0.011,0.704,0.711 | -0.051,-0.043,0.016
q_GtoI = 0.795,-0.176,0.568,0.124 | p_IinG = 8.707,-4.889,2.655 | dist = 58.01 (meters)
bg = -0.0025,0.0206,0.0768 | ba = 0.0351,0.1917,0.2699
camera-imu timeoffset = 0.00002
cam0 intrinsics = 466.737,465.523,364.556,250.666 | -0.280,0.072,0.001,-0.000
cam1 intrinsics = 465.437,464.233,377.190,257.240 | -0.279,0.071,0.001,-0.000
cam0 extrinsics = -0.007,0.006,0.703,0.711 | 0.065,-0.044,0.015
cam1 extrinsics = -0.002,0.011,0.704,0.711 | -0.051,-0.043,0.016
q_GtoI = 0.797,-0.175,0.564,0.125 | p_IinG = 8.720,-4.864,2.636 | dist = 58.04 (meters)
bg = -0.0025,0.0207,0.0768 | ba = 0.0332,0.1919,0.2675
camera-imu timeoffset = 0.00002
cam0 intrinsics = 466.741,465.520,364.552,250.674 | -0.280,0.072,0.001,-0.000
cam1 intrinsics = 465.441,464.231,377.186,257.250 | -0.279,0.071,0.001,-0.000
cam0 extrinsics = -0.007,0.006,0.703,0.711 | 0.065,-0.044,0.015
cam1 extrinsics = -0.002,0.011,0.704,0.711 | -0.051,-0.043,0.016
q_GtoI = 0.799,-0.173,0.561,0.128 | p_IinG = 8.733,-4.839,2.617 | dist = 58.08 (meters)
bg = -0.0026,0.0207,0.0768 | ba = 0.0312,0.1928,0.2659
camera-imu timeoffset = 0.00002
cam0 intrinsics = 466.740,465.517,364.551,250.679 | -0.280,0.072,0.001,-0.000
cam1 intrinsics = 465.440,464.228,377.184,257.255 | -0.279,0.071,0.001,-0.000
cam0 extrinsics = -0.007,0.006,0.703,0.711 | 0.065,-0.044,0.016
cam1 extrinsics = -0.002,0.011,0.704,0.711 | -0.051,-0.043,0.016
q_GtoI = 0.800,-0.171,0.560,0.131 | p_IinG = 8.746,-4.814,2.598 | dist = 58.11 (meters)
bg = -0.0026,0.0207,0.0768 | ba = 0.0294,0.1931,0.2636
camera-imu timeoffset = 0.00002
cam0 intrinsics = 466.741,465.517,364.548,250.685 | -0.280,0.072,0.001,-0.000
cam1 intrinsics = 465.441,464.229,377.182,257.262 | -0.279,0.071,0.001,-0.000
cam0 extrinsics = -0.007,0.006,0.703,0.711 | 0.065,-0.044,0.016
cam1 extrinsics = -0.002,0.011,0.704,0.711 | -0.051,-0.043,0.016
q_GtoI = 0.802,-0.167,0.557,0.135 | p_IinG = 8.760,-4.786,2.578 | dist = 58.14 (meters)
bg = -0.0025,0.0207,0.0768 | ba = 0.0265,0.1944,0.2612
camera-imu timeoffset = 0.00002
cam0 intrinsics = 466.737,465.517,364.548,250.688 | -0.280,0.072,0.001,-0.000
cam1 intrinsics = 465.438,464.229,377.182,257.265 | -0.279,0.071,0.001,-0.000
cam0 extrinsics = -0.007,0.006,0.703,0.711 | 0.065,-0.044,0.016
cam1 extrinsics = -0.002,0.011,0.704,0.711 | -0.051,-0.043,0.017
q_GtoI = 0.802,-0.161,0.557,0.144 | p_IinG = 8.767,-4.759,2.554 | dist = 58.18 (meters)
bg = -0.0027,0.0207,0.0768 | ba = 0.0283,0.1934,0.2616
camera-imu timeoffset = 0.00002
cam0 intrinsics = 466.732,465.524,364.545,250.697 | -0.280,0.072,0.001,-0.000
cam1 intrinsics = 465.432,464.238,377.183,257.272 | -0.279,0.071,0.001,-0.000
cam0 extrinsics = -0.007,0.006,0.703,0.711 | 0.065,-0.044,0.016
cam1 extrinsics = -0.002,0.011,0.704,0.711 | -0.051,-0.043,0.016
q_GtoI = 0.802,-0.154,0.557,0.153 | p_IinG = 8.779,-4.729,2.531 | dist = 58.22 (meters)
bg = -0.0026,0.0208,0.0768 | ba = 0.0284,0.1947,0.2606
camera-imu timeoffset = 0.00002
cam0 intrinsics = 466.729,465.531,364.548,250.694 | -0.280,0.072,0.001,-0.000
cam1 intrinsics = 465.429,464.245,377.186,257.270 | -0.279,0.071,0.001,-0.000
cam0 extrinsics = -0.007,0.006,0.703,0.711 | 0.065,-0.044,0.016
cam1 extrinsics = -0.002,0.011,0.704,0.711 | -0.051,-0.043,0.017
q_GtoI = 0.801,-0.148,0.557,0.161 | p_IinG = 8.789,-4.696,2.509 | dist = 58.26 (meters)
bg = -0.0026,0.0208,0.0768 | ba = 0.0288,0.1959,0.2599
camera-imu timeoffset = 0.00002
cam0 intrinsics = 466.727,465.536,364.551,250.688 | -0.280,0.072,0.001,-0.000
cam1 intrinsics = 465.427,464.251,377.190,257.265 | -0.279,0.071,0.001,-0.000
cam0 extrinsics = -0.007,0.006,0.703,0.711 | 0.065,-0.044,0.016
cam1 extrinsics = -0.002,0.011,0.704,0.711 | -0.051,-0.043,0.017
q_GtoI = 0.800,-0.142,0.558,0.169 | p_IinG = 8.800,-4.661,2.484 | dist = 58.30 (meters)
bg = -0.0026,0.0207,0.0766 | ba = 0.0316,0.1972,0.2581
camera-imu timeoffset = 0.00002
cam0 intrinsics = 466.741,465.536,364.561,250.652 | -0.280,0.072,0.001,-0.000
cam1 intrinsics = 465.434,464.238,377.218,257.210 | -0.279,0.071,0.001,-0.000
cam0 extrinsics = -0.007,0.006,0.703,0.711 | 0.066,-0.043,0.016
cam1 extrinsics = -0.002,0.011,0.704,0.711 | -0.051,-0.042,0.017
q_GtoI = 0.799,-0.139,0.559,0.174 | p_IinG = 8.810,-4.623,2.465 | dist = 58.34 (meters)
bg = -0.0025,0.0207,0.0767 | ba = 0.0318,0.1978,0.2583
camera-imu timeoffset = 0.00002
cam0 intrinsics = 466.743,465.536,364.563,250.646 | -0.280,0.072,0.001,-0.000
cam1 intrinsics = 465.435,464.238,377.221,257.204 | -0.279,0.071,0.001,-0.000
cam0 extrinsics = -0.007,0.006,0.703,0.711 | 0.066,-0.043,0.016
cam1 extrinsics = -0.002,0.011,0.704,0.711 | -0.051,-0.042,0.017
q_GtoI = 0.798,-0.136,0.560,0.176 | p_IinG = 8.821,-4.581,2.448 | dist = 58.38 (meters)
bg = -0.0024,0.0206,0.0767 | ba = 0.0321,0.1984,0.2580
camera-imu timeoffset = 0.00001
cam0 intrinsics = 466.743,465.540,364.566,250.639 | -0.280,0.072,0.001,-0.000
cam1 intrinsics = 465.435,464.242,377.223,257.198 | -0.279,0.071,0.001,-0.000
cam0 extrinsics = -0.007,0.006,0.703,0.711 | 0.066,-0.043,0.016
cam1 extrinsics = -0.002,0.011,0.704,0.711 | -0.050,-0.042,0.017
q_GtoI = 0.798,-0.136,0.560,0.177 | p_IinG = 8.832,-4.535,2.433 | dist = 58.43 (meters)
bg = -0.0023,0.0206,0.0768 | ba = 0.0322,0.1988,0.2581
camera-imu timeoffset = 0.00001
cam0 intrinsics = 466.745,465.544,364.568,250.634 | -0.280,0.072,0.001,-0.000
cam1 intrinsics = 465.436,464.245,377.225,257.194 | -0.279,0.071,0.001,-0.000
cam0 extrinsics = -0.007,0.006,0.703,0.711 | 0.066,-0.043,0.016
cam1 extrinsics = -0.002,0.011,0.704,0.711 | -0.050,-0.042,0.017
q_GtoI = 0.798,-0.136,0.559,0.176 | p_IinG = 8.842,-4.486,2.420 | dist = 58.48 (meters)
bg = -0.0022,0.0206,0.0768 | ba = 0.0322,0.1989,0.2584
camera-imu timeoffset = 0.00001
cam0 intrinsics = 466.745,465.546,364.571,250.629 | -0.280,0.072,0.001,-0.000
cam1 intrinsics = 465.435,464.247,377.228,257.189 | -0.279,0.071,0.001,-0.000
cam0 extrinsics = -0.007,0.006,0.703,0.711 | 0.066,-0.043,0.016
cam1 extrinsics = -0.002,0.011,0.704,0.711 | -0.050,-0.042,0.017
q_GtoI = 0.799,-0.138,0.559,0.174 | p_IinG = 8.854,-4.432,2.411 | dist = 58.54 (meters)
bg = -0.0021,0.0206,0.0769 | ba = 0.0304,0.1990,0.2577
camera-imu timeoffset = 0.00001
cam0 intrinsics = 466.744,465.554,364.575,250.619 | -0.280,0.072,0.001,-0.000
cam1 intrinsics = 465.434,464.256,377.231,257.179 | -0.279,0.071,0.001,-0.000
cam0 extrinsics = -0.007,0.006,0.703,0.711 | 0.066,-0.043,0.016
cam1 extrinsics = -0.002,0.011,0.704,0.711 | -0.050,-0.042,0.017
q_GtoI = 0.799,-0.139,0.558,0.173 | p_IinG = 8.865,-4.375,2.403 | dist = 58.59 (meters)
bg = -0.0020,0.0206,0.0769 | ba = 0.0291,0.1987,0.2573
camera-imu timeoffset = 0.00001
cam0 intrinsics = 466.740,465.560,364.577,250.618 | -0.280,0.072,0.001,-0.000
cam1 intrinsics = 465.431,464.263,377.231,257.177 | -0.279,0.071,0.001,-0.000
cam0 extrinsics = -0.007,0.006,0.703,0.711 | 0.066,-0.043,0.016
cam1 extrinsics = -0.002,0.011,0.704,0.711 | -0.050,-0.042,0.017
q_GtoI = 0.800,-0.141,0.558,0.171 | p_IinG = 8.880,-4.315,2.398 | dist = 58.65 (meters)
bg = -0.0019,0.0206,0.0767 | ba = 0.0287,0.1995,0.2553
camera-imu timeoffset = 0.00001
cam0 intrinsics = 466.747,465.557,364.578,250.606 | -0.280,0.072,0.001,-0.000
cam1 intrinsics = 465.437,464.260,377.231,257.166 | -0.279,0.071,0.001,-0.000
cam0 extrinsics = -0.007,0.006,0.703,0.711 | 0.066,-0.043,0.016
cam1 extrinsics = -0.002,0.011,0.704,0.711 | -0.050,-0.042,0.017
q_GtoI = 0.799,-0.142,0.558,0.171 | p_IinG = 8.895,-4.253,2.397 | dist = 58.71 (meters)
bg = -0.0018,0.0206,0.0767 | ba = 0.0287,0.1995,0.2542
camera-imu timeoffset = 0.00001
cam0 intrinsics = 466.750,465.558,364.579,250.597 | -0.280,0.072,0.001,-0.000
cam1 intrinsics = 465.440,464.261,377.231,257.156 | -0.279,0.071,0.001,-0.000
cam0 extrinsics = -0.007,0.006,0.703,0.711 | 0.066,-0.043,0.016
cam1 extrinsics = -0.002,0.011,0.704,0.711 | -0.050,-0.042,0.017
q_GtoI = 0.799,-0.144,0.559,0.169 | p_IinG = 8.911,-4.186,2.398 | dist = 58.78 (meters)
bg = -0.0017,0.0206,0.0766 | ba = 0.0281,0.1995,0.2533
camera-imu timeoffset = 0.00001
cam0 intrinsics = 466.755,465.553,364.580,250.588 | -0.280,0.072,0.001,-0.000
cam1 intrinsics = 465.445,464.257,377.233,257.148 | -0.279,0.071,0.001,-0.000
cam0 extrinsics = -0.007,0.006,0.703,0.711 | 0.066,-0.043,0.016
cam1 extrinsics = -0.002,0.011,0.704,0.711 | -0.050,-0.042,0.017
q_GtoI = 0.797,-0.145,0.562,0.167 | p_IinG = 8.928,-4.117,2.402 | dist = 58.85 (meters)
bg = -0.0015,0.0206,0.0766 | ba = 0.0272,0.1998,0.2517
camera-imu timeoffset = 0.00002
cam0 intrinsics = 466.761,465.553,364.581,250.586 | -0.280,0.072,0.001,-0.000
cam1 intrinsics = 465.451,464.256,377.233,257.146 | -0.279,0.071,0.001,-0.000
cam0 extrinsics = -0.007,0.006,0.703,0.711 | 0.066,-0.043,0.016
cam1 extrinsics = -0.002,0.011,0.704,0.711 | -0.050,-0.042,0.017
q_GtoI = 0.795,-0.145,0.564,0.168 | p_IinG = 8.946,-4.041,2.408 | dist = 58.92 (meters)
bg = -0.0013,0.0209,0.0766 | ba = 0.0273,0.2015,0.2522
camera-imu timeoffset = 0.00001
cam0 intrinsics = 466.794,465.605,364.527,250.618 | -0.280,0.072,0.001,-0.000
cam1 intrinsics = 465.478,464.302,377.178,257.183 | -0.279,0.071,0.001,-0.000
cam0 extrinsics = -0.007,0.006,0.703,0.711 | 0.067,-0.044,0.016
cam1 extrinsics = -0.002,0.011,0.704,0.711 | -0.050,-0.043,0.017
q_GtoI = 0.794,-0.146,0.565,0.167 | p_IinG = 8.967,-3.970,2.417 | dist = 59.00 (meters)
bg = -0.0013,0.0209,0.0768 | ba = 0.0285,0.1997,0.2503
camera-imu timeoffset = 0.00002
cam0 intrinsics = 466.816,465.598,364.518,250.618 | -0.280,0.072,0.001,-0.000
cam1 intrinsics = 465.497,464.292,377.191,257.187 | -0.279,0.071,0.001,-0.000
cam0 extrinsics = -0.007,0.006,0.703,0.711 | 0.067,-0.044,0.016
cam1 extrinsics = -0.002,0.011,0.704,0.711 | -0.050,-0.042,0.017
q_GtoI = 0.794,-0.144,0.565,0.170 | p_IinG = 8.981,-3.892,2.426 | dist = 59.07 (meters)
bg = -0.0011,0.0209,0.0768 | ba = 0.0280,0.1988,0.2502
camera-imu timeoffset = 0.00002
cam0 intrinsics = 466.819,465.600,364.520,250.620 | -0.280,0.072,0.001,-0.000
cam1 intrinsics = 465.500,464.293,377.192,257.188 | -0.279,0.071,0.001,-0.000
cam0 extrinsics = -0.007,0.006,0.703,0.711 | 0.067,-0.044,0.016
cam1 extrinsics = -0.002,0.011,0.704,0.711 | -0.050,-0.043,0.017
q_GtoI = 0.795,-0.143,0.564,0.173 | p_IinG = 8.994,-3.812,2.438 | dist = 59.16 (meters)
bg = -0.0010,0.0210,0.0769 | ba = 0.0276,0.1980,0.2505
camera-imu timeoffset = 0.00002
cam0 intrinsics = 466.820,465.600,364.522,250.624 | -0.280,0.072,0.001,-0.000
cam1 intrinsics = 465.501,464.295,377.193,257.192 | -0.279,0.071,0.001,-0.000
cam0 extrinsics = -0.007,0.006,0.703,0.711 | 0.067,-0.044,0.016
cam1 extrinsics = -0.002,0.011,0.704,0.711 | -0.050,-0.043,0.017
q_GtoI = 0.796,-0.142,0.561,0.175 | p_IinG = 9.006,-3.729,2.451 | dist = 59.24 (meters)
bg = -0.0010,0.0210,0.0770 | ba = 0.0270,0.1974,0.2511
camera-imu timeoffset = 0.00002
cam0 intrinsics = 466.821,465.602,364.524,250.628 | -0.280,0.072,0.001,-0.000
cam1 intrinsics = 465.501,464.296,377.195,257.194 | -0.279,0.071,0.001,-0.000
cam0 extrinsics = -0.007,0.006,0.703,0.711 | 0.067,-0.044,0.016
cam1 extrinsics = -0.002,0.011,0.704,0.711 | -0.050,-0.043,0.017
q_GtoI = 0.799,-0.140,0.558,0.177 | p_IinG = 9.018,-3.643,2.466 | dist = 59.33 (meters)
bg = -0.0009,0.0210,0.0771 | ba = 0.0260,0.1966,0.2521
camera-imu timeoffset = 0.00002
cam0 intrinsics = 466.818,465.600,364.526,250.631 | -0.280,0.072,0.001,-0.000
cam1 intrinsics = 465.498,464.295,377.197,257.197 | -0.279,0.071,0.001,-0.000
cam0 extrinsics = -0.007,0.006,0.703,0.711 | 0.067,-0.044,0.016
cam1 extrinsics = -0.002,0.011,0.704,0.711 | -0.050,-0.043,0.017
q_GtoI = 0.800,-0.138,0.556,0.176 | p_IinG = 9.029,-3.554,2.483 | dist = 59.42 (meters)
bg = -0.0007,0.0210,0.0773 | ba = 0.0247,0.1958,0.2536
camera-imu timeoffset = 0.00002
cam0 intrinsics = 466.814,465.597,364.528,250.636 | -0.280,0.072,0.001,-0.000
cam1 intrinsics = 465.494,464.292,377.200,257.202 | -0.279,0.071,0.001,-0.000
cam0 extrinsics = -0.007,0.006,0.703,0.711 | 0.066,-0.044,0.016
cam1 extrinsics = -0.002,0.011,0.704,0.711 | -0.050,-0.043,0.017
q_GtoI = 0.802,-0.136,0.556,0.173 | p_IinG = 9.044,-3.463,2.502 | dist = 59.51 (meters)
bg = -0.0006,0.0209,0.0775 | ba = 0.0232,0.1948,0.2531
camera-imu timeoffset = 0.00002
cam0 intrinsics = 466.814,465.596,364.527,250.651 | -0.280,0.072,0.001,-0.000
cam1 intrinsics = 465.494,464.291,377.198,257.217 | -0.279,0.071,0.001,-0.000
cam0 extrinsics = -0.007,0.006,0.703,0.711 | 0.066,-0.044,0.016
cam1 extrinsics = -0.002,0.011,0.704,0.711 | -0.050,-0.043,0.017
q_GtoI = 0.802,-0.134,0.557,0.167 | p_IinG = 9.056,-3.367,2.522 | dist = 59.61 (meters)
bg = -0.0005,0.0208,0.0773 | ba = 0.0226,0.1936,0.2553
camera-imu timeoffset = 0.00001
cam0 intrinsics = 466.814,465.594,364.528,250.659 | -0.280,0.072,0.001,-0.000
cam1 intrinsics = 465.494,464.288,377.201,257.224 | -0.279,0.071,0.001,-0.000
cam0 extrinsics = -0.007,0.006,0.703,0.711 | 0.067,-0.044,0.016
cam1 extrinsics = -0.002,0.011,0.704,0.711 | -0.050,-0.043,0.017
q_GtoI = 0.803,-0.135,0.558,0.159 | p_IinG = 9.069,-3.267,2.543 | dist = 59.71 (meters)
bg = -0.0002,0.0206,0.0772 | ba = 0.0218,0.1931,0.2573
camera-imu timeoffset = 0.00001
cam0 intrinsics = 466.810,465.586,364.531,250.666 | -0.280,0.072,0.001,-0.000
cam1 intrinsics = 465.490,464.281,377.203,257.231 | -0.279,0.071,0.001,-0.000
cam0 extrinsics = -0.007,0.006,0.703,0.711 | 0.067,-0.044,0.016
cam1 extrinsics = -0.002,0.011,0.704,0.711 | -0.050,-0.043,0.017
q_GtoI = 0.805,-0.138,0.558,0.149 | p_IinG = 9.082,-3.167,2.564 | dist = 59.81 (meters)
bg = 0.0000,0.0204,0.0773 | ba = 0.0202,0.1922,0.2588
camera-imu timeoffset = 0.00001
cam0 intrinsics = 466.803,465.572,364.535,250.684 | -0.280,0.072,0.001,-0.000
cam1 intrinsics = 465.482,464.267,377.206,257.248 | -0.279,0.071,0.001,-0.000
cam0 extrinsics = -0.007,0.006,0.703,0.711 | 0.067,-0.044,0.016
cam1 extrinsics = -0.002,0.011,0.704,0.711 | -0.049,-0.043,0.017
q_GtoI = 0.806,-0.139,0.558,0.141 | p_IinG = 9.096,-3.064,2.584 | dist = 59.91 (meters)
bg = 0.0002,0.0204,0.0773 | ba = 0.0192,0.1914,0.2613
camera-imu timeoffset = 0.00001
cam0 intrinsics = 466.802,465.563,364.535,250.703 | -0.280,0.072,0.001,-0.000
cam1 intrinsics = 465.481,464.258,377.205,257.267 | -0.279,0.071,0.001,-0.000
cam0 extrinsics = -0.007,0.006,0.703,0.711 | 0.067,-0.044,0.016
cam1 extrinsics = -0.002,0.011,0.704,0.711 | -0.049,-0.043,0.017
q_GtoI = 0.807,-0.141,0.558,0.133 | p_IinG = 9.106,-2.961,2.604 | dist = 60.02 (meters)
bg = 0.0003,0.0203,0.0770 | ba = 0.0151,0.1885,0.2663
camera-imu timeoffset = 0.00001
cam0 intrinsics = 466.796,465.562,364.533,250.712 | -0.280,0.072,0.001,-0.000
cam1 intrinsics = 465.474,464.257,377.203,257.276 | -0.279,0.071,0.001,-0.000
cam0 extrinsics = -0.007,0.006,0.703,0.711 | 0.068,-0.044,0.017
cam1 extrinsics = -0.002,0.011,0.704,0.711 | -0.049,-0.043,0.017
q_GtoI = 0.808,-0.141,0.558,0.128 | p_IinG = 9.119,-2.858,2.622 | dist = 60.12 (meters)
bg = 0.0003,0.0203,0.0767 | ba = 0.0132,0.1877,0.2684
camera-imu timeoffset = 0.00001
cam0 intrinsics = 466.787,465.554,364.531,250.729 | -0.280,0.072,0.001,-0.000
cam1 intrinsics = 465.466,464.250,377.205,257.294 | -0.279,0.071,0.001,-0.000
cam0 extrinsics = -0.007,0.006,0.703,0.711 | 0.068,-0.044,0.017
cam1 extrinsics = -0.002,0.011,0.704,0.711 | -0.048,-0.043,0.017
q_GtoI = 0.808,-0.140,0.558,0.124 | p_IinG = 9.131,-2.754,2.638 | dist = 60.23 (meters)
bg = 0.0003,0.0203,0.0766 | ba = 0.0120,0.1863,0.2711
camera-imu timeoffset = 0.00001
cam0 intrinsics = 466.782,465.554,364.530,250.739 | -0.280,0.072,0.001,-0.000
cam1 intrinsics = 465.464,464.251,377.205,257.300 | -0.279,0.071,0.001,-0.000
cam0 extrinsics = -0.007,0.006,0.703,0.711 | 0.068,-0.044,0.017
cam1 extrinsics = -0.002,0.011,0.704,0.711 | -0.048,-0.043,0.017
q_GtoI = 0.809,-0.137,0.559,0.120 | p_IinG = 9.142,-2.650,2.655 | dist = 60.33 (meters)
bg = 0.0005,0.0204,0.0766 | ba = 0.0102,0.1850,0.2732
camera-imu timeoffset = 0.00001
cam0 intrinsics = 466.776,465.548,364.528,250.753 | -0.280,0.072,0.001,-0.000
cam1 intrinsics = 465.458,464.247,377.203,257.313 | -0.279,0.071,0.001,-0.000
cam0 extrinsics = -0.007,0.006,0.703,0.711 | 0.068,-0.044,0.017
cam1 extrinsics = -0.002,0.011,0.704,0.711 | -0.048,-0.043,0.017
q_GtoI = 0.810,-0.131,0.559,0.119 | p_IinG = 9.154,-2.545,2.670 | dist = 60.44 (meters)
bg = 0.0006,0.0204,0.0767 | ba = 0.0087,0.1839,0.2746
camera-imu timeoffset = 0.00001
cam0 intrinsics = 466.773,465.541,364.529,250.772 | -0.280,0.072,0.001,-0.000
cam1 intrinsics = 465.456,464.239,377.204,257.331 | -0.279,0.071,0.001,-0.000
cam0 extrinsics = -0.007,0.006,0.703,0.711 | 0.068,-0.044,0.016
cam1 extrinsics = -0.002,0.011,0.704,0.711 | -0.048,-0.043,0.017
q_GtoI = 0.810,-0.124,0.560,0.118 | p_IinG = 9.161,-2.439,2.683 | dist = 60.54 (meters)
bg = 0.0006,0.0201,0.0764 | ba = 0.0115,0.1839,0.2800
camera-imu timeoffset = 0.00001
cam0 intrinsics = 466.777,465.539,364.536,250.777 | -0.280,0.072,0.001,-0.000
cam1 intrinsics = 465.461,464.237,377.215,257.337 | -0.279,0.071,0.001,-0.000
cam0 extrinsics = -0.007,0.006,0.703,0.711 | 0.068,-0.044,0.016
cam1 extrinsics = -0.002,0.011,0.704,0.711 | -0.048,-0.043,0.017
q_GtoI = 0.809,-0.115,0.564,0.118 | p_IinG = 9.169,-2.332,2.698 | dist = 60.65 (meters)
bg = 0.0007,0.0200,0.0762 | ba = 0.0119,0.1838,0.2826
camera-imu timeoffset = 0.00001
cam0 intrinsics = 466.770,465.534,364.537,250.779 | -0.280,0.072,0.001,-0.000
cam1 intrinsics = 465.454,464.232,377.218,257.339 | -0.279,0.071,0.001,-0.000
cam0 extrinsics = -0.007,0.006,0.703,0.711 | 0.068,-0.044,0.016
cam1 extrinsics = -0.002,0.011,0.704,0.711 | -0.048,-0.043,0.017
q_GtoI = 0.807,-0.108,0.569,0.114 | p_IinG = 9.178,-2.225,2.715 | dist = 60.76 (meters)
bg = 0.0008,0.0201,0.0761 | ba = 0.0123,0.1831,0.2854
camera-imu timeoffset = 0.00001
cam0 intrinsics = 466.760,465.519,364.542,250.785 | -0.280,0.072,0.001,-0.000
cam1 intrinsics = 465.445,464.217,377.222,257.346 | -0.279,0.071,0.001,-0.000
cam0 extrinsics = -0.007,0.006,0.703,0.711 | 0.068,-0.044,0.016
cam1 extrinsics = -0.002,0.011,0.704,0.711 | -0.048,-0.043,0.017
q_GtoI = 0.806,-0.099,0.574,0.110 | p_IinG = 9.187,-2.118,2.732 | dist = 60.87 (meters)
bg = 0.0009,0.0200,0.0759 | ba = 0.0135,0.1820,0.2868
camera-imu timeoffset = 0.00001
cam0 intrinsics = 466.755,465.509,364.544,250.791 | -0.280,0.072,0.001,-0.000
cam1 intrinsics = 465.441,464.208,377.225,257.352 | -0.279,0.071,0.001,-0.000
cam0 extrinsics = -0.007,0.006,0.703,0.711 | 0.069,-0.044,0.016
cam1 extrinsics = -0.002,0.011,0.704,0.711 | -0.048,-0.043,0.017
q_GtoI = 0.804,-0.092,0.578,0.105 | p_IinG = 9.195,-2.007,2.750 | dist = 60.98 (meters)
bg = 0.0011,0.0199,0.0758 | ba = 0.0144,0.1836,0.2884
camera-imu timeoffset = 0.00001
cam0 intrinsics = 466.740,465.496,364.546,250.784 | -0.280,0.072,0.001,-0.000
cam1 intrinsics = 465.427,464.196,377.228,257.346 | -0.279,0.071,0.001,-0.000
cam0 extrinsics = -0.007,0.006,0.703,0.711 | 0.069,-0.044,0.016
cam1 extrinsics = -0.002,0.011,0.704,0.711 | -0.048,-0.043,0.017
q_GtoI = 0.803,-0.084,0.581,0.102 | p_IinG = 9.202,-1.896,2.770 | dist = 61.09 (meters)
bg = 0.0012,0.0197,0.0756 | ba = 0.0165,0.1847,0.2911
camera-imu timeoffset = 0.00001
cam0 intrinsics = 466.743,465.495,364.550,250.784 | -0.280,0.072,0.001,-0.000
cam1 intrinsics = 465.430,464.196,377.231,257.346 | -0.279,0.071,0.001,-0.000
cam0 extrinsics = -0.007,0.006,0.703,0.711 | 0.069,-0.044,0.016
cam1 extrinsics = -0.002,0.011,0.703,0.711 | -0.047,-0.043,0.017
q_GtoI = 0.804,-0.075,0.581,0.101 | p_IinG = 9.207,-1.783,2.792 | dist = 61.21 (meters)
bg = 0.0014,0.0196,0.0754 | ba = 0.0175,0.1854,0.2944
camera-imu timeoffset = 0.00001
cam0 intrinsics = 466.754,465.501,364.549,250.779 | -0.280,0.072,0.001,-0.000
cam1 intrinsics = 465.442,464.200,377.233,257.340 | -0.279,0.071,0.001,-0.000
cam0 extrinsics = -0.007,0.006,0.703,0.711 | 0.069,-0.043,0.017
cam1 extrinsics = -0.002,0.011,0.703,0.711 | -0.047,-0.042,0.017
q_GtoI = 0.805,-0.066,0.581,0.101 | p_IinG = 9.206,-1.671,2.812 | dist = 61.32 (meters)
bg = 0.0014,0.0195,0.0755 | ba = 0.0225,0.1858,0.3001
camera-imu timeoffset = 0.00001
cam0 intrinsics = 466.771,465.531,364.515,250.777 | -0.280,0.072,0.001,-0.000
cam1 intrinsics = 465.458,464.229,377.197,257.335 | -0.279,0.071,0.001,-0.000
cam0 extrinsics = -0.007,0.006,0.703,0.711 | 0.070,-0.043,0.017
cam1 extrinsics = -0.002,0.011,0.703,0.711 | -0.046,-0.042,0.018
q_GtoI = 0.806,-0.058,0.581,0.100 | p_IinG = 9.209,-1.556,2.839 | dist = 61.44 (meters)
bg = 0.0015,0.0197,0.0754 | ba = 0.0217,0.1841,0.3030
camera-imu timeoffset = 0.00001
cam0 intrinsics = 466.772,465.533,364.503,250.773 | -0.280,0.072,0.001,-0.000
cam1 intrinsics = 465.459,464.231,377.187,257.330 | -0.279,0.071,0.001,-0.000
cam0 extrinsics = -0.007,0.006,0.703,0.711 | 0.070,-0.043,0.017
cam1 extrinsics = -0.002,0.011,0.703,0.711 | -0.046,-0.042,0.018
q_GtoI = 0.807,-0.051,0.580,0.098 | p_IinG = 9.212,-1.440,2.869 | dist = 61.56 (meters)
bg = 0.0015,0.0199,0.0754 | ba = 0.0207,0.1820,0.3047
camera-imu timeoffset = 0.00001
cam0 intrinsics = 466.772,465.538,364.489,250.776 | -0.280,0.072,0.001,-0.000
cam1 intrinsics = 465.460,464.236,377.175,257.330 | -0.279,0.071,0.001,-0.000
cam0 extrinsics = -0.007,0.006,0.703,0.711 | 0.070,-0.043,0.017
cam1 extrinsics = -0.002,0.011,0.703,0.711 | -0.046,-0.042,0.018
q_GtoI = 0.808,-0.042,0.580,0.097 | p_IinG = 9.213,-1.322,2.898 | dist = 61.68 (meters)
bg = 0.0015,0.0200,0.0754 | ba = 0.0210,0.1808,0.3069
camera-imu timeoffset = 0.00001
cam0 intrinsics = 466.775,465.550,364.469,250.780 | -0.280,0.072,0.001,-0.000
cam1 intrinsics = 465.463,464.248,377.157,257.330 | -0.279,0.071,0.001,-0.000
cam0 extrinsics = -0.007,0.006,0.703,0.711 | 0.070,-0.043,0.017
cam1 extrinsics = -0.002,0.011,0.703,0.711 | -0.046,-0.042,0.018
q_GtoI = 0.809,-0.033,0.579,0.097 | p_IinG = 9.213,-1.202,2.928 | dist = 61.81 (meters)
bg = 0.0015,0.0199,0.0754 | ba = 0.0231,0.1812,0.3089
camera-imu timeoffset = 0.00001
cam0 intrinsics = 466.777,465.566,364.444,250.783 | -0.280,0.072,0.001,-0.000
cam1 intrinsics = 465.467,464.265,377.133,257.332 | -0.279,0.071,0.001,-0.000
cam0 extrinsics = -0.007,0.006,0.703,0.711 | 0.071,-0.043,0.017
cam1 extrinsics = -0.002,0.011,0.703,0.711 | -0.046,-0.042,0.018
q_GtoI = 0.811,-0.026,0.577,0.095 | p_IinG = 9.211,-1.077,2.958 | dist = 61.93 (meters)
bg = 0.0016,0.0198,0.0755 | ba = 0.0255,0.1821,0.3116
camera-imu timeoffset = 0.00001
cam0 intrinsics = 466.784,465.590,364.411,250.788 | -0.280,0.072,0.001,-0.000
cam1 intrinsics = 465.478,464.289,377.104,257.338 | -0.279,0.071,0.001,-0.000
cam0 extrinsics = -0.007,0.006,0.703,0.711 | 0.071,-0.043,0.017
cam1 extrinsics = -0.002,0.011,0.703,0.711 | -0.046,-0.042,0.018
q_GtoI = 0.812,-0.021,0.576,0.093 | p_IinG = 9.211,-0.951,2.987 | dist = 62.06 (meters)
bg = 0.0016,0.0198,0.0756 | ba = 0.0261,0.1837,0.3118
camera-imu timeoffset = 0.00001
cam0 intrinsics = 466.787,465.607,364.387,250.792 | -0.280,0.072,0.001,-0.000
cam1 intrinsics = 465.480,464.306,377.081,257.341 | -0.279,0.071,0.001,-0.000
cam0 extrinsics = -0.007,0.006,0.703,0.711 | 0.071,-0.043,0.017
cam1 extrinsics = -0.002,0.011,0.703,0.711 | -0.045,-0.042,0.018
q_GtoI = 0.814,-0.018,0.574,0.090 | p_IinG = 9.210,-0.824,3.016 | dist = 62.19 (meters)
bg = 0.0016,0.0198,0.0757 | ba = 0.0264,0.1845,0.3114
camera-imu timeoffset = 0.00001
cam0 intrinsics = 466.783,465.622,364.365,250.796 | -0.280,0.072,0.001,-0.000
cam1 intrinsics = 465.478,464.321,377.061,257.343 | -0.279,0.071,0.001,-0.000
cam0 extrinsics = -0.007,0.006,0.703,0.711 | 0.071,-0.043,0.017
cam1 extrinsics = -0.002,0.011,0.703,0.711 | -0.045,-0.042,0.018
q_GtoI = 0.815,-0.017,0.572,0.085 | p_IinG = 9.208,-0.693,3.040 | dist = 62.32 (meters)
bg = 0.0017,0.0196,0.0757 | ba = 0.0312,0.1879,0.3110
camera-imu timeoffset = 0.00001
cam0 intrinsics = 466.781,465.632,364.342,250.818 | -0.280,0.072,0.001,-0.000
cam1 intrinsics = 465.475,464.330,377.039,257.365 | -0.279,0.071,0.001,-0.000
cam0 extrinsics = -0.007,0.006,0.703,0.711 | 0.071,-0.043,0.017
cam1 extrinsics = -0.002,0.011,0.703,0.711 | -0.045,-0.042,0.018
q_GtoI = 0.816,-0.019,0.573,0.077 | p_IinG = 9.207,-0.561,3.064 | dist = 62.45 (meters)
bg = 0.0017,0.0196,0.0759 | ba = 0.0327,0.1891,0.3110
camera-imu timeoffset = 0.00000
cam0 intrinsics = 466.787,465.636,364.332,250.832 | -0.280,0.072,0.001,-0.000
cam1 intrinsics = 465.482,464.335,377.032,257.377 | -0.279,0.071,0.001,-0.000
cam0 extrinsics = -0.007,0.006,0.703,0.711 | 0.071,-0.043,0.017
cam1 extrinsics = -0.002,0.011,0.703,0.711 | -0.045,-0.042,0.018
q_GtoI = 0.816,-0.022,0.573,0.069 | p_IinG = 9.205,-0.430,3.086 | dist = 62.59 (meters)
bg = 0.0017,0.0196,0.0759 | ba = 0.0341,0.1910,0.3108
camera-imu timeoffset = 0.00000
cam0 intrinsics = 466.791,465.640,364.323,250.853 | -0.281,0.072,0.001,-0.000
cam1 intrinsics = 465.486,464.339,377.032,257.395 | -0.279,0.071,0.001,-0.000
cam0 extrinsics = -0.007,0.006,0.703,0.711 | 0.071,-0.044,0.017
cam1 extrinsics = -0.002,0.011,0.703,0.711 | -0.045,-0.043,0.018
q_GtoI = 0.816,-0.026,0.574,0.062 | p_IinG = 9.203,-0.295,3.105 | dist = 62.72 (meters)
bg = 0.0018,0.0195,0.0759 | ba = 0.0371,0.1937,0.3100
camera-imu timeoffset = 0.00000
cam0 intrinsics = 466.799,465.642,364.322,250.869 | -0.281,0.072,0.001,-0.000
cam1 intrinsics = 465.494,464.340,377.035,257.409 | -0.279,0.071,0.001,-0.000
cam0 extrinsics = -0.007,0.006,0.703,0.711 | 0.071,-0.044,0.017
cam1 extrinsics = -0.002,0.011,0.703,0.711 | -0.046,-0.043,0.018
q_GtoI = 0.815,-0.028,0.575,0.058 | p_IinG = 9.200,-0.160,3.123 | dist = 62.86 (meters)
bg = 0.0020,0.0196,0.0759 | ba = 0.0385,0.1956,0.3090
camera-imu timeoffset = 0.00000
cam0 intrinsics = 466.798,465.646,364.320,250.866 | -0.281,0.072,0.001,-0.000
cam1 intrinsics = 465.492,464.344,377.039,257.407 | -0.279,0.071,0.001,-0.000
cam0 extrinsics = -0.007,0.006,0.703,0.711 | 0.071,-0.044,0.017
cam1 extrinsics = -0.002,0.011,0.703,0.711 | -0.046,-0.043,0.018
q_GtoI = 0.816,-0.030,0.575,0.055 | p_IinG = 9.196,-0.022,3.138 | dist = 63.00 (meters)
bg = 0.0020,0.0193,0.0759 | ba = 0.0401,0.1984,0.3092
camera-imu timeoffset = 0.00001
cam0 intrinsics = 466.790,465.647,364.319,250.895 | -0.281,0.072,0.001,-0.000
cam1 intrinsics = 465.485,464.345,377.043,257.431 | -0.279,0.071,0.001,-0.000
cam0 extrinsics = -0.007,0.006,0.703,0.711 | 0.070,-0.044,0.016
cam1 extrinsics = -0.002,0.011,0.703,0.711 | -0.046,-0.043,0.018
q_GtoI = 0.815,-0.032,0.576,0.052 | p_IinG = 9.193,0.116,3.152 | dist = 63.13 (meters)
bg = 0.0019,0.0192,0.0757 | ba = 0.0408,0.1996,0.3066
camera-imu timeoffset = 0.00001
cam0 intrinsics = 466.773,465.656,364.313,250.917 | -0.281,0.072,0.001,-0.000
cam1 intrinsics = 465.469,464.355,377.041,257.453 | -0.279,0.071,0.001,-0.000
cam0 extrinsics = -0.007,0.006,0.703,0.711 | 0.070,-0.044,0.016
cam1 extrinsics = -0.002,0.011,0.703,0.711 | -0.046,-0.043,0.017
q_GtoI = 0.814,-0.034,0.578,0.050 | p_IinG = 9.187,0.255,3.163 | dist = 63.27 (meters)
bg = 0.0020,0.0190,0.0759 | ba = 0.0429,0.2022,0.3060
camera-imu timeoffset = 0.00001
cam0 intrinsics = 466.773,465.652,364.324,250.914 | -0.281,0.072,0.001,-0.000
cam1 intrinsics = 465.469,464.350,377.061,257.452 | -0.279,0.071,0.001,-0.000
cam0 extrinsics = -0.007,0.006,0.703,0.711 | 0.070,-0.045,0.016
cam1 extrinsics = -0.002,0.011,0.703,0.711 | -0.046,-0.043,0.018
q_GtoI = 0.814,-0.035,0.577,0.051 | p_IinG = 9.183,0.393,3.173 | dist = 63.41 (meters)
bg = 0.0020,0.0190,0.0759 | ba = 0.0429,0.2042,0.3041
camera-imu timeoffset = 0.00001
cam0 intrinsics = 466.768,465.650,364.326,250.923 | -0.281,0.072,0.001,-0.000
cam1 intrinsics = 465.464,464.349,377.065,257.460 | -0.279,0.071,0.001,-0.000
cam0 extrinsics = -0.007,0.006,0.703,0.711 | 0.070,-0.045,0.017
cam1 extrinsics = -0.002,0.011,0.703,0.711 | -0.046,-0.044,0.018
q_GtoI = 0.815,-0.036,0.576,0.051 | p_IinG = 9.178,0.531,3.181 | dist = 63.54 (meters)
bg = 0.0021,0.0190,0.0760 | ba = 0.0431,0.2060,0.3021
camera-imu timeoffset = 0.00001
cam0 intrinsics = 466.760,465.647,364.327,250.929 | -0.281,0.072,0.001,-0.000
cam1 intrinsics = 465.457,464.346,377.068,257.465 | -0.279,0.071,0.001,-0.000
cam0 extrinsics = -0.007,0.006,0.703,0.711 | 0.070,-0.045,0.017
cam1 extrinsics = -0.002,0.011,0.703,0.711 | -0.046,-0.044,0.018
q_GtoI = 0.815,-0.035,0.577,0.054 | p_IinG = 9.171,0.668,3.187 | dist = 63.68 (meters)
bg = 0.0019,0.0189,0.0761 | ba = 0.0441,0.2060,0.3006
camera-imu timeoffset = 0.00001
cam0 intrinsics = 466.750,465.641,364.324,250.934 | -0.281,0.072,0.001,-0.000
cam1 intrinsics = 465.447,464.341,377.067,257.469 | -0.279,0.071,0.001,-0.000
cam0 extrinsics = -0.007,0.006,0.703,0.711 | 0.070,-0.045,0.017
cam1 extrinsics = -0.002,0.011,0.703,0.711 | -0.046,-0.044,0.018
q_GtoI = 0.814,-0.036,0.577,0.054 | p_IinG = 9.166,0.806,3.191 | dist = 63.82 (meters)
bg = 0.0020,0.0190,0.0761 | ba = 0.0447,0.2077,0.2982
camera-imu timeoffset = 0.00001
cam0 intrinsics = 466.742,465.642,364.327,250.940 | -0.281,0.072,0.001,-0.000
cam1 intrinsics = 465.439,464.343,377.072,257.473 | -0.279,0.071,0.001,-0.000
cam0 extrinsics = -0.007,0.006,0.703,0.711 | 0.070,-0.045,0.017
cam1 extrinsics = -0.002,0.011,0.703,0.711 | -0.046,-0.044,0.018
q_GtoI = 0.813,-0.037,0.578,0.055 | p_IinG = 9.160,0.945,3.193 | dist = 63.96 (meters)
bg = 0.0020,0.0190,0.0762 | ba = 0.0451,0.2091,0.2959
camera-imu timeoffset = 0.00002
cam0 intrinsics = 466.735,465.645,364.332,250.949 | -0.281,0.072,0.001,-0.000
cam1 intrinsics = 465.433,464.347,377.079,257.481 | -0.279,0.071,0.001,-0.000
cam0 extrinsics = -0.007,0.006,0.703,0.711 | 0.070,-0.045,0.017
cam1 extrinsics = -0.002,0.011,0.703,0.711 | -0.046,-0.044,0.018
q_GtoI = 0.813,-0.038,0.579,0.056 | p_IinG = 9.154,1.086,3.193 | dist = 64.09 (meters)
bg = 0.0021,0.0191,0.0760 | ba = 0.0448,0.2105,0.2927
camera-imu timeoffset = 0.00001
cam0 intrinsics = 466.720,465.652,364.345,250.945 | -0.281,0.072,0.001,-0.000
cam1 intrinsics = 465.419,464.354,377.093,257.475 | -0.279,0.071,0.001,-0.000
cam0 extrinsics = -0.007,0.006,0.703,0.711 | 0.070,-0.045,0.017
cam1 extrinsics = -0.002,0.011,0.703,0.711 | -0.046,-0.044,0.018
q_GtoI = 0.812,-0.038,0.580,0.058 | p_IinG = 9.148,1.226,3.191 | dist = 64.23 (meters)
bg = 0.0022,0.0192,0.0760 | ba = 0.0453,0.2122,0.2904
camera-imu timeoffset = 0.00002
cam0 intrinsics = 466.712,465.655,364.355,250.944 | -0.281,0.072,0.001,-0.000
cam1 intrinsics = 465.411,464.358,377.106,257.474 | -0.279,0.071,0.001,-0.000
cam0 extrinsics = -0.007,0.006,0.703,0.711 | 0.070,-0.045,0.017
cam1 extrinsics = -0.002,0.011,0.703,0.711 | -0.046,-0.044,0.018
q_GtoI = 0.811,-0.039,0.581,0.058 | p_IinG = 9.141,1.365,3.188 | dist = 64.37 (meters)
bg = 0.0022,0.0194,0.0759 | ba = 0.0459,0.2126,0.2878
camera-imu timeoffset = 0.00002
cam0 intrinsics = 466.713,465.664,364.364,250.945 | -0.281,0.072,0.001,-0.000
cam1 intrinsics = 465.412,464.366,377.115,257.475 | -0.279,0.071,0.001,-0.000
cam0 extrinsics = -0.007,0.006,0.703,0.711 | 0.070,-0.045,0.017
cam1 extrinsics = -0.002,0.011,0.703,0.711 | -0.046,-0.044,0.018
q_GtoI = 0.810,-0.040,0.581,0.058 | p_IinG = 9.135,1.505,3.182 | dist = 64.51 (meters)
bg = 0.0022,0.0195,0.0759 | ba = 0.0456,0.2125,0.2844
camera-imu timeoffset = 0.00002
cam0 intrinsics = 466.724,465.679,364.363,250.945 | -0.281,0.072,0.001,-0.000
cam1 intrinsics = 465.423,464.381,377.115,257.474 | -0.279,0.071,0.001,-0.000
cam0 extrinsics = -0.007,0.006,0.703,0.711 | 0.071,-0.045,0.017
cam1 extrinsics = -0.002,0.011,0.703,0.711 | -0.046,-0.044,0.018
q_GtoI = 0.811,-0.041,0.581,0.059 | p_IinG = 9.129,1.645,3.175 | dist = 64.65 (meters)
bg = 0.0022,0.0197,0.0759 | ba = 0.0451,0.2119,0.2818
camera-imu timeoffset = 0.00002
cam0 intrinsics = 466.734,465.688,364.368,250.948 | -0.281,0.072,0.001,-0.000
cam1 intrinsics = 465.433,464.391,377.122,257.476 | -0.279,0.071,0.001,-0.000
cam0 extrinsics = -0.007,0.006,0.703,0.711 | 0.071,-0.045,0.017
cam1 extrinsics = -0.002,0.011,0.703,0.711 | -0.046,-0.044,0.018
q_GtoI = 0.811,-0.041,0.581,0.060 | p_IinG = 9.123,1.784,3.167 | dist = 64.79 (meters)
bg = 0.0022,0.0199,0.0759 | ba = 0.0433,0.2110,0.2782
camera-imu timeoffset = 0.00002
cam0 intrinsics = 466.740,465.694,364.378,250.943 | -0.281,0.072,0.001,-0.000
cam1 intrinsics = 465.440,464.397,377.134,257.471 | -0.279,0.071,0.001,-0.000
cam0 extrinsics = -0.007,0.006,0.703,0.711 | 0.071,-0.045,0.017
cam1 extrinsics = -0.002,0.011,0.703,0.711 | -0.046,-0.044,0.018
q_GtoI = 0.810,-0.043,0.582,0.058 | p_IinG = 9.115,1.922,3.156 | dist = 64.93 (meters)
bg = 0.0023,0.0201,0.0761 | ba = 0.0428,0.2105,0.2751
camera-imu timeoffset = 0.00002
cam0 intrinsics = 466.753,465.703,364.393,250.950 | -0.281,0.072,0.001,-0.000
cam1 intrinsics = 465.452,464.407,377.154,257.485 | -0.279,0.071,0.001,-0.000
cam0 extrinsics = -0.007,0.006,0.703,0.711 | 0.071,-0.045,0.017
cam1 extrinsics = -0.002,0.011,0.703,0.711 | -0.046,-0.044,0.018
q_GtoI = 0.811,-0.042,0.581,0.059 | p_IinG = 9.105,2.058,3.146 | dist = 65.07 (meters)
bg = 0.0021,0.0201,0.0761 | ba = 0.0422,0.2091,0.2743
camera-imu timeoffset = 0.00002
cam0 intrinsics = 466.767,465.712,364.405,250.954 | -0.281,0.072,0.001,-0.000
cam1 intrinsics = 465.467,464.416,377.166,257.487 | -0.279,0.071,0.001,-0.000
cam0 extrinsics = -0.007,0.006,0.703,0.711 | 0.070,-0.045,0.017
cam1 extrinsics = -0.002,0.011,0.703,0.711 | -0.046,-0.044,0.018
q_GtoI = 0.811,-0.041,0.581,0.057 | p_IinG = 9.093,2.199,3.136 | dist = 65.21 (meters)
bg = 0.0021,0.0201,0.0761 | ba = 0.0411,0.2092,0.2735
camera-imu timeoffset = 0.00002
cam0 intrinsics = 466.776,465.717,364.421,250.954 | -0.281,0.072,0.001,-0.000
cam1 intrinsics = 465.476,464.422,377.183,257.486 | -0.279,0.071,0.001,-0.000
cam0 extrinsics = -0.007,0.006,0.703,0.711 | 0.070,-0.045,0.017
cam1 extrinsics = -0.002,0.011,0.703,0.711 | -0.046,-0.044,0.018
q_GtoI = 0.812,-0.038,0.580,0.055 | p_IinG = 9.080,2.340,3.128 | dist = 65.35 (meters)
bg = 0.0020,0.0201,0.0760 | ba = 0.0402,0.2088,0.2723
camera-imu timeoffset = 0.00002
cam0 intrinsics = 466.788,465.725,364.439,250.951 | -0.281,0.072,0.001,-0.000
cam1 intrinsics = 465.488,464.430,377.203,257.481 | -0.279,0.071,0.001,-0.000
cam0 extrinsics = -0.007,0.006,0.703,0.711 | 0.070,-0.045,0.017
cam1 extrinsics = -0.002,0.011,0.703,0.711 | -0.046,-0.044,0.018
q_GtoI = 0.812,-0.036,0.580,0.051 | p_IinG = 9.066,2.482,3.122 | dist = 65.49 (meters)
bg = 0.0019,0.0203,0.0759 | ba = 0.0379,0.2084,0.2711
camera-imu timeoffset = 0.00002
cam0 intrinsics = 466.796,465.733,364.444,250.952 | -0.280,0.072,0.001,-0.000
cam1 intrinsics = 465.496,464.438,377.211,257.480 | -0.279,0.071,0.001,-0.000
cam0 extrinsics = -0.007,0.006,0.703,0.711 | 0.070,-0.045,0.017
cam1 extrinsics = -0.002,0.011,0.703,0.711 | -0.047,-0.044,0.018
q_GtoI = 0.813,-0.036,0.579,0.044 | p_IinG = 9.051,2.622,3.115 | dist = 65.63 (meters)
bg = 0.0018,0.0203,0.0758 | ba = 0.0368,0.2064,0.2693
camera-imu timeoffset = 0.00002
cam0 intrinsics = 466.801,465.736,364.438,250.947 | -0.280,0.072,0.001,-0.000
cam1 intrinsics = 465.502,464.440,377.208,257.474 | -0.279,0.071,0.001,-0.000
cam0 extrinsics = -0.007,0.006,0.703,0.711 | 0.070,-0.045,0.017
cam1 extrinsics = -0.002,0.011,0.703,0.711 | -0.047,-0.044,0.018
q_GtoI = 0.815,-0.036,0.576,0.039 | p_IinG = 9.041,2.763,3.113 | dist = 65.78 (meters)
bg = 0.0019,0.0203,0.0757 | ba = 0.0319,0.2028,0.2643
camera-imu timeoffset = 0.00002
cam0 intrinsics = 466.798,465.729,364.437,250.931 | -0.280,0.072,0.001,-0.000
cam1 intrinsics = 465.499,464.434,377.209,257.456 | -0.279,0.071,0.001,-0.000
cam0 extrinsics = -0.007,0.006,0.703,0.711 | 0.069,-0.045,0.017
cam1 extrinsics = -0.002,0.011,0.703,0.711 | -0.047,-0.044,0.018
q_GtoI = 0.817,-0.036,0.575,0.033 | p_IinG = 9.026,2.900,3.109 | dist = 65.92 (meters)
bg = 0.0018,0.0203,0.0757 | ba = 0.0304,0.1989,0.2609
camera-imu timeoffset = 0.00002
cam0 intrinsics = 466.801,465.729,364.432,250.931 | -0.280,0.072,0.001,-0.000
cam1 intrinsics = 465.502,464.434,377.206,257.454 | -0.279,0.071,0.001,-0.000
cam0 extrinsics = -0.007,0.006,0.703,0.711 | 0.069,-0.045,0.017
cam1 extrinsics = -0.002,0.011,0.703,0.711 | -0.047,-0.044,0.018
q_GtoI = 0.819,-0.036,0.572,0.028 | p_IinG = 9.012,3.036,3.106 | dist = 66.06 (meters)
bg = 0.0017,0.0203,0.0757 | ba = 0.0286,0.1947,0.2550
camera-imu timeoffset = 0.00001
cam0 intrinsics = 466.802,465.724,364.436,250.934 | -0.280,0.072,0.001,-0.000
cam1 intrinsics = 465.503,464.430,377.211,257.456 | -0.279,0.071,0.001,-0.000
cam0 extrinsics = -0.007,0.006,0.703,0.711 | 0.069,-0.045,0.017
cam1 extrinsics = -0.002,0.011,0.703,0.711 | -0.048,-0.044,0.018
q_GtoI = 0.822,-0.035,0.568,0.026 | p_IinG = 8.999,3.171,3.105 | dist = 66.20 (meters)
bg = 0.0017,0.0204,0.0757 | ba = 0.0268,0.1909,0.2496
camera-imu timeoffset = 0.00002
cam0 intrinsics = 466.805,465.725,364.439,250.936 | -0.280,0.072,0.001,-0.000
cam1 intrinsics = 465.507,464.432,377.214,257.458 | -0.279,0.071,0.001,-0.000
cam0 extrinsics = -0.007,0.006,0.703,0.711 | 0.068,-0.045,0.018
cam1 extrinsics = -0.002,0.011,0.703,0.711 | -0.048,-0.044,0.019
q_GtoI = 0.822,-0.035,0.568,0.022 | p_IinG = 8.988,3.305,3.105 | dist = 66.33 (meters)
bg = 0.0018,0.0204,0.0757 | ba = 0.0249,0.1872,0.2444
camera-imu timeoffset = 0.00002
cam0 intrinsics = 466.811,465.728,364.448,250.935 | -0.280,0.072,0.001,-0.000
cam1 intrinsics = 465.513,464.435,377.224,257.456 | -0.279,0.071,0.001,-0.000
cam0 extrinsics = -0.007,0.006,0.703,0.711 | 0.068,-0.044,0.018
cam1 extrinsics = -0.002,0.011,0.703,0.711 | -0.049,-0.043,0.019
q_GtoI = 0.824,-0.033,0.566,0.022 | p_IinG = 8.981,3.438,3.105 | dist = 66.47 (meters)
bg = 0.0019,0.0205,0.0757 | ba = 0.0236,0.1846,0.2392
camera-imu timeoffset = 0.00002
cam0 intrinsics = 466.833,465.745,364.503,250.889 | -0.280,0.072,0.001,-0.000
cam1 intrinsics = 465.534,464.450,377.288,257.408 | -0.279,0.071,0.001,-0.000
cam0 extrinsics = -0.007,0.006,0.703,0.711 | 0.068,-0.044,0.018
cam1 extrinsics = -0.002,0.011,0.703,0.711 | -0.049,-0.043,0.019
q_GtoI = 0.824,-0.033,0.565,0.021 | p_IinG = 8.974,3.570,3.101 | dist = 66.60 (meters)
bg = 0.0021,0.0206,0.0758 | ba = 0.0236,0.1813,0.2332
camera-imu timeoffset = 0.00002
cam0 intrinsics = 466.845,465.754,364.554,250.864 | -0.280,0.072,0.001,-0.000
cam1 intrinsics = 465.546,464.460,377.343,257.381 | -0.279,0.071,0.001,-0.000
cam0 extrinsics = -0.007,0.006,0.703,0.711 | 0.067,-0.044,0.018
cam1 extrinsics = -0.002,0.011,0.703,0.711 | -0.049,-0.043,0.019
q_GtoI = 0.824,-0.032,0.565,0.021 | p_IinG = 8.968,3.702,3.096 | dist = 66.73 (meters)
bg = 0.0024,0.0206,0.0758 | ba = 0.0232,0.1786,0.2285
camera-imu timeoffset = 0.00002
cam0 intrinsics = 466.866,465.770,364.619,250.831 | -0.280,0.072,0.001,-0.000
cam1 intrinsics = 465.568,464.477,377.412,257.343 | -0.279,0.071,0.001,-0.000
cam0 extrinsics = -0.007,0.006,0.703,0.711 | 0.067,-0.044,0.018
cam1 extrinsics = -0.002,0.011,0.703,0.711 | -0.049,-0.043,0.019
q_GtoI = 0.825,-0.033,0.564,0.019 | p_IinG = 8.960,3.832,3.089 | dist = 66.87 (meters)
bg = 0.0025,0.0208,0.0758 | ba = 0.0240,0.1758,0.2235
camera-imu timeoffset = 0.00002
cam0 intrinsics = 466.867,465.769,364.631,250.827 | -0.280,0.072,0.001,-0.000
cam1 intrinsics = 465.569,464.475,377.425,257.340 | -0.279,0.071,0.001,-0.000
cam0 extrinsics = -0.007,0.006,0.703,0.711 | 0.067,-0.044,0.018
cam1 extrinsics = -0.002,0.011,0.703,0.711 | -0.050,-0.043,0.019
q_GtoI = 0.825,-0.034,0.563,0.017 | p_IinG = 8.952,3.959,3.082 | dist = 67.00 (meters)
bg = 0.0025,0.0209,0.0757 | ba = 0.0242,0.1736,0.2205
camera-imu timeoffset = 0.00002
cam0 intrinsics = 466.875,465.771,364.642,250.828 | -0.280,0.072,0.001,-0.000
cam1 intrinsics = 465.577,464.478,377.436,257.340 | -0.279,0.071,0.001,-0.000
cam0 extrinsics = -0.007,0.006,0.703,0.711 | 0.067,-0.044,0.018
cam1 extrinsics = -0.002,0.011,0.703,0.711 | -0.050,-0.042,0.019
q_GtoI = 0.826,-0.034,0.562,0.017 | p_IinG = 8.940,4.083,3.073 | dist = 67.12 (meters)
bg = 0.0024,0.0210,0.0759 | ba = 0.0252,0.1708,0.2184
camera-imu timeoffset = 0.00002
cam0 intrinsics = 466.878,465.767,364.649,250.821 | -0.280,0.072,0.001,-0.000
cam1 intrinsics = 465.581,464.474,377.442,257.332 | -0.279,0.071,0.001,-0.000
cam0 extrinsics = -0.007,0.006,0.703,0.711 | 0.067,-0.043,0.018
cam1 extrinsics = -0.002,0.011,0.703,0.711 | -0.050,-0.042,0.019
q_GtoI = 0.827,-0.035,0.561,0.016 | p_IinG = 8.930,4.208,3.063 | dist = 67.25 (meters)
bg = 0.0023,0.0210,0.0757 | ba = 0.0253,0.1695,0.2167
camera-imu timeoffset = 0.00002
cam0 intrinsics = 466.884,465.767,364.654,250.804 | -0.280,0.072,0.001,-0.000
cam1 intrinsics = 465.586,464.474,377.445,257.313 | -0.279,0.071,0.001,-0.000
cam0 extrinsics = -0.007,0.006,0.703,0.711 | 0.067,-0.043,0.018
cam1 extrinsics = -0.002,0.011,0.703,0.711 | -0.050,-0.042,0.019
q_GtoI = 0.827,-0.035,0.561,0.017 | p_IinG = 8.921,4.333,3.052 | dist = 67.37 (meters)
bg = 0.0023,0.0212,0.0757 | ba = 0.0267,0.1694,0.2156
camera-imu timeoffset = 0.00001
cam0 intrinsics = 466.885,465.765,364.665,250.784 | -0.280,0.072,0.001,-0.000
cam1 intrinsics = 465.588,464.473,377.454,257.291 | -0.279,0.071,0.001,-0.000
cam0 extrinsics = -0.007,0.006,0.703,0.711 | 0.067,-0.043,0.018
cam1 extrinsics = -0.002,0.011,0.703,0.711 | -0.050,-0.042,0.020
q_GtoI = 0.826,-0.035,0.562,0.018 | p_IinG = 8.913,4.458,3.038 | dist = 67.50 (meters)
bg = 0.0023,0.0214,0.0757 | ba = 0.0284,0.1698,0.2149
camera-imu timeoffset = 0.00001
cam0 intrinsics = 466.889,465.765,364.690,250.748 | -0.280,0.072,0.001,-0.000
cam1 intrinsics = 465.591,464.473,377.479,257.254 | -0.279,0.071,0.001,-0.000
cam0 extrinsics = -0.007,0.006,0.703,0.711 | 0.067,-0.043,0.019
cam1 extrinsics = -0.002,0.011,0.703,0.711 | -0.050,-0.042,0.020
q_GtoI = 0.826,-0.035,0.563,0.019 | p_IinG = 8.905,4.580,3.026 | dist = 67.62 (meters)
bg = 0.0022,0.0216,0.0757 | ba = 0.0287,0.1693,0.2141
camera-imu timeoffset = 0.00001
cam0 intrinsics = 466.890,465.762,364.693,250.736 | -0.280,0.072,0.001,-0.000
cam1 intrinsics = 465.592,464.470,377.481,257.240 | -0.279,0.071,0.001,-0.000
cam0 extrinsics = -0.007,0.006,0.703,0.711 | 0.067,-0.043,0.019
cam1 extrinsics = -0.002,0.011,0.703,0.711 | -0.050,-0.042,0.020
q_GtoI = 0.825,-0.034,0.563,0.020 | p_IinG = 8.898,4.700,3.014 | dist = 67.74 (meters)
bg = 0.0022,0.0219,0.0756 | ba = 0.0290,0.1681,0.2127
camera-imu timeoffset = 0.00002
cam0 intrinsics = 466.894,465.760,364.707,250.716 | -0.280,0.072,0.001,-0.000
cam1 intrinsics = 465.597,464.469,377.494,257.219 | -0.279,0.071,0.001,-0.000
cam0 extrinsics = -0.007,0.006,0.703,0.711 | 0.067,-0.043,0.019
cam1 extrinsics = -0.002,0.011,0.703,0.711 | -0.050,-0.042,0.020
q_GtoI = 0.825,-0.036,0.563,0.019 | p_IinG = 8.891,4.819,3.003 | dist = 67.86 (meters)
bg = 0.0021,0.0222,0.0754 | ba = 0.0284,0.1681,0.2125
camera-imu timeoffset = 0.00001
cam0 intrinsics = 466.900,465.759,364.729,250.693 | -0.280,0.072,0.001,-0.000
cam1 intrinsics = 465.602,464.468,377.515,257.194 | -0.279,0.071,0.001,-0.000
cam0 extrinsics = -0.007,0.006,0.703,0.711 | 0.067,-0.043,0.019
cam1 extrinsics = -0.002,0.011,0.703,0.711 | -0.050,-0.042,0.020
q_GtoI = 0.825,-0.036,0.564,0.019 | p_IinG = 8.884,4.939,2.993 | dist = 67.98 (meters)
bg = 0.0022,0.0224,0.0753 | ba = 0.0284,0.1682,0.2124
camera-imu timeoffset = 0.00002
cam0 intrinsics = 466.904,465.754,364.759,250.666 | -0.280,0.072,0.001,-0.000
cam1 intrinsics = 465.606,464.464,377.544,257.166 | -0.279,0.071,0.001,-0.000
cam0 extrinsics = -0.007,0.006,0.703,0.711 | 0.066,-0.042,0.019
cam1 extrinsics = -0.002,0.011,0.703,0.711 | -0.050,-0.041,0.020
q_GtoI = 0.824,-0.037,0.565,0.018 | p_IinG = 8.880,5.060,2.982 | dist = 68.10 (meters)
bg = 0.0024,0.0225,0.0752 | ba = 0.0284,0.1688,0.2117
camera-imu timeoffset = 0.00002
cam0 intrinsics = 466.907,465.749,364.790,250.633 | -0.280,0.072,0.001,-0.000
cam1 intrinsics = 465.609,464.458,377.579,257.132 | -0.279,0.071,0.001,-0.000
cam0 extrinsics = -0.007,0.006,0.703,0.711 | 0.066,-0.042,0.019
cam1 extrinsics = -0.002,0.011,0.703,0.711 | -0.050,-0.041,0.020
q_GtoI = 0.824,-0.038,0.565,0.019 | p_IinG = 8.874,5.178,2.974 | dist = 68.21 (meters)
bg = 0.0024,0.0226,0.0752 | ba = 0.0289,0.1687,0.2116
camera-imu timeoffset = 0.00002
cam0 intrinsics = 466.919,465.752,364.830,250.603 | -0.280,0.072,0.001,-0.000
cam1 intrinsics = 465.622,464.461,377.616,257.102 | -0.279,0.071,0.001,-0.000
cam0 extrinsics = -0.007,0.006,0.703,0.711 | 0.066,-0.042,0.019
cam1 extrinsics = -0.002,0.011,0.703,0.711 | -0.050,-0.041,0.020
q_GtoI = 0.823,-0.037,0.566,0.020 | p_IinG = 8.869,5.291,2.969 | dist = 68.33 (meters)
bg = 0.0024,0.0229,0.0751 | ba = 0.0292,0.1678,0.2105
camera-imu timeoffset = 0.00001
cam0 intrinsics = 466.926,465.749,364.854,250.595 | -0.280,0.072,0.001,-0.000
cam1 intrinsics = 465.630,464.461,377.641,257.095 | -0.279,0.071,0.001,-0.000
cam0 extrinsics = -0.007,0.006,0.703,0.711 | 0.066,-0.042,0.019
cam1 extrinsics = -0.002,0.011,0.703,0.711 | -0.050,-0.041,0.020
q_GtoI = 0.822,-0.036,0.569,0.022 | p_IinG = 8.864,5.404,2.965 | dist = 68.44 (meters)
bg = 0.0023,0.0230,0.0751 | ba = 0.0304,0.1661,0.2096
camera-imu timeoffset = 0.00001
cam0 intrinsics = 466.931,465.745,364.875,250.586 | -0.280,0.072,0.001,-0.000
cam1 intrinsics = 465.636,464.457,377.662,257.085 | -0.279,0.071,0.001,-0.000
cam0 extrinsics = -0.007,0.006,0.703,0.711 | 0.066,-0.042,0.019
cam1 extrinsics = -0.002,0.011,0.703,0.711 | -0.050,-0.041,0.020
q_GtoI = 0.820,-0.035,0.571,0.024 | p_IinG = 8.860,5.518,2.959 | dist = 68.55 (meters)
bg = 0.0024,0.0231,0.0751 | ba = 0.0328,0.1649,0.2071
camera-imu timeoffset = 0.00001
cam0 intrinsics = 466.940,465.751,364.867,250.554 | -0.280,0.072,0.001,-0.000
cam1 intrinsics = 465.647,464.465,377.653,257.054 | -0.279,0.071,0.001,-0.000
cam0 extrinsics = -0.007,0.006,0.703,0.711 | 0.067,-0.042,0.020
cam1 extrinsics = -0.002,0.011,0.703,0.711 | -0.050,-0.041,0.021
q_GtoI = 0.819,-0.036,0.573,0.023 | p_IinG = 8.855,5.629,2.958 | dist = 68.66 (meters)
bg = 0.0024,0.0231,0.0750 | ba = 0.0336,0.1639,0.2061
camera-imu timeoffset = 0.00001
cam0 intrinsics = 466.949,465.756,364.876,250.544 | -0.280,0.072,0.001,-0.000
cam1 intrinsics = 465.655,464.469,377.662,257.042 | -0.279,0.071,0.001,-0.000
cam0 extrinsics = -0.007,0.006,0.703,0.711 | 0.067,-0.042,0.020
cam1 extrinsics = -0.002,0.011,0.703,0.711 | -0.050,-0.041,0.021
q_GtoI = 0.819,-0.036,0.573,0.023 | p_IinG = 8.848,5.738,2.957 | dist = 68.77 (meters)
bg = 0.0024,0.0232,0.0749 | ba = 0.0339,0.1626,0.2052
camera-imu timeoffset = 0.00001
cam0 intrinsics = 466.956,465.758,364.886,250.540 | -0.280,0.072,0.001,-0.000
cam1 intrinsics = 465.663,464.471,377.673,257.036 | -0.279,0.071,0.001,-0.000
cam0 extrinsics = -0.007,0.006,0.703,0.711 | 0.067,-0.042,0.020
cam1 extrinsics = -0.002,0.011,0.703,0.711 | -0.050,-0.041,0.021
q_GtoI = 0.818,-0.037,0.574,0.022 | p_IinG = 8.841,5.845,2.955 | dist = 68.88 (meters)
bg = 0.0024,0.0233,0.0750 | ba = 0.0349,0.1609,0.2041
camera-imu timeoffset = 0.00001
cam0 intrinsics = 466.960,465.758,364.892,250.533 | -0.280,0.072,0.001,-0.000
cam1 intrinsics = 465.667,464.471,377.681,257.027 | -0.279,0.071,0.001,-0.000
cam0 extrinsics = -0.007,0.006,0.703,0.711 | 0.067,-0.042,0.020
cam1 extrinsics = -0.002,0.011,0.703,0.711 | -0.050,-0.041,0.021
q_GtoI = 0.817,-0.037,0.575,0.021 | p_IinG = 8.834,5.950,2.952 | dist = 68.99 (meters)
bg = 0.0024,0.0234,0.0751 | ba = 0.0355,0.1592,0.2033
camera-imu timeoffset = 0.00001
cam0 intrinsics = 466.968,465.759,364.902,250.523 | -0.280,0.072,0.001,-0.000
cam1 intrinsics = 465.674,464.472,377.692,257.016 | -0.279,0.071,0.001,-0.000
cam0 extrinsics = -0.007,0.006,0.703,0.711 | 0.067,-0.042,0.020
cam1 extrinsics = -0.002,0.011,0.703,0.711 | -0.050,-0.041,0.021
q_GtoI = 0.818,-0.038,0.574,0.020 | p_IinG = 8.827,6.059,2.947 | dist = 69.09 (meters)
bg = 0.0023,0.0235,0.0751 | ba = 0.0358,0.1584,0.2029
camera-imu timeoffset = 0.00001
cam0 intrinsics = 466.979,465.761,364.913,250.507 | -0.280,0.072,0.001,-0.000
cam1 intrinsics = 465.687,464.476,377.701,256.999 | -0.279,0.071,0.001,-0.000
cam0 extrinsics = -0.007,0.006,0.703,0.711 | 0.067,-0.042,0.020
cam1 extrinsics = -0.002,0.011,0.703,0.711 | -0.050,-0.040,0.021
q_GtoI = 0.818,-0.039,0.573,0.019 | p_IinG = 8.818,6.161,2.940 | dist = 69.20 (meters)
bg = 0.0023,0.0236,0.0751 | ba = 0.0365,0.1565,0.2032
camera-imu timeoffset = 0.00001
cam0 intrinsics = 466.985,465.758,364.931,250.494 | -0.280,0.072,0.001,-0.000
cam1 intrinsics = 465.693,464.473,377.717,256.985 | -0.279,0.071,0.001,-0.000
cam0 extrinsics = -0.007,0.006,0.703,0.711 | 0.067,-0.041,0.020
cam1 extrinsics = -0.002,0.011,0.703,0.711 | -0.050,-0.040,0.021
q_GtoI = 0.818,-0.040,0.573,0.018 | p_IinG = 8.809,6.263,2.934 | dist = 69.30 (meters)
bg = 0.0023,0.0236,0.0751 | ba = 0.0368,0.1551,0.2043
camera-imu timeoffset = 0.00001
cam0 intrinsics = 466.993,465.758,364.955,250.475 | -0.280,0.072,0.001,-0.000
cam1 intrinsics = 465.703,464.474,377.738,256.966 | -0.279,0.071,0.001,-0.000
cam0 extrinsics = -0.007,0.006,0.703,0.711 | 0.067,-0.041,0.020
cam1 extrinsics = -0.002,0.011,0.703,0.711 | -0.050,-0.040,0.021
q_GtoI = 0.820,-0.040,0.571,0.018 | p_IinG = 8.800,6.362,2.928 | dist = 69.40 (meters)
bg = 0.0022,0.0236,0.0750 | ba = 0.0375,0.1536,0.2042
camera-imu timeoffset = 0.00001
cam0 intrinsics = 467.002,465.759,364.967,250.473 | -0.280,0.072,0.001,-0.000
cam1 intrinsics = 465.709,464.472,377.749,256.960 | -0.279,0.071,0.001,-0.000
cam0 extrinsics = -0.007,0.006,0.703,0.711 | 0.067,-0.041,0.020
cam1 extrinsics = -0.002,0.011,0.703,0.711 | -0.050,-0.040,0.021
q_GtoI = 0.820,-0.041,0.571,0.017 | p_IinG = 8.790,6.461,2.925 | dist = 69.50 (meters)
bg = 0.0021,0.0237,0.0750 | ba = 0.0377,0.1523,0.2051
camera-imu timeoffset = 0.00001
cam0 intrinsics = 467.010,465.761,364.985,250.467 | -0.280,0.072,0.001,-0.000
cam1 intrinsics = 465.717,464.474,377.765,256.951 | -0.279,0.071,0.001,-0.000
cam0 extrinsics = -0.008,0.006,0.703,0.711 | 0.067,-0.041,0.020
cam1 extrinsics = -0.002,0.011,0.703,0.711 | -0.050,-0.040,0.021
q_GtoI = 0.819,-0.041,0.572,0.017 | p_IinG = 8.780,6.558,2.924 | dist = 69.60 (meters)
bg = 0.0020,0.0237,0.0749 | ba = 0.0373,0.1515,0.2062
camera-imu timeoffset = 0.00001
cam0 intrinsics = 467.017,465.763,365.003,250.455 | -0.280,0.072,0.001,-0.000
cam1 intrinsics = 465.725,464.477,377.781,256.938 | -0.279,0.071,0.001,-0.000
cam0 extrinsics = -0.008,0.006,0.703,0.711 | 0.067,-0.041,0.020
cam1 extrinsics = -0.002,0.011,0.703,0.711 | -0.050,-0.040,0.021
q_GtoI = 0.819,-0.040,0.571,0.019 | p_IinG = 8.768,6.653,2.925 | dist = 69.70 (meters)
bg = 0.0019,0.0238,0.0749 | ba = 0.0376,0.1501,0.2075
camera-imu timeoffset = 0.00001
cam0 intrinsics = 467.025,465.764,365.015,250.448 | -0.280,0.072,0.001,-0.000
cam1 intrinsics = 465.733,464.478,377.793,256.929 | -0.279,0.071,0.001,-0.000
cam0 extrinsics = -0.008,0.006,0.703,0.711 | 0.067,-0.041,0.020
cam1 extrinsics = -0.002,0.011,0.703,0.711 | -0.050,-0.040,0.021
q_GtoI = 0.819,-0.039,0.572,0.018 | p_IinG = 8.752,6.745,2.925 | dist = 69.80 (meters)
bg = 0.0018,0.0236,0.0749 | ba = 0.0406,0.1493,0.2120
camera-imu timeoffset = 0.00001
cam0 intrinsics = 467.028,465.766,365.042,250.450 | -0.280,0.072,0.001,-0.000
cam1 intrinsics = 465.739,464.482,377.820,256.932 | -0.279,0.071,0.001,-0.000
cam0 extrinsics = -0.008,0.006,0.703,0.711 | 0.067,-0.041,0.020
cam1 extrinsics = -0.002,0.011,0.703,0.711 | -0.050,-0.040,0.021
q_GtoI = 0.819,-0.039,0.572,0.019 | p_IinG = 8.738,6.838,2.929 | dist = 69.89 (meters)
bg = 0.0016,0.0236,0.0749 | ba = 0.0410,0.1491,0.2136
camera-imu timeoffset = 0.00001
cam0 intrinsics = 467.038,465.771,365.056,250.436 | -0.280,0.072,0.001,-0.000
cam1 intrinsics = 465.749,464.487,377.833,256.918 | -0.279,0.071,0.001,-0.000
cam0 extrinsics = -0.008,0.006,0.703,0.711 | 0.067,-0.041,0.020
cam1 extrinsics = -0.002,0.011,0.703,0.711 | -0.050,-0.040,0.021
q_GtoI = 0.820,-0.039,0.571,0.018 | p_IinG = 8.725,6.932,2.934 | dist = 69.98 (meters)
bg = 0.0016,0.0235,0.0749 | ba = 0.0410,0.1496,0.2154
camera-imu timeoffset = 0.00001
cam0 intrinsics = 467.050,465.778,365.074,250.421 | -0.280,0.072,0.001,-0.000
cam1 intrinsics = 465.761,464.495,377.850,256.901 | -0.279,0.071,0.001,-0.000
cam0 extrinsics = -0.008,0.007,0.703,0.711 | 0.067,-0.041,0.020
cam1 extrinsics = -0.002,0.012,0.703,0.711 | -0.050,-0.040,0.021
q_GtoI = 0.819,-0.038,0.572,0.017 | p_IinG = 8.693,7.023,2.933 | dist = 70.08 (meters)
bg = 0.0013,0.0231,0.0750 | ba = 0.0482,0.1504,0.2207
camera-imu timeoffset = 0.00001
cam0 intrinsics = 466.994,465.752,365.078,250.347 | -0.280,0.072,0.001,-0.000
cam1 intrinsics = 465.704,464.467,377.852,256.833 | -0.279,0.071,0.001,-0.000
cam0 extrinsics = -0.007,0.007,0.703,0.711 | 0.067,-0.041,0.020
cam1 extrinsics = -0.002,0.012,0.703,0.711 | -0.050,-0.040,0.021
q_GtoI = 0.821,-0.038,0.570,0.016 | p_IinG = 8.670,7.107,2.942 | dist = 70.17 (meters)
bg = 0.0010,0.0232,0.0753 | ba = 0.0486,0.1497,0.2263
camera-imu timeoffset = 0.00001
cam0 intrinsics = 467.004,465.757,365.098,250.327 | -0.280,0.072,0.001,-0.000
cam1 intrinsics = 465.715,464.472,377.872,256.817 | -0.279,0.071,0.001,-0.000
cam0 extrinsics = -0.008,0.007,0.703,0.711 | 0.067,-0.041,0.020
cam1 extrinsics = -0.002,0.012,0.703,0.711 | -0.050,-0.040,0.021
q_GtoI = 0.822,-0.038,0.569,0.015 | p_IinG = 8.652,7.195,2.953 | dist = 70.26 (meters)
bg = 0.0010,0.0230,0.0753 | ba = 0.0477,0.1502,0.2282
camera-imu timeoffset = 0.00001
cam0 intrinsics = 467.011,465.763,365.111,250.313 | -0.280,0.072,0.001,-0.000
cam1 intrinsics = 465.722,464.479,377.885,256.802 | -0.279,0.071,0.001,-0.000
cam0 extrinsics = -0.008,0.007,0.703,0.711 | 0.067,-0.041,0.020
cam1 extrinsics = -0.002,0.012,0.703,0.711 | -0.050,-0.040,0.021
q_GtoI = 0.823,-0.039,0.566,0.013 | p_IinG = 8.635,7.283,2.965 | dist = 70.35 (meters)
bg = 0.0011,0.0229,0.0753 | ba = 0.0481,0.1504,0.2308
camera-imu timeoffset = 0.00001
cam0 intrinsics = 467.028,465.775,365.134,250.292 | -0.280,0.072,0.001,-0.000
cam1 intrinsics = 465.738,464.491,377.908,256.782 | -0.279,0.071,0.001,-0.000
cam0 extrinsics = -0.008,0.007,0.703,0.711 | 0.067,-0.041,0.020
cam1 extrinsics = -0.002,0.012,0.703,0.711 | -0.050,-0.040,0.021
q_GtoI = 0.824,-0.041,0.565,0.010 | p_IinG = 8.620,7.373,2.981 | dist = 70.44 (meters)
bg = 0.0011,0.0231,0.0754 | ba = 0.0446,0.1505,0.2306
camera-imu timeoffset = 0.00001
cam0 intrinsics = 467.034,465.787,365.131,250.256 | -0.280,0.072,0.001,-0.000
cam1 intrinsics = 465.744,464.502,377.907,256.748 | -0.279,0.071,0.001,-0.000
cam0 extrinsics = -0.007,0.007,0.703,0.711 | 0.067,-0.041,0.020
cam1 extrinsics = -0.002,0.012,0.703,0.711 | -0.050,-0.040,0.021
q_GtoI = 0.826,-0.043,0.562,0.007 | p_IinG = 8.602,7.458,2.996 | dist = 70.52 (meters)
bg = 0.0010,0.0230,0.0753 | ba = 0.0449,0.1500,0.2316
camera-imu timeoffset = 0.00001
cam0 intrinsics = 467.039,465.791,365.137,250.243 | -0.280,0.072,0.001,-0.000
cam1 intrinsics = 465.749,464.505,377.915,256.735 | -0.279,0.071,0.001,-0.000
cam0 extrinsics = -0.007,0.007,0.703,0.711 | 0.067,-0.041,0.020
cam1 extrinsics = -0.002,0.012,0.703,0.711 | -0.050,-0.040,0.021
q_GtoI = 0.828,-0.047,0.559,0.001 | p_IinG = 8.585,7.543,3.013 | dist = 70.61 (meters)
bg = 0.0010,0.0229,0.0752 | ba = 0.0452,0.1505,0.2334
camera-imu timeoffset = 0.00002
cam0 intrinsics = 467.049,465.800,365.151,250.223 | -0.280,0.072,0.001,-0.000
cam1 intrinsics = 465.758,464.513,377.932,256.716 | -0.279,0.071,0.001,-0.000
cam0 extrinsics = -0.007,0.007,0.703,0.711 | 0.067,-0.041,0.020
cam1 extrinsics = -0.002,0.012,0.703,0.711 | -0.050,-0.040,0.021
q_GtoI = -0.830,0.052,-0.555,0.005 | p_IinG = 8.567,7.628,3.029 | dist = 70.69 (meters)
bg = 0.0010,0.0227,0.0750 | ba = 0.0457,0.1508,0.2352
camera-imu timeoffset = 0.00001
cam0 intrinsics = 467.051,465.809,365.185,250.179 | -0.280,0.072,0.001,-0.000
cam1 intrinsics = 465.760,464.521,377.971,256.671 | -0.279,0.071,0.001,-0.000
cam0 extrinsics = -0.007,0.007,0.703,0.711 | 0.067,-0.041,0.020
cam1 extrinsics = -0.002,0.012,0.703,0.711 | -0.050,-0.040,0.021
q_GtoI = -0.832,0.056,-0.552,0.009 | p_IinG = 8.550,7.708,3.047 | dist = 70.77 (meters)
bg = 0.0011,0.0225,0.0750 | ba = 0.0462,0.1510,0.2372
camera-imu timeoffset = 0.00002
cam0 intrinsics = 467.056,465.818,365.202,250.156 | -0.280,0.072,0.001,-0.000
cam1 intrinsics = 465.765,464.528,377.992,256.650 | -0.279,0.071,0.001,-0.000
cam0 extrinsics = -0.007,0.007,0.703,0.711 | 0.067,-0.041,0.020
cam1 extrinsics = -0.002,0.012,0.703,0.711 | -0.050,-0.040,0.021
q_GtoI = -0.833,0.059,-0.550,0.012 | p_IinG = 8.537,7.786,3.062 | dist = 70.85 (meters)
bg = 0.0012,0.0225,0.0751 | ba = 0.0476,0.1518,0.2390
camera-imu timeoffset = 0.00002
cam0 intrinsics = 467.077,465.833,365.227,250.126 | -0.280,0.072,0.001,-0.000
cam1 intrinsics = 465.787,464.545,378.022,256.620 | -0.279,0.071,0.001,-0.000
cam0 extrinsics = -0.007,0.007,0.703,0.711 | 0.066,-0.041,0.020
cam1 extrinsics = -0.002,0.012,0.703,0.711 | -0.050,-0.040,0.021
q_GtoI = -0.834,0.061,-0.549,0.013 | p_IinG = 8.522,7.862,3.078 | dist = 70.93 (meters)
bg = 0.0011,0.0223,0.0750 | ba = 0.0485,0.1519,0.2402
camera-imu timeoffset = 0.00002
cam0 intrinsics = 467.082,465.841,365.236,250.120 | -0.280,0.072,0.001,-0.000
cam1 intrinsics = 465.792,464.553,378.033,256.613 | -0.279,0.071,0.001,-0.000
cam0 extrinsics = -0.007,0.007,0.703,0.711 | 0.066,-0.041,0.020
cam1 extrinsics = -0.002,0.012,0.703,0.711 | -0.050,-0.040,0.021
q_GtoI = -0.833,0.062,-0.549,0.014 | p_IinG = 8.508,7.935,3.092 | dist = 71.00 (meters)
bg = 0.0010,0.0222,0.0749 | ba = 0.0496,0.1524,0.2415
camera-imu timeoffset = 0.00002
cam0 intrinsics = 467.088,465.850,365.245,250.114 | -0.280,0.072,0.001,-0.000
cam1 intrinsics = 465.798,464.561,378.045,256.607 | -0.279,0.071,0.001,-0.000
cam0 extrinsics = -0.007,0.007,0.703,0.711 | 0.066,-0.041,0.020
cam1 extrinsics = -0.002,0.012,0.703,0.711 | -0.050,-0.040,0.021
q_GtoI = -0.832,0.061,-0.552,0.015 | p_IinG = 8.496,8.005,3.104 | dist = 71.07 (meters)
bg = 0.0010,0.0223,0.0748 | ba = 0.0515,0.1529,0.2435
camera-imu timeoffset = 0.00002
cam0 intrinsics = 467.099,465.860,365.258,250.106 | -0.280,0.072,0.001,-0.000
cam1 intrinsics = 465.809,464.571,378.060,256.595 | -0.279,0.071,0.001,-0.000
cam0 extrinsics = -0.007,0.007,0.703,0.711 | 0.066,-0.041,0.021
cam1 extrinsics = -0.002,0.012,0.703,0.711 | -0.050,-0.040,0.021
q_GtoI = -0.832,0.059,-0.552,0.015 | p_IinG = 8.486,8.075,3.114 | dist = 71.14 (meters)
bg = 0.0011,0.0223,0.0747 | ba = 0.0530,0.1533,0.2447
camera-imu timeoffset = 0.00002
cam0 intrinsics = 467.125,465.877,365.267,250.098 | -0.280,0.072,0.001,-0.000
cam1 intrinsics = 465.835,464.588,378.074,256.586 | -0.279,0.071,0.001,-0.000
cam0 extrinsics = -0.007,0.007,0.703,0.711 | 0.067,-0.041,0.021
cam1 extrinsics = -0.002,0.012,0.703,0.711 | -0.050,-0.040,0.022
q_GtoI = -0.832,0.054,-0.553,0.015 | p_IinG = 8.475,8.144,3.122 | dist = 71.21 (meters)
bg = 0.0011,0.0222,0.0746 | ba = 0.0553,0.1539,0.2468
camera-imu timeoffset = 0.00002
cam0 intrinsics = 467.155,465.896,365.272,250.097 | -0.280,0.072,0.001,-0.000
cam1 intrinsics = 465.863,464.603,378.081,256.585 | -0.279,0.071,0.001,-0.000
cam0 extrinsics = -0.007,0.007,0.703,0.711 | 0.067,-0.041,0.021
cam1 extrinsics = -0.002,0.012,0.703,0.711 | -0.050,-0.040,0.022
q_GtoI = -0.832,0.047,-0.553,0.014 | p_IinG = 8.468,8.211,3.125 | dist = 71.27 (meters)
bg = 0.0013,0.0221,0.0746 | ba = 0.0580,0.1531,0.2439
camera-imu timeoffset = 0.00002
cam0 intrinsics = 467.165,465.909,365.260,250.114 | -0.280,0.072,0.001,-0.000
cam1 intrinsics = 465.872,464.615,378.066,256.605 | -0.279,0.071,0.001,-0.000
cam0 extrinsics = -0.007,0.007,0.703,0.711 | 0.067,-0.041,0.021
cam1 extrinsics = -0.002,0.012,0.703,0.711 | -0.049,-0.040,0.022
q_GtoI = -0.832,0.038,-0.554,0.013 | p_IinG = 8.460,8.272,3.130 | dist = 71.33 (meters)
bg = 0.0012,0.0221,0.0745 | ba = 0.0585,0.1530,0.2440
camera-imu timeoffset = 0.00002
cam0 intrinsics = 467.179,465.923,365.251,250.127 | -0.280,0.072,0.001,-0.000
cam1 intrinsics = 465.885,464.628,378.058,256.619 | -0.279,0.071,0.001,-0.000
cam0 extrinsics = -0.007,0.007,0.703,0.711 | 0.067,-0.041,0.021
cam1 extrinsics = -0.002,0.012,0.703,0.711 | -0.049,-0.040,0.022
q_GtoI = -0.831,0.025,-0.555,0.010 | p_IinG = 8.451,8.332,3.134 | dist = 71.39 (meters)
bg = 0.0013,0.0220,0.0744 | ba = 0.0589,0.1535,0.2446
camera-imu timeoffset = 0.00002
cam0 intrinsics = 467.193,465.938,365.245,250.141 | -0.280,0.072,0.001,-0.000
cam1 intrinsics = 465.899,464.643,378.052,256.634 | -0.279,0.071,0.001,-0.000
cam0 extrinsics = -0.007,0.007,0.703,0.711 | 0.068,-0.041,0.021
cam1 extrinsics = -0.002,0.012,0.703,0.711 | -0.049,-0.040,0.022
q_GtoI = -0.830,0.011,-0.558,0.010 | p_IinG = 8.441,8.392,3.138 | dist = 71.45 (meters)
bg = 0.0012,0.0220,0.0742 | ba = 0.0585,0.1541,0.2454
camera-imu timeoffset = 0.00002
cam0 intrinsics = 467.193,465.950,365.242,250.147 | -0.280,0.072,0.001,-0.000
cam1 intrinsics = 465.900,464.656,378.048,256.641 | -0.279,0.071,0.001,-0.000
cam0 extrinsics = -0.007,0.007,0.703,0.711 | 0.068,-0.041,0.021
cam1 extrinsics = -0.002,0.012,0.703,0.711 | -0.049,-0.040,0.022
q_GtoI = -0.829,-0.003,-0.559,0.012 | p_IinG = 8.430,8.451,3.137 | dist = 71.51 (meters)
bg = 0.0015,0.0221,0.0744 | ba = 0.0590,0.1552,0.2463
camera-imu timeoffset = 0.00002
cam0 intrinsics = 467.198,465.982,365.271,250.150 | -0.280,0.072,0.001,-0.000
cam1 intrinsics = 465.906,464.689,378.077,256.645 | -0.279,0.071,0.001,-0.000
cam0 extrinsics = -0.008,0.007,0.703,0.711 | 0.068,-0.041,0.021
cam1 extrinsics = -0.002,0.012,0.703,0.711 | -0.049,-0.040,0.022
q_GtoI = -0.828,-0.018,-0.559,0.017 | p_IinG = 8.420,8.509,3.137 | dist = 71.57 (meters)
bg = 0.0015,0.0221,0.0745 | ba = 0.0592,0.1546,0.2482
camera-imu timeoffset = 0.00002
cam0 intrinsics = 467.204,466.001,365.286,250.175 | -0.280,0.072,0.001,-0.000
cam1 intrinsics = 465.913,464.709,378.091,256.670 | -0.279,0.071,0.001,-0.000
cam0 extrinsics = -0.008,0.007,0.703,0.711 | 0.068,-0.041,0.022
cam1 extrinsics = -0.002,0.012,0.703,0.711 | -0.048,-0.040,0.022
q_GtoI = -0.827,-0.035,-0.560,0.022 | p_IinG = 8.411,8.566,3.135 | dist = 71.62 (meters)
bg = 0.0016,0.0223,0.0744 | ba = 0.0597,0.1549,0.2485
camera-imu timeoffset = 0.00002
cam0 intrinsics = 467.213,466.014,365.298,250.170 | -0.280,0.072,0.001,-0.000
cam1 intrinsics = 465.922,464.722,378.103,256.666 | -0.279,0.071,0.001,-0.000
cam0 extrinsics = -0.008,0.007,0.703,0.711 | 0.068,-0.041,0.022
cam1 extrinsics = -0.002,0.012,0.703,0.711 | -0.048,-0.040,0.022
q_GtoI = -0.826,-0.052,-0.560,0.031 | p_IinG = 8.405,8.623,3.129 | dist = 71.68 (meters)
bg = 0.0017,0.0222,0.0743 | ba = 0.0617,0.1543,0.2484
camera-imu timeoffset = 0.00002
cam0 intrinsics = 467.233,466.040,365.326,250.156 | -0.280,0.072,0.001,-0.000
cam1 intrinsics = 465.942,464.748,378.129,256.652 | -0.279,0.071,0.001,-0.000
cam0 extrinsics = -0.008,0.007,0.703,0.711 | 0.068,-0.042,0.022
cam1 extrinsics = -0.002,0.012,0.703,0.711 | -0.048,-0.040,0.023
q_GtoI = -0.825,-0.070,-0.559,0.043 | p_IinG = 8.398,8.678,3.123 | dist = 71.74 (meters)
bg = 0.0017,0.0220,0.0743 | ba = 0.0630,0.1525,0.2485
camera-imu timeoffset = 0.00002
cam0 intrinsics = 467.251,466.052,365.325,250.172 | -0.280,0.072,0.001,-0.000
cam1 intrinsics = 465.961,464.761,378.126,256.667 | -0.279,0.071,0.001,-0.000
cam0 extrinsics = -0.008,0.007,0.703,0.711 | 0.069,-0.042,0.022
cam1 extrinsics = -0.002,0.012,0.703,0.711 | -0.048,-0.041,0.023
q_GtoI = -0.822,-0.089,-0.560,0.056 | p_IinG = 8.392,8.733,3.120 | dist = 71.80 (meters)
bg = 0.0017,0.0220,0.0744 | ba = 0.0646,0.1494,0.2500
camera-imu timeoffset = 0.00002
cam0 intrinsics = 467.281,466.071,365.332,250.210 | -0.280,0.072,0.001,-0.000
cam1 intrinsics = 465.992,464.780,378.130,256.703 | -0.279,0.071,0.001,-0.000
cam0 extrinsics = -0.008,0.007,0.703,0.711 | 0.069,-0.042,0.023
cam1 extrinsics = -0.002,0.012,0.703,0.711 | -0.047,-0.041,0.023
q_GtoI = -0.819,-0.108,-0.559,0.069 | p_IinG = 8.393,8.790,3.117 | dist = 71.85 (meters)
bg = 0.0019,0.0218,0.0742 | ba = 0.0636,0.1480,0.2476
camera-imu timeoffset = 0.00002
cam0 intrinsics = 467.304,466.071,365.281,250.291 | -0.280,0.072,0.001,-0.000
cam1 intrinsics = 466.015,464.780,378.072,256.781 | -0.279,0.071,0.001,-0.000
cam0 extrinsics = -0.008,0.007,0.703,0.711 | 0.069,-0.043,0.023
cam1 extrinsics = -0.002,0.012,0.703,0.711 | -0.047,-0.042,0.024
q_GtoI = -0.815,-0.128,-0.559,0.084 | p_IinG = 8.390,8.847,3.115 | dist = 71.91 (meters)
bg = 0.0020,0.0216,0.0741 | ba = 0.0638,0.1470,0.2465
camera-imu timeoffset = 0.00002
cam0 intrinsics = 467.334,466.087,365.275,250.303 | -0.280,0.072,0.001,-0.000
cam1 intrinsics = 466.044,464.795,378.063,256.792 | -0.279,0.071,0.001,-0.000
cam0 extrinsics = -0.008,0.007,0.703,0.711 | 0.069,-0.043,0.023
cam1 extrinsics = -0.002,0.012,0.703,0.711 | -0.047,-0.042,0.024
q_GtoI = -0.810,-0.147,-0.559,0.099 | p_IinG = 8.389,8.905,3.115 | dist = 71.97 (meters)
bg = 0.0020,0.0215,0.0742 | ba = 0.0626,0.1458,0.2433
camera-imu timeoffset = 0.00002
cam0 intrinsics = 467.359,466.100,365.257,250.316 | -0.280,0.072,0.001,-0.000
cam1 intrinsics = 466.070,464.809,378.040,256.806 | -0.279,0.071,0.001,-0.000
cam0 extrinsics = -0.008,0.007,0.703,0.711 | 0.069,-0.043,0.023
cam1 extrinsics = -0.002,0.012,0.703,0.711 | -0.047,-0.042,0.024
q_GtoI = -0.804,-0.167,-0.559,0.112 | p_IinG = 8.387,8.963,3.117 | dist = 72.03 (meters)
bg = 0.0022,0.0214,0.0741 | ba = 0.0626,0.1446,0.2409
camera-imu timeoffset = 0.00002
cam0 intrinsics = 467.376,466.104,365.238,250.332 | -0.280,0.072,0.001,-0.000
cam1 intrinsics = 466.087,464.814,378.019,256.820 | -0.279,0.071,0.001,-0.000
cam0 extrinsics = -0.008,0.007,0.703,0.712 | 0.069,-0.044,0.023
cam1 extrinsics = -0.002,0.012,0.703,0.711 | -0.047,-0.042,0.024
q_GtoI = -0.798,-0.185,-0.560,0.123 | p_IinG = 8.384,9.021,3.121 | dist = 72.08 (meters)
bg = 0.0023,0.0213,0.0740 | ba = 0.0627,0.1452,0.2387
camera-imu timeoffset = 0.00002
cam0 intrinsics = 467.401,466.116,365.215,250.351 | -0.280,0.072,0.001,-0.000
cam1 intrinsics = 466.112,464.826,377.994,256.837 | -0.279,0.071,0.001,-0.000
cam0 extrinsics = -0.008,0.007,0.703,0.712 | 0.069,-0.044,0.023
cam1 extrinsics = -0.002,0.012,0.703,0.711 | -0.048,-0.043,0.024
q_GtoI = -0.792,-0.204,-0.561,0.130 | p_IinG = 8.378,9.079,3.126 | dist = 72.14 (meters)
bg = 0.0023,0.0211,0.0738 | ba = 0.0631,0.1485,0.2367
camera-imu timeoffset = 0.00001
cam0 intrinsics = 467.430,466.130,365.196,250.371 | -0.280,0.072,0.001,-0.000
cam1 intrinsics = 466.141,464.841,377.974,256.854 | -0.279,0.071,0.001,-0.000
cam0 extrinsics = -0.008,0.007,0.703,0.712 | 0.069,-0.044,0.023
cam1 extrinsics = -0.002,0.012,0.703,0.711 | -0.048,-0.043,0.024
q_GtoI = -0.786,-0.220,-0.562,0.135 | p_IinG = 8.368,9.136,3.134 | dist = 72.20 (meters)
bg = 0.0024,0.0210,0.0738 | ba = 0.0625,0.1533,0.2343
camera-imu timeoffset = 0.00001
cam0 intrinsics = 467.457,466.147,365.189,250.392 | -0.280,0.072,0.001,-0.000
cam1 intrinsics = 466.168,464.858,377.964,256.872 | -0.279,0.071,0.001,-0.000
cam0 extrinsics = -0.008,0.007,0.703,0.712 | 0.068,-0.044,0.022
cam1 extrinsics = -0.002,0.012,0.703,0.711 | -0.048,-0.043,0.023
q_GtoI = -0.780,-0.235,-0.564,0.137 | p_IinG = 8.354,9.193,3.144 | dist = 72.25 (meters)
bg = 0.0026,0.0209,0.0738 | ba = 0.0622,0.1592,0.2320
camera-imu timeoffset = 0.00001
cam0 intrinsics = 467.485,466.162,365.197,250.423 | -0.280,0.072,0.001,-0.000
cam1 intrinsics = 466.196,464.874,377.967,256.899 | -0.279,0.071,0.001,-0.000
cam0 extrinsics = -0.008,0.007,0.703,0.712 | 0.068,-0.044,0.022
cam1 extrinsics = -0.002,0.012,0.703,0.711 | -0.049,-0.043,0.023
q_GtoI = -0.773,-0.247,-0.568,0.139 | p_IinG = 8.339,9.252,3.154 | dist = 72.31 (meters)
bg = 0.0027,0.0207,0.0737 | ba = 0.0606,0.1640,0.2283
camera-imu timeoffset = 0.00001
cam0 intrinsics = 467.487,466.162,365.185,250.444 | -0.280,0.072,0.001,-0.000
cam1 intrinsics = 466.198,464.875,377.953,256.921 | -0.279,0.071,0.001,-0.000
cam0 extrinsics = -0.008,0.007,0.703,0.712 | 0.067,-0.044,0.022
cam1 extrinsics = -0.002,0.012,0.703,0.711 | -0.049,-0.043,0.023
q_GtoI = -0.767,-0.257,-0.571,0.139 | p_IinG = 8.317,9.317,3.165 | dist = 72.37 (meters)
bg = 0.0028,0.0208,0.0745 | ba = 0.0594,0.1702,0.2209
camera-imu timeoffset = 0.00001
cam0 intrinsics = 467.484,466.152,365.174,250.492 | -0.280,0.072,0.001,-0.000
cam1 intrinsics = 466.193,464.866,377.934,256.970 | -0.279,0.071,0.001,-0.000
cam0 extrinsics = -0.008,0.006,0.703,0.712 | 0.067,-0.044,0.022
cam1 extrinsics = -0.002,0.011,0.703,0.711 | -0.050,-0.043,0.023
q_GtoI = -0.762,-0.266,-0.574,0.141 | p_IinG = 8.302,9.380,3.178 | dist = 72.44 (meters)
bg = 0.0029,0.0208,0.0745 | ba = 0.0569,0.1717,0.2171
camera-imu timeoffset = 0.00002
cam0 intrinsics = 467.492,466.152,365.179,250.507 | -0.280,0.072,0.001,-0.000
cam1 intrinsics = 466.202,464.865,377.938,256.983 | -0.279,0.071,0.001,-0.000
cam0 extrinsics = -0.008,0.006,0.703,0.712 | 0.067,-0.045,0.022
cam1 extrinsics = -0.002,0.011,0.703,0.711 | -0.050,-0.043,0.023
q_GtoI = -0.758,-0.274,-0.574,0.145 | p_IinG = 8.283,9.442,3.192 | dist = 72.50 (meters)
bg = 0.0029,0.0207,0.0747 | ba = 0.0546,0.1728,0.2148
camera-imu timeoffset = 0.00001
cam0 intrinsics = 467.503,466.149,365.180,250.520 | -0.280,0.072,0.001,-0.000
cam1 intrinsics = 466.212,464.863,377.939,256.995 | -0.279,0.071,0.001,-0.000
cam0 extrinsics = -0.008,0.006,0.703,0.712 | 0.067,-0.045,0.022
cam1 extrinsics = -0.002,0.011,0.703,0.711 | -0.050,-0.044,0.023
q_GtoI = -0.755,-0.282,-0.572,0.150 | p_IinG = 8.263,9.507,3.209 | dist = 72.57 (meters)
bg = 0.0029,0.0206,0.0749 | ba = 0.0516,0.1727,0.2128
camera-imu timeoffset = 0.00001
cam0 intrinsics = 467.517,466.146,365.183,250.531 | -0.280,0.072,0.001,-0.000
cam1 intrinsics = 466.226,464.861,377.942,257.005 | -0.279,0.071,0.001,-0.000
cam0 extrinsics = -0.008,0.006,0.703,0.712 | 0.067,-0.045,0.022
cam1 extrinsics = -0.002,0.011,0.703,0.711 | -0.050,-0.044,0.023
q_GtoI = -0.753,-0.290,-0.570,0.156 | p_IinG = 8.238,9.571,3.227 | dist = 72.63 (meters)
bg = 0.0030,0.0204,0.0751 | ba = 0.0506,0.1732,0.2127
camera-imu timeoffset = 0.00001
cam0 intrinsics = 467.514,466.139,365.180,250.533 | -0.280,0.072,0.001,-0.000
cam1 intrinsics = 466.222,464.853,377.935,257.006 | -0.279,0.071,0.001,-0.000
cam0 extrinsics = -0.008,0.006,0.703,0.712 | 0.067,-0.045,0.022
cam1 extrinsics = -0.002,0.011,0.703,0.711 | -0.050,-0.044,0.023
q_GtoI = -0.750,-0.298,-0.567,0.164 | p_IinG = 8.219,9.638,3.239 | dist = 72.71 (meters)
bg = 0.0030,0.0201,0.0754 | ba = 0.0555,0.1726,0.2076
camera-imu timeoffset = 0.00001
cam0 intrinsics = 467.522,466.137,365.206,250.550 | -0.280,0.072,0.001,-0.000
cam1 intrinsics = 466.227,464.850,377.960,257.031 | -0.279,0.071,0.001,-0.000
cam0 extrinsics = -0.008,0.006,0.703,0.712 | 0.067,-0.045,0.022
cam1 extrinsics = -0.002,0.011,0.703,0.711 | -0.050,-0.044,0.023
q_GtoI = -0.748,-0.305,-0.563,0.173 | p_IinG = 8.191,9.706,3.260 | dist = 72.78 (meters)
bg = 0.0030,0.0198,0.0756 | ba = 0.0557,0.1735,0.2082
camera-imu timeoffset = 0.00001
cam0 intrinsics = 467.529,466.123,365.205,250.555 | -0.280,0.072,0.001,-0.000
cam1 intrinsics = 466.234,464.837,377.957,257.034 | -0.279,0.071,0.001,-0.000
cam0 extrinsics = -0.008,0.006,0.703,0.712 | 0.067,-0.045,0.022
cam1 extrinsics = -0.002,0.011,0.703,0.711 | -0.050,-0.044,0.023
q_GtoI = -0.745,-0.314,-0.559,0.182 | p_IinG = 8.158,9.771,3.285 | dist = 72.85 (meters)
bg = 0.0030,0.0196,0.0756 | ba = 0.0547,0.1749,0.2103
camera-imu timeoffset = 0.00001
cam0 intrinsics = 467.536,466.119,365.221,250.551 | -0.280,0.072,0.001,-0.000
cam1 intrinsics = 466.240,464.832,377.971,257.030 | -0.279,0.071,0.001,-0.000
cam0 extrinsics = -0.008,0.006,0.703,0.712 | 0.067,-0.045,0.022
cam1 extrinsics = -0.002,0.011,0.703,0.711 | -0.050,-0.044,0.023
q_GtoI = -0.742,-0.322,-0.557,0.190 | p_IinG = 8.121,9.838,3.311 | dist = 72.93 (meters)
bg = 0.0030,0.0193,0.0757 | ba = 0.0547,0.1773,0.2116
camera-imu timeoffset = 0.00002
cam0 intrinsics = 467.542,466.116,365.219,250.555 | -0.280,0.072,0.001,-0.000
cam1 intrinsics = 466.246,464.828,377.969,257.034 | -0.279,0.071,0.001,-0.000
cam0 extrinsics = -0.008,0.006,0.702,0.712 | 0.067,-0.045,0.022
cam1 extrinsics = -0.002,0.011,0.703,0.711 | -0.050,-0.044,0.022
q_GtoI = -0.737,-0.330,-0.555,0.199 | p_IinG = 8.085,9.904,3.340 | dist = 73.01 (meters)
bg = 0.0030,0.0192,0.0758 | ba = 0.0535,0.1773,0.2144
camera-imu timeoffset = 0.00002
cam0 intrinsics = 467.548,466.114,365.221,250.556 | -0.280,0.072,0.001,-0.000
cam1 intrinsics = 466.251,464.826,377.969,257.035 | -0.279,0.071,0.001,-0.000
cam0 extrinsics = -0.008,0.006,0.702,0.712 | 0.067,-0.045,0.021
cam1 extrinsics = -0.002,0.011,0.703,0.711 | -0.050,-0.044,0.022
q_GtoI = -0.733,-0.339,-0.552,0.207 | p_IinG = 8.046,9.969,3.369 | dist = 73.09 (meters)
bg = 0.0029,0.0191,0.0759 | ba = 0.0511,0.1768,0.2170
camera-imu timeoffset = 0.00002
cam0 intrinsics = 467.555,466.117,365.220,250.558 | -0.280,0.072,0.001,-0.000
cam1 intrinsics = 466.258,464.828,377.968,257.037 | -0.279,0.071,0.001,-0.000
cam0 extrinsics = -0.008,0.006,0.702,0.712 | 0.067,-0.045,0.021
cam1 extrinsics = -0.002,0.011,0.703,0.711 | -0.049,-0.044,0.022
q_GtoI = -0.729,-0.346,-0.551,0.214 | p_IinG = 8.005,10.032,3.396 | dist = 73.17 (meters)
bg = 0.0028,0.0190,0.0761 | ba = 0.0481,0.1787,0.2181
camera-imu timeoffset = 0.00001
cam0 intrinsics = 467.557,466.106,365.223,250.570 | -0.280,0.072,0.001,-0.000
cam1 intrinsics = 466.260,464.820,377.971,257.055 | -0.279,0.071,0.001,-0.000
cam0 extrinsics = -0.008,0.006,0.702,0.712 | 0.067,-0.045,0.021
cam1 extrinsics = -0.002,0.011,0.703,0.711 | -0.049,-0.044,0.022
q_GtoI = -0.725,-0.353,-0.548,0.223 | p_IinG = 7.960,10.097,3.423 | dist = 73.25 (meters)
bg = 0.0027,0.0190,0.0763 | ba = 0.0475,0.1814,0.2187
camera-imu timeoffset = 0.00001
cam0 intrinsics = 467.558,466.093,365.220,250.576 | -0.280,0.072,0.001,-0.000
cam1 intrinsics = 466.261,464.807,377.967,257.060 | -0.279,0.071,0.001,-0.000
cam0 extrinsics = -0.008,0.006,0.702,0.712 | 0.068,-0.045,0.021
cam1 extrinsics = -0.002,0.011,0.703,0.711 | -0.049,-0.044,0.022
q_GtoI = -0.722,-0.356,-0.544,0.235 | p_IinG = 7.918,10.162,3.447 | dist = 73.33 (meters)
bg = 0.0025,0.0189,0.0764 | ba = 0.0448,0.1794,0.2208
camera-imu timeoffset = 0.00001
cam0 intrinsics = 467.563,466.088,365.220,250.572 | -0.280,0.072,0.001,-0.000
cam1 intrinsics = 466.266,464.801,377.965,257.056 | -0.279,0.071,0.001,-0.000
cam0 extrinsics = -0.008,0.006,0.702,0.712 | 0.068,-0.045,0.021
cam1 extrinsics = -0.002,0.011,0.703,0.711 | -0.049,-0.043,0.022
q_GtoI = -0.720,-0.359,-0.541,0.244 | p_IinG = 7.868,10.215,3.474 | dist = 73.40 (meters)
bg = 0.0021,0.0188,0.0762 | ba = 0.0377,0.1818,0.2224
camera-imu timeoffset = 0.00001
cam0 intrinsics = 467.556,466.078,365.229,250.584 | -0.280,0.072,0.001,-0.000
cam1 intrinsics = 466.258,464.791,377.974,257.069 | -0.279,0.071,0.001,-0.000
cam0 extrinsics = -0.008,0.006,0.703,0.712 | 0.068,-0.045,0.021
cam1 extrinsics = -0.002,0.011,0.703,0.711 | -0.048,-0.043,0.022
q_GtoI = -0.718,-0.360,-0.539,0.252 | p_IinG = 7.823,10.278,3.495 | dist = 73.48 (meters)
bg = 0.0019,0.0189,0.0762 | ba = 0.0341,0.1815,0.2222
camera-imu timeoffset = 0.00001
cam0 intrinsics = 467.566,466.083,365.255,250.583 | -0.280,0.072,0.001,-0.000
cam1 intrinsics = 466.267,464.796,377.997,257.068 | -0.279,0.071,0.001,-0.000
cam0 extrinsics = -0.008,0.006,0.703,0.712 | 0.069,-0.044,0.021
cam1 extrinsics = -0.002,0.011,0.703,0.711 | -0.048,-0.043,0.022
q_GtoI = -0.716,-0.362,-0.538,0.258 | p_IinG = 7.776,10.342,3.514 | dist = 73.56 (meters)
bg = 0.0017,0.0191,0.0762 | ba = 0.0298,0.1808,0.2206
camera-imu timeoffset = 0.00000
cam0 intrinsics = 467.572,466.092,365.276,250.600 | -0.280,0.072,0.001,-0.000
cam1 intrinsics = 466.273,464.805,378.017,257.083 | -0.279,0.071,0.001,-0.000
cam0 extrinsics = -0.008,0.006,0.703,0.712 | 0.069,-0.044,0.021
cam1 extrinsics = -0.002,0.011,0.703,0.711 | -0.048,-0.043,0.022
q_GtoI = -0.715,-0.362,-0.537,0.262 | p_IinG = 7.731,10.413,3.529 | dist = 73.64 (meters)
bg = 0.0018,0.0193,0.0763 | ba = 0.0228,0.1787,0.2168
camera-imu timeoffset = 0.00000
cam0 intrinsics = 467.578,466.110,365.301,250.636 | -0.280,0.072,0.001,-0.000
cam1 intrinsics = 466.281,464.823,378.042,257.111 | -0.279,0.071,0.001,-0.000
cam0 extrinsics = -0.008,0.006,0.703,0.712 | 0.069,-0.045,0.021
cam1 extrinsics = -0.002,0.011,0.703,0.711 | -0.047,-0.043,0.021
q_GtoI = -0.714,-0.364,-0.537,0.265 | p_IinG = 7.678,10.477,3.546 | dist = 73.72 (meters)
bg = 0.0018,0.0195,0.0765 | ba = 0.0166,0.1807,0.2136
camera-imu timeoffset = 0.00000
cam0 intrinsics = 467.587,466.115,365.336,250.653 | -0.280,0.072,0.001,-0.000
cam1 intrinsics = 466.290,464.829,378.073,257.126 | -0.279,0.071,0.001,-0.000
cam0 extrinsics = -0.008,0.006,0.703,0.712 | 0.069,-0.045,0.021
cam1 extrinsics = -0.002,0.011,0.703,0.711 | -0.047,-0.043,0.022
q_GtoI = -0.712,-0.364,-0.537,0.268 | p_IinG = 7.611,10.552,3.565 | dist = 73.79 (meters)
bg = 0.0021,0.0197,0.0766 | ba = 0.0126,0.1907,0.2090
camera-imu timeoffset = -0.00000
cam0 intrinsics = 467.557,466.095,365.327,250.666 | -0.280,0.072,0.001,-0.000
cam1 intrinsics = 466.261,464.807,378.066,257.138 | -0.279,0.071,0.001,-0.000
cam0 extrinsics = -0.008,0.006,0.703,0.712 | 0.070,-0.045,0.021
cam1 extrinsics = -0.002,0.011,0.703,0.711 | -0.047,-0.043,0.022
q_GtoI = -0.711,-0.366,-0.536,0.272 | p_IinG = 7.555,10.612,3.577 | dist = 73.87 (meters)
bg = 0.0020,0.0198,0.0766 | ba = 0.0097,0.1929,0.2061
camera-imu timeoffset = 0.00000
cam0 intrinsics = 467.546,466.091,365.326,250.670 | -0.280,0.072,0.001,-0.000
cam1 intrinsics = 466.250,464.804,378.064,257.141 | -0.279,0.071,0.001,-0.000
cam0 extrinsics = -0.008,0.006,0.703,0.712 | 0.070,-0.044,0.021
cam1 extrinsics = -0.003,0.011,0.703,0.711 | -0.047,-0.043,0.022
q_GtoI = -0.709,-0.370,-0.534,0.273 | p_IinG = 7.501,10.680,3.589 | dist = 73.95 (meters)
bg = 0.0022,0.0204,0.0769 | ba = 0.0022,0.1940,0.2019
camera-imu timeoffset = 0.00001
cam0 intrinsics = 467.542,466.069,365.326,250.670 | -0.280,0.072,0.001,-0.000
cam1 intrinsics = 466.248,464.784,378.059,257.145 | -0.279,0.071,0.001,-0.000
cam0 extrinsics = -0.008,0.006,0.703,0.712 | 0.070,-0.044,0.021
cam1 extrinsics = -0.003,0.011,0.703,0.711 | -0.046,-0.043,0.022
q_GtoI = -0.708,-0.373,-0.532,0.277 | p_IinG = 7.444,10.737,3.598 | dist = 74.03 (meters)
bg = 0.0021,0.0205,0.0769 | ba = -0.0002,0.1954,0.1996
camera-imu timeoffset = 0.00001
cam0 intrinsics = 467.531,466.061,365.322,250.666 | -0.280,0.072,0.001,-0.000
cam1 intrinsics = 466.236,464.775,378.056,257.141 | -0.279,0.071,0.001,-0.000
cam0 extrinsics = -0.008,0.006,0.703,0.712 | 0.070,-0.044,0.021
cam1 extrinsics = -0.003,0.011,0.703,0.711 | -0.046,-0.043,0.022
q_GtoI = -0.707,-0.376,-0.531,0.279 | p_IinG = 7.383,10.797,3.604 | dist = 74.10 (meters)
bg = 0.0021,0.0201,0.0765 | ba = 0.0037,0.1995,0.1984
camera-imu timeoffset = 0.00000
cam0 intrinsics = 467.500,466.061,365.329,250.692 | -0.280,0.072,0.001,-0.000
cam1 intrinsics = 466.207,464.777,378.062,257.164 | -0.279,0.071,0.001,-0.000
cam0 extrinsics = -0.008,0.006,0.703,0.712 | 0.070,-0.044,0.021
cam1 extrinsics = -0.003,0.011,0.703,0.711 | -0.046,-0.043,0.022
q_GtoI = -0.705,-0.378,-0.530,0.282 | p_IinG = 7.323,10.849,3.612 | dist = 74.18 (meters)
bg = 0.0020,0.0201,0.0765 | ba = 0.0033,0.2025,0.1980
camera-imu timeoffset = 0.00000
cam0 intrinsics = 467.483,466.060,365.342,250.698 | -0.280,0.072,0.001,-0.000
cam1 intrinsics = 466.191,464.776,378.075,257.170 | -0.279,0.071,0.001,-0.000
cam0 extrinsics = -0.008,0.006,0.703,0.712 | 0.070,-0.044,0.021
cam1 extrinsics = -0.003,0.011,0.703,0.711 | -0.046,-0.043,0.022
q_GtoI = -0.703,-0.378,-0.531,0.285 | p_IinG = 7.263,10.898,3.618 | dist = 74.25 (meters)
bg = 0.0019,0.0201,0.0762 | ba = 0.0032,0.2052,0.1977
camera-imu timeoffset = 0.00000
cam0 intrinsics = 467.472,466.067,365.366,250.718 | -0.280,0.072,0.001,-0.000
cam1 intrinsics = 466.181,464.784,378.097,257.186 | -0.279,0.071,0.001,-0.000
cam0 extrinsics = -0.008,0.006,0.703,0.712 | 0.070,-0.044,0.021
cam1 extrinsics = -0.003,0.011,0.703,0.711 | -0.046,-0.043,0.022
q_GtoI = -0.701,-0.379,-0.531,0.289 | p_IinG = 7.212,10.932,3.617 | dist = 74.33 (meters)
bg = 0.0016,0.0201,0.0762 | ba = 0.0061,0.2043,0.1989
camera-imu timeoffset = 0.00000
cam0 intrinsics = 467.473,466.084,365.398,250.707 | -0.280,0.072,0.001,-0.000
cam1 intrinsics = 466.183,464.803,378.133,257.174 | -0.279,0.071,0.001,-0.000
cam0 extrinsics = -0.008,0.006,0.703,0.712 | 0.070,-0.044,0.021
cam1 extrinsics = -0.003,0.011,0.703,0.711 | -0.046,-0.043,0.022
q_GtoI = -0.699,-0.379,-0.531,0.291 | p_IinG = 7.151,10.974,3.615 | dist = 74.40 (meters)
bg = 0.0013,0.0199,0.0760 | ba = 0.0094,0.2064,0.1979
camera-imu timeoffset = 0.00000
cam0 intrinsics = 467.454,466.084,365.405,250.689 | -0.280,0.072,0.001,-0.000
cam1 intrinsics = 466.165,464.806,378.136,257.161 | -0.279,0.071,0.001,-0.000
cam0 extrinsics = -0.008,0.006,0.703,0.712 | 0.071,-0.044,0.021
cam1 extrinsics = -0.003,0.011,0.703,0.711 | -0.046,-0.043,0.022
q_GtoI = -0.697,-0.380,-0.533,0.293 | p_IinG = 7.088,11.012,3.614 | dist = 74.47 (meters)
bg = 0.0010,0.0199,0.0759 | ba = 0.0105,0.2091,0.1974
camera-imu timeoffset = 0.00000
cam0 intrinsics = 467.441,466.082,365.407,250.681 | -0.280,0.072,0.001,-0.000
cam1 intrinsics = 466.152,464.805,378.139,257.152 | -0.279,0.071,0.001,-0.000
cam0 extrinsics = -0.008,0.006,0.703,0.712 | 0.071,-0.044,0.021
cam1 extrinsics = -0.003,0.011,0.703,0.711 | -0.046,-0.043,0.022
q_GtoI = -0.697,-0.380,-0.532,0.293 | p_IinG = 7.021,11.058,3.613 | dist = 74.54 (meters)
bg = 0.0014,0.0203,0.0760 | ba = 0.0079,0.2147,0.1946
camera-imu timeoffset = 0.00000
cam0 intrinsics = 467.421,466.070,365.402,250.677 | -0.280,0.072,0.001,-0.000
cam1 intrinsics = 466.131,464.792,378.129,257.151 | -0.279,0.071,0.001,-0.000
cam0 extrinsics = -0.008,0.006,0.703,0.712 | 0.071,-0.044,0.021
cam1 extrinsics = -0.003,0.011,0.703,0.711 | -0.045,-0.043,0.022
q_GtoI = -0.696,-0.380,-0.532,0.296 | p_IinG = 6.954,11.095,3.610 | dist = 74.62 (meters)
bg = 0.0013,0.0205,0.0760 | ba = 0.0072,0.2187,0.1941
camera-imu timeoffset = 0.00001
cam0 intrinsics = 467.399,466.062,365.409,250.678 | -0.280,0.072,0.001,-0.000
cam1 intrinsics = 466.110,464.784,378.139,257.152 | -0.279,0.071,0.001,-0.000
cam0 extrinsics = -0.008,0.006,0.703,0.712 | 0.071,-0.044,0.021
cam1 extrinsics = -0.003,0.011,0.703,0.711 | -0.045,-0.043,0.022
q_GtoI = -0.694,-0.383,-0.532,0.297 | p_IinG = 6.882,11.128,3.608 | dist = 74.69 (meters)
bg = 0.0013,0.0206,0.0761 | ba = 0.0060,0.2248,0.1946
camera-imu timeoffset = 0.00001
cam0 intrinsics = 467.369,466.050,365.440,250.692 | -0.280,0.071,0.001,-0.000
cam1 intrinsics = 466.081,464.773,378.171,257.165 | -0.279,0.071,0.001,-0.000
cam0 extrinsics = -0.008,0.006,0.703,0.712 | 0.071,-0.044,0.021
cam1 extrinsics = -0.003,0.011,0.703,0.711 | -0.045,-0.043,0.022
q_GtoI = -0.692,-0.385,-0.532,0.300 | p_IinG = 6.797,11.185,3.601 | dist = 74.77 (meters)
bg = 0.0020,0.0208,0.0760 | ba = 0.0029,0.2315,0.1879
camera-imu timeoffset = 0.00001
cam0 intrinsics = 467.299,466.011,365.435,250.697 | -0.280,0.071,0.001,-0.000
cam1 intrinsics = 466.016,464.740,378.172,257.169 | -0.279,0.071,0.001,-0.000
cam0 extrinsics = -0.008,0.006,0.703,0.712 | 0.072,-0.044,0.020
cam1 extrinsics = -0.003,0.011,0.703,0.711 | -0.045,-0.043,0.021
q_GtoI = -0.689,-0.388,-0.531,0.304 | p_IinG = 6.725,11.219,3.589 | dist = 74.84 (meters)
bg = 0.0020,0.0209,0.0761 | ba = -0.0000,0.2341,0.1842
camera-imu timeoffset = 0.00001
cam0 intrinsics = 467.281,466.003,365.448,250.708 | -0.280,0.071,0.001,-0.000
cam1 intrinsics = 466.000,464.733,378.186,257.181 | -0.279,0.071,0.001,-0.000
cam0 extrinsics = -0.008,0.006,0.703,0.712 | 0.072,-0.044,0.020
cam1 extrinsics = -0.003,0.011,0.703,0.711 | -0.045,-0.043,0.021
q_GtoI = -0.685,-0.393,-0.531,0.308 | p_IinG = 6.652,11.251,3.579 | dist = 74.92 (meters)
bg = 0.0021,0.0209,0.0761 | ba = -0.0027,0.2376,0.1809
camera-imu timeoffset = 0.00001
cam0 intrinsics = 467.261,465.991,365.451,250.713 | -0.280,0.071,0.001,-0.000
cam1 intrinsics = 465.981,464.723,378.190,257.188 | -0.279,0.071,0.001,-0.000
cam0 extrinsics = -0.008,0.006,0.702,0.712 | 0.072,-0.044,0.020
cam1 extrinsics = -0.003,0.011,0.703,0.711 | -0.045,-0.043,0.020
q_GtoI = -0.680,-0.399,-0.529,0.313 | p_IinG = 6.580,11.281,3.568 | dist = 74.99 (meters)
bg = 0.0023,0.0211,0.0762 | ba = -0.0039,0.2394,0.1785
camera-imu timeoffset = 0.00001
cam0 intrinsics = 467.251,465.986,365.455,250.719 | -0.280,0.071,0.001,-0.000
cam1 intrinsics = 465.974,464.720,378.195,257.195 | -0.279,0.071,0.001,-0.000
cam0 extrinsics = -0.008,0.006,0.702,0.712 | 0.072,-0.044,0.019
cam1 extrinsics = -0.003,0.011,0.703,0.711 | -0.045,-0.043,0.020
q_GtoI = -0.675,-0.406,-0.527,0.319 | p_IinG = 6.508,11.309,3.560 | dist = 75.07 (meters)
bg = 0.0023,0.0215,0.0761 | ba = -0.0058,0.2401,0.1763
camera-imu timeoffset = 0.00002
cam0 intrinsics = 467.246,465.985,365.451,250.719 | -0.280,0.071,0.001,-0.000
cam1 intrinsics = 465.970,464.719,378.195,257.194 | -0.279,0.071,0.001,-0.000
cam0 extrinsics = -0.008,0.006,0.702,0.712 | 0.071,-0.044,0.019
cam1 extrinsics = -0.003,0.011,0.703,0.711 | -0.045,-0.043,0.020
q_GtoI = -0.672,-0.413,-0.522,0.324 | p_IinG = 6.435,11.335,3.554 | dist = 75.14 (meters)
bg = 0.0024,0.0216,0.0761 | ba = -0.0064,0.2409,0.1758
camera-imu timeoffset = 0.00002
cam0 intrinsics = 467.241,465.983,365.442,250.715 | -0.280,0.071,0.001,-0.000
cam1 intrinsics = 465.965,464.718,378.186,257.190 | -0.279,0.071,0.001,-0.000
cam0 extrinsics = -0.008,0.006,0.702,0.712 | 0.071,-0.044,0.019
cam1 extrinsics = -0.003,0.011,0.703,0.711 | -0.045,-0.043,0.019
q_GtoI = -0.670,-0.422,-0.517,0.326 | p_IinG = 6.361,11.358,3.550 | dist = 75.22 (meters)
bg = 0.0024,0.0216,0.0761 | ba = -0.0064,0.2425,0.1755
camera-imu timeoffset = 0.00002
cam0 intrinsics = 467.238,465.983,365.432,250.710 | -0.280,0.071,0.001,-0.000
cam1 intrinsics = 465.963,464.718,378.179,257.186 | -0.279,0.071,0.001,-0.000
cam0 extrinsics = -0.008,0.006,0.702,0.712 | 0.072,-0.044,0.018
cam1 extrinsics = -0.003,0.011,0.703,0.711 | -0.045,-0.043,0.019
q_GtoI = -0.670,-0.427,-0.509,0.331 | p_IinG = 6.284,11.383,3.546 | dist = 75.30 (meters)
bg = 0.0026,0.0215,0.0758 | ba = -0.0055,0.2431,0.1763
camera-imu timeoffset = 0.00002
cam0 intrinsics = 467.250,465.996,365.392,250.742 | -0.280,0.071,0.001,-0.000
cam1 intrinsics = 465.971,464.728,378.135,257.228 | -0.279,0.071,0.001,-0.000
cam0 extrinsics = -0.008,0.006,0.702,0.712 | 0.072,-0.044,0.019
cam1 extrinsics = -0.003,0.011,0.703,0.711 | -0.045,-0.043,0.019
q_GtoI = -0.671,-0.434,-0.501,0.332 | p_IinG = 6.206,11.400,3.543 | dist = 75.37 (meters)
bg = 0.0028,0.0215,0.0757 | ba = -0.0054,0.2456,0.1746
camera-imu timeoffset = 0.00002
cam0 intrinsics = 467.248,465.999,365.402,250.726 | -0.280,0.071,0.001,-0.000
cam1 intrinsics = 465.968,464.730,378.150,257.212 | -0.279,0.071,0.001,-0.000
cam0 extrinsics = -0.008,0.006,0.702,0.712 | 0.072,-0.044,0.018
cam1 extrinsics = -0.003,0.011,0.703,0.711 | -0.045,-0.043,0.019
q_GtoI = -0.672,-0.437,-0.495,0.336 | p_IinG = 6.131,11.415,3.540 | dist = 75.45 (meters)
bg = 0.0029,0.0216,0.0759 | ba = -0.0066,0.2460,0.1723
camera-imu timeoffset = 0.00002
cam0 intrinsics = 467.247,466.007,365.413,250.716 | -0.280,0.071,0.001,-0.000
cam1 intrinsics = 465.966,464.738,378.161,257.202 | -0.279,0.071,0.001,-0.000
cam0 extrinsics = -0.008,0.006,0.703,0.712 | 0.072,-0.044,0.018
cam1 extrinsics = -0.003,0.011,0.703,0.711 | -0.045,-0.043,0.019
q_GtoI = -0.672,-0.441,-0.489,0.337 | p_IinG = 6.057,11.428,3.542 | dist = 75.52 (meters)
bg = 0.0028,0.0216,0.0759 | ba = -0.0063,0.2471,0.1716
camera-imu timeoffset = 0.00002
cam0 intrinsics = 467.241,466.006,365.403,250.731 | -0.280,0.071,0.001,-0.000
cam1 intrinsics = 465.959,464.737,378.153,257.217 | -0.279,0.071,0.001,-0.000
cam0 extrinsics = -0.008,0.006,0.703,0.712 | 0.072,-0.044,0.018
cam1 extrinsics = -0.003,0.011,0.703,0.711 | -0.045,-0.043,0.019
q_GtoI = -0.674,-0.445,-0.483,0.338 | p_IinG = 5.986,11.439,3.545 | dist = 75.60 (meters)
bg = 0.0028,0.0217,0.0761 | ba = -0.0032,0.2472,0.1716
camera-imu timeoffset = 0.00002
cam0 intrinsics = 467.233,466.005,365.409,250.743 | -0.280,0.071,0.001,-0.000
cam1 intrinsics = 465.951,464.736,378.157,257.227 | -0.279,0.071,0.001,-0.000
cam0 extrinsics = -0.008,0.006,0.703,0.712 | 0.072,-0.044,0.018
cam1 extrinsics = -0.003,0.011,0.703,0.711 | -0.045,-0.043,0.019
q_GtoI = -0.676,-0.448,-0.478,0.338 | p_IinG = 5.924,11.445,3.544 | dist = 75.67 (meters)
bg = 0.0026,0.0216,0.0761 | ba = -0.0025,0.2442,0.1694
camera-imu timeoffset = 0.00001
cam0 intrinsics = 467.234,466.009,365.422,250.747 | -0.280,0.071,0.001,-0.000
cam1 intrinsics = 465.953,464.742,378.172,257.227 | -0.279,0.071,0.001,-0.000
cam0 extrinsics = -0.008,0.006,0.702,0.712 | 0.072,-0.044,0.018
cam1 extrinsics = -0.003,0.011,0.703,0.711 | -0.045,-0.043,0.019
q_GtoI = -0.677,-0.450,-0.474,0.338 | p_IinG = 5.859,11.460,3.542 | dist = 75.74 (meters)
bg = 0.0027,0.0212,0.0763 | ba = 0.0016,0.2403,0.1623
camera-imu timeoffset = 0.00001
cam0 intrinsics = 467.220,465.991,365.421,250.800 | -0.280,0.071,0.001,-0.000
cam1 intrinsics = 465.941,464.726,378.171,257.277 | -0.279,0.071,0.001,-0.000
cam0 extrinsics = -0.008,0.006,0.703,0.712 | 0.071,-0.044,0.018
cam1 extrinsics = -0.003,0.011,0.703,0.711 | -0.046,-0.043,0.019
q_GtoI = -0.677,-0.452,-0.473,0.337 | p_IinG = 5.792,11.469,3.548 | dist = 75.81 (meters)
bg = 0.0026,0.0212,0.0762 | ba = 0.0038,0.2397,0.1624
camera-imu timeoffset = 0.00001
cam0 intrinsics = 467.224,465.990,365.427,250.811 | -0.280,0.071,0.001,-0.000
cam1 intrinsics = 465.946,464.726,378.177,257.286 | -0.279,0.071,0.001,-0.000
cam0 extrinsics = -0.008,0.006,0.702,0.712 | 0.071,-0.045,0.017
cam1 extrinsics = -0.003,0.011,0.703,0.711 | -0.046,-0.043,0.018
q_GtoI = -0.678,-0.453,-0.472,0.337 | p_IinG = 5.729,11.474,3.553 | dist = 75.88 (meters)
bg = 0.0025,0.0210,0.0763 | ba = 0.0050,0.2365,0.1636
camera-imu timeoffset = 0.00001
cam0 intrinsics = 467.224,465.986,365.423,250.824 | -0.280,0.071,0.001,-0.000
cam1 intrinsics = 465.947,464.724,378.176,257.296 | -0.279,0.071,0.001,-0.000
cam0 extrinsics = -0.008,0.006,0.702,0.712 | 0.071,-0.044,0.017
cam1 extrinsics = -0.003,0.011,0.703,0.711 | -0.046,-0.043,0.018
q_GtoI = -0.676,-0.452,-0.474,0.338 | p_IinG = 5.663,11.481,3.559 | dist = 75.95 (meters)
bg = 0.0024,0.0210,0.0763 | ba = 0.0065,0.2358,0.1644
camera-imu timeoffset = 0.00001
cam0 intrinsics = 467.225,465.986,365.415,250.804 | -0.280,0.071,0.001,-0.000
cam1 intrinsics = 465.950,464.725,378.168,257.278 | -0.279,0.071,0.001,-0.000
cam0 extrinsics = -0.008,0.006,0.702,0.712 | 0.071,-0.044,0.017
cam1 extrinsics = -0.003,0.011,0.703,0.711 | -0.046,-0.043,0.018
q_GtoI = -0.675,-0.450,-0.475,0.341 | p_IinG = 5.598,11.486,3.561 | dist = 76.01 (meters)
bg = 0.0022,0.0209,0.0763 | ba = 0.0079,0.2326,0.1630
camera-imu timeoffset = 0.00001
cam0 intrinsics = 467.211,465.973,365.406,250.821 | -0.280,0.071,0.001,-0.000
cam1 intrinsics = 465.936,464.712,378.159,257.297 | -0.279,0.071,0.001,-0.000
cam0 extrinsics = -0.008,0.006,0.702,0.712 | 0.071,-0.044,0.017
cam1 extrinsics = -0.003,0.011,0.703,0.711 | -0.046,-0.043,0.018
q_GtoI = -0.673,-0.448,-0.478,0.343 | p_IinG = 5.534,11.490,3.563 | dist = 76.08 (meters)
bg = 0.0020,0.0210,0.0762 | ba = 0.0074,0.2305,0.1624
camera-imu timeoffset = 0.00001
cam0 intrinsics = 467.202,465.962,365.400,250.838 | -0.280,0.071,0.001,-0.000
cam1 intrinsics = 465.928,464.701,378.155,257.314 | -0.279,0.071,0.001,-0.000
cam0 extrinsics = -0.008,0.006,0.702,0.712 | 0.071,-0.044,0.017
cam1 extrinsics = -0.003,0.011,0.703,0.711 | -0.046,-0.043,0.018
q_GtoI = -0.672,-0.447,-0.480,0.343 | p_IinG = 5.470,11.494,3.564 | dist = 76.14 (meters)
bg = 0.0018,0.0209,0.0763 | ba = 0.0066,0.2291,0.1620
camera-imu timeoffset = 0.00001
cam0 intrinsics = 467.191,465.952,365.390,250.854 | -0.280,0.071,0.001,-0.000
cam1 intrinsics = 465.917,464.690,378.147,257.330 | -0.279,0.071,0.001,-0.000
cam0 extrinsics = -0.008,0.006,0.703,0.712 | 0.071,-0.044,0.017
cam1 extrinsics = -0.003,0.011,0.703,0.711 | -0.046,-0.043,0.018
q_GtoI = -0.672,-0.446,-0.481,0.342 | p_IinG = 5.410,11.499,3.561 | dist = 76.21 (meters)
bg = 0.0018,0.0209,0.0762 | ba = 0.0060,0.2273,0.1597
camera-imu timeoffset = 0.00001
cam0 intrinsics = 467.176,465.933,365.383,250.883 | -0.280,0.071,0.001,-0.000
cam1 intrinsics = 465.903,464.672,378.139,257.358 | -0.279,0.071,0.001,-0.000
cam0 extrinsics = -0.008,0.006,0.703,0.712 | 0.071,-0.045,0.016
cam1 extrinsics = -0.003,0.011,0.703,0.711 | -0.046,-0.043,0.017
q_GtoI = -0.674,-0.447,-0.480,0.340 | p_IinG = 5.347,11.501,3.556 | dist = 76.27 (meters)
bg = 0.0017,0.0209,0.0761 | ba = 0.0052,0.2267,0.1579
camera-imu timeoffset = 0.00001
cam0 intrinsics = 467.167,465.924,365.373,250.890 | -0.280,0.071,0.001,-0.000
cam1 intrinsics = 465.894,464.663,378.133,257.366 | -0.279,0.071,0.001,-0.000
cam0 extrinsics = -0.008,0.006,0.703,0.712 | 0.071,-0.045,0.016
cam1 extrinsics = -0.003,0.011,0.703,0.711 | -0.046,-0.043,0.017
q_GtoI = -0.676,-0.447,-0.479,0.339 | p_IinG = 5.283,11.502,3.552 | dist = 76.33 (meters)
bg = 0.0015,0.0209,0.0760 | ba = 0.0037,0.2266,0.1567
camera-imu timeoffset = 0.00001
cam0 intrinsics = 467.157,465.914,365.361,250.895 | -0.280,0.071,0.001,-0.000
cam1 intrinsics = 465.884,464.653,378.124,257.371 | -0.279,0.071,0.001,-0.000
cam0 extrinsics = -0.008,0.006,0.703,0.712 | 0.071,-0.045,0.016
cam1 extrinsics = -0.003,0.011,0.703,0.711 | -0.046,-0.043,0.017
q_GtoI = -0.677,-0.449,-0.477,0.337 | p_IinG = 5.220,11.501,3.546 | dist = 76.39 (meters)
bg = 0.0013,0.0208,0.0758 | ba = 0.0016,0.2257,0.1556
camera-imu timeoffset = 0.00001
cam0 intrinsics = 467.147,465.902,365.354,250.897 | -0.280,0.071,0.001,-0.000
cam1 intrinsics = 465.874,464.642,378.118,257.373 | -0.279,0.071,0.001,-0.000
cam0 extrinsics = -0.008,0.006,0.703,0.712 | 0.071,-0.045,0.016
cam1 extrinsics = -0.003,0.011,0.703,0.711 | -0.046,-0.043,0.017
q_GtoI = -0.677,-0.450,-0.475,0.337 | p_IinG = 5.158,11.500,3.542 | dist = 76.46 (meters)
bg = 0.0011,0.0207,0.0757 | ba = 0.0001,0.2256,0.1552
camera-imu timeoffset = 0.00001
cam0 intrinsics = 467.139,465.893,365.350,250.899 | -0.280,0.071,0.001,-0.000
cam1 intrinsics = 465.866,464.632,378.116,257.377 | -0.279,0.071,0.001,-0.000
cam0 extrinsics = -0.008,0.006,0.702,0.712 | 0.071,-0.045,0.016
cam1 extrinsics = -0.003,0.011,0.703,0.711 | -0.046,-0.043,0.017
q_GtoI = -0.676,-0.453,-0.472,0.339 | p_IinG = 5.097,11.499,3.535 | dist = 76.52 (meters)
bg = 0.0013,0.0207,0.0760 | ba = 0.0000,0.2249,0.1533
camera-imu timeoffset = 0.00001
cam0 intrinsics = 467.129,465.890,365.356,250.892 | -0.280,0.071,0.001,-0.000
cam1 intrinsics = 465.857,464.629,378.126,257.370 | -0.279,0.071,0.001,-0.000
cam0 extrinsics = -0.008,0.006,0.702,0.712 | 0.071,-0.045,0.015
cam1 extrinsics = -0.003,0.011,0.703,0.711 | -0.046,-0.043,0.016
q_GtoI = -0.674,-0.458,-0.470,0.340 | p_IinG = 5.036,11.497,3.529 | dist = 76.58 (meters)
bg = 0.0011,0.0208,0.0759 | ba = -0.0018,0.2231,0.1481
camera-imu timeoffset = 0.00002
cam0 intrinsics = 467.129,465.883,365.363,250.891 | -0.280,0.071,0.001,-0.000
cam1 intrinsics = 465.857,464.621,378.141,257.370 | -0.279,0.071,0.001,-0.000
cam0 extrinsics = -0.008,0.006,0.702,0.712 | 0.071,-0.044,0.015
cam1 extrinsics = -0.003,0.011,0.703,0.711 | -0.046,-0.043,0.016
q_GtoI = -0.671,-0.462,-0.468,0.343 | p_IinG = 4.975,11.494,3.526 | dist = 76.64 (meters)
bg = 0.0012,0.0208,0.0759 | ba = -0.0028,0.2223,0.1449
camera-imu timeoffset = 0.00002
cam0 intrinsics = 467.127,465.881,365.377,250.882 | -0.280,0.071,0.001,-0.000
cam1 intrinsics = 465.855,464.619,378.160,257.363 | -0.279,0.070,0.001,-0.000
cam0 extrinsics = -0.008,0.006,0.702,0.712 | 0.071,-0.044,0.015
cam1 extrinsics = -0.003,0.011,0.703,0.711 | -0.046,-0.043,0.016
q_GtoI = -0.668,-0.465,-0.465,0.346 | p_IinG = 4.922,11.488,3.526 | dist = 76.70 (meters)
bg = 0.0011,0.0209,0.0759 | ba = -0.0031,0.2202,0.1459
camera-imu timeoffset = 0.00001
cam0 intrinsics = 467.125,465.883,365.381,250.877 | -0.280,0.071,0.001,-0.000
cam1 intrinsics = 465.855,464.622,378.168,257.358 | -0.279,0.070,0.001,-0.000
cam0 extrinsics = -0.008,0.006,0.702,0.712 | 0.071,-0.044,0.015
cam1 extrinsics = -0.003,0.011,0.703,0.711 | -0.046,-0.043,0.016
q_GtoI = -0.666,-0.468,-0.463,0.350 | p_IinG = 4.866,11.484,3.528 | dist = 76.76 (meters)
bg = 0.0012,0.0209,0.0758 | ba = -0.0047,0.2175,0.1460
camera-imu timeoffset = 0.00002
cam0 intrinsics = 467.131,465.888,365.386,250.875 | -0.280,0.071,0.001,-0.000
cam1 intrinsics = 465.860,464.627,378.174,257.358 | -0.279,0.070,0.001,-0.000
cam0 extrinsics = -0.008,0.006,0.702,0.712 | 0.071,-0.044,0.015
cam1 extrinsics = -0.003,0.011,0.703,0.711 | -0.046,-0.043,0.016
q_GtoI = -0.664,-0.471,-0.461,0.353 | p_IinG = 4.812,11.478,3.531 | dist = 76.81 (meters)
bg = 0.0009,0.0210,0.0757 | ba = -0.0054,0.2145,0.1449
camera-imu timeoffset = 0.00001
cam0 intrinsics = 467.131,465.889,365.386,250.877 | -0.280,0.071,0.001,-0.000
cam1 intrinsics = 465.861,464.628,378.176,257.361 | -0.279,0.070,0.001,-0.000
cam0 extrinsics = -0.008,0.006,0.702,0.712 | 0.070,-0.044,0.015
cam1 extrinsics = -0.003,0.011,0.703,0.711 | -0.047,-0.043,0.016
q_GtoI = -0.661,-0.474,-0.460,0.356 | p_IinG = 4.759,11.473,3.535 | dist = 76.87 (meters)
bg = 0.0007,0.0211,0.0755 | ba = -0.0070,0.2125,0.1432
camera-imu timeoffset = 0.00001
cam0 intrinsics = 467.127,465.888,365.382,250.878 | -0.280,0.071,0.001,-0.000
cam1 intrinsics = 465.856,464.627,378.173,257.364 | -0.279,0.070,0.001,-0.000
cam0 extrinsics = -0.008,0.006,0.702,0.712 | 0.070,-0.045,0.015
cam1 extrinsics = -0.003,0.011,0.703,0.711 | -0.047,-0.043,0.016
q_GtoI = -0.659,-0.477,-0.460,0.357 | p_IinG = 4.708,11.467,3.537 | dist = 76.92 (meters)
bg = 0.0006,0.0211,0.0754 | ba = -0.0083,0.2100,0.1405
camera-imu timeoffset = 0.00001
cam0 intrinsics = 467.116,465.883,365.379,250.877 | -0.280,0.071,0.001,-0.000
cam1 intrinsics = 465.845,464.622,378.168,257.364 | -0.279,0.070,0.001,-0.000
cam0 extrinsics = -0.008,0.006,0.702,0.712 | 0.070,-0.045,0.015
cam1 extrinsics = -0.003,0.011,0.703,0.711 | -0.047,-0.044,0.016
q_GtoI = -0.656,-0.479,-0.459,0.359 | p_IinG = 4.655,11.459,3.539 | dist = 76.98 (meters)
bg = 0.0005,0.0212,0.0753 | ba = -0.0094,0.2091,0.1388
camera-imu timeoffset = 0.00001
cam0 intrinsics = 467.110,465.880,365.376,250.875 | -0.280,0.071,0.001,-0.000
cam1 intrinsics = 465.839,464.619,378.167,257.365 | -0.279,0.070,0.001,-0.000
cam0 extrinsics = -0.008,0.006,0.702,0.712 | 0.070,-0.045,0.015
cam1 extrinsics = -0.003,0.011,0.703,0.711 | -0.047,-0.044,0.016
q_GtoI = -0.655,-0.481,-0.459,0.360 | p_IinG = 4.600,11.452,3.540 | dist = 77.03 (meters)
bg = 0.0003,0.0211,0.0752 | ba = -0.0096,0.2096,0.1372
camera-imu timeoffset = 0.00001
cam0 intrinsics = 467.102,465.878,365.369,250.873 | -0.280,0.071,0.001,-0.000
cam1 intrinsics = 465.828,464.614,378.158,257.366 | -0.279,0.070,0.001,-0.000
cam0 extrinsics = -0.008,0.006,0.702,0.712 | 0.070,-0.045,0.015
cam1 extrinsics = -0.003,0.011,0.703,0.711 | -0.047,-0.044,0.016
q_GtoI = -0.654,-0.482,-0.458,0.361 | p_IinG = 4.547,11.443,3.538 | dist = 77.08 (meters)
bg = 0.0002,0.0212,0.0752 | ba = -0.0105,0.2095,0.1353
camera-imu timeoffset = 0.00001
cam0 intrinsics = 467.099,465.878,365.373,250.875 | -0.280,0.071,0.001,-0.000
cam1 intrinsics = 465.824,464.613,378.163,257.371 | -0.279,0.070,0.001,-0.000
cam0 extrinsics = -0.008,0.006,0.702,0.712 | 0.070,-0.045,0.015
cam1 extrinsics = -0.003,0.011,0.703,0.711 | -0.047,-0.044,0.016
q_GtoI = -0.653,-0.483,-0.457,0.363 | p_IinG = 4.495,11.435,3.536 | dist = 77.13 (meters)
bg = 0.0002,0.0212,0.0751 | ba = -0.0108,0.2100,0.1341
camera-imu timeoffset = 0.00001
cam0 intrinsics = 467.099,465.883,365.373,250.878 | -0.280,0.071,0.001,-0.000
cam1 intrinsics = 465.823,464.616,378.163,257.376 | -0.279,0.070,0.001,-0.000
cam0 extrinsics = -0.008,0.006,0.702,0.712 | 0.070,-0.045,0.015
cam1 extrinsics = -0.003,0.011,0.703,0.711 | -0.047,-0.044,0.016
q_GtoI = -0.652,-0.484,-0.457,0.363 | p_IinG = 4.451,11.425,3.529 | dist = 77.18 (meters)
bg = 0.0002,0.0211,0.0752 | ba = -0.0099,0.2091,0.1328
camera-imu timeoffset = 0.00001
cam0 intrinsics = 467.091,465.885,365.380,250.878 | -0.280,0.071,0.001,-0.000
cam1 intrinsics = 465.816,464.618,378.174,257.378 | -0.279,0.070,0.001,-0.000
cam0 extrinsics = -0.008,0.006,0.702,0.712 | 0.070,-0.045,0.015
cam1 extrinsics = -0.003,0.011,0.703,0.711 | -0.047,-0.044,0.016
q_GtoI = -0.652,-0.485,-0.456,0.363 | p_IinG = 4.401,11.414,3.523 | dist = 77.23 (meters)
bg = 0.0001,0.0211,0.0751 | ba = -0.0108,0.2095,0.1323
camera-imu timeoffset = 0.00001
cam0 intrinsics = 467.090,465.889,365.382,250.879 | -0.280,0.071,0.001,-0.000
cam1 intrinsics = 465.814,464.622,378.177,257.380 | -0.279,0.070,0.001,-0.000
cam0 extrinsics = -0.008,0.006,0.702,0.712 | 0.070,-0.045,0.015
cam1 extrinsics = -0.003,0.011,0.703,0.711 | -0.047,-0.044,0.016
q_GtoI = -0.652,-0.485,-0.456,0.364 | p_IinG = 4.352,11.403,3.515 | dist = 77.29 (meters)
bg = 0.0000,0.0211,0.0752 | ba = -0.0113,0.2099,0.1320
camera-imu timeoffset = 0.00001
cam0 intrinsics = 467.090,465.894,365.383,250.877 | -0.280,0.071,0.001,-0.000
cam1 intrinsics = 465.815,464.626,378.180,257.378 | -0.279,0.070,0.001,-0.000
cam0 extrinsics = -0.008,0.006,0.702,0.712 | 0.070,-0.045,0.015
cam1 extrinsics = -0.003,0.011,0.703,0.711 | -0.047,-0.044,0.016
q_GtoI = -0.652,-0.485,-0.454,0.365 | p_IinG = 4.304,11.390,3.505 | dist = 77.34 (meters)
bg = -0.0001,0.0210,0.0753 | ba = -0.0090,0.2100,0.1322
camera-imu timeoffset = 0.00001
cam0 intrinsics = 467.092,465.900,365.381,250.869 | -0.280,0.071,0.001,-0.000
cam1 intrinsics = 465.816,464.631,378.179,257.371 | -0.279,0.070,0.001,-0.000
cam0 extrinsics = -0.008,0.006,0.702,0.712 | 0.070,-0.045,0.015
cam1 extrinsics = -0.003,0.011,0.703,0.711 | -0.047,-0.044,0.016
q_GtoI = -0.652,-0.485,-0.454,0.365 | p_IinG = 4.257,11.377,3.494 | dist = 77.39 (meters)
bg = -0.0001,0.0209,0.0755 | ba = -0.0081,0.2101,0.1335
camera-imu timeoffset = 0.00001
cam0 intrinsics = 467.093,465.904,365.386,250.862 | -0.280,0.071,0.001,-0.000
cam1 intrinsics = 465.817,464.635,378.184,257.366 | -0.279,0.070,0.001,-0.000
cam0 extrinsics = -0.008,0.006,0.702,0.712 | 0.070,-0.045,0.015
cam1 extrinsics = -0.003,0.011,0.703,0.711 | -0.047,-0.044,0.016
q_GtoI = -0.652,-0.485,-0.453,0.366 | p_IinG = 4.209,11.364,3.483 | dist = 77.44 (meters)
bg = -0.0001,0.0210,0.0756 | ba = -0.0074,0.2108,0.1346
camera-imu timeoffset = 0.00002
cam0 intrinsics = 467.096,465.909,365.388,250.851 | -0.280,0.071,0.001,-0.000
cam1 intrinsics = 465.820,464.641,378.186,257.356 | -0.279,0.070,0.001,-0.000
cam0 extrinsics = -0.008,0.006,0.702,0.712 | 0.070,-0.045,0.015
cam1 extrinsics = -0.003,0.011,0.703,0.711 | -0.047,-0.044,0.016
q_GtoI = -0.653,-0.485,-0.453,0.366 | p_IinG = 4.161,11.349,3.469 | dist = 77.49 (meters)
bg = -0.0001,0.0209,0.0756 | ba = -0.0060,0.2124,0.1360
camera-imu timeoffset = 0.00002
cam0 intrinsics = 467.097,465.915,365.388,250.841 | -0.280,0.071,0.001,-0.000
cam1 intrinsics = 465.821,464.646,378.185,257.346 | -0.279,0.070,0.001,-0.000
cam0 extrinsics = -0.008,0.006,0.702,0.712 | 0.070,-0.045,0.015
cam1 extrinsics = -0.003,0.011,0.703,0.711 | -0.047,-0.044,0.016
q_GtoI = -0.652,-0.483,-0.454,0.368 | p_IinG = 4.114,11.332,3.455 | dist = 77.54 (meters)
bg = -0.0003,0.0209,0.0756 | ba = -0.0025,0.2149,0.1387
camera-imu timeoffset = 0.00001
cam0 intrinsics = 467.096,465.924,365.379,250.831 | -0.280,0.071,0.001,-0.000
cam1 intrinsics = 465.820,464.656,378.173,257.337 | -0.279,0.071,0.001,-0.000
cam0 extrinsics = -0.008,0.006,0.703,0.712 | 0.070,-0.045,0.015
cam1 extrinsics = -0.003,0.011,0.703,0.711 | -0.047,-0.044,0.016
q_GtoI = -0.651,-0.483,-0.456,0.369 | p_IinG = 4.071,11.317,3.436 | dist = 77.59 (meters)
bg = -0.0004,0.0209,0.0757 | ba = -0.0019,0.2156,0.1391
camera-imu timeoffset = 0.00001
cam0 intrinsics = 467.091,465.930,365.383,250.830 | -0.280,0.071,0.001,-0.000
cam1 intrinsics = 465.816,464.662,378.182,257.340 | -0.279,0.071,0.001,-0.000
cam0 extrinsics = -0.008,0.006,0.703,0.712 | 0.070,-0.045,0.015
cam1 extrinsics = -0.003,0.011,0.703,0.711 | -0.047,-0.044,0.016
q_GtoI = -0.650,-0.482,-0.456,0.370 | p_IinG = 4.024,11.300,3.413 | dist = 77.64 (meters)
bg = -0.0004,0.0209,0.0758 | ba = -0.0014,0.2186,0.1385
camera-imu timeoffset = 0.00001
cam0 intrinsics = 467.089,465.936,365.371,250.826 | -0.280,0.071,0.001,-0.000
cam1 intrinsics = 465.813,464.666,378.170,257.338 | -0.279,0.071,0.001,0.000
cam0 extrinsics = -0.008,0.006,0.703,0.712 | 0.070,-0.046,0.015
cam1 extrinsics = -0.003,0.011,0.703,0.711 | -0.047,-0.044,0.016
q_GtoI = -0.651,-0.481,-0.456,0.370 | p_IinG = 3.979,11.282,3.384 | dist = 77.69 (meters)
bg = -0.0004,0.0209,0.0758 | ba = -0.0001,0.2211,0.1384
camera-imu timeoffset = 0.00001
cam0 intrinsics = 467.087,465.942,365.363,250.819 | -0.280,0.071,0.001,-0.000
cam1 intrinsics = 465.811,464.672,378.163,257.331 | -0.279,0.071,0.001,0.000
cam0 extrinsics = -0.008,0.006,0.703,0.712 | 0.070,-0.046,0.015
cam1 extrinsics = -0.003,0.011,0.703,0.711 | -0.047,-0.045,0.016
q_GtoI = -0.652,-0.481,-0.455,0.369 | p_IinG = 3.934,11.263,3.351 | dist = 77.75 (meters)
bg = -0.0006,0.0209,0.0759 | ba = 0.0012,0.2238,0.1382
camera-imu timeoffset = 0.00001
cam0 intrinsics = 467.082,465.944,365.357,250.807 | -0.280,0.071,0.001,-0.000
cam1 intrinsics = 465.806,464.675,378.156,257.318 | -0.279,0.071,0.001,0.000
cam0 extrinsics = -0.008,0.006,0.702,0.712 | 0.070,-0.046,0.015
cam1 extrinsics = -0.003,0.011,0.703,0.711 | -0.047,-0.045,0.016
q_GtoI = -0.652,-0.481,-0.455,0.369 | p_IinG = 3.891,11.243,3.312 | dist = 77.81 (meters)
bg = -0.0007,0.0209,0.0758 | ba = 0.0030,0.2256,0.1372
camera-imu timeoffset = 0.00001
cam0 intrinsics = 467.073,465.944,365.347,250.801 | -0.280,0.071,0.001,-0.000
cam1 intrinsics = 465.799,464.675,378.150,257.312 | -0.279,0.071,0.001,0.000
cam0 extrinsics = -0.008,0.006,0.702,0.712 | 0.070,-0.046,0.015
cam1 extrinsics = -0.003,0.011,0.703,0.711 | -0.047,-0.044,0.016
q_GtoI = -0.651,-0.482,-0.458,0.367 | p_IinG = 3.848,11.221,3.269 | dist = 77.87 (meters)
bg = -0.0008,0.0210,0.0758 | ba = 0.0047,0.2271,0.1374
camera-imu timeoffset = 0.00001
cam0 intrinsics = 467.064,465.943,365.340,250.794 | -0.280,0.071,0.001,-0.000
cam1 intrinsics = 465.790,464.675,378.141,257.305 | -0.279,0.071,0.001,0.000
cam0 extrinsics = -0.008,0.006,0.702,0.712 | 0.070,-0.045,0.015
cam1 extrinsics = -0.003,0.011,0.703,0.711 | -0.047,-0.044,0.016
q_GtoI = -0.650,-0.483,-0.459,0.366 | p_IinG = 3.805,11.199,3.223 | dist = 77.94 (meters)
bg = -0.0009,0.0211,0.0758 | ba = 0.0057,0.2287,0.1380
camera-imu timeoffset = 0.00001
cam0 intrinsics = 467.055,465.943,365.331,250.787 | -0.280,0.071,0.001,-0.000
cam1 intrinsics = 465.781,464.675,378.132,257.299 | -0.279,0.071,0.001,0.000
cam0 extrinsics = -0.008,0.006,0.702,0.712 | 0.070,-0.045,0.015
cam1 extrinsics = -0.003,0.011,0.703,0.711 | -0.046,-0.044,0.016
q_GtoI = -0.649,-0.483,-0.461,0.365 | p_IinG = 3.764,11.176,3.175 | dist = 78.00 (meters)
bg = -0.0010,0.0211,0.0758 | ba = 0.0067,0.2305,0.1396
camera-imu timeoffset = 0.00001
cam0 intrinsics = 467.046,465.942,365.324,250.781 | -0.280,0.071,0.001,-0.000
cam1 intrinsics = 465.772,464.675,378.126,257.293 | -0.279,0.071,0.001,-0.000
cam0 extrinsics = -0.008,0.006,0.702,0.712 | 0.070,-0.045,0.015
cam1 extrinsics = -0.003,0.011,0.703,0.711 | -0.046,-0.044,0.016
q_GtoI = -0.647,-0.482,-0.464,0.366 | p_IinG = 3.720,11.155,3.126 | dist = 78.07 (meters)
bg = -0.0010,0.0214,0.0760 | ba = 0.0050,0.2339,0.1376
camera-imu timeoffset = 0.00001
cam0 intrinsics = 467.041,465.941,365.317,250.778 | -0.280,0.071,0.001,-0.000
cam1 intrinsics = 465.768,464.674,378.119,257.290 | -0.279,0.071,0.001,-0.000
cam0 extrinsics = -0.008,0.006,0.702,0.712 | 0.070,-0.045,0.015
cam1 extrinsics = -0.003,0.011,0.703,0.711 | -0.046,-0.044,0.016
q_GtoI = -0.645,-0.482,-0.467,0.366 | p_IinG = 3.678,11.135,3.074 | dist = 78.14 (meters)
bg = -0.0010,0.0216,0.0761 | ba = 0.0042,0.2342,0.1341
camera-imu timeoffset = 0.00001
cam0 intrinsics = 467.035,465.940,365.313,250.779 | -0.280,0.071,0.001,-0.000
cam1 intrinsics = 465.761,464.674,378.115,257.290 | -0.279,0.071,0.001,-0.000
cam0 extrinsics = -0.008,0.006,0.702,0.712 | 0.070,-0.045,0.015
cam1 extrinsics = -0.003,0.011,0.703,0.711 | -0.046,-0.044,0.016
q_GtoI = -0.643,-0.481,-0.470,0.368 | p_IinG = 3.637,11.112,3.022 | dist = 78.21 (meters)
bg = -0.0009,0.0218,0.0763 | ba = 0.0048,0.2346,0.1324
camera-imu timeoffset = 0.00001
cam0 intrinsics = 467.032,465.942,365.312,250.772 | -0.280,0.071,0.001,-0.000
cam1 intrinsics = 465.758,464.676,378.115,257.284 | -0.279,0.071,0.001,0.000
cam0 extrinsics = -0.008,0.006,0.702,0.712 | 0.070,-0.045,0.015
cam1 extrinsics = -0.003,0.011,0.703,0.711 | -0.046,-0.044,0.016
q_GtoI = -0.641,-0.479,-0.472,0.370 | p_IinG = 3.597,11.089,2.969 | dist = 78.28 (meters)
bg = -0.0010,0.0220,0.0762 | ba = 0.0062,0.2334,0.1289
camera-imu timeoffset = 0.00001
cam0 intrinsics = 467.023,465.942,365.311,250.764 | -0.280,0.071,0.001,-0.000
cam1 intrinsics = 465.749,464.676,378.111,257.276 | -0.279,0.071,0.001,0.000
cam0 extrinsics = -0.008,0.006,0.702,0.712 | 0.070,-0.046,0.015
cam1 extrinsics = -0.003,0.011,0.703,0.711 | -0.046,-0.044,0.016
q_GtoI = -0.640,-0.477,-0.474,0.371 | p_IinG = 3.557,11.067,2.916 | dist = 78.34 (meters)
bg = -0.0010,0.0223,0.0763 | ba = 0.0061,0.2326,0.1221
camera-imu timeoffset = 0.00001
cam0 intrinsics = 467.007,465.946,365.308,250.756 | -0.280,0.071,0.001,-0.000
cam1 intrinsics = 465.732,464.681,378.113,257.266 | -0.279,0.071,0.001,0.000
cam0 extrinsics = -0.008,0.006,0.702,0.712 | 0.070,-0.046,0.015
cam1 extrinsics = -0.003,0.011,0.703,0.711 | -0.047,-0.044,0.016
q_GtoI = -0.638,-0.476,-0.477,0.373 | p_IinG = 3.520,11.041,2.868 | dist = 78.41 (meters)
bg = -0.0012,0.0224,0.0764 | ba = 0.0071,0.2310,0.1199
camera-imu timeoffset = 0.00001
cam0 intrinsics = 467.002,465.946,365.310,250.752 | -0.280,0.071,0.001,-0.000
cam1 intrinsics = 465.727,464.681,378.115,257.262 | -0.279,0.071,0.001,0.000
cam0 extrinsics = -0.008,0.006,0.702,0.712 | 0.070,-0.046,0.015
cam1 extrinsics = -0.003,0.011,0.703,0.711 | -0.047,-0.044,0.016
q_GtoI = -0.638,-0.476,-0.476,0.374 | p_IinG = 3.482,11.014,2.820 | dist = 78.48 (meters)
bg = -0.0013,0.0225,0.0765 | ba = 0.0070,0.2297,0.1172
camera-imu timeoffset = 0.00001
cam0 intrinsics = 467.003,465.957,365.296,250.735 | -0.280,0.071,0.001,-0.000
cam1 intrinsics = 465.728,464.693,378.103,257.246 | -0.279,0.071,0.001,0.000
cam0 extrinsics = -0.008,0.006,0.702,0.712 | 0.070,-0.046,0.015
cam1 extrinsics = -0.003,0.011,0.703,0.711 | -0.047,-0.045,0.016
q_GtoI = -0.638,-0.476,-0.476,0.374 | p_IinG = 3.446,10.984,2.773 | dist = 78.54 (meters)
bg = -0.0015,0.0225,0.0764 | ba = 0.0071,0.2270,0.1146
camera-imu timeoffset = 0.00001
cam0 intrinsics = 466.999,465.958,365.298,250.733 | -0.280,0.071,0.001,-0.000
cam1 intrinsics = 465.724,464.694,378.104,257.244 | -0.279,0.071,0.001,0.000
cam0 extrinsics = -0.008,0.006,0.702,0.712 | 0.070,-0.046,0.015
cam1 extrinsics = -0.003,0.011,0.703,0.711 | -0.047,-0.045,0.016
q_GtoI = -0.638,-0.477,-0.476,0.373 | p_IinG = 3.411,10.950,2.727 | dist = 78.61 (meters)
bg = -0.0017,0.0225,0.0763 | ba = 0.0074,0.2249,0.1134
camera-imu timeoffset = 0.00001
cam0 intrinsics = 466.998,465.963,365.297,250.733 | -0.280,0.071,0.001,-0.000
cam1 intrinsics = 465.724,464.700,378.106,257.244 | -0.279,0.071,0.001,0.000
cam0 extrinsics = -0.008,0.006,0.702,0.712 | 0.070,-0.046,0.015
cam1 extrinsics = -0.003,0.011,0.703,0.711 | -0.047,-0.045,0.016
q_GtoI = -0.639,-0.476,-0.475,0.373 | p_IinG = 3.376,10.914,2.681 | dist = 78.68 (meters)
bg = -0.0018,0.0224,0.0762 | ba = 0.0080,0.2228,0.1133
camera-imu timeoffset = 0.00001
cam0 intrinsics = 466.996,465.964,365.298,250.734 | -0.280,0.071,0.001,-0.000
cam1 intrinsics = 465.722,464.700,378.107,257.242 | -0.279,0.071,0.001,0.000
cam0 extrinsics = -0.008,0.006,0.702,0.712 | 0.070,-0.046,0.015
cam1 extrinsics = -0.003,0.011,0.703,0.711 | -0.047,-0.044,0.016
q_GtoI = -0.639,-0.477,-0.475,0.373 | p_IinG = 3.341,10.877,2.635 | dist = 78.75 (meters)
bg = -0.0020,0.0224,0.0761 | ba = 0.0083,0.2205,0.1128
camera-imu timeoffset = 0.00001
cam0 intrinsics = 466.993,465.965,365.299,250.734 | -0.280,0.071,0.001,-0.000
cam1 intrinsics = 465.719,464.702,378.107,257.242 | -0.279,0.071,0.001,0.000
cam0 extrinsics = -0.008,0.006,0.702,0.712 | 0.070,-0.046,0.015
cam1 extrinsics = -0.003,0.011,0.703,0.711 | -0.047,-0.044,0.016
q_GtoI = -0.639,-0.475,-0.475,0.375 | p_IinG = 3.303,10.838,2.587 | dist = 78.82 (meters)
bg = -0.0021,0.0223,0.0761 | ba = 0.0083,0.2204,0.1117
camera-imu timeoffset = 0.00001
cam0 intrinsics = 466.993,465.965,365.298,250.734 | -0.280,0.071,0.001,-0.000
cam1 intrinsics = 465.719,464.702,378.106,257.242 | -0.279,0.071,0.001,0.000
cam0 extrinsics = -0.008,0.006,0.702,0.712 | 0.070,-0.046,0.015
cam1 extrinsics = -0.003,0.011,0.703,0.711 | -0.047,-0.044,0.016
q_GtoI = -0.639,-0.475,-0.475,0.374 | p_IinG = 3.266,10.798,2.539 | dist = 78.90 (meters)
bg = -0.0022,0.0223,0.0761 | ba = 0.0080,0.2202,0.1105
camera-imu timeoffset = 0.00001
cam0 intrinsics = 466.992,465.966,365.296,250.736 | -0.280,0.071,0.001,-0.000
cam1 intrinsics = 465.718,464.703,378.104,257.244 | -0.279,0.071,0.001,0.000
cam0 extrinsics = -0.008,0.006,0.702,0.712 | 0.070,-0.046,0.015
cam1 extrinsics = -0.003,0.011,0.703,0.711 | -0.047,-0.044,0.016
q_GtoI = -0.639,-0.475,-0.476,0.375 | p_IinG = 3.228,10.759,2.488 | dist = 78.97 (meters)
bg = -0.0023,0.0223,0.0761 | ba = 0.0075,0.2215,0.1076
camera-imu timeoffset = 0.00001
cam0 intrinsics = 466.994,465.963,365.292,250.740 | -0.280,0.071,0.001,-0.000
cam1 intrinsics = 465.720,464.701,378.101,257.247 | -0.279,0.071,0.001,0.000
cam0 extrinsics = -0.008,0.006,0.702,0.712 | 0.070,-0.046,0.015
cam1 extrinsics = -0.003,0.011,0.703,0.711 | -0.047,-0.044,0.016
q_GtoI = -0.638,-0.474,-0.476,0.376 | p_IinG = 3.189,10.718,2.437 | dist = 79.05 (meters)
bg = -0.0023,0.0223,0.0761 | ba = 0.0068,0.2223,0.1059
camera-imu timeoffset = 0.00001
cam0 intrinsics = 466.996,465.964,365.286,250.740 | -0.280,0.071,0.001,-0.000
cam1 intrinsics = 465.722,464.702,378.095,257.249 | -0.279,0.071,0.001,0.000
cam0 extrinsics = -0.008,0.006,0.702,0.712 | 0.070,-0.045,0.015
cam1 extrinsics = -0.003,0.011,0.703,0.711 | -0.047,-0.044,0.016
q_GtoI = -0.639,-0.473,-0.475,0.377 | p_IinG = 3.152,10.674,2.386 | dist = 79.12 (meters)
bg = -0.0024,0.0222,0.0760 | ba = 0.0064,0.2228,0.1050
camera-imu timeoffset = 0.00001
cam0 intrinsics = 466.998,465.964,365.282,250.742 | -0.280,0.071,0.001,-0.000
cam1 intrinsics = 465.725,464.702,378.092,257.251 | -0.279,0.071,0.001,0.000
cam0 extrinsics = -0.008,0.006,0.702,0.712 | 0.070,-0.046,0.015
cam1 extrinsics = -0.003,0.011,0.703,0.711 | -0.047,-0.044,0.016
q_GtoI = -0.639,-0.472,-0.476,0.377 | p_IinG = 3.111,10.627,2.336 | dist = 79.20 (meters)
bg = -0.0021,0.0223,0.0760 | ba = 0.0055,0.2253,0.1061
camera-imu timeoffset = 0.00001
cam0 intrinsics = 467.000,465.970,365.271,250.740 | -0.280,0.071,0.001,-0.000
cam1 intrinsics = 465.726,464.708,378.088,257.248 | -0.279,0.071,0.001,0.000
cam0 extrinsics = -0.008,0.006,0.702,0.712 | 0.070,-0.046,0.015
cam1 extrinsics = -0.003,0.011,0.703,0.711 | -0.047,-0.044,0.016
q_GtoI = -0.639,-0.472,-0.476,0.377 | p_IinG = 3.074,10.578,2.286 | dist = 79.28 (meters)
bg = -0.0021,0.0222,0.0761 | ba = 0.0056,0.2253,0.1059
camera-imu timeoffset = 0.00001
cam0 intrinsics = 467.002,465.969,365.269,250.742 | -0.280,0.071,0.001,-0.000
cam1 intrinsics = 465.727,464.707,378.086,257.249 | -0.279,0.071,0.001,0.000
cam0 extrinsics = -0.008,0.006,0.702,0.712 | 0.070,-0.046,0.015
cam1 extrinsics = -0.003,0.011,0.703,0.711 | -0.047,-0.045,0.016
q_GtoI = -0.640,-0.473,-0.475,0.376 | p_IinG = 3.036,10.526,2.240 | dist = 79.36 (meters)
bg = -0.0022,0.0221,0.0761 | ba = 0.0047,0.2254,0.1060
camera-imu timeoffset = 0.00001
cam0 intrinsics = 467.002,465.965,365.265,250.745 | -0.280,0.071,0.001,-0.000
cam1 intrinsics = 465.728,464.704,378.085,257.253 | -0.279,0.071,0.001,0.000
cam0 extrinsics = -0.008,0.006,0.702,0.712 | 0.070,-0.046,0.015
cam1 extrinsics = -0.003,0.011,0.703,0.711 | -0.047,-0.045,0.016
q_GtoI = -0.642,-0.473,-0.471,0.376 | p_IinG = 2.996,10.475,2.198 | dist = 79.44 (meters)
bg = -0.0021,0.0223,0.0760 | ba = 0.0016,0.2261,0.1056
camera-imu timeoffset = 0.00001
cam0 intrinsics = 467.004,465.963,365.257,250.750 | -0.280,0.071,0.001,-0.000
cam1 intrinsics = 465.733,464.704,378.083,257.260 | -0.279,0.071,0.001,0.000
cam0 extrinsics = -0.008,0.006,0.702,0.712 | 0.070,-0.046,0.015
cam1 extrinsics = -0.003,0.011,0.703,0.711 | -0.047,-0.045,0.016
q_GtoI = -0.644,-0.474,-0.469,0.374 | p_IinG = 2.959,10.421,2.157 | dist = 79.52 (meters)
bg = -0.0021,0.0221,0.0761 | ba = -0.0008,0.2267,0.1063
camera-imu timeoffset = 0.00002
cam0 intrinsics = 467.004,465.958,365.254,250.752 | -0.280,0.071,0.001,-0.000
cam1 intrinsics = 465.733,464.699,378.081,257.263 | -0.279,0.071,0.001,0.000
cam0 extrinsics = -0.008,0.006,0.702,0.712 | 0.070,-0.046,0.015
cam1 extrinsics = -0.003,0.011,0.703,0.711 | -0.047,-0.045,0.016
q_GtoI = -0.646,-0.475,-0.467,0.374 | p_IinG = 2.923,10.365,2.116 | dist = 79.60 (meters)
bg = -0.0021,0.0219,0.0761 | ba = -0.0018,0.2275,0.1075
camera-imu timeoffset = 0.00002
cam0 intrinsics = 467.008,465.959,365.251,250.753 | -0.280,0.071,0.001,-0.000
cam1 intrinsics = 465.735,464.700,378.080,257.263 | -0.279,0.071,0.001,0.000
cam0 extrinsics = -0.008,0.006,0.702,0.712 | 0.070,-0.046,0.015
cam1 extrinsics = -0.003,0.011,0.703,0.711 | -0.047,-0.045,0.016
q_GtoI = -0.647,-0.475,-0.465,0.373 | p_IinG = 2.885,10.307,2.080 | dist = 79.68 (meters)
bg = -0.0019,0.0219,0.0762 | ba = -0.0050,0.2284,0.1083
camera-imu timeoffset = 0.00001
cam0 intrinsics = 467.011,465.958,365.247,250.757 | -0.280,0.071,0.001,-0.000
cam1 intrinsics = 465.739,464.699,378.077,257.267 | -0.279,0.071,0.001,0.000
cam0 extrinsics = -0.008,0.006,0.702,0.712 | 0.070,-0.046,0.015
cam1 extrinsics = -0.003,0.011,0.703,0.711 | -0.046,-0.045,0.016
q_GtoI = -0.649,-0.476,-0.463,0.372 | p_IinG = 2.849,10.248,2.043 | dist = 79.75 (meters)
bg = -0.0019,0.0217,0.0761 | ba = -0.0058,0.2286,0.1092
camera-imu timeoffset = 0.00002
cam0 intrinsics = 467.014,465.957,365.244,250.759 | -0.280,0.071,0.001,-0.000
cam1 intrinsics = 465.743,464.698,378.075,257.270 | -0.279,0.071,0.001,0.000
cam0 extrinsics = -0.008,0.006,0.702,0.712 | 0.070,-0.046,0.015
cam1 extrinsics = -0.003,0.011,0.703,0.711 | -0.046,-0.045,0.016
q_GtoI = -0.650,-0.477,-0.461,0.371 | p_IinG = 2.814,10.189,2.009 | dist = 79.83 (meters)
bg = -0.0018,0.0216,0.0761 | ba = -0.0063,0.2290,0.1103
camera-imu timeoffset = 0.00001
cam0 intrinsics = 467.018,465.956,365.241,250.760 | -0.280,0.071,0.001,-0.000
cam1 intrinsics = 465.746,464.698,378.072,257.271 | -0.279,0.071,0.001,0.000
cam0 extrinsics = -0.008,0.006,0.702,0.712 | 0.070,-0.046,0.015
cam1 extrinsics = -0.003,0.011,0.703,0.711 | -0.046,-0.045,0.016
q_GtoI = -0.652,-0.476,-0.459,0.371 | p_IinG = 2.774,10.129,1.971 | dist = 79.91 (meters)
bg = -0.0017,0.0213,0.0760 | ba = -0.0043,0.2302,0.1100
camera-imu timeoffset = 0.00002
cam0 intrinsics = 467.024,465.960,365.236,250.759 | -0.280,0.071,0.001,-0.000
cam1 intrinsics = 465.753,464.702,378.066,257.275 | -0.279,0.071,0.001,0.000
cam0 extrinsics = -0.008,0.006,0.702,0.712 | 0.070,-0.046,0.015
cam1 extrinsics = -0.003,0.011,0.703,0.711 | -0.046,-0.045,0.016
q_GtoI = -0.652,-0.477,-0.458,0.371 | p_IinG = 2.738,10.068,1.940 | dist = 79.98 (meters)
bg = -0.0016,0.0212,0.0759 | ba = -0.0050,0.2315,0.1112
camera-imu timeoffset = 0.00001
cam0 intrinsics = 467.029,465.962,365.233,250.759 | -0.280,0.071,0.001,-0.000
cam1 intrinsics = 465.758,464.704,378.063,257.276 | -0.279,0.071,0.001,0.000
cam0 extrinsics = -0.008,0.006,0.702,0.712 | 0.070,-0.046,0.015
cam1 extrinsics = -0.003,0.011,0.703,0.711 | -0.046,-0.045,0.016
q_GtoI = -0.653,-0.477,-0.458,0.370 | p_IinG = 2.702,10.005,1.911 | dist = 80.05 (meters)
bg = -0.0015,0.0210,0.0758 | ba = -0.0057,0.2334,0.1137
camera-imu timeoffset = 0.00002
cam0 intrinsics = 467.036,465.968,365.229,250.759 | -0.280,0.071,0.001,-0.000
cam1 intrinsics = 465.765,464.710,378.060,257.277 | -0.279,0.071,0.001,0.000
cam0 extrinsics = -0.008,0.006,0.702,0.712 | 0.070,-0.046,0.015
cam1 extrinsics = -0.003,0.011,0.703,0.711 | -0.046,-0.045,0.016
q_GtoI = -0.654,-0.475,-0.459,0.369 | p_IinG = 2.668,9.940,1.882 | dist = 80.13 (meters)
bg = -0.0014,0.0208,0.0756 | ba = -0.0057,0.2347,0.1175
camera-imu timeoffset = 0.00002
cam0 intrinsics = 467.042,465.976,365.226,250.761 | -0.280,0.071,0.001,-0.000
cam1 intrinsics = 465.770,464.717,378.059,257.276 | -0.279,0.071,0.001,0.000
cam0 extrinsics = -0.008,0.006,0.702,0.712 | 0.070,-0.046,0.015
cam1 extrinsics = -0.003,0.011,0.703,0.711 | -0.046,-0.045,0.016
q_GtoI = -0.656,-0.472,-0.461,0.367 | p_IinG = 2.637,9.875,1.853 | dist = 80.20 (meters)
bg = -0.0014,0.0206,0.0756 | ba = -0.0054,0.2346,0.1199
camera-imu timeoffset = 0.00002
cam0 intrinsics = 467.047,465.979,365.227,250.767 | -0.280,0.071,0.001,-0.000
cam1 intrinsics = 465.775,464.720,378.061,257.282 | -0.279,0.071,0.001,0.000
cam0 extrinsics = -0.008,0.006,0.702,0.712 | 0.070,-0.046,0.015
cam1 extrinsics = -0.003,0.011,0.703,0.711 | -0.046,-0.045,0.016
q_GtoI = -0.660,-0.469,-0.461,0.364 | p_IinG = 2.607,9.806,1.826 | dist = 80.28 (meters)
bg = -0.0015,0.0206,0.0756 | ba = -0.0073,0.2347,0.1256
camera-imu timeoffset = 0.00001
cam0 intrinsics = 467.046,465.986,365.220,250.766 | -0.280,0.071,0.001,-0.000
cam1 intrinsics = 465.775,464.728,378.056,257.280 | -0.279,0.071,0.001,0.000
cam0 extrinsics = -0.008,0.006,0.702,0.712 | 0.070,-0.046,0.016
cam1 extrinsics = -0.003,0.011,0.703,0.711 | -0.046,-0.044,0.016
q_GtoI = -0.663,-0.464,-0.464,0.361 | p_IinG = 2.577,9.739,1.795 | dist = 80.36 (meters)
bg = -0.0015,0.0207,0.0756 | ba = -0.0073,0.2346,0.1277
camera-imu timeoffset = 0.00001
cam0 intrinsics = 467.047,465.989,365.216,250.765 | -0.280,0.071,0.001,-0.000
cam1 intrinsics = 465.776,464.730,378.054,257.280 | -0.279,0.071,0.001,0.000
cam0 extrinsics = -0.008,0.006,0.702,0.712 | 0.070,-0.046,0.016
cam1 extrinsics = -0.003,0.011,0.703,0.711 | -0.046,-0.044,0.016
q_GtoI = -0.667,-0.459,-0.465,0.357 | p_IinG = 2.556,9.668,1.772 | dist = 80.44 (meters)
bg = -0.0017,0.0210,0.0758 | ba = -0.0110,0.2323,0.1346
camera-imu timeoffset = 0.00001
cam0 intrinsics = 467.047,466.001,365.209,250.767 | -0.280,0.071,0.001,-0.000
cam1 intrinsics = 465.771,464.737,378.052,257.284 | -0.279,0.071,0.001,0.000
cam0 extrinsics = -0.008,0.006,0.702,0.712 | 0.070,-0.045,0.016
cam1 extrinsics = -0.003,0.011,0.703,0.711 | -0.047,-0.044,0.016
q_GtoI = -0.672,-0.451,-0.468,0.355 | p_IinG = 2.527,9.599,1.738 | dist = 80.52 (meters)
bg = -0.0017,0.0210,0.0758 | ba = -0.0101,0.2329,0.1367
camera-imu timeoffset = 0.00001
cam0 intrinsics = 467.043,465.998,365.202,250.764 | -0.280,0.071,0.001,-0.000
cam1 intrinsics = 465.766,464.734,378.048,257.282 | -0.279,0.071,0.001,0.000
cam0 extrinsics = -0.008,0.006,0.702,0.712 | 0.070,-0.045,0.016
cam1 extrinsics = -0.003,0.011,0.703,0.711 | -0.047,-0.044,0.016
q_GtoI = -0.677,-0.443,-0.471,0.352 | p_IinG = 2.499,9.530,1.707 | dist = 80.60 (meters)
bg = -0.0017,0.0212,0.0758 | ba = -0.0106,0.2340,0.1381
camera-imu timeoffset = 0.00001
cam0 intrinsics = 467.042,465.999,365.196,250.760 | -0.280,0.071,0.001,-0.000
cam1 intrinsics = 465.765,464.735,378.045,257.278 | -0.279,0.071,0.001,0.000
cam0 extrinsics = -0.008,0.006,0.702,0.712 | 0.070,-0.045,0.016
cam1 extrinsics = -0.003,0.011,0.703,0.711 | -0.047,-0.044,0.016
q_GtoI = -0.683,-0.434,-0.474,0.347 | p_IinG = 2.472,9.461,1.673 | dist = 80.68 (meters)
bg = -0.0018,0.0213,0.0760 | ba = -0.0112,0.2347,0.1393
camera-imu timeoffset = 0.00001
cam0 intrinsics = 467.039,465.999,365.189,250.760 | -0.280,0.071,0.001,-0.000
cam1 intrinsics = 465.762,464.735,378.039,257.277 | -0.279,0.071,0.001,0.000
cam0 extrinsics = -0.008,0.006,0.702,0.712 | 0.070,-0.045,0.016
cam1 extrinsics = -0.003,0.011,0.703,0.711 | -0.047,-0.044,0.017
q_GtoI = -0.690,-0.425,-0.477,0.342 | p_IinG = 2.447,9.391,1.638 | dist = 80.76 (meters)
bg = -0.0019,0.0214,0.0761 | ba = -0.0116,0.2350,0.1405
camera-imu timeoffset = 0.00001
cam0 intrinsics = 467.031,465.997,365.181,250.758 | -0.280,0.071,0.001,-0.000
cam1 intrinsics = 465.755,464.734,378.033,257.275 | -0.279,0.071,0.001,0.000
cam0 extrinsics = -0.008,0.006,0.702,0.712 | 0.070,-0.046,0.016
cam1 extrinsics = -0.003,0.011,0.703,0.711 | -0.047,-0.044,0.017
q_GtoI = -0.697,-0.414,-0.480,0.337 | p_IinG = 2.424,9.320,1.607 | dist = 80.84 (meters)
bg = -0.0021,0.0216,0.0761 | ba = -0.0138,0.2354,0.1423
camera-imu timeoffset = 0.00001
cam0 intrinsics = 467.031,466.002,365.170,250.765 | -0.280,0.071,0.001,-0.000
cam1 intrinsics = 465.755,464.738,378.022,257.282 | -0.279,0.071,0.001,0.000
cam0 extrinsics = -0.008,0.006,0.702,0.712 | 0.070,-0.046,0.016
cam1 extrinsics = -0.003,0.011,0.703,0.711 | -0.047,-0.045,0.017
q_GtoI = -0.705,-0.402,-0.481,0.332 | p_IinG = 2.401,9.248,1.574 | dist = 80.93 (meters)
bg = -0.0022,0.0218,0.0761 | ba = -0.0149,0.2360,0.1445
camera-imu timeoffset = 0.00001
cam0 intrinsics = 467.036,466.008,365.150,250.781 | -0.280,0.071,0.001,-0.000
cam1 intrinsics = 465.760,464.744,378.003,257.299 | -0.279,0.071,0.001,0.000
cam0 extrinsics = -0.008,0.006,0.702,0.712 | 0.070,-0.046,0.016
cam1 extrinsics = -0.003,0.011,0.703,0.711 | -0.047,-0.045,0.017
q_GtoI = -0.711,-0.391,-0.484,0.327 | p_IinG = 2.379,9.175,1.542 | dist = 81.01 (meters)
bg = -0.0022,0.0218,0.0761 | ba = -0.0144,0.2367,0.1454
camera-imu timeoffset = 0.00001
cam0 intrinsics = 467.037,466.013,365.148,250.785 | -0.280,0.071,0.001,-0.000
cam1 intrinsics = 465.761,464.750,378.000,257.302 | -0.279,0.071,0.001,0.000
cam0 extrinsics = -0.008,0.006,0.702,0.712 | 0.070,-0.046,0.016
cam1 extrinsics = -0.003,0.011,0.703,0.711 | -0.047,-0.045,0.017
q_GtoI = -0.718,-0.380,-0.488,0.320 | p_IinG = 2.358,9.100,1.513 | dist = 81.09 (meters)
bg = -0.0023,0.0220,0.0761 | ba = -0.0145,0.2372,0.1475
camera-imu timeoffset = 0.00002
cam0 intrinsics = 467.033,466.010,365.152,250.784 | -0.280,0.071,0.001,-0.000
cam1 intrinsics = 465.757,464.747,378.004,257.300 | -0.279,0.071,0.001,0.000
cam0 extrinsics = -0.008,0.006,0.702,0.712 | 0.069,-0.046,0.016
cam1 extrinsics = -0.003,0.011,0.703,0.711 | -0.047,-0.045,0.017
q_GtoI = -0.724,-0.370,-0.491,0.313 | p_IinG = 2.338,9.023,1.488 | dist = 81.17 (meters)
bg = -0.0024,0.0223,0.0763 | ba = -0.0152,0.2385,0.1499
camera-imu timeoffset = 0.00001
cam0 intrinsics = 467.026,466.007,365.149,250.788 | -0.280,0.071,0.001,-0.000
cam1 intrinsics = 465.751,464.745,378.000,257.303 | -0.279,0.071,0.001,0.000
cam0 extrinsics = -0.008,0.006,0.702,0.712 | 0.069,-0.046,0.016
cam1 extrinsics = -0.003,0.011,0.703,0.711 | -0.047,-0.045,0.017
q_GtoI = -0.729,-0.360,-0.495,0.306 | p_IinG = 2.323,8.944,1.456 | dist = 81.25 (meters)
bg = -0.0028,0.0221,0.0764 | ba = -0.0125,0.2357,0.1513
camera-imu timeoffset = 0.00001
cam0 intrinsics = 467.027,466.024,365.124,250.763 | -0.280,0.071,0.001,0.000
cam1 intrinsics = 465.751,464.763,377.975,257.287 | -0.279,0.071,0.001,0.000
cam0 extrinsics = -0.008,0.006,0.702,0.712 | 0.069,-0.046,0.015
cam1 extrinsics = -0.003,0.011,0.703,0.711 | -0.047,-0.045,0.016
q_GtoI = -0.734,-0.351,-0.499,0.298 | p_IinG = 2.307,8.865,1.426 | dist = 81.34 (meters)
bg = -0.0030,0.0219,0.0764 | ba = -0.0100,0.2340,0.1517
camera-imu timeoffset = 0.00001
cam0 intrinsics = 467.027,466.032,365.123,250.763 | -0.280,0.071,0.001,0.000
cam1 intrinsics = 465.754,464.774,377.969,257.289 | -0.279,0.071,0.001,0.000
cam0 extrinsics = -0.008,0.006,0.702,0.712 | 0.069,-0.046,0.015
cam1 extrinsics = -0.003,0.011,0.703,0.711 | -0.047,-0.045,0.016
q_GtoI = -0.738,-0.342,-0.503,0.290 | p_IinG = 2.296,8.788,1.406 | dist = 81.42 (meters)
bg = -0.0032,0.0219,0.0765 | ba = -0.0110,0.2336,0.1534
camera-imu timeoffset = 0.00002
cam0 intrinsics = 467.019,466.015,365.121,250.774 | -0.280,0.071,0.001,-0.000
cam1 intrinsics = 465.744,464.756,377.970,257.303 | -0.279,0.071,0.001,0.000
cam0 extrinsics = -0.008,0.006,0.702,0.712 | 0.069,-0.046,0.015
cam1 extrinsics = -0.003,0.011,0.703,0.711 | -0.047,-0.045,0.016
q_GtoI = -0.742,-0.334,-0.509,0.281 | p_IinG = 2.285,8.709,1.387 | dist = 81.50 (meters)
bg = -0.0033,0.0219,0.0768 | ba = -0.0105,0.2332,0.1564
camera-imu timeoffset = 0.00002
cam0 intrinsics = 466.999,465.985,365.128,250.788 | -0.280,0.071,0.001,-0.000
cam1 intrinsics = 465.725,464.729,377.977,257.317 | -0.279,0.071,0.001,0.000
cam0 extrinsics = -0.008,0.006,0.702,0.712 | 0.069,-0.047,0.015
cam1 extrinsics = -0.003,0.011,0.703,0.711 | -0.047,-0.046,0.016
q_GtoI = -0.746,-0.325,-0.513,0.273 | p_IinG = 2.277,8.629,1.368 | dist = 81.58 (meters)
bg = -0.0037,0.0219,0.0770 | ba = -0.0098,0.2316,0.1573
camera-imu timeoffset = 0.00002
cam0 intrinsics = 466.995,465.983,365.113,250.777 | -0.280,0.071,0.001,-0.000
cam1 intrinsics = 465.722,464.727,377.965,257.307 | -0.279,0.071,0.001,0.000
cam0 extrinsics = -0.008,0.006,0.702,0.712 | 0.069,-0.047,0.015
cam1 extrinsics = -0.003,0.011,0.703,0.711 | -0.047,-0.045,0.016
q_GtoI = -0.750,-0.316,-0.517,0.266 | p_IinG = 2.271,8.547,1.357 | dist = 81.66 (meters)
bg = -0.0040,0.0221,0.0771 | ba = -0.0111,0.2295,0.1585
camera-imu timeoffset = 0.00002
cam0 intrinsics = 466.983,465.971,365.120,250.792 | -0.280,0.071,0.001,-0.000
cam1 intrinsics = 465.711,464.716,377.974,257.324 | -0.279,0.071,0.001,0.000
cam0 extrinsics = -0.008,0.006,0.702,0.712 | 0.069,-0.047,0.015
cam1 extrinsics = -0.003,0.011,0.703,0.711 | -0.047,-0.046,0.016
q_GtoI = -0.755,-0.307,-0.519,0.258 | p_IinG = 2.267,8.464,1.345 | dist = 81.75 (meters)
bg = -0.0044,0.0222,0.0772 | ba = -0.0119,0.2266,0.1593
camera-imu timeoffset = 0.00002
cam0 intrinsics = 466.971,465.957,365.120,250.800 | -0.280,0.071,0.001,-0.000
cam1 intrinsics = 465.700,464.702,377.975,257.331 | -0.279,0.071,0.001,0.000
cam0 extrinsics = -0.008,0.006,0.702,0.712 | 0.069,-0.047,0.015
cam1 extrinsics = -0.003,0.011,0.703,0.711 | -0.047,-0.046,0.016
q_GtoI = -0.758,-0.299,-0.524,0.249 | p_IinG = 2.266,8.382,1.333 | dist = 81.83 (meters)
bg = -0.0048,0.0224,0.0775 | ba = -0.0118,0.2237,0.1605
camera-imu timeoffset = 0.00002
cam0 intrinsics = 466.969,465.948,365.096,250.775 | -0.280,0.071,0.001,0.000
cam1 intrinsics = 465.697,464.693,377.946,257.307 | -0.279,0.071,0.001,0.000
cam0 extrinsics = -0.008,0.006,0.702,0.712 | 0.070,-0.047,0.015
cam1 extrinsics = -0.003,0.011,0.703,0.711 | -0.047,-0.045,0.016
q_GtoI = -0.762,-0.290,-0.527,0.242 | p_IinG = 2.266,8.299,1.325 | dist = 81.91 (meters)
bg = -0.0052,0.0226,0.0776 | ba = -0.0121,0.2211,0.1608
camera-imu timeoffset = 0.00002
cam0 intrinsics = 466.960,465.934,365.085,250.764 | -0.280,0.071,0.001,0.000
cam1 intrinsics = 465.687,464.679,377.935,257.295 | -0.279,0.071,0.001,0.000
cam0 extrinsics = -0.008,0.006,0.702,0.712 | 0.070,-0.046,0.015
cam1 extrinsics = -0.003,0.011,0.703,0.711 | -0.047,-0.045,0.016
q_GtoI = -0.765,-0.280,-0.530,0.235 | p_IinG = 2.270,8.215,1.322 | dist = 82.00 (meters)
bg = -0.0058,0.0229,0.0779 | ba = -0.0122,0.2183,0.1608
camera-imu timeoffset = 0.00001
cam0 intrinsics = 466.943,465.910,365.084,250.759 | -0.280,0.071,0.001,0.000
cam1 intrinsics = 465.671,464.656,377.937,257.293 | -0.279,0.071,0.001,0.000
cam0 extrinsics = -0.008,0.006,0.702,0.712 | 0.070,-0.046,0.014
cam1 extrinsics = -0.003,0.011,0.703,0.711 | -0.047,-0.045,0.015
q_GtoI = -0.769,-0.270,-0.532,0.230 | p_IinG = 2.273,8.128,1.328 | dist = 82.08 (meters)
bg = -0.0062,0.0234,0.0782 | ba = -0.0168,0.2154,0.1633
camera-imu timeoffset = 0.00001
cam0 intrinsics = 466.928,465.892,365.081,250.763 | -0.280,0.071,0.001,0.000
cam1 intrinsics = 465.657,464.639,377.932,257.297 | -0.279,0.071,0.001,0.000
cam0 extrinsics = -0.008,0.006,0.702,0.712 | 0.070,-0.046,0.014
cam1 extrinsics = -0.003,0.011,0.703,0.711 | -0.047,-0.045,0.015
q_GtoI = -0.773,-0.261,-0.534,0.221 | p_IinG = 2.275,8.042,1.327 | dist = 82.16 (meters)
bg = -0.0066,0.0236,0.0784 | ba = -0.0172,0.2134,0.1637
camera-imu timeoffset = 0.00001
cam0 intrinsics = 466.924,465.885,365.075,250.759 | -0.280,0.071,0.001,0.000
cam1 intrinsics = 465.653,464.633,377.925,257.293 | -0.279,0.071,0.001,0.000
cam0 extrinsics = -0.008,0.006,0.702,0.712 | 0.070,-0.046,0.014
cam1 extrinsics = -0.003,0.011,0.703,0.711 | -0.047,-0.045,0.015
q_GtoI = -0.777,-0.250,-0.536,0.217 | p_IinG = 2.282,7.954,1.308 | dist = 82.25 (meters)
bg = -0.0074,0.0234,0.0781 | ba = -0.0101,0.2076,0.1571
camera-imu timeoffset = 0.00002
cam0 intrinsics = 466.925,465.875,365.089,250.758 | -0.280,0.071,0.001,0.000
cam1 intrinsics = 465.654,464.622,377.932,257.294 | -0.279,0.071,0.001,0.000
cam0 extrinsics = -0.008,0.006,0.702,0.712 | 0.070,-0.046,0.014
cam1 extrinsics = -0.003,0.011,0.703,0.711 | -0.047,-0.045,0.015
q_GtoI = -0.780,-0.240,-0.538,0.209 | p_IinG = 2.283,7.867,1.306 | dist = 82.34 (meters)
bg = -0.0077,0.0233,0.0784 | ba = -0.0089,0.2056,0.1568
camera-imu timeoffset = 0.00002
cam0 intrinsics = 466.912,465.859,365.086,250.747 | -0.280,0.071,0.001,0.000
cam1 intrinsics = 465.641,464.606,377.930,257.285 | -0.279,0.071,0.001,0.000
cam0 extrinsics = -0.008,0.006,0.702,0.712 | 0.070,-0.046,0.014
cam1 extrinsics = -0.003,0.011,0.703,0.711 | -0.046,-0.045,0.015
q_GtoI = -0.784,-0.232,-0.540,0.199 | p_IinG = 2.287,7.778,1.310 | dist = 82.42 (meters)
bg = -0.0080,0.0233,0.0785 | ba = -0.0099,0.2033,0.1579
camera-imu timeoffset = 0.00002
cam0 intrinsics = 466.908,465.845,365.064,250.729 | -0.280,0.071,0.001,0.000
cam1 intrinsics = 465.639,464.594,377.909,257.267 | -0.279,0.071,0.001,0.000
cam0 extrinsics = -0.008,0.006,0.702,0.712 | 0.070,-0.046,0.014
cam1 extrinsics = -0.003,0.011,0.703,0.711 | -0.046,-0.045,0.015
q_GtoI = -0.787,-0.221,-0.544,0.192 | p_IinG = 2.290,7.690,1.313 | dist = 82.51 (meters)
bg = -0.0082,0.0233,0.0786 | ba = -0.0084,0.2022,0.1584
camera-imu timeoffset = 0.00001
cam0 intrinsics = 466.895,465.832,365.064,250.728 | -0.280,0.071,0.001,0.000
cam1 intrinsics = 465.627,464.582,377.907,257.270 | -0.279,0.071,0.001,0.000
cam0 extrinsics = -0.008,0.006,0.702,0.712 | 0.070,-0.046,0.014
cam1 extrinsics = -0.003,0.011,0.703,0.711 | -0.046,-0.045,0.015
q_GtoI = -0.790,-0.210,-0.546,0.184 | p_IinG = 2.290,7.601,1.317 | dist = 82.60 (meters)
bg = -0.0084,0.0233,0.0788 | ba = -0.0064,0.2024,0.1596
camera-imu timeoffset = 0.00001
cam0 intrinsics = 466.884,465.820,365.064,250.728 | -0.280,0.071,0.001,0.000
cam1 intrinsics = 465.616,464.570,377.905,257.271 | -0.279,0.071,0.001,0.000
cam0 extrinsics = -0.008,0.006,0.702,0.712 | 0.070,-0.046,0.014
cam1 extrinsics = -0.003,0.011,0.703,0.711 | -0.046,-0.045,0.015
q_GtoI = -0.794,-0.197,-0.547,0.177 | p_IinG = 2.288,7.512,1.319 | dist = 82.69 (meters)
bg = -0.0084,0.0231,0.0788 | ba = -0.0041,0.2027,0.1607
camera-imu timeoffset = 0.00002
cam0 intrinsics = 466.879,465.816,365.061,250.724 | -0.280,0.071,0.001,0.000
cam1 intrinsics = 465.611,464.566,377.900,257.269 | -0.279,0.071,0.001,0.000
cam0 extrinsics = -0.008,0.006,0.702,0.712 | 0.070,-0.047,0.014
cam1 extrinsics = -0.003,0.011,0.703,0.711 | -0.046,-0.046,0.015
q_GtoI = -0.797,-0.186,-0.550,0.169 | p_IinG = 2.287,7.422,1.323 | dist = 82.78 (meters)
bg = -0.0084,0.0229,0.0788 | ba = -0.0018,0.2036,0.1617
camera-imu timeoffset = 0.00002
cam0 intrinsics = 466.874,465.812,365.063,250.721 | -0.280,0.071,0.001,0.000
cam1 intrinsics = 465.606,464.561,377.899,257.266 | -0.279,0.071,0.001,0.000
cam0 extrinsics = -0.008,0.006,0.702,0.712 | 0.070,-0.047,0.013
cam1 extrinsics = -0.003,0.011,0.703,0.711 | -0.047,-0.046,0.014
q_GtoI = -0.801,-0.174,-0.551,0.159 | p_IinG = 2.285,7.332,1.327 | dist = 82.87 (meters)
bg = -0.0083,0.0227,0.0788 | ba = 0.0008,0.2049,0.1630
camera-imu timeoffset = 0.00002
cam0 intrinsics = 466.872,465.811,365.063,250.709 | -0.280,0.071,0.001,0.000
cam1 intrinsics = 465.603,464.560,377.896,257.256 | -0.279,0.071,0.001,0.000
cam0 extrinsics = -0.008,0.006,0.702,0.712 | 0.070,-0.047,0.013
cam1 extrinsics = -0.003,0.011,0.703,0.711 | -0.047,-0.046,0.014
q_GtoI = -0.803,-0.160,-0.554,0.150 | p_IinG = 2.269,7.262,1.322 | dist = 82.96 (meters)
bg = -0.0077,0.0221,0.0782 | ba = 0.0138,0.2141,0.1656
camera-imu timeoffset = 0.00001
cam0 intrinsics = 466.934,465.853,365.005,250.762 | -0.280,0.071,0.001,0.000
cam1 intrinsics = 465.665,464.605,377.842,257.302 | -0.279,0.071,0.001,0.000
cam0 extrinsics = -0.008,0.006,0.702,0.712 | 0.070,-0.047,0.013
cam1 extrinsics = -0.003,0.011,0.703,0.711 | -0.047,-0.046,0.014
q_GtoI = -0.806,-0.147,-0.555,0.142 | p_IinG = 2.269,7.171,1.329 | dist = 83.05 (meters)
bg = -0.0079,0.0220,0.0781 | ba = 0.0129,0.2122,0.1652
camera-imu timeoffset = 0.00002
cam0 intrinsics = 466.939,465.857,364.990,250.763 | -0.280,0.071,0.001,0.000
cam1 intrinsics = 465.668,464.609,377.825,257.305 | -0.279,0.071,0.001,0.000
cam0 extrinsics = -0.008,0.006,0.702,0.712 | 0.070,-0.047,0.013
cam1 extrinsics = -0.003,0.011,0.703,0.711 | -0.047,-0.046,0.014
q_GtoI = -0.810,-0.132,-0.555,0.135 | p_IinG = 2.270,7.080,1.336 | dist = 83.14 (meters)
bg = -0.0080,0.0220,0.0780 | ba = 0.0105,0.2103,0.1651
camera-imu timeoffset = 0.00001
cam0 intrinsics = 466.949,465.863,364.967,250.800 | -0.280,0.071,0.001,0.000
cam1 intrinsics = 465.678,464.615,377.800,257.341 | -0.279,0.071,0.000,0.000
cam0 extrinsics = -0.008,0.006,0.702,0.712 | 0.070,-0.048,0.013
cam1 extrinsics = -0.003,0.011,0.703,0.711 | -0.047,-0.047,0.014
q_GtoI = -0.814,-0.118,-0.553,0.128 | p_IinG = 2.271,6.989,1.343 | dist = 83.23 (meters)
bg = -0.0080,0.0218,0.0779 | ba = 0.0092,0.2095,0.1640
camera-imu timeoffset = 0.00001
cam0 intrinsics = 466.953,465.864,364.967,250.801 | -0.280,0.071,0.001,0.000
cam1 intrinsics = 465.682,464.616,377.800,257.344 | -0.279,0.071,0.000,0.000
cam0 extrinsics = -0.008,0.006,0.702,0.712 | 0.070,-0.048,0.013
cam1 extrinsics = -0.003,0.011,0.703,0.711 | -0.047,-0.047,0.014
q_GtoI = -0.820,-0.103,-0.550,0.122 | p_IinG = 2.273,6.901,1.353 | dist = 83.32 (meters)
bg = -0.0078,0.0220,0.0775 | ba = 0.0066,0.2109,0.1629
camera-imu timeoffset = 0.00001
cam0 intrinsics = 466.963,465.869,364.967,250.808 | -0.280,0.071,0.001,0.000
cam1 intrinsics = 465.693,464.620,377.798,257.353 | -0.279,0.071,0.000,0.000
cam0 extrinsics = -0.008,0.006,0.702,0.712 | 0.070,-0.048,0.013
cam1 extrinsics = -0.003,0.011,0.703,0.711 | -0.047,-0.047,0.014
q_GtoI = -0.825,-0.088,-0.546,0.116 | p_IinG = 2.273,6.811,1.358 | dist = 83.42 (meters)
bg = -0.0077,0.0219,0.0774 | ba = 0.0059,0.2113,0.1643
camera-imu timeoffset = 0.00001
cam0 intrinsics = 466.969,465.866,364.967,250.804 | -0.280,0.071,0.001,0.000
cam1 intrinsics = 465.700,464.618,377.795,257.349 | -0.279,0.071,0.000,0.000
cam0 extrinsics = -0.008,0.006,0.702,0.712 | 0.070,-0.048,0.013
cam1 extrinsics = -0.003,0.011,0.703,0.711 | -0.047,-0.047,0.014
q_GtoI = -0.830,-0.073,-0.542,0.111 | p_IinG = 2.277,6.720,1.360 | dist = 83.51 (meters)
bg = -0.0078,0.0217,0.0774 | ba = 0.0046,0.2103,0.1643
camera-imu timeoffset = 0.00001
cam0 intrinsics = 466.971,465.854,364.961,250.810 | -0.280,0.071,0.001,0.000
cam1 intrinsics = 465.703,464.606,377.788,257.352 | -0.279,0.071,0.000,0.000
cam0 extrinsics = -0.008,0.006,0.702,0.712 | 0.070,-0.048,0.013
cam1 extrinsics = -0.003,0.011,0.703,0.711 | -0.047,-0.047,0.015
q_GtoI = -0.834,-0.057,-0.539,0.106 | p_IinG = 2.286,6.625,1.360 | dist = 83.60 (meters)
bg = -0.0079,0.0216,0.0777 | ba = 0.0006,0.2074,0.1613
camera-imu timeoffset = 0.00001
cam0 intrinsics = 466.991,465.840,364.952,250.799 | -0.280,0.071,0.001,0.000
cam1 intrinsics = 465.723,464.593,377.779,257.342 | -0.279,0.071,0.000,0.000
cam0 extrinsics = -0.008,0.006,0.702,0.712 | 0.070,-0.048,0.014
cam1 extrinsics = -0.003,0.011,0.703,0.711 | -0.046,-0.047,0.015
q_GtoI = -0.837,-0.042,-0.536,0.102 | p_IinG = 2.293,6.531,1.357 | dist = 83.70 (meters)
bg = -0.0081,0.0216,0.0779 | ba = 0.0000,0.2056,0.1598
camera-imu timeoffset = 0.00001
cam0 intrinsics = 466.995,465.840,364.932,250.784 | -0.280,0.071,0.001,0.000
cam1 intrinsics = 465.726,464.593,377.760,257.328 | -0.279,0.071,0.000,0.000
cam0 extrinsics = -0.008,0.006,0.702,0.712 | 0.070,-0.047,0.014
cam1 extrinsics = -0.003,0.011,0.703,0.711 | -0.046,-0.046,0.015
q_GtoI = -0.839,-0.026,-0.535,0.097 | p_IinG = 2.301,6.433,1.352 | dist = 83.79 (meters)
bg = -0.0081,0.0215,0.0778 | ba = -0.0007,0.2032,0.1570
camera-imu timeoffset = 0.00001
cam0 intrinsics = 466.996,465.837,364.921,250.780 | -0.280,0.071,0.001,0.000
cam1 intrinsics = 465.726,464.589,377.749,257.324 | -0.279,0.071,0.000,0.000
cam0 extrinsics = -0.008,0.006,0.702,0.712 | 0.071,-0.047,0.014
cam1 extrinsics = -0.003,0.011,0.703,0.711 | -0.046,-0.046,0.015
q_GtoI = -0.840,-0.014,-0.536,0.090 | p_IinG = 2.312,6.334,1.348 | dist = 83.89 (meters)
bg = -0.0082,0.0214,0.0778 | ba = -0.0017,0.2021,0.1551
camera-imu timeoffset = 0.00001
cam0 intrinsics = 467.004,465.835,364.905,250.801 | -0.280,0.071,0.001,0.000
cam1 intrinsics = 465.734,464.587,377.733,257.346 | -0.279,0.071,0.000,0.000
cam0 extrinsics = -0.008,0.006,0.702,0.712 | 0.071,-0.047,0.014
cam1 extrinsics = -0.003,0.011,0.703,0.711 | -0.046,-0.046,0.015
q_GtoI = -0.837,-0.006,-0.541,0.080 | p_IinG = 2.321,6.237,1.350 | dist = 83.99 (meters)
bg = -0.0082,0.0215,0.0780 | ba = -0.0064,0.2029,0.1581
camera-imu timeoffset = 0.00001
cam0 intrinsics = 467.030,465.836,364.882,250.795 | -0.280,0.071,0.001,0.000
cam1 intrinsics = 465.759,464.588,377.712,257.342 | -0.279,0.071,0.000,0.000
cam0 extrinsics = -0.008,0.006,0.702,0.712 | 0.071,-0.047,0.014
cam1 extrinsics = -0.002,0.011,0.703,0.711 | -0.046,-0.046,0.015
q_GtoI = -0.833,-0.002,-0.549,0.067 | p_IinG = 2.332,6.135,1.345 | dist = 84.09 (meters)
bg = -0.0080,0.0214,0.0782 | ba = -0.0049,0.2015,0.1582
camera-imu timeoffset = 0.00001
cam0 intrinsics = 467.033,465.835,364.888,250.780 | -0.280,0.071,0.001,0.000
cam1 intrinsics = 465.761,464.587,377.719,257.328 | -0.279,0.071,0.000,0.000
cam0 extrinsics = -0.008,0.006,0.702,0.712 | 0.071,-0.047,0.015
cam1 extrinsics = -0.002,0.011,0.703,0.711 | -0.046,-0.046,0.016
q_GtoI = -0.829,0.000,-0.557,0.057 | p_IinG = 2.344,6.032,1.342 | dist = 84.19 (meters)
bg = -0.0080,0.0215,0.0785 | ba = -0.0041,0.1988,0.1584
camera-imu timeoffset = 0.00001
cam0 intrinsics = 467.028,465.836,364.893,250.779 | -0.280,0.071,0.001,0.000
cam1 intrinsics = 465.758,464.589,377.724,257.327 | -0.279,0.071,0.000,0.000
cam0 extrinsics = -0.008,0.006,0.702,0.712 | 0.071,-0.048,0.015
cam1 extrinsics = -0.002,0.011,0.703,0.711 | -0.046,-0.047,0.016
q_GtoI = -0.825,0.001,-0.563,0.047 | p_IinG = 2.358,5.927,1.345 | dist = 84.29 (meters)
bg = -0.0079,0.0222,0.0780 | ba = -0.0084,0.1997,0.1549
camera-imu timeoffset = 0.00001
cam0 intrinsics = 467.008,465.832,364.914,250.743 | -0.280,0.071,0.001,-0.000
cam1 intrinsics = 465.737,464.584,377.744,257.291 | -0.279,0.071,0.000,0.000
cam0 extrinsics = -0.008,0.006,0.702,0.712 | 0.071,-0.048,0.015
cam1 extrinsics = -0.002,0.011,0.703,0.711 | -0.046,-0.047,0.016
q_GtoI = -0.822,0.001,-0.568,0.038 | p_IinG = 2.372,5.822,1.345 | dist = 84.40 (meters)
bg = -0.0079,0.0222,0.0782 | ba = -0.0078,0.1974,0.1532
camera-imu timeoffset = 0.00001
cam0 intrinsics = 467.003,465.844,364.916,250.740 | -0.280,0.071,0.001,-0.000
cam1 intrinsics = 465.732,464.597,377.746,257.286 | -0.279,0.071,0.000,0.000
cam0 extrinsics = -0.008,0.006,0.702,0.712 | 0.071,-0.048,0.015
cam1 extrinsics = -0.002,0.011,0.703,0.711 | -0.046,-0.047,0.016
q_GtoI = -0.820,0.001,-0.571,0.031 | p_IinG = 2.388,5.718,1.345 | dist = 84.50 (meters)
bg = -0.0079,0.0222,0.0783 | ba = -0.0075,0.1947,0.1511
camera-imu timeoffset = 0.00001
cam0 intrinsics = 466.999,465.864,364.906,250.761 | -0.280,0.071,0.001,-0.000
cam1 intrinsics = 465.728,464.617,377.737,257.309 | -0.279,0.071,0.000,0.000
cam0 extrinsics = -0.008,0.006,0.702,0.712 | 0.071,-0.049,0.015
cam1 extrinsics = -0.002,0.011,0.703,0.711 | -0.046,-0.048,0.016
q_GtoI = -0.819,0.001,-0.573,0.028 | p_IinG = 2.411,5.608,1.343 | dist = 84.60 (meters)
bg = -0.0086,0.0219,0.0785 | ba = -0.0057,0.1913,0.1428
camera-imu timeoffset = 0.00001
cam0 intrinsics = 467.019,465.899,364.919,250.774 | -0.280,0.071,0.001,-0.000
cam1 intrinsics = 465.746,464.651,377.749,257.322 | -0.279,0.071,0.000,0.000
cam0 extrinsics = -0.008,0.006,0.702,0.712 | 0.071,-0.050,0.016
cam1 extrinsics = -0.002,0.011,0.703,0.711 | -0.046,-0.049,0.017
q_GtoI = -0.819,-0.001,-0.573,0.024 | p_IinG = 2.427,5.505,1.348 | dist = 84.71 (meters)
bg = -0.0085,0.0221,0.0786 | ba = -0.0054,0.1900,0.1425
camera-imu timeoffset = 0.00001
cam0 intrinsics = 467.018,465.904,364.922,250.775 | -0.280,0.071,0.001,-0.000
cam1 intrinsics = 465.746,464.657,377.753,257.323 | -0.279,0.071,0.000,0.000
cam0 extrinsics = -0.008,0.006,0.702,0.712 | 0.071,-0.050,0.015
cam1 extrinsics = -0.002,0.011,0.703,0.711 | -0.046,-0.049,0.017
q_GtoI = -0.820,0.000,-0.572,0.024 | p_IinG = 2.442,5.402,1.355 | dist = 84.81 (meters)
bg = -0.0083,0.0222,0.0786 | ba = -0.0056,0.1887,0.1434
camera-imu timeoffset = 0.00001
cam0 intrinsics = 467.015,465.905,364.928,250.774 | -0.280,0.071,0.001,-0.000
cam1 intrinsics = 465.743,464.658,377.757,257.321 | -0.279,0.071,0.000,0.000
cam0 extrinsics = -0.008,0.006,0.702,0.712 | 0.071,-0.050,0.015
cam1 extrinsics = -0.002,0.011,0.703,0.711 | -0.046,-0.049,0.016
q_GtoI = -0.822,-0.001,-0.569,0.022 | p_IinG = 2.457,5.296,1.358 | dist = 84.91 (meters)
bg = -0.0083,0.0219,0.0783 | ba = -0.0026,0.1859,0.1448
camera-imu timeoffset = 0.00001
cam0 intrinsics = 467.003,465.896,364.941,250.761 | -0.280,0.071,0.001,-0.000
cam1 intrinsics = 465.734,464.651,377.771,257.309 | -0.279,0.071,0.000,0.000
cam0 extrinsics = -0.008,0.006,0.702,0.712 | 0.071,-0.050,0.015
cam1 extrinsics = -0.002,0.011,0.703,0.711 | -0.046,-0.049,0.016
q_GtoI = -0.825,-0.002,-0.564,0.021 | p_IinG = 2.472,5.192,1.363 | dist = 85.02 (meters)
bg = -0.0083,0.0216,0.0782 | ba = -0.0006,0.1838,0.1452
camera-imu timeoffset = 0.00001
cam0 intrinsics = 466.999,465.892,364.939,250.761 | -0.280,0.071,0.001,-0.000
cam1 intrinsics = 465.731,464.648,377.771,257.309 | -0.279,0.071,0.000,0.000
cam0 extrinsics = -0.008,0.006,0.702,0.712 | 0.071,-0.051,0.015
cam1 extrinsics = -0.002,0.011,0.703,0.711 | -0.046,-0.050,0.016
q_GtoI = -0.828,-0.003,-0.560,0.022 | p_IinG = 2.488,5.091,1.372 | dist = 85.12 (meters)
bg = -0.0083,0.0214,0.0781 | ba = 0.0009,0.1836,0.1455
camera-imu timeoffset = 0.00001
cam0 intrinsics = 466.990,465.882,364.943,250.751 | -0.280,0.071,0.001,-0.000
cam1 intrinsics = 465.722,464.639,377.775,257.300 | -0.279,0.071,0.000,-0.000
cam0 extrinsics = -0.008,0.006,0.702,0.712 | 0.071,-0.051,0.015
cam1 extrinsics = -0.002,0.011,0.703,0.711 | -0.046,-0.050,0.016
q_GtoI = -0.832,-0.005,-0.555,0.022 | p_IinG = 2.505,4.988,1.382 | dist = 85.22 (meters)
bg = -0.0082,0.0212,0.0783 | ba = 0.0009,0.1838,0.1451
camera-imu timeoffset = 0.00001
cam0 intrinsics = 466.970,465.871,364.950,250.738 | -0.280,0.071,0.001,-0.000
cam1 intrinsics = 465.703,464.628,377.782,257.287 | -0.279,0.071,0.000,-0.000
cam0 extrinsics = -0.008,0.006,0.702,0.712 | 0.071,-0.051,0.015
cam1 extrinsics = -0.002,0.011,0.703,0.711 | -0.046,-0.050,0.016
q_GtoI = -0.834,-0.007,-0.551,0.022 | p_IinG = 2.522,4.888,1.392 | dist = 85.32 (meters)
bg = -0.0079,0.0211,0.0783 | ba = 0.0026,0.1846,0.1453
camera-imu timeoffset = 0.00001
cam0 intrinsics = 466.959,465.862,364.958,250.724 | -0.280,0.071,0.001,-0.000
cam1 intrinsics = 465.692,464.619,377.791,257.274 | -0.279,0.071,0.000,-0.000
cam0 extrinsics = -0.008,0.006,0.702,0.712 | 0.071,-0.051,0.014
cam1 extrinsics = -0.002,0.011,0.703,0.711 | -0.046,-0.050,0.016
q_GtoI = -0.837,-0.008,-0.547,0.023 | p_IinG = 2.539,4.787,1.399 | dist = 85.42 (meters)
bg = -0.0077,0.0209,0.0782 | ba = 0.0023,0.1831,0.1461
camera-imu timeoffset = 0.00001
cam0 intrinsics = 466.959,465.865,364.972,250.709 | -0.280,0.071,0.001,-0.000
cam1 intrinsics = 465.692,464.623,377.806,257.261 | -0.279,0.071,0.000,-0.000
cam0 extrinsics = -0.008,0.006,0.702,0.712 | 0.071,-0.051,0.015
cam1 extrinsics = -0.002,0.011,0.703,0.711 | -0.046,-0.050,0.016
q_GtoI = -0.839,-0.010,-0.544,0.024 | p_IinG = 2.559,4.687,1.404 | dist = 85.52 (meters)
bg = -0.0076,0.0208,0.0783 | ba = 0.0034,0.1829,0.1462
camera-imu timeoffset = 0.00001
cam0 intrinsics = 466.949,465.862,364.983,250.694 | -0.280,0.071,0.001,-0.000
cam1 intrinsics = 465.683,464.620,377.817,257.247 | -0.279,0.071,0.000,-0.000
cam0 extrinsics = -0.008,0.006,0.702,0.712 | 0.071,-0.051,0.014
cam1 extrinsics = -0.003,0.011,0.703,0.711 | -0.046,-0.051,0.016
q_GtoI = -0.840,-0.013,-0.542,0.025 | p_IinG = 2.580,4.586,1.409 | dist = 85.62 (meters)
bg = -0.0076,0.0208,0.0783 | ba = 0.0032,0.1818,0.1475
camera-imu timeoffset = 0.00001
cam0 intrinsics = 466.936,465.856,364.990,250.677 | -0.280,0.071,0.001,-0.000
cam1 intrinsics = 465.671,464.614,377.827,257.232 | -0.279,0.071,0.000,-0.000
cam0 extrinsics = -0.008,0.006,0.702,0.712 | 0.071,-0.052,0.014
cam1 extrinsics = -0.003,0.011,0.703,0.711 | -0.046,-0.051,0.016
q_GtoI = -0.840,-0.015,-0.542,0.026 | p_IinG = 2.603,4.486,1.410 | dist = 85.72 (meters)
bg = -0.0076,0.0207,0.0782 | ba = 0.0041,0.1801,0.1490
camera-imu timeoffset = 0.00001
cam0 intrinsics = 466.922,465.849,364.993,250.663 | -0.280,0.071,0.001,-0.000
cam1 intrinsics = 465.657,464.607,377.830,257.219 | -0.279,0.071,0.000,-0.000
cam0 extrinsics = -0.008,0.006,0.702,0.712 | 0.071,-0.052,0.014
cam1 extrinsics = -0.002,0.011,0.703,0.711 | -0.046,-0.051,0.016
q_GtoI = -0.838,-0.017,-0.545,0.027 | p_IinG = 2.627,4.386,1.412 | dist = 85.81 (meters)
bg = -0.0076,0.0207,0.0780 | ba = 0.0044,0.1791,0.1502
camera-imu timeoffset = 0.00001
cam0 intrinsics = 466.907,465.841,364.994,250.651 | -0.280,0.071,0.001,-0.000
cam1 intrinsics = 465.643,464.600,377.832,257.209 | -0.279,0.071,0.000,-0.000
cam0 extrinsics = -0.008,0.006,0.702,0.712 | 0.071,-0.052,0.014
cam1 extrinsics = -0.002,0.011,0.703,0.711 | -0.046,-0.051,0.016
q_GtoI = -0.835,-0.019,-0.550,0.028 | p_IinG = 2.654,4.283,1.412 | dist = 85.91 (meters)
bg = -0.0076,0.0209,0.0779 | ba = 0.0051,0.1800,0.1497
camera-imu timeoffset = 0.00001
cam0 intrinsics = 466.879,465.817,365.002,250.649 | -0.280,0.071,0.001,-0.000
cam1 intrinsics = 465.618,464.579,377.841,257.208 | -0.279,0.071,0.000,-0.000
cam0 extrinsics = -0.008,0.006,0.702,0.712 | 0.071,-0.052,0.014
cam1 extrinsics = -0.002,0.011,0.703,0.711 | -0.046,-0.051,0.016
q_GtoI = -0.831,-0.021,-0.555,0.028 | p_IinG = 2.681,4.184,1.411 | dist = 86.01 (meters)
bg = -0.0076,0.0209,0.0778 | ba = 0.0054,0.1793,0.1502
camera-imu timeoffset = 0.00001
cam0 intrinsics = 466.862,465.804,365.003,250.644 | -0.280,0.071,0.001,-0.000
cam1 intrinsics = 465.602,464.567,377.842,257.205 | -0.279,0.071,0.000,-0.000
cam0 extrinsics = -0.008,0.006,0.702,0.712 | 0.071,-0.052,0.014
cam1 extrinsics = -0.002,0.011,0.703,0.711 | -0.046,-0.051,0.015
q_GtoI = -0.828,-0.023,-0.559,0.030 | p_IinG = 2.708,4.085,1.407 | dist = 86.11 (meters)
bg = -0.0077,0.0209,0.0776 | ba = 0.0053,0.1778,0.1498
camera-imu timeoffset = 0.00001
cam0 intrinsics = 466.848,465.792,365.004,250.643 | -0.280,0.071,0.001,-0.000
cam1 intrinsics = 465.588,464.556,377.843,257.206 | -0.279,0.071,0.000,-0.000
cam0 extrinsics = -0.008,0.006,0.702,0.712 | 0.071,-0.052,0.014
cam1 extrinsics = -0.002,0.011,0.703,0.711 | -0.046,-0.051,0.015
q_GtoI = -0.825,-0.024,-0.564,0.031 | p_IinG = 2.736,3.986,1.403 | dist = 86.21 (meters)
bg = -0.0077,0.0210,0.0775 | ba = 0.0045,0.1762,0.1496
camera-imu timeoffset = 0.00001
cam0 intrinsics = 466.838,465.783,365.005,250.641 | -0.280,0.071,0.001,-0.000
cam1 intrinsics = 465.579,464.548,377.846,257.205 | -0.279,0.071,0.000,-0.000
cam0 extrinsics = -0.008,0.006,0.702,0.712 | 0.071,-0.052,0.014
cam1 extrinsics = -0.002,0.011,0.703,0.711 | -0.046,-0.051,0.015
q_GtoI = -0.822,-0.026,-0.569,0.032 | p_IinG = 2.763,3.887,1.398 | dist = 86.30 (meters)
bg = -0.0077,0.0210,0.0775 | ba = 0.0038,0.1748,0.1483
camera-imu timeoffset = 0.00001
cam0 intrinsics = 466.831,465.780,365.005,250.642 | -0.280,0.071,0.001,-0.000
cam1 intrinsics = 465.572,464.544,377.846,257.207 | -0.279,0.071,0.000,-0.000
cam0 extrinsics = -0.008,0.006,0.702,0.712 | 0.071,-0.052,0.014
cam1 extrinsics = -0.002,0.011,0.703,0.711 | -0.046,-0.051,0.015
q_GtoI = -0.819,-0.027,-0.572,0.034 | p_IinG = 2.790,3.787,1.389 | dist = 86.40 (meters)
bg = -0.0079,0.0211,0.0774 | ba = 0.0048,0.1716,0.1482
camera-imu timeoffset = 0.00001
cam0 intrinsics = 466.835,465.789,364.997,250.651 | -0.280,0.071,0.001,-0.000
cam1 intrinsics = 465.576,464.554,377.838,257.218 | -0.279,0.071,0.000,-0.000
cam0 extrinsics = -0.008,0.006,0.702,0.712 | 0.071,-0.052,0.014
cam1 extrinsics = -0.002,0.011,0.703,0.711 | -0.046,-0.051,0.015
q_GtoI = -0.817,-0.029,-0.574,0.035 | p_IinG = 2.818,3.689,1.381 | dist = 86.50 (meters)
bg = -0.0080,0.0212,0.0774 | ba = 0.0045,0.1702,0.1465
camera-imu timeoffset = 0.00001
cam0 intrinsics = 466.831,465.790,364.990,250.658 | -0.280,0.071,0.001,-0.000
cam1 intrinsics = 465.572,464.555,377.830,257.226 | -0.279,0.071,0.000,-0.000
cam0 extrinsics = -0.008,0.006,0.702,0.712 | 0.071,-0.052,0.014
cam1 extrinsics = -0.002,0.011,0.703,0.711 | -0.046,-0.051,0.015
q_GtoI = -0.816,-0.030,-0.576,0.035 | p_IinG = 2.843,3.595,1.372 | dist = 86.60 (meters)
bg = -0.0080,0.0212,0.0773 | ba = 0.0039,0.1703,0.1441
camera-imu timeoffset = 0.00001
cam0 intrinsics = 466.826,465.789,364.984,250.653 | -0.280,0.071,0.001,-0.000
cam1 intrinsics = 465.568,464.554,377.830,257.222 | -0.279,0.071,0.000,-0.000
cam0 extrinsics = -0.008,0.006,0.702,0.712 | 0.071,-0.052,0.014
cam1 extrinsics = -0.002,0.011,0.703,0.711 | -0.046,-0.051,0.015
q_GtoI = -0.815,-0.032,-0.578,0.036 | p_IinG = 2.871,3.487,1.360 | dist = 86.69 (meters)
bg = -0.0083,0.0213,0.0773 | ba = 0.0039,0.1699,0.1405
camera-imu timeoffset = 0.00001
cam0 intrinsics = 466.837,465.806,365.025,250.571 | -0.280,0.071,0.001,-0.000
cam1 intrinsics = 465.580,464.571,377.876,257.149 | -0.279,0.071,0.000,-0.000
cam0 extrinsics = -0.008,0.006,0.702,0.712 | 0.071,-0.052,0.014
cam1 extrinsics = -0.002,0.011,0.703,0.711 | -0.046,-0.051,0.015
q_GtoI = -0.814,-0.032,-0.578,0.037 | p_IinG = 2.898,3.393,1.348 | dist = 86.79 (meters)
bg = -0.0083,0.0211,0.0772 | ba = 0.0035,0.1711,0.1378
camera-imu timeoffset = 0.00001
cam0 intrinsics = 466.862,465.823,365.031,250.557 | -0.280,0.071,0.001,-0.000
cam1 intrinsics = 465.607,464.589,377.885,257.137 | -0.279,0.071,0.000,-0.000
cam0 extrinsics = -0.008,0.006,0.702,0.712 | 0.071,-0.052,0.014
cam1 extrinsics = -0.002,0.011,0.703,0.711 | -0.046,-0.051,0.016
q_GtoI = -0.814,-0.033,-0.579,0.038 | p_IinG = 2.924,3.298,1.335 | dist = 86.88 (meters)
bg = -0.0084,0.0212,0.0771 | ba = 0.0023,0.1713,0.1359
camera-imu timeoffset = 0.00001
cam0 intrinsics = 466.870,465.830,365.034,250.545 | -0.280,0.071,0.001,-0.000
cam1 intrinsics = 465.616,464.597,377.889,257.125 | -0.279,0.071,0.000,-0.000
cam0 extrinsics = -0.008,0.006,0.702,0.712 | 0.071,-0.052,0.014
cam1 extrinsics = -0.002,0.011,0.703,0.711 | -0.046,-0.051,0.016
q_GtoI = -0.814,-0.035,-0.578,0.038 | p_IinG = 2.949,3.205,1.322 | dist = 86.98 (meters)
bg = -0.0085,0.0213,0.0771 | ba = 0.0013,0.1716,0.1344
camera-imu timeoffset = 0.00001
cam0 intrinsics = 466.878,465.838,365.034,250.535 | -0.280,0.071,0.001,-0.000
cam1 intrinsics = 465.625,464.606,377.889,257.117 | -0.279,0.071,0.000,-0.000
cam0 extrinsics = -0.008,0.006,0.702,0.712 | 0.072,-0.052,0.014
cam1 extrinsics = -0.002,0.011,0.703,0.711 | -0.046,-0.051,0.016
q_GtoI = -0.814,-0.035,-0.578,0.038 | p_IinG = 2.974,3.110,1.307 | dist = 87.07 (meters)
bg = -0.0086,0.0214,0.0771 | ba = 0.0009,0.1723,0.1338
camera-imu timeoffset = 0.00001
cam0 intrinsics = 466.882,465.843,365.037,250.524 | -0.280,0.071,0.001,-0.000
cam1 intrinsics = 465.628,464.610,377.890,257.108 | -0.279,0.071,0.000,-0.000
cam0 extrinsics = -0.008,0.006,0.702,0.712 | 0.072,-0.052,0.015
cam1 extrinsics = -0.002,0.011,0.703,0.711 | -0.046,-0.051,0.016
q_GtoI = -0.815,-0.036,-0.576,0.038 | p_IinG = 2.999,3.016,1.290 | dist = 87.17 (meters)
bg = -0.0087,0.0214,0.0772 | ba = 0.0012,0.1731,0.1318
camera-imu timeoffset = 0.00001
cam0 intrinsics = 466.892,465.854,365.050,250.504 | -0.280,0.071,0.001,-0.000
cam1 intrinsics = 465.637,464.619,377.899,257.090 | -0.279,0.071,0.000,-0.000
cam0 extrinsics = -0.008,0.006,0.702,0.712 | 0.072,-0.052,0.015
cam1 extrinsics = -0.002,0.011,0.703,0.711 | -0.045,-0.051,0.016
q_GtoI = -0.816,-0.037,-0.575,0.037 | p_IinG = 3.022,2.925,1.275 | dist = 87.26 (meters)
bg = -0.0088,0.0213,0.0772 | ba = 0.0000,0.1745,0.1298
camera-imu timeoffset = 0.00001
cam0 intrinsics = 466.904,465.864,365.057,250.490 | -0.280,0.071,0.001,-0.000
cam1 intrinsics = 465.649,464.630,377.906,257.077 | -0.279,0.071,0.000,-0.000
cam0 extrinsics = -0.008,0.006,0.702,0.712 | 0.072,-0.052,0.015
cam1 extrinsics = -0.002,0.011,0.703,0.711 | -0.045,-0.051,0.016
q_GtoI = -0.817,-0.039,-0.574,0.035 | p_IinG = 3.045,2.836,1.258 | dist = 87.35 (meters)
bg = -0.0089,0.0213,0.0772 | ba = -0.0005,0.1758,0.1285
camera-imu timeoffset = 0.00001
cam0 intrinsics = 466.914,465.875,365.065,250.474 | -0.280,0.071,0.001,-0.000
cam1 intrinsics = 465.659,464.641,377.914,257.061 | -0.279,0.071,0.000,-0.000
cam0 extrinsics = -0.008,0.006,0.702,0.712 | 0.072,-0.052,0.015
cam1 extrinsics = -0.002,0.011,0.703,0.711 | -0.045,-0.051,0.016
q_GtoI = -0.818,-0.040,-0.573,0.033 | p_IinG = 3.065,2.745,1.243 | dist = 87.44 (meters)
bg = -0.0089,0.0213,0.0774 | ba = -0.0003,0.1770,0.1304
camera-imu timeoffset = 0.00001
cam0 intrinsics = 466.921,465.885,365.076,250.442 | -0.280,0.071,0.001,-0.000
cam1 intrinsics = 465.668,464.651,377.928,257.030 | -0.279,0.071,0.000,-0.000
cam0 extrinsics = -0.008,0.006,0.702,0.712 | 0.072,-0.052,0.015
cam1 extrinsics = -0.002,0.011,0.703,0.711 | -0.045,-0.051,0.016
q_GtoI = -0.818,-0.042,-0.573,0.031 | p_IinG = 3.088,2.657,1.227 | dist = 87.53 (meters)
bg = -0.0090,0.0213,0.0774 | ba = -0.0007,0.1778,0.1314
camera-imu timeoffset = 0.00001
cam0 intrinsics = 466.930,465.896,365.082,250.426 | -0.280,0.071,0.001,-0.000
cam1 intrinsics = 465.677,464.662,377.934,257.014 | -0.279,0.071,0.000,-0.000
cam0 extrinsics = -0.008,0.006,0.702,0.712 | 0.072,-0.052,0.015
cam1 extrinsics = -0.002,0.011,0.703,0.711 | -0.045,-0.051,0.017
q_GtoI = -0.817,-0.044,-0.574,0.028 | p_IinG = 3.111,2.570,1.213 | dist = 87.62 (meters)
bg = -0.0093,0.0214,0.0773 | ba = -0.0008,0.1782,0.1336
camera-imu timeoffset = 0.00001
cam0 intrinsics = 466.941,465.913,365.081,250.420 | -0.280,0.071,0.001,-0.000
cam1 intrinsics = 465.688,464.679,377.931,257.010 | -0.279,0.071,0.000,-0.000
cam0 extrinsics = -0.008,0.006,0.702,0.712 | 0.072,-0.052,0.015
cam1 extrinsics = -0.002,0.011,0.703,0.711 | -0.045,-0.051,0.017
q_GtoI = -0.817,-0.045,-0.574,0.028 | p_IinG = 3.132,2.484,1.202 | dist = 87.71 (meters)
bg = -0.0094,0.0214,0.0773 | ba = -0.0015,0.1788,0.1361
camera-imu timeoffset = 0.00001
cam0 intrinsics = 466.952,465.928,365.082,250.414 | -0.280,0.071,0.001,-0.000
cam1 intrinsics = 465.698,464.693,377.929,257.005 | -0.279,0.071,0.000,-0.000
cam0 extrinsics = -0.008,0.006,0.702,0.712 | 0.072,-0.052,0.016
cam1 extrinsics = -0.002,0.011,0.703,0.711 | -0.045,-0.051,0.017
q_GtoI = -0.817,-0.045,-0.574,0.027 | p_IinG = 3.150,2.402,1.194 | dist = 87.79 (meters)
bg = -0.0093,0.0214,0.0774 | ba = -0.0018,0.1791,0.1399
camera-imu timeoffset = 0.00001
cam0 intrinsics = 466.959,465.943,365.077,250.404 | -0.280,0.071,0.001,-0.000
cam1 intrinsics = 465.702,464.705,377.928,256.994 | -0.279,0.071,0.000,-0.000
cam0 extrinsics = -0.008,0.006,0.702,0.712 | 0.072,-0.052,0.016
cam1 extrinsics = -0.002,0.011,0.703,0.711 | -0.046,-0.051,0.017
q_GtoI = -0.816,-0.046,-0.576,0.026 | p_IinG = 3.168,2.320,1.188 | dist = 87.88 (meters)
bg = -0.0091,0.0215,0.0774 | ba = -0.0025,0.1796,0.1423
camera-imu timeoffset = 0.00001
cam0 intrinsics = 466.968,465.950,365.097,250.365 | -0.280,0.071,0.001,-0.000
cam1 intrinsics = 465.714,464.713,377.950,256.957 | -0.279,0.071,0.000,-0.000
cam0 extrinsics = -0.008,0.006,0.702,0.712 | 0.072,-0.052,0.016
cam1 extrinsics = -0.002,0.011,0.703,0.711 | -0.046,-0.051,0.017
q_GtoI = -0.815,-0.045,-0.577,0.028 | p_IinG = 3.186,2.239,1.181 | dist = 87.96 (meters)
bg = -0.0092,0.0215,0.0774 | ba = -0.0018,0.1799,0.1431
camera-imu timeoffset = 0.00001
cam0 intrinsics = 466.978,465.959,365.112,250.343 | -0.280,0.071,0.001,-0.000
cam1 intrinsics = 465.724,464.723,377.965,256.936 | -0.279,0.071,0.000,-0.000
cam0 extrinsics = -0.008,0.006,0.702,0.712 | 0.072,-0.052,0.016
cam1 extrinsics = -0.002,0.011,0.703,0.711 | -0.046,-0.051,0.017
q_GtoI = -0.815,-0.044,-0.577,0.030 | p_IinG = 3.204,2.160,1.177 | dist = 88.04 (meters)
bg = -0.0092,0.0214,0.0773 | ba = -0.0014,0.1807,0.1441
camera-imu timeoffset = 0.00001
cam0 intrinsics = 466.987,465.968,365.125,250.323 | -0.280,0.071,0.001,-0.000
cam1 intrinsics = 465.733,464.732,377.978,256.916 | -0.279,0.071,0.000,-0.000
cam0 extrinsics = -0.008,0.006,0.702,0.712 | 0.072,-0.052,0.016
cam1 extrinsics = -0.002,0.011,0.703,0.711 | -0.046,-0.051,0.017
q_GtoI = -0.815,-0.042,-0.577,0.032 | p_IinG = 3.222,2.084,1.172 | dist = 88.11 (meters)
bg = -0.0092,0.0213,0.0772 | ba = -0.0002,0.1817,0.1448
camera-imu timeoffset = 0.00001
cam0 intrinsics = 466.995,465.976,365.135,250.307 | -0.280,0.071,0.001,-0.000
cam1 intrinsics = 465.742,464.741,377.990,256.900 | -0.279,0.071,0.000,-0.000
cam0 extrinsics = -0.008,0.006,0.702,0.712 | 0.072,-0.052,0.016
cam1 extrinsics = -0.002,0.011,0.703,0.711 | -0.046,-0.051,0.017
q_GtoI = -0.815,-0.041,-0.577,0.033 | p_IinG = 3.238,2.007,1.167 | dist = 88.19 (meters)
bg = -0.0092,0.0213,0.0772 | ba = 0.0008,0.1819,0.1464
camera-imu timeoffset = 0.00001
cam0 intrinsics = 467.003,465.984,365.147,250.286 | -0.280,0.071,0.001,-0.000
cam1 intrinsics = 465.749,464.749,378.003,256.880 | -0.279,0.071,0.000,-0.000
cam0 extrinsics = -0.008,0.006,0.702,0.712 | 0.072,-0.052,0.016
cam1 extrinsics = -0.002,0.011,0.703,0.711 | -0.046,-0.051,0.018
q_GtoI = -0.815,-0.037,-0.577,0.033 | p_IinG = 3.253,1.931,1.161 | dist = 88.27 (meters)
bg = -0.0092,0.0213,0.0773 | ba = 0.0017,0.1819,0.1480
camera-imu timeoffset = 0.00001
cam0 intrinsics = 467.011,465.996,365.160,250.268 | -0.280,0.071,0.001,-0.000
cam1 intrinsics = 465.759,464.762,378.016,256.862 | -0.279,0.071,0.000,-0.000
cam0 extrinsics = -0.008,0.006,0.702,0.712 | 0.071,-0.052,0.016
cam1 extrinsics = -0.002,0.011,0.703,0.711 | -0.046,-0.051,0.018
q_GtoI = -0.815,-0.035,-0.577,0.032 | p_IinG = 3.268,1.856,1.152 | dist = 88.34 (meters)
bg = -0.0094,0.0213,0.0774 | ba = 0.0032,0.1822,0.1490
camera-imu timeoffset = 0.00002
cam0 intrinsics = 467.014,466.000,365.171,250.250 | -0.280,0.071,0.001,-0.000
cam1 intrinsics = 465.761,464.766,378.028,256.844 | -0.279,0.071,0.000,-0.000
cam0 extrinsics = -0.008,0.006,0.702,0.712 | 0.071,-0.052,0.016
cam1 extrinsics = -0.002,0.011,0.703,0.711 | -0.046,-0.051,0.018
q_GtoI = -0.815,-0.033,-0.577,0.031 | p_IinG = 3.280,1.779,1.143 | dist = 88.42 (meters)
bg = -0.0095,0.0213,0.0775 | ba = 0.0050,0.1822,0.1509
camera-imu timeoffset = 0.00002
cam0 intrinsics = 467.015,466.005,365.185,250.226 | -0.280,0.071,0.001,-0.000
cam1 intrinsics = 465.761,464.769,378.045,256.820 | -0.279,0.071,0.000,-0.000
cam0 extrinsics = -0.008,0.006,0.702,0.712 | 0.071,-0.052,0.017
cam1 extrinsics = -0.002,0.011,0.703,0.711 | -0.046,-0.051,0.018
q_GtoI = -0.815,-0.031,-0.577,0.031 | p_IinG = 3.292,1.705,1.132 | dist = 88.49 (meters)
bg = -0.0096,0.0213,0.0775 | ba = 0.0059,0.1817,0.1515
camera-imu timeoffset = 0.00002
cam0 intrinsics = 467.020,466.013,365.194,250.207 | -0.280,0.071,0.001,-0.000
cam1 intrinsics = 465.765,464.777,378.054,256.801 | -0.279,0.071,0.000,-0.000
cam0 extrinsics = -0.008,0.006,0.702,0.712 | 0.071,-0.052,0.017
cam1 extrinsics = -0.002,0.011,0.703,0.711 | -0.046,-0.051,0.018
q_GtoI = -0.815,-0.029,-0.577,0.030 | p_IinG = 3.301,1.632,1.120 | dist = 88.57 (meters)
bg = -0.0095,0.0213,0.0774 | ba = 0.0083,0.1816,0.1535
camera-imu timeoffset = 0.00002
cam0 intrinsics = 467.017,466.023,365.197,250.171 | -0.280,0.071,0.001,-0.000
cam1 intrinsics = 465.763,464.786,378.062,256.763 | -0.279,0.071,0.000,-0.000
cam0 extrinsics = -0.008,0.006,0.702,0.712 | 0.071,-0.052,0.017
cam1 extrinsics = -0.002,0.011,0.703,0.711 | -0.046,-0.051,0.018
q_GtoI = -0.815,-0.029,-0.578,0.028 | p_IinG = 3.313,1.559,1.109 | dist = 88.64 (meters)
bg = -0.0097,0.0214,0.0775 | ba = 0.0086,0.1818,0.1532
camera-imu timeoffset = 0.00002
cam0 intrinsics = 467.021,466.031,365.207,250.156 | -0.280,0.071,0.001,-0.000
cam1 intrinsics = 465.767,464.795,378.072,256.749 | -0.279,0.071,0.000,-0.000
cam0 extrinsics = -0.008,0.006,0.702,0.712 | 0.071,-0.052,0.017
cam1 extrinsics = -0.002,0.011,0.703,0.711 | -0.046,-0.051,0.018
q_GtoI = -0.816,-0.028,-0.577,0.027 | p_IinG = 3.321,1.491,1.099 | dist = 88.71 (meters)
bg = -0.0096,0.0214,0.0775 | ba = 0.0089,0.1827,0.1534
camera-imu timeoffset = 0.00002
cam0 intrinsics = 467.023,466.038,365.211,250.132 | -0.280,0.071,0.001,-0.000
cam1 intrinsics = 465.766,464.799,378.079,256.728 | -0.279,0.071,0.000,-0.000
cam0 extrinsics = -0.008,0.006,0.702,0.712 | 0.071,-0.052,0.017
cam1 extrinsics = -0.002,0.011,0.703,0.711 | -0.046,-0.051,0.018
q_GtoI = -0.815,-0.028,-0.578,0.025 | p_IinG = 3.331,1.418,1.091 | dist = 88.78 (meters)
bg = -0.0097,0.0214,0.0776 | ba = 0.0093,0.1826,0.1531
camera-imu timeoffset = 0.00002
cam0 intrinsics = 467.022,466.043,365.218,250.114 | -0.280,0.071,0.001,-0.000
cam1 intrinsics = 465.767,464.803,378.085,256.714 | -0.278,0.071,0.000,-0.000
cam0 extrinsics = -0.008,0.006,0.702,0.712 | 0.071,-0.052,0.017
cam1 extrinsics = -0.002,0.011,0.703,0.711 | -0.046,-0.051,0.018
q_GtoI = -0.814,-0.028,-0.579,0.024 | p_IinG = 3.341,1.348,1.084 | dist = 88.85 (meters)
bg = -0.0098,0.0214,0.0777 | ba = 0.0096,0.1828,0.1526
camera-imu timeoffset = 0.00002
cam0 intrinsics = 467.030,466.053,365.221,250.105 | -0.280,0.071,0.001,-0.000
cam1 intrinsics = 465.774,464.814,378.087,256.704 | -0.278,0.071,0.000,-0.000
cam0 extrinsics = -0.008,0.006,0.702,0.712 | 0.071,-0.052,0.017
cam1 extrinsics = -0.002,0.011,0.703,0.711 | -0.046,-0.051,0.018
q_GtoI = -0.814,-0.027,-0.579,0.023 | p_IinG = 3.351,1.278,1.079 | dist = 88.92 (meters)
bg = -0.0099,0.0212,0.0778 | ba = 0.0094,0.1830,0.1521
camera-imu timeoffset = 0.00001
cam0 intrinsics = 467.037,466.065,365.219,250.100 | -0.280,0.071,0.001,-0.000
cam1 intrinsics = 465.781,464.826,378.084,256.700 | -0.278,0.070,0.000,-0.000
cam0 extrinsics = -0.008,0.006,0.702,0.712 | 0.071,-0.052,0.017
cam1 extrinsics = -0.002,0.011,0.703,0.711 | -0.046,-0.051,0.018
q_GtoI = -0.813,-0.027,-0.581,0.022 | p_IinG = 3.362,1.211,1.074 | dist = 88.98 (meters)
bg = -0.0100,0.0210,0.0777 | ba = 0.0093,0.1840,0.1494
camera-imu timeoffset = 0.00002
cam0 intrinsics = 467.048,466.077,365.224,250.087 | -0.280,0.071,0.001,-0.000
cam1 intrinsics = 465.792,464.839,378.091,256.685 | -0.278,0.070,0.000,-0.000
cam0 extrinsics = -0.008,0.006,0.702,0.712 | 0.071,-0.052,0.017
cam1 extrinsics = -0.002,0.011,0.703,0.711 | -0.047,-0.051,0.018
q_GtoI = -0.813,-0.027,-0.582,0.022 | p_IinG = 3.371,1.145,1.071 | dist = 89.05 (meters)
bg = -0.0100,0.0210,0.0777 | ba = 0.0093,0.1848,0.1480
camera-imu timeoffset = 0.00002
cam0 intrinsics = 467.060,466.090,365.232,250.072 | -0.280,0.071,0.001,-0.000
cam1 intrinsics = 465.804,464.852,378.098,256.670 | -0.278,0.070,0.000,-0.000
cam0 extrinsics = -0.008,0.006,0.702,0.712 | 0.071,-0.052,0.017
cam1 extrinsics = -0.002,0.011,0.703,0.711 | -0.047,-0.051,0.018
q_GtoI = -0.812,-0.027,-0.582,0.021 | p_IinG = 3.379,1.080,1.070 | dist = 89.11 (meters)
bg = -0.0100,0.0209,0.0777 | ba = 0.0092,0.1854,0.1467
camera-imu timeoffset = 0.00002
cam0 intrinsics = 467.072,466.103,365.240,250.060 | -0.280,0.071,0.001,-0.000
cam1 intrinsics = 465.817,464.865,378.104,256.657 | -0.278,0.070,0.000,-0.000
cam0 extrinsics = -0.008,0.006,0.702,0.712 | 0.071,-0.052,0.017
cam1 extrinsics = -0.002,0.011,0.703,0.711 | -0.047,-0.051,0.018
q_GtoI = -0.812,-0.027,-0.582,0.021 | p_IinG = 3.387,1.016,1.070 | dist = 89.18 (meters)
bg = -0.0100,0.0209,0.0777 | ba = 0.0092,0.1860,0.1457
camera-imu timeoffset = 0.00002
cam0 intrinsics = 467.085,466.116,365.248,250.047 | -0.280,0.071,0.001,-0.000
cam1 intrinsics = 465.829,464.877,378.111,256.643 | -0.278,0.071,0.000,-0.000
cam0 extrinsics = -0.008,0.006,0.702,0.712 | 0.071,-0.052,0.017
cam1 extrinsics = -0.002,0.011,0.703,0.711 | -0.047,-0.051,0.018
q_GtoI = -0.813,-0.027,-0.582,0.021 | p_IinG = 3.392,0.954,1.068 | dist = 89.24 (meters)
bg = -0.0100,0.0208,0.0775 | ba = 0.0088,0.1865,0.1458
camera-imu timeoffset = 0.00001
cam0 intrinsics = 467.086,466.123,365.251,250.033 | -0.280,0.071,0.001,-0.000
cam1 intrinsics = 465.827,464.882,378.115,256.631 | -0.278,0.070,0.000,-0.000
cam0 extrinsics = -0.008,0.006,0.702,0.712 | 0.071,-0.052,0.017
cam1 extrinsics = -0.002,0.011,0.703,0.711 | -0.047,-0.051,0.018
q_GtoI = -0.813,-0.028,-0.581,0.020 | p_IinG = 3.397,0.893,1.065 | dist = 89.30 (meters)
bg = -0.0100,0.0208,0.0775 | ba = 0.0079,0.1872,0.1455
camera-imu timeoffset = 0.00001
cam0 intrinsics = 467.094,466.133,365.256,250.022 | -0.280,0.071,0.001,-0.000
cam1 intrinsics = 465.835,464.892,378.119,256.620 | -0.278,0.070,0.000,-0.000
cam0 extrinsics = -0.008,0.006,0.702,0.712 | 0.071,-0.052,0.017
cam1 extrinsics = -0.002,0.011,0.703,0.711 | -0.047,-0.051,0.018
q_GtoI = -0.814,-0.029,-0.580,0.018 | p_IinG = 3.398,0.834,1.061 | dist = 89.36 (meters)
bg = -0.0099,0.0208,0.0773 | ba = 0.0079,0.1879,0.1475
camera-imu timeoffset = 0.00001
cam0 intrinsics = 467.095,466.138,365.259,250.005 | -0.280,0.071,0.001,-0.000
cam1 intrinsics = 465.837,464.896,378.126,256.601 | -0.278,0.070,0.000,-0.000
cam0 extrinsics = -0.008,0.006,0.702,0.712 | 0.071,-0.052,0.017
cam1 extrinsics = -0.002,0.011,0.703,0.711 | -0.047,-0.051,0.018
q_GtoI = -0.815,-0.029,-0.579,0.017 | p_IinG = 3.400,0.776,1.056 | dist = 89.42 (meters)
bg = -0.0099,0.0207,0.0773 | ba = 0.0064,0.1883,0.1484
camera-imu timeoffset = 0.00001
cam0 intrinsics = 467.101,466.144,365.264,249.995 | -0.280,0.071,0.001,-0.000
cam1 intrinsics = 465.841,464.902,378.128,256.591 | -0.278,0.071,0.000,-0.000
cam0 extrinsics = -0.008,0.006,0.702,0.712 | 0.071,-0.052,0.017
cam1 extrinsics = -0.002,0.011,0.703,0.711 | -0.047,-0.051,0.018
q_GtoI = -0.815,-0.031,-0.578,0.015 | p_IinG = 3.403,0.718,1.048 | dist = 89.48 (meters)
bg = -0.0100,0.0207,0.0772 | ba = 0.0051,0.1885,0.1487
camera-imu timeoffset = 0.00001
cam0 intrinsics = 467.108,466.153,365.269,249.986 | -0.280,0.071,0.001,-0.000
cam1 intrinsics = 465.847,464.910,378.131,256.583 | -0.278,0.071,0.000,-0.000
cam0 extrinsics = -0.008,0.006,0.702,0.712 | 0.071,-0.052,0.017
cam1 extrinsics = -0.002,0.011,0.703,0.711 | -0.047,-0.051,0.019
q_GtoI = -0.814,-0.031,-0.580,0.013 | p_IinG = 3.403,0.662,1.043 | dist = 89.53 (meters)
bg = -0.0098,0.0209,0.0774 | ba = 0.0018,0.1891,0.1508
camera-imu timeoffset = 0.00001
cam0 intrinsics = 467.116,466.161,365.275,249.975 | -0.280,0.071,0.001,-0.000
cam1 intrinsics = 465.853,464.917,378.135,256.573 | -0.278,0.071,0.000,-0.000
cam0 extrinsics = -0.008,0.006,0.702,0.712 | 0.071,-0.052,0.017
cam1 extrinsics = -0.002,0.011,0.703,0.711 | -0.047,-0.051,0.019
q_GtoI = -0.812,-0.029,-0.583,0.012 | p_IinG = 3.404,0.608,1.035 | dist = 89.59 (meters)
bg = -0.0099,0.0210,0.0774 | ba = 0.0010,0.1895,0.1520
camera-imu timeoffset = 0.00001
cam0 intrinsics = 467.122,466.168,365.278,249.967 | -0.280,0.071,0.001,-0.000
cam1 intrinsics = 465.859,464.923,378.137,256.566 | -0.278,0.071,0.000,-0.000
cam0 extrinsics = -0.008,0.006,0.702,0.712 | 0.071,-0.052,0.017
cam1 extrinsics = -0.002,0.011,0.703,0.711 | -0.047,-0.051,0.019
q_GtoI = -0.811,-0.026,-0.585,0.009 | p_IinG = 3.400,0.551,1.028 | dist = 89.64 (meters)
bg = -0.0096,0.0213,0.0774 | ba = -0.0006,0.1896,0.1569
camera-imu timeoffset = 0.00001
cam0 intrinsics = 467.117,466.167,365.292,249.949 | -0.280,0.071,0.001,-0.000
cam1 intrinsics = 465.856,464.923,378.150,256.543 | -0.278,0.071,0.000,-0.000
cam0 extrinsics = -0.008,0.006,0.702,0.712 | 0.070,-0.052,0.017
cam1 extrinsics = -0.002,0.011,0.703,0.711 | -0.047,-0.051,0.019
q_GtoI = -0.810,-0.022,-0.586,0.007 | p_IinG = 3.398,0.499,1.018 | dist = 89.70 (meters)
bg = -0.0096,0.0214,0.0774 | ba = -0.0004,0.1907,0.1585
camera-imu timeoffset = 0.00001
cam0 intrinsics = 467.125,466.174,365.297,249.942 | -0.280,0.071,0.001,-0.000
cam1 intrinsics = 465.863,464.930,378.153,256.536 | -0.278,0.071,0.000,-0.000
cam0 extrinsics = -0.008,0.006,0.702,0.712 | 0.070,-0.052,0.017
cam1 extrinsics = -0.002,0.011,0.703,0.711 | -0.047,-0.051,0.019
q_GtoI = -0.810,-0.016,-0.586,0.006 | p_IinG = 3.395,0.448,1.007 | dist = 89.75 (meters)
bg = -0.0095,0.0214,0.0774 | ba = 0.0001,0.1917,0.1602
camera-imu timeoffset = 0.00001
cam0 intrinsics = 467.137,466.183,365.302,249.936 | -0.280,0.071,0.001,-0.000
cam1 intrinsics = 465.874,464.939,378.156,256.531 | -0.278,0.071,0.000,-0.000
cam0 extrinsics = -0.008,0.006,0.702,0.712 | 0.070,-0.052,0.018
cam1 extrinsics = -0.002,0.011,0.703,0.711 | -0.047,-0.051,0.019
q_GtoI = -0.811,-0.009,-0.585,0.004 | p_IinG = 3.393,0.399,0.994 | dist = 89.80 (meters)
bg = -0.0095,0.0215,0.0776 | ba = 0.0009,0.1929,0.1611
camera-imu timeoffset = 0.00002
cam0 intrinsics = 467.145,466.187,365.308,249.931 | -0.280,0.071,0.001,-0.000
cam1 intrinsics = 465.883,464.944,378.161,256.526 | -0.278,0.071,0.000,-0.000
cam0 extrinsics = -0.008,0.006,0.702,0.712 | 0.070,-0.052,0.018
cam1 extrinsics = -0.002,0.011,0.703,0.711 | -0.047,-0.051,0.019
q_GtoI = -0.813,-0.002,-0.582,0.001 | p_IinG = 3.388,0.350,0.981 | dist = 89.85 (meters)
bg = -0.0094,0.0216,0.0776 | ba = 0.0011,0.1934,0.1624
camera-imu timeoffset = 0.00002
cam0 intrinsics = 467.155,466.191,365.312,249.931 | -0.280,0.071,0.001,-0.000
cam1 intrinsics = 465.893,464.948,378.164,256.525 | -0.278,0.071,0.000,-0.000
cam0 extrinsics = -0.008,0.006,0.702,0.712 | 0.070,-0.052,0.018
cam1 extrinsics = -0.002,0.011,0.703,0.711 | -0.048,-0.051,0.019
q_GtoI = 0.814,-0.006,0.580,0.002 | p_IinG = 3.383,0.304,0.967 | dist = 89.90 (meters)
bg = -0.0093,0.0216,0.0777 | ba = 0.0018,0.1944,0.1636
camera-imu timeoffset = 0.00002
cam0 intrinsics = 467.169,466.196,365.314,249.933 | -0.280,0.071,0.001,-0.000
cam1 intrinsics = 465.905,464.951,378.167,256.527 | -0.279,0.071,0.000,-0.000
cam0 extrinsics = -0.008,0.006,0.702,0.712 | 0.070,-0.052,0.018
cam1 extrinsics = -0.002,0.011,0.703,0.711 | -0.048,-0.051,0.019
q_GtoI = 0.816,-0.013,0.579,0.005 | p_IinG = 3.378,0.255,0.953 | dist = 89.95 (meters)
bg = -0.0092,0.0216,0.0778 | ba = 0.0016,0.1944,0.1648
camera-imu timeoffset = 0.00002
cam0 intrinsics = 467.183,466.200,365.320,249.932 | -0.280,0.071,0.001,-0.000
cam1 intrinsics = 465.917,464.954,378.170,256.527 | -0.279,0.071,0.000,-0.000
cam0 extrinsics = -0.008,0.006,0.702,0.712 | 0.070,-0.052,0.018
cam1 extrinsics = -0.002,0.011,0.703,0.711 | -0.048,-0.051,0.019
q_GtoI = 0.817,-0.017,0.577,0.009 | p_IinG = 3.371,0.210,0.940 | dist = 90.00 (meters)
bg = -0.0091,0.0217,0.0778 | ba = 0.0019,0.1947,0.1660
camera-imu timeoffset = 0.00002
cam0 intrinsics = 467.185,466.200,365.324,249.933 | -0.280,0.071,0.001,-0.000
cam1 intrinsics = 465.920,464.955,378.172,256.525 | -0.279,0.071,0.000,-0.000
cam0 extrinsics = -0.008,0.006,0.702,0.712 | 0.070,-0.052,0.018
cam1 extrinsics = -0.002,0.011,0.703,0.711 | -0.048,-0.051,0.019
q_GtoI = 0.817,-0.022,0.576,0.012 | p_IinG = 3.365,0.165,0.927 | dist = 90.05 (meters)
bg = -0.0090,0.0217,0.0779 | ba = 0.0027,0.1953,0.1668
camera-imu timeoffset = 0.00002
cam0 intrinsics = 467.192,466.203,365.327,249.934 | -0.280,0.071,0.001,-0.000
cam1 intrinsics = 465.927,464.958,378.175,256.526 | -0.279,0.071,0.000,-0.000
cam0 extrinsics = -0.008,0.006,0.702,0.712 | 0.070,-0.052,0.018
cam1 extrinsics = -0.002,0.011,0.703,0.711 | -0.048,-0.051,0.019
q_GtoI = 0.818,-0.025,0.574,0.016 | p_IinG = 3.359,0.122,0.915 | dist = 90.09 (meters)
bg = -0.0089,0.0218,0.0779 | ba = 0.0046,0.1959,0.1672
camera-imu timeoffset = 0.00002
cam0 intrinsics = 467.203,466.210,365.332,249.938 | -0.280,0.071,0.001,-0.000
cam1 intrinsics = 465.938,464.966,378.178,256.531 | -0.279,0.071,0.000,-0.000
cam0 extrinsics = -0.008,0.006,0.702,0.712 | 0.070,-0.052,0.018
cam1 extrinsics = -0.002,0.011,0.703,0.711 | -0.048,-0.051,0.019
q_GtoI = 0.819,-0.028,0.573,0.018 | p_IinG = 3.353,0.080,0.907 | dist = 90.14 (meters)
bg = -0.0089,0.0218,0.0779 | ba = 0.0051,0.1964,0.1678
camera-imu timeoffset = 0.00002
cam0 intrinsics = 467.215,466.216,365.335,249.945 | -0.280,0.071,0.001,-0.000
cam1 intrinsics = 465.950,464.972,378.180,256.537 | -0.279,0.071,0.000,-0.000
cam0 extrinsics = -0.008,0.006,0.702,0.712 | 0.070,-0.052,0.018
cam1 extrinsics = -0.002,0.011,0.703,0.711 | -0.048,-0.051,0.019
q_GtoI = 0.819,-0.030,0.572,0.020 | p_IinG = 3.345,0.040,0.901 | dist = 90.18 (meters)
bg = -0.0088,0.0218,0.0779 | ba = 0.0060,0.1974,0.1685
camera-imu timeoffset = 0.00001
cam0 intrinsics = 467.224,466.222,365.336,249.949 | -0.280,0.071,0.001,-0.000
cam1 intrinsics = 465.959,464.978,378.182,256.541 | -0.279,0.071,0.000,-0.000
cam0 extrinsics = -0.008,0.006,0.702,0.712 | 0.070,-0.052,0.018
cam1 extrinsics = -0.002,0.011,0.703,0.711 | -0.048,-0.051,0.019
q_GtoI = 0.820,-0.030,0.572,0.023 | p_IinG = 3.337,-0.004,0.898 | dist = 90.22 (meters)
bg = -0.0087,0.0219,0.0780 | ba = 0.0068,0.1965,0.1702
camera-imu timeoffset = 0.00001
cam0 intrinsics = 467.228,466.225,365.343,249.949 | -0.280,0.071,0.001,-0.000
cam1 intrinsics = 465.964,464.982,378.188,256.541 | -0.279,0.071,0.000,-0.000
cam0 extrinsics = -0.008,0.006,0.702,0.712 | 0.070,-0.052,0.018
cam1 extrinsics = -0.002,0.011,0.703,0.711 | -0.048,-0.051,0.019
q_GtoI = 0.820,-0.030,0.571,0.027 | p_IinG = 3.328,-0.044,0.896 | dist = 90.26 (meters)
bg = -0.0086,0.0220,0.0779 | ba = 0.0100,0.1963,0.1713
camera-imu timeoffset = 0.00001
cam0 intrinsics = 467.230,466.229,365.346,249.954 | -0.280,0.071,0.001,-0.000
cam1 intrinsics = 465.966,464.985,378.194,256.543 | -0.279,0.071,0.000,-0.000
cam0 extrinsics = -0.008,0.006,0.702,0.712 | 0.070,-0.053,0.018
cam1 extrinsics = -0.002,0.011,0.703,0.711 | -0.048,-0.051,0.019
q_GtoI = 0.821,-0.030,0.570,0.030 | p_IinG = 3.320,-0.083,0.896 | dist = 90.30 (meters)
bg = -0.0086,0.0220,0.0780 | ba = 0.0109,0.1965,0.1715
camera-imu timeoffset = 0.00001
cam0 intrinsics = 467.235,466.236,365.349,249.959 | -0.280,0.071,0.001,-0.000
cam1 intrinsics = 465.970,464.991,378.196,256.548 | -0.279,0.071,0.000,-0.000
cam0 extrinsics = -0.008,0.006,0.702,0.712 | 0.070,-0.053,0.018
cam1 extrinsics = -0.002,0.011,0.703,0.711 | -0.048,-0.052,0.019
q_GtoI = 0.821,-0.027,0.569,0.034 | p_IinG = 3.312,-0.119,0.899 | dist = 90.34 (meters)
bg = -0.0085,0.0220,0.0780 | ba = 0.0114,0.1971,0.1722
camera-imu timeoffset = 0.00001
cam0 intrinsics = 467.240,466.242,365.349,249.966 | -0.280,0.071,0.001,-0.000
cam1 intrinsics = 465.974,464.997,378.195,256.555 | -0.279,0.071,0.000,-0.000
cam0 extrinsics = -0.008,0.006,0.702,0.712 | 0.070,-0.053,0.018
cam1 extrinsics = -0.002,0.011,0.703,0.711 | -0.048,-0.052,0.019
q_GtoI = 0.821,-0.025,0.569,0.038 | p_IinG = 3.303,-0.155,0.903 | dist = 90.37 (meters)
bg = -0.0085,0.0221,0.0780 | ba = 0.0123,0.1969,0.1727
camera-imu timeoffset = 0.00001
cam0 intrinsics = 467.244,466.250,365.347,249.977 | -0.280,0.071,0.001,-0.000
cam1 intrinsics = 465.977,465.005,378.193,256.565 | -0.279,0.071,0.000,-0.000
cam0 extrinsics = -0.008,0.006,0.702,0.712 | 0.070,-0.053,0.018
cam1 extrinsics = -0.002,0.011,0.703,0.711 | -0.048,-0.052,0.019
q_GtoI = 0.821,-0.023,0.568,0.042 | p_IinG = 3.294,-0.190,0.910 | dist = 90.41 (meters)
bg = -0.0083,0.0220,0.0780 | ba = 0.0125,0.1963,0.1728
camera-imu timeoffset = 0.00001
cam0 intrinsics = 467.246,466.258,365.346,249.987 | -0.280,0.071,0.001,-0.000
cam1 intrinsics = 465.979,465.014,378.190,256.574 | -0.279,0.071,0.000,-0.000
cam0 extrinsics = -0.008,0.006,0.702,0.712 | 0.070,-0.053,0.018
cam1 extrinsics = -0.002,0.011,0.703,0.711 | -0.048,-0.052,0.019
q_GtoI = 0.822,-0.021,0.567,0.045 | p_IinG = 3.285,-0.222,0.917 | dist = 90.44 (meters)
bg = -0.0083,0.0220,0.0780 | ba = 0.0131,0.1958,0.1722
camera-imu timeoffset = 0.00001
cam0 intrinsics = 467.248,466.267,365.344,249.995 | -0.280,0.071,0.001,-0.000
cam1 intrinsics = 465.981,465.023,378.188,256.582 | -0.279,0.071,0.000,-0.000
cam0 extrinsics = -0.008,0.006,0.702,0.712 | 0.070,-0.053,0.018
cam1 extrinsics = -0.002,0.011,0.703,0.711 | -0.048,-0.052,0.019
q_GtoI = 0.823,-0.019,0.566,0.047 | p_IinG = 3.277,-0.252,0.926 | dist = 90.47 (meters)
bg = -0.0082,0.0219,0.0780 | ba = 0.0137,0.1959,0.1709
camera-imu timeoffset = 0.00001
cam0 intrinsics = 467.250,466.275,365.343,250.002 | -0.280,0.071,0.001,-0.000
cam1 intrinsics = 465.983,465.031,378.186,256.588 | -0.279,0.071,0.000,-0.000
cam0 extrinsics = -0.008,0.006,0.702,0.712 | 0.070,-0.053,0.018
cam1 extrinsics = -0.002,0.011,0.703,0.711 | -0.048,-0.052,0.019
q_GtoI = 0.822,-0.018,0.567,0.047 | p_IinG = 3.269,-0.278,0.934 | dist = 90.50 (meters)
bg = -0.0080,0.0218,0.0780 | ba = 0.0144,0.1963,0.1697
camera-imu timeoffset = 0.00001
cam0 intrinsics = 467.252,466.282,365.341,250.008 | -0.280,0.071,0.001,-0.000
cam1 intrinsics = 465.984,465.038,378.184,256.594 | -0.279,0.071,0.000,-0.000
cam0 extrinsics = -0.008,0.006,0.702,0.712 | 0.070,-0.053,0.018
cam1 extrinsics = -0.002,0.011,0.703,0.711 | -0.048,-0.052,0.019
q_GtoI = 0.821,-0.016,0.569,0.049 | p_IinG = 3.262,-0.304,0.940 | dist = 90.53 (meters)
bg = -0.0079,0.0217,0.0780 | ba = 0.0155,0.1961,0.1672
camera-imu timeoffset = 0.00001
cam0 intrinsics = 467.254,466.297,365.340,250.014 | -0.280,0.071,0.001,-0.000
cam1 intrinsics = 465.986,465.053,378.183,256.600 | -0.279,0.071,0.000,-0.000
cam0 extrinsics = -0.008,0.006,0.702,0.712 | 0.070,-0.053,0.018
cam1 extrinsics = -0.002,0.011,0.703,0.711 | -0.048,-0.052,0.019
q_GtoI = 0.820,-0.015,0.570,0.048 | p_IinG = 3.256,-0.325,0.946 | dist = 90.55 (meters)
bg = -0.0077,0.0216,0.0779 | ba = 0.0157,0.1955,0.1651
camera-imu timeoffset = 0.00001
cam0 intrinsics = 467.258,466.304,365.335,250.021 | -0.280,0.071,0.001,-0.000
cam1 intrinsics = 465.992,465.061,378.178,256.606 | -0.279,0.071,0.000,-0.000
cam0 extrinsics = -0.008,0.006,0.702,0.712 | 0.070,-0.053,0.018
cam1 extrinsics = -0.002,0.011,0.703,0.711 | -0.048,-0.052,0.019
q_GtoI = 0.819,-0.014,0.571,0.048 | p_IinG = 3.249,-0.347,0.950 | dist = 90.58 (meters)
bg = -0.0075,0.0216,0.0779 | ba = 0.0160,0.1946,0.1636
camera-imu timeoffset = 0.00001
cam0 intrinsics = 467.258,466.311,365.334,250.024 | -0.280,0.071,0.001,-0.000
cam1 intrinsics = 465.992,465.069,378.176,256.609 | -0.279,0.071,0.000,-0.000
cam0 extrinsics = -0.008,0.006,0.702,0.712 | 0.070,-0.054,0.018
cam1 extrinsics = -0.002,0.011,0.703,0.711 | -0.048,-0.053,0.019
q_GtoI = 0.818,-0.013,0.572,0.048 | p_IinG = 3.241,-0.370,0.954 | dist = 90.60 (meters)
bg = -0.0074,0.0217,0.0779 | ba = 0.0152,0.1933,0.1629
camera-imu timeoffset = 0.00001
cam0 intrinsics = 467.254,466.315,365.337,250.023 | -0.280,0.071,0.001,-0.000
cam1 intrinsics = 465.989,465.074,378.177,256.609 | -0.279,0.071,0.000,-0.000
cam0 extrinsics = -0.008,0.006,0.702,0.712 | 0.070,-0.054,0.018
cam1 extrinsics = -0.002,0.011,0.703,0.711 | -0.048,-0.053,0.019
q_GtoI = 0.818,-0.014,0.574,0.046 | p_IinG = 3.235,-0.389,0.956 | dist = 90.62 (meters)
bg = -0.0073,0.0218,0.0779 | ba = 0.0140,0.1925,0.1621
camera-imu timeoffset = 0.00001
cam0 intrinsics = 467.256,466.321,365.334,250.027 | -0.280,0.071,0.001,-0.000
cam1 intrinsics = 465.991,465.079,378.177,256.612 | -0.279,0.071,0.000,-0.000
cam0 extrinsics = -0.008,0.006,0.702,0.712 | 0.070,-0.054,0.018
cam1 extrinsics = -0.002,0.011,0.703,0.711 | -0.048,-0.053,0.019
q_GtoI = 0.817,-0.013,0.575,0.046 | p_IinG = 3.227,-0.403,0.956 | dist = 90.63 (meters)
bg = -0.0072,0.0218,0.0778 | ba = 0.0142,0.1927,0.1619
camera-imu timeoffset = 0.00001
cam0 intrinsics = 467.258,466.327,365.331,250.031 | -0.280,0.071,0.001,-0.000
cam1 intrinsics = 465.994,465.085,378.174,256.615 | -0.279,0.071,0.000,-0.000
cam0 extrinsics = -0.008,0.006,0.702,0.712 | 0.070,-0.054,0.018
cam1 extrinsics = -0.002,0.011,0.703,0.711 | -0.048,-0.053,0.019
q_GtoI = 0.815,-0.013,0.578,0.045 | p_IinG = 3.220,-0.415,0.955 | dist = 90.65 (meters)
bg = -0.0070,0.0218,0.0778 | ba = 0.0142,0.1928,0.1619
camera-imu timeoffset = 0.00001
cam0 intrinsics = 467.260,466.331,365.329,250.034 | -0.280,0.071,0.001,-0.000
cam1 intrinsics = 465.995,465.089,378.171,256.618 | -0.279,0.071,0.000,-0.000
cam0 extrinsics = -0.008,0.006,0.702,0.712 | 0.070,-0.054,0.018
cam1 extrinsics = -0.002,0.011,0.703,0.711 | -0.048,-0.053,0.019
q_GtoI = 0.813,-0.012,0.580,0.043 | p_IinG = 3.211,-0.425,0.954 | dist = 90.66 (meters)
bg = -0.0069,0.0218,0.0777 | ba = 0.0139,0.1929,0.1623
camera-imu timeoffset = 0.00001
cam0 intrinsics = 467.261,466.335,365.325,250.037 | -0.280,0.071,0.001,-0.000
cam1 intrinsics = 465.996,465.093,378.168,256.621 | -0.279,0.071,0.000,-0.000
cam0 extrinsics = -0.008,0.006,0.702,0.712 | 0.070,-0.054,0.018
cam1 extrinsics = -0.002,0.011,0.703,0.711 | -0.048,-0.053,0.019
q_GtoI = 0.811,-0.014,0.583,0.040 | p_IinG = 3.203,-0.433,0.953 | dist = 90.67 (meters)
bg = -0.0067,0.0218,0.0776 | ba = 0.0133,0.1927,0.1627
camera-imu timeoffset = 0.00001
cam0 intrinsics = 467.261,466.338,365.322,250.041 | -0.280,0.071,0.001,-0.000
cam1 intrinsics = 465.995,465.096,378.165,256.624 | -0.279,0.071,0.000,-0.000
cam0 extrinsics = -0.008,0.006,0.702,0.712 | 0.070,-0.054,0.018
cam1 extrinsics = -0.002,0.011,0.703,0.711 | -0.048,-0.053,0.019
q_GtoI = 0.811,-0.015,0.584,0.037 | p_IinG = 3.193,-0.440,0.953 | dist = 90.68 (meters)
bg = -0.0065,0.0219,0.0776 | ba = 0.0126,0.1925,0.1635
camera-imu timeoffset = 0.00001
cam0 intrinsics = 467.261,466.341,365.319,250.045 | -0.280,0.072,0.001,-0.000
cam1 intrinsics = 465.995,465.099,378.162,256.627 | -0.279,0.071,0.000,-0.000
cam0 extrinsics = -0.008,0.006,0.702,0.712 | 0.070,-0.054,0.018
cam1 extrinsics = -0.002,0.011,0.703,0.711 | -0.048,-0.053,0.019
q_GtoI = 0.811,-0.016,0.584,0.034 | p_IinG = 3.182,-0.445,0.955 | dist = 90.70 (meters)
bg = -0.0063,0.0218,0.0776 | ba = 0.0117,0.1921,0.1642
camera-imu timeoffset = 0.00001
cam0 intrinsics = 467.261,466.345,365.317,250.048 | -0.280,0.072,0.001,-0.000
cam1 intrinsics = 465.995,465.103,378.159,256.630 | -0.279,0.071,0.000,-0.000
cam0 extrinsics = -0.008,0.006,0.702,0.712 | 0.070,-0.054,0.018
cam1 extrinsics = -0.002,0.011,0.703,0.711 | -0.048,-0.053,0.019
q_GtoI = 0.811,-0.017,0.584,0.031 | p_IinG = 3.171,-0.448,0.959 | dist = 90.71 (meters)
bg = -0.0062,0.0218,0.0775 | ba = 0.0111,0.1913,0.1648
camera-imu timeoffset = 0.00001
cam0 intrinsics = 467.260,466.350,365.315,250.050 | -0.280,0.072,0.001,-0.000
cam1 intrinsics = 465.995,465.108,378.157,256.632 | -0.279,0.071,0.000,-0.000
cam0 extrinsics = -0.008,0.006,0.702,0.712 | 0.070,-0.054,0.018
cam1 extrinsics = -0.002,0.011,0.703,0.711 | -0.048,-0.053,0.019
q_GtoI = 0.812,-0.016,0.583,0.031 | p_IinG = 3.159,-0.450,0.965 | dist = 90.72 (meters)
bg = -0.0061,0.0218,0.0775 | ba = 0.0107,0.1905,0.1652
camera-imu timeoffset = 0.00001
cam0 intrinsics = 467.261,466.356,365.313,250.052 | -0.280,0.072,0.001,-0.000
cam1 intrinsics = 465.995,465.114,378.156,256.634 | -0.279,0.071,0.000,-0.000
cam0 extrinsics = -0.008,0.006,0.702,0.712 | 0.070,-0.054,0.018
cam1 extrinsics = -0.002,0.011,0.703,0.711 | -0.048,-0.053,0.019
q_GtoI = 0.812,-0.017,0.582,0.029 | p_IinG = 3.146,-0.451,0.973 | dist = 90.73 (meters)
bg = -0.0059,0.0219,0.0775 | ba = 0.0106,0.1893,0.1656
camera-imu timeoffset = 0.00001
cam0 intrinsics = 467.261,466.361,365.312,250.053 | -0.280,0.072,0.001,-0.000
cam1 intrinsics = 465.995,465.119,378.154,256.634 | -0.279,0.071,0.000,-0.000
cam0 extrinsics = -0.008,0.006,0.702,0.712 | 0.070,-0.054,0.018
cam1 extrinsics = -0.002,0.011,0.703,0.711 | -0.048,-0.053,0.019
q_GtoI = 0.814,-0.017,0.580,0.028 | p_IinG = 3.131,-0.452,0.981 | dist = 90.75 (meters)
bg = -0.0058,0.0218,0.0775 | ba = 0.0105,0.1878,0.1654
camera-imu timeoffset = 0.00001
cam0 intrinsics = 467.261,466.366,365.311,250.053 | -0.280,0.072,0.001,-0.000
cam1 intrinsics = 465.995,465.124,378.153,256.634 | -0.279,0.071,0.000,-0.000
cam0 extrinsics = -0.008,0.006,0.702,0.712 | 0.070,-0.054,0.018
cam1 extrinsics = -0.002,0.011,0.703,0.711 | -0.048,-0.053,0.019
q_GtoI = 0.816,-0.019,0.577,0.027 | p_IinG = 3.117,-0.452,0.989 | dist = 90.77 (meters)
bg = -0.0057,0.0216,0.0774 | ba = 0.0097,0.1860,0.1649
camera-imu timeoffset = 0.00001
cam0 intrinsics = 467.260,466.368,365.311,250.052 | -0.280,0.072,0.001,-0.000
cam1 intrinsics = 465.995,465.126,378.153,256.632 | -0.279,0.071,0.000,-0.000
cam0 extrinsics = -0.008,0.006,0.702,0.712 | 0.070,-0.054,0.018
cam1 extrinsics = -0.002,0.011,0.703,0.711 | -0.048,-0.053,0.019
q_GtoI = 0.819,-0.020,0.573,0.029 | p_IinG = 3.101,-0.452,0.995 | dist = 90.78 (meters)
bg = -0.0057,0.0216,0.0773 | ba = 0.0101,0.1845,0.1642
camera-imu timeoffset = 0.00001
cam0 intrinsics = 467.262,466.370,365.311,250.050 | -0.280,0.072,0.001,-0.000
cam1 intrinsics = 465.996,465.129,378.154,256.630 | -0.279,0.071,0.000,-0.000
cam0 extrinsics = -0.008,0.006,0.702,0.712 | 0.070,-0.054,0.018
cam1 extrinsics = -0.002,0.011,0.703,0.711 | -0.048,-0.053,0.019
q_GtoI = 0.821,-0.024,0.570,0.031 | p_IinG = 3.087,-0.450,1.001 | dist = 90.80 (meters)
bg = -0.0058,0.0214,0.0773 | ba = 0.0094,0.1832,0.1629
camera-imu timeoffset = 0.00001
cam0 intrinsics = 467.264,466.371,365.311,250.049 | -0.280,0.072,0.001,-0.000
cam1 intrinsics = 465.998,465.130,378.154,256.629 | -0.279,0.071,0.000,-0.000
cam0 extrinsics = -0.008,0.006,0.702,0.712 | 0.070,-0.054,0.018
cam1 extrinsics = -0.002,0.011,0.703,0.711 | -0.048,-0.053,0.019
q_GtoI = 0.822,-0.027,0.567,0.033 | p_IinG = 3.072,-0.449,1.005 | dist = 90.81 (meters)
bg = -0.0059,0.0214,0.0772 | ba = 0.0088,0.1817,0.1615
camera-imu timeoffset = 0.00001
cam0 intrinsics = 467.265,466.372,365.310,250.049 | -0.280,0.072,0.001,-0.000
cam1 intrinsics = 466.000,465.132,378.153,256.628 | -0.279,0.071,0.000,-0.000
cam0 extrinsics = -0.008,0.006,0.702,0.712 | 0.070,-0.054,0.018
cam1 extrinsics = -0.002,0.011,0.703,0.711 | -0.048,-0.053,0.019
q_GtoI = 0.823,-0.031,0.566,0.034 | p_IinG = 3.059,-0.446,1.008 | dist = 90.83 (meters)
bg = -0.0060,0.0214,0.0772 | ba = 0.0081,0.1800,0.1599
camera-imu timeoffset = 0.00001
cam0 intrinsics = 467.268,466.372,365.310,250.047 | -0.280,0.072,0.001,-0.000
cam1 intrinsics = 466.002,465.132,378.153,256.627 | -0.279,0.071,0.000,-0.000
cam0 extrinsics = -0.008,0.006,0.702,0.712 | 0.070,-0.054,0.018
cam1 extrinsics = -0.002,0.011,0.703,0.711 | -0.048,-0.053,0.019
q_GtoI = 0.823,-0.039,0.565,0.030 | p_IinG = 3.044,-0.441,1.008 | dist = 90.84 (meters)
bg = -0.0059,0.0214,0.0772 | ba = 0.0087,0.1803,0.1603
camera-imu timeoffset = 0.00001
cam0 intrinsics = 467.270,466.372,365.310,250.049 | -0.280,0.072,0.001,-0.000
cam1 intrinsics = 466.004,465.132,378.153,256.628 | -0.279,0.071,0.000,-0.000
cam0 extrinsics = -0.008,0.006,0.702,0.712 | 0.070,-0.054,0.018
cam1 extrinsics = -0.002,0.011,0.703,0.711 | -0.048,-0.053,0.019
q_GtoI = 0.823,-0.046,0.566,0.025 | p_IinG = 3.030,-0.435,1.008 | dist = 90.86 (meters)
bg = -0.0058,0.0213,0.0773 | ba = 0.0089,0.1802,0.1611
camera-imu timeoffset = 0.00001
cam0 intrinsics = 467.271,466.371,365.311,250.051 | -0.280,0.072,0.001,-0.000
cam1 intrinsics = 466.006,465.131,378.153,256.630 | -0.279,0.071,0.000,-0.000
cam0 extrinsics = -0.008,0.006,0.702,0.712 | 0.070,-0.054,0.018
cam1 extrinsics = -0.002,0.011,0.703,0.711 | -0.048,-0.053,0.019
q_GtoI = 0.822,-0.053,0.566,0.021 | p_IinG = 3.016,-0.429,1.008 | dist = 90.87 (meters)
bg = -0.0057,0.0213,0.0772 | ba = 0.0092,0.1801,0.1618
camera-imu timeoffset = 0.00001
cam0 intrinsics = 467.272,466.370,365.313,250.052 | -0.280,0.072,0.001,-0.000
cam1 intrinsics = 466.007,465.130,378.154,256.630 | -0.279,0.071,0.000,-0.000
cam0 extrinsics = -0.008,0.006,0.702,0.712 | 0.070,-0.054,0.018
cam1 extrinsics = -0.002,0.011,0.703,0.711 | -0.048,-0.053,0.019
q_GtoI = 0.821,-0.059,0.568,0.018 | p_IinG = 3.002,-0.424,1.006 | dist = 90.89 (meters)
bg = -0.0056,0.0214,0.0772 | ba = 0.0093,0.1797,0.1622
camera-imu timeoffset = 0.00001
cam0 intrinsics = 467.274,466.370,365.313,250.052 | -0.280,0.072,0.001,-0.000
cam1 intrinsics = 466.008,465.130,378.154,256.631 | -0.279,0.071,0.000,-0.000
cam0 extrinsics = -0.008,0.006,0.702,0.712 | 0.070,-0.054,0.018
cam1 extrinsics = -0.002,0.011,0.703,0.711 | -0.048,-0.053,0.019
q_GtoI = 0.820,-0.061,0.568,0.018 | p_IinG = 2.989,-0.420,1.004 | dist = 90.90 (meters)
bg = -0.0056,0.0214,0.0773 | ba = 0.0089,0.1792,0.1624
camera-imu timeoffset = 0.00001
cam0 intrinsics = 467.275,466.370,365.314,250.053 | -0.280,0.072,0.001,-0.000
cam1 intrinsics = 466.010,465.131,378.155,256.631 | -0.279,0.071,0.000,-0.000
cam0 extrinsics = -0.008,0.006,0.702,0.712 | 0.070,-0.054,0.018
cam1 extrinsics = -0.002,0.011,0.703,0.711 | -0.048,-0.053,0.019
q_GtoI = 0.819,-0.061,0.570,0.021 | p_IinG = 2.976,-0.416,1.002 | dist = 90.92 (meters)
bg = -0.0056,0.0215,0.0773 | ba = 0.0083,0.1783,0.1621
camera-imu timeoffset = 0.00001
cam0 intrinsics = 467.278,466.370,365.314,250.053 | -0.280,0.072,0.001,-0.000
cam1 intrinsics = 466.013,465.130,378.155,256.631 | -0.279,0.071,0.000,-0.000
cam0 extrinsics = -0.008,0.006,0.702,0.712 | 0.070,-0.054,0.018
cam1 extrinsics = -0.002,0.011,0.703,0.711 | -0.048,-0.053,0.019
q_GtoI = 0.816,-0.059,0.574,0.026 | p_IinG = 2.963,-0.413,1.000 | dist = 90.93 (meters)
bg = -0.0055,0.0216,0.0773 | ba = 0.0071,0.1773,0.1614
camera-imu timeoffset = 0.00001
cam0 intrinsics = 467.280,466.367,365.314,250.056 | -0.280,0.072,0.001,-0.000
cam1 intrinsics = 466.015,465.128,378.155,256.633 | -0.279,0.071,0.000,-0.000
cam0 extrinsics = -0.008,0.006,0.702,0.712 | 0.070,-0.054,0.018
cam1 extrinsics = -0.002,0.011,0.703,0.711 | -0.048,-0.053,0.019
q_GtoI = 0.813,-0.058,0.578,0.030 | p_IinG = 2.948,-0.409,0.996 | dist = 90.94 (meters)
bg = -0.0055,0.0217,0.0773 | ba = 0.0077,0.1774,0.1616
camera-imu timeoffset = 0.00001
cam0 intrinsics = 467.281,466.367,365.315,250.056 | -0.280,0.072,0.001,-0.000
cam1 intrinsics = 466.016,465.128,378.155,256.633 | -0.279,0.071,0.000,-0.000
cam0 extrinsics = -0.008,0.006,0.702,0.712 | 0.070,-0.054,0.018
cam1 extrinsics = -0.002,0.011,0.703,0.711 | -0.048,-0.053,0.019
q_GtoI = 0.810,-0.056,0.583,0.034 | p_IinG = 2.934,-0.406,0.992 | dist = 90.96 (meters)
bg = -0.0054,0.0218,0.0774 | ba = 0.0085,0.1772,0.1614
camera-imu timeoffset = 0.00001
cam0 intrinsics = 467.282,466.366,365.316,250.056 | -0.280,0.072,0.001,-0.000
cam1 intrinsics = 466.017,465.127,378.156,256.634 | -0.279,0.071,0.000,-0.000
cam0 extrinsics = -0.008,0.006,0.702,0.712 | 0.070,-0.054,0.018
cam1 extrinsics = -0.002,0.011,0.703,0.711 | -0.048,-0.053,0.019
q_GtoI = 0.806,-0.055,0.589,0.036 | p_IinG = 2.918,-0.402,0.989 | dist = 90.98 (meters)
bg = -0.0054,0.0219,0.0774 | ba = 0.0088,0.1770,0.1616
camera-imu timeoffset = 0.00001
cam0 intrinsics = 467.282,466.365,365.315,250.056 | -0.280,0.072,0.001,-0.000
cam1 intrinsics = 466.018,465.127,378.156,256.633 | -0.279,0.071,0.000,-0.000
cam0 extrinsics = -0.008,0.006,0.702,0.712 | 0.070,-0.054,0.018
cam1 extrinsics = -0.002,0.011,0.703,0.711 | -0.048,-0.053,0.019
q_GtoI = 0.802,-0.054,0.593,0.038 | p_IinG = 2.903,-0.398,0.986 | dist = 90.99 (meters)
bg = -0.0053,0.0220,0.0775 | ba = 0.0086,0.1769,0.1610
camera-imu timeoffset = 0.00001
cam0 intrinsics = 467.285,466.366,365.317,250.054 | -0.280,0.072,0.001,-0.000
cam1 intrinsics = 466.021,465.128,378.157,256.632 | -0.279,0.071,0.000,-0.000
cam0 extrinsics = -0.008,0.006,0.702,0.712 | 0.070,-0.054,0.018
cam1 extrinsics = -0.002,0.011,0.703,0.711 | -0.048,-0.053,0.019
q_GtoI = 0.800,-0.053,0.596,0.039 | p_IinG = 2.886,-0.394,0.985 | dist = 91.01 (meters)
bg = -0.0052,0.0220,0.0775 | ba = 0.0078,0.1762,0.1605
camera-imu timeoffset = 0.00001
cam0 intrinsics = 467.289,466.369,365.318,250.054 | -0.280,0.072,0.001,-0.000
cam1 intrinsics = 466.025,465.130,378.158,256.631 | -0.279,0.071,0.000,-0.000
cam0 extrinsics = -0.008,0.006,0.702,0.712 | 0.069,-0.054,0.018
cam1 extrinsics = -0.002,0.011,0.703,0.711 | -0.048,-0.053,0.019
q_GtoI = 0.800,-0.054,0.596,0.039 | p_IinG = 2.869,-0.389,0.985 | dist = 91.03 (meters)
bg = -0.0051,0.0220,0.0775 | ba = 0.0064,0.1750,0.1600
camera-imu timeoffset = 0.00001
cam0 intrinsics = 467.294,466.370,365.319,250.054 | -0.280,0.072,0.001,-0.000
cam1 intrinsics = 466.030,465.132,378.158,256.631 | -0.279,0.071,0.000,-0.000
cam0 extrinsics = -0.008,0.006,0.702,0.712 | 0.069,-0.054,0.018
cam1 extrinsics = -0.002,0.011,0.703,0.711 | -0.048,-0.053,0.019
q_GtoI = 0.801,-0.055,0.595,0.037 | p_IinG = 2.849,-0.383,0.986 | dist = 91.05 (meters)
bg = -0.0050,0.0218,0.0774 | ba = 0.0062,0.1749,0.1612
camera-imu timeoffset = 0.00001
cam0 intrinsics = 467.297,466.371,365.320,250.052 | -0.280,0.072,0.001,-0.000
cam1 intrinsics = 466.032,465.133,378.159,256.629 | -0.279,0.071,0.000,-0.000
cam0 extrinsics = -0.008,0.006,0.702,0.712 | 0.069,-0.054,0.018
cam1 extrinsics = -0.002,0.011,0.703,0.711 | -0.048,-0.053,0.019
q_GtoI = 0.803,-0.056,0.593,0.035 | p_IinG = 2.828,-0.377,0.989 | dist = 91.07 (meters)
bg = -0.0049,0.0217,0.0774 | ba = 0.0056,0.1744,0.1630
camera-imu timeoffset = 0.00001
cam0 intrinsics = 467.298,466.370,365.322,250.050 | -0.280,0.072,0.001,-0.000
cam1 intrinsics = 466.033,465.132,378.161,256.627 | -0.279,0.071,0.000,-0.000
cam0 extrinsics = -0.008,0.006,0.702,0.712 | 0.069,-0.054,0.018
cam1 extrinsics = -0.002,0.011,0.703,0.711 | -0.048,-0.053,0.019
q_GtoI = 0.804,-0.059,0.591,0.032 | p_IinG = 2.804,-0.370,0.991 | dist = 91.09 (meters)
bg = -0.0047,0.0216,0.0773 | ba = 0.0052,0.1735,0.1651
camera-imu timeoffset = 0.00001
cam0 intrinsics = 467.299,466.367,365.324,250.048 | -0.280,0.072,0.001,-0.000
cam1 intrinsics = 466.034,465.129,378.162,256.625 | -0.279,0.071,0.000,-0.000
cam0 extrinsics = -0.008,0.006,0.702,0.712 | 0.069,-0.054,0.018
cam1 extrinsics = -0.002,0.011,0.703,0.711 | -0.048,-0.053,0.019
q_GtoI = 0.806,-0.060,0.589,0.029 | p_IinG = 2.780,-0.364,0.993 | dist = 91.11 (meters)
bg = -0.0046,0.0215,0.0772 | ba = 0.0043,0.1723,0.1673
camera-imu timeoffset = 0.00001
cam0 intrinsics = 467.300,466.364,365.326,250.045 | -0.280,0.072,0.001,-0.000
cam1 intrinsics = 466.036,465.126,378.164,256.622 | -0.279,0.071,0.000,-0.000
cam0 extrinsics = -0.008,0.006,0.702,0.712 | 0.069,-0.054,0.018
cam1 extrinsics = -0.002,0.011,0.703,0.711 | -0.048,-0.053,0.019
q_GtoI = 0.807,-0.063,0.586,0.025 | p_IinG = 2.754,-0.358,0.994 | dist = 91.14 (meters)
bg = -0.0045,0.0214,0.0772 | ba = 0.0032,0.1701,0.1693
camera-imu timeoffset = 0.00001
cam0 intrinsics = 467.304,466.362,365.327,250.041 | -0.280,0.072,0.001,-0.000
cam1 intrinsics = 466.039,465.124,378.165,256.618 | -0.279,0.071,0.000,-0.000
cam0 extrinsics = -0.008,0.006,0.702,0.712 | 0.069,-0.054,0.018
cam1 extrinsics = -0.002,0.011,0.703,0.711 | -0.048,-0.053,0.019
q_GtoI = 0.809,-0.066,0.584,0.021 | p_IinG = 2.727,-0.352,0.993 | dist = 91.16 (meters)
bg = -0.0043,0.0213,0.0771 | ba = 0.0031,0.1690,0.1722
camera-imu timeoffset = 0.00001
cam0 intrinsics = 467.303,466.357,365.329,250.038 | -0.280,0.072,0.001,-0.000
cam1 intrinsics = 466.039,465.119,378.167,256.615 | -0.279,0.071,0.000,-0.000
cam0 extrinsics = -0.008,0.006,0.702,0.712 | 0.069,-0.054,0.018
cam1 extrinsics = -0.002,0.011,0.703,0.711 | -0.048,-0.053,0.019
q_GtoI = 0.810,-0.069,0.582,0.017 | p_IinG = 2.699,-0.347,0.991 | dist = 91.19 (meters)
bg = -0.0042,0.0213,0.0771 | ba = 0.0033,0.1678,0.1751
camera-imu timeoffset = 0.00001
cam0 intrinsics = 467.304,466.354,365.332,250.036 | -0.280,0.072,0.001,-0.000
cam1 intrinsics = 466.039,465.116,378.169,256.612 | -0.279,0.071,0.000,-0.000
cam0 extrinsics = -0.008,0.006,0.702,0.712 | 0.069,-0.054,0.018
cam1 extrinsics = -0.002,0.011,0.703,0.711 | -0.048,-0.053,0.019
q_GtoI = 0.812,-0.072,0.580,0.013 | p_IinG = 2.669,-0.343,0.988 | dist = 91.22 (meters)
bg = -0.0041,0.0212,0.0771 | ba = 0.0038,0.1665,0.1786
camera-imu timeoffset = 0.00001
cam0 intrinsics = 467.302,466.347,365.335,250.032 | -0.280,0.072,0.001,-0.000
cam1 intrinsics = 466.038,465.110,378.173,256.609 | -0.279,0.071,0.000,-0.000
cam0 extrinsics = -0.008,0.006,0.702,0.712 | 0.069,-0.054,0.018
cam1 extrinsics = -0.002,0.011,0.703,0.711 | -0.048,-0.053,0.019
q_GtoI = 0.813,-0.074,0.578,0.010 | p_IinG = 2.639,-0.341,0.983 | dist = 91.25 (meters)
bg = -0.0039,0.0212,0.0770 | ba = 0.0036,0.1647,0.1811
camera-imu timeoffset = 0.00001
cam0 intrinsics = 467.304,466.344,365.336,250.029 | -0.280,0.072,0.001,-0.000
cam1 intrinsics = 466.040,465.106,378.175,256.606 | -0.279,0.071,0.000,-0.000
cam0 extrinsics = -0.008,0.006,0.702,0.712 | 0.069,-0.054,0.018
cam1 extrinsics = -0.002,0.011,0.703,0.711 | -0.048,-0.053,0.019
q_GtoI = 0.814,-0.075,0.576,0.008 | p_IinG = 2.609,-0.339,0.978 | dist = 91.28 (meters)
bg = -0.0039,0.0212,0.0770 | ba = 0.0026,0.1629,0.1830
camera-imu timeoffset = 0.00001
cam0 intrinsics = 467.309,466.342,365.337,250.026 | -0.280,0.072,0.001,-0.000
cam1 intrinsics = 466.044,465.105,378.176,256.604 | -0.279,0.071,0.000,-0.000
cam0 extrinsics = -0.008,0.006,0.702,0.712 | 0.069,-0.054,0.018
cam1 extrinsics = -0.002,0.011,0.703,0.711 | -0.048,-0.053,0.019
q_GtoI = 0.815,-0.075,0.574,0.008 | p_IinG = 2.578,-0.339,0.971 | dist = 91.31 (meters)
bg = -0.0038,0.0212,0.0770 | ba = 0.0035,0.1616,0.1855
camera-imu timeoffset = 0.00001
cam0 intrinsics = 467.311,466.341,365.339,250.024 | -0.280,0.072,0.001,-0.000
cam1 intrinsics = 466.046,465.103,378.177,256.601 | -0.279,0.071,0.000,-0.000
cam0 extrinsics = -0.008,0.006,0.702,0.712 | 0.069,-0.054,0.018
cam1 extrinsics = -0.002,0.011,0.703,0.711 | -0.048,-0.053,0.019
q_GtoI = 0.816,-0.073,0.573,0.011 | p_IinG = 2.547,-0.342,0.966 | dist = 91.33 (meters)
bg = -0.0038,0.0212,0.0770 | ba = 0.0044,0.1601,0.1886
camera-imu timeoffset = 0.00001
cam0 intrinsics = 467.311,466.341,365.341,250.019 | -0.280,0.072,0.001,-0.000
cam1 intrinsics = 466.047,465.104,378.179,256.595 | -0.279,0.071,0.000,-0.000
cam0 extrinsics = -0.008,0.006,0.702,0.712 | 0.069,-0.054,0.018
cam1 extrinsics = -0.002,0.011,0.703,0.711 | -0.048,-0.053,0.019
q_GtoI = 0.817,-0.070,0.572,0.016 | p_IinG = 2.515,-0.345,0.962 | dist = 91.36 (meters)
bg = -0.0038,0.0212,0.0770 | ba = 0.0056,0.1594,0.1913
camera-imu timeoffset = 0.00001
cam0 intrinsics = 467.313,466.342,365.342,250.016 | -0.280,0.072,0.001,-0.000
cam1 intrinsics = 466.048,465.104,378.179,256.592 | -0.279,0.071,0.000,-0.000
cam0 extrinsics = -0.008,0.006,0.702,0.712 | 0.069,-0.054,0.018
cam1 extrinsics = -0.002,0.011,0.703,0.711 | -0.048,-0.053,0.019
q_GtoI = 0.818,-0.064,0.571,0.025 | p_IinG = 2.484,-0.349,0.961 | dist = 91.39 (meters)
bg = -0.0038,0.0211,0.0770 | ba = 0.0062,0.1587,0.1936
camera-imu timeoffset = 0.00001
cam0 intrinsics = 467.315,466.343,365.342,250.013 | -0.280,0.072,0.001,-0.000
cam1 intrinsics = 466.050,465.105,378.179,256.589 | -0.279,0.071,0.000,-0.000
cam0 extrinsics = -0.008,0.006,0.702,0.712 | 0.069,-0.054,0.018
cam1 extrinsics = -0.002,0.011,0.703,0.711 | -0.048,-0.053,0.019
q_GtoI = 0.819,-0.059,0.570,0.032 | p_IinG = 2.453,-0.353,0.961 | dist = 91.42 (meters)
bg = -0.0038,0.0211,0.0771 | ba = 0.0062,0.1579,0.1956
camera-imu timeoffset = 0.00001
cam0 intrinsics = 467.317,466.345,365.342,250.010 | -0.280,0.072,0.001,-0.000
cam1 intrinsics = 466.052,465.108,378.179,256.587 | -0.279,0.071,0.000,-0.000
cam0 extrinsics = -0.008,0.006,0.702,0.712 | 0.069,-0.055,0.018
cam1 extrinsics = -0.002,0.011,0.703,0.711 | -0.048,-0.054,0.019
q_GtoI = 0.819,-0.055,0.570,0.037 | p_IinG = 2.422,-0.358,0.964 | dist = 91.45 (meters)
bg = -0.0038,0.0211,0.0770 | ba = 0.0061,0.1567,0.1972
camera-imu timeoffset = 0.00001
cam0 intrinsics = 467.320,466.349,365.342,250.007 | -0.280,0.072,0.001,-0.000
cam1 intrinsics = 466.055,465.111,378.178,256.584 | -0.279,0.071,0.000,-0.000
cam0 extrinsics = -0.008,0.006,0.702,0.712 | 0.069,-0.055,0.018
cam1 extrinsics = -0.002,0.011,0.703,0.711 | -0.049,-0.054,0.019
q_GtoI = 0.819,-0.053,0.569,0.040 | p_IinG = 2.390,-0.361,0.968 | dist = 91.48 (meters)
bg = -0.0038,0.0211,0.0770 | ba = 0.0054,0.1552,0.1982
camera-imu timeoffset = 0.00001
cam0 intrinsics = 467.324,466.353,365.340,250.005 | -0.280,0.072,0.001,-0.000
cam1 intrinsics = 466.058,465.115,378.176,256.583 | -0.279,0.071,0.000,-0.000
cam0 extrinsics = -0.008,0.006,0.702,0.712 | 0.069,-0.055,0.018
cam1 extrinsics = -0.002,0.011,0.703,0.711 | -0.049,-0.054,0.019
q_GtoI = 0.820,-0.052,0.569,0.042 | p_IinG = 2.357,-0.365,0.973 | dist = 91.51 (meters)
bg = -0.0037,0.0211,0.0770 | ba = 0.0068,0.1541,0.1995
camera-imu timeoffset = 0.00001
cam0 intrinsics = 467.324,466.355,365.339,250.002 | -0.280,0.072,0.001,-0.000
cam1 intrinsics = 466.059,465.117,378.174,256.579 | -0.279,0.071,0.000,-0.000
cam0 extrinsics = -0.008,0.006,0.702,0.712 | 0.069,-0.055,0.018
cam1 extrinsics = -0.002,0.011,0.703,0.711 | -0.049,-0.054,0.019
q_GtoI = 0.820,-0.051,0.569,0.044 | p_IinG = 2.324,-0.368,0.980 | dist = 91.55 (meters)
bg = -0.0036,0.0210,0.0770 | ba = 0.0079,0.1534,0.2011
camera-imu timeoffset = 0.00001
cam0 intrinsics = 467.323,466.360,365.337,249.996 | -0.280,0.072,0.001,-0.000
cam1 intrinsics = 466.054,465.120,378.174,256.576 | -0.279,0.071,0.000,-0.000
cam0 extrinsics = -0.008,0.006,0.702,0.712 | 0.069,-0.055,0.018
cam1 extrinsics = -0.002,0.011,0.703,0.711 | -0.049,-0.054,0.019
q_GtoI = 0.819,-0.052,0.570,0.044 | p_IinG = 2.292,-0.372,0.987 | dist = 91.58 (meters)
bg = -0.0035,0.0211,0.0769 | ba = 0.0098,0.1520,0.2016
camera-imu timeoffset = 0.00001
cam0 intrinsics = 467.321,466.358,365.337,249.994 | -0.280,0.072,0.001,-0.000
cam1 intrinsics = 466.053,465.117,378.173,256.574 | -0.279,0.071,0.000,-0.000
cam0 extrinsics = -0.008,0.006,0.702,0.712 | 0.069,-0.055,0.018
cam1 extrinsics = -0.002,0.011,0.703,0.711 | -0.049,-0.054,0.019
q_GtoI = 0.819,-0.052,0.570,0.045 | p_IinG = 2.260,-0.374,0.994 | dist = 91.61 (meters)
bg = -0.0035,0.0211,0.0769 | ba = 0.0103,0.1509,0.2015
camera-imu timeoffset = 0.00001
cam0 intrinsics = 467.321,466.361,365.336,249.991 | -0.280,0.072,0.001,-0.000
cam1 intrinsics = 466.052,465.119,378.171,256.571 | -0.279,0.071,0.000,-0.000
cam0 extrinsics = -0.008,0.006,0.702,0.712 | 0.069,-0.055,0.018
cam1 extrinsics = -0.002,0.011,0.703,0.711 | -0.049,-0.054,0.019
q_GtoI = 0.819,-0.052,0.570,0.045 | p_IinG = 2.229,-0.376,1.000 | dist = 91.64 (meters)
bg = -0.0034,0.0211,0.0769 | ba = 0.0101,0.1494,0.2008
camera-imu timeoffset = 0.00001
cam0 intrinsics = 467.321,466.363,365.334,249.987 | -0.280,0.072,0.001,-0.000
cam1 intrinsics = 466.052,465.122,378.169,256.568 | -0.279,0.071,0.000,-0.000
cam0 extrinsics = -0.008,0.006,0.702,0.712 | 0.069,-0.055,0.018
cam1 extrinsics = -0.002,0.011,0.703,0.711 | -0.049,-0.054,0.019
q_GtoI = 0.819,-0.053,0.570,0.046 | p_IinG = 2.198,-0.378,1.005 | dist = 91.67 (meters)
bg = -0.0034,0.0211,0.0769 | ba = 0.0094,0.1474,0.1997
camera-imu timeoffset = 0.00001
cam0 intrinsics = 467.320,466.367,365.333,249.984 | -0.280,0.072,0.001,-0.000
cam1 intrinsics = 466.051,465.126,378.167,256.565 | -0.279,0.071,0.000,-0.000
cam0 extrinsics = -0.008,0.006,0.702,0.712 | 0.069,-0.055,0.018
cam1 extrinsics = -0.002,0.011,0.703,0.711 | -0.049,-0.054,0.019
q_GtoI = 0.819,-0.054,0.570,0.046 | p_IinG = 2.167,-0.380,1.008 | dist = 91.70 (meters)
bg = -0.0034,0.0210,0.0769 | ba = 0.0101,0.1467,0.1995
camera-imu timeoffset = 0.00001
cam0 intrinsics = 467.319,466.368,365.332,249.981 | -0.280,0.072,0.001,-0.000
cam1 intrinsics = 466.050,465.127,378.166,256.562 | -0.279,0.071,0.000,-0.000
cam0 extrinsics = -0.008,0.006,0.702,0.712 | 0.069,-0.055,0.018
cam1 extrinsics = -0.002,0.011,0.703,0.711 | -0.049,-0.054,0.019
q_GtoI = 0.819,-0.055,0.570,0.045 | p_IinG = 2.136,-0.380,1.008 | dist = 91.73 (meters)
bg = -0.0034,0.0210,0.0769 | ba = 0.0105,0.1459,0.1988
camera-imu timeoffset = 0.00001
cam0 intrinsics = 467.317,466.369,365.331,249.978 | -0.280,0.072,0.001,-0.000
cam1 intrinsics = 466.048,465.129,378.164,256.559 | -0.279,0.071,0.000,-0.000
cam0 extrinsics = -0.008,0.006,0.702,0.712 | 0.069,-0.055,0.018
cam1 extrinsics = -0.002,0.011,0.703,0.711 | -0.049,-0.054,0.019
q_GtoI = 0.818,-0.056,0.570,0.045 | p_IinG = 2.105,-0.381,1.008 | dist = 91.76 (meters)
bg = -0.0033,0.0210,0.0769 | ba = 0.0110,0.1451,0.1980
camera-imu timeoffset = 0.00001
cam0 intrinsics = 467.316,466.371,365.331,249.974 | -0.280,0.072,0.001,-0.000
cam1 intrinsics = 466.046,465.131,378.163,256.555 | -0.279,0.071,0.000,-0.000
cam0 extrinsics = -0.007,0.006,0.702,0.712 | 0.069,-0.055,0.018
cam1 extrinsics = -0.002,0.011,0.703,0.711 | -0.049,-0.054,0.019
q_GtoI = 0.819,-0.056,0.570,0.046 | p_IinG = 2.075,-0.381,1.005 | dist = 91.79 (meters)
bg = -0.0033,0.0210,0.0768 | ba = 0.0109,0.1442,0.1969
camera-imu timeoffset = 0.00001
cam0 intrinsics = 467.314,466.373,365.329,249.970 | -0.280,0.072,0.001,-0.000
cam1 intrinsics = 466.045,465.133,378.161,256.551 | -0.279,0.071,0.000,-0.000
cam0 extrinsics = -0.007,0.006,0.702,0.712 | 0.069,-0.055,0.018
cam1 extrinsics = -0.002,0.011,0.703,0.711 | -0.049,-0.054,0.019
q_GtoI = 0.819,-0.058,0.569,0.045 | p_IinG = 2.045,-0.380,1.001 | dist = 91.82 (meters)
bg = -0.0033,0.0211,0.0769 | ba = 0.0103,0.1430,0.1956
camera-imu timeoffset = 0.00001
cam0 intrinsics = 467.314,466.376,365.327,249.966 | -0.280,0.072,0.001,-0.000
cam1 intrinsics = 466.044,465.136,378.159,256.547 | -0.279,0.071,0.000,-0.000
cam0 extrinsics = -0.007,0.006,0.702,0.712 | 0.069,-0.055,0.018
cam1 extrinsics = -0.002,0.011,0.703,0.711 | -0.049,-0.054,0.019
q_GtoI = 0.820,-0.058,0.568,0.045 | p_IinG = 2.014,-0.379,0.994 | dist = 91.85 (meters)
bg = -0.0033,0.0211,0.0769 | ba = 0.0111,0.1426,0.1952
camera-imu timeoffset = 0.00001
cam0 intrinsics = 467.313,466.378,365.327,249.962 | -0.280,0.072,0.001,-0.000
cam1 intrinsics = 466.043,465.138,378.157,256.544 | -0.279,0.071,0.000,-0.000
cam0 extrinsics = -0.007,0.006,0.702,0.712 | 0.069,-0.055,0.018
cam1 extrinsics = -0.002,0.011,0.703,0.711 | -0.049,-0.054,0.019
q_GtoI = 0.820,-0.058,0.568,0.045 | p_IinG = 1.984,-0.378,0.987 | dist = 91.88 (meters)
bg = -0.0033,0.0211,0.0769 | ba = 0.0116,0.1419,0.1948
camera-imu timeoffset = 0.00001
cam0 intrinsics = 467.311,466.380,365.326,249.958 | -0.280,0.072,0.001,-0.000
cam1 intrinsics = 466.041,465.140,378.156,256.540 | -0.279,0.071,0.000,-0.000
cam0 extrinsics = -0.007,0.006,0.702,0.712 | 0.069,-0.055,0.018
cam1 extrinsics = -0.002,0.011,0.703,0.711 | -0.049,-0.054,0.019
q_GtoI = 0.820,-0.059,0.568,0.045 | p_IinG = 1.954,-0.376,0.979 | dist = 91.91 (meters)
bg = -0.0033,0.0210,0.0769 | ba = 0.0119,0.1416,0.1942
camera-imu timeoffset = 0.00001
cam0 intrinsics = 467.310,466.381,365.325,249.953 | -0.280,0.072,0.001,-0.000
cam1 intrinsics = 466.039,465.141,378.155,256.536 | -0.279,0.071,0.000,-0.000
cam0 extrinsics = -0.007,0.006,0.702,0.712 | 0.069,-0.055,0.018
cam1 extrinsics = -0.002,0.011,0.703,0.711 | -0.049,-0.054,0.019
q_GtoI = 0.821,-0.059,0.567,0.046 | p_IinG = 1.925,-0.374,0.971 | dist = 91.94 (meters)
bg = -0.0032,0.0210,0.0768 | ba = 0.0128,0.1408,0.1931
camera-imu timeoffset = 0.00001
cam0 intrinsics = 467.307,466.383,365.326,249.948 | -0.280,0.072,0.001,-0.000
cam1 intrinsics = 466.036,465.141,378.154,256.531 | -0.279,0.071,0.000,-0.000
cam0 extrinsics = -0.007,0.006,0.702,0.712 | 0.069,-0.055,0.018
cam1 extrinsics = -0.002,0.011,0.703,0.711 | -0.049,-0.054,0.019
q_GtoI = 0.821,-0.060,0.566,0.045 | p_IinG = 1.895,-0.372,0.965 | dist = 91.97 (meters)
bg = -0.0032,0.0209,0.0768 | ba = 0.0129,0.1405,0.1924
camera-imu timeoffset = 0.00001
cam0 intrinsics = 467.306,466.384,365.325,249.944 | -0.280,0.072,0.001,-0.000
cam1 intrinsics = 466.034,465.142,378.152,256.527 | -0.279,0.071,0.000,-0.000
cam0 extrinsics = -0.007,0.006,0.702,0.712 | 0.069,-0.055,0.018
cam1 extrinsics = -0.002,0.011,0.703,0.711 | -0.049,-0.054,0.019
q_GtoI = 0.822,-0.060,0.565,0.045 | p_IinG = 1.867,-0.368,0.961 | dist = 92.00 (meters)
bg = -0.0032,0.0209,0.0768 | ba = 0.0131,0.1403,0.1917
camera-imu timeoffset = 0.00001
cam0 intrinsics = 467.304,466.385,365.324,249.939 | -0.280,0.072,0.001,-0.000
cam1 intrinsics = 466.031,465.143,378.150,256.523 | -0.279,0.071,0.000,-0.000
cam0 extrinsics = -0.007,0.006,0.702,0.712 | 0.069,-0.055,0.018
cam1 extrinsics = -0.002,0.011,0.703,0.711 | -0.049,-0.054,0.019
q_GtoI = 0.823,-0.061,0.563,0.044 | p_IinG = 1.838,-0.365,0.959 | dist = 92.03 (meters)
bg = -0.0031,0.0209,0.0768 | ba = 0.0130,0.1398,0.1909
camera-imu timeoffset = 0.00001
cam0 intrinsics = 467.302,466.385,365.323,249.935 | -0.280,0.072,0.001,-0.000
cam1 intrinsics = 466.029,465.143,378.148,256.519 | -0.279,0.071,0.000,-0.000
cam0 extrinsics = -0.007,0.006,0.702,0.712 | 0.069,-0.055,0.018
cam1 extrinsics = -0.002,0.011,0.703,0.711 | -0.049,-0.054,0.019
q_GtoI = 0.823,-0.062,0.562,0.044 | p_IinG = 1.810,-0.362,0.958 | dist = 92.06 (meters)
bg = -0.0031,0.0208,0.0768 | ba = 0.0128,0.1387,0.1895
camera-imu timeoffset = 0.00001
cam0 intrinsics = 467.299,466.384,365.323,249.929 | -0.280,0.072,0.001,-0.000
cam1 intrinsics = 466.026,465.143,378.147,256.514 | -0.279,0.071,0.000,-0.000
cam0 extrinsics = -0.007,0.006,0.702,0.712 | 0.069,-0.055,0.018
cam1 extrinsics = -0.002,0.011,0.703,0.711 | -0.049,-0.054,0.019
q_GtoI = 0.824,-0.064,0.562,0.042 | p_IinG = 1.783,-0.359,0.959 | dist = 92.09 (meters)
bg = -0.0030,0.0207,0.0767 | ba = 0.0109,0.1377,0.1879
camera-imu timeoffset = 0.00001
cam0 intrinsics = 467.298,466.385,365.322,249.924 | -0.280,0.072,0.001,-0.000
cam1 intrinsics = 466.024,465.143,378.144,256.509 | -0.279,0.071,0.000,-0.000
cam0 extrinsics = -0.007,0.006,0.702,0.712 | 0.069,-0.054,0.018
cam1 extrinsics = -0.002,0.011,0.703,0.711 | -0.049,-0.054,0.019
q_GtoI = 0.824,-0.065,0.561,0.041 | p_IinG = 1.756,-0.355,0.959 | dist = 92.11 (meters)
bg = -0.0030,0.0207,0.0767 | ba = 0.0102,0.1377,0.1867
camera-imu timeoffset = 0.00001
cam0 intrinsics = 467.296,466.384,365.321,249.919 | -0.280,0.072,0.001,-0.000
cam1 intrinsics = 466.022,465.142,378.142,256.504 | -0.279,0.071,0.000,-0.000
cam0 extrinsics = -0.007,0.006,0.702,0.712 | 0.069,-0.054,0.018
cam1 extrinsics = -0.002,0.011,0.703,0.711 | -0.049,-0.053,0.019
q_GtoI = 0.824,-0.066,0.561,0.040 | p_IinG = 1.730,-0.352,0.959 | dist = 92.14 (meters)
bg = -0.0030,0.0206,0.0767 | ba = 0.0093,0.1377,0.1854
camera-imu timeoffset = 0.00001
cam0 intrinsics = 467.295,466.384,365.320,249.914 | -0.280,0.072,0.001,-0.000
cam1 intrinsics = 466.021,465.142,378.141,256.500 | -0.279,0.071,0.000,-0.000
cam0 extrinsics = -0.007,0.006,0.702,0.712 | 0.069,-0.054,0.018
cam1 extrinsics = -0.002,0.011,0.703,0.711 | -0.049,-0.053,0.019
q_GtoI = 0.824,-0.067,0.561,0.039 | p_IinG = 1.705,-0.348,0.956 | dist = 92.17 (meters)
bg = -0.0029,0.0206,0.0767 | ba = 0.0080,0.1376,0.1838
camera-imu timeoffset = 0.00001
cam0 intrinsics = 467.294,466.383,365.319,249.909 | -0.280,0.072,0.001,-0.000
cam1 intrinsics = 466.019,465.141,378.139,256.495 | -0.279,0.071,0.000,-0.000
cam0 extrinsics = -0.007,0.006,0.702,0.712 | 0.069,-0.054,0.018
cam1 extrinsics = -0.002,0.011,0.703,0.711 | -0.049,-0.053,0.019
q_GtoI = 0.823,-0.068,0.562,0.039 | p_IinG = 1.680,-0.345,0.953 | dist = 92.19 (meters)
bg = -0.0029,0.0206,0.0768 | ba = 0.0063,0.1377,0.1822
camera-imu timeoffset = 0.00001
cam0 intrinsics = 467.293,466.383,365.318,249.904 | -0.280,0.072,0.001,-0.000
cam1 intrinsics = 466.018,465.141,378.137,256.490 | -0.279,0.071,0.000,-0.000
cam0 extrinsics = -0.007,0.006,0.702,0.712 | 0.069,-0.054,0.018
cam1 extrinsics = -0.002,0.011,0.703,0.711 | -0.049,-0.053,0.019
q_GtoI = 0.823,-0.068,0.563,0.039 | p_IinG = 1.656,-0.342,0.950 | dist = 92.22 (meters)
bg = -0.0029,0.0206,0.0767 | ba = 0.0040,0.1373,0.1804
camera-imu timeoffset = 0.00001
cam0 intrinsics = 467.293,466.382,365.316,249.898 | -0.280,0.072,0.001,-0.000
cam1 intrinsics = 466.018,465.140,378.135,256.485 | -0.279,0.071,0.000,-0.000
cam0 extrinsics = -0.007,0.006,0.702,0.712 | 0.069,-0.054,0.018
cam1 extrinsics = -0.002,0.011,0.703,0.711 | -0.049,-0.053,0.019
q_GtoI = 0.822,-0.069,0.564,0.038 | p_IinG = 1.633,-0.339,0.945 | dist = 92.24 (meters)
bg = -0.0028,0.0206,0.0767 | ba = 0.0031,0.1376,0.1792
camera-imu timeoffset = 0.00001
cam0 intrinsics = 467.293,466.382,365.316,249.893 | -0.280,0.072,0.001,-0.000
cam1 intrinsics = 466.017,465.140,378.133,256.480 | -0.279,0.071,0.000,-0.000
cam0 extrinsics = -0.007,0.006,0.702,0.712 | 0.069,-0.054,0.018
cam1 extrinsics = -0.002,0.011,0.703,0.711 | -0.049,-0.053,0.019
q_GtoI = 0.820,-0.070,0.566,0.037 | p_IinG = 1.610,-0.337,0.940 | dist = 92.27 (meters)
bg = -0.0029,0.0206,0.0767 | ba = 0.0021,0.1378,0.1779
camera-imu timeoffset = 0.00001
cam0 intrinsics = 467.293,466.383,365.315,249.887 | -0.280,0.072,0.001,-0.000
cam1 intrinsics = 466.017,465.141,378.132,256.475 | -0.279,0.071,0.000,-0.000
cam0 extrinsics = -0.007,0.006,0.702,0.712 | 0.069,-0.054,0.018
cam1 extrinsics = -0.002,0.011,0.703,0.711 | -0.049,-0.053,0.019
q_GtoI = 0.820,-0.070,0.567,0.036 | p_IinG = 1.588,-0.334,0.936 | dist = 92.29 (meters)
bg = -0.0028,0.0206,0.0766 | ba = 0.0015,0.1378,0.1764
camera-imu timeoffset = 0.00001
cam0 intrinsics = 467.291,466.382,365.315,249.880 | -0.280,0.072,0.001,-0.000
cam1 intrinsics = 466.015,465.140,378.131,256.468 | -0.279,0.071,0.000,-0.000
cam0 extrinsics = -0.007,0.006,0.702,0.712 | 0.069,-0.054,0.018
cam1 extrinsics = -0.002,0.011,0.703,0.711 | -0.049,-0.053,0.019
q_GtoI = 0.819,-0.070,0.568,0.036 | p_IinG = 1.566,-0.332,0.934 | dist = 92.31 (meters)
bg = -0.0028,0.0207,0.0766 | ba = 0.0005,0.1380,0.1750
camera-imu timeoffset = 0.00001
cam0 intrinsics = 467.289,466.382,365.315,249.873 | -0.280,0.072,0.001,-0.000
cam1 intrinsics = 466.012,465.139,378.130,256.462 | -0.279,0.071,0.000,-0.000
cam0 extrinsics = -0.007,0.006,0.702,0.712 | 0.069,-0.054,0.018
cam1 extrinsics = -0.002,0.011,0.703,0.711 | -0.049,-0.053,0.019
q_GtoI = 0.819,-0.069,0.569,0.037 | p_IinG = 1.545,-0.330,0.935 | dist = 92.33 (meters)
bg = -0.0028,0.0208,0.0766 | ba = -0.0006,0.1379,0.1736
camera-imu timeoffset = 0.00001
cam0 intrinsics = 467.287,466.382,365.314,249.867 | -0.280,0.072,0.001,-0.000
cam1 intrinsics = 466.010,465.139,378.129,256.455 | -0.279,0.071,0.000,-0.000
cam0 extrinsics = -0.007,0.006,0.702,0.712 | 0.069,-0.054,0.018
cam1 extrinsics = -0.002,0.011,0.703,0.711 | -0.049,-0.053,0.019
q_GtoI = 0.818,-0.067,0.570,0.040 | p_IinG = 1.523,-0.328,0.937 | dist = 92.36 (meters)
bg = -0.0028,0.0209,0.0766 | ba = -0.0021,0.1376,0.1721
camera-imu timeoffset = 0.00001
cam0 intrinsics = 467.285,466.382,365.314,249.861 | -0.280,0.072,0.001,-0.000
cam1 intrinsics = 466.008,465.140,378.128,256.450 | -0.279,0.071,0.000,-0.000
cam0 extrinsics = -0.007,0.006,0.702,0.712 | 0.069,-0.054,0.018
cam1 extrinsics = -0.002,0.011,0.703,0.711 | -0.049,-0.053,0.019
q_GtoI = 0.818,-0.065,0.570,0.041 | p_IinG = 1.502,-0.327,0.942 | dist = 92.38 (meters)
bg = -0.0028,0.0209,0.0766 | ba = -0.0038,0.1367,0.1708
camera-imu timeoffset = 0.00001
cam0 intrinsics = 467.284,466.384,365.313,249.856 | -0.280,0.072,0.001,-0.000
cam1 intrinsics = 466.007,465.141,378.127,256.446 | -0.279,0.071,0.000,-0.000
cam0 extrinsics = -0.007,0.006,0.702,0.712 | 0.069,-0.054,0.018
cam1 extrinsics = -0.002,0.011,0.703,0.711 | -0.049,-0.053,0.019
q_GtoI = 0.818,-0.064,0.570,0.043 | p_IinG = 1.480,-0.326,0.948 | dist = 92.40 (meters)
bg = -0.0028,0.0209,0.0766 | ba = -0.0051,0.1355,0.1694
camera-imu timeoffset = 0.00002
cam0 intrinsics = 467.283,466.386,365.312,249.851 | -0.280,0.072,0.001,-0.000
cam1 intrinsics = 466.006,465.143,378.125,256.442 | -0.279,0.071,0.000,-0.000
cam0 extrinsics = -0.007,0.006,0.702,0.712 | 0.069,-0.054,0.018
cam1 extrinsics = -0.002,0.011,0.703,0.711 | -0.049,-0.054,0.019
q_GtoI = 0.819,-0.063,0.568,0.045 | p_IinG = 1.459,-0.325,0.955 | dist = 92.42 (meters)
bg = -0.0028,0.0209,0.0765 | ba = -0.0064,0.1341,0.1681
camera-imu timeoffset = 0.00002
cam0 intrinsics = 467.282,466.388,365.311,249.847 | -0.280,0.072,0.001,-0.000
cam1 intrinsics = 466.004,465.145,378.124,256.438 | -0.279,0.071,0.000,-0.000
cam0 extrinsics = -0.007,0.006,0.702,0.712 | 0.069,-0.054,0.018
cam1 extrinsics = -0.002,0.011,0.703,0.711 | -0.049,-0.054,0.019
q_GtoI = 0.821,-0.063,0.565,0.045 | p_IinG = 1.439,-0.324,0.960 | dist = 92.44 (meters)
bg = -0.0028,0.0209,0.0765 | ba = -0.0077,0.1323,0.1668
camera-imu timeoffset = 0.00001
cam0 intrinsics = 467.281,466.389,365.309,249.843 | -0.280,0.072,0.001,-0.000
cam1 intrinsics = 466.003,465.146,378.122,256.435 | -0.279,0.071,0.000,-0.000
cam0 extrinsics = -0.007,0.006,0.702,0.712 | 0.069,-0.054,0.018
cam1 extrinsics = -0.002,0.011,0.703,0.711 | -0.049,-0.054,0.019
q_GtoI = 0.823,-0.063,0.563,0.045 | p_IinG = 1.417,-0.321,0.964 | dist = 92.47 (meters)
bg = -0.0029,0.0209,0.0765 | ba = -0.0070,0.1332,0.1667
camera-imu timeoffset = 0.00001
cam0 intrinsics = 467.279,466.390,365.308,249.839 | -0.280,0.072,0.001,-0.000
cam1 intrinsics = 466.000,465.147,378.120,256.430 | -0.279,0.071,0.000,-0.000
cam0 extrinsics = -0.007,0.006,0.702,0.712 | 0.069,-0.054,0.018
cam1 extrinsics = -0.002,0.011,0.703,0.711 | -0.049,-0.054,0.019
q_GtoI = 0.825,-0.063,0.560,0.045 | p_IinG = 1.396,-0.319,0.966 | dist = 92.49 (meters)
bg = -0.0028,0.0209,0.0765 | ba = -0.0063,0.1337,0.1665
camera-imu timeoffset = 0.00001
cam0 intrinsics = 467.276,466.390,365.307,249.834 | -0.280,0.072,0.001,-0.000
cam1 intrinsics = 465.998,465.147,378.118,256.426 | -0.279,0.071,0.000,-0.000
cam0 extrinsics = -0.007,0.006,0.702,0.712 | 0.069,-0.054,0.018
cam1 extrinsics = -0.002,0.011,0.703,0.711 | -0.049,-0.054,0.019
q_GtoI = 0.827,-0.064,0.557,0.045 | p_IinG = 1.375,-0.316,0.967 | dist = 92.51 (meters)
bg = -0.0028,0.0209,0.0765 | ba = -0.0054,0.1342,0.1665
camera-imu timeoffset = 0.00001
cam0 intrinsics = 467.273,466.389,365.306,249.828 | -0.280,0.072,0.001,-0.000
cam1 intrinsics = 465.994,465.147,378.116,256.421 | -0.279,0.071,0.000,-0.000
cam0 extrinsics = -0.007,0.006,0.702,0.712 | 0.069,-0.054,0.018
cam1 extrinsics = -0.002,0.011,0.703,0.711 | -0.049,-0.054,0.019
q_GtoI = 0.828,-0.064,0.555,0.044 | p_IinG = 1.356,-0.313,0.967 | dist = 92.52 (meters)
bg = -0.0028,0.0208,0.0765 | ba = -0.0049,0.1343,0.1663
camera-imu timeoffset = 0.00001
cam0 intrinsics = 467.270,466.388,365.305,249.823 | -0.280,0.072,0.001,-0.000
cam1 intrinsics = 465.991,465.145,378.114,256.416 | -0.279,0.071,0.000,-0.000
cam0 extrinsics = -0.007,0.006,0.702,0.712 | 0.069,-0.054,0.018
cam1 extrinsics = -0.002,0.011,0.703,0.711 | -0.049,-0.054,0.019
q_GtoI = 0.829,-0.065,0.553,0.044 | p_IinG = 1.337,-0.311,0.966 | dist = 92.54 (meters)
bg = -0.0028,0.0208,0.0764 | ba = -0.0048,0.1342,0.1660
camera-imu timeoffset = 0.00002
cam0 intrinsics = 467.269,466.387,365.304,249.819 | -0.280,0.072,0.001,-0.000
cam1 intrinsics = 465.990,465.145,378.112,256.413 | -0.279,0.071,0.000,-0.000
cam0 extrinsics = -0.007,0.006,0.702,0.712 | 0.069,-0.054,0.018
cam1 extrinsics = -0.002,0.011,0.703,0.711 | -0.049,-0.054,0.019
q_GtoI = 0.831,-0.065,0.551,0.044 | p_IinG = 1.320,-0.308,0.964 | dist = 92.56 (meters)
bg = -0.0028,0.0208,0.0764 | ba = -0.0049,0.1338,0.1657
camera-imu timeoffset = 0.00002
cam0 intrinsics = 467.269,466.388,365.302,249.814 | -0.280,0.072,0.001,-0.000
cam1 intrinsics = 465.989,465.145,378.110,256.408 | -0.279,0.071,0.000,-0.000
cam0 extrinsics = -0.007,0.006,0.702,0.712 | 0.069,-0.054,0.018
cam1 extrinsics = -0.002,0.011,0.703,0.711 | -0.049,-0.054,0.019
q_GtoI = 0.832,-0.065,0.550,0.044 | p_IinG = 1.304,-0.306,0.960 | dist = 92.58 (meters)
bg = -0.0028,0.0209,0.0764 | ba = -0.0054,0.1333,0.1652
camera-imu timeoffset = 0.00001
cam0 intrinsics = 467.269,466.388,365.300,249.809 | -0.280,0.072,0.001,-0.000
cam1 intrinsics = 465.989,465.145,378.108,256.404 | -0.279,0.071,0.000,-0.000
cam0 extrinsics = -0.007,0.006,0.702,0.712 | 0.069,-0.054,0.018
cam1 extrinsics = -0.002,0.011,0.703,0.711 | -0.049,-0.054,0.019
q_GtoI = 0.831,-0.065,0.551,0.044 | p_IinG = 1.289,-0.304,0.957 | dist = 92.59 (meters)
bg = -0.0028,0.0211,0.0763 | ba = -0.0061,0.1326,0.1649
camera-imu timeoffset = 0.00001
cam0 intrinsics = 467.269,466.388,365.297,249.804 | -0.280,0.072,0.001,-0.000
cam1 intrinsics = 465.989,465.145,378.107,256.400 | -0.279,0.071,0.000,-0.000
cam0 extrinsics = -0.007,0.006,0.702,0.712 | 0.069,-0.054,0.018
cam1 extrinsics = -0.002,0.011,0.703,0.711 | -0.049,-0.054,0.019
q_GtoI = 0.828,-0.064,0.555,0.044 | p_IinG = 1.276,-0.302,0.954 | dist = 92.60 (meters)
bg = -0.0028,0.0212,0.0763 | ba = -0.0070,0.1317,0.1646
camera-imu timeoffset = 0.00001
cam0 intrinsics = 467.267,466.386,365.295,249.800 | -0.280,0.072,0.001,-0.000
cam1 intrinsics = 465.986,465.142,378.105,256.397 | -0.279,0.071,0.000,-0.000
cam0 extrinsics = -0.007,0.006,0.702,0.712 | 0.069,-0.054,0.018
cam1 extrinsics = -0.002,0.011,0.703,0.711 | -0.049,-0.054,0.019
q_GtoI = 0.825,-0.065,0.559,0.043 | p_IinG = 1.262,-0.299,0.948 | dist = 92.62 (meters)
bg = -0.0027,0.0214,0.0764 | ba = -0.0049,0.1324,0.1651
camera-imu timeoffset = 0.00001
cam0 intrinsics = 467.265,466.383,365.294,249.797 | -0.280,0.072,0.001,-0.000
cam1 intrinsics = 465.984,465.139,378.105,256.395 | -0.279,0.071,0.000,-0.000
cam0 extrinsics = -0.007,0.006,0.702,0.712 | 0.069,-0.054,0.018
cam1 extrinsics = -0.002,0.011,0.703,0.711 | -0.049,-0.054,0.019
q_GtoI = 0.823,-0.066,0.563,0.043 | p_IinG = 1.249,-0.296,0.942 | dist = 92.63 (meters)
bg = -0.0027,0.0215,0.0764 | ba = -0.0031,0.1331,0.1656
camera-imu timeoffset = 0.00001
cam0 intrinsics = 467.264,466.384,365.294,249.795 | -0.280,0.072,0.001,-0.000
cam1 intrinsics = 465.982,465.139,378.105,256.393 | -0.279,0.071,0.000,-0.000
cam0 extrinsics = -0.007,0.006,0.702,0.712 | 0.069,-0.054,0.018
cam1 extrinsics = -0.002,0.011,0.703,0.711 | -0.049,-0.053,0.019
q_GtoI = 0.822,-0.065,0.565,0.044 | p_IinG = 1.236,-0.294,0.934 | dist = 92.64 (meters)
bg = -0.0026,0.0215,0.0765 | ba = -0.0011,0.1328,0.1658
camera-imu timeoffset = 0.00001
cam0 intrinsics = 467.262,466.385,365.294,249.793 | -0.280,0.072,0.001,-0.000
cam1 intrinsics = 465.981,465.141,378.105,256.391 | -0.279,0.071,0.000,-0.000
cam0 extrinsics = -0.007,0.006,0.702,0.712 | 0.069,-0.054,0.018
cam1 extrinsics = -0.002,0.011,0.703,0.711 | -0.049,-0.053,0.019
q_GtoI = 0.821,-0.065,0.566,0.044 | p_IinG = 1.223,-0.292,0.925 | dist = 92.66 (meters)
bg = -0.0026,0.0215,0.0765 | ba = 0.0006,0.1325,0.1662
camera-imu timeoffset = 0.00001
cam0 intrinsics = 467.261,466.387,365.293,249.790 | -0.280,0.072,0.001,-0.000
cam1 intrinsics = 465.979,465.143,378.105,256.389 | -0.279,0.071,0.000,-0.000
cam0 extrinsics = -0.007,0.006,0.702,0.712 | 0.069,-0.054,0.018
cam1 extrinsics = -0.002,0.011,0.703,0.711 | -0.049,-0.053,0.019
q_GtoI = 0.819,-0.065,0.568,0.044 | p_IinG = 1.210,-0.289,0.917 | dist = 92.67 (meters)
bg = -0.0026,0.0215,0.0765 | ba = 0.0017,0.1322,0.1665
camera-imu timeoffset = 0.00001
cam0 intrinsics = 467.260,466.390,365.293,249.787 | -0.280,0.072,0.001,-0.000
cam1 intrinsics = 465.978,465.145,378.105,256.386 | -0.279,0.071,0.000,-0.000
cam0 extrinsics = -0.007,0.006,0.702,0.712 | 0.069,-0.054,0.018
cam1 extrinsics = -0.002,0.011,0.703,0.711 | -0.049,-0.053,0.019
q_GtoI = 0.815,-0.064,0.574,0.045 | p_IinG = 1.198,-0.287,0.909 | dist = 92.68 (meters)
bg = -0.0026,0.0217,0.0766 | ba = 0.0024,0.1314,0.1667
camera-imu timeoffset = 0.00001
cam0 intrinsics = 467.257,466.390,365.292,249.783 | -0.280,0.072,0.001,-0.000
cam1 intrinsics = 465.975,465.145,378.105,256.382 | -0.279,0.071,0.000,-0.000
cam0 extrinsics = -0.007,0.006,0.702,0.712 | 0.069,-0.054,0.018
cam1 extrinsics = -0.002,0.011,0.703,0.711 | -0.049,-0.053,0.019
q_GtoI = 0.812,-0.064,0.579,0.044 | p_IinG = 1.186,-0.283,0.901 | dist = 92.70 (meters)
bg = -0.0026,0.0218,0.0766 | ba = 0.0025,0.1308,0.1673
camera-imu timeoffset = 0.00001
cam0 intrinsics = 467.255,466.391,365.291,249.779 | -0.280,0.072,0.001,-0.000
cam1 intrinsics = 465.973,465.146,378.104,256.380 | -0.279,0.071,0.000,-0.000
cam0 extrinsics = -0.007,0.006,0.702,0.712 | 0.069,-0.054,0.018
cam1 extrinsics = -0.002,0.011,0.703,0.711 | -0.049,-0.053,0.019
q_GtoI = 0.811,-0.064,0.580,0.043 | p_IinG = 1.172,-0.280,0.892 | dist = 92.71 (meters)
bg = -0.0026,0.0218,0.0767 | ba = 0.0043,0.1307,0.1679
camera-imu timeoffset = 0.00001
cam0 intrinsics = 467.257,466.395,365.290,249.776 | -0.280,0.072,0.001,-0.000
cam1 intrinsics = 465.974,465.150,378.104,256.377 | -0.279,0.071,0.000,-0.000
cam0 extrinsics = -0.007,0.006,0.702,0.712 | 0.069,-0.054,0.018
cam1 extrinsics = -0.002,0.011,0.703,0.711 | -0.049,-0.053,0.019
q_GtoI = 0.811,-0.064,0.579,0.043 | p_IinG = 1.158,-0.276,0.884 | dist = 92.73 (meters)
bg = -0.0025,0.0218,0.0767 | ba = 0.0060,0.1307,0.1684
camera-imu timeoffset = 0.00001
cam0 intrinsics = 467.258,466.401,365.288,249.772 | -0.280,0.072,0.001,-0.000
cam1 intrinsics = 465.976,465.156,378.103,256.373 | -0.279,0.071,0.000,-0.000
cam0 extrinsics = -0.007,0.006,0.702,0.712 | 0.069,-0.054,0.018
cam1 extrinsics = -0.002,0.011,0.703,0.711 | -0.049,-0.053,0.019
q_GtoI = 0.813,-0.064,0.577,0.044 | p_IinG = 1.136,-0.275,0.878 | dist = 92.74 (meters)
bg = -0.0025,0.0217,0.0766 | ba = 0.0103,0.1290,0.1756
camera-imu timeoffset = 0.00001
cam0 intrinsics = 467.265,466.413,365.283,249.762 | -0.280,0.072,0.001,-0.000
cam1 intrinsics = 465.982,465.167,378.110,256.363 | -0.279,0.071,0.000,-0.000
cam0 extrinsics = -0.007,0.006,0.702,0.712 | 0.069,-0.054,0.018
cam1 extrinsics = -0.002,0.011,0.703,0.711 | -0.049,-0.053,0.019
q_GtoI = 0.817,-0.064,0.571,0.044 | p_IinG = 1.119,-0.271,0.873 | dist = 92.76 (meters)
bg = -0.0025,0.0217,0.0767 | ba = 0.0104,0.1289,0.1757
camera-imu timeoffset = 0.00001
cam0 intrinsics = 467.264,466.415,365.282,249.755 | -0.280,0.072,0.001,-0.000
cam1 intrinsics = 465.981,465.169,378.109,256.357 | -0.279,0.071,0.000,-0.000
cam0 extrinsics = -0.007,0.006,0.702,0.712 | 0.069,-0.054,0.019
cam1 extrinsics = -0.002,0.011,0.703,0.711 | -0.049,-0.053,0.019
q_GtoI = 0.822,-0.066,0.564,0.042 | p_IinG = 1.102,-0.267,0.870 | dist = 92.78 (meters)
bg = -0.0025,0.0215,0.0766 | ba = 0.0097,0.1283,0.1757
camera-imu timeoffset = 0.00001
cam0 intrinsics = 467.260,466.411,365.281,249.748 | -0.280,0.072,0.001,-0.000
cam1 intrinsics = 465.977,465.166,378.110,256.350 | -0.279,0.071,0.000,-0.000
cam0 extrinsics = -0.007,0.006,0.702,0.712 | 0.069,-0.054,0.019
cam1 extrinsics = -0.002,0.011,0.703,0.711 | -0.049,-0.053,0.019
q_GtoI = 0.827,-0.069,0.557,0.039 | p_IinG = 1.086,-0.263,0.867 | dist = 92.79 (meters)
bg = -0.0025,0.0214,0.0766 | ba = 0.0082,0.1278,0.1743
camera-imu timeoffset = 0.00001
cam0 intrinsics = 467.259,466.409,365.280,249.744 | -0.280,0.072,0.001,-0.000
cam1 intrinsics = 465.975,465.163,378.110,256.347 | -0.279,0.071,0.000,-0.000
cam0 extrinsics = -0.007,0.006,0.702,0.712 | 0.069,-0.054,0.019
cam1 extrinsics = -0.002,0.011,0.703,0.711 | -0.049,-0.053,0.020
q_GtoI = 0.830,-0.070,0.552,0.037 | p_IinG = 1.072,-0.260,0.865 | dist = 92.81 (meters)
bg = -0.0024,0.0212,0.0767 | ba = 0.0075,0.1282,0.1729
camera-imu timeoffset = 0.00002
cam0 intrinsics = 467.255,466.404,365.280,249.743 | -0.280,0.072,0.001,-0.000
cam1 intrinsics = 465.971,465.158,378.111,256.347 | -0.279,0.071,0.000,-0.000
cam0 extrinsics = -0.007,0.006,0.702,0.712 | 0.069,-0.054,0.019
cam1 extrinsics = -0.002,0.011,0.703,0.711 | -0.049,-0.053,0.020
q_GtoI = 0.829,-0.071,0.553,0.036 | p_IinG = 1.059,-0.257,0.863 | dist = 92.82 (meters)
bg = -0.0024,0.0212,0.0767 | ba = 0.0068,0.1288,0.1713
camera-imu timeoffset = 0.00002
cam0 intrinsics = 467.254,466.402,365.279,249.744 | -0.280,0.072,0.001,-0.000
cam1 intrinsics = 465.970,465.156,378.111,256.348 | -0.279,0.071,0.000,-0.000
cam0 extrinsics = -0.007,0.006,0.702,0.712 | 0.069,-0.054,0.019
cam1 extrinsics = -0.002,0.011,0.703,0.711 | -0.049,-0.053,0.020
q_GtoI = 0.828,-0.072,0.555,0.034 | p_IinG = 1.047,-0.254,0.860 | dist = 92.84 (meters)
bg = -0.0024,0.0211,0.0767 | ba = 0.0059,0.1292,0.1696
camera-imu timeoffset = 0.00002
cam0 intrinsics = 467.253,466.401,365.279,249.743 | -0.280,0.072,0.001,-0.000
cam1 intrinsics = 465.969,465.155,378.111,256.348 | -0.279,0.071,0.000,-0.000
cam0 extrinsics = -0.007,0.006,0.702,0.712 | 0.069,-0.053,0.019
cam1 extrinsics = -0.002,0.011,0.703,0.711 | -0.049,-0.053,0.020
q_GtoI = 0.826,-0.076,0.558,0.030 | p_IinG = 1.036,-0.252,0.857 | dist = 92.85 (meters)
bg = -0.0023,0.0212,0.0767 | ba = 0.0050,0.1294,0.1680
camera-imu timeoffset = 0.00002
cam0 intrinsics = 467.252,466.399,365.277,249.741 | -0.280,0.072,0.001,-0.000
cam1 intrinsics = 465.969,465.153,378.110,256.347 | -0.279,0.071,0.000,-0.000
cam0 extrinsics = -0.007,0.006,0.702,0.712 | 0.069,-0.053,0.019
cam1 extrinsics = -0.002,0.011,0.703,0.711 | -0.049,-0.053,0.020
q_GtoI = 0.823,-0.080,0.561,0.024 | p_IinG = 1.025,-0.251,0.854 | dist = 92.86 (meters)
bg = -0.0022,0.0212,0.0767 | ba = 0.0036,0.1290,0.1662
camera-imu timeoffset = 0.00002
cam0 intrinsics = 467.253,466.397,365.275,249.738 | -0.280,0.072,0.001,-0.000
cam1 intrinsics = 465.969,465.151,378.109,256.344 | -0.279,0.071,0.000,-0.000
cam0 extrinsics = -0.007,0.007,0.702,0.712 | 0.069,-0.053,0.019
cam1 extrinsics = -0.002,0.011,0.703,0.711 | -0.049,-0.052,0.020
q_GtoI = 0.822,-0.082,0.564,0.021 | p_IinG = 1.016,-0.252,0.850 | dist = 92.87 (meters)
bg = -0.0022,0.0213,0.0767 | ba = 0.0017,0.1288,0.1645
camera-imu timeoffset = 0.00002
cam0 intrinsics = 467.254,466.396,365.273,249.735 | -0.280,0.072,0.001,-0.000
cam1 intrinsics = 465.970,465.151,378.108,256.342 | -0.279,0.071,0.000,-0.000
cam0 extrinsics = -0.007,0.007,0.702,0.712 | 0.069,-0.053,0.019
cam1 extrinsics = -0.002,0.011,0.703,0.711 | -0.049,-0.052,0.020
q_GtoI = 0.821,-0.081,0.565,0.023 | p_IinG = 1.007,-0.254,0.846 | dist = 92.89 (meters)
bg = -0.0022,0.0213,0.0767 | ba = -0.0007,0.1286,0.1631
camera-imu timeoffset = 0.00002
cam0 intrinsics = 467.255,466.395,365.271,249.733 | -0.280,0.072,0.001,-0.000
cam1 intrinsics = 465.971,465.149,378.107,256.340 | -0.279,0.071,0.000,-0.000
cam0 extrinsics = -0.007,0.007,0.702,0.712 | 0.069,-0.053,0.019
cam1 extrinsics = -0.002,0.011,0.703,0.711 | -0.049,-0.052,0.020
q_GtoI = 0.821,-0.077,0.566,0.028 | p_IinG = 0.998,-0.257,0.843 | dist = 92.90 (meters)
bg = -0.0023,0.0214,0.0767 | ba = -0.0037,0.1286,0.1624
camera-imu timeoffset = 0.00002
cam0 intrinsics = 467.255,466.392,365.270,249.731 | -0.280,0.072,0.001,-0.000
cam1 intrinsics = 465.971,465.147,378.107,256.340 | -0.279,0.071,0.000,-0.000
cam0 extrinsics = -0.007,0.007,0.702,0.712 | 0.069,-0.053,0.019
cam1 extrinsics = -0.002,0.011,0.703,0.711 | -0.049,-0.052,0.020
q_GtoI = 0.821,-0.074,0.566,0.033 | p_IinG = 0.985,-0.262,0.839 | dist = 92.91 (meters)
bg = -0.0024,0.0216,0.0767 | ba = -0.0046,0.1276,0.1665
camera-imu timeoffset = 0.00002
cam0 intrinsics = 467.257,466.394,365.269,249.728 | -0.280,0.072,0.001,-0.000
cam1 intrinsics = 465.973,465.148,378.109,256.340 | -0.279,0.071,0.000,-0.000
cam0 extrinsics = -0.007,0.007,0.702,0.712 | 0.069,-0.053,0.019
cam1 extrinsics = -0.002,0.011,0.703,0.711 | -0.049,-0.052,0.020
q_GtoI = 0.821,-0.069,0.566,0.040 | p_IinG = 0.976,-0.266,0.834 | dist = 92.92 (meters)
bg = -0.0024,0.0216,0.0767 | ba = -0.0040,0.1289,0.1656
camera-imu timeoffset = 0.00002
cam0 intrinsics = 467.256,466.395,365.268,249.728 | -0.280,0.072,0.001,-0.000
cam1 intrinsics = 465.972,465.149,378.108,256.340 | -0.279,0.071,0.000,-0.000
cam0 extrinsics = -0.007,0.007,0.702,0.712 | 0.069,-0.053,0.019
cam1 extrinsics = -0.002,0.011,0.703,0.711 | -0.049,-0.052,0.020
q_GtoI = 0.821,-0.066,0.565,0.044 | p_IinG = 0.966,-0.270,0.827 | dist = 92.93 (meters)
bg = -0.0025,0.0215,0.0768 | ba = -0.0038,0.1297,0.1654
camera-imu timeoffset = 0.00002
cam0 intrinsics = 467.254,466.396,365.267,249.728 | -0.280,0.072,0.001,-0.000
cam1 intrinsics = 465.970,465.150,378.108,256.340 | -0.279,0.071,0.000,-0.000
cam0 extrinsics = -0.007,0.007,0.702,0.712 | 0.069,-0.053,0.019
cam1 extrinsics = -0.002,0.011,0.703,0.711 | -0.049,-0.052,0.020
q_GtoI = 0.822,-0.064,0.565,0.047 | p_IinG = 0.957,-0.274,0.821 | dist = 92.95 (meters)
bg = -0.0025,0.0215,0.0768 | ba = -0.0035,0.1303,0.1649
camera-imu timeoffset = 0.00002
cam0 intrinsics = 467.252,466.398,365.267,249.726 | -0.280,0.072,0.001,-0.000
cam1 intrinsics = 465.968,465.152,378.108,256.339 | -0.279,0.071,0.000,-0.000
cam0 extrinsics = -0.007,0.007,0.702,0.712 | 0.069,-0.053,0.019
cam1 extrinsics = -0.002,0.011,0.703,0.711 | -0.049,-0.052,0.020
q_GtoI = 0.822,-0.062,0.564,0.049 | p_IinG = 0.948,-0.277,0.815 | dist = 92.96 (meters)
bg = -0.0025,0.0215,0.0768 | ba = -0.0035,0.1307,0.1643
camera-imu timeoffset = 0.00002
cam0 intrinsics = 467.250,466.399,365.266,249.726 | -0.280,0.072,0.001,-0.000
cam1 intrinsics = 465.966,465.153,378.107,256.340 | -0.279,0.071,0.000,-0.000
cam0 extrinsics = -0.007,0.007,0.702,0.712 | 0.069,-0.053,0.019
cam1 extrinsics = -0.002,0.011,0.703,0.711 | -0.049,-0.052,0.020
q_GtoI = 0.822,-0.060,0.564,0.052 | p_IinG = 0.940,-0.280,0.808 | dist = 92.97 (meters)
bg = -0.0025,0.0216,0.0769 | ba = -0.0037,0.1314,0.1639
camera-imu timeoffset = 0.00001
cam0 intrinsics = 467.248,466.400,365.266,249.725 | -0.280,0.072,0.001,-0.000
cam1 intrinsics = 465.964,465.154,378.107,256.340 | -0.279,0.071,0.000,-0.000
cam0 extrinsics = -0.007,0.007,0.702,0.712 | 0.069,-0.053,0.019
cam1 extrinsics = -0.002,0.011,0.703,0.711 | -0.049,-0.052,0.020
q_GtoI = 0.822,-0.059,0.564,0.053 | p_IinG = 0.932,-0.283,0.801 | dist = 92.98 (meters)
bg = -0.0025,0.0216,0.0769 | ba = -0.0044,0.1321,0.1637
camera-imu timeoffset = 0.00002
cam0 intrinsics = 467.247,466.402,365.265,249.724 | -0.280,0.072,0.001,-0.000
cam1 intrinsics = 465.963,465.156,378.107,256.340 | -0.279,0.071,0.000,-0.000
cam0 extrinsics = -0.007,0.007,0.702,0.712 | 0.069,-0.053,0.019
cam1 extrinsics = -0.002,0.011,0.703,0.711 | -0.049,-0.052,0.020
q_GtoI = 0.824,-0.059,0.561,0.054 | p_IinG = 0.925,-0.285,0.795 | dist = 92.99 (meters)
bg = -0.0025,0.0217,0.0769 | ba = -0.0064,0.1324,0.1630
camera-imu timeoffset = 0.00002
cam0 intrinsics = 467.247,466.402,365.264,249.725 | -0.280,0.072,0.001,-0.000
cam1 intrinsics = 465.963,465.157,378.107,256.343 | -0.279,0.071,0.000,-0.000
cam0 extrinsics = -0.007,0.007,0.702,0.712 | 0.069,-0.053,0.019
cam1 extrinsics = -0.002,0.011,0.703,0.711 | -0.049,-0.052,0.020
q_GtoI = 0.826,-0.059,0.558,0.053 | p_IinG = 0.918,-0.286,0.786 | dist = 93.00 (meters)
bg = -0.0025,0.0218,0.0770 | ba = -0.0066,0.1320,0.1618
camera-imu timeoffset = 0.00002
cam0 intrinsics = 467.245,466.402,365.263,249.727 | -0.280,0.072,0.001,-0.000
cam1 intrinsics = 465.961,465.157,378.106,256.345 | -0.279,0.071,0.000,-0.000
cam0 extrinsics = -0.007,0.007,0.702,0.712 | 0.069,-0.053,0.019
cam1 extrinsics = -0.002,0.011,0.703,0.711 | -0.049,-0.052,0.020
q_GtoI = 0.829,-0.060,0.553,0.052 | p_IinG = 0.911,-0.288,0.777 | dist = 93.01 (meters)
bg = -0.0024,0.0217,0.0769 | ba = -0.0069,0.1315,0.1605
camera-imu timeoffset = 0.00002
cam0 intrinsics = 467.243,466.399,365.262,249.727 | -0.280,0.072,0.001,-0.000
cam1 intrinsics = 465.959,465.153,378.105,256.345 | -0.279,0.071,0.000,-0.000
cam0 extrinsics = -0.007,0.007,0.702,0.712 | 0.069,-0.053,0.019
cam1 extrinsics = -0.002,0.011,0.703,0.711 | -0.049,-0.052,0.020
q_GtoI = 0.832,-0.061,0.548,0.051 | p_IinG = 0.906,-0.288,0.768 | dist = 93.02 (meters)
bg = -0.0025,0.0216,0.0769 | ba = -0.0071,0.1320,0.1596
camera-imu timeoffset = 0.00002
cam0 intrinsics = 467.242,466.395,365.259,249.726 | -0.280,0.072,0.001,-0.000
cam1 intrinsics = 465.958,465.150,378.103,256.345 | -0.279,0.071,0.000,-0.000
cam0 extrinsics = -0.007,0.007,0.702,0.712 | 0.069,-0.053,0.019
cam1 extrinsics = -0.002,0.011,0.703,0.711 | -0.049,-0.052,0.020
q_GtoI = 0.833,-0.061,0.548,0.050 | p_IinG = 0.902,-0.288,0.760 | dist = 93.03 (meters)
bg = -0.0025,0.0216,0.0769 | ba = -0.0075,0.1315,0.1585
camera-imu timeoffset = 0.00002
cam0 intrinsics = 467.242,466.394,365.257,249.725 | -0.280,0.072,0.001,-0.000
cam1 intrinsics = 465.957,465.149,378.101,256.344 | -0.279,0.071,0.000,-0.000
cam0 extrinsics = -0.007,0.007,0.702,0.712 | 0.069,-0.053,0.019
cam1 extrinsics = -0.002,0.011,0.703,0.711 | -0.049,-0.052,0.020
q_GtoI = 0.832,-0.061,0.549,0.050 | p_IinG = 0.899,-0.289,0.754 | dist = 93.04 (meters)
bg = -0.0025,0.0216,0.0769 | ba = -0.0071,0.1301,0.1593
camera-imu timeoffset = 0.00002
cam0 intrinsics = 467.239,466.394,365.255,249.728 | -0.280,0.072,0.001,-0.000
cam1 intrinsics = 465.955,465.148,378.100,256.349 | -0.279,0.071,0.000,-0.000
cam0 extrinsics = -0.007,0.007,0.702,0.712 | 0.069,-0.053,0.019
cam1 extrinsics = -0.002,0.011,0.703,0.711 | -0.049,-0.052,0.020
q_GtoI = 0.829,-0.061,0.554,0.050 | p_IinG = 0.897,-0.288,0.748 | dist = 93.05 (meters)
bg = -0.0025,0.0218,0.0770 | ba = -0.0072,0.1299,0.1586
camera-imu timeoffset = 0.00001
cam0 intrinsics = 467.237,466.389,365.253,249.728 | -0.280,0.072,0.001,-0.000
cam1 intrinsics = 465.952,465.143,378.098,256.349 | -0.279,0.071,0.000,-0.000
cam0 extrinsics = -0.007,0.007,0.702,0.712 | 0.069,-0.053,0.019
cam1 extrinsics = -0.002,0.011,0.703,0.711 | -0.049,-0.052,0.020
q_GtoI = 0.826,-0.064,0.558,0.047 | p_IinG = 0.896,-0.286,0.742 | dist = 93.05 (meters)
bg = -0.0026,0.0219,0.0770 | ba = -0.0078,0.1299,0.1584
camera-imu timeoffset = 0.00002
cam0 intrinsics = 467.235,466.386,365.250,249.728 | -0.280,0.072,0.001,-0.000
cam1 intrinsics = 465.950,465.140,378.096,256.349 | -0.279,0.071,0.000,-0.000
cam0 extrinsics = -0.007,0.007,0.702,0.712 | 0.069,-0.053,0.019
cam1 extrinsics = -0.002,0.011,0.703,0.711 | -0.049,-0.052,0.020
q_GtoI = 0.823,-0.066,0.563,0.043 | p_IinG = 0.896,-0.284,0.736 | dist = 93.06 (meters)
bg = -0.0025,0.0220,0.0770 | ba = -0.0089,0.1295,0.1581
camera-imu timeoffset = 0.00001
cam0 intrinsics = 467.232,466.383,365.248,249.726 | -0.280,0.072,0.001,-0.000
cam1 intrinsics = 465.947,465.136,378.094,256.349 | -0.279,0.071,0.000,-0.000
cam0 extrinsics = -0.007,0.007,0.702,0.712 | 0.069,-0.053,0.019
cam1 extrinsics = -0.002,0.011,0.703,0.711 | -0.049,-0.052,0.020
q_GtoI = 0.819,-0.067,0.569,0.042 | p_IinG = 0.897,-0.282,0.732 | dist = 93.06 (meters)
bg = -0.0024,0.0223,0.0771 | ba = -0.0101,0.1292,0.1581
camera-imu timeoffset = 0.00001
cam0 intrinsics = 467.228,466.376,365.246,249.724 | -0.280,0.072,0.001,-0.000
cam1 intrinsics = 465.942,465.129,378.092,256.347 | -0.279,0.071,0.000,-0.000
cam0 extrinsics = -0.007,0.007,0.702,0.712 | 0.069,-0.053,0.019
cam1 extrinsics = -0.002,0.011,0.703,0.711 | -0.048,-0.052,0.020
q_GtoI = 0.816,-0.067,0.573,0.043 | p_IinG = 0.897,-0.280,0.727 | dist = 93.07 (meters)
bg = -0.0024,0.0224,0.0771 | ba = -0.0116,0.1290,0.1587
camera-imu timeoffset = 0.00002
cam0 intrinsics = 467.224,466.372,365.245,249.723 | -0.280,0.072,0.001,-0.000
cam1 intrinsics = 465.938,465.125,378.091,256.347 | -0.279,0.071,0.000,-0.000
cam0 extrinsics = -0.007,0.007,0.702,0.712 | 0.069,-0.053,0.019
cam1 extrinsics = -0.002,0.011,0.703,0.711 | -0.048,-0.052,0.019
q_GtoI = 0.816,-0.066,0.573,0.044 | p_IinG = 0.896,-0.278,0.723 | dist = 93.08 (meters)
bg = -0.0024,0.0225,0.0771 | ba = -0.0134,0.1286,0.1594
camera-imu timeoffset = 0.00002
cam0 intrinsics = 467.222,466.371,365.243,249.723 | -0.280,0.072,0.001,-0.000
cam1 intrinsics = 465.935,465.124,378.090,256.347 | -0.279,0.071,0.000,-0.000
cam0 extrinsics = -0.007,0.007,0.702,0.712 | 0.069,-0.053,0.019
cam1 extrinsics = -0.002,0.011,0.703,0.711 | -0.048,-0.052,0.019
q_GtoI = 0.818,-0.065,0.569,0.045 | p_IinG = 0.895,-0.276,0.718 | dist = 93.08 (meters)
bg = -0.0024,0.0226,0.0771 | ba = -0.0157,0.1282,0.1604
camera-imu timeoffset = 0.00002
cam0 intrinsics = 467.220,466.372,365.242,249.722 | -0.280,0.072,0.001,-0.000
cam1 intrinsics = 465.932,465.124,378.089,256.348 | -0.279,0.071,0.000,-0.000
cam0 extrinsics = -0.007,0.007,0.702,0.712 | 0.069,-0.053,0.019
cam1 extrinsics = -0.002,0.011,0.703,0.711 | -0.048,-0.052,0.019
q_GtoI = 0.823,-0.065,0.562,0.045 | p_IinG = 0.894,-0.273,0.714 | dist = 93.09 (meters)
bg = -0.0024,0.0227,0.0771 | ba = -0.0184,0.1277,0.1614
camera-imu timeoffset = 0.00002
cam0 intrinsics = 467.220,466.373,365.241,249.721 | -0.280,0.072,0.001,-0.000
cam1 intrinsics = 465.932,465.125,378.088,256.348 | -0.279,0.071,0.000,-0.000
cam0 extrinsics = -0.007,0.007,0.702,0.712 | 0.069,-0.053,0.019
cam1 extrinsics = -0.002,0.011,0.703,0.711 | -0.048,-0.052,0.019
q_GtoI = 0.828,-0.065,0.554,0.045 | p_IinG = 0.892,-0.272,0.708 | dist = 93.09 (meters)
bg = -0.0025,0.0226,0.0772 | ba = -0.0173,0.1272,0.1622
camera-imu timeoffset = 0.00002
cam0 intrinsics = 467.218,466.373,365.241,249.722 | -0.280,0.072,0.001,-0.000
cam1 intrinsics = 465.931,465.125,378.087,256.348 | -0.279,0.071,0.000,-0.000
cam0 extrinsics = -0.007,0.007,0.702,0.712 | 0.069,-0.053,0.018
cam1 extrinsics = -0.002,0.011,0.703,0.711 | -0.048,-0.052,0.019
q_GtoI = 0.832,-0.065,0.550,0.045 | p_IinG = 0.891,-0.270,0.705 | dist = 93.10 (meters)
bg = -0.0026,0.0224,0.0772 | ba = -0.0165,0.1268,0.1628
camera-imu timeoffset = 0.00002
cam0 intrinsics = 467.217,466.372,365.241,249.723 | -0.280,0.072,0.001,-0.000
cam1 intrinsics = 465.929,465.124,378.088,256.350 | -0.279,0.071,0.000,-0.000
cam0 extrinsics = -0.007,0.007,0.702,0.712 | 0.069,-0.053,0.018
cam1 extrinsics = -0.002,0.011,0.703,0.711 | -0.048,-0.052,0.019
q_GtoI = 0.831,-0.065,0.550,0.044 | p_IinG = 0.891,-0.267,0.702 | dist = 93.10 (meters)
bg = -0.0026,0.0223,0.0775 | ba = -0.0155,0.1265,0.1637
camera-imu timeoffset = 0.00002
cam0 intrinsics = 467.217,466.373,365.241,249.724 | -0.280,0.072,0.001,-0.000
cam1 intrinsics = 465.929,465.125,378.088,256.351 | -0.279,0.071,0.000,-0.000
cam0 extrinsics = -0.007,0.007,0.702,0.712 | 0.069,-0.053,0.018
cam1 extrinsics = -0.002,0.011,0.703,0.711 | -0.048,-0.052,0.019
q_GtoI = 0.828,-0.068,0.555,0.041 | p_IinG = 0.892,-0.264,0.701 | dist = 93.11 (meters)
bg = -0.0025,0.0222,0.0776 | ba = -0.0134,0.1260,0.1647
camera-imu timeoffset = 0.00002
cam0 intrinsics = 467.217,466.372,365.241,249.725 | -0.280,0.072,0.001,-0.000
cam1 intrinsics = 465.929,465.124,378.087,256.353 | -0.279,0.071,0.000,-0.000
cam0 extrinsics = -0.007,0.007,0.702,0.712 | 0.069,-0.053,0.018
cam1 extrinsics = -0.002,0.011,0.703,0.711 | -0.048,-0.052,0.019
q_GtoI = 0.824,-0.070,0.561,0.037 | p_IinG = 0.894,-0.261,0.700 | dist = 93.11 (meters)
bg = -0.0025,0.0223,0.0777 | ba = -0.0107,0.1253,0.1658
camera-imu timeoffset = 0.00002
cam0 intrinsics = 467.216,466.369,365.241,249.728 | -0.280,0.072,0.001,-0.000
cam1 intrinsics = 465.927,465.120,378.087,256.356 | -0.279,0.071,0.000,-0.000
cam0 extrinsics = -0.007,0.007,0.702,0.712 | 0.069,-0.053,0.018
cam1 extrinsics = -0.002,0.011,0.703,0.711 | -0.048,-0.052,0.019
q_GtoI = 0.820,-0.073,0.566,0.032 | p_IinG = 0.895,-0.259,0.699 | dist = 93.11 (meters)
bg = -0.0024,0.0223,0.0777 | ba = -0.0080,0.1242,0.1665
camera-imu timeoffset = 0.00002
cam0 intrinsics = 467.215,466.364,365.241,249.730 | -0.280,0.072,0.001,-0.000
cam1 intrinsics = 465.925,465.115,378.086,256.359 | -0.279,0.071,0.000,-0.000
cam0 extrinsics = -0.007,0.007,0.702,0.712 | 0.069,-0.053,0.018
cam1 extrinsics = -0.002,0.011,0.703,0.711 | -0.048,-0.052,0.019
q_GtoI = 0.818,-0.074,0.570,0.030 | p_IinG = 0.897,-0.258,0.698 | dist = 93.12 (meters)
bg = -0.0023,0.0223,0.0776 | ba = -0.0042,0.1229,0.1673
camera-imu timeoffset = 0.00002
cam0 intrinsics = 467.218,466.364,365.241,249.730 | -0.280,0.072,0.001,-0.000
cam1 intrinsics = 465.927,465.114,378.087,256.360 | -0.279,0.071,0.000,-0.000
cam0 extrinsics = -0.007,0.007,0.702,0.712 | 0.069,-0.052,0.019
cam1 extrinsics = -0.002,0.011,0.703,0.711 | -0.049,-0.052,0.019
q_GtoI = 0.816,-0.073,0.572,0.032 | p_IinG = 0.892,-0.251,0.690 | dist = 93.12 (meters)
bg = -0.0020,0.0220,0.0775 | ba = 0.0043,0.1247,0.1698
camera-imu timeoffset = 0.00002
cam0 intrinsics = 467.175,466.322,365.229,249.734 | -0.280,0.072,0.001,-0.000
cam1 intrinsics = 465.902,465.100,378.073,256.377 | -0.279,0.071,0.000,-0.000
cam0 extrinsics = -0.007,0.007,0.702,0.712 | 0.070,-0.053,0.016
cam1 extrinsics = -0.002,0.011,0.703,0.711 | -0.048,-0.052,0.017
q_GtoI = 0.817,-0.070,0.571,0.034 | p_IinG = 0.893,-0.250,0.692 | dist = 93.12 (meters)
bg = -0.0021,0.0220,0.0775 | ba = 0.0044,0.1254,0.1709
camera-imu timeoffset = 0.00002
cam0 intrinsics = 467.175,466.321,365.228,249.732 | -0.280,0.072,0.001,-0.000
cam1 intrinsics = 465.904,465.101,378.072,256.376 | -0.279,0.071,0.000,-0.000
cam0 extrinsics = -0.007,0.007,0.702,0.712 | 0.070,-0.053,0.016
cam1 extrinsics = -0.002,0.011,0.703,0.711 | -0.048,-0.052,0.017
q_GtoI = 0.819,-0.068,0.568,0.037 | p_IinG = 0.894,-0.250,0.694 | dist = 93.13 (meters)
bg = -0.0022,0.0219,0.0775 | ba = 0.0046,0.1265,0.1721
camera-imu timeoffset = 0.00002
cam0 intrinsics = 467.175,466.319,365.227,249.728 | -0.280,0.072,0.001,-0.000
cam1 intrinsics = 465.905,465.101,378.070,256.374 | -0.279,0.071,0.000,-0.000
cam0 extrinsics = -0.007,0.007,0.702,0.712 | 0.070,-0.052,0.016
cam1 extrinsics = -0.002,0.011,0.703,0.711 | -0.048,-0.052,0.017
q_GtoI = 0.823,-0.066,0.563,0.039 | p_IinG = 0.895,-0.250,0.695 | dist = 93.13 (meters)
bg = -0.0022,0.0218,0.0774 | ba = 0.0049,0.1272,0.1725
camera-imu timeoffset = 0.00002
cam0 intrinsics = 467.174,466.316,365.226,249.728 | -0.280,0.072,0.001,-0.000
cam1 intrinsics = 465.904,465.100,378.069,256.375 | -0.279,0.071,0.000,-0.000
cam0 extrinsics = -0.007,0.007,0.702,0.712 | 0.070,-0.052,0.016
cam1 extrinsics = -0.002,0.011,0.703,0.711 | -0.048,-0.052,0.017
q_GtoI = 0.826,-0.064,0.558,0.041 | p_IinG = 0.896,-0.250,0.698 | dist = 93.13 (meters)
bg = -0.0022,0.0217,0.0774 | ba = 0.0045,0.1275,0.1735
camera-imu timeoffset = 0.00002
cam0 intrinsics = 467.172,466.312,365.225,249.725 | -0.280,0.072,0.001,-0.000
cam1 intrinsics = 465.904,465.098,378.067,256.374 | -0.279,0.071,0.000,-0.000
cam0 extrinsics = -0.007,0.007,0.702,0.712 | 0.070,-0.052,0.016
cam1 extrinsics = -0.002,0.011,0.703,0.711 | -0.048,-0.052,0.017
q_GtoI = 0.827,-0.063,0.558,0.042 | p_IinG = 0.898,-0.250,0.701 | dist = 93.13 (meters)
bg = -0.0022,0.0216,0.0774 | ba = 0.0041,0.1270,0.1743
camera-imu timeoffset = 0.00003
cam0 intrinsics = 467.173,466.314,365.225,249.726 | -0.280,0.072,0.001,-0.000
cam1 intrinsics = 465.905,465.102,378.066,256.376 | -0.279,0.071,0.000,-0.000
cam0 extrinsics = -0.007,0.007,0.702,0.712 | 0.070,-0.052,0.016
cam1 extrinsics = -0.002,0.011,0.703,0.711 | -0.048,-0.052,0.017
q_GtoI = 0.826,-0.062,0.559,0.043 | p_IinG = 0.897,-0.250,0.705 | dist = 93.14 (meters)
bg = -0.0022,0.0217,0.0772 | ba = 0.0047,0.1265,0.1824
camera-imu timeoffset = 0.00002
cam0 intrinsics = 467.156,466.305,365.220,249.728 | -0.280,0.072,0.001,-0.000
cam1 intrinsics = 465.898,465.106,378.062,256.378 | -0.279,0.071,0.000,-0.000
cam0 extrinsics = -0.007,0.007,0.702,0.712 | 0.069,-0.053,0.016
cam1 extrinsics = -0.002,0.011,0.703,0.711 | -0.048,-0.052,0.017
q_GtoI = 0.823,-0.062,0.564,0.044 | p_IinG = 0.900,-0.250,0.706 | dist = 93.14 (meters)
bg = -0.0023,0.0217,0.0773 | ba = 0.0038,0.1247,0.1819
camera-imu timeoffset = 0.00002
cam0 intrinsics = 467.154,466.303,365.219,249.731 | -0.280,0.072,0.001,-0.000
cam1 intrinsics = 465.897,465.106,378.061,256.381 | -0.279,0.071,0.000,-0.000
cam0 extrinsics = -0.007,0.007,0.702,0.712 | 0.069,-0.053,0.016
cam1 extrinsics = -0.002,0.011,0.703,0.711 | -0.048,-0.052,0.017
q_GtoI = 0.818,-0.061,0.571,0.045 | p_IinG = 0.903,-0.250,0.706 | dist = 93.14 (meters)
bg = -0.0022,0.0218,0.0773 | ba = 0.0031,0.1228,0.1813
camera-imu timeoffset = 0.00002
cam0 intrinsics = 467.150,466.300,365.219,249.733 | -0.280,0.072,0.001,-0.000
cam1 intrinsics = 465.893,465.104,378.060,256.385 | -0.279,0.071,0.000,-0.000
cam0 extrinsics = -0.007,0.007,0.702,0.712 | 0.069,-0.053,0.015
cam1 extrinsics = -0.002,0.011,0.703,0.711 | -0.048,-0.052,0.017
q_GtoI = 0.812,-0.060,0.578,0.046 | p_IinG = 0.905,-0.250,0.703 | dist = 93.15 (meters)
bg = -0.0023,0.0220,0.0773 | ba = 0.0041,0.1217,0.1814
camera-imu timeoffset = 0.00002
cam0 intrinsics = 467.149,466.298,365.218,249.729 | -0.280,0.072,0.001,-0.000
cam1 intrinsics = 465.894,465.105,378.059,256.381 | -0.279,0.071,0.000,-0.000
cam0 extrinsics = -0.007,0.007,0.702,0.712 | 0.069,-0.053,0.016
cam1 extrinsics = -0.002,0.011,0.703,0.711 | -0.048,-0.052,0.017
q_GtoI = 0.807,-0.060,0.585,0.047 | p_IinG = 0.907,-0.250,0.699 | dist = 93.15 (meters)
bg = -0.0023,0.0222,0.0773 | ba = 0.0064,0.1216,0.1825
camera-imu timeoffset = 0.00002
cam0 intrinsics = 467.153,466.299,365.218,249.723 | -0.280,0.072,0.001,-0.000
cam1 intrinsics = 465.899,465.108,378.058,256.375 | -0.279,0.071,0.000,-0.000
cam0 extrinsics = -0.007,0.007,0.702,0.712 | 0.069,-0.052,0.016
cam1 extrinsics = -0.002,0.011,0.703,0.711 | -0.048,-0.052,0.017
q_GtoI = 0.802,-0.059,0.592,0.047 | p_IinG = 0.907,-0.249,0.693 | dist = 93.16 (meters)
bg = -0.0023,0.0224,0.0772 | ba = 0.0102,0.1218,0.1841
camera-imu timeoffset = 0.00003
cam0 intrinsics = 467.155,466.300,365.218,249.713 | -0.280,0.072,0.001,-0.000
cam1 intrinsics = 465.901,465.110,378.058,256.367 | -0.279,0.071,0.000,-0.000
cam0 extrinsics = -0.007,0.007,0.702,0.712 | 0.069,-0.052,0.016
cam1 extrinsics = -0.002,0.011,0.703,0.711 | -0.048,-0.052,0.018
q_GtoI = 0.802,-0.059,0.592,0.047 | p_IinG = 0.906,-0.248,0.683 | dist = 93.17 (meters)
bg = -0.0023,0.0223,0.0772 | ba = 0.0149,0.1234,0.1854
camera-imu timeoffset = 0.00003
cam0 intrinsics = 467.138,466.293,365.218,249.725 | -0.280,0.072,0.001,-0.000
cam1 intrinsics = 465.885,465.103,378.056,256.381 | -0.279,0.071,0.000,-0.000
cam0 extrinsics = -0.007,0.007,0.702,0.712 | 0.069,-0.052,0.015
cam1 extrinsics = -0.002,0.011,0.703,0.711 | -0.048,-0.052,0.017
q_GtoI = 0.804,-0.058,0.589,0.048 | p_IinG = 0.904,-0.246,0.670 | dist = 93.18 (meters)
bg = -0.0023,0.0222,0.0772 | ba = 0.0165,0.1244,0.1863
camera-imu timeoffset = 0.00003
cam0 intrinsics = 467.130,466.289,365.217,249.731 | -0.280,0.072,0.001,-0.000
cam1 intrinsics = 465.875,465.097,378.055,256.386 | -0.279,0.071,0.000,-0.000
cam0 extrinsics = -0.007,0.007,0.702,0.712 | 0.069,-0.052,0.015
cam1 extrinsics = -0.002,0.011,0.703,0.711 | -0.048,-0.052,0.016
q_GtoI = 0.809,-0.059,0.583,0.047 | p_IinG = 0.901,-0.243,0.656 | dist = 93.19 (meters)
bg = -0.0023,0.0221,0.0773 | ba = 0.0169,0.1254,0.1865
camera-imu timeoffset = 0.00003
cam0 intrinsics = 467.124,466.288,365.217,249.736 | -0.280,0.072,0.001,-0.000
cam1 intrinsics = 465.870,465.096,378.053,256.393 | -0.279,0.071,0.000,-0.000
cam0 extrinsics = -0.007,0.007,0.702,0.712 | 0.069,-0.052,0.015
cam1 extrinsics = -0.002,0.011,0.703,0.711 | -0.048,-0.052,0.016
q_GtoI = 0.816,-0.059,0.573,0.047 | p_IinG = 0.896,-0.240,0.639 | dist = 93.21 (meters)
bg = -0.0023,0.0220,0.0775 | ba = 0.0177,0.1267,0.1869
camera-imu timeoffset = 0.00002
cam0 intrinsics = 467.119,466.289,365.217,249.741 | -0.280,0.072,0.001,-0.000
cam1 intrinsics = 465.864,465.097,378.053,256.399 | -0.279,0.071,0.000,-0.000
cam0 extrinsics = -0.007,0.007,0.702,0.712 | 0.069,-0.053,0.014
cam1 extrinsics = -0.002,0.011,0.703,0.711 | -0.048,-0.052,0.016
q_GtoI = 0.822,-0.059,0.565,0.048 | p_IinG = 0.892,-0.236,0.621 | dist = 93.23 (meters)
bg = -0.0023,0.0219,0.0776 | ba = 0.0189,0.1275,0.1867
camera-imu timeoffset = 0.00002
cam0 intrinsics = 467.114,466.282,365.219,249.741 | -0.280,0.072,0.001,-0.000
cam1 intrinsics = 465.859,465.090,378.054,256.400 | -0.279,0.071,0.000,-0.000
cam0 extrinsics = -0.007,0.007,0.702,0.712 | 0.069,-0.053,0.014
cam1 extrinsics = -0.002,0.011,0.703,0.711 | -0.048,-0.052,0.015
q_GtoI = 0.826,-0.059,0.559,0.047 | p_IinG = 0.888,-0.232,0.603 | dist = 93.25 (meters)
bg = -0.0023,0.0219,0.0778 | ba = 0.0196,0.1280,0.1870
camera-imu timeoffset = 0.00002
cam0 intrinsics = 467.114,466.283,365.221,249.742 | -0.280,0.072,0.001,-0.000
cam1 intrinsics = 465.859,465.090,378.054,256.402 | -0.279,0.071,0.000,-0.000
cam0 extrinsics = -0.007,0.007,0.702,0.712 | 0.069,-0.053,0.014
cam1 extrinsics = -0.002,0.012,0.703,0.711 | -0.048,-0.052,0.015
q_GtoI = 0.830,-0.060,0.553,0.044 | p_IinG = 0.884,-0.228,0.583 | dist = 93.27 (meters)
bg = -0.0024,0.0219,0.0782 | ba = 0.0200,0.1281,0.1871
camera-imu timeoffset = 0.00002
cam0 intrinsics = 467.112,466.279,365.223,249.744 | -0.280,0.072,0.001,-0.000
cam1 intrinsics = 465.857,465.087,378.054,256.405 | -0.279,0.071,0.000,-0.000
cam0 extrinsics = -0.007,0.007,0.702,0.712 | 0.069,-0.053,0.014
cam1 extrinsics = -0.002,0.012,0.703,0.711 | -0.048,-0.052,0.015
q_GtoI = 0.836,-0.058,0.544,0.043 | p_IinG = 0.883,-0.222,0.576 | dist = 93.28 (meters)
bg = -0.0024,0.0218,0.0781 | ba = 0.0204,0.1279,0.1876
camera-imu timeoffset = 0.00003
cam0 intrinsics = 467.110,466.276,365.224,249.743 | -0.280,0.072,0.001,-0.000
cam1 intrinsics = 465.855,465.083,378.054,256.404 | -0.279,0.071,0.000,-0.000
cam0 extrinsics = -0.007,0.007,0.702,0.712 | 0.069,-0.053,0.014
cam1 extrinsics = -0.002,0.012,0.703,0.711 | -0.048,-0.052,0.015
q_GtoI = 0.834,-0.070,0.547,0.025 | p_IinG = 0.886,-0.216,0.584 | dist = 93.29 (meters)
bg = -0.0022,0.0216,0.0780 | ba = 0.0200,0.1277,0.1883
camera-imu timeoffset = 0.00004
cam0 intrinsics = 467.107,466.272,365.226,249.743 | -0.280,0.072,0.001,-0.000
cam1 intrinsics = 465.852,465.079,378.055,256.404 | -0.279,0.071,0.000,-0.000
cam0 extrinsics = -0.007,0.007,0.702,0.712 | 0.069,-0.053,0.014
cam1 extrinsics = -0.002,0.012,0.703,0.711 | -0.048,-0.052,0.015
q_GtoI = 0.835,-0.073,0.546,0.021 | p_IinG = 0.890,-0.211,0.589 | dist = 93.30 (meters)
bg = -0.0021,0.0215,0.0780 | ba = 0.0203,0.1274,0.1889
camera-imu timeoffset = 0.00004
cam0 intrinsics = 467.105,466.268,365.227,249.742 | -0.280,0.072,0.001,-0.000
cam1 intrinsics = 465.850,465.076,378.056,256.404 | -0.279,0.071,0.000,-0.000
cam0 extrinsics = -0.007,0.007,0.702,0.712 | 0.069,-0.053,0.014
cam1 extrinsics = -0.002,0.012,0.703,0.711 | -0.048,-0.052,0.015
q_GtoI = 0.839,-0.068,0.540,0.026 | p_IinG = 0.894,-0.206,0.586 | dist = 93.31 (meters)
bg = -0.0019,0.0215,0.0781 | ba = 0.0214,0.1274,0.1889
camera-imu timeoffset = 0.00004
cam0 intrinsics = 467.104,466.267,365.227,249.743 | -0.280,0.072,0.001,-0.000
cam1 intrinsics = 465.849,465.075,378.057,256.405 | -0.279,0.071,0.000,-0.000
cam0 extrinsics = -0.007,0.007,0.702,0.712 | 0.069,-0.053,0.014
cam1 extrinsics = -0.002,0.012,0.703,0.711 | -0.048,-0.052,0.015
q_GtoI = 0.839,-0.056,0.540,0.047 | p_IinG = 0.897,-0.202,0.580 | dist = 93.31 (meters)
bg = -0.0018,0.0215,0.0781 | ba = 0.0228,0.1272,0.1895
camera-imu timeoffset = 0.00004
cam0 intrinsics = 467.104,466.267,365.227,249.744 | -0.280,0.072,0.001,-0.000
cam1 intrinsics = 465.849,465.074,378.056,256.406 | -0.279,0.071,0.000,-0.000
cam0 extrinsics = -0.007,0.007,0.702,0.712 | 0.069,-0.053,0.014
cam1 extrinsics = -0.002,0.012,0.703,0.711 | -0.048,-0.052,0.015
q_GtoI = 0.831,-0.067,0.551,0.039 | p_IinG = 0.894,-0.198,0.582 | dist = 93.32 (meters)
bg = -0.0017,0.0219,0.0782 | ba = 0.0248,0.1267,0.1891
camera-imu timeoffset = 0.00004
cam0 intrinsics = 467.101,466.260,365.226,249.744 | -0.280,0.072,0.001,-0.000
cam1 intrinsics = 465.845,465.067,378.056,256.406 | -0.279,0.071,0.000,-0.000
cam0 extrinsics = -0.007,0.007,0.702,0.712 | 0.069,-0.053,0.014
cam1 extrinsics = -0.002,0.012,0.703,0.711 | -0.048,-0.053,0.015
q_GtoI = 0.835,-0.057,0.545,0.045 | p_IinG = 0.892,-0.195,0.583 | dist = 93.32 (meters)
bg = -0.0017,0.0222,0.0783 | ba = 0.0256,0.1267,0.1891
camera-imu timeoffset = 0.00004
cam0 intrinsics = 467.101,466.260,365.227,249.743 | -0.280,0.072,0.001,-0.000
cam1 intrinsics = 465.845,465.067,378.057,256.406 | -0.279,0.071,0.000,-0.000
cam0 extrinsics = -0.007,0.007,0.702,0.712 | 0.069,-0.053,0.014
cam1 extrinsics = -0.002,0.012,0.703,0.711 | -0.048,-0.053,0.015
q_GtoI = 0.835,-0.055,0.546,0.045 | p_IinG = 0.892,-0.194,0.585 | dist = 93.33 (meters)
bg = -0.0016,0.0224,0.0784 | ba = 0.0263,0.1264,0.1891
camera-imu timeoffset = 0.00004
cam0 intrinsics = 467.101,466.260,365.228,249.742 | -0.280,0.072,0.001,-0.000
cam1 intrinsics = 465.846,465.067,378.058,256.405 | -0.279,0.071,0.000,-0.000
cam0 extrinsics = -0.007,0.007,0.702,0.712 | 0.069,-0.053,0.014
cam1 extrinsics = -0.002,0.012,0.703,0.711 | -0.048,-0.053,0.015
q_GtoI = 0.835,-0.057,0.545,0.045 | p_IinG = 0.892,-0.194,0.586 | dist = 93.33 (meters)
bg = -0.0016,0.0225,0.0785 | ba = 0.0304,0.1265,0.1884
camera-imu timeoffset = 0.00004
cam0 intrinsics = 467.102,466.258,365.227,249.740 | -0.280,0.072,0.001,-0.000
cam1 intrinsics = 465.847,465.065,378.057,256.403 | -0.279,0.071,0.000,-0.000
cam0 extrinsics = -0.007,0.007,0.702,0.712 | 0.069,-0.053,0.014
cam1 extrinsics = -0.002,0.012,0.703,0.711 | -0.048,-0.053,0.015
q_GtoI = 0.835,-0.057,0.545,0.045 | p_IinG = 0.891,-0.193,0.589 | dist = 93.33 (meters)
bg = -0.0015,0.0227,0.0786 | ba = 0.0312,0.1263,0.1884
camera-imu timeoffset = 0.00004
cam0 intrinsics = 467.102,466.258,365.228,249.740 | -0.280,0.072,0.001,-0.000
cam1 intrinsics = 465.847,465.065,378.057,256.403 | -0.279,0.071,0.000,-0.000
cam0 extrinsics = -0.007,0.007,0.702,0.712 | 0.069,-0.053,0.014
cam1 extrinsics = -0.002,0.012,0.703,0.711 | -0.048,-0.053,0.015
q_GtoI = 0.835,-0.057,0.546,0.045 | p_IinG = 0.890,-0.192,0.591 | dist = 93.34 (meters)
bg = -0.0014,0.0229,0.0787 | ba = 0.0321,0.1259,0.1885
camera-imu timeoffset = 0.00004
cam0 intrinsics = 467.102,466.257,365.228,249.739 | -0.280,0.072,0.001,-0.000
cam1 intrinsics = 465.848,465.064,378.058,256.402 | -0.279,0.071,0.000,-0.000
cam0 extrinsics = -0.007,0.007,0.702,0.712 | 0.069,-0.053,0.014
cam1 extrinsics = -0.002,0.012,0.703,0.711 | -0.048,-0.053,0.015
q_GtoI = 0.835,-0.057,0.546,0.046 | p_IinG = 0.888,-0.192,0.594 | dist = 93.34 (meters)
bg = -0.0014,0.0230,0.0788 | ba = 0.0329,0.1257,0.1888
camera-imu timeoffset = 0.00004
cam0 intrinsics = 467.103,466.257,365.229,249.738 | -0.280,0.072,0.001,-0.000
cam1 intrinsics = 465.848,465.064,378.058,256.402 | -0.279,0.071,0.000,-0.000
cam0 extrinsics = -0.007,0.007,0.702,0.712 | 0.069,-0.053,0.014
cam1 extrinsics = -0.002,0.012,0.703,0.711 | -0.048,-0.053,0.015
q_GtoI = 0.835,-0.057,0.546,0.045 | p_IinG = 0.887,-0.191,0.596 | dist = 93.34 (meters)
bg = -0.0014,0.0231,0.0788 | ba = 0.0338,0.1253,0.1889
camera-imu timeoffset = 0.00004
cam0 intrinsics = 467.103,466.257,365.229,249.738 | -0.280,0.072,0.001,-0.000
cam1 intrinsics = 465.848,465.064,378.058,256.401 | -0.279,0.071,0.000,-0.000
cam0 extrinsics = -0.007,0.007,0.702,0.712 | 0.069,-0.053,0.014
cam1 extrinsics = -0.002,0.012,0.703,0.711 | -0.048,-0.053,0.015
q_GtoI = 0.835,-0.056,0.546,0.046 | p_IinG = 0.883,-0.197,0.561 | dist = 93.34 (meters)
bg = -0.0014,0.0220,0.0789 | ba = 0.0597,0.1164,0.1754
camera-imu timeoffset = 0.00003
cam0 intrinsics = 467.109,466.243,365.224,249.718 | -0.280,0.072,0.001,-0.000
cam1 intrinsics = 465.854,465.051,378.054,256.382 | -0.279,0.071,0.000,-0.000
cam0 extrinsics = -0.007,0.007,0.702,0.712 | 0.070,-0.052,0.015
cam1 extrinsics = -0.002,0.012,0.703,0.711 | -0.048,-0.052,0.016
q_GtoI = 0.835,-0.057,0.546,0.045 | p_IinG = 0.891,-0.193,0.562 | dist = 93.35 (meters)
bg = -0.0012,0.0220,0.0791 | ba = 0.0567,0.1159,0.1680
camera-imu timeoffset = 0.00003
cam0 intrinsics = 467.094,466.194,365.230,249.672 | -0.280,0.072,0.001,-0.000
cam1 intrinsics = 465.842,465.003,378.061,256.333 | -0.279,0.071,0.000,-0.000
cam0 extrinsics = -0.007,0.007,0.702,0.712 | 0.069,-0.049,0.014
cam1 extrinsics = -0.002,0.012,0.703,0.711 | -0.048,-0.049,0.015
q_GtoI = 0.834,-0.056,0.546,0.047 | p_IinG = 0.889,-0.192,0.561 | dist = 93.35 (meters)
bg = -0.0012,0.0219,0.0790 | ba = 0.0544,0.1166,0.1638
camera-imu timeoffset = 0.00004
cam0 intrinsics = 467.074,466.099,365.207,249.590 | -0.280,0.072,0.001,-0.000
cam1 intrinsics = 465.822,464.907,378.039,256.251 | -0.279,0.071,0.000,-0.000
cam0 extrinsics = -0.007,0.007,0.702,0.712 | 0.072,-0.044,0.012
cam1 extrinsics = -0.002,0.012,0.703,0.711 | -0.045,-0.043,0.013
q_GtoI = 0.834,-0.057,0.546,0.045 | p_IinG = 0.887,-0.192,0.561 | dist = 93.35 (meters)
bg = -0.0014,0.0219,0.0789 | ba = 0.0531,0.1146,0.1624
camera-imu timeoffset = 0.00003
cam0 intrinsics = 467.056,466.072,365.195,249.623 | -0.280,0.072,0.001,-0.000
cam1 intrinsics = 465.819,464.887,378.034,256.260 | -0.279,0.071,0.000,-0.000
cam0 extrinsics = -0.007,0.007,0.702,0.712 | 0.073,-0.043,0.011
cam1 extrinsics = -0.002,0.012,0.703,0.711 | -0.044,-0.042,0.012
q_GtoI = 0.834,-0.056,0.546,0.046 | p_IinG = 0.886,-0.192,0.561 | dist = 93.35 (meters)
bg = -0.0014,0.0219,0.0789 | ba = 0.0518,0.1135,0.1624
camera-imu timeoffset = 0.00003
cam0 intrinsics = 467.055,466.071,365.195,249.630 | -0.280,0.072,0.001,-0.000
cam1 intrinsics = 465.820,464.887,378.033,256.263 | -0.279,0.071,0.000,-0.000
cam0 extrinsics = -0.007,0.007,0.702,0.712 | 0.073,-0.043,0.011
cam1 extrinsics = -0.002,0.012,0.703,0.711 | -0.044,-0.042,0.012
q_GtoI = 0.834,-0.057,0.546,0.046 | p_IinG = 0.886,-0.192,0.561 | dist = 93.35 (meters)
bg = -0.0014,0.0218,0.0789 | ba = 0.0516,0.1120,0.1622
camera-imu timeoffset = 0.00003
cam0 intrinsics = 467.054,466.070,365.194,249.633 | -0.280,0.072,0.001,-0.000
cam1 intrinsics = 465.821,464.887,378.033,256.264 | -0.279,0.071,0.000,-0.000
cam0 extrinsics = -0.007,0.007,0.702,0.712 | 0.073,-0.043,0.011
cam1 extrinsics = -0.002,0.012,0.703,0.711 | -0.044,-0.042,0.012
q_GtoI = 0.835,-0.057,0.546,0.045 | p_IinG = 0.886,-0.192,0.561 | dist = 93.35 (meters)
bg = -0.0015,0.0217,0.0789 | ba = 0.0502,0.1100,0.1619
camera-imu timeoffset = 0.00003
cam0 intrinsics = 467.053,466.068,365.193,249.636 | -0.280,0.072,0.001,-0.000
cam1 intrinsics = 465.822,464.886,378.032,256.264 | -0.279,0.071,0.000,-0.000
cam0 extrinsics = -0.007,0.007,0.702,0.712 | 0.073,-0.043,0.011
cam1 extrinsics = -0.002,0.012,0.703,0.711 | -0.044,-0.042,0.012
q_GtoI = 0.834,-0.056,0.546,0.046 | p_IinG = 0.885,-0.192,0.561 | dist = 93.35 (meters)
bg = -0.0015,0.0217,0.0788 | ba = 0.0485,0.1084,0.1615
camera-imu timeoffset = 0.00003
cam0 intrinsics = 467.051,466.066,365.194,249.643 | -0.280,0.072,0.001,-0.000
cam1 intrinsics = 465.822,464.886,378.033,256.268 | -0.279,0.071,0.000,-0.000
cam0 extrinsics = -0.007,0.007,0.702,0.712 | 0.073,-0.043,0.011
cam1 extrinsics = -0.002,0.012,0.703,0.711 | -0.044,-0.042,0.012
q_GtoI = 0.834,-0.057,0.546,0.045 | p_IinG = 0.885,-0.192,0.561 | dist = 93.35 (meters)
bg = -0.0015,0.0217,0.0788 | ba = 0.0480,0.1066,0.1609
camera-imu timeoffset = 0.00003
cam0 intrinsics = 467.050,466.064,365.193,249.644 | -0.280,0.072,0.001,-0.000
cam1 intrinsics = 465.823,464.884,378.033,256.267 | -0.279,0.071,0.000,-0.000
cam0 extrinsics = -0.007,0.007,0.702,0.712 | 0.073,-0.043,0.011
cam1 extrinsics = -0.002,0.012,0.703,0.711 | -0.044,-0.042,0.012
q_GtoI = 0.834,-0.056,0.546,0.046 | p_IinG = 0.885,-0.193,0.561 | dist = 93.35 (meters)
bg = -0.0015,0.0216,0.0788 | ba = 0.0477,0.1052,0.1609
camera-imu timeoffset = 0.00003
cam0 intrinsics = 467.049,466.064,365.193,249.650 | -0.280,0.072,0.001,-0.000
cam1 intrinsics = 465.824,464.885,378.032,256.270 | -0.279,0.071,0.000,-0.000
cam0 extrinsics = -0.007,0.007,0.702,0.712 | 0.073,-0.043,0.011
cam1 extrinsics = -0.002,0.012,0.703,0.711 | -0.044,-0.042,0.012
q_GtoI = 0.834,-0.057,0.546,0.045 | p_IinG = 0.884,-0.193,0.561 | dist = 93.35 (meters)
bg = -0.0015,0.0216,0.0788 | ba = 0.0465,0.1038,0.1606
camera-imu timeoffset = 0.00003
cam0 intrinsics = 467.049,466.062,365.192,249.653 | -0.280,0.072,0.001,-0.000
cam1 intrinsics = 465.825,464.884,378.032,256.271 | -0.279,0.071,0.000,-0.000
cam0 extrinsics = -0.007,0.007,0.702,0.712 | 0.073,-0.043,0.011
cam1 extrinsics = -0.002,0.012,0.703,0.711 | -0.044,-0.042,0.012
q_GtoI = 0.834,-0.057,0.546,0.046 | p_IinG = 0.884,-0.193,0.561 | dist = 93.35 (meters)
bg = -0.0015,0.0216,0.0787 | ba = 0.0456,0.1023,0.1603
camera-imu timeoffset = 0.00003
cam0 intrinsics = 467.048,466.062,365.192,249.657 | -0.280,0.072,0.001,-0.000
cam1 intrinsics = 465.826,464.884,378.032,256.273 | -0.279,0.071,0.000,-0.000
cam0 extrinsics = -0.007,0.007,0.702,0.712 | 0.073,-0.043,0.011
cam1 extrinsics = -0.002,0.012,0.703,0.711 | -0.044,-0.042,0.012
q_GtoI = 0.834,-0.057,0.546,0.046 | p_IinG = 0.884,-0.193,0.561 | dist = 93.35 (meters)
bg = -0.0015,0.0215,0.0787 | ba = 0.0451,0.1004,0.1605
camera-imu timeoffset = 0.00003
cam0 intrinsics = 467.047,466.061,365.192,249.661 | -0.280,0.072,0.001,-0.000
cam1 intrinsics = 465.827,464.884,378.032,256.274 | -0.279,0.071,0.000,-0.000
cam0 extrinsics = -0.007,0.007,0.702,0.712 | 0.073,-0.043,0.011
cam1 extrinsics = -0.002,0.012,0.703,0.711 | -0.044,-0.042,0.012
q_GtoI = 0.834,-0.057,0.546,0.045 | p_IinG = 0.883,-0.193,0.561 | dist = 93.35 (meters)
bg = -0.0015,0.0215,0.0786 | ba = 0.0448,0.0986,0.1605
camera-imu timeoffset = 0.00003
cam0 intrinsics = 467.047,466.060,365.192,249.664 | -0.280,0.072,0.001,-0.000
cam1 intrinsics = 465.828,464.884,378.032,256.275 | -0.279,0.071,0.000,-0.000
cam0 extrinsics = -0.007,0.007,0.702,0.712 | 0.073,-0.043,0.011
cam1 extrinsics = -0.002,0.012,0.703,0.711 | -0.044,-0.042,0.012
q_GtoI = 0.834,-0.057,0.546,0.046 | p_IinG = 0.883,-0.193,0.560 | dist = 93.35 (meters)
bg = -0.0015,0.0214,0.0786 | ba = 0.0444,0.0971,0.1602
camera-imu timeoffset = 0.00003
cam0 intrinsics = 467.053,466.059,365.187,249.688 | -0.280,0.072,0.001,-0.000
cam1 intrinsics = 465.841,464.891,378.034,256.300 | -0.279,0.071,0.000,-0.000
cam0 extrinsics = -0.007,0.007,0.702,0.712 | 0.073,-0.043,0.010
cam1 extrinsics = -0.002,0.012,0.703,0.711 | -0.044,-0.042,0.012
q_GtoI = 0.834,-0.057,0.546,0.045 | p_IinG = 0.883,-0.193,0.560 | dist = 93.35 (meters)
bg = -0.0015,0.0214,0.0786 | ba = 0.0440,0.0956,0.1601
camera-imu timeoffset = 0.00003
cam0 intrinsics = 467.053,466.058,365.186,249.693 | -0.280,0.072,0.001,-0.000
cam1 intrinsics = 465.843,464.892,378.034,256.302 | -0.279,0.071,0.000,-0.000
cam0 extrinsics = -0.007,0.007,0.702,0.712 | 0.073,-0.043,0.010
cam1 extrinsics = -0.002,0.012,0.703,0.711 | -0.044,-0.042,0.012
q_GtoI = 0.834,-0.057,0.546,0.046 | p_IinG = 0.883,-0.194,0.560 | dist = 93.35 (meters)
bg = -0.0015,0.0214,0.0785 | ba = 0.0436,0.0943,0.1600
camera-imu timeoffset = 0.00003
cam0 intrinsics = 467.053,466.058,365.186,249.699 | -0.280,0.072,0.001,-0.000
cam1 intrinsics = 465.846,464.893,378.034,256.306 | -0.279,0.071,0.000,-0.000
cam0 extrinsics = -0.007,0.007,0.702,0.712 | 0.073,-0.043,0.010
cam1 extrinsics = -0.002,0.012,0.703,0.711 | -0.044,-0.042,0.012
q_GtoI = 0.834,-0.057,0.546,0.046 | p_IinG = 0.882,-0.194,0.560 | dist = 93.35 (meters)
bg = -0.0015,0.0214,0.0785 | ba = 0.0431,0.0932,0.1596
camera-imu timeoffset = 0.00003
cam0 intrinsics = 467.053,466.057,365.185,249.704 | -0.280,0.072,0.001,-0.000
cam1 intrinsics = 465.848,464.893,378.034,256.309 | -0.279,0.071,0.000,-0.000
cam0 extrinsics = -0.007,0.007,0.702,0.712 | 0.073,-0.043,0.010
cam1 extrinsics = -0.002,0.012,0.703,0.711 | -0.044,-0.042,0.012
q_GtoI = 0.834,-0.057,0.546,0.046 | p_IinG = 0.882,-0.194,0.560 | dist = 93.35 (meters)
bg = -0.0015,0.0214,0.0785 | ba = 0.0429,0.0924,0.1590
camera-imu timeoffset = 0.00003
cam0 intrinsics = 467.053,466.056,365.184,249.709 | -0.280,0.072,0.001,-0.000
cam1 intrinsics = 465.850,464.894,378.034,256.312 | -0.279,0.071,0.000,-0.000
cam0 extrinsics = -0.007,0.007,0.702,0.712 | 0.073,-0.043,0.010
cam1 extrinsics = -0.002,0.012,0.703,0.711 | -0.044,-0.043,0.012
q_GtoI = 0.834,-0.057,0.546,0.046 | p_IinG = 0.882,-0.194,0.560 | dist = 93.35 (meters)
bg = -0.0015,0.0213,0.0785 | ba = 0.0427,0.0910,0.1587
camera-imu timeoffset = 0.00003
cam0 intrinsics = 467.053,466.055,365.183,249.714 | -0.280,0.072,0.001,-0.000
cam1 intrinsics = 465.852,464.894,378.034,256.316 | -0.279,0.071,0.000,-0.000
cam0 extrinsics = -0.007,0.007,0.702,0.712 | 0.073,-0.043,0.010
cam1 extrinsics = -0.002,0.012,0.703,0.711 | -0.044,-0.043,0.012
q_GtoI = 0.834,-0.057,0.546,0.046 | p_IinG = 0.881,-0.194,0.560 | dist = 93.35 (meters)
bg = -0.0016,0.0213,0.0784 | ba = 0.0421,0.0898,0.1582
camera-imu timeoffset = 0.00003
cam0 intrinsics = 467.054,466.054,365.182,249.719 | -0.280,0.072,0.001,-0.000
cam1 intrinsics = 465.854,464.894,378.034,256.319 | -0.279,0.071,0.000,-0.000
cam0 extrinsics = -0.007,0.007,0.702,0.712 | 0.073,-0.043,0.010
cam1 extrinsics = -0.002,0.012,0.703,0.711 | -0.044,-0.043,0.012
q_GtoI = 0.834,-0.057,0.546,0.046 | p_IinG = 0.881,-0.194,0.560 | dist = 93.35 (meters)
bg = -0.0015,0.0213,0.0784 | ba = 0.0415,0.0884,0.1580
camera-imu timeoffset = 0.00003
cam0 intrinsics = 467.054,466.054,365.182,249.724 | -0.280,0.072,0.001,-0.000
cam1 intrinsics = 465.856,464.895,378.034,256.322 | -0.279,0.071,0.000,-0.000
cam0 extrinsics = -0.007,0.007,0.702,0.712 | 0.073,-0.043,0.010
cam1 extrinsics = -0.002,0.012,0.703,0.711 | -0.044,-0.043,0.012
q_GtoI = 0.834,-0.057,0.546,0.046 | p_IinG = 0.881,-0.194,0.560 | dist = 93.35 (meters)
bg = -0.0016,0.0212,0.0784 | ba = 0.0409,0.0869,0.1581
camera-imu timeoffset = 0.00003
cam0 intrinsics = 467.054,466.053,365.181,249.729 | -0.280,0.072,0.001,-0.000
cam1 intrinsics = 465.858,464.896,378.034,256.325 | -0.279,0.071,0.000,-0.000
cam0 extrinsics = -0.007,0.007,0.702,0.712 | 0.073,-0.043,0.010
cam1 extrinsics = -0.002,0.012,0.703,0.711 | -0.044,-0.043,0.012
q_GtoI = 0.834,-0.057,0.546,0.046 | p_IinG = 0.881,-0.195,0.560 | dist = 93.35 (meters)
bg = -0.0016,0.0212,0.0784 | ba = 0.0407,0.0854,0.1583
camera-imu timeoffset = 0.00003
cam0 intrinsics = 467.055,466.053,365.180,249.735 | -0.280,0.072,0.001,-0.000
cam1 intrinsics = 465.860,464.896,378.034,256.329 | -0.279,0.071,0.000,-0.000
cam0 extrinsics = -0.007,0.007,0.702,0.712 | 0.073,-0.043,0.010
cam1 extrinsics = -0.002,0.012,0.703,0.711 | -0.044,-0.043,0.012
[33mUnable to find 1403638227.845097 timestamp in GT file, wrong GT file loaded???
[0mq_GtoI = 0.834,-0.057,0.546,0.046 | p_IinG = 0.881,-0.195,0.560 | dist = 93.35 (meters)
bg = -0.0016,0.0212,0.0784 | ba = 0.0401,0.0837,0.1585
camera-imu timeoffset = 0.00003
cam0 intrinsics = 467.055,466.052,365.180,249.740 | -0.280,0.072,0.001,-0.000
cam1 intrinsics = 465.863,464.897,378.034,256.332 | -0.279,0.071,0.000,-0.000
cam0 extrinsics = -0.007,0.007,0.702,0.712 | 0.073,-0.043,0.010
cam1 extrinsics = -0.002,0.012,0.703,0.711 | -0.044,-0.043,0.012
[33mUnable to find 1403638227.895097 timestamp in GT file, wrong GT file loaded???
[0mq_GtoI = 0.834,-0.057,0.546,0.046 | p_IinG = 0.880,-0.195,0.560 | dist = 93.35 (meters)
bg = -0.0016,0.0211,0.0783 | ba = 0.0398,0.0822,0.1587
camera-imu timeoffset = 0.00003
cam0 intrinsics = 467.055,466.052,365.179,249.745 | -0.280,0.072,0.001,-0.000
cam1 intrinsics = 465.865,464.898,378.034,256.335 | -0.279,0.071,0.000,-0.000
cam0 extrinsics = -0.007,0.007,0.702,0.712 | 0.073,-0.043,0.010
cam1 extrinsics = -0.002,0.012,0.703,0.711 | -0.044,-0.043,0.012
[33mUnable to find 1403638227.945097 timestamp in GT file, wrong GT file loaded???
[0mq_GtoI = 0.834,-0.057,0.546,0.046 | p_IinG = 0.880,-0.195,0.560 | dist = 93.35 (meters)
bg = -0.0016,0.0211,0.0783 | ba = 0.0396,0.0811,0.1585
camera-imu timeoffset = 0.00003
cam0 intrinsics = 467.056,466.051,365.178,249.749 | -0.280,0.072,0.001,-0.000
cam1 intrinsics = 465.867,464.898,378.034,256.338 | -0.279,0.071,0.000,-0.000
cam0 extrinsics = -0.007,0.007,0.702,0.712 | 0.073,-0.043,0.010
cam1 extrinsics = -0.002,0.012,0.703,0.711 | -0.044,-0.043,0.012
[33mUnable to find 1403638227.995097 timestamp in GT file, wrong GT file loaded???
[0mq_GtoI = 0.834,-0.057,0.546,0.046 | p_IinG = 0.880,-0.195,0.560 | dist = 93.35 (meters)
bg = -0.0016,0.0211,0.0783 | ba = 0.0392,0.0801,0.1585
camera-imu timeoffset = 0.00003
cam0 intrinsics = 467.056,466.050,365.177,249.754 | -0.280,0.072,0.001,-0.000
cam1 intrinsics = 465.869,464.899,378.034,256.341 | -0.279,0.071,0.000,-0.000
cam0 extrinsics = -0.007,0.007,0.702,0.712 | 0.073,-0.043,0.010
cam1 extrinsics = -0.002,0.012,0.703,0.711 | -0.044,-0.043,0.012
[33mUnable to find 1403638228.045097 timestamp in GT file, wrong GT file loaded???
[0mq_GtoI = 0.834,-0.057,0.546,0.046 | p_IinG = 0.880,-0.195,0.560 | dist = 93.35 (meters)
bg = -0.0016,0.0211,0.0783 | ba = 0.0386,0.0791,0.1585
camera-imu timeoffset = 0.00003
cam0 intrinsics = 467.056,466.050,365.177,249.759 | -0.280,0.072,0.001,-0.000
cam1 intrinsics = 465.871,464.900,378.034,256.344 | -0.279,0.071,0.000,-0.000
cam0 extrinsics = -0.007,0.007,0.702,0.712 | 0.073,-0.043,0.010
cam1 extrinsics = -0.002,0.012,0.703,0.711 | -0.044,-0.043,0.012
[33mUnable to find 1403638228.095097 timestamp in GT file, wrong GT file loaded???
[0mq_GtoI = 0.834,-0.057,0.546,0.046 | p_IinG = 0.880,-0.195,0.560 | dist = 93.35 (meters)
bg = -0.0016,0.0211,0.0783 | ba = 0.0386,0.0782,0.1586
camera-imu timeoffset = 0.00003
cam0 intrinsics = 467.057,466.049,365.176,249.764 | -0.280,0.072,0.001,-0.000
cam1 intrinsics = 465.873,464.900,378.034,256.347 | -0.279,0.071,0.000,-0.000
cam0 extrinsics = -0.007,0.007,0.702,0.712 | 0.073,-0.043,0.010
cam1 extrinsics = -0.002,0.012,0.703,0.711 | -0.044,-0.043,0.012
[33mUnable to find 1403638228.145097 timestamp in GT file, wrong GT file loaded???
[0mq_GtoI = 0.834,-0.057,0.546,0.046 | p_IinG = 0.879,-0.195,0.560 | dist = 93.35 (meters)
bg = -0.0016,0.0211,0.0782 | ba = 0.0388,0.0775,0.1584
camera-imu timeoffset = 0.00003
cam0 intrinsics = 467.057,466.049,365.175,249.769 | -0.280,0.072,0.001,-0.000
cam1 intrinsics = 465.876,464.901,378.034,256.350 | -0.279,0.071,0.000,-0.000
cam0 extrinsics = -0.007,0.007,0.702,0.712 | 0.073,-0.043,0.010
cam1 extrinsics = -0.002,0.012,0.703,0.711 | -0.044,-0.043,0.012
[33mUnable to find 1403638228.195097 timestamp in GT file, wrong GT file loaded???
[0mq_GtoI = 0.834,-0.057,0.546,0.046 | p_IinG = 0.879,-0.196,0.559 | dist = 93.35 (meters)
bg = -0.0016,0.0210,0.0782 | ba = 0.0386,0.0765,0.1582
camera-imu timeoffset = 0.00003
cam0 intrinsics = 467.057,466.048,365.174,249.774 | -0.280,0.072,0.001,-0.000
cam1 intrinsics = 465.878,464.901,378.034,256.353 | -0.279,0.071,0.000,-0.000
cam0 extrinsics = -0.007,0.007,0.702,0.712 | 0.073,-0.043,0.010
cam1 extrinsics = -0.002,0.012,0.703,0.711 | -0.044,-0.043,0.012
[33mUnable to find 1403638228.245097 timestamp in GT file, wrong GT file loaded???
[0mq_GtoI = 0.834,-0.057,0.546,0.046 | p_IinG = 0.879,-0.196,0.559 | dist = 93.35 (meters)
bg = -0.0017,0.0210,0.0782 | ba = 0.0388,0.0758,0.1582
camera-imu timeoffset = 0.00003
cam0 intrinsics = 467.058,466.048,365.174,249.779 | -0.280,0.072,0.001,-0.000
cam1 intrinsics = 465.880,464.902,378.034,256.357 | -0.279,0.071,0.000,-0.000
cam0 extrinsics = -0.007,0.007,0.702,0.712 | 0.073,-0.043,0.010
cam1 extrinsics = -0.002,0.012,0.703,0.711 | -0.044,-0.043,0.012
[33mUnable to find 1403638228.295097 timestamp in GT file, wrong GT file loaded???
[0mq_GtoI = 0.834,-0.057,0.546,0.046 | p_IinG = 0.879,-0.196,0.559 | dist = 93.35 (meters)
bg = -0.0017,0.0210,0.0782 | ba = 0.0385,0.0750,0.1586
camera-imu timeoffset = 0.00003
cam0 intrinsics = 467.058,466.047,365.173,249.783 | -0.280,0.072,0.001,-0.000
cam1 intrinsics = 465.882,464.903,378.034,256.360 | -0.279,0.071,0.000,-0.000
cam0 extrinsics = -0.007,0.007,0.702,0.712 | 0.073,-0.043,0.010
cam1 extrinsics = -0.002,0.012,0.703,0.711 | -0.044,-0.043,0.012
[33mUnable to find 1403638228.345097 timestamp in GT file, wrong GT file loaded???
[0mq_GtoI = 0.834,-0.057,0.546,0.046 | p_IinG = 0.879,-0.196,0.559 | dist = 93.35 (meters)
bg = -0.0017,0.0210,0.0782 | ba = 0.0376,0.0742,0.1591
camera-imu timeoffset = 0.00003
cam0 intrinsics = 467.059,466.047,365.172,249.788 | -0.280,0.072,0.001,-0.000
cam1 intrinsics = 465.884,464.903,378.034,256.363 | -0.279,0.071,0.000,-0.000
cam0 extrinsics = -0.007,0.007,0.702,0.712 | 0.073,-0.043,0.010
cam1 extrinsics = -0.002,0.012,0.703,0.711 | -0.044,-0.043,0.012
[33mUnable to find 1403638228.395097 timestamp in GT file, wrong GT file loaded???
[0mq_GtoI = 0.834,-0.057,0.546,0.046 | p_IinG = 0.878,-0.196,0.559 | dist = 93.35 (meters)
bg = -0.0017,0.0210,0.0782 | ba = 0.0369,0.0736,0.1587
camera-imu timeoffset = 0.00003
cam0 intrinsics = 467.059,466.046,365.171,249.793 | -0.280,0.072,0.001,-0.000
cam1 intrinsics = 465.886,464.904,378.034,256.366 | -0.279,0.071,0.000,-0.000
cam0 extrinsics = -0.007,0.007,0.702,0.712 | 0.073,-0.043,0.010
cam1 extrinsics = -0.002,0.012,0.703,0.711 | -0.044,-0.043,0.012
[33mUnable to find 1403638228.445097 timestamp in GT file, wrong GT file loaded???
[0mq_GtoI = 0.834,-0.057,0.546,0.046 | p_IinG = 0.878,-0.196,0.559 | dist = 93.35 (meters)
bg = -0.0017,0.0210,0.0782 | ba = 0.0362,0.0724,0.1588
camera-imu timeoffset = 0.00003
cam0 intrinsics = 467.060,466.046,365.171,249.797 | -0.280,0.072,0.001,-0.000
cam1 intrinsics = 465.888,464.904,378.034,256.369 | -0.279,0.071,0.000,-0.000
cam0 extrinsics = -0.007,0.007,0.702,0.712 | 0.073,-0.043,0.010
cam1 extrinsics = -0.002,0.012,0.703,0.711 | -0.044,-0.043,0.012
[33mUnable to find 1403638228.495097 timestamp in GT file, wrong GT file loaded???
[0mq_GtoI = 0.834,-0.057,0.546,0.046 | p_IinG = 0.878,-0.196,0.559 | dist = 93.35 (meters)
bg = -0.0017,0.0210,0.0782 | ba = 0.0360,0.0718,0.1582
camera-imu timeoffset = 0.00003
cam0 intrinsics = 467.060,466.045,365.170,249.802 | -0.280,0.072,0.001,-0.000
cam1 intrinsics = 465.890,464.905,378.034,256.372 | -0.279,0.071,0.000,-0.000
cam0 extrinsics = -0.007,0.007,0.702,0.712 | 0.073,-0.043,0.010
cam1 extrinsics = -0.002,0.012,0.703,0.711 | -0.044,-0.043,0.012
[33mUnable to find 1403638228.545097 timestamp in GT file, wrong GT file loaded???
[0mq_GtoI = 0.834,-0.057,0.546,0.046 | p_IinG = 0.878,-0.196,0.559 | dist = 93.35 (meters)
bg = -0.0017,0.0210,0.0782 | ba = 0.0355,0.0705,0.1582
camera-imu timeoffset = 0.00003
cam0 intrinsics = 467.061,466.044,365.169,249.807 | -0.280,0.072,0.001,-0.000
cam1 intrinsics = 465.893,464.906,378.034,256.375 | -0.279,0.071,0.000,-0.000
cam0 extrinsics = -0.007,0.007,0.702,0.712 | 0.073,-0.043,0.010
cam1 extrinsics = -0.002,0.012,0.703,0.711 | -0.044,-0.043,0.012
[33mUnable to find 1403638228.595097 timestamp in GT file, wrong GT file loaded???
[0mq_GtoI = 0.834,-0.057,0.546,0.046 | p_IinG = 0.878,-0.196,0.559 | dist = 93.35 (meters)
bg = -0.0017,0.0209,0.0781 | ba = 0.0352,0.0696,0.1578
camera-imu timeoffset = 0.00003
cam0 intrinsics = 467.061,466.044,365.168,249.812 | -0.280,0.072,0.001,-0.000
cam1 intrinsics = 465.895,464.906,378.034,256.378 | -0.279,0.071,0.000,-0.000
cam0 extrinsics = -0.007,0.007,0.702,0.712 | 0.073,-0.043,0.010
cam1 extrinsics = -0.002,0.012,0.703,0.711 | -0.044,-0.043,0.012
[33mUnable to find 1403638228.645097 timestamp in GT file, wrong GT file loaded???
[0mq_GtoI = 0.834,-0.057,0.546,0.046 | p_IinG = 0.877,-0.197,0.559 | dist = 93.35 (meters)
bg = -0.0017,0.0209,0.0781 | ba = 0.0350,0.0687,0.1576
camera-imu timeoffset = 0.00003
cam0 intrinsics = 467.062,466.043,365.168,249.817 | -0.280,0.072,0.001,-0.000
cam1 intrinsics = 465.897,464.907,378.034,256.382 | -0.279,0.071,0.000,-0.000
cam0 extrinsics = -0.007,0.007,0.702,0.712 | 0.073,-0.043,0.010
cam1 extrinsics = -0.002,0.012,0.703,0.711 | -0.044,-0.043,0.012
[33mUnable to find 1403638228.695097 timestamp in GT file, wrong GT file loaded???
[0mq_GtoI = 0.834,-0.057,0.546,0.046 | p_IinG = 0.877,-0.197,0.559 | dist = 93.35 (meters)
bg = -0.0017,0.0209,0.0781 | ba = 0.0349,0.0678,0.1574
camera-imu timeoffset = 0.00003
cam0 intrinsics = 467.062,466.043,365.167,249.822 | -0.280,0.072,0.001,-0.000
cam1 intrinsics = 465.899,464.908,378.034,256.385 | -0.279,0.071,0.000,-0.000
cam0 extrinsics = -0.007,0.007,0.702,0.712 | 0.073,-0.043,0.010
cam1 extrinsics = -0.002,0.012,0.703,0.711 | -0.044,-0.043,0.012
[33mUnable to find 1403638228.745097 timestamp in GT file, wrong GT file loaded???
[0mq_GtoI = 0.834,-0.057,0.546,0.046 | p_IinG = 0.877,-0.197,0.559 | dist = 93.35 (meters)
bg = -0.0017,0.0209,0.0781 | ba = 0.0348,0.0669,0.1573
camera-imu timeoffset = 0.00003
cam0 intrinsics = 467.063,466.043,365.166,249.827 | -0.280,0.072,0.001,-0.000
cam1 intrinsics = 465.902,464.908,378.034,256.388 | -0.279,0.071,0.000,-0.000
cam0 extrinsics = -0.007,0.007,0.702,0.712 | 0.073,-0.043,0.010
cam1 extrinsics = -0.002,0.012,0.703,0.711 | -0.044,-0.043,0.012
[33mUnable to find 1403638228.795097 timestamp in GT file, wrong GT file loaded???
[0mq_GtoI = 0.834,-0.057,0.546,0.046 | p_IinG = 0.877,-0.197,0.559 | dist = 93.35 (meters)
bg = -0.0017,0.0209,0.0781 | ba = 0.0349,0.0662,0.1566
camera-imu timeoffset = 0.00003
cam0 intrinsics = 467.063,466.042,365.165,249.831 | -0.280,0.072,0.001,-0.000
cam1 intrinsics = 465.904,464.909,378.034,256.392 | -0.279,0.071,0.000,-0.000
cam0 extrinsics = -0.007,0.007,0.702,0.712 | 0.073,-0.043,0.010
cam1 extrinsics = -0.002,0.012,0.703,0.711 | -0.044,-0.043,0.012
[33mUnable to find 1403638228.845097 timestamp in GT file, wrong GT file loaded???
[0m[conformal] live Net-A batches=1038 predictions=4260
[conformal] Stage-1 dump complete: /data/conformal_dumps/stage3_online_all11/runs/MH_04_difficult_conformalised.h5 frames=1594 stereo_pairs=2032 unmatched_left=1 unmatched_right=0
