Setting printing level to: INFO
[conformal] loaded IMU sidecar: /data/conformal_dumps/stage3_all11/sidecars/V1_03_difficult_learned_sigma.h5
[conformal] live Net-A parity PASS max_abs_error=1.15729e-07
[conformal] loaded causal live Net-A: /data/conformal_dumps/stage3_online_all11/model/netA_live.h5 visual_scale=1
[33m[init]: not enough feats to compute disp: 0,0 < 15
[0m[33m[init]: not enough feats to compute disp: 0,0 < 15
[0m[33m[init]: not enough feats to compute disp: 0,81 < 15
[0m[33m[init]: not enough feats to compute disp: 0,81 < 15
[0m[33m[init]: not enough feats to compute disp: 0,81 < 15
[0m[33m[init]: not enough feats to compute disp: 0,81 < 15
[0m[33m[init]: not enough feats to compute disp: 0,81 < 15
[0m[33m[init]: not enough feats to compute disp: 0,81 < 15
[0m[33m[init]: not enough feats to compute disp: 0,81 < 15
[0m[33m[init]: not enough feats to compute disp: 0,81 < 15
[0m[33m[init]: not enough feats to compute disp: 0,81 < 15
[0m[33m[init]: not enough feats to compute disp: 0,81 < 15
[0m[33m[init]: not enough feats to compute disp: 0,81 < 15
[0m[33m[init]: not enough feats to compute disp: 0,81 < 15
[0m[33m[init]: not enough feats to compute disp: 0,81 < 15
[0m[33m[init]: not enough feats to compute disp: 0,81 < 15
[0m[33m[init]: not enough feats to compute disp: 0,81 < 15
[0m[33m[init]: not enough feats to compute disp: 0,81 < 15
[0m[33m[init]: not enough feats to compute disp: 0,81 < 15
[0m[33m[init]: not enough feats to compute disp: 0,81 < 15
[0m[33m[init]: not enough feats to compute disp: 0,81 < 15
[0m[33m[init]: not enough feats to compute disp: 0,81 < 15
[0m[33m[init]: disparity is 0.131,0.377 (10.00 thresh)
[0m[33m[init]: failed static init: no accel jerk detected
[0m[33m[init]: disparity is 0.154,0.319 (10.00 thresh)
[0m[33m[init]: failed static init: no accel jerk detected
[0m[33m[init]: disparity is 0.171,0.250 (10.00 thresh)
[0m[33m[init]: failed static init: no accel jerk detected
[0m[33m[init]: disparity is 0.207,0.252 (10.00 thresh)
[0m[33m[init]: failed static init: no accel jerk detected
[0m[33m[init]: disparity is 0.275,0.264 (10.00 thresh)
[0m[33m[init]: failed static init: no accel jerk detected
[0m[33m[init]: disparity is 0.288,0.267 (10.00 thresh)
[0m[33m[init]: failed static init: no accel jerk detected
[0m[33m[init]: disparity is 0.328,0.213 (10.00 thresh)
[0m[33m[init]: failed static init: no accel jerk detected
[0m[33m[init]: disparity is 0.345,0.186 (10.00 thresh)
[0m[33m[init]: failed static init: no accel jerk detected
[0m[33m[init]: disparity is 0.339,0.206 (10.00 thresh)
[0m[33m[init]: failed static init: no accel jerk detected
[0m[33m[init]: disparity is 0.346,0.205 (10.00 thresh)
[0m[33m[init]: failed static init: no accel jerk detected
[0m[33m[init]: disparity is 0.377,0.194 (10.00 thresh)
[0m[33m[init]: failed static init: no accel jerk detected
[0m[33m[init]: disparity is 0.396,0.175 (10.00 thresh)
[0m[33m[init]: failed static init: no accel jerk detected
[0m[33m[init]: disparity is 0.378,0.192 (10.00 thresh)
[0m[33m[init]: failed static init: no accel jerk detected
[0m[33m[init]: disparity is 0.371,0.189 (10.00 thresh)
[0m[33m[init]: failed static init: no accel jerk detected
[0m[33m[init]: disparity is 0.379,0.193 (10.00 thresh)
[0m[33m[init]: failed static init: no accel jerk detected
[0m[33m[init]: disparity is 0.367,0.180 (10.00 thresh)
[0m[33m[init]: failed static init: no accel jerk detected
[0m[33m[init]: disparity is 0.388,0.195 (10.00 thresh)
[0m[33m[init]: failed static init: no accel jerk detected
[0m[33m[init]: disparity is 0.393,0.158 (10.00 thresh)
[0m[33m[init]: failed static init: no accel jerk detected
[0m[33m[init]: disparity is 0.410,0.215 (10.00 thresh)
[0m[33m[init]: failed static init: no accel jerk detected
[0m[33m[init]: disparity is 0.400,0.237 (10.00 thresh)
[0m[33m[init]: failed static init: no accel jerk detected
[0m[33m[init]: disparity is 0.408,0.250 (10.00 thresh)
[0m[33m[init]: failed static init: no accel jerk detected
[0m[33m[init]: disparity is 0.362,0.241 (10.00 thresh)
[0m[33m[init]: failed static init: no accel jerk detected
[0m[33m[init]: disparity is 0.339,0.267 (10.00 thresh)
[0m[33m[init]: failed static init: no accel jerk detected
[0m[33m[init]: disparity is 0.323,0.246 (10.00 thresh)
[0m[33m[init]: failed static init: no accel jerk detected
[0m[33m[init]: disparity is 0.248,0.221 (10.00 thresh)
[0m[33m[init]: failed static init: no accel jerk detected
[0m[33m[init]: disparity is 0.300,0.253 (10.00 thresh)
[0m[33m[init]: failed static init: no accel jerk detected
[0m[33m[init]: disparity is 0.275,0.233 (10.00 thresh)
[0m[33m[init]: failed static init: no accel jerk detected
[0m[33m[init]: disparity is 0.258,0.252 (10.00 thresh)
[0m[33m[init]: failed static init: no accel jerk detected
[0m[33m[init]: disparity is 0.225,0.224 (10.00 thresh)
[0m[33m[init]: failed static init: no accel jerk detected
[0m[33m[init]: disparity is 0.197,0.214 (10.00 thresh)
[0m[33m[init]: failed static init: no accel jerk detected
[0m[33m[init]: disparity is 0.221,0.241 (10.00 thresh)
[0m[33m[init]: failed static init: no accel jerk detected
[0m[33m[init]: disparity is 0.209,0.256 (10.00 thresh)
[0m[33m[init]: failed static init: no accel jerk detected
[0m[33m[init]: disparity is 0.200,0.228 (10.00 thresh)
[0m[33m[init]: failed static init: no accel jerk detected
[0m[33m[init]: disparity is 0.201,0.231 (10.00 thresh)
[0m[33m[init]: failed static init: no accel jerk detected
[0m[33m[init]: disparity is 0.188,0.244 (10.00 thresh)
[0m[33m[init]: failed static init: no accel jerk detected
[0m[33m[init]: disparity is 0.178,0.219 (10.00 thresh)
[0m[33m[init]: failed static init: no accel jerk detected
[0m[33m[init]: disparity is 0.195,0.226 (10.00 thresh)
[0m[33m[init]: failed static init: no accel jerk detected
[0m[33m[init]: disparity is 0.186,0.167 (10.00 thresh)
[0m[33m[init]: failed static init: no accel jerk detected
[0m[33m[init]: disparity is 0.201,0.188 (10.00 thresh)
[0m[33m[init]: failed static init: no accel jerk detected
[0m[33m[init]: disparity is 0.204,0.169 (10.00 thresh)
[0m[33m[init]: failed static init: no accel jerk detected
[0m[33m[init]: disparity is 0.214,0.210 (10.00 thresh)
[0m[33m[init]: failed static init: no accel jerk detected
[0m[33m[init]: disparity is 0.226,0.313 (10.00 thresh)
[0m[33m[init]: failed static init: no accel jerk detected
[0m[33m[init]: disparity is 0.261,0.220 (10.00 thresh)
[0m[33m[init]: failed static init: no accel jerk detected
[0m[33m[init]: disparity is 0.272,0.305 (10.00 thresh)
[0m[33m[init]: failed static init: no accel jerk detected
[0m[33m[init]: disparity is 0.269,0.326 (10.00 thresh)
[0m[33m[init]: failed static init: no accel jerk detected
[0m[33m[init]: disparity is 0.275,0.441 (10.00 thresh)
[0m[33m[init]: failed static init: no accel jerk detected
[0m[33m[init]: disparity is 0.238,0.396 (10.00 thresh)
[0m[33m[init]: failed static init: no accel jerk detected
[0m[33m[init]: disparity is 0.266,0.354 (10.00 thresh)
[0m[33m[init]: failed static init: no accel jerk detected
[0m[33m[init]: disparity is 0.235,0.333 (10.00 thresh)
[0m[33m[init]: failed static init: no accel jerk detected
[0m[33m[init]: disparity is 0.242,0.357 (10.00 thresh)
[0m[33m[init]: failed static init: no accel jerk detected
[0m[33m[init]: disparity is 0.240,0.373 (10.00 thresh)
[0m[33m[init]: failed static init: no accel jerk detected
[0m[33m[init]: disparity is 0.223,0.428 (10.00 thresh)
[0m[33m[init]: failed static init: no accel jerk detected
[0m[33m[init]: disparity is 0.245,0.358 (10.00 thresh)
[0m[33m[init]: failed static init: no accel jerk detected
[0m[33m[init]: disparity is 0.247,0.332 (10.00 thresh)
[0m[33m[init]: failed static init: no accel jerk detected
[0m[33m[init]: disparity is 0.228,0.453 (10.00 thresh)
[0m[33m[init]: failed static init: no accel jerk detected
[0m[33m[init]: disparity is 0.210,0.426 (10.00 thresh)
[0m[33m[init]: failed static init: no accel jerk detected
[0m[33m[init]: disparity is 0.245,0.443 (10.00 thresh)
[0m[33m[init]: failed static init: no accel jerk detected
[0m[33m[init]: disparity is 0.205,0.369 (10.00 thresh)
[0m[33m[init]: failed static init: no accel jerk detected
[0m[33m[init]: disparity is 0.230,0.414 (10.00 thresh)
[0m[33m[init]: failed static init: no accel jerk detected
[0m[33m[init]: disparity is 0.209,0.474 (10.00 thresh)
[0m[33m[init]: failed static init: no accel jerk detected
[0m[33m[init]: disparity is 0.215,0.338 (10.00 thresh)
[0m[33m[init]: failed static init: no accel jerk detected
[0m[33m[init]: disparity is 0.290,0.534 (10.00 thresh)
[0m[33m[init]: failed static init: no accel jerk detected
[0m[33m[init]: disparity is 0.255,0.563 (10.00 thresh)
[0m[33m[init]: failed static init: no accel jerk detected
[0m[33m[init]: disparity is 0.325,0.561 (10.00 thresh)
[0m[33m[init]: failed static init: no accel jerk detected
[0m[33m[init]: disparity is 0.333,0.489 (10.00 thresh)
[0m[33m[init]: failed static init: no accel jerk detected
[0m[33m[init]: disparity is 0.432,0.448 (10.00 thresh)
[0m[33m[init]: failed static init: no accel jerk detected
[0m[33m[init]: disparity is 0.413,0.440 (10.00 thresh)
[0m[33m[init]: failed static init: no accel jerk detected
[0m[33m[init]: disparity is 0.383,0.438 (10.00 thresh)
[0m[33m[init]: failed static init: no accel jerk detected
[0m[33m[init]: disparity is 0.340,0.404 (10.00 thresh)
[0m[33m[init]: failed static init: no accel jerk detected
[0m[33m[init]: disparity is 0.351,0.514 (10.00 thresh)
[0m[33m[init]: failed static init: no accel jerk detected
[0m[33m[init]: disparity is 0.368,0.411 (10.00 thresh)
[0m[33m[init]: failed static init: no accel jerk detected
[0m[33m[init]: disparity is 0.434,0.370 (10.00 thresh)
[0m[33m[init]: failed static init: no accel jerk detected
[0m[33m[init]: disparity is 0.355,0.477 (10.00 thresh)
[0m[33m[init]: failed static init: no accel jerk detected
[0m[33m[init]: disparity is 0.344,0.505 (10.00 thresh)
[0m[33m[init]: failed static init: no accel jerk detected
[0m[33m[init]: disparity is 0.453,0.496 (10.00 thresh)
[0m[33m[init]: failed static init: no accel jerk detected
[0m[33m[init]: disparity is 0.443,0.423 (10.00 thresh)
[0m[33m[init]: failed static init: no accel jerk detected
[0m[33m[init]: disparity is 0.463,0.352 (10.00 thresh)
[0m[33m[init]: failed static init: no accel jerk detected
[0m[33m[init]: disparity is 0.373,0.345 (10.00 thresh)
[0m[33m[init]: failed static init: no accel jerk detected
[0m[33m[init]: disparity is 0.390,0.351 (10.00 thresh)
[0m[33m[init]: failed static init: no accel jerk detected
[0m[33m[init]: disparity is 0.387,0.411 (10.00 thresh)
[0m[33m[init]: failed static init: no accel jerk detected
[0m[33m[init]: disparity is 0.305,0.415 (10.00 thresh)
[0m[33m[init]: failed static init: no accel jerk detected
[0m[33m[init]: disparity is 0.447,0.300 (10.00 thresh)
[0m[33m[init]: failed static init: no accel jerk detected
[0m[33m[init]: disparity is 0.390,0.287 (10.00 thresh)
[0m[33m[init]: failed static init: no accel jerk detected
[0m[33m[init]: disparity is 0.399,0.696 (10.00 thresh)
[0m[33m[init]: failed static init: no accel jerk detected
[0m[33m[init]: disparity is 0.363,0.473 (10.00 thresh)
[0m[33m[init]: failed static init: no accel jerk detected
[0m[33m[init]: disparity is 0.541,0.311 (10.00 thresh)
[0m[33m[init]: failed static init: no accel jerk detected
[0m[33m[init]: disparity is 0.519,0.293 (10.00 thresh)
[0m[33m[init]: failed static init: no accel jerk detected
[0m[33m[init]: disparity is 0.457,0.374 (10.00 thresh)
[0m[33m[init]: failed static init: no accel jerk detected
[0m[33m[init]: disparity is 0.441,0.291 (10.00 thresh)
[0m[33m[init]: failed static init: no accel jerk detected
[0m[33m[init]: disparity is 0.457,0.281 (10.00 thresh)
[0m[33m[init]: failed static init: no accel jerk detected
[0m[33m[init]: disparity is 0.429,0.882 (10.00 thresh)
[0m[33m[init]: failed static init: no accel jerk detected
[0m[33m[init]: disparity is 0.502,0.799 (10.00 thresh)
[0m[33m[init]: failed static init: no accel jerk detected
[0m[33m[init]: disparity is 0.428,0.815 (10.00 thresh)
[0m[33m[init]: failed static init: no accel jerk detected
[0m[33m[init]: disparity is 0.403,0.951 (10.00 thresh)
[0m[33m[init]: failed static init: no accel jerk detected
[0m[33m[init]: disparity is 0.484,0.840 (10.00 thresh)
[0m[33m[init]: failed static init: no accel jerk detected
[0m[33m[init]: disparity is 0.507,1.004 (10.00 thresh)
[0m[33m[init]: failed static init: no accel jerk detected
[0m[33m[init]: disparity is 0.459,0.800 (10.00 thresh)
[0m[33m[init]: failed static init: no accel jerk detected
[0m[33m[init]: disparity is 0.397,0.983 (10.00 thresh)
[0m[33m[init]: failed static init: no accel jerk detected
[0m[33m[init]: disparity is 0.423,1.225 (10.00 thresh)
[0m[33m[init]: failed static init: no accel jerk detected
[0m[33m[init]: disparity is 0.433,1.243 (10.00 thresh)
[0m[33m[init]: failed static init: no accel jerk detected
[0m[33m[init]: disparity is 0.355,1.276 (10.00 thresh)
[0m[33m[init]: failed static init: no accel jerk detected
[0m[33m[init]: disparity is 0.401,1.097 (10.00 thresh)
[0m[33m[init]: failed static init: no accel jerk detected
[0m[33m[init]: disparity is 0.481,1.645 (10.00 thresh)
[0m[33m[init]: failed static init: no accel jerk detected
[0m[33m[init]: disparity is 0.739,1.873 (10.00 thresh)
[0m[33m[init]: failed static init: no accel jerk detected
[0m[33m[init]: disparity is 0.520,1.753 (10.00 thresh)
[0m[33m[init]: failed static init: no accel jerk detected
[0m[33m[init]: disparity is 0.339,1.998 (10.00 thresh)
[0m[33m[init]: failed static init: no accel jerk detected
[0m[33m[init]: disparity is 0.302,2.350 (10.00 thresh)
[0m[33m[init]: failed static init: no accel jerk detected
[0m[33m[init]: disparity is 0.326,2.721 (10.00 thresh)
[0m[33m[init]: failed static init: no accel jerk detected
[0m[33m[init]: disparity is 0.295,2.499 (10.00 thresh)
[0m[33m[init]: failed static init: no accel jerk detected
[0m[33m[init]: disparity is 0.303,3.085 (10.00 thresh)
[0m[33m[init]: failed static init: no accel jerk detected
[0m[33m[init]: disparity is 0.856,3.901 (10.00 thresh)
[0m[33m[init]: failed static init: no accel jerk detected
[0m[33m[init]: disparity is 0.838,4.344 (10.00 thresh)
[0m[33m[init]: failed static init: no accel jerk detected
[0m[33m[init]: disparity is 0.856,4.812 (10.00 thresh)
[0m[33m[init]: failed static init: no accel jerk detected
[0m[33m[init]: disparity is 0.930,5.623 (10.00 thresh)
[0m[33m[init]: failed static init: no accel jerk detected
[0m[33m[init]: disparity is 0.820,6.095 (10.00 thresh)
[0m[33m[init]: failed static init: no accel jerk detected
[0m[33m[init]: disparity is 1.023,8.012 (10.00 thresh)
[0m[33m[init]: failed static init: no accel jerk detected
[0m[33m[init]: disparity is 0.914,14.454 (10.00 thresh)
[0m[32m[init]: successful initialization in 0.0010 seconds
[0m[32m[init]: orientation = 0.8277, 0.0117, 0.5608, 0.0172
[0m[32m[init]: bias gyro = -0.0024, 0.0206, 0.0782
[0m[32m[init]: velocity = 0.0000, 0.0000, 0.0000
[0m[32m[init]: bias accel = -0.0281, -0.0013, 0.0112
[0m[32m[init]: position = 0.0000, 0.0000, 0.0000
[0mq_GtoI = -0.803,-0.007,-0.597,0.001 | p_IinG = -0.020,0.010,0.034 | dist = 0.00 (meters)
bg = -0.0026,0.0177,0.0779 | ba = -0.0309,-0.0015,0.0128
camera-imu timeoffset = -0.00024
cam0 intrinsics = 458.652,457.295,367.212,248.324 | -0.283,0.074,0.000,0.000
cam1 intrinsics = 457.589,456.137,380.003,255.291 | -0.284,0.074,-0.000,-0.000
cam0 extrinsics = -0.008,0.010,0.702,0.712 | 0.064,-0.016,-0.010
cam1 extrinsics = -0.002,0.016,0.702,0.712 | -0.043,-0.025,-0.007
q_GtoI = -0.805,-0.009,-0.594,0.005 | p_IinG = -0.014,0.016,0.029 | dist = 0.01 (meters)
bg = -0.0115,0.0150,0.0707 | ba = -0.0216,-0.0005,0.0091
camera-imu timeoffset = -0.00066
cam0 intrinsics = 458.573,457.319,367.046,248.016 | -0.281,0.077,0.001,0.001
cam1 intrinsics = 457.662,456.152,380.181,255.532 | -0.286,0.072,-0.001,-0.002
cam0 extrinsics = -0.010,0.009,0.701,0.713 | 0.071,-0.006,-0.001
cam1 extrinsics = -0.000,0.016,0.703,0.711 | -0.050,-0.035,-0.015
q_GtoI = -0.809,-0.008,-0.588,0.004 | p_IinG = -0.019,0.023,0.041 | dist = 0.02 (meters)
bg = -0.0106,0.0172,0.0700 | ba = -0.0254,-0.0004,0.0106
camera-imu timeoffset = -0.00034
cam0 intrinsics = 458.579,457.273,366.940,248.041 | -0.281,0.077,0.001,0.001
cam1 intrinsics = 457.629,456.206,380.269,255.523 | -0.286,0.072,-0.001,-0.003
cam0 extrinsics = -0.010,0.009,0.701,0.713 | 0.073,-0.005,-0.001
cam1 extrinsics = 0.000,0.016,0.702,0.712 | -0.052,-0.035,-0.015
q_GtoI = -0.812,-0.007,-0.584,0.004 | p_IinG = -0.026,0.029,0.052 | dist = 0.03 (meters)
bg = -0.0088,0.0197,0.0703 | ba = -0.0269,-0.0003,0.0115
camera-imu timeoffset = -0.00065
cam0 intrinsics = 458.703,457.162,366.863,248.055 | -0.282,0.077,0.000,0.001
cam1 intrinsics = 457.492,456.329,380.321,255.520 | -0.286,0.072,-0.001,-0.003
cam0 extrinsics = -0.011,0.009,0.701,0.713 | 0.074,-0.005,-0.002
cam1 extrinsics = 0.001,0.016,0.702,0.712 | -0.053,-0.035,-0.015
q_GtoI = -0.815,-0.006,-0.579,0.002 | p_IinG = -0.033,0.035,0.062 | dist = 0.04 (meters)
bg = -0.0071,0.0199,0.0709 | ba = -0.0269,-0.0002,0.0117
camera-imu timeoffset = -0.00041
cam0 intrinsics = 458.813,457.071,366.810,248.053 | -0.282,0.077,0.000,0.000
cam1 intrinsics = 457.398,456.466,380.341,255.524 | -0.286,0.071,-0.002,-0.004
cam0 extrinsics = -0.011,0.009,0.701,0.713 | 0.074,-0.005,-0.003
cam1 extrinsics = 0.000,0.016,0.702,0.712 | -0.054,-0.035,-0.015
q_GtoI = -0.820,-0.004,-0.573,0.000 | p_IinG = -0.039,0.043,0.073 | dist = 0.05 (meters)
bg = -0.0045,0.0206,0.0716 | ba = -0.0277,-0.0001,0.0123
camera-imu timeoffset = -0.00032
cam0 intrinsics = 458.942,456.955,366.738,248.043 | -0.282,0.077,-0.000,-0.001
cam1 intrinsics = 457.300,456.620,380.363,255.532 | -0.286,0.071,-0.002,-0.005
cam0 extrinsics = -0.010,0.009,0.701,0.713 | 0.074,-0.006,-0.005
cam1 extrinsics = 0.000,0.016,0.703,0.711 | -0.054,-0.036,-0.014
q_GtoI = 0.824,0.004,0.566,0.001 | p_IinG = -0.043,0.050,0.082 | dist = 0.06 (meters)
bg = -0.0036,0.0202,0.0718 | ba = -0.0292,-0.0001,0.0129
camera-imu timeoffset = 0.00001
cam0 intrinsics = 459.035,456.851,366.639,248.021 | -0.282,0.077,-0.001,-0.002
cam1 intrinsics = 457.242,456.740,380.378,255.551 | -0.286,0.071,-0.003,-0.005
cam0 extrinsics = -0.010,0.009,0.701,0.713 | 0.074,-0.007,-0.005
cam1 extrinsics = 0.000,0.016,0.703,0.711 | -0.055,-0.036,-0.014
q_GtoI = 0.826,0.006,0.563,0.005 | p_IinG = -0.049,0.057,0.094 | dist = 0.07 (meters)
bg = -0.0027,0.0206,0.0725 | ba = -0.0315,0.0001,0.0140
camera-imu timeoffset = -0.00003
cam0 intrinsics = 459.024,456.705,366.551,248.022 | -0.283,0.076,-0.001,-0.002
cam1 intrinsics = 457.267,456.930,380.392,255.567 | -0.286,0.070,-0.003,-0.006
cam0 extrinsics = -0.010,0.009,0.701,0.713 | 0.074,-0.007,-0.005
cam1 extrinsics = 0.000,0.016,0.703,0.711 | -0.055,-0.037,-0.012
q_GtoI = 0.823,0.010,0.567,0.011 | p_IinG = -0.052,0.060,0.095 | dist = 0.08 (meters)
bg = -0.0030,0.0175,0.0737 | ba = -0.0265,0.0003,0.0118
camera-imu timeoffset = -0.00010
cam0 intrinsics = 459.040,456.656,366.502,247.951 | -0.283,0.076,-0.000,-0.001
cam1 intrinsics = 457.197,456.981,380.497,255.632 | -0.285,0.070,-0.003,-0.005
cam0 extrinsics = -0.010,0.009,0.701,0.713 | 0.073,-0.006,-0.005
cam1 extrinsics = -0.000,0.016,0.703,0.711 | -0.053,-0.035,-0.010
q_GtoI = 0.820,0.012,0.571,0.017 | p_IinG = -0.055,0.069,0.108 | dist = 0.09 (meters)
bg = -0.0013,0.0179,0.0743 | ba = -0.0264,0.0003,0.0117
camera-imu timeoffset = -0.00020
cam0 intrinsics = 459.057,456.550,366.409,247.888 | -0.283,0.076,-0.000,-0.002
cam1 intrinsics = 457.163,457.137,380.580,255.688 | -0.285,0.070,-0.003,-0.005
cam0 extrinsics = -0.010,0.009,0.701,0.713 | 0.073,-0.005,-0.006
cam1 extrinsics = -0.000,0.016,0.703,0.711 | -0.053,-0.035,-0.010
q_GtoI = 0.818,0.016,0.575,0.023 | p_IinG = -0.060,0.076,0.127 | dist = 0.11 (meters)
bg = -0.0017,0.0198,0.0747 | ba = -0.0297,0.0001,0.0127
camera-imu timeoffset = -0.00040
cam0 intrinsics = 458.975,456.558,366.331,247.881 | -0.284,0.075,0.001,-0.001
cam1 intrinsics = 457.157,457.370,380.597,255.624 | -0.285,0.067,-0.001,-0.005
cam0 extrinsics = -0.010,0.009,0.701,0.713 | 0.072,-0.008,-0.008
cam1 extrinsics = -0.000,0.016,0.703,0.711 | -0.053,-0.037,-0.010
q_GtoI = 0.816,0.020,0.577,0.029 | p_IinG = -0.063,0.087,0.147 | dist = 0.13 (meters)
bg = -0.0010,0.0210,0.0750 | ba = -0.0326,-0.0000,0.0135
camera-imu timeoffset = -0.00045
cam0 intrinsics = 458.845,456.429,366.198,247.845 | -0.285,0.075,0.001,-0.001
cam1 intrinsics = 457.295,457.702,380.599,255.580 | -0.284,0.066,-0.001,-0.005
cam0 extrinsics = -0.010,0.009,0.701,0.713 | 0.071,-0.009,-0.010
cam1 extrinsics = -0.000,0.017,0.703,0.711 | -0.054,-0.040,-0.009
q_GtoI = 0.815,0.022,0.578,0.033 | p_IinG = -0.068,0.100,0.168 | dist = 0.15 (meters)
bg = -0.0007,0.0213,0.0753 | ba = -0.0332,0.0002,0.0132
camera-imu timeoffset = -0.00027
cam0 intrinsics = 458.686,456.405,366.064,247.805 | -0.284,0.075,0.001,0.000
cam1 intrinsics = 457.425,458.006,380.573,255.505 | -0.282,0.065,-0.001,-0.003
cam0 extrinsics = -0.010,0.009,0.701,0.713 | 0.072,-0.010,-0.011
cam1 extrinsics = -0.000,0.017,0.703,0.711 | -0.054,-0.041,-0.008
q_GtoI = 0.815,0.022,0.578,0.035 | p_IinG = -0.070,0.112,0.186 | dist = 0.17 (meters)
bg = -0.0014,0.0219,0.0751 | ba = -0.0324,0.0000,0.0123
camera-imu timeoffset = -0.00029
cam0 intrinsics = 458.846,456.672,365.538,247.703 | -0.284,0.076,0.001,0.001
cam1 intrinsics = 457.293,457.893,381.012,255.597 | -0.280,0.064,-0.001,-0.003
cam0 extrinsics = -0.010,0.009,0.701,0.713 | 0.077,-0.010,-0.010
cam1 extrinsics = 0.000,0.017,0.703,0.711 | -0.057,-0.045,-0.009
q_GtoI = 0.816,0.021,0.576,0.035 | p_IinG = -0.073,0.127,0.201 | dist = 0.19 (meters)
bg = -0.0013,0.0223,0.0754 | ba = -0.0327,0.0000,0.0120
camera-imu timeoffset = -0.00039
cam0 intrinsics = 458.863,456.681,365.466,247.615 | -0.285,0.076,0.001,0.001
cam1 intrinsics = 457.410,457.917,380.997,255.639 | -0.279,0.064,-0.001,-0.003
cam0 extrinsics = -0.010,0.009,0.701,0.713 | 0.076,-0.011,-0.011
cam1 extrinsics = 0.000,0.017,0.703,0.711 | -0.057,-0.046,-0.008
q_GtoI = 0.819,0.019,0.572,0.033 | p_IinG = -0.075,0.144,0.215 | dist = 0.21 (meters)
bg = -0.0012,0.0228,0.0755 | ba = -0.0354,-0.0002,0.0124
camera-imu timeoffset = -0.00040
cam0 intrinsics = 458.849,456.669,365.430,247.609 | -0.285,0.076,0.001,0.001
cam1 intrinsics = 457.466,457.946,381.055,255.613 | -0.279,0.064,-0.001,-0.002
cam0 extrinsics = -0.010,0.009,0.701,0.713 | 0.078,-0.011,-0.010
cam1 extrinsics = 0.000,0.017,0.703,0.711 | -0.057,-0.046,-0.007
q_GtoI = 0.822,0.017,0.568,0.034 | p_IinG = -0.079,0.169,0.233 | dist = 0.24 (meters)
bg = -0.0000,0.0245,0.0760 | ba = -0.0418,0.0001,0.0142
camera-imu timeoffset = -0.00047
cam0 intrinsics = 458.932,456.992,365.839,248.213 | -0.283,0.076,0.001,0.002
cam1 intrinsics = 457.275,457.821,380.648,255.005 | -0.279,0.065,-0.001,-0.001
cam0 extrinsics = -0.010,0.008,0.701,0.713 | 0.070,-0.015,-0.007
cam1 extrinsics = -0.001,0.018,0.703,0.711 | -0.051,-0.045,-0.010
q_GtoI = 0.824,0.016,0.566,0.032 | p_IinG = -0.081,0.189,0.244 | dist = 0.26 (meters)
bg = -0.0003,0.0247,0.0763 | ba = -0.0434,0.0003,0.0144
camera-imu timeoffset = -0.00049
cam0 intrinsics = 458.938,456.983,365.860,248.221 | -0.283,0.076,0.001,0.002
cam1 intrinsics = 457.309,457.824,380.697,254.967 | -0.279,0.065,-0.001,-0.001
cam0 extrinsics = -0.010,0.008,0.701,0.713 | 0.069,-0.016,-0.007
cam1 extrinsics = -0.001,0.018,0.703,0.711 | -0.050,-0.046,-0.011
q_GtoI = 0.825,0.013,0.564,0.029 | p_IinG = -0.083,0.212,0.255 | dist = 0.28 (meters)
bg = -0.0005,0.0248,0.0765 | ba = -0.0464,0.0002,0.0148
camera-imu timeoffset = -0.00052
cam0 intrinsics = 458.911,456.946,365.859,248.252 | -0.283,0.076,0.000,0.001
cam1 intrinsics = 457.367,457.820,380.780,254.914 | -0.279,0.065,-0.001,-0.001
cam0 extrinsics = -0.009,0.008,0.701,0.713 | 0.070,-0.016,-0.007
cam1 extrinsics = -0.001,0.018,0.703,0.711 | -0.050,-0.046,-0.010
q_GtoI = 0.826,0.011,0.564,0.025 | p_IinG = -0.084,0.235,0.267 | dist = 0.31 (meters)
bg = -0.0009,0.0249,0.0765 | ba = -0.0476,0.0003,0.0149
camera-imu timeoffset = -0.00050
cam0 intrinsics = 458.883,456.794,365.780,248.290 | -0.282,0.076,0.000,0.002
cam1 intrinsics = 457.433,457.934,380.885,254.859 | -0.279,0.065,-0.001,-0.001
cam0 extrinsics = -0.009,0.008,0.701,0.713 | 0.070,-0.016,-0.008
cam1 extrinsics = -0.001,0.018,0.703,0.711 | -0.050,-0.046,-0.010
q_GtoI = 0.825,0.009,0.565,0.022 | p_IinG = -0.084,0.260,0.280 | dist = 0.33 (meters)
bg = -0.0006,0.0253,0.0770 | ba = -0.0506,0.0007,0.0154
camera-imu timeoffset = -0.00053
cam0 intrinsics = 458.461,456.633,365.258,247.529 | -0.282,0.076,-0.001,0.002
cam1 intrinsics = 458.092,458.075,381.430,255.492 | -0.277,0.065,-0.002,0.001
cam0 extrinsics = -0.008,0.008,0.701,0.713 | 0.068,-0.022,-0.010
cam1 extrinsics = -0.003,0.018,0.703,0.711 | -0.049,-0.048,-0.007
q_GtoI = 0.823,0.007,0.567,0.019 | p_IinG = -0.083,0.287,0.295 | dist = 0.36 (meters)
bg = -0.0007,0.0254,0.0774 | ba = -0.0523,0.0007,0.0153
camera-imu timeoffset = -0.00056
cam0 intrinsics = 458.483,456.584,365.242,247.476 | -0.282,0.076,-0.001,0.002
cam1 intrinsics = 458.115,458.094,381.546,255.474 | -0.277,0.065,-0.002,0.001
cam0 extrinsics = -0.008,0.008,0.701,0.713 | 0.068,-0.023,-0.010
cam1 extrinsics = -0.003,0.018,0.703,0.711 | -0.049,-0.047,-0.007
q_GtoI = 0.821,0.006,0.570,0.017 | p_IinG = -0.082,0.314,0.310 | dist = 0.39 (meters)
bg = -0.0009,0.0252,0.0775 | ba = -0.0536,0.0009,0.0152
camera-imu timeoffset = -0.00055
cam0 intrinsics = 458.464,456.506,365.122,247.386 | -0.282,0.075,-0.001,0.002
cam1 intrinsics = 458.196,458.160,381.719,255.488 | -0.276,0.065,-0.002,0.001
cam0 extrinsics = -0.008,0.008,0.701,0.713 | 0.069,-0.023,-0.011
cam1 extrinsics = -0.003,0.018,0.703,0.711 | -0.050,-0.047,-0.007
q_GtoI = 0.819,0.006,0.573,0.016 | p_IinG = -0.080,0.341,0.324 | dist = 0.42 (meters)
bg = -0.0013,0.0250,0.0776 | ba = -0.0541,0.0010,0.0150
camera-imu timeoffset = -0.00055
cam0 intrinsics = 458.307,456.180,365.201,247.328 | -0.282,0.076,-0.001,0.002
cam1 intrinsics = 458.409,458.452,381.658,255.521 | -0.276,0.064,-0.001,0.001
cam0 extrinsics = -0.008,0.008,0.701,0.713 | 0.070,-0.023,-0.013
cam1 extrinsics = -0.003,0.018,0.703,0.711 | -0.051,-0.047,-0.006
q_GtoI = 0.818,0.006,0.575,0.015 | p_IinG = -0.078,0.369,0.339 | dist = 0.45 (meters)
bg = -0.0015,0.0248,0.0778 | ba = -0.0544,0.0013,0.0147
camera-imu timeoffset = -0.00054
cam0 intrinsics = 458.312,456.169,365.176,247.262 | -0.282,0.075,-0.000,0.002
cam1 intrinsics = 458.442,458.460,381.691,255.522 | -0.276,0.065,-0.001,0.001
cam0 extrinsics = -0.008,0.008,0.701,0.713 | 0.070,-0.023,-0.014
cam1 extrinsics = -0.003,0.018,0.703,0.711 | -0.051,-0.047,-0.006
q_GtoI = 0.817,0.005,0.577,0.014 | p_IinG = -0.075,0.398,0.354 | dist = 0.49 (meters)
bg = -0.0014,0.0244,0.0780 | ba = -0.0545,0.0011,0.0140
camera-imu timeoffset = -0.00049
cam0 intrinsics = 458.420,456.322,364.992,247.261 | -0.282,0.076,-0.000,0.002
cam1 intrinsics = 458.356,458.330,381.928,255.449 | -0.276,0.065,-0.001,0.001
cam0 extrinsics = -0.007,0.008,0.701,0.713 | 0.069,-0.023,-0.014
cam1 extrinsics = -0.003,0.018,0.703,0.711 | -0.052,-0.047,-0.007
q_GtoI = 0.816,0.006,0.577,0.015 | p_IinG = -0.073,0.426,0.369 | dist = 0.52 (meters)
bg = -0.0016,0.0242,0.0781 | ba = -0.0538,0.0014,0.0133
camera-imu timeoffset = -0.00046
cam0 intrinsics = 458.427,456.333,364.983,247.213 | -0.282,0.076,-0.000,0.002
cam1 intrinsics = 458.367,458.330,381.952,255.449 | -0.276,0.066,-0.001,0.001
cam0 extrinsics = -0.007,0.008,0.701,0.713 | 0.069,-0.024,-0.014
cam1 extrinsics = -0.003,0.018,0.703,0.711 | -0.053,-0.047,-0.007
q_GtoI = 0.816,0.005,0.578,0.013 | p_IinG = -0.071,0.455,0.385 | dist = 0.55 (meters)
bg = -0.0017,0.0240,0.0783 | ba = -0.0541,0.0014,0.0128
camera-imu timeoffset = -0.00047
cam0 intrinsics = 458.438,456.341,364.961,247.157 | -0.282,0.076,-0.000,0.002
cam1 intrinsics = 458.367,458.329,381.993,255.444 | -0.276,0.066,-0.001,0.001
cam0 extrinsics = -0.007,0.008,0.701,0.713 | 0.068,-0.024,-0.015
cam1 extrinsics = -0.003,0.018,0.703,0.711 | -0.054,-0.047,-0.007
q_GtoI = 0.816,0.004,0.578,0.012 | p_IinG = -0.069,0.485,0.400 | dist = 0.58 (meters)
bg = -0.0018,0.0236,0.0785 | ba = -0.0554,0.0015,0.0127
camera-imu timeoffset = -0.00045
cam0 intrinsics = 458.460,456.338,364.938,247.114 | -0.281,0.076,-0.000,0.002
cam1 intrinsics = 458.380,458.326,382.020,255.437 | -0.276,0.066,-0.001,0.001
cam0 extrinsics = -0.007,0.008,0.701,0.713 | 0.068,-0.025,-0.015
cam1 extrinsics = -0.004,0.017,0.703,0.711 | -0.055,-0.047,-0.007
q_GtoI = 0.817,0.003,0.577,0.011 | p_IinG = -0.067,0.516,0.415 | dist = 0.62 (meters)
bg = -0.0018,0.0235,0.0787 | ba = -0.0561,0.0017,0.0126
camera-imu timeoffset = -0.00042
cam0 intrinsics = 458.471,456.315,365.053,247.093 | -0.281,0.075,-0.001,0.002
cam1 intrinsics = 458.389,458.347,381.929,255.448 | -0.276,0.067,-0.001,0.002
cam0 extrinsics = -0.007,0.008,0.701,0.713 | 0.068,-0.026,-0.015
cam1 extrinsics = -0.003,0.017,0.703,0.711 | -0.055,-0.048,-0.007
q_GtoI = 0.816,0.003,0.578,0.011 | p_IinG = -0.065,0.546,0.430 | dist = 0.65 (meters)
bg = -0.0017,0.0233,0.0789 | ba = -0.0565,0.0019,0.0123
camera-imu timeoffset = -0.00039
cam0 intrinsics = 458.511,456.344,365.086,247.072 | -0.281,0.075,-0.001,0.002
cam1 intrinsics = 458.360,458.338,381.963,255.437 | -0.276,0.067,-0.001,0.002
cam0 extrinsics = -0.007,0.008,0.701,0.713 | 0.068,-0.026,-0.014
cam1 extrinsics = -0.003,0.017,0.703,0.711 | -0.056,-0.048,-0.007
q_GtoI = 0.816,0.003,0.577,0.011 | p_IinG = -0.063,0.578,0.444 | dist = 0.68 (meters)
bg = -0.0014,0.0231,0.0790 | ba = -0.0548,0.0022,0.0107
camera-imu timeoffset = -0.00034
cam0 intrinsics = 458.375,456.287,365.257,247.284 | -0.282,0.075,-0.001,0.002
cam1 intrinsics = 458.397,458.470,381.887,255.257 | -0.276,0.067,-0.002,0.001
cam0 extrinsics = -0.007,0.008,0.701,0.713 | 0.068,-0.027,-0.015
cam1 extrinsics = -0.003,0.017,0.703,0.711 | -0.056,-0.048,-0.006
q_GtoI = 0.816,0.003,0.578,0.011 | p_IinG = -0.061,0.608,0.457 | dist = 0.71 (meters)
bg = -0.0015,0.0229,0.0790 | ba = -0.0542,0.0017,0.0100
camera-imu timeoffset = -0.00034
cam0 intrinsics = 458.406,456.328,365.259,247.281 | -0.281,0.075,-0.001,0.002
cam1 intrinsics = 458.373,458.468,381.934,255.252 | -0.276,0.067,-0.002,0.001
cam0 extrinsics = -0.007,0.008,0.701,0.713 | 0.068,-0.027,-0.015
cam1 extrinsics = -0.003,0.017,0.703,0.711 | -0.057,-0.048,-0.006
q_GtoI = 0.816,0.003,0.578,0.011 | p_IinG = -0.060,0.639,0.470 | dist = 0.75 (meters)
bg = -0.0014,0.0228,0.0792 | ba = -0.0545,0.0014,0.0096
camera-imu timeoffset = -0.00033
cam0 intrinsics = 458.448,456.357,365.320,247.234 | -0.281,0.074,-0.001,0.002
cam1 intrinsics = 458.333,458.469,381.957,255.268 | -0.276,0.067,-0.002,0.001
cam0 extrinsics = -0.007,0.008,0.701,0.713 | 0.068,-0.027,-0.015
cam1 extrinsics = -0.003,0.017,0.703,0.711 | -0.057,-0.049,-0.005
q_GtoI = 0.816,0.002,0.577,0.011 | p_IinG = -0.059,0.668,0.483 | dist = 0.78 (meters)
bg = -0.0015,0.0226,0.0792 | ba = -0.0542,0.0012,0.0087
camera-imu timeoffset = -0.00032
cam0 intrinsics = 458.477,456.402,365.413,247.245 | -0.281,0.074,-0.001,0.001
cam1 intrinsics = 458.326,458.487,382.009,255.280 | -0.276,0.067,-0.002,0.001
cam0 extrinsics = -0.007,0.008,0.701,0.713 | 0.068,-0.028,-0.015
cam1 extrinsics = -0.003,0.017,0.703,0.711 | -0.057,-0.049,-0.006
q_GtoI = 0.817,0.002,0.577,0.011 | p_IinG = -0.058,0.699,0.497 | dist = 0.81 (meters)
bg = -0.0016,0.0226,0.0793 | ba = -0.0534,0.0003,0.0076
camera-imu timeoffset = -0.00035
cam0 intrinsics = 458.407,456.271,365.757,247.366 | -0.280,0.073,-0.001,0.002
cam1 intrinsics = 458.450,458.643,381.737,255.258 | -0.275,0.067,-0.002,0.001
cam0 extrinsics = -0.008,0.008,0.701,0.713 | 0.068,-0.028,-0.016
cam1 extrinsics = -0.003,0.017,0.703,0.711 | -0.057,-0.049,-0.005
q_GtoI = 0.817,0.001,0.576,0.011 | p_IinG = -0.057,0.729,0.510 | dist = 0.85 (meters)
bg = -0.0016,0.0224,0.0794 | ba = -0.0537,0.0002,0.0071
camera-imu timeoffset = -0.00038
cam0 intrinsics = 458.405,456.272,365.848,247.355 | -0.280,0.073,-0.001,0.001
cam1 intrinsics = 458.453,458.694,381.761,255.281 | -0.275,0.067,-0.002,0.001
cam0 extrinsics = -0.008,0.008,0.701,0.713 | 0.068,-0.028,-0.016
cam1 extrinsics = -0.003,0.017,0.703,0.711 | -0.057,-0.049,-0.005
q_GtoI = 0.816,0.002,0.577,0.011 | p_IinG = -0.056,0.756,0.519 | dist = 0.88 (meters)
bg = -0.0015,0.0220,0.0792 | ba = -0.0514,-0.0006,0.0056
camera-imu timeoffset = -0.00032
cam0 intrinsics = 458.476,456.331,365.930,247.355 | -0.278,0.071,-0.001,0.001
cam1 intrinsics = 458.459,458.709,381.818,255.277 | -0.275,0.067,-0.002,0.001
cam0 extrinsics = -0.008,0.008,0.701,0.713 | 0.069,-0.028,-0.016
cam1 extrinsics = -0.003,0.017,0.703,0.711 | -0.058,-0.049,-0.005
q_GtoI = 0.817,0.002,0.577,0.011 | p_IinG = -0.055,0.782,0.529 | dist = 0.91 (meters)
bg = -0.0016,0.0218,0.0791 | ba = -0.0496,-0.0009,0.0045
camera-imu timeoffset = -0.00031
cam0 intrinsics = 458.453,456.339,365.975,247.350 | -0.278,0.070,-0.001,0.001
cam1 intrinsics = 458.453,458.758,381.899,255.306 | -0.275,0.067,-0.002,0.001
cam0 extrinsics = -0.008,0.008,0.701,0.713 | 0.069,-0.028,-0.016
cam1 extrinsics = -0.003,0.016,0.703,0.711 | -0.058,-0.049,-0.005
q_GtoI = 0.817,0.001,0.576,0.011 | p_IinG = -0.051,0.814,0.542 | dist = 0.94 (meters)
bg = -0.0012,0.0220,0.0794 | ba = -0.0480,-0.0023,0.0030
camera-imu timeoffset = -0.00039
cam0 intrinsics = 458.424,456.408,365.942,247.136 | -0.276,0.069,-0.001,0.001
cam1 intrinsics = 458.481,458.723,381.908,255.451 | -0.274,0.066,-0.002,0.001
cam0 extrinsics = -0.007,0.008,0.701,0.713 | 0.069,-0.029,-0.015
cam1 extrinsics = -0.003,0.016,0.702,0.712 | -0.058,-0.048,-0.004
q_GtoI = 0.817,0.001,0.576,0.012 | p_IinG = -0.049,0.844,0.554 | dist = 0.98 (meters)
bg = -0.0012,0.0220,0.0794 | ba = -0.0475,-0.0028,0.0026
camera-imu timeoffset = -0.00039
cam0 intrinsics = 458.408,456.386,365.939,247.147 | -0.276,0.068,-0.001,0.001
cam1 intrinsics = 458.516,458.787,381.897,255.475 | -0.274,0.066,-0.002,0.001
cam0 extrinsics = -0.007,0.008,0.701,0.713 | 0.069,-0.029,-0.015
cam1 extrinsics = -0.003,0.016,0.702,0.712 | -0.058,-0.048,-0.003
q_GtoI = 0.817,0.001,0.576,0.012 | p_IinG = -0.048,0.874,0.566 | dist = 1.01 (meters)
bg = -0.0012,0.0219,0.0795 | ba = -0.0481,-0.0030,0.0024
camera-imu timeoffset = -0.00041
cam0 intrinsics = 458.397,456.394,365.944,247.163 | -0.275,0.068,-0.001,0.001
cam1 intrinsics = 458.514,458.816,381.917,255.483 | -0.274,0.066,-0.002,0.000
cam0 extrinsics = -0.007,0.008,0.701,0.713 | 0.069,-0.029,-0.015
cam1 extrinsics = -0.003,0.016,0.702,0.712 | -0.058,-0.048,-0.003
q_GtoI = 0.817,0.001,0.576,0.012 | p_IinG = -0.046,0.903,0.577 | dist = 1.04 (meters)
bg = -0.0014,0.0218,0.0795 | ba = -0.0487,-0.0038,0.0018
camera-imu timeoffset = -0.00042
cam0 intrinsics = 458.389,456.351,365.925,247.173 | -0.275,0.067,-0.002,0.001
cam1 intrinsics = 458.531,458.837,381.942,255.520 | -0.274,0.065,-0.002,0.000
cam0 extrinsics = -0.007,0.008,0.701,0.713 | 0.069,-0.029,-0.015
cam1 extrinsics = -0.003,0.016,0.702,0.712 | -0.058,-0.048,-0.003
q_GtoI = 0.817,0.001,0.577,0.011 | p_IinG = -0.045,0.932,0.588 | dist = 1.07 (meters)
bg = -0.0014,0.0216,0.0796 | ba = -0.0481,-0.0040,0.0009
camera-imu timeoffset = -0.00044
cam0 intrinsics = 458.272,456.313,365.696,247.070 | -0.274,0.066,-0.002,0.000
cam1 intrinsics = 458.560,458.893,382.140,255.683 | -0.274,0.065,-0.002,-0.000
cam0 extrinsics = -0.007,0.008,0.701,0.713 | 0.068,-0.029,-0.015
cam1 extrinsics = -0.003,0.016,0.702,0.712 | -0.059,-0.048,-0.002
q_GtoI = 0.817,-0.000,0.577,0.009 | p_IinG = -0.044,0.959,0.598 | dist = 1.10 (meters)
bg = -0.0016,0.0213,0.0796 | ba = -0.0475,-0.0046,0.0002
camera-imu timeoffset = -0.00041
cam0 intrinsics = 458.216,456.314,365.719,247.109 | -0.273,0.065,-0.002,0.000
cam1 intrinsics = 458.560,458.960,382.219,255.704 | -0.273,0.065,-0.002,-0.000
cam0 extrinsics = -0.007,0.008,0.701,0.713 | 0.068,-0.029,-0.014
cam1 extrinsics = -0.003,0.016,0.702,0.712 | -0.059,-0.048,-0.002
q_GtoI = 0.817,-0.001,0.576,0.008 | p_IinG = -0.043,0.986,0.607 | dist = 1.13 (meters)
bg = -0.0016,0.0211,0.0795 | ba = -0.0460,-0.0055,-0.0009
camera-imu timeoffset = -0.00042
cam0 intrinsics = 458.155,456.283,365.718,247.140 | -0.272,0.064,-0.002,-0.000
cam1 intrinsics = 458.601,459.043,382.277,255.738 | -0.273,0.064,-0.002,-0.000
cam0 extrinsics = -0.007,0.008,0.701,0.713 | 0.068,-0.028,-0.014
cam1 extrinsics = -0.003,0.016,0.702,0.712 | -0.059,-0.048,-0.001
q_GtoI = 0.817,-0.003,0.576,0.005 | p_IinG = -0.041,1.010,0.615 | dist = 1.17 (meters)
bg = -0.0017,0.0211,0.0794 | ba = -0.0443,-0.0071,-0.0019
camera-imu timeoffset = -0.00040
cam0 intrinsics = 458.113,456.314,365.668,247.187 | -0.272,0.064,-0.002,-0.000
cam1 intrinsics = 458.588,459.098,382.328,255.749 | -0.273,0.064,-0.002,-0.000
cam0 extrinsics = -0.007,0.008,0.701,0.713 | 0.067,-0.027,-0.014
cam1 extrinsics = -0.003,0.016,0.702,0.712 | -0.059,-0.047,-0.001
q_GtoI = 0.818,-0.006,0.575,0.001 | p_IinG = -0.039,1.034,0.622 | dist = 1.20 (meters)
bg = -0.0017,0.0210,0.0793 | ba = -0.0427,-0.0079,-0.0024
camera-imu timeoffset = -0.00038
cam0 intrinsics = 458.116,456.358,365.707,247.204 | -0.272,0.064,-0.002,-0.000
cam1 intrinsics = 458.579,459.171,382.527,255.816 | -0.272,0.063,-0.002,-0.001
cam0 extrinsics = -0.007,0.008,0.701,0.713 | 0.067,-0.026,-0.013
cam1 extrinsics = -0.003,0.016,0.702,0.712 | -0.060,-0.046,0.000
q_GtoI = -0.817,0.009,-0.576,0.003 | p_IinG = -0.037,1.057,0.629 | dist = 1.23 (meters)
bg = -0.0016,0.0209,0.0792 | ba = -0.0413,-0.0096,-0.0033
camera-imu timeoffset = -0.00039
cam0 intrinsics = 458.077,456.409,365.713,247.260 | -0.271,0.063,-0.002,-0.000
cam1 intrinsics = 458.553,459.250,382.600,255.845 | -0.271,0.063,-0.002,-0.001
cam0 extrinsics = -0.007,0.008,0.701,0.713 | 0.066,-0.025,-0.013
cam1 extrinsics = -0.003,0.017,0.702,0.712 | -0.060,-0.044,0.001
q_GtoI = -0.817,0.013,-0.577,0.010 | p_IinG = -0.036,1.076,0.633 | dist = 1.25 (meters)
bg = -0.0018,0.0206,0.0789 | ba = -0.0396,-0.0118,-0.0043
camera-imu timeoffset = -0.00034
cam0 intrinsics = 457.986,456.433,365.516,247.353 | -0.271,0.063,-0.001,-0.000
cam1 intrinsics = 458.541,459.395,382.847,255.890 | -0.271,0.062,-0.002,-0.001
cam0 extrinsics = -0.007,0.008,0.701,0.713 | 0.066,-0.023,-0.014
cam1 extrinsics = -0.003,0.017,0.702,0.712 | -0.061,-0.042,0.001
q_GtoI = -0.815,0.019,-0.579,0.018 | p_IinG = -0.035,1.097,0.639 | dist = 1.28 (meters)
bg = -0.0018,0.0204,0.0788 | ba = -0.0392,-0.0129,-0.0046
camera-imu timeoffset = -0.00036
cam0 intrinsics = 458.003,456.505,365.558,247.401 | -0.271,0.063,-0.001,-0.000
cam1 intrinsics = 458.512,459.418,382.885,255.919 | -0.270,0.062,-0.002,-0.001
cam0 extrinsics = -0.006,0.008,0.701,0.714 | 0.066,-0.021,-0.013
cam1 extrinsics = -0.003,0.017,0.702,0.712 | -0.061,-0.041,0.002
q_GtoI = -0.813,0.025,-0.581,0.026 | p_IinG = -0.035,1.120,0.649 | dist = 1.31 (meters)
bg = -0.0011,0.0204,0.0790 | ba = -0.0391,-0.0145,-0.0031
camera-imu timeoffset = -0.00031
cam0 intrinsics = 457.811,456.489,365.575,247.419 | -0.269,0.062,-0.001,-0.000
cam1 intrinsics = 458.698,459.553,383.078,255.748 | -0.269,0.061,-0.001,-0.000
cam0 extrinsics = -0.006,0.008,0.700,0.714 | 0.067,-0.019,-0.013
cam1 extrinsics = -0.003,0.017,0.702,0.712 | -0.060,-0.038,0.003
q_GtoI = -0.812,0.031,-0.582,0.034 | p_IinG = -0.035,1.137,0.656 | dist = 1.33 (meters)
bg = -0.0012,0.0202,0.0788 | ba = -0.0388,-0.0158,-0.0025
camera-imu timeoffset = -0.00028
cam0 intrinsics = 457.775,456.490,365.536,247.441 | -0.269,0.062,-0.001,0.000
cam1 intrinsics = 458.702,459.624,383.141,255.755 | -0.268,0.061,-0.001,-0.000
cam0 extrinsics = -0.006,0.008,0.700,0.714 | 0.067,-0.018,-0.013
cam1 extrinsics = -0.002,0.017,0.702,0.712 | -0.059,-0.036,0.004
q_GtoI = -0.811,0.035,-0.583,0.039 | p_IinG = -0.036,1.149,0.663 | dist = 1.35 (meters)
bg = -0.0013,0.0199,0.0786 | ba = -0.0396,-0.0169,-0.0018
camera-imu timeoffset = -0.00025
cam0 intrinsics = 457.781,456.503,365.534,247.450 | -0.268,0.062,-0.001,0.000
cam1 intrinsics = 458.723,459.649,383.174,255.763 | -0.268,0.061,-0.001,-0.000
cam0 extrinsics = -0.006,0.008,0.700,0.714 | 0.068,-0.017,-0.012
cam1 extrinsics = -0.002,0.017,0.702,0.712 | -0.058,-0.035,0.004
q_GtoI = -0.809,0.039,-0.584,0.045 | p_IinG = -0.037,1.153,0.667 | dist = 1.37 (meters)
bg = -0.0013,0.0196,0.0785 | ba = -0.0405,-0.0172,-0.0003
camera-imu timeoffset = -0.00018
cam0 intrinsics = 457.791,456.590,365.580,247.442 | -0.267,0.061,-0.001,0.000
cam1 intrinsics = 458.743,459.624,382.950,255.626 | -0.267,0.060,-0.001,-0.000
cam0 extrinsics = -0.006,0.008,0.700,0.714 | 0.068,-0.016,-0.011
cam1 extrinsics = -0.002,0.017,0.702,0.712 | -0.057,-0.033,0.005
q_GtoI = -0.808,0.041,-0.586,0.049 | p_IinG = -0.038,1.158,0.675 | dist = 1.38 (meters)
bg = -0.0013,0.0195,0.0785 | ba = -0.0417,-0.0176,0.0005
camera-imu timeoffset = -0.00016
cam0 intrinsics = 457.816,456.611,365.548,247.392 | -0.267,0.061,-0.001,0.000
cam1 intrinsics = 458.746,459.636,382.958,255.650 | -0.266,0.060,-0.001,0.000
cam0 extrinsics = -0.006,0.008,0.700,0.714 | 0.068,-0.015,-0.011
cam1 extrinsics = -0.002,0.017,0.702,0.712 | -0.057,-0.033,0.005
q_GtoI = -0.806,0.044,-0.589,0.053 | p_IinG = -0.040,1.159,0.682 | dist = 1.39 (meters)
bg = -0.0013,0.0193,0.0784 | ba = -0.0426,-0.0179,0.0012
camera-imu timeoffset = -0.00017
cam0 intrinsics = 457.852,456.614,365.519,247.369 | -0.266,0.061,-0.000,0.001
cam1 intrinsics = 458.776,459.620,382.940,255.644 | -0.265,0.060,-0.001,0.000
cam0 extrinsics = -0.006,0.008,0.701,0.714 | 0.068,-0.014,-0.011
cam1 extrinsics = -0.002,0.016,0.702,0.712 | -0.057,-0.032,0.005
q_GtoI = -0.803,0.046,-0.591,0.056 | p_IinG = -0.043,1.157,0.691 | dist = 1.40 (meters)
bg = -0.0013,0.0192,0.0783 | ba = -0.0437,-0.0181,0.0017
camera-imu timeoffset = -0.00016
cam0 intrinsics = 457.870,456.623,365.500,247.362 | -0.265,0.061,-0.000,0.001
cam1 intrinsics = 458.811,459.625,382.923,255.615 | -0.265,0.059,-0.000,0.000
cam0 extrinsics = -0.006,0.008,0.701,0.714 | 0.068,-0.014,-0.011
cam1 extrinsics = -0.002,0.016,0.702,0.712 | -0.056,-0.031,0.005
q_GtoI = -0.802,0.047,-0.593,0.057 | p_IinG = -0.046,1.150,0.699 | dist = 1.41 (meters)
bg = -0.0014,0.0191,0.0781 | ba = -0.0442,-0.0187,0.0019
camera-imu timeoffset = -0.00015
cam0 intrinsics = 457.890,456.597,365.463,247.351 | -0.265,0.060,-0.000,0.001
cam1 intrinsics = 458.861,459.617,382.874,255.624 | -0.264,0.059,-0.000,0.000
cam0 extrinsics = -0.006,0.008,0.701,0.714 | 0.068,-0.013,-0.011
cam1 extrinsics = -0.002,0.016,0.702,0.712 | -0.056,-0.031,0.005
q_GtoI = -0.801,0.048,-0.594,0.060 | p_IinG = -0.051,1.141,0.707 | dist = 1.43 (meters)
bg = -0.0016,0.0192,0.0779 | ba = -0.0429,-0.0204,0.0016
camera-imu timeoffset = -0.00004
cam0 intrinsics = 457.897,456.570,365.419,247.348 | -0.264,0.060,-0.000,0.001
cam1 intrinsics = 458.906,459.625,382.835,255.627 | -0.264,0.059,-0.000,0.000
cam0 extrinsics = -0.006,0.008,0.701,0.714 | 0.069,-0.013,-0.011
cam1 extrinsics = -0.002,0.016,0.702,0.712 | -0.055,-0.031,0.005
q_GtoI = -0.802,0.049,-0.592,0.062 | p_IinG = -0.056,1.130,0.717 | dist = 1.44 (meters)
bg = -0.0016,0.0191,0.0779 | ba = -0.0439,-0.0206,0.0011
camera-imu timeoffset = -0.00005
cam0 intrinsics = 457.908,456.526,365.373,247.363 | -0.264,0.060,0.000,0.001
cam1 intrinsics = 458.952,459.619,382.812,255.640 | -0.263,0.059,-0.000,0.000
cam0 extrinsics = -0.006,0.008,0.701,0.714 | 0.069,-0.013,-0.011
cam1 extrinsics = -0.002,0.016,0.702,0.712 | -0.055,-0.030,0.006
q_GtoI = -0.804,0.050,-0.589,0.066 | p_IinG = -0.063,1.115,0.727 | dist = 1.46 (meters)
bg = -0.0019,0.0189,0.0779 | ba = -0.0443,-0.0220,-0.0003
camera-imu timeoffset = 0.00000
cam0 intrinsics = 457.874,456.365,365.280,247.329 | -0.264,0.060,0.000,0.001
cam1 intrinsics = 459.080,459.750,382.917,255.576 | -0.263,0.059,0.000,0.000
cam0 extrinsics = -0.006,0.008,0.701,0.714 | 0.070,-0.011,-0.012
cam1 extrinsics = -0.002,0.016,0.702,0.712 | -0.055,-0.030,0.006
q_GtoI = -0.806,0.052,-0.586,0.069 | p_IinG = -0.069,1.097,0.739 | dist = 1.48 (meters)
bg = -0.0018,0.0191,0.0779 | ba = -0.0456,-0.0217,-0.0001
camera-imu timeoffset = -0.00001
cam0 intrinsics = 457.947,456.291,365.226,247.372 | -0.264,0.060,0.000,0.001
cam1 intrinsics = 459.167,459.695,382.903,255.604 | -0.263,0.059,0.000,0.001
cam0 extrinsics = -0.006,0.008,0.701,0.714 | 0.070,-0.010,-0.012
cam1 extrinsics = -0.002,0.016,0.702,0.712 | -0.055,-0.028,0.006
q_GtoI = -0.807,0.055,-0.583,0.074 | p_IinG = -0.075,1.070,0.746 | dist = 1.51 (meters)
bg = -0.0017,0.0190,0.0777 | ba = -0.0462,-0.0225,-0.0006
camera-imu timeoffset = 0.00001
cam0 intrinsics = 457.978,456.292,365.152,247.370 | -0.263,0.059,0.000,0.001
cam1 intrinsics = 459.261,459.660,382.857,255.637 | -0.263,0.059,0.000,0.001
cam0 extrinsics = -0.006,0.008,0.701,0.713 | 0.070,-0.010,-0.012
cam1 extrinsics = -0.002,0.016,0.702,0.712 | -0.054,-0.028,0.006
q_GtoI = -0.808,0.060,-0.580,0.080 | p_IinG = -0.082,1.042,0.754 | dist = 1.54 (meters)
bg = -0.0015,0.0190,0.0777 | ba = -0.0460,-0.0239,-0.0014
camera-imu timeoffset = 0.00001
cam0 intrinsics = 458.142,456.432,365.124,247.511 | -0.262,0.059,0.000,0.001
cam1 intrinsics = 459.183,459.529,382.693,255.716 | -0.262,0.059,0.000,0.001
cam0 extrinsics = -0.006,0.008,0.701,0.714 | 0.070,-0.009,-0.011
cam1 extrinsics = -0.002,0.016,0.702,0.712 | -0.054,-0.026,0.006
q_GtoI = -0.809,0.064,-0.578,0.087 | p_IinG = -0.088,1.007,0.762 | dist = 1.57 (meters)
bg = -0.0014,0.0191,0.0777 | ba = -0.0465,-0.0243,-0.0014
camera-imu timeoffset = 0.00001
cam0 intrinsics = 458.142,456.398,365.111,247.562 | -0.262,0.059,0.000,0.001
cam1 intrinsics = 459.218,459.513,382.672,255.752 | -0.262,0.059,-0.000,0.001
cam0 extrinsics = -0.006,0.008,0.701,0.714 | 0.071,-0.009,-0.011
cam1 extrinsics = -0.002,0.016,0.702,0.712 | -0.054,-0.026,0.006
q_GtoI = -0.810,0.068,-0.576,0.091 | p_IinG = -0.095,0.966,0.770 | dist = 1.61 (meters)
bg = -0.0013,0.0191,0.0777 | ba = -0.0479,-0.0233,-0.0011
camera-imu timeoffset = 0.00010
cam0 intrinsics = 458.124,456.460,365.167,247.660 | -0.262,0.059,0.000,0.001
cam1 intrinsics = 459.176,459.507,382.638,255.753 | -0.261,0.059,-0.000,0.001
cam0 extrinsics = -0.006,0.008,0.701,0.714 | 0.071,-0.009,-0.010
cam1 extrinsics = -0.002,0.016,0.702,0.712 | -0.053,-0.026,0.007
q_GtoI = -0.810,0.069,-0.575,0.093 | p_IinG = -0.102,0.920,0.781 | dist = 1.65 (meters)
bg = -0.0012,0.0191,0.0777 | ba = -0.0493,-0.0225,-0.0008
camera-imu timeoffset = 0.00008
cam0 intrinsics = 458.186,456.403,365.154,247.665 | -0.261,0.059,-0.000,0.001
cam1 intrinsics = 459.241,459.446,382.655,255.771 | -0.261,0.058,-0.000,0.001
cam0 extrinsics = -0.006,0.008,0.701,0.713 | 0.070,-0.009,-0.010
cam1 extrinsics = -0.002,0.016,0.702,0.712 | -0.054,-0.026,0.007
q_GtoI = -0.810,0.069,-0.575,0.092 | p_IinG = -0.108,0.869,0.792 | dist = 1.71 (meters)
bg = -0.0012,0.0191,0.0776 | ba = -0.0512,-0.0210,-0.0003
camera-imu timeoffset = 0.00015
cam0 intrinsics = 458.238,456.374,365.136,247.673 | -0.261,0.059,0.000,0.001
cam1 intrinsics = 459.287,459.394,382.630,255.773 | -0.261,0.058,-0.000,0.001
cam0 extrinsics = -0.006,0.008,0.701,0.713 | 0.070,-0.010,-0.011
cam1 extrinsics = -0.002,0.016,0.702,0.712 | -0.054,-0.026,0.007
q_GtoI = -0.812,0.065,-0.574,0.086 | p_IinG = -0.115,0.813,0.804 | dist = 1.76 (meters)
bg = -0.0013,0.0192,0.0776 | ba = -0.0523,-0.0202,-0.0000
camera-imu timeoffset = 0.00014
cam0 intrinsics = 458.246,456.356,365.078,247.689 | -0.261,0.059,0.000,0.001
cam1 intrinsics = 459.311,459.387,382.620,255.746 | -0.261,0.058,-0.000,0.001
cam0 extrinsics = -0.006,0.008,0.701,0.713 | 0.069,-0.010,-0.011
cam1 extrinsics = -0.002,0.016,0.702,0.712 | -0.055,-0.026,0.007
q_GtoI = -0.813,0.058,-0.574,0.075 | p_IinG = -0.120,0.752,0.817 | dist = 1.82 (meters)
bg = -0.0012,0.0194,0.0777 | ba = -0.0537,-0.0193,0.0003
camera-imu timeoffset = 0.00014
cam0 intrinsics = 458.293,456.335,365.020,247.678 | -0.261,0.059,0.000,0.001
cam1 intrinsics = 459.360,459.363,382.593,255.712 | -0.260,0.058,-0.000,0.001
cam0 extrinsics = -0.006,0.008,0.701,0.713 | 0.068,-0.010,-0.011
cam1 extrinsics = -0.002,0.016,0.702,0.712 | -0.056,-0.026,0.007
q_GtoI = -0.816,0.049,-0.573,0.060 | p_IinG = -0.124,0.686,0.829 | dist = 1.89 (meters)
bg = -0.0011,0.0195,0.0777 | ba = -0.0545,-0.0193,0.0003
camera-imu timeoffset = 0.00020
cam0 intrinsics = 458.321,456.356,364.981,247.668 | -0.261,0.059,0.000,0.001
cam1 intrinsics = 459.386,459.368,382.566,255.636 | -0.261,0.058,0.000,0.001
cam0 extrinsics = -0.006,0.008,0.701,0.713 | 0.068,-0.011,-0.011
cam1 extrinsics = -0.002,0.016,0.702,0.712 | -0.056,-0.027,0.007
q_GtoI = -0.818,0.037,-0.573,0.044 | p_IinG = -0.129,0.618,0.842 | dist = 1.96 (meters)
bg = -0.0010,0.0195,0.0777 | ba = -0.0554,-0.0190,0.0004
camera-imu timeoffset = 0.00017
cam0 intrinsics = 458.340,456.385,364.960,247.643 | -0.261,0.059,0.000,0.001
cam1 intrinsics = 459.416,459.386,382.528,255.574 | -0.261,0.058,0.000,0.001
cam0 extrinsics = -0.006,0.008,0.701,0.713 | 0.066,-0.012,-0.011
cam1 extrinsics = -0.002,0.016,0.702,0.712 | -0.058,-0.028,0.006
q_GtoI = -0.820,0.029,-0.571,0.031 | p_IinG = -0.135,0.549,0.856 | dist = 2.03 (meters)
bg = -0.0011,0.0193,0.0778 | ba = -0.0565,-0.0198,-0.0004
camera-imu timeoffset = 0.00020
cam0 intrinsics = 458.331,456.475,364.991,247.527 | -0.261,0.059,0.000,0.001
cam1 intrinsics = 459.416,459.447,382.443,255.566 | -0.261,0.059,0.000,0.001
cam0 extrinsics = -0.006,0.008,0.701,0.713 | 0.065,-0.013,-0.012
cam1 extrinsics = -0.002,0.017,0.702,0.712 | -0.058,-0.028,0.005
q_GtoI = -0.820,0.023,-0.571,0.021 | p_IinG = -0.140,0.477,0.867 | dist = 2.10 (meters)
bg = -0.0010,0.0193,0.0780 | ba = -0.0569,-0.0201,-0.0004
camera-imu timeoffset = 0.00016
cam0 intrinsics = 458.302,456.561,365.045,247.544 | -0.261,0.059,0.000,0.001
cam1 intrinsics = 459.398,459.482,382.368,255.501 | -0.261,0.059,0.000,0.001
cam0 extrinsics = -0.006,0.009,0.701,0.713 | 0.066,-0.013,-0.012
cam1 extrinsics = -0.002,0.017,0.702,0.712 | -0.057,-0.029,0.005
q_GtoI = -0.821,0.018,-0.571,0.015 | p_IinG = -0.145,0.403,0.876 | dist = 2.17 (meters)
bg = -0.0010,0.0190,0.0780 | ba = -0.0571,-0.0202,-0.0000
camera-imu timeoffset = 0.00011
cam0 intrinsics = 458.229,456.725,364.899,247.505 | -0.261,0.059,0.000,0.001
cam1 intrinsics = 459.346,459.555,382.402,255.488 | -0.261,0.059,0.000,0.001
cam0 extrinsics = -0.006,0.009,0.701,0.713 | 0.066,-0.014,-0.011
cam1 extrinsics = -0.003,0.017,0.702,0.712 | -0.057,-0.029,0.005
q_GtoI = -0.821,0.017,-0.571,0.014 | p_IinG = -0.154,0.327,0.887 | dist = 2.25 (meters)
bg = -0.0016,0.0183,0.0779 | ba = -0.0577,-0.0223,0.0011
camera-imu timeoffset = 0.00006
cam0 intrinsics = 458.228,456.659,364.920,247.740 | -0.262,0.060,0.000,0.001
cam1 intrinsics = 459.487,459.533,382.187,255.377 | -0.262,0.059,0.001,0.001
cam0 extrinsics = -0.007,0.009,0.701,0.713 | 0.066,-0.016,-0.013
cam1 extrinsics = -0.003,0.017,0.702,0.712 | -0.056,-0.030,0.004
q_GtoI = -0.820,0.019,-0.571,0.017 | p_IinG = -0.160,0.251,0.897 | dist = 2.32 (meters)
bg = -0.0018,0.0182,0.0780 | ba = -0.0592,-0.0228,0.0023
camera-imu timeoffset = 0.00007
cam0 intrinsics = 458.263,456.686,364.948,247.729 | -0.262,0.060,0.001,0.001
cam1 intrinsics = 459.507,459.510,382.134,255.388 | -0.263,0.060,0.001,0.001
cam0 extrinsics = -0.007,0.009,0.701,0.713 | 0.067,-0.016,-0.013
cam1 extrinsics = -0.003,0.017,0.702,0.712 | -0.054,-0.029,0.003
q_GtoI = -0.820,0.021,-0.572,0.020 | p_IinG = -0.166,0.172,0.908 | dist = 2.40 (meters)
bg = -0.0021,0.0180,0.0779 | ba = -0.0611,-0.0233,0.0030
camera-imu timeoffset = 0.00009
cam0 intrinsics = 458.310,456.760,365.069,247.780 | -0.263,0.060,0.001,0.001
cam1 intrinsics = 459.524,459.469,381.998,255.394 | -0.264,0.060,0.001,0.001
cam0 extrinsics = -0.006,0.009,0.701,0.713 | 0.067,-0.016,-0.014
cam1 extrinsics = -0.002,0.017,0.702,0.712 | -0.054,-0.028,0.003
q_GtoI = -0.819,0.026,-0.572,0.027 | p_IinG = -0.170,0.095,0.918 | dist = 2.47 (meters)
bg = -0.0022,0.0179,0.0779 | ba = -0.0627,-0.0235,0.0037
camera-imu timeoffset = 0.00006
cam0 intrinsics = 458.338,456.755,365.115,247.865 | -0.263,0.060,0.001,0.001
cam1 intrinsics = 459.559,459.433,381.862,255.385 | -0.264,0.060,0.001,0.001
cam0 extrinsics = -0.006,0.010,0.701,0.713 | 0.069,-0.015,-0.014
cam1 extrinsics = -0.002,0.017,0.702,0.712 | -0.052,-0.027,0.002
q_GtoI = -0.818,0.030,-0.573,0.031 | p_IinG = -0.174,0.016,0.928 | dist = 2.55 (meters)
bg = -0.0024,0.0179,0.0778 | ba = -0.0630,-0.0251,0.0033
camera-imu timeoffset = 0.00005
cam0 intrinsics = 458.343,456.805,365.180,247.909 | -0.263,0.060,0.001,0.001
cam1 intrinsics = 459.553,459.423,381.768,255.374 | -0.264,0.060,0.001,0.001
cam0 extrinsics = -0.006,0.010,0.701,0.713 | 0.069,-0.015,-0.014
cam1 extrinsics = -0.002,0.017,0.702,0.712 | -0.052,-0.027,0.002
q_GtoI = -0.817,0.032,-0.575,0.034 | p_IinG = -0.178,-0.065,0.937 | dist = 2.63 (meters)
bg = -0.0025,0.0177,0.0778 | ba = -0.0617,-0.0277,0.0023
camera-imu timeoffset = 0.00009
cam0 intrinsics = 458.307,456.800,365.231,247.943 | -0.263,0.060,0.001,0.001
cam1 intrinsics = 459.580,459.432,381.633,255.313 | -0.264,0.060,0.001,0.001
cam0 extrinsics = -0.006,0.010,0.701,0.713 | 0.069,-0.015,-0.014
cam1 extrinsics = -0.002,0.018,0.702,0.712 | -0.052,-0.027,0.003
q_GtoI = -0.814,0.033,-0.578,0.036 | p_IinG = -0.181,-0.148,0.947 | dist = 2.71 (meters)
bg = -0.0027,0.0177,0.0778 | ba = -0.0617,-0.0303,0.0019
camera-imu timeoffset = 0.00010
cam0 intrinsics = 458.328,456.798,365.255,247.966 | -0.263,0.060,0.001,0.001
cam1 intrinsics = 459.597,459.392,381.525,255.287 | -0.264,0.060,0.001,0.001
cam0 extrinsics = -0.006,0.010,0.701,0.713 | 0.069,-0.015,-0.014
cam1 extrinsics = -0.002,0.018,0.702,0.712 | -0.051,-0.026,0.002
q_GtoI = -0.813,0.030,-0.581,0.033 | p_IinG = -0.183,-0.233,0.958 | dist = 2.80 (meters)
bg = -0.0028,0.0178,0.0778 | ba = -0.0601,-0.0328,0.0001
camera-imu timeoffset = 0.00010
cam0 intrinsics = 458.314,456.806,365.240,247.932 | -0.263,0.060,0.001,0.001
cam1 intrinsics = 459.605,459.371,381.480,255.255 | -0.264,0.060,0.001,0.001
cam0 extrinsics = -0.006,0.010,0.701,0.713 | 0.068,-0.016,-0.013
cam1 extrinsics = -0.002,0.018,0.702,0.712 | -0.052,-0.027,0.003
q_GtoI = -0.811,0.029,-0.583,0.030 | p_IinG = -0.185,-0.318,0.969 | dist = 2.88 (meters)
bg = -0.0027,0.0179,0.0778 | ba = -0.0587,-0.0341,-0.0007
camera-imu timeoffset = 0.00012
cam0 intrinsics = 458.340,456.773,365.274,247.904 | -0.263,0.060,0.001,0.001
cam1 intrinsics = 459.658,459.344,381.442,255.230 | -0.264,0.060,0.001,0.001
cam0 extrinsics = -0.006,0.010,0.701,0.713 | 0.067,-0.017,-0.013
cam1 extrinsics = -0.002,0.017,0.702,0.712 | -0.052,-0.027,0.003
q_GtoI = -0.809,0.025,-0.587,0.026 | p_IinG = -0.185,-0.406,0.980 | dist = 2.97 (meters)
bg = -0.0028,0.0182,0.0779 | ba = -0.0570,-0.0347,-0.0021
camera-imu timeoffset = 0.00012
cam0 intrinsics = 458.355,456.748,365.334,247.905 | -0.263,0.061,0.001,0.001
cam1 intrinsics = 459.693,459.300,381.387,255.239 | -0.264,0.061,0.001,0.001
cam0 extrinsics = -0.006,0.010,0.701,0.713 | 0.067,-0.018,-0.013
cam1 extrinsics = -0.002,0.017,0.702,0.712 | -0.053,-0.028,0.003
q_GtoI = -0.805,0.022,-0.593,0.021 | p_IinG = -0.188,-0.495,0.991 | dist = 3.06 (meters)
bg = -0.0030,0.0183,0.0780 | ba = -0.0556,-0.0358,-0.0026
camera-imu timeoffset = 0.00010
cam0 intrinsics = 458.393,456.747,365.340,247.958 | -0.264,0.061,0.001,0.002
cam1 intrinsics = 459.706,459.244,381.323,255.293 | -0.264,0.061,0.001,0.001
cam0 extrinsics = -0.006,0.010,0.701,0.713 | 0.067,-0.019,-0.013
cam1 extrinsics = -0.002,0.017,0.702,0.712 | -0.053,-0.029,0.003
q_GtoI = -0.801,0.020,-0.599,0.015 | p_IinG = -0.190,-0.586,1.001 | dist = 3.15 (meters)
bg = -0.0031,0.0184,0.0779 | ba = -0.0554,-0.0367,-0.0038
camera-imu timeoffset = 0.00010
cam0 intrinsics = 458.399,456.813,365.374,248.004 | -0.264,0.061,0.001,0.002
cam1 intrinsics = 459.681,459.237,381.268,255.325 | -0.264,0.061,0.001,0.002
cam0 extrinsics = -0.006,0.010,0.701,0.713 | 0.068,-0.019,-0.012
cam1 extrinsics = -0.002,0.017,0.702,0.712 | -0.052,-0.030,0.003
q_GtoI = -0.797,0.021,-0.603,0.010 | p_IinG = -0.193,-0.678,1.010 | dist = 3.24 (meters)
bg = -0.0032,0.0186,0.0779 | ba = -0.0540,-0.0364,-0.0050
camera-imu timeoffset = 0.00012
cam0 intrinsics = 458.383,456.876,365.488,247.988 | -0.264,0.061,0.001,0.002
cam1 intrinsics = 459.639,459.221,381.243,255.290 | -0.264,0.061,0.001,0.002
cam0 extrinsics = -0.006,0.010,0.701,0.713 | 0.068,-0.020,-0.011
cam1 extrinsics = -0.002,0.017,0.702,0.712 | -0.052,-0.030,0.004
q_GtoI = -0.795,0.022,-0.607,0.003 | p_IinG = -0.200,-0.770,1.018 | dist = 3.33 (meters)
bg = -0.0034,0.0185,0.0780 | ba = -0.0525,-0.0377,-0.0052
camera-imu timeoffset = 0.00013
cam0 intrinsics = 458.440,456.940,365.546,247.984 | -0.264,0.061,0.001,0.002
cam1 intrinsics = 459.635,459.187,381.164,255.291 | -0.265,0.061,0.001,0.002
cam0 extrinsics = -0.006,0.010,0.701,0.713 | 0.068,-0.020,-0.011
cam1 extrinsics = -0.002,0.017,0.702,0.712 | -0.052,-0.030,0.004
q_GtoI = 0.794,-0.024,0.607,0.005 | p_IinG = -0.206,-0.863,1.025 | dist = 3.42 (meters)
bg = -0.0035,0.0186,0.0782 | ba = -0.0511,-0.0397,-0.0059
camera-imu timeoffset = 0.00014
cam0 intrinsics = 458.455,456.990,365.601,247.988 | -0.265,0.061,0.001,0.002
cam1 intrinsics = 459.650,459.190,381.067,255.249 | -0.265,0.061,0.001,0.002
cam0 extrinsics = -0.006,0.010,0.701,0.713 | 0.068,-0.021,-0.011
cam1 extrinsics = -0.002,0.017,0.702,0.712 | -0.052,-0.030,0.004
q_GtoI = 0.795,-0.029,0.606,0.012 | p_IinG = -0.216,-0.958,1.030 | dist = 3.51 (meters)
bg = -0.0037,0.0184,0.0782 | ba = -0.0510,-0.0417,-0.0063
camera-imu timeoffset = 0.00013
cam0 intrinsics = 458.448,457.044,365.630,247.929 | -0.265,0.061,0.001,0.002
cam1 intrinsics = 459.599,459.159,380.905,255.235 | -0.265,0.061,0.001,0.002
cam0 extrinsics = -0.006,0.010,0.702,0.713 | 0.068,-0.021,-0.010
cam1 extrinsics = -0.002,0.017,0.702,0.711 | -0.051,-0.030,0.004
q_GtoI = 0.797,-0.034,0.603,0.019 | p_IinG = -0.223,-1.049,1.038 | dist = 3.60 (meters)
bg = -0.0037,0.0187,0.0782 | ba = -0.0524,-0.0404,-0.0069
camera-imu timeoffset = 0.00011
cam0 intrinsics = 458.509,457.033,365.730,247.968 | -0.265,0.062,0.001,0.002
cam1 intrinsics = 459.636,459.098,380.942,255.247 | -0.266,0.062,0.001,0.002
cam0 extrinsics = -0.006,0.010,0.702,0.712 | 0.068,-0.021,-0.009
cam1 extrinsics = -0.001,0.017,0.703,0.711 | -0.051,-0.031,0.005
q_GtoI = 0.800,-0.041,0.598,0.025 | p_IinG = -0.231,-1.143,1.041 | dist = 3.70 (meters)
bg = -0.0037,0.0191,0.0781 | ba = -0.0520,-0.0432,-0.0081
camera-imu timeoffset = 0.00011
cam0 intrinsics = 458.639,457.078,365.722,247.961 | -0.265,0.062,0.001,0.002
cam1 intrinsics = 459.696,459.040,380.732,255.175 | -0.266,0.061,0.001,0.002
cam0 extrinsics = -0.006,0.010,0.702,0.712 | 0.069,-0.020,-0.010
cam1 extrinsics = -0.001,0.017,0.703,0.711 | -0.050,-0.030,0.004
q_GtoI = 0.803,-0.049,0.593,0.032 | p_IinG = -0.242,-1.231,1.044 | dist = 3.79 (meters)
bg = -0.0038,0.0190,0.0782 | ba = -0.0530,-0.0407,-0.0087
camera-imu timeoffset = 0.00007
cam0 intrinsics = 458.634,457.039,365.784,247.960 | -0.265,0.062,0.001,0.002
cam1 intrinsics = 459.665,458.958,380.722,255.154 | -0.266,0.062,0.001,0.002
cam0 extrinsics = -0.006,0.010,0.702,0.712 | 0.069,-0.021,-0.009
cam1 extrinsics = -0.001,0.017,0.703,0.711 | -0.050,-0.030,0.005
q_GtoI = 0.807,-0.057,0.586,0.038 | p_IinG = -0.249,-1.321,1.049 | dist = 3.88 (meters)
bg = -0.0041,0.0193,0.0783 | ba = -0.0542,-0.0370,-0.0099
camera-imu timeoffset = 0.00004
cam0 intrinsics = 458.808,457.123,365.851,247.864 | -0.266,0.062,0.001,0.001
cam1 intrinsics = 459.638,458.756,380.561,255.139 | -0.267,0.062,0.001,0.001
cam0 extrinsics = -0.006,0.010,0.702,0.712 | 0.069,-0.020,-0.007
cam1 extrinsics = -0.001,0.016,0.703,0.711 | -0.050,-0.029,0.005
q_GtoI = 0.810,-0.065,0.582,0.045 | p_IinG = -0.261,-1.408,1.051 | dist = 3.96 (meters)
bg = -0.0042,0.0194,0.0784 | ba = -0.0549,-0.0362,-0.0094
camera-imu timeoffset = 0.00004
cam0 intrinsics = 458.837,457.146,365.897,247.846 | -0.267,0.062,0.001,0.001
cam1 intrinsics = 459.650,458.747,380.525,255.099 | -0.267,0.062,0.001,0.001
cam0 extrinsics = -0.006,0.010,0.702,0.712 | 0.069,-0.020,-0.006
cam1 extrinsics = -0.001,0.016,0.703,0.711 | -0.050,-0.029,0.006
q_GtoI = 0.811,-0.074,0.578,0.052 | p_IinG = -0.275,-1.496,1.050 | dist = 4.05 (meters)
bg = -0.0044,0.0192,0.0785 | ba = -0.0559,-0.0368,-0.0085
camera-imu timeoffset = 0.00004
cam0 intrinsics = 458.864,457.114,365.891,247.775 | -0.267,0.062,0.001,0.001
cam1 intrinsics = 459.720,458.779,380.535,255.051 | -0.268,0.062,0.001,0.001
cam0 extrinsics = -0.006,0.010,0.702,0.712 | 0.068,-0.021,-0.006
cam1 extrinsics = -0.001,0.016,0.703,0.711 | -0.051,-0.030,0.006
q_GtoI = 0.809,-0.083,0.579,0.059 | p_IinG = -0.294,-1.585,1.048 | dist = 4.14 (meters)
bg = -0.0046,0.0189,0.0785 | ba = -0.0577,-0.0393,-0.0072
camera-imu timeoffset = 0.00005
cam0 intrinsics = 458.954,457.162,365.888,247.730 | -0.267,0.063,0.001,0.001
cam1 intrinsics = 459.754,458.766,380.517,254.983 | -0.268,0.063,0.001,0.001
cam0 extrinsics = -0.006,0.010,0.702,0.712 | 0.067,-0.023,-0.006
cam1 extrinsics = -0.001,0.016,0.703,0.711 | -0.052,-0.031,0.007
q_GtoI = 0.807,-0.092,0.579,0.066 | p_IinG = -0.308,-1.672,1.043 | dist = 4.23 (meters)
bg = -0.0047,0.0188,0.0786 | ba = -0.0587,-0.0399,-0.0073
camera-imu timeoffset = 0.00005
cam0 intrinsics = 458.998,457.171,365.881,247.704 | -0.267,0.063,0.001,0.001
cam1 intrinsics = 459.801,458.762,380.496,254.936 | -0.268,0.063,0.001,0.001
cam0 extrinsics = -0.006,0.010,0.702,0.712 | 0.067,-0.022,-0.006
cam1 extrinsics = -0.001,0.016,0.703,0.711 | -0.052,-0.031,0.006
q_GtoI = 0.807,-0.099,0.578,0.073 | p_IinG = -0.325,-1.757,1.032 | dist = 4.31 (meters)
bg = -0.0048,0.0185,0.0786 | ba = -0.0591,-0.0414,-0.0064
camera-imu timeoffset = 0.00006
cam0 intrinsics = 459.009,457.206,365.881,247.714 | -0.268,0.063,0.001,0.001
cam1 intrinsics = 459.803,458.773,380.574,254.867 | -0.268,0.063,0.001,0.001
cam0 extrinsics = -0.006,0.010,0.702,0.712 | 0.067,-0.023,-0.006
cam1 extrinsics = -0.001,0.017,0.703,0.711 | -0.052,-0.031,0.006
q_GtoI = 0.806,-0.107,0.576,0.078 | p_IinG = -0.339,-1.847,1.021 | dist = 4.40 (meters)
bg = -0.0049,0.0186,0.0784 | ba = -0.0598,-0.0427,-0.0082
camera-imu timeoffset = 0.00003
cam0 intrinsics = 459.159,457.377,365.936,247.633 | -0.268,0.063,0.001,0.001
cam1 intrinsics = 459.716,458.722,380.518,254.823 | -0.269,0.063,0.001,0.001
cam0 extrinsics = -0.006,0.010,0.702,0.712 | 0.067,-0.022,-0.006
cam1 extrinsics = -0.001,0.016,0.703,0.711 | -0.052,-0.030,0.005
q_GtoI = 0.806,-0.112,0.575,0.083 | p_IinG = -0.352,-1.934,1.007 | dist = 4.49 (meters)
bg = -0.0051,0.0186,0.0784 | ba = -0.0606,-0.0429,-0.0092
camera-imu timeoffset = 0.00003
cam0 intrinsics = 459.178,457.443,365.949,247.599 | -0.269,0.063,0.001,0.001
cam1 intrinsics = 459.701,458.746,380.521,254.780 | -0.269,0.063,0.001,0.001
cam0 extrinsics = -0.006,0.010,0.702,0.712 | 0.067,-0.021,-0.006
cam1 extrinsics = -0.001,0.016,0.703,0.711 | -0.052,-0.030,0.005
q_GtoI = 0.807,-0.118,0.573,0.086 | p_IinG = -0.366,-2.021,0.991 | dist = 4.57 (meters)
bg = -0.0054,0.0188,0.0784 | ba = -0.0616,-0.0428,-0.0105
camera-imu timeoffset = 0.00002
cam0 intrinsics = 459.194,457.556,366.052,247.506 | -0.269,0.063,0.001,0.001
cam1 intrinsics = 459.666,458.801,380.572,254.696 | -0.269,0.063,0.001,0.001
cam0 extrinsics = -0.006,0.010,0.702,0.712 | 0.067,-0.020,-0.006
cam1 extrinsics = -0.001,0.016,0.703,0.711 | -0.052,-0.029,0.005
q_GtoI = 0.807,-0.122,0.570,0.089 | p_IinG = -0.376,-2.108,0.973 | dist = 4.66 (meters)
bg = -0.0058,0.0191,0.0784 | ba = -0.0626,-0.0415,-0.0121
camera-imu timeoffset = 0.00002
cam0 intrinsics = 459.189,457.673,366.189,247.401 | -0.269,0.063,0.001,0.001
cam1 intrinsics = 459.622,458.870,380.644,254.602 | -0.269,0.063,0.001,0.001
cam0 extrinsics = -0.006,0.010,0.702,0.713 | 0.066,-0.020,-0.005
cam1 extrinsics = -0.001,0.016,0.702,0.712 | -0.053,-0.028,0.005
q_GtoI = 0.807,-0.125,0.570,0.091 | p_IinG = -0.380,-2.193,0.953 | dist = 4.74 (meters)
bg = -0.0061,0.0197,0.0787 | ba = -0.0630,-0.0366,-0.0139
camera-imu timeoffset = 0.00002
cam0 intrinsics = 459.227,457.887,366.254,247.214 | -0.269,0.063,0.001,0.001
cam1 intrinsics = 459.415,458.807,380.512,254.525 | -0.270,0.064,0.001,0.001
cam0 extrinsics = -0.006,0.009,0.702,0.713 | 0.064,-0.020,-0.004
cam1 extrinsics = -0.001,0.016,0.702,0.712 | -0.054,-0.028,0.005
q_GtoI = 0.808,-0.127,0.567,0.094 | p_IinG = -0.387,-2.271,0.925 | dist = 4.83 (meters)
bg = -0.0061,0.0198,0.0789 | ba = -0.0613,-0.0331,-0.0147
camera-imu timeoffset = 0.00004
cam0 intrinsics = 459.213,457.972,366.319,247.190 | -0.269,0.064,0.001,0.001
cam1 intrinsics = 459.340,458.817,380.513,254.503 | -0.270,0.064,0.001,0.001
cam0 extrinsics = -0.006,0.009,0.702,0.712 | 0.063,-0.020,-0.004
cam1 extrinsics = -0.001,0.015,0.703,0.711 | -0.055,-0.028,0.004
q_GtoI = 0.811,-0.130,0.562,0.094 | p_IinG = -0.394,-2.349,0.902 | dist = 4.91 (meters)
bg = -0.0061,0.0204,0.0791 | ba = -0.0626,-0.0310,-0.0138
camera-imu timeoffset = 0.00006
cam0 intrinsics = 459.194,458.039,366.337,247.214 | -0.270,0.064,0.001,0.001
cam1 intrinsics = 459.309,458.847,380.456,254.486 | -0.270,0.064,0.001,0.001
cam0 extrinsics = -0.006,0.009,0.701,0.713 | 0.063,-0.019,-0.005
cam1 extrinsics = -0.001,0.016,0.702,0.712 | -0.055,-0.027,0.003
q_GtoI = 0.815,-0.132,0.556,0.096 | p_IinG = -0.399,-2.427,0.878 | dist = 5.00 (meters)
bg = -0.0060,0.0208,0.0792 | ba = -0.0635,-0.0284,-0.0140
camera-imu timeoffset = 0.00006
cam0 intrinsics = 459.200,458.070,366.292,247.181 | -0.270,0.064,0.001,0.001
cam1 intrinsics = 459.289,458.847,380.411,254.470 | -0.270,0.064,0.001,0.001
cam0 extrinsics = -0.006,0.009,0.701,0.713 | 0.063,-0.018,-0.006
cam1 extrinsics = -0.001,0.015,0.702,0.712 | -0.056,-0.026,0.002
q_GtoI = 0.819,-0.131,0.549,0.100 | p_IinG = -0.403,-2.506,0.853 | dist = 5.08 (meters)
bg = -0.0061,0.0211,0.0790 | ba = -0.0643,-0.0263,-0.0154
camera-imu timeoffset = 0.00005
cam0 intrinsics = 459.221,458.084,366.307,247.176 | -0.270,0.064,0.001,0.001
cam1 intrinsics = 459.283,458.832,380.390,254.492 | -0.270,0.064,0.001,0.001
cam0 extrinsics = -0.006,0.009,0.701,0.713 | 0.061,-0.018,-0.006
cam1 extrinsics = -0.001,0.015,0.702,0.712 | -0.057,-0.026,0.002
q_GtoI = 0.823,-0.130,0.543,0.103 | p_IinG = -0.404,-2.579,0.828 | dist = 5.16 (meters)
bg = -0.0061,0.0212,0.0789 | ba = -0.0636,-0.0233,-0.0168
camera-imu timeoffset = 0.00004
cam0 intrinsics = 459.250,458.091,366.372,247.234 | -0.270,0.064,0.001,0.001
cam1 intrinsics = 459.314,458.819,380.393,254.496 | -0.270,0.064,0.001,0.001
cam0 extrinsics = -0.006,0.009,0.702,0.713 | 0.060,-0.017,-0.006
cam1 extrinsics = -0.001,0.015,0.703,0.712 | -0.057,-0.025,0.002
q_GtoI = 0.828,-0.129,0.536,0.105 | p_IinG = -0.405,-2.654,0.807 | dist = 5.24 (meters)
bg = -0.0062,0.0213,0.0790 | ba = -0.0628,-0.0189,-0.0180
camera-imu timeoffset = 0.00004
cam0 intrinsics = 459.319,458.152,366.362,247.262 | -0.270,0.064,0.001,0.001
cam1 intrinsics = 459.279,458.780,380.263,254.560 | -0.270,0.064,0.001,0.001
cam0 extrinsics = -0.006,0.009,0.702,0.712 | 0.059,-0.016,-0.006
cam1 extrinsics = -0.001,0.015,0.703,0.711 | -0.058,-0.024,0.002
q_GtoI = 0.832,-0.127,0.529,0.108 | p_IinG = -0.406,-2.727,0.792 | dist = 5.31 (meters)
bg = -0.0060,0.0213,0.0790 | ba = -0.0646,-0.0181,-0.0176
camera-imu timeoffset = 0.00007
cam0 intrinsics = 459.391,458.176,366.366,247.259 | -0.270,0.064,0.001,0.001
cam1 intrinsics = 459.310,458.757,380.237,254.564 | -0.270,0.064,0.001,0.001
cam0 extrinsics = -0.006,0.009,0.702,0.713 | 0.059,-0.016,-0.005
cam1 extrinsics = -0.001,0.015,0.703,0.712 | -0.058,-0.024,0.002
q_GtoI = 0.835,-0.123,0.525,0.111 | p_IinG = -0.404,-2.802,0.784 | dist = 5.39 (meters)
bg = -0.0062,0.0213,0.0789 | ba = -0.0663,-0.0176,-0.0159
camera-imu timeoffset = 0.00007
cam0 intrinsics = 459.473,458.292,366.312,247.212 | -0.270,0.064,0.001,0.001
cam1 intrinsics = 459.206,458.676,380.101,254.619 | -0.271,0.064,0.001,0.001
cam0 extrinsics = -0.006,0.009,0.701,0.713 | 0.059,-0.016,-0.004
cam1 extrinsics = -0.001,0.015,0.702,0.712 | -0.059,-0.024,0.002
q_GtoI = 0.835,-0.122,0.524,0.112 | p_IinG = -0.397,-2.871,0.778 | dist = 5.46 (meters)
bg = -0.0063,0.0214,0.0789 | ba = -0.0679,-0.0167,-0.0136
camera-imu timeoffset = 0.00011
cam0 intrinsics = 459.467,458.331,366.283,247.200 | -0.270,0.064,0.001,0.001
cam1 intrinsics = 459.208,458.721,380.032,254.632 | -0.271,0.064,0.001,0.001
cam0 extrinsics = -0.006,0.009,0.701,0.713 | 0.059,-0.016,-0.005
cam1 extrinsics = -0.001,0.015,0.702,0.712 | -0.059,-0.024,0.001
q_GtoI = 0.836,-0.121,0.524,0.111 | p_IinG = -0.387,-2.940,0.775 | dist = 5.53 (meters)
bg = -0.0064,0.0216,0.0789 | ba = -0.0708,-0.0173,-0.0123
camera-imu timeoffset = 0.00011
cam0 intrinsics = 459.462,458.361,366.284,247.193 | -0.270,0.064,0.002,0.001
cam1 intrinsics = 459.219,458.762,380.009,254.615 | -0.271,0.064,0.001,0.001
cam0 extrinsics = -0.006,0.009,0.701,0.713 | 0.059,-0.016,-0.005
cam1 extrinsics = -0.001,0.015,0.702,0.712 | -0.059,-0.024,0.001
q_GtoI = 0.836,-0.120,0.524,0.109 | p_IinG = -0.374,-3.005,0.771 | dist = 5.60 (meters)
bg = -0.0063,0.0217,0.0789 | ba = -0.0725,-0.0161,-0.0113
camera-imu timeoffset = 0.00009
cam0 intrinsics = 459.482,458.396,366.290,247.172 | -0.270,0.064,0.002,0.001
cam1 intrinsics = 459.248,458.799,379.979,254.577 | -0.271,0.064,0.002,0.001
cam0 extrinsics = -0.006,0.009,0.701,0.713 | 0.059,-0.016,-0.005
cam1 extrinsics = -0.001,0.015,0.702,0.712 | -0.058,-0.024,0.001
q_GtoI = 0.836,-0.121,0.524,0.106 | p_IinG = -0.357,-3.069,0.764 | dist = 5.67 (meters)
bg = -0.0065,0.0217,0.0788 | ba = -0.0737,-0.0145,-0.0108
camera-imu timeoffset = 0.00010
cam0 intrinsics = 459.481,458.429,366.211,247.115 | -0.270,0.064,0.002,0.001
cam1 intrinsics = 459.243,458.801,379.989,254.577 | -0.271,0.064,0.001,0.001
cam0 extrinsics = -0.006,0.009,0.701,0.713 | 0.059,-0.016,-0.006
cam1 extrinsics = -0.001,0.015,0.702,0.712 | -0.058,-0.024,0.000
q_GtoI = 0.836,-0.119,0.525,0.106 | p_IinG = -0.336,-3.130,0.759 | dist = 5.74 (meters)
bg = -0.0064,0.0219,0.0790 | ba = -0.0747,-0.0126,-0.0093
camera-imu timeoffset = 0.00008
cam0 intrinsics = 459.453,458.462,366.166,247.101 | -0.270,0.064,0.002,0.001
cam1 intrinsics = 459.230,458.836,379.991,254.549 | -0.271,0.064,0.002,0.001
cam0 extrinsics = -0.006,0.009,0.701,0.713 | 0.059,-0.017,-0.006
cam1 extrinsics = -0.001,0.015,0.702,0.712 | -0.058,-0.024,0.000
q_GtoI = 0.836,-0.117,0.525,0.107 | p_IinG = -0.314,-3.192,0.753 | dist = 5.80 (meters)
bg = -0.0062,0.0219,0.0790 | ba = -0.0746,-0.0103,-0.0093
camera-imu timeoffset = 0.00009
cam0 intrinsics = 459.469,458.481,366.165,247.094 | -0.271,0.064,0.002,0.001
cam1 intrinsics = 459.246,458.850,379.993,254.537 | -0.271,0.064,0.002,0.001
cam0 extrinsics = -0.006,0.009,0.702,0.713 | 0.059,-0.017,-0.006
cam1 extrinsics = -0.001,0.014,0.702,0.712 | -0.058,-0.024,0.000
q_GtoI = 0.835,-0.113,0.528,0.110 | p_IinG = -0.290,-3.253,0.748 | dist = 5.87 (meters)
bg = -0.0061,0.0218,0.0790 | ba = -0.0745,-0.0092,-0.0086
camera-imu timeoffset = 0.00009
cam0 intrinsics = 459.495,458.491,366.142,247.117 | -0.271,0.064,0.002,0.001
cam1 intrinsics = 459.274,458.859,379.984,254.550 | -0.271,0.064,0.002,0.001
cam0 extrinsics = -0.006,0.009,0.702,0.713 | 0.059,-0.017,-0.006
cam1 extrinsics = -0.001,0.014,0.702,0.712 | -0.058,-0.024,-0.000
q_GtoI = 0.832,-0.109,0.532,0.114 | p_IinG = -0.264,-3.312,0.743 | dist = 5.94 (meters)
bg = -0.0062,0.0217,0.0789 | ba = -0.0742,-0.0088,-0.0076
camera-imu timeoffset = 0.00009
cam0 intrinsics = 459.523,458.482,366.111,247.166 | -0.271,0.064,0.002,0.001
cam1 intrinsics = 459.325,458.871,379.952,254.583 | -0.271,0.064,0.002,0.001
cam0 extrinsics = -0.006,0.009,0.702,0.713 | 0.059,-0.017,-0.006
cam1 extrinsics = -0.001,0.014,0.702,0.712 | -0.058,-0.023,0.000
q_GtoI = 0.829,-0.103,0.536,0.119 | p_IinG = -0.236,-3.371,0.739 | dist = 6.00 (meters)
bg = -0.0063,0.0215,0.0789 | ba = -0.0745,-0.0078,-0.0072
camera-imu timeoffset = 0.00011
cam0 intrinsics = 459.561,458.498,366.042,247.200 | -0.271,0.064,0.001,0.001
cam1 intrinsics = 459.364,458.894,379.908,254.605 | -0.271,0.064,0.002,0.001
cam0 extrinsics = -0.006,0.009,0.702,0.712 | 0.059,-0.016,-0.007
cam1 extrinsics = -0.001,0.014,0.702,0.712 | -0.058,-0.023,-0.001
q_GtoI = 0.827,-0.097,0.539,0.124 | p_IinG = -0.206,-3.426,0.735 | dist = 6.07 (meters)
bg = -0.0063,0.0213,0.0788 | ba = -0.0737,-0.0055,-0.0079
camera-imu timeoffset = 0.00012
cam0 intrinsics = 459.602,458.485,366.042,247.221 | -0.271,0.064,0.001,0.001
cam1 intrinsics = 459.422,458.898,379.914,254.616 | -0.271,0.064,0.002,0.001
cam0 extrinsics = -0.006,0.009,0.702,0.712 | 0.059,-0.017,-0.007
cam1 extrinsics = -0.001,0.014,0.703,0.712 | -0.058,-0.023,-0.000
q_GtoI = 0.826,-0.091,0.541,0.131 | p_IinG = -0.174,-3.481,0.730 | dist = 6.13 (meters)
bg = -0.0065,0.0212,0.0788 | ba = -0.0721,-0.0029,-0.0085
camera-imu timeoffset = 0.00013
cam0 intrinsics = 459.654,458.470,366.033,247.258 | -0.271,0.064,0.001,0.001
cam1 intrinsics = 459.488,458.899,379.922,254.649 | -0.271,0.064,0.002,0.001
cam0 extrinsics = -0.006,0.009,0.702,0.712 | 0.059,-0.017,-0.007
cam1 extrinsics = -0.001,0.014,0.703,0.711 | -0.058,-0.024,-0.000
q_GtoI = 0.824,-0.086,0.543,0.135 | p_IinG = -0.140,-3.531,0.725 | dist = 6.20 (meters)
bg = -0.0066,0.0210,0.0789 | ba = -0.0703,-0.0008,-0.0080
camera-imu timeoffset = 0.00014
cam0 intrinsics = 459.695,458.483,365.934,247.361 | -0.271,0.064,0.001,0.001
cam1 intrinsics = 459.546,458.931,379.858,254.731 | -0.271,0.064,0.002,0.001
cam0 extrinsics = -0.006,0.008,0.702,0.712 | 0.059,-0.017,-0.006
cam1 extrinsics = -0.001,0.014,0.703,0.711 | -0.058,-0.024,0.000
q_GtoI = 0.824,-0.083,0.544,0.138 | p_IinG = -0.104,-3.578,0.721 | dist = 6.26 (meters)
bg = -0.0066,0.0209,0.0789 | ba = -0.0690,0.0015,-0.0077
camera-imu timeoffset = 0.00014
cam0 intrinsics = 459.730,458.477,365.949,247.369 | -0.271,0.064,0.001,0.000
cam1 intrinsics = 459.599,458.938,379.867,254.733 | -0.271,0.065,0.002,0.001
cam0 extrinsics = -0.006,0.008,0.702,0.712 | 0.059,-0.017,-0.006
cam1 extrinsics = -0.001,0.014,0.703,0.711 | -0.058,-0.023,0.000
q_GtoI = 0.823,-0.080,0.544,0.140 | p_IinG = -0.066,-3.618,0.715 | dist = 6.31 (meters)
bg = -0.0065,0.0207,0.0789 | ba = -0.0676,0.0042,-0.0079
camera-imu timeoffset = 0.00013
cam0 intrinsics = 459.737,458.480,365.881,247.401 | -0.271,0.064,0.001,0.000
cam1 intrinsics = 459.631,458.963,379.857,254.760 | -0.271,0.065,0.001,0.001
cam0 extrinsics = -0.006,0.008,0.702,0.712 | 0.059,-0.016,-0.006
cam1 extrinsics = -0.001,0.014,0.703,0.711 | -0.057,-0.023,0.001
q_GtoI = 0.823,-0.078,0.545,0.143 | p_IinG = -0.026,-3.655,0.710 | dist = 6.37 (meters)
bg = -0.0065,0.0206,0.0789 | ba = -0.0663,0.0068,-0.0079
camera-imu timeoffset = 0.00013
cam0 intrinsics = 459.757,458.470,365.859,247.435 | -0.271,0.064,0.001,0.001
cam1 intrinsics = 459.671,458.972,379.852,254.779 | -0.271,0.065,0.001,0.001
cam0 extrinsics = -0.006,0.008,0.702,0.712 | 0.060,-0.016,-0.006
cam1 extrinsics = -0.001,0.014,0.703,0.711 | -0.057,-0.023,0.001
q_GtoI = 0.822,-0.076,0.545,0.145 | p_IinG = 0.016,-3.689,0.706 | dist = 6.43 (meters)
bg = -0.0065,0.0204,0.0789 | ba = -0.0654,0.0090,-0.0076
camera-imu timeoffset = 0.00014
cam0 intrinsics = 459.777,458.459,365.837,247.460 | -0.271,0.064,0.001,0.001
cam1 intrinsics = 459.717,458.987,379.845,254.795 | -0.271,0.065,0.001,0.001
cam0 extrinsics = -0.006,0.008,0.702,0.712 | 0.060,-0.016,-0.006
cam1 extrinsics = -0.001,0.014,0.703,0.711 | -0.057,-0.023,0.001
q_GtoI = 0.822,-0.074,0.545,0.146 | p_IinG = 0.060,-3.717,0.701 | dist = 6.48 (meters)
bg = -0.0065,0.0203,0.0787 | ba = -0.0638,0.0123,-0.0073
camera-imu timeoffset = 0.00015
cam0 intrinsics = 459.852,458.485,365.895,247.452 | -0.271,0.064,0.001,0.000
cam1 intrinsics = 459.765,458.977,379.808,254.819 | -0.271,0.065,0.001,0.001
cam0 extrinsics = -0.006,0.008,0.702,0.712 | 0.060,-0.016,-0.006
cam1 extrinsics = -0.001,0.014,0.703,0.711 | -0.057,-0.022,0.001
q_GtoI = 0.822,-0.074,0.545,0.147 | p_IinG = 0.105,-3.742,0.697 | dist = 6.54 (meters)
bg = -0.0064,0.0203,0.0787 | ba = -0.0624,0.0147,-0.0067
camera-imu timeoffset = 0.00013
cam0 intrinsics = 459.877,458.483,365.894,247.474 | -0.271,0.064,0.001,0.000
cam1 intrinsics = 459.807,458.994,379.815,254.833 | -0.271,0.065,0.001,0.001
cam0 extrinsics = -0.006,0.008,0.702,0.712 | 0.059,-0.016,-0.006
cam1 extrinsics = -0.001,0.014,0.703,0.711 | -0.057,-0.022,0.001
q_GtoI = 0.822,-0.072,0.545,0.148 | p_IinG = 0.152,-3.762,0.692 | dist = 6.59 (meters)
bg = -0.0066,0.0199,0.0787 | ba = -0.0604,0.0172,-0.0058
camera-imu timeoffset = 0.00014
cam0 intrinsics = 459.956,458.485,365.922,247.526 | -0.271,0.064,0.001,0.000
cam1 intrinsics = 459.886,458.992,379.834,254.879 | -0.271,0.065,0.001,0.001
cam0 extrinsics = -0.006,0.008,0.702,0.712 | 0.059,-0.016,-0.006
cam1 extrinsics = -0.001,0.014,0.703,0.711 | -0.057,-0.022,0.001
q_GtoI = 0.823,-0.074,0.545,0.145 | p_IinG = 0.200,-3.777,0.686 | dist = 6.64 (meters)
bg = -0.0067,0.0197,0.0787 | ba = -0.0581,0.0200,-0.0053
camera-imu timeoffset = 0.00017
cam0 intrinsics = 460.025,458.555,366.023,247.456 | -0.270,0.064,0.001,0.001
cam1 intrinsics = 459.883,458.977,379.771,254.854 | -0.271,0.065,0.001,0.001
cam0 extrinsics = -0.006,0.008,0.702,0.712 | 0.059,-0.016,-0.005
cam1 extrinsics = -0.001,0.014,0.703,0.711 | -0.057,-0.022,0.001
q_GtoI = 0.822,-0.081,0.547,0.136 | p_IinG = 0.251,-3.787,0.683 | dist = 6.69 (meters)
bg = -0.0067,0.0196,0.0787 | ba = -0.0581,0.0210,-0.0053
camera-imu timeoffset = 0.00016
cam0 intrinsics = 460.086,458.633,366.108,247.433 | -0.270,0.064,0.001,0.000
cam1 intrinsics = 459.846,458.917,379.767,254.798 | -0.271,0.065,0.001,0.001
cam0 extrinsics = -0.006,0.008,0.702,0.712 | 0.058,-0.016,-0.004
cam1 extrinsics = -0.001,0.014,0.703,0.711 | -0.057,-0.022,0.001
q_GtoI = 0.819,-0.088,0.552,0.126 | p_IinG = 0.302,-3.795,0.680 | dist = 6.75 (meters)
bg = -0.0065,0.0196,0.0785 | ba = -0.0575,0.0226,-0.0051
camera-imu timeoffset = 0.00016
cam0 intrinsics = 460.099,458.662,366.117,247.423 | -0.270,0.064,0.001,0.000
cam1 intrinsics = 459.821,458.899,379.727,254.797 | -0.271,0.065,0.001,0.001
cam0 extrinsics = -0.006,0.008,0.702,0.712 | 0.058,-0.017,-0.004
cam1 extrinsics = -0.001,0.014,0.703,0.711 | -0.057,-0.022,0.001
q_GtoI = 0.815,-0.093,0.559,0.119 | p_IinG = 0.352,-3.802,0.680 | dist = 6.80 (meters)
bg = -0.0062,0.0197,0.0783 | ba = -0.0567,0.0235,-0.0046
camera-imu timeoffset = 0.00017
cam0 intrinsics = 460.100,458.657,366.101,247.425 | -0.270,0.064,0.001,0.000
cam1 intrinsics = 459.810,458.870,379.691,254.790 | -0.271,0.065,0.001,0.001
cam0 extrinsics = -0.006,0.008,0.702,0.712 | 0.058,-0.017,-0.003
cam1 extrinsics = -0.001,0.014,0.703,0.711 | -0.057,-0.023,0.002
q_GtoI = 0.810,-0.100,0.567,0.110 | p_IinG = 0.403,-3.808,0.681 | dist = 6.85 (meters)
bg = -0.0060,0.0199,0.0783 | ba = -0.0564,0.0243,-0.0042
camera-imu timeoffset = 0.00014
cam0 intrinsics = 460.087,458.633,366.072,247.445 | -0.270,0.064,0.001,0.000
cam1 intrinsics = 459.795,458.829,379.646,254.794 | -0.271,0.065,0.001,0.001
cam0 extrinsics = -0.006,0.009,0.702,0.712 | 0.058,-0.018,-0.002
cam1 extrinsics = -0.002,0.014,0.703,0.711 | -0.057,-0.023,0.003
q_GtoI = 0.804,-0.107,0.576,0.101 | p_IinG = 0.454,-3.811,0.682 | dist = 6.91 (meters)
bg = -0.0056,0.0199,0.0782 | ba = -0.0552,0.0257,-0.0039
camera-imu timeoffset = 0.00013
cam0 intrinsics = 460.064,458.597,366.041,247.473 | -0.270,0.064,0.001,0.000
cam1 intrinsics = 459.796,458.819,379.640,254.804 | -0.271,0.065,0.001,0.001
cam0 extrinsics = -0.006,0.009,0.702,0.712 | 0.058,-0.019,-0.002
cam1 extrinsics = -0.002,0.014,0.703,0.711 | -0.057,-0.024,0.004
q_GtoI = 0.797,-0.112,0.586,0.095 | p_IinG = 0.506,-3.812,0.684 | dist = 6.96 (meters)
bg = -0.0053,0.0199,0.0784 | ba = -0.0560,0.0252,-0.0044
camera-imu timeoffset = 0.00014
cam0 intrinsics = 460.038,458.596,366.018,247.500 | -0.271,0.064,0.001,0.000
cam1 intrinsics = 459.795,458.837,379.634,254.818 | -0.271,0.065,0.001,0.001
cam0 extrinsics = -0.006,0.009,0.702,0.712 | 0.058,-0.018,-0.002
cam1 extrinsics = -0.002,0.014,0.703,0.712 | -0.057,-0.023,0.003
q_GtoI = 0.789,-0.113,0.596,0.093 | p_IinG = 0.557,-3.813,0.686 | dist = 7.01 (meters)
bg = -0.0051,0.0200,0.0785 | ba = -0.0570,0.0254,-0.0054
camera-imu timeoffset = 0.00015
cam0 intrinsics = 459.999,458.658,366.004,247.504 | -0.271,0.064,0.001,0.000
cam1 intrinsics = 459.778,458.915,379.667,254.825 | -0.272,0.065,0.001,0.001
cam0 extrinsics = -0.006,0.008,0.702,0.712 | 0.058,-0.019,-0.002
cam1 extrinsics = -0.002,0.014,0.703,0.712 | -0.057,-0.023,0.004
q_GtoI = 0.782,-0.112,0.605,0.096 | p_IinG = 0.604,-3.813,0.688 | dist = 7.06 (meters)
bg = -0.0049,0.0200,0.0786 | ba = -0.0570,0.0252,-0.0060
camera-imu timeoffset = 0.00014
cam0 intrinsics = 460.009,458.670,366.012,247.539 | -0.271,0.064,0.001,0.000
cam1 intrinsics = 459.822,458.959,379.679,254.841 | -0.272,0.065,0.001,0.001
cam0 extrinsics = -0.006,0.008,0.702,0.712 | 0.057,-0.018,-0.002
cam1 extrinsics = -0.002,0.014,0.702,0.712 | -0.057,-0.022,0.004
q_GtoI = 0.776,-0.111,0.613,0.099 | p_IinG = 0.649,-3.812,0.689 | dist = 7.10 (meters)
bg = -0.0046,0.0199,0.0785 | ba = -0.0551,0.0257,-0.0064
camera-imu timeoffset = 0.00016
cam0 intrinsics = 460.051,458.696,366.042,247.577 | -0.271,0.064,0.001,0.000
cam1 intrinsics = 459.881,458.997,379.709,254.875 | -0.272,0.065,0.001,0.000
cam0 extrinsics = -0.006,0.008,0.702,0.713 | 0.057,-0.017,-0.001
cam1 extrinsics = -0.002,0.014,0.702,0.712 | -0.057,-0.022,0.005
q_GtoI = 0.772,-0.109,0.617,0.102 | p_IinG = 0.691,-3.809,0.691 | dist = 7.15 (meters)
bg = -0.0047,0.0201,0.0785 | ba = -0.0533,0.0266,-0.0051
camera-imu timeoffset = 0.00018
cam0 intrinsics = 460.084,458.664,366.132,247.606 | -0.271,0.064,0.001,0.000
cam1 intrinsics = 459.937,458.986,379.788,254.899 | -0.272,0.065,0.001,0.000
cam0 extrinsics = -0.006,0.008,0.702,0.713 | 0.058,-0.017,-0.001
cam1 extrinsics = -0.002,0.014,0.702,0.712 | -0.057,-0.021,0.005
q_GtoI = 0.768,-0.107,0.622,0.105 | p_IinG = 0.731,-3.805,0.692 | dist = 7.19 (meters)
bg = -0.0046,0.0202,0.0783 | ba = -0.0509,0.0277,-0.0042
camera-imu timeoffset = 0.00017
cam0 intrinsics = 460.126,458.647,366.178,247.603 | -0.271,0.064,0.001,0.000
cam1 intrinsics = 459.985,458.969,379.792,254.894 | -0.272,0.065,0.001,0.000
cam0 extrinsics = -0.006,0.008,0.702,0.713 | 0.058,-0.016,-0.001
cam1 extrinsics = -0.002,0.014,0.702,0.712 | -0.056,-0.020,0.005
q_GtoI = 0.763,-0.106,0.628,0.105 | p_IinG = 0.769,-3.806,0.697 | dist = 7.22 (meters)
bg = -0.0051,0.0205,0.0785 | ba = -0.0535,0.0250,-0.0052
camera-imu timeoffset = 0.00017
cam0 intrinsics = 460.084,458.690,366.232,247.599 | -0.271,0.064,0.001,0.000
cam1 intrinsics = 459.970,459.012,379.793,254.850 | -0.272,0.065,0.001,0.001
cam0 extrinsics = -0.006,0.008,0.702,0.712 | 0.057,-0.017,-0.001
cam1 extrinsics = -0.002,0.014,0.703,0.712 | -0.056,-0.020,0.004
q_GtoI = 0.759,-0.104,0.633,0.107 | p_IinG = 0.802,-3.804,0.702 | dist = 7.26 (meters)
bg = -0.0053,0.0207,0.0785 | ba = -0.0552,0.0233,-0.0067
camera-imu timeoffset = 0.00018
cam0 intrinsics = 460.106,458.741,366.287,247.602 | -0.271,0.064,0.001,0.000
cam1 intrinsics = 459.994,459.064,379.802,254.825 | -0.272,0.065,0.001,0.001
cam0 extrinsics = -0.006,0.008,0.702,0.712 | 0.057,-0.017,-0.002
cam1 extrinsics = -0.002,0.014,0.703,0.711 | -0.057,-0.021,0.004
q_GtoI = 0.755,-0.105,0.638,0.108 | p_IinG = 0.833,-3.791,0.710 | dist = 7.29 (meters)
bg = -0.0047,0.0210,0.0785 | ba = -0.0551,0.0254,-0.0062
camera-imu timeoffset = 0.00020
cam0 intrinsics = 460.058,458.668,366.363,247.638 | -0.271,0.064,0.001,0.000
cam1 intrinsics = 459.981,459.013,379.847,254.878 | -0.272,0.065,0.001,0.001
cam0 extrinsics = -0.006,0.008,0.702,0.712 | 0.056,-0.017,-0.002
cam1 extrinsics = -0.002,0.014,0.702,0.712 | -0.057,-0.020,0.004
q_GtoI = 0.751,-0.105,0.643,0.109 | p_IinG = 0.858,-3.784,0.718 | dist = 7.31 (meters)
bg = -0.0044,0.0210,0.0784 | ba = -0.0571,0.0252,-0.0093
camera-imu timeoffset = 0.00019
cam0 intrinsics = 460.142,458.740,366.405,247.678 | -0.271,0.064,0.001,0.000
cam1 intrinsics = 460.076,459.087,379.882,254.880 | -0.272,0.065,0.001,0.001
cam0 extrinsics = -0.006,0.008,0.702,0.712 | 0.056,-0.017,-0.001
cam1 extrinsics = -0.002,0.014,0.702,0.712 | -0.057,-0.020,0.005
q_GtoI = 0.748,-0.106,0.646,0.109 | p_IinG = 0.879,-3.775,0.728 | dist = 7.34 (meters)
bg = -0.0041,0.0209,0.0784 | ba = -0.0577,0.0256,-0.0108
camera-imu timeoffset = 0.00018
cam0 intrinsics = 460.207,458.791,366.382,247.726 | -0.271,0.064,0.001,0.000
cam1 intrinsics = 460.129,459.121,379.878,254.917 | -0.272,0.065,0.001,0.001
cam0 extrinsics = -0.007,0.008,0.702,0.713 | 0.056,-0.017,-0.001
cam1 extrinsics = -0.002,0.014,0.702,0.712 | -0.057,-0.020,0.005
q_GtoI = 0.746,-0.107,0.648,0.109 | p_IinG = 0.894,-3.764,0.735 | dist = 7.36 (meters)
bg = -0.0041,0.0211,0.0784 | ba = -0.0576,0.0245,-0.0107
camera-imu timeoffset = 0.00018
cam0 intrinsics = 460.237,458.806,366.406,247.723 | -0.271,0.064,0.001,0.000
cam1 intrinsics = 460.161,459.138,379.873,254.920 | -0.272,0.065,0.001,0.001
cam0 extrinsics = -0.007,0.008,0.702,0.713 | 0.056,-0.017,-0.001
cam1 extrinsics = -0.002,0.014,0.702,0.712 | -0.057,-0.020,0.005
q_GtoI = 0.747,-0.110,0.647,0.107 | p_IinG = 0.904,-3.750,0.744 | dist = 7.38 (meters)
bg = -0.0041,0.0211,0.0785 | ba = -0.0589,0.0241,-0.0118
camera-imu timeoffset = 0.00017
cam0 intrinsics = 460.270,458.828,366.417,247.742 | -0.271,0.064,0.001,0.000
cam1 intrinsics = 460.195,459.164,379.877,254.936 | -0.272,0.065,0.001,0.001
cam0 extrinsics = -0.007,0.008,0.702,0.712 | 0.056,-0.017,-0.001
cam1 extrinsics = -0.002,0.014,0.702,0.712 | -0.057,-0.020,0.005
q_GtoI = 0.750,-0.112,0.644,0.105 | p_IinG = 0.909,-3.733,0.749 | dist = 7.40 (meters)
bg = -0.0041,0.0209,0.0783 | ba = -0.0568,0.0240,-0.0112
camera-imu timeoffset = 0.00017
cam0 intrinsics = 460.301,458.847,366.442,247.720 | -0.271,0.064,0.001,0.000
cam1 intrinsics = 460.231,459.186,379.886,254.907 | -0.272,0.065,0.001,0.001
cam0 extrinsics = -0.007,0.008,0.702,0.712 | 0.056,-0.017,-0.001
cam1 extrinsics = -0.002,0.014,0.702,0.712 | -0.057,-0.020,0.005
q_GtoI = 0.756,-0.116,0.637,0.101 | p_IinG = 0.909,-3.716,0.754 | dist = 7.42 (meters)
bg = -0.0041,0.0208,0.0783 | ba = -0.0575,0.0225,-0.0116
camera-imu timeoffset = 0.00016
cam0 intrinsics = 460.340,458.858,366.447,247.710 | -0.271,0.064,0.001,0.000
cam1 intrinsics = 460.242,459.172,379.901,254.913 | -0.272,0.065,0.001,0.001
cam0 extrinsics = -0.007,0.008,0.702,0.712 | 0.056,-0.017,-0.000
cam1 extrinsics = -0.002,0.014,0.703,0.711 | -0.057,-0.020,0.006
q_GtoI = 0.763,-0.118,0.628,0.099 | p_IinG = 0.905,-3.696,0.759 | dist = 7.44 (meters)
bg = -0.0043,0.0207,0.0782 | ba = -0.0554,0.0224,-0.0109
camera-imu timeoffset = 0.00014
cam0 intrinsics = 460.353,458.873,366.455,247.696 | -0.271,0.064,0.001,0.000
cam1 intrinsics = 460.260,459.190,379.909,254.886 | -0.272,0.065,0.001,0.001
cam0 extrinsics = -0.007,0.008,0.702,0.712 | 0.056,-0.016,-0.001
cam1 extrinsics = -0.002,0.014,0.703,0.711 | -0.057,-0.020,0.004
q_GtoI = 0.769,-0.120,0.621,0.098 | p_IinG = 0.896,-3.674,0.765 | dist = 7.46 (meters)
bg = -0.0044,0.0205,0.0781 | ba = -0.0545,0.0220,-0.0102
camera-imu timeoffset = 0.00011
cam0 intrinsics = 460.344,458.870,366.479,247.677 | -0.271,0.064,0.001,0.000
cam1 intrinsics = 460.267,459.199,379.902,254.851 | -0.272,0.065,0.001,0.001
cam0 extrinsics = -0.007,0.008,0.702,0.712 | 0.056,-0.017,-0.002
cam1 extrinsics = -0.002,0.014,0.703,0.712 | -0.057,-0.020,0.004
q_GtoI = 0.772,-0.120,0.616,0.099 | p_IinG = 0.884,-3.651,0.771 | dist = 7.48 (meters)
bg = -0.0045,0.0204,0.0781 | ba = -0.0533,0.0215,-0.0093
camera-imu timeoffset = 0.00009
cam0 intrinsics = 460.337,458.868,366.492,247.659 | -0.271,0.064,0.001,0.000
cam1 intrinsics = 460.266,459.198,379.904,254.823 | -0.272,0.065,0.001,0.001
cam0 extrinsics = -0.007,0.008,0.702,0.712 | 0.056,-0.017,-0.002
cam1 extrinsics = -0.002,0.014,0.703,0.712 | -0.057,-0.020,0.004
q_GtoI = 0.774,-0.119,0.614,0.101 | p_IinG = 0.869,-3.628,0.778 | dist = 7.51 (meters)
bg = -0.0046,0.0203,0.0780 | ba = -0.0513,0.0212,-0.0083
camera-imu timeoffset = 0.00009
cam0 intrinsics = 460.339,458.881,366.507,247.617 | -0.271,0.064,0.001,0.000
cam1 intrinsics = 460.265,459.204,379.900,254.773 | -0.272,0.065,0.001,0.001
cam0 extrinsics = -0.007,0.008,0.702,0.712 | 0.057,-0.017,-0.003
cam1 extrinsics = -0.002,0.014,0.703,0.712 | -0.056,-0.020,0.003
q_GtoI = 0.775,-0.120,0.613,0.101 | p_IinG = 0.852,-3.604,0.786 | dist = 7.54 (meters)
bg = -0.0047,0.0201,0.0780 | ba = -0.0512,0.0208,-0.0082
camera-imu timeoffset = 0.00009
cam0 intrinsics = 460.335,458.875,366.512,247.618 | -0.271,0.064,0.001,0.000
cam1 intrinsics = 460.266,459.202,379.902,254.768 | -0.272,0.065,0.001,0.001
cam0 extrinsics = -0.007,0.008,0.702,0.712 | 0.056,-0.017,-0.003
cam1 extrinsics = -0.002,0.014,0.702,0.712 | -0.056,-0.020,0.003
q_GtoI = 0.777,-0.120,0.609,0.102 | p_IinG = 0.832,-3.580,0.791 | dist = 7.57 (meters)
bg = -0.0046,0.0199,0.0782 | ba = -0.0489,0.0211,-0.0074
camera-imu timeoffset = 0.00009
cam0 intrinsics = 460.332,458.871,366.526,247.604 | -0.271,0.064,0.001,0.000
cam1 intrinsics = 460.256,459.189,379.906,254.753 | -0.272,0.065,0.001,0.001
cam0 extrinsics = -0.007,0.008,0.702,0.712 | 0.057,-0.017,-0.003
cam1 extrinsics = -0.002,0.014,0.703,0.712 | -0.056,-0.020,0.003
q_GtoI = 0.781,-0.121,0.604,0.101 | p_IinG = 0.808,-3.554,0.798 | dist = 7.61 (meters)
bg = -0.0046,0.0199,0.0784 | ba = -0.0500,0.0208,-0.0081
camera-imu timeoffset = 0.00008
cam0 intrinsics = 460.299,458.886,366.545,247.585 | -0.271,0.064,0.001,0.000
cam1 intrinsics = 460.249,459.224,379.906,254.715 | -0.272,0.065,0.001,0.001
cam0 extrinsics = -0.007,0.008,0.702,0.712 | 0.057,-0.017,-0.003
cam1 extrinsics = -0.002,0.014,0.702,0.712 | -0.056,-0.020,0.003
q_GtoI = 0.785,-0.121,0.599,0.101 | p_IinG = 0.785,-3.528,0.804 | dist = 7.64 (meters)
bg = -0.0045,0.0199,0.0784 | ba = -0.0492,0.0205,-0.0079
camera-imu timeoffset = 0.00009
cam0 intrinsics = 460.289,458.896,366.550,247.572 | -0.271,0.064,0.001,0.000
cam1 intrinsics = 460.250,459.242,379.903,254.697 | -0.272,0.065,0.001,0.001
cam0 extrinsics = -0.007,0.008,0.702,0.712 | 0.057,-0.017,-0.003
cam1 extrinsics = -0.002,0.014,0.703,0.712 | -0.056,-0.020,0.003
q_GtoI = 0.788,-0.120,0.595,0.102 | p_IinG = 0.759,-3.498,0.808 | dist = 7.68 (meters)
bg = -0.0044,0.0199,0.0784 | ba = -0.0482,0.0206,-0.0080
camera-imu timeoffset = 0.00009
cam0 intrinsics = 460.263,458.907,366.596,247.613 | -0.271,0.064,0.001,0.000
cam1 intrinsics = 460.251,459.270,379.891,254.646 | -0.272,0.065,0.001,0.001
cam0 extrinsics = -0.007,0.008,0.702,0.712 | 0.057,-0.017,-0.003
cam1 extrinsics = -0.002,0.014,0.702,0.712 | -0.056,-0.020,0.004
q_GtoI = 0.790,-0.121,0.592,0.101 | p_IinG = 0.733,-3.471,0.813 | dist = 7.71 (meters)
bg = -0.0042,0.0198,0.0784 | ba = -0.0474,0.0202,-0.0080
camera-imu timeoffset = 0.00009
cam0 intrinsics = 460.253,458.911,366.606,247.601 | -0.271,0.064,0.001,0.000
cam1 intrinsics = 460.254,459.287,379.883,254.621 | -0.273,0.065,0.001,0.001
cam0 extrinsics = -0.007,0.008,0.702,0.712 | 0.057,-0.017,-0.003
cam1 extrinsics = -0.002,0.014,0.703,0.712 | -0.056,-0.020,0.004
q_GtoI = 0.791,-0.121,0.591,0.100 | p_IinG = 0.705,-3.443,0.817 | dist = 7.75 (meters)
bg = -0.0041,0.0196,0.0785 | ba = -0.0486,0.0198,-0.0088
camera-imu timeoffset = 0.00012
cam0 intrinsics = 460.254,458.917,366.614,247.606 | -0.271,0.064,0.001,0.000
cam1 intrinsics = 460.245,459.281,379.869,254.611 | -0.273,0.065,0.001,0.001
cam0 extrinsics = -0.007,0.008,0.702,0.712 | 0.057,-0.017,-0.003
cam1 extrinsics = -0.002,0.014,0.703,0.712 | -0.056,-0.020,0.003
q_GtoI = 0.791,-0.121,0.591,0.100 | p_IinG = 0.677,-3.414,0.823 | dist = 7.79 (meters)
bg = -0.0040,0.0195,0.0785 | ba = -0.0494,0.0195,-0.0095
camera-imu timeoffset = 0.00012
cam0 intrinsics = 460.246,458.926,366.626,247.605 | -0.271,0.064,0.001,0.000
cam1 intrinsics = 460.254,459.307,379.866,254.593 | -0.273,0.065,0.001,0.001
cam0 extrinsics = -0.007,0.008,0.702,0.712 | 0.057,-0.017,-0.003
cam1 extrinsics = -0.002,0.014,0.702,0.712 | -0.056,-0.020,0.003
q_GtoI = 0.790,-0.121,0.593,0.101 | p_IinG = 0.648,-3.385,0.828 | dist = 7.83 (meters)
bg = -0.0037,0.0195,0.0784 | ba = -0.0495,0.0196,-0.0102
camera-imu timeoffset = 0.00013
cam0 intrinsics = 460.231,458.935,366.640,247.600 | -0.271,0.064,0.001,0.000
cam1 intrinsics = 460.255,459.330,379.857,254.570 | -0.273,0.065,0.001,0.001
cam0 extrinsics = -0.007,0.008,0.702,0.712 | 0.057,-0.018,-0.003
cam1 extrinsics = -0.002,0.014,0.702,0.712 | -0.056,-0.020,0.003
q_GtoI = 0.790,-0.119,0.593,0.103 | p_IinG = 0.618,-3.355,0.833 | dist = 7.88 (meters)
bg = -0.0037,0.0195,0.0782 | ba = -0.0502,0.0191,-0.0109
camera-imu timeoffset = 0.00012
cam0 intrinsics = 460.239,458.949,366.650,247.588 | -0.271,0.064,0.001,0.000
cam1 intrinsics = 460.276,459.355,379.862,254.542 | -0.273,0.065,0.001,0.000
cam0 extrinsics = -0.007,0.009,0.702,0.712 | 0.057,-0.018,-0.003
cam1 extrinsics = -0.002,0.014,0.702,0.712 | -0.056,-0.020,0.003
q_GtoI = 0.790,-0.116,0.593,0.106 | p_IinG = 0.586,-3.325,0.837 | dist = 7.92 (meters)
bg = -0.0037,0.0196,0.0779 | ba = -0.0505,0.0183,-0.0108
camera-imu timeoffset = 0.00012
cam0 intrinsics = 460.225,458.942,366.695,247.603 | -0.271,0.064,0.001,0.000
cam1 intrinsics = 460.298,459.380,379.853,254.500 | -0.273,0.065,0.001,0.000
cam0 extrinsics = -0.007,0.009,0.702,0.712 | 0.057,-0.018,-0.004
cam1 extrinsics = -0.002,0.014,0.702,0.712 | -0.055,-0.020,0.003
q_GtoI = 0.791,-0.113,0.591,0.110 | p_IinG = 0.555,-3.293,0.840 | dist = 7.96 (meters)
bg = -0.0035,0.0197,0.0779 | ba = -0.0497,0.0179,-0.0117
camera-imu timeoffset = 0.00012
cam0 intrinsics = 460.213,458.952,366.696,247.594 | -0.271,0.064,0.001,0.000
cam1 intrinsics = 460.292,459.395,379.844,254.480 | -0.273,0.065,0.001,0.000
cam0 extrinsics = -0.007,0.009,0.702,0.712 | 0.057,-0.019,-0.003
cam1 extrinsics = -0.002,0.014,0.702,0.712 | -0.055,-0.021,0.004
q_GtoI = 0.794,-0.112,0.587,0.112 | p_IinG = 0.522,-3.261,0.841 | dist = 8.01 (meters)
bg = -0.0033,0.0197,0.0779 | ba = -0.0484,0.0171,-0.0120
camera-imu timeoffset = 0.00013
cam0 intrinsics = 460.206,458.963,366.695,247.590 | -0.271,0.064,0.001,0.000
cam1 intrinsics = 460.290,459.412,379.838,254.469 | -0.273,0.065,0.001,0.000
cam0 extrinsics = -0.007,0.009,0.702,0.712 | 0.057,-0.019,-0.003
cam1 extrinsics = -0.002,0.014,0.702,0.712 | -0.055,-0.021,0.004
q_GtoI = 0.797,-0.110,0.583,0.115 | p_IinG = 0.489,-3.229,0.842 | dist = 8.05 (meters)
bg = -0.0031,0.0196,0.0779 | ba = -0.0475,0.0164,-0.0121
camera-imu timeoffset = 0.00014
cam0 intrinsics = 460.195,458.960,366.699,247.576 | -0.271,0.064,0.001,0.000
cam1 intrinsics = 460.295,459.437,379.848,254.454 | -0.273,0.065,0.001,0.000
cam0 extrinsics = -0.007,0.009,0.702,0.712 | 0.057,-0.019,-0.003
cam1 extrinsics = -0.002,0.014,0.702,0.712 | -0.055,-0.021,0.004
q_GtoI = 0.800,-0.109,0.579,0.116 | p_IinG = 0.456,-3.195,0.844 | dist = 8.10 (meters)
bg = -0.0030,0.0197,0.0778 | ba = -0.0479,0.0160,-0.0117
camera-imu timeoffset = 0.00014
cam0 intrinsics = 460.188,458.953,366.695,247.575 | -0.271,0.064,0.001,0.000
cam1 intrinsics = 460.299,459.440,379.846,254.443 | -0.273,0.065,0.001,0.000
cam0 extrinsics = -0.007,0.008,0.702,0.712 | 0.057,-0.019,-0.003
cam1 extrinsics = -0.002,0.014,0.702,0.712 | -0.055,-0.022,0.004
q_GtoI = 0.801,-0.108,0.577,0.116 | p_IinG = 0.423,-3.160,0.847 | dist = 8.15 (meters)
bg = -0.0029,0.0196,0.0776 | ba = -0.0484,0.0155,-0.0113
camera-imu timeoffset = 0.00014
cam0 intrinsics = 460.186,458.941,366.683,247.591 | -0.271,0.064,0.001,0.000
cam1 intrinsics = 460.309,459.440,379.838,254.450 | -0.273,0.065,0.001,0.000
cam0 extrinsics = -0.007,0.008,0.702,0.712 | 0.057,-0.019,-0.002
cam1 extrinsics = -0.002,0.014,0.702,0.712 | -0.055,-0.022,0.005
q_GtoI = 0.804,-0.111,0.574,0.112 | p_IinG = 0.391,-3.123,0.850 | dist = 8.20 (meters)
bg = -0.0027,0.0196,0.0773 | ba = -0.0491,0.0163,-0.0099
camera-imu timeoffset = 0.00016
cam0 intrinsics = 460.190,458.908,366.661,247.559 | -0.271,0.064,0.001,0.000
cam1 intrinsics = 460.312,459.406,379.819,254.438 | -0.273,0.065,0.001,0.000
cam0 extrinsics = -0.007,0.008,0.702,0.712 | 0.057,-0.020,-0.003
cam1 extrinsics = -0.002,0.014,0.703,0.712 | -0.055,-0.022,0.005
q_GtoI = 0.806,-0.115,0.571,0.106 | p_IinG = 0.358,-3.086,0.853 | dist = 8.25 (meters)
bg = -0.0025,0.0196,0.0773 | ba = -0.0505,0.0154,-0.0082
camera-imu timeoffset = 0.00016
cam0 intrinsics = 460.171,458.871,366.651,247.567 | -0.271,0.064,0.001,0.000
cam1 intrinsics = 460.311,459.385,379.811,254.441 | -0.273,0.065,0.001,0.000
cam0 extrinsics = -0.007,0.008,0.702,0.712 | 0.058,-0.020,-0.003
cam1 extrinsics = -0.002,0.014,0.703,0.711 | -0.054,-0.022,0.005
q_GtoI = 0.808,-0.118,0.568,0.100 | p_IinG = 0.325,-3.047,0.857 | dist = 8.30 (meters)
bg = -0.0023,0.0197,0.0771 | ba = -0.0526,0.0146,-0.0057
camera-imu timeoffset = 0.00016
cam0 intrinsics = 460.212,458.891,366.622,247.543 | -0.271,0.064,0.001,0.000
cam1 intrinsics = 460.283,459.347,379.833,254.462 | -0.273,0.065,0.001,0.000
cam0 extrinsics = -0.007,0.008,0.702,0.712 | 0.058,-0.020,-0.002
cam1 extrinsics = -0.002,0.014,0.703,0.711 | -0.054,-0.022,0.005
q_GtoI = 0.810,-0.120,0.566,0.095 | p_IinG = 0.293,-3.007,0.860 | dist = 8.35 (meters)
bg = -0.0021,0.0197,0.0770 | ba = -0.0520,0.0157,-0.0031
camera-imu timeoffset = 0.00014
cam0 intrinsics = 460.224,458.923,366.724,247.450 | -0.271,0.064,0.001,0.000
cam1 intrinsics = 460.294,459.371,379.825,254.400 | -0.273,0.065,0.001,0.000
cam0 extrinsics = -0.007,0.009,0.702,0.712 | 0.058,-0.020,-0.002
cam1 extrinsics = -0.002,0.014,0.703,0.711 | -0.054,-0.023,0.005
q_GtoI = 0.813,-0.120,0.563,0.088 | p_IinG = 0.261,-2.968,0.863 | dist = 8.40 (meters)
bg = -0.0019,0.0198,0.0769 | ba = -0.0521,0.0148,-0.0017
camera-imu timeoffset = 0.00013
cam0 intrinsics = 460.210,458.909,366.737,247.452 | -0.271,0.064,0.001,0.000
cam1 intrinsics = 460.284,459.364,379.812,254.399 | -0.273,0.065,0.001,0.000
cam0 extrinsics = -0.007,0.009,0.702,0.712 | 0.059,-0.020,-0.002
cam1 extrinsics = -0.002,0.014,0.703,0.711 | -0.054,-0.023,0.005
q_GtoI = 0.817,-0.117,0.559,0.082 | p_IinG = 0.229,-2.928,0.863 | dist = 8.45 (meters)
bg = -0.0018,0.0197,0.0768 | ba = -0.0522,0.0148,-0.0001
camera-imu timeoffset = 0.00013
cam0 intrinsics = 460.203,458.896,366.764,247.434 | -0.271,0.064,0.001,0.000
cam1 intrinsics = 460.282,459.355,379.837,254.381 | -0.273,0.065,0.001,0.000
cam0 extrinsics = -0.007,0.009,0.702,0.712 | 0.059,-0.021,-0.002
cam1 extrinsics = -0.002,0.014,0.703,0.711 | -0.054,-0.023,0.005
q_GtoI = 0.821,-0.112,0.555,0.077 | p_IinG = 0.198,-2.889,0.861 | dist = 8.50 (meters)
bg = -0.0019,0.0197,0.0768 | ba = -0.0522,0.0155,0.0013
camera-imu timeoffset = 0.00012
cam0 intrinsics = 460.218,458.894,366.824,247.391 | -0.271,0.064,0.001,0.000
cam1 intrinsics = 460.307,459.364,379.907,254.345 | -0.273,0.065,0.001,0.000
cam0 extrinsics = -0.007,0.009,0.702,0.712 | 0.059,-0.021,-0.001
cam1 extrinsics = -0.002,0.014,0.703,0.711 | -0.054,-0.023,0.005
q_GtoI = 0.824,-0.106,0.552,0.070 | p_IinG = 0.168,-2.851,0.856 | dist = 8.55 (meters)
bg = -0.0021,0.0197,0.0768 | ba = -0.0509,0.0154,0.0023
camera-imu timeoffset = 0.00012
cam0 intrinsics = 460.229,458.883,366.849,247.395 | -0.271,0.064,0.001,0.000
cam1 intrinsics = 460.315,459.355,379.964,254.348 | -0.273,0.065,0.001,0.000
cam0 extrinsics = -0.007,0.009,0.702,0.712 | 0.059,-0.021,-0.001
cam1 extrinsics = -0.002,0.014,0.703,0.711 | -0.054,-0.023,0.006
q_GtoI = 0.828,-0.098,0.548,0.064 | p_IinG = 0.141,-2.814,0.847 | dist = 8.60 (meters)
bg = -0.0022,0.0197,0.0767 | ba = -0.0507,0.0152,0.0048
camera-imu timeoffset = 0.00011
cam0 intrinsics = 460.270,458.904,367.022,247.289 | -0.271,0.064,0.001,0.000
cam1 intrinsics = 460.363,459.375,380.094,254.279 | -0.272,0.065,0.001,0.000
cam0 extrinsics = -0.007,0.009,0.702,0.712 | 0.059,-0.021,-0.001
cam1 extrinsics = -0.002,0.014,0.703,0.711 | -0.054,-0.024,0.006
q_GtoI = 0.831,-0.090,0.546,0.058 | p_IinG = 0.115,-2.777,0.838 | dist = 8.65 (meters)
bg = -0.0024,0.0199,0.0766 | ba = -0.0502,0.0148,0.0062
camera-imu timeoffset = 0.00010
cam0 intrinsics = 460.276,458.895,367.011,247.296 | -0.270,0.064,0.001,0.000
cam1 intrinsics = 460.367,459.367,380.108,254.287 | -0.272,0.065,0.001,0.000
cam0 extrinsics = -0.007,0.009,0.702,0.712 | 0.059,-0.022,-0.000
cam1 extrinsics = -0.002,0.014,0.703,0.711 | -0.053,-0.024,0.006
q_GtoI = 0.833,-0.078,0.545,0.056 | p_IinG = 0.091,-2.741,0.829 | dist = 8.69 (meters)
bg = -0.0025,0.0199,0.0766 | ba = -0.0499,0.0147,0.0075
camera-imu timeoffset = 0.00010
cam0 intrinsics = 460.286,458.880,367.006,247.306 | -0.271,0.064,0.001,0.000
cam1 intrinsics = 460.373,459.353,380.105,254.289 | -0.272,0.065,0.001,0.000
cam0 extrinsics = -0.007,0.009,0.702,0.712 | 0.059,-0.022,-0.000
cam1 extrinsics = -0.002,0.014,0.703,0.711 | -0.053,-0.024,0.007
q_GtoI = 0.834,-0.068,0.546,0.050 | p_IinG = 0.068,-2.706,0.820 | dist = 8.73 (meters)
bg = -0.0026,0.0200,0.0766 | ba = -0.0487,0.0138,0.0096
camera-imu timeoffset = 0.00009
cam0 intrinsics = 460.286,458.852,367.027,247.327 | -0.271,0.064,0.001,0.000
cam1 intrinsics = 460.367,459.322,380.120,254.305 | -0.272,0.065,0.001,0.000
cam0 extrinsics = -0.007,0.009,0.702,0.712 | 0.060,-0.022,0.000
cam1 extrinsics = -0.002,0.014,0.703,0.711 | -0.053,-0.025,0.007
q_GtoI = 0.834,-0.055,0.546,0.047 | p_IinG = 0.048,-2.672,0.811 | dist = 8.77 (meters)
bg = -0.0028,0.0201,0.0766 | ba = -0.0476,0.0134,0.0113
camera-imu timeoffset = 0.00009
cam0 intrinsics = 460.308,458.842,367.036,247.354 | -0.271,0.064,0.001,0.000
cam1 intrinsics = 460.381,459.314,380.126,254.324 | -0.272,0.065,0.001,0.000
cam0 extrinsics = -0.007,0.009,0.702,0.712 | 0.060,-0.023,0.000
cam1 extrinsics = -0.002,0.014,0.703,0.711 | -0.052,-0.025,0.007
q_GtoI = 0.835,-0.042,0.547,0.044 | p_IinG = 0.029,-2.638,0.803 | dist = 8.82 (meters)
bg = -0.0030,0.0201,0.0765 | ba = -0.0460,0.0123,0.0109
camera-imu timeoffset = 0.00009
cam0 intrinsics = 460.307,458.846,367.005,247.363 | -0.271,0.064,0.001,0.000
cam1 intrinsics = 460.370,459.316,380.093,254.324 | -0.272,0.065,0.001,0.000
cam0 extrinsics = -0.007,0.009,0.702,0.712 | 0.061,-0.023,0.001
cam1 extrinsics = -0.002,0.014,0.703,0.711 | -0.052,-0.026,0.008
q_GtoI = 0.835,-0.029,0.548,0.042 | p_IinG = 0.013,-2.603,0.797 | dist = 8.86 (meters)
bg = -0.0032,0.0202,0.0764 | ba = -0.0462,0.0118,0.0132
camera-imu timeoffset = 0.00009
cam0 intrinsics = 460.339,458.837,367.005,247.425 | -0.271,0.064,0.001,0.000
cam1 intrinsics = 460.404,459.311,380.097,254.373 | -0.272,0.065,0.001,0.000
cam0 extrinsics = -0.007,0.009,0.702,0.712 | 0.061,-0.024,0.001
cam1 extrinsics = -0.002,0.014,0.703,0.711 | -0.052,-0.026,0.008
q_GtoI = 0.836,-0.021,0.548,0.037 | p_IinG = 0.001,-2.567,0.793 | dist = 8.89 (meters)
bg = -0.0031,0.0204,0.0761 | ba = -0.0474,0.0125,0.0162
camera-imu timeoffset = 0.00010
cam0 intrinsics = 460.359,458.811,366.957,247.439 | -0.271,0.064,0.000,0.000
cam1 intrinsics = 460.421,459.286,380.057,254.383 | -0.272,0.065,0.000,0.000
cam0 extrinsics = -0.007,0.009,0.702,0.712 | 0.061,-0.024,0.000
cam1 extrinsics = -0.001,0.014,0.703,0.711 | -0.052,-0.026,0.007
q_GtoI = 0.838,-0.015,0.545,0.031 | p_IinG = -0.010,-2.532,0.788 | dist = 8.93 (meters)
bg = -0.0032,0.0205,0.0758 | ba = -0.0483,0.0125,0.0193
camera-imu timeoffset = 0.00011
cam0 intrinsics = 460.382,458.798,366.912,247.488 | -0.271,0.064,0.000,0.000
cam1 intrinsics = 460.434,459.267,380.001,254.450 | -0.272,0.065,0.000,0.000
cam0 extrinsics = -0.007,0.009,0.702,0.712 | 0.061,-0.024,0.000
cam1 extrinsics = -0.001,0.014,0.703,0.711 | -0.052,-0.027,0.007
q_GtoI = 0.840,-0.011,0.541,0.025 | p_IinG = -0.020,-2.497,0.784 | dist = 8.97 (meters)
bg = -0.0034,0.0207,0.0756 | ba = -0.0492,0.0124,0.0227
camera-imu timeoffset = 0.00012
cam0 intrinsics = 460.406,458.793,366.872,247.579 | -0.271,0.064,0.000,0.000
cam1 intrinsics = 460.460,459.265,379.933,254.551 | -0.272,0.065,0.000,0.000
cam0 extrinsics = -0.006,0.009,0.702,0.712 | 0.061,-0.025,-0.000
cam1 extrinsics = -0.001,0.014,0.703,0.711 | -0.052,-0.027,0.007
q_GtoI = 0.843,-0.006,0.537,0.018 | p_IinG = -0.029,-2.463,0.778 | dist = 9.01 (meters)
bg = -0.0037,0.0208,0.0757 | ba = -0.0471,0.0100,0.0222
camera-imu timeoffset = 0.00013
cam0 intrinsics = 460.384,458.820,366.840,247.697 | -0.271,0.064,0.000,0.000
cam1 intrinsics = 460.449,459.296,379.842,254.649 | -0.273,0.066,0.000,0.001
cam0 extrinsics = -0.006,0.009,0.702,0.712 | 0.062,-0.025,0.000
cam1 extrinsics = -0.001,0.014,0.703,0.711 | -0.051,-0.028,0.007
q_GtoI = 0.846,-0.002,0.534,0.011 | p_IinG = -0.034,-2.426,0.776 | dist = 9.05 (meters)
bg = -0.0036,0.0209,0.0755 | ba = -0.0468,0.0106,0.0236
camera-imu timeoffset = 0.00012
cam0 intrinsics = 460.407,458.837,366.874,247.748 | -0.271,0.064,0.000,0.000
cam1 intrinsics = 460.476,459.315,379.867,254.706 | -0.273,0.066,0.000,0.001
cam0 extrinsics = -0.006,0.009,0.702,0.712 | 0.062,-0.026,0.000
cam1 extrinsics = -0.001,0.014,0.703,0.711 | -0.051,-0.028,0.007
q_GtoI = 0.847,0.005,0.532,0.005 | p_IinG = -0.038,-2.391,0.775 | dist = 9.08 (meters)
bg = -0.0037,0.0207,0.0757 | ba = -0.0447,0.0099,0.0229
camera-imu timeoffset = 0.00011
cam0 intrinsics = 460.388,458.871,366.893,247.720 | -0.271,0.064,0.000,0.000
cam1 intrinsics = 460.446,459.343,379.929,254.686 | -0.272,0.065,0.000,0.001
cam0 extrinsics = -0.006,0.009,0.702,0.712 | 0.062,-0.026,0.001
cam1 extrinsics = -0.001,0.014,0.703,0.711 | -0.051,-0.028,0.008
q_GtoI = -0.848,-0.012,-0.530,0.002 | p_IinG = -0.033,-2.353,0.779 | dist = 9.12 (meters)
bg = -0.0032,0.0212,0.0760 | ba = -0.0445,0.0061,0.0182
camera-imu timeoffset = 0.00010
cam0 intrinsics = 460.383,458.964,367.052,247.718 | -0.271,0.064,0.000,0.000
cam1 intrinsics = 460.432,459.414,380.070,254.644 | -0.273,0.065,0.000,0.001
cam0 extrinsics = -0.007,0.009,0.702,0.712 | 0.061,-0.025,0.001
cam1 extrinsics = -0.001,0.014,0.703,0.711 | -0.052,-0.028,0.008
q_GtoI = -0.848,-0.020,-0.530,0.008 | p_IinG = -0.028,-2.314,0.787 | dist = 9.16 (meters)
bg = -0.0030,0.0213,0.0760 | ba = -0.0432,0.0055,0.0172
camera-imu timeoffset = 0.00008
cam0 intrinsics = 460.380,458.954,367.124,247.699 | -0.271,0.064,0.000,0.000
cam1 intrinsics = 460.424,459.400,380.154,254.628 | -0.272,0.065,0.000,0.000
cam0 extrinsics = -0.007,0.009,0.702,0.712 | 0.061,-0.026,0.001
cam1 extrinsics = -0.001,0.014,0.703,0.711 | -0.052,-0.028,0.008
q_GtoI = -0.848,-0.030,-0.529,0.015 | p_IinG = -0.017,-2.277,0.801 | dist = 9.20 (meters)
bg = -0.0027,0.0218,0.0760 | ba = -0.0445,0.0041,0.0190
camera-imu timeoffset = 0.00008
cam0 intrinsics = 460.352,458.982,367.190,247.678 | -0.271,0.064,0.000,0.000
cam1 intrinsics = 460.377,459.405,380.208,254.604 | -0.272,0.065,0.000,0.000
cam0 extrinsics = -0.007,0.009,0.703,0.712 | 0.061,-0.026,0.001
cam1 extrinsics = -0.001,0.014,0.703,0.711 | -0.052,-0.028,0.008
q_GtoI = -0.846,-0.041,-0.531,0.023 | p_IinG = -0.006,-2.239,0.816 | dist = 9.24 (meters)
bg = -0.0026,0.0216,0.0761 | ba = -0.0432,0.0022,0.0180
camera-imu timeoffset = 0.00008
cam0 intrinsics = 460.296,458.942,367.200,247.652 | -0.271,0.064,0.000,0.000
cam1 intrinsics = 460.332,459.374,380.191,254.579 | -0.272,0.065,0.000,0.000
cam0 extrinsics = -0.007,0.009,0.702,0.712 | 0.061,-0.026,0.001
cam1 extrinsics = -0.001,0.014,0.703,0.711 | -0.052,-0.028,0.008
q_GtoI = -0.844,-0.053,-0.534,0.030 | p_IinG = 0.007,-2.200,0.836 | dist = 9.29 (meters)
bg = -0.0026,0.0214,0.0762 | ba = -0.0434,0.0001,0.0195
camera-imu timeoffset = 0.00010
cam0 intrinsics = 460.271,458.929,367.192,247.643 | -0.271,0.064,0.000,0.000
cam1 intrinsics = 460.324,459.375,380.171,254.553 | -0.272,0.065,0.000,0.000
cam0 extrinsics = -0.007,0.009,0.702,0.712 | 0.061,-0.026,0.001
cam1 extrinsics = -0.002,0.014,0.703,0.711 | -0.052,-0.028,0.008
q_GtoI = -0.840,-0.062,-0.538,0.043 | p_IinG = 0.025,-2.161,0.858 | dist = 9.33 (meters)
bg = -0.0026,0.0214,0.0764 | ba = -0.0433,-0.0018,0.0198
camera-imu timeoffset = 0.00008
cam0 intrinsics = 460.298,458.940,367.174,247.659 | -0.271,0.064,0.000,0.000
cam1 intrinsics = 460.340,459.376,380.131,254.571 | -0.272,0.065,0.000,0.000
cam0 extrinsics = -0.007,0.009,0.702,0.712 | 0.060,-0.026,0.001
cam1 extrinsics = -0.002,0.014,0.703,0.711 | -0.052,-0.028,0.008
q_GtoI = -0.835,-0.073,-0.542,0.054 | p_IinG = 0.044,-2.121,0.883 | dist = 9.38 (meters)
bg = -0.0025,0.0212,0.0763 | ba = -0.0439,-0.0020,0.0205
camera-imu timeoffset = 0.00008
cam0 intrinsics = 460.268,458.933,367.157,247.640 | -0.271,0.064,0.000,0.000
cam1 intrinsics = 460.320,459.379,380.080,254.550 | -0.272,0.065,0.000,0.001
cam0 extrinsics = -0.007,0.009,0.702,0.712 | 0.061,-0.026,0.001
cam1 extrinsics = -0.002,0.014,0.703,0.711 | -0.052,-0.028,0.008
q_GtoI = -0.830,-0.084,-0.547,0.068 | p_IinG = 0.065,-2.082,0.912 | dist = 9.44 (meters)
bg = -0.0024,0.0211,0.0763 | ba = -0.0438,-0.0031,0.0237
camera-imu timeoffset = 0.00009
cam0 intrinsics = 460.297,458.960,367.133,247.614 | -0.271,0.064,0.000,0.000
cam1 intrinsics = 460.347,459.406,380.054,254.522 | -0.272,0.065,0.000,0.001
cam0 extrinsics = -0.007,0.009,0.702,0.712 | 0.061,-0.025,0.001
cam1 extrinsics = -0.002,0.014,0.703,0.711 | -0.051,-0.027,0.008
q_GtoI = -0.825,-0.098,-0.551,0.080 | p_IinG = 0.088,-2.043,0.941 | dist = 9.49 (meters)
bg = -0.0023,0.0209,0.0763 | ba = -0.0438,-0.0029,0.0247
camera-imu timeoffset = 0.00008
cam0 intrinsics = 460.330,458.976,367.098,247.604 | -0.271,0.064,0.000,0.001
cam1 intrinsics = 460.374,459.419,380.019,254.512 | -0.272,0.065,0.000,0.001
cam0 extrinsics = -0.007,0.009,0.702,0.712 | 0.062,-0.025,0.001
cam1 extrinsics = -0.002,0.014,0.703,0.711 | -0.051,-0.027,0.008
q_GtoI = -0.819,-0.114,-0.555,0.091 | p_IinG = 0.112,-2.000,0.970 | dist = 9.54 (meters)
bg = -0.0019,0.0206,0.0764 | ba = -0.0445,-0.0018,0.0209
camera-imu timeoffset = 0.00007
cam0 intrinsics = 460.326,458.968,367.029,247.635 | -0.271,0.064,0.000,0.001
cam1 intrinsics = 460.363,459.414,379.976,254.523 | -0.272,0.065,0.000,0.001
cam0 extrinsics = -0.007,0.009,0.701,0.713 | 0.061,-0.025,0.001
cam1 extrinsics = -0.002,0.014,0.702,0.712 | -0.051,-0.028,0.008
q_GtoI = -0.813,-0.128,-0.558,0.105 | p_IinG = 0.138,-1.961,0.998 | dist = 9.60 (meters)
bg = -0.0018,0.0205,0.0764 | ba = -0.0448,-0.0020,0.0198
camera-imu timeoffset = 0.00007
cam0 intrinsics = 460.338,458.975,367.020,247.635 | -0.271,0.064,0.000,0.001
cam1 intrinsics = 460.371,459.417,379.960,254.526 | -0.272,0.065,0.000,0.001
cam0 extrinsics = -0.007,0.009,0.701,0.713 | 0.061,-0.025,0.001
cam1 extrinsics = -0.002,0.014,0.702,0.712 | -0.052,-0.028,0.008
q_GtoI = -0.809,-0.144,-0.558,0.118 | p_IinG = 0.164,-1.923,1.026 | dist = 9.65 (meters)
bg = -0.0016,0.0205,0.0765 | ba = -0.0452,-0.0032,0.0183
camera-imu timeoffset = 0.00006
cam0 intrinsics = 460.337,458.976,367.010,247.639 | -0.271,0.064,0.000,0.001
cam1 intrinsics = 460.366,459.414,379.948,254.527 | -0.272,0.065,0.000,0.001
cam0 extrinsics = -0.007,0.009,0.701,0.713 | 0.061,-0.026,0.001
cam1 extrinsics = -0.002,0.014,0.702,0.712 | -0.052,-0.028,0.008
q_GtoI = -0.804,-0.159,-0.558,0.131 | p_IinG = 0.190,-1.886,1.054 | dist = 9.70 (meters)
bg = -0.0015,0.0205,0.0765 | ba = -0.0452,-0.0051,0.0172
camera-imu timeoffset = 0.00006
cam0 intrinsics = 460.326,458.974,367.009,247.640 | -0.271,0.064,0.000,0.001
cam1 intrinsics = 460.349,459.408,379.938,254.532 | -0.272,0.065,0.000,0.001
cam0 extrinsics = -0.007,0.009,0.701,0.713 | 0.061,-0.026,0.001
cam1 extrinsics = -0.002,0.014,0.702,0.712 | -0.052,-0.028,0.008
q_GtoI = -0.799,-0.178,-0.556,0.141 | p_IinG = 0.217,-1.852,1.082 | dist = 9.75 (meters)
bg = -0.0014,0.0205,0.0765 | ba = -0.0462,-0.0059,0.0181
camera-imu timeoffset = 0.00006
cam0 intrinsics = 460.321,458.985,367.022,247.633 | -0.271,0.064,0.000,0.001
cam1 intrinsics = 460.330,459.398,379.932,254.516 | -0.272,0.065,0.000,0.001
cam0 extrinsics = -0.007,0.009,0.701,0.713 | 0.061,-0.026,0.001
cam1 extrinsics = -0.002,0.014,0.702,0.712 | -0.052,-0.028,0.008
q_GtoI = -0.795,-0.196,-0.554,0.151 | p_IinG = 0.243,-1.819,1.109 | dist = 9.80 (meters)
bg = -0.0013,0.0206,0.0764 | ba = -0.0482,-0.0062,0.0187
camera-imu timeoffset = 0.00006
cam0 intrinsics = 460.313,458.999,367.033,247.629 | -0.271,0.064,0.000,0.001
cam1 intrinsics = 460.314,459.405,379.943,254.513 | -0.272,0.065,0.000,0.001
cam0 extrinsics = -0.007,0.009,0.701,0.713 | 0.060,-0.026,0.002
cam1 extrinsics = -0.002,0.014,0.702,0.712 | -0.052,-0.028,0.009
q_GtoI = -0.789,-0.216,-0.553,0.158 | p_IinG = 0.265,-1.792,1.136 | dist = 9.85 (meters)
bg = -0.0015,0.0205,0.0764 | ba = -0.0501,-0.0015,0.0258
camera-imu timeoffset = 0.00006
cam0 intrinsics = 460.295,459.026,367.062,247.618 | -0.271,0.064,0.000,0.001
cam1 intrinsics = 460.321,459.445,379.940,254.490 | -0.272,0.065,0.000,0.001
cam0 extrinsics = -0.007,0.009,0.701,0.713 | 0.061,-0.025,0.002
cam1 extrinsics = -0.002,0.014,0.702,0.712 | -0.052,-0.027,0.009
q_GtoI = -0.781,-0.236,-0.554,0.166 | p_IinG = 0.288,-1.763,1.161 | dist = 9.89 (meters)
bg = -0.0016,0.0204,0.0763 | ba = -0.0510,0.0017,0.0278
camera-imu timeoffset = 0.00006
cam0 intrinsics = 460.302,459.046,367.083,247.621 | -0.271,0.064,0.000,0.001
cam1 intrinsics = 460.323,459.459,379.958,254.491 | -0.272,0.065,0.000,0.001
cam0 extrinsics = -0.007,0.009,0.702,0.713 | 0.061,-0.025,0.001
cam1 extrinsics = -0.002,0.014,0.702,0.712 | -0.052,-0.027,0.008
q_GtoI = -0.773,-0.255,-0.554,0.173 | p_IinG = 0.312,-1.735,1.184 | dist = 9.94 (meters)
bg = -0.0016,0.0203,0.0761 | ba = -0.0501,0.0043,0.0334
camera-imu timeoffset = 0.00005
cam0 intrinsics = 460.330,459.084,367.097,247.626 | -0.271,0.064,0.000,0.001
cam1 intrinsics = 460.342,459.485,379.972,254.492 | -0.272,0.065,0.000,0.001
cam0 extrinsics = -0.007,0.009,0.702,0.713 | 0.061,-0.026,0.001
cam1 extrinsics = -0.002,0.014,0.702,0.712 | -0.052,-0.028,0.008
q_GtoI = -0.766,-0.271,-0.554,0.181 | p_IinG = 0.334,-1.706,1.203 | dist = 9.98 (meters)
bg = -0.0015,0.0203,0.0766 | ba = -0.0514,0.0088,0.0324
camera-imu timeoffset = 0.00007
cam0 intrinsics = 460.296,459.062,367.265,247.592 | -0.271,0.064,0.000,0.001
cam1 intrinsics = 460.257,459.365,379.941,254.429 | -0.272,0.065,0.000,0.001
cam0 extrinsics = -0.007,0.008,0.702,0.712 | 0.061,-0.025,0.001
cam1 extrinsics = -0.002,0.013,0.703,0.711 | -0.052,-0.027,0.007
q_GtoI = -0.759,-0.287,-0.553,0.189 | p_IinG = 0.354,-1.680,1.218 | dist = 10.02 (meters)
bg = -0.0015,0.0202,0.0767 | ba = -0.0499,0.0135,0.0363
camera-imu timeoffset = 0.00007
cam0 intrinsics = 460.358,459.082,367.273,247.563 | -0.271,0.064,0.000,0.001
cam1 intrinsics = 460.303,459.365,379.937,254.406 | -0.272,0.065,0.000,0.001
cam0 extrinsics = -0.007,0.008,0.702,0.712 | 0.060,-0.025,0.001
cam1 extrinsics = -0.002,0.013,0.703,0.711 | -0.052,-0.027,0.007
q_GtoI = -0.752,-0.302,-0.554,0.192 | p_IinG = 0.377,-1.643,1.231 | dist = 10.06 (meters)
bg = -0.0002,0.0205,0.0762 | ba = -0.0501,0.0161,0.0332
camera-imu timeoffset = 0.00006
cam0 intrinsics = 460.246,459.098,367.281,247.450 | -0.271,0.064,0.001,0.001
cam1 intrinsics = 460.123,459.303,379.913,254.294 | -0.272,0.066,0.000,0.001
cam0 extrinsics = -0.007,0.008,0.702,0.712 | 0.061,-0.024,-0.000
cam1 extrinsics = -0.002,0.013,0.703,0.711 | -0.051,-0.026,0.006
q_GtoI = -0.744,-0.317,-0.554,0.197 | p_IinG = 0.400,-1.614,1.244 | dist = 10.10 (meters)
bg = 0.0000,0.0208,0.0758 | ba = -0.0512,0.0158,0.0349
camera-imu timeoffset = 0.00006
cam0 intrinsics = 460.251,459.141,367.238,247.428 | -0.271,0.064,0.001,0.001
cam1 intrinsics = 460.098,459.318,379.905,254.252 | -0.273,0.066,0.001,0.001
cam0 extrinsics = -0.007,0.008,0.702,0.712 | 0.061,-0.024,-0.001
cam1 extrinsics = -0.002,0.013,0.703,0.711 | -0.052,-0.026,0.005
q_GtoI = -0.735,-0.332,-0.555,0.203 | p_IinG = 0.418,-1.587,1.253 | dist = 10.14 (meters)
bg = -0.0000,0.0207,0.0758 | ba = -0.0508,0.0181,0.0393
camera-imu timeoffset = 0.00005
cam0 intrinsics = 460.304,459.165,367.238,247.397 | -0.271,0.065,0.001,0.001
cam1 intrinsics = 460.131,459.319,379.902,254.227 | -0.273,0.066,0.001,0.001
cam0 extrinsics = -0.007,0.008,0.702,0.712 | 0.061,-0.024,-0.001
cam1 extrinsics = -0.002,0.013,0.703,0.711 | -0.052,-0.025,0.005
q_GtoI = -0.727,-0.346,-0.555,0.211 | p_IinG = 0.435,-1.560,1.257 | dist = 10.17 (meters)
bg = -0.0000,0.0207,0.0758 | ba = -0.0491,0.0201,0.0432
camera-imu timeoffset = 0.00005
cam0 intrinsics = 460.368,459.204,367.245,247.362 | -0.272,0.065,0.001,0.001
cam1 intrinsics = 460.167,459.327,379.898,254.195 | -0.273,0.066,0.001,0.001
cam0 extrinsics = -0.007,0.008,0.702,0.712 | 0.061,-0.023,-0.001
cam1 extrinsics = -0.002,0.013,0.703,0.711 | -0.052,-0.025,0.005
q_GtoI = -0.720,-0.358,-0.551,0.225 | p_IinG = 0.448,-1.538,1.257 | dist = 10.21 (meters)
bg = -0.0005,0.0202,0.0757 | ba = -0.0457,0.0234,0.0541
camera-imu timeoffset = 0.00006
cam0 intrinsics = 460.444,459.166,367.283,247.341 | -0.272,0.065,0.001,0.001
cam1 intrinsics = 460.208,459.234,379.889,254.173 | -0.273,0.066,0.001,0.001
cam0 extrinsics = -0.007,0.008,0.702,0.712 | 0.060,-0.023,-0.001
cam1 extrinsics = -0.002,0.013,0.703,0.711 | -0.053,-0.025,0.005
q_GtoI = -0.714,-0.368,-0.544,0.241 | p_IinG = 0.460,-1.512,1.255 | dist = 10.24 (meters)
bg = -0.0007,0.0200,0.0757 | ba = -0.0438,0.0248,0.0587
camera-imu timeoffset = 0.00006
cam0 intrinsics = 460.508,459.186,367.277,247.303 | -0.272,0.065,0.001,0.001
cam1 intrinsics = 460.262,459.239,379.879,254.140 | -0.273,0.066,0.000,0.001
cam0 extrinsics = -0.007,0.008,0.702,0.712 | 0.060,-0.023,-0.001
cam1 extrinsics = -0.002,0.013,0.703,0.711 | -0.053,-0.024,0.005
q_GtoI = -0.709,-0.380,-0.536,0.257 | p_IinG = 0.474,-1.486,1.250 | dist = 10.27 (meters)
bg = -0.0009,0.0200,0.0756 | ba = -0.0413,0.0218,0.0616
camera-imu timeoffset = 0.00006
cam0 intrinsics = 460.558,459.218,367.279,247.292 | -0.272,0.065,0.001,0.001
cam1 intrinsics = 460.304,459.259,379.877,254.132 | -0.273,0.066,0.000,0.001
cam0 extrinsics = -0.007,0.008,0.702,0.712 | 0.060,-0.022,-0.001
cam1 extrinsics = -0.002,0.013,0.703,0.711 | -0.053,-0.024,0.005
q_GtoI = -0.702,-0.392,-0.529,0.273 | p_IinG = 0.482,-1.458,1.239 | dist = 10.30 (meters)
bg = -0.0011,0.0199,0.0759 | ba = -0.0387,0.0194,0.0579
camera-imu timeoffset = 0.00006
cam0 intrinsics = 460.657,459.320,367.309,247.282 | -0.272,0.065,0.001,0.001
cam1 intrinsics = 460.384,459.333,379.881,254.097 | -0.273,0.066,0.000,0.001
cam0 extrinsics = -0.007,0.008,0.702,0.712 | 0.059,-0.022,-0.000
cam1 extrinsics = -0.002,0.013,0.703,0.711 | -0.054,-0.024,0.005
q_GtoI = -0.693,-0.405,-0.523,0.288 | p_IinG = 0.492,-1.432,1.226 | dist = 10.33 (meters)
bg = -0.0013,0.0199,0.0758 | ba = -0.0356,0.0174,0.0591
camera-imu timeoffset = 0.00006
cam0 intrinsics = 460.743,459.385,367.285,247.283 | -0.272,0.065,0.000,0.001
cam1 intrinsics = 460.465,459.390,379.874,254.096 | -0.273,0.066,0.000,0.001
cam0 extrinsics = -0.007,0.008,0.702,0.712 | 0.059,-0.022,-0.000
cam1 extrinsics = -0.002,0.013,0.703,0.711 | -0.054,-0.024,0.005
q_GtoI = -0.683,-0.418,-0.516,0.304 | p_IinG = 0.500,-1.406,1.210 | dist = 10.36 (meters)
bg = -0.0013,0.0199,0.0757 | ba = -0.0318,0.0180,0.0626
camera-imu timeoffset = 0.00004
cam0 intrinsics = 460.791,459.444,367.275,247.284 | -0.272,0.065,0.000,0.001
cam1 intrinsics = 460.495,459.431,379.872,254.089 | -0.273,0.066,0.000,0.001
cam0 extrinsics = -0.007,0.008,0.702,0.712 | 0.058,-0.022,0.000
cam1 extrinsics = -0.002,0.013,0.703,0.711 | -0.054,-0.023,0.006
q_GtoI = -0.670,-0.432,-0.513,0.318 | p_IinG = 0.501,-1.377,1.189 | dist = 10.39 (meters)
bg = -0.0008,0.0195,0.0758 | ba = -0.0314,0.0202,0.0597
camera-imu timeoffset = 0.00004
cam0 intrinsics = 460.950,459.516,367.237,247.346 | -0.273,0.065,0.000,0.001
cam1 intrinsics = 460.597,459.446,379.875,254.110 | -0.274,0.066,0.000,0.001
cam0 extrinsics = -0.007,0.008,0.702,0.712 | 0.058,-0.023,0.001
cam1 extrinsics = -0.002,0.013,0.703,0.711 | -0.055,-0.024,0.006
q_GtoI = -0.658,-0.445,-0.509,0.331 | p_IinG = 0.505,-1.355,1.169 | dist = 10.42 (meters)
bg = -0.0009,0.0193,0.0756 | ba = -0.0313,0.0225,0.0620
camera-imu timeoffset = 0.00004
cam0 intrinsics = 461.003,459.541,367.220,247.360 | -0.273,0.065,0.000,0.001
cam1 intrinsics = 460.648,459.468,379.863,254.121 | -0.274,0.066,0.000,0.001
cam0 extrinsics = -0.007,0.008,0.702,0.712 | 0.059,-0.023,0.001
cam1 extrinsics = -0.002,0.013,0.703,0.711 | -0.054,-0.024,0.006
q_GtoI = -0.644,-0.458,-0.506,0.345 | p_IinG = 0.511,-1.336,1.148 | dist = 10.46 (meters)
bg = -0.0011,0.0193,0.0755 | ba = -0.0315,0.0234,0.0658
camera-imu timeoffset = 0.00004
cam0 intrinsics = 461.102,459.623,367.183,247.343 | -0.273,0.065,0.000,0.001
cam1 intrinsics = 460.748,459.554,379.855,254.096 | -0.274,0.066,0.000,0.001
cam0 extrinsics = -0.007,0.009,0.702,0.712 | 0.059,-0.023,0.001
cam1 extrinsics = -0.002,0.013,0.703,0.711 | -0.054,-0.024,0.006
q_GtoI = -0.631,-0.470,-0.505,0.356 | p_IinG = 0.517,-1.317,1.123 | dist = 10.49 (meters)
bg = -0.0010,0.0194,0.0750 | ba = -0.0280,0.0249,0.0721
camera-imu timeoffset = 0.00004
cam0 intrinsics = 461.136,459.663,367.146,247.323 | -0.273,0.065,0.000,0.001
cam1 intrinsics = 460.762,459.570,379.816,254.076 | -0.274,0.066,0.000,0.001
cam0 extrinsics = -0.007,0.009,0.702,0.712 | 0.060,-0.023,0.001
cam1 extrinsics = -0.002,0.013,0.703,0.711 | -0.053,-0.024,0.006
q_GtoI = -0.618,-0.482,-0.503,0.364 | p_IinG = 0.513,-1.300,1.096 | dist = 10.52 (meters)
bg = -0.0008,0.0192,0.0750 | ba = -0.0285,0.0325,0.0712
camera-imu timeoffset = 0.00005
cam0 intrinsics = 461.141,459.660,367.127,247.320 | -0.273,0.065,0.000,0.001
cam1 intrinsics = 460.761,459.560,379.802,254.084 | -0.274,0.066,0.000,0.001
cam0 extrinsics = -0.007,0.009,0.702,0.712 | 0.060,-0.023,0.001
cam1 extrinsics = -0.002,0.014,0.703,0.711 | -0.053,-0.024,0.006
q_GtoI = -0.609,-0.496,-0.496,0.369 | p_IinG = 0.514,-1.292,1.071 | dist = 10.55 (meters)
bg = -0.0012,0.0192,0.0742 | ba = -0.0260,0.0410,0.0790
camera-imu timeoffset = 0.00005
cam0 intrinsics = 461.009,459.666,367.153,247.250 | -0.273,0.065,0.001,0.001
cam1 intrinsics = 460.621,459.529,379.757,254.003 | -0.274,0.066,0.001,0.001
cam0 extrinsics = -0.007,0.009,0.702,0.712 | 0.061,-0.022,0.001
cam1 extrinsics = -0.002,0.014,0.703,0.711 | -0.052,-0.024,0.006
q_GtoI = -0.602,-0.510,-0.489,0.371 | p_IinG = 0.496,-1.282,1.041 | dist = 10.58 (meters)
bg = -0.0001,0.0187,0.0749 | ba = -0.0294,0.0568,0.0783
camera-imu timeoffset = 0.00006
cam0 intrinsics = 461.025,459.673,367.156,247.258 | -0.273,0.065,0.001,0.001
cam1 intrinsics = 460.569,459.480,379.791,253.981 | -0.274,0.066,0.001,0.001
cam0 extrinsics = -0.007,0.009,0.702,0.712 | 0.061,-0.022,0.001
cam1 extrinsics = -0.002,0.013,0.703,0.711 | -0.052,-0.023,0.005
q_GtoI = -0.596,-0.525,-0.480,0.373 | p_IinG = 0.491,-1.275,1.016 | dist = 10.60 (meters)
bg = -0.0001,0.0187,0.0747 | ba = -0.0294,0.0586,0.0796
camera-imu timeoffset = 0.00007
cam0 intrinsics = 461.016,459.682,367.144,247.247 | -0.273,0.065,0.001,0.001
cam1 intrinsics = 460.561,459.488,379.783,253.978 | -0.274,0.066,0.001,0.001
cam0 extrinsics = -0.007,0.009,0.702,0.712 | 0.061,-0.022,0.001
cam1 extrinsics = -0.002,0.013,0.703,0.711 | -0.052,-0.024,0.006
q_GtoI = -0.590,-0.537,-0.471,0.376 | p_IinG = 0.482,-1.271,0.993 | dist = 10.63 (meters)
bg = -0.0002,0.0187,0.0747 | ba = -0.0301,0.0625,0.0834
camera-imu timeoffset = 0.00007
cam0 intrinsics = 461.013,459.648,367.162,247.249 | -0.273,0.065,0.001,0.001
cam1 intrinsics = 460.550,459.445,379.796,253.978 | -0.274,0.066,0.001,0.001
cam0 extrinsics = -0.007,0.009,0.702,0.712 | 0.061,-0.023,0.002
cam1 extrinsics = -0.002,0.013,0.703,0.711 | -0.053,-0.024,0.006
q_GtoI = -0.584,-0.550,-0.461,0.380 | p_IinG = 0.469,-1.268,0.966 | dist = 10.65 (meters)
bg = -0.0002,0.0182,0.0747 | ba = -0.0283,0.0675,0.0881
camera-imu timeoffset = 0.00005
cam0 intrinsics = 460.840,459.506,367.318,247.212 | -0.272,0.065,0.001,0.001
cam1 intrinsics = 460.394,459.310,379.853,253.969 | -0.273,0.066,0.001,0.001
cam0 extrinsics = -0.007,0.009,0.702,0.712 | 0.060,-0.023,0.002
cam1 extrinsics = -0.002,0.013,0.703,0.711 | -0.054,-0.024,0.006
q_GtoI = -0.577,-0.562,-0.452,0.383 | p_IinG = 0.456,-1.269,0.944 | dist = 10.68 (meters)
bg = -0.0002,0.0180,0.0746 | ba = -0.0291,0.0689,0.0907
camera-imu timeoffset = 0.00005
cam0 intrinsics = 460.792,459.492,367.364,247.217 | -0.272,0.065,0.001,0.001
cam1 intrinsics = 460.315,459.268,379.869,253.960 | -0.273,0.066,0.001,0.001
cam0 extrinsics = -0.007,0.009,0.702,0.712 | 0.059,-0.023,0.002
cam1 extrinsics = -0.002,0.013,0.703,0.711 | -0.054,-0.024,0.006
q_GtoI = -0.572,-0.572,-0.440,0.390 | p_IinG = 0.443,-1.268,0.923 | dist = 10.71 (meters)
bg = -0.0001,0.0179,0.0744 | ba = -0.0303,0.0713,0.0936
camera-imu timeoffset = 0.00006
cam0 intrinsics = 460.796,459.474,367.420,247.152 | -0.272,0.065,0.001,0.001
cam1 intrinsics = 460.316,459.244,379.920,253.897 | -0.273,0.066,0.001,0.001
cam0 extrinsics = -0.007,0.009,0.702,0.712 | 0.059,-0.023,0.002
cam1 extrinsics = -0.002,0.013,0.703,0.711 | -0.054,-0.025,0.006
q_GtoI = -0.568,-0.580,-0.425,0.400 | p_IinG = 0.426,-1.272,0.903 | dist = 10.73 (meters)
bg = -0.0003,0.0178,0.0741 | ba = -0.0310,0.0742,0.0994
camera-imu timeoffset = 0.00008
cam0 intrinsics = 460.654,459.426,367.526,247.014 | -0.272,0.065,0.001,0.001
cam1 intrinsics = 460.168,459.174,379.980,253.749 | -0.273,0.066,0.001,0.001
cam0 extrinsics = -0.007,0.009,0.702,0.712 | 0.058,-0.023,0.002
cam1 extrinsics = -0.001,0.013,0.703,0.711 | -0.056,-0.025,0.006
q_GtoI = -0.563,-0.587,-0.410,0.412 | p_IinG = 0.412,-1.273,0.883 | dist = 10.76 (meters)
bg = -0.0004,0.0178,0.0740 | ba = -0.0316,0.0740,0.1010
camera-imu timeoffset = 0.00009
cam0 intrinsics = 460.688,459.454,367.520,247.014 | -0.272,0.065,0.001,0.001
cam1 intrinsics = 460.191,459.190,379.995,253.751 | -0.273,0.066,0.001,0.001
cam0 extrinsics = -0.007,0.009,0.702,0.712 | 0.058,-0.023,0.002
cam1 extrinsics = -0.001,0.013,0.703,0.711 | -0.056,-0.025,0.006
q_GtoI = -0.558,-0.596,-0.395,0.422 | p_IinG = 0.395,-1.274,0.862 | dist = 10.79 (meters)
bg = -0.0005,0.0177,0.0740 | ba = -0.0326,0.0727,0.0986
camera-imu timeoffset = 0.00009
cam0 intrinsics = 460.734,459.504,367.536,247.005 | -0.272,0.065,0.001,0.001
cam1 intrinsics = 460.226,459.229,380.020,253.750 | -0.273,0.066,0.001,0.001
cam0 extrinsics = -0.007,0.009,0.702,0.712 | 0.058,-0.023,0.002
cam1 extrinsics = -0.001,0.013,0.703,0.711 | -0.056,-0.024,0.006
q_GtoI = -0.549,-0.605,-0.381,0.433 | p_IinG = 0.377,-1.280,0.841 | dist = 10.81 (meters)
bg = -0.0007,0.0175,0.0741 | ba = -0.0321,0.0749,0.0981
camera-imu timeoffset = 0.00009
cam0 intrinsics = 460.730,459.513,367.537,246.987 | -0.272,0.065,0.001,0.000
cam1 intrinsics = 460.217,459.230,380.021,253.725 | -0.273,0.066,0.001,0.001
cam0 extrinsics = -0.007,0.009,0.702,0.712 | 0.058,-0.024,0.001
cam1 extrinsics = -0.001,0.013,0.703,0.711 | -0.056,-0.025,0.005
q_GtoI = -0.540,-0.616,-0.366,0.442 | p_IinG = 0.361,-1.282,0.821 | dist = 10.84 (meters)
bg = -0.0008,0.0175,0.0741 | ba = -0.0323,0.0684,0.0979
camera-imu timeoffset = 0.00009
cam0 intrinsics = 460.738,459.550,367.532,246.965 | -0.272,0.065,0.001,0.001
cam1 intrinsics = 460.235,459.275,380.025,253.700 | -0.273,0.066,0.001,0.001
cam0 extrinsics = -0.007,0.009,0.702,0.712 | 0.057,-0.024,0.001
cam1 extrinsics = -0.001,0.013,0.703,0.711 | -0.057,-0.025,0.005
q_GtoI = -0.529,-0.630,-0.351,0.448 | p_IinG = 0.344,-1.284,0.800 | dist = 10.87 (meters)
bg = -0.0008,0.0174,0.0741 | ba = -0.0326,0.0674,0.0960
camera-imu timeoffset = 0.00007
cam0 intrinsics = 460.777,459.581,367.528,246.948 | -0.273,0.065,0.001,0.000
cam1 intrinsics = 460.280,459.315,380.038,253.690 | -0.273,0.066,0.001,0.001
cam0 extrinsics = -0.007,0.009,0.702,0.712 | 0.056,-0.024,0.001
cam1 extrinsics = -0.001,0.013,0.703,0.712 | -0.057,-0.025,0.005
q_GtoI = -0.518,-0.645,-0.334,0.451 | p_IinG = 0.326,-1.285,0.779 | dist = 10.89 (meters)
bg = -0.0006,0.0173,0.0740 | ba = -0.0341,0.0674,0.0944
camera-imu timeoffset = 0.00006
cam0 intrinsics = 460.744,459.561,367.514,246.982 | -0.272,0.065,0.001,0.000
cam1 intrinsics = 460.261,459.312,380.049,253.721 | -0.273,0.066,0.001,0.001
cam0 extrinsics = -0.007,0.009,0.702,0.712 | 0.056,-0.024,0.001
cam1 extrinsics = -0.001,0.013,0.703,0.712 | -0.057,-0.025,0.005
q_GtoI = -0.505,-0.661,-0.320,0.453 | p_IinG = 0.309,-1.286,0.759 | dist = 10.92 (meters)
bg = -0.0005,0.0173,0.0740 | ba = -0.0354,0.0701,0.0929
camera-imu timeoffset = 0.00006
cam0 intrinsics = 460.792,459.608,367.517,247.003 | -0.273,0.065,0.001,0.000
cam1 intrinsics = 460.309,459.357,380.060,253.734 | -0.274,0.066,0.001,0.000
cam0 extrinsics = -0.007,0.009,0.702,0.712 | 0.056,-0.024,0.001
cam1 extrinsics = -0.001,0.013,0.703,0.712 | -0.057,-0.025,0.005
q_GtoI = -0.490,-0.677,-0.307,0.456 | p_IinG = 0.292,-1.286,0.740 | dist = 10.94 (meters)
bg = -0.0004,0.0173,0.0739 | ba = -0.0372,0.0723,0.0919
camera-imu timeoffset = 0.00005
cam0 intrinsics = 460.835,459.657,367.526,247.016 | -0.273,0.066,0.001,0.000
cam1 intrinsics = 460.355,459.406,380.066,253.740 | -0.274,0.066,0.001,0.000
cam0 extrinsics = -0.006,0.009,0.702,0.712 | 0.056,-0.024,0.000
cam1 extrinsics = -0.001,0.013,0.703,0.711 | -0.058,-0.025,0.005
q_GtoI = -0.472,-0.692,-0.296,0.460 | p_IinG = 0.276,-1.286,0.721 | dist = 10.97 (meters)
bg = -0.0004,0.0171,0.0738 | ba = -0.0376,0.0748,0.0910
camera-imu timeoffset = 0.00005
cam0 intrinsics = 460.877,459.708,367.527,247.016 | -0.273,0.066,0.001,0.000
cam1 intrinsics = 460.407,459.462,380.049,253.735 | -0.274,0.067,0.001,0.000
cam0 extrinsics = -0.006,0.009,0.702,0.712 | 0.055,-0.023,0.000
cam1 extrinsics = -0.001,0.013,0.703,0.711 | -0.058,-0.025,0.005
q_GtoI = -0.450,-0.705,-0.290,0.465 | p_IinG = 0.259,-1.283,0.705 | dist = 10.99 (meters)
bg = -0.0003,0.0171,0.0737 | ba = -0.0379,0.0766,0.0903
camera-imu timeoffset = 0.00004
cam0 intrinsics = 460.928,459.743,367.521,247.020 | -0.273,0.066,0.001,0.000
cam1 intrinsics = 460.457,459.497,380.052,253.729 | -0.274,0.067,0.001,0.000
cam0 extrinsics = -0.006,0.009,0.702,0.712 | 0.055,-0.023,0.000
cam1 extrinsics = -0.001,0.013,0.703,0.711 | -0.058,-0.024,0.005
q_GtoI = -0.426,-0.716,-0.286,0.473 | p_IinG = 0.244,-1.278,0.691 | dist = 11.01 (meters)
bg = -0.0003,0.0171,0.0734 | ba = -0.0375,0.0771,0.0898
camera-imu timeoffset = 0.00002
cam0 intrinsics = 460.940,459.739,367.530,247.040 | -0.273,0.066,0.001,0.000
cam1 intrinsics = 460.497,459.520,380.080,253.716 | -0.274,0.067,0.001,0.000
cam0 extrinsics = -0.006,0.009,0.702,0.712 | 0.055,-0.023,0.000
cam1 extrinsics = -0.001,0.013,0.703,0.711 | -0.058,-0.024,0.005
q_GtoI = -0.401,-0.727,-0.283,0.480 | p_IinG = 0.227,-1.274,0.677 | dist = 11.04 (meters)
bg = -0.0003,0.0171,0.0733 | ba = -0.0371,0.0780,0.0904
camera-imu timeoffset = 0.00003
cam0 intrinsics = 460.927,459.713,367.532,247.033 | -0.273,0.066,0.001,0.000
cam1 intrinsics = 460.485,459.497,380.083,253.709 | -0.274,0.067,0.001,0.000
cam0 extrinsics = -0.006,0.009,0.702,0.712 | 0.055,-0.023,0.001
cam1 extrinsics = -0.001,0.013,0.703,0.711 | -0.058,-0.024,0.005
q_GtoI = -0.379,-0.737,-0.277,0.487 | p_IinG = 0.194,-1.264,0.658 | dist = 11.06 (meters)
bg = 0.0008,0.0170,0.0729 | ba = -0.0422,0.0843,0.0728
camera-imu timeoffset = 0.00003
cam0 intrinsics = 460.785,459.626,367.708,246.816 | -0.273,0.066,0.001,0.000
cam1 intrinsics = 460.407,459.471,380.182,253.521 | -0.274,0.067,0.001,0.000
cam0 extrinsics = -0.006,0.009,0.702,0.712 | 0.055,-0.020,0.001
cam1 extrinsics = -0.001,0.014,0.703,0.711 | -0.058,-0.021,0.006
q_GtoI = -0.357,-0.747,-0.269,0.492 | p_IinG = 0.173,-1.259,0.645 | dist = 11.09 (meters)
bg = 0.0010,0.0170,0.0726 | ba = -0.0435,0.0851,0.0729
camera-imu timeoffset = 0.00003
cam0 intrinsics = 460.775,459.640,367.700,246.792 | -0.273,0.066,0.001,0.000
cam1 intrinsics = 460.397,459.487,380.170,253.503 | -0.274,0.067,0.001,0.000
cam0 extrinsics = -0.006,0.009,0.702,0.712 | 0.055,-0.019,0.001
cam1 extrinsics = -0.001,0.014,0.703,0.711 | -0.058,-0.020,0.006
q_GtoI = -0.336,-0.756,-0.259,0.498 | p_IinG = 0.152,-1.255,0.634 | dist = 11.11 (meters)
bg = 0.0008,0.0170,0.0724 | ba = -0.0459,0.0853,0.0753
camera-imu timeoffset = 0.00002
cam0 intrinsics = 460.847,459.741,367.667,246.839 | -0.273,0.066,0.001,0.000
cam1 intrinsics = 460.452,459.574,380.164,253.537 | -0.274,0.067,0.001,0.000
cam0 extrinsics = -0.006,0.009,0.702,0.712 | 0.055,-0.019,0.001
cam1 extrinsics = -0.001,0.014,0.703,0.711 | -0.058,-0.020,0.006
q_GtoI = -0.316,-0.764,-0.249,0.505 | p_IinG = 0.129,-1.252,0.621 | dist = 11.14 (meters)
bg = 0.0008,0.0171,0.0722 | ba = -0.0470,0.0861,0.0762
camera-imu timeoffset = 0.00004
cam0 intrinsics = 460.876,459.787,367.658,246.851 | -0.273,0.066,0.001,0.000
cam1 intrinsics = 460.471,459.609,380.152,253.556 | -0.274,0.067,0.001,0.000
cam0 extrinsics = -0.006,0.009,0.702,0.712 | 0.054,-0.019,0.001
cam1 extrinsics = -0.001,0.014,0.703,0.711 | -0.058,-0.020,0.006
q_GtoI = -0.296,-0.770,-0.237,0.514 | p_IinG = 0.110,-1.249,0.614 | dist = 11.17 (meters)
bg = 0.0002,0.0174,0.0721 | ba = -0.0473,0.0894,0.0835
camera-imu timeoffset = 0.00004
cam0 intrinsics = 460.941,459.809,367.878,246.910 | -0.273,0.066,0.001,0.000
cam1 intrinsics = 460.492,459.595,380.360,253.598 | -0.274,0.067,0.001,0.000
cam0 extrinsics = -0.006,0.009,0.702,0.712 | 0.053,-0.018,0.001
cam1 extrinsics = -0.001,0.014,0.703,0.711 | -0.060,-0.019,0.005
q_GtoI = -0.277,-0.775,-0.227,0.521 | p_IinG = 0.084,-1.247,0.602 | dist = 11.20 (meters)
bg = 0.0003,0.0173,0.0719 | ba = -0.0480,0.0902,0.0847
camera-imu timeoffset = 0.00006
cam0 intrinsics = 460.958,459.851,367.900,246.936 | -0.273,0.066,0.001,0.000
cam1 intrinsics = 460.487,459.613,380.340,253.630 | -0.274,0.067,0.001,0.000
cam0 extrinsics = -0.006,0.009,0.702,0.712 | 0.053,-0.018,0.001
cam1 extrinsics = -0.001,0.014,0.703,0.711 | -0.060,-0.019,0.005
q_GtoI = -0.259,-0.780,-0.213,0.529 | p_IinG = 0.056,-1.246,0.593 | dist = 11.23 (meters)
bg = 0.0005,0.0174,0.0722 | ba = -0.0508,0.0873,0.0829
camera-imu timeoffset = 0.00005
cam0 intrinsics = 461.118,460.065,367.793,247.048 | -0.273,0.066,0.001,0.000
cam1 intrinsics = 460.600,459.785,380.344,253.694 | -0.274,0.067,0.001,0.000
cam0 extrinsics = -0.006,0.009,0.702,0.712 | 0.054,-0.018,0.002
cam1 extrinsics = -0.001,0.014,0.703,0.711 | -0.059,-0.019,0.006
q_GtoI = -0.243,-0.784,-0.197,0.537 | p_IinG = 0.028,-1.237,0.584 | dist = 11.26 (meters)
bg = 0.0003,0.0174,0.0727 | ba = -0.0514,0.0775,0.0804
camera-imu timeoffset = 0.00003
cam0 intrinsics = 461.222,460.179,367.784,247.119 | -0.274,0.066,0.001,0.000
cam1 intrinsics = 460.655,459.838,380.313,253.772 | -0.275,0.067,0.001,0.000
cam0 extrinsics = -0.006,0.009,0.702,0.712 | 0.056,-0.019,0.003
cam1 extrinsics = -0.001,0.014,0.703,0.711 | -0.057,-0.020,0.006
q_GtoI = -0.228,-0.787,-0.179,0.545 | p_IinG = -0.002,-1.237,0.582 | dist = 11.29 (meters)
bg = 0.0005,0.0178,0.0729 | ba = -0.0530,0.0765,0.0788
camera-imu timeoffset = 0.00002
cam0 intrinsics = 461.314,460.278,367.674,247.128 | -0.274,0.066,0.001,0.000
cam1 intrinsics = 460.717,459.908,380.253,253.761 | -0.275,0.067,0.001,0.000
cam0 extrinsics = -0.006,0.009,0.702,0.712 | 0.057,-0.019,0.003
cam1 extrinsics = -0.001,0.014,0.703,0.711 | -0.056,-0.020,0.007
q_GtoI = -0.213,-0.790,-0.162,0.552 | p_IinG = -0.032,-1.239,0.583 | dist = 11.32 (meters)
bg = 0.0007,0.0180,0.0730 | ba = -0.0532,0.0762,0.0791
camera-imu timeoffset = 0.00004
cam0 intrinsics = 461.382,460.323,367.627,247.111 | -0.274,0.066,0.001,0.000
cam1 intrinsics = 460.777,459.942,380.228,253.744 | -0.275,0.067,0.001,0.000
cam0 extrinsics = -0.006,0.009,0.702,0.712 | 0.057,-0.019,0.003
cam1 extrinsics = -0.001,0.014,0.703,0.711 | -0.056,-0.020,0.007
q_GtoI = -0.197,-0.794,-0.144,0.557 | p_IinG = -0.062,-1.239,0.586 | dist = 11.35 (meters)
bg = 0.0007,0.0181,0.0732 | ba = -0.0561,0.0746,0.0784
camera-imu timeoffset = 0.00004
cam0 intrinsics = 461.397,460.366,367.545,247.060 | -0.274,0.066,0.001,0.000
cam1 intrinsics = 460.784,459.974,380.158,253.682 | -0.275,0.067,0.001,0.000
cam0 extrinsics = -0.006,0.009,0.702,0.712 | 0.058,-0.018,0.004
cam1 extrinsics = -0.001,0.014,0.703,0.711 | -0.055,-0.019,0.007
q_GtoI = -0.180,-0.797,-0.127,0.562 | p_IinG = -0.092,-1.240,0.591 | dist = 11.38 (meters)
bg = 0.0007,0.0183,0.0732 | ba = -0.0575,0.0730,0.0777
camera-imu timeoffset = 0.00005
cam0 intrinsics = 461.469,460.415,367.513,247.052 | -0.274,0.066,0.001,0.000
cam1 intrinsics = 460.854,460.020,380.133,253.671 | -0.275,0.067,0.001,0.000
cam0 extrinsics = -0.006,0.009,0.702,0.712 | 0.059,-0.018,0.004
cam1 extrinsics = -0.001,0.014,0.703,0.711 | -0.055,-0.019,0.007
q_GtoI = -0.162,-0.800,-0.110,0.567 | p_IinG = -0.121,-1.242,0.595 | dist = 11.41 (meters)
bg = 0.0007,0.0185,0.0733 | ba = -0.0596,0.0732,0.0768
camera-imu timeoffset = 0.00006
cam0 intrinsics = 461.502,460.442,367.473,247.050 | -0.274,0.066,0.001,0.000
cam1 intrinsics = 460.891,460.046,380.084,253.662 | -0.275,0.067,0.001,0.000
cam0 extrinsics = -0.006,0.009,0.702,0.712 | 0.060,-0.018,0.004
cam1 extrinsics = -0.001,0.014,0.703,0.711 | -0.054,-0.019,0.008
q_GtoI = -0.143,-0.802,-0.095,0.572 | p_IinG = -0.148,-1.243,0.602 | dist = 11.43 (meters)
bg = 0.0007,0.0190,0.0731 | ba = -0.0605,0.0729,0.0802
camera-imu timeoffset = 0.00008
cam0 intrinsics = 461.494,460.433,367.425,247.044 | -0.274,0.066,0.001,0.000
cam1 intrinsics = 460.899,460.054,380.023,253.652 | -0.275,0.067,0.001,0.000
cam0 extrinsics = -0.006,0.009,0.702,0.712 | 0.061,-0.019,0.004
cam1 extrinsics = -0.001,0.014,0.703,0.711 | -0.052,-0.020,0.007
q_GtoI = -0.122,-0.804,-0.081,0.577 | p_IinG = -0.174,-1.247,0.601 | dist = 11.46 (meters)
bg = 0.0005,0.0191,0.0733 | ba = -0.0604,0.0720,0.0797
camera-imu timeoffset = 0.00008
cam0 intrinsics = 461.543,460.455,367.502,247.044 | -0.274,0.066,0.001,0.000
cam1 intrinsics = 460.942,460.071,380.048,253.653 | -0.275,0.067,0.001,0.000
cam0 extrinsics = -0.006,0.009,0.702,0.712 | 0.061,-0.019,0.004
cam1 extrinsics = -0.001,0.014,0.703,0.711 | -0.052,-0.020,0.007
q_GtoI = -0.101,-0.806,-0.068,0.580 | p_IinG = -0.199,-1.251,0.596 | dist = 11.49 (meters)
bg = 0.0004,0.0192,0.0732 | ba = -0.0595,0.0712,0.0789
camera-imu timeoffset = 0.00007
cam0 intrinsics = 461.550,460.456,367.533,247.046 | -0.274,0.066,0.001,0.000
cam1 intrinsics = 460.964,460.085,380.051,253.653 | -0.276,0.067,0.001,0.000
cam0 extrinsics = -0.006,0.009,0.702,0.712 | 0.061,-0.019,0.004
cam1 extrinsics = -0.001,0.014,0.703,0.711 | -0.052,-0.020,0.007
q_GtoI = -0.076,-0.809,-0.058,0.580 | p_IinG = -0.228,-1.257,0.587 | dist = 11.51 (meters)
bg = 0.0005,0.0190,0.0733 | ba = -0.0594,0.0717,0.0756
camera-imu timeoffset = 0.00006
cam0 intrinsics = 461.575,460.487,367.484,247.030 | -0.274,0.066,0.001,0.000
cam1 intrinsics = 461.012,460.131,380.012,253.642 | -0.276,0.068,0.001,0.000
cam0 extrinsics = -0.006,0.009,0.702,0.712 | 0.061,-0.018,0.004
cam1 extrinsics = -0.001,0.014,0.703,0.711 | -0.053,-0.019,0.008
q_GtoI = -0.051,-0.811,-0.049,0.581 | p_IinG = -0.252,-1.262,0.580 | dist = 11.54 (meters)
bg = 0.0004,0.0192,0.0734 | ba = -0.0583,0.0741,0.0738
camera-imu timeoffset = 0.00008
cam0 intrinsics = 461.620,460.526,367.565,246.977 | -0.274,0.066,0.001,0.000
cam1 intrinsics = 461.081,460.187,380.048,253.586 | -0.276,0.068,0.001,0.000
cam0 extrinsics = -0.006,0.009,0.702,0.712 | 0.061,-0.018,0.004
cam1 extrinsics = -0.001,0.014,0.703,0.711 | -0.053,-0.019,0.008
q_GtoI = -0.025,-0.812,-0.039,0.581 | p_IinG = -0.274,-1.267,0.577 | dist = 11.56 (meters)
bg = 0.0004,0.0193,0.0734 | ba = -0.0562,0.0750,0.0750
camera-imu timeoffset = 0.00007
cam0 intrinsics = 461.619,460.524,367.548,246.955 | -0.275,0.066,0.001,0.000
cam1 intrinsics = 461.088,460.193,380.024,253.566 | -0.276,0.068,0.001,0.000
cam0 extrinsics = -0.006,0.009,0.702,0.712 | 0.061,-0.018,0.004
cam1 extrinsics = -0.001,0.014,0.703,0.711 | -0.052,-0.019,0.008
q_GtoI = -0.001,-0.814,-0.026,0.581 | p_IinG = -0.316,-1.267,0.560 | dist = 11.59 (meters)
bg = 0.0015,0.0189,0.0735 | ba = -0.0494,0.0683,0.0609
camera-imu timeoffset = 0.00006
cam0 intrinsics = 461.752,460.620,367.477,247.042 | -0.275,0.067,0.001,0.000
cam1 intrinsics = 461.153,460.221,380.052,253.597 | -0.276,0.068,0.001,0.000
cam0 extrinsics = -0.006,0.009,0.702,0.712 | 0.063,-0.019,0.004
cam1 extrinsics = -0.001,0.014,0.703,0.711 | -0.050,-0.019,0.007
q_GtoI = 0.022,-0.814,-0.011,0.580 | p_IinG = -0.339,-1.275,0.560 | dist = 11.62 (meters)
bg = 0.0016,0.0189,0.0735 | ba = -0.0462,0.0684,0.0603
camera-imu timeoffset = 0.00005
cam0 intrinsics = 461.761,460.623,367.467,247.048 | -0.275,0.067,0.001,0.000
cam1 intrinsics = 461.149,460.210,380.050,253.601 | -0.276,0.068,0.001,0.000
cam0 extrinsics = -0.006,0.009,0.702,0.712 | 0.064,-0.018,0.004
cam1 extrinsics = -0.001,0.014,0.703,0.711 | -0.050,-0.019,0.007
q_GtoI = 0.046,-0.813,0.004,0.580 | p_IinG = -0.362,-1.285,0.565 | dist = 11.64 (meters)
bg = 0.0016,0.0188,0.0735 | ba = -0.0441,0.0698,0.0603
camera-imu timeoffset = 0.00005
cam0 intrinsics = 461.776,460.629,367.457,247.046 | -0.275,0.067,0.001,0.000
cam1 intrinsics = 461.155,460.205,380.035,253.593 | -0.276,0.068,0.001,0.000
cam0 extrinsics = -0.006,0.009,0.702,0.712 | 0.064,-0.018,0.003
cam1 extrinsics = -0.001,0.014,0.703,0.711 | -0.050,-0.019,0.007
q_GtoI = 0.070,-0.811,0.019,0.581 | p_IinG = -0.383,-1.295,0.572 | dist = 11.67 (meters)
bg = 0.0015,0.0187,0.0734 | ba = -0.0410,0.0726,0.0603
camera-imu timeoffset = 0.00005
cam0 intrinsics = 461.820,460.687,367.447,247.053 | -0.275,0.067,0.001,0.000
cam1 intrinsics = 461.202,460.258,380.002,253.588 | -0.276,0.068,0.001,0.000
cam0 extrinsics = -0.006,0.009,0.702,0.712 | 0.064,-0.019,0.003
cam1 extrinsics = -0.001,0.014,0.703,0.711 | -0.049,-0.019,0.006
q_GtoI = 0.093,-0.808,0.031,0.581 | p_IinG = -0.400,-1.306,0.580 | dist = 11.69 (meters)
bg = 0.0015,0.0184,0.0732 | ba = -0.0362,0.0757,0.0633
camera-imu timeoffset = 0.00005
cam0 intrinsics = 461.852,460.682,367.390,247.052 | -0.275,0.067,0.001,0.000
cam1 intrinsics = 461.252,460.273,379.983,253.570 | -0.276,0.068,0.001,0.000
cam0 extrinsics = -0.006,0.009,0.702,0.712 | 0.064,-0.018,0.003
cam1 extrinsics = -0.001,0.014,0.703,0.711 | -0.049,-0.019,0.006
q_GtoI = 0.116,-0.805,0.044,0.580 | p_IinG = -0.418,-1.320,0.592 | dist = 11.72 (meters)
bg = 0.0015,0.0183,0.0731 | ba = -0.0361,0.0756,0.0640
camera-imu timeoffset = 0.00005
cam0 intrinsics = 461.872,460.704,367.423,247.056 | -0.275,0.067,0.001,0.000
cam1 intrinsics = 461.261,460.284,379.988,253.563 | -0.276,0.068,0.001,0.000
cam0 extrinsics = -0.006,0.009,0.702,0.712 | 0.064,-0.018,0.003
cam1 extrinsics = -0.001,0.014,0.703,0.711 | -0.049,-0.019,0.006
q_GtoI = 0.137,-0.802,0.056,0.578 | p_IinG = -0.435,-1.335,0.604 | dist = 11.75 (meters)
bg = 0.0014,0.0184,0.0731 | ba = -0.0363,0.0751,0.0653
camera-imu timeoffset = 0.00006
cam0 intrinsics = 461.894,460.723,367.469,247.044 | -0.275,0.067,0.001,0.000
cam1 intrinsics = 461.273,460.292,380.020,253.543 | -0.276,0.068,0.001,0.000
cam0 extrinsics = -0.007,0.009,0.702,0.712 | 0.064,-0.018,0.003
cam1 extrinsics = -0.001,0.014,0.703,0.711 | -0.049,-0.018,0.006
q_GtoI = 0.156,-0.799,0.068,0.576 | p_IinG = -0.450,-1.353,0.617 | dist = 11.77 (meters)
bg = 0.0015,0.0182,0.0731 | ba = -0.0378,0.0762,0.0671
camera-imu timeoffset = 0.00005
cam0 intrinsics = 461.904,460.733,367.530,247.045 | -0.275,0.067,0.001,0.000
cam1 intrinsics = 461.270,460.290,380.062,253.544 | -0.276,0.068,0.001,0.000
cam0 extrinsics = -0.007,0.009,0.702,0.712 | 0.064,-0.018,0.003
cam1 extrinsics = -0.001,0.014,0.703,0.711 | -0.049,-0.018,0.006
q_GtoI = 0.173,-0.796,0.081,0.575 | p_IinG = -0.462,-1.372,0.631 | dist = 11.80 (meters)
bg = 0.0015,0.0181,0.0732 | ba = -0.0382,0.0778,0.0694
camera-imu timeoffset = 0.00005
cam0 intrinsics = 461.921,460.748,367.558,247.037 | -0.275,0.067,0.001,0.000
cam1 intrinsics = 461.290,460.308,380.088,253.542 | -0.276,0.068,0.001,0.000
cam0 extrinsics = -0.007,0.009,0.702,0.712 | 0.064,-0.018,0.003
cam1 extrinsics = -0.001,0.014,0.703,0.711 | -0.050,-0.018,0.006
q_GtoI = 0.189,-0.791,0.095,0.574 | p_IinG = -0.473,-1.392,0.645 | dist = 11.83 (meters)
bg = 0.0015,0.0180,0.0731 | ba = -0.0398,0.0781,0.0718
camera-imu timeoffset = 0.00006
cam0 intrinsics = 461.928,460.755,367.574,247.044 | -0.275,0.067,0.001,0.000
cam1 intrinsics = 461.299,460.316,380.106,253.546 | -0.276,0.068,0.001,0.000
cam0 extrinsics = -0.007,0.009,0.702,0.712 | 0.063,-0.018,0.003
cam1 extrinsics = -0.001,0.014,0.703,0.711 | -0.050,-0.018,0.006
q_GtoI = 0.203,-0.785,0.110,0.574 | p_IinG = -0.482,-1.415,0.660 | dist = 11.85 (meters)
bg = 0.0016,0.0181,0.0733 | ba = -0.0408,0.0783,0.0737
camera-imu timeoffset = 0.00006
cam0 intrinsics = 461.900,460.796,367.545,247.062 | -0.275,0.067,0.001,0.000
cam1 intrinsics = 461.280,460.361,380.062,253.545 | -0.276,0.068,0.001,0.000
cam0 extrinsics = -0.006,0.009,0.702,0.712 | 0.063,-0.018,0.003
cam1 extrinsics = -0.001,0.014,0.703,0.711 | -0.050,-0.018,0.006
q_GtoI = 0.216,-0.780,0.125,0.574 | p_IinG = -0.491,-1.438,0.672 | dist = 11.88 (meters)
bg = 0.0017,0.0181,0.0734 | ba = -0.0419,0.0784,0.0755
camera-imu timeoffset = 0.00006
cam0 intrinsics = 461.906,460.802,367.539,247.065 | -0.275,0.067,0.001,0.000
cam1 intrinsics = 461.288,460.367,380.055,253.546 | -0.276,0.068,0.001,0.000
cam0 extrinsics = -0.006,0.009,0.702,0.712 | 0.063,-0.018,0.003
cam1 extrinsics = -0.001,0.014,0.703,0.711 | -0.050,-0.018,0.006
q_GtoI = 0.230,-0.773,0.139,0.574 | p_IinG = -0.499,-1.461,0.684 | dist = 11.91 (meters)
bg = 0.0017,0.0182,0.0735 | ba = -0.0427,0.0782,0.0768
camera-imu timeoffset = 0.00006
cam0 intrinsics = 461.922,460.821,367.522,247.056 | -0.275,0.067,0.001,0.000
cam1 intrinsics = 461.304,460.386,380.040,253.537 | -0.277,0.068,0.001,0.000
cam0 extrinsics = -0.006,0.009,0.702,0.712 | 0.063,-0.018,0.003
cam1 extrinsics = -0.001,0.014,0.703,0.711 | -0.050,-0.018,0.006
q_GtoI = 0.243,-0.768,0.154,0.573 | p_IinG = -0.504,-1.485,0.696 | dist = 11.94 (meters)
bg = 0.0018,0.0183,0.0736 | ba = -0.0435,0.0788,0.0785
camera-imu timeoffset = 0.00005
cam0 intrinsics = 461.936,460.846,367.503,247.050 | -0.275,0.067,0.001,0.000
cam1 intrinsics = 461.324,460.415,380.014,253.529 | -0.277,0.068,0.001,0.000
cam0 extrinsics = -0.006,0.009,0.702,0.712 | 0.063,-0.017,0.003
cam1 extrinsics = -0.001,0.014,0.703,0.711 | -0.050,-0.018,0.006
q_GtoI = 0.255,-0.762,0.171,0.570 | p_IinG = -0.507,-1.508,0.707 | dist = 11.96 (meters)
bg = 0.0018,0.0184,0.0737 | ba = -0.0435,0.0789,0.0807
camera-imu timeoffset = 0.00005
cam0 intrinsics = 461.954,460.859,367.495,247.044 | -0.275,0.067,0.001,0.000
cam1 intrinsics = 461.345,460.430,380.001,253.524 | -0.277,0.068,0.001,0.000
cam0 extrinsics = -0.006,0.009,0.702,0.712 | 0.063,-0.017,0.003
cam1 extrinsics = -0.001,0.014,0.703,0.711 | -0.050,-0.018,0.006
q_GtoI = 0.268,-0.756,0.187,0.567 | p_IinG = -0.510,-1.532,0.717 | dist = 11.99 (meters)
bg = 0.0018,0.0184,0.0738 | ba = -0.0445,0.0796,0.0818
camera-imu timeoffset = 0.00005
cam0 intrinsics = 461.971,460.890,367.482,247.051 | -0.275,0.067,0.001,0.000
cam1 intrinsics = 461.385,460.484,379.979,253.524 | -0.277,0.068,0.001,0.000
cam0 extrinsics = -0.006,0.009,0.702,0.712 | 0.063,-0.017,0.003
cam1 extrinsics = -0.001,0.014,0.703,0.711 | -0.050,-0.018,0.006
q_GtoI = 0.281,-0.750,0.203,0.563 | p_IinG = -0.507,-1.555,0.727 | dist = 12.01 (meters)
bg = 0.0018,0.0183,0.0738 | ba = -0.0440,0.0833,0.0857
camera-imu timeoffset = 0.00005
cam0 intrinsics = 462.036,460.943,367.551,247.097 | -0.275,0.067,0.001,0.000
cam1 intrinsics = 461.450,460.538,380.015,253.570 | -0.277,0.068,0.001,0.000
cam0 extrinsics = -0.006,0.009,0.702,0.712 | 0.062,-0.017,0.003
cam1 extrinsics = -0.001,0.014,0.703,0.711 | -0.051,-0.018,0.007
q_GtoI = 0.297,-0.743,0.218,0.558 | p_IinG = -0.502,-1.576,0.737 | dist = 12.04 (meters)
bg = 0.0016,0.0184,0.0738 | ba = -0.0446,0.0851,0.0883
camera-imu timeoffset = 0.00005
cam0 intrinsics = 462.055,460.957,367.536,247.085 | -0.276,0.067,0.001,0.000
cam1 intrinsics = 461.467,460.556,379.982,253.553 | -0.277,0.068,0.001,0.000
cam0 extrinsics = -0.006,0.009,0.702,0.712 | 0.062,-0.017,0.003
cam1 extrinsics = -0.001,0.014,0.703,0.711 | -0.050,-0.018,0.007
q_GtoI = 0.311,-0.736,0.233,0.555 | p_IinG = -0.500,-1.602,0.744 | dist = 12.06 (meters)
bg = 0.0022,0.0183,0.0739 | ba = -0.0428,0.0896,0.0884
camera-imu timeoffset = 0.00005
cam0 intrinsics = 462.095,460.963,367.423,247.085 | -0.276,0.067,0.001,0.000
cam1 intrinsics = 461.509,460.568,379.890,253.546 | -0.277,0.068,0.001,0.000
cam0 extrinsics = -0.006,0.009,0.702,0.712 | 0.063,-0.018,0.004
cam1 extrinsics = -0.001,0.014,0.703,0.711 | -0.050,-0.019,0.007
q_GtoI = 0.328,-0.728,0.246,0.549 | p_IinG = -0.496,-1.624,0.753 | dist = 12.08 (meters)
bg = 0.0024,0.0183,0.0739 | ba = -0.0438,0.0908,0.0889
camera-imu timeoffset = 0.00005
cam0 intrinsics = 462.123,460.977,367.351,247.058 | -0.276,0.067,0.001,0.000
cam1 intrinsics = 461.537,460.585,379.821,253.522 | -0.277,0.068,0.001,0.000
cam0 extrinsics = -0.006,0.009,0.702,0.712 | 0.063,-0.018,0.004
cam1 extrinsics = -0.001,0.014,0.703,0.711 | -0.050,-0.019,0.008
q_GtoI = 0.345,-0.720,0.261,0.543 | p_IinG = -0.484,-1.643,0.761 | dist = 12.10 (meters)
bg = 0.0024,0.0183,0.0739 | ba = -0.0440,0.0932,0.0917
camera-imu timeoffset = 0.00005
cam0 intrinsics = 462.033,460.914,367.314,247.103 | -0.275,0.067,0.001,0.000
cam1 intrinsics = 461.448,460.528,379.787,253.583 | -0.277,0.068,0.001,0.000
cam0 extrinsics = -0.006,0.009,0.702,0.712 | 0.063,-0.019,0.004
cam1 extrinsics = -0.001,0.014,0.703,0.711 | -0.050,-0.019,0.007
q_GtoI = 0.363,-0.712,0.274,0.536 | p_IinG = -0.475,-1.664,0.767 | dist = 12.13 (meters)
bg = 0.0026,0.0181,0.0738 | ba = -0.0450,0.0954,0.0914
camera-imu timeoffset = 0.00004
cam0 intrinsics = 462.024,460.919,367.325,247.121 | -0.275,0.067,0.001,0.000
cam1 intrinsics = 461.445,460.536,379.805,253.607 | -0.277,0.068,0.001,0.000
cam0 extrinsics = -0.006,0.009,0.702,0.712 | 0.063,-0.019,0.004
cam1 extrinsics = -0.001,0.014,0.703,0.711 | -0.050,-0.019,0.007
q_GtoI = 0.380,-0.703,0.288,0.528 | p_IinG = -0.463,-1.681,0.773 | dist = 12.15 (meters)
bg = 0.0026,0.0179,0.0737 | ba = -0.0448,0.0968,0.0915
camera-imu timeoffset = 0.00004
cam0 intrinsics = 462.037,460.940,367.294,247.107 | -0.275,0.067,0.001,0.000
cam1 intrinsics = 461.460,460.560,379.774,253.596 | -0.277,0.068,0.001,0.000
cam0 extrinsics = -0.006,0.009,0.702,0.712 | 0.063,-0.018,0.004
cam1 extrinsics = -0.000,0.014,0.703,0.711 | -0.050,-0.019,0.007
q_GtoI = 0.398,-0.694,0.300,0.519 | p_IinG = -0.451,-1.696,0.777 | dist = 12.17 (meters)
bg = 0.0028,0.0177,0.0736 | ba = -0.0443,0.0980,0.0919
camera-imu timeoffset = 0.00004
cam0 intrinsics = 462.031,460.952,367.289,247.098 | -0.275,0.067,0.001,0.000
cam1 intrinsics = 461.461,460.577,379.770,253.596 | -0.277,0.068,0.001,0.000
cam0 extrinsics = -0.006,0.009,0.702,0.712 | 0.063,-0.018,0.004
cam1 extrinsics = -0.000,0.014,0.703,0.711 | -0.050,-0.019,0.007
q_GtoI = 0.415,-0.684,0.313,0.511 | p_IinG = -0.438,-1.714,0.786 | dist = 12.18 (meters)
bg = 0.0032,0.0178,0.0734 | ba = -0.0460,0.1002,0.0925
camera-imu timeoffset = 0.00004
cam0 intrinsics = 462.067,460.984,367.297,247.104 | -0.275,0.067,0.001,0.000
cam1 intrinsics = 461.498,460.614,379.778,253.612 | -0.277,0.068,0.001,0.000
cam0 extrinsics = -0.006,0.009,0.702,0.712 | 0.063,-0.019,0.004
cam1 extrinsics = -0.000,0.014,0.703,0.711 | -0.050,-0.019,0.008
q_GtoI = 0.432,-0.674,0.326,0.503 | p_IinG = -0.424,-1.726,0.791 | dist = 12.20 (meters)
bg = 0.0035,0.0177,0.0734 | ba = -0.0456,0.1020,0.0944
camera-imu timeoffset = 0.00004
cam0 intrinsics = 462.083,461.006,367.294,247.095 | -0.275,0.067,0.001,0.000
cam1 intrinsics = 461.516,460.638,379.765,253.611 | -0.277,0.068,0.001,0.000
cam0 extrinsics = -0.006,0.009,0.702,0.712 | 0.063,-0.019,0.004
cam1 extrinsics = -0.000,0.014,0.703,0.711 | -0.050,-0.019,0.008
q_GtoI = 0.451,-0.662,0.338,0.495 | p_IinG = -0.406,-1.742,0.801 | dist = 12.22 (meters)
bg = 0.0039,0.0179,0.0737 | ba = -0.0458,0.1045,0.0919
camera-imu timeoffset = 0.00004
cam0 intrinsics = 462.093,460.994,367.092,246.900 | -0.275,0.067,0.001,0.000
cam1 intrinsics = 461.519,460.620,379.505,253.461 | -0.277,0.068,0.001,0.000
cam0 extrinsics = -0.006,0.009,0.702,0.712 | 0.064,-0.018,0.004
cam1 extrinsics = -0.000,0.014,0.703,0.711 | -0.049,-0.019,0.008
q_GtoI = 0.468,-0.649,0.350,0.486 | p_IinG = -0.391,-1.752,0.807 | dist = 12.24 (meters)
bg = 0.0040,0.0180,0.0736 | ba = -0.0441,0.1036,0.0925
camera-imu timeoffset = 0.00003
cam0 intrinsics = 462.099,460.994,367.097,246.899 | -0.275,0.067,0.001,0.000
cam1 intrinsics = 461.524,460.620,379.492,253.473 | -0.277,0.068,0.001,0.000
cam0 extrinsics = -0.006,0.009,0.702,0.712 | 0.064,-0.018,0.004
cam1 extrinsics = -0.000,0.014,0.703,0.711 | -0.049,-0.019,0.008
q_GtoI = 0.487,-0.635,0.361,0.479 | p_IinG = -0.375,-1.760,0.813 | dist = 12.26 (meters)
bg = 0.0042,0.0180,0.0736 | ba = -0.0429,0.1028,0.0931
camera-imu timeoffset = 0.00003
cam0 intrinsics = 462.099,461.000,367.068,246.884 | -0.276,0.067,0.001,0.000
cam1 intrinsics = 461.522,460.623,379.447,253.464 | -0.277,0.068,0.001,0.000
cam0 extrinsics = -0.006,0.009,0.702,0.712 | 0.064,-0.018,0.004
cam1 extrinsics = -0.000,0.014,0.703,0.711 | -0.048,-0.019,0.008
q_GtoI = 0.504,-0.621,0.373,0.471 | p_IinG = -0.358,-1.765,0.818 | dist = 12.28 (meters)
bg = 0.0044,0.0182,0.0736 | ba = -0.0411,0.1012,0.0946
camera-imu timeoffset = 0.00003
cam0 intrinsics = 462.110,461.005,367.063,246.901 | -0.275,0.067,0.001,0.000
cam1 intrinsics = 461.534,460.629,379.424,253.478 | -0.277,0.068,0.001,0.000
cam0 extrinsics = -0.006,0.009,0.702,0.712 | 0.064,-0.018,0.004
cam1 extrinsics = -0.000,0.014,0.703,0.711 | -0.048,-0.019,0.008
q_GtoI = 0.519,-0.606,0.384,0.464 | p_IinG = -0.342,-1.772,0.823 | dist = 12.30 (meters)
bg = 0.0049,0.0184,0.0736 | ba = -0.0387,0.0999,0.0950
camera-imu timeoffset = 0.00003
cam0 intrinsics = 462.193,461.054,366.872,246.991 | -0.275,0.067,0.001,0.000
cam1 intrinsics = 461.622,460.685,379.279,253.562 | -0.277,0.068,0.001,0.000
cam0 extrinsics = -0.006,0.009,0.702,0.712 | 0.065,-0.019,0.005
cam1 extrinsics = -0.000,0.013,0.703,0.711 | -0.048,-0.019,0.008
q_GtoI = 0.533,-0.592,0.397,0.455 | p_IinG = -0.325,-1.774,0.827 | dist = 12.32 (meters)
bg = 0.0049,0.0187,0.0736 | ba = -0.0360,0.0971,0.0969
camera-imu timeoffset = 0.00004
cam0 intrinsics = 462.219,461.056,366.808,246.997 | -0.276,0.067,0.001,0.000
cam1 intrinsics = 461.644,460.684,379.213,253.575 | -0.277,0.068,0.001,0.000
cam0 extrinsics = -0.006,0.009,0.702,0.712 | 0.065,-0.018,0.004
cam1 extrinsics = -0.000,0.013,0.703,0.711 | -0.048,-0.019,0.008
q_GtoI = 0.547,-0.579,0.409,0.446 | p_IinG = -0.309,-1.774,0.830 | dist = 12.34 (meters)
bg = 0.0049,0.0187,0.0736 | ba = -0.0339,0.0953,0.0990
camera-imu timeoffset = 0.00005
cam0 intrinsics = 462.257,461.072,366.747,247.012 | -0.276,0.067,0.001,0.000
cam1 intrinsics = 461.681,460.701,379.151,253.592 | -0.277,0.068,0.001,0.000
cam0 extrinsics = -0.006,0.009,0.702,0.712 | 0.065,-0.018,0.004
cam1 extrinsics = -0.000,0.013,0.703,0.711 | -0.048,-0.019,0.008
q_GtoI = 0.561,-0.566,0.419,0.435 | p_IinG = -0.292,-1.773,0.832 | dist = 12.36 (meters)
bg = 0.0048,0.0187,0.0735 | ba = -0.0319,0.0934,0.1000
camera-imu timeoffset = 0.00005
cam0 intrinsics = 462.293,461.096,366.698,247.003 | -0.276,0.067,0.001,0.000
cam1 intrinsics = 461.717,460.724,379.100,253.587 | -0.277,0.068,0.001,0.000
cam0 extrinsics = -0.006,0.009,0.702,0.712 | 0.065,-0.018,0.004
cam1 extrinsics = -0.000,0.013,0.703,0.711 | -0.048,-0.019,0.008
q_GtoI = 0.575,-0.555,0.427,0.423 | p_IinG = -0.273,-1.769,0.832 | dist = 12.37 (meters)
bg = 0.0047,0.0187,0.0734 | ba = -0.0299,0.0944,0.1014
camera-imu timeoffset = 0.00005
cam0 intrinsics = 462.378,461.133,366.585,247.010 | -0.276,0.067,0.001,0.000
cam1 intrinsics = 461.787,460.750,379.018,253.584 | -0.277,0.069,0.001,0.000
cam0 extrinsics = -0.006,0.009,0.702,0.712 | 0.065,-0.018,0.004
cam1 extrinsics = -0.000,0.013,0.703,0.711 | -0.048,-0.019,0.007
q_GtoI = 0.591,-0.542,0.433,0.411 | p_IinG = -0.255,-1.764,0.833 | dist = 12.39 (meters)
bg = 0.0046,0.0186,0.0733 | ba = -0.0287,0.0940,0.1007
camera-imu timeoffset = 0.00004
cam0 intrinsics = 462.407,461.145,366.539,246.994 | -0.276,0.067,0.001,0.000
cam1 intrinsics = 461.812,460.757,378.984,253.571 | -0.277,0.069,0.001,0.000
cam0 extrinsics = -0.006,0.009,0.702,0.712 | 0.065,-0.018,0.004
cam1 extrinsics = -0.000,0.013,0.703,0.711 | -0.048,-0.019,0.007
q_GtoI = 0.607,-0.529,0.438,0.401 | p_IinG = -0.237,-1.759,0.833 | dist = 12.41 (meters)
bg = 0.0045,0.0186,0.0731 | ba = -0.0278,0.0939,0.1000
camera-imu timeoffset = 0.00004
cam0 intrinsics = 462.441,461.154,366.510,246.965 | -0.276,0.067,0.001,0.000
cam1 intrinsics = 461.842,460.761,378.968,253.551 | -0.277,0.069,0.001,0.000
cam0 extrinsics = -0.006,0.009,0.702,0.712 | 0.065,-0.018,0.004
cam1 extrinsics = -0.000,0.013,0.703,0.711 | -0.047,-0.018,0.007
q_GtoI = 0.621,-0.516,0.442,0.390 | p_IinG = -0.218,-1.753,0.833 | dist = 12.43 (meters)
bg = 0.0047,0.0185,0.0729 | ba = -0.0270,0.0937,0.1019
camera-imu timeoffset = 0.00004
cam0 intrinsics = 462.525,461.192,366.644,247.160 | -0.276,0.067,0.001,0.000
cam1 intrinsics = 461.943,460.811,379.067,253.719 | -0.277,0.069,0.001,0.000
cam0 extrinsics = -0.006,0.009,0.702,0.712 | 0.065,-0.018,0.004
cam1 extrinsics = -0.000,0.013,0.703,0.711 | -0.048,-0.019,0.007
q_GtoI = 0.635,-0.503,0.446,0.381 | p_IinG = -0.197,-1.747,0.833 | dist = 12.45 (meters)
bg = 0.0048,0.0185,0.0729 | ba = -0.0254,0.0943,0.1009
camera-imu timeoffset = 0.00004
cam0 intrinsics = 462.530,461.177,366.552,247.169 | -0.276,0.067,0.001,0.000
cam1 intrinsics = 461.969,460.811,378.981,253.694 | -0.277,0.069,0.001,0.000
cam0 extrinsics = -0.006,0.009,0.702,0.712 | 0.065,-0.018,0.004
cam1 extrinsics = -0.000,0.013,0.703,0.711 | -0.047,-0.019,0.007
q_GtoI = 0.648,-0.490,0.451,0.370 | p_IinG = -0.177,-1.738,0.832 | dist = 12.48 (meters)
bg = 0.0048,0.0185,0.0729 | ba = -0.0262,0.0940,0.1013
camera-imu timeoffset = 0.00004
cam0 intrinsics = 462.535,461.168,366.546,247.167 | -0.276,0.067,0.001,0.000
cam1 intrinsics = 461.971,460.799,378.991,253.689 | -0.277,0.069,0.001,0.000
cam0 extrinsics = -0.006,0.009,0.702,0.712 | 0.065,-0.018,0.004
cam1 extrinsics = -0.000,0.013,0.703,0.711 | -0.047,-0.019,0.007
q_GtoI = 0.659,-0.478,0.456,0.360 | p_IinG = -0.156,-1.729,0.831 | dist = 12.50 (meters)
bg = 0.0047,0.0185,0.0728 | ba = -0.0267,0.0937,0.1016
camera-imu timeoffset = 0.00004
cam0 intrinsics = 462.538,461.159,366.548,247.165 | -0.276,0.067,0.001,0.000
cam1 intrinsics = 461.973,460.788,379.001,253.684 | -0.277,0.069,0.001,0.000
cam0 extrinsics = -0.006,0.009,0.702,0.712 | 0.065,-0.019,0.004
cam1 extrinsics = -0.000,0.013,0.703,0.711 | -0.047,-0.019,0.007
q_GtoI = 0.669,-0.466,0.463,0.349 | p_IinG = -0.135,-1.719,0.830 | dist = 12.52 (meters)
bg = 0.0047,0.0185,0.0728 | ba = -0.0275,0.0932,0.1026
camera-imu timeoffset = 0.00005
cam0 intrinsics = 462.545,461.155,366.540,247.168 | -0.276,0.067,0.001,0.000
cam1 intrinsics = 461.974,460.779,379.006,253.686 | -0.277,0.069,0.001,0.000
cam0 extrinsics = -0.006,0.009,0.702,0.712 | 0.065,-0.019,0.004
cam1 extrinsics = -0.000,0.013,0.703,0.711 | -0.047,-0.019,0.007
q_GtoI = 0.678,-0.453,0.468,0.341 | p_IinG = -0.110,-1.711,0.825 | dist = 12.55 (meters)
bg = 0.0050,0.0185,0.0732 | ba = -0.0251,0.0930,0.0980
camera-imu timeoffset = 0.00005
cam0 intrinsics = 462.552,461.194,366.621,247.175 | -0.276,0.067,0.001,0.000
cam1 intrinsics = 461.977,460.801,379.014,253.695 | -0.277,0.069,0.001,0.001
cam0 extrinsics = -0.006,0.009,0.702,0.712 | 0.066,-0.018,0.004
cam1 extrinsics = -0.000,0.013,0.703,0.711 | -0.047,-0.019,0.007
q_GtoI = 0.687,-0.440,0.473,0.333 | p_IinG = -0.087,-1.699,0.822 | dist = 12.57 (meters)
bg = 0.0051,0.0185,0.0732 | ba = -0.0242,0.0932,0.1005
camera-imu timeoffset = 0.00005
cam0 intrinsics = 462.574,461.204,366.589,247.195 | -0.276,0.067,0.001,0.000
cam1 intrinsics = 461.991,460.803,378.999,253.713 | -0.277,0.069,0.001,0.001
cam0 extrinsics = -0.006,0.009,0.702,0.712 | 0.066,-0.018,0.004
cam1 extrinsics = -0.000,0.013,0.703,0.711 | -0.047,-0.019,0.007
q_GtoI = 0.696,-0.427,0.478,0.325 | p_IinG = -0.062,-1.687,0.819 | dist = 12.60 (meters)
bg = 0.0051,0.0184,0.0732 | ba = -0.0256,0.0949,0.1022
camera-imu timeoffset = 0.00006
cam0 intrinsics = 462.599,461.212,366.538,247.188 | -0.276,0.067,0.001,0.000
cam1 intrinsics = 462.010,460.806,378.977,253.714 | -0.277,0.069,0.001,0.001
cam0 extrinsics = -0.006,0.009,0.702,0.712 | 0.066,-0.019,0.004
cam1 extrinsics = -0.000,0.013,0.703,0.711 | -0.047,-0.019,0.007
q_GtoI = 0.704,-0.411,0.482,0.320 | p_IinG = -0.036,-1.674,0.815 | dist = 12.63 (meters)
bg = 0.0053,0.0184,0.0733 | ba = -0.0259,0.0967,0.1037
camera-imu timeoffset = 0.00006
cam0 intrinsics = 462.627,461.233,366.507,247.193 | -0.276,0.067,0.001,0.000
cam1 intrinsics = 462.029,460.817,378.963,253.722 | -0.277,0.069,0.001,0.001
cam0 extrinsics = -0.006,0.009,0.702,0.712 | 0.066,-0.018,0.004
cam1 extrinsics = -0.000,0.013,0.703,0.711 | -0.047,-0.019,0.007
q_GtoI = 0.713,-0.395,0.486,0.315 | p_IinG = -0.010,-1.661,0.811 | dist = 12.66 (meters)
bg = 0.0051,0.0185,0.0734 | ba = -0.0281,0.0967,0.1047
camera-imu timeoffset = 0.00007
cam0 intrinsics = 462.638,461.233,366.460,247.193 | -0.276,0.067,0.001,0.001
cam1 intrinsics = 462.033,460.810,378.972,253.729 | -0.277,0.069,0.001,0.001
cam0 extrinsics = -0.006,0.009,0.702,0.712 | 0.066,-0.019,0.004
cam1 extrinsics = -0.000,0.013,0.703,0.711 | -0.047,-0.019,0.007
q_GtoI = 0.723,-0.379,0.489,0.308 | p_IinG = 0.019,-1.647,0.804 | dist = 12.69 (meters)
bg = 0.0052,0.0184,0.0734 | ba = -0.0286,0.0976,0.1053
camera-imu timeoffset = 0.00007
cam0 intrinsics = 462.654,461.247,366.433,247.186 | -0.276,0.067,0.001,0.001
cam1 intrinsics = 462.042,460.817,378.965,253.722 | -0.278,0.069,0.001,0.001
cam0 extrinsics = -0.006,0.009,0.702,0.712 | 0.066,-0.019,0.004
cam1 extrinsics = -0.000,0.013,0.703,0.711 | -0.048,-0.019,0.007
q_GtoI = 0.731,-0.362,0.494,0.300 | p_IinG = 0.050,-1.631,0.797 | dist = 12.73 (meters)
bg = 0.0054,0.0184,0.0735 | ba = -0.0293,0.0982,0.1058
camera-imu timeoffset = 0.00007
cam0 intrinsics = 462.660,461.256,366.400,247.184 | -0.276,0.067,0.001,0.001
cam1 intrinsics = 462.042,460.820,378.945,253.717 | -0.278,0.069,0.001,0.001
cam0 extrinsics = -0.006,0.009,0.702,0.712 | 0.066,-0.019,0.004
cam1 extrinsics = -0.000,0.013,0.703,0.711 | -0.048,-0.019,0.007
q_GtoI = 0.738,-0.346,0.502,0.289 | p_IinG = 0.084,-1.615,0.788 | dist = 12.76 (meters)
bg = 0.0057,0.0185,0.0735 | ba = -0.0289,0.0981,0.1040
camera-imu timeoffset = 0.00007
cam0 intrinsics = 462.668,461.258,366.353,247.150 | -0.276,0.067,0.001,0.001
cam1 intrinsics = 462.050,460.827,378.915,253.674 | -0.278,0.069,0.001,0.001
cam0 extrinsics = -0.006,0.009,0.702,0.712 | 0.066,-0.019,0.004
cam1 extrinsics = -0.000,0.013,0.703,0.711 | -0.048,-0.019,0.007
q_GtoI = 0.746,-0.330,0.508,0.277 | p_IinG = 0.120,-1.595,0.781 | dist = 12.80 (meters)
bg = 0.0061,0.0187,0.0737 | ba = -0.0304,0.0999,0.1054
camera-imu timeoffset = 0.00007
cam0 intrinsics = 462.694,461.266,366.378,247.139 | -0.276,0.067,0.001,0.001
cam1 intrinsics = 462.073,460.824,378.927,253.675 | -0.278,0.069,0.001,0.001
cam0 extrinsics = -0.006,0.009,0.702,0.712 | 0.065,-0.019,0.004
cam1 extrinsics = -0.000,0.013,0.703,0.711 | -0.048,-0.019,0.007
q_GtoI = 0.753,-0.314,0.516,0.262 | p_IinG = 0.157,-1.574,0.772 | dist = 12.84 (meters)
bg = 0.0062,0.0187,0.0737 | ba = -0.0302,0.1011,0.1056
camera-imu timeoffset = 0.00007
cam0 intrinsics = 462.705,461.271,366.390,247.112 | -0.276,0.067,0.001,0.001
cam1 intrinsics = 462.076,460.823,378.948,253.645 | -0.278,0.069,0.001,0.001
cam0 extrinsics = -0.006,0.009,0.702,0.712 | 0.065,-0.019,0.004
cam1 extrinsics = -0.000,0.013,0.703,0.711 | -0.048,-0.020,0.007
q_GtoI = 0.759,-0.295,0.524,0.248 | p_IinG = 0.194,-1.551,0.762 | dist = 12.89 (meters)
bg = 0.0064,0.0186,0.0739 | ba = -0.0293,0.1015,0.1069
camera-imu timeoffset = 0.00007
cam0 intrinsics = 462.720,461.283,366.407,247.122 | -0.276,0.067,0.001,0.001
cam1 intrinsics = 462.087,460.831,378.962,253.662 | -0.277,0.069,0.001,0.001
cam0 extrinsics = -0.006,0.008,0.702,0.712 | 0.065,-0.019,0.005
cam1 extrinsics = -0.000,0.013,0.703,0.711 | -0.048,-0.020,0.007
q_GtoI = 0.764,-0.276,0.536,0.230 | p_IinG = 0.232,-1.527,0.751 | dist = 12.93 (meters)
bg = 0.0064,0.0186,0.0740 | ba = -0.0286,0.1009,0.1072
camera-imu timeoffset = 0.00007
cam0 intrinsics = 462.726,461.287,366.392,247.113 | -0.276,0.067,0.001,0.001
cam1 intrinsics = 462.093,460.834,378.945,253.656 | -0.277,0.069,0.001,0.001
cam0 extrinsics = -0.006,0.008,0.702,0.712 | 0.065,-0.019,0.005
cam1 extrinsics = -0.000,0.013,0.703,0.711 | -0.048,-0.020,0.008
q_GtoI = 0.768,-0.256,0.548,0.211 | p_IinG = 0.268,-1.501,0.741 | dist = 12.98 (meters)
bg = 0.0065,0.0186,0.0740 | ba = -0.0280,0.1002,0.1088
camera-imu timeoffset = 0.00007
cam0 intrinsics = 462.728,461.290,366.400,247.118 | -0.276,0.067,0.001,0.001
cam1 intrinsics = 462.090,460.831,378.953,253.671 | -0.277,0.069,0.001,0.001
cam0 extrinsics = -0.006,0.008,0.702,0.712 | 0.065,-0.019,0.005
cam1 extrinsics = -0.000,0.013,0.703,0.711 | -0.048,-0.020,0.008
q_GtoI = 0.771,-0.234,0.561,0.191 | p_IinG = 0.301,-1.475,0.728 | dist = 13.03 (meters)
bg = 0.0063,0.0184,0.0742 | ba = -0.0254,0.0978,0.1105
camera-imu timeoffset = 0.00008
cam0 intrinsics = 462.736,461.317,366.406,247.143 | -0.276,0.067,0.001,0.001
cam1 intrinsics = 462.095,460.855,378.964,253.692 | -0.277,0.069,0.001,0.001
cam0 extrinsics = -0.006,0.008,0.702,0.712 | 0.065,-0.019,0.006
cam1 extrinsics = -0.000,0.013,0.703,0.711 | -0.048,-0.020,0.009
q_GtoI = 0.774,-0.211,0.572,0.172 | p_IinG = 0.335,-1.446,0.717 | dist = 13.07 (meters)
bg = 0.0063,0.0184,0.0742 | ba = -0.0253,0.0972,0.1117
camera-imu timeoffset = 0.00007
cam0 intrinsics = 462.725,461.317,366.409,247.139 | -0.276,0.067,0.001,0.001
cam1 intrinsics = 462.081,460.853,378.971,253.697 | -0.277,0.069,0.001,0.001
cam0 extrinsics = -0.006,0.008,0.702,0.712 | 0.065,-0.019,0.006
cam1 extrinsics = -0.000,0.013,0.703,0.711 | -0.048,-0.020,0.009
q_GtoI = 0.778,-0.186,0.580,0.153 | p_IinG = 0.369,-1.416,0.705 | dist = 13.12 (meters)
bg = 0.0063,0.0183,0.0742 | ba = -0.0247,0.0966,0.1112
camera-imu timeoffset = 0.00007
cam0 intrinsics = 462.732,461.323,366.402,247.132 | -0.276,0.067,0.001,0.001
cam1 intrinsics = 462.083,460.854,378.964,253.693 | -0.277,0.069,0.001,0.001
cam0 extrinsics = -0.006,0.008,0.702,0.712 | 0.065,-0.019,0.006
cam1 extrinsics = -0.000,0.013,0.703,0.711 | -0.048,-0.020,0.009
q_GtoI = 0.784,-0.162,0.584,0.135 | p_IinG = 0.402,-1.385,0.693 | dist = 13.17 (meters)
bg = 0.0062,0.0183,0.0744 | ba = -0.0261,0.0965,0.1111
camera-imu timeoffset = 0.00008
cam0 intrinsics = 462.731,461.321,366.399,247.135 | -0.276,0.067,0.001,0.001
cam1 intrinsics = 462.075,460.846,378.962,253.696 | -0.277,0.069,0.001,0.001
cam0 extrinsics = -0.006,0.008,0.702,0.712 | 0.065,-0.019,0.006
cam1 extrinsics = -0.000,0.013,0.703,0.711 | -0.048,-0.020,0.009
q_GtoI = 0.789,-0.138,0.587,0.116 | p_IinG = 0.433,-1.353,0.681 | dist = 13.21 (meters)
bg = 0.0063,0.0184,0.0744 | ba = -0.0268,0.0965,0.1109
camera-imu timeoffset = 0.00007
cam0 intrinsics = 462.735,461.329,366.423,247.181 | -0.276,0.067,0.001,0.001
cam1 intrinsics = 462.077,460.853,378.992,253.741 | -0.277,0.069,0.001,0.001
cam0 extrinsics = -0.006,0.008,0.702,0.712 | 0.065,-0.019,0.006
cam1 extrinsics = -0.000,0.013,0.703,0.711 | -0.049,-0.020,0.009
q_GtoI = 0.795,-0.114,0.587,0.099 | p_IinG = 0.462,-1.319,0.668 | dist = 13.26 (meters)
bg = 0.0062,0.0184,0.0745 | ba = -0.0277,0.0965,0.1108
camera-imu timeoffset = 0.00008
cam0 intrinsics = 462.730,461.327,366.403,247.182 | -0.276,0.067,0.001,0.001
cam1 intrinsics = 462.073,460.852,378.974,253.746 | -0.277,0.069,0.001,0.001
cam0 extrinsics = -0.006,0.008,0.702,0.712 | 0.065,-0.019,0.006
cam1 extrinsics = -0.000,0.013,0.703,0.711 | -0.048,-0.020,0.009
q_GtoI = 0.799,-0.091,0.589,0.082 | p_IinG = 0.490,-1.286,0.657 | dist = 13.31 (meters)
bg = 0.0063,0.0185,0.0746 | ba = -0.0289,0.0958,0.1109
camera-imu timeoffset = 0.00008
cam0 intrinsics = 462.727,461.315,366.451,247.192 | -0.276,0.067,0.001,0.001
cam1 intrinsics = 462.051,460.821,379.018,253.780 | -0.277,0.069,0.001,0.001
cam0 extrinsics = -0.006,0.008,0.702,0.712 | 0.065,-0.019,0.006
cam1 extrinsics = -0.000,0.013,0.703,0.711 | -0.049,-0.020,0.009
q_GtoI = 0.801,-0.070,0.591,0.067 | p_IinG = 0.515,-1.251,0.645 | dist = 13.35 (meters)
bg = 0.0062,0.0186,0.0746 | ba = -0.0287,0.0959,0.1117
camera-imu timeoffset = 0.00008
cam0 intrinsics = 462.729,461.315,366.443,247.188 | -0.276,0.067,0.001,0.001
cam1 intrinsics = 462.052,460.821,379.009,253.775 | -0.277,0.069,0.001,0.001
cam0 extrinsics = -0.006,0.008,0.702,0.712 | 0.065,-0.019,0.006
cam1 extrinsics = -0.000,0.013,0.703,0.711 | -0.049,-0.020,0.009
q_GtoI = 0.801,-0.050,0.594,0.053 | p_IinG = 0.539,-1.215,0.635 | dist = 13.39 (meters)
bg = 0.0063,0.0186,0.0746 | ba = -0.0287,0.0960,0.1120
camera-imu timeoffset = 0.00008
cam0 intrinsics = 462.739,461.323,366.457,247.168 | -0.276,0.067,0.001,0.001
cam1 intrinsics = 462.061,460.828,379.023,253.761 | -0.277,0.069,0.001,0.001
cam0 extrinsics = -0.006,0.008,0.702,0.712 | 0.065,-0.019,0.006
cam1 extrinsics = -0.000,0.013,0.703,0.711 | -0.049,-0.020,0.009
q_GtoI = 0.800,-0.031,0.599,0.039 | p_IinG = 0.566,-1.178,0.633 | dist = 13.44 (meters)
bg = 0.0064,0.0191,0.0743 | ba = -0.0318,0.0984,0.1149
camera-imu timeoffset = 0.00006
cam0 intrinsics = 462.721,461.295,366.478,247.158 | -0.276,0.067,0.001,0.001
cam1 intrinsics = 462.042,460.804,379.070,253.765 | -0.277,0.069,0.001,0.001
cam0 extrinsics = -0.006,0.008,0.702,0.712 | 0.064,-0.020,0.007
cam1 extrinsics = -0.000,0.013,0.703,0.711 | -0.049,-0.020,0.009
q_GtoI = 0.797,-0.012,0.603,0.027 | p_IinG = 0.587,-1.141,0.624 | dist = 13.48 (meters)
bg = 0.0064,0.0192,0.0743 | ba = -0.0309,0.0996,0.1152
camera-imu timeoffset = 0.00005
cam0 intrinsics = 462.716,461.289,366.478,247.157 | -0.276,0.067,0.001,0.001
cam1 intrinsics = 462.037,460.799,379.076,253.767 | -0.277,0.069,0.001,0.001
cam0 extrinsics = -0.006,0.008,0.702,0.712 | 0.064,-0.020,0.007
cam1 extrinsics = -0.000,0.013,0.703,0.711 | -0.049,-0.020,0.009
q_GtoI = 0.794,0.006,0.607,0.014 | p_IinG = 0.599,-1.105,0.613 | dist = 13.52 (meters)
bg = 0.0062,0.0194,0.0742 | ba = -0.0277,0.1000,0.1178
camera-imu timeoffset = 0.00006
cam0 intrinsics = 462.726,461.281,366.491,247.153 | -0.276,0.067,0.001,0.001
cam1 intrinsics = 462.054,460.795,379.077,253.764 | -0.277,0.069,0.001,0.001
cam0 extrinsics = -0.006,0.008,0.702,0.712 | 0.065,-0.020,0.006
cam1 extrinsics = -0.000,0.013,0.703,0.711 | -0.049,-0.020,0.009
q_GtoI = 0.792,0.023,0.610,0.003 | p_IinG = 0.618,-1.071,0.603 | dist = 13.56 (meters)
bg = 0.0065,0.0198,0.0746 | ba = -0.0248,0.0973,0.1146
camera-imu timeoffset = 0.00006
cam0 intrinsics = 462.726,461.285,366.565,247.180 | -0.276,0.067,0.001,0.001
cam1 intrinsics = 462.048,460.791,379.158,253.789 | -0.277,0.069,0.001,0.001
cam0 extrinsics = -0.006,0.008,0.702,0.712 | 0.064,-0.019,0.007
cam1 extrinsics = -0.001,0.013,0.703,0.711 | -0.049,-0.020,0.009
q_GtoI = -0.791,-0.039,-0.610,0.010 | p_IinG = 0.634,-1.034,0.589 | dist = 13.61 (meters)
bg = 0.0064,0.0198,0.0743 | ba = -0.0210,0.0972,0.1132
camera-imu timeoffset = 0.00007
cam0 intrinsics = 462.723,461.289,366.556,247.144 | -0.276,0.067,0.001,0.001
cam1 intrinsics = 462.053,460.797,379.144,253.744 | -0.277,0.069,0.001,0.001
cam0 extrinsics = -0.006,0.008,0.702,0.712 | 0.064,-0.019,0.006
cam1 extrinsics = -0.001,0.013,0.703,0.711 | -0.049,-0.019,0.009
q_GtoI = -0.790,-0.054,-0.610,0.022 | p_IinG = 0.643,-0.995,0.581 | dist = 13.65 (meters)
bg = 0.0065,0.0198,0.0744 | ba = -0.0198,0.0986,0.1150
camera-imu timeoffset = 0.00006
cam0 intrinsics = 462.737,461.304,366.599,247.119 | -0.276,0.067,0.001,0.001
cam1 intrinsics = 462.064,460.811,379.185,253.714 | -0.277,0.069,0.001,0.001
cam0 extrinsics = -0.006,0.008,0.702,0.712 | 0.064,-0.019,0.006
cam1 extrinsics = -0.001,0.013,0.703,0.711 | -0.050,-0.019,0.009
q_GtoI = -0.790,-0.068,-0.608,0.035 | p_IinG = 0.656,-0.953,0.572 | dist = 13.69 (meters)
bg = 0.0068,0.0202,0.0745 | ba = -0.0169,0.1017,0.1149
camera-imu timeoffset = 0.00005
cam0 intrinsics = 462.744,461.312,366.588,247.112 | -0.276,0.067,0.001,0.001
cam1 intrinsics = 462.061,460.811,379.166,253.739 | -0.277,0.069,0.001,0.001
cam0 extrinsics = -0.006,0.008,0.702,0.712 | 0.063,-0.019,0.006
cam1 extrinsics = -0.001,0.013,0.703,0.711 | -0.050,-0.019,0.009
q_GtoI = -0.789,-0.083,-0.607,0.046 | p_IinG = 0.662,-0.914,0.566 | dist = 13.73 (meters)
bg = 0.0069,0.0204,0.0745 | ba = -0.0139,0.1042,0.1178
camera-imu timeoffset = 0.00005
cam0 intrinsics = 462.750,461.325,366.596,247.122 | -0.276,0.067,0.001,0.001
cam1 intrinsics = 462.061,460.820,379.167,253.746 | -0.277,0.069,0.001,0.001
cam0 extrinsics = -0.006,0.008,0.702,0.712 | 0.063,-0.019,0.006
cam1 extrinsics = -0.001,0.013,0.703,0.711 | -0.051,-0.020,0.009
q_GtoI = -0.787,-0.097,-0.606,0.058 | p_IinG = 0.663,-0.876,0.560 | dist = 13.77 (meters)
bg = 0.0068,0.0206,0.0745 | ba = -0.0114,0.1053,0.1203
camera-imu timeoffset = 0.00004
cam0 intrinsics = 462.757,461.335,366.596,247.129 | -0.276,0.067,0.001,0.001
cam1 intrinsics = 462.062,460.825,379.164,253.754 | -0.277,0.069,0.001,0.001
cam0 extrinsics = -0.006,0.008,0.702,0.712 | 0.063,-0.020,0.006
cam1 extrinsics = -0.001,0.013,0.703,0.711 | -0.051,-0.020,0.009
q_GtoI = -0.786,-0.110,-0.605,0.070 | p_IinG = 0.662,-0.837,0.555 | dist = 13.81 (meters)
bg = 0.0069,0.0207,0.0740 | ba = -0.0088,0.1080,0.1227
camera-imu timeoffset = 0.00003
cam0 intrinsics = 462.783,461.356,366.605,247.118 | -0.276,0.067,0.001,0.001
cam1 intrinsics = 462.072,460.835,379.157,253.745 | -0.277,0.069,0.001,0.001
cam0 extrinsics = -0.006,0.009,0.702,0.712 | 0.063,-0.020,0.006
cam1 extrinsics = -0.001,0.013,0.703,0.711 | -0.051,-0.020,0.009
q_GtoI = -0.784,-0.124,-0.603,0.083 | p_IinG = 0.656,-0.798,0.549 | dist = 13.84 (meters)
bg = 0.0069,0.0207,0.0738 | ba = -0.0071,0.1099,0.1263
camera-imu timeoffset = 0.00005
cam0 intrinsics = 462.798,461.369,366.598,247.121 | -0.276,0.068,0.001,0.001
cam1 intrinsics = 462.079,460.840,379.137,253.755 | -0.277,0.069,0.001,0.001
cam0 extrinsics = -0.006,0.009,0.702,0.712 | 0.062,-0.020,0.007
cam1 extrinsics = -0.001,0.013,0.703,0.711 | -0.051,-0.021,0.009
q_GtoI = -0.783,-0.137,-0.600,0.096 | p_IinG = 0.647,-0.761,0.543 | dist = 13.88 (meters)
bg = 0.0070,0.0207,0.0734 | ba = -0.0055,0.1116,0.1304
camera-imu timeoffset = 0.00003
cam0 intrinsics = 462.813,461.389,366.603,247.123 | -0.276,0.068,0.001,0.001
cam1 intrinsics = 462.091,460.859,379.143,253.760 | -0.277,0.069,0.001,0.001
cam0 extrinsics = -0.006,0.009,0.702,0.712 | 0.062,-0.020,0.007
cam1 extrinsics = -0.001,0.013,0.703,0.711 | -0.051,-0.021,0.009
q_GtoI = -0.780,-0.150,-0.598,0.109 | p_IinG = 0.635,-0.725,0.538 | dist = 13.92 (meters)
bg = 0.0069,0.0206,0.0733 | ba = -0.0039,0.1132,0.1345
camera-imu timeoffset = 0.00002
cam0 intrinsics = 462.816,461.397,366.618,247.130 | -0.276,0.068,0.001,0.001
cam1 intrinsics = 462.095,460.865,379.147,253.763 | -0.277,0.069,0.001,0.001
cam0 extrinsics = -0.006,0.009,0.702,0.712 | 0.062,-0.020,0.007
cam1 extrinsics = -0.001,0.013,0.703,0.711 | -0.051,-0.021,0.010
q_GtoI = -0.775,-0.163,-0.598,0.122 | p_IinG = 0.621,-0.687,0.534 | dist = 13.96 (meters)
bg = 0.0070,0.0206,0.0732 | ba = -0.0036,0.1149,0.1368
camera-imu timeoffset = 0.00002
cam0 intrinsics = 462.822,461.411,366.623,247.127 | -0.276,0.068,0.001,0.001
cam1 intrinsics = 462.098,460.876,379.152,253.763 | -0.277,0.069,0.001,0.001
cam0 extrinsics = -0.006,0.009,0.702,0.712 | 0.062,-0.020,0.008
cam1 extrinsics = -0.001,0.013,0.703,0.711 | -0.051,-0.021,0.010
q_GtoI = -0.769,-0.176,-0.599,0.135 | p_IinG = 0.607,-0.650,0.531 | dist = 14.00 (meters)
bg = 0.0071,0.0208,0.0732 | ba = -0.0025,0.1165,0.1371
camera-imu timeoffset = 0.00002
cam0 intrinsics = 462.828,461.425,366.629,247.114 | -0.276,0.068,0.001,0.001
cam1 intrinsics = 462.104,460.890,379.160,253.753 | -0.277,0.069,0.001,0.001
cam0 extrinsics = -0.006,0.009,0.702,0.712 | 0.063,-0.021,0.008
cam1 extrinsics = -0.001,0.013,0.703,0.711 | -0.051,-0.021,0.010
q_GtoI = -0.764,-0.190,-0.598,0.148 | p_IinG = 0.589,-0.617,0.527 | dist = 14.04 (meters)
bg = 0.0068,0.0209,0.0733 | ba = -0.0019,0.1161,0.1374
camera-imu timeoffset = 0.00002
cam0 intrinsics = 462.836,461.432,366.630,247.112 | -0.276,0.068,0.001,0.001
cam1 intrinsics = 462.110,460.893,379.149,253.763 | -0.277,0.069,0.001,0.001
cam0 extrinsics = -0.006,0.009,0.702,0.712 | 0.062,-0.021,0.008
cam1 extrinsics = -0.001,0.013,0.703,0.711 | -0.051,-0.021,0.010
q_GtoI = -0.759,-0.204,-0.597,0.161 | p_IinG = 0.571,-0.585,0.523 | dist = 14.08 (meters)
bg = 0.0065,0.0210,0.0730 | ba = -0.0009,0.1142,0.1362
camera-imu timeoffset = 0.00002
cam0 intrinsics = 462.839,461.438,366.654,247.089 | -0.276,0.068,0.001,0.001
cam1 intrinsics = 462.109,460.895,379.172,253.730 | -0.277,0.069,0.001,0.001
cam0 extrinsics = -0.006,0.009,0.702,0.712 | 0.062,-0.021,0.008
cam1 extrinsics = -0.001,0.013,0.703,0.711 | -0.051,-0.021,0.010
q_GtoI = -0.755,-0.219,-0.593,0.173 | p_IinG = 0.550,-0.553,0.519 | dist = 14.12 (meters)
bg = 0.0065,0.0210,0.0730 | ba = -0.0003,0.1133,0.1350
camera-imu timeoffset = 0.00002
cam0 intrinsics = 462.845,461.434,366.654,247.087 | -0.276,0.068,0.001,0.001
cam1 intrinsics = 462.118,460.894,379.172,253.729 | -0.277,0.069,0.001,0.001
cam0 extrinsics = -0.006,0.009,0.702,0.712 | 0.062,-0.021,0.008
cam1 extrinsics = -0.001,0.013,0.703,0.711 | -0.051,-0.021,0.010
q_GtoI = -0.752,-0.234,-0.588,0.186 | p_IinG = 0.526,-0.522,0.514 | dist = 14.16 (meters)
bg = 0.0063,0.0209,0.0730 | ba = -0.0003,0.1136,0.1343
camera-imu timeoffset = 0.00001
cam0 intrinsics = 462.845,461.429,366.660,247.097 | -0.276,0.068,0.001,0.001
cam1 intrinsics = 462.120,460.892,379.153,253.737 | -0.277,0.069,0.001,0.001
cam0 extrinsics = -0.006,0.009,0.702,0.712 | 0.062,-0.021,0.008
cam1 extrinsics = -0.001,0.013,0.703,0.711 | -0.051,-0.021,0.010
q_GtoI = -0.748,-0.248,-0.583,0.198 | p_IinG = 0.499,-0.493,0.508 | dist = 14.20 (meters)
bg = 0.0064,0.0206,0.0729 | ba = 0.0004,0.1135,0.1335
camera-imu timeoffset = 0.00001
cam0 intrinsics = 462.865,461.446,366.736,247.090 | -0.276,0.068,0.001,0.001
cam1 intrinsics = 462.141,460.910,379.229,253.722 | -0.277,0.069,0.001,0.001
cam0 extrinsics = -0.006,0.009,0.702,0.712 | 0.062,-0.020,0.008
cam1 extrinsics = -0.001,0.013,0.703,0.711 | -0.051,-0.021,0.010
q_GtoI = -0.745,-0.262,-0.576,0.209 | p_IinG = 0.470,-0.463,0.505 | dist = 14.24 (meters)
bg = 0.0061,0.0209,0.0736 | ba = 0.0006,0.1171,0.1380
camera-imu timeoffset = 0.00001
cam0 intrinsics = 462.853,461.438,366.727,247.087 | -0.276,0.068,0.001,0.001
cam1 intrinsics = 462.113,460.896,379.236,253.703 | -0.277,0.069,0.001,0.001
cam0 extrinsics = -0.006,0.009,0.702,0.712 | 0.063,-0.021,0.008
cam1 extrinsics = -0.001,0.013,0.703,0.711 | -0.051,-0.022,0.010
q_GtoI = -0.744,-0.276,-0.568,0.220 | p_IinG = 0.442,-0.440,0.502 | dist = 14.28 (meters)
bg = 0.0061,0.0211,0.0736 | ba = -0.0007,0.1138,0.1394
camera-imu timeoffset = 0.00002
cam0 intrinsics = 462.876,461.440,366.767,247.101 | -0.276,0.068,0.001,0.001
cam1 intrinsics = 462.127,460.889,379.258,253.721 | -0.277,0.069,0.001,0.001
cam0 extrinsics = -0.006,0.009,0.702,0.712 | 0.063,-0.021,0.009
cam1 extrinsics = -0.001,0.013,0.703,0.711 | -0.051,-0.022,0.011
q_GtoI = -0.743,-0.288,-0.559,0.230 | p_IinG = 0.411,-0.416,0.494 | dist = 14.31 (meters)
bg = 0.0062,0.0209,0.0735 | ba = -0.0002,0.1161,0.1376
camera-imu timeoffset = 0.00001
cam0 intrinsics = 462.907,461.475,366.848,247.201 | -0.276,0.067,0.001,0.001
cam1 intrinsics = 462.156,460.922,379.334,253.803 | -0.277,0.069,0.001,0.001
cam0 extrinsics = -0.007,0.009,0.702,0.712 | 0.062,-0.021,0.009
cam1 extrinsics = -0.001,0.013,0.703,0.711 | -0.051,-0.022,0.011
q_GtoI = -0.742,-0.303,-0.549,0.237 | p_IinG = 0.377,-0.393,0.487 | dist = 14.35 (meters)
bg = 0.0062,0.0207,0.0735 | ba = -0.0007,0.1179,0.1368
camera-imu timeoffset = 0.00000
cam0 intrinsics = 462.911,461.481,366.880,247.217 | -0.276,0.067,0.001,0.001
cam1 intrinsics = 462.161,460.927,379.360,253.818 | -0.277,0.069,0.001,0.001
cam0 extrinsics = -0.007,0.009,0.702,0.712 | 0.062,-0.021,0.009
cam1 extrinsics = -0.001,0.013,0.703,0.711 | -0.052,-0.022,0.011
q_GtoI = -0.740,-0.318,-0.539,0.245 | p_IinG = 0.346,-0.376,0.480 | dist = 14.39 (meters)
bg = 0.0055,0.0209,0.0730 | ba = -0.0009,0.1153,0.1319
camera-imu timeoffset = 0.00001
cam0 intrinsics = 462.890,461.473,366.869,247.209 | -0.276,0.067,0.001,0.001
cam1 intrinsics = 462.140,460.924,379.331,253.801 | -0.277,0.069,0.001,0.001
cam0 extrinsics = -0.007,0.009,0.702,0.712 | 0.062,-0.021,0.009
cam1 extrinsics = -0.001,0.013,0.703,0.711 | -0.052,-0.022,0.011
q_GtoI = -0.738,-0.333,-0.531,0.250 | p_IinG = 0.312,-0.356,0.474 | dist = 14.43 (meters)
bg = 0.0054,0.0208,0.0729 | ba = -0.0009,0.1169,0.1303
camera-imu timeoffset = -0.00000
cam0 intrinsics = 462.883,461.471,366.873,247.218 | -0.276,0.067,0.001,0.001
cam1 intrinsics = 462.133,460.921,379.339,253.812 | -0.277,0.069,0.001,0.001
cam0 extrinsics = -0.006,0.009,0.702,0.712 | 0.062,-0.021,0.009
cam1 extrinsics = -0.001,0.013,0.703,0.711 | -0.052,-0.021,0.011
q_GtoI = -0.733,-0.349,-0.526,0.254 | p_IinG = 0.277,-0.337,0.469 | dist = 14.47 (meters)
bg = 0.0052,0.0207,0.0728 | ba = -0.0006,0.1178,0.1281
camera-imu timeoffset = -0.00000
cam0 intrinsics = 462.877,461.468,366.873,247.225 | -0.276,0.067,0.001,0.001
cam1 intrinsics = 462.127,460.918,379.346,253.821 | -0.277,0.069,0.001,0.001
cam0 extrinsics = -0.006,0.009,0.702,0.712 | 0.062,-0.020,0.009
cam1 extrinsics = -0.001,0.013,0.703,0.711 | -0.052,-0.021,0.011
q_GtoI = -0.727,-0.365,-0.522,0.257 | p_IinG = 0.242,-0.318,0.469 | dist = 14.51 (meters)
bg = 0.0053,0.0206,0.0731 | ba = -0.0012,0.1183,0.1273
camera-imu timeoffset = 0.00001
cam0 intrinsics = 462.876,461.477,366.881,247.222 | -0.276,0.067,0.001,0.001
cam1 intrinsics = 462.133,460.933,379.353,253.818 | -0.277,0.069,0.001,0.001
cam0 extrinsics = -0.006,0.009,0.702,0.712 | 0.062,-0.020,0.009
cam1 extrinsics = -0.001,0.013,0.703,0.711 | -0.052,-0.021,0.011
q_GtoI = -0.721,-0.378,-0.517,0.263 | p_IinG = 0.207,-0.300,0.471 | dist = 14.55 (meters)
bg = 0.0053,0.0205,0.0731 | ba = -0.0019,0.1189,0.1260
camera-imu timeoffset = 0.00001
cam0 intrinsics = 462.879,461.482,366.872,247.213 | -0.276,0.067,0.001,0.001
cam1 intrinsics = 462.137,460.939,379.346,253.814 | -0.277,0.069,0.001,0.001
cam0 extrinsics = -0.006,0.009,0.702,0.712 | 0.062,-0.020,0.009
cam1 extrinsics = -0.001,0.013,0.703,0.711 | -0.052,-0.021,0.011
q_GtoI = -0.715,-0.390,-0.514,0.269 | p_IinG = 0.171,-0.283,0.477 | dist = 14.59 (meters)
bg = 0.0056,0.0202,0.0731 | ba = -0.0023,0.1175,0.1240
camera-imu timeoffset = 0.00001
cam0 intrinsics = 462.880,461.497,366.881,247.213 | -0.276,0.067,0.001,0.001
cam1 intrinsics = 462.146,460.957,379.350,253.815 | -0.277,0.069,0.001,0.001
cam0 extrinsics = -0.006,0.009,0.702,0.712 | 0.062,-0.020,0.009
cam1 extrinsics = -0.001,0.013,0.703,0.711 | -0.052,-0.021,0.011
q_GtoI = -0.709,-0.401,-0.510,0.275 | p_IinG = 0.134,-0.266,0.486 | dist = 14.63 (meters)
bg = 0.0058,0.0201,0.0733 | ba = -0.0034,0.1178,0.1244
camera-imu timeoffset = 0.00001
cam0 intrinsics = 462.884,461.505,366.889,247.224 | -0.276,0.067,0.001,0.001
cam1 intrinsics = 462.155,460.969,379.360,253.824 | -0.277,0.069,0.001,0.001
cam0 extrinsics = -0.006,0.009,0.702,0.712 | 0.062,-0.020,0.008
cam1 extrinsics = -0.001,0.013,0.703,0.711 | -0.052,-0.021,0.011
q_GtoI = -0.704,-0.410,-0.507,0.282 | p_IinG = 0.096,-0.246,0.501 | dist = 14.67 (meters)
bg = 0.0061,0.0203,0.0733 | ba = -0.0060,0.1192,0.1240
camera-imu timeoffset = 0.00001
cam0 intrinsics = 462.890,461.503,366.870,247.202 | -0.276,0.067,0.001,0.001
cam1 intrinsics = 462.164,460.971,379.352,253.807 | -0.277,0.069,0.001,0.001
cam0 extrinsics = -0.006,0.009,0.702,0.712 | 0.062,-0.020,0.008
cam1 extrinsics = -0.001,0.013,0.703,0.711 | -0.052,-0.021,0.011
q_GtoI = -0.699,-0.419,-0.502,0.289 | p_IinG = 0.057,-0.230,0.516 | dist = 14.72 (meters)
bg = 0.0061,0.0202,0.0737 | ba = -0.0075,0.1194,0.1247
camera-imu timeoffset = 0.00000
cam0 intrinsics = 462.885,461.497,366.855,247.176 | -0.276,0.067,0.001,0.001
cam1 intrinsics = 462.158,460.965,379.324,253.775 | -0.277,0.069,0.001,0.001
cam0 extrinsics = -0.006,0.009,0.702,0.712 | 0.063,-0.020,0.008
cam1 extrinsics = -0.001,0.013,0.703,0.711 | -0.051,-0.020,0.010
q_GtoI = -0.695,-0.426,-0.497,0.296 | p_IinG = 0.018,-0.212,0.535 | dist = 14.76 (meters)
bg = 0.0060,0.0203,0.0739 | ba = -0.0113,0.1204,0.1232
camera-imu timeoffset = 0.00000
cam0 intrinsics = 462.886,461.488,366.868,247.163 | -0.276,0.067,0.001,0.001
cam1 intrinsics = 462.158,460.957,379.357,253.781 | -0.277,0.069,0.001,0.001
cam0 extrinsics = -0.006,0.009,0.702,0.712 | 0.063,-0.020,0.008
cam1 extrinsics = -0.001,0.013,0.703,0.711 | -0.051,-0.021,0.010
q_GtoI = -0.692,-0.431,-0.493,0.304 | p_IinG = -0.019,-0.197,0.554 | dist = 14.81 (meters)
bg = 0.0060,0.0205,0.0740 | ba = -0.0126,0.1205,0.1228
camera-imu timeoffset = -0.00000
cam0 intrinsics = 462.883,461.484,366.869,247.153 | -0.276,0.067,0.001,0.001
cam1 intrinsics = 462.157,460.955,379.359,253.772 | -0.277,0.069,0.001,0.001
cam0 extrinsics = -0.006,0.009,0.702,0.712 | 0.063,-0.020,0.007
cam1 extrinsics = -0.001,0.013,0.703,0.711 | -0.051,-0.021,0.010
q_GtoI = -0.688,-0.438,-0.488,0.311 | p_IinG = -0.058,-0.181,0.571 | dist = 14.85 (meters)
bg = 0.0059,0.0205,0.0742 | ba = -0.0139,0.1203,0.1217
camera-imu timeoffset = 0.00000
cam0 intrinsics = 462.875,461.479,366.865,247.139 | -0.276,0.067,0.001,0.001
cam1 intrinsics = 462.152,460.952,379.356,253.760 | -0.277,0.069,0.001,0.001
cam0 extrinsics = -0.006,0.009,0.702,0.712 | 0.064,-0.020,0.007
cam1 extrinsics = -0.001,0.013,0.703,0.711 | -0.050,-0.021,0.009
q_GtoI = -0.684,-0.444,-0.484,0.318 | p_IinG = -0.096,-0.164,0.588 | dist = 14.90 (meters)
bg = 0.0060,0.0206,0.0745 | ba = -0.0156,0.1202,0.1200
camera-imu timeoffset = 0.00000
cam0 intrinsics = 462.874,461.474,366.876,247.114 | -0.276,0.067,0.001,0.001
cam1 intrinsics = 462.151,460.948,379.344,253.733 | -0.277,0.069,0.001,0.001
cam0 extrinsics = -0.006,0.009,0.702,0.712 | 0.064,-0.020,0.006
cam1 extrinsics = -0.001,0.013,0.703,0.711 | -0.050,-0.021,0.009
q_GtoI = -0.679,-0.450,-0.480,0.325 | p_IinG = -0.135,-0.149,0.605 | dist = 14.94 (meters)
bg = 0.0061,0.0207,0.0749 | ba = -0.0169,0.1198,0.1204
camera-imu timeoffset = 0.00000
cam0 intrinsics = 462.869,461.468,366.871,247.110 | -0.276,0.067,0.001,0.001
cam1 intrinsics = 462.155,460.949,379.326,253.725 | -0.277,0.069,0.001,0.001
cam0 extrinsics = -0.006,0.009,0.702,0.712 | 0.064,-0.020,0.006
cam1 extrinsics = -0.001,0.013,0.703,0.711 | -0.050,-0.021,0.008
q_GtoI = -0.675,-0.456,-0.477,0.331 | p_IinG = -0.174,-0.133,0.622 | dist = 14.99 (meters)
bg = 0.0062,0.0208,0.0751 | ba = -0.0195,0.1205,0.1209
camera-imu timeoffset = 0.00001
cam0 intrinsics = 462.872,461.470,366.866,247.084 | -0.276,0.068,0.001,0.001
cam1 intrinsics = 462.156,460.950,379.317,253.699 | -0.277,0.069,0.001,0.001
cam0 extrinsics = -0.006,0.009,0.702,0.712 | 0.064,-0.020,0.006
cam1 extrinsics = -0.000,0.013,0.703,0.711 | -0.049,-0.021,0.008
q_GtoI = -0.670,-0.463,-0.473,0.336 | p_IinG = -0.214,-0.117,0.638 | dist = 15.03 (meters)
bg = 0.0063,0.0209,0.0755 | ba = -0.0202,0.1216,0.1215
camera-imu timeoffset = 0.00001
cam0 intrinsics = 462.868,461.462,366.855,247.070 | -0.276,0.068,0.001,0.001
cam1 intrinsics = 462.154,460.944,379.300,253.685 | -0.277,0.069,0.001,0.001
cam0 extrinsics = -0.006,0.009,0.702,0.712 | 0.064,-0.020,0.006
cam1 extrinsics = -0.000,0.014,0.703,0.711 | -0.049,-0.021,0.008
q_GtoI = -0.666,-0.471,-0.468,0.341 | p_IinG = -0.253,-0.104,0.655 | dist = 15.07 (meters)
bg = 0.0064,0.0214,0.0757 | ba = -0.0213,0.1234,0.1241
camera-imu timeoffset = 0.00001
cam0 intrinsics = 462.860,461.456,366.866,247.092 | -0.276,0.068,0.001,0.001
cam1 intrinsics = 462.141,460.936,379.293,253.700 | -0.277,0.069,0.001,0.001
cam0 extrinsics = -0.006,0.009,0.702,0.712 | 0.065,-0.020,0.006
cam1 extrinsics = -0.000,0.014,0.703,0.711 | -0.049,-0.021,0.008
q_GtoI = -0.661,-0.478,-0.464,0.346 | p_IinG = -0.292,-0.089,0.671 | dist = 15.12 (meters)
bg = 0.0067,0.0216,0.0758 | ba = -0.0213,0.1249,0.1265
camera-imu timeoffset = 0.00002
cam0 intrinsics = 462.855,461.460,366.929,247.190 | -0.276,0.067,0.001,0.001
cam1 intrinsics = 462.145,460.948,379.343,253.790 | -0.277,0.069,0.001,0.001
cam0 extrinsics = -0.006,0.009,0.702,0.712 | 0.064,-0.021,0.006
cam1 extrinsics = -0.000,0.014,0.703,0.711 | -0.049,-0.021,0.008
q_GtoI = -0.655,-0.486,-0.459,0.352 | p_IinG = -0.330,-0.078,0.686 | dist = 15.16 (meters)
bg = 0.0063,0.0218,0.0758 | ba = -0.0215,0.1265,0.1255
camera-imu timeoffset = 0.00002
cam0 intrinsics = 462.857,461.466,366.954,247.181 | -0.276,0.067,0.001,0.001
cam1 intrinsics = 462.143,460.947,379.373,253.791 | -0.277,0.069,0.001,0.001
cam0 extrinsics = -0.006,0.009,0.702,0.712 | 0.064,-0.021,0.005
cam1 extrinsics = -0.001,0.014,0.703,0.711 | -0.049,-0.021,0.008
q_GtoI = -0.649,-0.494,-0.453,0.358 | p_IinG = -0.368,-0.066,0.700 | dist = 15.20 (meters)
bg = 0.0063,0.0217,0.0757 | ba = -0.0209,0.1252,0.1253
camera-imu timeoffset = 0.00001
cam0 intrinsics = 462.865,461.473,366.965,247.188 | -0.276,0.067,0.001,0.001
cam1 intrinsics = 462.150,460.954,379.381,253.796 | -0.277,0.069,0.001,0.001
cam0 extrinsics = -0.006,0.009,0.702,0.712 | 0.064,-0.021,0.006
cam1 extrinsics = -0.001,0.014,0.703,0.711 | -0.050,-0.021,0.008
q_GtoI = -0.643,-0.503,-0.447,0.365 | p_IinG = -0.406,-0.055,0.713 | dist = 15.24 (meters)
bg = 0.0063,0.0215,0.0757 | ba = -0.0206,0.1241,0.1246
camera-imu timeoffset = 0.00002
cam0 intrinsics = 462.876,461.484,366.977,247.200 | -0.276,0.067,0.001,0.001
cam1 intrinsics = 462.162,460.965,379.392,253.807 | -0.277,0.069,0.001,0.001
cam0 extrinsics = -0.006,0.009,0.702,0.712 | 0.064,-0.021,0.006
cam1 extrinsics = -0.001,0.014,0.703,0.711 | -0.050,-0.021,0.008
q_GtoI = -0.635,-0.513,-0.442,0.372 | p_IinG = -0.443,-0.044,0.728 | dist = 15.29 (meters)
bg = 0.0062,0.0215,0.0755 | ba = -0.0207,0.1233,0.1226
camera-imu timeoffset = 0.00002
cam0 intrinsics = 462.892,461.496,366.988,247.202 | -0.276,0.067,0.001,0.001
cam1 intrinsics = 462.175,460.976,379.404,253.808 | -0.277,0.069,0.001,0.001
cam0 extrinsics = -0.006,0.009,0.702,0.712 | 0.064,-0.021,0.005
cam1 extrinsics = -0.001,0.014,0.703,0.711 | -0.050,-0.021,0.008
q_GtoI = -0.626,-0.523,-0.435,0.381 | p_IinG = -0.479,-0.035,0.742 | dist = 15.33 (meters)
bg = 0.0060,0.0214,0.0751 | ba = -0.0198,0.1226,0.1214
camera-imu timeoffset = 0.00001
cam0 intrinsics = 462.908,461.513,366.993,247.201 | -0.276,0.067,0.001,0.001
cam1 intrinsics = 462.190,460.992,379.408,253.804 | -0.277,0.069,0.001,0.001
cam0 extrinsics = -0.006,0.009,0.702,0.712 | 0.064,-0.020,0.005
cam1 extrinsics = -0.001,0.013,0.703,0.711 | -0.050,-0.021,0.008
q_GtoI = -0.616,-0.535,-0.429,0.389 | p_IinG = -0.517,-0.024,0.743 | dist = 15.37 (meters)
bg = 0.0063,0.0204,0.0757 | ba = -0.0090,0.1178,0.1175
camera-imu timeoffset = 0.00002
cam0 intrinsics = 462.934,461.556,366.949,247.290 | -0.276,0.067,0.001,0.001
cam1 intrinsics = 462.214,461.039,379.354,253.885 | -0.277,0.069,0.001,0.001
cam0 extrinsics = -0.006,0.009,0.702,0.712 | 0.063,-0.021,0.005
cam1 extrinsics = -0.000,0.013,0.703,0.711 | -0.050,-0.021,0.008
q_GtoI = -0.604,-0.547,-0.421,0.398 | p_IinG = -0.555,-0.014,0.753 | dist = 15.41 (meters)
bg = 0.0064,0.0202,0.0758 | ba = -0.0059,0.1173,0.1148
camera-imu timeoffset = 0.00002
cam0 intrinsics = 462.942,461.559,366.926,247.263 | -0.276,0.067,0.001,0.001
cam1 intrinsics = 462.227,461.048,379.315,253.852 | -0.277,0.069,0.001,0.001
cam0 extrinsics = -0.006,0.009,0.702,0.712 | 0.063,-0.020,0.005
cam1 extrinsics = -0.000,0.013,0.703,0.711 | -0.050,-0.021,0.007
q_GtoI = -0.592,-0.560,-0.413,0.407 | p_IinG = -0.593,-0.003,0.760 | dist = 15.45 (meters)
bg = 0.0066,0.0201,0.0760 | ba = -0.0040,0.1173,0.1141
camera-imu timeoffset = 0.00002
cam0 intrinsics = 462.938,461.552,366.908,247.252 | -0.276,0.067,0.001,0.001
cam1 intrinsics = 462.225,461.044,379.302,253.840 | -0.277,0.069,0.001,0.001
cam0 extrinsics = -0.006,0.009,0.702,0.712 | 0.063,-0.020,0.005
cam1 extrinsics = -0.000,0.013,0.703,0.711 | -0.050,-0.021,0.007
q_GtoI = -0.579,-0.574,-0.404,0.415 | p_IinG = -0.629,0.006,0.763 | dist = 15.49 (meters)
bg = 0.0071,0.0199,0.0761 | ba = -0.0010,0.1183,0.1146
camera-imu timeoffset = 0.00002
cam0 intrinsics = 462.925,461.543,366.950,247.319 | -0.276,0.067,0.001,0.001
cam1 intrinsics = 462.224,461.048,379.324,253.902 | -0.277,0.069,0.001,0.001
cam0 extrinsics = -0.006,0.009,0.702,0.712 | 0.064,-0.020,0.004
cam1 extrinsics = -0.000,0.013,0.703,0.711 | -0.049,-0.021,0.007
q_GtoI = -0.565,-0.587,-0.395,0.424 | p_IinG = -0.668,0.013,0.765 | dist = 15.53 (meters)
bg = 0.0071,0.0199,0.0764 | ba = -0.0007,0.1204,0.1148
camera-imu timeoffset = 0.00002
cam0 intrinsics = 462.923,461.534,366.931,247.362 | -0.276,0.067,0.001,0.001
cam1 intrinsics = 462.222,461.039,379.272,253.929 | -0.277,0.069,0.001,0.000
cam0 extrinsics = -0.006,0.009,0.702,0.712 | 0.064,-0.020,0.004
cam1 extrinsics = -0.000,0.013,0.703,0.711 | -0.049,-0.021,0.006
q_GtoI = -0.553,-0.599,-0.385,0.433 | p_IinG = -0.708,0.023,0.763 | dist = 15.56 (meters)
bg = 0.0075,0.0200,0.0765 | ba = -0.0016,0.1219,0.1129
camera-imu timeoffset = 0.00001
cam0 intrinsics = 462.929,461.534,366.938,247.350 | -0.276,0.067,0.001,0.001
cam1 intrinsics = 462.227,461.035,379.271,253.913 | -0.277,0.069,0.001,0.000
cam0 extrinsics = -0.006,0.009,0.702,0.712 | 0.064,-0.020,0.004
cam1 extrinsics = -0.000,0.013,0.703,0.711 | -0.050,-0.021,0.006
q_GtoI = -0.539,-0.611,-0.376,0.441 | p_IinG = -0.746,0.034,0.759 | dist = 15.60 (meters)
bg = 0.0078,0.0201,0.0764 | ba = -0.0027,0.1220,0.1111
camera-imu timeoffset = 0.00001
cam0 intrinsics = 462.934,461.533,366.939,247.336 | -0.276,0.067,0.001,0.001
cam1 intrinsics = 462.230,461.032,379.264,253.898 | -0.277,0.069,0.001,0.000
cam0 extrinsics = -0.006,0.009,0.702,0.712 | 0.063,-0.020,0.004
cam1 extrinsics = -0.000,0.013,0.703,0.711 | -0.050,-0.021,0.006
q_GtoI = -0.526,-0.623,-0.367,0.449 | p_IinG = -0.783,0.044,0.757 | dist = 15.64 (meters)
bg = 0.0080,0.0204,0.0762 | ba = -0.0072,0.1198,0.1141
camera-imu timeoffset = 0.00001
cam0 intrinsics = 462.973,461.561,366.912,247.310 | -0.276,0.067,0.001,0.000
cam1 intrinsics = 462.256,461.039,379.240,253.863 | -0.277,0.069,0.001,0.000
cam0 extrinsics = -0.006,0.009,0.702,0.712 | 0.063,-0.020,0.004
cam1 extrinsics = -0.000,0.013,0.703,0.711 | -0.050,-0.021,0.007
q_GtoI = -0.511,-0.633,-0.358,0.458 | p_IinG = -0.819,0.051,0.750 | dist = 15.68 (meters)
bg = 0.0080,0.0204,0.0761 | ba = -0.0084,0.1189,0.1155
camera-imu timeoffset = 0.00002
cam0 intrinsics = 462.974,461.558,366.910,247.304 | -0.276,0.067,0.001,0.000
cam1 intrinsics = 462.256,461.032,379.234,253.856 | -0.277,0.069,0.001,0.000
cam0 extrinsics = -0.006,0.009,0.702,0.712 | 0.063,-0.020,0.004
cam1 extrinsics = -0.000,0.013,0.703,0.711 | -0.050,-0.021,0.007
q_GtoI = -0.496,-0.642,-0.351,0.467 | p_IinG = -0.853,0.057,0.744 | dist = 15.71 (meters)
bg = 0.0081,0.0205,0.0760 | ba = -0.0091,0.1189,0.1172
camera-imu timeoffset = 0.00002
cam0 intrinsics = 462.978,461.557,366.908,247.300 | -0.276,0.067,0.001,0.000
cam1 intrinsics = 462.258,461.025,379.225,253.852 | -0.277,0.069,0.001,0.000
cam0 extrinsics = -0.006,0.009,0.702,0.712 | 0.064,-0.020,0.004
cam1 extrinsics = -0.000,0.013,0.703,0.711 | -0.050,-0.021,0.007
q_GtoI = -0.480,-0.651,-0.346,0.476 | p_IinG = -0.886,0.061,0.737 | dist = 15.75 (meters)
bg = 0.0080,0.0205,0.0758 | ba = -0.0095,0.1184,0.1196
camera-imu timeoffset = 0.00002
cam0 intrinsics = 462.986,461.554,366.895,247.293 | -0.276,0.067,0.001,0.000
cam1 intrinsics = 462.262,461.018,379.218,253.839 | -0.277,0.069,0.001,0.000
cam0 extrinsics = -0.006,0.009,0.702,0.712 | 0.064,-0.020,0.004
cam1 extrinsics = -0.000,0.013,0.703,0.711 | -0.050,-0.021,0.006
q_GtoI = -0.463,-0.660,-0.344,0.482 | p_IinG = -0.918,0.065,0.734 | dist = 15.78 (meters)
bg = 0.0081,0.0209,0.0759 | ba = -0.0112,0.1180,0.1216
camera-imu timeoffset = 0.00003
cam0 intrinsics = 462.991,461.561,366.917,247.295 | -0.276,0.067,0.001,0.000
cam1 intrinsics = 462.263,461.018,379.241,253.845 | -0.277,0.069,0.001,0.000
cam0 extrinsics = -0.006,0.009,0.702,0.712 | 0.064,-0.020,0.004
cam1 extrinsics = -0.000,0.013,0.703,0.711 | -0.050,-0.021,0.006
q_GtoI = -0.447,-0.668,-0.344,0.485 | p_IinG = -0.951,0.067,0.729 | dist = 15.81 (meters)
bg = 0.0081,0.0210,0.0760 | ba = -0.0115,0.1180,0.1235
camera-imu timeoffset = 0.00003
cam0 intrinsics = 462.993,461.561,366.928,247.307 | -0.276,0.067,0.001,0.000
cam1 intrinsics = 462.262,461.012,379.250,253.855 | -0.277,0.069,0.001,0.000
cam0 extrinsics = -0.006,0.009,0.702,0.712 | 0.063,-0.020,0.004
cam1 extrinsics = -0.000,0.013,0.703,0.711 | -0.050,-0.021,0.006
q_GtoI = -0.433,-0.674,-0.344,0.489 | p_IinG = -0.984,0.066,0.725 | dist = 15.85 (meters)
bg = 0.0081,0.0211,0.0759 | ba = -0.0110,0.1196,0.1254
camera-imu timeoffset = 0.00003
cam0 intrinsics = 463.011,461.575,366.902,247.299 | -0.276,0.067,0.001,0.000
cam1 intrinsics = 462.260,461.000,379.205,253.856 | -0.277,0.069,0.001,0.000
cam0 extrinsics = -0.006,0.009,0.702,0.712 | 0.063,-0.020,0.003
cam1 extrinsics = -0.000,0.013,0.703,0.711 | -0.051,-0.020,0.005
q_GtoI = -0.421,-0.679,-0.346,0.493 | p_IinG = -1.017,0.062,0.722 | dist = 15.88 (meters)
bg = 0.0081,0.0213,0.0760 | ba = -0.0104,0.1213,0.1283
camera-imu timeoffset = 0.00003
cam0 intrinsics = 462.996,461.568,366.911,247.313 | -0.276,0.067,0.001,0.000
cam1 intrinsics = 462.241,460.983,379.211,253.874 | -0.277,0.069,0.001,0.000
cam0 extrinsics = -0.006,0.009,0.702,0.712 | 0.062,-0.020,0.003
cam1 extrinsics = -0.000,0.013,0.703,0.711 | -0.051,-0.020,0.005
q_GtoI = -0.410,-0.682,-0.350,0.495 | p_IinG = -1.050,0.056,0.718 | dist = 15.91 (meters)
bg = 0.0081,0.0213,0.0760 | ba = -0.0104,0.1224,0.1300
camera-imu timeoffset = 0.00003
cam0 intrinsics = 462.988,461.557,366.901,247.308 | -0.276,0.067,0.001,0.000
cam1 intrinsics = 462.228,460.965,379.200,253.874 | -0.277,0.069,0.001,0.000
cam0 extrinsics = -0.006,0.009,0.702,0.712 | 0.062,-0.020,0.003
cam1 extrinsics = -0.000,0.013,0.703,0.711 | -0.052,-0.020,0.005
q_GtoI = -0.397,-0.687,-0.357,0.493 | p_IinG = -1.084,0.047,0.715 | dist = 15.94 (meters)
bg = 0.0078,0.0214,0.0761 | ba = -0.0111,0.1239,0.1312
camera-imu timeoffset = 0.00002
cam0 intrinsics = 462.980,461.565,366.873,247.334 | -0.276,0.068,0.001,0.000
cam1 intrinsics = 462.216,460.969,379.193,253.886 | -0.277,0.069,0.001,0.000
cam0 extrinsics = -0.006,0.009,0.702,0.712 | 0.061,-0.020,0.003
cam1 extrinsics = -0.000,0.013,0.703,0.711 | -0.053,-0.020,0.005
q_GtoI = -0.387,-0.689,-0.364,0.492 | p_IinG = -1.119,0.035,0.711 | dist = 15.98 (meters)
bg = 0.0079,0.0214,0.0761 | ba = -0.0126,0.1251,0.1322
camera-imu timeoffset = 0.00002
cam0 intrinsics = 462.972,461.565,366.862,247.334 | -0.276,0.068,0.001,0.000
cam1 intrinsics = 462.203,460.962,379.187,253.890 | -0.277,0.069,0.001,0.000
cam0 extrinsics = -0.006,0.009,0.702,0.712 | 0.061,-0.019,0.004
cam1 extrinsics = -0.000,0.013,0.703,0.711 | -0.053,-0.020,0.006
q_GtoI = -0.380,-0.691,-0.369,0.491 | p_IinG = -1.155,0.024,0.709 | dist = 16.02 (meters)
bg = 0.0077,0.0218,0.0758 | ba = -0.0140,0.1263,0.1305
camera-imu timeoffset = 0.00002
cam0 intrinsics = 462.975,461.551,366.837,247.304 | -0.276,0.068,0.001,0.000
cam1 intrinsics = 462.197,460.931,379.193,253.870 | -0.277,0.069,0.001,0.000
cam0 extrinsics = -0.006,0.009,0.702,0.712 | 0.061,-0.020,0.004
cam1 extrinsics = -0.000,0.013,0.703,0.711 | -0.052,-0.020,0.006
q_GtoI = -0.377,-0.693,-0.371,0.490 | p_IinG = -1.194,0.008,0.706 | dist = 16.06 (meters)
bg = 0.0079,0.0219,0.0755 | ba = -0.0158,0.1284,0.1292
camera-imu timeoffset = 0.00003
cam0 intrinsics = 462.988,461.556,366.823,247.285 | -0.276,0.068,0.001,0.000
cam1 intrinsics = 462.200,460.923,379.179,253.851 | -0.277,0.069,0.001,0.000
cam0 extrinsics = -0.006,0.009,0.702,0.712 | 0.062,-0.019,0.004
cam1 extrinsics = -0.000,0.013,0.703,0.711 | -0.052,-0.020,0.006
q_GtoI = -0.378,-0.695,-0.368,0.489 | p_IinG = -1.232,-0.015,0.703 | dist = 16.10 (meters)
bg = 0.0072,0.0217,0.0752 | ba = -0.0187,0.1291,0.1278
camera-imu timeoffset = 0.00002
cam0 intrinsics = 462.979,461.535,366.795,247.278 | -0.276,0.068,0.001,0.000
cam1 intrinsics = 462.183,460.898,379.182,253.841 | -0.277,0.069,0.001,0.000
cam0 extrinsics = -0.006,0.009,0.702,0.712 | 0.062,-0.020,0.005
cam1 extrinsics = -0.000,0.013,0.703,0.711 | -0.052,-0.020,0.007
q_GtoI = -0.382,-0.697,-0.363,0.486 | p_IinG = -1.273,-0.038,0.699 | dist = 16.15 (meters)
bg = 0.0073,0.0219,0.0753 | ba = -0.0194,0.1310,0.1289
camera-imu timeoffset = 0.00002
cam0 intrinsics = 462.982,461.494,366.798,247.279 | -0.276,0.068,0.001,0.000
cam1 intrinsics = 462.189,460.862,379.203,253.833 | -0.277,0.069,0.001,0.000
cam0 extrinsics = -0.006,0.009,0.702,0.712 | 0.062,-0.020,0.005
cam1 extrinsics = -0.000,0.013,0.703,0.711 | -0.051,-0.020,0.007
q_GtoI = -0.388,-0.699,-0.357,0.483 | p_IinG = -1.317,-0.065,0.697 | dist = 16.20 (meters)
bg = 0.0074,0.0220,0.0752 | ba = -0.0194,0.1327,0.1294
camera-imu timeoffset = 0.00002
cam0 intrinsics = 462.972,461.470,366.790,247.283 | -0.276,0.068,0.001,0.000
cam1 intrinsics = 462.175,460.838,379.227,253.823 | -0.277,0.069,0.001,0.000
cam0 extrinsics = -0.006,0.009,0.702,0.712 | 0.062,-0.020,0.005
cam1 extrinsics = -0.000,0.013,0.703,0.711 | -0.051,-0.020,0.007
q_GtoI = -0.393,-0.700,-0.352,0.481 | p_IinG = -1.362,-0.097,0.695 | dist = 16.25 (meters)
bg = 0.0073,0.0220,0.0752 | ba = -0.0181,0.1333,0.1304
camera-imu timeoffset = 0.00001
cam0 intrinsics = 462.950,461.473,366.813,247.270 | -0.276,0.068,0.001,0.000
cam1 intrinsics = 462.149,460.835,379.248,253.810 | -0.277,0.069,0.001,0.000
cam0 extrinsics = -0.006,0.009,0.702,0.712 | 0.062,-0.020,0.005
cam1 extrinsics = -0.000,0.013,0.703,0.711 | -0.052,-0.021,0.007
q_GtoI = -0.398,-0.700,-0.348,0.479 | p_IinG = -1.411,-0.130,0.695 | dist = 16.31 (meters)
bg = 0.0076,0.0222,0.0753 | ba = -0.0170,0.1367,0.1320
camera-imu timeoffset = 0.00001
cam0 intrinsics = 462.960,461.483,366.819,247.264 | -0.276,0.068,0.001,0.000
cam1 intrinsics = 462.151,460.834,379.263,253.809 | -0.277,0.069,0.001,0.000
cam0 extrinsics = -0.006,0.009,0.702,0.712 | 0.062,-0.021,0.006
cam1 extrinsics = -0.000,0.013,0.703,0.711 | -0.052,-0.021,0.007
q_GtoI = -0.403,-0.701,-0.346,0.477 | p_IinG = -1.461,-0.165,0.696 | dist = 16.37 (meters)
bg = 0.0077,0.0222,0.0753 | ba = -0.0175,0.1385,0.1335
camera-imu timeoffset = 0.00002
cam0 intrinsics = 462.951,461.481,366.830,247.282 | -0.276,0.068,0.001,0.000
cam1 intrinsics = 462.143,460.830,379.284,253.809 | -0.277,0.069,0.001,0.000
cam0 extrinsics = -0.006,0.009,0.702,0.712 | 0.062,-0.021,0.006
cam1 extrinsics = -0.000,0.013,0.703,0.711 | -0.052,-0.022,0.007
q_GtoI = -0.405,-0.701,-0.347,0.474 | p_IinG = -1.511,-0.203,0.698 | dist = 16.43 (meters)
bg = 0.0078,0.0222,0.0753 | ba = -0.0168,0.1407,0.1342
camera-imu timeoffset = 0.00001
cam0 intrinsics = 462.950,461.485,366.852,247.294 | -0.276,0.068,0.001,0.000
cam1 intrinsics = 462.142,460.836,379.307,253.816 | -0.277,0.069,0.001,0.000
cam0 extrinsics = -0.006,0.009,0.702,0.712 | 0.062,-0.022,0.006
cam1 extrinsics = -0.000,0.013,0.703,0.711 | -0.052,-0.022,0.008
q_GtoI = -0.407,-0.700,-0.348,0.472 | p_IinG = -1.564,-0.243,0.700 | dist = 16.50 (meters)
bg = 0.0079,0.0222,0.0752 | ba = -0.0176,0.1431,0.1345
camera-imu timeoffset = 0.00001
cam0 intrinsics = 462.954,461.498,366.874,247.308 | -0.276,0.068,0.001,0.000
cam1 intrinsics = 462.147,460.848,379.328,253.828 | -0.277,0.069,0.001,0.000
cam0 extrinsics = -0.006,0.009,0.702,0.712 | 0.062,-0.022,0.006
cam1 extrinsics = -0.000,0.013,0.703,0.711 | -0.052,-0.022,0.008
q_GtoI = -0.412,-0.698,-0.347,0.472 | p_IinG = -1.619,-0.285,0.703 | dist = 16.56 (meters)
bg = 0.0080,0.0224,0.0751 | ba = -0.0185,0.1459,0.1348
camera-imu timeoffset = 0.00002
cam0 intrinsics = 462.966,461.514,366.886,247.320 | -0.276,0.068,0.001,0.000
cam1 intrinsics = 462.157,460.862,379.334,253.840 | -0.277,0.069,0.001,0.000
cam0 extrinsics = -0.006,0.009,0.702,0.712 | 0.063,-0.022,0.007
cam1 extrinsics = -0.000,0.013,0.703,0.711 | -0.051,-0.022,0.008
q_GtoI = -0.423,-0.696,-0.341,0.470 | p_IinG = -1.674,-0.325,0.706 | dist = 16.63 (meters)
bg = 0.0080,0.0227,0.0750 | ba = -0.0214,0.1472,0.1345
camera-imu timeoffset = 0.00001
cam0 intrinsics = 462.987,461.521,366.879,247.306 | -0.276,0.068,0.001,0.000
cam1 intrinsics = 462.179,460.869,379.333,253.825 | -0.277,0.069,0.001,0.000
cam0 extrinsics = -0.006,0.009,0.702,0.712 | 0.063,-0.022,0.007
cam1 extrinsics = -0.000,0.013,0.703,0.711 | -0.051,-0.022,0.009
q_GtoI = -0.435,-0.693,-0.334,0.468 | p_IinG = -1.729,-0.370,0.709 | dist = 16.70 (meters)
bg = 0.0077,0.0228,0.0748 | ba = -0.0228,0.1491,0.1332
camera-imu timeoffset = 0.00002
cam0 intrinsics = 463.006,461.549,366.867,247.311 | -0.276,0.068,0.001,0.000
cam1 intrinsics = 462.199,460.899,379.340,253.809 | -0.277,0.069,0.001,0.000
cam0 extrinsics = -0.006,0.009,0.702,0.712 | 0.063,-0.022,0.007
cam1 extrinsics = -0.000,0.013,0.703,0.711 | -0.051,-0.022,0.009
q_GtoI = -0.448,-0.691,-0.327,0.463 | p_IinG = -1.786,-0.416,0.712 | dist = 16.78 (meters)
bg = 0.0074,0.0229,0.0744 | ba = -0.0247,0.1508,0.1311
camera-imu timeoffset = 0.00002
cam0 intrinsics = 463.026,461.578,366.872,247.296 | -0.276,0.068,0.001,0.000
cam1 intrinsics = 462.219,460.930,379.344,253.787 | -0.277,0.069,0.001,0.000
cam0 extrinsics = -0.006,0.009,0.702,0.712 | 0.063,-0.022,0.007
cam1 extrinsics = -0.000,0.013,0.703,0.711 | -0.051,-0.022,0.009
q_GtoI = -0.461,-0.690,-0.321,0.456 | p_IinG = -1.843,-0.459,0.716 | dist = 16.85 (meters)
bg = 0.0073,0.0230,0.0744 | ba = -0.0259,0.1515,0.1313
camera-imu timeoffset = 0.00001
cam0 intrinsics = 463.040,461.586,366.883,247.284 | -0.276,0.068,0.001,0.000
cam1 intrinsics = 462.232,460.936,379.352,253.772 | -0.277,0.069,0.001,0.000
cam0 extrinsics = -0.006,0.009,0.702,0.712 | 0.063,-0.022,0.008
cam1 extrinsics = -0.001,0.013,0.703,0.711 | -0.051,-0.022,0.009
q_GtoI = -0.473,-0.689,-0.317,0.448 | p_IinG = -1.901,-0.503,0.720 | dist = 16.92 (meters)
bg = 0.0071,0.0229,0.0743 | ba = -0.0262,0.1526,0.1317
camera-imu timeoffset = 0.00001
cam0 intrinsics = 463.043,461.591,366.895,247.264 | -0.276,0.068,0.001,0.000
cam1 intrinsics = 462.239,460.946,379.367,253.745 | -0.277,0.069,0.001,0.000
cam0 extrinsics = -0.006,0.009,0.702,0.712 | 0.063,-0.022,0.008
cam1 extrinsics = -0.001,0.013,0.703,0.711 | -0.051,-0.022,0.009
q_GtoI = -0.484,-0.687,-0.317,0.440 | p_IinG = -1.958,-0.547,0.724 | dist = 16.99 (meters)
bg = 0.0069,0.0229,0.0745 | ba = -0.0253,0.1544,0.1324
camera-imu timeoffset = 0.00001
cam0 intrinsics = 463.061,461.599,366.908,247.248 | -0.276,0.068,0.001,0.000
cam1 intrinsics = 462.257,460.954,379.378,253.727 | -0.277,0.069,0.001,0.000
cam0 extrinsics = -0.006,0.009,0.702,0.712 | 0.063,-0.022,0.008
cam1 extrinsics = -0.000,0.013,0.703,0.711 | -0.051,-0.023,0.009
q_GtoI = -0.494,-0.685,-0.316,0.433 | p_IinG = -2.018,-0.587,0.728 | dist = 17.06 (meters)
bg = 0.0069,0.0229,0.0745 | ba = -0.0250,0.1557,0.1329
camera-imu timeoffset = 0.00000
cam0 intrinsics = 463.066,461.601,366.918,247.223 | -0.276,0.067,0.001,0.000
cam1 intrinsics = 462.261,460.956,379.389,253.701 | -0.277,0.069,0.001,0.000
cam0 extrinsics = -0.006,0.009,0.702,0.712 | 0.063,-0.022,0.008
cam1 extrinsics = -0.000,0.013,0.703,0.711 | -0.051,-0.023,0.010
q_GtoI = -0.504,-0.681,-0.316,0.428 | p_IinG = -2.077,-0.627,0.733 | dist = 17.13 (meters)
bg = 0.0066,0.0229,0.0745 | ba = -0.0247,0.1565,0.1318
camera-imu timeoffset = 0.00000
cam0 intrinsics = 463.056,461.606,366.938,247.197 | -0.276,0.067,0.001,0.000
cam1 intrinsics = 462.254,460.966,379.395,253.684 | -0.277,0.069,0.001,0.000
cam0 extrinsics = -0.006,0.009,0.702,0.712 | 0.063,-0.022,0.008
cam1 extrinsics = -0.001,0.013,0.703,0.711 | -0.051,-0.023,0.010
q_GtoI = -0.516,-0.675,-0.315,0.423 | p_IinG = -2.136,-0.664,0.737 | dist = 17.20 (meters)
bg = 0.0065,0.0228,0.0745 | ba = -0.0246,0.1569,0.1310
camera-imu timeoffset = 0.00001
cam0 intrinsics = 463.041,461.605,366.954,247.183 | -0.276,0.067,0.001,0.000
cam1 intrinsics = 462.242,460.969,379.400,253.670 | -0.277,0.069,0.001,0.000
cam0 extrinsics = -0.006,0.009,0.702,0.712 | 0.063,-0.022,0.008
cam1 extrinsics = -0.001,0.013,0.703,0.711 | -0.051,-0.023,0.009
q_GtoI = -0.531,-0.668,-0.311,0.419 | p_IinG = -2.196,-0.697,0.741 | dist = 17.27 (meters)
bg = 0.0063,0.0227,0.0745 | ba = -0.0247,0.1561,0.1299
camera-imu timeoffset = 0.00001
cam0 intrinsics = 463.029,461.598,366.969,247.174 | -0.276,0.067,0.001,0.000
cam1 intrinsics = 462.230,460.963,379.411,253.662 | -0.277,0.069,0.001,0.000
cam0 extrinsics = -0.006,0.009,0.702,0.712 | 0.063,-0.022,0.008
cam1 extrinsics = -0.001,0.013,0.703,0.711 | -0.051,-0.023,0.009
q_GtoI = -0.546,-0.660,-0.306,0.417 | p_IinG = -2.255,-0.726,0.744 | dist = 17.34 (meters)
bg = 0.0061,0.0226,0.0744 | ba = -0.0239,0.1553,0.1275
camera-imu timeoffset = 0.00001
cam0 intrinsics = 463.000,461.587,366.980,247.180 | -0.276,0.067,0.001,0.000
cam1 intrinsics = 462.200,460.952,379.428,253.671 | -0.277,0.069,0.001,0.000
cam0 extrinsics = -0.006,0.008,0.702,0.712 | 0.063,-0.023,0.008
cam1 extrinsics = -0.001,0.013,0.703,0.711 | -0.051,-0.023,0.009
q_GtoI = -0.563,-0.649,-0.297,0.416 | p_IinG = -2.313,-0.753,0.746 | dist = 17.40 (meters)
bg = 0.0059,0.0225,0.0743 | ba = -0.0236,0.1544,0.1259
camera-imu timeoffset = 0.00002
cam0 intrinsics = 462.977,461.586,366.991,247.167 | -0.276,0.067,0.001,0.000
cam1 intrinsics = 462.180,460.955,379.451,253.668 | -0.277,0.069,0.001,0.000
cam0 extrinsics = -0.006,0.008,0.702,0.712 | 0.063,-0.023,0.008
cam1 extrinsics = -0.001,0.013,0.703,0.711 | -0.051,-0.023,0.009
q_GtoI = -0.578,-0.639,-0.288,0.417 | p_IinG = -2.369,-0.782,0.742 | dist = 17.46 (meters)
bg = 0.0056,0.0217,0.0746 | ba = -0.0178,0.1505,0.1240
camera-imu timeoffset = 0.00002
cam0 intrinsics = 462.975,461.565,367.013,247.217 | -0.276,0.067,0.001,0.000
cam1 intrinsics = 462.185,460.935,379.475,253.745 | -0.277,0.069,0.001,0.000
cam0 extrinsics = -0.006,0.008,0.702,0.712 | 0.062,-0.023,0.008
cam1 extrinsics = -0.000,0.013,0.703,0.711 | -0.052,-0.023,0.009
q_GtoI = -0.592,-0.630,-0.281,0.417 | p_IinG = -2.424,-0.803,0.742 | dist = 17.52 (meters)
bg = 0.0054,0.0213,0.0746 | ba = -0.0160,0.1485,0.1224
camera-imu timeoffset = 0.00002
cam0 intrinsics = 462.943,461.567,367.027,247.232 | -0.276,0.067,0.001,0.000
cam1 intrinsics = 462.157,460.939,379.493,253.766 | -0.277,0.069,0.001,0.000
cam0 extrinsics = -0.006,0.008,0.702,0.712 | 0.062,-0.023,0.008
cam1 extrinsics = -0.000,0.013,0.703,0.711 | -0.052,-0.023,0.009
q_GtoI = -0.602,-0.622,-0.276,0.417 | p_IinG = -2.476,-0.818,0.743 | dist = 17.57 (meters)
bg = 0.0053,0.0212,0.0747 | ba = -0.0156,0.1475,0.1215
camera-imu timeoffset = 0.00002
cam0 intrinsics = 462.925,461.552,367.045,247.222 | -0.276,0.067,0.001,0.000
cam1 intrinsics = 462.144,460.930,379.519,253.763 | -0.277,0.069,0.001,0.000
cam0 extrinsics = -0.006,0.008,0.702,0.712 | 0.062,-0.023,0.008
cam1 extrinsics = -0.000,0.013,0.703,0.711 | -0.052,-0.023,0.009
q_GtoI = -0.609,-0.616,-0.274,0.417 | p_IinG = -2.524,-0.829,0.743 | dist = 17.62 (meters)
bg = 0.0050,0.0208,0.0748 | ba = -0.0153,0.1453,0.1201
camera-imu timeoffset = 0.00003
cam0 intrinsics = 462.901,461.546,367.064,247.214 | -0.276,0.067,0.001,0.000
cam1 intrinsics = 462.123,460.927,379.538,253.760 | -0.277,0.069,0.001,0.000
cam0 extrinsics = -0.006,0.008,0.702,0.712 | 0.061,-0.023,0.008
cam1 extrinsics = -0.000,0.013,0.703,0.711 | -0.053,-0.023,0.009
q_GtoI = -0.616,-0.610,-0.272,0.418 | p_IinG = -2.572,-0.833,0.744 | dist = 17.67 (meters)
bg = 0.0050,0.0205,0.0748 | ba = -0.0149,0.1443,0.1190
camera-imu timeoffset = 0.00003
cam0 intrinsics = 462.891,461.526,367.068,247.208 | -0.276,0.067,0.001,0.000
cam1 intrinsics = 462.115,460.907,379.536,253.763 | -0.277,0.069,0.001,0.000
cam0 extrinsics = -0.006,0.008,0.702,0.712 | 0.061,-0.023,0.007
cam1 extrinsics = -0.000,0.013,0.703,0.711 | -0.053,-0.023,0.009
q_GtoI = -0.620,-0.606,-0.270,0.419 | p_IinG = -2.611,-0.829,0.748 | dist = 17.71 (meters)
bg = 0.0048,0.0206,0.0749 | ba = -0.0158,0.1437,0.1171
camera-imu timeoffset = 0.00003
cam0 intrinsics = 462.870,461.493,367.080,247.189 | -0.276,0.067,0.001,0.000
cam1 intrinsics = 462.095,460.877,379.551,253.749 | -0.277,0.069,0.001,0.000
cam0 extrinsics = -0.006,0.008,0.702,0.712 | 0.061,-0.023,0.007
cam1 extrinsics = -0.000,0.013,0.703,0.711 | -0.053,-0.023,0.009
q_GtoI = -0.623,-0.603,-0.271,0.419 | p_IinG = -2.649,-0.821,0.750 | dist = 17.75 (meters)
bg = 0.0048,0.0204,0.0749 | ba = -0.0151,0.1424,0.1162
camera-imu timeoffset = 0.00004
cam0 intrinsics = 462.861,461.479,367.082,247.183 | -0.276,0.067,0.001,0.000
cam1 intrinsics = 462.090,460.867,379.553,253.751 | -0.277,0.069,0.001,0.000
cam0 extrinsics = -0.006,0.008,0.702,0.712 | 0.061,-0.023,0.007
cam1 extrinsics = -0.000,0.013,0.703,0.711 | -0.053,-0.023,0.009
q_GtoI = -0.623,-0.600,-0.274,0.421 | p_IinG = -2.681,-0.808,0.752 | dist = 17.78 (meters)
bg = 0.0048,0.0202,0.0749 | ba = -0.0142,0.1408,0.1154
camera-imu timeoffset = 0.00004
cam0 intrinsics = 462.853,461.474,367.080,247.184 | -0.276,0.067,0.001,0.000
cam1 intrinsics = 462.086,460.866,379.556,253.758 | -0.277,0.069,0.001,0.000
cam0 extrinsics = -0.006,0.008,0.702,0.712 | 0.061,-0.023,0.007
cam1 extrinsics = -0.000,0.013,0.703,0.711 | -0.053,-0.023,0.009
q_GtoI = -0.618,-0.598,-0.284,0.423 | p_IinG = -2.709,-0.788,0.756 | dist = 17.81 (meters)
bg = 0.0047,0.0200,0.0749 | ba = -0.0139,0.1394,0.1150
camera-imu timeoffset = 0.00005
cam0 intrinsics = 462.853,461.477,367.070,247.182 | -0.276,0.067,0.001,0.000
cam1 intrinsics = 462.087,460.870,379.551,253.759 | -0.277,0.069,0.001,0.000
cam0 extrinsics = -0.006,0.008,0.702,0.712 | 0.061,-0.023,0.007
cam1 extrinsics = -0.000,0.013,0.703,0.711 | -0.054,-0.023,0.009
q_GtoI = -0.610,-0.599,-0.299,0.424 | p_IinG = -2.733,-0.766,0.761 | dist = 17.85 (meters)
bg = 0.0046,0.0198,0.0749 | ba = -0.0142,0.1393,0.1147
camera-imu timeoffset = 0.00005
cam0 intrinsics = 462.859,461.498,367.065,247.179 | -0.276,0.067,0.001,0.000
cam1 intrinsics = 462.093,460.893,379.544,253.757 | -0.277,0.069,0.001,0.000
cam0 extrinsics = -0.006,0.008,0.702,0.712 | 0.060,-0.023,0.007
cam1 extrinsics = -0.000,0.013,0.703,0.711 | -0.054,-0.023,0.009
q_GtoI = -0.599,-0.603,-0.315,0.423 | p_IinG = -2.748,-0.739,0.771 | dist = 17.88 (meters)
bg = 0.0043,0.0203,0.0752 | ba = -0.0172,0.1394,0.1165
camera-imu timeoffset = 0.00006
cam0 intrinsics = 462.857,461.505,367.071,247.169 | -0.276,0.067,0.001,0.000
cam1 intrinsics = 462.087,460.899,379.544,253.747 | -0.277,0.069,0.001,0.000
cam0 extrinsics = -0.006,0.008,0.702,0.712 | 0.059,-0.023,0.007
cam1 extrinsics = -0.000,0.013,0.703,0.711 | -0.055,-0.023,0.009
q_GtoI = -0.588,-0.606,-0.330,0.422 | p_IinG = -2.764,-0.711,0.776 | dist = 17.91 (meters)
bg = 0.0041,0.0205,0.0753 | ba = -0.0181,0.1400,0.1166
camera-imu timeoffset = 0.00006
cam0 intrinsics = 462.854,461.519,367.070,247.159 | -0.276,0.067,0.001,0.000
cam1 intrinsics = 462.083,460.913,379.545,253.736 | -0.277,0.069,0.001,0.000
cam0 extrinsics = -0.006,0.008,0.702,0.712 | 0.059,-0.023,0.007
cam1 extrinsics = -0.000,0.013,0.703,0.711 | -0.055,-0.023,0.008
q_GtoI = -0.579,-0.610,-0.342,0.420 | p_IinG = -2.779,-0.677,0.775 | dist = 17.95 (meters)
bg = 0.0039,0.0205,0.0751 | ba = -0.0174,0.1400,0.1141
camera-imu timeoffset = 0.00006
cam0 intrinsics = 462.851,461.508,367.067,247.142 | -0.276,0.067,0.001,0.000
cam1 intrinsics = 462.079,460.902,379.555,253.726 | -0.277,0.069,0.001,0.000
cam0 extrinsics = -0.006,0.008,0.702,0.712 | 0.059,-0.023,0.007
cam1 extrinsics = -0.000,0.013,0.703,0.711 | -0.055,-0.024,0.009
q_GtoI = -0.571,-0.612,-0.351,0.420 | p_IinG = -2.792,-0.643,0.772 | dist = 17.99 (meters)
bg = 0.0037,0.0207,0.0750 | ba = -0.0185,0.1406,0.1130
camera-imu timeoffset = 0.00006
cam0 intrinsics = 462.834,461.483,367.065,247.148 | -0.276,0.067,0.001,0.000
cam1 intrinsics = 462.062,460.877,379.554,253.733 | -0.277,0.069,0.001,0.000
cam0 extrinsics = -0.006,0.008,0.702,0.712 | 0.059,-0.023,0.007
cam1 extrinsics = -0.000,0.013,0.703,0.711 | -0.055,-0.024,0.008
q_GtoI = -0.566,-0.613,-0.357,0.420 | p_IinG = -2.806,-0.608,0.764 | dist = 18.02 (meters)
bg = 0.0036,0.0207,0.0748 | ba = -0.0182,0.1405,0.1118
camera-imu timeoffset = 0.00006
cam0 intrinsics = 462.825,461.461,367.053,247.165 | -0.276,0.067,0.001,0.000
cam1 intrinsics = 462.051,460.854,379.544,253.750 | -0.277,0.069,0.001,0.000
cam0 extrinsics = -0.006,0.008,0.702,0.712 | 0.059,-0.023,0.007
cam1 extrinsics = -0.000,0.013,0.703,0.711 | -0.055,-0.024,0.009
q_GtoI = -0.561,-0.615,-0.363,0.420 | p_IinG = -2.818,-0.572,0.753 | dist = 18.06 (meters)
bg = 0.0035,0.0209,0.0748 | ba = -0.0188,0.1400,0.1119
camera-imu timeoffset = 0.00006
cam0 intrinsics = 462.814,461.457,367.035,247.189 | -0.276,0.067,0.001,0.000
cam1 intrinsics = 462.038,460.849,379.522,253.775 | -0.277,0.069,0.001,0.000
cam0 extrinsics = -0.006,0.008,0.702,0.712 | 0.059,-0.023,0.007
cam1 extrinsics = -0.000,0.013,0.703,0.711 | -0.055,-0.024,0.009
q_GtoI = -0.555,-0.617,-0.369,0.418 | p_IinG = -2.830,-0.536,0.740 | dist = 18.11 (meters)
bg = 0.0034,0.0211,0.0747 | ba = -0.0192,0.1396,0.1124
camera-imu timeoffset = 0.00006
cam0 intrinsics = 462.811,461.452,367.005,247.216 | -0.276,0.067,0.001,0.000
cam1 intrinsics = 462.033,460.842,379.487,253.804 | -0.277,0.069,0.001,0.000
cam0 extrinsics = -0.006,0.008,0.702,0.712 | 0.059,-0.024,0.007
cam1 extrinsics = -0.000,0.013,0.703,0.711 | -0.055,-0.024,0.009
q_GtoI = -0.550,-0.620,-0.373,0.417 | p_IinG = -2.841,-0.501,0.727 | dist = 18.15 (meters)
bg = 0.0031,0.0214,0.0748 | ba = -0.0215,0.1388,0.1142
camera-imu timeoffset = 0.00006
cam0 intrinsics = 462.781,461.432,367.026,247.227 | -0.276,0.067,0.001,0.000
cam1 intrinsics = 462.000,460.819,379.503,253.820 | -0.277,0.069,0.001,0.000
cam0 extrinsics = -0.006,0.008,0.702,0.712 | 0.059,-0.024,0.007
cam1 extrinsics = -0.000,0.013,0.703,0.711 | -0.055,-0.024,0.009
q_GtoI = -0.549,-0.623,-0.372,0.415 | p_IinG = -2.854,-0.463,0.712 | dist = 18.19 (meters)
bg = 0.0031,0.0215,0.0748 | ba = -0.0219,0.1380,0.1147
camera-imu timeoffset = 0.00006
cam0 intrinsics = 462.775,461.415,367.027,247.249 | -0.276,0.067,0.001,0.000
cam1 intrinsics = 461.994,460.803,379.480,253.843 | -0.277,0.069,0.001,0.000
cam0 extrinsics = -0.006,0.008,0.702,0.712 | 0.059,-0.024,0.007
cam1 extrinsics = -0.000,0.013,0.703,0.711 | -0.055,-0.024,0.009
q_GtoI = -0.550,-0.625,-0.369,0.414 | p_IinG = -2.865,-0.424,0.694 | dist = 18.24 (meters)
bg = 0.0027,0.0215,0.0750 | ba = -0.0205,0.1355,0.1142
camera-imu timeoffset = 0.00006
cam0 intrinsics = 462.731,461.357,367.023,247.299 | -0.276,0.067,0.001,0.000
cam1 intrinsics = 461.955,460.752,379.489,253.898 | -0.277,0.069,0.001,0.000
cam0 extrinsics = -0.006,0.008,0.702,0.712 | 0.059,-0.024,0.007
cam1 extrinsics = -0.000,0.013,0.703,0.711 | -0.055,-0.024,0.009
q_GtoI = -0.552,-0.627,-0.363,0.413 | p_IinG = -2.878,-0.386,0.677 | dist = 18.28 (meters)
bg = 0.0025,0.0215,0.0751 | ba = -0.0198,0.1345,0.1145
camera-imu timeoffset = 0.00005
cam0 intrinsics = 462.712,461.338,367.028,247.310 | -0.276,0.067,0.001,0.000
cam1 intrinsics = 461.937,460.733,379.503,253.908 | -0.277,0.069,0.001,0.000
cam0 extrinsics = -0.006,0.008,0.702,0.712 | 0.059,-0.024,0.007
cam1 extrinsics = -0.000,0.013,0.703,0.711 | -0.055,-0.024,0.009
q_GtoI = -0.554,-0.629,-0.358,0.411 | p_IinG = -2.892,-0.346,0.660 | dist = 18.33 (meters)
bg = 0.0025,0.0216,0.0751 | ba = -0.0189,0.1338,0.1153
camera-imu timeoffset = 0.00005
cam0 intrinsics = 462.712,461.332,367.057,247.295 | -0.276,0.067,0.001,0.000
cam1 intrinsics = 461.935,460.727,379.521,253.889 | -0.277,0.069,0.001,0.000
cam0 extrinsics = -0.006,0.008,0.702,0.712 | 0.059,-0.024,0.007
cam1 extrinsics = -0.000,0.013,0.703,0.711 | -0.055,-0.025,0.008
q_GtoI = -0.555,-0.631,-0.354,0.410 | p_IinG = -2.907,-0.306,0.644 | dist = 18.37 (meters)
bg = 0.0025,0.0216,0.0752 | ba = -0.0184,0.1335,0.1155
camera-imu timeoffset = 0.00005
cam0 intrinsics = 462.705,461.317,367.072,247.300 | -0.276,0.067,0.001,0.000
cam1 intrinsics = 461.927,460.711,379.536,253.894 | -0.277,0.069,0.001,0.000
cam0 extrinsics = -0.006,0.008,0.702,0.712 | 0.059,-0.024,0.007
cam1 extrinsics = -0.000,0.013,0.703,0.711 | -0.055,-0.025,0.008
q_GtoI = -0.555,-0.631,-0.353,0.412 | p_IinG = -2.922,-0.264,0.629 | dist = 18.42 (meters)
bg = 0.0025,0.0216,0.0753 | ba = -0.0176,0.1330,0.1156
camera-imu timeoffset = 0.00005
cam0 intrinsics = 462.695,461.293,367.088,247.302 | -0.276,0.067,0.001,0.000
cam1 intrinsics = 461.917,460.689,379.550,253.895 | -0.277,0.069,0.001,0.000
cam0 extrinsics = -0.006,0.008,0.702,0.712 | 0.058,-0.024,0.007
cam1 extrinsics = -0.000,0.013,0.703,0.711 | -0.056,-0.025,0.008
q_GtoI = -0.554,-0.630,-0.353,0.415 | p_IinG = -2.937,-0.221,0.614 | dist = 18.47 (meters)
bg = 0.0024,0.0217,0.0753 | ba = -0.0173,0.1326,0.1157
camera-imu timeoffset = 0.00004
cam0 intrinsics = 462.680,461.267,367.104,247.299 | -0.276,0.067,0.001,0.000
cam1 intrinsics = 461.905,460.665,379.565,253.894 | -0.277,0.069,0.001,0.000
cam0 extrinsics = -0.006,0.008,0.702,0.712 | 0.058,-0.024,0.007
cam1 extrinsics = -0.000,0.013,0.703,0.711 | -0.056,-0.025,0.008
q_GtoI = -0.553,-0.627,-0.356,0.418 | p_IinG = -2.952,-0.177,0.599 | dist = 18.52 (meters)
bg = 0.0024,0.0216,0.0754 | ba = -0.0173,0.1320,0.1162
camera-imu timeoffset = 0.00005
cam0 intrinsics = 462.671,461.252,367.117,247.307 | -0.276,0.067,0.001,0.000
cam1 intrinsics = 461.899,460.655,379.560,253.903 | -0.277,0.069,0.001,0.000
cam0 extrinsics = -0.006,0.008,0.702,0.712 | 0.058,-0.024,0.007
cam1 extrinsics = -0.000,0.013,0.703,0.711 | -0.056,-0.025,0.008
q_GtoI = -0.553,-0.625,-0.359,0.418 | p_IinG = -2.967,-0.132,0.584 | dist = 18.57 (meters)
bg = 0.0024,0.0215,0.0754 | ba = -0.0177,0.1316,0.1171
camera-imu timeoffset = 0.00005
cam0 intrinsics = 462.679,461.257,367.106,247.323 | -0.276,0.067,0.001,0.000
cam1 intrinsics = 461.907,460.661,379.535,253.920 | -0.277,0.069,0.001,0.000
cam0 extrinsics = -0.006,0.008,0.702,0.712 | 0.058,-0.024,0.007
cam1 extrinsics = -0.000,0.013,0.703,0.711 | -0.056,-0.024,0.008
q_GtoI = -0.555,-0.620,-0.365,0.418 | p_IinG = -2.981,-0.085,0.569 | dist = 18.62 (meters)
bg = 0.0025,0.0214,0.0755 | ba = -0.0177,0.1317,0.1176
camera-imu timeoffset = 0.00004
cam0 intrinsics = 462.693,461.254,367.102,247.309 | -0.276,0.067,0.001,0.000
cam1 intrinsics = 461.922,460.662,379.532,253.904 | -0.277,0.069,0.001,0.000
cam0 extrinsics = -0.006,0.008,0.702,0.712 | 0.058,-0.024,0.006
cam1 extrinsics = -0.000,0.013,0.703,0.711 | -0.056,-0.025,0.008
q_GtoI = -0.559,-0.613,-0.370,0.418 | p_IinG = -2.994,-0.038,0.554 | dist = 18.67 (meters)
bg = 0.0025,0.0214,0.0755 | ba = -0.0174,0.1315,0.1172
camera-imu timeoffset = 0.00004
cam0 intrinsics = 462.700,461.254,367.083,247.294 | -0.276,0.067,0.001,0.000
cam1 intrinsics = 461.930,460.664,379.509,253.883 | -0.277,0.069,0.001,0.000
cam0 extrinsics = -0.006,0.008,0.702,0.712 | 0.058,-0.024,0.006
cam1 extrinsics = -0.000,0.013,0.703,0.711 | -0.056,-0.025,0.008
q_GtoI = -0.564,-0.606,-0.376,0.416 | p_IinG = -3.007,0.010,0.538 | dist = 18.72 (meters)
bg = 0.0025,0.0213,0.0756 | ba = -0.0163,0.1305,0.1156
camera-imu timeoffset = 0.00004
cam0 intrinsics = 462.685,461.243,367.104,247.302 | -0.276,0.067,0.001,0.000
cam1 intrinsics = 461.918,460.654,379.521,253.887 | -0.277,0.069,0.001,0.000
cam0 extrinsics = -0.006,0.008,0.702,0.712 | 0.058,-0.025,0.006
cam1 extrinsics = -0.000,0.013,0.703,0.711 | -0.056,-0.025,0.008
q_GtoI = -0.570,-0.598,-0.384,0.412 | p_IinG = -3.019,0.059,0.524 | dist = 18.77 (meters)
bg = 0.0024,0.0213,0.0756 | ba = -0.0157,0.1306,0.1147
camera-imu timeoffset = 0.00004
cam0 intrinsics = 462.672,461.240,367.096,247.325 | -0.276,0.067,0.001,0.000
cam1 intrinsics = 461.910,460.656,379.516,253.903 | -0.277,0.069,0.001,0.000
cam0 extrinsics = -0.006,0.008,0.702,0.712 | 0.059,-0.025,0.006
cam1 extrinsics = -0.000,0.013,0.703,0.711 | -0.055,-0.025,0.008
q_GtoI = -0.577,-0.589,-0.390,0.409 | p_IinG = -3.032,0.106,0.508 | dist = 18.82 (meters)
bg = 0.0022,0.0212,0.0756 | ba = -0.0147,0.1300,0.1141
camera-imu timeoffset = 0.00004
cam0 intrinsics = 462.662,461.254,367.027,247.258 | -0.276,0.067,0.001,0.000
cam1 intrinsics = 461.899,460.672,379.432,253.832 | -0.277,0.069,0.001,0.000
cam0 extrinsics = -0.006,0.008,0.702,0.712 | 0.059,-0.025,0.006
cam1 extrinsics = -0.000,0.013,0.703,0.711 | -0.055,-0.025,0.008
q_GtoI = -0.586,-0.579,-0.396,0.406 | p_IinG = -3.042,0.153,0.493 | dist = 18.87 (meters)
bg = 0.0019,0.0212,0.0756 | ba = -0.0153,0.1286,0.1117
camera-imu timeoffset = 0.00003
cam0 intrinsics = 462.619,461.238,366.968,247.215 | -0.276,0.067,0.001,0.000
cam1 intrinsics = 461.865,460.662,379.383,253.783 | -0.277,0.069,0.001,0.000
cam0 extrinsics = -0.006,0.008,0.702,0.712 | 0.059,-0.025,0.006
cam1 extrinsics = -0.000,0.013,0.703,0.711 | -0.055,-0.025,0.008
q_GtoI = -0.596,-0.569,-0.400,0.402 | p_IinG = -3.052,0.202,0.479 | dist = 18.92 (meters)
bg = 0.0018,0.0212,0.0756 | ba = -0.0174,0.1273,0.1103
camera-imu timeoffset = 0.00003
cam0 intrinsics = 462.593,461.232,366.963,247.212 | -0.276,0.067,0.001,0.000
cam1 intrinsics = 461.841,460.656,379.383,253.779 | -0.277,0.069,0.001,0.000
cam0 extrinsics = -0.006,0.008,0.702,0.712 | 0.059,-0.025,0.006
cam1 extrinsics = -0.000,0.013,0.703,0.711 | -0.055,-0.025,0.008
q_GtoI = -0.607,-0.558,-0.404,0.396 | p_IinG = -3.062,0.250,0.463 | dist = 18.98 (meters)
bg = 0.0017,0.0212,0.0755 | ba = -0.0194,0.1261,0.1099
camera-imu timeoffset = 0.00003
cam0 intrinsics = 462.565,461.234,366.961,247.197 | -0.276,0.067,0.001,0.000
cam1 intrinsics = 461.818,460.662,379.378,253.765 | -0.277,0.069,0.001,0.000
cam0 extrinsics = -0.006,0.008,0.702,0.712 | 0.059,-0.025,0.006
cam1 extrinsics = -0.000,0.013,0.703,0.711 | -0.054,-0.025,0.008
q_GtoI = -0.617,-0.547,-0.410,0.389 | p_IinG = -3.072,0.299,0.448 | dist = 19.03 (meters)
bg = 0.0017,0.0212,0.0754 | ba = -0.0200,0.1258,0.1098
camera-imu timeoffset = 0.00003
cam0 intrinsics = 462.550,461.243,366.977,247.201 | -0.276,0.067,0.001,0.000
cam1 intrinsics = 461.805,460.673,379.384,253.781 | -0.277,0.069,0.001,0.000
cam0 extrinsics = -0.006,0.008,0.702,0.712 | 0.059,-0.025,0.006
cam1 extrinsics = -0.000,0.013,0.703,0.711 | -0.054,-0.025,0.008
q_GtoI = -0.629,-0.535,-0.414,0.384 | p_IinG = -3.081,0.347,0.433 | dist = 19.08 (meters)
bg = 0.0017,0.0210,0.0754 | ba = -0.0221,0.1242,0.1107
camera-imu timeoffset = 0.00003
cam0 intrinsics = 462.519,461.250,367.010,247.161 | -0.276,0.067,0.001,0.000
cam1 intrinsics = 461.775,460.683,379.417,253.741 | -0.277,0.069,0.001,0.000
cam0 extrinsics = -0.006,0.008,0.702,0.712 | 0.059,-0.025,0.006
cam1 extrinsics = 0.000,0.013,0.703,0.711 | -0.055,-0.025,0.008
q_GtoI = -0.640,-0.522,-0.417,0.380 | p_IinG = -3.090,0.393,0.419 | dist = 19.13 (meters)
bg = 0.0016,0.0209,0.0754 | ba = -0.0243,0.1229,0.1125
camera-imu timeoffset = 0.00004
cam0 intrinsics = 462.514,461.268,366.957,247.122 | -0.276,0.067,0.001,0.000
cam1 intrinsics = 461.771,460.705,379.341,253.711 | -0.277,0.069,0.001,0.000
cam0 extrinsics = -0.006,0.008,0.702,0.712 | 0.059,-0.025,0.006
cam1 extrinsics = 0.000,0.013,0.703,0.711 | -0.054,-0.025,0.008
q_GtoI = -0.650,-0.509,-0.419,0.377 | p_IinG = -3.096,0.439,0.405 | dist = 19.18 (meters)
bg = 0.0014,0.0209,0.0753 | ba = -0.0255,0.1212,0.1133
camera-imu timeoffset = 0.00003
cam0 intrinsics = 462.498,461.247,366.952,247.146 | -0.276,0.067,0.001,0.000
cam1 intrinsics = 461.751,460.683,379.332,253.751 | -0.277,0.068,0.001,0.000
cam0 extrinsics = -0.006,0.008,0.702,0.712 | 0.060,-0.025,0.006
cam1 extrinsics = 0.000,0.013,0.703,0.711 | -0.054,-0.025,0.008
q_GtoI = -0.660,-0.498,-0.420,0.375 | p_IinG = -3.101,0.485,0.392 | dist = 19.23 (meters)
bg = 0.0014,0.0207,0.0753 | ba = -0.0261,0.1187,0.1142
camera-imu timeoffset = 0.00003
cam0 intrinsics = 462.455,461.209,366.957,247.114 | -0.276,0.067,0.001,0.000
cam1 intrinsics = 461.711,460.646,379.353,253.732 | -0.277,0.069,0.001,0.000
cam0 extrinsics = -0.006,0.008,0.702,0.712 | 0.060,-0.025,0.006
cam1 extrinsics = 0.000,0.013,0.703,0.711 | -0.054,-0.025,0.008
q_GtoI = -0.668,-0.487,-0.421,0.373 | p_IinG = -3.105,0.531,0.380 | dist = 19.28 (meters)
bg = 0.0013,0.0207,0.0754 | ba = -0.0276,0.1178,0.1158
camera-imu timeoffset = 0.00003
cam0 intrinsics = 462.440,461.200,366.972,247.071 | -0.275,0.067,0.001,0.000
cam1 intrinsics = 461.697,460.638,379.364,253.695 | -0.277,0.069,0.001,0.000
cam0 extrinsics = -0.006,0.008,0.702,0.712 | 0.060,-0.025,0.006
cam1 extrinsics = 0.000,0.013,0.703,0.711 | -0.054,-0.025,0.008
q_GtoI = -0.676,-0.474,-0.421,0.375 | p_IinG = -3.108,0.578,0.368 | dist = 19.32 (meters)
bg = 0.0014,0.0204,0.0754 | ba = -0.0291,0.1173,0.1168
camera-imu timeoffset = 0.00003
cam0 intrinsics = 462.442,461.184,366.998,247.036 | -0.275,0.067,0.001,0.000
cam1 intrinsics = 461.702,460.627,379.373,253.688 | -0.277,0.069,0.001,0.000
cam0 extrinsics = -0.006,0.008,0.702,0.712 | 0.060,-0.025,0.006
cam1 extrinsics = 0.000,0.013,0.703,0.711 | -0.054,-0.025,0.008
q_GtoI = -0.682,-0.464,-0.423,0.376 | p_IinG = -3.106,0.623,0.358 | dist = 19.37 (meters)
bg = 0.0014,0.0202,0.0753 | ba = -0.0294,0.1163,0.1173
camera-imu timeoffset = 0.00004
cam0 intrinsics = 462.437,461.176,367.017,247.019 | -0.275,0.067,0.001,0.000
cam1 intrinsics = 461.695,460.618,379.402,253.689 | -0.277,0.069,0.001,0.000
cam0 extrinsics = -0.006,0.008,0.702,0.712 | 0.060,-0.025,0.005
cam1 extrinsics = 0.000,0.013,0.703,0.711 | -0.054,-0.025,0.007
q_GtoI = -0.686,-0.454,-0.424,0.378 | p_IinG = -3.103,0.668,0.349 | dist = 19.42 (meters)
bg = 0.0013,0.0201,0.0752 | ba = -0.0306,0.1155,0.1174
camera-imu timeoffset = 0.00003
cam0 intrinsics = 462.425,461.156,367.028,246.997 | -0.275,0.067,0.001,0.000
cam1 intrinsics = 461.688,460.602,379.410,253.679 | -0.277,0.069,0.001,0.000
cam0 extrinsics = -0.006,0.008,0.702,0.712 | 0.060,-0.025,0.005
cam1 extrinsics = 0.000,0.013,0.703,0.711 | -0.054,-0.025,0.007
q_GtoI = -0.689,-0.446,-0.427,0.379 | p_IinG = -3.095,0.713,0.341 | dist = 19.47 (meters)
bg = 0.0012,0.0200,0.0753 | ba = -0.0322,0.1142,0.1167
camera-imu timeoffset = 0.00003
cam0 intrinsics = 462.417,461.151,367.025,246.988 | -0.275,0.067,0.001,0.000
cam1 intrinsics = 461.680,460.598,379.416,253.681 | -0.277,0.069,0.001,0.000
cam0 extrinsics = -0.006,0.008,0.702,0.712 | 0.060,-0.025,0.005
cam1 extrinsics = 0.000,0.013,0.703,0.711 | -0.054,-0.025,0.007
q_GtoI = -0.688,-0.440,-0.435,0.378 | p_IinG = -3.084,0.757,0.335 | dist = 19.51 (meters)
bg = 0.0010,0.0199,0.0753 | ba = -0.0310,0.1131,0.1168
camera-imu timeoffset = 0.00003
cam0 intrinsics = 462.425,461.150,367.005,246.974 | -0.275,0.067,0.001,0.000
cam1 intrinsics = 461.689,460.599,379.406,253.682 | -0.277,0.069,0.001,0.000
cam0 extrinsics = -0.006,0.008,0.702,0.712 | 0.060,-0.025,0.005
cam1 extrinsics = 0.000,0.012,0.703,0.711 | -0.054,-0.025,0.007
q_GtoI = -0.683,-0.434,-0.450,0.377 | p_IinG = -3.069,0.801,0.331 | dist = 19.56 (meters)
bg = 0.0011,0.0198,0.0753 | ba = -0.0308,0.1127,0.1169
camera-imu timeoffset = 0.00004
cam0 intrinsics = 462.438,461.153,366.999,246.975 | -0.275,0.067,0.001,0.000
cam1 intrinsics = 461.701,460.600,379.412,253.687 | -0.277,0.069,0.001,0.000
cam0 extrinsics = -0.006,0.008,0.702,0.712 | 0.060,-0.025,0.006
cam1 extrinsics = 0.000,0.012,0.703,0.711 | -0.054,-0.025,0.007
q_GtoI = -0.675,-0.432,-0.470,0.369 | p_IinG = -3.051,0.844,0.330 | dist = 19.60 (meters)
bg = 0.0011,0.0199,0.0753 | ba = -0.0297,0.1122,0.1170
camera-imu timeoffset = 0.00004
cam0 intrinsics = 462.446,461.146,366.989,246.982 | -0.275,0.067,0.001,0.000
cam1 intrinsics = 461.709,460.592,379.418,253.700 | -0.277,0.069,0.001,0.000
cam0 extrinsics = -0.006,0.008,0.702,0.712 | 0.060,-0.025,0.006
cam1 extrinsics = 0.000,0.012,0.703,0.711 | -0.054,-0.025,0.008
q_GtoI = -0.668,-0.430,-0.490,0.360 | p_IinG = -3.033,0.885,0.328 | dist = 19.64 (meters)
bg = 0.0010,0.0198,0.0754 | ba = -0.0280,0.1113,0.1164
camera-imu timeoffset = 0.00004
cam0 intrinsics = 462.445,461.145,366.999,246.953 | -0.275,0.067,0.001,0.000
cam1 intrinsics = 461.710,460.592,379.433,253.679 | -0.277,0.069,0.001,0.000
cam0 extrinsics = -0.006,0.008,0.702,0.712 | 0.061,-0.026,0.006
cam1 extrinsics = 0.000,0.012,0.703,0.711 | -0.053,-0.026,0.008
q_GtoI = -0.664,-0.427,-0.505,0.349 | p_IinG = -3.014,0.922,0.326 | dist = 19.68 (meters)
bg = 0.0009,0.0198,0.0753 | ba = -0.0265,0.1105,0.1155
camera-imu timeoffset = 0.00004
cam0 intrinsics = 462.416,461.133,366.998,246.963 | -0.275,0.067,0.001,0.000
cam1 intrinsics = 461.686,460.583,379.438,253.695 | -0.277,0.069,0.001,0.000
cam0 extrinsics = -0.006,0.008,0.702,0.712 | 0.061,-0.026,0.006
cam1 extrinsics = 0.000,0.012,0.703,0.711 | -0.053,-0.027,0.008
q_GtoI = -0.661,-0.423,-0.516,0.342 | p_IinG = -2.996,0.954,0.324 | dist = 19.72 (meters)
bg = 0.0007,0.0198,0.0753 | ba = -0.0267,0.1097,0.1154
camera-imu timeoffset = 0.00004
cam0 intrinsics = 462.379,461.121,366.999,246.982 | -0.275,0.067,0.001,0.000
cam1 intrinsics = 461.657,460.578,379.436,253.717 | -0.277,0.069,0.001,0.000
cam0 extrinsics = -0.006,0.008,0.702,0.712 | 0.061,-0.027,0.006
cam1 extrinsics = 0.000,0.013,0.703,0.711 | -0.053,-0.027,0.008
q_GtoI = -0.661,-0.420,-0.524,0.336 | p_IinG = -2.979,0.981,0.321 | dist = 19.76 (meters)
bg = 0.0004,0.0197,0.0753 | ba = -0.0279,0.1076,0.1166
camera-imu timeoffset = 0.00003
cam0 intrinsics = 462.351,461.102,367.007,246.994 | -0.275,0.067,0.001,0.000
cam1 intrinsics = 461.636,460.566,379.452,253.734 | -0.277,0.069,0.001,0.000
cam0 extrinsics = -0.006,0.008,0.702,0.712 | 0.061,-0.027,0.006
cam1 extrinsics = 0.000,0.013,0.703,0.711 | -0.053,-0.028,0.008
q_GtoI = -0.663,-0.417,-0.527,0.331 | p_IinG = -2.963,1.006,0.318 | dist = 19.79 (meters)
bg = 0.0001,0.0196,0.0752 | ba = -0.0275,0.1059,0.1173
camera-imu timeoffset = 0.00004
cam0 intrinsics = 462.313,461.086,367.013,247.006 | -0.275,0.067,0.001,0.000
cam1 intrinsics = 461.603,460.555,379.453,253.750 | -0.277,0.069,0.001,0.000
cam0 extrinsics = -0.006,0.008,0.702,0.712 | 0.061,-0.027,0.006
cam1 extrinsics = 0.000,0.013,0.703,0.711 | -0.053,-0.028,0.008
q_GtoI = -0.669,-0.413,-0.523,0.330 | p_IinG = -2.949,1.028,0.316 | dist = 19.82 (meters)
bg = -0.0002,0.0195,0.0751 | ba = -0.0281,0.1036,0.1165
camera-imu timeoffset = 0.00004
cam0 intrinsics = 462.292,461.055,367.014,247.011 | -0.275,0.067,0.001,0.000
cam1 intrinsics = 461.587,460.531,379.450,253.765 | -0.277,0.069,0.001,0.000
cam0 extrinsics = -0.006,0.008,0.702,0.712 | 0.061,-0.027,0.006
cam1 extrinsics = 0.000,0.013,0.703,0.711 | -0.053,-0.027,0.008
q_GtoI = -0.676,-0.412,-0.516,0.327 | p_IinG = -2.936,1.047,0.313 | dist = 19.84 (meters)
bg = -0.0006,0.0194,0.0751 | ba = -0.0273,0.1025,0.1150
camera-imu timeoffset = 0.00004
cam0 intrinsics = 462.252,461.032,367.026,247.038 | -0.275,0.067,0.001,0.000
cam1 intrinsics = 461.549,460.506,379.448,253.771 | -0.277,0.069,0.000,0.000
cam0 extrinsics = -0.006,0.008,0.702,0.712 | 0.061,-0.027,0.005
cam1 extrinsics = 0.000,0.013,0.703,0.711 | -0.053,-0.027,0.007
q_GtoI = -0.684,-0.409,-0.507,0.328 | p_IinG = -2.924,1.065,0.308 | dist = 19.86 (meters)
bg = -0.0009,0.0194,0.0751 | ba = -0.0249,0.1012,0.1131
camera-imu timeoffset = 0.00004
cam0 intrinsics = 462.234,461.013,367.033,247.027 | -0.275,0.067,0.001,0.000
cam1 intrinsics = 461.537,460.493,379.446,253.762 | -0.277,0.069,0.000,0.000
cam0 extrinsics = -0.006,0.008,0.702,0.712 | 0.060,-0.027,0.005
cam1 extrinsics = 0.000,0.013,0.703,0.711 | -0.054,-0.027,0.007
q_GtoI = -0.689,-0.406,-0.501,0.330 | p_IinG = -2.913,1.083,0.301 | dist = 19.89 (meters)
bg = -0.0010,0.0195,0.0752 | ba = -0.0217,0.1011,0.1115
camera-imu timeoffset = 0.00003
cam0 intrinsics = 462.228,460.995,367.041,246.996 | -0.275,0.067,0.001,0.000
cam1 intrinsics = 461.538,460.482,379.443,253.729 | -0.277,0.069,0.000,0.000
cam0 extrinsics = -0.006,0.008,0.702,0.712 | 0.059,-0.026,0.004
cam1 extrinsics = 0.000,0.013,0.703,0.711 | -0.055,-0.027,0.006
q_GtoI = -0.692,-0.402,-0.498,0.334 | p_IinG = -2.901,1.099,0.291 | dist = 19.91 (meters)
bg = -0.0011,0.0195,0.0752 | ba = -0.0169,0.1005,0.1129
camera-imu timeoffset = 0.00001
cam0 intrinsics = 462.223,460.980,367.052,246.956 | -0.275,0.067,0.001,0.000
cam1 intrinsics = 461.540,460.475,379.439,253.686 | -0.277,0.069,0.000,0.000
cam0 extrinsics = -0.006,0.008,0.702,0.712 | 0.059,-0.026,0.004
cam1 extrinsics = 0.000,0.013,0.703,0.711 | -0.055,-0.026,0.006
q_GtoI = -0.691,-0.398,-0.499,0.340 | p_IinG = -2.887,1.115,0.281 | dist = 19.93 (meters)
bg = -0.0011,0.0196,0.0753 | ba = -0.0121,0.0996,0.1156
camera-imu timeoffset = 0.00001
cam0 intrinsics = 462.231,460.979,367.060,246.914 | -0.275,0.067,0.001,0.000
cam1 intrinsics = 461.544,460.473,379.439,253.624 | -0.277,0.069,0.000,0.000
cam0 extrinsics = -0.006,0.008,0.702,0.712 | 0.059,-0.026,0.005
cam1 extrinsics = 0.000,0.013,0.703,0.711 | -0.055,-0.026,0.007
q_GtoI = -0.688,-0.395,-0.502,0.344 | p_IinG = -2.874,1.127,0.270 | dist = 19.95 (meters)
bg = -0.0012,0.0196,0.0752 | ba = -0.0073,0.0986,0.1194
camera-imu timeoffset = -0.00000
cam0 intrinsics = 462.233,460.972,367.056,246.859 | -0.275,0.067,0.001,0.000
cam1 intrinsics = 461.552,460.472,379.427,253.568 | -0.277,0.069,0.000,0.000
cam0 extrinsics = -0.006,0.008,0.702,0.712 | 0.059,-0.025,0.006
cam1 extrinsics = 0.000,0.013,0.703,0.711 | -0.055,-0.025,0.008
q_GtoI = -0.684,-0.393,-0.507,0.348 | p_IinG = -2.860,1.136,0.259 | dist = 19.97 (meters)
bg = -0.0013,0.0195,0.0753 | ba = -0.0029,0.0986,0.1226
camera-imu timeoffset = 0.00000
cam0 intrinsics = 462.235,460.956,367.057,246.797 | -0.275,0.067,0.001,0.000
cam1 intrinsics = 461.557,460.461,379.412,253.498 | -0.277,0.069,0.000,0.000
cam0 extrinsics = -0.006,0.008,0.702,0.712 | 0.059,-0.024,0.007
cam1 extrinsics = 0.000,0.013,0.703,0.711 | -0.055,-0.024,0.009
q_GtoI = -0.679,-0.392,-0.512,0.350 | p_IinG = -2.845,1.143,0.251 | dist = 19.98 (meters)
bg = -0.0015,0.0198,0.0757 | ba = -0.0001,0.0978,0.1259
camera-imu timeoffset = 0.00001
cam0 intrinsics = 462.270,460.957,367.108,246.644 | -0.275,0.067,0.001,0.000
cam1 intrinsics = 461.588,460.463,379.406,253.341 | -0.277,0.069,0.001,0.000
cam0 extrinsics = -0.006,0.008,0.702,0.712 | 0.059,-0.023,0.008
cam1 extrinsics = 0.000,0.013,0.703,0.711 | -0.054,-0.023,0.010
q_GtoI = -0.675,-0.393,-0.516,0.350 | p_IinG = -2.833,1.146,0.245 | dist = 20.00 (meters)
bg = -0.0015,0.0198,0.0758 | ba = 0.0022,0.0976,0.1269
camera-imu timeoffset = 0.00001
cam0 intrinsics = 462.267,460.954,367.110,246.612 | -0.275,0.067,0.001,0.000
cam1 intrinsics = 461.587,460.464,379.399,253.304 | -0.277,0.069,0.001,0.000
cam0 extrinsics = -0.006,0.008,0.702,0.712 | 0.060,-0.022,0.008
cam1 extrinsics = 0.000,0.013,0.703,0.711 | -0.054,-0.023,0.010
q_GtoI = -0.672,-0.396,-0.520,0.349 | p_IinG = -2.820,1.145,0.240 | dist = 20.01 (meters)
bg = -0.0015,0.0199,0.0758 | ba = 0.0059,0.0973,0.1274
camera-imu timeoffset = 0.00002
cam0 intrinsics = 462.266,460.961,367.108,246.578 | -0.275,0.067,0.001,0.000
cam1 intrinsics = 461.580,460.468,379.398,253.267 | -0.277,0.069,0.001,0.000
cam0 extrinsics = -0.006,0.008,0.702,0.712 | 0.060,-0.022,0.008
cam1 extrinsics = 0.000,0.013,0.703,0.711 | -0.054,-0.023,0.010
q_GtoI = -0.669,-0.399,-0.524,0.345 | p_IinG = -2.808,1.140,0.236 | dist = 20.02 (meters)
bg = -0.0017,0.0200,0.0757 | ba = 0.0081,0.0973,0.1263
camera-imu timeoffset = 0.00002
cam0 intrinsics = 462.253,460.960,367.116,246.569 | -0.275,0.067,0.001,0.000
cam1 intrinsics = 461.569,460.469,379.402,253.254 | -0.277,0.069,0.000,0.000
cam0 extrinsics = -0.006,0.008,0.702,0.712 | 0.060,-0.022,0.008
cam1 extrinsics = 0.000,0.013,0.703,0.711 | -0.053,-0.023,0.010
q_GtoI = -0.667,-0.403,-0.527,0.338 | p_IinG = -2.796,1.133,0.234 | dist = 20.04 (meters)
bg = -0.0020,0.0200,0.0757 | ba = 0.0099,0.0985,0.1251
camera-imu timeoffset = 0.00002
cam0 intrinsics = 462.251,460.965,367.136,246.551 | -0.275,0.067,0.001,0.000
cam1 intrinsics = 461.564,460.471,379.428,253.232 | -0.277,0.069,0.000,0.000
cam0 extrinsics = -0.006,0.008,0.702,0.712 | 0.061,-0.022,0.008
cam1 extrinsics = 0.000,0.013,0.703,0.711 | -0.053,-0.022,0.010
q_GtoI = -0.668,-0.406,-0.530,0.329 | p_IinG = -2.785,1.122,0.231 | dist = 20.05 (meters)
bg = -0.0023,0.0200,0.0757 | ba = 0.0113,0.0991,0.1227
camera-imu timeoffset = 0.00002
cam0 intrinsics = 462.235,460.962,367.144,246.563 | -0.275,0.067,0.001,0.000
cam1 intrinsics = 461.550,460.467,379.449,253.237 | -0.277,0.069,0.000,0.000
cam0 extrinsics = -0.006,0.009,0.702,0.712 | 0.061,-0.022,0.008
cam1 extrinsics = 0.000,0.013,0.703,0.711 | -0.052,-0.022,0.010
q_GtoI = -0.669,-0.406,-0.533,0.321 | p_IinG = -2.774,1.109,0.228 | dist = 20.07 (meters)
bg = -0.0024,0.0201,0.0757 | ba = 0.0129,0.1002,0.1202
camera-imu timeoffset = 0.00002
cam0 intrinsics = 462.252,460.994,367.144,246.556 | -0.275,0.067,0.001,0.000
cam1 intrinsics = 461.513,460.457,379.486,253.261 | -0.277,0.069,0.000,0.000
cam0 extrinsics = -0.006,0.009,0.702,0.712 | 0.062,-0.022,0.007
cam1 extrinsics = 0.000,0.013,0.703,0.711 | -0.052,-0.022,0.009
q_GtoI = -0.672,-0.401,-0.536,0.318 | p_IinG = -2.765,1.093,0.225 | dist = 20.09 (meters)
bg = -0.0026,0.0200,0.0757 | ba = 0.0134,0.1009,0.1187
camera-imu timeoffset = 0.00002
cam0 intrinsics = 462.244,461.001,367.151,246.559 | -0.275,0.067,0.001,0.000
cam1 intrinsics = 461.500,460.459,379.501,253.261 | -0.277,0.069,0.000,0.000
cam0 extrinsics = -0.006,0.009,0.702,0.712 | 0.062,-0.022,0.007
cam1 extrinsics = 0.000,0.013,0.703,0.711 | -0.051,-0.022,0.009
q_GtoI = -0.676,-0.394,-0.536,0.316 | p_IinG = -2.758,1.074,0.220 | dist = 20.11 (meters)
bg = -0.0028,0.0200,0.0758 | ba = 0.0142,0.1013,0.1188
camera-imu timeoffset = 0.00002
cam0 intrinsics = 462.240,461.004,367.162,246.540 | -0.275,0.067,0.001,0.000
cam1 intrinsics = 461.492,460.457,379.521,253.242 | -0.277,0.069,0.000,0.000
cam0 extrinsics = -0.006,0.009,0.702,0.712 | 0.063,-0.022,0.007
cam1 extrinsics = 0.000,0.013,0.703,0.711 | -0.051,-0.022,0.009
q_GtoI = -0.684,-0.385,-0.532,0.317 | p_IinG = -2.752,1.053,0.214 | dist = 20.13 (meters)
bg = -0.0030,0.0199,0.0758 | ba = 0.0136,0.1015,0.1174
camera-imu timeoffset = 0.00001
cam0 intrinsics = 462.243,461.013,367.153,246.536 | -0.275,0.067,0.001,0.000
cam1 intrinsics = 461.486,460.456,379.526,253.236 | -0.277,0.069,0.000,0.000
cam0 extrinsics = -0.006,0.009,0.702,0.712 | 0.063,-0.022,0.007
cam1 extrinsics = 0.000,0.013,0.703,0.711 | -0.051,-0.022,0.008
q_GtoI = -0.695,-0.376,-0.525,0.316 | p_IinG = -2.747,1.030,0.204 | dist = 20.16 (meters)
bg = -0.0032,0.0200,0.0759 | ba = 0.0135,0.1023,0.1161
camera-imu timeoffset = 0.00001
cam0 intrinsics = 462.251,461.021,367.142,246.509 | -0.275,0.067,0.001,0.000
cam1 intrinsics = 461.492,460.460,379.527,253.203 | -0.277,0.069,0.000,0.000
cam0 extrinsics = -0.006,0.009,0.702,0.712 | 0.063,-0.022,0.007
cam1 extrinsics = 0.000,0.013,0.703,0.711 | -0.051,-0.022,0.008
q_GtoI = -0.707,-0.367,-0.516,0.315 | p_IinG = -2.742,1.007,0.190 | dist = 20.19 (meters)
bg = -0.0033,0.0200,0.0759 | ba = 0.0140,0.1040,0.1152
camera-imu timeoffset = 0.00001
cam0 intrinsics = 462.274,461.043,367.152,246.497 | -0.275,0.067,0.001,0.000
cam1 intrinsics = 461.499,460.463,379.552,253.180 | -0.277,0.069,0.000,0.000
cam0 extrinsics = -0.006,0.009,0.702,0.712 | 0.063,-0.021,0.007
cam1 extrinsics = 0.000,0.013,0.703,0.711 | -0.051,-0.022,0.009
q_GtoI = -0.718,-0.359,-0.508,0.312 | p_IinG = -2.738,0.981,0.172 | dist = 20.22 (meters)
bg = -0.0034,0.0202,0.0759 | ba = 0.0139,0.1048,0.1133
camera-imu timeoffset = 0.00001
cam0 intrinsics = 462.285,461.065,367.167,246.487 | -0.275,0.067,0.001,0.000
cam1 intrinsics = 461.503,460.475,379.583,253.165 | -0.277,0.069,0.000,0.000
cam0 extrinsics = -0.006,0.009,0.702,0.712 | 0.063,-0.021,0.007
cam1 extrinsics = 0.000,0.013,0.703,0.711 | -0.050,-0.021,0.009
q_GtoI = -0.727,-0.351,-0.503,0.309 | p_IinG = -2.733,0.953,0.152 | dist = 20.25 (meters)
bg = -0.0035,0.0201,0.0758 | ba = 0.0145,0.1050,0.1122
camera-imu timeoffset = 0.00001
cam0 intrinsics = 462.299,461.083,367.169,246.491 | -0.275,0.067,0.001,0.000
cam1 intrinsics = 461.512,460.486,379.601,253.170 | -0.277,0.069,0.000,0.000
cam0 extrinsics = -0.006,0.008,0.702,0.712 | 0.064,-0.021,0.007
cam1 extrinsics = -0.000,0.013,0.703,0.711 | -0.050,-0.021,0.009
q_GtoI = -0.735,-0.343,-0.499,0.306 | p_IinG = -2.728,0.923,0.130 | dist = 20.29 (meters)
bg = -0.0036,0.0202,0.0759 | ba = 0.0149,0.1060,0.1120
camera-imu timeoffset = 0.00000
cam0 intrinsics = 462.301,461.087,367.177,246.486 | -0.275,0.067,0.001,0.000
cam1 intrinsics = 461.509,460.482,379.622,253.160 | -0.277,0.069,0.000,0.000
cam0 extrinsics = -0.006,0.009,0.702,0.712 | 0.064,-0.021,0.008
cam1 extrinsics = -0.000,0.013,0.703,0.711 | -0.050,-0.021,0.009
q_GtoI = -0.740,-0.338,-0.498,0.301 | p_IinG = -2.721,0.892,0.106 | dist = 20.33 (meters)
bg = -0.0038,0.0203,0.0759 | ba = 0.0149,0.1070,0.1122
camera-imu timeoffset = 0.00000
cam0 intrinsics = 462.302,461.090,367.192,246.479 | -0.275,0.067,0.001,0.000
cam1 intrinsics = 461.508,460.480,379.645,253.149 | -0.277,0.069,0.000,0.000
cam0 extrinsics = -0.006,0.009,0.702,0.712 | 0.064,-0.021,0.008
cam1 extrinsics = -0.000,0.013,0.703,0.711 | -0.050,-0.021,0.009
q_GtoI = -0.743,-0.336,-0.499,0.294 | p_IinG = -2.712,0.860,0.085 | dist = 20.37 (meters)
bg = -0.0039,0.0205,0.0760 | ba = 0.0154,0.1085,0.1142
camera-imu timeoffset = 0.00000
cam0 intrinsics = 462.322,461.098,367.203,246.459 | -0.275,0.067,0.001,0.000
cam1 intrinsics = 461.528,460.487,379.657,253.143 | -0.277,0.069,0.000,0.000
cam0 extrinsics = -0.006,0.009,0.702,0.712 | 0.064,-0.021,0.008
cam1 extrinsics = -0.000,0.013,0.703,0.711 | -0.050,-0.021,0.009
q_GtoI = -0.745,-0.337,-0.500,0.284 | p_IinG = -2.703,0.826,0.065 | dist = 20.41 (meters)
bg = -0.0038,0.0203,0.0762 | ba = 0.0176,0.1090,0.1167
camera-imu timeoffset = 0.00001
cam0 intrinsics = 462.325,461.086,367.233,246.434 | -0.275,0.067,0.001,0.000
cam1 intrinsics = 461.536,460.476,379.690,253.120 | -0.277,0.069,0.000,0.000
cam0 extrinsics = -0.006,0.009,0.702,0.712 | 0.064,-0.021,0.008
cam1 extrinsics = -0.000,0.013,0.703,0.711 | -0.050,-0.021,0.009
q_GtoI = -0.746,-0.340,-0.503,0.273 | p_IinG = -2.692,0.791,0.050 | dist = 20.45 (meters)
bg = -0.0039,0.0204,0.0763 | ba = 0.0183,0.1102,0.1163
camera-imu timeoffset = 0.00001
cam0 intrinsics = 462.326,461.093,367.249,246.423 | -0.275,0.067,0.001,0.000
cam1 intrinsics = 461.538,460.483,379.704,253.108 | -0.277,0.069,0.000,0.000
cam0 extrinsics = -0.006,0.009,0.702,0.712 | 0.064,-0.021,0.008
cam1 extrinsics = -0.000,0.013,0.703,0.711 | -0.050,-0.021,0.009
q_GtoI = -0.748,-0.345,-0.503,0.262 | p_IinG = -2.680,0.755,0.039 | dist = 20.49 (meters)
bg = -0.0040,0.0205,0.0762 | ba = 0.0180,0.1112,0.1167
camera-imu timeoffset = 0.00001
cam0 intrinsics = 462.331,461.099,367.264,246.427 | -0.275,0.067,0.001,0.000
cam1 intrinsics = 461.540,460.487,379.721,253.111 | -0.277,0.069,0.000,0.000
cam0 extrinsics = -0.006,0.009,0.702,0.712 | 0.064,-0.021,0.008
cam1 extrinsics = -0.000,0.013,0.703,0.711 | -0.050,-0.021,0.009
q_GtoI = -0.750,-0.351,-0.501,0.250 | p_IinG = -2.668,0.719,0.031 | dist = 20.53 (meters)
bg = -0.0040,0.0205,0.0763 | ba = 0.0179,0.1116,0.1163
camera-imu timeoffset = 0.00001
cam0 intrinsics = 462.331,461.106,367.276,246.438 | -0.275,0.067,0.001,0.000
cam1 intrinsics = 461.540,460.494,379.737,253.120 | -0.277,0.069,0.000,0.000
cam0 extrinsics = -0.006,0.009,0.702,0.712 | 0.064,-0.021,0.008
cam1 extrinsics = -0.000,0.013,0.703,0.711 | -0.050,-0.021,0.009
q_GtoI = -0.754,-0.357,-0.496,0.241 | p_IinG = -2.656,0.684,0.026 | dist = 20.57 (meters)
bg = -0.0041,0.0204,0.0762 | ba = 0.0178,0.1127,0.1165
camera-imu timeoffset = 0.00001
cam0 intrinsics = 462.332,461.106,367.281,246.446 | -0.275,0.067,0.001,0.000
cam1 intrinsics = 461.541,460.495,379.749,253.127 | -0.277,0.069,0.000,0.000
cam0 extrinsics = -0.006,0.009,0.702,0.712 | 0.064,-0.021,0.008
cam1 extrinsics = -0.000,0.013,0.703,0.711 | -0.050,-0.021,0.009
q_GtoI = -0.758,-0.361,-0.490,0.234 | p_IinG = -2.643,0.649,0.022 | dist = 20.61 (meters)
bg = -0.0043,0.0202,0.0764 | ba = 0.0204,0.1112,0.1166
camera-imu timeoffset = 0.00001
cam0 intrinsics = 462.329,461.105,367.277,246.423 | -0.275,0.067,0.001,0.000
cam1 intrinsics = 461.542,460.498,379.747,253.108 | -0.277,0.069,0.000,0.000
cam0 extrinsics = -0.006,0.009,0.702,0.712 | 0.064,-0.021,0.008
cam1 extrinsics = -0.000,0.013,0.703,0.711 | -0.050,-0.021,0.009
q_GtoI = -0.762,-0.365,-0.484,0.228 | p_IinG = -2.630,0.617,0.023 | dist = 20.64 (meters)
bg = -0.0044,0.0202,0.0764 | ba = 0.0206,0.1116,0.1172
camera-imu timeoffset = 0.00001
cam0 intrinsics = 462.331,461.111,367.284,246.426 | -0.275,0.067,0.001,0.000
cam1 intrinsics = 461.543,460.504,379.753,253.107 | -0.277,0.069,0.000,0.000
cam0 extrinsics = -0.006,0.009,0.702,0.712 | 0.064,-0.021,0.008
cam1 extrinsics = -0.000,0.013,0.703,0.711 | -0.050,-0.021,0.009
q_GtoI = -0.764,-0.369,-0.481,0.221 | p_IinG = -2.615,0.589,0.028 | dist = 20.67 (meters)
bg = -0.0045,0.0202,0.0765 | ba = 0.0207,0.1120,0.1182
camera-imu timeoffset = 0.00001
cam0 intrinsics = 462.346,461.131,367.290,246.431 | -0.275,0.067,0.001,0.000
cam1 intrinsics = 461.555,460.521,379.762,253.115 | -0.277,0.069,0.000,0.000
cam0 extrinsics = -0.006,0.009,0.702,0.712 | 0.064,-0.021,0.008
cam1 extrinsics = -0.000,0.013,0.703,0.711 | -0.050,-0.021,0.009
q_GtoI = -0.763,-0.375,-0.481,0.215 | p_IinG = -2.600,0.565,0.037 | dist = 20.71 (meters)
bg = -0.0044,0.0203,0.0765 | ba = 0.0206,0.1133,0.1179
camera-imu timeoffset = 0.00001
cam0 intrinsics = 462.357,461.146,367.279,246.413 | -0.275,0.067,0.001,0.000
cam1 intrinsics = 461.565,460.534,379.767,253.104 | -0.277,0.069,0.000,0.000
cam0 extrinsics = -0.006,0.009,0.702,0.712 | 0.064,-0.021,0.008
cam1 extrinsics = -0.000,0.013,0.703,0.711 | -0.050,-0.021,0.009
q_GtoI = -0.759,-0.381,-0.485,0.208 | p_IinG = -2.583,0.542,0.045 | dist = 20.73 (meters)
bg = -0.0045,0.0203,0.0766 | ba = 0.0201,0.1138,0.1181
camera-imu timeoffset = 0.00002
cam0 intrinsics = 462.363,461.157,367.274,246.411 | -0.275,0.067,0.001,0.000
cam1 intrinsics = 461.570,460.544,379.765,253.103 | -0.277,0.069,0.000,0.000
cam0 extrinsics = -0.006,0.009,0.702,0.712 | 0.064,-0.021,0.008
cam1 extrinsics = -0.000,0.013,0.703,0.711 | -0.050,-0.021,0.009
q_GtoI = -0.753,-0.387,-0.492,0.201 | p_IinG = -2.565,0.524,0.054 | dist = 20.76 (meters)
bg = -0.0046,0.0203,0.0766 | ba = 0.0199,0.1144,0.1182
camera-imu timeoffset = 0.00002
cam0 intrinsics = 462.367,461.169,367.265,246.412 | -0.275,0.067,0.001,0.000
cam1 intrinsics = 461.572,460.555,379.758,253.102 | -0.277,0.069,0.000,0.000
cam0 extrinsics = -0.006,0.009,0.702,0.712 | 0.064,-0.021,0.007
cam1 extrinsics = -0.000,0.013,0.703,0.711 | -0.050,-0.021,0.009
q_GtoI = -0.745,-0.393,-0.501,0.197 | p_IinG = -2.546,0.511,0.066 | dist = 20.79 (meters)
bg = -0.0046,0.0205,0.0766 | ba = 0.0187,0.1161,0.1163
camera-imu timeoffset = 0.00002
cam0 intrinsics = 462.377,461.179,367.262,246.397 | -0.275,0.067,0.001,0.000
cam1 intrinsics = 461.582,460.562,379.764,253.095 | -0.277,0.069,0.000,0.000
cam0 extrinsics = -0.006,0.009,0.702,0.712 | 0.064,-0.021,0.007
cam1 extrinsics = -0.000,0.013,0.703,0.711 | -0.050,-0.021,0.008
q_GtoI = -0.738,-0.398,-0.510,0.193 | p_IinG = -2.529,0.500,0.074 | dist = 20.81 (meters)
bg = -0.0047,0.0204,0.0764 | ba = 0.0180,0.1174,0.1163
camera-imu timeoffset = 0.00002
cam0 intrinsics = 462.382,461.181,367.262,246.408 | -0.275,0.067,0.001,0.000
cam1 intrinsics = 461.580,460.557,379.762,253.104 | -0.277,0.069,0.000,0.000
cam0 extrinsics = -0.006,0.009,0.702,0.712 | 0.064,-0.021,0.007
cam1 extrinsics = -0.000,0.013,0.703,0.711 | -0.050,-0.021,0.008
q_GtoI = -0.733,-0.397,-0.515,0.196 | p_IinG = -2.514,0.493,0.080 | dist = 20.82 (meters)
bg = -0.0047,0.0204,0.0764 | ba = 0.0172,0.1183,0.1169
camera-imu timeoffset = 0.00002
cam0 intrinsics = 462.382,461.190,367.263,246.403 | -0.275,0.067,0.001,0.000
cam1 intrinsics = 461.580,460.566,379.765,253.101 | -0.277,0.069,0.000,0.000
cam0 extrinsics = -0.006,0.009,0.702,0.712 | 0.064,-0.021,0.007
cam1 extrinsics = -0.000,0.013,0.703,0.711 | -0.050,-0.021,0.007
q_GtoI = -0.733,-0.393,-0.516,0.204 | p_IinG = -2.501,0.489,0.083 | dist = 20.84 (meters)
bg = -0.0047,0.0204,0.0762 | ba = 0.0152,0.1192,0.1169
camera-imu timeoffset = 0.00002
cam0 intrinsics = 462.380,461.195,367.262,246.396 | -0.275,0.067,0.001,0.000
cam1 intrinsics = 461.576,460.569,379.768,253.098 | -0.277,0.069,0.000,0.000
cam0 extrinsics = -0.006,0.009,0.702,0.712 | 0.065,-0.021,0.006
cam1 extrinsics = -0.000,0.013,0.703,0.711 | -0.049,-0.021,0.007
q_GtoI = -0.733,-0.388,-0.516,0.213 | p_IinG = -2.488,0.487,0.082 | dist = 20.85 (meters)
bg = -0.0047,0.0204,0.0762 | ba = 0.0134,0.1201,0.1168
camera-imu timeoffset = 0.00002
cam0 intrinsics = 462.377,461.198,367.260,246.389 | -0.275,0.067,0.001,0.000
cam1 intrinsics = 461.571,460.569,379.769,253.094 | -0.277,0.069,0.000,0.000
cam0 extrinsics = -0.006,0.009,0.702,0.712 | 0.065,-0.021,0.006
cam1 extrinsics = -0.000,0.013,0.703,0.711 | -0.049,-0.021,0.007
q_GtoI = -0.734,-0.383,-0.516,0.220 | p_IinG = -2.478,0.488,0.078 | dist = 20.86 (meters)
bg = -0.0046,0.0205,0.0763 | ba = 0.0115,0.1216,0.1172
camera-imu timeoffset = 0.00001
cam0 intrinsics = 462.375,461.202,367.244,246.389 | -0.275,0.067,0.001,0.000
cam1 intrinsics = 461.569,460.574,379.763,253.094 | -0.277,0.069,0.000,0.000
cam0 extrinsics = -0.006,0.009,0.702,0.712 | 0.066,-0.021,0.005
cam1 extrinsics = -0.000,0.013,0.703,0.711 | -0.048,-0.021,0.006
q_GtoI = -0.734,-0.379,-0.517,0.226 | p_IinG = -2.468,0.491,0.070 | dist = 20.87 (meters)
bg = -0.0046,0.0206,0.0764 | ba = 0.0093,0.1227,0.1181
camera-imu timeoffset = 0.00000
cam0 intrinsics = 462.374,461.196,367.235,246.383 | -0.275,0.067,0.001,0.000
cam1 intrinsics = 461.564,460.565,379.760,253.089 | -0.277,0.069,0.000,0.000
cam0 extrinsics = -0.006,0.009,0.702,0.712 | 0.066,-0.021,0.005
cam1 extrinsics = -0.000,0.013,0.703,0.711 | -0.048,-0.022,0.006
q_GtoI = -0.734,-0.375,-0.516,0.231 | p_IinG = -2.459,0.495,0.059 | dist = 20.89 (meters)
bg = -0.0045,0.0206,0.0764 | ba = 0.0079,0.1238,0.1189
camera-imu timeoffset = 0.00000
cam0 intrinsics = 462.374,461.192,367.225,246.380 | -0.275,0.067,0.001,0.000
cam1 intrinsics = 461.562,460.559,379.755,253.087 | -0.277,0.069,0.000,0.000
cam0 extrinsics = -0.006,0.009,0.702,0.712 | 0.067,-0.021,0.005
cam1 extrinsics = -0.000,0.013,0.703,0.711 | -0.047,-0.022,0.006
q_GtoI = -0.734,-0.374,-0.517,0.233 | p_IinG = -2.452,0.500,0.044 | dist = 20.91 (meters)
bg = -0.0045,0.0207,0.0765 | ba = 0.0067,0.1250,0.1198
camera-imu timeoffset = 0.00000
cam0 intrinsics = 462.376,461.186,367.218,246.377 | -0.275,0.067,0.001,0.000
cam1 intrinsics = 461.563,460.552,379.753,253.083 | -0.277,0.069,0.000,0.000
cam0 extrinsics = -0.006,0.009,0.702,0.712 | 0.067,-0.021,0.005
cam1 extrinsics = -0.000,0.013,0.703,0.711 | -0.047,-0.022,0.006
q_GtoI = -0.734,-0.373,-0.517,0.233 | p_IinG = -2.445,0.507,0.027 | dist = 20.93 (meters)
bg = -0.0045,0.0207,0.0766 | ba = 0.0059,0.1262,0.1213
camera-imu timeoffset = 0.00000
cam0 intrinsics = 462.380,461.186,367.209,246.374 | -0.275,0.067,0.001,0.000
cam1 intrinsics = 461.565,460.548,379.752,253.082 | -0.277,0.069,0.000,0.000
cam0 extrinsics = -0.006,0.009,0.702,0.712 | 0.067,-0.021,0.006
cam1 extrinsics = -0.000,0.013,0.703,0.711 | -0.047,-0.022,0.006
q_GtoI = -0.733,-0.375,-0.519,0.230 | p_IinG = -2.440,0.514,0.008 | dist = 20.95 (meters)
bg = -0.0044,0.0207,0.0767 | ba = 0.0054,0.1275,0.1231
camera-imu timeoffset = -0.00000
cam0 intrinsics = 462.386,461.189,367.205,246.368 | -0.275,0.067,0.001,0.000
cam1 intrinsics = 461.570,460.550,379.750,253.077 | -0.277,0.069,0.000,0.000
cam0 extrinsics = -0.006,0.009,0.702,0.712 | 0.067,-0.021,0.006
cam1 extrinsics = -0.000,0.013,0.703,0.711 | -0.047,-0.022,0.007
q_GtoI = -0.732,-0.375,-0.520,0.228 | p_IinG = -2.436,0.523,-0.013 | dist = 20.97 (meters)
bg = -0.0043,0.0208,0.0767 | ba = 0.0051,0.1288,0.1250
camera-imu timeoffset = -0.00000
cam0 intrinsics = 462.393,461.193,367.200,246.361 | -0.275,0.067,0.001,0.000
cam1 intrinsics = 461.576,460.553,379.748,253.071 | -0.277,0.069,0.000,0.000
cam0 extrinsics = -0.006,0.009,0.702,0.712 | 0.067,-0.021,0.006
cam1 extrinsics = -0.000,0.013,0.703,0.711 | -0.047,-0.022,0.007
q_GtoI = -0.732,-0.377,-0.521,0.226 | p_IinG = -2.432,0.533,-0.034 | dist = 21.00 (meters)
bg = -0.0042,0.0210,0.0767 | ba = 0.0061,0.1302,0.1268
camera-imu timeoffset = -0.00000
cam0 intrinsics = 462.401,461.203,367.202,246.357 | -0.275,0.067,0.001,0.000
cam1 intrinsics = 461.583,460.563,379.750,253.067 | -0.277,0.069,0.000,0.000
cam0 extrinsics = -0.006,0.009,0.702,0.712 | 0.067,-0.021,0.006
cam1 extrinsics = -0.000,0.013,0.703,0.711 | -0.047,-0.022,0.007
q_GtoI = -0.733,-0.377,-0.519,0.225 | p_IinG = -2.430,0.543,-0.056 | dist = 21.02 (meters)
bg = -0.0040,0.0210,0.0767 | ba = 0.0068,0.1311,0.1275
camera-imu timeoffset = -0.00000
cam0 intrinsics = 462.407,461.215,367.207,246.356 | -0.275,0.067,0.001,0.000
cam1 intrinsics = 461.584,460.569,379.750,253.058 | -0.277,0.069,0.000,0.000
cam0 extrinsics = -0.006,0.009,0.702,0.712 | 0.067,-0.021,0.006
cam1 extrinsics = -0.000,0.013,0.703,0.711 | -0.047,-0.022,0.007
q_GtoI = -0.736,-0.378,-0.514,0.225 | p_IinG = -2.430,0.556,-0.076 | dist = 21.04 (meters)
bg = -0.0039,0.0211,0.0767 | ba = 0.0055,0.1309,0.1275
camera-imu timeoffset = -0.00000
cam0 intrinsics = 462.408,461.220,367.208,246.350 | -0.275,0.067,0.001,0.000
cam1 intrinsics = 461.585,460.572,379.757,253.049 | -0.277,0.069,0.000,0.000
cam0 extrinsics = -0.006,0.009,0.702,0.712 | 0.067,-0.021,0.006
cam1 extrinsics = -0.000,0.013,0.703,0.711 | -0.047,-0.022,0.007
q_GtoI = -0.739,-0.379,-0.510,0.224 | p_IinG = -2.430,0.570,-0.093 | dist = 21.07 (meters)
bg = -0.0038,0.0210,0.0766 | ba = 0.0046,0.1306,0.1268
camera-imu timeoffset = -0.00000
cam0 intrinsics = 462.408,461.224,367.211,246.342 | -0.275,0.067,0.001,0.000
cam1 intrinsics = 461.583,460.574,379.762,253.044 | -0.277,0.069,0.000,0.000
cam0 extrinsics = -0.006,0.009,0.702,0.712 | 0.067,-0.021,0.007
cam1 extrinsics = -0.000,0.013,0.703,0.711 | -0.047,-0.021,0.007
q_GtoI = -0.741,-0.379,-0.506,0.225 | p_IinG = -2.431,0.585,-0.106 | dist = 21.09 (meters)
bg = -0.0036,0.0210,0.0767 | ba = 0.0038,0.1299,0.1263
camera-imu timeoffset = -0.00000
cam0 intrinsics = 462.412,461.232,367.217,246.333 | -0.275,0.067,0.001,0.000
cam1 intrinsics = 461.583,460.578,379.765,253.035 | -0.277,0.069,0.000,0.000
cam0 extrinsics = -0.006,0.009,0.702,0.712 | 0.067,-0.021,0.007
cam1 extrinsics = -0.000,0.013,0.703,0.711 | -0.047,-0.021,0.007
q_GtoI = -0.744,-0.380,-0.502,0.226 | p_IinG = -2.432,0.603,-0.115 | dist = 21.11 (meters)
bg = -0.0037,0.0211,0.0767 | ba = 0.0028,0.1289,0.1250
camera-imu timeoffset = -0.00000
cam0 intrinsics = 462.413,461.240,367.218,246.328 | -0.275,0.067,0.001,0.000
cam1 intrinsics = 461.585,460.587,379.782,253.031 | -0.277,0.069,0.000,0.000
cam0 extrinsics = -0.006,0.009,0.702,0.712 | 0.067,-0.021,0.007
cam1 extrinsics = -0.000,0.013,0.703,0.711 | -0.047,-0.021,0.007
q_GtoI = -0.745,-0.379,-0.499,0.227 | p_IinG = -2.434,0.622,-0.120 | dist = 21.12 (meters)
bg = -0.0036,0.0210,0.0768 | ba = 0.0004,0.1289,0.1237
camera-imu timeoffset = 0.00000
cam0 intrinsics = 462.418,461.250,367.220,246.321 | -0.275,0.067,0.001,0.000
cam1 intrinsics = 461.587,460.594,379.787,253.025 | -0.277,0.069,0.000,0.000
cam0 extrinsics = -0.006,0.009,0.702,0.712 | 0.067,-0.020,0.007
cam1 extrinsics = -0.000,0.013,0.703,0.711 | -0.047,-0.021,0.007
q_GtoI = -0.747,-0.378,-0.496,0.230 | p_IinG = -2.435,0.643,-0.122 | dist = 21.15 (meters)
bg = -0.0035,0.0209,0.0768 | ba = -0.0019,0.1288,0.1228
camera-imu timeoffset = 0.00000
cam0 intrinsics = 462.425,461.264,367.235,246.302 | -0.275,0.067,0.001,0.000
cam1 intrinsics = 461.589,460.603,379.801,253.004 | -0.277,0.069,0.000,0.000
cam0 extrinsics = -0.006,0.009,0.702,0.712 | 0.067,-0.020,0.007
cam1 extrinsics = -0.000,0.013,0.703,0.711 | -0.047,-0.021,0.007
q_GtoI = -0.746,-0.376,-0.496,0.236 | p_IinG = -2.435,0.666,-0.119 | dist = 21.17 (meters)
bg = -0.0035,0.0208,0.0768 | ba = -0.0047,0.1290,0.1219
camera-imu timeoffset = 0.00001
cam0 intrinsics = 462.420,461.275,367.242,246.311 | -0.275,0.067,0.001,0.000
cam1 intrinsics = 461.582,460.609,379.815,253.016 | -0.277,0.069,0.000,0.000
cam0 extrinsics = -0.006,0.009,0.702,0.712 | 0.067,-0.020,0.007
cam1 extrinsics = -0.000,0.013,0.703,0.711 | -0.047,-0.021,0.007
q_GtoI = -0.743,-0.375,-0.497,0.244 | p_IinG = -2.435,0.691,-0.113 | dist = 21.20 (meters)
bg = -0.0035,0.0206,0.0769 | ba = -0.0056,0.1287,0.1206
camera-imu timeoffset = 0.00001
cam0 intrinsics = 462.422,461.288,367.236,246.323 | -0.275,0.067,0.001,0.000
cam1 intrinsics = 461.578,460.616,379.827,253.027 | -0.277,0.069,0.000,0.000
cam0 extrinsics = -0.006,0.009,0.702,0.712 | 0.067,-0.020,0.006
cam1 extrinsics = -0.000,0.013,0.703,0.711 | -0.047,-0.021,0.007
q_GtoI = -0.741,-0.374,-0.498,0.250 | p_IinG = -2.436,0.718,-0.106 | dist = 21.22 (meters)
bg = -0.0036,0.0205,0.0769 | ba = -0.0055,0.1278,0.1192
camera-imu timeoffset = 0.00001
cam0 intrinsics = 462.423,461.296,367.235,246.320 | -0.275,0.067,0.001,0.000
cam1 intrinsics = 461.577,460.621,379.835,253.024 | -0.277,0.069,0.000,0.000
cam0 extrinsics = -0.006,0.009,0.702,0.712 | 0.067,-0.020,0.006
cam1 extrinsics = -0.000,0.013,0.703,0.711 | -0.047,-0.021,0.007
q_GtoI = -0.738,-0.372,-0.500,0.257 | p_IinG = -2.436,0.744,-0.097 | dist = 21.25 (meters)
bg = -0.0037,0.0203,0.0769 | ba = -0.0056,0.1266,0.1181
camera-imu timeoffset = 0.00001
cam0 intrinsics = 462.422,461.311,367.235,246.313 | -0.275,0.067,0.001,0.000
cam1 intrinsics = 461.573,460.632,379.846,253.018 | -0.277,0.069,0.000,0.000
cam0 extrinsics = -0.006,0.009,0.702,0.712 | 0.067,-0.020,0.006
cam1 extrinsics = -0.000,0.013,0.703,0.711 | -0.047,-0.021,0.007
q_GtoI = -0.735,-0.371,-0.503,0.264 | p_IinG = -2.436,0.772,-0.087 | dist = 21.28 (meters)
bg = -0.0037,0.0202,0.0768 | ba = -0.0062,0.1270,0.1183
camera-imu timeoffset = 0.00001
cam0 intrinsics = 462.419,461.319,367.235,246.310 | -0.275,0.067,0.001,0.000
cam1 intrinsics = 461.573,460.642,379.855,253.015 | -0.277,0.069,0.000,0.000
cam0 extrinsics = -0.006,0.009,0.702,0.712 | 0.067,-0.020,0.006
cam1 extrinsics = 0.000,0.013,0.703,0.711 | -0.047,-0.021,0.007
q_GtoI = -0.731,-0.369,-0.506,0.270 | p_IinG = -2.435,0.798,-0.076 | dist = 21.31 (meters)
bg = -0.0036,0.0202,0.0769 | ba = -0.0088,0.1267,0.1185
camera-imu timeoffset = 0.00001
cam0 intrinsics = 462.422,461.324,367.237,246.325 | -0.275,0.067,0.001,0.000
cam1 intrinsics = 461.563,460.632,379.845,253.028 | -0.277,0.069,0.000,0.000
cam0 extrinsics = -0.006,0.009,0.702,0.712 | 0.067,-0.020,0.006
cam1 extrinsics = 0.000,0.013,0.703,0.711 | -0.047,-0.021,0.006
q_GtoI = -0.728,-0.367,-0.510,0.276 | p_IinG = -2.434,0.825,-0.066 | dist = 21.34 (meters)
bg = -0.0035,0.0202,0.0770 | ba = -0.0095,0.1264,0.1181
camera-imu timeoffset = 0.00001
cam0 intrinsics = 462.417,461.327,367.234,246.324 | -0.275,0.067,0.001,0.000
cam1 intrinsics = 461.559,460.635,379.848,253.028 | -0.277,0.069,0.000,0.000
cam0 extrinsics = -0.006,0.009,0.702,0.712 | 0.067,-0.020,0.006
cam1 extrinsics = 0.000,0.013,0.703,0.711 | -0.047,-0.021,0.006
q_GtoI = -0.724,-0.365,-0.513,0.281 | p_IinG = -2.433,0.852,-0.056 | dist = 21.37 (meters)
bg = -0.0036,0.0203,0.0771 | ba = -0.0105,0.1262,0.1182
camera-imu timeoffset = 0.00001
cam0 intrinsics = 462.415,461.332,367.231,246.323 | -0.275,0.067,0.001,0.000
cam1 intrinsics = 461.559,460.642,379.854,253.026 | -0.277,0.069,0.000,0.000
cam0 extrinsics = -0.006,0.009,0.702,0.712 | 0.067,-0.020,0.006
cam1 extrinsics = 0.000,0.013,0.703,0.711 | -0.047,-0.021,0.006
q_GtoI = -0.721,-0.364,-0.516,0.286 | p_IinG = -2.432,0.878,-0.046 | dist = 21.40 (meters)
bg = -0.0036,0.0204,0.0773 | ba = -0.0110,0.1246,0.1181
camera-imu timeoffset = 0.00001
cam0 intrinsics = 462.417,461.336,367.227,246.322 | -0.275,0.067,0.001,0.000
cam1 intrinsics = 461.564,460.647,379.856,253.029 | -0.277,0.069,0.000,0.000
cam0 extrinsics = -0.006,0.009,0.702,0.712 | 0.067,-0.020,0.006
cam1 extrinsics = 0.000,0.013,0.703,0.711 | -0.047,-0.021,0.006
q_GtoI = -0.716,-0.364,-0.520,0.290 | p_IinG = -2.432,0.902,-0.033 | dist = 21.43 (meters)
bg = -0.0036,0.0206,0.0775 | ba = -0.0128,0.1247,0.1198
camera-imu timeoffset = 0.00001
cam0 intrinsics = 462.409,461.349,367.217,246.325 | -0.275,0.067,0.001,0.000
cam1 intrinsics = 461.567,460.672,379.843,253.025 | -0.277,0.069,0.000,0.000
cam0 extrinsics = -0.006,0.009,0.702,0.712 | 0.067,-0.020,0.006
cam1 extrinsics = 0.000,0.013,0.703,0.711 | -0.047,-0.020,0.006
q_GtoI = -0.713,-0.365,-0.522,0.295 | p_IinG = -2.432,0.925,-0.017 | dist = 21.45 (meters)
bg = -0.0036,0.0206,0.0776 | ba = -0.0141,0.1245,0.1196
camera-imu timeoffset = 0.00002
cam0 intrinsics = 462.414,461.358,367.218,246.328 | -0.275,0.067,0.001,0.000
cam1 intrinsics = 461.574,460.683,379.844,253.032 | -0.277,0.069,0.000,0.000
cam0 extrinsics = -0.006,0.009,0.702,0.712 | 0.067,-0.020,0.006
cam1 extrinsics = 0.000,0.013,0.703,0.711 | -0.047,-0.020,0.006
q_GtoI = -0.709,-0.368,-0.522,0.298 | p_IinG = -2.433,0.946,0.001 | dist = 21.48 (meters)
bg = -0.0035,0.0206,0.0776 | ba = -0.0158,0.1238,0.1203
camera-imu timeoffset = 0.00002
cam0 intrinsics = 462.418,461.365,367.214,246.327 | -0.275,0.067,0.001,0.000
cam1 intrinsics = 461.579,460.690,379.839,253.032 | -0.277,0.069,0.000,0.000
cam0 extrinsics = -0.006,0.009,0.702,0.712 | 0.067,-0.020,0.006
cam1 extrinsics = 0.000,0.013,0.703,0.711 | -0.047,-0.020,0.006
q_GtoI = -0.707,-0.373,-0.520,0.301 | p_IinG = -2.435,0.964,0.021 | dist = 21.51 (meters)
bg = -0.0034,0.0207,0.0777 | ba = -0.0171,0.1218,0.1218
camera-imu timeoffset = 0.00001
cam0 intrinsics = 462.419,461.369,367.212,246.329 | -0.275,0.067,0.001,0.000
cam1 intrinsics = 461.581,460.696,379.837,253.032 | -0.277,0.069,0.000,0.000
cam0 extrinsics = -0.006,0.009,0.702,0.712 | 0.067,-0.020,0.006
cam1 extrinsics = 0.000,0.013,0.703,0.711 | -0.047,-0.021,0.006
q_GtoI = -0.707,-0.378,-0.515,0.305 | p_IinG = -2.437,0.982,0.044 | dist = 21.54 (meters)
bg = -0.0032,0.0209,0.0778 | ba = -0.0191,0.1200,0.1235
camera-imu timeoffset = 0.00001
cam0 intrinsics = 462.419,461.379,367.207,246.336 | -0.275,0.067,0.001,0.000
cam1 intrinsics = 461.584,460.707,379.834,253.034 | -0.277,0.069,0.000,0.000
cam0 extrinsics = -0.006,0.009,0.702,0.712 | 0.067,-0.020,0.006
cam1 extrinsics = 0.000,0.013,0.703,0.711 | -0.047,-0.021,0.007
q_GtoI = -0.708,-0.384,-0.506,0.308 | p_IinG = -2.440,0.998,0.069 | dist = 21.57 (meters)
bg = -0.0030,0.0210,0.0780 | ba = -0.0219,0.1194,0.1241
camera-imu timeoffset = 0.00001
cam0 intrinsics = 462.427,461.400,367.179,246.293 | -0.275,0.067,0.001,0.000
cam1 intrinsics = 461.598,460.733,379.819,252.997 | -0.277,0.069,0.000,0.000
cam0 extrinsics = -0.006,0.009,0.702,0.712 | 0.067,-0.020,0.007
cam1 extrinsics = -0.000,0.013,0.703,0.711 | -0.047,-0.021,0.008
q_GtoI = -0.710,-0.391,-0.497,0.310 | p_IinG = -2.442,1.012,0.098 | dist = 21.60 (meters)
bg = -0.0028,0.0211,0.0780 | ba = -0.0252,0.1185,0.1255
camera-imu timeoffset = 0.00002
cam0 intrinsics = 462.430,461.419,367.179,246.297 | -0.275,0.067,0.001,0.000
cam1 intrinsics = 461.607,460.757,379.821,253.006 | -0.277,0.069,0.000,0.000
cam0 extrinsics = -0.006,0.009,0.702,0.712 | 0.067,-0.020,0.008
cam1 extrinsics = -0.000,0.013,0.703,0.711 | -0.047,-0.021,0.008
q_GtoI = -0.710,-0.399,-0.489,0.312 | p_IinG = -2.444,1.025,0.127 | dist = 21.63 (meters)
bg = -0.0026,0.0211,0.0780 | ba = -0.0263,0.1173,0.1262
camera-imu timeoffset = 0.00002
cam0 intrinsics = 462.433,461.436,367.166,246.289 | -0.275,0.067,0.001,0.000
cam1 intrinsics = 461.611,460.776,379.806,252.998 | -0.277,0.069,0.000,0.000
cam0 extrinsics = -0.006,0.009,0.702,0.712 | 0.067,-0.020,0.008
cam1 extrinsics = -0.000,0.013,0.703,0.711 | -0.047,-0.021,0.009
q_GtoI = -0.709,-0.407,-0.483,0.313 | p_IinG = -2.445,1.036,0.156 | dist = 21.66 (meters)
bg = -0.0026,0.0213,0.0780 | ba = -0.0274,0.1156,0.1277
camera-imu timeoffset = 0.00002
cam0 intrinsics = 462.440,461.465,367.184,246.305 | -0.275,0.067,0.001,0.000
cam1 intrinsics = 461.618,460.803,379.811,253.016 | -0.277,0.069,0.000,0.000
cam0 extrinsics = -0.006,0.009,0.702,0.712 | 0.067,-0.020,0.009
cam1 extrinsics = -0.000,0.013,0.703,0.711 | -0.047,-0.021,0.009
q_GtoI = -0.707,-0.414,-0.480,0.314 | p_IinG = -2.446,1.047,0.186 | dist = 21.69 (meters)
bg = -0.0024,0.0214,0.0781 | ba = -0.0275,0.1154,0.1296
camera-imu timeoffset = 0.00002
cam0 intrinsics = 462.437,461.479,367.169,246.292 | -0.275,0.067,0.001,0.000
cam1 intrinsics = 461.618,460.820,379.795,253.000 | -0.277,0.069,0.000,0.000
cam0 extrinsics = -0.006,0.009,0.703,0.712 | 0.067,-0.021,0.009
cam1 extrinsics = -0.000,0.013,0.703,0.711 | -0.047,-0.021,0.009
q_GtoI = -0.705,-0.420,-0.477,0.314 | p_IinG = -2.445,1.058,0.215 | dist = 21.72 (meters)
bg = -0.0023,0.0214,0.0781 | ba = -0.0278,0.1155,0.1315
camera-imu timeoffset = 0.00002
cam0 intrinsics = 462.463,461.529,367.163,246.284 | -0.275,0.067,0.001,0.000
cam1 intrinsics = 461.623,460.859,379.811,253.009 | -0.277,0.069,0.000,0.000
cam0 extrinsics = -0.006,0.009,0.703,0.712 | 0.067,-0.021,0.009
cam1 extrinsics = -0.000,0.013,0.703,0.711 | -0.047,-0.022,0.009
q_GtoI = -0.703,-0.426,-0.476,0.313 | p_IinG = -2.444,1.068,0.245 | dist = 21.75 (meters)
bg = -0.0021,0.0215,0.0782 | ba = -0.0289,0.1151,0.1328
camera-imu timeoffset = 0.00002
cam0 intrinsics = 462.474,461.552,367.155,246.274 | -0.275,0.067,0.001,0.000
cam1 intrinsics = 461.636,460.884,379.804,253.005 | -0.277,0.069,0.000,0.000
cam0 extrinsics = -0.006,0.009,0.703,0.712 | 0.066,-0.021,0.009
cam1 extrinsics = -0.000,0.013,0.703,0.711 | -0.047,-0.022,0.010
q_GtoI = -0.701,-0.432,-0.475,0.310 | p_IinG = -2.442,1.077,0.274 | dist = 21.78 (meters)
bg = -0.0019,0.0215,0.0782 | ba = -0.0309,0.1151,0.1342
camera-imu timeoffset = 0.00002
cam0 intrinsics = 462.485,461.576,367.154,246.271 | -0.275,0.067,0.001,0.000
cam1 intrinsics = 461.644,460.905,379.799,253.012 | -0.277,0.069,0.000,0.000
cam0 extrinsics = -0.006,0.009,0.703,0.712 | 0.066,-0.021,0.009
cam1 extrinsics = -0.000,0.013,0.703,0.711 | -0.047,-0.022,0.010
q_GtoI = -0.699,-0.437,-0.475,0.307 | p_IinG = -2.440,1.086,0.303 | dist = 21.81 (meters)
bg = -0.0019,0.0216,0.0781 | ba = -0.0314,0.1146,0.1360
camera-imu timeoffset = 0.00002
cam0 intrinsics = 462.513,461.625,367.194,246.237 | -0.275,0.067,0.001,0.000
cam1 intrinsics = 461.670,460.952,379.829,252.992 | -0.277,0.069,0.000,0.000
cam0 extrinsics = -0.006,0.009,0.703,0.712 | 0.066,-0.021,0.010
cam1 extrinsics = -0.000,0.013,0.703,0.711 | -0.048,-0.022,0.010
q_GtoI = -0.697,-0.443,-0.475,0.303 | p_IinG = -2.437,1.095,0.332 | dist = 21.84 (meters)
bg = -0.0017,0.0218,0.0783 | ba = -0.0322,0.1142,0.1369
camera-imu timeoffset = 0.00003
cam0 intrinsics = 462.526,461.658,367.196,246.229 | -0.275,0.067,0.001,0.000
cam1 intrinsics = 461.677,460.978,379.835,252.994 | -0.277,0.069,0.000,0.000
cam0 extrinsics = -0.006,0.009,0.703,0.712 | 0.066,-0.021,0.010
cam1 extrinsics = -0.000,0.013,0.703,0.711 | -0.048,-0.022,0.010
q_GtoI = -0.697,-0.446,-0.474,0.301 | p_IinG = -2.434,1.106,0.362 | dist = 21.87 (meters)
bg = -0.0016,0.0220,0.0784 | ba = -0.0332,0.1137,0.1372
camera-imu timeoffset = 0.00003
cam0 intrinsics = 462.530,461.671,367.200,246.231 | -0.275,0.067,0.001,0.000
cam1 intrinsics = 461.682,460.990,379.836,253.000 | -0.277,0.069,0.000,0.000
cam0 extrinsics = -0.006,0.009,0.703,0.712 | 0.066,-0.021,0.010
cam1 extrinsics = -0.000,0.013,0.703,0.711 | -0.048,-0.022,0.010
q_GtoI = -0.696,-0.448,-0.474,0.300 | p_IinG = -2.431,1.117,0.392 | dist = 21.90 (meters)
bg = -0.0015,0.0221,0.0785 | ba = -0.0329,0.1131,0.1379
camera-imu timeoffset = 0.00003
cam0 intrinsics = 462.541,461.693,367.204,246.228 | -0.275,0.067,0.001,0.000
cam1 intrinsics = 461.691,461.010,379.833,253.005 | -0.277,0.069,0.000,0.000
cam0 extrinsics = -0.006,0.009,0.703,0.712 | 0.066,-0.021,0.010
cam1 extrinsics = -0.000,0.013,0.703,0.711 | -0.048,-0.022,0.010
q_GtoI = -0.696,-0.450,-0.474,0.299 | p_IinG = -2.428,1.129,0.425 | dist = 21.94 (meters)
bg = -0.0013,0.0224,0.0785 | ba = -0.0321,0.1125,0.1384
camera-imu timeoffset = 0.00003
cam0 intrinsics = 462.544,461.699,367.214,246.226 | -0.275,0.067,0.001,0.000
cam1 intrinsics = 461.695,461.016,379.833,253.006 | -0.277,0.069,0.000,0.000
cam0 extrinsics = -0.006,0.009,0.703,0.712 | 0.066,-0.021,0.010
cam1 extrinsics = -0.000,0.013,0.703,0.711 | -0.048,-0.022,0.011
q_GtoI = -0.695,-0.450,-0.475,0.298 | p_IinG = -2.426,1.140,0.461 | dist = 21.98 (meters)
bg = -0.0012,0.0226,0.0787 | ba = -0.0303,0.1122,0.1393
camera-imu timeoffset = 0.00002
cam0 intrinsics = 462.543,461.694,367.219,246.217 | -0.275,0.067,0.001,0.000
cam1 intrinsics = 461.696,461.015,379.824,253.003 | -0.277,0.069,0.000,0.000
cam0 extrinsics = -0.006,0.009,0.703,0.712 | 0.065,-0.021,0.010
cam1 extrinsics = -0.000,0.013,0.703,0.711 | -0.048,-0.022,0.011
q_GtoI = -0.696,-0.450,-0.474,0.298 | p_IinG = -2.424,1.153,0.499 | dist = 22.02 (meters)
bg = -0.0012,0.0229,0.0787 | ba = -0.0269,0.1114,0.1402
camera-imu timeoffset = 0.00001
cam0 intrinsics = 462.544,461.681,367.230,246.204 | -0.275,0.067,0.001,0.000
cam1 intrinsics = 461.695,461.001,379.816,252.994 | -0.277,0.069,0.000,0.000
cam0 extrinsics = -0.006,0.009,0.703,0.712 | 0.065,-0.021,0.011
cam1 extrinsics = -0.000,0.013,0.703,0.711 | -0.049,-0.022,0.011
q_GtoI = -0.696,-0.450,-0.473,0.299 | p_IinG = -2.421,1.165,0.538 | dist = 22.06 (meters)
bg = -0.0013,0.0231,0.0788 | ba = -0.0244,0.1104,0.1422
camera-imu timeoffset = 0.00001
cam0 intrinsics = 462.544,461.670,367.232,246.191 | -0.275,0.067,0.001,0.000
cam1 intrinsics = 461.695,460.990,379.806,252.987 | -0.277,0.069,0.000,0.000
cam0 extrinsics = -0.006,0.009,0.703,0.712 | 0.065,-0.021,0.011
cam1 extrinsics = -0.000,0.013,0.703,0.711 | -0.049,-0.022,0.011
q_GtoI = -0.698,-0.446,-0.472,0.303 | p_IinG = -2.419,1.179,0.578 | dist = 22.10 (meters)
bg = -0.0013,0.0234,0.0790 | ba = -0.0229,0.1095,0.1443
camera-imu timeoffset = 0.00002
cam0 intrinsics = 462.537,461.647,367.237,246.180 | -0.275,0.067,0.001,0.000
cam1 intrinsics = 461.689,460.969,379.805,252.982 | -0.277,0.069,0.000,0.000
cam0 extrinsics = -0.006,0.009,0.703,0.712 | 0.064,-0.021,0.011
cam1 extrinsics = -0.000,0.013,0.703,0.711 | -0.049,-0.022,0.011
q_GtoI = -0.699,-0.444,-0.471,0.305 | p_IinG = -2.416,1.192,0.618 | dist = 22.14 (meters)
bg = -0.0012,0.0238,0.0791 | ba = -0.0201,0.1082,0.1461
camera-imu timeoffset = 0.00002
cam0 intrinsics = 462.529,461.615,367.253,246.158 | -0.275,0.067,0.001,0.000
cam1 intrinsics = 461.677,460.933,379.799,252.975 | -0.277,0.069,0.000,0.000
cam0 extrinsics = -0.006,0.009,0.703,0.712 | 0.064,-0.021,0.011
cam1 extrinsics = -0.000,0.013,0.703,0.711 | -0.050,-0.022,0.011
q_GtoI = -0.700,-0.442,-0.469,0.307 | p_IinG = -2.413,1.206,0.655 | dist = 22.18 (meters)
bg = -0.0014,0.0241,0.0791 | ba = -0.0176,0.1068,0.1477
camera-imu timeoffset = 0.00002
cam0 intrinsics = 462.526,461.598,367.258,246.149 | -0.275,0.067,0.001,0.000
cam1 intrinsics = 461.673,460.915,379.797,252.966 | -0.277,0.069,0.000,0.000
cam0 extrinsics = -0.006,0.009,0.703,0.712 | 0.064,-0.021,0.011
cam1 extrinsics = -0.000,0.013,0.703,0.711 | -0.050,-0.021,0.011
q_GtoI = -0.700,-0.440,-0.470,0.309 | p_IinG = -2.409,1.221,0.690 | dist = 22.22 (meters)
bg = -0.0014,0.0244,0.0792 | ba = -0.0164,0.1060,0.1495
camera-imu timeoffset = 0.00002
cam0 intrinsics = 462.532,461.595,367.264,246.144 | -0.275,0.067,0.001,0.000
cam1 intrinsics = 461.678,460.911,379.795,252.964 | -0.277,0.069,0.000,0.000
cam0 extrinsics = -0.006,0.009,0.703,0.712 | 0.064,-0.020,0.011
cam1 extrinsics = -0.000,0.013,0.703,0.711 | -0.050,-0.021,0.011
q_GtoI = -0.701,-0.438,-0.470,0.309 | p_IinG = -2.405,1.236,0.722 | dist = 22.26 (meters)
bg = -0.0012,0.0250,0.0794 | ba = -0.0151,0.1060,0.1516
camera-imu timeoffset = 0.00002
cam0 intrinsics = 462.528,461.586,367.263,246.137 | -0.275,0.067,0.001,0.000
cam1 intrinsics = 461.674,460.901,379.797,252.960 | -0.277,0.069,0.000,0.000
cam0 extrinsics = -0.006,0.009,0.703,0.712 | 0.064,-0.020,0.011
cam1 extrinsics = -0.000,0.013,0.703,0.711 | -0.050,-0.021,0.011
q_GtoI = -0.702,-0.438,-0.471,0.308 | p_IinG = -2.400,1.252,0.753 | dist = 22.29 (meters)
bg = -0.0012,0.0254,0.0794 | ba = -0.0119,0.1058,0.1525
camera-imu timeoffset = 0.00002
cam0 intrinsics = 462.530,461.582,367.270,246.128 | -0.275,0.067,0.001,0.000
cam1 intrinsics = 461.678,460.900,379.794,252.951 | -0.277,0.069,0.000,0.000
cam0 extrinsics = -0.006,0.009,0.703,0.712 | 0.064,-0.020,0.011
cam1 extrinsics = -0.000,0.013,0.703,0.711 | -0.050,-0.021,0.011
q_GtoI = -0.701,-0.437,-0.473,0.307 | p_IinG = -2.395,1.268,0.783 | dist = 22.33 (meters)
bg = -0.0011,0.0257,0.0795 | ba = -0.0088,0.1056,0.1531
camera-imu timeoffset = 0.00002
cam0 intrinsics = 462.533,461.581,367.273,246.122 | -0.275,0.067,0.001,0.000
cam1 intrinsics = 461.683,460.901,379.795,252.943 | -0.277,0.069,0.000,0.000
cam0 extrinsics = -0.006,0.009,0.703,0.712 | 0.064,-0.020,0.011
cam1 extrinsics = -0.000,0.013,0.703,0.711 | -0.050,-0.021,0.011
q_GtoI = -0.700,-0.435,-0.475,0.309 | p_IinG = -2.390,1.283,0.816 | dist = 22.37 (meters)
bg = -0.0011,0.0258,0.0794 | ba = -0.0059,0.1047,0.1559
camera-imu timeoffset = 0.00001
cam0 intrinsics = 462.537,461.579,367.266,246.123 | -0.275,0.067,0.001,0.000
cam1 intrinsics = 461.688,460.901,379.789,252.943 | -0.277,0.069,0.000,0.000
cam0 extrinsics = -0.006,0.009,0.703,0.712 | 0.064,-0.020,0.011
cam1 extrinsics = -0.000,0.013,0.703,0.711 | -0.050,-0.021,0.011
q_GtoI = -0.698,-0.433,-0.479,0.311 | p_IinG = -2.385,1.298,0.851 | dist = 22.40 (meters)
bg = -0.0010,0.0258,0.0794 | ba = -0.0034,0.1055,0.1581
camera-imu timeoffset = 0.00001
cam0 intrinsics = 462.541,461.574,367.271,246.113 | -0.275,0.067,0.001,0.000
cam1 intrinsics = 461.693,460.899,379.791,252.933 | -0.277,0.069,0.000,0.000
cam0 extrinsics = -0.006,0.009,0.703,0.712 | 0.064,-0.020,0.011
cam1 extrinsics = -0.000,0.013,0.703,0.711 | -0.050,-0.021,0.011
q_GtoI = -0.696,-0.430,-0.482,0.314 | p_IinG = -2.377,1.308,0.888 | dist = 22.45 (meters)
bg = -0.0014,0.0253,0.0788 | ba = -0.0001,0.1048,0.1626
camera-imu timeoffset = 0.00000
cam0 intrinsics = 462.552,461.581,367.293,246.058 | -0.276,0.067,0.001,0.000
cam1 intrinsics = 461.728,460.935,379.804,252.882 | -0.277,0.069,0.000,0.000
cam0 extrinsics = -0.006,0.009,0.703,0.712 | 0.064,-0.020,0.011
cam1 extrinsics = -0.000,0.013,0.703,0.711 | -0.050,-0.021,0.012
q_GtoI = -0.694,-0.428,-0.485,0.315 | p_IinG = -2.373,1.320,0.928 | dist = 22.49 (meters)
bg = -0.0013,0.0254,0.0788 | ba = 0.0032,0.1051,0.1649
camera-imu timeoffset = 0.00001
cam0 intrinsics = 462.548,461.559,367.302,246.025 | -0.276,0.067,0.001,0.000
cam1 intrinsics = 461.722,460.914,379.813,252.853 | -0.277,0.069,0.000,0.000
cam0 extrinsics = -0.006,0.009,0.703,0.712 | 0.064,-0.020,0.011
cam1 extrinsics = -0.000,0.013,0.703,0.711 | -0.050,-0.021,0.012
q_GtoI = -0.692,-0.428,-0.488,0.316 | p_IinG = -2.366,1.330,0.973 | dist = 22.54 (meters)
bg = -0.0019,0.0255,0.0786 | ba = 0.0044,0.1026,0.1682
camera-imu timeoffset = 0.00002
cam0 intrinsics = 462.548,461.570,367.289,246.005 | -0.276,0.067,0.001,0.000
cam1 intrinsics = 461.714,460.919,379.813,252.833 | -0.277,0.069,0.000,0.000
cam0 extrinsics = -0.006,0.009,0.703,0.712 | 0.064,-0.020,0.011
cam1 extrinsics = -0.000,0.013,0.703,0.711 | -0.049,-0.020,0.012
q_GtoI = -0.690,-0.429,-0.490,0.315 | p_IinG = -2.359,1.340,1.016 | dist = 22.58 (meters)
bg = -0.0022,0.0256,0.0783 | ba = 0.0067,0.1017,0.1697
camera-imu timeoffset = 0.00002
cam0 intrinsics = 462.541,461.557,367.291,245.976 | -0.276,0.067,0.001,0.000
cam1 intrinsics = 461.703,460.902,379.824,252.814 | -0.277,0.069,0.000,0.000
cam0 extrinsics = -0.006,0.009,0.703,0.712 | 0.064,-0.020,0.011
cam1 extrinsics = -0.000,0.013,0.703,0.711 | -0.049,-0.020,0.012
q_GtoI = -0.689,-0.432,-0.492,0.312 | p_IinG = -2.354,1.349,1.060 | dist = 22.63 (meters)
bg = -0.0023,0.0257,0.0783 | ba = 0.0074,0.1016,0.1707
camera-imu timeoffset = 0.00002
cam0 intrinsics = 462.535,461.548,367.296,245.950 | -0.276,0.067,0.001,0.000
cam1 intrinsics = 461.696,460.894,379.831,252.793 | -0.277,0.069,0.000,0.000
cam0 extrinsics = -0.006,0.009,0.703,0.712 | 0.064,-0.020,0.011
cam1 extrinsics = -0.000,0.013,0.703,0.711 | -0.049,-0.020,0.012
q_GtoI = -0.688,-0.433,-0.492,0.312 | p_IinG = -2.349,1.358,1.102 | dist = 22.67 (meters)
bg = -0.0024,0.0259,0.0783 | ba = 0.0085,0.1017,0.1714
camera-imu timeoffset = 0.00002
cam0 intrinsics = 462.529,461.540,367.301,245.927 | -0.276,0.067,0.001,0.000
cam1 intrinsics = 461.688,460.882,379.846,252.776 | -0.277,0.069,0.000,0.000
cam0 extrinsics = -0.006,0.009,0.703,0.712 | 0.064,-0.020,0.011
cam1 extrinsics = -0.000,0.013,0.703,0.711 | -0.049,-0.020,0.012
q_GtoI = -0.688,-0.433,-0.491,0.313 | p_IinG = -2.344,1.365,1.144 | dist = 22.71 (meters)
bg = -0.0026,0.0261,0.0783 | ba = 0.0095,0.1013,0.1716
camera-imu timeoffset = 0.00002
cam0 intrinsics = 462.529,461.539,367.306,245.886 | -0.276,0.068,0.001,0.000
cam1 intrinsics = 461.685,460.879,379.845,252.750 | -0.277,0.069,0.000,0.000
cam0 extrinsics = -0.006,0.009,0.703,0.712 | 0.064,-0.020,0.011
cam1 extrinsics = -0.000,0.013,0.703,0.711 | -0.049,-0.020,0.011
q_GtoI = -0.688,-0.431,-0.490,0.316 | p_IinG = -2.339,1.373,1.185 | dist = 22.76 (meters)
bg = -0.0026,0.0262,0.0783 | ba = 0.0104,0.1010,0.1723
camera-imu timeoffset = 0.00001
cam0 intrinsics = 462.531,461.541,367.303,245.873 | -0.276,0.068,0.001,0.000
cam1 intrinsics = 461.685,460.879,379.849,252.740 | -0.277,0.069,0.000,0.000
cam0 extrinsics = -0.006,0.009,0.703,0.712 | 0.064,-0.020,0.011
cam1 extrinsics = -0.000,0.013,0.703,0.711 | -0.049,-0.020,0.011
q_GtoI = -0.688,-0.430,-0.490,0.319 | p_IinG = -2.336,1.379,1.223 | dist = 22.80 (meters)
bg = -0.0026,0.0262,0.0783 | ba = 0.0132,0.1004,0.1733
camera-imu timeoffset = 0.00001
cam0 intrinsics = 462.527,461.534,367.303,245.865 | -0.276,0.068,0.001,0.000
cam1 intrinsics = 461.683,460.873,379.852,252.731 | -0.277,0.069,0.000,0.000
cam0 extrinsics = -0.006,0.009,0.703,0.712 | 0.064,-0.020,0.011
cam1 extrinsics = -0.000,0.013,0.703,0.711 | -0.049,-0.020,0.011
q_GtoI = -0.688,-0.429,-0.490,0.320 | p_IinG = -2.333,1.383,1.257 | dist = 22.83 (meters)
bg = -0.0025,0.0261,0.0783 | ba = 0.0151,0.1005,0.1747
camera-imu timeoffset = 0.00002
cam0 intrinsics = 462.529,461.536,367.299,245.851 | -0.276,0.068,0.001,0.000
cam1 intrinsics = 461.685,460.876,379.853,252.722 | -0.277,0.069,0.000,0.000
cam0 extrinsics = -0.006,0.009,0.703,0.712 | 0.064,-0.020,0.011
cam1 extrinsics = -0.000,0.013,0.703,0.711 | -0.049,-0.020,0.011
q_GtoI = -0.688,-0.430,-0.490,0.320 | p_IinG = -2.329,1.385,1.288 | dist = 22.87 (meters)
bg = -0.0026,0.0260,0.0783 | ba = 0.0171,0.1009,0.1755
camera-imu timeoffset = 0.00002
cam0 intrinsics = 462.530,461.556,367.310,245.814 | -0.276,0.068,0.001,0.000
cam1 intrinsics = 461.676,460.879,379.868,252.697 | -0.277,0.069,0.000,0.000
cam0 extrinsics = -0.006,0.009,0.703,0.712 | 0.064,-0.020,0.011
cam1 extrinsics = -0.000,0.013,0.703,0.711 | -0.049,-0.020,0.011
q_GtoI = -0.687,-0.432,-0.491,0.318 | p_IinG = -2.327,1.387,1.316 | dist = 22.89 (meters)
bg = -0.0026,0.0259,0.0783 | ba = 0.0173,0.1017,0.1768
camera-imu timeoffset = 0.00001
cam0 intrinsics = 462.529,461.555,367.314,245.804 | -0.276,0.068,0.001,0.000
cam1 intrinsics = 461.675,460.878,379.874,252.687 | -0.277,0.069,0.000,0.000
cam0 extrinsics = -0.006,0.009,0.703,0.712 | 0.064,-0.020,0.011
cam1 extrinsics = -0.000,0.013,0.703,0.711 | -0.049,-0.020,0.011
q_GtoI = -0.686,-0.434,-0.491,0.315 | p_IinG = -2.326,1.388,1.340 | dist = 22.92 (meters)
bg = -0.0027,0.0257,0.0784 | ba = 0.0175,0.1034,0.1789
camera-imu timeoffset = 0.00002
cam0 intrinsics = 462.527,461.549,367.319,245.793 | -0.276,0.068,0.001,0.000
cam1 intrinsics = 461.673,460.871,379.887,252.676 | -0.277,0.069,0.000,0.000
cam0 extrinsics = -0.006,0.009,0.703,0.712 | 0.064,-0.020,0.011
cam1 extrinsics = -0.000,0.013,0.703,0.711 | -0.049,-0.020,0.011
q_GtoI = -0.685,-0.437,-0.492,0.313 | p_IinG = -2.326,1.388,1.360 | dist = 22.94 (meters)
bg = -0.0027,0.0255,0.0783 | ba = 0.0174,0.1048,0.1808
camera-imu timeoffset = 0.00001
cam0 intrinsics = 462.526,461.544,367.320,245.784 | -0.276,0.068,0.001,0.000
cam1 intrinsics = 461.673,460.866,379.901,252.668 | -0.277,0.069,0.000,0.000
cam0 extrinsics = -0.006,0.009,0.703,0.712 | 0.064,-0.020,0.011
cam1 extrinsics = -0.000,0.013,0.703,0.711 | -0.049,-0.020,0.011
q_GtoI = -0.685,-0.438,-0.492,0.311 | p_IinG = -2.326,1.387,1.378 | dist = 22.96 (meters)
bg = -0.0028,0.0255,0.0781 | ba = 0.0159,0.1069,0.1835
camera-imu timeoffset = 0.00001
cam0 intrinsics = 462.518,461.531,367.324,245.768 | -0.276,0.068,0.001,0.000
cam1 intrinsics = 461.672,460.862,379.910,252.654 | -0.277,0.069,0.000,0.000
cam0 extrinsics = -0.006,0.009,0.703,0.712 | 0.064,-0.020,0.010
cam1 extrinsics = -0.000,0.013,0.703,0.711 | -0.049,-0.021,0.011
q_GtoI = -0.684,-0.440,-0.493,0.309 | p_IinG = -2.326,1.385,1.392 | dist = 22.97 (meters)
bg = -0.0029,0.0252,0.0782 | ba = 0.0160,0.1070,0.1856
camera-imu timeoffset = 0.00001
cam0 intrinsics = 462.517,461.524,367.320,245.756 | -0.276,0.068,0.001,0.000
cam1 intrinsics = 461.670,460.856,379.910,252.644 | -0.277,0.069,0.000,0.000
cam0 extrinsics = -0.006,0.009,0.703,0.712 | 0.064,-0.020,0.010
cam1 extrinsics = -0.000,0.013,0.703,0.711 | -0.049,-0.021,0.011
q_GtoI = -0.683,-0.441,-0.493,0.308 | p_IinG = -2.328,1.382,1.405 | dist = 22.98 (meters)
bg = -0.0030,0.0248,0.0781 | ba = 0.0160,0.1076,0.1880
camera-imu timeoffset = 0.00001
cam0 intrinsics = 462.515,461.518,367.323,245.755 | -0.276,0.068,0.001,0.000
cam1 intrinsics = 461.665,460.846,379.917,252.646 | -0.277,0.069,0.000,0.000
cam0 extrinsics = -0.006,0.009,0.703,0.712 | 0.064,-0.020,0.010
cam1 extrinsics = -0.000,0.013,0.703,0.711 | -0.049,-0.021,0.011
q_GtoI = -0.683,-0.442,-0.493,0.307 | p_IinG = -2.331,1.379,1.418 | dist = 23.00 (meters)
bg = -0.0032,0.0246,0.0782 | ba = 0.0158,0.1082,0.1898
camera-imu timeoffset = 0.00001
cam0 intrinsics = 462.509,461.512,367.327,245.750 | -0.276,0.068,0.001,0.000
cam1 intrinsics = 461.661,460.840,379.929,252.641 | -0.277,0.069,0.000,0.000
cam0 extrinsics = -0.006,0.009,0.703,0.712 | 0.064,-0.020,0.010
cam1 extrinsics = -0.000,0.013,0.703,0.711 | -0.049,-0.021,0.011
q_GtoI = -0.684,-0.444,-0.492,0.306 | p_IinG = -2.334,1.374,1.432 | dist = 23.01 (meters)
bg = -0.0033,0.0243,0.0783 | ba = 0.0155,0.1082,0.1918
camera-imu timeoffset = 0.00001
cam0 intrinsics = 462.504,461.500,367.323,245.746 | -0.276,0.068,0.001,0.000
cam1 intrinsics = 461.655,460.828,379.931,252.638 | -0.277,0.069,0.000,0.000
cam0 extrinsics = -0.006,0.009,0.703,0.712 | 0.064,-0.020,0.010
cam1 extrinsics = -0.000,0.013,0.703,0.711 | -0.049,-0.021,0.011
q_GtoI = -0.685,-0.445,-0.490,0.304 | p_IinG = -2.339,1.369,1.447 | dist = 23.03 (meters)
bg = -0.0033,0.0238,0.0783 | ba = 0.0155,0.1086,0.1934
camera-imu timeoffset = 0.00001
cam0 intrinsics = 462.495,461.470,367.323,245.720 | -0.276,0.068,0.001,0.000
cam1 intrinsics = 461.649,460.802,379.917,252.622 | -0.277,0.069,0.000,0.000
cam0 extrinsics = -0.006,0.009,0.703,0.712 | 0.064,-0.020,0.010
cam1 extrinsics = -0.000,0.013,0.703,0.711 | -0.049,-0.021,0.011
q_GtoI = -0.687,-0.447,-0.487,0.302 | p_IinG = -2.345,1.364,1.466 | dist = 23.05 (meters)
bg = -0.0034,0.0234,0.0784 | ba = 0.0144,0.1087,0.1950
camera-imu timeoffset = 0.00001
cam0 intrinsics = 462.494,461.481,367.316,245.690 | -0.276,0.068,0.001,0.000
cam1 intrinsics = 461.652,460.809,379.918,252.592 | -0.277,0.069,0.000,0.000
cam0 extrinsics = -0.006,0.009,0.703,0.712 | 0.064,-0.020,0.010
cam1 extrinsics = -0.000,0.013,0.703,0.711 | -0.049,-0.021,0.011
q_GtoI = -0.689,-0.448,-0.483,0.301 | p_IinG = -2.351,1.359,1.489 | dist = 23.07 (meters)
bg = -0.0034,0.0231,0.0784 | ba = 0.0138,0.1087,0.1956
camera-imu timeoffset = 0.00001
cam0 intrinsics = 462.488,461.473,367.317,245.684 | -0.276,0.068,0.001,0.000
cam1 intrinsics = 461.647,460.803,379.921,252.585 | -0.277,0.069,0.000,0.000
cam0 extrinsics = -0.006,0.009,0.703,0.712 | 0.064,-0.020,0.010
cam1 extrinsics = -0.000,0.013,0.703,0.711 | -0.049,-0.021,0.011
q_GtoI = -0.692,-0.447,-0.480,0.303 | p_IinG = -2.357,1.355,1.515 | dist = 23.10 (meters)
bg = -0.0034,0.0229,0.0785 | ba = 0.0133,0.1078,0.1967
camera-imu timeoffset = 0.00001
cam0 intrinsics = 462.477,461.459,367.318,245.673 | -0.276,0.068,0.001,0.000
cam1 intrinsics = 461.640,460.793,379.923,252.576 | -0.277,0.069,0.000,0.000
cam0 extrinsics = -0.006,0.009,0.703,0.712 | 0.064,-0.020,0.010
cam1 extrinsics = -0.000,0.013,0.703,0.711 | -0.049,-0.021,0.011
q_GtoI = -0.695,-0.444,-0.475,0.307 | p_IinG = -2.365,1.351,1.541 | dist = 23.13 (meters)
bg = -0.0032,0.0229,0.0784 | ba = 0.0125,0.1072,0.1975
camera-imu timeoffset = 0.00001
cam0 intrinsics = 462.475,461.458,367.316,245.672 | -0.276,0.068,0.001,0.000
cam1 intrinsics = 461.638,460.794,379.929,252.575 | -0.277,0.069,0.000,0.000
cam0 extrinsics = -0.006,0.009,0.703,0.712 | 0.064,-0.020,0.010
cam1 extrinsics = -0.000,0.013,0.703,0.711 | -0.049,-0.021,0.011
q_GtoI = -0.698,-0.441,-0.470,0.311 | p_IinG = -2.372,1.347,1.565 | dist = 23.15 (meters)
bg = -0.0033,0.0229,0.0784 | ba = 0.0139,0.1059,0.1978
camera-imu timeoffset = 0.00001
cam0 intrinsics = 462.474,461.430,367.317,245.655 | -0.276,0.068,0.001,0.000
cam1 intrinsics = 461.635,460.765,379.940,252.559 | -0.277,0.069,0.000,0.000
cam0 extrinsics = -0.006,0.009,0.703,0.712 | 0.064,-0.019,0.010
cam1 extrinsics = -0.000,0.013,0.703,0.711 | -0.049,-0.020,0.011
q_GtoI = -0.701,-0.438,-0.466,0.316 | p_IinG = -2.378,1.344,1.587 | dist = 23.18 (meters)
bg = -0.0033,0.0230,0.0784 | ba = 0.0148,0.1054,0.1984
camera-imu timeoffset = 0.00001
cam0 intrinsics = 462.472,461.419,367.316,245.648 | -0.276,0.068,0.001,0.000
cam1 intrinsics = 461.635,460.758,379.946,252.551 | -0.277,0.069,0.000,0.000
cam0 extrinsics = -0.006,0.009,0.703,0.712 | 0.064,-0.019,0.011
cam1 extrinsics = -0.000,0.013,0.703,0.711 | -0.049,-0.020,0.011
q_GtoI = -0.703,-0.434,-0.463,0.322 | p_IinG = -2.384,1.341,1.605 | dist = 23.20 (meters)
bg = -0.0033,0.0230,0.0784 | ba = 0.0164,0.1051,0.1989
camera-imu timeoffset = 0.00001
cam0 intrinsics = 462.472,461.409,367.317,245.638 | -0.276,0.068,0.001,0.000
cam1 intrinsics = 461.638,460.752,379.949,252.540 | -0.277,0.069,0.000,0.000
cam0 extrinsics = -0.006,0.009,0.703,0.712 | 0.064,-0.019,0.011
cam1 extrinsics = -0.000,0.013,0.703,0.711 | -0.050,-0.020,0.011
q_GtoI = -0.705,-0.430,-0.460,0.327 | p_IinG = -2.389,1.338,1.619 | dist = 23.21 (meters)
bg = -0.0033,0.0232,0.0782 | ba = 0.0188,0.1044,0.1989
camera-imu timeoffset = 0.00001
cam0 intrinsics = 462.458,461.397,367.331,245.674 | -0.276,0.068,0.001,0.000
cam1 intrinsics = 461.629,460.752,379.948,252.565 | -0.277,0.069,0.000,0.000
cam0 extrinsics = -0.006,0.009,0.703,0.712 | 0.064,-0.019,0.011
cam1 extrinsics = -0.000,0.013,0.703,0.711 | -0.050,-0.020,0.011
q_GtoI = -0.706,-0.427,-0.458,0.332 | p_IinG = -2.392,1.334,1.627 | dist = 23.22 (meters)
bg = -0.0033,0.0232,0.0781 | ba = 0.0209,0.1042,0.1996
camera-imu timeoffset = 0.00001
cam0 intrinsics = 462.457,461.391,367.337,245.666 | -0.276,0.068,0.001,0.000
cam1 intrinsics = 461.630,460.749,379.952,252.557 | -0.277,0.069,0.000,0.000
cam0 extrinsics = -0.006,0.009,0.703,0.712 | 0.064,-0.019,0.011
cam1 extrinsics = -0.000,0.013,0.703,0.711 | -0.050,-0.020,0.012
q_GtoI = -0.706,-0.424,-0.456,0.336 | p_IinG = -2.395,1.328,1.629 | dist = 23.23 (meters)
bg = -0.0034,0.0233,0.0780 | ba = 0.0239,0.1040,0.2003
camera-imu timeoffset = 0.00002
cam0 intrinsics = 462.460,461.390,367.344,245.663 | -0.276,0.068,0.001,0.000
cam1 intrinsics = 461.633,460.749,379.957,252.551 | -0.277,0.069,0.000,0.000
cam0 extrinsics = -0.006,0.009,0.703,0.712 | 0.064,-0.019,0.011
cam1 extrinsics = -0.000,0.013,0.703,0.711 | -0.050,-0.020,0.012
q_GtoI = -0.706,-0.422,-0.456,0.339 | p_IinG = -2.395,1.323,1.625 | dist = 23.23 (meters)
bg = -0.0033,0.0235,0.0780 | ba = 0.0257,0.1037,0.2008
camera-imu timeoffset = 0.00002
cam0 intrinsics = 462.459,461.400,367.347,245.664 | -0.276,0.068,0.001,0.000
cam1 intrinsics = 461.633,460.762,379.959,252.548 | -0.277,0.069,0.000,0.000
cam0 extrinsics = -0.006,0.009,0.703,0.712 | 0.064,-0.019,0.011
cam1 extrinsics = -0.000,0.014,0.703,0.711 | -0.050,-0.020,0.012
q_GtoI = -0.706,-0.420,-0.456,0.342 | p_IinG = -2.394,1.316,1.615 | dist = 23.24 (meters)
bg = -0.0034,0.0236,0.0781 | ba = 0.0286,0.1033,0.2011
camera-imu timeoffset = 0.00002
cam0 intrinsics = 462.468,461.407,367.356,245.662 | -0.276,0.068,0.001,0.000
cam1 intrinsics = 461.643,460.773,379.966,252.545 | -0.277,0.069,0.000,0.000
cam0 extrinsics = -0.006,0.009,0.703,0.712 | 0.064,-0.019,0.011
cam1 extrinsics = -0.000,0.014,0.703,0.711 | -0.049,-0.020,0.012
q_GtoI = -0.703,-0.420,-0.459,0.344 | p_IinG = -2.392,1.309,1.600 | dist = 23.26 (meters)
bg = -0.0035,0.0236,0.0782 | ba = 0.0304,0.1036,0.2013
camera-imu timeoffset = 0.00001
cam0 intrinsics = 462.471,461.412,367.362,245.660 | -0.276,0.068,0.001,0.000
cam1 intrinsics = 461.647,460.780,379.971,252.541 | -0.277,0.069,0.000,0.000
cam0 extrinsics = -0.006,0.009,0.703,0.712 | 0.064,-0.019,0.012
cam1 extrinsics = -0.000,0.014,0.703,0.711 | -0.049,-0.019,0.012
q_GtoI = -0.699,-0.418,-0.465,0.346 | p_IinG = -2.392,1.299,1.580 | dist = 23.28 (meters)
bg = -0.0032,0.0230,0.0783 | ba = 0.0343,0.1036,0.2008
camera-imu timeoffset = 0.00002
cam0 intrinsics = 462.469,461.429,367.372,245.705 | -0.276,0.068,0.001,0.000
cam1 intrinsics = 461.651,460.800,379.962,252.580 | -0.277,0.069,0.000,0.000
cam0 extrinsics = -0.006,0.009,0.703,0.712 | 0.064,-0.019,0.012
cam1 extrinsics = -0.000,0.013,0.703,0.711 | -0.049,-0.020,0.013
q_GtoI = -0.695,-0.417,-0.471,0.348 | p_IinG = -2.387,1.290,1.559 | dist = 23.30 (meters)
bg = -0.0031,0.0230,0.0782 | ba = 0.0369,0.1034,0.2002
camera-imu timeoffset = 0.00002
cam0 intrinsics = 462.466,461.442,367.372,245.704 | -0.276,0.068,0.001,0.000
cam1 intrinsics = 461.651,460.816,379.960,252.579 | -0.277,0.069,0.000,0.000
cam0 extrinsics = -0.006,0.009,0.703,0.712 | 0.064,-0.019,0.012
cam1 extrinsics = -0.000,0.013,0.703,0.711 | -0.049,-0.020,0.013
q_GtoI = -0.691,-0.417,-0.476,0.349 | p_IinG = -2.381,1.280,1.536 | dist = 23.32 (meters)
bg = -0.0030,0.0231,0.0781 | ba = 0.0392,0.1031,0.2003
camera-imu timeoffset = 0.00002
cam0 intrinsics = 462.469,461.449,367.375,245.701 | -0.276,0.068,0.001,0.000
cam1 intrinsics = 461.655,460.824,379.963,252.576 | -0.277,0.069,0.000,0.000
cam0 extrinsics = -0.006,0.009,0.703,0.712 | 0.064,-0.019,0.012
cam1 extrinsics = -0.000,0.013,0.703,0.711 | -0.049,-0.020,0.013
q_GtoI = -0.688,-0.417,-0.481,0.348 | p_IinG = -2.374,1.268,1.510 | dist = 23.35 (meters)
bg = -0.0029,0.0231,0.0779 | ba = 0.0403,0.1035,0.2003
camera-imu timeoffset = 0.00002
cam0 intrinsics = 462.477,461.453,367.381,245.691 | -0.276,0.068,0.001,0.000
cam1 intrinsics = 461.662,460.828,379.969,252.570 | -0.277,0.069,0.000,0.000
cam0 extrinsics = -0.006,0.009,0.703,0.712 | 0.064,-0.019,0.013
cam1 extrinsics = -0.000,0.013,0.703,0.711 | -0.049,-0.019,0.013
q_GtoI = -0.685,-0.419,-0.486,0.345 | p_IinG = -2.366,1.254,1.482 | dist = 23.38 (meters)
bg = -0.0028,0.0230,0.0779 | ba = 0.0409,0.1040,0.2005
camera-imu timeoffset = 0.00002
cam0 intrinsics = 462.486,461.457,367.389,245.679 | -0.276,0.068,0.001,0.000
cam1 intrinsics = 461.671,460.831,379.974,252.558 | -0.277,0.069,0.000,0.000
cam0 extrinsics = -0.006,0.009,0.702,0.712 | 0.064,-0.019,0.013
cam1 extrinsics = -0.000,0.013,0.703,0.711 | -0.049,-0.019,0.013
q_GtoI = -0.682,-0.421,-0.490,0.343 | p_IinG = -2.359,1.238,1.452 | dist = 23.42 (meters)
bg = -0.0028,0.0229,0.0779 | ba = 0.0405,0.1044,0.2010
camera-imu timeoffset = 0.00002
cam0 intrinsics = 462.494,461.448,367.382,245.660 | -0.276,0.068,0.001,0.000
cam1 intrinsics = 461.679,460.822,379.966,252.539 | -0.277,0.069,0.000,0.000
cam0 extrinsics = -0.006,0.009,0.702,0.712 | 0.064,-0.019,0.013
cam1 extrinsics = -0.000,0.014,0.703,0.711 | -0.049,-0.019,0.013
q_GtoI = -0.681,-0.423,-0.491,0.340 | p_IinG = -2.351,1.219,1.422 | dist = 23.46 (meters)
bg = -0.0029,0.0227,0.0780 | ba = 0.0408,0.1033,0.2024
camera-imu timeoffset = 0.00002
cam0 intrinsics = 462.491,461.430,367.366,245.646 | -0.276,0.068,0.001,0.000
cam1 intrinsics = 461.675,460.803,379.953,252.531 | -0.277,0.069,0.000,0.000
cam0 extrinsics = -0.006,0.009,0.703,0.712 | 0.064,-0.019,0.013
cam1 extrinsics = -0.000,0.014,0.703,0.711 | -0.049,-0.020,0.013
q_GtoI = -0.681,-0.427,-0.492,0.336 | p_IinG = -2.342,1.199,1.391 | dist = 23.49 (meters)
bg = -0.0029,0.0226,0.0779 | ba = 0.0415,0.1023,0.2031
camera-imu timeoffset = 0.00002
cam0 intrinsics = 462.493,461.422,367.363,245.643 | -0.276,0.068,0.001,0.000
cam1 intrinsics = 461.677,460.793,379.945,252.528 | -0.277,0.069,0.000,0.000
cam0 extrinsics = -0.006,0.009,0.703,0.712 | 0.064,-0.019,0.012
cam1 extrinsics = -0.000,0.014,0.703,0.711 | -0.049,-0.020,0.013
q_GtoI = -0.681,-0.428,-0.491,0.333 | p_IinG = -2.334,1.176,1.361 | dist = 23.53 (meters)
bg = -0.0029,0.0225,0.0779 | ba = 0.0420,0.1010,0.2036
camera-imu timeoffset = 0.00002
cam0 intrinsics = 462.495,461.420,367.364,245.635 | -0.276,0.068,0.001,0.000
cam1 intrinsics = 461.678,460.790,379.942,252.522 | -0.277,0.069,0.000,0.000
cam0 extrinsics = -0.006,0.009,0.703,0.712 | 0.064,-0.019,0.012
cam1 extrinsics = -0.000,0.014,0.703,0.711 | -0.049,-0.020,0.013
q_GtoI = -0.682,-0.431,-0.490,0.329 | p_IinG = -2.326,1.152,1.332 | dist = 23.57 (meters)
bg = -0.0030,0.0224,0.0778 | ba = 0.0424,0.1002,0.2035
camera-imu timeoffset = 0.00001
cam0 intrinsics = 462.499,461.419,367.363,245.624 | -0.276,0.068,0.001,0.000
cam1 intrinsics = 461.679,460.786,379.936,252.513 | -0.277,0.069,0.000,0.000
cam0 extrinsics = -0.006,0.009,0.703,0.712 | 0.064,-0.019,0.012
cam1 extrinsics = 0.000,0.014,0.703,0.711 | -0.049,-0.020,0.013
q_GtoI = -0.684,-0.433,-0.488,0.326 | p_IinG = -2.318,1.126,1.302 | dist = 23.61 (meters)
bg = -0.0032,0.0221,0.0776 | ba = 0.0436,0.0989,0.2036
camera-imu timeoffset = 0.00001
cam0 intrinsics = 462.498,461.397,367.333,245.614 | -0.276,0.068,0.001,0.000
cam1 intrinsics = 461.672,460.755,379.910,252.512 | -0.277,0.069,0.000,0.000
cam0 extrinsics = -0.006,0.009,0.703,0.712 | 0.065,-0.019,0.012
cam1 extrinsics = 0.000,0.014,0.703,0.711 | -0.049,-0.020,0.013
q_GtoI = -0.687,-0.434,-0.485,0.324 | p_IinG = -2.309,1.101,1.273 | dist = 23.65 (meters)
bg = -0.0032,0.0219,0.0776 | ba = 0.0439,0.0972,0.2030
camera-imu timeoffset = 0.00001
cam0 intrinsics = 462.505,461.405,367.304,245.584 | -0.276,0.067,0.001,0.000
cam1 intrinsics = 461.679,460.762,379.883,252.489 | -0.277,0.069,0.000,0.000
cam0 extrinsics = -0.006,0.009,0.703,0.712 | 0.065,-0.019,0.012
cam1 extrinsics = 0.000,0.014,0.703,0.711 | -0.049,-0.019,0.013
q_GtoI = -0.690,-0.437,-0.480,0.320 | p_IinG = -2.301,1.075,1.244 | dist = 23.69 (meters)
bg = -0.0033,0.0219,0.0776 | ba = 0.0447,0.0950,0.2019
camera-imu timeoffset = 0.00001
cam0 intrinsics = 462.513,461.424,367.297,245.575 | -0.276,0.067,0.001,0.000
cam1 intrinsics = 461.686,460.778,379.872,252.483 | -0.277,0.069,0.000,0.000
cam0 extrinsics = -0.006,0.009,0.703,0.712 | 0.065,-0.019,0.012
cam1 extrinsics = 0.000,0.014,0.703,0.711 | -0.049,-0.019,0.013
q_GtoI = -0.694,-0.439,-0.475,0.316 | p_IinG = -2.292,1.048,1.215 | dist = 23.73 (meters)
bg = -0.0035,0.0219,0.0776 | ba = 0.0448,0.0939,0.2021
camera-imu timeoffset = 0.00001
cam0 intrinsics = 462.527,461.444,367.300,245.568 | -0.276,0.067,0.001,0.000
cam1 intrinsics = 461.695,460.793,379.866,252.479 | -0.277,0.069,0.000,0.000
cam0 extrinsics = -0.006,0.009,0.703,0.712 | 0.065,-0.019,0.012
cam1 extrinsics = 0.000,0.013,0.703,0.711 | -0.049,-0.019,0.013
q_GtoI = -0.697,-0.439,-0.472,0.314 | p_IinG = -2.284,1.021,1.187 | dist = 23.77 (meters)
bg = -0.0035,0.0218,0.0775 | ba = 0.0460,0.0927,0.2022
camera-imu timeoffset = 0.00001
cam0 intrinsics = 462.533,461.455,367.312,245.579 | -0.276,0.067,0.001,0.000
cam1 intrinsics = 461.699,460.801,379.874,252.491 | -0.277,0.069,0.000,0.000
cam0 extrinsics = -0.006,0.009,0.703,0.712 | 0.065,-0.019,0.012
cam1 extrinsics = 0.000,0.013,0.703,0.711 | -0.049,-0.019,0.013
q_GtoI = -0.701,-0.437,-0.468,0.315 | p_IinG = -2.274,0.994,1.158 | dist = 23.80 (meters)
bg = -0.0036,0.0218,0.0775 | ba = 0.0473,0.0922,0.2033
camera-imu timeoffset = 0.00001
cam0 intrinsics = 462.535,461.470,367.297,245.584 | -0.276,0.067,0.001,0.000
cam1 intrinsics = 461.706,460.822,379.865,252.508 | -0.277,0.069,0.000,0.000
cam0 extrinsics = -0.005,0.009,0.703,0.712 | 0.065,-0.019,0.012
cam1 extrinsics = 0.000,0.013,0.703,0.711 | -0.049,-0.019,0.013
q_GtoI = -0.705,-0.432,-0.465,0.317 | p_IinG = -2.265,0.967,1.130 | dist = 23.84 (meters)
bg = -0.0036,0.0218,0.0775 | ba = 0.0486,0.0922,0.2044
camera-imu timeoffset = 0.00001
cam0 intrinsics = 462.543,461.482,367.296,245.589 | -0.276,0.067,0.001,0.000
cam1 intrinsics = 461.710,460.831,379.863,252.515 | -0.277,0.069,0.000,0.000
cam0 extrinsics = -0.006,0.009,0.703,0.712 | 0.064,-0.019,0.012
cam1 extrinsics = 0.000,0.013,0.703,0.711 | -0.049,-0.019,0.013
q_GtoI = -0.709,-0.425,-0.465,0.318 | p_IinG = -2.256,0.939,1.101 | dist = 23.89 (meters)
bg = -0.0034,0.0215,0.0775 | ba = 0.0490,0.0929,0.2053
camera-imu timeoffset = 0.00001
cam0 intrinsics = 462.543,461.486,367.293,245.601 | -0.276,0.067,0.001,0.000
cam1 intrinsics = 461.707,460.831,379.861,252.526 | -0.277,0.069,0.000,0.000
cam0 extrinsics = -0.006,0.009,0.703,0.712 | 0.064,-0.019,0.012
cam1 extrinsics = 0.000,0.013,0.703,0.711 | -0.049,-0.020,0.013
q_GtoI = -0.713,-0.417,-0.465,0.318 | p_IinG = -2.244,0.911,1.073 | dist = 23.93 (meters)
bg = -0.0034,0.0214,0.0774 | ba = 0.0499,0.0926,0.2063
camera-imu timeoffset = 0.00001
cam0 intrinsics = 462.546,461.488,367.292,245.594 | -0.276,0.067,0.001,0.000
cam1 intrinsics = 461.707,460.831,379.862,252.521 | -0.277,0.069,0.000,0.000
cam0 extrinsics = -0.006,0.009,0.703,0.712 | 0.064,-0.019,0.012
cam1 extrinsics = 0.000,0.013,0.703,0.711 | -0.049,-0.019,0.013
q_GtoI = -0.717,-0.408,-0.469,0.316 | p_IinG = -2.229,0.882,1.046 | dist = 23.97 (meters)
bg = -0.0035,0.0214,0.0772 | ba = 0.0502,0.0919,0.2073
camera-imu timeoffset = 0.00001
cam0 intrinsics = 462.547,461.487,367.283,245.577 | -0.276,0.067,0.001,0.000
cam1 intrinsics = 461.704,460.826,379.854,252.503 | -0.277,0.069,0.000,0.000
cam0 extrinsics = -0.006,0.009,0.703,0.712 | 0.064,-0.018,0.012
cam1 extrinsics = 0.000,0.013,0.703,0.711 | -0.049,-0.019,0.013
q_GtoI = -0.721,-0.399,-0.472,0.313 | p_IinG = -2.212,0.854,1.020 | dist = 24.01 (meters)
bg = -0.0035,0.0215,0.0772 | ba = 0.0499,0.0916,0.2077
camera-imu timeoffset = 0.00001
cam0 intrinsics = 462.551,461.489,367.284,245.567 | -0.276,0.067,0.001,0.000
cam1 intrinsics = 461.704,460.824,379.856,252.492 | -0.277,0.069,0.000,0.000
cam0 extrinsics = -0.006,0.009,0.703,0.712 | 0.064,-0.018,0.012
cam1 extrinsics = 0.000,0.013,0.703,0.711 | -0.049,-0.019,0.012
q_GtoI = -0.725,-0.388,-0.478,0.309 | p_IinG = -2.192,0.826,0.995 | dist = 24.05 (meters)
bg = -0.0038,0.0220,0.0775 | ba = 0.0490,0.0926,0.2077
camera-imu timeoffset = 0.00000
cam0 intrinsics = 462.540,461.517,367.310,245.560 | -0.276,0.067,0.001,0.000
cam1 intrinsics = 461.689,460.845,379.876,252.482 | -0.277,0.069,0.000,0.000
cam0 extrinsics = -0.006,0.009,0.703,0.712 | 0.064,-0.018,0.012
cam1 extrinsics = 0.000,0.014,0.703,0.711 | -0.049,-0.019,0.012
q_GtoI = -0.727,-0.378,-0.486,0.303 | p_IinG = -2.173,0.799,0.971 | dist = 24.10 (meters)
bg = -0.0040,0.0223,0.0776 | ba = 0.0478,0.0947,0.2063
camera-imu timeoffset = 0.00000
cam0 intrinsics = 462.522,461.507,367.320,245.555 | -0.276,0.067,0.001,0.000
cam1 intrinsics = 461.671,460.837,379.880,252.478 | -0.277,0.069,0.000,0.000
cam0 extrinsics = -0.006,0.009,0.703,0.712 | 0.065,-0.019,0.012
cam1 extrinsics = 0.000,0.014,0.703,0.711 | -0.049,-0.019,0.013
q_GtoI = -0.729,-0.366,-0.497,0.296 | p_IinG = -2.151,0.770,0.948 | dist = 24.14 (meters)
bg = -0.0042,0.0226,0.0778 | ba = 0.0469,0.0962,0.2052
camera-imu timeoffset = -0.00000
cam0 intrinsics = 462.507,461.516,367.328,245.563 | -0.276,0.068,0.001,0.000
cam1 intrinsics = 461.652,460.843,379.881,252.485 | -0.277,0.069,0.000,0.000
cam0 extrinsics = -0.006,0.009,0.703,0.712 | 0.065,-0.019,0.012
cam1 extrinsics = 0.000,0.014,0.703,0.711 | -0.048,-0.020,0.013
q_GtoI = -0.728,-0.355,-0.510,0.288 | p_IinG = -2.128,0.738,0.928 | dist = 24.18 (meters)
bg = -0.0042,0.0227,0.0778 | ba = 0.0455,0.0958,0.2051
camera-imu timeoffset = -0.00000
cam0 intrinsics = 462.500,461.506,367.326,245.559 | -0.276,0.068,0.001,0.000
cam1 intrinsics = 461.644,460.830,379.877,252.477 | -0.277,0.069,0.000,0.000
cam0 extrinsics = -0.006,0.009,0.702,0.712 | 0.065,-0.019,0.012
cam1 extrinsics = 0.000,0.014,0.703,0.711 | -0.048,-0.020,0.012
q_GtoI = -0.729,-0.343,-0.522,0.279 | p_IinG = -2.106,0.705,0.909 | dist = 24.23 (meters)
bg = -0.0041,0.0225,0.0776 | ba = 0.0451,0.0957,0.2051
camera-imu timeoffset = -0.00000
cam0 intrinsics = 462.515,461.515,367.336,245.599 | -0.276,0.067,0.001,0.000
cam1 intrinsics = 461.669,460.843,379.877,252.503 | -0.277,0.069,0.000,0.000
cam0 extrinsics = -0.006,0.009,0.703,0.712 | 0.065,-0.019,0.012
cam1 extrinsics = -0.000,0.014,0.703,0.711 | -0.049,-0.020,0.012
q_GtoI = -0.731,-0.332,-0.532,0.270 | p_IinG = -2.084,0.669,0.894 | dist = 24.27 (meters)
bg = -0.0040,0.0223,0.0775 | ba = 0.0437,0.0943,0.2055
camera-imu timeoffset = -0.00001
cam0 intrinsics = 462.525,461.526,367.331,245.611 | -0.276,0.067,0.001,0.000
cam1 intrinsics = 461.681,460.855,379.869,252.504 | -0.277,0.069,0.000,0.000
cam0 extrinsics = -0.006,0.009,0.703,0.712 | 0.065,-0.019,0.012
cam1 extrinsics = -0.000,0.014,0.703,0.711 | -0.049,-0.020,0.012
q_GtoI = -0.735,-0.319,-0.538,0.262 | p_IinG = -2.061,0.633,0.882 | dist = 24.31 (meters)
bg = -0.0040,0.0223,0.0775 | ba = 0.0434,0.0933,0.2047
camera-imu timeoffset = -0.00002
cam0 intrinsics = 462.542,461.553,367.339,245.624 | -0.276,0.068,0.001,0.000
cam1 intrinsics = 461.695,460.879,379.868,252.522 | -0.277,0.069,0.000,0.000
cam0 extrinsics = -0.006,0.009,0.703,0.712 | 0.065,-0.019,0.012
cam1 extrinsics = -0.000,0.014,0.703,0.711 | -0.048,-0.020,0.012
q_GtoI = -0.740,-0.307,-0.541,0.254 | p_IinG = -2.042,0.591,0.873 | dist = 24.36 (meters)
bg = -0.0041,0.0221,0.0774 | ba = 0.0429,0.0914,0.2076
camera-imu timeoffset = -0.00001
cam0 intrinsics = 462.538,461.564,367.331,245.628 | -0.276,0.068,0.001,0.000
cam1 intrinsics = 461.692,460.891,379.869,252.536 | -0.277,0.069,0.000,0.000
cam0 extrinsics = -0.006,0.009,0.703,0.712 | 0.065,-0.019,0.012
cam1 extrinsics = -0.000,0.014,0.703,0.711 | -0.049,-0.020,0.012
q_GtoI = -0.748,-0.294,-0.542,0.248 | p_IinG = -2.023,0.548,0.865 | dist = 24.40 (meters)
bg = -0.0042,0.0218,0.0773 | ba = 0.0427,0.0891,0.2092
camera-imu timeoffset = -0.00001
cam0 intrinsics = 462.565,461.599,367.334,245.630 | -0.276,0.068,0.001,0.000
cam1 intrinsics = 461.720,460.928,379.867,252.538 | -0.277,0.069,0.000,0.000
cam0 extrinsics = -0.006,0.009,0.703,0.712 | 0.065,-0.019,0.012
cam1 extrinsics = -0.000,0.014,0.703,0.711 | -0.048,-0.020,0.013
q_GtoI = -0.756,-0.280,-0.541,0.240 | p_IinG = -2.005,0.503,0.860 | dist = 24.45 (meters)
bg = -0.0042,0.0215,0.0772 | ba = 0.0427,0.0871,0.2112
camera-imu timeoffset = -0.00001
cam0 intrinsics = 462.586,461.628,367.345,245.636 | -0.276,0.068,0.001,0.000
cam1 intrinsics = 461.743,460.958,379.867,252.554 | -0.277,0.069,0.000,0.000
cam0 extrinsics = -0.006,0.009,0.703,0.712 | 0.065,-0.019,0.013
cam1 extrinsics = -0.000,0.013,0.703,0.711 | -0.048,-0.020,0.013
q_GtoI = -0.765,-0.266,-0.539,0.233 | p_IinG = -1.989,0.457,0.856 | dist = 24.50 (meters)
bg = -0.0043,0.0211,0.0772 | ba = 0.0421,0.0855,0.2134
camera-imu timeoffset = -0.00001
cam0 intrinsics = 462.609,461.658,367.322,245.656 | -0.276,0.068,0.001,0.000
cam1 intrinsics = 461.766,460.989,379.838,252.582 | -0.277,0.069,0.000,0.000
cam0 extrinsics = -0.006,0.009,0.703,0.712 | 0.065,-0.019,0.013
cam1 extrinsics = -0.000,0.013,0.703,0.711 | -0.048,-0.020,0.013
q_GtoI = -0.774,-0.253,-0.535,0.224 | p_IinG = -1.970,0.409,0.854 | dist = 24.55 (meters)
bg = -0.0045,0.0210,0.0772 | ba = 0.0383,0.0830,0.2126
camera-imu timeoffset = -0.00001
cam0 intrinsics = 462.612,461.669,367.313,245.637 | -0.276,0.068,0.001,0.000
cam1 intrinsics = 461.762,460.992,379.814,252.569 | -0.277,0.069,0.000,0.000
cam0 extrinsics = -0.006,0.009,0.703,0.711 | 0.065,-0.019,0.013
cam1 extrinsics = -0.000,0.013,0.703,0.711 | -0.048,-0.020,0.014
q_GtoI = -0.782,-0.240,-0.534,0.216 | p_IinG = -1.953,0.360,0.851 | dist = 24.60 (meters)
bg = -0.0046,0.0207,0.0771 | ba = 0.0361,0.0809,0.2142
camera-imu timeoffset = -0.00001
cam0 intrinsics = 462.636,461.705,367.312,245.664 | -0.276,0.068,0.001,0.000
cam1 intrinsics = 461.782,461.026,379.794,252.606 | -0.277,0.069,0.000,0.000
cam0 extrinsics = -0.006,0.009,0.703,0.711 | 0.065,-0.019,0.013
cam1 extrinsics = -0.000,0.013,0.703,0.711 | -0.048,-0.020,0.014
q_GtoI = -0.788,-0.227,-0.534,0.207 | p_IinG = -1.935,0.308,0.847 | dist = 24.65 (meters)
bg = -0.0048,0.0204,0.0770 | ba = 0.0339,0.0791,0.2126
camera-imu timeoffset = -0.00001
cam0 intrinsics = 462.665,461.742,367.333,245.677 | -0.276,0.068,0.001,0.000
cam1 intrinsics = 461.800,461.053,379.807,252.626 | -0.277,0.069,0.000,0.000
cam0 extrinsics = -0.006,0.009,0.703,0.711 | 0.065,-0.019,0.014
cam1 extrinsics = -0.000,0.013,0.703,0.711 | -0.048,-0.020,0.014
q_GtoI = -0.793,-0.214,-0.535,0.198 | p_IinG = -1.916,0.256,0.846 | dist = 24.71 (meters)
bg = -0.0049,0.0204,0.0769 | ba = 0.0301,0.0786,0.2119
camera-imu timeoffset = -0.00001
cam0 intrinsics = 462.691,461.778,367.350,245.681 | -0.276,0.068,0.001,0.000
cam1 intrinsics = 461.822,461.086,379.814,252.631 | -0.277,0.069,0.000,0.000
cam0 extrinsics = -0.006,0.009,0.703,0.711 | 0.065,-0.019,0.014
cam1 extrinsics = -0.000,0.013,0.703,0.711 | -0.048,-0.020,0.015
q_GtoI = -0.797,-0.200,-0.537,0.188 | p_IinG = -1.895,0.204,0.845 | dist = 24.76 (meters)
bg = -0.0049,0.0205,0.0768 | ba = 0.0264,0.0792,0.2110
camera-imu timeoffset = -0.00001
cam0 intrinsics = 462.712,461.810,367.358,245.689 | -0.276,0.068,0.001,0.000
cam1 intrinsics = 461.842,461.117,379.822,252.640 | -0.278,0.069,0.000,0.000
cam0 extrinsics = -0.006,0.009,0.703,0.711 | 0.065,-0.019,0.015
cam1 extrinsics = -0.000,0.013,0.703,0.711 | -0.048,-0.020,0.015
q_GtoI = -0.800,-0.187,-0.541,0.179 | p_IinG = -1.874,0.150,0.846 | dist = 24.82 (meters)
bg = -0.0048,0.0206,0.0769 | ba = 0.0232,0.0797,0.2101
camera-imu timeoffset = -0.00001
cam0 intrinsics = 462.733,461.842,367.384,245.689 | -0.276,0.068,0.001,0.000
cam1 intrinsics = 461.865,461.150,379.854,252.637 | -0.278,0.069,0.000,0.000
cam0 extrinsics = -0.006,0.009,0.703,0.711 | 0.065,-0.019,0.015
cam1 extrinsics = -0.000,0.013,0.703,0.711 | -0.048,-0.020,0.015
q_GtoI = -0.804,-0.173,-0.544,0.169 | p_IinG = -1.853,0.097,0.846 | dist = 24.88 (meters)
bg = -0.0044,0.0207,0.0769 | ba = 0.0204,0.0808,0.2095
camera-imu timeoffset = -0.00001
cam0 intrinsics = 462.745,461.849,367.388,245.690 | -0.276,0.068,0.001,0.000
cam1 intrinsics = 461.876,461.158,379.872,252.640 | -0.278,0.069,0.000,0.000
cam0 extrinsics = -0.006,0.009,0.703,0.711 | 0.065,-0.019,0.015
cam1 extrinsics = -0.000,0.013,0.703,0.711 | -0.048,-0.020,0.015
q_GtoI = -0.806,-0.159,-0.547,0.159 | p_IinG = -1.830,0.039,0.844 | dist = 24.94 (meters)
bg = -0.0044,0.0207,0.0769 | ba = 0.0188,0.0801,0.2066
camera-imu timeoffset = -0.00001
cam0 intrinsics = 462.754,461.861,367.407,245.684 | -0.276,0.068,0.001,0.000
cam1 intrinsics = 461.885,461.170,379.894,252.632 | -0.278,0.069,0.000,0.000
cam0 extrinsics = -0.006,0.009,0.703,0.711 | 0.065,-0.019,0.015
cam1 extrinsics = -0.000,0.013,0.703,0.711 | -0.048,-0.020,0.015
q_GtoI = -0.808,-0.145,-0.552,0.149 | p_IinG = -1.807,-0.019,0.843 | dist = 25.00 (meters)
bg = -0.0046,0.0209,0.0768 | ba = 0.0175,0.0800,0.2033
camera-imu timeoffset = -0.00001
cam0 intrinsics = 462.752,461.860,367.365,245.716 | -0.276,0.068,0.001,0.000
cam1 intrinsics = 461.886,461.173,379.860,252.661 | -0.278,0.069,0.000,0.000
cam0 extrinsics = -0.006,0.009,0.703,0.711 | 0.065,-0.019,0.014
cam1 extrinsics = -0.000,0.013,0.703,0.711 | -0.048,-0.020,0.015
q_GtoI = -0.809,-0.132,-0.556,0.138 | p_IinG = -1.783,-0.078,0.840 | dist = 25.06 (meters)
bg = -0.0047,0.0210,0.0768 | ba = 0.0178,0.0803,0.2001
camera-imu timeoffset = -0.00001
cam0 intrinsics = 462.757,461.868,367.370,245.720 | -0.276,0.068,0.001,0.000
cam1 intrinsics = 461.888,461.178,379.864,252.665 | -0.278,0.069,0.000,0.000
cam0 extrinsics = -0.006,0.009,0.703,0.712 | 0.065,-0.020,0.014
cam1 extrinsics = -0.000,0.013,0.703,0.711 | -0.048,-0.020,0.015
q_GtoI = -0.810,-0.120,-0.561,0.126 | p_IinG = -1.760,-0.139,0.837 | dist = 25.13 (meters)
bg = -0.0049,0.0209,0.0770 | ba = 0.0180,0.0803,0.1970
camera-imu timeoffset = -0.00001
cam0 intrinsics = 462.746,461.863,367.371,245.729 | -0.276,0.068,0.001,0.000
cam1 intrinsics = 461.873,461.170,379.856,252.668 | -0.278,0.069,0.000,0.000
cam0 extrinsics = -0.006,0.009,0.703,0.711 | 0.065,-0.020,0.014
cam1 extrinsics = -0.000,0.013,0.703,0.711 | -0.048,-0.021,0.015
q_GtoI = -0.810,-0.105,-0.566,0.115 | p_IinG = -1.736,-0.198,0.837 | dist = 25.19 (meters)
bg = -0.0049,0.0211,0.0770 | ba = 0.0174,0.0839,0.1963
camera-imu timeoffset = -0.00001
cam0 intrinsics = 462.740,461.853,367.364,245.756 | -0.276,0.068,0.001,0.000
cam1 intrinsics = 461.869,461.162,379.845,252.688 | -0.278,0.069,0.000,0.000
cam0 extrinsics = -0.006,0.009,0.703,0.712 | 0.065,-0.020,0.014
cam1 extrinsics = -0.000,0.013,0.703,0.711 | -0.048,-0.021,0.015
q_GtoI = -0.808,-0.089,-0.572,0.107 | p_IinG = -1.711,-0.260,0.832 | dist = 25.26 (meters)
bg = -0.0051,0.0212,0.0771 | ba = 0.0185,0.0860,0.1948
camera-imu timeoffset = -0.00001
cam0 intrinsics = 462.717,461.839,367.349,245.782 | -0.276,0.068,0.001,0.000
cam1 intrinsics = 461.846,461.151,379.834,252.718 | -0.278,0.069,0.000,0.000
cam0 extrinsics = -0.006,0.009,0.703,0.712 | 0.065,-0.020,0.014
cam1 extrinsics = -0.000,0.013,0.703,0.711 | -0.048,-0.021,0.015
q_GtoI = -0.806,-0.071,-0.579,0.098 | p_IinG = -1.689,-0.323,0.825 | dist = 25.32 (meters)
bg = -0.0052,0.0213,0.0772 | ba = 0.0203,0.0849,0.1966
camera-imu timeoffset = -0.00002
cam0 intrinsics = 462.718,461.842,367.336,245.791 | -0.276,0.068,0.001,0.000
cam1 intrinsics = 461.846,461.154,379.822,252.730 | -0.278,0.069,0.000,0.000
cam0 extrinsics = -0.006,0.009,0.703,0.712 | 0.065,-0.020,0.014
cam1 extrinsics = -0.000,0.013,0.703,0.711 | -0.048,-0.021,0.015
q_GtoI = -0.804,-0.054,-0.585,0.089 | p_IinG = -1.668,-0.386,0.813 | dist = 25.39 (meters)
bg = -0.0055,0.0213,0.0769 | ba = 0.0218,0.0859,0.1950
camera-imu timeoffset = -0.00002
cam0 intrinsics = 462.705,461.835,367.301,245.803 | -0.276,0.068,0.001,0.000
cam1 intrinsics = 461.817,461.130,379.758,252.740 | -0.277,0.069,0.000,0.000
cam0 extrinsics = -0.006,0.009,0.703,0.712 | 0.065,-0.020,0.014
cam1 extrinsics = -0.000,0.013,0.703,0.711 | -0.048,-0.021,0.015
q_GtoI = -0.802,-0.036,-0.591,0.079 | p_IinG = -1.648,-0.453,0.797 | dist = 25.46 (meters)
bg = -0.0058,0.0214,0.0769 | ba = 0.0219,0.0851,0.1940
camera-imu timeoffset = -0.00002
cam0 intrinsics = 462.719,461.845,367.307,245.790 | -0.276,0.068,0.001,0.000
cam1 intrinsics = 461.831,461.139,379.764,252.726 | -0.278,0.069,0.000,0.000
cam0 extrinsics = -0.006,0.009,0.703,0.712 | 0.065,-0.020,0.015
cam1 extrinsics = -0.000,0.013,0.703,0.711 | -0.048,-0.021,0.015
q_GtoI = -0.801,-0.019,-0.595,0.068 | p_IinG = -1.630,-0.520,0.779 | dist = 25.53 (meters)
bg = -0.0059,0.0215,0.0771 | ba = 0.0224,0.0861,0.1931
camera-imu timeoffset = -0.00002
cam0 intrinsics = 462.722,461.847,367.309,245.790 | -0.276,0.068,0.001,0.000
cam1 intrinsics = 461.834,461.141,379.767,252.724 | -0.278,0.069,0.000,0.000
cam0 extrinsics = -0.006,0.009,0.703,0.712 | 0.065,-0.020,0.015
cam1 extrinsics = -0.000,0.013,0.703,0.711 | -0.048,-0.021,0.015
q_GtoI = -0.798,-0.003,-0.600,0.055 | p_IinG = -1.613,-0.588,0.759 | dist = 25.60 (meters)
bg = -0.0059,0.0216,0.0772 | ba = 0.0221,0.0882,0.1917
camera-imu timeoffset = -0.00002
cam0 intrinsics = 462.716,461.841,367.314,245.786 | -0.276,0.068,0.001,0.000
cam1 intrinsics = 461.829,461.136,379.777,252.720 | -0.278,0.069,0.000,0.000
cam0 extrinsics = -0.006,0.009,0.703,0.712 | 0.065,-0.020,0.014
cam1 extrinsics = -0.000,0.013,0.703,0.711 | -0.048,-0.021,0.015
q_GtoI = -0.796,0.012,-0.603,0.041 | p_IinG = -1.598,-0.658,0.737 | dist = 25.68 (meters)
bg = -0.0061,0.0217,0.0771 | ba = 0.0221,0.0902,0.1900
camera-imu timeoffset = -0.00002
cam0 intrinsics = 462.706,461.832,367.316,245.802 | -0.276,0.068,0.001,0.000
cam1 intrinsics = 461.824,461.131,379.790,252.734 | -0.278,0.069,0.000,0.000
cam0 extrinsics = -0.006,0.009,0.703,0.712 | 0.065,-0.021,0.014
cam1 extrinsics = -0.000,0.013,0.703,0.711 | -0.048,-0.021,0.015
q_GtoI = -0.793,0.025,-0.609,0.026 | p_IinG = -1.585,-0.730,0.714 | dist = 25.75 (meters)
bg = -0.0063,0.0217,0.0772 | ba = 0.0216,0.0902,0.1868
camera-imu timeoffset = -0.00002
cam0 intrinsics = 462.695,461.818,367.331,245.777 | -0.276,0.068,0.001,0.000
cam1 intrinsics = 461.819,461.122,379.813,252.707 | -0.278,0.069,0.000,0.000
cam0 extrinsics = -0.006,0.009,0.703,0.712 | 0.065,-0.021,0.014
cam1 extrinsics = -0.000,0.013,0.703,0.711 | -0.048,-0.021,0.015
q_GtoI = -0.788,0.038,-0.614,0.010 | p_IinG = -1.575,-0.801,0.690 | dist = 25.83 (meters)
bg = -0.0062,0.0218,0.0772 | ba = 0.0216,0.0928,0.1826
camera-imu timeoffset = -0.00002
cam0 intrinsics = 462.688,461.808,367.335,245.783 | -0.276,0.068,0.001,0.000
cam1 intrinsics = 461.809,461.109,379.816,252.713 | -0.278,0.069,0.000,0.000
cam0 extrinsics = -0.006,0.009,0.703,0.712 | 0.065,-0.021,0.014
cam1 extrinsics = -0.000,0.013,0.703,0.711 | -0.048,-0.021,0.015
q_GtoI = 0.786,-0.052,0.617,0.006 | p_IinG = -1.567,-0.873,0.665 | dist = 25.90 (meters)
bg = -0.0064,0.0218,0.0773 | ba = 0.0219,0.0945,0.1788
camera-imu timeoffset = -0.00001
cam0 intrinsics = 462.681,461.805,367.332,245.779 | -0.276,0.068,0.001,0.000
cam1 intrinsics = 461.803,461.105,379.815,252.707 | -0.278,0.069,0.000,0.000
cam0 extrinsics = -0.006,0.009,0.703,0.712 | 0.065,-0.021,0.014
cam1 extrinsics = -0.000,0.013,0.703,0.711 | -0.048,-0.021,0.015
q_GtoI = 0.785,-0.064,0.616,0.021 | p_IinG = -1.564,-0.944,0.641 | dist = 25.98 (meters)
bg = -0.0065,0.0217,0.0774 | ba = 0.0222,0.0956,0.1784
camera-imu timeoffset = -0.00001
cam0 intrinsics = 462.679,461.801,367.333,245.776 | -0.276,0.068,0.001,0.000
cam1 intrinsics = 461.803,461.102,379.816,252.706 | -0.278,0.069,0.000,0.000
cam0 extrinsics = -0.006,0.009,0.703,0.712 | 0.065,-0.021,0.014
cam1 extrinsics = -0.000,0.013,0.703,0.711 | -0.048,-0.021,0.015
q_GtoI = 0.787,-0.078,0.611,0.034 | p_IinG = -1.563,-1.019,0.617 | dist = 26.05 (meters)
bg = -0.0067,0.0218,0.0774 | ba = 0.0194,0.0960,0.1753
camera-imu timeoffset = -0.00002
cam0 intrinsics = 462.665,461.790,367.335,245.764 | -0.276,0.068,0.001,0.000
cam1 intrinsics = 461.789,461.090,379.821,252.691 | -0.278,0.069,0.000,0.000
cam0 extrinsics = -0.006,0.009,0.703,0.712 | 0.065,-0.021,0.014
cam1 extrinsics = -0.000,0.013,0.703,0.711 | -0.048,-0.021,0.015
q_GtoI = 0.790,-0.092,0.605,0.045 | p_IinG = -1.561,-1.094,0.590 | dist = 26.13 (meters)
bg = -0.0071,0.0219,0.0774 | ba = 0.0188,0.0977,0.1685
camera-imu timeoffset = -0.00001
cam0 intrinsics = 462.654,461.787,367.326,245.767 | -0.276,0.068,0.001,0.000
cam1 intrinsics = 461.780,461.088,379.822,252.693 | -0.278,0.069,0.000,0.000
cam0 extrinsics = -0.006,0.009,0.703,0.711 | 0.065,-0.021,0.014
cam1 extrinsics = -0.000,0.013,0.703,0.711 | -0.048,-0.021,0.015
q_GtoI = 0.793,-0.105,0.598,0.058 | p_IinG = -1.566,-1.166,0.567 | dist = 26.20 (meters)
bg = -0.0073,0.0219,0.0773 | ba = 0.0193,0.0975,0.1699
camera-imu timeoffset = -0.00001
cam0 intrinsics = 462.657,461.788,367.332,245.767 | -0.276,0.068,0.001,0.000
cam1 intrinsics = 461.785,461.091,379.829,252.696 | -0.278,0.069,0.000,0.000
cam0 extrinsics = -0.006,0.009,0.703,0.711 | 0.065,-0.021,0.014
cam1 extrinsics = -0.000,0.013,0.703,0.711 | -0.048,-0.021,0.015
q_GtoI = 0.796,-0.116,0.590,0.071 | p_IinG = -1.567,-1.250,0.545 | dist = 26.28 (meters)
bg = -0.0080,0.0225,0.0773 | ba = 0.0123,0.0955,0.1596
camera-imu timeoffset = -0.00001
cam0 intrinsics = 462.624,461.761,367.312,245.747 | -0.276,0.068,0.001,0.000
cam1 intrinsics = 461.752,461.059,379.819,252.675 | -0.278,0.069,0.000,0.000
cam0 extrinsics = -0.006,0.009,0.703,0.712 | 0.065,-0.021,0.014
cam1 extrinsics = -0.000,0.013,0.703,0.711 | -0.048,-0.022,0.014
q_GtoI = 0.799,-0.125,0.582,0.086 | p_IinG = -1.577,-1.318,0.526 | dist = 26.35 (meters)
bg = -0.0080,0.0224,0.0780 | ba = 0.0136,0.0937,0.1638
camera-imu timeoffset = -0.00001
cam0 intrinsics = 462.635,461.779,367.319,245.743 | -0.276,0.068,0.001,0.000
cam1 intrinsics = 461.761,461.076,379.821,252.671 | -0.278,0.069,0.000,0.000
cam0 extrinsics = -0.006,0.009,0.703,0.712 | 0.065,-0.021,0.014
cam1 extrinsics = -0.000,0.014,0.703,0.711 | -0.048,-0.022,0.014
q_GtoI = 0.802,-0.135,0.574,0.099 | p_IinG = -1.587,-1.388,0.509 | dist = 26.42 (meters)
bg = -0.0081,0.0225,0.0781 | ba = 0.0148,0.0917,0.1642
camera-imu timeoffset = -0.00001
cam0 intrinsics = 462.637,461.785,367.312,245.730 | -0.276,0.068,0.001,0.000
cam1 intrinsics = 461.763,461.082,379.812,252.658 | -0.278,0.069,0.000,0.000
cam0 extrinsics = -0.006,0.009,0.703,0.712 | 0.065,-0.021,0.014
cam1 extrinsics = -0.000,0.014,0.703,0.711 | -0.048,-0.022,0.014
q_GtoI = 0.803,-0.144,0.568,0.109 | p_IinG = -1.600,-1.457,0.497 | dist = 26.49 (meters)
bg = -0.0084,0.0228,0.0776 | ba = 0.0149,0.0874,0.1651
camera-imu timeoffset = -0.00002
cam0 intrinsics = 462.644,461.793,367.299,245.705 | -0.276,0.068,0.001,0.000
cam1 intrinsics = 461.769,461.089,379.797,252.631 | -0.278,0.069,0.000,0.000
cam0 extrinsics = -0.006,0.009,0.703,0.712 | 0.065,-0.021,0.014
cam1 extrinsics = -0.000,0.013,0.703,0.711 | -0.048,-0.022,0.014
q_GtoI = 0.804,-0.154,0.562,0.118 | p_IinG = -1.611,-1.525,0.487 | dist = 26.56 (meters)
bg = -0.0086,0.0228,0.0776 | ba = 0.0152,0.0847,0.1648
camera-imu timeoffset = -0.00001
cam0 intrinsics = 462.647,461.799,367.292,245.682 | -0.276,0.068,0.001,0.000
cam1 intrinsics = 461.772,461.095,379.790,252.608 | -0.278,0.069,0.000,0.000
cam0 extrinsics = -0.006,0.009,0.703,0.712 | 0.065,-0.021,0.014
cam1 extrinsics = -0.000,0.013,0.703,0.711 | -0.048,-0.022,0.015
q_GtoI = 0.803,-0.163,0.560,0.126 | p_IinG = -1.622,-1.591,0.479 | dist = 26.63 (meters)
bg = -0.0089,0.0228,0.0776 | ba = 0.0165,0.0822,0.1649
camera-imu timeoffset = -0.00002
cam0 intrinsics = 462.661,461.813,367.266,245.643 | -0.276,0.068,0.001,0.000
cam1 intrinsics = 461.785,461.109,379.756,252.565 | -0.278,0.069,0.000,0.000
cam0 extrinsics = -0.006,0.009,0.703,0.712 | 0.065,-0.021,0.014
cam1 extrinsics = -0.000,0.013,0.703,0.711 | -0.048,-0.022,0.015
q_GtoI = 0.799,-0.172,0.560,0.136 | p_IinG = -1.635,-1.649,0.475 | dist = 26.69 (meters)
bg = -0.0084,0.0227,0.0778 | ba = 0.0176,0.0822,0.1650
camera-imu timeoffset = -0.00002
cam0 intrinsics = 462.684,461.832,367.228,245.646 | -0.276,0.068,0.001,0.000
cam1 intrinsics = 461.807,461.127,379.708,252.567 | -0.278,0.069,0.000,0.000
cam0 extrinsics = -0.006,0.009,0.703,0.712 | 0.065,-0.021,0.015
cam1 extrinsics = -0.000,0.013,0.703,0.711 | -0.048,-0.022,0.015
q_GtoI = 0.795,-0.180,0.561,0.146 | p_IinG = -1.643,-1.712,0.468 | dist = 26.75 (meters)
bg = -0.0085,0.0226,0.0779 | ba = 0.0187,0.0839,0.1630
camera-imu timeoffset = -0.00002
cam0 intrinsics = 462.682,461.830,367.230,245.652 | -0.276,0.068,0.001,0.000
cam1 intrinsics = 461.807,461.126,379.705,252.572 | -0.278,0.069,0.000,0.000
cam0 extrinsics = -0.006,0.009,0.703,0.712 | 0.065,-0.021,0.015
cam1 extrinsics = -0.000,0.013,0.703,0.711 | -0.048,-0.022,0.015
q_GtoI = 0.790,-0.183,0.562,0.161 | p_IinG = -1.652,-1.771,0.461 | dist = 26.81 (meters)
bg = -0.0084,0.0223,0.0780 | ba = 0.0190,0.0876,0.1607
camera-imu timeoffset = -0.00001
cam0 intrinsics = 462.684,461.831,367.239,245.657 | -0.276,0.068,0.001,0.000
cam1 intrinsics = 461.807,461.125,379.706,252.577 | -0.278,0.069,0.000,0.000
cam0 extrinsics = -0.006,0.009,0.703,0.712 | 0.065,-0.021,0.014
cam1 extrinsics = -0.000,0.013,0.703,0.711 | -0.048,-0.022,0.015
q_GtoI = 0.786,-0.186,0.563,0.176 | p_IinG = -1.658,-1.831,0.453 | dist = 26.87 (meters)
bg = -0.0087,0.0221,0.0781 | ba = 0.0185,0.0914,0.1581
camera-imu timeoffset = -0.00001
cam0 intrinsics = 462.671,461.833,367.245,245.652 | -0.276,0.068,0.001,0.000
cam1 intrinsics = 461.795,461.127,379.714,252.572 | -0.278,0.069,0.000,0.000
cam0 extrinsics = -0.006,0.009,0.703,0.712 | 0.065,-0.021,0.014
cam1 extrinsics = -0.000,0.013,0.703,0.711 | -0.048,-0.022,0.014
q_GtoI = 0.782,-0.188,0.563,0.191 | p_IinG = -1.666,-1.888,0.444 | dist = 26.93 (meters)
bg = -0.0089,0.0217,0.0783 | ba = 0.0184,0.0940,0.1547
camera-imu timeoffset = -0.00001
cam0 intrinsics = 462.680,461.843,367.206,245.628 | -0.276,0.068,0.001,0.000
cam1 intrinsics = 461.804,461.138,379.682,252.552 | -0.278,0.069,0.000,0.000
cam0 extrinsics = -0.006,0.009,0.703,0.712 | 0.065,-0.021,0.014
cam1 extrinsics = -0.000,0.013,0.703,0.711 | -0.048,-0.022,0.014
q_GtoI = 0.777,-0.191,0.563,0.206 | p_IinG = -1.671,-1.939,0.437 | dist = 26.98 (meters)
bg = -0.0087,0.0215,0.0781 | ba = 0.0161,0.1020,0.1491
camera-imu timeoffset = -0.00001
cam0 intrinsics = 462.695,461.846,367.188,245.633 | -0.276,0.068,0.001,0.000
cam1 intrinsics = 461.824,461.143,379.666,252.561 | -0.278,0.069,0.000,0.000
cam0 extrinsics = -0.006,0.009,0.703,0.712 | 0.065,-0.021,0.013
cam1 extrinsics = -0.000,0.013,0.703,0.711 | -0.048,-0.022,0.013
q_GtoI = 0.770,-0.195,0.567,0.218 | p_IinG = -1.677,-1.988,0.432 | dist = 27.03 (meters)
bg = -0.0087,0.0215,0.0781 | ba = 0.0144,0.1046,0.1466
camera-imu timeoffset = -0.00001
cam0 intrinsics = 462.700,461.845,367.191,245.630 | -0.276,0.068,0.001,0.000
cam1 intrinsics = 461.831,461.144,379.670,252.557 | -0.278,0.069,0.000,0.000
cam0 extrinsics = -0.006,0.009,0.703,0.712 | 0.065,-0.021,0.013
cam1 extrinsics = -0.000,0.013,0.703,0.711 | -0.048,-0.022,0.013
q_GtoI = 0.763,-0.200,0.571,0.228 | p_IinG = -1.686,-2.033,0.428 | dist = 27.07 (meters)
bg = -0.0088,0.0215,0.0782 | ba = 0.0132,0.1043,0.1455
camera-imu timeoffset = -0.00001
cam0 intrinsics = 462.704,461.851,367.203,245.639 | -0.276,0.068,0.001,0.000
cam1 intrinsics = 461.836,461.150,379.680,252.564 | -0.278,0.069,0.000,0.000
cam0 extrinsics = -0.006,0.009,0.703,0.712 | 0.065,-0.021,0.012
cam1 extrinsics = -0.000,0.013,0.703,0.711 | -0.048,-0.022,0.013
q_GtoI = 0.753,-0.209,0.579,0.233 | p_IinG = -1.693,-2.075,0.423 | dist = 27.11 (meters)
bg = -0.0091,0.0213,0.0784 | ba = 0.0127,0.1053,0.1436
camera-imu timeoffset = -0.00001
cam0 intrinsics = 462.705,461.872,367.203,245.653 | -0.276,0.068,0.001,0.000
cam1 intrinsics = 461.829,461.162,379.687,252.576 | -0.278,0.069,0.000,0.000
cam0 extrinsics = -0.006,0.009,0.703,0.712 | 0.065,-0.021,0.012
cam1 extrinsics = -0.000,0.013,0.703,0.711 | -0.048,-0.022,0.013
q_GtoI = 0.744,-0.222,0.586,0.234 | p_IinG = -1.703,-2.112,0.418 | dist = 27.15 (meters)
bg = -0.0094,0.0212,0.0785 | ba = 0.0127,0.1041,0.1435
camera-imu timeoffset = -0.00001
cam0 intrinsics = 462.707,461.882,367.186,245.687 | -0.276,0.068,0.001,0.000
cam1 intrinsics = 461.832,461.175,379.678,252.605 | -0.278,0.069,0.000,0.000
cam0 extrinsics = -0.006,0.009,0.703,0.712 | 0.065,-0.021,0.012
cam1 extrinsics = -0.000,0.013,0.703,0.711 | -0.048,-0.022,0.013
q_GtoI = 0.734,-0.234,0.592,0.236 | p_IinG = -1.714,-2.144,0.414 | dist = 27.18 (meters)
bg = -0.0096,0.0211,0.0785 | ba = 0.0122,0.1036,0.1438
camera-imu timeoffset = -0.00001
cam0 intrinsics = 462.717,461.901,367.182,245.722 | -0.276,0.068,0.001,0.000
cam1 intrinsics = 461.842,461.193,379.665,252.641 | -0.278,0.069,0.000,0.000
cam0 extrinsics = -0.006,0.009,0.703,0.712 | 0.065,-0.022,0.012
cam1 extrinsics = -0.000,0.013,0.703,0.711 | -0.048,-0.022,0.013
q_GtoI = 0.724,-0.249,0.598,0.238 | p_IinG = -1.728,-2.172,0.410 | dist = 27.21 (meters)
bg = -0.0098,0.0211,0.0785 | ba = 0.0120,0.1023,0.1447
camera-imu timeoffset = -0.00001
cam0 intrinsics = 462.721,461.913,367.152,245.741 | -0.276,0.068,0.001,0.000
cam1 intrinsics = 461.850,461.208,379.643,252.657 | -0.278,0.069,0.000,0.000
cam0 extrinsics = -0.006,0.009,0.703,0.712 | 0.065,-0.022,0.012
cam1 extrinsics = -0.000,0.013,0.703,0.711 | -0.048,-0.022,0.013
q_GtoI = 0.716,-0.263,0.600,0.242 | p_IinG = -1.745,-2.197,0.405 | dist = 27.24 (meters)
bg = -0.0100,0.0210,0.0785 | ba = 0.0123,0.1018,0.1442
camera-imu timeoffset = -0.00001
cam0 intrinsics = 462.738,461.935,367.156,245.754 | -0.276,0.068,0.001,0.000
cam1 intrinsics = 461.866,461.228,379.640,252.667 | -0.278,0.069,0.000,0.000
cam0 extrinsics = -0.006,0.009,0.703,0.712 | 0.065,-0.022,0.012
cam1 extrinsics = -0.000,0.013,0.703,0.711 | -0.048,-0.022,0.013
q_GtoI = 0.710,-0.277,0.598,0.249 | p_IinG = -1.764,-2.220,0.397 | dist = 27.27 (meters)
bg = -0.0102,0.0207,0.0782 | ba = 0.0137,0.1023,0.1433
camera-imu timeoffset = -0.00000
cam0 intrinsics = 462.739,461.954,367.164,245.754 | -0.276,0.068,0.001,0.000
cam1 intrinsics = 461.867,461.246,379.650,252.670 | -0.278,0.069,0.000,0.000
cam0 extrinsics = -0.006,0.009,0.703,0.711 | 0.065,-0.022,0.012
cam1 extrinsics = -0.000,0.013,0.703,0.711 | -0.048,-0.022,0.013
q_GtoI = 0.705,-0.290,0.593,0.260 | p_IinG = -1.787,-2.237,0.391 | dist = 27.30 (meters)
bg = -0.0102,0.0208,0.0782 | ba = 0.0141,0.1010,0.1451
camera-imu timeoffset = -0.00001
cam0 intrinsics = 462.759,461.978,367.190,245.745 | -0.276,0.068,0.001,0.000
cam1 intrinsics = 461.882,461.266,379.674,252.660 | -0.278,0.069,0.000,0.000
cam0 extrinsics = -0.006,0.009,0.703,0.711 | 0.065,-0.022,0.012
cam1 extrinsics = -0.000,0.013,0.703,0.711 | -0.048,-0.023,0.013
q_GtoI = 0.701,-0.303,0.585,0.273 | p_IinG = -1.811,-2.250,0.385 | dist = 27.32 (meters)
bg = -0.0104,0.0207,0.0782 | ba = 0.0144,0.0995,0.1468
camera-imu timeoffset = -0.00001
cam0 intrinsics = 462.770,461.985,367.208,245.726 | -0.277,0.068,0.001,0.000
cam1 intrinsics = 461.891,461.269,379.702,252.639 | -0.278,0.069,0.000,0.000
cam0 extrinsics = -0.006,0.009,0.703,0.711 | 0.065,-0.022,0.012
cam1 extrinsics = -0.000,0.013,0.703,0.711 | -0.048,-0.023,0.013
q_GtoI = 0.697,-0.316,0.576,0.286 | p_IinG = -1.839,-2.258,0.379 | dist = 27.35 (meters)
bg = -0.0105,0.0206,0.0782 | ba = 0.0150,0.0987,0.1488
camera-imu timeoffset = -0.00001
cam0 intrinsics = 462.778,461.995,367.220,245.717 | -0.277,0.068,0.001,0.000
cam1 intrinsics = 461.898,461.279,379.719,252.628 | -0.278,0.069,0.000,0.000
cam0 extrinsics = -0.006,0.009,0.703,0.711 | 0.065,-0.022,0.013
cam1 extrinsics = -0.000,0.013,0.703,0.711 | -0.048,-0.023,0.013
q_GtoI = 0.694,-0.330,0.566,0.301 | p_IinG = -1.869,-2.263,0.372 | dist = 27.39 (meters)
bg = -0.0108,0.0206,0.0781 | ba = 0.0156,0.0983,0.1501
camera-imu timeoffset = -0.00001
cam0 intrinsics = 462.786,462.003,367.237,245.714 | -0.277,0.068,0.001,0.000
cam1 intrinsics = 461.906,461.287,379.739,252.624 | -0.278,0.069,0.000,0.000
cam0 extrinsics = -0.006,0.009,0.703,0.711 | 0.065,-0.022,0.013
cam1 extrinsics = -0.000,0.013,0.703,0.711 | -0.048,-0.023,0.013
q_GtoI = 0.690,-0.345,0.554,0.314 | p_IinG = -1.901,-2.263,0.364 | dist = 27.42 (meters)
bg = -0.0109,0.0206,0.0781 | ba = 0.0152,0.0967,0.1513
camera-imu timeoffset = -0.00001
cam0 intrinsics = 462.792,462.010,367.246,245.706 | -0.277,0.068,0.001,0.000
cam1 intrinsics = 461.912,461.293,379.749,252.615 | -0.278,0.069,0.000,0.000
cam0 extrinsics = -0.006,0.009,0.703,0.711 | 0.065,-0.022,0.013
cam1 extrinsics = -0.000,0.013,0.703,0.711 | -0.048,-0.023,0.013
q_GtoI = 0.685,-0.361,0.543,0.326 | p_IinG = -1.935,-2.260,0.356 | dist = 27.45 (meters)
bg = -0.0110,0.0206,0.0781 | ba = 0.0134,0.0949,0.1526
camera-imu timeoffset = -0.00000
cam0 intrinsics = 462.792,462.011,367.242,245.709 | -0.277,0.068,0.001,0.000
cam1 intrinsics = 461.913,461.295,379.747,252.616 | -0.278,0.069,0.000,0.000
cam0 extrinsics = -0.006,0.009,0.703,0.711 | 0.065,-0.023,0.013
cam1 extrinsics = 0.000,0.013,0.703,0.711 | -0.049,-0.023,0.013
q_GtoI = 0.678,-0.380,0.533,0.335 | p_IinG = -1.970,-2.254,0.344 | dist = 27.49 (meters)
bg = -0.0112,0.0206,0.0782 | ba = 0.0098,0.0963,0.1514
camera-imu timeoffset = -0.00000
cam0 intrinsics = 462.807,462.028,367.245,245.737 | -0.277,0.068,0.001,0.000
cam1 intrinsics = 461.928,461.317,379.734,252.638 | -0.278,0.070,0.000,0.000
cam0 extrinsics = -0.006,0.009,0.703,0.711 | 0.065,-0.023,0.013
cam1 extrinsics = -0.000,0.013,0.703,0.711 | -0.049,-0.023,0.014
q_GtoI = 0.670,-0.401,0.522,0.342 | p_IinG = -2.005,-2.241,0.329 | dist = 27.53 (meters)
bg = -0.0111,0.0206,0.0783 | ba = 0.0072,0.0957,0.1528
camera-imu timeoffset = -0.00000
cam0 intrinsics = 462.803,462.032,367.240,245.776 | -0.277,0.068,0.001,0.000
cam1 intrinsics = 461.929,461.325,379.732,252.674 | -0.278,0.070,0.000,0.000
cam0 extrinsics = -0.006,0.009,0.703,0.711 | 0.064,-0.023,0.014
cam1 extrinsics = -0.000,0.013,0.703,0.711 | -0.049,-0.024,0.014
q_GtoI = 0.662,-0.422,0.511,0.350 | p_IinG = -2.041,-2.226,0.311 | dist = 27.57 (meters)
bg = -0.0110,0.0207,0.0783 | ba = 0.0060,0.0959,0.1536
camera-imu timeoffset = -0.00000
cam0 intrinsics = 462.791,462.036,367.243,245.791 | -0.277,0.068,0.001,0.000
cam1 intrinsics = 461.918,461.329,379.735,252.690 | -0.278,0.070,0.000,0.000
cam0 extrinsics = -0.006,0.009,0.703,0.711 | 0.064,-0.023,0.014
cam1 extrinsics = -0.000,0.013,0.703,0.711 | -0.049,-0.024,0.014
q_GtoI = 0.651,-0.443,0.503,0.358 | p_IinG = -2.076,-2.209,0.289 | dist = 27.62 (meters)
bg = -0.0111,0.0210,0.0782 | ba = 0.0045,0.0977,0.1525
camera-imu timeoffset = -0.00001
cam0 intrinsics = 462.807,462.057,367.248,245.795 | -0.277,0.068,0.001,0.000
cam1 intrinsics = 461.934,461.351,379.739,252.692 | -0.278,0.070,0.000,0.000
cam0 extrinsics = -0.006,0.009,0.703,0.711 | 0.064,-0.023,0.014
cam1 extrinsics = -0.000,0.013,0.703,0.711 | -0.049,-0.024,0.014
q_GtoI = 0.637,-0.460,0.497,0.368 | p_IinG = -2.114,-2.191,0.264 | dist = 27.67 (meters)
bg = -0.0113,0.0211,0.0782 | ba = 0.0040,0.0936,0.1519
camera-imu timeoffset = -0.00001
cam0 intrinsics = 462.772,462.023,367.314,245.801 | -0.277,0.068,0.001,0.000
cam1 intrinsics = 461.898,461.312,379.779,252.695 | -0.278,0.070,0.000,0.000
cam0 extrinsics = -0.006,0.009,0.703,0.712 | 0.064,-0.023,0.014
cam1 extrinsics = -0.000,0.013,0.703,0.711 | -0.049,-0.023,0.014
q_GtoI = 0.621,-0.476,0.493,0.380 | p_IinG = -2.150,-2.170,0.240 | dist = 27.72 (meters)
bg = -0.0117,0.0213,0.0783 | ba = 0.0027,0.0922,0.1522
camera-imu timeoffset = -0.00001
cam0 intrinsics = 462.747,462.001,367.321,245.794 | -0.277,0.068,0.001,0.000
cam1 intrinsics = 461.875,461.292,379.786,252.688 | -0.278,0.070,0.000,0.000
cam0 extrinsics = -0.006,0.009,0.703,0.712 | 0.064,-0.023,0.014
cam1 extrinsics = -0.000,0.014,0.703,0.711 | -0.049,-0.023,0.014
q_GtoI = 0.606,-0.490,0.489,0.393 | p_IinG = -2.187,-2.145,0.214 | dist = 27.77 (meters)
bg = -0.0119,0.0213,0.0783 | ba = 0.0010,0.0903,0.1523
camera-imu timeoffset = -0.00001
cam0 intrinsics = 462.733,461.989,367.328,245.800 | -0.277,0.068,0.001,0.000
cam1 intrinsics = 461.861,461.279,379.792,252.689 | -0.278,0.070,0.000,0.000
cam0 extrinsics = -0.006,0.009,0.703,0.712 | 0.064,-0.022,0.014
cam1 extrinsics = -0.000,0.013,0.703,0.711 | -0.049,-0.023,0.014
q_GtoI = 0.591,-0.504,0.485,0.403 | p_IinG = -2.224,-2.117,0.187 | dist = 27.82 (meters)
bg = -0.0121,0.0212,0.0783 | ba = -0.0013,0.0898,0.1514
camera-imu timeoffset = -0.00001
cam0 intrinsics = 462.726,461.985,367.318,245.803 | -0.277,0.068,0.001,0.000
cam1 intrinsics = 461.852,461.274,379.781,252.686 | -0.278,0.070,0.000,0.000
cam0 extrinsics = -0.006,0.009,0.703,0.712 | 0.065,-0.022,0.013
cam1 extrinsics = -0.000,0.013,0.703,0.711 | -0.049,-0.023,0.014
q_GtoI = 0.578,-0.519,0.478,0.410 | p_IinG = -2.261,-2.086,0.159 | dist = 27.88 (meters)
bg = -0.0123,0.0212,0.0784 | ba = -0.0025,0.0894,0.1511
camera-imu timeoffset = -0.00001
cam0 intrinsics = 462.713,461.973,367.315,245.806 | -0.277,0.068,0.001,0.000
cam1 intrinsics = 461.839,461.262,379.780,252.689 | -0.278,0.070,0.000,0.000
cam0 extrinsics = -0.006,0.009,0.703,0.712 | 0.065,-0.022,0.013
cam1 extrinsics = -0.000,0.013,0.703,0.711 | -0.049,-0.023,0.014
q_GtoI = 0.569,-0.535,0.468,0.414 | p_IinG = -2.300,-2.049,0.132 | dist = 27.94 (meters)
bg = -0.0123,0.0210,0.0785 | ba = -0.0068,0.0866,0.1521
camera-imu timeoffset = -0.00002
cam0 intrinsics = 462.703,461.957,367.299,245.833 | -0.277,0.068,0.001,0.000
cam1 intrinsics = 461.829,461.247,379.772,252.715 | -0.278,0.070,0.000,0.000
cam0 extrinsics = -0.006,0.009,0.703,0.712 | 0.065,-0.022,0.013
cam1 extrinsics = -0.000,0.013,0.703,0.711 | -0.049,-0.023,0.013
q_GtoI = 0.562,-0.550,0.459,0.414 | p_IinG = -2.338,-2.012,0.103 | dist = 28.00 (meters)
bg = -0.0126,0.0211,0.0782 | ba = -0.0099,0.0871,0.1502
camera-imu timeoffset = -0.00003
cam0 intrinsics = 462.691,461.942,367.296,245.863 | -0.277,0.068,0.001,0.000
cam1 intrinsics = 461.822,461.235,379.780,252.732 | -0.278,0.070,0.000,0.000
cam0 extrinsics = -0.006,0.009,0.703,0.712 | 0.065,-0.022,0.013
cam1 extrinsics = -0.000,0.013,0.703,0.711 | -0.049,-0.023,0.013
q_GtoI = 0.556,-0.562,0.450,0.416 | p_IinG = -2.376,-1.971,0.078 | dist = 28.06 (meters)
bg = -0.0127,0.0211,0.0782 | ba = -0.0114,0.0867,0.1503
camera-imu timeoffset = -0.00003
cam0 intrinsics = 462.685,461.938,367.295,245.871 | -0.277,0.068,0.001,0.000
cam1 intrinsics = 461.816,461.231,379.783,252.738 | -0.278,0.070,0.000,0.000
cam0 extrinsics = -0.006,0.009,0.703,0.712 | 0.065,-0.022,0.013
cam1 extrinsics = -0.000,0.013,0.703,0.711 | -0.049,-0.023,0.013
q_GtoI = 0.553,-0.571,0.439,0.418 | p_IinG = -2.412,-1.926,0.056 | dist = 28.12 (meters)
bg = -0.0125,0.0212,0.0782 | ba = -0.0121,0.0877,0.1515
camera-imu timeoffset = -0.00002
cam0 intrinsics = 462.692,461.946,367.289,245.891 | -0.277,0.068,0.001,0.000
cam1 intrinsics = 461.822,461.239,379.776,252.758 | -0.278,0.070,0.000,0.000
cam0 extrinsics = -0.006,0.009,0.703,0.712 | 0.065,-0.023,0.013
cam1 extrinsics = -0.000,0.013,0.703,0.711 | -0.049,-0.023,0.013
q_GtoI = 0.556,-0.581,0.426,0.415 | p_IinG = -2.447,-1.879,0.038 | dist = 28.18 (meters)
bg = -0.0124,0.0212,0.0781 | ba = -0.0159,0.0917,0.1533
camera-imu timeoffset = -0.00003
cam0 intrinsics = 462.687,461.941,367.283,245.923 | -0.277,0.068,0.001,0.000
cam1 intrinsics = 461.818,461.234,379.790,252.778 | -0.278,0.070,0.000,0.000
cam0 extrinsics = -0.006,0.009,0.703,0.712 | 0.065,-0.022,0.013
cam1 extrinsics = -0.000,0.013,0.703,0.711 | -0.049,-0.023,0.014
q_GtoI = 0.561,-0.591,0.411,0.408 | p_IinG = -2.485,-1.829,0.021 | dist = 28.25 (meters)
bg = -0.0123,0.0210,0.0782 | ba = -0.0147,0.0903,0.1547
camera-imu timeoffset = -0.00004
cam0 intrinsics = 462.686,461.944,367.293,245.942 | -0.277,0.068,0.001,0.000
cam1 intrinsics = 461.816,461.233,379.791,252.792 | -0.278,0.070,0.000,0.000
cam0 extrinsics = -0.006,0.009,0.703,0.712 | 0.065,-0.023,0.013
cam1 extrinsics = -0.000,0.013,0.703,0.711 | -0.049,-0.023,0.014
q_GtoI = 0.569,-0.599,0.398,0.399 | p_IinG = -2.521,-1.781,0.011 | dist = 28.31 (meters)
bg = -0.0121,0.0210,0.0785 | ba = -0.0149,0.0907,0.1546
camera-imu timeoffset = -0.00004
cam0 intrinsics = 462.682,461.946,367.292,245.959 | -0.277,0.068,0.001,0.000
cam1 intrinsics = 461.811,461.235,379.797,252.808 | -0.278,0.070,0.000,0.000
cam0 extrinsics = -0.006,0.009,0.703,0.711 | 0.065,-0.023,0.013
cam1 extrinsics = -0.000,0.013,0.703,0.711 | -0.049,-0.023,0.014
q_GtoI = 0.579,-0.605,0.386,0.387 | p_IinG = -2.558,-1.733,0.007 | dist = 28.37 (meters)
bg = -0.0119,0.0209,0.0786 | ba = -0.0151,0.0884,0.1533
camera-imu timeoffset = -0.00004
cam0 intrinsics = 462.681,461.950,367.269,245.948 | -0.277,0.068,0.001,0.000
cam1 intrinsics = 461.806,461.236,379.776,252.791 | -0.278,0.070,0.000,0.000
cam0 extrinsics = -0.006,0.009,0.703,0.711 | 0.065,-0.023,0.013
cam1 extrinsics = -0.000,0.013,0.703,0.711 | -0.049,-0.023,0.014
q_GtoI = 0.589,-0.608,0.378,0.376 | p_IinG = -2.593,-1.691,0.010 | dist = 28.42 (meters)
bg = -0.0120,0.0207,0.0787 | ba = -0.0166,0.0892,0.1506
camera-imu timeoffset = -0.00004
cam0 intrinsics = 462.689,461.948,367.242,245.947 | -0.277,0.068,0.001,0.000
cam1 intrinsics = 461.813,461.233,379.753,252.787 | -0.278,0.070,0.000,0.000
cam0 extrinsics = -0.006,0.009,0.703,0.711 | 0.065,-0.023,0.014
cam1 extrinsics = -0.000,0.013,0.703,0.711 | -0.049,-0.023,0.014
q_GtoI = 0.601,-0.608,0.371,0.362 | p_IinG = -2.626,-1.651,0.021 | dist = 28.48 (meters)
bg = -0.0117,0.0207,0.0787 | ba = -0.0193,0.0901,0.1483
camera-imu timeoffset = -0.00004
cam0 intrinsics = 462.680,461.940,367.234,245.958 | -0.277,0.068,0.001,0.000
cam1 intrinsics = 461.805,461.227,379.742,252.801 | -0.278,0.070,0.000,0.000
cam0 extrinsics = -0.006,0.009,0.703,0.711 | 0.064,-0.023,0.014
cam1 extrinsics = -0.000,0.013,0.703,0.711 | -0.049,-0.023,0.014
q_GtoI = 0.612,-0.607,0.366,0.351 | p_IinG = -2.652,-1.620,0.036 | dist = 28.53 (meters)
bg = -0.0113,0.0201,0.0788 | ba = -0.0220,0.0971,0.1422
camera-imu timeoffset = -0.00005
cam0 intrinsics = 462.652,461.882,367.189,245.954 | -0.277,0.068,0.001,0.000
cam1 intrinsics = 461.782,461.174,379.707,252.804 | -0.278,0.070,0.000,0.000
cam0 extrinsics = -0.006,0.009,0.703,0.712 | 0.064,-0.022,0.013
cam1 extrinsics = -0.000,0.013,0.703,0.711 | -0.049,-0.023,0.014
q_GtoI = 0.622,-0.605,0.363,0.340 | p_IinG = -2.683,-1.591,0.059 | dist = 28.58 (meters)
bg = -0.0110,0.0199,0.0789 | ba = -0.0260,0.0984,0.1396
camera-imu timeoffset = -0.00005
cam0 intrinsics = 462.654,461.885,367.178,245.944 | -0.277,0.068,0.001,0.000
cam1 intrinsics = 461.785,461.177,379.691,252.797 | -0.278,0.070,0.000,0.000
cam0 extrinsics = -0.006,0.009,0.703,0.712 | 0.064,-0.022,0.013
cam1 extrinsics = -0.000,0.013,0.703,0.711 | -0.050,-0.022,0.014
q_GtoI = 0.632,-0.602,0.359,0.331 | p_IinG = -2.709,-1.570,0.085 | dist = 28.63 (meters)
bg = -0.0108,0.0198,0.0789 | ba = -0.0325,0.1031,0.1335
camera-imu timeoffset = -0.00004
cam0 intrinsics = 462.671,461.897,367.137,245.918 | -0.277,0.068,0.001,0.000
cam1 intrinsics = 461.802,461.191,379.654,252.774 | -0.278,0.070,0.000,0.000
cam0 extrinsics = -0.006,0.009,0.703,0.712 | 0.063,-0.021,0.013
cam1 extrinsics = -0.000,0.013,0.703,0.711 | -0.050,-0.022,0.014
q_GtoI = 0.641,-0.598,0.356,0.323 | p_IinG = -2.738,-1.553,0.111 | dist = 28.67 (meters)
bg = -0.0105,0.0196,0.0789 | ba = -0.0367,0.1051,0.1303
camera-imu timeoffset = -0.00004
cam0 intrinsics = 462.679,461.902,367.121,245.904 | -0.277,0.068,0.001,0.000
cam1 intrinsics = 461.810,461.196,379.631,252.763 | -0.278,0.070,0.000,0.000
cam0 extrinsics = -0.006,0.009,0.703,0.712 | 0.062,-0.021,0.013
cam1 extrinsics = -0.000,0.013,0.703,0.711 | -0.051,-0.022,0.013
q_GtoI = 0.651,-0.592,0.353,0.319 | p_IinG = -2.764,-1.545,0.139 | dist = 28.72 (meters)
bg = -0.0106,0.0200,0.0793 | ba = -0.0514,0.1054,0.1235
camera-imu timeoffset = -0.00003
cam0 intrinsics = 462.721,461.986,367.143,245.779 | -0.277,0.068,0.001,0.000
cam1 intrinsics = 461.846,461.273,379.621,252.626 | -0.278,0.070,0.000,0.000
cam0 extrinsics = -0.006,0.009,0.702,0.712 | 0.061,-0.021,0.013
cam1 extrinsics = -0.000,0.013,0.703,0.711 | -0.051,-0.021,0.013
q_GtoI = 0.660,-0.582,0.350,0.322 | p_IinG = -2.794,-1.540,0.165 | dist = 28.76 (meters)
bg = -0.0107,0.0200,0.0791 | ba = -0.0540,0.1062,0.1229
camera-imu timeoffset = -0.00003
cam0 intrinsics = 462.725,461.992,367.145,245.757 | -0.277,0.068,0.001,0.000
cam1 intrinsics = 461.849,461.277,379.618,252.603 | -0.278,0.070,0.000,0.000
cam0 extrinsics = -0.006,0.009,0.702,0.712 | 0.061,-0.020,0.012
cam1 extrinsics = -0.000,0.013,0.703,0.711 | -0.051,-0.021,0.012
q_GtoI = 0.667,-0.566,0.350,0.335 | p_IinG = -2.821,-1.543,0.189 | dist = 28.80 (meters)
bg = -0.0106,0.0202,0.0789 | ba = -0.0571,0.1075,0.1224
camera-imu timeoffset = -0.00004
cam0 intrinsics = 462.681,461.963,367.161,245.701 | -0.277,0.068,0.001,0.000
cam1 intrinsics = 461.804,461.246,379.639,252.536 | -0.278,0.070,0.000,0.000
cam0 extrinsics = -0.006,0.009,0.702,0.712 | 0.061,-0.020,0.011
cam1 extrinsics = 0.000,0.013,0.703,0.711 | -0.052,-0.021,0.012
q_GtoI = 0.674,-0.546,0.350,0.353 | p_IinG = -2.847,-1.550,0.214 | dist = 28.84 (meters)
bg = -0.0105,0.0205,0.0788 | ba = -0.0599,0.1074,0.1227
camera-imu timeoffset = -0.00004
cam0 intrinsics = 462.658,461.952,367.166,245.646 | -0.277,0.068,0.001,0.000
cam1 intrinsics = 461.780,461.233,379.649,252.481 | -0.278,0.070,0.000,0.000
cam0 extrinsics = -0.006,0.009,0.703,0.712 | 0.061,-0.020,0.011
cam1 extrinsics = 0.000,0.013,0.703,0.711 | -0.052,-0.021,0.011
q_GtoI = 0.679,-0.525,0.351,0.375 | p_IinG = -2.870,-1.562,0.237 | dist = 28.87 (meters)
bg = -0.0104,0.0208,0.0788 | ba = -0.0619,0.1078,0.1219
camera-imu timeoffset = -0.00005
cam0 intrinsics = 462.632,461.926,367.168,245.587 | -0.277,0.068,0.001,0.000
cam1 intrinsics = 461.753,461.206,379.657,252.421 | -0.278,0.070,0.000,0.000
cam0 extrinsics = -0.005,0.009,0.703,0.712 | 0.060,-0.020,0.010
cam1 extrinsics = 0.000,0.013,0.703,0.711 | -0.052,-0.021,0.010
q_GtoI = 0.682,-0.505,0.352,0.396 | p_IinG = -2.889,-1.574,0.260 | dist = 28.90 (meters)
bg = -0.0103,0.0211,0.0786 | ba = -0.0642,0.1077,0.1217
camera-imu timeoffset = -0.00006
cam0 intrinsics = 462.623,461.901,367.166,245.542 | -0.277,0.068,0.001,0.000
cam1 intrinsics = 461.745,461.184,379.661,252.379 | -0.278,0.070,0.000,0.000
cam0 extrinsics = -0.005,0.009,0.703,0.712 | 0.060,-0.020,0.010
cam1 extrinsics = 0.000,0.013,0.703,0.711 | -0.052,-0.021,0.010
q_GtoI = 0.684,-0.485,0.350,0.417 | p_IinG = -2.902,-1.588,0.283 | dist = 28.93 (meters)
bg = -0.0102,0.0215,0.0787 | ba = -0.0641,0.1083,0.1236
camera-imu timeoffset = -0.00005
cam0 intrinsics = 462.632,461.904,367.146,245.440 | -0.277,0.068,0.001,0.000
cam1 intrinsics = 461.755,461.191,379.641,252.272 | -0.278,0.070,0.000,0.000
cam0 extrinsics = -0.005,0.009,0.703,0.712 | 0.060,-0.019,0.010
cam1 extrinsics = 0.000,0.013,0.703,0.711 | -0.052,-0.020,0.011
q_GtoI = 0.685,-0.469,0.349,0.435 | p_IinG = -2.908,-1.605,0.304 | dist = 28.96 (meters)
bg = -0.0101,0.0218,0.0786 | ba = -0.0648,0.1088,0.1232
camera-imu timeoffset = -0.00005
cam0 intrinsics = 462.609,461.890,367.143,245.376 | -0.277,0.068,0.001,0.000
cam1 intrinsics = 461.732,461.177,379.652,252.209 | -0.278,0.070,0.000,0.000
cam0 extrinsics = -0.005,0.009,0.702,0.712 | 0.060,-0.019,0.010
cam1 extrinsics = 0.000,0.013,0.703,0.711 | -0.052,-0.019,0.011
q_GtoI = 0.685,-0.458,0.347,0.448 | p_IinG = -2.908,-1.620,0.324 | dist = 28.98 (meters)
bg = -0.0100,0.0220,0.0786 | ba = -0.0626,0.1102,0.1223
camera-imu timeoffset = -0.00003
cam0 intrinsics = 462.602,461.912,367.125,245.295 | -0.277,0.068,0.001,0.000
cam1 intrinsics = 461.723,461.200,379.658,252.132 | -0.278,0.070,0.000,0.000
cam0 extrinsics = -0.005,0.009,0.702,0.712 | 0.060,-0.019,0.011
cam1 extrinsics = 0.000,0.013,0.703,0.711 | -0.053,-0.019,0.011
q_GtoI = 0.682,-0.459,0.350,0.450 | p_IinG = -2.900,-1.631,0.342 | dist = 29.01 (meters)
bg = -0.0098,0.0220,0.0783 | ba = -0.0615,0.1123,0.1207
camera-imu timeoffset = -0.00002
cam0 intrinsics = 462.606,461.918,367.115,245.268 | -0.277,0.068,0.001,0.000
cam1 intrinsics = 461.728,461.207,379.659,252.106 | -0.278,0.070,0.000,0.000
cam0 extrinsics = -0.005,0.009,0.702,0.712 | 0.060,-0.019,0.011
cam1 extrinsics = 0.000,0.013,0.703,0.711 | -0.052,-0.019,0.011
q_GtoI = 0.677,-0.470,0.357,0.441 | p_IinG = -2.884,-1.644,0.358 | dist = 29.03 (meters)
bg = -0.0096,0.0221,0.0782 | ba = -0.0609,0.1134,0.1174
camera-imu timeoffset = -0.00001
cam0 intrinsics = 462.582,461.917,367.104,245.251 | -0.277,0.068,0.001,0.000
cam1 intrinsics = 461.706,461.206,379.657,252.093 | -0.278,0.070,0.000,0.000
cam0 extrinsics = -0.005,0.009,0.702,0.712 | 0.060,-0.018,0.011
cam1 extrinsics = 0.000,0.013,0.703,0.711 | -0.052,-0.019,0.011
q_GtoI = 0.668,-0.483,0.368,0.429 | p_IinG = -2.862,-1.656,0.373 | dist = 29.06 (meters)
bg = -0.0095,0.0221,0.0780 | ba = -0.0593,0.1134,0.1145
camera-imu timeoffset = -0.00001
cam0 intrinsics = 462.557,461.906,367.097,245.237 | -0.277,0.068,0.001,0.000
cam1 intrinsics = 461.681,461.196,379.660,252.081 | -0.278,0.070,0.000,0.000
cam0 extrinsics = -0.005,0.009,0.702,0.712 | 0.060,-0.018,0.011
cam1 extrinsics = 0.000,0.013,0.703,0.711 | -0.053,-0.018,0.011
q_GtoI = 0.659,-0.495,0.382,0.418 | p_IinG = -2.835,-1.669,0.385 | dist = 29.10 (meters)
bg = -0.0094,0.0220,0.0780 | ba = -0.0580,0.1135,0.1120
camera-imu timeoffset = -0.00001
cam0 intrinsics = 462.538,461.888,367.096,245.230 | -0.277,0.068,0.001,0.000
cam1 intrinsics = 461.663,461.178,379.664,252.073 | -0.278,0.070,0.000,0.000
cam0 extrinsics = -0.005,0.009,0.702,0.712 | 0.060,-0.018,0.011
cam1 extrinsics = 0.000,0.013,0.703,0.711 | -0.053,-0.018,0.011
q_GtoI = 0.646,-0.507,0.401,0.407 | p_IinG = -2.804,-1.682,0.395 | dist = 29.13 (meters)
bg = -0.0093,0.0218,0.0780 | ba = -0.0565,0.1139,0.1106
camera-imu timeoffset = -0.00001
cam0 intrinsics = 462.519,461.877,367.103,245.221 | -0.277,0.068,0.001,0.000
cam1 intrinsics = 461.642,461.166,379.675,252.064 | -0.278,0.070,0.000,0.000
cam0 extrinsics = -0.005,0.009,0.702,0.712 | 0.059,-0.018,0.011
cam1 extrinsics = 0.001,0.013,0.703,0.711 | -0.053,-0.018,0.011
q_GtoI = 0.632,-0.518,0.419,0.395 | p_IinG = -2.769,-1.694,0.401 | dist = 29.17 (meters)
bg = -0.0091,0.0216,0.0779 | ba = -0.0546,0.1154,0.1083
camera-imu timeoffset = -0.00001
cam0 intrinsics = 462.509,461.851,367.122,245.215 | -0.277,0.068,0.001,0.000
cam1 intrinsics = 461.631,461.137,379.691,252.062 | -0.278,0.070,0.000,0.000
cam0 extrinsics = -0.005,0.009,0.702,0.712 | 0.059,-0.017,0.011
cam1 extrinsics = 0.001,0.013,0.703,0.711 | -0.053,-0.018,0.011
q_GtoI = 0.619,-0.528,0.436,0.385 | p_IinG = -2.733,-1.704,0.405 | dist = 29.21 (meters)
bg = -0.0090,0.0216,0.0778 | ba = -0.0529,0.1155,0.1092
camera-imu timeoffset = -0.00002
cam0 intrinsics = 462.502,461.851,367.124,245.200 | -0.277,0.068,0.001,0.000
cam1 intrinsics = 461.621,461.136,379.694,252.046 | -0.278,0.070,0.000,0.000
cam0 extrinsics = -0.005,0.009,0.702,0.712 | 0.059,-0.017,0.011
cam1 extrinsics = 0.001,0.013,0.703,0.711 | -0.053,-0.018,0.011
q_GtoI = 0.607,-0.536,0.449,0.377 | p_IinG = -2.696,-1.713,0.407 | dist = 29.24 (meters)
bg = -0.0084,0.0214,0.0778 | ba = -0.0495,0.1159,0.1129
camera-imu timeoffset = -0.00002
cam0 intrinsics = 462.504,461.830,367.130,245.230 | -0.277,0.068,0.001,0.000
cam1 intrinsics = 461.623,461.113,379.690,252.076 | -0.278,0.070,0.000,0.000
cam0 extrinsics = -0.005,0.009,0.702,0.712 | 0.059,-0.017,0.011
cam1 extrinsics = 0.001,0.013,0.703,0.711 | -0.054,-0.018,0.011
q_GtoI = 0.596,-0.544,0.462,0.368 | p_IinG = -2.659,-1.720,0.407 | dist = 29.28 (meters)
bg = -0.0079,0.0214,0.0776 | ba = -0.0467,0.1165,0.1166
camera-imu timeoffset = -0.00003
cam0 intrinsics = 462.524,461.811,367.132,245.222 | -0.277,0.068,0.001,0.000
cam1 intrinsics = 461.640,461.090,379.682,252.068 | -0.278,0.070,0.000,0.000
cam0 extrinsics = -0.005,0.009,0.702,0.712 | 0.058,-0.018,0.011
cam1 extrinsics = 0.001,0.014,0.703,0.711 | -0.054,-0.018,0.011
q_GtoI = 0.586,-0.551,0.472,0.360 | p_IinG = -2.625,-1.727,0.408 | dist = 29.31 (meters)
bg = -0.0078,0.0216,0.0774 | ba = -0.0449,0.1167,0.1172
camera-imu timeoffset = -0.00003
cam0 intrinsics = 462.529,461.817,367.133,245.192 | -0.277,0.068,0.001,0.000
cam1 intrinsics = 461.644,461.092,379.673,252.045 | -0.278,0.070,0.000,0.000
cam0 extrinsics = -0.005,0.009,0.702,0.712 | 0.059,-0.018,0.011
cam1 extrinsics = 0.001,0.014,0.703,0.711 | -0.054,-0.018,0.011
q_GtoI = 0.577,-0.557,0.481,0.353 | p_IinG = -2.594,-1.734,0.408 | dist = 29.35 (meters)
bg = -0.0076,0.0216,0.0772 | ba = -0.0428,0.1167,0.1182
camera-imu timeoffset = -0.00003
cam0 intrinsics = 462.539,461.826,367.129,245.162 | -0.277,0.068,0.001,0.000
cam1 intrinsics = 461.653,461.100,379.666,252.014 | -0.278,0.070,0.000,0.000
cam0 extrinsics = -0.005,0.009,0.702,0.712 | 0.059,-0.018,0.011
cam1 extrinsics = 0.001,0.014,0.703,0.711 | -0.053,-0.018,0.011
q_GtoI = 0.570,-0.563,0.488,0.347 | p_IinG = -2.566,-1.739,0.409 | dist = 29.37 (meters)
bg = -0.0073,0.0215,0.0770 | ba = -0.0413,0.1166,0.1200
camera-imu timeoffset = -0.00003
cam0 intrinsics = 462.545,461.838,367.124,245.128 | -0.277,0.068,0.001,0.000
cam1 intrinsics = 461.660,461.111,379.660,251.978 | -0.278,0.070,0.000,0.000
cam0 extrinsics = -0.005,0.009,0.702,0.712 | 0.059,-0.018,0.011
cam1 extrinsics = 0.001,0.014,0.703,0.711 | -0.053,-0.018,0.011
q_GtoI = 0.564,-0.567,0.493,0.343 | p_IinG = -2.543,-1.743,0.409 | dist = 29.40 (meters)
bg = -0.0072,0.0213,0.0769 | ba = -0.0399,0.1157,0.1211
camera-imu timeoffset = -0.00004
cam0 intrinsics = 462.555,461.863,367.121,245.097 | -0.277,0.068,0.001,0.000
cam1 intrinsics = 461.662,461.126,379.654,251.961 | -0.278,0.070,0.000,0.000
cam0 extrinsics = -0.005,0.009,0.702,0.712 | 0.059,-0.018,0.011
cam1 extrinsics = 0.001,0.014,0.703,0.711 | -0.053,-0.018,0.011
q_GtoI = 0.563,-0.570,0.492,0.342 | p_IinG = -2.524,-1.746,0.409 | dist = 29.42 (meters)
bg = -0.0071,0.0211,0.0769 | ba = -0.0393,0.1160,0.1213
camera-imu timeoffset = -0.00004
cam0 intrinsics = 462.556,461.879,367.117,245.069 | -0.277,0.068,0.001,0.000
cam1 intrinsics = 461.662,461.140,379.653,251.934 | -0.278,0.070,0.000,0.000
cam0 extrinsics = -0.005,0.009,0.702,0.712 | 0.059,-0.018,0.011
cam1 extrinsics = 0.001,0.014,0.703,0.711 | -0.053,-0.018,0.011
q_GtoI = 0.566,-0.572,0.487,0.341 | p_IinG = -2.510,-1.748,0.409 | dist = 29.43 (meters)
bg = -0.0071,0.0211,0.0768 | ba = -0.0384,0.1170,0.1212
camera-imu timeoffset = -0.00004
cam0 intrinsics = 462.559,461.895,367.112,245.045 | -0.277,0.068,0.001,0.000
cam1 intrinsics = 461.663,461.154,379.652,251.910 | -0.278,0.070,0.000,0.000
cam0 extrinsics = -0.005,0.009,0.702,0.712 | 0.059,-0.018,0.011
cam1 extrinsics = 0.001,0.014,0.703,0.711 | -0.053,-0.018,0.011
q_GtoI = 0.572,-0.573,0.477,0.342 | p_IinG = -2.500,-1.750,0.408 | dist = 29.44 (meters)
bg = -0.0071,0.0209,0.0768 | ba = -0.0380,0.1179,0.1211
camera-imu timeoffset = -0.00005
cam0 intrinsics = 462.562,461.905,367.107,245.024 | -0.277,0.068,0.001,0.000
cam1 intrinsics = 461.664,461.161,379.650,251.890 | -0.278,0.070,0.000,0.000
cam0 extrinsics = -0.005,0.009,0.702,0.712 | 0.059,-0.017,0.011
cam1 extrinsics = 0.001,0.014,0.703,0.711 | -0.053,-0.018,0.011
q_GtoI = 0.579,-0.575,0.466,0.342 | p_IinG = -2.494,-1.751,0.405 | dist = 29.45 (meters)
bg = -0.0072,0.0208,0.0767 | ba = -0.0392,0.1194,0.1208
camera-imu timeoffset = -0.00005
cam0 intrinsics = 462.568,461.907,367.119,245.026 | -0.277,0.068,0.001,0.000
cam1 intrinsics = 461.667,461.161,379.662,251.885 | -0.278,0.070,0.000,0.000
cam0 extrinsics = -0.005,0.009,0.702,0.712 | 0.059,-0.017,0.011
cam1 extrinsics = 0.001,0.014,0.703,0.711 | -0.053,-0.018,0.011
q_GtoI = 0.585,-0.577,0.457,0.341 | p_IinG = -2.491,-1.753,0.398 | dist = 29.45 (meters)
bg = -0.0073,0.0207,0.0767 | ba = -0.0399,0.1203,0.1197
camera-imu timeoffset = -0.00005
cam0 intrinsics = 462.577,461.921,367.120,245.010 | -0.277,0.068,0.001,0.000
cam1 intrinsics = 461.675,461.173,379.667,251.870 | -0.278,0.070,0.000,0.000
cam0 extrinsics = -0.005,0.009,0.702,0.712 | 0.059,-0.017,0.011
cam1 extrinsics = 0.001,0.014,0.703,0.711 | -0.053,-0.018,0.012
q_GtoI = 0.591,-0.579,0.447,0.339 | p_IinG = -2.490,-1.754,0.388 | dist = 29.46 (meters)
bg = -0.0073,0.0207,0.0767 | ba = -0.0403,0.1211,0.1189
camera-imu timeoffset = -0.00005
cam0 intrinsics = 462.580,461.930,367.125,245.000 | -0.277,0.068,0.001,0.000
cam1 intrinsics = 461.676,461.180,379.675,251.862 | -0.278,0.070,0.000,0.000
cam0 extrinsics = -0.005,0.009,0.702,0.712 | 0.059,-0.017,0.012
cam1 extrinsics = 0.001,0.014,0.703,0.711 | -0.053,-0.018,0.012
q_GtoI = 0.596,-0.582,0.439,0.337 | p_IinG = -2.492,-1.758,0.378 | dist = 29.48 (meters)
bg = -0.0073,0.0205,0.0767 | ba = -0.0416,0.1228,0.1181
camera-imu timeoffset = -0.00004
cam0 intrinsics = 462.583,461.944,367.128,244.986 | -0.277,0.068,0.001,0.000
cam1 intrinsics = 461.677,461.191,379.679,251.847 | -0.278,0.070,0.000,0.000
cam0 extrinsics = -0.005,0.009,0.702,0.712 | 0.059,-0.017,0.012
cam1 extrinsics = 0.001,0.014,0.703,0.711 | -0.053,-0.017,0.012
q_GtoI = 0.599,-0.585,0.433,0.334 | p_IinG = -2.495,-1.762,0.370 | dist = 29.48 (meters)
bg = -0.0073,0.0204,0.0768 | ba = -0.0435,0.1244,0.1172
camera-imu timeoffset = -0.00004
cam0 intrinsics = 462.584,461.955,367.130,244.979 | -0.277,0.068,0.001,0.000
cam1 intrinsics = 461.678,461.200,379.681,251.840 | -0.278,0.070,0.000,0.000
cam0 extrinsics = -0.005,0.009,0.702,0.712 | 0.059,-0.017,0.012
cam1 extrinsics = 0.001,0.014,0.703,0.711 | -0.053,-0.017,0.012
q_GtoI = 0.600,-0.588,0.429,0.332 | p_IinG = -2.501,-1.769,0.367 | dist = 29.49 (meters)
bg = -0.0072,0.0204,0.0768 | ba = -0.0437,0.1247,0.1167
camera-imu timeoffset = -0.00004
cam0 intrinsics = 462.593,461.971,367.130,244.973 | -0.277,0.068,0.001,0.000
cam1 intrinsics = 461.684,461.215,379.681,251.836 | -0.278,0.070,0.000,0.000
cam0 extrinsics = -0.005,0.009,0.702,0.712 | 0.060,-0.017,0.012
cam1 extrinsics = 0.001,0.014,0.703,0.711 | -0.053,-0.017,0.012
q_GtoI = 0.601,-0.590,0.427,0.330 | p_IinG = -2.510,-1.779,0.367 | dist = 29.51 (meters)
bg = -0.0071,0.0205,0.0768 | ba = -0.0438,0.1251,0.1166
camera-imu timeoffset = -0.00004
cam0 intrinsics = 462.600,461.987,367.130,244.968 | -0.277,0.068,0.001,0.000
cam1 intrinsics = 461.690,461.229,379.681,251.832 | -0.278,0.070,0.000,0.000
cam0 extrinsics = -0.005,0.009,0.702,0.712 | 0.060,-0.017,0.012
cam1 extrinsics = 0.001,0.014,0.703,0.711 | -0.053,-0.018,0.012
q_GtoI = 0.604,-0.589,0.421,0.332 | p_IinG = -2.521,-1.791,0.371 | dist = 29.52 (meters)
bg = -0.0071,0.0205,0.0768 | ba = -0.0435,0.1253,0.1172
camera-imu timeoffset = -0.00004
cam0 intrinsics = 462.607,462.002,367.131,244.964 | -0.277,0.068,0.001,0.000
cam1 intrinsics = 461.695,461.242,379.680,251.829 | -0.278,0.070,0.000,0.000
cam0 extrinsics = -0.005,0.009,0.702,0.712 | 0.060,-0.017,0.012
cam1 extrinsics = 0.001,0.014,0.703,0.711 | -0.053,-0.018,0.012
q_GtoI = 0.610,-0.586,0.413,0.338 | p_IinG = -2.534,-1.804,0.380 | dist = 29.55 (meters)
bg = -0.0069,0.0203,0.0769 | ba = -0.0418,0.1262,0.1180
camera-imu timeoffset = -0.00004
cam0 intrinsics = 462.608,462.006,367.121,244.949 | -0.277,0.068,0.001,0.000
cam1 intrinsics = 461.693,461.240,379.666,251.811 | -0.278,0.070,0.000,0.000
cam0 extrinsics = -0.005,0.009,0.702,0.712 | 0.060,-0.017,0.012
cam1 extrinsics = 0.001,0.014,0.703,0.711 | -0.052,-0.017,0.012
q_GtoI = 0.615,-0.582,0.406,0.345 | p_IinG = -2.548,-1.820,0.392 | dist = 29.57 (meters)
bg = -0.0068,0.0203,0.0769 | ba = -0.0408,0.1266,0.1177
camera-imu timeoffset = -0.00004
cam0 intrinsics = 462.609,462.016,367.121,244.941 | -0.277,0.068,0.001,0.000
cam1 intrinsics = 461.692,461.248,379.667,251.805 | -0.278,0.070,0.000,0.000
cam0 extrinsics = -0.005,0.009,0.702,0.712 | 0.060,-0.017,0.012
cam1 extrinsics = 0.001,0.014,0.703,0.711 | -0.052,-0.017,0.012
q_GtoI = 0.620,-0.579,0.399,0.349 | p_IinG = -2.562,-1.840,0.406 | dist = 29.60 (meters)
bg = -0.0068,0.0203,0.0770 | ba = -0.0405,0.1274,0.1168
camera-imu timeoffset = -0.00004
cam0 intrinsics = 462.607,462.022,367.118,244.932 | -0.277,0.068,0.001,0.000
cam1 intrinsics = 461.688,461.251,379.668,251.800 | -0.278,0.070,0.000,0.000
cam0 extrinsics = -0.005,0.009,0.702,0.712 | 0.060,-0.017,0.012
cam1 extrinsics = 0.001,0.014,0.703,0.711 | -0.052,-0.018,0.012
q_GtoI = 0.624,-0.579,0.391,0.350 | p_IinG = -2.577,-1.862,0.417 | dist = 29.63 (meters)
bg = -0.0068,0.0203,0.0770 | ba = -0.0402,0.1280,0.1154
camera-imu timeoffset = -0.00004
cam0 intrinsics = 462.608,462.025,367.114,244.928 | -0.277,0.068,0.001,0.000
cam1 intrinsics = 461.687,461.250,379.663,251.796 | -0.278,0.070,0.000,0.000
cam0 extrinsics = -0.005,0.009,0.702,0.712 | 0.060,-0.017,0.012
cam1 extrinsics = 0.001,0.014,0.703,0.711 | -0.052,-0.018,0.012
q_GtoI = 0.628,-0.580,0.384,0.349 | p_IinG = -2.591,-1.887,0.426 | dist = 29.66 (meters)
bg = -0.0067,0.0204,0.0770 | ba = -0.0380,0.1280,0.1134
camera-imu timeoffset = -0.00003
cam0 intrinsics = 462.606,462.024,367.114,244.940 | -0.277,0.068,0.001,0.000
cam1 intrinsics = 461.684,461.247,379.668,251.806 | -0.278,0.070,0.000,0.000
cam0 extrinsics = -0.005,0.009,0.702,0.712 | 0.060,-0.017,0.012
cam1 extrinsics = 0.001,0.014,0.703,0.711 | -0.052,-0.018,0.012
q_GtoI = 0.631,-0.582,0.378,0.346 | p_IinG = -2.604,-1.914,0.433 | dist = 29.69 (meters)
bg = -0.0067,0.0205,0.0769 | ba = -0.0365,0.1271,0.1117
camera-imu timeoffset = -0.00004
cam0 intrinsics = 462.610,462.024,367.110,244.939 | -0.277,0.068,0.001,0.000
cam1 intrinsics = 461.686,461.244,379.663,251.806 | -0.278,0.070,0.000,0.000
cam0 extrinsics = -0.005,0.009,0.702,0.712 | 0.060,-0.017,0.012
cam1 extrinsics = 0.001,0.014,0.703,0.711 | -0.052,-0.018,0.012
q_GtoI = 0.634,-0.583,0.375,0.344 | p_IinG = -2.617,-1.945,0.438 | dist = 29.72 (meters)
bg = -0.0067,0.0206,0.0769 | ba = -0.0346,0.1256,0.1098
camera-imu timeoffset = -0.00004
cam0 intrinsics = 462.615,462.016,367.104,244.948 | -0.277,0.068,0.001,0.000
cam1 intrinsics = 461.691,461.236,379.659,251.812 | -0.278,0.070,0.000,0.000
cam0 extrinsics = -0.005,0.009,0.702,0.712 | 0.060,-0.017,0.012
cam1 extrinsics = 0.001,0.014,0.703,0.711 | -0.053,-0.018,0.012
q_GtoI = 0.634,-0.584,0.373,0.344 | p_IinG = -2.630,-1.980,0.446 | dist = 29.76 (meters)
bg = -0.0067,0.0207,0.0769 | ba = -0.0331,0.1249,0.1085
camera-imu timeoffset = -0.00005
cam0 intrinsics = 462.612,462.015,367.099,244.952 | -0.277,0.068,0.001,0.000
cam1 intrinsics = 461.686,461.233,379.656,251.819 | -0.279,0.070,0.000,0.000
cam0 extrinsics = -0.005,0.009,0.702,0.712 | 0.060,-0.017,0.012
cam1 extrinsics = 0.001,0.014,0.703,0.711 | -0.053,-0.018,0.012
q_GtoI = 0.634,-0.584,0.373,0.343 | p_IinG = -2.641,-2.018,0.458 | dist = 29.80 (meters)
bg = -0.0066,0.0208,0.0770 | ba = -0.0313,0.1240,0.1083
camera-imu timeoffset = -0.00005
cam0 intrinsics = 462.606,462.019,367.086,244.958 | -0.277,0.068,0.001,0.000
cam1 intrinsics = 461.681,461.237,379.658,251.830 | -0.279,0.070,0.000,0.000
cam0 extrinsics = -0.005,0.009,0.702,0.712 | 0.060,-0.017,0.012
cam1 extrinsics = 0.001,0.014,0.703,0.711 | -0.053,-0.018,0.012
q_GtoI = 0.632,-0.584,0.376,0.343 | p_IinG = -2.652,-2.061,0.473 | dist = 29.85 (meters)
bg = -0.0066,0.0209,0.0771 | ba = -0.0309,0.1232,0.1074
camera-imu timeoffset = -0.00005
cam0 intrinsics = 462.597,462.008,367.075,244.966 | -0.277,0.068,0.001,0.000
cam1 intrinsics = 461.669,461.222,379.652,251.840 | -0.279,0.070,0.000,0.000
cam0 extrinsics = -0.005,0.009,0.702,0.712 | 0.060,-0.017,0.012
cam1 extrinsics = 0.001,0.014,0.703,0.711 | -0.053,-0.018,0.012
q_GtoI = 0.630,-0.584,0.379,0.344 | p_IinG = -2.661,-2.108,0.492 | dist = 29.90 (meters)
bg = -0.0065,0.0210,0.0771 | ba = -0.0301,0.1228,0.1064
camera-imu timeoffset = -0.00005
cam0 intrinsics = 462.585,461.998,367.065,244.975 | -0.277,0.068,0.001,0.000
cam1 intrinsics = 461.655,461.210,379.648,251.852 | -0.279,0.070,0.000,0.000
cam0 extrinsics = -0.005,0.009,0.702,0.712 | 0.060,-0.017,0.012
cam1 extrinsics = 0.001,0.014,0.703,0.711 | -0.053,-0.018,0.012
q_GtoI = 0.629,-0.582,0.382,0.346 | p_IinG = -2.670,-2.158,0.514 | dist = 29.95 (meters)
bg = -0.0063,0.0212,0.0770 | ba = -0.0290,0.1224,0.1070
camera-imu timeoffset = -0.00005
cam0 intrinsics = 462.581,462.008,367.065,244.982 | -0.277,0.068,0.001,0.000
cam1 intrinsics = 461.647,461.218,379.649,251.862 | -0.279,0.070,0.000,0.000
cam0 extrinsics = -0.005,0.009,0.702,0.712 | 0.060,-0.018,0.012
cam1 extrinsics = 0.001,0.014,0.703,0.711 | -0.053,-0.018,0.012
q_GtoI = 0.627,-0.581,0.385,0.347 | p_IinG = -2.678,-2.212,0.535 | dist = 30.01 (meters)
bg = -0.0063,0.0214,0.0770 | ba = -0.0273,0.1228,0.1058
camera-imu timeoffset = -0.00005
cam0 intrinsics = 462.570,462.000,367.064,244.996 | -0.277,0.068,0.001,0.000
cam1 intrinsics = 461.633,461.208,379.650,251.878 | -0.278,0.070,0.000,0.000
cam0 extrinsics = -0.005,0.009,0.702,0.712 | 0.059,-0.018,0.013
cam1 extrinsics = 0.001,0.014,0.703,0.711 | -0.053,-0.018,0.012
q_GtoI = 0.627,-0.579,0.387,0.349 | p_IinG = -2.686,-2.268,0.554 | dist = 30.07 (meters)
bg = -0.0063,0.0215,0.0769 | ba = -0.0255,0.1233,0.1038
camera-imu timeoffset = -0.00005
cam0 intrinsics = 462.561,461.995,367.060,245.010 | -0.277,0.068,0.001,0.000
cam1 intrinsics = 461.625,461.205,379.652,251.895 | -0.278,0.070,0.000,0.000
cam0 extrinsics = -0.005,0.009,0.702,0.712 | 0.059,-0.018,0.013
cam1 extrinsics = 0.001,0.014,0.703,0.711 | -0.053,-0.018,0.013
q_GtoI = 0.627,-0.576,0.389,0.352 | p_IinG = -2.693,-2.328,0.568 | dist = 30.13 (meters)
bg = -0.0062,0.0216,0.0769 | ba = -0.0234,0.1227,0.1016
camera-imu timeoffset = -0.00005
cam0 intrinsics = 462.557,462.000,367.061,245.019 | -0.277,0.068,0.001,0.000
cam1 intrinsics = 461.621,461.209,379.651,251.906 | -0.278,0.070,0.000,0.000
cam0 extrinsics = -0.005,0.009,0.702,0.712 | 0.059,-0.018,0.013
cam1 extrinsics = 0.001,0.014,0.703,0.711 | -0.053,-0.019,0.013
q_GtoI = 0.627,-0.573,0.390,0.354 | p_IinG = -2.699,-2.388,0.580 | dist = 30.19 (meters)
bg = -0.0062,0.0217,0.0769 | ba = -0.0218,0.1218,0.1008
camera-imu timeoffset = -0.00004
cam0 intrinsics = 462.559,462.012,367.066,245.027 | -0.277,0.068,0.001,0.000
cam1 intrinsics = 461.622,461.219,379.651,251.917 | -0.278,0.070,0.000,0.000
cam0 extrinsics = -0.005,0.009,0.702,0.712 | 0.059,-0.018,0.013
cam1 extrinsics = 0.001,0.014,0.703,0.711 | -0.053,-0.019,0.013
q_GtoI = 0.628,-0.569,0.392,0.357 | p_IinG = -2.705,-2.450,0.587 | dist = 30.26 (meters)
bg = -0.0062,0.0218,0.0769 | ba = -0.0198,0.1204,0.1004
camera-imu timeoffset = -0.00004
cam0 intrinsics = 462.565,462.030,367.074,245.022 | -0.277,0.069,0.001,0.000
cam1 intrinsics = 461.626,461.233,379.649,251.912 | -0.279,0.070,0.000,0.000
cam0 extrinsics = -0.005,0.009,0.702,0.712 | 0.059,-0.018,0.013
cam1 extrinsics = 0.001,0.014,0.703,0.711 | -0.053,-0.019,0.013
q_GtoI = 0.630,-0.566,0.392,0.360 | p_IinG = -2.709,-2.513,0.591 | dist = 30.32 (meters)
bg = -0.0061,0.0218,0.0767 | ba = -0.0176,0.1202,0.0996
camera-imu timeoffset = -0.00004
cam0 intrinsics = 462.571,462.040,367.082,245.010 | -0.277,0.069,0.001,0.000
cam1 intrinsics = 461.631,461.242,379.650,251.901 | -0.279,0.070,0.000,0.000
cam0 extrinsics = -0.005,0.009,0.702,0.712 | 0.059,-0.018,0.013
cam1 extrinsics = 0.001,0.014,0.703,0.711 | -0.053,-0.019,0.013
q_GtoI = 0.630,-0.563,0.394,0.362 | p_IinG = -2.713,-2.578,0.592 | dist = 30.38 (meters)
bg = -0.0060,0.0216,0.0766 | ba = -0.0163,0.1195,0.1001
camera-imu timeoffset = -0.00004
cam0 intrinsics = 462.575,462.049,367.078,244.997 | -0.277,0.069,0.001,0.000
cam1 intrinsics = 461.635,461.250,379.641,251.892 | -0.279,0.070,0.000,0.000
cam0 extrinsics = -0.005,0.009,0.702,0.712 | 0.059,-0.018,0.013
cam1 extrinsics = 0.001,0.014,0.703,0.711 | -0.053,-0.019,0.013
q_GtoI = 0.629,-0.560,0.398,0.364 | p_IinG = -2.716,-2.644,0.593 | dist = 30.45 (meters)
bg = -0.0059,0.0215,0.0766 | ba = -0.0163,0.1187,0.1001
camera-imu timeoffset = -0.00004
cam0 intrinsics = 462.575,462.052,367.076,244.997 | -0.277,0.069,0.001,0.000
cam1 intrinsics = 461.633,461.251,379.639,251.891 | -0.279,0.070,0.000,0.000
cam0 extrinsics = -0.005,0.009,0.702,0.712 | 0.059,-0.019,0.013
cam1 extrinsics = 0.001,0.014,0.703,0.711 | -0.053,-0.019,0.013
q_GtoI = 0.627,-0.555,0.404,0.368 | p_IinG = -2.717,-2.712,0.598 | dist = 30.52 (meters)
bg = -0.0056,0.0216,0.0765 | ba = -0.0186,0.1192,0.1016
camera-imu timeoffset = -0.00004
cam0 intrinsics = 462.572,462.060,367.087,244.983 | -0.277,0.069,0.001,0.000
cam1 intrinsics = 461.630,461.257,379.635,251.876 | -0.279,0.070,0.000,0.000
cam0 extrinsics = -0.005,0.009,0.702,0.712 | 0.059,-0.019,0.013
cam1 extrinsics = 0.001,0.014,0.703,0.711 | -0.053,-0.019,0.013
q_GtoI = 0.624,-0.551,0.410,0.372 | p_IinG = -2.716,-2.781,0.601 | dist = 30.59 (meters)
bg = -0.0053,0.0217,0.0764 | ba = -0.0185,0.1201,0.1016
camera-imu timeoffset = -0.00004
cam0 intrinsics = 462.569,462.062,367.091,244.984 | -0.277,0.069,0.001,0.000
cam1 intrinsics = 461.627,461.258,379.641,251.878 | -0.279,0.070,0.000,0.000
cam0 extrinsics = -0.005,0.009,0.702,0.712 | 0.059,-0.019,0.013
cam1 extrinsics = 0.001,0.014,0.703,0.711 | -0.053,-0.019,0.013
q_GtoI = 0.621,-0.546,0.417,0.378 | p_IinG = -2.717,-2.851,0.604 | dist = 30.66 (meters)
bg = -0.0053,0.0218,0.0763 | ba = -0.0174,0.1192,0.1004
camera-imu timeoffset = -0.00004
cam0 intrinsics = 462.565,462.059,367.092,244.983 | -0.277,0.069,0.001,0.000
cam1 intrinsics = 461.621,461.254,379.642,251.876 | -0.279,0.070,0.000,0.000
cam0 extrinsics = -0.005,0.009,0.702,0.712 | 0.059,-0.019,0.013
cam1 extrinsics = 0.001,0.014,0.703,0.711 | -0.053,-0.019,0.013
q_GtoI = 0.616,-0.542,0.426,0.382 | p_IinG = -2.716,-2.920,0.607 | dist = 30.73 (meters)
bg = -0.0052,0.0219,0.0761 | ba = -0.0166,0.1190,0.0995
camera-imu timeoffset = -0.00004
cam0 intrinsics = 462.563,462.060,367.092,244.981 | -0.277,0.069,0.001,0.000
cam1 intrinsics = 461.619,461.254,379.641,251.874 | -0.279,0.070,0.000,0.000
cam0 extrinsics = -0.005,0.009,0.702,0.712 | 0.059,-0.019,0.013
cam1 extrinsics = 0.001,0.014,0.703,0.711 | -0.053,-0.019,0.013
q_GtoI = 0.611,-0.535,0.435,0.388 | p_IinG = -2.713,-2.988,0.612 | dist = 30.79 (meters)
bg = -0.0050,0.0220,0.0761 | ba = -0.0158,0.1194,0.0988
camera-imu timeoffset = -0.00004
cam0 intrinsics = 462.561,462.060,367.090,244.971 | -0.277,0.069,0.001,0.000
cam1 intrinsics = 461.619,461.256,379.639,251.865 | -0.279,0.070,0.000,0.000
cam0 extrinsics = -0.005,0.009,0.702,0.712 | 0.059,-0.019,0.013
cam1 extrinsics = 0.001,0.014,0.703,0.711 | -0.053,-0.019,0.013
q_GtoI = 0.605,-0.528,0.445,0.397 | p_IinG = -2.710,-3.055,0.619 | dist = 30.86 (meters)
bg = -0.0049,0.0219,0.0762 | ba = -0.0157,0.1194,0.0977
camera-imu timeoffset = -0.00004
cam0 intrinsics = 462.568,462.072,367.089,244.969 | -0.277,0.069,0.001,0.000
cam1 intrinsics = 461.626,461.268,379.638,251.865 | -0.279,0.070,0.000,0.000
cam0 extrinsics = -0.005,0.009,0.702,0.712 | 0.059,-0.019,0.013
cam1 extrinsics = 0.001,0.014,0.703,0.711 | -0.053,-0.019,0.013
q_GtoI = 0.598,-0.520,0.455,0.407 | p_IinG = -2.707,-3.119,0.627 | dist = 30.93 (meters)
bg = -0.0049,0.0219,0.0761 | ba = -0.0159,0.1195,0.0979
camera-imu timeoffset = -0.00004
cam0 intrinsics = 462.574,462.081,367.086,244.973 | -0.277,0.069,0.001,0.000
cam1 intrinsics = 461.631,461.276,379.634,251.871 | -0.279,0.070,0.000,0.000
cam0 extrinsics = -0.005,0.009,0.702,0.712 | 0.059,-0.019,0.013
cam1 extrinsics = 0.001,0.014,0.703,0.711 | -0.053,-0.019,0.013
q_GtoI = 0.590,-0.509,0.465,0.419 | p_IinG = -2.704,-3.182,0.638 | dist = 30.99 (meters)
bg = -0.0049,0.0221,0.0765 | ba = -0.0169,0.1179,0.0975
camera-imu timeoffset = -0.00004
cam0 intrinsics = 462.592,462.082,367.076,244.974 | -0.277,0.069,0.001,0.000
cam1 intrinsics = 461.652,461.280,379.626,251.870 | -0.279,0.070,0.000,0.000
cam0 extrinsics = -0.005,0.009,0.702,0.712 | 0.059,-0.019,0.013
cam1 extrinsics = 0.001,0.014,0.703,0.711 | -0.053,-0.019,0.013
q_GtoI = 0.581,-0.501,0.477,0.429 | p_IinG = -2.700,-3.238,0.648 | dist = 31.05 (meters)
bg = -0.0049,0.0222,0.0764 | ba = -0.0149,0.1177,0.0990
camera-imu timeoffset = -0.00003
cam0 intrinsics = 462.592,462.074,367.081,244.969 | -0.277,0.069,0.001,0.000
cam1 intrinsics = 461.653,461.272,379.631,251.864 | -0.279,0.070,0.000,0.000
cam0 extrinsics = -0.005,0.009,0.702,0.712 | 0.059,-0.019,0.013
cam1 extrinsics = 0.001,0.014,0.703,0.711 | -0.053,-0.019,0.013
q_GtoI = 0.572,-0.493,0.488,0.438 | p_IinG = -2.696,-3.291,0.658 | dist = 31.10 (meters)
bg = -0.0050,0.0222,0.0762 | ba = -0.0132,0.1174,0.0993
camera-imu timeoffset = -0.00003
cam0 intrinsics = 462.597,462.077,367.086,244.955 | -0.277,0.069,0.001,0.000
cam1 intrinsics = 461.659,461.275,379.635,251.854 | -0.279,0.070,0.000,0.000
cam0 extrinsics = -0.005,0.009,0.702,0.712 | 0.059,-0.018,0.013
cam1 extrinsics = 0.001,0.014,0.703,0.711 | -0.053,-0.019,0.013
q_GtoI = 0.564,-0.485,0.497,0.446 | p_IinG = -2.691,-3.337,0.668 | dist = 31.15 (meters)
bg = -0.0050,0.0221,0.0759 | ba = -0.0114,0.1175,0.1002
camera-imu timeoffset = -0.00003
cam0 intrinsics = 462.602,462.082,367.092,244.960 | -0.277,0.069,0.001,0.000
cam1 intrinsics = 461.665,461.280,379.644,251.859 | -0.279,0.070,0.000,0.000
cam0 extrinsics = -0.005,0.010,0.702,0.712 | 0.059,-0.018,0.013
cam1 extrinsics = 0.001,0.014,0.703,0.711 | -0.053,-0.019,0.013
q_GtoI = 0.557,-0.480,0.505,0.452 | p_IinG = -2.686,-3.377,0.677 | dist = 31.19 (meters)
bg = -0.0049,0.0221,0.0758 | ba = -0.0099,0.1176,0.1004
camera-imu timeoffset = -0.00003
cam0 intrinsics = 462.608,462.089,367.098,244.962 | -0.277,0.069,0.001,0.000
cam1 intrinsics = 461.672,461.287,379.649,251.863 | -0.279,0.070,0.000,0.000
cam0 extrinsics = -0.005,0.010,0.702,0.712 | 0.059,-0.018,0.013
cam1 extrinsics = 0.001,0.014,0.703,0.711 | -0.053,-0.019,0.013
q_GtoI = 0.551,-0.476,0.512,0.456 | p_IinG = -2.684,-3.409,0.687 | dist = 31.23 (meters)
bg = -0.0051,0.0220,0.0753 | ba = -0.0097,0.1168,0.1014
camera-imu timeoffset = -0.00003
cam0 intrinsics = 462.617,462.100,367.089,244.951 | -0.277,0.069,0.001,0.000
cam1 intrinsics = 461.682,461.296,379.645,251.855 | -0.279,0.070,0.000,0.000
cam0 extrinsics = -0.005,0.010,0.702,0.712 | 0.059,-0.018,0.013
cam1 extrinsics = 0.001,0.014,0.703,0.711 | -0.053,-0.019,0.013
q_GtoI = 0.545,-0.471,0.519,0.461 | p_IinG = -2.679,-3.434,0.698 | dist = 31.26 (meters)
bg = -0.0051,0.0219,0.0751 | ba = -0.0088,0.1170,0.1020
camera-imu timeoffset = -0.00003
cam0 intrinsics = 462.622,462.105,367.091,244.946 | -0.277,0.069,0.001,0.000
cam1 intrinsics = 461.687,461.302,379.647,251.852 | -0.279,0.070,0.000,0.000
cam0 extrinsics = -0.005,0.010,0.702,0.712 | 0.059,-0.018,0.013
cam1 extrinsics = 0.001,0.014,0.703,0.711 | -0.053,-0.019,0.013
q_GtoI = 0.538,-0.466,0.527,0.466 | p_IinG = -2.675,-3.449,0.709 | dist = 31.28 (meters)
bg = -0.0051,0.0218,0.0750 | ba = -0.0081,0.1177,0.1029
camera-imu timeoffset = -0.00003
cam0 intrinsics = 462.629,462.113,367.095,244.943 | -0.277,0.069,0.001,0.000
cam1 intrinsics = 461.695,461.310,379.651,251.848 | -0.279,0.070,0.000,0.000
cam0 extrinsics = -0.005,0.010,0.702,0.712 | 0.059,-0.018,0.013
cam1 extrinsics = 0.001,0.014,0.703,0.711 | -0.053,-0.019,0.013
q_GtoI = 0.531,-0.461,0.535,0.469 | p_IinG = -2.671,-3.454,0.722 | dist = 31.30 (meters)
bg = -0.0052,0.0217,0.0747 | ba = -0.0090,0.1182,0.1052
camera-imu timeoffset = -0.00003
cam0 intrinsics = 462.632,462.112,367.099,244.942 | -0.277,0.069,0.001,0.000
cam1 intrinsics = 461.698,461.310,379.658,251.848 | -0.279,0.070,0.000,0.000
cam0 extrinsics = -0.005,0.010,0.702,0.712 | 0.059,-0.018,0.014
cam1 extrinsics = 0.001,0.014,0.703,0.711 | -0.053,-0.019,0.013
q_GtoI = 0.525,-0.457,0.541,0.472 | p_IinG = -2.668,-3.450,0.735 | dist = 31.31 (meters)
bg = -0.0054,0.0216,0.0747 | ba = -0.0098,0.1182,0.1063
camera-imu timeoffset = -0.00003
cam0 intrinsics = 462.638,462.119,367.102,244.942 | -0.277,0.069,0.001,0.000
cam1 intrinsics = 461.704,461.316,379.662,251.846 | -0.279,0.070,0.000,0.000
cam0 extrinsics = -0.005,0.010,0.702,0.712 | 0.059,-0.018,0.014
cam1 extrinsics = 0.001,0.014,0.703,0.711 | -0.053,-0.019,0.013
q_GtoI = 0.520,-0.453,0.546,0.476 | p_IinG = -2.665,-3.432,0.748 | dist = 31.33 (meters)
bg = -0.0054,0.0212,0.0747 | ba = -0.0109,0.1187,0.1083
camera-imu timeoffset = -0.00003
cam0 intrinsics = 462.645,462.129,367.107,244.948 | -0.277,0.069,0.001,0.000
cam1 intrinsics = 461.711,461.327,379.658,251.855 | -0.279,0.070,0.000,0.000
cam0 extrinsics = -0.005,0.010,0.702,0.712 | 0.059,-0.018,0.014
cam1 extrinsics = 0.001,0.014,0.703,0.711 | -0.053,-0.019,0.014
q_GtoI = 0.517,-0.451,0.548,0.479 | p_IinG = -2.663,-3.403,0.760 | dist = 31.36 (meters)
bg = -0.0055,0.0205,0.0745 | ba = -0.0132,0.1204,0.1099
camera-imu timeoffset = -0.00004
cam0 intrinsics = 462.655,462.150,367.082,244.916 | -0.277,0.069,0.001,0.000
cam1 intrinsics = 461.718,461.347,379.623,251.813 | -0.279,0.070,0.000,0.000
cam0 extrinsics = -0.005,0.010,0.702,0.712 | 0.059,-0.018,0.014
cam1 extrinsics = 0.001,0.014,0.703,0.711 | -0.053,-0.018,0.014
q_GtoI = 0.518,-0.452,0.546,0.479 | p_IinG = -2.661,-3.366,0.773 | dist = 31.39 (meters)
bg = -0.0054,0.0201,0.0745 | ba = -0.0160,0.1224,0.1100
camera-imu timeoffset = -0.00005
cam0 intrinsics = 462.654,462.152,367.081,244.919 | -0.277,0.069,0.001,0.000
cam1 intrinsics = 461.718,461.350,379.620,251.815 | -0.279,0.070,0.000,0.000
cam0 extrinsics = -0.005,0.010,0.702,0.712 | 0.059,-0.018,0.014
cam1 extrinsics = 0.001,0.014,0.703,0.711 | -0.053,-0.018,0.014
q_GtoI = 0.525,-0.459,0.537,0.475 | p_IinG = -2.660,-3.319,0.788 | dist = 31.44 (meters)
bg = -0.0055,0.0200,0.0743 | ba = -0.0197,0.1250,0.1105
camera-imu timeoffset = -0.00006
cam0 intrinsics = 462.646,462.139,367.067,244.907 | -0.277,0.069,0.001,0.000
cam1 intrinsics = 461.713,461.341,379.614,251.811 | -0.279,0.070,0.001,0.000
cam0 extrinsics = -0.005,0.010,0.702,0.712 | 0.059,-0.018,0.015
cam1 extrinsics = 0.001,0.014,0.703,0.711 | -0.053,-0.018,0.015
q_GtoI = 0.537,-0.472,0.523,0.465 | p_IinG = -2.658,-3.263,0.805 | dist = 31.50 (meters)
bg = -0.0053,0.0201,0.0742 | ba = -0.0261,0.1293,0.1110
camera-imu timeoffset = -0.00007
cam0 intrinsics = 462.617,462.111,367.061,244.877 | -0.277,0.069,0.001,0.000
cam1 intrinsics = 461.686,461.317,379.611,251.806 | -0.279,0.070,0.001,0.000
cam0 extrinsics = -0.005,0.010,0.702,0.712 | 0.059,-0.018,0.016
cam1 extrinsics = 0.001,0.014,0.703,0.711 | -0.053,-0.018,0.016
q_GtoI = 0.551,-0.488,0.505,0.451 | p_IinG = -2.658,-3.201,0.820 | dist = 31.56 (meters)
bg = -0.0055,0.0201,0.0746 | ba = -0.0306,0.1340,0.1092
camera-imu timeoffset = -0.00008
cam0 intrinsics = 462.607,462.078,367.076,244.868 | -0.277,0.069,0.001,0.000
cam1 intrinsics = 461.677,461.283,379.618,251.806 | -0.279,0.070,0.001,0.000
cam0 extrinsics = -0.005,0.010,0.702,0.712 | 0.059,-0.018,0.017
cam1 extrinsics = 0.001,0.014,0.703,0.711 | -0.053,-0.018,0.017
q_GtoI = 0.566,-0.502,0.487,0.437 | p_IinG = -2.660,-3.131,0.834 | dist = 31.63 (meters)
bg = -0.0056,0.0199,0.0752 | ba = -0.0343,0.1368,0.1078
camera-imu timeoffset = -0.00007
cam0 intrinsics = 462.593,462.050,367.086,244.879 | -0.277,0.069,0.001,0.000
cam1 intrinsics = 461.661,461.252,379.628,251.821 | -0.279,0.070,0.001,0.000
cam0 extrinsics = -0.005,0.010,0.702,0.712 | 0.059,-0.017,0.018
cam1 extrinsics = 0.001,0.014,0.703,0.711 | -0.053,-0.018,0.018
q_GtoI = 0.579,-0.516,0.469,0.423 | p_IinG = -2.663,-3.054,0.848 | dist = 31.71 (meters)
bg = -0.0058,0.0199,0.0760 | ba = -0.0368,0.1391,0.1070
camera-imu timeoffset = -0.00007
cam0 intrinsics = 462.597,462.044,367.096,244.886 | -0.277,0.069,0.001,0.000
cam1 intrinsics = 461.664,461.247,379.648,251.838 | -0.279,0.070,0.001,0.000
cam0 extrinsics = -0.005,0.010,0.702,0.712 | 0.059,-0.017,0.018
cam1 extrinsics = 0.000,0.014,0.703,0.711 | -0.053,-0.018,0.018
q_GtoI = 0.591,-0.529,0.451,0.409 | p_IinG = -2.664,-2.978,0.865 | dist = 31.78 (meters)
bg = -0.0058,0.0198,0.0761 | ba = -0.0418,0.1395,0.1054
camera-imu timeoffset = -0.00006
cam0 intrinsics = 462.571,462.001,367.100,244.888 | -0.277,0.068,0.001,0.000
cam1 intrinsics = 461.638,461.203,379.647,251.844 | -0.279,0.070,0.001,0.000
cam0 extrinsics = -0.005,0.010,0.702,0.712 | 0.059,-0.017,0.019
cam1 extrinsics = 0.000,0.014,0.703,0.711 | -0.053,-0.018,0.019
q_GtoI = 0.603,-0.542,0.433,0.394 | p_IinG = -2.665,-2.899,0.879 | dist = 31.87 (meters)
bg = -0.0059,0.0198,0.0763 | ba = -0.0435,0.1410,0.1051
camera-imu timeoffset = -0.00006
cam0 intrinsics = 462.553,461.981,367.108,244.890 | -0.277,0.068,0.001,0.000
cam1 intrinsics = 461.620,461.182,379.651,251.850 | -0.278,0.070,0.001,0.000
cam0 extrinsics = -0.005,0.010,0.702,0.712 | 0.059,-0.017,0.019
cam1 extrinsics = 0.000,0.014,0.703,0.711 | -0.053,-0.018,0.019
q_GtoI = 0.614,-0.553,0.416,0.379 | p_IinG = -2.666,-2.819,0.893 | dist = 31.95 (meters)
bg = -0.0058,0.0197,0.0764 | ba = -0.0444,0.1414,0.1052
camera-imu timeoffset = -0.00005
cam0 intrinsics = 462.544,461.973,367.112,244.887 | -0.277,0.068,0.001,0.000
cam1 intrinsics = 461.612,461.173,379.653,251.850 | -0.278,0.070,0.001,0.000
cam0 extrinsics = -0.005,0.010,0.702,0.712 | 0.059,-0.017,0.019
cam1 extrinsics = 0.000,0.015,0.703,0.711 | -0.053,-0.018,0.019
q_GtoI = 0.624,-0.564,0.399,0.364 | p_IinG = -2.666,-2.739,0.907 | dist = 32.03 (meters)
bg = -0.0058,0.0197,0.0767 | ba = -0.0458,0.1421,0.1057
camera-imu timeoffset = -0.00006
cam0 intrinsics = 462.538,461.968,367.116,244.883 | -0.277,0.068,0.001,0.000
cam1 intrinsics = 461.606,461.167,379.657,251.848 | -0.278,0.070,0.001,0.000
cam0 extrinsics = -0.005,0.010,0.702,0.712 | 0.059,-0.017,0.020
cam1 extrinsics = 0.000,0.015,0.703,0.711 | -0.053,-0.018,0.019
q_GtoI = 0.633,-0.576,0.384,0.348 | p_IinG = -2.665,-2.661,0.920 | dist = 32.10 (meters)
bg = -0.0058,0.0196,0.0768 | ba = -0.0458,0.1425,0.1064
camera-imu timeoffset = -0.00006
cam0 intrinsics = 462.536,461.966,367.115,244.876 | -0.277,0.068,0.001,0.000
cam1 intrinsics = 461.604,461.165,379.658,251.840 | -0.278,0.070,0.001,0.000
cam0 extrinsics = -0.005,0.010,0.702,0.712 | 0.059,-0.018,0.020
cam1 extrinsics = 0.000,0.015,0.703,0.711 | -0.053,-0.018,0.019
q_GtoI = 0.640,-0.588,0.369,0.329 | p_IinG = -2.665,-2.585,0.931 | dist = 32.18 (meters)
bg = -0.0060,0.0195,0.0773 | ba = -0.0445,0.1436,0.1076
camera-imu timeoffset = -0.00006
cam0 intrinsics = 462.580,462.014,367.124,244.898 | -0.277,0.068,0.001,0.000
cam1 intrinsics = 461.649,461.217,379.670,251.856 | -0.278,0.070,0.001,0.000
cam0 extrinsics = -0.005,0.010,0.702,0.712 | 0.059,-0.018,0.019
cam1 extrinsics = 0.000,0.015,0.703,0.711 | -0.053,-0.018,0.019
q_GtoI = 0.645,-0.601,0.356,0.310 | p_IinG = -2.664,-2.516,0.944 | dist = 32.25 (meters)
bg = -0.0060,0.0195,0.0773 | ba = -0.0446,0.1441,0.1081
camera-imu timeoffset = -0.00006
cam0 intrinsics = 462.585,462.023,367.123,244.906 | -0.277,0.068,0.001,0.000
cam1 intrinsics = 461.654,461.226,379.667,251.862 | -0.278,0.070,0.001,0.000
cam0 extrinsics = -0.005,0.010,0.702,0.712 | 0.059,-0.018,0.019
cam1 extrinsics = 0.000,0.015,0.703,0.711 | -0.053,-0.018,0.019
q_GtoI = 0.650,-0.613,0.342,0.290 | p_IinG = -2.663,-2.452,0.956 | dist = 32.31 (meters)
bg = -0.0060,0.0194,0.0773 | ba = -0.0441,0.1448,0.1088
camera-imu timeoffset = -0.00006
cam0 intrinsics = 462.589,462.028,367.121,244.902 | -0.277,0.068,0.001,0.000
cam1 intrinsics = 461.658,461.230,379.668,251.859 | -0.278,0.070,0.001,0.000
cam0 extrinsics = -0.005,0.010,0.702,0.712 | 0.059,-0.018,0.019
cam1 extrinsics = 0.000,0.015,0.703,0.711 | -0.053,-0.018,0.019
q_GtoI = 0.654,-0.624,0.330,0.273 | p_IinG = -2.660,-2.396,0.968 | dist = 32.36 (meters)
bg = -0.0060,0.0192,0.0775 | ba = -0.0433,0.1453,0.1097
camera-imu timeoffset = -0.00007
cam0 intrinsics = 462.594,462.031,367.134,244.871 | -0.277,0.068,0.001,0.000
cam1 intrinsics = 461.666,461.235,379.681,251.832 | -0.278,0.070,0.001,0.000
cam0 extrinsics = -0.005,0.010,0.702,0.712 | 0.059,-0.018,0.019
cam1 extrinsics = 0.000,0.015,0.703,0.711 | -0.053,-0.018,0.019
q_GtoI = 0.658,-0.632,0.317,0.260 | p_IinG = -2.658,-2.349,0.980 | dist = 32.41 (meters)
bg = -0.0058,0.0190,0.0777 | ba = -0.0408,0.1451,0.1097
camera-imu timeoffset = -0.00007
cam0 intrinsics = 462.579,462.013,367.137,244.867 | -0.277,0.068,0.001,0.000
cam1 intrinsics = 461.654,461.221,379.683,251.830 | -0.278,0.070,0.001,0.000
cam0 extrinsics = -0.005,0.010,0.702,0.712 | 0.059,-0.018,0.019
cam1 extrinsics = -0.000,0.015,0.703,0.711 | -0.053,-0.018,0.019
q_GtoI = 0.661,-0.638,0.307,0.250 | p_IinG = -2.660,-2.312,0.992 | dist = 32.44 (meters)
bg = -0.0059,0.0187,0.0777 | ba = -0.0378,0.1432,0.1102
camera-imu timeoffset = -0.00008
cam0 intrinsics = 462.582,462.011,367.154,244.868 | -0.277,0.068,0.001,0.000
cam1 intrinsics = 461.654,461.213,379.691,251.826 | -0.279,0.070,0.001,0.000
cam0 extrinsics = -0.006,0.010,0.702,0.712 | 0.059,-0.018,0.019
cam1 extrinsics = -0.000,0.015,0.703,0.711 | -0.053,-0.018,0.019
q_GtoI = 0.665,-0.640,0.297,0.245 | p_IinG = -2.659,-2.287,1.006 | dist = 32.47 (meters)
bg = -0.0059,0.0182,0.0779 | ba = -0.0360,0.1446,0.1105
camera-imu timeoffset = -0.00009
cam0 intrinsics = 462.498,461.923,367.156,244.826 | -0.277,0.068,0.001,0.000
cam1 intrinsics = 461.572,461.126,379.688,251.793 | -0.279,0.070,0.001,0.000
cam0 extrinsics = -0.006,0.010,0.702,0.712 | 0.059,-0.018,0.019
cam1 extrinsics = -0.000,0.015,0.703,0.711 | -0.053,-0.018,0.019
q_GtoI = 0.669,-0.640,0.288,0.243 | p_IinG = -2.660,-2.276,1.025 | dist = 32.50 (meters)
bg = -0.0060,0.0180,0.0778 | ba = -0.0355,0.1445,0.1108
camera-imu timeoffset = -0.00009
cam0 intrinsics = 462.498,461.919,367.159,244.828 | -0.277,0.068,0.001,0.000
cam1 intrinsics = 461.571,461.120,379.689,251.794 | -0.279,0.070,0.001,0.000
cam0 extrinsics = -0.006,0.010,0.702,0.712 | 0.059,-0.018,0.019
cam1 extrinsics = -0.000,0.015,0.703,0.711 | -0.053,-0.018,0.019
q_GtoI = 0.671,-0.641,0.282,0.244 | p_IinG = -2.655,-2.282,1.054 | dist = 32.52 (meters)
bg = -0.0056,0.0188,0.0774 | ba = -0.0383,0.1458,0.1125
camera-imu timeoffset = -0.00010
cam0 intrinsics = 462.525,461.988,367.145,244.849 | -0.277,0.068,0.001,0.000
cam1 intrinsics = 461.600,461.192,379.672,251.815 | -0.279,0.070,0.001,0.000
cam0 extrinsics = -0.005,0.010,0.702,0.712 | 0.059,-0.018,0.019
cam1 extrinsics = 0.000,0.015,0.703,0.711 | -0.053,-0.018,0.019
q_GtoI = 0.672,-0.639,0.281,0.249 | p_IinG = -2.651,-2.303,1.078 | dist = 32.55 (meters)
bg = -0.0054,0.0187,0.0773 | ba = -0.0365,0.1469,0.1102
camera-imu timeoffset = -0.00010
cam0 intrinsics = 462.510,461.973,367.136,244.848 | -0.277,0.069,0.001,0.000
cam1 intrinsics = 461.582,461.173,379.663,251.810 | -0.279,0.070,0.001,0.000
cam0 extrinsics = -0.005,0.010,0.702,0.712 | 0.059,-0.018,0.019
cam1 extrinsics = 0.000,0.015,0.703,0.711 | -0.053,-0.018,0.019
q_GtoI = 0.670,-0.634,0.286,0.259 | p_IinG = -2.649,-2.337,1.106 | dist = 32.60 (meters)
bg = -0.0054,0.0187,0.0773 | ba = -0.0361,0.1473,0.1088
camera-imu timeoffset = -0.00010
cam0 intrinsics = 462.501,461.967,367.140,244.841 | -0.277,0.069,0.001,0.000
cam1 intrinsics = 461.572,461.165,379.664,251.802 | -0.279,0.070,0.001,0.000
cam0 extrinsics = -0.005,0.010,0.702,0.712 | 0.059,-0.018,0.019
cam1 extrinsics = 0.000,0.015,0.703,0.711 | -0.053,-0.019,0.019
q_GtoI = 0.663,-0.628,0.300,0.275 | p_IinG = -2.641,-2.383,1.137 | dist = 32.65 (meters)
bg = -0.0049,0.0185,0.0773 | ba = -0.0356,0.1490,0.1070
camera-imu timeoffset = -0.00009
cam0 intrinsics = 462.496,461.962,367.138,244.831 | -0.277,0.069,0.001,0.000
cam1 intrinsics = 461.565,461.158,379.665,251.789 | -0.279,0.070,0.001,0.000
cam0 extrinsics = -0.005,0.010,0.702,0.712 | 0.059,-0.018,0.019
cam1 extrinsics = 0.000,0.015,0.703,0.711 | -0.053,-0.019,0.019
q_GtoI = 0.652,-0.617,0.323,0.300 | p_IinG = -2.637,-2.441,1.171 | dist = 32.72 (meters)
bg = -0.0049,0.0182,0.0773 | ba = -0.0346,0.1491,0.1043
camera-imu timeoffset = -0.00008
cam0 intrinsics = 462.475,461.939,367.140,244.824 | -0.277,0.069,0.001,0.000
cam1 intrinsics = 461.543,461.135,379.668,251.787 | -0.279,0.070,0.001,0.000
cam0 extrinsics = -0.005,0.010,0.702,0.712 | 0.060,-0.019,0.019
cam1 extrinsics = 0.000,0.015,0.703,0.711 | -0.053,-0.019,0.019
q_GtoI = 0.638,-0.604,0.349,0.326 | p_IinG = -2.634,-2.508,1.209 | dist = 32.80 (meters)
bg = -0.0049,0.0182,0.0773 | ba = -0.0339,0.1495,0.1034
camera-imu timeoffset = -0.00008
cam0 intrinsics = 462.472,461.935,367.145,244.812 | -0.277,0.069,0.001,0.000
cam1 intrinsics = 461.543,461.135,379.676,251.778 | -0.279,0.070,0.001,0.000
cam0 extrinsics = -0.005,0.010,0.702,0.712 | 0.060,-0.019,0.019
cam1 extrinsics = 0.000,0.015,0.703,0.711 | -0.053,-0.019,0.019
q_GtoI = 0.622,-0.588,0.376,0.354 | p_IinG = -2.630,-2.580,1.248 | dist = 32.88 (meters)
bg = -0.0049,0.0184,0.0774 | ba = -0.0330,0.1491,0.1020
camera-imu timeoffset = -0.00008
cam0 intrinsics = 462.462,461.918,367.136,244.802 | -0.277,0.069,0.001,0.000
cam1 intrinsics = 461.537,461.120,379.660,251.772 | -0.279,0.070,0.001,0.000
cam0 extrinsics = -0.005,0.010,0.702,0.712 | 0.059,-0.019,0.020
cam1 extrinsics = 0.000,0.015,0.703,0.711 | -0.053,-0.019,0.020
q_GtoI = 0.604,-0.571,0.404,0.381 | p_IinG = -2.625,-2.652,1.286 | dist = 32.96 (meters)
bg = -0.0049,0.0184,0.0775 | ba = -0.0332,0.1488,0.1017
camera-imu timeoffset = -0.00009
cam0 intrinsics = 462.466,461.927,367.136,244.793 | -0.277,0.069,0.001,0.000
cam1 intrinsics = 461.543,461.130,379.658,251.762 | -0.279,0.070,0.001,0.000
cam0 extrinsics = -0.005,0.010,0.702,0.712 | 0.059,-0.019,0.020
cam1 extrinsics = 0.000,0.015,0.703,0.711 | -0.053,-0.019,0.020
q_GtoI = 0.584,-0.553,0.432,0.408 | p_IinG = -2.619,-2.723,1.320 | dist = 33.04 (meters)
bg = -0.0048,0.0184,0.0775 | ba = -0.0342,0.1489,0.1021
camera-imu timeoffset = -0.00009
cam0 intrinsics = 462.472,461.945,367.139,244.789 | -0.277,0.069,0.001,0.000
cam1 intrinsics = 461.552,461.150,379.663,251.761 | -0.279,0.070,0.001,0.000
cam0 extrinsics = -0.005,0.010,0.702,0.712 | 0.059,-0.019,0.019
cam1 extrinsics = 0.000,0.015,0.703,0.711 | -0.053,-0.019,0.019
q_GtoI = 0.567,-0.537,0.454,0.430 | p_IinG = -2.615,-2.795,1.347 | dist = 33.11 (meters)
bg = -0.0048,0.0184,0.0774 | ba = -0.0350,0.1486,0.1020
camera-imu timeoffset = -0.00010
cam0 intrinsics = 462.469,461.946,367.144,244.770 | -0.277,0.069,0.001,0.000
cam1 intrinsics = 461.549,461.150,379.672,251.741 | -0.279,0.070,0.001,0.000
cam0 extrinsics = -0.005,0.010,0.702,0.712 | 0.059,-0.019,0.019
cam1 extrinsics = 0.000,0.015,0.703,0.711 | -0.053,-0.020,0.019
q_GtoI = 0.552,-0.522,0.471,0.449 | p_IinG = -2.611,-2.862,1.367 | dist = 33.18 (meters)
bg = -0.0048,0.0184,0.0773 | ba = -0.0352,0.1479,0.1015
camera-imu timeoffset = -0.00010
cam0 intrinsics = 462.461,461.937,367.148,244.758 | -0.277,0.069,0.001,0.000
cam1 intrinsics = 461.541,461.141,379.678,251.728 | -0.279,0.070,0.001,0.000
cam0 extrinsics = -0.005,0.010,0.702,0.712 | 0.059,-0.019,0.019
cam1 extrinsics = 0.000,0.015,0.703,0.711 | -0.053,-0.020,0.019
q_GtoI = 0.538,-0.510,0.486,0.462 | p_IinG = -2.608,-2.925,1.383 | dist = 33.24 (meters)
bg = -0.0048,0.0185,0.0773 | ba = -0.0348,0.1467,0.1008
camera-imu timeoffset = -0.00010
cam0 intrinsics = 462.454,461.928,367.149,244.753 | -0.277,0.069,0.001,0.000
cam1 intrinsics = 461.534,461.132,379.680,251.724 | -0.279,0.070,0.001,0.000
cam0 extrinsics = -0.005,0.011,0.702,0.712 | 0.059,-0.019,0.019
cam1 extrinsics = 0.000,0.015,0.703,0.711 | -0.053,-0.020,0.019
q_GtoI = 0.526,-0.498,0.500,0.474 | p_IinG = -2.605,-2.981,1.395 | dist = 33.30 (meters)
bg = -0.0048,0.0185,0.0773 | ba = -0.0344,0.1453,0.1002
camera-imu timeoffset = -0.00010
cam0 intrinsics = 462.447,461.920,367.150,244.750 | -0.277,0.068,0.001,0.000
cam1 intrinsics = 461.527,461.123,379.682,251.722 | -0.279,0.070,0.001,0.000
cam0 extrinsics = -0.005,0.011,0.702,0.712 | 0.059,-0.019,0.019
cam1 extrinsics = 0.000,0.015,0.703,0.711 | -0.053,-0.020,0.019
q_GtoI = 0.515,-0.487,0.512,0.485 | p_IinG = -2.602,-3.030,1.404 | dist = 33.35 (meters)
bg = -0.0049,0.0186,0.0771 | ba = -0.0339,0.1445,0.0993
camera-imu timeoffset = -0.00010
cam0 intrinsics = 462.436,461.906,367.151,244.742 | -0.277,0.068,0.001,0.000
cam1 intrinsics = 461.516,461.110,379.688,251.715 | -0.279,0.070,0.001,0.000
cam0 extrinsics = -0.005,0.011,0.702,0.712 | 0.059,-0.019,0.020
cam1 extrinsics = 0.000,0.015,0.703,0.711 | -0.053,-0.020,0.019
q_GtoI = 0.505,-0.477,0.523,0.495 | p_IinG = -2.597,-3.070,1.411 | dist = 33.39 (meters)
bg = -0.0049,0.0187,0.0771 | ba = -0.0332,0.1446,0.0986
camera-imu timeoffset = -0.00009
cam0 intrinsics = 462.432,461.901,367.149,244.741 | -0.277,0.068,0.001,0.000
cam1 intrinsics = 461.511,461.105,379.687,251.714 | -0.279,0.070,0.001,0.000
cam0 extrinsics = -0.005,0.011,0.702,0.712 | 0.059,-0.019,0.020
cam1 extrinsics = 0.000,0.015,0.703,0.711 | -0.053,-0.020,0.019
q_GtoI = 0.496,-0.467,0.532,0.502 | p_IinG = -2.592,-3.101,1.414 | dist = 33.42 (meters)
bg = -0.0049,0.0188,0.0770 | ba = -0.0321,0.1451,0.0980
camera-imu timeoffset = -0.00009
cam0 intrinsics = 462.429,461.897,367.149,244.743 | -0.277,0.068,0.001,0.000
cam1 intrinsics = 461.508,461.100,379.686,251.716 | -0.279,0.070,0.001,0.000
cam0 extrinsics = -0.005,0.011,0.702,0.712 | 0.059,-0.019,0.020
cam1 extrinsics = 0.000,0.015,0.703,0.711 | -0.053,-0.020,0.020
q_GtoI = 0.488,-0.459,0.541,0.508 | p_IinG = -2.588,-3.120,1.417 | dist = 33.44 (meters)
bg = -0.0049,0.0188,0.0770 | ba = -0.0319,0.1452,0.0980
camera-imu timeoffset = -0.00009
cam0 intrinsics = 462.429,461.897,367.148,244.744 | -0.277,0.068,0.001,0.000
cam1 intrinsics = 461.508,461.100,379.685,251.716 | -0.279,0.070,0.001,0.000
cam0 extrinsics = -0.005,0.011,0.702,0.712 | 0.059,-0.019,0.020
cam1 extrinsics = 0.000,0.015,0.703,0.711 | -0.053,-0.020,0.020
q_GtoI = 0.481,-0.452,0.549,0.513 | p_IinG = -2.585,-3.127,1.420 | dist = 33.45 (meters)
bg = -0.0049,0.0187,0.0770 | ba = -0.0322,0.1450,0.0983
camera-imu timeoffset = -0.00009
cam0 intrinsics = 462.430,461.898,367.148,244.742 | -0.277,0.068,0.001,0.000
cam1 intrinsics = 461.509,461.101,379.685,251.715 | -0.279,0.070,0.001,0.000
cam0 extrinsics = -0.005,0.011,0.702,0.712 | 0.059,-0.019,0.020
cam1 extrinsics = 0.000,0.015,0.703,0.711 | -0.053,-0.020,0.020
q_GtoI = 0.477,-0.446,0.555,0.515 | p_IinG = -2.582,-3.122,1.422 | dist = 33.46 (meters)
bg = -0.0049,0.0187,0.0770 | ba = -0.0321,0.1452,0.0982
camera-imu timeoffset = -0.00009
cam0 intrinsics = 462.430,461.897,367.148,244.742 | -0.277,0.068,0.001,0.000
cam1 intrinsics = 461.508,461.100,379.685,251.715 | -0.279,0.070,0.001,0.000
cam0 extrinsics = -0.005,0.011,0.702,0.712 | 0.059,-0.019,0.020
cam1 extrinsics = 0.000,0.015,0.703,0.711 | -0.053,-0.020,0.020
q_GtoI = 0.474,-0.444,0.561,0.514 | p_IinG = -2.578,-3.105,1.427 | dist = 33.48 (meters)
bg = -0.0047,0.0190,0.0772 | ba = -0.0320,0.1451,0.0980
camera-imu timeoffset = -0.00009
cam0 intrinsics = 462.413,461.873,367.148,244.739 | -0.277,0.068,0.001,0.000
cam1 intrinsics = 461.491,461.075,379.686,251.711 | -0.279,0.070,0.001,0.000
cam0 extrinsics = -0.005,0.011,0.702,0.712 | 0.059,-0.019,0.020
cam1 extrinsics = 0.000,0.015,0.703,0.711 | -0.053,-0.020,0.019
q_GtoI = 0.473,-0.443,0.565,0.511 | p_IinG = -2.581,-3.076,1.420 | dist = 33.51 (meters)
bg = -0.0048,0.0192,0.0773 | ba = -0.0251,0.1425,0.0926
camera-imu timeoffset = -0.00009
cam0 intrinsics = 462.427,461.892,367.148,244.766 | -0.277,0.068,0.001,0.000
cam1 intrinsics = 461.506,461.095,379.683,251.736 | -0.279,0.070,0.001,0.000
cam0 extrinsics = -0.005,0.010,0.702,0.712 | 0.059,-0.019,0.020
cam1 extrinsics = 0.000,0.015,0.703,0.711 | -0.053,-0.019,0.020
q_GtoI = 0.478,-0.448,0.563,0.504 | p_IinG = -2.577,-3.029,1.428 | dist = 33.56 (meters)
bg = -0.0046,0.0190,0.0772 | ba = -0.0288,0.1443,0.0926
camera-imu timeoffset = -0.00010
cam0 intrinsics = 462.419,461.882,367.148,244.767 | -0.277,0.068,0.001,0.000
cam1 intrinsics = 461.498,461.084,379.682,251.736 | -0.279,0.070,0.001,0.000
cam0 extrinsics = -0.005,0.010,0.702,0.712 | 0.059,-0.019,0.020
cam1 extrinsics = 0.000,0.015,0.703,0.711 | -0.053,-0.019,0.020
q_GtoI = 0.491,-0.459,0.552,0.493 | p_IinG = -2.584,-2.966,1.435 | dist = 33.62 (meters)
bg = -0.0046,0.0188,0.0767 | ba = -0.0323,0.1430,0.0927
camera-imu timeoffset = -0.00010
cam0 intrinsics = 462.418,461.887,367.141,244.754 | -0.277,0.068,0.001,0.000
cam1 intrinsics = 461.493,461.085,379.662,251.718 | -0.279,0.070,0.001,0.000
cam0 extrinsics = -0.005,0.010,0.702,0.712 | 0.059,-0.019,0.020
cam1 extrinsics = 0.000,0.015,0.703,0.711 | -0.053,-0.019,0.020
q_GtoI = 0.509,-0.475,0.536,0.477 | p_IinG = -2.585,-2.902,1.446 | dist = 33.69 (meters)
bg = -0.0050,0.0191,0.0766 | ba = -0.0356,0.1443,0.0897
camera-imu timeoffset = -0.00011
cam0 intrinsics = 462.396,461.855,367.147,244.778 | -0.277,0.068,0.001,0.000
cam1 intrinsics = 461.472,461.051,379.656,251.738 | -0.279,0.070,0.001,0.000
cam0 extrinsics = -0.005,0.010,0.702,0.712 | 0.059,-0.019,0.021
cam1 extrinsics = 0.000,0.015,0.703,0.711 | -0.053,-0.019,0.021
q_GtoI = 0.527,-0.493,0.519,0.458 | p_IinG = -2.588,-2.833,1.458 | dist = 33.77 (meters)
bg = -0.0054,0.0196,0.0766 | ba = -0.0380,0.1458,0.0871
camera-imu timeoffset = -0.00010
cam0 intrinsics = 462.378,461.829,367.171,244.811 | -0.277,0.068,0.001,0.000
cam1 intrinsics = 461.453,461.024,379.679,251.771 | -0.278,0.070,0.001,0.000
cam0 extrinsics = -0.005,0.010,0.702,0.712 | 0.059,-0.019,0.021
cam1 extrinsics = 0.000,0.015,0.703,0.711 | -0.053,-0.019,0.021
q_GtoI = 0.546,-0.510,0.499,0.439 | p_IinG = -2.593,-2.748,1.466 | dist = 33.86 (meters)
bg = -0.0056,0.0199,0.0771 | ba = -0.0383,0.1473,0.0862
camera-imu timeoffset = -0.00010
cam0 intrinsics = 462.361,461.823,367.186,244.834 | -0.277,0.068,0.001,0.000
cam1 intrinsics = 461.435,461.015,379.683,251.797 | -0.278,0.070,0.000,0.000
cam0 extrinsics = -0.005,0.010,0.702,0.712 | 0.059,-0.019,0.021
cam1 extrinsics = 0.000,0.015,0.703,0.711 | -0.053,-0.019,0.020
q_GtoI = 0.563,-0.527,0.478,0.419 | p_IinG = -2.600,-2.659,1.472 | dist = 33.95 (meters)
bg = -0.0058,0.0204,0.0773 | ba = -0.0392,0.1490,0.0852
camera-imu timeoffset = -0.00010
cam0 intrinsics = 462.343,461.815,367.205,244.888 | -0.277,0.068,0.001,0.000
cam1 intrinsics = 461.415,461.006,379.669,251.849 | -0.279,0.070,0.000,0.000
cam0 extrinsics = -0.005,0.011,0.702,0.712 | 0.059,-0.018,0.021
cam1 extrinsics = 0.000,0.015,0.703,0.711 | -0.053,-0.019,0.020
q_GtoI = 0.579,-0.543,0.457,0.402 | p_IinG = -2.606,-2.564,1.475 | dist = 34.05 (meters)
bg = -0.0058,0.0203,0.0773 | ba = -0.0431,0.1494,0.0838
camera-imu timeoffset = -0.00009
cam0 intrinsics = 462.342,461.816,367.203,244.913 | -0.277,0.068,0.001,0.000
cam1 intrinsics = 461.415,461.007,379.657,251.875 | -0.278,0.070,0.000,0.000
cam0 extrinsics = -0.005,0.010,0.702,0.712 | 0.059,-0.018,0.021
cam1 extrinsics = 0.000,0.015,0.703,0.711 | -0.053,-0.019,0.021
q_GtoI = 0.593,-0.557,0.437,0.384 | p_IinG = -2.612,-2.466,1.473 | dist = 34.14 (meters)
bg = -0.0058,0.0203,0.0774 | ba = -0.0425,0.1502,0.0841
camera-imu timeoffset = -0.00009
cam0 intrinsics = 462.344,461.814,367.206,244.907 | -0.277,0.068,0.001,0.000
cam1 intrinsics = 461.416,461.006,379.657,251.870 | -0.278,0.070,0.000,0.000
cam0 extrinsics = -0.005,0.010,0.702,0.712 | 0.059,-0.018,0.021
cam1 extrinsics = 0.000,0.015,0.703,0.711 | -0.053,-0.019,0.021
q_GtoI = 0.605,-0.568,0.419,0.369 | p_IinG = -2.618,-2.368,1.468 | dist = 34.24 (meters)
bg = -0.0059,0.0202,0.0775 | ba = -0.0428,0.1510,0.0840
camera-imu timeoffset = -0.00009
cam0 intrinsics = 462.342,461.812,367.210,244.906 | -0.277,0.068,0.001,0.000
cam1 intrinsics = 461.413,461.004,379.661,251.870 | -0.278,0.070,0.000,0.000
cam0 extrinsics = -0.005,0.010,0.702,0.712 | 0.059,-0.018,0.021
cam1 extrinsics = 0.000,0.015,0.703,0.711 | -0.053,-0.019,0.021
q_GtoI = 0.615,-0.577,0.403,0.355 | p_IinG = -2.625,-2.271,1.460 | dist = 34.34 (meters)
bg = -0.0060,0.0202,0.0776 | ba = -0.0434,0.1517,0.0839
camera-imu timeoffset = -0.00009
cam0 intrinsics = 462.341,461.810,367.214,244.906 | -0.277,0.068,0.001,0.000
cam1 intrinsics = 461.411,461.002,379.664,251.869 | -0.278,0.070,0.000,0.000
cam0 extrinsics = -0.006,0.011,0.702,0.712 | 0.059,-0.018,0.021
cam1 extrinsics = 0.000,0.015,0.703,0.711 | -0.053,-0.019,0.021
q_GtoI = 0.624,-0.584,0.387,0.345 | p_IinG = -2.630,-2.175,1.451 | dist = 34.44 (meters)
bg = -0.0056,0.0197,0.0786 | ba = -0.0482,0.1530,0.0820
camera-imu timeoffset = -0.00007
cam0 intrinsics = 462.280,461.745,367.223,244.914 | -0.277,0.068,0.001,0.000
cam1 intrinsics = 461.353,460.939,379.662,251.867 | -0.278,0.070,0.000,0.000
cam0 extrinsics = -0.006,0.011,0.702,0.712 | 0.059,-0.019,0.021
cam1 extrinsics = -0.000,0.015,0.703,0.711 | -0.053,-0.019,0.021
q_GtoI = 0.631,-0.591,0.374,0.335 | p_IinG = -2.637,-2.083,1.437 | dist = 34.53 (meters)
bg = -0.0056,0.0198,0.0787 | ba = -0.0460,0.1529,0.0820
camera-imu timeoffset = -0.00008
cam0 intrinsics = 462.282,461.748,367.227,244.910 | -0.277,0.068,0.001,0.000
cam1 intrinsics = 461.355,460.942,379.662,251.864 | -0.278,0.070,0.000,0.000
cam0 extrinsics = -0.006,0.011,0.702,0.712 | 0.059,-0.018,0.021
cam1 extrinsics = -0.000,0.015,0.703,0.711 | -0.053,-0.019,0.021
q_GtoI = 0.638,-0.596,0.362,0.327 | p_IinG = -2.643,-1.997,1.421 | dist = 34.62 (meters)
bg = -0.0056,0.0198,0.0786 | ba = -0.0446,0.1528,0.0817
camera-imu timeoffset = -0.00008
cam0 intrinsics = 462.284,461.748,367.228,244.908 | -0.277,0.068,0.001,0.000
cam1 intrinsics = 461.356,460.941,379.662,251.863 | -0.278,0.070,0.000,0.000
cam0 extrinsics = -0.006,0.011,0.702,0.712 | 0.059,-0.018,0.021
cam1 extrinsics = -0.000,0.015,0.703,0.711 | -0.053,-0.019,0.021
q_GtoI = 0.643,-0.600,0.353,0.319 | p_IinG = -2.653,-1.914,1.400 | dist = 34.70 (meters)
bg = -0.0055,0.0197,0.0785 | ba = -0.0417,0.1511,0.0809
camera-imu timeoffset = -0.00008
cam0 intrinsics = 462.283,461.730,367.234,244.914 | -0.277,0.068,0.001,0.000
cam1 intrinsics = 461.353,460.923,379.663,251.870 | -0.278,0.070,0.000,0.000
cam0 extrinsics = -0.006,0.011,0.702,0.712 | 0.060,-0.018,0.021
cam1 extrinsics = -0.000,0.015,0.703,0.711 | -0.053,-0.019,0.021
q_GtoI = 0.648,-0.603,0.344,0.314 | p_IinG = -2.660,-1.839,1.378 | dist = 34.78 (meters)
bg = -0.0053,0.0200,0.0787 | ba = -0.0382,0.1493,0.0802
camera-imu timeoffset = -0.00008
cam0 intrinsics = 462.297,461.742,367.249,244.935 | -0.277,0.069,0.001,0.000
cam1 intrinsics = 461.363,460.933,379.671,251.889 | -0.278,0.070,0.000,0.000
cam0 extrinsics = -0.006,0.011,0.702,0.712 | 0.060,-0.018,0.021
cam1 extrinsics = -0.000,0.015,0.703,0.711 | -0.052,-0.019,0.021
q_GtoI = 0.651,-0.605,0.337,0.309 | p_IinG = -2.668,-1.771,1.355 | dist = 34.85 (meters)
bg = -0.0054,0.0202,0.0786 | ba = -0.0362,0.1481,0.0793
camera-imu timeoffset = -0.00008
cam0 intrinsics = 462.307,461.745,367.254,244.934 | -0.277,0.069,0.001,0.000
cam1 intrinsics = 461.371,460.935,379.674,251.889 | -0.278,0.070,0.000,0.000
cam0 extrinsics = -0.006,0.011,0.702,0.712 | 0.060,-0.018,0.021
cam1 extrinsics = -0.000,0.015,0.703,0.711 | -0.052,-0.019,0.021
q_GtoI = 0.654,-0.608,0.331,0.304 | p_IinG = -2.673,-1.712,1.331 | dist = 34.92 (meters)
bg = -0.0055,0.0202,0.0785 | ba = -0.0336,0.1483,0.0780
camera-imu timeoffset = -0.00008
cam0 intrinsics = 462.298,461.727,367.256,244.956 | -0.277,0.069,0.001,0.000
cam1 intrinsics = 461.363,460.919,379.674,251.912 | -0.278,0.070,0.000,0.000
cam0 extrinsics = -0.006,0.011,0.702,0.712 | 0.060,-0.018,0.021
cam1 extrinsics = -0.000,0.015,0.703,0.711 | -0.052,-0.019,0.021
q_GtoI = 0.658,-0.610,0.325,0.298 | p_IinG = -2.677,-1.659,1.309 | dist = 34.98 (meters)
bg = -0.0057,0.0203,0.0785 | ba = -0.0325,0.1485,0.0771
camera-imu timeoffset = -0.00008
cam0 intrinsics = 462.299,461.730,367.251,244.961 | -0.277,0.069,0.001,0.000
cam1 intrinsics = 461.363,460.920,379.671,251.918 | -0.278,0.070,0.000,0.000
cam0 extrinsics = -0.006,0.011,0.702,0.712 | 0.060,-0.018,0.021
cam1 extrinsics = -0.000,0.015,0.703,0.711 | -0.052,-0.019,0.021
q_GtoI = 0.661,-0.613,0.318,0.292 | p_IinG = -2.683,-1.629,1.294 | dist = 35.03 (meters)
bg = -0.0062,0.0208,0.0779 | ba = -0.0320,0.1491,0.0736
camera-imu timeoffset = -0.00007
cam0 intrinsics = 462.277,461.715,367.244,244.993 | -0.277,0.068,0.001,0.000
cam1 intrinsics = 461.348,460.912,379.676,251.952 | -0.278,0.070,0.000,0.000
cam0 extrinsics = -0.006,0.011,0.702,0.712 | 0.060,-0.019,0.021
cam1 extrinsics = -0.000,0.015,0.703,0.711 | -0.052,-0.019,0.021
q_GtoI = 0.663,-0.617,0.311,0.286 | p_IinG = -2.671,-1.608,1.279 | dist = 35.06 (meters)
bg = -0.0055,0.0209,0.0775 | ba = -0.0325,0.1509,0.0697
camera-imu timeoffset = -0.00006
cam0 intrinsics = 462.265,461.693,367.223,244.983 | -0.277,0.068,0.001,0.000
cam1 intrinsics = 461.336,460.892,379.678,251.948 | -0.278,0.070,0.000,0.000
cam0 extrinsics = -0.006,0.011,0.702,0.712 | 0.060,-0.018,0.021
cam1 extrinsics = -0.000,0.015,0.703,0.711 | -0.052,-0.019,0.021
q_GtoI = 0.667,-0.618,0.306,0.282 | p_IinG = -2.680,-1.587,1.262 | dist = 35.09 (meters)
bg = -0.0061,0.0212,0.0777 | ba = -0.0324,0.1494,0.0691
camera-imu timeoffset = -0.00006
cam0 intrinsics = 462.265,461.685,367.226,244.951 | -0.277,0.069,0.001,0.000
cam1 intrinsics = 461.336,460.883,379.671,251.907 | -0.278,0.070,0.000,0.000
cam0 extrinsics = -0.006,0.011,0.702,0.712 | 0.060,-0.018,0.021
cam1 extrinsics = -0.000,0.015,0.703,0.711 | -0.052,-0.018,0.021
q_GtoI = 0.668,-0.620,0.301,0.279 | p_IinG = -2.675,-1.577,1.244 | dist = 35.11 (meters)
bg = -0.0058,0.0211,0.0774 | ba = -0.0305,0.1501,0.0668
camera-imu timeoffset = -0.00006
cam0 intrinsics = 462.276,461.694,367.209,244.901 | -0.277,0.069,0.001,0.000
cam1 intrinsics = 461.344,460.885,379.628,251.871 | -0.278,0.070,0.000,0.000
cam0 extrinsics = -0.006,0.011,0.702,0.712 | 0.060,-0.018,0.021
cam1 extrinsics = -0.000,0.015,0.703,0.711 | -0.052,-0.018,0.021
q_GtoI = 0.668,-0.621,0.300,0.280 | p_IinG = -2.673,-1.578,1.227 | dist = 35.13 (meters)
bg = -0.0058,0.0208,0.0774 | ba = -0.0286,0.1503,0.0637
camera-imu timeoffset = -0.00006
cam0 intrinsics = 462.288,461.699,367.173,244.884 | -0.277,0.068,0.001,0.000
cam1 intrinsics = 461.355,460.888,379.572,251.842 | -0.278,0.070,0.000,0.000
cam0 extrinsics = -0.006,0.011,0.702,0.712 | 0.060,-0.018,0.021
cam1 extrinsics = -0.000,0.015,0.703,0.711 | -0.052,-0.018,0.021
q_GtoI = 0.665,-0.618,0.306,0.287 | p_IinG = -2.667,-1.589,1.213 | dist = 35.14 (meters)
bg = -0.0056,0.0206,0.0773 | ba = -0.0270,0.1506,0.0605
camera-imu timeoffset = -0.00006
cam0 intrinsics = 462.291,461.697,367.152,244.859 | -0.277,0.068,0.001,0.000
cam1 intrinsics = 461.356,460.884,379.546,251.815 | -0.278,0.070,0.000,0.000
cam0 extrinsics = -0.006,0.011,0.702,0.712 | 0.060,-0.018,0.021
cam1 extrinsics = -0.000,0.015,0.703,0.711 | -0.052,-0.018,0.021
q_GtoI = 0.658,-0.613,0.319,0.300 | p_IinG = -2.660,-1.613,1.205 | dist = 35.17 (meters)
bg = -0.0054,0.0204,0.0773 | ba = -0.0270,0.1508,0.0579
camera-imu timeoffset = -0.00005
cam0 intrinsics = 462.299,461.705,367.139,244.836 | -0.277,0.068,0.001,0.000
cam1 intrinsics = 461.363,460.891,379.538,251.790 | -0.278,0.070,0.000,0.000
cam0 extrinsics = -0.006,0.011,0.702,0.712 | 0.060,-0.018,0.021
cam1 extrinsics = -0.000,0.015,0.703,0.711 | -0.052,-0.018,0.021
q_GtoI = 0.648,-0.605,0.337,0.318 | p_IinG = -2.650,-1.646,1.202 | dist = 35.20 (meters)
bg = -0.0050,0.0205,0.0775 | ba = -0.0286,0.1514,0.0573
camera-imu timeoffset = -0.00004
cam0 intrinsics = 462.315,461.731,367.114,244.805 | -0.277,0.068,0.001,0.000
cam1 intrinsics = 461.378,460.917,379.518,251.759 | -0.278,0.070,0.000,0.000
cam0 extrinsics = -0.006,0.011,0.702,0.712 | 0.060,-0.018,0.021
cam1 extrinsics = -0.000,0.015,0.703,0.711 | -0.052,-0.018,0.021
q_GtoI = 0.637,-0.593,0.356,0.340 | p_IinG = -2.640,-1.685,1.202 | dist = 35.23 (meters)
bg = -0.0047,0.0206,0.0776 | ba = -0.0301,0.1520,0.0575
camera-imu timeoffset = -0.00004
cam0 intrinsics = 462.322,461.743,367.095,244.775 | -0.277,0.068,0.001,0.000
cam1 intrinsics = 461.384,460.929,379.502,251.727 | -0.278,0.070,0.000,0.000
cam0 extrinsics = -0.006,0.011,0.702,0.712 | 0.060,-0.018,0.021
cam1 extrinsics = 0.000,0.015,0.703,0.711 | -0.052,-0.018,0.021
q_GtoI = 0.624,-0.581,0.376,0.361 | p_IinG = -2.630,-1.727,1.201 | dist = 35.27 (meters)
bg = -0.0046,0.0207,0.0776 | ba = -0.0314,0.1526,0.0581
camera-imu timeoffset = -0.00004
cam0 intrinsics = 462.321,461.746,367.085,244.763 | -0.277,0.068,0.001,0.000
cam1 intrinsics = 461.383,460.932,379.496,251.717 | -0.278,0.070,0.000,0.000
cam0 extrinsics = -0.006,0.011,0.702,0.712 | 0.060,-0.018,0.020
cam1 extrinsics = 0.000,0.015,0.703,0.711 | -0.052,-0.019,0.020
q_GtoI = 0.611,-0.569,0.396,0.383 | p_IinG = -2.619,-1.772,1.198 | dist = 35.32 (meters)
bg = -0.0043,0.0205,0.0775 | ba = -0.0319,0.1542,0.0586
camera-imu timeoffset = -0.00004
cam0 intrinsics = 462.301,461.745,367.132,244.793 | -0.277,0.068,0.001,0.000
cam1 intrinsics = 461.359,460.928,379.555,251.757 | -0.278,0.070,0.000,0.000
cam0 extrinsics = -0.006,0.011,0.702,0.712 | 0.060,-0.018,0.020
cam1 extrinsics = -0.000,0.015,0.703,0.711 | -0.052,-0.019,0.020
q_GtoI = 0.596,-0.556,0.416,0.403 | p_IinG = -2.611,-1.817,1.196 | dist = 35.36 (meters)
bg = -0.0046,0.0206,0.0775 | ba = -0.0323,0.1533,0.0595
camera-imu timeoffset = -0.00004
cam0 intrinsics = 462.288,461.740,367.118,244.839 | -0.277,0.068,0.001,0.000
cam1 intrinsics = 461.346,460.923,379.538,251.806 | -0.278,0.070,0.000,0.000
cam0 extrinsics = -0.006,0.011,0.702,0.712 | 0.060,-0.018,0.020
cam1 extrinsics = -0.000,0.015,0.703,0.711 | -0.052,-0.019,0.020
q_GtoI = 0.583,-0.546,0.433,0.417 | p_IinG = -2.600,-1.863,1.198 | dist = 35.41 (meters)
bg = -0.0046,0.0212,0.0773 | ba = -0.0354,0.1543,0.0658
camera-imu timeoffset = -0.00005
cam0 intrinsics = 462.227,461.659,367.129,244.813 | -0.277,0.068,0.001,0.000
cam1 intrinsics = 461.287,460.842,379.544,251.778 | -0.278,0.070,0.000,0.000
cam0 extrinsics = -0.006,0.011,0.702,0.712 | 0.060,-0.018,0.019
cam1 extrinsics = -0.000,0.015,0.703,0.711 | -0.052,-0.018,0.019
q_GtoI = 0.570,-0.539,0.448,0.428 | p_IinG = -2.588,-1.904,1.194 | dist = 35.45 (meters)
bg = -0.0045,0.0215,0.0771 | ba = -0.0357,0.1557,0.0674
camera-imu timeoffset = -0.00004
cam0 intrinsics = 462.222,461.642,367.130,244.798 | -0.277,0.068,0.001,0.000
cam1 intrinsics = 461.282,460.824,379.541,251.762 | -0.278,0.070,0.000,0.000
cam0 extrinsics = -0.006,0.011,0.702,0.712 | 0.060,-0.018,0.019
cam1 extrinsics = -0.000,0.015,0.703,0.711 | -0.052,-0.018,0.019
q_GtoI = 0.561,-0.534,0.458,0.436 | p_IinG = -2.575,-1.943,1.191 | dist = 35.49 (meters)
bg = -0.0043,0.0218,0.0766 | ba = -0.0383,0.1580,0.0692
camera-imu timeoffset = -0.00004
cam0 intrinsics = 462.219,461.632,367.136,244.774 | -0.277,0.068,0.001,0.000
cam1 intrinsics = 461.272,460.807,379.538,251.741 | -0.278,0.070,0.000,0.000
cam0 extrinsics = -0.006,0.011,0.702,0.712 | 0.060,-0.018,0.019
cam1 extrinsics = -0.000,0.015,0.703,0.711 | -0.051,-0.018,0.019
q_GtoI = 0.554,-0.531,0.465,0.441 | p_IinG = -2.563,-1.978,1.185 | dist = 35.53 (meters)
bg = -0.0042,0.0221,0.0763 | ba = -0.0386,0.1599,0.0703
camera-imu timeoffset = -0.00004
cam0 intrinsics = 462.220,461.627,367.136,244.773 | -0.277,0.068,0.001,0.000
cam1 intrinsics = 461.273,460.801,379.534,251.739 | -0.278,0.070,0.000,0.000
cam0 extrinsics = -0.006,0.011,0.702,0.712 | 0.061,-0.018,0.019
cam1 extrinsics = -0.000,0.015,0.703,0.711 | -0.051,-0.018,0.019
q_GtoI = 0.547,-0.529,0.472,0.445 | p_IinG = -2.551,-2.008,1.179 | dist = 35.56 (meters)
bg = -0.0040,0.0223,0.0760 | ba = -0.0391,0.1614,0.0713
camera-imu timeoffset = -0.00004
cam0 intrinsics = 462.226,461.628,367.137,244.773 | -0.277,0.068,0.001,0.000
cam1 intrinsics = 461.279,460.801,379.531,251.738 | -0.278,0.070,0.000,0.000
cam0 extrinsics = -0.006,0.011,0.702,0.712 | 0.061,-0.018,0.019
cam1 extrinsics = -0.000,0.015,0.703,0.711 | -0.051,-0.018,0.019
q_GtoI = 0.541,-0.529,0.478,0.447 | p_IinG = -2.539,-2.033,1.173 | dist = 35.59 (meters)
bg = -0.0038,0.0224,0.0760 | ba = -0.0408,0.1621,0.0737
camera-imu timeoffset = -0.00004
cam0 intrinsics = 462.245,461.641,367.136,244.769 | -0.277,0.068,0.001,0.000
cam1 intrinsics = 461.297,460.812,379.532,251.733 | -0.278,0.070,0.000,0.000
cam0 extrinsics = -0.006,0.011,0.702,0.712 | 0.061,-0.018,0.019
cam1 extrinsics = -0.000,0.015,0.703,0.711 | -0.051,-0.018,0.019
q_GtoI = 0.535,-0.528,0.484,0.448 | p_IinG = -2.527,-2.052,1.166 | dist = 35.61 (meters)
bg = -0.0036,0.0224,0.0757 | ba = -0.0403,0.1631,0.0748
camera-imu timeoffset = -0.00004
cam0 intrinsics = 462.250,461.648,367.138,244.772 | -0.277,0.068,0.001,0.000
cam1 intrinsics = 461.301,460.818,379.531,251.737 | -0.278,0.070,0.000,0.000
cam0 extrinsics = -0.006,0.011,0.702,0.712 | 0.061,-0.018,0.019
cam1 extrinsics = -0.000,0.015,0.703,0.711 | -0.051,-0.018,0.019
q_GtoI = 0.529,-0.529,0.490,0.447 | p_IinG = -2.518,-2.062,1.161 | dist = 35.63 (meters)
bg = -0.0034,0.0225,0.0753 | ba = -0.0407,0.1655,0.0807
camera-imu timeoffset = -0.00004
cam0 intrinsics = 462.244,461.635,367.152,244.770 | -0.277,0.068,0.001,0.000
cam1 intrinsics = 461.292,460.801,379.542,251.736 | -0.278,0.070,0.000,0.000
cam0 extrinsics = -0.006,0.011,0.702,0.712 | 0.061,-0.018,0.019
cam1 extrinsics = -0.000,0.015,0.703,0.711 | -0.051,-0.018,0.018
q_GtoI = 0.529,-0.530,0.489,0.447 | p_IinG = -2.509,-2.069,1.155 | dist = 35.65 (meters)
bg = -0.0034,0.0224,0.0752 | ba = -0.0397,0.1656,0.0813
camera-imu timeoffset = -0.00003
cam0 intrinsics = 462.249,461.643,367.156,244.777 | -0.277,0.068,0.001,0.000
cam1 intrinsics = 461.298,460.808,379.543,251.743 | -0.278,0.070,0.000,0.000
cam0 extrinsics = -0.006,0.011,0.702,0.712 | 0.061,-0.018,0.019
cam1 extrinsics = -0.000,0.015,0.703,0.711 | -0.051,-0.018,0.018
q_GtoI = 0.533,-0.534,0.484,0.443 | p_IinG = -2.501,-2.070,1.148 | dist = 35.66 (meters)
bg = -0.0034,0.0224,0.0751 | ba = -0.0385,0.1654,0.0814
camera-imu timeoffset = -0.00003
cam0 intrinsics = 462.254,461.650,367.160,244.785 | -0.277,0.068,0.001,0.000
cam1 intrinsics = 461.302,460.814,379.544,251.751 | -0.278,0.070,0.000,0.000
cam0 extrinsics = -0.006,0.011,0.702,0.712 | 0.061,-0.018,0.018
cam1 extrinsics = -0.000,0.015,0.703,0.711 | -0.051,-0.018,0.018
q_GtoI = 0.540,-0.538,0.476,0.440 | p_IinG = -2.498,-2.065,1.140 | dist = 35.67 (meters)
bg = -0.0038,0.0223,0.0752 | ba = -0.0374,0.1643,0.0820
camera-imu timeoffset = -0.00003
cam0 intrinsics = 462.229,461.643,367.144,244.787 | -0.277,0.068,0.001,0.000
cam1 intrinsics = 461.279,460.810,379.525,251.754 | -0.278,0.070,0.000,0.000
cam0 extrinsics = -0.006,0.011,0.702,0.712 | 0.061,-0.018,0.018
cam1 extrinsics = -0.000,0.015,0.703,0.711 | -0.051,-0.018,0.018
q_GtoI = 0.545,-0.541,0.469,0.436 | p_IinG = -2.492,-2.057,1.132 | dist = 35.68 (meters)
bg = -0.0039,0.0223,0.0752 | ba = -0.0342,0.1638,0.0827
camera-imu timeoffset = -0.00004
cam0 intrinsics = 462.224,461.639,367.147,244.791 | -0.277,0.068,0.001,0.000
cam1 intrinsics = 461.273,460.805,379.526,251.757 | -0.278,0.070,0.000,0.000
cam0 extrinsics = -0.006,0.011,0.702,0.712 | 0.061,-0.018,0.018
cam1 extrinsics = -0.000,0.015,0.703,0.711 | -0.051,-0.018,0.018
q_GtoI = 0.550,-0.545,0.463,0.432 | p_IinG = -2.489,-2.044,1.123 | dist = 35.69 (meters)
bg = -0.0042,0.0221,0.0754 | ba = -0.0302,0.1629,0.0845
camera-imu timeoffset = -0.00004
cam0 intrinsics = 462.203,461.620,367.145,244.784 | -0.277,0.068,0.001,0.000
cam1 intrinsics = 461.252,460.783,379.537,251.752 | -0.278,0.070,0.000,0.000
cam0 extrinsics = -0.006,0.011,0.702,0.712 | 0.061,-0.018,0.017
cam1 extrinsics = -0.000,0.015,0.703,0.711 | -0.051,-0.019,0.017
q_GtoI = 0.554,-0.547,0.459,0.427 | p_IinG = -2.484,-2.028,1.115 | dist = 35.71 (meters)
bg = -0.0042,0.0221,0.0755 | ba = -0.0282,0.1631,0.0855
camera-imu timeoffset = -0.00004
cam0 intrinsics = 462.194,461.608,367.149,244.788 | -0.277,0.068,0.001,0.000
cam1 intrinsics = 461.242,460.770,379.540,251.756 | -0.278,0.070,0.000,0.000
cam0 extrinsics = -0.006,0.011,0.702,0.712 | 0.061,-0.018,0.017
cam1 extrinsics = -0.000,0.015,0.703,0.711 | -0.051,-0.019,0.017
q_GtoI = 0.560,-0.549,0.455,0.422 | p_IinG = -2.479,-2.010,1.107 | dist = 35.73 (meters)
bg = -0.0043,0.0219,0.0756 | ba = -0.0262,0.1634,0.0871
camera-imu timeoffset = -0.00004
cam0 intrinsics = 462.178,461.588,367.153,244.786 | -0.277,0.068,0.001,0.000
cam1 intrinsics = 461.223,460.748,379.547,251.752 | -0.278,0.070,0.000,0.000
cam0 extrinsics = -0.006,0.011,0.702,0.712 | 0.061,-0.018,0.017
cam1 extrinsics = -0.000,0.015,0.703,0.711 | -0.050,-0.018,0.017
q_GtoI = 0.567,-0.550,0.452,0.415 | p_IinG = -2.474,-1.990,1.098 | dist = 35.75 (meters)
bg = -0.0044,0.0218,0.0758 | ba = -0.0241,0.1639,0.0884
camera-imu timeoffset = -0.00004
cam0 intrinsics = 462.165,461.570,367.159,244.783 | -0.277,0.068,0.001,0.000
cam1 intrinsics = 461.209,460.729,379.549,251.747 | -0.278,0.070,0.000,0.000
cam0 extrinsics = -0.006,0.011,0.702,0.712 | 0.062,-0.018,0.017
cam1 extrinsics = -0.000,0.015,0.703,0.711 | -0.050,-0.018,0.017
q_GtoI = 0.576,-0.551,0.448,0.405 | p_IinG = -2.471,-1.966,1.088 | dist = 35.78 (meters)
bg = -0.0045,0.0217,0.0759 | ba = -0.0235,0.1650,0.0907
camera-imu timeoffset = -0.00004
cam0 intrinsics = 462.147,461.546,367.165,244.782 | -0.277,0.068,0.001,0.000
cam1 intrinsics = 461.190,460.705,379.556,251.746 | -0.278,0.070,0.000,0.000
cam0 extrinsics = -0.006,0.011,0.702,0.712 | 0.062,-0.018,0.017
cam1 extrinsics = -0.000,0.015,0.703,0.711 | -0.050,-0.018,0.016
q_GtoI = 0.584,-0.549,0.447,0.397 | p_IinG = -2.466,-1.941,1.079 | dist = 35.80 (meters)
bg = -0.0046,0.0216,0.0760 | ba = -0.0230,0.1662,0.0933
camera-imu timeoffset = -0.00004
cam0 intrinsics = 462.125,461.517,367.170,244.782 | -0.277,0.068,0.001,0.000
cam1 intrinsics = 461.167,460.675,379.562,251.745 | -0.278,0.070,0.000,0.000
cam0 extrinsics = -0.006,0.011,0.702,0.712 | 0.062,-0.018,0.016
cam1 extrinsics = -0.000,0.015,0.703,0.711 | -0.050,-0.018,0.016
q_GtoI = 0.593,-0.546,0.445,0.389 | p_IinG = -2.460,-1.913,1.068 | dist = 35.83 (meters)
bg = -0.0046,0.0216,0.0761 | ba = -0.0214,0.1675,0.0963
camera-imu timeoffset = -0.00004
cam0 intrinsics = 462.109,461.496,367.177,244.784 | -0.277,0.068,0.001,0.000
cam1 intrinsics = 461.153,460.655,379.571,251.747 | -0.278,0.070,0.000,0.000
cam0 extrinsics = -0.006,0.011,0.702,0.712 | 0.062,-0.018,0.016
cam1 extrinsics = -0.000,0.015,0.703,0.711 | -0.050,-0.018,0.016
q_GtoI = 0.602,-0.542,0.447,0.380 | p_IinG = -2.455,-1.885,1.056 | dist = 35.86 (meters)
bg = -0.0046,0.0214,0.0762 | ba = -0.0216,0.1682,0.0983
camera-imu timeoffset = -0.00004
cam0 intrinsics = 462.093,461.476,367.181,244.789 | -0.277,0.068,0.001,0.000
cam1 intrinsics = 461.137,460.636,379.579,251.753 | -0.278,0.070,0.000,0.000
cam0 extrinsics = -0.006,0.011,0.702,0.712 | 0.062,-0.018,0.016
cam1 extrinsics = -0.000,0.015,0.703,0.711 | -0.050,-0.018,0.016
q_GtoI = 0.611,-0.535,0.448,0.374 | p_IinG = -2.451,-1.856,1.042 | dist = 35.89 (meters)
bg = -0.0046,0.0214,0.0762 | ba = -0.0229,0.1684,0.0997
camera-imu timeoffset = -0.00004
cam0 intrinsics = 462.094,461.478,367.181,244.800 | -0.277,0.068,0.001,-0.000
cam1 intrinsics = 461.136,460.636,379.583,251.765 | -0.278,0.070,0.000,0.000
cam0 extrinsics = -0.006,0.011,0.702,0.712 | 0.063,-0.018,0.016
cam1 extrinsics = -0.000,0.015,0.703,0.711 | -0.049,-0.018,0.016
q_GtoI = 0.619,-0.527,0.452,0.367 | p_IinG = -2.446,-1.827,1.026 | dist = 35.92 (meters)
bg = -0.0046,0.0213,0.0762 | ba = -0.0243,0.1697,0.1007
camera-imu timeoffset = -0.00004
cam0 intrinsics = 462.096,461.480,367.184,244.809 | -0.277,0.068,0.001,-0.000
cam1 intrinsics = 461.137,460.638,379.591,251.776 | -0.278,0.070,0.000,0.000
cam0 extrinsics = -0.006,0.011,0.702,0.712 | 0.063,-0.017,0.016
cam1 extrinsics = -0.000,0.015,0.703,0.711 | -0.049,-0.018,0.016
q_GtoI = 0.626,-0.519,0.456,0.361 | p_IinG = -2.440,-1.798,1.006 | dist = 35.96 (meters)
bg = -0.0046,0.0212,0.0761 | ba = -0.0251,0.1710,0.1015
camera-imu timeoffset = -0.00004
cam0 intrinsics = 462.101,461.487,367.195,244.814 | -0.277,0.068,0.001,-0.000
cam1 intrinsics = 461.140,460.643,379.606,251.783 | -0.278,0.070,0.000,-0.000
cam0 extrinsics = -0.006,0.011,0.702,0.712 | 0.063,-0.017,0.016
cam1 extrinsics = -0.000,0.015,0.703,0.711 | -0.049,-0.018,0.016
q_GtoI = 0.635,-0.513,0.457,0.353 | p_IinG = -2.435,-1.769,0.984 | dist = 36.00 (meters)
bg = -0.0046,0.0211,0.0761 | ba = -0.0265,0.1729,0.1018
camera-imu timeoffset = -0.00004
cam0 intrinsics = 462.107,461.497,367.182,244.821 | -0.277,0.068,0.001,-0.000
cam1 intrinsics = 461.145,460.653,379.597,251.793 | -0.278,0.070,0.000,-0.000
cam0 extrinsics = -0.006,0.011,0.702,0.712 | 0.063,-0.017,0.016
cam1 extrinsics = -0.000,0.015,0.703,0.711 | -0.049,-0.017,0.015
q_GtoI = 0.645,-0.510,0.455,0.341 | p_IinG = -2.429,-1.740,0.958 | dist = 36.03 (meters)
bg = -0.0044,0.0211,0.0761 | ba = -0.0272,0.1744,0.1020
camera-imu timeoffset = -0.00005
cam0 intrinsics = 462.114,461.508,367.173,244.818 | -0.277,0.068,0.001,-0.000
cam1 intrinsics = 461.149,460.661,379.588,251.793 | -0.278,0.070,0.000,-0.000
cam0 extrinsics = -0.006,0.011,0.702,0.712 | 0.063,-0.017,0.016
cam1 extrinsics = -0.000,0.015,0.703,0.711 | -0.049,-0.017,0.015
q_GtoI = 0.657,-0.509,0.449,0.330 | p_IinG = -2.421,-1.714,0.929 | dist = 36.07 (meters)
bg = -0.0040,0.0210,0.0762 | ba = -0.0269,0.1771,0.1010
camera-imu timeoffset = -0.00004
cam0 intrinsics = 462.117,461.522,367.169,244.846 | -0.277,0.068,0.001,-0.000
cam1 intrinsics = 461.154,460.675,379.576,251.810 | -0.278,0.070,0.000,0.000
cam0 extrinsics = -0.006,0.011,0.702,0.712 | 0.063,-0.017,0.015
cam1 extrinsics = -0.000,0.015,0.703,0.711 | -0.049,-0.017,0.015
q_GtoI = 0.668,-0.506,0.442,0.318 | p_IinG = -2.415,-1.687,0.898 | dist = 36.11 (meters)
bg = -0.0039,0.0209,0.0762 | ba = -0.0261,0.1790,0.1016
camera-imu timeoffset = -0.00004
cam0 intrinsics = 462.129,461.540,367.152,244.841 | -0.277,0.068,0.001,-0.000
cam1 intrinsics = 461.162,460.691,379.559,251.816 | -0.278,0.070,0.000,0.000
cam0 extrinsics = -0.006,0.011,0.702,0.712 | 0.063,-0.017,0.015
cam1 extrinsics = -0.000,0.015,0.703,0.711 | -0.049,-0.017,0.015
q_GtoI = 0.679,-0.503,0.438,0.307 | p_IinG = -2.408,-1.661,0.869 | dist = 36.15 (meters)
bg = -0.0038,0.0208,0.0762 | ba = -0.0250,0.1817,0.1021
camera-imu timeoffset = -0.00005
cam0 intrinsics = 462.149,461.565,367.120,244.872 | -0.277,0.069,0.001,-0.000
cam1 intrinsics = 461.179,460.714,379.521,251.851 | -0.278,0.070,0.000,0.000
cam0 extrinsics = -0.006,0.011,0.702,0.712 | 0.063,-0.017,0.015
cam1 extrinsics = -0.000,0.015,0.703,0.711 | -0.049,-0.018,0.015
q_GtoI = 0.688,-0.499,0.434,0.298 | p_IinG = -2.402,-1.637,0.840 | dist = 36.19 (meters)
bg = -0.0037,0.0207,0.0760 | ba = -0.0255,0.1840,0.1028
camera-imu timeoffset = -0.00004
cam0 intrinsics = 462.157,461.577,367.107,244.859 | -0.277,0.069,0.001,-0.000
cam1 intrinsics = 461.181,460.721,379.510,251.838 | -0.278,0.070,0.001,0.000
cam0 extrinsics = -0.006,0.011,0.702,0.712 | 0.063,-0.017,0.015
cam1 extrinsics = -0.000,0.015,0.703,0.711 | -0.049,-0.017,0.015
q_GtoI = 0.695,-0.495,0.433,0.290 | p_IinG = -2.392,-1.617,0.812 | dist = 36.22 (meters)
bg = -0.0035,0.0207,0.0759 | ba = -0.0258,0.1868,0.1016
camera-imu timeoffset = -0.00005
cam0 intrinsics = 462.168,461.591,367.099,244.863 | -0.277,0.069,0.001,-0.000
cam1 intrinsics = 461.190,460.734,379.500,251.844 | -0.278,0.070,0.001,0.000
cam0 extrinsics = -0.006,0.011,0.702,0.712 | 0.063,-0.017,0.015
cam1 extrinsics = -0.000,0.015,0.703,0.711 | -0.049,-0.017,0.015
q_GtoI = 0.703,-0.489,0.432,0.283 | p_IinG = -2.385,-1.602,0.786 | dist = 36.25 (meters)
bg = -0.0036,0.0207,0.0761 | ba = -0.0261,0.1866,0.1001
camera-imu timeoffset = -0.00005
cam0 intrinsics = 462.181,461.603,367.098,244.875 | -0.277,0.069,0.001,-0.000
cam1 intrinsics = 461.202,460.745,379.485,251.851 | -0.278,0.070,0.001,0.000
cam0 extrinsics = -0.006,0.011,0.702,0.712 | 0.063,-0.017,0.015
cam1 extrinsics = -0.000,0.015,0.703,0.711 | -0.049,-0.017,0.015
q_GtoI = 0.709,-0.484,0.433,0.275 | p_IinG = -2.375,-1.590,0.760 | dist = 36.28 (meters)
bg = -0.0035,0.0207,0.0761 | ba = -0.0270,0.1870,0.0985
camera-imu timeoffset = -0.00004
cam0 intrinsics = 462.195,461.620,367.090,244.878 | -0.277,0.069,0.001,-0.000
cam1 intrinsics = 461.215,460.762,379.474,251.852 | -0.278,0.070,0.001,0.000
cam0 extrinsics = -0.006,0.011,0.702,0.712 | 0.063,-0.017,0.015
cam1 extrinsics = -0.000,0.015,0.703,0.711 | -0.049,-0.017,0.015
q_GtoI = 0.716,-0.477,0.433,0.270 | p_IinG = -2.365,-1.581,0.735 | dist = 36.31 (meters)
bg = -0.0035,0.0206,0.0760 | ba = -0.0268,0.1872,0.0971
camera-imu timeoffset = -0.00004
cam0 intrinsics = 462.210,461.634,367.097,244.868 | -0.277,0.069,0.001,-0.000
cam1 intrinsics = 461.230,460.776,379.475,251.844 | -0.278,0.070,0.001,0.000
cam0 extrinsics = -0.006,0.011,0.702,0.712 | 0.063,-0.017,0.015
cam1 extrinsics = -0.000,0.015,0.703,0.711 | -0.049,-0.017,0.015
q_GtoI = 0.723,-0.469,0.434,0.264 | p_IinG = -2.352,-1.575,0.709 | dist = 36.34 (meters)
bg = -0.0034,0.0206,0.0761 | ba = -0.0261,0.1887,0.0947
camera-imu timeoffset = -0.00004
cam0 intrinsics = 462.220,461.646,367.087,244.879 | -0.277,0.069,0.001,-0.000
cam1 intrinsics = 461.242,460.788,379.465,251.855 | -0.278,0.070,0.001,0.000
cam0 extrinsics = -0.006,0.011,0.702,0.712 | 0.063,-0.017,0.015
cam1 extrinsics = -0.000,0.015,0.703,0.711 | -0.049,-0.017,0.015
q_GtoI = 0.729,-0.462,0.435,0.258 | p_IinG = -2.336,-1.574,0.687 | dist = 36.37 (meters)
bg = -0.0031,0.0207,0.0759 | ba = -0.0277,0.1892,0.0924
camera-imu timeoffset = -0.00004
cam0 intrinsics = 462.228,461.660,367.073,244.886 | -0.277,0.069,0.001,-0.000
cam1 intrinsics = 461.248,460.802,379.449,251.864 | -0.278,0.070,0.000,0.000
cam0 extrinsics = -0.006,0.011,0.702,0.712 | 0.063,-0.017,0.015
cam1 extrinsics = -0.000,0.015,0.703,0.711 | -0.049,-0.017,0.015
q_GtoI = 0.735,-0.454,0.436,0.251 | p_IinG = -2.321,-1.578,0.665 | dist = 36.39 (meters)
bg = -0.0032,0.0207,0.0760 | ba = -0.0275,0.1884,0.0909
camera-imu timeoffset = -0.00004
cam0 intrinsics = 462.240,461.662,367.088,244.884 | -0.277,0.069,0.001,-0.000
cam1 intrinsics = 461.263,460.808,379.450,251.866 | -0.279,0.070,0.000,0.000
cam0 extrinsics = -0.006,0.011,0.702,0.712 | 0.063,-0.017,0.015
cam1 extrinsics = -0.000,0.015,0.703,0.711 | -0.049,-0.017,0.015
q_GtoI = 0.742,-0.445,0.438,0.245 | p_IinG = -2.303,-1.586,0.645 | dist = 36.42 (meters)
bg = -0.0030,0.0207,0.0759 | ba = -0.0274,0.1884,0.0904
camera-imu timeoffset = -0.00004
cam0 intrinsics = 462.242,461.667,367.080,244.890 | -0.277,0.069,0.001,-0.000
cam1 intrinsics = 461.265,460.813,379.438,251.871 | -0.279,0.070,0.000,0.000
cam0 extrinsics = -0.006,0.011,0.702,0.712 | 0.063,-0.017,0.015
cam1 extrinsics = -0.000,0.015,0.703,0.711 | -0.049,-0.017,0.015
q_GtoI = 0.749,-0.436,0.439,0.238 | p_IinG = -2.282,-1.597,0.630 | dist = 36.45 (meters)
bg = -0.0028,0.0206,0.0759 | ba = -0.0274,0.1891,0.0900
camera-imu timeoffset = -0.00004
cam0 intrinsics = 462.244,461.672,367.072,244.891 | -0.277,0.069,0.001,-0.000
cam1 intrinsics = 461.267,460.818,379.428,251.873 | -0.279,0.070,0.000,0.000
cam0 extrinsics = -0.006,0.011,0.702,0.712 | 0.063,-0.017,0.015
cam1 extrinsics = -0.000,0.015,0.703,0.711 | -0.049,-0.017,0.015
q_GtoI = 0.754,-0.425,0.443,0.233 | p_IinG = -2.261,-1.610,0.618 | dist = 36.48 (meters)
bg = -0.0027,0.0205,0.0760 | ba = -0.0260,0.1918,0.0938
camera-imu timeoffset = -0.00004
cam0 intrinsics = 462.247,461.686,367.059,244.904 | -0.277,0.069,0.001,-0.000
cam1 intrinsics = 461.271,460.834,379.417,251.894 | -0.279,0.070,0.001,0.000
cam0 extrinsics = -0.006,0.011,0.702,0.712 | 0.063,-0.017,0.015
cam1 extrinsics = -0.000,0.015,0.703,0.711 | -0.049,-0.017,0.015
q_GtoI = 0.758,-0.410,0.450,0.233 | p_IinG = -2.236,-1.631,0.611 | dist = 36.51 (meters)
bg = -0.0026,0.0204,0.0761 | ba = -0.0247,0.1927,0.0928
camera-imu timeoffset = -0.00004
cam0 intrinsics = 462.245,461.693,367.045,244.915 | -0.277,0.069,0.001,-0.000
cam1 intrinsics = 461.270,460.842,379.404,251.907 | -0.279,0.070,0.001,0.000
cam0 extrinsics = -0.006,0.011,0.702,0.712 | 0.063,-0.017,0.015
cam1 extrinsics = -0.000,0.015,0.703,0.711 | -0.049,-0.017,0.015
q_GtoI = 0.760,-0.392,0.461,0.237 | p_IinG = -2.209,-1.654,0.610 | dist = 36.55 (meters)
bg = -0.0025,0.0202,0.0762 | ba = -0.0239,0.1936,0.0919
camera-imu timeoffset = -0.00004
cam0 intrinsics = 462.246,461.708,367.032,244.926 | -0.277,0.069,0.001,-0.000
cam1 intrinsics = 461.271,460.857,379.393,251.918 | -0.279,0.070,0.001,0.000
cam0 extrinsics = -0.006,0.011,0.702,0.712 | 0.063,-0.017,0.015
cam1 extrinsics = -0.000,0.015,0.703,0.711 | -0.049,-0.017,0.015
q_GtoI = 0.761,-0.374,0.472,0.241 | p_IinG = -2.178,-1.681,0.611 | dist = 36.59 (meters)
bg = -0.0025,0.0200,0.0763 | ba = -0.0218,0.1933,0.0890
camera-imu timeoffset = -0.00004
cam0 intrinsics = 462.239,461.722,367.006,244.930 | -0.277,0.069,0.001,0.000
cam1 intrinsics = 461.261,460.869,379.369,251.923 | -0.279,0.070,0.001,0.000
cam0 extrinsics = -0.006,0.011,0.702,0.712 | 0.063,-0.017,0.015
cam1 extrinsics = -0.000,0.015,0.703,0.711 | -0.049,-0.018,0.015
q_GtoI = 0.761,-0.359,0.483,0.241 | p_IinG = -2.147,-1.707,0.614 | dist = 36.63 (meters)
bg = -0.0025,0.0198,0.0764 | ba = -0.0204,0.1938,0.0884
camera-imu timeoffset = -0.00004
cam0 intrinsics = 462.236,461.733,366.998,244.944 | -0.277,0.069,0.001,0.000
cam1 intrinsics = 461.255,460.880,379.364,251.934 | -0.279,0.070,0.001,0.000
cam0 extrinsics = -0.006,0.011,0.702,0.712 | 0.063,-0.018,0.015
cam1 extrinsics = -0.000,0.015,0.703,0.711 | -0.049,-0.018,0.015
q_GtoI = 0.761,-0.343,0.496,0.240 | p_IinG = -2.114,-1.736,0.620 | dist = 36.67 (meters)
bg = -0.0024,0.0196,0.0764 | ba = -0.0204,0.1917,0.0851
camera-imu timeoffset = -0.00004
cam0 intrinsics = 462.249,461.753,366.991,244.948 | -0.277,0.069,0.001,0.000
cam1 intrinsics = 461.266,460.898,379.359,251.937 | -0.279,0.070,0.001,0.000
cam0 extrinsics = -0.006,0.011,0.702,0.712 | 0.063,-0.018,0.015
cam1 extrinsics = -0.000,0.015,0.703,0.711 | -0.049,-0.018,0.015
q_GtoI = 0.761,-0.331,0.506,0.235 | p_IinG = -2.079,-1.765,0.626 | dist = 36.72 (meters)
bg = -0.0025,0.0194,0.0763 | ba = -0.0215,0.1903,0.0832
camera-imu timeoffset = -0.00004
cam0 intrinsics = 462.264,461.768,366.985,244.952 | -0.277,0.069,0.001,0.000
cam1 intrinsics = 461.278,460.911,379.352,251.941 | -0.279,0.070,0.001,0.000
cam0 extrinsics = -0.006,0.011,0.702,0.712 | 0.063,-0.018,0.015
cam1 extrinsics = -0.000,0.015,0.703,0.711 | -0.049,-0.018,0.015
q_GtoI = 0.761,-0.321,0.515,0.230 | p_IinG = -2.043,-1.794,0.630 | dist = 36.76 (meters)
bg = -0.0025,0.0193,0.0762 | ba = -0.0217,0.1878,0.0816
camera-imu timeoffset = -0.00005
cam0 intrinsics = 462.280,461.783,366.976,244.951 | -0.277,0.069,0.001,0.000
cam1 intrinsics = 461.291,460.924,379.343,251.940 | -0.279,0.070,0.001,0.000
cam0 extrinsics = -0.006,0.011,0.702,0.712 | 0.063,-0.018,0.016
cam1 extrinsics = -0.000,0.015,0.703,0.711 | -0.049,-0.018,0.015
q_GtoI = 0.762,-0.313,0.521,0.225 | p_IinG = -2.007,-1.824,0.633 | dist = 36.81 (meters)
bg = -0.0025,0.0192,0.0761 | ba = -0.0229,0.1844,0.0783
camera-imu timeoffset = -0.00005
cam0 intrinsics = 462.298,461.801,366.968,244.950 | -0.277,0.069,0.001,0.000
cam1 intrinsics = 461.306,460.940,379.334,251.939 | -0.279,0.070,0.001,0.000
cam0 extrinsics = -0.006,0.011,0.702,0.712 | 0.063,-0.018,0.016
cam1 extrinsics = -0.000,0.015,0.703,0.711 | -0.049,-0.018,0.015
q_GtoI = 0.764,-0.308,0.523,0.219 | p_IinG = -1.970,-1.854,0.636 | dist = 36.86 (meters)
bg = -0.0027,0.0191,0.0761 | ba = -0.0242,0.1788,0.0752
camera-imu timeoffset = -0.00005
cam0 intrinsics = 462.321,461.819,366.961,244.946 | -0.277,0.069,0.001,0.000
cam1 intrinsics = 461.327,460.957,379.327,251.934 | -0.279,0.070,0.001,0.000
cam0 extrinsics = -0.006,0.011,0.702,0.712 | 0.063,-0.018,0.016
cam1 extrinsics = -0.000,0.015,0.703,0.711 | -0.049,-0.018,0.015
q_GtoI = 0.769,-0.305,0.520,0.213 | p_IinG = -1.932,-1.884,0.637 | dist = 36.90 (meters)
bg = -0.0028,0.0191,0.0762 | ba = -0.0266,0.1749,0.0706
camera-imu timeoffset = -0.00005
cam0 intrinsics = 462.333,461.835,366.953,244.954 | -0.277,0.069,0.001,0.000
cam1 intrinsics = 461.338,460.973,379.321,251.941 | -0.279,0.070,0.001,0.000
cam0 extrinsics = -0.006,0.011,0.702,0.712 | 0.063,-0.018,0.016
cam1 extrinsics = -0.000,0.015,0.703,0.711 | -0.048,-0.018,0.016
q_GtoI = 0.776,-0.304,0.513,0.208 | p_IinG = -1.887,-1.911,0.634 | dist = 36.95 (meters)
bg = -0.0024,0.0192,0.0764 | ba = -0.0308,0.1706,0.0573
camera-imu timeoffset = -0.00005
cam0 intrinsics = 462.342,461.857,366.939,244.999 | -0.277,0.069,0.001,0.000
cam1 intrinsics = 461.362,461.007,379.282,251.986 | -0.279,0.070,0.001,0.000
cam0 extrinsics = -0.006,0.011,0.702,0.712 | 0.064,-0.017,0.016
cam1 extrinsics = -0.000,0.015,0.703,0.711 | -0.048,-0.018,0.015
q_GtoI = 0.783,-0.304,0.503,0.201 | p_IinG = -1.847,-1.942,0.633 | dist = 37.00 (meters)
bg = -0.0023,0.0192,0.0765 | ba = -0.0311,0.1668,0.0532
camera-imu timeoffset = -0.00005
cam0 intrinsics = 462.353,461.874,366.929,245.009 | -0.277,0.069,0.001,0.000
cam1 intrinsics = 461.374,461.025,379.271,251.994 | -0.279,0.070,0.001,0.000
cam0 extrinsics = -0.006,0.011,0.702,0.712 | 0.064,-0.017,0.016
cam1 extrinsics = -0.000,0.015,0.703,0.711 | -0.048,-0.017,0.015
q_GtoI = 0.790,-0.305,0.494,0.194 | p_IinG = -1.805,-1.974,0.631 | dist = 37.05 (meters)
bg = -0.0022,0.0192,0.0765 | ba = -0.0308,0.1633,0.0497
camera-imu timeoffset = -0.00005
cam0 intrinsics = 462.358,461.888,366.916,245.019 | -0.277,0.069,0.001,0.000
cam1 intrinsics = 461.380,461.040,379.258,252.004 | -0.279,0.070,0.001,0.000
cam0 extrinsics = -0.006,0.011,0.702,0.712 | 0.064,-0.017,0.016
cam1 extrinsics = -0.000,0.015,0.703,0.711 | -0.048,-0.017,0.015
q_GtoI = 0.797,-0.306,0.486,0.189 | p_IinG = -1.761,-2.007,0.629 | dist = 37.10 (meters)
bg = -0.0021,0.0192,0.0766 | ba = -0.0312,0.1603,0.0466
camera-imu timeoffset = -0.00005
cam0 intrinsics = 462.360,461.897,366.909,245.026 | -0.277,0.069,0.001,0.000
cam1 intrinsics = 461.382,461.049,379.251,252.009 | -0.279,0.070,0.001,0.000
cam0 extrinsics = -0.006,0.011,0.702,0.712 | 0.064,-0.017,0.016
cam1 extrinsics = -0.000,0.015,0.703,0.711 | -0.048,-0.017,0.015
q_GtoI = 0.802,-0.307,0.478,0.184 | p_IinG = -1.713,-2.041,0.626 | dist = 37.16 (meters)
bg = -0.0018,0.0192,0.0767 | ba = -0.0324,0.1565,0.0424
camera-imu timeoffset = -0.00005
cam0 intrinsics = 462.367,461.909,366.908,245.037 | -0.277,0.069,0.001,0.000
cam1 intrinsics = 461.384,461.057,379.242,252.017 | -0.279,0.070,0.001,0.000
cam0 extrinsics = -0.006,0.011,0.702,0.712 | 0.064,-0.016,0.016
cam1 extrinsics = -0.000,0.015,0.703,0.711 | -0.048,-0.017,0.015
q_GtoI = 0.806,-0.307,0.472,0.180 | p_IinG = -1.665,-2.078,0.622 | dist = 37.22 (meters)
bg = -0.0017,0.0193,0.0767 | ba = -0.0329,0.1538,0.0400
camera-imu timeoffset = -0.00005
cam0 intrinsics = 462.369,461.919,366.900,245.041 | -0.277,0.069,0.001,0.000
cam1 intrinsics = 461.387,461.068,379.233,252.019 | -0.279,0.070,0.001,0.000
cam0 extrinsics = -0.006,0.011,0.702,0.712 | 0.064,-0.016,0.015
cam1 extrinsics = -0.000,0.015,0.703,0.711 | -0.048,-0.016,0.015
q_GtoI = 0.810,-0.307,0.468,0.177 | p_IinG = -1.614,-2.118,0.619 | dist = 37.29 (meters)
bg = -0.0017,0.0192,0.0767 | ba = -0.0339,0.1505,0.0383
camera-imu timeoffset = -0.00005
cam0 intrinsics = 462.369,461.925,366.896,245.037 | -0.277,0.069,0.001,0.000
cam1 intrinsics = 461.388,461.076,379.229,252.012 | -0.279,0.070,0.001,0.000
cam0 extrinsics = -0.006,0.011,0.702,0.712 | 0.064,-0.016,0.015
cam1 extrinsics = -0.000,0.015,0.703,0.711 | -0.048,-0.016,0.015
q_GtoI = 0.810,-0.305,0.469,0.177 | p_IinG = -1.560,-2.161,0.618 | dist = 37.35 (meters)
bg = -0.0017,0.0192,0.0768 | ba = -0.0347,0.1483,0.0378
camera-imu timeoffset = -0.00005
cam0 intrinsics = 462.364,461.928,366.887,245.049 | -0.277,0.069,0.001,0.000
cam1 intrinsics = 461.384,461.080,379.221,252.023 | -0.279,0.070,0.001,0.000
cam0 extrinsics = -0.006,0.011,0.702,0.712 | 0.064,-0.016,0.015
cam1 extrinsics = -0.000,0.015,0.703,0.711 | -0.047,-0.016,0.015
q_GtoI = 0.805,-0.302,0.479,0.180 | p_IinG = -1.503,-2.207,0.618 | dist = 37.43 (meters)
bg = -0.0016,0.0192,0.0767 | ba = -0.0336,0.1482,0.0402
camera-imu timeoffset = -0.00005
cam0 intrinsics = 462.350,461.925,366.885,245.066 | -0.277,0.069,0.001,0.000
cam1 intrinsics = 461.369,461.075,379.222,252.038 | -0.279,0.070,0.001,0.000
cam0 extrinsics = -0.006,0.011,0.702,0.712 | 0.064,-0.016,0.016
cam1 extrinsics = -0.000,0.015,0.703,0.711 | -0.047,-0.016,0.015
q_GtoI = 0.795,-0.296,0.496,0.186 | p_IinG = -1.442,-2.255,0.619 | dist = 37.50 (meters)
bg = -0.0016,0.0191,0.0769 | ba = -0.0341,0.1483,0.0397
camera-imu timeoffset = -0.00004
cam0 intrinsics = 462.353,461.931,366.880,245.067 | -0.277,0.069,0.001,0.000
cam1 intrinsics = 461.370,461.080,379.223,252.040 | -0.279,0.070,0.001,0.000
cam0 extrinsics = -0.006,0.011,0.702,0.712 | 0.064,-0.016,0.016
cam1 extrinsics = -0.000,0.015,0.703,0.711 | -0.048,-0.016,0.015
q_GtoI = 0.784,-0.290,0.514,0.193 | p_IinG = -1.381,-2.304,0.622 | dist = 37.58 (meters)
bg = -0.0015,0.0191,0.0768 | ba = -0.0331,0.1484,0.0404
camera-imu timeoffset = -0.00004
cam0 intrinsics = 462.358,461.931,366.875,245.070 | -0.277,0.069,0.001,0.000
cam1 intrinsics = 461.372,461.076,379.223,252.044 | -0.279,0.070,0.001,0.000
cam0 extrinsics = -0.006,0.011,0.702,0.712 | 0.064,-0.016,0.016
cam1 extrinsics = -0.000,0.015,0.703,0.711 | -0.047,-0.016,0.015
q_GtoI = 0.771,-0.284,0.533,0.200 | p_IinG = -1.318,-2.352,0.625 | dist = 37.66 (meters)
bg = -0.0014,0.0191,0.0767 | ba = -0.0339,0.1489,0.0415
camera-imu timeoffset = -0.00004
cam0 intrinsics = 462.364,461.932,366.874,245.072 | -0.277,0.069,0.001,0.000
cam1 intrinsics = 461.378,461.077,379.224,252.048 | -0.279,0.070,0.001,0.000
cam0 extrinsics = -0.006,0.011,0.702,0.712 | 0.064,-0.016,0.016
cam1 extrinsics = -0.000,0.015,0.703,0.711 | -0.047,-0.016,0.015
q_GtoI = 0.758,-0.279,0.552,0.206 | p_IinG = -1.254,-2.401,0.628 | dist = 37.74 (meters)
bg = -0.0013,0.0192,0.0767 | ba = -0.0356,0.1485,0.0422
camera-imu timeoffset = -0.00005
cam0 intrinsics = 462.373,461.932,366.875,245.068 | -0.277,0.069,0.001,0.000
cam1 intrinsics = 461.386,461.076,379.227,252.048 | -0.279,0.070,0.001,0.000
cam0 extrinsics = -0.006,0.011,0.702,0.712 | 0.064,-0.016,0.016
cam1 extrinsics = -0.000,0.015,0.703,0.711 | -0.047,-0.016,0.015
q_GtoI = 0.746,-0.274,0.569,0.213 | p_IinG = -1.192,-2.449,0.630 | dist = 37.82 (meters)
bg = -0.0012,0.0194,0.0770 | ba = -0.0362,0.1486,0.0439
camera-imu timeoffset = -0.00005
cam0 intrinsics = 462.376,461.930,366.874,245.059 | -0.277,0.069,0.001,0.000
cam1 intrinsics = 461.389,461.072,379.227,252.038 | -0.279,0.070,0.001,0.000
cam0 extrinsics = -0.006,0.011,0.702,0.712 | 0.064,-0.016,0.016
cam1 extrinsics = -0.000,0.015,0.703,0.711 | -0.047,-0.016,0.015
q_GtoI = 0.734,-0.269,0.584,0.219 | p_IinG = -1.131,-2.494,0.632 | dist = 37.89 (meters)
bg = -0.0011,0.0196,0.0771 | ba = -0.0371,0.1507,0.0444
camera-imu timeoffset = -0.00005
cam0 intrinsics = 462.383,461.930,366.879,245.056 | -0.277,0.069,0.001,0.000
cam1 intrinsics = 461.395,461.070,379.227,252.032 | -0.279,0.070,0.001,0.000
cam0 extrinsics = -0.006,0.011,0.702,0.712 | 0.064,-0.015,0.016
cam1 extrinsics = -0.000,0.015,0.703,0.711 | -0.047,-0.016,0.015
q_GtoI = 0.724,-0.265,0.596,0.225 | p_IinG = -1.072,-2.535,0.634 | dist = 37.97 (meters)
bg = -0.0010,0.0199,0.0773 | ba = -0.0386,0.1530,0.0446
camera-imu timeoffset = -0.00005
cam0 intrinsics = 462.384,461.920,366.881,245.048 | -0.277,0.069,0.001,0.000
cam1 intrinsics = 461.393,461.059,379.230,252.021 | -0.279,0.070,0.001,0.000
cam0 extrinsics = -0.006,0.011,0.702,0.712 | 0.064,-0.015,0.015
cam1 extrinsics = -0.000,0.015,0.703,0.711 | -0.047,-0.016,0.015
q_GtoI = 0.713,-0.261,0.608,0.231 | p_IinG = -1.017,-2.574,0.639 | dist = 38.03 (meters)
bg = -0.0008,0.0204,0.0775 | ba = -0.0411,0.1569,0.0483
camera-imu timeoffset = -0.00005
cam0 intrinsics = 462.378,461.907,366.871,245.050 | -0.277,0.069,0.001,0.000
cam1 intrinsics = 461.383,461.042,379.232,252.021 | -0.279,0.070,0.001,0.000
cam0 extrinsics = -0.006,0.011,0.702,0.712 | 0.064,-0.015,0.015
cam1 extrinsics = -0.000,0.015,0.703,0.711 | -0.047,-0.015,0.015
q_GtoI = 0.700,-0.256,0.623,0.238 | p_IinG = -0.964,-2.611,0.645 | dist = 38.10 (meters)
bg = -0.0007,0.0208,0.0777 | ba = -0.0423,0.1554,0.0474
camera-imu timeoffset = -0.00005
cam0 intrinsics = 462.360,461.878,366.876,245.036 | -0.277,0.069,0.001,0.000
cam1 intrinsics = 461.366,461.013,379.234,252.005 | -0.279,0.070,0.001,0.000
cam0 extrinsics = -0.006,0.011,0.702,0.712 | 0.064,-0.015,0.015
cam1 extrinsics = -0.000,0.015,0.703,0.711 | -0.047,-0.015,0.015
q_GtoI = 0.686,-0.252,0.638,0.244 | p_IinG = -0.917,-2.643,0.653 | dist = 38.15 (meters)
bg = -0.0005,0.0211,0.0778 | ba = -0.0416,0.1538,0.0475
camera-imu timeoffset = -0.00005
cam0 intrinsics = 462.354,461.867,366.872,245.030 | -0.277,0.069,0.001,0.000
cam1 intrinsics = 461.362,461.002,379.233,251.999 | -0.279,0.070,0.001,0.000
cam0 extrinsics = -0.006,0.011,0.702,0.712 | 0.064,-0.015,0.015
cam1 extrinsics = -0.000,0.015,0.703,0.711 | -0.048,-0.015,0.015
q_GtoI = 0.673,-0.248,0.650,0.250 | p_IinG = -0.876,-2.668,0.661 | dist = 38.20 (meters)
bg = -0.0003,0.0214,0.0780 | ba = -0.0392,0.1532,0.0475
camera-imu timeoffset = -0.00004
cam0 intrinsics = 462.351,461.859,366.869,245.023 | -0.277,0.069,0.001,0.000
cam1 intrinsics = 461.360,460.995,379.232,251.992 | -0.279,0.070,0.001,0.000
cam0 extrinsics = -0.006,0.011,0.702,0.712 | 0.064,-0.015,0.015
cam1 extrinsics = -0.000,0.015,0.703,0.711 | -0.048,-0.015,0.015
q_GtoI = 0.663,-0.246,0.660,0.255 | p_IinG = -0.842,-2.687,0.671 | dist = 38.24 (meters)
bg = -0.0002,0.0216,0.0782 | ba = -0.0373,0.1520,0.0478
camera-imu timeoffset = -0.00004
cam0 intrinsics = 462.351,461.858,366.866,245.021 | -0.277,0.069,0.001,0.000
cam1 intrinsics = 461.363,460.995,379.227,251.990 | -0.279,0.070,0.001,0.000
cam0 extrinsics = -0.006,0.011,0.702,0.712 | 0.064,-0.015,0.015
cam1 extrinsics = -0.000,0.015,0.703,0.711 | -0.048,-0.015,0.015
q_GtoI = 0.655,-0.244,0.666,0.259 | p_IinG = -0.815,-2.699,0.682 | dist = 38.27 (meters)
bg = -0.0002,0.0218,0.0785 | ba = -0.0350,0.1509,0.0484
camera-imu timeoffset = -0.00004
cam0 intrinsics = 462.340,461.849,366.861,245.021 | -0.277,0.069,0.001,0.000
cam1 intrinsics = 461.357,460.990,379.220,251.985 | -0.279,0.070,0.001,0.000
cam0 extrinsics = -0.006,0.011,0.702,0.712 | 0.064,-0.015,0.015
cam1 extrinsics = -0.000,0.015,0.703,0.711 | -0.048,-0.015,0.014
q_GtoI = 0.649,-0.243,0.671,0.262 | p_IinG = -0.795,-2.704,0.697 | dist = 38.30 (meters)
bg = -0.0001,0.0218,0.0783 | ba = -0.0343,0.1502,0.0492
camera-imu timeoffset = -0.00004
cam0 intrinsics = 462.317,461.841,366.873,245.021 | -0.277,0.069,0.001,0.000
cam1 intrinsics = 461.339,460.985,379.228,251.986 | -0.279,0.070,0.000,0.000
cam0 extrinsics = -0.006,0.011,0.702,0.712 | 0.064,-0.015,0.015
cam1 extrinsics = -0.000,0.015,0.703,0.711 | -0.048,-0.016,0.014
q_GtoI = 0.648,-0.242,0.672,0.264 | p_IinG = -0.787,-2.702,0.711 | dist = 38.32 (meters)
bg = -0.0008,0.0217,0.0786 | ba = -0.0306,0.1461,0.0522
camera-imu timeoffset = -0.00003
cam0 intrinsics = 462.339,461.856,366.885,245.012 | -0.277,0.069,0.001,0.000
cam1 intrinsics = 461.359,460.998,379.234,251.971 | -0.279,0.070,0.001,0.000
cam0 extrinsics = -0.006,0.011,0.702,0.712 | 0.064,-0.015,0.015
cam1 extrinsics = -0.000,0.015,0.703,0.711 | -0.048,-0.016,0.015
q_GtoI = 0.651,-0.245,0.668,0.264 | p_IinG = -0.785,-2.691,0.730 | dist = 38.34 (meters)
bg = -0.0009,0.0216,0.0787 | ba = -0.0293,0.1450,0.0535
camera-imu timeoffset = -0.00003
cam0 intrinsics = 462.341,461.859,366.884,245.011 | -0.277,0.069,0.001,0.000
cam1 intrinsics = 461.359,460.999,379.236,251.967 | -0.279,0.070,0.001,0.000
cam0 extrinsics = -0.006,0.011,0.702,0.712 | 0.064,-0.015,0.015
cam1 extrinsics = -0.000,0.015,0.703,0.711 | -0.048,-0.016,0.015
q_GtoI = 0.664,-0.250,0.654,0.261 | p_IinG = -0.790,-2.674,0.749 | dist = 38.37 (meters)
bg = -0.0011,0.0216,0.0786 | ba = -0.0269,0.1426,0.0552
camera-imu timeoffset = -0.00003
cam0 intrinsics = 462.349,461.865,366.892,245.004 | -0.277,0.069,0.001,0.000
cam1 intrinsics = 461.366,461.004,379.237,251.956 | -0.279,0.070,0.001,0.000
cam0 extrinsics = -0.006,0.011,0.702,0.712 | 0.064,-0.015,0.015
cam1 extrinsics = -0.000,0.015,0.703,0.711 | -0.048,-0.016,0.014
q_GtoI = 0.682,-0.258,0.636,0.255 | p_IinG = -0.802,-2.649,0.769 | dist = 38.40 (meters)
bg = -0.0013,0.0216,0.0785 | ba = -0.0256,0.1418,0.0568
camera-imu timeoffset = -0.00003
cam0 intrinsics = 462.344,461.861,366.896,245.008 | -0.277,0.069,0.001,0.000
cam1 intrinsics = 461.359,460.998,379.246,251.959 | -0.279,0.070,0.001,0.000
cam0 extrinsics = -0.006,0.011,0.702,0.712 | 0.064,-0.016,0.015
cam1 extrinsics = -0.000,0.015,0.703,0.711 | -0.048,-0.016,0.014
q_GtoI = 0.701,-0.266,0.614,0.248 | p_IinG = -0.818,-2.616,0.789 | dist = 38.44 (meters)
bg = -0.0014,0.0214,0.0784 | ba = -0.0249,0.1419,0.0578
camera-imu timeoffset = -0.00003
cam0 intrinsics = 462.339,461.857,366.907,245.003 | -0.277,0.069,0.001,0.000
cam1 intrinsics = 461.350,460.991,379.254,251.952 | -0.279,0.070,0.001,0.000
cam0 extrinsics = -0.006,0.011,0.702,0.712 | 0.064,-0.016,0.015
cam1 extrinsics = -0.000,0.015,0.703,0.711 | -0.048,-0.016,0.014
q_GtoI = 0.718,-0.274,0.593,0.240 | p_IinG = -0.839,-2.580,0.810 | dist = 38.49 (meters)
bg = -0.0015,0.0212,0.0782 | ba = -0.0256,0.1419,0.0596
camera-imu timeoffset = -0.00003
cam0 intrinsics = 462.347,461.862,366.909,244.971 | -0.277,0.069,0.001,0.000
cam1 intrinsics = 461.356,460.988,379.258,251.927 | -0.279,0.070,0.001,0.000
cam0 extrinsics = -0.006,0.011,0.702,0.712 | 0.064,-0.016,0.015
cam1 extrinsics = -0.000,0.015,0.703,0.711 | -0.048,-0.016,0.015
q_GtoI = 0.735,-0.281,0.571,0.233 | p_IinG = -0.861,-2.541,0.831 | dist = 38.54 (meters)
bg = -0.0015,0.0210,0.0781 | ba = -0.0255,0.1416,0.0597
camera-imu timeoffset = -0.00003
cam0 intrinsics = 462.349,461.867,366.922,244.972 | -0.277,0.069,0.001,0.000
cam1 intrinsics = 461.358,460.992,379.275,251.930 | -0.279,0.070,0.001,0.000
cam0 extrinsics = -0.006,0.011,0.702,0.712 | 0.064,-0.016,0.015
cam1 extrinsics = -0.000,0.015,0.703,0.711 | -0.048,-0.016,0.015
q_GtoI = 0.751,-0.288,0.550,0.224 | p_IinG = -0.884,-2.498,0.852 | dist = 38.59 (meters)
bg = -0.0015,0.0209,0.0779 | ba = -0.0270,0.1419,0.0594
camera-imu timeoffset = -0.00003
cam0 intrinsics = 462.363,461.886,366.953,244.953 | -0.277,0.069,0.001,0.000
cam1 intrinsics = 461.375,461.011,379.310,251.914 | -0.279,0.070,0.001,0.000
cam0 extrinsics = -0.006,0.011,0.702,0.712 | 0.064,-0.016,0.015
cam1 extrinsics = -0.000,0.015,0.703,0.711 | -0.048,-0.016,0.015
q_GtoI = 0.766,-0.296,0.529,0.214 | p_IinG = -0.908,-2.455,0.872 | dist = 38.65 (meters)
bg = -0.0016,0.0205,0.0777 | ba = -0.0276,0.1409,0.0586
camera-imu timeoffset = -0.00003
cam0 intrinsics = 462.368,461.885,366.979,244.943 | -0.277,0.069,0.001,0.000
cam1 intrinsics = 461.382,461.011,379.340,251.905 | -0.279,0.070,0.001,0.000
cam0 extrinsics = -0.006,0.011,0.702,0.712 | 0.064,-0.016,0.015
cam1 extrinsics = -0.000,0.015,0.703,0.711 | -0.048,-0.016,0.015
q_GtoI = 0.780,-0.302,0.508,0.205 | p_IinG = -0.930,-2.413,0.892 | dist = 38.70 (meters)
bg = -0.0017,0.0205,0.0775 | ba = -0.0273,0.1404,0.0577
camera-imu timeoffset = -0.00003
cam0 intrinsics = 462.368,461.885,366.983,244.948 | -0.277,0.069,0.001,0.000
cam1 intrinsics = 461.384,461.013,379.346,251.911 | -0.279,0.070,0.001,0.000
cam0 extrinsics = -0.006,0.011,0.702,0.712 | 0.064,-0.016,0.015
cam1 extrinsics = -0.000,0.015,0.703,0.711 | -0.048,-0.016,0.015
q_GtoI = 0.794,-0.309,0.486,0.195 | p_IinG = -0.951,-2.374,0.913 | dist = 38.75 (meters)
bg = -0.0020,0.0207,0.0774 | ba = -0.0283,0.1389,0.0564
camera-imu timeoffset = -0.00003
cam0 intrinsics = 462.366,461.911,366.974,244.947 | -0.278,0.069,0.001,0.000
cam1 intrinsics = 461.383,461.039,379.342,251.906 | -0.279,0.070,0.001,0.000
cam0 extrinsics = -0.006,0.011,0.702,0.712 | 0.063,-0.016,0.015
cam1 extrinsics = -0.000,0.015,0.703,0.711 | -0.048,-0.016,0.015
q_GtoI = 0.806,-0.315,0.466,0.185 | p_IinG = -0.969,-2.336,0.932 | dist = 38.80 (meters)
bg = -0.0022,0.0208,0.0771 | ba = -0.0268,0.1382,0.0550
camera-imu timeoffset = -0.00003
cam0 intrinsics = 462.363,461.915,366.976,244.947 | -0.278,0.069,0.001,0.000
cam1 intrinsics = 461.380,461.042,379.345,251.907 | -0.279,0.070,0.000,0.000
cam0 extrinsics = -0.006,0.011,0.702,0.712 | 0.063,-0.016,0.015
cam1 extrinsics = -0.000,0.015,0.703,0.711 | -0.048,-0.016,0.015
q_GtoI = 0.817,-0.322,0.445,0.173 | p_IinG = -0.984,-2.299,0.949 | dist = 38.84 (meters)
bg = -0.0023,0.0208,0.0769 | ba = -0.0261,0.1378,0.0533
camera-imu timeoffset = -0.00002
cam0 intrinsics = 462.358,461.920,366.976,244.947 | -0.278,0.069,0.001,0.000
cam1 intrinsics = 461.375,461.047,379.351,251.907 | -0.279,0.070,0.000,0.000
cam0 extrinsics = -0.006,0.011,0.702,0.712 | 0.063,-0.016,0.015
cam1 extrinsics = -0.000,0.015,0.703,0.711 | -0.048,-0.016,0.015
q_GtoI = 0.828,-0.330,0.423,0.161 | p_IinG = -0.995,-2.267,0.967 | dist = 38.88 (meters)
bg = -0.0023,0.0209,0.0769 | ba = -0.0257,0.1373,0.0528
camera-imu timeoffset = -0.00002
cam0 intrinsics = 462.363,461.928,366.988,244.937 | -0.278,0.069,0.001,0.000
cam1 intrinsics = 461.380,461.054,379.367,251.899 | -0.279,0.070,0.000,0.000
cam0 extrinsics = -0.006,0.011,0.702,0.712 | 0.063,-0.016,0.015
cam1 extrinsics = -0.000,0.015,0.703,0.711 | -0.048,-0.016,0.015
q_GtoI = 0.838,-0.338,0.402,0.148 | p_IinG = -1.000,-2.240,0.984 | dist = 38.92 (meters)
bg = -0.0024,0.0209,0.0768 | ba = -0.0260,0.1369,0.0512
camera-imu timeoffset = -0.00002
cam0 intrinsics = 462.361,461.930,366.994,244.931 | -0.277,0.069,0.001,0.000
cam1 intrinsics = 461.378,461.055,379.372,251.897 | -0.279,0.070,0.000,0.000
cam0 extrinsics = -0.006,0.011,0.702,0.712 | 0.063,-0.016,0.015
cam1 extrinsics = -0.000,0.015,0.703,0.711 | -0.048,-0.016,0.015
q_GtoI = 0.846,-0.347,0.382,0.135 | p_IinG = -0.998,-2.219,1.001 | dist = 38.94 (meters)
bg = -0.0024,0.0210,0.0768 | ba = -0.0262,0.1368,0.0505
camera-imu timeoffset = -0.00002
cam0 intrinsics = 462.363,461.938,367.002,244.926 | -0.277,0.069,0.001,0.000
cam1 intrinsics = 461.381,461.063,379.382,251.895 | -0.279,0.070,0.000,0.000
cam0 extrinsics = -0.006,0.011,0.702,0.712 | 0.063,-0.015,0.015
cam1 extrinsics = -0.000,0.015,0.703,0.711 | -0.048,-0.016,0.015
q_GtoI = 0.853,-0.350,0.366,0.127 | p_IinG = -0.994,-2.210,1.018 | dist = 38.97 (meters)
bg = -0.0026,0.0208,0.0773 | ba = -0.0235,0.1335,0.0524
camera-imu timeoffset = -0.00002
cam0 intrinsics = 462.307,461.881,367.031,244.901 | -0.277,0.069,0.001,0.000
cam1 intrinsics = 461.316,460.995,379.416,251.876 | -0.279,0.070,0.000,0.000
cam0 extrinsics = -0.006,0.011,0.702,0.712 | 0.063,-0.015,0.015
cam1 extrinsics = -0.000,0.015,0.703,0.711 | -0.048,-0.016,0.015
q_GtoI = 0.858,-0.351,0.353,0.124 | p_IinG = -0.979,-2.206,1.037 | dist = 38.99 (meters)
bg = -0.0026,0.0204,0.0773 | ba = -0.0234,0.1324,0.0537
camera-imu timeoffset = -0.00002
cam0 intrinsics = 462.295,461.865,367.047,244.893 | -0.277,0.069,0.001,0.000
cam1 intrinsics = 461.305,460.979,379.431,251.869 | -0.279,0.070,0.000,0.000
cam0 extrinsics = -0.006,0.011,0.702,0.712 | 0.063,-0.015,0.015
cam1 extrinsics = -0.000,0.015,0.703,0.711 | -0.048,-0.016,0.015
q_GtoI = 0.861,-0.350,0.347,0.125 | p_IinG = -0.955,-2.210,1.058 | dist = 39.03 (meters)
bg = -0.0026,0.0203,0.0772 | ba = -0.0237,0.1331,0.0553
camera-imu timeoffset = -0.00002
cam0 intrinsics = 462.283,461.867,367.060,244.891 | -0.277,0.069,0.001,0.000
cam1 intrinsics = 461.301,460.987,379.437,251.866 | -0.279,0.070,0.000,0.000
cam0 extrinsics = -0.006,0.011,0.702,0.712 | 0.063,-0.015,0.015
cam1 extrinsics = -0.000,0.015,0.703,0.711 | -0.048,-0.016,0.015
q_GtoI = 0.860,-0.347,0.350,0.130 | p_IinG = -0.919,-2.222,1.079 | dist = 39.07 (meters)
bg = -0.0024,0.0202,0.0772 | ba = -0.0225,0.1341,0.0546
camera-imu timeoffset = -0.00002
cam0 intrinsics = 462.270,461.855,367.069,244.898 | -0.278,0.069,0.001,0.000
cam1 intrinsics = 461.288,460.974,379.441,251.872 | -0.279,0.070,0.000,0.000
cam0 extrinsics = -0.006,0.011,0.702,0.712 | 0.063,-0.015,0.015
cam1 extrinsics = -0.000,0.015,0.703,0.711 | -0.048,-0.016,0.015
q_GtoI = 0.855,-0.344,0.363,0.139 | p_IinG = -0.872,-2.242,1.102 | dist = 39.13 (meters)
bg = -0.0021,0.0199,0.0770 | ba = -0.0209,0.1358,0.0533
camera-imu timeoffset = -0.00002
cam0 intrinsics = 462.313,461.893,367.066,244.909 | -0.278,0.069,0.001,-0.000
cam1 intrinsics = 461.328,461.011,379.439,251.878 | -0.279,0.070,0.000,0.000
cam0 extrinsics = -0.006,0.011,0.702,0.712 | 0.063,-0.015,0.015
cam1 extrinsics = -0.000,0.015,0.703,0.711 | -0.049,-0.016,0.015
q_GtoI = 0.844,-0.338,0.388,0.152 | p_IinG = -0.819,-2.277,1.132 | dist = 39.20 (meters)
bg = -0.0021,0.0200,0.0771 | ba = -0.0213,0.1350,0.0546
camera-imu timeoffset = -0.00003
cam0 intrinsics = 462.295,461.876,367.064,244.923 | -0.278,0.069,0.001,-0.000
cam1 intrinsics = 461.307,460.991,379.441,251.894 | -0.279,0.070,0.000,0.000
cam0 extrinsics = -0.006,0.011,0.702,0.712 | 0.063,-0.015,0.015
cam1 extrinsics = -0.000,0.015,0.703,0.711 | -0.049,-0.016,0.015
q_GtoI = 0.829,-0.331,0.420,0.166 | p_IinG = -0.760,-2.322,1.163 | dist = 39.28 (meters)
bg = -0.0025,0.0202,0.0770 | ba = -0.0205,0.1334,0.0550
camera-imu timeoffset = -0.00004
cam0 intrinsics = 462.258,461.824,367.070,244.923 | -0.278,0.069,0.001,-0.000
cam1 intrinsics = 461.263,460.935,379.446,251.890 | -0.279,0.070,0.000,0.000
cam0 extrinsics = -0.006,0.011,0.702,0.712 | 0.063,-0.015,0.015
cam1 extrinsics = -0.000,0.015,0.703,0.711 | -0.049,-0.016,0.014
q_GtoI = 0.809,-0.322,0.457,0.183 | p_IinG = -0.697,-2.366,1.192 | dist = 39.36 (meters)
bg = -0.0027,0.0202,0.0770 | ba = -0.0170,0.1337,0.0548
camera-imu timeoffset = -0.00003
cam0 intrinsics = 462.235,461.780,367.078,244.913 | -0.278,0.069,0.001,-0.000
cam1 intrinsics = 461.239,460.889,379.459,251.881 | -0.279,0.070,0.000,0.000
cam0 extrinsics = -0.006,0.011,0.702,0.712 | 0.063,-0.015,0.015
cam1 extrinsics = -0.000,0.015,0.703,0.711 | -0.049,-0.015,0.015
q_GtoI = 0.784,-0.313,0.498,0.199 | p_IinG = -0.630,-2.414,1.223 | dist = 39.45 (meters)
bg = -0.0029,0.0203,0.0769 | ba = -0.0150,0.1338,0.0531
camera-imu timeoffset = -0.00003
cam0 intrinsics = 462.211,461.742,367.076,244.896 | -0.278,0.069,0.001,-0.000
cam1 intrinsics = 461.212,460.848,379.462,251.867 | -0.279,0.070,0.000,0.000
cam0 extrinsics = -0.006,0.011,0.702,0.712 | 0.063,-0.015,0.015
cam1 extrinsics = -0.000,0.015,0.703,0.711 | -0.049,-0.015,0.015
q_GtoI = 0.758,-0.302,0.537,0.216 | p_IinG = -0.562,-2.462,1.254 | dist = 39.54 (meters)
bg = -0.0031,0.0205,0.0769 | ba = -0.0127,0.1342,0.0512
camera-imu timeoffset = -0.00002
cam0 intrinsics = 462.181,461.698,367.075,244.882 | -0.278,0.069,0.001,-0.000
cam1 intrinsics = 461.181,460.803,379.464,251.854 | -0.279,0.070,0.000,0.000
cam0 extrinsics = -0.006,0.011,0.702,0.712 | 0.063,-0.015,0.015
cam1 extrinsics = -0.000,0.015,0.703,0.711 | -0.049,-0.015,0.015
q_GtoI = 0.734,-0.293,0.569,0.228 | p_IinG = -0.495,-2.508,1.282 | dist = 39.63 (meters)
bg = -0.0031,0.0205,0.0769 | ba = -0.0117,0.1345,0.0506
camera-imu timeoffset = -0.00002
cam0 intrinsics = 462.175,461.689,367.075,244.880 | -0.278,0.069,0.001,-0.000
cam1 intrinsics = 461.174,460.794,379.465,251.852 | -0.279,0.070,0.000,0.000
cam0 extrinsics = -0.006,0.011,0.702,0.712 | 0.063,-0.015,0.016
cam1 extrinsics = -0.000,0.015,0.703,0.711 | -0.049,-0.015,0.015
q_GtoI = 0.712,-0.287,0.596,0.236 | p_IinG = -0.430,-2.551,1.308 | dist = 39.71 (meters)
bg = -0.0031,0.0205,0.0769 | ba = -0.0103,0.1348,0.0497
camera-imu timeoffset = -0.00001
cam0 intrinsics = 462.167,461.679,367.075,244.879 | -0.278,0.069,0.001,-0.000
cam1 intrinsics = 461.166,460.783,379.464,251.852 | -0.279,0.070,0.000,0.000
cam0 extrinsics = -0.006,0.011,0.702,0.712 | 0.063,-0.015,0.016
cam1 extrinsics = -0.000,0.015,0.703,0.711 | -0.049,-0.015,0.015
q_GtoI = 0.694,-0.281,0.617,0.242 | p_IinG = -0.369,-2.591,1.333 | dist = 39.79 (meters)
bg = -0.0031,0.0205,0.0769 | ba = -0.0096,0.1346,0.0494
camera-imu timeoffset = -0.00000
cam0 intrinsics = 462.166,461.677,367.075,244.879 | -0.278,0.069,0.001,-0.000
cam1 intrinsics = 461.164,460.780,379.465,251.853 | -0.279,0.070,0.000,0.000
cam0 extrinsics = -0.006,0.011,0.702,0.712 | 0.063,-0.015,0.016
cam1 extrinsics = -0.000,0.015,0.703,0.711 | -0.049,-0.015,0.015
q_GtoI = 0.679,-0.277,0.634,0.246 | p_IinG = -0.311,-2.628,1.356 | dist = 39.86 (meters)
bg = -0.0031,0.0205,0.0769 | ba = -0.0098,0.1343,0.0496
camera-imu timeoffset = -0.00001
cam0 intrinsics = 462.165,461.676,367.075,244.879 | -0.278,0.069,0.001,-0.000
cam1 intrinsics = 461.164,460.780,379.465,251.853 | -0.279,0.070,0.000,0.000
cam0 extrinsics = -0.006,0.011,0.702,0.712 | 0.063,-0.015,0.016
cam1 extrinsics = -0.000,0.015,0.703,0.711 | -0.049,-0.015,0.015
q_GtoI = 0.666,-0.274,0.648,0.249 | p_IinG = -0.259,-2.660,1.376 | dist = 39.93 (meters)
bg = -0.0031,0.0205,0.0769 | ba = -0.0096,0.1342,0.0496
camera-imu timeoffset = -0.00000
cam0 intrinsics = 462.165,461.678,367.075,244.879 | -0.278,0.069,0.001,-0.000
cam1 intrinsics = 461.164,460.781,379.465,251.853 | -0.279,0.070,0.000,0.000
cam0 extrinsics = -0.006,0.011,0.702,0.712 | 0.063,-0.015,0.016
cam1 extrinsics = -0.000,0.015,0.703,0.711 | -0.049,-0.015,0.015
q_GtoI = 0.657,-0.272,0.658,0.249 | p_IinG = -0.210,-2.688,1.388 | dist = 39.98 (meters)
bg = -0.0031,0.0205,0.0769 | ba = -0.0094,0.1343,0.0493
camera-imu timeoffset = -0.00000
cam0 intrinsics = 462.164,461.677,367.076,244.879 | -0.278,0.069,0.001,-0.000
cam1 intrinsics = 461.163,460.780,379.467,251.852 | -0.279,0.070,0.000,0.000
cam0 extrinsics = -0.006,0.011,0.702,0.712 | 0.063,-0.015,0.016
cam1 extrinsics = -0.000,0.015,0.703,0.711 | -0.049,-0.015,0.015
q_GtoI = 0.649,-0.271,0.666,0.249 | p_IinG = -0.167,-2.712,1.395 | dist = 40.03 (meters)
bg = -0.0031,0.0205,0.0769 | ba = -0.0095,0.1345,0.0492
camera-imu timeoffset = -0.00000
cam0 intrinsics = 462.164,461.676,367.076,244.878 | -0.278,0.069,0.001,-0.000
cam1 intrinsics = 461.162,460.779,379.467,251.852 | -0.279,0.070,0.000,0.000
cam0 extrinsics = -0.006,0.011,0.702,0.712 | 0.063,-0.015,0.016
cam1 extrinsics = -0.000,0.015,0.703,0.711 | -0.049,-0.015,0.015
q_GtoI = 0.643,-0.269,0.673,0.249 | p_IinG = -0.119,-2.732,1.409 | dist = 40.08 (meters)
bg = -0.0032,0.0204,0.0769 | ba = -0.0180,0.1362,0.0518
camera-imu timeoffset = -0.00003
cam0 intrinsics = 462.182,461.693,367.072,244.838 | -0.278,0.069,0.001,-0.000
cam1 intrinsics = 461.177,460.793,379.463,251.811 | -0.279,0.070,0.000,0.000
cam0 extrinsics = -0.006,0.011,0.702,0.712 | 0.063,-0.015,0.015
cam1 extrinsics = -0.000,0.015,0.703,0.711 | -0.049,-0.016,0.015
q_GtoI = 0.634,-0.268,0.682,0.249 | p_IinG = -0.088,-2.747,1.409 | dist = 40.11 (meters)
bg = -0.0032,0.0203,0.0769 | ba = -0.0193,0.1363,0.0525
camera-imu timeoffset = -0.00003
cam0 intrinsics = 462.185,461.695,367.081,244.830 | -0.278,0.069,0.001,-0.000
cam1 intrinsics = 461.181,460.797,379.464,251.804 | -0.279,0.070,0.000,0.000
cam0 extrinsics = -0.006,0.011,0.702,0.712 | 0.063,-0.015,0.015
cam1 extrinsics = -0.000,0.015,0.703,0.711 | -0.049,-0.016,0.015
q_GtoI = 0.624,-0.266,0.691,0.249 | p_IinG = -0.068,-2.755,1.411 | dist = 40.13 (meters)
bg = -0.0032,0.0203,0.0771 | ba = -0.0239,0.1357,0.0566
camera-imu timeoffset = -0.00003
cam0 intrinsics = 462.178,461.672,367.093,244.816 | -0.278,0.069,0.001,-0.000
cam1 intrinsics = 461.172,460.771,379.478,251.790 | -0.279,0.070,0.000,0.000
cam0 extrinsics = -0.006,0.011,0.702,0.712 | 0.063,-0.015,0.015
cam1 extrinsics = -0.000,0.015,0.703,0.711 | -0.048,-0.016,0.015
q_GtoI = 0.614,-0.264,0.701,0.248 | p_IinG = -0.052,-2.758,1.407 | dist = 40.15 (meters)
bg = -0.0029,0.0205,0.0766 | ba = -0.0252,0.1372,0.0562
camera-imu timeoffset = -0.00003
cam0 intrinsics = 462.185,461.672,367.098,244.819 | -0.278,0.069,0.001,-0.000
cam1 intrinsics = 461.177,460.769,379.487,251.790 | -0.279,0.070,0.000,0.000
cam0 extrinsics = -0.006,0.011,0.702,0.712 | 0.063,-0.016,0.015
cam1 extrinsics = -0.000,0.015,0.703,0.711 | -0.048,-0.016,0.015
q_GtoI = 0.603,-0.263,0.711,0.247 | p_IinG = -0.055,-2.755,1.409 | dist = 40.16 (meters)
bg = -0.0031,0.0209,0.0751 | ba = -0.0293,0.1402,0.0601
camera-imu timeoffset = -0.00003
cam0 intrinsics = 462.166,461.654,367.115,244.820 | -0.278,0.069,0.001,-0.000
cam1 intrinsics = 461.153,460.746,379.494,251.798 | -0.279,0.070,0.000,0.000
cam0 extrinsics = -0.006,0.011,0.702,0.712 | 0.064,-0.016,0.015
cam1 extrinsics = -0.000,0.015,0.703,0.711 | -0.048,-0.016,0.015
q_GtoI = 0.595,-0.261,0.718,0.248 | p_IinG = -0.062,-2.744,1.404 | dist = 40.17 (meters)
bg = -0.0032,0.0211,0.0748 | ba = -0.0305,0.1411,0.0610
camera-imu timeoffset = -0.00003
cam0 intrinsics = 462.159,461.646,367.121,244.824 | -0.278,0.069,0.001,-0.000
cam1 intrinsics = 461.146,460.738,379.501,251.804 | -0.279,0.070,0.000,0.000
cam0 extrinsics = -0.006,0.011,0.702,0.712 | 0.064,-0.016,0.015
cam1 extrinsics = -0.000,0.015,0.703,0.711 | -0.048,-0.016,0.015
q_GtoI = 0.592,-0.259,0.722,0.248 | p_IinG = -0.075,-2.724,1.400 | dist = 40.20 (meters)
bg = -0.0029,0.0213,0.0750 | ba = -0.0341,0.1428,0.0609
camera-imu timeoffset = -0.00003
cam0 intrinsics = 462.142,461.631,367.129,244.839 | -0.278,0.069,0.001,-0.000
cam1 intrinsics = 461.131,460.724,379.507,251.820 | -0.279,0.070,0.000,0.000
cam0 extrinsics = -0.006,0.011,0.702,0.712 | 0.064,-0.016,0.015
cam1 extrinsics = -0.000,0.015,0.703,0.711 | -0.048,-0.016,0.014
q_GtoI = 0.595,-0.258,0.718,0.252 | p_IinG = -0.092,-2.700,1.389 | dist = 40.24 (meters)
bg = -0.0027,0.0216,0.0757 | ba = -0.0314,0.1427,0.0594
camera-imu timeoffset = -0.00003
cam0 intrinsics = 462.157,461.652,367.141,244.835 | -0.278,0.069,0.001,-0.000
cam1 intrinsics = 461.141,460.740,379.503,251.837 | -0.279,0.070,0.000,0.000
cam0 extrinsics = -0.006,0.011,0.702,0.712 | 0.063,-0.016,0.015
cam1 extrinsics = -0.000,0.015,0.703,0.711 | -0.048,-0.016,0.014
q_GtoI = 0.607,-0.261,0.707,0.251 | p_IinG = -0.126,-2.667,1.375 | dist = 40.29 (meters)
bg = -0.0026,0.0215,0.0760 | ba = -0.0291,0.1425,0.0587
camera-imu timeoffset = -0.00003
cam0 intrinsics = 462.169,461.668,367.149,244.838 | -0.278,0.069,0.001,-0.000
cam1 intrinsics = 461.150,460.754,379.510,251.843 | -0.279,0.070,0.000,0.000
cam0 extrinsics = -0.006,0.011,0.702,0.712 | 0.064,-0.016,0.015
cam1 extrinsics = -0.000,0.015,0.703,0.711 | -0.048,-0.016,0.014
q_GtoI = 0.626,-0.265,0.689,0.250 | p_IinG = -0.170,-2.628,1.358 | dist = 40.35 (meters)
bg = -0.0025,0.0211,0.0761 | ba = -0.0273,0.1424,0.0576
camera-imu timeoffset = -0.00004
cam0 intrinsics = 462.174,461.668,367.155,244.843 | -0.278,0.069,0.001,-0.000
cam1 intrinsics = 461.155,460.753,379.517,251.849 | -0.279,0.070,0.000,0.000
cam0 extrinsics = -0.006,0.011,0.702,0.712 | 0.064,-0.016,0.015
cam1 extrinsics = -0.000,0.015,0.703,0.711 | -0.048,-0.016,0.014
q_GtoI = 0.649,-0.271,0.667,0.245 | p_IinG = -0.222,-2.582,1.339 | dist = 40.42 (meters)
bg = -0.0025,0.0208,0.0763 | ba = -0.0259,0.1424,0.0573
camera-imu timeoffset = -0.00005
cam0 intrinsics = 462.169,461.653,367.158,244.845 | -0.278,0.069,0.001,-0.000
cam1 intrinsics = 461.150,460.737,379.515,251.849 | -0.279,0.070,0.000,0.000
cam0 extrinsics = -0.006,0.011,0.702,0.712 | 0.064,-0.016,0.015
cam1 extrinsics = -0.000,0.015,0.703,0.711 | -0.048,-0.016,0.014
q_GtoI = 0.674,-0.279,0.641,0.238 | p_IinG = -0.282,-2.532,1.316 | dist = 40.50 (meters)
bg = -0.0026,0.0204,0.0765 | ba = -0.0258,0.1421,0.0568
camera-imu timeoffset = -0.00005
cam0 intrinsics = 462.160,461.630,367.161,244.834 | -0.278,0.069,0.001,-0.000
cam1 intrinsics = 461.141,460.714,379.517,251.846 | -0.279,0.070,0.000,0.000
cam0 extrinsics = -0.006,0.011,0.702,0.712 | 0.064,-0.016,0.015
cam1 extrinsics = -0.000,0.015,0.703,0.711 | -0.048,-0.016,0.014
q_GtoI = 0.698,-0.286,0.615,0.230 | p_IinG = -0.348,-2.480,1.291 | dist = 40.59 (meters)
bg = -0.0030,0.0203,0.0766 | ba = -0.0267,0.1417,0.0552
camera-imu timeoffset = -0.00005
cam0 intrinsics = 462.138,461.622,367.195,244.873 | -0.278,0.069,0.001,-0.000
cam1 intrinsics = 461.114,460.701,379.545,251.902 | -0.279,0.070,0.000,0.000
cam0 extrinsics = -0.006,0.011,0.702,0.712 | 0.064,-0.016,0.015
cam1 extrinsics = -0.000,0.015,0.703,0.711 | -0.048,-0.016,0.014
q_GtoI = 0.720,-0.294,0.589,0.221 | p_IinG = -0.416,-2.424,1.259 | dist = 40.69 (meters)
bg = -0.0030,0.0204,0.0766 | ba = -0.0267,0.1412,0.0557
camera-imu timeoffset = -0.00005
cam0 intrinsics = 462.147,461.637,367.186,244.869 | -0.278,0.069,0.001,-0.000
cam1 intrinsics = 461.122,460.715,379.534,251.893 | -0.279,0.070,0.000,0.000
cam0 extrinsics = -0.006,0.011,0.702,0.712 | 0.064,-0.016,0.015
cam1 extrinsics = -0.000,0.015,0.703,0.711 | -0.048,-0.016,0.014
q_GtoI = 0.743,-0.303,0.559,0.210 | p_IinG = -0.485,-2.365,1.221 | dist = 40.78 (meters)
bg = -0.0031,0.0207,0.0766 | ba = -0.0243,0.1420,0.0567
camera-imu timeoffset = -0.00005
cam0 intrinsics = 462.158,461.656,367.183,244.867 | -0.278,0.069,0.001,-0.000
cam1 intrinsics = 461.132,460.732,379.527,251.889 | -0.279,0.070,0.000,0.000
cam0 extrinsics = -0.006,0.011,0.702,0.712 | 0.064,-0.015,0.015
cam1 extrinsics = -0.000,0.015,0.703,0.711 | -0.048,-0.016,0.014
q_GtoI = 0.762,-0.310,0.532,0.199 | p_IinG = -0.554,-2.307,1.179 | dist = 40.89 (meters)
bg = -0.0033,0.0208,0.0765 | ba = -0.0237,0.1430,0.0567
camera-imu timeoffset = -0.00006
cam0 intrinsics = 462.153,461.655,367.186,244.863 | -0.278,0.069,0.001,-0.000
cam1 intrinsics = 461.128,460.733,379.528,251.887 | -0.279,0.070,0.000,0.000
cam0 extrinsics = -0.006,0.011,0.702,0.712 | 0.064,-0.015,0.015
cam1 extrinsics = -0.000,0.015,0.703,0.711 | -0.048,-0.016,0.014
q_GtoI = 0.778,-0.317,0.508,0.189 | p_IinG = -0.622,-2.248,1.132 | dist = 40.99 (meters)
bg = -0.0033,0.0208,0.0763 | ba = -0.0232,0.1439,0.0564
camera-imu timeoffset = -0.00006
cam0 intrinsics = 462.146,461.653,367.185,244.858 | -0.278,0.069,0.001,-0.000
cam1 intrinsics = 461.123,460.733,379.529,251.881 | -0.279,0.070,0.000,0.000
cam0 extrinsics = -0.006,0.011,0.702,0.712 | 0.064,-0.015,0.015
cam1 extrinsics = -0.000,0.015,0.703,0.711 | -0.048,-0.016,0.014
q_GtoI = 0.789,-0.323,0.490,0.180 | p_IinG = -0.689,-2.192,1.081 | dist = 41.09 (meters)
bg = -0.0035,0.0207,0.0761 | ba = -0.0223,0.1444,0.0558
camera-imu timeoffset = -0.00006
cam0 intrinsics = 462.145,461.651,367.189,244.860 | -0.278,0.069,0.001,-0.000
cam1 intrinsics = 461.123,460.731,379.532,251.882 | -0.279,0.070,0.000,0.000
cam0 extrinsics = -0.006,0.011,0.702,0.712 | 0.064,-0.015,0.014
cam1 extrinsics = -0.000,0.015,0.703,0.711 | -0.048,-0.015,0.014
q_GtoI = 0.800,-0.329,0.473,0.170 | p_IinG = -0.754,-2.139,1.028 | dist = 41.19 (meters)
bg = -0.0035,0.0207,0.0759 | ba = -0.0220,0.1440,0.0557
camera-imu timeoffset = -0.00006
cam0 intrinsics = 462.147,461.653,367.188,244.868 | -0.278,0.069,0.001,-0.000
cam1 intrinsics = 461.126,460.735,379.530,251.889 | -0.279,0.070,0.000,0.000
cam0 extrinsics = -0.006,0.011,0.702,0.712 | 0.064,-0.015,0.014
cam1 extrinsics = -0.000,0.015,0.703,0.711 | -0.048,-0.015,0.014
q_GtoI = 0.808,-0.333,0.458,0.162 | p_IinG = -0.816,-2.089,0.975 | dist = 41.28 (meters)
bg = -0.0035,0.0205,0.0758 | ba = -0.0224,0.1436,0.0558
camera-imu timeoffset = -0.00006
cam0 intrinsics = 462.147,461.649,367.188,244.866 | -0.278,0.069,0.001,-0.000
cam1 intrinsics = 461.126,460.731,379.527,251.886 | -0.279,0.070,0.000,0.000
cam0 extrinsics = -0.006,0.011,0.702,0.712 | 0.064,-0.015,0.014
cam1 extrinsics = -0.000,0.015,0.703,0.711 | -0.048,-0.015,0.014
q_GtoI = 0.817,-0.336,0.442,0.156 | p_IinG = -0.875,-2.044,0.923 | dist = 41.37 (meters)
bg = -0.0036,0.0204,0.0758 | ba = -0.0238,0.1434,0.0561
camera-imu timeoffset = -0.00006
cam0 intrinsics = 462.148,461.647,367.189,244.863 | -0.278,0.069,0.001,-0.000
cam1 intrinsics = 461.127,460.730,379.525,251.883 | -0.279,0.070,0.000,0.000
cam0 extrinsics = -0.006,0.011,0.702,0.712 | 0.064,-0.015,0.014
cam1 extrinsics = -0.000,0.015,0.703,0.711 | -0.048,-0.015,0.014
q_GtoI = 0.825,-0.337,0.427,0.152 | p_IinG = -0.930,-2.004,0.870 | dist = 41.46 (meters)
bg = -0.0033,0.0203,0.0761 | ba = -0.0230,0.1414,0.0565
camera-imu timeoffset = -0.00005
cam0 intrinsics = 462.145,461.638,367.203,244.860 | -0.278,0.069,0.001,-0.000
cam1 intrinsics = 461.122,460.718,379.536,251.884 | -0.279,0.070,0.000,0.000
cam0 extrinsics = -0.006,0.011,0.702,0.712 | 0.064,-0.015,0.014
cam1 extrinsics = -0.000,0.015,0.703,0.711 | -0.048,-0.015,0.014
q_GtoI = 0.832,-0.337,0.414,0.148 | p_IinG = -0.977,-1.968,0.820 | dist = 41.54 (meters)
bg = -0.0031,0.0203,0.0761 | ba = -0.0233,0.1415,0.0564
camera-imu timeoffset = -0.00005
cam0 intrinsics = 462.143,461.634,367.205,244.858 | -0.278,0.069,0.001,-0.000
cam1 intrinsics = 461.120,460.714,379.536,251.881 | -0.279,0.070,0.000,0.000
cam0 extrinsics = -0.006,0.011,0.702,0.712 | 0.064,-0.015,0.014
cam1 extrinsics = -0.000,0.015,0.703,0.711 | -0.048,-0.015,0.014
q_GtoI = 0.837,-0.337,0.406,0.146 | p_IinG = -1.017,-1.938,0.771 | dist = 41.61 (meters)
bg = -0.0035,0.0202,0.0759 | ba = -0.0244,0.1436,0.0557
camera-imu timeoffset = -0.00005
cam0 intrinsics = 462.132,461.619,367.189,244.848 | -0.278,0.069,0.001,-0.000
cam1 intrinsics = 461.114,460.702,379.520,251.869 | -0.279,0.070,0.000,0.000
cam0 extrinsics = -0.006,0.011,0.702,0.712 | 0.064,-0.015,0.014
cam1 extrinsics = -0.000,0.015,0.703,0.711 | -0.048,-0.015,0.014
q_GtoI = 0.840,-0.335,0.401,0.145 | p_IinG = -1.050,-1.912,0.722 | dist = 41.67 (meters)
bg = -0.0033,0.0202,0.0760 | ba = -0.0244,0.1441,0.0561
camera-imu timeoffset = -0.00005
cam0 intrinsics = 462.131,461.617,367.183,244.848 | -0.278,0.069,0.001,-0.000
cam1 intrinsics = 461.116,460.702,379.513,251.869 | -0.279,0.070,0.000,0.000
cam0 extrinsics = -0.006,0.011,0.702,0.712 | 0.064,-0.015,0.014
cam1 extrinsics = -0.000,0.015,0.703,0.711 | -0.048,-0.015,0.014
q_GtoI = 0.842,-0.334,0.398,0.145 | p_IinG = -1.069,-1.896,0.676 | dist = 41.73 (meters)
bg = -0.0030,0.0204,0.0760 | ba = -0.0238,0.1457,0.0532
camera-imu timeoffset = -0.00005
cam0 intrinsics = 462.130,461.608,367.170,244.856 | -0.278,0.069,0.001,-0.000
cam1 intrinsics = 461.115,460.694,379.504,251.875 | -0.279,0.070,0.000,0.000
cam0 extrinsics = -0.006,0.011,0.702,0.712 | 0.063,-0.015,0.014
cam1 extrinsics = -0.000,0.015,0.703,0.711 | -0.048,-0.015,0.014
q_GtoI = 0.843,-0.332,0.398,0.146 | p_IinG = -1.084,-1.895,0.638 | dist = 41.78 (meters)
bg = -0.0031,0.0206,0.0761 | ba = -0.0281,0.1456,0.0522
camera-imu timeoffset = -0.00005
cam0 intrinsics = 462.137,461.616,367.176,244.845 | -0.278,0.069,0.001,-0.000
cam1 intrinsics = 461.125,460.703,379.511,251.860 | -0.279,0.070,0.000,0.000
cam0 extrinsics = -0.006,0.011,0.702,0.712 | 0.063,-0.015,0.014
cam1 extrinsics = -0.000,0.015,0.703,0.711 | -0.048,-0.015,0.014
q_GtoI = 0.843,-0.329,0.400,0.147 | p_IinG = -1.092,-1.895,0.596 | dist = 41.83 (meters)
bg = -0.0030,0.0208,0.0762 | ba = -0.0301,0.1460,0.0517
camera-imu timeoffset = -0.00004
cam0 intrinsics = 462.138,461.619,367.174,244.839 | -0.278,0.069,0.001,-0.000
cam1 intrinsics = 461.125,460.705,379.511,251.853 | -0.279,0.070,0.000,0.000
cam0 extrinsics = -0.006,0.011,0.702,0.712 | 0.063,-0.015,0.014
cam1 extrinsics = -0.000,0.015,0.703,0.711 | -0.048,-0.015,0.014
q_GtoI = 0.842,-0.327,0.403,0.150 | p_IinG = -1.086,-1.900,0.552 | dist = 41.87 (meters)
bg = -0.0023,0.0206,0.0764 | ba = -0.0283,0.1462,0.0483
camera-imu timeoffset = -0.00004
cam0 intrinsics = 462.137,461.602,367.163,244.817 | -0.278,0.069,0.001,-0.000
cam1 intrinsics = 461.125,460.690,379.513,251.836 | -0.279,0.070,0.000,0.000
cam0 extrinsics = -0.006,0.011,0.702,0.712 | 0.063,-0.015,0.014
cam1 extrinsics = -0.000,0.015,0.703,0.711 | -0.048,-0.015,0.014
q_GtoI = 0.841,-0.322,0.406,0.155 | p_IinG = -1.075,-1.911,0.517 | dist = 41.91 (meters)
bg = -0.0020,0.0209,0.0760 | ba = -0.0291,0.1476,0.0460
camera-imu timeoffset = -0.00004
cam0 intrinsics = 462.130,461.593,367.153,244.803 | -0.278,0.069,0.001,-0.000
cam1 intrinsics = 461.115,460.678,379.511,251.826 | -0.279,0.070,0.000,0.000
cam0 extrinsics = -0.006,0.011,0.702,0.712 | 0.063,-0.015,0.014
cam1 extrinsics = -0.000,0.015,0.703,0.711 | -0.048,-0.015,0.014
q_GtoI = 0.840,-0.316,0.410,0.162 | p_IinG = -1.059,-1.928,0.484 | dist = 41.95 (meters)
bg = -0.0017,0.0210,0.0760 | ba = -0.0289,0.1483,0.0446
camera-imu timeoffset = -0.00004
cam0 intrinsics = 462.126,461.586,367.144,244.795 | -0.278,0.069,0.001,-0.000
cam1 intrinsics = 461.114,460.676,379.505,251.821 | -0.279,0.070,0.000,0.000
cam0 extrinsics = -0.006,0.011,0.702,0.712 | 0.063,-0.015,0.014
cam1 extrinsics = -0.000,0.015,0.703,0.711 | -0.048,-0.015,0.014
q_GtoI = 0.837,-0.310,0.418,0.168 | p_IinG = -1.039,-1.955,0.454 | dist = 41.99 (meters)
bg = -0.0018,0.0210,0.0761 | ba = -0.0270,0.1478,0.0421
camera-imu timeoffset = -0.00004
cam0 intrinsics = 462.117,461.576,367.146,244.793 | -0.278,0.069,0.001,-0.000
cam1 intrinsics = 461.105,460.665,379.509,251.821 | -0.279,0.070,0.000,0.000
cam0 extrinsics = -0.006,0.011,0.702,0.712 | 0.063,-0.015,0.014
cam1 extrinsics = -0.000,0.015,0.703,0.711 | -0.048,-0.015,0.014
q_GtoI = 0.830,-0.305,0.433,0.174 | p_IinG = -1.010,-1.985,0.433 | dist = 42.04 (meters)
bg = -0.0017,0.0210,0.0761 | ba = -0.0274,0.1479,0.0426
camera-imu timeoffset = -0.00004
cam0 intrinsics = 462.110,461.571,367.144,244.787 | -0.278,0.069,0.001,-0.000
cam1 intrinsics = 461.098,460.659,379.507,251.815 | -0.279,0.070,0.000,0.000
cam0 extrinsics = -0.006,0.011,0.702,0.712 | 0.063,-0.015,0.014
cam1 extrinsics = -0.000,0.015,0.703,0.711 | -0.048,-0.015,0.014
q_GtoI = 0.818,-0.301,0.456,0.180 | p_IinG = -0.975,-2.020,0.416 | dist = 42.09 (meters)
bg = -0.0018,0.0211,0.0762 | ba = -0.0278,0.1478,0.0438
camera-imu timeoffset = -0.00004
cam0 intrinsics = 462.098,461.560,367.135,244.783 | -0.278,0.069,0.001,-0.000
cam1 intrinsics = 461.085,460.647,379.506,251.812 | -0.279,0.070,0.000,0.000
cam0 extrinsics = -0.006,0.011,0.702,0.712 | 0.063,-0.015,0.014
cam1 extrinsics = -0.000,0.015,0.703,0.711 | -0.048,-0.015,0.014
q_GtoI = 0.803,-0.295,0.484,0.187 | p_IinG = -0.936,-2.058,0.406 | dist = 42.15 (meters)
bg = -0.0019,0.0212,0.0759 | ba = -0.0283,0.1482,0.0456
camera-imu timeoffset = -0.00004
cam0 intrinsics = 462.085,461.550,367.126,244.788 | -0.278,0.069,0.001,-0.000
cam1 intrinsics = 461.070,460.635,379.502,251.817 | -0.279,0.070,0.000,0.000
cam0 extrinsics = -0.006,0.011,0.702,0.712 | 0.064,-0.015,0.014
cam1 extrinsics = -0.000,0.015,0.703,0.711 | -0.048,-0.015,0.013
q_GtoI = 0.785,-0.287,0.514,0.193 | p_IinG = -0.892,-2.098,0.400 | dist = 42.20 (meters)
bg = -0.0019,0.0217,0.0757 | ba = -0.0289,0.1491,0.0475
camera-imu timeoffset = -0.00005
cam0 intrinsics = 462.041,461.495,367.122,244.784 | -0.278,0.069,0.001,-0.000
cam1 intrinsics = 461.024,460.579,379.503,251.817 | -0.279,0.070,0.000,0.000
cam0 extrinsics = -0.006,0.011,0.702,0.712 | 0.064,-0.015,0.014
cam1 extrinsics = -0.000,0.015,0.703,0.711 | -0.048,-0.015,0.013
q_GtoI = 0.767,-0.278,0.543,0.200 | p_IinG = -0.847,-2.137,0.396 | dist = 42.26 (meters)
bg = -0.0020,0.0219,0.0757 | ba = -0.0297,0.1490,0.0498
camera-imu timeoffset = -0.00005
cam0 intrinsics = 462.032,461.477,367.109,244.774 | -0.278,0.069,0.001,-0.000
cam1 intrinsics = 461.014,460.559,379.483,251.807 | -0.279,0.070,0.000,0.000
cam0 extrinsics = -0.006,0.011,0.702,0.712 | 0.064,-0.014,0.014
cam1 extrinsics = -0.000,0.015,0.703,0.711 | -0.048,-0.015,0.013
q_GtoI = 0.748,-0.267,0.571,0.206 | p_IinG = -0.804,-2.174,0.391 | dist = 42.32 (meters)
bg = -0.0022,0.0218,0.0758 | ba = -0.0283,0.1494,0.0508
camera-imu timeoffset = -0.00005
cam0 intrinsics = 462.001,461.436,367.106,244.770 | -0.278,0.069,0.001,-0.000
cam1 intrinsics = 460.983,460.517,379.486,251.807 | -0.279,0.070,0.000,0.000
cam0 extrinsics = -0.006,0.011,0.702,0.712 | 0.064,-0.014,0.013
cam1 extrinsics = -0.000,0.015,0.703,0.711 | -0.048,-0.014,0.013
q_GtoI = 0.734,-0.258,0.593,0.209 | p_IinG = -0.763,-2.210,0.387 | dist = 42.38 (meters)
bg = -0.0025,0.0217,0.0756 | ba = -0.0285,0.1494,0.0517
camera-imu timeoffset = -0.00004
cam0 intrinsics = 462.004,461.433,367.102,244.759 | -0.278,0.069,0.001,-0.000
cam1 intrinsics = 460.985,460.512,379.482,251.797 | -0.279,0.070,0.000,0.000
cam0 extrinsics = -0.006,0.011,0.702,0.712 | 0.064,-0.014,0.013
cam1 extrinsics = -0.000,0.015,0.703,0.711 | -0.048,-0.014,0.013
q_GtoI = 0.723,-0.251,0.608,0.211 | p_IinG = -0.723,-2.245,0.383 | dist = 42.43 (meters)
bg = -0.0027,0.0218,0.0755 | ba = -0.0301,0.1493,0.0534
camera-imu timeoffset = -0.00005
cam0 intrinsics = 462.002,461.425,367.098,244.759 | -0.278,0.069,0.001,-0.000
cam1 intrinsics = 460.983,460.504,379.475,251.800 | -0.279,0.070,0.000,0.000
cam0 extrinsics = -0.006,0.011,0.702,0.712 | 0.064,-0.014,0.013
cam1 extrinsics = -0.000,0.015,0.703,0.711 | -0.048,-0.014,0.013
q_GtoI = 0.715,-0.246,0.619,0.213 | p_IinG = -0.687,-2.275,0.378 | dist = 42.48 (meters)
bg = -0.0029,0.0219,0.0754 | ba = -0.0305,0.1502,0.0541
camera-imu timeoffset = -0.00005
cam0 intrinsics = 462.000,461.416,367.096,244.762 | -0.278,0.069,0.001,-0.000
cam1 intrinsics = 460.980,460.494,379.469,251.805 | -0.279,0.070,0.001,0.000
cam0 extrinsics = -0.006,0.011,0.702,0.712 | 0.064,-0.014,0.013
cam1 extrinsics = -0.000,0.015,0.703,0.711 | -0.048,-0.014,0.013
q_GtoI = 0.707,-0.243,0.629,0.214 | p_IinG = -0.655,-2.302,0.373 | dist = 42.52 (meters)
bg = -0.0030,0.0220,0.0752 | ba = -0.0308,0.1513,0.0550
camera-imu timeoffset = -0.00005
cam0 intrinsics = 461.993,461.404,367.094,244.764 | -0.278,0.069,0.001,-0.000
cam1 intrinsics = 460.972,460.481,379.466,251.808 | -0.279,0.070,0.001,0.000
cam0 extrinsics = -0.006,0.011,0.702,0.712 | 0.064,-0.014,0.013
cam1 extrinsics = -0.000,0.015,0.703,0.711 | -0.048,-0.014,0.013
q_GtoI = 0.699,-0.242,0.637,0.216 | p_IinG = -0.628,-2.324,0.368 | dist = 42.56 (meters)
bg = -0.0031,0.0221,0.0750 | ba = -0.0305,0.1529,0.0557
camera-imu timeoffset = -0.00005
cam0 intrinsics = 461.988,461.393,367.093,244.768 | -0.278,0.069,0.001,-0.000
cam1 intrinsics = 460.967,460.469,379.464,251.812 | -0.279,0.070,0.001,0.000
cam0 extrinsics = -0.006,0.011,0.702,0.712 | 0.064,-0.014,0.013
cam1 extrinsics = -0.000,0.015,0.703,0.711 | -0.048,-0.014,0.013
q_GtoI = 0.691,-0.242,0.646,0.216 | p_IinG = -0.606,-2.341,0.364 | dist = 42.59 (meters)
bg = -0.0031,0.0222,0.0749 | ba = -0.0303,0.1544,0.0568
camera-imu timeoffset = -0.00005
cam0 intrinsics = 461.984,461.383,367.094,244.770 | -0.278,0.069,0.001,-0.000
cam1 intrinsics = 460.964,460.458,379.463,251.815 | -0.279,0.070,0.001,0.000
cam0 extrinsics = -0.006,0.011,0.702,0.712 | 0.064,-0.014,0.013
cam1 extrinsics = -0.000,0.015,0.703,0.711 | -0.048,-0.014,0.012
q_GtoI = 0.682,-0.241,0.655,0.219 | p_IinG = -0.591,-2.354,0.360 | dist = 42.61 (meters)
bg = -0.0031,0.0222,0.0750 | ba = -0.0281,0.1557,0.0581
camera-imu timeoffset = -0.00005
cam0 intrinsics = 461.976,461.370,367.093,244.766 | -0.278,0.069,0.001,-0.000
cam1 intrinsics = 460.956,460.445,379.462,251.812 | -0.279,0.070,0.001,0.000
cam0 extrinsics = -0.006,0.011,0.702,0.712 | 0.064,-0.014,0.013
cam1 extrinsics = -0.000,0.015,0.703,0.711 | -0.048,-0.014,0.012
q_GtoI = 0.674,-0.241,0.663,0.223 | p_IinG = -0.582,-2.360,0.358 | dist = 42.62 (meters)
bg = -0.0031,0.0222,0.0750 | ba = -0.0270,0.1570,0.0594
camera-imu timeoffset = -0.00005
cam0 intrinsics = 461.968,461.358,367.094,244.763 | -0.278,0.069,0.001,-0.000
cam1 intrinsics = 460.948,460.432,379.463,251.808 | -0.279,0.070,0.001,0.000
cam0 extrinsics = -0.006,0.011,0.702,0.712 | 0.064,-0.014,0.013
cam1 extrinsics = -0.000,0.015,0.703,0.711 | -0.048,-0.014,0.012
q_GtoI = 0.667,-0.241,0.668,0.225 | p_IinG = -0.580,-2.362,0.365 | dist = 42.63 (meters)
bg = -0.0030,0.0225,0.0750 | ba = -0.0289,0.1576,0.0630
camera-imu timeoffset = -0.00004
cam0 intrinsics = 461.971,461.329,367.099,244.753 | -0.278,0.069,0.001,-0.000
cam1 intrinsics = 460.953,460.404,379.469,251.798 | -0.279,0.070,0.001,0.000
cam0 extrinsics = -0.006,0.011,0.702,0.712 | 0.064,-0.014,0.013
cam1 extrinsics = -0.000,0.015,0.703,0.711 | -0.048,-0.014,0.012
q_GtoI = 0.662,-0.241,0.672,0.229 | p_IinG = -0.588,-2.357,0.372 | dist = 42.64 (meters)
bg = -0.0031,0.0224,0.0751 | ba = -0.0280,0.1581,0.0645
camera-imu timeoffset = -0.00004
cam0 intrinsics = 461.963,461.316,367.100,244.752 | -0.278,0.069,0.001,-0.000
cam1 intrinsics = 460.946,460.393,379.470,251.797 | -0.279,0.070,0.001,0.000
cam0 extrinsics = -0.006,0.011,0.702,0.712 | 0.064,-0.014,0.013
cam1 extrinsics = -0.000,0.015,0.703,0.711 | -0.048,-0.014,0.012
q_GtoI = 0.663,-0.244,0.670,0.228 | p_IinG = -0.605,-2.348,0.380 | dist = 42.66 (meters)
bg = -0.0034,0.0223,0.0749 | ba = -0.0269,0.1583,0.0634
camera-imu timeoffset = -0.00003
cam0 intrinsics = 461.981,461.324,367.104,244.740 | -0.278,0.069,0.001,-0.000
cam1 intrinsics = 460.968,460.403,379.485,251.793 | -0.279,0.070,0.001,0.000
cam0 extrinsics = -0.006,0.011,0.702,0.712 | 0.064,-0.013,0.013
cam1 extrinsics = -0.000,0.015,0.703,0.711 | -0.048,-0.014,0.012
q_GtoI = 0.672,-0.250,0.661,0.223 | p_IinG = -0.627,-2.322,0.382 | dist = 42.69 (meters)
bg = -0.0029,0.0210,0.0755 | ba = -0.0257,0.1587,0.0595
camera-imu timeoffset = -0.00004
cam0 intrinsics = 461.984,461.328,367.107,244.727 | -0.278,0.069,0.001,-0.000
cam1 intrinsics = 460.969,460.405,379.499,251.780 | -0.279,0.070,0.001,0.000
cam0 extrinsics = -0.006,0.011,0.702,0.712 | 0.063,-0.013,0.013
cam1 extrinsics = -0.000,0.015,0.703,0.711 | -0.048,-0.013,0.012
q_GtoI = 0.691,-0.259,0.640,0.212 | p_IinG = -0.657,-2.295,0.396 | dist = 42.73 (meters)
bg = -0.0028,0.0209,0.0756 | ba = -0.0277,0.1597,0.0612
camera-imu timeoffset = -0.00004
cam0 intrinsics = 461.975,461.308,367.121,244.718 | -0.278,0.069,0.001,-0.000
cam1 intrinsics = 460.960,460.385,379.501,251.763 | -0.279,0.070,0.001,0.000
cam0 extrinsics = -0.006,0.011,0.702,0.712 | 0.063,-0.013,0.013
cam1 extrinsics = -0.000,0.015,0.703,0.711 | -0.048,-0.013,0.012
q_GtoI = 0.714,-0.266,0.617,0.199 | p_IinG = -0.694,-2.268,0.410 | dist = 42.78 (meters)
bg = -0.0030,0.0208,0.0756 | ba = -0.0264,0.1589,0.0615
camera-imu timeoffset = -0.00004
cam0 intrinsics = 461.984,461.313,367.119,244.713 | -0.278,0.069,0.001,-0.000
cam1 intrinsics = 460.969,460.389,379.499,251.756 | -0.279,0.070,0.001,0.000
cam0 extrinsics = -0.006,0.011,0.702,0.712 | 0.063,-0.013,0.013
cam1 extrinsics = -0.000,0.015,0.703,0.711 | -0.048,-0.013,0.012
q_GtoI = 0.736,-0.272,0.592,0.184 | p_IinG = -0.736,-2.239,0.426 | dist = 42.83 (meters)
bg = -0.0033,0.0208,0.0759 | ba = -0.0285,0.1590,0.0605
camera-imu timeoffset = -0.00004
cam0 intrinsics = 461.974,461.310,367.113,244.714 | -0.278,0.069,0.001,-0.000
cam1 intrinsics = 460.962,460.389,379.493,251.751 | -0.279,0.070,0.001,0.000
cam0 extrinsics = -0.006,0.011,0.702,0.712 | 0.063,-0.013,0.013
cam1 extrinsics = -0.000,0.015,0.703,0.711 | -0.048,-0.013,0.012
q_GtoI = 0.761,-0.277,0.562,0.167 | p_IinG = -0.778,-2.207,0.439 | dist = 42.89 (meters)
bg = -0.0033,0.0206,0.0759 | ba = -0.0281,0.1596,0.0607
camera-imu timeoffset = -0.00004
cam0 intrinsics = 461.982,461.310,367.113,244.704 | -0.278,0.069,0.001,-0.000
cam1 intrinsics = 460.972,460.391,379.495,251.741 | -0.279,0.070,0.001,0.000
cam0 extrinsics = -0.006,0.011,0.702,0.712 | 0.063,-0.013,0.013
cam1 extrinsics = -0.000,0.015,0.703,0.711 | -0.048,-0.013,0.012
q_GtoI = 0.783,-0.279,0.534,0.152 | p_IinG = -0.820,-2.174,0.452 | dist = 42.94 (meters)
bg = -0.0034,0.0205,0.0760 | ba = -0.0289,0.1605,0.0602
camera-imu timeoffset = -0.00003
cam0 intrinsics = 461.988,461.302,367.113,244.699 | -0.278,0.069,0.001,-0.000
cam1 intrinsics = 460.979,460.383,379.498,251.737 | -0.279,0.070,0.001,0.000
cam0 extrinsics = -0.006,0.011,0.702,0.712 | 0.063,-0.013,0.013
cam1 extrinsics = -0.000,0.015,0.703,0.711 | -0.048,-0.013,0.012
q_GtoI = 0.802,-0.277,0.511,0.139 | p_IinG = -0.862,-2.143,0.463 | dist = 42.99 (meters)
bg = -0.0033,0.0205,0.0761 | ba = -0.0280,0.1610,0.0594
camera-imu timeoffset = -0.00003
cam0 intrinsics = 462.008,461.326,367.113,244.700 | -0.278,0.069,0.001,-0.000
cam1 intrinsics = 460.998,460.404,379.503,251.738 | -0.279,0.070,0.001,0.000
cam0 extrinsics = -0.006,0.011,0.702,0.712 | 0.063,-0.013,0.013
cam1 extrinsics = -0.000,0.015,0.703,0.711 | -0.048,-0.013,0.012
q_GtoI = 0.817,-0.272,0.491,0.129 | p_IinG = -0.901,-2.114,0.471 | dist = 43.04 (meters)
bg = -0.0032,0.0204,0.0762 | ba = -0.0269,0.1612,0.0588
camera-imu timeoffset = -0.00003
cam0 intrinsics = 462.010,461.320,367.123,244.690 | -0.278,0.069,0.001,-0.000
cam1 intrinsics = 461.001,460.399,379.515,251.731 | -0.279,0.070,0.001,0.000
cam0 extrinsics = -0.006,0.011,0.702,0.712 | 0.063,-0.013,0.013
cam1 extrinsics = -0.000,0.015,0.703,0.711 | -0.048,-0.013,0.012
q_GtoI = 0.831,-0.265,0.474,0.118 | p_IinG = -0.936,-2.087,0.477 | dist = 43.09 (meters)
bg = -0.0031,0.0203,0.0762 | ba = -0.0263,0.1613,0.0580
camera-imu timeoffset = -0.00003
cam0 intrinsics = 462.007,461.310,367.123,244.686 | -0.278,0.069,0.001,-0.000
cam1 intrinsics = 460.997,460.388,379.520,251.728 | -0.279,0.070,0.001,0.000
cam0 extrinsics = -0.006,0.011,0.702,0.712 | 0.063,-0.013,0.013
cam1 extrinsics = -0.000,0.015,0.703,0.711 | -0.048,-0.013,0.012
q_GtoI = 0.844,-0.256,0.459,0.108 | p_IinG = -0.967,-2.063,0.482 | dist = 43.13 (meters)
bg = -0.0029,0.0203,0.0763 | ba = -0.0266,0.1614,0.0571
camera-imu timeoffset = -0.00003
cam0 intrinsics = 462.010,461.312,367.132,244.672 | -0.278,0.069,0.001,-0.000
cam1 intrinsics = 461.001,460.390,379.528,251.717 | -0.279,0.070,0.001,0.000
cam0 extrinsics = -0.006,0.011,0.702,0.712 | 0.063,-0.013,0.013
cam1 extrinsics = -0.000,0.015,0.703,0.711 | -0.048,-0.013,0.012
q_GtoI = 0.854,-0.246,0.447,0.098 | p_IinG = -0.994,-2.043,0.487 | dist = 43.17 (meters)
bg = -0.0027,0.0203,0.0765 | ba = -0.0266,0.1612,0.0565
camera-imu timeoffset = -0.00003
cam0 intrinsics = 462.010,461.310,367.147,244.662 | -0.278,0.069,0.001,-0.000
cam1 intrinsics = 461.000,460.388,379.544,251.706 | -0.279,0.070,0.001,0.000
cam0 extrinsics = -0.006,0.011,0.702,0.712 | 0.063,-0.013,0.013
cam1 extrinsics = -0.000,0.015,0.703,0.711 | -0.048,-0.013,0.012
q_GtoI = 0.862,-0.236,0.439,0.088 | p_IinG = -1.014,-2.028,0.492 | dist = 43.19 (meters)
bg = -0.0026,0.0203,0.0767 | ba = -0.0271,0.1611,0.0547
camera-imu timeoffset = -0.00003
cam0 intrinsics = 462.007,461.304,367.144,244.662 | -0.278,0.069,0.001,-0.000
cam1 intrinsics = 460.997,460.381,379.543,251.708 | -0.279,0.070,0.001,0.000
cam0 extrinsics = -0.006,0.011,0.702,0.712 | 0.063,-0.013,0.013
cam1 extrinsics = -0.000,0.015,0.703,0.711 | -0.049,-0.013,0.012
q_GtoI = 0.869,-0.225,0.434,0.078 | p_IinG = -1.027,-2.025,0.501 | dist = 43.21 (meters)
bg = -0.0029,0.0198,0.0763 | ba = -0.0276,0.1591,0.0519
camera-imu timeoffset = -0.00003
cam0 intrinsics = 461.973,461.236,367.123,244.644 | -0.278,0.069,0.001,-0.000
cam1 intrinsics = 460.965,460.314,379.533,251.698 | -0.279,0.070,0.001,0.000
cam0 extrinsics = -0.006,0.011,0.702,0.712 | 0.063,-0.013,0.012
cam1 extrinsics = -0.000,0.015,0.703,0.711 | -0.049,-0.013,0.012
q_GtoI = 0.874,-0.214,0.431,0.067 | p_IinG = -1.033,-2.025,0.512 | dist = 43.22 (meters)
bg = -0.0029,0.0197,0.0765 | ba = -0.0304,0.1570,0.0508
camera-imu timeoffset = -0.00002
cam0 intrinsics = 461.967,461.228,367.108,244.661 | -0.278,0.069,0.001,-0.000
cam1 intrinsics = 460.960,460.305,379.519,251.718 | -0.279,0.070,0.001,0.000
cam0 extrinsics = -0.006,0.011,0.702,0.712 | 0.063,-0.013,0.012
cam1 extrinsics = -0.000,0.015,0.703,0.711 | -0.049,-0.013,0.012
q_GtoI = 0.879,-0.202,0.429,0.058 | p_IinG = -1.032,-2.027,0.520 | dist = 43.23 (meters)
bg = -0.0029,0.0194,0.0767 | ba = -0.0316,0.1564,0.0511
camera-imu timeoffset = -0.00001
cam0 intrinsics = 461.965,461.222,367.112,244.650 | -0.278,0.069,0.001,-0.000
cam1 intrinsics = 460.958,460.299,379.526,251.707 | -0.279,0.070,0.001,0.000
cam0 extrinsics = -0.006,0.011,0.702,0.712 | 0.062,-0.013,0.012
cam1 extrinsics = -0.000,0.015,0.703,0.711 | -0.049,-0.013,0.012
q_GtoI = 0.882,-0.187,0.429,0.054 | p_IinG = -1.015,-2.015,0.523 | dist = 43.25 (meters)
bg = -0.0013,0.0184,0.0765 | ba = -0.0316,0.1617,0.0508
camera-imu timeoffset = -0.00001
cam0 intrinsics = 461.863,461.134,367.102,244.631 | -0.278,0.069,0.001,-0.000
cam1 intrinsics = 460.860,460.213,379.504,251.692 | -0.279,0.070,0.001,0.000
cam0 extrinsics = -0.006,0.011,0.702,0.712 | 0.063,-0.012,0.011
cam1 extrinsics = -0.000,0.015,0.703,0.711 | -0.049,-0.012,0.011
q_GtoI = 0.883,-0.170,0.434,0.051 | p_IinG = -0.995,-2.024,0.538 | dist = 43.27 (meters)
bg = -0.0010,0.0184,0.0768 | ba = -0.0359,0.1597,0.0521
camera-imu timeoffset = -0.00001
cam0 intrinsics = 461.838,461.121,367.096,244.620 | -0.278,0.069,0.001,-0.000
cam1 intrinsics = 460.836,460.200,379.493,251.683 | -0.279,0.070,0.001,0.000
cam0 extrinsics = -0.006,0.011,0.702,0.712 | 0.063,-0.012,0.011
cam1 extrinsics = -0.000,0.015,0.703,0.711 | -0.049,-0.012,0.011
q_GtoI = 0.879,-0.149,0.449,0.054 | p_IinG = -0.964,-2.038,0.552 | dist = 43.30 (meters)
bg = -0.0006,0.0183,0.0771 | ba = -0.0378,0.1562,0.0488
camera-imu timeoffset = 0.00001
cam0 intrinsics = 461.831,461.122,367.096,244.608 | -0.278,0.069,0.001,-0.000
cam1 intrinsics = 460.831,460.203,379.496,251.671 | -0.279,0.070,0.001,0.000
cam0 extrinsics = -0.006,0.011,0.702,0.712 | 0.063,-0.012,0.011
cam1 extrinsics = -0.001,0.015,0.703,0.711 | -0.049,-0.013,0.010
q_GtoI = 0.871,-0.127,0.472,0.058 | p_IinG = -0.931,-2.064,0.573 | dist = 43.34 (meters)
bg = -0.0012,0.0186,0.0770 | ba = -0.0385,0.1539,0.0512
camera-imu timeoffset = 0.00000
cam0 intrinsics = 461.864,461.139,367.095,244.591 | -0.278,0.069,0.001,-0.000
cam1 intrinsics = 460.866,460.219,379.502,251.653 | -0.279,0.070,0.001,0.000
cam0 extrinsics = -0.006,0.011,0.702,0.712 | 0.062,-0.013,0.011
cam1 extrinsics = -0.000,0.015,0.703,0.711 | -0.049,-0.013,0.010
q_GtoI = 0.857,-0.104,0.501,0.062 | p_IinG = -0.896,-2.085,0.591 | dist = 43.39 (meters)
bg = -0.0013,0.0185,0.0771 | ba = -0.0376,0.1543,0.0532
camera-imu timeoffset = 0.00001
cam0 intrinsics = 461.854,461.141,367.094,244.593 | -0.278,0.069,0.001,-0.000
cam1 intrinsics = 460.857,460.221,379.505,251.655 | -0.279,0.070,0.001,0.000
cam0 extrinsics = -0.006,0.011,0.702,0.712 | 0.062,-0.012,0.011
cam1 extrinsics = -0.000,0.015,0.703,0.711 | -0.049,-0.013,0.010
q_GtoI = 0.839,-0.083,0.534,0.068 | p_IinG = -0.857,-2.107,0.611 | dist = 43.44 (meters)
bg = -0.0015,0.0184,0.0772 | ba = -0.0394,0.1536,0.0564
camera-imu timeoffset = 0.00000
cam0 intrinsics = 461.859,461.149,367.089,244.592 | -0.278,0.069,0.001,-0.000
cam1 intrinsics = 460.863,460.229,379.501,251.658 | -0.279,0.070,0.001,0.000
cam0 extrinsics = -0.006,0.011,0.702,0.712 | 0.062,-0.012,0.011
cam1 extrinsics = -0.000,0.015,0.703,0.711 | -0.049,-0.013,0.010
q_GtoI = 0.818,-0.066,0.566,0.072 | p_IinG = -0.817,-2.126,0.630 | dist = 43.49 (meters)
bg = -0.0015,0.0181,0.0771 | ba = -0.0419,0.1539,0.0579
camera-imu timeoffset = -0.00000
cam0 intrinsics = 461.877,461.170,367.085,244.592 | -0.278,0.069,0.001,-0.000
cam1 intrinsics = 460.880,460.249,379.498,251.660 | -0.279,0.070,0.001,0.000
cam0 extrinsics = -0.006,0.011,0.702,0.712 | 0.062,-0.012,0.011
cam1 extrinsics = -0.000,0.015,0.703,0.711 | -0.049,-0.012,0.010
q_GtoI = 0.800,-0.052,0.593,0.076 | p_IinG = -0.777,-2.144,0.648 | dist = 43.54 (meters)
bg = -0.0013,0.0182,0.0771 | ba = -0.0417,0.1551,0.0602
camera-imu timeoffset = 0.00000
cam0 intrinsics = 461.889,461.168,367.085,244.577 | -0.278,0.069,0.001,-0.000
cam1 intrinsics = 460.893,460.247,379.498,251.651 | -0.279,0.070,0.001,0.000
cam0 extrinsics = -0.006,0.011,0.702,0.712 | 0.062,-0.012,0.011
cam1 extrinsics = -0.000,0.015,0.703,0.711 | -0.049,-0.012,0.010
q_GtoI = 0.784,-0.042,0.614,0.080 | p_IinG = -0.738,-2.162,0.664 | dist = 43.58 (meters)
bg = -0.0013,0.0181,0.0773 | ba = -0.0427,0.1532,0.0615
camera-imu timeoffset = -0.00000
cam0 intrinsics = 461.901,461.174,367.089,244.576 | -0.278,0.069,0.001,-0.000
cam1 intrinsics = 460.905,460.252,379.502,251.651 | -0.279,0.070,0.001,0.000
cam0 extrinsics = -0.006,0.011,0.702,0.712 | 0.062,-0.012,0.011
cam1 extrinsics = -0.000,0.015,0.703,0.711 | -0.050,-0.012,0.010
q_GtoI = 0.770,-0.034,0.632,0.081 | p_IinG = -0.704,-2.178,0.679 | dist = 43.62 (meters)
bg = -0.0014,0.0180,0.0772 | ba = -0.0433,0.1528,0.0618
camera-imu timeoffset = 0.00000
cam0 intrinsics = 461.908,461.176,367.086,244.576 | -0.278,0.069,0.001,-0.000
cam1 intrinsics = 460.910,460.253,379.503,251.650 | -0.279,0.070,0.001,0.000
cam0 extrinsics = -0.006,0.011,0.702,0.712 | 0.062,-0.012,0.011
cam1 extrinsics = -0.000,0.015,0.703,0.711 | -0.049,-0.012,0.010
q_GtoI = 0.758,-0.029,0.646,0.084 | p_IinG = -0.670,-2.191,0.693 | dist = 43.66 (meters)
bg = -0.0013,0.0180,0.0772 | ba = -0.0448,0.1483,0.0607
camera-imu timeoffset = -0.00000
cam0 intrinsics = 461.909,461.180,367.094,244.580 | -0.278,0.069,0.001,-0.000
cam1 intrinsics = 460.910,460.256,379.514,251.653 | -0.279,0.070,0.001,0.000
cam0 extrinsics = -0.006,0.011,0.702,0.712 | 0.062,-0.012,0.011
cam1 extrinsics = -0.000,0.015,0.703,0.711 | -0.049,-0.012,0.010
q_GtoI = 0.745,-0.026,0.661,0.085 | p_IinG = -0.642,-2.202,0.707 | dist = 43.69 (meters)
bg = -0.0012,0.0180,0.0771 | ba = -0.0445,0.1463,0.0597
camera-imu timeoffset = 0.00000
cam0 intrinsics = 461.913,461.185,367.094,244.582 | -0.278,0.069,0.001,-0.000
cam1 intrinsics = 460.913,460.260,379.516,251.656 | -0.279,0.070,0.001,0.000
cam0 extrinsics = -0.006,0.011,0.702,0.712 | 0.062,-0.012,0.011
cam1 extrinsics = -0.000,0.015,0.703,0.711 | -0.049,-0.012,0.010
q_GtoI = 0.733,-0.023,0.675,0.088 | p_IinG = -0.620,-2.209,0.722 | dist = 43.72 (meters)
bg = -0.0012,0.0180,0.0770 | ba = -0.0448,0.1432,0.0583
camera-imu timeoffset = 0.00000
cam0 intrinsics = 461.920,461.190,367.093,244.579 | -0.278,0.069,0.001,-0.000
cam1 intrinsics = 460.918,460.264,379.518,251.655 | -0.279,0.070,0.001,0.000
cam0 extrinsics = -0.006,0.011,0.702,0.712 | 0.063,-0.012,0.011
cam1 extrinsics = -0.000,0.015,0.703,0.711 | -0.049,-0.012,0.010
q_GtoI = 0.720,-0.023,0.688,0.089 | p_IinG = -0.606,-2.212,0.739 | dist = 43.74 (meters)
bg = -0.0010,0.0179,0.0770 | ba = -0.0456,0.1419,0.0591
camera-imu timeoffset = 0.00000
cam0 intrinsics = 461.933,461.202,367.091,244.588 | -0.278,0.069,0.001,-0.000
cam1 intrinsics = 460.930,460.274,379.518,251.661 | -0.279,0.070,0.001,0.000
cam0 extrinsics = -0.006,0.011,0.702,0.712 | 0.063,-0.012,0.011
cam1 extrinsics = -0.000,0.015,0.703,0.711 | -0.049,-0.012,0.010
q_GtoI = 0.708,-0.024,0.700,0.088 | p_IinG = -0.597,-2.212,0.756 | dist = 43.76 (meters)
bg = -0.0009,0.0180,0.0769 | ba = -0.0460,0.1384,0.0586
camera-imu timeoffset = -0.00000
cam0 intrinsics = 461.942,461.207,367.087,244.587 | -0.278,0.069,0.001,-0.000
cam1 intrinsics = 460.938,460.278,379.517,251.661 | -0.279,0.070,0.001,0.000
cam0 extrinsics = -0.006,0.011,0.702,0.712 | 0.063,-0.012,0.011
cam1 extrinsics = -0.000,0.015,0.703,0.711 | -0.049,-0.012,0.010
q_GtoI = 0.700,-0.025,0.708,0.088 | p_IinG = -0.592,-2.207,0.775 | dist = 43.78 (meters)
bg = -0.0008,0.0182,0.0772 | ba = -0.0490,0.1327,0.0564
camera-imu timeoffset = -0.00001
cam0 intrinsics = 461.932,461.198,367.084,244.578 | -0.278,0.069,0.001,-0.000
cam1 intrinsics = 460.932,460.271,379.514,251.655 | -0.279,0.070,0.001,0.000
cam0 extrinsics = -0.006,0.011,0.702,0.712 | 0.063,-0.012,0.011
cam1 extrinsics = -0.000,0.015,0.703,0.711 | -0.049,-0.012,0.010
q_GtoI = 0.706,-0.031,0.702,0.082 | p_IinG = -0.597,-2.199,0.790 | dist = 43.79 (meters)
bg = -0.0006,0.0182,0.0772 | ba = -0.0533,0.1271,0.0530
camera-imu timeoffset = -0.00003
cam0 intrinsics = 461.931,461.191,367.083,244.587 | -0.278,0.069,0.001,-0.000
cam1 intrinsics = 460.931,460.263,379.517,251.665 | -0.279,0.070,0.001,0.000
cam0 extrinsics = -0.006,0.011,0.702,0.712 | 0.063,-0.012,0.011
cam1 extrinsics = -0.000,0.015,0.703,0.711 | -0.049,-0.012,0.010
q_GtoI = 0.725,-0.038,0.684,0.075 | p_IinG = -0.602,-2.189,0.806 | dist = 43.82 (meters)
bg = -0.0010,0.0188,0.0773 | ba = -0.0610,0.1183,0.0473
camera-imu timeoffset = -0.00004
cam0 intrinsics = 461.915,461.158,367.066,244.585 | -0.278,0.069,0.001,-0.000
cam1 intrinsics = 460.916,460.231,379.513,251.668 | -0.279,0.070,0.001,0.000
cam0 extrinsics = -0.006,0.011,0.702,0.712 | 0.063,-0.011,0.011
cam1 extrinsics = -0.000,0.015,0.703,0.711 | -0.048,-0.011,0.010
q_GtoI = 0.746,-0.046,0.661,0.067 | p_IinG = -0.619,-2.184,0.829 | dist = 43.84 (meters)
bg = -0.0016,0.0196,0.0772 | ba = -0.0707,0.1120,0.0510
camera-imu timeoffset = -0.00003
cam0 intrinsics = 461.867,461.105,367.082,244.581 | -0.278,0.069,0.001,-0.000
cam1 intrinsics = 460.867,460.179,379.523,251.657 | -0.279,0.070,0.001,0.000
cam0 extrinsics = -0.006,0.011,0.702,0.712 | 0.064,-0.011,0.011
cam1 extrinsics = -0.000,0.015,0.703,0.711 | -0.048,-0.011,0.010
q_GtoI = 0.766,-0.052,0.638,0.062 | p_IinG = -0.643,-2.171,0.843 | dist = 43.88 (meters)
bg = -0.0019,0.0198,0.0772 | ba = -0.0728,0.1084,0.0483
camera-imu timeoffset = -0.00003
cam0 intrinsics = 461.855,461.104,367.080,244.604 | -0.278,0.069,0.001,-0.000
cam1 intrinsics = 460.854,460.176,379.521,251.681 | -0.279,0.070,0.001,0.000
cam0 extrinsics = -0.006,0.011,0.702,0.712 | 0.064,-0.011,0.011
cam1 extrinsics = -0.000,0.015,0.703,0.711 | -0.048,-0.011,0.010
q_GtoI = 0.785,-0.057,0.614,0.058 | p_IinG = -0.673,-2.157,0.856 | dist = 43.91 (meters)
bg = -0.0021,0.0198,0.0772 | ba = -0.0740,0.1052,0.0466
camera-imu timeoffset = -0.00003
cam0 intrinsics = 461.842,461.092,367.095,244.608 | -0.278,0.069,0.001,-0.000
cam1 intrinsics = 460.840,460.162,379.542,251.690 | -0.279,0.070,0.001,0.000
cam0 extrinsics = -0.006,0.011,0.702,0.712 | 0.064,-0.011,0.011
cam1 extrinsics = -0.000,0.015,0.703,0.711 | -0.048,-0.011,0.010
q_GtoI = 0.805,-0.060,0.588,0.056 | p_IinG = -0.705,-2.142,0.868 | dist = 43.95 (meters)
bg = -0.0023,0.0200,0.0772 | ba = -0.0751,0.1029,0.0447
camera-imu timeoffset = -0.00003
cam0 intrinsics = 461.829,461.080,367.107,244.612 | -0.277,0.069,0.001,-0.000
cam1 intrinsics = 460.826,460.149,379.555,251.699 | -0.279,0.070,0.001,0.000
cam0 extrinsics = -0.006,0.011,0.702,0.712 | 0.064,-0.010,0.011
cam1 extrinsics = -0.000,0.015,0.703,0.711 | -0.048,-0.011,0.010
q_GtoI = 0.823,-0.065,0.562,0.053 | p_IinG = -0.738,-2.126,0.879 | dist = 43.99 (meters)
bg = -0.0023,0.0200,0.0772 | ba = -0.0727,0.1015,0.0427
camera-imu timeoffset = -0.00003
cam0 intrinsics = 461.796,461.047,367.118,244.638 | -0.277,0.069,0.001,-0.000
cam1 intrinsics = 460.794,460.117,379.573,251.727 | -0.279,0.070,0.001,0.000
cam0 extrinsics = -0.006,0.011,0.702,0.712 | 0.064,-0.010,0.010
cam1 extrinsics = -0.000,0.015,0.703,0.711 | -0.048,-0.010,0.010
q_GtoI = 0.839,-0.068,0.537,0.051 | p_IinG = -0.770,-2.110,0.890 | dist = 44.03 (meters)
bg = -0.0025,0.0199,0.0769 | ba = -0.0729,0.0986,0.0410
camera-imu timeoffset = -0.00003
cam0 intrinsics = 461.765,461.013,367.125,244.669 | -0.277,0.069,0.001,-0.000
cam1 intrinsics = 460.760,460.081,379.587,251.760 | -0.279,0.070,0.001,0.000
cam0 extrinsics = -0.006,0.011,0.702,0.712 | 0.063,-0.010,0.010
cam1 extrinsics = -0.001,0.015,0.703,0.711 | -0.048,-0.010,0.010
q_GtoI = 0.853,-0.071,0.515,0.047 | p_IinG = -0.799,-2.093,0.900 | dist = 44.07 (meters)
bg = -0.0025,0.0196,0.0768 | ba = -0.0720,0.0951,0.0389
camera-imu timeoffset = -0.00003
cam0 intrinsics = 461.738,460.987,367.137,244.709 | -0.277,0.069,0.001,-0.000
cam1 intrinsics = 460.730,460.051,379.587,251.799 | -0.279,0.070,0.001,0.000
cam0 extrinsics = -0.006,0.011,0.702,0.712 | 0.063,-0.010,0.010
cam1 extrinsics = -0.001,0.015,0.703,0.711 | -0.048,-0.010,0.009
q_GtoI = 0.864,-0.070,0.496,0.044 | p_IinG = -0.826,-2.077,0.910 | dist = 44.10 (meters)
bg = -0.0024,0.0195,0.0766 | ba = -0.0715,0.0930,0.0385
camera-imu timeoffset = -0.00003
cam0 intrinsics = 461.720,460.971,367.138,244.723 | -0.277,0.069,0.001,-0.000
cam1 intrinsics = 460.712,460.036,379.586,251.815 | -0.279,0.070,0.001,0.000
cam0 extrinsics = -0.006,0.011,0.702,0.712 | 0.063,-0.010,0.010
cam1 extrinsics = -0.001,0.015,0.703,0.711 | -0.049,-0.010,0.009
q_GtoI = 0.873,-0.068,0.481,0.040 | p_IinG = -0.848,-2.061,0.922 | dist = 44.13 (meters)
bg = -0.0025,0.0195,0.0766 | ba = -0.0715,0.0911,0.0382
camera-imu timeoffset = -0.00003
cam0 intrinsics = 461.705,460.961,367.134,244.742 | -0.277,0.069,0.001,-0.000
cam1 intrinsics = 460.696,460.025,379.581,251.833 | -0.279,0.070,0.001,0.000
cam0 extrinsics = -0.006,0.011,0.702,0.712 | 0.063,-0.010,0.010
cam1 extrinsics = -0.001,0.015,0.703,0.711 | -0.049,-0.011,0.009
q_GtoI = 0.882,-0.066,0.466,0.034 | p_IinG = -0.864,-2.046,0.933 | dist = 44.16 (meters)
bg = -0.0027,0.0194,0.0765 | ba = -0.0712,0.0890,0.0381
camera-imu timeoffset = -0.00003
cam0 intrinsics = 461.691,460.950,367.126,244.754 | -0.277,0.069,0.001,-0.000
cam1 intrinsics = 460.680,460.013,379.571,251.846 | -0.279,0.070,0.001,0.000
cam0 extrinsics = -0.006,0.011,0.702,0.712 | 0.063,-0.010,0.010
cam1 extrinsics = -0.001,0.015,0.703,0.711 | -0.049,-0.011,0.009
q_GtoI = 0.889,-0.061,0.453,0.030 | p_IinG = -0.874,-2.032,0.943 | dist = 44.18 (meters)
bg = -0.0027,0.0193,0.0765 | ba = -0.0708,0.0873,0.0383
camera-imu timeoffset = -0.00003
cam0 intrinsics = 461.673,460.935,367.120,244.761 | -0.277,0.069,0.001,0.000
cam1 intrinsics = 460.662,459.998,379.567,251.854 | -0.279,0.070,0.001,0.000
cam0 extrinsics = -0.006,0.011,0.702,0.712 | 0.063,-0.011,0.010
cam1 extrinsics = -0.001,0.015,0.703,0.711 | -0.049,-0.011,0.009
q_GtoI = 0.895,-0.056,0.441,0.024 | p_IinG = -0.876,-2.022,0.956 | dist = 44.20 (meters)
bg = -0.0029,0.0193,0.0765 | ba = -0.0712,0.0840,0.0402
camera-imu timeoffset = -0.00003
cam0 intrinsics = 461.663,460.933,367.117,244.761 | -0.277,0.069,0.001,0.000
cam1 intrinsics = 460.650,459.995,379.569,251.855 | -0.279,0.070,0.001,0.000
cam0 extrinsics = -0.006,0.011,0.702,0.712 | 0.063,-0.011,0.010
cam1 extrinsics = -0.001,0.015,0.703,0.711 | -0.049,-0.011,0.009
q_GtoI = 0.899,-0.049,0.434,0.019 | p_IinG = -0.870,-2.011,0.970 | dist = 44.22 (meters)
bg = -0.0031,0.0193,0.0765 | ba = -0.0710,0.0824,0.0411
camera-imu timeoffset = -0.00003
cam0 intrinsics = 461.656,460.931,367.117,244.761 | -0.277,0.069,0.001,0.000
cam1 intrinsics = 460.643,459.994,379.573,251.856 | -0.279,0.070,0.001,0.000
cam0 extrinsics = -0.006,0.011,0.702,0.712 | 0.063,-0.011,0.010
cam1 extrinsics = -0.001,0.015,0.703,0.711 | -0.049,-0.011,0.009
q_GtoI = 0.900,-0.040,0.434,0.015 | p_IinG = -0.856,-2.002,0.983 | dist = 44.24 (meters)
bg = -0.0035,0.0192,0.0764 | ba = -0.0697,0.0816,0.0413
camera-imu timeoffset = -0.00003
cam0 intrinsics = 461.645,460.922,367.126,244.760 | -0.277,0.069,0.001,0.000
cam1 intrinsics = 460.631,459.982,379.572,251.870 | -0.279,0.070,0.001,0.000
cam0 extrinsics = -0.006,0.011,0.702,0.712 | 0.063,-0.011,0.010
cam1 extrinsics = -0.001,0.015,0.703,0.711 | -0.049,-0.011,0.009
q_GtoI = 0.896,-0.028,0.444,0.014 | p_IinG = -0.832,-1.989,0.997 | dist = 44.27 (meters)
bg = -0.0034,0.0190,0.0765 | ba = -0.0683,0.0824,0.0391
camera-imu timeoffset = -0.00003
cam0 intrinsics = 461.643,460.913,367.127,244.765 | -0.277,0.069,0.001,0.000
cam1 intrinsics = 460.629,459.974,379.573,251.878 | -0.279,0.070,0.001,0.000
cam0 extrinsics = -0.006,0.011,0.702,0.712 | 0.063,-0.011,0.010
cam1 extrinsics = -0.001,0.015,0.703,0.711 | -0.049,-0.011,0.009
q_GtoI = 0.886,-0.016,0.462,0.014 | p_IinG = -0.799,-1.976,1.012 | dist = 44.31 (meters)
bg = -0.0034,0.0188,0.0767 | ba = -0.0650,0.0831,0.0358
camera-imu timeoffset = -0.00003
cam0 intrinsics = 461.635,460.902,367.130,244.768 | -0.277,0.069,0.001,0.000
cam1 intrinsics = 460.623,459.963,379.574,251.882 | -0.279,0.070,0.001,0.000
cam0 extrinsics = -0.006,0.011,0.702,0.712 | 0.063,-0.011,0.010
cam1 extrinsics = -0.001,0.015,0.703,0.711 | -0.049,-0.011,0.009
q_GtoI = 0.873,-0.005,0.487,0.015 | p_IinG = -0.752,-1.956,1.034 | dist = 44.36 (meters)
bg = -0.0027,0.0195,0.0770 | ba = -0.0662,0.0849,0.0316
camera-imu timeoffset = -0.00003
cam0 intrinsics = 461.670,460.939,367.147,244.740 | -0.277,0.069,0.001,-0.000
cam1 intrinsics = 460.656,459.999,379.573,251.851 | -0.279,0.070,0.001,0.000
cam0 extrinsics = -0.006,0.011,0.702,0.712 | 0.063,-0.011,0.010
cam1 extrinsics = -0.000,0.015,0.703,0.711 | -0.049,-0.011,0.009
q_GtoI = 0.859,0.003,0.513,0.013 | p_IinG = -0.708,-1.943,1.051 | dist = 44.41 (meters)
bg = -0.0026,0.0193,0.0772 | ba = -0.0638,0.0854,0.0313
camera-imu timeoffset = -0.00003
cam0 intrinsics = 461.666,460.940,367.156,244.753 | -0.277,0.069,0.001,-0.000
cam1 intrinsics = 460.653,460.000,379.580,251.864 | -0.279,0.070,0.001,0.000
cam0 extrinsics = -0.006,0.011,0.702,0.712 | 0.063,-0.011,0.010
cam1 extrinsics = -0.000,0.015,0.703,0.711 | -0.049,-0.011,0.010
q_GtoI = 0.841,0.008,0.540,0.009 | p_IinG = -0.661,-1.930,1.073 | dist = 44.47 (meters)
bg = -0.0024,0.0194,0.0773 | ba = -0.0641,0.0866,0.0345
camera-imu timeoffset = -0.00003
cam0 intrinsics = 461.670,460.951,367.189,244.811 | -0.277,0.069,0.001,-0.000
cam1 intrinsics = 460.654,460.007,379.621,251.928 | -0.279,0.070,0.001,0.000
cam0 extrinsics = -0.006,0.011,0.702,0.712 | 0.063,-0.011,0.010
cam1 extrinsics = -0.001,0.015,0.703,0.711 | -0.049,-0.011,0.010
q_GtoI = 0.823,0.013,0.568,0.006 | p_IinG = -0.612,-1.917,1.093 | dist = 44.52 (meters)
bg = -0.0025,0.0192,0.0771 | ba = -0.0634,0.0868,0.0348
camera-imu timeoffset = -0.00003
cam0 intrinsics = 461.681,460.963,367.195,244.810 | -0.277,0.069,0.001,-0.000
cam1 intrinsics = 460.661,460.016,379.623,251.925 | -0.279,0.070,0.001,0.000
cam0 extrinsics = -0.006,0.011,0.702,0.712 | 0.063,-0.011,0.010
cam1 extrinsics = -0.001,0.015,0.703,0.711 | -0.049,-0.011,0.010
q_GtoI = 0.805,0.017,0.593,0.002 | p_IinG = -0.564,-1.903,1.111 | dist = 44.58 (meters)
bg = -0.0025,0.0192,0.0770 | ba = -0.0614,0.0862,0.0340
camera-imu timeoffset = -0.00002
cam0 intrinsics = 461.678,460.958,367.198,244.804 | -0.277,0.069,0.001,-0.000
cam1 intrinsics = 460.657,460.010,379.627,251.920 | -0.279,0.070,0.001,0.000
cam0 extrinsics = -0.006,0.011,0.702,0.712 | 0.063,-0.011,0.011
cam1 extrinsics = -0.001,0.015,0.703,0.711 | -0.049,-0.011,0.010
q_GtoI = -0.791,-0.020,-0.612,0.000 | p_IinG = -0.518,-1.888,1.129 | dist = 44.63 (meters)
bg = -0.0024,0.0191,0.0768 | ba = -0.0605,0.0859,0.0326
camera-imu timeoffset = -0.00002
cam0 intrinsics = 461.676,460.959,367.208,244.804 | -0.277,0.069,0.001,-0.000
cam1 intrinsics = 460.653,460.010,379.635,251.922 | -0.279,0.070,0.001,0.000
cam0 extrinsics = -0.006,0.011,0.702,0.712 | 0.063,-0.011,0.011
cam1 extrinsics = -0.001,0.015,0.703,0.711 | -0.049,-0.011,0.010
q_GtoI = -0.778,-0.021,-0.627,0.004 | p_IinG = -0.474,-1.873,1.145 | dist = 44.68 (meters)
bg = -0.0022,0.0190,0.0767 | ba = -0.0599,0.0857,0.0326
camera-imu timeoffset = -0.00002
cam0 intrinsics = 461.678,460.963,367.214,244.814 | -0.277,0.069,0.001,-0.000
cam1 intrinsics = 460.652,460.011,379.636,251.934 | -0.279,0.070,0.001,0.000
cam0 extrinsics = -0.006,0.011,0.702,0.712 | 0.062,-0.011,0.011
cam1 extrinsics = -0.001,0.015,0.703,0.711 | -0.049,-0.011,0.010
q_GtoI = -0.770,-0.023,-0.637,0.007 | p_IinG = -0.433,-1.860,1.161 | dist = 44.73 (meters)
bg = -0.0022,0.0191,0.0766 | ba = -0.0602,0.0844,0.0339
camera-imu timeoffset = -0.00002
cam0 intrinsics = 461.676,460.955,367.222,244.817 | -0.277,0.069,0.001,-0.000
cam1 intrinsics = 460.646,460.000,379.642,251.939 | -0.279,0.070,0.001,-0.000
cam0 extrinsics = -0.006,0.011,0.702,0.712 | 0.062,-0.011,0.011
cam1 extrinsics = -0.001,0.015,0.703,0.711 | -0.049,-0.011,0.010
q_GtoI = -0.763,-0.024,-0.646,0.009 | p_IinG = -0.396,-1.846,1.175 | dist = 44.77 (meters)
bg = -0.0022,0.0191,0.0766 | ba = -0.0594,0.0841,0.0339
camera-imu timeoffset = -0.00002
cam0 intrinsics = 461.677,460.956,367.230,244.822 | -0.277,0.069,0.001,-0.000
cam1 intrinsics = 460.646,460.000,379.651,251.945 | -0.279,0.070,0.001,-0.000
cam0 extrinsics = -0.006,0.011,0.702,0.712 | 0.062,-0.011,0.011
cam1 extrinsics = -0.001,0.015,0.703,0.711 | -0.049,-0.011,0.010
q_GtoI = -0.755,-0.025,-0.655,0.009 | p_IinG = -0.363,-1.830,1.189 | dist = 44.81 (meters)
bg = -0.0021,0.0191,0.0765 | ba = -0.0600,0.0836,0.0338
camera-imu timeoffset = -0.00002
cam0 intrinsics = 461.679,460.959,367.236,244.830 | -0.277,0.069,0.001,-0.000
cam1 intrinsics = 460.649,460.002,379.655,251.952 | -0.279,0.070,0.001,-0.000
cam0 extrinsics = -0.006,0.011,0.702,0.712 | 0.062,-0.011,0.011
cam1 extrinsics = -0.001,0.015,0.703,0.711 | -0.049,-0.011,0.010
q_GtoI = -0.749,-0.027,-0.662,0.008 | p_IinG = -0.335,-1.816,1.202 | dist = 44.84 (meters)
bg = -0.0020,0.0191,0.0766 | ba = -0.0608,0.0829,0.0337
camera-imu timeoffset = -0.00002
cam0 intrinsics = 461.681,460.959,367.236,244.833 | -0.277,0.069,0.001,-0.000
cam1 intrinsics = 460.650,460.002,379.654,251.952 | -0.279,0.070,0.001,-0.000
cam0 extrinsics = -0.006,0.011,0.702,0.712 | 0.062,-0.011,0.011
cam1 extrinsics = -0.001,0.015,0.703,0.711 | -0.049,-0.011,0.010
q_GtoI = -0.741,-0.027,-0.670,0.009 | p_IinG = -0.313,-1.803,1.215 | dist = 44.87 (meters)
bg = -0.0022,0.0192,0.0765 | ba = -0.0613,0.0811,0.0345
camera-imu timeoffset = -0.00002
cam0 intrinsics = 461.678,460.955,367.243,244.838 | -0.277,0.069,0.001,-0.000
cam1 intrinsics = 460.649,459.999,379.659,251.956 | -0.279,0.070,0.001,-0.000
cam0 extrinsics = -0.006,0.011,0.702,0.712 | 0.062,-0.011,0.011
cam1 extrinsics = -0.001,0.015,0.703,0.711 | -0.049,-0.011,0.010
q_GtoI = -0.733,-0.025,-0.679,0.009 | p_IinG = -0.292,-1.781,1.220 | dist = 44.89 (meters)
bg = -0.0016,0.0193,0.0769 | ba = -0.0587,0.0764,0.0293
camera-imu timeoffset = -0.00001
cam0 intrinsics = 461.712,460.988,367.240,244.899 | -0.277,0.069,0.001,-0.000
cam1 intrinsics = 460.679,460.029,379.665,252.027 | -0.279,0.070,0.001,-0.000
cam0 extrinsics = -0.006,0.011,0.702,0.712 | 0.062,-0.011,0.011
cam1 extrinsics = -0.001,0.015,0.703,0.711 | -0.049,-0.011,0.010
q_GtoI = -0.719,-0.023,-0.695,0.011 | p_IinG = -0.282,-1.767,1.235 | dist = 44.92 (meters)
bg = -0.0016,0.0193,0.0769 | ba = -0.0611,0.0754,0.0302
camera-imu timeoffset = -0.00001
cam0 intrinsics = 461.712,460.987,367.241,244.904 | -0.277,0.069,0.001,-0.000
cam1 intrinsics = 460.680,460.028,379.664,252.030 | -0.279,0.070,0.001,-0.000
cam0 extrinsics = -0.006,0.011,0.702,0.712 | 0.062,-0.011,0.011
cam1 extrinsics = -0.001,0.015,0.703,0.711 | -0.049,-0.011,0.010
q_GtoI = -0.703,-0.021,-0.711,0.011 | p_IinG = -0.280,-1.753,1.249 | dist = 44.94 (meters)
bg = -0.0016,0.0196,0.0771 | ba = -0.0627,0.0752,0.0320
camera-imu timeoffset = -0.00001
cam0 intrinsics = 461.695,460.972,367.254,244.926 | -0.277,0.069,0.001,-0.000
cam1 intrinsics = 460.665,460.013,379.657,252.037 | -0.279,0.070,0.001,-0.000
cam0 extrinsics = -0.006,0.011,0.702,0.712 | 0.062,-0.011,0.011
cam1 extrinsics = -0.001,0.015,0.703,0.711 | -0.049,-0.011,0.010
q_GtoI = -0.692,-0.018,-0.722,0.011 | p_IinG = -0.286,-1.739,1.259 | dist = 44.95 (meters)
bg = -0.0015,0.0197,0.0772 | ba = -0.0624,0.0743,0.0331
camera-imu timeoffset = -0.00001
cam0 intrinsics = 461.697,460.972,367.257,244.937 | -0.277,0.069,0.001,-0.000
cam1 intrinsics = 460.667,460.012,379.656,252.047 | -0.279,0.070,0.001,-0.000
cam0 extrinsics = -0.006,0.011,0.702,0.712 | 0.062,-0.011,0.011
cam1 extrinsics = -0.001,0.015,0.703,0.711 | -0.049,-0.011,0.010
q_GtoI = -0.687,-0.015,-0.727,0.012 | p_IinG = -0.300,-1.726,1.267 | dist = 44.98 (meters)
bg = -0.0015,0.0199,0.0773 | ba = -0.0627,0.0731,0.0342
camera-imu timeoffset = -0.00001
cam0 intrinsics = 461.699,460.971,367.258,244.948 | -0.277,0.069,0.001,-0.000
cam1 intrinsics = 460.668,460.010,379.653,252.056 | -0.279,0.070,0.001,-0.000
cam0 extrinsics = -0.006,0.011,0.702,0.712 | 0.062,-0.011,0.011
cam1 extrinsics = -0.001,0.015,0.703,0.711 | -0.049,-0.011,0.010
q_GtoI = -0.691,-0.011,-0.723,0.012 | p_IinG = -0.322,-1.713,1.272 | dist = 45.00 (meters)
bg = -0.0014,0.0202,0.0774 | ba = -0.0627,0.0723,0.0351
camera-imu timeoffset = -0.00001
cam0 intrinsics = 461.701,460.968,367.257,244.957 | -0.277,0.069,0.001,-0.000
cam1 intrinsics = 460.669,460.006,379.652,252.065 | -0.279,0.070,0.001,-0.000
cam0 extrinsics = -0.006,0.011,0.702,0.712 | 0.062,-0.011,0.011
cam1 extrinsics = -0.001,0.015,0.703,0.711 | -0.049,-0.011,0.010
q_GtoI = -0.704,-0.009,-0.710,0.011 | p_IinG = -0.353,-1.700,1.274 | dist = 45.04 (meters)
bg = -0.0014,0.0203,0.0774 | ba = -0.0641,0.0711,0.0353
camera-imu timeoffset = -0.00001
cam0 intrinsics = 461.700,460.964,367.257,244.966 | -0.277,0.069,0.001,-0.000
cam1 intrinsics = 460.668,460.001,379.651,252.074 | -0.279,0.070,0.001,-0.000
cam0 extrinsics = -0.006,0.011,0.702,0.712 | 0.062,-0.011,0.011
cam1 extrinsics = -0.001,0.015,0.703,0.711 | -0.049,-0.011,0.010
q_GtoI = -0.724,-0.007,-0.690,0.009 | p_IinG = -0.390,-1.687,1.272 | dist = 45.08 (meters)
bg = -0.0013,0.0204,0.0773 | ba = -0.0679,0.0704,0.0342
camera-imu timeoffset = -0.00001
cam0 intrinsics = 461.694,460.948,367.259,244.969 | -0.277,0.069,0.001,-0.000
cam1 intrinsics = 460.663,459.986,379.654,252.077 | -0.279,0.070,0.001,-0.000
cam0 extrinsics = -0.006,0.011,0.702,0.712 | 0.062,-0.011,0.011
cam1 extrinsics = -0.001,0.015,0.703,0.711 | -0.049,-0.011,0.010
q_GtoI = -0.745,-0.004,-0.667,0.010 | p_IinG = -0.437,-1.676,1.266 | dist = 45.13 (meters)
bg = -0.0014,0.0204,0.0771 | ba = -0.0697,0.0707,0.0342
camera-imu timeoffset = -0.00001
cam0 intrinsics = 461.697,460.943,367.257,244.976 | -0.277,0.069,0.001,-0.000
cam1 intrinsics = 460.669,459.985,379.663,252.077 | -0.279,0.070,0.001,-0.000
cam0 extrinsics = -0.006,0.011,0.702,0.712 | 0.062,-0.010,0.011
cam1 extrinsics = -0.001,0.015,0.703,0.711 | -0.049,-0.011,0.010
q_GtoI = -0.766,-0.001,-0.643,0.013 | p_IinG = -0.485,-1.666,1.259 | dist = 45.18 (meters)
bg = -0.0014,0.0211,0.0768 | ba = -0.0646,0.0696,0.0406
camera-imu timeoffset = -0.00001
cam0 intrinsics = 461.751,460.974,367.067,244.771 | -0.277,0.069,0.001,-0.000
cam1 intrinsics = 460.714,460.010,379.473,251.868 | -0.279,0.070,0.001,0.000
cam0 extrinsics = -0.006,0.010,0.702,0.712 | 0.063,-0.010,0.011
cam1 extrinsics = -0.000,0.015,0.703,0.711 | -0.049,-0.011,0.010
q_GtoI = -0.784,0.003,-0.621,0.018 | p_IinG = -0.541,-1.655,1.246 | dist = 45.24 (meters)
bg = -0.0014,0.0209,0.0769 | ba = -0.0648,0.0676,0.0407
camera-imu timeoffset = -0.00001
cam0 intrinsics = 461.765,460.989,367.044,244.761 | -0.277,0.069,0.001,0.000
cam1 intrinsics = 460.725,460.022,379.446,251.849 | -0.279,0.070,0.001,0.000
cam0 extrinsics = -0.006,0.010,0.702,0.712 | 0.063,-0.010,0.011
cam1 extrinsics = -0.000,0.015,0.703,0.711 | -0.049,-0.011,0.010
q_GtoI = -0.804,0.006,-0.594,0.021 | p_IinG = -0.596,-1.644,1.229 | dist = 45.30 (meters)
bg = -0.0014,0.0210,0.0770 | ba = -0.0640,0.0658,0.0412
camera-imu timeoffset = -0.00001
cam0 intrinsics = 461.776,460.999,367.045,244.759 | -0.277,0.069,0.001,0.000
cam1 intrinsics = 460.735,460.031,379.449,251.845 | -0.279,0.070,0.001,0.000
cam0 extrinsics = -0.006,0.010,0.702,0.712 | 0.063,-0.010,0.011
cam1 extrinsics = -0.000,0.015,0.703,0.711 | -0.049,-0.011,0.010
q_GtoI = -0.822,0.010,-0.569,0.026 | p_IinG = -0.652,-1.634,1.211 | dist = 45.36 (meters)
bg = -0.0013,0.0210,0.0772 | ba = -0.0638,0.0642,0.0408
camera-imu timeoffset = -0.00001
cam0 intrinsics = 461.775,460.991,367.053,244.770 | -0.277,0.069,0.001,0.000
cam1 intrinsics = 460.733,460.020,379.441,251.846 | -0.279,0.070,0.001,0.000
cam0 extrinsics = -0.006,0.010,0.702,0.712 | 0.063,-0.010,0.011
cam1 extrinsics = -0.000,0.015,0.703,0.711 | -0.049,-0.010,0.010
q_GtoI = -0.837,0.012,-0.546,0.028 | p_IinG = -0.706,-1.624,1.190 | dist = 45.42 (meters)
bg = -0.0011,0.0211,0.0772 | ba = -0.0628,0.0624,0.0405
camera-imu timeoffset = -0.00001
cam0 intrinsics = 461.776,460.985,367.048,244.788 | -0.277,0.069,0.001,-0.000
cam1 intrinsics = 460.733,460.013,379.438,251.858 | -0.279,0.070,0.001,0.000
cam0 extrinsics = -0.006,0.010,0.702,0.712 | 0.063,-0.010,0.011
cam1 extrinsics = -0.000,0.015,0.703,0.711 | -0.049,-0.010,0.010
q_GtoI = -0.850,0.012,-0.526,0.027 | p_IinG = -0.758,-1.617,1.166 | dist = 45.48 (meters)
bg = -0.0012,0.0212,0.0773 | ba = -0.0601,0.0594,0.0412
camera-imu timeoffset = -0.00001
cam0 intrinsics = 461.784,460.989,367.036,244.795 | -0.277,0.069,0.001,0.000
cam1 intrinsics = 460.742,460.019,379.429,251.864 | -0.279,0.070,0.001,0.000
cam0 extrinsics = -0.006,0.010,0.702,0.712 | 0.063,-0.010,0.011
cam1 extrinsics = -0.000,0.015,0.703,0.711 | -0.049,-0.010,0.010
q_GtoI = -0.859,0.009,-0.511,0.024 | p_IinG = -0.808,-1.611,1.141 | dist = 45.54 (meters)
bg = -0.0011,0.0211,0.0773 | ba = -0.0601,0.0576,0.0411
camera-imu timeoffset = -0.00001
cam0 intrinsics = 461.792,460.986,367.027,244.802 | -0.277,0.069,0.001,0.000
cam1 intrinsics = 460.749,460.016,379.425,251.870 | -0.279,0.070,0.001,0.000
cam0 extrinsics = -0.006,0.010,0.702,0.712 | 0.063,-0.010,0.011
cam1 extrinsics = -0.000,0.015,0.703,0.711 | -0.049,-0.010,0.010
q_GtoI = -0.869,0.005,-0.495,0.019 | p_IinG = -0.854,-1.605,1.114 | dist = 45.59 (meters)
bg = -0.0010,0.0210,0.0773 | ba = -0.0605,0.0562,0.0407
camera-imu timeoffset = -0.00001
cam0 intrinsics = 461.787,460.977,367.029,244.803 | -0.277,0.069,0.001,0.000
cam1 intrinsics = 460.743,460.006,379.424,251.873 | -0.279,0.070,0.001,0.000
cam0 extrinsics = -0.006,0.010,0.702,0.712 | 0.063,-0.010,0.011
cam1 extrinsics = -0.000,0.015,0.703,0.711 | -0.049,-0.010,0.010
q_GtoI = -0.877,0.002,-0.480,0.017 | p_IinG = -0.894,-1.600,1.085 | dist = 45.64 (meters)
bg = -0.0009,0.0211,0.0772 | ba = -0.0595,0.0552,0.0398
camera-imu timeoffset = -0.00001
cam0 intrinsics = 461.787,460.975,367.025,244.804 | -0.277,0.069,0.001,0.000
cam1 intrinsics = 460.743,460.004,379.421,251.876 | -0.279,0.070,0.001,0.000
cam0 extrinsics = -0.006,0.010,0.702,0.712 | 0.063,-0.010,0.011
cam1 extrinsics = -0.000,0.015,0.703,0.711 | -0.049,-0.010,0.010
q_GtoI = -0.885,-0.002,-0.465,0.014 | p_IinG = -0.930,-1.596,1.055 | dist = 45.69 (meters)
bg = -0.0010,0.0210,0.0771 | ba = -0.0597,0.0550,0.0390
camera-imu timeoffset = -0.00000
cam0 intrinsics = 461.784,460.969,367.025,244.801 | -0.277,0.069,0.001,0.000
cam1 intrinsics = 460.739,459.998,379.421,251.875 | -0.279,0.070,0.001,0.000
cam0 extrinsics = -0.006,0.010,0.702,0.712 | 0.063,-0.010,0.011
cam1 extrinsics = -0.000,0.015,0.703,0.711 | -0.049,-0.010,0.010
q_GtoI = -0.893,-0.005,-0.451,0.012 | p_IinG = -0.957,-1.593,1.026 | dist = 45.73 (meters)
bg = -0.0009,0.0210,0.0772 | ba = -0.0588,0.0528,0.0384
camera-imu timeoffset = -0.00000
cam0 intrinsics = 461.796,460.979,367.038,244.819 | -0.277,0.069,0.001,0.000
cam1 intrinsics = 460.749,460.005,379.428,251.891 | -0.279,0.070,0.001,0.000
cam0 extrinsics = -0.006,0.010,0.702,0.712 | 0.062,-0.010,0.011
cam1 extrinsics = -0.000,0.015,0.703,0.711 | -0.049,-0.010,0.010
q_GtoI = -0.899,-0.008,-0.437,0.012 | p_IinG = -0.978,-1.590,0.997 | dist = 45.77 (meters)
bg = -0.0010,0.0209,0.0771 | ba = -0.0598,0.0522,0.0380
camera-imu timeoffset = -0.00000
cam0 intrinsics = 461.791,460.973,367.034,244.818 | -0.277,0.069,0.001,0.000
cam1 intrinsics = 460.745,459.999,379.424,251.891 | -0.279,0.070,0.001,0.000
cam0 extrinsics = -0.006,0.010,0.702,0.712 | 0.062,-0.010,0.011
cam1 extrinsics = -0.000,0.015,0.703,0.711 | -0.049,-0.010,0.010
q_GtoI = -0.904,-0.011,-0.427,0.011 | p_IinG = -0.993,-1.589,0.972 | dist = 45.80 (meters)
bg = -0.0010,0.0208,0.0771 | ba = -0.0616,0.0512,0.0404
camera-imu timeoffset = -0.00000
cam0 intrinsics = 461.793,460.972,367.043,244.822 | -0.277,0.069,0.001,0.000
cam1 intrinsics = 460.746,459.997,379.426,251.896 | -0.279,0.070,0.001,0.000
cam0 extrinsics = -0.006,0.010,0.702,0.712 | 0.062,-0.010,0.011
cam1 extrinsics = -0.000,0.015,0.703,0.711 | -0.049,-0.010,0.010
q_GtoI = -0.907,-0.014,-0.420,0.010 | p_IinG = -0.996,-1.588,0.945 | dist = 45.82 (meters)
bg = -0.0012,0.0207,0.0771 | ba = -0.0604,0.0490,0.0402
camera-imu timeoffset = -0.00000
cam0 intrinsics = 461.801,460.976,367.053,244.839 | -0.277,0.069,0.001,0.000
cam1 intrinsics = 460.753,460.001,379.434,251.910 | -0.279,0.070,0.001,0.000
cam0 extrinsics = -0.006,0.010,0.702,0.712 | 0.062,-0.010,0.011
cam1 extrinsics = -0.000,0.015,0.703,0.711 | -0.049,-0.010,0.010
q_GtoI = -0.907,-0.015,-0.420,0.011 | p_IinG = -0.983,-1.581,0.921 | dist = 45.85 (meters)
bg = -0.0008,0.0207,0.0769 | ba = -0.0582,0.0489,0.0367
camera-imu timeoffset = -0.00000
cam0 intrinsics = 461.806,460.974,367.043,244.830 | -0.277,0.069,0.001,0.000
cam1 intrinsics = 460.752,459.994,379.434,251.905 | -0.279,0.070,0.001,0.000
cam0 extrinsics = -0.006,0.010,0.702,0.712 | 0.062,-0.010,0.011
cam1 extrinsics = -0.000,0.015,0.703,0.711 | -0.049,-0.010,0.011
q_GtoI = -0.903,-0.016,-0.429,0.011 | p_IinG = -0.965,-1.579,0.899 | dist = 45.87 (meters)
bg = -0.0010,0.0206,0.0770 | ba = -0.0559,0.0473,0.0351
camera-imu timeoffset = -0.00000
cam0 intrinsics = 461.807,460.971,367.049,244.833 | -0.277,0.069,0.001,0.000
cam1 intrinsics = 460.750,459.988,379.434,251.910 | -0.279,0.070,0.001,0.000
cam0 extrinsics = -0.006,0.010,0.702,0.712 | 0.062,-0.010,0.011
cam1 extrinsics = -0.000,0.015,0.703,0.711 | -0.049,-0.010,0.011
q_GtoI = -0.895,-0.016,-0.445,0.013 | p_IinG = -0.937,-1.576,0.880 | dist = 45.91 (meters)
bg = -0.0011,0.0205,0.0770 | ba = -0.0543,0.0457,0.0335
camera-imu timeoffset = -0.00001
cam0 intrinsics = 461.806,460.965,367.052,244.828 | -0.277,0.069,0.001,0.000
cam1 intrinsics = 460.749,459.982,379.437,251.905 | -0.279,0.070,0.001,0.000
cam0 extrinsics = -0.006,0.010,0.702,0.712 | 0.062,-0.010,0.011
cam1 extrinsics = -0.000,0.015,0.703,0.711 | -0.049,-0.010,0.011
q_GtoI = -0.884,-0.016,-0.468,0.015 | p_IinG = -0.900,-1.574,0.863 | dist = 45.95 (meters)
bg = -0.0013,0.0204,0.0769 | ba = -0.0530,0.0437,0.0310
camera-imu timeoffset = -0.00001
cam0 intrinsics = 461.805,460.959,367.058,244.821 | -0.277,0.069,0.001,0.000
cam1 intrinsics = 460.746,459.974,379.441,251.895 | -0.279,0.070,0.001,0.000
cam0 extrinsics = -0.006,0.010,0.702,0.712 | 0.062,-0.010,0.011
cam1 extrinsics = -0.001,0.015,0.703,0.711 | -0.049,-0.010,0.011
q_GtoI = -0.870,-0.016,-0.493,0.016 | p_IinG = -0.857,-1.571,0.848 | dist = 45.99 (meters)
bg = -0.0013,0.0202,0.0768 | ba = -0.0522,0.0427,0.0298
camera-imu timeoffset = -0.00000
cam0 intrinsics = 461.806,460.961,367.057,244.822 | -0.277,0.069,0.001,0.000
cam1 intrinsics = 460.746,459.975,379.438,251.896 | -0.279,0.070,0.001,0.000
cam0 extrinsics = -0.006,0.010,0.702,0.712 | 0.062,-0.010,0.011
cam1 extrinsics = -0.001,0.015,0.703,0.711 | -0.049,-0.010,0.011
q_GtoI = -0.854,-0.016,-0.519,0.015 | p_IinG = -0.810,-1.567,0.834 | dist = 46.04 (meters)
bg = -0.0014,0.0201,0.0767 | ba = -0.0512,0.0417,0.0289
camera-imu timeoffset = -0.00000
cam0 intrinsics = 461.801,460.953,367.058,244.823 | -0.277,0.069,0.001,0.000
cam1 intrinsics = 460.739,459.965,379.436,251.898 | -0.279,0.070,0.001,0.000
cam0 extrinsics = -0.006,0.010,0.702,0.712 | 0.062,-0.010,0.011
cam1 extrinsics = -0.001,0.015,0.703,0.711 | -0.049,-0.010,0.011
q_GtoI = -0.840,-0.016,-0.543,0.013 | p_IinG = -0.760,-1.563,0.821 | dist = 46.10 (meters)
bg = -0.0014,0.0201,0.0767 | ba = -0.0509,0.0416,0.0288
camera-imu timeoffset = -0.00000
cam0 intrinsics = 461.802,460.955,367.042,244.820 | -0.277,0.069,0.001,0.000
cam1 intrinsics = 460.737,459.965,379.427,251.883 | -0.279,0.070,0.001,0.000
cam0 extrinsics = -0.006,0.010,0.702,0.712 | 0.062,-0.010,0.012
cam1 extrinsics = -0.001,0.015,0.703,0.711 | -0.049,-0.010,0.011
q_GtoI = -0.824,-0.016,-0.566,0.010 | p_IinG = -0.707,-1.559,0.809 | dist = 46.15 (meters)
bg = -0.0014,0.0203,0.0765 | ba = -0.0509,0.0421,0.0300
camera-imu timeoffset = -0.00000
cam0 intrinsics = 461.806,460.951,367.043,244.820 | -0.277,0.069,0.001,0.000
cam1 intrinsics = 460.739,459.960,379.427,251.883 | -0.279,0.070,0.001,0.000
cam0 extrinsics = -0.006,0.010,0.702,0.712 | 0.063,-0.010,0.011
cam1 extrinsics = -0.001,0.015,0.703,0.711 | -0.049,-0.010,0.011
q_GtoI = -0.811,-0.015,-0.585,0.008 | p_IinG = -0.653,-1.554,0.799 | dist = 46.20 (meters)
bg = -0.0013,0.0205,0.0763 | ba = -0.0524,0.0428,0.0324
camera-imu timeoffset = -0.00000
cam0 intrinsics = 461.811,460.946,367.053,244.822 | -0.277,0.069,0.001,0.000
cam1 intrinsics = 460.743,459.954,379.435,251.885 | -0.279,0.070,0.001,0.000
cam0 extrinsics = -0.006,0.010,0.702,0.712 | 0.063,-0.010,0.011
cam1 extrinsics = -0.001,0.015,0.703,0.711 | -0.049,-0.010,0.011
q_GtoI = -0.798,-0.014,-0.602,0.005 | p_IinG = -0.601,-1.550,0.786 | dist = 46.26 (meters)
bg = -0.0012,0.0206,0.0762 | ba = -0.0524,0.0438,0.0339
camera-imu timeoffset = -0.00000
cam0 intrinsics = 461.816,460.943,367.070,244.836 | -0.277,0.069,0.001,0.000
cam1 intrinsics = 460.745,459.950,379.449,251.898 | -0.279,0.070,0.001,0.000
cam0 extrinsics = -0.006,0.010,0.702,0.712 | 0.062,-0.010,0.011
cam1 extrinsics = -0.001,0.015,0.703,0.711 | -0.049,-0.010,0.011
q_GtoI = -0.785,-0.013,-0.619,0.002 | p_IinG = -0.551,-1.545,0.773 | dist = 46.31 (meters)
bg = -0.0011,0.0208,0.0759 | ba = -0.0523,0.0451,0.0349
camera-imu timeoffset = -0.00000
cam0 intrinsics = 461.810,460.935,367.076,244.844 | -0.277,0.069,0.001,0.000
cam1 intrinsics = 460.738,459.940,379.456,251.906 | -0.279,0.070,0.001,0.000
cam0 extrinsics = -0.006,0.010,0.702,0.712 | 0.062,-0.010,0.011
cam1 extrinsics = -0.001,0.015,0.703,0.711 | -0.049,-0.010,0.011
q_GtoI = 0.775,0.012,0.632,0.000 | p_IinG = -0.506,-1.541,0.759 | dist = 46.36 (meters)
bg = -0.0011,0.0209,0.0756 | ba = -0.0517,0.0467,0.0364
camera-imu timeoffset = -0.00000
cam0 intrinsics = 461.806,460.928,367.076,244.850 | -0.277,0.069,0.001,0.000
cam1 intrinsics = 460.733,459.932,379.457,251.911 | -0.279,0.070,0.001,0.000
cam0 extrinsics = -0.006,0.010,0.702,0.712 | 0.063,-0.010,0.011
cam1 extrinsics = -0.001,0.015,0.703,0.711 | -0.049,-0.010,0.010
q_GtoI = 0.766,0.011,0.642,0.002 | p_IinG = -0.464,-1.537,0.745 | dist = 46.40 (meters)
bg = -0.0011,0.0212,0.0756 | ba = -0.0511,0.0480,0.0383
camera-imu timeoffset = -0.00000
cam0 intrinsics = 461.811,460.925,367.064,244.858 | -0.277,0.069,0.001,0.000
cam1 intrinsics = 460.737,459.928,379.447,251.919 | -0.279,0.070,0.001,0.000
cam0 extrinsics = -0.006,0.010,0.702,0.712 | 0.063,-0.010,0.011
cam1 extrinsics = -0.001,0.015,0.703,0.711 | -0.049,-0.010,0.010
q_GtoI = 0.759,0.010,0.651,0.002 | p_IinG = -0.426,-1.532,0.731 | dist = 46.44 (meters)
bg = -0.0010,0.0214,0.0755 | ba = -0.0505,0.0492,0.0394
camera-imu timeoffset = 0.00000
cam0 intrinsics = 461.812,460.919,367.060,244.863 | -0.277,0.069,0.001,0.000
cam1 intrinsics = 460.738,459.922,379.447,251.923 | -0.279,0.070,0.001,0.000
cam0 extrinsics = -0.006,0.010,0.702,0.712 | 0.063,-0.010,0.011
cam1 extrinsics = -0.001,0.015,0.703,0.711 | -0.049,-0.010,0.010
q_GtoI = -0.752,-0.010,-0.659,0.001 | p_IinG = -0.393,-1.528,0.718 | dist = 46.48 (meters)
bg = -0.0010,0.0217,0.0754 | ba = -0.0499,0.0499,0.0409
camera-imu timeoffset = 0.00000
cam0 intrinsics = 461.815,460.915,367.058,244.864 | -0.277,0.069,0.001,0.000
cam1 intrinsics = 460.740,459.917,379.448,251.922 | -0.278,0.070,0.001,0.000
cam0 extrinsics = -0.006,0.010,0.702,0.712 | 0.063,-0.010,0.011
cam1 extrinsics = -0.001,0.015,0.703,0.711 | -0.049,-0.010,0.010
q_GtoI = -0.745,-0.012,-0.666,0.004 | p_IinG = -0.366,-1.525,0.707 | dist = 46.51 (meters)
bg = -0.0009,0.0218,0.0754 | ba = -0.0478,0.0500,0.0433
camera-imu timeoffset = 0.00000
cam0 intrinsics = 461.804,460.906,367.055,244.863 | -0.277,0.069,0.001,0.000
cam1 intrinsics = 460.732,459.910,379.450,251.923 | -0.279,0.070,0.001,0.000
cam0 extrinsics = -0.006,0.010,0.702,0.712 | 0.063,-0.010,0.011
cam1 extrinsics = -0.001,0.015,0.703,0.711 | -0.049,-0.010,0.010
q_GtoI = -0.739,-0.014,-0.673,0.008 | p_IinG = -0.344,-1.520,0.696 | dist = 46.53 (meters)
bg = -0.0009,0.0221,0.0754 | ba = -0.0468,0.0508,0.0449
camera-imu timeoffset = 0.00000
cam0 intrinsics = 461.808,460.902,367.057,244.862 | -0.277,0.069,0.001,0.000
cam1 intrinsics = 460.736,459.905,379.453,251.922 | -0.279,0.070,0.001,0.000
cam0 extrinsics = -0.006,0.010,0.702,0.712 | 0.063,-0.010,0.011
cam1 extrinsics = -0.001,0.015,0.703,0.711 | -0.049,-0.010,0.010
q_GtoI = -0.735,-0.018,-0.677,0.013 | p_IinG = -0.330,-1.515,0.684 | dist = 46.55 (meters)
bg = -0.0009,0.0222,0.0753 | ba = -0.0434,0.0517,0.0467
camera-imu timeoffset = 0.00000
cam0 intrinsics = 461.828,460.912,367.059,244.853 | -0.277,0.069,0.001,0.000
cam1 intrinsics = 460.754,459.914,379.455,251.918 | -0.279,0.070,0.001,0.000
cam0 extrinsics = -0.006,0.010,0.702,0.712 | 0.062,-0.010,0.011
cam1 extrinsics = -0.001,0.015,0.703,0.711 | -0.049,-0.010,0.010
q_GtoI = -0.735,-0.023,-0.677,0.019 | p_IinG = -0.321,-1.512,0.666 | dist = 46.57 (meters)
bg = -0.0011,0.0218,0.0754 | ba = -0.0399,0.0501,0.0422
camera-imu timeoffset = 0.00000
cam0 intrinsics = 461.873,460.956,367.097,244.841 | -0.277,0.069,0.001,0.000
cam1 intrinsics = 460.801,459.958,379.479,251.905 | -0.279,0.070,0.001,0.000
cam0 extrinsics = -0.006,0.011,0.702,0.712 | 0.062,-0.010,0.011
cam1 extrinsics = -0.001,0.015,0.703,0.711 | -0.049,-0.010,0.010
q_GtoI = -0.741,-0.029,-0.670,0.025 | p_IinG = -0.318,-1.510,0.656 | dist = 46.58 (meters)
bg = -0.0013,0.0220,0.0754 | ba = -0.0415,0.0499,0.0436
camera-imu timeoffset = 0.00000
cam0 intrinsics = 461.872,460.951,367.099,244.840 | -0.277,0.069,0.001,0.000
cam1 intrinsics = 460.798,459.952,379.483,251.904 | -0.279,0.070,0.001,0.000
cam0 extrinsics = -0.006,0.011,0.702,0.712 | 0.063,-0.010,0.011
cam1 extrinsics = -0.001,0.015,0.703,0.711 | -0.049,-0.010,0.011
q_GtoI = -0.755,-0.037,-0.654,0.030 | p_IinG = -0.322,-1.508,0.644 | dist = 46.60 (meters)
bg = -0.0013,0.0221,0.0756 | ba = -0.0415,0.0492,0.0436
camera-imu timeoffset = 0.00000
cam0 intrinsics = 461.872,460.952,367.022,244.868 | -0.277,0.069,0.001,0.000
cam1 intrinsics = 460.798,459.959,379.447,251.950 | -0.279,0.070,0.001,0.000
cam0 extrinsics = -0.006,0.010,0.702,0.712 | 0.063,-0.010,0.011
cam1 extrinsics = -0.001,0.015,0.703,0.711 | -0.049,-0.010,0.011
q_GtoI = -0.770,-0.045,-0.635,0.036 | p_IinG = -0.332,-1.507,0.632 | dist = 46.61 (meters)
bg = -0.0014,0.0220,0.0757 | ba = -0.0439,0.0488,0.0461
camera-imu timeoffset = 0.00000
cam0 intrinsics = 461.885,460.962,367.037,244.853 | -0.277,0.069,0.001,0.000
cam1 intrinsics = 460.806,459.966,379.469,251.939 | -0.278,0.070,0.001,0.000
cam0 extrinsics = -0.006,0.010,0.702,0.712 | 0.063,-0.010,0.012
cam1 extrinsics = -0.001,0.015,0.703,0.711 | -0.049,-0.010,0.011
q_GtoI = -0.788,-0.054,-0.612,0.041 | p_IinG = -0.347,-1.506,0.619 | dist = 46.63 (meters)
bg = -0.0016,0.0219,0.0757 | ba = -0.0454,0.0503,0.0473
camera-imu timeoffset = 0.00000
cam0 intrinsics = 461.906,460.980,367.024,244.864 | -0.277,0.069,0.001,0.000
cam1 intrinsics = 460.827,459.985,379.461,251.953 | -0.278,0.070,0.001,0.000
cam0 extrinsics = -0.006,0.010,0.702,0.712 | 0.063,-0.010,0.012
cam1 extrinsics = -0.001,0.015,0.703,0.711 | -0.049,-0.011,0.011
q_GtoI = -0.806,-0.063,-0.587,0.045 | p_IinG = -0.365,-1.506,0.606 | dist = 46.65 (meters)
bg = -0.0018,0.0216,0.0758 | ba = -0.0481,0.0516,0.0486
camera-imu timeoffset = 0.00000
cam0 intrinsics = 461.918,460.990,367.007,244.881 | -0.277,0.069,0.001,0.000
cam1 intrinsics = 460.838,459.995,379.447,251.974 | -0.278,0.070,0.001,0.000
cam0 extrinsics = -0.006,0.010,0.702,0.712 | 0.063,-0.011,0.012
cam1 extrinsics = -0.001,0.015,0.703,0.711 | -0.049,-0.011,0.011
q_GtoI = -0.823,-0.071,-0.561,0.049 | p_IinG = -0.385,-1.507,0.594 | dist = 46.67 (meters)
bg = -0.0020,0.0213,0.0760 | ba = -0.0488,0.0521,0.0504
camera-imu timeoffset = 0.00000
cam0 intrinsics = 461.921,460.993,367.003,244.887 | -0.277,0.069,0.001,0.000
cam1 intrinsics = 460.841,459.997,379.447,251.982 | -0.278,0.070,0.001,0.000
cam0 extrinsics = -0.006,0.010,0.702,0.712 | 0.063,-0.011,0.012
cam1 extrinsics = -0.001,0.015,0.703,0.711 | -0.049,-0.011,0.011
q_GtoI = -0.837,-0.079,-0.539,0.051 | p_IinG = -0.402,-1.508,0.583 | dist = 46.69 (meters)
bg = -0.0022,0.0213,0.0763 | ba = -0.0484,0.0531,0.0506
camera-imu timeoffset = -0.00000
cam0 intrinsics = 461.909,460.987,367.001,244.887 | -0.277,0.069,0.001,0.000
cam1 intrinsics = 460.828,459.990,379.447,251.984 | -0.278,0.070,0.001,0.000
cam0 extrinsics = -0.006,0.010,0.702,0.712 | 0.063,-0.011,0.012
cam1 extrinsics = -0.001,0.015,0.703,0.711 | -0.049,-0.011,0.011
q_GtoI = -0.848,-0.088,-0.520,0.055 | p_IinG = -0.418,-1.508,0.573 | dist = 46.71 (meters)
bg = -0.0023,0.0213,0.0767 | ba = -0.0480,0.0543,0.0507
camera-imu timeoffset = -0.00000
cam0 intrinsics = 461.894,460.978,367.000,244.887 | -0.277,0.069,0.001,0.000
cam1 intrinsics = 460.813,459.981,379.447,251.984 | -0.278,0.070,0.001,0.000
cam0 extrinsics = -0.006,0.010,0.702,0.712 | 0.063,-0.011,0.012
cam1 extrinsics = -0.001,0.015,0.703,0.711 | -0.048,-0.011,0.011
q_GtoI = -0.856,-0.098,-0.505,0.057 | p_IinG = -0.430,-1.506,0.564 | dist = 46.72 (meters)
bg = -0.0024,0.0213,0.0768 | ba = -0.0465,0.0548,0.0510
camera-imu timeoffset = -0.00001
cam0 intrinsics = 461.894,460.979,367.002,244.888 | -0.277,0.069,0.001,0.000
cam1 intrinsics = 460.812,459.981,379.447,251.985 | -0.278,0.070,0.001,0.000
cam0 extrinsics = -0.006,0.010,0.702,0.712 | 0.063,-0.011,0.012
cam1 extrinsics = -0.001,0.015,0.703,0.711 | -0.048,-0.011,0.011
q_GtoI = -0.862,-0.107,-0.492,0.062 | p_IinG = -0.437,-1.504,0.556 | dist = 46.73 (meters)
bg = -0.0024,0.0213,0.0769 | ba = -0.0468,0.0548,0.0512
camera-imu timeoffset = -0.00001
cam0 intrinsics = 461.893,460.980,367.002,244.890 | -0.277,0.069,0.001,0.000
cam1 intrinsics = 460.811,459.982,379.447,251.988 | -0.278,0.070,0.001,0.000
cam0 extrinsics = -0.006,0.010,0.702,0.712 | 0.063,-0.011,0.012
cam1 extrinsics = -0.001,0.015,0.703,0.711 | -0.048,-0.011,0.011
q_GtoI = -0.867,-0.117,-0.479,0.066 | p_IinG = -0.440,-1.500,0.549 | dist = 46.74 (meters)
bg = -0.0024,0.0213,0.0769 | ba = -0.0473,0.0550,0.0514
camera-imu timeoffset = -0.00001
cam0 intrinsics = 461.891,460.979,367.003,244.890 | -0.277,0.069,0.001,0.000
cam1 intrinsics = 460.810,459.981,379.448,251.988 | -0.278,0.070,0.001,0.000
cam0 extrinsics = -0.006,0.010,0.702,0.712 | 0.063,-0.011,0.012
cam1 extrinsics = -0.001,0.015,0.703,0.711 | -0.048,-0.011,0.011
q_GtoI = -0.872,-0.127,-0.468,0.070 | p_IinG = -0.438,-1.495,0.543 | dist = 46.75 (meters)
bg = -0.0024,0.0213,0.0769 | ba = -0.0474,0.0548,0.0518
camera-imu timeoffset = -0.00001
cam0 intrinsics = 461.891,460.979,367.004,244.891 | -0.277,0.069,0.001,0.000
cam1 intrinsics = 460.810,459.982,379.447,251.989 | -0.278,0.070,0.001,0.000
cam0 extrinsics = -0.006,0.010,0.702,0.712 | 0.063,-0.011,0.012
cam1 extrinsics = -0.001,0.015,0.703,0.711 | -0.048,-0.011,0.011
q_GtoI = -0.875,-0.138,-0.458,0.073 | p_IinG = -0.429,-1.488,0.537 | dist = 46.76 (meters)
bg = -0.0024,0.0213,0.0769 | ba = -0.0477,0.0546,0.0522
camera-imu timeoffset = -0.00001
cam0 intrinsics = 461.890,460.980,367.004,244.890 | -0.277,0.069,0.001,0.000
cam1 intrinsics = 460.809,459.983,379.447,251.988 | -0.278,0.070,0.001,0.000
cam0 extrinsics = -0.006,0.010,0.702,0.712 | 0.063,-0.011,0.012
cam1 extrinsics = -0.001,0.015,0.703,0.711 | -0.048,-0.011,0.011
q_GtoI = -0.875,-0.150,-0.453,0.075 | p_IinG = -0.413,-1.479,0.532 | dist = 46.78 (meters)
bg = -0.0024,0.0212,0.0766 | ba = -0.0471,0.0543,0.0522
camera-imu timeoffset = -0.00001
cam0 intrinsics = 461.888,460.977,367.006,244.888 | -0.277,0.069,0.001,0.000
cam1 intrinsics = 460.808,459.980,379.447,251.988 | -0.278,0.070,0.001,0.000
cam0 extrinsics = -0.006,0.010,0.702,0.712 | 0.063,-0.011,0.012
cam1 extrinsics = -0.001,0.015,0.703,0.711 | -0.048,-0.011,0.011
q_GtoI = -0.874,-0.163,-0.451,0.077 | p_IinG = -0.394,-1.467,0.529 | dist = 46.81 (meters)
bg = -0.0022,0.0209,0.0763 | ba = -0.0493,0.0559,0.0543
camera-imu timeoffset = -0.00001
cam0 intrinsics = 461.880,460.976,366.998,244.892 | -0.277,0.069,0.001,0.000
cam1 intrinsics = 460.800,459.979,379.438,251.991 | -0.278,0.070,0.001,0.000
cam0 extrinsics = -0.006,0.010,0.702,0.712 | 0.063,-0.011,0.012
cam1 extrinsics = -0.001,0.015,0.703,0.711 | -0.048,-0.011,0.011
q_GtoI = -0.871,-0.177,-0.453,0.078 | p_IinG = -0.365,-1.452,0.529 | dist = 46.84 (meters)
bg = -0.0022,0.0209,0.0759 | ba = -0.0511,0.0561,0.0549
camera-imu timeoffset = -0.00001
cam0 intrinsics = 461.878,460.983,366.994,244.889 | -0.277,0.069,0.001,0.000
cam1 intrinsics = 460.799,459.987,379.433,251.987 | -0.279,0.070,0.001,0.000
cam0 extrinsics = -0.006,0.010,0.702,0.712 | 0.063,-0.011,0.012
cam1 extrinsics = -0.001,0.015,0.703,0.711 | -0.049,-0.011,0.011
q_GtoI = -0.865,-0.193,-0.457,0.076 | p_IinG = -0.327,-1.435,0.534 | dist = 46.88 (meters)
bg = -0.0022,0.0213,0.0765 | ba = -0.0529,0.0562,0.0565
camera-imu timeoffset = -0.00001
cam0 intrinsics = 461.878,461.001,366.987,244.894 | -0.277,0.069,0.001,0.000
cam1 intrinsics = 460.798,460.005,379.426,251.991 | -0.279,0.070,0.001,0.000
cam0 extrinsics = -0.006,0.010,0.702,0.712 | 0.063,-0.011,0.012
cam1 extrinsics = -0.001,0.015,0.703,0.711 | -0.049,-0.011,0.011
q_GtoI = -0.859,-0.208,-0.462,0.076 | p_IinG = -0.285,-1.417,0.540 | dist = 46.93 (meters)
bg = -0.0025,0.0216,0.0770 | ba = -0.0537,0.0561,0.0598
camera-imu timeoffset = -0.00000
cam0 intrinsics = 461.887,461.025,366.990,244.903 | -0.277,0.069,0.001,0.000
cam1 intrinsics = 460.807,460.029,379.420,251.998 | -0.279,0.070,0.001,0.000
cam0 extrinsics = -0.006,0.010,0.702,0.712 | 0.063,-0.011,0.012
cam1 extrinsics = -0.001,0.015,0.703,0.711 | -0.049,-0.011,0.011
q_GtoI = -0.848,-0.222,-0.474,0.077 | p_IinG = -0.239,-1.391,0.541 | dist = 46.98 (meters)
bg = -0.0024,0.0214,0.0771 | ba = -0.0514,0.0576,0.0614
camera-imu timeoffset = -0.00000
cam0 intrinsics = 461.899,461.027,366.998,244.900 | -0.277,0.069,0.001,0.000
cam1 intrinsics = 460.815,460.028,379.430,251.996 | -0.279,0.070,0.001,0.000
cam0 extrinsics = -0.006,0.010,0.702,0.712 | 0.063,-0.011,0.012
cam1 extrinsics = -0.001,0.015,0.703,0.711 | -0.049,-0.011,0.011
q_GtoI = -0.833,-0.233,-0.494,0.082 | p_IinG = -0.188,-1.363,0.546 | dist = 47.04 (meters)
bg = -0.0024,0.0214,0.0773 | ba = -0.0494,0.0577,0.0628
camera-imu timeoffset = -0.00001
cam0 intrinsics = 461.896,461.023,367.001,244.897 | -0.277,0.069,0.001,0.000
cam1 intrinsics = 460.814,460.025,379.429,251.995 | -0.279,0.070,0.001,0.000
cam0 extrinsics = -0.006,0.010,0.702,0.712 | 0.063,-0.011,0.012
cam1 extrinsics = -0.001,0.015,0.703,0.711 | -0.049,-0.011,0.011
q_GtoI = -0.818,-0.238,-0.516,0.090 | p_IinG = -0.133,-1.329,0.552 | dist = 47.10 (meters)
bg = -0.0025,0.0217,0.0772 | ba = -0.0497,0.0576,0.0623
camera-imu timeoffset = -0.00001
cam0 intrinsics = 461.902,461.014,367.014,244.879 | -0.277,0.069,0.001,0.000
cam1 intrinsics = 460.820,460.015,379.431,251.978 | -0.279,0.070,0.001,0.000
cam0 extrinsics = -0.006,0.010,0.702,0.712 | 0.063,-0.011,0.012
cam1 extrinsics = -0.001,0.015,0.703,0.711 | -0.049,-0.011,0.011
q_GtoI = -0.799,-0.239,-0.542,0.102 | p_IinG = -0.078,-1.293,0.559 | dist = 47.17 (meters)
bg = -0.0026,0.0218,0.0771 | ba = -0.0494,0.0589,0.0621
camera-imu timeoffset = -0.00000
cam0 intrinsics = 461.903,461.011,367.018,244.872 | -0.277,0.069,0.001,0.000
cam1 intrinsics = 460.823,460.013,379.435,251.970 | -0.279,0.070,0.001,0.000
cam0 extrinsics = -0.006,0.011,0.702,0.712 | 0.063,-0.011,0.012
cam1 extrinsics = -0.001,0.015,0.703,0.711 | -0.049,-0.011,0.011
q_GtoI = -0.783,-0.236,-0.564,0.117 | p_IinG = -0.024,-1.256,0.565 | dist = 47.23 (meters)
bg = -0.0025,0.0218,0.0771 | ba = -0.0491,0.0584,0.0642
camera-imu timeoffset = -0.00000
cam0 intrinsics = 461.903,461.012,367.019,244.870 | -0.277,0.069,0.001,0.000
cam1 intrinsics = 460.824,460.016,379.436,251.968 | -0.279,0.070,0.001,0.000
cam0 extrinsics = -0.006,0.011,0.702,0.712 | 0.063,-0.011,0.012
cam1 extrinsics = -0.001,0.015,0.703,0.711 | -0.049,-0.011,0.011
q_GtoI = -0.767,-0.232,-0.584,0.130 | p_IinG = 0.027,-1.218,0.571 | dist = 47.30 (meters)
bg = -0.0025,0.0217,0.0772 | ba = -0.0492,0.0588,0.0675
camera-imu timeoffset = -0.00001
cam0 intrinsics = 461.905,461.017,367.021,244.866 | -0.277,0.069,0.001,0.000
cam1 intrinsics = 460.828,460.022,379.440,251.962 | -0.279,0.070,0.001,0.000
cam0 extrinsics = -0.006,0.011,0.702,0.712 | 0.063,-0.011,0.012
cam1 extrinsics = -0.001,0.015,0.703,0.711 | -0.049,-0.011,0.011
q_GtoI = -0.753,-0.226,-0.602,0.142 | p_IinG = 0.075,-1.181,0.577 | dist = 47.36 (meters)
bg = -0.0023,0.0217,0.0772 | ba = -0.0494,0.0588,0.0710
camera-imu timeoffset = -0.00001
cam0 intrinsics = 461.904,461.019,367.021,244.863 | -0.277,0.069,0.001,0.000
cam1 intrinsics = 460.829,460.025,379.442,251.957 | -0.279,0.070,0.001,0.000
cam0 extrinsics = -0.006,0.011,0.702,0.712 | 0.063,-0.011,0.012
cam1 extrinsics = -0.001,0.015,0.703,0.711 | -0.049,-0.011,0.012
q_GtoI = -0.739,-0.222,-0.618,0.150 | p_IinG = 0.120,-1.145,0.582 | dist = 47.42 (meters)
bg = -0.0023,0.0217,0.0773 | ba = -0.0482,0.0589,0.0747
camera-imu timeoffset = -0.00001
cam0 intrinsics = 461.903,461.020,367.019,244.857 | -0.277,0.069,0.001,0.000
cam1 intrinsics = 460.829,460.026,379.440,251.950 | -0.279,0.070,0.001,0.000
cam0 extrinsics = -0.006,0.011,0.702,0.712 | 0.063,-0.011,0.012
cam1 extrinsics = -0.001,0.015,0.703,0.711 | -0.049,-0.011,0.012
q_GtoI = -0.726,-0.218,-0.633,0.157 | p_IinG = 0.162,-1.110,0.587 | dist = 47.48 (meters)
bg = -0.0023,0.0218,0.0775 | ba = -0.0481,0.0582,0.0760
camera-imu timeoffset = -0.00001
cam0 intrinsics = 461.903,461.019,367.014,244.854 | -0.277,0.069,0.001,0.000
cam1 intrinsics = 460.830,460.026,379.437,251.947 | -0.279,0.070,0.001,0.000
cam0 extrinsics = -0.006,0.011,0.702,0.712 | 0.063,-0.011,0.012
cam1 extrinsics = -0.001,0.015,0.703,0.711 | -0.049,-0.011,0.012
q_GtoI = -0.714,-0.214,-0.647,0.162 | p_IinG = 0.196,-1.079,0.594 | dist = 47.52 (meters)
bg = -0.0023,0.0217,0.0776 | ba = -0.0479,0.0590,0.0796
camera-imu timeoffset = -0.00001
cam0 intrinsics = 461.902,461.017,367.014,244.851 | -0.277,0.069,0.001,0.000
cam1 intrinsics = 460.830,460.024,379.439,251.947 | -0.279,0.070,0.001,0.000
cam0 extrinsics = -0.006,0.011,0.702,0.712 | 0.063,-0.011,0.012
cam1 extrinsics = -0.001,0.015,0.703,0.711 | -0.049,-0.011,0.012
q_GtoI = -0.706,-0.211,-0.656,0.163 | p_IinG = 0.229,-1.044,0.596 | dist = 47.57 (meters)
bg = -0.0018,0.0222,0.0784 | ba = -0.0461,0.0583,0.0766
camera-imu timeoffset = -0.00000
cam0 intrinsics = 461.884,460.989,367.004,244.844 | -0.277,0.069,0.001,0.000
cam1 intrinsics = 460.812,459.995,379.429,251.938 | -0.279,0.070,0.001,0.000
cam0 extrinsics = -0.006,0.010,0.702,0.712 | 0.063,-0.011,0.012
cam1 extrinsics = -0.001,0.015,0.703,0.711 | -0.049,-0.011,0.011
q_GtoI = -0.699,-0.208,-0.663,0.166 | p_IinG = 0.249,-1.017,0.602 | dist = 47.61 (meters)
bg = -0.0020,0.0221,0.0784 | ba = -0.0457,0.0613,0.0785
camera-imu timeoffset = -0.00000
cam0 intrinsics = 461.888,460.994,367.006,244.847 | -0.277,0.069,0.001,0.000
cam1 intrinsics = 460.816,460.000,379.427,251.938 | -0.279,0.070,0.001,0.000
cam0 extrinsics = -0.006,0.010,0.702,0.712 | 0.063,-0.011,0.012
cam1 extrinsics = -0.001,0.015,0.703,0.711 | -0.049,-0.011,0.011
q_GtoI = -0.692,-0.205,-0.671,0.170 | p_IinG = 0.258,-1.001,0.606 | dist = 47.63 (meters)
bg = -0.0029,0.0208,0.0775 | ba = -0.0464,0.0629,0.0814
camera-imu timeoffset = -0.00001
cam0 intrinsics = 461.915,461.054,367.012,244.850 | -0.277,0.069,0.001,0.000
cam1 intrinsics = 460.843,460.059,379.432,251.944 | -0.279,0.070,0.001,0.000
cam0 extrinsics = -0.006,0.010,0.702,0.712 | 0.063,-0.011,0.013
cam1 extrinsics = -0.001,0.015,0.703,0.711 | -0.049,-0.011,0.012
q_GtoI = -0.685,-0.202,-0.678,0.173 | p_IinG = 0.269,-0.983,0.613 | dist = 47.66 (meters)
bg = -0.0033,0.0206,0.0770 | ba = -0.0467,0.0608,0.0813
camera-imu timeoffset = -0.00001
cam0 intrinsics = 461.915,461.064,367.011,244.850 | -0.277,0.069,0.001,0.000
cam1 intrinsics = 460.843,460.071,379.431,251.944 | -0.279,0.070,0.001,0.000
cam0 extrinsics = -0.006,0.011,0.702,0.712 | 0.063,-0.011,0.013
cam1 extrinsics = -0.001,0.015,0.703,0.711 | -0.049,-0.011,0.012
q_GtoI = -0.679,-0.201,-0.684,0.176 | p_IinG = 0.270,-0.969,0.621 | dist = 47.68 (meters)
bg = -0.0036,0.0205,0.0767 | ba = -0.0463,0.0596,0.0819
camera-imu timeoffset = -0.00001
cam0 intrinsics = 461.916,461.068,367.009,244.847 | -0.277,0.069,0.001,0.000
cam1 intrinsics = 460.844,460.072,379.429,251.938 | -0.279,0.070,0.001,0.000
cam0 extrinsics = -0.006,0.010,0.702,0.712 | 0.063,-0.011,0.013
cam1 extrinsics = -0.001,0.015,0.703,0.711 | -0.049,-0.011,0.012
q_GtoI = -0.674,-0.199,-0.688,0.179 | p_IinG = 0.267,-0.956,0.627 | dist = 47.69 (meters)
bg = -0.0040,0.0207,0.0766 | ba = -0.0446,0.0574,0.0796
camera-imu timeoffset = -0.00001
cam0 intrinsics = 461.925,461.084,367.004,244.850 | -0.277,0.069,0.001,0.000
cam1 intrinsics = 460.854,460.089,379.423,251.943 | -0.279,0.070,0.001,0.000
cam0 extrinsics = -0.006,0.010,0.702,0.712 | 0.063,-0.011,0.013
cam1 extrinsics = -0.001,0.015,0.703,0.711 | -0.049,-0.011,0.012
q_GtoI = -0.671,-0.199,-0.691,0.180 | p_IinG = 0.246,-0.947,0.636 | dist = 47.71 (meters)
bg = -0.0042,0.0207,0.0766 | ba = -0.0437,0.0602,0.0805
camera-imu timeoffset = -0.00001
cam0 intrinsics = 461.923,461.082,367.000,244.850 | -0.277,0.069,0.001,0.000
cam1 intrinsics = 460.850,460.085,379.425,251.943 | -0.279,0.070,0.001,0.000
cam0 extrinsics = -0.006,0.010,0.702,0.712 | 0.063,-0.011,0.013
cam1 extrinsics = -0.001,0.015,0.703,0.711 | -0.049,-0.011,0.012
q_GtoI = -0.674,-0.200,-0.687,0.182 | p_IinG = 0.221,-0.944,0.644 | dist = 47.74 (meters)
bg = -0.0044,0.0207,0.0765 | ba = -0.0426,0.0606,0.0813
camera-imu timeoffset = -0.00000
cam0 intrinsics = 461.922,461.082,367.000,244.850 | -0.277,0.069,0.001,0.000
cam1 intrinsics = 460.849,460.085,379.427,251.943 | -0.279,0.070,0.001,0.000
cam0 extrinsics = -0.006,0.010,0.702,0.712 | 0.063,-0.011,0.013
cam1 extrinsics = -0.001,0.015,0.703,0.711 | -0.049,-0.011,0.012
q_GtoI = -0.686,-0.201,-0.674,0.184 | p_IinG = 0.185,-0.943,0.650 | dist = 47.77 (meters)
bg = -0.0041,0.0204,0.0765 | ba = -0.0435,0.0607,0.0805
camera-imu timeoffset = -0.00001
cam0 intrinsics = 461.927,461.086,366.999,244.855 | -0.277,0.069,0.001,0.000
cam1 intrinsics = 460.855,460.090,379.427,251.947 | -0.279,0.070,0.001,0.000
cam0 extrinsics = -0.006,0.010,0.702,0.712 | 0.063,-0.011,0.013
cam1 extrinsics = -0.001,0.015,0.703,0.711 | -0.049,-0.011,0.012
q_GtoI = -0.705,-0.205,-0.654,0.183 | p_IinG = 0.148,-0.947,0.657 | dist = 47.82 (meters)
bg = -0.0042,0.0203,0.0764 | ba = -0.0454,0.0584,0.0791
camera-imu timeoffset = -0.00001
cam0 intrinsics = 461.925,461.081,366.998,244.855 | -0.277,0.069,0.001,0.000
cam1 intrinsics = 460.853,460.084,379.426,251.948 | -0.279,0.070,0.001,0.000
cam0 extrinsics = -0.006,0.010,0.702,0.712 | 0.063,-0.011,0.013
cam1 extrinsics = -0.001,0.015,0.703,0.711 | -0.049,-0.011,0.012
q_GtoI = -0.725,-0.209,-0.631,0.180 | p_IinG = 0.103,-0.954,0.663 | dist = 47.86 (meters)
bg = -0.0042,0.0203,0.0762 | ba = -0.0456,0.0571,0.0782
camera-imu timeoffset = -0.00002
cam0 intrinsics = 461.925,461.079,366.998,244.857 | -0.277,0.069,0.001,0.000
cam1 intrinsics = 460.854,460.083,379.424,251.950 | -0.279,0.070,0.001,0.000
cam0 extrinsics = -0.006,0.010,0.702,0.712 | 0.063,-0.011,0.013
cam1 extrinsics = -0.001,0.015,0.703,0.711 | -0.049,-0.011,0.012
q_GtoI = -0.744,-0.216,-0.607,0.176 | p_IinG = 0.064,-0.962,0.672 | dist = 47.91 (meters)
bg = -0.0040,0.0209,0.0762 | ba = -0.0439,0.0516,0.0773
camera-imu timeoffset = -0.00002
cam0 intrinsics = 461.924,461.070,366.991,244.864 | -0.277,0.069,0.001,0.000
cam1 intrinsics = 460.855,460.074,379.413,251.953 | -0.279,0.070,0.001,0.000
cam0 extrinsics = -0.006,0.010,0.702,0.712 | 0.063,-0.010,0.013
cam1 extrinsics = -0.001,0.015,0.703,0.711 | -0.049,-0.011,0.012
q_GtoI = -0.763,-0.224,-0.582,0.169 | p_IinG = 0.012,-0.971,0.680 | dist = 47.97 (meters)
bg = -0.0036,0.0211,0.0761 | ba = -0.0444,0.0509,0.0766
camera-imu timeoffset = -0.00001
cam0 intrinsics = 461.918,461.067,366.992,244.870 | -0.277,0.069,0.001,0.000
cam1 intrinsics = 460.853,460.076,379.415,251.957 | -0.279,0.070,0.001,0.000
cam0 extrinsics = -0.006,0.010,0.702,0.712 | 0.063,-0.010,0.013
cam1 extrinsics = -0.001,0.015,0.703,0.711 | -0.049,-0.011,0.012
q_GtoI = -0.782,-0.233,-0.554,0.164 | p_IinG = -0.042,-0.982,0.686 | dist = 48.02 (meters)
bg = -0.0035,0.0210,0.0758 | ba = -0.0442,0.0506,0.0750
camera-imu timeoffset = -0.00002
cam0 intrinsics = 461.920,461.063,366.997,244.870 | -0.277,0.069,0.001,0.000
cam1 intrinsics = 460.854,460.070,379.421,251.956 | -0.279,0.070,0.001,0.000
cam0 extrinsics = -0.006,0.010,0.702,0.712 | 0.063,-0.010,0.013
cam1 extrinsics = -0.001,0.015,0.703,0.711 | -0.049,-0.010,0.012
q_GtoI = -0.798,-0.243,-0.529,0.159 | p_IinG = -0.089,-0.995,0.695 | dist = 48.08 (meters)
bg = -0.0038,0.0215,0.0758 | ba = -0.0428,0.0487,0.0748
camera-imu timeoffset = -0.00002
cam0 intrinsics = 461.921,461.064,366.997,244.862 | -0.277,0.069,0.001,0.000
cam1 intrinsics = 460.854,460.071,379.423,251.947 | -0.279,0.070,0.001,0.000
cam0 extrinsics = -0.006,0.010,0.702,0.712 | 0.063,-0.010,0.013
cam1 extrinsics = -0.001,0.015,0.703,0.711 | -0.049,-0.010,0.012
q_GtoI = -0.810,-0.251,-0.506,0.157 | p_IinG = -0.143,-1.006,0.696 | dist = 48.13 (meters)
bg = -0.0038,0.0212,0.0763 | ba = -0.0380,0.0482,0.0755
camera-imu timeoffset = -0.00003
cam0 intrinsics = 461.938,461.069,366.997,244.857 | -0.277,0.069,0.001,0.000
cam1 intrinsics = 460.872,460.077,379.429,251.942 | -0.279,0.070,0.001,0.000
cam0 extrinsics = -0.006,0.010,0.702,0.712 | 0.063,-0.010,0.013
cam1 extrinsics = -0.001,0.015,0.703,0.711 | -0.049,-0.010,0.012
q_GtoI = -0.820,-0.260,-0.486,0.155 | p_IinG = -0.194,-1.017,0.702 | dist = 48.18 (meters)
bg = -0.0038,0.0210,0.0762 | ba = -0.0372,0.0486,0.0755
camera-imu timeoffset = -0.00003
cam0 intrinsics = 461.939,461.066,366.998,244.857 | -0.277,0.069,0.001,0.000
cam1 intrinsics = 460.873,460.073,379.432,251.941 | -0.279,0.070,0.001,0.000
cam0 extrinsics = -0.006,0.010,0.702,0.712 | 0.063,-0.010,0.013
cam1 extrinsics = -0.001,0.015,0.703,0.711 | -0.049,-0.010,0.012
q_GtoI = -0.828,-0.269,-0.468,0.154 | p_IinG = -0.242,-1.024,0.708 | dist = 48.23 (meters)
bg = -0.0038,0.0210,0.0764 | ba = -0.0363,0.0491,0.0756
camera-imu timeoffset = -0.00003
cam0 intrinsics = 461.943,461.070,366.997,244.858 | -0.277,0.069,0.001,0.000
cam1 intrinsics = 460.876,460.076,379.434,251.941 | -0.279,0.070,0.001,0.000
cam0 extrinsics = -0.006,0.010,0.702,0.712 | 0.063,-0.010,0.013
cam1 extrinsics = -0.001,0.015,0.703,0.711 | -0.049,-0.010,0.012
q_GtoI = -0.835,-0.278,-0.450,0.153 | p_IinG = -0.285,-1.029,0.715 | dist = 48.28 (meters)
bg = -0.0038,0.0210,0.0766 | ba = -0.0352,0.0494,0.0756
camera-imu timeoffset = -0.00003
cam0 intrinsics = 461.946,461.074,366.996,244.859 | -0.277,0.069,0.001,0.000
cam1 intrinsics = 460.880,460.080,379.435,251.942 | -0.279,0.070,0.001,0.000
cam0 extrinsics = -0.006,0.010,0.702,0.712 | 0.063,-0.010,0.013
cam1 extrinsics = -0.001,0.015,0.703,0.711 | -0.049,-0.010,0.012
q_GtoI = -0.840,-0.286,-0.434,0.154 | p_IinG = -0.324,-1.028,0.723 | dist = 48.31 (meters)
bg = -0.0036,0.0210,0.0767 | ba = -0.0360,0.0500,0.0757
camera-imu timeoffset = -0.00003
cam0 intrinsics = 461.960,461.091,366.991,244.867 | -0.277,0.069,0.001,0.000
cam1 intrinsics = 460.894,460.097,379.436,251.949 | -0.279,0.070,0.001,0.000
cam0 extrinsics = -0.006,0.010,0.702,0.712 | 0.063,-0.010,0.013
cam1 extrinsics = -0.001,0.015,0.703,0.711 | -0.049,-0.010,0.012
q_GtoI = -0.844,-0.295,-0.421,0.154 | p_IinG = -0.357,-1.025,0.732 | dist = 48.35 (meters)
bg = -0.0035,0.0212,0.0768 | ba = -0.0356,0.0506,0.0754
camera-imu timeoffset = -0.00003
cam0 intrinsics = 461.956,461.093,366.985,244.872 | -0.277,0.069,0.001,0.000
cam1 intrinsics = 460.891,460.101,379.435,251.958 | -0.279,0.070,0.001,0.000
cam0 extrinsics = -0.006,0.010,0.702,0.712 | 0.063,-0.010,0.013
cam1 extrinsics = -0.001,0.015,0.703,0.711 | -0.049,-0.010,0.012
q_GtoI = -0.847,-0.303,-0.409,0.156 | p_IinG = -0.382,-1.018,0.738 | dist = 48.37 (meters)
bg = -0.0035,0.0213,0.0768 | ba = -0.0323,0.0503,0.0746
camera-imu timeoffset = -0.00004
cam0 intrinsics = 461.945,461.088,366.981,244.872 | -0.277,0.069,0.001,0.000
cam1 intrinsics = 460.882,460.096,379.429,251.959 | -0.279,0.070,0.001,0.000
cam0 extrinsics = -0.006,0.010,0.702,0.712 | 0.063,-0.010,0.013
cam1 extrinsics = -0.001,0.015,0.703,0.711 | -0.049,-0.010,0.012
q_GtoI = -0.847,-0.312,-0.400,0.157 | p_IinG = -0.403,-1.007,0.748 | dist = 48.40 (meters)
bg = -0.0035,0.0214,0.0767 | ba = -0.0313,0.0514,0.0745
camera-imu timeoffset = -0.00004
cam0 intrinsics = 461.946,461.093,366.974,244.873 | -0.277,0.069,0.001,0.000
cam1 intrinsics = 460.883,460.101,379.427,251.962 | -0.279,0.070,0.001,0.000
cam0 extrinsics = -0.006,0.010,0.702,0.712 | 0.063,-0.010,0.013
cam1 extrinsics = -0.001,0.015,0.703,0.711 | -0.049,-0.010,0.012
q_GtoI = -0.848,-0.320,-0.392,0.160 | p_IinG = -0.413,-0.990,0.757 | dist = 48.42 (meters)
bg = -0.0036,0.0213,0.0767 | ba = -0.0302,0.0511,0.0737
camera-imu timeoffset = -0.00004
cam0 intrinsics = 461.954,461.096,366.973,244.876 | -0.277,0.069,0.001,0.000
cam1 intrinsics = 460.891,460.104,379.430,251.965 | -0.279,0.070,0.001,0.000
cam0 extrinsics = -0.006,0.010,0.702,0.712 | 0.063,-0.010,0.013
cam1 extrinsics = -0.001,0.015,0.703,0.711 | -0.049,-0.010,0.012
q_GtoI = -0.846,-0.328,-0.387,0.163 | p_IinG = -0.425,-0.967,0.764 | dist = 48.45 (meters)
bg = -0.0034,0.0209,0.0770 | ba = -0.0288,0.0519,0.0733
camera-imu timeoffset = -0.00004
cam0 intrinsics = 461.952,461.091,366.984,244.872 | -0.277,0.069,0.001,0.000
cam1 intrinsics = 460.889,460.098,379.437,251.962 | -0.279,0.070,0.001,0.000
cam0 extrinsics = -0.006,0.010,0.702,0.712 | 0.063,-0.010,0.013
cam1 extrinsics = -0.001,0.015,0.703,0.711 | -0.049,-0.010,0.012
q_GtoI = -0.843,-0.335,-0.386,0.168 | p_IinG = -0.422,-0.938,0.775 | dist = 48.48 (meters)
bg = -0.0034,0.0208,0.0771 | ba = -0.0286,0.0516,0.0730
camera-imu timeoffset = -0.00004
cam0 intrinsics = 461.961,461.092,366.983,244.863 | -0.277,0.069,0.001,0.000
cam1 intrinsics = 460.896,460.100,379.447,251.954 | -0.279,0.070,0.001,0.000
cam0 extrinsics = -0.006,0.010,0.702,0.712 | 0.063,-0.010,0.013
cam1 extrinsics = -0.001,0.015,0.703,0.711 | -0.049,-0.010,0.012
q_GtoI = -0.836,-0.340,-0.393,0.176 | p_IinG = -0.409,-0.900,0.790 | dist = 48.52 (meters)
bg = -0.0032,0.0210,0.0771 | ba = -0.0291,0.0513,0.0722
camera-imu timeoffset = -0.00004
cam0 intrinsics = 461.965,461.094,366.982,244.861 | -0.277,0.069,0.001,0.000
cam1 intrinsics = 460.900,460.100,379.446,251.954 | -0.279,0.070,0.001,0.000
cam0 extrinsics = -0.006,0.010,0.702,0.712 | 0.063,-0.010,0.013
cam1 extrinsics = -0.001,0.015,0.703,0.711 | -0.049,-0.010,0.012
q_GtoI = -0.823,-0.343,-0.411,0.190 | p_IinG = -0.390,-0.855,0.805 | dist = 48.57 (meters)
bg = -0.0029,0.0211,0.0770 | ba = -0.0272,0.0510,0.0686
camera-imu timeoffset = -0.00004
cam0 intrinsics = 461.965,461.096,366.991,244.862 | -0.277,0.069,0.001,0.000
cam1 intrinsics = 460.900,460.103,379.455,251.956 | -0.279,0.070,0.001,0.000
cam0 extrinsics = -0.006,0.010,0.702,0.712 | 0.063,-0.010,0.013
cam1 extrinsics = -0.001,0.015,0.703,0.711 | -0.049,-0.010,0.012
q_GtoI = -0.806,-0.345,-0.435,0.206 | p_IinG = -0.368,-0.808,0.822 | dist = 48.62 (meters)
bg = -0.0026,0.0213,0.0771 | ba = -0.0256,0.0512,0.0671
camera-imu timeoffset = -0.00005
cam0 intrinsics = 461.958,461.084,366.994,244.862 | -0.277,0.069,0.001,0.000
cam1 intrinsics = 460.895,460.092,379.460,251.958 | -0.279,0.070,0.001,0.000
cam0 extrinsics = -0.006,0.010,0.702,0.712 | 0.063,-0.010,0.013
cam1 extrinsics = -0.001,0.015,0.703,0.711 | -0.049,-0.010,0.012
q_GtoI = -0.787,-0.347,-0.459,0.223 | p_IinG = -0.338,-0.758,0.840 | dist = 48.68 (meters)
bg = -0.0026,0.0213,0.0772 | ba = -0.0258,0.0500,0.0680
camera-imu timeoffset = -0.00005
cam0 intrinsics = 461.961,461.088,366.998,244.867 | -0.277,0.069,0.001,0.000
cam1 intrinsics = 460.898,460.096,379.462,251.961 | -0.279,0.070,0.001,0.000
cam0 extrinsics = -0.006,0.010,0.702,0.712 | 0.063,-0.010,0.013
cam1 extrinsics = -0.001,0.015,0.703,0.711 | -0.049,-0.011,0.012
q_GtoI = -0.766,-0.347,-0.485,0.242 | p_IinG = -0.305,-0.703,0.861 | dist = 48.74 (meters)
bg = -0.0025,0.0217,0.0772 | ba = -0.0286,0.0480,0.0676
camera-imu timeoffset = -0.00005
cam0 intrinsics = 461.970,461.086,367.005,244.861 | -0.277,0.069,0.001,0.000
cam1 intrinsics = 460.905,460.095,379.469,251.954 | -0.279,0.070,0.001,0.000
cam0 extrinsics = -0.006,0.010,0.702,0.712 | 0.063,-0.010,0.013
cam1 extrinsics = -0.001,0.015,0.703,0.711 | -0.049,-0.011,0.012
q_GtoI = -0.744,-0.347,-0.508,0.260 | p_IinG = -0.271,-0.650,0.881 | dist = 48.81 (meters)
bg = -0.0026,0.0219,0.0775 | ba = -0.0311,0.0459,0.0674
camera-imu timeoffset = -0.00005
cam0 intrinsics = 461.978,461.093,367.008,244.855 | -0.277,0.069,0.001,0.000
cam1 intrinsics = 460.914,460.101,379.475,251.944 | -0.279,0.070,0.001,0.000
cam0 extrinsics = -0.006,0.010,0.702,0.712 | 0.063,-0.010,0.013
cam1 extrinsics = -0.001,0.015,0.703,0.711 | -0.049,-0.011,0.012
q_GtoI = -0.724,-0.349,-0.527,0.276 | p_IinG = -0.239,-0.599,0.899 | dist = 48.87 (meters)
bg = -0.0026,0.0219,0.0776 | ba = -0.0320,0.0451,0.0685
camera-imu timeoffset = -0.00006
cam0 intrinsics = 461.982,461.094,367.001,244.845 | -0.277,0.069,0.001,0.000
cam1 intrinsics = 460.918,460.102,379.470,251.934 | -0.279,0.070,0.001,0.000
cam0 extrinsics = -0.006,0.010,0.702,0.712 | 0.063,-0.010,0.013
cam1 extrinsics = -0.001,0.015,0.703,0.711 | -0.049,-0.011,0.012
q_GtoI = -0.708,-0.350,-0.541,0.291 | p_IinG = -0.207,-0.553,0.917 | dist = 48.93 (meters)
bg = -0.0028,0.0220,0.0779 | ba = -0.0317,0.0449,0.0715
camera-imu timeoffset = -0.00006
cam0 intrinsics = 461.989,461.098,366.993,244.843 | -0.277,0.069,0.001,0.000
cam1 intrinsics = 460.925,460.106,379.465,251.930 | -0.279,0.070,0.001,0.000
cam0 extrinsics = -0.006,0.010,0.702,0.712 | 0.063,-0.010,0.013
cam1 extrinsics = -0.001,0.015,0.703,0.711 | -0.049,-0.011,0.012
q_GtoI = -0.694,-0.351,-0.551,0.302 | p_IinG = -0.176,-0.509,0.933 | dist = 48.99 (meters)
bg = -0.0030,0.0220,0.0780 | ba = -0.0312,0.0447,0.0720
camera-imu timeoffset = -0.00006
cam0 intrinsics = 461.993,461.101,366.990,244.840 | -0.277,0.069,0.001,0.000
cam1 intrinsics = 460.930,460.110,379.465,251.926 | -0.279,0.070,0.001,0.000
cam0 extrinsics = -0.006,0.010,0.702,0.712 | 0.063,-0.010,0.013
cam1 extrinsics = -0.001,0.015,0.703,0.711 | -0.049,-0.011,0.012
q_GtoI = -0.682,-0.353,-0.560,0.312 | p_IinG = -0.148,-0.467,0.947 | dist = 49.04 (meters)
bg = -0.0031,0.0220,0.0783 | ba = -0.0320,0.0450,0.0717
camera-imu timeoffset = -0.00006
cam0 intrinsics = 461.996,461.102,366.985,244.834 | -0.278,0.069,0.001,0.000
cam1 intrinsics = 460.934,460.112,379.462,251.919 | -0.279,0.070,0.001,0.000
cam0 extrinsics = -0.006,0.010,0.702,0.712 | 0.063,-0.010,0.013
cam1 extrinsics = -0.001,0.015,0.703,0.711 | -0.049,-0.011,0.012
q_GtoI = -0.671,-0.354,-0.567,0.321 | p_IinG = -0.123,-0.428,0.960 | dist = 49.09 (meters)
bg = -0.0031,0.0220,0.0784 | ba = -0.0324,0.0454,0.0690
camera-imu timeoffset = -0.00006
cam0 intrinsics = 461.994,461.101,366.982,244.830 | -0.278,0.069,0.001,0.000
cam1 intrinsics = 460.933,460.110,379.460,251.914 | -0.279,0.070,0.001,0.000
cam0 extrinsics = -0.006,0.010,0.702,0.712 | 0.063,-0.010,0.013
cam1 extrinsics = -0.001,0.015,0.703,0.711 | -0.049,-0.011,0.012
q_GtoI = -0.661,-0.355,-0.574,0.328 | p_IinG = -0.101,-0.392,0.972 | dist = 49.13 (meters)
bg = -0.0030,0.0219,0.0785 | ba = -0.0324,0.0456,0.0664
camera-imu timeoffset = -0.00006
cam0 intrinsics = 461.991,461.098,366.980,244.826 | -0.278,0.069,0.001,0.000
cam1 intrinsics = 460.929,460.107,379.459,251.910 | -0.279,0.070,0.001,0.000
cam0 extrinsics = -0.006,0.010,0.702,0.712 | 0.063,-0.010,0.013
cam1 extrinsics = -0.001,0.015,0.703,0.711 | -0.049,-0.011,0.012
q_GtoI = -0.653,-0.357,-0.578,0.335 | p_IinG = -0.080,-0.363,0.984 | dist = 49.16 (meters)
bg = -0.0029,0.0220,0.0786 | ba = -0.0320,0.0447,0.0654
camera-imu timeoffset = -0.00006
cam0 intrinsics = 461.987,461.092,366.978,244.825 | -0.278,0.069,0.001,0.000
cam1 intrinsics = 460.926,460.102,379.458,251.909 | -0.279,0.070,0.001,0.000
cam0 extrinsics = -0.006,0.010,0.702,0.712 | 0.063,-0.010,0.013
cam1 extrinsics = -0.001,0.015,0.703,0.711 | -0.049,-0.011,0.012
q_GtoI = -0.645,-0.361,-0.582,0.339 | p_IinG = -0.060,-0.336,0.995 | dist = 49.20 (meters)
bg = -0.0024,0.0224,0.0792 | ba = -0.0293,0.0420,0.0649
camera-imu timeoffset = -0.00005
cam0 intrinsics = 461.969,461.067,366.972,244.829 | -0.277,0.069,0.001,0.000
cam1 intrinsics = 460.911,460.079,379.452,251.913 | -0.279,0.070,0.001,0.000
cam0 extrinsics = -0.006,0.010,0.702,0.712 | 0.063,-0.010,0.013
cam1 extrinsics = -0.001,0.015,0.703,0.711 | -0.049,-0.010,0.012
q_GtoI = -0.637,-0.364,-0.586,0.344 | p_IinG = -0.039,-0.311,0.995 | dist = 49.22 (meters)
bg = -0.0019,0.0226,0.0801 | ba = -0.0222,0.0301,0.0569
camera-imu timeoffset = -0.00005
cam0 intrinsics = 461.965,461.076,366.990,244.864 | -0.278,0.069,0.001,0.000
cam1 intrinsics = 460.904,460.087,379.470,251.940 | -0.279,0.070,0.001,0.000
cam0 extrinsics = -0.006,0.010,0.702,0.712 | 0.063,-0.010,0.013
cam1 extrinsics = -0.001,0.014,0.703,0.711 | -0.049,-0.010,0.012
q_GtoI = -0.628,-0.365,-0.590,0.352 | p_IinG = -0.024,-0.301,1.009 | dist = 49.24 (meters)
bg = -0.0019,0.0227,0.0801 | ba = -0.0219,0.0293,0.0584
camera-imu timeoffset = -0.00005
cam0 intrinsics = 461.965,461.074,366.990,244.861 | -0.278,0.069,0.001,0.000
cam1 intrinsics = 460.905,460.085,379.471,251.938 | -0.279,0.070,0.001,0.000
cam0 extrinsics = -0.006,0.010,0.702,0.712 | 0.063,-0.010,0.013
cam1 extrinsics = -0.001,0.014,0.703,0.711 | -0.049,-0.010,0.012
q_GtoI = -0.618,-0.364,-0.596,0.359 | p_IinG = -0.013,-0.298,1.023 | dist = 49.26 (meters)
bg = -0.0020,0.0228,0.0801 | ba = -0.0212,0.0291,0.0593
camera-imu timeoffset = -0.00005
cam0 intrinsics = 461.966,461.073,366.988,244.859 | -0.278,0.069,0.001,0.000
cam1 intrinsics = 460.906,460.085,379.471,251.937 | -0.279,0.070,0.001,0.000
cam0 extrinsics = -0.006,0.010,0.702,0.712 | 0.063,-0.010,0.013
cam1 extrinsics = -0.001,0.014,0.703,0.711 | -0.049,-0.010,0.012
q_GtoI = -0.606,-0.362,-0.605,0.369 | p_IinG = -0.006,-0.322,1.045 | dist = 49.28 (meters)
bg = -0.0024,0.0223,0.0797 | ba = -0.0210,0.0350,0.0704
camera-imu timeoffset = -0.00005
cam0 intrinsics = 461.951,461.062,366.979,244.836 | -0.277,0.069,0.001,0.000
cam1 intrinsics = 460.892,460.075,379.461,251.913 | -0.279,0.070,0.001,0.000
cam0 extrinsics = -0.006,0.010,0.702,0.712 | 0.063,-0.010,0.013
cam1 extrinsics = -0.001,0.014,0.703,0.711 | -0.049,-0.010,0.012
q_GtoI = -0.595,-0.359,-0.613,0.376 | p_IinG = -0.006,-0.343,1.061 | dist = 49.30 (meters)
bg = -0.0025,0.0222,0.0795 | ba = -0.0206,0.0389,0.0743
camera-imu timeoffset = -0.00005
cam0 intrinsics = 461.950,461.060,366.971,244.847 | -0.277,0.069,0.001,0.000
cam1 intrinsics = 460.891,460.072,379.449,251.923 | -0.279,0.070,0.001,0.000
cam0 extrinsics = -0.006,0.010,0.702,0.712 | 0.063,-0.010,0.013
cam1 extrinsics = -0.001,0.014,0.703,0.711 | -0.049,-0.010,0.012
q_GtoI = -0.588,-0.357,-0.618,0.381 | p_IinG = -0.005,-0.374,1.076 | dist = 49.33 (meters)
bg = -0.0026,0.0222,0.0789 | ba = -0.0179,0.0408,0.0791
camera-imu timeoffset = -0.00005
cam0 intrinsics = 461.949,461.056,366.959,244.861 | -0.277,0.069,0.001,0.000
cam1 intrinsics = 460.891,460.070,379.441,251.937 | -0.279,0.070,0.001,0.000
cam0 extrinsics = -0.006,0.010,0.702,0.712 | 0.063,-0.010,0.013
cam1 extrinsics = -0.001,0.014,0.703,0.711 | -0.049,-0.010,0.012
q_GtoI = -0.590,-0.361,-0.614,0.380 | p_IinG = -0.012,-0.412,1.091 | dist = 49.36 (meters)
bg = -0.0026,0.0220,0.0790 | ba = -0.0202,0.0424,0.0817
camera-imu timeoffset = -0.00006
cam0 intrinsics = 461.941,461.048,366.955,244.867 | -0.277,0.069,0.001,0.000
cam1 intrinsics = 460.884,460.062,379.437,251.945 | -0.279,0.070,0.001,0.000
cam0 extrinsics = -0.006,0.010,0.702,0.712 | 0.063,-0.010,0.013
cam1 extrinsics = -0.001,0.014,0.703,0.711 | -0.049,-0.010,0.012
q_GtoI = -0.604,-0.371,-0.599,0.373 | p_IinG = -0.025,-0.456,1.102 | dist = 49.41 (meters)
bg = -0.0026,0.0218,0.0788 | ba = -0.0234,0.0443,0.0820
camera-imu timeoffset = -0.00006
cam0 intrinsics = 461.931,461.037,366.956,244.872 | -0.277,0.069,0.001,0.000
cam1 intrinsics = 460.874,460.051,379.440,251.949 | -0.279,0.070,0.001,0.000
cam0 extrinsics = -0.006,0.010,0.702,0.712 | 0.063,-0.010,0.013
cam1 extrinsics = -0.001,0.014,0.703,0.711 | -0.049,-0.010,0.013
q_GtoI = -0.623,-0.385,-0.576,0.361 | p_IinG = -0.041,-0.514,1.111 | dist = 49.46 (meters)
bg = -0.0028,0.0215,0.0787 | ba = -0.0255,0.0467,0.0839
camera-imu timeoffset = -0.00007
cam0 intrinsics = 461.912,461.021,366.949,244.875 | -0.277,0.069,0.001,0.000
cam1 intrinsics = 460.858,460.037,379.426,251.957 | -0.279,0.070,0.001,0.000
cam0 extrinsics = -0.006,0.010,0.702,0.712 | 0.063,-0.010,0.013
cam1 extrinsics = -0.001,0.014,0.703,0.711 | -0.049,-0.010,0.013
q_GtoI = -0.644,-0.401,-0.551,0.349 | p_IinG = -0.057,-0.569,1.119 | dist = 49.52 (meters)
bg = -0.0027,0.0213,0.0786 | ba = -0.0294,0.0460,0.0828
camera-imu timeoffset = -0.00007
cam0 intrinsics = 461.904,461.011,366.948,244.878 | -0.277,0.069,0.001,0.000
cam1 intrinsics = 460.851,460.027,379.435,251.962 | -0.279,0.070,0.001,0.000
cam0 extrinsics = -0.006,0.010,0.702,0.712 | 0.063,-0.010,0.014
cam1 extrinsics = -0.001,0.014,0.703,0.711 | -0.049,-0.010,0.013
q_GtoI = -0.664,-0.416,-0.523,0.335 | p_IinG = -0.077,-0.629,1.122 | dist = 49.58 (meters)
bg = -0.0026,0.0210,0.0786 | ba = -0.0327,0.0468,0.0829
camera-imu timeoffset = -0.00007
cam0 intrinsics = 461.890,460.989,366.949,244.874 | -0.277,0.069,0.001,0.000
cam1 intrinsics = 460.837,460.006,379.437,251.958 | -0.279,0.070,0.001,0.000
cam0 extrinsics = -0.006,0.010,0.702,0.712 | 0.063,-0.010,0.014
cam1 extrinsics = -0.001,0.014,0.703,0.711 | -0.049,-0.010,0.013
q_GtoI = -0.683,-0.431,-0.496,0.319 | p_IinG = -0.096,-0.695,1.117 | dist = 49.65 (meters)
bg = -0.0027,0.0205,0.0782 | ba = -0.0326,0.0460,0.0832
camera-imu timeoffset = -0.00007
cam0 intrinsics = 461.881,460.974,366.950,244.871 | -0.277,0.069,0.001,0.000
cam1 intrinsics = 460.828,459.990,379.433,251.954 | -0.279,0.070,0.001,0.000
cam0 extrinsics = -0.006,0.010,0.702,0.712 | 0.062,-0.010,0.014
cam1 extrinsics = -0.001,0.014,0.703,0.711 | -0.049,-0.010,0.013
q_GtoI = -0.701,-0.442,-0.468,0.306 | p_IinG = -0.117,-0.766,1.113 | dist = 49.71 (meters)
bg = -0.0027,0.0206,0.0777 | ba = -0.0316,0.0495,0.0870
camera-imu timeoffset = -0.00007
cam0 intrinsics = 461.886,460.985,366.942,244.864 | -0.277,0.069,0.001,0.000
cam1 intrinsics = 460.837,460.005,379.421,251.945 | -0.279,0.070,0.001,0.000
cam0 extrinsics = -0.006,0.010,0.702,0.712 | 0.062,-0.010,0.014
cam1 extrinsics = -0.001,0.014,0.703,0.711 | -0.049,-0.010,0.013
q_GtoI = -0.715,-0.452,-0.446,0.292 | p_IinG = -0.137,-0.831,1.105 | dist = 49.78 (meters)
bg = -0.0028,0.0203,0.0774 | ba = -0.0326,0.0495,0.0866
camera-imu timeoffset = -0.00007
cam0 intrinsics = 461.880,460.972,366.941,244.859 | -0.277,0.069,0.001,0.000
cam1 intrinsics = 460.830,459.992,379.419,251.940 | -0.279,0.070,0.001,0.000
cam0 extrinsics = -0.006,0.010,0.702,0.712 | 0.062,-0.010,0.014
cam1 extrinsics = -0.001,0.014,0.703,0.711 | -0.049,-0.010,0.013
q_GtoI = -0.725,-0.460,-0.427,0.282 | p_IinG = -0.155,-0.896,1.096 | dist = 49.84 (meters)
bg = -0.0029,0.0200,0.0773 | ba = -0.0344,0.0498,0.0868
camera-imu timeoffset = -0.00006
cam0 intrinsics = 461.876,460.962,366.941,244.852 | -0.277,0.069,0.001,0.000
cam1 intrinsics = 460.828,459.983,379.417,251.932 | -0.279,0.070,0.001,0.000
cam0 extrinsics = -0.006,0.010,0.702,0.712 | 0.062,-0.010,0.014
cam1 extrinsics = -0.001,0.014,0.703,0.711 | -0.049,-0.010,0.013
q_GtoI = -0.733,-0.466,-0.412,0.274 | p_IinG = -0.171,-0.958,1.085 | dist = 49.91 (meters)
bg = -0.0029,0.0196,0.0774 | ba = -0.0358,0.0484,0.0881
camera-imu timeoffset = -0.00007
cam0 intrinsics = 461.860,460.938,366.946,244.859 | -0.277,0.069,0.001,0.000
cam1 intrinsics = 460.812,459.959,379.414,251.941 | -0.279,0.070,0.001,0.000
cam0 extrinsics = -0.006,0.010,0.702,0.712 | 0.062,-0.010,0.014
cam1 extrinsics = -0.001,0.014,0.703,0.711 | -0.049,-0.011,0.013
q_GtoI = -0.739,-0.474,-0.397,0.266 | p_IinG = -0.190,-1.017,1.071 | dist = 49.97 (meters)
bg = -0.0030,0.0196,0.0775 | ba = -0.0361,0.0534,0.0891
camera-imu timeoffset = -0.00007
cam0 intrinsics = 461.857,460.943,366.949,244.852 | -0.277,0.069,0.001,0.000
cam1 intrinsics = 460.804,459.960,379.410,251.931 | -0.279,0.070,0.001,0.000
cam0 extrinsics = -0.006,0.010,0.702,0.712 | 0.062,-0.010,0.014
cam1 extrinsics = -0.001,0.014,0.703,0.711 | -0.049,-0.011,0.013
q_GtoI = -0.745,-0.481,-0.382,0.261 | p_IinG = -0.200,-1.071,1.062 | dist = 50.02 (meters)
bg = -0.0030,0.0199,0.0779 | ba = -0.0396,0.0552,0.0924
camera-imu timeoffset = -0.00007
cam0 intrinsics = 461.852,460.953,366.954,244.851 | -0.277,0.069,0.001,0.000
cam1 intrinsics = 460.799,459.971,379.409,251.933 | -0.279,0.070,0.001,0.000
cam0 extrinsics = -0.006,0.010,0.702,0.712 | 0.062,-0.011,0.014
cam1 extrinsics = -0.001,0.014,0.703,0.711 | -0.049,-0.011,0.013
q_GtoI = -0.748,-0.489,-0.369,0.257 | p_IinG = -0.210,-1.118,1.049 | dist = 50.07 (meters)
bg = -0.0030,0.0200,0.0780 | ba = -0.0405,0.0567,0.0943
camera-imu timeoffset = -0.00007
cam0 intrinsics = 461.851,460.958,366.954,244.852 | -0.277,0.069,0.001,0.000
cam1 intrinsics = 460.798,459.976,379.410,251.934 | -0.279,0.070,0.001,0.000
cam0 extrinsics = -0.006,0.010,0.702,0.712 | 0.062,-0.011,0.014
cam1 extrinsics = -0.001,0.014,0.703,0.711 | -0.049,-0.011,0.013
q_GtoI = -0.749,-0.498,-0.356,0.254 | p_IinG = -0.216,-1.157,1.037 | dist = 50.11 (meters)
bg = -0.0029,0.0201,0.0781 | ba = -0.0409,0.0573,0.0960
camera-imu timeoffset = -0.00007
cam0 intrinsics = 461.849,460.961,366.954,244.852 | -0.277,0.069,0.001,0.000
cam1 intrinsics = 460.796,459.978,379.410,251.935 | -0.279,0.070,0.001,0.000
cam0 extrinsics = -0.006,0.010,0.702,0.712 | 0.062,-0.011,0.014
cam1 extrinsics = -0.001,0.014,0.703,0.711 | -0.049,-0.011,0.013
q_GtoI = -0.749,-0.507,-0.345,0.251 | p_IinG = -0.217,-1.186,1.025 | dist = 50.14 (meters)
bg = -0.0028,0.0200,0.0780 | ba = -0.0415,0.0558,0.0967
camera-imu timeoffset = -0.00006
cam0 intrinsics = 461.847,460.957,366.951,244.848 | -0.277,0.069,0.001,0.000
cam1 intrinsics = 460.794,459.976,379.408,251.933 | -0.279,0.070,0.001,0.000
cam0 extrinsics = -0.006,0.010,0.702,0.712 | 0.062,-0.011,0.014
cam1 extrinsics = -0.001,0.014,0.703,0.711 | -0.049,-0.011,0.013
q_GtoI = -0.746,-0.518,-0.335,0.250 | p_IinG = -0.215,-1.209,1.016 | dist = 50.16 (meters)
bg = -0.0028,0.0201,0.0780 | ba = -0.0416,0.0561,0.0977
camera-imu timeoffset = -0.00006
cam0 intrinsics = 461.846,460.959,366.950,244.848 | -0.277,0.069,0.001,0.000
cam1 intrinsics = 460.794,459.978,379.406,251.933 | -0.279,0.070,0.001,0.000
cam0 extrinsics = -0.006,0.010,0.702,0.712 | 0.062,-0.011,0.014
cam1 extrinsics = -0.001,0.014,0.703,0.711 | -0.049,-0.011,0.013
q_GtoI = -0.743,-0.528,-0.326,0.250 | p_IinG = -0.209,-1.217,1.005 | dist = 50.18 (meters)
bg = -0.0027,0.0198,0.0782 | ba = -0.0403,0.0537,0.0960
camera-imu timeoffset = -0.00006
cam0 intrinsics = 461.848,460.957,366.953,244.849 | -0.277,0.069,0.001,0.000
cam1 intrinsics = 460.798,459.980,379.408,251.938 | -0.279,0.070,0.001,0.000
cam0 extrinsics = -0.006,0.010,0.702,0.712 | 0.062,-0.011,0.014
cam1 extrinsics = -0.001,0.014,0.703,0.711 | -0.049,-0.011,0.013
q_GtoI = -0.740,-0.537,-0.319,0.249 | p_IinG = -0.207,-1.213,1.001 | dist = 50.19 (meters)
bg = -0.0021,0.0199,0.0777 | ba = -0.0421,0.0542,0.0951
camera-imu timeoffset = -0.00006
cam0 intrinsics = 461.838,460.958,366.949,244.857 | -0.277,0.069,0.001,0.000
cam1 intrinsics = 460.785,459.977,379.406,251.949 | -0.279,0.070,0.001,0.000
cam0 extrinsics = -0.006,0.010,0.702,0.712 | 0.062,-0.011,0.014
cam1 extrinsics = -0.001,0.014,0.703,0.711 | -0.049,-0.011,0.013
q_GtoI = -0.735,-0.547,-0.315,0.249 | p_IinG = -0.184,-1.209,0.996 | dist = 50.20 (meters)
bg = -0.0030,0.0199,0.0773 | ba = -0.0412,0.0526,0.0930
camera-imu timeoffset = -0.00006
cam0 intrinsics = 461.842,460.963,366.968,244.878 | -0.277,0.069,0.001,0.000
cam1 intrinsics = 460.789,459.981,379.423,251.974 | -0.279,0.070,0.001,0.000
cam0 extrinsics = -0.006,0.010,0.702,0.712 | 0.062,-0.011,0.014
cam1 extrinsics = -0.001,0.014,0.703,0.711 | -0.049,-0.011,0.013
q_GtoI = -0.727,-0.555,-0.317,0.250 | p_IinG = -0.169,-1.188,0.990 | dist = 50.23 (meters)
bg = -0.0029,0.0197,0.0771 | ba = -0.0384,0.0517,0.0874
camera-imu timeoffset = -0.00007
cam0 intrinsics = 461.836,460.953,366.967,244.876 | -0.277,0.069,0.001,0.000
cam1 intrinsics = 460.782,459.970,379.422,251.977 | -0.279,0.070,0.001,0.000
cam0 extrinsics = -0.006,0.010,0.702,0.712 | 0.062,-0.011,0.014
cam1 extrinsics = -0.001,0.014,0.703,0.711 | -0.049,-0.011,0.013
q_GtoI = -0.716,-0.565,-0.326,0.250 | p_IinG = -0.143,-1.158,0.991 | dist = 50.27 (meters)
bg = -0.0033,0.0200,0.0773 | ba = -0.0371,0.0508,0.0840
camera-imu timeoffset = -0.00007
cam0 intrinsics = 461.836,460.958,366.967,244.879 | -0.277,0.069,0.001,0.000
cam1 intrinsics = 460.784,459.977,379.420,251.982 | -0.279,0.070,0.001,0.000
cam0 extrinsics = -0.006,0.010,0.702,0.712 | 0.062,-0.011,0.014
cam1 extrinsics = -0.001,0.014,0.703,0.711 | -0.049,-0.011,0.013
q_GtoI = -0.699,-0.575,-0.343,0.251 | p_IinG = -0.125,-1.115,0.990 | dist = 50.32 (meters)
bg = -0.0029,0.0199,0.0773 | ba = -0.0349,0.0506,0.0792
camera-imu timeoffset = -0.00007
cam0 intrinsics = 461.828,460.959,366.955,244.893 | -0.277,0.069,0.001,0.000
cam1 intrinsics = 460.777,459.979,379.407,251.995 | -0.279,0.070,0.001,0.000
cam0 extrinsics = -0.006,0.010,0.702,0.712 | 0.063,-0.011,0.014
cam1 extrinsics = -0.001,0.014,0.703,0.711 | -0.049,-0.011,0.013
q_GtoI = -0.678,-0.583,-0.369,0.253 | p_IinG = -0.105,-1.064,0.992 | dist = 50.37 (meters)
bg = -0.0027,0.0201,0.0772 | ba = -0.0332,0.0545,0.0757
camera-imu timeoffset = -0.00007
cam0 intrinsics = 461.830,460.974,366.956,244.916 | -0.277,0.069,0.001,0.000
cam1 intrinsics = 460.777,459.992,379.413,252.019 | -0.279,0.070,0.001,0.000
cam0 extrinsics = -0.006,0.010,0.702,0.712 | 0.063,-0.011,0.014
cam1 extrinsics = -0.001,0.014,0.703,0.711 | -0.049,-0.012,0.013
q_GtoI = -0.655,-0.589,-0.398,0.257 | p_IinG = -0.083,-1.008,0.993 | dist = 50.43 (meters)
bg = -0.0027,0.0202,0.0771 | ba = -0.0325,0.0559,0.0729
camera-imu timeoffset = -0.00007
cam0 intrinsics = 461.839,460.982,366.964,244.939 | -0.277,0.069,0.001,0.000
cam1 intrinsics = 460.786,460.002,379.418,252.043 | -0.279,0.070,0.001,0.000
cam0 extrinsics = -0.006,0.010,0.702,0.712 | 0.063,-0.012,0.014
cam1 extrinsics = -0.001,0.014,0.703,0.711 | -0.049,-0.012,0.014
q_GtoI = -0.635,-0.589,-0.423,0.267 | p_IinG = -0.063,-0.944,0.991 | dist = 50.50 (meters)
bg = -0.0025,0.0203,0.0773 | ba = -0.0323,0.0553,0.0717
camera-imu timeoffset = -0.00007
cam0 intrinsics = 461.839,460.982,366.972,244.946 | -0.277,0.069,0.001,0.000
cam1 intrinsics = 460.786,460.002,379.425,252.051 | -0.279,0.070,0.001,0.000
cam0 extrinsics = -0.006,0.010,0.702,0.712 | 0.063,-0.012,0.014
cam1 extrinsics = -0.001,0.014,0.703,0.711 | -0.049,-0.012,0.014
q_GtoI = -0.616,-0.585,-0.448,0.280 | p_IinG = -0.044,-0.880,0.987 | dist = 50.56 (meters)
bg = -0.0027,0.0205,0.0773 | ba = -0.0312,0.0557,0.0714
camera-imu timeoffset = -0.00007
cam0 intrinsics = 461.837,460.971,366.972,244.954 | -0.277,0.069,0.001,0.000
cam1 intrinsics = 460.785,459.992,379.424,252.059 | -0.279,0.070,0.001,0.000
cam0 extrinsics = -0.006,0.010,0.702,0.712 | 0.063,-0.012,0.014
cam1 extrinsics = -0.001,0.014,0.703,0.711 | -0.049,-0.012,0.014
q_GtoI = -0.599,-0.577,-0.470,0.296 | p_IinG = -0.029,-0.813,0.984 | dist = 50.63 (meters)
bg = -0.0029,0.0209,0.0773 | ba = -0.0301,0.0572,0.0711
camera-imu timeoffset = -0.00007
cam0 intrinsics = 461.836,460.957,366.969,244.959 | -0.277,0.069,0.001,0.000
cam1 intrinsics = 460.784,459.978,379.423,252.066 | -0.279,0.070,0.001,0.000
cam0 extrinsics = -0.006,0.010,0.702,0.712 | 0.063,-0.012,0.014
cam1 extrinsics = -0.001,0.014,0.703,0.711 | -0.049,-0.012,0.014
q_GtoI = -0.585,-0.566,-0.489,0.314 | p_IinG = -0.018,-0.743,0.978 | dist = 50.70 (meters)
bg = -0.0031,0.0211,0.0773 | ba = -0.0301,0.0568,0.0698
camera-imu timeoffset = -0.00007
cam0 intrinsics = 461.834,460.949,366.968,244.962 | -0.277,0.069,0.001,0.000
cam1 intrinsics = 460.781,459.968,379.426,252.070 | -0.279,0.070,0.001,0.000
cam0 extrinsics = -0.006,0.010,0.702,0.712 | 0.063,-0.012,0.014
cam1 extrinsics = -0.001,0.014,0.703,0.711 | -0.049,-0.012,0.014
q_GtoI = -0.575,-0.553,-0.503,0.332 | p_IinG = -0.010,-0.675,0.973 | dist = 50.77 (meters)
bg = -0.0034,0.0213,0.0774 | ba = -0.0286,0.0569,0.0706
camera-imu timeoffset = -0.00007
cam0 intrinsics = 461.830,460.938,366.967,244.959 | -0.277,0.069,0.001,0.000
cam1 intrinsics = 460.776,459.956,379.426,252.068 | -0.279,0.070,0.001,0.000
cam0 extrinsics = -0.006,0.010,0.702,0.712 | 0.063,-0.012,0.014
cam1 extrinsics = -0.001,0.014,0.703,0.711 | -0.049,-0.012,0.014
q_GtoI = -0.568,-0.539,-0.513,0.353 | p_IinG = -0.008,-0.609,0.965 | dist = 50.84 (meters)
bg = -0.0037,0.0211,0.0774 | ba = -0.0284,0.0561,0.0703
camera-imu timeoffset = -0.00007
cam0 intrinsics = 461.834,460.943,366.960,244.963 | -0.277,0.069,0.001,0.000
cam1 intrinsics = 460.778,459.959,379.421,252.075 | -0.279,0.070,0.001,0.000
cam0 extrinsics = -0.006,0.010,0.702,0.712 | 0.063,-0.012,0.014
cam1 extrinsics = -0.001,0.014,0.703,0.711 | -0.049,-0.012,0.014
q_GtoI = -0.565,-0.523,-0.517,0.375 | p_IinG = -0.010,-0.545,0.957 | dist = 50.91 (meters)
bg = -0.0038,0.0211,0.0773 | ba = -0.0280,0.0566,0.0698
camera-imu timeoffset = -0.00007
cam0 intrinsics = 461.833,460.941,366.957,244.963 | -0.277,0.069,0.001,0.000
cam1 intrinsics = 460.775,459.955,379.423,252.077 | -0.279,0.070,0.001,0.000
cam0 extrinsics = -0.006,0.010,0.702,0.712 | 0.063,-0.012,0.014
cam1 extrinsics = -0.001,0.014,0.703,0.711 | -0.049,-0.012,0.014
q_GtoI = -0.561,-0.507,-0.522,0.396 | p_IinG = -0.016,-0.485,0.949 | dist = 50.97 (meters)
bg = -0.0039,0.0212,0.0773 | ba = -0.0277,0.0565,0.0703
camera-imu timeoffset = -0.00007
cam0 intrinsics = 461.831,460.939,366.957,244.965 | -0.277,0.069,0.001,0.000
cam1 intrinsics = 460.771,459.951,379.423,252.079 | -0.279,0.070,0.001,0.000
cam0 extrinsics = -0.006,0.010,0.702,0.712 | 0.063,-0.012,0.014
cam1 extrinsics = -0.001,0.014,0.703,0.711 | -0.049,-0.012,0.013
q_GtoI = -0.556,-0.491,-0.527,0.415 | p_IinG = -0.026,-0.433,0.946 | dist = 51.02 (meters)
bg = -0.0041,0.0215,0.0761 | ba = -0.0307,0.0607,0.0739
camera-imu timeoffset = -0.00006
cam0 intrinsics = 461.789,460.903,366.953,244.971 | -0.277,0.069,0.001,0.000
cam1 intrinsics = 460.724,459.910,379.412,252.086 | -0.279,0.070,0.001,0.000
cam0 extrinsics = -0.006,0.010,0.702,0.712 | 0.063,-0.012,0.014
cam1 extrinsics = -0.001,0.014,0.703,0.711 | -0.048,-0.012,0.013
q_GtoI = -0.548,-0.479,-0.535,0.429 | p_IinG = -0.038,-0.386,0.942 | dist = 51.07 (meters)
bg = -0.0042,0.0217,0.0760 | ba = -0.0303,0.0627,0.0736
camera-imu timeoffset = -0.00006
cam0 intrinsics = 461.783,460.893,366.952,244.972 | -0.277,0.069,0.001,0.000
cam1 intrinsics = 460.717,459.899,379.412,252.087 | -0.278,0.070,0.001,0.000
cam0 extrinsics = -0.006,0.010,0.702,0.712 | 0.063,-0.012,0.014
cam1 extrinsics = -0.001,0.014,0.703,0.711 | -0.048,-0.012,0.013
q_GtoI = -0.539,-0.468,-0.543,0.442 | p_IinG = -0.053,-0.346,0.938 | dist = 51.11 (meters)
bg = -0.0042,0.0217,0.0760 | ba = -0.0303,0.0632,0.0737
camera-imu timeoffset = -0.00006
cam0 intrinsics = 461.780,460.887,366.951,244.970 | -0.277,0.069,0.001,0.000
cam1 intrinsics = 460.715,459.893,379.413,252.085 | -0.278,0.070,0.001,0.000
cam0 extrinsics = -0.006,0.010,0.702,0.712 | 0.063,-0.012,0.014
cam1 extrinsics = -0.001,0.014,0.703,0.711 | -0.048,-0.012,0.013
q_GtoI = -0.532,-0.460,-0.550,0.451 | p_IinG = -0.070,-0.317,0.934 | dist = 51.15 (meters)
bg = -0.0042,0.0218,0.0762 | ba = -0.0281,0.0663,0.0754
camera-imu timeoffset = -0.00007
cam0 intrinsics = 461.787,460.893,366.959,244.970 | -0.277,0.069,0.001,0.000
cam1 intrinsics = 460.723,459.900,379.419,252.085 | -0.279,0.070,0.001,0.000
cam0 extrinsics = -0.006,0.010,0.702,0.712 | 0.063,-0.012,0.014
cam1 extrinsics = -0.001,0.014,0.703,0.711 | -0.048,-0.012,0.013
q_GtoI = -0.526,-0.454,-0.554,0.458 | p_IinG = -0.090,-0.295,0.935 | dist = 51.18 (meters)
bg = -0.0039,0.0229,0.0768 | ba = -0.0248,0.0711,0.0805
camera-imu timeoffset = -0.00006
cam0 intrinsics = 461.747,460.808,366.924,244.966 | -0.277,0.069,0.001,0.000
cam1 intrinsics = 460.690,459.821,379.394,252.081 | -0.278,0.070,0.001,0.000
cam0 extrinsics = -0.006,0.010,0.702,0.712 | 0.063,-0.012,0.013
cam1 extrinsics = -0.001,0.014,0.703,0.711 | -0.048,-0.012,0.013
q_GtoI = -0.525,-0.452,-0.554,0.461 | p_IinG = -0.111,-0.291,0.932 | dist = 51.20 (meters)
bg = -0.0041,0.0229,0.0766 | ba = -0.0250,0.0752,0.0840
camera-imu timeoffset = -0.00005
cam0 intrinsics = 461.720,460.793,366.918,244.965 | -0.277,0.069,0.001,0.000
cam1 intrinsics = 460.664,459.806,379.393,252.081 | -0.278,0.070,0.001,0.000
cam0 extrinsics = -0.006,0.010,0.702,0.712 | 0.064,-0.012,0.013
cam1 extrinsics = -0.001,0.014,0.703,0.711 | -0.048,-0.012,0.013
q_GtoI = -0.527,-0.454,-0.552,0.459 | p_IinG = -0.136,-0.291,0.928 | dist = 51.22 (meters)
bg = -0.0041,0.0229,0.0766 | ba = -0.0262,0.0769,0.0842
camera-imu timeoffset = -0.00005
cam0 intrinsics = 461.710,460.785,366.915,244.968 | -0.277,0.069,0.001,0.000
cam1 intrinsics = 460.656,459.801,379.389,252.084 | -0.278,0.070,0.001,0.000
cam0 extrinsics = -0.006,0.010,0.702,0.712 | 0.064,-0.012,0.013
cam1 extrinsics = -0.001,0.014,0.703,0.711 | -0.048,-0.012,0.013
q_GtoI = -0.534,-0.460,-0.545,0.454 | p_IinG = -0.162,-0.304,0.923 | dist = 51.25 (meters)
bg = -0.0042,0.0227,0.0767 | ba = -0.0271,0.0782,0.0846
camera-imu timeoffset = -0.00005
cam0 intrinsics = 461.690,460.779,366.918,244.983 | -0.277,0.069,0.001,0.000
cam1 intrinsics = 460.636,459.794,379.394,252.094 | -0.278,0.070,0.000,0.000
cam0 extrinsics = -0.006,0.010,0.702,0.712 | 0.064,-0.012,0.013
cam1 extrinsics = -0.001,0.014,0.703,0.711 | -0.048,-0.012,0.013
q_GtoI = -0.542,-0.468,-0.536,0.446 | p_IinG = -0.187,-0.326,0.918 | dist = 51.28 (meters)
bg = -0.0045,0.0225,0.0767 | ba = -0.0291,0.0779,0.0834
camera-imu timeoffset = -0.00005
cam0 intrinsics = 461.687,460.778,366.923,244.982 | -0.277,0.069,0.001,0.000
cam1 intrinsics = 460.632,459.791,379.400,252.094 | -0.278,0.070,0.000,0.000
cam0 extrinsics = -0.006,0.010,0.702,0.712 | 0.064,-0.012,0.013
cam1 extrinsics = -0.001,0.014,0.703,0.711 | -0.048,-0.012,0.013
q_GtoI = -0.555,-0.478,-0.523,0.435 | p_IinG = -0.217,-0.353,0.911 | dist = 51.32 (meters)
bg = -0.0044,0.0220,0.0767 | ba = -0.0288,0.0778,0.0818
camera-imu timeoffset = -0.00006
cam0 intrinsics = 461.676,460.764,366.936,244.983 | -0.277,0.069,0.001,0.000
cam1 intrinsics = 460.621,459.776,379.417,252.096 | -0.278,0.070,0.000,0.000
cam0 extrinsics = -0.006,0.010,0.702,0.712 | 0.064,-0.012,0.013
cam1 extrinsics = -0.001,0.014,0.703,0.711 | -0.048,-0.012,0.012
q_GtoI = -0.569,-0.491,-0.509,0.420 | p_IinG = -0.250,-0.386,0.905 | dist = 51.37 (meters)
bg = -0.0043,0.0217,0.0769 | ba = -0.0288,0.0772,0.0793
camera-imu timeoffset = -0.00006
cam0 intrinsics = 461.672,460.757,366.946,244.990 | -0.277,0.069,0.001,0.000
cam1 intrinsics = 460.616,459.769,379.421,252.102 | -0.278,0.070,0.000,0.000
cam0 extrinsics = -0.006,0.010,0.702,0.712 | 0.063,-0.012,0.013
cam1 extrinsics = -0.001,0.014,0.703,0.711 | -0.048,-0.012,0.012
q_GtoI = -0.583,-0.501,-0.495,0.405 | p_IinG = -0.286,-0.421,0.901 | dist = 51.42 (meters)
bg = -0.0039,0.0216,0.0770 | ba = -0.0285,0.0765,0.0767
camera-imu timeoffset = -0.00006
cam0 intrinsics = 461.668,460.755,366.941,244.994 | -0.277,0.069,0.001,0.000
cam1 intrinsics = 460.609,459.767,379.422,252.107 | -0.278,0.070,0.000,0.000
cam0 extrinsics = -0.006,0.010,0.702,0.712 | 0.064,-0.012,0.013
cam1 extrinsics = -0.001,0.014,0.703,0.711 | -0.048,-0.012,0.012
q_GtoI = -0.597,-0.511,-0.479,0.391 | p_IinG = -0.320,-0.464,0.896 | dist = 51.48 (meters)
bg = -0.0039,0.0215,0.0769 | ba = -0.0266,0.0762,0.0765
camera-imu timeoffset = -0.00006
cam0 intrinsics = 461.660,460.746,366.937,244.992 | -0.277,0.069,0.001,0.000
cam1 intrinsics = 460.599,459.758,379.424,252.106 | -0.278,0.070,0.000,0.000
cam0 extrinsics = -0.006,0.010,0.702,0.712 | 0.064,-0.012,0.013
cam1 extrinsics = -0.001,0.014,0.703,0.711 | -0.048,-0.012,0.012
q_GtoI = -0.613,-0.519,-0.461,0.379 | p_IinG = -0.355,-0.508,0.891 | dist = 51.53 (meters)
bg = -0.0037,0.0214,0.0769 | ba = -0.0232,0.0756,0.0768
camera-imu timeoffset = -0.00006
cam0 intrinsics = 461.654,460.742,366.935,244.989 | -0.277,0.069,0.001,0.000
cam1 intrinsics = 460.589,459.749,379.422,252.104 | -0.278,0.070,0.000,0.000
cam0 extrinsics = -0.006,0.010,0.702,0.712 | 0.064,-0.012,0.013
cam1 extrinsics = -0.001,0.014,0.703,0.711 | -0.048,-0.012,0.012
q_GtoI = -0.628,-0.526,-0.441,0.367 | p_IinG = -0.388,-0.555,0.885 | dist = 51.59 (meters)
bg = -0.0036,0.0214,0.0772 | ba = -0.0192,0.0744,0.0786
camera-imu timeoffset = -0.00007
cam0 intrinsics = 461.645,460.729,366.933,244.990 | -0.277,0.069,0.001,0.000
cam1 intrinsics = 460.579,459.734,379.425,252.107 | -0.278,0.070,0.000,0.000
cam0 extrinsics = -0.006,0.010,0.702,0.712 | 0.064,-0.012,0.013
cam1 extrinsics = -0.001,0.014,0.703,0.711 | -0.048,-0.012,0.012
q_GtoI = -0.644,-0.533,-0.420,0.354 | p_IinG = -0.421,-0.604,0.881 | dist = 51.65 (meters)
bg = -0.0036,0.0213,0.0774 | ba = -0.0177,0.0736,0.0801
camera-imu timeoffset = -0.00007
cam0 intrinsics = 461.640,460.717,366.937,244.997 | -0.277,0.069,0.001,0.000
cam1 intrinsics = 460.574,459.722,379.429,252.114 | -0.278,0.070,0.000,0.000
cam0 extrinsics = -0.006,0.010,0.702,0.712 | 0.064,-0.012,0.012
cam1 extrinsics = -0.001,0.014,0.703,0.711 | -0.048,-0.012,0.012
q_GtoI = -0.656,-0.539,-0.403,0.342 | p_IinG = -0.452,-0.652,0.878 | dist = 51.71 (meters)
bg = -0.0036,0.0212,0.0775 | ba = -0.0178,0.0743,0.0818
camera-imu timeoffset = -0.00007
cam0 intrinsics = 461.646,460.722,366.952,245.007 | -0.277,0.069,0.001,0.000
cam1 intrinsics = 460.565,459.711,379.441,252.129 | -0.278,0.070,0.000,0.000
cam0 extrinsics = -0.006,0.010,0.702,0.712 | 0.064,-0.012,0.013
cam1 extrinsics = -0.001,0.014,0.703,0.711 | -0.048,-0.012,0.012
q_GtoI = -0.666,-0.544,-0.389,0.330 | p_IinG = -0.484,-0.696,0.878 | dist = 51.76 (meters)
bg = -0.0035,0.0213,0.0777 | ba = -0.0186,0.0749,0.0830
camera-imu timeoffset = -0.00007
cam0 intrinsics = 461.651,460.721,366.952,245.006 | -0.277,0.069,0.001,0.000
cam1 intrinsics = 460.570,459.711,379.441,252.128 | -0.278,0.070,0.000,0.000
cam0 extrinsics = -0.006,0.010,0.702,0.712 | 0.064,-0.012,0.013
cam1 extrinsics = -0.001,0.014,0.703,0.711 | -0.048,-0.012,0.012
q_GtoI = -0.675,-0.548,-0.376,0.320 | p_IinG = -0.514,-0.736,0.879 | dist = 51.81 (meters)
bg = -0.0035,0.0215,0.0777 | ba = -0.0189,0.0754,0.0837
camera-imu timeoffset = -0.00007
cam0 intrinsics = 461.658,460.731,366.950,245.007 | -0.277,0.069,0.001,0.000
cam1 intrinsics = 460.577,459.721,379.440,252.129 | -0.278,0.070,0.000,0.000
cam0 extrinsics = -0.006,0.010,0.702,0.712 | 0.064,-0.012,0.013
cam1 extrinsics = -0.001,0.014,0.703,0.711 | -0.048,-0.012,0.012
q_GtoI = -0.683,-0.552,-0.363,0.311 | p_IinG = -0.542,-0.772,0.880 | dist = 51.86 (meters)
bg = -0.0035,0.0217,0.0777 | ba = -0.0195,0.0752,0.0840
camera-imu timeoffset = -0.00007
cam0 intrinsics = 461.662,460.738,366.947,245.012 | -0.277,0.069,0.001,0.000
cam1 intrinsics = 460.579,459.727,379.437,252.135 | -0.278,0.070,0.000,0.000
cam0 extrinsics = -0.006,0.010,0.702,0.712 | 0.064,-0.012,0.013
cam1 extrinsics = -0.001,0.014,0.703,0.711 | -0.048,-0.012,0.012
q_GtoI = -0.691,-0.555,-0.350,0.305 | p_IinG = -0.566,-0.802,0.882 | dist = 51.90 (meters)
bg = -0.0037,0.0219,0.0775 | ba = -0.0198,0.0747,0.0843
camera-imu timeoffset = -0.00007
cam0 intrinsics = 461.658,460.743,366.944,245.014 | -0.277,0.069,0.001,0.000
cam1 intrinsics = 460.575,459.731,379.436,252.138 | -0.278,0.070,0.000,0.000
cam0 extrinsics = -0.006,0.010,0.702,0.712 | 0.064,-0.012,0.013
cam1 extrinsics = -0.001,0.014,0.703,0.711 | -0.048,-0.012,0.012
q_GtoI = -0.699,-0.557,-0.334,0.300 | p_IinG = -0.591,-0.826,0.883 | dist = 51.93 (meters)
bg = -0.0036,0.0221,0.0773 | ba = -0.0200,0.0747,0.0846
camera-imu timeoffset = -0.00007
cam0 intrinsics = 461.662,460.751,366.941,245.016 | -0.277,0.069,0.001,0.000
cam1 intrinsics = 460.579,459.739,379.433,252.140 | -0.278,0.070,0.000,0.000
cam0 extrinsics = -0.006,0.010,0.702,0.712 | 0.064,-0.012,0.013
cam1 extrinsics = -0.001,0.014,0.703,0.711 | -0.048,-0.012,0.012
q_GtoI = -0.705,-0.559,-0.319,0.298 | p_IinG = -0.614,-0.838,0.886 | dist = 51.96 (meters)
bg = -0.0038,0.0225,0.0764 | ba = -0.0199,0.0762,0.0811
camera-imu timeoffset = -0.00007
cam0 intrinsics = 461.670,460.772,366.930,245.014 | -0.277,0.069,0.001,0.000
cam1 intrinsics = 460.587,459.759,379.423,252.136 | -0.278,0.070,0.000,0.000
cam0 extrinsics = -0.006,0.010,0.702,0.712 | 0.064,-0.012,0.013
cam1 extrinsics = -0.001,0.014,0.703,0.711 | -0.048,-0.012,0.012
q_GtoI = -0.709,-0.563,-0.306,0.295 | p_IinG = -0.633,-0.844,0.890 | dist = 51.98 (meters)
bg = -0.0038,0.0228,0.0761 | ba = -0.0199,0.0764,0.0800
camera-imu timeoffset = -0.00007
cam0 intrinsics = 461.674,460.784,366.925,245.015 | -0.277,0.069,0.001,0.000
cam1 intrinsics = 460.591,459.770,379.420,252.138 | -0.278,0.070,0.000,0.000
cam0 extrinsics = -0.006,0.010,0.702,0.712 | 0.064,-0.012,0.013
cam1 extrinsics = -0.001,0.014,0.703,0.711 | -0.048,-0.012,0.012
q_GtoI = -0.708,-0.569,-0.297,0.294 | p_IinG = -0.647,-0.844,0.894 | dist = 51.99 (meters)
bg = -0.0040,0.0228,0.0759 | ba = -0.0190,0.0769,0.0806
camera-imu timeoffset = -0.00007
cam0 intrinsics = 461.677,460.787,366.926,245.016 | -0.277,0.069,0.001,0.000
cam1 intrinsics = 460.593,459.773,379.424,252.139 | -0.278,0.070,0.000,0.000
cam0 extrinsics = -0.006,0.010,0.702,0.712 | 0.064,-0.012,0.013
cam1 extrinsics = -0.001,0.014,0.703,0.711 | -0.048,-0.012,0.012
q_GtoI = -0.701,-0.577,-0.297,0.296 | p_IinG = -0.656,-0.837,0.899 | dist = 52.01 (meters)
bg = -0.0044,0.0226,0.0759 | ba = -0.0171,0.0770,0.0805
camera-imu timeoffset = -0.00007
cam0 intrinsics = 461.675,460.784,366.927,245.012 | -0.277,0.069,0.001,0.000
cam1 intrinsics = 460.592,459.769,379.427,252.138 | -0.278,0.070,0.000,0.000
cam0 extrinsics = -0.006,0.010,0.702,0.712 | 0.064,-0.012,0.013
cam1 extrinsics = -0.001,0.014,0.703,0.711 | -0.048,-0.012,0.012
q_GtoI = -0.688,-0.582,-0.308,0.306 | p_IinG = -0.663,-0.819,0.905 | dist = 52.04 (meters)
bg = -0.0045,0.0222,0.0759 | ba = -0.0144,0.0764,0.0790
camera-imu timeoffset = -0.00007
cam0 intrinsics = 461.675,460.782,366.928,245.011 | -0.277,0.069,0.001,0.000
cam1 intrinsics = 460.592,459.768,379.427,252.138 | -0.278,0.070,0.000,0.000
cam0 extrinsics = -0.006,0.010,0.702,0.712 | 0.064,-0.012,0.013
cam1 extrinsics = -0.001,0.014,0.703,0.711 | -0.048,-0.012,0.012
q_GtoI = -0.670,-0.582,-0.326,0.325 | p_IinG = -0.670,-0.790,0.914 | dist = 52.07 (meters)
bg = -0.0044,0.0218,0.0760 | ba = -0.0114,0.0754,0.0748
camera-imu timeoffset = -0.00007
cam0 intrinsics = 461.676,460.789,366.924,245.013 | -0.277,0.069,0.001,0.000
cam1 intrinsics = 460.593,459.775,379.424,252.140 | -0.278,0.070,0.000,0.000
cam0 extrinsics = -0.006,0.010,0.702,0.712 | 0.064,-0.012,0.013
cam1 extrinsics = -0.001,0.014,0.703,0.711 | -0.048,-0.012,0.012
q_GtoI = -0.649,-0.582,-0.346,0.346 | p_IinG = -0.671,-0.756,0.924 | dist = 52.11 (meters)
bg = -0.0046,0.0213,0.0761 | ba = -0.0098,0.0737,0.0740
camera-imu timeoffset = -0.00006
cam0 intrinsics = 461.686,460.806,366.919,245.012 | -0.277,0.069,0.001,0.000
cam1 intrinsics = 460.604,459.793,379.419,252.142 | -0.278,0.070,0.000,0.000
cam0 extrinsics = -0.006,0.010,0.702,0.712 | 0.064,-0.012,0.013
cam1 extrinsics = -0.001,0.014,0.703,0.711 | -0.048,-0.012,0.012
q_GtoI = -0.628,-0.581,-0.363,0.370 | p_IinG = -0.670,-0.719,0.938 | dist = 52.15 (meters)
bg = -0.0049,0.0210,0.0763 | ba = -0.0106,0.0730,0.0750
camera-imu timeoffset = -0.00006
cam0 intrinsics = 461.691,460.824,366.930,245.018 | -0.277,0.069,0.001,0.000
cam1 intrinsics = 460.609,459.811,379.431,252.157 | -0.278,0.070,0.000,0.000
cam0 extrinsics = -0.006,0.010,0.702,0.712 | 0.064,-0.012,0.013
cam1 extrinsics = -0.001,0.014,0.703,0.711 | -0.048,-0.012,0.012
q_GtoI = -0.603,-0.580,-0.381,0.393 | p_IinG = -0.667,-0.680,0.953 | dist = 52.19 (meters)
bg = -0.0053,0.0208,0.0763 | ba = -0.0119,0.0717,0.0775
camera-imu timeoffset = -0.00006
cam0 intrinsics = 461.691,460.833,366.934,245.016 | -0.277,0.069,0.001,0.000
cam1 intrinsics = 460.609,459.819,379.431,252.156 | -0.278,0.070,0.000,0.000
cam0 extrinsics = -0.006,0.010,0.702,0.712 | 0.064,-0.012,0.013
cam1 extrinsics = -0.001,0.014,0.703,0.711 | -0.048,-0.012,0.012
q_GtoI = -0.577,-0.580,-0.400,0.413 | p_IinG = -0.667,-0.637,0.970 | dist = 52.24 (meters)
bg = -0.0053,0.0207,0.0760 | ba = -0.0144,0.0721,0.0803
camera-imu timeoffset = -0.00007
cam0 intrinsics = 461.683,460.826,366.939,245.006 | -0.277,0.069,0.001,0.000
cam1 intrinsics = 460.601,459.813,379.437,252.145 | -0.278,0.070,0.000,0.000
cam0 extrinsics = -0.006,0.010,0.702,0.712 | 0.064,-0.012,0.013
cam1 extrinsics = -0.001,0.014,0.703,0.711 | -0.048,-0.012,0.012
q_GtoI = -0.552,-0.581,-0.414,0.431 | p_IinG = -0.667,-0.596,0.986 | dist = 52.28 (meters)
bg = -0.0055,0.0207,0.0755 | ba = -0.0167,0.0734,0.0835
camera-imu timeoffset = -0.00007
cam0 intrinsics = 461.674,460.816,366.950,245.006 | -0.277,0.069,0.001,0.000
cam1 intrinsics = 460.592,459.803,379.447,252.145 | -0.278,0.070,0.000,0.000
cam0 extrinsics = -0.006,0.010,0.702,0.712 | 0.064,-0.012,0.013
cam1 extrinsics = -0.001,0.014,0.703,0.711 | -0.048,-0.012,0.012
q_GtoI = -0.530,-0.585,-0.424,0.445 | p_IinG = -0.668,-0.556,1.003 | dist = 52.32 (meters)
bg = -0.0055,0.0208,0.0754 | ba = -0.0191,0.0745,0.0857
camera-imu timeoffset = -0.00007
cam0 intrinsics = 461.661,460.799,366.950,245.003 | -0.277,0.069,0.001,0.000
cam1 intrinsics = 460.580,459.788,379.454,252.146 | -0.278,0.070,0.000,0.000
cam0 extrinsics = -0.006,0.010,0.702,0.712 | 0.064,-0.012,0.013
cam1 extrinsics = -0.001,0.014,0.703,0.711 | -0.048,-0.012,0.012
q_GtoI = -0.508,-0.589,-0.430,0.458 | p_IinG = -0.670,-0.519,1.015 | dist = 52.36 (meters)
bg = -0.0056,0.0208,0.0752 | ba = -0.0189,0.0743,0.0855
camera-imu timeoffset = -0.00007
cam0 intrinsics = 461.664,460.799,366.953,245.006 | -0.277,0.069,0.001,0.000
cam1 intrinsics = 460.582,459.789,379.456,252.151 | -0.278,0.070,0.000,0.000
cam0 extrinsics = -0.006,0.010,0.702,0.712 | 0.064,-0.012,0.013
cam1 extrinsics = -0.001,0.014,0.703,0.711 | -0.048,-0.012,0.012
q_GtoI = -0.490,-0.595,-0.433,0.468 | p_IinG = -0.672,-0.486,1.025 | dist = 52.40 (meters)
bg = -0.0056,0.0208,0.0751 | ba = -0.0177,0.0736,0.0844
camera-imu timeoffset = -0.00007
cam0 intrinsics = 461.660,460.789,366.951,244.993 | -0.277,0.069,0.001,0.000
cam1 intrinsics = 460.579,459.780,379.457,252.139 | -0.278,0.070,0.000,0.000
cam0 extrinsics = -0.006,0.010,0.702,0.712 | 0.064,-0.012,0.013
cam1 extrinsics = -0.001,0.014,0.703,0.711 | -0.048,-0.012,0.012
q_GtoI = -0.474,-0.601,-0.430,0.478 | p_IinG = -0.676,-0.458,1.035 | dist = 52.43 (meters)
bg = -0.0056,0.0208,0.0750 | ba = -0.0175,0.0741,0.0839
camera-imu timeoffset = -0.00007
cam0 intrinsics = 461.662,460.791,366.950,244.996 | -0.277,0.069,0.001,0.000
cam1 intrinsics = 460.581,459.782,379.457,252.143 | -0.278,0.070,0.000,0.000
cam0 extrinsics = -0.006,0.010,0.702,0.712 | 0.064,-0.012,0.013
cam1 extrinsics = -0.001,0.014,0.703,0.711 | -0.048,-0.012,0.012
q_GtoI = -0.458,-0.606,-0.427,0.490 | p_IinG = -0.679,-0.437,1.046 | dist = 52.45 (meters)
bg = -0.0058,0.0207,0.0748 | ba = -0.0173,0.0747,0.0838
camera-imu timeoffset = -0.00007
cam0 intrinsics = 461.666,460.795,366.951,244.995 | -0.277,0.069,0.001,0.000
cam1 intrinsics = 460.586,459.787,379.455,252.145 | -0.278,0.070,0.000,0.000
cam0 extrinsics = -0.006,0.010,0.702,0.712 | 0.064,-0.012,0.013
cam1 extrinsics = -0.001,0.014,0.703,0.711 | -0.048,-0.012,0.012
q_GtoI = -0.441,-0.608,-0.424,0.505 | p_IinG = -0.685,-0.423,1.057 | dist = 52.47 (meters)
bg = -0.0060,0.0206,0.0747 | ba = -0.0174,0.0761,0.0825
camera-imu timeoffset = -0.00007
cam0 intrinsics = 461.670,460.799,366.953,244.993 | -0.277,0.069,0.001,0.000
cam1 intrinsics = 460.590,459.792,379.453,252.146 | -0.278,0.070,0.000,0.000
cam0 extrinsics = -0.006,0.010,0.702,0.712 | 0.064,-0.012,0.013
cam1 extrinsics = -0.001,0.015,0.703,0.711 | -0.048,-0.012,0.012
q_GtoI = -0.423,-0.608,-0.422,0.523 | p_IinG = -0.693,-0.411,1.071 | dist = 52.49 (meters)
bg = -0.0061,0.0207,0.0749 | ba = -0.0201,0.0768,0.0792
camera-imu timeoffset = -0.00007
cam0 intrinsics = 461.674,460.806,366.954,244.992 | -0.277,0.069,0.001,0.000
cam1 intrinsics = 460.595,459.798,379.447,252.147 | -0.278,0.070,0.000,0.000
cam0 extrinsics = -0.006,0.010,0.702,0.712 | 0.063,-0.012,0.012
cam1 extrinsics = -0.001,0.014,0.703,0.711 | -0.048,-0.012,0.012
q_GtoI = -0.404,-0.606,-0.420,0.542 | p_IinG = -0.700,-0.409,1.085 | dist = 52.50 (meters)
bg = -0.0061,0.0207,0.0750 | ba = -0.0216,0.0768,0.0777
camera-imu timeoffset = -0.00007
cam0 intrinsics = 461.676,460.811,366.954,244.997 | -0.277,0.069,0.001,0.000
cam1 intrinsics = 460.597,459.803,379.447,252.153 | -0.278,0.070,0.000,0.000
cam0 extrinsics = -0.006,0.010,0.702,0.712 | 0.063,-0.012,0.012
cam1 extrinsics = -0.001,0.014,0.703,0.711 | -0.048,-0.012,0.012
q_GtoI = -0.387,-0.605,-0.417,0.557 | p_IinG = -0.717,-0.417,1.114 | dist = 52.52 (meters)
bg = -0.0055,0.0214,0.0755 | ba = -0.0344,0.0881,0.0801
camera-imu timeoffset = -0.00007
cam0 intrinsics = 461.640,460.755,366.971,244.959 | -0.277,0.069,0.001,0.000
cam1 intrinsics = 460.562,459.747,379.448,252.115 | -0.278,0.070,0.000,0.000
cam0 extrinsics = -0.006,0.010,0.702,0.712 | 0.063,-0.013,0.012
cam1 extrinsics = -0.001,0.014,0.703,0.711 | -0.048,-0.013,0.011
q_GtoI = -0.374,-0.604,-0.413,0.570 | p_IinG = -0.724,-0.430,1.130 | dist = 52.54 (meters)
bg = -0.0054,0.0214,0.0754 | ba = -0.0371,0.0882,0.0778
camera-imu timeoffset = -0.00007
cam0 intrinsics = 461.641,460.759,366.971,244.967 | -0.277,0.069,0.001,0.000
cam1 intrinsics = 460.564,459.751,379.445,252.122 | -0.278,0.070,0.000,0.000
cam0 extrinsics = -0.006,0.010,0.702,0.712 | 0.063,-0.013,0.012
cam1 extrinsics = -0.001,0.014,0.703,0.711 | -0.048,-0.013,0.011
q_GtoI = -0.364,-0.604,-0.408,0.579 | p_IinG = -0.734,-0.452,1.146 | dist = 52.57 (meters)
bg = -0.0047,0.0214,0.0762 | ba = -0.0403,0.0870,0.0747
camera-imu timeoffset = -0.00008
cam0 intrinsics = 461.660,460.799,366.982,244.976 | -0.277,0.069,0.001,0.000
cam1 intrinsics = 460.584,459.788,379.453,252.139 | -0.278,0.070,0.000,0.000
cam0 extrinsics = -0.006,0.010,0.702,0.712 | 0.063,-0.013,0.012
cam1 extrinsics = -0.001,0.014,0.703,0.711 | -0.048,-0.013,0.011
q_GtoI = -0.361,-0.609,-0.401,0.581 | p_IinG = -0.742,-0.480,1.162 | dist = 52.60 (meters)
bg = -0.0041,0.0218,0.0762 | ba = -0.0420,0.0876,0.0723
camera-imu timeoffset = -0.00007
cam0 intrinsics = 461.648,460.795,366.995,244.995 | -0.277,0.069,0.001,0.000
cam1 intrinsics = 460.576,459.785,379.461,252.159 | -0.278,0.070,0.000,0.000
cam0 extrinsics = -0.006,0.010,0.702,0.712 | 0.063,-0.013,0.012
cam1 extrinsics = -0.001,0.014,0.703,0.711 | -0.048,-0.013,0.011
q_GtoI = -0.364,-0.617,-0.389,0.579 | p_IinG = -0.744,-0.516,1.174 | dist = 52.64 (meters)
bg = -0.0038,0.0221,0.0762 | ba = -0.0424,0.0844,0.0706
camera-imu timeoffset = -0.00007
cam0 intrinsics = 461.649,460.799,366.999,245.011 | -0.277,0.069,0.001,0.000
cam1 intrinsics = 460.578,459.790,379.464,252.176 | -0.278,0.070,0.000,0.000
cam0 extrinsics = -0.006,0.010,0.702,0.712 | 0.063,-0.013,0.012
cam1 extrinsics = -0.001,0.014,0.703,0.711 | -0.048,-0.013,0.011
q_GtoI = -0.370,-0.627,-0.377,0.573 | p_IinG = -0.749,-0.555,1.189 | dist = 52.69 (meters)
bg = -0.0031,0.0229,0.0760 | ba = -0.0431,0.0817,0.0682
camera-imu timeoffset = -0.00007
cam0 intrinsics = 461.652,460.802,367.005,245.017 | -0.277,0.069,0.001,0.000
cam1 intrinsics = 460.587,459.795,379.468,252.186 | -0.278,0.070,0.000,0.000
cam0 extrinsics = -0.006,0.010,0.702,0.712 | 0.064,-0.013,0.012
cam1 extrinsics = -0.001,0.014,0.703,0.711 | -0.048,-0.014,0.011
q_GtoI = -0.377,-0.638,-0.363,0.565 | p_IinG = -0.747,-0.605,1.199 | dist = 52.75 (meters)
bg = -0.0029,0.0229,0.0760 | ba = -0.0422,0.0778,0.0658
camera-imu timeoffset = -0.00007
cam0 intrinsics = 461.655,460.807,367.005,245.024 | -0.277,0.069,0.001,0.000
cam1 intrinsics = 460.592,459.800,379.466,252.192 | -0.278,0.070,0.000,0.000
cam0 extrinsics = -0.006,0.010,0.702,0.712 | 0.064,-0.013,0.012
cam1 extrinsics = -0.001,0.014,0.703,0.711 | -0.048,-0.014,0.011
q_GtoI = -0.386,-0.650,-0.350,0.553 | p_IinG = -0.740,-0.663,1.208 | dist = 52.81 (meters)
bg = -0.0029,0.0227,0.0758 | ba = -0.0405,0.0766,0.0645
camera-imu timeoffset = -0.00007
cam0 intrinsics = 461.657,460.812,367.004,245.029 | -0.277,0.069,0.001,0.000
cam1 intrinsics = 460.594,459.804,379.467,252.198 | -0.278,0.070,0.000,0.000
cam0 extrinsics = -0.006,0.010,0.702,0.712 | 0.064,-0.013,0.012
cam1 extrinsics = -0.001,0.014,0.703,0.711 | -0.048,-0.014,0.011
q_GtoI = -0.396,-0.662,-0.337,0.539 | p_IinG = -0.733,-0.723,1.216 | dist = 52.87 (meters)
bg = -0.0029,0.0227,0.0758 | ba = -0.0375,0.0745,0.0631
camera-imu timeoffset = -0.00007
cam0 intrinsics = 461.660,460.820,367.015,245.038 | -0.277,0.069,0.001,0.000
cam1 intrinsics = 460.598,459.809,379.472,252.213 | -0.278,0.070,0.000,0.000
cam0 extrinsics = -0.006,0.010,0.702,0.712 | 0.064,-0.013,0.011
cam1 extrinsics = -0.001,0.014,0.703,0.711 | -0.048,-0.014,0.011
q_GtoI = -0.406,-0.676,-0.324,0.523 | p_IinG = -0.722,-0.790,1.220 | dist = 52.94 (meters)
bg = -0.0030,0.0221,0.0759 | ba = -0.0339,0.0732,0.0639
camera-imu timeoffset = -0.00007
cam0 intrinsics = 461.650,460.809,367.013,245.033 | -0.277,0.069,0.001,0.000
cam1 intrinsics = 460.585,459.797,379.474,252.206 | -0.278,0.070,0.000,0.000
cam0 extrinsics = -0.006,0.010,0.702,0.712 | 0.063,-0.013,0.011
cam1 extrinsics = -0.001,0.014,0.703,0.711 | -0.048,-0.014,0.010
q_GtoI = -0.416,-0.689,-0.312,0.505 | p_IinG = -0.711,-0.858,1.225 | dist = 53.01 (meters)
bg = -0.0030,0.0218,0.0762 | ba = -0.0319,0.0759,0.0659
camera-imu timeoffset = -0.00007
cam0 intrinsics = 461.660,460.803,367.019,245.023 | -0.277,0.069,0.001,0.000
cam1 intrinsics = 460.595,459.791,379.475,252.195 | -0.278,0.070,0.000,0.000
cam0 extrinsics = -0.006,0.010,0.702,0.712 | 0.063,-0.013,0.011
cam1 extrinsics = -0.001,0.014,0.703,0.711 | -0.048,-0.014,0.010
q_GtoI = -0.426,-0.700,-0.301,0.488 | p_IinG = -0.699,-0.929,1.227 | dist = 53.08 (meters)
bg = -0.0031,0.0216,0.0763 | ba = -0.0302,0.0780,0.0669
camera-imu timeoffset = -0.00007
cam0 intrinsics = 461.658,460.801,367.018,245.025 | -0.277,0.069,0.001,0.000
cam1 intrinsics = 460.593,459.791,379.473,252.198 | -0.278,0.070,0.000,0.000
cam0 extrinsics = -0.006,0.010,0.702,0.712 | 0.063,-0.014,0.011
cam1 extrinsics = -0.001,0.014,0.703,0.711 | -0.048,-0.014,0.010
q_GtoI = -0.435,-0.710,-0.289,0.472 | p_IinG = -0.688,-0.998,1.226 | dist = 53.14 (meters)
bg = -0.0031,0.0213,0.0760 | ba = -0.0293,0.0788,0.0677
camera-imu timeoffset = -0.00007
cam0 intrinsics = 461.647,460.792,367.023,245.024 | -0.277,0.069,0.001,0.000
cam1 intrinsics = 460.585,459.785,379.485,252.195 | -0.278,0.070,0.000,0.000
cam0 extrinsics = -0.006,0.010,0.702,0.712 | 0.063,-0.014,0.011
cam1 extrinsics = -0.001,0.014,0.703,0.711 | -0.048,-0.014,0.010
q_GtoI = -0.445,-0.719,-0.278,0.457 | p_IinG = -0.678,-1.067,1.220 | dist = 53.21 (meters)
bg = -0.0032,0.0210,0.0759 | ba = -0.0280,0.0797,0.0685
camera-imu timeoffset = -0.00007
cam0 intrinsics = 461.640,460.781,367.033,245.014 | -0.277,0.069,0.001,0.000
cam1 intrinsics = 460.579,459.774,379.492,252.187 | -0.278,0.070,0.000,0.000
cam0 extrinsics = -0.006,0.010,0.702,0.712 | 0.063,-0.014,0.011
cam1 extrinsics = -0.001,0.014,0.703,0.711 | -0.049,-0.014,0.010
q_GtoI = -0.454,-0.727,-0.266,0.441 | p_IinG = -0.669,-1.135,1.213 | dist = 53.28 (meters)
bg = -0.0032,0.0209,0.0759 | ba = -0.0270,0.0816,0.0687
camera-imu timeoffset = -0.00008
cam0 intrinsics = 461.631,460.777,367.033,245.007 | -0.277,0.069,0.001,0.000
cam1 intrinsics = 460.569,459.769,379.491,252.183 | -0.278,0.070,0.000,0.000
cam0 extrinsics = -0.006,0.010,0.702,0.712 | 0.063,-0.014,0.011
cam1 extrinsics = -0.001,0.014,0.703,0.711 | -0.049,-0.014,0.010
q_GtoI = -0.464,-0.735,-0.253,0.426 | p_IinG = -0.661,-1.200,1.201 | dist = 53.35 (meters)
bg = -0.0033,0.0206,0.0759 | ba = -0.0266,0.0828,0.0695
camera-imu timeoffset = -0.00008
cam0 intrinsics = 461.614,460.760,367.033,245.002 | -0.277,0.069,0.001,0.000
cam1 intrinsics = 460.552,459.753,379.488,252.177 | -0.278,0.070,0.000,0.000
cam0 extrinsics = -0.006,0.010,0.702,0.712 | 0.063,-0.014,0.011
cam1 extrinsics = -0.001,0.014,0.703,0.711 | -0.049,-0.014,0.010
q_GtoI = -0.473,-0.742,-0.240,0.410 | p_IinG = -0.653,-1.262,1.187 | dist = 53.41 (meters)
bg = -0.0035,0.0203,0.0758 | ba = -0.0258,0.0854,0.0708
camera-imu timeoffset = -0.00008
cam0 intrinsics = 461.602,460.748,367.032,244.994 | -0.277,0.069,0.001,0.000
cam1 intrinsics = 460.540,459.740,379.483,252.168 | -0.278,0.070,0.000,0.000
cam0 extrinsics = -0.006,0.010,0.702,0.712 | 0.063,-0.014,0.011
cam1 extrinsics = -0.001,0.014,0.703,0.711 | -0.049,-0.014,0.010
q_GtoI = -0.481,-0.750,-0.228,0.393 | p_IinG = -0.649,-1.317,1.171 | dist = 53.46 (meters)
bg = -0.0035,0.0202,0.0757 | ba = -0.0251,0.0867,0.0709
camera-imu timeoffset = -0.00008
cam0 intrinsics = 461.585,460.741,367.008,245.022 | -0.277,0.069,0.001,0.000
cam1 intrinsics = 460.524,459.733,379.453,252.195 | -0.278,0.070,0.000,0.000
cam0 extrinsics = -0.006,0.010,0.702,0.712 | 0.063,-0.014,0.011
cam1 extrinsics = -0.001,0.014,0.703,0.711 | -0.049,-0.014,0.010
q_GtoI = -0.488,-0.756,-0.218,0.379 | p_IinG = -0.646,-1.366,1.154 | dist = 53.51 (meters)
bg = -0.0037,0.0201,0.0757 | ba = -0.0243,0.0884,0.0713
camera-imu timeoffset = -0.00008
cam0 intrinsics = 461.590,460.742,367.003,245.031 | -0.277,0.069,0.001,0.000
cam1 intrinsics = 460.529,459.735,379.444,252.202 | -0.278,0.070,0.000,0.000
cam0 extrinsics = -0.006,0.010,0.702,0.712 | 0.063,-0.014,0.011
cam1 extrinsics = -0.001,0.014,0.703,0.711 | -0.049,-0.014,0.010
q_GtoI = -0.493,-0.761,-0.209,0.365 | p_IinG = -0.646,-1.409,1.136 | dist = 53.56 (meters)
bg = -0.0038,0.0198,0.0757 | ba = -0.0239,0.0912,0.0712
camera-imu timeoffset = -0.00008
cam0 intrinsics = 461.587,460.738,367.003,245.030 | -0.277,0.069,0.001,0.000
cam1 intrinsics = 460.528,459.731,379.440,252.202 | -0.278,0.070,0.000,0.000
cam0 extrinsics = -0.006,0.010,0.702,0.712 | 0.063,-0.014,0.011
cam1 extrinsics = -0.001,0.014,0.703,0.711 | -0.048,-0.014,0.010
q_GtoI = -0.498,-0.766,-0.202,0.353 | p_IinG = -0.651,-1.442,1.116 | dist = 53.59 (meters)
bg = -0.0038,0.0196,0.0755 | ba = -0.0232,0.0928,0.0700
camera-imu timeoffset = -0.00007
cam0 intrinsics = 461.595,460.743,366.999,245.038 | -0.277,0.069,0.001,0.000
cam1 intrinsics = 460.535,459.735,379.433,252.207 | -0.278,0.070,0.000,0.000
cam0 extrinsics = -0.006,0.010,0.702,0.712 | 0.063,-0.014,0.011
cam1 extrinsics = -0.001,0.014,0.703,0.711 | -0.048,-0.014,0.010
q_GtoI = -0.500,-0.770,-0.197,0.343 | p_IinG = -0.657,-1.469,1.096 | dist = 53.63 (meters)
bg = -0.0039,0.0195,0.0754 | ba = -0.0213,0.0961,0.0693
camera-imu timeoffset = -0.00007
cam0 intrinsics = 461.604,460.749,366.997,245.041 | -0.277,0.069,0.001,0.000
cam1 intrinsics = 460.546,459.743,379.427,252.210 | -0.278,0.070,0.000,0.000
cam0 extrinsics = -0.006,0.010,0.702,0.712 | 0.063,-0.014,0.011
cam1 extrinsics = -0.001,0.014,0.703,0.711 | -0.048,-0.014,0.010
q_GtoI = -0.503,-0.773,-0.193,0.334 | p_IinG = -0.672,-1.480,1.074 | dist = 53.65 (meters)
bg = -0.0035,0.0197,0.0755 | ba = -0.0200,0.0967,0.0664
camera-imu timeoffset = -0.00008
cam0 intrinsics = 461.597,460.741,367.007,245.077 | -0.277,0.069,0.001,0.000
cam1 intrinsics = 460.539,459.736,379.443,252.239 | -0.278,0.070,0.000,0.000
cam0 extrinsics = -0.006,0.010,0.702,0.712 | 0.063,-0.014,0.011
cam1 extrinsics = -0.001,0.014,0.703,0.711 | -0.048,-0.014,0.010
q_GtoI = -0.501,-0.776,-0.194,0.330 | p_IinG = -0.689,-1.484,1.055 | dist = 53.68 (meters)
bg = -0.0034,0.0197,0.0755 | ba = -0.0202,0.0992,0.0648
camera-imu timeoffset = -0.00008
cam0 intrinsics = 461.592,460.736,367.001,245.084 | -0.277,0.069,0.001,0.000
cam1 intrinsics = 460.536,459.733,379.448,252.243 | -0.278,0.070,0.000,0.000
cam0 extrinsics = -0.006,0.010,0.702,0.712 | 0.063,-0.014,0.011
cam1 extrinsics = -0.001,0.014,0.703,0.711 | -0.048,-0.014,0.010
q_GtoI = -0.498,-0.775,-0.199,0.333 | p_IinG = -0.716,-1.477,1.033 | dist = 53.71 (meters)
bg = -0.0031,0.0195,0.0752 | ba = -0.0194,0.1019,0.0576
camera-imu timeoffset = -0.00008
cam0 intrinsics = 461.600,460.739,366.981,245.095 | -0.277,0.069,0.001,0.000
cam1 intrinsics = 460.539,459.734,379.439,252.251 | -0.278,0.070,0.000,0.000
cam0 extrinsics = -0.006,0.010,0.702,0.712 | 0.063,-0.014,0.011
cam1 extrinsics = -0.001,0.014,0.703,0.711 | -0.048,-0.014,0.010
q_GtoI = -0.493,-0.771,-0.208,0.345 | p_IinG = -0.743,-1.458,1.015 | dist = 53.74 (meters)
bg = -0.0029,0.0191,0.0754 | ba = -0.0194,0.1025,0.0570
camera-imu timeoffset = -0.00007
cam0 intrinsics = 461.604,460.742,366.980,245.100 | -0.277,0.069,0.001,0.000
cam1 intrinsics = 460.541,459.735,379.440,252.253 | -0.278,0.070,0.000,0.000
cam0 extrinsics = -0.006,0.010,0.702,0.712 | 0.063,-0.014,0.011
cam1 extrinsics = -0.001,0.014,0.703,0.711 | -0.048,-0.014,0.010
q_GtoI = -0.484,-0.762,-0.224,0.368 | p_IinG = -0.775,-1.428,1.000 | dist = 53.79 (meters)
bg = -0.0027,0.0189,0.0757 | ba = -0.0180,0.1023,0.0552
camera-imu timeoffset = -0.00007
cam0 intrinsics = 461.605,460.746,366.978,245.104 | -0.277,0.069,0.001,0.000
cam1 intrinsics = 460.541,459.739,379.439,252.254 | -0.278,0.070,0.000,0.000
cam0 extrinsics = -0.006,0.010,0.702,0.712 | 0.063,-0.014,0.011
cam1 extrinsics = -0.001,0.014,0.703,0.711 | -0.048,-0.014,0.010
q_GtoI = -0.473,-0.750,-0.240,0.396 | p_IinG = -0.810,-1.389,0.985 | dist = 53.84 (meters)
bg = -0.0026,0.0182,0.0764 | ba = -0.0149,0.0998,0.0522
camera-imu timeoffset = -0.00006
cam0 intrinsics = 461.606,460.759,366.972,245.115 | -0.277,0.069,0.001,0.000
cam1 intrinsics = 460.542,459.750,379.435,252.262 | -0.278,0.070,0.000,0.000
cam0 extrinsics = -0.006,0.010,0.702,0.712 | 0.063,-0.014,0.011
cam1 extrinsics = -0.001,0.014,0.703,0.711 | -0.048,-0.014,0.010
q_GtoI = -0.458,-0.738,-0.257,0.424 | p_IinG = -0.849,-1.347,0.973 | dist = 53.90 (meters)
bg = -0.0025,0.0180,0.0768 | ba = -0.0121,0.0998,0.0496
camera-imu timeoffset = -0.00006
cam0 intrinsics = 461.600,460.758,366.972,245.119 | -0.277,0.069,0.001,0.000
cam1 intrinsics = 460.535,459.748,379.433,252.264 | -0.278,0.070,0.000,0.000
cam0 extrinsics = -0.006,0.010,0.702,0.712 | 0.063,-0.014,0.011
cam1 extrinsics = -0.001,0.014,0.703,0.711 | -0.048,-0.014,0.010
q_GtoI = -0.442,-0.726,-0.272,0.451 | p_IinG = -0.890,-1.300,0.964 | dist = 53.97 (meters)
bg = -0.0024,0.0181,0.0773 | ba = -0.0095,0.1005,0.0484
camera-imu timeoffset = -0.00005
cam0 intrinsics = 461.578,460.746,366.976,245.126 | -0.277,0.069,0.001,0.000
cam1 intrinsics = 460.513,459.734,379.429,252.261 | -0.278,0.070,0.000,0.000
cam0 extrinsics = -0.006,0.010,0.702,0.712 | 0.063,-0.014,0.011
cam1 extrinsics = -0.001,0.014,0.703,0.711 | -0.048,-0.014,0.011
q_GtoI = -0.426,-0.713,-0.285,0.478 | p_IinG = -0.933,-1.252,0.955 | dist = 54.03 (meters)
bg = -0.0023,0.0183,0.0774 | ba = -0.0082,0.1010,0.0465
camera-imu timeoffset = -0.00005
cam0 intrinsics = 461.566,460.735,366.973,245.128 | -0.277,0.069,0.001,0.000
cam1 intrinsics = 460.499,459.721,379.421,252.261 | -0.278,0.070,0.000,0.000
cam0 extrinsics = -0.006,0.010,0.702,0.712 | 0.063,-0.014,0.011
cam1 extrinsics = -0.001,0.014,0.703,0.711 | -0.048,-0.014,0.010
q_GtoI = -0.407,-0.701,-0.298,0.504 | p_IinG = -0.979,-1.204,0.943 | dist = 54.10 (meters)
bg = -0.0020,0.0182,0.0773 | ba = -0.0068,0.1023,0.0423
camera-imu timeoffset = -0.00005
cam0 intrinsics = 461.577,460.747,366.957,245.136 | -0.277,0.069,0.001,0.000
cam1 intrinsics = 460.507,459.730,379.401,252.266 | -0.278,0.070,0.000,0.000
cam0 extrinsics = -0.006,0.010,0.702,0.712 | 0.063,-0.014,0.011
cam1 extrinsics = -0.001,0.014,0.703,0.711 | -0.048,-0.014,0.011
q_GtoI = -0.391,-0.689,-0.306,0.527 | p_IinG = -1.025,-1.156,0.929 | dist = 54.16 (meters)
bg = -0.0018,0.0183,0.0772 | ba = -0.0050,0.1015,0.0371
camera-imu timeoffset = -0.00004
cam0 intrinsics = 461.586,460.758,366.951,245.141 | -0.277,0.069,0.001,0.000
cam1 intrinsics = 460.514,459.739,379.392,252.270 | -0.278,0.070,0.000,0.000
cam0 extrinsics = -0.006,0.010,0.702,0.712 | 0.063,-0.015,0.012
cam1 extrinsics = -0.001,0.014,0.703,0.711 | -0.048,-0.015,0.011
q_GtoI = -0.375,-0.678,-0.312,0.549 | p_IinG = -1.067,-1.108,0.919 | dist = 54.23 (meters)
bg = -0.0018,0.0185,0.0773 | ba = -0.0054,0.1002,0.0372
camera-imu timeoffset = -0.00004
cam0 intrinsics = 461.575,460.752,366.940,245.168 | -0.277,0.069,0.001,0.000
cam1 intrinsics = 460.500,459.730,379.372,252.296 | -0.278,0.070,0.000,0.000
cam0 extrinsics = -0.006,0.010,0.702,0.712 | 0.063,-0.015,0.011
cam1 extrinsics = -0.000,0.014,0.703,0.711 | -0.048,-0.015,0.011
q_GtoI = -0.359,-0.670,-0.317,0.568 | p_IinG = -1.108,-1.065,0.909 | dist = 54.28 (meters)
bg = -0.0019,0.0188,0.0773 | ba = -0.0063,0.0995,0.0367
camera-imu timeoffset = -0.00004
cam0 intrinsics = 461.558,460.738,366.940,245.183 | -0.277,0.069,0.001,0.000
cam1 intrinsics = 460.482,459.715,379.370,252.311 | -0.278,0.070,0.000,0.000
cam0 extrinsics = -0.006,0.010,0.702,0.712 | 0.063,-0.015,0.011
cam1 extrinsics = -0.000,0.014,0.703,0.711 | -0.049,-0.015,0.011
q_GtoI = -0.344,-0.663,-0.319,0.583 | p_IinG = -1.146,-1.027,0.897 | dist = 54.34 (meters)
bg = -0.0017,0.0191,0.0772 | ba = -0.0054,0.0995,0.0371
camera-imu timeoffset = -0.00004
cam0 intrinsics = 461.545,460.729,366.952,245.211 | -0.277,0.069,0.001,0.000
cam1 intrinsics = 460.470,459.706,379.379,252.338 | -0.278,0.070,0.000,0.000
cam0 extrinsics = -0.006,0.010,0.702,0.712 | 0.063,-0.015,0.011
cam1 extrinsics = -0.001,0.014,0.703,0.711 | -0.049,-0.015,0.011
q_GtoI = -0.331,-0.658,-0.320,0.596 | p_IinG = -1.182,-0.991,0.889 | dist = 54.39 (meters)
bg = -0.0017,0.0200,0.0770 | ba = -0.0058,0.1010,0.0384
camera-imu timeoffset = -0.00004
cam0 intrinsics = 461.545,460.698,366.949,245.215 | -0.277,0.069,0.001,0.000
cam1 intrinsics = 460.468,459.671,379.372,252.339 | -0.278,0.070,0.000,0.000
cam0 extrinsics = -0.006,0.010,0.702,0.712 | 0.063,-0.015,0.011
cam1 extrinsics = -0.001,0.014,0.703,0.711 | -0.049,-0.015,0.010
q_GtoI = -0.318,-0.653,-0.320,0.608 | p_IinG = -1.215,-0.965,0.875 | dist = 54.43 (meters)
bg = -0.0017,0.0200,0.0770 | ba = -0.0056,0.1011,0.0385
camera-imu timeoffset = -0.00004
cam0 intrinsics = 461.549,460.704,366.946,245.225 | -0.277,0.069,0.001,0.000
cam1 intrinsics = 460.471,459.674,379.363,252.350 | -0.278,0.070,0.000,0.000
cam0 extrinsics = -0.006,0.010,0.702,0.712 | 0.063,-0.015,0.011
cam1 extrinsics = -0.001,0.014,0.703,0.711 | -0.049,-0.015,0.010
q_GtoI = -0.306,-0.645,-0.318,0.624 | p_IinG = -1.244,-0.945,0.863 | dist = 54.47 (meters)
bg = -0.0016,0.0201,0.0769 | ba = -0.0054,0.1013,0.0389
camera-imu timeoffset = -0.00004
cam0 intrinsics = 461.548,460.703,366.951,245.228 | -0.277,0.069,0.001,0.000
cam1 intrinsics = 460.469,459.672,379.366,252.353 | -0.278,0.070,0.000,0.000
cam0 extrinsics = -0.006,0.010,0.702,0.712 | 0.063,-0.015,0.011
cam1 extrinsics = -0.001,0.014,0.703,0.711 | -0.049,-0.015,0.010
q_GtoI = -0.293,-0.639,-0.316,0.637 | p_IinG = -1.264,-0.929,0.860 | dist = 54.50 (meters)
bg = -0.0016,0.0211,0.0769 | ba = -0.0085,0.1018,0.0444
camera-imu timeoffset = -0.00004
cam0 intrinsics = 461.533,460.689,366.972,245.249 | -0.277,0.069,0.001,0.000
cam1 intrinsics = 460.449,459.654,379.384,252.371 | -0.278,0.069,0.000,0.000
cam0 extrinsics = -0.006,0.010,0.702,0.712 | 0.063,-0.015,0.011
cam1 extrinsics = -0.001,0.014,0.703,0.711 | -0.049,-0.015,0.010
q_GtoI = -0.283,-0.636,-0.310,0.648 | p_IinG = -1.277,-0.920,0.851 | dist = 54.52 (meters)
bg = -0.0023,0.0215,0.0769 | ba = -0.0086,0.0998,0.0468
camera-imu timeoffset = -0.00003
cam0 intrinsics = 461.556,460.706,366.979,245.255 | -0.277,0.069,0.001,0.000
cam1 intrinsics = 460.468,459.666,379.388,252.375 | -0.278,0.069,0.000,0.000
cam0 extrinsics = -0.006,0.010,0.702,0.712 | 0.063,-0.015,0.011
cam1 extrinsics = -0.001,0.014,0.703,0.711 | -0.049,-0.015,0.011
q_GtoI = -0.277,-0.637,-0.301,0.654 | p_IinG = -1.288,-0.923,0.836 | dist = 54.54 (meters)
bg = -0.0024,0.0215,0.0769 | ba = -0.0070,0.1005,0.0489
camera-imu timeoffset = -0.00003
cam0 intrinsics = 461.564,460.711,366.982,245.251 | -0.277,0.069,0.001,0.000
cam1 intrinsics = 460.474,459.670,379.393,252.370 | -0.278,0.070,0.000,0.000
cam0 extrinsics = -0.006,0.010,0.702,0.712 | 0.063,-0.015,0.011
cam1 extrinsics = -0.001,0.014,0.703,0.711 | -0.049,-0.015,0.011
q_GtoI = -0.272,-0.641,-0.289,0.657 | p_IinG = -1.293,-0.934,0.823 | dist = 54.56 (meters)
bg = -0.0026,0.0215,0.0769 | ba = -0.0071,0.1010,0.0500
camera-imu timeoffset = -0.00003
cam0 intrinsics = 461.569,460.713,366.985,245.248 | -0.277,0.069,0.001,0.000
cam1 intrinsics = 460.479,459.670,379.395,252.367 | -0.278,0.070,0.000,0.000
cam0 extrinsics = -0.006,0.010,0.702,0.712 | 0.063,-0.015,0.011
cam1 extrinsics = -0.001,0.014,0.703,0.711 | -0.049,-0.015,0.011
q_GtoI = -0.270,-0.648,-0.274,0.657 | p_IinG = -1.290,-0.952,0.806 | dist = 54.59 (meters)
bg = -0.0029,0.0213,0.0767 | ba = -0.0049,0.1005,0.0515
camera-imu timeoffset = -0.00003
cam0 intrinsics = 461.580,460.720,366.981,245.240 | -0.277,0.069,0.001,0.000
cam1 intrinsics = 460.489,459.675,379.393,252.359 | -0.278,0.070,0.000,0.000
cam0 extrinsics = -0.006,0.010,0.702,0.712 | 0.063,-0.015,0.012
cam1 extrinsics = -0.001,0.014,0.703,0.711 | -0.049,-0.015,0.011
q_GtoI = -0.270,-0.658,-0.257,0.654 | p_IinG = -1.283,-0.984,0.782 | dist = 54.62 (meters)
bg = -0.0026,0.0203,0.0762 | ba = -0.0002,0.1017,0.0526
camera-imu timeoffset = -0.00004
cam0 intrinsics = 461.596,460.737,366.978,245.218 | -0.277,0.069,0.001,0.000
cam1 intrinsics = 460.501,459.689,379.395,252.341 | -0.278,0.070,0.000,0.000
cam0 extrinsics = -0.006,0.010,0.702,0.712 | 0.063,-0.015,0.012
cam1 extrinsics = -0.001,0.014,0.703,0.711 | -0.048,-0.015,0.011
q_GtoI = -0.271,-0.672,-0.238,0.647 | p_IinG = -1.269,-1.020,0.763 | dist = 54.66 (meters)
bg = -0.0026,0.0197,0.0761 | ba = -0.0012,0.1032,0.0529
camera-imu timeoffset = -0.00004
cam0 intrinsics = 461.613,460.739,367.025,245.172 | -0.277,0.069,0.001,0.000
cam1 intrinsics = 460.519,459.690,379.437,252.297 | -0.278,0.070,0.000,0.000
cam0 extrinsics = -0.006,0.010,0.702,0.712 | 0.063,-0.015,0.012
cam1 extrinsics = -0.001,0.014,0.703,0.711 | -0.048,-0.015,0.011
q_GtoI = -0.274,-0.687,-0.215,0.638 | p_IinG = -1.251,-1.062,0.746 | dist = 54.70 (meters)
bg = -0.0025,0.0193,0.0765 | ba = -0.0026,0.1057,0.0523
camera-imu timeoffset = -0.00005
cam0 intrinsics = 461.624,460.739,367.045,245.147 | -0.277,0.069,0.001,0.000
cam1 intrinsics = 460.530,459.688,379.454,252.273 | -0.278,0.070,0.000,0.000
cam0 extrinsics = -0.006,0.010,0.702,0.712 | 0.063,-0.015,0.012
cam1 extrinsics = -0.001,0.014,0.703,0.711 | -0.048,-0.015,0.011
q_GtoI = -0.277,-0.703,-0.190,0.627 | p_IinG = -1.227,-1.107,0.728 | dist = 54.75 (meters)
bg = -0.0025,0.0188,0.0766 | ba = -0.0041,0.1076,0.0529
camera-imu timeoffset = -0.00005
cam0 intrinsics = 461.615,460.725,367.043,245.147 | -0.277,0.069,0.001,0.000
cam1 intrinsics = 460.519,459.674,379.463,252.275 | -0.278,0.070,0.000,0.000
cam0 extrinsics = -0.006,0.010,0.702,0.712 | 0.063,-0.015,0.012
cam1 extrinsics = -0.001,0.014,0.703,0.711 | -0.048,-0.015,0.011
q_GtoI = -0.280,-0.718,-0.166,0.614 | p_IinG = -1.199,-1.152,0.711 | dist = 54.81 (meters)
bg = -0.0025,0.0187,0.0766 | ba = -0.0052,0.1078,0.0515
camera-imu timeoffset = -0.00005
cam0 intrinsics = 461.615,460.722,367.044,245.151 | -0.277,0.069,0.001,0.000
cam1 intrinsics = 460.520,459.671,379.463,252.279 | -0.278,0.069,0.000,0.000
cam0 extrinsics = -0.006,0.010,0.702,0.712 | 0.063,-0.015,0.012
cam1 extrinsics = -0.001,0.014,0.703,0.711 | -0.048,-0.015,0.011
q_GtoI = -0.281,-0.734,-0.145,0.601 | p_IinG = -1.165,-1.197,0.695 | dist = 54.87 (meters)
bg = -0.0026,0.0185,0.0768 | ba = -0.0070,0.1086,0.0516
camera-imu timeoffset = -0.00005
cam0 intrinsics = 461.613,460.712,367.047,245.152 | -0.277,0.069,0.001,0.000
cam1 intrinsics = 460.518,459.661,379.466,252.279 | -0.278,0.069,0.000,0.000
cam0 extrinsics = -0.006,0.010,0.702,0.712 | 0.064,-0.015,0.012
cam1 extrinsics = -0.001,0.014,0.703,0.711 | -0.048,-0.015,0.011
q_GtoI = -0.279,-0.752,-0.129,0.583 | p_IinG = -1.129,-1.241,0.678 | dist = 54.93 (meters)
bg = -0.0025,0.0184,0.0772 | ba = -0.0077,0.1087,0.0516
camera-imu timeoffset = -0.00005
cam0 intrinsics = 461.623,460.715,367.050,245.154 | -0.277,0.069,0.001,0.000
cam1 intrinsics = 460.525,459.659,379.471,252.278 | -0.278,0.069,0.000,0.000
cam0 extrinsics = -0.006,0.010,0.702,0.712 | 0.064,-0.015,0.012
cam1 extrinsics = -0.001,0.014,0.703,0.711 | -0.048,-0.015,0.011
q_GtoI = -0.275,-0.768,-0.116,0.567 | p_IinG = -1.090,-1.285,0.661 | dist = 54.99 (meters)
bg = -0.0024,0.0182,0.0771 | ba = -0.0067,0.1101,0.0531
camera-imu timeoffset = -0.00005
cam0 intrinsics = 461.621,460.712,367.054,245.146 | -0.277,0.069,0.001,0.000
cam1 intrinsics = 460.525,459.658,379.476,252.270 | -0.278,0.070,0.000,0.000
cam0 extrinsics = -0.006,0.010,0.702,0.712 | 0.064,-0.015,0.012
cam1 extrinsics = -0.001,0.014,0.703,0.711 | -0.048,-0.015,0.011
q_GtoI = -0.265,-0.783,-0.110,0.551 | p_IinG = -1.050,-1.325,0.644 | dist = 55.05 (meters)
bg = -0.0023,0.0181,0.0771 | ba = -0.0065,0.1114,0.0537
camera-imu timeoffset = -0.00005
cam0 intrinsics = 461.621,460.710,367.062,245.142 | -0.277,0.069,0.001,0.000
cam1 intrinsics = 460.525,459.656,379.484,252.267 | -0.278,0.070,0.000,0.000
cam0 extrinsics = -0.006,0.010,0.702,0.712 | 0.063,-0.015,0.012
cam1 extrinsics = -0.001,0.014,0.703,0.711 | -0.048,-0.015,0.011
q_GtoI = -0.253,-0.798,-0.109,0.536 | p_IinG = -1.013,-1.364,0.630 | dist = 55.10 (meters)
bg = -0.0021,0.0181,0.0771 | ba = -0.0083,0.1132,0.0528
camera-imu timeoffset = -0.00005
cam0 intrinsics = 461.613,460.714,367.070,245.147 | -0.277,0.069,0.001,0.000
cam1 intrinsics = 460.517,459.659,379.492,252.271 | -0.278,0.070,0.000,0.000
cam0 extrinsics = -0.006,0.010,0.702,0.712 | 0.063,-0.015,0.012
cam1 extrinsics = -0.001,0.014,0.703,0.711 | -0.048,-0.015,0.011
q_GtoI = -0.240,-0.811,-0.110,0.522 | p_IinG = -0.981,-1.408,0.622 | dist = 55.16 (meters)
bg = -0.0013,0.0181,0.0768 | ba = -0.0157,0.1201,0.0504
camera-imu timeoffset = -0.00005
cam0 intrinsics = 461.595,460.723,367.069,245.169 | -0.277,0.069,0.001,0.000
cam1 intrinsics = 460.500,459.669,379.490,252.291 | -0.278,0.070,0.000,0.000
cam0 extrinsics = -0.006,0.010,0.702,0.712 | 0.063,-0.015,0.012
cam1 extrinsics = -0.001,0.014,0.703,0.711 | -0.048,-0.015,0.011
q_GtoI = -0.227,-0.824,-0.108,0.507 | p_IinG = -0.945,-1.441,0.606 | dist = 55.21 (meters)
bg = -0.0010,0.0178,0.0769 | ba = -0.0165,0.1207,0.0502
camera-imu timeoffset = -0.00004
cam0 intrinsics = 461.587,460.721,367.080,245.166 | -0.277,0.069,0.001,0.000
cam1 intrinsics = 460.491,459.667,379.500,252.289 | -0.278,0.070,0.000,0.000
cam0 extrinsics = -0.006,0.010,0.702,0.712 | 0.063,-0.015,0.012
cam1 extrinsics = -0.001,0.014,0.703,0.711 | -0.048,-0.015,0.011
q_GtoI = -0.217,-0.839,-0.104,0.489 | p_IinG = -0.912,-1.472,0.589 | dist = 55.26 (meters)
bg = -0.0008,0.0175,0.0770 | ba = -0.0172,0.1208,0.0489
camera-imu timeoffset = -0.00005
cam0 intrinsics = 461.583,460.719,367.083,245.164 | -0.277,0.069,0.001,0.000
cam1 intrinsics = 460.487,459.664,379.501,252.288 | -0.278,0.070,0.000,0.000
cam0 extrinsics = -0.006,0.010,0.702,0.712 | 0.063,-0.015,0.012
cam1 extrinsics = -0.001,0.014,0.703,0.711 | -0.048,-0.015,0.011
q_GtoI = -0.209,-0.852,-0.100,0.469 | p_IinG = -0.883,-1.503,0.567 | dist = 55.30 (meters)
bg = -0.0004,0.0170,0.0772 | ba = -0.0154,0.1207,0.0479
camera-imu timeoffset = -0.00005
cam0 intrinsics = 461.572,460.696,367.086,245.149 | -0.277,0.069,0.001,0.000
cam1 intrinsics = 460.473,459.641,379.497,252.277 | -0.278,0.070,0.000,0.000
cam0 extrinsics = -0.006,0.010,0.702,0.712 | 0.063,-0.015,0.012
cam1 extrinsics = -0.001,0.014,0.703,0.711 | -0.048,-0.015,0.011
q_GtoI = -0.204,-0.864,-0.094,0.451 | p_IinG = -0.857,-1.523,0.555 | dist = 55.34 (meters)
bg = -0.0005,0.0172,0.0770 | ba = -0.0191,0.1191,0.0470
camera-imu timeoffset = -0.00005
cam0 intrinsics = 461.574,460.704,367.085,245.149 | -0.277,0.069,0.001,0.000
cam1 intrinsics = 460.475,459.649,379.497,252.277 | -0.278,0.070,0.000,0.000
cam0 extrinsics = -0.006,0.010,0.702,0.712 | 0.063,-0.015,0.012
cam1 extrinsics = -0.001,0.014,0.703,0.711 | -0.048,-0.015,0.011
q_GtoI = -0.199,-0.873,-0.089,0.435 | p_IinG = -0.833,-1.534,0.540 | dist = 55.37 (meters)
bg = -0.0008,0.0171,0.0772 | ba = -0.0202,0.1142,0.0482
camera-imu timeoffset = -0.00005
cam0 intrinsics = 461.592,460.710,367.109,245.130 | -0.277,0.069,0.001,0.000
cam1 intrinsics = 460.494,459.654,379.515,252.258 | -0.278,0.070,0.000,0.000
cam0 extrinsics = -0.006,0.010,0.702,0.712 | 0.063,-0.015,0.012
cam1 extrinsics = -0.001,0.014,0.703,0.711 | -0.048,-0.015,0.011
q_GtoI = -0.195,-0.881,-0.084,0.422 | p_IinG = -0.818,-1.544,0.533 | dist = 55.40 (meters)
bg = -0.0011,0.0174,0.0771 | ba = -0.0251,0.1129,0.0488
camera-imu timeoffset = -0.00004
cam0 intrinsics = 461.602,460.719,367.116,245.127 | -0.277,0.069,0.001,0.000
cam1 intrinsics = 460.504,459.664,379.522,252.257 | -0.278,0.070,0.000,0.000
cam0 extrinsics = -0.006,0.010,0.702,0.712 | 0.063,-0.015,0.012
cam1 extrinsics = -0.001,0.014,0.703,0.711 | -0.048,-0.015,0.011
q_GtoI = -0.188,-0.887,-0.082,0.414 | p_IinG = -0.813,-1.550,0.526 | dist = 55.41 (meters)
bg = -0.0014,0.0176,0.0769 | ba = -0.0273,0.1112,0.0492
camera-imu timeoffset = -0.00004
cam0 intrinsics = 461.608,460.724,367.129,245.120 | -0.277,0.069,0.001,0.000
cam1 intrinsics = 460.511,459.669,379.534,252.251 | -0.278,0.070,0.000,0.000
cam0 extrinsics = -0.006,0.010,0.702,0.712 | 0.063,-0.015,0.012
cam1 extrinsics = -0.001,0.014,0.703,0.711 | -0.048,-0.015,0.011
q_GtoI = -0.181,-0.890,-0.080,0.411 | p_IinG = -0.820,-1.546,0.528 | dist = 55.42 (meters)
bg = -0.0020,0.0182,0.0765 | ba = -0.0336,0.1064,0.0463
camera-imu timeoffset = -0.00004
cam0 intrinsics = 461.626,460.741,367.135,245.111 | -0.277,0.069,0.001,0.000
cam1 intrinsics = 460.531,459.687,379.550,252.243 | -0.278,0.070,0.000,0.000
cam0 extrinsics = -0.006,0.010,0.702,0.712 | 0.063,-0.014,0.012
cam1 extrinsics = -0.001,0.014,0.703,0.711 | -0.048,-0.014,0.011
q_GtoI = -0.171,-0.889,-0.080,0.417 | p_IinG = -0.832,-1.539,0.531 | dist = 55.43 (meters)
bg = -0.0025,0.0182,0.0767 | ba = -0.0343,0.1022,0.0485
camera-imu timeoffset = -0.00004
cam0 intrinsics = 461.628,460.735,367.138,245.114 | -0.277,0.069,0.001,0.000
cam1 intrinsics = 460.532,459.680,379.548,252.247 | -0.278,0.070,0.000,0.000
cam0 extrinsics = -0.006,0.010,0.702,0.712 | 0.063,-0.014,0.012
cam1 extrinsics = -0.001,0.014,0.703,0.711 | -0.048,-0.014,0.011
q_GtoI = -0.162,-0.883,-0.079,0.433 | p_IinG = -0.864,-1.532,0.543 | dist = 55.46 (meters)
bg = -0.0024,0.0185,0.0771 | ba = -0.0393,0.0994,0.0477
camera-imu timeoffset = -0.00003
cam0 intrinsics = 461.641,460.754,367.146,245.108 | -0.277,0.069,0.001,0.000
cam1 intrinsics = 460.545,459.700,379.554,252.242 | -0.278,0.070,0.000,0.000
cam0 extrinsics = -0.006,0.010,0.702,0.712 | 0.063,-0.014,0.012
cam1 extrinsics = -0.001,0.014,0.703,0.711 | -0.048,-0.014,0.011
q_GtoI = -0.153,-0.871,-0.080,0.460 | p_IinG = -0.906,-1.522,0.561 | dist = 55.50 (meters)
bg = -0.0023,0.0188,0.0775 | ba = -0.0447,0.0970,0.0472
camera-imu timeoffset = -0.00003
cam0 intrinsics = 461.654,460.778,367.151,245.106 | -0.277,0.069,0.001,0.000
cam1 intrinsics = 460.559,459.724,379.555,252.240 | -0.278,0.070,0.000,0.000
cam0 extrinsics = -0.006,0.010,0.702,0.712 | 0.064,-0.014,0.011
cam1 extrinsics = -0.001,0.014,0.703,0.711 | -0.048,-0.014,0.011
q_GtoI = -0.145,-0.856,-0.081,0.489 | p_IinG = -0.960,-1.515,0.576 | dist = 55.55 (meters)
bg = -0.0017,0.0190,0.0776 | ba = -0.0488,0.0947,0.0419
camera-imu timeoffset = -0.00003
cam0 intrinsics = 461.669,460.799,367.155,245.093 | -0.277,0.069,0.001,0.000
cam1 intrinsics = 460.571,459.741,379.555,252.227 | -0.278,0.070,0.000,0.000
cam0 extrinsics = -0.006,0.010,0.702,0.712 | 0.064,-0.014,0.011
cam1 extrinsics = -0.001,0.014,0.703,0.711 | -0.048,-0.014,0.010
q_GtoI = -0.134,-0.839,-0.082,0.521 | p_IinG = -1.010,-1.503,0.594 | dist = 55.61 (meters)
bg = -0.0018,0.0192,0.0776 | ba = -0.0509,0.0953,0.0411
camera-imu timeoffset = -0.00003
cam0 intrinsics = 461.676,460.807,367.154,245.092 | -0.277,0.069,0.001,0.000
cam1 intrinsics = 460.577,459.749,379.550,252.227 | -0.278,0.070,0.000,0.000
cam0 extrinsics = -0.006,0.010,0.702,0.712 | 0.064,-0.014,0.011
cam1 extrinsics = -0.001,0.014,0.703,0.711 | -0.048,-0.014,0.010
q_GtoI = -0.125,-0.819,-0.084,0.553 | p_IinG = -1.064,-1.490,0.611 | dist = 55.66 (meters)
bg = -0.0016,0.0194,0.0776 | ba = -0.0523,0.0945,0.0397
camera-imu timeoffset = -0.00003
cam0 intrinsics = 461.676,460.806,367.160,245.087 | -0.277,0.069,0.001,0.000
cam1 intrinsics = 460.578,459.748,379.555,252.223 | -0.278,0.070,0.000,0.000
cam0 extrinsics = -0.006,0.010,0.702,0.712 | 0.064,-0.014,0.011
cam1 extrinsics = -0.001,0.014,0.703,0.711 | -0.048,-0.014,0.010
q_GtoI = -0.117,-0.798,-0.086,0.584 | p_IinG = -1.117,-1.479,0.626 | dist = 55.72 (meters)
bg = -0.0014,0.0195,0.0774 | ba = -0.0524,0.0968,0.0395
camera-imu timeoffset = -0.00004
cam0 intrinsics = 461.669,460.794,367.165,245.092 | -0.277,0.069,0.001,0.000
cam1 intrinsics = 460.573,459.738,379.561,252.227 | -0.278,0.070,0.000,0.000
cam0 extrinsics = -0.006,0.010,0.702,0.712 | 0.064,-0.014,0.011
cam1 extrinsics = -0.001,0.014,0.703,0.711 | -0.048,-0.014,0.010
q_GtoI = -0.110,-0.779,-0.088,0.611 | p_IinG = -1.166,-1.467,0.639 | dist = 55.77 (meters)
bg = -0.0014,0.0197,0.0772 | ba = -0.0510,0.0991,0.0394
camera-imu timeoffset = -0.00003
cam0 intrinsics = 461.666,460.783,367.165,245.089 | -0.277,0.069,0.001,0.000
cam1 intrinsics = 460.570,459.727,379.562,252.223 | -0.278,0.070,0.000,0.000
cam0 extrinsics = -0.006,0.010,0.702,0.712 | 0.064,-0.014,0.011
cam1 extrinsics = -0.001,0.014,0.703,0.711 | -0.048,-0.014,0.010
q_GtoI = -0.104,-0.761,-0.089,0.635 | p_IinG = -1.213,-1.457,0.652 | dist = 55.82 (meters)
bg = -0.0012,0.0199,0.0770 | ba = -0.0496,0.1023,0.0410
camera-imu timeoffset = -0.00003
cam0 intrinsics = 461.659,460.770,367.164,245.092 | -0.277,0.069,0.001,0.000
cam1 intrinsics = 460.564,459.716,379.572,252.226 | -0.278,0.070,0.000,0.000
cam0 extrinsics = -0.006,0.010,0.702,0.712 | 0.064,-0.014,0.011
cam1 extrinsics = -0.001,0.014,0.703,0.711 | -0.048,-0.014,0.010
q_GtoI = -0.099,-0.746,-0.091,0.652 | p_IinG = -1.254,-1.449,0.661 | dist = 55.86 (meters)
bg = -0.0010,0.0201,0.0767 | ba = -0.0472,0.1051,0.0419
camera-imu timeoffset = -0.00003
cam0 intrinsics = 461.657,460.765,367.167,245.094 | -0.277,0.069,0.001,0.000
cam1 intrinsics = 460.562,459.709,379.578,252.230 | -0.278,0.070,0.000,0.000
cam0 extrinsics = -0.006,0.010,0.702,0.712 | 0.064,-0.014,0.011
cam1 extrinsics = -0.001,0.014,0.703,0.711 | -0.048,-0.014,0.010
q_GtoI = -0.095,-0.733,-0.093,0.667 | p_IinG = -1.290,-1.443,0.670 | dist = 55.90 (meters)
bg = -0.0008,0.0202,0.0765 | ba = -0.0453,0.1084,0.0444
camera-imu timeoffset = -0.00003
cam0 intrinsics = 461.658,460.761,367.169,245.099 | -0.277,0.069,0.001,0.000
cam1 intrinsics = 460.563,459.705,379.581,252.235 | -0.278,0.070,0.000,0.000
cam0 extrinsics = -0.006,0.010,0.702,0.712 | 0.064,-0.014,0.011
cam1 extrinsics = -0.001,0.014,0.703,0.711 | -0.048,-0.014,0.010
q_GtoI = -0.091,-0.721,-0.096,0.680 | p_IinG = -1.317,-1.439,0.678 | dist = 55.93 (meters)
bg = -0.0006,0.0201,0.0765 | ba = -0.0420,0.1121,0.0463
camera-imu timeoffset = -0.00002
cam0 intrinsics = 461.661,460.763,367.167,245.104 | -0.277,0.069,0.001,0.000
cam1 intrinsics = 460.566,459.707,379.581,252.240 | -0.278,0.070,0.000,0.000
cam0 extrinsics = -0.006,0.010,0.702,0.712 | 0.064,-0.014,0.011
cam1 extrinsics = -0.001,0.014,0.703,0.711 | -0.048,-0.014,0.010
q_GtoI = -0.088,-0.712,-0.098,0.690 | p_IinG = -1.336,-1.437,0.685 | dist = 55.95 (meters)
bg = -0.0004,0.0199,0.0766 | ba = -0.0403,0.1115,0.0501
camera-imu timeoffset = -0.00002
cam0 intrinsics = 461.669,460.769,367.165,245.102 | -0.277,0.069,0.001,0.000
cam1 intrinsics = 460.574,459.713,379.581,252.238 | -0.278,0.070,0.000,0.000
cam0 extrinsics = -0.006,0.010,0.702,0.712 | 0.064,-0.014,0.011
cam1 extrinsics = -0.001,0.014,0.703,0.711 | -0.048,-0.014,0.011
q_GtoI = -0.085,-0.703,-0.101,0.699 | p_IinG = -1.349,-1.437,0.693 | dist = 55.97 (meters)
bg = -0.0003,0.0198,0.0768 | ba = -0.0399,0.1111,0.0525
camera-imu timeoffset = -0.00002
cam0 intrinsics = 461.673,460.772,367.164,245.101 | -0.277,0.069,0.001,0.000
cam1 intrinsics = 460.578,459.715,379.581,252.237 | -0.278,0.070,0.000,0.000
cam0 extrinsics = -0.006,0.010,0.702,0.712 | 0.064,-0.014,0.012
cam1 extrinsics = -0.001,0.014,0.703,0.711 | -0.048,-0.014,0.011
q_GtoI = -0.083,-0.693,-0.103,0.708 | p_IinG = -1.354,-1.442,0.702 | dist = 55.98 (meters)
bg = -0.0001,0.0197,0.0769 | ba = -0.0399,0.1113,0.0545
camera-imu timeoffset = -0.00002
cam0 intrinsics = 461.677,460.773,367.161,245.101 | -0.277,0.069,0.001,0.000
cam1 intrinsics = 460.582,459.716,379.581,252.237 | -0.278,0.070,0.000,0.000
cam0 extrinsics = -0.006,0.010,0.702,0.712 | 0.064,-0.014,0.012
cam1 extrinsics = -0.001,0.014,0.703,0.711 | -0.048,-0.014,0.011
q_GtoI = -0.082,-0.686,-0.104,0.715 | p_IinG = -1.347,-1.449,0.713 | dist = 55.99 (meters)
bg = -0.0001,0.0194,0.0772 | ba = -0.0413,0.1133,0.0581
camera-imu timeoffset = -0.00002
cam0 intrinsics = 461.678,460.774,367.160,245.103 | -0.277,0.069,0.001,0.000
cam1 intrinsics = 460.585,459.718,379.581,252.241 | -0.278,0.070,0.000,0.000
cam0 extrinsics = -0.006,0.010,0.702,0.712 | 0.063,-0.014,0.012
cam1 extrinsics = -0.001,0.014,0.703,0.711 | -0.048,-0.014,0.011
q_GtoI = -0.081,-0.685,-0.105,0.717 | p_IinG = -1.333,-1.460,0.723 | dist = 56.01 (meters)
bg = -0.0000,0.0194,0.0774 | ba = -0.0429,0.1131,0.0590
camera-imu timeoffset = -0.00003
cam0 intrinsics = 461.678,460.772,367.158,245.103 | -0.277,0.069,0.001,0.000
cam1 intrinsics = 460.585,459.716,379.581,252.241 | -0.278,0.070,0.000,0.000
cam0 extrinsics = -0.006,0.010,0.702,0.712 | 0.063,-0.014,0.012
cam1 extrinsics = -0.001,0.014,0.703,0.711 | -0.048,-0.014,0.011
q_GtoI = -0.083,-0.690,-0.105,0.711 | p_IinG = -1.311,-1.473,0.727 | dist = 56.04 (meters)
bg = -0.0001,0.0191,0.0769 | ba = -0.0428,0.1097,0.0575
camera-imu timeoffset = -0.00003
cam0 intrinsics = 461.672,460.774,367.153,245.099 | -0.277,0.069,0.001,0.000
cam1 intrinsics = 460.577,459.713,379.578,252.239 | -0.278,0.070,0.000,0.000
cam0 extrinsics = -0.006,0.010,0.702,0.712 | 0.064,-0.014,0.012
cam1 extrinsics = -0.001,0.014,0.703,0.711 | -0.048,-0.014,0.011
q_GtoI = -0.085,-0.704,-0.106,0.697 | p_IinG = -1.281,-1.492,0.734 | dist = 56.08 (meters)
bg = -0.0000,0.0190,0.0771 | ba = -0.0434,0.1092,0.0574
camera-imu timeoffset = -0.00003
cam0 intrinsics = 461.672,460.770,367.151,245.099 | -0.277,0.069,0.001,0.000
cam1 intrinsics = 460.577,459.710,379.577,252.239 | -0.278,0.070,0.000,0.000
cam0 extrinsics = -0.006,0.010,0.702,0.712 | 0.063,-0.014,0.012
cam1 extrinsics = -0.001,0.014,0.703,0.711 | -0.048,-0.014,0.011
q_GtoI = -0.089,-0.725,-0.104,0.675 | p_IinG = -1.242,-1.513,0.739 | dist = 56.12 (meters)
bg = -0.0000,0.0189,0.0772 | ba = -0.0438,0.1085,0.0569
camera-imu timeoffset = -0.00004
cam0 intrinsics = 461.668,460.763,367.149,245.100 | -0.277,0.069,0.001,0.000
cam1 intrinsics = 460.573,459.702,379.577,252.241 | -0.278,0.070,0.000,0.000
cam0 extrinsics = -0.006,0.010,0.702,0.712 | 0.063,-0.014,0.012
cam1 extrinsics = -0.001,0.014,0.703,0.711 | -0.048,-0.014,0.011
q_GtoI = -0.094,-0.745,-0.102,0.653 | p_IinG = -1.197,-1.540,0.744 | dist = 56.17 (meters)
bg = 0.0000,0.0186,0.0772 | ba = -0.0446,0.1106,0.0559
camera-imu timeoffset = -0.00004
cam0 intrinsics = 461.661,460.753,367.150,245.108 | -0.277,0.069,0.001,0.000
cam1 intrinsics = 460.565,459.692,379.578,252.248 | -0.278,0.070,0.000,0.000
cam0 extrinsics = -0.006,0.010,0.702,0.712 | 0.063,-0.014,0.012
cam1 extrinsics = -0.001,0.014,0.703,0.711 | -0.048,-0.014,0.011
q_GtoI = -0.097,-0.764,-0.102,0.630 | p_IinG = -1.148,-1.567,0.751 | dist = 56.23 (meters)
bg = 0.0001,0.0185,0.0770 | ba = -0.0456,0.1108,0.0550
camera-imu timeoffset = -0.00004
cam0 intrinsics = 461.658,460.747,367.150,245.113 | -0.277,0.069,0.001,0.000
cam1 intrinsics = 460.562,459.685,379.577,252.251 | -0.278,0.070,0.000,0.000
cam0 extrinsics = -0.006,0.010,0.702,0.712 | 0.063,-0.014,0.012
cam1 extrinsics = -0.001,0.014,0.703,0.711 | -0.048,-0.014,0.011
q_GtoI = -0.102,-0.784,-0.100,0.604 | p_IinG = -1.096,-1.596,0.765 | dist = 56.29 (meters)
bg = 0.0002,0.0187,0.0761 | ba = -0.0504,0.1120,0.0542
camera-imu timeoffset = -0.00004
cam0 intrinsics = 461.645,460.731,367.149,245.123 | -0.277,0.069,0.001,0.000
cam1 intrinsics = 460.550,459.670,379.579,252.264 | -0.278,0.070,0.000,0.000
cam0 extrinsics = -0.006,0.010,0.702,0.712 | 0.063,-0.014,0.012
cam1 extrinsics = -0.001,0.014,0.703,0.711 | -0.048,-0.014,0.011
q_GtoI = -0.106,-0.808,-0.098,0.572 | p_IinG = -1.040,-1.626,0.773 | dist = 56.35 (meters)
bg = 0.0001,0.0188,0.0763 | ba = -0.0513,0.1133,0.0546
camera-imu timeoffset = -0.00004
cam0 intrinsics = 461.613,460.714,367.162,245.147 | -0.277,0.069,0.001,0.000
cam1 intrinsics = 460.520,459.654,379.590,252.286 | -0.278,0.070,0.000,0.000
cam0 extrinsics = -0.006,0.010,0.702,0.712 | 0.063,-0.014,0.011
cam1 extrinsics = -0.001,0.014,0.703,0.711 | -0.048,-0.014,0.011
q_GtoI = -0.110,-0.828,-0.096,0.541 | p_IinG = -0.982,-1.657,0.780 | dist = 56.42 (meters)
bg = -0.0001,0.0187,0.0762 | ba = -0.0507,0.1151,0.0557
camera-imu timeoffset = -0.00004
cam0 intrinsics = 461.596,460.703,367.165,245.139 | -0.277,0.069,0.001,0.000
cam1 intrinsics = 460.504,459.643,379.595,252.279 | -0.278,0.070,0.000,0.000
cam0 extrinsics = -0.006,0.010,0.702,0.712 | 0.063,-0.014,0.011
cam1 extrinsics = -0.001,0.014,0.703,0.711 | -0.048,-0.014,0.010
q_GtoI = -0.115,-0.847,-0.094,0.511 | p_IinG = -0.928,-1.687,0.786 | dist = 56.48 (meters)
bg = -0.0001,0.0188,0.0765 | ba = -0.0485,0.1142,0.0568
camera-imu timeoffset = -0.00004
cam0 intrinsics = 461.586,460.701,367.169,245.131 | -0.277,0.069,0.001,0.000
cam1 intrinsics = 460.495,459.642,379.597,252.271 | -0.278,0.070,0.000,0.000
cam0 extrinsics = -0.006,0.010,0.702,0.712 | 0.063,-0.014,0.011
cam1 extrinsics = -0.001,0.014,0.703,0.711 | -0.048,-0.014,0.010
q_GtoI = -0.118,-0.860,-0.093,0.487 | p_IinG = -0.878,-1.719,0.795 | dist = 56.54 (meters)
bg = -0.0001,0.0189,0.0767 | ba = -0.0471,0.1154,0.0573
camera-imu timeoffset = -0.00004
cam0 intrinsics = 461.578,460.698,367.168,245.133 | -0.277,0.069,0.001,0.000
cam1 intrinsics = 460.487,459.639,379.596,252.273 | -0.278,0.070,0.000,0.000
cam0 extrinsics = -0.006,0.010,0.702,0.712 | 0.063,-0.014,0.011
cam1 extrinsics = -0.001,0.014,0.703,0.711 | -0.048,-0.014,0.010
q_GtoI = -0.121,-0.872,-0.092,0.465 | p_IinG = -0.832,-1.751,0.806 | dist = 56.59 (meters)
bg = -0.0001,0.0191,0.0770 | ba = -0.0474,0.1178,0.0583
camera-imu timeoffset = -0.00004
cam0 intrinsics = 461.578,460.696,367.167,245.135 | -0.277,0.069,0.001,0.000
cam1 intrinsics = 460.485,459.634,379.603,252.276 | -0.278,0.070,0.000,0.000
cam0 extrinsics = -0.006,0.010,0.702,0.712 | 0.064,-0.014,0.011
cam1 extrinsics = -0.001,0.014,0.703,0.711 | -0.048,-0.014,0.010
q_GtoI = -0.125,-0.882,-0.090,0.444 | p_IinG = -0.794,-1.781,0.816 | dist = 56.64 (meters)
bg = -0.0001,0.0194,0.0771 | ba = -0.0467,0.1182,0.0587
camera-imu timeoffset = -0.00004
cam0 intrinsics = 461.572,460.696,367.165,245.136 | -0.277,0.069,0.001,0.000
cam1 intrinsics = 460.480,459.634,379.602,252.278 | -0.278,0.070,0.000,0.000
cam0 extrinsics = -0.006,0.010,0.702,0.712 | 0.064,-0.014,0.011
cam1 extrinsics = -0.001,0.014,0.703,0.711 | -0.048,-0.014,0.010
q_GtoI = -0.129,-0.892,-0.088,0.425 | p_IinG = -0.764,-1.810,0.826 | dist = 56.69 (meters)
bg = -0.0000,0.0195,0.0771 | ba = -0.0462,0.1181,0.0588
camera-imu timeoffset = -0.00004
cam0 intrinsics = 461.569,460.695,367.163,245.137 | -0.277,0.069,0.001,0.000
cam1 intrinsics = 460.478,459.634,379.601,252.280 | -0.278,0.070,0.000,0.000
cam0 extrinsics = -0.006,0.010,0.702,0.712 | 0.064,-0.014,0.011
cam1 extrinsics = -0.001,0.014,0.703,0.711 | -0.048,-0.014,0.010
q_GtoI = -0.135,-0.899,-0.084,0.407 | p_IinG = -0.746,-1.840,0.842 | dist = 56.72 (meters)
bg = 0.0002,0.0199,0.0768 | ba = -0.0492,0.1192,0.0588
camera-imu timeoffset = -0.00004
cam0 intrinsics = 461.584,460.715,367.157,245.130 | -0.277,0.069,0.001,0.000
cam1 intrinsics = 460.493,459.654,379.597,252.273 | -0.278,0.070,0.000,0.000
cam0 extrinsics = -0.006,0.010,0.702,0.712 | 0.063,-0.014,0.012
cam1 extrinsics = -0.001,0.014,0.703,0.711 | -0.048,-0.014,0.011
q_GtoI = -0.142,-0.904,-0.079,0.396 | p_IinG = -0.739,-1.861,0.855 | dist = 56.75 (meters)
bg = 0.0002,0.0200,0.0766 | ba = -0.0499,0.1166,0.0584
camera-imu timeoffset = -0.00004
cam0 intrinsics = 461.599,460.730,367.154,245.138 | -0.277,0.069,0.001,0.000
cam1 intrinsics = 460.510,459.672,379.593,252.281 | -0.278,0.070,0.000,0.000
cam0 extrinsics = -0.006,0.010,0.702,0.712 | 0.063,-0.014,0.012
cam1 extrinsics = -0.001,0.014,0.703,0.711 | -0.048,-0.014,0.011
q_GtoI = -0.149,-0.904,-0.073,0.394 | p_IinG = -0.740,-1.878,0.867 | dist = 56.78 (meters)
bg = -0.0000,0.0198,0.0763 | ba = -0.0489,0.1140,0.0576
camera-imu timeoffset = -0.00004
cam0 intrinsics = 461.592,460.721,367.152,245.140 | -0.277,0.069,0.001,0.000
cam1 intrinsics = 460.505,459.665,379.593,252.285 | -0.278,0.070,0.000,0.000
cam0 extrinsics = -0.006,0.010,0.702,0.712 | 0.063,-0.014,0.012
cam1 extrinsics = -0.001,0.014,0.703,0.711 | -0.048,-0.014,0.011
q_GtoI = -0.154,-0.900,-0.067,0.402 | p_IinG = -0.756,-1.895,0.884 | dist = 56.81 (meters)
bg = 0.0001,0.0199,0.0762 | ba = -0.0490,0.1122,0.0577
camera-imu timeoffset = -0.00004
cam0 intrinsics = 461.597,460.729,367.163,245.159 | -0.277,0.069,0.001,0.000
cam1 intrinsics = 460.513,459.674,379.605,252.305 | -0.278,0.070,0.000,0.000
cam0 extrinsics = -0.006,0.010,0.702,0.712 | 0.063,-0.014,0.012
cam1 extrinsics = -0.001,0.014,0.703,0.711 | -0.048,-0.014,0.011
q_GtoI = -0.157,-0.893,-0.061,0.419 | p_IinG = -0.773,-1.904,0.903 | dist = 56.84 (meters)
bg = -0.0004,0.0197,0.0761 | ba = -0.0485,0.1109,0.0580
camera-imu timeoffset = -0.00004
cam0 intrinsics = 461.586,460.724,367.169,245.163 | -0.277,0.069,0.001,0.000
cam1 intrinsics = 460.503,459.669,379.608,252.310 | -0.278,0.070,0.000,0.000
cam0 extrinsics = -0.006,0.010,0.702,0.712 | 0.063,-0.014,0.012
cam1 extrinsics = -0.001,0.014,0.703,0.711 | -0.048,-0.014,0.011
q_GtoI = -0.156,-0.883,-0.056,0.440 | p_IinG = -0.802,-1.906,0.924 | dist = 56.88 (meters)
bg = -0.0010,0.0197,0.0761 | ba = -0.0481,0.1077,0.0575
camera-imu timeoffset = -0.00004
cam0 intrinsics = 461.603,460.736,367.164,245.160 | -0.277,0.069,0.001,0.000
cam1 intrinsics = 460.523,459.683,379.608,252.307 | -0.278,0.070,0.000,0.000
cam0 extrinsics = -0.006,0.010,0.702,0.712 | 0.063,-0.014,0.012
cam1 extrinsics = -0.001,0.014,0.703,0.711 | -0.048,-0.014,0.011
q_GtoI = -0.151,-0.872,-0.051,0.463 | p_IinG = -0.845,-1.909,0.949 | dist = 56.93 (meters)
bg = -0.0012,0.0200,0.0761 | ba = -0.0482,0.1060,0.0565
camera-imu timeoffset = -0.00004
cam0 intrinsics = 461.594,460.730,367.154,245.158 | -0.277,0.069,0.001,0.000
cam1 intrinsics = 460.515,459.679,379.603,252.303 | -0.278,0.070,0.000,0.000
cam0 extrinsics = -0.006,0.010,0.702,0.712 | 0.063,-0.014,0.012
cam1 extrinsics = -0.001,0.014,0.703,0.711 | -0.048,-0.014,0.011
q_GtoI = -0.144,-0.860,-0.048,0.487 | p_IinG = -0.895,-1.913,0.975 | dist = 56.98 (meters)
bg = -0.0011,0.0203,0.0759 | ba = -0.0481,0.1057,0.0558
camera-imu timeoffset = -0.00005
cam0 intrinsics = 461.586,460.720,367.152,245.154 | -0.277,0.069,0.001,0.000
cam1 intrinsics = 460.508,459.668,379.603,252.300 | -0.278,0.070,0.000,0.000
cam0 extrinsics = -0.006,0.010,0.702,0.712 | 0.063,-0.014,0.011
cam1 extrinsics = -0.001,0.014,0.703,0.711 | -0.048,-0.014,0.011
q_GtoI = -0.133,-0.847,-0.046,0.512 | p_IinG = -0.942,-1.916,1.002 | dist = 57.04 (meters)
bg = -0.0013,0.0204,0.0755 | ba = -0.0478,0.1072,0.0574
camera-imu timeoffset = -0.00005
cam0 intrinsics = 461.578,460.707,367.165,245.151 | -0.277,0.069,0.001,0.000
cam1 intrinsics = 460.500,459.654,379.609,252.295 | -0.278,0.070,0.000,0.000
cam0 extrinsics = -0.006,0.010,0.702,0.712 | 0.064,-0.014,0.011
cam1 extrinsics = -0.001,0.014,0.703,0.711 | -0.048,-0.014,0.010
q_GtoI = -0.120,-0.834,-0.043,0.537 | p_IinG = -0.990,-1.915,1.031 | dist = 57.10 (meters)
bg = -0.0016,0.0206,0.0754 | ba = -0.0480,0.1086,0.0593
camera-imu timeoffset = -0.00005
cam0 intrinsics = 461.556,460.695,367.149,245.153 | -0.277,0.069,0.001,0.000
cam1 intrinsics = 460.477,459.643,379.600,252.293 | -0.278,0.070,0.000,0.000
cam0 extrinsics = -0.006,0.010,0.702,0.712 | 0.064,-0.014,0.011
cam1 extrinsics = -0.001,0.014,0.703,0.711 | -0.048,-0.014,0.010
q_GtoI = -0.106,-0.820,-0.041,0.561 | p_IinG = -1.048,-1.912,1.056 | dist = 57.16 (meters)
bg = -0.0013,0.0207,0.0753 | ba = -0.0467,0.1067,0.0572
camera-imu timeoffset = -0.00005
cam0 intrinsics = 461.554,460.687,367.150,245.157 | -0.277,0.069,0.001,0.000
cam1 intrinsics = 460.475,459.635,379.604,252.294 | -0.278,0.070,0.000,0.000
cam0 extrinsics = -0.006,0.010,0.702,0.712 | 0.064,-0.014,0.011
cam1 extrinsics = -0.001,0.014,0.703,0.711 | -0.048,-0.014,0.010
q_GtoI = -0.090,-0.805,-0.041,0.585 | p_IinG = -1.104,-1.911,1.080 | dist = 57.22 (meters)
bg = -0.0011,0.0208,0.0752 | ba = -0.0451,0.1066,0.0563
camera-imu timeoffset = -0.00005
cam0 intrinsics = 461.552,460.680,367.154,245.164 | -0.277,0.069,0.001,0.000
cam1 intrinsics = 460.471,459.626,379.607,252.301 | -0.278,0.070,0.000,0.000
cam0 extrinsics = -0.006,0.010,0.702,0.712 | 0.064,-0.014,0.011
cam1 extrinsics = -0.001,0.014,0.703,0.711 | -0.048,-0.014,0.010
q_GtoI = -0.074,-0.790,-0.043,0.607 | p_IinG = -1.155,-1.909,1.102 | dist = 57.27 (meters)
bg = -0.0010,0.0208,0.0750 | ba = -0.0446,0.1062,0.0564
camera-imu timeoffset = -0.00005
cam0 intrinsics = 461.550,460.677,367.157,245.163 | -0.277,0.069,0.001,0.000
cam1 intrinsics = 460.469,459.623,379.610,252.301 | -0.278,0.070,0.000,0.000
cam0 extrinsics = -0.006,0.010,0.702,0.712 | 0.064,-0.014,0.011
cam1 extrinsics = -0.001,0.014,0.703,0.711 | -0.048,-0.014,0.010
q_GtoI = -0.059,-0.775,-0.042,0.627 | p_IinG = -1.203,-1.905,1.122 | dist = 57.33 (meters)
bg = -0.0011,0.0208,0.0750 | ba = -0.0455,0.1052,0.0576
camera-imu timeoffset = -0.00005
cam0 intrinsics = 461.553,460.680,367.158,245.159 | -0.277,0.069,0.001,0.000
cam1 intrinsics = 460.472,459.626,379.610,252.298 | -0.278,0.070,0.000,0.000
cam0 extrinsics = -0.006,0.010,0.702,0.712 | 0.064,-0.014,0.011
cam1 extrinsics = -0.001,0.014,0.703,0.711 | -0.048,-0.014,0.010
q_GtoI = -0.046,-0.762,-0.042,0.644 | p_IinG = -1.248,-1.903,1.137 | dist = 57.37 (meters)
bg = -0.0010,0.0208,0.0751 | ba = -0.0455,0.1044,0.0579
camera-imu timeoffset = -0.00004
cam0 intrinsics = 461.553,460.680,367.159,245.158 | -0.277,0.069,0.001,0.000
cam1 intrinsics = 460.472,459.627,379.610,252.299 | -0.278,0.070,0.000,0.000
cam0 extrinsics = -0.006,0.010,0.702,0.712 | 0.064,-0.014,0.011
cam1 extrinsics = -0.001,0.014,0.703,0.711 | -0.048,-0.014,0.010
q_GtoI = -0.035,-0.751,-0.042,0.659 | p_IinG = -1.290,-1.901,1.149 | dist = 57.42 (meters)
bg = -0.0009,0.0207,0.0752 | ba = -0.0459,0.1035,0.0585
camera-imu timeoffset = -0.00005
cam0 intrinsics = 461.554,460.682,367.160,245.158 | -0.277,0.069,0.001,0.000
cam1 intrinsics = 460.473,459.629,379.608,252.300 | -0.278,0.070,0.000,0.000
cam0 extrinsics = -0.006,0.010,0.702,0.712 | 0.064,-0.014,0.011
cam1 extrinsics = -0.001,0.014,0.703,0.711 | -0.048,-0.014,0.010
q_GtoI = -0.025,-0.735,-0.039,0.676 | p_IinG = -1.325,-1.900,1.158 | dist = 57.45 (meters)
bg = -0.0009,0.0206,0.0752 | ba = -0.0458,0.1025,0.0586
camera-imu timeoffset = -0.00005
cam0 intrinsics = 461.555,460.683,367.161,245.159 | -0.277,0.069,0.001,0.000
cam1 intrinsics = 460.474,459.631,379.605,252.303 | -0.278,0.070,0.000,0.000
cam0 extrinsics = -0.006,0.010,0.702,0.712 | 0.064,-0.014,0.011
cam1 extrinsics = -0.001,0.014,0.703,0.711 | -0.048,-0.014,0.010
q_GtoI = -0.017,-0.718,-0.034,0.695 | p_IinG = -1.355,-1.902,1.166 | dist = 57.49 (meters)
bg = -0.0009,0.0207,0.0752 | ba = -0.0450,0.1030,0.0579
camera-imu timeoffset = -0.00005
cam0 intrinsics = 461.553,460.682,367.163,245.159 | -0.277,0.069,0.001,0.000
cam1 intrinsics = 460.473,459.630,379.606,252.304 | -0.278,0.070,0.000,0.000
cam0 extrinsics = -0.006,0.010,0.702,0.712 | 0.064,-0.014,0.011
cam1 extrinsics = -0.001,0.014,0.703,0.711 | -0.048,-0.014,0.010
q_GtoI = -0.009,-0.701,-0.026,0.713 | p_IinG = -1.382,-1.907,1.168 | dist = 57.51 (meters)
bg = -0.0007,0.0210,0.0749 | ba = -0.0413,0.1028,0.0537
camera-imu timeoffset = -0.00004
cam0 intrinsics = 461.539,460.665,367.164,245.163 | -0.277,0.069,0.001,0.000
cam1 intrinsics = 460.455,459.610,379.603,252.313 | -0.278,0.070,0.000,0.000
cam0 extrinsics = -0.006,0.010,0.702,0.712 | 0.064,-0.014,0.011
cam1 extrinsics = -0.001,0.014,0.703,0.711 | -0.048,-0.014,0.010
q_GtoI = -0.002,-0.687,-0.019,0.726 | p_IinG = -1.395,-1.913,1.169 | dist = 57.52 (meters)
bg = -0.0006,0.0210,0.0747 | ba = -0.0406,0.1044,0.0527
camera-imu timeoffset = -0.00004
cam0 intrinsics = 461.536,460.664,367.163,245.164 | -0.277,0.069,0.001,0.000
cam1 intrinsics = 460.451,459.609,379.599,252.316 | -0.278,0.070,0.000,0.000
cam0 extrinsics = -0.006,0.010,0.702,0.712 | 0.064,-0.014,0.011
cam1 extrinsics = -0.001,0.014,0.703,0.711 | -0.048,-0.014,0.010
q_GtoI = 0.006,-0.678,-0.011,0.735 | p_IinG = -1.399,-1.915,1.156 | dist = 57.53 (meters)
bg = -0.0007,0.0207,0.0755 | ba = -0.0334,0.1005,0.0464
camera-imu timeoffset = -0.00004
cam0 intrinsics = 461.537,460.683,367.173,245.190 | -0.277,0.069,0.001,0.000
cam1 intrinsics = 460.450,459.626,379.609,252.341 | -0.278,0.070,0.000,0.000
cam0 extrinsics = -0.006,0.010,0.702,0.712 | 0.064,-0.014,0.012
cam1 extrinsics = -0.001,0.014,0.703,0.711 | -0.048,-0.014,0.011
q_GtoI = 0.012,-0.675,-0.002,0.738 | p_IinG = -1.394,-1.922,1.151 | dist = 57.54 (meters)
bg = -0.0007,0.0209,0.0756 | ba = -0.0316,0.1009,0.0457
camera-imu timeoffset = -0.00004
cam0 intrinsics = 461.538,460.683,367.179,245.198 | -0.277,0.069,0.001,0.000
cam1 intrinsics = 460.452,459.628,379.616,252.350 | -0.278,0.070,0.000,0.000
cam0 extrinsics = -0.006,0.010,0.702,0.712 | 0.064,-0.014,0.012
cam1 extrinsics = -0.001,0.014,0.703,0.711 | -0.048,-0.014,0.011
q_GtoI = 0.018,-0.677,0.009,0.736 | p_IinG = -1.375,-1.930,1.143 | dist = 57.56 (meters)
bg = -0.0007,0.0208,0.0756 | ba = -0.0309,0.1022,0.0457
camera-imu timeoffset = -0.00004
cam0 intrinsics = 461.539,460.687,367.184,245.204 | -0.277,0.069,0.001,0.000
cam1 intrinsics = 460.453,459.631,379.621,252.356 | -0.278,0.070,0.000,0.000
cam0 extrinsics = -0.006,0.010,0.702,0.712 | 0.064,-0.014,0.012
cam1 extrinsics = -0.001,0.014,0.703,0.711 | -0.048,-0.014,0.011
q_GtoI = 0.021,-0.683,0.023,0.730 | p_IinG = -1.346,-1.939,1.132 | dist = 57.59 (meters)
bg = -0.0006,0.0208,0.0755 | ba = -0.0303,0.1031,0.0462
camera-imu timeoffset = -0.00004
cam0 intrinsics = 461.538,460.688,367.192,245.211 | -0.277,0.069,0.001,0.000
cam1 intrinsics = 460.451,459.632,379.630,252.364 | -0.278,0.070,0.000,0.000
cam0 extrinsics = -0.006,0.010,0.702,0.712 | 0.064,-0.014,0.012
cam1 extrinsics = -0.001,0.014,0.703,0.711 | -0.048,-0.014,0.011
q_GtoI = 0.024,-0.692,0.036,0.721 | p_IinG = -1.309,-1.946,1.122 | dist = 57.63 (meters)
bg = -0.0006,0.0209,0.0756 | ba = -0.0297,0.1034,0.0460
camera-imu timeoffset = -0.00004
cam0 intrinsics = 461.540,460.689,367.190,245.211 | -0.277,0.069,0.001,0.000
cam1 intrinsics = 460.454,459.633,379.628,252.363 | -0.278,0.070,0.000,0.000
cam0 extrinsics = -0.006,0.010,0.702,0.712 | 0.064,-0.014,0.012
cam1 extrinsics = -0.001,0.014,0.703,0.711 | -0.048,-0.014,0.011
q_GtoI = 0.024,-0.703,0.050,0.709 | p_IinG = -1.263,-1.954,1.109 | dist = 57.68 (meters)
bg = -0.0005,0.0210,0.0756 | ba = -0.0287,0.1038,0.0456
camera-imu timeoffset = -0.00004
cam0 intrinsics = 461.543,460.690,367.192,245.212 | -0.277,0.069,0.001,0.000
cam1 intrinsics = 460.456,459.633,379.629,252.365 | -0.278,0.070,0.000,0.000
cam0 extrinsics = -0.006,0.010,0.702,0.712 | 0.064,-0.014,0.012
cam1 extrinsics = -0.001,0.014,0.703,0.711 | -0.048,-0.014,0.011
q_GtoI = 0.024,-0.717,0.066,0.694 | p_IinG = -1.214,-1.946,1.100 | dist = 57.73 (meters)
bg = -0.0003,0.0219,0.0760 | ba = -0.0285,0.0972,0.0468
camera-imu timeoffset = -0.00003
cam0 intrinsics = 461.557,460.684,367.231,245.239 | -0.277,0.069,0.001,0.000
cam1 intrinsics = 460.469,459.622,379.670,252.390 | -0.278,0.070,0.000,0.000
cam0 extrinsics = -0.006,0.010,0.702,0.712 | 0.064,-0.014,0.012
cam1 extrinsics = -0.001,0.014,0.703,0.711 | -0.048,-0.014,0.011
q_GtoI = 0.024,-0.733,0.083,0.675 | p_IinG = -1.156,-1.950,1.086 | dist = 57.80 (meters)
bg = -0.0002,0.0220,0.0761 | ba = -0.0302,0.0970,0.0455
camera-imu timeoffset = -0.00003
cam0 intrinsics = 461.550,460.674,367.237,245.248 | -0.277,0.069,0.001,0.000
cam1 intrinsics = 460.462,459.612,379.675,252.399 | -0.278,0.070,0.000,0.000
cam0 extrinsics = -0.006,0.010,0.702,0.712 | 0.064,-0.014,0.012
cam1 extrinsics = -0.001,0.014,0.703,0.711 | -0.048,-0.014,0.011
q_GtoI = 0.025,-0.751,0.100,0.652 | p_IinG = -1.085,-1.941,1.066 | dist = 57.87 (meters)
bg = -0.0010,0.0217,0.0761 | ba = -0.0319,0.0960,0.0450
camera-imu timeoffset = -0.00003
cam0 intrinsics = 461.640,460.763,367.394,245.254 | -0.277,0.069,0.001,0.000
cam1 intrinsics = 460.385,459.528,379.796,252.456 | -0.278,0.070,0.000,0.000
cam0 extrinsics = -0.006,0.010,0.702,0.712 | 0.063,-0.014,0.012
cam1 extrinsics = -0.001,0.014,0.703,0.711 | -0.048,-0.014,0.010
q_GtoI = 0.026,-0.768,0.114,0.629 | p_IinG = -1.016,-1.937,1.045 | dist = 57.94 (meters)
bg = -0.0008,0.0214,0.0769 | ba = -0.0331,0.0915,0.0435
camera-imu timeoffset = -0.00003
cam0 intrinsics = 461.645,460.749,367.403,245.255 | -0.277,0.069,0.001,0.000
cam1 intrinsics = 460.383,459.506,379.787,252.462 | -0.278,0.070,0.000,0.000
cam0 extrinsics = -0.006,0.010,0.702,0.712 | 0.064,-0.014,0.012
cam1 extrinsics = -0.001,0.014,0.703,0.711 | -0.048,-0.014,0.010
q_GtoI = 0.027,-0.782,0.127,0.609 | p_IinG = -0.944,-1.929,1.023 | dist = 58.02 (meters)
bg = -0.0006,0.0211,0.0768 | ba = -0.0359,0.0904,0.0422
camera-imu timeoffset = -0.00003
cam0 intrinsics = 461.642,460.738,367.401,245.250 | -0.277,0.069,0.001,0.000
cam1 intrinsics = 460.381,459.494,379.790,252.452 | -0.278,0.070,0.000,0.000
cam0 extrinsics = -0.006,0.010,0.702,0.712 | 0.064,-0.014,0.012
cam1 extrinsics = -0.001,0.014,0.703,0.711 | -0.048,-0.014,0.010
q_GtoI = 0.030,-0.794,0.138,0.591 | p_IinG = -0.869,-1.918,1.001 | dist = 58.10 (meters)
bg = -0.0007,0.0207,0.0771 | ba = -0.0418,0.0921,0.0389
camera-imu timeoffset = -0.00002
cam0 intrinsics = 461.636,460.719,367.407,245.244 | -0.277,0.069,0.001,0.000
cam1 intrinsics = 460.376,459.476,379.797,252.444 | -0.278,0.070,0.000,0.000
cam0 extrinsics = -0.006,0.010,0.702,0.712 | 0.064,-0.014,0.012
cam1 extrinsics = -0.001,0.014,0.703,0.711 | -0.048,-0.014,0.010
q_GtoI = 0.035,-0.807,0.146,0.571 | p_IinG = -0.794,-1.902,0.974 | dist = 58.18 (meters)
bg = -0.0006,0.0204,0.0772 | ba = -0.0447,0.0919,0.0382
camera-imu timeoffset = -0.00002
cam0 intrinsics = 461.634,460.707,367.409,245.245 | -0.277,0.069,0.001,0.000
cam1 intrinsics = 460.375,459.464,379.797,252.445 | -0.278,0.070,0.000,0.000
cam0 extrinsics = -0.006,0.010,0.702,0.712 | 0.064,-0.014,0.012
cam1 extrinsics = -0.001,0.014,0.703,0.711 | -0.048,-0.014,0.010
q_GtoI = 0.043,-0.818,0.148,0.554 | p_IinG = -0.718,-1.879,0.942 | dist = 58.26 (meters)
bg = -0.0006,0.0202,0.0770 | ba = -0.0443,0.0912,0.0385
camera-imu timeoffset = -0.00002
cam0 intrinsics = 461.633,460.702,367.410,245.244 | -0.277,0.069,0.001,0.000
cam1 intrinsics = 460.373,459.459,379.797,252.444 | -0.278,0.070,0.000,0.000
cam0 extrinsics = -0.006,0.010,0.702,0.712 | 0.064,-0.014,0.012
cam1 extrinsics = -0.001,0.014,0.703,0.711 | -0.048,-0.014,0.010
q_GtoI = 0.053,-0.828,0.147,0.539 | p_IinG = -0.644,-1.853,0.910 | dist = 58.35 (meters)
bg = -0.0007,0.0199,0.0767 | ba = -0.0449,0.0909,0.0385
camera-imu timeoffset = -0.00002
cam0 intrinsics = 461.632,460.698,367.405,245.246 | -0.277,0.069,0.001,0.000
cam1 intrinsics = 460.371,459.454,379.792,252.446 | -0.278,0.070,0.000,0.000
cam0 extrinsics = -0.006,0.010,0.702,0.712 | 0.064,-0.014,0.012
cam1 extrinsics = -0.001,0.014,0.703,0.711 | -0.048,-0.014,0.010
q_GtoI = 0.069,-0.839,0.141,0.522 | p_IinG = -0.571,-1.825,0.874 | dist = 58.43 (meters)
bg = -0.0007,0.0198,0.0764 | ba = -0.0452,0.0923,0.0379
camera-imu timeoffset = -0.00003
cam0 intrinsics = 461.633,460.695,367.399,245.247 | -0.277,0.069,0.001,0.000
cam1 intrinsics = 460.374,459.453,379.785,252.448 | -0.278,0.070,0.000,0.000
cam0 extrinsics = -0.006,0.010,0.702,0.712 | 0.064,-0.014,0.012
cam1 extrinsics = -0.001,0.014,0.703,0.711 | -0.048,-0.014,0.010
q_GtoI = 0.090,-0.849,0.128,0.505 | p_IinG = -0.501,-1.791,0.835 | dist = 58.52 (meters)
bg = -0.0009,0.0195,0.0760 | ba = -0.0452,0.0922,0.0379
camera-imu timeoffset = -0.00003
cam0 intrinsics = 461.630,460.691,367.394,245.249 | -0.277,0.069,0.001,0.000
cam1 intrinsics = 460.370,459.448,379.777,252.450 | -0.278,0.070,0.000,0.000
cam0 extrinsics = -0.006,0.010,0.702,0.712 | 0.064,-0.014,0.012
cam1 extrinsics = -0.001,0.014,0.703,0.711 | -0.048,-0.014,0.010
q_GtoI = 0.110,-0.859,0.117,0.487 | p_IinG = -0.431,-1.758,0.791 | dist = 58.60 (meters)
bg = -0.0011,0.0188,0.0752 | ba = -0.0480,0.0953,0.0366
camera-imu timeoffset = -0.00003
cam0 intrinsics = 461.604,460.671,367.391,245.263 | -0.277,0.069,0.001,0.000
cam1 intrinsics = 460.349,459.433,379.768,252.468 | -0.278,0.070,0.000,0.000
cam0 extrinsics = -0.006,0.010,0.702,0.712 | 0.063,-0.014,0.012
cam1 extrinsics = -0.001,0.014,0.703,0.711 | -0.048,-0.014,0.010
q_GtoI = 0.128,-0.868,0.108,0.468 | p_IinG = -0.371,-1.724,0.741 | dist = 58.68 (meters)
bg = -0.0011,0.0187,0.0752 | ba = -0.0455,0.0938,0.0368
camera-imu timeoffset = -0.00003
cam0 intrinsics = 461.607,460.677,367.389,245.270 | -0.277,0.069,0.001,0.000
cam1 intrinsics = 460.351,459.439,379.762,252.475 | -0.278,0.070,0.000,0.000
cam0 extrinsics = -0.006,0.010,0.702,0.712 | 0.063,-0.014,0.012
cam1 extrinsics = -0.001,0.014,0.703,0.711 | -0.048,-0.014,0.010
q_GtoI = 0.145,-0.876,0.102,0.448 | p_IinG = -0.316,-1.686,0.697 | dist = 58.76 (meters)
bg = -0.0015,0.0188,0.0751 | ba = -0.0485,0.0950,0.0391
camera-imu timeoffset = -0.00003
cam0 intrinsics = 461.609,460.677,367.382,245.290 | -0.277,0.069,0.001,0.000
cam1 intrinsics = 460.352,459.439,379.755,252.494 | -0.278,0.070,0.000,0.000
cam0 extrinsics = -0.006,0.010,0.702,0.712 | 0.063,-0.014,0.012
cam1 extrinsics = -0.001,0.014,0.703,0.711 | -0.048,-0.014,0.010
q_GtoI = 0.160,-0.884,0.099,0.429 | p_IinG = -0.271,-1.652,0.650 | dist = 58.84 (meters)
bg = -0.0016,0.0189,0.0751 | ba = -0.0506,0.0925,0.0402
camera-imu timeoffset = -0.00003
cam0 intrinsics = 461.614,460.677,367.385,245.289 | -0.277,0.069,0.001,0.000
cam1 intrinsics = 460.354,459.435,379.760,252.496 | -0.278,0.070,0.000,0.000
cam0 extrinsics = -0.006,0.010,0.702,0.712 | 0.063,-0.014,0.012
cam1 extrinsics = -0.001,0.014,0.703,0.711 | -0.048,-0.014,0.010
q_GtoI = 0.174,-0.889,0.098,0.412 | p_IinG = -0.234,-1.621,0.600 | dist = 58.92 (meters)
bg = -0.0017,0.0192,0.0750 | ba = -0.0522,0.0907,0.0402
camera-imu timeoffset = -0.00003
cam0 intrinsics = 461.618,460.679,367.384,245.295 | -0.277,0.069,0.001,0.000
cam1 intrinsics = 460.356,459.435,379.760,252.504 | -0.278,0.070,0.000,0.000
cam0 extrinsics = -0.006,0.010,0.702,0.712 | 0.063,-0.014,0.012
cam1 extrinsics = -0.001,0.014,0.703,0.711 | -0.048,-0.014,0.010
q_GtoI = 0.186,-0.894,0.098,0.395 | p_IinG = -0.214,-1.599,0.539 | dist = 58.99 (meters)
bg = -0.0014,0.0193,0.0752 | ba = -0.0510,0.0813,0.0354
camera-imu timeoffset = -0.00003
cam0 intrinsics = 461.636,460.650,367.404,245.296 | -0.277,0.069,0.001,0.000
cam1 intrinsics = 460.378,459.409,379.776,252.498 | -0.278,0.070,0.000,0.000
cam0 extrinsics = -0.006,0.010,0.702,0.712 | 0.063,-0.014,0.012
cam1 extrinsics = -0.001,0.014,0.703,0.711 | -0.048,-0.014,0.010
q_GtoI = 0.198,-0.895,0.099,0.387 | p_IinG = -0.193,-1.587,0.465 | dist = 59.05 (meters)
bg = -0.0011,0.0189,0.0752 | ba = -0.0469,0.0774,0.0265
camera-imu timeoffset = -0.00003
cam0 intrinsics = 461.624,460.632,367.405,245.272 | -0.277,0.069,0.001,0.000
cam1 intrinsics = 460.369,459.392,379.781,252.469 | -0.278,0.070,0.000,0.000
cam0 extrinsics = -0.006,0.010,0.702,0.712 | 0.064,-0.013,0.012
cam1 extrinsics = -0.001,0.014,0.703,0.711 | -0.048,-0.013,0.010
q_GtoI = 0.209,-0.889,0.107,0.393 | p_IinG = -0.183,-1.571,0.407 | dist = 59.11 (meters)
bg = -0.0012,0.0190,0.0753 | ba = -0.0462,0.0767,0.0244
camera-imu timeoffset = -0.00003
cam0 intrinsics = 461.624,460.625,367.401,245.272 | -0.277,0.069,0.001,0.000
cam1 intrinsics = 460.368,459.385,379.781,252.470 | -0.278,0.070,0.000,0.000
cam0 extrinsics = -0.006,0.010,0.702,0.712 | 0.064,-0.013,0.012
cam1 extrinsics = -0.001,0.014,0.703,0.711 | -0.048,-0.013,0.010
q_GtoI = 0.220,-0.875,0.116,0.416 | p_IinG = -0.184,-1.561,0.348 | dist = 59.17 (meters)
bg = -0.0012,0.0187,0.0753 | ba = -0.0456,0.0745,0.0226
camera-imu timeoffset = -0.00003
cam0 intrinsics = 461.622,460.615,367.410,245.259 | -0.277,0.069,0.001,0.000
cam1 intrinsics = 460.368,459.376,379.793,252.457 | -0.278,0.070,0.000,0.000
cam0 extrinsics = -0.006,0.010,0.702,0.712 | 0.064,-0.013,0.012
cam1 extrinsics = -0.001,0.014,0.703,0.711 | -0.048,-0.013,0.010
q_GtoI = 0.229,-0.856,0.129,0.446 | p_IinG = -0.190,-1.554,0.296 | dist = 59.22 (meters)
bg = -0.0011,0.0185,0.0754 | ba = -0.0453,0.0749,0.0250
camera-imu timeoffset = -0.00002
cam0 intrinsics = 461.618,460.608,367.410,245.264 | -0.277,0.069,0.001,0.000
cam1 intrinsics = 460.364,459.370,379.793,252.462 | -0.278,0.070,0.000,0.000
cam0 extrinsics = -0.006,0.010,0.702,0.712 | 0.064,-0.013,0.012
cam1 extrinsics = -0.001,0.014,0.703,0.711 | -0.048,-0.013,0.010
q_GtoI = 0.237,-0.832,0.143,0.480 | p_IinG = -0.200,-1.549,0.246 | dist = 59.27 (meters)
bg = -0.0011,0.0184,0.0752 | ba = -0.0434,0.0762,0.0274
camera-imu timeoffset = -0.00002
cam0 intrinsics = 461.612,460.601,367.409,245.262 | -0.277,0.069,0.001,0.000
cam1 intrinsics = 460.358,459.363,379.790,252.459 | -0.278,0.070,0.000,0.000
cam0 extrinsics = -0.006,0.010,0.702,0.712 | 0.064,-0.013,0.012
cam1 extrinsics = -0.001,0.014,0.703,0.711 | -0.048,-0.013,0.010
q_GtoI = 0.245,-0.811,0.158,0.507 | p_IinG = -0.224,-1.545,0.216 | dist = 59.32 (meters)
bg = -0.0014,0.0199,0.0758 | ba = -0.0488,0.0750,0.0357
camera-imu timeoffset = -0.00003
cam0 intrinsics = 461.581,460.533,367.430,245.279 | -0.277,0.069,0.001,0.000
cam1 intrinsics = 460.329,459.294,379.818,252.478 | -0.278,0.070,0.000,0.000
cam0 extrinsics = -0.006,0.010,0.702,0.712 | 0.064,-0.013,0.011
cam1 extrinsics = -0.001,0.014,0.703,0.711 | -0.048,-0.013,0.009
q_GtoI = 0.253,-0.791,0.171,0.531 | p_IinG = -0.242,-1.544,0.174 | dist = 59.37 (meters)
bg = -0.0015,0.0202,0.0759 | ba = -0.0501,0.0753,0.0397
camera-imu timeoffset = -0.00003
cam0 intrinsics = 461.570,460.507,367.436,245.275 | -0.277,0.069,0.001,0.000
cam1 intrinsics = 460.318,459.268,379.824,252.472 | -0.278,0.070,0.000,0.000
cam0 extrinsics = -0.006,0.010,0.702,0.712 | 0.064,-0.013,0.011
cam1 extrinsics = -0.001,0.014,0.703,0.711 | -0.047,-0.013,0.009
q_GtoI = 0.259,-0.772,0.181,0.551 | p_IinG = -0.254,-1.546,0.127 | dist = 59.41 (meters)
bg = -0.0015,0.0195,0.0754 | ba = -0.0478,0.0792,0.0418
camera-imu timeoffset = -0.00003
cam0 intrinsics = 461.589,460.510,367.426,245.232 | -0.277,0.069,0.001,0.000
cam1 intrinsics = 460.336,459.270,379.817,252.427 | -0.278,0.070,0.000,0.000
cam0 extrinsics = -0.006,0.010,0.702,0.712 | 0.064,-0.012,0.011
cam1 extrinsics = -0.001,0.014,0.703,0.711 | -0.047,-0.012,0.009
q_GtoI = 0.265,-0.758,0.190,0.564 | p_IinG = -0.270,-1.550,0.090 | dist = 59.46 (meters)
bg = -0.0013,0.0195,0.0751 | ba = -0.0478,0.0826,0.0423
camera-imu timeoffset = -0.00002
cam0 intrinsics = 461.569,460.481,367.429,245.247 | -0.277,0.069,0.001,0.000
cam1 intrinsics = 460.317,459.241,379.824,252.441 | -0.278,0.070,0.000,0.000
cam0 extrinsics = -0.006,0.010,0.702,0.712 | 0.064,-0.012,0.011
cam1 extrinsics = -0.001,0.014,0.703,0.711 | -0.047,-0.012,0.009
q_GtoI = 0.270,-0.750,0.198,0.571 | p_IinG = -0.283,-1.556,0.055 | dist = 59.49 (meters)
bg = -0.0009,0.0196,0.0751 | ba = -0.0493,0.0857,0.0394
camera-imu timeoffset = -0.00002
cam0 intrinsics = 461.550,460.459,367.428,245.284 | -0.277,0.069,0.001,0.000
cam1 intrinsics = 460.297,459.218,379.823,252.477 | -0.278,0.070,0.000,0.000
cam0 extrinsics = -0.006,0.010,0.702,0.712 | 0.064,-0.012,0.011
cam1 extrinsics = -0.001,0.014,0.703,0.711 | -0.047,-0.012,0.009
q_GtoI = 0.274,-0.743,0.205,0.575 | p_IinG = -0.294,-1.558,0.025 | dist = 59.53 (meters)
bg = -0.0008,0.0197,0.0751 | ba = -0.0487,0.0884,0.0405
camera-imu timeoffset = -0.00002
cam0 intrinsics = 461.538,460.443,367.429,245.298 | -0.277,0.069,0.001,0.000
cam1 intrinsics = 460.284,459.201,379.830,252.491 | -0.278,0.070,0.000,0.000
cam0 extrinsics = -0.006,0.010,0.702,0.712 | 0.064,-0.012,0.011
cam1 extrinsics = -0.001,0.014,0.703,0.711 | -0.047,-0.013,0.008
q_GtoI = 0.278,-0.740,0.210,0.576 | p_IinG = -0.302,-1.559,-0.001 | dist = 59.56 (meters)
bg = -0.0008,0.0197,0.0752 | ba = -0.0481,0.0914,0.0421
camera-imu timeoffset = -0.00002
cam0 intrinsics = 461.522,460.424,367.434,245.318 | -0.277,0.069,0.001,0.000
cam1 intrinsics = 460.267,459.180,379.837,252.511 | -0.278,0.070,0.000,0.000
cam0 extrinsics = -0.006,0.010,0.702,0.712 | 0.064,-0.013,0.010
cam1 extrinsics = -0.001,0.014,0.703,0.711 | -0.047,-0.013,0.008
q_GtoI = 0.282,-0.740,0.213,0.572 | p_IinG = -0.304,-1.558,-0.027 | dist = 59.58 (meters)
bg = -0.0006,0.0195,0.0759 | ba = -0.0458,0.0934,0.0462
camera-imu timeoffset = -0.00002
cam0 intrinsics = 461.467,460.385,367.443,245.338 | -0.277,0.069,0.001,0.000
cam1 intrinsics = 460.209,459.140,379.850,252.531 | -0.278,0.070,0.000,0.000
cam0 extrinsics = -0.006,0.010,0.702,0.712 | 0.064,-0.013,0.010
cam1 extrinsics = -0.001,0.014,0.703,0.711 | -0.047,-0.013,0.008
q_GtoI = 0.285,-0.743,0.217,0.565 | p_IinG = -0.306,-1.556,-0.049 | dist = 59.61 (meters)
bg = -0.0006,0.0194,0.0759 | ba = -0.0444,0.0947,0.0472
camera-imu timeoffset = -0.00002
cam0 intrinsics = 461.470,460.391,367.439,245.343 | -0.277,0.069,0.001,0.000
cam1 intrinsics = 460.210,459.145,379.848,252.537 | -0.278,0.070,0.000,0.000
cam0 extrinsics = -0.006,0.010,0.702,0.712 | 0.064,-0.013,0.010
cam1 extrinsics = -0.001,0.014,0.703,0.711 | -0.048,-0.013,0.008
q_GtoI = 0.290,-0.747,0.215,0.558 | p_IinG = -0.307,-1.552,-0.068 | dist = 59.63 (meters)
bg = -0.0005,0.0194,0.0759 | ba = -0.0436,0.0953,0.0486
camera-imu timeoffset = -0.00001
cam0 intrinsics = 461.466,460.385,367.440,245.360 | -0.277,0.069,0.001,0.000
cam1 intrinsics = 460.205,459.139,379.850,252.553 | -0.278,0.070,0.000,0.000
cam0 extrinsics = -0.006,0.010,0.702,0.712 | 0.064,-0.013,0.010
cam1 extrinsics = -0.001,0.014,0.703,0.711 | -0.048,-0.013,0.008
q_GtoI = 0.299,-0.756,0.209,0.543 | p_IinG = -0.306,-1.547,-0.083 | dist = 59.64 (meters)
bg = -0.0006,0.0190,0.0759 | ba = -0.0447,0.0966,0.0514
camera-imu timeoffset = -0.00002
cam0 intrinsics = 461.469,460.378,367.435,245.358 | -0.277,0.069,0.001,0.000
cam1 intrinsics = 460.204,459.127,379.852,252.554 | -0.278,0.070,0.000,0.000
cam0 extrinsics = -0.006,0.010,0.702,0.712 | 0.064,-0.013,0.010
cam1 extrinsics = -0.001,0.014,0.703,0.711 | -0.048,-0.013,0.008
q_GtoI = 0.312,-0.764,0.194,0.530 | p_IinG = -0.305,-1.543,-0.094 | dist = 59.65 (meters)
bg = -0.0008,0.0188,0.0758 | ba = -0.0452,0.0975,0.0510
camera-imu timeoffset = -0.00002
cam0 intrinsics = 461.478,460.386,367.432,245.361 | -0.277,0.069,0.001,0.000
cam1 intrinsics = 460.212,459.134,379.851,252.558 | -0.278,0.070,0.000,0.000
cam0 extrinsics = -0.006,0.010,0.702,0.712 | 0.064,-0.013,0.010
cam1 extrinsics = -0.001,0.014,0.703,0.711 | -0.048,-0.013,0.008
q_GtoI = 0.320,-0.772,0.186,0.517 | p_IinG = -0.304,-1.542,-0.095 | dist = 59.66 (meters)
bg = -0.0006,0.0190,0.0760 | ba = -0.0467,0.0996,0.0519
camera-imu timeoffset = -0.00001
cam0 intrinsics = 461.511,460.407,367.427,245.331 | -0.277,0.069,0.001,0.000
cam1 intrinsics = 460.245,459.156,379.859,252.532 | -0.278,0.070,0.000,0.000
cam0 extrinsics = -0.006,0.010,0.702,0.712 | 0.064,-0.013,0.011
cam1 extrinsics = -0.001,0.014,0.703,0.711 | -0.048,-0.013,0.008
q_GtoI = 0.324,-0.775,0.182,0.510 | p_IinG = -0.302,-1.543,-0.090 | dist = 59.66 (meters)
bg = -0.0007,0.0190,0.0759 | ba = -0.0488,0.0997,0.0524
camera-imu timeoffset = -0.00001
cam0 intrinsics = 461.524,460.421,367.426,245.323 | -0.277,0.069,0.001,0.000
cam1 intrinsics = 460.258,459.170,379.860,252.522 | -0.278,0.070,0.000,0.000
cam0 extrinsics = -0.006,0.010,0.702,0.712 | 0.064,-0.013,0.011
cam1 extrinsics = -0.001,0.014,0.703,0.711 | -0.048,-0.013,0.008
q_GtoI = 0.320,-0.775,0.188,0.511 | p_IinG = -0.301,-1.549,-0.080 | dist = 59.68 (meters)
bg = -0.0003,0.0190,0.0762 | ba = -0.0493,0.0979,0.0511
camera-imu timeoffset = -0.00001
cam0 intrinsics = 461.546,460.439,367.463,245.281 | -0.277,0.069,0.001,0.000
cam1 intrinsics = 460.281,459.189,379.895,252.481 | -0.278,0.070,0.000,0.000
cam0 extrinsics = -0.006,0.010,0.702,0.712 | 0.064,-0.012,0.011
cam1 extrinsics = -0.001,0.014,0.703,0.711 | -0.048,-0.012,0.009
q_GtoI = 0.317,-0.774,0.194,0.513 | p_IinG = -0.302,-1.556,-0.063 | dist = 59.69 (meters)
bg = -0.0003,0.0191,0.0761 | ba = -0.0510,0.0973,0.0513
camera-imu timeoffset = -0.00001
cam0 intrinsics = 461.551,460.445,367.466,245.279 | -0.277,0.069,0.001,0.000
cam1 intrinsics = 460.286,459.196,379.900,252.479 | -0.278,0.070,0.000,0.000
cam0 extrinsics = -0.006,0.010,0.702,0.712 | 0.064,-0.012,0.011
cam1 extrinsics = -0.001,0.014,0.703,0.711 | -0.048,-0.012,0.009
q_GtoI = 0.313,-0.770,0.201,0.518 | p_IinG = -0.303,-1.565,-0.045 | dist = 59.71 (meters)
bg = -0.0004,0.0192,0.0761 | ba = -0.0536,0.0959,0.0515
camera-imu timeoffset = -0.00001
cam0 intrinsics = 461.555,460.452,367.470,245.273 | -0.277,0.069,0.001,0.000
cam1 intrinsics = 460.290,459.202,379.904,252.474 | -0.278,0.070,0.000,0.000
cam0 extrinsics = -0.006,0.010,0.702,0.712 | 0.064,-0.012,0.011
cam1 extrinsics = -0.001,0.014,0.703,0.711 | -0.048,-0.012,0.009
q_GtoI = 0.310,-0.769,0.205,0.520 | p_IinG = -0.304,-1.575,-0.030 | dist = 59.73 (meters)
bg = -0.0005,0.0192,0.0761 | ba = -0.0558,0.0932,0.0522
camera-imu timeoffset = -0.00001
cam0 intrinsics = 461.552,460.449,367.474,245.267 | -0.277,0.069,0.001,0.000
cam1 intrinsics = 460.287,459.199,379.905,252.468 | -0.278,0.070,0.000,0.000
cam0 extrinsics = -0.006,0.010,0.702,0.712 | 0.064,-0.012,0.011
cam1 extrinsics = -0.001,0.014,0.703,0.711 | -0.047,-0.012,0.008
q_GtoI = 0.310,-0.768,0.208,0.521 | p_IinG = -0.306,-1.586,-0.013 | dist = 59.75 (meters)
bg = -0.0005,0.0193,0.0761 | ba = -0.0582,0.0920,0.0541
camera-imu timeoffset = -0.00001
cam0 intrinsics = 461.551,460.447,367.475,245.264 | -0.277,0.069,0.001,0.000
cam1 intrinsics = 460.285,459.197,379.904,252.466 | -0.278,0.070,0.000,0.000
cam0 extrinsics = -0.006,0.010,0.702,0.712 | 0.064,-0.012,0.011
cam1 extrinsics = -0.001,0.014,0.703,0.711 | -0.047,-0.012,0.008
q_GtoI = 0.310,-0.766,0.207,0.524 | p_IinG = -0.308,-1.599,0.001 | dist = 59.77 (meters)
bg = -0.0006,0.0194,0.0760 | ba = -0.0598,0.0900,0.0547
camera-imu timeoffset = -0.00001
cam0 intrinsics = 461.551,460.446,367.475,245.263 | -0.277,0.069,0.001,0.000
cam1 intrinsics = 460.285,459.196,379.903,252.465 | -0.278,0.070,0.000,0.000
cam0 extrinsics = -0.006,0.010,0.702,0.712 | 0.064,-0.012,0.011
cam1 extrinsics = -0.001,0.014,0.703,0.711 | -0.047,-0.012,0.008
q_GtoI = 0.311,-0.766,0.207,0.524 | p_IinG = -0.311,-1.612,0.014 | dist = 59.79 (meters)
bg = -0.0007,0.0193,0.0760 | ba = -0.0620,0.0876,0.0554
camera-imu timeoffset = -0.00001
cam0 intrinsics = 461.550,460.444,367.476,245.262 | -0.277,0.069,0.001,0.000
cam1 intrinsics = 460.283,459.194,379.905,252.464 | -0.278,0.070,0.000,0.000
cam0 extrinsics = -0.006,0.010,0.702,0.712 | 0.064,-0.012,0.011
cam1 extrinsics = -0.001,0.014,0.703,0.711 | -0.047,-0.012,0.008
q_GtoI = 0.308,-0.765,0.211,0.524 | p_IinG = -0.313,-1.627,0.029 | dist = 59.81 (meters)
bg = -0.0008,0.0194,0.0759 | ba = -0.0629,0.0865,0.0555
camera-imu timeoffset = -0.00001
cam0 intrinsics = 461.552,460.444,367.475,245.260 | -0.277,0.069,0.001,0.000
cam1 intrinsics = 460.284,459.193,379.904,252.462 | -0.278,0.070,0.000,0.000
cam0 extrinsics = -0.006,0.010,0.702,0.712 | 0.064,-0.012,0.011
cam1 extrinsics = -0.001,0.014,0.703,0.711 | -0.047,-0.012,0.008
q_GtoI = 0.303,-0.765,0.217,0.525 | p_IinG = -0.316,-1.642,0.047 | dist = 59.83 (meters)
bg = -0.0008,0.0195,0.0760 | ba = -0.0649,0.0849,0.0560
camera-imu timeoffset = -0.00001
cam0 intrinsics = 461.554,460.443,367.478,245.259 | -0.277,0.069,0.001,0.000
cam1 intrinsics = 460.288,459.193,379.907,252.462 | -0.278,0.070,0.000,0.000
cam0 extrinsics = -0.006,0.010,0.702,0.712 | 0.064,-0.012,0.011
cam1 extrinsics = -0.001,0.014,0.703,0.711 | -0.047,-0.012,0.008
q_GtoI = 0.299,-0.764,0.224,0.526 | p_IinG = -0.319,-1.658,0.066 | dist = 59.86 (meters)
bg = -0.0009,0.0194,0.0759 | ba = -0.0684,0.0823,0.0549
camera-imu timeoffset = -0.00001
cam0 intrinsics = 461.559,460.444,367.477,245.258 | -0.277,0.069,0.001,0.000
cam1 intrinsics = 460.292,459.194,379.909,252.461 | -0.278,0.070,0.000,0.000
cam0 extrinsics = -0.006,0.010,0.702,0.712 | 0.064,-0.012,0.010
cam1 extrinsics = -0.001,0.014,0.703,0.711 | -0.047,-0.012,0.008
q_GtoI = 0.292,-0.763,0.234,0.528 | p_IinG = -0.322,-1.674,0.089 | dist = 59.88 (meters)
bg = -0.0010,0.0193,0.0758 | ba = -0.0718,0.0802,0.0537
camera-imu timeoffset = -0.00001
cam0 intrinsics = 461.564,460.446,367.476,245.258 | -0.277,0.069,0.001,0.000
cam1 intrinsics = 460.297,459.196,379.910,252.460 | -0.278,0.070,0.000,0.000
cam0 extrinsics = -0.006,0.010,0.702,0.712 | 0.064,-0.012,0.010
cam1 extrinsics = -0.001,0.014,0.703,0.711 | -0.047,-0.012,0.008
q_GtoI = 0.285,-0.760,0.245,0.530 | p_IinG = -0.327,-1.690,0.116 | dist = 59.92 (meters)
bg = -0.0011,0.0193,0.0758 | ba = -0.0746,0.0790,0.0533
camera-imu timeoffset = -0.00001
cam0 intrinsics = 461.575,460.448,367.474,245.255 | -0.277,0.069,0.001,0.000
cam1 intrinsics = 460.307,459.199,379.909,252.456 | -0.278,0.070,0.000,0.000
cam0 extrinsics = -0.006,0.010,0.702,0.712 | 0.064,-0.012,0.010
cam1 extrinsics = -0.001,0.014,0.703,0.711 | -0.047,-0.012,0.008
q_GtoI = 0.281,-0.756,0.253,0.534 | p_IinG = -0.332,-1.705,0.145 | dist = 59.95 (meters)
bg = -0.0011,0.0193,0.0757 | ba = -0.0763,0.0775,0.0518
camera-imu timeoffset = -0.00001
cam0 intrinsics = 461.582,460.451,367.476,245.253 | -0.277,0.069,0.001,0.000
cam1 intrinsics = 460.315,459.201,379.914,252.454 | -0.278,0.070,0.000,0.000
cam0 extrinsics = -0.006,0.010,0.702,0.712 | 0.064,-0.012,0.010
cam1 extrinsics = -0.001,0.014,0.703,0.711 | -0.047,-0.012,0.008
q_GtoI = 0.279,-0.751,0.257,0.540 | p_IinG = -0.338,-1.718,0.171 | dist = 59.98 (meters)
bg = -0.0011,0.0194,0.0756 | ba = -0.0765,0.0769,0.0501
camera-imu timeoffset = -0.00001
cam0 intrinsics = 461.599,460.458,367.471,245.250 | -0.277,0.069,0.001,0.000
cam1 intrinsics = 460.327,459.205,379.916,252.445 | -0.278,0.070,0.000,0.000
cam0 extrinsics = -0.006,0.010,0.702,0.712 | 0.064,-0.012,0.010
cam1 extrinsics = -0.001,0.014,0.703,0.711 | -0.047,-0.012,0.008
q_GtoI = 0.278,-0.745,0.262,0.547 | p_IinG = -0.344,-1.729,0.196 | dist = 60.01 (meters)
bg = -0.0011,0.0194,0.0755 | ba = -0.0763,0.0765,0.0497
camera-imu timeoffset = -0.00001
cam0 intrinsics = 461.610,460.462,367.472,245.246 | -0.277,0.069,0.001,0.000
cam1 intrinsics = 460.338,459.209,379.919,252.441 | -0.278,0.070,0.000,0.000
cam0 extrinsics = -0.006,0.010,0.702,0.712 | 0.064,-0.012,0.010
cam1 extrinsics = -0.001,0.014,0.703,0.711 | -0.047,-0.012,0.008
q_GtoI = 0.279,-0.737,0.265,0.555 | p_IinG = -0.350,-1.737,0.218 | dist = 60.03 (meters)
bg = -0.0012,0.0196,0.0754 | ba = -0.0754,0.0767,0.0493
camera-imu timeoffset = -0.00001
cam0 intrinsics = 461.617,460.464,367.475,245.242 | -0.277,0.069,0.001,0.000
cam1 intrinsics = 460.345,459.211,379.919,252.437 | -0.278,0.070,0.000,0.000
cam0 extrinsics = -0.006,0.010,0.702,0.712 | 0.064,-0.012,0.010
cam1 extrinsics = -0.001,0.014,0.703,0.711 | -0.047,-0.012,0.008
q_GtoI = 0.279,-0.729,0.268,0.565 | p_IinG = -0.355,-1.744,0.235 | dist = 60.05 (meters)
bg = -0.0012,0.0196,0.0753 | ba = -0.0745,0.0771,0.0485
camera-imu timeoffset = -0.00001
cam0 intrinsics = 461.625,460.468,367.478,245.242 | -0.277,0.069,0.001,0.000
cam1 intrinsics = 460.354,459.216,379.921,252.437 | -0.278,0.070,0.000,0.000
cam0 extrinsics = -0.006,0.010,0.702,0.712 | 0.064,-0.012,0.010
cam1 extrinsics = -0.001,0.014,0.703,0.711 | -0.047,-0.012,0.008
q_GtoI = 0.279,-0.721,0.271,0.573 | p_IinG = -0.360,-1.748,0.249 | dist = 60.06 (meters)
bg = -0.0012,0.0198,0.0753 | ba = -0.0749,0.0769,0.0471
camera-imu timeoffset = -0.00001
cam0 intrinsics = 461.633,460.471,367.486,245.246 | -0.277,0.069,0.001,0.000
cam1 intrinsics = 460.362,459.219,379.930,252.439 | -0.278,0.070,0.000,0.000
cam0 extrinsics = -0.006,0.010,0.702,0.712 | 0.064,-0.012,0.010
cam1 extrinsics = -0.001,0.014,0.703,0.711 | -0.047,-0.012,0.008
q_GtoI = 0.285,-0.722,0.266,0.571 | p_IinG = -0.363,-1.749,0.257 | dist = 60.07 (meters)
bg = -0.0014,0.0198,0.0751 | ba = -0.0752,0.0763,0.0460
camera-imu timeoffset = -0.00001
cam0 intrinsics = 461.639,460.475,367.489,245.246 | -0.277,0.069,0.001,0.000
cam1 intrinsics = 460.369,459.224,379.932,252.439 | -0.278,0.070,0.000,0.000
cam0 extrinsics = -0.006,0.010,0.702,0.712 | 0.064,-0.012,0.010
cam1 extrinsics = -0.001,0.014,0.703,0.711 | -0.047,-0.012,0.008
q_GtoI = 0.295,-0.731,0.255,0.560 | p_IinG = -0.363,-1.746,0.262 | dist = 60.08 (meters)
bg = -0.0015,0.0196,0.0751 | ba = -0.0758,0.0769,0.0464
camera-imu timeoffset = -0.00002
cam0 intrinsics = 461.641,460.476,367.492,245.251 | -0.277,0.069,0.001,0.000
cam1 intrinsics = 460.371,459.225,379.935,252.445 | -0.278,0.070,0.000,0.000
cam0 extrinsics = -0.006,0.010,0.702,0.712 | 0.064,-0.012,0.010
cam1 extrinsics = -0.001,0.014,0.703,0.711 | -0.047,-0.012,0.008
q_GtoI = 0.307,-0.744,0.241,0.543 | p_IinG = -0.363,-1.739,0.265 | dist = 60.09 (meters)
bg = -0.0017,0.0194,0.0752 | ba = -0.0765,0.0772,0.0468
camera-imu timeoffset = -0.00002
cam0 intrinsics = 461.651,460.478,367.465,245.228 | -0.277,0.069,0.001,0.000
cam1 intrinsics = 460.379,459.226,379.904,252.421 | -0.278,0.070,0.000,0.000
cam0 extrinsics = -0.006,0.010,0.702,0.712 | 0.064,-0.012,0.011
cam1 extrinsics = -0.001,0.014,0.703,0.711 | -0.047,-0.012,0.008
q_GtoI = 0.317,-0.760,0.226,0.520 | p_IinG = -0.361,-1.731,0.268 | dist = 60.09 (meters)
bg = -0.0018,0.0190,0.0753 | ba = -0.0780,0.0779,0.0474
camera-imu timeoffset = -0.00002
cam0 intrinsics = 461.647,460.472,367.470,245.221 | -0.277,0.069,0.001,0.000
cam1 intrinsics = 460.376,459.220,379.908,252.414 | -0.278,0.070,0.000,0.000
cam0 extrinsics = -0.006,0.010,0.702,0.712 | 0.064,-0.012,0.011
cam1 extrinsics = -0.001,0.014,0.703,0.711 | -0.047,-0.012,0.008
q_GtoI = 0.325,-0.777,0.212,0.495 | p_IinG = -0.360,-1.724,0.270 | dist = 60.10 (meters)
bg = -0.0019,0.0189,0.0754 | ba = -0.0786,0.0778,0.0467
camera-imu timeoffset = -0.00002
cam0 intrinsics = 461.659,460.467,367.461,245.198 | -0.277,0.069,0.001,0.000
cam1 intrinsics = 460.386,459.215,379.895,252.391 | -0.278,0.070,0.000,0.000
cam0 extrinsics = -0.006,0.010,0.702,0.712 | 0.064,-0.012,0.011
cam1 extrinsics = -0.001,0.014,0.703,0.711 | -0.047,-0.012,0.008
q_GtoI = 0.331,-0.792,0.200,0.472 | p_IinG = -0.362,-1.719,0.275 | dist = 60.11 (meters)
bg = -0.0020,0.0189,0.0754 | ba = -0.0788,0.0774,0.0452
camera-imu timeoffset = -0.00002
cam0 intrinsics = 461.667,460.472,367.464,245.205 | -0.278,0.069,0.001,0.000
cam1 intrinsics = 460.393,459.220,379.897,252.398 | -0.278,0.070,0.000,0.000
cam0 extrinsics = -0.006,0.010,0.702,0.712 | 0.064,-0.012,0.011
cam1 extrinsics = -0.001,0.014,0.703,0.711 | -0.047,-0.012,0.008
q_GtoI = 0.335,-0.805,0.189,0.452 | p_IinG = -0.365,-1.716,0.281 | dist = 60.12 (meters)
bg = -0.0020,0.0189,0.0753 | ba = -0.0788,0.0770,0.0433
camera-imu timeoffset = -0.00002
cam0 intrinsics = 461.679,460.478,367.467,245.213 | -0.278,0.069,0.001,0.000
cam1 intrinsics = 460.403,459.224,379.903,252.405 | -0.278,0.070,0.000,0.000
cam0 extrinsics = -0.006,0.010,0.702,0.712 | 0.064,-0.012,0.011
cam1 extrinsics = -0.001,0.014,0.703,0.711 | -0.047,-0.012,0.008
q_GtoI = 0.338,-0.813,0.179,0.439 | p_IinG = -0.372,-1.718,0.286 | dist = 60.13 (meters)
bg = -0.0018,0.0187,0.0755 | ba = -0.0770,0.0779,0.0409
camera-imu timeoffset = -0.00003
cam0 intrinsics = 461.680,460.469,367.484,245.209 | -0.278,0.069,0.001,0.000
cam1 intrinsics = 460.404,459.214,379.922,252.393 | -0.278,0.070,0.000,0.000
cam0 extrinsics = -0.006,0.010,0.702,0.712 | 0.064,-0.012,0.011
cam1 extrinsics = -0.001,0.014,0.703,0.711 | -0.047,-0.012,0.008
q_GtoI = 0.340,-0.818,0.173,0.430 | p_IinG = -0.384,-1.725,0.296 | dist = 60.14 (meters)
bg = -0.0019,0.0188,0.0755 | ba = -0.0762,0.0767,0.0386
camera-imu timeoffset = -0.00003
cam0 intrinsics = 461.698,460.476,367.494,245.215 | -0.278,0.069,0.001,0.000
cam1 intrinsics = 460.422,459.220,379.931,252.396 | -0.278,0.070,0.000,0.000
cam0 extrinsics = -0.006,0.010,0.702,0.712 | 0.064,-0.011,0.011
cam1 extrinsics = -0.001,0.014,0.703,0.711 | -0.047,-0.011,0.008
q_GtoI = 0.339,-0.817,0.172,0.433 | p_IinG = -0.401,-1.737,0.308 | dist = 60.17 (meters)
bg = -0.0019,0.0189,0.0756 | ba = -0.0745,0.0760,0.0370
camera-imu timeoffset = -0.00003
cam0 intrinsics = 461.703,460.477,367.503,245.224 | -0.278,0.069,0.001,0.000
cam1 intrinsics = 460.426,459.219,379.940,252.404 | -0.278,0.070,0.000,0.000
cam0 extrinsics = -0.006,0.010,0.702,0.712 | 0.064,-0.011,0.011
cam1 extrinsics = -0.001,0.014,0.703,0.711 | -0.047,-0.011,0.008
q_GtoI = 0.337,-0.809,0.177,0.449 | p_IinG = -0.422,-1.755,0.324 | dist = 60.20 (meters)
bg = -0.0019,0.0188,0.0757 | ba = -0.0736,0.0753,0.0359
camera-imu timeoffset = -0.00003
cam0 intrinsics = 461.701,460.475,367.510,245.233 | -0.278,0.069,0.001,0.000
cam1 intrinsics = 460.425,459.216,379.951,252.411 | -0.278,0.070,0.000,0.000
cam0 extrinsics = -0.006,0.010,0.702,0.712 | 0.064,-0.011,0.011
cam1 extrinsics = -0.001,0.014,0.703,0.711 | -0.047,-0.011,0.008
q_GtoI = 0.332,-0.794,0.186,0.474 | p_IinG = -0.447,-1.777,0.343 | dist = 60.24 (meters)
bg = -0.0019,0.0186,0.0759 | ba = -0.0722,0.0745,0.0350
camera-imu timeoffset = -0.00003
cam0 intrinsics = 461.698,460.473,367.503,245.250 | -0.278,0.069,0.001,0.000
cam1 intrinsics = 460.422,459.214,379.950,252.427 | -0.278,0.070,0.000,0.000
cam0 extrinsics = -0.006,0.010,0.702,0.712 | 0.064,-0.011,0.011
cam1 extrinsics = -0.001,0.014,0.703,0.711 | -0.047,-0.011,0.008
q_GtoI = 0.325,-0.777,0.198,0.501 | p_IinG = -0.475,-1.804,0.363 | dist = 60.29 (meters)
bg = -0.0020,0.0186,0.0758 | ba = -0.0732,0.0739,0.0336
camera-imu timeoffset = -0.00003
cam0 intrinsics = 461.692,460.473,367.509,245.254 | -0.278,0.069,0.001,0.000
cam1 intrinsics = 460.415,459.213,379.955,252.436 | -0.278,0.070,0.000,0.000
cam0 extrinsics = -0.006,0.010,0.702,0.712 | 0.064,-0.012,0.010
cam1 extrinsics = -0.001,0.014,0.703,0.711 | -0.047,-0.012,0.008
q_GtoI = 0.317,-0.758,0.211,0.530 | p_IinG = -0.504,-1.832,0.382 | dist = 60.33 (meters)
bg = -0.0021,0.0185,0.0757 | ba = -0.0734,0.0721,0.0309
camera-imu timeoffset = -0.00003
cam0 intrinsics = 461.704,460.489,367.518,245.257 | -0.278,0.069,0.001,0.000
cam1 intrinsics = 460.427,459.229,379.964,252.440 | -0.278,0.070,0.000,0.000
cam0 extrinsics = -0.006,0.010,0.702,0.712 | 0.064,-0.012,0.010
cam1 extrinsics = -0.001,0.014,0.703,0.711 | -0.048,-0.012,0.008
q_GtoI = 0.309,-0.739,0.224,0.556 | p_IinG = -0.533,-1.860,0.402 | dist = 60.37 (meters)
bg = -0.0021,0.0185,0.0757 | ba = -0.0728,0.0710,0.0288
camera-imu timeoffset = -0.00003
cam0 intrinsics = 461.716,460.509,367.519,245.270 | -0.278,0.069,0.001,0.000
cam1 intrinsics = 460.439,459.249,379.965,252.454 | -0.278,0.070,0.000,0.000
cam0 extrinsics = -0.006,0.010,0.702,0.712 | 0.064,-0.012,0.011
cam1 extrinsics = -0.001,0.014,0.703,0.711 | -0.048,-0.012,0.008
q_GtoI = 0.302,-0.721,0.234,0.577 | p_IinG = -0.558,-1.889,0.420 | dist = 60.42 (meters)
bg = -0.0022,0.0184,0.0757 | ba = -0.0749,0.0714,0.0278
camera-imu timeoffset = -0.00004
cam0 intrinsics = 461.729,460.526,367.522,245.279 | -0.278,0.069,0.001,0.000
cam1 intrinsics = 460.449,459.264,379.967,252.462 | -0.278,0.070,0.000,0.000
cam0 extrinsics = -0.006,0.010,0.702,0.712 | 0.064,-0.012,0.011
cam1 extrinsics = -0.001,0.014,0.703,0.711 | -0.048,-0.012,0.008
q_GtoI = 0.297,-0.706,0.241,0.596 | p_IinG = -0.580,-1.914,0.437 | dist = 60.45 (meters)
bg = -0.0022,0.0184,0.0757 | ba = -0.0748,0.0722,0.0270
camera-imu timeoffset = -0.00004
cam0 intrinsics = 461.743,460.536,367.528,245.286 | -0.278,0.069,0.001,0.000
cam1 intrinsics = 460.463,459.274,379.975,252.467 | -0.278,0.070,0.000,0.000
cam0 extrinsics = -0.006,0.010,0.702,0.712 | 0.064,-0.012,0.011
cam1 extrinsics = -0.001,0.014,0.703,0.711 | -0.048,-0.012,0.008
q_GtoI = 0.294,-0.694,0.248,0.608 | p_IinG = -0.599,-1.936,0.452 | dist = 60.49 (meters)
bg = -0.0022,0.0183,0.0758 | ba = -0.0749,0.0727,0.0280
camera-imu timeoffset = -0.00004
cam0 intrinsics = 461.754,460.545,367.541,245.303 | -0.278,0.069,0.001,0.000
cam1 intrinsics = 460.473,459.283,379.988,252.483 | -0.278,0.070,0.000,0.000
cam0 extrinsics = -0.006,0.010,0.702,0.712 | 0.064,-0.012,0.011
cam1 extrinsics = -0.001,0.014,0.703,0.711 | -0.048,-0.012,0.008
q_GtoI = 0.290,-0.680,0.255,0.624 | p_IinG = -0.614,-1.954,0.468 | dist = 60.52 (meters)
bg = -0.0023,0.0182,0.0758 | ba = -0.0750,0.0717,0.0280
camera-imu timeoffset = -0.00004
cam0 intrinsics = 461.761,460.555,367.553,245.312 | -0.278,0.069,0.001,0.000
cam1 intrinsics = 460.480,459.293,379.999,252.494 | -0.278,0.070,0.000,0.000
cam0 extrinsics = -0.006,0.010,0.702,0.712 | 0.064,-0.012,0.011
cam1 extrinsics = -0.001,0.014,0.703,0.711 | -0.048,-0.012,0.009
q_GtoI = 0.284,-0.665,0.264,0.638 | p_IinG = -0.624,-1.967,0.484 | dist = 60.54 (meters)
bg = -0.0025,0.0179,0.0759 | ba = -0.0730,0.0699,0.0284
camera-imu timeoffset = -0.00004
cam0 intrinsics = 461.767,460.571,367.559,245.319 | -0.278,0.069,0.001,0.000
cam1 intrinsics = 460.486,459.308,380.006,252.501 | -0.278,0.070,0.000,0.000
cam0 extrinsics = -0.006,0.010,0.702,0.712 | 0.064,-0.012,0.011
cam1 extrinsics = -0.001,0.014,0.703,0.711 | -0.048,-0.012,0.009
q_GtoI = 0.282,-0.655,0.269,0.647 | p_IinG = -0.628,-1.974,0.499 | dist = 60.56 (meters)
bg = -0.0026,0.0178,0.0760 | ba = -0.0700,0.0688,0.0294
camera-imu timeoffset = -0.00003
cam0 intrinsics = 461.772,460.581,367.559,245.321 | -0.278,0.069,0.001,0.000
cam1 intrinsics = 460.491,459.319,380.007,252.503 | -0.278,0.070,0.000,0.000
cam0 extrinsics = -0.006,0.010,0.702,0.712 | 0.064,-0.012,0.011
cam1 extrinsics = -0.001,0.014,0.703,0.711 | -0.048,-0.012,0.009
q_GtoI = 0.282,-0.655,0.269,0.648 | p_IinG = -0.625,-1.976,0.513 | dist = 60.57 (meters)
bg = -0.0027,0.0177,0.0760 | ba = -0.0677,0.0680,0.0298
camera-imu timeoffset = -0.00003
cam0 intrinsics = 461.774,460.587,367.560,245.321 | -0.278,0.069,0.001,0.000
cam1 intrinsics = 460.493,459.324,380.009,252.503 | -0.278,0.070,0.000,0.000
cam0 extrinsics = -0.006,0.010,0.702,0.712 | 0.064,-0.012,0.011
cam1 extrinsics = -0.001,0.014,0.703,0.711 | -0.048,-0.012,0.009
q_GtoI = 0.286,-0.663,0.264,0.639 | p_IinG = -0.615,-1.972,0.525 | dist = 60.59 (meters)
bg = -0.0027,0.0172,0.0761 | ba = -0.0653,0.0686,0.0304
camera-imu timeoffset = -0.00004
cam0 intrinsics = 461.782,460.602,367.564,245.330 | -0.278,0.069,0.001,0.000
cam1 intrinsics = 460.502,459.341,380.016,252.512 | -0.278,0.070,0.000,0.000
cam0 extrinsics = -0.006,0.010,0.702,0.712 | 0.064,-0.012,0.011
cam1 extrinsics = -0.001,0.014,0.703,0.711 | -0.048,-0.012,0.009
q_GtoI = 0.292,-0.681,0.257,0.620 | p_IinG = -0.601,-1.965,0.535 | dist = 60.61 (meters)
bg = -0.0029,0.0168,0.0757 | ba = -0.0642,0.0687,0.0266
camera-imu timeoffset = -0.00004
cam0 intrinsics = 461.786,460.619,367.573,245.339 | -0.278,0.069,0.001,0.000
cam1 intrinsics = 460.503,459.357,380.025,252.529 | -0.278,0.070,0.000,0.000
cam0 extrinsics = -0.006,0.010,0.702,0.712 | 0.064,-0.012,0.011
cam1 extrinsics = -0.001,0.014,0.703,0.711 | -0.048,-0.012,0.009
q_GtoI = 0.300,-0.700,0.246,0.599 | p_IinG = -0.585,-1.958,0.553 | dist = 60.64 (meters)
bg = -0.0029,0.0177,0.0761 | ba = -0.0686,0.0690,0.0231
camera-imu timeoffset = -0.00003
cam0 intrinsics = 461.770,460.597,367.581,245.361 | -0.278,0.069,0.001,0.000
cam1 intrinsics = 460.491,459.337,380.025,252.538 | -0.278,0.070,0.000,0.000
cam0 extrinsics = -0.006,0.010,0.702,0.712 | 0.064,-0.012,0.011
cam1 extrinsics = -0.001,0.014,0.703,0.711 | -0.048,-0.012,0.009
q_GtoI = 0.306,-0.720,0.234,0.577 | p_IinG = -0.563,-1.946,0.568 | dist = 60.67 (meters)
bg = -0.0030,0.0177,0.0760 | ba = -0.0708,0.0699,0.0206
camera-imu timeoffset = -0.00003
cam0 intrinsics = 461.768,460.595,367.578,245.368 | -0.278,0.069,0.001,0.000
cam1 intrinsics = 460.489,459.336,380.023,252.544 | -0.278,0.070,0.000,0.000
cam0 extrinsics = -0.006,0.010,0.702,0.712 | 0.064,-0.012,0.011
cam1 extrinsics = -0.001,0.014,0.703,0.711 | -0.048,-0.012,0.009
q_GtoI = 0.312,-0.742,0.221,0.550 | p_IinG = -0.538,-1.931,0.582 | dist = 60.70 (meters)
bg = -0.0029,0.0176,0.0761 | ba = -0.0708,0.0709,0.0199
camera-imu timeoffset = -0.00004
cam0 intrinsics = 461.753,460.569,367.580,245.369 | -0.278,0.069,0.001,0.000
cam1 intrinsics = 460.474,459.309,380.027,252.542 | -0.278,0.070,0.000,0.000
cam0 extrinsics = -0.006,0.010,0.702,0.712 | 0.064,-0.012,0.011
cam1 extrinsics = -0.001,0.014,0.703,0.711 | -0.048,-0.012,0.009
q_GtoI = 0.318,-0.765,0.206,0.521 | p_IinG = -0.510,-1.919,0.588 | dist = 60.74 (meters)
bg = -0.0027,0.0169,0.0762 | ba = -0.0634,0.0718,0.0165
camera-imu timeoffset = -0.00004
cam0 intrinsics = 461.669,460.466,367.584,245.382 | -0.278,0.069,0.001,0.000
cam1 intrinsics = 460.391,459.205,380.050,252.558 | -0.278,0.070,0.000,0.000
cam0 extrinsics = -0.006,0.010,0.702,0.712 | 0.064,-0.012,0.010
cam1 extrinsics = -0.001,0.014,0.703,0.711 | -0.048,-0.012,0.008
q_GtoI = 0.322,-0.783,0.194,0.495 | p_IinG = -0.484,-1.906,0.599 | dist = 60.77 (meters)
bg = -0.0027,0.0168,0.0761 | ba = -0.0604,0.0729,0.0146
camera-imu timeoffset = -0.00004
cam0 intrinsics = 461.646,460.438,367.589,245.393 | -0.278,0.069,0.001,0.000
cam1 intrinsics = 460.367,459.176,380.058,252.572 | -0.278,0.070,0.000,0.000
cam0 extrinsics = -0.006,0.010,0.702,0.712 | 0.064,-0.011,0.010
cam1 extrinsics = -0.001,0.014,0.703,0.711 | -0.048,-0.012,0.008
q_GtoI = 0.324,-0.799,0.183,0.473 | p_IinG = -0.460,-1.895,0.611 | dist = 60.80 (meters)
bg = -0.0026,0.0169,0.0759 | ba = -0.0590,0.0739,0.0129
camera-imu timeoffset = -0.00004
cam0 intrinsics = 461.638,460.428,367.593,245.396 | -0.278,0.069,0.001,0.000
cam1 intrinsics = 460.359,459.165,380.063,252.575 | -0.278,0.070,0.000,0.000
cam0 extrinsics = -0.006,0.010,0.702,0.712 | 0.064,-0.011,0.010
cam1 extrinsics = -0.001,0.014,0.703,0.711 | -0.048,-0.011,0.008
q_GtoI = 0.324,-0.810,0.174,0.456 | p_IinG = -0.439,-1.889,0.624 | dist = 60.82 (meters)
bg = -0.0026,0.0171,0.0759 | ba = -0.0573,0.0751,0.0103
camera-imu timeoffset = -0.00005
cam0 intrinsics = 461.634,460.423,367.589,245.383 | -0.278,0.069,0.001,0.000
cam1 intrinsics = 460.353,459.158,380.062,252.563 | -0.278,0.070,0.000,0.000
cam0 extrinsics = -0.006,0.010,0.702,0.712 | 0.064,-0.011,0.010
cam1 extrinsics = -0.001,0.014,0.703,0.711 | -0.048,-0.011,0.008
q_GtoI = 0.324,-0.819,0.168,0.443 | p_IinG = -0.421,-1.885,0.638 | dist = 60.85 (meters)
bg = -0.0026,0.0171,0.0757 | ba = -0.0563,0.0759,0.0096
camera-imu timeoffset = -0.00005
cam0 intrinsics = 461.638,460.426,367.587,245.377 | -0.278,0.069,0.001,0.000
cam1 intrinsics = 460.356,459.160,380.061,252.556 | -0.278,0.070,0.000,0.000
cam0 extrinsics = -0.006,0.010,0.702,0.712 | 0.064,-0.011,0.010
cam1 extrinsics = -0.001,0.014,0.703,0.711 | -0.048,-0.011,0.008
q_GtoI = 0.324,-0.826,0.162,0.431 | p_IinG = -0.407,-1.885,0.648 | dist = 60.87 (meters)
bg = -0.0026,0.0170,0.0756 | ba = -0.0545,0.0767,0.0094
camera-imu timeoffset = -0.00005
cam0 intrinsics = 461.616,460.408,367.588,245.399 | -0.278,0.069,0.001,0.000
cam1 intrinsics = 460.334,459.143,380.062,252.575 | -0.278,0.070,0.000,-0.000
cam0 extrinsics = -0.006,0.010,0.702,0.712 | 0.064,-0.011,0.010
cam1 extrinsics = -0.001,0.014,0.703,0.711 | -0.048,-0.011,0.008
q_GtoI = 0.323,-0.830,0.158,0.426 | p_IinG = -0.394,-1.889,0.656 | dist = 60.88 (meters)
bg = -0.0025,0.0165,0.0753 | ba = -0.0516,0.0786,0.0110
camera-imu timeoffset = -0.00005
cam0 intrinsics = 461.575,460.360,367.583,245.413 | -0.278,0.069,0.001,0.000
cam1 intrinsics = 460.295,459.099,380.063,252.586 | -0.278,0.070,0.000,-0.000
cam0 extrinsics = -0.006,0.010,0.702,0.712 | 0.064,-0.011,0.009
cam1 extrinsics = -0.001,0.014,0.703,0.711 | -0.048,-0.011,0.007
q_GtoI = 0.323,-0.829,0.156,0.430 | p_IinG = -0.391,-1.901,0.672 | dist = 60.90 (meters)
bg = -0.0024,0.0164,0.0753 | ba = -0.0521,0.0793,0.0105
camera-imu timeoffset = -0.00005
cam0 intrinsics = 461.570,460.359,367.586,245.419 | -0.278,0.069,0.001,0.000
cam1 intrinsics = 460.291,459.097,380.065,252.591 | -0.278,0.070,0.000,-0.000
cam0 extrinsics = -0.006,0.010,0.702,0.712 | 0.064,-0.011,0.009
cam1 extrinsics = -0.001,0.014,0.703,0.711 | -0.048,-0.011,0.007
q_GtoI = 0.319,-0.820,0.161,0.447 | p_IinG = -0.395,-1.919,0.691 | dist = 60.93 (meters)
bg = -0.0024,0.0164,0.0753 | ba = -0.0542,0.0783,0.0108
camera-imu timeoffset = -0.00005
cam0 intrinsics = 461.571,460.362,367.586,245.431 | -0.278,0.069,0.001,0.000
cam1 intrinsics = 460.292,459.101,380.070,252.604 | -0.278,0.070,0.000,-0.000
cam0 extrinsics = -0.006,0.010,0.702,0.712 | 0.064,-0.011,0.009
cam1 extrinsics = -0.001,0.014,0.703,0.711 | -0.048,-0.011,0.007
q_GtoI = 0.314,-0.808,0.169,0.469 | p_IinG = -0.404,-1.941,0.712 | dist = 60.96 (meters)
bg = -0.0025,0.0164,0.0755 | ba = -0.0562,0.0764,0.0111
camera-imu timeoffset = -0.00004
cam0 intrinsics = 461.537,460.341,367.582,245.446 | -0.278,0.069,0.001,0.000
cam1 intrinsics = 460.258,459.079,380.071,252.613 | -0.278,0.070,0.000,-0.000
cam0 extrinsics = -0.006,0.010,0.702,0.712 | 0.064,-0.011,0.009
cam1 extrinsics = -0.001,0.014,0.703,0.711 | -0.048,-0.011,0.007
q_GtoI = 0.310,-0.792,0.177,0.496 | p_IinG = -0.416,-1.965,0.733 | dist = 60.99 (meters)
bg = -0.0027,0.0162,0.0754 | ba = -0.0575,0.0739,0.0113
camera-imu timeoffset = -0.00004
cam0 intrinsics = 461.537,460.346,367.577,245.452 | -0.278,0.069,0.001,0.000
cam1 intrinsics = 460.259,459.083,380.075,252.620 | -0.278,0.070,0.000,-0.000
cam0 extrinsics = -0.006,0.010,0.702,0.712 | 0.064,-0.011,0.009
cam1 extrinsics = -0.001,0.014,0.703,0.711 | -0.048,-0.012,0.007
q_GtoI = 0.303,-0.774,0.188,0.523 | p_IinG = -0.431,-1.992,0.754 | dist = 61.03 (meters)
bg = -0.0029,0.0163,0.0754 | ba = -0.0568,0.0722,0.0101
camera-imu timeoffset = -0.00004
cam0 intrinsics = 461.539,460.351,367.574,245.459 | -0.278,0.069,0.001,0.000
cam1 intrinsics = 460.262,459.089,380.077,252.626 | -0.278,0.070,0.000,-0.000
cam0 extrinsics = -0.006,0.010,0.702,0.712 | 0.064,-0.012,0.009
cam1 extrinsics = -0.001,0.014,0.703,0.711 | -0.048,-0.012,0.007
q_GtoI = 0.297,-0.755,0.199,0.550 | p_IinG = -0.445,-2.020,0.778 | dist = 61.07 (meters)
bg = -0.0033,0.0170,0.0752 | ba = -0.0567,0.0713,0.0097
camera-imu timeoffset = -0.00004
cam0 intrinsics = 461.523,460.320,367.574,245.450 | -0.278,0.069,0.001,0.000
cam1 intrinsics = 460.247,459.059,380.074,252.615 | -0.278,0.070,0.000,-0.000
cam0 extrinsics = -0.006,0.010,0.702,0.712 | 0.064,-0.012,0.009
cam1 extrinsics = -0.001,0.014,0.703,0.711 | -0.048,-0.012,0.006
q_GtoI = 0.290,-0.736,0.208,0.575 | p_IinG = -0.457,-2.047,0.797 | dist = 61.10 (meters)
bg = -0.0035,0.0169,0.0751 | ba = -0.0543,0.0711,0.0080
camera-imu timeoffset = -0.00004
cam0 intrinsics = 461.528,460.333,367.570,245.452 | -0.278,0.069,0.001,0.000
cam1 intrinsics = 460.252,459.073,380.075,252.616 | -0.278,0.070,0.000,-0.000
cam0 extrinsics = -0.006,0.010,0.702,0.712 | 0.064,-0.012,0.009
cam1 extrinsics = -0.001,0.014,0.703,0.711 | -0.048,-0.012,0.007
q_GtoI = 0.282,-0.716,0.217,0.600 | p_IinG = -0.465,-2.073,0.815 | dist = 61.14 (meters)
bg = -0.0035,0.0167,0.0750 | ba = -0.0538,0.0716,0.0089
camera-imu timeoffset = -0.00004
cam0 intrinsics = 461.538,460.348,367.568,245.460 | -0.278,0.069,0.001,0.000
cam1 intrinsics = 460.259,459.086,380.075,252.626 | -0.278,0.070,0.000,-0.000
cam0 extrinsics = -0.006,0.010,0.702,0.712 | 0.064,-0.012,0.009
cam1 extrinsics = -0.001,0.014,0.703,0.711 | -0.048,-0.012,0.007
q_GtoI = 0.274,-0.696,0.227,0.624 | p_IinG = -0.470,-2.098,0.836 | dist = 61.17 (meters)
bg = -0.0035,0.0168,0.0749 | ba = -0.0551,0.0717,0.0088
camera-imu timeoffset = -0.00004
cam0 intrinsics = 461.531,460.340,367.569,245.466 | -0.278,0.069,0.001,0.000
cam1 intrinsics = 460.250,459.077,380.076,252.632 | -0.278,0.070,0.000,-0.000
cam0 extrinsics = -0.006,0.010,0.702,0.712 | 0.064,-0.012,0.009
cam1 extrinsics = -0.001,0.014,0.703,0.711 | -0.048,-0.012,0.007
q_GtoI = 0.266,-0.677,0.236,0.645 | p_IinG = -0.470,-2.119,0.856 | dist = 61.20 (meters)
bg = -0.0035,0.0169,0.0748 | ba = -0.0557,0.0716,0.0094
camera-imu timeoffset = -0.00004
cam0 intrinsics = 461.521,460.330,367.571,245.477 | -0.278,0.069,0.001,0.000
cam1 intrinsics = 460.239,459.067,380.076,252.644 | -0.278,0.070,0.000,-0.000
cam0 extrinsics = -0.006,0.010,0.702,0.712 | 0.064,-0.012,0.009
cam1 extrinsics = -0.001,0.014,0.703,0.711 | -0.048,-0.012,0.007
q_GtoI = 0.260,-0.665,0.243,0.657 | p_IinG = -0.463,-2.134,0.874 | dist = 61.22 (meters)
bg = -0.0034,0.0169,0.0748 | ba = -0.0547,0.0711,0.0097
camera-imu timeoffset = -0.00004
cam0 intrinsics = 461.520,460.328,367.569,245.476 | -0.278,0.069,0.001,0.000
cam1 intrinsics = 460.239,459.065,380.074,252.644 | -0.278,0.070,0.000,-0.000
cam0 extrinsics = -0.006,0.010,0.702,0.712 | 0.064,-0.012,0.009
cam1 extrinsics = -0.001,0.014,0.703,0.711 | -0.048,-0.012,0.007
q_GtoI = 0.256,-0.659,0.246,0.663 | p_IinG = -0.450,-2.144,0.890 | dist = 61.25 (meters)
bg = -0.0034,0.0170,0.0748 | ba = -0.0530,0.0712,0.0094
camera-imu timeoffset = -0.00004
cam0 intrinsics = 461.522,460.329,367.569,245.474 | -0.278,0.069,0.001,0.000
cam1 intrinsics = 460.240,459.066,380.074,252.642 | -0.278,0.070,0.000,-0.000
cam0 extrinsics = -0.006,0.010,0.702,0.712 | 0.064,-0.012,0.009
cam1 extrinsics = -0.001,0.014,0.703,0.711 | -0.048,-0.012,0.007
q_GtoI = 0.255,-0.661,0.248,0.661 | p_IinG = -0.430,-2.150,0.905 | dist = 61.27 (meters)
bg = -0.0035,0.0170,0.0748 | ba = -0.0524,0.0720,0.0092
camera-imu timeoffset = -0.00004
cam0 intrinsics = 461.522,460.328,367.568,245.474 | -0.278,0.069,0.001,0.000
cam1 intrinsics = 460.240,459.064,380.075,252.641 | -0.278,0.070,0.000,-0.000
cam0 extrinsics = -0.006,0.010,0.702,0.712 | 0.064,-0.012,0.009
cam1 extrinsics = -0.001,0.014,0.703,0.711 | -0.048,-0.012,0.007
q_GtoI = 0.255,-0.667,0.252,0.653 | p_IinG = -0.404,-2.152,0.918 | dist = 61.30 (meters)
bg = -0.0035,0.0171,0.0749 | ba = -0.0502,0.0730,0.0065
camera-imu timeoffset = -0.00003
cam0 intrinsics = 461.530,460.335,367.566,245.480 | -0.278,0.069,0.001,0.000
cam1 intrinsics = 460.249,459.071,380.077,252.646 | -0.278,0.070,0.000,-0.000
cam0 extrinsics = -0.006,0.010,0.702,0.712 | 0.064,-0.012,0.009
cam1 extrinsics = -0.001,0.014,0.703,0.711 | -0.048,-0.012,0.007
q_GtoI = 0.258,-0.677,0.257,0.639 | p_IinG = -0.371,-2.150,0.933 | dist = 61.34 (meters)
bg = -0.0038,0.0175,0.0755 | ba = -0.0510,0.0736,0.0058
camera-imu timeoffset = -0.00003
cam0 intrinsics = 461.512,460.312,367.571,245.491 | -0.278,0.069,0.001,0.000
cam1 intrinsics = 460.231,459.048,380.074,252.651 | -0.278,0.070,0.000,-0.000
cam0 extrinsics = -0.006,0.010,0.702,0.712 | 0.064,-0.012,0.009
cam1 extrinsics = -0.001,0.014,0.703,0.711 | -0.048,-0.012,0.007
q_GtoI = 0.264,-0.691,0.261,0.620 | p_IinG = -0.333,-2.144,0.947 | dist = 61.38 (meters)
bg = -0.0039,0.0176,0.0756 | ba = -0.0529,0.0753,0.0050
camera-imu timeoffset = -0.00003
cam0 intrinsics = 461.508,460.302,367.571,245.491 | -0.278,0.069,0.001,0.000
cam1 intrinsics = 460.227,459.038,380.077,252.651 | -0.278,0.070,0.000,-0.000
cam0 extrinsics = -0.006,0.010,0.702,0.712 | 0.064,-0.012,0.009
cam1 extrinsics = -0.001,0.014,0.703,0.711 | -0.048,-0.012,0.007
q_GtoI = 0.272,-0.707,0.265,0.597 | p_IinG = -0.290,-2.139,0.958 | dist = 61.43 (meters)
bg = -0.0037,0.0177,0.0758 | ba = -0.0529,0.0795,0.0015
camera-imu timeoffset = -0.00003
cam0 intrinsics = 461.512,460.298,367.566,245.500 | -0.278,0.069,0.001,0.000
cam1 intrinsics = 460.230,459.035,380.078,252.661 | -0.278,0.070,0.000,-0.000
cam0 extrinsics = -0.006,0.010,0.702,0.712 | 0.064,-0.012,0.009
cam1 extrinsics = -0.001,0.014,0.703,0.711 | -0.048,-0.012,0.007
q_GtoI = 0.279,-0.722,0.271,0.573 | p_IinG = -0.248,-2.131,0.975 | dist = 61.47 (meters)
bg = -0.0035,0.0183,0.0761 | ba = -0.0549,0.0809,-0.0013
camera-imu timeoffset = -0.00002
cam0 intrinsics = 461.504,460.283,367.563,245.505 | -0.278,0.069,0.001,0.000
cam1 intrinsics = 460.222,459.019,380.076,252.668 | -0.278,0.070,0.000,-0.000
cam0 extrinsics = -0.006,0.010,0.702,0.712 | 0.064,-0.011,0.009
cam1 extrinsics = -0.001,0.014,0.703,0.711 | -0.048,-0.012,0.007
q_GtoI = 0.287,-0.737,0.276,0.546 | p_IinG = -0.203,-2.116,0.989 | dist = 61.53 (meters)
bg = -0.0036,0.0184,0.0761 | ba = -0.0567,0.0825,-0.0028
camera-imu timeoffset = -0.00002
cam0 intrinsics = 461.500,460.270,367.564,245.509 | -0.278,0.069,0.001,0.000
cam1 intrinsics = 460.219,459.007,380.078,252.673 | -0.278,0.070,0.000,-0.000
cam0 extrinsics = -0.006,0.010,0.702,0.712 | 0.064,-0.011,0.009
cam1 extrinsics = -0.001,0.014,0.703,0.711 | -0.048,-0.012,0.007
q_GtoI = 0.296,-0.752,0.281,0.518 | p_IinG = -0.160,-2.099,0.997 | dist = 61.58 (meters)
bg = -0.0032,0.0177,0.0765 | ba = -0.0560,0.0811,-0.0071
camera-imu timeoffset = -0.00002
cam0 intrinsics = 461.464,460.217,367.576,245.526 | -0.278,0.069,0.001,0.000
cam1 intrinsics = 460.186,458.956,380.096,252.689 | -0.278,0.070,0.000,-0.000
cam0 extrinsics = -0.006,0.010,0.702,0.712 | 0.064,-0.011,0.009
cam1 extrinsics = -0.001,0.014,0.703,0.711 | -0.048,-0.011,0.006
q_GtoI = 0.305,-0.762,0.284,0.495 | p_IinG = -0.118,-2.082,1.009 | dist = 61.63 (meters)
bg = -0.0026,0.0177,0.0767 | ba = -0.0577,0.0809,-0.0089
camera-imu timeoffset = -0.00002
cam0 intrinsics = 461.428,460.194,367.571,245.552 | -0.278,0.069,0.001,0.000
cam1 intrinsics = 460.153,458.934,380.087,252.708 | -0.278,0.070,0.000,-0.000
cam0 extrinsics = -0.006,0.010,0.702,0.712 | 0.064,-0.011,0.009
cam1 extrinsics = -0.001,0.014,0.703,0.711 | -0.048,-0.011,0.006
q_GtoI = 0.315,-0.771,0.286,0.474 | p_IinG = -0.075,-2.057,1.013 | dist = 61.68 (meters)
bg = -0.0025,0.0171,0.0767 | ba = -0.0559,0.0806,-0.0091
camera-imu timeoffset = -0.00002
cam0 intrinsics = 461.409,460.168,367.576,245.557 | -0.278,0.069,0.001,0.000
cam1 intrinsics = 460.136,458.909,380.093,252.714 | -0.278,0.070,0.000,-0.000
cam0 extrinsics = -0.006,0.010,0.702,0.712 | 0.063,-0.011,0.008
cam1 extrinsics = -0.001,0.014,0.703,0.711 | -0.048,-0.011,0.006
q_GtoI = 0.328,-0.777,0.281,0.458 | p_IinG = -0.035,-2.032,1.015 | dist = 61.72 (meters)
bg = -0.0022,0.0167,0.0767 | ba = -0.0559,0.0809,-0.0091
camera-imu timeoffset = -0.00003
cam0 intrinsics = 461.400,460.150,367.576,245.557 | -0.278,0.069,0.001,0.000
cam1 intrinsics = 460.128,458.893,380.094,252.716 | -0.278,0.070,0.000,-0.000
cam0 extrinsics = -0.006,0.010,0.702,0.712 | 0.063,-0.011,0.008
cam1 extrinsics = -0.001,0.014,0.703,0.711 | -0.048,-0.011,0.006
q_GtoI = 0.344,-0.783,0.270,0.442 | p_IinG = -0.001,-2.007,1.016 | dist = 61.77 (meters)
bg = -0.0019,0.0166,0.0769 | ba = -0.0564,0.0803,-0.0093
camera-imu timeoffset = -0.00002
cam0 intrinsics = 461.383,460.136,367.578,245.558 | -0.278,0.069,0.001,0.000
cam1 intrinsics = 460.112,458.880,380.095,252.719 | -0.278,0.070,0.000,-0.000
cam0 extrinsics = -0.006,0.010,0.702,0.712 | 0.063,-0.011,0.008
cam1 extrinsics = -0.001,0.014,0.703,0.711 | -0.048,-0.012,0.006
q_GtoI = 0.359,-0.788,0.256,0.430 | p_IinG = 0.026,-1.986,1.017 | dist = 61.80 (meters)
bg = -0.0015,0.0168,0.0770 | ba = -0.0560,0.0801,-0.0097
camera-imu timeoffset = -0.00002
cam0 intrinsics = 461.392,460.141,367.579,245.566 | -0.278,0.069,0.001,0.000
cam1 intrinsics = 460.123,458.886,380.098,252.729 | -0.278,0.070,0.000,-0.000
cam0 extrinsics = -0.006,0.010,0.702,0.712 | 0.063,-0.011,0.008
cam1 extrinsics = -0.001,0.014,0.703,0.711 | -0.048,-0.012,0.006
q_GtoI = 0.374,-0.791,0.244,0.419 | p_IinG = 0.050,-1.965,1.015 | dist = 61.84 (meters)
bg = -0.0013,0.0168,0.0769 | ba = -0.0559,0.0798,-0.0098
camera-imu timeoffset = -0.00002
cam0 intrinsics = 461.388,460.136,367.578,245.564 | -0.278,0.069,0.001,0.000
cam1 intrinsics = 460.119,458.882,380.101,252.726 | -0.278,0.070,0.000,-0.000
cam0 extrinsics = -0.006,0.010,0.702,0.712 | 0.063,-0.011,0.008
cam1 extrinsics = -0.001,0.014,0.703,0.711 | -0.048,-0.012,0.006
q_GtoI = 0.384,-0.791,0.235,0.414 | p_IinG = 0.068,-1.948,1.011 | dist = 61.86 (meters)
bg = -0.0011,0.0169,0.0768 | ba = -0.0551,0.0800,-0.0104
camera-imu timeoffset = -0.00002
cam0 intrinsics = 461.390,460.134,367.577,245.561 | -0.278,0.069,0.001,0.000
cam1 intrinsics = 460.121,458.880,380.103,252.725 | -0.278,0.070,0.000,-0.000
cam0 extrinsics = -0.006,0.010,0.702,0.712 | 0.063,-0.011,0.008
cam1 extrinsics = -0.001,0.014,0.703,0.711 | -0.048,-0.012,0.006
q_GtoI = 0.389,-0.787,0.233,0.418 | p_IinG = 0.078,-1.941,1.012 | dist = 61.88 (meters)
bg = -0.0007,0.0174,0.0770 | ba = -0.0565,0.0803,-0.0108
camera-imu timeoffset = -0.00002
cam0 intrinsics = 461.399,460.149,367.576,245.559 | -0.278,0.069,0.001,0.000
cam1 intrinsics = 460.129,458.896,380.110,252.723 | -0.278,0.070,0.000,-0.000
cam0 extrinsics = -0.006,0.010,0.702,0.712 | 0.063,-0.011,0.008
cam1 extrinsics = -0.001,0.014,0.703,0.711 | -0.048,-0.012,0.006
q_GtoI = 0.390,-0.778,0.237,0.432 | p_IinG = 0.084,-1.933,1.006 | dist = 61.90 (meters)
bg = -0.0006,0.0174,0.0767 | ba = -0.0547,0.0788,-0.0117
camera-imu timeoffset = -0.00002
cam0 intrinsics = 461.400,460.148,367.572,245.566 | -0.278,0.069,0.001,0.000
cam1 intrinsics = 460.129,458.895,380.109,252.732 | -0.278,0.070,0.000,-0.000
cam0 extrinsics = -0.006,0.010,0.702,0.712 | 0.063,-0.011,0.008
cam1 extrinsics = -0.001,0.014,0.703,0.711 | -0.048,-0.012,0.006
q_GtoI = 0.387,-0.767,0.245,0.450 | p_IinG = 0.087,-1.927,1.001 | dist = 61.91 (meters)
bg = -0.0006,0.0176,0.0767 | ba = -0.0547,0.0771,-0.0120
camera-imu timeoffset = -0.00003
cam0 intrinsics = 461.406,460.150,367.575,245.572 | -0.278,0.069,0.001,0.000
cam1 intrinsics = 460.136,458.898,380.116,252.737 | -0.278,0.070,0.000,-0.000
cam0 extrinsics = -0.006,0.010,0.702,0.712 | 0.063,-0.011,0.008
cam1 extrinsics = -0.001,0.014,0.703,0.711 | -0.048,-0.012,0.006
q_GtoI = 0.384,-0.755,0.251,0.468 | p_IinG = 0.085,-1.928,0.994 | dist = 61.92 (meters)
bg = -0.0003,0.0182,0.0767 | ba = -0.0554,0.0734,-0.0143
camera-imu timeoffset = -0.00002
cam0 intrinsics = 461.408,460.146,367.578,245.584 | -0.278,0.069,0.001,0.000
cam1 intrinsics = 460.138,458.895,380.127,252.742 | -0.278,0.070,0.000,-0.000
cam0 extrinsics = -0.007,0.010,0.702,0.712 | 0.064,-0.012,0.008
cam1 extrinsics = -0.001,0.014,0.703,0.711 | -0.048,-0.012,0.006
q_GtoI = 0.379,-0.742,0.262,0.487 | p_IinG = 0.083,-1.925,0.985 | dist = 61.93 (meters)
bg = -0.0005,0.0187,0.0767 | ba = -0.0562,0.0708,-0.0137
camera-imu timeoffset = -0.00003
cam0 intrinsics = 461.399,460.129,367.584,245.590 | -0.278,0.069,0.001,0.000
cam1 intrinsics = 460.129,458.880,380.139,252.744 | -0.278,0.070,0.000,-0.000
cam0 extrinsics = -0.007,0.010,0.702,0.712 | 0.064,-0.012,0.008
cam1 extrinsics = -0.001,0.014,0.703,0.711 | -0.048,-0.012,0.006
q_GtoI = 0.374,-0.730,0.271,0.505 | p_IinG = 0.081,-1.923,0.974 | dist = 61.94 (meters)
bg = -0.0007,0.0192,0.0767 | ba = -0.0582,0.0688,-0.0115
camera-imu timeoffset = -0.00003
cam0 intrinsics = 461.360,460.097,367.584,245.596 | -0.278,0.069,0.001,0.000
cam1 intrinsics = 460.091,458.846,380.143,252.744 | -0.278,0.070,0.000,-0.000
cam0 extrinsics = -0.006,0.010,0.702,0.712 | 0.064,-0.012,0.008
cam1 extrinsics = -0.001,0.014,0.703,0.711 | -0.048,-0.012,0.006
q_GtoI = 0.367,-0.717,0.280,0.521 | p_IinG = 0.077,-1.922,0.959 | dist = 61.96 (meters)
bg = -0.0008,0.0196,0.0765 | ba = -0.0597,0.0669,-0.0106
camera-imu timeoffset = -0.00003
cam0 intrinsics = 461.338,460.075,367.584,245.597 | -0.278,0.069,0.001,0.000
cam1 intrinsics = 460.068,458.825,380.149,252.745 | -0.278,0.070,0.000,-0.000
cam0 extrinsics = -0.006,0.010,0.702,0.712 | 0.064,-0.012,0.008
cam1 extrinsics = -0.001,0.014,0.703,0.711 | -0.048,-0.012,0.005
q_GtoI = 0.362,-0.705,0.288,0.538 | p_IinG = 0.073,-1.920,0.939 | dist = 61.98 (meters)
bg = -0.0009,0.0198,0.0764 | ba = -0.0602,0.0639,-0.0113
camera-imu timeoffset = -0.00003
cam0 intrinsics = 461.319,460.057,367.581,245.595 | -0.278,0.069,0.001,0.000
cam1 intrinsics = 460.049,458.805,380.152,252.741 | -0.278,0.070,0.000,-0.000
cam0 extrinsics = -0.006,0.010,0.702,0.712 | 0.064,-0.012,0.008
cam1 extrinsics = -0.001,0.014,0.703,0.711 | -0.048,-0.012,0.005
q_GtoI = 0.356,-0.692,0.295,0.553 | p_IinG = 0.069,-1.915,0.917 | dist = 62.01 (meters)
bg = -0.0010,0.0200,0.0762 | ba = -0.0602,0.0619,-0.0106
camera-imu timeoffset = -0.00003
cam0 intrinsics = 461.296,460.036,367.577,245.600 | -0.278,0.069,0.001,0.000
cam1 intrinsics = 460.025,458.784,380.154,252.747 | -0.278,0.070,0.000,-0.000
cam0 extrinsics = -0.007,0.010,0.702,0.712 | 0.064,-0.012,0.007
cam1 extrinsics = -0.001,0.014,0.703,0.711 | -0.048,-0.012,0.005
q_GtoI = 0.352,-0.680,0.302,0.568 | p_IinG = 0.068,-1.908,0.893 | dist = 62.03 (meters)
bg = -0.0012,0.0201,0.0761 | ba = -0.0597,0.0604,-0.0102
camera-imu timeoffset = -0.00003
cam0 intrinsics = 461.276,460.020,367.573,245.609 | -0.278,0.069,0.001,0.000
cam1 intrinsics = 460.006,458.768,380.157,252.755 | -0.278,0.070,0.000,-0.000
cam0 extrinsics = -0.007,0.010,0.702,0.712 | 0.064,-0.012,0.007
cam1 extrinsics = -0.001,0.014,0.703,0.711 | -0.048,-0.012,0.005
q_GtoI = 0.347,-0.670,0.306,0.581 | p_IinG = 0.069,-1.896,0.869 | dist = 62.06 (meters)
bg = -0.0013,0.0202,0.0759 | ba = -0.0590,0.0601,-0.0098
camera-imu timeoffset = -0.00003
cam0 intrinsics = 461.252,459.997,367.569,245.624 | -0.278,0.069,0.001,0.000
cam1 intrinsics = 459.982,458.745,380.162,252.770 | -0.278,0.070,0.000,-0.000
cam0 extrinsics = -0.007,0.010,0.702,0.712 | 0.064,-0.012,0.007
cam1 extrinsics = -0.001,0.014,0.703,0.711 | -0.048,-0.012,0.005
q_GtoI = 0.344,-0.660,0.312,0.591 | p_IinG = 0.074,-1.880,0.843 | dist = 62.09 (meters)
bg = -0.0015,0.0200,0.0758 | ba = -0.0588,0.0596,-0.0091
camera-imu timeoffset = -0.00003
cam0 intrinsics = 461.239,459.989,367.563,245.642 | -0.278,0.069,0.001,0.000
cam1 intrinsics = 459.968,458.736,380.160,252.788 | -0.278,0.070,0.000,-0.000
cam0 extrinsics = -0.007,0.010,0.702,0.712 | 0.064,-0.012,0.007
cam1 extrinsics = -0.001,0.014,0.703,0.711 | -0.048,-0.012,0.005
q_GtoI = 0.340,-0.651,0.315,0.601 | p_IinG = 0.082,-1.858,0.816 | dist = 62.12 (meters)
bg = -0.0015,0.0197,0.0758 | ba = -0.0579,0.0596,-0.0099
camera-imu timeoffset = -0.00003
cam0 intrinsics = 461.233,459.990,367.562,245.661 | -0.278,0.069,0.001,0.000
cam1 intrinsics = 459.962,458.737,380.162,252.806 | -0.278,0.070,0.000,-0.000
cam0 extrinsics = -0.007,0.010,0.702,0.712 | 0.064,-0.012,0.007
cam1 extrinsics = -0.001,0.014,0.703,0.711 | -0.048,-0.012,0.005
q_GtoI = 0.338,-0.646,0.318,0.607 | p_IinG = 0.095,-1.832,0.791 | dist = 62.15 (meters)
bg = -0.0015,0.0195,0.0758 | ba = -0.0578,0.0593,-0.0098
camera-imu timeoffset = -0.00003
cam0 intrinsics = 461.224,459.985,367.560,245.675 | -0.277,0.069,0.001,0.000
cam1 intrinsics = 459.954,458.731,380.165,252.819 | -0.278,0.070,0.000,-0.000
cam0 extrinsics = -0.007,0.010,0.702,0.712 | 0.064,-0.012,0.007
cam1 extrinsics = -0.001,0.014,0.703,0.711 | -0.048,-0.012,0.005
q_GtoI = 0.337,-0.643,0.320,0.609 | p_IinG = 0.111,-1.799,0.765 | dist = 62.20 (meters)
bg = -0.0016,0.0194,0.0759 | ba = -0.0581,0.0588,-0.0098
camera-imu timeoffset = -0.00003
cam0 intrinsics = 461.219,459.981,367.559,245.684 | -0.277,0.069,0.001,-0.000
cam1 intrinsics = 459.949,458.728,380.167,252.827 | -0.278,0.070,0.000,-0.000
cam0 extrinsics = -0.007,0.010,0.702,0.712 | 0.064,-0.012,0.007
cam1 extrinsics = -0.001,0.014,0.703,0.711 | -0.048,-0.012,0.005
q_GtoI = 0.339,-0.647,0.318,0.604 | p_IinG = 0.131,-1.762,0.741 | dist = 62.25 (meters)
bg = -0.0017,0.0191,0.0760 | ba = -0.0611,0.0582,-0.0103
camera-imu timeoffset = -0.00003
cam0 intrinsics = 461.215,459.978,367.557,245.688 | -0.277,0.069,0.001,-0.000
cam1 intrinsics = 459.946,458.724,380.167,252.829 | -0.278,0.070,0.000,-0.000
cam0 extrinsics = -0.007,0.010,0.702,0.712 | 0.064,-0.012,0.007
cam1 extrinsics = -0.001,0.014,0.703,0.711 | -0.048,-0.012,0.005
q_GtoI = 0.346,-0.659,0.312,0.591 | p_IinG = 0.153,-1.719,0.716 | dist = 62.30 (meters)
bg = -0.0019,0.0188,0.0764 | ba = -0.0669,0.0578,-0.0106
camera-imu timeoffset = -0.00004
cam0 intrinsics = 461.217,459.971,367.561,245.685 | -0.277,0.069,0.001,-0.000
cam1 intrinsics = 459.949,458.716,380.162,252.826 | -0.278,0.070,0.000,-0.000
cam0 extrinsics = -0.007,0.010,0.702,0.712 | 0.064,-0.012,0.007
cam1 extrinsics = -0.001,0.014,0.703,0.711 | -0.048,-0.012,0.005
q_GtoI = 0.355,-0.677,0.301,0.570 | p_IinG = 0.178,-1.673,0.692 | dist = 62.36 (meters)
bg = -0.0019,0.0187,0.0767 | ba = -0.0709,0.0575,-0.0108
camera-imu timeoffset = -0.00004
cam0 intrinsics = 461.209,459.960,367.559,245.690 | -0.277,0.069,0.001,-0.000
cam1 intrinsics = 459.942,458.705,380.160,252.831 | -0.278,0.070,0.000,-0.000
cam0 extrinsics = -0.007,0.010,0.702,0.712 | 0.064,-0.012,0.007
cam1 extrinsics = -0.001,0.014,0.703,0.711 | -0.048,-0.012,0.005
q_GtoI = 0.367,-0.700,0.286,0.542 | p_IinG = 0.206,-1.624,0.666 | dist = 62.42 (meters)
bg = -0.0020,0.0186,0.0768 | ba = -0.0736,0.0580,-0.0108
camera-imu timeoffset = -0.00005
cam0 intrinsics = 461.198,459.944,367.560,245.694 | -0.277,0.069,0.001,-0.000
cam1 intrinsics = 459.931,458.691,380.159,252.835 | -0.278,0.070,0.000,-0.000
cam0 extrinsics = -0.007,0.010,0.702,0.712 | 0.064,-0.012,0.007
cam1 extrinsics = -0.001,0.014,0.703,0.711 | -0.048,-0.012,0.005
q_GtoI = 0.380,-0.725,0.268,0.508 | p_IinG = 0.234,-1.571,0.640 | dist = 62.49 (meters)
bg = -0.0022,0.0183,0.0765 | ba = -0.0767,0.0583,-0.0096
camera-imu timeoffset = -0.00005
cam0 intrinsics = 461.174,459.917,367.568,245.689 | -0.277,0.069,0.001,-0.000
cam1 intrinsics = 459.907,458.662,380.162,252.833 | -0.278,0.070,0.000,-0.000
cam0 extrinsics = -0.007,0.010,0.702,0.712 | 0.064,-0.012,0.007
cam1 extrinsics = -0.001,0.014,0.703,0.711 | -0.048,-0.012,0.005
q_GtoI = 0.390,-0.746,0.251,0.477 | p_IinG = 0.263,-1.518,0.615 | dist = 62.56 (meters)
bg = -0.0024,0.0181,0.0764 | ba = -0.0768,0.0592,-0.0084
camera-imu timeoffset = -0.00005
cam0 intrinsics = 461.138,459.882,367.570,245.681 | -0.277,0.069,0.001,-0.000
cam1 intrinsics = 459.872,458.627,380.155,252.820 | -0.278,0.070,0.000,-0.000
cam0 extrinsics = -0.007,0.010,0.702,0.712 | 0.064,-0.012,0.007
cam1 extrinsics = -0.001,0.014,0.703,0.711 | -0.048,-0.012,0.005
q_GtoI = 0.399,-0.764,0.235,0.449 | p_IinG = 0.291,-1.467,0.591 | dist = 62.62 (meters)
bg = -0.0025,0.0180,0.0765 | ba = -0.0765,0.0603,-0.0079
camera-imu timeoffset = -0.00005
cam0 intrinsics = 461.113,459.859,367.574,245.674 | -0.277,0.069,0.001,-0.000
cam1 intrinsics = 459.847,458.605,380.156,252.814 | -0.278,0.070,0.000,-0.000
cam0 extrinsics = -0.007,0.010,0.702,0.712 | 0.064,-0.012,0.007
cam1 extrinsics = -0.001,0.014,0.703,0.711 | -0.048,-0.012,0.005
q_GtoI = 0.404,-0.777,0.222,0.427 | p_IinG = 0.315,-1.420,0.570 | dist = 62.67 (meters)
bg = -0.0026,0.0179,0.0765 | ba = -0.0768,0.0600,-0.0079
camera-imu timeoffset = -0.00005
cam0 intrinsics = 461.099,459.843,367.576,245.673 | -0.277,0.069,0.001,-0.000
cam1 intrinsics = 459.833,458.590,380.155,252.813 | -0.278,0.070,0.000,-0.000
cam0 extrinsics = -0.007,0.010,0.702,0.712 | 0.064,-0.012,0.007
cam1 extrinsics = -0.001,0.014,0.703,0.711 | -0.048,-0.012,0.005
q_GtoI = 0.410,-0.788,0.210,0.408 | p_IinG = 0.335,-1.378,0.549 | dist = 62.73 (meters)
bg = -0.0028,0.0178,0.0764 | ba = -0.0766,0.0598,-0.0081
camera-imu timeoffset = -0.00005
cam0 intrinsics = 461.087,459.827,367.579,245.676 | -0.277,0.069,0.001,-0.000
cam1 intrinsics = 459.821,458.574,380.157,252.815 | -0.278,0.070,0.000,-0.000
cam0 extrinsics = -0.007,0.010,0.702,0.712 | 0.064,-0.012,0.007
cam1 extrinsics = -0.001,0.014,0.703,0.711 | -0.048,-0.012,0.005
q_GtoI = 0.414,-0.797,0.199,0.392 | p_IinG = 0.351,-1.342,0.529 | dist = 62.77 (meters)
bg = -0.0030,0.0177,0.0765 | ba = -0.0758,0.0600,-0.0083
camera-imu timeoffset = -0.00005
cam0 intrinsics = 461.079,459.817,367.581,245.674 | -0.277,0.069,0.001,-0.000
cam1 intrinsics = 459.813,458.565,380.157,252.814 | -0.278,0.070,0.000,-0.000
cam0 extrinsics = -0.007,0.010,0.702,0.712 | 0.064,-0.012,0.007
cam1 extrinsics = -0.001,0.014,0.703,0.711 | -0.048,-0.012,0.005
q_GtoI = 0.419,-0.802,0.188,0.382 | p_IinG = 0.362,-1.314,0.511 | dist = 62.80 (meters)
bg = -0.0032,0.0178,0.0765 | ba = -0.0738,0.0602,-0.0088
camera-imu timeoffset = -0.00005
cam0 intrinsics = 461.073,459.810,367.583,245.673 | -0.277,0.069,0.001,-0.000
cam1 intrinsics = 459.807,458.559,380.158,252.814 | -0.278,0.069,0.000,-0.000
cam0 extrinsics = -0.007,0.010,0.702,0.712 | 0.064,-0.012,0.007
cam1 extrinsics = -0.001,0.014,0.703,0.711 | -0.048,-0.012,0.004
q_GtoI = 0.427,-0.803,0.176,0.378 | p_IinG = 0.368,-1.295,0.494 | dist = 62.83 (meters)
bg = -0.0034,0.0179,0.0765 | ba = -0.0716,0.0611,-0.0098
camera-imu timeoffset = -0.00005
cam0 intrinsics = 461.065,459.802,367.586,245.673 | -0.277,0.069,0.001,-0.000
cam1 intrinsics = 459.799,458.551,380.164,252.816 | -0.278,0.069,0.000,-0.000
cam0 extrinsics = -0.007,0.010,0.702,0.712 | 0.064,-0.012,0.007
cam1 extrinsics = -0.001,0.014,0.703,0.711 | -0.048,-0.012,0.004
q_GtoI = 0.436,-0.797,0.164,0.383 | p_IinG = 0.367,-1.286,0.480 | dist = 62.85 (meters)
bg = -0.0034,0.0179,0.0766 | ba = -0.0707,0.0611,-0.0104
camera-imu timeoffset = -0.00005
cam0 intrinsics = 461.060,459.796,367.588,245.672 | -0.277,0.069,0.001,-0.000
cam1 intrinsics = 459.794,458.545,380.166,252.815 | -0.278,0.069,0.000,-0.000
cam0 extrinsics = -0.007,0.010,0.702,0.712 | 0.064,-0.012,0.007
cam1 extrinsics = -0.001,0.014,0.703,0.711 | -0.048,-0.012,0.004
q_GtoI = 0.445,-0.788,0.156,0.396 | p_IinG = 0.362,-1.288,0.469 | dist = 62.86 (meters)
bg = -0.0035,0.0179,0.0767 | ba = -0.0700,0.0611,-0.0108
camera-imu timeoffset = -0.00005
cam0 intrinsics = 461.057,459.792,367.588,245.672 | -0.277,0.069,0.001,-0.000
cam1 intrinsics = 459.791,458.541,380.167,252.814 | -0.278,0.069,0.000,-0.000
cam0 extrinsics = -0.007,0.010,0.702,0.712 | 0.064,-0.012,0.007
cam1 extrinsics = -0.001,0.014,0.703,0.711 | -0.048,-0.012,0.004
q_GtoI = 0.452,-0.777,0.150,0.411 | p_IinG = 0.352,-1.301,0.460 | dist = 62.87 (meters)
bg = -0.0034,0.0179,0.0768 | ba = -0.0694,0.0600,-0.0124
camera-imu timeoffset = -0.00005
cam0 intrinsics = 461.056,459.788,367.588,245.668 | -0.277,0.069,0.001,-0.000
cam1 intrinsics = 459.790,458.537,380.168,252.811 | -0.278,0.069,0.000,-0.000
cam0 extrinsics = -0.007,0.010,0.702,0.712 | 0.064,-0.012,0.007
cam1 extrinsics = -0.001,0.014,0.703,0.711 | -0.048,-0.012,0.004
q_GtoI = 0.458,-0.764,0.147,0.430 | p_IinG = 0.342,-1.322,0.450 | dist = 62.90 (meters)
bg = -0.0033,0.0178,0.0767 | ba = -0.0653,0.0613,-0.0162
camera-imu timeoffset = -0.00005
cam0 intrinsics = 461.029,459.768,367.566,245.660 | -0.277,0.069,0.001,-0.000
cam1 intrinsics = 459.768,458.521,380.144,252.789 | -0.278,0.069,0.000,-0.000
cam0 extrinsics = -0.006,0.010,0.702,0.712 | 0.064,-0.012,0.006
cam1 extrinsics = -0.001,0.014,0.703,0.711 | -0.048,-0.012,0.004
q_GtoI = 0.459,-0.751,0.150,0.450 | p_IinG = 0.333,-1.349,0.443 | dist = 62.93 (meters)
bg = -0.0033,0.0175,0.0766 | ba = -0.0643,0.0618,-0.0156
camera-imu timeoffset = -0.00005
cam0 intrinsics = 461.023,459.775,367.552,245.674 | -0.277,0.069,0.001,-0.000
cam1 intrinsics = 459.763,458.528,380.135,252.809 | -0.278,0.069,0.000,-0.000
cam0 extrinsics = -0.006,0.010,0.702,0.712 | 0.064,-0.012,0.006
cam1 extrinsics = -0.001,0.014,0.703,0.711 | -0.048,-0.012,0.004
q_GtoI = 0.456,-0.737,0.159,0.473 | p_IinG = 0.325,-1.393,0.437 | dist = 62.97 (meters)
bg = -0.0029,0.0176,0.0768 | ba = -0.0627,0.0642,-0.0230
camera-imu timeoffset = -0.00005
cam0 intrinsics = 461.016,459.766,367.544,245.658 | -0.277,0.069,0.001,-0.000
cam1 intrinsics = 459.756,458.518,380.125,252.790 | -0.278,0.069,0.000,-0.000
cam0 extrinsics = -0.006,0.010,0.702,0.712 | 0.064,-0.012,0.006
cam1 extrinsics = -0.001,0.014,0.703,0.711 | -0.048,-0.012,0.004
q_GtoI = 0.447,-0.726,0.177,0.492 | p_IinG = 0.316,-1.439,0.435 | dist = 63.02 (meters)
bg = -0.0029,0.0179,0.0770 | ba = -0.0617,0.0656,-0.0266
camera-imu timeoffset = -0.00005
cam0 intrinsics = 461.008,459.758,367.538,245.661 | -0.277,0.069,0.001,-0.000
cam1 intrinsics = 459.748,458.511,380.112,252.792 | -0.278,0.069,0.000,-0.000
cam0 extrinsics = -0.006,0.010,0.702,0.712 | 0.064,-0.012,0.006
cam1 extrinsics = -0.001,0.014,0.703,0.711 | -0.048,-0.012,0.004
q_GtoI = 0.433,-0.717,0.201,0.508 | p_IinG = 0.309,-1.493,0.439 | dist = 63.07 (meters)
bg = -0.0027,0.0188,0.0770 | ba = -0.0639,0.0665,-0.0286
camera-imu timeoffset = -0.00005
cam0 intrinsics = 460.979,459.725,367.544,245.694 | -0.277,0.069,0.001,-0.000
cam1 intrinsics = 459.723,458.483,380.107,252.825 | -0.278,0.069,0.000,-0.000
cam0 extrinsics = -0.006,0.010,0.702,0.712 | 0.064,-0.013,0.006
cam1 extrinsics = -0.001,0.014,0.703,0.711 | -0.048,-0.013,0.004
q_GtoI = 0.417,-0.706,0.227,0.525 | p_IinG = 0.304,-1.548,0.439 | dist = 63.12 (meters)
bg = -0.0028,0.0192,0.0772 | ba = -0.0631,0.0673,-0.0309
camera-imu timeoffset = -0.00006
cam0 intrinsics = 460.962,459.712,367.535,245.682 | -0.277,0.069,0.001,-0.000
cam1 intrinsics = 459.707,458.471,380.093,252.814 | -0.278,0.069,0.000,-0.000
cam0 extrinsics = -0.006,0.010,0.702,0.712 | 0.064,-0.013,0.006
cam1 extrinsics = -0.001,0.014,0.703,0.711 | -0.048,-0.013,0.004
q_GtoI = 0.405,-0.696,0.248,0.539 | p_IinG = 0.302,-1.607,0.443 | dist = 63.18 (meters)
bg = -0.0025,0.0201,0.0775 | ba = -0.0631,0.0695,-0.0323
camera-imu timeoffset = -0.00006
cam0 intrinsics = 460.958,459.693,367.527,245.662 | -0.277,0.069,0.001,0.000
cam1 intrinsics = 459.707,458.456,380.083,252.794 | -0.278,0.069,0.000,-0.000
cam0 extrinsics = -0.006,0.010,0.702,0.712 | 0.064,-0.012,0.006
cam1 extrinsics = -0.001,0.014,0.703,0.711 | -0.048,-0.012,0.004
q_GtoI = 0.393,-0.685,0.267,0.552 | p_IinG = 0.301,-1.662,0.445 | dist = 63.23 (meters)
bg = -0.0025,0.0205,0.0773 | ba = -0.0644,0.0687,-0.0322
camera-imu timeoffset = -0.00006
cam0 intrinsics = 460.951,459.690,367.523,245.645 | -0.277,0.069,0.001,0.000
cam1 intrinsics = 459.701,458.454,380.076,252.778 | -0.278,0.069,0.000,-0.000
cam0 extrinsics = -0.006,0.010,0.702,0.712 | 0.064,-0.012,0.006
cam1 extrinsics = -0.001,0.014,0.703,0.711 | -0.048,-0.012,0.004
q_GtoI = 0.384,-0.674,0.282,0.565 | p_IinG = 0.302,-1.717,0.445 | dist = 63.29 (meters)
bg = -0.0024,0.0207,0.0771 | ba = -0.0661,0.0676,-0.0319
camera-imu timeoffset = -0.00006
cam0 intrinsics = 460.948,459.688,367.523,245.638 | -0.277,0.069,0.001,0.000
cam1 intrinsics = 459.699,458.453,380.072,252.771 | -0.278,0.069,0.000,-0.000
cam0 extrinsics = -0.006,0.010,0.702,0.712 | 0.064,-0.012,0.006
cam1 extrinsics = -0.001,0.014,0.703,0.711 | -0.048,-0.012,0.004
q_GtoI = 0.375,-0.663,0.296,0.577 | p_IinG = 0.307,-1.769,0.447 | dist = 63.34 (meters)
bg = -0.0024,0.0210,0.0770 | ba = -0.0670,0.0676,-0.0322
camera-imu timeoffset = -0.00006
cam0 intrinsics = 460.946,459.684,367.523,245.634 | -0.277,0.069,0.001,0.000
cam1 intrinsics = 459.697,458.448,380.068,252.766 | -0.278,0.069,0.000,-0.000
cam0 extrinsics = -0.006,0.010,0.702,0.712 | 0.064,-0.012,0.006
cam1 extrinsics = -0.001,0.014,0.703,0.711 | -0.048,-0.012,0.004
q_GtoI = 0.365,-0.650,0.311,0.590 | p_IinG = 0.316,-1.816,0.449 | dist = 63.39 (meters)
bg = -0.0024,0.0213,0.0769 | ba = -0.0666,0.0681,-0.0326
camera-imu timeoffset = -0.00006
cam0 intrinsics = 460.949,459.680,367.523,245.628 | -0.277,0.069,0.001,0.000
cam1 intrinsics = 459.700,458.444,380.064,252.759 | -0.278,0.069,0.000,-0.000
cam0 extrinsics = -0.006,0.010,0.702,0.712 | 0.064,-0.012,0.006
cam1 extrinsics = -0.001,0.014,0.703,0.711 | -0.048,-0.012,0.004
q_GtoI = 0.356,-0.638,0.324,0.601 | p_IinG = 0.328,-1.857,0.450 | dist = 63.43 (meters)
bg = -0.0024,0.0214,0.0769 | ba = -0.0647,0.0685,-0.0331
camera-imu timeoffset = -0.00006
cam0 intrinsics = 460.956,459.681,367.525,245.625 | -0.277,0.069,0.001,0.000
cam1 intrinsics = 459.707,458.445,380.062,252.757 | -0.278,0.069,0.000,-0.000
cam0 extrinsics = -0.006,0.010,0.702,0.712 | 0.064,-0.012,0.006
cam1 extrinsics = -0.001,0.014,0.703,0.711 | -0.048,-0.012,0.004
q_GtoI = 0.347,-0.628,0.336,0.610 | p_IinG = 0.344,-1.892,0.450 | dist = 63.47 (meters)
bg = -0.0024,0.0216,0.0768 | ba = -0.0618,0.0692,-0.0337
camera-imu timeoffset = -0.00006
cam0 intrinsics = 460.961,459.681,367.522,245.615 | -0.277,0.069,0.001,0.000
cam1 intrinsics = 459.711,458.444,380.056,252.748 | -0.278,0.069,0.000,-0.000
cam0 extrinsics = -0.006,0.010,0.702,0.712 | 0.064,-0.012,0.006
cam1 extrinsics = -0.001,0.014,0.703,0.711 | -0.048,-0.012,0.004
q_GtoI = 0.342,-0.620,0.343,0.617 | p_IinG = 0.364,-1.920,0.451 | dist = 63.50 (meters)
bg = -0.0024,0.0217,0.0768 | ba = -0.0586,0.0696,-0.0342
camera-imu timeoffset = -0.00006
cam0 intrinsics = 460.972,459.685,367.517,245.604 | -0.277,0.069,0.001,0.000
cam1 intrinsics = 459.720,458.447,380.048,252.736 | -0.278,0.069,0.000,-0.000
cam0 extrinsics = -0.006,0.010,0.702,0.712 | 0.064,-0.012,0.006
cam1 extrinsics = -0.001,0.014,0.703,0.711 | -0.048,-0.012,0.004
q_GtoI = 0.337,-0.617,0.352,0.618 | p_IinG = 0.386,-1.939,0.454 | dist = 63.54 (meters)
bg = -0.0025,0.0218,0.0764 | ba = -0.0561,0.0679,-0.0328
camera-imu timeoffset = -0.00005
cam0 intrinsics = 460.971,459.697,367.518,245.582 | -0.277,0.069,0.001,0.000
cam1 intrinsics = 459.719,458.456,380.041,252.713 | -0.278,0.069,0.000,-0.000
cam0 extrinsics = -0.006,0.010,0.702,0.712 | 0.064,-0.012,0.006
cam1 extrinsics = -0.001,0.014,0.703,0.711 | -0.048,-0.012,0.004
q_GtoI = 0.335,-0.620,0.357,0.613 | p_IinG = 0.414,-1.951,0.455 | dist = 63.57 (meters)
bg = -0.0026,0.0218,0.0763 | ba = -0.0546,0.0679,-0.0326
camera-imu timeoffset = -0.00005
cam0 intrinsics = 460.978,459.699,367.510,245.568 | -0.277,0.069,0.001,0.000
cam1 intrinsics = 459.726,458.457,380.031,252.697 | -0.278,0.070,0.000,-0.000
cam0 extrinsics = -0.006,0.010,0.702,0.712 | 0.064,-0.012,0.006
cam1 extrinsics = -0.001,0.014,0.703,0.711 | -0.048,-0.012,0.004
q_GtoI = 0.336,-0.630,0.361,0.600 | p_IinG = 0.448,-1.955,0.457 | dist = 63.60 (meters)
bg = -0.0026,0.0219,0.0766 | ba = -0.0577,0.0675,-0.0321
camera-imu timeoffset = -0.00005
cam0 intrinsics = 460.971,459.685,367.486,245.564 | -0.277,0.069,0.001,0.000
cam1 intrinsics = 459.718,458.443,380.009,252.693 | -0.278,0.070,0.000,-0.000
cam0 extrinsics = -0.006,0.010,0.702,0.712 | 0.064,-0.012,0.006
cam1 extrinsics = -0.001,0.014,0.703,0.711 | -0.048,-0.012,0.004
q_GtoI = 0.339,-0.646,0.363,0.580 | p_IinG = 0.484,-1.949,0.457 | dist = 63.64 (meters)
bg = -0.0027,0.0217,0.0766 | ba = -0.0579,0.0663,-0.0314
camera-imu timeoffset = -0.00005
cam0 intrinsics = 460.976,459.684,367.471,245.550 | -0.277,0.069,0.001,0.000
cam1 intrinsics = 459.720,458.436,379.979,252.671 | -0.278,0.070,0.000,-0.000
cam0 extrinsics = -0.006,0.010,0.702,0.712 | 0.064,-0.012,0.006
cam1 extrinsics = -0.001,0.014,0.703,0.711 | -0.048,-0.012,0.004
q_GtoI = 0.344,-0.665,0.358,0.557 | p_IinG = 0.521,-1.938,0.457 | dist = 63.68 (meters)
bg = -0.0027,0.0213,0.0763 | ba = -0.0591,0.0651,-0.0325
camera-imu timeoffset = -0.00006
cam0 intrinsics = 460.972,459.675,367.472,245.546 | -0.277,0.069,0.001,0.000
cam1 intrinsics = 459.715,458.426,379.979,252.666 | -0.278,0.070,0.000,-0.000
cam0 extrinsics = -0.006,0.010,0.702,0.712 | 0.064,-0.012,0.006
cam1 extrinsics = -0.001,0.014,0.703,0.711 | -0.048,-0.012,0.004
q_GtoI = 0.351,-0.686,0.350,0.533 | p_IinG = 0.560,-1.920,0.455 | dist = 63.72 (meters)
bg = -0.0026,0.0209,0.0765 | ba = -0.0569,0.0640,-0.0318
camera-imu timeoffset = -0.00006
cam0 intrinsics = 460.965,459.662,367.456,245.550 | -0.277,0.069,0.001,0.000
cam1 intrinsics = 459.709,458.412,379.964,252.669 | -0.278,0.070,0.000,-0.000
cam0 extrinsics = -0.006,0.010,0.702,0.712 | 0.064,-0.012,0.006
cam1 extrinsics = -0.001,0.014,0.703,0.711 | -0.048,-0.012,0.004
q_GtoI = 0.359,-0.708,0.340,0.504 | p_IinG = 0.597,-1.895,0.455 | dist = 63.76 (meters)
bg = -0.0028,0.0207,0.0765 | ba = -0.0573,0.0623,-0.0313
camera-imu timeoffset = -0.00006
cam0 intrinsics = 460.976,459.658,367.444,245.559 | -0.277,0.069,0.001,0.000
cam1 intrinsics = 459.721,458.410,379.946,252.677 | -0.278,0.070,0.000,-0.000
cam0 extrinsics = -0.006,0.010,0.702,0.712 | 0.064,-0.012,0.006
cam1 extrinsics = -0.001,0.014,0.703,0.711 | -0.048,-0.012,0.004
q_GtoI = 0.365,-0.732,0.328,0.473 | p_IinG = 0.632,-1.865,0.455 | dist = 63.81 (meters)
bg = -0.0032,0.0205,0.0765 | ba = -0.0592,0.0615,-0.0315
camera-imu timeoffset = -0.00006
cam0 intrinsics = 460.995,459.667,367.438,245.568 | -0.277,0.069,0.001,0.000
cam1 intrinsics = 459.740,458.419,379.942,252.686 | -0.278,0.070,0.000,-0.000
cam0 extrinsics = -0.006,0.010,0.702,0.712 | 0.064,-0.012,0.006
cam1 extrinsics = -0.001,0.014,0.703,0.711 | -0.048,-0.012,0.004
q_GtoI = 0.372,-0.754,0.314,0.441 | p_IinG = 0.664,-1.836,0.456 | dist = 63.86 (meters)
bg = -0.0036,0.0206,0.0768 | ba = -0.0575,0.0611,-0.0320
camera-imu timeoffset = -0.00006
cam0 intrinsics = 460.998,459.672,367.436,245.580 | -0.277,0.069,0.001,0.000
cam1 intrinsics = 459.743,458.424,379.939,252.699 | -0.278,0.070,0.000,-0.000
cam0 extrinsics = -0.006,0.010,0.702,0.712 | 0.064,-0.012,0.006
cam1 extrinsics = -0.001,0.014,0.703,0.711 | -0.048,-0.012,0.004
q_GtoI = 0.376,-0.774,0.301,0.410 | p_IinG = 0.691,-1.807,0.458 | dist = 63.90 (meters)
bg = -0.0039,0.0207,0.0767 | ba = -0.0560,0.0603,-0.0329
camera-imu timeoffset = -0.00006
cam0 intrinsics = 460.992,459.673,367.437,245.592 | -0.277,0.069,0.001,0.000
cam1 intrinsics = 459.737,458.426,379.941,252.712 | -0.278,0.070,0.000,-0.000
cam0 extrinsics = -0.006,0.010,0.702,0.712 | 0.064,-0.012,0.006
cam1 extrinsics = -0.001,0.014,0.703,0.711 | -0.048,-0.012,0.004
q_GtoI = 0.380,-0.790,0.289,0.384 | p_IinG = 0.712,-1.778,0.461 | dist = 63.93 (meters)
bg = -0.0041,0.0206,0.0767 | ba = -0.0544,0.0585,-0.0333
camera-imu timeoffset = -0.00006
cam0 intrinsics = 460.985,459.665,367.435,245.607 | -0.277,0.069,0.001,0.000
cam1 intrinsics = 459.731,458.420,379.940,252.728 | -0.278,0.070,0.000,-0.000
cam0 extrinsics = -0.006,0.010,0.702,0.712 | 0.064,-0.012,0.006
cam1 extrinsics = -0.001,0.014,0.703,0.711 | -0.048,-0.012,0.004
q_GtoI = 0.386,-0.802,0.277,0.363 | p_IinG = 0.726,-1.752,0.466 | dist = 63.96 (meters)
bg = -0.0041,0.0203,0.0769 | ba = -0.0540,0.0579,-0.0332
camera-imu timeoffset = -0.00006
cam0 intrinsics = 460.967,459.647,367.437,245.596 | -0.277,0.069,0.001,0.000
cam1 intrinsics = 459.715,458.403,379.945,252.711 | -0.278,0.070,0.000,-0.000
cam0 extrinsics = -0.006,0.010,0.702,0.712 | 0.064,-0.012,0.006
cam1 extrinsics = -0.001,0.014,0.703,0.711 | -0.048,-0.012,0.004
q_GtoI = 0.394,-0.809,0.263,0.348 | p_IinG = 0.734,-1.732,0.473 | dist = 63.98 (meters)
bg = -0.0041,0.0203,0.0770 | ba = -0.0535,0.0586,-0.0326
camera-imu timeoffset = -0.00006
cam0 intrinsics = 460.973,459.651,367.434,245.593 | -0.277,0.069,0.001,0.000
cam1 intrinsics = 459.722,458.408,379.944,252.709 | -0.278,0.070,0.000,-0.000
cam0 extrinsics = -0.006,0.010,0.702,0.712 | 0.064,-0.012,0.006
cam1 extrinsics = -0.001,0.014,0.703,0.711 | -0.048,-0.012,0.004
q_GtoI = 0.405,-0.812,0.249,0.338 | p_IinG = 0.733,-1.716,0.483 | dist = 64.00 (meters)
bg = -0.0042,0.0203,0.0770 | ba = -0.0527,0.0593,-0.0319
camera-imu timeoffset = -0.00007
cam0 intrinsics = 460.960,459.645,367.434,245.584 | -0.277,0.069,0.001,0.000
cam1 intrinsics = 459.710,458.402,379.946,252.701 | -0.278,0.070,0.000,-0.000
cam0 extrinsics = -0.006,0.010,0.702,0.712 | 0.064,-0.012,0.006
cam1 extrinsics = -0.001,0.014,0.703,0.711 | -0.048,-0.012,0.004
q_GtoI = 0.419,-0.810,0.236,0.336 | p_IinG = 0.722,-1.708,0.497 | dist = 64.02 (meters)
bg = -0.0042,0.0203,0.0771 | ba = -0.0525,0.0596,-0.0312
camera-imu timeoffset = -0.00007
cam0 intrinsics = 460.953,459.642,367.435,245.582 | -0.277,0.069,0.001,0.000
cam1 intrinsics = 459.705,458.400,379.950,252.700 | -0.278,0.070,0.000,-0.000
cam0 extrinsics = -0.006,0.010,0.702,0.712 | 0.064,-0.012,0.006
cam1 extrinsics = -0.001,0.014,0.703,0.711 | -0.048,-0.012,0.004
q_GtoI = 0.433,-0.803,0.227,0.342 | p_IinG = 0.698,-1.709,0.522 | dist = 64.05 (meters)
bg = -0.0044,0.0206,0.0772 | ba = -0.0574,0.0603,-0.0312
camera-imu timeoffset = -0.00006
cam0 intrinsics = 460.936,459.654,367.444,245.590 | -0.277,0.069,0.001,0.000
cam1 intrinsics = 459.688,458.413,379.960,252.706 | -0.278,0.069,0.000,-0.000
cam0 extrinsics = -0.006,0.010,0.702,0.712 | 0.064,-0.012,0.006
cam1 extrinsics = -0.001,0.014,0.703,0.711 | -0.048,-0.012,0.004
q_GtoI = 0.449,-0.789,0.221,0.357 | p_IinG = 0.672,-1.725,0.547 | dist = 64.08 (meters)
bg = -0.0041,0.0207,0.0772 | ba = -0.0612,0.0635,-0.0305
camera-imu timeoffset = -0.00006
cam0 intrinsics = 460.930,459.661,367.439,245.584 | -0.277,0.069,0.001,0.000
cam1 intrinsics = 459.684,458.422,379.956,252.702 | -0.278,0.069,0.000,-0.000
cam0 extrinsics = -0.006,0.010,0.702,0.712 | 0.064,-0.012,0.006
cam1 extrinsics = -0.001,0.014,0.703,0.711 | -0.048,-0.012,0.004
q_GtoI = 0.463,-0.771,0.221,0.378 | p_IinG = 0.640,-1.747,0.571 | dist = 64.13 (meters)
bg = -0.0039,0.0208,0.0774 | ba = -0.0615,0.0643,-0.0303
camera-imu timeoffset = -0.00006
cam0 intrinsics = 460.921,459.660,367.430,245.579 | -0.277,0.069,0.001,0.000
cam1 intrinsics = 459.674,458.422,379.954,252.697 | -0.278,0.069,0.000,-0.000
cam0 extrinsics = -0.006,0.010,0.702,0.712 | 0.064,-0.012,0.006
cam1 extrinsics = -0.001,0.014,0.703,0.711 | -0.048,-0.012,0.004
q_GtoI = 0.476,-0.749,0.224,0.402 | p_IinG = 0.604,-1.779,0.598 | dist = 64.18 (meters)
bg = -0.0039,0.0210,0.0773 | ba = -0.0619,0.0657,-0.0301
camera-imu timeoffset = -0.00006
cam0 intrinsics = 460.914,459.665,367.431,245.581 | -0.277,0.069,0.001,0.000
cam1 intrinsics = 459.667,458.427,379.960,252.702 | -0.278,0.069,0.000,-0.000
cam0 extrinsics = -0.006,0.010,0.702,0.712 | 0.064,-0.012,0.006
cam1 extrinsics = -0.001,0.014,0.703,0.711 | -0.048,-0.012,0.004
q_GtoI = 0.488,-0.725,0.231,0.428 | p_IinG = 0.569,-1.811,0.625 | dist = 64.24 (meters)
bg = -0.0039,0.0208,0.0774 | ba = -0.0608,0.0664,-0.0252
camera-imu timeoffset = -0.00006
cam0 intrinsics = 460.901,459.660,367.429,245.587 | -0.277,0.069,0.001,0.000
cam1 intrinsics = 459.654,458.423,379.961,252.711 | -0.278,0.069,0.000,-0.000
cam0 extrinsics = -0.006,0.010,0.702,0.712 | 0.064,-0.012,0.006
cam1 extrinsics = -0.001,0.014,0.703,0.711 | -0.048,-0.012,0.004
q_GtoI = 0.498,-0.700,0.242,0.452 | p_IinG = 0.534,-1.858,0.652 | dist = 64.31 (meters)
bg = -0.0035,0.0210,0.0773 | ba = -0.0612,0.0678,-0.0268
camera-imu timeoffset = -0.00006
cam0 intrinsics = 460.895,459.661,367.433,245.556 | -0.277,0.069,0.001,0.000
cam1 intrinsics = 459.648,458.424,379.976,252.680 | -0.278,0.069,0.000,-0.000
cam0 extrinsics = -0.006,0.010,0.702,0.712 | 0.064,-0.012,0.006
cam1 extrinsics = -0.001,0.014,0.703,0.711 | -0.048,-0.012,0.004
q_GtoI = 0.506,-0.675,0.254,0.474 | p_IinG = 0.498,-1.904,0.681 | dist = 64.37 (meters)
bg = -0.0036,0.0211,0.0769 | ba = -0.0620,0.0680,-0.0239
camera-imu timeoffset = -0.00006
cam0 intrinsics = 460.900,459.659,367.424,245.560 | -0.277,0.069,0.001,0.000
cam1 intrinsics = 459.652,458.420,379.963,252.683 | -0.278,0.069,0.000,-0.000
cam0 extrinsics = -0.006,0.010,0.702,0.712 | 0.064,-0.012,0.006
cam1 extrinsics = -0.001,0.014,0.703,0.711 | -0.048,-0.012,0.004
q_GtoI = 0.513,-0.650,0.268,0.492 | p_IinG = 0.464,-1.955,0.711 | dist = 64.43 (meters)
bg = -0.0037,0.0214,0.0766 | ba = -0.0652,0.0681,-0.0200
camera-imu timeoffset = -0.00006
cam0 intrinsics = 460.892,459.655,367.410,245.574 | -0.277,0.069,0.001,0.000
cam1 intrinsics = 459.646,458.417,379.935,252.696 | -0.278,0.069,0.000,-0.000
cam0 extrinsics = -0.006,0.010,0.702,0.712 | 0.063,-0.012,0.006
cam1 extrinsics = -0.001,0.014,0.703,0.711 | -0.048,-0.012,0.004
q_GtoI = 0.519,-0.628,0.284,0.506 | p_IinG = 0.435,-2.007,0.736 | dist = 64.50 (meters)
bg = -0.0037,0.0213,0.0766 | ba = -0.0659,0.0674,-0.0204
camera-imu timeoffset = -0.00006
cam0 intrinsics = 460.895,459.658,367.411,245.572 | -0.277,0.069,0.001,0.000
cam1 intrinsics = 459.648,458.419,379.936,252.692 | -0.278,0.069,0.000,-0.000
cam0 extrinsics = -0.006,0.010,0.702,0.712 | 0.063,-0.012,0.006
cam1 extrinsics = -0.001,0.014,0.703,0.711 | -0.048,-0.012,0.004
q_GtoI = 0.524,-0.608,0.300,0.517 | p_IinG = 0.413,-2.063,0.760 | dist = 64.56 (meters)
bg = -0.0034,0.0214,0.0764 | ba = -0.0669,0.0685,-0.0232
camera-imu timeoffset = -0.00006
cam0 intrinsics = 460.889,459.659,367.413,245.567 | -0.277,0.069,0.001,0.000
cam1 intrinsics = 459.642,458.420,379.938,252.685 | -0.278,0.069,0.000,-0.000
cam0 extrinsics = -0.006,0.010,0.702,0.712 | 0.063,-0.012,0.006
cam1 extrinsics = -0.001,0.014,0.703,0.711 | -0.048,-0.012,0.004
q_GtoI = 0.528,-0.591,0.316,0.522 | p_IinG = 0.396,-2.116,0.783 | dist = 64.62 (meters)
bg = -0.0031,0.0212,0.0763 | ba = -0.0673,0.0691,-0.0247
camera-imu timeoffset = -0.00006
cam0 intrinsics = 460.883,459.663,367.433,245.594 | -0.277,0.069,0.001,0.000
cam1 intrinsics = 459.637,458.425,379.957,252.711 | -0.278,0.069,0.000,-0.000
cam0 extrinsics = -0.006,0.010,0.702,0.712 | 0.063,-0.012,0.006
cam1 extrinsics = -0.001,0.014,0.703,0.711 | -0.048,-0.012,0.004
q_GtoI = 0.529,-0.577,0.335,0.524 | p_IinG = 0.386,-2.174,0.800 | dist = 64.68 (meters)
bg = -0.0028,0.0212,0.0764 | ba = -0.0663,0.0707,-0.0349
camera-imu timeoffset = -0.00006
cam0 intrinsics = 460.890,459.650,367.416,245.615 | -0.277,0.069,0.001,0.000
cam1 intrinsics = 459.642,458.412,379.943,252.734 | -0.278,0.069,0.000,-0.000
cam0 extrinsics = -0.006,0.010,0.702,0.712 | 0.063,-0.012,0.006
cam1 extrinsics = -0.001,0.014,0.703,0.711 | -0.049,-0.012,0.004
q_GtoI = 0.530,-0.566,0.355,0.522 | p_IinG = 0.375,-2.222,0.820 | dist = 64.73 (meters)
bg = -0.0028,0.0211,0.0762 | ba = -0.0657,0.0691,-0.0344
camera-imu timeoffset = -0.00006
cam0 intrinsics = 460.891,459.646,367.414,245.614 | -0.277,0.069,0.001,0.000
cam1 intrinsics = 459.642,458.408,379.944,252.731 | -0.278,0.069,0.000,-0.000
cam0 extrinsics = -0.006,0.010,0.702,0.712 | 0.063,-0.012,0.006
cam1 extrinsics = -0.001,0.014,0.703,0.711 | -0.049,-0.012,0.004
q_GtoI = 0.530,-0.558,0.377,0.516 | p_IinG = 0.368,-2.270,0.839 | dist = 64.78 (meters)
bg = -0.0028,0.0213,0.0762 | ba = -0.0660,0.0680,-0.0342
camera-imu timeoffset = -0.00006
cam0 intrinsics = 460.886,459.641,367.412,245.612 | -0.277,0.069,0.001,0.000
cam1 intrinsics = 459.637,458.402,379.942,252.729 | -0.278,0.069,0.000,-0.000
cam0 extrinsics = -0.006,0.010,0.702,0.712 | 0.063,-0.012,0.006
cam1 extrinsics = -0.001,0.014,0.703,0.711 | -0.049,-0.012,0.004
q_GtoI = 0.531,-0.553,0.395,0.506 | p_IinG = 0.366,-2.312,0.857 | dist = 64.83 (meters)
bg = -0.0028,0.0213,0.0762 | ba = -0.0659,0.0678,-0.0336
camera-imu timeoffset = -0.00006
cam0 intrinsics = 460.884,459.640,367.412,245.612 | -0.277,0.069,0.001,0.000
cam1 intrinsics = 459.635,458.400,379.941,252.727 | -0.278,0.069,0.000,-0.000
cam0 extrinsics = -0.006,0.010,0.702,0.712 | 0.063,-0.012,0.006
cam1 extrinsics = -0.001,0.014,0.703,0.711 | -0.049,-0.012,0.004
q_GtoI = 0.534,-0.548,0.411,0.496 | p_IinG = 0.365,-2.342,0.875 | dist = 64.87 (meters)
bg = -0.0030,0.0209,0.0759 | ba = -0.0649,0.0692,-0.0259
camera-imu timeoffset = -0.00006
cam0 intrinsics = 460.878,459.646,367.438,245.607 | -0.277,0.069,0.001,0.000
cam1 intrinsics = 459.628,458.407,379.970,252.725 | -0.278,0.069,0.000,-0.000
cam0 extrinsics = -0.006,0.010,0.702,0.712 | 0.063,-0.012,0.006
cam1 extrinsics = -0.001,0.014,0.703,0.711 | -0.049,-0.012,0.004
q_GtoI = 0.538,-0.544,0.423,0.485 | p_IinG = 0.368,-2.377,0.891 | dist = 64.91 (meters)
bg = -0.0033,0.0211,0.0759 | ba = -0.0660,0.0694,-0.0258
camera-imu timeoffset = -0.00006
cam0 intrinsics = 460.875,459.646,367.437,245.604 | -0.277,0.069,0.001,0.000
cam1 intrinsics = 459.625,458.405,379.967,252.721 | -0.278,0.069,0.000,-0.000
cam0 extrinsics = -0.006,0.010,0.702,0.712 | 0.063,-0.012,0.006
cam1 extrinsics = -0.001,0.014,0.703,0.711 | -0.048,-0.012,0.004
q_GtoI = 0.543,-0.539,0.432,0.477 | p_IinG = 0.383,-2.402,0.910 | dist = 64.94 (meters)
bg = -0.0028,0.0208,0.0763 | ba = -0.0705,0.0742,-0.0222
camera-imu timeoffset = -0.00006
cam0 intrinsics = 460.837,459.634,367.428,245.584 | -0.277,0.069,0.001,0.000
cam1 intrinsics = 459.580,458.389,379.943,252.700 | -0.278,0.069,0.000,-0.000
cam0 extrinsics = -0.006,0.010,0.702,0.712 | 0.064,-0.012,0.006
cam1 extrinsics = -0.001,0.014,0.703,0.711 | -0.048,-0.012,0.004
q_GtoI = 0.546,-0.533,0.442,0.471 | p_IinG = 0.390,-2.425,0.926 | dist = 64.97 (meters)
bg = -0.0028,0.0209,0.0763 | ba = -0.0698,0.0750,-0.0195
camera-imu timeoffset = -0.00006
cam0 intrinsics = 460.827,459.633,367.428,245.579 | -0.277,0.069,0.001,0.000
cam1 intrinsics = 459.570,458.387,379.940,252.696 | -0.278,0.069,0.000,-0.000
cam0 extrinsics = -0.006,0.010,0.702,0.712 | 0.064,-0.012,0.006
cam1 extrinsics = -0.001,0.014,0.703,0.711 | -0.048,-0.012,0.004
q_GtoI = 0.547,-0.525,0.452,0.470 | p_IinG = 0.398,-2.441,0.944 | dist = 65.00 (meters)
bg = -0.0028,0.0210,0.0763 | ba = -0.0689,0.0770,-0.0162
camera-imu timeoffset = -0.00007
cam0 intrinsics = 460.817,459.631,367.425,245.575 | -0.277,0.069,0.001,0.000
cam1 intrinsics = 459.559,458.384,379.934,252.693 | -0.278,0.069,0.000,-0.000
cam0 extrinsics = -0.006,0.010,0.702,0.712 | 0.064,-0.012,0.006
cam1 extrinsics = -0.001,0.014,0.703,0.711 | -0.048,-0.012,0.004
q_GtoI = 0.545,-0.515,0.463,0.472 | p_IinG = 0.407,-2.452,0.965 | dist = 65.02 (meters)
bg = -0.0027,0.0211,0.0765 | ba = -0.0700,0.0817,-0.0120
camera-imu timeoffset = -0.00007
cam0 intrinsics = 460.826,459.632,367.420,245.560 | -0.277,0.069,0.001,0.000
cam1 intrinsics = 459.569,458.386,379.927,252.679 | -0.278,0.069,0.000,-0.000
cam0 extrinsics = -0.006,0.010,0.702,0.712 | 0.064,-0.012,0.006
cam1 extrinsics = -0.001,0.014,0.703,0.711 | -0.048,-0.012,0.004
q_GtoI = 0.541,-0.505,0.475,0.476 | p_IinG = 0.417,-2.457,0.985 | dist = 65.04 (meters)
bg = -0.0026,0.0213,0.0766 | ba = -0.0706,0.0847,-0.0096
camera-imu timeoffset = -0.00007
cam0 intrinsics = 460.826,459.631,367.415,245.551 | -0.277,0.069,0.001,0.000
cam1 intrinsics = 459.570,458.384,379.919,252.672 | -0.278,0.069,0.000,-0.000
cam0 extrinsics = -0.006,0.010,0.702,0.712 | 0.064,-0.012,0.006
cam1 extrinsics = -0.001,0.014,0.703,0.711 | -0.048,-0.012,0.004
q_GtoI = 0.537,-0.496,0.485,0.480 | p_IinG = 0.426,-2.452,1.007 | dist = 65.06 (meters)
bg = -0.0026,0.0213,0.0766 | ba = -0.0718,0.0909,-0.0043
camera-imu timeoffset = -0.00006
cam0 intrinsics = 460.822,459.632,367.480,245.620 | -0.277,0.069,0.001,0.000
cam1 intrinsics = 459.568,458.387,379.973,252.741 | -0.278,0.069,0.000,-0.000
cam0 extrinsics = -0.006,0.010,0.702,0.712 | 0.064,-0.012,0.006
cam1 extrinsics = -0.001,0.014,0.703,0.711 | -0.048,-0.012,0.004
q_GtoI = 0.534,-0.488,0.492,0.484 | p_IinG = 0.436,-2.445,1.030 | dist = 65.08 (meters)
bg = -0.0026,0.0216,0.0763 | ba = -0.0760,0.0931,-0.0033
camera-imu timeoffset = -0.00006
cam0 intrinsics = 460.821,459.632,367.483,245.622 | -0.277,0.069,0.001,0.000
cam1 intrinsics = 459.568,458.385,379.961,252.738 | -0.278,0.069,0.000,-0.000
cam0 extrinsics = -0.006,0.010,0.702,0.712 | 0.064,-0.012,0.006
cam1 extrinsics = -0.001,0.014,0.703,0.711 | -0.048,-0.012,0.004
q_GtoI = 0.531,-0.485,0.498,0.484 | p_IinG = 0.447,-2.432,1.053 | dist = 65.11 (meters)
bg = -0.0025,0.0221,0.0760 | ba = -0.0784,0.0957,-0.0021
camera-imu timeoffset = -0.00006
cam0 intrinsics = 460.827,459.633,367.486,245.618 | -0.277,0.069,0.001,0.000
cam1 intrinsics = 459.572,458.385,379.955,252.735 | -0.278,0.069,0.000,-0.000
cam0 extrinsics = -0.006,0.010,0.702,0.712 | 0.064,-0.013,0.006
cam1 extrinsics = -0.001,0.014,0.703,0.711 | -0.048,-0.013,0.004
q_GtoI = 0.532,-0.484,0.499,0.483 | p_IinG = 0.456,-2.410,1.073 | dist = 65.14 (meters)
bg = -0.0025,0.0224,0.0759 | ba = -0.0794,0.0977,0.0002
camera-imu timeoffset = -0.00006
cam0 intrinsics = 460.831,459.633,367.487,245.615 | -0.277,0.069,0.001,0.000
cam1 intrinsics = 459.576,458.385,379.949,252.733 | -0.278,0.069,0.000,-0.000
cam0 extrinsics = -0.006,0.010,0.702,0.712 | 0.063,-0.013,0.006
cam1 extrinsics = -0.001,0.014,0.703,0.711 | -0.048,-0.013,0.004
q_GtoI = 0.535,-0.486,0.497,0.480 | p_IinG = 0.465,-2.380,1.092 | dist = 65.17 (meters)
bg = -0.0026,0.0227,0.0758 | ba = -0.0788,0.0990,0.0027
camera-imu timeoffset = -0.00006
cam0 intrinsics = 460.833,459.635,367.485,245.610 | -0.277,0.069,0.001,0.000
cam1 intrinsics = 459.578,458.387,379.944,252.727 | -0.278,0.069,0.000,-0.000
cam0 extrinsics = -0.006,0.010,0.702,0.712 | 0.063,-0.013,0.006
cam1 extrinsics = -0.001,0.014,0.703,0.711 | -0.048,-0.013,0.004
q_GtoI = 0.541,-0.493,0.491,0.473 | p_IinG = 0.475,-2.345,1.106 | dist = 65.21 (meters)
bg = -0.0026,0.0230,0.0757 | ba = -0.0771,0.0995,0.0039
camera-imu timeoffset = -0.00006
cam0 intrinsics = 460.837,459.640,367.486,245.607 | -0.277,0.069,0.001,0.000
cam1 intrinsics = 459.583,458.392,379.942,252.723 | -0.278,0.069,0.000,-0.000
cam0 extrinsics = -0.006,0.010,0.702,0.712 | 0.063,-0.013,0.006
cam1 extrinsics = -0.001,0.014,0.703,0.711 | -0.048,-0.013,0.004
q_GtoI = 0.551,-0.505,0.481,0.459 | p_IinG = 0.482,-2.301,1.116 | dist = 65.26 (meters)
bg = -0.0029,0.0229,0.0759 | ba = -0.0718,0.0986,0.0065
camera-imu timeoffset = -0.00005
cam0 intrinsics = 460.840,459.647,367.493,245.604 | -0.277,0.069,0.001,0.000
cam1 intrinsics = 459.587,458.399,379.949,252.719 | -0.278,0.069,0.000,-0.000
cam0 extrinsics = -0.006,0.010,0.702,0.712 | 0.063,-0.013,0.006
cam1 extrinsics = -0.001,0.014,0.703,0.711 | -0.048,-0.013,0.004
q_GtoI = 0.560,-0.519,0.469,0.445 | p_IinG = 0.493,-2.254,1.119 | dist = 65.31 (meters)
bg = -0.0027,0.0226,0.0760 | ba = -0.0642,0.0965,0.0069
camera-imu timeoffset = -0.00006
cam0 intrinsics = 460.841,459.650,367.495,245.595 | -0.277,0.069,0.001,0.000
cam1 intrinsics = 459.590,458.402,379.954,252.713 | -0.278,0.069,0.000,-0.000
cam0 extrinsics = -0.006,0.010,0.702,0.712 | 0.063,-0.013,0.006
cam1 extrinsics = -0.001,0.014,0.703,0.711 | -0.048,-0.013,0.004
q_GtoI = 0.570,-0.533,0.456,0.428 | p_IinG = 0.504,-2.203,1.124 | dist = 65.36 (meters)
bg = -0.0025,0.0223,0.0763 | ba = -0.0619,0.0941,0.0057
camera-imu timeoffset = -0.00006
cam0 intrinsics = 460.836,459.644,367.497,245.597 | -0.277,0.069,0.001,0.000
cam1 intrinsics = 459.585,458.396,379.959,252.716 | -0.278,0.069,0.000,-0.000
cam0 extrinsics = -0.006,0.010,0.702,0.712 | 0.064,-0.013,0.006
cam1 extrinsics = -0.001,0.014,0.703,0.711 | -0.048,-0.013,0.004
q_GtoI = 0.579,-0.549,0.442,0.410 | p_IinG = 0.515,-2.148,1.129 | dist = 65.42 (meters)
bg = -0.0024,0.0221,0.0763 | ba = -0.0619,0.0930,0.0056
camera-imu timeoffset = -0.00006
cam0 intrinsics = 460.831,459.639,367.496,245.598 | -0.277,0.069,0.001,0.000
cam1 intrinsics = 459.580,458.390,379.960,252.717 | -0.278,0.069,0.000,-0.000
cam0 extrinsics = -0.006,0.010,0.702,0.712 | 0.064,-0.013,0.006
cam1 extrinsics = -0.001,0.014,0.703,0.711 | -0.048,-0.013,0.004
q_GtoI = 0.587,-0.563,0.429,0.394 | p_IinG = 0.524,-2.093,1.131 | dist = 65.47 (meters)
bg = -0.0024,0.0219,0.0762 | ba = -0.0619,0.0907,0.0052
camera-imu timeoffset = -0.00006
cam0 intrinsics = 460.827,459.633,367.499,245.602 | -0.277,0.069,0.001,0.000
cam1 intrinsics = 459.575,458.383,379.963,252.719 | -0.278,0.069,0.000,-0.000
cam0 extrinsics = -0.006,0.010,0.702,0.712 | 0.064,-0.013,0.006
cam1 extrinsics = -0.001,0.014,0.703,0.711 | -0.048,-0.013,0.004
q_GtoI = 0.592,-0.574,0.418,0.380 | p_IinG = 0.533,-2.038,1.131 | dist = 65.53 (meters)
bg = -0.0024,0.0218,0.0762 | ba = -0.0605,0.0882,0.0055
camera-imu timeoffset = -0.00006
cam0 intrinsics = 460.820,459.627,367.502,245.602 | -0.277,0.069,0.001,0.000
cam1 intrinsics = 459.567,458.377,379.967,252.720 | -0.278,0.069,0.000,-0.000
cam0 extrinsics = -0.006,0.010,0.702,0.712 | 0.064,-0.013,0.006
cam1 extrinsics = -0.001,0.014,0.703,0.711 | -0.048,-0.013,0.004
q_GtoI = 0.595,-0.581,0.412,0.374 | p_IinG = 0.536,-1.982,1.126 | dist = 65.59 (meters)
bg = -0.0025,0.0217,0.0771 | ba = -0.0541,0.0861,0.0105
camera-imu timeoffset = -0.00006
cam0 intrinsics = 460.867,459.644,367.491,245.599 | -0.277,0.069,0.001,0.000
cam1 intrinsics = 459.614,458.395,379.950,252.717 | -0.278,0.069,0.000,-0.000
cam0 extrinsics = -0.006,0.010,0.702,0.712 | 0.064,-0.013,0.006
cam1 extrinsics = -0.001,0.014,0.703,0.711 | -0.048,-0.013,0.004
q_GtoI = 0.591,-0.583,0.413,0.374 | p_IinG = 0.541,-1.928,1.123 | dist = 65.64 (meters)
bg = -0.0025,0.0217,0.0771 | ba = -0.0513,0.0845,0.0113
camera-imu timeoffset = -0.00007
cam0 intrinsics = 460.874,459.646,367.491,245.600 | -0.277,0.069,0.001,0.000
cam1 intrinsics = 459.621,458.396,379.950,252.717 | -0.278,0.069,0.000,-0.000
cam0 extrinsics = -0.006,0.010,0.702,0.712 | 0.063,-0.013,0.006
cam1 extrinsics = -0.001,0.014,0.703,0.711 | -0.048,-0.013,0.004
q_GtoI = 0.586,-0.584,0.417,0.377 | p_IinG = 0.546,-1.877,1.118 | dist = 65.69 (meters)
bg = -0.0025,0.0216,0.0770 | ba = -0.0496,0.0824,0.0125
camera-imu timeoffset = -0.00007
cam0 intrinsics = 460.880,459.645,367.489,245.603 | -0.277,0.069,0.001,0.000
cam1 intrinsics = 459.627,458.395,379.948,252.719 | -0.278,0.069,0.000,-0.000
cam0 extrinsics = -0.006,0.010,0.702,0.712 | 0.063,-0.013,0.006
cam1 extrinsics = -0.001,0.014,0.703,0.711 | -0.048,-0.013,0.004
q_GtoI = 0.578,-0.585,0.425,0.378 | p_IinG = 0.550,-1.827,1.111 | dist = 65.75 (meters)
bg = -0.0025,0.0216,0.0770 | ba = -0.0469,0.0798,0.0135
camera-imu timeoffset = -0.00007
cam0 intrinsics = 460.884,459.644,367.487,245.604 | -0.277,0.069,0.001,0.000
cam1 intrinsics = 459.629,458.394,379.947,252.718 | -0.278,0.069,0.000,-0.000
cam0 extrinsics = -0.006,0.010,0.702,0.712 | 0.063,-0.013,0.006
cam1 extrinsics = -0.001,0.014,0.703,0.711 | -0.048,-0.013,0.004
q_GtoI = 0.571,-0.586,0.431,0.380 | p_IinG = 0.554,-1.777,1.103 | dist = 65.80 (meters)
bg = -0.0024,0.0212,0.0770 | ba = -0.0443,0.0783,0.0140
camera-imu timeoffset = -0.00007
cam0 intrinsics = 460.874,459.631,367.485,245.614 | -0.277,0.069,0.001,0.000
cam1 intrinsics = 459.622,458.382,379.948,252.724 | -0.278,0.069,0.000,-0.000
cam0 extrinsics = -0.006,0.010,0.702,0.712 | 0.063,-0.013,0.006
cam1 extrinsics = -0.001,0.014,0.703,0.711 | -0.048,-0.013,0.004
q_GtoI = 0.566,-0.586,0.434,0.384 | p_IinG = 0.555,-1.727,1.097 | dist = 65.85 (meters)
bg = -0.0023,0.0210,0.0770 | ba = -0.0437,0.0771,0.0153
camera-imu timeoffset = -0.00007
cam0 intrinsics = 460.876,459.629,367.485,245.619 | -0.277,0.069,0.001,0.000
cam1 intrinsics = 459.623,458.380,379.947,252.728 | -0.278,0.069,0.000,-0.000
cam0 extrinsics = -0.006,0.010,0.702,0.712 | 0.063,-0.013,0.006
cam1 extrinsics = -0.001,0.014,0.703,0.711 | -0.048,-0.013,0.004
q_GtoI = 0.565,-0.585,0.434,0.388 | p_IinG = 0.554,-1.677,1.092 | dist = 65.90 (meters)
bg = -0.0023,0.0208,0.0769 | ba = -0.0435,0.0762,0.0165
camera-imu timeoffset = -0.00007
cam0 intrinsics = 460.875,459.627,367.483,245.624 | -0.277,0.069,0.001,0.000
cam1 intrinsics = 459.622,458.378,379.946,252.732 | -0.278,0.069,0.000,-0.000
cam0 extrinsics = -0.006,0.010,0.702,0.712 | 0.063,-0.013,0.006
cam1 extrinsics = -0.001,0.014,0.703,0.711 | -0.048,-0.013,0.004
q_GtoI = 0.563,-0.586,0.434,0.390 | p_IinG = 0.551,-1.626,1.085 | dist = 65.95 (meters)
bg = -0.0023,0.0206,0.0768 | ba = -0.0426,0.0754,0.0178
camera-imu timeoffset = -0.00007
cam0 intrinsics = 460.876,459.626,367.487,245.630 | -0.277,0.069,0.001,0.000
cam1 intrinsics = 459.623,458.375,379.949,252.737 | -0.278,0.069,0.000,-0.000
cam0 extrinsics = -0.006,0.010,0.702,0.712 | 0.063,-0.012,0.006
cam1 extrinsics = -0.001,0.014,0.703,0.711 | -0.048,-0.012,0.004
q_GtoI = 0.562,-0.587,0.433,0.390 | p_IinG = 0.546,-1.575,1.080 | dist = 66.00 (meters)
bg = -0.0023,0.0204,0.0768 | ba = -0.0425,0.0744,0.0190
camera-imu timeoffset = -0.00007
cam0 intrinsics = 460.878,459.626,367.487,245.634 | -0.277,0.069,0.001,0.000
cam1 intrinsics = 459.624,458.375,379.949,252.740 | -0.278,0.069,0.000,-0.000
cam0 extrinsics = -0.006,0.010,0.702,0.712 | 0.063,-0.012,0.006
cam1 extrinsics = -0.001,0.014,0.703,0.711 | -0.048,-0.012,0.004
q_GtoI = 0.562,-0.590,0.431,0.388 | p_IinG = 0.540,-1.525,1.075 | dist = 66.05 (meters)
bg = -0.0022,0.0203,0.0768 | ba = -0.0426,0.0736,0.0200
camera-imu timeoffset = -0.00007
cam0 intrinsics = 460.880,459.626,367.487,245.637 | -0.277,0.069,0.001,0.000
cam1 intrinsics = 459.626,458.374,379.948,252.741 | -0.278,0.069,0.000,-0.000
cam0 extrinsics = -0.007,0.010,0.702,0.712 | 0.063,-0.012,0.006
cam1 extrinsics = -0.001,0.014,0.703,0.711 | -0.048,-0.012,0.004
q_GtoI = 0.565,-0.593,0.426,0.384 | p_IinG = 0.532,-1.473,1.070 | dist = 66.10 (meters)
bg = -0.0022,0.0201,0.0769 | ba = -0.0423,0.0731,0.0215
camera-imu timeoffset = -0.00007
cam0 intrinsics = 460.882,459.626,367.487,245.638 | -0.277,0.069,0.001,0.000
cam1 intrinsics = 459.627,458.374,379.947,252.742 | -0.278,0.069,0.000,-0.000
cam0 extrinsics = -0.007,0.010,0.702,0.712 | 0.063,-0.013,0.006
cam1 extrinsics = -0.001,0.014,0.703,0.711 | -0.048,-0.013,0.004
q_GtoI = 0.569,-0.597,0.419,0.380 | p_IinG = 0.520,-1.423,1.065 | dist = 66.15 (meters)
bg = -0.0024,0.0201,0.0770 | ba = -0.0424,0.0720,0.0235
camera-imu timeoffset = -0.00007
cam0 intrinsics = 460.882,459.629,367.491,245.640 | -0.277,0.069,0.001,0.000
cam1 intrinsics = 459.627,458.376,379.948,252.744 | -0.278,0.069,0.000,-0.000
cam0 extrinsics = -0.007,0.010,0.702,0.712 | 0.063,-0.013,0.006
cam1 extrinsics = -0.001,0.014,0.703,0.711 | -0.048,-0.013,0.004
q_GtoI = 0.573,-0.601,0.412,0.376 | p_IinG = 0.508,-1.372,1.061 | dist = 66.20 (meters)
bg = -0.0025,0.0200,0.0769 | ba = -0.0426,0.0721,0.0248
camera-imu timeoffset = -0.00007
cam0 intrinsics = 460.884,459.630,367.491,245.641 | -0.277,0.069,0.001,0.000
cam1 intrinsics = 459.629,458.377,379.946,252.745 | -0.278,0.069,0.000,-0.000
cam0 extrinsics = -0.007,0.010,0.702,0.712 | 0.063,-0.013,0.006
cam1 extrinsics = -0.001,0.014,0.703,0.711 | -0.048,-0.013,0.004
q_GtoI = 0.576,-0.605,0.406,0.370 | p_IinG = 0.495,-1.324,1.057 | dist = 66.25 (meters)
bg = -0.0025,0.0200,0.0769 | ba = -0.0427,0.0721,0.0261
camera-imu timeoffset = -0.00007
cam0 intrinsics = 460.887,459.632,367.492,245.640 | -0.277,0.069,0.001,0.000
cam1 intrinsics = 459.633,458.379,379.945,252.744 | -0.278,0.069,0.000,-0.000
cam0 extrinsics = -0.007,0.010,0.702,0.712 | 0.063,-0.013,0.006
cam1 extrinsics = -0.001,0.014,0.703,0.711 | -0.048,-0.013,0.004
q_GtoI = 0.578,-0.610,0.401,0.364 | p_IinG = 0.481,-1.277,1.054 | dist = 66.30 (meters)
bg = -0.0025,0.0200,0.0768 | ba = -0.0419,0.0718,0.0267
camera-imu timeoffset = -0.00007
cam0 intrinsics = 460.889,459.635,367.493,245.640 | -0.277,0.069,0.001,0.000
cam1 intrinsics = 459.635,458.381,379.944,252.743 | -0.278,0.069,0.000,-0.000
cam0 extrinsics = -0.007,0.010,0.702,0.712 | 0.063,-0.013,0.006
cam1 extrinsics = -0.001,0.014,0.703,0.711 | -0.048,-0.013,0.004
q_GtoI = 0.580,-0.615,0.398,0.357 | p_IinG = 0.466,-1.233,1.052 | dist = 66.34 (meters)
bg = -0.0024,0.0199,0.0768 | ba = -0.0421,0.0713,0.0276
camera-imu timeoffset = -0.00007
cam0 intrinsics = 460.892,459.636,367.494,245.640 | -0.277,0.069,0.001,0.000
cam1 intrinsics = 459.637,458.381,379.943,252.742 | -0.278,0.069,0.000,-0.000
cam0 extrinsics = -0.007,0.010,0.702,0.712 | 0.063,-0.013,0.006
cam1 extrinsics = -0.001,0.014,0.703,0.711 | -0.048,-0.013,0.004
q_GtoI = 0.581,-0.620,0.396,0.349 | p_IinG = 0.449,-1.192,1.049 | dist = 66.39 (meters)
bg = -0.0023,0.0198,0.0768 | ba = -0.0426,0.0709,0.0284
camera-imu timeoffset = -0.00007
cam0 intrinsics = 460.895,459.638,367.495,245.639 | -0.277,0.069,0.001,0.000
cam1 intrinsics = 459.641,458.382,379.943,252.741 | -0.278,0.069,0.000,-0.000
cam0 extrinsics = -0.007,0.010,0.702,0.712 | 0.063,-0.013,0.006
cam1 extrinsics = -0.001,0.014,0.703,0.711 | -0.048,-0.013,0.004
q_GtoI = 0.581,-0.624,0.395,0.342 | p_IinG = 0.431,-1.154,1.046 | dist = 66.43 (meters)
bg = -0.0022,0.0197,0.0767 | ba = -0.0426,0.0704,0.0287
camera-imu timeoffset = -0.00007
cam0 intrinsics = 460.898,459.639,367.495,245.640 | -0.277,0.069,0.001,0.000
cam1 intrinsics = 459.644,458.383,379.943,252.742 | -0.278,0.069,0.000,-0.000
cam0 extrinsics = -0.007,0.010,0.702,0.712 | 0.063,-0.013,0.006
cam1 extrinsics = -0.001,0.014,0.703,0.711 | -0.048,-0.013,0.004
q_GtoI = 0.581,-0.628,0.394,0.336 | p_IinG = 0.415,-1.121,1.043 | dist = 66.47 (meters)
bg = -0.0018,0.0196,0.0765 | ba = -0.0432,0.0704,0.0285
camera-imu timeoffset = -0.00007
cam0 intrinsics = 460.903,459.639,367.493,245.642 | -0.277,0.069,0.001,0.000
cam1 intrinsics = 459.653,458.385,379.941,252.744 | -0.278,0.069,0.000,-0.000
cam0 extrinsics = -0.007,0.010,0.702,0.712 | 0.063,-0.013,0.006
cam1 extrinsics = -0.001,0.014,0.703,0.711 | -0.048,-0.013,0.004
q_GtoI = 0.582,-0.630,0.392,0.333 | p_IinG = 0.394,-1.092,1.045 | dist = 66.51 (meters)
bg = -0.0016,0.0197,0.0765 | ba = -0.0452,0.0708,0.0291
camera-imu timeoffset = -0.00007
cam0 intrinsics = 460.911,459.640,367.491,245.644 | -0.277,0.069,0.001,0.000
cam1 intrinsics = 459.662,458.387,379.942,252.748 | -0.278,0.070,0.000,-0.000
cam0 extrinsics = -0.006,0.010,0.702,0.712 | 0.063,-0.013,0.006
cam1 extrinsics = -0.001,0.014,0.703,0.711 | -0.048,-0.013,0.004
q_GtoI = 0.583,-0.631,0.390,0.331 | p_IinG = 0.371,-1.067,1.043 | dist = 66.54 (meters)
bg = -0.0013,0.0196,0.0765 | ba = -0.0453,0.0702,0.0292
camera-imu timeoffset = -0.00007
cam0 intrinsics = 460.917,459.641,367.489,245.646 | -0.277,0.069,0.001,0.000
cam1 intrinsics = 459.669,458.389,379.940,252.750 | -0.278,0.070,0.000,-0.000
cam0 extrinsics = -0.006,0.010,0.702,0.712 | 0.063,-0.013,0.006
cam1 extrinsics = -0.001,0.014,0.703,0.711 | -0.048,-0.013,0.004
q_GtoI = 0.584,-0.632,0.389,0.329 | p_IinG = 0.346,-1.045,1.042 | dist = 66.58 (meters)
bg = -0.0010,0.0195,0.0764 | ba = -0.0460,0.0698,0.0297
camera-imu timeoffset = -0.00007
cam0 intrinsics = 460.924,459.643,367.488,245.649 | -0.277,0.069,0.001,0.000
cam1 intrinsics = 459.676,458.391,379.939,252.752 | -0.278,0.070,0.000,-0.000
cam0 extrinsics = -0.007,0.010,0.702,0.712 | 0.063,-0.013,0.006
cam1 extrinsics = -0.001,0.014,0.703,0.711 | -0.048,-0.013,0.004
q_GtoI = 0.586,-0.629,0.387,0.333 | p_IinG = 0.318,-1.029,1.043 | dist = 66.61 (meters)
bg = -0.0008,0.0194,0.0763 | ba = -0.0467,0.0693,0.0300
camera-imu timeoffset = -0.00006
cam0 intrinsics = 460.931,459.646,367.486,245.652 | -0.277,0.069,0.001,0.000
cam1 intrinsics = 459.683,458.394,379.938,252.754 | -0.278,0.070,0.000,-0.000
cam0 extrinsics = -0.007,0.010,0.702,0.712 | 0.063,-0.013,0.006
cam1 extrinsics = -0.001,0.014,0.703,0.711 | -0.048,-0.013,0.004
q_GtoI = 0.588,-0.623,0.386,0.341 | p_IinG = 0.287,-1.018,1.051 | dist = 66.65 (meters)
bg = -0.0006,0.0199,0.0762 | ba = -0.0493,0.0699,0.0324
camera-imu timeoffset = -0.00007
cam0 intrinsics = 460.939,459.648,367.482,245.654 | -0.277,0.069,0.001,0.000
cam1 intrinsics = 459.690,458.396,379.936,252.755 | -0.278,0.070,0.000,-0.000
cam0 extrinsics = -0.007,0.010,0.702,0.712 | 0.063,-0.013,0.006
cam1 extrinsics = -0.001,0.014,0.703,0.711 | -0.048,-0.013,0.004
q_GtoI = 0.589,-0.617,0.387,0.349 | p_IinG = 0.255,-1.009,1.054 | dist = 66.68 (meters)
bg = -0.0004,0.0199,0.0761 | ba = -0.0503,0.0695,0.0332
camera-imu timeoffset = -0.00006
cam0 intrinsics = 460.945,459.652,367.481,245.656 | -0.277,0.069,0.001,0.000
cam1 intrinsics = 459.695,458.399,379.936,252.756 | -0.278,0.070,0.000,-0.000
cam0 extrinsics = -0.007,0.010,0.702,0.712 | 0.063,-0.013,0.006
cam1 extrinsics = -0.001,0.014,0.703,0.711 | -0.048,-0.013,0.004
q_GtoI = 0.589,-0.611,0.389,0.358 | p_IinG = 0.222,-1.004,1.060 | dist = 66.71 (meters)
bg = -0.0002,0.0200,0.0759 | ba = -0.0516,0.0691,0.0345
camera-imu timeoffset = -0.00007
cam0 intrinsics = 460.951,459.655,367.480,245.659 | -0.277,0.069,0.001,0.000
cam1 intrinsics = 459.701,458.402,379.936,252.756 | -0.278,0.070,0.000,-0.000
cam0 extrinsics = -0.007,0.010,0.702,0.712 | 0.063,-0.013,0.006
cam1 extrinsics = -0.001,0.014,0.703,0.711 | -0.048,-0.012,0.004
q_GtoI = 0.588,-0.606,0.393,0.365 | p_IinG = 0.188,-1.001,1.063 | dist = 66.75 (meters)
bg = -0.0001,0.0200,0.0757 | ba = -0.0520,0.0683,0.0354
camera-imu timeoffset = -0.00007
cam0 intrinsics = 460.955,459.657,367.480,245.661 | -0.277,0.069,0.001,0.000
cam1 intrinsics = 459.704,458.403,379.937,252.757 | -0.278,0.070,0.000,-0.000
cam0 extrinsics = -0.007,0.010,0.702,0.712 | 0.063,-0.012,0.006
cam1 extrinsics = -0.001,0.014,0.703,0.711 | -0.048,-0.012,0.004
q_GtoI = 0.587,-0.601,0.396,0.371 | p_IinG = 0.151,-1.001,1.066 | dist = 66.78 (meters)
bg = 0.0001,0.0201,0.0758 | ba = -0.0520,0.0670,0.0361
camera-imu timeoffset = -0.00007
cam0 intrinsics = 460.956,459.658,367.481,245.661 | -0.277,0.069,0.001,0.000
cam1 intrinsics = 459.705,458.404,379.940,252.756 | -0.278,0.070,0.000,-0.000
cam0 extrinsics = -0.007,0.010,0.702,0.712 | 0.063,-0.012,0.006
cam1 extrinsics = -0.001,0.014,0.703,0.711 | -0.048,-0.012,0.004
q_GtoI = 0.588,-0.598,0.396,0.374 | p_IinG = 0.108,-1.007,1.080 | dist = 66.82 (meters)
bg = -0.0002,0.0212,0.0759 | ba = -0.0565,0.0676,0.0427
camera-imu timeoffset = -0.00007
cam0 intrinsics = 460.960,459.651,367.482,245.665 | -0.277,0.069,0.001,0.000
cam1 intrinsics = 459.708,458.397,379.945,252.762 | -0.278,0.070,0.000,-0.000
cam0 extrinsics = -0.007,0.010,0.702,0.712 | 0.063,-0.012,0.006
cam1 extrinsics = -0.001,0.014,0.703,0.711 | -0.048,-0.012,0.004
q_GtoI = 0.590,-0.596,0.395,0.376 | p_IinG = 0.070,-1.009,1.079 | dist = 66.86 (meters)
bg = -0.0001,0.0212,0.0759 | ba = -0.0559,0.0661,0.0430
camera-imu timeoffset = -0.00007
cam0 intrinsics = 460.960,459.651,367.484,245.667 | -0.277,0.069,0.001,0.000
cam1 intrinsics = 459.708,458.397,379.949,252.762 | -0.278,0.070,0.000,-0.000
cam0 extrinsics = -0.007,0.010,0.702,0.712 | 0.063,-0.012,0.006
cam1 extrinsics = -0.001,0.014,0.703,0.711 | -0.048,-0.012,0.004
q_GtoI = 0.591,-0.595,0.394,0.376 | p_IinG = 0.032,-1.013,1.075 | dist = 66.89 (meters)
bg = -0.0000,0.0213,0.0759 | ba = -0.0549,0.0646,0.0433
camera-imu timeoffset = -0.00006
cam0 intrinsics = 460.961,459.651,367.486,245.669 | -0.277,0.069,0.001,0.000
cam1 intrinsics = 459.708,458.396,379.952,252.763 | -0.278,0.070,0.000,-0.000
cam0 extrinsics = -0.007,0.010,0.702,0.712 | 0.063,-0.012,0.006
cam1 extrinsics = -0.001,0.014,0.703,0.711 | -0.048,-0.012,0.004
q_GtoI = 0.592,-0.595,0.393,0.376 | p_IinG = -0.007,-1.018,1.069 | dist = 66.93 (meters)
bg = -0.0000,0.0212,0.0759 | ba = -0.0543,0.0630,0.0436
camera-imu timeoffset = -0.00006
cam0 intrinsics = 460.961,459.652,367.488,245.671 | -0.277,0.069,0.001,0.000
cam1 intrinsics = 459.708,458.396,379.955,252.763 | -0.278,0.070,0.000,-0.000
cam0 extrinsics = -0.007,0.010,0.702,0.712 | 0.063,-0.012,0.006
cam1 extrinsics = -0.001,0.014,0.703,0.711 | -0.048,-0.012,0.004
q_GtoI = 0.593,-0.594,0.393,0.376 | p_IinG = -0.047,-1.025,1.061 | dist = 66.97 (meters)
bg = -0.0001,0.0211,0.0759 | ba = -0.0527,0.0611,0.0431
camera-imu timeoffset = -0.00007
cam0 intrinsics = 460.961,459.652,367.491,245.673 | -0.277,0.069,0.001,0.000
cam1 intrinsics = 459.707,458.396,379.957,252.764 | -0.278,0.070,0.000,-0.000
cam0 extrinsics = -0.007,0.010,0.702,0.712 | 0.063,-0.012,0.006
cam1 extrinsics = -0.001,0.014,0.703,0.711 | -0.048,-0.012,0.004
q_GtoI = 0.593,-0.591,0.395,0.378 | p_IinG = -0.088,-1.033,1.054 | dist = 67.01 (meters)
bg = -0.0001,0.0211,0.0760 | ba = -0.0507,0.0592,0.0424
camera-imu timeoffset = -0.00006
cam0 intrinsics = 460.960,459.652,367.494,245.675 | -0.277,0.069,0.001,0.000
cam1 intrinsics = 459.706,458.396,379.960,252.764 | -0.278,0.070,0.000,-0.000
cam0 extrinsics = -0.007,0.010,0.702,0.712 | 0.063,-0.012,0.006
cam1 extrinsics = -0.001,0.014,0.703,0.711 | -0.048,-0.012,0.004
q_GtoI = 0.592,-0.589,0.397,0.381 | p_IinG = -0.128,-1.043,1.046 | dist = 67.05 (meters)
bg = -0.0002,0.0211,0.0761 | ba = -0.0496,0.0574,0.0422
camera-imu timeoffset = -0.00007
cam0 intrinsics = 460.960,459.652,367.495,245.676 | -0.277,0.069,0.001,0.000
cam1 intrinsics = 459.706,458.396,379.962,252.763 | -0.278,0.070,0.000,-0.000
cam0 extrinsics = -0.007,0.010,0.702,0.712 | 0.063,-0.012,0.006
cam1 extrinsics = -0.001,0.014,0.703,0.711 | -0.048,-0.012,0.004
q_GtoI = 0.591,-0.587,0.400,0.384 | p_IinG = -0.168,-1.055,1.039 | dist = 67.09 (meters)
bg = -0.0002,0.0210,0.0761 | ba = -0.0490,0.0562,0.0419
camera-imu timeoffset = -0.00007
cam0 intrinsics = 460.960,459.652,367.497,245.677 | -0.277,0.069,0.001,0.000
cam1 intrinsics = 459.705,458.395,379.965,252.763 | -0.278,0.070,0.000,-0.000
cam0 extrinsics = -0.007,0.010,0.702,0.712 | 0.063,-0.012,0.006
cam1 extrinsics = -0.001,0.014,0.703,0.711 | -0.048,-0.012,0.004
q_GtoI = 0.589,-0.585,0.403,0.386 | p_IinG = -0.209,-1.067,1.031 | dist = 67.13 (meters)
bg = -0.0002,0.0210,0.0762 | ba = -0.0477,0.0546,0.0414
camera-imu timeoffset = -0.00006
cam0 intrinsics = 460.959,459.651,367.499,245.677 | -0.277,0.069,0.001,0.000
cam1 intrinsics = 459.704,458.394,379.966,252.763 | -0.278,0.070,0.000,-0.000
cam0 extrinsics = -0.007,0.010,0.702,0.712 | 0.063,-0.012,0.006
cam1 extrinsics = -0.001,0.014,0.703,0.711 | -0.048,-0.012,0.004
q_GtoI = 0.589,-0.583,0.404,0.388 | p_IinG = -0.250,-1.081,1.023 | dist = 67.17 (meters)
bg = -0.0003,0.0210,0.0762 | ba = -0.0467,0.0533,0.0409
camera-imu timeoffset = -0.00006
cam0 intrinsics = 460.958,459.651,367.500,245.679 | -0.277,0.069,0.001,0.000
cam1 intrinsics = 459.702,458.393,379.967,252.763 | -0.278,0.070,0.000,-0.000
cam0 extrinsics = -0.007,0.010,0.702,0.712 | 0.063,-0.012,0.006
cam1 extrinsics = -0.001,0.014,0.703,0.711 | -0.048,-0.012,0.004
q_GtoI = 0.588,-0.581,0.405,0.389 | p_IinG = -0.290,-1.095,1.015 | dist = 67.21 (meters)
bg = -0.0004,0.0210,0.0763 | ba = -0.0461,0.0524,0.0407
camera-imu timeoffset = -0.00006
cam0 intrinsics = 460.958,459.650,367.501,245.681 | -0.277,0.069,0.001,0.000
cam1 intrinsics = 459.702,458.392,379.967,252.765 | -0.278,0.070,0.000,-0.000
cam0 extrinsics = -0.007,0.010,0.702,0.712 | 0.063,-0.012,0.006
cam1 extrinsics = -0.001,0.014,0.703,0.711 | -0.048,-0.012,0.004
q_GtoI = 0.588,-0.581,0.406,0.389 | p_IinG = -0.330,-1.109,1.005 | dist = 67.25 (meters)
bg = -0.0004,0.0209,0.0764 | ba = -0.0450,0.0511,0.0402
camera-imu timeoffset = -0.00006
cam0 intrinsics = 460.957,459.650,367.503,245.681 | -0.277,0.069,0.001,0.000
cam1 intrinsics = 459.701,458.392,379.968,252.765 | -0.278,0.070,0.000,-0.000
cam0 extrinsics = -0.007,0.010,0.702,0.712 | 0.063,-0.012,0.006
cam1 extrinsics = -0.001,0.014,0.703,0.711 | -0.048,-0.012,0.004
q_GtoI = 0.589,-0.579,0.407,0.390 | p_IinG = -0.374,-1.128,0.992 | dist = 67.29 (meters)
bg = -0.0009,0.0206,0.0764 | ba = -0.0424,0.0485,0.0352
camera-imu timeoffset = -0.00006
cam0 intrinsics = 460.950,459.647,367.495,245.690 | -0.277,0.069,0.001,0.000
cam1 intrinsics = 459.693,458.390,379.966,252.776 | -0.278,0.070,0.000,-0.000
cam0 extrinsics = -0.007,0.010,0.702,0.712 | 0.063,-0.012,0.006
cam1 extrinsics = -0.001,0.014,0.703,0.711 | -0.048,-0.012,0.004
q_GtoI = 0.589,-0.578,0.408,0.390 | p_IinG = -0.414,-1.145,0.982 | dist = 67.34 (meters)
bg = -0.0010,0.0205,0.0765 | ba = -0.0426,0.0477,0.0351
camera-imu timeoffset = -0.00006
cam0 intrinsics = 460.949,459.647,367.495,245.691 | -0.277,0.069,0.001,0.000
cam1 intrinsics = 459.693,458.389,379.966,252.776 | -0.278,0.070,0.000,-0.000
cam0 extrinsics = -0.007,0.010,0.702,0.712 | 0.063,-0.012,0.006
cam1 extrinsics = -0.001,0.014,0.703,0.711 | -0.048,-0.012,0.004
q_GtoI = 0.589,-0.577,0.409,0.390 | p_IinG = -0.454,-1.161,0.973 | dist = 67.38 (meters)
bg = -0.0010,0.0205,0.0765 | ba = -0.0425,0.0469,0.0351
camera-imu timeoffset = -0.00006
cam0 intrinsics = 460.948,459.646,367.495,245.691 | -0.277,0.069,0.001,0.000
cam1 intrinsics = 459.692,458.389,379.967,252.776 | -0.278,0.070,0.000,-0.000
cam0 extrinsics = -0.007,0.010,0.702,0.712 | 0.063,-0.012,0.006
cam1 extrinsics = -0.001,0.014,0.703,0.711 | -0.048,-0.012,0.004
q_GtoI = 0.591,-0.575,0.409,0.391 | p_IinG = -0.493,-1.179,0.965 | dist = 67.42 (meters)
bg = -0.0011,0.0205,0.0766 | ba = -0.0423,0.0463,0.0350
camera-imu timeoffset = -0.00006
cam0 intrinsics = 460.948,459.646,367.496,245.692 | -0.277,0.069,0.001,0.000
cam1 intrinsics = 459.692,458.389,379.967,252.776 | -0.278,0.070,0.000,-0.000
cam0 extrinsics = -0.007,0.010,0.702,0.712 | 0.063,-0.012,0.006
cam1 extrinsics = -0.001,0.014,0.703,0.711 | -0.048,-0.012,0.004
q_GtoI = 0.592,-0.573,0.410,0.392 | p_IinG = -0.533,-1.197,0.956 | dist = 67.46 (meters)
bg = -0.0011,0.0206,0.0766 | ba = -0.0420,0.0453,0.0348
camera-imu timeoffset = -0.00006
cam0 intrinsics = 460.948,459.646,367.496,245.692 | -0.277,0.069,0.001,0.000
cam1 intrinsics = 459.693,458.388,379.967,252.775 | -0.278,0.070,0.000,-0.000
cam0 extrinsics = -0.007,0.010,0.702,0.712 | 0.063,-0.012,0.006
cam1 extrinsics = -0.001,0.014,0.703,0.711 | -0.048,-0.012,0.004
q_GtoI = 0.594,-0.570,0.409,0.393 | p_IinG = -0.572,-1.215,0.949 | dist = 67.50 (meters)
bg = -0.0012,0.0206,0.0766 | ba = -0.0419,0.0448,0.0347
camera-imu timeoffset = -0.00006
cam0 intrinsics = 460.949,459.646,367.495,245.691 | -0.277,0.069,0.001,0.000
cam1 intrinsics = 459.693,458.388,379.967,252.775 | -0.278,0.070,0.000,-0.000
cam0 extrinsics = -0.007,0.010,0.702,0.712 | 0.063,-0.012,0.006
cam1 extrinsics = -0.001,0.014,0.703,0.711 | -0.048,-0.012,0.004
q_GtoI = 0.596,-0.568,0.409,0.394 | p_IinG = -0.611,-1.234,0.942 | dist = 67.54 (meters)
bg = -0.0014,0.0207,0.0767 | ba = -0.0424,0.0443,0.0349
camera-imu timeoffset = -0.00006
cam0 intrinsics = 460.949,459.645,367.495,245.690 | -0.277,0.069,0.001,0.000
cam1 intrinsics = 459.694,458.388,379.966,252.773 | -0.278,0.070,0.000,-0.000
cam0 extrinsics = -0.007,0.010,0.702,0.712 | 0.063,-0.012,0.006
cam1 extrinsics = -0.001,0.014,0.703,0.711 | -0.048,-0.012,0.004
q_GtoI = 0.598,-0.566,0.408,0.395 | p_IinG = -0.647,-1.252,0.935 | dist = 67.58 (meters)
bg = -0.0013,0.0208,0.0766 | ba = -0.0413,0.0441,0.0350
camera-imu timeoffset = -0.00006
cam0 intrinsics = 460.951,459.647,367.495,245.691 | -0.277,0.069,0.001,0.000
cam1 intrinsics = 459.696,458.389,379.965,252.772 | -0.278,0.070,0.000,-0.000
cam0 extrinsics = -0.007,0.010,0.702,0.712 | 0.063,-0.012,0.006
cam1 extrinsics = -0.001,0.014,0.703,0.711 | -0.048,-0.012,0.004
q_GtoI = 0.599,-0.564,0.407,0.396 | p_IinG = -0.684,-1.272,0.929 | dist = 67.62 (meters)
bg = -0.0014,0.0209,0.0766 | ba = -0.0416,0.0435,0.0353
camera-imu timeoffset = -0.00006
cam0 intrinsics = 460.952,459.647,367.493,245.690 | -0.277,0.069,0.001,0.000
cam1 intrinsics = 459.697,458.389,379.963,252.770 | -0.278,0.070,0.000,-0.000
cam0 extrinsics = -0.007,0.010,0.702,0.712 | 0.063,-0.012,0.006
cam1 extrinsics = -0.001,0.014,0.703,0.711 | -0.048,-0.012,0.004
q_GtoI = 0.600,-0.561,0.409,0.397 | p_IinG = -0.720,-1.292,0.925 | dist = 67.66 (meters)
bg = -0.0015,0.0210,0.0766 | ba = -0.0403,0.0432,0.0354
camera-imu timeoffset = -0.00006
cam0 intrinsics = 460.953,459.646,367.492,245.689 | -0.277,0.069,0.001,0.000
cam1 intrinsics = 459.698,458.389,379.962,252.768 | -0.278,0.070,0.000,-0.000
cam0 extrinsics = -0.007,0.010,0.702,0.712 | 0.063,-0.012,0.006
cam1 extrinsics = -0.001,0.014,0.703,0.711 | -0.048,-0.012,0.004
q_GtoI = 0.600,-0.558,0.411,0.400 | p_IinG = -0.755,-1.311,0.922 | dist = 67.70 (meters)
bg = -0.0017,0.0211,0.0766 | ba = -0.0403,0.0429,0.0358
camera-imu timeoffset = -0.00006
cam0 intrinsics = 460.954,459.647,367.490,245.687 | -0.277,0.069,0.001,0.000
cam1 intrinsics = 459.699,458.389,379.961,252.766 | -0.278,0.070,0.000,-0.000
cam0 extrinsics = -0.007,0.010,0.702,0.712 | 0.063,-0.012,0.006
cam1 extrinsics = -0.001,0.014,0.703,0.711 | -0.048,-0.012,0.004
q_GtoI = 0.600,-0.554,0.413,0.403 | p_IinG = -0.788,-1.331,0.921 | dist = 67.74 (meters)
bg = -0.0018,0.0210,0.0766 | ba = -0.0411,0.0423,0.0365
camera-imu timeoffset = -0.00006
cam0 intrinsics = 460.955,459.647,367.488,245.685 | -0.277,0.069,0.001,0.000
cam1 intrinsics = 459.701,458.389,379.959,252.763 | -0.278,0.070,0.000,-0.000
cam0 extrinsics = -0.007,0.010,0.702,0.712 | 0.063,-0.012,0.006
cam1 extrinsics = -0.001,0.014,0.703,0.711 | -0.048,-0.012,0.004
q_GtoI = 0.601,-0.549,0.414,0.407 | p_IinG = -0.823,-1.351,0.919 | dist = 67.77 (meters)
bg = -0.0021,0.0210,0.0766 | ba = -0.0400,0.0415,0.0364
camera-imu timeoffset = -0.00006
cam0 intrinsics = 460.954,459.646,367.481,245.687 | -0.277,0.069,0.001,0.000
cam1 intrinsics = 459.700,458.389,379.956,252.764 | -0.278,0.070,0.000,-0.000
cam0 extrinsics = -0.007,0.010,0.702,0.712 | 0.063,-0.012,0.006
cam1 extrinsics = -0.001,0.014,0.703,0.711 | -0.048,-0.012,0.004
q_GtoI = 0.601,-0.548,0.415,0.408 | p_IinG = -0.854,-1.369,0.921 | dist = 67.81 (meters)
bg = -0.0022,0.0211,0.0766 | ba = -0.0399,0.0412,0.0371
camera-imu timeoffset = -0.00006
cam0 intrinsics = 460.955,459.646,367.478,245.686 | -0.277,0.069,0.001,0.000
cam1 intrinsics = 459.701,458.389,379.952,252.762 | -0.278,0.070,0.000,-0.000
cam0 extrinsics = -0.007,0.010,0.702,0.712 | 0.063,-0.012,0.006
cam1 extrinsics = -0.001,0.014,0.703,0.711 | -0.048,-0.012,0.004
q_GtoI = 0.603,-0.548,0.414,0.406 | p_IinG = -0.883,-1.386,0.922 | dist = 67.84 (meters)
bg = -0.0022,0.0210,0.0766 | ba = -0.0404,0.0407,0.0376
camera-imu timeoffset = -0.00006
cam0 intrinsics = 460.956,459.647,367.474,245.684 | -0.277,0.069,0.001,0.000
cam1 intrinsics = 459.702,458.390,379.948,252.760 | -0.278,0.070,0.000,-0.000
cam0 extrinsics = -0.007,0.010,0.702,0.712 | 0.063,-0.012,0.006
cam1 extrinsics = -0.001,0.014,0.703,0.711 | -0.048,-0.012,0.004
q_GtoI = 0.604,-0.549,0.414,0.403 | p_IinG = -0.911,-1.403,0.925 | dist = 67.87 (meters)
bg = -0.0022,0.0211,0.0767 | ba = -0.0399,0.0404,0.0381
camera-imu timeoffset = -0.00006
cam0 intrinsics = 460.958,459.648,367.469,245.682 | -0.277,0.069,0.001,0.000
cam1 intrinsics = 459.704,458.391,379.942,252.756 | -0.278,0.070,0.000,-0.000
cam0 extrinsics = -0.007,0.010,0.702,0.712 | 0.063,-0.012,0.006
cam1 extrinsics = -0.001,0.014,0.703,0.711 | -0.048,-0.012,0.004
q_GtoI = 0.604,-0.550,0.414,0.401 | p_IinG = -0.938,-1.419,0.929 | dist = 67.90 (meters)
bg = -0.0023,0.0212,0.0767 | ba = -0.0402,0.0403,0.0382
camera-imu timeoffset = -0.00006
cam0 intrinsics = 460.960,459.649,367.461,245.680 | -0.277,0.069,0.001,0.000
cam1 intrinsics = 459.706,458.392,379.934,252.753 | -0.278,0.069,0.000,-0.000
cam0 extrinsics = -0.007,0.010,0.702,0.712 | 0.063,-0.012,0.006
cam1 extrinsics = -0.001,0.014,0.703,0.711 | -0.048,-0.012,0.004
q_GtoI = 0.605,-0.551,0.413,0.399 | p_IinG = -0.963,-1.435,0.934 | dist = 67.93 (meters)
bg = -0.0023,0.0212,0.0767 | ba = -0.0402,0.0403,0.0384
camera-imu timeoffset = -0.00006
cam0 intrinsics = 460.963,459.651,367.451,245.678 | -0.277,0.069,0.001,0.000
cam1 intrinsics = 459.708,458.393,379.923,252.750 | -0.278,0.069,0.000,-0.000
cam0 extrinsics = -0.007,0.010,0.702,0.712 | 0.063,-0.012,0.006
cam1 extrinsics = -0.001,0.014,0.703,0.711 | -0.048,-0.012,0.004
q_GtoI = 0.605,-0.552,0.413,0.398 | p_IinG = -0.986,-1.452,0.940 | dist = 67.96 (meters)
bg = -0.0024,0.0213,0.0768 | ba = -0.0423,0.0396,0.0386
camera-imu timeoffset = -0.00006
cam0 intrinsics = 460.966,459.652,367.438,245.677 | -0.277,0.069,0.001,0.000
cam1 intrinsics = 459.710,458.393,379.909,252.748 | -0.278,0.069,0.000,-0.000
cam0 extrinsics = -0.007,0.010,0.702,0.712 | 0.063,-0.012,0.007
cam1 extrinsics = -0.001,0.014,0.703,0.711 | -0.048,-0.012,0.004
q_GtoI = 0.606,-0.552,0.413,0.397 | p_IinG = -1.007,-1.467,0.946 | dist = 67.99 (meters)
bg = -0.0023,0.0212,0.0767 | ba = -0.0433,0.0395,0.0396
camera-imu timeoffset = -0.00006
cam0 intrinsics = 460.969,459.654,367.427,245.676 | -0.277,0.069,0.001,0.000
cam1 intrinsics = 459.714,458.395,379.894,252.743 | -0.278,0.069,0.000,-0.000
cam0 extrinsics = -0.006,0.010,0.702,0.712 | 0.063,-0.012,0.007
cam1 extrinsics = -0.001,0.014,0.703,0.711 | -0.048,-0.012,0.004
q_GtoI = 0.606,-0.553,0.411,0.396 | p_IinG = -1.028,-1.483,0.951 | dist = 68.01 (meters)
bg = -0.0022,0.0212,0.0767 | ba = -0.0440,0.0394,0.0398
camera-imu timeoffset = -0.00006
cam0 intrinsics = 460.973,459.656,367.410,245.677 | -0.277,0.069,0.001,0.000
cam1 intrinsics = 459.717,458.396,379.875,252.744 | -0.278,0.069,0.000,-0.000
cam0 extrinsics = -0.006,0.010,0.702,0.712 | 0.063,-0.012,0.007
cam1 extrinsics = -0.001,0.014,0.703,0.711 | -0.048,-0.012,0.004
q_GtoI = 0.607,-0.554,0.411,0.396 | p_IinG = -1.048,-1.500,0.957 | dist = 68.04 (meters)
bg = -0.0023,0.0212,0.0767 | ba = -0.0452,0.0389,0.0396
camera-imu timeoffset = -0.00006
cam0 intrinsics = 460.976,459.658,367.391,245.682 | -0.277,0.069,0.001,0.000
cam1 intrinsics = 459.719,458.397,379.852,252.748 | -0.278,0.069,0.000,-0.000
cam0 extrinsics = -0.006,0.010,0.702,0.712 | 0.063,-0.012,0.007
cam1 extrinsics = -0.001,0.014,0.703,0.711 | -0.048,-0.012,0.004
q_GtoI = 0.607,-0.554,0.410,0.395 | p_IinG = -1.067,-1.517,0.963 | dist = 68.06 (meters)
bg = -0.0023,0.0211,0.0767 | ba = -0.0456,0.0385,0.0393
camera-imu timeoffset = -0.00006
cam0 intrinsics = 460.980,459.660,367.380,245.674 | -0.277,0.069,0.001,0.000
cam1 intrinsics = 459.722,458.399,379.841,252.739 | -0.278,0.069,0.000,-0.000
cam0 extrinsics = -0.006,0.010,0.702,0.712 | 0.063,-0.012,0.007
cam1 extrinsics = -0.001,0.014,0.703,0.711 | -0.048,-0.012,0.004
q_GtoI = 0.608,-0.555,0.408,0.395 | p_IinG = -1.086,-1.535,0.967 | dist = 68.09 (meters)
bg = -0.0025,0.0210,0.0767 | ba = -0.0450,0.0380,0.0384
camera-imu timeoffset = -0.00006
cam0 intrinsics = 460.983,459.662,367.367,245.666 | -0.277,0.069,0.001,0.000
cam1 intrinsics = 459.725,458.400,379.825,252.729 | -0.278,0.069,0.000,-0.000
cam0 extrinsics = -0.006,0.010,0.702,0.712 | 0.063,-0.012,0.007
cam1 extrinsics = -0.001,0.014,0.703,0.711 | -0.048,-0.012,0.004
q_GtoI = 0.608,-0.556,0.407,0.394 | p_IinG = -1.103,-1.553,0.972 | dist = 68.11 (meters)
bg = -0.0026,0.0209,0.0767 | ba = -0.0444,0.0378,0.0381
camera-imu timeoffset = -0.00006
cam0 intrinsics = 460.989,459.666,367.350,245.665 | -0.277,0.069,0.001,0.000
cam1 intrinsics = 459.729,458.403,379.803,252.727 | -0.278,0.069,0.000,-0.000
cam0 extrinsics = -0.006,0.010,0.702,0.712 | 0.063,-0.012,0.007
cam1 extrinsics = -0.001,0.014,0.703,0.711 | -0.048,-0.012,0.004
q_GtoI = 0.608,-0.556,0.407,0.395 | p_IinG = -1.118,-1.570,0.977 | dist = 68.14 (meters)
bg = -0.0026,0.0209,0.0767 | ba = -0.0446,0.0376,0.0379
camera-imu timeoffset = -0.00006
cam0 intrinsics = 460.993,459.668,367.340,245.660 | -0.277,0.069,0.001,0.000
cam1 intrinsics = 459.734,458.405,379.791,252.720 | -0.278,0.069,0.000,-0.000
cam0 extrinsics = -0.006,0.010,0.702,0.712 | 0.063,-0.012,0.007
cam1 extrinsics = -0.001,0.014,0.703,0.711 | -0.048,-0.012,0.005
q_GtoI = 0.607,-0.555,0.407,0.397 | p_IinG = -1.131,-1.587,0.983 | dist = 68.16 (meters)
bg = -0.0025,0.0208,0.0768 | ba = -0.0450,0.0375,0.0376
camera-imu timeoffset = -0.00006
cam0 intrinsics = 460.998,459.671,367.332,245.656 | -0.277,0.069,0.001,0.000
cam1 intrinsics = 459.738,458.407,379.781,252.714 | -0.278,0.069,0.000,-0.000
cam0 extrinsics = -0.006,0.010,0.702,0.712 | 0.063,-0.012,0.007
cam1 extrinsics = -0.001,0.014,0.703,0.711 | -0.048,-0.012,0.005
q_GtoI = 0.606,-0.555,0.406,0.400 | p_IinG = -1.143,-1.605,0.988 | dist = 68.18 (meters)
bg = -0.0025,0.0208,0.0768 | ba = -0.0454,0.0374,0.0373
camera-imu timeoffset = -0.00006
cam0 intrinsics = 461.004,459.674,367.322,245.651 | -0.277,0.069,0.001,0.000
cam1 intrinsics = 459.743,458.410,379.769,252.706 | -0.278,0.069,0.000,-0.000
cam0 extrinsics = -0.006,0.010,0.702,0.712 | 0.063,-0.012,0.007
cam1 extrinsics = -0.001,0.014,0.703,0.711 | -0.048,-0.012,0.005
q_GtoI = 0.605,-0.555,0.406,0.401 | p_IinG = -1.154,-1.623,0.994 | dist = 68.20 (meters)
bg = -0.0024,0.0208,0.0768 | ba = -0.0459,0.0377,0.0367
camera-imu timeoffset = -0.00006
cam0 intrinsics = 461.008,459.676,367.320,245.651 | -0.277,0.069,0.001,0.000
cam1 intrinsics = 459.746,458.412,379.766,252.705 | -0.278,0.069,0.000,-0.000
cam0 extrinsics = -0.006,0.010,0.702,0.712 | 0.063,-0.012,0.007
cam1 extrinsics = -0.001,0.014,0.703,0.711 | -0.048,-0.012,0.005
q_GtoI = 0.605,-0.554,0.405,0.404 | p_IinG = -1.162,-1.642,1.000 | dist = 68.22 (meters)
bg = -0.0023,0.0208,0.0769 | ba = -0.0465,0.0382,0.0362
camera-imu timeoffset = -0.00006
cam0 intrinsics = 461.011,459.679,367.319,245.654 | -0.277,0.069,0.001,0.000
cam1 intrinsics = 459.750,458.414,379.761,252.706 | -0.278,0.069,0.000,-0.000
cam0 extrinsics = -0.006,0.010,0.702,0.712 | 0.063,-0.012,0.007
cam1 extrinsics = -0.001,0.014,0.703,0.711 | -0.048,-0.012,0.005
q_GtoI = 0.605,-0.553,0.404,0.407 | p_IinG = -1.170,-1.662,1.007 | dist = 68.25 (meters)
bg = -0.0023,0.0210,0.0769 | ba = -0.0486,0.0386,0.0348
camera-imu timeoffset = -0.00006
cam0 intrinsics = 461.013,459.681,367.317,245.657 | -0.277,0.069,0.001,0.000
cam1 intrinsics = 459.751,458.415,379.758,252.708 | -0.278,0.069,0.000,-0.000
cam0 extrinsics = -0.006,0.010,0.702,0.712 | 0.063,-0.012,0.007
cam1 extrinsics = -0.001,0.014,0.703,0.711 | -0.048,-0.012,0.005
q_GtoI = 0.607,-0.550,0.402,0.409 | p_IinG = -1.176,-1.681,1.011 | dist = 68.27 (meters)
bg = -0.0025,0.0210,0.0768 | ba = -0.0482,0.0383,0.0352
camera-imu timeoffset = -0.00006
cam0 intrinsics = 461.012,459.683,367.306,245.651 | -0.277,0.069,0.001,0.000
cam1 intrinsics = 459.754,458.416,379.752,252.696 | -0.278,0.069,0.000,-0.000
cam0 extrinsics = -0.006,0.010,0.702,0.712 | 0.063,-0.012,0.007
cam1 extrinsics = -0.001,0.014,0.703,0.711 | -0.048,-0.012,0.005
q_GtoI = 0.610,-0.547,0.401,0.410 | p_IinG = -1.180,-1.700,1.014 | dist = 68.29 (meters)
bg = -0.0023,0.0209,0.0767 | ba = -0.0480,0.0383,0.0357
camera-imu timeoffset = -0.00006
cam0 intrinsics = 461.015,459.684,367.304,245.651 | -0.277,0.069,0.001,0.000
cam1 intrinsics = 459.755,458.416,379.749,252.693 | -0.278,0.069,0.000,-0.000
cam0 extrinsics = -0.006,0.010,0.702,0.712 | 0.063,-0.012,0.007
cam1 extrinsics = -0.001,0.014,0.703,0.711 | -0.048,-0.012,0.005
q_GtoI = 0.613,-0.543,0.402,0.410 | p_IinG = -1.182,-1.719,1.017 | dist = 68.30 (meters)
bg = -0.0023,0.0207,0.0766 | ba = -0.0487,0.0381,0.0363
camera-imu timeoffset = -0.00006
cam0 intrinsics = 461.017,459.685,367.302,245.650 | -0.277,0.069,0.001,0.000
cam1 intrinsics = 459.757,458.416,379.747,252.693 | -0.278,0.069,0.000,-0.000
cam0 extrinsics = -0.006,0.010,0.702,0.712 | 0.063,-0.012,0.007
cam1 extrinsics = -0.001,0.014,0.703,0.711 | -0.048,-0.012,0.005
q_GtoI = 0.617,-0.538,0.403,0.409 | p_IinG = -1.181,-1.737,1.020 | dist = 68.32 (meters)
bg = -0.0022,0.0206,0.0766 | ba = -0.0489,0.0377,0.0374
camera-imu timeoffset = -0.00006
cam0 intrinsics = 461.019,459.686,367.301,245.649 | -0.277,0.069,0.001,0.000
cam1 intrinsics = 459.758,458.416,379.745,252.692 | -0.278,0.069,0.000,-0.000
cam0 extrinsics = -0.006,0.010,0.702,0.712 | 0.063,-0.012,0.007
cam1 extrinsics = -0.001,0.014,0.703,0.711 | -0.048,-0.012,0.005
q_GtoI = 0.621,-0.534,0.406,0.406 | p_IinG = -1.179,-1.755,1.022 | dist = 68.34 (meters)
bg = -0.0022,0.0204,0.0766 | ba = -0.0499,0.0372,0.0391
camera-imu timeoffset = -0.00006
cam0 intrinsics = 461.021,459.686,367.301,245.648 | -0.277,0.069,0.001,0.000
cam1 intrinsics = 459.759,458.416,379.744,252.691 | -0.278,0.069,0.000,-0.000
cam0 extrinsics = -0.006,0.010,0.702,0.712 | 0.063,-0.012,0.007
cam1 extrinsics = -0.001,0.014,0.703,0.711 | -0.048,-0.012,0.005
q_GtoI = 0.624,-0.530,0.411,0.401 | p_IinG = -1.174,-1.773,1.023 | dist = 68.36 (meters)
bg = -0.0021,0.0204,0.0766 | ba = -0.0491,0.0369,0.0400
camera-imu timeoffset = -0.00006
cam0 intrinsics = 461.022,459.687,367.301,245.649 | -0.277,0.069,0.001,0.000
cam1 intrinsics = 459.760,458.417,379.745,252.690 | -0.278,0.069,0.000,-0.000
cam0 extrinsics = -0.006,0.010,0.702,0.712 | 0.063,-0.012,0.007
cam1 extrinsics = -0.001,0.014,0.703,0.711 | -0.048,-0.012,0.005
q_GtoI = 0.628,-0.527,0.415,0.395 | p_IinG = -1.168,-1.791,1.023 | dist = 68.38 (meters)
bg = -0.0021,0.0202,0.0765 | ba = -0.0486,0.0365,0.0404
camera-imu timeoffset = -0.00006
cam0 intrinsics = 461.023,459.688,367.302,245.648 | -0.277,0.069,0.001,0.000
cam1 intrinsics = 459.760,458.417,379.745,252.689 | -0.278,0.069,0.000,-0.000
cam0 extrinsics = -0.006,0.010,0.702,0.712 | 0.063,-0.012,0.007
cam1 extrinsics = -0.001,0.014,0.703,0.711 | -0.048,-0.012,0.005
q_GtoI = 0.630,-0.524,0.419,0.390 | p_IinG = -1.159,-1.808,1.023 | dist = 68.40 (meters)
bg = -0.0019,0.0202,0.0765 | ba = -0.0475,0.0366,0.0413
camera-imu timeoffset = -0.00006
cam0 intrinsics = 461.024,459.689,367.311,245.654 | -0.277,0.069,0.001,0.000
cam1 intrinsics = 459.761,458.418,379.752,252.695 | -0.278,0.069,0.000,-0.000
cam0 extrinsics = -0.006,0.010,0.702,0.712 | 0.063,-0.012,0.007
cam1 extrinsics = -0.001,0.014,0.703,0.711 | -0.048,-0.012,0.005
q_GtoI = 0.633,-0.521,0.422,0.387 | p_IinG = -1.150,-1.825,1.022 | dist = 68.42 (meters)
bg = -0.0018,0.0200,0.0765 | ba = -0.0460,0.0369,0.0420
camera-imu timeoffset = -0.00006
cam0 intrinsics = 461.025,459.690,367.312,245.655 | -0.277,0.069,0.001,0.000
cam1 intrinsics = 459.761,458.418,379.752,252.696 | -0.278,0.069,0.000,-0.000
cam0 extrinsics = -0.006,0.010,0.702,0.712 | 0.063,-0.012,0.007
cam1 extrinsics = -0.001,0.014,0.703,0.711 | -0.048,-0.012,0.005
q_GtoI = 0.635,-0.518,0.425,0.384 | p_IinG = -1.139,-1.843,1.022 | dist = 68.44 (meters)
bg = -0.0017,0.0199,0.0765 | ba = -0.0452,0.0371,0.0418
camera-imu timeoffset = -0.00006
cam0 intrinsics = 461.026,459.691,367.313,245.656 | -0.277,0.069,0.001,0.000
cam1 intrinsics = 459.761,458.418,379.753,252.698 | -0.278,0.069,0.000,-0.000
cam0 extrinsics = -0.006,0.010,0.702,0.712 | 0.063,-0.012,0.007
cam1 extrinsics = -0.001,0.014,0.703,0.711 | -0.048,-0.012,0.005
q_GtoI = 0.637,-0.516,0.427,0.382 | p_IinG = -1.127,-1.862,1.021 | dist = 68.46 (meters)
bg = -0.0017,0.0198,0.0765 | ba = -0.0447,0.0370,0.0407
camera-imu timeoffset = -0.00006
cam0 intrinsics = 461.028,459.692,367.312,245.657 | -0.277,0.069,0.001,0.000
cam1 intrinsics = 459.762,458.419,379.751,252.699 | -0.278,0.069,0.000,-0.000
cam0 extrinsics = -0.006,0.010,0.702,0.712 | 0.063,-0.012,0.007
cam1 extrinsics = -0.001,0.014,0.703,0.711 | -0.048,-0.012,0.005
q_GtoI = 0.639,-0.513,0.430,0.379 | p_IinG = -1.114,-1.880,1.019 | dist = 68.48 (meters)
bg = -0.0017,0.0197,0.0765 | ba = -0.0434,0.0370,0.0399
camera-imu timeoffset = -0.00006
cam0 intrinsics = 461.029,459.693,367.312,245.658 | -0.277,0.069,0.001,0.000
cam1 intrinsics = 459.762,458.419,379.752,252.700 | -0.278,0.069,0.000,-0.000
cam0 extrinsics = -0.006,0.010,0.702,0.712 | 0.063,-0.012,0.007
cam1 extrinsics = -0.001,0.014,0.703,0.711 | -0.048,-0.012,0.005
q_GtoI = 0.643,-0.509,0.432,0.377 | p_IinG = -1.103,-1.899,1.020 | dist = 68.51 (meters)
bg = -0.0020,0.0199,0.0766 | ba = -0.0447,0.0332,0.0401
camera-imu timeoffset = -0.00006
cam0 intrinsics = 461.039,459.700,367.324,245.655 | -0.277,0.069,0.001,0.000
cam1 intrinsics = 459.773,458.428,379.757,252.694 | -0.278,0.069,0.000,-0.000
cam0 extrinsics = -0.006,0.010,0.702,0.712 | 0.063,-0.012,0.007
cam1 extrinsics = -0.001,0.014,0.703,0.711 | -0.048,-0.012,0.005
q_GtoI = 0.646,-0.504,0.434,0.374 | p_IinG = -1.088,-1.917,1.018 | dist = 68.53 (meters)
bg = -0.0020,0.0197,0.0766 | ba = -0.0436,0.0333,0.0391
camera-imu timeoffset = -0.00006
cam0 intrinsics = 461.042,459.703,367.325,245.655 | -0.277,0.069,0.001,0.000
cam1 intrinsics = 459.775,458.428,379.757,252.694 | -0.278,0.069,0.000,-0.000
cam0 extrinsics = -0.006,0.010,0.702,0.712 | 0.063,-0.012,0.007
cam1 extrinsics = -0.001,0.014,0.703,0.711 | -0.048,-0.012,0.005
q_GtoI = 0.651,-0.499,0.437,0.370 | p_IinG = -1.070,-1.935,1.016 | dist = 68.55 (meters)
bg = -0.0020,0.0197,0.0766 | ba = -0.0419,0.0336,0.0378
camera-imu timeoffset = -0.00006
cam0 intrinsics = 461.045,459.705,367.326,245.655 | -0.277,0.069,0.001,0.000
cam1 intrinsics = 459.776,458.430,379.758,252.694 | -0.278,0.069,0.000,-0.000
cam0 extrinsics = -0.006,0.010,0.702,0.712 | 0.063,-0.012,0.007
cam1 extrinsics = -0.001,0.014,0.703,0.711 | -0.048,-0.012,0.005
q_GtoI = 0.656,-0.492,0.440,0.366 | p_IinG = -1.052,-1.953,1.014 | dist = 68.58 (meters)
bg = -0.0020,0.0197,0.0766 | ba = -0.0414,0.0323,0.0371
camera-imu timeoffset = -0.00006
cam0 intrinsics = 461.049,459.708,367.325,245.654 | -0.277,0.069,0.001,0.000
cam1 intrinsics = 459.779,458.432,379.758,252.693 | -0.278,0.069,0.000,-0.000
cam0 extrinsics = -0.006,0.010,0.702,0.712 | 0.063,-0.012,0.007
cam1 extrinsics = -0.001,0.014,0.703,0.711 | -0.048,-0.012,0.005
q_GtoI = 0.661,-0.484,0.444,0.361 | p_IinG = -1.033,-1.971,1.012 | dist = 68.61 (meters)
bg = -0.0020,0.0197,0.0766 | ba = -0.0418,0.0306,0.0362
camera-imu timeoffset = -0.00006
cam0 intrinsics = 461.054,459.711,367.324,245.652 | -0.277,0.069,0.001,0.000
cam1 intrinsics = 459.783,458.434,379.756,252.690 | -0.278,0.069,0.000,-0.000
cam0 extrinsics = -0.006,0.010,0.702,0.712 | 0.063,-0.012,0.007
cam1 extrinsics = -0.001,0.014,0.703,0.711 | -0.048,-0.012,0.005
q_GtoI = 0.668,-0.476,0.448,0.355 | p_IinG = -1.012,-1.988,1.010 | dist = 68.63 (meters)
bg = -0.0021,0.0196,0.0767 | ba = -0.0427,0.0288,0.0359
camera-imu timeoffset = -0.00006
cam0 intrinsics = 461.060,459.714,367.322,245.651 | -0.277,0.069,0.001,0.000
cam1 intrinsics = 459.788,458.437,379.755,252.687 | -0.278,0.069,0.000,-0.000
cam0 extrinsics = -0.006,0.010,0.702,0.712 | 0.063,-0.012,0.007
cam1 extrinsics = -0.001,0.014,0.703,0.711 | -0.048,-0.012,0.005
q_GtoI = 0.676,-0.465,0.453,0.349 | p_IinG = -0.990,-2.005,1.008 | dist = 68.66 (meters)
bg = -0.0022,0.0196,0.0767 | ba = -0.0423,0.0280,0.0361
camera-imu timeoffset = -0.00006
cam0 intrinsics = 461.067,459.718,367.319,245.648 | -0.277,0.069,0.001,0.000
cam1 intrinsics = 459.795,458.442,379.752,252.684 | -0.278,0.069,0.000,-0.000
cam0 extrinsics = -0.006,0.010,0.702,0.712 | 0.063,-0.012,0.007
cam1 extrinsics = -0.001,0.014,0.703,0.711 | -0.048,-0.012,0.005
q_GtoI = 0.683,-0.454,0.459,0.342 | p_IinG = -0.966,-2.021,1.006 | dist = 68.69 (meters)
bg = -0.0023,0.0198,0.0768 | ba = -0.0419,0.0273,0.0362
camera-imu timeoffset = -0.00006
cam0 intrinsics = 461.077,459.725,367.316,245.646 | -0.277,0.069,0.001,0.000
cam1 intrinsics = 459.804,458.447,379.750,252.682 | -0.278,0.069,0.000,-0.000
cam0 extrinsics = -0.006,0.010,0.702,0.712 | 0.063,-0.012,0.007
cam1 extrinsics = -0.001,0.014,0.703,0.711 | -0.048,-0.012,0.005
q_GtoI = 0.691,-0.443,0.465,0.333 | p_IinG = -0.940,-2.037,1.004 | dist = 68.72 (meters)
bg = -0.0023,0.0199,0.0769 | ba = -0.0428,0.0258,0.0355
camera-imu timeoffset = -0.00006
cam0 intrinsics = 461.090,459.735,367.314,245.647 | -0.277,0.069,0.001,0.000
cam1 intrinsics = 459.816,458.456,379.748,252.682 | -0.278,0.069,0.000,-0.000
cam0 extrinsics = -0.006,0.010,0.702,0.712 | 0.063,-0.012,0.007
cam1 extrinsics = -0.001,0.014,0.703,0.711 | -0.048,-0.012,0.005
q_GtoI = 0.699,-0.429,0.470,0.326 | p_IinG = -0.911,-2.051,1.001 | dist = 68.75 (meters)
bg = -0.0023,0.0199,0.0769 | ba = -0.0421,0.0268,0.0351
camera-imu timeoffset = -0.00006
cam0 intrinsics = 461.101,459.745,367.313,245.646 | -0.278,0.069,0.001,0.000
cam1 intrinsics = 459.826,458.466,379.747,252.681 | -0.278,0.069,0.000,-0.000
cam0 extrinsics = -0.006,0.010,0.702,0.712 | 0.063,-0.012,0.007
cam1 extrinsics = -0.001,0.014,0.703,0.711 | -0.048,-0.012,0.005
q_GtoI = 0.707,-0.416,0.476,0.316 | p_IinG = -0.880,-2.063,0.999 | dist = 68.79 (meters)
bg = -0.0021,0.0199,0.0769 | ba = -0.0428,0.0277,0.0356
camera-imu timeoffset = -0.00006
cam0 intrinsics = 461.112,459.756,367.313,245.649 | -0.278,0.069,0.001,0.000
cam1 intrinsics = 459.835,458.476,379.748,252.683 | -0.278,0.069,0.000,-0.000
cam0 extrinsics = -0.006,0.010,0.702,0.712 | 0.063,-0.012,0.007
cam1 extrinsics = -0.001,0.014,0.703,0.711 | -0.048,-0.012,0.005
q_GtoI = 0.715,-0.402,0.482,0.307 | p_IinG = -0.849,-2.075,0.998 | dist = 68.82 (meters)
bg = -0.0019,0.0199,0.0770 | ba = -0.0439,0.0289,0.0371
camera-imu timeoffset = -0.00006
cam0 intrinsics = 461.117,459.761,367.321,245.663 | -0.278,0.069,0.001,0.000
cam1 intrinsics = 459.841,458.481,379.756,252.696 | -0.278,0.070,0.000,-0.000
cam0 extrinsics = -0.006,0.010,0.702,0.712 | 0.063,-0.012,0.007
cam1 extrinsics = -0.001,0.014,0.703,0.711 | -0.048,-0.012,0.005
q_GtoI = 0.723,-0.388,0.489,0.297 | p_IinG = -0.815,-2.088,0.995 | dist = 68.85 (meters)
bg = -0.0017,0.0199,0.0770 | ba = -0.0437,0.0287,0.0364
camera-imu timeoffset = -0.00006
cam0 intrinsics = 461.119,459.759,367.320,245.661 | -0.278,0.069,0.001,0.000
cam1 intrinsics = 459.842,458.478,379.753,252.691 | -0.278,0.070,0.000,-0.000
cam0 extrinsics = -0.006,0.010,0.702,0.712 | 0.063,-0.012,0.007
cam1 extrinsics = -0.001,0.014,0.703,0.711 | -0.048,-0.012,0.005
q_GtoI = 0.730,-0.373,0.495,0.286 | p_IinG = -0.781,-2.099,0.993 | dist = 68.89 (meters)
bg = -0.0015,0.0199,0.0771 | ba = -0.0447,0.0297,0.0370
camera-imu timeoffset = -0.00006
cam0 intrinsics = 461.122,459.760,367.318,245.661 | -0.278,0.069,0.001,0.000
cam1 intrinsics = 459.845,458.478,379.751,252.691 | -0.278,0.070,0.000,-0.000
cam0 extrinsics = -0.006,0.010,0.702,0.712 | 0.063,-0.012,0.007
cam1 extrinsics = -0.001,0.014,0.703,0.711 | -0.048,-0.012,0.005
q_GtoI = 0.738,-0.359,0.501,0.274 | p_IinG = -0.747,-2.107,0.990 | dist = 68.92 (meters)
bg = -0.0014,0.0198,0.0771 | ba = -0.0453,0.0315,0.0377
camera-imu timeoffset = -0.00006
cam0 intrinsics = 461.125,459.757,367.317,245.656 | -0.278,0.069,0.001,0.000
cam1 intrinsics = 459.848,458.475,379.750,252.686 | -0.278,0.070,0.000,-0.000
cam0 extrinsics = -0.006,0.010,0.702,0.712 | 0.063,-0.012,0.007
cam1 extrinsics = -0.001,0.014,0.703,0.711 | -0.048,-0.012,0.005
q_GtoI = 0.746,-0.342,0.507,0.263 | p_IinG = -0.714,-2.115,0.987 | dist = 68.96 (meters)
bg = -0.0013,0.0196,0.0769 | ba = -0.0436,0.0341,0.0401
camera-imu timeoffset = -0.00006
cam0 intrinsics = 461.127,459.751,367.321,245.652 | -0.278,0.069,0.001,0.000
cam1 intrinsics = 459.850,458.469,379.753,252.680 | -0.278,0.070,0.000,-0.000
cam0 extrinsics = -0.006,0.010,0.702,0.712 | 0.063,-0.012,0.007
cam1 extrinsics = -0.001,0.014,0.703,0.711 | -0.048,-0.012,0.005
q_GtoI = 0.752,-0.326,0.514,0.253 | p_IinG = -0.679,-2.123,0.985 | dist = 69.00 (meters)
bg = -0.0012,0.0195,0.0768 | ba = -0.0437,0.0363,0.0420
camera-imu timeoffset = -0.00006
cam0 intrinsics = 461.131,459.745,367.320,245.642 | -0.278,0.069,0.001,0.000
cam1 intrinsics = 459.853,458.462,379.752,252.670 | -0.278,0.070,0.000,-0.000
cam0 extrinsics = -0.006,0.010,0.702,0.712 | 0.063,-0.012,0.007
cam1 extrinsics = -0.001,0.014,0.703,0.711 | -0.048,-0.012,0.005
q_GtoI = 0.759,-0.307,0.519,0.244 | p_IinG = -0.644,-2.130,0.982 | dist = 69.03 (meters)
bg = -0.0012,0.0196,0.0771 | ba = -0.0444,0.0363,0.0421
camera-imu timeoffset = -0.00006
cam0 intrinsics = 461.142,459.748,367.312,245.646 | -0.278,0.069,0.001,0.000
cam1 intrinsics = 459.859,458.462,379.738,252.673 | -0.278,0.070,0.000,-0.000
cam0 extrinsics = -0.006,0.010,0.702,0.712 | 0.063,-0.012,0.007
cam1 extrinsics = -0.001,0.014,0.703,0.711 | -0.048,-0.012,0.005
q_GtoI = 0.765,-0.287,0.525,0.236 | p_IinG = -0.609,-2.135,0.982 | dist = 69.07 (meters)
bg = -0.0011,0.0197,0.0772 | ba = -0.0447,0.0393,0.0456
camera-imu timeoffset = -0.00006
cam0 intrinsics = 461.147,459.748,367.308,245.640 | -0.278,0.069,0.001,0.000
cam1 intrinsics = 459.863,458.460,379.733,252.668 | -0.278,0.070,0.000,-0.000
cam0 extrinsics = -0.006,0.010,0.702,0.712 | 0.063,-0.012,0.007
cam1 extrinsics = -0.001,0.014,0.703,0.711 | -0.048,-0.012,0.005
q_GtoI = 0.771,-0.265,0.531,0.229 | p_IinG = -0.573,-2.138,0.982 | dist = 69.11 (meters)
bg = -0.0011,0.0197,0.0772 | ba = -0.0442,0.0415,0.0477
camera-imu timeoffset = -0.00006
cam0 intrinsics = 461.150,459.750,367.307,245.640 | -0.278,0.069,0.001,0.000
cam1 intrinsics = 459.864,458.462,379.734,252.668 | -0.278,0.070,0.000,-0.000
cam0 extrinsics = -0.006,0.010,0.702,0.712 | 0.063,-0.012,0.007
cam1 extrinsics = -0.001,0.014,0.703,0.711 | -0.048,-0.012,0.005
q_GtoI = 0.777,-0.244,0.536,0.221 | p_IinG = -0.535,-2.140,0.983 | dist = 69.14 (meters)
bg = -0.0011,0.0198,0.0772 | ba = -0.0462,0.0437,0.0496
camera-imu timeoffset = -0.00006
cam0 intrinsics = 461.151,459.756,367.313,245.650 | -0.278,0.069,0.001,0.000
cam1 intrinsics = 459.864,458.467,379.740,252.678 | -0.278,0.070,0.000,-0.000
cam0 extrinsics = -0.006,0.010,0.702,0.712 | 0.063,-0.012,0.007
cam1 extrinsics = -0.001,0.014,0.703,0.711 | -0.048,-0.012,0.005
q_GtoI = 0.782,-0.221,0.542,0.214 | p_IinG = -0.492,-2.144,0.979 | dist = 69.18 (meters)
bg = -0.0008,0.0203,0.0772 | ba = -0.0480,0.0367,0.0437
camera-imu timeoffset = -0.00006
cam0 intrinsics = 461.153,459.767,367.324,245.647 | -0.278,0.069,0.001,0.000
cam1 intrinsics = 459.869,458.479,379.751,252.672 | -0.278,0.070,0.000,-0.000
cam0 extrinsics = -0.006,0.010,0.702,0.712 | 0.063,-0.012,0.007
cam1 extrinsics = -0.001,0.014,0.703,0.711 | -0.048,-0.012,0.005
q_GtoI = 0.787,-0.198,0.546,0.206 | p_IinG = -0.454,-2.141,0.976 | dist = 69.22 (meters)
bg = -0.0008,0.0203,0.0771 | ba = -0.0460,0.0372,0.0452
camera-imu timeoffset = -0.00006
cam0 intrinsics = 461.153,459.769,367.330,245.646 | -0.278,0.069,0.001,0.000
cam1 intrinsics = 459.870,458.482,379.758,252.670 | -0.278,0.070,0.000,-0.000
cam0 extrinsics = -0.006,0.010,0.702,0.712 | 0.063,-0.012,0.007
cam1 extrinsics = -0.001,0.014,0.703,0.711 | -0.048,-0.012,0.005
q_GtoI = 0.792,-0.175,0.550,0.199 | p_IinG = -0.416,-2.137,0.974 | dist = 69.26 (meters)
bg = -0.0008,0.0202,0.0770 | ba = -0.0433,0.0393,0.0482
camera-imu timeoffset = -0.00006
cam0 intrinsics = 461.153,459.775,367.340,245.652 | -0.278,0.069,0.001,0.000
cam1 intrinsics = 459.871,458.486,379.772,252.674 | -0.278,0.070,0.000,-0.000
cam0 extrinsics = -0.006,0.010,0.702,0.712 | 0.063,-0.012,0.007
cam1 extrinsics = -0.001,0.014,0.703,0.711 | -0.048,-0.012,0.005
q_GtoI = 0.796,-0.153,0.554,0.191 | p_IinG = -0.376,-2.125,0.973 | dist = 69.30 (meters)
bg = -0.0005,0.0199,0.0770 | ba = -0.0417,0.0460,0.0518
camera-imu timeoffset = -0.00006
cam0 intrinsics = 461.152,459.788,367.339,245.658 | -0.278,0.069,0.001,0.000
cam1 intrinsics = 459.871,458.499,379.775,252.678 | -0.278,0.070,0.000,-0.000
cam0 extrinsics = -0.007,0.010,0.702,0.712 | 0.063,-0.012,0.007
cam1 extrinsics = -0.001,0.014,0.703,0.711 | -0.048,-0.012,0.005
q_GtoI = 0.799,-0.132,0.558,0.183 | p_IinG = -0.338,-2.115,0.973 | dist = 69.34 (meters)
bg = -0.0004,0.0200,0.0772 | ba = -0.0407,0.0482,0.0577
camera-imu timeoffset = -0.00006
cam0 intrinsics = 461.153,459.800,367.361,245.686 | -0.278,0.069,0.001,0.000
cam1 intrinsics = 459.871,458.509,379.798,252.707 | -0.278,0.070,0.000,-0.000
cam0 extrinsics = -0.007,0.010,0.702,0.712 | 0.063,-0.012,0.007
cam1 extrinsics = -0.001,0.014,0.703,0.711 | -0.048,-0.012,0.005
q_GtoI = 0.801,-0.114,0.563,0.170 | p_IinG = -0.300,-2.100,0.972 | dist = 69.39 (meters)
bg = -0.0004,0.0200,0.0772 | ba = -0.0390,0.0520,0.0617
camera-imu timeoffset = -0.00006
cam0 intrinsics = 461.159,459.811,367.359,245.691 | -0.278,0.069,0.001,0.000
cam1 intrinsics = 459.877,458.520,379.797,252.707 | -0.278,0.070,0.000,-0.000
cam0 extrinsics = -0.007,0.010,0.702,0.712 | 0.063,-0.012,0.007
cam1 extrinsics = -0.001,0.014,0.703,0.711 | -0.048,-0.012,0.005
q_GtoI = 0.802,-0.098,0.569,0.156 | p_IinG = -0.263,-2.082,0.968 | dist = 69.43 (meters)
bg = -0.0005,0.0199,0.0773 | ba = -0.0364,0.0532,0.0640
camera-imu timeoffset = -0.00006
cam0 intrinsics = 461.165,459.824,367.358,245.691 | -0.278,0.069,0.001,0.000
cam1 intrinsics = 459.880,458.530,379.801,252.705 | -0.278,0.070,0.000,-0.000
cam0 extrinsics = -0.007,0.010,0.702,0.712 | 0.063,-0.012,0.007
cam1 extrinsics = -0.001,0.014,0.703,0.711 | -0.048,-0.012,0.005
q_GtoI = 0.804,-0.084,0.572,0.139 | p_IinG = -0.223,-2.060,0.964 | dist = 69.48 (meters)
bg = -0.0006,0.0199,0.0772 | ba = -0.0352,0.0538,0.0652
camera-imu timeoffset = -0.00006
cam0 intrinsics = 461.163,459.829,367.360,245.702 | -0.278,0.069,0.001,0.000
cam1 intrinsics = 459.877,458.535,379.806,252.715 | -0.278,0.070,0.000,-0.000
cam0 extrinsics = -0.007,0.010,0.702,0.712 | 0.063,-0.012,0.007
cam1 extrinsics = -0.001,0.014,0.703,0.711 | -0.048,-0.012,0.005
q_GtoI = 0.805,-0.073,0.576,0.120 | p_IinG = -0.183,-2.035,0.958 | dist = 69.53 (meters)
bg = -0.0006,0.0198,0.0771 | ba = -0.0332,0.0542,0.0657
camera-imu timeoffset = -0.00006
cam0 intrinsics = 461.164,459.835,367.360,245.699 | -0.278,0.069,0.001,0.000
cam1 intrinsics = 459.880,458.541,379.807,252.710 | -0.278,0.070,0.000,-0.000
cam0 extrinsics = -0.007,0.010,0.702,0.712 | 0.063,-0.012,0.007
cam1 extrinsics = -0.001,0.014,0.703,0.711 | -0.048,-0.012,0.005
q_GtoI = 0.806,-0.061,0.580,0.099 | p_IinG = -0.143,-2.008,0.954 | dist = 69.58 (meters)
bg = -0.0007,0.0199,0.0770 | ba = -0.0338,0.0534,0.0673
camera-imu timeoffset = -0.00006
cam0 intrinsics = 461.167,459.835,367.354,245.699 | -0.278,0.069,0.001,0.000
cam1 intrinsics = 459.884,458.542,379.801,252.708 | -0.278,0.070,0.000,-0.000
cam0 extrinsics = -0.007,0.010,0.702,0.712 | 0.063,-0.012,0.007
cam1 extrinsics = -0.001,0.014,0.703,0.711 | -0.048,-0.012,0.005
q_GtoI = 0.806,-0.049,0.585,0.078 | p_IinG = -0.105,-1.975,0.946 | dist = 69.63 (meters)
bg = -0.0005,0.0194,0.0773 | ba = -0.0311,0.0566,0.0687
camera-imu timeoffset = -0.00006
cam0 intrinsics = 461.170,459.842,367.350,245.713 | -0.278,0.069,0.001,0.000
cam1 intrinsics = 459.886,458.547,379.796,252.719 | -0.278,0.070,0.000,-0.000
cam0 extrinsics = -0.007,0.010,0.702,0.712 | 0.063,-0.012,0.008
cam1 extrinsics = -0.001,0.014,0.703,0.711 | -0.048,-0.012,0.005
q_GtoI = 0.805,-0.035,0.589,0.059 | p_IinG = -0.068,-1.943,0.941 | dist = 69.68 (meters)
bg = -0.0005,0.0194,0.0774 | ba = -0.0302,0.0580,0.0710
camera-imu timeoffset = -0.00006
cam0 intrinsics = 461.172,459.843,367.353,245.721 | -0.278,0.069,0.001,0.000
cam1 intrinsics = 459.889,458.549,379.799,252.727 | -0.278,0.070,0.000,-0.000
cam0 extrinsics = -0.007,0.010,0.702,0.712 | 0.063,-0.012,0.008
cam1 extrinsics = -0.001,0.014,0.703,0.711 | -0.048,-0.012,0.005
q_GtoI = 0.806,-0.021,0.591,0.041 | p_IinG = -0.033,-1.908,0.932 | dist = 69.73 (meters)
bg = -0.0004,0.0193,0.0776 | ba = -0.0278,0.0586,0.0732
camera-imu timeoffset = -0.00006
cam0 intrinsics = 461.174,459.840,367.345,245.721 | -0.278,0.069,0.001,0.000
cam1 intrinsics = 459.891,458.546,379.791,252.726 | -0.278,0.070,0.000,-0.000
cam0 extrinsics = -0.007,0.010,0.702,0.712 | 0.063,-0.012,0.008
cam1 extrinsics = -0.001,0.014,0.703,0.711 | -0.048,-0.012,0.005
q_GtoI = 0.806,-0.005,0.591,0.025 | p_IinG = -0.001,-1.874,0.927 | dist = 69.78 (meters)
bg = -0.0004,0.0192,0.0775 | ba = -0.0254,0.0622,0.0782
camera-imu timeoffset = -0.00006
cam0 intrinsics = 461.182,459.841,367.367,245.704 | -0.278,0.069,0.001,0.000
cam1 intrinsics = 459.898,458.546,379.814,252.709 | -0.278,0.070,0.000,-0.000
cam0 extrinsics = -0.007,0.010,0.702,0.712 | 0.063,-0.012,0.008
cam1 extrinsics = -0.001,0.014,0.703,0.711 | -0.048,-0.012,0.005
q_GtoI = 0.807,0.014,0.591,0.012 | p_IinG = 0.032,-1.837,0.919 | dist = 69.83 (meters)
bg = -0.0002,0.0192,0.0779 | ba = -0.0237,0.0619,0.0778
camera-imu timeoffset = -0.00006
cam0 intrinsics = 461.189,459.842,367.374,245.709 | -0.278,0.069,0.001,0.000
cam1 intrinsics = 459.905,458.546,379.822,252.712 | -0.278,0.070,0.000,-0.000
cam0 extrinsics = -0.007,0.010,0.702,0.712 | 0.063,-0.012,0.008
cam1 extrinsics = -0.001,0.014,0.703,0.711 | -0.048,-0.012,0.005
q_GtoI = -0.808,-0.032,-0.588,0.002 | p_IinG = 0.064,-1.800,0.911 | dist = 69.88 (meters)
bg = -0.0001,0.0192,0.0779 | ba = -0.0236,0.0598,0.0778
camera-imu timeoffset = -0.00006
cam0 intrinsics = 461.187,459.841,367.373,245.710 | -0.278,0.069,0.001,0.000
cam1 intrinsics = 459.902,458.545,379.821,252.711 | -0.278,0.070,0.000,-0.000
cam0 extrinsics = -0.007,0.010,0.702,0.712 | 0.063,-0.012,0.008
cam1 extrinsics = -0.001,0.014,0.703,0.711 | -0.048,-0.012,0.005
q_GtoI = -0.809,-0.052,-0.585,0.013 | p_IinG = 0.094,-1.762,0.904 | dist = 69.93 (meters)
bg = -0.0001,0.0191,0.0779 | ba = -0.0244,0.0580,0.0780
camera-imu timeoffset = -0.00006
cam0 intrinsics = 461.185,459.839,367.369,245.712 | -0.278,0.069,0.001,0.000
cam1 intrinsics = 459.901,458.543,379.817,252.713 | -0.278,0.070,0.000,-0.000
cam0 extrinsics = -0.007,0.010,0.702,0.712 | 0.063,-0.012,0.008
cam1 extrinsics = -0.001,0.014,0.703,0.711 | -0.048,-0.012,0.005
q_GtoI = -0.810,-0.073,-0.581,0.026 | p_IinG = 0.124,-1.724,0.899 | dist = 69.98 (meters)
bg = -0.0001,0.0191,0.0780 | ba = -0.0257,0.0561,0.0792
camera-imu timeoffset = -0.00006
cam0 intrinsics = 461.185,459.839,367.361,245.713 | -0.278,0.069,0.001,0.000
cam1 intrinsics = 459.901,458.542,379.810,252.714 | -0.278,0.070,0.000,-0.000
cam0 extrinsics = -0.007,0.010,0.702,0.712 | 0.063,-0.012,0.008
cam1 extrinsics = -0.001,0.014,0.703,0.711 | -0.048,-0.012,0.005
q_GtoI = -0.809,-0.094,-0.579,0.038 | p_IinG = 0.147,-1.683,0.898 | dist = 70.02 (meters)
bg = -0.0004,0.0186,0.0774 | ba = -0.0282,0.0601,0.0822
camera-imu timeoffset = -0.00006
cam0 intrinsics = 461.191,459.841,367.358,245.708 | -0.278,0.069,0.001,0.000
cam1 intrinsics = 459.905,458.543,379.808,252.712 | -0.278,0.070,0.000,-0.000
cam0 extrinsics = -0.007,0.010,0.702,0.712 | 0.063,-0.012,0.008
cam1 extrinsics = -0.001,0.014,0.703,0.711 | -0.048,-0.012,0.005
q_GtoI = -0.807,-0.115,-0.577,0.050 | p_IinG = 0.173,-1.641,0.897 | dist = 70.07 (meters)
bg = -0.0004,0.0185,0.0773 | ba = -0.0292,0.0622,0.0841
camera-imu timeoffset = -0.00006
cam0 intrinsics = 461.190,459.840,367.353,245.710 | -0.278,0.069,0.001,0.000
cam1 intrinsics = 459.903,458.542,379.803,252.715 | -0.278,0.070,0.000,-0.000
cam0 extrinsics = -0.007,0.010,0.702,0.712 | 0.063,-0.012,0.008
cam1 extrinsics = -0.001,0.014,0.703,0.711 | -0.048,-0.012,0.005
q_GtoI = -0.803,-0.135,-0.577,0.065 | p_IinG = 0.197,-1.598,0.897 | dist = 70.12 (meters)
bg = -0.0003,0.0185,0.0772 | ba = -0.0300,0.0655,0.0874
camera-imu timeoffset = -0.00006
cam0 intrinsics = 461.189,459.840,367.347,245.714 | -0.278,0.069,0.001,0.000
cam1 intrinsics = 459.901,458.541,379.798,252.719 | -0.278,0.070,0.000,-0.000
cam0 extrinsics = -0.007,0.010,0.702,0.712 | 0.063,-0.013,0.008
cam1 extrinsics = -0.001,0.014,0.703,0.711 | -0.048,-0.012,0.005
q_GtoI = -0.798,-0.153,-0.578,0.082 | p_IinG = 0.222,-1.552,0.897 | dist = 70.17 (meters)
bg = -0.0001,0.0186,0.0773 | ba = -0.0310,0.0675,0.0864
camera-imu timeoffset = -0.00006
cam0 intrinsics = 461.187,459.840,367.343,245.713 | -0.278,0.069,0.001,0.000
cam1 intrinsics = 459.899,458.541,379.790,252.717 | -0.278,0.070,0.000,-0.000
cam0 extrinsics = -0.007,0.010,0.702,0.712 | 0.063,-0.013,0.008
cam1 extrinsics = -0.001,0.014,0.703,0.711 | -0.048,-0.012,0.005
q_GtoI = -0.789,-0.173,-0.581,0.099 | p_IinG = 0.243,-1.506,0.901 | dist = 70.22 (meters)
bg = -0.0000,0.0185,0.0771 | ba = -0.0326,0.0699,0.0863
camera-imu timeoffset = -0.00006
cam0 intrinsics = 461.185,459.840,367.341,245.712 | -0.278,0.069,0.001,0.000
cam1 intrinsics = 459.897,458.541,379.789,252.716 | -0.278,0.070,0.000,-0.000
cam0 extrinsics = -0.007,0.010,0.702,0.712 | 0.063,-0.013,0.008
cam1 extrinsics = -0.001,0.014,0.703,0.711 | -0.048,-0.012,0.005
q_GtoI = -0.779,-0.190,-0.586,0.118 | p_IinG = 0.261,-1.460,0.908 | dist = 70.27 (meters)
bg = 0.0001,0.0185,0.0770 | ba = -0.0333,0.0747,0.0887
camera-imu timeoffset = -0.00006
cam0 intrinsics = 461.183,459.839,367.340,245.712 | -0.278,0.069,0.001,0.000
cam1 intrinsics = 459.895,458.540,379.787,252.716 | -0.278,0.070,0.000,-0.000
cam0 extrinsics = -0.007,0.010,0.702,0.712 | 0.063,-0.013,0.008
cam1 extrinsics = -0.001,0.014,0.703,0.711 | -0.048,-0.012,0.006
q_GtoI = -0.767,-0.209,-0.591,0.135 | p_IinG = 0.280,-1.413,0.913 | dist = 70.32 (meters)
bg = 0.0004,0.0186,0.0770 | ba = -0.0314,0.0752,0.0864
camera-imu timeoffset = -0.00006
cam0 intrinsics = 461.185,459.845,367.349,245.711 | -0.278,0.069,0.001,0.000
cam1 intrinsics = 459.896,458.543,379.794,252.719 | -0.278,0.070,0.000,-0.000
cam0 extrinsics = -0.007,0.010,0.702,0.712 | 0.063,-0.013,0.008
cam1 extrinsics = -0.001,0.014,0.703,0.711 | -0.048,-0.012,0.006
q_GtoI = -0.756,-0.232,-0.595,0.148 | p_IinG = 0.295,-1.368,0.917 | dist = 70.36 (meters)
bg = 0.0004,0.0186,0.0771 | ba = -0.0298,0.0764,0.0859
camera-imu timeoffset = -0.00006
cam0 intrinsics = 461.186,459.845,367.351,245.709 | -0.278,0.069,0.001,0.000
cam1 intrinsics = 459.897,458.543,379.795,252.717 | -0.278,0.070,0.000,-0.000
cam0 extrinsics = -0.007,0.010,0.702,0.712 | 0.063,-0.013,0.008
cam1 extrinsics = -0.001,0.014,0.703,0.711 | -0.048,-0.012,0.006
q_GtoI = -0.745,-0.254,-0.596,0.159 | p_IinG = 0.304,-1.324,0.924 | dist = 70.41 (meters)
bg = 0.0005,0.0186,0.0769 | ba = -0.0286,0.0787,0.0882
camera-imu timeoffset = -0.00006
cam0 intrinsics = 461.188,459.849,367.348,245.714 | -0.278,0.069,0.001,0.000
cam1 intrinsics = 459.898,458.546,379.788,252.721 | -0.278,0.070,0.000,-0.000
cam0 extrinsics = -0.007,0.010,0.702,0.712 | 0.063,-0.013,0.008
cam1 extrinsics = -0.001,0.014,0.703,0.711 | -0.048,-0.012,0.006
q_GtoI = -0.738,-0.277,-0.593,0.166 | p_IinG = 0.312,-1.280,0.928 | dist = 70.45 (meters)
bg = 0.0005,0.0186,0.0770 | ba = -0.0275,0.0793,0.0888
camera-imu timeoffset = -0.00006
cam0 intrinsics = 461.188,459.851,367.347,245.715 | -0.278,0.069,0.001,0.000
cam1 intrinsics = 459.898,458.548,379.786,252.722 | -0.278,0.070,0.000,-0.000
cam0 extrinsics = -0.007,0.010,0.702,0.712 | 0.063,-0.013,0.008
cam1 extrinsics = -0.001,0.014,0.703,0.711 | -0.048,-0.012,0.006
q_GtoI = -0.730,-0.297,-0.589,0.175 | p_IinG = 0.317,-1.235,0.933 | dist = 70.50 (meters)
bg = 0.0007,0.0186,0.0767 | ba = -0.0278,0.0809,0.0894
camera-imu timeoffset = -0.00006
cam0 intrinsics = 461.189,459.851,367.346,245.705 | -0.278,0.069,0.001,0.000
cam1 intrinsics = 459.898,458.546,379.779,252.714 | -0.278,0.070,0.000,-0.000
cam0 extrinsics = -0.007,0.010,0.702,0.712 | 0.063,-0.013,0.008
cam1 extrinsics = -0.001,0.014,0.703,0.711 | -0.048,-0.012,0.006
q_GtoI = -0.723,-0.317,-0.585,0.184 | p_IinG = 0.317,-1.191,0.938 | dist = 70.54 (meters)
bg = 0.0007,0.0186,0.0768 | ba = -0.0261,0.0824,0.0893
camera-imu timeoffset = -0.00006
cam0 intrinsics = 461.189,459.852,367.346,245.705 | -0.278,0.069,0.001,0.000
cam1 intrinsics = 459.898,458.546,379.779,252.715 | -0.278,0.070,0.000,-0.000
cam0 extrinsics = -0.007,0.010,0.702,0.712 | 0.063,-0.013,0.008
cam1 extrinsics = -0.001,0.014,0.703,0.711 | -0.048,-0.012,0.006
q_GtoI = -0.717,-0.335,-0.579,0.195 | p_IinG = 0.311,-1.147,0.943 | dist = 70.58 (meters)
bg = 0.0004,0.0185,0.0770 | ba = -0.0249,0.0860,0.0894
camera-imu timeoffset = -0.00006
cam0 intrinsics = 461.194,459.852,367.340,245.706 | -0.278,0.069,0.001,0.000
cam1 intrinsics = 459.900,458.545,379.769,252.716 | -0.278,0.070,0.000,-0.000
cam0 extrinsics = -0.007,0.010,0.702,0.712 | 0.063,-0.013,0.008
cam1 extrinsics = -0.001,0.014,0.703,0.711 | -0.048,-0.012,0.006
q_GtoI = -0.711,-0.352,-0.573,0.205 | p_IinG = 0.305,-1.101,0.948 | dist = 70.63 (meters)
bg = 0.0003,0.0186,0.0773 | ba = -0.0243,0.0869,0.0864
camera-imu timeoffset = -0.00006
cam0 intrinsics = 461.192,459.852,367.342,245.705 | -0.278,0.069,0.001,0.000
cam1 intrinsics = 459.899,458.545,379.772,252.716 | -0.278,0.070,0.000,-0.000
cam0 extrinsics = -0.007,0.010,0.702,0.712 | 0.063,-0.013,0.008
cam1 extrinsics = -0.001,0.014,0.703,0.711 | -0.048,-0.012,0.006
q_GtoI = -0.704,-0.369,-0.566,0.216 | p_IinG = 0.295,-1.057,0.951 | dist = 70.67 (meters)
bg = 0.0003,0.0188,0.0777 | ba = -0.0219,0.0858,0.0857
camera-imu timeoffset = -0.00006
cam0 intrinsics = 461.198,459.852,367.336,245.704 | -0.278,0.069,0.001,0.000
cam1 intrinsics = 459.904,458.545,379.770,252.714 | -0.278,0.070,0.000,-0.000
cam0 extrinsics = -0.007,0.010,0.702,0.712 | 0.063,-0.013,0.008
cam1 extrinsics = -0.001,0.014,0.703,0.711 | -0.048,-0.012,0.006
q_GtoI = -0.696,-0.384,-0.562,0.227 | p_IinG = 0.283,-0.996,0.954 | dist = 70.72 (meters)
bg = 0.0029,0.0182,0.0770 | ba = -0.0202,0.0886,0.0820
camera-imu timeoffset = -0.00006
cam0 intrinsics = 461.156,459.831,367.318,245.679 | -0.278,0.069,0.001,0.000
cam1 intrinsics = 459.864,458.527,379.755,252.691 | -0.278,0.070,0.000,-0.000
cam0 extrinsics = -0.007,0.010,0.702,0.712 | 0.063,-0.012,0.008
cam1 extrinsics = -0.001,0.014,0.703,0.711 | -0.048,-0.012,0.005
q_GtoI = -0.687,-0.400,-0.558,0.240 | p_IinG = 0.265,-0.952,0.960 | dist = 70.77 (meters)
bg = 0.0029,0.0182,0.0770 | ba = -0.0190,0.0879,0.0838
camera-imu timeoffset = -0.00005
cam0 intrinsics = 461.159,459.832,367.312,245.677 | -0.278,0.069,0.001,0.000
cam1 intrinsics = 459.867,458.527,379.751,252.689 | -0.278,0.070,0.000,-0.000
cam0 extrinsics = -0.007,0.010,0.702,0.712 | 0.063,-0.012,0.008
cam1 extrinsics = -0.001,0.014,0.703,0.711 | -0.048,-0.012,0.005
q_GtoI = -0.676,-0.415,-0.553,0.254 | p_IinG = 0.245,-0.913,0.965 | dist = 70.82 (meters)
bg = 0.0031,0.0185,0.0770 | ba = -0.0158,0.0861,0.0885
camera-imu timeoffset = -0.00006
cam0 intrinsics = 461.167,459.836,367.309,245.682 | -0.278,0.069,0.001,0.000
cam1 intrinsics = 459.872,458.529,379.747,252.695 | -0.278,0.070,0.000,-0.000
cam0 extrinsics = -0.007,0.010,0.702,0.712 | 0.063,-0.012,0.008
cam1 extrinsics = -0.001,0.014,0.703,0.711 | -0.048,-0.012,0.005
q_GtoI = -0.665,-0.429,-0.549,0.269 | p_IinG = 0.218,-0.873,0.971 | dist = 70.87 (meters)
bg = 0.0030,0.0185,0.0770 | ba = -0.0137,0.0872,0.0919
camera-imu timeoffset = -0.00006
cam0 intrinsics = 461.169,459.839,367.305,245.678 | -0.278,0.069,0.001,0.000
cam1 intrinsics = 459.874,458.532,379.742,252.692 | -0.278,0.070,0.000,-0.000
cam0 extrinsics = -0.007,0.010,0.702,0.712 | 0.063,-0.012,0.008
cam1 extrinsics = -0.001,0.014,0.703,0.711 | -0.048,-0.012,0.005
q_GtoI = -0.653,-0.443,-0.544,0.284 | p_IinG = 0.190,-0.834,0.977 | dist = 70.92 (meters)
bg = 0.0032,0.0185,0.0765 | ba = -0.0140,0.0859,0.0931
camera-imu timeoffset = -0.00006
cam0 intrinsics = 461.162,459.834,367.300,245.675 | -0.278,0.069,0.001,0.000
cam1 intrinsics = 459.870,458.528,379.736,252.692 | -0.278,0.070,0.000,-0.000
cam0 extrinsics = -0.006,0.010,0.702,0.712 | 0.063,-0.012,0.008
cam1 extrinsics = -0.001,0.014,0.703,0.711 | -0.048,-0.012,0.005
q_GtoI = -0.640,-0.458,-0.540,0.299 | p_IinG = 0.154,-0.793,0.984 | dist = 70.97 (meters)
bg = 0.0031,0.0184,0.0767 | ba = -0.0145,0.0890,0.0940
camera-imu timeoffset = -0.00006
cam0 intrinsics = 461.162,459.834,367.294,245.675 | -0.278,0.069,0.001,0.000
cam1 intrinsics = 459.871,458.529,379.735,252.695 | -0.278,0.070,0.000,-0.000
cam0 extrinsics = -0.006,0.010,0.702,0.712 | 0.063,-0.012,0.008
cam1 extrinsics = -0.001,0.014,0.703,0.711 | -0.048,-0.012,0.005
q_GtoI = -0.627,-0.471,-0.535,0.315 | p_IinG = 0.118,-0.755,0.990 | dist = 71.02 (meters)
bg = 0.0032,0.0184,0.0763 | ba = -0.0137,0.0888,0.0927
camera-imu timeoffset = -0.00006
cam0 intrinsics = 461.151,459.832,367.294,245.681 | -0.278,0.069,0.001,0.000
cam1 intrinsics = 459.862,458.529,379.735,252.700 | -0.278,0.070,0.000,-0.000
cam0 extrinsics = -0.006,0.010,0.702,0.712 | 0.063,-0.012,0.008
cam1 extrinsics = -0.001,0.014,0.703,0.711 | -0.048,-0.012,0.005
q_GtoI = -0.613,-0.485,-0.529,0.329 | p_IinG = 0.075,-0.718,0.998 | dist = 71.08 (meters)
bg = 0.0032,0.0183,0.0764 | ba = -0.0142,0.0922,0.0928
camera-imu timeoffset = -0.00006
cam0 intrinsics = 461.151,459.832,367.294,245.681 | -0.278,0.069,0.001,0.000
cam1 intrinsics = 459.862,458.529,379.737,252.701 | -0.278,0.070,0.000,-0.000
cam0 extrinsics = -0.006,0.010,0.702,0.712 | 0.063,-0.012,0.008
cam1 extrinsics = -0.001,0.014,0.703,0.711 | -0.048,-0.012,0.005
q_GtoI = -0.600,-0.500,-0.523,0.342 | p_IinG = 0.027,-0.684,1.005 | dist = 71.13 (meters)
bg = 0.0033,0.0181,0.0764 | ba = -0.0146,0.0956,0.0936
camera-imu timeoffset = -0.00006
cam0 intrinsics = 461.151,459.833,367.301,245.679 | -0.278,0.069,0.001,0.000
cam1 intrinsics = 459.861,458.529,379.743,252.700 | -0.278,0.070,0.000,-0.000
cam0 extrinsics = -0.006,0.010,0.702,0.712 | 0.063,-0.012,0.008
cam1 extrinsics = -0.001,0.014,0.703,0.711 | -0.048,-0.012,0.006
q_GtoI = -0.587,-0.513,-0.515,0.356 | p_IinG = -0.026,-0.652,1.010 | dist = 71.19 (meters)
bg = 0.0033,0.0179,0.0764 | ba = -0.0141,0.1009,0.0929
camera-imu timeoffset = -0.00006
cam0 intrinsics = 461.151,459.835,367.309,245.684 | -0.278,0.069,0.001,0.000
cam1 intrinsics = 459.861,458.531,379.750,252.705 | -0.278,0.070,0.000,-0.000
cam0 extrinsics = -0.006,0.010,0.702,0.712 | 0.063,-0.013,0.008
cam1 extrinsics = -0.001,0.014,0.703,0.711 | -0.048,-0.012,0.006
q_GtoI = -0.576,-0.526,-0.504,0.370 | p_IinG = -0.077,-0.624,1.014 | dist = 71.25 (meters)
bg = 0.0033,0.0179,0.0764 | ba = -0.0137,0.1012,0.0939
camera-imu timeoffset = -0.00006
cam0 intrinsics = 461.153,459.836,367.312,245.687 | -0.278,0.069,0.001,0.000
cam1 intrinsics = 459.863,458.531,379.751,252.707 | -0.278,0.070,0.000,-0.000
cam0 extrinsics = -0.006,0.010,0.702,0.712 | 0.063,-0.013,0.008
cam1 extrinsics = -0.001,0.014,0.703,0.711 | -0.048,-0.012,0.006
q_GtoI = -0.566,-0.540,-0.491,0.384 | p_IinG = -0.133,-0.601,1.019 | dist = 71.31 (meters)
bg = 0.0033,0.0178,0.0764 | ba = -0.0136,0.1023,0.0955
camera-imu timeoffset = -0.00006
cam0 intrinsics = 461.153,459.836,367.316,245.691 | -0.278,0.069,0.001,0.000
cam1 intrinsics = 459.862,458.531,379.755,252.711 | -0.278,0.070,0.000,-0.000
cam0 extrinsics = -0.007,0.010,0.702,0.712 | 0.063,-0.013,0.008
cam1 extrinsics = -0.001,0.014,0.703,0.711 | -0.048,-0.012,0.006
q_GtoI = -0.555,-0.553,-0.479,0.396 | p_IinG = -0.197,-0.578,1.020 | dist = 71.37 (meters)
bg = 0.0034,0.0175,0.0768 | ba = -0.0122,0.1072,0.0942
camera-imu timeoffset = -0.00006
cam0 intrinsics = 461.154,459.839,367.318,245.695 | -0.278,0.069,0.001,0.000
cam1 intrinsics = 459.862,458.533,379.756,252.716 | -0.278,0.070,0.000,-0.000
cam0 extrinsics = -0.007,0.010,0.702,0.712 | 0.063,-0.013,0.008
cam1 extrinsics = -0.001,0.014,0.703,0.711 | -0.048,-0.012,0.006
q_GtoI = -0.543,-0.566,-0.466,0.409 | p_IinG = -0.254,-0.563,1.022 | dist = 71.44 (meters)
bg = 0.0033,0.0175,0.0769 | ba = -0.0113,0.1058,0.0977
camera-imu timeoffset = -0.00006
cam0 intrinsics = 461.156,459.840,367.319,245.702 | -0.278,0.069,0.001,0.000
cam1 intrinsics = 459.864,458.534,379.756,252.723 | -0.278,0.070,0.000,-0.000
cam0 extrinsics = -0.007,0.010,0.702,0.712 | 0.063,-0.013,0.008
cam1 extrinsics = -0.001,0.014,0.703,0.711 | -0.048,-0.012,0.006
q_GtoI = -0.530,-0.578,-0.453,0.423 | p_IinG = -0.312,-0.551,1.025 | dist = 71.50 (meters)
bg = 0.0032,0.0176,0.0768 | ba = -0.0097,0.1040,0.1009
camera-imu timeoffset = -0.00006
cam0 intrinsics = 461.158,459.841,367.314,245.707 | -0.278,0.069,0.001,0.000
cam1 intrinsics = 459.866,458.534,379.753,252.729 | -0.278,0.070,0.000,-0.000
cam0 extrinsics = -0.007,0.010,0.702,0.712 | 0.063,-0.013,0.008
cam1 extrinsics = -0.001,0.014,0.703,0.711 | -0.048,-0.012,0.006
q_GtoI = -0.516,-0.588,-0.442,0.439 | p_IinG = -0.371,-0.551,1.028 | dist = 71.56 (meters)
bg = 0.0031,0.0174,0.0764 | ba = -0.0080,0.1031,0.1086
camera-imu timeoffset = -0.00006
cam0 intrinsics = 461.159,459.842,367.319,245.714 | -0.278,0.069,0.001,0.000
cam1 intrinsics = 459.867,458.535,379.758,252.732 | -0.278,0.070,0.000,-0.000
cam0 extrinsics = -0.007,0.010,0.702,0.712 | 0.063,-0.013,0.008
cam1 extrinsics = -0.001,0.014,0.703,0.711 | -0.048,-0.012,0.006
q_GtoI = -0.503,-0.598,-0.427,0.456 | p_IinG = -0.430,-0.543,1.031 | dist = 71.63 (meters)
bg = 0.0032,0.0176,0.0762 | ba = -0.0083,0.1002,0.1095
camera-imu timeoffset = -0.00006
cam0 intrinsics = 461.159,459.844,367.317,245.720 | -0.278,0.069,0.001,0.000
cam1 intrinsics = 459.867,458.536,379.756,252.735 | -0.278,0.070,0.000,-0.000
cam0 extrinsics = -0.007,0.010,0.702,0.712 | 0.063,-0.012,0.008
cam1 extrinsics = -0.001,0.014,0.703,0.711 | -0.048,-0.012,0.006
q_GtoI = -0.489,-0.608,-0.412,0.470 | p_IinG = -0.492,-0.536,1.033 | dist = 71.69 (meters)
bg = 0.0036,0.0177,0.0760 | ba = -0.0080,0.1001,0.1101
camera-imu timeoffset = -0.00006
cam0 intrinsics = 461.161,459.848,367.318,245.727 | -0.278,0.069,0.001,0.000
cam1 intrinsics = 459.869,458.540,379.755,252.738 | -0.278,0.070,0.000,-0.000
cam0 extrinsics = -0.006,0.010,0.702,0.712 | 0.063,-0.012,0.008
cam1 extrinsics = -0.001,0.014,0.703,0.711 | -0.048,-0.012,0.006
q_GtoI = -0.475,-0.619,-0.398,0.483 | p_IinG = -0.563,-0.535,1.037 | dist = 71.76 (meters)
bg = 0.0041,0.0176,0.0758 | ba = -0.0083,0.1073,0.1115
camera-imu timeoffset = -0.00006
cam0 intrinsics = 461.165,459.853,367.317,245.727 | -0.278,0.069,0.001,0.000
cam1 intrinsics = 459.872,458.543,379.754,252.737 | -0.278,0.070,0.000,-0.000
cam0 extrinsics = -0.006,0.010,0.702,0.712 | 0.063,-0.013,0.008
cam1 extrinsics = -0.001,0.014,0.703,0.711 | -0.048,-0.012,0.006
q_GtoI = -0.461,-0.630,-0.383,0.494 | p_IinG = -0.631,-0.529,1.045 | dist = 71.82 (meters)
bg = 0.0044,0.0181,0.0756 | ba = -0.0135,0.1093,0.1082
camera-imu timeoffset = -0.00006
cam0 intrinsics = 461.167,459.857,367.331,245.717 | -0.278,0.069,0.001,0.000
cam1 intrinsics = 459.873,458.546,379.770,252.727 | -0.278,0.070,0.000,-0.000
cam0 extrinsics = -0.006,0.010,0.702,0.712 | 0.063,-0.013,0.008
cam1 extrinsics = -0.001,0.014,0.703,0.711 | -0.048,-0.012,0.006
q_GtoI = -0.445,-0.641,-0.368,0.505 | p_IinG = -0.697,-0.535,1.047 | dist = 71.89 (meters)
bg = 0.0046,0.0180,0.0756 | ba = -0.0146,0.1104,0.1085
camera-imu timeoffset = -0.00006
cam0 intrinsics = 461.169,459.858,367.335,245.719 | -0.278,0.069,0.001,0.000
cam1 intrinsics = 459.875,458.548,379.777,252.729 | -0.278,0.070,0.000,-0.000
cam0 extrinsics = -0.006,0.010,0.702,0.712 | 0.063,-0.013,0.008
cam1 extrinsics = -0.001,0.014,0.703,0.711 | -0.048,-0.012,0.006
q_GtoI = -0.431,-0.653,-0.350,0.515 | p_IinG = -0.761,-0.543,1.048 | dist = 71.95 (meters)
bg = 0.0047,0.0180,0.0756 | ba = -0.0152,0.1108,0.1081
camera-imu timeoffset = -0.00006
cam0 intrinsics = 461.169,459.859,367.338,245.719 | -0.278,0.069,0.001,0.000
cam1 intrinsics = 459.875,458.548,379.780,252.728 | -0.278,0.070,0.000,-0.000
cam0 extrinsics = -0.006,0.010,0.702,0.712 | 0.063,-0.013,0.008
cam1 extrinsics = -0.001,0.014,0.703,0.711 | -0.048,-0.012,0.006
q_GtoI = -0.416,-0.664,-0.334,0.524 | p_IinG = -0.818,-0.552,1.043 | dist = 72.01 (meters)
bg = 0.0049,0.0178,0.0755 | ba = -0.0140,0.1045,0.1075
camera-imu timeoffset = -0.00006
cam0 intrinsics = 461.167,459.860,367.340,245.715 | -0.278,0.069,0.001,0.000
cam1 intrinsics = 459.873,458.549,379.777,252.726 | -0.278,0.070,0.000,-0.000
cam0 extrinsics = -0.006,0.010,0.702,0.712 | 0.063,-0.013,0.008
cam1 extrinsics = -0.001,0.014,0.703,0.711 | -0.048,-0.012,0.006
q_GtoI = -0.400,-0.675,-0.316,0.534 | p_IinG = -0.868,-0.574,1.039 | dist = 72.07 (meters)
bg = 0.0047,0.0175,0.0755 | ba = -0.0120,0.1011,0.1098
camera-imu timeoffset = -0.00006
cam0 intrinsics = 461.170,459.862,367.338,245.725 | -0.278,0.069,0.001,0.000
cam1 intrinsics = 459.875,458.550,379.780,252.736 | -0.278,0.070,0.000,-0.000
cam0 extrinsics = -0.006,0.010,0.702,0.712 | 0.063,-0.012,0.008
cam1 extrinsics = -0.001,0.014,0.703,0.711 | -0.048,-0.012,0.006
q_GtoI = -0.383,-0.685,-0.300,0.542 | p_IinG = -0.925,-0.590,1.041 | dist = 72.14 (meters)
bg = 0.0049,0.0180,0.0756 | ba = -0.0124,0.0999,0.1108
camera-imu timeoffset = -0.00006
cam0 intrinsics = 461.173,459.863,367.355,245.734 | -0.278,0.069,0.001,0.000
cam1 intrinsics = 459.879,458.551,379.795,252.742 | -0.278,0.070,0.000,-0.000
cam0 extrinsics = -0.007,0.010,0.702,0.712 | 0.063,-0.012,0.008
cam1 extrinsics = -0.001,0.014,0.703,0.711 | -0.048,-0.012,0.006
q_GtoI = -0.365,-0.695,-0.282,0.552 | p_IinG = -0.978,-0.611,1.044 | dist = 72.20 (meters)
bg = 0.0048,0.0184,0.0759 | ba = -0.0134,0.0994,0.1115
camera-imu timeoffset = -0.00005
cam0 intrinsics = 461.179,459.865,367.368,245.739 | -0.278,0.069,0.001,0.000
cam1 intrinsics = 459.884,458.554,379.807,252.747 | -0.278,0.070,0.000,-0.000
cam0 extrinsics = -0.007,0.010,0.702,0.712 | 0.063,-0.012,0.008
cam1 extrinsics = -0.001,0.014,0.703,0.711 | -0.048,-0.012,0.006
q_GtoI = -0.346,-0.703,-0.265,0.562 | p_IinG = -1.032,-0.633,1.045 | dist = 72.25 (meters)
bg = 0.0046,0.0185,0.0757 | ba = -0.0134,0.0995,0.1115
camera-imu timeoffset = -0.00005
cam0 intrinsics = 461.187,459.871,367.360,245.732 | -0.278,0.069,0.001,0.000
cam1 intrinsics = 459.889,458.558,379.803,252.741 | -0.278,0.070,0.000,-0.000
cam0 extrinsics = -0.007,0.010,0.702,0.712 | 0.063,-0.012,0.008
cam1 extrinsics = -0.001,0.014,0.703,0.711 | -0.048,-0.012,0.006
q_GtoI = -0.326,-0.711,-0.249,0.572 | p_IinG = -1.085,-0.653,1.044 | dist = 72.31 (meters)
bg = 0.0049,0.0186,0.0760 | ba = -0.0128,0.0956,0.1101
camera-imu timeoffset = -0.00005
cam0 intrinsics = 461.192,459.877,367.354,245.743 | -0.278,0.069,0.001,0.000
cam1 intrinsics = 459.894,458.563,379.795,252.752 | -0.278,0.070,0.000,-0.000
cam0 extrinsics = -0.007,0.010,0.702,0.712 | 0.063,-0.012,0.008
cam1 extrinsics = -0.001,0.014,0.703,0.711 | -0.048,-0.012,0.006
q_GtoI = -0.306,-0.718,-0.231,0.581 | p_IinG = -1.130,-0.681,1.044 | dist = 72.37 (meters)
bg = 0.0048,0.0183,0.0758 | ba = -0.0140,0.0951,0.1118
camera-imu timeoffset = -0.00005
cam0 intrinsics = 461.195,459.879,367.355,245.737 | -0.278,0.069,0.001,0.000
cam1 intrinsics = 459.897,458.565,379.798,252.745 | -0.278,0.070,0.000,-0.000
cam0 extrinsics = -0.007,0.010,0.702,0.712 | 0.063,-0.012,0.008
cam1 extrinsics = -0.001,0.014,0.703,0.711 | -0.048,-0.012,0.006
q_GtoI = -0.284,-0.725,-0.217,0.588 | p_IinG = -1.179,-0.708,1.043 | dist = 72.42 (meters)
bg = 0.0053,0.0181,0.0756 | ba = -0.0125,0.0951,0.1108
camera-imu timeoffset = -0.00005
cam0 intrinsics = 461.192,459.877,367.350,245.742 | -0.278,0.069,0.001,0.000
cam1 intrinsics = 459.895,458.565,379.793,252.748 | -0.278,0.070,0.000,-0.000
cam0 extrinsics = -0.007,0.010,0.702,0.712 | 0.063,-0.012,0.008
cam1 extrinsics = -0.001,0.014,0.703,0.711 | -0.048,-0.012,0.006
q_GtoI = -0.262,-0.733,-0.200,0.595 | p_IinG = -1.224,-0.742,1.041 | dist = 72.47 (meters)
bg = 0.0050,0.0183,0.0764 | ba = -0.0096,0.0981,0.1104
camera-imu timeoffset = -0.00005
cam0 intrinsics = 461.202,459.884,367.347,245.747 | -0.278,0.069,0.001,0.000
cam1 intrinsics = 459.905,458.570,379.796,252.752 | -0.278,0.070,0.000,-0.000
cam0 extrinsics = -0.007,0.010,0.702,0.712 | 0.063,-0.012,0.008
cam1 extrinsics = -0.001,0.014,0.703,0.711 | -0.048,-0.012,0.006
q_GtoI = -0.239,-0.740,-0.181,0.602 | p_IinG = -1.263,-0.776,1.042 | dist = 72.52 (meters)
bg = 0.0049,0.0184,0.0766 | ba = -0.0090,0.0989,0.1102
camera-imu timeoffset = -0.00005
cam0 intrinsics = 461.204,459.885,367.349,245.751 | -0.278,0.069,0.001,0.000
cam1 intrinsics = 459.907,458.571,379.802,252.756 | -0.278,0.070,0.000,-0.000
cam0 extrinsics = -0.007,0.010,0.702,0.712 | 0.063,-0.012,0.008
cam1 extrinsics = -0.001,0.014,0.703,0.711 | -0.048,-0.012,0.006
q_GtoI = -0.216,-0.746,-0.162,0.609 | p_IinG = -1.298,-0.810,1.042 | dist = 72.57 (meters)
bg = 0.0049,0.0183,0.0764 | ba = -0.0093,0.0975,0.1096
camera-imu timeoffset = -0.00005
cam0 intrinsics = 461.205,459.887,367.352,245.753 | -0.278,0.069,0.001,0.000
cam1 intrinsics = 459.909,458.573,379.805,252.756 | -0.278,0.070,0.000,-0.000
cam0 extrinsics = -0.007,0.010,0.702,0.712 | 0.063,-0.013,0.008
cam1 extrinsics = -0.001,0.014,0.703,0.711 | -0.048,-0.012,0.006
q_GtoI = -0.194,-0.751,-0.142,0.615 | p_IinG = -1.332,-0.846,1.044 | dist = 72.62 (meters)
bg = 0.0050,0.0183,0.0764 | ba = -0.0097,0.0982,0.1087
camera-imu timeoffset = -0.00005
cam0 intrinsics = 461.203,459.886,367.347,245.749 | -0.278,0.069,0.001,0.000
cam1 intrinsics = 459.908,458.573,379.802,252.751 | -0.278,0.070,0.000,-0.000
cam0 extrinsics = -0.007,0.010,0.702,0.712 | 0.063,-0.013,0.008
cam1 extrinsics = -0.001,0.014,0.703,0.711 | -0.048,-0.012,0.006
q_GtoI = -0.172,-0.755,-0.123,0.621 | p_IinG = -1.369,-0.879,1.047 | dist = 72.67 (meters)
bg = 0.0056,0.0182,0.0756 | ba = -0.0106,0.0987,0.1051
camera-imu timeoffset = -0.00005
cam0 intrinsics = 461.201,459.885,367.339,245.739 | -0.278,0.069,0.001,0.000
cam1 intrinsics = 459.908,458.573,379.796,252.738 | -0.278,0.070,0.000,-0.000
cam0 extrinsics = -0.006,0.010,0.702,0.712 | 0.063,-0.013,0.008
cam1 extrinsics = -0.001,0.014,0.703,0.711 | -0.048,-0.012,0.006
q_GtoI = -0.148,-0.758,-0.102,0.627 | p_IinG = -1.398,-0.916,1.050 | dist = 72.71 (meters)
bg = 0.0060,0.0184,0.0759 | ba = -0.0105,0.0994,0.1044
camera-imu timeoffset = -0.00005
cam0 intrinsics = 461.204,459.888,367.336,245.737 | -0.278,0.069,0.001,0.000
cam1 intrinsics = 459.910,458.576,379.792,252.735 | -0.278,0.070,0.000,-0.000
cam0 extrinsics = -0.006,0.010,0.702,0.712 | 0.063,-0.013,0.008
cam1 extrinsics = -0.001,0.014,0.703,0.711 | -0.048,-0.012,0.006
q_GtoI = -0.124,-0.759,-0.082,0.634 | p_IinG = -1.419,-0.954,1.054 | dist = 72.76 (meters)
bg = 0.0060,0.0185,0.0759 | ba = -0.0103,0.0991,0.1037
camera-imu timeoffset = -0.00005
cam0 intrinsics = 461.202,459.887,367.335,245.737 | -0.278,0.069,0.001,0.000
cam1 intrinsics = 459.909,458.575,379.791,252.735 | -0.278,0.070,0.000,-0.000
cam0 extrinsics = -0.006,0.010,0.702,0.712 | 0.063,-0.013,0.008
cam1 extrinsics = -0.001,0.014,0.703,0.711 | -0.048,-0.012,0.006
q_GtoI = -0.099,-0.759,-0.063,0.641 | p_IinG = -1.436,-0.995,1.058 | dist = 72.80 (meters)
bg = 0.0059,0.0187,0.0764 | ba = -0.0094,0.1005,0.1040
camera-imu timeoffset = -0.00005
cam0 intrinsics = 461.200,459.884,367.335,245.736 | -0.278,0.069,0.001,0.000
cam1 intrinsics = 459.909,458.573,379.794,252.736 | -0.278,0.070,0.000,-0.000
cam0 extrinsics = -0.007,0.010,0.702,0.712 | 0.063,-0.013,0.008
cam1 extrinsics = -0.001,0.014,0.703,0.711 | -0.048,-0.012,0.006
q_GtoI = -0.074,-0.759,-0.045,0.646 | p_IinG = -1.449,-1.035,1.066 | dist = 72.84 (meters)
bg = 0.0061,0.0190,0.0761 | ba = -0.0106,0.1032,0.1050
camera-imu timeoffset = -0.00005
cam0 intrinsics = 461.195,459.880,367.333,245.732 | -0.278,0.069,0.001,0.000
cam1 intrinsics = 459.905,458.568,379.791,252.732 | -0.278,0.070,0.000,-0.000
cam0 extrinsics = -0.006,0.010,0.702,0.712 | 0.063,-0.013,0.008
cam1 extrinsics = -0.001,0.014,0.703,0.711 | -0.048,-0.012,0.006
q_GtoI = -0.049,-0.759,-0.028,0.649 | p_IinG = -1.453,-1.077,1.074 | dist = 72.88 (meters)
bg = 0.0064,0.0192,0.0759 | ba = -0.0103,0.1076,0.1087
camera-imu timeoffset = -0.00005
cam0 intrinsics = 461.196,459.878,367.330,245.730 | -0.278,0.069,0.001,-0.000
cam1 intrinsics = 459.906,458.568,379.784,252.730 | -0.278,0.070,0.000,-0.000
cam0 extrinsics = -0.006,0.010,0.702,0.712 | 0.063,-0.013,0.008
cam1 extrinsics = -0.001,0.014,0.703,0.711 | -0.048,-0.012,0.006
q_GtoI = -0.022,-0.761,-0.012,0.649 | p_IinG = -1.446,-1.115,1.072 | dist = 72.92 (meters)
bg = 0.0063,0.0189,0.0760 | ba = -0.0074,0.1066,0.1109
camera-imu timeoffset = -0.00005
cam0 intrinsics = 461.198,459.878,367.323,245.737 | -0.278,0.069,0.001,0.000
cam1 intrinsics = 459.909,458.568,379.776,252.735 | -0.278,0.070,0.000,-0.000
cam0 extrinsics = -0.007,0.010,0.702,0.712 | 0.063,-0.013,0.008
cam1 extrinsics = -0.001,0.014,0.703,0.711 | -0.048,-0.012,0.006
q_GtoI = 0.002,-0.766,0.004,0.643 | p_IinG = -1.437,-1.154,1.073 | dist = 72.96 (meters)
bg = 0.0064,0.0190,0.0763 | ba = -0.0063,0.1067,0.1123
camera-imu timeoffset = -0.00005
cam0 intrinsics = 461.195,459.875,367.332,245.740 | -0.278,0.069,0.001,0.000
cam1 intrinsics = 459.907,458.566,379.783,252.739 | -0.278,0.070,0.000,-0.000
cam0 extrinsics = -0.007,0.010,0.702,0.712 | 0.063,-0.013,0.008
cam1 extrinsics = -0.001,0.014,0.703,0.711 | -0.048,-0.012,0.006
q_GtoI = 0.026,-0.774,0.020,0.633 | p_IinG = -1.429,-1.195,1.072 | dist = 73.00 (meters)
bg = 0.0068,0.0187,0.0761 | ba = -0.0073,0.1082,0.1112
camera-imu timeoffset = -0.00005
cam0 intrinsics = 461.189,459.874,367.341,245.740 | -0.278,0.069,0.001,0.000
cam1 intrinsics = 459.904,458.567,379.791,252.737 | -0.278,0.070,0.000,-0.000
cam0 extrinsics = -0.007,0.010,0.702,0.712 | 0.063,-0.013,0.008
cam1 extrinsics = -0.001,0.014,0.703,0.711 | -0.048,-0.012,0.006
q_GtoI = 0.051,-0.780,0.036,0.623 | p_IinG = -1.410,-1.237,1.075 | dist = 73.04 (meters)
bg = 0.0066,0.0187,0.0762 | ba = -0.0087,0.1102,0.1119
camera-imu timeoffset = -0.00005
cam0 intrinsics = 461.187,459.871,367.340,245.746 | -0.278,0.069,0.001,0.000
cam1 intrinsics = 459.900,458.563,379.785,252.743 | -0.278,0.070,0.000,-0.000
cam0 extrinsics = -0.007,0.010,0.702,0.712 | 0.063,-0.013,0.008
cam1 extrinsics = -0.001,0.014,0.703,0.711 | -0.048,-0.012,0.006
q_GtoI = 0.074,-0.785,0.051,0.614 | p_IinG = -1.391,-1.281,1.078 | dist = 73.09 (meters)
bg = 0.0065,0.0187,0.0763 | ba = -0.0106,0.1139,0.1128
camera-imu timeoffset = -0.00005
cam0 intrinsics = 461.189,459.871,367.331,245.746 | -0.278,0.069,0.001,0.000
cam1 intrinsics = 459.902,458.563,379.776,252.745 | -0.278,0.070,0.000,-0.000
cam0 extrinsics = -0.007,0.010,0.702,0.712 | 0.063,-0.013,0.008
cam1 extrinsics = -0.001,0.014,0.703,0.711 | -0.048,-0.012,0.006
q_GtoI = 0.094,-0.786,0.064,0.607 | p_IinG = -1.372,-1.330,1.096 | dist = 73.13 (meters)
bg = 0.0075,0.0193,0.0756 | ba = -0.0175,0.1209,0.1179
camera-imu timeoffset = -0.00005
cam0 intrinsics = 461.184,459.866,367.302,245.741 | -0.278,0.069,0.001,0.000
cam1 intrinsics = 459.897,458.559,379.741,252.744 | -0.278,0.070,0.000,-0.000
cam0 extrinsics = -0.006,0.010,0.702,0.712 | 0.063,-0.013,0.008
cam1 extrinsics = -0.001,0.014,0.703,0.711 | -0.048,-0.012,0.006
q_GtoI = 0.116,-0.786,0.079,0.602 | p_IinG = -1.348,-1.371,1.100 | dist = 73.18 (meters)
bg = 0.0075,0.0194,0.0757 | ba = -0.0187,0.1218,0.1180
camera-imu timeoffset = -0.00005
cam0 intrinsics = 461.185,459.868,367.297,245.742 | -0.278,0.069,0.001,0.000
cam1 intrinsics = 459.897,458.560,379.736,252.745 | -0.278,0.070,0.000,-0.000
cam0 extrinsics = -0.006,0.010,0.702,0.712 | 0.063,-0.013,0.008
cam1 extrinsics = -0.001,0.014,0.703,0.711 | -0.048,-0.012,0.006
q_GtoI = 0.136,-0.785,0.093,0.598 | p_IinG = -1.321,-1.412,1.104 | dist = 73.23 (meters)
bg = 0.0074,0.0196,0.0759 | ba = -0.0187,0.1219,0.1175
camera-imu timeoffset = -0.00005
cam0 intrinsics = 461.186,459.870,367.288,245.743 | -0.278,0.069,0.001,0.000
cam1 intrinsics = 459.898,458.563,379.725,252.746 | -0.278,0.070,0.000,-0.000
cam0 extrinsics = -0.006,0.010,0.702,0.712 | 0.063,-0.013,0.008
cam1 extrinsics = -0.001,0.014,0.703,0.711 | -0.048,-0.012,0.006
q_GtoI = 0.156,-0.782,0.106,0.594 | p_IinG = -1.288,-1.449,1.105 | dist = 73.28 (meters)
bg = 0.0071,0.0195,0.0761 | ba = -0.0168,0.1223,0.1191
camera-imu timeoffset = -0.00006
cam0 intrinsics = 461.185,459.871,367.293,245.759 | -0.278,0.069,0.001,0.000
cam1 intrinsics = 459.898,458.564,379.732,252.761 | -0.278,0.070,0.000,-0.000
cam0 extrinsics = -0.006,0.010,0.702,0.712 | 0.063,-0.013,0.008
cam1 extrinsics = -0.001,0.014,0.703,0.711 | -0.048,-0.012,0.006
q_GtoI = 0.175,-0.778,0.119,0.591 | p_IinG = -1.256,-1.487,1.108 | dist = 73.33 (meters)
bg = 0.0072,0.0196,0.0761 | ba = -0.0161,0.1227,0.1208
camera-imu timeoffset = -0.00006
cam0 intrinsics = 461.185,459.871,367.311,245.768 | -0.278,0.069,0.001,0.000
cam1 intrinsics = 459.898,458.564,379.752,252.769 | -0.278,0.070,0.000,-0.000
cam0 extrinsics = -0.007,0.010,0.702,0.712 | 0.063,-0.013,0.008
cam1 extrinsics = -0.001,0.014,0.703,0.711 | -0.048,-0.013,0.006
q_GtoI = 0.194,-0.774,0.132,0.588 | p_IinG = -1.222,-1.524,1.113 | dist = 73.38 (meters)
bg = 0.0073,0.0198,0.0761 | ba = -0.0159,0.1233,0.1221
camera-imu timeoffset = -0.00006
cam0 intrinsics = 461.187,459.874,367.311,245.765 | -0.278,0.069,0.001,0.000
cam1 intrinsics = 459.900,458.566,379.752,252.766 | -0.278,0.070,0.000,-0.000
cam0 extrinsics = -0.007,0.010,0.702,0.712 | 0.063,-0.013,0.008
cam1 extrinsics = -0.001,0.014,0.703,0.711 | -0.049,-0.012,0.006
q_GtoI = 0.211,-0.770,0.147,0.584 | p_IinG = -1.184,-1.559,1.110 | dist = 73.43 (meters)
bg = 0.0070,0.0191,0.0757 | ba = -0.0134,0.1222,0.1239
camera-imu timeoffset = -0.00005
cam0 intrinsics = 461.177,459.865,367.302,245.780 | -0.278,0.069,0.001,0.000
cam1 intrinsics = 459.890,458.558,379.748,252.781 | -0.278,0.070,0.000,-0.000
cam0 extrinsics = -0.006,0.010,0.702,0.712 | 0.063,-0.013,0.008
cam1 extrinsics = -0.001,0.014,0.703,0.711 | -0.049,-0.012,0.006
q_GtoI = 0.229,-0.765,0.159,0.581 | p_IinG = -1.145,-1.594,1.108 | dist = 73.48 (meters)
bg = 0.0068,0.0188,0.0759 | ba = -0.0096,0.1221,0.1259
camera-imu timeoffset = -0.00006
cam0 intrinsics = 461.177,459.866,367.314,245.793 | -0.278,0.069,0.001,0.000
cam1 intrinsics = 459.891,458.560,379.763,252.792 | -0.278,0.070,0.000,-0.000
cam0 extrinsics = -0.007,0.010,0.702,0.712 | 0.063,-0.013,0.008
cam1 extrinsics = -0.001,0.014,0.703,0.711 | -0.049,-0.013,0.006
q_GtoI = 0.246,-0.760,0.173,0.576 | p_IinG = -1.104,-1.629,1.109 | dist = 73.54 (meters)
bg = 0.0067,0.0187,0.0759 | ba = -0.0079,0.1221,0.1272
camera-imu timeoffset = -0.00006
cam0 intrinsics = 461.179,459.867,367.320,245.795 | -0.278,0.069,0.001,0.000
cam1 intrinsics = 459.891,458.560,379.770,252.794 | -0.278,0.070,0.000,-0.000
cam0 extrinsics = -0.007,0.010,0.702,0.712 | 0.063,-0.013,0.008
cam1 extrinsics = -0.001,0.014,0.703,0.711 | -0.049,-0.013,0.006
q_GtoI = 0.264,-0.754,0.186,0.572 | p_IinG = -1.062,-1.664,1.107 | dist = 73.59 (meters)
bg = 0.0066,0.0183,0.0761 | ba = -0.0055,0.1220,0.1278
camera-imu timeoffset = -0.00005
cam0 intrinsics = 461.177,459.867,367.326,245.792 | -0.278,0.069,0.001,0.000
cam1 intrinsics = 459.889,458.560,379.778,252.791 | -0.278,0.070,0.000,-0.000
cam0 extrinsics = -0.007,0.010,0.702,0.712 | 0.063,-0.013,0.008
cam1 extrinsics = -0.001,0.014,0.703,0.711 | -0.049,-0.012,0.006
q_GtoI = 0.282,-0.748,0.199,0.567 | p_IinG = -1.017,-1.700,1.110 | dist = 73.65 (meters)
bg = 0.0067,0.0182,0.0763 | ba = -0.0053,0.1234,0.1300
camera-imu timeoffset = -0.00005
cam0 intrinsics = 461.180,459.870,367.328,245.789 | -0.278,0.069,0.001,0.000
cam1 intrinsics = 459.894,458.564,379.779,252.788 | -0.278,0.070,0.000,-0.000
cam0 extrinsics = -0.007,0.010,0.702,0.712 | 0.063,-0.013,0.008
cam1 extrinsics = -0.001,0.014,0.703,0.711 | -0.049,-0.012,0.006
q_GtoI = 0.300,-0.740,0.211,0.564 | p_IinG = -0.969,-1.732,1.110 | dist = 73.70 (meters)
bg = 0.0068,0.0177,0.0761 | ba = -0.0062,0.1247,0.1309
camera-imu timeoffset = -0.00005
cam0 intrinsics = 461.181,459.872,367.334,245.787 | -0.278,0.069,0.001,0.000
cam1 intrinsics = 459.894,458.566,379.783,252.785 | -0.278,0.070,0.000,-0.000
cam0 extrinsics = -0.007,0.010,0.702,0.712 | 0.063,-0.013,0.008
cam1 extrinsics = -0.001,0.014,0.703,0.711 | -0.049,-0.012,0.006
q_GtoI = 0.318,-0.732,0.224,0.559 | p_IinG = -0.919,-1.769,1.112 | dist = 73.76 (meters)
bg = 0.0071,0.0175,0.0761 | ba = -0.0083,0.1275,0.1311
camera-imu timeoffset = -0.00005
cam0 intrinsics = 461.184,459.875,367.336,245.790 | -0.278,0.069,0.001,0.000
cam1 intrinsics = 459.896,458.568,379.783,252.788 | -0.278,0.070,0.000,-0.000
cam0 extrinsics = -0.007,0.010,0.702,0.712 | 0.063,-0.013,0.008
cam1 extrinsics = -0.001,0.014,0.703,0.711 | -0.049,-0.012,0.006
q_GtoI = 0.337,-0.723,0.237,0.555 | p_IinG = -0.866,-1.800,1.111 | dist = 73.82 (meters)
bg = 0.0069,0.0171,0.0763 | ba = -0.0086,0.1273,0.1300
camera-imu timeoffset = -0.00005
cam0 intrinsics = 461.186,459.877,367.338,245.787 | -0.278,0.069,0.001,0.000
cam1 intrinsics = 459.898,458.570,379.785,252.784 | -0.278,0.070,0.000,-0.000
cam0 extrinsics = -0.007,0.010,0.702,0.712 | 0.063,-0.013,0.008
cam1 extrinsics = -0.001,0.014,0.703,0.711 | -0.049,-0.012,0.006
q_GtoI = 0.354,-0.715,0.252,0.548 | p_IinG = -0.813,-1.829,1.112 | dist = 73.88 (meters)
bg = 0.0068,0.0170,0.0760 | ba = -0.0096,0.1263,0.1303
camera-imu timeoffset = -0.00005
cam0 intrinsics = 461.187,459.877,367.346,245.798 | -0.278,0.069,0.001,0.000
cam1 intrinsics = 459.903,458.573,379.789,252.794 | -0.278,0.070,0.000,-0.000
cam0 extrinsics = -0.007,0.010,0.702,0.712 | 0.063,-0.013,0.008
cam1 extrinsics = -0.001,0.014,0.703,0.711 | -0.049,-0.012,0.006
q_GtoI = 0.373,-0.705,0.266,0.541 | p_IinG = -0.758,-1.861,1.111 | dist = 73.95 (meters)
bg = 0.0069,0.0169,0.0761 | ba = -0.0104,0.1255,0.1291
camera-imu timeoffset = -0.00005
cam0 intrinsics = 461.189,459.879,367.351,245.798 | -0.278,0.069,0.001,0.000
cam1 intrinsics = 459.905,458.574,379.793,252.795 | -0.278,0.070,0.000,-0.000
cam0 extrinsics = -0.007,0.010,0.702,0.712 | 0.063,-0.013,0.008
cam1 extrinsics = -0.001,0.014,0.703,0.711 | -0.049,-0.012,0.006
q_GtoI = 0.392,-0.695,0.280,0.534 | p_IinG = -0.702,-1.891,1.112 | dist = 74.01 (meters)
bg = 0.0069,0.0169,0.0761 | ba = -0.0118,0.1232,0.1276
camera-imu timeoffset = -0.00005
cam0 intrinsics = 461.194,459.881,367.336,245.795 | -0.278,0.069,0.001,0.000
cam1 intrinsics = 459.909,458.575,379.785,252.795 | -0.278,0.070,0.000,-0.000
cam0 extrinsics = -0.007,0.010,0.702,0.712 | 0.063,-0.013,0.008
cam1 extrinsics = -0.001,0.014,0.703,0.711 | -0.049,-0.012,0.006
q_GtoI = 0.409,-0.686,0.294,0.525 | p_IinG = -0.642,-1.916,1.118 | dist = 74.08 (meters)
bg = 0.0068,0.0173,0.0760 | ba = -0.0146,0.1238,0.1295
camera-imu timeoffset = -0.00005
cam0 intrinsics = 461.195,459.881,367.338,245.797 | -0.278,0.069,0.001,0.000
cam1 intrinsics = 459.909,458.576,379.789,252.799 | -0.278,0.070,0.000,-0.000
cam0 extrinsics = -0.007,0.010,0.702,0.712 | 0.063,-0.013,0.008
cam1 extrinsics = -0.001,0.014,0.703,0.711 | -0.049,-0.013,0.006
q_GtoI = 0.428,-0.674,0.308,0.517 | p_IinG = -0.585,-1.937,1.115 | dist = 74.14 (meters)
bg = 0.0064,0.0170,0.0760 | ba = -0.0133,0.1198,0.1274
camera-imu timeoffset = -0.00005
cam0 intrinsics = 461.203,459.888,367.332,245.788 | -0.278,0.069,0.001,0.000
cam1 intrinsics = 459.919,458.583,379.788,252.793 | -0.278,0.070,0.000,-0.000
cam0 extrinsics = -0.007,0.010,0.702,0.712 | 0.063,-0.013,0.008
cam1 extrinsics = -0.001,0.014,0.703,0.711 | -0.049,-0.012,0.006
q_GtoI = 0.447,-0.663,0.319,0.508 | p_IinG = -0.525,-1.962,1.115 | dist = 74.20 (meters)
bg = 0.0064,0.0170,0.0759 | ba = -0.0133,0.1185,0.1253
camera-imu timeoffset = -0.00005
cam0 intrinsics = 461.204,459.888,367.328,245.784 | -0.278,0.069,0.001,0.000
cam1 intrinsics = 459.920,458.583,379.785,252.789 | -0.278,0.070,0.000,-0.000
cam0 extrinsics = -0.007,0.010,0.702,0.712 | 0.063,-0.013,0.008
cam1 extrinsics = -0.001,0.014,0.703,0.711 | -0.049,-0.012,0.006
q_GtoI = 0.464,-0.651,0.333,0.500 | p_IinG = -0.465,-1.979,1.108 | dist = 74.27 (meters)
bg = 0.0060,0.0167,0.0762 | ba = -0.0080,0.1137,0.1234
camera-imu timeoffset = -0.00005
cam0 intrinsics = 461.203,459.888,367.326,245.792 | -0.278,0.069,0.001,0.000
cam1 intrinsics = 459.920,458.583,379.788,252.796 | -0.278,0.070,0.000,-0.000
cam0 extrinsics = -0.007,0.010,0.702,0.712 | 0.063,-0.013,0.008
cam1 extrinsics = -0.001,0.014,0.703,0.711 | -0.049,-0.012,0.006
q_GtoI = 0.480,-0.640,0.346,0.491 | p_IinG = -0.403,-1.995,1.108 | dist = 74.33 (meters)
bg = 0.0058,0.0167,0.0762 | ba = -0.0091,0.1117,0.1236
camera-imu timeoffset = -0.00005
cam0 intrinsics = 461.204,459.889,367.326,245.793 | -0.278,0.069,0.001,0.000
cam1 intrinsics = 459.921,458.584,379.789,252.798 | -0.278,0.070,0.000,-0.000
cam0 extrinsics = -0.007,0.010,0.702,0.712 | 0.063,-0.013,0.008
cam1 extrinsics = -0.001,0.014,0.703,0.711 | -0.049,-0.012,0.006
q_GtoI = 0.495,-0.628,0.359,0.482 | p_IinG = -0.341,-2.014,1.107 | dist = 74.40 (meters)
bg = 0.0059,0.0166,0.0761 | ba = -0.0116,0.1100,0.1231
camera-imu timeoffset = -0.00005
cam0 intrinsics = 461.207,459.890,367.322,245.787 | -0.278,0.069,0.001,0.000
cam1 intrinsics = 459.923,458.585,379.787,252.792 | -0.278,0.070,0.000,-0.000
cam0 extrinsics = -0.007,0.010,0.702,0.712 | 0.063,-0.013,0.008
cam1 extrinsics = -0.001,0.014,0.703,0.711 | -0.049,-0.012,0.006
q_GtoI = 0.510,-0.616,0.371,0.472 | p_IinG = -0.278,-2.035,1.107 | dist = 74.47 (meters)
bg = 0.0062,0.0167,0.0761 | ba = -0.0134,0.1093,0.1208
camera-imu timeoffset = -0.00005
cam0 intrinsics = 461.209,459.892,367.315,245.790 | -0.278,0.069,0.001,0.000
cam1 intrinsics = 459.926,458.587,379.782,252.795 | -0.278,0.070,0.000,-0.000
cam0 extrinsics = -0.007,0.010,0.702,0.712 | 0.063,-0.013,0.008
cam1 extrinsics = -0.001,0.014,0.703,0.711 | -0.049,-0.012,0.006
q_GtoI = 0.526,-0.603,0.384,0.462 | p_IinG = -0.213,-2.052,1.106 | dist = 74.53 (meters)
bg = 0.0063,0.0167,0.0761 | ba = -0.0152,0.1089,0.1195
camera-imu timeoffset = -0.00005
cam0 intrinsics = 461.210,459.893,367.311,245.793 | -0.278,0.069,0.001,0.000
cam1 intrinsics = 459.927,458.588,379.781,252.798 | -0.278,0.070,0.000,-0.000
cam0 extrinsics = -0.007,0.010,0.702,0.712 | 0.063,-0.013,0.008
cam1 extrinsics = -0.001,0.014,0.703,0.711 | -0.049,-0.012,0.006
q_GtoI = 0.540,-0.589,0.398,0.451 | p_IinG = -0.149,-2.067,1.105 | dist = 74.60 (meters)
bg = 0.0064,0.0166,0.0760 | ba = -0.0172,0.1069,0.1173
camera-imu timeoffset = -0.00005
cam0 intrinsics = 461.211,459.893,367.312,245.798 | -0.278,0.069,0.001,0.000
cam1 intrinsics = 459.929,458.588,379.782,252.801 | -0.278,0.070,0.000,-0.000
cam0 extrinsics = -0.007,0.010,0.702,0.712 | 0.063,-0.013,0.008
cam1 extrinsics = -0.001,0.014,0.703,0.711 | -0.049,-0.012,0.006
q_GtoI = 0.556,-0.575,0.410,0.439 | p_IinG = -0.086,-2.079,1.105 | dist = 74.66 (meters)
bg = 0.0062,0.0170,0.0765 | ba = -0.0211,0.1029,0.1129
camera-imu timeoffset = -0.00005
cam0 intrinsics = 461.209,459.892,367.348,245.815 | -0.278,0.069,0.001,0.000
cam1 intrinsics = 459.930,458.589,379.820,252.818 | -0.278,0.070,0.000,-0.000
cam0 extrinsics = -0.007,0.010,0.702,0.712 | 0.063,-0.013,0.008
cam1 extrinsics = -0.001,0.014,0.703,0.711 | -0.049,-0.012,0.006
q_GtoI = 0.572,-0.558,0.422,0.429 | p_IinG = -0.024,-2.088,1.102 | dist = 74.73 (meters)
bg = 0.0061,0.0172,0.0768 | ba = -0.0217,0.0975,0.1099
camera-imu timeoffset = -0.00005
cam0 intrinsics = 461.210,459.893,367.360,245.816 | -0.278,0.069,0.001,0.000
cam1 intrinsics = 459.931,458.590,379.831,252.820 | -0.278,0.070,0.000,-0.000
cam0 extrinsics = -0.007,0.010,0.702,0.712 | 0.063,-0.013,0.008
cam1 extrinsics = -0.001,0.014,0.703,0.711 | -0.049,-0.012,0.006
q_GtoI = 0.587,-0.542,0.434,0.416 | p_IinG = 0.040,-2.092,1.100 | dist = 74.79 (meters)
bg = 0.0059,0.0170,0.0767 | ba = -0.0217,0.0978,0.1111
camera-imu timeoffset = -0.00005
cam0 intrinsics = 461.222,459.901,367.384,245.803 | -0.278,0.069,0.001,0.000
cam1 intrinsics = 459.944,458.597,379.850,252.806 | -0.278,0.070,0.000,-0.000
cam0 extrinsics = -0.007,0.010,0.702,0.712 | 0.063,-0.013,0.008
cam1 extrinsics = -0.001,0.014,0.703,0.711 | -0.049,-0.012,0.006
q_GtoI = 0.601,-0.525,0.447,0.404 | p_IinG = 0.102,-2.093,1.099 | dist = 74.86 (meters)
bg = 0.0058,0.0170,0.0768 | ba = -0.0213,0.0962,0.1128
camera-imu timeoffset = -0.00005
cam0 intrinsics = 461.227,459.905,367.393,245.803 | -0.278,0.069,0.001,0.000
cam1 intrinsics = 459.948,458.601,379.857,252.804 | -0.278,0.070,0.000,-0.000
cam0 extrinsics = -0.007,0.010,0.702,0.712 | 0.063,-0.013,0.008
cam1 extrinsics = -0.001,0.014,0.703,0.711 | -0.049,-0.012,0.006
q_GtoI = 0.613,-0.506,0.463,0.392 | p_IinG = 0.165,-2.095,1.099 | dist = 74.92 (meters)
bg = 0.0059,0.0171,0.0766 | ba = -0.0210,0.0949,0.1132
camera-imu timeoffset = -0.00005
cam0 intrinsics = 461.234,459.910,367.408,245.804 | -0.278,0.069,0.001,0.000
cam1 intrinsics = 459.951,458.601,379.872,252.808 | -0.278,0.070,0.000,-0.000
cam0 extrinsics = -0.007,0.010,0.702,0.712 | 0.063,-0.013,0.008
cam1 extrinsics = -0.001,0.014,0.703,0.711 | -0.049,-0.012,0.006
q_GtoI = 0.623,-0.487,0.480,0.380 | p_IinG = 0.233,-2.098,1.099 | dist = 74.99 (meters)
bg = 0.0059,0.0172,0.0768 | ba = -0.0207,0.0973,0.1112
camera-imu timeoffset = -0.00005
cam0 intrinsics = 461.243,459.915,367.410,245.801 | -0.278,0.069,0.001,0.000
cam1 intrinsics = 459.960,458.605,379.874,252.810 | -0.278,0.070,0.000,-0.000
cam0 extrinsics = -0.007,0.010,0.702,0.712 | 0.063,-0.013,0.008
cam1 extrinsics = -0.001,0.014,0.703,0.711 | -0.049,-0.012,0.006
q_GtoI = 0.631,-0.468,0.497,0.368 | p_IinG = 0.297,-2.099,1.098 | dist = 75.05 (meters)
bg = 0.0063,0.0172,0.0770 | ba = -0.0204,0.0965,0.1096
camera-imu timeoffset = -0.00005
cam0 intrinsics = 461.246,459.916,367.409,245.808 | -0.278,0.069,0.001,0.000
cam1 intrinsics = 459.964,458.608,379.868,252.822 | -0.278,0.070,0.000,-0.000
cam0 extrinsics = -0.007,0.010,0.702,0.712 | 0.063,-0.013,0.008
cam1 extrinsics = -0.001,0.014,0.703,0.711 | -0.049,-0.012,0.006
q_GtoI = 0.638,-0.449,0.515,0.355 | p_IinG = 0.364,-2.096,1.102 | dist = 75.11 (meters)
bg = 0.0064,0.0171,0.0765 | ba = -0.0234,0.0989,0.1087
camera-imu timeoffset = -0.00005
cam0 intrinsics = 461.252,459.920,367.400,245.803 | -0.278,0.069,0.001,0.000
cam1 intrinsics = 459.969,458.611,379.851,252.813 | -0.278,0.070,0.000,-0.000
cam0 extrinsics = -0.007,0.010,0.702,0.712 | 0.063,-0.013,0.008
cam1 extrinsics = -0.001,0.014,0.703,0.711 | -0.049,-0.012,0.006
q_GtoI = 0.645,-0.431,0.530,0.342 | p_IinG = 0.428,-2.090,1.102 | dist = 75.17 (meters)
bg = 0.0070,0.0169,0.0761 | ba = -0.0235,0.1022,0.1101
camera-imu timeoffset = -0.00005
cam0 intrinsics = 461.257,459.925,367.382,245.794 | -0.278,0.069,0.001,0.000
cam1 intrinsics = 459.972,458.614,379.836,252.809 | -0.278,0.070,0.000,-0.000
cam0 extrinsics = -0.007,0.010,0.702,0.712 | 0.063,-0.013,0.008
cam1 extrinsics = -0.001,0.014,0.703,0.711 | -0.049,-0.012,0.006
q_GtoI = 0.652,-0.413,0.545,0.329 | p_IinG = 0.480,-2.077,1.101 | dist = 75.23 (meters)
bg = 0.0070,0.0167,0.0763 | ba = -0.0241,0.0992,0.1108
camera-imu timeoffset = -0.00005
cam0 intrinsics = 461.256,459.925,367.404,245.797 | -0.278,0.069,0.001,0.000
cam1 intrinsics = 459.973,458.615,379.855,252.810 | -0.278,0.070,0.000,-0.000
cam0 extrinsics = -0.007,0.010,0.702,0.712 | 0.063,-0.013,0.008
cam1 extrinsics = -0.001,0.014,0.703,0.711 | -0.049,-0.012,0.006
q_GtoI = 0.660,-0.396,0.556,0.314 | p_IinG = 0.531,-2.058,1.101 | dist = 75.29 (meters)
bg = 0.0069,0.0167,0.0762 | ba = -0.0247,0.0978,0.1126
camera-imu timeoffset = -0.00005
cam0 intrinsics = 461.257,459.924,367.412,245.795 | -0.278,0.069,0.001,0.000
cam1 intrinsics = 459.975,458.615,379.861,252.811 | -0.278,0.070,0.000,-0.000
cam0 extrinsics = -0.007,0.010,0.702,0.712 | 0.063,-0.013,0.008
cam1 extrinsics = -0.001,0.014,0.703,0.711 | -0.049,-0.012,0.006
q_GtoI = 0.667,-0.379,0.567,0.301 | p_IinG = 0.579,-2.036,1.100 | dist = 75.35 (meters)
bg = 0.0069,0.0166,0.0761 | ba = -0.0230,0.0961,0.1148
camera-imu timeoffset = -0.00005
cam0 intrinsics = 461.259,459.924,367.416,245.799 | -0.278,0.069,0.001,0.000
cam1 intrinsics = 459.977,458.616,379.863,252.813 | -0.278,0.070,0.000,-0.000
cam0 extrinsics = -0.007,0.010,0.702,0.712 | 0.063,-0.013,0.008
cam1 extrinsics = -0.001,0.014,0.703,0.711 | -0.049,-0.012,0.006
q_GtoI = 0.674,-0.362,0.576,0.287 | p_IinG = 0.627,-2.013,1.100 | dist = 75.40 (meters)
bg = 0.0072,0.0165,0.0761 | ba = -0.0215,0.0967,0.1171
camera-imu timeoffset = -0.00005
cam0 intrinsics = 461.265,459.928,367.417,245.802 | -0.278,0.069,0.001,0.000
cam1 intrinsics = 459.984,458.620,379.865,252.815 | -0.278,0.070,0.000,-0.000
cam0 extrinsics = -0.007,0.010,0.702,0.712 | 0.063,-0.013,0.008
cam1 extrinsics = -0.001,0.014,0.703,0.711 | -0.049,-0.012,0.006
q_GtoI = 0.682,-0.346,0.584,0.273 | p_IinG = 0.670,-1.985,1.099 | dist = 75.45 (meters)
bg = 0.0073,0.0163,0.0759 | ba = -0.0203,0.0970,0.1182
camera-imu timeoffset = -0.00005
cam0 intrinsics = 461.267,459.930,367.415,245.804 | -0.278,0.069,0.001,0.000
cam1 intrinsics = 459.986,458.622,379.863,252.817 | -0.278,0.070,0.000,-0.000
cam0 extrinsics = -0.007,0.010,0.702,0.712 | 0.063,-0.013,0.008
cam1 extrinsics = -0.001,0.014,0.703,0.711 | -0.049,-0.012,0.006
q_GtoI = 0.689,-0.330,0.591,0.258 | p_IinG = 0.712,-1.954,1.100 | dist = 75.50 (meters)
bg = 0.0073,0.0162,0.0759 | ba = -0.0217,0.0976,0.1181
camera-imu timeoffset = -0.00005
cam0 intrinsics = 461.268,459.931,367.413,245.804 | -0.278,0.069,0.001,0.000
cam1 intrinsics = 459.987,458.623,379.861,252.817 | -0.278,0.070,0.000,-0.000
cam0 extrinsics = -0.007,0.010,0.702,0.712 | 0.063,-0.013,0.008
cam1 extrinsics = -0.001,0.014,0.703,0.711 | -0.049,-0.012,0.006
q_GtoI = 0.697,-0.315,0.596,0.244 | p_IinG = 0.751,-1.923,1.102 | dist = 75.55 (meters)
bg = 0.0073,0.0163,0.0761 | ba = -0.0231,0.0977,0.1169
camera-imu timeoffset = -0.00005
cam0 intrinsics = 461.270,459.932,367.407,245.803 | -0.278,0.069,0.001,0.000
cam1 intrinsics = 459.990,458.625,379.855,252.817 | -0.279,0.070,0.000,-0.000
cam0 extrinsics = -0.007,0.010,0.702,0.712 | 0.063,-0.013,0.008
cam1 extrinsics = -0.001,0.014,0.703,0.711 | -0.049,-0.012,0.006
q_GtoI = 0.706,-0.302,0.599,0.228 | p_IinG = 0.784,-1.889,1.104 | dist = 75.60 (meters)
bg = 0.0076,0.0163,0.0763 | ba = -0.0251,0.0972,0.1185
camera-imu timeoffset = -0.00005
cam0 intrinsics = 461.272,459.932,367.405,245.804 | -0.278,0.069,0.001,0.000
cam1 intrinsics = 459.992,458.625,379.853,252.816 | -0.279,0.070,0.000,-0.000
cam0 extrinsics = -0.007,0.010,0.702,0.712 | 0.063,-0.013,0.008
cam1 extrinsics = -0.001,0.014,0.703,0.711 | -0.049,-0.012,0.006
q_GtoI = 0.715,-0.288,0.601,0.213 | p_IinG = 0.812,-1.852,1.106 | dist = 75.65 (meters)
bg = 0.0076,0.0163,0.0765 | ba = -0.0262,0.0959,0.1184
camera-imu timeoffset = -0.00005
cam0 intrinsics = 461.272,459.932,367.402,245.805 | -0.278,0.069,0.001,0.000
cam1 intrinsics = 459.993,458.626,379.852,252.817 | -0.279,0.070,0.000,-0.000
cam0 extrinsics = -0.007,0.010,0.702,0.712 | 0.063,-0.013,0.008
cam1 extrinsics = -0.001,0.014,0.703,0.711 | -0.049,-0.012,0.006
q_GtoI = 0.723,-0.275,0.603,0.197 | p_IinG = 0.836,-1.813,1.107 | dist = 75.70 (meters)
bg = 0.0075,0.0163,0.0766 | ba = -0.0263,0.0944,0.1184
camera-imu timeoffset = -0.00005
cam0 intrinsics = 461.274,459.933,367.399,245.803 | -0.278,0.069,0.001,0.000
cam1 intrinsics = 459.994,458.627,379.850,252.817 | -0.279,0.070,0.000,-0.000
cam0 extrinsics = -0.007,0.010,0.702,0.712 | 0.063,-0.012,0.008
cam1 extrinsics = -0.001,0.014,0.703,0.711 | -0.049,-0.012,0.006
q_GtoI = 0.730,-0.262,0.604,0.182 | p_IinG = 0.856,-1.772,1.113 | dist = 75.74 (meters)
bg = 0.0075,0.0165,0.0766 | ba = -0.0286,0.0942,0.1201
camera-imu timeoffset = -0.00005
cam0 intrinsics = 461.275,459.933,367.395,245.799 | -0.278,0.069,0.001,0.000
cam1 intrinsics = 459.997,458.628,379.847,252.811 | -0.279,0.070,0.000,-0.000
cam0 extrinsics = -0.007,0.010,0.702,0.712 | 0.063,-0.012,0.008
cam1 extrinsics = -0.001,0.014,0.703,0.711 | -0.049,-0.012,0.006
q_GtoI = 0.737,-0.247,0.606,0.169 | p_IinG = 0.871,-1.731,1.115 | dist = 75.79 (meters)
bg = 0.0075,0.0165,0.0766 | ba = -0.0281,0.0933,0.1199
camera-imu timeoffset = -0.00005
cam0 intrinsics = 461.277,459.934,367.398,245.794 | -0.278,0.069,0.001,0.000
cam1 intrinsics = 459.999,458.628,379.848,252.805 | -0.279,0.070,0.000,-0.000
cam0 extrinsics = -0.007,0.010,0.702,0.712 | 0.063,-0.012,0.008
cam1 extrinsics = -0.001,0.014,0.703,0.711 | -0.049,-0.012,0.006
q_GtoI = 0.741,-0.233,0.610,0.155 | p_IinG = 0.880,-1.687,1.121 | dist = 75.83 (meters)
bg = 0.0074,0.0166,0.0765 | ba = -0.0292,0.0926,0.1211
camera-imu timeoffset = -0.00005
cam0 intrinsics = 461.278,459.936,367.398,245.795 | -0.278,0.069,0.001,0.000
cam1 intrinsics = 460.000,458.629,379.848,252.805 | -0.279,0.070,0.000,-0.000
cam0 extrinsics = -0.007,0.010,0.702,0.712 | 0.063,-0.012,0.008
cam1 extrinsics = -0.001,0.014,0.703,0.711 | -0.049,-0.012,0.006
q_GtoI = 0.746,-0.218,0.613,0.143 | p_IinG = 0.884,-1.640,1.124 | dist = 75.88 (meters)
bg = 0.0073,0.0164,0.0765 | ba = -0.0290,0.0936,0.1242
camera-imu timeoffset = -0.00005
cam0 intrinsics = 461.278,459.935,367.407,245.805 | -0.278,0.069,0.001,0.000
cam1 intrinsics = 460.000,458.629,379.861,252.817 | -0.279,0.070,0.000,-0.000
cam0 extrinsics = -0.007,0.010,0.702,0.712 | 0.063,-0.012,0.008
cam1 extrinsics = -0.001,0.014,0.703,0.711 | -0.049,-0.012,0.006
q_GtoI = 0.750,-0.202,0.616,0.133 | p_IinG = 0.889,-1.594,1.128 | dist = 75.92 (meters)
bg = 0.0074,0.0164,0.0766 | ba = -0.0283,0.0939,0.1237
camera-imu timeoffset = -0.00005
cam0 intrinsics = 461.278,459.935,367.407,245.806 | -0.278,0.069,0.001,0.000
cam1 intrinsics = 460.000,458.628,379.860,252.817 | -0.279,0.070,0.000,-0.000
cam0 extrinsics = -0.007,0.010,0.702,0.712 | 0.063,-0.012,0.008
cam1 extrinsics = -0.001,0.014,0.703,0.711 | -0.049,-0.012,0.006
q_GtoI = 0.755,-0.185,0.617,0.122 | p_IinG = 0.890,-1.548,1.132 | dist = 75.97 (meters)
bg = 0.0073,0.0164,0.0766 | ba = -0.0281,0.0941,0.1227
camera-imu timeoffset = -0.00005
cam0 intrinsics = 461.279,459.935,367.403,245.806 | -0.278,0.069,0.001,0.000
cam1 intrinsics = 460.000,458.628,379.857,252.819 | -0.279,0.070,0.000,-0.000
cam0 extrinsics = -0.007,0.010,0.702,0.712 | 0.063,-0.012,0.008
cam1 extrinsics = -0.001,0.014,0.703,0.711 | -0.049,-0.012,0.006
q_GtoI = 0.762,-0.169,0.615,0.111 | p_IinG = 0.888,-1.504,1.138 | dist = 76.02 (meters)
bg = 0.0072,0.0167,0.0765 | ba = -0.0279,0.0932,0.1208
camera-imu timeoffset = -0.00005
cam0 intrinsics = 461.280,459.937,367.392,245.809 | -0.278,0.069,0.001,0.000
cam1 intrinsics = 460.002,458.629,379.846,252.819 | -0.279,0.070,0.000,-0.000
cam0 extrinsics = -0.007,0.010,0.702,0.712 | 0.063,-0.013,0.008
cam1 extrinsics = -0.001,0.014,0.703,0.711 | -0.049,-0.012,0.006
q_GtoI = 0.771,-0.151,0.610,0.100 | p_IinG = 0.871,-1.458,1.139 | dist = 76.06 (meters)
bg = 0.0064,0.0168,0.0769 | ba = -0.0271,0.0881,0.1231
camera-imu timeoffset = -0.00005
cam0 intrinsics = 461.287,459.940,367.381,245.821 | -0.278,0.069,0.001,0.000
cam1 intrinsics = 460.007,458.631,379.837,252.831 | -0.279,0.070,0.000,-0.000
cam0 extrinsics = -0.007,0.010,0.702,0.712 | 0.063,-0.013,0.008
cam1 extrinsics = -0.001,0.014,0.703,0.711 | -0.049,-0.012,0.006
q_GtoI = 0.780,-0.133,0.605,0.090 | p_IinG = 0.857,-1.413,1.142 | dist = 76.11 (meters)
bg = 0.0062,0.0168,0.0768 | ba = -0.0278,0.0866,0.1241
camera-imu timeoffset = -0.00005
cam0 intrinsics = 461.289,459.942,367.387,245.818 | -0.278,0.069,0.001,0.000
cam1 intrinsics = 460.009,458.632,379.842,252.829 | -0.279,0.070,0.000,-0.000
cam0 extrinsics = -0.007,0.010,0.702,0.712 | 0.063,-0.013,0.008
cam1 extrinsics = -0.001,0.014,0.703,0.711 | -0.049,-0.012,0.006
q_GtoI = 0.789,-0.114,0.599,0.077 | p_IinG = 0.844,-1.366,1.145 | dist = 76.16 (meters)
bg = 0.0060,0.0170,0.0772 | ba = -0.0277,0.0856,0.1239
camera-imu timeoffset = -0.00005
cam0 intrinsics = 461.292,459.945,367.372,245.829 | -0.278,0.069,0.001,0.000
cam1 intrinsics = 460.012,458.633,379.834,252.840 | -0.279,0.070,0.000,-0.000
cam0 extrinsics = -0.007,0.010,0.702,0.712 | 0.063,-0.013,0.008
cam1 extrinsics = -0.001,0.014,0.703,0.711 | -0.049,-0.012,0.006
q_GtoI = 0.795,-0.096,0.595,0.062 | p_IinG = 0.828,-1.318,1.148 | dist = 76.21 (meters)
bg = 0.0055,0.0170,0.0771 | ba = -0.0276,0.0856,0.1227
camera-imu timeoffset = -0.00005
cam0 intrinsics = 461.295,459.946,367.377,245.828 | -0.278,0.069,0.001,0.000
cam1 intrinsics = 460.014,458.633,379.839,252.841 | -0.279,0.070,0.000,-0.000
cam0 extrinsics = -0.007,0.010,0.702,0.712 | 0.063,-0.013,0.008
cam1 extrinsics = -0.001,0.014,0.703,0.711 | -0.049,-0.012,0.006
q_GtoI = 0.799,-0.079,0.594,0.044 | p_IinG = 0.811,-1.273,1.151 | dist = 76.26 (meters)
bg = 0.0053,0.0171,0.0772 | ba = -0.0287,0.0851,0.1234
camera-imu timeoffset = -0.00005
cam0 intrinsics = 461.297,459.948,367.375,245.831 | -0.278,0.069,0.001,0.000
cam1 intrinsics = 460.016,458.635,379.837,252.843 | -0.279,0.070,0.000,0.000
cam0 extrinsics = -0.007,0.010,0.702,0.712 | 0.063,-0.013,0.008
cam1 extrinsics = -0.001,0.014,0.703,0.711 | -0.049,-0.013,0.006
q_GtoI = 0.801,-0.062,0.595,0.025 | p_IinG = 0.794,-1.225,1.154 | dist = 76.30 (meters)
bg = 0.0052,0.0171,0.0773 | ba = -0.0290,0.0869,0.1224
camera-imu timeoffset = -0.00005
cam0 intrinsics = 461.299,459.949,367.375,245.833 | -0.278,0.069,0.001,0.000
cam1 intrinsics = 460.017,458.635,379.838,252.845 | -0.279,0.070,0.000,0.000
cam0 extrinsics = -0.007,0.010,0.702,0.712 | 0.063,-0.013,0.008
cam1 extrinsics = -0.001,0.014,0.703,0.711 | -0.049,-0.013,0.006
q_GtoI = 0.802,-0.045,0.595,0.008 | p_IinG = 0.775,-1.178,1.157 | dist = 76.35 (meters)
bg = 0.0051,0.0171,0.0774 | ba = -0.0293,0.0886,0.1217
camera-imu timeoffset = -0.00005
cam0 intrinsics = 461.300,459.950,367.374,245.835 | -0.278,0.069,0.001,0.000
cam1 intrinsics = 460.018,458.636,379.837,252.847 | -0.279,0.070,0.000,0.000
cam0 extrinsics = -0.007,0.010,0.702,0.712 | 0.063,-0.013,0.008
cam1 extrinsics = -0.001,0.014,0.703,0.711 | -0.049,-0.013,0.006
q_GtoI = -0.802,0.027,-0.596,0.008 | p_IinG = 0.756,-1.132,1.160 | dist = 76.40 (meters)
bg = 0.0049,0.0171,0.0775 | ba = -0.0295,0.0904,0.1202
camera-imu timeoffset = -0.00005
cam0 intrinsics = 461.301,459.951,367.373,245.836 | -0.278,0.069,0.001,0.000
cam1 intrinsics = 460.019,458.637,379.837,252.848 | -0.279,0.070,0.000,0.000
cam0 extrinsics = -0.007,0.010,0.702,0.712 | 0.063,-0.013,0.008
cam1 extrinsics = -0.001,0.014,0.703,0.711 | -0.049,-0.013,0.006
q_GtoI = -0.801,0.009,-0.598,0.021 | p_IinG = 0.732,-1.090,1.162 | dist = 76.45 (meters)
bg = 0.0049,0.0171,0.0772 | ba = -0.0274,0.0913,0.1221
camera-imu timeoffset = -0.00005
cam0 intrinsics = 461.303,459.953,367.366,245.829 | -0.278,0.069,0.001,0.000
cam1 intrinsics = 460.021,458.640,379.827,252.841 | -0.279,0.070,0.000,0.000
cam0 extrinsics = -0.007,0.010,0.702,0.712 | 0.063,-0.013,0.008
cam1 extrinsics = -0.001,0.014,0.703,0.711 | -0.049,-0.013,0.006
q_GtoI = -0.800,-0.009,-0.599,0.030 | p_IinG = 0.707,-1.046,1.165 | dist = 76.50 (meters)
bg = 0.0047,0.0170,0.0771 | ba = -0.0268,0.0940,0.1236
camera-imu timeoffset = -0.00005
cam0 intrinsics = 461.301,459.953,367.366,245.828 | -0.278,0.069,0.001,0.000
cam1 intrinsics = 460.020,458.640,379.826,252.841 | -0.279,0.070,0.000,0.000
cam0 extrinsics = -0.007,0.010,0.702,0.712 | 0.063,-0.013,0.008
cam1 extrinsics = -0.001,0.014,0.703,0.711 | -0.049,-0.013,0.006
q_GtoI = -0.799,-0.026,-0.600,0.038 | p_IinG = 0.680,-1.006,1.169 | dist = 76.54 (meters)
bg = 0.0045,0.0169,0.0767 | ba = -0.0293,0.0976,0.1221
camera-imu timeoffset = -0.00005
cam0 intrinsics = 461.304,459.954,367.374,245.816 | -0.278,0.069,0.001,0.000
cam1 intrinsics = 460.022,458.640,379.836,252.829 | -0.279,0.070,0.000,0.000
cam0 extrinsics = -0.007,0.010,0.702,0.712 | 0.063,-0.013,0.008
cam1 extrinsics = -0.001,0.014,0.703,0.711 | -0.049,-0.013,0.006
q_GtoI = -0.799,-0.039,-0.599,0.043 | p_IinG = 0.651,-0.965,1.173 | dist = 76.59 (meters)
bg = 0.0043,0.0169,0.0768 | ba = -0.0298,0.1002,0.1215
camera-imu timeoffset = -0.00005
cam0 intrinsics = 461.304,459.956,367.376,245.815 | -0.278,0.069,0.001,0.000
cam1 intrinsics = 460.021,458.641,379.838,252.827 | -0.279,0.070,0.000,0.000
cam0 extrinsics = -0.007,0.010,0.702,0.712 | 0.063,-0.013,0.008
cam1 extrinsics = -0.001,0.014,0.703,0.711 | -0.049,-0.013,0.006
q_GtoI = -0.798,-0.050,-0.599,0.046 | p_IinG = 0.618,-0.926,1.179 | dist = 76.64 (meters)
bg = 0.0042,0.0169,0.0769 | ba = -0.0316,0.1044,0.1237
camera-imu timeoffset = -0.00005
cam0 intrinsics = 461.301,459.955,367.388,245.813 | -0.278,0.069,0.001,0.000
cam1 intrinsics = 460.019,458.641,379.849,252.824 | -0.279,0.070,0.000,0.000
cam0 extrinsics = -0.007,0.010,0.702,0.712 | 0.063,-0.013,0.008
cam1 extrinsics = -0.001,0.014,0.703,0.711 | -0.049,-0.013,0.006
q_GtoI = -0.797,-0.060,-0.599,0.046 | p_IinG = 0.585,-0.889,1.183 | dist = 76.68 (meters)
bg = 0.0041,0.0170,0.0769 | ba = -0.0321,0.1066,0.1246
camera-imu timeoffset = -0.00005
cam0 intrinsics = 461.300,459.956,367.392,245.812 | -0.278,0.069,0.001,0.000
cam1 intrinsics = 460.018,458.641,379.852,252.824 | -0.279,0.070,0.000,0.000
cam0 extrinsics = -0.007,0.010,0.702,0.712 | 0.063,-0.013,0.008
cam1 extrinsics = -0.001,0.014,0.703,0.711 | -0.049,-0.013,0.006
q_GtoI = -0.796,-0.071,-0.599,0.041 | p_IinG = 0.545,-0.850,1.191 | dist = 76.73 (meters)
bg = 0.0038,0.0171,0.0767 | ba = -0.0337,0.1098,0.1279
camera-imu timeoffset = -0.00005
cam0 intrinsics = 461.297,459.955,367.397,245.813 | -0.278,0.069,0.001,0.000
cam1 intrinsics = 460.015,458.641,379.855,252.828 | -0.279,0.070,0.000,0.000
cam0 extrinsics = -0.007,0.010,0.702,0.712 | 0.063,-0.013,0.008
cam1 extrinsics = -0.001,0.014,0.703,0.711 | -0.049,-0.013,0.006
q_GtoI = -0.796,-0.078,-0.600,0.035 | p_IinG = 0.505,-0.813,1.199 | dist = 76.78 (meters)
bg = 0.0036,0.0172,0.0764 | ba = -0.0346,0.1135,0.1299
camera-imu timeoffset = -0.00005
cam0 intrinsics = 461.297,459.954,367.405,245.808 | -0.278,0.069,0.001,0.000
cam1 intrinsics = 460.015,458.639,379.864,252.822 | -0.279,0.070,0.000,0.000
cam0 extrinsics = -0.007,0.010,0.702,0.712 | 0.063,-0.013,0.008
cam1 extrinsics = -0.001,0.014,0.703,0.711 | -0.049,-0.012,0.006
q_GtoI = -0.795,-0.082,-0.600,0.030 | p_IinG = 0.465,-0.777,1.205 | dist = 76.83 (meters)
bg = 0.0035,0.0174,0.0762 | ba = -0.0353,0.1169,0.1315
camera-imu timeoffset = -0.00005
cam0 intrinsics = 461.298,459.953,367.415,245.802 | -0.278,0.069,0.001,0.000
cam1 intrinsics = 460.016,458.638,379.871,252.817 | -0.279,0.070,0.000,0.000
cam0 extrinsics = -0.007,0.010,0.702,0.712 | 0.063,-0.013,0.008
cam1 extrinsics = -0.001,0.014,0.703,0.711 | -0.049,-0.012,0.006
q_GtoI = -0.796,-0.078,-0.600,0.030 | p_IinG = 0.425,-0.741,1.211 | dist = 76.89 (meters)
bg = 0.0035,0.0174,0.0761 | ba = -0.0365,0.1180,0.1318
camera-imu timeoffset = -0.00005
cam0 intrinsics = 461.300,459.953,367.418,245.800 | -0.278,0.069,0.001,0.000
cam1 intrinsics = 460.018,458.638,379.874,252.814 | -0.279,0.070,0.000,0.000
cam0 extrinsics = -0.007,0.010,0.702,0.712 | 0.063,-0.013,0.008
cam1 extrinsics = -0.001,0.014,0.703,0.711 | -0.049,-0.012,0.006
q_GtoI = -0.799,-0.071,-0.597,0.030 | p_IinG = 0.383,-0.705,1.216 | dist = 76.94 (meters)
bg = 0.0036,0.0176,0.0760 | ba = -0.0378,0.1207,0.1322
camera-imu timeoffset = -0.00005
cam0 intrinsics = 461.301,459.954,367.425,245.798 | -0.278,0.069,0.001,0.000
cam1 intrinsics = 460.020,458.638,379.877,252.812 | -0.279,0.070,0.000,0.000
cam0 extrinsics = -0.007,0.010,0.702,0.712 | 0.062,-0.013,0.008
cam1 extrinsics = -0.001,0.014,0.703,0.711 | -0.049,-0.012,0.006
q_GtoI = -0.803,-0.062,-0.591,0.029 | p_IinG = 0.339,-0.668,1.220 | dist = 77.00 (meters)
bg = 0.0037,0.0177,0.0760 | ba = -0.0382,0.1224,0.1327
camera-imu timeoffset = -0.00005
cam0 intrinsics = 461.301,459.954,367.426,245.798 | -0.278,0.069,0.001,0.000
cam1 intrinsics = 460.020,458.639,379.878,252.812 | -0.279,0.070,0.000,0.000
cam0 extrinsics = -0.007,0.010,0.702,0.712 | 0.062,-0.013,0.008
cam1 extrinsics = -0.001,0.014,0.703,0.711 | -0.049,-0.012,0.006
q_GtoI = -0.810,-0.053,-0.583,0.028 | p_IinG = 0.292,-0.630,1.223 | dist = 77.05 (meters)
bg = 0.0034,0.0178,0.0761 | ba = -0.0388,0.1230,0.1329
camera-imu timeoffset = -0.00005
cam0 intrinsics = 461.298,459.955,367.427,245.800 | -0.278,0.069,0.001,0.000
cam1 intrinsics = 460.015,458.638,379.879,252.814 | -0.279,0.070,0.000,0.000
cam0 extrinsics = -0.007,0.010,0.702,0.712 | 0.062,-0.013,0.008
cam1 extrinsics = -0.001,0.014,0.703,0.711 | -0.049,-0.012,0.006
q_GtoI = -0.818,-0.042,-0.573,0.025 | p_IinG = 0.247,-0.592,1.225 | dist = 77.11 (meters)
bg = 0.0035,0.0179,0.0761 | ba = -0.0377,0.1244,0.1323
camera-imu timeoffset = -0.00005
cam0 intrinsics = 461.298,459.957,367.425,245.801 | -0.278,0.069,0.001,0.000
cam1 intrinsics = 460.016,458.640,379.876,252.815 | -0.279,0.070,0.000,0.000
cam0 extrinsics = -0.007,0.010,0.702,0.712 | 0.062,-0.013,0.008
cam1 extrinsics = -0.001,0.014,0.703,0.711 | -0.049,-0.013,0.006
q_GtoI = -0.827,-0.032,-0.561,0.022 | p_IinG = 0.204,-0.553,1.225 | dist = 77.17 (meters)
bg = 0.0038,0.0180,0.0762 | ba = -0.0373,0.1249,0.1320
camera-imu timeoffset = -0.00005
cam0 intrinsics = 461.298,459.957,367.421,245.803 | -0.278,0.069,0.001,0.000
cam1 intrinsics = 460.015,458.640,379.874,252.817 | -0.279,0.070,0.000,0.000
cam0 extrinsics = -0.007,0.010,0.702,0.712 | 0.063,-0.013,0.008
cam1 extrinsics = -0.001,0.014,0.703,0.711 | -0.049,-0.013,0.006
q_GtoI = -0.836,-0.021,-0.548,0.020 | p_IinG = 0.163,-0.515,1.224 | dist = 77.23 (meters)
bg = 0.0041,0.0182,0.0762 | ba = -0.0358,0.1251,0.1308
camera-imu timeoffset = -0.00005
cam0 intrinsics = 461.300,459.957,367.415,245.803 | -0.278,0.069,0.001,0.000
cam1 intrinsics = 460.017,458.640,379.870,252.818 | -0.279,0.070,0.000,0.000
cam0 extrinsics = -0.007,0.010,0.702,0.712 | 0.063,-0.013,0.008
cam1 extrinsics = -0.001,0.014,0.703,0.711 | -0.049,-0.012,0.006
q_GtoI = -0.843,-0.009,-0.538,0.022 | p_IinG = 0.123,-0.477,1.220 | dist = 77.28 (meters)
bg = 0.0044,0.0183,0.0763 | ba = -0.0346,0.1251,0.1298
camera-imu timeoffset = -0.00005
cam0 intrinsics = 461.303,459.957,367.412,245.806 | -0.278,0.069,0.001,0.000
cam1 intrinsics = 460.019,458.640,379.867,252.821 | -0.279,0.070,0.000,0.000
cam0 extrinsics = -0.007,0.010,0.702,0.712 | 0.063,-0.013,0.008
cam1 extrinsics = -0.001,0.014,0.703,0.711 | -0.049,-0.012,0.006
q_GtoI = -0.847,0.001,-0.531,0.024 | p_IinG = 0.083,-0.441,1.214 | dist = 77.34 (meters)
bg = 0.0040,0.0183,0.0766 | ba = -0.0325,0.1235,0.1281
camera-imu timeoffset = -0.00005
cam0 intrinsics = 461.298,459.949,367.412,245.806 | -0.278,0.069,0.001,0.000
cam1 intrinsics = 460.016,458.633,379.869,252.821 | -0.279,0.070,0.000,0.000
cam0 extrinsics = -0.007,0.010,0.702,0.712 | 0.062,-0.013,0.008
cam1 extrinsics = -0.001,0.014,0.703,0.711 | -0.049,-0.012,0.006
q_GtoI = -0.849,0.010,-0.528,0.027 | p_IinG = 0.043,-0.413,1.207 | dist = 77.39 (meters)
bg = 0.0032,0.0184,0.0762 | ba = -0.0342,0.1231,0.1277
camera-imu timeoffset = -0.00006
cam0 intrinsics = 461.300,459.956,367.418,245.803 | -0.278,0.069,0.001,0.000
cam1 intrinsics = 460.016,458.640,379.879,252.815 | -0.279,0.070,0.000,0.000
cam0 extrinsics = -0.007,0.010,0.702,0.712 | 0.062,-0.013,0.008
cam1 extrinsics = -0.001,0.014,0.703,0.711 | -0.049,-0.012,0.006
q_GtoI = -0.848,0.018,-0.529,0.028 | p_IinG = 0.008,-0.380,1.197 | dist = 77.44 (meters)
bg = 0.0030,0.0185,0.0763 | ba = -0.0330,0.1226,0.1264
camera-imu timeoffset = -0.00006
cam0 intrinsics = 461.301,459.954,367.418,245.802 | -0.278,0.069,0.001,0.000
cam1 intrinsics = 460.017,458.638,379.879,252.814 | -0.279,0.070,0.000,0.000
cam0 extrinsics = -0.007,0.010,0.702,0.712 | 0.062,-0.013,0.008
cam1 extrinsics = -0.001,0.014,0.703,0.711 | -0.049,-0.012,0.006
q_GtoI = -0.846,0.024,-0.533,0.028 | p_IinG = -0.025,-0.348,1.183 | dist = 77.49 (meters)
bg = 0.0027,0.0186,0.0764 | ba = -0.0321,0.1222,0.1250
camera-imu timeoffset = -0.00006
cam0 intrinsics = 461.302,459.954,367.418,245.802 | -0.278,0.069,0.001,0.000
cam1 intrinsics = 460.018,458.638,379.880,252.814 | -0.279,0.070,0.000,0.000
cam0 extrinsics = -0.007,0.010,0.702,0.712 | 0.062,-0.013,0.008
cam1 extrinsics = -0.001,0.014,0.703,0.711 | -0.049,-0.012,0.006
q_GtoI = -0.843,0.029,-0.537,0.029 | p_IinG = -0.053,-0.318,1.166 | dist = 77.54 (meters)
bg = 0.0024,0.0187,0.0765 | ba = -0.0316,0.1212,0.1233
camera-imu timeoffset = -0.00006
cam0 intrinsics = 461.305,459.952,367.418,245.803 | -0.278,0.069,0.001,0.000
cam1 intrinsics = 460.021,458.636,379.879,252.814 | -0.279,0.070,0.000,0.000
cam0 extrinsics = -0.007,0.010,0.702,0.712 | 0.062,-0.013,0.008
cam1 extrinsics = -0.001,0.014,0.703,0.711 | -0.049,-0.012,0.006
q_GtoI = -0.839,0.032,-0.542,0.029 | p_IinG = -0.081,-0.293,1.147 | dist = 77.58 (meters)
bg = 0.0019,0.0188,0.0765 | ba = -0.0327,0.1198,0.1227
camera-imu timeoffset = -0.00006
cam0 intrinsics = 461.303,459.956,367.426,245.803 | -0.278,0.070,0.001,0.000
cam1 intrinsics = 460.019,458.640,379.889,252.806 | -0.279,0.070,0.000,0.000
cam0 extrinsics = -0.007,0.010,0.702,0.712 | 0.062,-0.013,0.008
cam1 extrinsics = -0.001,0.014,0.703,0.711 | -0.049,-0.012,0.006
q_GtoI = -0.837,0.037,-0.546,0.030 | p_IinG = -0.105,-0.266,1.124 | dist = 77.63 (meters)
bg = 0.0018,0.0188,0.0767 | ba = -0.0316,0.1187,0.1222
camera-imu timeoffset = -0.00006
cam0 intrinsics = 461.305,459.955,367.427,245.806 | -0.278,0.070,0.001,0.000
cam1 intrinsics = 460.021,458.639,379.890,252.808 | -0.279,0.070,0.000,0.000
cam0 extrinsics = -0.007,0.010,0.702,0.712 | 0.062,-0.013,0.008
cam1 extrinsics = -0.001,0.014,0.703,0.711 | -0.049,-0.012,0.006
q_GtoI = -0.834,0.039,-0.550,0.031 | p_IinG = -0.130,-0.240,1.097 | dist = 77.67 (meters)
bg = 0.0017,0.0186,0.0770 | ba = -0.0299,0.1173,0.1221
camera-imu timeoffset = -0.00006
cam0 intrinsics = 461.308,459.948,367.419,245.806 | -0.278,0.070,0.001,0.000
cam1 intrinsics = 460.024,458.632,379.892,252.813 | -0.279,0.070,0.000,0.000
cam0 extrinsics = -0.007,0.010,0.702,0.712 | 0.062,-0.013,0.008
cam1 extrinsics = -0.001,0.014,0.703,0.711 | -0.049,-0.012,0.006
q_GtoI = -0.832,0.040,-0.553,0.030 | p_IinG = -0.150,-0.217,1.072 | dist = 77.71 (meters)
bg = 0.0016,0.0186,0.0771 | ba = -0.0290,0.1163,0.1206
camera-imu timeoffset = -0.00006
cam0 intrinsics = 461.317,459.946,367.418,245.800 | -0.278,0.070,0.001,0.000
cam1 intrinsics = 460.031,458.631,379.895,252.809 | -0.279,0.070,0.000,0.000
cam0 extrinsics = -0.007,0.010,0.702,0.712 | 0.062,-0.013,0.008
cam1 extrinsics = -0.001,0.014,0.703,0.711 | -0.049,-0.012,0.006
q_GtoI = -0.830,0.039,-0.556,0.027 | p_IinG = -0.171,-0.195,1.046 | dist = 77.75 (meters)
bg = 0.0015,0.0184,0.0772 | ba = -0.0287,0.1159,0.1204
camera-imu timeoffset = -0.00006
cam0 intrinsics = 461.318,459.948,367.422,245.803 | -0.278,0.070,0.001,0.000
cam1 intrinsics = 460.032,458.632,379.900,252.811 | -0.279,0.070,0.000,0.000
cam0 extrinsics = -0.007,0.010,0.702,0.712 | 0.062,-0.013,0.008
cam1 extrinsics = -0.001,0.014,0.703,0.711 | -0.049,-0.012,0.006
q_GtoI = -0.827,0.035,-0.561,0.020 | p_IinG = -0.187,-0.174,1.022 | dist = 77.78 (meters)
bg = 0.0017,0.0183,0.0771 | ba = -0.0287,0.1154,0.1197
camera-imu timeoffset = -0.00006
cam0 intrinsics = 461.323,459.948,367.419,245.809 | -0.278,0.070,0.001,0.000
cam1 intrinsics = 460.035,458.633,379.907,252.821 | -0.279,0.070,0.000,0.000
cam0 extrinsics = -0.007,0.010,0.702,0.712 | 0.062,-0.013,0.008
cam1 extrinsics = -0.001,0.014,0.703,0.711 | -0.049,-0.012,0.006
q_GtoI = -0.822,0.030,-0.568,0.014 | p_IinG = -0.206,-0.156,0.999 | dist = 77.82 (meters)
bg = 0.0014,0.0182,0.0773 | ba = -0.0290,0.1154,0.1204
camera-imu timeoffset = -0.00005
cam0 intrinsics = 461.321,459.950,367.428,245.809 | -0.278,0.070,0.001,0.000
cam1 intrinsics = 460.032,458.634,379.918,252.822 | -0.279,0.070,0.000,0.000
cam0 extrinsics = -0.007,0.010,0.702,0.712 | 0.062,-0.013,0.008
cam1 extrinsics = -0.001,0.014,0.703,0.711 | -0.049,-0.012,0.006
q_GtoI = -0.819,0.026,-0.574,0.009 | p_IinG = -0.226,-0.139,0.975 | dist = 77.85 (meters)
bg = 0.0013,0.0181,0.0772 | ba = -0.0289,0.1152,0.1206
camera-imu timeoffset = -0.00005
cam0 intrinsics = 461.320,459.952,367.430,245.814 | -0.278,0.070,0.001,0.000
cam1 intrinsics = 460.031,458.636,379.921,252.828 | -0.279,0.070,0.000,0.000
cam0 extrinsics = -0.007,0.010,0.702,0.712 | 0.062,-0.013,0.008
cam1 extrinsics = -0.001,0.014,0.703,0.711 | -0.049,-0.013,0.006
q_GtoI = -0.818,0.023,-0.575,0.006 | p_IinG = -0.250,-0.122,0.947 | dist = 77.89 (meters)
bg = 0.0010,0.0177,0.0772 | ba = -0.0282,0.1150,0.1201
camera-imu timeoffset = -0.00005
cam0 intrinsics = 461.317,459.952,367.425,245.820 | -0.278,0.070,0.001,0.000
cam1 intrinsics = 460.027,458.635,379.928,252.837 | -0.279,0.070,0.000,0.000
cam0 extrinsics = -0.007,0.010,0.702,0.712 | 0.062,-0.013,0.008
cam1 extrinsics = -0.001,0.014,0.703,0.711 | -0.049,-0.013,0.006
q_GtoI = -0.822,0.019,-0.570,0.003 | p_IinG = -0.269,-0.107,0.919 | dist = 77.92 (meters)
bg = 0.0011,0.0174,0.0772 | ba = -0.0286,0.1145,0.1204
camera-imu timeoffset = -0.00005
cam0 intrinsics = 461.316,459.954,367.428,245.824 | -0.278,0.070,0.001,0.000
cam1 intrinsics = 460.025,458.638,379.931,252.842 | -0.279,0.070,0.000,0.000
cam0 extrinsics = -0.007,0.010,0.702,0.712 | 0.062,-0.013,0.008
cam1 extrinsics = -0.001,0.014,0.703,0.711 | -0.049,-0.013,0.006
q_GtoI = -0.828,0.017,-0.560,0.001 | p_IinG = -0.287,-0.091,0.893 | dist = 77.96 (meters)
bg = 0.0012,0.0174,0.0772 | ba = -0.0305,0.1146,0.1208
camera-imu timeoffset = -0.00006
cam0 intrinsics = 461.314,459.955,367.425,245.828 | -0.278,0.070,0.001,0.000
cam1 intrinsics = 460.023,458.639,379.932,252.847 | -0.279,0.070,0.000,0.000
cam0 extrinsics = -0.007,0.010,0.702,0.712 | 0.062,-0.013,0.008
cam1 extrinsics = -0.001,0.014,0.703,0.711 | -0.049,-0.013,0.006
q_GtoI = 0.836,-0.016,0.549,0.001 | p_IinG = -0.304,-0.073,0.866 | dist = 78.00 (meters)
bg = 0.0014,0.0174,0.0771 | ba = -0.0319,0.1155,0.1205
camera-imu timeoffset = -0.00006
cam0 intrinsics = 461.314,459.954,367.423,245.831 | -0.278,0.070,0.001,0.000
cam1 intrinsics = 460.023,458.638,379.931,252.849 | -0.279,0.070,0.000,0.000
cam0 extrinsics = -0.007,0.010,0.702,0.712 | 0.062,-0.013,0.008
cam1 extrinsics = -0.001,0.014,0.703,0.711 | -0.049,-0.013,0.006
q_GtoI = 0.843,-0.015,0.538,0.001 | p_IinG = -0.320,-0.058,0.839 | dist = 78.03 (meters)
bg = 0.0015,0.0172,0.0771 | ba = -0.0343,0.1158,0.1209
camera-imu timeoffset = -0.00005
cam0 intrinsics = 461.315,459.953,367.424,245.832 | -0.278,0.070,0.001,0.000
cam1 intrinsics = 460.025,458.637,379.932,252.849 | -0.279,0.070,0.000,0.000
cam0 extrinsics = -0.007,0.010,0.702,0.712 | 0.062,-0.013,0.008
cam1 extrinsics = -0.001,0.014,0.703,0.711 | -0.049,-0.013,0.006
q_GtoI = 0.848,-0.014,0.530,0.001 | p_IinG = -0.333,-0.043,0.812 | dist = 78.07 (meters)
bg = 0.0017,0.0172,0.0771 | ba = -0.0351,0.1161,0.1201
camera-imu timeoffset = -0.00005
cam0 intrinsics = 461.317,459.953,367.426,245.836 | -0.278,0.070,0.001,0.000
cam1 intrinsics = 460.026,458.636,379.934,252.853 | -0.279,0.070,0.000,0.000
cam0 extrinsics = -0.007,0.010,0.702,0.712 | 0.062,-0.013,0.008
cam1 extrinsics = -0.001,0.014,0.703,0.711 | -0.049,-0.013,0.006
q_GtoI = 0.850,-0.013,0.527,0.002 | p_IinG = -0.341,-0.027,0.788 | dist = 78.10 (meters)
bg = 0.0020,0.0173,0.0771 | ba = -0.0351,0.1165,0.1187
camera-imu timeoffset = -0.00005
cam0 intrinsics = 461.319,459.954,367.430,245.840 | -0.278,0.070,0.001,0.000
cam1 intrinsics = 460.029,458.637,379.941,252.858 | -0.279,0.070,0.000,0.000
cam0 extrinsics = -0.007,0.010,0.702,0.712 | 0.062,-0.013,0.008
cam1 extrinsics = -0.001,0.014,0.703,0.711 | -0.049,-0.013,0.006
q_GtoI = 0.850,-0.013,0.527,0.002 | p_IinG = -0.344,-0.011,0.765 | dist = 78.13 (meters)
bg = 0.0023,0.0173,0.0770 | ba = -0.0353,0.1164,0.1169
camera-imu timeoffset = -0.00005
cam0 intrinsics = 461.324,459.957,367.440,245.842 | -0.278,0.070,0.001,0.000
cam1 intrinsics = 460.032,458.640,379.951,252.857 | -0.279,0.070,0.000,0.000
cam0 extrinsics = -0.007,0.010,0.702,0.712 | 0.062,-0.013,0.008
cam1 extrinsics = -0.001,0.014,0.703,0.711 | -0.049,-0.012,0.006
q_GtoI = 0.847,-0.013,0.531,0.003 | p_IinG = -0.345,0.005,0.743 | dist = 78.15 (meters)
bg = 0.0027,0.0175,0.0769 | ba = -0.0345,0.1163,0.1153
camera-imu timeoffset = -0.00005
cam0 intrinsics = 461.326,459.958,367.439,245.849 | -0.278,0.070,0.001,0.000
cam1 intrinsics = 460.035,458.641,379.953,252.865 | -0.279,0.070,0.000,0.000
cam0 extrinsics = -0.007,0.010,0.702,0.712 | 0.062,-0.013,0.008
cam1 extrinsics = -0.001,0.014,0.703,0.711 | -0.049,-0.012,0.006
q_GtoI = 0.843,-0.014,0.537,0.003 | p_IinG = -0.343,0.019,0.720 | dist = 78.18 (meters)
bg = 0.0028,0.0174,0.0768 | ba = -0.0337,0.1146,0.1126
camera-imu timeoffset = -0.00005
cam0 intrinsics = 461.322,459.958,367.444,245.867 | -0.278,0.070,0.001,0.000
cam1 intrinsics = 460.031,458.641,379.959,252.882 | -0.279,0.070,0.000,0.000
cam0 extrinsics = -0.007,0.010,0.702,0.712 | 0.062,-0.013,0.008
cam1 extrinsics = -0.001,0.014,0.703,0.711 | -0.049,-0.012,0.006
q_GtoI = 0.837,-0.017,0.546,0.004 | p_IinG = -0.340,0.034,0.699 | dist = 78.21 (meters)
bg = 0.0030,0.0173,0.0767 | ba = -0.0338,0.1139,0.1113
camera-imu timeoffset = -0.00005
cam0 intrinsics = 461.326,459.962,367.465,245.858 | -0.278,0.070,0.001,0.000
cam1 intrinsics = 460.035,458.644,379.982,252.871 | -0.279,0.070,0.000,-0.000
cam0 extrinsics = -0.007,0.010,0.702,0.712 | 0.062,-0.013,0.008
cam1 extrinsics = -0.001,0.014,0.703,0.711 | -0.049,-0.012,0.006
q_GtoI = 0.830,-0.024,0.558,0.002 | p_IinG = -0.337,0.045,0.678 | dist = 78.23 (meters)
bg = 0.0030,0.0173,0.0767 | ba = -0.0343,0.1125,0.1104
camera-imu timeoffset = -0.00005
cam0 intrinsics = 461.327,459.962,367.469,245.861 | -0.278,0.070,0.001,0.000
cam1 intrinsics = 460.036,458.644,379.986,252.873 | -0.279,0.070,0.000,-0.000
cam0 extrinsics = -0.007,0.010,0.702,0.712 | 0.062,-0.013,0.008
cam1 extrinsics = -0.001,0.014,0.703,0.711 | -0.049,-0.012,0.006
q_GtoI = 0.822,-0.030,0.568,0.002 | p_IinG = -0.332,0.053,0.658 | dist = 78.25 (meters)
bg = 0.0028,0.0171,0.0767 | ba = -0.0348,0.1102,0.1088
camera-imu timeoffset = -0.00005
cam0 intrinsics = 461.329,459.962,367.473,245.864 | -0.278,0.070,0.001,0.000
cam1 intrinsics = 460.037,458.644,379.994,252.877 | -0.279,0.070,0.000,-0.000
cam0 extrinsics = -0.007,0.010,0.702,0.712 | 0.062,-0.013,0.008
cam1 extrinsics = -0.001,0.014,0.703,0.711 | -0.049,-0.012,0.006
q_GtoI = -0.816,0.042,-0.576,0.003 | p_IinG = -0.329,0.061,0.637 | dist = 78.28 (meters)
bg = 0.0025,0.0171,0.0768 | ba = -0.0342,0.1078,0.1067
camera-imu timeoffset = -0.00005
cam0 intrinsics = 461.329,459.960,367.475,245.867 | -0.278,0.070,0.001,0.000
cam1 intrinsics = 460.036,458.642,379.996,252.881 | -0.279,0.070,0.000,-0.000
cam0 extrinsics = -0.007,0.010,0.702,0.712 | 0.062,-0.013,0.008
cam1 extrinsics = -0.001,0.014,0.703,0.711 | -0.049,-0.012,0.006
q_GtoI = -0.810,0.052,-0.584,0.006 | p_IinG = -0.327,0.067,0.618 | dist = 78.30 (meters)
bg = 0.0020,0.0173,0.0770 | ba = -0.0343,0.1060,0.1051
camera-imu timeoffset = -0.00005
cam0 intrinsics = 461.327,459.958,367.474,245.869 | -0.278,0.070,0.001,0.000
cam1 intrinsics = 460.034,458.640,379.997,252.883 | -0.279,0.070,0.000,-0.000
cam0 extrinsics = -0.007,0.010,0.702,0.712 | 0.062,-0.013,0.008
cam1 extrinsics = -0.001,0.014,0.703,0.711 | -0.049,-0.012,0.006
q_GtoI = -0.805,0.060,-0.590,0.007 | p_IinG = -0.328,0.067,0.600 | dist = 78.32 (meters)
bg = 0.0009,0.0176,0.0772 | ba = -0.0346,0.1016,0.1026
camera-imu timeoffset = -0.00005
cam0 intrinsics = 461.315,459.957,367.499,245.849 | -0.278,0.069,0.001,0.000
cam1 intrinsics = 460.025,458.638,380.022,252.872 | -0.279,0.070,0.000,-0.000
cam0 extrinsics = -0.007,0.010,0.702,0.712 | 0.062,-0.013,0.008
cam1 extrinsics = -0.001,0.014,0.703,0.711 | -0.049,-0.012,0.006
q_GtoI = -0.801,0.069,-0.594,0.006 | p_IinG = -0.324,0.072,0.584 | dist = 78.34 (meters)
bg = 0.0010,0.0178,0.0773 | ba = -0.0363,0.0999,0.1016
camera-imu timeoffset = -0.00005
cam0 intrinsics = 461.319,459.956,367.496,245.855 | -0.278,0.070,0.001,0.000
cam1 intrinsics = 460.028,458.637,380.022,252.880 | -0.279,0.070,0.000,-0.000
cam0 extrinsics = -0.007,0.010,0.702,0.712 | 0.062,-0.013,0.008
cam1 extrinsics = -0.001,0.014,0.703,0.711 | -0.049,-0.012,0.006
q_GtoI = -0.799,0.075,-0.596,0.003 | p_IinG = -0.323,0.074,0.566 | dist = 78.36 (meters)
bg = 0.0008,0.0180,0.0773 | ba = -0.0369,0.0987,0.0999
camera-imu timeoffset = -0.00005
cam0 intrinsics = 461.321,459.954,367.494,245.860 | -0.278,0.070,0.001,0.000
cam1 intrinsics = 460.031,458.635,380.022,252.885 | -0.279,0.070,0.000,-0.000
cam0 extrinsics = -0.007,0.010,0.702,0.712 | 0.062,-0.013,0.008
cam1 extrinsics = -0.001,0.014,0.703,0.711 | -0.049,-0.012,0.006
q_GtoI = 0.799,-0.076,0.596,0.004 | p_IinG = -0.326,0.070,0.549 | dist = 78.38 (meters)
bg = -0.0001,0.0180,0.0774 | ba = -0.0370,0.0958,0.0974
camera-imu timeoffset = -0.00005
cam0 intrinsics = 461.318,459.932,367.478,245.873 | -0.278,0.070,0.001,0.000
cam1 intrinsics = 460.026,458.612,380.018,252.897 | -0.279,0.070,0.000,0.000
cam0 extrinsics = -0.007,0.010,0.702,0.712 | 0.062,-0.013,0.008
cam1 extrinsics = -0.001,0.014,0.703,0.711 | -0.049,-0.012,0.006
q_GtoI = 0.800,-0.075,0.595,0.012 | p_IinG = -0.328,0.069,0.532 | dist = 78.40 (meters)
bg = -0.0003,0.0181,0.0773 | ba = -0.0378,0.0962,0.0966
camera-imu timeoffset = -0.00005
cam0 intrinsics = 461.318,459.930,367.476,245.877 | -0.278,0.070,0.001,0.000
cam1 intrinsics = 460.027,458.610,380.017,252.899 | -0.279,0.070,0.000,0.000
cam0 extrinsics = -0.007,0.010,0.702,0.712 | 0.062,-0.013,0.008
cam1 extrinsics = -0.001,0.014,0.703,0.711 | -0.049,-0.012,0.006
q_GtoI = 0.802,-0.072,0.592,0.021 | p_IinG = -0.332,0.066,0.515 | dist = 78.42 (meters)
bg = -0.0005,0.0182,0.0773 | ba = -0.0383,0.0962,0.0956
camera-imu timeoffset = -0.00005
cam0 intrinsics = 461.315,459.928,367.476,245.880 | -0.278,0.070,0.001,0.000
cam1 intrinsics = 460.024,458.607,380.019,252.902 | -0.279,0.070,0.000,0.000
cam0 extrinsics = -0.007,0.010,0.702,0.712 | 0.062,-0.013,0.008
cam1 extrinsics = -0.001,0.014,0.703,0.711 | -0.049,-0.012,0.006
q_GtoI = 0.805,-0.070,0.588,0.027 | p_IinG = -0.337,0.063,0.499 | dist = 78.44 (meters)
bg = -0.0008,0.0183,0.0773 | ba = -0.0388,0.0964,0.0945
camera-imu timeoffset = -0.00005
cam0 intrinsics = 461.312,459.926,367.479,245.887 | -0.278,0.070,0.001,0.000
cam1 intrinsics = 460.021,458.605,380.023,252.908 | -0.279,0.070,0.000,0.000
cam0 extrinsics = -0.007,0.010,0.702,0.712 | 0.062,-0.013,0.008
cam1 extrinsics = -0.001,0.014,0.703,0.711 | -0.049,-0.012,0.006
q_GtoI = 0.808,-0.069,0.584,0.031 | p_IinG = -0.343,0.061,0.483 | dist = 78.46 (meters)
bg = -0.0010,0.0183,0.0773 | ba = -0.0398,0.0970,0.0938
camera-imu timeoffset = -0.00005
cam0 intrinsics = 461.309,459.925,367.481,245.892 | -0.278,0.070,0.001,0.000
cam1 intrinsics = 460.018,458.604,380.027,252.914 | -0.279,0.070,0.000,-0.000
cam0 extrinsics = -0.007,0.010,0.702,0.712 | 0.062,-0.013,0.008
cam1 extrinsics = -0.001,0.014,0.703,0.711 | -0.049,-0.012,0.006
q_GtoI = 0.810,-0.067,0.581,0.033 | p_IinG = -0.349,0.057,0.467 | dist = 78.47 (meters)
bg = -0.0012,0.0183,0.0773 | ba = -0.0391,0.0973,0.0926
camera-imu timeoffset = -0.00005
cam0 intrinsics = 461.307,459.924,367.480,245.894 | -0.278,0.070,0.001,0.000
cam1 intrinsics = 460.015,458.603,380.027,252.916 | -0.279,0.070,0.000,0.000
cam0 extrinsics = -0.007,0.010,0.702,0.712 | 0.062,-0.013,0.008
cam1 extrinsics = -0.001,0.014,0.703,0.711 | -0.049,-0.012,0.006
q_GtoI = 0.811,-0.066,0.580,0.036 | p_IinG = -0.355,0.055,0.452 | dist = 78.49 (meters)
bg = -0.0012,0.0184,0.0772 | ba = -0.0384,0.0979,0.0911
camera-imu timeoffset = -0.00005
cam0 intrinsics = 461.307,459.924,367.479,245.895 | -0.278,0.070,0.001,0.000
cam1 intrinsics = 460.015,458.602,380.028,252.919 | -0.279,0.070,0.000,-0.000
cam0 extrinsics = -0.007,0.010,0.702,0.712 | 0.062,-0.013,0.008
cam1 extrinsics = -0.001,0.014,0.703,0.711 | -0.049,-0.012,0.006
q_GtoI = 0.813,-0.064,0.578,0.037 | p_IinG = -0.361,0.052,0.438 | dist = 78.51 (meters)
bg = -0.0012,0.0184,0.0772 | ba = -0.0393,0.0980,0.0905
camera-imu timeoffset = -0.00005
cam0 intrinsics = 461.306,459.923,367.481,245.898 | -0.278,0.070,0.001,0.000
cam1 intrinsics = 460.014,458.601,380.030,252.923 | -0.279,0.070,0.000,-0.000
cam0 extrinsics = -0.007,0.010,0.702,0.712 | 0.062,-0.013,0.008
cam1 extrinsics = -0.001,0.014,0.703,0.711 | -0.049,-0.012,0.006
q_GtoI = 0.816,-0.062,0.574,0.039 | p_IinG = -0.368,0.050,0.423 | dist = 78.52 (meters)
bg = -0.0013,0.0184,0.0771 | ba = -0.0395,0.0985,0.0898
camera-imu timeoffset = -0.00005
cam0 intrinsics = 461.307,459.923,367.483,245.899 | -0.278,0.070,0.001,0.000
cam1 intrinsics = 460.014,458.601,380.035,252.924 | -0.279,0.070,0.000,-0.000
cam0 extrinsics = -0.007,0.010,0.702,0.712 | 0.062,-0.013,0.008
cam1 extrinsics = -0.001,0.014,0.703,0.711 | -0.049,-0.012,0.006
q_GtoI = 0.820,-0.060,0.567,0.039 | p_IinG = -0.374,0.047,0.408 | dist = 78.54 (meters)
bg = -0.0013,0.0184,0.0771 | ba = -0.0392,0.0979,0.0883
camera-imu timeoffset = -0.00005
cam0 intrinsics = 461.306,459.923,367.485,245.901 | -0.278,0.070,0.001,0.000
cam1 intrinsics = 460.014,458.600,380.039,252.926 | -0.279,0.070,0.000,-0.000
cam0 extrinsics = -0.007,0.010,0.702,0.712 | 0.062,-0.013,0.008
cam1 extrinsics = -0.001,0.014,0.703,0.711 | -0.049,-0.012,0.006
q_GtoI = 0.825,-0.059,0.560,0.040 | p_IinG = -0.379,0.047,0.395 | dist = 78.56 (meters)
bg = -0.0011,0.0186,0.0770 | ba = -0.0391,0.0986,0.0871
camera-imu timeoffset = -0.00005
cam0 intrinsics = 461.305,459.921,367.482,245.907 | -0.278,0.070,0.001,0.000
cam1 intrinsics = 460.014,458.598,380.039,252.933 | -0.279,0.070,0.000,-0.000
cam0 extrinsics = -0.007,0.010,0.702,0.712 | 0.062,-0.013,0.008
cam1 extrinsics = -0.001,0.014,0.703,0.711 | -0.049,-0.012,0.006
q_GtoI = 0.830,-0.058,0.554,0.038 | p_IinG = -0.385,0.044,0.380 | dist = 78.57 (meters)
bg = -0.0012,0.0187,0.0768 | ba = -0.0390,0.0984,0.0862
camera-imu timeoffset = -0.00005
cam0 intrinsics = 461.304,459.920,367.482,245.911 | -0.278,0.070,0.001,0.000
cam1 intrinsics = 460.012,458.598,380.039,252.938 | -0.279,0.070,0.000,-0.000
cam0 extrinsics = -0.007,0.010,0.702,0.712 | 0.062,-0.013,0.008
cam1 extrinsics = -0.001,0.014,0.703,0.711 | -0.050,-0.012,0.006
q_GtoI = 0.833,-0.056,0.549,0.038 | p_IinG = -0.389,0.041,0.366 | dist = 78.59 (meters)
bg = -0.0014,0.0188,0.0766 | ba = -0.0385,0.0980,0.0849
camera-imu timeoffset = -0.00005
cam0 intrinsics = 461.302,459.919,367.481,245.916 | -0.278,0.070,0.001,0.000
cam1 intrinsics = 460.010,458.596,380.039,252.943 | -0.279,0.070,0.000,-0.000
cam0 extrinsics = -0.007,0.010,0.702,0.712 | 0.062,-0.013,0.008
cam1 extrinsics = -0.001,0.014,0.703,0.711 | -0.050,-0.012,0.006
q_GtoI = 0.834,-0.055,0.548,0.037 | p_IinG = -0.392,0.039,0.354 | dist = 78.60 (meters)
bg = -0.0015,0.0189,0.0765 | ba = -0.0382,0.0980,0.0836
camera-imu timeoffset = -0.00005
cam0 intrinsics = 461.300,459.918,367.479,245.918 | -0.278,0.070,0.001,0.000
cam1 intrinsics = 460.008,458.595,380.039,252.946 | -0.279,0.070,0.000,0.000
cam0 extrinsics = -0.007,0.010,0.702,0.712 | 0.062,-0.013,0.008
cam1 extrinsics = -0.001,0.014,0.703,0.711 | -0.050,-0.012,0.006
q_GtoI = 0.833,-0.053,0.550,0.036 | p_IinG = -0.392,0.037,0.342 | dist = 78.61 (meters)
bg = -0.0015,0.0189,0.0764 | ba = -0.0378,0.0977,0.0827
camera-imu timeoffset = -0.00005
cam0 intrinsics = 461.299,459.919,367.485,245.913 | -0.278,0.070,0.001,0.000
cam1 intrinsics = 460.008,458.596,380.044,252.942 | -0.279,0.070,0.000,-0.000
cam0 extrinsics = -0.007,0.010,0.702,0.712 | 0.062,-0.013,0.008
cam1 extrinsics = -0.001,0.014,0.703,0.711 | -0.050,-0.012,0.006
q_GtoI = 0.829,-0.052,0.555,0.035 | p_IinG = -0.392,0.034,0.332 | dist = 78.62 (meters)
bg = -0.0016,0.0190,0.0763 | ba = -0.0379,0.0977,0.0822
camera-imu timeoffset = -0.00005
cam0 intrinsics = 461.297,459.918,367.485,245.913 | -0.278,0.070,0.001,0.000
cam1 intrinsics = 460.007,458.596,380.045,252.942 | -0.279,0.070,0.000,-0.000
cam0 extrinsics = -0.007,0.010,0.702,0.712 | 0.062,-0.013,0.008
cam1 extrinsics = -0.001,0.014,0.703,0.711 | -0.050,-0.012,0.006
q_GtoI = 0.826,-0.050,0.561,0.035 | p_IinG = -0.390,0.033,0.322 | dist = 78.63 (meters)
bg = -0.0016,0.0190,0.0762 | ba = -0.0382,0.0975,0.0816
camera-imu timeoffset = -0.00005
cam0 intrinsics = 461.296,459.918,367.483,245.916 | -0.278,0.070,0.001,0.000
cam1 intrinsics = 460.006,458.597,380.044,252.946 | -0.279,0.070,0.000,-0.000
cam0 extrinsics = -0.007,0.010,0.702,0.712 | 0.062,-0.013,0.008
cam1 extrinsics = -0.001,0.014,0.703,0.711 | -0.050,-0.012,0.006
q_GtoI = 0.822,-0.048,0.566,0.036 | p_IinG = -0.384,0.032,0.314 | dist = 78.65 (meters)
bg = -0.0015,0.0192,0.0762 | ba = -0.0385,0.0990,0.0805
camera-imu timeoffset = -0.00005
cam0 intrinsics = 461.294,459.918,367.481,245.919 | -0.278,0.070,0.001,0.000
cam1 intrinsics = 460.005,458.596,380.043,252.950 | -0.279,0.070,0.000,-0.000
cam0 extrinsics = -0.007,0.010,0.702,0.712 | 0.062,-0.013,0.008
cam1 extrinsics = -0.001,0.014,0.703,0.711 | -0.050,-0.012,0.006
q_GtoI = 0.818,-0.046,0.572,0.037 | p_IinG = -0.382,0.031,0.305 | dist = 78.65 (meters)
bg = -0.0015,0.0191,0.0763 | ba = -0.0383,0.0990,0.0794
camera-imu timeoffset = -0.00005
cam0 intrinsics = 461.296,459.919,367.480,245.917 | -0.278,0.070,0.001,0.000
cam1 intrinsics = 460.006,458.598,380.041,252.951 | -0.279,0.070,0.000,0.000
cam0 extrinsics = -0.007,0.010,0.702,0.712 | 0.062,-0.013,0.008
cam1 extrinsics = -0.001,0.014,0.703,0.711 | -0.050,-0.012,0.006
q_GtoI = 0.815,-0.044,0.576,0.037 | p_IinG = -0.378,0.030,0.298 | dist = 78.66 (meters)
bg = -0.0015,0.0192,0.0763 | ba = -0.0392,0.0993,0.0791
camera-imu timeoffset = -0.00005
cam0 intrinsics = 461.295,459.920,367.479,245.917 | -0.278,0.070,0.001,0.000
cam1 intrinsics = 460.005,458.598,380.040,252.951 | -0.279,0.070,0.000,0.000
cam0 extrinsics = -0.007,0.010,0.702,0.712 | 0.062,-0.013,0.008
cam1 extrinsics = -0.001,0.014,0.703,0.711 | -0.050,-0.013,0.006
q_GtoI = 0.812,-0.045,0.581,0.036 | p_IinG = -0.375,0.031,0.291 | dist = 78.67 (meters)
bg = -0.0015,0.0194,0.0763 | ba = -0.0391,0.0996,0.0785
camera-imu timeoffset = -0.00005
cam0 intrinsics = 461.295,459.921,367.478,245.916 | -0.278,0.070,0.001,0.000
cam1 intrinsics = 460.005,458.599,380.040,252.950 | -0.279,0.070,0.000,0.000
cam0 extrinsics = -0.007,0.010,0.702,0.712 | 0.062,-0.013,0.008
cam1 extrinsics = -0.001,0.014,0.703,0.711 | -0.050,-0.013,0.006
q_GtoI = 0.810,-0.046,0.583,0.034 | p_IinG = -0.372,0.032,0.284 | dist = 78.68 (meters)
bg = -0.0015,0.0194,0.0763 | ba = -0.0391,0.1008,0.0783
camera-imu timeoffset = -0.00005
cam0 intrinsics = 461.298,459.923,367.477,245.911 | -0.278,0.070,0.001,0.000
cam1 intrinsics = 460.007,458.600,380.035,252.947 | -0.279,0.070,0.000,0.000
cam0 extrinsics = -0.007,0.010,0.702,0.712 | 0.062,-0.013,0.008
cam1 extrinsics = -0.001,0.014,0.703,0.711 | -0.050,-0.013,0.006
q_GtoI = 0.808,-0.048,0.586,0.031 | p_IinG = -0.369,0.035,0.278 | dist = 78.69 (meters)
bg = -0.0013,0.0195,0.0764 | ba = -0.0394,0.1024,0.0789
camera-imu timeoffset = -0.00005
cam0 intrinsics = 461.303,459.927,367.477,245.905 | -0.278,0.070,0.001,0.000
cam1 intrinsics = 460.012,458.603,380.032,252.945 | -0.279,0.070,0.000,0.000
cam0 extrinsics = -0.007,0.010,0.702,0.712 | 0.062,-0.013,0.008
cam1 extrinsics = -0.001,0.014,0.703,0.711 | -0.050,-0.013,0.006
q_GtoI = 0.808,-0.052,0.587,0.025 | p_IinG = -0.368,0.036,0.271 | dist = 78.69 (meters)
bg = -0.0013,0.0195,0.0765 | ba = -0.0397,0.1025,0.0787
camera-imu timeoffset = -0.00005
cam0 intrinsics = 461.304,459.928,367.477,245.904 | -0.278,0.070,0.001,0.000
cam1 intrinsics = 460.013,458.604,380.032,252.945 | -0.279,0.070,0.000,0.000
cam0 extrinsics = -0.007,0.010,0.702,0.712 | 0.062,-0.013,0.008
cam1 extrinsics = -0.001,0.014,0.703,0.711 | -0.050,-0.013,0.006
q_GtoI = 0.808,-0.055,0.586,0.022 | p_IinG = -0.366,0.039,0.268 | dist = 78.70 (meters)
bg = -0.0011,0.0200,0.0767 | ba = -0.0409,0.1036,0.0799
camera-imu timeoffset = -0.00005
cam0 intrinsics = 461.300,459.921,367.466,245.907 | -0.278,0.070,0.001,0.000
cam1 intrinsics = 460.007,458.597,380.031,252.943 | -0.279,0.070,0.000,0.000
cam0 extrinsics = -0.007,0.010,0.702,0.712 | 0.062,-0.013,0.008
cam1 extrinsics = -0.001,0.014,0.703,0.711 | -0.050,-0.013,0.006
q_GtoI = 0.808,-0.059,0.586,0.016 | p_IinG = -0.368,0.040,0.260 | dist = 78.71 (meters)
bg = -0.0011,0.0199,0.0767 | ba = -0.0398,0.1031,0.0790
camera-imu timeoffset = -0.00005
cam0 intrinsics = 461.304,459.926,367.467,245.902 | -0.278,0.070,0.001,0.000
cam1 intrinsics = 460.011,458.600,380.032,252.937 | -0.279,0.070,0.000,0.000
cam0 extrinsics = -0.007,0.010,0.702,0.712 | 0.062,-0.013,0.008
cam1 extrinsics = -0.001,0.014,0.703,0.711 | -0.050,-0.012,0.006
q_GtoI = 0.809,-0.064,0.585,0.010 | p_IinG = -0.369,0.041,0.254 | dist = 78.71 (meters)
bg = -0.0010,0.0199,0.0767 | ba = -0.0405,0.1030,0.0788
camera-imu timeoffset = -0.00005
cam0 intrinsics = 461.306,459.927,367.466,245.902 | -0.278,0.070,0.001,0.000
cam1 intrinsics = 460.012,458.601,380.032,252.936 | -0.279,0.070,0.000,0.000
cam0 extrinsics = -0.007,0.010,0.702,0.712 | 0.062,-0.013,0.008
cam1 extrinsics = -0.001,0.014,0.703,0.711 | -0.050,-0.012,0.006
q_GtoI = 0.810,-0.067,0.582,0.007 | p_IinG = -0.372,0.040,0.250 | dist = 78.72 (meters)
bg = -0.0011,0.0200,0.0766 | ba = -0.0422,0.1029,0.0795
camera-imu timeoffset = -0.00005
cam0 intrinsics = 461.306,459.928,367.462,245.901 | -0.278,0.070,0.001,0.000
cam1 intrinsics = 460.012,458.602,380.030,252.936 | -0.279,0.070,0.000,0.000
cam0 extrinsics = -0.007,0.010,0.702,0.712 | 0.062,-0.013,0.008
cam1 extrinsics = -0.001,0.014,0.703,0.711 | -0.050,-0.012,0.006
q_GtoI = 0.813,-0.069,0.578,0.006 | p_IinG = -0.375,0.038,0.246 | dist = 78.73 (meters)
bg = -0.0011,0.0201,0.0767 | ba = -0.0428,0.1027,0.0793
camera-imu timeoffset = -0.00005
cam0 intrinsics = 461.308,459.928,367.460,245.902 | -0.278,0.070,0.001,0.000
cam1 intrinsics = 460.013,458.602,380.029,252.935 | -0.279,0.070,0.000,0.000
cam0 extrinsics = -0.007,0.010,0.702,0.712 | 0.062,-0.013,0.008
cam1 extrinsics = -0.001,0.014,0.703,0.711 | -0.050,-0.012,0.006
q_GtoI = 0.816,-0.068,0.573,0.008 | p_IinG = -0.379,0.034,0.242 | dist = 78.73 (meters)
bg = -0.0011,0.0200,0.0767 | ba = -0.0446,0.1027,0.0796
camera-imu timeoffset = -0.00005
cam0 intrinsics = 461.313,459.930,367.464,245.891 | -0.278,0.070,0.001,0.000
cam1 intrinsics = 460.018,458.603,380.028,252.923 | -0.279,0.070,0.000,0.000
cam0 extrinsics = -0.007,0.010,0.702,0.712 | 0.062,-0.013,0.008
cam1 extrinsics = -0.001,0.014,0.703,0.711 | -0.050,-0.012,0.006
q_GtoI = 0.819,-0.066,0.569,0.012 | p_IinG = -0.384,0.029,0.239 | dist = 78.74 (meters)
bg = -0.0011,0.0199,0.0766 | ba = -0.0455,0.1016,0.0799
camera-imu timeoffset = -0.00005
cam0 intrinsics = 461.314,459.932,367.461,245.895 | -0.278,0.070,0.001,0.000
cam1 intrinsics = 460.018,458.605,380.026,252.928 | -0.279,0.070,0.000,0.000
cam0 extrinsics = -0.007,0.010,0.702,0.712 | 0.062,-0.013,0.008
cam1 extrinsics = -0.001,0.014,0.703,0.711 | -0.050,-0.012,0.006
q_GtoI = 0.821,-0.064,0.567,0.016 | p_IinG = -0.387,0.023,0.236 | dist = 78.75 (meters)
bg = -0.0011,0.0199,0.0766 | ba = -0.0459,0.1018,0.0797
camera-imu timeoffset = -0.00005
cam0 intrinsics = 461.315,459.932,367.459,245.895 | -0.278,0.070,0.001,0.000
cam1 intrinsics = 460.019,458.605,380.026,252.926 | -0.279,0.070,0.000,0.000
cam0 extrinsics = -0.007,0.010,0.702,0.712 | 0.062,-0.013,0.008
cam1 extrinsics = -0.001,0.014,0.703,0.711 | -0.050,-0.012,0.006
q_GtoI = 0.823,-0.062,0.565,0.019 | p_IinG = -0.390,0.015,0.237 | dist = 78.75 (meters)
bg = -0.0013,0.0201,0.0766 | ba = -0.0474,0.1008,0.0798
camera-imu timeoffset = -0.00005
cam0 intrinsics = 461.317,459.934,367.455,245.892 | -0.278,0.070,0.001,0.000
cam1 intrinsics = 460.021,458.608,380.026,252.927 | -0.279,0.070,0.000,0.000
cam0 extrinsics = -0.007,0.010,0.702,0.712 | 0.062,-0.013,0.008
cam1 extrinsics = -0.001,0.014,0.703,0.711 | -0.050,-0.012,0.006
q_GtoI = 0.823,-0.060,0.564,0.023 | p_IinG = -0.393,0.007,0.236 | dist = 78.76 (meters)
bg = -0.0013,0.0202,0.0767 | ba = -0.0466,0.1010,0.0796
camera-imu timeoffset = -0.00005
cam0 intrinsics = 461.317,459.935,367.454,245.890 | -0.278,0.070,0.001,0.000
cam1 intrinsics = 460.021,458.608,380.025,252.925 | -0.279,0.070,0.000,0.000
cam0 extrinsics = -0.007,0.010,0.702,0.712 | 0.062,-0.013,0.008
cam1 extrinsics = -0.001,0.014,0.703,0.711 | -0.050,-0.012,0.006
q_GtoI = 0.824,-0.060,0.563,0.025 | p_IinG = -0.396,-0.001,0.236 | dist = 78.77 (meters)
bg = -0.0013,0.0203,0.0767 | ba = -0.0459,0.1010,0.0798
camera-imu timeoffset = -0.00005
cam0 intrinsics = 461.319,459.937,367.453,245.886 | -0.278,0.070,0.001,0.000
cam1 intrinsics = 460.022,458.610,380.024,252.924 | -0.279,0.070,0.000,0.000
cam0 extrinsics = -0.007,0.010,0.702,0.712 | 0.062,-0.013,0.008
cam1 extrinsics = -0.001,0.014,0.703,0.711 | -0.050,-0.012,0.006
q_GtoI = 0.824,-0.059,0.563,0.027 | p_IinG = -0.398,-0.009,0.235 | dist = 78.78 (meters)
bg = -0.0013,0.0204,0.0767 | ba = -0.0445,0.1009,0.0793
camera-imu timeoffset = -0.00005
cam0 intrinsics = 461.319,459.937,367.453,245.886 | -0.278,0.070,0.001,0.000
cam1 intrinsics = 460.022,458.610,380.024,252.925 | -0.279,0.070,0.000,0.000
cam0 extrinsics = -0.007,0.010,0.702,0.712 | 0.062,-0.013,0.008
cam1 extrinsics = -0.001,0.014,0.703,0.711 | -0.050,-0.012,0.006
q_GtoI = 0.824,-0.059,0.563,0.028 | p_IinG = -0.400,-0.018,0.235 | dist = 78.79 (meters)
bg = -0.0013,0.0206,0.0768 | ba = -0.0434,0.1009,0.0788
camera-imu timeoffset = -0.00005
cam0 intrinsics = 461.320,459.938,367.453,245.885 | -0.278,0.070,0.001,0.000
cam1 intrinsics = 460.023,458.611,380.023,252.924 | -0.279,0.070,0.000,0.000
cam0 extrinsics = -0.007,0.010,0.702,0.712 | 0.062,-0.013,0.008
cam1 extrinsics = -0.001,0.014,0.703,0.711 | -0.050,-0.012,0.006
q_GtoI = 0.824,-0.059,0.562,0.029 | p_IinG = -0.401,-0.027,0.235 | dist = 78.80 (meters)
bg = -0.0014,0.0206,0.0769 | ba = -0.0431,0.1008,0.0784
camera-imu timeoffset = -0.00005
cam0 intrinsics = 461.320,459.938,367.454,245.888 | -0.278,0.070,0.001,0.000
cam1 intrinsics = 460.022,458.611,380.023,252.925 | -0.279,0.070,0.000,0.000
cam0 extrinsics = -0.007,0.010,0.702,0.712 | 0.062,-0.013,0.008
cam1 extrinsics = -0.001,0.014,0.703,0.711 | -0.050,-0.012,0.006
q_GtoI = 0.824,-0.059,0.563,0.030 | p_IinG = -0.401,-0.036,0.235 | dist = 78.81 (meters)
bg = -0.0013,0.0206,0.0769 | ba = -0.0426,0.1009,0.0782
camera-imu timeoffset = -0.00005
cam0 intrinsics = 461.320,459.939,367.453,245.887 | -0.278,0.070,0.001,0.000
cam1 intrinsics = 460.022,458.612,380.024,252.924 | -0.279,0.070,0.000,0.000
cam0 extrinsics = -0.007,0.010,0.702,0.712 | 0.062,-0.013,0.008
cam1 extrinsics = -0.001,0.014,0.703,0.711 | -0.050,-0.012,0.006
q_GtoI = 0.824,-0.059,0.563,0.031 | p_IinG = -0.401,-0.046,0.235 | dist = 78.81 (meters)
bg = -0.0014,0.0206,0.0769 | ba = -0.0430,0.1007,0.0782
camera-imu timeoffset = -0.00005
cam0 intrinsics = 461.320,459.940,367.454,245.886 | -0.278,0.070,0.001,0.000
cam1 intrinsics = 460.022,458.612,380.024,252.923 | -0.279,0.070,0.000,0.000
cam0 extrinsics = -0.007,0.010,0.702,0.712 | 0.062,-0.013,0.008
cam1 extrinsics = -0.001,0.014,0.703,0.711 | -0.050,-0.012,0.006
q_GtoI = 0.823,-0.060,0.564,0.031 | p_IinG = -0.401,-0.055,0.234 | dist = 78.82 (meters)
bg = -0.0014,0.0205,0.0769 | ba = -0.0425,0.1008,0.0779
camera-imu timeoffset = -0.00005
cam0 intrinsics = 461.320,459.941,367.454,245.887 | -0.278,0.070,0.001,0.000
cam1 intrinsics = 460.023,458.613,380.024,252.923 | -0.279,0.070,0.000,0.000
cam0 extrinsics = -0.007,0.010,0.702,0.712 | 0.062,-0.013,0.008
cam1 extrinsics = -0.001,0.014,0.703,0.711 | -0.050,-0.012,0.006
q_GtoI = 0.823,-0.059,0.564,0.032 | p_IinG = -0.400,-0.064,0.232 | dist = 78.83 (meters)
bg = -0.0014,0.0202,0.0769 | ba = -0.0410,0.1007,0.0771
camera-imu timeoffset = -0.00005
cam0 intrinsics = 461.321,459.942,367.454,245.888 | -0.278,0.070,0.001,0.000
cam1 intrinsics = 460.023,458.614,380.025,252.923 | -0.279,0.070,0.000,0.000
cam0 extrinsics = -0.007,0.010,0.702,0.712 | 0.062,-0.013,0.008
cam1 extrinsics = -0.001,0.014,0.703,0.711 | -0.049,-0.012,0.006
q_GtoI = 0.823,-0.060,0.564,0.032 | p_IinG = -0.399,-0.073,0.232 | dist = 78.84 (meters)
bg = -0.0014,0.0203,0.0770 | ba = -0.0408,0.1000,0.0773
camera-imu timeoffset = -0.00005
cam0 intrinsics = 461.321,459.943,367.453,245.892 | -0.278,0.070,0.001,0.000
cam1 intrinsics = 460.023,458.615,380.024,252.927 | -0.279,0.070,0.000,0.000
cam0 extrinsics = -0.007,0.010,0.702,0.712 | 0.062,-0.013,0.008
cam1 extrinsics = -0.001,0.014,0.703,0.711 | -0.049,-0.012,0.006
q_GtoI = 0.824,-0.060,0.563,0.032 | p_IinG = -0.397,-0.083,0.232 | dist = 78.85 (meters)
bg = -0.0014,0.0203,0.0770 | ba = -0.0406,0.1000,0.0770
camera-imu timeoffset = -0.00005
cam0 intrinsics = 461.321,459.944,367.453,245.892 | -0.278,0.070,0.001,0.000
cam1 intrinsics = 460.023,458.616,380.025,252.928 | -0.279,0.070,0.000,0.000
cam0 extrinsics = -0.007,0.010,0.702,0.712 | 0.062,-0.013,0.008
cam1 extrinsics = -0.001,0.014,0.703,0.711 | -0.050,-0.012,0.006
q_GtoI = 0.823,-0.060,0.564,0.033 | p_IinG = -0.394,-0.092,0.231 | dist = 78.86 (meters)
bg = -0.0013,0.0202,0.0771 | ba = -0.0407,0.1003,0.0772
camera-imu timeoffset = -0.00005
cam0 intrinsics = 461.322,459.944,367.451,245.889 | -0.278,0.070,0.001,0.000
cam1 intrinsics = 460.024,458.617,380.027,252.927 | -0.279,0.070,0.000,0.000
cam0 extrinsics = -0.007,0.010,0.702,0.712 | 0.062,-0.013,0.008
cam1 extrinsics = -0.001,0.014,0.703,0.711 | -0.050,-0.012,0.006
q_GtoI = 0.820,-0.059,0.568,0.034 | p_IinG = -0.390,-0.101,0.232 | dist = 78.87 (meters)
bg = -0.0013,0.0202,0.0770 | ba = -0.0405,0.0999,0.0769
camera-imu timeoffset = -0.00005
cam0 intrinsics = 461.322,459.945,367.449,245.892 | -0.278,0.070,0.001,0.000
cam1 intrinsics = 460.024,458.618,380.025,252.931 | -0.279,0.070,0.000,-0.000
cam0 extrinsics = -0.007,0.010,0.702,0.712 | 0.062,-0.013,0.008
cam1 extrinsics = -0.001,0.014,0.703,0.711 | -0.050,-0.013,0.006
q_GtoI = 0.817,-0.058,0.572,0.036 | p_IinG = -0.387,-0.111,0.231 | dist = 78.88 (meters)
bg = -0.0012,0.0201,0.0770 | ba = -0.0398,0.0998,0.0772
camera-imu timeoffset = -0.00005
cam0 intrinsics = 461.324,459.948,367.444,245.894 | -0.278,0.070,0.001,0.000
cam1 intrinsics = 460.025,458.620,380.020,252.932 | -0.279,0.070,0.000,-0.000
cam0 extrinsics = -0.007,0.010,0.702,0.712 | 0.062,-0.013,0.008
cam1 extrinsics = -0.001,0.014,0.703,0.711 | -0.050,-0.013,0.006
q_GtoI = 0.814,-0.058,0.576,0.037 | p_IinG = -0.383,-0.120,0.229 | dist = 78.89 (meters)
bg = -0.0011,0.0200,0.0769 | ba = -0.0388,0.0992,0.0769
camera-imu timeoffset = -0.00005
cam0 intrinsics = 461.325,459.951,367.439,245.897 | -0.278,0.070,0.001,0.000
cam1 intrinsics = 460.026,458.623,380.017,252.934 | -0.279,0.070,0.000,-0.000
cam0 extrinsics = -0.007,0.010,0.702,0.712 | 0.062,-0.013,0.008
cam1 extrinsics = -0.001,0.014,0.703,0.711 | -0.050,-0.013,0.006
q_GtoI = 0.812,-0.056,0.579,0.038 | p_IinG = -0.380,-0.129,0.227 | dist = 78.90 (meters)
bg = -0.0012,0.0200,0.0769 | ba = -0.0383,0.0990,0.0769
camera-imu timeoffset = -0.00005
cam0 intrinsics = 461.326,459.953,367.433,245.901 | -0.278,0.070,0.001,0.000
cam1 intrinsics = 460.026,458.625,380.010,252.937 | -0.279,0.070,0.000,0.000
cam0 extrinsics = -0.007,0.010,0.702,0.712 | 0.062,-0.013,0.008
cam1 extrinsics = -0.001,0.014,0.703,0.711 | -0.049,-0.013,0.006
q_GtoI = 0.811,-0.055,0.581,0.039 | p_IinG = -0.376,-0.138,0.224 | dist = 78.91 (meters)
bg = -0.0012,0.0199,0.0769 | ba = -0.0392,0.0986,0.0772
camera-imu timeoffset = -0.00005
cam0 intrinsics = 461.325,459.954,367.426,245.911 | -0.278,0.070,0.001,0.000
cam1 intrinsics = 460.025,458.626,380.000,252.944 | -0.279,0.070,0.000,0.000
cam0 extrinsics = -0.007,0.010,0.702,0.712 | 0.062,-0.013,0.008
cam1 extrinsics = -0.001,0.014,0.703,0.711 | -0.049,-0.013,0.006
q_GtoI = 0.810,-0.054,0.582,0.040 | p_IinG = -0.374,-0.146,0.220 | dist = 78.92 (meters)
bg = -0.0011,0.0200,0.0769 | ba = -0.0402,0.0987,0.0780
camera-imu timeoffset = -0.00005
cam0 intrinsics = 461.326,459.956,367.418,245.917 | -0.278,0.070,0.001,0.000
cam1 intrinsics = 460.025,458.628,379.990,252.950 | -0.279,0.070,0.000,0.000
cam0 extrinsics = -0.007,0.010,0.702,0.712 | 0.062,-0.013,0.008
cam1 extrinsics = -0.001,0.014,0.703,0.711 | -0.049,-0.013,0.006
q_GtoI = 0.810,-0.051,0.583,0.043 | p_IinG = -0.371,-0.154,0.216 | dist = 78.93 (meters)
bg = -0.0011,0.0198,0.0769 | ba = -0.0423,0.0991,0.0782
camera-imu timeoffset = -0.00005
cam0 intrinsics = 461.327,459.959,367.414,245.920 | -0.278,0.070,0.001,0.000
cam1 intrinsics = 460.025,458.630,379.985,252.952 | -0.279,0.070,0.000,0.000
cam0 extrinsics = -0.007,0.010,0.702,0.712 | 0.062,-0.013,0.008
cam1 extrinsics = -0.001,0.014,0.703,0.711 | -0.050,-0.013,0.006
q_GtoI = 0.810,-0.050,0.582,0.044 | p_IinG = -0.369,-0.162,0.211 | dist = 78.94 (meters)
bg = -0.0012,0.0197,0.0771 | ba = -0.0438,0.0990,0.0783
camera-imu timeoffset = -0.00005
cam0 intrinsics = 461.331,459.964,367.414,245.917 | -0.278,0.070,0.001,0.000
cam1 intrinsics = 460.029,458.634,379.980,252.951 | -0.279,0.070,0.000,0.000
cam0 extrinsics = -0.007,0.010,0.702,0.712 | 0.062,-0.013,0.008
cam1 extrinsics = -0.001,0.014,0.703,0.711 | -0.050,-0.013,0.006
q_GtoI = 0.811,-0.049,0.582,0.044 | p_IinG = -0.368,-0.168,0.207 | dist = 78.95 (meters)
bg = -0.0012,0.0198,0.0770 | ba = -0.0444,0.0987,0.0785
camera-imu timeoffset = -0.00005
cam0 intrinsics = 461.330,459.965,367.413,245.920 | -0.278,0.070,0.001,0.000
cam1 intrinsics = 460.029,458.635,379.978,252.955 | -0.279,0.070,0.000,0.000
cam0 extrinsics = -0.007,0.010,0.702,0.712 | 0.062,-0.013,0.008
cam1 extrinsics = -0.001,0.014,0.703,0.711 | -0.050,-0.013,0.006
q_GtoI = 0.811,-0.048,0.581,0.044 | p_IinG = -0.368,-0.175,0.203 | dist = 78.96 (meters)
bg = -0.0012,0.0199,0.0770 | ba = -0.0438,0.0988,0.0793
camera-imu timeoffset = -0.00004
cam0 intrinsics = 461.328,459.965,367.412,245.923 | -0.278,0.070,0.001,0.000
cam1 intrinsics = 460.027,458.635,379.977,252.959 | -0.279,0.070,0.000,0.000
cam0 extrinsics = -0.007,0.010,0.702,0.712 | 0.062,-0.013,0.008
cam1 extrinsics = -0.001,0.014,0.703,0.711 | -0.050,-0.013,0.006
q_GtoI = 0.812,-0.047,0.580,0.044 | p_IinG = -0.368,-0.180,0.198 | dist = 78.96 (meters)
bg = -0.0012,0.0200,0.0770 | ba = -0.0436,0.0993,0.0800
camera-imu timeoffset = -0.00005
cam0 intrinsics = 461.328,459.965,367.412,245.925 | -0.278,0.070,0.001,0.000
cam1 intrinsics = 460.026,458.636,379.975,252.963 | -0.279,0.070,0.000,0.000
cam0 extrinsics = -0.007,0.010,0.702,0.712 | 0.062,-0.013,0.008
cam1 extrinsics = -0.001,0.014,0.703,0.711 | -0.050,-0.013,0.006
q_GtoI = 0.813,-0.047,0.579,0.044 | p_IinG = -0.368,-0.184,0.192 | dist = 78.97 (meters)
bg = -0.0011,0.0199,0.0770 | ba = -0.0445,0.1000,0.0802
camera-imu timeoffset = -0.00005
cam0 intrinsics = 461.328,459.965,367.410,245.923 | -0.278,0.070,0.001,0.000
cam1 intrinsics = 460.026,458.635,379.976,252.964 | -0.279,0.070,0.000,0.000
cam0 extrinsics = -0.007,0.010,0.702,0.712 | 0.062,-0.013,0.008
cam1 extrinsics = -0.001,0.014,0.703,0.711 | -0.050,-0.013,0.006
q_GtoI = 0.813,-0.046,0.578,0.044 | p_IinG = -0.368,-0.188,0.186 | dist = 78.98 (meters)
bg = -0.0012,0.0199,0.0770 | ba = -0.0446,0.1008,0.0799
camera-imu timeoffset = -0.00005
cam0 intrinsics = 461.328,459.966,367.410,245.923 | -0.278,0.070,0.001,0.000
cam1 intrinsics = 460.026,458.636,379.976,252.965 | -0.279,0.070,0.000,0.000
cam0 extrinsics = -0.007,0.010,0.702,0.712 | 0.062,-0.013,0.008
cam1 extrinsics = -0.001,0.014,0.703,0.711 | -0.050,-0.013,0.006
q_GtoI = 0.814,-0.045,0.577,0.045 | p_IinG = -0.368,-0.190,0.180 | dist = 78.99 (meters)
bg = -0.0010,0.0201,0.0770 | ba = -0.0443,0.1018,0.0801
camera-imu timeoffset = -0.00005
cam0 intrinsics = 461.329,459.967,367.409,245.920 | -0.278,0.070,0.001,0.000
cam1 intrinsics = 460.026,458.637,379.976,252.964 | -0.279,0.070,0.000,0.000
cam0 extrinsics = -0.007,0.010,0.702,0.712 | 0.062,-0.013,0.008
cam1 extrinsics = -0.001,0.014,0.703,0.711 | -0.050,-0.013,0.006
q_GtoI = 0.814,-0.044,0.577,0.045 | p_IinG = -0.368,-0.192,0.173 | dist = 78.99 (meters)
bg = -0.0010,0.0201,0.0770 | ba = -0.0431,0.1016,0.0795
camera-imu timeoffset = -0.00005
cam0 intrinsics = 461.329,459.968,367.409,245.920 | -0.278,0.070,0.001,0.000
cam1 intrinsics = 460.026,458.637,379.977,252.965 | -0.279,0.070,0.000,0.000
cam0 extrinsics = -0.007,0.010,0.702,0.712 | 0.062,-0.013,0.008
cam1 extrinsics = -0.001,0.014,0.703,0.711 | -0.050,-0.013,0.006
q_GtoI = 0.815,-0.043,0.576,0.046 | p_IinG = -0.369,-0.194,0.165 | dist = 79.00 (meters)
bg = -0.0009,0.0201,0.0770 | ba = -0.0415,0.1011,0.0789
camera-imu timeoffset = -0.00005
cam0 intrinsics = 461.328,459.968,367.408,245.920 | -0.278,0.070,0.001,0.000
cam1 intrinsics = 460.025,458.638,379.978,252.966 | -0.279,0.070,0.000,0.000
cam0 extrinsics = -0.007,0.010,0.702,0.712 | 0.062,-0.013,0.008
cam1 extrinsics = -0.001,0.014,0.703,0.711 | -0.050,-0.013,0.006
q_GtoI = 0.816,-0.043,0.575,0.046 | p_IinG = -0.369,-0.194,0.154 | dist = 79.01 (meters)
bg = -0.0008,0.0202,0.0769 | ba = -0.0388,0.1007,0.0779
camera-imu timeoffset = -0.00005
cam0 intrinsics = 461.328,459.969,367.408,245.921 | -0.278,0.070,0.001,0.000
cam1 intrinsics = 460.025,458.639,379.978,252.967 | -0.279,0.070,0.000,0.000
cam0 extrinsics = -0.007,0.010,0.702,0.712 | 0.062,-0.013,0.008
cam1 extrinsics = -0.001,0.014,0.703,0.711 | -0.050,-0.013,0.006
q_GtoI = 0.816,-0.042,0.574,0.047 | p_IinG = -0.370,-0.194,0.142 | dist = 79.02 (meters)
bg = -0.0009,0.0202,0.0769 | ba = -0.0364,0.1007,0.0773
camera-imu timeoffset = -0.00005
cam0 intrinsics = 461.327,459.971,367.408,245.922 | -0.278,0.070,0.001,0.000
cam1 intrinsics = 460.023,458.639,379.977,252.963 | -0.279,0.070,0.000,-0.000
cam0 extrinsics = -0.007,0.010,0.702,0.712 | 0.062,-0.013,0.008
cam1 extrinsics = -0.001,0.014,0.703,0.711 | -0.050,-0.013,0.006
q_GtoI = 0.817,-0.042,0.573,0.047 | p_IinG = -0.370,-0.193,0.129 | dist = 79.03 (meters)
bg = -0.0008,0.0203,0.0768 | ba = -0.0367,0.1005,0.0768
camera-imu timeoffset = -0.00005
cam0 intrinsics = 461.326,459.971,367.407,245.922 | -0.278,0.070,0.001,0.000
cam1 intrinsics = 460.024,458.640,379.976,252.963 | -0.279,0.070,0.000,-0.000
cam0 extrinsics = -0.007,0.010,0.702,0.712 | 0.062,-0.013,0.008
cam1 extrinsics = -0.001,0.014,0.703,0.711 | -0.049,-0.013,0.006
q_GtoI = 0.818,-0.041,0.572,0.047 | p_IinG = -0.369,-0.190,0.115 | dist = 79.05 (meters)
bg = -0.0008,0.0205,0.0768 | ba = -0.0365,0.0997,0.0754
camera-imu timeoffset = -0.00005
cam0 intrinsics = 461.327,459.972,367.408,245.920 | -0.278,0.070,0.001,0.000
cam1 intrinsics = 460.024,458.640,379.976,252.961 | -0.279,0.070,0.000,-0.000
cam0 extrinsics = -0.007,0.010,0.702,0.712 | 0.062,-0.013,0.008
cam1 extrinsics = -0.001,0.014,0.703,0.711 | -0.049,-0.013,0.006
q_GtoI = 0.820,-0.041,0.569,0.047 | p_IinG = -0.370,-0.189,0.099 | dist = 79.07 (meters)
bg = -0.0010,0.0207,0.0768 | ba = -0.0351,0.0964,0.0757
camera-imu timeoffset = -0.00005
cam0 intrinsics = 461.326,459.974,367.413,245.922 | -0.278,0.070,0.001,0.000
cam1 intrinsics = 460.024,458.642,379.982,252.963 | -0.279,0.070,0.000,-0.000
cam0 extrinsics = -0.007,0.010,0.702,0.712 | 0.062,-0.013,0.008
cam1 extrinsics = -0.001,0.014,0.703,0.711 | -0.050,-0.013,0.006
q_GtoI = 0.822,-0.040,0.567,0.048 | p_IinG = -0.369,-0.185,0.082 | dist = 79.08 (meters)
bg = -0.0010,0.0209,0.0771 | ba = -0.0324,0.0945,0.0754
camera-imu timeoffset = -0.00004
cam0 intrinsics = 461.325,459.975,367.412,245.930 | -0.278,0.070,0.001,0.000
cam1 intrinsics = 460.022,458.643,379.988,252.966 | -0.279,0.070,0.000,-0.000
cam0 extrinsics = -0.007,0.010,0.702,0.712 | 0.062,-0.013,0.008
cam1 extrinsics = -0.001,0.014,0.703,0.711 | -0.050,-0.013,0.006
q_GtoI = 0.823,-0.040,0.564,0.047 | p_IinG = -0.368,-0.180,0.065 | dist = 79.10 (meters)
bg = -0.0010,0.0210,0.0772 | ba = -0.0298,0.0938,0.0751
camera-imu timeoffset = -0.00005
cam0 intrinsics = 461.324,459.975,367.412,245.932 | -0.278,0.070,0.001,0.000
cam1 intrinsics = 460.021,458.643,379.990,252.968 | -0.279,0.070,0.000,-0.000
cam0 extrinsics = -0.007,0.010,0.702,0.712 | 0.062,-0.013,0.008
cam1 extrinsics = -0.001,0.014,0.703,0.711 | -0.050,-0.013,0.006
q_GtoI = 0.824,-0.040,0.563,0.048 | p_IinG = -0.367,-0.174,0.047 | dist = 79.12 (meters)
bg = -0.0010,0.0211,0.0774 | ba = -0.0277,0.0926,0.0761
camera-imu timeoffset = -0.00005
cam0 intrinsics = 461.324,459.976,367.413,245.935 | -0.278,0.070,0.001,0.000
cam1 intrinsics = 460.021,458.644,379.994,252.970 | -0.279,0.070,0.000,-0.000
cam0 extrinsics = -0.007,0.010,0.702,0.712 | 0.062,-0.013,0.008
cam1 extrinsics = -0.001,0.014,0.703,0.711 | -0.050,-0.013,0.006
q_GtoI = 0.826,-0.040,0.560,0.047 | p_IinG = -0.365,-0.168,0.031 | dist = 79.14 (meters)
bg = -0.0010,0.0211,0.0774 | ba = -0.0259,0.0919,0.0764
camera-imu timeoffset = -0.00005
cam0 intrinsics = 461.325,459.977,367.415,245.932 | -0.278,0.070,0.001,0.000
cam1 intrinsics = 460.021,458.645,379.995,252.969 | -0.279,0.070,0.000,-0.000
cam0 extrinsics = -0.007,0.010,0.702,0.712 | 0.062,-0.013,0.008
cam1 extrinsics = -0.001,0.014,0.703,0.711 | -0.050,-0.013,0.006
q_GtoI = 0.827,-0.039,0.559,0.048 | p_IinG = -0.362,-0.160,0.015 | dist = 79.15 (meters)
bg = -0.0010,0.0211,0.0774 | ba = -0.0234,0.0914,0.0760
camera-imu timeoffset = -0.00005
cam0 intrinsics = 461.325,459.977,367.413,245.932 | -0.278,0.070,0.001,0.000
cam1 intrinsics = 460.021,458.645,379.994,252.969 | -0.279,0.070,0.000,-0.000
cam0 extrinsics = -0.007,0.010,0.702,0.712 | 0.062,-0.013,0.008
cam1 extrinsics = -0.001,0.014,0.703,0.711 | -0.050,-0.013,0.006
q_GtoI = 0.828,-0.039,0.557,0.048 | p_IinG = -0.359,-0.151,0.000 | dist = 79.17 (meters)
bg = -0.0010,0.0211,0.0773 | ba = -0.0214,0.0908,0.0766
camera-imu timeoffset = -0.00005
cam0 intrinsics = 461.325,459.977,367.414,245.933 | -0.278,0.070,0.001,0.000
cam1 intrinsics = 460.022,458.646,379.994,252.971 | -0.279,0.070,0.000,-0.000
cam0 extrinsics = -0.007,0.010,0.702,0.712 | 0.062,-0.013,0.008
cam1 extrinsics = -0.001,0.014,0.703,0.711 | -0.050,-0.013,0.006
q_GtoI = 0.828,-0.038,0.558,0.049 | p_IinG = -0.355,-0.141,-0.013 | dist = 79.19 (meters)
bg = -0.0011,0.0210,0.0773 | ba = -0.0178,0.0919,0.0763
camera-imu timeoffset = -0.00005
cam0 intrinsics = 461.327,459.980,367.416,245.934 | -0.278,0.070,0.001,0.000
cam1 intrinsics = 460.025,458.649,379.996,252.972 | -0.279,0.070,0.000,-0.000
cam0 extrinsics = -0.007,0.010,0.702,0.712 | 0.062,-0.013,0.009
cam1 extrinsics = -0.001,0.014,0.703,0.711 | -0.050,-0.013,0.006
q_GtoI = 0.826,-0.037,0.560,0.049 | p_IinG = -0.349,-0.130,-0.024 | dist = 79.20 (meters)
bg = -0.0011,0.0210,0.0773 | ba = -0.0176,0.0920,0.0763
camera-imu timeoffset = -0.00005
cam0 intrinsics = 461.327,459.980,367.417,245.934 | -0.278,0.070,0.001,0.000
cam1 intrinsics = 460.025,458.650,379.996,252.973 | -0.279,0.070,0.000,-0.000
cam0 extrinsics = -0.007,0.010,0.702,0.712 | 0.062,-0.013,0.009
cam1 extrinsics = -0.001,0.014,0.703,0.711 | -0.050,-0.013,0.006
q_GtoI = 0.824,-0.037,0.563,0.049 | p_IinG = -0.342,-0.117,-0.034 | dist = 79.22 (meters)
bg = -0.0010,0.0207,0.0775 | ba = -0.0170,0.0924,0.0761
camera-imu timeoffset = -0.00005
cam0 intrinsics = 461.330,459.982,367.419,245.929 | -0.278,0.070,0.001,0.000
cam1 intrinsics = 460.028,458.652,379.994,252.968 | -0.279,0.070,0.000,-0.000
cam0 extrinsics = -0.007,0.010,0.702,0.712 | 0.062,-0.013,0.009
cam1 extrinsics = -0.001,0.014,0.703,0.711 | -0.050,-0.013,0.006
q_GtoI = 0.819,-0.041,0.571,0.044 | p_IinG = -0.337,-0.107,-0.040 | dist = 79.24 (meters)
bg = -0.0011,0.0205,0.0775 | ba = -0.0146,0.0904,0.0761
camera-imu timeoffset = -0.00005
cam0 intrinsics = 461.335,459.981,367.420,245.906 | -0.278,0.070,0.001,0.000
cam1 intrinsics = 460.033,458.652,379.994,252.945 | -0.279,0.070,0.000,-0.000
cam0 extrinsics = -0.007,0.010,0.702,0.712 | 0.062,-0.013,0.009
cam1 extrinsics = -0.001,0.014,0.703,0.711 | -0.049,-0.013,0.006
q_GtoI = 0.819,-0.038,0.571,0.047 | p_IinG = -0.334,-0.101,-0.038 | dist = 79.24 (meters)
bg = -0.0011,0.0208,0.0775 | ba = -0.0163,0.0880,0.0775
camera-imu timeoffset = -0.00004
cam0 intrinsics = 461.335,459.982,367.422,245.907 | -0.278,0.070,0.001,0.000
cam1 intrinsics = 460.031,458.652,379.988,252.944 | -0.279,0.070,0.000,-0.000
cam0 extrinsics = -0.007,0.010,0.702,0.712 | 0.062,-0.013,0.009
cam1 extrinsics = -0.001,0.014,0.703,0.711 | -0.049,-0.013,0.006
q_GtoI = 0.820,-0.033,0.569,0.052 | p_IinG = -0.334,-0.098,-0.035 | dist = 79.25 (meters)
bg = -0.0011,0.0210,0.0777 | ba = -0.0170,0.0878,0.0770
camera-imu timeoffset = -0.00004
cam0 intrinsics = 461.336,459.983,367.422,245.899 | -0.278,0.070,0.001,0.000
cam1 intrinsics = 460.031,458.653,379.988,252.936 | -0.279,0.070,0.000,-0.000
cam0 extrinsics = -0.007,0.010,0.702,0.712 | 0.062,-0.013,0.009
cam1 extrinsics = -0.001,0.014,0.703,0.711 | -0.049,-0.013,0.006
q_GtoI = 0.819,-0.031,0.571,0.056 | p_IinG = -0.334,-0.097,-0.035 | dist = 79.25 (meters)
bg = -0.0011,0.0210,0.0779 | ba = -0.0191,0.0875,0.0768
camera-imu timeoffset = -0.00004
cam0 intrinsics = 461.338,459.986,367.422,245.895 | -0.278,0.070,0.001,0.000
cam1 intrinsics = 460.034,458.657,379.988,252.933 | -0.279,0.070,0.000,-0.000
cam0 extrinsics = -0.007,0.010,0.702,0.712 | 0.062,-0.013,0.009
cam1 extrinsics = -0.001,0.014,0.703,0.711 | -0.050,-0.013,0.006
q_GtoI = 0.817,-0.035,0.573,0.052 | p_IinG = -0.335,-0.099,-0.037 | dist = 79.25 (meters)
bg = -0.0011,0.0210,0.0780 | ba = -0.0228,0.0870,0.0768
camera-imu timeoffset = -0.00005
cam0 intrinsics = 461.339,459.988,367.420,245.890 | -0.278,0.070,0.001,0.000
cam1 intrinsics = 460.036,458.659,379.984,252.929 | -0.279,0.070,0.000,-0.000
cam0 extrinsics = -0.007,0.010,0.702,0.712 | 0.062,-0.013,0.009
cam1 extrinsics = -0.001,0.014,0.703,0.711 | -0.049,-0.013,0.006
q_GtoI = 0.817,-0.042,0.573,0.041 | p_IinG = -0.335,-0.101,-0.041 | dist = 79.26 (meters)
bg = -0.0010,0.0209,0.0780 | ba = -0.0264,0.0874,0.0754
camera-imu timeoffset = -0.00005
cam0 intrinsics = 461.341,459.990,367.412,245.894 | -0.278,0.070,0.001,0.000
cam1 intrinsics = 460.037,458.662,379.976,252.933 | -0.279,0.070,0.000,-0.000
cam0 extrinsics = -0.007,0.010,0.702,0.712 | 0.062,-0.013,0.009
cam1 extrinsics = -0.001,0.014,0.703,0.711 | -0.049,-0.013,0.006
q_GtoI = 0.817,-0.040,0.573,0.045 | p_IinG = -0.334,-0.101,-0.038 | dist = 79.26 (meters)
bg = -0.0011,0.0210,0.0779 | ba = -0.0325,0.0867,0.0742
camera-imu timeoffset = -0.00004
cam0 intrinsics = 461.348,459.995,367.404,245.877 | -0.278,0.070,0.001,0.000
cam1 intrinsics = 460.044,458.667,379.967,252.917 | -0.279,0.070,0.000,0.000
cam0 extrinsics = -0.007,0.010,0.702,0.712 | 0.063,-0.013,0.009
cam1 extrinsics = -0.001,0.014,0.703,0.711 | -0.049,-0.012,0.006
q_GtoI = 0.817,-0.041,0.573,0.043 | p_IinG = -0.333,-0.100,-0.038 | dist = 79.26 (meters)
bg = -0.0012,0.0210,0.0779 | ba = -0.0332,0.0861,0.0734
camera-imu timeoffset = -0.00004
cam0 intrinsics = 461.347,459.995,367.402,245.877 | -0.278,0.070,0.001,0.000
cam1 intrinsics = 460.044,458.667,379.966,252.916 | -0.279,0.070,0.000,0.000
cam0 extrinsics = -0.007,0.010,0.702,0.712 | 0.063,-0.013,0.009
cam1 extrinsics = -0.001,0.014,0.703,0.711 | -0.049,-0.012,0.006
q_GtoI = 0.818,-0.041,0.573,0.043 | p_IinG = -0.333,-0.101,-0.039 | dist = 79.26 (meters)
bg = -0.0012,0.0211,0.0779 | ba = -0.0351,0.0856,0.0726
camera-imu timeoffset = -0.00004
cam0 intrinsics = 461.348,459.996,367.402,245.874 | -0.278,0.070,0.001,0.000
cam1 intrinsics = 460.044,458.668,379.966,252.914 | -0.279,0.070,0.000,0.000
cam0 extrinsics = -0.007,0.010,0.702,0.712 | 0.063,-0.013,0.009
cam1 extrinsics = -0.001,0.014,0.703,0.711 | -0.049,-0.012,0.006
q_GtoI = 0.817,-0.041,0.574,0.043 | p_IinG = -0.333,-0.101,-0.038 | dist = 79.26 (meters)
bg = -0.0012,0.0211,0.0779 | ba = -0.0358,0.0852,0.0723
camera-imu timeoffset = -0.00004
cam0 intrinsics = 461.348,459.996,367.402,245.874 | -0.278,0.070,0.001,0.000
cam1 intrinsics = 460.044,458.669,379.965,252.914 | -0.279,0.070,0.000,0.000
cam0 extrinsics = -0.007,0.010,0.702,0.712 | 0.063,-0.013,0.009
cam1 extrinsics = -0.001,0.014,0.703,0.711 | -0.049,-0.012,0.006
q_GtoI = 0.817,-0.041,0.573,0.042 | p_IinG = -0.330,-0.101,-0.037 | dist = 79.26 (meters)
bg = -0.0013,0.0207,0.0777 | ba = -0.0378,0.0851,0.0688
camera-imu timeoffset = -0.00005
cam0 intrinsics = 461.365,459.988,367.366,245.787 | -0.278,0.070,0.001,0.000
cam1 intrinsics = 460.061,458.660,379.929,252.826 | -0.279,0.070,0.000,0.000
cam0 extrinsics = -0.007,0.010,0.702,0.712 | 0.065,-0.012,0.009
cam1 extrinsics = -0.001,0.014,0.703,0.711 | -0.047,-0.012,0.006
q_GtoI = 0.817,-0.041,0.573,0.043 | p_IinG = -0.330,-0.101,-0.037 | dist = 79.26 (meters)
bg = -0.0012,0.0207,0.0777 | ba = -0.0394,0.0827,0.0687
camera-imu timeoffset = -0.00004
cam0 intrinsics = 461.368,459.986,367.364,245.764 | -0.278,0.070,0.001,0.000
cam1 intrinsics = 460.063,458.657,379.927,252.803 | -0.279,0.070,0.000,0.000
cam0 extrinsics = -0.007,0.010,0.702,0.712 | 0.065,-0.012,0.009
cam1 extrinsics = -0.001,0.014,0.703,0.711 | -0.047,-0.012,0.007
q_GtoI = 0.817,-0.042,0.574,0.042 | p_IinG = -0.330,-0.100,-0.037 | dist = 79.26 (meters)
bg = -0.0012,0.0206,0.0777 | ba = -0.0390,0.0809,0.0682
camera-imu timeoffset = -0.00004
cam0 intrinsics = 461.388,459.993,367.360,245.690 | -0.278,0.070,0.001,0.000
cam1 intrinsics = 460.074,458.659,379.931,252.730 | -0.279,0.070,0.000,0.000
cam0 extrinsics = -0.006,0.010,0.702,0.712 | 0.065,-0.011,0.009
cam1 extrinsics = -0.001,0.014,0.703,0.711 | -0.047,-0.011,0.007
q_GtoI = 0.817,-0.041,0.573,0.043 | p_IinG = -0.330,-0.101,-0.037 | dist = 79.26 (meters)
bg = -0.0013,0.0206,0.0777 | ba = -0.0364,0.0807,0.0676
camera-imu timeoffset = -0.00004
cam0 intrinsics = 461.387,459.992,367.359,245.686 | -0.278,0.070,0.001,0.000
cam1 intrinsics = 460.074,458.658,379.930,252.726 | -0.279,0.070,0.000,0.000
cam0 extrinsics = -0.006,0.010,0.702,0.712 | 0.065,-0.011,0.009
cam1 extrinsics = -0.001,0.014,0.703,0.711 | -0.047,-0.011,0.007
q_GtoI = 0.817,-0.042,0.574,0.042 | p_IinG = -0.330,-0.101,-0.037 | dist = 79.26 (meters)
bg = -0.0013,0.0206,0.0777 | ba = -0.0375,0.0799,0.0674
camera-imu timeoffset = -0.00004
cam0 intrinsics = 461.388,459.993,367.358,245.682 | -0.278,0.070,0.001,0.000
cam1 intrinsics = 460.075,458.659,379.930,252.722 | -0.279,0.070,0.000,0.000
cam0 extrinsics = -0.006,0.010,0.702,0.712 | 0.065,-0.011,0.009
cam1 extrinsics = -0.001,0.014,0.703,0.711 | -0.047,-0.011,0.007
q_GtoI = 0.817,-0.041,0.574,0.043 | p_IinG = -0.330,-0.101,-0.037 | dist = 79.26 (meters)
bg = -0.0014,0.0206,0.0777 | ba = -0.0364,0.0795,0.0670
camera-imu timeoffset = -0.00004
cam0 intrinsics = 461.389,459.994,367.358,245.680 | -0.278,0.070,0.001,0.000
cam1 intrinsics = 460.075,458.660,379.929,252.720 | -0.279,0.070,0.000,0.000
cam0 extrinsics = -0.006,0.010,0.702,0.712 | 0.065,-0.011,0.009
cam1 extrinsics = -0.001,0.014,0.703,0.711 | -0.047,-0.011,0.007
q_GtoI = 0.817,-0.042,0.574,0.042 | p_IinG = -0.330,-0.101,-0.037 | dist = 79.26 (meters)
bg = -0.0014,0.0206,0.0777 | ba = -0.0356,0.0794,0.0661
camera-imu timeoffset = -0.00004
cam0 intrinsics = 461.390,459.994,367.357,245.677 | -0.278,0.070,0.001,0.000
cam1 intrinsics = 460.076,458.660,379.930,252.718 | -0.279,0.070,0.000,0.000
cam0 extrinsics = -0.006,0.010,0.702,0.712 | 0.065,-0.011,0.009
cam1 extrinsics = -0.001,0.014,0.703,0.711 | -0.047,-0.011,0.007
q_GtoI = 0.817,-0.041,0.574,0.042 | p_IinG = -0.330,-0.101,-0.037 | dist = 79.26 (meters)
bg = -0.0014,0.0205,0.0776 | ba = -0.0355,0.0784,0.0657
camera-imu timeoffset = -0.00004
cam0 intrinsics = 461.397,459.995,367.356,245.645 | -0.278,0.070,0.001,0.000
cam1 intrinsics = 460.078,458.663,379.930,252.715 | -0.279,0.070,0.000,0.000
cam0 extrinsics = -0.006,0.010,0.702,0.712 | 0.065,-0.011,0.009
cam1 extrinsics = -0.001,0.014,0.703,0.711 | -0.047,-0.011,0.007
q_GtoI = 0.817,-0.042,0.574,0.042 | p_IinG = -0.330,-0.101,-0.037 | dist = 79.26 (meters)
bg = -0.0014,0.0204,0.0776 | ba = -0.0349,0.0779,0.0651
camera-imu timeoffset = -0.00004
cam0 intrinsics = 461.398,459.995,367.355,245.641 | -0.278,0.070,0.001,0.000
cam1 intrinsics = 460.078,458.664,379.930,252.713 | -0.279,0.070,0.000,0.000
cam0 extrinsics = -0.006,0.010,0.702,0.712 | 0.065,-0.011,0.009
cam1 extrinsics = -0.001,0.014,0.703,0.711 | -0.047,-0.011,0.007
q_GtoI = 0.817,-0.042,0.574,0.042 | p_IinG = -0.330,-0.101,-0.037 | dist = 79.26 (meters)
bg = -0.0015,0.0204,0.0776 | ba = -0.0343,0.0774,0.0642
camera-imu timeoffset = -0.00004
cam0 intrinsics = 461.399,459.996,367.355,245.636 | -0.278,0.070,0.001,0.000
cam1 intrinsics = 460.079,458.664,379.931,252.711 | -0.279,0.070,0.000,0.000
cam0 extrinsics = -0.006,0.010,0.702,0.712 | 0.065,-0.011,0.009
cam1 extrinsics = -0.001,0.014,0.703,0.711 | -0.047,-0.011,0.007
q_GtoI = 0.817,-0.042,0.574,0.042 | p_IinG = -0.330,-0.101,-0.037 | dist = 79.26 (meters)
bg = -0.0015,0.0204,0.0776 | ba = -0.0337,0.0764,0.0636
camera-imu timeoffset = -0.00004
cam0 intrinsics = 461.400,459.996,367.354,245.632 | -0.278,0.070,0.001,0.000
cam1 intrinsics = 460.079,458.665,379.931,252.709 | -0.279,0.070,0.000,0.000
cam0 extrinsics = -0.006,0.010,0.702,0.712 | 0.065,-0.011,0.009
cam1 extrinsics = -0.001,0.014,0.703,0.711 | -0.047,-0.011,0.007
q_GtoI = 0.817,-0.042,0.574,0.042 | p_IinG = -0.330,-0.101,-0.037 | dist = 79.26 (meters)
bg = -0.0015,0.0203,0.0776 | ba = -0.0333,0.0755,0.0630
camera-imu timeoffset = -0.00004
cam0 intrinsics = 461.401,459.997,367.354,245.628 | -0.278,0.070,0.001,0.000
cam1 intrinsics = 460.079,458.666,379.932,252.707 | -0.279,0.070,0.000,0.000
cam0 extrinsics = -0.006,0.010,0.702,0.712 | 0.065,-0.011,0.009
cam1 extrinsics = -0.001,0.014,0.703,0.711 | -0.047,-0.011,0.007
q_GtoI = 0.817,-0.042,0.574,0.042 | p_IinG = -0.330,-0.101,-0.037 | dist = 79.27 (meters)
bg = -0.0015,0.0203,0.0776 | ba = -0.0325,0.0751,0.0623
camera-imu timeoffset = -0.00004
cam0 intrinsics = 461.403,459.997,367.352,245.624 | -0.278,0.070,0.001,0.000
cam1 intrinsics = 460.080,458.666,379.932,252.705 | -0.279,0.070,0.000,0.000
cam0 extrinsics = -0.006,0.010,0.702,0.712 | 0.065,-0.011,0.009
cam1 extrinsics = -0.001,0.014,0.703,0.711 | -0.047,-0.011,0.007
q_GtoI = 0.817,-0.042,0.574,0.042 | p_IinG = -0.330,-0.101,-0.037 | dist = 79.27 (meters)
bg = -0.0016,0.0203,0.0776 | ba = -0.0324,0.0745,0.0618
camera-imu timeoffset = -0.00004
cam0 intrinsics = 461.404,459.998,367.352,245.619 | -0.278,0.070,0.001,0.000
cam1 intrinsics = 460.080,458.667,379.932,252.703 | -0.279,0.070,0.000,0.000
cam0 extrinsics = -0.006,0.010,0.702,0.712 | 0.065,-0.011,0.009
cam1 extrinsics = -0.001,0.014,0.703,0.711 | -0.047,-0.011,0.007
q_GtoI = 0.817,-0.042,0.574,0.042 | p_IinG = -0.330,-0.101,-0.037 | dist = 79.27 (meters)
bg = -0.0016,0.0202,0.0776 | ba = -0.0325,0.0739,0.0616
camera-imu timeoffset = -0.00004
cam0 intrinsics = 461.406,459.999,367.351,245.612 | -0.278,0.070,0.001,0.000
cam1 intrinsics = 460.080,458.667,379.932,252.694 | -0.279,0.070,0.000,0.000
cam0 extrinsics = -0.006,0.010,0.702,0.712 | 0.065,-0.011,0.009
cam1 extrinsics = -0.001,0.014,0.703,0.711 | -0.047,-0.011,0.007
q_GtoI = 0.817,-0.042,0.574,0.042 | p_IinG = -0.330,-0.101,-0.037 | dist = 79.27 (meters)
bg = -0.0016,0.0203,0.0776 | ba = -0.0320,0.0737,0.0612
camera-imu timeoffset = -0.00004
cam0 intrinsics = 461.407,460.000,367.350,245.608 | -0.278,0.070,0.001,0.000
cam1 intrinsics = 460.081,458.667,379.932,252.692 | -0.279,0.070,0.000,0.000
cam0 extrinsics = -0.006,0.010,0.702,0.712 | 0.065,-0.011,0.009
cam1 extrinsics = -0.001,0.014,0.703,0.711 | -0.047,-0.011,0.007
q_GtoI = 0.817,-0.042,0.574,0.042 | p_IinG = -0.330,-0.101,-0.036 | dist = 79.27 (meters)
bg = -0.0016,0.0203,0.0777 | ba = -0.0314,0.0735,0.0608
camera-imu timeoffset = -0.00004
cam0 intrinsics = 461.408,460.000,367.349,245.604 | -0.278,0.070,0.001,0.000
cam1 intrinsics = 460.081,458.668,379.932,252.691 | -0.279,0.070,0.000,0.000
cam0 extrinsics = -0.006,0.010,0.702,0.712 | 0.065,-0.011,0.009
cam1 extrinsics = -0.001,0.014,0.703,0.711 | -0.047,-0.011,0.007
q_GtoI = 0.817,-0.042,0.574,0.042 | p_IinG = -0.330,-0.101,-0.036 | dist = 79.27 (meters)
bg = -0.0017,0.0202,0.0777 | ba = -0.0310,0.0731,0.0604
camera-imu timeoffset = -0.00004
cam0 intrinsics = 461.409,460.001,367.349,245.600 | -0.278,0.070,0.001,0.000
cam1 intrinsics = 460.081,458.668,379.932,252.689 | -0.279,0.070,0.000,0.000
cam0 extrinsics = -0.006,0.010,0.702,0.712 | 0.065,-0.011,0.009
cam1 extrinsics = -0.001,0.014,0.703,0.711 | -0.047,-0.011,0.007
q_GtoI = 0.817,-0.042,0.574,0.042 | p_IinG = -0.330,-0.101,-0.036 | dist = 79.27 (meters)
bg = -0.0017,0.0202,0.0777 | ba = -0.0310,0.0730,0.0597
camera-imu timeoffset = -0.00004
cam0 intrinsics = 461.411,460.001,367.348,245.596 | -0.278,0.070,0.001,0.000
cam1 intrinsics = 460.081,458.669,379.932,252.688 | -0.279,0.070,0.000,0.000
cam0 extrinsics = -0.006,0.010,0.702,0.712 | 0.065,-0.011,0.009
cam1 extrinsics = -0.001,0.014,0.703,0.711 | -0.047,-0.011,0.007
q_GtoI = 0.817,-0.042,0.574,0.042 | p_IinG = -0.330,-0.101,-0.036 | dist = 79.27 (meters)
bg = -0.0017,0.0202,0.0777 | ba = -0.0308,0.0730,0.0590
camera-imu timeoffset = -0.00004
cam0 intrinsics = 461.414,460.002,367.353,245.583 | -0.278,0.070,0.001,0.000
cam1 intrinsics = 460.085,458.672,379.929,252.678 | -0.279,0.070,0.000,0.000
cam0 extrinsics = -0.006,0.010,0.702,0.712 | 0.065,-0.011,0.009
cam1 extrinsics = -0.001,0.014,0.703,0.711 | -0.047,-0.011,0.007
q_GtoI = 0.817,-0.042,0.574,0.042 | p_IinG = -0.330,-0.101,-0.036 | dist = 79.27 (meters)
bg = -0.0018,0.0202,0.0777 | ba = -0.0306,0.0727,0.0585
camera-imu timeoffset = -0.00004
cam0 intrinsics = 461.415,460.003,367.352,245.580 | -0.278,0.070,0.001,0.000
cam1 intrinsics = 460.085,458.672,379.929,252.677 | -0.279,0.070,0.000,0.000
cam0 extrinsics = -0.006,0.010,0.702,0.712 | 0.065,-0.011,0.009
cam1 extrinsics = -0.001,0.014,0.703,0.711 | -0.047,-0.011,0.007
q_GtoI = 0.817,-0.042,0.574,0.042 | p_IinG = -0.330,-0.101,-0.036 | dist = 79.27 (meters)
bg = -0.0017,0.0202,0.0777 | ba = -0.0303,0.0721,0.0582
camera-imu timeoffset = -0.00004
cam0 intrinsics = 461.416,460.003,367.351,245.576 | -0.278,0.070,0.001,0.000
cam1 intrinsics = 460.086,458.673,379.929,252.676 | -0.279,0.070,0.000,0.000
cam0 extrinsics = -0.006,0.010,0.702,0.712 | 0.065,-0.011,0.009
cam1 extrinsics = -0.001,0.014,0.703,0.711 | -0.047,-0.011,0.007
q_GtoI = 0.817,-0.042,0.574,0.042 | p_IinG = -0.330,-0.101,-0.036 | dist = 79.27 (meters)
bg = -0.0018,0.0202,0.0777 | ba = -0.0300,0.0715,0.0582
camera-imu timeoffset = -0.00004
cam0 intrinsics = 461.417,460.004,367.351,245.572 | -0.278,0.070,0.001,0.000
cam1 intrinsics = 460.086,458.673,379.929,252.674 | -0.279,0.070,0.000,0.000
cam0 extrinsics = -0.006,0.010,0.702,0.712 | 0.065,-0.011,0.009
cam1 extrinsics = -0.001,0.014,0.703,0.711 | -0.046,-0.011,0.007
q_GtoI = 0.817,-0.042,0.574,0.042 | p_IinG = -0.330,-0.101,-0.036 | dist = 79.27 (meters)
bg = -0.0018,0.0201,0.0777 | ba = -0.0300,0.0711,0.0579
camera-imu timeoffset = -0.00004
cam0 intrinsics = 461.418,460.004,367.350,245.569 | -0.278,0.070,0.001,0.000
cam1 intrinsics = 460.086,458.674,379.929,252.673 | -0.279,0.070,0.000,0.000
cam0 extrinsics = -0.006,0.010,0.702,0.712 | 0.065,-0.011,0.009
cam1 extrinsics = -0.001,0.014,0.703,0.711 | -0.046,-0.011,0.007
q_GtoI = 0.817,-0.042,0.574,0.042 | p_IinG = -0.330,-0.101,-0.036 | dist = 79.27 (meters)
bg = -0.0018,0.0201,0.0778 | ba = -0.0298,0.0708,0.0575
camera-imu timeoffset = -0.00004
cam0 intrinsics = 461.419,460.004,367.349,245.565 | -0.278,0.070,0.001,0.000
cam1 intrinsics = 460.086,458.674,379.929,252.672 | -0.279,0.070,0.000,0.000
cam0 extrinsics = -0.006,0.010,0.702,0.712 | 0.065,-0.011,0.009
cam1 extrinsics = -0.001,0.014,0.703,0.711 | -0.046,-0.011,0.007
q_GtoI = 0.817,-0.042,0.574,0.042 | p_IinG = -0.330,-0.101,-0.036 | dist = 79.27 (meters)
bg = -0.0019,0.0201,0.0778 | ba = -0.0295,0.0702,0.0573
camera-imu timeoffset = -0.00004
cam0 intrinsics = 461.420,460.005,367.348,245.561 | -0.278,0.070,0.001,0.000
cam1 intrinsics = 460.086,458.675,379.929,252.671 | -0.279,0.070,0.000,0.000
cam0 extrinsics = -0.006,0.010,0.702,0.712 | 0.065,-0.011,0.009
cam1 extrinsics = -0.001,0.014,0.703,0.711 | -0.046,-0.011,0.007
q_GtoI = 0.817,-0.042,0.574,0.042 | p_IinG = -0.330,-0.101,-0.036 | dist = 79.27 (meters)
bg = -0.0019,0.0201,0.0778 | ba = -0.0293,0.0697,0.0568
camera-imu timeoffset = -0.00004
cam0 intrinsics = 461.422,460.006,367.348,245.554 | -0.278,0.070,0.001,0.000
cam1 intrinsics = 460.086,458.674,379.929,252.662 | -0.279,0.070,0.000,0.000
cam0 extrinsics = -0.006,0.010,0.702,0.712 | 0.065,-0.011,0.009
cam1 extrinsics = -0.001,0.014,0.703,0.711 | -0.046,-0.011,0.007
q_GtoI = 0.817,-0.042,0.574,0.042 | p_IinG = -0.330,-0.101,-0.036 | dist = 79.27 (meters)
bg = -0.0019,0.0201,0.0778 | ba = -0.0288,0.0694,0.0562
camera-imu timeoffset = -0.00004
cam0 intrinsics = 461.423,460.006,367.347,245.551 | -0.278,0.070,0.001,0.000
cam1 intrinsics = 460.086,458.675,379.929,252.661 | -0.279,0.070,0.000,0.000
cam0 extrinsics = -0.006,0.010,0.702,0.712 | 0.065,-0.011,0.009
cam1 extrinsics = -0.001,0.014,0.703,0.711 | -0.046,-0.011,0.007
q_GtoI = 0.817,-0.042,0.574,0.042 | p_IinG = -0.330,-0.101,-0.036 | dist = 79.27 (meters)
bg = -0.0019,0.0200,0.0778 | ba = -0.0287,0.0691,0.0557
camera-imu timeoffset = -0.00004
cam0 intrinsics = 461.424,460.007,367.346,245.547 | -0.278,0.070,0.001,0.000
cam1 intrinsics = 460.086,458.675,379.930,252.660 | -0.279,0.070,0.000,0.000
cam0 extrinsics = -0.006,0.010,0.702,0.712 | 0.065,-0.011,0.009
cam1 extrinsics = -0.001,0.014,0.703,0.711 | -0.046,-0.011,0.007
q_GtoI = 0.817,-0.042,0.574,0.042 | p_IinG = -0.330,-0.101,-0.036 | dist = 79.27 (meters)
bg = -0.0019,0.0199,0.0778 | ba = -0.0280,0.0689,0.0557
camera-imu timeoffset = -0.00004
cam0 intrinsics = 461.425,460.007,367.345,245.543 | -0.278,0.070,0.001,0.000
cam1 intrinsics = 460.086,458.675,379.930,252.659 | -0.279,0.070,0.000,0.000
cam0 extrinsics = -0.006,0.010,0.702,0.712 | 0.065,-0.011,0.009
cam1 extrinsics = -0.001,0.014,0.703,0.711 | -0.046,-0.011,0.007
q_GtoI = 0.817,-0.042,0.574,0.042 | p_IinG = -0.329,-0.101,-0.036 | dist = 79.27 (meters)
bg = -0.0019,0.0199,0.0777 | ba = -0.0278,0.0687,0.0560
camera-imu timeoffset = -0.00004
cam0 intrinsics = 461.426,460.007,367.344,245.540 | -0.278,0.070,0.001,0.000
cam1 intrinsics = 460.087,458.676,379.930,252.658 | -0.279,0.070,0.000,0.000
cam0 extrinsics = -0.006,0.010,0.702,0.712 | 0.065,-0.011,0.009
cam1 extrinsics = -0.001,0.014,0.703,0.711 | -0.046,-0.011,0.007
q_GtoI = 0.817,-0.041,0.574,0.042 | p_IinG = -0.329,-0.101,-0.036 | dist = 79.27 (meters)
bg = -0.0019,0.0199,0.0777 | ba = -0.0277,0.0682,0.0563
camera-imu timeoffset = -0.00004
cam0 intrinsics = 461.429,460.008,367.349,245.528 | -0.278,0.069,0.001,0.000
cam1 intrinsics = 460.090,458.679,379.928,252.649 | -0.279,0.070,0.000,0.000
cam0 extrinsics = -0.006,0.010,0.702,0.712 | 0.065,-0.011,0.009
cam1 extrinsics = -0.001,0.014,0.703,0.711 | -0.046,-0.011,0.007
[33mUnable to find 1403715993.184058 timestamp in GT file, wrong GT file loaded???
[0mq_GtoI = 0.817,-0.041,0.574,0.042 | p_IinG = -0.329,-0.101,-0.036 | dist = 79.27 (meters)
bg = -0.0019,0.0199,0.0778 | ba = -0.0275,0.0678,0.0560
camera-imu timeoffset = -0.00004
cam0 intrinsics = 461.430,460.009,367.348,245.524 | -0.278,0.069,0.001,0.000
cam1 intrinsics = 460.090,458.679,379.928,252.648 | -0.279,0.070,0.000,0.000
cam0 extrinsics = -0.006,0.010,0.702,0.712 | 0.065,-0.011,0.009
cam1 extrinsics = -0.001,0.014,0.703,0.711 | -0.046,-0.011,0.007
[33mUnable to find 1403715993.234058 timestamp in GT file, wrong GT file loaded???
[0mq_GtoI = 0.817,-0.041,0.574,0.042 | p_IinG = -0.329,-0.101,-0.036 | dist = 79.27 (meters)
bg = -0.0019,0.0199,0.0778 | ba = -0.0274,0.0672,0.0559
camera-imu timeoffset = -0.00004
cam0 intrinsics = 461.431,460.009,367.347,245.521 | -0.278,0.069,0.001,0.000
cam1 intrinsics = 460.091,458.680,379.929,252.647 | -0.279,0.070,0.000,0.000
cam0 extrinsics = -0.006,0.010,0.702,0.712 | 0.065,-0.011,0.009
cam1 extrinsics = -0.001,0.014,0.703,0.711 | -0.046,-0.011,0.007
[33mUnable to find 1403715993.284058 timestamp in GT file, wrong GT file loaded???
[0mq_GtoI = 0.817,-0.041,0.574,0.042 | p_IinG = -0.329,-0.101,-0.036 | dist = 79.27 (meters)
bg = -0.0019,0.0199,0.0778 | ba = -0.0269,0.0666,0.0559
camera-imu timeoffset = -0.00004
cam0 intrinsics = 461.432,460.009,367.346,245.518 | -0.278,0.069,0.001,0.000
cam1 intrinsics = 460.091,458.680,379.929,252.646 | -0.279,0.070,0.000,0.000
cam0 extrinsics = -0.006,0.010,0.702,0.712 | 0.065,-0.011,0.009
cam1 extrinsics = -0.001,0.014,0.703,0.711 | -0.046,-0.011,0.007
[33mUnable to find 1403715993.334058 timestamp in GT file, wrong GT file loaded???
[0mq_GtoI = 0.817,-0.041,0.574,0.042 | p_IinG = -0.329,-0.101,-0.036 | dist = 79.27 (meters)
bg = -0.0019,0.0199,0.0778 | ba = -0.0269,0.0662,0.0557
camera-imu timeoffset = -0.00004
cam0 intrinsics = 461.433,460.010,367.345,245.515 | -0.278,0.069,0.001,0.000
cam1 intrinsics = 460.091,458.680,379.929,252.645 | -0.279,0.070,0.000,0.000
cam0 extrinsics = -0.006,0.010,0.702,0.712 | 0.065,-0.011,0.009
cam1 extrinsics = -0.001,0.014,0.703,0.711 | -0.046,-0.011,0.007
[33mUnable to find 1403715993.384058 timestamp in GT file, wrong GT file loaded???
[0mq_GtoI = 0.817,-0.042,0.574,0.042 | p_IinG = -0.329,-0.101,-0.036 | dist = 79.27 (meters)
bg = -0.0019,0.0198,0.0778 | ba = -0.0267,0.0658,0.0557
camera-imu timeoffset = -0.00004
cam0 intrinsics = 461.434,460.010,367.344,245.511 | -0.278,0.069,0.001,0.000
cam1 intrinsics = 460.091,458.681,379.930,252.644 | -0.279,0.070,0.000,0.000
cam0 extrinsics = -0.006,0.010,0.702,0.712 | 0.065,-0.011,0.009
cam1 extrinsics = -0.001,0.014,0.703,0.711 | -0.046,-0.011,0.007
[33mUnable to find 1403715993.434058 timestamp in GT file, wrong GT file loaded???
[0mq_GtoI = 0.817,-0.041,0.574,0.042 | p_IinG = -0.329,-0.101,-0.036 | dist = 79.27 (meters)
bg = -0.0020,0.0199,0.0778 | ba = -0.0266,0.0652,0.0557
camera-imu timeoffset = -0.00004
cam0 intrinsics = 461.435,460.010,367.343,245.508 | -0.278,0.069,0.001,0.000
cam1 intrinsics = 460.091,458.681,379.930,252.644 | -0.279,0.070,0.000,0.000
cam0 extrinsics = -0.006,0.010,0.702,0.712 | 0.065,-0.011,0.009
cam1 extrinsics = -0.001,0.014,0.703,0.711 | -0.046,-0.011,0.007
[33mUnable to find 1403715993.484058 timestamp in GT file, wrong GT file loaded???
[0mq_GtoI = 0.817,-0.041,0.574,0.042 | p_IinG = -0.329,-0.101,-0.036 | dist = 79.27 (meters)
bg = -0.0020,0.0199,0.0778 | ba = -0.0260,0.0649,0.0555
camera-imu timeoffset = -0.00004
cam0 intrinsics = 461.437,460.012,367.342,245.501 | -0.278,0.069,0.001,0.000
cam1 intrinsics = 460.091,458.681,379.929,252.635 | -0.279,0.070,0.000,0.000
cam0 extrinsics = -0.006,0.010,0.702,0.712 | 0.065,-0.011,0.009
cam1 extrinsics = -0.001,0.014,0.703,0.711 | -0.046,-0.011,0.007
[33mUnable to find 1403715993.534058 timestamp in GT file, wrong GT file loaded???
[0mq_GtoI = 0.817,-0.041,0.574,0.042 | p_IinG = -0.329,-0.101,-0.036 | dist = 79.27 (meters)
bg = -0.0020,0.0199,0.0778 | ba = -0.0253,0.0647,0.0553
camera-imu timeoffset = -0.00004
cam0 intrinsics = 461.438,460.012,367.341,245.497 | -0.278,0.069,0.001,0.000
cam1 intrinsics = 460.091,458.681,379.930,252.634 | -0.279,0.070,0.000,0.000
cam0 extrinsics = -0.006,0.010,0.702,0.712 | 0.065,-0.010,0.009
cam1 extrinsics = -0.001,0.014,0.703,0.711 | -0.046,-0.011,0.007
[33mUnable to find 1403715993.584058 timestamp in GT file, wrong GT file loaded???
[0mq_GtoI = 0.817,-0.041,0.574,0.042 | p_IinG = -0.329,-0.101,-0.036 | dist = 79.27 (meters)
bg = -0.0020,0.0199,0.0778 | ba = -0.0251,0.0647,0.0550
camera-imu timeoffset = -0.00004
cam0 intrinsics = 461.439,460.013,367.340,245.494 | -0.278,0.069,0.001,0.000
cam1 intrinsics = 460.092,458.682,379.930,252.633 | -0.279,0.070,0.000,0.000
cam0 extrinsics = -0.006,0.010,0.702,0.712 | 0.065,-0.010,0.009
cam1 extrinsics = -0.001,0.014,0.703,0.711 | -0.046,-0.011,0.007
[33mUnable to find 1403715993.634058 timestamp in GT file, wrong GT file loaded???
[0mq_GtoI = 0.817,-0.042,0.574,0.042 | p_IinG = -0.329,-0.101,-0.036 | dist = 79.27 (meters)
bg = -0.0020,0.0198,0.0778 | ba = -0.0254,0.0645,0.0540
camera-imu timeoffset = -0.00004
cam0 intrinsics = 461.440,460.013,367.339,245.490 | -0.278,0.069,0.001,0.000
cam1 intrinsics = 460.092,458.682,379.930,252.632 | -0.279,0.070,0.000,0.000
cam0 extrinsics = -0.006,0.010,0.702,0.712 | 0.065,-0.010,0.009
cam1 extrinsics = -0.001,0.014,0.703,0.711 | -0.046,-0.011,0.007
[33mUnable to find 1403715993.684058 timestamp in GT file, wrong GT file loaded???
[0mq_GtoI = 0.816,-0.041,0.575,0.043 | p_IinG = -0.329,-0.101,-0.036 | dist = 79.27 (meters)
bg = -0.0020,0.0199,0.0778 | ba = -0.0246,0.0628,0.0536
camera-imu timeoffset = -0.00004
cam0 intrinsics = 461.441,460.014,367.338,245.487 | -0.278,0.069,0.001,0.000
cam1 intrinsics = 460.092,458.683,379.931,252.632 | -0.279,0.070,0.000,0.000
cam0 extrinsics = -0.006,0.010,0.702,0.712 | 0.065,-0.010,0.009
cam1 extrinsics = -0.001,0.014,0.703,0.711 | -0.046,-0.011,0.007
[33mUnable to find 1403715993.734058 timestamp in GT file, wrong GT file loaded???
[0mq_GtoI = 0.817,-0.042,0.574,0.042 | p_IinG = -0.329,-0.100,-0.036 | dist = 79.27 (meters)
bg = -0.0020,0.0198,0.0778 | ba = -0.0257,0.0622,0.0534
camera-imu timeoffset = -0.00004
cam0 intrinsics = 461.446,460.016,367.344,245.473 | -0.278,0.069,0.001,0.000
cam1 intrinsics = 460.098,458.687,379.928,252.621 | -0.279,0.070,0.000,0.000
cam0 extrinsics = -0.006,0.010,0.702,0.712 | 0.065,-0.010,0.009
cam1 extrinsics = -0.001,0.014,0.703,0.711 | -0.046,-0.011,0.007
[33mUnable to find 1403715993.784058 timestamp in GT file, wrong GT file loaded???
[0mq_GtoI = 0.816,-0.041,0.575,0.042 | p_IinG = -0.329,-0.101,-0.036 | dist = 79.27 (meters)
bg = -0.0019,0.0199,0.0779 | ba = -0.0239,0.0638,0.0533
camera-imu timeoffset = -0.00004
cam0 intrinsics = 461.448,460.018,367.344,245.469 | -0.278,0.069,0.001,0.000
cam1 intrinsics = 460.099,458.689,379.929,252.619 | -0.279,0.070,0.000,0.000
cam0 extrinsics = -0.006,0.010,0.702,0.712 | 0.065,-0.010,0.009
cam1 extrinsics = -0.001,0.014,0.703,0.711 | -0.047,-0.011,0.007
[33mUnable to find 1403715993.834058 timestamp in GT file, wrong GT file loaded???
[0mq_GtoI = 0.816,-0.041,0.574,0.042 | p_IinG = -0.329,-0.101,-0.036 | dist = 79.27 (meters)
bg = -0.0019,0.0198,0.0779 | ba = -0.0226,0.0647,0.0540
camera-imu timeoffset = -0.00004
cam0 intrinsics = 461.449,460.018,367.343,245.466 | -0.278,0.069,0.001,0.000
cam1 intrinsics = 460.099,458.689,379.929,252.619 | -0.279,0.070,0.000,0.000
cam0 extrinsics = -0.006,0.010,0.702,0.712 | 0.065,-0.010,0.009
cam1 extrinsics = -0.001,0.014,0.703,0.711 | -0.046,-0.011,0.007
[33mUnable to find 1403715993.884058 timestamp in GT file, wrong GT file loaded???
[0mq_GtoI = 0.817,-0.042,0.574,0.042 | p_IinG = -0.329,-0.101,-0.036 | dist = 79.27 (meters)
bg = -0.0020,0.0198,0.0779 | ba = -0.0244,0.0641,0.0540
camera-imu timeoffset = -0.00004
cam0 intrinsics = 461.450,460.019,367.342,245.463 | -0.278,0.069,0.001,0.000
cam1 intrinsics = 460.099,458.690,379.929,252.618 | -0.279,0.070,0.000,0.000
cam0 extrinsics = -0.006,0.010,0.702,0.712 | 0.065,-0.010,0.009
cam1 extrinsics = -0.001,0.014,0.703,0.711 | -0.046,-0.011,0.007
[33mUnable to find 1403715993.934058 timestamp in GT file, wrong GT file loaded???
[0mq_GtoI = 0.816,-0.041,0.575,0.043 | p_IinG = -0.329,-0.101,-0.036 | dist = 79.27 (meters)
bg = -0.0019,0.0198,0.0779 | ba = -0.0239,0.0628,0.0532
camera-imu timeoffset = -0.00004
cam0 intrinsics = 461.452,460.020,367.341,245.459 | -0.278,0.069,0.001,0.000
cam1 intrinsics = 460.100,458.691,379.930,252.617 | -0.279,0.070,0.000,0.000
cam0 extrinsics = -0.006,0.010,0.702,0.712 | 0.065,-0.010,0.009
cam1 extrinsics = -0.001,0.014,0.703,0.711 | -0.046,-0.011,0.007
[33mUnable to find 1403715993.984058 timestamp in GT file, wrong GT file loaded???
[0m[conformal] live Net-A batches=1796 predictions=9765
[conformal] Stage-1 dump complete: /data/conformal_dumps/stage3_online_all11/runs/V1_03_difficult_learned.h5 frames=1988 stereo_pairs=2149 unmatched_left=0 unmatched_right=0
