Setting printing level to: INFO
[conformal] loaded IMU sidecar: /data/conformal_dumps/stage3_all11/sidecars/V2_03_difficult_learned_sigma.h5
[conformal] live Net-A parity PASS max_abs_error=1.15729e-07
[conformal] loaded causal live Net-A: /data/conformal_dumps/stage3_online_all11/model/netA_live.h5 visual_scale=1
[33m[init]: not enough feats to compute disp: 0,0 < 15
[0m[33m[init]: not enough feats to compute disp: 0,0 < 15
[0m[33m[init]: not enough feats to compute disp: 0,73 < 15
[0m[33m[init]: not enough feats to compute disp: 0,73 < 15
[0m[33m[init]: not enough feats to compute disp: 0,73 < 15
[0m[33m[init]: not enough feats to compute disp: 0,73 < 15
[0m[33m[init]: not enough feats to compute disp: 0,73 < 15
[0m[33m[init]: not enough feats to compute disp: 0,73 < 15
[0m[33m[init]: not enough feats to compute disp: 0,73 < 15
[0m[33m[init]: not enough feats to compute disp: 0,73 < 15
[0m[33m[init]: not enough feats to compute disp: 0,73 < 15
[0m[33m[init]: not enough feats to compute disp: 0,73 < 15
[0m[33m[init]: not enough feats to compute disp: 0,73 < 15
[0m[33m[init]: not enough feats to compute disp: 0,73 < 15
[0m[33m[init]: not enough feats to compute disp: 0,73 < 15
[0m[33m[init]: not enough feats to compute disp: 0,73 < 15
[0m[33m[init]: not enough feats to compute disp: 0,73 < 15
[0m[33m[init]: not enough feats to compute disp: 0,73 < 15
[0m[33m[init]: not enough feats to compute disp: 0,73 < 15
[0m[33m[init]: not enough feats to compute disp: 0,73 < 15
[0m[33m[init]: not enough feats to compute disp: 0,73 < 15
[0m[33m[init]: not enough feats to compute disp: 0,73 < 15
[0m[33m[init]: disparity is 0.207,0.231 (10.00 thresh)
[0m[33m[init]: failed static init: no accel jerk detected
[0m[33m[init]: disparity is 0.213,0.200 (10.00 thresh)
[0m[33m[init]: failed static init: no accel jerk detected
[0m[33m[init]: disparity is 0.184,0.234 (10.00 thresh)
[0m[33m[init]: failed static init: no accel jerk detected
[0m[33m[init]: disparity is 0.207,0.236 (10.00 thresh)
[0m[33m[init]: failed static init: no accel jerk detected
[0m[33m[init]: disparity is 0.217,0.205 (10.00 thresh)
[0m[33m[init]: failed static init: no accel jerk detected
[0m[33m[init]: disparity is 0.158,0.169 (10.00 thresh)
[0m[33m[init]: failed static init: no accel jerk detected
[0m[33m[init]: disparity is 0.251,0.243 (10.00 thresh)
[0m[33m[init]: failed static init: no accel jerk detected
[0m[33m[init]: disparity is 0.247,0.308 (10.00 thresh)
[0m[33m[init]: failed static init: no accel jerk detected
[0m[33m[init]: disparity is 0.428,0.366 (10.00 thresh)
[0m[33m[init]: failed static init: no accel jerk detected
[0m[33m[init]: disparity is 0.480,0.230 (10.00 thresh)
[0m[33m[init]: failed static init: no accel jerk detected
[0m[33m[init]: disparity is 0.484,0.164 (10.00 thresh)
[0m[33m[init]: failed static init: no accel jerk detected
[0m[33m[init]: disparity is 0.392,0.096 (10.00 thresh)
[0m[33m[init]: failed static init: no accel jerk detected
[0m[33m[init]: disparity is 0.378,0.089 (10.00 thresh)
[0m[33m[init]: failed static init: no accel jerk detected
[0m[33m[init]: disparity is 0.292,0.080 (10.00 thresh)
[0m[33m[init]: failed static init: no accel jerk detected
[0m[33m[init]: disparity is 0.293,0.139 (10.00 thresh)
[0m[33m[init]: failed static init: no accel jerk detected
[0m[33m[init]: disparity is 0.275,0.268 (10.00 thresh)
[0m[33m[init]: failed static init: no accel jerk detected
[0m[33m[init]: disparity is 0.195,0.196 (10.00 thresh)
[0m[33m[init]: failed static init: no accel jerk detected
[0m[33m[init]: disparity is 0.204,0.180 (10.00 thresh)
[0m[33m[init]: failed static init: no accel jerk detected
[0m[33m[init]: disparity is 0.157,0.410 (10.00 thresh)
[0m[33m[init]: failed static init: no accel jerk detected
[0m[33m[init]: disparity is 0.223,0.308 (10.00 thresh)
[0m[33m[init]: failed static init: no accel jerk detected
[0m[33m[init]: disparity is 0.358,0.213 (10.00 thresh)
[0m[33m[init]: failed static init: no accel jerk detected
[0m[33m[init]: disparity is 0.278,0.266 (10.00 thresh)
[0m[33m[init]: failed static init: no accel jerk detected
[0m[33m[init]: disparity is 0.249,0.226 (10.00 thresh)
[0m[33m[init]: failed static init: no accel jerk detected
[0m[33m[init]: disparity is 0.260,0.200 (10.00 thresh)
[0m[33m[init]: failed static init: no accel jerk detected
[0m[33m[init]: disparity is 0.274,0.127 (10.00 thresh)
[0m[33m[init]: failed static init: no accel jerk detected
[0m[33m[init]: disparity is 0.313,0.166 (10.00 thresh)
[0m[33m[init]: failed static init: no accel jerk detected
[0m[33m[init]: disparity is 0.222,0.133 (10.00 thresh)
[0m[33m[init]: failed static init: no accel jerk detected
[0m[33m[init]: disparity is 0.162,0.114 (10.00 thresh)
[0m[33m[init]: failed static init: no accel jerk detected
[0m[33m[init]: disparity is 0.259,0.109 (10.00 thresh)
[0m[33m[init]: failed static init: no accel jerk detected
[0m[33m[init]: disparity is 0.293,0.153 (10.00 thresh)
[0m[33m[init]: failed static init: no accel jerk detected
[0m[33m[init]: disparity is 0.326,0.100 (10.00 thresh)
[0m[33m[init]: failed static init: no accel jerk detected
[0m[33m[init]: disparity is 0.208,0.110 (10.00 thresh)
[0m[33m[init]: failed static init: no accel jerk detected
[0m[33m[init]: disparity is 0.158,0.141 (10.00 thresh)
[0m[33m[init]: failed static init: no accel jerk detected
[0m[33m[init]: disparity is 0.091,0.227 (10.00 thresh)
[0m[33m[init]: failed static init: no accel jerk detected
[0m[33m[init]: disparity is 0.101,0.187 (10.00 thresh)
[0m[33m[init]: failed static init: no accel jerk detected
[0m[33m[init]: disparity is 0.096,0.160 (10.00 thresh)
[0m[33m[init]: failed static init: no accel jerk detected
[0m[33m[init]: disparity is 0.154,0.211 (10.00 thresh)
[0m[33m[init]: failed static init: no accel jerk detected
[0m[33m[init]: disparity is 0.366,0.172 (10.00 thresh)
[0m[33m[init]: failed static init: no accel jerk detected
[0m[33m[init]: disparity is 0.471,0.201 (10.00 thresh)
[0m[33m[init]: failed static init: no accel jerk detected
[0m[33m[init]: disparity is 0.266,0.115 (10.00 thresh)
[0m[33m[init]: failed static init: no accel jerk detected
[0m[33m[init]: disparity is 0.224,0.081 (10.00 thresh)
[0m[33m[init]: failed static init: no accel jerk detected
[0m[33m[init]: disparity is 0.291,0.153 (10.00 thresh)
[0m[33m[init]: failed static init: no accel jerk detected
[0m[33m[init]: disparity is 0.238,0.142 (10.00 thresh)
[0m[33m[init]: failed static init: no accel jerk detected
[0m[33m[init]: disparity is 0.185,0.080 (10.00 thresh)
[0m[33m[init]: failed static init: no accel jerk detected
[0m[33m[init]: disparity is 0.130,0.137 (10.00 thresh)
[0m[33m[init]: failed static init: no accel jerk detected
[0m[33m[init]: disparity is 0.179,0.106 (10.00 thresh)
[0m[33m[init]: failed static init: no accel jerk detected
[0m[33m[init]: disparity is 0.114,0.076 (10.00 thresh)
[0m[33m[init]: failed static init: no accel jerk detected
[0m[33m[init]: disparity is 0.118,0.111 (10.00 thresh)
[0m[33m[init]: failed static init: no accel jerk detected
[0m[33m[init]: disparity is 0.120,0.128 (10.00 thresh)
[0m[33m[init]: failed static init: no accel jerk detected
[0m[33m[init]: disparity is 0.143,0.140 (10.00 thresh)
[0m[33m[init]: failed static init: no accel jerk detected
[0m[33m[init]: disparity is 0.087,0.116 (10.00 thresh)
[0m[33m[init]: failed static init: no accel jerk detected
[0m[33m[init]: disparity is 0.133,0.222 (10.00 thresh)
[0m[33m[init]: failed static init: no accel jerk detected
[0m[33m[init]: disparity is 0.157,0.159 (10.00 thresh)
[0m[33m[init]: failed static init: no accel jerk detected
[0m[33m[init]: disparity is 0.238,0.174 (10.00 thresh)
[0m[33m[init]: failed static init: no accel jerk detected
[0m[33m[init]: disparity is 0.185,0.290 (10.00 thresh)
[0m[33m[init]: failed static init: no accel jerk detected
[0m[33m[init]: disparity is 0.189,0.198 (10.00 thresh)
[0m[33m[init]: failed static init: no accel jerk detected
[0m[33m[init]: disparity is 0.267,0.179 (10.00 thresh)
[0m[33m[init]: failed static init: no accel jerk detected
[0m[33m[init]: disparity is 0.171,0.216 (10.00 thresh)
[0m[33m[init]: failed static init: no accel jerk detected
[0m[33m[init]: disparity is 0.265,0.222 (10.00 thresh)
[0m[33m[init]: failed static init: no accel jerk detected
[0m[33m[init]: disparity is 0.172,0.186 (10.00 thresh)
[0m[33m[init]: failed static init: no accel jerk detected
[0m[33m[init]: disparity is 0.215,0.192 (10.00 thresh)
[0m[33m[init]: failed static init: no accel jerk detected
[0m[33m[init]: disparity is 0.138,0.135 (10.00 thresh)
[0m[33m[init]: failed static init: no accel jerk detected
[0m[33m[init]: disparity is 0.101,0.150 (10.00 thresh)
[0m[33m[init]: failed static init: no accel jerk detected
[0m[33m[init]: disparity is 0.125,0.102 (10.00 thresh)
[0m[33m[init]: failed static init: no accel jerk detected
[0m[33m[init]: disparity is 0.134,0.224 (10.00 thresh)
[0m[33m[init]: failed static init: no accel jerk detected
[0m[33m[init]: disparity is 0.094,0.343 (10.00 thresh)
[0m[33m[init]: failed static init: no accel jerk detected
[0m[33m[init]: disparity is 0.092,0.343 (10.00 thresh)
[0m[33m[init]: failed static init: no accel jerk detected
[0m[33m[init]: disparity is 0.124,0.374 (10.00 thresh)
[0m[33m[init]: failed static init: no accel jerk detected
[0m[33m[init]: disparity is 0.114,0.442 (10.00 thresh)
[0m[33m[init]: failed static init: no accel jerk detected
[0m[33m[init]: disparity is 0.153,0.493 (10.00 thresh)
[0m[33m[init]: failed static init: no accel jerk detected
[0m[33m[init]: disparity is 0.133,0.610 (10.00 thresh)
[0m[33m[init]: failed static init: no accel jerk detected
[0m[33m[init]: disparity is 0.146,0.688 (10.00 thresh)
[0m[33m[init]: failed static init: no accel jerk detected
[0m[33m[init]: disparity is 0.130,0.910 (10.00 thresh)
[0m[33m[init]: failed static init: no accel jerk detected
[0m[33m[init]: disparity is 0.206,1.283 (10.00 thresh)
[0m[33m[init]: failed static init: no accel jerk detected
[0m[33m[init]: disparity is 0.203,1.463 (10.00 thresh)
[0m[33m[init]: failed static init: no accel jerk detected
[0m[33m[init]: disparity is 0.201,1.620 (10.00 thresh)
[0m[33m[init]: failed static init: no accel jerk detected
[0m[33m[init]: disparity is 0.234,1.949 (10.00 thresh)
[0m[33m[init]: failed static init: no accel jerk detected
[0m[33m[init]: disparity is 0.186,2.401 (10.00 thresh)
[0m[33m[init]: failed static init: no accel jerk detected
[0m[33m[init]: disparity is 0.233,2.917 (10.00 thresh)
[0m[33m[init]: failed static init: no accel jerk detected
[0m[33m[init]: disparity is 0.206,3.365 (10.00 thresh)
[0m[33m[init]: failed static init: no accel jerk detected
[0m[33m[init]: disparity is 0.198,3.621 (10.00 thresh)
[0m[33m[init]: failed static init: no accel jerk detected
[0m[33m[init]: disparity is 0.191,4.341 (10.00 thresh)
[0m[33m[init]: failed static init: no accel jerk detected
[0m[33m[init]: disparity is 0.161,4.627 (10.00 thresh)
[0m[33m[init]: failed static init: no accel jerk detected
[0m[33m[init]: disparity is 0.124,5.395 (10.00 thresh)
[0m[33m[init]: failed static init: no accel jerk detected
[0m[33m[init]: disparity is 0.159,6.253 (10.00 thresh)
[0m[33m[init]: failed static init: no accel jerk detected
[0m[33m[init]: disparity is 0.327,8.875 (10.00 thresh)
[0m[33m[init]: failed static init: no accel jerk detected
[0m[33m[init]: disparity is 0.333,8.371 (10.00 thresh)
[0m[33m[init]: failed static init: no accel jerk detected
[0m[33m[init]: disparity is 0.318,11.597 (10.00 thresh)
[0m[32m[init]: successful initialization in 0.0009 seconds
[0m[32m[init]: orientation = -0.7982, 0.0034, -0.6024, 0.0045
[0m[32m[init]: bias gyro = -0.0018, 0.0226, 0.0820
[0m[32m[init]: velocity = 0.0000, 0.0000, 0.0000
[0m[32m[init]: bias accel = -0.0195, 0.0002, 0.0056
[0m[32m[init]: position = 0.0000, 0.0000, 0.0000
[0mq_GtoI = 0.810,-0.001,0.586,0.011 | p_IinG = 0.011,-0.001,0.025 | dist = 0.00 (meters)
bg = -0.0020,0.0231,0.0827 | ba = -0.0200,0.0004,0.0054
camera-imu timeoffset = -0.00085
cam0 intrinsics = 458.653,457.288,367.211,248.349 | -0.283,0.074,0.000,-0.000
cam1 intrinsics = 457.587,456.143,380.003,255.264 | -0.284,0.075,0.000,-0.000
cam0 extrinsics = -0.008,0.010,0.702,0.712 | 0.065,-0.022,-0.008
cam1 extrinsics = -0.002,0.015,0.702,0.712 | -0.045,-0.020,-0.009
q_GtoI = 0.810,-0.006,0.586,0.015 | p_IinG = 0.001,0.010,0.036 | dist = 0.01 (meters)
bg = 0.0050,0.0164,0.0802 | ba = -0.0202,0.0005,0.0052
camera-imu timeoffset = -0.00028
cam0 intrinsics = 458.764,456.893,367.125,248.366 | -0.284,0.074,0.002,-0.001
cam1 intrinsics = 457.534,456.474,379.998,255.163 | -0.285,0.073,-0.000,-0.003
cam0 extrinsics = -0.007,0.012,0.702,0.712 | 0.067,-0.023,-0.013
cam1 extrinsics = -0.003,0.014,0.702,0.712 | -0.046,-0.018,-0.003
q_GtoI = 0.809,-0.004,0.587,0.018 | p_IinG = 0.001,0.010,0.050 | dist = 0.03 (meters)
bg = 0.0045,0.0159,0.0811 | ba = -0.0191,0.0005,0.0048
camera-imu timeoffset = -0.00025
cam0 intrinsics = 458.775,456.884,367.206,248.304 | -0.284,0.074,0.002,-0.000
cam1 intrinsics = 457.558,456.476,379.942,255.230 | -0.285,0.072,0.000,-0.003
cam0 extrinsics = -0.007,0.011,0.702,0.712 | 0.065,-0.022,-0.013
cam1 extrinsics = -0.004,0.014,0.702,0.712 | -0.044,-0.018,-0.004
q_GtoI = 0.809,-0.004,0.587,0.019 | p_IinG = -0.000,0.010,0.069 | dist = 0.04 (meters)
bg = 0.0043,0.0159,0.0820 | ba = -0.0195,0.0004,0.0048
camera-imu timeoffset = -0.00026
cam0 intrinsics = 458.759,456.828,367.262,248.238 | -0.284,0.074,0.002,-0.000
cam1 intrinsics = 457.593,456.531,379.897,255.304 | -0.285,0.072,0.001,-0.003
cam0 extrinsics = -0.006,0.011,0.702,0.712 | 0.064,-0.022,-0.013
cam1 extrinsics = -0.004,0.014,0.702,0.712 | -0.043,-0.019,-0.004
q_GtoI = 0.811,-0.004,0.584,0.021 | p_IinG = -0.001,0.011,0.091 | dist = 0.07 (meters)
bg = 0.0042,0.0167,0.0835 | ba = -0.0209,0.0003,0.0052
camera-imu timeoffset = -0.00020
cam0 intrinsics = 458.743,456.757,367.306,248.172 | -0.284,0.074,0.002,0.000
cam1 intrinsics = 457.620,456.608,379.861,255.382 | -0.286,0.071,0.001,-0.003
cam0 extrinsics = -0.006,0.011,0.702,0.712 | 0.064,-0.022,-0.013
cam1 extrinsics = -0.004,0.014,0.702,0.712 | -0.042,-0.018,-0.003
q_GtoI = 0.813,-0.004,0.582,0.022 | p_IinG = -0.003,0.013,0.115 | dist = 0.09 (meters)
bg = 0.0039,0.0176,0.0841 | ba = -0.0224,0.0002,0.0056
camera-imu timeoffset = -0.00026
cam0 intrinsics = 458.689,456.708,367.341,248.109 | -0.284,0.074,0.002,0.000
cam1 intrinsics = 457.671,456.664,379.829,255.460 | -0.286,0.071,0.001,-0.003
cam0 extrinsics = -0.006,0.011,0.702,0.712 | 0.063,-0.022,-0.013
cam1 extrinsics = -0.004,0.014,0.702,0.712 | -0.042,-0.018,-0.003
q_GtoI = 0.817,-0.004,0.576,0.023 | p_IinG = -0.004,0.016,0.141 | dist = 0.11 (meters)
bg = 0.0040,0.0195,0.0840 | ba = -0.0243,0.0000,0.0062
camera-imu timeoffset = -0.00055
cam0 intrinsics = 458.605,456.683,367.349,248.040 | -0.284,0.074,0.002,0.001
cam1 intrinsics = 457.751,456.687,379.813,255.545 | -0.287,0.071,0.001,-0.002
cam0 extrinsics = -0.006,0.012,0.702,0.712 | 0.063,-0.021,-0.012
cam1 extrinsics = -0.004,0.014,0.702,0.712 | -0.042,-0.018,-0.003
q_GtoI = 0.821,-0.005,0.571,0.024 | p_IinG = -0.005,0.021,0.165 | dist = 0.13 (meters)
bg = 0.0042,0.0211,0.0838 | ba = -0.0267,-0.0000,0.0069
camera-imu timeoffset = -0.00050
cam0 intrinsics = 458.525,456.672,367.361,247.976 | -0.284,0.074,0.001,0.001
cam1 intrinsics = 457.818,456.698,379.793,255.631 | -0.287,0.071,0.001,-0.002
cam0 extrinsics = -0.006,0.012,0.702,0.712 | 0.064,-0.021,-0.011
cam1 extrinsics = -0.004,0.014,0.702,0.712 | -0.042,-0.018,-0.002
q_GtoI = 0.825,-0.005,0.564,0.023 | p_IinG = -0.006,0.022,0.197 | dist = 0.15 (meters)
bg = 0.0039,0.0243,0.0862 | ba = -0.0342,-0.0004,0.0093
camera-imu timeoffset = -0.00070
cam0 intrinsics = 458.855,456.631,367.308,248.248 | -0.283,0.076,-0.001,0.003
cam1 intrinsics = 457.494,456.695,379.823,255.263 | -0.288,0.070,0.000,-0.001
cam0 extrinsics = -0.006,0.011,0.702,0.712 | 0.061,-0.019,-0.003
cam1 extrinsics = -0.004,0.015,0.702,0.712 | -0.039,-0.019,-0.008
q_GtoI = 0.829,-0.006,0.560,0.021 | p_IinG = -0.013,0.024,0.220 | dist = 0.17 (meters)
bg = 0.0017,0.0266,0.0833 | ba = -0.0363,-0.0001,0.0108
camera-imu timeoffset = -0.00071
cam0 intrinsics = 458.775,456.731,367.326,248.184 | -0.282,0.076,-0.002,0.001
cam1 intrinsics = 457.684,456.556,379.863,255.285 | -0.289,0.070,0.000,-0.003
cam0 extrinsics = -0.006,0.011,0.702,0.712 | 0.060,-0.020,-0.002
cam1 extrinsics = -0.004,0.015,0.702,0.712 | -0.037,-0.021,-0.009
q_GtoI = 0.831,-0.005,0.556,0.022 | p_IinG = -0.010,0.030,0.239 | dist = 0.19 (meters)
bg = 0.0011,0.0261,0.0818 | ba = -0.0376,-0.0002,0.0113
camera-imu timeoffset = -0.00055
cam0 intrinsics = 458.823,456.765,367.299,248.108 | -0.282,0.076,-0.003,0.001
cam1 intrinsics = 457.559,456.502,379.954,255.392 | -0.290,0.071,-0.001,-0.003
cam0 extrinsics = -0.006,0.011,0.702,0.712 | 0.061,-0.019,-0.001
cam1 extrinsics = -0.003,0.015,0.702,0.712 | -0.039,-0.021,-0.009
q_GtoI = 0.833,-0.006,0.553,0.021 | p_IinG = -0.006,0.035,0.254 | dist = 0.21 (meters)
bg = 0.0006,0.0260,0.0808 | ba = -0.0386,0.0001,0.0123
camera-imu timeoffset = -0.00058
cam0 intrinsics = 458.780,456.778,367.412,247.960 | -0.281,0.074,-0.004,0.001
cam1 intrinsics = 457.651,456.534,379.948,255.417 | -0.291,0.071,-0.002,-0.003
cam0 extrinsics = -0.006,0.011,0.702,0.712 | 0.062,-0.019,-0.001
cam1 extrinsics = -0.003,0.014,0.702,0.712 | -0.039,-0.022,-0.010
q_GtoI = 0.834,-0.007,0.551,0.021 | p_IinG = -0.000,0.041,0.269 | dist = 0.22 (meters)
bg = 0.0004,0.0268,0.0803 | ba = -0.0406,0.0000,0.0140
camera-imu timeoffset = -0.00069
cam0 intrinsics = 458.739,456.774,367.423,247.915 | -0.281,0.075,-0.004,0.001
cam1 intrinsics = 457.655,456.464,379.948,255.448 | -0.291,0.071,-0.002,-0.003
cam0 extrinsics = -0.006,0.011,0.702,0.712 | 0.063,-0.020,0.000
cam1 extrinsics = -0.003,0.014,0.702,0.712 | -0.038,-0.023,-0.010
q_GtoI = 0.832,-0.006,0.554,0.018 | p_IinG = 0.007,0.042,0.270 | dist = 0.24 (meters)
bg = -0.0021,0.0212,0.0808 | ba = -0.0405,-0.0011,0.0144
camera-imu timeoffset = -0.00019
cam0 intrinsics = 459.687,456.765,366.477,247.638 | -0.278,0.070,-0.005,0.002
cam1 intrinsics = 457.061,456.825,380.344,255.366 | -0.288,0.069,-0.005,-0.002
cam0 extrinsics = -0.006,0.010,0.701,0.713 | 0.065,-0.022,0.001
cam1 extrinsics = -0.004,0.015,0.702,0.712 | -0.038,-0.024,-0.010
q_GtoI = 0.830,-0.005,0.557,0.019 | p_IinG = 0.017,0.050,0.285 | dist = 0.26 (meters)
bg = -0.0020,0.0221,0.0810 | ba = -0.0425,-0.0009,0.0154
camera-imu timeoffset = -0.00021
cam0 intrinsics = 459.765,456.836,366.358,247.523 | -0.278,0.070,-0.004,0.002
cam1 intrinsics = 457.077,456.805,380.397,255.384 | -0.287,0.069,-0.005,-0.002
cam0 extrinsics = -0.006,0.010,0.701,0.713 | 0.065,-0.023,0.001
cam1 extrinsics = -0.004,0.015,0.702,0.712 | -0.039,-0.025,-0.011
q_GtoI = 0.828,-0.005,0.561,0.019 | p_IinG = 0.028,0.058,0.300 | dist = 0.28 (meters)
bg = -0.0018,0.0229,0.0810 | ba = -0.0434,-0.0005,0.0161
camera-imu timeoffset = -0.00028
cam0 intrinsics = 459.841,456.904,366.247,247.400 | -0.277,0.069,-0.004,0.002
cam1 intrinsics = 457.109,456.788,380.441,255.403 | -0.287,0.068,-0.004,-0.001
cam0 extrinsics = -0.006,0.010,0.701,0.713 | 0.065,-0.023,0.000
cam1 extrinsics = -0.004,0.015,0.702,0.712 | -0.039,-0.026,-0.013
q_GtoI = 0.825,-0.004,0.565,0.019 | p_IinG = 0.041,0.068,0.315 | dist = 0.30 (meters)
bg = -0.0014,0.0233,0.0811 | ba = -0.0433,-0.0002,0.0161
camera-imu timeoffset = -0.00038
cam0 intrinsics = 459.909,456.987,366.166,247.261 | -0.276,0.069,-0.003,0.003
cam1 intrinsics = 457.142,456.761,380.474,255.456 | -0.287,0.068,-0.003,-0.001
cam0 extrinsics = -0.006,0.010,0.701,0.713 | 0.065,-0.024,0.001
cam1 extrinsics = -0.004,0.014,0.702,0.712 | -0.039,-0.027,-0.013
q_GtoI = 0.822,-0.003,0.569,0.019 | p_IinG = 0.054,0.076,0.331 | dist = 0.32 (meters)
bg = -0.0013,0.0236,0.0812 | ba = -0.0419,0.0004,0.0157
camera-imu timeoffset = 0.00017
cam0 intrinsics = 459.966,456.986,366.063,247.181 | -0.276,0.068,-0.003,0.002
cam1 intrinsics = 457.194,456.731,380.461,255.515 | -0.286,0.067,-0.003,-0.001
cam0 extrinsics = -0.006,0.010,0.701,0.713 | 0.065,-0.024,0.003
cam1 extrinsics = -0.004,0.015,0.702,0.712 | -0.039,-0.027,-0.011
q_GtoI = 0.821,-0.003,0.571,0.019 | p_IinG = 0.068,0.086,0.346 | dist = 0.34 (meters)
bg = -0.0012,0.0235,0.0813 | ba = -0.0407,0.0008,0.0151
camera-imu timeoffset = 0.00014
cam0 intrinsics = 459.969,456.978,366.030,247.119 | -0.275,0.067,-0.003,0.002
cam1 intrinsics = 457.235,456.778,380.474,255.537 | -0.286,0.067,-0.003,-0.001
cam0 extrinsics = -0.005,0.010,0.701,0.713 | 0.065,-0.024,0.003
cam1 extrinsics = -0.004,0.015,0.702,0.712 | -0.039,-0.027,-0.010
q_GtoI = 0.821,-0.001,0.571,0.020 | p_IinG = 0.083,0.097,0.367 | dist = 0.37 (meters)
bg = -0.0017,0.0234,0.0808 | ba = -0.0430,0.0009,0.0162
camera-imu timeoffset = 0.00012
cam0 intrinsics = 459.944,456.886,365.932,246.982 | -0.273,0.066,-0.003,0.001
cam1 intrinsics = 457.430,456.969,380.395,255.539 | -0.285,0.067,-0.003,-0.002
cam0 extrinsics = -0.005,0.010,0.701,0.713 | 0.066,-0.023,0.003
cam1 extrinsics = -0.004,0.014,0.702,0.712 | -0.040,-0.026,-0.009
q_GtoI = 0.821,-0.001,0.571,0.019 | p_IinG = 0.098,0.108,0.384 | dist = 0.39 (meters)
bg = -0.0017,0.0235,0.0807 | ba = -0.0413,0.0014,0.0151
camera-imu timeoffset = 0.00018
cam0 intrinsics = 459.921,456.896,365.888,246.957 | -0.272,0.065,-0.002,0.001
cam1 intrinsics = 457.507,457.023,380.375,255.538 | -0.284,0.067,-0.003,-0.002
cam0 extrinsics = -0.005,0.010,0.701,0.713 | 0.066,-0.023,0.003
cam1 extrinsics = -0.004,0.014,0.702,0.712 | -0.040,-0.027,-0.008
q_GtoI = 0.822,-0.000,0.569,0.019 | p_IinG = 0.114,0.120,0.399 | dist = 0.42 (meters)
bg = -0.0018,0.0234,0.0806 | ba = -0.0398,0.0017,0.0142
camera-imu timeoffset = 0.00019
cam0 intrinsics = 459.903,456.901,365.878,246.922 | -0.271,0.065,-0.003,0.001
cam1 intrinsics = 457.548,457.116,380.368,255.588 | -0.284,0.066,-0.003,-0.002
cam0 extrinsics = -0.005,0.010,0.701,0.713 | 0.066,-0.023,0.002
cam1 extrinsics = -0.004,0.014,0.702,0.712 | -0.040,-0.027,-0.009
q_GtoI = 0.823,0.000,0.568,0.019 | p_IinG = 0.130,0.133,0.415 | dist = 0.44 (meters)
bg = -0.0017,0.0233,0.0806 | ba = -0.0381,0.0021,0.0136
camera-imu timeoffset = 0.00019
cam0 intrinsics = 459.890,456.886,365.875,246.894 | -0.271,0.065,-0.002,0.001
cam1 intrinsics = 457.611,457.189,380.308,255.590 | -0.283,0.066,-0.003,-0.003
cam0 extrinsics = -0.005,0.010,0.701,0.713 | 0.066,-0.024,0.001
cam1 extrinsics = -0.004,0.014,0.702,0.712 | -0.041,-0.028,-0.009
q_GtoI = 0.824,-0.001,0.566,0.017 | p_IinG = 0.147,0.146,0.430 | dist = 0.47 (meters)
bg = -0.0016,0.0232,0.0806 | ba = -0.0369,0.0022,0.0130
camera-imu timeoffset = 0.00016
cam0 intrinsics = 459.878,456.878,365.868,246.877 | -0.270,0.064,-0.002,0.001
cam1 intrinsics = 457.683,457.261,380.256,255.609 | -0.283,0.066,-0.003,-0.003
cam0 extrinsics = -0.005,0.010,0.701,0.713 | 0.065,-0.024,0.000
cam1 extrinsics = -0.004,0.014,0.702,0.712 | -0.041,-0.028,-0.009
q_GtoI = 0.825,-0.003,0.564,0.015 | p_IinG = 0.165,0.160,0.443 | dist = 0.50 (meters)
bg = -0.0017,0.0231,0.0805 | ba = -0.0363,0.0022,0.0125
camera-imu timeoffset = 0.00016
cam0 intrinsics = 459.850,456.850,365.881,246.878 | -0.270,0.064,-0.002,0.000
cam1 intrinsics = 457.758,457.355,380.212,255.619 | -0.282,0.065,-0.003,-0.003
cam0 extrinsics = -0.005,0.011,0.701,0.713 | 0.065,-0.023,-0.001
cam1 extrinsics = -0.004,0.014,0.702,0.712 | -0.041,-0.028,-0.008
q_GtoI = 0.826,-0.004,0.563,0.012 | p_IinG = 0.187,0.175,0.454 | dist = 0.52 (meters)
bg = -0.0016,0.0232,0.0804 | ba = -0.0365,0.0020,0.0127
camera-imu timeoffset = 0.00008
cam0 intrinsics = 459.350,456.440,365.446,246.915 | -0.270,0.064,-0.002,0.000
cam1 intrinsics = 458.379,457.937,380.563,255.383 | -0.282,0.065,-0.003,-0.003
cam0 extrinsics = -0.005,0.010,0.701,0.713 | 0.068,-0.023,-0.004
cam1 extrinsics = -0.004,0.014,0.702,0.712 | -0.043,-0.027,-0.004
q_GtoI = 0.826,-0.005,0.563,0.010 | p_IinG = 0.207,0.189,0.458 | dist = 0.55 (meters)
bg = -0.0015,0.0234,0.0805 | ba = -0.0351,0.0016,0.0118
camera-imu timeoffset = 0.00009
cam0 intrinsics = 459.274,456.525,365.715,247.096 | -0.270,0.064,-0.002,0.000
cam1 intrinsics = 458.509,457.967,380.234,255.251 | -0.281,0.065,-0.003,-0.003
cam0 extrinsics = -0.006,0.010,0.701,0.713 | 0.067,-0.022,-0.005
cam1 extrinsics = -0.004,0.014,0.702,0.712 | -0.043,-0.026,-0.004
q_GtoI = 0.824,-0.005,0.566,0.009 | p_IinG = 0.228,0.203,0.459 | dist = 0.58 (meters)
bg = -0.0017,0.0235,0.0806 | ba = -0.0344,0.0012,0.0117
camera-imu timeoffset = 0.00009
cam0 intrinsics = 459.210,456.510,365.708,247.131 | -0.269,0.064,-0.002,0.000
cam1 intrinsics = 458.602,458.066,380.215,255.228 | -0.281,0.065,-0.003,-0.003
cam0 extrinsics = -0.006,0.010,0.701,0.713 | 0.067,-0.022,-0.005
cam1 extrinsics = -0.004,0.014,0.702,0.712 | -0.043,-0.025,-0.003
q_GtoI = 0.822,-0.007,0.570,0.006 | p_IinG = 0.251,0.217,0.458 | dist = 0.60 (meters)
bg = -0.0015,0.0234,0.0806 | ba = -0.0333,0.0008,0.0106
camera-imu timeoffset = 0.00012
cam0 intrinsics = 459.148,456.484,365.790,247.116 | -0.268,0.063,-0.002,0.000
cam1 intrinsics = 458.706,458.195,380.152,255.209 | -0.280,0.065,-0.003,-0.003
cam0 extrinsics = -0.006,0.010,0.701,0.713 | 0.068,-0.021,-0.006
cam1 extrinsics = -0.003,0.014,0.702,0.712 | -0.044,-0.025,-0.003
q_GtoI = 0.818,-0.009,0.575,0.003 | p_IinG = 0.275,0.232,0.461 | dist = 0.63 (meters)
bg = -0.0016,0.0237,0.0808 | ba = -0.0338,0.0005,0.0106
camera-imu timeoffset = 0.00010
cam0 intrinsics = 459.000,456.413,366.041,247.172 | -0.267,0.062,-0.002,0.001
cam1 intrinsics = 458.859,458.401,380.104,255.127 | -0.280,0.065,-0.002,-0.002
cam0 extrinsics = -0.006,0.010,0.701,0.713 | 0.068,-0.022,-0.006
cam1 extrinsics = -0.003,0.014,0.702,0.712 | -0.044,-0.025,-0.001
q_GtoI = -0.816,0.011,-0.578,0.000 | p_IinG = 0.299,0.246,0.463 | dist = 0.66 (meters)
bg = -0.0016,0.0239,0.0806 | ba = -0.0339,0.0004,0.0112
camera-imu timeoffset = 0.00014
cam0 intrinsics = 459.202,456.524,366.115,247.111 | -0.268,0.063,-0.002,0.001
cam1 intrinsics = 458.751,458.363,379.949,255.160 | -0.279,0.064,-0.002,-0.002
cam0 extrinsics = -0.006,0.011,0.701,0.713 | 0.069,-0.022,-0.007
cam1 extrinsics = -0.003,0.014,0.702,0.712 | -0.045,-0.025,-0.001
q_GtoI = -0.813,0.013,-0.582,0.004 | p_IinG = 0.324,0.259,0.468 | dist = 0.68 (meters)
bg = -0.0016,0.0242,0.0807 | ba = -0.0345,0.0004,0.0119
camera-imu timeoffset = 0.00012
cam0 intrinsics = 459.228,456.539,366.020,247.054 | -0.268,0.063,-0.001,0.001
cam1 intrinsics = 458.822,458.400,379.959,255.123 | -0.279,0.064,-0.002,-0.002
cam0 extrinsics = -0.006,0.011,0.701,0.713 | 0.069,-0.022,-0.006
cam1 extrinsics = -0.003,0.014,0.702,0.712 | -0.045,-0.025,-0.000
q_GtoI = -0.812,0.015,-0.584,0.007 | p_IinG = 0.348,0.272,0.471 | dist = 0.71 (meters)
bg = -0.0016,0.0244,0.0807 | ba = -0.0341,0.0005,0.0113
camera-imu timeoffset = 0.00014
cam0 intrinsics = 459.331,456.591,365.961,247.023 | -0.268,0.064,-0.001,0.001
cam1 intrinsics = 458.845,458.349,379.974,255.124 | -0.278,0.064,-0.002,-0.002
cam0 extrinsics = -0.006,0.011,0.701,0.713 | 0.069,-0.022,-0.006
cam1 extrinsics = -0.003,0.014,0.702,0.712 | -0.046,-0.025,-0.000
q_GtoI = -0.811,0.015,-0.585,0.008 | p_IinG = 0.372,0.284,0.477 | dist = 0.74 (meters)
bg = -0.0017,0.0247,0.0807 | ba = -0.0341,0.0006,0.0112
camera-imu timeoffset = 0.00012
cam0 intrinsics = 459.350,456.591,365.923,247.000 | -0.268,0.064,-0.001,0.001
cam1 intrinsics = 458.911,458.381,380.044,255.125 | -0.278,0.064,-0.002,-0.002
cam0 extrinsics = -0.006,0.011,0.701,0.713 | 0.069,-0.022,-0.006
cam1 extrinsics = -0.003,0.014,0.702,0.712 | -0.046,-0.025,0.001
q_GtoI = -0.809,0.016,-0.587,0.010 | p_IinG = 0.396,0.295,0.481 | dist = 0.76 (meters)
bg = -0.0016,0.0249,0.0807 | ba = -0.0346,0.0008,0.0117
camera-imu timeoffset = 0.00012
cam0 intrinsics = 459.468,456.605,365.810,247.014 | -0.269,0.064,-0.001,0.001
cam1 intrinsics = 458.909,458.284,380.092,255.084 | -0.277,0.064,-0.002,-0.002
cam0 extrinsics = -0.006,0.011,0.701,0.713 | 0.069,-0.021,-0.006
cam1 extrinsics = -0.003,0.014,0.702,0.712 | -0.046,-0.024,0.001
q_GtoI = -0.809,0.017,-0.588,0.011 | p_IinG = 0.420,0.306,0.488 | dist = 0.79 (meters)
bg = -0.0017,0.0251,0.0808 | ba = -0.0349,0.0011,0.0117
camera-imu timeoffset = 0.00015
cam0 intrinsics = 459.497,456.624,365.754,246.985 | -0.269,0.064,-0.001,0.001
cam1 intrinsics = 458.936,458.283,380.126,255.066 | -0.277,0.064,-0.002,-0.002
cam0 extrinsics = -0.006,0.011,0.701,0.713 | 0.069,-0.021,-0.005
cam1 extrinsics = -0.003,0.014,0.702,0.712 | -0.047,-0.024,0.002
q_GtoI = -0.808,0.016,-0.589,0.010 | p_IinG = 0.444,0.316,0.495 | dist = 0.81 (meters)
bg = -0.0016,0.0253,0.0809 | ba = -0.0354,0.0013,0.0119
camera-imu timeoffset = 0.00016
cam0 intrinsics = 459.511,456.656,365.689,246.959 | -0.269,0.064,-0.001,0.001
cam1 intrinsics = 458.951,458.275,380.178,255.050 | -0.277,0.064,-0.001,-0.002
cam0 extrinsics = -0.006,0.011,0.701,0.713 | 0.069,-0.021,-0.005
cam1 extrinsics = -0.003,0.014,0.702,0.712 | -0.047,-0.024,0.002
q_GtoI = -0.805,0.014,-0.592,0.007 | p_IinG = 0.465,0.323,0.501 | dist = 0.84 (meters)
bg = -0.0017,0.0254,0.0808 | ba = -0.0360,0.0017,0.0118
camera-imu timeoffset = 0.00016
cam0 intrinsics = 459.463,456.712,365.855,247.076 | -0.268,0.064,-0.001,0.001
cam1 intrinsics = 458.954,458.322,380.313,255.061 | -0.277,0.064,-0.001,-0.002
cam0 extrinsics = -0.006,0.011,0.702,0.713 | 0.069,-0.020,-0.004
cam1 extrinsics = -0.003,0.014,0.702,0.712 | -0.047,-0.023,0.003
q_GtoI = -0.798,0.012,-0.603,0.005 | p_IinG = 0.487,0.331,0.509 | dist = 0.86 (meters)
bg = -0.0016,0.0253,0.0809 | ba = -0.0364,0.0022,0.0118
camera-imu timeoffset = 0.00016
cam0 intrinsics = 459.429,456.706,365.881,247.037 | -0.268,0.064,-0.001,0.001
cam1 intrinsics = 458.942,458.322,380.417,255.068 | -0.276,0.064,-0.001,-0.002
cam0 extrinsics = -0.006,0.011,0.702,0.712 | 0.068,-0.019,-0.004
cam1 extrinsics = -0.003,0.014,0.702,0.712 | -0.048,-0.022,0.003
q_GtoI = -0.787,0.010,-0.617,0.002 | p_IinG = 0.507,0.337,0.519 | dist = 0.89 (meters)
bg = -0.0017,0.0254,0.0809 | ba = -0.0362,0.0028,0.0120
camera-imu timeoffset = 0.00005
cam0 intrinsics = 459.372,456.679,365.883,247.008 | -0.267,0.064,-0.001,0.001
cam1 intrinsics = 458.924,458.264,380.465,255.086 | -0.276,0.064,-0.001,-0.002
cam0 extrinsics = -0.006,0.011,0.702,0.712 | 0.068,-0.019,-0.004
cam1 extrinsics = -0.003,0.014,0.702,0.712 | -0.048,-0.021,0.004
q_GtoI = 0.771,-0.008,0.636,0.001 | p_IinG = 0.523,0.343,0.529 | dist = 0.91 (meters)
bg = -0.0017,0.0253,0.0811 | ba = -0.0365,0.0026,0.0123
camera-imu timeoffset = 0.00007
cam0 intrinsics = 459.331,456.742,365.846,247.023 | -0.267,0.063,-0.001,0.001
cam1 intrinsics = 458.865,458.230,380.577,255.133 | -0.276,0.063,-0.001,-0.002
cam0 extrinsics = -0.005,0.010,0.702,0.712 | 0.068,-0.017,-0.004
cam1 extrinsics = -0.003,0.014,0.702,0.712 | -0.048,-0.020,0.003
q_GtoI = 0.755,-0.007,0.656,0.001 | p_IinG = 0.537,0.349,0.540 | dist = 0.93 (meters)
bg = -0.0017,0.0253,0.0811 | ba = -0.0355,0.0023,0.0125
camera-imu timeoffset = 0.00005
cam0 intrinsics = 459.345,456.676,365.776,247.009 | -0.267,0.064,-0.001,0.001
cam1 intrinsics = 458.826,458.069,380.678,255.154 | -0.276,0.063,-0.001,-0.002
cam0 extrinsics = -0.005,0.010,0.702,0.712 | 0.068,-0.016,-0.002
cam1 extrinsics = -0.003,0.014,0.702,0.712 | -0.048,-0.019,0.005
q_GtoI = 0.740,-0.005,0.673,0.004 | p_IinG = 0.543,0.354,0.550 | dist = 0.94 (meters)
bg = -0.0016,0.0252,0.0811 | ba = -0.0355,0.0028,0.0131
camera-imu timeoffset = 0.00001
cam0 intrinsics = 459.361,456.748,365.698,247.027 | -0.268,0.064,-0.001,0.001
cam1 intrinsics = 458.860,458.090,380.736,255.201 | -0.276,0.064,-0.002,-0.002
cam0 extrinsics = -0.005,0.010,0.702,0.712 | 0.068,-0.013,-0.003
cam1 extrinsics = -0.003,0.014,0.702,0.712 | -0.048,-0.016,0.004
q_GtoI = 0.732,-0.004,0.682,0.005 | p_IinG = 0.545,0.359,0.562 | dist = 0.96 (meters)
bg = -0.0016,0.0251,0.0810 | ba = -0.0362,0.0031,0.0132
camera-imu timeoffset = -0.00004
cam0 intrinsics = 459.342,456.838,365.705,246.998 | -0.268,0.064,-0.001,0.001
cam1 intrinsics = 458.789,458.101,380.740,255.242 | -0.276,0.064,-0.001,-0.002
cam0 extrinsics = -0.005,0.010,0.702,0.713 | 0.067,-0.013,-0.004
cam1 extrinsics = -0.003,0.014,0.702,0.712 | -0.048,-0.015,0.003
q_GtoI = 0.736,-0.003,0.677,0.008 | p_IinG = 0.539,0.363,0.570 | dist = 0.97 (meters)
bg = -0.0016,0.0250,0.0811 | ba = -0.0353,0.0029,0.0143
camera-imu timeoffset = -0.00008
cam0 intrinsics = 459.406,456.856,365.713,247.007 | -0.268,0.064,-0.001,0.001
cam1 intrinsics = 458.837,458.065,380.763,255.305 | -0.276,0.064,-0.001,-0.002
cam0 extrinsics = -0.005,0.010,0.701,0.713 | 0.068,-0.012,-0.003
cam1 extrinsics = -0.003,0.014,0.702,0.712 | -0.047,-0.014,0.005
q_GtoI = 0.750,-0.003,0.661,0.008 | p_IinG = 0.528,0.367,0.577 | dist = 0.98 (meters)
bg = -0.0018,0.0250,0.0812 | ba = -0.0353,0.0027,0.0148
camera-imu timeoffset = -0.00007
cam0 intrinsics = 459.430,456.905,365.739,246.963 | -0.268,0.064,-0.001,0.001
cam1 intrinsics = 458.766,458.016,380.747,255.361 | -0.276,0.064,-0.001,-0.002
cam0 extrinsics = -0.005,0.010,0.701,0.713 | 0.068,-0.012,-0.003
cam1 extrinsics = -0.003,0.014,0.702,0.712 | -0.047,-0.014,0.004
q_GtoI = 0.769,-0.003,0.639,0.008 | p_IinG = 0.512,0.372,0.584 | dist = 1.00 (meters)
bg = -0.0022,0.0250,0.0812 | ba = -0.0341,0.0025,0.0154
camera-imu timeoffset = -0.00006
cam0 intrinsics = 459.543,456.997,365.808,246.928 | -0.269,0.065,-0.000,0.001
cam1 intrinsics = 458.653,457.899,380.681,255.370 | -0.275,0.064,-0.001,-0.002
cam0 extrinsics = -0.005,0.010,0.701,0.713 | 0.067,-0.012,-0.004
cam1 extrinsics = -0.003,0.014,0.702,0.712 | -0.047,-0.014,0.002
q_GtoI = 0.790,-0.004,0.613,0.008 | p_IinG = 0.489,0.378,0.593 | dist = 1.02 (meters)
bg = -0.0025,0.0250,0.0810 | ba = -0.0358,0.0042,0.0135
camera-imu timeoffset = -0.00011
cam0 intrinsics = 459.288,457.157,365.491,246.666 | -0.267,0.063,0.000,0.000
cam1 intrinsics = 458.469,458.264,380.627,254.877 | -0.273,0.062,-0.000,-0.002
cam0 extrinsics = -0.005,0.010,0.701,0.713 | 0.067,-0.016,-0.004
cam1 extrinsics = -0.003,0.014,0.702,0.712 | -0.048,-0.018,0.003
q_GtoI = 0.811,-0.005,0.585,0.009 | p_IinG = 0.466,0.384,0.601 | dist = 1.05 (meters)
bg = -0.0027,0.0251,0.0809 | ba = -0.0361,0.0042,0.0141
camera-imu timeoffset = -0.00008
cam0 intrinsics = 459.245,457.274,365.458,246.626 | -0.267,0.063,0.000,0.000
cam1 intrinsics = 458.420,458.376,380.666,254.822 | -0.274,0.062,-0.000,-0.002
cam0 extrinsics = -0.005,0.010,0.701,0.713 | 0.067,-0.017,-0.005
cam1 extrinsics = -0.003,0.014,0.702,0.713 | -0.048,-0.020,0.003
q_GtoI = 0.829,-0.006,0.559,0.008 | p_IinG = 0.445,0.390,0.608 | dist = 1.07 (meters)
bg = -0.0029,0.0245,0.0805 | ba = -0.0342,0.0034,0.0140
camera-imu timeoffset = -0.00009
cam0 intrinsics = 459.336,457.314,365.478,246.519 | -0.268,0.063,0.000,0.001
cam1 intrinsics = 458.278,458.258,380.615,254.710 | -0.273,0.062,-0.001,-0.002
cam0 extrinsics = -0.004,0.010,0.701,0.713 | 0.068,-0.020,-0.004
cam1 extrinsics = -0.002,0.014,0.701,0.713 | -0.048,-0.022,0.003
q_GtoI = 0.844,-0.008,0.537,0.007 | p_IinG = 0.424,0.396,0.616 | dist = 1.09 (meters)
bg = -0.0029,0.0242,0.0804 | ba = -0.0328,0.0027,0.0140
camera-imu timeoffset = -0.00012
cam0 intrinsics = 459.352,457.335,365.420,246.420 | -0.267,0.063,-0.000,0.001
cam1 intrinsics = 458.268,458.274,380.536,254.602 | -0.272,0.061,-0.001,-0.002
cam0 extrinsics = -0.004,0.010,0.701,0.713 | 0.068,-0.021,-0.005
cam1 extrinsics = -0.002,0.013,0.701,0.713 | -0.047,-0.024,0.003
q_GtoI = 0.856,-0.010,0.516,0.007 | p_IinG = 0.407,0.402,0.625 | dist = 1.12 (meters)
bg = -0.0029,0.0241,0.0802 | ba = -0.0314,0.0024,0.0143
camera-imu timeoffset = -0.00012
cam0 intrinsics = 459.469,457.296,365.302,246.411 | -0.267,0.063,-0.000,0.001
cam1 intrinsics = 458.311,458.112,380.663,254.611 | -0.272,0.061,-0.001,-0.002
cam0 extrinsics = -0.004,0.009,0.701,0.713 | 0.068,-0.021,-0.005
cam1 extrinsics = -0.002,0.013,0.701,0.713 | -0.047,-0.024,0.002
q_GtoI = 0.866,-0.013,0.499,0.005 | p_IinG = 0.394,0.408,0.634 | dist = 1.13 (meters)
bg = -0.0028,0.0240,0.0801 | ba = -0.0301,0.0020,0.0144
camera-imu timeoffset = -0.00012
cam0 intrinsics = 459.480,457.227,365.290,246.406 | -0.267,0.063,-0.000,0.001
cam1 intrinsics = 458.306,458.031,380.616,254.597 | -0.272,0.061,-0.001,-0.002
cam0 extrinsics = -0.004,0.009,0.701,0.713 | 0.068,-0.020,-0.006
cam1 extrinsics = -0.002,0.013,0.701,0.713 | -0.048,-0.023,0.001
q_GtoI = 0.875,-0.014,0.484,0.005 | p_IinG = 0.385,0.415,0.640 | dist = 1.15 (meters)
bg = -0.0027,0.0237,0.0801 | ba = -0.0291,0.0028,0.0146
camera-imu timeoffset = -0.00013
cam0 intrinsics = 459.468,457.158,365.290,246.382 | -0.267,0.063,-0.000,0.001
cam1 intrinsics = 458.276,457.958,380.553,254.550 | -0.272,0.061,-0.001,-0.002
cam0 extrinsics = -0.004,0.009,0.701,0.713 | 0.068,-0.021,-0.007
cam1 extrinsics = -0.002,0.013,0.702,0.713 | -0.048,-0.023,-0.000
q_GtoI = 0.882,-0.015,0.470,0.005 | p_IinG = 0.381,0.421,0.642 | dist = 1.15 (meters)
bg = -0.0027,0.0237,0.0799 | ba = -0.0272,0.0032,0.0142
camera-imu timeoffset = -0.00013
cam0 intrinsics = 459.486,457.163,365.295,246.438 | -0.267,0.064,-0.000,0.001
cam1 intrinsics = 458.285,457.969,380.549,254.480 | -0.272,0.061,-0.001,-0.002
cam0 extrinsics = -0.004,0.009,0.701,0.713 | 0.068,-0.022,-0.008
cam1 extrinsics = -0.001,0.013,0.702,0.713 | -0.048,-0.025,-0.001
q_GtoI = 0.887,-0.018,0.462,0.002 | p_IinG = 0.382,0.427,0.642 | dist = 1.16 (meters)
bg = -0.0026,0.0235,0.0798 | ba = -0.0259,0.0035,0.0138
camera-imu timeoffset = -0.00013
cam0 intrinsics = 459.532,457.159,365.280,246.425 | -0.267,0.064,-0.001,0.001
cam1 intrinsics = 458.299,457.919,380.527,254.452 | -0.272,0.061,-0.001,-0.002
cam0 extrinsics = -0.004,0.009,0.701,0.713 | 0.068,-0.023,-0.008
cam1 extrinsics = -0.001,0.013,0.702,0.712 | -0.048,-0.026,-0.001
q_GtoI = -0.885,0.022,-0.465,0.001 | p_IinG = 0.392,0.433,0.642 | dist = 1.17 (meters)
bg = -0.0026,0.0235,0.0798 | ba = -0.0242,0.0047,0.0126
camera-imu timeoffset = -0.00016
cam0 intrinsics = 459.550,457.132,365.285,246.483 | -0.268,0.064,-0.001,0.001
cam1 intrinsics = 458.329,457.885,380.485,254.342 | -0.272,0.061,-0.001,-0.002
cam0 extrinsics = -0.004,0.009,0.701,0.713 | 0.068,-0.025,-0.009
cam1 extrinsics = -0.001,0.013,0.702,0.712 | -0.048,-0.027,-0.001
q_GtoI = -0.877,0.023,-0.480,0.002 | p_IinG = 0.409,0.436,0.645 | dist = 1.19 (meters)
bg = -0.0028,0.0238,0.0799 | ba = -0.0250,0.0052,0.0114
camera-imu timeoffset = -0.00018
cam0 intrinsics = 459.493,457.193,365.291,246.459 | -0.268,0.064,-0.000,0.001
cam1 intrinsics = 458.318,457.998,380.394,254.290 | -0.272,0.061,-0.001,-0.002
cam0 extrinsics = -0.004,0.009,0.701,0.713 | 0.068,-0.024,-0.008
cam1 extrinsics = -0.001,0.012,0.702,0.712 | -0.048,-0.027,-0.001
q_GtoI = -0.865,0.027,-0.501,0.007 | p_IinG = 0.432,0.442,0.646 | dist = 1.21 (meters)
bg = -0.0026,0.0241,0.0802 | ba = -0.0241,0.0065,0.0105
camera-imu timeoffset = -0.00021
cam0 intrinsics = 459.523,457.175,365.238,246.487 | -0.268,0.064,-0.001,0.001
cam1 intrinsics = 458.390,458.077,380.395,254.281 | -0.272,0.061,-0.001,-0.002
cam0 extrinsics = -0.004,0.008,0.701,0.713 | 0.067,-0.025,-0.006
cam1 extrinsics = -0.001,0.012,0.702,0.712 | -0.050,-0.029,0.002
q_GtoI = -0.851,0.031,-0.525,0.011 | p_IinG = 0.461,0.445,0.646 | dist = 1.24 (meters)
bg = -0.0026,0.0244,0.0804 | ba = -0.0239,0.0065,0.0099
camera-imu timeoffset = -0.00022
cam0 intrinsics = 459.548,457.108,365.228,246.495 | -0.268,0.064,-0.001,0.001
cam1 intrinsics = 458.430,458.046,380.351,254.252 | -0.273,0.062,-0.001,-0.002
cam0 extrinsics = -0.003,0.008,0.701,0.713 | 0.066,-0.026,-0.005
cam1 extrinsics = -0.001,0.012,0.702,0.712 | -0.050,-0.029,0.003
q_GtoI = -0.834,0.034,-0.550,0.015 | p_IinG = 0.497,0.446,0.646 | dist = 1.27 (meters)
bg = -0.0026,0.0252,0.0804 | ba = -0.0255,0.0070,0.0111
camera-imu timeoffset = -0.00025
cam0 intrinsics = 459.511,456.818,365.176,246.420 | -0.269,0.064,-0.000,0.001
cam1 intrinsics = 458.446,457.849,380.248,254.132 | -0.273,0.062,-0.001,-0.002
cam0 extrinsics = -0.004,0.008,0.701,0.713 | 0.067,-0.025,-0.007
cam1 extrinsics = -0.001,0.012,0.702,0.712 | -0.049,-0.028,0.001
q_GtoI = -0.817,0.037,-0.575,0.019 | p_IinG = 0.531,0.445,0.642 | dist = 1.30 (meters)
bg = -0.0027,0.0256,0.0806 | ba = -0.0242,0.0058,0.0110
camera-imu timeoffset = -0.00019
cam0 intrinsics = 459.506,456.731,365.192,246.302 | -0.269,0.064,-0.000,0.001
cam1 intrinsics = 458.449,457.757,380.131,253.940 | -0.273,0.062,-0.001,-0.002
cam0 extrinsics = -0.004,0.008,0.701,0.713 | 0.067,-0.024,-0.006
cam1 extrinsics = -0.001,0.012,0.702,0.712 | -0.050,-0.027,0.002
q_GtoI = -0.800,0.037,-0.599,0.021 | p_IinG = 0.564,0.443,0.638 | dist = 1.34 (meters)
bg = -0.0028,0.0258,0.0808 | ba = -0.0237,0.0051,0.0112
camera-imu timeoffset = -0.00013
cam0 intrinsics = 459.507,456.757,365.103,246.302 | -0.269,0.064,-0.000,0.001
cam1 intrinsics = 458.461,457.709,380.244,253.936 | -0.273,0.062,-0.001,-0.002
cam0 extrinsics = -0.003,0.008,0.701,0.713 | 0.068,-0.023,-0.006
cam1 extrinsics = -0.001,0.012,0.702,0.712 | -0.049,-0.026,0.003
q_GtoI = -0.782,0.037,-0.622,0.023 | p_IinG = 0.594,0.438,0.630 | dist = 1.37 (meters)
bg = -0.0029,0.0259,0.0806 | ba = -0.0215,0.0041,0.0113
camera-imu timeoffset = -0.00003
cam0 intrinsics = 459.438,456.792,365.028,246.347 | -0.268,0.064,-0.001,0.000
cam1 intrinsics = 458.415,457.663,380.339,253.935 | -0.273,0.062,-0.001,-0.002
cam0 extrinsics = -0.003,0.008,0.701,0.713 | 0.069,-0.022,-0.004
cam1 extrinsics = -0.001,0.012,0.702,0.712 | -0.047,-0.025,0.004
q_GtoI = -0.766,0.036,-0.642,0.022 | p_IinG = 0.622,0.432,0.622 | dist = 1.40 (meters)
bg = -0.0029,0.0260,0.0804 | ba = -0.0183,0.0053,0.0103
camera-imu timeoffset = 0.00002
cam0 intrinsics = 459.428,456.932,364.928,246.401 | -0.269,0.064,-0.001,0.000
cam1 intrinsics = 458.345,457.634,380.339,253.930 | -0.273,0.062,-0.001,-0.002
cam0 extrinsics = -0.003,0.008,0.701,0.713 | 0.072,-0.022,-0.003
cam1 extrinsics = -0.001,0.013,0.702,0.712 | -0.044,-0.025,0.005
q_GtoI = -0.753,0.032,-0.657,0.020 | p_IinG = 0.644,0.426,0.612 | dist = 1.43 (meters)
bg = -0.0028,0.0260,0.0804 | ba = -0.0143,0.0050,0.0096
camera-imu timeoffset = 0.00010
cam0 intrinsics = 459.490,457.002,364.856,246.385 | -0.269,0.065,-0.000,0.001
cam1 intrinsics = 458.373,457.606,380.388,253.922 | -0.273,0.062,-0.001,-0.002
cam0 extrinsics = -0.003,0.008,0.701,0.713 | 0.075,-0.021,-0.003
cam1 extrinsics = -0.001,0.013,0.702,0.712 | -0.041,-0.024,0.005
q_GtoI = -0.743,0.027,-0.668,0.014 | p_IinG = 0.660,0.419,0.602 | dist = 1.45 (meters)
bg = -0.0027,0.0259,0.0803 | ba = -0.0099,0.0052,0.0088
camera-imu timeoffset = 0.00014
cam0 intrinsics = 459.568,457.124,364.844,246.363 | -0.269,0.065,-0.000,0.001
cam1 intrinsics = 458.419,457.640,380.404,253.898 | -0.273,0.062,-0.001,-0.002
cam0 extrinsics = -0.003,0.009,0.701,0.713 | 0.079,-0.019,-0.002
cam1 extrinsics = -0.001,0.013,0.702,0.712 | -0.037,-0.022,0.006
q_GtoI = -0.736,0.022,-0.677,0.010 | p_IinG = 0.671,0.410,0.593 | dist = 1.47 (meters)
bg = -0.0027,0.0258,0.0803 | ba = -0.0062,0.0047,0.0083
camera-imu timeoffset = 0.00017
cam0 intrinsics = 459.628,457.207,364.780,246.339 | -0.269,0.065,-0.000,0.001
cam1 intrinsics = 458.445,457.662,380.420,253.838 | -0.273,0.062,-0.001,-0.002
cam0 extrinsics = -0.003,0.009,0.701,0.713 | 0.082,-0.018,-0.002
cam1 extrinsics = -0.001,0.013,0.702,0.712 | -0.034,-0.021,0.006
q_GtoI = -0.735,0.018,-0.678,0.007 | p_IinG = 0.675,0.400,0.584 | dist = 1.48 (meters)
bg = -0.0026,0.0256,0.0803 | ba = -0.0034,0.0046,0.0085
camera-imu timeoffset = 0.00020
cam0 intrinsics = 459.681,457.270,364.761,246.318 | -0.269,0.065,-0.000,0.000
cam1 intrinsics = 458.475,457.696,380.405,253.802 | -0.273,0.062,-0.001,-0.002
cam0 extrinsics = -0.003,0.009,0.701,0.713 | 0.084,-0.018,-0.002
cam1 extrinsics = -0.000,0.013,0.702,0.712 | -0.032,-0.021,0.006
q_GtoI = -0.744,0.013,-0.668,0.001 | p_IinG = 0.674,0.390,0.577 | dist = 1.49 (meters)
bg = -0.0027,0.0255,0.0804 | ba = -0.0034,0.0052,0.0091
camera-imu timeoffset = 0.00020
cam0 intrinsics = 459.655,457.264,364.700,246.334 | -0.269,0.065,-0.000,0.000
cam1 intrinsics = 458.496,457.672,380.445,253.765 | -0.273,0.062,-0.001,-0.002
cam0 extrinsics = -0.003,0.009,0.701,0.713 | 0.083,-0.018,-0.002
cam1 extrinsics = -0.000,0.013,0.702,0.712 | -0.032,-0.021,0.006
q_GtoI = -0.761,0.011,-0.648,0.000 | p_IinG = 0.669,0.378,0.570 | dist = 1.51 (meters)
bg = -0.0027,0.0259,0.0808 | ba = -0.0031,0.0044,0.0098
camera-imu timeoffset = 0.00027
cam0 intrinsics = 459.612,457.265,364.615,246.335 | -0.269,0.065,-0.000,0.000
cam1 intrinsics = 458.464,457.684,380.586,253.778 | -0.272,0.062,-0.001,-0.002
cam0 extrinsics = -0.003,0.009,0.701,0.713 | 0.082,-0.018,-0.003
cam1 extrinsics = -0.001,0.013,0.702,0.712 | -0.033,-0.021,0.005
q_GtoI = 0.782,-0.010,0.624,0.001 | p_IinG = 0.658,0.367,0.561 | dist = 1.53 (meters)
bg = -0.0026,0.0262,0.0808 | ba = -0.0009,0.0044,0.0099
camera-imu timeoffset = 0.00031
cam0 intrinsics = 459.607,457.343,364.616,246.339 | -0.269,0.065,-0.000,0.000
cam1 intrinsics = 458.457,457.753,380.609,253.776 | -0.272,0.062,-0.001,-0.002
cam0 extrinsics = -0.003,0.009,0.701,0.713 | 0.082,-0.018,-0.005
cam1 extrinsics = -0.000,0.013,0.702,0.712 | -0.034,-0.021,0.004
q_GtoI = 0.803,-0.008,0.596,0.002 | p_IinG = 0.642,0.357,0.552 | dist = 1.55 (meters)
bg = -0.0024,0.0257,0.0808 | ba = 0.0010,0.0048,0.0128
camera-imu timeoffset = 0.00022
cam0 intrinsics = 459.747,457.358,364.606,246.349 | -0.270,0.065,0.000,0.000
cam1 intrinsics = 458.542,457.700,380.636,253.740 | -0.273,0.062,-0.001,-0.002
cam0 extrinsics = -0.003,0.008,0.701,0.713 | 0.083,-0.019,-0.005
cam1 extrinsics = -0.001,0.013,0.702,0.712 | -0.033,-0.022,0.003
q_GtoI = 0.823,-0.007,0.568,0.004 | p_IinG = 0.626,0.347,0.543 | dist = 1.57 (meters)
bg = -0.0021,0.0255,0.0808 | ba = 0.0015,0.0054,0.0133
camera-imu timeoffset = 0.00021
cam0 intrinsics = 459.784,457.357,364.588,246.335 | -0.270,0.065,0.000,0.000
cam1 intrinsics = 458.560,457.687,380.648,253.715 | -0.273,0.062,-0.001,-0.002
cam0 extrinsics = -0.003,0.008,0.701,0.713 | 0.083,-0.019,-0.005
cam1 extrinsics = -0.001,0.013,0.702,0.712 | -0.033,-0.022,0.003
q_GtoI = 0.841,-0.007,0.541,0.005 | p_IinG = 0.613,0.335,0.538 | dist = 1.59 (meters)
bg = -0.0021,0.0257,0.0808 | ba = 0.0002,0.0046,0.0133
camera-imu timeoffset = 0.00022
cam0 intrinsics = 459.829,457.371,364.578,246.358 | -0.270,0.065,0.000,0.000
cam1 intrinsics = 458.597,457.680,380.644,253.719 | -0.273,0.062,-0.001,-0.002
cam0 extrinsics = -0.003,0.008,0.701,0.713 | 0.083,-0.019,-0.005
cam1 extrinsics = -0.001,0.013,0.702,0.712 | -0.033,-0.023,0.004
q_GtoI = 0.855,-0.006,0.519,0.007 | p_IinG = 0.600,0.326,0.532 | dist = 1.60 (meters)
bg = -0.0018,0.0254,0.0807 | ba = 0.0011,0.0058,0.0135
camera-imu timeoffset = 0.00020
cam0 intrinsics = 459.763,457.303,364.572,246.311 | -0.270,0.066,0.000,0.000
cam1 intrinsics = 458.521,457.607,380.604,253.645 | -0.273,0.062,-0.001,-0.002
cam0 extrinsics = -0.003,0.008,0.701,0.713 | 0.083,-0.020,-0.005
cam1 extrinsics = -0.001,0.013,0.702,0.712 | -0.033,-0.023,0.003
q_GtoI = 0.865,-0.007,0.502,0.007 | p_IinG = 0.591,0.318,0.526 | dist = 1.62 (meters)
bg = -0.0016,0.0251,0.0805 | ba = 0.0022,0.0073,0.0134
camera-imu timeoffset = 0.00020
cam0 intrinsics = 459.710,457.235,364.563,246.298 | -0.270,0.065,0.000,0.000
cam1 intrinsics = 458.471,457.544,380.578,253.586 | -0.273,0.062,-0.001,-0.002
cam0 extrinsics = -0.003,0.008,0.701,0.713 | 0.083,-0.020,-0.005
cam1 extrinsics = -0.001,0.013,0.702,0.712 | -0.033,-0.024,0.003
q_GtoI = 0.872,-0.007,0.489,0.007 | p_IinG = 0.587,0.310,0.519 | dist = 1.63 (meters)
bg = -0.0013,0.0247,0.0805 | ba = 0.0036,0.0085,0.0130
camera-imu timeoffset = 0.00019
cam0 intrinsics = 459.676,457.144,364.436,246.302 | -0.270,0.066,-0.000,0.000
cam1 intrinsics = 458.432,457.447,380.468,253.559 | -0.273,0.062,-0.001,-0.002
cam0 extrinsics = -0.003,0.008,0.701,0.713 | 0.083,-0.020,-0.006
cam1 extrinsics = -0.001,0.013,0.702,0.712 | -0.033,-0.024,0.002
q_GtoI = 0.878,-0.007,0.479,0.009 | p_IinG = 0.588,0.302,0.513 | dist = 1.64 (meters)
bg = -0.0011,0.0241,0.0804 | ba = 0.0045,0.0097,0.0119
camera-imu timeoffset = 0.00020
cam0 intrinsics = 459.639,457.028,364.400,246.258 | -0.270,0.065,-0.000,0.000
cam1 intrinsics = 458.413,457.350,380.389,253.503 | -0.273,0.062,-0.001,-0.002
cam0 extrinsics = -0.003,0.008,0.701,0.713 | 0.083,-0.020,-0.007
cam1 extrinsics = -0.001,0.013,0.702,0.712 | -0.033,-0.024,0.001
q_GtoI = 0.880,-0.007,0.475,0.010 | p_IinG = 0.598,0.295,0.509 | dist = 1.65 (meters)
bg = -0.0008,0.0241,0.0803 | ba = 0.0037,0.0114,0.0109
camera-imu timeoffset = 0.00021
cam0 intrinsics = 459.511,457.276,364.419,246.247 | -0.270,0.066,-0.000,0.001
cam1 intrinsics = 458.199,457.530,380.276,253.400 | -0.273,0.062,-0.001,-0.002
cam0 extrinsics = -0.003,0.008,0.701,0.713 | 0.083,-0.022,-0.006
cam1 extrinsics = -0.001,0.013,0.702,0.712 | -0.033,-0.025,0.002
q_GtoI = 0.879,-0.006,0.476,0.012 | p_IinG = 0.613,0.288,0.506 | dist = 1.67 (meters)
bg = -0.0005,0.0237,0.0803 | ba = 0.0037,0.0118,0.0099
camera-imu timeoffset = 0.00025
cam0 intrinsics = 459.459,457.238,364.411,246.224 | -0.270,0.066,-0.000,0.001
cam1 intrinsics = 458.145,457.503,380.219,253.358 | -0.273,0.062,-0.001,-0.002
cam0 extrinsics = -0.003,0.008,0.701,0.713 | 0.083,-0.022,-0.006
cam1 extrinsics = -0.001,0.013,0.702,0.712 | -0.033,-0.025,0.002
q_GtoI = 0.873,-0.003,0.487,0.016 | p_IinG = 0.637,0.280,0.506 | dist = 1.69 (meters)
bg = -0.0002,0.0236,0.0802 | ba = 0.0044,0.0122,0.0085
camera-imu timeoffset = 0.00026
cam0 intrinsics = 459.424,457.223,364.411,246.208 | -0.271,0.066,-0.000,0.001
cam1 intrinsics = 458.100,457.488,380.182,253.321 | -0.273,0.062,-0.001,-0.002
cam0 extrinsics = -0.004,0.008,0.701,0.713 | 0.083,-0.022,-0.006
cam1 extrinsics = -0.001,0.013,0.702,0.712 | -0.033,-0.026,0.002
q_GtoI = 0.865,-0.003,0.502,0.016 | p_IinG = 0.666,0.273,0.507 | dist = 1.72 (meters)
bg = 0.0001,0.0235,0.0802 | ba = 0.0048,0.0122,0.0074
camera-imu timeoffset = 0.00027
cam0 intrinsics = 459.406,457.226,364.417,246.195 | -0.271,0.066,-0.000,0.001
cam1 intrinsics = 458.077,457.492,380.160,253.284 | -0.273,0.062,-0.001,-0.002
cam0 extrinsics = -0.004,0.008,0.701,0.713 | 0.083,-0.022,-0.006
cam1 extrinsics = -0.001,0.013,0.702,0.712 | -0.033,-0.026,0.002
q_GtoI = 0.855,-0.001,0.519,0.018 | p_IinG = 0.700,0.266,0.510 | dist = 1.76 (meters)
bg = 0.0003,0.0235,0.0803 | ba = 0.0035,0.0119,0.0069
camera-imu timeoffset = 0.00027
cam0 intrinsics = 459.398,457.266,364.430,246.184 | -0.271,0.066,-0.000,0.001
cam1 intrinsics = 458.065,457.539,380.125,253.269 | -0.273,0.062,-0.001,-0.002
cam0 extrinsics = -0.004,0.008,0.701,0.713 | 0.083,-0.022,-0.007
cam1 extrinsics = -0.001,0.013,0.702,0.712 | -0.033,-0.026,0.001
q_GtoI = 0.844,-0.000,0.535,0.019 | p_IinG = 0.739,0.259,0.515 | dist = 1.80 (meters)
bg = 0.0005,0.0238,0.0804 | ba = 0.0007,0.0111,0.0068
camera-imu timeoffset = 0.00023
cam0 intrinsics = 459.401,457.350,364.429,246.179 | -0.271,0.066,-0.000,0.001
cam1 intrinsics = 458.071,457.616,380.116,253.248 | -0.273,0.062,-0.001,-0.002
cam0 extrinsics = -0.004,0.008,0.701,0.713 | 0.083,-0.022,-0.007
cam1 extrinsics = -0.001,0.013,0.702,0.712 | -0.033,-0.026,0.001
q_GtoI = 0.835,0.003,0.550,0.021 | p_IinG = 0.780,0.251,0.515 | dist = 1.84 (meters)
bg = 0.0004,0.0236,0.0804 | ba = 0.0006,0.0103,0.0047
camera-imu timeoffset = 0.00023
cam0 intrinsics = 459.243,457.175,364.470,246.211 | -0.270,0.065,-0.000,0.000
cam1 intrinsics = 458.161,457.730,380.025,253.188 | -0.273,0.062,-0.001,-0.002
cam0 extrinsics = -0.004,0.008,0.701,0.713 | 0.082,-0.022,-0.008
cam1 extrinsics = -0.000,0.013,0.702,0.712 | -0.034,-0.026,0.001
q_GtoI = 0.828,0.004,0.561,0.022 | p_IinG = 0.821,0.246,0.516 | dist = 1.88 (meters)
bg = 0.0005,0.0234,0.0805 | ba = 0.0000,0.0101,0.0050
camera-imu timeoffset = 0.00022
cam0 intrinsics = 459.271,457.201,364.428,246.209 | -0.270,0.065,-0.000,0.000
cam1 intrinsics = 458.140,457.722,380.022,253.230 | -0.273,0.062,-0.001,-0.002
cam0 extrinsics = -0.004,0.008,0.701,0.713 | 0.082,-0.022,-0.008
cam1 extrinsics = -0.001,0.013,0.702,0.712 | -0.034,-0.026,0.000
q_GtoI = 0.822,0.006,0.569,0.024 | p_IinG = 0.864,0.242,0.517 | dist = 1.92 (meters)
bg = 0.0006,0.0232,0.0805 | ba = -0.0010,0.0098,0.0065
camera-imu timeoffset = 0.00020
cam0 intrinsics = 459.311,457.206,364.383,246.291 | -0.270,0.065,-0.000,0.000
cam1 intrinsics = 458.139,457.703,379.981,253.360 | -0.273,0.062,-0.001,-0.002
cam0 extrinsics = -0.004,0.008,0.701,0.713 | 0.083,-0.021,-0.009
cam1 extrinsics = -0.001,0.013,0.702,0.712 | -0.033,-0.026,0.000
q_GtoI = 0.818,0.006,0.574,0.024 | p_IinG = 0.906,0.238,0.519 | dist = 1.96 (meters)
bg = 0.0007,0.0232,0.0804 | ba = -0.0018,0.0090,0.0073
camera-imu timeoffset = 0.00018
cam0 intrinsics = 459.317,457.209,364.336,246.311 | -0.270,0.065,-0.000,0.000
cam1 intrinsics = 458.112,457.671,379.988,253.422 | -0.273,0.062,-0.001,-0.002
cam0 extrinsics = -0.004,0.008,0.701,0.713 | 0.083,-0.021,-0.009
cam1 extrinsics = -0.001,0.013,0.702,0.712 | -0.033,-0.025,-0.000
q_GtoI = 0.816,0.007,0.577,0.024 | p_IinG = 0.950,0.233,0.523 | dist = 2.01 (meters)
bg = 0.0006,0.0232,0.0803 | ba = -0.0031,0.0070,0.0079
camera-imu timeoffset = 0.00018
cam0 intrinsics = 459.311,457.286,364.209,246.150 | -0.271,0.066,-0.000,0.000
cam1 intrinsics = 458.029,457.633,380.049,253.553 | -0.273,0.062,-0.001,-0.002
cam0 extrinsics = -0.003,0.008,0.701,0.713 | 0.084,-0.021,-0.009
cam1 extrinsics = -0.001,0.013,0.702,0.712 | -0.033,-0.025,-0.000
q_GtoI = 0.811,0.009,0.585,0.025 | p_IinG = 0.992,0.232,0.530 | dist = 2.05 (meters)
bg = 0.0005,0.0231,0.0803 | ba = -0.0048,0.0067,0.0089
camera-imu timeoffset = 0.00020
cam0 intrinsics = 459.340,457.313,364.184,246.175 | -0.271,0.066,-0.000,0.000
cam1 intrinsics = 458.031,457.651,380.093,253.594 | -0.273,0.062,-0.001,-0.002
cam0 extrinsics = -0.004,0.008,0.701,0.713 | 0.084,-0.020,-0.009
cam1 extrinsics = -0.001,0.013,0.702,0.712 | -0.033,-0.025,-0.000
q_GtoI = 0.803,0.011,0.596,0.026 | p_IinG = 1.035,0.232,0.543 | dist = 2.09 (meters)
bg = 0.0005,0.0230,0.0802 | ba = -0.0068,0.0044,0.0109
camera-imu timeoffset = 0.00021
cam0 intrinsics = 459.329,457.341,364.128,246.167 | -0.272,0.066,-0.000,0.000
cam1 intrinsics = 458.007,457.671,380.121,253.613 | -0.273,0.062,-0.001,-0.003
cam0 extrinsics = -0.004,0.008,0.701,0.713 | 0.084,-0.020,-0.009
cam1 extrinsics = -0.001,0.013,0.702,0.712 | -0.033,-0.024,-0.000
q_GtoI = 0.793,0.012,0.608,0.026 | p_IinG = 1.077,0.233,0.559 | dist = 2.14 (meters)
bg = 0.0005,0.0230,0.0802 | ba = -0.0095,0.0028,0.0117
camera-imu timeoffset = 0.00019
cam0 intrinsics = 459.316,457.391,364.065,246.179 | -0.272,0.066,-0.000,0.000
cam1 intrinsics = 457.971,457.697,380.154,253.666 | -0.273,0.062,-0.001,-0.003
cam0 extrinsics = -0.003,0.008,0.701,0.713 | 0.084,-0.019,-0.009
cam1 extrinsics = -0.001,0.013,0.702,0.712 | -0.032,-0.024,-0.000
q_GtoI = 0.785,0.014,0.618,0.026 | p_IinG = 1.118,0.236,0.576 | dist = 2.18 (meters)
bg = 0.0004,0.0231,0.0802 | ba = -0.0108,0.0022,0.0114
camera-imu timeoffset = 0.00018
cam0 intrinsics = 459.290,457.406,364.023,246.202 | -0.272,0.066,-0.000,0.000
cam1 intrinsics = 457.937,457.713,380.160,253.705 | -0.273,0.062,-0.001,-0.003
cam0 extrinsics = -0.003,0.008,0.701,0.713 | 0.084,-0.019,-0.009
cam1 extrinsics = -0.001,0.013,0.702,0.712 | -0.032,-0.023,-0.000
q_GtoI = 0.779,0.016,0.627,0.024 | p_IinG = 1.157,0.241,0.595 | dist = 2.22 (meters)
bg = 0.0003,0.0232,0.0801 | ba = -0.0126,0.0006,0.0114
camera-imu timeoffset = 0.00017
cam0 intrinsics = 459.248,457.422,363.956,246.213 | -0.272,0.066,-0.000,0.000
cam1 intrinsics = 457.893,457.720,380.164,253.739 | -0.273,0.061,-0.001,-0.002
cam0 extrinsics = -0.003,0.008,0.701,0.713 | 0.084,-0.018,-0.009
cam1 extrinsics = -0.001,0.013,0.702,0.712 | -0.033,-0.023,-0.000
q_GtoI = 0.773,0.020,0.634,0.022 | p_IinG = 1.193,0.247,0.614 | dist = 2.26 (meters)
bg = 0.0003,0.0232,0.0800 | ba = -0.0146,-0.0006,0.0116
camera-imu timeoffset = 0.00017
cam0 intrinsics = 459.193,457.466,363.853,246.207 | -0.272,0.066,-0.000,0.000
cam1 intrinsics = 457.835,457.739,380.139,253.776 | -0.273,0.062,-0.001,-0.002
cam0 extrinsics = -0.003,0.008,0.701,0.713 | 0.084,-0.018,-0.009
cam1 extrinsics = -0.001,0.013,0.702,0.712 | -0.033,-0.023,0.000
q_GtoI = 0.770,0.026,0.637,0.018 | p_IinG = 1.228,0.255,0.633 | dist = 2.30 (meters)
bg = 0.0001,0.0234,0.0798 | ba = -0.0165,-0.0016,0.0106
camera-imu timeoffset = 0.00017
cam0 intrinsics = 459.155,457.495,363.741,246.224 | -0.272,0.066,-0.000,0.000
cam1 intrinsics = 457.782,457.732,380.113,253.828 | -0.273,0.062,-0.001,-0.002
cam0 extrinsics = -0.003,0.008,0.701,0.713 | 0.083,-0.018,-0.009
cam1 extrinsics = -0.001,0.013,0.702,0.712 | -0.034,-0.023,0.000
q_GtoI = 0.769,0.034,0.638,0.012 | p_IinG = 1.261,0.266,0.654 | dist = 2.34 (meters)
bg = 0.0001,0.0237,0.0796 | ba = -0.0183,-0.0027,0.0095
camera-imu timeoffset = 0.00016
cam0 intrinsics = 459.123,457.527,363.595,246.237 | -0.272,0.066,-0.000,0.001
cam1 intrinsics = 457.739,457.763,380.115,253.860 | -0.272,0.061,-0.001,-0.002
cam0 extrinsics = -0.003,0.008,0.701,0.713 | 0.081,-0.018,-0.009
cam1 extrinsics = -0.001,0.013,0.702,0.712 | -0.037,-0.022,0.000
q_GtoI = 0.768,0.044,0.638,0.005 | p_IinG = 1.291,0.279,0.672 | dist = 2.37 (meters)
bg = -0.0000,0.0239,0.0796 | ba = -0.0178,-0.0030,0.0088
camera-imu timeoffset = 0.00017
cam0 intrinsics = 459.115,457.588,363.422,246.219 | -0.272,0.066,0.000,0.001
cam1 intrinsics = 457.696,457.778,379.983,253.870 | -0.272,0.062,-0.001,-0.002
cam0 extrinsics = -0.003,0.008,0.701,0.713 | 0.079,-0.017,-0.009
cam1 extrinsics = -0.001,0.013,0.702,0.712 | -0.039,-0.022,0.000
q_GtoI = -0.768,-0.053,-0.638,0.003 | p_IinG = 1.315,0.293,0.688 | dist = 2.40 (meters)
bg = 0.0000,0.0241,0.0795 | ba = -0.0170,-0.0029,0.0097
camera-imu timeoffset = 0.00017
cam0 intrinsics = 459.105,457.650,363.270,246.148 | -0.272,0.067,0.000,0.001
cam1 intrinsics = 457.648,457.792,379.858,253.840 | -0.272,0.062,-0.001,-0.002
cam0 extrinsics = -0.003,0.008,0.701,0.713 | 0.079,-0.017,-0.009
cam1 extrinsics = -0.001,0.013,0.702,0.712 | -0.039,-0.022,-0.000
q_GtoI = -0.768,-0.064,-0.637,0.011 | p_IinG = 1.332,0.310,0.696 | dist = 2.43 (meters)
bg = 0.0004,0.0239,0.0796 | ba = -0.0159,-0.0015,0.0111
camera-imu timeoffset = 0.00015
cam0 intrinsics = 459.170,457.851,363.116,246.029 | -0.273,0.067,0.000,0.001
cam1 intrinsics = 457.545,457.824,379.773,253.766 | -0.273,0.062,-0.001,-0.002
cam0 extrinsics = -0.003,0.008,0.701,0.713 | 0.080,-0.017,-0.009
cam1 extrinsics = -0.001,0.013,0.702,0.712 | -0.038,-0.021,0.000
q_GtoI = -0.768,-0.075,-0.636,0.021 | p_IinG = 1.351,0.328,0.703 | dist = 2.45 (meters)
bg = 0.0004,0.0243,0.0799 | ba = -0.0172,-0.0019,0.0115
camera-imu timeoffset = 0.00016
cam0 intrinsics = 459.295,457.904,363.027,246.049 | -0.274,0.068,0.000,0.001
cam1 intrinsics = 457.632,457.859,379.745,253.782 | -0.273,0.062,-0.000,-0.002
cam0 extrinsics = -0.003,0.008,0.701,0.713 | 0.080,-0.017,-0.008
cam1 extrinsics = -0.001,0.013,0.702,0.712 | -0.038,-0.021,0.001
q_GtoI = -0.768,-0.087,-0.634,0.033 | p_IinG = 1.367,0.345,0.706 | dist = 2.47 (meters)
bg = 0.0003,0.0246,0.0800 | ba = -0.0166,-0.0027,0.0122
camera-imu timeoffset = 0.00017
cam0 intrinsics = 459.296,457.978,362.978,246.026 | -0.274,0.068,0.000,0.001
cam1 intrinsics = 457.596,457.906,379.725,253.751 | -0.273,0.062,-0.000,-0.002
cam0 extrinsics = -0.003,0.008,0.701,0.713 | 0.080,-0.016,-0.008
cam1 extrinsics = -0.002,0.013,0.702,0.712 | -0.039,-0.021,0.001
q_GtoI = -0.767,-0.100,-0.632,0.044 | p_IinG = 1.378,0.362,0.705 | dist = 2.49 (meters)
bg = 0.0001,0.0249,0.0799 | ba = -0.0154,-0.0032,0.0137
camera-imu timeoffset = 0.00018
cam0 intrinsics = 459.324,458.039,362.982,246.022 | -0.274,0.068,0.000,0.001
cam1 intrinsics = 457.603,457.965,379.731,253.739 | -0.273,0.062,-0.000,-0.002
cam0 extrinsics = -0.003,0.008,0.701,0.713 | 0.080,-0.016,-0.008
cam1 extrinsics = -0.001,0.013,0.702,0.712 | -0.039,-0.020,0.001
q_GtoI = -0.768,-0.113,-0.628,0.056 | p_IinG = 1.384,0.381,0.704 | dist = 2.51 (meters)
bg = 0.0001,0.0250,0.0799 | ba = -0.0150,-0.0031,0.0142
camera-imu timeoffset = 0.00018
cam0 intrinsics = 459.393,458.085,362.970,246.064 | -0.274,0.068,0.000,0.001
cam1 intrinsics = 457.664,458.016,379.735,253.757 | -0.273,0.062,-0.000,-0.002
cam0 extrinsics = -0.003,0.008,0.701,0.713 | 0.080,-0.015,-0.008
cam1 extrinsics = -0.001,0.013,0.702,0.712 | -0.039,-0.020,0.001
q_GtoI = -0.770,-0.128,-0.621,0.068 | p_IinG = 1.390,0.401,0.703 | dist = 2.53 (meters)
bg = -0.0000,0.0251,0.0799 | ba = -0.0150,-0.0041,0.0143
camera-imu timeoffset = 0.00018
cam0 intrinsics = 459.472,458.090,362.985,246.051 | -0.274,0.068,0.000,0.001
cam1 intrinsics = 457.735,458.030,379.734,253.710 | -0.273,0.063,-0.000,-0.002
cam0 extrinsics = -0.003,0.008,0.701,0.713 | 0.079,-0.015,-0.008
cam1 extrinsics = -0.001,0.013,0.702,0.712 | -0.040,-0.020,0.001
q_GtoI = -0.773,-0.143,-0.613,0.081 | p_IinG = 1.392,0.422,0.702 | dist = 2.55 (meters)
bg = -0.0001,0.0250,0.0800 | ba = -0.0132,-0.0050,0.0138
camera-imu timeoffset = 0.00018
cam0 intrinsics = 459.554,458.060,362.890,246.004 | -0.275,0.069,0.000,0.001
cam1 intrinsics = 457.835,458.096,379.826,253.618 | -0.273,0.063,-0.000,-0.002
cam0 extrinsics = -0.003,0.008,0.701,0.713 | 0.078,-0.015,-0.008
cam1 extrinsics = -0.001,0.013,0.702,0.712 | -0.041,-0.020,0.001
q_GtoI = -0.775,-0.159,-0.604,0.095 | p_IinG = 1.395,0.442,0.703 | dist = 2.57 (meters)
bg = -0.0003,0.0252,0.0801 | ba = -0.0127,-0.0076,0.0146
camera-imu timeoffset = 0.00019
cam0 intrinsics = 459.591,458.046,362.916,245.945 | -0.275,0.069,0.000,0.001
cam1 intrinsics = 457.885,458.107,379.859,253.517 | -0.273,0.063,-0.000,-0.002
cam0 extrinsics = -0.004,0.007,0.701,0.713 | 0.077,-0.015,-0.008
cam1 extrinsics = -0.002,0.013,0.702,0.712 | -0.042,-0.020,0.001
q_GtoI = -0.778,-0.177,-0.594,0.108 | p_IinG = 1.396,0.464,0.704 | dist = 2.60 (meters)
bg = -0.0003,0.0253,0.0801 | ba = -0.0110,-0.0105,0.0138
camera-imu timeoffset = 0.00019
cam0 intrinsics = 459.666,458.062,362.871,245.900 | -0.275,0.069,0.000,0.001
cam1 intrinsics = 457.921,458.097,379.832,253.475 | -0.274,0.063,-0.000,-0.002
cam0 extrinsics = -0.004,0.007,0.701,0.713 | 0.075,-0.015,-0.008
cam1 extrinsics = -0.002,0.013,0.702,0.712 | -0.044,-0.020,0.001
q_GtoI = -0.778,-0.194,-0.586,0.122 | p_IinG = 1.391,0.486,0.709 | dist = 2.62 (meters)
bg = -0.0006,0.0255,0.0801 | ba = -0.0092,-0.0112,0.0138
camera-imu timeoffset = 0.00019
cam0 intrinsics = 459.730,458.068,362.903,245.881 | -0.275,0.069,0.000,0.001
cam1 intrinsics = 457.978,458.103,379.872,253.475 | -0.274,0.063,-0.000,-0.002
cam0 extrinsics = -0.004,0.007,0.701,0.713 | 0.074,-0.015,-0.008
cam1 extrinsics = -0.002,0.013,0.702,0.712 | -0.045,-0.020,0.001
q_GtoI = -0.777,-0.211,-0.578,0.135 | p_IinG = 1.384,0.508,0.713 | dist = 2.64 (meters)
bg = -0.0006,0.0255,0.0801 | ba = -0.0082,-0.0105,0.0133
camera-imu timeoffset = 0.00017
cam0 intrinsics = 459.730,458.088,362.921,245.863 | -0.275,0.069,0.000,0.001
cam1 intrinsics = 457.968,458.111,379.902,253.482 | -0.273,0.063,-0.000,-0.002
cam0 extrinsics = -0.004,0.008,0.701,0.713 | 0.074,-0.015,-0.008
cam1 extrinsics = -0.002,0.013,0.702,0.712 | -0.045,-0.019,0.001
q_GtoI = -0.777,-0.227,-0.569,0.147 | p_IinG = 1.377,0.530,0.717 | dist = 2.67 (meters)
bg = -0.0007,0.0253,0.0801 | ba = -0.0076,-0.0113,0.0144
camera-imu timeoffset = 0.00017
cam0 intrinsics = 459.783,458.074,362.913,245.825 | -0.275,0.069,0.000,0.001
cam1 intrinsics = 458.004,458.074,379.898,253.456 | -0.274,0.063,-0.000,-0.002
cam0 extrinsics = -0.003,0.008,0.701,0.713 | 0.074,-0.015,-0.008
cam1 extrinsics = -0.002,0.013,0.702,0.712 | -0.045,-0.020,0.001
q_GtoI = -0.778,-0.244,-0.558,0.157 | p_IinG = 1.369,0.553,0.723 | dist = 2.69 (meters)
bg = -0.0009,0.0252,0.0802 | ba = -0.0076,-0.0114,0.0134
camera-imu timeoffset = 0.00016
cam0 intrinsics = 459.874,458.051,362.930,245.819 | -0.275,0.069,0.000,0.001
cam1 intrinsics = 458.087,458.048,379.896,253.450 | -0.274,0.063,-0.000,-0.002
cam0 extrinsics = -0.003,0.008,0.701,0.713 | 0.073,-0.015,-0.008
cam1 extrinsics = -0.001,0.013,0.702,0.712 | -0.046,-0.020,0.000
q_GtoI = -0.777,-0.261,-0.548,0.165 | p_IinG = 1.358,0.576,0.725 | dist = 2.72 (meters)
bg = -0.0013,0.0252,0.0806 | ba = -0.0066,-0.0080,0.0083
camera-imu timeoffset = 0.00015
cam0 intrinsics = 460.124,458.060,362.981,245.817 | -0.275,0.069,0.000,0.001
cam1 intrinsics = 458.274,458.024,379.867,253.399 | -0.274,0.063,-0.000,-0.002
cam0 extrinsics = -0.003,0.008,0.701,0.713 | 0.072,-0.015,-0.009
cam1 extrinsics = -0.001,0.013,0.702,0.712 | -0.047,-0.019,0.000
q_GtoI = -0.775,-0.278,-0.540,0.173 | p_IinG = 1.348,0.600,0.730 | dist = 2.74 (meters)
bg = -0.0014,0.0251,0.0807 | ba = -0.0056,-0.0072,0.0059
camera-imu timeoffset = 0.00015
cam0 intrinsics = 460.243,458.045,362.972,245.813 | -0.276,0.069,0.000,0.001
cam1 intrinsics = 458.371,458.004,379.847,253.411 | -0.274,0.063,-0.000,-0.002
cam0 extrinsics = -0.003,0.008,0.701,0.713 | 0.071,-0.015,-0.009
cam1 extrinsics = -0.001,0.013,0.702,0.712 | -0.048,-0.019,-0.000
q_GtoI = -0.771,-0.295,-0.535,0.178 | p_IinG = 1.336,0.627,0.734 | dist = 2.77 (meters)
bg = -0.0012,0.0248,0.0807 | ba = -0.0026,-0.0058,0.0004
camera-imu timeoffset = 0.00014
cam0 intrinsics = 460.243,458.001,362.926,245.798 | -0.275,0.069,0.000,0.001
cam1 intrinsics = 458.445,457.976,379.834,253.378 | -0.274,0.063,-0.000,-0.002
cam0 extrinsics = -0.003,0.008,0.701,0.713 | 0.070,-0.014,-0.009
cam1 extrinsics = -0.001,0.013,0.702,0.712 | -0.049,-0.019,-0.001
q_GtoI = -0.766,-0.312,-0.531,0.183 | p_IinG = 1.323,0.652,0.737 | dist = 2.80 (meters)
bg = -0.0011,0.0245,0.0807 | ba = -0.0008,-0.0003,0.0005
camera-imu timeoffset = 0.00014
cam0 intrinsics = 460.294,457.955,362.966,245.825 | -0.275,0.069,0.000,0.001
cam1 intrinsics = 458.488,457.919,379.790,253.417 | -0.274,0.064,-0.000,-0.002
cam0 extrinsics = -0.003,0.008,0.701,0.713 | 0.069,-0.014,-0.010
cam1 extrinsics = -0.001,0.013,0.702,0.712 | -0.050,-0.019,-0.001
q_GtoI = -0.762,-0.326,-0.527,0.191 | p_IinG = 1.310,0.678,0.740 | dist = 2.83 (meters)
bg = -0.0010,0.0242,0.0807 | ba = 0.0009,0.0049,0.0010
camera-imu timeoffset = 0.00015
cam0 intrinsics = 460.366,457.918,363.015,245.841 | -0.275,0.069,0.000,0.001
cam1 intrinsics = 458.526,457.856,379.784,253.432 | -0.274,0.064,-0.000,-0.002
cam0 extrinsics = -0.003,0.008,0.701,0.713 | 0.067,-0.014,-0.010
cam1 extrinsics = -0.001,0.013,0.702,0.712 | -0.051,-0.018,-0.001
q_GtoI = -0.757,-0.339,-0.523,0.198 | p_IinG = 1.300,0.704,0.743 | dist = 2.86 (meters)
bg = -0.0009,0.0237,0.0806 | ba = 0.0038,0.0062,0.0063
camera-imu timeoffset = 0.00016
cam0 intrinsics = 460.266,457.899,363.000,245.794 | -0.275,0.069,0.000,0.001
cam1 intrinsics = 458.421,457.768,379.711,253.456 | -0.274,0.064,-0.000,-0.002
cam0 extrinsics = -0.003,0.008,0.701,0.713 | 0.066,-0.013,-0.010
cam1 extrinsics = -0.001,0.013,0.702,0.712 | -0.052,-0.017,-0.001
q_GtoI = -0.750,-0.348,-0.523,0.206 | p_IinG = 1.288,0.735,0.747 | dist = 2.89 (meters)
bg = -0.0006,0.0232,0.0806 | ba = 0.0046,0.0092,0.0040
camera-imu timeoffset = 0.00018
cam0 intrinsics = 460.358,457.897,363.028,245.700 | -0.275,0.069,0.000,0.001
cam1 intrinsics = 458.506,457.716,379.670,253.425 | -0.275,0.064,-0.000,-0.002
cam0 extrinsics = -0.003,0.008,0.701,0.713 | 0.065,-0.013,-0.010
cam1 extrinsics = -0.001,0.013,0.702,0.712 | -0.053,-0.017,-0.002
q_GtoI = -0.744,-0.355,-0.525,0.213 | p_IinG = 1.280,0.765,0.754 | dist = 2.92 (meters)
bg = -0.0005,0.0231,0.0806 | ba = 0.0045,0.0076,0.0073
camera-imu timeoffset = 0.00019
cam0 intrinsics = 460.307,457.927,362.963,245.718 | -0.275,0.069,0.000,0.001
cam1 intrinsics = 458.489,457.750,379.658,253.467 | -0.275,0.064,-0.000,-0.002
cam0 extrinsics = -0.003,0.008,0.701,0.713 | 0.065,-0.013,-0.010
cam1 extrinsics = -0.001,0.013,0.702,0.712 | -0.053,-0.017,-0.002
q_GtoI = -0.734,-0.363,-0.531,0.216 | p_IinG = 1.269,0.797,0.762 | dist = 2.96 (meters)
bg = -0.0005,0.0229,0.0807 | ba = 0.0035,0.0098,0.0089
camera-imu timeoffset = 0.00020
cam0 intrinsics = 460.297,457.954,362.934,245.698 | -0.275,0.069,0.000,0.001
cam1 intrinsics = 458.446,457.733,379.644,253.470 | -0.275,0.064,-0.000,-0.002
cam0 extrinsics = -0.003,0.008,0.701,0.713 | 0.064,-0.013,-0.010
cam1 extrinsics = -0.001,0.013,0.702,0.712 | -0.054,-0.017,-0.002
q_GtoI = -0.727,-0.370,-0.536,0.216 | p_IinG = 1.257,0.827,0.768 | dist = 2.99 (meters)
bg = -0.0004,0.0226,0.0807 | ba = 0.0035,0.0133,0.0124
camera-imu timeoffset = 0.00019
cam0 intrinsics = 460.269,457.985,362.899,245.681 | -0.275,0.069,0.001,0.001
cam1 intrinsics = 458.395,457.726,379.617,253.475 | -0.275,0.064,-0.000,-0.002
cam0 extrinsics = -0.003,0.008,0.701,0.713 | 0.062,-0.012,-0.010
cam1 extrinsics = -0.001,0.013,0.702,0.712 | -0.056,-0.016,-0.002
q_GtoI = -0.719,-0.376,-0.542,0.218 | p_IinG = 1.241,0.857,0.773 | dist = 3.03 (meters)
bg = -0.0004,0.0222,0.0808 | ba = 0.0045,0.0181,0.0178
camera-imu timeoffset = 0.00020
cam0 intrinsics = 460.230,458.039,362.882,245.668 | -0.275,0.069,0.001,0.001
cam1 intrinsics = 458.329,457.733,379.566,253.480 | -0.274,0.064,-0.000,-0.002
cam0 extrinsics = -0.003,0.008,0.701,0.713 | 0.059,-0.012,-0.010
cam1 extrinsics = -0.002,0.013,0.702,0.712 | -0.059,-0.016,-0.002
q_GtoI = -0.713,-0.382,-0.546,0.217 | p_IinG = 1.219,0.883,0.771 | dist = 3.06 (meters)
bg = -0.0005,0.0215,0.0809 | ba = 0.0082,0.0260,0.0279
camera-imu timeoffset = 0.00021
cam0 intrinsics = 460.178,458.100,362.767,245.650 | -0.275,0.069,0.001,0.001
cam1 intrinsics = 458.262,457.757,379.464,253.481 | -0.274,0.064,0.000,-0.002
cam0 extrinsics = -0.003,0.007,0.701,0.713 | 0.055,-0.011,-0.009
cam1 extrinsics = -0.002,0.013,0.702,0.712 | -0.063,-0.015,-0.002
q_GtoI = -0.707,-0.386,-0.552,0.215 | p_IinG = 1.201,0.913,0.770 | dist = 3.10 (meters)
bg = -0.0005,0.0211,0.0810 | ba = 0.0089,0.0283,0.0328
camera-imu timeoffset = 0.00022
cam0 intrinsics = 460.161,458.156,362.718,245.642 | -0.276,0.070,0.001,0.001
cam1 intrinsics = 458.218,457.772,379.433,253.495 | -0.274,0.064,0.000,-0.002
cam0 extrinsics = -0.003,0.007,0.701,0.713 | 0.053,-0.011,-0.009
cam1 extrinsics = -0.002,0.012,0.702,0.712 | -0.065,-0.015,-0.001
q_GtoI = -0.702,-0.391,-0.558,0.210 | p_IinG = 1.181,0.945,0.769 | dist = 3.14 (meters)
bg = -0.0005,0.0209,0.0811 | ba = 0.0084,0.0294,0.0377
camera-imu timeoffset = 0.00022
cam0 intrinsics = 460.175,458.189,362.674,245.632 | -0.276,0.070,0.001,0.001
cam1 intrinsics = 458.205,457.761,379.415,253.506 | -0.274,0.064,0.000,-0.002
cam0 extrinsics = -0.003,0.007,0.701,0.713 | 0.051,-0.011,-0.009
cam1 extrinsics = -0.002,0.012,0.702,0.712 | -0.067,-0.015,-0.002
q_GtoI = -0.694,-0.395,-0.566,0.204 | p_IinG = 1.158,0.976,0.767 | dist = 3.18 (meters)
bg = -0.0006,0.0207,0.0811 | ba = 0.0078,0.0306,0.0440
camera-imu timeoffset = 0.00022
cam0 intrinsics = 460.197,458.220,362.637,245.623 | -0.276,0.070,0.001,0.001
cam1 intrinsics = 458.202,457.755,379.391,253.525 | -0.274,0.064,0.000,-0.002
cam0 extrinsics = -0.003,0.007,0.701,0.713 | 0.048,-0.012,-0.009
cam1 extrinsics = -0.002,0.012,0.702,0.712 | -0.070,-0.016,-0.002
q_GtoI = -0.690,-0.396,-0.572,0.199 | p_IinG = 1.133,1.007,0.763 | dist = 3.22 (meters)
bg = -0.0008,0.0206,0.0812 | ba = 0.0091,0.0329,0.0510
camera-imu timeoffset = 0.00022
cam0 intrinsics = 460.203,458.272,362.594,245.616 | -0.276,0.070,0.001,0.001
cam1 intrinsics = 458.184,457.771,379.370,253.548 | -0.274,0.064,0.000,-0.002
cam0 extrinsics = -0.003,0.007,0.701,0.713 | 0.046,-0.012,-0.009
cam1 extrinsics = -0.002,0.012,0.702,0.712 | -0.072,-0.016,-0.002
q_GtoI = -0.687,-0.395,-0.577,0.196 | p_IinG = 1.108,1.045,0.762 | dist = 3.27 (meters)
bg = -0.0009,0.0210,0.0811 | ba = 0.0065,0.0308,0.0527
camera-imu timeoffset = 0.00021
cam0 intrinsics = 460.172,458.240,362.593,245.611 | -0.276,0.070,0.001,0.001
cam1 intrinsics = 458.178,457.732,379.357,253.562 | -0.274,0.064,0.000,-0.002
cam0 extrinsics = -0.003,0.007,0.701,0.713 | 0.045,-0.012,-0.010
cam1 extrinsics = -0.002,0.012,0.702,0.712 | -0.073,-0.016,-0.002
q_GtoI = -0.687,-0.392,-0.579,0.195 | p_IinG = 1.078,1.083,0.758 | dist = 3.32 (meters)
bg = -0.0009,0.0211,0.0813 | ba = 0.0059,0.0307,0.0566
camera-imu timeoffset = 0.00019
cam0 intrinsics = 460.188,458.300,362.601,245.580 | -0.276,0.070,0.001,0.001
cam1 intrinsics = 458.138,457.721,379.347,253.607 | -0.274,0.064,0.000,-0.002
cam0 extrinsics = -0.003,0.007,0.701,0.713 | 0.045,-0.012,-0.009
cam1 extrinsics = -0.002,0.012,0.702,0.712 | -0.073,-0.016,-0.002
q_GtoI = -0.688,-0.389,-0.580,0.196 | p_IinG = 1.044,1.122,0.754 | dist = 3.37 (meters)
bg = -0.0009,0.0212,0.0814 | ba = 0.0055,0.0304,0.0598
camera-imu timeoffset = 0.00018
cam0 intrinsics = 460.202,458.331,362.623,245.589 | -0.276,0.070,0.001,0.001
cam1 intrinsics = 458.119,457.703,379.322,253.625 | -0.274,0.064,0.000,-0.002
cam0 extrinsics = -0.003,0.007,0.701,0.713 | 0.045,-0.013,-0.009
cam1 extrinsics = -0.002,0.012,0.702,0.712 | -0.073,-0.017,-0.002
q_GtoI = -0.688,-0.387,-0.580,0.200 | p_IinG = 1.006,1.165,0.750 | dist = 3.43 (meters)
bg = -0.0008,0.0216,0.0818 | ba = 0.0042,0.0296,0.0623
camera-imu timeoffset = 0.00017
cam0 intrinsics = 460.178,458.349,362.667,245.575 | -0.276,0.070,0.001,0.001
cam1 intrinsics = 458.090,457.725,379.249,253.635 | -0.274,0.064,0.000,-0.002
cam0 extrinsics = -0.003,0.007,0.701,0.713 | 0.045,-0.013,-0.009
cam1 extrinsics = -0.002,0.012,0.702,0.712 | -0.073,-0.017,-0.003
q_GtoI = -0.687,-0.385,-0.581,0.206 | p_IinG = 0.963,1.207,0.745 | dist = 3.49 (meters)
bg = -0.0008,0.0217,0.0820 | ba = 0.0044,0.0301,0.0660
camera-imu timeoffset = 0.00017
cam0 intrinsics = 460.157,458.375,362.654,245.577 | -0.276,0.070,0.001,0.001
cam1 intrinsics = 458.064,457.738,379.226,253.657 | -0.274,0.064,0.000,-0.001
cam0 extrinsics = -0.003,0.007,0.701,0.713 | 0.045,-0.013,-0.009
cam1 extrinsics = -0.002,0.012,0.702,0.712 | -0.073,-0.017,-0.002
q_GtoI = -0.684,-0.386,-0.582,0.214 | p_IinG = 0.916,1.250,0.738 | dist = 3.55 (meters)
bg = -0.0008,0.0218,0.0823 | ba = 0.0046,0.0307,0.0685
camera-imu timeoffset = 0.00016
cam0 intrinsics = 460.153,458.404,362.652,245.583 | -0.276,0.070,0.001,0.001
cam1 intrinsics = 458.054,457.748,379.210,253.681 | -0.274,0.064,0.000,-0.001
cam0 extrinsics = -0.003,0.007,0.701,0.713 | 0.045,-0.013,-0.009
cam1 extrinsics = -0.002,0.012,0.702,0.712 | -0.073,-0.017,-0.002
q_GtoI = -0.682,-0.387,-0.580,0.222 | p_IinG = 0.864,1.299,0.732 | dist = 3.62 (meters)
bg = -0.0005,0.0221,0.0829 | ba = 0.0035,0.0316,0.0699
camera-imu timeoffset = 0.00015
cam0 intrinsics = 460.254,458.415,362.673,245.523 | -0.277,0.070,0.001,0.001
cam1 intrinsics = 458.121,457.662,379.182,253.726 | -0.274,0.064,-0.000,-0.001
cam0 extrinsics = -0.003,0.007,0.701,0.713 | 0.046,-0.014,-0.009
cam1 extrinsics = -0.002,0.012,0.702,0.712 | -0.072,-0.018,-0.003
q_GtoI = -0.680,-0.388,-0.575,0.235 | p_IinG = 0.809,1.344,0.723 | dist = 3.69 (meters)
bg = -0.0003,0.0222,0.0832 | ba = 0.0046,0.0312,0.0740
camera-imu timeoffset = 0.00013
cam0 intrinsics = 460.243,458.434,362.741,245.466 | -0.277,0.070,0.001,0.001
cam1 intrinsics = 458.093,457.658,379.161,253.725 | -0.274,0.064,-0.000,-0.001
cam0 extrinsics = -0.003,0.008,0.701,0.713 | 0.046,-0.014,-0.009
cam1 extrinsics = -0.002,0.012,0.702,0.712 | -0.072,-0.018,-0.002
q_GtoI = -0.681,-0.388,-0.567,0.253 | p_IinG = 0.750,1.388,0.711 | dist = 3.76 (meters)
bg = -0.0001,0.0221,0.0831 | ba = 0.0054,0.0308,0.0756
camera-imu timeoffset = 0.00013
cam0 intrinsics = 460.173,458.535,362.738,245.387 | -0.277,0.070,0.001,0.001
cam1 intrinsics = 458.033,457.716,379.161,253.704 | -0.274,0.064,-0.000,-0.001
cam0 extrinsics = -0.003,0.008,0.701,0.713 | 0.047,-0.014,-0.008
cam1 extrinsics = -0.002,0.012,0.702,0.712 | -0.071,-0.018,-0.002
q_GtoI = -0.681,-0.390,-0.557,0.272 | p_IinG = 0.689,1.430,0.698 | dist = 3.84 (meters)
bg = -0.0001,0.0221,0.0830 | ba = 0.0068,0.0291,0.0777
camera-imu timeoffset = 0.00013
cam0 intrinsics = 460.069,458.603,362.680,245.346 | -0.277,0.070,0.001,0.001
cam1 intrinsics = 457.966,457.796,379.098,253.682 | -0.274,0.064,-0.000,-0.001
cam0 extrinsics = -0.003,0.008,0.701,0.713 | 0.047,-0.015,-0.008
cam1 extrinsics = -0.002,0.012,0.702,0.712 | -0.072,-0.018,-0.002
q_GtoI = -0.682,-0.395,-0.545,0.287 | p_IinG = 0.626,1.471,0.685 | dist = 3.92 (meters)
bg = -0.0002,0.0222,0.0827 | ba = 0.0075,0.0246,0.0780
camera-imu timeoffset = 0.00014
cam0 intrinsics = 459.922,458.692,362.590,245.302 | -0.277,0.070,0.001,0.001
cam1 intrinsics = 457.847,457.885,378.991,253.668 | -0.274,0.064,-0.000,-0.001
cam0 extrinsics = -0.003,0.008,0.701,0.713 | 0.044,-0.015,-0.008
cam1 extrinsics = -0.002,0.012,0.702,0.712 | -0.074,-0.019,-0.001
q_GtoI = -0.680,-0.401,-0.535,0.301 | p_IinG = 0.560,1.511,0.672 | dist = 3.99 (meters)
bg = -0.0003,0.0222,0.0825 | ba = 0.0084,0.0232,0.0774
camera-imu timeoffset = 0.00014
cam0 intrinsics = 459.798,458.779,362.459,245.242 | -0.277,0.070,0.001,0.001
cam1 intrinsics = 457.755,457.965,378.866,253.666 | -0.274,0.064,-0.000,-0.001
cam0 extrinsics = -0.003,0.008,0.701,0.713 | 0.044,-0.015,-0.007
cam1 extrinsics = -0.002,0.012,0.702,0.712 | -0.075,-0.019,-0.001
q_GtoI = -0.678,-0.408,-0.525,0.313 | p_IinG = 0.495,1.548,0.658 | dist = 4.07 (meters)
bg = -0.0004,0.0223,0.0822 | ba = 0.0091,0.0190,0.0764
camera-imu timeoffset = 0.00014
cam0 intrinsics = 459.675,458.835,362.336,245.185 | -0.277,0.070,0.001,0.001
cam1 intrinsics = 457.657,458.007,378.782,253.677 | -0.274,0.064,-0.000,-0.001
cam0 extrinsics = -0.003,0.008,0.701,0.713 | 0.041,-0.015,-0.007
cam1 extrinsics = -0.002,0.012,0.702,0.712 | -0.077,-0.019,-0.001
q_GtoI = -0.677,-0.417,-0.514,0.323 | p_IinG = 0.430,1.584,0.643 | dist = 4.15 (meters)
bg = -0.0005,0.0222,0.0819 | ba = 0.0097,0.0156,0.0771
camera-imu timeoffset = 0.00016
cam0 intrinsics = 459.580,458.882,362.308,245.206 | -0.277,0.070,0.001,0.001
cam1 intrinsics = 457.585,458.050,378.766,253.704 | -0.274,0.064,-0.000,-0.001
cam0 extrinsics = -0.003,0.008,0.701,0.713 | 0.040,-0.016,-0.007
cam1 extrinsics = -0.002,0.012,0.702,0.712 | -0.078,-0.020,-0.000
q_GtoI = -0.674,-0.428,-0.505,0.329 | p_IinG = 0.365,1.617,0.626 | dist = 4.22 (meters)
bg = -0.0005,0.0221,0.0816 | ba = 0.0104,0.0139,0.0765
camera-imu timeoffset = 0.00016
cam0 intrinsics = 459.505,458.946,362.308,245.207 | -0.277,0.070,0.001,0.000
cam1 intrinsics = 457.529,458.103,378.764,253.704 | -0.274,0.063,-0.000,-0.002
cam0 extrinsics = -0.003,0.008,0.701,0.713 | 0.039,-0.016,-0.007
cam1 extrinsics = -0.002,0.012,0.702,0.712 | -0.079,-0.020,-0.000
q_GtoI = -0.669,-0.438,-0.498,0.334 | p_IinG = 0.300,1.648,0.610 | dist = 4.30 (meters)
bg = -0.0005,0.0221,0.0815 | ba = 0.0107,0.0133,0.0763
camera-imu timeoffset = 0.00016
cam0 intrinsics = 459.473,458.982,362.303,245.198 | -0.277,0.070,0.001,0.000
cam1 intrinsics = 457.499,458.122,378.759,253.721 | -0.274,0.063,-0.000,-0.002
cam0 extrinsics = -0.003,0.008,0.701,0.713 | 0.038,-0.017,-0.007
cam1 extrinsics = -0.002,0.012,0.702,0.712 | -0.080,-0.020,-0.000
q_GtoI = -0.666,-0.447,-0.490,0.342 | p_IinG = 0.238,1.672,0.593 | dist = 4.37 (meters)
bg = -0.0010,0.0219,0.0812 | ba = 0.0110,0.0157,0.0784
camera-imu timeoffset = 0.00016
cam0 intrinsics = 459.424,458.990,362.292,245.180 | -0.277,0.070,0.001,0.000
cam1 intrinsics = 457.465,458.125,378.730,253.756 | -0.273,0.063,-0.000,-0.002
cam0 extrinsics = -0.003,0.008,0.701,0.713 | 0.041,-0.017,-0.007
cam1 extrinsics = -0.002,0.012,0.702,0.712 | -0.078,-0.020,0.000
q_GtoI = -0.660,-0.457,-0.484,0.348 | p_IinG = 0.175,1.699,0.578 | dist = 4.44 (meters)
bg = -0.0012,0.0222,0.0812 | ba = 0.0098,0.0163,0.0788
camera-imu timeoffset = 0.00016
cam0 intrinsics = 459.442,458.992,362.300,245.187 | -0.277,0.070,0.001,0.000
cam1 intrinsics = 457.473,458.112,378.697,253.791 | -0.273,0.063,-0.000,-0.001
cam0 extrinsics = -0.003,0.008,0.701,0.713 | 0.041,-0.017,-0.007
cam1 extrinsics = -0.002,0.012,0.702,0.712 | -0.077,-0.020,0.000
q_GtoI = -0.653,-0.466,-0.482,0.353 | p_IinG = 0.113,1.726,0.560 | dist = 4.51 (meters)
bg = -0.0014,0.0224,0.0812 | ba = 0.0106,0.0163,0.0778
camera-imu timeoffset = 0.00015
cam0 intrinsics = 459.459,458.981,362.258,245.176 | -0.277,0.070,0.001,0.000
cam1 intrinsics = 457.485,458.079,378.641,253.785 | -0.273,0.063,-0.000,-0.001
cam0 extrinsics = -0.003,0.007,0.701,0.713 | 0.042,-0.017,-0.007
cam1 extrinsics = -0.002,0.012,0.702,0.712 | -0.076,-0.021,0.000
q_GtoI = -0.646,-0.475,-0.482,0.353 | p_IinG = 0.051,1.750,0.542 | dist = 4.58 (meters)
bg = -0.0016,0.0225,0.0812 | ba = 0.0112,0.0167,0.0777
camera-imu timeoffset = 0.00014
cam0 intrinsics = 459.480,458.995,362.253,245.158 | -0.277,0.070,0.001,0.000
cam1 intrinsics = 457.499,458.061,378.612,253.783 | -0.273,0.063,-0.000,-0.001
cam0 extrinsics = -0.003,0.008,0.701,0.713 | 0.043,-0.017,-0.007
cam1 extrinsics = -0.002,0.012,0.702,0.712 | -0.075,-0.021,0.000
q_GtoI = -0.641,-0.482,-0.480,0.356 | p_IinG = -0.011,1.769,0.521 | dist = 4.65 (meters)
bg = -0.0018,0.0221,0.0809 | ba = 0.0129,0.0192,0.0786
camera-imu timeoffset = 0.00014
cam0 intrinsics = 459.471,459.016,362.390,245.099 | -0.277,0.070,0.001,0.000
cam1 intrinsics = 457.486,458.057,378.666,253.738 | -0.273,0.063,-0.000,-0.001
cam0 extrinsics = -0.003,0.008,0.701,0.713 | 0.044,-0.017,-0.007
cam1 extrinsics = -0.002,0.012,0.702,0.712 | -0.075,-0.020,0.000
q_GtoI = -0.638,-0.489,-0.477,0.356 | p_IinG = -0.072,1.791,0.502 | dist = 4.72 (meters)
bg = -0.0019,0.0222,0.0807 | ba = 0.0135,0.0193,0.0785
camera-imu timeoffset = 0.00015
cam0 intrinsics = 459.465,459.012,362.368,245.105 | -0.277,0.070,0.001,0.000
cam1 intrinsics = 457.488,458.054,378.655,253.736 | -0.272,0.063,-0.000,-0.001
cam0 extrinsics = -0.003,0.008,0.701,0.713 | 0.044,-0.017,-0.007
cam1 extrinsics = -0.002,0.012,0.702,0.712 | -0.074,-0.020,0.000
q_GtoI = -0.638,-0.493,-0.471,0.358 | p_IinG = -0.134,1.811,0.485 | dist = 4.78 (meters)
bg = -0.0020,0.0222,0.0805 | ba = 0.0125,0.0202,0.0788
camera-imu timeoffset = 0.00015
cam0 intrinsics = 459.478,459.001,362.365,245.099 | -0.277,0.070,0.001,0.000
cam1 intrinsics = 457.502,458.039,378.613,253.722 | -0.272,0.063,-0.000,-0.001
cam0 extrinsics = -0.003,0.008,0.701,0.713 | 0.044,-0.017,-0.007
cam1 extrinsics = -0.002,0.012,0.702,0.712 | -0.074,-0.020,0.000
q_GtoI = -0.638,-0.495,-0.466,0.361 | p_IinG = -0.196,1.831,0.469 | dist = 4.85 (meters)
bg = -0.0019,0.0222,0.0804 | ba = 0.0111,0.0212,0.0793
camera-imu timeoffset = 0.00015
cam0 intrinsics = 459.493,458.996,362.387,245.093 | -0.277,0.070,0.001,0.000
cam1 intrinsics = 457.526,458.035,378.628,253.729 | -0.272,0.063,-0.000,-0.001
cam0 extrinsics = -0.003,0.008,0.701,0.713 | 0.044,-0.017,-0.007
cam1 extrinsics = -0.002,0.012,0.702,0.712 | -0.075,-0.020,0.000
q_GtoI = -0.642,-0.494,-0.458,0.366 | p_IinG = -0.256,1.848,0.454 | dist = 4.91 (meters)
bg = -0.0021,0.0222,0.0803 | ba = 0.0092,0.0226,0.0807
camera-imu timeoffset = 0.00015
cam0 intrinsics = 459.491,458.991,362.344,245.119 | -0.277,0.070,0.001,0.000
cam1 intrinsics = 457.530,458.029,378.586,253.741 | -0.272,0.063,-0.000,-0.001
cam0 extrinsics = -0.003,0.008,0.701,0.713 | 0.044,-0.017,-0.007
cam1 extrinsics = -0.002,0.012,0.702,0.712 | -0.074,-0.021,0.000
q_GtoI = -0.645,-0.493,-0.452,0.369 | p_IinG = -0.317,1.864,0.439 | dist = 4.98 (meters)
bg = -0.0021,0.0221,0.0802 | ba = 0.0071,0.0246,0.0830
camera-imu timeoffset = 0.00014
cam0 intrinsics = 459.462,458.996,362.302,245.160 | -0.277,0.070,0.001,0.000
cam1 intrinsics = 457.526,458.050,378.576,253.761 | -0.272,0.063,-0.000,-0.001
cam0 extrinsics = -0.003,0.007,0.701,0.713 | 0.044,-0.017,-0.007
cam1 extrinsics = -0.001,0.012,0.702,0.712 | -0.074,-0.020,0.000
q_GtoI = -0.647,-0.494,-0.448,0.369 | p_IinG = -0.375,1.879,0.426 | dist = 5.04 (meters)
bg = -0.0021,0.0222,0.0801 | ba = 0.0047,0.0259,0.0850
camera-imu timeoffset = 0.00014
cam0 intrinsics = 459.442,459.010,362.297,245.198 | -0.277,0.070,0.001,0.000
cam1 intrinsics = 457.516,458.067,378.568,253.795 | -0.272,0.063,-0.000,-0.001
cam0 extrinsics = -0.003,0.007,0.701,0.713 | 0.044,-0.017,-0.007
cam1 extrinsics = -0.001,0.012,0.702,0.712 | -0.074,-0.020,0.001
q_GtoI = -0.650,-0.494,-0.444,0.369 | p_IinG = -0.431,1.890,0.415 | dist = 5.10 (meters)
bg = -0.0021,0.0222,0.0801 | ba = 0.0035,0.0282,0.0876
camera-imu timeoffset = 0.00014
cam0 intrinsics = 459.448,459.026,362.311,245.173 | -0.277,0.070,0.001,0.000
cam1 intrinsics = 457.500,458.076,378.529,253.802 | -0.272,0.063,-0.000,-0.001
cam0 extrinsics = -0.003,0.007,0.701,0.713 | 0.044,-0.017,-0.006
cam1 extrinsics = -0.001,0.012,0.702,0.712 | -0.074,-0.020,0.001
q_GtoI = -0.652,-0.492,-0.443,0.369 | p_IinG = -0.489,1.907,0.404 | dist = 5.16 (meters)
bg = -0.0018,0.0223,0.0802 | ba = 0.0038,0.0300,0.0877
camera-imu timeoffset = 0.00014
cam0 intrinsics = 459.457,459.029,362.339,245.194 | -0.277,0.070,0.001,0.000
cam1 intrinsics = 457.519,458.082,378.560,253.851 | -0.272,0.063,-0.000,-0.001
cam0 extrinsics = -0.003,0.007,0.701,0.713 | 0.044,-0.017,-0.006
cam1 extrinsics = -0.002,0.012,0.702,0.712 | -0.074,-0.021,0.001
q_GtoI = -0.653,-0.490,-0.444,0.369 | p_IinG = -0.542,1.922,0.396 | dist = 5.22 (meters)
bg = -0.0019,0.0226,0.0802 | ba = 0.0043,0.0308,0.0866
camera-imu timeoffset = 0.00013
cam0 intrinsics = 459.475,459.034,362.413,245.188 | -0.276,0.070,0.001,0.000
cam1 intrinsics = 457.548,458.080,378.570,253.858 | -0.272,0.063,-0.000,-0.001
cam0 extrinsics = -0.003,0.008,0.701,0.713 | 0.044,-0.018,-0.006
cam1 extrinsics = -0.002,0.012,0.702,0.712 | -0.074,-0.021,0.001
q_GtoI = -0.654,-0.490,-0.446,0.366 | p_IinG = -0.598,1.939,0.387 | dist = 5.27 (meters)
bg = -0.0018,0.0228,0.0803 | ba = 0.0052,0.0313,0.0848
camera-imu timeoffset = 0.00012
cam0 intrinsics = 459.480,459.004,362.410,245.217 | -0.276,0.070,0.001,0.000
cam1 intrinsics = 457.602,458.080,378.584,253.862 | -0.272,0.063,-0.000,-0.001
cam0 extrinsics = -0.003,0.008,0.701,0.713 | 0.045,-0.018,-0.007
cam1 extrinsics = -0.002,0.012,0.702,0.712 | -0.073,-0.021,0.001
q_GtoI = -0.650,-0.493,-0.454,0.357 | p_IinG = -0.650,1.953,0.378 | dist = 5.32 (meters)
bg = -0.0020,0.0229,0.0808 | ba = 0.0063,0.0290,0.0845
camera-imu timeoffset = 0.00012
cam0 intrinsics = 459.528,458.972,362.422,245.263 | -0.276,0.070,0.001,0.000
cam1 intrinsics = 457.655,458.051,378.517,253.874 | -0.272,0.063,-0.000,-0.001
cam0 extrinsics = -0.003,0.008,0.701,0.713 | 0.045,-0.018,-0.007
cam1 extrinsics = -0.001,0.012,0.702,0.712 | -0.073,-0.021,0.000
q_GtoI = -0.646,-0.497,-0.463,0.347 | p_IinG = -0.694,1.963,0.375 | dist = 5.37 (meters)
bg = -0.0023,0.0230,0.0809 | ba = 0.0059,0.0267,0.0851
camera-imu timeoffset = 0.00012
cam0 intrinsics = 459.506,458.974,362.391,245.280 | -0.276,0.070,0.001,0.000
cam1 intrinsics = 457.658,458.089,378.549,253.860 | -0.272,0.063,-0.000,-0.001
cam0 extrinsics = -0.002,0.008,0.701,0.713 | 0.046,-0.018,-0.007
cam1 extrinsics = -0.001,0.012,0.702,0.712 | -0.073,-0.021,0.001
q_GtoI = -0.643,-0.500,-0.470,0.339 | p_IinG = -0.743,1.978,0.371 | dist = 5.42 (meters)
bg = -0.0024,0.0229,0.0810 | ba = 0.0064,0.0262,0.0850
camera-imu timeoffset = 0.00012
cam0 intrinsics = 459.502,458.964,362.385,245.296 | -0.276,0.070,0.001,0.000
cam1 intrinsics = 457.660,458.081,378.538,253.866 | -0.272,0.063,-0.000,-0.001
cam0 extrinsics = -0.002,0.008,0.701,0.713 | 0.046,-0.018,-0.007
cam1 extrinsics = -0.001,0.012,0.702,0.712 | -0.073,-0.021,0.001
q_GtoI = -0.643,-0.502,-0.474,0.331 | p_IinG = -0.795,1.993,0.369 | dist = 5.48 (meters)
bg = -0.0024,0.0229,0.0810 | ba = 0.0068,0.0263,0.0844
camera-imu timeoffset = 0.00013
cam0 intrinsics = 459.481,458.964,362.372,245.306 | -0.276,0.070,0.001,0.000
cam1 intrinsics = 457.644,458.083,378.517,253.879 | -0.272,0.063,-0.000,-0.001
cam0 extrinsics = -0.002,0.008,0.701,0.713 | 0.046,-0.018,-0.008
cam1 extrinsics = -0.001,0.012,0.702,0.712 | -0.072,-0.021,0.000
q_GtoI = -0.643,-0.504,-0.477,0.324 | p_IinG = -0.848,2.008,0.370 | dist = 5.53 (meters)
bg = -0.0022,0.0227,0.0810 | ba = 0.0067,0.0262,0.0840
camera-imu timeoffset = 0.00013
cam0 intrinsics = 459.453,458.966,362.336,245.303 | -0.276,0.070,0.001,0.000
cam1 intrinsics = 457.623,458.073,378.506,253.907 | -0.272,0.063,-0.000,-0.001
cam0 extrinsics = -0.002,0.008,0.701,0.713 | 0.046,-0.019,-0.008
cam1 extrinsics = -0.001,0.012,0.702,0.712 | -0.072,-0.022,0.000
q_GtoI = -0.645,-0.501,-0.478,0.323 | p_IinG = -0.903,2.023,0.375 | dist = 5.58 (meters)
bg = -0.0021,0.0225,0.0811 | ba = 0.0047,0.0262,0.0839
camera-imu timeoffset = 0.00012
cam0 intrinsics = 459.387,458.967,362.328,245.321 | -0.276,0.070,0.001,0.000
cam1 intrinsics = 457.569,458.074,378.470,253.927 | -0.272,0.063,-0.000,-0.001
cam0 extrinsics = -0.002,0.008,0.701,0.713 | 0.047,-0.018,-0.008
cam1 extrinsics = -0.001,0.012,0.702,0.712 | -0.072,-0.022,0.000
q_GtoI = -0.648,-0.498,-0.477,0.324 | p_IinG = -0.956,2.037,0.384 | dist = 5.64 (meters)
bg = -0.0019,0.0223,0.0812 | ba = 0.0015,0.0262,0.0839
camera-imu timeoffset = 0.00012
cam0 intrinsics = 459.382,458.964,362.331,245.319 | -0.276,0.070,0.000,0.000
cam1 intrinsics = 457.592,458.091,378.465,253.904 | -0.272,0.063,-0.000,-0.001
cam0 extrinsics = -0.002,0.008,0.701,0.713 | 0.047,-0.018,-0.008
cam1 extrinsics = -0.001,0.012,0.702,0.712 | -0.071,-0.021,0.000
q_GtoI = -0.652,-0.495,-0.472,0.327 | p_IinG = -1.010,2.051,0.398 | dist = 5.70 (meters)
bg = -0.0017,0.0222,0.0812 | ba = -0.0010,0.0258,0.0841
camera-imu timeoffset = 0.00012
cam0 intrinsics = 459.377,458.977,362.351,245.304 | -0.276,0.070,0.000,0.000
cam1 intrinsics = 457.588,458.106,378.460,253.922 | -0.272,0.063,-0.000,-0.001
cam0 extrinsics = -0.002,0.008,0.701,0.713 | 0.049,-0.018,-0.007
cam1 extrinsics = -0.001,0.012,0.702,0.712 | -0.069,-0.021,0.000
q_GtoI = -0.656,-0.492,-0.469,0.329 | p_IinG = -1.065,2.067,0.414 | dist = 5.75 (meters)
bg = -0.0014,0.0221,0.0812 | ba = -0.0037,0.0249,0.0851
camera-imu timeoffset = 0.00013
cam0 intrinsics = 459.320,458.983,362.445,245.389 | -0.276,0.069,0.000,0.000
cam1 intrinsics = 457.580,458.143,378.471,253.951 | -0.272,0.063,-0.000,-0.001
cam0 extrinsics = -0.002,0.008,0.701,0.713 | 0.049,-0.017,-0.007
cam1 extrinsics = -0.001,0.012,0.702,0.712 | -0.068,-0.020,0.001
q_GtoI = -0.659,-0.489,-0.466,0.332 | p_IinG = -1.122,2.084,0.433 | dist = 5.82 (meters)
bg = -0.0010,0.0222,0.0812 | ba = -0.0056,0.0240,0.0854
camera-imu timeoffset = 0.00012
cam0 intrinsics = 459.277,458.978,362.453,245.442 | -0.276,0.069,0.000,0.000
cam1 intrinsics = 457.587,458.171,378.476,253.956 | -0.272,0.063,-0.000,-0.001
cam0 extrinsics = -0.002,0.008,0.701,0.713 | 0.050,-0.017,-0.007
cam1 extrinsics = -0.001,0.012,0.702,0.712 | -0.068,-0.020,0.001
q_GtoI = -0.660,-0.487,-0.465,0.334 | p_IinG = -1.178,2.102,0.451 | dist = 5.88 (meters)
bg = -0.0008,0.0223,0.0812 | ba = -0.0073,0.0235,0.0856
camera-imu timeoffset = 0.00013
cam0 intrinsics = 459.257,458.996,362.393,245.467 | -0.276,0.069,0.000,0.000
cam1 intrinsics = 457.581,458.188,378.430,253.971 | -0.272,0.063,-0.000,-0.001
cam0 extrinsics = -0.002,0.008,0.701,0.713 | 0.050,-0.017,-0.007
cam1 extrinsics = -0.001,0.012,0.702,0.712 | -0.068,-0.019,0.001
q_GtoI = -0.660,-0.486,-0.464,0.335 | p_IinG = -1.233,2.120,0.467 | dist = 5.93 (meters)
bg = -0.0005,0.0225,0.0812 | ba = -0.0093,0.0232,0.0860
camera-imu timeoffset = 0.00013
cam0 intrinsics = 459.242,459.013,362.365,245.481 | -0.276,0.069,0.000,0.000
cam1 intrinsics = 457.576,458.208,378.390,253.976 | -0.272,0.063,-0.000,-0.001
cam0 extrinsics = -0.002,0.008,0.701,0.713 | 0.050,-0.017,-0.007
cam1 extrinsics = -0.001,0.012,0.702,0.712 | -0.068,-0.019,0.001
q_GtoI = -0.660,-0.485,-0.464,0.336 | p_IinG = -1.288,2.139,0.480 | dist = 5.99 (meters)
bg = -0.0002,0.0226,0.0812 | ba = -0.0119,0.0219,0.0861
camera-imu timeoffset = 0.00012
cam0 intrinsics = 459.213,459.034,362.341,245.480 | -0.276,0.069,0.000,0.000
cam1 intrinsics = 457.568,458.243,378.358,253.963 | -0.272,0.063,-0.000,-0.001
cam0 extrinsics = -0.002,0.008,0.701,0.713 | 0.049,-0.016,-0.007
cam1 extrinsics = -0.001,0.012,0.702,0.712 | -0.068,-0.019,0.001
q_GtoI = -0.659,-0.485,-0.465,0.337 | p_IinG = -1.342,2.159,0.490 | dist = 6.05 (meters)
bg = 0.0000,0.0226,0.0813 | ba = -0.0140,0.0208,0.0863
camera-imu timeoffset = 0.00012
cam0 intrinsics = 459.214,459.037,362.332,245.475 | -0.276,0.069,0.000,0.000
cam1 intrinsics = 457.576,458.246,378.332,253.960 | -0.272,0.063,-0.000,-0.001
cam0 extrinsics = -0.002,0.008,0.701,0.713 | 0.049,-0.016,-0.007
cam1 extrinsics = -0.001,0.012,0.702,0.712 | -0.068,-0.019,0.001
q_GtoI = -0.659,-0.485,-0.464,0.338 | p_IinG = -1.396,2.179,0.498 | dist = 6.11 (meters)
bg = 0.0003,0.0227,0.0813 | ba = -0.0157,0.0204,0.0864
camera-imu timeoffset = 0.00011
cam0 intrinsics = 459.215,459.041,362.324,245.457 | -0.276,0.069,0.000,0.000
cam1 intrinsics = 457.581,458.247,378.308,253.950 | -0.273,0.063,-0.000,-0.001
cam0 extrinsics = -0.002,0.008,0.701,0.713 | 0.049,-0.017,-0.007
cam1 extrinsics = -0.001,0.012,0.702,0.712 | -0.069,-0.019,0.001
q_GtoI = -0.659,-0.486,-0.464,0.339 | p_IinG = -1.449,2.200,0.502 | dist = 6.16 (meters)
bg = 0.0005,0.0228,0.0814 | ba = -0.0171,0.0195,0.0864
camera-imu timeoffset = 0.00012
cam0 intrinsics = 459.215,459.043,362.315,245.447 | -0.276,0.069,0.000,0.000
cam1 intrinsics = 457.584,458.246,378.285,253.951 | -0.273,0.063,-0.000,-0.001
cam0 extrinsics = -0.002,0.008,0.701,0.713 | 0.048,-0.017,-0.007
cam1 extrinsics = -0.001,0.012,0.702,0.712 | -0.069,-0.019,0.001
q_GtoI = -0.659,-0.487,-0.464,0.338 | p_IinG = -1.502,2.221,0.503 | dist = 6.22 (meters)
bg = 0.0007,0.0229,0.0814 | ba = -0.0177,0.0187,0.0862
camera-imu timeoffset = 0.00012
cam0 intrinsics = 459.212,459.046,362.300,245.436 | -0.276,0.069,0.000,0.000
cam1 intrinsics = 457.584,458.247,378.268,253.943 | -0.273,0.063,-0.000,-0.001
cam0 extrinsics = -0.002,0.008,0.701,0.713 | 0.048,-0.017,-0.007
cam1 extrinsics = -0.001,0.012,0.702,0.712 | -0.069,-0.019,0.001
q_GtoI = -0.659,-0.487,-0.463,0.338 | p_IinG = -1.553,2.243,0.501 | dist = 6.27 (meters)
bg = 0.0010,0.0230,0.0815 | ba = -0.0186,0.0176,0.0865
camera-imu timeoffset = 0.00011
cam0 intrinsics = 459.211,459.051,362.276,245.420 | -0.276,0.069,0.000,0.000
cam1 intrinsics = 457.581,458.246,378.238,253.933 | -0.273,0.063,-0.000,-0.002
cam0 extrinsics = -0.002,0.008,0.701,0.713 | 0.048,-0.017,-0.007
cam1 extrinsics = -0.001,0.012,0.702,0.713 | -0.069,-0.020,0.001
q_GtoI = -0.662,-0.483,-0.458,0.345 | p_IinG = -1.604,2.264,0.496 | dist = 6.32 (meters)
bg = 0.0010,0.0230,0.0814 | ba = -0.0201,0.0166,0.0872
camera-imu timeoffset = 0.00010
cam0 intrinsics = 459.186,459.064,362.216,245.418 | -0.276,0.069,0.000,-0.000
cam1 intrinsics = 457.569,458.261,378.185,253.918 | -0.273,0.063,-0.000,-0.002
cam0 extrinsics = -0.002,0.008,0.701,0.713 | 0.048,-0.017,-0.007
cam1 extrinsics = -0.001,0.012,0.702,0.713 | -0.069,-0.019,0.001
q_GtoI = -0.666,-0.477,-0.451,0.354 | p_IinG = -1.653,2.287,0.491 | dist = 6.38 (meters)
bg = 0.0011,0.0230,0.0816 | ba = -0.0220,0.0162,0.0893
camera-imu timeoffset = 0.00010
cam0 intrinsics = 459.204,459.073,362.202,245.395 | -0.276,0.070,0.000,-0.000
cam1 intrinsics = 457.569,458.253,378.157,253.940 | -0.273,0.063,-0.000,-0.001
cam0 extrinsics = -0.002,0.008,0.701,0.713 | 0.049,-0.017,-0.007
cam1 extrinsics = -0.001,0.012,0.702,0.713 | -0.068,-0.020,0.001
q_GtoI = -0.671,-0.470,-0.442,0.365 | p_IinG = -1.702,2.308,0.485 | dist = 6.43 (meters)
bg = 0.0011,0.0230,0.0817 | ba = -0.0239,0.0160,0.0919
camera-imu timeoffset = 0.00009
cam0 intrinsics = 459.177,459.110,362.126,245.395 | -0.276,0.070,0.000,-0.000
cam1 intrinsics = 457.537,458.271,378.097,253.962 | -0.273,0.063,-0.000,-0.001
cam0 extrinsics = -0.002,0.008,0.701,0.713 | 0.051,-0.017,-0.007
cam1 extrinsics = -0.001,0.012,0.702,0.713 | -0.066,-0.020,0.001
q_GtoI = -0.676,-0.465,-0.434,0.373 | p_IinG = -1.747,2.329,0.480 | dist = 6.48 (meters)
bg = 0.0012,0.0229,0.0819 | ba = -0.0261,0.0162,0.0945
camera-imu timeoffset = 0.00010
cam0 intrinsics = 459.157,459.160,362.080,245.393 | -0.277,0.070,0.000,-0.000
cam1 intrinsics = 457.507,458.284,378.037,254.000 | -0.273,0.063,-0.000,-0.001
cam0 extrinsics = -0.002,0.008,0.701,0.713 | 0.052,-0.017,-0.007
cam1 extrinsics = -0.001,0.012,0.702,0.713 | -0.065,-0.020,0.001
q_GtoI = -0.680,-0.459,-0.427,0.381 | p_IinG = -1.791,2.349,0.474 | dist = 6.52 (meters)
bg = 0.0012,0.0228,0.0819 | ba = -0.0278,0.0162,0.0967
camera-imu timeoffset = 0.00010
cam0 intrinsics = 459.099,459.240,361.981,245.400 | -0.277,0.070,0.000,-0.000
cam1 intrinsics = 457.431,458.323,377.976,254.063 | -0.273,0.063,-0.000,-0.001
cam0 extrinsics = -0.002,0.008,0.701,0.713 | 0.053,-0.018,-0.007
cam1 extrinsics = -0.001,0.012,0.702,0.713 | -0.064,-0.020,0.001
q_GtoI = -0.684,-0.453,-0.420,0.388 | p_IinG = -1.830,2.368,0.467 | dist = 6.57 (meters)
bg = 0.0012,0.0228,0.0819 | ba = -0.0289,0.0159,0.0978
camera-imu timeoffset = 0.00010
cam0 intrinsics = 459.067,459.295,361.934,245.405 | -0.277,0.070,0.000,-0.000
cam1 intrinsics = 457.375,458.340,377.947,254.115 | -0.273,0.063,-0.000,-0.001
cam0 extrinsics = -0.002,0.008,0.701,0.713 | 0.054,-0.018,-0.007
cam1 extrinsics = -0.001,0.012,0.702,0.713 | -0.064,-0.020,0.001
q_GtoI = -0.688,-0.447,-0.412,0.397 | p_IinG = -1.865,2.386,0.458 | dist = 6.61 (meters)
bg = 0.0012,0.0226,0.0819 | ba = -0.0305,0.0152,0.0990
camera-imu timeoffset = 0.00010
cam0 intrinsics = 459.055,459.342,361.978,245.366 | -0.277,0.070,0.000,-0.000
cam1 intrinsics = 457.330,458.340,377.977,254.132 | -0.272,0.063,-0.000,-0.001
cam0 extrinsics = -0.002,0.008,0.701,0.713 | 0.054,-0.018,-0.007
cam1 extrinsics = -0.001,0.012,0.702,0.713 | -0.063,-0.020,0.001
q_GtoI = -0.692,-0.440,-0.404,0.405 | p_IinG = -1.892,2.399,0.447 | dist = 6.64 (meters)
bg = 0.0011,0.0226,0.0820 | ba = -0.0319,0.0146,0.1003
camera-imu timeoffset = 0.00010
cam0 intrinsics = 459.024,459.405,361.892,245.403 | -0.277,0.070,0.000,-0.000
cam1 intrinsics = 457.275,458.360,377.910,254.216 | -0.272,0.063,-0.000,-0.001
cam0 extrinsics = -0.002,0.008,0.701,0.713 | 0.055,-0.018,-0.006
cam1 extrinsics = -0.001,0.012,0.702,0.713 | -0.063,-0.020,0.001
q_GtoI = -0.697,-0.432,-0.396,0.414 | p_IinG = -1.915,2.412,0.434 | dist = 6.67 (meters)
bg = 0.0009,0.0225,0.0821 | ba = -0.0327,0.0142,0.1012
camera-imu timeoffset = 0.00009
cam0 intrinsics = 458.994,459.468,361.824,245.418 | -0.277,0.070,0.000,-0.000
cam1 intrinsics = 457.221,458.384,377.854,254.280 | -0.272,0.063,-0.000,-0.001
cam0 extrinsics = -0.002,0.008,0.701,0.713 | 0.055,-0.018,-0.006
cam1 extrinsics = -0.001,0.012,0.702,0.713 | -0.062,-0.020,0.001
q_GtoI = -0.700,-0.425,-0.389,0.423 | p_IinG = -1.930,2.420,0.417 | dist = 6.70 (meters)
bg = 0.0007,0.0223,0.0822 | ba = -0.0329,0.0133,0.1022
camera-imu timeoffset = 0.00010
cam0 intrinsics = 458.975,459.537,361.757,245.445 | -0.277,0.070,0.000,-0.000
cam1 intrinsics = 457.180,458.409,377.788,254.342 | -0.272,0.063,-0.000,-0.001
cam0 extrinsics = -0.002,0.008,0.701,0.713 | 0.056,-0.018,-0.006
cam1 extrinsics = -0.001,0.012,0.702,0.713 | -0.061,-0.020,0.002
q_GtoI = -0.704,-0.417,-0.381,0.431 | p_IinG = -1.939,2.428,0.399 | dist = 6.73 (meters)
bg = 0.0006,0.0222,0.0824 | ba = -0.0334,0.0128,0.1029
camera-imu timeoffset = 0.00010
cam0 intrinsics = 458.951,459.592,361.734,245.420 | -0.277,0.070,0.000,-0.000
cam1 intrinsics = 457.133,458.425,377.803,254.366 | -0.272,0.063,-0.000,-0.001
cam0 extrinsics = -0.002,0.008,0.701,0.713 | 0.056,-0.017,-0.005
cam1 extrinsics = -0.001,0.011,0.702,0.713 | -0.061,-0.020,0.002
q_GtoI = -0.706,-0.409,-0.375,0.439 | p_IinG = -1.941,2.434,0.379 | dist = 6.75 (meters)
bg = 0.0005,0.0221,0.0824 | ba = -0.0343,0.0122,0.1036
camera-imu timeoffset = 0.00009
cam0 intrinsics = 458.913,459.675,361.721,245.413 | -0.277,0.070,0.000,-0.000
cam1 intrinsics = 457.070,458.466,377.804,254.406 | -0.272,0.063,-0.000,-0.001
cam0 extrinsics = -0.002,0.008,0.701,0.713 | 0.056,-0.017,-0.005
cam1 extrinsics = -0.001,0.011,0.702,0.713 | -0.060,-0.020,0.002
q_GtoI = -0.707,-0.403,-0.373,0.446 | p_IinG = -1.935,2.439,0.359 | dist = 6.77 (meters)
bg = 0.0003,0.0220,0.0825 | ba = -0.0352,0.0118,0.1042
camera-imu timeoffset = 0.00010
cam0 intrinsics = 458.888,459.740,361.716,245.398 | -0.277,0.070,0.000,-0.000
cam1 intrinsics = 457.018,458.491,377.802,254.430 | -0.272,0.063,-0.001,-0.001
cam0 extrinsics = -0.002,0.007,0.701,0.713 | 0.056,-0.017,-0.004
cam1 extrinsics = -0.001,0.011,0.702,0.713 | -0.060,-0.019,0.003
q_GtoI = -0.706,-0.398,-0.375,0.450 | p_IinG = -1.920,2.441,0.340 | dist = 6.80 (meters)
bg = 0.0002,0.0219,0.0825 | ba = -0.0366,0.0117,0.1043
camera-imu timeoffset = 0.00010
cam0 intrinsics = 458.844,459.808,361.715,245.384 | -0.277,0.070,0.000,-0.000
cam1 intrinsics = 456.955,458.529,377.813,254.453 | -0.272,0.063,-0.001,-0.001
cam0 extrinsics = -0.002,0.007,0.701,0.713 | 0.056,-0.017,-0.004
cam1 extrinsics = -0.001,0.011,0.701,0.713 | -0.060,-0.019,0.003
q_GtoI = -0.707,-0.394,-0.374,0.454 | p_IinG = -1.897,2.442,0.323 | dist = 6.82 (meters)
bg = 0.0001,0.0220,0.0824 | ba = -0.0388,0.0121,0.1041
camera-imu timeoffset = 0.00009
cam0 intrinsics = 458.777,459.879,361.740,245.438 | -0.277,0.070,0.000,-0.000
cam1 intrinsics = 456.912,458.590,377.813,254.500 | -0.272,0.063,-0.001,-0.001
cam0 extrinsics = -0.002,0.007,0.701,0.713 | 0.056,-0.017,-0.004
cam1 extrinsics = -0.001,0.011,0.701,0.713 | -0.060,-0.019,0.003
q_GtoI = -0.707,-0.391,-0.371,0.457 | p_IinG = -1.864,2.440,0.307 | dist = 6.86 (meters)
bg = 0.0000,0.0221,0.0824 | ba = -0.0401,0.0117,0.1038
camera-imu timeoffset = 0.00008
cam0 intrinsics = 458.760,459.936,361.747,245.427 | -0.277,0.070,0.000,-0.000
cam1 intrinsics = 456.880,458.616,377.836,254.525 | -0.272,0.063,-0.001,-0.001
cam0 extrinsics = -0.002,0.007,0.701,0.713 | 0.056,-0.017,-0.004
cam1 extrinsics = -0.001,0.011,0.701,0.713 | -0.060,-0.019,0.003
q_GtoI = -0.709,-0.389,-0.368,0.459 | p_IinG = -1.822,2.434,0.293 | dist = 6.90 (meters)
bg = -0.0000,0.0222,0.0824 | ba = -0.0419,0.0116,0.1032
camera-imu timeoffset = 0.00009
cam0 intrinsics = 458.716,460.021,361.706,245.400 | -0.277,0.070,0.000,-0.000
cam1 intrinsics = 456.812,458.645,377.879,254.593 | -0.272,0.063,-0.001,-0.001
cam0 extrinsics = -0.002,0.007,0.701,0.713 | 0.055,-0.017,-0.003
cam1 extrinsics = -0.001,0.011,0.701,0.713 | -0.060,-0.019,0.003
q_GtoI = -0.710,-0.390,-0.368,0.457 | p_IinG = -1.770,2.427,0.281 | dist = 6.95 (meters)
bg = -0.0000,0.0222,0.0823 | ba = -0.0432,0.0111,0.1023
camera-imu timeoffset = 0.00009
cam0 intrinsics = 458.676,460.081,361.709,245.416 | -0.277,0.070,0.000,-0.000
cam1 intrinsics = 456.768,458.692,377.918,254.632 | -0.272,0.063,-0.001,-0.001
cam0 extrinsics = -0.002,0.007,0.701,0.713 | 0.055,-0.017,-0.003
cam1 extrinsics = -0.001,0.011,0.701,0.713 | -0.060,-0.019,0.004
q_GtoI = -0.708,-0.393,-0.372,0.454 | p_IinG = -1.710,2.416,0.272 | dist = 7.01 (meters)
bg = -0.0001,0.0221,0.0822 | ba = -0.0451,0.0118,0.1019
camera-imu timeoffset = 0.00009
cam0 intrinsics = 458.643,460.133,361.688,245.445 | -0.277,0.070,0.000,-0.000
cam1 intrinsics = 456.728,458.728,377.926,254.659 | -0.272,0.063,-0.001,-0.001
cam0 extrinsics = -0.002,0.007,0.701,0.713 | 0.054,-0.016,-0.002
cam1 extrinsics = -0.001,0.011,0.701,0.713 | -0.061,-0.018,0.004
q_GtoI = -0.707,-0.397,-0.376,0.449 | p_IinG = -1.641,2.403,0.264 | dist = 7.08 (meters)
bg = -0.0001,0.0220,0.0820 | ba = -0.0471,0.0125,0.1013
camera-imu timeoffset = 0.00009
cam0 intrinsics = 458.621,460.169,361.667,245.468 | -0.277,0.070,0.000,-0.000
cam1 intrinsics = 456.715,458.770,377.944,254.712 | -0.272,0.063,-0.001,-0.001
cam0 extrinsics = -0.002,0.007,0.701,0.713 | 0.053,-0.016,-0.002
cam1 extrinsics = -0.001,0.011,0.701,0.713 | -0.062,-0.018,0.004
q_GtoI = -0.704,-0.406,-0.385,0.438 | p_IinG = -1.565,2.389,0.257 | dist = 7.16 (meters)
bg = -0.0001,0.0219,0.0818 | ba = -0.0480,0.0127,0.1003
camera-imu timeoffset = 0.00007
cam0 intrinsics = 458.615,460.193,361.644,245.513 | -0.277,0.070,0.000,-0.000
cam1 intrinsics = 456.715,458.795,377.953,254.761 | -0.272,0.063,-0.001,-0.001
cam0 extrinsics = -0.002,0.007,0.701,0.713 | 0.053,-0.016,-0.002
cam1 extrinsics = -0.002,0.011,0.701,0.713 | -0.062,-0.018,0.004
q_GtoI = -0.696,-0.422,-0.402,0.420 | p_IinG = -1.480,2.372,0.254 | dist = 7.25 (meters)
bg = -0.0004,0.0219,0.0814 | ba = -0.0485,0.0137,0.0998
camera-imu timeoffset = 0.00004
cam0 intrinsics = 458.627,460.181,361.628,245.566 | -0.277,0.070,0.000,-0.000
cam1 intrinsics = 456.737,458.793,377.990,254.804 | -0.272,0.063,-0.001,-0.001
cam0 extrinsics = -0.002,0.007,0.701,0.713 | 0.053,-0.016,-0.002
cam1 extrinsics = -0.002,0.011,0.701,0.713 | -0.062,-0.018,0.004
q_GtoI = -0.686,-0.438,-0.421,0.401 | p_IinG = -1.390,2.354,0.251 | dist = 7.34 (meters)
bg = -0.0007,0.0219,0.0812 | ba = -0.0484,0.0143,0.1004
camera-imu timeoffset = 0.00003
cam0 intrinsics = 458.626,460.209,361.635,245.576 | -0.277,0.070,0.000,-0.000
cam1 intrinsics = 456.711,458.784,377.911,254.859 | -0.272,0.063,-0.001,-0.001
cam0 extrinsics = -0.002,0.007,0.701,0.713 | 0.053,-0.016,-0.002
cam1 extrinsics = -0.002,0.011,0.701,0.713 | -0.062,-0.018,0.004
q_GtoI = -0.677,-0.451,-0.437,0.385 | p_IinG = -1.296,2.336,0.252 | dist = 7.43 (meters)
bg = -0.0010,0.0221,0.0808 | ba = -0.0484,0.0153,0.0997
camera-imu timeoffset = 0.00005
cam0 intrinsics = 458.650,460.179,361.607,245.669 | -0.278,0.070,0.000,-0.000
cam1 intrinsics = 456.743,458.755,377.900,254.951 | -0.272,0.063,-0.001,-0.001
cam0 extrinsics = -0.002,0.007,0.701,0.713 | 0.053,-0.017,-0.002
cam1 extrinsics = -0.002,0.011,0.701,0.713 | -0.062,-0.019,0.004
q_GtoI = -0.668,-0.461,-0.449,0.373 | p_IinG = -1.200,2.318,0.254 | dist = 7.53 (meters)
bg = -0.0011,0.0224,0.0805 | ba = -0.0490,0.0163,0.0996
camera-imu timeoffset = 0.00006
cam0 intrinsics = 458.671,460.148,361.585,245.739 | -0.278,0.070,0.000,-0.000
cam1 intrinsics = 456.771,458.729,377.880,255.019 | -0.272,0.063,-0.001,-0.001
cam0 extrinsics = -0.002,0.007,0.701,0.713 | 0.052,-0.017,-0.002
cam1 extrinsics = -0.002,0.011,0.701,0.713 | -0.063,-0.019,0.004
q_GtoI = -0.662,-0.469,-0.458,0.363 | p_IinG = -1.103,2.301,0.257 | dist = 7.63 (meters)
bg = -0.0013,0.0228,0.0803 | ba = -0.0488,0.0171,0.0998
camera-imu timeoffset = 0.00008
cam0 intrinsics = 458.681,460.127,361.567,245.767 | -0.278,0.070,0.000,-0.000
cam1 intrinsics = 456.784,458.706,377.858,255.046 | -0.273,0.063,-0.001,-0.001
cam0 extrinsics = -0.002,0.007,0.701,0.713 | 0.052,-0.017,-0.003
cam1 extrinsics = -0.002,0.011,0.701,0.713 | -0.063,-0.019,0.004
q_GtoI = -0.658,-0.475,-0.463,0.356 | p_IinG = -1.007,2.286,0.260 | dist = 7.73 (meters)
bg = -0.0013,0.0232,0.0802 | ba = -0.0489,0.0186,0.0996
camera-imu timeoffset = 0.00009
cam0 intrinsics = 458.669,460.122,361.582,245.739 | -0.278,0.070,0.000,-0.000
cam1 intrinsics = 456.793,458.721,377.872,254.988 | -0.273,0.063,-0.001,-0.001
cam0 extrinsics = -0.002,0.007,0.701,0.713 | 0.052,-0.017,-0.003
cam1 extrinsics = -0.001,0.011,0.701,0.713 | -0.063,-0.019,0.004
q_GtoI = -0.656,-0.479,-0.467,0.351 | p_IinG = -0.911,2.269,0.264 | dist = 7.83 (meters)
bg = -0.0013,0.0235,0.0800 | ba = -0.0486,0.0198,0.1000
camera-imu timeoffset = 0.00010
cam0 intrinsics = 458.676,460.110,361.577,245.746 | -0.278,0.070,0.000,-0.000
cam1 intrinsics = 456.807,458.712,377.855,254.987 | -0.273,0.063,-0.001,-0.001
cam0 extrinsics = -0.002,0.007,0.701,0.713 | 0.052,-0.017,-0.003
cam1 extrinsics = -0.001,0.011,0.701,0.713 | -0.064,-0.019,0.004
q_GtoI = -0.653,-0.481,-0.470,0.349 | p_IinG = -0.817,2.253,0.269 | dist = 7.93 (meters)
bg = -0.0011,0.0238,0.0799 | ba = -0.0478,0.0203,0.1006
camera-imu timeoffset = 0.00011
cam0 intrinsics = 458.698,460.112,361.610,245.741 | -0.278,0.070,0.000,-0.000
cam1 intrinsics = 456.834,458.716,377.872,254.975 | -0.273,0.063,-0.001,-0.001
cam0 extrinsics = -0.002,0.007,0.701,0.713 | 0.051,-0.017,-0.003
cam1 extrinsics = -0.001,0.011,0.701,0.713 | -0.064,-0.019,0.004
q_GtoI = -0.651,-0.480,-0.473,0.349 | p_IinG = -0.723,2.235,0.275 | dist = 8.02 (meters)
bg = -0.0010,0.0240,0.0798 | ba = -0.0467,0.0208,0.1021
camera-imu timeoffset = 0.00010
cam0 intrinsics = 458.721,460.119,361.642,245.733 | -0.278,0.070,0.000,-0.000
cam1 intrinsics = 456.861,458.724,377.897,254.961 | -0.273,0.063,-0.001,-0.001
cam0 extrinsics = -0.002,0.007,0.701,0.713 | 0.050,-0.018,-0.003
cam1 extrinsics = -0.001,0.011,0.701,0.713 | -0.065,-0.019,0.004
q_GtoI = -0.648,-0.481,-0.476,0.350 | p_IinG = -0.629,2.216,0.281 | dist = 8.12 (meters)
bg = -0.0011,0.0242,0.0798 | ba = -0.0459,0.0213,0.1034
camera-imu timeoffset = 0.00011
cam0 intrinsics = 458.729,460.124,361.655,245.731 | -0.278,0.070,0.000,-0.000
cam1 intrinsics = 456.871,458.731,377.905,254.951 | -0.273,0.064,-0.001,-0.001
cam0 extrinsics = -0.002,0.007,0.701,0.713 | 0.050,-0.018,-0.003
cam1 extrinsics = -0.001,0.011,0.701,0.713 | -0.065,-0.020,0.004
q_GtoI = -0.645,-0.481,-0.480,0.351 | p_IinG = -0.536,2.196,0.289 | dist = 8.21 (meters)
bg = -0.0011,0.0243,0.0798 | ba = -0.0448,0.0215,0.1057
camera-imu timeoffset = 0.00010
cam0 intrinsics = 458.744,460.130,361.670,245.717 | -0.278,0.070,0.000,-0.000
cam1 intrinsics = 456.889,458.739,377.918,254.931 | -0.273,0.064,-0.001,-0.001
cam0 extrinsics = -0.002,0.007,0.701,0.713 | 0.050,-0.018,-0.002
cam1 extrinsics = -0.001,0.011,0.701,0.713 | -0.065,-0.020,0.004
q_GtoI = -0.643,-0.480,-0.481,0.353 | p_IinG = -0.445,2.174,0.298 | dist = 8.31 (meters)
bg = -0.0011,0.0244,0.0798 | ba = -0.0440,0.0216,0.1077
camera-imu timeoffset = 0.00010
cam0 intrinsics = 458.757,460.139,361.668,245.708 | -0.278,0.070,0.000,-0.000
cam1 intrinsics = 456.900,458.745,377.913,254.919 | -0.273,0.064,-0.001,-0.001
cam0 extrinsics = -0.002,0.007,0.701,0.713 | 0.050,-0.018,-0.002
cam1 extrinsics = -0.001,0.011,0.701,0.713 | -0.065,-0.020,0.004
q_GtoI = -0.641,-0.479,-0.484,0.354 | p_IinG = -0.355,2.153,0.308 | dist = 8.40 (meters)
bg = -0.0011,0.0244,0.0796 | ba = -0.0439,0.0226,0.1077
camera-imu timeoffset = 0.00011
cam0 intrinsics = 458.762,460.145,361.672,245.749 | -0.278,0.070,0.000,-0.000
cam1 intrinsics = 456.925,458.760,377.939,254.935 | -0.273,0.064,-0.001,-0.001
cam0 extrinsics = -0.002,0.007,0.701,0.713 | 0.050,-0.018,-0.002
cam1 extrinsics = -0.001,0.011,0.701,0.713 | -0.065,-0.020,0.004
q_GtoI = -0.638,-0.478,-0.488,0.356 | p_IinG = -0.266,2.128,0.319 | dist = 8.49 (meters)
bg = -0.0012,0.0243,0.0797 | ba = -0.0428,0.0223,0.1099
camera-imu timeoffset = 0.00011
cam0 intrinsics = 458.767,460.148,361.669,245.719 | -0.278,0.070,0.000,-0.000
cam1 intrinsics = 456.931,458.764,377.940,254.915 | -0.273,0.064,-0.001,-0.001
cam0 extrinsics = -0.002,0.007,0.701,0.713 | 0.050,-0.018,-0.002
cam1 extrinsics = -0.001,0.011,0.701,0.713 | -0.065,-0.020,0.004
q_GtoI = -0.637,-0.479,-0.488,0.355 | p_IinG = -0.177,2.102,0.331 | dist = 8.58 (meters)
bg = -0.0015,0.0243,0.0797 | ba = -0.0421,0.0217,0.1115
camera-imu timeoffset = 0.00011
cam0 intrinsics = 458.743,460.136,361.602,245.697 | -0.278,0.070,0.000,-0.000
cam1 intrinsics = 456.910,458.752,377.888,254.899 | -0.273,0.064,-0.001,-0.001
cam0 extrinsics = -0.001,0.007,0.701,0.713 | 0.050,-0.018,-0.002
cam1 extrinsics = -0.001,0.011,0.701,0.713 | -0.065,-0.020,0.004
q_GtoI = -0.638,-0.481,-0.487,0.353 | p_IinG = -0.092,2.076,0.344 | dist = 8.67 (meters)
bg = -0.0015,0.0244,0.0797 | ba = -0.0413,0.0224,0.1137
camera-imu timeoffset = 0.00011
cam0 intrinsics = 458.728,460.106,361.477,245.718 | -0.278,0.070,0.000,-0.000
cam1 intrinsics = 456.914,458.735,377.839,254.878 | -0.273,0.064,-0.001,-0.001
cam0 extrinsics = -0.001,0.007,0.701,0.713 | 0.051,-0.018,-0.003
cam1 extrinsics = -0.001,0.011,0.701,0.713 | -0.064,-0.020,0.004
q_GtoI = -0.637,-0.483,-0.487,0.351 | p_IinG = -0.008,2.050,0.356 | dist = 8.76 (meters)
bg = -0.0015,0.0244,0.0797 | ba = -0.0402,0.0212,0.1132
camera-imu timeoffset = 0.00011
cam0 intrinsics = 458.730,460.105,361.462,245.720 | -0.278,0.070,0.000,-0.000
cam1 intrinsics = 456.917,458.734,377.827,254.881 | -0.273,0.064,-0.001,-0.001
cam0 extrinsics = -0.001,0.007,0.701,0.713 | 0.051,-0.018,-0.003
cam1 extrinsics = -0.001,0.011,0.701,0.713 | -0.064,-0.020,0.004
q_GtoI = -0.636,-0.488,-0.488,0.346 | p_IinG = 0.074,2.023,0.369 | dist = 8.85 (meters)
bg = -0.0016,0.0244,0.0797 | ba = -0.0393,0.0208,0.1126
camera-imu timeoffset = 0.00011
cam0 intrinsics = 458.728,460.102,361.434,245.730 | -0.278,0.070,0.000,-0.000
cam1 intrinsics = 456.918,458.731,377.816,254.888 | -0.273,0.064,-0.001,-0.001
cam0 extrinsics = -0.001,0.007,0.701,0.713 | 0.051,-0.018,-0.003
cam1 extrinsics = -0.001,0.011,0.701,0.713 | -0.064,-0.020,0.004
q_GtoI = -0.635,-0.490,-0.489,0.344 | p_IinG = 0.152,1.994,0.383 | dist = 8.93 (meters)
bg = -0.0015,0.0242,0.0796 | ba = -0.0383,0.0213,0.1131
camera-imu timeoffset = 0.00011
cam0 intrinsics = 458.710,460.089,361.337,245.753 | -0.278,0.070,0.000,-0.000
cam1 intrinsics = 456.916,458.718,377.778,254.888 | -0.273,0.064,-0.001,-0.001
cam0 extrinsics = -0.001,0.007,0.701,0.713 | 0.051,-0.018,-0.003
cam1 extrinsics = -0.001,0.011,0.701,0.713 | -0.064,-0.020,0.004
q_GtoI = -0.631,-0.495,-0.493,0.337 | p_IinG = 0.229,1.966,0.398 | dist = 9.02 (meters)
bg = -0.0015,0.0243,0.0794 | ba = -0.0379,0.0213,0.1131
camera-imu timeoffset = 0.00010
cam0 intrinsics = 458.718,460.088,361.325,245.759 | -0.278,0.070,0.000,-0.000
cam1 intrinsics = 456.923,458.715,377.757,254.893 | -0.273,0.064,-0.001,-0.001
cam0 extrinsics = -0.001,0.007,0.701,0.713 | 0.051,-0.018,-0.003
cam1 extrinsics = -0.001,0.011,0.701,0.713 | -0.064,-0.020,0.004
q_GtoI = -0.625,-0.501,-0.498,0.331 | p_IinG = 0.301,1.937,0.413 | dist = 9.10 (meters)
bg = -0.0015,0.0243,0.0793 | ba = -0.0363,0.0224,0.1137
camera-imu timeoffset = 0.00010
cam0 intrinsics = 458.729,460.085,361.314,245.762 | -0.278,0.070,0.000,-0.000
cam1 intrinsics = 456.938,458.713,377.742,254.899 | -0.273,0.064,-0.001,-0.001
cam0 extrinsics = -0.001,0.007,0.701,0.713 | 0.051,-0.018,-0.003
cam1 extrinsics = -0.001,0.011,0.701,0.713 | -0.064,-0.020,0.004
q_GtoI = -0.619,-0.509,-0.502,0.326 | p_IinG = 0.371,1.908,0.429 | dist = 9.17 (meters)
bg = -0.0015,0.0244,0.0793 | ba = -0.0344,0.0238,0.1137
camera-imu timeoffset = 0.00011
cam0 intrinsics = 458.728,460.086,361.313,245.773 | -0.278,0.070,0.000,-0.000
cam1 intrinsics = 456.939,458.714,377.739,254.912 | -0.273,0.064,-0.001,-0.001
cam0 extrinsics = -0.001,0.007,0.701,0.713 | 0.051,-0.018,-0.003
cam1 extrinsics = -0.001,0.011,0.701,0.713 | -0.064,-0.020,0.004
q_GtoI = -0.612,-0.518,-0.505,0.320 | p_IinG = 0.436,1.881,0.445 | dist = 9.25 (meters)
bg = -0.0015,0.0245,0.0794 | ba = -0.0315,0.0261,0.1131
camera-imu timeoffset = 0.00011
cam0 intrinsics = 458.721,460.075,361.284,245.744 | -0.277,0.070,0.000,-0.000
cam1 intrinsics = 456.946,458.716,377.700,254.881 | -0.273,0.064,-0.001,-0.001
cam0 extrinsics = -0.001,0.007,0.701,0.713 | 0.052,-0.018,-0.003
cam1 extrinsics = -0.001,0.011,0.701,0.713 | -0.063,-0.019,0.004
q_GtoI = -0.605,-0.527,-0.505,0.318 | p_IinG = 0.495,1.850,0.457 | dist = 9.31 (meters)
bg = -0.0012,0.0241,0.0792 | ba = -0.0293,0.0263,0.1151
camera-imu timeoffset = 0.00011
cam0 intrinsics = 458.774,460.077,361.276,245.813 | -0.277,0.070,0.000,-0.000
cam1 intrinsics = 456.983,458.685,377.704,254.895 | -0.273,0.064,-0.001,-0.001
cam0 extrinsics = -0.001,0.007,0.701,0.713 | 0.052,-0.018,-0.003
cam1 extrinsics = -0.001,0.011,0.701,0.713 | -0.063,-0.020,0.004
q_GtoI = -0.598,-0.537,-0.503,0.317 | p_IinG = 0.550,1.821,0.472 | dist = 9.38 (meters)
bg = -0.0012,0.0239,0.0792 | ba = -0.0280,0.0266,0.1154
camera-imu timeoffset = 0.00011
cam0 intrinsics = 458.779,460.075,361.268,245.813 | -0.277,0.070,0.000,-0.000
cam1 intrinsics = 456.992,458.683,377.700,254.894 | -0.273,0.064,-0.001,-0.001
cam0 extrinsics = -0.001,0.007,0.701,0.713 | 0.052,-0.018,-0.003
cam1 extrinsics = -0.001,0.011,0.702,0.713 | -0.062,-0.020,0.004
q_GtoI = -0.592,-0.549,-0.499,0.317 | p_IinG = 0.600,1.793,0.487 | dist = 9.44 (meters)
bg = -0.0012,0.0238,0.0791 | ba = -0.0264,0.0269,0.1155
camera-imu timeoffset = 0.00011
cam0 intrinsics = 458.784,460.070,361.260,245.809 | -0.277,0.070,0.000,-0.000
cam1 intrinsics = 457.001,458.681,377.698,254.897 | -0.273,0.064,-0.001,-0.001
cam0 extrinsics = -0.001,0.007,0.701,0.713 | 0.053,-0.018,-0.003
cam1 extrinsics = -0.001,0.011,0.702,0.713 | -0.062,-0.020,0.004
q_GtoI = -0.584,-0.559,-0.495,0.317 | p_IinG = 0.645,1.766,0.502 | dist = 9.49 (meters)
bg = -0.0012,0.0237,0.0790 | ba = -0.0252,0.0271,0.1156
camera-imu timeoffset = 0.00011
cam0 intrinsics = 458.789,460.066,361.249,245.809 | -0.277,0.070,0.000,-0.000
cam1 intrinsics = 457.011,458.679,377.691,254.899 | -0.273,0.064,-0.001,-0.001
cam0 extrinsics = -0.001,0.007,0.701,0.713 | 0.053,-0.018,-0.003
cam1 extrinsics = -0.001,0.011,0.702,0.713 | -0.062,-0.020,0.004
q_GtoI = -0.578,-0.568,-0.492,0.318 | p_IinG = 0.685,1.739,0.518 | dist = 9.54 (meters)
bg = -0.0012,0.0235,0.0790 | ba = -0.0239,0.0271,0.1157
camera-imu timeoffset = 0.00011
cam0 intrinsics = 458.777,460.048,361.228,245.800 | -0.277,0.070,0.000,-0.000
cam1 intrinsics = 457.028,458.683,377.702,254.903 | -0.273,0.064,-0.001,-0.001
cam0 extrinsics = -0.001,0.007,0.701,0.713 | 0.053,-0.018,-0.003
cam1 extrinsics = -0.001,0.011,0.702,0.713 | -0.062,-0.020,0.004
q_GtoI = -0.575,-0.576,-0.486,0.318 | p_IinG = 0.719,1.712,0.533 | dist = 9.59 (meters)
bg = -0.0010,0.0233,0.0790 | ba = -0.0232,0.0274,0.1158
camera-imu timeoffset = 0.00011
cam0 intrinsics = 458.772,460.043,361.201,245.789 | -0.277,0.070,0.000,-0.000
cam1 intrinsics = 457.025,458.676,377.695,254.881 | -0.273,0.064,-0.001,-0.001
cam0 extrinsics = -0.001,0.007,0.701,0.713 | 0.053,-0.018,-0.003
cam1 extrinsics = -0.001,0.011,0.702,0.713 | -0.062,-0.020,0.004
q_GtoI = -0.576,-0.582,-0.477,0.320 | p_IinG = 0.746,1.686,0.548 | dist = 9.63 (meters)
bg = -0.0007,0.0231,0.0789 | ba = -0.0222,0.0287,0.1155
camera-imu timeoffset = 0.00010
cam0 intrinsics = 458.784,460.033,361.167,245.792 | -0.277,0.070,0.000,-0.000
cam1 intrinsics = 457.047,458.667,377.683,254.872 | -0.273,0.064,-0.001,-0.001
cam0 extrinsics = -0.001,0.007,0.701,0.713 | 0.053,-0.018,-0.003
cam1 extrinsics = -0.001,0.011,0.702,0.713 | -0.062,-0.020,0.004
q_GtoI = -0.576,-0.588,-0.470,0.319 | p_IinG = 0.769,1.661,0.564 | dist = 9.67 (meters)
bg = -0.0005,0.0230,0.0789 | ba = -0.0224,0.0295,0.1151
camera-imu timeoffset = 0.00010
cam0 intrinsics = 458.791,460.033,361.151,245.788 | -0.277,0.070,0.000,-0.000
cam1 intrinsics = 457.064,458.673,377.688,254.857 | -0.273,0.064,-0.001,-0.001
cam0 extrinsics = -0.002,0.007,0.701,0.713 | 0.053,-0.018,-0.003
cam1 extrinsics = -0.001,0.011,0.702,0.713 | -0.061,-0.020,0.004
q_GtoI = -0.574,-0.593,-0.467,0.318 | p_IinG = 0.788,1.638,0.581 | dist = 9.70 (meters)
bg = -0.0006,0.0228,0.0789 | ba = -0.0217,0.0299,0.1148
camera-imu timeoffset = 0.00010
cam0 intrinsics = 458.797,460.029,361.137,245.787 | -0.277,0.070,0.000,-0.000
cam1 intrinsics = 457.075,458.667,377.675,254.852 | -0.273,0.064,-0.001,-0.001
cam0 extrinsics = -0.002,0.007,0.701,0.713 | 0.053,-0.018,-0.003
cam1 extrinsics = -0.001,0.011,0.702,0.713 | -0.061,-0.020,0.004
q_GtoI = -0.570,-0.600,-0.467,0.311 | p_IinG = 0.802,1.618,0.599 | dist = 9.73 (meters)
bg = -0.0005,0.0228,0.0789 | ba = -0.0211,0.0317,0.1139
camera-imu timeoffset = 0.00009
cam0 intrinsics = 458.812,460.044,361.110,245.797 | -0.277,0.070,0.000,-0.000
cam1 intrinsics = 457.093,458.680,377.662,254.865 | -0.273,0.064,-0.001,-0.001
cam0 extrinsics = -0.001,0.007,0.701,0.713 | 0.054,-0.018,-0.002
cam1 extrinsics = -0.001,0.011,0.702,0.713 | -0.061,-0.020,0.004
q_GtoI = -0.566,-0.605,-0.468,0.306 | p_IinG = 0.811,1.600,0.618 | dist = 9.76 (meters)
bg = -0.0005,0.0228,0.0790 | ba = -0.0202,0.0331,0.1131
camera-imu timeoffset = 0.00009
cam0 intrinsics = 458.817,460.049,361.086,245.798 | -0.277,0.070,0.000,-0.000
cam1 intrinsics = 457.100,458.684,377.642,254.865 | -0.273,0.064,-0.001,-0.001
cam0 extrinsics = -0.001,0.007,0.701,0.713 | 0.054,-0.018,-0.002
cam1 extrinsics = -0.001,0.011,0.702,0.713 | -0.061,-0.020,0.004
q_GtoI = -0.564,-0.610,-0.468,0.300 | p_IinG = 0.815,1.584,0.636 | dist = 9.78 (meters)
bg = -0.0006,0.0229,0.0790 | ba = -0.0198,0.0345,0.1121
camera-imu timeoffset = 0.00009
cam0 intrinsics = 458.818,460.051,361.060,245.803 | -0.278,0.070,0.000,-0.000
cam1 intrinsics = 457.112,458.689,377.634,254.868 | -0.273,0.064,-0.001,-0.001
cam0 extrinsics = -0.001,0.007,0.701,0.713 | 0.054,-0.017,-0.002
cam1 extrinsics = -0.001,0.011,0.702,0.713 | -0.061,-0.019,0.004
q_GtoI = -0.565,-0.613,-0.465,0.298 | p_IinG = 0.812,1.571,0.652 | dist = 9.80 (meters)
bg = -0.0006,0.0229,0.0791 | ba = -0.0205,0.0351,0.1114
camera-imu timeoffset = 0.00009
cam0 intrinsics = 458.823,460.056,361.033,245.814 | -0.278,0.070,0.000,-0.000
cam1 intrinsics = 457.122,458.694,377.613,254.877 | -0.273,0.064,-0.001,-0.001
cam0 extrinsics = -0.001,0.007,0.701,0.713 | 0.054,-0.017,-0.002
cam1 extrinsics = -0.001,0.011,0.702,0.713 | -0.061,-0.019,0.004
q_GtoI = -0.570,-0.614,-0.459,0.296 | p_IinG = 0.806,1.560,0.665 | dist = 9.82 (meters)
bg = -0.0007,0.0230,0.0792 | ba = -0.0206,0.0356,0.1109
camera-imu timeoffset = 0.00009
cam0 intrinsics = 458.833,460.070,361.023,245.819 | -0.278,0.070,0.000,-0.000
cam1 intrinsics = 457.130,458.701,377.604,254.869 | -0.273,0.064,-0.001,-0.001
cam0 extrinsics = -0.001,0.007,0.701,0.713 | 0.054,-0.017,-0.002
cam1 extrinsics = -0.001,0.011,0.702,0.713 | -0.060,-0.019,0.004
q_GtoI = -0.574,-0.615,-0.453,0.295 | p_IinG = 0.795,1.552,0.676 | dist = 9.84 (meters)
bg = -0.0008,0.0231,0.0794 | ba = -0.0205,0.0359,0.1103
camera-imu timeoffset = 0.00008
cam0 intrinsics = 458.839,460.072,361.014,245.821 | -0.278,0.070,0.000,-0.000
cam1 intrinsics = 457.140,458.703,377.592,254.866 | -0.273,0.064,-0.001,-0.001
cam0 extrinsics = -0.001,0.007,0.701,0.713 | 0.054,-0.017,-0.002
cam1 extrinsics = -0.001,0.011,0.702,0.713 | -0.060,-0.019,0.004
q_GtoI = -0.577,-0.616,-0.449,0.294 | p_IinG = 0.779,1.546,0.684 | dist = 9.86 (meters)
bg = -0.0009,0.0231,0.0794 | ba = -0.0202,0.0366,0.1091
camera-imu timeoffset = 0.00008
cam0 intrinsics = 458.843,460.070,360.994,245.815 | -0.278,0.070,0.000,-0.000
cam1 intrinsics = 457.152,458.708,377.577,254.867 | -0.273,0.064,-0.001,-0.001
cam0 extrinsics = -0.001,0.007,0.701,0.713 | 0.054,-0.017,-0.002
cam1 extrinsics = -0.001,0.011,0.702,0.713 | -0.060,-0.019,0.004
q_GtoI = -0.576,-0.618,-0.449,0.292 | p_IinG = 0.759,1.545,0.690 | dist = 9.88 (meters)
bg = -0.0011,0.0231,0.0793 | ba = -0.0204,0.0368,0.1082
camera-imu timeoffset = 0.00008
cam0 intrinsics = 458.851,460.075,360.974,245.815 | -0.278,0.070,0.000,-0.000
cam1 intrinsics = 457.166,458.713,377.561,254.864 | -0.273,0.064,-0.001,-0.001
cam0 extrinsics = -0.001,0.007,0.701,0.713 | 0.054,-0.017,-0.002
cam1 extrinsics = -0.001,0.011,0.702,0.713 | -0.060,-0.019,0.004
q_GtoI = -0.576,-0.617,-0.449,0.294 | p_IinG = 0.734,1.545,0.692 | dist = 9.91 (meters)
bg = -0.0013,0.0230,0.0793 | ba = -0.0189,0.0384,0.1060
camera-imu timeoffset = 0.00008
cam0 intrinsics = 458.848,460.073,360.936,245.818 | -0.278,0.070,0.000,-0.000
cam1 intrinsics = 457.172,458.714,377.535,254.864 | -0.273,0.064,-0.001,-0.001
cam0 extrinsics = -0.001,0.006,0.701,0.713 | 0.054,-0.017,-0.002
cam1 extrinsics = -0.001,0.011,0.702,0.713 | -0.060,-0.019,0.005
q_GtoI = -0.577,-0.614,-0.447,0.299 | p_IinG = 0.704,1.549,0.693 | dist = 9.94 (meters)
bg = -0.0014,0.0231,0.0793 | ba = -0.0172,0.0399,0.1041
camera-imu timeoffset = 0.00008
cam0 intrinsics = 458.855,460.073,360.906,245.825 | -0.278,0.070,0.000,-0.000
cam1 intrinsics = 457.182,458.713,377.516,254.866 | -0.273,0.064,-0.001,-0.001
cam0 extrinsics = -0.001,0.006,0.701,0.713 | 0.054,-0.017,-0.002
cam1 extrinsics = -0.001,0.011,0.702,0.713 | -0.060,-0.019,0.005
q_GtoI = -0.582,-0.608,-0.442,0.310 | p_IinG = 0.669,1.556,0.690 | dist = 9.97 (meters)
bg = -0.0015,0.0231,0.0793 | ba = -0.0161,0.0406,0.1017
camera-imu timeoffset = 0.00009
cam0 intrinsics = 458.871,460.074,360.882,245.840 | -0.278,0.070,0.000,-0.000
cam1 intrinsics = 457.203,458.713,377.492,254.877 | -0.273,0.064,-0.001,-0.001
cam0 extrinsics = -0.001,0.006,0.701,0.713 | 0.054,-0.017,-0.001
cam1 extrinsics = -0.001,0.011,0.702,0.712 | -0.060,-0.019,0.005
q_GtoI = -0.588,-0.601,-0.433,0.325 | p_IinG = 0.630,1.565,0.685 | dist = 10.01 (meters)
bg = -0.0015,0.0233,0.0792 | ba = -0.0155,0.0407,0.0998
camera-imu timeoffset = 0.00009
cam0 intrinsics = 458.877,460.075,360.866,245.839 | -0.278,0.070,0.000,-0.000
cam1 intrinsics = 457.211,458.715,377.481,254.868 | -0.273,0.064,-0.001,-0.001
cam0 extrinsics = -0.001,0.006,0.701,0.713 | 0.054,-0.017,-0.001
cam1 extrinsics = -0.001,0.011,0.702,0.712 | -0.060,-0.019,0.005
q_GtoI = -0.591,-0.597,-0.424,0.338 | p_IinG = 0.589,1.577,0.677 | dist = 10.06 (meters)
bg = -0.0017,0.0232,0.0791 | ba = -0.0141,0.0406,0.0974
camera-imu timeoffset = 0.00010
cam0 intrinsics = 458.909,460.098,360.808,245.866 | -0.278,0.070,0.000,-0.000
cam1 intrinsics = 457.208,458.700,377.425,254.862 | -0.273,0.064,-0.001,-0.001
cam0 extrinsics = -0.001,0.006,0.701,0.713 | 0.054,-0.017,-0.001
cam1 extrinsics = -0.001,0.011,0.702,0.712 | -0.060,-0.019,0.005
q_GtoI = -0.591,-0.596,-0.416,0.350 | p_IinG = 0.546,1.591,0.666 | dist = 10.10 (meters)
bg = -0.0020,0.0231,0.0790 | ba = -0.0124,0.0407,0.0952
camera-imu timeoffset = 0.00010
cam0 intrinsics = 458.937,460.103,360.792,245.848 | -0.278,0.070,0.000,-0.000
cam1 intrinsics = 457.230,458.695,377.415,254.837 | -0.273,0.064,-0.001,-0.001
cam0 extrinsics = -0.001,0.006,0.701,0.713 | 0.053,-0.017,-0.001
cam1 extrinsics = -0.001,0.011,0.702,0.712 | -0.061,-0.019,0.005
q_GtoI = -0.587,-0.599,-0.409,0.359 | p_IinG = 0.500,1.608,0.655 | dist = 10.15 (meters)
bg = -0.0022,0.0231,0.0790 | ba = -0.0115,0.0405,0.0922
camera-imu timeoffset = 0.00010
cam0 intrinsics = 458.968,460.111,360.870,245.851 | -0.278,0.070,0.000,-0.000
cam1 intrinsics = 457.263,458.701,377.478,254.818 | -0.273,0.064,-0.001,-0.001
cam0 extrinsics = -0.001,0.006,0.701,0.713 | 0.053,-0.017,-0.001
cam1 extrinsics = -0.001,0.011,0.702,0.712 | -0.061,-0.019,0.005
q_GtoI = -0.581,-0.605,-0.402,0.367 | p_IinG = 0.454,1.627,0.643 | dist = 10.21 (meters)
bg = -0.0024,0.0232,0.0789 | ba = -0.0090,0.0416,0.0901
camera-imu timeoffset = 0.00009
cam0 intrinsics = 459.007,460.138,360.850,245.845 | -0.278,0.070,0.000,-0.000
cam1 intrinsics = 457.293,458.717,377.460,254.797 | -0.273,0.064,-0.001,-0.001
cam0 extrinsics = -0.001,0.006,0.701,0.713 | 0.053,-0.017,-0.000
cam1 extrinsics = -0.001,0.011,0.702,0.712 | -0.061,-0.019,0.006
q_GtoI = -0.574,-0.612,-0.395,0.374 | p_IinG = 0.405,1.646,0.632 | dist = 10.26 (meters)
bg = -0.0025,0.0231,0.0787 | ba = -0.0052,0.0452,0.0885
camera-imu timeoffset = 0.00010
cam0 intrinsics = 459.080,460.183,360.862,245.853 | -0.278,0.070,0.000,-0.000
cam1 intrinsics = 457.349,458.752,377.442,254.772 | -0.273,0.064,-0.001,-0.001
cam0 extrinsics = -0.001,0.006,0.701,0.713 | 0.054,-0.016,-0.000
cam1 extrinsics = -0.001,0.011,0.702,0.712 | -0.060,-0.018,0.006
q_GtoI = -0.565,-0.621,-0.388,0.381 | p_IinG = 0.355,1.669,0.624 | dist = 10.32 (meters)
bg = -0.0027,0.0234,0.0785 | ba = -0.0021,0.0473,0.0880
camera-imu timeoffset = 0.00010
cam0 intrinsics = 459.140,460.231,360.840,245.873 | -0.278,0.070,0.000,-0.000
cam1 intrinsics = 457.402,458.792,377.402,254.786 | -0.273,0.064,-0.001,-0.001
cam0 extrinsics = -0.001,0.007,0.701,0.713 | 0.055,-0.016,-0.000
cam1 extrinsics = -0.001,0.011,0.702,0.712 | -0.059,-0.018,0.006
q_GtoI = -0.554,-0.630,-0.381,0.390 | p_IinG = 0.304,1.693,0.617 | dist = 10.38 (meters)
bg = -0.0029,0.0236,0.0784 | ba = 0.0006,0.0507,0.0869
camera-imu timeoffset = 0.00008
cam0 intrinsics = 459.229,460.278,360.808,245.894 | -0.278,0.070,0.000,-0.000
cam1 intrinsics = 457.481,458.827,377.356,254.800 | -0.274,0.064,-0.001,-0.001
cam0 extrinsics = -0.001,0.007,0.701,0.713 | 0.056,-0.016,0.000
cam1 extrinsics = -0.001,0.011,0.702,0.712 | -0.058,-0.018,0.006
q_GtoI = -0.540,-0.638,-0.377,0.399 | p_IinG = 0.251,1.720,0.611 | dist = 10.44 (meters)
bg = -0.0030,0.0239,0.0783 | ba = 0.0030,0.0542,0.0860
camera-imu timeoffset = 0.00007
cam0 intrinsics = 459.328,460.327,360.786,245.938 | -0.278,0.070,0.000,-0.000
cam1 intrinsics = 457.566,458.856,377.318,254.835 | -0.274,0.064,-0.001,-0.001
cam0 extrinsics = -0.001,0.007,0.701,0.713 | 0.057,-0.016,0.000
cam1 extrinsics = -0.001,0.011,0.702,0.712 | -0.057,-0.018,0.006
q_GtoI = -0.528,-0.645,-0.371,0.411 | p_IinG = 0.195,1.748,0.605 | dist = 10.50 (meters)
bg = -0.0030,0.0238,0.0783 | ba = 0.0049,0.0575,0.0860
camera-imu timeoffset = 0.00007
cam0 intrinsics = 459.407,460.394,360.748,246.004 | -0.278,0.071,0.000,-0.000
cam1 intrinsics = 457.631,458.899,377.258,254.877 | -0.274,0.064,-0.001,-0.001
cam0 extrinsics = -0.001,0.007,0.701,0.713 | 0.057,-0.017,0.000
cam1 extrinsics = -0.001,0.011,0.702,0.712 | -0.057,-0.019,0.006
q_GtoI = -0.516,-0.649,-0.363,0.425 | p_IinG = 0.136,1.778,0.601 | dist = 10.57 (meters)
bg = -0.0029,0.0240,0.0781 | ba = 0.0054,0.0594,0.0847
camera-imu timeoffset = 0.00007
cam0 intrinsics = 459.432,460.390,360.758,246.016 | -0.278,0.071,0.000,-0.000
cam1 intrinsics = 457.653,458.886,377.244,254.886 | -0.274,0.064,-0.001,-0.001
cam0 extrinsics = -0.001,0.007,0.701,0.713 | 0.057,-0.017,0.000
cam1 extrinsics = -0.001,0.011,0.702,0.712 | -0.056,-0.019,0.006
q_GtoI = -0.506,-0.654,-0.354,0.437 | p_IinG = 0.076,1.810,0.599 | dist = 10.63 (meters)
bg = -0.0027,0.0242,0.0780 | ba = 0.0066,0.0611,0.0828
camera-imu timeoffset = 0.00008
cam0 intrinsics = 459.441,460.376,360.748,246.044 | -0.278,0.071,0.000,-0.000
cam1 intrinsics = 457.661,458.860,377.203,254.912 | -0.274,0.064,-0.001,-0.001
cam0 extrinsics = -0.001,0.007,0.701,0.713 | 0.057,-0.017,0.000
cam1 extrinsics = -0.001,0.011,0.702,0.712 | -0.056,-0.019,0.005
q_GtoI = -0.494,-0.658,-0.347,0.450 | p_IinG = 0.012,1.841,0.600 | dist = 10.70 (meters)
bg = -0.0022,0.0242,0.0781 | ba = 0.0079,0.0640,0.0792
camera-imu timeoffset = 0.00007
cam0 intrinsics = 459.458,460.404,360.721,246.048 | -0.279,0.071,0.000,-0.000
cam1 intrinsics = 457.675,458.869,377.161,254.906 | -0.274,0.065,-0.001,-0.001
cam0 extrinsics = -0.001,0.007,0.701,0.713 | 0.058,-0.017,0.000
cam1 extrinsics = -0.001,0.011,0.702,0.712 | -0.056,-0.019,0.005
q_GtoI = -0.481,-0.662,-0.341,0.462 | p_IinG = -0.048,1.874,0.605 | dist = 10.77 (meters)
bg = -0.0021,0.0243,0.0780 | ba = 0.0089,0.0655,0.0777
camera-imu timeoffset = 0.00006
cam0 intrinsics = 459.477,460.438,360.704,246.052 | -0.279,0.071,0.000,-0.000
cam1 intrinsics = 457.685,458.884,377.127,254.912 | -0.274,0.065,-0.001,-0.001
cam0 extrinsics = -0.001,0.007,0.701,0.713 | 0.058,-0.017,0.000
cam1 extrinsics = -0.001,0.011,0.702,0.712 | -0.056,-0.019,0.005
q_GtoI = -0.469,-0.665,-0.334,0.476 | p_IinG = -0.107,1.905,0.612 | dist = 10.84 (meters)
bg = -0.0022,0.0242,0.0779 | ba = 0.0078,0.0678,0.0761
camera-imu timeoffset = 0.00006
cam0 intrinsics = 459.516,460.533,360.712,246.030 | -0.279,0.071,0.000,-0.000
cam1 intrinsics = 457.708,458.946,377.095,254.895 | -0.274,0.065,-0.001,-0.001
cam0 extrinsics = -0.001,0.007,0.701,0.713 | 0.058,-0.017,0.001
cam1 extrinsics = -0.001,0.011,0.702,0.712 | -0.055,-0.019,0.005
q_GtoI = -0.458,-0.667,-0.326,0.488 | p_IinG = -0.164,1.936,0.623 | dist = 10.90 (meters)
bg = -0.0025,0.0243,0.0780 | ba = 0.0063,0.0711,0.0767
camera-imu timeoffset = 0.00006
cam0 intrinsics = 459.515,460.570,360.863,246.032 | -0.279,0.071,0.000,-0.000
cam1 intrinsics = 457.714,458.959,377.108,254.855 | -0.274,0.065,-0.001,-0.001
cam0 extrinsics = -0.001,0.007,0.701,0.713 | 0.058,-0.017,0.001
cam1 extrinsics = -0.001,0.011,0.702,0.712 | -0.055,-0.019,0.005
q_GtoI = -0.448,-0.670,-0.318,0.498 | p_IinG = -0.222,1.967,0.630 | dist = 10.97 (meters)
bg = -0.0026,0.0243,0.0779 | ba = 0.0056,0.0735,0.0754
camera-imu timeoffset = 0.00006
cam0 intrinsics = 459.539,460.617,360.865,246.057 | -0.279,0.071,0.000,-0.000
cam1 intrinsics = 457.721,458.981,377.080,254.870 | -0.275,0.065,-0.001,-0.001
cam0 extrinsics = -0.001,0.007,0.701,0.713 | 0.058,-0.017,0.001
cam1 extrinsics = -0.001,0.011,0.702,0.712 | -0.055,-0.019,0.005
q_GtoI = -0.435,-0.675,-0.315,0.506 | p_IinG = -0.281,1.999,0.635 | dist = 11.04 (meters)
bg = -0.0027,0.0243,0.0779 | ba = 0.0048,0.0748,0.0726
camera-imu timeoffset = 0.00005
cam0 intrinsics = 459.547,460.651,360.888,246.087 | -0.279,0.071,0.000,-0.000
cam1 intrinsics = 457.723,459.005,377.091,254.897 | -0.275,0.065,-0.001,-0.001
cam0 extrinsics = -0.001,0.007,0.701,0.713 | 0.058,-0.017,0.001
cam1 extrinsics = -0.001,0.011,0.702,0.712 | -0.055,-0.019,0.005
q_GtoI = -0.423,-0.679,-0.312,0.513 | p_IinG = -0.338,2.029,0.638 | dist = 11.10 (meters)
bg = -0.0028,0.0243,0.0778 | ba = 0.0039,0.0762,0.0694
camera-imu timeoffset = 0.00005
cam0 intrinsics = 459.548,460.685,360.951,246.134 | -0.279,0.071,0.000,-0.000
cam1 intrinsics = 457.706,459.017,377.153,254.943 | -0.274,0.065,-0.001,-0.001
cam0 extrinsics = -0.001,0.007,0.701,0.713 | 0.058,-0.017,0.001
cam1 extrinsics = -0.001,0.011,0.702,0.712 | -0.055,-0.019,0.005
q_GtoI = -0.409,-0.684,-0.311,0.519 | p_IinG = -0.393,2.058,0.639 | dist = 11.16 (meters)
bg = -0.0030,0.0243,0.0777 | ba = 0.0033,0.0758,0.0681
camera-imu timeoffset = 0.00005
cam0 intrinsics = 459.543,460.706,360.933,246.169 | -0.279,0.071,0.000,-0.000
cam1 intrinsics = 457.682,459.017,377.104,254.964 | -0.274,0.065,-0.001,-0.001
cam0 extrinsics = -0.001,0.007,0.701,0.713 | 0.058,-0.017,0.001
cam1 extrinsics = -0.001,0.012,0.702,0.712 | -0.055,-0.019,0.005
q_GtoI = -0.394,-0.692,-0.311,0.519 | p_IinG = -0.448,2.087,0.638 | dist = 11.22 (meters)
bg = -0.0031,0.0244,0.0779 | ba = 0.0030,0.0754,0.0659
camera-imu timeoffset = 0.00005
cam0 intrinsics = 459.536,460.737,360.907,246.174 | -0.279,0.071,0.000,-0.000
cam1 intrinsics = 457.656,459.021,377.013,254.960 | -0.274,0.065,-0.001,-0.001
cam0 extrinsics = -0.001,0.007,0.701,0.713 | 0.058,-0.017,0.001
cam1 extrinsics = -0.001,0.012,0.702,0.712 | -0.055,-0.019,0.005
q_GtoI = -0.379,-0.702,-0.312,0.517 | p_IinG = -0.504,2.112,0.635 | dist = 11.28 (meters)
bg = -0.0030,0.0243,0.0781 | ba = 0.0019,0.0782,0.0658
camera-imu timeoffset = 0.00006
cam0 intrinsics = 459.529,460.765,360.883,246.182 | -0.279,0.071,0.000,-0.000
cam1 intrinsics = 457.642,459.043,376.964,254.977 | -0.274,0.065,-0.001,-0.001
cam0 extrinsics = -0.001,0.007,0.701,0.713 | 0.058,-0.017,0.001
cam1 extrinsics = -0.001,0.012,0.702,0.712 | -0.055,-0.019,0.005
q_GtoI = -0.364,-0.710,-0.313,0.515 | p_IinG = -0.557,2.133,0.631 | dist = 11.34 (meters)
bg = -0.0031,0.0242,0.0784 | ba = 0.0008,0.0817,0.0674
camera-imu timeoffset = 0.00006
cam0 intrinsics = 459.516,460.795,360.877,246.203 | -0.279,0.071,0.000,-0.000
cam1 intrinsics = 457.633,459.069,376.934,254.979 | -0.274,0.065,-0.001,-0.001
cam0 extrinsics = -0.001,0.007,0.701,0.713 | 0.058,-0.017,0.001
cam1 extrinsics = -0.001,0.011,0.702,0.712 | -0.055,-0.019,0.005
q_GtoI = -0.349,-0.719,-0.315,0.512 | p_IinG = -0.611,2.149,0.622 | dist = 11.40 (meters)
bg = -0.0033,0.0235,0.0785 | ba = 0.0017,0.0866,0.0688
camera-imu timeoffset = 0.00005
cam0 intrinsics = 459.501,460.799,360.827,246.226 | -0.279,0.071,0.000,-0.000
cam1 intrinsics = 457.620,459.069,376.859,255.009 | -0.275,0.065,-0.001,-0.001
cam0 extrinsics = -0.001,0.007,0.701,0.713 | 0.057,-0.017,0.001
cam1 extrinsics = -0.001,0.011,0.702,0.712 | -0.056,-0.019,0.005
q_GtoI = -0.333,-0.725,-0.318,0.512 | p_IinG = -0.666,2.166,0.615 | dist = 11.46 (meters)
bg = -0.0032,0.0232,0.0786 | ba = 0.0024,0.0893,0.0686
camera-imu timeoffset = 0.00006
cam0 intrinsics = 459.495,460.793,360.820,246.208 | -0.279,0.071,0.000,-0.000
cam1 intrinsics = 457.620,459.064,376.840,254.995 | -0.275,0.065,-0.001,-0.001
cam0 extrinsics = -0.001,0.007,0.701,0.713 | 0.057,-0.017,0.001
cam1 extrinsics = -0.001,0.011,0.702,0.712 | -0.056,-0.019,0.005
q_GtoI = -0.318,-0.731,-0.319,0.512 | p_IinG = -0.721,2.179,0.607 | dist = 11.52 (meters)
bg = -0.0034,0.0229,0.0789 | ba = 0.0036,0.0918,0.0700
camera-imu timeoffset = 0.00006
cam0 intrinsics = 459.479,460.792,360.819,246.186 | -0.279,0.071,0.000,-0.000
cam1 intrinsics = 457.621,459.062,376.814,254.976 | -0.275,0.065,-0.001,-0.001
cam0 extrinsics = -0.001,0.007,0.701,0.713 | 0.057,-0.017,0.002
cam1 extrinsics = -0.001,0.011,0.702,0.712 | -0.055,-0.019,0.005
q_GtoI = -0.304,-0.736,-0.318,0.514 | p_IinG = -0.780,2.189,0.602 | dist = 11.58 (meters)
bg = -0.0033,0.0227,0.0790 | ba = 0.0033,0.0947,0.0706
camera-imu timeoffset = 0.00007
cam0 intrinsics = 459.475,460.797,360.803,246.166 | -0.279,0.071,0.000,-0.000
cam1 intrinsics = 457.615,459.058,376.778,254.961 | -0.275,0.065,-0.001,-0.001
cam0 extrinsics = -0.001,0.007,0.701,0.713 | 0.057,-0.017,0.002
cam1 extrinsics = -0.001,0.011,0.702,0.712 | -0.055,-0.019,0.005
q_GtoI = -0.290,-0.744,-0.314,0.514 | p_IinG = -0.840,2.194,0.600 | dist = 11.64 (meters)
bg = -0.0035,0.0225,0.0792 | ba = 0.0025,0.0957,0.0708
camera-imu timeoffset = 0.00007
cam0 intrinsics = 459.504,460.814,360.795,246.169 | -0.279,0.071,0.000,-0.000
cam1 intrinsics = 457.634,459.056,376.749,254.965 | -0.275,0.065,-0.001,-0.001
cam0 extrinsics = -0.001,0.007,0.701,0.713 | 0.057,-0.017,0.002
cam1 extrinsics = -0.001,0.011,0.702,0.712 | -0.055,-0.019,0.005
q_GtoI = -0.279,-0.748,-0.307,0.518 | p_IinG = -0.905,2.193,0.600 | dist = 11.70 (meters)
bg = -0.0032,0.0221,0.0795 | ba = 0.0002,0.0994,0.0690
camera-imu timeoffset = 0.00006
cam0 intrinsics = 459.587,460.877,361.193,246.001 | -0.279,0.071,0.000,-0.000
cam1 intrinsics = 457.606,458.985,376.870,254.819 | -0.275,0.065,-0.001,-0.001
cam0 extrinsics = -0.001,0.007,0.701,0.713 | 0.057,-0.017,0.003
cam1 extrinsics = -0.001,0.011,0.702,0.712 | -0.055,-0.018,0.005
q_GtoI = -0.267,-0.754,-0.298,0.521 | p_IinG = -0.971,2.189,0.606 | dist = 11.77 (meters)
bg = -0.0033,0.0220,0.0797 | ba = -0.0018,0.1018,0.0700
camera-imu timeoffset = 0.00006
cam0 intrinsics = 459.618,460.912,361.129,245.995 | -0.279,0.071,0.000,-0.000
cam1 intrinsics = 457.623,458.995,376.770,254.812 | -0.275,0.065,-0.001,-0.001
cam0 extrinsics = -0.001,0.007,0.701,0.713 | 0.058,-0.016,0.003
cam1 extrinsics = -0.001,0.011,0.702,0.712 | -0.054,-0.018,0.006
q_GtoI = -0.254,-0.758,-0.289,0.527 | p_IinG = -1.037,2.180,0.618 | dist = 11.84 (meters)
bg = -0.0034,0.0217,0.0798 | ba = -0.0037,0.1044,0.0725
camera-imu timeoffset = 0.00007
cam0 intrinsics = 459.645,460.948,361.120,245.982 | -0.279,0.071,0.000,-0.000
cam1 intrinsics = 457.618,458.990,376.705,254.781 | -0.275,0.065,-0.001,-0.001
cam0 extrinsics = -0.001,0.007,0.701,0.713 | 0.059,-0.016,0.004
cam1 extrinsics = -0.001,0.011,0.702,0.712 | -0.053,-0.018,0.006
q_GtoI = -0.240,-0.762,-0.280,0.532 | p_IinG = -1.107,2.167,0.636 | dist = 11.91 (meters)
bg = -0.0035,0.0217,0.0799 | ba = -0.0051,0.1078,0.0759
camera-imu timeoffset = 0.00007
cam0 intrinsics = 459.669,460.982,361.035,245.941 | -0.279,0.071,0.000,-0.000
cam1 intrinsics = 457.623,458.998,376.574,254.715 | -0.275,0.065,-0.001,-0.001
cam0 extrinsics = -0.001,0.007,0.701,0.713 | 0.060,-0.015,0.004
cam1 extrinsics = -0.001,0.011,0.702,0.712 | -0.052,-0.017,0.006
q_GtoI = -0.226,-0.765,-0.271,0.539 | p_IinG = -1.177,2.149,0.655 | dist = 11.99 (meters)
bg = -0.0036,0.0217,0.0800 | ba = -0.0060,0.1126,0.0796
camera-imu timeoffset = 0.00007
cam0 intrinsics = 459.680,461.023,361.004,245.907 | -0.279,0.071,0.000,-0.000
cam1 intrinsics = 457.614,459.016,376.538,254.665 | -0.275,0.066,-0.001,-0.001
cam0 extrinsics = -0.001,0.007,0.701,0.713 | 0.061,-0.015,0.005
cam1 extrinsics = -0.001,0.011,0.702,0.712 | -0.051,-0.017,0.007
q_GtoI = -0.212,-0.767,-0.260,0.547 | p_IinG = -1.246,2.127,0.676 | dist = 12.07 (meters)
bg = -0.0039,0.0217,0.0800 | ba = -0.0072,0.1183,0.0856
camera-imu timeoffset = 0.00007
cam0 intrinsics = 459.673,461.060,361.050,245.875 | -0.279,0.071,0.000,-0.000
cam1 intrinsics = 457.588,459.019,376.514,254.596 | -0.275,0.066,-0.000,-0.001
cam0 extrinsics = -0.001,0.007,0.701,0.713 | 0.062,-0.014,0.005
cam1 extrinsics = -0.001,0.011,0.702,0.712 | -0.049,-0.016,0.007
q_GtoI = -0.199,-0.768,-0.246,0.557 | p_IinG = -1.318,2.099,0.696 | dist = 12.15 (meters)
bg = -0.0039,0.0217,0.0800 | ba = -0.0099,0.1232,0.0878
camera-imu timeoffset = 0.00006
cam0 intrinsics = 459.703,461.106,361.042,245.843 | -0.279,0.071,0.000,-0.000
cam1 intrinsics = 457.595,459.044,376.463,254.555 | -0.275,0.066,-0.000,-0.001
cam0 extrinsics = -0.002,0.007,0.701,0.713 | 0.063,-0.013,0.006
cam1 extrinsics = -0.001,0.011,0.702,0.712 | -0.048,-0.015,0.007
q_GtoI = -0.190,-0.767,-0.229,0.569 | p_IinG = -1.392,2.068,0.714 | dist = 12.23 (meters)
bg = -0.0040,0.0219,0.0798 | ba = -0.0140,0.1248,0.0866
camera-imu timeoffset = 0.00005
cam0 intrinsics = 459.733,461.123,361.057,245.871 | -0.279,0.071,0.000,-0.000
cam1 intrinsics = 457.604,459.035,376.468,254.556 | -0.275,0.066,-0.000,-0.001
cam0 extrinsics = -0.002,0.007,0.701,0.713 | 0.063,-0.013,0.006
cam1 extrinsics = -0.001,0.011,0.702,0.712 | -0.047,-0.015,0.007
q_GtoI = -0.184,-0.765,-0.209,0.580 | p_IinG = -1.468,2.035,0.726 | dist = 12.31 (meters)
bg = -0.0039,0.0218,0.0799 | ba = -0.0164,0.1235,0.0825
camera-imu timeoffset = 0.00004
cam0 intrinsics = 459.753,461.133,361.037,245.898 | -0.279,0.071,0.000,-0.000
cam1 intrinsics = 457.609,459.030,376.432,254.574 | -0.275,0.066,-0.000,-0.001
cam0 extrinsics = -0.002,0.007,0.701,0.713 | 0.063,-0.014,0.006
cam1 extrinsics = -0.001,0.011,0.702,0.712 | -0.047,-0.015,0.007
q_GtoI = -0.177,-0.763,-0.188,0.592 | p_IinG = -1.543,1.999,0.736 | dist = 12.40 (meters)
bg = -0.0039,0.0217,0.0799 | ba = -0.0177,0.1231,0.0803
camera-imu timeoffset = 0.00004
cam0 intrinsics = 459.768,461.151,361.039,245.916 | -0.279,0.071,0.000,-0.000
cam1 intrinsics = 457.616,459.042,376.417,254.578 | -0.275,0.066,-0.000,-0.001
cam0 extrinsics = -0.002,0.007,0.701,0.713 | 0.063,-0.014,0.005
cam1 extrinsics = -0.001,0.011,0.702,0.712 | -0.047,-0.016,0.007
q_GtoI = -0.173,-0.761,-0.166,0.603 | p_IinG = -1.616,1.959,0.742 | dist = 12.48 (meters)
bg = -0.0037,0.0215,0.0798 | ba = -0.0178,0.1237,0.0792
camera-imu timeoffset = 0.00004
cam0 intrinsics = 459.770,461.175,361.062,245.941 | -0.279,0.071,0.000,-0.000
cam1 intrinsics = 457.616,459.068,376.418,254.595 | -0.275,0.066,-0.000,-0.001
cam0 extrinsics = -0.001,0.007,0.701,0.713 | 0.063,-0.014,0.006
cam1 extrinsics = -0.001,0.011,0.702,0.712 | -0.047,-0.016,0.007
q_GtoI = -0.169,-0.757,-0.145,0.615 | p_IinG = -1.687,1.917,0.748 | dist = 12.56 (meters)
bg = -0.0035,0.0213,0.0799 | ba = -0.0182,0.1239,0.0796
camera-imu timeoffset = 0.00005
cam0 intrinsics = 459.778,461.198,361.072,245.959 | -0.279,0.071,0.000,-0.000
cam1 intrinsics = 457.623,459.090,376.428,254.613 | -0.275,0.066,-0.000,-0.001
cam0 extrinsics = -0.001,0.007,0.701,0.713 | 0.063,-0.014,0.005
cam1 extrinsics = -0.001,0.011,0.702,0.712 | -0.047,-0.016,0.007
q_GtoI = -0.162,-0.752,-0.127,0.627 | p_IinG = -1.754,1.875,0.754 | dist = 12.64 (meters)
bg = -0.0035,0.0212,0.0797 | ba = -0.0199,0.1240,0.0795
camera-imu timeoffset = 0.00005
cam0 intrinsics = 459.784,461.209,361.082,245.956 | -0.279,0.071,0.000,-0.000
cam1 intrinsics = 457.629,459.105,376.438,254.604 | -0.275,0.066,-0.000,-0.001
cam0 extrinsics = -0.001,0.007,0.701,0.713 | 0.063,-0.014,0.005
cam1 extrinsics = -0.001,0.011,0.702,0.712 | -0.047,-0.016,0.007
q_GtoI = -0.156,-0.748,-0.111,0.636 | p_IinG = -1.818,1.835,0.759 | dist = 12.72 (meters)
bg = -0.0035,0.0213,0.0794 | ba = -0.0229,0.1215,0.0792
camera-imu timeoffset = 0.00004
cam0 intrinsics = 459.784,461.209,361.115,245.919 | -0.279,0.071,0.000,-0.000
cam1 intrinsics = 457.627,459.105,376.464,254.565 | -0.275,0.066,-0.000,-0.001
cam0 extrinsics = -0.001,0.007,0.701,0.713 | 0.064,-0.014,0.005
cam1 extrinsics = -0.001,0.011,0.702,0.712 | -0.047,-0.016,0.007
q_GtoI = -0.149,-0.747,-0.097,0.640 | p_IinG = -1.879,1.791,0.757 | dist = 12.79 (meters)
bg = -0.0034,0.0211,0.0793 | ba = -0.0233,0.1223,0.0786
camera-imu timeoffset = 0.00004
cam0 intrinsics = 459.783,461.237,361.128,245.919 | -0.279,0.071,0.000,-0.000
cam1 intrinsics = 457.631,459.137,376.471,254.570 | -0.275,0.066,-0.000,-0.001
cam0 extrinsics = -0.001,0.007,0.701,0.713 | 0.063,-0.014,0.005
cam1 extrinsics = -0.001,0.011,0.702,0.712 | -0.047,-0.016,0.007
q_GtoI = -0.139,-0.751,-0.086,0.639 | p_IinG = -1.935,1.745,0.754 | dist = 12.86 (meters)
bg = -0.0035,0.0209,0.0792 | ba = -0.0257,0.1238,0.0768
camera-imu timeoffset = 0.00002
cam0 intrinsics = 459.774,461.215,361.132,245.912 | -0.279,0.071,0.000,-0.000
cam1 intrinsics = 457.642,459.139,376.481,254.560 | -0.275,0.066,-0.000,-0.001
cam0 extrinsics = -0.001,0.007,0.701,0.713 | 0.064,-0.014,0.005
cam1 extrinsics = -0.001,0.011,0.702,0.712 | -0.047,-0.016,0.007
q_GtoI = -0.127,-0.759,-0.079,0.634 | p_IinG = -1.987,1.701,0.748 | dist = 12.93 (meters)
bg = -0.0035,0.0207,0.0793 | ba = -0.0270,0.1245,0.0766
camera-imu timeoffset = 0.00002
cam0 intrinsics = 459.773,461.217,361.139,245.918 | -0.279,0.071,0.000,-0.000
cam1 intrinsics = 457.641,459.141,376.483,254.567 | -0.275,0.066,-0.000,-0.001
cam0 extrinsics = -0.001,0.007,0.701,0.713 | 0.064,-0.014,0.006
cam1 extrinsics = -0.001,0.011,0.702,0.712 | -0.047,-0.016,0.007
q_GtoI = -0.113,-0.767,-0.072,0.628 | p_IinG = -2.034,1.656,0.738 | dist = 12.99 (meters)
bg = -0.0036,0.0204,0.0792 | ba = -0.0261,0.1246,0.0766
camera-imu timeoffset = 0.00001
cam0 intrinsics = 459.777,461.226,361.161,245.897 | -0.279,0.071,0.000,-0.000
cam1 intrinsics = 457.640,459.144,376.475,254.541 | -0.275,0.066,-0.000,-0.000
cam0 extrinsics = -0.001,0.007,0.701,0.713 | 0.064,-0.014,0.006
cam1 extrinsics = -0.000,0.011,0.702,0.712 | -0.047,-0.016,0.007
q_GtoI = -0.095,-0.773,-0.069,0.623 | p_IinG = -2.078,1.612,0.729 | dist = 13.06 (meters)
bg = -0.0038,0.0202,0.0790 | ba = -0.0251,0.1249,0.0778
camera-imu timeoffset = 0.00000
cam0 intrinsics = 459.769,461.229,361.109,245.895 | -0.279,0.071,0.000,-0.000
cam1 intrinsics = 457.627,459.144,376.409,254.536 | -0.275,0.066,-0.000,-0.000
cam0 extrinsics = -0.001,0.007,0.701,0.713 | 0.064,-0.014,0.006
cam1 extrinsics = -0.000,0.011,0.702,0.712 | -0.047,-0.016,0.007
q_GtoI = -0.075,-0.779,-0.065,0.620 | p_IinG = -2.116,1.571,0.729 | dist = 13.12 (meters)
bg = -0.0038,0.0204,0.0787 | ba = -0.0275,0.1298,0.0837
camera-imu timeoffset = -0.00001
cam0 intrinsics = 459.738,461.212,361.185,245.921 | -0.279,0.071,0.000,0.000
cam1 intrinsics = 457.590,459.120,376.445,254.532 | -0.275,0.066,-0.000,-0.000
cam0 extrinsics = -0.001,0.007,0.701,0.713 | 0.064,-0.014,0.006
cam1 extrinsics = -0.000,0.011,0.702,0.712 | -0.047,-0.016,0.007
q_GtoI = -0.054,-0.782,-0.062,0.618 | p_IinG = -2.152,1.526,0.723 | dist = 13.18 (meters)
bg = -0.0039,0.0202,0.0787 | ba = -0.0273,0.1314,0.0865
camera-imu timeoffset = -0.00001
cam0 intrinsics = 459.709,461.228,361.163,245.944 | -0.279,0.071,0.000,0.000
cam1 intrinsics = 457.558,459.134,376.433,254.556 | -0.275,0.066,-0.000,-0.000
cam0 extrinsics = -0.001,0.007,0.701,0.713 | 0.063,-0.014,0.006
cam1 extrinsics = -0.000,0.011,0.702,0.712 | -0.047,-0.016,0.007
q_GtoI = -0.032,-0.782,-0.057,0.620 | p_IinG = -2.187,1.480,0.720 | dist = 13.23 (meters)
bg = -0.0039,0.0202,0.0789 | ba = -0.0283,0.1315,0.0870
camera-imu timeoffset = -0.00000
cam0 intrinsics = 459.690,461.232,361.181,245.967 | -0.279,0.071,0.000,0.000
cam1 intrinsics = 457.535,459.136,376.462,254.582 | -0.275,0.066,-0.000,-0.000
cam0 extrinsics = -0.001,0.007,0.701,0.713 | 0.063,-0.014,0.006
cam1 extrinsics = -0.000,0.011,0.702,0.712 | -0.048,-0.016,0.007
q_GtoI = -0.011,-0.782,-0.050,0.621 | p_IinG = -2.219,1.432,0.719 | dist = 13.29 (meters)
bg = -0.0039,0.0202,0.0789 | ba = -0.0282,0.1322,0.0883
camera-imu timeoffset = 0.00000
cam0 intrinsics = 459.688,461.245,361.159,245.987 | -0.279,0.071,0.000,0.000
cam1 intrinsics = 457.524,459.139,376.435,254.601 | -0.275,0.066,-0.000,-0.000
cam0 extrinsics = -0.001,0.007,0.701,0.713 | 0.063,-0.014,0.006
cam1 extrinsics = -0.000,0.011,0.702,0.712 | -0.048,-0.016,0.007
q_GtoI = 0.008,-0.782,-0.042,0.621 | p_IinG = -2.247,1.383,0.718 | dist = 13.35 (meters)
bg = -0.0040,0.0201,0.0789 | ba = -0.0271,0.1323,0.0901
camera-imu timeoffset = 0.00001
cam0 intrinsics = 459.686,461.249,361.145,245.987 | -0.279,0.071,0.000,0.000
cam1 intrinsics = 457.522,459.144,376.421,254.603 | -0.275,0.066,-0.000,-0.000
cam0 extrinsics = -0.001,0.007,0.701,0.713 | 0.063,-0.014,0.006
cam1 extrinsics = -0.000,0.011,0.702,0.712 | -0.048,-0.016,0.007
q_GtoI = 0.025,-0.784,-0.031,0.620 | p_IinG = -2.285,1.337,0.715 | dist = 13.41 (meters)
bg = -0.0037,0.0212,0.0796 | ba = -0.0264,0.1231,0.0816
camera-imu timeoffset = 0.00000
cam0 intrinsics = 459.671,461.389,361.259,246.036 | -0.279,0.071,0.000,0.000
cam1 intrinsics = 457.521,459.294,376.517,254.641 | -0.275,0.066,-0.000,-0.000
cam0 extrinsics = -0.002,0.007,0.701,0.713 | 0.064,-0.014,0.006
cam1 extrinsics = -0.001,0.011,0.702,0.712 | -0.047,-0.016,0.008
q_GtoI = 0.041,-0.783,-0.021,0.620 | p_IinG = -2.311,1.283,0.718 | dist = 13.47 (meters)
bg = -0.0038,0.0214,0.0798 | ba = -0.0257,0.1236,0.0802
camera-imu timeoffset = 0.00000
cam0 intrinsics = 459.662,461.419,361.250,246.048 | -0.279,0.071,0.000,0.000
cam1 intrinsics = 457.498,459.309,376.504,254.655 | -0.275,0.066,-0.000,-0.000
cam0 extrinsics = -0.002,0.007,0.701,0.713 | 0.063,-0.014,0.006
cam1 extrinsics = -0.001,0.011,0.702,0.712 | -0.048,-0.016,0.008
q_GtoI = 0.056,-0.783,-0.011,0.620 | p_IinG = -2.328,1.232,0.722 | dist = 13.53 (meters)
bg = -0.0043,0.0216,0.0804 | ba = -0.0231,0.1258,0.0830
camera-imu timeoffset = -0.00001
cam0 intrinsics = 459.623,461.450,361.290,246.104 | -0.279,0.071,0.000,0.000
cam1 intrinsics = 457.449,459.330,376.549,254.689 | -0.275,0.066,-0.000,-0.000
cam0 extrinsics = -0.002,0.007,0.701,0.713 | 0.063,-0.014,0.007
cam1 extrinsics = -0.001,0.011,0.702,0.712 | -0.048,-0.016,0.008
q_GtoI = 0.070,-0.781,0.001,0.621 | p_IinG = -2.351,1.175,0.723 | dist = 13.58 (meters)
bg = -0.0043,0.0219,0.0805 | ba = -0.0234,0.1237,0.0783
camera-imu timeoffset = -0.00001
cam0 intrinsics = 459.639,461.460,361.277,246.108 | -0.279,0.071,0.000,0.000
cam1 intrinsics = 457.477,459.356,376.537,254.694 | -0.275,0.066,-0.000,-0.000
cam0 extrinsics = -0.002,0.007,0.701,0.713 | 0.063,-0.015,0.006
cam1 extrinsics = -0.001,0.011,0.702,0.712 | -0.048,-0.016,0.008
q_GtoI = 0.083,-0.778,0.012,0.623 | p_IinG = -2.368,1.118,0.724 | dist = 13.65 (meters)
bg = -0.0045,0.0222,0.0809 | ba = -0.0234,0.1238,0.0768
camera-imu timeoffset = -0.00002
cam0 intrinsics = 459.635,461.487,361.370,246.137 | -0.279,0.071,0.000,0.000
cam1 intrinsics = 457.429,459.327,376.554,254.682 | -0.275,0.066,-0.000,-0.000
cam0 extrinsics = -0.002,0.007,0.701,0.713 | 0.063,-0.015,0.007
cam1 extrinsics = -0.001,0.011,0.702,0.712 | -0.048,-0.017,0.008
q_GtoI = 0.095,-0.774,0.022,0.626 | p_IinG = -2.390,1.059,0.720 | dist = 13.71 (meters)
bg = -0.0040,0.0226,0.0809 | ba = -0.0210,0.1177,0.0747
camera-imu timeoffset = -0.00002
cam0 intrinsics = 459.664,461.498,361.420,246.164 | -0.279,0.071,0.000,0.000
cam1 intrinsics = 457.439,459.316,376.533,254.683 | -0.275,0.066,-0.000,-0.000
cam0 extrinsics = -0.002,0.007,0.701,0.713 | 0.063,-0.015,0.007
cam1 extrinsics = -0.001,0.011,0.702,0.712 | -0.048,-0.017,0.007
q_GtoI = 0.107,-0.768,0.031,0.631 | p_IinG = -2.405,1.002,0.715 | dist = 13.77 (meters)
bg = -0.0035,0.0226,0.0806 | ba = -0.0174,0.1169,0.0768
camera-imu timeoffset = -0.00001
cam0 intrinsics = 459.689,461.516,361.745,246.328 | -0.278,0.071,0.000,0.000
cam1 intrinsics = 457.428,459.304,376.622,254.761 | -0.275,0.066,-0.000,-0.000
cam0 extrinsics = -0.002,0.007,0.701,0.713 | 0.062,-0.016,0.007
cam1 extrinsics = -0.001,0.011,0.702,0.712 | -0.049,-0.018,0.007
q_GtoI = 0.118,-0.762,0.039,0.636 | p_IinG = -2.419,0.946,0.709 | dist = 13.83 (meters)
bg = -0.0035,0.0232,0.0806 | ba = -0.0138,0.1116,0.0758
camera-imu timeoffset = -0.00001
cam0 intrinsics = 459.702,461.528,361.758,246.375 | -0.278,0.071,0.000,0.000
cam1 intrinsics = 457.440,459.317,376.626,254.786 | -0.275,0.066,-0.000,-0.000
cam0 extrinsics = -0.002,0.007,0.701,0.713 | 0.061,-0.016,0.007
cam1 extrinsics = -0.001,0.011,0.702,0.712 | -0.049,-0.018,0.008
q_GtoI = 0.124,-0.758,0.053,0.638 | p_IinG = -2.425,0.887,0.701 | dist = 13.89 (meters)
bg = -0.0035,0.0234,0.0806 | ba = -0.0104,0.1084,0.0779
camera-imu timeoffset = -0.00000
cam0 intrinsics = 459.700,461.528,361.757,246.372 | -0.278,0.071,0.000,0.000
cam1 intrinsics = 457.437,459.318,376.620,254.773 | -0.275,0.066,-0.000,-0.000
cam0 extrinsics = -0.002,0.007,0.701,0.713 | 0.061,-0.016,0.007
cam1 extrinsics = -0.001,0.011,0.702,0.712 | -0.050,-0.018,0.008
q_GtoI = 0.125,-0.758,0.072,0.636 | p_IinG = -2.427,0.829,0.693 | dist = 13.95 (meters)
bg = -0.0034,0.0236,0.0806 | ba = -0.0078,0.1054,0.0802
camera-imu timeoffset = 0.00000
cam0 intrinsics = 459.697,461.520,361.763,246.379 | -0.278,0.071,0.000,0.000
cam1 intrinsics = 457.433,459.312,376.622,254.763 | -0.275,0.066,-0.000,-0.000
cam0 extrinsics = -0.002,0.007,0.701,0.713 | 0.060,-0.016,0.007
cam1 extrinsics = -0.001,0.011,0.702,0.712 | -0.050,-0.017,0.007
q_GtoI = 0.123,-0.758,0.092,0.634 | p_IinG = -2.427,0.771,0.688 | dist = 14.01 (meters)
bg = -0.0031,0.0240,0.0806 | ba = -0.0066,0.1012,0.0832
camera-imu timeoffset = 0.00001
cam0 intrinsics = 459.682,461.498,361.770,246.333 | -0.278,0.071,0.000,0.000
cam1 intrinsics = 457.419,459.279,376.577,254.726 | -0.275,0.066,-0.000,-0.000
cam0 extrinsics = -0.002,0.007,0.701,0.713 | 0.060,-0.015,0.007
cam1 extrinsics = -0.000,0.011,0.702,0.712 | -0.050,-0.017,0.007
q_GtoI = 0.118,-0.760,0.113,0.630 | p_IinG = -2.421,0.716,0.687 | dist = 14.07 (meters)
bg = -0.0031,0.0243,0.0802 | ba = -0.0075,0.1020,0.0861
camera-imu timeoffset = 0.00002
cam0 intrinsics = 459.680,461.481,361.768,246.307 | -0.278,0.071,0.000,0.000
cam1 intrinsics = 457.418,459.264,376.547,254.678 | -0.275,0.066,-0.000,-0.000
cam0 extrinsics = -0.002,0.007,0.701,0.713 | 0.060,-0.015,0.007
cam1 extrinsics = -0.000,0.011,0.702,0.712 | -0.050,-0.017,0.007
q_GtoI = 0.112,-0.762,0.132,0.623 | p_IinG = -2.410,0.662,0.683 | dist = 14.12 (meters)
bg = -0.0031,0.0243,0.0801 | ba = -0.0072,0.1031,0.0884
camera-imu timeoffset = 0.00002
cam0 intrinsics = 459.680,461.467,361.773,246.305 | -0.278,0.071,0.000,0.000
cam1 intrinsics = 457.420,459.254,376.542,254.666 | -0.275,0.066,-0.000,-0.000
cam0 extrinsics = -0.002,0.007,0.701,0.713 | 0.060,-0.015,0.007
cam1 extrinsics = -0.000,0.011,0.702,0.712 | -0.050,-0.017,0.007
q_GtoI = 0.106,-0.767,0.149,0.616 | p_IinG = -2.396,0.613,0.681 | dist = 14.18 (meters)
bg = -0.0030,0.0242,0.0805 | ba = -0.0075,0.1031,0.0954
camera-imu timeoffset = 0.00002
cam0 intrinsics = 459.699,461.432,361.725,246.325 | -0.278,0.071,0.000,0.000
cam1 intrinsics = 457.428,459.209,376.478,254.666 | -0.275,0.066,-0.000,-0.000
cam0 extrinsics = -0.002,0.007,0.701,0.713 | 0.061,-0.015,0.007
cam1 extrinsics = -0.000,0.011,0.702,0.712 | -0.050,-0.017,0.007
q_GtoI = 0.099,-0.771,0.163,0.608 | p_IinG = -2.380,0.567,0.680 | dist = 14.23 (meters)
bg = -0.0029,0.0242,0.0805 | ba = -0.0070,0.1048,0.0992
camera-imu timeoffset = 0.00002
cam0 intrinsics = 459.709,461.430,361.705,246.339 | -0.278,0.071,0.000,0.000
cam1 intrinsics = 457.434,459.201,376.441,254.677 | -0.275,0.066,-0.000,-0.000
cam0 extrinsics = -0.002,0.007,0.701,0.713 | 0.060,-0.015,0.007
cam1 extrinsics = -0.000,0.011,0.702,0.712 | -0.050,-0.017,0.007
q_GtoI = 0.095,-0.775,0.171,0.601 | p_IinG = -2.364,0.525,0.678 | dist = 14.27 (meters)
bg = -0.0027,0.0243,0.0806 | ba = -0.0067,0.1042,0.1018
camera-imu timeoffset = 0.00002
cam0 intrinsics = 459.702,461.458,361.679,246.298 | -0.278,0.071,0.000,0.000
cam1 intrinsics = 457.421,459.211,376.367,254.630 | -0.275,0.066,-0.000,-0.000
cam0 extrinsics = -0.002,0.007,0.701,0.713 | 0.060,-0.015,0.007
cam1 extrinsics = -0.000,0.011,0.702,0.712 | -0.050,-0.017,0.007
q_GtoI = 0.093,-0.780,0.174,0.594 | p_IinG = -2.346,0.489,0.678 | dist = 14.32 (meters)
bg = -0.0026,0.0244,0.0807 | ba = -0.0060,0.1063,0.1056
camera-imu timeoffset = 0.00003
cam0 intrinsics = 459.714,461.461,361.663,246.332 | -0.278,0.071,0.000,0.000
cam1 intrinsics = 457.427,459.205,376.328,254.660 | -0.275,0.066,-0.000,-0.000
cam0 extrinsics = -0.002,0.007,0.701,0.713 | 0.060,-0.016,0.007
cam1 extrinsics = -0.000,0.011,0.702,0.712 | -0.050,-0.017,0.007
q_GtoI = 0.095,-0.785,0.171,0.588 | p_IinG = -2.326,0.458,0.677 | dist = 14.35 (meters)
bg = -0.0029,0.0245,0.0808 | ba = -0.0060,0.1097,0.1076
camera-imu timeoffset = 0.00004
cam0 intrinsics = 459.717,461.471,361.665,246.336 | -0.278,0.071,0.000,0.000
cam1 intrinsics = 457.418,459.209,376.261,254.641 | -0.275,0.066,-0.000,-0.000
cam0 extrinsics = -0.002,0.007,0.701,0.713 | 0.060,-0.016,0.007
cam1 extrinsics = -0.000,0.011,0.702,0.712 | -0.051,-0.017,0.007
q_GtoI = 0.097,-0.789,0.166,0.584 | p_IinG = -2.305,0.426,0.671 | dist = 14.39 (meters)
bg = -0.0028,0.0242,0.0809 | ba = -0.0032,0.1120,0.1078
camera-imu timeoffset = 0.00004
cam0 intrinsics = 459.723,461.510,361.699,246.359 | -0.278,0.071,0.000,0.000
cam1 intrinsics = 457.424,459.232,376.204,254.643 | -0.275,0.066,-0.000,-0.000
cam0 extrinsics = -0.002,0.007,0.701,0.713 | 0.060,-0.016,0.007
cam1 extrinsics = -0.000,0.011,0.702,0.712 | -0.051,-0.017,0.007
q_GtoI = 0.096,-0.796,0.153,0.578 | p_IinG = -2.266,0.383,0.659 | dist = 14.45 (meters)
bg = -0.0031,0.0244,0.0806 | ba = -0.0043,0.1122,0.1086
camera-imu timeoffset = 0.00003
cam0 intrinsics = 459.729,461.493,361.639,246.339 | -0.278,0.071,0.000,0.000
cam1 intrinsics = 457.409,459.185,376.185,254.648 | -0.275,0.066,-0.000,-0.000
cam0 extrinsics = -0.002,0.007,0.701,0.713 | 0.059,-0.016,0.007
cam1 extrinsics = -0.000,0.011,0.702,0.712 | -0.051,-0.017,0.007
q_GtoI = 0.085,-0.809,0.143,0.564 | p_IinG = -2.226,0.355,0.632 | dist = 14.50 (meters)
bg = -0.0033,0.0242,0.0805 | ba = -0.0052,0.1112,0.1071
camera-imu timeoffset = 0.00002
cam0 intrinsics = 459.735,461.484,361.599,246.324 | -0.278,0.071,0.000,0.000
cam1 intrinsics = 457.424,459.178,376.179,254.627 | -0.275,0.066,-0.000,-0.000
cam0 extrinsics = -0.002,0.007,0.701,0.713 | 0.060,-0.016,0.007
cam1 extrinsics = -0.000,0.011,0.702,0.712 | -0.051,-0.017,0.007
q_GtoI = 0.068,-0.827,0.135,0.542 | p_IinG = -2.187,0.339,0.588 | dist = 14.56 (meters)
bg = -0.0037,0.0241,0.0804 | ba = -0.0046,0.1089,0.1044
camera-imu timeoffset = 0.00002
cam0 intrinsics = 459.741,461.456,361.576,246.307 | -0.279,0.071,0.000,0.000
cam1 intrinsics = 457.414,459.140,376.135,254.604 | -0.275,0.066,-0.000,-0.000
cam0 extrinsics = -0.002,0.007,0.701,0.713 | 0.060,-0.015,0.006
cam1 extrinsics = -0.000,0.011,0.702,0.712 | -0.051,-0.017,0.006
q_GtoI = 0.056,-0.835,0.110,0.537 | p_IinG = -2.160,0.334,0.542 | dist = 14.62 (meters)
bg = -0.0035,0.0242,0.0808 | ba = -0.0051,0.1077,0.1032
camera-imu timeoffset = 0.00004
cam0 intrinsics = 459.783,461.485,361.583,246.297 | -0.279,0.071,0.000,0.000
cam1 intrinsics = 457.458,459.170,376.133,254.596 | -0.275,0.066,-0.000,-0.000
cam0 extrinsics = -0.002,0.007,0.701,0.713 | 0.060,-0.015,0.006
cam1 extrinsics = -0.000,0.011,0.702,0.712 | -0.050,-0.017,0.006
q_GtoI = 0.046,-0.828,0.086,0.552 | p_IinG = -2.145,0.337,0.507 | dist = 14.66 (meters)
bg = -0.0033,0.0244,0.0808 | ba = -0.0092,0.1067,0.1005
camera-imu timeoffset = 0.00005
cam0 intrinsics = 459.805,461.506,361.576,246.284 | -0.279,0.071,0.000,0.000
cam1 intrinsics = 457.484,459.193,376.112,254.562 | -0.275,0.066,-0.000,-0.000
cam0 extrinsics = -0.002,0.007,0.701,0.713 | 0.060,-0.015,0.006
cam1 extrinsics = -0.000,0.011,0.702,0.712 | -0.051,-0.017,0.006
q_GtoI = 0.038,-0.819,0.070,0.568 | p_IinG = -2.138,0.348,0.486 | dist = 14.69 (meters)
bg = -0.0037,0.0247,0.0810 | ba = -0.0147,0.1069,0.1004
camera-imu timeoffset = 0.00005
cam0 intrinsics = 459.833,461.545,361.579,246.248 | -0.279,0.071,0.000,0.000
cam1 intrinsics = 457.506,459.225,376.110,254.525 | -0.275,0.066,-0.000,-0.000
cam0 extrinsics = -0.002,0.008,0.701,0.713 | 0.059,-0.016,0.005
cam1 extrinsics = 0.000,0.011,0.702,0.712 | -0.051,-0.017,0.005
q_GtoI = 0.038,-0.816,0.061,0.574 | p_IinG = -2.138,0.357,0.480 | dist = 14.70 (meters)
bg = -0.0040,0.0247,0.0812 | ba = -0.0187,0.1051,0.1014
camera-imu timeoffset = 0.00003
cam0 intrinsics = 459.863,461.583,361.590,246.229 | -0.279,0.071,0.000,0.000
cam1 intrinsics = 457.531,459.259,376.108,254.509 | -0.275,0.066,-0.000,-0.000
cam0 extrinsics = -0.002,0.008,0.701,0.713 | 0.059,-0.015,0.005
cam1 extrinsics = 0.000,0.011,0.702,0.712 | -0.052,-0.017,0.005
q_GtoI = 0.038,-0.813,0.053,0.579 | p_IinG = -2.137,0.367,0.478 | dist = 14.71 (meters)
bg = -0.0043,0.0248,0.0814 | ba = -0.0213,0.1045,0.1026
camera-imu timeoffset = 0.00002
cam0 intrinsics = 459.898,461.613,361.597,246.201 | -0.279,0.071,0.000,0.000
cam1 intrinsics = 457.563,459.287,376.098,254.485 | -0.275,0.066,-0.000,-0.000
cam0 extrinsics = -0.002,0.008,0.701,0.713 | 0.058,-0.015,0.005
cam1 extrinsics = 0.000,0.011,0.702,0.712 | -0.052,-0.017,0.005
q_GtoI = 0.039,-0.811,0.047,0.582 | p_IinG = -2.136,0.377,0.479 | dist = 14.72 (meters)
bg = -0.0046,0.0247,0.0815 | ba = -0.0235,0.1050,0.1026
camera-imu timeoffset = 0.00002
cam0 intrinsics = 459.927,461.633,361.600,246.173 | -0.279,0.071,0.000,0.000
cam1 intrinsics = 457.585,459.298,376.091,254.456 | -0.275,0.066,-0.000,-0.000
cam0 extrinsics = -0.002,0.008,0.701,0.713 | 0.058,-0.015,0.005
cam1 extrinsics = 0.000,0.011,0.702,0.712 | -0.052,-0.017,0.005
q_GtoI = 0.040,-0.810,0.041,0.583 | p_IinG = -2.136,0.388,0.485 | dist = 14.73 (meters)
bg = -0.0047,0.0246,0.0816 | ba = -0.0258,0.1046,0.1029
camera-imu timeoffset = 0.00002
cam0 intrinsics = 459.968,461.661,361.606,246.151 | -0.279,0.071,0.000,0.000
cam1 intrinsics = 457.623,459.322,376.073,254.438 | -0.275,0.066,-0.000,-0.000
cam0 extrinsics = -0.002,0.008,0.701,0.713 | 0.058,-0.015,0.005
cam1 extrinsics = 0.000,0.011,0.702,0.712 | -0.052,-0.016,0.005
q_GtoI = 0.042,-0.809,0.035,0.585 | p_IinG = -2.136,0.398,0.493 | dist = 14.74 (meters)
bg = -0.0049,0.0245,0.0817 | ba = -0.0272,0.1036,0.1029
camera-imu timeoffset = 0.00001
cam0 intrinsics = 460.008,461.685,361.610,246.129 | -0.279,0.071,0.000,0.000
cam1 intrinsics = 457.658,459.342,376.058,254.424 | -0.275,0.066,-0.000,-0.000
cam0 extrinsics = -0.001,0.008,0.701,0.713 | 0.058,-0.015,0.005
cam1 extrinsics = 0.000,0.011,0.702,0.712 | -0.052,-0.016,0.005
q_GtoI = 0.047,-0.809,0.026,0.585 | p_IinG = -2.135,0.408,0.503 | dist = 14.76 (meters)
bg = -0.0048,0.0242,0.0817 | ba = -0.0277,0.1023,0.1019
camera-imu timeoffset = 0.00001
cam0 intrinsics = 460.051,461.697,361.614,246.101 | -0.279,0.071,0.000,0.000
cam1 intrinsics = 457.698,459.353,376.044,254.401 | -0.275,0.066,-0.000,-0.000
cam0 extrinsics = -0.001,0.008,0.701,0.713 | 0.058,-0.015,0.005
cam1 extrinsics = 0.000,0.011,0.702,0.712 | -0.052,-0.016,0.005
q_GtoI = 0.050,-0.810,0.017,0.584 | p_IinG = -2.135,0.416,0.510 | dist = 14.77 (meters)
bg = -0.0046,0.0237,0.0816 | ba = -0.0281,0.0999,0.0988
camera-imu timeoffset = -0.00000
cam0 intrinsics = 460.118,461.717,361.605,246.095 | -0.279,0.071,0.000,0.000
cam1 intrinsics = 457.774,459.380,376.016,254.384 | -0.275,0.066,-0.000,-0.000
cam0 extrinsics = -0.002,0.008,0.701,0.713 | 0.058,-0.015,0.006
cam1 extrinsics = 0.000,0.011,0.702,0.712 | -0.053,-0.016,0.006
q_GtoI = 0.051,-0.811,0.009,0.583 | p_IinG = -2.132,0.427,0.519 | dist = 14.78 (meters)
bg = -0.0046,0.0238,0.0812 | ba = -0.0312,0.1005,0.0992
camera-imu timeoffset = 0.00002
cam0 intrinsics = 460.187,461.774,361.667,246.032 | -0.280,0.071,0.000,0.000
cam1 intrinsics = 457.826,459.403,375.966,254.335 | -0.276,0.066,-0.000,-0.000
cam0 extrinsics = -0.002,0.008,0.701,0.713 | 0.058,-0.014,0.006
cam1 extrinsics = 0.000,0.011,0.702,0.712 | -0.052,-0.016,0.006
q_GtoI = 0.045,-0.812,0.005,0.582 | p_IinG = -2.130,0.436,0.527 | dist = 14.79 (meters)
bg = -0.0045,0.0239,0.0810 | ba = -0.0335,0.1006,0.0986
camera-imu timeoffset = 0.00002
cam0 intrinsics = 460.239,461.796,361.638,246.005 | -0.280,0.071,0.000,-0.000
cam1 intrinsics = 457.873,459.430,375.956,254.290 | -0.276,0.066,-0.000,-0.000
cam0 extrinsics = -0.002,0.008,0.701,0.713 | 0.058,-0.014,0.006
cam1 extrinsics = 0.000,0.011,0.702,0.712 | -0.052,-0.016,0.006
q_GtoI = 0.034,-0.815,0.004,0.578 | p_IinG = -2.128,0.444,0.531 | dist = 14.80 (meters)
bg = -0.0043,0.0237,0.0810 | ba = -0.0353,0.0999,0.0984
camera-imu timeoffset = 0.00002
cam0 intrinsics = 460.294,461.804,361.585,245.945 | -0.280,0.071,0.000,-0.000
cam1 intrinsics = 457.941,459.438,375.868,254.209 | -0.276,0.067,-0.000,-0.000
cam0 extrinsics = -0.002,0.008,0.701,0.713 | 0.059,-0.014,0.006
cam1 extrinsics = 0.000,0.011,0.702,0.712 | -0.052,-0.015,0.006
q_GtoI = 0.019,-0.819,0.005,0.573 | p_IinG = -2.127,0.453,0.533 | dist = 14.81 (meters)
bg = -0.0043,0.0237,0.0809 | ba = -0.0369,0.0997,0.0981
camera-imu timeoffset = 0.00002
cam0 intrinsics = 460.333,461.817,361.598,245.920 | -0.280,0.071,0.001,-0.000
cam1 intrinsics = 457.972,459.443,375.862,254.195 | -0.276,0.067,-0.000,-0.000
cam0 extrinsics = -0.001,0.008,0.701,0.713 | 0.059,-0.013,0.006
cam1 extrinsics = 0.000,0.011,0.702,0.712 | -0.051,-0.015,0.006
q_GtoI = 0.003,-0.823,0.006,0.568 | p_IinG = -2.127,0.461,0.534 | dist = 14.82 (meters)
bg = -0.0045,0.0239,0.0808 | ba = -0.0386,0.1003,0.0971
camera-imu timeoffset = 0.00002
cam0 intrinsics = 460.352,461.813,361.605,245.908 | -0.280,0.071,0.001,-0.000
cam1 intrinsics = 457.998,459.443,375.856,254.166 | -0.276,0.067,-0.000,-0.000
cam0 extrinsics = -0.001,0.008,0.701,0.713 | 0.059,-0.013,0.006
cam1 extrinsics = 0.000,0.011,0.702,0.712 | -0.051,-0.014,0.006
q_GtoI = -0.015,-0.828,0.004,0.561 | p_IinG = -2.127,0.470,0.533 | dist = 14.83 (meters)
bg = -0.0045,0.0241,0.0807 | ba = -0.0406,0.1006,0.0967
camera-imu timeoffset = 0.00002
cam0 intrinsics = 460.368,461.812,361.613,245.897 | -0.280,0.071,0.001,-0.000
cam1 intrinsics = 458.013,459.442,375.846,254.156 | -0.276,0.067,-0.000,-0.000
cam0 extrinsics = -0.001,0.008,0.701,0.713 | 0.060,-0.013,0.006
cam1 extrinsics = 0.000,0.011,0.702,0.712 | -0.050,-0.014,0.007
q_GtoI = -0.032,-0.832,-0.001,0.553 | p_IinG = -2.127,0.479,0.528 | dist = 14.84 (meters)
bg = -0.0047,0.0241,0.0806 | ba = -0.0425,0.0999,0.0963
camera-imu timeoffset = 0.00002
cam0 intrinsics = 460.388,461.825,361.603,245.877 | -0.280,0.072,0.001,-0.000
cam1 intrinsics = 458.034,459.460,375.814,254.132 | -0.276,0.067,-0.000,-0.000
cam0 extrinsics = -0.001,0.008,0.701,0.713 | 0.060,-0.013,0.006
cam1 extrinsics = 0.000,0.011,0.702,0.712 | -0.050,-0.014,0.007
q_GtoI = -0.048,-0.836,-0.010,0.547 | p_IinG = -2.129,0.489,0.519 | dist = 14.85 (meters)
bg = -0.0047,0.0239,0.0806 | ba = -0.0430,0.0985,0.0952
camera-imu timeoffset = 0.00002
cam0 intrinsics = 460.404,461.860,361.600,245.875 | -0.280,0.072,0.001,-0.000
cam1 intrinsics = 458.053,459.497,375.787,254.118 | -0.276,0.067,-0.000,-0.000
cam0 extrinsics = -0.001,0.008,0.701,0.713 | 0.060,-0.013,0.007
cam1 extrinsics = 0.000,0.011,0.702,0.712 | -0.050,-0.014,0.007
q_GtoI = -0.066,-0.839,-0.019,0.540 | p_IinG = -2.134,0.499,0.510 | dist = 14.86 (meters)
bg = -0.0046,0.0238,0.0807 | ba = -0.0432,0.0982,0.0949
camera-imu timeoffset = 0.00003
cam0 intrinsics = 460.424,461.868,361.597,245.880 | -0.280,0.072,0.001,-0.000
cam1 intrinsics = 458.073,459.511,375.766,254.123 | -0.276,0.067,-0.000,-0.000
cam0 extrinsics = -0.001,0.008,0.701,0.713 | 0.060,-0.013,0.007
cam1 extrinsics = 0.001,0.011,0.702,0.712 | -0.050,-0.014,0.007
q_GtoI = -0.083,-0.841,-0.031,0.534 | p_IinG = -2.139,0.511,0.499 | dist = 14.88 (meters)
bg = -0.0047,0.0238,0.0808 | ba = -0.0426,0.0980,0.0946
camera-imu timeoffset = 0.00003
cam0 intrinsics = 460.431,461.835,361.599,245.869 | -0.280,0.072,0.001,-0.000
cam1 intrinsics = 458.088,459.485,375.734,254.096 | -0.276,0.067,-0.000,-0.000
cam0 extrinsics = -0.001,0.008,0.701,0.713 | 0.060,-0.013,0.006
cam1 extrinsics = 0.001,0.011,0.702,0.712 | -0.050,-0.014,0.007
q_GtoI = -0.100,-0.841,-0.045,0.531 | p_IinG = -2.146,0.524,0.486 | dist = 14.90 (meters)
bg = -0.0048,0.0236,0.0812 | ba = -0.0427,0.0975,0.0962
camera-imu timeoffset = 0.00003
cam0 intrinsics = 460.447,461.841,361.603,245.871 | -0.280,0.072,0.001,-0.000
cam1 intrinsics = 458.102,459.495,375.730,254.096 | -0.276,0.067,-0.000,-0.000
cam0 extrinsics = -0.001,0.008,0.701,0.713 | 0.060,-0.013,0.006
cam1 extrinsics = 0.001,0.011,0.702,0.712 | -0.050,-0.014,0.007
q_GtoI = -0.115,-0.838,-0.061,0.530 | p_IinG = -2.156,0.538,0.472 | dist = 14.92 (meters)
bg = -0.0049,0.0236,0.0813 | ba = -0.0417,0.0975,0.0963
camera-imu timeoffset = 0.00003
cam0 intrinsics = 460.451,461.849,361.588,245.836 | -0.280,0.072,0.001,-0.000
cam1 intrinsics = 458.112,459.513,375.699,254.061 | -0.276,0.067,-0.000,-0.000
cam0 extrinsics = -0.001,0.008,0.701,0.713 | 0.060,-0.013,0.007
cam1 extrinsics = 0.001,0.011,0.702,0.712 | -0.050,-0.014,0.007
q_GtoI = -0.132,-0.831,-0.077,0.535 | p_IinG = -2.170,0.556,0.462 | dist = 14.95 (meters)
bg = -0.0053,0.0238,0.0813 | ba = -0.0406,0.0994,0.0940
camera-imu timeoffset = 0.00002
cam0 intrinsics = 460.457,461.861,361.659,245.853 | -0.280,0.071,0.001,-0.000
cam1 intrinsics = 458.116,459.521,375.730,254.059 | -0.276,0.067,-0.000,-0.000
cam0 extrinsics = -0.001,0.008,0.701,0.713 | 0.060,-0.013,0.007
cam1 extrinsics = 0.001,0.011,0.702,0.712 | -0.050,-0.014,0.008
q_GtoI = -0.149,-0.823,-0.093,0.540 | p_IinG = -2.186,0.571,0.454 | dist = 14.97 (meters)
bg = -0.0054,0.0239,0.0814 | ba = -0.0386,0.1033,0.0929
camera-imu timeoffset = 0.00003
cam0 intrinsics = 460.486,461.860,361.627,245.777 | -0.280,0.071,0.000,-0.000
cam1 intrinsics = 458.138,459.523,375.651,253.975 | -0.276,0.067,-0.000,-0.000
cam0 extrinsics = -0.001,0.008,0.701,0.713 | 0.061,-0.012,0.007
cam1 extrinsics = 0.001,0.011,0.702,0.712 | -0.049,-0.014,0.008
q_GtoI = -0.167,-0.812,-0.108,0.548 | p_IinG = -2.197,0.585,0.439 | dist = 14.99 (meters)
bg = -0.0051,0.0230,0.0811 | ba = -0.0364,0.0965,0.0919
camera-imu timeoffset = 0.00003
cam0 intrinsics = 460.510,461.885,361.602,245.893 | -0.280,0.071,0.000,-0.000
cam1 intrinsics = 458.159,459.548,375.583,254.062 | -0.276,0.067,-0.000,-0.000
cam0 extrinsics = -0.001,0.008,0.701,0.713 | 0.061,-0.013,0.007
cam1 extrinsics = 0.001,0.011,0.702,0.712 | -0.049,-0.014,0.008
q_GtoI = -0.185,-0.803,-0.122,0.553 | p_IinG = -2.217,0.602,0.431 | dist = 15.02 (meters)
bg = -0.0050,0.0229,0.0810 | ba = -0.0357,0.0977,0.0904
camera-imu timeoffset = 0.00003
cam0 intrinsics = 460.521,461.919,361.619,245.898 | -0.280,0.071,0.000,-0.000
cam1 intrinsics = 458.170,459.579,375.589,254.050 | -0.276,0.067,-0.000,-0.000
cam0 extrinsics = -0.001,0.008,0.701,0.713 | 0.061,-0.013,0.008
cam1 extrinsics = 0.001,0.011,0.702,0.712 | -0.049,-0.014,0.008
q_GtoI = -0.201,-0.794,-0.137,0.557 | p_IinG = -2.233,0.618,0.423 | dist = 15.05 (meters)
bg = -0.0053,0.0227,0.0811 | ba = -0.0352,0.0971,0.0900
camera-imu timeoffset = 0.00004
cam0 intrinsics = 460.506,461.924,361.638,245.869 | -0.280,0.071,0.000,-0.000
cam1 intrinsics = 458.159,459.585,375.603,253.997 | -0.276,0.067,-0.000,-0.000
cam0 extrinsics = -0.001,0.008,0.701,0.713 | 0.060,-0.013,0.008
cam1 extrinsics = 0.001,0.011,0.702,0.712 | -0.050,-0.014,0.008
q_GtoI = -0.217,-0.785,-0.152,0.560 | p_IinG = -2.250,0.633,0.415 | dist = 15.07 (meters)
bg = -0.0054,0.0225,0.0812 | ba = -0.0329,0.0957,0.0893
camera-imu timeoffset = 0.00004
cam0 intrinsics = 460.526,461.955,361.655,245.859 | -0.280,0.071,0.000,-0.000
cam1 intrinsics = 458.180,459.619,375.634,253.982 | -0.276,0.067,-0.000,-0.000
cam0 extrinsics = -0.001,0.008,0.701,0.713 | 0.060,-0.013,0.008
cam1 extrinsics = 0.001,0.011,0.702,0.712 | -0.050,-0.014,0.008
q_GtoI = -0.233,-0.776,-0.167,0.562 | p_IinG = -2.266,0.655,0.410 | dist = 15.09 (meters)
bg = -0.0061,0.0228,0.0806 | ba = -0.0369,0.0934,0.0851
camera-imu timeoffset = 0.00004
cam0 intrinsics = 460.436,461.937,361.660,245.871 | -0.280,0.071,0.001,-0.000
cam1 intrinsics = 458.135,459.641,375.642,253.967 | -0.276,0.067,-0.000,-0.000
cam0 extrinsics = -0.002,0.008,0.701,0.713 | 0.060,-0.012,0.007
cam1 extrinsics = 0.001,0.011,0.702,0.712 | -0.050,-0.014,0.008
q_GtoI = -0.248,-0.765,-0.182,0.566 | p_IinG = -2.283,0.667,0.405 | dist = 15.12 (meters)
bg = -0.0060,0.0225,0.0809 | ba = -0.0325,0.0951,0.0870
camera-imu timeoffset = 0.00005
cam0 intrinsics = 460.471,461.962,361.648,245.844 | -0.280,0.071,0.001,-0.000
cam1 intrinsics = 458.159,459.635,375.594,253.940 | -0.276,0.067,-0.000,-0.000
cam0 extrinsics = -0.002,0.008,0.702,0.713 | 0.060,-0.012,0.007
cam1 extrinsics = 0.001,0.011,0.702,0.712 | -0.050,-0.014,0.008
q_GtoI = -0.262,-0.752,-0.197,0.571 | p_IinG = -2.300,0.684,0.402 | dist = 15.14 (meters)
bg = -0.0064,0.0224,0.0809 | ba = -0.0288,0.0944,0.0814
camera-imu timeoffset = 0.00004
cam0 intrinsics = 460.627,462.123,361.657,245.905 | -0.280,0.072,0.001,-0.000
cam1 intrinsics = 458.314,459.792,375.605,254.016 | -0.276,0.067,-0.000,-0.000
cam0 extrinsics = -0.002,0.008,0.702,0.713 | 0.060,-0.013,0.008
cam1 extrinsics = 0.001,0.011,0.702,0.712 | -0.050,-0.014,0.009
q_GtoI = -0.277,-0.738,-0.211,0.578 | p_IinG = -2.316,0.698,0.402 | dist = 15.16 (meters)
bg = -0.0065,0.0226,0.0809 | ba = -0.0264,0.0966,0.0795
camera-imu timeoffset = 0.00004
cam0 intrinsics = 460.675,462.157,361.658,245.932 | -0.280,0.072,0.001,-0.000
cam1 intrinsics = 458.367,459.829,375.595,254.040 | -0.276,0.067,-0.000,-0.000
cam0 extrinsics = -0.002,0.008,0.702,0.713 | 0.060,-0.013,0.009
cam1 extrinsics = 0.001,0.011,0.702,0.712 | -0.050,-0.014,0.009
q_GtoI = -0.292,-0.722,-0.225,0.585 | p_IinG = -2.332,0.710,0.403 | dist = 15.18 (meters)
bg = -0.0066,0.0228,0.0808 | ba = -0.0233,0.1000,0.0781
camera-imu timeoffset = 0.00004
cam0 intrinsics = 460.708,462.166,361.657,245.957 | -0.280,0.072,0.001,-0.000
cam1 intrinsics = 458.406,459.843,375.583,254.056 | -0.276,0.067,-0.000,-0.000
cam0 extrinsics = -0.002,0.008,0.702,0.713 | 0.060,-0.013,0.009
cam1 extrinsics = 0.001,0.011,0.702,0.712 | -0.051,-0.015,0.010
q_GtoI = -0.307,-0.707,-0.238,0.591 | p_IinG = -2.346,0.719,0.404 | dist = 15.19 (meters)
bg = -0.0061,0.0227,0.0810 | ba = -0.0206,0.1028,0.0785
camera-imu timeoffset = 0.00004
cam0 intrinsics = 460.859,462.281,361.666,246.025 | -0.280,0.072,0.001,0.000
cam1 intrinsics = 458.555,459.953,375.574,254.120 | -0.276,0.067,-0.000,-0.000
cam0 extrinsics = -0.002,0.008,0.702,0.713 | 0.060,-0.014,0.010
cam1 extrinsics = 0.001,0.011,0.702,0.712 | -0.051,-0.015,0.010
q_GtoI = -0.323,-0.695,-0.246,0.593 | p_IinG = -2.356,0.727,0.407 | dist = 15.20 (meters)
bg = -0.0060,0.0227,0.0808 | ba = -0.0225,0.1047,0.0753
camera-imu timeoffset = 0.00002
cam0 intrinsics = 460.870,462.290,361.643,246.044 | -0.280,0.072,0.001,0.000
cam1 intrinsics = 458.569,459.967,375.531,254.131 | -0.276,0.067,-0.000,-0.000
cam0 extrinsics = -0.002,0.008,0.702,0.713 | 0.060,-0.014,0.010
cam1 extrinsics = 0.001,0.011,0.702,0.712 | -0.051,-0.015,0.011
q_GtoI = -0.342,-0.691,-0.249,0.586 | p_IinG = -2.367,0.734,0.411 | dist = 15.21 (meters)
bg = -0.0057,0.0231,0.0806 | ba = -0.0244,0.1106,0.0729
camera-imu timeoffset = 0.00001
cam0 intrinsics = 460.986,462.382,361.626,246.097 | -0.280,0.072,0.001,0.000
cam1 intrinsics = 458.695,460.072,375.497,254.190 | -0.276,0.067,-0.000,-0.000
cam0 extrinsics = -0.002,0.008,0.702,0.713 | 0.060,-0.014,0.011
cam1 extrinsics = 0.001,0.011,0.702,0.712 | -0.051,-0.016,0.011
q_GtoI = -0.363,-0.692,-0.248,0.573 | p_IinG = -2.373,0.738,0.412 | dist = 15.22 (meters)
bg = -0.0053,0.0234,0.0805 | ba = -0.0252,0.1132,0.0698
camera-imu timeoffset = 0.00001
cam0 intrinsics = 461.075,462.451,361.612,246.139 | -0.281,0.072,0.001,0.000
cam1 intrinsics = 458.788,460.146,375.480,254.235 | -0.277,0.067,-0.000,-0.000
cam0 extrinsics = -0.002,0.008,0.702,0.713 | 0.060,-0.014,0.011
cam1 extrinsics = 0.001,0.011,0.702,0.712 | -0.050,-0.016,0.012
q_GtoI = -0.384,-0.701,-0.241,0.551 | p_IinG = -2.375,0.740,0.409 | dist = 15.22 (meters)
bg = -0.0052,0.0234,0.0806 | ba = -0.0255,0.1155,0.0697
camera-imu timeoffset = -0.00000
cam0 intrinsics = 461.119,462.479,361.605,246.160 | -0.281,0.072,0.001,0.000
cam1 intrinsics = 458.836,460.179,375.476,254.251 | -0.277,0.067,-0.000,-0.000
cam0 extrinsics = -0.002,0.008,0.701,0.713 | 0.060,-0.014,0.011
cam1 extrinsics = 0.001,0.011,0.702,0.712 | -0.050,-0.016,0.012
q_GtoI = -0.403,-0.713,-0.232,0.524 | p_IinG = -2.370,0.738,0.402 | dist = 15.23 (meters)
bg = -0.0053,0.0233,0.0799 | ba = -0.0231,0.1153,0.0670
camera-imu timeoffset = 0.00001
cam0 intrinsics = 461.071,462.457,361.586,246.130 | -0.281,0.072,0.001,0.000
cam1 intrinsics = 458.790,460.159,375.465,254.180 | -0.277,0.067,-0.000,-0.000
cam0 extrinsics = -0.002,0.008,0.702,0.713 | 0.060,-0.014,0.010
cam1 extrinsics = 0.001,0.011,0.702,0.712 | -0.050,-0.015,0.011
q_GtoI = -0.421,-0.727,-0.220,0.496 | p_IinG = -2.365,0.740,0.395 | dist = 15.23 (meters)
bg = -0.0057,0.0225,0.0803 | ba = -0.0219,0.1161,0.0669
camera-imu timeoffset = 0.00001
cam0 intrinsics = 461.071,462.351,361.602,246.103 | -0.281,0.072,0.001,0.000
cam1 intrinsics = 458.794,460.065,375.491,254.167 | -0.277,0.067,-0.000,-0.000
cam0 extrinsics = -0.002,0.008,0.702,0.713 | 0.060,-0.015,0.010
cam1 extrinsics = 0.001,0.011,0.702,0.712 | -0.050,-0.016,0.011
q_GtoI = -0.433,-0.741,-0.212,0.468 | p_IinG = -2.362,0.744,0.390 | dist = 15.24 (meters)
bg = -0.0059,0.0219,0.0807 | ba = -0.0244,0.1169,0.0699
camera-imu timeoffset = 0.00003
cam0 intrinsics = 461.071,462.302,361.618,246.105 | -0.281,0.072,0.001,0.000
cam1 intrinsics = 458.790,460.010,375.518,254.162 | -0.277,0.067,0.000,-0.000
cam0 extrinsics = -0.002,0.008,0.701,0.713 | 0.060,-0.015,0.010
cam1 extrinsics = 0.000,0.011,0.702,0.712 | -0.050,-0.016,0.011
q_GtoI = -0.444,-0.751,-0.204,0.444 | p_IinG = -2.356,0.752,0.386 | dist = 15.25 (meters)
bg = -0.0060,0.0217,0.0809 | ba = -0.0209,0.1163,0.0691
camera-imu timeoffset = 0.00001
cam0 intrinsics = 461.018,462.243,361.625,246.118 | -0.281,0.072,0.001,0.000
cam1 intrinsics = 458.741,459.946,375.523,254.148 | -0.277,0.067,0.000,-0.000
cam0 extrinsics = -0.002,0.008,0.702,0.713 | 0.060,-0.015,0.009
cam1 extrinsics = 0.000,0.011,0.702,0.712 | -0.050,-0.016,0.010
q_GtoI = -0.451,-0.760,-0.198,0.423 | p_IinG = -2.355,0.767,0.386 | dist = 15.26 (meters)
bg = -0.0060,0.0214,0.0812 | ba = -0.0201,0.1187,0.0682
camera-imu timeoffset = 0.00002
cam0 intrinsics = 460.983,462.170,361.618,246.107 | -0.281,0.072,0.001,0.000
cam1 intrinsics = 458.711,459.881,375.524,254.148 | -0.277,0.067,0.000,-0.000
cam0 extrinsics = -0.002,0.008,0.702,0.713 | 0.061,-0.015,0.009
cam1 extrinsics = 0.000,0.012,0.702,0.712 | -0.050,-0.016,0.009
q_GtoI = -0.452,-0.766,-0.200,0.410 | p_IinG = -2.358,0.789,0.390 | dist = 15.28 (meters)
bg = -0.0060,0.0211,0.0814 | ba = -0.0214,0.1220,0.0685
camera-imu timeoffset = 0.00006
cam0 intrinsics = 460.967,462.126,361.607,246.086 | -0.281,0.072,0.001,0.000
cam1 intrinsics = 458.699,459.844,375.525,254.130 | -0.277,0.067,0.000,-0.000
cam0 extrinsics = -0.002,0.008,0.702,0.713 | 0.061,-0.014,0.008
cam1 extrinsics = 0.000,0.012,0.702,0.712 | -0.050,-0.016,0.009
q_GtoI = -0.445,-0.765,-0.214,0.414 | p_IinG = -2.364,0.819,0.398 | dist = 15.32 (meters)
bg = -0.0059,0.0211,0.0813 | ba = -0.0209,0.1236,0.0697
camera-imu timeoffset = 0.00007
cam0 intrinsics = 460.976,462.126,361.600,246.081 | -0.281,0.072,0.001,0.000
cam1 intrinsics = 458.715,459.853,375.521,254.125 | -0.277,0.067,0.000,-0.000
cam0 extrinsics = -0.002,0.008,0.702,0.713 | 0.061,-0.014,0.008
cam1 extrinsics = 0.000,0.012,0.702,0.712 | -0.050,-0.015,0.009
q_GtoI = -0.434,-0.758,-0.232,0.428 | p_IinG = -2.375,0.854,0.409 | dist = 15.35 (meters)
bg = -0.0058,0.0213,0.0811 | ba = -0.0206,0.1247,0.0723
camera-imu timeoffset = 0.00006
cam0 intrinsics = 460.979,462.110,361.600,246.058 | -0.281,0.072,0.001,0.000
cam1 intrinsics = 458.724,459.845,375.534,254.108 | -0.277,0.067,0.000,-0.000
cam0 extrinsics = -0.002,0.008,0.702,0.713 | 0.061,-0.014,0.008
cam1 extrinsics = 0.000,0.012,0.702,0.712 | -0.050,-0.015,0.009
q_GtoI = -0.422,-0.743,-0.252,0.455 | p_IinG = -2.388,0.892,0.419 | dist = 15.40 (meters)
bg = -0.0058,0.0212,0.0807 | ba = -0.0189,0.1235,0.0746
camera-imu timeoffset = 0.00005
cam0 intrinsics = 460.944,462.071,361.585,246.012 | -0.281,0.072,0.001,0.000
cam1 intrinsics = 458.692,459.806,375.534,254.074 | -0.277,0.067,0.000,-0.000
cam0 extrinsics = -0.002,0.008,0.702,0.712 | 0.060,-0.014,0.008
cam1 extrinsics = 0.000,0.012,0.702,0.712 | -0.050,-0.015,0.009
q_GtoI = -0.406,-0.726,-0.273,0.483 | p_IinG = -2.405,0.937,0.432 | dist = 15.45 (meters)
bg = -0.0059,0.0213,0.0805 | ba = -0.0168,0.1247,0.0733
camera-imu timeoffset = 0.00004
cam0 intrinsics = 460.989,462.101,361.584,246.052 | -0.281,0.072,0.001,0.000
cam1 intrinsics = 458.735,459.834,375.523,254.105 | -0.277,0.067,0.000,-0.000
cam0 extrinsics = -0.002,0.008,0.702,0.712 | 0.061,-0.014,0.008
cam1 extrinsics = 0.000,0.012,0.702,0.712 | -0.050,-0.016,0.009
q_GtoI = -0.390,-0.705,-0.293,0.515 | p_IinG = -2.422,0.982,0.453 | dist = 15.50 (meters)
bg = -0.0058,0.0216,0.0804 | ba = -0.0194,0.1288,0.0754
camera-imu timeoffset = 0.00003
cam0 intrinsics = 460.973,462.061,361.590,246.034 | -0.281,0.072,0.001,0.000
cam1 intrinsics = 458.712,459.786,375.524,254.075 | -0.277,0.067,0.000,-0.000
cam0 extrinsics = -0.002,0.008,0.702,0.712 | 0.061,-0.014,0.007
cam1 extrinsics = 0.000,0.012,0.702,0.712 | -0.050,-0.016,0.008
q_GtoI = -0.375,-0.685,-0.308,0.544 | p_IinG = -2.437,1.023,0.465 | dist = 15.54 (meters)
bg = -0.0058,0.0216,0.0804 | ba = -0.0194,0.1278,0.0744
camera-imu timeoffset = 0.00004
cam0 intrinsics = 460.972,462.065,361.593,246.048 | -0.281,0.072,0.001,0.000
cam1 intrinsics = 458.714,459.793,375.527,254.084 | -0.277,0.067,0.000,-0.000
cam0 extrinsics = -0.002,0.008,0.702,0.712 | 0.061,-0.014,0.007
cam1 extrinsics = 0.000,0.012,0.702,0.712 | -0.050,-0.016,0.008
q_GtoI = -0.361,-0.666,-0.320,0.569 | p_IinG = -2.450,1.061,0.477 | dist = 15.58 (meters)
bg = -0.0059,0.0215,0.0804 | ba = -0.0183,0.1269,0.0742
camera-imu timeoffset = 0.00005
cam0 intrinsics = 460.976,462.073,361.591,246.053 | -0.281,0.072,0.001,0.000
cam1 intrinsics = 458.720,459.806,375.522,254.082 | -0.277,0.067,0.000,-0.000
cam0 extrinsics = -0.002,0.008,0.702,0.712 | 0.061,-0.014,0.007
cam1 extrinsics = 0.000,0.012,0.702,0.712 | -0.050,-0.016,0.008
q_GtoI = -0.352,-0.649,-0.325,0.590 | p_IinG = -2.461,1.094,0.491 | dist = 15.62 (meters)
bg = -0.0059,0.0216,0.0804 | ba = -0.0197,0.1270,0.0742
camera-imu timeoffset = 0.00004
cam0 intrinsics = 460.966,462.061,361.597,246.052 | -0.281,0.072,0.001,0.000
cam1 intrinsics = 458.707,459.791,375.522,254.076 | -0.277,0.067,0.000,-0.000
cam0 extrinsics = -0.002,0.008,0.702,0.712 | 0.061,-0.014,0.007
cam1 extrinsics = 0.000,0.012,0.702,0.712 | -0.050,-0.016,0.008
q_GtoI = -0.344,-0.634,-0.328,0.610 | p_IinG = -2.470,1.122,0.507 | dist = 15.65 (meters)
bg = -0.0059,0.0217,0.0804 | ba = -0.0216,0.1278,0.0740
camera-imu timeoffset = 0.00003
cam0 intrinsics = 460.966,462.057,361.598,246.064 | -0.281,0.072,0.001,0.000
cam1 intrinsics = 458.707,459.786,375.521,254.087 | -0.277,0.067,0.000,-0.000
cam0 extrinsics = -0.002,0.008,0.702,0.712 | 0.061,-0.014,0.007
cam1 extrinsics = 0.000,0.012,0.702,0.712 | -0.050,-0.016,0.008
q_GtoI = -0.342,-0.623,-0.325,0.625 | p_IinG = -2.479,1.146,0.525 | dist = 15.68 (meters)
bg = -0.0058,0.0219,0.0804 | ba = -0.0249,0.1306,0.0741
camera-imu timeoffset = 0.00001
cam0 intrinsics = 460.982,462.048,361.602,246.089 | -0.281,0.072,0.001,0.000
cam1 intrinsics = 458.720,459.774,375.530,254.101 | -0.277,0.067,0.000,-0.000
cam0 extrinsics = -0.002,0.008,0.702,0.712 | 0.061,-0.015,0.007
cam1 extrinsics = 0.000,0.012,0.702,0.712 | -0.050,-0.016,0.007
q_GtoI = -0.345,-0.615,-0.314,0.635 | p_IinG = -2.483,1.164,0.544 | dist = 15.70 (meters)
bg = -0.0058,0.0221,0.0804 | ba = -0.0273,0.1326,0.0733
camera-imu timeoffset = -0.00001
cam0 intrinsics = 460.997,462.047,361.602,246.107 | -0.281,0.072,0.001,0.000
cam1 intrinsics = 458.731,459.772,375.531,254.114 | -0.277,0.067,0.000,-0.000
cam0 extrinsics = -0.002,0.008,0.702,0.712 | 0.061,-0.015,0.007
cam1 extrinsics = 0.001,0.012,0.702,0.712 | -0.049,-0.016,0.007
q_GtoI = -0.354,-0.616,-0.303,0.635 | p_IinG = -2.482,1.174,0.562 | dist = 15.72 (meters)
bg = -0.0058,0.0222,0.0805 | ba = -0.0283,0.1354,0.0732
camera-imu timeoffset = -0.00002
cam0 intrinsics = 461.013,462.043,361.605,246.120 | -0.281,0.072,0.001,0.000
cam1 intrinsics = 458.742,459.765,375.539,254.121 | -0.277,0.067,0.000,-0.000
cam0 extrinsics = -0.002,0.008,0.702,0.712 | 0.061,-0.015,0.007
cam1 extrinsics = 0.001,0.012,0.702,0.712 | -0.049,-0.017,0.008
q_GtoI = -0.369,-0.626,-0.287,0.625 | p_IinG = -2.475,1.177,0.577 | dist = 15.74 (meters)
bg = -0.0058,0.0223,0.0806 | ba = -0.0271,0.1380,0.0740
camera-imu timeoffset = -0.00003
cam0 intrinsics = 461.017,462.036,361.611,246.129 | -0.281,0.072,0.001,0.000
cam1 intrinsics = 458.742,459.755,375.549,254.125 | -0.277,0.067,0.000,-0.000
cam0 extrinsics = -0.002,0.008,0.702,0.712 | 0.061,-0.016,0.007
cam1 extrinsics = 0.001,0.012,0.702,0.712 | -0.049,-0.017,0.008
q_GtoI = -0.386,-0.640,-0.274,0.605 | p_IinG = -2.465,1.179,0.595 | dist = 15.76 (meters)
bg = -0.0057,0.0228,0.0805 | ba = -0.0263,0.1406,0.0737
camera-imu timeoffset = -0.00001
cam0 intrinsics = 461.028,462.033,361.612,246.154 | -0.281,0.072,0.001,0.000
cam1 intrinsics = 458.750,459.749,375.539,254.146 | -0.277,0.067,0.000,-0.000
cam0 extrinsics = -0.002,0.008,0.702,0.712 | 0.061,-0.016,0.007
cam1 extrinsics = 0.001,0.012,0.702,0.712 | -0.049,-0.017,0.008
q_GtoI = -0.403,-0.656,-0.263,0.582 | p_IinG = -2.448,1.179,0.609 | dist = 15.78 (meters)
bg = -0.0058,0.0230,0.0807 | ba = -0.0267,0.1432,0.0731
camera-imu timeoffset = -0.00001
cam0 intrinsics = 461.033,462.023,361.614,246.156 | -0.281,0.072,0.001,0.000
cam1 intrinsics = 458.756,459.740,375.538,254.148 | -0.277,0.067,0.000,-0.000
cam0 extrinsics = -0.002,0.008,0.702,0.712 | 0.061,-0.016,0.007
cam1 extrinsics = 0.001,0.012,0.702,0.712 | -0.050,-0.018,0.008
q_GtoI = -0.419,-0.672,-0.256,0.554 | p_IinG = -2.445,1.186,0.624 | dist = 15.81 (meters)
bg = -0.0055,0.0247,0.0805 | ba = -0.0190,0.1497,0.0724
camera-imu timeoffset = 0.00003
cam0 intrinsics = 460.946,461.820,361.621,246.156 | -0.281,0.072,0.001,0.000
cam1 intrinsics = 458.674,459.551,375.537,254.168 | -0.277,0.067,0.000,-0.000
cam0 extrinsics = -0.002,0.008,0.702,0.712 | 0.061,-0.018,0.005
cam1 extrinsics = 0.001,0.012,0.702,0.712 | -0.050,-0.019,0.006
q_GtoI = -0.434,-0.689,-0.253,0.523 | p_IinG = -2.415,1.178,0.628 | dist = 15.84 (meters)
bg = -0.0057,0.0245,0.0808 | ba = -0.0152,0.1502,0.0738
camera-imu timeoffset = 0.00002
cam0 intrinsics = 460.910,461.799,361.628,246.143 | -0.281,0.072,0.001,0.000
cam1 intrinsics = 458.640,459.533,375.540,254.158 | -0.277,0.067,0.000,-0.000
cam0 extrinsics = -0.002,0.008,0.702,0.712 | 0.061,-0.018,0.005
cam1 extrinsics = 0.001,0.012,0.702,0.712 | -0.049,-0.019,0.006
q_GtoI = -0.445,-0.705,-0.256,0.489 | p_IinG = -2.383,1.169,0.630 | dist = 15.87 (meters)
bg = -0.0060,0.0239,0.0812 | ba = -0.0128,0.1483,0.0760
camera-imu timeoffset = -0.00000
cam0 intrinsics = 460.890,461.773,361.584,246.093 | -0.281,0.072,0.001,0.000
cam1 intrinsics = 458.626,459.511,375.499,254.118 | -0.277,0.067,0.000,-0.000
cam0 extrinsics = -0.002,0.008,0.702,0.712 | 0.061,-0.018,0.004
cam1 extrinsics = 0.001,0.012,0.702,0.712 | -0.050,-0.019,0.005
q_GtoI = -0.458,-0.716,-0.257,0.460 | p_IinG = -2.344,1.164,0.629 | dist = 15.90 (meters)
bg = -0.0066,0.0235,0.0813 | ba = -0.0094,0.1472,0.0762
camera-imu timeoffset = -0.00002
cam0 intrinsics = 460.838,461.740,361.578,246.040 | -0.281,0.072,0.001,0.000
cam1 intrinsics = 458.588,459.495,375.458,254.065 | -0.277,0.067,0.000,-0.000
cam0 extrinsics = -0.002,0.008,0.702,0.712 | 0.061,-0.017,0.004
cam1 extrinsics = 0.001,0.012,0.702,0.712 | -0.049,-0.019,0.005
q_GtoI = -0.469,-0.723,-0.261,0.434 | p_IinG = -2.308,1.162,0.626 | dist = 15.93 (meters)
bg = -0.0071,0.0228,0.0815 | ba = -0.0061,0.1473,0.0757
camera-imu timeoffset = -0.00003
cam0 intrinsics = 460.783,461.666,361.567,245.968 | -0.281,0.072,0.001,0.000
cam1 intrinsics = 458.531,459.422,375.420,254.002 | -0.277,0.067,0.000,-0.000
cam0 extrinsics = -0.002,0.008,0.702,0.713 | 0.062,-0.017,0.004
cam1 extrinsics = 0.001,0.012,0.702,0.712 | -0.049,-0.018,0.005
q_GtoI = -0.478,-0.724,-0.271,0.417 | p_IinG = -2.277,1.166,0.623 | dist = 15.96 (meters)
bg = -0.0074,0.0222,0.0816 | ba = -0.0027,0.1480,0.0752
camera-imu timeoffset = -0.00004
cam0 intrinsics = 460.747,461.623,361.553,245.929 | -0.280,0.072,0.001,0.000
cam1 intrinsics = 458.493,459.380,375.397,253.964 | -0.277,0.067,0.000,-0.000
cam0 extrinsics = -0.002,0.008,0.702,0.713 | 0.062,-0.016,0.003
cam1 extrinsics = 0.001,0.012,0.702,0.712 | -0.049,-0.018,0.004
q_GtoI = -0.484,-0.717,-0.284,0.412 | p_IinG = -2.250,1.175,0.621 | dist = 15.99 (meters)
bg = -0.0074,0.0217,0.0815 | ba = 0.0006,0.1483,0.0735
camera-imu timeoffset = -0.00006
cam0 intrinsics = 460.718,461.574,361.534,245.907 | -0.280,0.072,0.001,0.000
cam1 intrinsics = 458.462,459.337,375.368,253.940 | -0.276,0.067,0.000,-0.000
cam0 extrinsics = -0.002,0.008,0.702,0.713 | 0.062,-0.016,0.003
cam1 extrinsics = 0.001,0.012,0.702,0.712 | -0.049,-0.018,0.004
q_GtoI = -0.486,-0.704,-0.305,0.419 | p_IinG = -2.228,1.187,0.622 | dist = 16.02 (meters)
bg = -0.0068,0.0214,0.0821 | ba = 0.0020,0.1479,0.0729
camera-imu timeoffset = -0.00006
cam0 intrinsics = 460.685,461.557,361.509,245.877 | -0.280,0.072,0.001,0.000
cam1 intrinsics = 458.431,459.324,375.336,253.922 | -0.276,0.067,0.000,-0.000
cam0 extrinsics = -0.002,0.008,0.702,0.712 | 0.062,-0.017,0.004
cam1 extrinsics = 0.001,0.012,0.702,0.712 | -0.049,-0.018,0.005
q_GtoI = -0.485,-0.684,-0.329,0.434 | p_IinG = -2.212,1.205,0.621 | dist = 16.04 (meters)
bg = -0.0066,0.0215,0.0823 | ba = 0.0055,0.1483,0.0715
camera-imu timeoffset = -0.00006
cam0 intrinsics = 460.688,461.557,361.523,245.892 | -0.280,0.072,0.001,0.000
cam1 intrinsics = 458.439,459.330,375.346,253.941 | -0.276,0.067,0.000,-0.000
cam0 extrinsics = -0.002,0.008,0.702,0.712 | 0.062,-0.017,0.004
cam1 extrinsics = 0.001,0.012,0.702,0.712 | -0.049,-0.019,0.005
q_GtoI = -0.480,-0.663,-0.355,0.452 | p_IinG = -2.195,1.224,0.621 | dist = 16.07 (meters)
bg = -0.0066,0.0216,0.0823 | ba = 0.0071,0.1492,0.0711
camera-imu timeoffset = -0.00005
cam0 intrinsics = 460.697,461.564,361.521,245.892 | -0.280,0.072,0.001,0.000
cam1 intrinsics = 458.440,459.329,375.342,253.941 | -0.276,0.067,0.000,-0.000
cam0 extrinsics = -0.002,0.008,0.702,0.712 | 0.062,-0.018,0.005
cam1 extrinsics = 0.001,0.012,0.702,0.712 | -0.048,-0.019,0.006
q_GtoI = -0.473,-0.639,-0.379,0.473 | p_IinG = -2.180,1.242,0.621 | dist = 16.09 (meters)
bg = -0.0064,0.0217,0.0822 | ba = 0.0060,0.1499,0.0711
camera-imu timeoffset = -0.00006
cam0 intrinsics = 460.689,461.549,361.524,245.902 | -0.280,0.072,0.001,0.000
cam1 intrinsics = 458.427,459.309,375.343,253.945 | -0.276,0.067,0.000,-0.000
cam0 extrinsics = -0.002,0.008,0.702,0.712 | 0.062,-0.018,0.004
cam1 extrinsics = 0.001,0.012,0.702,0.712 | -0.048,-0.019,0.005
q_GtoI = -0.463,-0.615,-0.403,0.495 | p_IinG = -2.160,1.253,0.619 | dist = 16.11 (meters)
bg = -0.0066,0.0218,0.0822 | ba = 0.0059,0.1478,0.0716
camera-imu timeoffset = -0.00006
cam0 intrinsics = 460.668,461.502,361.517,245.908 | -0.280,0.072,0.001,0.000
cam1 intrinsics = 458.405,459.260,375.342,253.948 | -0.276,0.067,0.000,-0.000
cam0 extrinsics = -0.002,0.008,0.702,0.712 | 0.062,-0.017,0.004
cam1 extrinsics = 0.001,0.012,0.702,0.712 | -0.049,-0.019,0.005
q_GtoI = -0.452,-0.594,-0.423,0.514 | p_IinG = -2.146,1.264,0.620 | dist = 16.13 (meters)
bg = -0.0069,0.0216,0.0828 | ba = 0.0041,0.1471,0.0711
camera-imu timeoffset = -0.00006
cam0 intrinsics = 460.755,461.621,361.522,245.907 | -0.281,0.072,0.001,0.000
cam1 intrinsics = 458.489,459.377,375.343,253.944 | -0.277,0.067,0.000,-0.000
cam0 extrinsics = -0.001,0.008,0.702,0.712 | 0.062,-0.018,0.004
cam1 extrinsics = 0.001,0.012,0.702,0.712 | -0.049,-0.019,0.005
q_GtoI = -0.443,-0.572,-0.439,0.533 | p_IinG = -2.132,1.267,0.619 | dist = 16.15 (meters)
bg = -0.0069,0.0217,0.0828 | ba = 0.0068,0.1470,0.0709
camera-imu timeoffset = -0.00004
cam0 intrinsics = 460.750,461.605,361.518,245.902 | -0.281,0.072,0.001,0.000
cam1 intrinsics = 458.484,459.363,375.335,253.938 | -0.277,0.067,0.000,-0.000
cam0 extrinsics = -0.001,0.008,0.702,0.712 | 0.062,-0.018,0.004
cam1 extrinsics = 0.001,0.012,0.702,0.712 | -0.049,-0.019,0.005
q_GtoI = -0.437,-0.554,-0.447,0.549 | p_IinG = -2.118,1.262,0.617 | dist = 16.16 (meters)
bg = -0.0069,0.0219,0.0826 | ba = 0.0099,0.1475,0.0706
camera-imu timeoffset = -0.00003
cam0 intrinsics = 460.738,461.586,361.519,245.897 | -0.281,0.072,0.001,0.000
cam1 intrinsics = 458.479,459.349,375.322,253.930 | -0.276,0.067,0.000,-0.000
cam0 extrinsics = -0.001,0.008,0.702,0.712 | 0.061,-0.018,0.005
cam1 extrinsics = 0.001,0.012,0.702,0.712 | -0.049,-0.019,0.006
q_GtoI = -0.440,-0.546,-0.445,0.557 | p_IinG = -2.110,1.257,0.611 | dist = 16.18 (meters)
bg = -0.0073,0.0230,0.0816 | ba = 0.0184,0.1520,0.0682
camera-imu timeoffset = 0.00002
cam0 intrinsics = 460.699,461.519,361.516,245.846 | -0.281,0.072,0.001,0.000
cam1 intrinsics = 458.449,459.290,375.305,253.879 | -0.277,0.067,0.000,-0.000
cam0 extrinsics = -0.002,0.008,0.702,0.712 | 0.062,-0.018,0.006
cam1 extrinsics = 0.001,0.012,0.702,0.712 | -0.049,-0.019,0.007
q_GtoI = -0.450,-0.552,-0.437,0.550 | p_IinG = -2.096,1.236,0.607 | dist = 16.21 (meters)
bg = -0.0073,0.0233,0.0816 | ba = 0.0187,0.1530,0.0679
camera-imu timeoffset = 0.00002
cam0 intrinsics = 460.697,461.513,361.513,245.847 | -0.281,0.072,0.001,0.000
cam1 intrinsics = 458.451,459.285,375.294,253.878 | -0.277,0.067,0.000,-0.000
cam0 extrinsics = -0.002,0.008,0.702,0.712 | 0.061,-0.018,0.006
cam1 extrinsics = 0.001,0.012,0.702,0.712 | -0.049,-0.019,0.007
q_GtoI = -0.465,-0.563,-0.421,0.537 | p_IinG = -2.076,1.206,0.601 | dist = 16.24 (meters)
bg = -0.0072,0.0232,0.0811 | ba = 0.0164,0.1561,0.0665
camera-imu timeoffset = 0.00000
cam0 intrinsics = 460.679,461.505,361.523,245.827 | -0.281,0.072,0.001,0.000
cam1 intrinsics = 458.435,459.279,375.280,253.847 | -0.277,0.067,0.000,-0.000
cam0 extrinsics = -0.002,0.009,0.702,0.712 | 0.062,-0.017,0.006
cam1 extrinsics = 0.001,0.012,0.702,0.712 | -0.049,-0.019,0.007
q_GtoI = -0.484,-0.580,-0.401,0.518 | p_IinG = -2.060,1.175,0.602 | dist = 16.28 (meters)
bg = -0.0071,0.0236,0.0810 | ba = 0.0121,0.1589,0.0650
camera-imu timeoffset = -0.00001
cam0 intrinsics = 460.644,461.451,361.506,245.832 | -0.281,0.072,0.001,0.000
cam1 intrinsics = 458.404,459.224,375.268,253.851 | -0.276,0.067,0.000,-0.000
cam0 extrinsics = -0.002,0.009,0.702,0.712 | 0.062,-0.017,0.006
cam1 extrinsics = 0.001,0.012,0.702,0.712 | -0.049,-0.018,0.007
q_GtoI = -0.506,-0.599,-0.375,0.495 | p_IinG = -2.041,1.137,0.598 | dist = 16.33 (meters)
bg = -0.0071,0.0236,0.0810 | ba = 0.0094,0.1607,0.0638
camera-imu timeoffset = -0.00001
cam0 intrinsics = 460.622,461.409,361.501,245.828 | -0.280,0.072,0.001,0.000
cam1 intrinsics = 458.383,459.184,375.270,253.851 | -0.276,0.067,0.000,-0.000
cam0 extrinsics = -0.002,0.009,0.702,0.712 | 0.062,-0.016,0.007
cam1 extrinsics = 0.000,0.012,0.702,0.712 | -0.049,-0.018,0.008
q_GtoI = -0.531,-0.612,-0.343,0.475 | p_IinG = -2.019,1.098,0.593 | dist = 16.38 (meters)
bg = -0.0072,0.0234,0.0813 | ba = 0.0075,0.1627,0.0612
camera-imu timeoffset = -0.00003
cam0 intrinsics = 460.599,461.346,361.506,245.806 | -0.280,0.072,0.001,0.000
cam1 intrinsics = 458.355,459.115,375.281,253.832 | -0.276,0.067,0.000,-0.000
cam0 extrinsics = -0.002,0.009,0.702,0.712 | 0.062,-0.016,0.007
cam1 extrinsics = 0.000,0.012,0.702,0.712 | -0.049,-0.017,0.008
q_GtoI = -0.561,-0.618,-0.304,0.459 | p_IinG = -1.994,1.057,0.585 | dist = 16.43 (meters)
bg = -0.0074,0.0232,0.0812 | ba = 0.0067,0.1643,0.0580
camera-imu timeoffset = -0.00002
cam0 intrinsics = 460.554,461.284,361.506,245.818 | -0.280,0.072,0.001,0.000
cam1 intrinsics = 458.307,459.048,375.294,253.848 | -0.276,0.067,0.000,-0.000
cam0 extrinsics = -0.002,0.009,0.702,0.712 | 0.062,-0.015,0.007
cam1 extrinsics = 0.000,0.012,0.702,0.712 | -0.048,-0.016,0.008
q_GtoI = -0.586,-0.619,-0.273,0.446 | p_IinG = -1.968,1.021,0.578 | dist = 16.47 (meters)
bg = -0.0076,0.0229,0.0815 | ba = 0.0038,0.1659,0.0553
camera-imu timeoffset = -0.00001
cam0 intrinsics = 460.525,461.203,361.534,245.786 | -0.280,0.072,0.001,0.000
cam1 intrinsics = 458.279,458.972,375.306,253.819 | -0.276,0.067,0.000,-0.000
cam0 extrinsics = -0.002,0.009,0.702,0.713 | 0.062,-0.015,0.007
cam1 extrinsics = 0.000,0.012,0.702,0.712 | -0.048,-0.016,0.008
q_GtoI = -0.609,-0.616,-0.245,0.435 | p_IinG = -1.940,0.986,0.566 | dist = 16.52 (meters)
bg = -0.0078,0.0224,0.0814 | ba = 0.0037,0.1683,0.0527
camera-imu timeoffset = -0.00000
cam0 intrinsics = 460.484,461.181,361.551,245.762 | -0.280,0.072,0.001,0.000
cam1 intrinsics = 458.238,458.947,375.324,253.795 | -0.276,0.067,0.000,-0.000
cam0 extrinsics = -0.002,0.009,0.702,0.713 | 0.062,-0.015,0.006
cam1 extrinsics = 0.000,0.012,0.702,0.712 | -0.048,-0.016,0.007
q_GtoI = -0.626,-0.614,-0.231,0.422 | p_IinG = -1.908,0.959,0.554 | dist = 16.57 (meters)
bg = -0.0081,0.0222,0.0810 | ba = 0.0042,0.1697,0.0501
camera-imu timeoffset = 0.00001
cam0 intrinsics = 460.420,461.167,361.572,245.796 | -0.280,0.072,0.001,0.000
cam1 intrinsics = 458.164,458.919,375.334,253.806 | -0.276,0.067,0.000,-0.000
cam0 extrinsics = -0.002,0.008,0.702,0.713 | 0.062,-0.014,0.006
cam1 extrinsics = 0.001,0.012,0.702,0.712 | -0.048,-0.016,0.007
q_GtoI = -0.636,-0.613,-0.228,0.409 | p_IinG = -1.871,0.939,0.542 | dist = 16.61 (meters)
bg = -0.0080,0.0223,0.0809 | ba = 0.0055,0.1704,0.0486
camera-imu timeoffset = -0.00001
cam0 intrinsics = 460.397,461.168,361.580,245.795 | -0.280,0.072,0.001,0.000
cam1 intrinsics = 458.143,458.918,375.342,253.802 | -0.276,0.067,0.000,-0.000
cam0 extrinsics = -0.002,0.008,0.702,0.713 | 0.062,-0.014,0.006
cam1 extrinsics = 0.001,0.012,0.702,0.712 | -0.048,-0.016,0.007
q_GtoI = -0.636,-0.612,-0.245,0.400 | p_IinG = -1.830,0.929,0.531 | dist = 16.66 (meters)
bg = -0.0079,0.0223,0.0809 | ba = 0.0072,0.1709,0.0466
camera-imu timeoffset = -0.00001
cam0 intrinsics = 460.388,461.166,361.587,245.784 | -0.280,0.072,0.001,0.000
cam1 intrinsics = 458.138,458.921,375.356,253.793 | -0.276,0.067,0.000,-0.000
cam0 extrinsics = -0.002,0.008,0.702,0.713 | 0.063,-0.014,0.006
cam1 extrinsics = 0.001,0.012,0.702,0.712 | -0.048,-0.015,0.007
q_GtoI = -0.625,-0.612,-0.277,0.397 | p_IinG = -1.782,0.928,0.521 | dist = 16.70 (meters)
bg = -0.0078,0.0223,0.0809 | ba = 0.0101,0.1716,0.0434
camera-imu timeoffset = -0.00001
cam0 intrinsics = 460.372,461.149,361.602,245.738 | -0.280,0.072,0.001,0.000
cam1 intrinsics = 458.122,458.902,375.376,253.748 | -0.276,0.067,0.000,-0.000
cam0 extrinsics = -0.002,0.008,0.702,0.713 | 0.063,-0.013,0.006
cam1 extrinsics = 0.001,0.012,0.702,0.712 | -0.047,-0.014,0.007
q_GtoI = -0.606,-0.608,-0.318,0.403 | p_IinG = -1.735,0.930,0.512 | dist = 16.75 (meters)
bg = -0.0077,0.0223,0.0809 | ba = 0.0116,0.1713,0.0430
camera-imu timeoffset = -0.00002
cam0 intrinsics = 460.367,461.140,361.608,245.732 | -0.280,0.072,0.001,0.000
cam1 intrinsics = 458.111,458.887,375.392,253.737 | -0.276,0.067,0.000,-0.000
cam0 extrinsics = -0.002,0.008,0.702,0.713 | 0.063,-0.013,0.006
cam1 extrinsics = 0.001,0.012,0.702,0.712 | -0.047,-0.015,0.007
q_GtoI = -0.584,-0.600,-0.359,0.412 | p_IinG = -1.685,0.937,0.500 | dist = 16.80 (meters)
bg = -0.0076,0.0222,0.0808 | ba = 0.0115,0.1714,0.0413
camera-imu timeoffset = -0.00002
cam0 intrinsics = 460.379,461.160,361.612,245.721 | -0.280,0.072,0.001,0.000
cam1 intrinsics = 458.118,458.904,375.399,253.724 | -0.276,0.067,0.000,-0.000
cam0 extrinsics = -0.002,0.008,0.701,0.713 | 0.063,-0.013,0.006
cam1 extrinsics = 0.001,0.012,0.702,0.712 | -0.047,-0.015,0.007
q_GtoI = -0.561,-0.589,-0.396,0.425 | p_IinG = -1.637,0.944,0.485 | dist = 16.85 (meters)
bg = -0.0076,0.0222,0.0807 | ba = 0.0127,0.1713,0.0403
camera-imu timeoffset = -0.00003
cam0 intrinsics = 460.378,461.157,361.633,245.700 | -0.280,0.072,0.001,0.000
cam1 intrinsics = 458.116,458.900,375.417,253.703 | -0.276,0.067,0.000,-0.000
cam0 extrinsics = -0.002,0.008,0.701,0.713 | 0.064,-0.013,0.006
cam1 extrinsics = 0.001,0.012,0.702,0.712 | -0.047,-0.015,0.007
q_GtoI = -0.542,-0.579,-0.424,0.437 | p_IinG = -1.596,0.954,0.480 | dist = 16.90 (meters)
bg = -0.0074,0.0225,0.0807 | ba = 0.0049,0.1738,0.0416
camera-imu timeoffset = -0.00005
cam0 intrinsics = 460.344,461.148,361.644,245.682 | -0.280,0.072,0.001,0.000
cam1 intrinsics = 458.086,458.889,375.429,253.692 | -0.276,0.067,0.000,-0.000
cam0 extrinsics = -0.002,0.008,0.702,0.713 | 0.062,-0.014,0.005
cam1 extrinsics = 0.001,0.012,0.702,0.712 | -0.048,-0.015,0.006
q_GtoI = -0.527,-0.569,-0.446,0.447 | p_IinG = -1.566,0.962,0.470 | dist = 16.95 (meters)
bg = -0.0067,0.0227,0.0805 | ba = 0.0010,0.1776,0.0425
camera-imu timeoffset = -0.00008
cam0 intrinsics = 460.324,461.107,361.618,245.693 | -0.280,0.072,0.001,0.000
cam1 intrinsics = 458.071,458.855,375.424,253.697 | -0.276,0.067,0.000,-0.000
cam0 extrinsics = -0.002,0.009,0.702,0.713 | 0.062,-0.014,0.004
cam1 extrinsics = 0.001,0.012,0.702,0.712 | -0.049,-0.015,0.005
q_GtoI = -0.517,-0.562,-0.457,0.456 | p_IinG = -1.527,0.966,0.455 | dist = 16.99 (meters)
bg = -0.0066,0.0228,0.0803 | ba = -0.0014,0.1794,0.0434
camera-imu timeoffset = -0.00010
cam0 intrinsics = 460.324,461.093,361.636,245.673 | -0.280,0.072,0.001,0.000
cam1 intrinsics = 458.073,458.843,375.434,253.678 | -0.276,0.067,0.000,-0.000
cam0 extrinsics = -0.002,0.009,0.702,0.713 | 0.062,-0.014,0.004
cam1 extrinsics = 0.001,0.012,0.702,0.712 | -0.049,-0.015,0.005
q_GtoI = -0.516,-0.564,-0.458,0.453 | p_IinG = -1.488,0.966,0.437 | dist = 17.04 (meters)
bg = -0.0065,0.0229,0.0802 | ba = -0.0041,0.1805,0.0438
camera-imu timeoffset = -0.00011
cam0 intrinsics = 460.327,461.087,361.634,245.663 | -0.280,0.072,0.001,0.000
cam1 intrinsics = 458.076,458.837,375.432,253.667 | -0.276,0.067,0.000,-0.000
cam0 extrinsics = -0.002,0.009,0.702,0.713 | 0.062,-0.014,0.004
cam1 extrinsics = 0.001,0.012,0.702,0.712 | -0.049,-0.015,0.005
q_GtoI = -0.524,-0.574,-0.447,0.443 | p_IinG = -1.450,0.963,0.415 | dist = 17.08 (meters)
bg = -0.0064,0.0230,0.0801 | ba = -0.0063,0.1813,0.0438
camera-imu timeoffset = -0.00013
cam0 intrinsics = 460.328,461.070,361.636,245.648 | -0.280,0.072,0.001,0.000
cam1 intrinsics = 458.079,458.822,375.438,253.652 | -0.276,0.067,0.000,-0.000
cam0 extrinsics = -0.002,0.009,0.702,0.713 | 0.062,-0.014,0.004
cam1 extrinsics = 0.001,0.012,0.702,0.712 | -0.049,-0.015,0.005
q_GtoI = -0.537,-0.588,-0.430,0.427 | p_IinG = -1.419,0.958,0.397 | dist = 17.12 (meters)
bg = -0.0062,0.0232,0.0800 | ba = -0.0108,0.1834,0.0461
camera-imu timeoffset = -0.00014
cam0 intrinsics = 460.337,461.039,361.630,245.637 | -0.280,0.072,0.001,0.000
cam1 intrinsics = 458.086,458.791,375.443,253.632 | -0.276,0.067,0.000,-0.000
cam0 extrinsics = -0.002,0.009,0.702,0.713 | 0.062,-0.013,0.005
cam1 extrinsics = 0.001,0.012,0.702,0.712 | -0.049,-0.015,0.005
q_GtoI = -0.549,-0.604,-0.412,0.405 | p_IinG = -1.389,0.949,0.373 | dist = 17.17 (meters)
bg = -0.0062,0.0233,0.0801 | ba = -0.0114,0.1835,0.0462
camera-imu timeoffset = -0.00015
cam0 intrinsics = 460.322,461.017,361.625,245.632 | -0.280,0.072,0.001,0.000
cam1 intrinsics = 458.073,458.770,375.441,253.628 | -0.276,0.067,0.000,-0.000
cam0 extrinsics = -0.002,0.009,0.702,0.713 | 0.062,-0.013,0.005
cam1 extrinsics = 0.001,0.012,0.702,0.712 | -0.049,-0.015,0.006
q_GtoI = -0.562,-0.618,-0.392,0.386 | p_IinG = -1.353,0.932,0.351 | dist = 17.21 (meters)
bg = -0.0060,0.0231,0.0805 | ba = -0.0155,0.1828,0.0466
camera-imu timeoffset = -0.00015
cam0 intrinsics = 460.328,461.011,361.638,245.554 | -0.280,0.072,0.001,0.000
cam1 intrinsics = 458.084,458.771,375.450,253.543 | -0.276,0.067,0.000,-0.000
cam0 extrinsics = -0.002,0.009,0.701,0.713 | 0.062,-0.012,0.005
cam1 extrinsics = 0.000,0.012,0.702,0.712 | -0.049,-0.013,0.006
q_GtoI = -0.573,-0.631,-0.372,0.369 | p_IinG = -1.328,0.921,0.331 | dist = 17.24 (meters)
bg = -0.0057,0.0231,0.0807 | ba = -0.0167,0.1835,0.0478
camera-imu timeoffset = -0.00015
cam0 intrinsics = 460.324,461.001,361.639,245.547 | -0.280,0.072,0.001,0.000
cam1 intrinsics = 458.083,458.765,375.450,253.537 | -0.276,0.067,0.000,-0.000
cam0 extrinsics = -0.002,0.009,0.701,0.713 | 0.062,-0.012,0.005
cam1 extrinsics = 0.000,0.012,0.702,0.712 | -0.049,-0.013,0.006
q_GtoI = -0.583,-0.639,-0.354,0.355 | p_IinG = -1.303,0.916,0.315 | dist = 17.27 (meters)
bg = -0.0057,0.0231,0.0806 | ba = -0.0183,0.1836,0.0487
camera-imu timeoffset = -0.00014
cam0 intrinsics = 460.303,460.953,361.644,245.529 | -0.280,0.072,0.001,0.000
cam1 intrinsics = 458.070,458.729,375.447,253.524 | -0.276,0.067,0.000,-0.000
cam0 extrinsics = -0.002,0.009,0.701,0.713 | 0.062,-0.012,0.005
cam1 extrinsics = 0.000,0.012,0.702,0.712 | -0.049,-0.013,0.006
q_GtoI = -0.593,-0.644,-0.337,0.348 | p_IinG = -1.281,0.913,0.303 | dist = 17.30 (meters)
bg = -0.0055,0.0228,0.0804 | ba = -0.0208,0.1840,0.0502
camera-imu timeoffset = -0.00013
cam0 intrinsics = 460.289,460.916,361.647,245.514 | -0.280,0.072,0.001,0.000
cam1 intrinsics = 458.059,458.695,375.440,253.513 | -0.276,0.067,0.000,-0.000
cam0 extrinsics = -0.002,0.008,0.701,0.713 | 0.062,-0.012,0.005
cam1 extrinsics = 0.000,0.012,0.702,0.712 | -0.049,-0.013,0.006
q_GtoI = -0.602,-0.645,-0.321,0.344 | p_IinG = -1.262,0.924,0.295 | dist = 17.33 (meters)
bg = -0.0048,0.0229,0.0797 | ba = -0.0212,0.1849,0.0451
camera-imu timeoffset = -0.00012
cam0 intrinsics = 460.221,460.812,361.640,245.459 | -0.280,0.072,0.001,0.000
cam1 intrinsics = 457.986,458.596,375.441,253.466 | -0.276,0.067,0.000,-0.000
cam0 extrinsics = -0.002,0.008,0.701,0.713 | 0.062,-0.011,0.005
cam1 extrinsics = 0.001,0.012,0.702,0.712 | -0.049,-0.012,0.006
q_GtoI = -0.603,-0.644,-0.319,0.347 | p_IinG = -1.252,0.932,0.292 | dist = 17.35 (meters)
bg = -0.0041,0.0225,0.0800 | ba = -0.0217,0.1859,0.0460
camera-imu timeoffset = -0.00011
cam0 intrinsics = 460.183,460.772,361.636,245.462 | -0.280,0.072,0.001,0.000
cam1 intrinsics = 457.946,458.553,375.454,253.473 | -0.276,0.067,0.000,-0.000
cam0 extrinsics = -0.002,0.008,0.701,0.713 | 0.062,-0.011,0.004
cam1 extrinsics = 0.001,0.012,0.702,0.712 | -0.049,-0.012,0.005
q_GtoI = -0.592,-0.641,-0.333,0.358 | p_IinG = -1.237,0.955,0.299 | dist = 17.38 (meters)
bg = -0.0037,0.0225,0.0799 | ba = -0.0216,0.1868,0.0454
camera-imu timeoffset = -0.00011
cam0 intrinsics = 460.170,460.757,361.627,245.459 | -0.280,0.072,0.001,0.000
cam1 intrinsics = 457.931,458.535,375.458,253.469 | -0.276,0.067,0.000,-0.000
cam0 extrinsics = -0.002,0.008,0.701,0.713 | 0.062,-0.011,0.004
cam1 extrinsics = 0.001,0.012,0.702,0.712 | -0.049,-0.012,0.005
q_GtoI = -0.575,-0.634,-0.356,0.376 | p_IinG = -1.223,0.982,0.315 | dist = 17.42 (meters)
bg = -0.0031,0.0230,0.0802 | ba = -0.0245,0.1853,0.0473
camera-imu timeoffset = -0.00010
cam0 intrinsics = 460.233,460.838,361.620,245.417 | -0.280,0.072,0.001,0.000
cam1 intrinsics = 458.001,458.626,375.439,253.435 | -0.276,0.067,0.000,-0.000
cam0 extrinsics = -0.002,0.008,0.702,0.713 | 0.062,-0.011,0.005
cam1 extrinsics = 0.001,0.012,0.702,0.712 | -0.049,-0.012,0.006
q_GtoI = -0.556,-0.621,-0.381,0.400 | p_IinG = -1.216,1.011,0.334 | dist = 17.45 (meters)
bg = -0.0025,0.0231,0.0801 | ba = -0.0253,0.1860,0.0484
camera-imu timeoffset = -0.00011
cam0 intrinsics = 460.205,460.808,361.619,245.412 | -0.280,0.072,0.001,0.000
cam1 intrinsics = 457.973,458.593,375.442,253.430 | -0.276,0.067,0.000,-0.000
cam0 extrinsics = -0.002,0.008,0.702,0.713 | 0.062,-0.011,0.004
cam1 extrinsics = 0.001,0.012,0.702,0.712 | -0.049,-0.012,0.005
q_GtoI = -0.534,-0.608,-0.407,0.424 | p_IinG = -1.205,1.040,0.356 | dist = 17.49 (meters)
bg = -0.0023,0.0231,0.0799 | ba = -0.0276,0.1860,0.0493
camera-imu timeoffset = -0.00011
cam0 intrinsics = 460.183,460.792,361.620,245.410 | -0.280,0.072,0.001,0.000
cam1 intrinsics = 457.950,458.575,375.447,253.427 | -0.276,0.067,0.000,-0.000
cam0 extrinsics = -0.002,0.008,0.702,0.713 | 0.062,-0.011,0.004
cam1 extrinsics = 0.001,0.012,0.702,0.712 | -0.049,-0.013,0.005
q_GtoI = -0.516,-0.595,-0.427,0.444 | p_IinG = -1.198,1.076,0.378 | dist = 17.53 (meters)
bg = -0.0021,0.0232,0.0801 | ba = -0.0287,0.1877,0.0468
camera-imu timeoffset = -0.00013
cam0 intrinsics = 460.148,460.772,361.615,245.501 | -0.280,0.072,0.001,0.000
cam1 intrinsics = 457.900,458.541,375.439,253.506 | -0.276,0.067,0.000,-0.000
cam0 extrinsics = -0.002,0.008,0.702,0.713 | 0.062,-0.013,0.003
cam1 extrinsics = 0.001,0.012,0.702,0.712 | -0.049,-0.014,0.004
q_GtoI = -0.498,-0.581,-0.445,0.464 | p_IinG = -1.187,1.098,0.401 | dist = 17.56 (meters)
bg = -0.0021,0.0230,0.0800 | ba = -0.0299,0.1877,0.0471
camera-imu timeoffset = -0.00014
cam0 intrinsics = 460.148,460.782,361.618,245.499 | -0.280,0.072,0.001,0.000
cam1 intrinsics = 457.902,458.554,375.441,253.505 | -0.276,0.067,0.000,-0.000
cam0 extrinsics = -0.002,0.008,0.702,0.713 | 0.062,-0.013,0.003
cam1 extrinsics = 0.001,0.012,0.702,0.712 | -0.049,-0.014,0.004
q_GtoI = -0.486,-0.568,-0.456,0.483 | p_IinG = -1.179,1.115,0.425 | dist = 17.59 (meters)
bg = -0.0021,0.0229,0.0800 | ba = -0.0302,0.1880,0.0473
camera-imu timeoffset = -0.00014
cam0 intrinsics = 460.154,460.794,361.618,245.501 | -0.280,0.072,0.001,0.000
cam1 intrinsics = 457.908,458.564,375.441,253.507 | -0.276,0.067,0.000,-0.000
cam0 extrinsics = -0.002,0.008,0.702,0.713 | 0.062,-0.013,0.003
cam1 extrinsics = 0.001,0.012,0.702,0.712 | -0.049,-0.014,0.004
q_GtoI = -0.475,-0.554,-0.463,0.502 | p_IinG = -1.172,1.126,0.454 | dist = 17.62 (meters)
bg = -0.0021,0.0228,0.0799 | ba = -0.0303,0.1880,0.0472
camera-imu timeoffset = -0.00014
cam0 intrinsics = 460.156,460.796,361.619,245.501 | -0.280,0.072,0.001,0.000
cam1 intrinsics = 457.909,458.567,375.443,253.507 | -0.276,0.067,0.000,-0.000
cam0 extrinsics = -0.002,0.008,0.702,0.713 | 0.062,-0.013,0.003
cam1 extrinsics = 0.001,0.012,0.702,0.712 | -0.049,-0.014,0.004
q_GtoI = -0.473,-0.545,-0.461,0.516 | p_IinG = -1.166,1.131,0.484 | dist = 17.65 (meters)
bg = -0.0021,0.0227,0.0799 | ba = -0.0307,0.1882,0.0473
camera-imu timeoffset = -0.00014
cam0 intrinsics = 460.161,460.804,361.620,245.504 | -0.280,0.072,0.001,0.000
cam1 intrinsics = 457.915,458.575,375.445,253.510 | -0.276,0.067,0.000,-0.000
cam0 extrinsics = -0.002,0.009,0.701,0.713 | 0.062,-0.013,0.003
cam1 extrinsics = 0.001,0.012,0.702,0.712 | -0.049,-0.014,0.004
q_GtoI = -0.479,-0.546,-0.451,0.519 | p_IinG = -1.159,1.130,0.512 | dist = 17.68 (meters)
bg = -0.0021,0.0227,0.0798 | ba = -0.0311,0.1882,0.0474
camera-imu timeoffset = -0.00014
cam0 intrinsics = 460.161,460.807,361.621,245.505 | -0.280,0.072,0.001,0.000
cam1 intrinsics = 457.916,458.578,375.446,253.511 | -0.276,0.067,0.000,-0.000
cam0 extrinsics = -0.002,0.009,0.701,0.713 | 0.062,-0.013,0.003
cam1 extrinsics = 0.001,0.012,0.702,0.712 | -0.049,-0.014,0.004
q_GtoI = -0.493,-0.554,-0.433,0.513 | p_IinG = -1.151,1.123,0.540 | dist = 17.71 (meters)
bg = -0.0021,0.0227,0.0798 | ba = -0.0313,0.1878,0.0474
camera-imu timeoffset = -0.00014
cam0 intrinsics = 460.159,460.803,361.621,245.506 | -0.280,0.072,0.001,0.000
cam1 intrinsics = 457.913,458.574,375.446,253.512 | -0.276,0.067,0.000,-0.000
cam0 extrinsics = -0.002,0.009,0.701,0.713 | 0.062,-0.013,0.003
cam1 extrinsics = 0.001,0.012,0.702,0.712 | -0.049,-0.014,0.004
q_GtoI = -0.511,-0.566,-0.410,0.500 | p_IinG = -1.140,1.112,0.566 | dist = 17.74 (meters)
bg = -0.0021,0.0228,0.0797 | ba = -0.0309,0.1870,0.0474
camera-imu timeoffset = -0.00014
cam0 intrinsics = 460.155,460.798,361.620,245.507 | -0.280,0.072,0.001,0.000
cam1 intrinsics = 457.909,458.569,375.444,253.512 | -0.276,0.067,0.000,-0.000
cam0 extrinsics = -0.002,0.009,0.702,0.713 | 0.062,-0.013,0.003
cam1 extrinsics = 0.001,0.012,0.702,0.712 | -0.049,-0.014,0.004
q_GtoI = -0.530,-0.580,-0.392,0.479 | p_IinG = -1.128,1.097,0.591 | dist = 17.77 (meters)
bg = -0.0020,0.0230,0.0796 | ba = -0.0297,0.1858,0.0472
camera-imu timeoffset = -0.00014
cam0 intrinsics = 460.159,460.794,361.621,245.519 | -0.280,0.072,0.001,0.000
cam1 intrinsics = 457.915,458.567,375.436,253.528 | -0.276,0.067,0.000,-0.000
cam0 extrinsics = -0.002,0.009,0.702,0.713 | 0.062,-0.013,0.003
cam1 extrinsics = 0.001,0.012,0.702,0.712 | -0.049,-0.014,0.004
q_GtoI = -0.551,-0.593,-0.371,0.454 | p_IinG = -1.112,1.082,0.607 | dist = 17.80 (meters)
bg = -0.0020,0.0234,0.0791 | ba = -0.0246,0.1856,0.0463
camera-imu timeoffset = -0.00012
cam0 intrinsics = 460.164,460.772,361.627,245.514 | -0.280,0.072,0.001,0.000
cam1 intrinsics = 457.928,458.554,375.434,253.524 | -0.276,0.067,0.000,-0.000
cam0 extrinsics = -0.002,0.009,0.702,0.713 | 0.062,-0.013,0.003
cam1 extrinsics = 0.001,0.012,0.702,0.712 | -0.049,-0.014,0.004
q_GtoI = -0.570,-0.603,-0.355,0.430 | p_IinG = -1.099,1.083,0.630 | dist = 17.83 (meters)
bg = -0.0024,0.0242,0.0793 | ba = -0.0237,0.1861,0.0420
camera-imu timeoffset = -0.00014
cam0 intrinsics = 460.182,460.769,361.630,245.506 | -0.280,0.072,0.001,0.000
cam1 intrinsics = 457.952,458.557,375.433,253.517 | -0.276,0.067,0.000,-0.000
cam0 extrinsics = -0.002,0.009,0.702,0.713 | 0.062,-0.013,0.002
cam1 extrinsics = 0.001,0.012,0.702,0.712 | -0.048,-0.014,0.003
q_GtoI = -0.589,-0.606,-0.342,0.410 | p_IinG = -1.079,1.087,0.651 | dist = 17.86 (meters)
bg = -0.0019,0.0250,0.0800 | ba = -0.0204,0.1828,0.0381
camera-imu timeoffset = -0.00016
cam0 intrinsics = 460.264,460.868,361.616,245.517 | -0.280,0.072,0.001,0.000
cam1 intrinsics = 458.028,458.652,375.433,253.524 | -0.276,0.067,0.000,-0.000
cam0 extrinsics = -0.002,0.009,0.702,0.713 | 0.063,-0.013,0.002
cam1 extrinsics = 0.001,0.012,0.702,0.712 | -0.048,-0.014,0.003
q_GtoI = -0.605,-0.603,-0.335,0.397 | p_IinG = -1.060,1.093,0.668 | dist = 17.89 (meters)
bg = -0.0025,0.0257,0.0803 | ba = -0.0176,0.1833,0.0350
camera-imu timeoffset = -0.00017
cam0 intrinsics = 460.302,460.891,361.606,245.520 | -0.280,0.072,0.001,0.000
cam1 intrinsics = 458.067,458.676,375.438,253.524 | -0.276,0.067,0.000,-0.000
cam0 extrinsics = -0.002,0.009,0.702,0.713 | 0.063,-0.013,0.002
cam1 extrinsics = 0.001,0.012,0.702,0.712 | -0.048,-0.014,0.003
q_GtoI = -0.616,-0.596,-0.334,0.392 | p_IinG = -1.031,1.101,0.680 | dist = 17.91 (meters)
bg = -0.0040,0.0261,0.0802 | ba = -0.0121,0.1844,0.0319
camera-imu timeoffset = -0.00019
cam0 intrinsics = 460.320,460.890,361.615,245.551 | -0.280,0.072,0.001,0.000
cam1 intrinsics = 458.071,458.662,375.425,253.551 | -0.276,0.067,0.000,-0.000
cam0 extrinsics = -0.002,0.009,0.702,0.713 | 0.063,-0.013,0.002
cam1 extrinsics = 0.001,0.012,0.702,0.712 | -0.048,-0.014,0.003
q_GtoI = -0.625,-0.582,-0.343,0.392 | p_IinG = -1.019,1.104,0.696 | dist = 17.93 (meters)
bg = -0.0035,0.0265,0.0804 | ba = -0.0099,0.1843,0.0306
camera-imu timeoffset = -0.00019
cam0 intrinsics = 460.307,460.864,361.615,245.557 | -0.280,0.072,0.001,-0.000
cam1 intrinsics = 458.055,458.632,375.417,253.559 | -0.276,0.067,0.000,-0.000
cam0 extrinsics = -0.002,0.009,0.702,0.713 | 0.063,-0.012,0.002
cam1 extrinsics = 0.001,0.012,0.702,0.712 | -0.048,-0.014,0.003
q_GtoI = -0.630,-0.563,-0.356,0.399 | p_IinG = -0.999,1.105,0.706 | dist = 17.96 (meters)
bg = -0.0034,0.0264,0.0804 | ba = -0.0058,0.1841,0.0299
camera-imu timeoffset = -0.00020
cam0 intrinsics = 460.300,460.827,361.625,245.566 | -0.280,0.072,0.001,-0.000
cam1 intrinsics = 458.049,458.603,375.432,253.553 | -0.276,0.067,0.000,-0.000
cam0 extrinsics = -0.002,0.009,0.702,0.713 | 0.063,-0.013,0.002
cam1 extrinsics = 0.001,0.012,0.702,0.712 | -0.048,-0.014,0.003
q_GtoI = -0.632,-0.545,-0.370,0.409 | p_IinG = -0.983,1.109,0.716 | dist = 17.98 (meters)
bg = -0.0030,0.0265,0.0807 | ba = -0.0006,0.1834,0.0282
camera-imu timeoffset = -0.00020
cam0 intrinsics = 460.275,460.772,361.597,245.559 | -0.280,0.072,0.001,-0.000
cam1 intrinsics = 458.025,458.550,375.423,253.533 | -0.276,0.067,0.000,-0.000
cam0 extrinsics = -0.002,0.009,0.702,0.713 | 0.062,-0.012,0.002
cam1 extrinsics = 0.001,0.012,0.702,0.712 | -0.048,-0.014,0.003
q_GtoI = -0.632,-0.527,-0.385,0.419 | p_IinG = -0.961,1.115,0.730 | dist = 18.01 (meters)
bg = -0.0027,0.0265,0.0807 | ba = 0.0008,0.1830,0.0281
camera-imu timeoffset = -0.00020
cam0 intrinsics = 460.289,460.767,361.599,245.565 | -0.280,0.072,0.001,-0.000
cam1 intrinsics = 458.046,458.551,375.430,253.541 | -0.276,0.067,0.000,-0.000
cam0 extrinsics = -0.002,0.009,0.702,0.713 | 0.062,-0.012,0.002
cam1 extrinsics = 0.001,0.012,0.702,0.712 | -0.048,-0.014,0.003
q_GtoI = -0.628,-0.512,-0.403,0.426 | p_IinG = -0.938,1.122,0.742 | dist = 18.04 (meters)
bg = -0.0024,0.0265,0.0810 | ba = 0.0041,0.1821,0.0269
camera-imu timeoffset = -0.00019
cam0 intrinsics = 460.299,460.766,361.604,245.559 | -0.281,0.072,0.001,-0.000
cam1 intrinsics = 458.057,458.550,375.434,253.535 | -0.277,0.067,0.000,-0.000
cam0 extrinsics = -0.002,0.009,0.702,0.713 | 0.062,-0.012,0.002
cam1 extrinsics = 0.001,0.012,0.702,0.712 | -0.049,-0.014,0.003
q_GtoI = -0.619,-0.498,-0.425,0.434 | p_IinG = -0.914,1.129,0.758 | dist = 18.08 (meters)
bg = -0.0023,0.0265,0.0808 | ba = 0.0053,0.1826,0.0258
camera-imu timeoffset = -0.00019
cam0 intrinsics = 460.270,460.737,361.645,245.578 | -0.280,0.072,0.001,-0.000
cam1 intrinsics = 458.033,458.531,375.456,253.567 | -0.277,0.067,0.000,-0.000
cam0 extrinsics = -0.002,0.009,0.702,0.713 | 0.062,-0.013,0.002
cam1 extrinsics = 0.001,0.012,0.702,0.712 | -0.049,-0.014,0.003
q_GtoI = -0.607,-0.488,-0.448,0.439 | p_IinG = -0.884,1.133,0.774 | dist = 18.11 (meters)
bg = -0.0023,0.0266,0.0808 | ba = 0.0072,0.1824,0.0256
camera-imu timeoffset = -0.00019
cam0 intrinsics = 460.269,460.732,361.655,245.561 | -0.280,0.072,0.001,-0.000
cam1 intrinsics = 458.031,458.528,375.459,253.553 | -0.277,0.067,0.000,-0.000
cam0 extrinsics = -0.002,0.009,0.702,0.713 | 0.062,-0.013,0.002
cam1 extrinsics = 0.001,0.012,0.702,0.712 | -0.049,-0.014,0.003
q_GtoI = -0.593,-0.479,-0.471,0.444 | p_IinG = -0.853,1.135,0.793 | dist = 18.15 (meters)
bg = -0.0024,0.0268,0.0806 | ba = 0.0083,0.1822,0.0257
camera-imu timeoffset = -0.00019
cam0 intrinsics = 460.265,460.724,361.672,245.552 | -0.281,0.072,0.001,-0.000
cam1 intrinsics = 458.027,458.519,375.471,253.547 | -0.277,0.067,0.000,-0.000
cam0 extrinsics = -0.002,0.009,0.702,0.713 | 0.062,-0.013,0.002
cam1 extrinsics = 0.001,0.012,0.702,0.712 | -0.048,-0.014,0.003
q_GtoI = -0.584,-0.472,-0.486,0.447 | p_IinG = -0.822,1.133,0.810 | dist = 18.19 (meters)
bg = -0.0024,0.0269,0.0804 | ba = 0.0108,0.1819,0.0261
camera-imu timeoffset = -0.00018
cam0 intrinsics = 460.259,460.711,361.688,245.551 | -0.281,0.072,0.001,-0.000
cam1 intrinsics = 458.023,458.507,375.486,253.549 | -0.277,0.067,0.000,-0.000
cam0 extrinsics = -0.002,0.009,0.702,0.713 | 0.063,-0.013,0.002
cam1 extrinsics = 0.001,0.012,0.702,0.712 | -0.048,-0.014,0.003
q_GtoI = -0.579,-0.474,-0.494,0.441 | p_IinG = -0.793,1.124,0.824 | dist = 18.22 (meters)
bg = -0.0024,0.0271,0.0807 | ba = 0.0129,0.1803,0.0264
camera-imu timeoffset = -0.00016
cam0 intrinsics = 460.234,460.684,361.696,245.549 | -0.280,0.072,0.001,-0.000
cam1 intrinsics = 458.014,458.496,375.502,253.559 | -0.277,0.067,0.000,-0.000
cam0 extrinsics = -0.002,0.009,0.702,0.713 | 0.063,-0.013,0.002
cam1 extrinsics = 0.001,0.012,0.702,0.712 | -0.048,-0.014,0.003
q_GtoI = -0.585,-0.485,-0.491,0.426 | p_IinG = -0.763,1.111,0.835 | dist = 18.25 (meters)
bg = -0.0024,0.0271,0.0806 | ba = 0.0144,0.1798,0.0267
camera-imu timeoffset = -0.00015
cam0 intrinsics = 460.236,460.691,361.709,245.545 | -0.280,0.072,0.001,-0.000
cam1 intrinsics = 458.016,458.503,375.514,253.556 | -0.277,0.067,0.000,-0.000
cam0 extrinsics = -0.002,0.009,0.702,0.713 | 0.063,-0.013,0.002
cam1 extrinsics = 0.001,0.012,0.702,0.712 | -0.048,-0.014,0.003
q_GtoI = -0.594,-0.499,-0.482,0.407 | p_IinG = -0.734,1.093,0.844 | dist = 18.29 (meters)
bg = -0.0023,0.0270,0.0803 | ba = 0.0157,0.1795,0.0271
camera-imu timeoffset = -0.00014
cam0 intrinsics = 460.241,460.695,361.714,245.545 | -0.280,0.072,0.001,-0.000
cam1 intrinsics = 458.021,458.506,375.520,253.558 | -0.277,0.067,0.000,-0.000
cam0 extrinsics = -0.002,0.009,0.702,0.713 | 0.063,-0.013,0.002
cam1 extrinsics = 0.001,0.012,0.702,0.712 | -0.048,-0.014,0.003
q_GtoI = -0.607,-0.513,-0.467,0.388 | p_IinG = -0.711,1.065,0.847 | dist = 18.32 (meters)
bg = -0.0017,0.0264,0.0800 | ba = 0.0157,0.1775,0.0292
camera-imu timeoffset = -0.00014
cam0 intrinsics = 460.273,460.672,361.706,245.535 | -0.281,0.072,0.001,-0.000
cam1 intrinsics = 458.053,458.480,375.533,253.530 | -0.277,0.067,0.000,-0.000
cam0 extrinsics = -0.002,0.009,0.702,0.713 | 0.063,-0.013,0.001
cam1 extrinsics = 0.001,0.012,0.702,0.712 | -0.048,-0.014,0.003
q_GtoI = -0.621,-0.525,-0.449,0.370 | p_IinG = -0.688,1.041,0.850 | dist = 18.36 (meters)
bg = -0.0015,0.0260,0.0797 | ba = 0.0156,0.1773,0.0306
camera-imu timeoffset = -0.00013
cam0 intrinsics = 460.280,460.664,361.731,245.501 | -0.281,0.072,0.001,-0.000
cam1 intrinsics = 458.062,458.474,375.547,253.496 | -0.277,0.067,0.000,-0.000
cam0 extrinsics = -0.002,0.009,0.702,0.713 | 0.063,-0.013,0.001
cam1 extrinsics = 0.001,0.012,0.702,0.712 | -0.047,-0.014,0.003
q_GtoI = -0.634,-0.535,-0.430,0.355 | p_IinG = -0.667,1.015,0.849 | dist = 18.39 (meters)
bg = -0.0012,0.0253,0.0796 | ba = 0.0151,0.1772,0.0324
camera-imu timeoffset = -0.00013
cam0 intrinsics = 460.310,460.665,361.744,245.493 | -0.281,0.072,0.001,-0.000
cam1 intrinsics = 458.081,458.460,375.553,253.478 | -0.277,0.067,0.000,-0.000
cam0 extrinsics = -0.002,0.009,0.702,0.713 | 0.064,-0.014,0.001
cam1 extrinsics = 0.001,0.012,0.702,0.712 | -0.047,-0.015,0.002
q_GtoI = -0.647,-0.545,-0.410,0.341 | p_IinG = -0.648,0.992,0.849 | dist = 18.42 (meters)
bg = -0.0007,0.0251,0.0795 | ba = 0.0150,0.1770,0.0329
camera-imu timeoffset = -0.00013
cam0 intrinsics = 460.312,460.671,361.754,245.491 | -0.281,0.072,0.001,-0.000
cam1 intrinsics = 458.081,458.464,375.557,253.476 | -0.277,0.067,0.000,-0.000
cam0 extrinsics = -0.002,0.009,0.702,0.713 | 0.064,-0.014,0.001
cam1 extrinsics = 0.001,0.012,0.702,0.712 | -0.047,-0.015,0.002
q_GtoI = -0.658,-0.552,-0.393,0.329 | p_IinG = -0.628,0.971,0.846 | dist = 18.45 (meters)
bg = -0.0004,0.0247,0.0793 | ba = 0.0154,0.1766,0.0335
camera-imu timeoffset = -0.00013
cam0 intrinsics = 460.318,460.673,361.759,245.494 | -0.281,0.072,0.001,-0.000
cam1 intrinsics = 458.084,458.460,375.560,253.476 | -0.277,0.067,0.000,-0.000
cam0 extrinsics = -0.002,0.009,0.702,0.713 | 0.064,-0.014,0.001
cam1 extrinsics = 0.001,0.012,0.702,0.712 | -0.047,-0.015,0.002
q_GtoI = -0.666,-0.557,-0.378,0.322 | p_IinG = -0.606,0.952,0.840 | dist = 18.48 (meters)
bg = -0.0002,0.0242,0.0791 | ba = 0.0155,0.1753,0.0338
camera-imu timeoffset = -0.00013
cam0 intrinsics = 460.322,460.672,361.761,245.488 | -0.281,0.072,0.001,-0.000
cam1 intrinsics = 458.092,458.464,375.568,253.472 | -0.277,0.067,0.000,-0.000
cam0 extrinsics = -0.001,0.009,0.702,0.713 | 0.064,-0.014,0.001
cam1 extrinsics = 0.001,0.012,0.702,0.712 | -0.047,-0.015,0.002
q_GtoI = -0.672,-0.561,-0.367,0.316 | p_IinG = -0.587,0.937,0.832 | dist = 18.51 (meters)
bg = 0.0003,0.0237,0.0790 | ba = 0.0153,0.1749,0.0339
camera-imu timeoffset = -0.00013
cam0 intrinsics = 460.331,460.671,361.770,245.502 | -0.281,0.072,0.001,-0.000
cam1 intrinsics = 458.099,458.460,375.574,253.487 | -0.277,0.067,0.000,-0.000
cam0 extrinsics = -0.001,0.009,0.702,0.713 | 0.064,-0.014,0.001
cam1 extrinsics = 0.001,0.012,0.702,0.712 | -0.047,-0.016,0.002
q_GtoI = -0.675,-0.564,-0.360,0.311 | p_IinG = -0.567,0.928,0.824 | dist = 18.53 (meters)
bg = 0.0007,0.0233,0.0789 | ba = 0.0145,0.1745,0.0341
camera-imu timeoffset = -0.00013
cam0 intrinsics = 460.342,460.670,361.776,245.515 | -0.281,0.072,0.001,-0.000
cam1 intrinsics = 458.108,458.457,375.577,253.500 | -0.277,0.068,0.000,-0.000
cam0 extrinsics = -0.001,0.009,0.702,0.713 | 0.064,-0.015,0.001
cam1 extrinsics = 0.001,0.012,0.702,0.712 | -0.047,-0.016,0.002
q_GtoI = -0.672,-0.563,-0.365,0.315 | p_IinG = -0.546,0.925,0.816 | dist = 18.56 (meters)
bg = 0.0011,0.0228,0.0789 | ba = 0.0141,0.1741,0.0340
camera-imu timeoffset = -0.00013
cam0 intrinsics = 460.348,460.670,361.785,245.519 | -0.281,0.072,0.001,-0.000
cam1 intrinsics = 458.112,458.454,375.589,253.502 | -0.277,0.068,0.000,-0.000
cam0 extrinsics = -0.001,0.009,0.702,0.713 | 0.064,-0.015,0.001
cam1 extrinsics = 0.001,0.012,0.702,0.712 | -0.047,-0.016,0.002
q_GtoI = -0.661,-0.558,-0.382,0.327 | p_IinG = -0.521,0.930,0.809 | dist = 18.58 (meters)
bg = 0.0013,0.0225,0.0789 | ba = 0.0144,0.1734,0.0339
camera-imu timeoffset = -0.00013
cam0 intrinsics = 460.357,460.674,361.781,245.528 | -0.281,0.072,0.001,-0.000
cam1 intrinsics = 458.119,458.457,375.583,253.511 | -0.277,0.068,0.000,-0.000
cam0 extrinsics = -0.001,0.009,0.702,0.713 | 0.064,-0.015,0.001
cam1 extrinsics = 0.001,0.012,0.702,0.712 | -0.047,-0.016,0.002
q_GtoI = -0.643,-0.549,-0.407,0.345 | p_IinG = -0.499,0.935,0.799 | dist = 18.61 (meters)
bg = 0.0017,0.0221,0.0790 | ba = 0.0169,0.1718,0.0316
camera-imu timeoffset = -0.00013
cam0 intrinsics = 460.338,460.644,361.833,245.505 | -0.281,0.072,0.001,-0.000
cam1 intrinsics = 458.103,458.430,375.611,253.483 | -0.277,0.068,0.000,-0.000
cam0 extrinsics = -0.001,0.009,0.702,0.713 | 0.064,-0.014,0.001
cam1 extrinsics = 0.001,0.012,0.702,0.712 | -0.047,-0.015,0.002
q_GtoI = -0.623,-0.536,-0.434,0.369 | p_IinG = -0.471,0.953,0.793 | dist = 18.64 (meters)
bg = 0.0013,0.0226,0.0794 | ba = 0.0198,0.1712,0.0288
camera-imu timeoffset = -0.00014
cam0 intrinsics = 460.290,460.574,361.878,245.414 | -0.281,0.072,0.001,-0.000
cam1 intrinsics = 458.062,458.367,375.674,253.388 | -0.277,0.067,0.000,-0.000
cam0 extrinsics = -0.001,0.009,0.702,0.713 | 0.063,-0.014,0.001
cam1 extrinsics = 0.001,0.012,0.702,0.712 | -0.048,-0.015,0.002
q_GtoI = -0.603,-0.523,-0.457,0.392 | p_IinG = -0.437,0.981,0.796 | dist = 18.67 (meters)
bg = 0.0004,0.0240,0.0798 | ba = 0.0192,0.1698,0.0292
camera-imu timeoffset = -0.00014
cam0 intrinsics = 460.301,460.557,361.892,245.361 | -0.281,0.072,0.001,-0.000
cam1 intrinsics = 458.080,458.353,375.692,253.335 | -0.277,0.068,0.000,-0.000
cam0 extrinsics = -0.001,0.009,0.702,0.713 | 0.063,-0.014,0.001
cam1 extrinsics = 0.001,0.012,0.702,0.712 | -0.048,-0.015,0.002
q_GtoI = -0.585,-0.509,-0.476,0.414 | p_IinG = -0.411,1.000,0.791 | dist = 18.70 (meters)
bg = 0.0001,0.0245,0.0802 | ba = 0.0206,0.1689,0.0278
camera-imu timeoffset = -0.00014
cam0 intrinsics = 460.272,460.512,361.894,245.323 | -0.281,0.072,0.001,-0.000
cam1 intrinsics = 458.046,458.302,375.697,253.296 | -0.277,0.067,0.000,-0.000
cam0 extrinsics = -0.001,0.009,0.702,0.713 | 0.063,-0.014,0.001
cam1 extrinsics = 0.001,0.012,0.702,0.712 | -0.048,-0.015,0.002
q_GtoI = -0.572,-0.496,-0.488,0.434 | p_IinG = -0.387,1.012,0.788 | dist = 18.72 (meters)
bg = 0.0001,0.0247,0.0806 | ba = 0.0188,0.1656,0.0289
camera-imu timeoffset = -0.00014
cam0 intrinsics = 460.297,460.540,362.108,245.439 | -0.280,0.072,0.001,-0.000
cam1 intrinsics = 458.086,458.345,375.766,253.364 | -0.277,0.068,0.001,-0.000
cam0 extrinsics = -0.001,0.009,0.702,0.713 | 0.063,-0.015,0.001
cam1 extrinsics = 0.001,0.012,0.702,0.712 | -0.048,-0.016,0.002
q_GtoI = -0.563,-0.486,-0.495,0.449 | p_IinG = -0.364,1.021,0.783 | dist = 18.75 (meters)
bg = -0.0001,0.0249,0.0808 | ba = 0.0179,0.1653,0.0291
camera-imu timeoffset = -0.00015
cam0 intrinsics = 460.283,460.530,362.135,245.456 | -0.280,0.072,0.001,-0.000
cam1 intrinsics = 458.072,458.334,375.796,253.381 | -0.277,0.067,0.001,-0.000
cam0 extrinsics = -0.001,0.009,0.702,0.712 | 0.062,-0.015,0.001
cam1 extrinsics = 0.001,0.012,0.702,0.712 | -0.048,-0.016,0.002
q_GtoI = -0.558,-0.479,-0.498,0.461 | p_IinG = -0.342,1.024,0.778 | dist = 18.77 (meters)
bg = -0.0002,0.0250,0.0810 | ba = 0.0165,0.1649,0.0293
camera-imu timeoffset = -0.00015
cam0 intrinsics = 460.275,460.520,362.155,245.466 | -0.280,0.072,0.001,-0.000
cam1 intrinsics = 458.063,458.324,375.819,253.391 | -0.277,0.067,0.001,-0.000
cam0 extrinsics = -0.001,0.009,0.702,0.712 | 0.062,-0.015,0.001
cam1 extrinsics = 0.001,0.012,0.702,0.712 | -0.048,-0.016,0.002
q_GtoI = -0.554,-0.473,-0.497,0.471 | p_IinG = -0.321,1.020,0.771 | dist = 18.79 (meters)
bg = -0.0004,0.0251,0.0812 | ba = 0.0154,0.1647,0.0294
camera-imu timeoffset = -0.00016
cam0 intrinsics = 460.272,460.515,362.161,245.466 | -0.280,0.072,0.001,-0.000
cam1 intrinsics = 458.060,458.318,375.833,253.393 | -0.277,0.067,0.001,-0.000
cam0 extrinsics = -0.001,0.009,0.702,0.712 | 0.062,-0.015,0.001
cam1 extrinsics = 0.001,0.012,0.702,0.712 | -0.048,-0.016,0.002
q_GtoI = -0.556,-0.471,-0.491,0.477 | p_IinG = -0.300,1.009,0.764 | dist = 18.82 (meters)
bg = -0.0005,0.0251,0.0814 | ba = 0.0136,0.1641,0.0295
camera-imu timeoffset = -0.00016
cam0 intrinsics = 460.266,460.505,362.167,245.463 | -0.280,0.072,0.001,-0.000
cam1 intrinsics = 458.054,458.307,375.844,253.393 | -0.277,0.067,0.001,-0.000
cam0 extrinsics = -0.001,0.009,0.702,0.712 | 0.062,-0.015,0.001
cam1 extrinsics = 0.001,0.012,0.702,0.712 | -0.048,-0.016,0.002
q_GtoI = -0.567,-0.478,-0.476,0.473 | p_IinG = -0.277,0.992,0.754 | dist = 18.85 (meters)
bg = -0.0007,0.0251,0.0815 | ba = 0.0113,0.1634,0.0295
camera-imu timeoffset = -0.00017
cam0 intrinsics = 460.257,460.490,362.169,245.461 | -0.280,0.072,0.001,-0.000
cam1 intrinsics = 458.045,458.291,375.849,253.394 | -0.277,0.067,0.001,-0.000
cam0 extrinsics = -0.001,0.009,0.702,0.712 | 0.062,-0.015,0.001
cam1 extrinsics = 0.001,0.012,0.702,0.712 | -0.048,-0.016,0.002
q_GtoI = -0.577,-0.495,-0.465,0.454 | p_IinG = -0.253,0.967,0.742 | dist = 18.88 (meters)
bg = -0.0008,0.0248,0.0815 | ba = 0.0086,0.1626,0.0293
camera-imu timeoffset = -0.00018
cam0 intrinsics = 460.244,460.460,362.186,245.430 | -0.280,0.072,0.001,-0.000
cam1 intrinsics = 458.037,458.269,375.846,253.370 | -0.277,0.067,0.001,-0.000
cam0 extrinsics = -0.001,0.009,0.702,0.712 | 0.062,-0.015,0.001
cam1 extrinsics = 0.001,0.012,0.702,0.712 | -0.048,-0.016,0.002
q_GtoI = -0.591,-0.515,-0.448,0.429 | p_IinG = -0.228,0.938,0.729 | dist = 18.92 (meters)
bg = -0.0010,0.0247,0.0815 | ba = 0.0052,0.1619,0.0294
camera-imu timeoffset = -0.00018
cam0 intrinsics = 460.225,460.422,362.177,245.426 | -0.280,0.072,0.001,-0.000
cam1 intrinsics = 458.019,458.232,375.835,253.368 | -0.277,0.067,0.001,-0.000
cam0 extrinsics = -0.001,0.009,0.702,0.712 | 0.062,-0.015,0.001
cam1 extrinsics = 0.001,0.012,0.702,0.712 | -0.049,-0.016,0.002
q_GtoI = -0.605,-0.535,-0.431,0.402 | p_IinG = -0.202,0.905,0.718 | dist = 18.96 (meters)
bg = -0.0011,0.0246,0.0812 | ba = 0.0012,0.1610,0.0301
camera-imu timeoffset = -0.00019
cam0 intrinsics = 460.192,460.370,362.163,245.435 | -0.280,0.072,0.001,-0.000
cam1 intrinsics = 457.987,458.181,375.812,253.370 | -0.277,0.067,0.001,-0.000
cam0 extrinsics = -0.001,0.009,0.702,0.712 | 0.062,-0.015,0.001
cam1 extrinsics = 0.001,0.012,0.702,0.712 | -0.049,-0.016,0.002
q_GtoI = -0.618,-0.551,-0.414,0.378 | p_IinG = -0.178,0.870,0.707 | dist = 19.01 (meters)
bg = -0.0011,0.0244,0.0809 | ba = -0.0042,0.1602,0.0306
camera-imu timeoffset = -0.00017
cam0 intrinsics = 460.166,460.305,362.145,245.426 | -0.280,0.072,0.001,-0.000
cam1 intrinsics = 457.957,458.115,375.793,253.360 | -0.277,0.067,0.001,-0.000
cam0 extrinsics = -0.001,0.008,0.702,0.712 | 0.062,-0.015,0.001
cam1 extrinsics = 0.001,0.012,0.702,0.712 | -0.049,-0.016,0.002
q_GtoI = -0.629,-0.562,-0.399,0.358 | p_IinG = -0.154,0.836,0.693 | dist = 19.05 (meters)
bg = -0.0011,0.0241,0.0804 | ba = -0.0082,0.1600,0.0309
camera-imu timeoffset = -0.00016
cam0 intrinsics = 460.152,460.263,362.136,245.422 | -0.280,0.072,0.001,-0.000
cam1 intrinsics = 457.937,458.070,375.788,253.353 | -0.277,0.067,0.001,-0.000
cam0 extrinsics = -0.001,0.008,0.702,0.712 | 0.061,-0.015,0.001
cam1 extrinsics = 0.001,0.012,0.702,0.712 | -0.050,-0.016,0.002
q_GtoI = -0.639,-0.571,-0.388,0.339 | p_IinG = -0.135,0.805,0.678 | dist = 19.09 (meters)
bg = -0.0006,0.0238,0.0802 | ba = -0.0103,0.1611,0.0306
camera-imu timeoffset = -0.00015
cam0 intrinsics = 460.143,460.231,362.139,245.430 | -0.280,0.072,0.001,-0.000
cam1 intrinsics = 457.932,458.039,375.791,253.363 | -0.277,0.067,0.001,-0.000
cam0 extrinsics = -0.001,0.008,0.702,0.712 | 0.061,-0.015,0.001
cam1 extrinsics = 0.001,0.012,0.702,0.712 | -0.049,-0.016,0.002
q_GtoI = -0.647,-0.575,-0.381,0.326 | p_IinG = -0.126,0.770,0.656 | dist = 19.13 (meters)
bg = 0.0006,0.0228,0.0806 | ba = -0.0118,0.1633,0.0284
camera-imu timeoffset = -0.00015
cam0 intrinsics = 460.032,460.157,362.106,245.350 | -0.280,0.072,0.001,-0.000
cam1 intrinsics = 457.796,457.940,375.752,253.294 | -0.277,0.067,0.001,-0.000
cam0 extrinsics = -0.001,0.009,0.702,0.712 | 0.061,-0.015,0.000
cam1 extrinsics = 0.001,0.012,0.702,0.712 | -0.049,-0.016,0.001
q_GtoI = -0.651,-0.577,-0.376,0.318 | p_IinG = -0.106,0.747,0.638 | dist = 19.16 (meters)
bg = 0.0009,0.0225,0.0804 | ba = -0.0120,0.1639,0.0282
camera-imu timeoffset = -0.00015
cam0 intrinsics = 460.037,460.153,362.095,245.346 | -0.280,0.072,0.001,-0.000
cam1 intrinsics = 457.795,457.931,375.747,253.288 | -0.277,0.067,0.001,-0.000
cam0 extrinsics = -0.001,0.008,0.702,0.712 | 0.061,-0.015,0.000
cam1 extrinsics = 0.001,0.012,0.702,0.712 | -0.049,-0.016,0.001
q_GtoI = -0.654,-0.578,-0.374,0.313 | p_IinG = -0.087,0.730,0.617 | dist = 19.19 (meters)
bg = 0.0010,0.0224,0.0801 | ba = -0.0117,0.1646,0.0281
camera-imu timeoffset = -0.00015
cam0 intrinsics = 460.037,460.152,362.085,245.343 | -0.280,0.072,0.001,-0.000
cam1 intrinsics = 457.791,457.926,375.744,253.277 | -0.277,0.067,0.001,-0.000
cam0 extrinsics = -0.001,0.008,0.702,0.712 | 0.061,-0.015,0.000
cam1 extrinsics = 0.001,0.012,0.702,0.712 | -0.050,-0.016,0.001
q_GtoI = -0.654,-0.574,-0.379,0.314 | p_IinG = -0.068,0.719,0.597 | dist = 19.22 (meters)
bg = 0.0011,0.0223,0.0798 | ba = -0.0118,0.1656,0.0282
camera-imu timeoffset = -0.00014
cam0 intrinsics = 460.038,460.153,362.075,245.344 | -0.280,0.072,0.001,-0.000
cam1 intrinsics = 457.790,457.924,375.738,253.275 | -0.277,0.067,0.001,-0.000
cam0 extrinsics = -0.001,0.008,0.702,0.712 | 0.061,-0.015,0.000
cam1 extrinsics = 0.001,0.012,0.702,0.712 | -0.050,-0.016,0.001
q_GtoI = -0.650,-0.566,-0.392,0.323 | p_IinG = -0.050,0.715,0.578 | dist = 19.25 (meters)
bg = 0.0012,0.0222,0.0796 | ba = -0.0121,0.1664,0.0284
camera-imu timeoffset = -0.00014
cam0 intrinsics = 460.041,460.157,362.069,245.347 | -0.280,0.072,0.001,-0.000
cam1 intrinsics = 457.791,457.927,375.737,253.275 | -0.277,0.067,0.001,-0.000
cam0 extrinsics = -0.001,0.008,0.702,0.712 | 0.061,-0.015,0.000
cam1 extrinsics = 0.001,0.012,0.702,0.712 | -0.050,-0.016,0.001
q_GtoI = -0.640,-0.554,-0.412,0.337 | p_IinG = -0.031,0.714,0.556 | dist = 19.28 (meters)
bg = 0.0013,0.0220,0.0794 | ba = -0.0098,0.1672,0.0274
camera-imu timeoffset = -0.00014
cam0 intrinsics = 460.038,460.152,362.058,245.346 | -0.280,0.072,0.001,-0.000
cam1 intrinsics = 457.787,457.919,375.742,253.266 | -0.277,0.067,0.001,-0.000
cam0 extrinsics = -0.001,0.008,0.702,0.712 | 0.061,-0.014,0.000
cam1 extrinsics = 0.001,0.012,0.702,0.712 | -0.050,-0.016,0.001
q_GtoI = -0.626,-0.538,-0.437,0.356 | p_IinG = -0.008,0.717,0.538 | dist = 19.31 (meters)
bg = 0.0012,0.0220,0.0799 | ba = -0.0070,0.1656,0.0254
camera-imu timeoffset = -0.00014
cam0 intrinsics = 460.007,460.106,362.061,245.303 | -0.280,0.072,0.001,-0.000
cam1 intrinsics = 457.759,457.879,375.754,253.227 | -0.277,0.067,0.001,-0.000
cam0 extrinsics = -0.001,0.008,0.702,0.712 | 0.061,-0.014,0.000
cam1 extrinsics = 0.001,0.012,0.702,0.712 | -0.050,-0.015,0.001
q_GtoI = -0.611,-0.523,-0.461,0.375 | p_IinG = 0.013,0.729,0.535 | dist = 19.33 (meters)
bg = 0.0010,0.0229,0.0805 | ba = -0.0123,0.1638,0.0275
camera-imu timeoffset = -0.00015
cam0 intrinsics = 459.980,460.062,362.075,245.258 | -0.280,0.072,0.001,-0.000
cam1 intrinsics = 457.726,457.833,375.762,253.182 | -0.277,0.068,0.001,-0.000
cam0 extrinsics = -0.001,0.008,0.702,0.712 | 0.061,-0.014,-0.001
cam1 extrinsics = 0.001,0.012,0.702,0.712 | -0.050,-0.015,0.000
q_GtoI = -0.594,-0.510,-0.483,0.392 | p_IinG = 0.036,0.741,0.531 | dist = 19.35 (meters)
bg = 0.0004,0.0237,0.0809 | ba = -0.0153,0.1623,0.0291
camera-imu timeoffset = -0.00015
cam0 intrinsics = 459.932,460.011,362.104,245.221 | -0.280,0.072,0.001,-0.000
cam1 intrinsics = 457.679,457.783,375.782,253.144 | -0.277,0.068,0.001,-0.000
cam0 extrinsics = -0.001,0.008,0.702,0.712 | 0.061,-0.014,-0.001
cam1 extrinsics = 0.001,0.012,0.702,0.712 | -0.050,-0.015,-0.001
q_GtoI = -0.581,-0.496,-0.501,0.407 | p_IinG = 0.059,0.738,0.515 | dist = 19.37 (meters)
bg = -0.0001,0.0234,0.0808 | ba = -0.0116,0.1628,0.0278
camera-imu timeoffset = -0.00015
cam0 intrinsics = 459.893,459.951,362.117,245.227 | -0.280,0.072,0.001,-0.000
cam1 intrinsics = 457.648,457.725,375.798,253.154 | -0.277,0.068,0.001,-0.000
cam0 extrinsics = -0.001,0.008,0.702,0.712 | 0.061,-0.014,-0.002
cam1 extrinsics = 0.001,0.012,0.702,0.712 | -0.049,-0.015,-0.001
q_GtoI = -0.573,-0.487,-0.513,0.414 | p_IinG = 0.068,0.733,0.511 | dist = 19.38 (meters)
bg = 0.0003,0.0241,0.0808 | ba = -0.0115,0.1629,0.0290
camera-imu timeoffset = -0.00015
cam0 intrinsics = 459.753,459.791,362.112,245.239 | -0.280,0.072,0.001,-0.000
cam1 intrinsics = 457.525,457.578,375.831,253.168 | -0.277,0.068,0.001,-0.000
cam0 extrinsics = -0.001,0.008,0.702,0.712 | 0.061,-0.014,-0.002
cam1 extrinsics = 0.001,0.012,0.702,0.712 | -0.050,-0.015,-0.002
q_GtoI = -0.574,-0.486,-0.514,0.412 | p_IinG = 0.077,0.723,0.505 | dist = 19.39 (meters)
bg = 0.0005,0.0244,0.0808 | ba = -0.0104,0.1620,0.0283
camera-imu timeoffset = -0.00014
cam0 intrinsics = 459.736,459.770,362.091,245.239 | -0.280,0.072,0.001,-0.000
cam1 intrinsics = 457.510,457.557,375.825,253.167 | -0.277,0.068,0.001,-0.000
cam0 extrinsics = -0.001,0.008,0.702,0.712 | 0.061,-0.014,-0.003
cam1 extrinsics = 0.001,0.012,0.702,0.712 | -0.050,-0.015,-0.002
q_GtoI = -0.583,-0.492,-0.506,0.402 | p_IinG = 0.088,0.709,0.500 | dist = 19.41 (meters)
bg = 0.0005,0.0245,0.0808 | ba = -0.0111,0.1595,0.0268
camera-imu timeoffset = -0.00014
cam0 intrinsics = 459.767,459.788,362.070,245.243 | -0.280,0.072,0.001,-0.000
cam1 intrinsics = 457.536,457.567,375.804,253.168 | -0.277,0.068,0.001,-0.000
cam0 extrinsics = -0.001,0.008,0.702,0.712 | 0.061,-0.014,-0.002
cam1 extrinsics = 0.001,0.012,0.702,0.712 | -0.050,-0.015,-0.001
q_GtoI = -0.599,-0.502,-0.490,0.386 | p_IinG = 0.096,0.693,0.500 | dist = 19.43 (meters)
bg = 0.0005,0.0247,0.0808 | ba = -0.0124,0.1575,0.0255
camera-imu timeoffset = -0.00015
cam0 intrinsics = 459.774,459.791,362.023,245.274 | -0.280,0.072,0.001,-0.000
cam1 intrinsics = 457.544,457.572,375.764,253.195 | -0.277,0.068,0.001,-0.000
cam0 extrinsics = -0.001,0.008,0.702,0.712 | 0.061,-0.014,-0.002
cam1 extrinsics = 0.001,0.012,0.702,0.712 | -0.049,-0.015,-0.001
q_GtoI = -0.617,-0.514,-0.469,0.367 | p_IinG = 0.103,0.674,0.501 | dist = 19.45 (meters)
bg = 0.0004,0.0248,0.0809 | ba = -0.0139,0.1562,0.0233
camera-imu timeoffset = -0.00015
cam0 intrinsics = 459.773,459.782,361.945,245.326 | -0.280,0.072,0.001,-0.000
cam1 intrinsics = 457.547,457.568,375.694,253.257 | -0.277,0.068,0.001,-0.000
cam0 extrinsics = -0.001,0.008,0.702,0.712 | 0.062,-0.013,-0.002
cam1 extrinsics = 0.001,0.012,0.702,0.712 | -0.049,-0.014,-0.001
q_GtoI = -0.634,-0.524,-0.450,0.347 | p_IinG = 0.111,0.655,0.503 | dist = 19.47 (meters)
bg = 0.0002,0.0250,0.0809 | ba = -0.0138,0.1546,0.0209
camera-imu timeoffset = -0.00015
cam0 intrinsics = 459.769,459.767,361.911,245.356 | -0.280,0.072,0.001,-0.000
cam1 intrinsics = 457.528,457.538,375.664,253.296 | -0.277,0.068,0.001,-0.000
cam0 extrinsics = -0.001,0.008,0.702,0.712 | 0.062,-0.013,-0.002
cam1 extrinsics = 0.001,0.012,0.702,0.712 | -0.049,-0.014,-0.001
q_GtoI = -0.649,-0.530,-0.434,0.330 | p_IinG = 0.119,0.637,0.506 | dist = 19.49 (meters)
bg = 0.0000,0.0251,0.0809 | ba = -0.0124,0.1536,0.0183
camera-imu timeoffset = -0.00015
cam0 intrinsics = 459.752,459.743,361.880,245.399 | -0.280,0.072,0.001,-0.000
cam1 intrinsics = 457.509,457.510,375.636,253.343 | -0.277,0.068,0.001,-0.000
cam0 extrinsics = -0.001,0.008,0.702,0.712 | 0.062,-0.012,-0.002
cam1 extrinsics = 0.001,0.012,0.702,0.712 | -0.049,-0.014,-0.001
q_GtoI = -0.661,-0.533,-0.424,0.315 | p_IinG = 0.126,0.621,0.510 | dist = 19.50 (meters)
bg = -0.0001,0.0253,0.0808 | ba = -0.0104,0.1527,0.0163
camera-imu timeoffset = -0.00015
cam0 intrinsics = 459.734,459.719,361.850,245.433 | -0.280,0.072,0.001,-0.000
cam1 intrinsics = 457.486,457.483,375.611,253.376 | -0.277,0.068,0.001,-0.000
cam0 extrinsics = -0.001,0.008,0.702,0.712 | 0.062,-0.012,-0.002
cam1 extrinsics = 0.001,0.012,0.702,0.712 | -0.049,-0.013,-0.001
q_GtoI = -0.672,-0.531,-0.418,0.303 | p_IinG = 0.129,0.610,0.512 | dist = 19.51 (meters)
bg = -0.0002,0.0252,0.0806 | ba = -0.0067,0.1547,0.0127
camera-imu timeoffset = -0.00015
cam0 intrinsics = 459.727,459.693,361.797,245.426 | -0.280,0.072,0.001,-0.000
cam1 intrinsics = 457.476,457.456,375.552,253.372 | -0.277,0.068,0.001,-0.000
cam0 extrinsics = -0.001,0.008,0.702,0.712 | 0.062,-0.012,-0.002
cam1 extrinsics = 0.001,0.012,0.702,0.712 | -0.049,-0.013,-0.002
q_GtoI = -0.680,-0.528,-0.417,0.293 | p_IinG = 0.134,0.603,0.515 | dist = 19.52 (meters)
bg = -0.0004,0.0250,0.0806 | ba = -0.0056,0.1550,0.0110
camera-imu timeoffset = -0.00015
cam0 intrinsics = 459.714,459.667,361.762,245.422 | -0.280,0.072,0.001,-0.000
cam1 intrinsics = 457.459,457.428,375.522,253.361 | -0.277,0.068,0.001,-0.000
cam0 extrinsics = -0.001,0.008,0.702,0.712 | 0.062,-0.011,-0.003
cam1 extrinsics = 0.001,0.012,0.702,0.712 | -0.048,-0.013,-0.002
q_GtoI = -0.689,-0.519,-0.416,0.288 | p_IinG = 0.141,0.599,0.515 | dist = 19.53 (meters)
bg = -0.0006,0.0243,0.0805 | ba = -0.0027,0.1557,0.0082
camera-imu timeoffset = -0.00015
cam0 intrinsics = 459.695,459.598,361.717,245.393 | -0.280,0.072,0.001,-0.000
cam1 intrinsics = 457.428,457.351,375.506,253.332 | -0.277,0.067,0.001,-0.000
cam0 extrinsics = -0.001,0.008,0.702,0.712 | 0.062,-0.011,-0.003
cam1 extrinsics = 0.001,0.012,0.702,0.712 | -0.048,-0.012,-0.002
q_GtoI = -0.698,-0.507,-0.418,0.285 | p_IinG = 0.145,0.603,0.517 | dist = 19.54 (meters)
bg = -0.0006,0.0238,0.0804 | ba = -0.0008,0.1567,0.0057
camera-imu timeoffset = -0.00015
cam0 intrinsics = 459.704,459.593,361.685,245.414 | -0.280,0.072,0.001,-0.000
cam1 intrinsics = 457.435,457.345,375.470,253.340 | -0.277,0.067,0.001,-0.000
cam0 extrinsics = -0.001,0.008,0.702,0.712 | 0.063,-0.011,-0.003
cam1 extrinsics = 0.001,0.012,0.702,0.712 | -0.048,-0.012,-0.002
q_GtoI = -0.703,-0.494,-0.425,0.285 | p_IinG = 0.146,0.611,0.525 | dist = 19.55 (meters)
bg = -0.0006,0.0236,0.0803 | ba = -0.0015,0.1576,0.0063
camera-imu timeoffset = -0.00014
cam0 intrinsics = 459.704,459.590,361.682,245.406 | -0.280,0.072,0.001,-0.000
cam1 intrinsics = 457.433,457.342,375.459,253.326 | -0.277,0.067,0.001,-0.000
cam0 extrinsics = -0.001,0.008,0.702,0.712 | 0.063,-0.011,-0.003
cam1 extrinsics = 0.001,0.012,0.702,0.712 | -0.048,-0.012,-0.002
q_GtoI = -0.708,-0.477,-0.434,0.289 | p_IinG = 0.146,0.623,0.533 | dist = 19.56 (meters)
bg = -0.0005,0.0234,0.0802 | ba = -0.0014,0.1583,0.0074
camera-imu timeoffset = -0.00014
cam0 intrinsics = 459.709,459.593,361.675,245.403 | -0.280,0.072,0.001,-0.000
cam1 intrinsics = 457.437,457.344,375.453,253.318 | -0.277,0.067,0.001,-0.000
cam0 extrinsics = -0.001,0.008,0.702,0.712 | 0.063,-0.011,-0.003
cam1 extrinsics = 0.001,0.012,0.702,0.712 | -0.048,-0.012,-0.002
q_GtoI = -0.709,-0.459,-0.446,0.296 | p_IinG = 0.152,0.632,0.538 | dist = 19.58 (meters)
bg = -0.0006,0.0230,0.0801 | ba = 0.0002,0.1543,0.0086
camera-imu timeoffset = -0.00014
cam0 intrinsics = 459.658,459.572,361.734,245.424 | -0.280,0.072,0.001,-0.000
cam1 intrinsics = 457.379,457.315,375.527,253.332 | -0.276,0.067,0.001,-0.000
cam0 extrinsics = -0.001,0.008,0.702,0.712 | 0.062,-0.010,-0.003
cam1 extrinsics = 0.001,0.012,0.702,0.712 | -0.049,-0.012,-0.002
q_GtoI = -0.710,-0.440,-0.459,0.302 | p_IinG = 0.156,0.644,0.552 | dist = 19.60 (meters)
bg = -0.0006,0.0230,0.0801 | ba = -0.0022,0.1515,0.0140
camera-imu timeoffset = -0.00014
cam0 intrinsics = 459.630,459.565,361.788,245.451 | -0.280,0.072,0.001,-0.000
cam1 intrinsics = 457.346,457.296,375.546,253.336 | -0.276,0.067,0.001,-0.000
cam0 extrinsics = -0.001,0.008,0.702,0.712 | 0.062,-0.010,-0.003
cam1 extrinsics = 0.001,0.012,0.702,0.712 | -0.049,-0.011,-0.003
q_GtoI = -0.712,-0.422,-0.469,0.307 | p_IinG = 0.163,0.661,0.563 | dist = 19.62 (meters)
bg = -0.0009,0.0230,0.0802 | ba = -0.0031,0.1509,0.0158
camera-imu timeoffset = -0.00014
cam0 intrinsics = 459.618,459.563,361.808,245.443 | -0.280,0.072,0.001,-0.000
cam1 intrinsics = 457.329,457.290,375.566,253.324 | -0.276,0.067,0.001,-0.000
cam0 extrinsics = -0.001,0.008,0.702,0.712 | 0.062,-0.010,-0.003
cam1 extrinsics = 0.001,0.012,0.702,0.712 | -0.049,-0.011,-0.003
q_GtoI = -0.714,-0.407,-0.478,0.309 | p_IinG = 0.167,0.681,0.576 | dist = 19.65 (meters)
bg = -0.0009,0.0229,0.0802 | ba = -0.0037,0.1529,0.0182
camera-imu timeoffset = -0.00015
cam0 intrinsics = 459.638,459.584,361.818,245.458 | -0.280,0.072,0.001,-0.000
cam1 intrinsics = 457.351,457.310,375.567,253.329 | -0.276,0.067,0.001,-0.000
cam0 extrinsics = -0.001,0.008,0.702,0.712 | 0.062,-0.010,-0.003
cam1 extrinsics = 0.001,0.012,0.702,0.712 | -0.049,-0.011,-0.002
q_GtoI = -0.717,-0.395,-0.484,0.310 | p_IinG = 0.180,0.696,0.600 | dist = 19.67 (meters)
bg = -0.0013,0.0239,0.0808 | ba = -0.0108,0.1478,0.0288
camera-imu timeoffset = -0.00015
cam0 intrinsics = 459.596,459.521,361.825,245.409 | -0.280,0.072,0.001,-0.000
cam1 intrinsics = 457.288,457.226,375.546,253.262 | -0.276,0.067,0.001,-0.000
cam0 extrinsics = -0.001,0.008,0.702,0.712 | 0.062,-0.009,-0.004
cam1 extrinsics = 0.001,0.012,0.702,0.712 | -0.049,-0.010,-0.003
q_GtoI = -0.719,-0.385,-0.488,0.310 | p_IinG = 0.187,0.716,0.614 | dist = 19.69 (meters)
bg = -0.0013,0.0240,0.0807 | ba = -0.0122,0.1484,0.0310
camera-imu timeoffset = -0.00015
cam0 intrinsics = 459.606,459.521,361.823,245.398 | -0.280,0.072,0.001,-0.000
cam1 intrinsics = 457.294,457.221,375.545,253.240 | -0.276,0.067,0.001,-0.000
cam0 extrinsics = -0.001,0.008,0.702,0.712 | 0.062,-0.009,-0.004
cam1 extrinsics = 0.001,0.012,0.702,0.712 | -0.049,-0.010,-0.003
q_GtoI = -0.721,-0.380,-0.492,0.307 | p_IinG = 0.195,0.736,0.628 | dist = 19.72 (meters)
bg = -0.0013,0.0241,0.0807 | ba = -0.0132,0.1490,0.0323
camera-imu timeoffset = -0.00015
cam0 intrinsics = 459.624,459.532,361.821,245.389 | -0.280,0.072,0.001,-0.000
cam1 intrinsics = 457.310,457.229,375.547,253.227 | -0.276,0.067,0.001,-0.000
cam0 extrinsics = -0.001,0.008,0.702,0.712 | 0.062,-0.009,-0.004
cam1 extrinsics = 0.001,0.012,0.702,0.712 | -0.049,-0.010,-0.003
q_GtoI = -0.722,-0.380,-0.497,0.297 | p_IinG = 0.206,0.755,0.641 | dist = 19.74 (meters)
bg = -0.0013,0.0244,0.0807 | ba = -0.0144,0.1485,0.0322
camera-imu timeoffset = -0.00015
cam0 intrinsics = 459.638,459.538,361.828,245.379 | -0.280,0.072,0.001,-0.000
cam1 intrinsics = 457.316,457.228,375.542,253.204 | -0.276,0.067,0.001,-0.000
cam0 extrinsics = -0.001,0.008,0.702,0.712 | 0.062,-0.009,-0.004
cam1 extrinsics = 0.001,0.012,0.702,0.712 | -0.049,-0.010,-0.003
q_GtoI = -0.720,-0.381,-0.502,0.288 | p_IinG = 0.217,0.774,0.654 | dist = 19.77 (meters)
bg = -0.0013,0.0245,0.0805 | ba = -0.0129,0.1487,0.0332
camera-imu timeoffset = -0.00015
cam0 intrinsics = 459.658,459.522,361.837,245.395 | -0.280,0.072,0.001,-0.000
cam1 intrinsics = 457.324,457.199,375.535,253.202 | -0.276,0.067,0.001,-0.000
cam0 extrinsics = -0.001,0.008,0.702,0.712 | 0.062,-0.009,-0.004
cam1 extrinsics = 0.001,0.012,0.702,0.712 | -0.049,-0.010,-0.003
q_GtoI = -0.719,-0.383,-0.508,0.280 | p_IinG = 0.228,0.793,0.667 | dist = 19.79 (meters)
bg = -0.0013,0.0246,0.0805 | ba = -0.0119,0.1491,0.0316
camera-imu timeoffset = -0.00015
cam0 intrinsics = 459.665,459.530,361.838,245.387 | -0.280,0.072,0.001,-0.000
cam1 intrinsics = 457.331,457.206,375.535,253.191 | -0.276,0.067,0.001,-0.000
cam0 extrinsics = -0.001,0.008,0.702,0.712 | 0.062,-0.009,-0.004
cam1 extrinsics = 0.001,0.012,0.702,0.712 | -0.049,-0.010,-0.003
q_GtoI = -0.718,-0.385,-0.512,0.274 | p_IinG = 0.240,0.813,0.679 | dist = 19.82 (meters)
bg = -0.0014,0.0248,0.0806 | ba = -0.0103,0.1502,0.0296
camera-imu timeoffset = -0.00015
cam0 intrinsics = 459.680,459.538,361.852,245.388 | -0.280,0.072,0.001,-0.000
cam1 intrinsics = 457.339,457.210,375.533,253.174 | -0.276,0.067,0.001,-0.000
cam0 extrinsics = -0.001,0.008,0.702,0.712 | 0.062,-0.009,-0.004
cam1 extrinsics = 0.001,0.012,0.702,0.712 | -0.049,-0.010,-0.003
q_GtoI = -0.716,-0.388,-0.514,0.270 | p_IinG = 0.251,0.834,0.690 | dist = 19.84 (meters)
bg = -0.0014,0.0249,0.0807 | ba = -0.0088,0.1513,0.0271
camera-imu timeoffset = -0.00015
cam0 intrinsics = 459.687,459.547,361.853,245.384 | -0.280,0.072,0.001,-0.000
cam1 intrinsics = 457.345,457.217,375.532,253.169 | -0.276,0.067,0.001,-0.000
cam0 extrinsics = -0.001,0.008,0.702,0.712 | 0.062,-0.009,-0.004
cam1 extrinsics = 0.001,0.012,0.702,0.712 | -0.049,-0.010,-0.003
q_GtoI = -0.714,-0.391,-0.515,0.269 | p_IinG = 0.260,0.856,0.701 | dist = 19.87 (meters)
bg = -0.0014,0.0250,0.0808 | ba = -0.0062,0.1530,0.0240
camera-imu timeoffset = -0.00015
cam0 intrinsics = 459.683,459.553,361.852,245.364 | -0.280,0.072,0.001,-0.000
cam1 intrinsics = 457.339,457.218,375.542,253.148 | -0.276,0.067,0.001,-0.000
cam0 extrinsics = -0.001,0.008,0.702,0.712 | 0.062,-0.008,-0.004
cam1 extrinsics = 0.001,0.012,0.702,0.712 | -0.049,-0.009,-0.003
q_GtoI = -0.710,-0.397,-0.515,0.271 | p_IinG = 0.267,0.880,0.713 | dist = 19.90 (meters)
bg = -0.0013,0.0250,0.0810 | ba = -0.0040,0.1541,0.0210
camera-imu timeoffset = -0.00015
cam0 intrinsics = 459.673,459.554,361.856,245.350 | -0.280,0.072,0.001,-0.000
cam1 intrinsics = 457.325,457.213,375.549,253.129 | -0.276,0.067,0.001,-0.000
cam0 extrinsics = -0.001,0.008,0.702,0.712 | 0.062,-0.008,-0.004
cam1 extrinsics = 0.001,0.012,0.702,0.712 | -0.049,-0.009,-0.003
q_GtoI = -0.703,-0.403,-0.516,0.277 | p_IinG = 0.274,0.902,0.725 | dist = 19.92 (meters)
bg = -0.0013,0.0250,0.0809 | ba = -0.0031,0.1534,0.0183
camera-imu timeoffset = -0.00015
cam0 intrinsics = 459.683,459.570,361.856,245.367 | -0.280,0.072,0.001,-0.000
cam1 intrinsics = 457.332,457.224,375.546,253.135 | -0.276,0.067,0.001,-0.000
cam0 extrinsics = -0.001,0.008,0.702,0.712 | 0.062,-0.008,-0.004
cam1 extrinsics = 0.001,0.012,0.702,0.712 | -0.049,-0.009,-0.003
q_GtoI = -0.694,-0.411,-0.517,0.286 | p_IinG = 0.279,0.926,0.737 | dist = 19.95 (meters)
bg = -0.0014,0.0250,0.0809 | ba = -0.0010,0.1534,0.0167
camera-imu timeoffset = -0.00015
cam0 intrinsics = 459.690,459.581,361.865,245.378 | -0.280,0.072,0.001,-0.000
cam1 intrinsics = 457.336,457.230,375.548,253.138 | -0.276,0.067,0.001,-0.000
cam0 extrinsics = -0.001,0.008,0.702,0.712 | 0.062,-0.008,-0.003
cam1 extrinsics = 0.001,0.012,0.702,0.712 | -0.049,-0.009,-0.003
q_GtoI = -0.685,-0.422,-0.516,0.294 | p_IinG = 0.281,0.951,0.748 | dist = 19.98 (meters)
bg = -0.0013,0.0250,0.0809 | ba = 0.0018,0.1538,0.0153
camera-imu timeoffset = -0.00015
cam0 intrinsics = 459.695,459.587,361.939,245.323 | -0.280,0.072,0.001,-0.000
cam1 intrinsics = 457.347,457.242,375.590,253.083 | -0.276,0.067,0.001,-0.000
cam0 extrinsics = -0.001,0.008,0.702,0.712 | 0.062,-0.008,-0.003
cam1 extrinsics = 0.001,0.012,0.702,0.712 | -0.049,-0.009,-0.003
q_GtoI = -0.675,-0.435,-0.513,0.303 | p_IinG = 0.282,0.975,0.757 | dist = 20.01 (meters)
bg = -0.0013,0.0248,0.0809 | ba = 0.0022,0.1527,0.0128
camera-imu timeoffset = -0.00015
cam0 intrinsics = 459.686,459.604,361.940,245.329 | -0.280,0.072,0.001,-0.000
cam1 intrinsics = 457.337,457.255,375.596,253.086 | -0.276,0.067,0.001,-0.000
cam0 extrinsics = -0.001,0.008,0.702,0.712 | 0.062,-0.008,-0.003
cam1 extrinsics = 0.001,0.012,0.702,0.712 | -0.049,-0.009,-0.003
q_GtoI = -0.663,-0.450,-0.511,0.310 | p_IinG = 0.279,0.999,0.762 | dist = 20.03 (meters)
bg = -0.0011,0.0246,0.0808 | ba = 0.0059,0.1543,0.0126
camera-imu timeoffset = -0.00015
cam0 intrinsics = 459.644,459.607,361.958,245.325 | -0.280,0.072,0.001,-0.000
cam1 intrinsics = 457.292,457.254,375.619,253.079 | -0.276,0.067,0.001,-0.000
cam0 extrinsics = -0.001,0.008,0.702,0.712 | 0.062,-0.008,-0.003
cam1 extrinsics = 0.001,0.012,0.702,0.712 | -0.049,-0.009,-0.003
q_GtoI = -0.650,-0.468,-0.509,0.315 | p_IinG = 0.275,1.022,0.765 | dist = 20.05 (meters)
bg = -0.0010,0.0244,0.0807 | ba = 0.0067,0.1536,0.0115
camera-imu timeoffset = -0.00015
cam0 intrinsics = 459.629,459.627,362.015,245.345 | -0.280,0.072,0.001,-0.000
cam1 intrinsics = 457.273,457.267,375.676,253.091 | -0.276,0.067,0.001,-0.000
cam0 extrinsics = -0.001,0.008,0.702,0.712 | 0.062,-0.008,-0.003
cam1 extrinsics = 0.001,0.012,0.702,0.712 | -0.049,-0.009,-0.003
q_GtoI = -0.635,-0.487,-0.507,0.320 | p_IinG = 0.269,1.043,0.765 | dist = 20.08 (meters)
bg = -0.0008,0.0242,0.0807 | ba = 0.0066,0.1526,0.0093
camera-imu timeoffset = -0.00015
cam0 intrinsics = 459.597,459.624,361.975,245.322 | -0.280,0.072,0.001,-0.000
cam1 intrinsics = 457.249,457.272,375.610,253.026 | -0.276,0.067,0.001,-0.000
cam0 extrinsics = -0.001,0.008,0.702,0.712 | 0.062,-0.008,-0.003
cam1 extrinsics = 0.001,0.012,0.702,0.712 | -0.049,-0.009,-0.003
q_GtoI = -0.620,-0.507,-0.504,0.324 | p_IinG = 0.258,1.066,0.761 | dist = 20.10 (meters)
bg = -0.0005,0.0240,0.0808 | ba = 0.0086,0.1533,0.0091
camera-imu timeoffset = -0.00015
cam0 intrinsics = 459.595,459.638,361.990,245.295 | -0.280,0.072,0.001,-0.000
cam1 intrinsics = 457.233,457.274,375.630,252.992 | -0.276,0.067,0.001,-0.000
cam0 extrinsics = -0.002,0.008,0.702,0.712 | 0.062,-0.007,-0.003
cam1 extrinsics = 0.001,0.012,0.702,0.712 | -0.049,-0.008,-0.003
q_GtoI = -0.608,-0.526,-0.496,0.329 | p_IinG = 0.246,1.089,0.754 | dist = 20.13 (meters)
bg = -0.0005,0.0238,0.0809 | ba = 0.0102,0.1544,0.0071
camera-imu timeoffset = -0.00015
cam0 intrinsics = 459.601,459.668,361.999,245.318 | -0.280,0.072,0.001,-0.000
cam1 intrinsics = 457.254,457.316,375.646,253.025 | -0.276,0.067,0.001,-0.000
cam0 extrinsics = -0.002,0.008,0.702,0.712 | 0.062,-0.007,-0.003
cam1 extrinsics = 0.001,0.012,0.702,0.712 | -0.049,-0.009,-0.003
q_GtoI = -0.598,-0.545,-0.483,0.334 | p_IinG = 0.231,1.113,0.744 | dist = 20.16 (meters)
bg = -0.0004,0.0238,0.0809 | ba = 0.0108,0.1538,0.0063
camera-imu timeoffset = -0.00015
cam0 intrinsics = 459.637,459.690,362.091,245.352 | -0.280,0.072,0.001,-0.000
cam1 intrinsics = 457.288,457.336,375.722,253.047 | -0.276,0.067,0.001,-0.000
cam0 extrinsics = -0.002,0.008,0.702,0.712 | 0.062,-0.008,-0.003
cam1 extrinsics = 0.001,0.012,0.702,0.712 | -0.049,-0.009,-0.003
q_GtoI = -0.589,-0.561,-0.469,0.343 | p_IinG = 0.214,1.136,0.733 | dist = 20.19 (meters)
bg = -0.0004,0.0238,0.0811 | ba = 0.0095,0.1530,0.0046
camera-imu timeoffset = -0.00015
cam0 intrinsics = 459.683,459.723,362.122,245.353 | -0.280,0.072,0.001,-0.000
cam1 intrinsics = 457.327,457.364,375.736,253.044 | -0.276,0.068,0.001,-0.000
cam0 extrinsics = -0.002,0.008,0.702,0.712 | 0.062,-0.008,-0.003
cam1 extrinsics = 0.001,0.012,0.702,0.712 | -0.049,-0.009,-0.003
q_GtoI = -0.583,-0.575,-0.451,0.355 | p_IinG = 0.194,1.161,0.719 | dist = 20.22 (meters)
bg = -0.0003,0.0238,0.0813 | ba = 0.0074,0.1516,0.0031
camera-imu timeoffset = -0.00015
cam0 intrinsics = 459.720,459.746,362.145,245.341 | -0.280,0.072,0.001,-0.000
cam1 intrinsics = 457.353,457.379,375.749,253.027 | -0.276,0.068,0.001,-0.000
cam0 extrinsics = -0.002,0.008,0.702,0.712 | 0.062,-0.008,-0.003
cam1 extrinsics = 0.001,0.012,0.702,0.712 | -0.049,-0.009,-0.003
q_GtoI = -0.576,-0.587,-0.434,0.368 | p_IinG = 0.171,1.185,0.702 | dist = 20.26 (meters)
bg = -0.0003,0.0238,0.0813 | ba = 0.0059,0.1502,0.0022
camera-imu timeoffset = -0.00015
cam0 intrinsics = 459.761,459.769,362.178,245.327 | -0.280,0.072,0.001,-0.000
cam1 intrinsics = 457.384,457.397,375.774,253.012 | -0.277,0.068,0.001,-0.000
cam0 extrinsics = -0.002,0.008,0.702,0.712 | 0.062,-0.008,-0.002
cam1 extrinsics = 0.001,0.012,0.702,0.712 | -0.049,-0.009,-0.002
q_GtoI = -0.568,-0.597,-0.418,0.383 | p_IinG = 0.147,1.211,0.684 | dist = 20.30 (meters)
bg = -0.0005,0.0238,0.0811 | ba = 0.0054,0.1483,0.0024
camera-imu timeoffset = -0.00014
cam0 intrinsics = 459.836,459.799,362.209,245.329 | -0.280,0.072,0.001,-0.000
cam1 intrinsics = 457.463,457.434,375.803,253.010 | -0.277,0.068,0.001,-0.000
cam0 extrinsics = -0.002,0.008,0.702,0.712 | 0.062,-0.008,-0.002
cam1 extrinsics = 0.001,0.012,0.702,0.712 | -0.049,-0.009,-0.002
q_GtoI = -0.560,-0.606,-0.403,0.397 | p_IinG = 0.122,1.237,0.665 | dist = 20.34 (meters)
bg = -0.0006,0.0237,0.0811 | ba = 0.0042,0.1466,0.0016
camera-imu timeoffset = -0.00014
cam0 intrinsics = 459.876,459.819,362.234,245.318 | -0.280,0.072,0.001,-0.000
cam1 intrinsics = 457.499,457.452,375.822,252.997 | -0.277,0.068,0.001,-0.000
cam0 extrinsics = -0.002,0.008,0.702,0.712 | 0.062,-0.008,-0.002
cam1 extrinsics = 0.001,0.012,0.702,0.712 | -0.049,-0.009,-0.002
q_GtoI = -0.549,-0.615,-0.391,0.409 | p_IinG = 0.097,1.264,0.644 | dist = 20.38 (meters)
bg = -0.0006,0.0237,0.0812 | ba = 0.0025,0.1443,0.0022
camera-imu timeoffset = -0.00014
cam0 intrinsics = 459.907,459.851,362.280,245.316 | -0.280,0.072,0.001,-0.000
cam1 intrinsics = 457.533,457.486,375.847,252.987 | -0.277,0.068,0.001,-0.000
cam0 extrinsics = -0.002,0.008,0.702,0.712 | 0.062,-0.008,-0.002
cam1 extrinsics = 0.001,0.012,0.702,0.712 | -0.049,-0.009,-0.002
q_GtoI = -0.536,-0.625,-0.382,0.420 | p_IinG = 0.070,1.290,0.624 | dist = 20.43 (meters)
bg = -0.0007,0.0236,0.0813 | ba = 0.0013,0.1430,0.0026
camera-imu timeoffset = -0.00014
cam0 intrinsics = 459.939,459.867,362.291,245.318 | -0.280,0.072,0.001,-0.000
cam1 intrinsics = 457.562,457.500,375.856,252.985 | -0.277,0.068,0.001,-0.000
cam0 extrinsics = -0.002,0.008,0.702,0.712 | 0.062,-0.008,-0.002
cam1 extrinsics = 0.001,0.012,0.702,0.712 | -0.049,-0.009,-0.002
q_GtoI = -0.520,-0.637,-0.375,0.429 | p_IinG = 0.047,1.313,0.604 | dist = 20.47 (meters)
bg = -0.0015,0.0231,0.0815 | ba = 0.0006,0.1442,0.0062
camera-imu timeoffset = -0.00013
cam0 intrinsics = 460.012,459.892,362.367,245.348 | -0.280,0.072,0.001,-0.000
cam1 intrinsics = 457.637,457.521,375.938,253.004 | -0.277,0.068,0.001,-0.000
cam0 extrinsics = -0.002,0.008,0.702,0.712 | 0.062,-0.009,-0.002
cam1 extrinsics = 0.001,0.012,0.702,0.712 | -0.049,-0.010,-0.002
q_GtoI = -0.503,-0.648,-0.371,0.435 | p_IinG = 0.017,1.339,0.589 | dist = 20.52 (meters)
bg = -0.0013,0.0231,0.0817 | ba = 0.0017,0.1419,0.0059
camera-imu timeoffset = -0.00013
cam0 intrinsics = 460.006,459.888,362.384,245.354 | -0.280,0.072,0.001,-0.000
cam1 intrinsics = 457.632,457.517,375.965,253.010 | -0.277,0.068,0.001,-0.000
cam0 extrinsics = -0.002,0.008,0.702,0.712 | 0.062,-0.009,-0.002
cam1 extrinsics = 0.001,0.012,0.702,0.712 | -0.049,-0.010,-0.002
q_GtoI = -0.486,-0.661,-0.366,0.440 | p_IinG = -0.014,1.365,0.576 | dist = 20.56 (meters)
bg = -0.0014,0.0231,0.0817 | ba = 0.0029,0.1425,0.0073
camera-imu timeoffset = -0.00013
cam0 intrinsics = 460.028,459.896,362.397,245.359 | -0.280,0.072,0.001,-0.000
cam1 intrinsics = 457.651,457.521,375.984,253.016 | -0.277,0.068,0.001,-0.000
cam0 extrinsics = -0.002,0.008,0.702,0.712 | 0.062,-0.009,-0.002
cam1 extrinsics = 0.001,0.012,0.702,0.712 | -0.049,-0.010,-0.002
q_GtoI = -0.469,-0.671,-0.360,0.447 | p_IinG = -0.046,1.391,0.570 | dist = 20.60 (meters)
bg = -0.0013,0.0233,0.0815 | ba = 0.0025,0.1453,0.0090
camera-imu timeoffset = -0.00013
cam0 intrinsics = 460.033,459.876,362.407,245.342 | -0.280,0.072,0.001,-0.000
cam1 intrinsics = 457.655,457.503,375.993,252.982 | -0.277,0.068,0.001,-0.000
cam0 extrinsics = -0.002,0.008,0.702,0.712 | 0.062,-0.009,-0.002
cam1 extrinsics = 0.001,0.012,0.702,0.712 | -0.049,-0.010,-0.002
q_GtoI = -0.452,-0.682,-0.356,0.452 | p_IinG = -0.084,1.417,0.566 | dist = 20.65 (meters)
bg = -0.0007,0.0232,0.0816 | ba = 0.0027,0.1466,0.0091
camera-imu timeoffset = -0.00013
cam0 intrinsics = 460.036,459.844,362.413,245.303 | -0.281,0.072,0.001,-0.000
cam1 intrinsics = 457.653,457.468,375.994,252.933 | -0.277,0.068,0.001,-0.000
cam0 extrinsics = -0.002,0.008,0.702,0.712 | 0.062,-0.009,-0.002
cam1 extrinsics = 0.001,0.012,0.702,0.712 | -0.049,-0.010,-0.002
q_GtoI = -0.435,-0.692,-0.350,0.458 | p_IinG = -0.121,1.442,0.564 | dist = 20.69 (meters)
bg = -0.0004,0.0229,0.0814 | ba = 0.0051,0.1509,0.0130
camera-imu timeoffset = -0.00013
cam0 intrinsics = 460.050,459.826,362.381,245.306 | -0.281,0.072,0.001,-0.000
cam1 intrinsics = 457.674,457.455,375.972,252.926 | -0.277,0.068,0.001,-0.000
cam0 extrinsics = -0.002,0.008,0.702,0.712 | 0.062,-0.009,-0.002
cam1 extrinsics = 0.001,0.012,0.702,0.712 | -0.049,-0.010,-0.002
q_GtoI = -0.420,-0.701,-0.343,0.463 | p_IinG = -0.159,1.464,0.568 | dist = 20.74 (meters)
bg = -0.0003,0.0228,0.0812 | ba = 0.0058,0.1551,0.0172
camera-imu timeoffset = -0.00013
cam0 intrinsics = 460.056,459.814,362.359,245.302 | -0.281,0.072,0.001,-0.000
cam1 intrinsics = 457.679,457.441,375.945,252.916 | -0.277,0.068,0.001,-0.000
cam0 extrinsics = -0.002,0.008,0.702,0.712 | 0.062,-0.009,-0.002
cam1 extrinsics = 0.001,0.012,0.702,0.712 | -0.049,-0.010,-0.002
q_GtoI = -0.405,-0.708,-0.339,0.469 | p_IinG = -0.202,1.487,0.575 | dist = 20.79 (meters)
bg = -0.0003,0.0226,0.0811 | ba = 0.0062,0.1597,0.0192
camera-imu timeoffset = -0.00013
cam0 intrinsics = 460.070,459.808,362.345,245.294 | -0.281,0.072,0.001,-0.000
cam1 intrinsics = 457.693,457.435,375.934,252.903 | -0.277,0.068,0.001,-0.000
cam0 extrinsics = -0.002,0.008,0.702,0.712 | 0.062,-0.009,-0.002
cam1 extrinsics = 0.001,0.012,0.702,0.712 | -0.049,-0.010,-0.002
q_GtoI = -0.395,-0.714,-0.329,0.475 | p_IinG = -0.246,1.508,0.582 | dist = 20.84 (meters)
bg = -0.0002,0.0225,0.0808 | ba = 0.0077,0.1640,0.0198
camera-imu timeoffset = -0.00013
cam0 intrinsics = 460.071,459.805,362.342,245.292 | -0.281,0.072,0.001,-0.000
cam1 intrinsics = 457.696,457.431,375.919,252.900 | -0.277,0.068,0.001,-0.000
cam0 extrinsics = -0.002,0.008,0.702,0.712 | 0.062,-0.009,-0.002
cam1 extrinsics = 0.001,0.012,0.702,0.712 | -0.049,-0.010,-0.002
q_GtoI = -0.389,-0.717,-0.317,0.484 | p_IinG = -0.292,1.528,0.590 | dist = 20.89 (meters)
bg = -0.0003,0.0223,0.0806 | ba = 0.0086,0.1672,0.0211
camera-imu timeoffset = -0.00013
cam0 intrinsics = 460.088,459.808,362.360,245.311 | -0.281,0.072,0.001,-0.000
cam1 intrinsics = 457.709,457.432,375.925,252.907 | -0.277,0.068,0.001,-0.000
cam0 extrinsics = -0.002,0.008,0.702,0.712 | 0.062,-0.009,-0.002
cam1 extrinsics = 0.001,0.012,0.702,0.712 | -0.049,-0.010,-0.002
q_GtoI = -0.385,-0.719,-0.305,0.492 | p_IinG = -0.339,1.546,0.595 | dist = 20.94 (meters)
bg = -0.0004,0.0221,0.0805 | ba = 0.0085,0.1718,0.0236
camera-imu timeoffset = -0.00013
cam0 intrinsics = 460.073,459.813,362.359,245.323 | -0.281,0.072,0.001,-0.000
cam1 intrinsics = 457.701,457.440,375.921,252.912 | -0.277,0.068,0.001,-0.000
cam0 extrinsics = -0.002,0.008,0.702,0.712 | 0.062,-0.009,-0.002
cam1 extrinsics = 0.001,0.012,0.702,0.712 | -0.049,-0.010,-0.002
q_GtoI = -0.380,-0.721,-0.295,0.500 | p_IinG = -0.385,1.563,0.595 | dist = 21.00 (meters)
bg = -0.0005,0.0215,0.0806 | ba = 0.0129,0.1724,0.0285
camera-imu timeoffset = -0.00013
cam0 intrinsics = 460.056,459.811,362.374,245.367 | -0.280,0.072,0.001,-0.000
cam1 intrinsics = 457.662,457.415,375.947,252.917 | -0.277,0.068,0.001,-0.000
cam0 extrinsics = -0.002,0.008,0.702,0.712 | 0.062,-0.009,-0.002
cam1 extrinsics = 0.001,0.012,0.702,0.712 | -0.049,-0.010,-0.002
q_GtoI = -0.375,-0.722,-0.283,0.507 | p_IinG = -0.433,1.580,0.596 | dist = 21.05 (meters)
bg = -0.0006,0.0215,0.0806 | ba = 0.0131,0.1744,0.0321
camera-imu timeoffset = -0.00013
cam0 intrinsics = 460.063,459.821,362.386,245.374 | -0.280,0.072,0.001,-0.000
cam1 intrinsics = 457.669,457.424,375.951,252.919 | -0.277,0.068,0.001,-0.000
cam0 extrinsics = -0.002,0.008,0.702,0.712 | 0.062,-0.009,-0.002
cam1 extrinsics = 0.001,0.012,0.702,0.712 | -0.049,-0.010,-0.002
q_GtoI = -0.369,-0.725,-0.275,0.513 | p_IinG = -0.483,1.596,0.593 | dist = 21.10 (meters)
bg = -0.0007,0.0212,0.0803 | ba = 0.0146,0.1756,0.0320
camera-imu timeoffset = -0.00013
cam0 intrinsics = 460.068,459.815,362.350,245.390 | -0.280,0.072,0.001,-0.000
cam1 intrinsics = 457.670,457.418,375.932,252.923 | -0.277,0.068,0.001,-0.000
cam0 extrinsics = -0.002,0.008,0.702,0.712 | 0.062,-0.009,-0.002
cam1 extrinsics = 0.001,0.012,0.702,0.712 | -0.049,-0.010,-0.002
q_GtoI = -0.363,-0.728,-0.268,0.517 | p_IinG = -0.533,1.612,0.590 | dist = 21.16 (meters)
bg = -0.0007,0.0212,0.0803 | ba = 0.0158,0.1749,0.0335
camera-imu timeoffset = -0.00013
cam0 intrinsics = 460.077,459.820,362.343,245.387 | -0.280,0.072,0.001,-0.000
cam1 intrinsics = 457.678,457.424,375.921,252.916 | -0.277,0.068,0.001,-0.000
cam0 extrinsics = -0.002,0.008,0.702,0.712 | 0.062,-0.009,-0.002
cam1 extrinsics = 0.001,0.012,0.702,0.712 | -0.049,-0.010,-0.002
q_GtoI = -0.353,-0.732,-0.265,0.520 | p_IinG = -0.583,1.628,0.585 | dist = 21.21 (meters)
bg = -0.0008,0.0214,0.0802 | ba = 0.0174,0.1735,0.0362
camera-imu timeoffset = -0.00014
cam0 intrinsics = 460.081,459.828,362.336,245.392 | -0.280,0.072,0.001,-0.000
cam1 intrinsics = 457.680,457.431,375.915,252.916 | -0.277,0.068,0.001,-0.000
cam0 extrinsics = -0.002,0.008,0.702,0.712 | 0.062,-0.009,-0.002
cam1 extrinsics = 0.001,0.012,0.702,0.712 | -0.049,-0.010,-0.002
q_GtoI = -0.342,-0.735,-0.262,0.523 | p_IinG = -0.633,1.643,0.576 | dist = 21.26 (meters)
bg = -0.0009,0.0215,0.0801 | ba = 0.0180,0.1731,0.0378
camera-imu timeoffset = -0.00014
cam0 intrinsics = 460.087,459.839,362.322,245.404 | -0.281,0.072,0.001,-0.000
cam1 intrinsics = 457.678,457.436,375.900,252.920 | -0.277,0.068,0.001,-0.000
cam0 extrinsics = -0.002,0.008,0.702,0.712 | 0.062,-0.009,-0.002
cam1 extrinsics = 0.001,0.012,0.702,0.712 | -0.049,-0.010,-0.002
q_GtoI = -0.330,-0.739,-0.263,0.525 | p_IinG = -0.684,1.656,0.565 | dist = 21.32 (meters)
bg = -0.0009,0.0216,0.0804 | ba = 0.0178,0.1703,0.0383
camera-imu timeoffset = -0.00014
cam0 intrinsics = 460.108,459.846,362.306,245.403 | -0.281,0.072,0.001,-0.000
cam1 intrinsics = 457.701,457.444,375.875,252.929 | -0.277,0.068,0.001,-0.000
cam0 extrinsics = -0.002,0.008,0.702,0.712 | 0.062,-0.010,-0.002
cam1 extrinsics = 0.001,0.012,0.702,0.712 | -0.049,-0.011,-0.002
q_GtoI = -0.314,-0.743,-0.264,0.528 | p_IinG = -0.734,1.668,0.554 | dist = 21.37 (meters)
bg = -0.0012,0.0218,0.0801 | ba = 0.0166,0.1677,0.0407
camera-imu timeoffset = -0.00014
cam0 intrinsics = 460.108,459.849,362.267,245.408 | -0.281,0.072,0.001,-0.000
cam1 intrinsics = 457.698,457.448,375.825,252.931 | -0.277,0.068,0.001,-0.000
cam0 extrinsics = -0.002,0.008,0.702,0.712 | 0.062,-0.010,-0.002
cam1 extrinsics = 0.001,0.012,0.702,0.712 | -0.049,-0.011,-0.002
q_GtoI = -0.298,-0.748,-0.264,0.532 | p_IinG = -0.785,1.677,0.542 | dist = 21.43 (meters)
bg = -0.0013,0.0218,0.0802 | ba = 0.0161,0.1645,0.0437
camera-imu timeoffset = -0.00014
cam0 intrinsics = 460.109,459.852,362.267,245.405 | -0.281,0.072,0.001,-0.000
cam1 intrinsics = 457.675,457.442,375.842,252.904 | -0.277,0.068,0.001,-0.000
cam0 extrinsics = -0.002,0.008,0.702,0.712 | 0.062,-0.010,-0.002
cam1 extrinsics = 0.001,0.012,0.702,0.712 | -0.049,-0.011,-0.002
q_GtoI = -0.281,-0.754,-0.263,0.532 | p_IinG = -0.840,1.683,0.529 | dist = 21.48 (meters)
bg = -0.0012,0.0218,0.0802 | ba = 0.0152,0.1630,0.0456
camera-imu timeoffset = -0.00014
cam0 intrinsics = 460.098,459.858,362.348,245.346 | -0.280,0.072,0.001,-0.000
cam1 intrinsics = 457.666,457.449,375.896,252.845 | -0.277,0.068,0.001,-0.000
cam0 extrinsics = -0.002,0.008,0.702,0.712 | 0.061,-0.010,-0.002
cam1 extrinsics = 0.001,0.012,0.702,0.712 | -0.049,-0.011,-0.002
q_GtoI = -0.262,-0.761,-0.262,0.533 | p_IinG = -0.896,1.688,0.518 | dist = 21.54 (meters)
bg = -0.0013,0.0218,0.0803 | ba = 0.0151,0.1602,0.0457
camera-imu timeoffset = -0.00014
cam0 intrinsics = 460.096,459.871,362.360,245.334 | -0.280,0.072,0.001,-0.000
cam1 intrinsics = 457.660,457.461,375.895,252.823 | -0.277,0.068,0.001,-0.000
cam0 extrinsics = -0.002,0.008,0.702,0.712 | 0.061,-0.010,-0.002
cam1 extrinsics = 0.001,0.012,0.702,0.712 | -0.049,-0.011,-0.002
q_GtoI = -0.244,-0.768,-0.259,0.533 | p_IinG = -0.954,1.689,0.506 | dist = 21.60 (meters)
bg = -0.0013,0.0219,0.0806 | ba = 0.0153,0.1547,0.0443
camera-imu timeoffset = -0.00014
cam0 intrinsics = 460.091,459.881,362.367,245.323 | -0.280,0.072,0.001,-0.000
cam1 intrinsics = 457.654,457.469,375.884,252.796 | -0.277,0.068,0.001,-0.000
cam0 extrinsics = -0.002,0.008,0.702,0.712 | 0.061,-0.010,-0.002
cam1 extrinsics = 0.001,0.012,0.702,0.712 | -0.050,-0.011,-0.002
q_GtoI = -0.225,-0.773,-0.255,0.535 | p_IinG = -1.014,1.687,0.498 | dist = 21.66 (meters)
bg = -0.0015,0.0220,0.0808 | ba = 0.0151,0.1518,0.0441
camera-imu timeoffset = -0.00014
cam0 intrinsics = 460.106,459.889,362.369,245.328 | -0.281,0.072,0.001,-0.000
cam1 intrinsics = 457.665,457.473,375.885,252.792 | -0.277,0.068,0.001,-0.000
cam0 extrinsics = -0.002,0.008,0.702,0.712 | 0.061,-0.010,-0.002
cam1 extrinsics = 0.001,0.012,0.702,0.712 | -0.050,-0.011,-0.002
q_GtoI = -0.207,-0.778,-0.250,0.538 | p_IinG = -1.074,1.680,0.489 | dist = 21.72 (meters)
bg = -0.0017,0.0222,0.0809 | ba = 0.0163,0.1494,0.0451
camera-imu timeoffset = -0.00014
cam0 intrinsics = 460.109,459.897,362.377,245.338 | -0.281,0.072,0.001,-0.000
cam1 intrinsics = 457.665,457.480,375.894,252.794 | -0.277,0.068,0.001,-0.000
cam0 extrinsics = -0.002,0.008,0.702,0.712 | 0.061,-0.010,-0.002
cam1 extrinsics = 0.001,0.012,0.702,0.712 | -0.050,-0.011,-0.002
q_GtoI = -0.190,-0.782,-0.243,0.542 | p_IinG = -1.137,1.668,0.480 | dist = 21.78 (meters)
bg = -0.0018,0.0222,0.0809 | ba = 0.0166,0.1464,0.0419
camera-imu timeoffset = -0.00014
cam0 intrinsics = 460.111,459.903,362.377,245.338 | -0.281,0.072,0.001,-0.000
cam1 intrinsics = 457.664,457.483,375.889,252.785 | -0.277,0.068,0.001,-0.000
cam0 extrinsics = -0.002,0.008,0.702,0.712 | 0.061,-0.010,-0.002
cam1 extrinsics = 0.001,0.012,0.702,0.712 | -0.050,-0.011,-0.002
q_GtoI = -0.173,-0.785,-0.237,0.546 | p_IinG = -1.202,1.652,0.471 | dist = 21.85 (meters)
bg = -0.0018,0.0222,0.0810 | ba = 0.0164,0.1411,0.0381
camera-imu timeoffset = -0.00014
cam0 intrinsics = 460.108,459.921,362.400,245.341 | -0.281,0.072,0.001,-0.000
cam1 intrinsics = 457.664,457.501,375.911,252.791 | -0.277,0.068,0.001,-0.000
cam0 extrinsics = -0.002,0.008,0.702,0.712 | 0.060,-0.010,-0.002
cam1 extrinsics = 0.001,0.012,0.702,0.712 | -0.050,-0.011,-0.002
q_GtoI = -0.156,-0.787,-0.229,0.552 | p_IinG = -1.267,1.631,0.466 | dist = 21.92 (meters)
bg = -0.0021,0.0223,0.0810 | ba = 0.0141,0.1387,0.0367
camera-imu timeoffset = -0.00014
cam0 intrinsics = 460.120,459.947,362.418,245.362 | -0.281,0.072,0.001,-0.000
cam1 intrinsics = 457.681,457.529,375.934,252.812 | -0.277,0.068,0.001,-0.000
cam0 extrinsics = -0.002,0.008,0.702,0.712 | 0.060,-0.010,-0.002
cam1 extrinsics = 0.001,0.012,0.702,0.712 | -0.050,-0.011,-0.002
q_GtoI = -0.142,-0.787,-0.215,0.561 | p_IinG = -1.334,1.603,0.459 | dist = 21.99 (meters)
bg = -0.0021,0.0221,0.0811 | ba = 0.0121,0.1379,0.0349
camera-imu timeoffset = -0.00014
cam0 intrinsics = 460.123,459.955,362.428,245.361 | -0.281,0.072,0.001,-0.000
cam1 intrinsics = 457.682,457.534,375.946,252.810 | -0.277,0.068,0.001,-0.000
cam0 extrinsics = -0.002,0.008,0.702,0.712 | 0.060,-0.010,-0.002
cam1 extrinsics = 0.001,0.012,0.702,0.712 | -0.050,-0.011,-0.002
q_GtoI = -0.131,-0.785,-0.194,0.574 | p_IinG = -1.403,1.570,0.454 | dist = 22.06 (meters)
bg = -0.0021,0.0221,0.0813 | ba = 0.0103,0.1366,0.0330
camera-imu timeoffset = -0.00014
cam0 intrinsics = 460.129,459.955,362.429,245.356 | -0.281,0.072,0.001,-0.000
cam1 intrinsics = 457.683,457.530,375.954,252.805 | -0.277,0.068,0.001,-0.000
cam0 extrinsics = -0.002,0.008,0.702,0.712 | 0.060,-0.010,-0.002
cam1 extrinsics = 0.001,0.012,0.702,0.712 | -0.050,-0.011,-0.002
q_GtoI = -0.123,-0.783,-0.168,0.586 | p_IinG = -1.471,1.532,0.448 | dist = 22.14 (meters)
bg = -0.0020,0.0221,0.0814 | ba = 0.0098,0.1368,0.0327
camera-imu timeoffset = -0.00014
cam0 intrinsics = 460.133,459.958,362.441,245.347 | -0.281,0.072,0.001,-0.000
cam1 intrinsics = 457.683,457.530,375.962,252.796 | -0.277,0.068,0.001,-0.000
cam0 extrinsics = -0.002,0.008,0.702,0.712 | 0.061,-0.010,-0.002
cam1 extrinsics = 0.001,0.012,0.702,0.712 | -0.050,-0.011,-0.002
q_GtoI = -0.113,-0.781,-0.141,0.598 | p_IinG = -1.538,1.490,0.442 | dist = 22.22 (meters)
bg = -0.0017,0.0220,0.0814 | ba = 0.0088,0.1371,0.0313
camera-imu timeoffset = -0.00014
cam0 intrinsics = 460.140,459.961,362.453,245.339 | -0.281,0.072,0.001,-0.000
cam1 intrinsics = 457.684,457.529,375.972,252.788 | -0.277,0.068,0.001,-0.000
cam0 extrinsics = -0.002,0.008,0.702,0.712 | 0.061,-0.010,-0.002
cam1 extrinsics = 0.001,0.012,0.702,0.712 | -0.050,-0.011,-0.002
q_GtoI = -0.101,-0.779,-0.116,0.608 | p_IinG = -1.606,1.445,0.436 | dist = 22.30 (meters)
bg = -0.0014,0.0220,0.0814 | ba = 0.0068,0.1357,0.0285
camera-imu timeoffset = -0.00014
cam0 intrinsics = 460.155,459.966,362.469,245.315 | -0.281,0.072,0.001,-0.000
cam1 intrinsics = 457.699,457.536,375.981,252.760 | -0.277,0.068,0.001,-0.000
cam0 extrinsics = -0.002,0.008,0.702,0.712 | 0.061,-0.010,-0.002
cam1 extrinsics = 0.001,0.012,0.702,0.712 | -0.050,-0.011,-0.002
q_GtoI = -0.084,-0.775,-0.097,0.618 | p_IinG = -1.673,1.400,0.433 | dist = 22.38 (meters)
bg = -0.0012,0.0219,0.0816 | ba = 0.0041,0.1300,0.0248
camera-imu timeoffset = -0.00014
cam0 intrinsics = 460.155,459.990,362.490,245.328 | -0.281,0.072,0.001,-0.000
cam1 intrinsics = 457.694,457.555,375.993,252.771 | -0.277,0.068,0.001,-0.000
cam0 extrinsics = -0.002,0.008,0.702,0.713 | 0.060,-0.010,-0.002
cam1 extrinsics = 0.001,0.012,0.702,0.712 | -0.050,-0.011,-0.002
q_GtoI = -0.067,-0.770,-0.079,0.629 | p_IinG = -1.735,1.352,0.430 | dist = 22.45 (meters)
bg = -0.0009,0.0217,0.0818 | ba = 0.0032,0.1255,0.0222
camera-imu timeoffset = -0.00014
cam0 intrinsics = 460.137,459.999,362.497,245.344 | -0.281,0.072,0.001,-0.000
cam1 intrinsics = 457.670,457.556,375.989,252.787 | -0.277,0.068,0.001,-0.000
cam0 extrinsics = -0.002,0.008,0.702,0.713 | 0.060,-0.010,-0.002
cam1 extrinsics = 0.001,0.012,0.702,0.712 | -0.051,-0.011,-0.002
q_GtoI = -0.049,-0.766,-0.064,0.637 | p_IinG = -1.791,1.305,0.430 | dist = 22.53 (meters)
bg = -0.0009,0.0217,0.0818 | ba = 0.0023,0.1216,0.0226
camera-imu timeoffset = -0.00014
cam0 intrinsics = 460.140,460.014,362.510,245.355 | -0.281,0.072,0.001,-0.000
cam1 intrinsics = 457.677,457.573,376.014,252.793 | -0.277,0.068,0.001,-0.000
cam0 extrinsics = -0.002,0.008,0.702,0.713 | 0.060,-0.011,-0.002
cam1 extrinsics = 0.001,0.012,0.702,0.712 | -0.051,-0.011,-0.002
q_GtoI = -0.031,-0.763,-0.049,0.643 | p_IinG = -1.836,1.257,0.434 | dist = 22.60 (meters)
bg = -0.0010,0.0219,0.0817 | ba = 0.0011,0.1229,0.0308
camera-imu timeoffset = -0.00014
cam0 intrinsics = 460.146,460.017,362.526,245.374 | -0.281,0.072,0.001,-0.000
cam1 intrinsics = 457.682,457.577,376.039,252.808 | -0.277,0.068,0.001,-0.000
cam0 extrinsics = -0.002,0.008,0.702,0.713 | 0.060,-0.011,-0.002
cam1 extrinsics = 0.001,0.012,0.702,0.712 | -0.050,-0.011,-0.002
q_GtoI = -0.016,-0.762,-0.034,0.646 | p_IinG = -1.880,1.206,0.435 | dist = 22.67 (meters)
bg = -0.0010,0.0219,0.0817 | ba = -0.0001,0.1226,0.0334
camera-imu timeoffset = -0.00014
cam0 intrinsics = 460.140,460.013,362.527,245.382 | -0.281,0.072,0.001,-0.000
cam1 intrinsics = 457.673,457.572,376.049,252.817 | -0.277,0.068,0.001,-0.000
cam0 extrinsics = -0.002,0.008,0.702,0.713 | 0.061,-0.011,-0.002
cam1 extrinsics = 0.001,0.012,0.702,0.712 | -0.050,-0.011,-0.002
q_GtoI = -0.001,-0.761,-0.021,0.648 | p_IinG = -1.921,1.154,0.437 | dist = 22.74 (meters)
bg = -0.0009,0.0219,0.0815 | ba = -0.0008,0.1223,0.0358
camera-imu timeoffset = -0.00014
cam0 intrinsics = 460.147,460.028,362.535,245.383 | -0.281,0.072,0.001,-0.000
cam1 intrinsics = 457.678,457.586,376.046,252.822 | -0.277,0.068,0.001,-0.000
cam0 extrinsics = -0.002,0.008,0.702,0.713 | 0.061,-0.011,-0.002
cam1 extrinsics = 0.001,0.012,0.702,0.712 | -0.050,-0.012,-0.002
q_GtoI = 0.011,-0.760,-0.007,0.650 | p_IinG = -1.961,1.105,0.440 | dist = 22.80 (meters)
bg = -0.0006,0.0222,0.0813 | ba = -0.0015,0.1185,0.0365
camera-imu timeoffset = -0.00014
cam0 intrinsics = 460.166,460.045,362.626,245.407 | -0.281,0.072,0.001,-0.000
cam1 intrinsics = 457.700,457.606,376.125,252.849 | -0.277,0.068,0.001,-0.000
cam0 extrinsics = -0.002,0.008,0.702,0.713 | 0.060,-0.011,-0.002
cam1 extrinsics = 0.001,0.012,0.702,0.712 | -0.050,-0.012,-0.002
q_GtoI = 0.024,-0.763,0.004,0.646 | p_IinG = -1.995,1.051,0.441 | dist = 22.86 (meters)
bg = -0.0006,0.0224,0.0814 | ba = -0.0015,0.1191,0.0324
camera-imu timeoffset = -0.00013
cam0 intrinsics = 460.157,460.041,362.668,245.406 | -0.281,0.072,0.001,-0.000
cam1 intrinsics = 457.695,457.612,376.170,252.852 | -0.277,0.068,0.001,-0.000
cam0 extrinsics = -0.002,0.008,0.702,0.713 | 0.061,-0.011,-0.002
cam1 extrinsics = 0.001,0.012,0.702,0.712 | -0.050,-0.012,-0.002
q_GtoI = 0.035,-0.771,0.014,0.636 | p_IinG = -2.025,0.997,0.440 | dist = 22.92 (meters)
bg = -0.0005,0.0225,0.0815 | ba = -0.0012,0.1200,0.0298
camera-imu timeoffset = -0.00013
cam0 intrinsics = 460.159,460.049,362.653,245.414 | -0.281,0.072,0.001,-0.000
cam1 intrinsics = 457.693,457.613,376.157,252.858 | -0.277,0.068,0.001,-0.000
cam0 extrinsics = -0.002,0.008,0.702,0.713 | 0.061,-0.011,-0.002
cam1 extrinsics = 0.001,0.012,0.702,0.712 | -0.050,-0.012,-0.002
q_GtoI = 0.046,-0.778,0.024,0.626 | p_IinG = -2.047,0.945,0.442 | dist = 22.98 (meters)
bg = -0.0005,0.0225,0.0815 | ba = -0.0002,0.1198,0.0328
camera-imu timeoffset = -0.00013
cam0 intrinsics = 460.162,460.051,362.671,245.415 | -0.281,0.072,0.001,-0.000
cam1 intrinsics = 457.697,457.618,376.173,252.861 | -0.277,0.068,0.001,-0.000
cam0 extrinsics = -0.002,0.008,0.702,0.713 | 0.061,-0.011,-0.002
cam1 extrinsics = 0.001,0.012,0.702,0.712 | -0.050,-0.012,-0.002
q_GtoI = 0.058,-0.788,0.033,0.612 | p_IinG = -2.069,0.890,0.442 | dist = 23.04 (meters)
bg = -0.0004,0.0228,0.0815 | ba = 0.0016,0.1217,0.0307
camera-imu timeoffset = -0.00013
cam0 intrinsics = 460.158,460.052,362.692,245.427 | -0.281,0.072,0.001,0.000
cam1 intrinsics = 457.699,457.627,376.185,252.867 | -0.277,0.068,0.001,-0.000
cam0 extrinsics = -0.002,0.008,0.702,0.713 | 0.061,-0.011,-0.002
cam1 extrinsics = 0.001,0.012,0.702,0.712 | -0.050,-0.012,-0.002
q_GtoI = 0.065,-0.795,0.048,0.601 | p_IinG = -2.097,0.839,0.444 | dist = 23.09 (meters)
bg = 0.0005,0.0233,0.0812 | ba = 0.0047,0.1129,0.0289
camera-imu timeoffset = -0.00013
cam0 intrinsics = 460.160,460.043,362.786,245.433 | -0.281,0.072,0.001,0.000
cam1 intrinsics = 457.706,457.627,376.227,252.855 | -0.277,0.068,0.001,-0.000
cam0 extrinsics = -0.002,0.008,0.702,0.712 | 0.061,-0.011,-0.002
cam1 extrinsics = 0.001,0.012,0.702,0.712 | -0.050,-0.012,-0.003
q_GtoI = 0.070,-0.801,0.065,0.591 | p_IinG = -2.123,0.786,0.443 | dist = 23.15 (meters)
bg = 0.0010,0.0231,0.0810 | ba = 0.0067,0.1059,0.0256
camera-imu timeoffset = -0.00013
cam0 intrinsics = 460.163,460.030,362.815,245.404 | -0.281,0.072,0.001,0.000
cam1 intrinsics = 457.711,457.615,376.239,252.819 | -0.277,0.068,0.001,-0.000
cam0 extrinsics = -0.002,0.008,0.702,0.712 | 0.061,-0.010,-0.002
cam1 extrinsics = 0.001,0.012,0.702,0.712 | -0.050,-0.011,-0.003
q_GtoI = 0.072,-0.806,0.089,0.581 | p_IinG = -2.143,0.735,0.440 | dist = 23.20 (meters)
bg = 0.0011,0.0231,0.0810 | ba = 0.0072,0.1028,0.0264
camera-imu timeoffset = -0.00013
cam0 intrinsics = 460.165,460.024,362.814,245.397 | -0.281,0.072,0.001,0.000
cam1 intrinsics = 457.712,457.608,376.234,252.813 | -0.277,0.068,0.001,-0.000
cam0 extrinsics = -0.002,0.008,0.702,0.712 | 0.061,-0.010,-0.002
cam1 extrinsics = 0.001,0.012,0.702,0.712 | -0.050,-0.011,-0.003
q_GtoI = 0.075,-0.808,0.112,0.573 | p_IinG = -2.160,0.686,0.436 | dist = 23.26 (meters)
bg = 0.0011,0.0231,0.0810 | ba = 0.0084,0.1012,0.0282
camera-imu timeoffset = -0.00013
cam0 intrinsics = 460.170,460.022,362.813,245.397 | -0.281,0.072,0.001,0.000
cam1 intrinsics = 457.717,457.606,376.233,252.813 | -0.277,0.068,0.001,-0.000
cam0 extrinsics = -0.002,0.008,0.702,0.712 | 0.061,-0.010,-0.002
cam1 extrinsics = 0.001,0.012,0.702,0.712 | -0.050,-0.011,-0.003
q_GtoI = 0.076,-0.807,0.138,0.569 | p_IinG = -2.173,0.644,0.426 | dist = 23.31 (meters)
bg = 0.0010,0.0230,0.0819 | ba = 0.0140,0.0999,0.0311
camera-imu timeoffset = -0.00014
cam0 intrinsics = 460.170,460.005,362.848,245.420 | -0.281,0.072,0.001,0.000
cam1 intrinsics = 457.724,457.586,376.243,252.823 | -0.277,0.068,0.001,-0.000
cam0 extrinsics = -0.002,0.009,0.702,0.712 | 0.061,-0.010,-0.002
cam1 extrinsics = 0.001,0.012,0.702,0.712 | -0.050,-0.011,-0.003
q_GtoI = 0.077,-0.803,0.167,0.567 | p_IinG = -2.189,0.602,0.420 | dist = 23.36 (meters)
bg = 0.0007,0.0232,0.0818 | ba = 0.0136,0.1027,0.0319
camera-imu timeoffset = -0.00014
cam0 intrinsics = 460.165,459.999,362.868,245.406 | -0.281,0.072,0.001,0.000
cam1 intrinsics = 457.717,457.576,376.269,252.816 | -0.277,0.068,0.001,-0.000
cam0 extrinsics = -0.002,0.009,0.702,0.712 | 0.061,-0.010,-0.002
cam1 extrinsics = 0.001,0.012,0.702,0.712 | -0.050,-0.011,-0.003
q_GtoI = 0.080,-0.797,0.195,0.565 | p_IinG = -2.206,0.566,0.409 | dist = 23.41 (meters)
bg = 0.0004,0.0233,0.0821 | ba = 0.0157,0.1015,0.0366
camera-imu timeoffset = -0.00014
cam0 intrinsics = 460.157,459.991,362.861,245.425 | -0.281,0.072,0.001,0.000
cam1 intrinsics = 457.707,457.565,376.268,252.827 | -0.277,0.068,0.001,-0.000
cam0 extrinsics = -0.002,0.009,0.702,0.712 | 0.061,-0.010,-0.002
cam1 extrinsics = 0.001,0.012,0.702,0.712 | -0.050,-0.011,-0.003
q_GtoI = 0.091,-0.795,0.215,0.560 | p_IinG = -2.221,0.535,0.394 | dist = 23.45 (meters)
bg = 0.0003,0.0232,0.0822 | ba = 0.0182,0.1014,0.0420
camera-imu timeoffset = -0.00014
cam0 intrinsics = 460.147,459.987,362.881,245.435 | -0.281,0.072,0.001,0.000
cam1 intrinsics = 457.688,457.554,376.283,252.842 | -0.277,0.068,0.001,-0.000
cam0 extrinsics = -0.002,0.009,0.702,0.712 | 0.061,-0.010,-0.002
cam1 extrinsics = 0.001,0.012,0.702,0.712 | -0.050,-0.011,-0.003
q_GtoI = 0.110,-0.793,0.226,0.555 | p_IinG = -2.238,0.505,0.378 | dist = 23.49 (meters)
bg = 0.0007,0.0231,0.0825 | ba = 0.0188,0.1055,0.0447
camera-imu timeoffset = -0.00014
cam0 intrinsics = 460.081,459.930,362.927,245.502 | -0.281,0.072,0.001,0.000
cam1 intrinsics = 457.624,457.492,376.293,252.893 | -0.277,0.068,0.001,-0.000
cam0 extrinsics = -0.002,0.009,0.702,0.712 | 0.062,-0.010,-0.002
cam1 extrinsics = 0.001,0.012,0.702,0.712 | -0.049,-0.011,-0.003
q_GtoI = 0.156,-0.792,0.238,0.540 | p_IinG = -2.282,0.464,0.337 | dist = 23.56 (meters)
bg = 0.0011,0.0230,0.0823 | ba = 0.0199,0.1029,0.0481
camera-imu timeoffset = -0.00014
cam0 intrinsics = 460.077,459.915,362.955,245.519 | -0.281,0.072,0.001,0.000
cam1 intrinsics = 457.624,457.487,376.313,252.928 | -0.277,0.068,0.001,-0.000
cam0 extrinsics = -0.002,0.009,0.702,0.712 | 0.062,-0.011,-0.002
cam1 extrinsics = 0.001,0.012,0.702,0.712 | -0.049,-0.011,-0.003
q_GtoI = 0.207,-0.791,0.242,0.523 | p_IinG = -2.330,0.440,0.283 | dist = 23.64 (meters)
bg = 0.0012,0.0226,0.0821 | ba = 0.0207,0.1030,0.0514
camera-imu timeoffset = -0.00015
cam0 intrinsics = 460.068,459.908,362.965,245.544 | -0.281,0.072,0.001,0.000
cam1 intrinsics = 457.620,457.485,376.333,252.955 | -0.277,0.068,0.001,-0.000
cam0 extrinsics = -0.002,0.009,0.702,0.712 | 0.062,-0.011,-0.002
cam1 extrinsics = 0.001,0.012,0.702,0.712 | -0.049,-0.012,-0.003
q_GtoI = 0.269,-0.779,0.234,0.516 | p_IinG = -2.384,0.433,0.231 | dist = 23.72 (meters)
bg = 0.0009,0.0226,0.0819 | ba = 0.0203,0.1085,0.0598
camera-imu timeoffset = -0.00015
cam0 intrinsics = 460.079,459.943,362.954,245.613 | -0.281,0.072,0.001,0.000
cam1 intrinsics = 457.634,457.526,376.339,253.017 | -0.277,0.068,0.001,-0.000
cam0 extrinsics = -0.002,0.009,0.702,0.712 | 0.062,-0.011,-0.002
cam1 extrinsics = 0.001,0.012,0.702,0.712 | -0.049,-0.012,-0.003
q_GtoI = 0.324,-0.767,0.234,0.502 | p_IinG = -2.444,0.431,0.178 | dist = 23.81 (meters)
bg = 0.0001,0.0224,0.0815 | ba = 0.0190,0.1093,0.0627
camera-imu timeoffset = -0.00015
cam0 intrinsics = 460.097,459.920,362.942,245.613 | -0.281,0.072,0.001,0.000
cam1 intrinsics = 457.664,457.515,376.339,253.020 | -0.277,0.068,0.001,-0.000
cam0 extrinsics = -0.002,0.009,0.702,0.712 | 0.062,-0.011,-0.002
cam1 extrinsics = 0.001,0.012,0.702,0.712 | -0.049,-0.012,-0.003
q_GtoI = 0.374,-0.754,0.233,0.488 | p_IinG = -2.519,0.416,0.129 | dist = 23.89 (meters)
bg = 0.0009,0.0231,0.0810 | ba = 0.0171,0.1068,0.0609
camera-imu timeoffset = -0.00015
cam0 intrinsics = 460.059,459.920,362.939,245.601 | -0.280,0.072,0.001,0.000
cam1 intrinsics = 457.631,457.519,376.339,253.006 | -0.277,0.068,0.001,-0.000
cam0 extrinsics = -0.002,0.009,0.702,0.712 | 0.062,-0.011,-0.002
cam1 extrinsics = 0.001,0.012,0.702,0.712 | -0.049,-0.012,-0.003
q_GtoI = 0.410,-0.741,0.240,0.475 | p_IinG = -2.593,0.395,0.084 | dist = 23.98 (meters)
bg = 0.0014,0.0234,0.0806 | ba = 0.0150,0.1078,0.0625
camera-imu timeoffset = -0.00015
cam0 intrinsics = 460.048,459.926,362.941,245.608 | -0.280,0.072,0.001,0.000
cam1 intrinsics = 457.621,457.525,376.350,253.014 | -0.277,0.068,0.001,-0.000
cam0 extrinsics = -0.002,0.009,0.702,0.712 | 0.062,-0.011,-0.002
cam1 extrinsics = 0.001,0.012,0.702,0.712 | -0.049,-0.012,-0.003
q_GtoI = 0.431,-0.731,0.249,0.467 | p_IinG = -2.664,0.363,0.038 | dist = 24.07 (meters)
bg = 0.0022,0.0233,0.0808 | ba = 0.0145,0.1105,0.0667
camera-imu timeoffset = -0.00015
cam0 intrinsics = 460.026,459.892,362.946,245.566 | -0.280,0.072,0.001,0.000
cam1 intrinsics = 457.598,457.489,376.371,252.977 | -0.277,0.068,0.001,-0.000
cam0 extrinsics = -0.002,0.009,0.702,0.712 | 0.062,-0.011,-0.002
cam1 extrinsics = 0.001,0.012,0.702,0.712 | -0.049,-0.012,-0.003
q_GtoI = 0.447,-0.716,0.252,0.473 | p_IinG = -2.743,0.322,-0.002 | dist = 24.17 (meters)
bg = 0.0022,0.0235,0.0808 | ba = 0.0156,0.1103,0.0702
camera-imu timeoffset = -0.00015
cam0 intrinsics = 460.022,459.887,362.945,245.562 | -0.280,0.072,0.001,0.000
cam1 intrinsics = 457.597,457.486,376.392,252.975 | -0.277,0.068,0.001,-0.000
cam0 extrinsics = -0.002,0.009,0.702,0.712 | 0.061,-0.011,-0.002
cam1 extrinsics = 0.001,0.012,0.702,0.712 | -0.050,-0.012,-0.003
q_GtoI = 0.458,-0.701,0.251,0.485 | p_IinG = -2.822,0.268,-0.039 | dist = 24.27 (meters)
bg = 0.0021,0.0235,0.0807 | ba = 0.0182,0.1109,0.0752
camera-imu timeoffset = -0.00015
cam0 intrinsics = 460.010,459.865,362.944,245.550 | -0.280,0.072,0.001,0.000
cam1 intrinsics = 457.588,457.467,376.400,252.970 | -0.277,0.068,0.001,-0.000
cam0 extrinsics = -0.002,0.009,0.702,0.712 | 0.061,-0.011,-0.002
cam1 extrinsics = 0.001,0.012,0.702,0.712 | -0.050,-0.011,-0.003
q_GtoI = 0.462,-0.693,0.248,0.495 | p_IinG = -2.897,0.197,-0.065 | dist = 24.38 (meters)
bg = 0.0021,0.0236,0.0805 | ba = 0.0172,0.1104,0.0779
camera-imu timeoffset = -0.00015
cam0 intrinsics = 460.007,459.857,362.943,245.549 | -0.280,0.072,0.001,0.000
cam1 intrinsics = 457.585,457.458,376.398,252.973 | -0.277,0.068,0.001,-0.000
cam0 extrinsics = -0.002,0.009,0.702,0.712 | 0.061,-0.011,-0.003
cam1 extrinsics = 0.001,0.012,0.702,0.712 | -0.050,-0.011,-0.003
q_GtoI = 0.472,-0.679,0.237,0.510 | p_IinG = -2.959,0.116,-0.077 | dist = 24.49 (meters)
bg = 0.0020,0.0235,0.0805 | ba = 0.0156,0.1114,0.0817
camera-imu timeoffset = -0.00015
cam0 intrinsics = 459.998,459.850,362.943,245.549 | -0.280,0.072,0.001,0.000
cam1 intrinsics = 457.575,457.450,376.391,252.975 | -0.277,0.068,0.001,-0.000
cam0 extrinsics = -0.002,0.009,0.702,0.712 | 0.061,-0.011,-0.003
cam1 extrinsics = 0.001,0.012,0.702,0.712 | -0.050,-0.011,-0.003
q_GtoI = 0.485,-0.666,0.231,0.518 | p_IinG = -2.979,0.032,-0.076 | dist = 24.59 (meters)
bg = 0.0009,0.0205,0.0798 | ba = 0.0064,0.1166,0.0854
camera-imu timeoffset = -0.00015
cam0 intrinsics = 460.015,459.861,362.930,245.604 | -0.280,0.072,0.001,0.000
cam1 intrinsics = 457.602,457.469,376.342,253.027 | -0.277,0.068,0.001,-0.000
cam0 extrinsics = -0.002,0.009,0.702,0.712 | 0.061,-0.011,-0.002
cam1 extrinsics = 0.001,0.012,0.702,0.712 | -0.050,-0.012,-0.003
q_GtoI = 0.494,-0.659,0.238,0.514 | p_IinG = -2.972,-0.051,-0.076 | dist = 24.70 (meters)
bg = 0.0004,0.0198,0.0808 | ba = 0.0057,0.1283,0.1023
camera-imu timeoffset = -0.00015
cam0 intrinsics = 459.882,459.877,362.979,245.566 | -0.280,0.072,0.001,0.000
cam1 intrinsics = 457.466,457.474,376.391,252.992 | -0.277,0.068,0.001,-0.000
cam0 extrinsics = -0.002,0.009,0.702,0.712 | 0.061,-0.011,-0.002
cam1 extrinsics = 0.001,0.012,0.702,0.712 | -0.050,-0.011,-0.003
q_GtoI = 0.491,-0.664,0.270,0.495 | p_IinG = -2.971,-0.159,-0.092 | dist = 24.81 (meters)
bg = 0.0002,0.0198,0.0808 | ba = 0.0054,0.1302,0.1038
camera-imu timeoffset = -0.00015
cam0 intrinsics = 459.867,459.873,362.974,245.579 | -0.280,0.072,0.001,0.000
cam1 intrinsics = 457.447,457.468,376.415,253.008 | -0.277,0.068,0.001,-0.000
cam0 extrinsics = -0.002,0.009,0.702,0.712 | 0.061,-0.011,-0.002
cam1 extrinsics = 0.001,0.012,0.702,0.712 | -0.050,-0.012,-0.003
q_GtoI = 0.489,-0.667,0.304,0.473 | p_IinG = -2.967,-0.279,-0.106 | dist = 24.93 (meters)
bg = 0.0004,0.0201,0.0810 | ba = 0.0051,0.1300,0.1086
camera-imu timeoffset = -0.00016
cam0 intrinsics = 459.879,459.865,362.968,245.594 | -0.280,0.072,0.001,0.000
cam1 intrinsics = 457.453,457.455,376.412,253.019 | -0.277,0.068,0.001,-0.000
cam0 extrinsics = -0.002,0.009,0.702,0.712 | 0.061,-0.011,-0.002
cam1 extrinsics = 0.001,0.012,0.702,0.712 | -0.050,-0.012,-0.003
q_GtoI = 0.485,-0.675,0.341,0.439 | p_IinG = -2.953,-0.397,-0.115 | dist = 25.06 (meters)
bg = -0.0005,0.0206,0.0807 | ba = 0.0010,0.1323,0.1108
camera-imu timeoffset = -0.00015
cam0 intrinsics = 459.879,459.865,362.937,245.612 | -0.280,0.072,0.001,0.000
cam1 intrinsics = 457.442,457.449,376.438,253.049 | -0.277,0.068,0.001,-0.000
cam0 extrinsics = -0.002,0.009,0.702,0.712 | 0.061,-0.011,-0.002
cam1 extrinsics = 0.000,0.012,0.702,0.712 | -0.050,-0.012,-0.003
q_GtoI = 0.484,-0.676,0.371,0.414 | p_IinG = -2.944,-0.517,-0.122 | dist = 25.19 (meters)
bg = -0.0002,0.0207,0.0810 | ba = -0.0028,0.1314,0.1175
camera-imu timeoffset = -0.00016
cam0 intrinsics = 459.912,459.877,362.931,245.581 | -0.280,0.072,0.001,0.000
cam1 intrinsics = 457.470,457.457,376.436,253.006 | -0.277,0.068,0.001,-0.000
cam0 extrinsics = -0.002,0.009,0.702,0.712 | 0.062,-0.010,-0.002
cam1 extrinsics = 0.001,0.012,0.702,0.712 | -0.049,-0.011,-0.003
q_GtoI = 0.494,-0.665,0.389,0.402 | p_IinG = -2.947,-0.643,-0.125 | dist = 25.31 (meters)
bg = -0.0003,0.0213,0.0810 | ba = -0.0031,0.1323,0.1184
camera-imu timeoffset = -0.00015
cam0 intrinsics = 459.914,459.876,362.918,245.578 | -0.280,0.072,0.001,0.000
cam1 intrinsics = 457.471,457.458,376.421,252.998 | -0.277,0.068,0.001,-0.000
cam0 extrinsics = -0.002,0.009,0.702,0.712 | 0.062,-0.010,-0.002
cam1 extrinsics = 0.000,0.012,0.702,0.712 | -0.049,-0.011,-0.002
q_GtoI = 0.516,-0.646,0.394,0.401 | p_IinG = -2.959,-0.775,-0.129 | dist = 25.44 (meters)
bg = 0.0002,0.0218,0.0814 | ba = -0.0007,0.1331,0.1155
camera-imu timeoffset = -0.00015
cam0 intrinsics = 459.923,459.870,362.903,245.598 | -0.280,0.072,0.001,0.000
cam1 intrinsics = 457.481,457.454,376.408,253.015 | -0.277,0.068,0.001,-0.000
cam0 extrinsics = -0.002,0.009,0.702,0.712 | 0.062,-0.010,-0.002
cam1 extrinsics = 0.001,0.012,0.702,0.712 | -0.049,-0.011,-0.003
q_GtoI = 0.543,-0.621,0.393,0.407 | p_IinG = -2.981,-0.903,-0.133 | dist = 25.57 (meters)
bg = 0.0002,0.0219,0.0815 | ba = 0.0030,0.1337,0.1138
camera-imu timeoffset = -0.00015
cam0 intrinsics = 459.920,459.868,362.891,245.624 | -0.280,0.072,0.001,0.000
cam1 intrinsics = 457.477,457.451,376.400,253.040 | -0.277,0.068,0.001,-0.000
cam0 extrinsics = -0.002,0.009,0.702,0.712 | 0.062,-0.010,-0.002
cam1 extrinsics = 0.001,0.012,0.702,0.712 | -0.049,-0.011,-0.003
q_GtoI = 0.565,-0.591,0.393,0.420 | p_IinG = -3.010,-1.027,-0.130 | dist = 25.70 (meters)
bg = 0.0001,0.0216,0.0815 | ba = 0.0041,0.1326,0.1167
camera-imu timeoffset = -0.00016
cam0 intrinsics = 459.929,459.884,362.900,245.614 | -0.280,0.072,0.001,0.000
cam1 intrinsics = 457.485,457.462,376.415,253.023 | -0.277,0.068,0.001,-0.000
cam0 extrinsics = -0.002,0.009,0.702,0.712 | 0.062,-0.011,-0.002
cam1 extrinsics = 0.001,0.012,0.702,0.712 | -0.049,-0.011,-0.003
q_GtoI = 0.577,-0.561,0.401,0.437 | p_IinG = -3.034,-1.151,-0.118 | dist = 25.83 (meters)
bg = 0.0003,0.0216,0.0818 | ba = 0.0042,0.1326,0.1166
camera-imu timeoffset = -0.00016
cam0 intrinsics = 459.928,459.880,362.895,245.613 | -0.280,0.072,0.001,0.000
cam1 intrinsics = 457.485,457.458,376.416,253.023 | -0.277,0.068,0.001,-0.000
cam0 extrinsics = -0.002,0.009,0.702,0.712 | 0.062,-0.011,-0.002
cam1 extrinsics = 0.001,0.012,0.702,0.712 | -0.049,-0.011,-0.003
q_GtoI = 0.581,-0.541,0.423,0.437 | p_IinG = -3.052,-1.268,-0.094 | dist = 25.95 (meters)
bg = 0.0002,0.0217,0.0818 | ba = 0.0075,0.1309,0.1155
camera-imu timeoffset = -0.00016
cam0 intrinsics = 459.927,459.873,362.897,245.608 | -0.280,0.072,0.001,0.000
cam1 intrinsics = 457.482,457.449,376.415,253.017 | -0.277,0.068,0.001,-0.000
cam0 extrinsics = -0.002,0.009,0.702,0.712 | 0.062,-0.011,-0.002
cam1 extrinsics = 0.001,0.012,0.702,0.712 | -0.049,-0.011,-0.003
q_GtoI = 0.585,-0.524,0.447,0.429 | p_IinG = -3.064,-1.374,-0.052 | dist = 26.06 (meters)
bg = 0.0001,0.0219,0.0818 | ba = 0.0091,0.1287,0.1153
camera-imu timeoffset = -0.00016
cam0 intrinsics = 459.926,459.870,362.894,245.603 | -0.280,0.072,0.001,0.000
cam1 intrinsics = 457.477,457.442,376.409,253.011 | -0.277,0.068,0.001,-0.000
cam0 extrinsics = -0.002,0.009,0.702,0.712 | 0.062,-0.010,-0.002
cam1 extrinsics = 0.001,0.012,0.702,0.712 | -0.049,-0.011,-0.003
q_GtoI = 0.592,-0.504,0.470,0.419 | p_IinG = -3.073,-1.463,0.006 | dist = 26.17 (meters)
bg = -0.0001,0.0220,0.0816 | ba = 0.0099,0.1273,0.1154
camera-imu timeoffset = -0.00016
cam0 intrinsics = 459.928,459.871,362.900,245.600 | -0.280,0.072,0.001,0.000
cam1 intrinsics = 457.480,457.446,376.400,253.002 | -0.277,0.068,0.001,-0.000
cam0 extrinsics = -0.002,0.009,0.702,0.712 | 0.062,-0.010,-0.002
cam1 extrinsics = 0.001,0.012,0.702,0.712 | -0.049,-0.011,-0.003
q_GtoI = 0.605,-0.475,0.486,0.415 | p_IinG = -3.090,-1.541,0.069 | dist = 26.27 (meters)
bg = -0.0003,0.0227,0.0812 | ba = 0.0137,0.1228,0.1143
camera-imu timeoffset = -0.00016
cam0 intrinsics = 459.924,459.874,362.899,245.592 | -0.280,0.072,0.001,0.000
cam1 intrinsics = 457.478,457.449,376.406,252.994 | -0.277,0.068,0.001,-0.000
cam0 extrinsics = -0.002,0.009,0.702,0.712 | 0.062,-0.010,-0.002
cam1 extrinsics = 0.001,0.012,0.702,0.712 | -0.049,-0.011,-0.002
q_GtoI = 0.624,-0.441,0.492,0.418 | p_IinG = -3.097,-1.594,0.139 | dist = 26.36 (meters)
bg = -0.0004,0.0228,0.0811 | ba = 0.0142,0.1218,0.1154
camera-imu timeoffset = -0.00016
cam0 intrinsics = 459.924,459.873,362.894,245.588 | -0.280,0.072,0.001,0.000
cam1 intrinsics = 457.478,457.448,376.401,252.990 | -0.277,0.068,0.001,-0.000
cam0 extrinsics = -0.002,0.009,0.702,0.712 | 0.062,-0.010,-0.002
cam1 extrinsics = 0.001,0.012,0.702,0.712 | -0.049,-0.011,-0.002
q_GtoI = 0.654,-0.417,0.481,0.408 | p_IinG = -3.091,-1.637,0.201 | dist = 26.43 (meters)
bg = -0.0003,0.0229,0.0813 | ba = 0.0166,0.1216,0.1117
camera-imu timeoffset = -0.00015
cam0 intrinsics = 459.926,459.863,362.888,245.598 | -0.280,0.072,0.001,0.000
cam1 intrinsics = 457.480,457.438,376.396,253.002 | -0.277,0.068,0.001,-0.000
cam0 extrinsics = -0.002,0.009,0.702,0.712 | 0.063,-0.011,-0.002
cam1 extrinsics = 0.001,0.012,0.702,0.712 | -0.049,-0.011,-0.003
q_GtoI = 0.683,-0.411,0.474,0.374 | p_IinG = -3.082,-1.657,0.260 | dist = 26.49 (meters)
bg = -0.0003,0.0231,0.0813 | ba = 0.0145,0.1201,0.1119
camera-imu timeoffset = -0.00016
cam0 intrinsics = 459.931,459.865,362.881,245.603 | -0.280,0.072,0.001,0.000
cam1 intrinsics = 457.485,457.441,376.390,253.008 | -0.277,0.068,0.001,-0.000
cam0 extrinsics = -0.002,0.009,0.702,0.712 | 0.063,-0.011,-0.002
cam1 extrinsics = 0.001,0.012,0.702,0.712 | -0.049,-0.011,-0.002
q_GtoI = 0.704,-0.412,0.476,0.328 | p_IinG = -3.067,-1.668,0.313 | dist = 26.54 (meters)
bg = -0.0004,0.0234,0.0812 | ba = 0.0104,0.1182,0.1124
camera-imu timeoffset = -0.00016
cam0 intrinsics = 459.932,459.866,362.876,245.611 | -0.280,0.072,0.001,0.000
cam1 intrinsics = 457.486,457.442,376.387,253.017 | -0.277,0.068,0.001,-0.000
cam0 extrinsics = -0.002,0.009,0.702,0.712 | 0.063,-0.011,-0.002
cam1 extrinsics = 0.000,0.012,0.702,0.712 | -0.049,-0.011,-0.002
q_GtoI = 0.722,-0.412,0.479,0.282 | p_IinG = -3.040,-1.678,0.354 | dist = 26.59 (meters)
bg = -0.0003,0.0236,0.0813 | ba = 0.0084,0.1167,0.1112
camera-imu timeoffset = -0.00015
cam0 intrinsics = 459.932,459.864,362.871,245.618 | -0.280,0.072,0.001,0.000
cam1 intrinsics = 457.488,457.442,376.385,253.023 | -0.277,0.068,0.001,-0.000
cam0 extrinsics = -0.002,0.009,0.702,0.712 | 0.063,-0.011,-0.002
cam1 extrinsics = 0.000,0.012,0.702,0.712 | -0.048,-0.011,-0.002
q_GtoI = 0.740,-0.399,0.482,0.247 | p_IinG = -3.010,-1.696,0.390 | dist = 26.64 (meters)
bg = -0.0005,0.0239,0.0813 | ba = 0.0043,0.1153,0.1093
camera-imu timeoffset = -0.00015
cam0 intrinsics = 459.944,459.869,362.871,245.635 | -0.280,0.072,0.001,0.000
cam1 intrinsics = 457.499,457.448,376.384,253.040 | -0.277,0.068,0.001,-0.000
cam0 extrinsics = -0.002,0.009,0.702,0.712 | 0.063,-0.011,-0.002
cam1 extrinsics = 0.000,0.012,0.702,0.712 | -0.048,-0.012,-0.002
q_GtoI = 0.759,-0.374,0.486,0.217 | p_IinG = -2.977,-1.717,0.413 | dist = 26.68 (meters)
bg = -0.0005,0.0240,0.0811 | ba = 0.0042,0.1141,0.1090
camera-imu timeoffset = -0.00015
cam0 intrinsics = 459.944,459.868,362.872,245.633 | -0.280,0.072,0.001,0.000
cam1 intrinsics = 457.502,457.450,376.387,253.038 | -0.277,0.068,0.001,-0.000
cam0 extrinsics = -0.002,0.009,0.702,0.712 | 0.063,-0.011,-0.002
cam1 extrinsics = 0.000,0.012,0.702,0.712 | -0.048,-0.012,-0.002
q_GtoI = 0.777,-0.344,0.491,0.190 | p_IinG = -2.944,-1.749,0.427 | dist = 26.73 (meters)
bg = -0.0006,0.0242,0.0807 | ba = 0.0042,0.1123,0.1104
camera-imu timeoffset = -0.00015
cam0 intrinsics = 459.946,459.868,362.872,245.633 | -0.280,0.072,0.001,0.000
cam1 intrinsics = 457.506,457.452,376.388,253.037 | -0.277,0.068,0.001,-0.000
cam0 extrinsics = -0.002,0.009,0.702,0.712 | 0.063,-0.011,-0.002
cam1 extrinsics = 0.000,0.012,0.702,0.712 | -0.048,-0.012,-0.002
q_GtoI = 0.795,-0.309,0.494,0.169 | p_IinG = -2.904,-1.789,0.426 | dist = 26.78 (meters)
bg = -0.0007,0.0244,0.0803 | ba = 0.0053,0.1110,0.1100
camera-imu timeoffset = -0.00015
cam0 intrinsics = 459.950,459.873,362.874,245.632 | -0.280,0.072,0.001,0.000
cam1 intrinsics = 457.510,457.458,376.391,253.037 | -0.277,0.068,0.001,-0.000
cam0 extrinsics = -0.002,0.009,0.702,0.712 | 0.063,-0.011,-0.002
cam1 extrinsics = 0.000,0.012,0.702,0.712 | -0.048,-0.012,-0.002
q_GtoI = 0.806,-0.267,0.502,0.162 | p_IinG = -2.856,-1.834,0.418 | dist = 26.85 (meters)
bg = -0.0007,0.0244,0.0802 | ba = 0.0062,0.1103,0.1097
camera-imu timeoffset = -0.00015
cam0 intrinsics = 459.950,459.874,362.874,245.632 | -0.280,0.072,0.001,0.000
cam1 intrinsics = 457.511,457.458,376.392,253.037 | -0.277,0.068,0.001,-0.000
cam0 extrinsics = -0.002,0.009,0.702,0.712 | 0.063,-0.011,-0.002
cam1 extrinsics = 0.000,0.012,0.702,0.712 | -0.048,-0.012,-0.002
q_GtoI = 0.812,-0.231,0.512,0.160 | p_IinG = -2.791,-1.949,0.382 | dist = 26.93 (meters)
bg = 0.0005,0.0260,0.0793 | ba = 0.0194,0.1038,0.0990
camera-imu timeoffset = -0.00015
cam0 intrinsics = 459.972,459.912,362.884,245.633 | -0.280,0.072,0.001,0.000
cam1 intrinsics = 457.528,457.492,376.400,253.041 | -0.277,0.068,0.001,-0.000
cam0 extrinsics = -0.002,0.009,0.702,0.712 | 0.063,-0.011,-0.002
cam1 extrinsics = 0.001,0.012,0.702,0.712 | -0.048,-0.011,-0.002
q_GtoI = 0.814,-0.193,0.523,0.164 | p_IinG = -2.728,-2.005,0.367 | dist = 27.01 (meters)
bg = 0.0005,0.0261,0.0791 | ba = 0.0232,0.1041,0.0987
camera-imu timeoffset = -0.00015
cam0 intrinsics = 459.971,459.914,362.889,245.636 | -0.280,0.072,0.001,0.000
cam1 intrinsics = 457.527,457.493,376.406,253.045 | -0.277,0.068,0.001,-0.000
cam0 extrinsics = -0.002,0.009,0.702,0.712 | 0.063,-0.011,-0.001
cam1 extrinsics = 0.001,0.012,0.702,0.712 | -0.048,-0.011,-0.002
q_GtoI = 0.816,-0.162,0.527,0.173 | p_IinG = -2.658,-2.054,0.359 | dist = 27.10 (meters)
bg = 0.0005,0.0259,0.0789 | ba = 0.0242,0.1049,0.0992
camera-imu timeoffset = -0.00015
cam0 intrinsics = 459.969,459.910,362.889,245.640 | -0.280,0.072,0.001,0.000
cam1 intrinsics = 457.526,457.490,376.406,253.049 | -0.277,0.068,0.001,-0.000
cam0 extrinsics = -0.002,0.009,0.702,0.712 | 0.063,-0.011,-0.001
cam1 extrinsics = 0.001,0.012,0.702,0.712 | -0.048,-0.011,-0.002
q_GtoI = 0.819,-0.144,0.525,0.181 | p_IinG = -2.570,-2.091,0.350 | dist = 27.20 (meters)
bg = 0.0009,0.0256,0.0796 | ba = 0.0256,0.1059,0.0976
camera-imu timeoffset = -0.00015
cam0 intrinsics = 459.966,459.900,362.884,245.638 | -0.280,0.072,0.001,0.000
cam1 intrinsics = 457.524,457.482,376.402,253.047 | -0.277,0.068,0.001,-0.000
cam0 extrinsics = -0.002,0.009,0.702,0.712 | 0.063,-0.010,-0.001
cam1 extrinsics = 0.001,0.012,0.702,0.712 | -0.048,-0.011,-0.002
q_GtoI = 0.822,-0.145,0.523,0.173 | p_IinG = -2.479,-2.112,0.347 | dist = 27.29 (meters)
bg = 0.0016,0.0255,0.0799 | ba = 0.0241,0.1070,0.0999
camera-imu timeoffset = -0.00014
cam0 intrinsics = 459.959,459.886,362.885,245.618 | -0.280,0.072,0.001,0.000
cam1 intrinsics = 457.520,457.473,376.403,253.027 | -0.277,0.068,0.001,-0.000
cam0 extrinsics = -0.002,0.009,0.702,0.712 | 0.063,-0.010,-0.002
cam1 extrinsics = 0.001,0.012,0.702,0.712 | -0.048,-0.011,-0.002
q_GtoI = 0.823,-0.150,0.521,0.166 | p_IinG = -2.363,-2.132,0.330 | dist = 27.40 (meters)
bg = 0.0015,0.0257,0.0809 | ba = 0.0226,0.1057,0.0982
camera-imu timeoffset = -0.00014
cam0 intrinsics = 459.971,459.887,362.881,245.616 | -0.280,0.072,0.001,0.000
cam1 intrinsics = 457.537,457.476,376.390,253.023 | -0.277,0.068,0.001,-0.000
cam0 extrinsics = -0.002,0.009,0.702,0.712 | 0.063,-0.010,-0.001
cam1 extrinsics = 0.001,0.012,0.702,0.712 | -0.048,-0.011,-0.002
q_GtoI = 0.822,-0.164,0.523,0.153 | p_IinG = -2.250,-2.144,0.306 | dist = 27.51 (meters)
bg = 0.0006,0.0237,0.0805 | ba = 0.0153,0.0987,0.0925
camera-imu timeoffset = -0.00014
cam0 intrinsics = 459.992,459.907,362.852,245.665 | -0.280,0.072,0.001,0.000
cam1 intrinsics = 457.552,457.492,376.368,253.070 | -0.277,0.068,0.001,-0.000
cam0 extrinsics = -0.002,0.009,0.702,0.712 | 0.064,-0.011,-0.001
cam1 extrinsics = 0.001,0.012,0.702,0.712 | -0.048,-0.011,-0.002
q_GtoI = 0.813,-0.184,0.535,0.138 | p_IinG = -2.129,-2.148,0.283 | dist = 27.63 (meters)
bg = 0.0002,0.0232,0.0806 | ba = 0.0107,0.0958,0.0926
camera-imu timeoffset = -0.00014
cam0 intrinsics = 459.993,459.904,362.858,245.668 | -0.280,0.072,0.001,0.000
cam1 intrinsics = 457.555,457.491,376.376,253.077 | -0.277,0.068,0.001,-0.000
cam0 extrinsics = -0.002,0.009,0.702,0.712 | 0.064,-0.011,-0.001
cam1 extrinsics = 0.001,0.012,0.702,0.712 | -0.048,-0.011,-0.002
q_GtoI = 0.803,-0.205,0.546,0.121 | p_IinG = -2.002,-2.149,0.253 | dist = 27.76 (meters)
bg = -0.0004,0.0230,0.0811 | ba = 0.0067,0.0926,0.0902
camera-imu timeoffset = -0.00014
cam0 intrinsics = 459.992,459.890,362.858,245.681 | -0.280,0.072,0.001,0.000
cam1 intrinsics = 457.556,457.478,376.367,253.092 | -0.277,0.068,0.001,-0.000
cam0 extrinsics = -0.002,0.008,0.702,0.712 | 0.064,-0.011,-0.002
cam1 extrinsics = 0.001,0.012,0.702,0.712 | -0.047,-0.012,-0.002
q_GtoI = 0.795,-0.241,0.550,0.089 | p_IinG = -1.852,-2.160,0.201 | dist = 27.90 (meters)
bg = -0.0001,0.0222,0.0814 | ba = 0.0073,0.0915,0.0800
camera-imu timeoffset = -0.00014
cam0 intrinsics = 460.017,459.881,362.867,245.695 | -0.280,0.072,0.001,0.000
cam1 intrinsics = 457.562,457.458,376.388,253.111 | -0.277,0.068,0.001,-0.000
cam0 extrinsics = -0.002,0.008,0.702,0.712 | 0.064,-0.011,-0.002
cam1 extrinsics = 0.001,0.012,0.702,0.712 | -0.047,-0.012,-0.002
q_GtoI = 0.788,-0.273,0.549,0.059 | p_IinG = -1.723,-2.175,0.143 | dist = 28.04 (meters)
bg = -0.0001,0.0218,0.0814 | ba = 0.0086,0.0899,0.0778
camera-imu timeoffset = -0.00014
cam0 intrinsics = 460.015,459.881,362.885,245.693 | -0.280,0.072,0.001,0.000
cam1 intrinsics = 457.560,457.458,376.405,253.108 | -0.277,0.068,0.001,-0.000
cam0 extrinsics = -0.002,0.008,0.702,0.712 | 0.064,-0.011,-0.002
cam1 extrinsics = 0.001,0.012,0.702,0.712 | -0.048,-0.012,-0.002
q_GtoI = 0.791,-0.280,0.541,0.062 | p_IinG = -1.592,-2.218,0.082 | dist = 28.18 (meters)
bg = -0.0009,0.0220,0.0811 | ba = 0.0083,0.0895,0.0745
camera-imu timeoffset = -0.00014
cam0 intrinsics = 459.998,459.874,362.873,245.688 | -0.280,0.072,0.001,0.000
cam1 intrinsics = 457.534,457.442,376.411,253.104 | -0.277,0.068,0.001,-0.000
cam0 extrinsics = -0.002,0.008,0.702,0.712 | 0.064,-0.011,-0.002
cam1 extrinsics = 0.001,0.012,0.702,0.712 | -0.048,-0.012,-0.002
q_GtoI = 0.794,-0.259,0.540,0.105 | p_IinG = -1.471,-2.274,0.020 | dist = 28.33 (meters)
bg = -0.0008,0.0219,0.0814 | ba = 0.0127,0.0902,0.0731
camera-imu timeoffset = -0.00015
cam0 intrinsics = 459.993,459.876,362.859,245.717 | -0.280,0.072,0.001,0.000
cam1 intrinsics = 457.531,457.448,376.420,253.131 | -0.277,0.068,0.001,-0.000
cam0 extrinsics = -0.002,0.008,0.702,0.712 | 0.064,-0.011,-0.002
cam1 extrinsics = 0.001,0.012,0.702,0.712 | -0.047,-0.012,-0.002
q_GtoI = 0.793,-0.232,0.543,0.150 | p_IinG = -1.353,-2.339,-0.037 | dist = 28.47 (meters)
bg = -0.0007,0.0221,0.0817 | ba = 0.0146,0.0922,0.0739
camera-imu timeoffset = -0.00015
cam0 intrinsics = 459.996,459.870,362.842,245.751 | -0.280,0.072,0.001,0.000
cam1 intrinsics = 457.535,457.444,376.406,253.165 | -0.277,0.068,0.001,-0.000
cam0 extrinsics = -0.002,0.008,0.702,0.712 | 0.064,-0.011,-0.002
cam1 extrinsics = 0.001,0.012,0.702,0.712 | -0.047,-0.012,-0.002
q_GtoI = 0.786,-0.209,0.555,0.174 | p_IinG = -1.232,-2.406,-0.091 | dist = 28.62 (meters)
bg = -0.0006,0.0221,0.0818 | ba = 0.0147,0.0919,0.0739
camera-imu timeoffset = -0.00015
cam0 intrinsics = 459.994,459.878,362.839,245.748 | -0.280,0.072,0.001,0.000
cam1 intrinsics = 457.535,457.454,376.403,253.162 | -0.277,0.068,0.001,-0.000
cam0 extrinsics = -0.002,0.008,0.702,0.712 | 0.064,-0.011,-0.002
cam1 extrinsics = 0.001,0.012,0.702,0.712 | -0.047,-0.012,-0.002
q_GtoI = 0.771,-0.195,0.584,0.164 | p_IinG = -1.109,-2.465,-0.140 | dist = 28.77 (meters)
bg = -0.0006,0.0220,0.0820 | ba = 0.0159,0.0909,0.0741
camera-imu timeoffset = -0.00015
cam0 intrinsics = 459.992,459.877,362.831,245.754 | -0.280,0.072,0.001,0.000
cam1 intrinsics = 457.529,457.450,376.398,253.173 | -0.277,0.068,0.001,-0.000
cam0 extrinsics = -0.002,0.008,0.702,0.712 | 0.064,-0.011,-0.002
cam1 extrinsics = 0.001,0.012,0.702,0.712 | -0.047,-0.012,-0.002
q_GtoI = 0.762,-0.182,0.607,0.137 | p_IinG = -0.988,-2.516,-0.178 | dist = 28.90 (meters)
bg = -0.0004,0.0220,0.0824 | ba = 0.0174,0.0907,0.0743
camera-imu timeoffset = -0.00015
cam0 intrinsics = 459.991,459.879,362.836,245.747 | -0.280,0.072,0.001,0.000
cam1 intrinsics = 457.522,457.445,376.397,253.163 | -0.277,0.068,0.001,-0.000
cam0 extrinsics = -0.002,0.008,0.702,0.712 | 0.064,-0.011,-0.002
cam1 extrinsics = 0.001,0.012,0.702,0.712 | -0.047,-0.012,-0.002
q_GtoI = 0.765,-0.158,0.614,0.114 | p_IinG = -0.886,-2.560,-0.198 | dist = 29.01 (meters)
bg = -0.0003,0.0221,0.0823 | ba = 0.0193,0.0915,0.0761
camera-imu timeoffset = -0.00015
cam0 intrinsics = 459.988,459.874,362.838,245.737 | -0.280,0.072,0.001,0.000
cam1 intrinsics = 457.519,457.440,376.398,253.152 | -0.277,0.068,0.001,-0.000
cam0 extrinsics = -0.002,0.008,0.702,0.712 | 0.064,-0.011,-0.002
cam1 extrinsics = 0.001,0.012,0.702,0.712 | -0.047,-0.012,-0.002
q_GtoI = 0.784,-0.128,0.600,0.098 | p_IinG = -0.812,-2.596,-0.203 | dist = 29.11 (meters)
bg = -0.0001,0.0220,0.0823 | ba = 0.0218,0.0924,0.0812
camera-imu timeoffset = -0.00015
cam0 intrinsics = 459.995,459.880,362.842,245.720 | -0.280,0.072,0.001,0.000
cam1 intrinsics = 457.518,457.439,376.402,253.135 | -0.277,0.068,0.001,-0.000
cam0 extrinsics = -0.002,0.008,0.702,0.712 | 0.064,-0.011,-0.002
cam1 extrinsics = 0.001,0.012,0.702,0.712 | -0.047,-0.012,-0.002
q_GtoI = 0.804,-0.092,0.579,0.097 | p_IinG = -0.736,-2.633,-0.193 | dist = 29.20 (meters)
bg = 0.0001,0.0219,0.0823 | ba = 0.0249,0.0922,0.0828
camera-imu timeoffset = -0.00015
cam0 intrinsics = 459.986,459.870,362.844,245.704 | -0.280,0.072,0.001,0.000
cam1 intrinsics = 457.509,457.429,376.404,253.118 | -0.277,0.068,0.001,-0.000
cam0 extrinsics = -0.002,0.008,0.702,0.712 | 0.065,-0.011,-0.002
cam1 extrinsics = 0.001,0.012,0.702,0.712 | -0.047,-0.012,-0.003
q_GtoI = 0.815,-0.064,0.567,0.099 | p_IinG = -0.657,-2.669,-0.166 | dist = 29.29 (meters)
bg = 0.0000,0.0218,0.0823 | ba = 0.0288,0.0906,0.0825
camera-imu timeoffset = -0.00015
cam0 intrinsics = 459.979,459.867,362.848,245.703 | -0.280,0.072,0.001,0.000
cam1 intrinsics = 457.496,457.421,376.400,253.118 | -0.277,0.068,0.001,-0.000
cam0 extrinsics = -0.002,0.008,0.702,0.712 | 0.065,-0.011,-0.002
cam1 extrinsics = 0.001,0.012,0.702,0.712 | -0.047,-0.012,-0.003
q_GtoI = 0.821,-0.053,0.563,0.084 | p_IinG = -0.580,-2.695,-0.117 | dist = 29.38 (meters)
bg = -0.0006,0.0223,0.0823 | ba = 0.0342,0.0926,0.0848
camera-imu timeoffset = -0.00016
cam0 intrinsics = 459.964,459.846,362.850,245.728 | -0.280,0.072,0.001,0.000
cam1 intrinsics = 457.485,457.407,376.408,253.142 | -0.277,0.068,0.001,-0.000
cam0 extrinsics = -0.002,0.008,0.702,0.712 | 0.065,-0.011,-0.002
cam1 extrinsics = 0.001,0.012,0.702,0.712 | -0.047,-0.012,-0.003
q_GtoI = 0.822,-0.058,0.564,0.060 | p_IinG = -0.503,-2.716,-0.064 | dist = 29.48 (meters)
bg = -0.0009,0.0224,0.0821 | ba = 0.0407,0.0920,0.0863
camera-imu timeoffset = -0.00016
cam0 intrinsics = 459.966,459.834,362.841,245.737 | -0.280,0.072,0.001,0.000
cam1 intrinsics = 457.490,457.387,376.407,253.128 | -0.277,0.068,0.001,-0.000
cam0 extrinsics = -0.002,0.008,0.702,0.712 | 0.065,-0.011,-0.002
cam1 extrinsics = 0.001,0.012,0.702,0.712 | -0.047,-0.012,-0.003
q_GtoI = 0.826,-0.061,0.559,0.042 | p_IinG = -0.415,-2.736,-0.010 | dist = 29.58 (meters)
bg = -0.0016,0.0225,0.0822 | ba = 0.0434,0.0931,0.0856
camera-imu timeoffset = -0.00016
cam0 intrinsics = 459.964,459.822,362.844,245.746 | -0.280,0.072,0.001,0.000
cam1 intrinsics = 457.492,457.379,376.408,253.134 | -0.277,0.068,0.001,-0.000
cam0 extrinsics = -0.002,0.008,0.702,0.712 | 0.064,-0.011,-0.002
cam1 extrinsics = 0.001,0.012,0.702,0.712 | -0.047,-0.012,-0.003
q_GtoI = 0.832,-0.063,0.551,0.033 | p_IinG = -0.331,-2.752,0.043 | dist = 29.68 (meters)
bg = -0.0019,0.0225,0.0821 | ba = 0.0461,0.0942,0.0856
camera-imu timeoffset = -0.00016
cam0 intrinsics = 459.968,459.825,362.844,245.747 | -0.280,0.072,0.001,0.000
cam1 intrinsics = 457.496,457.381,376.410,253.135 | -0.277,0.068,0.001,-0.000
cam0 extrinsics = -0.002,0.008,0.702,0.712 | 0.064,-0.011,-0.002
cam1 extrinsics = 0.001,0.012,0.702,0.712 | -0.047,-0.012,-0.003
q_GtoI = 0.836,-0.063,0.545,0.032 | p_IinG = -0.248,-2.767,0.097 | dist = 29.79 (meters)
bg = -0.0020,0.0225,0.0821 | ba = 0.0486,0.0961,0.0873
camera-imu timeoffset = -0.00016
cam0 intrinsics = 459.963,459.819,362.849,245.739 | -0.280,0.072,0.001,0.000
cam1 intrinsics = 457.490,457.376,376.412,253.126 | -0.277,0.068,0.001,-0.000
cam0 extrinsics = -0.002,0.008,0.702,0.712 | 0.064,-0.011,-0.002
cam1 extrinsics = 0.001,0.012,0.702,0.712 | -0.047,-0.012,-0.003
q_GtoI = 0.840,-0.064,0.538,0.032 | p_IinG = -0.153,-2.784,0.143 | dist = 29.90 (meters)
bg = -0.0018,0.0223,0.0820 | ba = 0.0477,0.0955,0.0850
camera-imu timeoffset = -0.00016
cam0 intrinsics = 459.972,459.822,362.871,245.725 | -0.280,0.072,0.001,0.000
cam1 intrinsics = 457.493,457.373,376.430,253.108 | -0.277,0.068,0.001,-0.000
cam0 extrinsics = -0.002,0.008,0.702,0.712 | 0.064,-0.011,-0.002
cam1 extrinsics = 0.001,0.012,0.702,0.712 | -0.047,-0.012,-0.003
q_GtoI = 0.840,-0.061,0.538,0.037 | p_IinG = -0.051,-2.803,0.179 | dist = 30.01 (meters)
bg = -0.0019,0.0219,0.0822 | ba = 0.0463,0.0933,0.0842
camera-imu timeoffset = -0.00016
cam0 intrinsics = 459.965,459.803,362.880,245.714 | -0.280,0.072,0.001,0.000
cam1 intrinsics = 457.482,457.351,376.432,253.097 | -0.277,0.068,0.001,-0.000
cam0 extrinsics = -0.002,0.008,0.702,0.712 | 0.064,-0.011,-0.002
cam1 extrinsics = 0.001,0.012,0.702,0.712 | -0.047,-0.012,-0.003
q_GtoI = 0.831,-0.049,0.551,0.056 | p_IinG = 0.062,-2.826,0.218 | dist = 30.13 (meters)
bg = -0.0021,0.0216,0.0821 | ba = 0.0460,0.0939,0.0847
camera-imu timeoffset = -0.00015
cam0 intrinsics = 459.960,459.798,362.871,245.699 | -0.280,0.072,0.001,0.000
cam1 intrinsics = 457.463,457.335,376.426,253.097 | -0.277,0.068,0.001,-0.000
cam0 extrinsics = -0.002,0.008,0.702,0.712 | 0.064,-0.011,-0.002
cam1 extrinsics = 0.001,0.012,0.702,0.712 | -0.047,-0.012,-0.003
q_GtoI = 0.825,-0.044,0.559,0.063 | p_IinG = 0.166,-2.838,0.258 | dist = 30.25 (meters)
bg = -0.0023,0.0219,0.0820 | ba = 0.0471,0.0962,0.0862
camera-imu timeoffset = -0.00016
cam0 intrinsics = 459.973,459.813,362.875,245.687 | -0.280,0.072,0.001,0.000
cam1 intrinsics = 457.460,457.334,376.425,253.088 | -0.277,0.068,0.001,-0.000
cam0 extrinsics = -0.002,0.008,0.702,0.712 | 0.064,-0.011,-0.002
cam1 extrinsics = 0.001,0.012,0.702,0.712 | -0.047,-0.012,-0.003
q_GtoI = 0.829,-0.046,0.555,0.050 | p_IinG = 0.289,-2.852,0.294 | dist = 30.37 (meters)
bg = -0.0025,0.0210,0.0814 | ba = 0.0436,0.0934,0.0856
camera-imu timeoffset = -0.00016
cam0 intrinsics = 459.948,459.809,362.894,245.671 | -0.280,0.072,0.001,0.000
cam1 intrinsics = 457.415,457.306,376.435,253.088 | -0.277,0.068,0.001,-0.000
cam0 extrinsics = -0.002,0.008,0.702,0.712 | 0.064,-0.011,-0.002
cam1 extrinsics = 0.001,0.012,0.702,0.712 | -0.047,-0.012,-0.003
q_GtoI = 0.837,-0.039,0.545,0.034 | p_IinG = 0.411,-2.857,0.329 | dist = 30.50 (meters)
bg = -0.0024,0.0210,0.0816 | ba = 0.0430,0.0909,0.0848
camera-imu timeoffset = -0.00016
cam0 intrinsics = 459.947,459.805,362.891,245.651 | -0.280,0.072,0.001,0.000
cam1 intrinsics = 457.419,457.310,376.451,253.087 | -0.277,0.068,0.001,-0.000
cam0 extrinsics = -0.002,0.008,0.702,0.712 | 0.064,-0.011,-0.002
cam1 extrinsics = 0.001,0.012,0.702,0.712 | -0.047,-0.012,-0.003
q_GtoI = 0.838,-0.019,0.545,0.024 | p_IinG = 0.541,-2.859,0.365 | dist = 30.63 (meters)
bg = -0.0021,0.0210,0.0813 | ba = 0.0419,0.0900,0.0840
camera-imu timeoffset = -0.00015
cam0 intrinsics = 459.946,459.807,362.894,245.646 | -0.280,0.072,0.001,0.000
cam1 intrinsics = 457.418,457.311,376.456,253.084 | -0.277,0.068,0.001,-0.000
cam0 extrinsics = -0.002,0.008,0.702,0.712 | 0.064,-0.011,-0.002
cam1 extrinsics = 0.001,0.012,0.702,0.712 | -0.047,-0.012,-0.003
q_GtoI = 0.832,0.012,0.554,0.019 | p_IinG = 0.679,-2.859,0.395 | dist = 30.77 (meters)
bg = -0.0020,0.0211,0.0812 | ba = 0.0392,0.0894,0.0841
camera-imu timeoffset = -0.00016
cam0 intrinsics = 459.947,459.808,362.895,245.639 | -0.280,0.072,0.001,0.000
cam1 intrinsics = 457.420,457.315,376.459,253.078 | -0.277,0.068,0.001,-0.000
cam0 extrinsics = -0.002,0.008,0.702,0.712 | 0.064,-0.011,-0.002
cam1 extrinsics = 0.001,0.012,0.702,0.712 | -0.047,-0.012,-0.003
q_GtoI = 0.826,0.042,0.562,0.008 | p_IinG = 0.822,-2.852,0.412 | dist = 30.91 (meters)
bg = -0.0021,0.0214,0.0813 | ba = 0.0375,0.0890,0.0829
camera-imu timeoffset = -0.00015
cam0 intrinsics = 459.946,459.805,362.891,245.634 | -0.280,0.072,0.001,0.000
cam1 intrinsics = 457.418,457.312,376.458,253.074 | -0.277,0.068,0.001,-0.000
cam0 extrinsics = -0.002,0.008,0.702,0.712 | 0.064,-0.011,-0.002
cam1 extrinsics = 0.001,0.012,0.702,0.712 | -0.048,-0.012,-0.003
q_GtoI = -0.819,-0.072,-0.569,0.007 | p_IinG = 0.962,-2.835,0.418 | dist = 31.05 (meters)
bg = -0.0020,0.0217,0.0815 | ba = 0.0371,0.0892,0.0822
camera-imu timeoffset = -0.00015
cam0 intrinsics = 459.955,459.808,362.892,245.627 | -0.280,0.072,0.001,0.000
cam1 intrinsics = 457.424,457.312,376.455,253.066 | -0.277,0.068,0.001,-0.000
cam0 extrinsics = -0.002,0.008,0.702,0.712 | 0.064,-0.011,-0.002
cam1 extrinsics = 0.001,0.012,0.702,0.712 | -0.048,-0.012,-0.003
q_GtoI = -0.814,-0.099,-0.572,0.026 | p_IinG = 1.106,-2.816,0.415 | dist = 31.19 (meters)
bg = -0.0019,0.0221,0.0815 | ba = 0.0353,0.0879,0.0822
camera-imu timeoffset = -0.00015
cam0 intrinsics = 459.956,459.803,362.892,245.627 | -0.280,0.072,0.001,0.000
cam1 intrinsics = 457.425,457.308,376.453,253.065 | -0.277,0.068,0.001,-0.000
cam0 extrinsics = -0.002,0.008,0.702,0.712 | 0.064,-0.011,-0.002
cam1 extrinsics = 0.001,0.012,0.702,0.712 | -0.048,-0.012,-0.003
q_GtoI = -0.809,-0.122,-0.572,0.054 | p_IinG = 1.244,-2.789,0.409 | dist = 31.33 (meters)
bg = -0.0018,0.0223,0.0815 | ba = 0.0337,0.0867,0.0833
camera-imu timeoffset = -0.00015
cam0 intrinsics = 459.957,459.803,362.898,245.627 | -0.280,0.072,0.001,0.000
cam1 intrinsics = 457.426,457.309,376.456,253.061 | -0.277,0.068,0.001,-0.000
cam0 extrinsics = -0.002,0.008,0.702,0.712 | 0.064,-0.011,-0.002
cam1 extrinsics = 0.001,0.012,0.702,0.712 | -0.048,-0.012,-0.003
q_GtoI = -0.807,-0.141,-0.567,0.090 | p_IinG = 1.382,-2.758,0.404 | dist = 31.47 (meters)
bg = -0.0018,0.0225,0.0816 | ba = 0.0335,0.0843,0.0839
camera-imu timeoffset = -0.00015
cam0 intrinsics = 459.955,459.812,362.907,245.614 | -0.281,0.072,0.001,0.000
cam1 intrinsics = 457.427,457.321,376.459,253.047 | -0.277,0.068,0.001,-0.000
cam0 extrinsics = -0.002,0.008,0.702,0.712 | 0.064,-0.011,-0.002
cam1 extrinsics = 0.001,0.012,0.702,0.712 | -0.048,-0.012,-0.003
q_GtoI = -0.804,-0.160,-0.558,0.126 | p_IinG = 1.513,-2.725,0.403 | dist = 31.61 (meters)
bg = -0.0018,0.0225,0.0815 | ba = 0.0317,0.0828,0.0855
camera-imu timeoffset = -0.00015
cam0 intrinsics = 459.965,459.827,362.913,245.604 | -0.281,0.072,0.001,0.000
cam1 intrinsics = 457.439,457.336,376.461,253.033 | -0.277,0.068,0.001,-0.000
cam0 extrinsics = -0.002,0.008,0.702,0.712 | 0.064,-0.011,-0.002
cam1 extrinsics = 0.001,0.012,0.702,0.712 | -0.048,-0.012,-0.003
q_GtoI = -0.797,-0.188,-0.555,0.149 | p_IinG = 1.647,-2.689,0.404 | dist = 31.74 (meters)
bg = -0.0018,0.0226,0.0817 | ba = 0.0304,0.0796,0.0828
camera-imu timeoffset = -0.00015
cam0 intrinsics = 459.963,459.829,362.923,245.601 | -0.281,0.072,0.001,0.000
cam1 intrinsics = 457.440,457.342,376.470,253.027 | -0.277,0.068,0.001,-0.000
cam0 extrinsics = -0.002,0.008,0.702,0.712 | 0.064,-0.011,-0.002
cam1 extrinsics = 0.001,0.012,0.702,0.712 | -0.048,-0.012,-0.003
q_GtoI = -0.787,-0.217,-0.552,0.168 | p_IinG = 1.775,-2.655,0.410 | dist = 31.87 (meters)
bg = -0.0016,0.0223,0.0819 | ba = 0.0269,0.0778,0.0838
camera-imu timeoffset = -0.00015
cam0 intrinsics = 459.962,459.827,362.924,245.588 | -0.281,0.072,0.001,0.000
cam1 intrinsics = 457.447,457.348,376.468,253.018 | -0.277,0.068,0.001,-0.000
cam0 extrinsics = -0.002,0.008,0.702,0.712 | 0.064,-0.011,-0.002
cam1 extrinsics = 0.001,0.012,0.702,0.712 | -0.048,-0.012,-0.003
q_GtoI = -0.777,-0.253,-0.548,0.179 | p_IinG = 1.900,-2.621,0.419 | dist = 32.01 (meters)
bg = -0.0014,0.0223,0.0821 | ba = 0.0237,0.0765,0.0859
camera-imu timeoffset = -0.00016
cam0 intrinsics = 459.973,459.831,362.923,245.581 | -0.281,0.072,0.001,0.000
cam1 intrinsics = 457.457,457.352,376.464,253.011 | -0.277,0.068,0.001,-0.000
cam0 extrinsics = -0.002,0.008,0.702,0.712 | 0.064,-0.011,-0.002
cam1 extrinsics = 0.001,0.012,0.702,0.712 | -0.048,-0.012,-0.003
q_GtoI = -0.763,-0.289,-0.546,0.190 | p_IinG = 2.001,-2.584,0.426 | dist = 32.13 (meters)
bg = -0.0013,0.0226,0.0826 | ba = 0.0241,0.0754,0.0906
camera-imu timeoffset = -0.00016
cam0 intrinsics = 459.977,459.838,362.914,245.575 | -0.281,0.072,0.001,0.000
cam1 intrinsics = 457.463,457.357,376.474,253.012 | -0.277,0.068,0.001,-0.000
cam0 extrinsics = -0.002,0.008,0.702,0.712 | 0.064,-0.011,-0.002
cam1 extrinsics = 0.001,0.012,0.702,0.712 | -0.048,-0.012,-0.003
q_GtoI = -0.741,-0.325,-0.553,0.198 | p_IinG = 2.121,-2.552,0.438 | dist = 32.26 (meters)
bg = -0.0015,0.0227,0.0825 | ba = 0.0254,0.0745,0.0926
camera-imu timeoffset = -0.00016
cam0 intrinsics = 459.982,459.839,362.910,245.577 | -0.281,0.072,0.001,0.000
cam1 intrinsics = 457.469,457.359,376.471,253.014 | -0.277,0.068,0.001,-0.000
cam0 extrinsics = -0.002,0.008,0.702,0.712 | 0.064,-0.011,-0.002
cam1 extrinsics = 0.001,0.012,0.702,0.712 | -0.048,-0.012,-0.003
q_GtoI = -0.729,-0.341,-0.558,0.202 | p_IinG = 2.178,-2.536,0.444 | dist = 32.32 (meters)
bg = -0.0016,0.0228,0.0824 | ba = 0.0263,0.0737,0.0933
camera-imu timeoffset = -0.00016
cam0 intrinsics = 459.984,459.839,362.908,245.577 | -0.281,0.072,0.001,0.000
cam1 intrinsics = 457.471,457.359,376.472,253.015 | -0.277,0.068,0.001,-0.000
cam0 extrinsics = -0.002,0.008,0.702,0.712 | 0.064,-0.011,-0.002
cam1 extrinsics = 0.001,0.012,0.702,0.712 | -0.048,-0.012,-0.003
q_GtoI = -0.718,-0.356,-0.563,0.203 | p_IinG = 2.232,-2.519,0.451 | dist = 32.38 (meters)
bg = -0.0016,0.0228,0.0824 | ba = 0.0278,0.0736,0.0941
camera-imu timeoffset = -0.00016
cam0 intrinsics = 459.985,459.838,362.906,245.575 | -0.281,0.072,0.001,0.000
cam1 intrinsics = 457.472,457.357,376.472,253.014 | -0.277,0.068,0.001,-0.000
cam0 extrinsics = -0.002,0.008,0.702,0.712 | 0.064,-0.011,-0.002
cam1 extrinsics = 0.001,0.012,0.702,0.712 | -0.048,-0.012,-0.003
q_GtoI = -0.708,-0.367,-0.568,0.204 | p_IinG = 2.286,-2.504,0.461 | dist = 32.43 (meters)
bg = -0.0017,0.0227,0.0820 | ba = 0.0266,0.0739,0.0951
camera-imu timeoffset = -0.00016
cam0 intrinsics = 459.990,459.836,362.898,245.582 | -0.281,0.072,0.001,0.000
cam1 intrinsics = 457.473,457.352,376.462,253.017 | -0.277,0.068,0.001,-0.000
cam0 extrinsics = -0.002,0.008,0.702,0.712 | 0.064,-0.011,-0.002
cam1 extrinsics = 0.001,0.012,0.702,0.712 | -0.048,-0.012,-0.003
q_GtoI = -0.698,-0.380,-0.573,0.201 | p_IinG = 2.329,-2.489,0.471 | dist = 32.48 (meters)
bg = -0.0019,0.0226,0.0819 | ba = 0.0267,0.0752,0.0977
camera-imu timeoffset = -0.00015
cam0 intrinsics = 459.992,459.834,362.893,245.582 | -0.281,0.072,0.001,0.000
cam1 intrinsics = 457.475,457.351,376.459,253.017 | -0.277,0.068,0.001,-0.000
cam0 extrinsics = -0.002,0.008,0.702,0.712 | 0.064,-0.011,-0.002
cam1 extrinsics = 0.001,0.012,0.702,0.712 | -0.048,-0.012,-0.003
q_GtoI = -0.696,-0.388,-0.569,0.201 | p_IinG = 2.372,-2.474,0.481 | dist = 32.53 (meters)
bg = -0.0020,0.0225,0.0812 | ba = 0.0249,0.0764,0.0986
camera-imu timeoffset = -0.00016
cam0 intrinsics = 460.004,459.846,362.888,245.612 | -0.281,0.072,0.001,0.000
cam1 intrinsics = 457.484,457.360,376.456,253.054 | -0.277,0.068,0.001,-0.000
cam0 extrinsics = -0.002,0.008,0.702,0.712 | 0.064,-0.011,-0.002
cam1 extrinsics = 0.001,0.012,0.702,0.712 | -0.048,-0.012,-0.003
q_GtoI = -0.696,-0.398,-0.563,0.201 | p_IinG = 2.415,-2.441,0.487 | dist = 32.57 (meters)
bg = -0.0013,0.0230,0.0814 | ba = 0.0261,0.0749,0.0943
camera-imu timeoffset = -0.00016
cam0 intrinsics = 459.988,459.838,362.905,245.600 | -0.281,0.072,0.001,0.000
cam1 intrinsics = 457.465,457.346,376.470,253.041 | -0.277,0.068,0.001,-0.000
cam0 extrinsics = -0.002,0.008,0.702,0.712 | 0.064,-0.011,-0.002
cam1 extrinsics = 0.001,0.012,0.702,0.712 | -0.048,-0.012,-0.003
q_GtoI = -0.694,-0.409,-0.558,0.199 | p_IinG = 2.447,-2.419,0.497 | dist = 32.61 (meters)
bg = -0.0013,0.0230,0.0812 | ba = 0.0259,0.0755,0.0949
camera-imu timeoffset = -0.00016
cam0 intrinsics = 459.990,459.837,362.904,245.605 | -0.281,0.072,0.001,0.000
cam1 intrinsics = 457.467,457.346,376.470,253.047 | -0.277,0.068,0.001,-0.000
cam0 extrinsics = -0.002,0.008,0.702,0.712 | 0.064,-0.011,-0.002
cam1 extrinsics = 0.001,0.012,0.702,0.712 | -0.048,-0.012,-0.003
q_GtoI = -0.693,-0.419,-0.552,0.198 | p_IinG = 2.474,-2.397,0.507 | dist = 32.65 (meters)
bg = -0.0014,0.0231,0.0810 | ba = 0.0254,0.0766,0.0968
camera-imu timeoffset = -0.00016
cam0 intrinsics = 459.988,459.836,362.903,245.608 | -0.281,0.072,0.001,0.000
cam1 intrinsics = 457.465,457.344,376.471,253.052 | -0.277,0.068,0.001,-0.000
cam0 extrinsics = -0.002,0.008,0.702,0.712 | 0.064,-0.011,-0.002
cam1 extrinsics = 0.001,0.012,0.702,0.712 | -0.048,-0.012,-0.003
q_GtoI = -0.692,-0.428,-0.548,0.197 | p_IinG = 2.496,-2.373,0.517 | dist = 32.69 (meters)
bg = -0.0015,0.0230,0.0806 | ba = 0.0245,0.0765,0.0986
camera-imu timeoffset = -0.00016
cam0 intrinsics = 459.994,459.844,362.901,245.621 | -0.281,0.072,0.001,0.000
cam1 intrinsics = 457.470,457.351,376.469,253.066 | -0.277,0.068,0.001,-0.000
cam0 extrinsics = -0.002,0.008,0.702,0.712 | 0.064,-0.011,-0.002
cam1 extrinsics = 0.001,0.012,0.702,0.712 | -0.048,-0.012,-0.003
q_GtoI = -0.689,-0.435,-0.545,0.197 | p_IinG = 2.511,-2.347,0.532 | dist = 32.72 (meters)
bg = -0.0016,0.0232,0.0801 | ba = 0.0198,0.0804,0.1008
camera-imu timeoffset = -0.00016
cam0 intrinsics = 459.995,459.844,362.900,245.641 | -0.281,0.072,0.001,0.000
cam1 intrinsics = 457.471,457.350,376.471,253.091 | -0.277,0.068,0.001,-0.000
cam0 extrinsics = -0.002,0.008,0.702,0.712 | 0.064,-0.011,-0.002
cam1 extrinsics = 0.001,0.012,0.702,0.712 | -0.048,-0.012,-0.003
q_GtoI = -0.689,-0.438,-0.542,0.200 | p_IinG = 2.527,-2.317,0.540 | dist = 32.76 (meters)
bg = -0.0019,0.0234,0.0798 | ba = 0.0175,0.0810,0.1012
camera-imu timeoffset = -0.00016
cam0 intrinsics = 459.998,459.852,362.898,245.653 | -0.281,0.072,0.001,0.000
cam1 intrinsics = 457.474,457.357,376.471,253.105 | -0.277,0.068,0.001,-0.000
cam0 extrinsics = -0.002,0.008,0.702,0.712 | 0.064,-0.011,-0.002
cam1 extrinsics = 0.001,0.012,0.702,0.712 | -0.048,-0.012,-0.003
q_GtoI = -0.689,-0.438,-0.539,0.207 | p_IinG = 2.537,-2.284,0.544 | dist = 32.80 (meters)
bg = -0.0021,0.0234,0.0798 | ba = 0.0164,0.0824,0.1010
camera-imu timeoffset = -0.00016
cam0 intrinsics = 460.000,459.857,362.896,245.661 | -0.281,0.072,0.001,0.000
cam1 intrinsics = 457.476,457.362,376.474,253.114 | -0.277,0.068,0.001,-0.000
cam0 extrinsics = -0.002,0.008,0.702,0.712 | 0.064,-0.011,-0.002
cam1 extrinsics = 0.001,0.012,0.702,0.712 | -0.048,-0.012,-0.003
q_GtoI = -0.691,-0.436,-0.535,0.213 | p_IinG = 2.543,-2.249,0.548 | dist = 32.83 (meters)
bg = -0.0023,0.0236,0.0797 | ba = 0.0141,0.0844,0.1026
camera-imu timeoffset = -0.00016
cam0 intrinsics = 459.997,459.859,362.894,245.661 | -0.281,0.072,0.001,0.000
cam1 intrinsics = 457.473,457.364,376.476,253.117 | -0.277,0.068,0.001,-0.000
cam0 extrinsics = -0.002,0.008,0.702,0.712 | 0.064,-0.011,-0.002
cam1 extrinsics = 0.001,0.012,0.702,0.712 | -0.048,-0.012,-0.003
q_GtoI = -0.692,-0.435,-0.532,0.220 | p_IinG = 2.546,-2.211,0.547 | dist = 32.87 (meters)
bg = -0.0026,0.0236,0.0797 | ba = 0.0142,0.0865,0.1021
camera-imu timeoffset = -0.00016
cam0 intrinsics = 460.001,459.865,362.895,245.663 | -0.281,0.072,0.001,0.000
cam1 intrinsics = 457.477,457.370,376.480,253.122 | -0.277,0.068,0.001,-0.000
cam0 extrinsics = -0.002,0.008,0.702,0.712 | 0.064,-0.011,-0.002
cam1 extrinsics = 0.001,0.012,0.702,0.712 | -0.048,-0.012,-0.003
q_GtoI = -0.693,-0.432,-0.531,0.225 | p_IinG = 2.561,-2.176,0.543 | dist = 32.91 (meters)
bg = -0.0015,0.0222,0.0785 | ba = 0.0114,0.0861,0.1025
camera-imu timeoffset = -0.00015
cam0 intrinsics = 459.973,459.829,362.871,245.644 | -0.281,0.072,0.001,0.000
cam1 intrinsics = 457.416,457.312,376.483,253.114 | -0.277,0.068,0.001,-0.000
cam0 extrinsics = -0.002,0.008,0.702,0.712 | 0.064,-0.011,-0.002
cam1 extrinsics = 0.001,0.012,0.702,0.712 | -0.048,-0.012,-0.003
q_GtoI = -0.695,-0.430,-0.528,0.232 | p_IinG = 2.561,-2.135,0.537 | dist = 32.95 (meters)
bg = -0.0017,0.0220,0.0783 | ba = 0.0104,0.0882,0.1004
camera-imu timeoffset = -0.00015
cam0 intrinsics = 459.979,459.841,362.877,245.648 | -0.281,0.072,0.001,0.000
cam1 intrinsics = 457.420,457.323,376.491,253.122 | -0.277,0.068,0.001,-0.000
cam0 extrinsics = -0.002,0.008,0.702,0.712 | 0.064,-0.011,-0.002
cam1 extrinsics = 0.001,0.012,0.702,0.712 | -0.048,-0.012,-0.003
q_GtoI = -0.699,-0.424,-0.522,0.244 | p_IinG = 2.560,-2.093,0.531 | dist = 32.99 (meters)
bg = -0.0019,0.0220,0.0782 | ba = 0.0095,0.0906,0.0995
camera-imu timeoffset = -0.00015
cam0 intrinsics = 459.983,459.849,362.884,245.639 | -0.281,0.072,0.001,0.000
cam1 intrinsics = 457.422,457.329,376.498,253.113 | -0.277,0.068,0.001,-0.000
cam0 extrinsics = -0.002,0.008,0.702,0.712 | 0.064,-0.011,-0.002
cam1 extrinsics = 0.001,0.012,0.702,0.712 | -0.048,-0.012,-0.003
q_GtoI = -0.704,-0.416,-0.516,0.256 | p_IinG = 2.557,-2.049,0.524 | dist = 33.04 (meters)
bg = -0.0021,0.0219,0.0782 | ba = 0.0089,0.0926,0.0987
camera-imu timeoffset = -0.00015
cam0 intrinsics = 459.988,459.861,362.897,245.628 | -0.281,0.072,0.001,0.000
cam1 intrinsics = 457.424,457.339,376.510,253.101 | -0.277,0.068,0.001,-0.000
cam0 extrinsics = -0.002,0.008,0.702,0.712 | 0.064,-0.011,-0.002
cam1 extrinsics = 0.001,0.012,0.702,0.712 | -0.048,-0.012,-0.003
q_GtoI = -0.708,-0.410,-0.510,0.267 | p_IinG = 2.553,-2.004,0.518 | dist = 33.09 (meters)
bg = -0.0023,0.0218,0.0782 | ba = 0.0086,0.0926,0.0983
camera-imu timeoffset = -0.00015
cam0 intrinsics = 459.993,459.869,362.907,245.620 | -0.281,0.072,0.001,0.000
cam1 intrinsics = 457.425,457.345,376.521,253.093 | -0.277,0.068,0.001,-0.000
cam0 extrinsics = -0.002,0.008,0.702,0.712 | 0.064,-0.011,-0.002
cam1 extrinsics = 0.001,0.012,0.702,0.712 | -0.048,-0.012,-0.003
q_GtoI = -0.711,-0.405,-0.505,0.274 | p_IinG = 2.549,-1.956,0.511 | dist = 33.13 (meters)
bg = -0.0028,0.0218,0.0783 | ba = 0.0080,0.0920,0.0952
camera-imu timeoffset = -0.00015
cam0 intrinsics = 459.998,459.877,362.917,245.611 | -0.281,0.072,0.001,0.000
cam1 intrinsics = 457.423,457.348,376.534,253.084 | -0.277,0.068,0.001,-0.000
cam0 extrinsics = -0.002,0.008,0.702,0.712 | 0.064,-0.011,-0.002
cam1 extrinsics = 0.001,0.012,0.702,0.712 | -0.048,-0.012,-0.003
q_GtoI = -0.713,-0.403,-0.501,0.280 | p_IinG = 2.542,-1.908,0.507 | dist = 33.18 (meters)
bg = -0.0034,0.0221,0.0788 | ba = 0.0078,0.0931,0.0928
camera-imu timeoffset = -0.00015
cam0 intrinsics = 460.003,459.877,362.912,245.610 | -0.281,0.072,0.001,0.000
cam1 intrinsics = 457.422,457.342,376.532,253.084 | -0.277,0.068,0.001,-0.000
cam0 extrinsics = -0.002,0.008,0.702,0.712 | 0.064,-0.011,-0.002
cam1 extrinsics = 0.001,0.012,0.702,0.712 | -0.048,-0.012,-0.003
q_GtoI = -0.713,-0.403,-0.497,0.284 | p_IinG = 2.539,-1.858,0.505 | dist = 33.23 (meters)
bg = -0.0041,0.0227,0.0793 | ba = 0.0067,0.0926,0.0911
camera-imu timeoffset = -0.00015
cam0 intrinsics = 460.003,459.872,362.904,245.606 | -0.281,0.072,0.001,0.000
cam1 intrinsics = 457.416,457.333,376.528,253.081 | -0.277,0.068,0.001,-0.000
cam0 extrinsics = -0.002,0.008,0.702,0.712 | 0.064,-0.011,-0.002
cam1 extrinsics = 0.001,0.012,0.702,0.712 | -0.048,-0.012,-0.003
q_GtoI = -0.713,-0.407,-0.495,0.285 | p_IinG = 2.531,-1.808,0.503 | dist = 33.28 (meters)
bg = -0.0045,0.0230,0.0799 | ba = 0.0052,0.0932,0.0906
camera-imu timeoffset = -0.00015
cam0 intrinsics = 460.005,459.870,362.897,245.620 | -0.281,0.072,0.001,0.000
cam1 intrinsics = 457.415,457.328,376.523,253.096 | -0.277,0.068,0.001,-0.000
cam0 extrinsics = -0.002,0.008,0.702,0.712 | 0.064,-0.011,-0.002
cam1 extrinsics = 0.001,0.012,0.702,0.712 | -0.048,-0.012,-0.003
q_GtoI = -0.710,-0.414,-0.495,0.283 | p_IinG = 2.523,-1.758,0.501 | dist = 33.32 (meters)
bg = -0.0048,0.0233,0.0804 | ba = 0.0044,0.0934,0.0902
camera-imu timeoffset = -0.00014
cam0 intrinsics = 460.007,459.871,362.896,245.634 | -0.281,0.072,0.001,0.000
cam1 intrinsics = 457.413,457.325,376.523,253.111 | -0.277,0.068,0.001,-0.000
cam0 extrinsics = -0.002,0.008,0.702,0.712 | 0.064,-0.011,-0.002
cam1 extrinsics = 0.001,0.012,0.702,0.712 | -0.048,-0.012,-0.003
q_GtoI = -0.707,-0.421,-0.495,0.279 | p_IinG = 2.515,-1.708,0.498 | dist = 33.37 (meters)
bg = -0.0049,0.0235,0.0806 | ba = 0.0039,0.0937,0.0907
camera-imu timeoffset = -0.00014
cam0 intrinsics = 460.006,459.869,362.892,245.642 | -0.281,0.072,0.001,0.000
cam1 intrinsics = 457.410,457.323,376.521,253.119 | -0.277,0.068,0.001,-0.000
cam0 extrinsics = -0.002,0.008,0.702,0.712 | 0.064,-0.011,-0.002
cam1 extrinsics = 0.001,0.012,0.702,0.712 | -0.048,-0.012,-0.003
q_GtoI = -0.705,-0.427,-0.495,0.275 | p_IinG = 2.510,-1.656,0.495 | dist = 33.42 (meters)
bg = -0.0051,0.0237,0.0809 | ba = 0.0036,0.0917,0.0896
camera-imu timeoffset = -0.00014
cam0 intrinsics = 460.007,459.872,362.891,245.657 | -0.281,0.072,0.001,0.000
cam1 intrinsics = 457.406,457.321,376.532,253.136 | -0.277,0.068,0.001,-0.000
cam0 extrinsics = -0.002,0.008,0.702,0.712 | 0.064,-0.011,-0.002
cam1 extrinsics = 0.001,0.012,0.702,0.712 | -0.048,-0.012,-0.003
q_GtoI = -0.702,-0.434,-0.496,0.270 | p_IinG = 2.503,-1.603,0.493 | dist = 33.48 (meters)
bg = -0.0053,0.0240,0.0811 | ba = 0.0026,0.0913,0.0893
camera-imu timeoffset = -0.00014
cam0 intrinsics = 460.004,459.870,362.888,245.669 | -0.281,0.072,0.001,0.000
cam1 intrinsics = 457.399,457.315,376.534,253.147 | -0.277,0.068,0.001,-0.000
cam0 extrinsics = -0.002,0.008,0.702,0.712 | 0.064,-0.011,-0.002
cam1 extrinsics = 0.001,0.012,0.702,0.712 | -0.048,-0.012,-0.003
q_GtoI = -0.700,-0.439,-0.495,0.268 | p_IinG = 2.494,-1.549,0.489 | dist = 33.53 (meters)
bg = -0.0055,0.0241,0.0813 | ba = 0.0036,0.0919,0.0879
camera-imu timeoffset = -0.00014
cam0 intrinsics = 460.004,459.868,362.888,245.674 | -0.281,0.072,0.001,0.000
cam1 intrinsics = 457.395,457.310,376.538,253.152 | -0.277,0.068,0.001,-0.000
cam0 extrinsics = -0.002,0.008,0.702,0.712 | 0.064,-0.011,-0.002
cam1 extrinsics = 0.001,0.012,0.702,0.712 | -0.048,-0.012,-0.003
q_GtoI = -0.701,-0.440,-0.492,0.270 | p_IinG = 2.484,-1.494,0.486 | dist = 33.58 (meters)
bg = -0.0056,0.0242,0.0815 | ba = 0.0039,0.0926,0.0867
camera-imu timeoffset = -0.00014
cam0 intrinsics = 460.004,459.868,362.885,245.678 | -0.281,0.072,0.001,0.000
cam1 intrinsics = 457.391,457.306,376.541,253.155 | -0.277,0.068,0.001,-0.000
cam0 extrinsics = -0.002,0.008,0.702,0.712 | 0.064,-0.011,-0.002
cam1 extrinsics = 0.001,0.012,0.702,0.712 | -0.048,-0.012,-0.003
q_GtoI = -0.704,-0.440,-0.486,0.272 | p_IinG = 2.471,-1.439,0.483 | dist = 33.64 (meters)
bg = -0.0058,0.0242,0.0818 | ba = 0.0041,0.0939,0.0864
camera-imu timeoffset = -0.00014
cam0 intrinsics = 460.006,459.870,362.883,245.683 | -0.281,0.072,0.001,0.000
cam1 intrinsics = 457.389,457.305,376.542,253.159 | -0.277,0.068,0.001,-0.000
cam0 extrinsics = -0.002,0.008,0.702,0.712 | 0.064,-0.011,-0.002
cam1 extrinsics = 0.001,0.012,0.702,0.712 | -0.048,-0.012,-0.003
q_GtoI = -0.707,-0.440,-0.481,0.274 | p_IinG = 2.460,-1.377,0.482 | dist = 33.70 (meters)
bg = -0.0059,0.0245,0.0819 | ba = 0.0021,0.0944,0.0844
camera-imu timeoffset = -0.00014
cam0 intrinsics = 460.006,459.868,362.880,245.680 | -0.281,0.072,0.001,0.000
cam1 intrinsics = 457.384,457.299,376.546,253.156 | -0.277,0.068,0.001,-0.000
cam0 extrinsics = -0.002,0.008,0.702,0.712 | 0.064,-0.011,-0.002
cam1 extrinsics = 0.001,0.012,0.702,0.712 | -0.048,-0.012,-0.003
q_GtoI = -0.709,-0.441,-0.476,0.276 | p_IinG = 2.447,-1.318,0.480 | dist = 33.76 (meters)
bg = -0.0059,0.0245,0.0820 | ba = 0.0017,0.0954,0.0840
camera-imu timeoffset = -0.00014
cam0 intrinsics = 460.011,459.870,362.876,245.680 | -0.281,0.072,0.001,0.000
cam1 intrinsics = 457.385,457.297,376.543,253.154 | -0.277,0.068,0.001,-0.000
cam0 extrinsics = -0.002,0.008,0.702,0.712 | 0.064,-0.011,-0.002
cam1 extrinsics = 0.001,0.012,0.702,0.712 | -0.048,-0.012,-0.003
q_GtoI = -0.709,-0.441,-0.473,0.280 | p_IinG = 2.414,-1.277,0.479 | dist = 33.82 (meters)
bg = -0.0052,0.0241,0.0824 | ba = 0.0016,0.1007,0.0952
camera-imu timeoffset = -0.00014
cam0 intrinsics = 460.034,459.892,362.867,245.681 | -0.281,0.072,0.001,0.000
cam1 intrinsics = 457.418,457.326,376.517,253.158 | -0.277,0.068,0.001,-0.000
cam0 extrinsics = -0.002,0.008,0.702,0.712 | 0.064,-0.011,-0.002
cam1 extrinsics = 0.001,0.012,0.702,0.712 | -0.048,-0.012,-0.003
q_GtoI = -0.707,-0.444,-0.470,0.287 | p_IinG = 2.396,-1.218,0.476 | dist = 33.88 (meters)
bg = -0.0050,0.0240,0.0826 | ba = 0.0029,0.1022,0.0962
camera-imu timeoffset = -0.00014
cam0 intrinsics = 460.039,459.893,362.862,245.685 | -0.281,0.072,0.001,0.000
cam1 intrinsics = 457.424,457.329,376.513,253.162 | -0.277,0.068,0.001,-0.000
cam0 extrinsics = -0.002,0.008,0.702,0.712 | 0.064,-0.011,-0.002
cam1 extrinsics = 0.001,0.012,0.702,0.712 | -0.048,-0.012,-0.003
q_GtoI = -0.704,-0.447,-0.465,0.298 | p_IinG = 2.377,-1.158,0.474 | dist = 33.94 (meters)
bg = -0.0049,0.0239,0.0828 | ba = 0.0036,0.1033,0.0975
camera-imu timeoffset = -0.00014
cam0 intrinsics = 460.044,459.894,362.857,245.689 | -0.281,0.072,0.001,0.000
cam1 intrinsics = 457.430,457.332,376.508,253.167 | -0.277,0.068,0.001,-0.000
cam0 extrinsics = -0.002,0.008,0.702,0.712 | 0.064,-0.011,-0.002
cam1 extrinsics = 0.001,0.012,0.702,0.712 | -0.048,-0.012,-0.003
q_GtoI = -0.699,-0.451,-0.459,0.311 | p_IinG = 2.360,-1.097,0.472 | dist = 34.01 (meters)
bg = -0.0049,0.0239,0.0830 | ba = 0.0048,0.1033,0.0991
camera-imu timeoffset = -0.00014
cam0 intrinsics = 460.042,459.891,362.854,245.695 | -0.281,0.072,0.001,0.000
cam1 intrinsics = 457.432,457.331,376.504,253.172 | -0.277,0.068,0.001,-0.000
cam0 extrinsics = -0.002,0.008,0.702,0.712 | 0.064,-0.011,-0.002
cam1 extrinsics = 0.001,0.012,0.702,0.712 | -0.048,-0.012,-0.003
q_GtoI = -0.695,-0.454,-0.450,0.329 | p_IinG = 2.342,-1.034,0.470 | dist = 34.08 (meters)
bg = -0.0047,0.0239,0.0831 | ba = 0.0068,0.1042,0.0997
camera-imu timeoffset = -0.00014
cam0 intrinsics = 460.042,459.886,362.843,245.704 | -0.281,0.072,0.001,0.000
cam1 intrinsics = 457.435,457.329,376.491,253.180 | -0.277,0.068,0.001,-0.000
cam0 extrinsics = -0.002,0.008,0.702,0.712 | 0.064,-0.011,-0.002
cam1 extrinsics = 0.001,0.012,0.702,0.712 | -0.048,-0.012,-0.003
q_GtoI = -0.690,-0.458,-0.440,0.348 | p_IinG = 2.325,-0.971,0.468 | dist = 34.14 (meters)
bg = -0.0046,0.0239,0.0833 | ba = 0.0082,0.1047,0.1000
camera-imu timeoffset = -0.00014
cam0 intrinsics = 460.043,459.882,362.834,245.711 | -0.281,0.072,0.001,0.000
cam1 intrinsics = 457.437,457.326,376.482,253.188 | -0.277,0.068,0.001,-0.000
cam0 extrinsics = -0.002,0.008,0.702,0.712 | 0.064,-0.011,-0.002
cam1 extrinsics = 0.001,0.012,0.702,0.712 | -0.048,-0.012,-0.003
q_GtoI = -0.685,-0.463,-0.427,0.366 | p_IinG = 2.311,-0.905,0.466 | dist = 34.21 (meters)
bg = -0.0044,0.0240,0.0833 | ba = 0.0098,0.1051,0.0993
camera-imu timeoffset = -0.00014
cam0 intrinsics = 460.037,459.873,362.825,245.718 | -0.281,0.072,0.001,0.000
cam1 intrinsics = 457.437,457.324,376.473,253.196 | -0.277,0.068,0.001,-0.000
cam0 extrinsics = -0.002,0.008,0.702,0.712 | 0.064,-0.011,-0.002
cam1 extrinsics = 0.001,0.012,0.702,0.712 | -0.048,-0.012,-0.003
q_GtoI = -0.680,-0.467,-0.413,0.386 | p_IinG = 2.297,-0.837,0.465 | dist = 34.27 (meters)
bg = -0.0042,0.0239,0.0835 | ba = 0.0108,0.1058,0.0979
camera-imu timeoffset = -0.00014
cam0 intrinsics = 460.040,459.871,362.819,245.723 | -0.281,0.072,0.001,0.000
cam1 intrinsics = 457.442,457.324,376.466,253.201 | -0.277,0.068,0.001,-0.000
cam0 extrinsics = -0.002,0.008,0.702,0.712 | 0.064,-0.011,-0.002
cam1 extrinsics = 0.001,0.012,0.702,0.712 | -0.048,-0.012,-0.003
q_GtoI = -0.673,-0.473,-0.402,0.402 | p_IinG = 2.287,-0.769,0.462 | dist = 34.34 (meters)
bg = -0.0041,0.0239,0.0836 | ba = 0.0119,0.1060,0.0962
camera-imu timeoffset = -0.00014
cam0 intrinsics = 460.041,459.869,362.815,245.726 | -0.281,0.072,0.001,0.000
cam1 intrinsics = 457.446,457.325,376.462,253.203 | -0.277,0.068,0.001,-0.000
cam0 extrinsics = -0.002,0.008,0.702,0.712 | 0.064,-0.011,-0.002
cam1 extrinsics = 0.001,0.012,0.702,0.712 | -0.048,-0.012,-0.003
q_GtoI = -0.667,-0.479,-0.390,0.416 | p_IinG = 2.283,-0.706,0.460 | dist = 34.40 (meters)
bg = -0.0041,0.0241,0.0836 | ba = 0.0124,0.1062,0.0963
camera-imu timeoffset = -0.00014
cam0 intrinsics = 460.039,459.867,362.809,245.727 | -0.281,0.072,0.001,0.000
cam1 intrinsics = 457.444,457.323,376.456,253.206 | -0.277,0.068,0.001,-0.000
cam0 extrinsics = -0.002,0.008,0.702,0.712 | 0.064,-0.011,-0.002
cam1 extrinsics = 0.001,0.012,0.702,0.712 | -0.048,-0.012,-0.003
q_GtoI = -0.661,-0.487,-0.381,0.425 | p_IinG = 2.284,-0.644,0.456 | dist = 34.47 (meters)
bg = -0.0041,0.0241,0.0835 | ba = 0.0136,0.1065,0.0964
camera-imu timeoffset = -0.00014
cam0 intrinsics = 460.035,459.864,362.802,245.731 | -0.281,0.072,0.001,0.000
cam1 intrinsics = 457.444,457.324,376.449,253.209 | -0.277,0.068,0.001,-0.000
cam0 extrinsics = -0.002,0.008,0.702,0.712 | 0.064,-0.011,-0.002
cam1 extrinsics = 0.001,0.012,0.702,0.712 | -0.048,-0.012,-0.003
q_GtoI = -0.652,-0.497,-0.381,0.428 | p_IinG = 2.289,-0.583,0.450 | dist = 34.53 (meters)
bg = -0.0041,0.0243,0.0835 | ba = 0.0146,0.1072,0.0972
camera-imu timeoffset = -0.00014
cam0 intrinsics = 460.033,459.862,362.802,245.738 | -0.281,0.072,0.001,0.000
cam1 intrinsics = 457.445,457.324,376.454,253.215 | -0.277,0.068,0.001,-0.000
cam0 extrinsics = -0.002,0.008,0.702,0.712 | 0.064,-0.011,-0.002
cam1 extrinsics = 0.001,0.012,0.702,0.712 | -0.048,-0.013,-0.003
q_GtoI = -0.638,-0.512,-0.389,0.424 | p_IinG = 2.299,-0.523,0.440 | dist = 34.59 (meters)
bg = -0.0039,0.0242,0.0834 | ba = 0.0168,0.1079,0.0974
camera-imu timeoffset = -0.00014
cam0 intrinsics = 460.028,459.861,362.798,245.737 | -0.281,0.072,0.001,0.000
cam1 intrinsics = 457.444,457.326,376.450,253.215 | -0.277,0.068,0.001,-0.000
cam0 extrinsics = -0.002,0.008,0.702,0.712 | 0.065,-0.012,-0.002
cam1 extrinsics = 0.001,0.012,0.702,0.712 | -0.047,-0.013,-0.003
q_GtoI = -0.627,-0.525,-0.396,0.417 | p_IinG = 2.312,-0.470,0.432 | dist = 34.65 (meters)
bg = -0.0038,0.0245,0.0830 | ba = 0.0183,0.1109,0.1001
camera-imu timeoffset = -0.00014
cam0 intrinsics = 460.023,459.857,362.780,245.734 | -0.281,0.072,0.001,0.000
cam1 intrinsics = 457.441,457.326,376.419,253.210 | -0.277,0.068,0.001,-0.000
cam0 extrinsics = -0.002,0.008,0.702,0.712 | 0.065,-0.011,-0.002
cam1 extrinsics = 0.001,0.012,0.702,0.712 | -0.047,-0.012,-0.003
q_GtoI = -0.616,-0.537,-0.404,0.411 | p_IinG = 2.331,-0.417,0.428 | dist = 34.72 (meters)
bg = -0.0039,0.0248,0.0826 | ba = 0.0196,0.1173,0.1050
camera-imu timeoffset = -0.00014
cam0 intrinsics = 460.037,459.868,362.760,245.722 | -0.281,0.072,0.001,0.000
cam1 intrinsics = 457.456,457.336,376.384,253.191 | -0.277,0.068,0.001,-0.000
cam0 extrinsics = -0.002,0.008,0.702,0.712 | 0.065,-0.011,-0.002
cam1 extrinsics = 0.001,0.012,0.702,0.712 | -0.047,-0.012,-0.003
q_GtoI = -0.605,-0.548,-0.413,0.403 | p_IinG = 2.348,-0.359,0.419 | dist = 34.78 (meters)
bg = -0.0035,0.0248,0.0823 | ba = 0.0211,0.1193,0.1057
camera-imu timeoffset = -0.00014
cam0 intrinsics = 460.012,459.847,362.738,245.708 | -0.281,0.072,0.001,0.000
cam1 intrinsics = 457.448,457.333,376.352,253.174 | -0.277,0.068,0.001,-0.000
cam0 extrinsics = -0.002,0.008,0.702,0.712 | 0.066,-0.011,-0.002
cam1 extrinsics = 0.001,0.012,0.702,0.712 | -0.047,-0.012,-0.003
q_GtoI = -0.598,-0.556,-0.418,0.397 | p_IinG = 2.367,-0.299,0.412 | dist = 34.84 (meters)
bg = -0.0035,0.0247,0.0821 | ba = 0.0231,0.1219,0.1047
camera-imu timeoffset = -0.00014
cam0 intrinsics = 460.005,459.832,362.756,245.720 | -0.281,0.072,0.001,0.000
cam1 intrinsics = 457.445,457.322,376.358,253.174 | -0.277,0.068,0.001,-0.000
cam0 extrinsics = -0.002,0.008,0.702,0.712 | 0.065,-0.011,-0.002
cam1 extrinsics = 0.001,0.012,0.702,0.712 | -0.047,-0.012,-0.003
q_GtoI = -0.594,-0.563,-0.420,0.391 | p_IinG = 2.385,-0.242,0.412 | dist = 34.90 (meters)
bg = -0.0034,0.0248,0.0819 | ba = 0.0222,0.1247,0.1047
camera-imu timeoffset = -0.00013
cam0 intrinsics = 460.012,459.839,362.754,245.699 | -0.281,0.072,0.001,0.000
cam1 intrinsics = 457.454,457.330,376.352,253.151 | -0.277,0.068,0.001,-0.000
cam0 extrinsics = -0.002,0.008,0.702,0.712 | 0.065,-0.011,-0.002
cam1 extrinsics = 0.001,0.012,0.702,0.712 | -0.047,-0.012,-0.003
q_GtoI = -0.594,-0.567,-0.418,0.388 | p_IinG = 2.401,-0.186,0.415 | dist = 34.96 (meters)
bg = -0.0030,0.0251,0.0821 | ba = 0.0220,0.1272,0.1060
camera-imu timeoffset = -0.00013
cam0 intrinsics = 460.013,459.853,362.765,245.684 | -0.281,0.072,0.001,0.000
cam1 intrinsics = 457.473,457.363,376.364,253.139 | -0.277,0.068,0.001,-0.000
cam0 extrinsics = -0.002,0.008,0.702,0.712 | 0.065,-0.011,-0.002
cam1 extrinsics = 0.001,0.012,0.702,0.712 | -0.047,-0.012,-0.003
q_GtoI = -0.594,-0.568,-0.416,0.388 | p_IinG = 2.419,-0.129,0.423 | dist = 35.02 (meters)
bg = -0.0031,0.0252,0.0819 | ba = 0.0215,0.1319,0.1072
camera-imu timeoffset = -0.00013
cam0 intrinsics = 460.020,459.853,362.763,245.688 | -0.281,0.072,0.001,0.000
cam1 intrinsics = 457.488,457.370,376.360,253.144 | -0.277,0.068,0.001,-0.000
cam0 extrinsics = -0.002,0.008,0.702,0.712 | 0.065,-0.011,-0.002
cam1 extrinsics = 0.001,0.012,0.702,0.712 | -0.047,-0.012,-0.003
q_GtoI = -0.596,-0.569,-0.412,0.388 | p_IinG = 2.439,-0.072,0.435 | dist = 35.08 (meters)
bg = -0.0034,0.0252,0.0816 | ba = 0.0203,0.1364,0.1076
camera-imu timeoffset = -0.00013
cam0 intrinsics = 460.030,459.846,362.735,245.713 | -0.281,0.072,0.001,0.000
cam1 intrinsics = 457.500,457.368,376.336,253.170 | -0.277,0.068,0.001,-0.000
cam0 extrinsics = -0.002,0.008,0.702,0.712 | 0.065,-0.012,-0.002
cam1 extrinsics = 0.001,0.012,0.702,0.712 | -0.047,-0.012,-0.003
q_GtoI = -0.598,-0.569,-0.409,0.388 | p_IinG = 2.456,-0.015,0.446 | dist = 35.14 (meters)
bg = -0.0036,0.0247,0.0812 | ba = 0.0191,0.1383,0.1068
camera-imu timeoffset = -0.00013
cam0 intrinsics = 460.035,459.835,362.698,245.715 | -0.281,0.072,0.001,0.000
cam1 intrinsics = 457.517,457.367,376.293,253.173 | -0.277,0.068,0.001,-0.000
cam0 extrinsics = -0.002,0.008,0.702,0.712 | 0.066,-0.012,-0.002
cam1 extrinsics = 0.001,0.012,0.702,0.712 | -0.046,-0.012,-0.003
q_GtoI = -0.600,-0.569,-0.406,0.389 | p_IinG = 2.473,0.042,0.462 | dist = 35.20 (meters)
bg = -0.0037,0.0246,0.0811 | ba = 0.0164,0.1401,0.1068
camera-imu timeoffset = -0.00013
cam0 intrinsics = 460.052,459.843,362.689,245.713 | -0.281,0.072,0.001,0.000
cam1 intrinsics = 457.541,457.384,376.276,253.171 | -0.277,0.068,0.001,-0.000
cam0 extrinsics = -0.002,0.008,0.702,0.712 | 0.066,-0.012,-0.002
cam1 extrinsics = 0.001,0.012,0.702,0.712 | -0.046,-0.013,-0.003
q_GtoI = -0.600,-0.568,-0.406,0.391 | p_IinG = 2.487,0.100,0.480 | dist = 35.26 (meters)
bg = -0.0036,0.0242,0.0811 | ba = 0.0131,0.1409,0.1072
camera-imu timeoffset = -0.00013
cam0 intrinsics = 460.066,459.863,362.668,245.708 | -0.281,0.072,0.001,0.000
cam1 intrinsics = 457.573,457.418,376.257,253.173 | -0.277,0.068,0.001,-0.000
cam0 extrinsics = -0.002,0.008,0.702,0.712 | 0.066,-0.012,-0.002
cam1 extrinsics = 0.001,0.012,0.702,0.712 | -0.046,-0.012,-0.003
q_GtoI = -0.599,-0.569,-0.405,0.391 | p_IinG = 2.501,0.158,0.497 | dist = 35.32 (meters)
bg = -0.0035,0.0240,0.0813 | ba = 0.0094,0.1396,0.1074
camera-imu timeoffset = -0.00013
cam0 intrinsics = 460.089,459.884,362.667,245.705 | -0.281,0.072,0.001,0.000
cam1 intrinsics = 457.600,457.444,376.232,253.166 | -0.277,0.068,0.001,-0.000
cam0 extrinsics = -0.002,0.008,0.702,0.712 | 0.066,-0.012,-0.002
cam1 extrinsics = 0.001,0.012,0.702,0.712 | -0.046,-0.012,-0.002
q_GtoI = -0.598,-0.569,-0.405,0.394 | p_IinG = 2.514,0.217,0.517 | dist = 35.39 (meters)
bg = -0.0033,0.0239,0.0813 | ba = 0.0056,0.1389,0.1079
camera-imu timeoffset = -0.00013
cam0 intrinsics = 460.110,459.899,362.655,245.707 | -0.281,0.072,0.001,0.000
cam1 intrinsics = 457.622,457.461,376.211,253.167 | -0.277,0.068,0.001,-0.000
cam0 extrinsics = -0.002,0.008,0.702,0.712 | 0.066,-0.012,-0.002
cam1 extrinsics = 0.001,0.012,0.702,0.712 | -0.046,-0.012,-0.002
q_GtoI = -0.594,-0.571,-0.407,0.394 | p_IinG = 2.528,0.275,0.533 | dist = 35.45 (meters)
bg = -0.0034,0.0237,0.0811 | ba = 0.0040,0.1365,0.1082
camera-imu timeoffset = -0.00013
cam0 intrinsics = 460.092,459.900,362.616,245.665 | -0.281,0.072,0.001,0.000
cam1 intrinsics = 457.621,457.477,376.181,253.136 | -0.277,0.068,0.001,-0.000
cam0 extrinsics = -0.002,0.008,0.702,0.712 | 0.066,-0.011,-0.002
cam1 extrinsics = 0.001,0.012,0.702,0.712 | -0.046,-0.012,-0.002
q_GtoI = -0.592,-0.572,-0.409,0.394 | p_IinG = 2.541,0.335,0.548 | dist = 35.51 (meters)
bg = -0.0032,0.0236,0.0811 | ba = 0.0028,0.1350,0.1083
camera-imu timeoffset = -0.00013
cam0 intrinsics = 460.095,459.911,362.606,245.662 | -0.281,0.072,0.001,0.000
cam1 intrinsics = 457.629,457.493,376.170,253.140 | -0.277,0.068,0.001,-0.000
cam0 extrinsics = -0.002,0.008,0.702,0.712 | 0.066,-0.011,-0.002
cam1 extrinsics = 0.001,0.012,0.702,0.712 | -0.046,-0.012,-0.002
q_GtoI = -0.591,-0.572,-0.409,0.394 | p_IinG = 2.553,0.394,0.559 | dist = 35.57 (meters)
bg = -0.0031,0.0235,0.0811 | ba = 0.0012,0.1328,0.1083
camera-imu timeoffset = -0.00013
cam0 intrinsics = 460.097,459.922,362.600,245.664 | -0.281,0.072,0.001,0.000
cam1 intrinsics = 457.635,457.507,376.163,253.144 | -0.277,0.068,0.001,-0.000
cam0 extrinsics = -0.002,0.008,0.702,0.712 | 0.066,-0.011,-0.002
cam1 extrinsics = 0.001,0.012,0.702,0.712 | -0.046,-0.012,-0.002
q_GtoI = -0.591,-0.573,-0.409,0.394 | p_IinG = 2.565,0.454,0.569 | dist = 35.63 (meters)
bg = -0.0030,0.0234,0.0811 | ba = 0.0003,0.1324,0.1080
camera-imu timeoffset = -0.00013
cam0 intrinsics = 460.103,459.931,362.597,245.662 | -0.281,0.072,0.001,0.000
cam1 intrinsics = 457.641,457.517,376.160,253.142 | -0.277,0.068,0.001,-0.000
cam0 extrinsics = -0.002,0.008,0.702,0.712 | 0.066,-0.011,-0.002
cam1 extrinsics = 0.001,0.012,0.702,0.712 | -0.046,-0.012,-0.002
q_GtoI = -0.590,-0.573,-0.409,0.395 | p_IinG = 2.576,0.514,0.576 | dist = 35.69 (meters)
bg = -0.0028,0.0234,0.0811 | ba = 0.0006,0.1331,0.1084
camera-imu timeoffset = -0.00013
cam0 intrinsics = 460.105,459.935,362.598,245.655 | -0.281,0.072,0.001,0.000
cam1 intrinsics = 457.649,457.527,376.162,253.139 | -0.277,0.068,0.001,-0.000
cam0 extrinsics = -0.002,0.008,0.702,0.712 | 0.066,-0.011,-0.002
cam1 extrinsics = 0.001,0.012,0.702,0.712 | -0.046,-0.012,-0.002
q_GtoI = -0.587,-0.574,-0.413,0.395 | p_IinG = 2.587,0.574,0.580 | dist = 35.75 (meters)
bg = -0.0027,0.0234,0.0812 | ba = 0.0011,0.1332,0.1083
camera-imu timeoffset = -0.00013
cam0 intrinsics = 460.108,459.941,362.598,245.654 | -0.281,0.072,0.001,0.000
cam1 intrinsics = 457.653,457.532,376.162,253.137 | -0.277,0.068,0.001,-0.000
cam0 extrinsics = -0.002,0.008,0.702,0.712 | 0.066,-0.011,-0.002
cam1 extrinsics = 0.001,0.012,0.702,0.712 | -0.046,-0.012,-0.002
q_GtoI = -0.581,-0.575,-0.420,0.394 | p_IinG = 2.596,0.633,0.582 | dist = 35.81 (meters)
bg = -0.0026,0.0234,0.0812 | ba = 0.0019,0.1330,0.1077
camera-imu timeoffset = -0.00013
cam0 intrinsics = 460.112,459.947,362.600,245.652 | -0.281,0.072,0.001,0.000
cam1 intrinsics = 457.658,457.539,376.164,253.134 | -0.277,0.068,0.001,-0.000
cam0 extrinsics = -0.002,0.008,0.702,0.712 | 0.066,-0.011,-0.002
cam1 extrinsics = 0.001,0.012,0.702,0.712 | -0.046,-0.012,-0.002
q_GtoI = -0.575,-0.575,-0.429,0.393 | p_IinG = 2.605,0.693,0.582 | dist = 35.87 (meters)
bg = -0.0024,0.0234,0.0813 | ba = 0.0039,0.1327,0.1070
camera-imu timeoffset = -0.00013
cam0 intrinsics = 460.116,459.953,362.603,245.649 | -0.281,0.072,0.001,0.000
cam1 intrinsics = 457.663,457.546,376.169,253.132 | -0.277,0.068,0.001,-0.000
cam0 extrinsics = -0.002,0.008,0.702,0.712 | 0.066,-0.011,-0.001
cam1 extrinsics = 0.001,0.012,0.702,0.712 | -0.046,-0.012,-0.002
q_GtoI = -0.568,-0.574,-0.438,0.395 | p_IinG = 2.612,0.752,0.581 | dist = 35.93 (meters)
bg = -0.0022,0.0234,0.0813 | ba = 0.0059,0.1327,0.1061
camera-imu timeoffset = -0.00013
cam0 intrinsics = 460.118,459.957,362.604,245.649 | -0.281,0.072,0.001,0.000
cam1 intrinsics = 457.666,457.551,376.174,253.129 | -0.277,0.068,0.001,-0.000
cam0 extrinsics = -0.002,0.008,0.702,0.712 | 0.066,-0.011,-0.001
cam1 extrinsics = 0.001,0.012,0.702,0.712 | -0.046,-0.012,-0.002
q_GtoI = -0.561,-0.573,-0.447,0.396 | p_IinG = 2.617,0.813,0.580 | dist = 35.99 (meters)
bg = -0.0019,0.0235,0.0810 | ba = 0.0059,0.1337,0.1046
camera-imu timeoffset = -0.00013
cam0 intrinsics = 460.125,459.959,362.608,245.638 | -0.281,0.072,0.001,0.000
cam1 intrinsics = 457.672,457.552,376.179,253.118 | -0.277,0.068,0.001,-0.000
cam0 extrinsics = -0.002,0.008,0.702,0.712 | 0.066,-0.011,-0.001
cam1 extrinsics = 0.001,0.012,0.702,0.712 | -0.045,-0.012,-0.002
q_GtoI = -0.556,-0.570,-0.456,0.398 | p_IinG = 2.620,0.870,0.577 | dist = 36.05 (meters)
bg = -0.0016,0.0234,0.0809 | ba = 0.0084,0.1338,0.1034
camera-imu timeoffset = -0.00013
cam0 intrinsics = 460.129,459.965,362.611,245.640 | -0.281,0.072,0.001,0.000
cam1 intrinsics = 457.678,457.558,376.186,253.120 | -0.277,0.068,0.001,-0.000
cam0 extrinsics = -0.002,0.008,0.702,0.712 | 0.066,-0.011,-0.001
cam1 extrinsics = 0.001,0.012,0.702,0.712 | -0.045,-0.012,-0.002
q_GtoI = -0.553,-0.567,-0.461,0.400 | p_IinG = 2.623,0.926,0.576 | dist = 36.10 (meters)
bg = -0.0015,0.0235,0.0804 | ba = 0.0109,0.1333,0.1014
camera-imu timeoffset = -0.00012
cam0 intrinsics = 460.133,459.968,362.619,245.646 | -0.281,0.072,0.001,0.000
cam1 intrinsics = 457.688,457.564,376.191,253.117 | -0.277,0.068,0.001,-0.000
cam0 extrinsics = -0.002,0.008,0.702,0.712 | 0.066,-0.011,-0.001
cam1 extrinsics = 0.001,0.012,0.702,0.712 | -0.045,-0.012,-0.002
q_GtoI = -0.553,-0.565,-0.462,0.403 | p_IinG = 2.622,0.980,0.575 | dist = 36.15 (meters)
bg = -0.0013,0.0236,0.0803 | ba = 0.0122,0.1331,0.0995
camera-imu timeoffset = -0.00012
cam0 intrinsics = 460.134,459.969,362.623,245.651 | -0.281,0.072,0.001,0.000
cam1 intrinsics = 457.692,457.569,376.197,253.117 | -0.277,0.068,0.001,-0.000
cam0 extrinsics = -0.002,0.008,0.702,0.712 | 0.066,-0.011,-0.001
cam1 extrinsics = 0.001,0.012,0.702,0.712 | -0.045,-0.012,-0.002
q_GtoI = -0.559,-0.561,-0.456,0.407 | p_IinG = 2.620,1.032,0.575 | dist = 36.20 (meters)
bg = -0.0013,0.0236,0.0800 | ba = 0.0123,0.1319,0.0982
camera-imu timeoffset = -0.00012
cam0 intrinsics = 460.138,459.974,362.620,245.659 | -0.281,0.072,0.001,0.000
cam1 intrinsics = 457.699,457.575,376.199,253.124 | -0.277,0.068,0.001,-0.000
cam0 extrinsics = -0.002,0.008,0.702,0.712 | 0.066,-0.011,-0.001
cam1 extrinsics = 0.001,0.012,0.702,0.712 | -0.045,-0.012,-0.002
q_GtoI = -0.566,-0.558,-0.447,0.411 | p_IinG = 2.617,1.083,0.576 | dist = 36.25 (meters)
bg = -0.0013,0.0236,0.0798 | ba = 0.0111,0.1304,0.0967
camera-imu timeoffset = -0.00012
cam0 intrinsics = 460.141,459.976,362.613,245.667 | -0.281,0.072,0.001,0.000
cam1 intrinsics = 457.704,457.577,376.195,253.129 | -0.277,0.068,0.001,-0.000
cam0 extrinsics = -0.002,0.008,0.702,0.712 | 0.066,-0.011,-0.001
cam1 extrinsics = 0.001,0.012,0.702,0.712 | -0.045,-0.012,-0.002
q_GtoI = -0.571,-0.555,-0.441,0.414 | p_IinG = 2.613,1.131,0.577 | dist = 36.30 (meters)
bg = -0.0014,0.0236,0.0796 | ba = 0.0110,0.1285,0.0954
camera-imu timeoffset = -0.00012
cam0 intrinsics = 460.142,459.980,362.607,245.672 | -0.281,0.072,0.001,0.000
cam1 intrinsics = 457.708,457.582,376.188,253.132 | -0.277,0.068,0.001,-0.000
cam0 extrinsics = -0.002,0.008,0.702,0.712 | 0.067,-0.011,-0.001
cam1 extrinsics = 0.001,0.012,0.702,0.712 | -0.045,-0.012,-0.002
q_GtoI = -0.577,-0.553,-0.435,0.415 | p_IinG = 2.608,1.178,0.579 | dist = 36.34 (meters)
bg = -0.0015,0.0236,0.0796 | ba = 0.0108,0.1268,0.0944
camera-imu timeoffset = -0.00012
cam0 intrinsics = 460.143,459.984,362.603,245.676 | -0.281,0.072,0.001,0.000
cam1 intrinsics = 457.710,457.588,376.176,253.133 | -0.277,0.068,0.001,-0.000
cam0 extrinsics = -0.002,0.008,0.702,0.712 | 0.067,-0.011,-0.001
cam1 extrinsics = 0.001,0.012,0.702,0.712 | -0.045,-0.012,-0.002
q_GtoI = -0.581,-0.551,-0.431,0.416 | p_IinG = 2.603,1.223,0.582 | dist = 36.39 (meters)
bg = -0.0017,0.0236,0.0795 | ba = 0.0101,0.1251,0.0939
camera-imu timeoffset = -0.00012
cam0 intrinsics = 460.141,459.987,362.598,245.679 | -0.281,0.072,0.001,0.000
cam1 intrinsics = 457.712,457.592,376.169,253.130 | -0.277,0.068,0.001,-0.000
cam0 extrinsics = -0.002,0.008,0.702,0.712 | 0.067,-0.011,-0.001
cam1 extrinsics = 0.001,0.012,0.702,0.712 | -0.045,-0.012,-0.002
q_GtoI = -0.584,-0.551,-0.428,0.416 | p_IinG = 2.597,1.266,0.586 | dist = 36.43 (meters)
bg = -0.0019,0.0236,0.0795 | ba = 0.0092,0.1241,0.0933
camera-imu timeoffset = -0.00012
cam0 intrinsics = 460.142,459.992,362.594,245.678 | -0.281,0.072,0.001,0.000
cam1 intrinsics = 457.714,457.598,376.159,253.125 | -0.277,0.068,0.001,-0.000
cam0 extrinsics = -0.002,0.008,0.702,0.712 | 0.067,-0.011,-0.001
cam1 extrinsics = 0.001,0.012,0.702,0.712 | -0.045,-0.012,-0.002
q_GtoI = -0.585,-0.550,-0.427,0.415 | p_IinG = 2.591,1.307,0.590 | dist = 36.47 (meters)
bg = -0.0020,0.0237,0.0795 | ba = 0.0077,0.1239,0.0934
camera-imu timeoffset = -0.00012
cam0 intrinsics = 460.144,459.995,362.587,245.680 | -0.281,0.072,0.001,0.000
cam1 intrinsics = 457.718,457.600,376.150,253.122 | -0.277,0.068,0.001,-0.000
cam0 extrinsics = -0.002,0.008,0.702,0.712 | 0.067,-0.011,-0.001
cam1 extrinsics = 0.001,0.012,0.702,0.712 | -0.045,-0.012,-0.002
q_GtoI = -0.586,-0.551,-0.427,0.413 | p_IinG = 2.584,1.347,0.593 | dist = 36.51 (meters)
bg = -0.0021,0.0236,0.0795 | ba = 0.0061,0.1236,0.0938
camera-imu timeoffset = -0.00012
cam0 intrinsics = 460.147,460.000,362.583,245.680 | -0.281,0.072,0.001,0.000
cam1 intrinsics = 457.720,457.604,376.143,253.118 | -0.277,0.068,0.001,-0.000
cam0 extrinsics = -0.002,0.008,0.702,0.712 | 0.067,-0.011,-0.001
cam1 extrinsics = 0.001,0.012,0.702,0.712 | -0.045,-0.012,-0.002
q_GtoI = -0.585,-0.552,-0.430,0.410 | p_IinG = 2.577,1.385,0.595 | dist = 36.54 (meters)
bg = -0.0023,0.0237,0.0795 | ba = 0.0047,0.1236,0.0945
camera-imu timeoffset = -0.00012
cam0 intrinsics = 460.149,460.002,362.580,245.677 | -0.281,0.072,0.001,0.000
cam1 intrinsics = 457.721,457.603,376.137,253.111 | -0.277,0.068,0.001,-0.000
cam0 extrinsics = -0.002,0.008,0.702,0.712 | 0.067,-0.011,-0.001
cam1 extrinsics = 0.001,0.012,0.702,0.712 | -0.045,-0.012,-0.002
q_GtoI = -0.583,-0.554,-0.434,0.405 | p_IinG = 2.570,1.421,0.596 | dist = 36.58 (meters)
bg = -0.0024,0.0237,0.0795 | ba = 0.0032,0.1241,0.0958
camera-imu timeoffset = -0.00012
cam0 intrinsics = 460.152,460.003,362.581,245.670 | -0.281,0.072,0.001,0.000
cam1 intrinsics = 457.724,457.603,376.135,253.102 | -0.277,0.068,0.001,-0.000
cam0 extrinsics = -0.002,0.008,0.702,0.712 | 0.067,-0.011,-0.001
cam1 extrinsics = 0.001,0.012,0.702,0.712 | -0.045,-0.012,-0.002
q_GtoI = -0.582,-0.555,-0.436,0.403 | p_IinG = 2.559,1.455,0.592 | dist = 36.62 (meters)
bg = -0.0022,0.0235,0.0797 | ba = 0.0022,0.1251,0.0977
camera-imu timeoffset = -0.00012
cam0 intrinsics = 460.158,460.006,362.584,245.673 | -0.281,0.072,0.001,0.000
cam1 intrinsics = 457.727,457.603,376.138,253.102 | -0.277,0.068,0.001,-0.000
cam0 extrinsics = -0.002,0.008,0.702,0.712 | 0.067,-0.011,-0.001
cam1 extrinsics = 0.001,0.012,0.702,0.712 | -0.045,-0.012,-0.002
q_GtoI = -0.583,-0.555,-0.437,0.401 | p_IinG = 2.548,1.488,0.586 | dist = 36.66 (meters)
bg = -0.0022,0.0235,0.0799 | ba = 0.0022,0.1259,0.0990
camera-imu timeoffset = -0.00012
cam0 intrinsics = 460.162,460.009,362.583,245.672 | -0.281,0.072,0.001,0.000
cam1 intrinsics = 457.730,457.603,376.136,253.097 | -0.277,0.068,0.001,-0.000
cam0 extrinsics = -0.002,0.008,0.702,0.712 | 0.067,-0.011,-0.001
cam1 extrinsics = 0.001,0.012,0.702,0.712 | -0.045,-0.012,-0.002
q_GtoI = -0.582,-0.554,-0.439,0.402 | p_IinG = 2.537,1.519,0.576 | dist = 36.69 (meters)
bg = -0.0022,0.0234,0.0801 | ba = 0.0036,0.1258,0.0997
camera-imu timeoffset = -0.00012
cam0 intrinsics = 460.170,460.019,362.584,245.664 | -0.281,0.072,0.001,0.000
cam1 intrinsics = 457.737,457.611,376.124,253.084 | -0.277,0.068,0.001,-0.000
cam0 extrinsics = -0.002,0.008,0.702,0.712 | 0.067,-0.011,-0.001
cam1 extrinsics = 0.001,0.012,0.702,0.712 | -0.045,-0.012,-0.002
q_GtoI = -0.581,-0.552,-0.441,0.405 | p_IinG = 2.526,1.551,0.567 | dist = 36.73 (meters)
bg = -0.0021,0.0235,0.0803 | ba = 0.0051,0.1257,0.0999
camera-imu timeoffset = -0.00012
cam0 intrinsics = 460.182,460.028,362.578,245.656 | -0.281,0.072,0.001,0.000
cam1 intrinsics = 457.742,457.612,376.111,253.073 | -0.277,0.068,0.001,-0.000
cam0 extrinsics = -0.002,0.008,0.702,0.712 | 0.067,-0.011,-0.001
cam1 extrinsics = 0.001,0.012,0.702,0.712 | -0.045,-0.012,-0.002
q_GtoI = -0.578,-0.548,-0.445,0.409 | p_IinG = 2.513,1.582,0.559 | dist = 36.76 (meters)
bg = -0.0020,0.0236,0.0803 | ba = 0.0063,0.1261,0.1003
camera-imu timeoffset = -0.00012
cam0 intrinsics = 460.187,460.033,362.579,245.652 | -0.281,0.072,0.001,0.000
cam1 intrinsics = 457.745,457.611,376.110,253.070 | -0.277,0.068,0.001,-0.000
cam0 extrinsics = -0.002,0.008,0.702,0.712 | 0.067,-0.011,-0.001
cam1 extrinsics = 0.001,0.012,0.702,0.712 | -0.045,-0.012,-0.002
q_GtoI = -0.577,-0.545,-0.447,0.413 | p_IinG = 2.500,1.611,0.552 | dist = 36.79 (meters)
bg = -0.0019,0.0239,0.0803 | ba = 0.0070,0.1258,0.1007
camera-imu timeoffset = -0.00012
cam0 intrinsics = 460.191,460.037,362.575,245.650 | -0.281,0.072,0.001,0.000
cam1 intrinsics = 457.743,457.609,376.102,253.066 | -0.277,0.068,0.001,-0.000
cam0 extrinsics = -0.002,0.008,0.702,0.712 | 0.067,-0.011,-0.001
cam1 extrinsics = 0.001,0.012,0.702,0.712 | -0.045,-0.012,-0.001
q_GtoI = -0.577,-0.541,-0.447,0.418 | p_IinG = 2.487,1.639,0.546 | dist = 36.82 (meters)
bg = -0.0020,0.0242,0.0802 | ba = 0.0067,0.1259,0.1012
camera-imu timeoffset = -0.00012
cam0 intrinsics = 460.194,460.040,362.575,245.655 | -0.281,0.072,0.001,0.000
cam1 intrinsics = 457.738,457.606,376.090,253.069 | -0.277,0.068,0.001,-0.000
cam0 extrinsics = -0.002,0.008,0.702,0.712 | 0.067,-0.011,-0.001
cam1 extrinsics = 0.001,0.012,0.702,0.712 | -0.045,-0.012,-0.002
q_GtoI = -0.578,-0.536,-0.445,0.425 | p_IinG = 2.471,1.661,0.542 | dist = 36.85 (meters)
bg = -0.0018,0.0243,0.0804 | ba = 0.0056,0.1274,0.1027
camera-imu timeoffset = -0.00012
cam0 intrinsics = 460.199,460.036,362.567,245.654 | -0.281,0.072,0.001,0.000
cam1 intrinsics = 457.738,457.600,376.068,253.057 | -0.277,0.068,0.001,-0.000
cam0 extrinsics = -0.002,0.008,0.702,0.712 | 0.067,-0.011,-0.001
cam1 extrinsics = 0.001,0.012,0.702,0.712 | -0.045,-0.012,-0.002
q_GtoI = -0.580,-0.533,-0.442,0.429 | p_IinG = 2.457,1.683,0.538 | dist = 36.88 (meters)
bg = -0.0019,0.0246,0.0803 | ba = 0.0053,0.1272,0.1032
camera-imu timeoffset = -0.00012
cam0 intrinsics = 460.200,460.039,362.564,245.649 | -0.281,0.072,0.001,0.000
cam1 intrinsics = 457.732,457.597,376.053,253.047 | -0.277,0.068,0.001,-0.000
cam0 extrinsics = -0.002,0.008,0.702,0.712 | 0.067,-0.011,-0.001
cam1 extrinsics = 0.001,0.012,0.702,0.712 | -0.045,-0.012,-0.002
q_GtoI = -0.582,-0.531,-0.439,0.431 | p_IinG = 2.444,1.704,0.536 | dist = 36.90 (meters)
bg = -0.0021,0.0250,0.0802 | ba = 0.0047,0.1271,0.1040
camera-imu timeoffset = -0.00012
cam0 intrinsics = 460.202,460.042,362.563,245.650 | -0.281,0.072,0.001,0.000
cam1 intrinsics = 457.725,457.593,376.041,253.042 | -0.277,0.068,0.001,-0.000
cam0 extrinsics = -0.002,0.008,0.702,0.712 | 0.067,-0.011,-0.001
cam1 extrinsics = 0.001,0.012,0.702,0.712 | -0.045,-0.012,-0.002
q_GtoI = -0.586,-0.531,-0.434,0.431 | p_IinG = 2.432,1.722,0.534 | dist = 36.92 (meters)
bg = -0.0021,0.0252,0.0801 | ba = 0.0042,0.1268,0.1052
camera-imu timeoffset = -0.00012
cam0 intrinsics = 460.203,460.045,362.564,245.645 | -0.281,0.072,0.001,0.000
cam1 intrinsics = 457.720,457.591,376.032,253.033 | -0.277,0.068,0.001,-0.000
cam0 extrinsics = -0.002,0.008,0.702,0.712 | 0.067,-0.011,-0.001
cam1 extrinsics = 0.001,0.012,0.702,0.712 | -0.045,-0.012,-0.002
q_GtoI = -0.591,-0.534,-0.427,0.428 | p_IinG = 2.420,1.737,0.532 | dist = 36.94 (meters)
bg = -0.0022,0.0254,0.0801 | ba = 0.0041,0.1267,0.1065
camera-imu timeoffset = -0.00012
cam0 intrinsics = 460.205,460.050,362.569,245.638 | -0.281,0.072,0.001,0.000
cam1 intrinsics = 457.714,457.589,376.031,253.023 | -0.277,0.068,0.001,-0.000
cam0 extrinsics = -0.002,0.008,0.702,0.712 | 0.067,-0.011,-0.001
cam1 extrinsics = 0.001,0.012,0.702,0.712 | -0.045,-0.012,-0.002
q_GtoI = -0.597,-0.538,-0.419,0.423 | p_IinG = 2.409,1.750,0.530 | dist = 36.96 (meters)
bg = -0.0023,0.0255,0.0801 | ba = 0.0042,0.1269,0.1083
camera-imu timeoffset = -0.00012
cam0 intrinsics = 460.211,460.055,362.587,245.626 | -0.281,0.072,0.001,0.000
cam1 intrinsics = 457.709,457.586,376.039,253.012 | -0.277,0.068,0.001,-0.000
cam0 extrinsics = -0.002,0.008,0.702,0.712 | 0.067,-0.011,-0.001
cam1 extrinsics = 0.001,0.012,0.702,0.712 | -0.045,-0.012,-0.002
q_GtoI = -0.602,-0.542,-0.412,0.417 | p_IinG = 2.399,1.762,0.527 | dist = 36.98 (meters)
bg = -0.0023,0.0254,0.0802 | ba = 0.0045,0.1262,0.1103
camera-imu timeoffset = -0.00012
cam0 intrinsics = 460.215,460.061,362.611,245.603 | -0.281,0.072,0.001,0.000
cam1 intrinsics = 457.706,457.584,376.043,252.992 | -0.277,0.068,0.001,-0.000
cam0 extrinsics = -0.002,0.008,0.702,0.712 | 0.066,-0.011,-0.001
cam1 extrinsics = 0.001,0.012,0.702,0.712 | -0.045,-0.012,-0.002
q_GtoI = -0.605,-0.546,-0.409,0.410 | p_IinG = 2.390,1.773,0.526 | dist = 36.99 (meters)
bg = -0.0025,0.0253,0.0802 | ba = 0.0052,0.1261,0.1123
camera-imu timeoffset = -0.00012
cam0 intrinsics = 460.219,460.065,362.604,245.596 | -0.281,0.072,0.001,0.000
cam1 intrinsics = 457.702,457.583,376.022,252.984 | -0.277,0.068,0.001,-0.000
cam0 extrinsics = -0.002,0.008,0.702,0.712 | 0.066,-0.011,-0.001
cam1 extrinsics = 0.001,0.012,0.702,0.712 | -0.045,-0.012,-0.002
q_GtoI = -0.606,-0.550,-0.408,0.404 | p_IinG = 2.382,1.785,0.527 | dist = 37.00 (meters)
bg = -0.0025,0.0253,0.0802 | ba = 0.0058,0.1258,0.1141
camera-imu timeoffset = -0.00012
cam0 intrinsics = 460.222,460.066,362.616,245.603 | -0.281,0.072,0.001,0.000
cam1 intrinsics = 457.696,457.575,376.024,252.994 | -0.277,0.068,0.001,-0.000
cam0 extrinsics = -0.002,0.008,0.702,0.712 | 0.066,-0.011,-0.001
cam1 extrinsics = 0.001,0.012,0.702,0.712 | -0.045,-0.012,-0.002
q_GtoI = -0.606,-0.553,-0.409,0.399 | p_IinG = 2.375,1.796,0.526 | dist = 37.02 (meters)
bg = -0.0024,0.0253,0.0801 | ba = 0.0067,0.1255,0.1159
camera-imu timeoffset = -0.00012
cam0 intrinsics = 460.224,460.063,362.627,245.606 | -0.281,0.072,0.001,0.000
cam1 intrinsics = 457.692,457.566,376.026,253.001 | -0.277,0.068,0.001,-0.000
cam0 extrinsics = -0.002,0.008,0.702,0.712 | 0.066,-0.011,-0.001
cam1 extrinsics = 0.001,0.012,0.702,0.712 | -0.045,-0.012,-0.002
q_GtoI = -0.605,-0.555,-0.411,0.396 | p_IinG = 2.368,1.808,0.525 | dist = 37.03 (meters)
bg = -0.0023,0.0254,0.0800 | ba = 0.0078,0.1255,0.1176
camera-imu timeoffset = -0.00012
cam0 intrinsics = 460.222,460.060,362.640,245.613 | -0.281,0.072,0.001,0.000
cam1 intrinsics = 457.688,457.560,376.024,253.005 | -0.277,0.068,0.001,-0.000
cam0 extrinsics = -0.002,0.008,0.702,0.712 | 0.066,-0.011,-0.001
cam1 extrinsics = 0.001,0.012,0.702,0.712 | -0.045,-0.012,-0.002
q_GtoI = -0.604,-0.555,-0.414,0.395 | p_IinG = 2.361,1.820,0.521 | dist = 37.05 (meters)
bg = -0.0022,0.0254,0.0801 | ba = 0.0088,0.1253,0.1197
camera-imu timeoffset = -0.00012
cam0 intrinsics = 460.225,460.061,362.657,245.622 | -0.281,0.072,0.001,0.000
cam1 intrinsics = 457.681,457.552,376.026,253.017 | -0.277,0.068,0.001,-0.000
cam0 extrinsics = -0.002,0.008,0.702,0.712 | 0.066,-0.011,-0.000
cam1 extrinsics = 0.001,0.012,0.702,0.712 | -0.045,-0.012,-0.002
q_GtoI = -0.602,-0.553,-0.418,0.396 | p_IinG = 2.355,1.831,0.514 | dist = 37.06 (meters)
bg = -0.0022,0.0254,0.0801 | ba = 0.0104,0.1247,0.1223
camera-imu timeoffset = -0.00012
cam0 intrinsics = 460.227,460.061,362.666,245.633 | -0.281,0.072,0.001,0.000
cam1 intrinsics = 457.677,457.548,376.022,253.029 | -0.277,0.068,0.001,-0.000
cam0 extrinsics = -0.002,0.008,0.702,0.712 | 0.066,-0.011,-0.000
cam1 extrinsics = 0.001,0.012,0.702,0.712 | -0.045,-0.012,-0.002
q_GtoI = -0.598,-0.551,-0.423,0.400 | p_IinG = 2.348,1.843,0.506 | dist = 37.08 (meters)
bg = -0.0021,0.0255,0.0802 | ba = 0.0120,0.1242,0.1239
camera-imu timeoffset = -0.00012
cam0 intrinsics = 460.229,460.064,362.672,245.642 | -0.281,0.072,0.001,0.000
cam1 intrinsics = 457.673,457.545,376.016,253.037 | -0.277,0.068,0.001,-0.000
cam0 extrinsics = -0.002,0.008,0.702,0.712 | 0.066,-0.011,-0.000
cam1 extrinsics = 0.001,0.012,0.702,0.712 | -0.045,-0.012,-0.002
q_GtoI = -0.594,-0.548,-0.429,0.403 | p_IinG = 2.341,1.854,0.496 | dist = 37.09 (meters)
bg = -0.0021,0.0257,0.0803 | ba = 0.0139,0.1233,0.1249
camera-imu timeoffset = -0.00012
cam0 intrinsics = 460.232,460.067,362.681,245.648 | -0.281,0.072,0.001,0.000
cam1 intrinsics = 457.670,457.543,376.013,253.043 | -0.277,0.068,0.001,-0.000
cam0 extrinsics = -0.002,0.008,0.702,0.712 | 0.066,-0.011,-0.000
cam1 extrinsics = 0.001,0.012,0.702,0.712 | -0.045,-0.012,-0.002
q_GtoI = -0.590,-0.545,-0.435,0.406 | p_IinG = 2.335,1.864,0.483 | dist = 37.11 (meters)
bg = -0.0021,0.0258,0.0804 | ba = 0.0154,0.1226,0.1250
camera-imu timeoffset = -0.00012
cam0 intrinsics = 460.236,460.073,362.695,245.651 | -0.281,0.072,0.001,0.000
cam1 intrinsics = 457.667,457.542,376.013,253.044 | -0.277,0.068,0.001,-0.000
cam0 extrinsics = -0.002,0.008,0.702,0.712 | 0.066,-0.011,-0.000
cam1 extrinsics = 0.001,0.012,0.702,0.712 | -0.045,-0.012,-0.002
q_GtoI = -0.587,-0.543,-0.440,0.408 | p_IinG = 2.328,1.873,0.468 | dist = 37.13 (meters)
bg = -0.0020,0.0260,0.0804 | ba = 0.0164,0.1218,0.1242
camera-imu timeoffset = -0.00012
cam0 intrinsics = 460.239,460.078,362.714,245.654 | -0.281,0.072,0.001,0.000
cam1 intrinsics = 457.663,457.542,376.017,253.045 | -0.277,0.068,0.001,-0.000
cam0 extrinsics = -0.002,0.008,0.702,0.712 | 0.066,-0.011,-0.000
cam1 extrinsics = 0.001,0.012,0.702,0.712 | -0.045,-0.012,-0.001
q_GtoI = -0.583,-0.541,-0.446,0.411 | p_IinG = 2.321,1.881,0.454 | dist = 37.15 (meters)
bg = -0.0020,0.0261,0.0805 | ba = 0.0171,0.1210,0.1230
camera-imu timeoffset = -0.00012
cam0 intrinsics = 460.244,460.086,362.736,245.659 | -0.281,0.072,0.001,0.000
cam1 intrinsics = 457.661,457.543,376.026,253.047 | -0.277,0.068,0.001,-0.000
cam0 extrinsics = -0.002,0.008,0.702,0.712 | 0.066,-0.011,-0.000
cam1 extrinsics = 0.001,0.012,0.702,0.712 | -0.045,-0.012,-0.001
q_GtoI = -0.579,-0.538,-0.452,0.414 | p_IinG = 2.314,1.888,0.441 | dist = 37.16 (meters)
bg = -0.0019,0.0263,0.0805 | ba = 0.0178,0.1203,0.1220
camera-imu timeoffset = -0.00012
cam0 intrinsics = 460.247,460.089,362.764,245.665 | -0.281,0.072,0.001,0.000
cam1 intrinsics = 457.658,457.540,376.037,253.047 | -0.277,0.068,0.001,-0.000
cam0 extrinsics = -0.002,0.008,0.702,0.712 | 0.066,-0.011,-0.000
cam1 extrinsics = 0.001,0.012,0.702,0.712 | -0.045,-0.012,-0.001
q_GtoI = -0.575,-0.534,-0.457,0.419 | p_IinG = 2.306,1.893,0.429 | dist = 37.18 (meters)
bg = -0.0019,0.0265,0.0806 | ba = 0.0186,0.1198,0.1216
camera-imu timeoffset = -0.00012
cam0 intrinsics = 460.251,460.092,362.803,245.676 | -0.281,0.072,0.001,0.000
cam1 intrinsics = 457.653,457.536,376.051,253.052 | -0.277,0.068,0.001,-0.000
cam0 extrinsics = -0.002,0.008,0.702,0.712 | 0.066,-0.011,-0.000
cam1 extrinsics = 0.001,0.012,0.702,0.712 | -0.045,-0.012,-0.001
q_GtoI = -0.573,-0.528,-0.458,0.428 | p_IinG = 2.297,1.895,0.419 | dist = 37.19 (meters)
bg = -0.0019,0.0267,0.0806 | ba = 0.0189,0.1195,0.1212
camera-imu timeoffset = -0.00012
cam0 intrinsics = 460.253,460.091,362.833,245.684 | -0.280,0.072,0.001,0.000
cam1 intrinsics = 457.648,457.529,376.062,253.052 | -0.277,0.068,0.001,-0.000
cam0 extrinsics = -0.002,0.008,0.702,0.712 | 0.066,-0.011,-0.000
cam1 extrinsics = 0.001,0.012,0.702,0.712 | -0.045,-0.012,-0.001
q_GtoI = -0.577,-0.524,-0.454,0.433 | p_IinG = 2.288,1.893,0.408 | dist = 37.21 (meters)
bg = -0.0018,0.0268,0.0805 | ba = 0.0190,0.1196,0.1209
camera-imu timeoffset = -0.00012
cam0 intrinsics = 460.254,460.091,362.837,245.690 | -0.280,0.072,0.001,0.000
cam1 intrinsics = 457.645,457.524,376.057,253.052 | -0.277,0.068,0.001,-0.000
cam0 extrinsics = -0.002,0.008,0.702,0.712 | 0.066,-0.011,-0.000
cam1 extrinsics = 0.001,0.012,0.702,0.712 | -0.045,-0.012,-0.002
q_GtoI = -0.586,-0.526,-0.441,0.431 | p_IinG = 2.279,1.888,0.397 | dist = 37.22 (meters)
bg = -0.0018,0.0267,0.0805 | ba = 0.0176,0.1190,0.1217
camera-imu timeoffset = -0.00013
cam0 intrinsics = 460.257,460.091,362.860,245.679 | -0.280,0.072,0.001,0.000
cam1 intrinsics = 457.643,457.521,376.058,253.040 | -0.277,0.068,0.001,-0.000
cam0 extrinsics = -0.002,0.008,0.702,0.712 | 0.066,-0.011,0.000
cam1 extrinsics = 0.001,0.012,0.702,0.712 | -0.045,-0.012,-0.001
q_GtoI = -0.599,-0.532,-0.424,0.423 | p_IinG = 2.270,1.880,0.382 | dist = 37.24 (meters)
bg = -0.0018,0.0263,0.0806 | ba = 0.0169,0.1187,0.1227
camera-imu timeoffset = -0.00013
cam0 intrinsics = 460.270,460.093,362.921,245.621 | -0.280,0.072,0.001,0.000
cam1 intrinsics = 457.652,457.521,376.083,252.985 | -0.277,0.068,0.001,-0.000
cam0 extrinsics = -0.002,0.008,0.702,0.712 | 0.066,-0.011,0.000
cam1 extrinsics = 0.001,0.012,0.702,0.712 | -0.045,-0.012,-0.001
q_GtoI = -0.614,-0.540,-0.403,0.410 | p_IinG = 2.263,1.870,0.368 | dist = 37.26 (meters)
bg = -0.0019,0.0260,0.0806 | ba = 0.0156,0.1189,0.1235
camera-imu timeoffset = -0.00013
cam0 intrinsics = 460.269,460.085,362.942,245.613 | -0.280,0.072,0.001,0.000
cam1 intrinsics = 457.651,457.511,376.106,252.982 | -0.277,0.068,0.001,-0.000
cam0 extrinsics = -0.002,0.008,0.702,0.712 | 0.066,-0.011,0.000
cam1 extrinsics = 0.001,0.012,0.702,0.712 | -0.045,-0.012,-0.001
q_GtoI = -0.630,-0.548,-0.381,0.396 | p_IinG = 2.257,1.860,0.353 | dist = 37.27 (meters)
bg = -0.0020,0.0259,0.0805 | ba = 0.0154,0.1189,0.1246
camera-imu timeoffset = -0.00013
cam0 intrinsics = 460.263,460.086,362.923,245.631 | -0.280,0.072,0.001,0.000
cam1 intrinsics = 457.644,457.506,376.101,253.009 | -0.277,0.068,0.001,-0.000
cam0 extrinsics = -0.002,0.008,0.702,0.712 | 0.066,-0.011,0.000
cam1 extrinsics = 0.001,0.012,0.702,0.712 | -0.045,-0.012,-0.001
q_GtoI = -0.645,-0.556,-0.359,0.382 | p_IinG = 2.252,1.851,0.336 | dist = 37.30 (meters)
bg = -0.0021,0.0258,0.0804 | ba = 0.0143,0.1191,0.1258
camera-imu timeoffset = -0.00013
cam0 intrinsics = 460.255,460.084,362.907,245.657 | -0.280,0.072,0.001,0.000
cam1 intrinsics = 457.631,457.499,376.077,253.039 | -0.277,0.068,0.001,-0.000
cam0 extrinsics = -0.002,0.008,0.702,0.712 | 0.066,-0.012,0.000
cam1 extrinsics = 0.001,0.012,0.702,0.712 | -0.045,-0.013,-0.001
q_GtoI = -0.657,-0.563,-0.341,0.369 | p_IinG = 2.249,1.845,0.318 | dist = 37.32 (meters)
bg = -0.0022,0.0256,0.0803 | ba = 0.0107,0.1201,0.1271
camera-imu timeoffset = -0.00013
cam0 intrinsics = 460.244,460.080,362.881,245.679 | -0.280,0.072,0.001,0.000
cam1 intrinsics = 457.618,457.492,376.048,253.071 | -0.277,0.068,0.001,-0.000
cam0 extrinsics = -0.002,0.008,0.702,0.712 | 0.066,-0.012,0.000
cam1 extrinsics = 0.001,0.012,0.702,0.712 | -0.045,-0.013,-0.001
q_GtoI = -0.660,-0.571,-0.336,0.355 | p_IinG = 2.247,1.842,0.297 | dist = 37.34 (meters)
bg = -0.0022,0.0252,0.0804 | ba = 0.0102,0.1224,0.1307
camera-imu timeoffset = -0.00012
cam0 intrinsics = 460.237,460.085,362.780,245.689 | -0.280,0.072,0.001,0.000
cam1 intrinsics = 457.617,457.505,375.945,253.075 | -0.277,0.068,0.001,-0.000
cam0 extrinsics = -0.002,0.008,0.702,0.712 | 0.066,-0.012,0.000
cam1 extrinsics = 0.001,0.012,0.702,0.712 | -0.045,-0.013,-0.001
q_GtoI = -0.658,-0.576,-0.340,0.346 | p_IinG = 2.250,1.846,0.279 | dist = 37.36 (meters)
bg = -0.0020,0.0252,0.0802 | ba = 0.0078,0.1221,0.1311
camera-imu timeoffset = -0.00011
cam0 intrinsics = 460.230,460.081,362.751,245.715 | -0.280,0.072,0.001,0.000
cam1 intrinsics = 457.611,457.501,375.915,253.108 | -0.277,0.068,0.001,-0.000
cam0 extrinsics = -0.002,0.008,0.702,0.712 | 0.066,-0.013,0.000
cam1 extrinsics = 0.001,0.012,0.702,0.712 | -0.045,-0.014,-0.001
q_GtoI = -0.649,-0.577,-0.356,0.345 | p_IinG = 2.254,1.855,0.262 | dist = 37.38 (meters)
bg = -0.0018,0.0252,0.0801 | ba = 0.0073,0.1214,0.1309
camera-imu timeoffset = -0.00011
cam0 intrinsics = 460.228,460.078,362.727,245.738 | -0.280,0.072,0.001,0.000
cam1 intrinsics = 457.610,457.498,375.889,253.135 | -0.277,0.068,0.001,-0.000
cam0 extrinsics = -0.002,0.008,0.702,0.712 | 0.066,-0.013,0.000
cam1 extrinsics = 0.001,0.012,0.702,0.712 | -0.045,-0.014,-0.001
q_GtoI = -0.638,-0.575,-0.376,0.349 | p_IinG = 2.259,1.868,0.245 | dist = 37.40 (meters)
bg = -0.0015,0.0252,0.0801 | ba = 0.0072,0.1206,0.1314
camera-imu timeoffset = -0.00011
cam0 intrinsics = 460.226,460.078,362.714,245.756 | -0.280,0.072,0.001,0.000
cam1 intrinsics = 457.609,457.498,375.875,253.154 | -0.277,0.068,0.001,-0.000
cam0 extrinsics = -0.002,0.008,0.702,0.713 | 0.066,-0.013,0.000
cam1 extrinsics = 0.001,0.012,0.702,0.712 | -0.045,-0.014,-0.001
q_GtoI = -0.625,-0.568,-0.397,0.359 | p_IinG = 2.263,1.885,0.228 | dist = 37.43 (meters)
bg = -0.0012,0.0252,0.0802 | ba = 0.0090,0.1206,0.1312
camera-imu timeoffset = -0.00012
cam0 intrinsics = 460.224,460.079,362.703,245.767 | -0.280,0.072,0.001,0.000
cam1 intrinsics = 457.608,457.500,375.864,253.167 | -0.277,0.068,0.001,-0.000
cam0 extrinsics = -0.002,0.008,0.702,0.713 | 0.066,-0.013,0.000
cam1 extrinsics = 0.001,0.012,0.702,0.712 | -0.045,-0.014,-0.001
q_GtoI = -0.611,-0.560,-0.419,0.372 | p_IinG = 2.267,1.905,0.213 | dist = 37.45 (meters)
bg = -0.0009,0.0253,0.0803 | ba = 0.0113,0.1201,0.1304
camera-imu timeoffset = -0.00011
cam0 intrinsics = 460.220,460.076,362.697,245.774 | -0.280,0.072,0.001,0.000
cam1 intrinsics = 457.606,457.499,375.858,253.174 | -0.277,0.068,0.001,-0.000
cam0 extrinsics = -0.002,0.008,0.702,0.713 | 0.066,-0.013,0.000
cam1 extrinsics = 0.001,0.012,0.702,0.712 | -0.045,-0.014,-0.001
q_GtoI = -0.598,-0.550,-0.437,0.385 | p_IinG = 2.271,1.926,0.199 | dist = 37.48 (meters)
bg = -0.0007,0.0254,0.0805 | ba = 0.0141,0.1194,0.1295
camera-imu timeoffset = -0.00011
cam0 intrinsics = 460.217,460.068,362.684,245.761 | -0.280,0.072,0.001,0.000
cam1 intrinsics = 457.604,457.494,375.845,253.162 | -0.277,0.068,0.001,0.000
cam0 extrinsics = -0.002,0.008,0.702,0.713 | 0.066,-0.013,0.001
cam1 extrinsics = 0.001,0.012,0.702,0.712 | -0.045,-0.014,-0.001
q_GtoI = -0.588,-0.543,-0.451,0.394 | p_IinG = 2.272,1.946,0.188 | dist = 37.50 (meters)
bg = -0.0006,0.0255,0.0808 | ba = 0.0166,0.1186,0.1305
camera-imu timeoffset = -0.00011
cam0 intrinsics = 460.190,460.038,362.695,245.764 | -0.280,0.072,0.001,0.000
cam1 intrinsics = 457.579,457.466,375.851,253.161 | -0.277,0.068,0.001,0.000
cam0 extrinsics = -0.002,0.008,0.702,0.713 | 0.066,-0.013,0.001
cam1 extrinsics = 0.001,0.012,0.702,0.712 | -0.045,-0.013,-0.001
q_GtoI = -0.582,-0.538,-0.460,0.401 | p_IinG = 2.273,1.964,0.182 | dist = 37.52 (meters)
bg = -0.0005,0.0256,0.0810 | ba = 0.0162,0.1181,0.1327
camera-imu timeoffset = -0.00011
cam0 intrinsics = 460.180,460.024,362.700,245.759 | -0.280,0.072,0.001,0.000
cam1 intrinsics = 457.570,457.454,375.856,253.153 | -0.277,0.068,0.001,0.000
cam0 extrinsics = -0.002,0.008,0.702,0.713 | 0.066,-0.012,0.000
cam1 extrinsics = 0.001,0.012,0.702,0.712 | -0.045,-0.013,-0.001
q_GtoI = -0.578,-0.534,-0.466,0.404 | p_IinG = 2.273,1.980,0.178 | dist = 37.54 (meters)
bg = -0.0003,0.0258,0.0811 | ba = 0.0163,0.1182,0.1344
camera-imu timeoffset = -0.00010
cam0 intrinsics = 460.170,460.000,362.709,245.761 | -0.280,0.072,0.001,0.000
cam1 intrinsics = 457.561,457.431,375.849,253.153 | -0.277,0.068,0.001,0.000
cam0 extrinsics = -0.002,0.008,0.702,0.713 | 0.066,-0.012,0.000
cam1 extrinsics = 0.001,0.012,0.702,0.712 | -0.045,-0.013,-0.001
q_GtoI = -0.576,-0.532,-0.470,0.406 | p_IinG = 2.272,1.993,0.181 | dist = 37.55 (meters)
bg = -0.0002,0.0261,0.0811 | ba = 0.0134,0.1178,0.1371
camera-imu timeoffset = -0.00010
cam0 intrinsics = 460.135,459.958,362.718,245.774 | -0.280,0.072,0.001,0.000
cam1 intrinsics = 457.522,457.386,375.859,253.164 | -0.277,0.068,0.001,0.000
cam0 extrinsics = -0.002,0.008,0.702,0.713 | 0.066,-0.012,0.000
cam1 extrinsics = 0.001,0.012,0.702,0.712 | -0.045,-0.013,-0.001
q_GtoI = -0.574,-0.529,-0.473,0.409 | p_IinG = 2.268,2.002,0.186 | dist = 37.56 (meters)
bg = -0.0002,0.0262,0.0811 | ba = 0.0115,0.1179,0.1397
camera-imu timeoffset = -0.00010
cam0 intrinsics = 460.124,459.942,362.724,245.769 | -0.280,0.072,0.001,0.000
cam1 intrinsics = 457.512,457.370,375.865,253.157 | -0.277,0.068,0.001,0.000
cam0 extrinsics = -0.002,0.008,0.702,0.713 | 0.066,-0.012,0.000
cam1 extrinsics = 0.001,0.012,0.702,0.712 | -0.045,-0.013,-0.001
q_GtoI = -0.571,-0.526,-0.478,0.412 | p_IinG = 2.263,2.009,0.197 | dist = 37.57 (meters)
bg = -0.0001,0.0263,0.0813 | ba = 0.0102,0.1171,0.1424
camera-imu timeoffset = -0.00010
cam0 intrinsics = 460.113,459.930,362.728,245.765 | -0.280,0.072,0.001,0.000
cam1 intrinsics = 457.501,457.357,375.872,253.150 | -0.277,0.068,0.001,0.000
cam0 extrinsics = -0.002,0.008,0.702,0.713 | 0.066,-0.012,0.000
cam1 extrinsics = 0.001,0.012,0.702,0.712 | -0.045,-0.013,-0.001
q_GtoI = -0.568,-0.521,-0.482,0.417 | p_IinG = 2.258,2.011,0.213 | dist = 37.59 (meters)
bg = -0.0001,0.0263,0.0814 | ba = 0.0111,0.1157,0.1453
camera-imu timeoffset = -0.00010
cam0 intrinsics = 460.101,459.915,362.731,245.766 | -0.280,0.072,0.001,0.000
cam1 intrinsics = 457.490,457.343,375.875,253.150 | -0.277,0.068,0.001,0.000
cam0 extrinsics = -0.002,0.008,0.702,0.713 | 0.066,-0.012,-0.000
cam1 extrinsics = 0.001,0.012,0.702,0.712 | -0.045,-0.013,-0.002
q_GtoI = -0.569,-0.518,-0.481,0.420 | p_IinG = 2.251,2.009,0.231 | dist = 37.61 (meters)
bg = -0.0002,0.0262,0.0815 | ba = 0.0129,0.1141,0.1483
camera-imu timeoffset = -0.00010
cam0 intrinsics = 460.091,459.901,362.731,245.767 | -0.280,0.072,0.001,0.000
cam1 intrinsics = 457.481,457.331,375.877,253.151 | -0.277,0.068,0.001,0.000
cam0 extrinsics = -0.002,0.008,0.702,0.713 | 0.066,-0.012,-0.000
cam1 extrinsics = 0.001,0.012,0.702,0.712 | -0.045,-0.013,-0.002
q_GtoI = -0.574,-0.521,-0.477,0.414 | p_IinG = 2.244,2.002,0.248 | dist = 37.63 (meters)
bg = -0.0002,0.0261,0.0816 | ba = 0.0144,0.1127,0.1513
camera-imu timeoffset = -0.00010
cam0 intrinsics = 460.082,459.891,362.731,245.771 | -0.280,0.072,0.001,0.000
cam1 intrinsics = 457.472,457.321,375.879,253.154 | -0.276,0.068,0.001,0.000
cam0 extrinsics = -0.002,0.008,0.702,0.713 | 0.066,-0.012,-0.000
cam1 extrinsics = 0.001,0.012,0.702,0.712 | -0.045,-0.013,-0.002
q_GtoI = -0.583,-0.528,-0.467,0.404 | p_IinG = 2.235,1.992,0.261 | dist = 37.65 (meters)
bg = -0.0003,0.0260,0.0816 | ba = 0.0161,0.1114,0.1542
camera-imu timeoffset = -0.00009
cam0 intrinsics = 460.075,459.886,362.731,245.777 | -0.280,0.072,0.001,0.000
cam1 intrinsics = 457.464,457.315,375.881,253.162 | -0.276,0.068,0.001,0.000
cam0 extrinsics = -0.002,0.008,0.702,0.713 | 0.066,-0.012,-0.000
cam1 extrinsics = 0.001,0.012,0.702,0.712 | -0.045,-0.013,-0.002
q_GtoI = -0.592,-0.535,-0.457,0.392 | p_IinG = 2.224,1.978,0.273 | dist = 37.67 (meters)
bg = -0.0003,0.0257,0.0817 | ba = 0.0163,0.1104,0.1574
camera-imu timeoffset = -0.00009
cam0 intrinsics = 460.071,459.885,362.728,245.788 | -0.280,0.072,0.001,0.000
cam1 intrinsics = 457.460,457.314,375.878,253.174 | -0.276,0.068,0.001,0.000
cam0 extrinsics = -0.002,0.008,0.702,0.713 | 0.066,-0.013,-0.000
cam1 extrinsics = 0.001,0.012,0.702,0.712 | -0.045,-0.014,-0.002
q_GtoI = -0.598,-0.542,-0.449,0.383 | p_IinG = 2.214,1.963,0.280 | dist = 37.69 (meters)
bg = -0.0005,0.0255,0.0815 | ba = 0.0158,0.1079,0.1609
camera-imu timeoffset = -0.00009
cam0 intrinsics = 460.080,459.896,362.850,245.678 | -0.280,0.072,0.001,0.000
cam1 intrinsics = 457.469,457.329,375.952,253.063 | -0.276,0.068,0.001,-0.000
cam0 extrinsics = -0.002,0.008,0.702,0.713 | 0.066,-0.012,-0.000
cam1 extrinsics = 0.001,0.012,0.702,0.712 | -0.046,-0.013,-0.002
q_GtoI = -0.601,-0.549,-0.443,0.375 | p_IinG = 2.200,1.947,0.287 | dist = 37.71 (meters)
bg = -0.0004,0.0252,0.0814 | ba = 0.0155,0.1084,0.1636
camera-imu timeoffset = -0.00009
cam0 intrinsics = 460.081,459.898,362.873,245.657 | -0.280,0.072,0.001,0.000
cam1 intrinsics = 457.472,457.331,375.970,253.045 | -0.276,0.068,0.001,-0.000
cam0 extrinsics = -0.002,0.008,0.702,0.713 | 0.066,-0.013,-0.000
cam1 extrinsics = 0.001,0.012,0.702,0.712 | -0.046,-0.014,-0.002
q_GtoI = -0.600,-0.557,-0.440,0.368 | p_IinG = 2.184,1.931,0.291 | dist = 37.73 (meters)
bg = -0.0003,0.0247,0.0813 | ba = 0.0162,0.1091,0.1657
camera-imu timeoffset = -0.00009
cam0 intrinsics = 460.079,459.897,362.906,245.626 | -0.280,0.071,0.001,0.000
cam1 intrinsics = 457.475,457.334,376.000,253.021 | -0.276,0.068,0.001,-0.000
cam0 extrinsics = -0.002,0.008,0.702,0.713 | 0.065,-0.013,-0.000
cam1 extrinsics = 0.001,0.012,0.702,0.712 | -0.046,-0.014,-0.002
q_GtoI = -0.594,-0.568,-0.440,0.361 | p_IinG = 2.166,1.916,0.294 | dist = 37.75 (meters)
bg = -0.0002,0.0243,0.0815 | ba = 0.0181,0.1110,0.1674
camera-imu timeoffset = -0.00009
cam0 intrinsics = 460.084,459.905,362.942,245.602 | -0.280,0.071,0.001,0.000
cam1 intrinsics = 457.481,457.343,376.028,253.001 | -0.276,0.068,0.001,-0.000
cam0 extrinsics = -0.002,0.008,0.702,0.713 | 0.065,-0.013,-0.000
cam1 extrinsics = 0.001,0.012,0.702,0.712 | -0.046,-0.013,-0.002
q_GtoI = -0.586,-0.580,-0.439,0.357 | p_IinG = 2.147,1.903,0.297 | dist = 37.77 (meters)
bg = -0.0001,0.0241,0.0815 | ba = 0.0196,0.1123,0.1677
camera-imu timeoffset = -0.00009
cam0 intrinsics = 460.089,459.910,362.976,245.580 | -0.280,0.071,0.001,0.000
cam1 intrinsics = 457.487,457.348,376.054,252.979 | -0.276,0.068,0.001,-0.000
cam0 extrinsics = -0.002,0.008,0.702,0.713 | 0.065,-0.012,-0.000
cam1 extrinsics = 0.001,0.012,0.702,0.712 | -0.046,-0.013,-0.002
q_GtoI = -0.577,-0.591,-0.436,0.356 | p_IinG = 2.124,1.891,0.298 | dist = 37.80 (meters)
bg = -0.0000,0.0241,0.0815 | ba = 0.0209,0.1140,0.1667
camera-imu timeoffset = -0.00009
cam0 intrinsics = 460.087,459.912,362.972,245.579 | -0.280,0.071,0.001,0.000
cam1 intrinsics = 457.482,457.348,376.053,252.979 | -0.276,0.068,0.001,-0.000
cam0 extrinsics = -0.002,0.008,0.702,0.713 | 0.065,-0.012,-0.000
cam1 extrinsics = 0.001,0.012,0.702,0.712 | -0.046,-0.013,-0.002
q_GtoI = -0.569,-0.601,-0.429,0.362 | p_IinG = 2.101,1.881,0.296 | dist = 37.82 (meters)
bg = -0.0002,0.0239,0.0817 | ba = 0.0235,0.1149,0.1650
camera-imu timeoffset = -0.00009
cam0 intrinsics = 460.089,459.911,362.974,245.572 | -0.280,0.071,0.001,0.000
cam1 intrinsics = 457.481,457.345,376.057,252.971 | -0.276,0.068,0.001,-0.000
cam0 extrinsics = -0.002,0.008,0.702,0.713 | 0.065,-0.012,-0.000
cam1 extrinsics = 0.001,0.012,0.702,0.712 | -0.046,-0.013,-0.002
q_GtoI = -0.561,-0.609,-0.419,0.372 | p_IinG = 2.074,1.873,0.294 | dist = 37.85 (meters)
bg = -0.0002,0.0239,0.0818 | ba = 0.0257,0.1153,0.1633
camera-imu timeoffset = -0.00009
cam0 intrinsics = 460.094,459.921,362.988,245.565 | -0.280,0.071,0.001,0.000
cam1 intrinsics = 457.487,457.354,376.078,252.962 | -0.276,0.068,0.001,-0.000
cam0 extrinsics = -0.002,0.008,0.702,0.713 | 0.065,-0.012,-0.000
cam1 extrinsics = 0.001,0.012,0.702,0.712 | -0.046,-0.013,-0.002
q_GtoI = -0.552,-0.615,-0.409,0.387 | p_IinG = 2.044,1.866,0.294 | dist = 37.88 (meters)
bg = -0.0003,0.0240,0.0817 | ba = 0.0268,0.1151,0.1623
camera-imu timeoffset = -0.00009
cam0 intrinsics = 460.085,459.917,362.994,245.566 | -0.280,0.071,0.001,0.000
cam1 intrinsics = 457.479,457.353,376.084,252.963 | -0.276,0.068,0.001,-0.000
cam0 extrinsics = -0.002,0.008,0.702,0.713 | 0.065,-0.012,-0.000
cam1 extrinsics = 0.001,0.012,0.702,0.712 | -0.046,-0.013,-0.002
q_GtoI = -0.540,-0.621,-0.399,0.404 | p_IinG = 2.013,1.861,0.300 | dist = 37.91 (meters)
bg = -0.0002,0.0245,0.0814 | ba = 0.0269,0.1132,0.1609
camera-imu timeoffset = -0.00010
cam0 intrinsics = 460.085,459.920,362.992,245.569 | -0.280,0.071,0.001,0.000
cam1 intrinsics = 457.471,457.345,376.099,252.964 | -0.276,0.068,0.001,-0.000
cam0 extrinsics = -0.002,0.008,0.702,0.712 | 0.065,-0.013,0.000
cam1 extrinsics = 0.001,0.012,0.702,0.712 | -0.047,-0.014,-0.002
q_GtoI = -0.527,-0.625,-0.389,0.424 | p_IinG = 1.980,1.856,0.308 | dist = 37.95 (meters)
bg = -0.0003,0.0247,0.0813 | ba = 0.0281,0.1123,0.1600
camera-imu timeoffset = -0.00010
cam0 intrinsics = 460.080,459.923,362.991,245.572 | -0.280,0.071,0.001,0.000
cam1 intrinsics = 457.466,457.347,376.105,252.966 | -0.276,0.068,0.001,-0.000
cam0 extrinsics = -0.002,0.008,0.702,0.712 | 0.064,-0.013,0.000
cam1 extrinsics = 0.001,0.012,0.702,0.712 | -0.047,-0.014,-0.002
q_GtoI = -0.513,-0.630,-0.378,0.444 | p_IinG = 1.945,1.851,0.320 | dist = 37.99 (meters)
bg = -0.0003,0.0249,0.0812 | ba = 0.0281,0.1124,0.1599
camera-imu timeoffset = -0.00010
cam0 intrinsics = 460.077,459.924,362.988,245.570 | -0.280,0.071,0.001,0.000
cam1 intrinsics = 457.466,457.349,376.106,252.965 | -0.276,0.068,0.001,-0.000
cam0 extrinsics = -0.002,0.008,0.702,0.712 | 0.064,-0.013,0.000
cam1 extrinsics = 0.001,0.012,0.702,0.712 | -0.047,-0.014,-0.002
q_GtoI = -0.500,-0.634,-0.365,0.463 | p_IinG = 1.907,1.846,0.334 | dist = 38.03 (meters)
bg = -0.0002,0.0250,0.0813 | ba = 0.0289,0.1121,0.1603
camera-imu timeoffset = -0.00010
cam0 intrinsics = 460.088,459.942,362.985,245.570 | -0.280,0.071,0.001,0.000
cam1 intrinsics = 457.472,457.365,376.116,252.965 | -0.276,0.068,0.001,-0.000
cam0 extrinsics = -0.002,0.008,0.702,0.712 | 0.064,-0.013,0.000
cam1 extrinsics = 0.001,0.012,0.702,0.712 | -0.047,-0.014,-0.001
q_GtoI = -0.489,-0.638,-0.349,0.482 | p_IinG = 1.870,1.839,0.352 | dist = 38.07 (meters)
bg = -0.0002,0.0251,0.0813 | ba = 0.0303,0.1138,0.1592
camera-imu timeoffset = -0.00010
cam0 intrinsics = 460.097,459.935,362.989,245.571 | -0.280,0.071,0.001,0.000
cam1 intrinsics = 457.477,457.356,376.121,252.966 | -0.276,0.068,0.001,-0.000
cam0 extrinsics = -0.002,0.008,0.702,0.712 | 0.064,-0.013,0.000
cam1 extrinsics = 0.001,0.012,0.702,0.712 | -0.047,-0.014,-0.001
q_GtoI = -0.473,-0.642,-0.337,0.500 | p_IinG = 1.834,1.831,0.372 | dist = 38.11 (meters)
bg = -0.0002,0.0249,0.0812 | ba = 0.0328,0.1172,0.1590
camera-imu timeoffset = -0.00010
cam0 intrinsics = 460.104,459.935,362.988,245.573 | -0.280,0.071,0.001,0.000
cam1 intrinsics = 457.484,457.355,376.122,252.970 | -0.276,0.068,0.001,-0.000
cam0 extrinsics = -0.002,0.008,0.702,0.712 | 0.064,-0.013,0.000
cam1 extrinsics = 0.001,0.012,0.702,0.712 | -0.047,-0.014,-0.002
q_GtoI = -0.458,-0.647,-0.325,0.515 | p_IinG = 1.798,1.821,0.393 | dist = 38.15 (meters)
bg = -0.0003,0.0248,0.0811 | ba = 0.0341,0.1203,0.1576
camera-imu timeoffset = -0.00010
cam0 intrinsics = 460.117,459.939,362.976,245.568 | -0.280,0.071,0.001,0.000
cam1 intrinsics = 457.497,457.359,376.111,252.959 | -0.276,0.068,0.001,-0.000
cam0 extrinsics = -0.002,0.008,0.702,0.712 | 0.064,-0.013,0.000
cam1 extrinsics = 0.001,0.012,0.702,0.712 | -0.047,-0.014,-0.001
q_GtoI = -0.440,-0.653,-0.318,0.528 | p_IinG = 1.767,1.811,0.414 | dist = 38.19 (meters)
bg = -0.0003,0.0249,0.0811 | ba = 0.0361,0.1200,0.1580
camera-imu timeoffset = -0.00010
cam0 intrinsics = 460.117,459.941,362.976,245.572 | -0.280,0.071,0.001,0.000
cam1 intrinsics = 457.497,457.361,376.111,252.965 | -0.276,0.068,0.001,-0.000
cam0 extrinsics = -0.002,0.008,0.702,0.712 | 0.064,-0.013,0.000
cam1 extrinsics = 0.001,0.012,0.702,0.712 | -0.047,-0.014,-0.001
q_GtoI = -0.422,-0.658,-0.311,0.540 | p_IinG = 1.736,1.800,0.433 | dist = 38.23 (meters)
bg = -0.0003,0.0249,0.0811 | ba = 0.0369,0.1214,0.1581
camera-imu timeoffset = -0.00010
cam0 intrinsics = 460.123,459.945,362.971,245.572 | -0.280,0.071,0.001,0.000
cam1 intrinsics = 457.501,457.364,376.106,252.966 | -0.276,0.068,0.001,-0.000
cam0 extrinsics = -0.002,0.008,0.702,0.712 | 0.064,-0.013,0.000
cam1 extrinsics = 0.001,0.012,0.702,0.712 | -0.047,-0.014,-0.001
q_GtoI = -0.403,-0.665,-0.306,0.550 | p_IinG = 1.707,1.787,0.450 | dist = 38.26 (meters)
bg = -0.0003,0.0249,0.0811 | ba = 0.0370,0.1227,0.1571
camera-imu timeoffset = -0.00010
cam0 intrinsics = 460.126,459.947,362.967,245.573 | -0.280,0.071,0.001,0.000
cam1 intrinsics = 457.504,457.366,376.103,252.966 | -0.276,0.068,0.001,-0.000
cam0 extrinsics = -0.002,0.008,0.702,0.712 | 0.064,-0.013,0.000
cam1 extrinsics = 0.001,0.012,0.702,0.712 | -0.047,-0.014,-0.001
q_GtoI = -0.385,-0.670,-0.300,0.559 | p_IinG = 1.681,1.771,0.464 | dist = 38.30 (meters)
bg = -0.0002,0.0249,0.0811 | ba = 0.0376,0.1239,0.1577
camera-imu timeoffset = -0.00010
cam0 intrinsics = 460.131,459.950,362.959,245.573 | -0.280,0.071,0.001,0.000
cam1 intrinsics = 457.507,457.368,376.096,252.966 | -0.276,0.068,0.001,-0.000
cam0 extrinsics = -0.002,0.008,0.702,0.712 | 0.064,-0.013,0.000
cam1 extrinsics = 0.001,0.012,0.702,0.712 | -0.047,-0.014,-0.001
q_GtoI = -0.368,-0.677,-0.294,0.565 | p_IinG = 1.658,1.752,0.475 | dist = 38.33 (meters)
bg = -0.0002,0.0249,0.0810 | ba = 0.0379,0.1244,0.1574
camera-imu timeoffset = -0.00010
cam0 intrinsics = 460.132,459.952,362.958,245.574 | -0.280,0.071,0.001,0.000
cam1 intrinsics = 457.508,457.369,376.096,252.967 | -0.276,0.068,0.001,-0.000
cam0 extrinsics = -0.002,0.008,0.702,0.712 | 0.064,-0.013,0.000
cam1 extrinsics = 0.001,0.012,0.702,0.712 | -0.047,-0.014,-0.001
q_GtoI = -0.353,-0.685,-0.285,0.569 | p_IinG = 1.638,1.732,0.482 | dist = 38.36 (meters)
bg = -0.0002,0.0249,0.0809 | ba = 0.0380,0.1241,0.1572
camera-imu timeoffset = -0.00010
cam0 intrinsics = 460.130,459.953,362.955,245.574 | -0.280,0.071,0.001,0.000
cam1 intrinsics = 457.506,457.371,376.097,252.967 | -0.276,0.068,0.001,-0.000
cam0 extrinsics = -0.002,0.008,0.702,0.712 | 0.064,-0.013,0.000
cam1 extrinsics = 0.001,0.012,0.702,0.712 | -0.047,-0.014,-0.001
q_GtoI = -0.340,-0.694,-0.276,0.572 | p_IinG = 1.620,1.709,0.487 | dist = 38.39 (meters)
bg = -0.0001,0.0247,0.0805 | ba = 0.0378,0.1234,0.1572
camera-imu timeoffset = -0.00010
cam0 intrinsics = 460.121,459.953,362.958,245.579 | -0.280,0.071,0.001,0.000
cam1 intrinsics = 457.498,457.371,376.105,252.969 | -0.276,0.068,0.001,-0.000
cam0 extrinsics = -0.002,0.008,0.702,0.712 | 0.064,-0.013,0.000
cam1 extrinsics = 0.001,0.012,0.702,0.712 | -0.047,-0.014,-0.001
q_GtoI = -0.328,-0.705,-0.266,0.570 | p_IinG = 1.604,1.685,0.492 | dist = 38.42 (meters)
bg = -0.0000,0.0247,0.0803 | ba = 0.0369,0.1230,0.1573
camera-imu timeoffset = -0.00010
cam0 intrinsics = 460.118,459.954,362.960,245.574 | -0.280,0.071,0.001,0.000
cam1 intrinsics = 457.498,457.376,376.112,252.964 | -0.276,0.068,0.001,-0.000
cam0 extrinsics = -0.002,0.008,0.702,0.712 | 0.064,-0.013,0.000
cam1 extrinsics = 0.001,0.012,0.702,0.712 | -0.047,-0.014,-0.001
q_GtoI = -0.319,-0.717,-0.254,0.566 | p_IinG = 1.589,1.653,0.495 | dist = 38.45 (meters)
bg = 0.0005,0.0243,0.0803 | ba = 0.0379,0.1268,0.1590
camera-imu timeoffset = -0.00010
cam0 intrinsics = 460.085,459.930,362.950,245.580 | -0.280,0.071,0.001,0.000
cam1 intrinsics = 457.487,457.377,376.103,252.957 | -0.276,0.068,0.001,-0.000
cam0 extrinsics = -0.002,0.008,0.702,0.712 | 0.064,-0.013,0.000
cam1 extrinsics = 0.001,0.012,0.702,0.712 | -0.047,-0.014,-0.001
q_GtoI = -0.311,-0.730,-0.240,0.560 | p_IinG = 1.579,1.620,0.500 | dist = 38.48 (meters)
bg = 0.0006,0.0241,0.0803 | ba = 0.0384,0.1280,0.1623
camera-imu timeoffset = -0.00010
cam0 intrinsics = 460.089,459.932,362.946,245.572 | -0.280,0.071,0.001,0.000
cam1 intrinsics = 457.491,457.379,376.098,252.948 | -0.276,0.068,0.001,-0.000
cam0 extrinsics = -0.002,0.008,0.702,0.712 | 0.064,-0.013,0.000
cam1 extrinsics = 0.001,0.012,0.702,0.712 | -0.047,-0.014,-0.001
q_GtoI = -0.304,-0.742,-0.226,0.553 | p_IinG = 1.568,1.587,0.506 | dist = 38.51 (meters)
bg = 0.0007,0.0241,0.0804 | ba = 0.0371,0.1286,0.1628
camera-imu timeoffset = -0.00010
cam0 intrinsics = 460.088,459.929,362.935,245.572 | -0.280,0.071,0.001,0.000
cam1 intrinsics = 457.490,457.378,376.089,252.948 | -0.276,0.068,0.001,-0.000
cam0 extrinsics = -0.002,0.008,0.702,0.712 | 0.064,-0.013,0.000
cam1 extrinsics = 0.001,0.012,0.702,0.712 | -0.047,-0.014,-0.001
q_GtoI = -0.298,-0.753,-0.214,0.546 | p_IinG = 1.558,1.555,0.513 | dist = 38.55 (meters)
bg = 0.0008,0.0243,0.0807 | ba = 0.0349,0.1296,0.1629
camera-imu timeoffset = -0.00010
cam0 intrinsics = 460.072,459.933,362.947,245.563 | -0.280,0.071,0.001,0.000
cam1 intrinsics = 457.478,457.387,376.100,252.947 | -0.276,0.068,0.001,-0.000
cam0 extrinsics = -0.002,0.008,0.702,0.712 | 0.064,-0.013,0.000
cam1 extrinsics = 0.001,0.012,0.702,0.712 | -0.047,-0.014,-0.001
q_GtoI = -0.291,-0.762,-0.202,0.543 | p_IinG = 1.550,1.522,0.516 | dist = 38.58 (meters)
bg = 0.0007,0.0239,0.0806 | ba = 0.0361,0.1301,0.1631
camera-imu timeoffset = -0.00010
cam0 intrinsics = 460.065,459.918,362.929,245.569 | -0.280,0.071,0.001,0.000
cam1 intrinsics = 457.474,457.378,376.090,252.947 | -0.276,0.068,0.001,-0.000
cam0 extrinsics = -0.002,0.008,0.702,0.712 | 0.064,-0.013,0.000
cam1 extrinsics = 0.001,0.012,0.702,0.712 | -0.047,-0.014,-0.001
q_GtoI = -0.283,-0.769,-0.191,0.540 | p_IinG = 1.538,1.489,0.517 | dist = 38.62 (meters)
bg = 0.0009,0.0240,0.0806 | ba = 0.0371,0.1305,0.1628
camera-imu timeoffset = -0.00010
cam0 intrinsics = 460.057,459.909,362.935,245.556 | -0.280,0.071,0.001,0.000
cam1 intrinsics = 457.472,457.376,376.096,252.932 | -0.276,0.068,0.001,-0.000
cam0 extrinsics = -0.002,0.008,0.702,0.712 | 0.064,-0.013,0.000
cam1 extrinsics = 0.001,0.012,0.702,0.712 | -0.047,-0.014,-0.001
q_GtoI = -0.274,-0.775,-0.182,0.539 | p_IinG = 1.528,1.458,0.516 | dist = 38.65 (meters)
bg = 0.0010,0.0240,0.0806 | ba = 0.0383,0.1301,0.1635
camera-imu timeoffset = -0.00010
cam0 intrinsics = 460.065,459.915,362.943,245.545 | -0.280,0.071,0.001,0.000
cam1 intrinsics = 457.483,457.386,376.096,252.911 | -0.277,0.068,0.001,-0.000
cam0 extrinsics = -0.002,0.008,0.702,0.712 | 0.064,-0.013,0.000
cam1 extrinsics = 0.001,0.012,0.702,0.712 | -0.047,-0.014,-0.001
q_GtoI = -0.264,-0.780,-0.173,0.540 | p_IinG = 1.518,1.427,0.513 | dist = 38.68 (meters)
bg = 0.0009,0.0239,0.0806 | ba = 0.0396,0.1316,0.1641
camera-imu timeoffset = -0.00010
cam0 intrinsics = 460.064,459.913,362.940,245.543 | -0.280,0.071,0.001,0.000
cam1 intrinsics = 457.484,457.387,376.093,252.907 | -0.277,0.068,0.001,-0.000
cam0 extrinsics = -0.002,0.008,0.702,0.712 | 0.064,-0.013,0.000
cam1 extrinsics = 0.001,0.012,0.702,0.712 | -0.047,-0.014,-0.001
q_GtoI = -0.253,-0.783,-0.165,0.544 | p_IinG = 1.509,1.398,0.508 | dist = 38.71 (meters)
bg = 0.0008,0.0238,0.0805 | ba = 0.0410,0.1319,0.1650
camera-imu timeoffset = -0.00010
cam0 intrinsics = 460.056,459.903,362.934,245.545 | -0.280,0.071,0.001,0.000
cam1 intrinsics = 457.478,457.381,376.085,252.905 | -0.277,0.068,0.001,-0.000
cam0 extrinsics = -0.002,0.008,0.702,0.712 | 0.064,-0.013,0.000
cam1 extrinsics = 0.001,0.012,0.702,0.712 | -0.047,-0.014,-0.001
q_GtoI = -0.241,-0.785,-0.157,0.549 | p_IinG = 1.503,1.366,0.496 | dist = 38.75 (meters)
bg = 0.0003,0.0231,0.0809 | ba = 0.0444,0.1330,0.1653
camera-imu timeoffset = -0.00010
cam0 intrinsics = 460.037,459.879,362.933,245.541 | -0.280,0.071,0.001,0.000
cam1 intrinsics = 457.457,457.361,376.100,252.894 | -0.276,0.068,0.001,-0.000
cam0 extrinsics = -0.002,0.008,0.702,0.713 | 0.064,-0.013,0.000
cam1 extrinsics = 0.001,0.012,0.702,0.712 | -0.047,-0.014,-0.001
q_GtoI = -0.228,-0.786,-0.151,0.554 | p_IinG = 1.492,1.337,0.485 | dist = 38.78 (meters)
bg = 0.0003,0.0229,0.0810 | ba = 0.0439,0.1332,0.1633
camera-imu timeoffset = -0.00010
cam0 intrinsics = 460.034,459.875,362.944,245.540 | -0.280,0.071,0.001,0.000
cam1 intrinsics = 457.457,457.360,376.124,252.891 | -0.276,0.068,0.001,-0.000
cam0 extrinsics = -0.002,0.008,0.702,0.713 | 0.064,-0.013,0.000
cam1 extrinsics = 0.001,0.012,0.702,0.712 | -0.047,-0.014,-0.002
q_GtoI = -0.216,-0.788,-0.146,0.558 | p_IinG = 1.481,1.307,0.469 | dist = 38.81 (meters)
bg = 0.0004,0.0226,0.0812 | ba = 0.0448,0.1339,0.1612
camera-imu timeoffset = -0.00010
cam0 intrinsics = 460.036,459.878,362.972,245.517 | -0.280,0.071,0.001,0.000
cam1 intrinsics = 457.460,457.368,376.149,252.866 | -0.276,0.068,0.001,-0.000
cam0 extrinsics = -0.002,0.008,0.702,0.713 | 0.064,-0.013,0.000
cam1 extrinsics = 0.001,0.012,0.702,0.712 | -0.047,-0.014,-0.001
q_GtoI = -0.205,-0.789,-0.140,0.563 | p_IinG = 1.470,1.279,0.452 | dist = 38.85 (meters)
bg = 0.0005,0.0223,0.0813 | ba = 0.0441,0.1328,0.1579
camera-imu timeoffset = -0.00010
cam0 intrinsics = 460.031,459.875,362.989,245.501 | -0.280,0.071,0.001,0.000
cam1 intrinsics = 457.456,457.368,376.162,252.846 | -0.276,0.068,0.001,-0.000
cam0 extrinsics = -0.002,0.008,0.702,0.713 | 0.064,-0.013,0.000
cam1 extrinsics = 0.001,0.012,0.702,0.712 | -0.047,-0.014,-0.001
q_GtoI = -0.193,-0.790,-0.135,0.566 | p_IinG = 1.458,1.249,0.432 | dist = 38.88 (meters)
bg = 0.0006,0.0221,0.0815 | ba = 0.0424,0.1319,0.1542
camera-imu timeoffset = -0.00010
cam0 intrinsics = 460.022,459.866,362.999,245.483 | -0.280,0.071,0.001,0.000
cam1 intrinsics = 457.452,457.363,376.171,252.828 | -0.276,0.068,0.001,-0.000
cam0 extrinsics = -0.002,0.008,0.702,0.713 | 0.064,-0.013,-0.000
cam1 extrinsics = 0.001,0.012,0.702,0.712 | -0.047,-0.014,-0.002
q_GtoI = -0.183,-0.791,-0.129,0.570 | p_IinG = 1.447,1.220,0.410 | dist = 38.92 (meters)
bg = 0.0008,0.0220,0.0816 | ba = 0.0407,0.1303,0.1511
camera-imu timeoffset = -0.00010
cam0 intrinsics = 460.019,459.858,363.007,245.467 | -0.280,0.071,0.001,0.000
cam1 intrinsics = 457.453,457.360,376.177,252.810 | -0.276,0.068,0.001,-0.000
cam0 extrinsics = -0.002,0.008,0.702,0.713 | 0.064,-0.013,-0.000
cam1 extrinsics = 0.001,0.012,0.702,0.712 | -0.047,-0.014,-0.002
q_GtoI = -0.173,-0.792,-0.122,0.573 | p_IinG = 1.435,1.191,0.384 | dist = 38.96 (meters)
bg = 0.0009,0.0218,0.0817 | ba = 0.0390,0.1280,0.1470
camera-imu timeoffset = -0.00010
cam0 intrinsics = 460.017,459.853,363.009,245.448 | -0.280,0.071,0.001,0.000
cam1 intrinsics = 457.454,457.360,376.171,252.787 | -0.276,0.068,0.001,-0.000
cam0 extrinsics = -0.002,0.009,0.702,0.713 | 0.064,-0.013,-0.000
cam1 extrinsics = 0.001,0.012,0.702,0.712 | -0.047,-0.014,-0.002
q_GtoI = -0.162,-0.792,-0.116,0.576 | p_IinG = 1.425,1.164,0.358 | dist = 39.00 (meters)
bg = 0.0008,0.0215,0.0819 | ba = 0.0388,0.1242,0.1437
camera-imu timeoffset = -0.00010
cam0 intrinsics = 460.034,459.865,363.009,245.428 | -0.280,0.071,0.001,0.000
cam1 intrinsics = 457.479,457.380,376.158,252.760 | -0.276,0.068,0.001,-0.000
cam0 extrinsics = -0.002,0.009,0.702,0.713 | 0.064,-0.013,-0.000
cam1 extrinsics = 0.001,0.012,0.702,0.712 | -0.047,-0.014,-0.001
q_GtoI = -0.152,-0.791,-0.109,0.583 | p_IinG = 1.414,1.135,0.334 | dist = 39.04 (meters)
bg = 0.0009,0.0215,0.0820 | ba = 0.0395,0.1249,0.1420
camera-imu timeoffset = -0.00010
cam0 intrinsics = 460.038,459.870,363.013,245.411 | -0.280,0.071,0.001,0.000
cam1 intrinsics = 457.482,457.386,376.160,252.740 | -0.276,0.068,0.001,-0.000
cam0 extrinsics = -0.002,0.009,0.702,0.713 | 0.064,-0.013,-0.000
cam1 extrinsics = 0.001,0.012,0.702,0.712 | -0.047,-0.013,-0.001
q_GtoI = -0.141,-0.789,-0.104,0.589 | p_IinG = 1.405,1.106,0.312 | dist = 39.08 (meters)
bg = 0.0009,0.0213,0.0820 | ba = 0.0396,0.1251,0.1394
camera-imu timeoffset = -0.00010
cam0 intrinsics = 460.051,459.884,363.016,245.396 | -0.280,0.071,0.001,0.000
cam1 intrinsics = 457.496,457.403,376.159,252.722 | -0.277,0.068,0.001,-0.000
cam0 extrinsics = -0.002,0.009,0.702,0.713 | 0.064,-0.013,0.000
cam1 extrinsics = 0.001,0.012,0.702,0.712 | -0.047,-0.013,-0.001
q_GtoI = -0.132,-0.786,-0.098,0.596 | p_IinG = 1.396,1.077,0.290 | dist = 39.11 (meters)
bg = 0.0011,0.0212,0.0821 | ba = 0.0391,0.1238,0.1355
camera-imu timeoffset = -0.00010
cam0 intrinsics = 460.065,459.896,363.013,245.383 | -0.280,0.072,0.001,0.000
cam1 intrinsics = 457.524,457.430,376.151,252.703 | -0.277,0.068,0.001,-0.000
cam0 extrinsics = -0.002,0.009,0.702,0.713 | 0.064,-0.013,0.000
cam1 extrinsics = 0.001,0.012,0.702,0.712 | -0.047,-0.013,-0.001
q_GtoI = -0.124,-0.784,-0.093,0.601 | p_IinG = 1.388,1.048,0.270 | dist = 39.15 (meters)
bg = 0.0011,0.0211,0.0821 | ba = 0.0397,0.1238,0.1330
camera-imu timeoffset = -0.00010
cam0 intrinsics = 460.081,459.912,363.008,245.374 | -0.280,0.072,0.001,0.000
cam1 intrinsics = 457.541,457.449,376.141,252.688 | -0.277,0.068,0.001,-0.000
cam0 extrinsics = -0.002,0.009,0.702,0.713 | 0.064,-0.013,0.000
cam1 extrinsics = 0.001,0.012,0.702,0.712 | -0.047,-0.013,-0.001
q_GtoI = -0.117,-0.784,-0.089,0.604 | p_IinG = 1.383,1.020,0.249 | dist = 39.18 (meters)
bg = 0.0011,0.0210,0.0822 | ba = 0.0396,0.1219,0.1304
camera-imu timeoffset = -0.00010
cam0 intrinsics = 460.097,459.928,363.003,245.367 | -0.280,0.072,0.001,0.000
cam1 intrinsics = 457.559,457.467,376.133,252.677 | -0.277,0.068,0.001,-0.000
cam0 extrinsics = -0.002,0.009,0.702,0.713 | 0.064,-0.013,0.000
cam1 extrinsics = 0.001,0.012,0.702,0.712 | -0.047,-0.013,-0.001
q_GtoI = -0.110,-0.786,-0.084,0.602 | p_IinG = 1.379,0.991,0.228 | dist = 39.22 (meters)
bg = 0.0011,0.0207,0.0823 | ba = 0.0394,0.1184,0.1271
camera-imu timeoffset = -0.00010
cam0 intrinsics = 460.115,459.943,362.999,245.365 | -0.280,0.072,0.001,0.000
cam1 intrinsics = 457.579,457.485,376.124,252.670 | -0.277,0.068,0.001,-0.000
cam0 extrinsics = -0.002,0.009,0.702,0.713 | 0.064,-0.013,0.000
cam1 extrinsics = 0.001,0.012,0.702,0.712 | -0.047,-0.013,-0.001
q_GtoI = -0.102,-0.793,-0.079,0.596 | p_IinG = 1.378,0.962,0.204 | dist = 39.26 (meters)
bg = 0.0011,0.0204,0.0825 | ba = 0.0409,0.1154,0.1269
camera-imu timeoffset = -0.00010
cam0 intrinsics = 460.139,459.966,363.017,245.352 | -0.280,0.072,0.001,0.000
cam1 intrinsics = 457.603,457.508,376.123,252.648 | -0.277,0.068,0.001,-0.000
cam0 extrinsics = -0.002,0.009,0.702,0.713 | 0.064,-0.013,0.000
cam1 extrinsics = 0.001,0.012,0.702,0.712 | -0.047,-0.013,-0.001
q_GtoI = -0.093,-0.799,-0.072,0.590 | p_IinG = 1.377,0.935,0.184 | dist = 39.29 (meters)
bg = 0.0010,0.0203,0.0825 | ba = 0.0364,0.1081,0.1231
camera-imu timeoffset = -0.00010
cam0 intrinsics = 460.183,459.994,363.020,245.341 | -0.280,0.072,0.001,0.000
cam1 intrinsics = 457.650,457.541,376.127,252.631 | -0.277,0.068,0.001,0.000
cam0 extrinsics = -0.002,0.009,0.702,0.713 | 0.064,-0.013,0.001
cam1 extrinsics = 0.001,0.012,0.702,0.712 | -0.047,-0.013,-0.001
q_GtoI = -0.084,-0.805,-0.064,0.584 | p_IinG = 1.376,0.904,0.165 | dist = 39.33 (meters)
bg = 0.0011,0.0203,0.0827 | ba = 0.0342,0.1049,0.1228
camera-imu timeoffset = -0.00010
cam0 intrinsics = 460.199,460.009,363.013,245.337 | -0.280,0.072,0.001,0.000
cam1 intrinsics = 457.670,457.559,376.116,252.626 | -0.277,0.068,0.001,0.000
cam0 extrinsics = -0.002,0.009,0.702,0.713 | 0.064,-0.012,0.001
cam1 extrinsics = 0.001,0.012,0.702,0.712 | -0.047,-0.013,-0.001
q_GtoI = -0.074,-0.806,-0.056,0.585 | p_IinG = 1.375,0.874,0.151 | dist = 39.36 (meters)
bg = 0.0012,0.0202,0.0828 | ba = 0.0311,0.1036,0.1236
camera-imu timeoffset = -0.00009
cam0 intrinsics = 460.222,460.030,363.028,245.311 | -0.280,0.072,0.001,0.000
cam1 intrinsics = 457.694,457.581,376.134,252.602 | -0.277,0.068,0.001,0.000
cam0 extrinsics = -0.002,0.009,0.702,0.713 | 0.064,-0.012,0.001
cam1 extrinsics = 0.001,0.012,0.702,0.712 | -0.047,-0.013,-0.000
q_GtoI = -0.062,-0.803,-0.049,0.590 | p_IinG = 1.373,0.845,0.136 | dist = 39.39 (meters)
bg = 0.0012,0.0202,0.0831 | ba = 0.0292,0.1001,0.1216
camera-imu timeoffset = -0.00009
cam0 intrinsics = 460.267,460.065,363.014,245.303 | -0.280,0.072,0.001,0.000
cam1 intrinsics = 457.732,457.613,376.123,252.582 | -0.277,0.068,0.001,0.000
cam0 extrinsics = -0.002,0.009,0.702,0.713 | 0.064,-0.012,0.001
cam1 extrinsics = 0.001,0.012,0.702,0.712 | -0.047,-0.013,-0.000
q_GtoI = -0.051,-0.800,-0.041,0.597 | p_IinG = 1.370,0.814,0.121 | dist = 39.43 (meters)
bg = 0.0015,0.0200,0.0833 | ba = 0.0290,0.0994,0.1215
camera-imu timeoffset = -0.00009
cam0 intrinsics = 460.297,460.088,363.028,245.288 | -0.280,0.072,0.001,0.000
cam1 intrinsics = 457.764,457.644,376.136,252.582 | -0.277,0.068,0.001,0.000
cam0 extrinsics = -0.002,0.009,0.702,0.713 | 0.064,-0.012,0.001
cam1 extrinsics = 0.001,0.012,0.702,0.712 | -0.047,-0.013,-0.000
q_GtoI = -0.038,-0.798,-0.032,0.601 | p_IinG = 1.370,0.783,0.105 | dist = 39.46 (meters)
bg = 0.0017,0.0202,0.0834 | ba = 0.0291,0.0991,0.1230
camera-imu timeoffset = -0.00009
cam0 intrinsics = 460.301,460.091,363.020,245.276 | -0.280,0.072,0.001,0.000
cam1 intrinsics = 457.770,457.649,376.133,252.572 | -0.277,0.068,0.001,0.000
cam0 extrinsics = -0.002,0.009,0.702,0.713 | 0.065,-0.012,0.001
cam1 extrinsics = 0.001,0.012,0.702,0.712 | -0.047,-0.013,-0.000
q_GtoI = -0.025,-0.798,-0.024,0.602 | p_IinG = 1.370,0.750,0.085 | dist = 39.50 (meters)
bg = 0.0018,0.0202,0.0836 | ba = 0.0292,0.0994,0.1235
camera-imu timeoffset = -0.00009
cam0 intrinsics = 460.313,460.100,363.035,245.260 | -0.280,0.072,0.001,0.000
cam1 intrinsics = 457.783,457.660,376.145,252.557 | -0.277,0.068,0.001,0.000
cam0 extrinsics = -0.002,0.009,0.702,0.713 | 0.065,-0.012,0.001
cam1 extrinsics = 0.001,0.012,0.702,0.712 | -0.047,-0.013,-0.000
q_GtoI = -0.012,-0.800,-0.013,0.600 | p_IinG = 1.371,0.722,0.058 | dist = 39.54 (meters)
bg = 0.0017,0.0203,0.0836 | ba = 0.0317,0.0914,0.1225
camera-imu timeoffset = -0.00009
cam0 intrinsics = 460.373,460.149,363.021,245.259 | -0.280,0.072,0.001,0.000
cam1 intrinsics = 457.842,457.706,376.158,252.542 | -0.277,0.068,0.001,0.000
cam0 extrinsics = -0.002,0.009,0.702,0.713 | 0.064,-0.012,0.001
cam1 extrinsics = 0.001,0.012,0.702,0.712 | -0.047,-0.013,0.000
q_GtoI = -0.002,-0.804,0.001,0.595 | p_IinG = 1.373,0.691,0.031 | dist = 39.58 (meters)
bg = 0.0020,0.0204,0.0835 | ba = 0.0318,0.0896,0.1242
camera-imu timeoffset = -0.00009
cam0 intrinsics = 460.376,460.152,363.003,245.252 | -0.280,0.072,0.001,0.000
cam1 intrinsics = 457.849,457.713,376.143,252.535 | -0.277,0.068,0.001,0.000
cam0 extrinsics = -0.002,0.009,0.702,0.713 | 0.064,-0.012,0.001
cam1 extrinsics = 0.001,0.012,0.702,0.712 | -0.047,-0.013,0.000
q_GtoI = 0.007,-0.807,0.013,0.590 | p_IinG = 1.376,0.660,0.002 | dist = 39.62 (meters)
bg = 0.0021,0.0204,0.0832 | ba = 0.0335,0.0902,0.1258
camera-imu timeoffset = -0.00009
cam0 intrinsics = 460.389,460.166,362.991,245.249 | -0.280,0.072,0.001,0.000
cam1 intrinsics = 457.856,457.721,376.134,252.533 | -0.277,0.068,0.001,0.000
cam0 extrinsics = -0.002,0.009,0.702,0.713 | 0.064,-0.012,0.001
cam1 extrinsics = 0.001,0.012,0.702,0.712 | -0.047,-0.013,0.000
q_GtoI = 0.016,-0.810,0.023,0.586 | p_IinG = 1.379,0.628,-0.030 | dist = 39.67 (meters)
bg = 0.0025,0.0204,0.0832 | ba = 0.0336,0.0895,0.1276
camera-imu timeoffset = -0.00009
cam0 intrinsics = 460.393,460.172,362.975,245.252 | -0.280,0.072,0.001,0.000
cam1 intrinsics = 457.863,457.730,376.132,252.538 | -0.277,0.068,0.001,0.000
cam0 extrinsics = -0.002,0.009,0.702,0.713 | 0.064,-0.012,0.001
cam1 extrinsics = 0.001,0.012,0.702,0.712 | -0.047,-0.013,0.000
q_GtoI = 0.025,-0.811,0.028,0.583 | p_IinG = 1.381,0.605,-0.068 | dist = 39.71 (meters)
bg = 0.0023,0.0204,0.0830 | ba = 0.0314,0.0772,0.1259
camera-imu timeoffset = -0.00009
cam0 intrinsics = 460.447,460.203,363.004,245.199 | -0.281,0.072,0.001,0.000
cam1 intrinsics = 457.910,457.757,376.169,252.486 | -0.277,0.068,0.001,0.000
cam0 extrinsics = -0.002,0.009,0.702,0.713 | 0.064,-0.012,0.002
cam1 extrinsics = 0.001,0.012,0.702,0.712 | -0.047,-0.013,0.000
q_GtoI = 0.034,-0.813,0.032,0.581 | p_IinG = 1.383,0.577,-0.104 | dist = 39.76 (meters)
bg = 0.0025,0.0205,0.0829 | ba = 0.0325,0.0746,0.1282
camera-imu timeoffset = -0.00009
cam0 intrinsics = 460.455,460.204,363.008,245.191 | -0.281,0.072,0.001,0.000
cam1 intrinsics = 457.917,457.758,376.176,252.475 | -0.277,0.068,0.001,0.000
cam0 extrinsics = -0.002,0.009,0.702,0.713 | 0.064,-0.012,0.002
cam1 extrinsics = 0.001,0.012,0.702,0.712 | -0.047,-0.013,0.000
q_GtoI = 0.043,-0.813,0.033,0.579 | p_IinG = 1.386,0.551,-0.136 | dist = 39.80 (meters)
bg = 0.0027,0.0205,0.0829 | ba = 0.0321,0.0723,0.1314
camera-imu timeoffset = -0.00009
cam0 intrinsics = 460.466,460.210,363.006,245.195 | -0.281,0.072,0.001,0.000
cam1 intrinsics = 457.928,457.764,376.177,252.479 | -0.277,0.068,0.001,0.000
cam0 extrinsics = -0.002,0.009,0.702,0.713 | 0.064,-0.012,0.002
cam1 extrinsics = 0.001,0.012,0.702,0.712 | -0.047,-0.013,0.000
q_GtoI = 0.049,-0.813,0.035,0.579 | p_IinG = 1.391,0.525,-0.164 | dist = 39.84 (meters)
bg = 0.0027,0.0205,0.0830 | ba = 0.0312,0.0712,0.1339
camera-imu timeoffset = -0.00009
cam0 intrinsics = 460.477,460.216,363.001,245.202 | -0.281,0.072,0.001,0.000
cam1 intrinsics = 457.944,457.774,376.161,252.482 | -0.277,0.068,0.001,0.000
cam0 extrinsics = -0.002,0.009,0.702,0.713 | 0.064,-0.012,0.002
cam1 extrinsics = 0.001,0.012,0.702,0.712 | -0.047,-0.013,0.000
q_GtoI = 0.053,-0.812,0.040,0.580 | p_IinG = 1.397,0.503,-0.192 | dist = 39.87 (meters)
bg = 0.0024,0.0202,0.0829 | ba = 0.0292,0.0658,0.1328
camera-imu timeoffset = -0.00009
cam0 intrinsics = 460.495,460.225,363.044,245.209 | -0.281,0.072,0.001,0.000
cam1 intrinsics = 457.968,457.790,376.192,252.479 | -0.277,0.069,0.001,0.000
cam0 extrinsics = -0.002,0.009,0.702,0.713 | 0.064,-0.012,0.002
cam1 extrinsics = 0.001,0.012,0.702,0.712 | -0.047,-0.013,0.000
q_GtoI = 0.056,-0.811,0.043,0.580 | p_IinG = 1.405,0.482,-0.212 | dist = 39.90 (meters)
bg = 0.0021,0.0203,0.0828 | ba = 0.0254,0.0621,0.1346
camera-imu timeoffset = -0.00008
cam0 intrinsics = 460.498,460.227,363.093,245.221 | -0.281,0.072,0.001,0.000
cam1 intrinsics = 457.978,457.798,376.225,252.489 | -0.277,0.068,0.001,0.000
cam0 extrinsics = -0.002,0.009,0.702,0.713 | 0.064,-0.012,0.002
cam1 extrinsics = 0.001,0.012,0.702,0.712 | -0.047,-0.013,0.000
q_GtoI = 0.058,-0.810,0.045,0.582 | p_IinG = 1.411,0.461,-0.228 | dist = 39.93 (meters)
bg = 0.0019,0.0204,0.0826 | ba = 0.0188,0.0567,0.1318
camera-imu timeoffset = -0.00008
cam0 intrinsics = 460.518,460.252,363.090,245.233 | -0.281,0.072,0.001,0.000
cam1 intrinsics = 457.995,457.818,376.213,252.495 | -0.277,0.069,0.001,0.000
cam0 extrinsics = -0.002,0.009,0.702,0.713 | 0.064,-0.012,0.002
cam1 extrinsics = 0.001,0.012,0.702,0.712 | -0.047,-0.013,0.000
q_GtoI = 0.059,-0.810,0.047,0.582 | p_IinG = 1.417,0.441,-0.238 | dist = 39.96 (meters)
bg = 0.0016,0.0205,0.0825 | ba = 0.0130,0.0540,0.1306
camera-imu timeoffset = -0.00008
cam0 intrinsics = 460.529,460.266,363.120,245.236 | -0.281,0.072,0.001,0.000
cam1 intrinsics = 458.012,457.839,376.228,252.500 | -0.277,0.069,0.001,0.000
cam0 extrinsics = -0.002,0.009,0.702,0.713 | 0.065,-0.012,0.002
cam1 extrinsics = 0.001,0.012,0.702,0.712 | -0.047,-0.013,0.000
q_GtoI = 0.060,-0.809,0.048,0.583 | p_IinG = 1.424,0.422,-0.244 | dist = 39.98 (meters)
bg = 0.0013,0.0207,0.0823 | ba = 0.0066,0.0519,0.1283
camera-imu timeoffset = -0.00008
cam0 intrinsics = 460.548,460.283,363.163,245.253 | -0.281,0.072,0.001,0.000
cam1 intrinsics = 458.049,457.872,376.250,252.510 | -0.277,0.069,0.001,0.000
cam0 extrinsics = -0.002,0.009,0.702,0.713 | 0.064,-0.012,0.002
cam1 extrinsics = 0.001,0.012,0.702,0.712 | -0.047,-0.013,0.000
q_GtoI = 0.060,-0.807,0.049,0.585 | p_IinG = 1.430,0.402,-0.245 | dist = 40.01 (meters)
bg = 0.0011,0.0209,0.0822 | ba = 0.0025,0.0509,0.1269
camera-imu timeoffset = -0.00008
cam0 intrinsics = 460.559,460.298,363.206,245.272 | -0.280,0.072,0.001,0.000
cam1 intrinsics = 458.068,457.894,376.281,252.528 | -0.277,0.069,0.001,0.000
cam0 extrinsics = -0.002,0.009,0.702,0.713 | 0.064,-0.012,0.002
cam1 extrinsics = 0.001,0.012,0.702,0.712 | -0.047,-0.013,0.000
q_GtoI = 0.059,-0.805,0.050,0.588 | p_IinG = 1.434,0.381,-0.243 | dist = 40.03 (meters)
bg = 0.0011,0.0211,0.0822 | ba = -0.0005,0.0494,0.1253
camera-imu timeoffset = -0.00008
cam0 intrinsics = 460.571,460.311,363.236,245.278 | -0.280,0.072,0.001,0.000
cam1 intrinsics = 458.086,457.912,376.301,252.534 | -0.277,0.069,0.001,0.000
cam0 extrinsics = -0.002,0.009,0.702,0.713 | 0.064,-0.012,0.002
cam1 extrinsics = 0.001,0.012,0.702,0.712 | -0.047,-0.013,0.001
q_GtoI = 0.056,-0.803,0.051,0.591 | p_IinG = 1.439,0.362,-0.240 | dist = 40.05 (meters)
bg = 0.0010,0.0213,0.0821 | ba = -0.0015,0.0489,0.1243
camera-imu timeoffset = -0.00008
cam0 intrinsics = 460.574,460.316,363.258,245.294 | -0.280,0.072,0.001,0.000
cam1 intrinsics = 458.095,457.922,376.320,252.548 | -0.277,0.069,0.001,0.000
cam0 extrinsics = -0.002,0.009,0.702,0.713 | 0.064,-0.012,0.002
cam1 extrinsics = 0.001,0.012,0.702,0.712 | -0.047,-0.013,0.001
q_GtoI = 0.050,-0.801,0.051,0.595 | p_IinG = 1.444,0.343,-0.237 | dist = 40.07 (meters)
bg = 0.0010,0.0215,0.0821 | ba = -0.0024,0.0485,0.1236
camera-imu timeoffset = -0.00008
cam0 intrinsics = 460.573,460.319,363.280,245.308 | -0.280,0.072,0.001,0.000
cam1 intrinsics = 458.098,457.928,376.339,252.563 | -0.277,0.069,0.001,0.000
cam0 extrinsics = -0.002,0.009,0.702,0.713 | 0.064,-0.012,0.002
cam1 extrinsics = 0.001,0.012,0.702,0.712 | -0.047,-0.013,0.001
q_GtoI = 0.045,-0.799,0.048,0.598 | p_IinG = 1.450,0.325,-0.235 | dist = 40.09 (meters)
bg = 0.0009,0.0216,0.0820 | ba = -0.0034,0.0479,0.1233
camera-imu timeoffset = -0.00008
cam0 intrinsics = 460.570,460.320,363.297,245.312 | -0.280,0.072,0.001,0.000
cam1 intrinsics = 458.101,457.936,376.360,252.566 | -0.277,0.069,0.001,0.000
cam0 extrinsics = -0.002,0.009,0.702,0.713 | 0.064,-0.012,0.002
cam1 extrinsics = 0.001,0.012,0.702,0.712 | -0.047,-0.013,0.001
q_GtoI = 0.039,-0.797,0.045,0.601 | p_IinG = 1.455,0.310,-0.236 | dist = 40.10 (meters)
bg = 0.0010,0.0217,0.0819 | ba = -0.0039,0.0459,0.1224
camera-imu timeoffset = -0.00008
cam0 intrinsics = 460.572,460.316,363.315,245.332 | -0.280,0.072,0.001,0.000
cam1 intrinsics = 458.109,457.942,376.380,252.584 | -0.277,0.069,0.001,0.000
cam0 extrinsics = -0.002,0.009,0.702,0.713 | 0.064,-0.012,0.002
cam1 extrinsics = 0.001,0.012,0.702,0.712 | -0.047,-0.013,0.001
q_GtoI = 0.035,-0.794,0.041,0.605 | p_IinG = 1.463,0.294,-0.239 | dist = 40.12 (meters)
bg = 0.0010,0.0218,0.0818 | ba = -0.0044,0.0453,0.1217
camera-imu timeoffset = -0.00008
cam0 intrinsics = 460.569,460.316,363.337,245.319 | -0.280,0.072,0.001,0.000
cam1 intrinsics = 458.108,457.943,376.404,252.572 | -0.277,0.068,0.001,0.000
cam0 extrinsics = -0.002,0.009,0.702,0.713 | 0.064,-0.012,0.002
cam1 extrinsics = 0.001,0.012,0.702,0.712 | -0.047,-0.013,0.001
q_GtoI = 0.032,-0.791,0.036,0.610 | p_IinG = 1.473,0.279,-0.244 | dist = 40.14 (meters)
bg = 0.0009,0.0219,0.0817 | ba = -0.0048,0.0450,0.1207
camera-imu timeoffset = -0.00008
cam0 intrinsics = 460.558,460.310,363.339,245.319 | -0.280,0.072,0.001,0.000
cam1 intrinsics = 458.099,457.938,376.414,252.574 | -0.277,0.068,0.001,-0.000
cam0 extrinsics = -0.003,0.009,0.702,0.713 | 0.064,-0.012,0.002
cam1 extrinsics = 0.001,0.012,0.702,0.712 | -0.047,-0.013,0.001
q_GtoI = 0.029,-0.789,0.032,0.613 | p_IinG = 1.483,0.265,-0.252 | dist = 40.16 (meters)
bg = 0.0008,0.0219,0.0816 | ba = -0.0048,0.0458,0.1204
camera-imu timeoffset = -0.00008
cam0 intrinsics = 460.549,460.304,363.338,245.313 | -0.280,0.072,0.001,0.000
cam1 intrinsics = 458.095,457.937,376.426,252.557 | -0.277,0.068,0.001,-0.000
cam0 extrinsics = -0.003,0.009,0.702,0.713 | 0.064,-0.012,0.002
cam1 extrinsics = 0.001,0.012,0.702,0.712 | -0.047,-0.013,0.001
q_GtoI = 0.027,-0.789,0.027,0.613 | p_IinG = 1.495,0.251,-0.262 | dist = 40.18 (meters)
bg = 0.0008,0.0219,0.0815 | ba = -0.0042,0.0459,0.1197
camera-imu timeoffset = -0.00008
cam0 intrinsics = 460.540,460.299,363.337,245.310 | -0.280,0.072,0.001,0.000
cam1 intrinsics = 458.090,457.934,376.436,252.555 | -0.277,0.068,0.001,-0.000
cam0 extrinsics = -0.003,0.009,0.702,0.713 | 0.064,-0.012,0.002
cam1 extrinsics = 0.001,0.012,0.702,0.712 | -0.047,-0.013,0.001
q_GtoI = 0.025,-0.791,0.023,0.611 | p_IinG = 1.509,0.238,-0.276 | dist = 40.20 (meters)
bg = 0.0007,0.0220,0.0816 | ba = -0.0026,0.0467,0.1189
camera-imu timeoffset = -0.00008
cam0 intrinsics = 460.531,460.292,363.340,245.308 | -0.280,0.072,0.001,0.000
cam1 intrinsics = 458.083,457.930,376.443,252.553 | -0.277,0.068,0.001,-0.000
cam0 extrinsics = -0.003,0.009,0.702,0.713 | 0.064,-0.012,0.002
cam1 extrinsics = 0.001,0.012,0.702,0.712 | -0.047,-0.013,0.000
q_GtoI = 0.024,-0.795,0.019,0.605 | p_IinG = 1.525,0.225,-0.293 | dist = 40.23 (meters)
bg = 0.0005,0.0220,0.0816 | ba = -0.0002,0.0474,0.1191
camera-imu timeoffset = -0.00008
cam0 intrinsics = 460.536,460.300,363.347,245.301 | -0.280,0.072,0.001,0.000
cam1 intrinsics = 458.083,457.930,376.441,252.559 | -0.277,0.068,0.001,-0.000
cam0 extrinsics = -0.002,0.009,0.702,0.713 | 0.064,-0.012,0.002
cam1 extrinsics = 0.001,0.012,0.702,0.712 | -0.047,-0.012,0.000
q_GtoI = 0.022,-0.799,0.015,0.601 | p_IinG = 1.541,0.212,-0.311 | dist = 40.26 (meters)
bg = 0.0005,0.0219,0.0816 | ba = 0.0021,0.0471,0.1185
camera-imu timeoffset = -0.00008
cam0 intrinsics = 460.538,460.299,363.353,245.294 | -0.280,0.072,0.001,0.000
cam1 intrinsics = 458.087,457.931,376.448,252.552 | -0.277,0.068,0.001,-0.000
cam0 extrinsics = -0.002,0.009,0.702,0.713 | 0.064,-0.012,0.002
cam1 extrinsics = 0.001,0.012,0.702,0.712 | -0.047,-0.012,0.000
q_GtoI = 0.020,-0.802,0.012,0.597 | p_IinG = 1.559,0.199,-0.328 | dist = 40.28 (meters)
bg = 0.0004,0.0218,0.0815 | ba = 0.0042,0.0470,0.1184
camera-imu timeoffset = -0.00008
cam0 intrinsics = 460.531,460.292,363.356,245.285 | -0.280,0.072,0.001,0.000
cam1 intrinsics = 458.081,457.927,376.456,252.546 | -0.277,0.068,0.001,-0.000
cam0 extrinsics = -0.002,0.009,0.702,0.713 | 0.064,-0.012,0.001
cam1 extrinsics = 0.001,0.012,0.702,0.712 | -0.047,-0.012,0.000
q_GtoI = 0.019,-0.803,0.010,0.595 | p_IinG = 1.578,0.187,-0.341 | dist = 40.31 (meters)
bg = 0.0003,0.0217,0.0815 | ba = 0.0050,0.0468,0.1185
camera-imu timeoffset = -0.00008
cam0 intrinsics = 460.525,460.288,363.362,245.280 | -0.280,0.072,0.001,0.000
cam1 intrinsics = 458.078,457.924,376.467,252.543 | -0.277,0.068,0.001,-0.000
cam0 extrinsics = -0.002,0.009,0.702,0.713 | 0.064,-0.012,0.001
cam1 extrinsics = 0.001,0.012,0.702,0.712 | -0.047,-0.012,0.000
q_GtoI = 0.018,-0.803,0.007,0.595 | p_IinG = 1.598,0.175,-0.352 | dist = 40.34 (meters)
bg = 0.0001,0.0216,0.0815 | ba = 0.0043,0.0455,0.1172
camera-imu timeoffset = -0.00008
cam0 intrinsics = 460.532,460.297,363.430,245.332 | -0.280,0.072,0.001,0.000
cam1 intrinsics = 458.088,457.936,376.523,252.591 | -0.277,0.068,0.001,-0.000
cam0 extrinsics = -0.003,0.009,0.702,0.713 | 0.064,-0.012,0.001
cam1 extrinsics = 0.001,0.012,0.702,0.712 | -0.047,-0.013,0.000
q_GtoI = 0.017,-0.803,0.005,0.596 | p_IinG = 1.618,0.162,-0.358 | dist = 40.36 (meters)
bg = 0.0000,0.0215,0.0815 | ba = 0.0026,0.0453,0.1176
camera-imu timeoffset = -0.00008
cam0 intrinsics = 460.532,460.300,363.441,245.339 | -0.280,0.072,0.001,0.000
cam1 intrinsics = 458.090,457.940,376.538,252.596 | -0.277,0.068,0.001,-0.000
cam0 extrinsics = -0.003,0.009,0.702,0.713 | 0.064,-0.012,0.001
cam1 extrinsics = 0.001,0.012,0.702,0.712 | -0.047,-0.013,0.000
q_GtoI = 0.015,-0.802,0.004,0.597 | p_IinG = 1.638,0.149,-0.358 | dist = 40.38 (meters)
bg = 0.0000,0.0217,0.0814 | ba = 0.0021,0.0460,0.1196
camera-imu timeoffset = -0.00007
cam0 intrinsics = 460.537,460.306,363.458,245.342 | -0.280,0.072,0.001,0.000
cam1 intrinsics = 458.097,457.949,376.565,252.609 | -0.277,0.068,0.001,-0.000
cam0 extrinsics = -0.003,0.009,0.702,0.713 | 0.064,-0.012,0.002
cam1 extrinsics = 0.001,0.012,0.702,0.712 | -0.047,-0.013,0.000
q_GtoI = 0.013,-0.803,0.004,0.596 | p_IinG = 1.659,0.136,-0.357 | dist = 40.41 (meters)
bg = -0.0001,0.0217,0.0813 | ba = 0.0021,0.0465,0.1210
camera-imu timeoffset = -0.00007
cam0 intrinsics = 460.533,460.307,363.470,245.341 | -0.280,0.072,0.001,0.000
cam1 intrinsics = 458.095,457.952,376.580,252.610 | -0.277,0.068,0.001,-0.000
cam0 extrinsics = -0.003,0.009,0.702,0.713 | 0.064,-0.012,0.002
cam1 extrinsics = 0.001,0.012,0.702,0.712 | -0.047,-0.013,0.000
q_GtoI = 0.012,-0.805,0.003,0.594 | p_IinG = 1.681,0.122,-0.359 | dist = 40.43 (meters)
bg = -0.0002,0.0217,0.0813 | ba = 0.0025,0.0463,0.1220
camera-imu timeoffset = -0.00007
cam0 intrinsics = 460.527,460.304,363.465,245.342 | -0.280,0.072,0.001,0.000
cam1 intrinsics = 458.097,457.955,376.593,252.615 | -0.277,0.068,0.001,-0.000
cam0 extrinsics = -0.003,0.009,0.702,0.713 | 0.064,-0.012,0.002
cam1 extrinsics = 0.001,0.012,0.702,0.712 | -0.047,-0.013,0.001
q_GtoI = 0.012,-0.808,0.002,0.589 | p_IinG = 1.704,0.108,-0.363 | dist = 40.46 (meters)
bg = -0.0002,0.0218,0.0812 | ba = 0.0025,0.0467,0.1237
camera-imu timeoffset = -0.00007
cam0 intrinsics = 460.527,460.306,363.471,245.344 | -0.280,0.072,0.001,0.000
cam1 intrinsics = 458.098,457.958,376.607,252.617 | -0.277,0.068,0.001,-0.000
cam0 extrinsics = -0.003,0.009,0.702,0.713 | 0.064,-0.012,0.002
cam1 extrinsics = 0.001,0.012,0.702,0.712 | -0.047,-0.013,0.001
q_GtoI = 0.014,-0.815,0.003,0.579 | p_IinG = 1.729,0.094,-0.370 | dist = 40.49 (meters)
bg = -0.0003,0.0218,0.0812 | ba = 0.0018,0.0476,0.1255
camera-imu timeoffset = -0.00007
cam0 intrinsics = 460.531,460.308,363.475,245.339 | -0.280,0.072,0.001,0.000
cam1 intrinsics = 458.106,457.964,376.609,252.610 | -0.277,0.068,0.001,-0.000
cam0 extrinsics = -0.003,0.009,0.702,0.713 | 0.064,-0.012,0.002
cam1 extrinsics = 0.001,0.012,0.702,0.712 | -0.047,-0.013,0.001
q_GtoI = 0.019,-0.823,0.006,0.568 | p_IinG = 1.753,0.079,-0.382 | dist = 40.52 (meters)
bg = -0.0005,0.0221,0.0813 | ba = 0.0018,0.0487,0.1252
camera-imu timeoffset = -0.00007
cam0 intrinsics = 460.539,460.320,363.477,245.339 | -0.280,0.072,0.001,0.000
cam1 intrinsics = 458.113,457.974,376.611,252.611 | -0.277,0.068,0.001,-0.000
cam0 extrinsics = -0.003,0.009,0.702,0.713 | 0.064,-0.012,0.002
cam1 extrinsics = 0.001,0.012,0.702,0.712 | -0.047,-0.013,0.001
q_GtoI = 0.036,-0.831,0.019,0.554 | p_IinG = 1.797,0.046,-0.409 | dist = 40.58 (meters)
bg = -0.0005,0.0219,0.0813 | ba = -0.0023,0.0470,0.1248
camera-imu timeoffset = -0.00006
cam0 intrinsics = 460.560,460.341,363.474,245.356 | -0.280,0.072,0.001,0.000
cam1 intrinsics = 458.109,457.970,376.574,252.625 | -0.277,0.068,0.001,-0.000
cam0 extrinsics = -0.003,0.009,0.702,0.713 | 0.064,-0.012,0.002
cam1 extrinsics = 0.001,0.012,0.702,0.712 | -0.047,-0.013,0.001
q_GtoI = 0.051,-0.829,0.027,0.556 | p_IinG = 1.816,0.028,-0.425 | dist = 40.61 (meters)
bg = -0.0006,0.0219,0.0812 | ba = -0.0032,0.0463,0.1219
camera-imu timeoffset = -0.00006
cam0 intrinsics = 460.561,460.343,363.447,245.363 | -0.280,0.072,0.001,0.000
cam1 intrinsics = 458.109,457.970,376.557,252.650 | -0.277,0.068,0.001,-0.000
cam0 extrinsics = -0.003,0.009,0.702,0.713 | 0.064,-0.012,0.002
cam1 extrinsics = 0.001,0.012,0.702,0.712 | -0.047,-0.013,0.001
q_GtoI = 0.068,-0.825,0.038,0.559 | p_IinG = 1.834,0.010,-0.440 | dist = 40.64 (meters)
bg = -0.0008,0.0221,0.0812 | ba = -0.0041,0.0464,0.1207
camera-imu timeoffset = -0.00006
cam0 intrinsics = 460.566,460.345,363.438,245.360 | -0.280,0.072,0.001,0.000
cam1 intrinsics = 458.111,457.971,376.542,252.647 | -0.277,0.068,0.001,-0.000
cam0 extrinsics = -0.003,0.009,0.702,0.713 | 0.064,-0.012,0.002
cam1 extrinsics = 0.001,0.012,0.702,0.712 | -0.047,-0.013,0.001
q_GtoI = 0.109,-0.811,0.065,0.571 | p_IinG = 1.870,-0.029,-0.469 | dist = 40.70 (meters)
bg = -0.0009,0.0221,0.0810 | ba = -0.0047,0.0472,0.1209
camera-imu timeoffset = -0.00006
cam0 intrinsics = 460.563,460.341,363.437,245.349 | -0.280,0.072,0.001,0.000
cam1 intrinsics = 458.111,457.973,376.542,252.630 | -0.277,0.068,0.001,-0.000
cam0 extrinsics = -0.003,0.009,0.702,0.713 | 0.064,-0.012,0.002
cam1 extrinsics = 0.001,0.012,0.702,0.712 | -0.047,-0.013,0.001
q_GtoI = 0.159,-0.796,0.091,0.576 | p_IinG = 1.904,-0.071,-0.493 | dist = 40.76 (meters)
bg = -0.0011,0.0222,0.0809 | ba = -0.0063,0.0469,0.1199
camera-imu timeoffset = -0.00006
cam0 intrinsics = 460.574,460.356,363.428,245.347 | -0.280,0.072,0.001,0.000
cam1 intrinsics = 458.122,457.987,376.528,252.630 | -0.277,0.068,0.001,-0.000
cam0 extrinsics = -0.003,0.009,0.702,0.713 | 0.064,-0.012,0.002
cam1 extrinsics = 0.001,0.012,0.702,0.712 | -0.048,-0.012,0.001
q_GtoI = 0.211,-0.784,0.115,0.572 | p_IinG = 1.940,-0.117,-0.513 | dist = 40.82 (meters)
bg = -0.0014,0.0223,0.0808 | ba = -0.0051,0.0478,0.1186
camera-imu timeoffset = -0.00006
cam0 intrinsics = 460.599,460.378,363.429,245.345 | -0.280,0.072,0.001,0.000
cam1 intrinsics = 458.145,458.005,376.526,252.616 | -0.277,0.068,0.001,-0.000
cam0 extrinsics = -0.002,0.009,0.702,0.713 | 0.063,-0.012,0.002
cam1 extrinsics = 0.001,0.012,0.702,0.712 | -0.048,-0.012,0.001
q_GtoI = 0.250,-0.777,0.144,0.560 | p_IinG = 1.980,-0.166,-0.531 | dist = 40.89 (meters)
bg = -0.0016,0.0221,0.0807 | ba = -0.0026,0.0502,0.1175
camera-imu timeoffset = -0.00006
cam0 intrinsics = 460.617,460.389,363.421,245.364 | -0.280,0.072,0.001,0.000
cam1 intrinsics = 458.163,458.016,376.519,252.632 | -0.277,0.068,0.001,-0.000
cam0 extrinsics = -0.002,0.009,0.702,0.713 | 0.064,-0.012,0.002
cam1 extrinsics = 0.001,0.012,0.702,0.712 | -0.048,-0.013,0.001
q_GtoI = 0.283,-0.768,0.169,0.549 | p_IinG = 2.022,-0.218,-0.547 | dist = 40.95 (meters)
bg = -0.0017,0.0220,0.0806 | ba = -0.0003,0.0510,0.1163
camera-imu timeoffset = -0.00006
cam0 intrinsics = 460.622,460.391,363.418,245.371 | -0.280,0.072,0.001,0.000
cam1 intrinsics = 458.168,458.018,376.518,252.639 | -0.277,0.068,0.001,-0.000
cam0 extrinsics = -0.002,0.009,0.702,0.713 | 0.064,-0.012,0.002
cam1 extrinsics = 0.001,0.012,0.702,0.712 | -0.048,-0.013,0.001
q_GtoI = 0.313,-0.760,0.188,0.538 | p_IinG = 2.066,-0.273,-0.558 | dist = 41.02 (meters)
bg = -0.0017,0.0219,0.0806 | ba = 0.0002,0.0513,0.1169
camera-imu timeoffset = -0.00006
cam0 intrinsics = 460.617,460.383,363.422,245.368 | -0.280,0.072,0.001,0.000
cam1 intrinsics = 458.162,458.008,376.522,252.637 | -0.277,0.068,0.001,-0.000
cam0 extrinsics = -0.002,0.009,0.702,0.713 | 0.064,-0.012,0.002
cam1 extrinsics = 0.001,0.012,0.702,0.712 | -0.048,-0.013,0.001
q_GtoI = 0.344,-0.752,0.205,0.524 | p_IinG = 2.112,-0.330,-0.568 | dist = 41.10 (meters)
bg = -0.0016,0.0220,0.0806 | ba = 0.0020,0.0508,0.1185
camera-imu timeoffset = -0.00006
cam0 intrinsics = 460.612,460.376,363.431,245.370 | -0.280,0.072,0.001,0.000
cam1 intrinsics = 458.156,458.000,376.533,252.639 | -0.277,0.068,0.001,-0.000
cam0 extrinsics = -0.002,0.009,0.702,0.713 | 0.064,-0.012,0.002
cam1 extrinsics = 0.001,0.012,0.702,0.712 | -0.048,-0.013,0.001
q_GtoI = 0.377,-0.742,0.222,0.508 | p_IinG = 2.159,-0.396,-0.579 | dist = 41.18 (meters)
bg = -0.0016,0.0223,0.0805 | ba = 0.0046,0.0525,0.1174
camera-imu timeoffset = -0.00006
cam0 intrinsics = 460.604,460.367,363.439,245.373 | -0.280,0.072,0.001,0.000
cam1 intrinsics = 458.148,457.990,376.543,252.642 | -0.277,0.068,0.001,-0.000
cam0 extrinsics = -0.002,0.009,0.702,0.713 | 0.063,-0.012,0.002
cam1 extrinsics = 0.001,0.012,0.702,0.712 | -0.048,-0.013,0.000
q_GtoI = 0.406,-0.729,0.239,0.496 | p_IinG = 2.205,-0.469,-0.589 | dist = 41.27 (meters)
bg = -0.0016,0.0225,0.0806 | ba = 0.0051,0.0537,0.1152
camera-imu timeoffset = -0.00006
cam0 intrinsics = 460.604,460.368,363.435,245.376 | -0.280,0.072,0.001,0.000
cam1 intrinsics = 458.149,457.991,376.539,252.646 | -0.277,0.068,0.001,-0.000
cam0 extrinsics = -0.002,0.009,0.702,0.713 | 0.063,-0.012,0.002
cam1 extrinsics = 0.001,0.012,0.702,0.712 | -0.048,-0.013,0.000
q_GtoI = 0.416,-0.726,0.250,0.487 | p_IinG = 2.226,-0.506,-0.593 | dist = 41.31 (meters)
bg = -0.0016,0.0225,0.0805 | ba = 0.0034,0.0519,0.1161
camera-imu timeoffset = -0.00006
cam0 intrinsics = 460.607,460.368,363.441,245.370 | -0.280,0.072,0.001,0.000
cam1 intrinsics = 458.152,457.992,376.544,252.639 | -0.277,0.068,0.001,-0.000
cam0 extrinsics = -0.002,0.009,0.702,0.713 | 0.063,-0.012,0.002
cam1 extrinsics = 0.001,0.012,0.702,0.712 | -0.048,-0.013,0.000
q_GtoI = 0.423,-0.724,0.260,0.478 | p_IinG = 2.249,-0.545,-0.598 | dist = 41.35 (meters)
bg = -0.0016,0.0224,0.0804 | ba = 0.0037,0.0523,0.1169
camera-imu timeoffset = -0.00006
cam0 intrinsics = 460.605,460.365,363.442,245.367 | -0.280,0.072,0.001,0.000
cam1 intrinsics = 458.150,457.990,376.545,252.635 | -0.277,0.068,0.001,-0.000
cam0 extrinsics = -0.002,0.009,0.702,0.713 | 0.063,-0.012,0.002
cam1 extrinsics = 0.001,0.012,0.702,0.712 | -0.048,-0.013,0.000
q_GtoI = 0.428,-0.722,0.270,0.471 | p_IinG = 2.269,-0.586,-0.602 | dist = 41.40 (meters)
bg = -0.0016,0.0225,0.0804 | ba = 0.0035,0.0519,0.1171
camera-imu timeoffset = -0.00006
cam0 intrinsics = 460.605,460.365,363.442,245.366 | -0.280,0.072,0.001,0.000
cam1 intrinsics = 458.151,457.990,376.545,252.635 | -0.277,0.068,0.001,-0.000
cam0 extrinsics = -0.002,0.009,0.702,0.713 | 0.063,-0.012,0.002
cam1 extrinsics = 0.001,0.012,0.702,0.712 | -0.048,-0.013,0.000
q_GtoI = 0.435,-0.717,0.284,0.465 | p_IinG = 2.306,-0.671,-0.611 | dist = 41.49 (meters)
bg = -0.0016,0.0225,0.0804 | ba = 0.0028,0.0518,0.1174
camera-imu timeoffset = -0.00006
cam0 intrinsics = 460.606,460.366,363.441,245.364 | -0.280,0.072,0.001,0.000
cam1 intrinsics = 458.151,457.990,376.546,252.632 | -0.277,0.068,0.001,-0.000
cam0 extrinsics = -0.002,0.009,0.702,0.713 | 0.063,-0.012,0.002
cam1 extrinsics = 0.001,0.012,0.702,0.712 | -0.048,-0.013,0.000
q_GtoI = 0.439,-0.712,0.292,0.464 | p_IinG = 2.337,-0.760,-0.619 | dist = 41.59 (meters)
bg = -0.0016,0.0225,0.0804 | ba = 0.0026,0.0516,0.1174
camera-imu timeoffset = -0.00006
cam0 intrinsics = 460.607,460.367,363.442,245.363 | -0.280,0.072,0.001,0.000
cam1 intrinsics = 458.151,457.990,376.546,252.631 | -0.277,0.068,0.001,-0.000
cam0 extrinsics = -0.002,0.009,0.702,0.713 | 0.063,-0.012,0.002
cam1 extrinsics = 0.001,0.012,0.702,0.712 | -0.048,-0.013,0.000
q_GtoI = 0.439,-0.708,0.297,0.467 | p_IinG = 2.365,-0.853,-0.629 | dist = 41.69 (meters)
bg = -0.0016,0.0224,0.0804 | ba = 0.0031,0.0530,0.1175
camera-imu timeoffset = -0.00006
cam0 intrinsics = 460.606,460.367,363.442,245.366 | -0.280,0.072,0.001,0.000
cam1 intrinsics = 458.150,457.991,376.546,252.634 | -0.277,0.068,0.001,-0.000
cam0 extrinsics = -0.002,0.009,0.702,0.713 | 0.063,-0.012,0.002
cam1 extrinsics = 0.001,0.012,0.702,0.712 | -0.048,-0.013,0.000
q_GtoI = 0.434,-0.707,0.302,0.470 | p_IinG = 2.385,-0.948,-0.636 | dist = 41.78 (meters)
bg = -0.0016,0.0224,0.0804 | ba = 0.0024,0.0523,0.1178
camera-imu timeoffset = -0.00006
cam0 intrinsics = 460.606,460.367,363.443,245.363 | -0.280,0.072,0.001,0.000
cam1 intrinsics = 458.151,457.990,376.547,252.632 | -0.277,0.068,0.001,-0.000
cam0 extrinsics = -0.002,0.009,0.702,0.713 | 0.063,-0.012,0.002
cam1 extrinsics = 0.001,0.012,0.702,0.712 | -0.048,-0.013,0.000
q_GtoI = 0.426,-0.710,0.304,0.472 | p_IinG = 2.397,-1.043,-0.643 | dist = 41.88 (meters)
bg = -0.0017,0.0225,0.0804 | ba = 0.0025,0.0505,0.1178
camera-imu timeoffset = -0.00006
cam0 intrinsics = 460.607,460.366,363.443,245.361 | -0.280,0.072,0.001,0.000
cam1 intrinsics = 458.152,457.989,376.547,252.629 | -0.277,0.068,0.001,-0.000
cam0 extrinsics = -0.002,0.009,0.702,0.713 | 0.063,-0.012,0.002
cam1 extrinsics = 0.001,0.012,0.702,0.712 | -0.048,-0.013,0.000
q_GtoI = 0.411,-0.719,0.302,0.472 | p_IinG = 2.421,-1.160,-0.632 | dist = 41.98 (meters)
bg = -0.0009,0.0213,0.0809 | ba = -0.0132,0.0553,0.1144
camera-imu timeoffset = -0.00006
cam0 intrinsics = 460.607,460.383,363.441,245.354 | -0.280,0.072,0.001,0.000
cam1 intrinsics = 458.152,458.008,376.560,252.623 | -0.277,0.068,0.001,-0.000
cam0 extrinsics = -0.002,0.009,0.702,0.713 | 0.064,-0.012,0.002
cam1 extrinsics = 0.001,0.012,0.702,0.712 | -0.047,-0.013,0.001
q_GtoI = 0.392,-0.733,0.301,0.467 | p_IinG = 2.427,-1.256,-0.624 | dist = 42.08 (meters)
bg = -0.0009,0.0212,0.0809 | ba = -0.0159,0.0550,0.1169
camera-imu timeoffset = -0.00006
cam0 intrinsics = 460.610,460.383,363.444,245.351 | -0.280,0.072,0.001,0.000
cam1 intrinsics = 458.154,458.008,376.563,252.620 | -0.277,0.068,0.001,-0.000
cam0 extrinsics = -0.002,0.009,0.702,0.713 | 0.064,-0.012,0.002
cam1 extrinsics = 0.001,0.012,0.702,0.712 | -0.047,-0.013,0.001
q_GtoI = 0.375,-0.746,0.299,0.462 | p_IinG = 2.420,-1.354,-0.605 | dist = 42.18 (meters)
bg = -0.0009,0.0212,0.0808 | ba = -0.0183,0.0549,0.1182
camera-imu timeoffset = -0.00006
cam0 intrinsics = 460.611,460.384,363.445,245.349 | -0.280,0.072,0.001,0.000
cam1 intrinsics = 458.155,458.008,376.564,252.618 | -0.277,0.068,0.001,-0.000
cam0 extrinsics = -0.002,0.009,0.702,0.713 | 0.064,-0.012,0.002
cam1 extrinsics = 0.001,0.012,0.702,0.712 | -0.047,-0.012,0.001
q_GtoI = 0.359,-0.756,0.293,0.463 | p_IinG = 2.401,-1.472,-0.578 | dist = 42.29 (meters)
bg = 0.0001,0.0205,0.0806 | ba = -0.0202,0.0532,0.1139
camera-imu timeoffset = -0.00006
cam0 intrinsics = 460.606,460.389,363.451,245.351 | -0.280,0.072,0.001,0.000
cam1 intrinsics = 458.153,458.014,376.567,252.615 | -0.277,0.068,0.001,-0.000
cam0 extrinsics = -0.002,0.009,0.702,0.713 | 0.064,-0.012,0.002
cam1 extrinsics = 0.001,0.012,0.702,0.712 | -0.047,-0.012,0.001
q_GtoI = 0.351,-0.756,0.275,0.478 | p_IinG = 2.367,-1.589,-0.521 | dist = 42.41 (meters)
bg = -0.0001,0.0207,0.0807 | ba = -0.0243,0.0527,0.1109
camera-imu timeoffset = -0.00006
cam0 intrinsics = 460.601,460.391,363.447,245.342 | -0.280,0.072,0.001,0.000
cam1 intrinsics = 458.151,458.018,376.559,252.608 | -0.277,0.068,0.001,-0.000
cam0 extrinsics = -0.002,0.009,0.702,0.712 | 0.064,-0.012,0.002
cam1 extrinsics = 0.001,0.012,0.702,0.712 | -0.047,-0.012,0.001
q_GtoI = 0.337,-0.755,0.262,0.498 | p_IinG = 2.320,-1.691,-0.456 | dist = 42.54 (meters)
bg = 0.0001,0.0205,0.0812 | ba = -0.0244,0.0524,0.1117
camera-imu timeoffset = -0.00006
cam0 intrinsics = 460.602,460.388,363.445,245.343 | -0.280,0.072,0.001,0.000
cam1 intrinsics = 458.151,458.014,376.555,252.609 | -0.277,0.068,0.001,-0.000
cam0 extrinsics = -0.002,0.009,0.702,0.712 | 0.064,-0.012,0.002
cam1 extrinsics = 0.001,0.012,0.702,0.712 | -0.047,-0.012,0.001
q_GtoI = 0.327,-0.755,0.241,0.514 | p_IinG = 2.266,-1.795,-0.386 | dist = 42.67 (meters)
bg = 0.0000,0.0208,0.0813 | ba = -0.0254,0.0531,0.1110
camera-imu timeoffset = -0.00006
cam0 intrinsics = 460.604,460.391,363.445,245.341 | -0.280,0.072,0.001,0.000
cam1 intrinsics = 458.153,458.015,376.555,252.608 | -0.277,0.068,0.001,-0.000
cam0 extrinsics = -0.002,0.009,0.702,0.712 | 0.064,-0.012,0.002
cam1 extrinsics = 0.001,0.012,0.702,0.712 | -0.047,-0.012,0.001
q_GtoI = 0.313,-0.764,0.218,0.520 | p_IinG = 2.197,-1.902,-0.334 | dist = 42.80 (meters)
bg = -0.0013,0.0222,0.0806 | ba = -0.0227,0.0549,0.1031
camera-imu timeoffset = -0.00006
cam0 intrinsics = 460.573,460.379,363.465,245.294 | -0.280,0.072,0.001,0.000
cam1 intrinsics = 458.118,458.001,376.571,252.562 | -0.277,0.068,0.001,-0.000
cam0 extrinsics = -0.003,0.009,0.702,0.713 | 0.064,-0.012,0.002
cam1 extrinsics = 0.001,0.012,0.702,0.712 | -0.047,-0.012,0.001
q_GtoI = 0.291,-0.777,0.195,0.523 | p_IinG = 2.137,-1.999,-0.296 | dist = 42.92 (meters)
bg = -0.0010,0.0218,0.0805 | ba = -0.0206,0.0545,0.1036
camera-imu timeoffset = -0.00006
cam0 intrinsics = 460.579,460.387,363.467,245.295 | -0.280,0.072,0.001,0.000
cam1 intrinsics = 458.122,458.007,376.574,252.563 | -0.277,0.068,0.001,-0.000
cam0 extrinsics = -0.003,0.009,0.702,0.713 | 0.064,-0.012,0.002
cam1 extrinsics = 0.001,0.012,0.702,0.712 | -0.047,-0.012,0.001
q_GtoI = 0.258,-0.792,0.180,0.523 | p_IinG = 2.076,-2.095,-0.268 | dist = 43.04 (meters)
bg = -0.0007,0.0217,0.0809 | ba = -0.0178,0.0535,0.1054
camera-imu timeoffset = -0.00006
cam0 intrinsics = 460.598,460.401,363.461,245.304 | -0.280,0.072,0.001,0.000
cam1 intrinsics = 458.141,458.022,376.566,252.574 | -0.277,0.068,0.001,-0.000
cam0 extrinsics = -0.003,0.009,0.702,0.713 | 0.064,-0.012,0.002
cam1 extrinsics = 0.001,0.012,0.702,0.712 | -0.047,-0.012,0.001
q_GtoI = 0.210,-0.805,0.178,0.525 | p_IinG = 2.006,-2.187,-0.249 | dist = 43.16 (meters)
bg = -0.0009,0.0222,0.0811 | ba = -0.0138,0.0535,0.1054
camera-imu timeoffset = -0.00006
cam0 intrinsics = 460.615,460.414,363.462,245.310 | -0.280,0.072,0.001,0.000
cam1 intrinsics = 458.159,458.036,376.562,252.579 | -0.277,0.068,0.001,-0.000
cam0 extrinsics = -0.003,0.009,0.702,0.713 | 0.064,-0.012,0.002
cam1 extrinsics = 0.001,0.012,0.702,0.712 | -0.047,-0.012,0.001
q_GtoI = 0.156,-0.812,0.178,0.534 | p_IinG = 1.937,-2.260,-0.240 | dist = 43.27 (meters)
bg = -0.0014,0.0226,0.0819 | ba = -0.0096,0.0526,0.1114
camera-imu timeoffset = -0.00006
cam0 intrinsics = 460.575,460.397,363.468,245.307 | -0.280,0.072,0.001,0.000
cam1 intrinsics = 458.119,458.020,376.562,252.578 | -0.277,0.068,0.001,-0.000
cam0 extrinsics = -0.003,0.009,0.702,0.713 | 0.064,-0.012,0.002
cam1 extrinsics = 0.001,0.012,0.702,0.712 | -0.047,-0.012,0.001
q_GtoI = 0.106,-0.815,0.168,0.545 | p_IinG = 1.859,-2.332,-0.242 | dist = 43.38 (meters)
bg = -0.0012,0.0224,0.0819 | ba = -0.0067,0.0512,0.1108
camera-imu timeoffset = -0.00006
cam0 intrinsics = 460.593,460.408,363.477,245.305 | -0.280,0.072,0.001,0.000
cam1 intrinsics = 458.135,458.030,376.572,252.577 | -0.277,0.068,0.001,-0.000
cam0 extrinsics = -0.002,0.009,0.702,0.713 | 0.064,-0.012,0.002
cam1 extrinsics = 0.001,0.012,0.702,0.712 | -0.047,-0.012,0.001
q_GtoI = 0.072,-0.817,0.143,0.554 | p_IinG = 1.775,-2.400,-0.249 | dist = 43.49 (meters)
bg = -0.0012,0.0228,0.0821 | ba = -0.0042,0.0521,0.1101
camera-imu timeoffset = -0.00006
cam0 intrinsics = 460.593,460.409,363.473,245.306 | -0.280,0.072,0.001,0.000
cam1 intrinsics = 458.137,458.032,376.569,252.577 | -0.277,0.068,0.001,-0.000
cam0 extrinsics = -0.002,0.009,0.702,0.713 | 0.064,-0.012,0.002
cam1 extrinsics = 0.001,0.012,0.702,0.712 | -0.047,-0.012,0.001
q_GtoI = 0.050,-0.818,0.114,0.562 | p_IinG = 1.688,-2.454,-0.264 | dist = 43.59 (meters)
bg = -0.0012,0.0231,0.0822 | ba = -0.0009,0.0527,0.1080
camera-imu timeoffset = -0.00006
cam0 intrinsics = 460.588,460.415,363.467,245.309 | -0.280,0.072,0.001,0.000
cam1 intrinsics = 458.132,458.038,376.571,252.581 | -0.277,0.068,0.001,-0.000
cam0 extrinsics = -0.002,0.009,0.702,0.713 | 0.064,-0.012,0.002
cam1 extrinsics = 0.001,0.012,0.702,0.712 | -0.047,-0.012,0.001
q_GtoI = 0.048,-0.818,0.075,0.568 | p_IinG = 1.600,-2.491,-0.276 | dist = 43.69 (meters)
bg = -0.0012,0.0228,0.0821 | ba = 0.0001,0.0513,0.1072
camera-imu timeoffset = -0.00006
cam0 intrinsics = 460.579,460.407,363.464,245.312 | -0.280,0.072,0.001,0.000
cam1 intrinsics = 458.124,458.030,376.571,252.585 | -0.277,0.068,0.001,-0.000
cam0 extrinsics = -0.002,0.009,0.702,0.713 | 0.064,-0.012,0.002
cam1 extrinsics = 0.001,0.012,0.702,0.712 | -0.047,-0.012,0.001
q_GtoI = 0.052,-0.816,0.043,0.574 | p_IinG = 1.496,-2.536,-0.264 | dist = 43.79 (meters)
bg = -0.0016,0.0234,0.0811 | ba = 0.0004,0.0595,0.0994
camera-imu timeoffset = -0.00005
cam0 intrinsics = 460.594,460.440,363.470,245.323 | -0.280,0.072,0.001,0.000
cam1 intrinsics = 458.146,458.067,376.568,252.599 | -0.277,0.069,0.001,-0.000
cam0 extrinsics = -0.003,0.009,0.702,0.713 | 0.064,-0.012,0.002
cam1 extrinsics = 0.001,0.012,0.702,0.712 | -0.047,-0.012,0.001
q_GtoI = 0.038,-0.814,0.042,0.578 | p_IinG = 1.399,-2.573,-0.242 | dist = 43.89 (meters)
bg = -0.0016,0.0237,0.0804 | ba = 0.0014,0.0632,0.0979
camera-imu timeoffset = -0.00005
cam0 intrinsics = 460.597,460.439,363.471,245.327 | -0.280,0.072,0.001,0.000
cam1 intrinsics = 458.150,458.066,376.569,252.604 | -0.277,0.069,0.001,-0.000
cam0 extrinsics = -0.003,0.009,0.702,0.713 | 0.063,-0.012,0.002
cam1 extrinsics = 0.001,0.012,0.702,0.712 | -0.048,-0.012,0.001
q_GtoI = 0.012,-0.815,0.052,0.578 | p_IinG = 1.303,-2.603,-0.213 | dist = 44.00 (meters)
bg = -0.0013,0.0237,0.0794 | ba = 0.0012,0.0665,0.0961
camera-imu timeoffset = -0.00005
cam0 intrinsics = 460.611,460.454,363.483,245.325 | -0.280,0.072,0.001,0.000
cam1 intrinsics = 458.160,458.079,376.567,252.598 | -0.277,0.069,0.001,-0.000
cam0 extrinsics = -0.003,0.009,0.702,0.713 | 0.064,-0.012,0.002
cam1 extrinsics = 0.001,0.012,0.702,0.712 | -0.047,-0.012,0.001
q_GtoI = -0.018,-0.816,0.066,0.574 | p_IinG = 1.195,-2.627,-0.169 | dist = 44.10 (meters)
bg = -0.0024,0.0242,0.0797 | ba = -0.0031,0.0741,0.0899
camera-imu timeoffset = -0.00005
cam0 intrinsics = 460.598,460.470,363.490,245.382 | -0.280,0.072,0.001,0.000
cam1 intrinsics = 458.163,458.107,376.567,252.665 | -0.277,0.069,0.001,-0.000
cam0 extrinsics = -0.003,0.009,0.702,0.713 | 0.063,-0.012,0.002
cam1 extrinsics = 0.001,0.012,0.702,0.712 | -0.048,-0.012,0.001
q_GtoI = -0.028,-0.823,0.049,0.566 | p_IinG = 1.099,-2.639,-0.140 | dist = 44.20 (meters)
bg = -0.0025,0.0244,0.0799 | ba = -0.0040,0.0757,0.0916
camera-imu timeoffset = -0.00005
cam0 intrinsics = 460.595,460.472,363.485,245.392 | -0.280,0.072,0.001,0.000
cam1 intrinsics = 458.161,458.110,376.564,252.676 | -0.277,0.069,0.001,-0.000
cam0 extrinsics = -0.003,0.009,0.702,0.713 | 0.063,-0.012,0.002
cam1 extrinsics = 0.001,0.012,0.702,0.712 | -0.048,-0.012,0.001
q_GtoI = -0.024,-0.832,0.012,0.553 | p_IinG = 1.007,-2.641,-0.124 | dist = 44.30 (meters)
bg = -0.0020,0.0243,0.0801 | ba = -0.0043,0.0767,0.0957
camera-imu timeoffset = -0.00005
cam0 intrinsics = 460.588,460.463,363.477,245.398 | -0.280,0.072,0.001,0.000
cam1 intrinsics = 458.148,458.095,376.559,252.681 | -0.277,0.068,0.001,-0.000
cam0 extrinsics = -0.003,0.009,0.702,0.713 | 0.064,-0.012,0.002
cam1 extrinsics = 0.001,0.012,0.702,0.712 | -0.048,-0.012,0.001
q_GtoI = -0.038,-0.836,-0.005,0.548 | p_IinG = 0.902,-2.643,-0.115 | dist = 44.40 (meters)
bg = -0.0022,0.0245,0.0802 | ba = -0.0075,0.0788,0.0957
camera-imu timeoffset = -0.00004
cam0 intrinsics = 460.590,460.465,363.480,245.410 | -0.280,0.072,0.001,0.000
cam1 intrinsics = 458.158,458.102,376.577,252.704 | -0.277,0.068,0.001,-0.000
cam0 extrinsics = -0.003,0.009,0.702,0.713 | 0.063,-0.012,0.002
cam1 extrinsics = 0.001,0.012,0.702,0.712 | -0.048,-0.012,0.001
q_GtoI = -0.063,-0.830,-0.019,0.553 | p_IinG = 0.781,-2.655,-0.114 | dist = 44.51 (meters)
bg = -0.0021,0.0244,0.0801 | ba = -0.0129,0.0795,0.0911
camera-imu timeoffset = -0.00004
cam0 intrinsics = 460.609,460.487,363.492,245.413 | -0.280,0.072,0.001,0.000
cam1 intrinsics = 458.176,458.124,376.577,252.709 | -0.277,0.069,0.001,-0.000
cam0 extrinsics = -0.003,0.009,0.702,0.713 | 0.064,-0.012,0.002
cam1 extrinsics = 0.001,0.012,0.702,0.712 | -0.048,-0.012,0.001
q_GtoI = -0.092,-0.821,-0.036,0.563 | p_IinG = 0.670,-2.647,-0.127 | dist = 44.62 (meters)
bg = -0.0019,0.0246,0.0800 | ba = -0.0158,0.0805,0.0926
camera-imu timeoffset = -0.00004
cam0 intrinsics = 460.634,460.509,363.503,245.411 | -0.280,0.072,0.001,0.000
cam1 intrinsics = 458.190,458.136,376.585,252.711 | -0.277,0.069,0.001,-0.000
cam0 extrinsics = -0.003,0.009,0.702,0.713 | 0.064,-0.012,0.002
cam1 extrinsics = 0.001,0.012,0.702,0.712 | -0.047,-0.012,0.001
q_GtoI = -0.124,-0.811,-0.055,0.568 | p_IinG = 0.559,-2.637,-0.149 | dist = 44.73 (meters)
bg = -0.0017,0.0246,0.0798 | ba = -0.0195,0.0828,0.0960
camera-imu timeoffset = -0.00004
cam0 intrinsics = 460.654,460.524,363.515,245.402 | -0.281,0.072,0.001,0.000
cam1 intrinsics = 458.206,458.147,376.598,252.705 | -0.277,0.069,0.001,-0.000
cam0 extrinsics = -0.003,0.009,0.702,0.713 | 0.064,-0.012,0.002
cam1 extrinsics = 0.001,0.012,0.702,0.712 | -0.047,-0.012,0.001
q_GtoI = -0.149,-0.803,-0.083,0.570 | p_IinG = 0.442,-2.625,-0.171 | dist = 44.85 (meters)
bg = -0.0018,0.0242,0.0800 | ba = -0.0227,0.0829,0.0920
camera-imu timeoffset = -0.00005
cam0 intrinsics = 460.643,460.510,363.523,245.409 | -0.280,0.072,0.001,0.000
cam1 intrinsics = 458.214,458.148,376.614,252.715 | -0.277,0.069,0.001,-0.000
cam0 extrinsics = -0.003,0.009,0.702,0.713 | 0.064,-0.012,0.002
cam1 extrinsics = 0.001,0.012,0.702,0.712 | -0.047,-0.012,0.001
q_GtoI = -0.164,-0.799,-0.123,0.565 | p_IinG = 0.334,-2.605,-0.189 | dist = 44.96 (meters)
bg = -0.0018,0.0241,0.0801 | ba = -0.0235,0.0831,0.0929
camera-imu timeoffset = -0.00004
cam0 intrinsics = 460.637,460.504,363.523,245.411 | -0.280,0.072,0.001,0.000
cam1 intrinsics = 458.207,458.144,376.610,252.717 | -0.277,0.069,0.001,-0.000
cam0 extrinsics = -0.003,0.009,0.702,0.713 | 0.064,-0.012,0.002
cam1 extrinsics = 0.001,0.012,0.702,0.712 | -0.047,-0.012,0.001
q_GtoI = -0.175,-0.797,-0.155,0.557 | p_IinG = 0.229,-2.587,-0.201 | dist = 45.07 (meters)
bg = -0.0022,0.0240,0.0799 | ba = -0.0228,0.0843,0.0948
camera-imu timeoffset = -0.00004
cam0 intrinsics = 460.630,460.505,363.526,245.416 | -0.280,0.072,0.001,0.000
cam1 intrinsics = 458.203,458.146,376.618,252.723 | -0.277,0.069,0.001,-0.000
cam0 extrinsics = -0.003,0.009,0.702,0.713 | 0.064,-0.012,0.002
cam1 extrinsics = 0.001,0.012,0.702,0.712 | -0.048,-0.012,0.001
q_GtoI = -0.189,-0.794,-0.165,0.554 | p_IinG = 0.116,-2.579,-0.197 | dist = 45.18 (meters)
bg = -0.0024,0.0242,0.0795 | ba = -0.0235,0.0871,0.0977
camera-imu timeoffset = -0.00004
cam0 intrinsics = 460.627,460.494,363.545,245.397 | -0.280,0.072,0.001,0.000
cam1 intrinsics = 458.198,458.134,376.631,252.701 | -0.277,0.069,0.001,-0.000
cam0 extrinsics = -0.003,0.009,0.702,0.713 | 0.064,-0.012,0.002
cam1 extrinsics = 0.001,0.012,0.702,0.712 | -0.048,-0.012,0.001
q_GtoI = -0.209,-0.790,-0.155,0.555 | p_IinG = 0.003,-2.576,-0.179 | dist = 45.29 (meters)
bg = -0.0025,0.0243,0.0796 | ba = -0.0243,0.0856,0.0987
camera-imu timeoffset = -0.00004
cam0 intrinsics = 460.631,460.500,363.551,245.395 | -0.281,0.072,0.001,0.000
cam1 intrinsics = 458.203,458.140,376.635,252.702 | -0.277,0.069,0.001,-0.000
cam0 extrinsics = -0.003,0.009,0.702,0.713 | 0.064,-0.012,0.002
cam1 extrinsics = 0.001,0.012,0.702,0.712 | -0.048,-0.012,0.001
q_GtoI = -0.222,-0.790,-0.145,0.553 | p_IinG = -0.055,-2.578,-0.163 | dist = 45.35 (meters)
bg = -0.0025,0.0244,0.0797 | ba = -0.0267,0.0864,0.0998
camera-imu timeoffset = -0.00004
cam0 intrinsics = 460.648,460.515,363.551,245.409 | -0.281,0.072,0.001,0.000
cam1 intrinsics = 458.220,458.154,376.634,252.718 | -0.277,0.069,0.001,-0.000
cam0 extrinsics = -0.003,0.009,0.702,0.713 | 0.064,-0.012,0.002
cam1 extrinsics = 0.001,0.012,0.702,0.712 | -0.048,-0.012,0.001
q_GtoI = -0.235,-0.789,-0.135,0.551 | p_IinG = -0.116,-2.578,-0.151 | dist = 45.41 (meters)
bg = -0.0028,0.0241,0.0800 | ba = -0.0272,0.0881,0.0972
camera-imu timeoffset = -0.00004
cam0 intrinsics = 460.634,460.503,363.537,245.432 | -0.281,0.072,0.001,0.000
cam1 intrinsics = 458.214,458.150,376.651,252.750 | -0.277,0.069,0.001,-0.000
cam0 extrinsics = -0.003,0.009,0.702,0.713 | 0.064,-0.012,0.002
cam1 extrinsics = 0.001,0.012,0.702,0.712 | -0.048,-0.012,0.001
q_GtoI = -0.250,-0.790,-0.124,0.546 | p_IinG = -0.172,-2.575,-0.138 | dist = 45.47 (meters)
bg = -0.0031,0.0240,0.0798 | ba = -0.0269,0.0912,0.0969
camera-imu timeoffset = -0.00004
cam0 intrinsics = 460.631,460.497,363.547,245.433 | -0.280,0.072,0.001,0.000
cam1 intrinsics = 458.214,458.147,376.661,252.753 | -0.277,0.069,0.001,-0.000
cam0 extrinsics = -0.003,0.009,0.702,0.713 | 0.063,-0.012,0.002
cam1 extrinsics = 0.001,0.012,0.702,0.712 | -0.048,-0.012,0.001
q_GtoI = -0.275,-0.789,-0.111,0.538 | p_IinG = -0.275,-2.559,-0.114 | dist = 45.58 (meters)
bg = -0.0030,0.0238,0.0797 | ba = -0.0252,0.0912,0.0994
camera-imu timeoffset = -0.00004
cam0 intrinsics = 460.639,460.515,363.544,245.445 | -0.280,0.072,0.001,0.000
cam1 intrinsics = 458.227,458.169,376.652,252.757 | -0.277,0.069,0.001,-0.000
cam0 extrinsics = -0.003,0.009,0.702,0.713 | 0.063,-0.012,0.002
cam1 extrinsics = 0.001,0.012,0.702,0.712 | -0.048,-0.012,0.001
q_GtoI = -0.289,-0.790,-0.108,0.530 | p_IinG = -0.386,-2.535,-0.084 | dist = 45.70 (meters)
bg = -0.0027,0.0241,0.0794 | ba = -0.0210,0.0957,0.1038
camera-imu timeoffset = -0.00004
cam0 intrinsics = 460.633,460.490,363.541,245.466 | -0.280,0.072,0.001,0.000
cam1 intrinsics = 458.225,458.148,376.662,252.762 | -0.277,0.069,0.001,-0.000
cam0 extrinsics = -0.003,0.009,0.702,0.713 | 0.063,-0.012,0.002
cam1 extrinsics = 0.001,0.012,0.702,0.712 | -0.048,-0.013,0.001
q_GtoI = -0.291,-0.795,-0.114,0.520 | p_IinG = -0.505,-2.497,-0.046 | dist = 45.82 (meters)
bg = -0.0027,0.0240,0.0797 | ba = -0.0230,0.0994,0.1004
camera-imu timeoffset = -0.00004
cam0 intrinsics = 460.645,460.501,363.551,245.459 | -0.280,0.072,0.001,0.000
cam1 intrinsics = 458.242,458.162,376.662,252.753 | -0.277,0.069,0.001,-0.000
cam0 extrinsics = -0.003,0.009,0.702,0.713 | 0.063,-0.012,0.002
cam1 extrinsics = 0.001,0.012,0.702,0.712 | -0.048,-0.012,0.001
q_GtoI = -0.272,-0.800,-0.144,0.515 | p_IinG = -0.618,-2.439,-0.005 | dist = 45.96 (meters)
bg = -0.0027,0.0241,0.0798 | ba = -0.0217,0.1019,0.0976
camera-imu timeoffset = -0.00004
cam0 intrinsics = 460.644,460.507,363.553,245.454 | -0.280,0.072,0.001,0.000
cam1 intrinsics = 458.243,458.169,376.662,252.748 | -0.277,0.069,0.001,-0.000
cam0 extrinsics = -0.003,0.009,0.702,0.713 | 0.063,-0.012,0.002
cam1 extrinsics = 0.001,0.012,0.702,0.712 | -0.048,-0.012,0.001
q_GtoI = -0.252,-0.803,-0.174,0.512 | p_IinG = -0.744,-2.371,0.044 | dist = 46.10 (meters)
bg = -0.0026,0.0245,0.0803 | ba = -0.0244,0.1054,0.0904
camera-imu timeoffset = -0.00004
cam0 intrinsics = 460.644,460.528,363.541,245.495 | -0.280,0.072,0.001,0.000
cam1 intrinsics = 458.249,458.190,376.669,252.775 | -0.277,0.069,0.001,-0.000
cam0 extrinsics = -0.003,0.009,0.702,0.713 | 0.063,-0.012,0.002
cam1 extrinsics = 0.001,0.012,0.702,0.712 | -0.048,-0.013,0.001
q_GtoI = -0.246,-0.799,-0.195,0.513 | p_IinG = -0.871,-2.297,0.085 | dist = 46.25 (meters)
bg = -0.0029,0.0248,0.0804 | ba = -0.0216,0.1042,0.0852
camera-imu timeoffset = -0.00004
cam0 intrinsics = 460.653,460.530,363.526,245.522 | -0.280,0.072,0.001,0.000
cam1 intrinsics = 458.261,458.196,376.644,252.800 | -0.277,0.069,0.001,-0.000
cam0 extrinsics = -0.003,0.009,0.702,0.713 | 0.064,-0.012,0.002
cam1 extrinsics = 0.001,0.012,0.702,0.712 | -0.048,-0.013,0.001
q_GtoI = -0.248,-0.794,-0.200,0.518 | p_IinG = -0.939,-2.264,0.105 | dist = 46.33 (meters)
bg = -0.0025,0.0249,0.0802 | ba = -0.0194,0.1050,0.0840
camera-imu timeoffset = -0.00004
cam0 intrinsics = 460.651,460.530,363.517,245.520 | -0.280,0.072,0.001,0.000
cam1 intrinsics = 458.261,458.197,376.635,252.799 | -0.277,0.069,0.001,-0.000
cam0 extrinsics = -0.003,0.009,0.702,0.713 | 0.064,-0.012,0.002
cam1 extrinsics = 0.001,0.012,0.702,0.712 | -0.048,-0.013,0.001
q_GtoI = -0.253,-0.789,-0.203,0.522 | p_IinG = -1.009,-2.229,0.126 | dist = 46.41 (meters)
bg = -0.0022,0.0251,0.0803 | ba = -0.0195,0.1057,0.0821
camera-imu timeoffset = -0.00004
cam0 intrinsics = 460.649,460.529,363.511,245.525 | -0.280,0.072,0.001,0.000
cam1 intrinsics = 458.259,458.195,376.631,252.803 | -0.277,0.069,0.001,-0.000
cam0 extrinsics = -0.003,0.009,0.702,0.713 | 0.064,-0.012,0.002
cam1 extrinsics = 0.001,0.012,0.702,0.712 | -0.048,-0.013,0.001
q_GtoI = -0.265,-0.782,-0.194,0.529 | p_IinG = -1.083,-2.196,0.144 | dist = 46.49 (meters)
bg = -0.0022,0.0254,0.0805 | ba = -0.0178,0.1057,0.0797
camera-imu timeoffset = -0.00005
cam0 intrinsics = 460.654,460.519,363.507,245.530 | -0.280,0.072,0.001,0.000
cam1 intrinsics = 458.260,458.180,376.637,252.816 | -0.277,0.069,0.001,-0.000
cam0 extrinsics = -0.003,0.009,0.702,0.713 | 0.064,-0.012,0.002
cam1 extrinsics = 0.001,0.012,0.702,0.712 | -0.048,-0.013,0.001
q_GtoI = -0.280,-0.776,-0.182,0.536 | p_IinG = -1.156,-2.162,0.165 | dist = 46.57 (meters)
bg = -0.0018,0.0256,0.0806 | ba = -0.0192,0.1061,0.0782
camera-imu timeoffset = -0.00005
cam0 intrinsics = 460.651,460.514,363.508,245.536 | -0.280,0.072,0.001,0.000
cam1 intrinsics = 458.257,458.174,376.635,252.818 | -0.277,0.069,0.001,-0.000
cam0 extrinsics = -0.003,0.009,0.702,0.713 | 0.064,-0.012,0.002
cam1 extrinsics = 0.001,0.012,0.702,0.712 | -0.048,-0.013,0.001
q_GtoI = -0.297,-0.768,-0.164,0.542 | p_IinG = -1.227,-2.129,0.184 | dist = 46.65 (meters)
bg = -0.0018,0.0256,0.0806 | ba = -0.0198,0.1069,0.0774
camera-imu timeoffset = -0.00005
cam0 intrinsics = 460.653,460.510,363.509,245.540 | -0.280,0.072,0.001,0.000
cam1 intrinsics = 458.260,458.171,376.635,252.821 | -0.277,0.069,0.001,-0.000
cam0 extrinsics = -0.003,0.009,0.702,0.713 | 0.064,-0.012,0.002
cam1 extrinsics = 0.001,0.012,0.702,0.712 | -0.048,-0.013,0.001
q_GtoI = -0.314,-0.761,-0.148,0.548 | p_IinG = -1.297,-2.094,0.203 | dist = 46.73 (meters)
bg = -0.0017,0.0256,0.0808 | ba = -0.0197,0.1073,0.0761
camera-imu timeoffset = -0.00005
cam0 intrinsics = 460.652,460.504,363.504,245.555 | -0.280,0.072,0.001,0.000
cam1 intrinsics = 458.259,458.165,376.631,252.837 | -0.277,0.069,0.001,-0.000
cam0 extrinsics = -0.003,0.009,0.702,0.713 | 0.064,-0.013,0.002
cam1 extrinsics = 0.001,0.012,0.702,0.712 | -0.048,-0.013,0.001
q_GtoI = -0.330,-0.754,-0.131,0.553 | p_IinG = -1.360,-2.056,0.221 | dist = 46.81 (meters)
bg = -0.0019,0.0253,0.0802 | ba = -0.0193,0.1047,0.0776
camera-imu timeoffset = -0.00005
cam0 intrinsics = 460.650,460.512,363.508,245.557 | -0.280,0.072,0.001,0.000
cam1 intrinsics = 458.260,458.172,376.639,252.838 | -0.277,0.069,0.001,-0.000
cam0 extrinsics = -0.003,0.009,0.702,0.713 | 0.064,-0.012,0.002
cam1 extrinsics = 0.001,0.012,0.702,0.712 | -0.048,-0.013,0.001
q_GtoI = -0.345,-0.746,-0.115,0.557 | p_IinG = -1.425,-2.016,0.239 | dist = 46.89 (meters)
bg = -0.0018,0.0251,0.0802 | ba = -0.0175,0.1037,0.0775
camera-imu timeoffset = -0.00005
cam0 intrinsics = 460.652,460.507,363.509,245.562 | -0.280,0.072,0.001,0.000
cam1 intrinsics = 458.263,458.169,376.646,252.843 | -0.277,0.069,0.001,-0.000
cam0 extrinsics = -0.003,0.009,0.702,0.713 | 0.063,-0.012,0.002
cam1 extrinsics = 0.001,0.012,0.702,0.712 | -0.048,-0.013,0.001
q_GtoI = -0.360,-0.740,-0.101,0.559 | p_IinG = -1.483,-1.970,0.258 | dist = 46.97 (meters)
bg = -0.0017,0.0251,0.0797 | ba = -0.0157,0.1043,0.0754
camera-imu timeoffset = -0.00004
cam0 intrinsics = 460.662,460.507,363.515,245.562 | -0.280,0.072,0.001,0.000
cam1 intrinsics = 458.271,458.163,376.658,252.834 | -0.277,0.069,0.001,-0.000
cam0 extrinsics = -0.003,0.009,0.702,0.713 | 0.063,-0.012,0.002
cam1 extrinsics = 0.001,0.012,0.702,0.712 | -0.048,-0.013,0.001
q_GtoI = -0.373,-0.733,-0.092,0.561 | p_IinG = -1.538,-1.917,0.280 | dist = 47.05 (meters)
bg = -0.0020,0.0252,0.0795 | ba = -0.0161,0.1031,0.0736
camera-imu timeoffset = -0.00004
cam0 intrinsics = 460.669,460.512,363.500,245.544 | -0.280,0.072,0.001,0.000
cam1 intrinsics = 458.276,458.167,376.648,252.817 | -0.277,0.069,0.001,-0.000
cam0 extrinsics = -0.003,0.009,0.702,0.713 | 0.064,-0.012,0.002
cam1 extrinsics = 0.001,0.012,0.702,0.712 | -0.048,-0.013,0.001
q_GtoI = -0.386,-0.727,-0.084,0.561 | p_IinG = -1.589,-1.859,0.301 | dist = 47.13 (meters)
bg = -0.0025,0.0250,0.0791 | ba = -0.0144,0.1032,0.0721
camera-imu timeoffset = -0.00004
cam0 intrinsics = 460.650,460.553,363.500,245.554 | -0.280,0.072,0.001,0.000
cam1 intrinsics = 458.256,458.207,376.651,252.827 | -0.277,0.069,0.001,-0.000
cam0 extrinsics = -0.003,0.009,0.702,0.713 | 0.063,-0.012,0.002
cam1 extrinsics = 0.001,0.012,0.702,0.712 | -0.048,-0.013,0.001
q_GtoI = -0.399,-0.722,-0.082,0.560 | p_IinG = -1.635,-1.797,0.323 | dist = 47.21 (meters)
bg = -0.0024,0.0246,0.0790 | ba = -0.0128,0.1028,0.0741
camera-imu timeoffset = -0.00004
cam0 intrinsics = 460.667,460.530,363.546,245.546 | -0.280,0.072,0.001,0.000
cam1 intrinsics = 458.274,458.198,376.624,252.784 | -0.277,0.069,0.001,-0.000
cam0 extrinsics = -0.003,0.009,0.702,0.713 | 0.063,-0.012,0.002
cam1 extrinsics = 0.001,0.012,0.702,0.712 | -0.048,-0.013,0.001
q_GtoI = -0.409,-0.716,-0.085,0.558 | p_IinG = -1.674,-1.728,0.350 | dist = 47.30 (meters)
bg = -0.0025,0.0246,0.0790 | ba = -0.0138,0.1031,0.0763
camera-imu timeoffset = -0.00004
cam0 intrinsics = 460.665,460.541,363.563,245.524 | -0.280,0.072,0.001,0.000
cam1 intrinsics = 458.277,458.214,376.629,252.761 | -0.277,0.069,0.001,-0.000
cam0 extrinsics = -0.003,0.009,0.702,0.713 | 0.063,-0.012,0.002
cam1 extrinsics = 0.001,0.012,0.702,0.712 | -0.048,-0.013,0.001
q_GtoI = -0.419,-0.713,-0.093,0.555 | p_IinG = -1.709,-1.653,0.381 | dist = 47.39 (meters)
bg = -0.0022,0.0249,0.0792 | ba = -0.0160,0.1028,0.0788
camera-imu timeoffset = -0.00004
cam0 intrinsics = 460.667,460.541,363.562,245.537 | -0.280,0.072,0.001,0.000
cam1 intrinsics = 458.279,458.217,376.627,252.763 | -0.277,0.069,0.001,-0.000
cam0 extrinsics = -0.003,0.009,0.702,0.713 | 0.063,-0.012,0.002
cam1 extrinsics = 0.001,0.012,0.702,0.712 | -0.048,-0.013,0.001
q_GtoI = -0.427,-0.708,-0.106,0.553 | p_IinG = -1.738,-1.571,0.408 | dist = 47.48 (meters)
bg = -0.0023,0.0251,0.0796 | ba = -0.0139,0.1030,0.0797
camera-imu timeoffset = -0.00004
cam0 intrinsics = 460.653,460.561,363.554,245.534 | -0.280,0.072,0.001,0.000
cam1 intrinsics = 458.266,458.236,376.605,252.755 | -0.277,0.069,0.001,-0.000
cam0 extrinsics = -0.003,0.009,0.702,0.713 | 0.063,-0.012,0.002
cam1 extrinsics = 0.001,0.012,0.702,0.712 | -0.048,-0.013,0.002
q_GtoI = -0.436,-0.702,-0.121,0.550 | p_IinG = -1.763,-1.483,0.434 | dist = 47.57 (meters)
bg = -0.0021,0.0251,0.0795 | ba = -0.0143,0.1033,0.0812
camera-imu timeoffset = -0.00004
cam0 intrinsics = 460.658,460.559,363.554,245.530 | -0.280,0.072,0.001,0.000
cam1 intrinsics = 458.269,458.235,376.602,252.745 | -0.277,0.069,0.001,-0.000
cam0 extrinsics = -0.003,0.009,0.702,0.713 | 0.063,-0.012,0.002
cam1 extrinsics = 0.001,0.012,0.702,0.712 | -0.048,-0.013,0.002
q_GtoI = -0.445,-0.695,-0.136,0.548 | p_IinG = -1.780,-1.389,0.456 | dist = 47.67 (meters)
bg = -0.0021,0.0252,0.0795 | ba = -0.0155,0.1021,0.0818
camera-imu timeoffset = -0.00004
cam0 intrinsics = 460.659,460.564,363.539,245.535 | -0.280,0.072,0.001,0.000
cam1 intrinsics = 458.278,458.247,376.596,252.757 | -0.277,0.069,0.001,-0.000
cam0 extrinsics = -0.003,0.009,0.702,0.713 | 0.063,-0.012,0.002
cam1 extrinsics = 0.001,0.012,0.702,0.712 | -0.048,-0.013,0.002
q_GtoI = -0.455,-0.688,-0.153,0.544 | p_IinG = -1.793,-1.291,0.474 | dist = 47.77 (meters)
bg = -0.0020,0.0253,0.0795 | ba = -0.0166,0.1013,0.0819
camera-imu timeoffset = -0.00004
cam0 intrinsics = 460.662,460.568,363.531,245.541 | -0.280,0.072,0.001,0.000
cam1 intrinsics = 458.283,458.253,376.586,252.759 | -0.277,0.069,0.001,-0.000
cam0 extrinsics = -0.003,0.009,0.702,0.713 | 0.063,-0.012,0.002
cam1 extrinsics = 0.001,0.012,0.702,0.712 | -0.048,-0.013,0.002
q_GtoI = -0.465,-0.679,-0.170,0.541 | p_IinG = -1.805,-1.191,0.489 | dist = 47.87 (meters)
bg = -0.0018,0.0257,0.0796 | ba = -0.0178,0.1023,0.0823
camera-imu timeoffset = -0.00004
cam0 intrinsics = 460.666,460.568,363.533,245.542 | -0.280,0.072,0.001,0.000
cam1 intrinsics = 458.288,458.255,376.579,252.757 | -0.277,0.069,0.001,-0.000
cam0 extrinsics = -0.003,0.009,0.702,0.713 | 0.063,-0.012,0.002
cam1 extrinsics = 0.001,0.012,0.702,0.712 | -0.048,-0.013,0.002
q_GtoI = -0.473,-0.671,-0.191,0.538 | p_IinG = -1.812,-1.087,0.499 | dist = 47.98 (meters)
bg = -0.0017,0.0259,0.0793 | ba = -0.0184,0.1029,0.0829
camera-imu timeoffset = -0.00004
cam0 intrinsics = 460.670,460.569,363.531,245.541 | -0.280,0.072,0.001,0.000
cam1 intrinsics = 458.297,458.260,376.577,252.754 | -0.278,0.069,0.001,-0.000
cam0 extrinsics = -0.003,0.009,0.702,0.713 | 0.063,-0.012,0.002
cam1 extrinsics = 0.001,0.012,0.702,0.712 | -0.048,-0.013,0.002
q_GtoI = -0.476,-0.663,-0.221,0.534 | p_IinG = -1.815,-0.984,0.502 | dist = 48.08 (meters)
bg = -0.0018,0.0261,0.0796 | ba = -0.0148,0.1033,0.0839
camera-imu timeoffset = -0.00004
cam0 intrinsics = 460.658,460.566,363.553,245.522 | -0.280,0.072,0.001,0.000
cam1 intrinsics = 458.284,458.256,376.592,252.733 | -0.277,0.069,0.001,-0.000
cam0 extrinsics = -0.003,0.009,0.702,0.713 | 0.063,-0.012,0.003
cam1 extrinsics = 0.001,0.012,0.702,0.712 | -0.048,-0.012,0.002
q_GtoI = -0.473,-0.655,-0.257,0.529 | p_IinG = -1.807,-0.877,0.504 | dist = 48.19 (meters)
bg = -0.0019,0.0263,0.0798 | ba = -0.0167,0.1007,0.0834
camera-imu timeoffset = -0.00004
cam0 intrinsics = 460.666,460.554,363.555,245.510 | -0.280,0.072,0.001,0.000
cam1 intrinsics = 458.293,458.246,376.591,252.719 | -0.277,0.069,0.001,-0.000
cam0 extrinsics = -0.003,0.009,0.702,0.713 | 0.063,-0.012,0.002
cam1 extrinsics = 0.001,0.012,0.702,0.712 | -0.048,-0.012,0.002
q_GtoI = -0.468,-0.647,-0.297,0.524 | p_IinG = -1.799,-0.770,0.500 | dist = 48.30 (meters)
bg = -0.0018,0.0263,0.0800 | ba = -0.0175,0.0997,0.0828
camera-imu timeoffset = -0.00004
cam0 intrinsics = 460.679,460.558,363.552,245.498 | -0.280,0.072,0.001,0.000
cam1 intrinsics = 458.305,458.249,376.585,252.706 | -0.278,0.069,0.001,-0.000
cam0 extrinsics = -0.003,0.009,0.702,0.713 | 0.063,-0.012,0.002
cam1 extrinsics = 0.001,0.012,0.702,0.712 | -0.048,-0.012,0.002
q_GtoI = -0.460,-0.638,-0.337,0.518 | p_IinG = -1.794,-0.667,0.493 | dist = 48.40 (meters)
bg = -0.0019,0.0262,0.0802 | ba = -0.0175,0.1016,0.0840
camera-imu timeoffset = -0.00004
cam0 intrinsics = 460.675,460.553,363.552,245.496 | -0.280,0.072,0.001,0.000
cam1 intrinsics = 458.303,458.246,376.582,252.706 | -0.277,0.069,0.001,-0.000
cam0 extrinsics = -0.003,0.009,0.702,0.713 | 0.063,-0.012,0.002
cam1 extrinsics = 0.001,0.012,0.702,0.712 | -0.048,-0.012,0.002
q_GtoI = -0.454,-0.627,-0.374,0.511 | p_IinG = -1.786,-0.564,0.481 | dist = 48.50 (meters)
bg = -0.0020,0.0260,0.0802 | ba = -0.0188,0.1027,0.0825
camera-imu timeoffset = -0.00004
cam0 intrinsics = 460.670,460.543,363.541,245.511 | -0.280,0.072,0.001,0.000
cam1 intrinsics = 458.295,458.235,376.567,252.720 | -0.277,0.069,0.001,-0.000
cam0 extrinsics = -0.003,0.009,0.702,0.713 | 0.063,-0.012,0.002
cam1 extrinsics = 0.001,0.012,0.702,0.712 | -0.048,-0.012,0.002
q_GtoI = -0.451,-0.615,-0.405,0.504 | p_IinG = -1.779,-0.465,0.465 | dist = 48.60 (meters)
bg = -0.0020,0.0259,0.0804 | ba = -0.0204,0.1045,0.0814
camera-imu timeoffset = -0.00004
cam0 intrinsics = 460.663,460.533,363.559,245.503 | -0.280,0.072,0.001,0.000
cam1 intrinsics = 458.285,458.223,376.581,252.713 | -0.277,0.069,0.001,-0.000
cam0 extrinsics = -0.003,0.009,0.702,0.713 | 0.063,-0.012,0.002
cam1 extrinsics = 0.001,0.012,0.702,0.712 | -0.048,-0.013,0.001
q_GtoI = -0.452,-0.604,-0.430,0.497 | p_IinG = -1.776,-0.373,0.445 | dist = 48.70 (meters)
bg = -0.0019,0.0259,0.0805 | ba = -0.0213,0.1083,0.0828
camera-imu timeoffset = -0.00003
cam0 intrinsics = 460.669,460.535,363.566,245.488 | -0.280,0.072,0.001,0.000
cam1 intrinsics = 458.291,458.226,376.584,252.697 | -0.277,0.069,0.001,-0.000
cam0 extrinsics = -0.003,0.009,0.702,0.713 | 0.063,-0.012,0.002
cam1 extrinsics = 0.001,0.012,0.702,0.712 | -0.048,-0.013,0.001
q_GtoI = -0.456,-0.591,-0.450,0.489 | p_IinG = -1.772,-0.280,0.425 | dist = 48.79 (meters)
bg = -0.0019,0.0258,0.0805 | ba = -0.0264,0.1087,0.0808
camera-imu timeoffset = -0.00003
cam0 intrinsics = 460.689,460.530,363.582,245.471 | -0.280,0.072,0.001,0.000
cam1 intrinsics = 458.303,458.215,376.587,252.684 | -0.277,0.069,0.001,-0.000
cam0 extrinsics = -0.003,0.009,0.702,0.713 | 0.063,-0.012,0.002
cam1 extrinsics = 0.001,0.012,0.702,0.712 | -0.048,-0.013,0.001
q_GtoI = -0.463,-0.579,-0.468,0.481 | p_IinG = -1.767,-0.195,0.400 | dist = 48.88 (meters)
bg = -0.0019,0.0259,0.0804 | ba = -0.0280,0.1084,0.0791
camera-imu timeoffset = -0.00003
cam0 intrinsics = 460.683,460.519,363.572,245.476 | -0.280,0.072,0.001,0.000
cam1 intrinsics = 458.298,458.205,376.582,252.693 | -0.277,0.069,0.001,-0.000
cam0 extrinsics = -0.003,0.009,0.702,0.713 | 0.063,-0.012,0.002
cam1 extrinsics = 0.001,0.012,0.702,0.712 | -0.048,-0.013,0.001
q_GtoI = -0.470,-0.566,-0.483,0.474 | p_IinG = -1.762,-0.117,0.375 | dist = 48.96 (meters)
bg = -0.0020,0.0260,0.0803 | ba = -0.0301,0.1074,0.0768
camera-imu timeoffset = -0.00003
cam0 intrinsics = 460.677,460.506,363.561,245.484 | -0.280,0.072,0.001,0.000
cam1 intrinsics = 458.292,458.194,376.575,252.706 | -0.277,0.069,0.001,-0.000
cam0 extrinsics = -0.003,0.009,0.702,0.713 | 0.063,-0.012,0.002
cam1 extrinsics = 0.001,0.012,0.702,0.712 | -0.048,-0.013,0.001
q_GtoI = -0.479,-0.554,-0.497,0.466 | p_IinG = -1.752,-0.052,0.345 | dist = 49.03 (meters)
bg = -0.0022,0.0259,0.0805 | ba = -0.0318,0.1034,0.0780
camera-imu timeoffset = -0.00004
cam0 intrinsics = 460.659,460.491,363.555,245.516 | -0.280,0.072,0.001,0.000
cam1 intrinsics = 458.276,458.181,376.573,252.745 | -0.277,0.069,0.001,-0.000
cam0 extrinsics = -0.002,0.009,0.702,0.713 | 0.063,-0.012,0.002
cam1 extrinsics = 0.001,0.012,0.702,0.712 | -0.048,-0.013,0.001
q_GtoI = -0.489,-0.542,-0.508,0.458 | p_IinG = -1.744,0.009,0.318 | dist = 49.10 (meters)
bg = -0.0028,0.0259,0.0808 | ba = -0.0349,0.0984,0.0796
camera-imu timeoffset = -0.00004
cam0 intrinsics = 460.621,460.480,363.523,245.595 | -0.280,0.072,0.001,0.000
cam1 intrinsics = 458.243,458.176,376.539,252.825 | -0.277,0.069,0.001,-0.000
cam0 extrinsics = -0.002,0.009,0.702,0.713 | 0.063,-0.013,0.002
cam1 extrinsics = 0.001,0.012,0.702,0.712 | -0.048,-0.013,0.001
q_GtoI = -0.500,-0.530,-0.516,0.450 | p_IinG = -1.741,0.070,0.286 | dist = 49.16 (meters)
bg = -0.0040,0.0261,0.0801 | ba = -0.0331,0.0999,0.0770
camera-imu timeoffset = -0.00003
cam0 intrinsics = 460.591,460.443,363.463,245.699 | -0.280,0.072,0.001,0.000
cam1 intrinsics = 458.214,458.139,376.482,252.932 | -0.277,0.068,0.001,-0.000
cam0 extrinsics = -0.002,0.009,0.702,0.713 | 0.063,-0.013,0.002
cam1 extrinsics = 0.001,0.012,0.702,0.712 | -0.048,-0.014,0.001
q_GtoI = -0.512,-0.520,-0.523,0.440 | p_IinG = -1.746,0.117,0.260 | dist = 49.21 (meters)
bg = -0.0043,0.0263,0.0802 | ba = -0.0337,0.1007,0.0755
camera-imu timeoffset = -0.00003
cam0 intrinsics = 460.589,460.441,363.463,245.707 | -0.280,0.072,0.001,0.000
cam1 intrinsics = 458.213,458.137,376.486,252.937 | -0.277,0.068,0.001,-0.000
cam0 extrinsics = -0.002,0.009,0.702,0.713 | 0.063,-0.013,0.002
cam1 extrinsics = 0.001,0.012,0.702,0.712 | -0.048,-0.014,0.001
q_GtoI = -0.523,-0.513,-0.530,0.427 | p_IinG = -1.756,0.156,0.237 | dist = 49.26 (meters)
bg = -0.0047,0.0266,0.0802 | ba = -0.0347,0.1024,0.0745
camera-imu timeoffset = -0.00003
cam0 intrinsics = 460.591,460.438,363.470,245.717 | -0.280,0.072,0.001,0.000
cam1 intrinsics = 458.217,458.137,376.490,252.946 | -0.277,0.069,0.001,-0.000
cam0 extrinsics = -0.002,0.009,0.702,0.713 | 0.063,-0.013,0.002
cam1 extrinsics = 0.001,0.012,0.702,0.712 | -0.048,-0.014,0.001
q_GtoI = -0.535,-0.506,-0.535,0.414 | p_IinG = -1.770,0.194,0.216 | dist = 49.29 (meters)
bg = -0.0051,0.0268,0.0801 | ba = -0.0349,0.1070,0.0724
camera-imu timeoffset = -0.00003
cam0 intrinsics = 460.611,460.435,363.466,245.732 | -0.280,0.072,0.001,0.000
cam1 intrinsics = 458.247,458.142,376.477,252.957 | -0.277,0.069,0.001,-0.000
cam0 extrinsics = -0.002,0.009,0.702,0.713 | 0.063,-0.013,0.002
cam1 extrinsics = 0.001,0.012,0.702,0.712 | -0.049,-0.014,0.001
q_GtoI = -0.549,-0.501,-0.536,0.400 | p_IinG = -1.789,0.221,0.197 | dist = 49.33 (meters)
bg = -0.0053,0.0267,0.0801 | ba = -0.0347,0.1111,0.0704
camera-imu timeoffset = -0.00003
cam0 intrinsics = 460.648,460.460,363.475,245.738 | -0.280,0.072,0.001,0.000
cam1 intrinsics = 458.283,458.167,376.462,252.952 | -0.277,0.069,0.001,-0.000
cam0 extrinsics = -0.002,0.009,0.702,0.713 | 0.063,-0.013,0.002
cam1 extrinsics = 0.001,0.012,0.702,0.712 | -0.049,-0.014,0.001
q_GtoI = -0.565,-0.497,-0.534,0.386 | p_IinG = -1.818,0.245,0.181 | dist = 49.36 (meters)
bg = -0.0049,0.0265,0.0802 | ba = -0.0349,0.1172,0.0684
camera-imu timeoffset = -0.00003
cam0 intrinsics = 460.703,460.489,363.475,245.735 | -0.280,0.072,0.001,0.000
cam1 intrinsics = 458.335,458.194,376.458,252.936 | -0.277,0.069,0.001,-0.000
cam0 extrinsics = -0.002,0.009,0.702,0.713 | 0.062,-0.013,0.002
cam1 extrinsics = 0.001,0.012,0.702,0.712 | -0.049,-0.014,0.001
q_GtoI = -0.582,-0.496,-0.526,0.371 | p_IinG = -1.845,0.257,0.168 | dist = 49.39 (meters)
bg = -0.0048,0.0266,0.0804 | ba = -0.0352,0.1192,0.0701
camera-imu timeoffset = -0.00003
cam0 intrinsics = 460.724,460.500,363.480,245.732 | -0.280,0.072,0.001,0.000
cam1 intrinsics = 458.358,458.208,376.462,252.931 | -0.278,0.069,0.001,-0.000
cam0 extrinsics = -0.002,0.009,0.702,0.713 | 0.062,-0.013,0.002
cam1 extrinsics = 0.001,0.012,0.702,0.712 | -0.049,-0.014,0.001
q_GtoI = -0.600,-0.492,-0.516,0.363 | p_IinG = -1.879,0.268,0.152 | dist = 49.42 (meters)
bg = -0.0044,0.0263,0.0808 | ba = -0.0347,0.1228,0.0692
camera-imu timeoffset = -0.00003
cam0 intrinsics = 460.750,460.515,363.513,245.714 | -0.280,0.072,0.001,0.000
cam1 intrinsics = 458.382,458.222,376.497,252.925 | -0.278,0.069,0.001,-0.000
cam0 extrinsics = -0.002,0.009,0.702,0.713 | 0.062,-0.013,0.002
cam1 extrinsics = 0.001,0.012,0.702,0.712 | -0.049,-0.014,0.001
q_GtoI = -0.614,-0.488,-0.509,0.356 | p_IinG = -1.912,0.274,0.137 | dist = 49.46 (meters)
bg = -0.0043,0.0261,0.0809 | ba = -0.0349,0.1244,0.0697
camera-imu timeoffset = -0.00003
cam0 intrinsics = 460.760,460.517,363.527,245.711 | -0.280,0.072,0.001,0.000
cam1 intrinsics = 458.389,458.222,376.504,252.924 | -0.278,0.069,0.001,-0.000
cam0 extrinsics = -0.002,0.009,0.702,0.713 | 0.062,-0.013,0.002
cam1 extrinsics = 0.001,0.012,0.702,0.712 | -0.049,-0.014,0.001
q_GtoI = -0.626,-0.481,-0.501,0.354 | p_IinG = -1.948,0.277,0.121 | dist = 49.50 (meters)
bg = -0.0042,0.0259,0.0809 | ba = -0.0351,0.1252,0.0711
camera-imu timeoffset = -0.00003
cam0 intrinsics = 460.758,460.518,363.538,245.700 | -0.280,0.072,0.001,0.000
cam1 intrinsics = 458.388,458.223,376.509,252.912 | -0.278,0.069,0.001,-0.000
cam0 extrinsics = -0.002,0.009,0.702,0.713 | 0.062,-0.013,0.002
cam1 extrinsics = 0.001,0.012,0.702,0.712 | -0.049,-0.014,0.001
q_GtoI = -0.636,-0.473,-0.494,0.357 | p_IinG = -1.986,0.278,0.104 | dist = 49.54 (meters)
bg = -0.0040,0.0257,0.0810 | ba = -0.0342,0.1258,0.0721
camera-imu timeoffset = -0.00003
cam0 intrinsics = 460.756,460.514,363.553,245.690 | -0.280,0.072,0.001,0.000
cam1 intrinsics = 458.384,458.218,376.515,252.904 | -0.278,0.069,0.001,-0.000
cam0 extrinsics = -0.002,0.009,0.702,0.713 | 0.062,-0.013,0.002
cam1 extrinsics = 0.001,0.012,0.702,0.712 | -0.049,-0.013,0.001
q_GtoI = -0.644,-0.465,-0.487,0.362 | p_IinG = -2.024,0.279,0.086 | dist = 49.58 (meters)
bg = -0.0038,0.0256,0.0812 | ba = -0.0330,0.1253,0.0733
camera-imu timeoffset = -0.00003
cam0 intrinsics = 460.759,460.519,363.592,245.733 | -0.280,0.072,0.001,0.000
cam1 intrinsics = 458.392,458.228,376.542,252.943 | -0.278,0.069,0.001,-0.000
cam0 extrinsics = -0.002,0.009,0.702,0.713 | 0.062,-0.013,0.002
cam1 extrinsics = 0.001,0.012,0.702,0.712 | -0.049,-0.014,0.001
q_GtoI = -0.653,-0.459,-0.479,0.367 | p_IinG = -2.061,0.276,0.065 | dist = 49.62 (meters)
bg = -0.0037,0.0255,0.0810 | ba = -0.0326,0.1236,0.0744
camera-imu timeoffset = -0.00003
cam0 intrinsics = 460.779,460.545,363.601,245.744 | -0.280,0.072,0.001,0.000
cam1 intrinsics = 458.415,458.255,376.543,252.953 | -0.278,0.069,0.001,-0.000
cam0 extrinsics = -0.002,0.009,0.702,0.713 | 0.062,-0.013,0.002
cam1 extrinsics = 0.001,0.012,0.702,0.712 | -0.049,-0.014,0.001
q_GtoI = -0.658,-0.456,-0.474,0.367 | p_IinG = -2.099,0.272,0.045 | dist = 49.66 (meters)
bg = -0.0035,0.0254,0.0811 | ba = -0.0325,0.1212,0.0747
camera-imu timeoffset = -0.00003
cam0 intrinsics = 460.793,460.560,363.608,245.748 | -0.280,0.072,0.001,0.000
cam1 intrinsics = 458.430,458.272,376.545,252.954 | -0.278,0.069,0.001,-0.000
cam0 extrinsics = -0.002,0.009,0.702,0.713 | 0.062,-0.013,0.002
cam1 extrinsics = 0.001,0.012,0.702,0.712 | -0.049,-0.014,0.001
q_GtoI = -0.660,-0.457,-0.473,0.363 | p_IinG = -2.134,0.268,0.026 | dist = 49.70 (meters)
bg = -0.0037,0.0252,0.0812 | ba = -0.0322,0.1197,0.0739
camera-imu timeoffset = -0.00003
cam0 intrinsics = 460.801,460.566,363.613,245.760 | -0.280,0.072,0.001,0.000
cam1 intrinsics = 458.441,458.278,376.553,252.960 | -0.278,0.069,0.001,-0.000
cam0 extrinsics = -0.003,0.009,0.702,0.713 | 0.062,-0.013,0.002
cam1 extrinsics = 0.001,0.012,0.702,0.712 | -0.049,-0.014,0.002
q_GtoI = -0.661,-0.459,-0.473,0.359 | p_IinG = -2.170,0.261,0.009 | dist = 49.74 (meters)
bg = -0.0037,0.0252,0.0811 | ba = -0.0326,0.1179,0.0750
camera-imu timeoffset = -0.00003
cam0 intrinsics = 460.812,460.580,363.613,245.760 | -0.280,0.072,0.001,0.000
cam1 intrinsics = 458.455,458.295,376.556,252.960 | -0.278,0.069,0.001,-0.000
cam0 extrinsics = -0.003,0.009,0.702,0.713 | 0.062,-0.013,0.002
cam1 extrinsics = 0.001,0.012,0.702,0.712 | -0.049,-0.014,0.002
q_GtoI = -0.661,-0.462,-0.473,0.355 | p_IinG = -2.205,0.254,-0.005 | dist = 49.78 (meters)
bg = -0.0036,0.0252,0.0812 | ba = -0.0328,0.1160,0.0753
camera-imu timeoffset = -0.00003
cam0 intrinsics = 460.824,460.592,363.611,245.770 | -0.280,0.072,0.001,0.000
cam1 intrinsics = 458.469,458.309,376.552,252.966 | -0.278,0.069,0.001,-0.000
cam0 extrinsics = -0.003,0.009,0.702,0.713 | 0.062,-0.013,0.002
cam1 extrinsics = 0.001,0.012,0.702,0.712 | -0.049,-0.014,0.002
q_GtoI = -0.662,-0.462,-0.474,0.353 | p_IinG = -2.238,0.245,-0.017 | dist = 49.82 (meters)
bg = -0.0038,0.0252,0.0811 | ba = -0.0330,0.1136,0.0759
camera-imu timeoffset = -0.00003
cam0 intrinsics = 460.844,460.611,363.610,245.769 | -0.281,0.072,0.001,0.000
cam1 intrinsics = 458.491,458.328,376.552,252.958 | -0.278,0.069,0.001,-0.000
cam0 extrinsics = -0.003,0.009,0.702,0.713 | 0.062,-0.013,0.003
cam1 extrinsics = 0.001,0.012,0.702,0.712 | -0.049,-0.014,0.002
q_GtoI = -0.665,-0.462,-0.471,0.349 | p_IinG = -2.271,0.236,-0.027 | dist = 49.85 (meters)
bg = -0.0038,0.0253,0.0812 | ba = -0.0329,0.1113,0.0763
camera-imu timeoffset = -0.00003
cam0 intrinsics = 460.862,460.629,363.609,245.774 | -0.281,0.072,0.001,0.000
cam1 intrinsics = 458.510,458.347,376.551,252.964 | -0.278,0.069,0.001,-0.000
cam0 extrinsics = -0.003,0.009,0.702,0.713 | 0.062,-0.013,0.003
cam1 extrinsics = 0.001,0.012,0.702,0.712 | -0.049,-0.014,0.002
q_GtoI = -0.669,-0.463,-0.468,0.345 | p_IinG = -2.304,0.226,-0.035 | dist = 49.89 (meters)
bg = -0.0038,0.0253,0.0813 | ba = -0.0333,0.1098,0.0767
camera-imu timeoffset = -0.00003
cam0 intrinsics = 460.876,460.640,363.616,245.781 | -0.281,0.072,0.001,0.000
cam1 intrinsics = 458.522,458.357,376.554,252.970 | -0.278,0.069,0.001,-0.000
cam0 extrinsics = -0.003,0.009,0.702,0.713 | 0.062,-0.013,0.003
cam1 extrinsics = 0.001,0.012,0.702,0.712 | -0.049,-0.014,0.002
q_GtoI = -0.675,-0.464,-0.463,0.339 | p_IinG = -2.333,0.219,-0.040 | dist = 49.92 (meters)
bg = -0.0039,0.0253,0.0811 | ba = -0.0318,0.1099,0.0749
camera-imu timeoffset = -0.00003
cam0 intrinsics = 460.897,460.655,363.600,245.770 | -0.281,0.072,0.001,0.000
cam1 intrinsics = 458.546,458.375,376.544,252.959 | -0.278,0.069,0.001,-0.000
cam0 extrinsics = -0.003,0.009,0.702,0.713 | 0.062,-0.013,0.003
cam1 extrinsics = 0.001,0.012,0.702,0.712 | -0.049,-0.014,0.002
q_GtoI = -0.680,-0.467,-0.459,0.330 | p_IinG = -2.365,0.210,-0.040 | dist = 49.95 (meters)
bg = -0.0037,0.0255,0.0812 | ba = -0.0268,0.1068,0.0753
camera-imu timeoffset = -0.00003
cam0 intrinsics = 460.911,460.666,363.587,245.776 | -0.281,0.072,0.001,0.000
cam1 intrinsics = 458.563,458.390,376.535,252.965 | -0.278,0.069,0.001,-0.000
cam0 extrinsics = -0.003,0.009,0.702,0.713 | 0.062,-0.013,0.003
cam1 extrinsics = 0.001,0.012,0.702,0.712 | -0.049,-0.014,0.002
q_GtoI = -0.686,-0.469,-0.455,0.319 | p_IinG = -2.395,0.203,-0.037 | dist = 49.98 (meters)
bg = -0.0035,0.0254,0.0813 | ba = -0.0219,0.1043,0.0760
camera-imu timeoffset = -0.00003
cam0 intrinsics = 460.921,460.671,363.573,245.779 | -0.281,0.072,0.001,0.000
cam1 intrinsics = 458.575,458.397,376.524,252.968 | -0.278,0.069,0.001,-0.000
cam0 extrinsics = -0.003,0.009,0.702,0.713 | 0.062,-0.014,0.003
cam1 extrinsics = 0.001,0.012,0.702,0.712 | -0.049,-0.014,0.002
q_GtoI = -0.693,-0.468,-0.453,0.309 | p_IinG = -2.425,0.195,-0.036 | dist = 50.00 (meters)
bg = -0.0032,0.0254,0.0814 | ba = -0.0162,0.1017,0.0763
camera-imu timeoffset = -0.00003
cam0 intrinsics = 460.930,460.676,363.557,245.782 | -0.281,0.072,0.001,0.000
cam1 intrinsics = 458.588,458.405,376.512,252.972 | -0.278,0.069,0.001,-0.000
cam0 extrinsics = -0.002,0.009,0.702,0.713 | 0.062,-0.014,0.003
cam1 extrinsics = 0.001,0.012,0.702,0.712 | -0.049,-0.014,0.002
q_GtoI = -0.703,-0.461,-0.450,0.302 | p_IinG = -2.453,0.189,-0.037 | dist = 50.03 (meters)
bg = -0.0029,0.0254,0.0814 | ba = -0.0110,0.0993,0.0763
camera-imu timeoffset = -0.00003
cam0 intrinsics = 460.941,460.682,363.543,245.781 | -0.281,0.072,0.001,0.000
cam1 intrinsics = 458.601,458.413,376.501,252.971 | -0.278,0.069,0.001,-0.000
cam0 extrinsics = -0.002,0.009,0.702,0.713 | 0.062,-0.014,0.003
cam1 extrinsics = 0.001,0.012,0.702,0.712 | -0.049,-0.014,0.002
q_GtoI = -0.715,-0.452,-0.445,0.294 | p_IinG = -2.480,0.185,-0.041 | dist = 50.05 (meters)
bg = -0.0027,0.0251,0.0815 | ba = -0.0065,0.0975,0.0765
camera-imu timeoffset = -0.00003
cam0 intrinsics = 460.949,460.685,363.530,245.781 | -0.281,0.072,0.001,0.000
cam1 intrinsics = 458.612,458.419,376.494,252.971 | -0.278,0.069,0.001,-0.000
cam0 extrinsics = -0.002,0.009,0.702,0.713 | 0.062,-0.014,0.003
cam1 extrinsics = 0.001,0.012,0.702,0.712 | -0.049,-0.014,0.002
q_GtoI = -0.728,-0.441,-0.440,0.286 | p_IinG = -2.504,0.182,-0.049 | dist = 50.08 (meters)
bg = -0.0024,0.0248,0.0815 | ba = -0.0022,0.0960,0.0763
camera-imu timeoffset = -0.00003
cam0 intrinsics = 460.959,460.691,363.518,245.777 | -0.281,0.072,0.001,0.000
cam1 intrinsics = 458.625,458.427,376.487,252.968 | -0.278,0.069,0.001,-0.000
cam0 extrinsics = -0.002,0.009,0.702,0.713 | 0.062,-0.014,0.003
cam1 extrinsics = 0.001,0.012,0.702,0.712 | -0.049,-0.014,0.002
q_GtoI = -0.742,-0.430,-0.436,0.275 | p_IinG = -2.525,0.183,-0.059 | dist = 50.10 (meters)
bg = -0.0021,0.0247,0.0816 | ba = 0.0021,0.0945,0.0743
camera-imu timeoffset = -0.00003
cam0 intrinsics = 460.972,460.695,363.493,245.761 | -0.281,0.072,0.001,0.000
cam1 intrinsics = 458.641,458.434,376.468,252.956 | -0.278,0.069,0.001,-0.000
cam0 extrinsics = -0.002,0.009,0.702,0.713 | 0.062,-0.014,0.003
cam1 extrinsics = 0.001,0.012,0.702,0.712 | -0.049,-0.014,0.002
q_GtoI = -0.755,-0.417,-0.433,0.264 | p_IinG = -2.542,0.186,-0.069 | dist = 50.12 (meters)
bg = -0.0021,0.0246,0.0819 | ba = 0.0035,0.0941,0.0730
camera-imu timeoffset = -0.00003
cam0 intrinsics = 460.982,460.702,363.498,245.754 | -0.281,0.072,0.001,0.000
cam1 intrinsics = 458.650,458.441,376.475,252.951 | -0.278,0.069,0.001,-0.000
cam0 extrinsics = -0.002,0.009,0.702,0.713 | 0.062,-0.014,0.003
cam1 extrinsics = 0.001,0.012,0.702,0.712 | -0.049,-0.014,0.002
q_GtoI = -0.768,-0.402,-0.431,0.253 | p_IinG = -2.549,0.196,-0.084 | dist = 50.14 (meters)
bg = -0.0022,0.0242,0.0819 | ba = 0.0041,0.0989,0.0647
camera-imu timeoffset = -0.00003
cam0 intrinsics = 461.023,460.716,363.464,245.693 | -0.281,0.072,0.001,0.000
cam1 intrinsics = 458.686,458.452,376.450,252.889 | -0.278,0.069,0.001,-0.000
cam0 extrinsics = -0.002,0.009,0.702,0.713 | 0.063,-0.013,0.003
cam1 extrinsics = 0.001,0.012,0.702,0.712 | -0.049,-0.014,0.002
q_GtoI = -0.779,-0.386,-0.431,0.242 | p_IinG = -2.555,0.206,-0.097 | dist = 50.15 (meters)
bg = -0.0019,0.0241,0.0819 | ba = 0.0038,0.0977,0.0607
camera-imu timeoffset = -0.00003
cam0 intrinsics = 461.033,460.716,363.471,245.681 | -0.281,0.072,0.001,0.000
cam1 intrinsics = 458.694,458.450,376.463,252.875 | -0.278,0.069,0.001,-0.000
cam0 extrinsics = -0.002,0.009,0.702,0.713 | 0.063,-0.013,0.003
cam1 extrinsics = 0.001,0.012,0.702,0.712 | -0.049,-0.013,0.002
q_GtoI = -0.788,-0.369,-0.434,0.232 | p_IinG = -2.561,0.218,-0.112 | dist = 50.17 (meters)
bg = -0.0020,0.0240,0.0821 | ba = 0.0036,0.0975,0.0594
camera-imu timeoffset = -0.00003
cam0 intrinsics = 461.037,460.709,363.484,245.671 | -0.281,0.072,0.001,0.000
cam1 intrinsics = 458.694,458.442,376.477,252.853 | -0.278,0.069,0.001,-0.000
cam0 extrinsics = -0.002,0.009,0.702,0.713 | 0.063,-0.013,0.003
cam1 extrinsics = 0.001,0.012,0.702,0.712 | -0.049,-0.013,0.002
q_GtoI = -0.797,-0.351,-0.439,0.221 | p_IinG = -2.561,0.235,-0.127 | dist = 50.20 (meters)
bg = -0.0021,0.0240,0.0821 | ba = 0.0013,0.0998,0.0599
camera-imu timeoffset = -0.00003
cam0 intrinsics = 461.037,460.708,363.481,245.653 | -0.281,0.072,0.001,0.000
cam1 intrinsics = 458.697,458.442,376.477,252.835 | -0.278,0.069,0.001,-0.000
cam0 extrinsics = -0.002,0.009,0.702,0.713 | 0.063,-0.013,0.003
cam1 extrinsics = 0.001,0.012,0.702,0.712 | -0.049,-0.013,0.002
q_GtoI = -0.803,-0.332,-0.448,0.210 | p_IinG = -2.557,0.255,-0.143 | dist = 50.22 (meters)
bg = -0.0020,0.0239,0.0820 | ba = 0.0006,0.1008,0.0600
camera-imu timeoffset = -0.00003
cam0 intrinsics = 461.050,460.712,363.495,245.654 | -0.281,0.072,0.001,0.000
cam1 intrinsics = 458.710,458.446,376.494,252.832 | -0.278,0.069,0.001,-0.000
cam0 extrinsics = -0.002,0.009,0.702,0.713 | 0.063,-0.013,0.003
cam1 extrinsics = 0.001,0.012,0.702,0.712 | -0.049,-0.013,0.002
q_GtoI = -0.805,-0.315,-0.461,0.198 | p_IinG = -2.551,0.279,-0.159 | dist = 50.25 (meters)
bg = -0.0019,0.0239,0.0820 | ba = 0.0005,0.1012,0.0604
camera-imu timeoffset = -0.00003
cam0 intrinsics = 461.079,460.725,363.504,245.662 | -0.281,0.072,0.001,0.000
cam1 intrinsics = 458.738,458.459,376.504,252.835 | -0.278,0.069,0.001,-0.000
cam0 extrinsics = -0.002,0.009,0.702,0.713 | 0.063,-0.013,0.003
cam1 extrinsics = 0.001,0.012,0.702,0.712 | -0.049,-0.013,0.002
q_GtoI = -0.807,-0.298,-0.475,0.184 | p_IinG = -2.540,0.304,-0.176 | dist = 50.28 (meters)
bg = -0.0019,0.0239,0.0821 | ba = 0.0009,0.1007,0.0611
camera-imu timeoffset = -0.00003
cam0 intrinsics = 461.114,460.744,363.508,245.664 | -0.281,0.072,0.001,0.000
cam1 intrinsics = 458.773,458.479,376.508,252.835 | -0.278,0.069,0.001,-0.000
cam0 extrinsics = -0.002,0.009,0.702,0.713 | 0.063,-0.013,0.003
cam1 extrinsics = 0.001,0.012,0.702,0.712 | -0.049,-0.013,0.002
q_GtoI = -0.808,-0.281,-0.489,0.171 | p_IinG = -2.525,0.332,-0.193 | dist = 50.32 (meters)
bg = -0.0019,0.0240,0.0823 | ba = 0.0008,0.1002,0.0603
camera-imu timeoffset = -0.00003
cam0 intrinsics = 461.138,460.757,363.515,245.670 | -0.281,0.072,0.001,0.000
cam1 intrinsics = 458.797,458.491,376.511,252.840 | -0.278,0.069,0.001,-0.000
cam0 extrinsics = -0.002,0.009,0.702,0.713 | 0.063,-0.013,0.003
cam1 extrinsics = 0.001,0.012,0.702,0.712 | -0.049,-0.013,0.002
q_GtoI = -0.808,-0.265,-0.502,0.157 | p_IinG = -2.508,0.363,-0.209 | dist = 50.36 (meters)
bg = -0.0018,0.0241,0.0824 | ba = 0.0009,0.0988,0.0580
camera-imu timeoffset = -0.00003
cam0 intrinsics = 461.152,460.766,363.529,245.687 | -0.281,0.072,0.001,0.000
cam1 intrinsics = 458.810,458.499,376.525,252.854 | -0.278,0.069,0.001,-0.000
cam0 extrinsics = -0.002,0.009,0.702,0.713 | 0.063,-0.013,0.003
cam1 extrinsics = 0.001,0.012,0.702,0.712 | -0.049,-0.014,0.002
q_GtoI = -0.808,-0.247,-0.515,0.145 | p_IinG = -2.489,0.395,-0.225 | dist = 50.40 (meters)
bg = -0.0018,0.0241,0.0824 | ba = 0.0007,0.0985,0.0578
camera-imu timeoffset = -0.00003
cam0 intrinsics = 461.168,460.775,363.549,245.689 | -0.281,0.072,0.001,0.000
cam1 intrinsics = 458.829,458.511,376.546,252.854 | -0.278,0.069,0.001,-0.000
cam0 extrinsics = -0.002,0.009,0.702,0.713 | 0.062,-0.013,0.003
cam1 extrinsics = 0.001,0.012,0.702,0.712 | -0.049,-0.014,0.002
q_GtoI = -0.808,-0.230,-0.527,0.131 | p_IinG = -2.469,0.430,-0.240 | dist = 50.44 (meters)
bg = -0.0018,0.0240,0.0824 | ba = 0.0010,0.0981,0.0607
camera-imu timeoffset = -0.00003
cam0 intrinsics = 461.213,460.802,363.514,245.655 | -0.281,0.072,0.001,0.000
cam1 intrinsics = 458.873,458.536,376.491,252.814 | -0.278,0.069,0.001,-0.000
cam0 extrinsics = -0.002,0.009,0.702,0.713 | 0.063,-0.013,0.003
cam1 extrinsics = 0.001,0.012,0.702,0.712 | -0.049,-0.013,0.002
q_GtoI = -0.805,-0.212,-0.542,0.119 | p_IinG = -2.448,0.467,-0.256 | dist = 50.49 (meters)
bg = -0.0015,0.0236,0.0822 | ba = 0.0019,0.0997,0.0594
camera-imu timeoffset = -0.00003
cam0 intrinsics = 461.218,460.813,363.509,245.644 | -0.281,0.072,0.001,0.000
cam1 intrinsics = 458.873,458.543,376.488,252.795 | -0.278,0.069,0.001,-0.000
cam0 extrinsics = -0.002,0.009,0.702,0.713 | 0.063,-0.013,0.003
cam1 extrinsics = 0.001,0.012,0.702,0.712 | -0.049,-0.013,0.002
q_GtoI = -0.799,-0.193,-0.559,0.109 | p_IinG = -2.425,0.506,-0.268 | dist = 50.53 (meters)
bg = -0.0014,0.0237,0.0821 | ba = -0.0001,0.1007,0.0598
camera-imu timeoffset = -0.00003
cam0 intrinsics = 461.244,460.828,363.523,245.623 | -0.281,0.072,0.001,0.000
cam1 intrinsics = 458.899,458.557,376.498,252.773 | -0.278,0.069,0.001,-0.000
cam0 extrinsics = -0.002,0.009,0.702,0.713 | 0.063,-0.013,0.003
cam1 extrinsics = 0.001,0.012,0.702,0.712 | -0.049,-0.013,0.002
q_GtoI = -0.795,-0.170,-0.573,0.104 | p_IinG = -2.402,0.544,-0.280 | dist = 50.58 (meters)
bg = -0.0017,0.0239,0.0820 | ba = 0.0003,0.1000,0.0578
camera-imu timeoffset = -0.00003
cam0 intrinsics = 461.235,460.816,363.528,245.615 | -0.281,0.072,0.001,0.000
cam1 intrinsics = 458.887,458.544,376.505,252.763 | -0.278,0.069,0.001,-0.000
cam0 extrinsics = -0.002,0.009,0.702,0.713 | 0.063,-0.013,0.003
cam1 extrinsics = 0.001,0.012,0.702,0.712 | -0.049,-0.013,0.002
q_GtoI = -0.793,-0.142,-0.583,0.106 | p_IinG = -2.379,0.583,-0.291 | dist = 50.62 (meters)
bg = -0.0017,0.0238,0.0818 | ba = -0.0023,0.0980,0.0555
camera-imu timeoffset = -0.00003
cam0 intrinsics = 461.248,460.834,363.537,245.617 | -0.281,0.072,0.001,0.000
cam1 intrinsics = 458.895,458.557,376.508,252.763 | -0.278,0.069,0.001,-0.000
cam0 extrinsics = -0.002,0.009,0.702,0.713 | 0.063,-0.013,0.003
cam1 extrinsics = 0.001,0.012,0.702,0.712 | -0.049,-0.013,0.002
q_GtoI = -0.793,-0.114,-0.589,0.107 | p_IinG = -2.358,0.620,-0.302 | dist = 50.67 (meters)
bg = -0.0018,0.0238,0.0816 | ba = -0.0058,0.0967,0.0558
camera-imu timeoffset = -0.00003
cam0 intrinsics = 461.258,460.850,363.549,245.589 | -0.281,0.072,0.001,0.000
cam1 intrinsics = 458.907,458.575,376.519,252.733 | -0.278,0.069,0.001,-0.000
cam0 extrinsics = -0.002,0.009,0.702,0.713 | 0.063,-0.013,0.003
cam1 extrinsics = 0.001,0.012,0.702,0.712 | -0.048,-0.013,0.002
q_GtoI = -0.794,-0.087,-0.593,0.107 | p_IinG = -2.338,0.657,-0.313 | dist = 50.71 (meters)
bg = -0.0019,0.0238,0.0815 | ba = -0.0082,0.0963,0.0540
camera-imu timeoffset = -0.00003
cam0 intrinsics = 461.261,460.858,363.553,245.587 | -0.281,0.072,0.001,0.000
cam1 intrinsics = 458.912,458.585,376.517,252.729 | -0.278,0.069,0.001,-0.000
cam0 extrinsics = -0.002,0.009,0.702,0.713 | 0.063,-0.013,0.003
cam1 extrinsics = 0.001,0.012,0.702,0.712 | -0.048,-0.013,0.002
q_GtoI = -0.795,-0.059,-0.595,0.106 | p_IinG = -2.318,0.692,-0.322 | dist = 50.75 (meters)
bg = -0.0021,0.0240,0.0813 | ba = -0.0114,0.0979,0.0523
camera-imu timeoffset = -0.00003
cam0 intrinsics = 461.264,460.860,363.554,245.590 | -0.281,0.072,0.001,0.000
cam1 intrinsics = 458.914,458.588,376.511,252.730 | -0.278,0.069,0.001,-0.000
cam0 extrinsics = -0.002,0.009,0.702,0.713 | 0.063,-0.013,0.003
cam1 extrinsics = 0.001,0.012,0.702,0.712 | -0.048,-0.013,0.003
q_GtoI = -0.796,-0.033,-0.595,0.102 | p_IinG = -2.297,0.724,-0.332 | dist = 50.79 (meters)
bg = -0.0023,0.0241,0.0810 | ba = -0.0126,0.1003,0.0478
camera-imu timeoffset = -0.00003
cam0 intrinsics = 461.270,460.871,363.563,245.584 | -0.281,0.072,0.001,0.000
cam1 intrinsics = 458.919,458.600,376.514,252.722 | -0.278,0.069,0.001,-0.000
cam0 extrinsics = -0.002,0.009,0.702,0.713 | 0.063,-0.013,0.003
cam1 extrinsics = 0.001,0.012,0.702,0.712 | -0.048,-0.013,0.003
q_GtoI = -0.798,-0.007,-0.594,0.097 | p_IinG = -2.277,0.753,-0.341 | dist = 50.83 (meters)
bg = -0.0026,0.0242,0.0809 | ba = -0.0141,0.1039,0.0434
camera-imu timeoffset = -0.00002
cam0 intrinsics = 461.286,460.886,363.577,245.594 | -0.281,0.072,0.001,0.000
cam1 intrinsics = 458.934,458.616,376.522,252.729 | -0.278,0.069,0.001,-0.000
cam0 extrinsics = -0.003,0.009,0.702,0.713 | 0.063,-0.013,0.003
cam1 extrinsics = 0.001,0.012,0.702,0.712 | -0.048,-0.013,0.003
q_GtoI = -0.800,0.017,-0.593,0.089 | p_IinG = -2.259,0.781,-0.351 | dist = 50.86 (meters)
bg = -0.0027,0.0245,0.0811 | ba = -0.0118,0.1126,0.0461
camera-imu timeoffset = -0.00003
cam0 intrinsics = 461.233,460.870,363.562,245.606 | -0.281,0.072,0.001,0.000
cam1 intrinsics = 458.877,458.597,376.505,252.744 | -0.278,0.069,0.001,-0.000
cam0 extrinsics = -0.002,0.009,0.702,0.713 | 0.063,-0.013,0.003
cam1 extrinsics = 0.001,0.012,0.702,0.712 | -0.048,-0.013,0.003
q_GtoI = -0.800,0.041,-0.593,0.079 | p_IinG = -2.242,0.801,-0.360 | dist = 50.89 (meters)
bg = -0.0028,0.0246,0.0812 | ba = -0.0094,0.1129,0.0486
camera-imu timeoffset = -0.00003
cam0 intrinsics = 461.216,460.864,363.558,245.595 | -0.281,0.072,0.001,0.000
cam1 intrinsics = 458.859,458.590,376.499,252.732 | -0.278,0.069,0.001,-0.000
cam0 extrinsics = -0.002,0.009,0.702,0.713 | 0.063,-0.013,0.003
cam1 extrinsics = 0.001,0.012,0.702,0.712 | -0.048,-0.013,0.002
q_GtoI = -0.799,0.067,-0.593,0.069 | p_IinG = -2.226,0.817,-0.369 | dist = 50.91 (meters)
bg = -0.0027,0.0247,0.0812 | ba = -0.0086,0.1100,0.0484
camera-imu timeoffset = -0.00003
cam0 intrinsics = 461.214,460.873,363.553,245.594 | -0.281,0.072,0.001,0.000
cam1 intrinsics = 458.855,458.599,376.491,252.730 | -0.278,0.069,0.001,-0.000
cam0 extrinsics = -0.002,0.009,0.702,0.713 | 0.063,-0.012,0.003
cam1 extrinsics = 0.001,0.012,0.702,0.712 | -0.048,-0.013,0.002
q_GtoI = -0.799,0.091,-0.592,0.055 | p_IinG = -2.213,0.829,-0.378 | dist = 50.93 (meters)
bg = -0.0027,0.0249,0.0814 | ba = -0.0069,0.1137,0.0518
camera-imu timeoffset = -0.00003
cam0 intrinsics = 461.207,460.884,363.554,245.578 | -0.281,0.072,0.001,0.000
cam1 intrinsics = 458.848,458.611,376.493,252.711 | -0.278,0.069,0.001,-0.000
cam0 extrinsics = -0.002,0.009,0.702,0.713 | 0.063,-0.012,0.003
cam1 extrinsics = 0.001,0.012,0.702,0.712 | -0.048,-0.013,0.002
q_GtoI = -0.798,0.111,-0.592,0.036 | p_IinG = -2.201,0.838,-0.386 | dist = 50.95 (meters)
bg = -0.0026,0.0248,0.0818 | ba = -0.0047,0.1167,0.0533
camera-imu timeoffset = -0.00002
cam0 intrinsics = 461.230,460.900,363.571,245.571 | -0.281,0.072,0.001,0.000
cam1 intrinsics = 458.871,458.628,376.523,252.691 | -0.278,0.069,0.001,-0.000
cam0 extrinsics = -0.002,0.009,0.702,0.713 | 0.063,-0.012,0.003
cam1 extrinsics = 0.001,0.012,0.702,0.712 | -0.048,-0.013,0.003
q_GtoI = -0.796,0.129,-0.591,0.012 | p_IinG = -2.189,0.842,-0.392 | dist = 50.96 (meters)
bg = -0.0024,0.0247,0.0817 | ba = -0.0051,0.1152,0.0540
camera-imu timeoffset = -0.00002
cam0 intrinsics = 461.254,460.899,363.577,245.576 | -0.281,0.072,0.001,0.000
cam1 intrinsics = 458.899,458.632,376.520,252.689 | -0.278,0.069,0.001,-0.000
cam0 extrinsics = -0.002,0.009,0.702,0.713 | 0.063,-0.012,0.003
cam1 extrinsics = 0.001,0.012,0.702,0.712 | -0.048,-0.013,0.003
q_GtoI = 0.792,-0.165,0.586,0.037 | p_IinG = -2.172,0.837,-0.402 | dist = 50.98 (meters)
bg = -0.0022,0.0251,0.0819 | ba = 0.0028,0.1180,0.0559
camera-imu timeoffset = -0.00002
cam0 intrinsics = 461.284,460.925,363.573,245.552 | -0.281,0.072,0.001,0.000
cam1 intrinsics = 458.928,458.660,376.524,252.665 | -0.279,0.069,0.001,-0.000
cam0 extrinsics = -0.002,0.009,0.702,0.713 | 0.063,-0.012,0.003
cam1 extrinsics = 0.001,0.012,0.702,0.712 | -0.048,-0.013,0.003
q_GtoI = 0.787,-0.184,0.585,0.059 | p_IinG = -2.167,0.833,-0.408 | dist = 50.99 (meters)
bg = -0.0019,0.0251,0.0820 | ba = 0.0060,0.1230,0.0539
camera-imu timeoffset = -0.00002
cam0 intrinsics = 461.317,460.963,363.580,245.547 | -0.281,0.072,0.001,-0.000
cam1 intrinsics = 458.959,458.698,376.540,252.655 | -0.279,0.069,0.001,-0.000
cam0 extrinsics = -0.002,0.009,0.702,0.713 | 0.063,-0.012,0.004
cam1 extrinsics = 0.001,0.012,0.702,0.712 | -0.048,-0.013,0.003
q_GtoI = 0.782,-0.206,0.583,0.078 | p_IinG = -2.161,0.823,-0.412 | dist = 51.00 (meters)
bg = -0.0020,0.0252,0.0818 | ba = 0.0065,0.1220,0.0475
camera-imu timeoffset = -0.00002
cam0 intrinsics = 461.337,460.980,363.590,245.559 | -0.281,0.072,0.001,0.000
cam1 intrinsics = 458.984,458.723,376.549,252.665 | -0.279,0.069,0.001,-0.000
cam0 extrinsics = -0.002,0.009,0.702,0.713 | 0.064,-0.012,0.004
cam1 extrinsics = 0.001,0.012,0.702,0.712 | -0.048,-0.013,0.003
q_GtoI = 0.769,-0.254,0.578,0.107 | p_IinG = -2.155,0.797,-0.419 | dist = 51.03 (meters)
bg = -0.0020,0.0253,0.0817 | ba = 0.0085,0.1251,0.0429
camera-imu timeoffset = -0.00002
cam0 intrinsics = 461.337,460.977,363.602,245.579 | -0.281,0.072,0.001,0.000
cam1 intrinsics = 458.983,458.720,376.567,252.682 | -0.279,0.069,0.001,-0.000
cam0 extrinsics = -0.002,0.009,0.702,0.713 | 0.064,-0.013,0.004
cam1 extrinsics = 0.001,0.012,0.702,0.712 | -0.048,-0.013,0.003
q_GtoI = 0.754,-0.303,0.568,0.134 | p_IinG = -2.156,0.765,-0.427 | dist = 51.06 (meters)
bg = -0.0017,0.0253,0.0812 | ba = 0.0098,0.1292,0.0366
camera-imu timeoffset = -0.00002
cam0 intrinsics = 461.344,460.981,363.622,245.584 | -0.281,0.072,0.001,0.000
cam1 intrinsics = 458.989,458.723,376.597,252.683 | -0.279,0.069,0.001,-0.000
cam0 extrinsics = -0.003,0.009,0.702,0.713 | 0.064,-0.013,0.004
cam1 extrinsics = 0.001,0.012,0.702,0.712 | -0.048,-0.013,0.003
q_GtoI = 0.735,-0.350,0.558,0.161 | p_IinG = -2.168,0.724,-0.434 | dist = 51.10 (meters)
bg = -0.0014,0.0251,0.0814 | ba = 0.0122,0.1297,0.0350
camera-imu timeoffset = -0.00002
cam0 intrinsics = 461.358,460.998,363.634,245.584 | -0.281,0.072,0.001,0.000
cam1 intrinsics = 459.005,458.740,376.615,252.683 | -0.279,0.069,0.001,-0.000
cam0 extrinsics = -0.003,0.009,0.702,0.713 | 0.064,-0.013,0.004
cam1 extrinsics = 0.001,0.012,0.702,0.712 | -0.048,-0.013,0.003
q_GtoI = 0.715,-0.384,0.548,0.204 | p_IinG = -2.190,0.676,-0.440 | dist = 51.16 (meters)
bg = -0.0014,0.0247,0.0816 | ba = 0.0152,0.1328,0.0335
camera-imu timeoffset = -0.00002
cam0 intrinsics = 461.396,461.027,363.630,245.577 | -0.282,0.072,0.001,0.000
cam1 intrinsics = 459.031,458.755,376.613,252.667 | -0.279,0.069,0.001,-0.000
cam0 extrinsics = -0.003,0.009,0.702,0.713 | 0.064,-0.013,0.004
cam1 extrinsics = 0.001,0.012,0.702,0.712 | -0.047,-0.013,0.003
q_GtoI = 0.692,-0.411,0.535,0.256 | p_IinG = -2.218,0.621,-0.442 | dist = 51.22 (meters)
bg = -0.0015,0.0250,0.0816 | ba = 0.0147,0.1366,0.0318
camera-imu timeoffset = -0.00002
cam0 intrinsics = 461.402,461.036,363.641,245.575 | -0.282,0.072,0.001,0.000
cam1 intrinsics = 459.027,458.752,376.629,252.658 | -0.279,0.069,0.001,-0.000
cam0 extrinsics = -0.003,0.009,0.702,0.713 | 0.064,-0.013,0.004
cam1 extrinsics = 0.001,0.012,0.702,0.712 | -0.047,-0.013,0.003
q_GtoI = 0.668,-0.442,0.517,0.300 | p_IinG = -2.254,0.567,-0.444 | dist = 51.29 (meters)
bg = -0.0016,0.0250,0.0817 | ba = 0.0147,0.1391,0.0330
camera-imu timeoffset = -0.00002
cam0 intrinsics = 461.401,461.040,363.632,245.589 | -0.282,0.072,0.001,0.000
cam1 intrinsics = 459.023,458.753,376.615,252.673 | -0.279,0.069,0.001,-0.000
cam0 extrinsics = -0.002,0.009,0.702,0.713 | 0.064,-0.013,0.004
cam1 extrinsics = 0.001,0.012,0.702,0.712 | -0.047,-0.013,0.003
q_GtoI = 0.640,-0.476,0.498,0.339 | p_IinG = -2.296,0.516,-0.445 | dist = 51.35 (meters)
bg = -0.0016,0.0250,0.0817 | ba = 0.0147,0.1392,0.0329
camera-imu timeoffset = -0.00002
cam0 intrinsics = 461.401,461.041,363.631,245.589 | -0.282,0.072,0.001,0.000
cam1 intrinsics = 459.023,458.753,376.615,252.673 | -0.279,0.069,0.001,-0.000
cam0 extrinsics = -0.002,0.009,0.702,0.713 | 0.064,-0.013,0.004
cam1 extrinsics = 0.001,0.012,0.702,0.712 | -0.047,-0.013,0.003
q_GtoI = 0.611,-0.508,0.476,0.376 | p_IinG = -2.341,0.470,-0.442 | dist = 51.42 (meters)
bg = -0.0016,0.0250,0.0817 | ba = 0.0146,0.1392,0.0329
camera-imu timeoffset = -0.00002
cam0 intrinsics = 461.401,461.041,363.630,245.589 | -0.282,0.072,0.001,0.000
cam1 intrinsics = 459.023,458.754,376.614,252.673 | -0.279,0.069,0.001,-0.000
cam0 extrinsics = -0.002,0.009,0.702,0.713 | 0.064,-0.013,0.004
cam1 extrinsics = 0.001,0.012,0.702,0.712 | -0.047,-0.013,0.003
q_GtoI = 0.585,-0.542,0.448,0.405 | p_IinG = -2.381,0.435,-0.434 | dist = 51.48 (meters)
bg = -0.0015,0.0254,0.0816 | ba = 0.0202,0.1449,0.0348
camera-imu timeoffset = -0.00002
cam0 intrinsics = 461.403,461.042,363.644,245.609 | -0.282,0.072,0.001,0.000
cam1 intrinsics = 459.024,458.755,376.621,252.692 | -0.279,0.069,0.001,-0.000
cam0 extrinsics = -0.003,0.009,0.702,0.713 | 0.064,-0.013,0.004
cam1 extrinsics = 0.001,0.012,0.702,0.712 | -0.047,-0.013,0.003
q_GtoI = 0.560,-0.577,0.416,0.425 | p_IinG = -2.422,0.403,-0.408 | dist = 51.54 (meters)
bg = -0.0014,0.0254,0.0816 | ba = 0.0202,0.1457,0.0335
camera-imu timeoffset = -0.00002
cam0 intrinsics = 461.405,461.046,363.643,245.612 | -0.282,0.072,0.001,0.000
cam1 intrinsics = 459.026,458.758,376.621,252.696 | -0.279,0.069,0.001,-0.000
cam0 extrinsics = -0.003,0.009,0.702,0.713 | 0.064,-0.013,0.004
cam1 extrinsics = 0.001,0.012,0.702,0.712 | -0.047,-0.013,0.003
q_GtoI = 0.529,-0.600,0.395,0.452 | p_IinG = -2.461,0.377,-0.364 | dist = 51.60 (meters)
bg = -0.0013,0.0254,0.0816 | ba = 0.0197,0.1468,0.0338
camera-imu timeoffset = -0.00002
cam0 intrinsics = 461.410,461.050,363.641,245.613 | -0.282,0.072,0.001,0.000
cam1 intrinsics = 459.031,458.763,376.620,252.696 | -0.279,0.069,0.001,-0.000
cam0 extrinsics = -0.003,0.009,0.702,0.713 | 0.064,-0.013,0.004
cam1 extrinsics = 0.001,0.012,0.702,0.712 | -0.047,-0.013,0.003
q_GtoI = 0.505,-0.615,0.381,0.471 | p_IinG = -2.489,0.356,-0.306 | dist = 51.67 (meters)
bg = -0.0013,0.0254,0.0817 | ba = 0.0204,0.1498,0.0341
camera-imu timeoffset = -0.00002
cam0 intrinsics = 461.413,461.051,363.640,245.615 | -0.282,0.072,0.001,0.000
cam1 intrinsics = 459.033,458.764,376.615,252.698 | -0.279,0.069,0.001,-0.000
cam0 extrinsics = -0.003,0.009,0.702,0.713 | 0.064,-0.013,0.004
cam1 extrinsics = 0.001,0.012,0.702,0.712 | -0.047,-0.013,0.003
q_GtoI = 0.493,-0.630,0.368,0.475 | p_IinG = -2.513,0.339,-0.244 | dist = 51.74 (meters)
bg = -0.0013,0.0254,0.0817 | ba = 0.0208,0.1514,0.0346
camera-imu timeoffset = -0.00002
cam0 intrinsics = 461.414,461.052,363.640,245.617 | -0.282,0.072,0.001,0.000
cam1 intrinsics = 459.034,458.764,376.616,252.700 | -0.279,0.069,0.001,-0.000
cam0 extrinsics = -0.003,0.009,0.702,0.713 | 0.064,-0.013,0.004
cam1 extrinsics = 0.001,0.012,0.702,0.712 | -0.047,-0.013,0.003
q_GtoI = 0.496,-0.649,0.346,0.461 | p_IinG = -2.533,0.323,-0.191 | dist = 51.80 (meters)
bg = -0.0013,0.0257,0.0816 | ba = 0.0214,0.1515,0.0344
camera-imu timeoffset = -0.00002
cam0 intrinsics = 461.418,461.055,363.646,245.618 | -0.282,0.072,0.001,0.000
cam1 intrinsics = 459.038,458.767,376.617,252.700 | -0.279,0.069,0.001,-0.000
cam0 extrinsics = -0.003,0.009,0.702,0.713 | 0.064,-0.013,0.004
cam1 extrinsics = 0.001,0.012,0.702,0.712 | -0.047,-0.013,0.003
q_GtoI = 0.509,-0.665,0.326,0.438 | p_IinG = -2.534,0.298,-0.137 | dist = 51.85 (meters)
bg = -0.0013,0.0259,0.0811 | ba = 0.0127,0.1574,0.0353
camera-imu timeoffset = -0.00002
cam0 intrinsics = 461.410,461.054,363.645,245.629 | -0.282,0.072,0.001,0.000
cam1 intrinsics = 459.030,458.766,376.622,252.715 | -0.279,0.069,0.001,-0.000
cam0 extrinsics = -0.003,0.009,0.702,0.713 | 0.064,-0.013,0.004
cam1 extrinsics = 0.001,0.012,0.702,0.712 | -0.047,-0.013,0.003
q_GtoI = 0.527,-0.670,0.319,0.416 | p_IinG = -2.547,0.284,-0.102 | dist = 51.89 (meters)
bg = -0.0011,0.0257,0.0810 | ba = 0.0131,0.1566,0.0403
camera-imu timeoffset = -0.00002
cam0 intrinsics = 461.408,461.052,363.650,245.636 | -0.282,0.072,0.001,0.000
cam1 intrinsics = 459.028,458.765,376.623,252.721 | -0.279,0.069,0.001,-0.000
cam0 extrinsics = -0.003,0.009,0.702,0.713 | 0.064,-0.013,0.004
cam1 extrinsics = 0.001,0.012,0.702,0.712 | -0.047,-0.013,0.003
q_GtoI = 0.546,-0.661,0.324,0.401 | p_IinG = -2.560,0.252,-0.061 | dist = 51.95 (meters)
bg = -0.0011,0.0255,0.0810 | ba = 0.0141,0.1553,0.0422
camera-imu timeoffset = -0.00002
cam0 intrinsics = 461.405,461.052,363.652,245.637 | -0.282,0.072,0.001,0.000
cam1 intrinsics = 459.026,458.766,376.624,252.722 | -0.279,0.069,0.001,-0.000
cam0 extrinsics = -0.003,0.009,0.702,0.713 | 0.064,-0.013,0.004
cam1 extrinsics = 0.001,0.012,0.702,0.712 | -0.047,-0.013,0.003
q_GtoI = 0.568,-0.647,0.332,0.385 | p_IinG = -2.570,0.198,-0.010 | dist = 52.03 (meters)
bg = -0.0011,0.0255,0.0810 | ba = 0.0147,0.1554,0.0422
camera-imu timeoffset = -0.00002
cam0 intrinsics = 461.404,461.050,363.652,245.637 | -0.282,0.072,0.001,0.000
cam1 intrinsics = 459.024,458.764,376.624,252.722 | -0.279,0.069,0.001,-0.000
cam0 extrinsics = -0.003,0.009,0.702,0.713 | 0.064,-0.013,0.004
cam1 extrinsics = 0.001,0.012,0.702,0.712 | -0.047,-0.013,0.003
q_GtoI = 0.589,-0.636,0.337,0.368 | p_IinG = -2.589,0.137,0.047 | dist = 52.12 (meters)
bg = -0.0012,0.0250,0.0808 | ba = 0.0109,0.1533,0.0459
camera-imu timeoffset = -0.00002
cam0 intrinsics = 461.387,461.036,363.650,245.634 | -0.282,0.072,0.001,0.000
cam1 intrinsics = 459.012,458.752,376.618,252.717 | -0.279,0.069,0.001,-0.000
cam0 extrinsics = -0.003,0.009,0.702,0.713 | 0.064,-0.013,0.004
cam1 extrinsics = 0.001,0.012,0.702,0.712 | -0.047,-0.013,0.003
q_GtoI = 0.600,-0.615,0.349,0.374 | p_IinG = -2.609,0.055,0.099 | dist = 52.22 (meters)
bg = -0.0010,0.0236,0.0813 | ba = 0.0019,0.1551,0.0447
camera-imu timeoffset = -0.00001
cam0 intrinsics = 461.374,461.016,363.630,245.612 | -0.281,0.072,0.001,0.000
cam1 intrinsics = 459.015,458.747,376.603,252.703 | -0.279,0.069,0.001,-0.000
cam0 extrinsics = -0.003,0.009,0.701,0.713 | 0.064,-0.013,0.004
cam1 extrinsics = 0.001,0.012,0.702,0.712 | -0.047,-0.013,0.003
q_GtoI = 0.596,-0.583,0.379,0.401 | p_IinG = -2.619,-0.044,0.143 | dist = 52.33 (meters)
bg = -0.0008,0.0235,0.0816 | ba = 0.0006,0.1554,0.0447
camera-imu timeoffset = -0.00001
cam0 intrinsics = 461.372,461.018,363.630,245.604 | -0.281,0.072,0.001,0.000
cam1 intrinsics = 459.014,458.751,376.600,252.696 | -0.279,0.069,0.001,-0.000
cam0 extrinsics = -0.003,0.009,0.701,0.713 | 0.064,-0.013,0.004
cam1 extrinsics = 0.001,0.012,0.702,0.712 | -0.047,-0.013,0.003
q_GtoI = 0.579,-0.549,0.418,0.435 | p_IinG = -2.628,-0.148,0.179 | dist = 52.44 (meters)
bg = -0.0010,0.0236,0.0817 | ba = 0.0001,0.1556,0.0442
camera-imu timeoffset = -0.00001
cam0 intrinsics = 461.379,461.021,363.631,245.599 | -0.281,0.072,0.001,0.000
cam1 intrinsics = 459.022,458.756,376.597,252.689 | -0.279,0.069,0.001,-0.000
cam0 extrinsics = -0.003,0.009,0.701,0.713 | 0.064,-0.013,0.004
cam1 extrinsics = 0.001,0.012,0.702,0.712 | -0.047,-0.013,0.003
q_GtoI = 0.556,-0.517,0.454,0.466 | p_IinG = -2.631,-0.244,0.211 | dist = 52.54 (meters)
bg = -0.0009,0.0237,0.0818 | ba = -0.0007,0.1561,0.0445
camera-imu timeoffset = -0.00001
cam0 intrinsics = 461.375,461.015,363.630,245.601 | -0.281,0.072,0.001,0.000
cam1 intrinsics = 459.016,458.749,376.592,252.689 | -0.279,0.069,0.001,-0.000
cam0 extrinsics = -0.003,0.009,0.701,0.713 | 0.064,-0.013,0.004
cam1 extrinsics = 0.001,0.012,0.702,0.712 | -0.047,-0.013,0.003
q_GtoI = 0.538,-0.499,0.477,0.484 | p_IinG = -2.627,-0.319,0.230 | dist = 52.62 (meters)
bg = -0.0008,0.0236,0.0825 | ba = 0.0053,0.1565,0.0403
camera-imu timeoffset = -0.00001
cam0 intrinsics = 461.364,461.005,363.615,245.599 | -0.281,0.072,0.001,0.000
cam1 intrinsics = 459.004,458.741,376.584,252.688 | -0.279,0.069,0.001,-0.000
cam0 extrinsics = -0.003,0.009,0.701,0.713 | 0.064,-0.013,0.004
cam1 extrinsics = 0.001,0.012,0.702,0.712 | -0.047,-0.013,0.003
q_GtoI = 0.528,-0.489,0.486,0.495 | p_IinG = -2.618,-0.370,0.265 | dist = 52.68 (meters)
bg = -0.0007,0.0238,0.0828 | ba = 0.0029,0.1572,0.0400
camera-imu timeoffset = -0.00001
cam0 intrinsics = 461.361,461.005,363.619,245.597 | -0.281,0.072,0.001,0.000
cam1 intrinsics = 459.000,458.741,376.588,252.685 | -0.279,0.069,0.001,-0.000
cam0 extrinsics = -0.003,0.009,0.701,0.713 | 0.064,-0.013,0.004
cam1 extrinsics = 0.001,0.012,0.702,0.712 | -0.047,-0.013,0.003
q_GtoI = 0.540,-0.504,0.470,0.483 | p_IinG = -2.605,-0.393,0.300 | dist = 52.72 (meters)
bg = -0.0007,0.0240,0.0831 | ba = 0.0013,0.1570,0.0396
camera-imu timeoffset = -0.00001
cam0 intrinsics = 461.356,461.000,363.621,245.593 | -0.281,0.072,0.001,0.000
cam1 intrinsics = 458.996,458.737,376.589,252.681 | -0.279,0.069,0.001,-0.000
cam0 extrinsics = -0.003,0.009,0.701,0.713 | 0.064,-0.013,0.004
cam1 extrinsics = 0.001,0.012,0.702,0.712 | -0.047,-0.013,0.003
q_GtoI = 0.562,-0.531,0.440,0.457 | p_IinG = -2.592,-0.395,0.338 | dist = 52.75 (meters)
bg = -0.0007,0.0242,0.0830 | ba = -0.0017,0.1546,0.0408
camera-imu timeoffset = -0.00002
cam0 intrinsics = 461.360,461.005,363.622,245.591 | -0.282,0.072,0.001,0.000
cam1 intrinsics = 458.997,458.739,376.591,252.680 | -0.279,0.069,0.001,-0.000
cam0 extrinsics = -0.003,0.009,0.702,0.713 | 0.064,-0.013,0.004
cam1 extrinsics = 0.001,0.012,0.702,0.712 | -0.047,-0.013,0.003
q_GtoI = 0.589,-0.563,0.396,0.424 | p_IinG = -2.566,-0.369,0.352 | dist = 52.79 (meters)
bg = -0.0006,0.0241,0.0840 | ba = -0.0003,0.1537,0.0415
camera-imu timeoffset = -0.00001
cam0 intrinsics = 461.345,460.982,363.616,245.581 | -0.282,0.072,0.001,0.000
cam1 intrinsics = 458.983,458.718,376.593,252.658 | -0.279,0.069,0.001,-0.000
cam0 extrinsics = -0.002,0.009,0.702,0.713 | 0.064,-0.013,0.004
cam1 extrinsics = 0.001,0.012,0.702,0.712 | -0.048,-0.013,0.003
q_GtoI = 0.611,-0.590,0.357,0.389 | p_IinG = -2.544,-0.342,0.361 | dist = 52.83 (meters)
bg = -0.0009,0.0239,0.0836 | ba = -0.0026,0.1519,0.0439
camera-imu timeoffset = -0.00001
cam0 intrinsics = 461.349,460.975,363.608,245.577 | -0.282,0.072,0.001,0.000
cam1 intrinsics = 458.987,458.712,376.585,252.655 | -0.279,0.069,0.001,-0.000
cam0 extrinsics = -0.002,0.009,0.702,0.713 | 0.064,-0.013,0.004
cam1 extrinsics = 0.001,0.012,0.702,0.712 | -0.048,-0.013,0.003
q_GtoI = 0.624,-0.607,0.329,0.366 | p_IinG = -2.516,-0.331,0.365 | dist = 52.86 (meters)
bg = -0.0010,0.0242,0.0837 | ba = -0.0042,0.1500,0.0445
camera-imu timeoffset = -0.00001
cam0 intrinsics = 461.350,460.972,363.606,245.579 | -0.282,0.072,0.001,0.000
cam1 intrinsics = 458.988,458.709,376.586,252.658 | -0.279,0.069,0.001,-0.000
cam0 extrinsics = -0.002,0.009,0.702,0.713 | 0.064,-0.013,0.004
cam1 extrinsics = 0.001,0.012,0.702,0.712 | -0.048,-0.013,0.003
q_GtoI = 0.630,-0.617,0.313,0.352 | p_IinG = -2.485,-0.340,0.362 | dist = 52.90 (meters)
bg = -0.0013,0.0244,0.0837 | ba = -0.0067,0.1480,0.0457
camera-imu timeoffset = -0.00001
cam0 intrinsics = 461.360,460.976,363.594,245.567 | -0.281,0.072,0.001,0.000
cam1 intrinsics = 458.997,458.712,376.571,252.646 | -0.279,0.069,0.001,-0.000
cam0 extrinsics = -0.002,0.009,0.702,0.713 | 0.064,-0.013,0.004
cam1 extrinsics = 0.001,0.012,0.702,0.712 | -0.048,-0.013,0.003
q_GtoI = 0.630,-0.618,0.312,0.351 | p_IinG = -2.459,-0.381,0.365 | dist = 52.95 (meters)
bg = -0.0025,0.0252,0.0838 | ba = -0.0123,0.1436,0.0499
camera-imu timeoffset = -0.00000
cam0 intrinsics = 461.393,461.007,363.586,245.570 | -0.282,0.072,0.001,0.000
cam1 intrinsics = 459.033,458.750,376.560,252.643 | -0.279,0.069,0.001,-0.000
cam0 extrinsics = -0.002,0.009,0.702,0.713 | 0.064,-0.013,0.004
cam1 extrinsics = 0.001,0.012,0.702,0.712 | -0.048,-0.014,0.003
q_GtoI = 0.613,-0.600,0.342,0.384 | p_IinG = -2.413,-0.445,0.369 | dist = 53.03 (meters)
bg = -0.0024,0.0255,0.0837 | ba = -0.0152,0.1426,0.0526
camera-imu timeoffset = -0.00000
cam0 intrinsics = 461.402,461.024,363.594,245.568 | -0.282,0.072,0.001,0.000
cam1 intrinsics = 459.042,458.767,376.562,252.641 | -0.279,0.069,0.001,-0.000
cam0 extrinsics = -0.002,0.009,0.702,0.713 | 0.064,-0.013,0.004
cam1 extrinsics = 0.001,0.012,0.702,0.712 | -0.048,-0.014,0.003
q_GtoI = 0.584,-0.570,0.387,0.429 | p_IinG = -2.359,-0.522,0.380 | dist = 53.13 (meters)
bg = -0.0021,0.0256,0.0838 | ba = -0.0177,0.1418,0.0541
camera-imu timeoffset = -0.00000
cam0 intrinsics = 461.406,461.035,363.595,245.567 | -0.282,0.072,0.001,0.000
cam1 intrinsics = 459.047,458.778,376.563,252.645 | -0.279,0.069,0.001,-0.000
cam0 extrinsics = -0.002,0.009,0.702,0.713 | 0.064,-0.013,0.004
cam1 extrinsics = 0.001,0.012,0.702,0.712 | -0.048,-0.014,0.003
q_GtoI = 0.558,-0.545,0.425,0.460 | p_IinG = -2.307,-0.594,0.392 | dist = 53.22 (meters)
bg = -0.0027,0.0257,0.0836 | ba = -0.0167,0.1428,0.0555
camera-imu timeoffset = 0.00000
cam0 intrinsics = 461.391,461.002,363.577,245.572 | -0.282,0.072,0.001,0.000
cam1 intrinsics = 459.032,458.747,376.547,252.668 | -0.279,0.069,0.001,-0.000
cam0 extrinsics = -0.002,0.009,0.702,0.713 | 0.063,-0.013,0.004
cam1 extrinsics = 0.001,0.012,0.702,0.712 | -0.048,-0.014,0.003
q_GtoI = 0.541,-0.535,0.448,0.469 | p_IinG = -2.246,-0.657,0.401 | dist = 53.31 (meters)
bg = -0.0029,0.0259,0.0836 | ba = -0.0164,0.1426,0.0564
camera-imu timeoffset = 0.00000
cam0 intrinsics = 461.397,461.006,363.576,245.577 | -0.282,0.072,0.001,0.000
cam1 intrinsics = 459.039,458.751,376.547,252.677 | -0.279,0.069,0.001,-0.000
cam0 extrinsics = -0.002,0.009,0.702,0.713 | 0.063,-0.013,0.004
cam1 extrinsics = 0.001,0.012,0.702,0.712 | -0.048,-0.014,0.003
q_GtoI = 0.538,-0.540,0.462,0.454 | p_IinG = -2.180,-0.703,0.408 | dist = 53.39 (meters)
bg = -0.0031,0.0261,0.0834 | ba = -0.0172,0.1429,0.0579
camera-imu timeoffset = 0.00000
cam0 intrinsics = 461.404,461.011,363.578,245.580 | -0.282,0.072,0.001,0.000
cam1 intrinsics = 459.046,458.758,376.544,252.686 | -0.279,0.069,0.001,-0.000
cam0 extrinsics = -0.002,0.009,0.702,0.713 | 0.064,-0.013,0.004
cam1 extrinsics = 0.001,0.012,0.702,0.712 | -0.048,-0.014,0.003
q_GtoI = 0.540,-0.540,0.478,0.434 | p_IinG = -2.116,-0.723,0.413 | dist = 53.46 (meters)
bg = -0.0031,0.0263,0.0833 | ba = -0.0177,0.1423,0.0613
camera-imu timeoffset = 0.00001
cam0 intrinsics = 461.409,461.018,363.589,245.583 | -0.282,0.072,0.001,0.000
cam1 intrinsics = 459.041,458.748,376.552,252.710 | -0.279,0.069,0.001,-0.000
cam0 extrinsics = -0.002,0.009,0.702,0.713 | 0.064,-0.013,0.004
cam1 extrinsics = 0.001,0.012,0.702,0.712 | -0.048,-0.014,0.003
q_GtoI = 0.548,-0.544,0.492,0.401 | p_IinG = -2.059,-0.735,0.425 | dist = 53.53 (meters)
bg = -0.0032,0.0267,0.0831 | ba = -0.0207,0.1406,0.0633
camera-imu timeoffset = 0.00001
cam0 intrinsics = 461.404,461.016,363.593,245.583 | -0.282,0.072,0.001,0.000
cam1 intrinsics = 459.035,458.744,376.555,252.716 | -0.279,0.069,0.001,-0.000
cam0 extrinsics = -0.002,0.009,0.702,0.713 | 0.064,-0.014,0.004
cam1 extrinsics = 0.001,0.012,0.702,0.712 | -0.048,-0.014,0.003
q_GtoI = 0.574,-0.558,0.482,0.356 | p_IinG = -2.010,-0.734,0.427 | dist = 53.58 (meters)
bg = -0.0033,0.0269,0.0832 | ba = -0.0198,0.1397,0.0633
camera-imu timeoffset = 0.00001
cam0 intrinsics = 461.405,461.021,363.588,245.590 | -0.282,0.072,0.001,0.000
cam1 intrinsics = 459.035,458.748,376.551,252.726 | -0.279,0.069,0.001,-0.000
cam0 extrinsics = -0.002,0.009,0.702,0.713 | 0.064,-0.014,0.004
cam1 extrinsics = 0.001,0.012,0.702,0.712 | -0.048,-0.014,0.003
q_GtoI = 0.613,-0.564,0.442,0.333 | p_IinG = -1.979,-0.727,0.430 | dist = 53.62 (meters)
bg = -0.0034,0.0269,0.0832 | ba = -0.0188,0.1383,0.0635
camera-imu timeoffset = 0.00002
cam0 intrinsics = 461.408,461.024,363.587,245.591 | -0.282,0.072,0.001,0.000
cam1 intrinsics = 459.039,458.752,376.549,252.727 | -0.279,0.069,0.001,-0.000
cam0 extrinsics = -0.002,0.009,0.702,0.713 | 0.064,-0.014,0.004
cam1 extrinsics = 0.001,0.012,0.702,0.712 | -0.048,-0.014,0.003
q_GtoI = 0.647,-0.561,0.401,0.326 | p_IinG = -1.957,-0.727,0.438 | dist = 53.64 (meters)
bg = -0.0034,0.0267,0.0830 | ba = -0.0197,0.1378,0.0645
camera-imu timeoffset = 0.00002
cam0 intrinsics = 461.412,461.026,363.588,245.585 | -0.282,0.072,0.001,0.000
cam1 intrinsics = 459.044,458.754,376.549,252.722 | -0.279,0.069,0.001,-0.000
cam0 extrinsics = -0.002,0.009,0.702,0.713 | 0.064,-0.014,0.004
cam1 extrinsics = 0.001,0.012,0.702,0.712 | -0.048,-0.014,0.003
q_GtoI = 0.666,-0.559,0.374,0.323 | p_IinG = -1.937,-0.742,0.449 | dist = 53.67 (meters)
bg = -0.0035,0.0266,0.0828 | ba = -0.0197,0.1373,0.0654
camera-imu timeoffset = 0.00002
cam0 intrinsics = 461.417,461.027,363.586,245.587 | -0.282,0.072,0.001,0.000
cam1 intrinsics = 459.049,458.755,376.548,252.724 | -0.279,0.069,0.001,-0.000
cam0 extrinsics = -0.002,0.009,0.702,0.713 | 0.064,-0.014,0.004
cam1 extrinsics = 0.001,0.012,0.702,0.712 | -0.048,-0.014,0.003
q_GtoI = 0.671,-0.553,0.368,0.329 | p_IinG = -1.910,-0.776,0.466 | dist = 53.73 (meters)
bg = -0.0035,0.0265,0.0826 | ba = -0.0195,0.1374,0.0661
camera-imu timeoffset = 0.00002
cam0 intrinsics = 461.420,461.027,363.584,245.587 | -0.282,0.072,0.001,0.000
cam1 intrinsics = 459.053,458.756,376.547,252.725 | -0.279,0.069,0.001,-0.000
cam0 extrinsics = -0.002,0.009,0.702,0.713 | 0.064,-0.014,0.004
cam1 extrinsics = 0.001,0.012,0.702,0.712 | -0.048,-0.014,0.003
q_GtoI = 0.660,-0.530,0.395,0.358 | p_IinG = -1.869,-0.830,0.490 | dist = 53.80 (meters)
bg = -0.0036,0.0263,0.0827 | ba = -0.0192,0.1386,0.0656
camera-imu timeoffset = 0.00001
cam0 intrinsics = 461.418,461.025,363.584,245.588 | -0.282,0.072,0.001,0.000
cam1 intrinsics = 459.050,458.754,376.548,252.724 | -0.279,0.069,0.001,-0.000
cam0 extrinsics = -0.002,0.009,0.702,0.713 | 0.064,-0.014,0.004
cam1 extrinsics = 0.001,0.012,0.702,0.712 | -0.048,-0.014,0.003
q_GtoI = 0.636,-0.495,0.445,0.391 | p_IinG = -1.822,-0.895,0.523 | dist = 53.89 (meters)
bg = -0.0037,0.0262,0.0823 | ba = -0.0199,0.1394,0.0664
camera-imu timeoffset = 0.00001
cam0 intrinsics = 461.415,461.022,363.584,245.590 | -0.282,0.072,0.001,0.000
cam1 intrinsics = 459.048,458.751,376.550,252.725 | -0.279,0.069,0.001,-0.000
cam0 extrinsics = -0.002,0.009,0.702,0.713 | 0.064,-0.014,0.004
cam1 extrinsics = 0.001,0.012,0.702,0.712 | -0.048,-0.014,0.003
q_GtoI = 0.611,-0.454,0.496,0.418 | p_IinG = -1.771,-0.950,0.556 | dist = 53.97 (meters)
bg = -0.0038,0.0260,0.0820 | ba = -0.0194,0.1397,0.0671
camera-imu timeoffset = 0.00001
cam0 intrinsics = 461.411,461.006,363.580,245.592 | -0.282,0.072,0.001,0.000
cam1 intrinsics = 459.046,458.738,376.546,252.726 | -0.279,0.069,0.001,-0.000
cam0 extrinsics = -0.002,0.009,0.702,0.713 | 0.064,-0.014,0.004
cam1 extrinsics = 0.001,0.012,0.702,0.712 | -0.048,-0.014,0.003
q_GtoI = 0.595,-0.417,0.537,0.430 | p_IinG = -1.718,-0.981,0.592 | dist = 54.05 (meters)
bg = -0.0044,0.0259,0.0818 | ba = -0.0232,0.1417,0.0691
camera-imu timeoffset = 0.00001
cam0 intrinsics = 461.424,461.013,363.586,245.577 | -0.282,0.072,0.001,0.000
cam1 intrinsics = 459.057,458.746,376.554,252.713 | -0.279,0.069,0.001,-0.000
cam0 extrinsics = -0.002,0.009,0.702,0.713 | 0.064,-0.014,0.004
cam1 extrinsics = 0.001,0.012,0.702,0.712 | -0.048,-0.014,0.003
q_GtoI = 0.592,-0.395,0.565,0.417 | p_IinG = -1.660,-0.982,0.627 | dist = 54.11 (meters)
bg = -0.0046,0.0256,0.0819 | ba = -0.0267,0.1429,0.0701
camera-imu timeoffset = 0.00001
cam0 intrinsics = 461.432,461.023,363.584,245.576 | -0.282,0.072,0.001,0.000
cam1 intrinsics = 459.065,458.755,376.556,252.712 | -0.279,0.069,0.001,-0.000
cam0 extrinsics = -0.002,0.009,0.702,0.713 | 0.064,-0.014,0.004
cam1 extrinsics = 0.001,0.012,0.702,0.712 | -0.048,-0.014,0.003
q_GtoI = 0.614,-0.395,0.569,0.379 | p_IinG = -1.608,-0.957,0.657 | dist = 54.18 (meters)
bg = -0.0045,0.0256,0.0819 | ba = -0.0271,0.1429,0.0701
camera-imu timeoffset = 0.00001
cam0 intrinsics = 461.432,461.022,363.584,245.576 | -0.282,0.072,0.001,0.000
cam1 intrinsics = 459.066,458.755,376.557,252.711 | -0.279,0.069,0.001,-0.000
cam0 extrinsics = -0.002,0.009,0.702,0.713 | 0.064,-0.014,0.004
cam1 extrinsics = 0.001,0.012,0.702,0.712 | -0.048,-0.014,0.003
q_GtoI = 0.656,-0.414,0.541,0.326 | p_IinG = -1.572,-0.902,0.684 | dist = 54.25 (meters)
bg = -0.0047,0.0254,0.0818 | ba = -0.0275,0.1428,0.0713
camera-imu timeoffset = 0.00001
cam0 intrinsics = 461.436,461.025,363.584,245.578 | -0.282,0.072,0.001,0.000
cam1 intrinsics = 459.071,458.759,376.556,252.711 | -0.279,0.069,0.001,-0.000
cam0 extrinsics = -0.002,0.009,0.702,0.713 | 0.064,-0.014,0.004
cam1 extrinsics = 0.001,0.012,0.702,0.712 | -0.048,-0.014,0.003
q_GtoI = 0.705,-0.438,0.486,0.273 | p_IinG = -1.544,-0.837,0.708 | dist = 54.32 (meters)
bg = -0.0048,0.0254,0.0819 | ba = -0.0261,0.1426,0.0715
camera-imu timeoffset = 0.00001
cam0 intrinsics = 461.443,461.035,363.583,245.578 | -0.282,0.072,0.001,0.000
cam1 intrinsics = 459.078,458.768,376.555,252.712 | -0.279,0.069,0.001,-0.000
cam0 extrinsics = -0.002,0.009,0.702,0.713 | 0.064,-0.014,0.004
cam1 extrinsics = 0.001,0.012,0.702,0.712 | -0.048,-0.014,0.003
q_GtoI = 0.741,-0.457,0.433,0.232 | p_IinG = -1.510,-0.783,0.740 | dist = 54.40 (meters)
bg = -0.0047,0.0255,0.0821 | ba = -0.0263,0.1423,0.0706
camera-imu timeoffset = 0.00001
cam0 intrinsics = 461.441,461.031,363.583,245.576 | -0.282,0.072,0.001,0.000
cam1 intrinsics = 459.076,458.765,376.556,252.710 | -0.279,0.069,0.001,-0.000
cam0 extrinsics = -0.002,0.009,0.702,0.713 | 0.064,-0.014,0.004
cam1 extrinsics = 0.001,0.012,0.702,0.712 | -0.048,-0.014,0.004
q_GtoI = 0.758,-0.473,0.398,0.207 | p_IinG = -1.461,-0.748,0.763 | dist = 54.46 (meters)
bg = -0.0039,0.0252,0.0816 | ba = -0.0198,0.1446,0.0659
camera-imu timeoffset = 0.00001
cam0 intrinsics = 461.433,461.024,363.578,245.577 | -0.282,0.072,0.001,0.000
cam1 intrinsics = 459.068,458.758,376.551,252.711 | -0.279,0.069,0.001,-0.000
cam0 extrinsics = -0.002,0.009,0.702,0.713 | 0.064,-0.014,0.004
cam1 extrinsics = 0.001,0.012,0.702,0.712 | -0.048,-0.014,0.003
q_GtoI = 0.766,-0.482,0.377,0.198 | p_IinG = -1.414,-0.746,0.803 | dist = 54.52 (meters)
bg = -0.0037,0.0250,0.0813 | ba = -0.0176,0.1446,0.0648
camera-imu timeoffset = 0.00001
cam0 intrinsics = 461.426,461.015,363.576,245.578 | -0.282,0.072,0.001,0.000
cam1 intrinsics = 459.061,458.749,376.548,252.712 | -0.279,0.069,0.001,-0.000
cam0 extrinsics = -0.002,0.009,0.702,0.713 | 0.064,-0.014,0.004
cam1 extrinsics = 0.001,0.012,0.702,0.712 | -0.048,-0.014,0.003
q_GtoI = 0.754,-0.467,0.401,0.229 | p_IinG = -1.364,-0.782,0.854 | dist = 54.61 (meters)
bg = -0.0037,0.0249,0.0810 | ba = -0.0133,0.1444,0.0646
camera-imu timeoffset = 0.00000
cam0 intrinsics = 461.426,461.012,363.574,245.582 | -0.282,0.072,0.001,0.000
cam1 intrinsics = 459.061,458.745,376.545,252.717 | -0.279,0.069,0.001,-0.000
cam0 extrinsics = -0.002,0.009,0.702,0.713 | 0.064,-0.014,0.004
cam1 extrinsics = 0.001,0.012,0.702,0.712 | -0.048,-0.014,0.003
q_GtoI = 0.728,-0.445,0.447,0.270 | p_IinG = -1.297,-0.834,0.918 | dist = 54.73 (meters)
bg = -0.0036,0.0246,0.0808 | ba = -0.0130,0.1460,0.0642
camera-imu timeoffset = 0.00000
cam0 intrinsics = 461.424,461.003,363.573,245.580 | -0.282,0.072,0.001,0.000
cam1 intrinsics = 459.060,458.737,376.544,252.716 | -0.279,0.069,0.001,-0.000
cam0 extrinsics = -0.002,0.009,0.702,0.713 | 0.064,-0.014,0.004
cam1 extrinsics = 0.001,0.012,0.702,0.712 | -0.048,-0.014,0.003
q_GtoI = 0.692,-0.421,0.499,0.309 | p_IinG = -1.222,-0.901,0.980 | dist = 54.85 (meters)
bg = -0.0036,0.0243,0.0806 | ba = -0.0113,0.1469,0.0632
camera-imu timeoffset = 0.00000
cam0 intrinsics = 461.420,460.991,363.573,245.581 | -0.282,0.072,0.001,0.000
cam1 intrinsics = 459.055,458.725,376.543,252.717 | -0.279,0.069,0.001,-0.000
cam0 extrinsics = -0.002,0.009,0.702,0.713 | 0.064,-0.014,0.004
cam1 extrinsics = 0.001,0.012,0.702,0.712 | -0.048,-0.014,0.003
q_GtoI = 0.663,-0.402,0.535,0.335 | p_IinG = -1.146,-0.974,1.032 | dist = 54.97 (meters)
bg = -0.0035,0.0243,0.0806 | ba = -0.0118,0.1465,0.0636
camera-imu timeoffset = 0.00000
cam0 intrinsics = 461.421,460.995,363.573,245.579 | -0.282,0.072,0.001,0.000
cam1 intrinsics = 459.056,458.728,376.543,252.715 | -0.279,0.069,0.001,-0.000
cam0 extrinsics = -0.002,0.009,0.702,0.713 | 0.064,-0.014,0.004
cam1 extrinsics = 0.001,0.012,0.702,0.712 | -0.048,-0.014,0.003
q_GtoI = 0.655,-0.402,0.545,0.335 | p_IinG = -1.079,-1.030,1.063 | dist = 55.06 (meters)
bg = -0.0035,0.0243,0.0805 | ba = -0.0110,0.1464,0.0637
camera-imu timeoffset = 0.00000
cam0 intrinsics = 461.421,460.993,363.572,245.581 | -0.282,0.072,0.001,0.000
cam1 intrinsics = 459.056,458.726,376.543,252.718 | -0.279,0.069,0.001,-0.000
cam0 extrinsics = -0.002,0.009,0.702,0.713 | 0.064,-0.014,0.004
cam1 extrinsics = 0.001,0.012,0.702,0.712 | -0.048,-0.014,0.003
q_GtoI = 0.672,-0.416,0.529,0.309 | p_IinG = -1.007,-1.075,1.071 | dist = 55.15 (meters)
bg = -0.0033,0.0243,0.0806 | ba = -0.0098,0.1466,0.0628
camera-imu timeoffset = 0.00000
cam0 intrinsics = 461.422,461.000,363.577,245.571 | -0.282,0.072,0.001,0.000
cam1 intrinsics = 459.055,458.732,376.538,252.709 | -0.279,0.069,0.001,-0.000
cam0 extrinsics = -0.002,0.009,0.702,0.713 | 0.064,-0.014,0.004
cam1 extrinsics = 0.001,0.012,0.702,0.712 | -0.048,-0.014,0.003
q_GtoI = 0.689,-0.430,0.517,0.271 | p_IinG = -0.951,-1.106,1.072 | dist = 55.22 (meters)
bg = -0.0034,0.0241,0.0803 | ba = -0.0098,0.1467,0.0637
camera-imu timeoffset = 0.00000
cam0 intrinsics = 461.425,461.005,363.578,245.570 | -0.282,0.072,0.001,0.000
cam1 intrinsics = 459.059,458.738,376.538,252.710 | -0.279,0.069,0.001,-0.000
cam0 extrinsics = -0.002,0.009,0.702,0.713 | 0.064,-0.014,0.004
cam1 extrinsics = 0.001,0.012,0.702,0.712 | -0.048,-0.014,0.003
q_GtoI = 0.708,-0.429,0.503,0.248 | p_IinG = -0.902,-1.143,1.077 | dist = 55.29 (meters)
bg = -0.0035,0.0240,0.0802 | ba = -0.0087,0.1462,0.0640
camera-imu timeoffset = 0.00000
cam0 intrinsics = 461.425,461.004,363.579,245.573 | -0.282,0.072,0.001,0.000
cam1 intrinsics = 459.058,458.738,376.537,252.713 | -0.279,0.069,0.001,-0.000
cam0 extrinsics = -0.002,0.009,0.702,0.713 | 0.064,-0.014,0.004
cam1 extrinsics = 0.001,0.012,0.702,0.712 | -0.048,-0.014,0.003
q_GtoI = 0.724,-0.414,0.492,0.250 | p_IinG = -0.855,-1.190,1.099 | dist = 55.36 (meters)
bg = -0.0036,0.0241,0.0802 | ba = -0.0091,0.1458,0.0645
camera-imu timeoffset = 0.00000
cam0 intrinsics = 461.423,461.001,363.577,245.576 | -0.282,0.072,0.001,0.000
cam1 intrinsics = 459.056,458.735,376.536,252.717 | -0.279,0.069,0.001,-0.000
cam0 extrinsics = -0.002,0.009,0.702,0.713 | 0.064,-0.014,0.004
cam1 extrinsics = 0.001,0.012,0.702,0.712 | -0.048,-0.014,0.003
q_GtoI = 0.728,-0.394,0.497,0.263 | p_IinG = -0.806,-1.249,1.139 | dist = 55.44 (meters)
bg = -0.0039,0.0246,0.0805 | ba = -0.0097,0.1450,0.0654
camera-imu timeoffset = 0.00000
cam0 intrinsics = 461.419,460.996,363.569,245.599 | -0.282,0.072,0.001,0.000
cam1 intrinsics = 459.052,458.730,376.530,252.741 | -0.279,0.069,0.001,-0.000
cam0 extrinsics = -0.002,0.009,0.702,0.713 | 0.064,-0.014,0.004
cam1 extrinsics = 0.001,0.012,0.702,0.712 | -0.048,-0.014,0.003
q_GtoI = 0.713,-0.373,0.524,0.280 | p_IinG = -0.744,-1.335,1.164 | dist = 55.53 (meters)
bg = -0.0040,0.0252,0.0803 | ba = -0.0074,0.1444,0.0620
camera-imu timeoffset = 0.00001
cam0 intrinsics = 461.415,460.992,363.571,245.600 | -0.282,0.072,0.001,0.000
cam1 intrinsics = 459.047,458.725,376.532,252.742 | -0.279,0.069,0.001,-0.000
cam0 extrinsics = -0.002,0.009,0.702,0.713 | 0.064,-0.014,0.004
cam1 extrinsics = 0.001,0.012,0.702,0.712 | -0.048,-0.014,0.003
q_GtoI = 0.689,-0.351,0.560,0.298 | p_IinG = -0.690,-1.393,1.191 | dist = 55.61 (meters)
bg = -0.0040,0.0254,0.0803 | ba = -0.0068,0.1445,0.0622
camera-imu timeoffset = 0.00001
cam0 intrinsics = 461.414,460.990,363.573,245.600 | -0.282,0.072,0.001,0.000
cam1 intrinsics = 459.047,458.724,376.534,252.741 | -0.279,0.069,0.001,-0.000
cam0 extrinsics = -0.002,0.009,0.702,0.713 | 0.064,-0.014,0.004
cam1 extrinsics = 0.001,0.012,0.702,0.712 | -0.048,-0.014,0.003
q_GtoI = 0.667,-0.336,0.588,0.311 | p_IinG = -0.642,-1.440,1.204 | dist = 55.68 (meters)
bg = -0.0040,0.0255,0.0802 | ba = -0.0061,0.1442,0.0621
camera-imu timeoffset = 0.00001
cam0 intrinsics = 461.412,460.988,363.573,245.600 | -0.282,0.072,0.001,0.000
cam1 intrinsics = 459.045,458.722,376.534,252.742 | -0.279,0.069,0.001,-0.000
cam0 extrinsics = -0.002,0.009,0.702,0.713 | 0.064,-0.014,0.004
cam1 extrinsics = 0.001,0.012,0.702,0.712 | -0.048,-0.014,0.003
q_GtoI = 0.652,-0.328,0.605,0.318 | p_IinG = -0.613,-1.461,1.218 | dist = 55.73 (meters)
bg = -0.0039,0.0253,0.0796 | ba = -0.0114,0.1457,0.0640
camera-imu timeoffset = 0.00002
cam0 intrinsics = 461.410,460.991,363.575,245.602 | -0.282,0.072,0.001,0.000
cam1 intrinsics = 459.043,458.725,376.538,252.743 | -0.279,0.069,0.001,-0.000
cam0 extrinsics = -0.002,0.009,0.702,0.713 | 0.064,-0.014,0.004
cam1 extrinsics = 0.001,0.012,0.702,0.712 | -0.048,-0.014,0.003
q_GtoI = 0.643,-0.323,0.615,0.324 | p_IinG = -0.592,-1.460,1.234 | dist = 55.75 (meters)
bg = -0.0039,0.0254,0.0797 | ba = -0.0113,0.1458,0.0639
camera-imu timeoffset = 0.00002
cam0 intrinsics = 461.409,460.990,363.575,245.602 | -0.282,0.072,0.001,0.000
cam1 intrinsics = 459.042,458.725,376.539,252.744 | -0.279,0.069,0.001,-0.000
cam0 extrinsics = -0.002,0.009,0.702,0.713 | 0.064,-0.014,0.004
cam1 extrinsics = 0.001,0.012,0.702,0.712 | -0.048,-0.014,0.003
q_GtoI = 0.630,-0.318,0.626,0.331 | p_IinG = -0.590,-1.423,1.272 | dist = 55.81 (meters)
bg = -0.0040,0.0252,0.0797 | ba = -0.0120,0.1462,0.0638
camera-imu timeoffset = 0.00002
cam0 intrinsics = 461.408,460.988,363.575,245.604 | -0.282,0.072,0.001,0.000
cam1 intrinsics = 459.041,458.722,376.540,252.746 | -0.279,0.069,0.001,-0.000
cam0 extrinsics = -0.002,0.009,0.702,0.713 | 0.064,-0.014,0.004
cam1 extrinsics = 0.001,0.012,0.702,0.712 | -0.048,-0.014,0.003
q_GtoI = 0.638,-0.325,0.618,0.326 | p_IinG = -0.622,-1.327,1.307 | dist = 55.89 (meters)
bg = -0.0043,0.0241,0.0797 | ba = -0.0129,0.1486,0.0629
camera-imu timeoffset = 0.00002
cam0 intrinsics = 461.407,460.980,363.561,245.610 | -0.282,0.072,0.001,0.000
cam1 intrinsics = 459.040,458.715,376.532,252.752 | -0.279,0.069,0.001,-0.000
cam0 extrinsics = -0.002,0.009,0.702,0.713 | 0.064,-0.014,0.004
cam1 extrinsics = 0.001,0.012,0.702,0.712 | -0.048,-0.014,0.003
q_GtoI = 0.683,-0.352,0.564,0.302 | p_IinG = -0.654,-1.226,1.323 | dist = 55.98 (meters)
bg = -0.0043,0.0237,0.0798 | ba = -0.0150,0.1491,0.0625
camera-imu timeoffset = 0.00002
cam0 intrinsics = 461.398,460.967,363.561,245.609 | -0.282,0.072,0.001,0.000
cam1 intrinsics = 459.032,458.703,376.537,252.750 | -0.279,0.069,0.001,-0.000
cam0 extrinsics = -0.002,0.009,0.702,0.713 | 0.064,-0.014,0.004
cam1 extrinsics = 0.001,0.012,0.702,0.712 | -0.048,-0.014,0.003
q_GtoI = 0.728,-0.377,0.502,0.275 | p_IinG = -0.693,-1.122,1.301 | dist = 56.09 (meters)
bg = -0.0046,0.0237,0.0802 | ba = -0.0156,0.1493,0.0627
camera-imu timeoffset = 0.00002
cam0 intrinsics = 461.399,460.962,363.561,245.611 | -0.282,0.072,0.001,0.000
cam1 intrinsics = 459.033,458.699,376.540,252.753 | -0.279,0.069,0.001,-0.000
cam0 extrinsics = -0.002,0.009,0.702,0.713 | 0.064,-0.014,0.004
cam1 extrinsics = 0.001,0.012,0.702,0.712 | -0.048,-0.014,0.003
q_GtoI = 0.758,-0.396,0.453,0.251 | p_IinG = -0.728,-1.024,1.247 | dist = 56.21 (meters)
bg = -0.0049,0.0237,0.0801 | ba = -0.0187,0.1492,0.0620
camera-imu timeoffset = 0.00002
cam0 intrinsics = 461.393,460.945,363.557,245.611 | -0.282,0.072,0.001,0.000
cam1 intrinsics = 459.029,458.684,376.542,252.755 | -0.279,0.069,0.001,-0.000
cam0 extrinsics = -0.002,0.009,0.702,0.713 | 0.064,-0.014,0.004
cam1 extrinsics = 0.001,0.012,0.702,0.712 | -0.048,-0.014,0.003
q_GtoI = 0.775,-0.407,0.420,0.237 | p_IinG = -0.750,-0.931,1.161 | dist = 56.34 (meters)
bg = -0.0049,0.0237,0.0802 | ba = -0.0192,0.1492,0.0618
camera-imu timeoffset = 0.00002
cam0 intrinsics = 461.393,460.943,363.557,245.611 | -0.282,0.072,0.001,0.000
cam1 intrinsics = 459.028,458.682,376.542,252.756 | -0.279,0.069,0.001,-0.000
cam0 extrinsics = -0.002,0.009,0.702,0.713 | 0.064,-0.014,0.004
cam1 extrinsics = 0.001,0.012,0.702,0.712 | -0.048,-0.014,0.003
q_GtoI = 0.773,-0.406,0.423,0.240 | p_IinG = -0.752,-0.850,1.062 | dist = 56.46 (meters)
bg = -0.0047,0.0236,0.0802 | ba = -0.0174,0.1495,0.0631
camera-imu timeoffset = 0.00002
cam0 intrinsics = 461.392,460.948,363.554,245.604 | -0.282,0.072,0.001,0.000
cam1 intrinsics = 459.029,458.688,376.536,252.748 | -0.279,0.069,0.001,-0.000
cam0 extrinsics = -0.002,0.009,0.702,0.713 | 0.064,-0.014,0.004
cam1 extrinsics = 0.001,0.012,0.702,0.712 | -0.048,-0.014,0.003
q_GtoI = 0.753,-0.391,0.461,0.261 | p_IinG = -0.744,-0.786,0.969 | dist = 56.58 (meters)
bg = -0.0047,0.0236,0.0804 | ba = -0.0178,0.1496,0.0630
camera-imu timeoffset = 0.00003
cam0 intrinsics = 461.392,460.946,363.554,245.604 | -0.282,0.072,0.001,0.000
cam1 intrinsics = 459.028,458.686,376.535,252.748 | -0.279,0.069,0.001,-0.000
cam0 extrinsics = -0.002,0.009,0.702,0.713 | 0.064,-0.014,0.004
cam1 extrinsics = 0.001,0.012,0.702,0.712 | -0.048,-0.014,0.003
q_GtoI = 0.727,-0.370,0.505,0.284 | p_IinG = -0.727,-0.734,0.880 | dist = 56.68 (meters)
bg = -0.0050,0.0235,0.0805 | ba = -0.0180,0.1496,0.0622
camera-imu timeoffset = 0.00003
cam0 intrinsics = 461.385,460.936,363.552,245.609 | -0.282,0.072,0.001,0.000
cam1 intrinsics = 459.021,458.676,376.534,252.753 | -0.279,0.069,0.001,-0.000
cam0 extrinsics = -0.002,0.009,0.702,0.713 | 0.064,-0.014,0.004
cam1 extrinsics = 0.001,0.012,0.702,0.712 | -0.048,-0.014,0.003
q_GtoI = 0.697,-0.348,0.548,0.305 | p_IinG = -0.706,-0.676,0.795 | dist = 56.79 (meters)
bg = -0.0050,0.0235,0.0805 | ba = -0.0183,0.1496,0.0623
camera-imu timeoffset = 0.00003
cam0 intrinsics = 461.385,460.938,363.553,245.611 | -0.282,0.072,0.001,0.000
cam1 intrinsics = 459.021,458.678,376.535,252.755 | -0.279,0.069,0.001,-0.000
cam0 extrinsics = -0.002,0.009,0.702,0.713 | 0.064,-0.014,0.004
cam1 extrinsics = 0.001,0.012,0.702,0.712 | -0.048,-0.014,0.003
q_GtoI = 0.675,-0.333,0.577,0.317 | p_IinG = -0.690,-0.616,0.714 | dist = 56.90 (meters)
bg = -0.0053,0.0232,0.0799 | ba = -0.0183,0.1499,0.0589
camera-imu timeoffset = 0.00002
cam0 intrinsics = 461.350,460.885,363.545,245.610 | -0.282,0.072,0.001,0.000
cam1 intrinsics = 458.988,458.627,376.527,252.753 | -0.279,0.069,0.001,-0.000
cam0 extrinsics = -0.002,0.009,0.702,0.713 | 0.063,-0.014,0.004
cam1 extrinsics = 0.001,0.012,0.702,0.712 | -0.048,-0.014,0.003
q_GtoI = 0.670,-0.334,0.584,0.314 | p_IinG = -0.677,-0.531,0.647 | dist = 57.01 (meters)
bg = -0.0052,0.0234,0.0799 | ba = -0.0183,0.1500,0.0589
camera-imu timeoffset = 0.00002
cam0 intrinsics = 461.349,460.883,363.544,245.609 | -0.282,0.072,0.001,0.000
cam1 intrinsics = 458.987,458.625,376.527,252.752 | -0.279,0.069,0.001,-0.000
cam0 extrinsics = -0.002,0.009,0.702,0.713 | 0.063,-0.014,0.004
cam1 extrinsics = 0.001,0.012,0.702,0.712 | -0.048,-0.014,0.003
q_GtoI = 0.692,-0.355,0.558,0.289 | p_IinG = -0.671,-0.433,0.595 | dist = 57.13 (meters)
bg = -0.0053,0.0238,0.0800 | ba = -0.0189,0.1503,0.0590
camera-imu timeoffset = 0.00002
cam0 intrinsics = 461.348,460.881,363.541,245.609 | -0.281,0.072,0.001,0.000
cam1 intrinsics = 458.985,458.622,376.525,252.752 | -0.279,0.069,0.001,-0.000
cam0 extrinsics = -0.002,0.009,0.702,0.713 | 0.063,-0.014,0.004
cam1 extrinsics = 0.001,0.012,0.702,0.712 | -0.048,-0.014,0.003
q_GtoI = 0.728,-0.388,0.507,0.250 | p_IinG = -0.673,-0.341,0.548 | dist = 57.25 (meters)
bg = -0.0058,0.0243,0.0796 | ba = -0.0186,0.1509,0.0578
camera-imu timeoffset = 0.00003
cam0 intrinsics = 461.348,460.877,363.538,245.601 | -0.282,0.072,0.001,0.000
cam1 intrinsics = 458.985,458.620,376.522,252.743 | -0.279,0.069,0.001,-0.000
cam0 extrinsics = -0.002,0.009,0.702,0.713 | 0.063,-0.014,0.004
cam1 extrinsics = 0.001,0.012,0.702,0.712 | -0.048,-0.014,0.003
q_GtoI = 0.754,-0.421,0.458,0.213 | p_IinG = -0.677,-0.234,0.495 | dist = 57.37 (meters)
bg = -0.0059,0.0242,0.0796 | ba = -0.0179,0.1509,0.0575
camera-imu timeoffset = 0.00003
cam0 intrinsics = 461.352,460.882,363.540,245.599 | -0.282,0.072,0.001,0.000
cam1 intrinsics = 458.989,458.624,376.522,252.741 | -0.279,0.069,0.001,-0.000
cam0 extrinsics = -0.002,0.009,0.702,0.713 | 0.063,-0.014,0.004
cam1 extrinsics = 0.001,0.012,0.702,0.712 | -0.048,-0.014,0.003
q_GtoI = 0.766,-0.438,0.428,0.198 | p_IinG = -0.659,-0.191,0.471 | dist = 57.47 (meters)
bg = -0.0064,0.0252,0.0798 | ba = -0.0290,0.1517,0.0586
camera-imu timeoffset = 0.00004
cam0 intrinsics = 461.343,460.863,363.537,245.593 | -0.282,0.072,0.001,0.000
cam1 intrinsics = 458.978,458.603,376.528,252.733 | -0.279,0.069,0.001,-0.000
cam0 extrinsics = -0.002,0.009,0.702,0.713 | 0.064,-0.014,0.004
cam1 extrinsics = 0.001,0.012,0.702,0.712 | -0.048,-0.014,0.003
q_GtoI = 0.758,-0.426,0.440,0.224 | p_IinG = -0.647,-0.138,0.425 | dist = 57.55 (meters)
bg = -0.0066,0.0253,0.0799 | ba = -0.0301,0.1518,0.0589
camera-imu timeoffset = 0.00004
cam0 intrinsics = 461.343,460.864,363.536,245.592 | -0.282,0.072,0.001,0.000
cam1 intrinsics = 458.977,458.603,376.528,252.733 | -0.279,0.069,0.001,-0.000
cam0 extrinsics = -0.002,0.009,0.702,0.713 | 0.064,-0.014,0.004
cam1 extrinsics = 0.001,0.012,0.702,0.712 | -0.048,-0.014,0.003
q_GtoI = 0.738,-0.400,0.478,0.257 | p_IinG = -0.625,-0.098,0.378 | dist = 57.62 (meters)
bg = -0.0065,0.0254,0.0799 | ba = -0.0324,0.1518,0.0601
camera-imu timeoffset = 0.00004
cam0 intrinsics = 461.345,460.868,363.535,245.592 | -0.282,0.072,0.001,0.000
cam1 intrinsics = 458.978,458.607,376.526,252.733 | -0.279,0.069,0.001,-0.000
cam0 extrinsics = -0.002,0.009,0.702,0.713 | 0.064,-0.014,0.004
cam1 extrinsics = 0.001,0.012,0.702,0.712 | -0.048,-0.014,0.003
q_GtoI = 0.719,-0.368,0.519,0.278 | p_IinG = -0.595,-0.055,0.327 | dist = 57.68 (meters)
bg = -0.0063,0.0252,0.0801 | ba = -0.0333,0.1517,0.0609
camera-imu timeoffset = 0.00004
cam0 intrinsics = 461.347,460.872,363.534,245.591 | -0.282,0.072,0.001,0.000
cam1 intrinsics = 458.981,458.612,376.525,252.731 | -0.279,0.069,0.001,-0.000
cam0 extrinsics = -0.002,0.009,0.702,0.713 | 0.064,-0.014,0.004
cam1 extrinsics = 0.001,0.012,0.702,0.712 | -0.048,-0.014,0.003
q_GtoI = 0.705,-0.334,0.556,0.286 | p_IinG = -0.566,-0.008,0.273 | dist = 57.76 (meters)
bg = -0.0063,0.0250,0.0800 | ba = -0.0313,0.1516,0.0596
camera-imu timeoffset = 0.00005
cam0 intrinsics = 461.347,460.870,363.534,245.592 | -0.282,0.072,0.001,0.000
cam1 intrinsics = 458.981,458.610,376.526,252.732 | -0.279,0.069,0.001,-0.000
cam0 extrinsics = -0.002,0.009,0.702,0.713 | 0.064,-0.014,0.004
cam1 extrinsics = 0.001,0.012,0.702,0.712 | -0.048,-0.014,0.003
q_GtoI = 0.709,-0.319,0.573,0.260 | p_IinG = -0.538,0.049,0.227 | dist = 57.83 (meters)
bg = -0.0063,0.0250,0.0800 | ba = -0.0290,0.1515,0.0578
camera-imu timeoffset = 0.00005
cam0 intrinsics = 461.349,460.872,363.534,245.596 | -0.282,0.072,0.001,0.000
cam1 intrinsics = 458.982,458.611,376.525,252.736 | -0.279,0.069,0.001,-0.000
cam0 extrinsics = -0.002,0.009,0.702,0.713 | 0.064,-0.014,0.004
cam1 extrinsics = 0.001,0.012,0.702,0.712 | -0.048,-0.014,0.003
q_GtoI = 0.734,-0.331,0.561,0.192 | p_IinG = -0.512,0.115,0.193 | dist = 57.90 (meters)
bg = -0.0061,0.0252,0.0802 | ba = -0.0283,0.1519,0.0572
camera-imu timeoffset = 0.00005
cam0 intrinsics = 461.347,460.867,363.535,245.595 | -0.281,0.072,0.001,0.000
cam1 intrinsics = 458.981,458.606,376.528,252.737 | -0.279,0.069,0.001,-0.000
cam0 extrinsics = -0.002,0.009,0.702,0.713 | 0.064,-0.014,0.004
cam1 extrinsics = 0.001,0.012,0.702,0.712 | -0.048,-0.014,0.003
q_GtoI = 0.766,-0.346,0.525,0.131 | p_IinG = -0.500,0.176,0.166 | dist = 57.97 (meters)
bg = -0.0061,0.0252,0.0802 | ba = -0.0256,0.1518,0.0557
camera-imu timeoffset = 0.00005
cam0 intrinsics = 461.346,460.866,363.536,245.593 | -0.281,0.072,0.001,0.000
cam1 intrinsics = 458.979,458.605,376.528,252.736 | -0.279,0.069,0.001,-0.000
cam0 extrinsics = -0.002,0.009,0.702,0.713 | 0.063,-0.014,0.004
cam1 extrinsics = 0.001,0.012,0.702,0.712 | -0.048,-0.014,0.003
q_GtoI = 0.796,-0.346,0.486,0.108 | p_IinG = -0.498,0.216,0.162 | dist = 58.01 (meters)
bg = -0.0061,0.0251,0.0802 | ba = -0.0251,0.1517,0.0558
camera-imu timeoffset = 0.00005
cam0 intrinsics = 461.345,460.866,363.535,245.596 | -0.281,0.072,0.001,0.000
cam1 intrinsics = 458.978,458.604,376.528,252.738 | -0.279,0.069,0.001,-0.000
cam0 extrinsics = -0.002,0.009,0.702,0.713 | 0.063,-0.014,0.004
cam1 extrinsics = 0.001,0.012,0.702,0.712 | -0.048,-0.014,0.003
q_GtoI = 0.814,-0.324,0.464,0.127 | p_IinG = -0.492,0.223,0.171 | dist = 58.02 (meters)
bg = -0.0063,0.0249,0.0801 | ba = -0.0234,0.1513,0.0553
camera-imu timeoffset = 0.00005
cam0 intrinsics = 461.341,460.861,363.534,245.599 | -0.281,0.072,0.001,0.000
cam1 intrinsics = 458.975,458.600,376.528,252.742 | -0.279,0.069,0.001,-0.000
cam0 extrinsics = -0.002,0.009,0.702,0.713 | 0.063,-0.014,0.004
cam1 extrinsics = 0.001,0.012,0.702,0.712 | -0.048,-0.014,0.003
q_GtoI = 0.814,-0.299,0.470,0.162 | p_IinG = -0.461,0.195,0.174 | dist = 58.06 (meters)
bg = -0.0057,0.0254,0.0810 | ba = -0.0152,0.1475,0.0520
camera-imu timeoffset = 0.00005
cam0 intrinsics = 461.308,460.834,363.538,245.624 | -0.281,0.072,0.001,0.000
cam1 intrinsics = 458.942,458.573,376.539,252.772 | -0.279,0.069,0.001,-0.000
cam0 extrinsics = -0.002,0.009,0.702,0.713 | 0.063,-0.014,0.004
cam1 extrinsics = 0.001,0.012,0.702,0.712 | -0.048,-0.014,0.003
q_GtoI = 0.808,-0.290,0.482,0.176 | p_IinG = -0.448,0.197,0.174 | dist = 58.09 (meters)
bg = -0.0057,0.0251,0.0813 | ba = -0.0122,0.1472,0.0509
camera-imu timeoffset = 0.00005
cam0 intrinsics = 461.306,460.831,363.538,245.631 | -0.281,0.072,0.001,0.000
cam1 intrinsics = 458.940,458.570,376.539,252.779 | -0.279,0.069,0.001,-0.000
cam0 extrinsics = -0.002,0.009,0.702,0.713 | 0.064,-0.014,0.004
cam1 extrinsics = 0.001,0.012,0.702,0.712 | -0.048,-0.014,0.003
q_GtoI = 0.799,-0.282,0.497,0.188 | p_IinG = -0.432,0.220,0.162 | dist = 58.11 (meters)
bg = -0.0058,0.0246,0.0819 | ba = -0.0064,0.1462,0.0480
camera-imu timeoffset = 0.00005
cam0 intrinsics = 461.300,460.821,363.540,245.644 | -0.281,0.072,0.001,0.000
cam1 intrinsics = 458.934,458.560,376.539,252.792 | -0.279,0.069,0.001,-0.000
cam0 extrinsics = -0.002,0.009,0.702,0.713 | 0.064,-0.014,0.004
cam1 extrinsics = 0.001,0.012,0.702,0.712 | -0.048,-0.014,0.003
q_GtoI = 0.786,-0.276,0.516,0.198 | p_IinG = -0.408,0.209,0.170 | dist = 58.14 (meters)
bg = -0.0057,0.0245,0.0819 | ba = -0.0046,0.1462,0.0465
camera-imu timeoffset = 0.00005
cam0 intrinsics = 461.294,460.813,363.539,245.644 | -0.281,0.072,0.001,0.000
cam1 intrinsics = 458.927,458.551,376.538,252.791 | -0.279,0.069,0.001,-0.000
cam0 extrinsics = -0.002,0.009,0.702,0.713 | 0.064,-0.014,0.004
cam1 extrinsics = 0.001,0.012,0.702,0.712 | -0.048,-0.014,0.003
q_GtoI = 0.756,-0.263,0.559,0.217 | p_IinG = -0.356,0.189,0.192 | dist = 58.21 (meters)
bg = -0.0056,0.0242,0.0821 | ba = -0.0036,0.1465,0.0451
camera-imu timeoffset = 0.00005
cam0 intrinsics = 461.288,460.806,363.538,245.643 | -0.281,0.072,0.001,0.000
cam1 intrinsics = 458.921,458.544,376.536,252.792 | -0.279,0.069,0.001,-0.000
cam0 extrinsics = -0.002,0.009,0.702,0.712 | 0.064,-0.014,0.004
cam1 extrinsics = 0.001,0.012,0.702,0.712 | -0.048,-0.014,0.003
q_GtoI = 0.731,-0.250,0.595,0.221 | p_IinG = -0.299,0.172,0.213 | dist = 58.27 (meters)
bg = -0.0056,0.0237,0.0822 | ba = -0.0026,0.1473,0.0412
camera-imu timeoffset = 0.00006
cam0 intrinsics = 461.277,460.789,363.534,245.652 | -0.281,0.072,0.001,0.000
cam1 intrinsics = 458.909,458.527,376.532,252.803 | -0.279,0.069,0.001,-0.000
cam0 extrinsics = -0.002,0.009,0.702,0.712 | 0.064,-0.014,0.004
cam1 extrinsics = 0.001,0.012,0.702,0.712 | -0.048,-0.014,0.003
q_GtoI = 0.718,-0.237,0.620,0.209 | p_IinG = -0.258,0.167,0.237 | dist = 58.32 (meters)
bg = -0.0059,0.0232,0.0820 | ba = -0.0040,0.1470,0.0391
camera-imu timeoffset = 0.00006
cam0 intrinsics = 461.269,460.787,363.532,245.670 | -0.281,0.072,0.001,0.000
cam1 intrinsics = 458.903,458.527,376.536,252.823 | -0.279,0.069,0.001,-0.000
cam0 extrinsics = -0.002,0.009,0.702,0.712 | 0.064,-0.014,0.004
cam1 extrinsics = 0.001,0.012,0.702,0.712 | -0.048,-0.014,0.003
q_GtoI = 0.723,-0.225,0.628,0.179 | p_IinG = -0.213,0.169,0.254 | dist = 58.36 (meters)
bg = -0.0061,0.0240,0.0819 | ba = -0.0030,0.1476,0.0372
camera-imu timeoffset = 0.00005
cam0 intrinsics = 461.261,460.772,363.538,245.678 | -0.281,0.072,0.001,0.000
cam1 intrinsics = 458.895,458.512,376.544,252.833 | -0.279,0.069,0.001,-0.000
cam0 extrinsics = -0.002,0.009,0.702,0.712 | 0.064,-0.014,0.004
cam1 extrinsics = 0.001,0.012,0.702,0.712 | -0.048,-0.014,0.003
q_GtoI = 0.749,-0.211,0.611,0.146 | p_IinG = -0.202,0.182,0.263 | dist = 58.39 (meters)
bg = -0.0063,0.0240,0.0820 | ba = -0.0039,0.1446,0.0389
camera-imu timeoffset = 0.00005
cam0 intrinsics = 461.261,460.781,363.538,245.689 | -0.281,0.072,0.001,0.000
cam1 intrinsics = 458.895,458.520,376.544,252.845 | -0.279,0.069,0.001,-0.000
cam0 extrinsics = -0.002,0.009,0.702,0.712 | 0.063,-0.014,0.004
cam1 extrinsics = 0.001,0.012,0.702,0.712 | -0.048,-0.014,0.003
q_GtoI = 0.787,-0.192,0.573,0.123 | p_IinG = -0.166,0.199,0.261 | dist = 58.41 (meters)
bg = -0.0062,0.0252,0.0816 | ba = -0.0054,0.1426,0.0385
camera-imu timeoffset = 0.00005
cam0 intrinsics = 461.268,460.778,363.538,245.683 | -0.281,0.072,0.001,0.000
cam1 intrinsics = 458.898,458.515,376.539,252.836 | -0.279,0.069,0.001,-0.000
cam0 extrinsics = -0.002,0.009,0.702,0.712 | 0.063,-0.014,0.004
cam1 extrinsics = 0.001,0.012,0.702,0.712 | -0.048,-0.014,0.003
q_GtoI = 0.807,-0.187,0.548,0.115 | p_IinG = -0.157,0.215,0.262 | dist = 58.42 (meters)
bg = -0.0051,0.0253,0.0810 | ba = -0.0064,0.1426,0.0395
camera-imu timeoffset = 0.00005
cam0 intrinsics = 461.241,460.743,363.532,245.672 | -0.281,0.072,0.001,0.000
cam1 intrinsics = 458.879,458.489,376.545,252.832 | -0.279,0.069,0.001,-0.000
cam0 extrinsics = -0.002,0.009,0.702,0.712 | 0.063,-0.014,0.004
cam1 extrinsics = 0.001,0.012,0.702,0.712 | -0.048,-0.014,0.003
q_GtoI = 0.825,-0.181,0.525,0.107 | p_IinG = -0.156,0.221,0.257 | dist = 58.42 (meters)
bg = -0.0049,0.0253,0.0810 | ba = -0.0050,0.1413,0.0404
camera-imu timeoffset = 0.00005
cam0 intrinsics = 461.237,460.738,363.531,245.673 | -0.281,0.072,0.001,0.000
cam1 intrinsics = 458.878,458.487,376.550,252.829 | -0.279,0.069,0.001,-0.000
cam0 extrinsics = -0.002,0.009,0.702,0.712 | 0.063,-0.014,0.004
cam1 extrinsics = 0.001,0.012,0.702,0.712 | -0.048,-0.014,0.003
q_GtoI = 0.840,-0.176,0.504,0.100 | p_IinG = -0.148,0.230,0.253 | dist = 58.43 (meters)
bg = -0.0047,0.0253,0.0811 | ba = -0.0059,0.1422,0.0402
camera-imu timeoffset = 0.00005
cam0 intrinsics = 461.235,460.737,363.528,245.668 | -0.281,0.072,0.001,0.000
cam1 intrinsics = 458.878,458.487,376.551,252.825 | -0.279,0.069,0.001,-0.000
cam0 extrinsics = -0.002,0.009,0.702,0.712 | 0.063,-0.014,0.004
cam1 extrinsics = 0.001,0.012,0.702,0.712 | -0.048,-0.014,0.003
q_GtoI = 0.849,-0.170,0.491,0.096 | p_IinG = -0.138,0.233,0.252 | dist = 58.44 (meters)
bg = -0.0047,0.0252,0.0814 | ba = -0.0063,0.1414,0.0401
camera-imu timeoffset = 0.00005
cam0 intrinsics = 461.231,460.734,363.526,245.667 | -0.281,0.072,0.001,0.000
cam1 intrinsics = 458.875,458.485,376.550,252.827 | -0.279,0.069,0.001,-0.000
cam0 extrinsics = -0.002,0.009,0.702,0.712 | 0.063,-0.014,0.004
cam1 extrinsics = 0.001,0.012,0.702,0.712 | -0.048,-0.014,0.003
q_GtoI = 0.852,-0.164,0.489,0.095 | p_IinG = -0.128,0.233,0.252 | dist = 58.46 (meters)
bg = -0.0048,0.0249,0.0815 | ba = -0.0066,0.1414,0.0411
camera-imu timeoffset = 0.00005
cam0 intrinsics = 461.230,460.732,363.544,245.657 | -0.281,0.072,0.001,0.000
cam1 intrinsics = 458.877,458.485,376.564,252.818 | -0.279,0.069,0.001,-0.000
cam0 extrinsics = -0.002,0.009,0.702,0.712 | 0.063,-0.014,0.004
cam1 extrinsics = 0.001,0.012,0.702,0.712 | -0.048,-0.014,0.003
q_GtoI = 0.848,-0.158,0.497,0.096 | p_IinG = -0.112,0.231,0.255 | dist = 58.48 (meters)
bg = -0.0048,0.0247,0.0817 | ba = -0.0054,0.1413,0.0418
camera-imu timeoffset = 0.00005
cam0 intrinsics = 461.226,460.726,363.540,245.659 | -0.281,0.072,0.001,0.000
cam1 intrinsics = 458.874,458.482,376.560,252.822 | -0.279,0.069,0.001,-0.000
cam0 extrinsics = -0.002,0.009,0.702,0.712 | 0.063,-0.014,0.004
cam1 extrinsics = 0.001,0.012,0.702,0.712 | -0.048,-0.014,0.003
q_GtoI = 0.842,-0.153,0.508,0.097 | p_IinG = -0.086,0.231,0.257 | dist = 58.50 (meters)
bg = -0.0046,0.0246,0.0819 | ba = -0.0026,0.1399,0.0410
camera-imu timeoffset = 0.00005
cam0 intrinsics = 461.217,460.714,363.541,245.648 | -0.281,0.072,0.001,0.000
cam1 intrinsics = 458.865,458.469,376.560,252.811 | -0.279,0.069,0.001,-0.000
cam0 extrinsics = -0.002,0.009,0.702,0.712 | 0.063,-0.014,0.004
cam1 extrinsics = 0.001,0.012,0.702,0.712 | -0.048,-0.014,0.003
q_GtoI = 0.836,-0.149,0.519,0.100 | p_IinG = -0.057,0.227,0.259 | dist = 58.53 (meters)
bg = -0.0046,0.0244,0.0820 | ba = 0.0006,0.1377,0.0393
camera-imu timeoffset = 0.00005
cam0 intrinsics = 461.213,460.708,363.543,245.638 | -0.281,0.072,0.001,0.000
cam1 intrinsics = 458.860,458.462,376.561,252.803 | -0.279,0.069,0.001,-0.000
cam0 extrinsics = -0.002,0.009,0.702,0.712 | 0.063,-0.014,0.004
cam1 extrinsics = 0.001,0.012,0.702,0.712 | -0.048,-0.014,0.003
q_GtoI = 0.827,-0.144,0.533,0.101 | p_IinG = -0.024,0.210,0.273 | dist = 58.56 (meters)
bg = -0.0053,0.0255,0.0821 | ba = -0.0002,0.1377,0.0401
camera-imu timeoffset = 0.00004
cam0 intrinsics = 461.236,460.746,363.535,245.662 | -0.281,0.072,0.001,0.000
cam1 intrinsics = 458.893,458.508,376.555,252.824 | -0.279,0.069,0.001,-0.000
cam0 extrinsics = -0.002,0.009,0.702,0.712 | 0.063,-0.014,0.004
cam1 extrinsics = 0.001,0.012,0.702,0.712 | -0.048,-0.014,0.003
q_GtoI = 0.816,-0.142,0.551,0.103 | p_IinG = 0.015,0.209,0.285 | dist = 58.60 (meters)
bg = -0.0050,0.0258,0.0821 | ba = -0.0013,0.1393,0.0410
camera-imu timeoffset = 0.00004
cam0 intrinsics = 461.245,460.760,363.531,245.662 | -0.281,0.072,0.001,0.000
cam1 intrinsics = 458.905,458.525,376.554,252.824 | -0.279,0.069,0.001,-0.000
cam0 extrinsics = -0.002,0.009,0.702,0.712 | 0.063,-0.014,0.004
cam1 extrinsics = 0.001,0.012,0.702,0.712 | -0.048,-0.014,0.004
q_GtoI = 0.802,-0.141,0.571,0.104 | p_IinG = 0.053,0.212,0.295 | dist = 58.63 (meters)
bg = -0.0045,0.0257,0.0821 | ba = -0.0019,0.1378,0.0417
camera-imu timeoffset = 0.00005
cam0 intrinsics = 461.236,460.754,363.532,245.665 | -0.281,0.072,0.001,0.000
cam1 intrinsics = 458.899,458.521,376.551,252.827 | -0.279,0.069,0.001,-0.000
cam0 extrinsics = -0.002,0.009,0.702,0.712 | 0.063,-0.014,0.004
cam1 extrinsics = 0.001,0.012,0.702,0.712 | -0.048,-0.014,0.003
q_GtoI = 0.787,-0.138,0.592,0.107 | p_IinG = 0.090,0.211,0.298 | dist = 58.67 (meters)
bg = -0.0043,0.0252,0.0826 | ba = 0.0030,0.1372,0.0415
camera-imu timeoffset = 0.00005
cam0 intrinsics = 461.242,460.768,363.544,245.671 | -0.281,0.072,0.001,0.000
cam1 intrinsics = 458.916,458.551,376.551,252.819 | -0.279,0.069,0.001,-0.000
cam0 extrinsics = -0.002,0.009,0.702,0.712 | 0.063,-0.014,0.004
cam1 extrinsics = 0.001,0.012,0.702,0.712 | -0.048,-0.014,0.004
q_GtoI = 0.773,-0.138,0.610,0.107 | p_IinG = 0.125,0.211,0.308 | dist = 58.70 (meters)
bg = -0.0039,0.0252,0.0823 | ba = 0.0033,0.1374,0.0419
camera-imu timeoffset = 0.00005
cam0 intrinsics = 461.236,460.766,363.546,245.674 | -0.281,0.072,0.001,0.000
cam1 intrinsics = 458.918,458.555,376.548,252.820 | -0.279,0.069,0.001,-0.000
cam0 extrinsics = -0.002,0.009,0.702,0.712 | 0.063,-0.014,0.004
cam1 extrinsics = 0.001,0.012,0.702,0.712 | -0.048,-0.014,0.004
q_GtoI = 0.757,-0.137,0.630,0.107 | p_IinG = 0.159,0.212,0.320 | dist = 58.74 (meters)
bg = -0.0039,0.0252,0.0821 | ba = 0.0019,0.1372,0.0423
camera-imu timeoffset = 0.00005
cam0 intrinsics = 461.232,460.771,363.557,245.670 | -0.281,0.072,0.001,0.000
cam1 intrinsics = 458.919,458.564,376.552,252.812 | -0.279,0.069,0.001,-0.000
cam0 extrinsics = -0.002,0.009,0.702,0.712 | 0.063,-0.014,0.004
cam1 extrinsics = 0.001,0.012,0.702,0.712 | -0.048,-0.014,0.004
q_GtoI = 0.740,-0.137,0.650,0.105 | p_IinG = 0.185,0.213,0.331 | dist = 58.76 (meters)
bg = -0.0039,0.0250,0.0821 | ba = 0.0017,0.1378,0.0425
camera-imu timeoffset = 0.00005
cam0 intrinsics = 461.239,460.782,363.560,245.677 | -0.281,0.072,0.001,0.000
cam1 intrinsics = 458.928,458.576,376.554,252.814 | -0.279,0.069,0.001,-0.000
cam0 extrinsics = -0.002,0.009,0.702,0.712 | 0.063,-0.014,0.004
cam1 extrinsics = 0.001,0.012,0.702,0.712 | -0.048,-0.014,0.004
q_GtoI = 0.727,-0.136,0.665,0.105 | p_IinG = 0.204,0.217,0.340 | dist = 58.79 (meters)
bg = -0.0037,0.0248,0.0821 | ba = 0.0047,0.1403,0.0428
camera-imu timeoffset = 0.00005
cam0 intrinsics = 461.250,460.793,363.565,245.674 | -0.281,0.072,0.001,0.000
cam1 intrinsics = 458.943,458.590,376.556,252.806 | -0.279,0.069,0.001,-0.000
cam0 extrinsics = -0.002,0.009,0.702,0.712 | 0.063,-0.014,0.004
cam1 extrinsics = 0.001,0.012,0.702,0.712 | -0.048,-0.014,0.004
q_GtoI = 0.721,-0.137,0.671,0.103 | p_IinG = 0.219,0.222,0.348 | dist = 58.81 (meters)
bg = -0.0034,0.0247,0.0821 | ba = 0.0072,0.1406,0.0433
camera-imu timeoffset = 0.00005
cam0 intrinsics = 461.259,460.801,363.571,245.670 | -0.281,0.072,0.001,0.000
cam1 intrinsics = 458.951,458.596,376.558,252.800 | -0.279,0.069,0.001,-0.000
cam0 extrinsics = -0.002,0.009,0.702,0.712 | 0.063,-0.014,0.005
cam1 extrinsics = 0.001,0.012,0.702,0.712 | -0.048,-0.014,0.004
q_GtoI = 0.725,-0.140,0.667,0.099 | p_IinG = 0.230,0.229,0.356 | dist = 58.82 (meters)
bg = -0.0031,0.0245,0.0820 | ba = 0.0077,0.1401,0.0432
camera-imu timeoffset = 0.00005
cam0 intrinsics = 461.266,460.808,363.575,245.675 | -0.281,0.072,0.001,0.000
cam1 intrinsics = 458.958,458.602,376.561,252.802 | -0.279,0.069,0.001,-0.000
cam0 extrinsics = -0.002,0.009,0.702,0.712 | 0.063,-0.014,0.005
cam1 extrinsics = 0.001,0.012,0.702,0.712 | -0.048,-0.014,0.004
q_GtoI = 0.737,-0.143,0.653,0.093 | p_IinG = 0.235,0.235,0.365 | dist = 58.83 (meters)
bg = -0.0029,0.0246,0.0818 | ba = 0.0064,0.1396,0.0430
camera-imu timeoffset = 0.00005
cam0 intrinsics = 461.263,460.804,363.577,245.680 | -0.281,0.072,0.001,0.000
cam1 intrinsics = 458.956,458.597,376.559,252.806 | -0.279,0.070,0.001,-0.000
cam0 extrinsics = -0.002,0.009,0.702,0.712 | 0.063,-0.014,0.005
cam1 extrinsics = 0.001,0.012,0.702,0.712 | -0.048,-0.014,0.004
q_GtoI = 0.756,-0.146,0.632,0.086 | p_IinG = 0.237,0.243,0.377 | dist = 58.84 (meters)
bg = -0.0026,0.0248,0.0812 | ba = 0.0034,0.1383,0.0422
camera-imu timeoffset = 0.00005
cam0 intrinsics = 461.258,460.794,363.578,245.685 | -0.281,0.072,0.001,0.000
cam1 intrinsics = 458.950,458.586,376.558,252.809 | -0.279,0.070,0.001,-0.000
cam0 extrinsics = -0.002,0.009,0.702,0.712 | 0.063,-0.014,0.005
cam1 extrinsics = 0.001,0.012,0.702,0.712 | -0.048,-0.014,0.004
q_GtoI = 0.776,-0.145,0.608,0.082 | p_IinG = 0.231,0.249,0.387 | dist = 58.85 (meters)
bg = -0.0025,0.0249,0.0812 | ba = 0.0016,0.1374,0.0419
camera-imu timeoffset = 0.00005
cam0 intrinsics = 461.255,460.788,363.575,245.691 | -0.281,0.072,0.001,0.000
cam1 intrinsics = 458.946,458.580,376.551,252.815 | -0.279,0.070,0.001,-0.000
cam0 extrinsics = -0.002,0.009,0.702,0.712 | 0.063,-0.014,0.005
cam1 extrinsics = 0.001,0.012,0.702,0.712 | -0.048,-0.014,0.004
q_GtoI = 0.796,-0.144,0.582,0.076 | p_IinG = 0.223,0.255,0.396 | dist = 58.86 (meters)
bg = -0.0025,0.0250,0.0810 | ba = -0.0007,0.1362,0.0421
camera-imu timeoffset = 0.00005
cam0 intrinsics = 461.254,460.784,363.573,245.701 | -0.281,0.072,0.001,0.000
cam1 intrinsics = 458.943,458.574,376.549,252.827 | -0.279,0.070,0.001,-0.000
cam0 extrinsics = -0.002,0.009,0.702,0.712 | 0.063,-0.014,0.005
cam1 extrinsics = 0.001,0.012,0.702,0.712 | -0.048,-0.014,0.004
q_GtoI = 0.817,-0.141,0.555,0.071 | p_IinG = 0.215,0.260,0.401 | dist = 58.88 (meters)
bg = -0.0025,0.0251,0.0808 | ba = -0.0024,0.1343,0.0420
camera-imu timeoffset = 0.00005
cam0 intrinsics = 461.248,460.777,363.567,245.709 | -0.281,0.072,0.001,0.000
cam1 intrinsics = 458.938,458.567,376.544,252.834 | -0.279,0.070,0.001,-0.000
cam0 extrinsics = -0.002,0.009,0.702,0.712 | 0.063,-0.014,0.005
cam1 extrinsics = 0.001,0.012,0.702,0.712 | -0.048,-0.014,0.004
q_GtoI = 0.832,-0.138,0.534,0.064 | p_IinG = 0.209,0.262,0.407 | dist = 58.89 (meters)
bg = -0.0026,0.0252,0.0804 | ba = -0.0047,0.1316,0.0425
camera-imu timeoffset = 0.00006
cam0 intrinsics = 461.245,460.767,363.564,245.720 | -0.281,0.072,0.001,0.000
cam1 intrinsics = 458.933,458.554,376.534,252.844 | -0.279,0.070,0.001,-0.000
cam0 extrinsics = -0.002,0.009,0.702,0.712 | 0.063,-0.014,0.005
cam1 extrinsics = 0.001,0.012,0.702,0.712 | -0.048,-0.014,0.004
q_GtoI = 0.841,-0.134,0.522,0.058 | p_IinG = 0.202,0.263,0.408 | dist = 58.89 (meters)
bg = -0.0028,0.0250,0.0804 | ba = -0.0049,0.1298,0.0434
camera-imu timeoffset = 0.00006
cam0 intrinsics = 461.238,460.757,363.562,245.732 | -0.281,0.072,0.001,0.000
cam1 intrinsics = 458.928,458.546,376.532,252.857 | -0.279,0.069,0.001,-0.000
cam0 extrinsics = -0.002,0.009,0.702,0.712 | 0.063,-0.014,0.005
cam1 extrinsics = 0.001,0.012,0.702,0.712 | -0.048,-0.014,0.004
q_GtoI = 0.843,-0.128,0.519,0.052 | p_IinG = 0.199,0.265,0.410 | dist = 58.90 (meters)
bg = -0.0029,0.0249,0.0803 | ba = -0.0059,0.1287,0.0437
camera-imu timeoffset = 0.00006
cam0 intrinsics = 461.233,460.750,363.560,245.736 | -0.281,0.072,0.001,0.000
cam1 intrinsics = 458.925,458.540,376.530,252.861 | -0.279,0.069,0.001,-0.000
cam0 extrinsics = -0.002,0.009,0.702,0.712 | 0.063,-0.014,0.005
cam1 extrinsics = 0.001,0.012,0.702,0.712 | -0.048,-0.014,0.004
q_GtoI = 0.842,-0.122,0.524,0.045 | p_IinG = 0.203,0.268,0.410 | dist = 58.90 (meters)
bg = -0.0027,0.0247,0.0803 | ba = -0.0053,0.1278,0.0435
camera-imu timeoffset = 0.00006
cam0 intrinsics = 461.227,460.743,363.560,245.733 | -0.281,0.072,0.001,0.000
cam1 intrinsics = 458.919,458.534,376.531,252.858 | -0.279,0.069,0.001,-0.000
cam0 extrinsics = -0.002,0.009,0.702,0.712 | 0.063,-0.014,0.005
cam1 extrinsics = 0.001,0.012,0.702,0.712 | -0.048,-0.014,0.004
q_GtoI = 0.835,-0.114,0.537,0.038 | p_IinG = 0.208,0.267,0.413 | dist = 58.90 (meters)
bg = -0.0026,0.0246,0.0803 | ba = -0.0074,0.1279,0.0441
camera-imu timeoffset = 0.00007
cam0 intrinsics = 461.228,460.746,363.559,245.737 | -0.281,0.072,0.001,0.000
cam1 intrinsics = 458.920,458.538,376.529,252.863 | -0.279,0.069,0.001,-0.000
cam0 extrinsics = -0.002,0.009,0.702,0.712 | 0.063,-0.014,0.005
cam1 extrinsics = 0.001,0.012,0.702,0.712 | -0.048,-0.014,0.004
q_GtoI = 0.824,-0.105,0.556,0.030 | p_IinG = 0.216,0.265,0.415 | dist = 58.91 (meters)
bg = -0.0025,0.0247,0.0803 | ba = -0.0087,0.1275,0.0441
camera-imu timeoffset = 0.00007
cam0 intrinsics = 461.229,460.751,363.555,245.744 | -0.281,0.072,0.001,0.000
cam1 intrinsics = 458.920,458.542,376.526,252.871 | -0.279,0.069,0.001,-0.000
cam0 extrinsics = -0.002,0.009,0.702,0.712 | 0.063,-0.014,0.005
cam1 extrinsics = 0.001,0.012,0.702,0.712 | -0.048,-0.014,0.004
q_GtoI = 0.810,-0.094,0.579,0.023 | p_IinG = 0.227,0.260,0.418 | dist = 58.92 (meters)
bg = -0.0024,0.0247,0.0804 | ba = -0.0111,0.1275,0.0442
camera-imu timeoffset = 0.00007
cam0 intrinsics = 461.236,460.764,363.552,245.749 | -0.281,0.072,0.001,0.000
cam1 intrinsics = 458.925,458.552,376.524,252.876 | -0.279,0.069,0.001,-0.000
cam0 extrinsics = -0.002,0.009,0.702,0.712 | 0.063,-0.014,0.005
cam1 extrinsics = 0.001,0.012,0.702,0.712 | -0.048,-0.014,0.004
q_GtoI = 0.793,-0.081,0.603,0.017 | p_IinG = 0.234,0.256,0.418 | dist = 58.93 (meters)
bg = -0.0022,0.0245,0.0803 | ba = -0.0109,0.1288,0.0446
camera-imu timeoffset = 0.00007
cam0 intrinsics = 461.256,460.792,363.549,245.744 | -0.281,0.072,0.001,0.000
cam1 intrinsics = 458.944,458.578,376.520,252.874 | -0.279,0.070,0.001,-0.000
cam0 extrinsics = -0.002,0.009,0.702,0.712 | 0.063,-0.014,0.005
cam1 extrinsics = 0.001,0.012,0.702,0.712 | -0.048,-0.014,0.004
q_GtoI = 0.776,-0.068,0.627,0.010 | p_IinG = 0.239,0.252,0.413 | dist = 58.94 (meters)
bg = -0.0018,0.0239,0.0804 | ba = -0.0078,0.1273,0.0453
camera-imu timeoffset = 0.00007
cam0 intrinsics = 461.246,460.789,363.553,245.750 | -0.281,0.072,0.001,0.000
cam1 intrinsics = 458.931,458.569,376.520,252.883 | -0.279,0.070,0.001,-0.000
cam0 extrinsics = -0.002,0.009,0.702,0.712 | 0.063,-0.014,0.005
cam1 extrinsics = 0.001,0.012,0.702,0.712 | -0.048,-0.014,0.004
q_GtoI = 0.763,-0.054,0.645,0.003 | p_IinG = 0.240,0.247,0.415 | dist = 58.94 (meters)
bg = -0.0016,0.0239,0.0803 | ba = -0.0085,0.1301,0.0485
camera-imu timeoffset = 0.00006
cam0 intrinsics = 461.250,460.792,363.554,245.774 | -0.281,0.072,0.001,0.000
cam1 intrinsics = 458.928,458.563,376.522,252.912 | -0.279,0.070,0.001,-0.000
cam0 extrinsics = -0.002,0.009,0.702,0.712 | 0.063,-0.014,0.005
cam1 extrinsics = 0.001,0.012,0.702,0.712 | -0.048,-0.014,0.004
q_GtoI = -0.750,0.039,-0.660,0.002 | p_IinG = 0.239,0.241,0.417 | dist = 58.95 (meters)
bg = -0.0013,0.0239,0.0803 | ba = -0.0076,0.1306,0.0500
camera-imu timeoffset = 0.00007
cam0 intrinsics = 461.257,460.800,363.545,245.773 | -0.281,0.072,0.001,0.000
cam1 intrinsics = 458.932,458.567,376.510,252.905 | -0.279,0.070,0.001,-0.000
cam0 extrinsics = -0.002,0.009,0.702,0.712 | 0.063,-0.014,0.005
cam1 extrinsics = 0.001,0.012,0.702,0.712 | -0.048,-0.014,0.004
q_GtoI = -0.741,0.026,-0.671,0.009 | p_IinG = 0.232,0.235,0.419 | dist = 58.96 (meters)
bg = -0.0009,0.0240,0.0802 | ba = -0.0066,0.1324,0.0519
camera-imu timeoffset = 0.00007
cam0 intrinsics = 461.252,460.792,363.543,245.772 | -0.281,0.072,0.001,0.000
cam1 intrinsics = 458.928,458.560,376.507,252.905 | -0.279,0.070,0.001,-0.000
cam0 extrinsics = -0.002,0.009,0.702,0.712 | 0.063,-0.014,0.005
cam1 extrinsics = 0.001,0.012,0.702,0.712 | -0.048,-0.014,0.004
q_GtoI = -0.744,0.012,-0.667,0.014 | p_IinG = 0.218,0.228,0.421 | dist = 58.98 (meters)
bg = -0.0006,0.0240,0.0801 | ba = -0.0074,0.1336,0.0536
camera-imu timeoffset = 0.00007
cam0 intrinsics = 461.248,460.787,363.543,245.773 | -0.281,0.072,0.001,0.000
cam1 intrinsics = 458.924,458.554,376.505,252.908 | -0.279,0.070,0.001,-0.000
cam0 extrinsics = -0.002,0.009,0.702,0.712 | 0.063,-0.014,0.005
cam1 extrinsics = 0.001,0.012,0.702,0.712 | -0.048,-0.014,0.004
q_GtoI = -0.762,0.001,-0.648,0.021 | p_IinG = 0.199,0.221,0.422 | dist = 59.00 (meters)
bg = -0.0004,0.0242,0.0802 | ba = -0.0080,0.1363,0.0549
camera-imu timeoffset = 0.00007
cam0 intrinsics = 461.239,460.778,363.543,245.784 | -0.281,0.072,0.001,0.000
cam1 intrinsics = 458.912,458.544,376.506,252.923 | -0.279,0.070,0.001,-0.000
cam0 extrinsics = -0.002,0.009,0.702,0.712 | 0.064,-0.014,0.005
cam1 extrinsics = 0.001,0.012,0.702,0.712 | -0.048,-0.014,0.004
q_GtoI = -0.783,-0.011,-0.622,0.026 | p_IinG = 0.175,0.211,0.420 | dist = 59.03 (meters)
bg = -0.0003,0.0241,0.0801 | ba = -0.0072,0.1360,0.0561
camera-imu timeoffset = 0.00007
cam0 intrinsics = 461.239,460.778,363.542,245.783 | -0.281,0.072,0.001,0.000
cam1 intrinsics = 458.909,458.542,376.508,252.923 | -0.279,0.070,0.001,-0.000
cam0 extrinsics = -0.002,0.009,0.702,0.712 | 0.064,-0.014,0.005
cam1 extrinsics = 0.001,0.012,0.702,0.712 | -0.048,-0.014,0.004
q_GtoI = -0.807,-0.021,-0.590,0.033 | p_IinG = 0.149,0.200,0.420 | dist = 59.06 (meters)
bg = -0.0002,0.0242,0.0802 | ba = -0.0078,0.1347,0.0578
camera-imu timeoffset = 0.00007
cam0 intrinsics = 461.235,460.773,363.544,245.784 | -0.281,0.072,0.001,0.000
cam1 intrinsics = 458.904,458.535,376.512,252.924 | -0.279,0.070,0.001,-0.000
cam0 extrinsics = -0.002,0.009,0.702,0.712 | 0.064,-0.014,0.005
cam1 extrinsics = 0.001,0.012,0.702,0.712 | -0.048,-0.014,0.004
q_GtoI = -0.831,-0.033,-0.554,0.038 | p_IinG = 0.119,0.184,0.421 | dist = 59.09 (meters)
bg = -0.0004,0.0248,0.0808 | ba = -0.0066,0.1342,0.0637
camera-imu timeoffset = 0.00007
cam0 intrinsics = 461.263,460.821,363.560,245.787 | -0.281,0.072,0.001,0.000
cam1 intrinsics = 458.929,458.581,376.527,252.930 | -0.279,0.070,0.001,-0.000
cam0 extrinsics = -0.002,0.009,0.702,0.712 | 0.064,-0.014,0.005
cam1 extrinsics = 0.001,0.012,0.702,0.712 | -0.048,-0.014,0.004
q_GtoI = -0.852,-0.041,-0.520,0.043 | p_IinG = 0.097,0.174,0.422 | dist = 59.12 (meters)
bg = -0.0001,0.0248,0.0807 | ba = -0.0088,0.1307,0.0631
camera-imu timeoffset = 0.00008
cam0 intrinsics = 461.260,460.817,363.557,245.790 | -0.281,0.072,0.001,0.000
cam1 intrinsics = 458.926,458.576,376.527,252.932 | -0.279,0.070,0.001,-0.000
cam0 extrinsics = -0.002,0.009,0.702,0.712 | 0.064,-0.014,0.005
cam1 extrinsics = 0.001,0.012,0.702,0.712 | -0.048,-0.014,0.004
q_GtoI = -0.866,-0.049,-0.495,0.048 | p_IinG = 0.082,0.166,0.425 | dist = 59.14 (meters)
bg = 0.0004,0.0248,0.0806 | ba = -0.0095,0.1267,0.0621
camera-imu timeoffset = 0.00008
cam0 intrinsics = 461.250,460.803,363.552,245.795 | -0.281,0.072,0.001,0.000
cam1 intrinsics = 458.919,458.567,376.531,252.943 | -0.279,0.070,0.001,-0.000
cam0 extrinsics = -0.002,0.009,0.702,0.712 | 0.064,-0.014,0.005
cam1 extrinsics = 0.001,0.012,0.702,0.712 | -0.048,-0.014,0.004
q_GtoI = -0.876,-0.058,-0.477,0.051 | p_IinG = 0.065,0.155,0.426 | dist = 59.16 (meters)
bg = 0.0005,0.0245,0.0806 | ba = -0.0090,0.1261,0.0613
camera-imu timeoffset = 0.00008
cam0 intrinsics = 461.238,460.787,363.546,245.798 | -0.281,0.072,0.001,0.000
cam1 intrinsics = 458.907,458.550,376.526,252.945 | -0.279,0.070,0.001,-0.000
cam0 extrinsics = -0.002,0.009,0.702,0.712 | 0.064,-0.014,0.005
cam1 extrinsics = 0.001,0.012,0.702,0.712 | -0.048,-0.014,0.004
q_GtoI = -0.880,-0.069,-0.467,0.053 | p_IinG = 0.055,0.146,0.428 | dist = 59.18 (meters)
bg = 0.0007,0.0241,0.0804 | ba = -0.0088,0.1235,0.0610
camera-imu timeoffset = 0.00008
cam0 intrinsics = 461.226,460.767,363.539,245.807 | -0.281,0.072,0.001,0.000
cam1 intrinsics = 458.894,458.529,376.518,252.955 | -0.279,0.070,0.001,-0.000
cam0 extrinsics = -0.002,0.009,0.702,0.712 | 0.064,-0.014,0.005
cam1 extrinsics = 0.001,0.012,0.702,0.712 | -0.048,-0.014,0.004
q_GtoI = -0.880,-0.080,-0.465,0.055 | p_IinG = 0.052,0.136,0.433 | dist = 59.19 (meters)
bg = 0.0009,0.0238,0.0803 | ba = -0.0089,0.1217,0.0625
camera-imu timeoffset = 0.00009
cam0 intrinsics = 461.217,460.754,363.533,245.809 | -0.281,0.072,0.001,0.000
cam1 intrinsics = 458.884,458.516,376.510,252.957 | -0.279,0.070,0.001,-0.000
cam0 extrinsics = -0.002,0.009,0.702,0.712 | 0.064,-0.014,0.005
cam1 extrinsics = 0.001,0.012,0.702,0.712 | -0.048,-0.014,0.004
q_GtoI = -0.876,-0.093,-0.470,0.053 | p_IinG = 0.055,0.125,0.438 | dist = 59.20 (meters)
bg = 0.0010,0.0236,0.0801 | ba = -0.0072,0.1202,0.0643
camera-imu timeoffset = 0.00008
cam0 intrinsics = 461.212,460.743,363.529,245.812 | -0.281,0.072,0.001,0.000
cam1 intrinsics = 458.878,458.504,376.504,252.960 | -0.279,0.070,0.001,-0.000
cam0 extrinsics = -0.002,0.009,0.702,0.712 | 0.064,-0.014,0.004
cam1 extrinsics = 0.001,0.012,0.702,0.712 | -0.048,-0.014,0.004
q_GtoI = -0.866,-0.109,-0.486,0.050 | p_IinG = 0.065,0.115,0.446 | dist = 59.22 (meters)
bg = 0.0010,0.0235,0.0801 | ba = -0.0053,0.1193,0.0671
camera-imu timeoffset = 0.00008
cam0 intrinsics = 461.206,460.733,363.531,245.813 | -0.281,0.072,0.001,0.000
cam1 intrinsics = 458.873,458.494,376.504,252.960 | -0.279,0.070,0.001,-0.000
cam0 extrinsics = -0.002,0.009,0.702,0.712 | 0.064,-0.014,0.004
cam1 extrinsics = 0.001,0.012,0.702,0.712 | -0.048,-0.014,0.004
q_GtoI = -0.851,-0.121,-0.508,0.051 | p_IinG = 0.083,0.107,0.456 | dist = 59.24 (meters)
bg = 0.0009,0.0238,0.0797 | ba = -0.0052,0.1171,0.0679
camera-imu timeoffset = 0.00008
cam0 intrinsics = 461.259,460.775,363.538,245.828 | -0.281,0.072,0.001,0.000
cam1 intrinsics = 458.927,458.534,376.517,252.971 | -0.279,0.070,0.001,-0.000
cam0 extrinsics = -0.002,0.009,0.702,0.712 | 0.064,-0.014,0.005
cam1 extrinsics = 0.001,0.012,0.702,0.712 | -0.048,-0.014,0.004
q_GtoI = -0.834,-0.133,-0.533,0.054 | p_IinG = 0.101,0.100,0.466 | dist = 59.26 (meters)
bg = 0.0006,0.0236,0.0799 | ba = -0.0056,0.1154,0.0699
camera-imu timeoffset = 0.00008
cam0 intrinsics = 461.264,460.779,363.531,245.825 | -0.281,0.072,0.001,0.000
cam1 intrinsics = 458.932,458.541,376.517,252.964 | -0.279,0.070,0.001,-0.000
cam0 extrinsics = -0.002,0.009,0.702,0.712 | 0.064,-0.014,0.005
cam1 extrinsics = 0.001,0.012,0.702,0.712 | -0.048,-0.014,0.004
q_GtoI = -0.818,-0.141,-0.554,0.062 | p_IinG = 0.131,0.096,0.484 | dist = 59.28 (meters)
bg = 0.0004,0.0249,0.0798 | ba = -0.0114,0.1146,0.0695
camera-imu timeoffset = 0.00008
cam0 intrinsics = 461.302,460.815,363.562,245.803 | -0.281,0.072,0.001,0.000
cam1 intrinsics = 458.974,458.580,376.552,252.936 | -0.279,0.070,0.001,-0.000
cam0 extrinsics = -0.002,0.009,0.702,0.712 | 0.063,-0.013,0.005
cam1 extrinsics = 0.001,0.012,0.702,0.712 | -0.048,-0.014,0.004
q_GtoI = -0.800,-0.146,-0.578,0.073 | p_IinG = 0.153,0.095,0.497 | dist = 59.31 (meters)
bg = 0.0003,0.0250,0.0799 | ba = -0.0113,0.1154,0.0713
camera-imu timeoffset = 0.00008
cam0 intrinsics = 461.293,460.804,363.564,245.813 | -0.281,0.072,0.001,0.000
cam1 intrinsics = 458.966,458.571,376.557,252.945 | -0.279,0.070,0.001,-0.000
cam0 extrinsics = -0.002,0.009,0.702,0.712 | 0.063,-0.013,0.005
cam1 extrinsics = 0.001,0.012,0.702,0.712 | -0.048,-0.014,0.004
q_GtoI = -0.781,-0.149,-0.600,0.088 | p_IinG = 0.168,0.092,0.511 | dist = 59.33 (meters)
bg = -0.0000,0.0246,0.0797 | ba = -0.0126,0.1162,0.0766
camera-imu timeoffset = 0.00008
cam0 intrinsics = 461.303,460.822,363.564,245.826 | -0.281,0.072,0.001,0.000
cam1 intrinsics = 458.972,458.585,376.556,252.959 | -0.279,0.070,0.001,-0.000
cam0 extrinsics = -0.002,0.009,0.702,0.712 | 0.063,-0.013,0.005
cam1 extrinsics = 0.001,0.012,0.702,0.712 | -0.048,-0.014,0.004
q_GtoI = -0.762,-0.152,-0.622,0.102 | p_IinG = 0.179,0.095,0.530 | dist = 59.35 (meters)
bg = -0.0001,0.0249,0.0796 | ba = -0.0152,0.1251,0.0801
camera-imu timeoffset = 0.00008
cam0 intrinsics = 461.305,460.822,363.559,245.818 | -0.281,0.072,0.001,0.000
cam1 intrinsics = 458.974,458.583,376.544,252.948 | -0.279,0.070,0.001,-0.000
cam0 extrinsics = -0.002,0.009,0.702,0.712 | 0.063,-0.013,0.005
cam1 extrinsics = 0.001,0.012,0.702,0.712 | -0.048,-0.013,0.004
q_GtoI = -0.745,-0.155,-0.638,0.114 | p_IinG = 0.194,0.098,0.543 | dist = 59.37 (meters)
bg = -0.0000,0.0251,0.0797 | ba = -0.0131,0.1251,0.0794
camera-imu timeoffset = 0.00009
cam0 intrinsics = 461.302,460.815,363.561,245.806 | -0.281,0.072,0.001,0.000
cam1 intrinsics = 458.972,458.576,376.547,252.936 | -0.279,0.070,0.001,-0.000
cam0 extrinsics = -0.002,0.009,0.702,0.712 | 0.063,-0.013,0.005
cam1 extrinsics = 0.001,0.012,0.702,0.712 | -0.048,-0.013,0.004
q_GtoI = -0.738,-0.160,-0.644,0.124 | p_IinG = 0.205,0.101,0.554 | dist = 59.39 (meters)
bg = 0.0001,0.0253,0.0799 | ba = -0.0122,0.1251,0.0787
camera-imu timeoffset = 0.00009
cam0 intrinsics = 461.295,460.804,363.562,245.793 | -0.281,0.072,0.001,0.000
cam1 intrinsics = 458.964,458.564,376.547,252.923 | -0.279,0.070,0.001,-0.000
cam0 extrinsics = -0.002,0.009,0.702,0.712 | 0.063,-0.013,0.005
cam1 extrinsics = 0.001,0.012,0.702,0.712 | -0.048,-0.013,0.004
q_GtoI = -0.746,-0.168,-0.631,0.129 | p_IinG = 0.211,0.102,0.564 | dist = 59.40 (meters)
bg = 0.0002,0.0254,0.0801 | ba = -0.0129,0.1251,0.0791
camera-imu timeoffset = 0.00009
cam0 intrinsics = 461.296,460.804,363.562,245.792 | -0.281,0.072,0.001,0.000
cam1 intrinsics = 458.965,458.564,376.545,252.922 | -0.279,0.070,0.001,-0.000
cam0 extrinsics = -0.002,0.009,0.702,0.712 | 0.063,-0.013,0.005
cam1 extrinsics = 0.001,0.012,0.702,0.712 | -0.048,-0.013,0.004
q_GtoI = -0.762,-0.177,-0.609,0.131 | p_IinG = 0.213,0.104,0.570 | dist = 59.41 (meters)
bg = 0.0004,0.0248,0.0796 | ba = -0.0168,0.1226,0.0762
camera-imu timeoffset = 0.00007
cam0 intrinsics = 461.311,460.823,363.567,245.780 | -0.281,0.072,0.001,0.000
cam1 intrinsics = 458.977,458.581,376.561,252.909 | -0.279,0.070,0.001,-0.000
cam0 extrinsics = -0.002,0.009,0.702,0.712 | 0.063,-0.013,0.005
cam1 extrinsics = 0.001,0.012,0.702,0.712 | -0.048,-0.013,0.004
q_GtoI = -0.783,-0.187,-0.578,0.132 | p_IinG = 0.211,0.104,0.576 | dist = 59.41 (meters)
bg = 0.0005,0.0249,0.0796 | ba = -0.0156,0.1234,0.0762
camera-imu timeoffset = 0.00007
cam0 intrinsics = 461.316,460.832,363.576,245.790 | -0.281,0.072,0.001,0.000
cam1 intrinsics = 458.981,458.588,376.569,252.919 | -0.279,0.070,0.001,-0.000
cam0 extrinsics = -0.002,0.009,0.702,0.712 | 0.063,-0.013,0.005
cam1 extrinsics = 0.001,0.012,0.702,0.712 | -0.048,-0.013,0.004
q_GtoI = -0.805,-0.198,-0.544,0.129 | p_IinG = 0.210,0.105,0.582 | dist = 59.42 (meters)
bg = 0.0006,0.0251,0.0797 | ba = -0.0155,0.1221,0.0737
camera-imu timeoffset = 0.00007
cam0 intrinsics = 461.328,460.842,363.582,245.784 | -0.281,0.072,0.001,0.000
cam1 intrinsics = 458.992,458.596,376.570,252.918 | -0.279,0.070,0.001,-0.000
cam0 extrinsics = -0.002,0.009,0.702,0.712 | 0.063,-0.013,0.005
cam1 extrinsics = 0.001,0.012,0.702,0.712 | -0.048,-0.013,0.004
q_GtoI = -0.824,-0.209,-0.511,0.129 | p_IinG = 0.209,0.105,0.591 | dist = 59.43 (meters)
bg = 0.0006,0.0253,0.0799 | ba = -0.0155,0.1211,0.0737
camera-imu timeoffset = 0.00007
cam0 intrinsics = 461.336,460.853,363.583,245.778 | -0.281,0.072,0.001,0.000
cam1 intrinsics = 459.001,458.608,376.568,252.913 | -0.279,0.070,0.001,-0.000
cam0 extrinsics = -0.002,0.009,0.702,0.712 | 0.063,-0.013,0.005
cam1 extrinsics = 0.001,0.012,0.702,0.712 | -0.048,-0.013,0.004
q_GtoI = -0.838,-0.219,-0.483,0.127 | p_IinG = 0.210,0.110,0.604 | dist = 59.44 (meters)
bg = 0.0008,0.0259,0.0802 | ba = -0.0163,0.1229,0.0733
camera-imu timeoffset = 0.00007
cam0 intrinsics = 461.326,460.835,363.571,245.794 | -0.281,0.072,0.001,0.000
cam1 intrinsics = 458.995,458.594,376.558,252.923 | -0.279,0.070,0.001,-0.000
cam0 extrinsics = -0.002,0.009,0.702,0.712 | 0.063,-0.013,0.005
cam1 extrinsics = 0.001,0.012,0.702,0.712 | -0.048,-0.013,0.004
q_GtoI = -0.847,-0.230,-0.463,0.127 | p_IinG = 0.214,0.119,0.610 | dist = 59.45 (meters)
bg = 0.0010,0.0260,0.0803 | ba = -0.0142,0.1243,0.0696
camera-imu timeoffset = 0.00007
cam0 intrinsics = 461.337,460.850,363.573,245.795 | -0.281,0.072,0.001,0.000
cam1 intrinsics = 459.006,458.608,376.563,252.925 | -0.279,0.070,0.001,-0.000
cam0 extrinsics = -0.002,0.009,0.702,0.712 | 0.063,-0.013,0.005
cam1 extrinsics = 0.001,0.012,0.702,0.712 | -0.048,-0.013,0.004
q_GtoI = -0.848,-0.244,-0.453,0.125 | p_IinG = 0.224,0.127,0.622 | dist = 59.47 (meters)
bg = 0.0010,0.0262,0.0806 | ba = -0.0147,0.1243,0.0707
camera-imu timeoffset = 0.00007
cam0 intrinsics = 461.350,460.864,363.582,245.786 | -0.282,0.072,0.001,0.000
cam1 intrinsics = 459.017,458.619,376.566,252.914 | -0.279,0.070,0.001,-0.000
cam0 extrinsics = -0.002,0.009,0.702,0.712 | 0.063,-0.013,0.005
cam1 extrinsics = 0.001,0.012,0.702,0.712 | -0.048,-0.013,0.004
q_GtoI = -0.843,-0.259,-0.455,0.124 | p_IinG = 0.240,0.138,0.634 | dist = 59.49 (meters)
bg = 0.0010,0.0263,0.0806 | ba = -0.0151,0.1240,0.0718
camera-imu timeoffset = 0.00007
cam0 intrinsics = 461.355,460.872,363.583,245.778 | -0.282,0.072,0.001,0.000
cam1 intrinsics = 459.020,458.624,376.566,252.906 | -0.279,0.070,0.001,-0.000
cam0 extrinsics = -0.002,0.009,0.702,0.712 | 0.063,-0.013,0.005
cam1 extrinsics = 0.001,0.012,0.702,0.712 | -0.048,-0.013,0.004
q_GtoI = -0.830,-0.276,-0.469,0.123 | p_IinG = 0.259,0.157,0.645 | dist = 59.51 (meters)
bg = 0.0013,0.0264,0.0805 | ba = -0.0169,0.1258,0.0711
camera-imu timeoffset = 0.00007
cam0 intrinsics = 461.353,460.876,363.581,245.778 | -0.282,0.072,0.001,0.000
cam1 intrinsics = 459.017,458.628,376.559,252.904 | -0.279,0.070,0.001,-0.000
cam0 extrinsics = -0.002,0.009,0.702,0.712 | 0.063,-0.013,0.005
cam1 extrinsics = 0.001,0.012,0.702,0.712 | -0.048,-0.013,0.004
q_GtoI = -0.815,-0.287,-0.487,0.130 | p_IinG = 0.279,0.178,0.659 | dist = 59.55 (meters)
bg = 0.0017,0.0269,0.0809 | ba = -0.0164,0.1309,0.0759
camera-imu timeoffset = 0.00006
cam0 intrinsics = 461.339,460.858,363.616,245.754 | -0.282,0.072,0.001,0.000
cam1 intrinsics = 459.004,458.611,376.580,252.875 | -0.279,0.070,0.001,-0.000
cam0 extrinsics = -0.002,0.009,0.702,0.712 | 0.063,-0.013,0.005
cam1 extrinsics = 0.001,0.012,0.702,0.712 | -0.048,-0.013,0.004
q_GtoI = -0.797,-0.293,-0.508,0.144 | p_IinG = 0.305,0.203,0.668 | dist = 59.58 (meters)
bg = 0.0018,0.0272,0.0811 | ba = -0.0167,0.1316,0.0757
camera-imu timeoffset = 0.00006
cam0 intrinsics = 461.336,460.854,363.635,245.763 | -0.282,0.072,0.001,0.000
cam1 intrinsics = 458.998,458.605,376.599,252.885 | -0.279,0.070,0.001,-0.000
cam0 extrinsics = -0.002,0.009,0.702,0.712 | 0.063,-0.013,0.005
cam1 extrinsics = 0.001,0.012,0.702,0.712 | -0.048,-0.014,0.004
q_GtoI = -0.776,-0.295,-0.532,0.164 | p_IinG = 0.329,0.230,0.675 | dist = 59.62 (meters)
bg = 0.0018,0.0277,0.0808 | ba = -0.0133,0.1347,0.0756
camera-imu timeoffset = 0.00006
cam0 intrinsics = 461.333,460.839,363.645,245.749 | -0.282,0.072,0.001,0.000
cam1 intrinsics = 458.991,458.587,376.604,252.876 | -0.279,0.070,0.001,-0.000
cam0 extrinsics = -0.002,0.009,0.702,0.712 | 0.063,-0.013,0.005
cam1 extrinsics = 0.001,0.012,0.702,0.712 | -0.048,-0.014,0.004
q_GtoI = -0.754,-0.297,-0.556,0.187 | p_IinG = 0.353,0.263,0.677 | dist = 59.66 (meters)
bg = 0.0020,0.0276,0.0806 | ba = -0.0166,0.1328,0.0719
camera-imu timeoffset = 0.00006
cam0 intrinsics = 461.311,460.815,363.654,245.731 | -0.282,0.072,0.001,0.000
cam1 intrinsics = 458.967,458.561,376.617,252.856 | -0.279,0.070,0.001,-0.000
cam0 extrinsics = -0.002,0.009,0.702,0.712 | 0.063,-0.013,0.005
cam1 extrinsics = 0.001,0.012,0.702,0.712 | -0.048,-0.014,0.004
q_GtoI = -0.732,-0.300,-0.575,0.207 | p_IinG = 0.378,0.300,0.677 | dist = 59.70 (meters)
bg = 0.0021,0.0276,0.0807 | ba = -0.0208,0.1293,0.0642
camera-imu timeoffset = 0.00006
cam0 intrinsics = 461.316,460.813,363.661,245.698 | -0.282,0.072,0.001,0.000
cam1 intrinsics = 458.970,458.559,376.623,252.821 | -0.279,0.070,0.001,-0.000
cam0 extrinsics = -0.002,0.009,0.702,0.712 | 0.063,-0.013,0.005
cam1 extrinsics = 0.001,0.012,0.702,0.712 | -0.048,-0.014,0.004
q_GtoI = -0.715,-0.305,-0.586,0.227 | p_IinG = 0.397,0.329,0.677 | dist = 59.73 (meters)
bg = 0.0021,0.0275,0.0808 | ba = -0.0193,0.1304,0.0655
camera-imu timeoffset = 0.00005
cam0 intrinsics = 461.310,460.822,363.656,245.699 | -0.282,0.072,0.001,0.000
cam1 intrinsics = 458.968,458.570,376.626,252.822 | -0.279,0.070,0.001,-0.000
cam0 extrinsics = -0.002,0.009,0.702,0.712 | 0.063,-0.013,0.005
cam1 extrinsics = 0.001,0.012,0.702,0.712 | -0.048,-0.014,0.004
q_GtoI = -0.703,-0.314,-0.591,0.241 | p_IinG = 0.417,0.360,0.676 | dist = 59.77 (meters)
bg = 0.0020,0.0276,0.0806 | ba = -0.0211,0.1286,0.0621
camera-imu timeoffset = 0.00005
cam0 intrinsics = 461.315,460.825,363.661,245.682 | -0.282,0.072,0.001,0.000
cam1 intrinsics = 458.972,458.573,376.631,252.803 | -0.279,0.070,0.001,-0.000
cam0 extrinsics = -0.002,0.009,0.702,0.712 | 0.063,-0.013,0.005
cam1 extrinsics = 0.001,0.012,0.702,0.712 | -0.048,-0.014,0.004
q_GtoI = -0.697,-0.325,-0.587,0.254 | p_IinG = 0.430,0.387,0.674 | dist = 59.80 (meters)
bg = 0.0019,0.0276,0.0805 | ba = -0.0199,0.1296,0.0604
camera-imu timeoffset = 0.00006
cam0 intrinsics = 461.318,460.830,363.663,245.679 | -0.282,0.072,0.001,0.000
cam1 intrinsics = 458.974,458.577,376.633,252.800 | -0.279,0.070,0.001,-0.000
cam0 extrinsics = -0.002,0.009,0.702,0.712 | 0.063,-0.013,0.005
cam1 extrinsics = 0.001,0.012,0.702,0.712 | -0.048,-0.014,0.004
q_GtoI = -0.694,-0.339,-0.577,0.264 | p_IinG = 0.442,0.410,0.674 | dist = 59.83 (meters)
bg = 0.0019,0.0279,0.0804 | ba = -0.0186,0.1298,0.0604
camera-imu timeoffset = 0.00006
cam0 intrinsics = 461.317,460.830,363.663,245.676 | -0.282,0.072,0.001,0.000
cam1 intrinsics = 458.973,458.577,376.633,252.796 | -0.279,0.070,0.001,-0.000
cam0 extrinsics = -0.002,0.009,0.702,0.712 | 0.063,-0.013,0.005
cam1 extrinsics = 0.001,0.012,0.702,0.712 | -0.048,-0.014,0.004
q_GtoI = -0.697,-0.354,-0.561,0.272 | p_IinG = 0.449,0.431,0.672 | dist = 59.85 (meters)
bg = 0.0018,0.0280,0.0804 | ba = -0.0164,0.1315,0.0610
camera-imu timeoffset = 0.00006
cam0 intrinsics = 461.322,460.837,363.662,245.673 | -0.282,0.072,0.001,0.000
cam1 intrinsics = 458.978,458.585,376.631,252.794 | -0.279,0.070,0.001,-0.000
cam0 extrinsics = -0.002,0.009,0.702,0.712 | 0.063,-0.013,0.005
cam1 extrinsics = 0.001,0.012,0.702,0.712 | -0.048,-0.014,0.004
q_GtoI = -0.702,-0.373,-0.540,0.275 | p_IinG = 0.455,0.447,0.668 | dist = 59.87 (meters)
bg = 0.0017,0.0283,0.0803 | ba = -0.0133,0.1330,0.0636
camera-imu timeoffset = 0.00006
cam0 intrinsics = 461.326,460.846,363.661,245.671 | -0.282,0.072,0.001,0.000
cam1 intrinsics = 458.984,458.595,376.629,252.791 | -0.279,0.070,0.001,-0.000
cam0 extrinsics = -0.002,0.009,0.702,0.712 | 0.063,-0.013,0.005
cam1 extrinsics = 0.001,0.012,0.702,0.712 | -0.048,-0.014,0.004
q_GtoI = -0.709,-0.392,-0.517,0.277 | p_IinG = 0.458,0.460,0.661 | dist = 59.89 (meters)
bg = 0.0016,0.0283,0.0802 | ba = -0.0095,0.1364,0.0677
camera-imu timeoffset = 0.00007
cam0 intrinsics = 461.332,460.859,363.660,245.669 | -0.282,0.072,0.001,0.000
cam1 intrinsics = 458.993,458.609,376.626,252.789 | -0.279,0.070,0.001,-0.000
cam0 extrinsics = -0.002,0.009,0.702,0.712 | 0.064,-0.013,0.005
cam1 extrinsics = 0.001,0.012,0.702,0.712 | -0.048,-0.014,0.004
q_GtoI = -0.718,-0.413,-0.488,0.275 | p_IinG = 0.460,0.470,0.652 | dist = 59.91 (meters)
bg = 0.0015,0.0283,0.0800 | ba = -0.0062,0.1393,0.0732
camera-imu timeoffset = 0.00007
cam0 intrinsics = 461.334,460.865,363.659,245.668 | -0.282,0.072,0.001,0.000
cam1 intrinsics = 458.996,458.616,376.624,252.787 | -0.279,0.070,0.001,-0.000
cam0 extrinsics = -0.002,0.009,0.702,0.712 | 0.064,-0.013,0.005
cam1 extrinsics = 0.001,0.012,0.702,0.712 | -0.048,-0.014,0.004
q_GtoI = -0.725,-0.432,-0.460,0.274 | p_IinG = 0.462,0.481,0.641 | dist = 59.93 (meters)
bg = 0.0014,0.0282,0.0799 | ba = -0.0043,0.1413,0.0788
camera-imu timeoffset = 0.00006
cam0 intrinsics = 461.332,460.863,363.655,245.670 | -0.282,0.072,0.001,0.000
cam1 intrinsics = 458.995,458.615,376.619,252.790 | -0.279,0.070,0.001,-0.000
cam0 extrinsics = -0.002,0.009,0.702,0.712 | 0.064,-0.013,0.005
cam1 extrinsics = 0.001,0.012,0.702,0.712 | -0.048,-0.014,0.004
q_GtoI = -0.730,-0.451,-0.435,0.272 | p_IinG = 0.466,0.495,0.628 | dist = 59.95 (meters)
bg = 0.0013,0.0282,0.0798 | ba = -0.0032,0.1427,0.0823
camera-imu timeoffset = 0.00006
cam0 intrinsics = 461.333,460.864,363.652,245.672 | -0.282,0.072,0.001,0.000
cam1 intrinsics = 458.997,458.616,376.613,252.791 | -0.279,0.070,0.001,-0.000
cam0 extrinsics = -0.002,0.009,0.702,0.712 | 0.064,-0.013,0.005
cam1 extrinsics = 0.001,0.012,0.702,0.712 | -0.048,-0.014,0.004
q_GtoI = -0.732,-0.468,-0.415,0.271 | p_IinG = 0.452,0.500,0.605 | dist = 59.98 (meters)
bg = 0.0015,0.0270,0.0804 | ba = 0.0059,0.1554,0.0915
camera-imu timeoffset = 0.00006
cam0 intrinsics = 461.314,460.854,363.656,245.679 | -0.282,0.072,0.001,0.000
cam1 intrinsics = 458.977,458.606,376.608,252.798 | -0.279,0.070,0.001,-0.000
cam0 extrinsics = -0.002,0.009,0.702,0.712 | 0.064,-0.013,0.005
cam1 extrinsics = 0.001,0.012,0.702,0.712 | -0.048,-0.014,0.004
q_GtoI = -0.728,-0.483,-0.403,0.271 | p_IinG = 0.456,0.520,0.590 | dist = 60.01 (meters)
bg = 0.0016,0.0268,0.0805 | ba = 0.0077,0.1557,0.0947
camera-imu timeoffset = 0.00006
cam0 intrinsics = 461.312,460.849,363.656,245.688 | -0.282,0.073,0.001,0.000
cam1 intrinsics = 458.974,458.600,376.603,252.803 | -0.279,0.070,0.001,-0.000
cam0 extrinsics = -0.002,0.009,0.702,0.712 | 0.064,-0.013,0.005
cam1 extrinsics = 0.001,0.012,0.702,0.712 | -0.047,-0.014,0.004
q_GtoI = -0.717,-0.497,-0.404,0.275 | p_IinG = 0.462,0.545,0.578 | dist = 60.04 (meters)
bg = 0.0016,0.0266,0.0807 | ba = 0.0089,0.1583,0.0975
camera-imu timeoffset = 0.00006
cam0 intrinsics = 461.311,460.845,363.649,245.696 | -0.282,0.073,0.001,0.000
cam1 intrinsics = 458.973,458.596,376.598,252.814 | -0.279,0.070,0.001,-0.000
cam0 extrinsics = -0.002,0.009,0.702,0.712 | 0.064,-0.013,0.005
cam1 extrinsics = 0.001,0.012,0.702,0.712 | -0.047,-0.014,0.004
q_GtoI = -0.701,-0.505,-0.415,0.287 | p_IinG = 0.463,0.571,0.568 | dist = 60.07 (meters)
bg = 0.0014,0.0258,0.0811 | ba = 0.0117,0.1654,0.1032
camera-imu timeoffset = 0.00007
cam0 intrinsics = 461.321,460.845,363.644,245.720 | -0.282,0.073,0.001,0.000
cam1 intrinsics = 458.982,458.592,376.595,252.833 | -0.279,0.070,0.001,-0.000
cam0 extrinsics = -0.003,0.009,0.702,0.712 | 0.064,-0.013,0.005
cam1 extrinsics = 0.001,0.012,0.702,0.712 | -0.047,-0.014,0.004
q_GtoI = -0.681,-0.506,-0.433,0.304 | p_IinG = 0.467,0.603,0.565 | dist = 60.11 (meters)
bg = 0.0014,0.0256,0.0813 | ba = 0.0123,0.1729,0.1083
camera-imu timeoffset = 0.00007
cam0 intrinsics = 461.337,460.852,363.649,245.734 | -0.282,0.073,0.001,0.000
cam1 intrinsics = 459.002,458.604,376.595,252.844 | -0.279,0.070,0.001,-0.000
cam0 extrinsics = -0.003,0.009,0.702,0.712 | 0.064,-0.014,0.005
cam1 extrinsics = 0.001,0.012,0.702,0.712 | -0.047,-0.014,0.004
q_GtoI = -0.663,-0.502,-0.451,0.323 | p_IinG = 0.469,0.649,0.559 | dist = 60.15 (meters)
bg = 0.0021,0.0257,0.0811 | ba = 0.0130,0.1784,0.1058
camera-imu timeoffset = 0.00007
cam0 intrinsics = 461.341,460.861,363.637,245.707 | -0.282,0.073,0.001,0.000
cam1 intrinsics = 459.007,458.611,376.594,252.797 | -0.279,0.070,0.001,-0.000
cam0 extrinsics = -0.003,0.009,0.702,0.712 | 0.064,-0.013,0.005
cam1 extrinsics = 0.001,0.012,0.702,0.712 | -0.047,-0.014,0.004
q_GtoI = -0.646,-0.496,-0.469,0.342 | p_IinG = 0.476,0.689,0.552 | dist = 60.19 (meters)
bg = 0.0020,0.0255,0.0812 | ba = 0.0134,0.1782,0.1052
camera-imu timeoffset = 0.00007
cam0 intrinsics = 461.338,460.858,363.633,245.694 | -0.282,0.073,0.001,0.000
cam1 intrinsics = 459.005,458.610,376.590,252.787 | -0.279,0.070,0.001,-0.000
cam0 extrinsics = -0.003,0.009,0.702,0.712 | 0.064,-0.013,0.005
cam1 extrinsics = 0.001,0.012,0.702,0.712 | -0.047,-0.014,0.004
q_GtoI = -0.631,-0.489,-0.484,0.360 | p_IinG = 0.482,0.728,0.549 | dist = 60.23 (meters)
bg = 0.0018,0.0254,0.0813 | ba = 0.0122,0.1802,0.1058
camera-imu timeoffset = 0.00007
cam0 intrinsics = 461.341,460.865,363.629,245.688 | -0.282,0.073,0.001,0.000
cam1 intrinsics = 459.010,458.617,376.587,252.781 | -0.279,0.070,0.001,-0.000
cam0 extrinsics = -0.002,0.009,0.702,0.712 | 0.064,-0.013,0.005
cam1 extrinsics = 0.001,0.012,0.702,0.712 | -0.047,-0.014,0.004
q_GtoI = -0.620,-0.483,-0.493,0.372 | p_IinG = 0.490,0.766,0.542 | dist = 60.27 (meters)
bg = 0.0018,0.0254,0.0814 | ba = 0.0126,0.1777,0.1054
camera-imu timeoffset = 0.00007
cam0 intrinsics = 461.341,460.863,363.620,245.684 | -0.282,0.073,0.001,0.000
cam1 intrinsics = 459.011,458.615,376.581,252.776 | -0.279,0.070,0.001,-0.000
cam0 extrinsics = -0.002,0.009,0.702,0.712 | 0.064,-0.013,0.005
cam1 extrinsics = 0.001,0.012,0.702,0.712 | -0.047,-0.014,0.004
q_GtoI = -0.613,-0.479,-0.499,0.380 | p_IinG = 0.497,0.802,0.535 | dist = 60.31 (meters)
bg = 0.0017,0.0253,0.0815 | ba = 0.0127,0.1743,0.1046
camera-imu timeoffset = 0.00007
cam0 intrinsics = 461.339,460.859,363.613,245.677 | -0.282,0.073,0.001,0.000
cam1 intrinsics = 459.010,458.611,376.576,252.768 | -0.279,0.070,0.001,-0.000
cam0 extrinsics = -0.002,0.009,0.702,0.712 | 0.064,-0.013,0.005
cam1 extrinsics = 0.001,0.012,0.702,0.712 | -0.047,-0.014,0.004
q_GtoI = -0.613,-0.479,-0.499,0.382 | p_IinG = 0.504,0.836,0.526 | dist = 60.34 (meters)
bg = 0.0017,0.0254,0.0815 | ba = 0.0128,0.1703,0.1039
camera-imu timeoffset = 0.00007
cam0 intrinsics = 461.336,460.853,363.604,245.670 | -0.282,0.073,0.001,0.000
cam1 intrinsics = 459.009,458.606,376.573,252.760 | -0.279,0.070,0.001,-0.000
cam0 extrinsics = -0.002,0.009,0.702,0.712 | 0.064,-0.013,0.005
cam1 extrinsics = 0.001,0.012,0.702,0.712 | -0.047,-0.014,0.004
q_GtoI = -0.620,-0.484,-0.490,0.375 | p_IinG = 0.513,0.867,0.515 | dist = 60.37 (meters)
bg = 0.0015,0.0253,0.0815 | ba = 0.0113,0.1622,0.1030
camera-imu timeoffset = 0.00006
cam0 intrinsics = 461.330,460.843,363.598,245.657 | -0.282,0.073,0.001,0.000
cam1 intrinsics = 459.004,458.596,376.570,252.746 | -0.279,0.070,0.001,-0.000
cam0 extrinsics = -0.002,0.009,0.702,0.712 | 0.064,-0.013,0.005
cam1 extrinsics = 0.001,0.012,0.702,0.712 | -0.047,-0.014,0.004
q_GtoI = -0.631,-0.494,-0.475,0.363 | p_IinG = 0.518,0.895,0.504 | dist = 60.40 (meters)
bg = 0.0014,0.0253,0.0816 | ba = 0.0112,0.1591,0.1027
camera-imu timeoffset = 0.00006
cam0 intrinsics = 461.327,460.838,363.590,245.655 | -0.282,0.073,0.001,0.000
cam1 intrinsics = 459.003,458.592,376.566,252.741 | -0.279,0.070,0.001,-0.000
cam0 extrinsics = -0.002,0.009,0.702,0.712 | 0.064,-0.013,0.005
cam1 extrinsics = 0.001,0.012,0.702,0.712 | -0.047,-0.014,0.004
q_GtoI = -0.645,-0.505,-0.456,0.347 | p_IinG = 0.521,0.922,0.492 | dist = 60.43 (meters)
bg = 0.0015,0.0252,0.0817 | ba = 0.0113,0.1572,0.1011
camera-imu timeoffset = 0.00006
cam0 intrinsics = 461.323,460.833,363.587,245.658 | -0.282,0.073,0.001,0.000
cam1 intrinsics = 458.998,458.587,376.564,252.741 | -0.279,0.070,0.001,-0.000
cam0 extrinsics = -0.002,0.009,0.702,0.712 | 0.064,-0.013,0.005
cam1 extrinsics = 0.001,0.012,0.702,0.712 | -0.047,-0.014,0.004
q_GtoI = -0.658,-0.516,-0.436,0.332 | p_IinG = 0.523,0.949,0.480 | dist = 60.46 (meters)
bg = 0.0016,0.0252,0.0819 | ba = 0.0105,0.1541,0.1011
camera-imu timeoffset = 0.00006
cam0 intrinsics = 461.311,460.817,363.586,245.662 | -0.282,0.073,0.001,0.000
cam1 intrinsics = 458.986,458.571,376.564,252.741 | -0.279,0.070,0.001,-0.000
cam0 extrinsics = -0.002,0.009,0.702,0.712 | 0.064,-0.013,0.005
cam1 extrinsics = 0.001,0.012,0.702,0.712 | -0.047,-0.014,0.004
q_GtoI = -0.668,-0.526,-0.421,0.317 | p_IinG = 0.525,0.975,0.471 | dist = 60.48 (meters)
bg = 0.0015,0.0249,0.0818 | ba = 0.0081,0.1529,0.1018
camera-imu timeoffset = 0.00007
cam0 intrinsics = 461.294,460.795,363.578,245.649 | -0.282,0.073,0.001,0.000
cam1 intrinsics = 458.971,458.549,376.555,252.729 | -0.279,0.070,0.001,-0.000
cam0 extrinsics = -0.002,0.009,0.702,0.712 | 0.064,-0.013,0.005
cam1 extrinsics = 0.001,0.012,0.702,0.712 | -0.047,-0.014,0.004
q_GtoI = -0.669,-0.535,-0.418,0.303 | p_IinG = 0.528,1.006,0.465 | dist = 60.52 (meters)
bg = 0.0015,0.0248,0.0819 | ba = 0.0056,0.1504,0.1022
camera-imu timeoffset = 0.00007
cam0 intrinsics = 461.286,460.786,363.580,245.652 | -0.282,0.072,0.001,0.000
cam1 intrinsics = 458.964,458.541,376.556,252.731 | -0.279,0.070,0.001,-0.000
cam0 extrinsics = -0.002,0.009,0.702,0.712 | 0.064,-0.013,0.005
cam1 extrinsics = 0.001,0.012,0.702,0.712 | -0.047,-0.014,0.004
q_GtoI = -0.663,-0.540,-0.425,0.297 | p_IinG = 0.531,1.036,0.461 | dist = 60.55 (meters)
bg = 0.0011,0.0243,0.0815 | ba = 0.0021,0.1528,0.1052
camera-imu timeoffset = 0.00008
cam0 intrinsics = 461.304,460.789,363.503,245.543 | -0.282,0.072,0.001,0.000
cam1 intrinsics = 458.980,458.543,376.456,252.617 | -0.279,0.070,0.001,-0.000
cam0 extrinsics = -0.002,0.009,0.702,0.712 | 0.064,-0.013,0.005
cam1 extrinsics = 0.001,0.012,0.702,0.712 | -0.047,-0.013,0.004
q_GtoI = -0.653,-0.542,-0.438,0.297 | p_IinG = 0.525,1.059,0.473 | dist = 60.59 (meters)
bg = 0.0006,0.0245,0.0808 | ba = -0.0042,0.1688,0.1123
camera-imu timeoffset = 0.00008
cam0 intrinsics = 461.291,460.774,363.471,245.501 | -0.282,0.072,0.001,0.000
cam1 intrinsics = 458.973,458.536,376.439,252.569 | -0.279,0.070,0.001,-0.000
cam0 extrinsics = -0.002,0.009,0.702,0.712 | 0.064,-0.013,0.005
cam1 extrinsics = 0.001,0.012,0.702,0.712 | -0.047,-0.013,0.004
q_GtoI = -0.641,-0.539,-0.455,0.303 | p_IinG = 0.523,1.101,0.472 | dist = 60.63 (meters)
bg = 0.0007,0.0245,0.0809 | ba = -0.0052,0.1672,0.1104
camera-imu timeoffset = 0.00008
cam0 intrinsics = 461.297,460.779,363.464,245.494 | -0.282,0.072,0.001,0.000
cam1 intrinsics = 458.980,458.542,376.437,252.563 | -0.279,0.070,0.001,-0.000
cam0 extrinsics = -0.002,0.009,0.702,0.712 | 0.064,-0.013,0.005
cam1 extrinsics = 0.001,0.012,0.702,0.712 | -0.047,-0.013,0.004
q_GtoI = -0.632,-0.529,-0.470,0.318 | p_IinG = 0.517,1.149,0.466 | dist = 60.67 (meters)
bg = 0.0010,0.0244,0.0808 | ba = -0.0035,0.1651,0.1075
camera-imu timeoffset = 0.00008
cam0 intrinsics = 461.317,460.789,363.459,245.461 | -0.282,0.072,0.001,0.000
cam1 intrinsics = 459.001,458.555,376.435,252.520 | -0.279,0.070,0.001,-0.000
cam0 extrinsics = -0.002,0.009,0.702,0.712 | 0.064,-0.013,0.005
cam1 extrinsics = 0.001,0.012,0.702,0.712 | -0.047,-0.013,0.004
q_GtoI = -0.620,-0.516,-0.486,0.336 | p_IinG = 0.512,1.195,0.464 | dist = 60.71 (meters)
bg = 0.0011,0.0245,0.0808 | ba = -0.0042,0.1631,0.1059
camera-imu timeoffset = 0.00008
cam0 intrinsics = 461.312,460.779,363.451,245.467 | -0.282,0.072,0.001,0.000
cam1 intrinsics = 458.993,458.542,376.427,252.533 | -0.279,0.070,0.001,-0.000
cam0 extrinsics = -0.002,0.009,0.702,0.712 | 0.064,-0.013,0.005
cam1 extrinsics = 0.001,0.012,0.702,0.712 | -0.047,-0.013,0.004
q_GtoI = -0.610,-0.501,-0.499,0.357 | p_IinG = 0.503,1.241,0.464 | dist = 60.76 (meters)
bg = 0.0011,0.0245,0.0808 | ba = -0.0076,0.1603,0.1030
camera-imu timeoffset = 0.00008
cam0 intrinsics = 461.322,460.792,363.447,245.426 | -0.282,0.072,0.001,0.000
cam1 intrinsics = 459.004,458.555,376.419,252.490 | -0.279,0.070,0.001,-0.000
cam0 extrinsics = -0.002,0.009,0.702,0.712 | 0.064,-0.013,0.005
cam1 extrinsics = 0.001,0.012,0.702,0.712 | -0.047,-0.013,0.004
q_GtoI = -0.603,-0.487,-0.509,0.375 | p_IinG = 0.492,1.285,0.464 | dist = 60.80 (meters)
bg = 0.0010,0.0246,0.0807 | ba = -0.0100,0.1582,0.1006
camera-imu timeoffset = 0.00008
cam0 intrinsics = 461.327,460.799,363.442,245.402 | -0.282,0.072,0.001,0.000
cam1 intrinsics = 459.009,458.561,376.413,252.463 | -0.279,0.070,0.001,-0.000
cam0 extrinsics = -0.002,0.009,0.702,0.712 | 0.064,-0.013,0.005
cam1 extrinsics = 0.001,0.012,0.702,0.712 | -0.047,-0.013,0.004
q_GtoI = -0.600,-0.475,-0.514,0.388 | p_IinG = 0.480,1.324,0.463 | dist = 60.84 (meters)
bg = 0.0009,0.0247,0.0807 | ba = -0.0108,0.1579,0.0999
camera-imu timeoffset = 0.00008
cam0 intrinsics = 461.328,460.802,363.452,245.398 | -0.282,0.072,0.001,0.000
cam1 intrinsics = 459.011,458.564,376.420,252.455 | -0.279,0.070,0.001,-0.000
cam0 extrinsics = -0.002,0.009,0.702,0.712 | 0.064,-0.013,0.005
cam1 extrinsics = 0.001,0.012,0.702,0.712 | -0.047,-0.013,0.004
q_GtoI = -0.598,-0.466,-0.516,0.399 | p_IinG = 0.466,1.357,0.463 | dist = 60.88 (meters)
bg = 0.0006,0.0249,0.0806 | ba = -0.0113,0.1590,0.0990
camera-imu timeoffset = 0.00008
cam0 intrinsics = 461.321,460.798,363.454,245.410 | -0.281,0.072,0.001,0.000
cam1 intrinsics = 459.004,458.561,376.425,252.463 | -0.279,0.069,0.001,-0.000
cam0 extrinsics = -0.002,0.009,0.702,0.712 | 0.064,-0.013,0.005
cam1 extrinsics = 0.001,0.012,0.702,0.712 | -0.047,-0.013,0.004
q_GtoI = -0.601,-0.460,-0.513,0.404 | p_IinG = 0.450,1.386,0.465 | dist = 60.91 (meters)
bg = 0.0005,0.0251,0.0804 | ba = -0.0122,0.1599,0.0992
camera-imu timeoffset = 0.00008
cam0 intrinsics = 461.305,460.788,363.460,245.425 | -0.281,0.072,0.001,0.000
cam1 intrinsics = 458.982,458.544,376.435,252.481 | -0.279,0.069,0.001,-0.000
cam0 extrinsics = -0.002,0.009,0.702,0.712 | 0.064,-0.013,0.004
cam1 extrinsics = 0.001,0.012,0.702,0.712 | -0.047,-0.013,0.004
q_GtoI = -0.607,-0.460,-0.507,0.404 | p_IinG = 0.434,1.410,0.463 | dist = 60.94 (meters)
bg = 0.0004,0.0251,0.0803 | ba = -0.0129,0.1595,0.0992
camera-imu timeoffset = 0.00008
cam0 intrinsics = 461.306,460.791,363.463,245.417 | -0.281,0.072,0.001,0.000
cam1 intrinsics = 458.981,458.546,376.438,252.471 | -0.279,0.069,0.001,-0.000
cam0 extrinsics = -0.002,0.009,0.702,0.712 | 0.064,-0.013,0.005
cam1 extrinsics = 0.001,0.012,0.702,0.712 | -0.047,-0.013,0.004
q_GtoI = -0.619,-0.464,-0.492,0.399 | p_IinG = 0.417,1.430,0.461 | dist = 60.97 (meters)
bg = 0.0003,0.0250,0.0802 | ba = -0.0134,0.1589,0.0986
camera-imu timeoffset = 0.00007
cam0 intrinsics = 461.306,460.791,363.475,245.411 | -0.281,0.072,0.001,0.000
cam1 intrinsics = 458.980,458.546,376.446,252.461 | -0.279,0.069,0.001,-0.000
cam0 extrinsics = -0.002,0.009,0.702,0.712 | 0.064,-0.013,0.005
cam1 extrinsics = 0.001,0.012,0.702,0.712 | -0.047,-0.013,0.004
q_GtoI = -0.630,-0.474,-0.481,0.384 | p_IinG = 0.399,1.447,0.458 | dist = 60.99 (meters)
bg = 0.0002,0.0249,0.0801 | ba = -0.0141,0.1578,0.0982
camera-imu timeoffset = 0.00007
cam0 intrinsics = 461.303,460.788,363.471,245.415 | -0.281,0.072,0.001,0.000
cam1 intrinsics = 458.977,458.544,376.444,252.461 | -0.279,0.069,0.001,-0.000
cam0 extrinsics = -0.002,0.009,0.702,0.712 | 0.064,-0.013,0.005
cam1 extrinsics = 0.001,0.012,0.702,0.712 | -0.047,-0.013,0.004
q_GtoI = -0.641,-0.483,-0.468,0.370 | p_IinG = 0.382,1.460,0.457 | dist = 61.02 (meters)
bg = -0.0000,0.0247,0.0800 | ba = -0.0152,0.1570,0.0980
camera-imu timeoffset = 0.00007
cam0 intrinsics = 461.298,460.783,363.469,245.415 | -0.281,0.072,0.001,0.000
cam1 intrinsics = 458.971,458.538,376.443,252.460 | -0.279,0.069,0.001,-0.000
cam0 extrinsics = -0.002,0.009,0.702,0.712 | 0.064,-0.013,0.005
cam1 extrinsics = 0.001,0.012,0.702,0.712 | -0.047,-0.013,0.004
q_GtoI = -0.649,-0.492,-0.458,0.356 | p_IinG = 0.365,1.472,0.455 | dist = 61.04 (meters)
bg = -0.0001,0.0244,0.0800 | ba = -0.0160,0.1556,0.0980
camera-imu timeoffset = 0.00007
cam0 intrinsics = 461.294,460.777,363.476,245.411 | -0.281,0.072,0.001,0.000
cam1 intrinsics = 458.969,458.533,376.448,252.453 | -0.279,0.069,0.001,-0.000
cam0 extrinsics = -0.002,0.009,0.702,0.712 | 0.064,-0.013,0.005
cam1 extrinsics = 0.001,0.012,0.702,0.712 | -0.047,-0.013,0.004
q_GtoI = -0.655,-0.497,-0.452,0.345 | p_IinG = 0.346,1.481,0.450 | dist = 61.06 (meters)
bg = -0.0003,0.0237,0.0799 | ba = -0.0172,0.1567,0.1001
camera-imu timeoffset = 0.00008
cam0 intrinsics = 461.330,460.799,363.343,245.297 | -0.281,0.072,0.001,0.000
cam1 intrinsics = 459.006,458.559,376.314,252.325 | -0.279,0.069,0.001,-0.000
cam0 extrinsics = -0.002,0.009,0.702,0.712 | 0.064,-0.013,0.005
cam1 extrinsics = 0.001,0.012,0.702,0.712 | -0.047,-0.013,0.004
q_GtoI = -0.658,-0.501,-0.449,0.338 | p_IinG = 0.329,1.494,0.451 | dist = 61.08 (meters)
bg = -0.0004,0.0234,0.0798 | ba = -0.0175,0.1555,0.0997
camera-imu timeoffset = 0.00008
cam0 intrinsics = 461.324,460.797,363.336,245.310 | -0.281,0.072,0.001,0.000
cam1 intrinsics = 459.008,458.564,376.298,252.322 | -0.279,0.069,0.001,-0.000
cam0 extrinsics = -0.002,0.009,0.702,0.712 | 0.064,-0.013,0.005
cam1 extrinsics = 0.001,0.012,0.702,0.712 | -0.047,-0.013,0.004
q_GtoI = -0.656,-0.501,-0.453,0.337 | p_IinG = 0.311,1.506,0.454 | dist = 61.11 (meters)
bg = -0.0005,0.0230,0.0798 | ba = -0.0179,0.1541,0.1003
camera-imu timeoffset = 0.00008
cam0 intrinsics = 461.328,460.802,363.308,245.290 | -0.281,0.072,0.001,0.000
cam1 intrinsics = 459.014,458.570,376.267,252.294 | -0.279,0.069,0.001,-0.000
cam0 extrinsics = -0.002,0.009,0.702,0.712 | 0.064,-0.013,0.005
cam1 extrinsics = 0.001,0.012,0.702,0.712 | -0.047,-0.013,0.004
q_GtoI = -0.645,-0.495,-0.469,0.345 | p_IinG = 0.297,1.520,0.462 | dist = 61.13 (meters)
bg = -0.0007,0.0229,0.0800 | ba = -0.0169,0.1513,0.1004
camera-imu timeoffset = 0.00008
cam0 intrinsics = 461.335,460.812,363.283,245.288 | -0.281,0.072,0.001,0.000
cam1 intrinsics = 459.022,458.582,376.241,252.282 | -0.279,0.069,0.001,-0.000
cam0 extrinsics = -0.002,0.009,0.702,0.712 | 0.064,-0.013,0.005
cam1 extrinsics = 0.001,0.012,0.702,0.712 | -0.047,-0.013,0.004
q_GtoI = -0.632,-0.484,-0.487,0.358 | p_IinG = 0.278,1.538,0.475 | dist = 61.16 (meters)
bg = -0.0009,0.0234,0.0802 | ba = -0.0173,0.1511,0.0997
camera-imu timeoffset = 0.00008
cam0 intrinsics = 461.335,460.814,363.236,245.277 | -0.281,0.072,0.001,0.000
cam1 intrinsics = 459.021,458.581,376.210,252.285 | -0.279,0.069,0.001,-0.000
cam0 extrinsics = -0.002,0.009,0.702,0.712 | 0.064,-0.013,0.005
cam1 extrinsics = 0.002,0.012,0.702,0.712 | -0.047,-0.013,0.004
q_GtoI = -0.615,-0.472,-0.510,0.373 | p_IinG = 0.257,1.554,0.486 | dist = 61.19 (meters)
bg = -0.0006,0.0234,0.0801 | ba = -0.0159,0.1519,0.0994
camera-imu timeoffset = 0.00008
cam0 intrinsics = 461.329,460.805,363.211,245.272 | -0.281,0.072,0.001,0.000
cam1 intrinsics = 459.015,458.571,376.184,252.287 | -0.279,0.069,0.001,-0.000
cam0 extrinsics = -0.002,0.009,0.702,0.712 | 0.064,-0.013,0.005
cam1 extrinsics = 0.002,0.012,0.702,0.712 | -0.047,-0.013,0.004
q_GtoI = -0.601,-0.460,-0.526,0.387 | p_IinG = 0.233,1.566,0.496 | dist = 61.22 (meters)
bg = -0.0004,0.0234,0.0802 | ba = -0.0146,0.1529,0.0992
camera-imu timeoffset = 0.00008
cam0 intrinsics = 461.337,460.811,363.190,245.264 | -0.281,0.072,0.001,0.000
cam1 intrinsics = 459.021,458.574,376.161,252.280 | -0.279,0.069,0.001,-0.000
cam0 extrinsics = -0.002,0.009,0.702,0.712 | 0.064,-0.013,0.005
cam1 extrinsics = 0.002,0.012,0.702,0.712 | -0.047,-0.013,0.004
q_GtoI = -0.594,-0.452,-0.535,0.398 | p_IinG = 0.207,1.573,0.505 | dist = 61.24 (meters)
bg = -0.0002,0.0232,0.0802 | ba = -0.0147,0.1531,0.0995
camera-imu timeoffset = 0.00008
cam0 intrinsics = 461.341,460.814,363.182,245.264 | -0.281,0.072,0.001,0.000
cam1 intrinsics = 459.025,458.578,376.152,252.286 | -0.279,0.069,0.001,-0.000
cam0 extrinsics = -0.002,0.009,0.702,0.712 | 0.065,-0.013,0.005
cam1 extrinsics = 0.002,0.012,0.702,0.712 | -0.047,-0.013,0.004
q_GtoI = -0.594,-0.449,-0.533,0.402 | p_IinG = 0.180,1.575,0.512 | dist = 61.27 (meters)
bg = -0.0002,0.0231,0.0801 | ba = -0.0154,0.1531,0.0997
camera-imu timeoffset = 0.00008
cam0 intrinsics = 461.343,460.816,363.180,245.266 | -0.281,0.072,0.001,0.000
cam1 intrinsics = 459.027,458.581,376.149,252.290 | -0.279,0.069,0.001,-0.000
cam0 extrinsics = -0.002,0.009,0.702,0.712 | 0.065,-0.013,0.005
cam1 extrinsics = 0.002,0.012,0.702,0.712 | -0.047,-0.013,0.004
q_GtoI = -0.603,-0.454,-0.522,0.397 | p_IinG = 0.152,1.570,0.517 | dist = 61.30 (meters)
bg = -0.0002,0.0230,0.0799 | ba = -0.0145,0.1527,0.0995
camera-imu timeoffset = 0.00008
cam0 intrinsics = 461.343,460.818,363.180,245.267 | -0.281,0.072,0.001,0.000
cam1 intrinsics = 459.028,458.582,376.149,252.290 | -0.279,0.069,0.001,-0.000
cam0 extrinsics = -0.002,0.009,0.702,0.712 | 0.065,-0.013,0.005
cam1 extrinsics = 0.002,0.012,0.702,0.712 | -0.047,-0.013,0.004
q_GtoI = -0.618,-0.461,-0.503,0.390 | p_IinG = 0.123,1.562,0.521 | dist = 61.33 (meters)
bg = -0.0002,0.0230,0.0797 | ba = -0.0144,0.1520,0.0990
camera-imu timeoffset = 0.00008
cam0 intrinsics = 461.342,460.818,363.180,245.266 | -0.281,0.072,0.001,0.000
cam1 intrinsics = 459.027,458.583,376.150,252.290 | -0.279,0.069,0.001,-0.000
cam0 extrinsics = -0.002,0.009,0.702,0.712 | 0.065,-0.013,0.005
cam1 extrinsics = 0.002,0.012,0.702,0.712 | -0.047,-0.013,0.004
q_GtoI = -0.633,-0.471,-0.483,0.379 | p_IinG = 0.093,1.550,0.525 | dist = 61.36 (meters)
bg = -0.0002,0.0229,0.0796 | ba = -0.0158,0.1510,0.0984
camera-imu timeoffset = 0.00008
cam0 intrinsics = 461.340,460.815,363.179,245.267 | -0.281,0.072,0.001,0.000
cam1 intrinsics = 459.026,458.581,376.149,252.291 | -0.279,0.069,0.001,-0.000
cam0 extrinsics = -0.002,0.009,0.702,0.712 | 0.065,-0.013,0.005
cam1 extrinsics = 0.002,0.012,0.702,0.712 | -0.047,-0.013,0.004
q_GtoI = -0.645,-0.483,-0.464,0.368 | p_IinG = 0.063,1.537,0.527 | dist = 61.40 (meters)
bg = -0.0002,0.0228,0.0797 | ba = -0.0159,0.1502,0.0981
camera-imu timeoffset = 0.00008
cam0 intrinsics = 461.340,460.814,363.178,245.268 | -0.281,0.072,0.001,0.000
cam1 intrinsics = 459.027,458.580,376.147,252.291 | -0.279,0.069,0.001,-0.000
cam0 extrinsics = -0.002,0.009,0.702,0.712 | 0.065,-0.013,0.005
cam1 extrinsics = 0.002,0.012,0.702,0.712 | -0.047,-0.013,0.004
q_GtoI = -0.652,-0.495,-0.450,0.356 | p_IinG = 0.032,1.523,0.528 | dist = 61.43 (meters)
bg = -0.0002,0.0228,0.0799 | ba = -0.0147,0.1500,0.0984
camera-imu timeoffset = 0.00008
cam0 intrinsics = 461.337,460.811,363.181,245.263 | -0.281,0.072,0.001,0.000
cam1 intrinsics = 459.025,458.578,376.150,252.288 | -0.279,0.069,0.001,-0.000
cam0 extrinsics = -0.002,0.009,0.702,0.712 | 0.065,-0.013,0.005
cam1 extrinsics = 0.002,0.012,0.702,0.712 | -0.047,-0.013,0.004
q_GtoI = -0.652,-0.505,-0.444,0.350 | p_IinG = 0.002,1.510,0.530 | dist = 61.46 (meters)
bg = -0.0002,0.0230,0.0800 | ba = -0.0138,0.1505,0.0986
camera-imu timeoffset = 0.00008
cam0 intrinsics = 461.335,460.811,363.179,245.264 | -0.281,0.072,0.001,0.000
cam1 intrinsics = 459.023,458.579,376.150,252.289 | -0.279,0.069,0.001,-0.000
cam0 extrinsics = -0.002,0.009,0.702,0.712 | 0.065,-0.013,0.005
cam1 extrinsics = 0.002,0.012,0.702,0.712 | -0.047,-0.013,0.004
q_GtoI = -0.646,-0.509,-0.447,0.351 | p_IinG = -0.028,1.498,0.531 | dist = 61.50 (meters)
bg = -0.0002,0.0230,0.0802 | ba = -0.0127,0.1511,0.0990
camera-imu timeoffset = 0.00008
cam0 intrinsics = 461.335,460.812,363.170,245.260 | -0.281,0.072,0.001,0.000
cam1 intrinsics = 459.023,458.580,376.143,252.283 | -0.279,0.069,0.001,-0.000
cam0 extrinsics = -0.002,0.009,0.702,0.712 | 0.065,-0.013,0.005
cam1 extrinsics = 0.002,0.012,0.702,0.712 | -0.047,-0.013,0.004
q_GtoI = -0.634,-0.507,-0.460,0.360 | p_IinG = -0.058,1.486,0.532 | dist = 61.53 (meters)
bg = -0.0002,0.0230,0.0803 | ba = -0.0115,0.1512,0.0998
camera-imu timeoffset = 0.00008
cam0 intrinsics = 461.334,460.810,363.168,245.256 | -0.281,0.072,0.001,0.000
cam1 intrinsics = 459.022,458.578,376.141,252.279 | -0.279,0.069,0.001,-0.000
cam0 extrinsics = -0.002,0.009,0.702,0.712 | 0.065,-0.013,0.005
cam1 extrinsics = 0.002,0.012,0.702,0.712 | -0.047,-0.013,0.004
q_GtoI = -0.617,-0.501,-0.478,0.373 | p_IinG = -0.088,1.473,0.531 | dist = 61.56 (meters)
bg = -0.0003,0.0228,0.0803 | ba = -0.0092,0.1510,0.1008
camera-imu timeoffset = 0.00008
cam0 intrinsics = 461.332,460.805,363.164,245.250 | -0.281,0.072,0.001,0.000
cam1 intrinsics = 459.020,458.574,376.138,252.274 | -0.279,0.069,0.001,-0.000
cam0 extrinsics = -0.002,0.009,0.702,0.712 | 0.065,-0.013,0.005
cam1 extrinsics = 0.002,0.012,0.702,0.712 | -0.047,-0.013,0.005
q_GtoI = -0.603,-0.492,-0.493,0.389 | p_IinG = -0.118,1.456,0.525 | dist = 61.59 (meters)
bg = -0.0004,0.0226,0.0803 | ba = -0.0056,0.1509,0.1015
camera-imu timeoffset = 0.00008
cam0 intrinsics = 461.328,460.794,363.160,245.247 | -0.281,0.072,0.001,0.000
cam1 intrinsics = 459.016,458.562,376.135,252.269 | -0.279,0.069,0.001,-0.000
cam0 extrinsics = -0.002,0.009,0.702,0.712 | 0.065,-0.013,0.005
cam1 extrinsics = 0.002,0.012,0.702,0.712 | -0.047,-0.013,0.005
q_GtoI = -0.591,-0.486,-0.505,0.401 | p_IinG = -0.149,1.436,0.514 | dist = 61.63 (meters)
bg = -0.0004,0.0223,0.0802 | ba = -0.0028,0.1494,0.1024
camera-imu timeoffset = 0.00008
cam0 intrinsics = 461.324,460.789,363.156,245.243 | -0.281,0.072,0.001,0.000
cam1 intrinsics = 459.013,458.559,376.131,252.266 | -0.279,0.069,0.001,-0.000
cam0 extrinsics = -0.002,0.009,0.702,0.712 | 0.065,-0.012,0.005
cam1 extrinsics = 0.002,0.012,0.702,0.712 | -0.047,-0.013,0.005
q_GtoI = -0.586,-0.483,-0.508,0.406 | p_IinG = -0.182,1.414,0.503 | dist = 61.67 (meters)
bg = -0.0003,0.0222,0.0799 | ba = -0.0018,0.1509,0.1032
camera-imu timeoffset = 0.00008
cam0 intrinsics = 461.300,460.759,363.139,245.259 | -0.281,0.072,0.001,0.000
cam1 intrinsics = 458.993,458.531,376.125,252.277 | -0.279,0.069,0.001,-0.000
cam0 extrinsics = -0.002,0.009,0.702,0.712 | 0.065,-0.012,0.005
cam1 extrinsics = 0.002,0.012,0.702,0.712 | -0.047,-0.013,0.005
q_GtoI = -0.590,-0.487,-0.502,0.403 | p_IinG = -0.216,1.390,0.487 | dist = 61.71 (meters)
bg = -0.0003,0.0224,0.0799 | ba = 0.0004,0.1517,0.1031
camera-imu timeoffset = 0.00009
cam0 intrinsics = 461.299,460.759,363.135,245.256 | -0.281,0.072,0.001,0.000
cam1 intrinsics = 458.994,458.532,376.124,252.271 | -0.279,0.069,0.001,-0.000
cam0 extrinsics = -0.002,0.009,0.702,0.712 | 0.065,-0.012,0.005
cam1 extrinsics = 0.002,0.012,0.702,0.712 | -0.047,-0.012,0.005
q_GtoI = -0.600,-0.498,-0.489,0.391 | p_IinG = -0.249,1.364,0.469 | dist = 61.76 (meters)
bg = -0.0004,0.0227,0.0799 | ba = 0.0029,0.1516,0.1028
camera-imu timeoffset = 0.00009
cam0 intrinsics = 461.301,460.763,363.130,245.252 | -0.281,0.072,0.001,0.000
cam1 intrinsics = 458.996,458.538,376.123,252.271 | -0.279,0.069,0.001,-0.000
cam0 extrinsics = -0.002,0.009,0.702,0.712 | 0.065,-0.012,0.005
cam1 extrinsics = 0.002,0.012,0.702,0.712 | -0.047,-0.012,0.005
q_GtoI = -0.614,-0.510,-0.471,0.375 | p_IinG = -0.282,1.336,0.449 | dist = 61.81 (meters)
bg = -0.0005,0.0231,0.0799 | ba = 0.0038,0.1514,0.1019
camera-imu timeoffset = 0.00009
cam0 intrinsics = 461.299,460.762,363.129,245.257 | -0.281,0.072,0.001,0.000
cam1 intrinsics = 458.994,458.536,376.121,252.271 | -0.279,0.069,0.001,-0.000
cam0 extrinsics = -0.002,0.009,0.702,0.712 | 0.065,-0.012,0.005
cam1 extrinsics = 0.002,0.012,0.702,0.712 | -0.047,-0.012,0.005
q_GtoI = -0.628,-0.523,-0.451,0.359 | p_IinG = -0.316,1.307,0.427 | dist = 61.87 (meters)
bg = -0.0006,0.0235,0.0800 | ba = 0.0058,0.1515,0.1012
camera-imu timeoffset = 0.00009
cam0 intrinsics = 461.295,460.762,363.123,245.265 | -0.281,0.072,0.001,0.000
cam1 intrinsics = 458.989,458.535,376.115,252.278 | -0.279,0.069,0.001,-0.000
cam0 extrinsics = -0.002,0.009,0.702,0.712 | 0.065,-0.012,0.005
cam1 extrinsics = 0.001,0.012,0.702,0.712 | -0.047,-0.012,0.005
q_GtoI = -0.640,-0.534,-0.433,0.343 | p_IinG = -0.349,1.277,0.404 | dist = 61.92 (meters)
bg = -0.0008,0.0238,0.0800 | ba = 0.0071,0.1507,0.1005
camera-imu timeoffset = 0.00009
cam0 intrinsics = 461.286,460.756,363.112,245.275 | -0.281,0.072,0.001,0.000
cam1 intrinsics = 458.978,458.529,376.106,252.288 | -0.278,0.069,0.001,-0.000
cam0 extrinsics = -0.002,0.009,0.702,0.712 | 0.065,-0.012,0.005
cam1 extrinsics = 0.001,0.012,0.702,0.712 | -0.047,-0.012,0.004
q_GtoI = -0.650,-0.542,-0.418,0.329 | p_IinG = -0.383,1.247,0.379 | dist = 61.97 (meters)
bg = -0.0010,0.0239,0.0800 | ba = 0.0069,0.1503,0.1007
camera-imu timeoffset = 0.00009
cam0 intrinsics = 461.285,460.756,363.105,245.273 | -0.281,0.072,0.001,0.000
cam1 intrinsics = 458.977,458.529,376.096,252.287 | -0.278,0.069,0.001,-0.000
cam0 extrinsics = -0.002,0.009,0.702,0.712 | 0.065,-0.012,0.005
cam1 extrinsics = 0.002,0.012,0.702,0.712 | -0.047,-0.012,0.004
q_GtoI = -0.655,-0.546,-0.412,0.322 | p_IinG = -0.417,1.221,0.355 | dist = 62.02 (meters)
bg = -0.0014,0.0239,0.0799 | ba = 0.0064,0.1502,0.1008
camera-imu timeoffset = 0.00009
cam0 intrinsics = 461.286,460.757,363.092,245.264 | -0.281,0.072,0.001,0.000
cam1 intrinsics = 458.978,458.530,376.079,252.277 | -0.278,0.069,0.001,-0.000
cam0 extrinsics = -0.002,0.009,0.702,0.712 | 0.065,-0.012,0.005
cam1 extrinsics = 0.002,0.012,0.702,0.712 | -0.047,-0.012,0.004
q_GtoI = -0.652,-0.544,-0.417,0.325 | p_IinG = -0.451,1.199,0.336 | dist = 62.07 (meters)
bg = -0.0017,0.0241,0.0799 | ba = 0.0073,0.1503,0.1005
camera-imu timeoffset = 0.00009
cam0 intrinsics = 461.287,460.758,363.081,245.253 | -0.281,0.072,0.001,0.000
cam1 intrinsics = 458.979,458.531,376.064,252.266 | -0.278,0.069,0.001,-0.000
cam0 extrinsics = -0.002,0.009,0.702,0.712 | 0.065,-0.012,0.005
cam1 extrinsics = 0.002,0.012,0.702,0.712 | -0.046,-0.012,0.004
q_GtoI = -0.644,-0.537,-0.430,0.334 | p_IinG = -0.484,1.181,0.319 | dist = 62.11 (meters)
bg = -0.0019,0.0243,0.0799 | ba = 0.0086,0.1506,0.0998
camera-imu timeoffset = 0.00008
cam0 intrinsics = 461.286,460.755,363.079,245.245 | -0.281,0.072,0.001,0.000
cam1 intrinsics = 458.977,458.528,376.061,252.258 | -0.278,0.069,0.001,-0.000
cam0 extrinsics = -0.002,0.009,0.702,0.712 | 0.065,-0.012,0.005
cam1 extrinsics = 0.002,0.012,0.702,0.712 | -0.046,-0.012,0.005
q_GtoI = -0.631,-0.527,-0.450,0.348 | p_IinG = -0.517,1.169,0.307 | dist = 62.15 (meters)
bg = -0.0022,0.0247,0.0801 | ba = 0.0107,0.1508,0.0982
camera-imu timeoffset = 0.00008
cam0 intrinsics = 461.274,460.741,363.077,245.273 | -0.281,0.072,0.001,0.000
cam1 intrinsics = 458.970,458.518,376.055,252.279 | -0.278,0.069,0.001,-0.000
cam0 extrinsics = -0.002,0.009,0.702,0.712 | 0.065,-0.012,0.005
cam1 extrinsics = 0.002,0.012,0.702,0.712 | -0.046,-0.012,0.005
q_GtoI = -0.618,-0.514,-0.470,0.366 | p_IinG = -0.552,1.157,0.295 | dist = 62.19 (meters)
bg = -0.0023,0.0251,0.0802 | ba = 0.0116,0.1517,0.0971
camera-imu timeoffset = 0.00008
cam0 intrinsics = 461.276,460.739,363.084,245.256 | -0.281,0.072,0.001,0.000
cam1 intrinsics = 458.971,458.516,376.062,252.263 | -0.278,0.069,0.001,-0.000
cam0 extrinsics = -0.002,0.009,0.702,0.712 | 0.065,-0.012,0.005
cam1 extrinsics = 0.002,0.012,0.702,0.712 | -0.046,-0.012,0.005
q_GtoI = -0.608,-0.502,-0.484,0.380 | p_IinG = -0.591,1.147,0.282 | dist = 62.23 (meters)
bg = -0.0022,0.0255,0.0801 | ba = 0.0121,0.1535,0.0957
camera-imu timeoffset = 0.00008
cam0 intrinsics = 461.281,460.740,363.090,245.227 | -0.281,0.072,0.001,0.000
cam1 intrinsics = 458.981,458.521,376.074,252.231 | -0.278,0.069,0.001,-0.000
cam0 extrinsics = -0.002,0.009,0.702,0.712 | 0.065,-0.012,0.005
cam1 extrinsics = 0.002,0.012,0.702,0.712 | -0.046,-0.012,0.005
q_GtoI = -0.605,-0.492,-0.488,0.392 | p_IinG = -0.630,1.135,0.268 | dist = 62.28 (meters)
bg = -0.0021,0.0260,0.0801 | ba = 0.0128,0.1547,0.0945
camera-imu timeoffset = 0.00008
cam0 intrinsics = 461.279,460.737,363.091,245.218 | -0.281,0.072,0.001,0.000
cam1 intrinsics = 458.980,458.520,376.077,252.220 | -0.278,0.069,0.001,-0.000
cam0 extrinsics = -0.002,0.009,0.702,0.712 | 0.065,-0.012,0.005
cam1 extrinsics = 0.002,0.012,0.702,0.712 | -0.046,-0.012,0.005
q_GtoI = -0.613,-0.492,-0.480,0.391 | p_IinG = -0.669,1.120,0.250 | dist = 62.33 (meters)
bg = -0.0021,0.0263,0.0802 | ba = 0.0117,0.1550,0.0940
camera-imu timeoffset = 0.00008
cam0 intrinsics = 461.282,460.738,363.094,245.207 | -0.281,0.072,0.001,0.000
cam1 intrinsics = 458.983,458.521,376.081,252.206 | -0.278,0.069,0.001,-0.000
cam0 extrinsics = -0.002,0.009,0.702,0.712 | 0.065,-0.012,0.005
cam1 extrinsics = 0.002,0.012,0.702,0.712 | -0.046,-0.012,0.005
q_GtoI = -0.624,-0.497,-0.467,0.382 | p_IinG = -0.710,1.101,0.230 | dist = 62.38 (meters)
bg = -0.0021,0.0265,0.0801 | ba = 0.0129,0.1560,0.0931
camera-imu timeoffset = 0.00008
cam0 intrinsics = 461.278,460.734,363.081,245.211 | -0.281,0.072,0.001,0.000
cam1 intrinsics = 458.977,458.517,376.075,252.205 | -0.278,0.069,0.001,-0.000
cam0 extrinsics = -0.002,0.009,0.702,0.712 | 0.065,-0.012,0.005
cam1 extrinsics = 0.002,0.012,0.702,0.712 | -0.046,-0.012,0.005
q_GtoI = -0.639,-0.507,-0.449,0.365 | p_IinG = -0.750,1.078,0.204 | dist = 62.43 (meters)
bg = -0.0022,0.0262,0.0800 | ba = 0.0146,0.1551,0.0925
camera-imu timeoffset = 0.00008
cam0 intrinsics = 461.288,460.750,363.084,245.201 | -0.281,0.072,0.001,0.000
cam1 intrinsics = 458.988,458.534,376.079,252.192 | -0.278,0.069,0.001,-0.000
cam0 extrinsics = -0.002,0.009,0.702,0.712 | 0.065,-0.012,0.005
cam1 extrinsics = 0.002,0.012,0.702,0.712 | -0.046,-0.012,0.005
q_GtoI = -0.652,-0.517,-0.432,0.349 | p_IinG = -0.789,1.056,0.182 | dist = 62.48 (meters)
bg = -0.0023,0.0261,0.0799 | ba = 0.0146,0.1548,0.0924
camera-imu timeoffset = 0.00008
cam0 intrinsics = 461.296,460.759,363.087,245.201 | -0.281,0.072,0.001,0.000
cam1 intrinsics = 458.995,458.541,376.082,252.192 | -0.279,0.069,0.001,-0.000
cam0 extrinsics = -0.002,0.009,0.702,0.712 | 0.065,-0.012,0.005
cam1 extrinsics = 0.002,0.012,0.702,0.712 | -0.046,-0.012,0.005
q_GtoI = -0.663,-0.526,-0.416,0.332 | p_IinG = -0.832,1.035,0.158 | dist = 62.52 (meters)
bg = -0.0023,0.0258,0.0798 | ba = 0.0145,0.1552,0.0902
camera-imu timeoffset = 0.00008
cam0 intrinsics = 461.321,460.779,363.091,245.159 | -0.281,0.072,0.001,0.000
cam1 intrinsics = 459.021,458.559,376.076,252.151 | -0.279,0.069,0.001,-0.000
cam0 extrinsics = -0.002,0.009,0.702,0.712 | 0.065,-0.011,0.006
cam1 extrinsics = 0.002,0.012,0.702,0.712 | -0.047,-0.012,0.005
q_GtoI = -0.670,-0.531,-0.407,0.321 | p_IinG = -0.870,1.018,0.140 | dist = 62.57 (meters)
bg = -0.0023,0.0257,0.0798 | ba = 0.0155,0.1551,0.0893
camera-imu timeoffset = 0.00008
cam0 intrinsics = 461.331,460.783,363.097,245.155 | -0.281,0.072,0.001,0.000
cam1 intrinsics = 459.033,458.564,376.080,252.145 | -0.279,0.069,0.001,-0.000
cam0 extrinsics = -0.002,0.009,0.702,0.712 | 0.065,-0.011,0.006
cam1 extrinsics = 0.002,0.012,0.702,0.712 | -0.047,-0.011,0.005
q_GtoI = -0.668,-0.534,-0.411,0.317 | p_IinG = -0.905,1.005,0.124 | dist = 62.61 (meters)
bg = -0.0025,0.0253,0.0798 | ba = 0.0171,0.1531,0.0876
camera-imu timeoffset = 0.00008
cam0 intrinsics = 461.331,460.771,363.112,245.141 | -0.281,0.072,0.001,0.000
cam1 intrinsics = 459.033,458.553,376.093,252.133 | -0.279,0.069,0.001,-0.000
cam0 extrinsics = -0.002,0.009,0.702,0.712 | 0.065,-0.011,0.005
cam1 extrinsics = 0.002,0.012,0.702,0.712 | -0.047,-0.011,0.005
q_GtoI = -0.661,-0.531,-0.422,0.322 | p_IinG = -0.938,0.998,0.116 | dist = 62.65 (meters)
bg = -0.0031,0.0254,0.0799 | ba = 0.0184,0.1522,0.0845
camera-imu timeoffset = 0.00009
cam0 intrinsics = 461.336,460.769,363.129,245.140 | -0.281,0.072,0.001,0.000
cam1 intrinsics = 459.039,458.551,376.109,252.130 | -0.279,0.069,0.001,-0.000
cam0 extrinsics = -0.002,0.009,0.702,0.712 | 0.065,-0.011,0.005
cam1 extrinsics = 0.002,0.012,0.702,0.712 | -0.047,-0.011,0.005
q_GtoI = -0.649,-0.522,-0.440,0.335 | p_IinG = -0.978,0.994,0.116 | dist = 62.69 (meters)
bg = -0.0030,0.0260,0.0797 | ba = 0.0137,0.1555,0.0893
camera-imu timeoffset = 0.00009
cam0 intrinsics = 461.354,460.808,363.101,245.140 | -0.281,0.072,0.001,0.000
cam1 intrinsics = 459.059,458.593,376.071,252.137 | -0.279,0.069,0.001,-0.000
cam0 extrinsics = -0.002,0.009,0.702,0.712 | 0.064,-0.011,0.006
cam1 extrinsics = 0.002,0.012,0.702,0.712 | -0.047,-0.011,0.005
q_GtoI = -0.637,-0.510,-0.459,0.352 | p_IinG = -1.017,0.992,0.110 | dist = 62.72 (meters)
bg = -0.0029,0.0261,0.0797 | ba = 0.0151,0.1561,0.0894
camera-imu timeoffset = 0.00008
cam0 intrinsics = 461.364,460.813,363.107,245.122 | -0.281,0.072,0.001,0.000
cam1 intrinsics = 459.071,458.598,376.068,252.118 | -0.279,0.069,0.001,-0.000
cam0 extrinsics = -0.002,0.009,0.702,0.712 | 0.064,-0.011,0.006
cam1 extrinsics = 0.002,0.012,0.702,0.712 | -0.047,-0.011,0.005
q_GtoI = -0.624,-0.495,-0.476,0.373 | p_IinG = -1.056,0.989,0.107 | dist = 62.76 (meters)
bg = -0.0028,0.0259,0.0798 | ba = 0.0135,0.1564,0.0909
camera-imu timeoffset = 0.00008
cam0 intrinsics = 461.374,460.822,363.113,245.094 | -0.281,0.072,0.001,0.000
cam1 intrinsics = 459.082,458.609,376.073,252.090 | -0.279,0.069,0.001,-0.000
cam0 extrinsics = -0.002,0.009,0.702,0.712 | 0.064,-0.010,0.006
cam1 extrinsics = 0.002,0.012,0.702,0.712 | -0.047,-0.011,0.005
q_GtoI = -0.614,-0.484,-0.488,0.389 | p_IinG = -1.096,0.985,0.105 | dist = 62.80 (meters)
bg = -0.0026,0.0257,0.0799 | ba = 0.0125,0.1580,0.0920
camera-imu timeoffset = 0.00008
cam0 intrinsics = 461.370,460.799,363.124,245.065 | -0.281,0.072,0.001,0.000
cam1 intrinsics = 459.083,458.592,376.085,252.055 | -0.279,0.069,0.001,-0.000
cam0 extrinsics = -0.002,0.009,0.702,0.712 | 0.065,-0.010,0.006
cam1 extrinsics = 0.002,0.012,0.702,0.712 | -0.046,-0.010,0.005
q_GtoI = -0.614,-0.477,-0.487,0.398 | p_IinG = -1.136,0.978,0.103 | dist = 62.84 (meters)
bg = -0.0025,0.0257,0.0800 | ba = 0.0102,0.1591,0.0933
camera-imu timeoffset = 0.00008
cam0 intrinsics = 461.368,460.793,363.129,245.055 | -0.281,0.072,0.001,0.000
cam1 intrinsics = 459.084,458.588,376.092,252.046 | -0.279,0.069,0.001,-0.000
cam0 extrinsics = -0.002,0.009,0.702,0.712 | 0.065,-0.010,0.006
cam1 extrinsics = 0.002,0.012,0.702,0.712 | -0.046,-0.010,0.005
q_GtoI = -0.623,-0.477,-0.473,0.400 | p_IinG = -1.178,0.968,0.095 | dist = 62.88 (meters)
bg = -0.0025,0.0258,0.0797 | ba = 0.0102,0.1598,0.0934
camera-imu timeoffset = 0.00008
cam0 intrinsics = 461.380,460.807,363.139,245.010 | -0.281,0.072,0.001,0.000
cam1 intrinsics = 459.095,458.600,376.099,252.003 | -0.279,0.069,0.001,-0.000
cam0 extrinsics = -0.002,0.009,0.702,0.712 | 0.065,-0.010,0.006
cam1 extrinsics = 0.002,0.012,0.702,0.712 | -0.046,-0.010,0.005
q_GtoI = -0.639,-0.482,-0.452,0.394 | p_IinG = -1.216,0.955,0.092 | dist = 62.92 (meters)
bg = -0.0026,0.0261,0.0794 | ba = 0.0078,0.1602,0.0951
camera-imu timeoffset = 0.00008
cam0 intrinsics = 461.363,460.787,363.132,245.019 | -0.281,0.072,0.001,0.000
cam1 intrinsics = 459.079,458.581,376.098,252.014 | -0.279,0.069,0.001,-0.000
cam0 extrinsics = -0.002,0.009,0.702,0.712 | 0.065,-0.010,0.006
cam1 extrinsics = 0.002,0.012,0.702,0.712 | -0.046,-0.010,0.005
q_GtoI = -0.655,-0.492,-0.428,0.382 | p_IinG = -1.257,0.940,0.086 | dist = 62.97 (meters)
bg = -0.0025,0.0261,0.0795 | ba = 0.0073,0.1593,0.0960
camera-imu timeoffset = 0.00008
cam0 intrinsics = 461.374,460.800,363.140,245.029 | -0.281,0.072,0.001,0.000
cam1 intrinsics = 459.091,458.595,376.107,252.027 | -0.279,0.069,0.001,-0.000
cam0 extrinsics = -0.002,0.009,0.702,0.712 | 0.065,-0.010,0.006
cam1 extrinsics = 0.002,0.012,0.702,0.712 | -0.046,-0.010,0.005
q_GtoI = -0.670,-0.500,-0.404,0.370 | p_IinG = -1.293,0.925,0.082 | dist = 63.01 (meters)
bg = -0.0025,0.0262,0.0796 | ba = 0.0080,0.1580,0.0966
camera-imu timeoffset = 0.00008
cam0 intrinsics = 461.375,460.799,363.141,245.020 | -0.281,0.072,0.001,0.000
cam1 intrinsics = 459.092,458.594,376.105,252.020 | -0.279,0.069,0.001,-0.000
cam0 extrinsics = -0.002,0.009,0.702,0.712 | 0.065,-0.010,0.006
cam1 extrinsics = 0.002,0.012,0.702,0.712 | -0.046,-0.010,0.005
q_GtoI = -0.684,-0.508,-0.383,0.357 | p_IinG = -1.328,0.911,0.079 | dist = 63.04 (meters)
bg = -0.0024,0.0262,0.0798 | ba = 0.0098,0.1588,0.0965
camera-imu timeoffset = 0.00008
cam0 intrinsics = 461.366,460.782,363.133,245.021 | -0.281,0.072,0.001,0.000
cam1 intrinsics = 459.085,458.580,376.099,252.025 | -0.279,0.069,0.001,-0.000
cam0 extrinsics = -0.002,0.009,0.702,0.712 | 0.065,-0.010,0.006
cam1 extrinsics = 0.002,0.012,0.702,0.712 | -0.046,-0.010,0.005
q_GtoI = -0.695,-0.512,-0.366,0.347 | p_IinG = -1.360,0.900,0.076 | dist = 63.07 (meters)
bg = -0.0023,0.0259,0.0798 | ba = 0.0106,0.1595,0.0963
camera-imu timeoffset = 0.00008
cam0 intrinsics = 461.359,460.770,363.131,245.021 | -0.281,0.072,0.001,0.000
cam1 intrinsics = 459.078,458.566,376.097,252.023 | -0.279,0.069,0.001,-0.000
cam0 extrinsics = -0.002,0.009,0.702,0.712 | 0.065,-0.010,0.005
cam1 extrinsics = 0.002,0.012,0.702,0.712 | -0.046,-0.010,0.005
q_GtoI = -0.704,-0.514,-0.352,0.341 | p_IinG = -1.387,0.894,0.077 | dist = 63.10 (meters)
bg = -0.0022,0.0257,0.0799 | ba = 0.0103,0.1593,0.0964
camera-imu timeoffset = 0.00008
cam0 intrinsics = 461.356,460.761,363.129,245.034 | -0.281,0.072,0.001,0.000
cam1 intrinsics = 459.076,458.558,376.097,252.035 | -0.279,0.069,0.001,-0.000
cam0 extrinsics = -0.002,0.009,0.702,0.712 | 0.065,-0.010,0.005
cam1 extrinsics = 0.002,0.012,0.702,0.712 | -0.046,-0.010,0.005
q_GtoI = -0.712,-0.511,-0.341,0.340 | p_IinG = -1.411,0.893,0.079 | dist = 63.13 (meters)
bg = -0.0020,0.0255,0.0800 | ba = 0.0100,0.1597,0.0968
camera-imu timeoffset = 0.00008
cam0 intrinsics = 461.350,460.747,363.131,245.045 | -0.281,0.072,0.001,0.000
cam1 intrinsics = 459.072,458.546,376.099,252.047 | -0.279,0.069,0.001,-0.000
cam0 extrinsics = -0.002,0.009,0.702,0.712 | 0.065,-0.010,0.005
cam1 extrinsics = 0.002,0.012,0.702,0.712 | -0.046,-0.010,0.005
q_GtoI = -0.711,-0.507,-0.346,0.344 | p_IinG = -1.429,0.899,0.084 | dist = 63.14 (meters)
bg = -0.0017,0.0248,0.0805 | ba = 0.0098,0.1594,0.0960
camera-imu timeoffset = 0.00008
cam0 intrinsics = 461.328,460.702,363.133,245.040 | -0.281,0.072,0.001,0.000
cam1 intrinsics = 459.053,458.505,376.099,252.047 | -0.279,0.069,0.001,-0.000
cam0 extrinsics = -0.002,0.009,0.702,0.712 | 0.065,-0.010,0.005
cam1 extrinsics = 0.002,0.012,0.702,0.712 | -0.046,-0.010,0.005
q_GtoI = -0.701,-0.502,-0.365,0.351 | p_IinG = -1.442,0.910,0.090 | dist = 63.16 (meters)
bg = -0.0016,0.0243,0.0804 | ba = 0.0121,0.1581,0.0940
camera-imu timeoffset = 0.00009
cam0 intrinsics = 461.311,460.676,363.126,245.052 | -0.281,0.072,0.001,0.000
cam1 intrinsics = 459.035,458.477,376.093,252.059 | -0.279,0.069,0.001,-0.000
cam0 extrinsics = -0.002,0.009,0.702,0.712 | 0.065,-0.010,0.005
cam1 extrinsics = 0.002,0.012,0.702,0.712 | -0.046,-0.010,0.004
q_GtoI = -0.684,-0.498,-0.392,0.361 | p_IinG = -1.451,0.926,0.102 | dist = 63.18 (meters)
bg = -0.0015,0.0244,0.0809 | ba = 0.0136,0.1577,0.0927
camera-imu timeoffset = 0.00009
cam0 intrinsics = 461.291,460.639,363.133,245.057 | -0.281,0.072,0.001,0.000
cam1 intrinsics = 459.017,458.446,376.100,252.069 | -0.279,0.069,0.001,-0.000
cam0 extrinsics = -0.002,0.009,0.702,0.712 | 0.065,-0.010,0.005
cam1 extrinsics = 0.001,0.012,0.702,0.712 | -0.046,-0.010,0.004
q_GtoI = -0.664,-0.494,-0.419,0.374 | p_IinG = -1.456,0.943,0.121 | dist = 63.21 (meters)
bg = -0.0015,0.0250,0.0810 | ba = 0.0110,0.1579,0.0958
camera-imu timeoffset = 0.00008
cam0 intrinsics = 461.295,460.650,363.143,245.082 | -0.281,0.072,0.001,0.000
cam1 intrinsics = 459.020,458.455,376.106,252.090 | -0.279,0.069,0.001,-0.000
cam0 extrinsics = -0.002,0.009,0.702,0.712 | 0.065,-0.010,0.005
cam1 extrinsics = 0.001,0.012,0.702,0.712 | -0.046,-0.010,0.004
q_GtoI = -0.642,-0.488,-0.444,0.392 | p_IinG = -1.459,0.960,0.139 | dist = 63.23 (meters)
bg = -0.0016,0.0252,0.0809 | ba = 0.0091,0.1582,0.0978
camera-imu timeoffset = 0.00008
cam0 intrinsics = 461.288,460.644,363.147,245.098 | -0.281,0.072,0.001,0.000
cam1 intrinsics = 459.013,458.450,376.114,252.104 | -0.279,0.069,0.001,-0.000
cam0 extrinsics = -0.002,0.009,0.702,0.712 | 0.065,-0.010,0.005
cam1 extrinsics = 0.001,0.012,0.702,0.712 | -0.046,-0.010,0.004
q_GtoI = -0.623,-0.485,-0.461,0.405 | p_IinG = -1.462,0.981,0.153 | dist = 63.25 (meters)
bg = -0.0013,0.0250,0.0802 | ba = 0.0084,0.1589,0.0961
camera-imu timeoffset = 0.00008
cam0 intrinsics = 461.268,460.596,363.136,245.174 | -0.281,0.072,0.001,0.000
cam1 intrinsics = 458.991,458.409,376.115,252.167 | -0.279,0.069,0.001,-0.000
cam0 extrinsics = -0.002,0.009,0.702,0.712 | 0.065,-0.010,0.005
cam1 extrinsics = 0.001,0.012,0.702,0.712 | -0.046,-0.011,0.004
q_GtoI = -0.607,-0.489,-0.470,0.413 | p_IinG = -1.466,0.997,0.165 | dist = 63.27 (meters)
bg = -0.0012,0.0247,0.0800 | ba = 0.0080,0.1580,0.0950
camera-imu timeoffset = 0.00007
cam0 intrinsics = 461.277,460.600,363.131,245.184 | -0.281,0.072,0.001,0.000
cam1 intrinsics = 458.998,458.413,376.117,252.179 | -0.279,0.069,0.001,-0.000
cam0 extrinsics = -0.002,0.009,0.702,0.712 | 0.065,-0.010,0.005
cam1 extrinsics = 0.001,0.012,0.702,0.712 | -0.046,-0.011,0.004
q_GtoI = -0.598,-0.502,-0.469,0.413 | p_IinG = -1.471,1.009,0.174 | dist = 63.29 (meters)
bg = -0.0013,0.0245,0.0799 | ba = 0.0089,0.1566,0.0940
camera-imu timeoffset = 0.00007
cam0 intrinsics = 461.288,460.605,363.124,245.196 | -0.281,0.072,0.001,0.000
cam1 intrinsics = 459.009,458.418,376.115,252.194 | -0.279,0.069,0.001,-0.000
cam0 extrinsics = -0.002,0.009,0.702,0.712 | 0.065,-0.011,0.005
cam1 extrinsics = 0.001,0.012,0.702,0.712 | -0.046,-0.011,0.004
q_GtoI = -0.594,-0.519,-0.460,0.408 | p_IinG = -1.475,1.018,0.182 | dist = 63.31 (meters)
bg = -0.0014,0.0244,0.0798 | ba = 0.0106,0.1547,0.0939
camera-imu timeoffset = 0.00007
cam0 intrinsics = 461.295,460.607,363.118,245.212 | -0.281,0.072,0.001,0.000
cam1 intrinsics = 459.014,458.420,376.115,252.211 | -0.279,0.069,0.001,-0.000
cam0 extrinsics = -0.002,0.009,0.702,0.712 | 0.065,-0.011,0.005
cam1 extrinsics = 0.001,0.012,0.702,0.712 | -0.046,-0.011,0.004
q_GtoI = -0.591,-0.534,-0.448,0.406 | p_IinG = -1.480,1.024,0.190 | dist = 63.32 (meters)
bg = -0.0015,0.0243,0.0797 | ba = 0.0117,0.1529,0.0946
camera-imu timeoffset = 0.00007
cam0 intrinsics = 461.302,460.608,363.113,245.222 | -0.281,0.072,0.001,0.000
cam1 intrinsics = 459.019,458.419,376.112,252.223 | -0.279,0.069,0.001,-0.000
cam0 extrinsics = -0.002,0.009,0.702,0.712 | 0.065,-0.011,0.005
cam1 extrinsics = 0.001,0.012,0.702,0.712 | -0.046,-0.011,0.004
q_GtoI = -0.585,-0.549,-0.438,0.406 | p_IinG = -1.487,1.028,0.200 | dist = 63.33 (meters)
bg = -0.0014,0.0241,0.0798 | ba = 0.0119,0.1519,0.0973
camera-imu timeoffset = 0.00007
cam0 intrinsics = 461.309,460.610,363.109,245.220 | -0.281,0.072,0.001,0.000
cam1 intrinsics = 459.024,458.422,376.106,252.225 | -0.279,0.069,0.001,-0.000
cam0 extrinsics = -0.002,0.009,0.702,0.712 | 0.065,-0.011,0.005
cam1 extrinsics = 0.001,0.012,0.702,0.712 | -0.046,-0.011,0.004
q_GtoI = -0.577,-0.558,-0.430,0.414 | p_IinG = -1.493,1.030,0.211 | dist = 63.34 (meters)
bg = -0.0016,0.0240,0.0797 | ba = 0.0133,0.1510,0.0991
camera-imu timeoffset = 0.00007
cam0 intrinsics = 461.314,460.609,363.106,245.226 | -0.281,0.072,0.001,0.000
cam1 intrinsics = 459.029,458.421,376.106,252.230 | -0.279,0.069,0.001,-0.000
cam0 extrinsics = -0.002,0.009,0.702,0.712 | 0.065,-0.011,0.005
cam1 extrinsics = 0.001,0.012,0.702,0.712 | -0.046,-0.011,0.004
q_GtoI = -0.566,-0.563,-0.423,0.429 | p_IinG = -1.500,1.031,0.224 | dist = 63.36 (meters)
bg = -0.0017,0.0238,0.0796 | ba = 0.0143,0.1508,0.1009
camera-imu timeoffset = 0.00007
cam0 intrinsics = 461.323,460.611,363.105,245.226 | -0.281,0.072,0.001,0.000
cam1 intrinsics = 459.036,458.423,376.108,252.231 | -0.279,0.069,0.001,-0.000
cam0 extrinsics = -0.002,0.009,0.702,0.712 | 0.065,-0.011,0.005
cam1 extrinsics = 0.001,0.012,0.702,0.712 | -0.046,-0.011,0.004
q_GtoI = -0.550,-0.565,-0.418,0.450 | p_IinG = -1.506,1.029,0.238 | dist = 63.38 (meters)
bg = -0.0020,0.0236,0.0795 | ba = 0.0157,0.1513,0.1025
camera-imu timeoffset = 0.00007
cam0 intrinsics = 461.325,460.599,363.105,245.220 | -0.281,0.072,0.001,0.000
cam1 intrinsics = 459.035,458.410,376.110,252.224 | -0.279,0.069,0.001,-0.000
cam0 extrinsics = -0.002,0.009,0.702,0.712 | 0.065,-0.011,0.005
cam1 extrinsics = 0.001,0.012,0.702,0.712 | -0.046,-0.011,0.004
q_GtoI = -0.534,-0.567,-0.414,0.471 | p_IinG = -1.514,1.026,0.253 | dist = 63.40 (meters)
bg = -0.0021,0.0234,0.0795 | ba = 0.0164,0.1515,0.1040
camera-imu timeoffset = 0.00007
cam0 intrinsics = 461.337,460.605,363.126,245.221 | -0.281,0.072,0.001,0.000
cam1 intrinsics = 459.049,458.418,376.131,252.225 | -0.279,0.069,0.001,-0.000
cam0 extrinsics = -0.002,0.009,0.702,0.712 | 0.065,-0.011,0.005
cam1 extrinsics = 0.001,0.012,0.702,0.712 | -0.046,-0.011,0.004
q_GtoI = -0.519,-0.575,-0.407,0.485 | p_IinG = -1.519,1.018,0.263 | dist = 63.41 (meters)
bg = -0.0024,0.0226,0.0795 | ba = 0.0176,0.1512,0.1052
camera-imu timeoffset = 0.00007
cam0 intrinsics = 461.336,460.601,363.161,245.250 | -0.281,0.072,0.001,0.000
cam1 intrinsics = 459.056,458.421,376.181,252.248 | -0.279,0.069,0.001,-0.000
cam0 extrinsics = -0.002,0.009,0.702,0.712 | 0.065,-0.011,0.005
cam1 extrinsics = 0.001,0.012,0.702,0.712 | -0.046,-0.011,0.004
q_GtoI = -0.506,-0.590,-0.397,0.488 | p_IinG = -1.526,1.007,0.269 | dist = 63.43 (meters)
bg = -0.0026,0.0221,0.0798 | ba = 0.0170,0.1511,0.1041
camera-imu timeoffset = 0.00007
cam0 intrinsics = 461.347,460.610,363.171,245.238 | -0.281,0.072,0.001,0.000
cam1 intrinsics = 459.070,458.435,376.193,252.237 | -0.279,0.069,0.001,-0.000
cam0 extrinsics = -0.002,0.009,0.702,0.712 | 0.065,-0.011,0.005
cam1 extrinsics = 0.001,0.012,0.702,0.712 | -0.046,-0.011,0.004
q_GtoI = -0.497,-0.608,-0.385,0.486 | p_IinG = -1.534,0.993,0.272 | dist = 63.44 (meters)
bg = -0.0024,0.0215,0.0797 | ba = 0.0136,0.1523,0.1032
camera-imu timeoffset = 0.00007
cam0 intrinsics = 461.341,460.598,363.184,245.252 | -0.281,0.072,0.001,0.000
cam1 intrinsics = 459.064,458.423,376.202,252.247 | -0.279,0.069,0.001,-0.000
cam0 extrinsics = -0.002,0.009,0.702,0.712 | 0.065,-0.011,0.005
cam1 extrinsics = 0.001,0.012,0.702,0.712 | -0.046,-0.011,0.004
q_GtoI = -0.485,-0.625,-0.375,0.483 | p_IinG = -1.539,0.977,0.272 | dist = 63.46 (meters)
bg = -0.0027,0.0211,0.0796 | ba = 0.0114,0.1508,0.1002
camera-imu timeoffset = 0.00007
cam0 intrinsics = 461.344,460.594,363.195,245.249 | -0.281,0.072,0.001,0.000
cam1 intrinsics = 459.067,458.421,376.218,252.235 | -0.279,0.069,0.001,-0.000
cam0 extrinsics = -0.002,0.009,0.702,0.712 | 0.065,-0.011,0.005
cam1 extrinsics = 0.001,0.012,0.702,0.712 | -0.046,-0.011,0.004
q_GtoI = -0.471,-0.635,-0.369,0.489 | p_IinG = -1.545,0.960,0.273 | dist = 63.48 (meters)
bg = -0.0025,0.0207,0.0797 | ba = 0.0088,0.1493,0.0980
camera-imu timeoffset = 0.00007
cam0 intrinsics = 461.341,460.588,363.194,245.259 | -0.281,0.072,0.001,0.000
cam1 intrinsics = 459.065,458.416,376.212,252.242 | -0.279,0.069,0.001,-0.000
cam0 extrinsics = -0.002,0.009,0.702,0.712 | 0.065,-0.011,0.005
cam1 extrinsics = 0.001,0.012,0.702,0.712 | -0.046,-0.011,0.004
q_GtoI = -0.454,-0.637,-0.367,0.503 | p_IinG = -1.553,0.942,0.274 | dist = 63.50 (meters)
bg = -0.0024,0.0206,0.0797 | ba = 0.0062,0.1477,0.0950
camera-imu timeoffset = 0.00008
cam0 intrinsics = 461.342,460.589,363.202,245.259 | -0.281,0.072,0.001,0.000
cam1 intrinsics = 459.068,458.418,376.223,252.241 | -0.279,0.069,0.001,-0.000
cam0 extrinsics = -0.002,0.009,0.702,0.712 | 0.065,-0.011,0.005
cam1 extrinsics = 0.001,0.012,0.702,0.712 | -0.046,-0.011,0.004
q_GtoI = -0.437,-0.635,-0.366,0.521 | p_IinG = -1.559,0.921,0.275 | dist = 63.52 (meters)
bg = -0.0022,0.0207,0.0796 | ba = 0.0030,0.1459,0.0919
camera-imu timeoffset = 0.00008
cam0 intrinsics = 461.336,460.585,363.247,245.245 | -0.281,0.072,0.001,0.000
cam1 intrinsics = 459.063,458.415,376.280,252.229 | -0.279,0.069,0.001,-0.000
cam0 extrinsics = -0.002,0.009,0.702,0.712 | 0.065,-0.011,0.005
cam1 extrinsics = 0.001,0.012,0.702,0.712 | -0.046,-0.011,0.004
q_GtoI = -0.422,-0.634,-0.363,0.537 | p_IinG = -1.565,0.897,0.274 | dist = 63.54 (meters)
bg = -0.0021,0.0208,0.0797 | ba = -0.0004,0.1428,0.0893
camera-imu timeoffset = 0.00008
cam0 intrinsics = 461.337,460.578,363.265,245.274 | -0.281,0.072,0.001,0.000
cam1 intrinsics = 459.066,458.409,376.300,252.256 | -0.279,0.069,0.001,-0.000
cam0 extrinsics = -0.002,0.009,0.702,0.712 | 0.065,-0.011,0.004
cam1 extrinsics = 0.001,0.012,0.702,0.712 | -0.046,-0.011,0.004
q_GtoI = -0.413,-0.643,-0.353,0.540 | p_IinG = -1.569,0.870,0.268 | dist = 63.57 (meters)
bg = -0.0020,0.0208,0.0796 | ba = -0.0027,0.1391,0.0867
camera-imu timeoffset = 0.00007
cam0 intrinsics = 461.344,460.577,363.262,245.274 | -0.281,0.072,0.001,0.000
cam1 intrinsics = 459.073,458.406,376.298,252.254 | -0.279,0.069,0.001,-0.000
cam0 extrinsics = -0.002,0.009,0.702,0.712 | 0.065,-0.011,0.004
cam1 extrinsics = 0.001,0.012,0.702,0.712 | -0.046,-0.011,0.004
q_GtoI = -0.410,-0.659,-0.337,0.532 | p_IinG = -1.573,0.840,0.257 | dist = 63.61 (meters)
bg = -0.0019,0.0209,0.0797 | ba = -0.0060,0.1347,0.0832
camera-imu timeoffset = 0.00007
cam0 intrinsics = 461.344,460.572,363.268,245.266 | -0.281,0.072,0.001,0.000
cam1 intrinsics = 459.073,458.403,376.303,252.243 | -0.279,0.069,0.001,-0.000
cam0 extrinsics = -0.002,0.009,0.702,0.712 | 0.065,-0.011,0.004
cam1 extrinsics = 0.001,0.013,0.702,0.712 | -0.046,-0.011,0.004
q_GtoI = -0.411,-0.678,-0.318,0.520 | p_IinG = -1.576,0.807,0.245 | dist = 63.64 (meters)
bg = -0.0018,0.0209,0.0796 | ba = -0.0088,0.1314,0.0805
camera-imu timeoffset = 0.00007
cam0 intrinsics = 461.351,460.571,363.260,245.259 | -0.281,0.072,0.001,0.000
cam1 intrinsics = 459.082,458.402,376.290,252.232 | -0.279,0.069,0.001,-0.000
cam0 extrinsics = -0.002,0.009,0.702,0.712 | 0.065,-0.011,0.004
cam1 extrinsics = 0.001,0.013,0.702,0.712 | -0.046,-0.011,0.004
q_GtoI = -0.414,-0.702,-0.294,0.500 | p_IinG = -1.576,0.770,0.233 | dist = 63.68 (meters)
bg = -0.0020,0.0209,0.0794 | ba = -0.0086,0.1318,0.0798
camera-imu timeoffset = 0.00007
cam0 intrinsics = 461.347,460.559,363.244,245.283 | -0.281,0.072,0.001,0.000
cam1 intrinsics = 459.079,458.391,376.266,252.252 | -0.279,0.069,0.001,-0.000
cam0 extrinsics = -0.002,0.009,0.702,0.712 | 0.065,-0.011,0.004
cam1 extrinsics = 0.001,0.012,0.702,0.712 | -0.046,-0.011,0.004
q_GtoI = -0.417,-0.726,-0.268,0.477 | p_IinG = -1.573,0.730,0.220 | dist = 63.72 (meters)
bg = -0.0026,0.0206,0.0787 | ba = -0.0079,0.1371,0.0818
camera-imu timeoffset = 0.00007
cam0 intrinsics = 461.329,460.522,363.266,245.262 | -0.281,0.072,0.001,0.000
cam1 intrinsics = 459.063,458.354,376.282,252.229 | -0.279,0.069,0.001,-0.000
cam0 extrinsics = -0.002,0.009,0.702,0.712 | 0.065,-0.011,0.004
cam1 extrinsics = 0.001,0.012,0.702,0.712 | -0.046,-0.011,0.004
q_GtoI = -0.419,-0.746,-0.245,0.457 | p_IinG = -1.573,0.693,0.204 | dist = 63.76 (meters)
bg = -0.0029,0.0206,0.0787 | ba = -0.0068,0.1383,0.0810
camera-imu timeoffset = 0.00007
cam0 intrinsics = 461.326,460.517,363.289,245.245 | -0.281,0.072,0.001,0.000
cam1 intrinsics = 459.061,458.348,376.300,252.211 | -0.279,0.069,0.001,-0.000
cam0 extrinsics = -0.002,0.009,0.702,0.712 | 0.065,-0.011,0.004
cam1 extrinsics = 0.001,0.013,0.702,0.712 | -0.046,-0.011,0.004
q_GtoI = -0.417,-0.763,-0.225,0.440 | p_IinG = -1.577,0.660,0.188 | dist = 63.80 (meters)
bg = -0.0029,0.0205,0.0787 | ba = -0.0054,0.1386,0.0786
camera-imu timeoffset = 0.00007
cam0 intrinsics = 461.326,460.514,363.295,245.235 | -0.281,0.072,0.001,0.000
cam1 intrinsics = 459.063,458.349,376.306,252.210 | -0.279,0.069,0.001,-0.000
cam0 extrinsics = -0.002,0.009,0.702,0.712 | 0.065,-0.011,0.004
cam1 extrinsics = 0.001,0.012,0.702,0.712 | -0.046,-0.011,0.004
q_GtoI = -0.411,-0.770,-0.215,0.437 | p_IinG = -1.584,0.636,0.169 | dist = 63.83 (meters)
bg = -0.0025,0.0205,0.0788 | ba = -0.0047,0.1280,0.0746
camera-imu timeoffset = 0.00007
cam0 intrinsics = 461.323,460.511,363.327,245.200 | -0.281,0.072,0.001,0.000
cam1 intrinsics = 459.061,458.345,376.329,252.168 | -0.279,0.069,0.001,-0.000
cam0 extrinsics = -0.002,0.009,0.702,0.712 | 0.065,-0.010,0.004
cam1 extrinsics = 0.001,0.013,0.702,0.712 | -0.046,-0.011,0.004
q_GtoI = -0.400,-0.770,-0.214,0.450 | p_IinG = -1.593,0.618,0.161 | dist = 63.85 (meters)
bg = -0.0024,0.0205,0.0786 | ba = -0.0046,0.1226,0.0752
camera-imu timeoffset = 0.00007
cam0 intrinsics = 461.325,460.514,363.342,245.181 | -0.281,0.072,0.001,0.000
cam1 intrinsics = 459.063,458.349,376.349,252.151 | -0.279,0.069,0.001,-0.000
cam0 extrinsics = -0.002,0.009,0.702,0.712 | 0.065,-0.010,0.004
cam1 extrinsics = 0.001,0.013,0.702,0.712 | -0.046,-0.011,0.004
q_GtoI = -0.386,-0.763,-0.218,0.470 | p_IinG = -1.603,0.605,0.155 | dist = 63.87 (meters)
bg = -0.0024,0.0207,0.0786 | ba = -0.0043,0.1179,0.0778
camera-imu timeoffset = 0.00007
cam0 intrinsics = 461.325,460.515,363.353,245.171 | -0.281,0.072,0.001,0.000
cam1 intrinsics = 459.064,458.350,376.362,252.140 | -0.279,0.069,0.001,-0.000
cam0 extrinsics = -0.002,0.009,0.702,0.713 | 0.065,-0.010,0.004
cam1 extrinsics = 0.001,0.013,0.702,0.712 | -0.046,-0.011,0.004
q_GtoI = -0.369,-0.752,-0.227,0.497 | p_IinG = -1.616,0.599,0.146 | dist = 63.89 (meters)
bg = -0.0027,0.0208,0.0789 | ba = -0.0017,0.1070,0.0765
camera-imu timeoffset = 0.00007
cam0 intrinsics = 461.309,460.500,363.371,245.156 | -0.281,0.072,0.001,0.000
cam1 intrinsics = 459.046,458.335,376.372,252.124 | -0.279,0.069,0.001,-0.000
cam0 extrinsics = -0.002,0.009,0.702,0.713 | 0.065,-0.010,0.004
cam1 extrinsics = 0.001,0.013,0.702,0.712 | -0.046,-0.010,0.004
q_GtoI = -0.351,-0.739,-0.235,0.525 | p_IinG = -1.630,0.592,0.144 | dist = 63.90 (meters)
bg = -0.0028,0.0206,0.0789 | ba = -0.0044,0.1028,0.0753
camera-imu timeoffset = 0.00007
cam0 intrinsics = 461.311,460.508,363.372,245.150 | -0.281,0.072,0.001,0.000
cam1 intrinsics = 459.049,458.343,376.370,252.115 | -0.279,0.069,0.001,-0.000
cam0 extrinsics = -0.002,0.009,0.702,0.713 | 0.065,-0.010,0.004
cam1 extrinsics = 0.001,0.013,0.702,0.712 | -0.046,-0.010,0.003
q_GtoI = -0.334,-0.725,-0.242,0.551 | p_IinG = -1.644,0.585,0.139 | dist = 63.92 (meters)
bg = -0.0026,0.0205,0.0791 | ba = -0.0031,0.0980,0.0760
camera-imu timeoffset = 0.00007
cam0 intrinsics = 461.324,460.516,363.402,245.147 | -0.281,0.072,0.001,0.000
cam1 intrinsics = 459.064,458.354,376.397,252.107 | -0.279,0.069,0.001,-0.000
cam0 extrinsics = -0.002,0.009,0.702,0.713 | 0.065,-0.010,0.004
cam1 extrinsics = 0.001,0.013,0.702,0.712 | -0.046,-0.010,0.004
q_GtoI = -0.319,-0.716,-0.243,0.571 | p_IinG = -1.659,0.580,0.130 | dist = 63.94 (meters)
bg = -0.0025,0.0203,0.0794 | ba = -0.0052,0.0896,0.0726
camera-imu timeoffset = 0.00007
cam0 intrinsics = 461.329,460.525,363.415,245.144 | -0.281,0.072,0.001,0.000
cam1 intrinsics = 459.070,458.364,376.406,252.102 | -0.279,0.069,0.001,-0.000
cam0 extrinsics = -0.002,0.009,0.702,0.713 | 0.065,-0.010,0.004
cam1 extrinsics = 0.001,0.013,0.702,0.712 | -0.046,-0.010,0.003
q_GtoI = -0.308,-0.713,-0.241,0.582 | p_IinG = -1.676,0.571,0.125 | dist = 63.95 (meters)
bg = -0.0025,0.0203,0.0797 | ba = -0.0126,0.0851,0.0650
camera-imu timeoffset = 0.00006
cam0 intrinsics = 461.329,460.534,363.424,245.153 | -0.281,0.072,0.001,0.000
cam1 intrinsics = 459.069,458.372,376.416,252.110 | -0.279,0.069,0.001,-0.000
cam0 extrinsics = -0.002,0.009,0.702,0.713 | 0.065,-0.010,0.004
cam1 extrinsics = 0.001,0.013,0.702,0.712 | -0.046,-0.010,0.003
q_GtoI = -0.299,-0.718,-0.234,0.583 | p_IinG = -1.687,0.560,0.119 | dist = 63.97 (meters)
bg = -0.0025,0.0203,0.0799 | ba = -0.0163,0.0811,0.0622
camera-imu timeoffset = 0.00006
cam0 intrinsics = 461.333,460.539,363.428,245.147 | -0.281,0.072,0.001,0.000
cam1 intrinsics = 459.074,458.378,376.417,252.103 | -0.279,0.069,0.001,-0.000
cam0 extrinsics = -0.002,0.009,0.702,0.713 | 0.065,-0.010,0.004
cam1 extrinsics = 0.001,0.013,0.702,0.712 | -0.046,-0.010,0.004
q_GtoI = -0.292,-0.732,-0.226,0.573 | p_IinG = -1.695,0.545,0.109 | dist = 63.99 (meters)
bg = -0.0028,0.0202,0.0801 | ba = -0.0160,0.0795,0.0581
camera-imu timeoffset = 0.00006
cam0 intrinsics = 461.344,460.561,363.433,245.139 | -0.281,0.072,0.001,0.000
cam1 intrinsics = 459.083,458.397,376.424,252.098 | -0.279,0.069,0.001,-0.000
cam0 extrinsics = -0.002,0.009,0.702,0.713 | 0.065,-0.010,0.004
cam1 extrinsics = 0.001,0.013,0.702,0.712 | -0.046,-0.010,0.004
q_GtoI = -0.286,-0.750,-0.213,0.556 | p_IinG = -1.701,0.531,0.100 | dist = 64.01 (meters)
bg = -0.0031,0.0203,0.0797 | ba = -0.0161,0.0759,0.0547
camera-imu timeoffset = 0.00006
cam0 intrinsics = 461.332,460.546,363.436,245.138 | -0.281,0.072,0.001,0.000
cam1 intrinsics = 459.072,458.383,376.430,252.096 | -0.279,0.069,0.001,-0.000
cam0 extrinsics = -0.002,0.009,0.702,0.713 | 0.065,-0.010,0.004
cam1 extrinsics = 0.001,0.013,0.702,0.712 | -0.046,-0.010,0.004
q_GtoI = -0.282,-0.769,-0.200,0.537 | p_IinG = -1.708,0.513,0.090 | dist = 64.02 (meters)
bg = -0.0032,0.0201,0.0799 | ba = -0.0136,0.0763,0.0517
camera-imu timeoffset = 0.00006
cam0 intrinsics = 461.333,460.561,363.449,245.150 | -0.281,0.072,0.001,0.000
cam1 intrinsics = 459.073,458.398,376.440,252.112 | -0.279,0.069,0.001,-0.000
cam0 extrinsics = -0.002,0.009,0.702,0.713 | 0.064,-0.010,0.004
cam1 extrinsics = 0.001,0.013,0.702,0.712 | -0.046,-0.010,0.004
q_GtoI = -0.275,-0.787,-0.188,0.518 | p_IinG = -1.715,0.495,0.083 | dist = 64.04 (meters)
bg = -0.0034,0.0203,0.0797 | ba = -0.0146,0.0757,0.0498
camera-imu timeoffset = 0.00006
cam0 intrinsics = 461.356,460.603,363.453,245.116 | -0.281,0.072,0.001,0.000
cam1 intrinsics = 459.099,458.442,376.441,252.079 | -0.279,0.069,0.001,-0.000
cam0 extrinsics = -0.002,0.009,0.702,0.713 | 0.064,-0.010,0.004
cam1 extrinsics = 0.001,0.013,0.702,0.712 | -0.046,-0.010,0.004
q_GtoI = -0.266,-0.800,-0.179,0.507 | p_IinG = -1.723,0.481,0.080 | dist = 64.06 (meters)
bg = -0.0033,0.0206,0.0796 | ba = -0.0153,0.0721,0.0502
camera-imu timeoffset = 0.00006
cam0 intrinsics = 461.365,460.614,363.465,245.108 | -0.281,0.072,0.001,0.000
cam1 intrinsics = 459.107,458.453,376.450,252.069 | -0.279,0.069,0.001,-0.000
cam0 extrinsics = -0.002,0.009,0.702,0.713 | 0.064,-0.010,0.004
cam1 extrinsics = 0.001,0.013,0.702,0.712 | -0.047,-0.010,0.004
q_GtoI = -0.255,-0.803,-0.172,0.511 | p_IinG = -1.732,0.465,0.086 | dist = 64.08 (meters)
bg = -0.0035,0.0207,0.0797 | ba = -0.0159,0.0761,0.0531
camera-imu timeoffset = 0.00006
cam0 intrinsics = 461.375,460.610,363.493,245.102 | -0.281,0.072,0.001,0.000
cam1 intrinsics = 459.112,458.440,376.464,252.055 | -0.279,0.069,0.001,-0.000
cam0 extrinsics = -0.002,0.009,0.702,0.713 | 0.064,-0.010,0.004
cam1 extrinsics = 0.001,0.013,0.702,0.712 | -0.047,-0.010,0.004
q_GtoI = -0.242,-0.799,-0.169,0.525 | p_IinG = -1.746,0.451,0.094 | dist = 64.10 (meters)
bg = -0.0034,0.0204,0.0796 | ba = -0.0171,0.0794,0.0531
camera-imu timeoffset = 0.00006
cam0 intrinsics = 461.392,460.617,363.513,245.098 | -0.281,0.072,0.001,0.000
cam1 intrinsics = 459.127,458.446,376.478,252.053 | -0.279,0.069,0.001,-0.000
cam0 extrinsics = -0.002,0.009,0.702,0.713 | 0.064,-0.010,0.004
cam1 extrinsics = 0.001,0.013,0.702,0.712 | -0.046,-0.010,0.004
q_GtoI = -0.228,-0.790,-0.166,0.545 | p_IinG = -1.761,0.439,0.099 | dist = 64.12 (meters)
bg = -0.0035,0.0205,0.0796 | ba = -0.0143,0.0783,0.0528
camera-imu timeoffset = 0.00006
cam0 intrinsics = 461.388,460.609,363.514,245.093 | -0.281,0.072,0.001,0.000
cam1 intrinsics = 459.120,458.436,376.476,252.049 | -0.279,0.069,0.001,-0.000
cam0 extrinsics = -0.002,0.009,0.702,0.713 | 0.064,-0.010,0.004
cam1 extrinsics = 0.001,0.013,0.702,0.712 | -0.047,-0.010,0.004
q_GtoI = -0.213,-0.776,-0.164,0.571 | p_IinG = -1.777,0.427,0.108 | dist = 64.14 (meters)
bg = -0.0034,0.0207,0.0793 | ba = -0.0099,0.0793,0.0536
camera-imu timeoffset = 0.00006
cam0 intrinsics = 461.386,460.598,363.522,245.096 | -0.281,0.072,0.001,0.000
cam1 intrinsics = 459.118,458.425,376.484,252.054 | -0.279,0.069,0.001,-0.000
cam0 extrinsics = -0.002,0.009,0.702,0.713 | 0.064,-0.010,0.004
cam1 extrinsics = 0.001,0.013,0.702,0.712 | -0.047,-0.010,0.004
q_GtoI = -0.198,-0.760,-0.163,0.598 | p_IinG = -1.791,0.413,0.118 | dist = 64.17 (meters)
bg = -0.0033,0.0210,0.0795 | ba = -0.0040,0.0800,0.0557
camera-imu timeoffset = 0.00006
cam0 intrinsics = 461.387,460.586,363.521,245.095 | -0.281,0.072,0.001,0.000
cam1 intrinsics = 459.123,458.416,376.475,252.050 | -0.279,0.069,0.001,-0.000
cam0 extrinsics = -0.002,0.009,0.702,0.713 | 0.064,-0.010,0.005
cam1 extrinsics = 0.001,0.013,0.702,0.712 | -0.047,-0.010,0.004
q_GtoI = -0.185,-0.747,-0.158,0.619 | p_IinG = -1.806,0.396,0.131 | dist = 64.19 (meters)
bg = -0.0031,0.0210,0.0796 | ba = -0.0061,0.0824,0.0546
camera-imu timeoffset = 0.00006
cam0 intrinsics = 461.393,460.595,363.521,245.106 | -0.281,0.072,0.001,0.000
cam1 intrinsics = 459.130,458.426,376.470,252.061 | -0.279,0.069,0.001,-0.000
cam0 extrinsics = -0.002,0.009,0.702,0.713 | 0.064,-0.010,0.005
cam1 extrinsics = 0.001,0.013,0.702,0.712 | -0.047,-0.010,0.004
q_GtoI = -0.176,-0.742,-0.148,0.630 | p_IinG = -1.814,0.378,0.141 | dist = 64.21 (meters)
bg = -0.0032,0.0210,0.0798 | ba = -0.0049,0.0845,0.0565
camera-imu timeoffset = 0.00006
cam0 intrinsics = 461.399,460.597,363.514,245.101 | -0.281,0.072,0.001,0.000
cam1 intrinsics = 459.138,458.431,376.467,252.054 | -0.279,0.069,0.001,-0.000
cam0 extrinsics = -0.002,0.009,0.702,0.713 | 0.064,-0.010,0.005
cam1 extrinsics = 0.001,0.013,0.702,0.712 | -0.047,-0.010,0.004
q_GtoI = -0.170,-0.749,-0.133,0.627 | p_IinG = -1.820,0.358,0.150 | dist = 64.23 (meters)
bg = -0.0031,0.0211,0.0797 | ba = -0.0056,0.0854,0.0574
camera-imu timeoffset = 0.00006
cam0 intrinsics = 461.401,460.597,363.514,245.098 | -0.281,0.072,0.001,0.000
cam1 intrinsics = 459.141,458.432,376.465,252.052 | -0.279,0.069,0.001,-0.000
cam0 extrinsics = -0.002,0.009,0.702,0.713 | 0.064,-0.010,0.005
cam1 extrinsics = 0.001,0.013,0.702,0.712 | -0.047,-0.010,0.004
q_GtoI = -0.163,-0.766,-0.120,0.611 | p_IinG = -1.824,0.341,0.157 | dist = 64.25 (meters)
bg = -0.0035,0.0215,0.0793 | ba = -0.0090,0.0820,0.0553
camera-imu timeoffset = 0.00006
cam0 intrinsics = 461.402,460.599,363.516,245.089 | -0.281,0.072,0.001,0.000
cam1 intrinsics = 459.143,458.435,376.460,252.042 | -0.279,0.069,0.001,-0.000
cam0 extrinsics = -0.002,0.009,0.702,0.713 | 0.064,-0.010,0.005
cam1 extrinsics = 0.001,0.013,0.702,0.712 | -0.047,-0.010,0.004
q_GtoI = -0.157,-0.786,-0.107,0.588 | p_IinG = -1.825,0.318,0.163 | dist = 64.28 (meters)
bg = -0.0033,0.0214,0.0791 | ba = -0.0089,0.0837,0.0544
camera-imu timeoffset = 0.00005
cam0 intrinsics = 461.405,460.606,363.506,245.090 | -0.281,0.072,0.001,0.000
cam1 intrinsics = 459.149,458.442,376.449,252.043 | -0.279,0.070,0.001,-0.000
cam0 extrinsics = -0.002,0.009,0.702,0.713 | 0.064,-0.010,0.005
cam1 extrinsics = 0.001,0.013,0.702,0.712 | -0.047,-0.010,0.004
q_GtoI = -0.148,-0.806,-0.097,0.566 | p_IinG = -1.821,0.294,0.171 | dist = 64.30 (meters)
bg = -0.0032,0.0213,0.0790 | ba = -0.0097,0.0873,0.0554
camera-imu timeoffset = 0.00005
cam0 intrinsics = 461.407,460.605,363.508,245.079 | -0.281,0.072,0.001,0.000
cam1 intrinsics = 459.148,458.441,376.456,252.033 | -0.279,0.070,0.001,-0.000
cam0 extrinsics = -0.002,0.009,0.702,0.713 | 0.064,-0.010,0.005
cam1 extrinsics = 0.001,0.013,0.702,0.712 | -0.047,-0.010,0.004
q_GtoI = -0.139,-0.815,-0.087,0.555 | p_IinG = -1.819,0.273,0.180 | dist = 64.32 (meters)
bg = -0.0031,0.0210,0.0791 | ba = -0.0086,0.0867,0.0570
camera-imu timeoffset = 0.00006
cam0 intrinsics = 461.401,460.600,363.502,245.086 | -0.281,0.072,0.001,0.000
cam1 intrinsics = 459.142,458.435,376.451,252.036 | -0.279,0.070,0.001,-0.000
cam0 extrinsics = -0.002,0.009,0.702,0.713 | 0.064,-0.010,0.005
cam1 extrinsics = 0.001,0.013,0.702,0.712 | -0.046,-0.010,0.004
q_GtoI = -0.127,-0.818,-0.080,0.555 | p_IinG = -1.820,0.251,0.191 | dist = 64.35 (meters)
bg = -0.0029,0.0206,0.0795 | ba = -0.0066,0.0871,0.0555
camera-imu timeoffset = 0.00006
cam0 intrinsics = 461.400,460.599,363.492,245.095 | -0.281,0.072,0.001,0.000
cam1 intrinsics = 459.144,458.435,376.448,252.047 | -0.279,0.070,0.001,-0.000
cam0 extrinsics = -0.002,0.009,0.702,0.713 | 0.065,-0.010,0.004
cam1 extrinsics = 0.001,0.013,0.702,0.712 | -0.046,-0.010,0.004
q_GtoI = -0.114,-0.814,-0.074,0.565 | p_IinG = -1.822,0.230,0.206 | dist = 64.37 (meters)
bg = -0.0028,0.0204,0.0793 | ba = -0.0071,0.0871,0.0548
camera-imu timeoffset = 0.00006
cam0 intrinsics = 461.398,460.598,363.485,245.100 | -0.281,0.072,0.001,0.000
cam1 intrinsics = 459.144,458.435,376.444,252.047 | -0.279,0.070,0.001,-0.000
cam0 extrinsics = -0.002,0.009,0.702,0.713 | 0.065,-0.010,0.004
cam1 extrinsics = 0.001,0.013,0.702,0.712 | -0.046,-0.010,0.004
q_GtoI = -0.100,-0.806,-0.069,0.580 | p_IinG = -1.825,0.210,0.221 | dist = 64.40 (meters)
bg = -0.0027,0.0202,0.0791 | ba = -0.0065,0.0855,0.0554
camera-imu timeoffset = 0.00006
cam0 intrinsics = 461.402,460.602,363.481,245.097 | -0.281,0.072,0.001,0.000
cam1 intrinsics = 459.150,458.441,376.439,252.042 | -0.279,0.070,0.001,-0.000
cam0 extrinsics = -0.002,0.009,0.702,0.713 | 0.065,-0.010,0.004
cam1 extrinsics = 0.001,0.013,0.702,0.712 | -0.046,-0.010,0.004
q_GtoI = -0.084,-0.795,-0.062,0.597 | p_IinG = -1.827,0.190,0.237 | dist = 64.43 (meters)
bg = -0.0027,0.0201,0.0790 | ba = -0.0049,0.0845,0.0559
camera-imu timeoffset = 0.00006
cam0 intrinsics = 461.407,460.607,363.466,245.086 | -0.281,0.072,0.001,0.000
cam1 intrinsics = 459.158,458.446,376.426,252.028 | -0.279,0.070,0.001,-0.000
cam0 extrinsics = -0.002,0.009,0.702,0.713 | 0.065,-0.010,0.004
cam1 extrinsics = 0.001,0.013,0.702,0.712 | -0.046,-0.010,0.004
q_GtoI = -0.070,-0.788,-0.055,0.610 | p_IinG = -1.834,0.167,0.256 | dist = 64.45 (meters)
bg = -0.0019,0.0205,0.0786 | ba = -0.0056,0.0834,0.0546
camera-imu timeoffset = 0.00006
cam0 intrinsics = 461.408,460.605,363.499,245.092 | -0.281,0.072,0.001,0.000
cam1 intrinsics = 459.163,458.447,376.458,252.028 | -0.279,0.070,0.001,-0.000
cam0 extrinsics = -0.002,0.009,0.702,0.713 | 0.065,-0.010,0.004
cam1 extrinsics = 0.001,0.013,0.702,0.712 | -0.046,-0.010,0.004
q_GtoI = -0.056,-0.789,-0.046,0.611 | p_IinG = -1.835,0.145,0.271 | dist = 64.48 (meters)
bg = -0.0015,0.0207,0.0786 | ba = -0.0048,0.0841,0.0539
camera-imu timeoffset = 0.00006
cam0 intrinsics = 461.407,460.602,363.510,245.077 | -0.281,0.072,0.001,0.000
cam1 intrinsics = 459.162,458.445,376.472,252.013 | -0.279,0.070,0.001,-0.000
cam0 extrinsics = -0.002,0.009,0.702,0.713 | 0.065,-0.010,0.004
cam1 extrinsics = 0.001,0.013,0.702,0.712 | -0.046,-0.010,0.004
q_GtoI = -0.045,-0.797,-0.036,0.602 | p_IinG = -1.835,0.122,0.281 | dist = 64.50 (meters)
bg = -0.0014,0.0209,0.0786 | ba = -0.0047,0.0835,0.0519
camera-imu timeoffset = 0.00007
cam0 intrinsics = 461.408,460.602,363.510,245.072 | -0.281,0.072,0.001,0.000
cam1 intrinsics = 459.163,458.445,376.476,252.008 | -0.279,0.070,0.001,-0.000
cam0 extrinsics = -0.002,0.009,0.702,0.713 | 0.065,-0.010,0.004
cam1 extrinsics = 0.001,0.013,0.702,0.712 | -0.046,-0.010,0.004
q_GtoI = -0.035,-0.810,-0.027,0.585 | p_IinG = -1.837,0.102,0.285 | dist = 64.53 (meters)
bg = -0.0011,0.0214,0.0786 | ba = -0.0060,0.0797,0.0469
camera-imu timeoffset = 0.00007
cam0 intrinsics = 461.413,460.614,363.523,245.067 | -0.281,0.072,0.001,0.000
cam1 intrinsics = 459.169,458.456,376.494,252.003 | -0.279,0.070,0.001,-0.000
cam0 extrinsics = -0.002,0.009,0.702,0.713 | 0.064,-0.010,0.004
cam1 extrinsics = 0.001,0.013,0.702,0.712 | -0.046,-0.010,0.004
q_GtoI = -0.028,-0.822,-0.019,0.569 | p_IinG = -1.837,0.081,0.288 | dist = 64.55 (meters)
bg = -0.0008,0.0216,0.0787 | ba = -0.0065,0.0761,0.0454
camera-imu timeoffset = 0.00007
cam0 intrinsics = 461.413,460.612,363.529,245.057 | -0.281,0.072,0.001,0.000
cam1 intrinsics = 459.170,458.454,376.503,251.994 | -0.279,0.070,0.001,-0.000
cam0 extrinsics = -0.002,0.009,0.702,0.713 | 0.064,-0.010,0.004
cam1 extrinsics = 0.001,0.013,0.702,0.712 | -0.046,-0.010,0.004
q_GtoI = -0.021,-0.830,-0.013,0.557 | p_IinG = -1.837,0.062,0.288 | dist = 64.57 (meters)
bg = -0.0006,0.0218,0.0788 | ba = -0.0059,0.0728,0.0459
camera-imu timeoffset = 0.00007
cam0 intrinsics = 461.413,460.611,363.535,245.050 | -0.281,0.072,0.001,0.000
cam1 intrinsics = 459.171,458.453,376.512,251.987 | -0.279,0.070,0.001,-0.000
cam0 extrinsics = -0.002,0.009,0.702,0.713 | 0.064,-0.010,0.004
cam1 extrinsics = 0.001,0.013,0.702,0.712 | -0.046,-0.010,0.004
q_GtoI = -0.014,-0.833,-0.008,0.554 | p_IinG = -1.837,0.044,0.288 | dist = 64.59 (meters)
bg = -0.0006,0.0219,0.0788 | ba = -0.0052,0.0700,0.0461
camera-imu timeoffset = 0.00007
cam0 intrinsics = 461.412,460.607,363.555,245.032 | -0.281,0.072,0.001,0.000
cam1 intrinsics = 459.173,458.452,376.524,251.966 | -0.279,0.070,0.001,-0.000
cam0 extrinsics = -0.002,0.009,0.702,0.713 | 0.064,-0.010,0.004
cam1 extrinsics = 0.001,0.013,0.702,0.712 | -0.046,-0.010,0.004
q_GtoI = -0.007,-0.833,-0.004,0.554 | p_IinG = -1.838,0.024,0.285 | dist = 64.61 (meters)
bg = -0.0004,0.0219,0.0788 | ba = -0.0051,0.0686,0.0479
camera-imu timeoffset = 0.00007
cam0 intrinsics = 461.416,460.609,363.572,245.014 | -0.281,0.072,0.001,0.000
cam1 intrinsics = 459.180,458.455,376.538,251.947 | -0.279,0.070,0.001,-0.000
cam0 extrinsics = -0.002,0.009,0.702,0.713 | 0.064,-0.010,0.004
cam1 extrinsics = 0.001,0.013,0.702,0.712 | -0.047,-0.010,0.004
q_GtoI = 0.001,-0.832,0.000,0.555 | p_IinG = -1.844,0.003,0.279 | dist = 64.63 (meters)
bg = 0.0003,0.0219,0.0789 | ba = -0.0042,0.0666,0.0470
camera-imu timeoffset = 0.00007
cam0 intrinsics = 461.422,460.615,363.603,244.994 | -0.281,0.072,0.001,0.000
cam1 intrinsics = 459.191,458.464,376.562,251.921 | -0.279,0.070,0.001,-0.000
cam0 extrinsics = -0.002,0.009,0.702,0.713 | 0.064,-0.009,0.005
cam1 extrinsics = 0.001,0.013,0.702,0.712 | -0.047,-0.010,0.004
q_GtoI = 0.008,-0.830,0.006,0.558 | p_IinG = -1.850,-0.016,0.275 | dist = 64.65 (meters)
bg = 0.0004,0.0220,0.0789 | ba = -0.0049,0.0670,0.0479
camera-imu timeoffset = 0.00007
cam0 intrinsics = 461.423,460.615,363.605,244.995 | -0.281,0.072,0.001,0.000
cam1 intrinsics = 459.193,458.465,376.565,251.920 | -0.279,0.070,0.001,-0.000
cam0 extrinsics = -0.002,0.009,0.702,0.713 | 0.064,-0.009,0.005
cam1 extrinsics = 0.001,0.013,0.702,0.712 | -0.047,-0.010,0.004
q_GtoI = 0.015,-0.828,0.012,0.560 | p_IinG = -1.855,-0.035,0.272 | dist = 64.67 (meters)
bg = 0.0005,0.0221,0.0789 | ba = -0.0060,0.0675,0.0506
camera-imu timeoffset = 0.00007
cam0 intrinsics = 461.424,460.616,363.608,244.999 | -0.281,0.072,0.001,0.000
cam1 intrinsics = 459.196,458.467,376.569,251.921 | -0.279,0.070,0.001,-0.000
cam0 extrinsics = -0.002,0.009,0.702,0.713 | 0.064,-0.009,0.005
cam1 extrinsics = 0.001,0.013,0.702,0.712 | -0.047,-0.010,0.004
q_GtoI = 0.021,-0.830,0.018,0.557 | p_IinG = -1.863,-0.054,0.269 | dist = 64.69 (meters)
bg = 0.0008,0.0223,0.0789 | ba = -0.0068,0.0687,0.0536
camera-imu timeoffset = 0.00007
cam0 intrinsics = 461.424,460.616,363.632,245.018 | -0.281,0.072,0.001,0.000
cam1 intrinsics = 459.201,458.471,376.591,251.936 | -0.279,0.070,0.001,-0.000
cam0 extrinsics = -0.002,0.009,0.702,0.713 | 0.064,-0.010,0.005
cam1 extrinsics = 0.001,0.013,0.702,0.712 | -0.047,-0.010,0.004
q_GtoI = 0.027,-0.833,0.022,0.552 | p_IinG = -1.871,-0.072,0.267 | dist = 64.71 (meters)
bg = 0.0008,0.0225,0.0788 | ba = -0.0088,0.0704,0.0549
camera-imu timeoffset = 0.00007
cam0 intrinsics = 461.423,460.615,363.644,245.021 | -0.281,0.072,0.001,0.000
cam1 intrinsics = 459.201,458.471,376.598,251.940 | -0.279,0.070,0.001,-0.000
cam0 extrinsics = -0.002,0.009,0.702,0.713 | 0.064,-0.010,0.005
cam1 extrinsics = 0.001,0.013,0.702,0.712 | -0.047,-0.010,0.004
q_GtoI = 0.032,-0.836,0.024,0.547 | p_IinG = -1.877,-0.087,0.263 | dist = 64.73 (meters)
bg = 0.0003,0.0224,0.0788 | ba = -0.0096,0.0702,0.0596
camera-imu timeoffset = 0.00007
cam0 intrinsics = 461.425,460.609,363.646,245.013 | -0.281,0.072,0.001,0.000
cam1 intrinsics = 459.202,458.466,376.607,251.934 | -0.279,0.070,0.001,-0.000
cam0 extrinsics = -0.002,0.009,0.702,0.713 | 0.064,-0.010,0.005
cam1 extrinsics = 0.001,0.013,0.702,0.712 | -0.047,-0.010,0.004
q_GtoI = 0.040,-0.838,0.022,0.544 | p_IinG = -1.888,-0.104,0.261 | dist = 64.75 (meters)
bg = 0.0004,0.0225,0.0788 | ba = -0.0092,0.0709,0.0618
camera-imu timeoffset = 0.00007
cam0 intrinsics = 461.427,460.608,363.658,245.018 | -0.281,0.072,0.001,0.000
cam1 intrinsics = 459.207,458.467,376.618,251.939 | -0.279,0.070,0.001,-0.000
cam0 extrinsics = -0.002,0.009,0.702,0.713 | 0.064,-0.010,0.005
cam1 extrinsics = 0.001,0.013,0.702,0.712 | -0.047,-0.010,0.004
q_GtoI = 0.049,-0.836,0.014,0.546 | p_IinG = -1.902,-0.121,0.260 | dist = 64.77 (meters)
bg = 0.0003,0.0226,0.0788 | ba = -0.0094,0.0720,0.0622
camera-imu timeoffset = 0.00007
cam0 intrinsics = 461.427,460.606,363.669,245.021 | -0.281,0.072,0.001,0.000
cam1 intrinsics = 459.211,458.467,376.626,251.942 | -0.279,0.070,0.001,-0.000
cam0 extrinsics = -0.002,0.009,0.702,0.713 | 0.064,-0.010,0.005
cam1 extrinsics = 0.001,0.013,0.702,0.712 | -0.047,-0.010,0.004
q_GtoI = 0.055,-0.834,0.009,0.550 | p_IinG = -1.918,-0.140,0.261 | dist = 64.80 (meters)
bg = 0.0004,0.0228,0.0787 | ba = -0.0097,0.0740,0.0636
camera-imu timeoffset = 0.00007
cam0 intrinsics = 461.431,460.606,363.673,245.026 | -0.281,0.072,0.001,0.000
cam1 intrinsics = 459.216,458.467,376.627,251.947 | -0.279,0.070,0.001,-0.000
cam0 extrinsics = -0.002,0.009,0.702,0.713 | 0.064,-0.010,0.005
cam1 extrinsics = 0.001,0.013,0.702,0.712 | -0.047,-0.010,0.004
q_GtoI = 0.057,-0.830,0.010,0.554 | p_IinG = -1.933,-0.156,0.262 | dist = 64.82 (meters)
bg = 0.0001,0.0229,0.0788 | ba = -0.0103,0.0755,0.0672
camera-imu timeoffset = 0.00007
cam0 intrinsics = 461.432,460.605,363.703,245.041 | -0.281,0.072,0.001,0.000
cam1 intrinsics = 459.225,458.472,376.631,251.956 | -0.279,0.070,0.001,-0.000
cam0 extrinsics = -0.002,0.009,0.702,0.713 | 0.064,-0.010,0.005
cam1 extrinsics = 0.001,0.013,0.702,0.712 | -0.047,-0.010,0.004
q_GtoI = 0.057,-0.827,0.013,0.559 | p_IinG = -1.951,-0.177,0.263 | dist = 64.85 (meters)
bg = 0.0000,0.0229,0.0788 | ba = -0.0116,0.0763,0.0677
camera-imu timeoffset = 0.00007
cam0 intrinsics = 461.436,460.607,363.710,245.040 | -0.281,0.072,0.001,0.000
cam1 intrinsics = 459.227,458.472,376.642,251.959 | -0.279,0.070,0.001,-0.000
cam0 extrinsics = -0.002,0.009,0.702,0.713 | 0.064,-0.010,0.005
cam1 extrinsics = 0.001,0.013,0.702,0.712 | -0.047,-0.010,0.004
q_GtoI = 0.056,-0.823,0.021,0.565 | p_IinG = -1.971,-0.199,0.265 | dist = 64.88 (meters)
bg = -0.0000,0.0230,0.0788 | ba = -0.0112,0.0775,0.0692
camera-imu timeoffset = 0.00007
cam0 intrinsics = 461.436,460.608,363.707,245.036 | -0.281,0.072,0.001,0.000
cam1 intrinsics = 459.227,458.474,376.638,251.956 | -0.279,0.070,0.001,-0.000
cam0 extrinsics = -0.002,0.009,0.702,0.713 | 0.064,-0.010,0.005
cam1 extrinsics = 0.001,0.013,0.702,0.712 | -0.047,-0.010,0.004
q_GtoI = 0.056,-0.817,0.030,0.573 | p_IinG = -1.990,-0.223,0.267 | dist = 64.91 (meters)
bg = 0.0000,0.0231,0.0788 | ba = -0.0108,0.0786,0.0708
camera-imu timeoffset = 0.00007
cam0 intrinsics = 461.434,460.609,363.704,245.035 | -0.281,0.072,0.001,0.000
cam1 intrinsics = 459.227,458.476,376.634,251.956 | -0.279,0.070,0.001,-0.000
cam0 extrinsics = -0.002,0.009,0.702,0.713 | 0.064,-0.010,0.005
cam1 extrinsics = 0.001,0.013,0.702,0.712 | -0.047,-0.010,0.004
q_GtoI = 0.058,-0.812,0.039,0.580 | p_IinG = -2.011,-0.247,0.271 | dist = 64.94 (meters)
bg = -0.0002,0.0233,0.0788 | ba = -0.0134,0.0808,0.0703
camera-imu timeoffset = 0.00007
cam0 intrinsics = 461.437,460.612,363.704,245.027 | -0.281,0.072,0.001,0.000
cam1 intrinsics = 459.230,458.479,376.638,251.952 | -0.279,0.070,0.001,-0.000
cam0 extrinsics = -0.002,0.009,0.702,0.713 | 0.064,-0.010,0.005
cam1 extrinsics = 0.001,0.013,0.702,0.712 | -0.047,-0.010,0.004
q_GtoI = 0.065,-0.804,0.054,0.588 | p_IinG = -2.050,-0.292,0.269 | dist = 65.01 (meters)
bg = -0.0002,0.0234,0.0789 | ba = -0.0102,0.0803,0.0751
camera-imu timeoffset = 0.00007
cam0 intrinsics = 461.438,460.618,363.712,245.033 | -0.281,0.072,0.001,0.000
cam1 intrinsics = 459.229,458.484,376.648,251.961 | -0.279,0.070,0.001,-0.000
cam0 extrinsics = -0.002,0.009,0.702,0.713 | 0.064,-0.010,0.005
cam1 extrinsics = 0.001,0.013,0.702,0.712 | -0.047,-0.010,0.004
q_GtoI = 0.073,-0.797,0.065,0.596 | p_IinG = -2.086,-0.334,0.250 | dist = 65.07 (meters)
bg = -0.0007,0.0237,0.0791 | ba = -0.0080,0.0795,0.0765
camera-imu timeoffset = 0.00007
cam0 intrinsics = 461.442,460.621,363.705,245.027 | -0.281,0.072,0.001,0.000
cam1 intrinsics = 459.232,458.484,376.640,251.957 | -0.279,0.070,0.001,-0.000
cam0 extrinsics = -0.002,0.009,0.702,0.713 | 0.064,-0.010,0.005
cam1 extrinsics = 0.001,0.013,0.702,0.712 | -0.047,-0.010,0.004
q_GtoI = 0.080,-0.789,0.072,0.605 | p_IinG = -2.118,-0.373,0.218 | dist = 65.13 (meters)
bg = -0.0012,0.0240,0.0793 | ba = -0.0070,0.0804,0.0766
camera-imu timeoffset = 0.00007
cam0 intrinsics = 461.443,460.621,363.699,245.025 | -0.281,0.072,0.001,0.000
cam1 intrinsics = 459.233,458.485,376.632,251.952 | -0.279,0.070,0.001,-0.000
cam0 extrinsics = -0.002,0.009,0.702,0.713 | 0.064,-0.010,0.005
cam1 extrinsics = 0.001,0.013,0.702,0.712 | -0.047,-0.010,0.004
q_GtoI = 0.086,-0.779,0.071,0.616 | p_IinG = -2.141,-0.410,0.175 | dist = 65.19 (meters)
bg = -0.0010,0.0241,0.0794 | ba = -0.0051,0.0823,0.0774
camera-imu timeoffset = 0.00007
cam0 intrinsics = 461.458,460.623,363.773,244.959 | -0.281,0.072,0.001,0.000
cam1 intrinsics = 459.252,458.493,376.674,251.888 | -0.279,0.070,0.001,-0.000
cam0 extrinsics = -0.002,0.009,0.702,0.713 | 0.064,-0.009,0.005
cam1 extrinsics = 0.001,0.013,0.702,0.712 | -0.047,-0.010,0.004
q_GtoI = 0.098,-0.783,0.056,0.611 | p_IinG = -2.159,-0.443,0.132 | dist = 65.25 (meters)
bg = -0.0012,0.0243,0.0794 | ba = -0.0057,0.0823,0.0771
camera-imu timeoffset = 0.00007
cam0 intrinsics = 461.460,460.623,363.763,244.958 | -0.281,0.072,0.001,0.000
cam1 intrinsics = 459.254,458.494,376.660,251.886 | -0.279,0.070,0.001,-0.000
cam0 extrinsics = -0.002,0.009,0.702,0.713 | 0.064,-0.009,0.005
cam1 extrinsics = 0.001,0.013,0.702,0.712 | -0.047,-0.010,0.004
q_GtoI = 0.111,-0.797,0.035,0.592 | p_IinG = -2.167,-0.478,0.089 | dist = 65.30 (meters)
bg = -0.0012,0.0244,0.0797 | ba = -0.0063,0.0812,0.0767
camera-imu timeoffset = 0.00007
cam0 intrinsics = 461.454,460.622,363.756,244.959 | -0.281,0.072,0.001,0.000
cam1 intrinsics = 459.248,458.492,376.652,251.884 | -0.279,0.070,0.001,-0.000
cam0 extrinsics = -0.002,0.009,0.702,0.713 | 0.064,-0.010,0.005
cam1 extrinsics = 0.001,0.013,0.702,0.712 | -0.047,-0.010,0.004
q_GtoI = 0.123,-0.806,0.014,0.579 | p_IinG = -2.171,-0.520,0.051 | dist = 65.36 (meters)
bg = -0.0012,0.0245,0.0797 | ba = -0.0066,0.0807,0.0754
camera-imu timeoffset = 0.00007
cam0 intrinsics = 461.454,460.619,363.748,244.949 | -0.281,0.072,0.001,0.000
cam1 intrinsics = 459.248,458.490,376.642,251.870 | -0.279,0.070,0.001,-0.000
cam0 extrinsics = -0.002,0.009,0.702,0.713 | 0.064,-0.009,0.005
cam1 extrinsics = 0.001,0.013,0.702,0.712 | -0.047,-0.010,0.004
q_GtoI = 0.126,-0.811,0.007,0.572 | p_IinG = -2.170,-0.571,0.019 | dist = 65.42 (meters)
bg = -0.0014,0.0241,0.0789 | ba = -0.0080,0.0798,0.0749
camera-imu timeoffset = 0.00007
cam0 intrinsics = 461.455,460.616,363.731,244.971 | -0.281,0.072,0.001,0.000
cam1 intrinsics = 459.251,458.488,376.617,251.888 | -0.279,0.070,0.001,-0.000
cam0 extrinsics = -0.002,0.009,0.702,0.713 | 0.064,-0.009,0.005
cam1 extrinsics = 0.001,0.013,0.702,0.712 | -0.047,-0.010,0.004
q_GtoI = 0.114,-0.821,0.018,0.560 | p_IinG = -2.172,-0.638,-0.007 | dist = 65.49 (meters)
bg = -0.0012,0.0243,0.0789 | ba = -0.0080,0.0798,0.0733
camera-imu timeoffset = 0.00007
cam0 intrinsics = 461.455,460.612,363.733,244.963 | -0.281,0.072,0.001,0.000
cam1 intrinsics = 459.251,458.483,376.619,251.881 | -0.279,0.070,0.001,-0.000
cam0 extrinsics = -0.002,0.009,0.702,0.713 | 0.064,-0.009,0.005
cam1 extrinsics = 0.001,0.013,0.702,0.712 | -0.047,-0.010,0.004
q_GtoI = 0.100,-0.829,0.032,0.549 | p_IinG = -2.179,-0.716,-0.016 | dist = 65.57 (meters)
bg = -0.0011,0.0248,0.0787 | ba = -0.0126,0.0819,0.0700
camera-imu timeoffset = 0.00007
cam0 intrinsics = 461.451,460.619,363.718,244.996 | -0.281,0.072,0.001,0.000
cam1 intrinsics = 459.252,458.496,376.609,251.901 | -0.279,0.070,0.001,-0.000
cam0 extrinsics = -0.002,0.009,0.702,0.713 | 0.064,-0.010,0.005
cam1 extrinsics = 0.001,0.013,0.702,0.712 | -0.046,-0.010,0.004
q_GtoI = 0.090,-0.833,0.042,0.544 | p_IinG = -2.191,-0.799,-0.011 | dist = 65.65 (meters)
bg = -0.0010,0.0248,0.0788 | ba = -0.0144,0.0817,0.0688
camera-imu timeoffset = 0.00007
cam0 intrinsics = 461.450,460.621,363.714,244.994 | -0.281,0.072,0.001,0.000
cam1 intrinsics = 459.252,458.498,376.604,251.897 | -0.279,0.070,0.001,-0.000
cam0 extrinsics = -0.002,0.009,0.702,0.713 | 0.064,-0.010,0.005
cam1 extrinsics = 0.001,0.013,0.702,0.712 | -0.046,-0.010,0.004
q_GtoI = 0.085,-0.826,0.050,0.555 | p_IinG = -2.208,-0.885,0.005 | dist = 65.74 (meters)
bg = -0.0010,0.0248,0.0791 | ba = -0.0162,0.0828,0.0699
camera-imu timeoffset = 0.00007
cam0 intrinsics = 461.454,460.626,363.725,244.988 | -0.281,0.072,0.001,0.000
cam1 intrinsics = 459.255,458.503,376.609,251.892 | -0.279,0.070,0.001,-0.000
cam0 extrinsics = -0.002,0.009,0.702,0.713 | 0.064,-0.010,0.005
cam1 extrinsics = 0.001,0.013,0.702,0.712 | -0.046,-0.010,0.004
q_GtoI = 0.074,-0.806,0.066,0.583 | p_IinG = -2.228,-0.971,0.017 | dist = 65.83 (meters)
bg = -0.0011,0.0246,0.0791 | ba = -0.0149,0.0832,0.0712
camera-imu timeoffset = 0.00007
cam0 intrinsics = 461.453,460.634,363.739,244.979 | -0.281,0.072,0.001,0.000
cam1 intrinsics = 459.253,458.507,376.616,251.890 | -0.279,0.070,0.001,-0.000
cam0 extrinsics = -0.002,0.009,0.702,0.713 | 0.064,-0.009,0.005
cam1 extrinsics = 0.001,0.013,0.702,0.712 | -0.046,-0.010,0.004
q_GtoI = 0.058,-0.785,0.089,0.610 | p_IinG = -2.245,-1.054,0.022 | dist = 65.91 (meters)
bg = -0.0014,0.0246,0.0792 | ba = -0.0134,0.0861,0.0722
camera-imu timeoffset = 0.00007
cam0 intrinsics = 461.448,460.642,363.732,244.977 | -0.281,0.072,0.001,0.000
cam1 intrinsics = 459.250,458.513,376.604,251.889 | -0.279,0.070,0.001,-0.000
cam0 extrinsics = -0.002,0.009,0.702,0.713 | 0.064,-0.009,0.005
cam1 extrinsics = 0.001,0.013,0.702,0.712 | -0.046,-0.010,0.004
q_GtoI = 0.045,-0.778,0.110,0.616 | p_IinG = -2.257,-1.128,0.016 | dist = 65.99 (meters)
bg = -0.0016,0.0248,0.0794 | ba = -0.0153,0.0888,0.0738
camera-imu timeoffset = 0.00007
cam0 intrinsics = 461.443,460.638,363.745,244.986 | -0.281,0.072,0.001,0.000
cam1 intrinsics = 459.244,458.508,376.621,251.899 | -0.279,0.070,0.001,-0.000
cam0 extrinsics = -0.002,0.009,0.702,0.713 | 0.064,-0.010,0.005
cam1 extrinsics = 0.001,0.013,0.702,0.712 | -0.046,-0.010,0.004
q_GtoI = 0.031,-0.777,0.132,0.614 | p_IinG = -2.263,-1.187,0.001 | dist = 66.05 (meters)
bg = -0.0019,0.0250,0.0795 | ba = -0.0177,0.0893,0.0745
camera-imu timeoffset = 0.00007
cam0 intrinsics = 461.440,460.636,363.742,244.984 | -0.281,0.072,0.001,0.000
cam1 intrinsics = 459.242,458.505,376.618,251.899 | -0.279,0.070,0.001,-0.000
cam0 extrinsics = -0.002,0.009,0.702,0.713 | 0.065,-0.010,0.005
cam1 extrinsics = 0.001,0.013,0.702,0.712 | -0.046,-0.010,0.004
q_GtoI = 0.031,-0.772,0.130,0.621 | p_IinG = -2.261,-1.227,-0.016 | dist = 66.10 (meters)
bg = -0.0020,0.0250,0.0795 | ba = -0.0190,0.0883,0.0755
camera-imu timeoffset = 0.00007
cam0 intrinsics = 461.438,460.635,363.739,244.991 | -0.281,0.072,0.001,0.000
cam1 intrinsics = 459.240,458.503,376.613,251.908 | -0.279,0.070,0.001,-0.000
cam0 extrinsics = -0.002,0.009,0.702,0.713 | 0.065,-0.010,0.005
cam1 extrinsics = 0.001,0.013,0.702,0.712 | -0.046,-0.010,0.004
q_GtoI = 0.053,-0.783,0.096,0.613 | p_IinG = -2.252,-1.246,-0.033 | dist = 66.13 (meters)
bg = -0.0023,0.0251,0.0791 | ba = -0.0190,0.0871,0.0763
camera-imu timeoffset = 0.00007
cam0 intrinsics = 461.435,460.641,363.735,244.992 | -0.281,0.072,0.001,0.000
cam1 intrinsics = 459.236,458.506,376.601,251.919 | -0.279,0.070,0.001,-0.000
cam0 extrinsics = -0.002,0.009,0.702,0.713 | 0.065,-0.010,0.005
cam1 extrinsics = 0.001,0.013,0.702,0.712 | -0.046,-0.010,0.004
q_GtoI = 0.074,-0.802,0.061,0.590 | p_IinG = -2.234,-1.256,-0.044 | dist = 66.15 (meters)
bg = -0.0022,0.0250,0.0790 | ba = -0.0202,0.0871,0.0774
camera-imu timeoffset = 0.00007
cam0 intrinsics = 461.433,460.643,363.728,245.006 | -0.281,0.072,0.001,0.000
cam1 intrinsics = 459.237,458.508,376.594,251.931 | -0.279,0.070,0.001,-0.000
cam0 extrinsics = -0.002,0.009,0.702,0.713 | 0.064,-0.010,0.005
cam1 extrinsics = 0.001,0.013,0.702,0.712 | -0.046,-0.010,0.004
q_GtoI = 0.086,-0.814,0.037,0.574 | p_IinG = -2.212,-1.264,-0.039 | dist = 66.17 (meters)
bg = -0.0022,0.0248,0.0789 | ba = -0.0215,0.0876,0.0779
camera-imu timeoffset = 0.00007
cam0 intrinsics = 461.432,460.646,363.727,245.010 | -0.281,0.072,0.001,0.000
cam1 intrinsics = 459.236,458.510,376.594,251.936 | -0.279,0.070,0.001,-0.000
cam0 extrinsics = -0.002,0.009,0.702,0.713 | 0.064,-0.010,0.005
cam1 extrinsics = 0.001,0.013,0.702,0.712 | -0.046,-0.010,0.004
q_GtoI = 0.086,-0.825,0.031,0.558 | p_IinG = -2.191,-1.278,-0.020 | dist = 66.20 (meters)
bg = -0.0020,0.0247,0.0790 | ba = -0.0235,0.0889,0.0786
camera-imu timeoffset = 0.00007
cam0 intrinsics = 461.436,460.647,363.723,245.023 | -0.281,0.072,0.001,0.000
cam1 intrinsics = 459.243,458.510,376.595,251.944 | -0.279,0.070,0.001,-0.000
cam0 extrinsics = -0.002,0.009,0.702,0.713 | 0.064,-0.010,0.005
cam1 extrinsics = 0.001,0.013,0.702,0.712 | -0.046,-0.010,0.004
q_GtoI = 0.082,-0.841,0.031,0.534 | p_IinG = -2.174,-1.295,0.001 | dist = 66.23 (meters)
bg = -0.0019,0.0247,0.0792 | ba = -0.0257,0.0884,0.0797
camera-imu timeoffset = 0.00007
cam0 intrinsics = 461.444,460.650,363.723,245.025 | -0.281,0.072,0.001,0.000
cam1 intrinsics = 459.250,458.512,376.601,251.953 | -0.279,0.070,0.001,-0.000
cam0 extrinsics = -0.002,0.009,0.702,0.713 | 0.064,-0.010,0.005
cam1 extrinsics = 0.001,0.013,0.702,0.712 | -0.046,-0.010,0.004
q_GtoI = 0.078,-0.857,0.031,0.508 | p_IinG = -2.168,-1.319,0.013 | dist = 66.26 (meters)
bg = -0.0018,0.0249,0.0791 | ba = -0.0266,0.0878,0.0802
camera-imu timeoffset = 0.00007
cam0 intrinsics = 461.448,460.658,363.717,245.043 | -0.281,0.072,0.001,0.000
cam1 intrinsics = 459.254,458.519,376.591,251.975 | -0.279,0.070,0.001,-0.000
cam0 extrinsics = -0.002,0.009,0.702,0.713 | 0.064,-0.010,0.005
cam1 extrinsics = 0.001,0.013,0.702,0.712 | -0.046,-0.010,0.004
q_GtoI = 0.076,-0.868,0.032,0.490 | p_IinG = -2.177,-1.345,0.015 | dist = 66.29 (meters)
bg = -0.0020,0.0250,0.0793 | ba = -0.0227,0.0863,0.0786
camera-imu timeoffset = 0.00007
cam0 intrinsics = 461.449,460.666,363.715,245.066 | -0.281,0.072,0.001,0.000
cam1 intrinsics = 459.254,458.524,376.591,251.999 | -0.279,0.070,0.001,-0.000
cam0 extrinsics = -0.002,0.009,0.702,0.713 | 0.064,-0.010,0.005
cam1 extrinsics = 0.001,0.013,0.702,0.712 | -0.046,-0.010,0.004
q_GtoI = 0.064,-0.872,0.043,0.483 | p_IinG = -2.209,-1.378,0.018 | dist = 66.33 (meters)
bg = -0.0021,0.0248,0.0792 | ba = -0.0204,0.0841,0.0775
camera-imu timeoffset = 0.00007
cam0 intrinsics = 461.450,460.669,363.718,245.083 | -0.281,0.072,0.001,0.000
cam1 intrinsics = 459.252,458.524,376.594,252.018 | -0.279,0.070,0.001,-0.000
cam0 extrinsics = -0.002,0.009,0.702,0.713 | 0.064,-0.010,0.005
cam1 extrinsics = 0.001,0.013,0.702,0.712 | -0.046,-0.010,0.004
q_GtoI = 0.050,-0.861,0.060,0.502 | p_IinG = -2.266,-1.413,0.030 | dist = 66.40 (meters)
bg = -0.0019,0.0250,0.0790 | ba = -0.0173,0.0838,0.0763
camera-imu timeoffset = 0.00007
cam0 intrinsics = 461.461,460.663,363.737,245.088 | -0.281,0.072,0.001,0.000
cam1 intrinsics = 459.261,458.515,376.603,252.029 | -0.279,0.070,0.001,-0.000
cam0 extrinsics = -0.002,0.009,0.702,0.713 | 0.064,-0.010,0.005
cam1 extrinsics = 0.001,0.013,0.702,0.712 | -0.047,-0.010,0.004
q_GtoI = 0.034,-0.840,0.072,0.536 | p_IinG = -2.339,-1.445,0.047 | dist = 66.48 (meters)
bg = -0.0016,0.0250,0.0791 | ba = -0.0172,0.0826,0.0778
camera-imu timeoffset = 0.00007
cam0 intrinsics = 461.464,460.661,363.733,245.089 | -0.281,0.072,0.001,0.000
cam1 intrinsics = 459.263,458.513,376.597,252.028 | -0.279,0.070,0.001,-0.000
cam0 extrinsics = -0.002,0.009,0.702,0.713 | 0.064,-0.010,0.005
cam1 extrinsics = 0.001,0.013,0.702,0.712 | -0.047,-0.010,0.004
q_GtoI = 0.018,-0.819,0.074,0.569 | p_IinG = -2.421,-1.470,0.066 | dist = 66.57 (meters)
bg = -0.0014,0.0251,0.0791 | ba = -0.0174,0.0827,0.0786
camera-imu timeoffset = 0.00007
cam0 intrinsics = 461.464,460.658,363.726,245.091 | -0.281,0.072,0.001,0.000
cam1 intrinsics = 459.265,458.509,376.595,252.026 | -0.279,0.070,0.001,-0.000
cam0 extrinsics = -0.002,0.009,0.702,0.713 | 0.064,-0.010,0.005
cam1 extrinsics = 0.001,0.013,0.702,0.712 | -0.047,-0.010,0.004
q_GtoI = -0.002,-0.798,0.071,0.599 | p_IinG = -2.505,-1.480,0.081 | dist = 66.66 (meters)
bg = -0.0011,0.0251,0.0790 | ba = -0.0151,0.0811,0.0779
camera-imu timeoffset = 0.00007
cam0 intrinsics = 461.461,460.655,363.727,245.097 | -0.281,0.072,0.001,0.000
cam1 intrinsics = 459.262,458.506,376.597,252.029 | -0.279,0.070,0.001,-0.000
cam0 extrinsics = -0.002,0.009,0.702,0.713 | 0.064,-0.010,0.005
cam1 extrinsics = 0.001,0.013,0.702,0.712 | -0.047,-0.010,0.004
q_GtoI = -0.023,-0.782,0.055,0.620 | p_IinG = -2.584,-1.476,0.092 | dist = 66.74 (meters)
bg = -0.0010,0.0252,0.0789 | ba = -0.0151,0.0790,0.0779
camera-imu timeoffset = 0.00007
cam0 intrinsics = 461.456,460.650,363.728,245.101 | -0.281,0.072,0.001,0.000
cam1 intrinsics = 459.257,458.500,376.598,252.034 | -0.279,0.070,0.001,-0.000
cam0 extrinsics = -0.002,0.009,0.702,0.713 | 0.064,-0.010,0.005
cam1 extrinsics = 0.001,0.013,0.702,0.712 | -0.047,-0.010,0.004
q_GtoI = -0.051,-0.772,0.034,0.632 | p_IinG = -2.649,-1.458,0.094 | dist = 66.81 (meters)
bg = -0.0011,0.0251,0.0787 | ba = -0.0163,0.0765,0.0793
camera-imu timeoffset = 0.00007
cam0 intrinsics = 461.450,460.642,363.732,245.102 | -0.281,0.072,0.001,0.000
cam1 intrinsics = 459.251,458.490,376.602,252.037 | -0.279,0.070,0.001,-0.000
cam0 extrinsics = -0.002,0.009,0.702,0.713 | 0.064,-0.010,0.005
cam1 extrinsics = 0.001,0.013,0.702,0.712 | -0.047,-0.010,0.004
q_GtoI = -0.085,-0.766,0.008,0.638 | p_IinG = -2.702,-1.429,0.086 | dist = 66.87 (meters)
bg = -0.0010,0.0251,0.0784 | ba = -0.0188,0.0764,0.0799
camera-imu timeoffset = 0.00007
cam0 intrinsics = 461.448,460.638,363.731,245.108 | -0.281,0.072,0.001,0.000
cam1 intrinsics = 459.248,458.486,376.602,252.044 | -0.279,0.070,0.001,-0.000
cam0 extrinsics = -0.002,0.009,0.702,0.713 | 0.064,-0.010,0.005
cam1 extrinsics = 0.001,0.013,0.702,0.712 | -0.047,-0.010,0.004
q_GtoI = -0.124,-0.760,-0.022,0.638 | p_IinG = -2.739,-1.390,0.072 | dist = 66.92 (meters)
bg = -0.0009,0.0251,0.0780 | ba = -0.0209,0.0769,0.0803
camera-imu timeoffset = 0.00007
cam0 intrinsics = 461.448,460.638,363.730,245.116 | -0.281,0.072,0.001,0.000
cam1 intrinsics = 459.248,458.485,376.603,252.053 | -0.279,0.070,0.001,-0.000
cam0 extrinsics = -0.002,0.009,0.702,0.713 | 0.064,-0.010,0.005
cam1 extrinsics = 0.001,0.013,0.702,0.712 | -0.047,-0.010,0.004
q_GtoI = -0.169,-0.756,-0.052,0.630 | p_IinG = -2.756,-1.340,0.051 | dist = 66.98 (meters)
bg = -0.0009,0.0249,0.0778 | ba = -0.0225,0.0756,0.0803
camera-imu timeoffset = 0.00007
cam0 intrinsics = 461.446,460.634,363.729,245.124 | -0.281,0.072,0.001,0.000
cam1 intrinsics = 459.246,458.480,376.603,252.060 | -0.279,0.070,0.001,-0.000
cam0 extrinsics = -0.003,0.009,0.702,0.713 | 0.064,-0.010,0.005
cam1 extrinsics = 0.001,0.013,0.702,0.712 | -0.047,-0.010,0.004
q_GtoI = -0.215,-0.763,-0.084,0.604 | p_IinG = -2.764,-1.283,0.024 | dist = 67.04 (meters)
bg = -0.0006,0.0252,0.0778 | ba = -0.0219,0.0775,0.0808
camera-imu timeoffset = 0.00007
cam0 intrinsics = 461.449,460.633,363.726,245.125 | -0.281,0.072,0.001,0.000
cam1 intrinsics = 459.249,458.480,376.600,252.062 | -0.279,0.070,0.001,-0.000
cam0 extrinsics = -0.003,0.009,0.702,0.713 | 0.064,-0.010,0.005
cam1 extrinsics = 0.001,0.013,0.702,0.712 | -0.047,-0.010,0.004
q_GtoI = -0.257,-0.768,-0.123,0.574 | p_IinG = -2.754,-1.220,0.001 | dist = 67.11 (meters)
bg = -0.0006,0.0252,0.0778 | ba = -0.0218,0.0788,0.0812
camera-imu timeoffset = 0.00007
cam0 intrinsics = 461.453,460.635,363.730,245.122 | -0.281,0.072,0.001,0.000
cam1 intrinsics = 459.253,458.482,376.606,252.059 | -0.279,0.070,0.001,-0.000
cam0 extrinsics = -0.003,0.009,0.702,0.713 | 0.064,-0.010,0.005
cam1 extrinsics = 0.001,0.013,0.702,0.712 | -0.047,-0.010,0.004
q_GtoI = -0.288,-0.764,-0.176,0.550 | p_IinG = -2.737,-1.148,-0.017 | dist = 67.19 (meters)
bg = -0.0006,0.0252,0.0779 | ba = -0.0209,0.0790,0.0815
camera-imu timeoffset = 0.00007
cam0 intrinsics = 461.454,460.637,363.731,245.119 | -0.281,0.072,0.001,0.000
cam1 intrinsics = 459.255,458.482,376.606,252.055 | -0.279,0.070,0.001,-0.000
cam0 extrinsics = -0.003,0.009,0.702,0.713 | 0.064,-0.010,0.005
cam1 extrinsics = 0.001,0.013,0.702,0.712 | -0.047,-0.010,0.004
q_GtoI = -0.316,-0.753,-0.228,0.530 | p_IinG = -2.718,-1.074,-0.026 | dist = 67.26 (meters)
bg = -0.0006,0.0251,0.0779 | ba = -0.0206,0.0789,0.0819
camera-imu timeoffset = 0.00007
cam0 intrinsics = 461.454,460.637,363.731,245.117 | -0.281,0.072,0.001,0.000
cam1 intrinsics = 459.255,458.483,376.607,252.052 | -0.279,0.070,0.001,-0.000
cam0 extrinsics = -0.002,0.009,0.702,0.713 | 0.064,-0.010,0.005
cam1 extrinsics = 0.001,0.013,0.702,0.712 | -0.047,-0.010,0.004
q_GtoI = -0.348,-0.735,-0.271,0.515 | p_IinG = -2.703,-1.003,-0.031 | dist = 67.34 (meters)
bg = -0.0006,0.0252,0.0780 | ba = -0.0201,0.0799,0.0828
camera-imu timeoffset = 0.00007
cam0 intrinsics = 461.454,460.636,363.731,245.114 | -0.281,0.072,0.001,0.000
cam1 intrinsics = 459.255,458.483,376.606,252.050 | -0.279,0.070,0.001,-0.000
cam0 extrinsics = -0.002,0.009,0.702,0.713 | 0.064,-0.010,0.005
cam1 extrinsics = 0.001,0.013,0.702,0.712 | -0.047,-0.010,0.004
q_GtoI = -0.367,-0.725,-0.287,0.508 | p_IinG = -2.695,-0.969,-0.034 | dist = 67.37 (meters)
bg = -0.0006,0.0252,0.0780 | ba = -0.0198,0.0797,0.0830
camera-imu timeoffset = 0.00007
cam0 intrinsics = 461.455,460.636,363.731,245.113 | -0.281,0.072,0.001,0.000
cam1 intrinsics = 459.255,458.483,376.607,252.048 | -0.279,0.070,0.001,-0.000
cam0 extrinsics = -0.002,0.009,0.702,0.713 | 0.064,-0.010,0.005
cam1 extrinsics = 0.001,0.013,0.702,0.712 | -0.047,-0.010,0.004
q_GtoI = -0.386,-0.714,-0.302,0.500 | p_IinG = -2.705,-0.952,-0.030 | dist = 67.40 (meters)
bg = -0.0004,0.0255,0.0783 | ba = -0.0171,0.0913,0.0951
camera-imu timeoffset = 0.00007
cam0 intrinsics = 461.456,460.630,363.733,245.087 | -0.281,0.072,0.001,0.000
cam1 intrinsics = 459.257,458.477,376.607,252.026 | -0.279,0.070,0.001,-0.000
cam0 extrinsics = -0.002,0.009,0.702,0.713 | 0.064,-0.010,0.005
cam1 extrinsics = 0.001,0.013,0.702,0.712 | -0.047,-0.010,0.004
q_GtoI = -0.407,-0.702,-0.314,0.493 | p_IinG = -2.701,-0.923,-0.032 | dist = 67.43 (meters)
bg = -0.0004,0.0255,0.0783 | ba = -0.0167,0.0913,0.0958
camera-imu timeoffset = 0.00007
cam0 intrinsics = 461.457,460.630,363.728,245.091 | -0.281,0.072,0.001,0.000
cam1 intrinsics = 459.258,458.477,376.603,252.029 | -0.279,0.070,0.001,-0.000
cam0 extrinsics = -0.002,0.009,0.702,0.713 | 0.064,-0.010,0.005
cam1 extrinsics = 0.001,0.013,0.702,0.712 | -0.047,-0.010,0.004
q_GtoI = -0.428,-0.691,-0.322,0.485 | p_IinG = -2.698,-0.895,-0.035 | dist = 67.46 (meters)
bg = -0.0004,0.0255,0.0784 | ba = -0.0166,0.0915,0.0963
camera-imu timeoffset = 0.00007
cam0 intrinsics = 461.458,460.630,363.728,245.090 | -0.281,0.072,0.001,0.000
cam1 intrinsics = 459.258,458.477,376.603,252.027 | -0.279,0.070,0.001,-0.000
cam0 extrinsics = -0.002,0.009,0.702,0.713 | 0.064,-0.010,0.005
cam1 extrinsics = 0.001,0.013,0.702,0.712 | -0.047,-0.010,0.004
q_GtoI = -0.451,-0.678,-0.329,0.478 | p_IinG = -2.696,-0.869,-0.039 | dist = 67.49 (meters)
bg = -0.0003,0.0254,0.0784 | ba = -0.0157,0.0917,0.0968
camera-imu timeoffset = 0.00007
cam0 intrinsics = 461.459,460.630,363.726,245.087 | -0.281,0.072,0.001,0.000
cam1 intrinsics = 459.259,458.477,376.601,252.026 | -0.279,0.070,0.001,-0.000
cam0 extrinsics = -0.002,0.009,0.702,0.713 | 0.064,-0.010,0.005
cam1 extrinsics = 0.001,0.013,0.702,0.712 | -0.047,-0.010,0.004
q_GtoI = -0.472,-0.666,-0.336,0.470 | p_IinG = -2.694,-0.841,-0.043 | dist = 67.52 (meters)
bg = -0.0003,0.0254,0.0784 | ba = -0.0155,0.0908,0.0959
camera-imu timeoffset = 0.00007
cam0 intrinsics = 461.458,460.630,363.727,245.089 | -0.281,0.072,0.001,0.000
cam1 intrinsics = 459.259,458.477,376.601,252.027 | -0.279,0.070,0.001,-0.000
cam0 extrinsics = -0.002,0.009,0.702,0.713 | 0.064,-0.010,0.005
cam1 extrinsics = 0.001,0.013,0.702,0.712 | -0.047,-0.010,0.004
q_GtoI = -0.492,-0.653,-0.344,0.462 | p_IinG = -2.701,-0.806,-0.039 | dist = 67.55 (meters)
bg = -0.0007,0.0256,0.0782 | ba = -0.0179,0.0938,0.0925
camera-imu timeoffset = 0.00007
cam0 intrinsics = 461.446,460.629,363.723,245.108 | -0.281,0.072,0.001,0.000
cam1 intrinsics = 459.247,458.475,376.595,252.045 | -0.279,0.070,0.001,-0.000
cam0 extrinsics = -0.002,0.009,0.702,0.713 | 0.064,-0.010,0.005
cam1 extrinsics = 0.001,0.013,0.702,0.712 | -0.047,-0.010,0.004
q_GtoI = -0.512,-0.639,-0.351,0.453 | p_IinG = -2.710,-0.776,-0.054 | dist = 67.57 (meters)
bg = -0.0007,0.0262,0.0777 | ba = -0.0074,0.0939,0.0886
camera-imu timeoffset = 0.00007
cam0 intrinsics = 461.446,460.629,363.721,245.116 | -0.281,0.072,0.001,0.000
cam1 intrinsics = 459.247,458.476,376.594,252.053 | -0.279,0.070,0.001,-0.000
cam0 extrinsics = -0.003,0.009,0.702,0.713 | 0.064,-0.010,0.005
cam1 extrinsics = 0.001,0.013,0.702,0.712 | -0.047,-0.010,0.004
q_GtoI = -0.531,-0.622,-0.362,0.447 | p_IinG = -2.680,-0.749,-0.057 | dist = 67.60 (meters)
bg = 0.0006,0.0247,0.0781 | ba = -0.0140,0.0834,0.0865
camera-imu timeoffset = 0.00007
cam0 intrinsics = 461.490,460.658,363.757,245.120 | -0.281,0.072,0.001,0.000
cam1 intrinsics = 459.285,458.502,376.619,252.054 | -0.279,0.070,0.001,-0.000
cam0 extrinsics = -0.003,0.009,0.702,0.712 | 0.064,-0.010,0.005
cam1 extrinsics = 0.001,0.013,0.702,0.712 | -0.047,-0.010,0.005
q_GtoI = -0.547,-0.609,-0.371,0.439 | p_IinG = -2.671,-0.712,-0.060 | dist = 67.63 (meters)
bg = -0.0004,0.0244,0.0784 | ba = -0.0141,0.0822,0.0817
camera-imu timeoffset = 0.00007
cam0 intrinsics = 461.470,460.650,363.784,245.114 | -0.281,0.072,0.001,0.000
cam1 intrinsics = 459.258,458.489,376.645,252.050 | -0.279,0.070,0.001,-0.000
cam0 extrinsics = -0.003,0.009,0.702,0.712 | 0.064,-0.010,0.005
cam1 extrinsics = 0.001,0.013,0.702,0.712 | -0.047,-0.010,0.004
q_GtoI = -0.562,-0.594,-0.381,0.431 | p_IinG = -2.660,-0.678,-0.060 | dist = 67.66 (meters)
bg = -0.0017,0.0246,0.0789 | ba = -0.0145,0.0830,0.0803
camera-imu timeoffset = 0.00007
cam0 intrinsics = 461.433,460.627,363.803,245.083 | -0.281,0.072,0.001,0.000
cam1 intrinsics = 459.212,458.459,376.662,252.023 | -0.279,0.070,0.001,-0.000
cam0 extrinsics = -0.003,0.009,0.702,0.712 | 0.064,-0.010,0.005
cam1 extrinsics = 0.001,0.013,0.702,0.712 | -0.047,-0.010,0.004
q_GtoI = -0.580,-0.578,-0.390,0.421 | p_IinG = -2.653,-0.655,-0.065 | dist = 67.69 (meters)
bg = -0.0015,0.0245,0.0780 | ba = -0.0112,0.0838,0.0820
camera-imu timeoffset = 0.00007
cam0 intrinsics = 461.430,460.639,363.798,245.082 | -0.281,0.072,0.001,0.000
cam1 intrinsics = 459.202,458.466,376.657,252.019 | -0.279,0.070,0.001,-0.000
cam0 extrinsics = -0.003,0.009,0.702,0.712 | 0.064,-0.010,0.005
cam1 extrinsics = 0.001,0.013,0.702,0.712 | -0.047,-0.010,0.004
q_GtoI = -0.597,-0.563,-0.399,0.410 | p_IinG = -2.648,-0.623,-0.065 | dist = 67.72 (meters)
bg = -0.0016,0.0246,0.0779 | ba = -0.0103,0.0856,0.0815
camera-imu timeoffset = 0.00007
cam0 intrinsics = 461.430,460.644,363.793,245.082 | -0.281,0.072,0.001,0.000
cam1 intrinsics = 459.196,458.467,376.651,252.023 | -0.279,0.070,0.001,-0.000
cam0 extrinsics = -0.003,0.009,0.702,0.712 | 0.064,-0.010,0.005
cam1 extrinsics = 0.001,0.013,0.702,0.712 | -0.047,-0.010,0.004
q_GtoI = -0.611,-0.549,-0.410,0.395 | p_IinG = -2.652,-0.574,-0.058 | dist = 67.75 (meters)
bg = -0.0012,0.0254,0.0781 | ba = -0.0102,0.0926,0.0728
camera-imu timeoffset = 0.00007
cam0 intrinsics = 461.482,460.685,363.755,245.119 | -0.281,0.072,0.001,0.000
cam1 intrinsics = 459.247,458.506,376.605,252.056 | -0.279,0.070,0.001,-0.000
cam0 extrinsics = -0.003,0.009,0.702,0.713 | 0.064,-0.010,0.005
cam1 extrinsics = 0.001,0.013,0.702,0.712 | -0.047,-0.010,0.004
q_GtoI = -0.625,-0.532,-0.423,0.385 | p_IinG = -2.649,-0.535,-0.054 | dist = 67.78 (meters)
bg = -0.0010,0.0260,0.0777 | ba = -0.0099,0.0930,0.0741
camera-imu timeoffset = 0.00007
cam0 intrinsics = 461.501,460.696,363.738,245.153 | -0.281,0.072,0.001,0.000
cam1 intrinsics = 459.261,458.515,376.600,252.089 | -0.279,0.070,0.001,-0.000
cam0 extrinsics = -0.003,0.009,0.702,0.713 | 0.064,-0.010,0.005
cam1 extrinsics = 0.001,0.013,0.702,0.712 | -0.047,-0.010,0.005
q_GtoI = -0.637,-0.516,-0.436,0.372 | p_IinG = -2.643,-0.503,-0.052 | dist = 67.81 (meters)
bg = -0.0009,0.0261,0.0778 | ba = -0.0096,0.0929,0.0732
camera-imu timeoffset = 0.00007
cam0 intrinsics = 461.503,460.700,363.733,245.156 | -0.281,0.072,0.001,0.000
cam1 intrinsics = 459.262,458.519,376.604,252.093 | -0.279,0.070,0.001,-0.000
cam0 extrinsics = -0.003,0.009,0.702,0.713 | 0.064,-0.010,0.005
cam1 extrinsics = 0.001,0.013,0.702,0.712 | -0.047,-0.010,0.005
q_GtoI = -0.649,-0.497,-0.448,0.362 | p_IinG = -2.637,-0.473,-0.051 | dist = 67.85 (meters)
bg = -0.0006,0.0261,0.0774 | ba = -0.0074,0.0933,0.0730
camera-imu timeoffset = 0.00007
cam0 intrinsics = 461.501,460.695,363.742,245.157 | -0.281,0.072,0.001,0.000
cam1 intrinsics = 459.257,458.513,376.616,252.090 | -0.279,0.070,0.001,-0.000
cam0 extrinsics = -0.003,0.009,0.702,0.713 | 0.064,-0.010,0.005
cam1 extrinsics = 0.001,0.013,0.702,0.712 | -0.047,-0.010,0.005
q_GtoI = -0.662,-0.479,-0.458,0.351 | p_IinG = -2.631,-0.441,-0.049 | dist = 67.88 (meters)
bg = -0.0005,0.0263,0.0775 | ba = -0.0055,0.0943,0.0725
camera-imu timeoffset = 0.00007
cam0 intrinsics = 461.500,460.694,363.737,245.159 | -0.281,0.072,0.001,0.000
cam1 intrinsics = 459.254,458.512,376.616,252.093 | -0.279,0.070,0.001,-0.000
cam0 extrinsics = -0.003,0.009,0.702,0.713 | 0.064,-0.010,0.005
cam1 extrinsics = 0.001,0.013,0.702,0.712 | -0.047,-0.010,0.005
q_GtoI = -0.674,-0.460,-0.467,0.341 | p_IinG = -2.621,-0.407,-0.047 | dist = 67.91 (meters)
bg = -0.0007,0.0263,0.0778 | ba = -0.0067,0.0928,0.0688
camera-imu timeoffset = 0.00007
cam0 intrinsics = 461.499,460.693,363.733,245.157 | -0.281,0.072,0.001,0.000
cam1 intrinsics = 459.255,458.512,376.617,252.092 | -0.279,0.070,0.001,-0.000
cam0 extrinsics = -0.003,0.009,0.702,0.713 | 0.064,-0.010,0.005
cam1 extrinsics = 0.001,0.013,0.702,0.712 | -0.047,-0.010,0.005
q_GtoI = -0.686,-0.442,-0.475,0.329 | p_IinG = -2.612,-0.374,-0.045 | dist = 67.94 (meters)
bg = -0.0008,0.0263,0.0777 | ba = -0.0056,0.0925,0.0683
camera-imu timeoffset = 0.00007
cam0 intrinsics = 461.493,460.686,363.742,245.151 | -0.281,0.072,0.001,0.000
cam1 intrinsics = 459.247,458.504,376.627,252.086 | -0.279,0.070,0.001,-0.000
cam0 extrinsics = -0.003,0.009,0.702,0.713 | 0.064,-0.010,0.005
cam1 extrinsics = 0.001,0.013,0.702,0.712 | -0.047,-0.010,0.005
q_GtoI = -0.698,-0.423,-0.483,0.319 | p_IinG = -2.605,-0.344,-0.044 | dist = 67.97 (meters)
bg = -0.0006,0.0261,0.0776 | ba = -0.0046,0.0906,0.0686
camera-imu timeoffset = 0.00007
cam0 intrinsics = 461.504,460.695,363.779,245.199 | -0.281,0.072,0.001,0.000
cam1 intrinsics = 459.260,458.514,376.660,252.133 | -0.279,0.070,0.001,-0.000
cam0 extrinsics = -0.003,0.009,0.702,0.713 | 0.064,-0.010,0.005
cam1 extrinsics = 0.001,0.013,0.702,0.712 | -0.047,-0.011,0.005
q_GtoI = -0.708,-0.404,-0.491,0.308 | p_IinG = -2.596,-0.314,-0.041 | dist = 68.00 (meters)
bg = -0.0009,0.0260,0.0774 | ba = -0.0028,0.0920,0.0692
camera-imu timeoffset = 0.00007
cam0 intrinsics = 461.498,460.686,363.787,245.197 | -0.281,0.072,0.001,0.000
cam1 intrinsics = 459.254,458.506,376.672,252.130 | -0.279,0.070,0.001,-0.000
cam0 extrinsics = -0.003,0.009,0.702,0.713 | 0.064,-0.010,0.005
cam1 extrinsics = 0.001,0.013,0.702,0.712 | -0.047,-0.011,0.005
q_GtoI = -0.719,-0.385,-0.496,0.299 | p_IinG = -2.584,-0.285,-0.042 | dist = 68.03 (meters)
bg = -0.0018,0.0255,0.0771 | ba = 0.0008,0.0922,0.0681
camera-imu timeoffset = 0.00007
cam0 intrinsics = 461.492,460.685,363.795,245.187 | -0.281,0.072,0.001,0.000
cam1 intrinsics = 459.249,458.505,376.684,252.119 | -0.279,0.070,0.001,-0.000
cam0 extrinsics = -0.003,0.009,0.702,0.712 | 0.064,-0.010,0.005
cam1 extrinsics = 0.001,0.013,0.702,0.712 | -0.047,-0.011,0.004
q_GtoI = -0.728,-0.365,-0.503,0.290 | p_IinG = -2.573,-0.258,-0.039 | dist = 68.06 (meters)
bg = -0.0025,0.0254,0.0771 | ba = 0.0024,0.0920,0.0702
camera-imu timeoffset = 0.00007
cam0 intrinsics = 461.475,460.665,363.793,245.178 | -0.281,0.072,0.001,0.000
cam1 intrinsics = 459.232,458.486,376.688,252.109 | -0.279,0.070,0.001,-0.000
cam0 extrinsics = -0.003,0.009,0.702,0.712 | 0.064,-0.010,0.005
cam1 extrinsics = 0.001,0.013,0.702,0.712 | -0.047,-0.011,0.004
q_GtoI = -0.737,-0.344,-0.509,0.280 | p_IinG = -2.563,-0.231,-0.034 | dist = 68.09 (meters)
bg = -0.0026,0.0258,0.0772 | ba = 0.0026,0.0931,0.0706
camera-imu timeoffset = 0.00007
cam0 intrinsics = 461.468,460.648,363.795,245.166 | -0.281,0.072,0.001,0.000
cam1 intrinsics = 459.227,458.473,376.695,252.096 | -0.279,0.070,0.001,-0.000
cam0 extrinsics = -0.003,0.009,0.702,0.712 | 0.064,-0.010,0.005
cam1 extrinsics = 0.001,0.013,0.702,0.712 | -0.047,-0.011,0.004
q_GtoI = -0.746,-0.324,-0.515,0.271 | p_IinG = -2.554,-0.204,-0.028 | dist = 68.12 (meters)
bg = -0.0026,0.0258,0.0773 | ba = 0.0042,0.0963,0.0716
camera-imu timeoffset = 0.00007
cam0 intrinsics = 461.479,460.646,363.790,245.165 | -0.281,0.072,0.001,0.000
cam1 intrinsics = 459.239,458.471,376.692,252.093 | -0.279,0.070,0.001,-0.000
cam0 extrinsics = -0.003,0.009,0.702,0.712 | 0.064,-0.010,0.005
cam1 extrinsics = 0.001,0.013,0.702,0.712 | -0.047,-0.011,0.004
q_GtoI = -0.756,-0.304,-0.519,0.260 | p_IinG = -2.543,-0.179,-0.023 | dist = 68.15 (meters)
bg = -0.0026,0.0258,0.0773 | ba = 0.0064,0.0986,0.0725
camera-imu timeoffset = 0.00007
cam0 intrinsics = 461.484,460.645,363.787,245.165 | -0.281,0.072,0.001,0.000
cam1 intrinsics = 459.246,458.471,376.690,252.092 | -0.279,0.070,0.001,-0.000
cam0 extrinsics = -0.003,0.009,0.702,0.712 | 0.064,-0.010,0.005
cam1 extrinsics = 0.001,0.013,0.702,0.712 | -0.047,-0.011,0.004
q_GtoI = -0.765,-0.282,-0.522,0.250 | p_IinG = -2.531,-0.156,-0.020 | dist = 68.17 (meters)
bg = -0.0026,0.0258,0.0770 | ba = 0.0097,0.1006,0.0708
camera-imu timeoffset = 0.00007
cam0 intrinsics = 461.489,460.651,363.787,245.173 | -0.281,0.072,0.001,0.000
cam1 intrinsics = 459.250,458.478,376.684,252.096 | -0.279,0.070,0.001,-0.000
cam0 extrinsics = -0.003,0.009,0.702,0.712 | 0.064,-0.010,0.005
cam1 extrinsics = 0.001,0.013,0.702,0.712 | -0.047,-0.011,0.004
q_GtoI = -0.775,-0.261,-0.524,0.240 | p_IinG = -2.519,-0.133,-0.015 | dist = 68.20 (meters)
bg = -0.0026,0.0258,0.0772 | ba = 0.0130,0.1026,0.0729
camera-imu timeoffset = 0.00007
cam0 intrinsics = 461.492,460.650,363.773,245.166 | -0.281,0.072,0.001,0.000
cam1 intrinsics = 459.253,458.478,376.670,252.091 | -0.279,0.070,0.001,-0.000
cam0 extrinsics = -0.003,0.009,0.702,0.712 | 0.064,-0.010,0.005
cam1 extrinsics = 0.001,0.013,0.702,0.712 | -0.047,-0.011,0.004
q_GtoI = -0.782,-0.241,-0.527,0.227 | p_IinG = -2.506,-0.110,-0.005 | dist = 68.22 (meters)
bg = -0.0022,0.0262,0.0774 | ba = 0.0139,0.1053,0.0741
camera-imu timeoffset = 0.00007
cam0 intrinsics = 461.494,460.634,363.775,245.166 | -0.281,0.072,0.001,0.000
cam1 intrinsics = 459.253,458.460,376.662,252.086 | -0.279,0.070,0.001,-0.000
cam0 extrinsics = -0.003,0.009,0.702,0.713 | 0.064,-0.010,0.005
cam1 extrinsics = 0.001,0.013,0.702,0.712 | -0.047,-0.011,0.004
q_GtoI = -0.789,-0.221,-0.530,0.216 | p_IinG = -2.492,-0.090,-0.000 | dist = 68.25 (meters)
bg = -0.0021,0.0261,0.0776 | ba = 0.0164,0.1065,0.0757
camera-imu timeoffset = 0.00007
cam0 intrinsics = 461.492,460.627,363.771,245.153 | -0.281,0.072,0.001,0.000
cam1 intrinsics = 459.252,458.454,376.660,252.074 | -0.279,0.070,0.001,-0.000
cam0 extrinsics = -0.003,0.009,0.702,0.713 | 0.064,-0.010,0.005
cam1 extrinsics = 0.001,0.013,0.702,0.712 | -0.047,-0.011,0.004
q_GtoI = -0.794,-0.202,-0.535,0.205 | p_IinG = -2.476,-0.072,0.003 | dist = 68.27 (meters)
bg = -0.0022,0.0257,0.0777 | ba = 0.0205,0.1076,0.0758
camera-imu timeoffset = 0.00007
cam0 intrinsics = 461.511,460.637,363.757,245.177 | -0.281,0.072,0.001,0.000
cam1 intrinsics = 459.274,458.467,376.642,252.096 | -0.279,0.070,0.001,-0.000
cam0 extrinsics = -0.003,0.009,0.702,0.712 | 0.064,-0.010,0.005
cam1 extrinsics = 0.001,0.013,0.702,0.712 | -0.047,-0.011,0.004
q_GtoI = -0.796,-0.184,-0.543,0.192 | p_IinG = -2.457,-0.058,0.010 | dist = 68.30 (meters)
bg = -0.0022,0.0257,0.0779 | ba = 0.0214,0.1068,0.0773
camera-imu timeoffset = 0.00007
cam0 intrinsics = 461.509,460.626,363.776,245.143 | -0.281,0.072,0.001,0.000
cam1 intrinsics = 459.273,458.459,376.661,252.066 | -0.279,0.070,0.001,-0.000
cam0 extrinsics = -0.003,0.009,0.702,0.712 | 0.064,-0.010,0.005
cam1 extrinsics = 0.001,0.013,0.702,0.712 | -0.047,-0.011,0.004
q_GtoI = -0.796,-0.167,-0.553,0.179 | p_IinG = -2.439,-0.045,0.016 | dist = 68.32 (meters)
bg = -0.0022,0.0253,0.0779 | ba = 0.0225,0.1057,0.0800
camera-imu timeoffset = 0.00007
cam0 intrinsics = 461.517,460.634,363.766,245.129 | -0.281,0.072,0.001,0.000
cam1 intrinsics = 459.280,458.467,376.647,252.054 | -0.279,0.070,0.001,-0.000
cam0 extrinsics = -0.003,0.009,0.702,0.712 | 0.064,-0.010,0.005
cam1 extrinsics = 0.001,0.013,0.702,0.712 | -0.047,-0.011,0.004
q_GtoI = -0.796,-0.151,-0.562,0.165 | p_IinG = -2.419,-0.036,0.022 | dist = 68.35 (meters)
bg = -0.0022,0.0251,0.0779 | ba = 0.0221,0.1045,0.0806
camera-imu timeoffset = 0.00007
cam0 intrinsics = 461.520,460.639,363.770,245.122 | -0.281,0.072,0.001,0.000
cam1 intrinsics = 459.281,458.471,376.650,252.048 | -0.279,0.070,0.001,-0.000
cam0 extrinsics = -0.003,0.009,0.702,0.712 | 0.064,-0.010,0.005
cam1 extrinsics = 0.001,0.013,0.702,0.712 | -0.047,-0.010,0.004
q_GtoI = -0.798,-0.137,-0.567,0.151 | p_IinG = -2.398,-0.029,0.027 | dist = 68.37 (meters)
bg = -0.0022,0.0250,0.0779 | ba = 0.0225,0.1035,0.0805
camera-imu timeoffset = 0.00007
cam0 intrinsics = 461.522,460.638,363.773,245.107 | -0.281,0.072,0.001,0.000
cam1 intrinsics = 459.281,458.469,376.651,252.033 | -0.279,0.070,0.001,-0.000
cam0 extrinsics = -0.003,0.009,0.702,0.712 | 0.064,-0.010,0.005
cam1 extrinsics = 0.001,0.013,0.702,0.712 | -0.047,-0.010,0.004
q_GtoI = -0.801,-0.123,-0.569,0.136 | p_IinG = -2.376,-0.024,0.033 | dist = 68.39 (meters)
bg = -0.0024,0.0253,0.0778 | ba = 0.0223,0.1018,0.0809
camera-imu timeoffset = 0.00007
cam0 intrinsics = 461.515,460.637,363.792,245.094 | -0.281,0.072,0.001,0.000
cam1 intrinsics = 459.276,458.469,376.663,252.028 | -0.279,0.070,0.001,-0.000
cam0 extrinsics = -0.003,0.009,0.702,0.712 | 0.064,-0.010,0.005
cam1 extrinsics = 0.001,0.013,0.702,0.712 | -0.047,-0.010,0.004
q_GtoI = -0.804,-0.111,-0.571,0.121 | p_IinG = -2.355,-0.021,0.037 | dist = 68.42 (meters)
bg = -0.0025,0.0254,0.0776 | ba = 0.0226,0.1008,0.0809
camera-imu timeoffset = 0.00007
cam0 intrinsics = 461.514,460.631,363.799,245.086 | -0.281,0.072,0.001,0.000
cam1 intrinsics = 459.275,458.464,376.669,252.018 | -0.279,0.070,0.001,-0.000
cam0 extrinsics = -0.003,0.009,0.702,0.712 | 0.064,-0.010,0.005
cam1 extrinsics = 0.001,0.013,0.702,0.712 | -0.047,-0.010,0.004
q_GtoI = -0.807,-0.101,-0.573,0.105 | p_IinG = -2.333,-0.019,0.039 | dist = 68.44 (meters)
bg = -0.0026,0.0254,0.0776 | ba = 0.0227,0.0995,0.0810
camera-imu timeoffset = 0.00007
cam0 intrinsics = 461.513,460.623,363.818,245.067 | -0.281,0.072,0.001,0.000
cam1 intrinsics = 459.273,458.456,376.686,252.000 | -0.279,0.070,0.001,-0.000
cam0 extrinsics = -0.003,0.009,0.702,0.712 | 0.064,-0.010,0.005
cam1 extrinsics = 0.001,0.013,0.702,0.712 | -0.047,-0.010,0.004
q_GtoI = -0.809,-0.091,-0.573,0.090 | p_IinG = -2.314,-0.017,0.039 | dist = 68.46 (meters)
bg = -0.0027,0.0255,0.0776 | ba = 0.0231,0.0988,0.0843
camera-imu timeoffset = 0.00007
cam0 intrinsics = 461.512,460.621,363.824,245.058 | -0.281,0.072,0.001,0.000
cam1 intrinsics = 459.272,458.454,376.691,251.990 | -0.279,0.070,0.001,-0.000
cam0 extrinsics = -0.003,0.009,0.702,0.712 | 0.064,-0.010,0.005
cam1 extrinsics = 0.001,0.013,0.702,0.712 | -0.047,-0.010,0.004
q_GtoI = -0.811,-0.080,-0.575,0.076 | p_IinG = -2.295,-0.017,0.035 | dist = 68.48 (meters)
bg = -0.0025,0.0256,0.0776 | ba = 0.0221,0.0972,0.0852
camera-imu timeoffset = 0.00007
cam0 intrinsics = 461.510,460.622,363.831,245.052 | -0.281,0.072,0.001,0.000
cam1 intrinsics = 459.270,458.456,376.700,251.979 | -0.279,0.070,0.001,-0.000
cam0 extrinsics = -0.003,0.009,0.702,0.712 | 0.064,-0.010,0.005
cam1 extrinsics = 0.001,0.013,0.702,0.712 | -0.047,-0.010,0.004
q_GtoI = -0.810,-0.071,-0.579,0.064 | p_IinG = -2.274,-0.017,0.027 | dist = 68.50 (meters)
bg = -0.0026,0.0256,0.0776 | ba = 0.0222,0.0958,0.0851
camera-imu timeoffset = 0.00007
cam0 intrinsics = 461.515,460.624,363.841,245.045 | -0.281,0.072,0.001,0.000
cam1 intrinsics = 459.274,458.457,376.706,251.973 | -0.279,0.070,0.001,-0.000
cam0 extrinsics = -0.003,0.009,0.702,0.712 | 0.064,-0.010,0.005
cam1 extrinsics = 0.001,0.013,0.702,0.712 | -0.047,-0.010,0.004
q_GtoI = -0.806,-0.062,-0.586,0.053 | p_IinG = -2.255,-0.015,0.017 | dist = 68.52 (meters)
bg = -0.0029,0.0256,0.0778 | ba = 0.0238,0.0966,0.0852
camera-imu timeoffset = 0.00007
cam0 intrinsics = 461.523,460.631,363.844,245.039 | -0.281,0.072,0.001,0.000
cam1 intrinsics = 459.281,458.465,376.706,251.969 | -0.279,0.070,0.001,-0.000
cam0 extrinsics = -0.003,0.009,0.702,0.712 | 0.064,-0.010,0.005
cam1 extrinsics = 0.001,0.013,0.702,0.712 | -0.047,-0.010,0.004
q_GtoI = -0.803,-0.054,-0.593,0.043 | p_IinG = -2.237,-0.015,0.005 | dist = 68.55 (meters)
bg = -0.0031,0.0256,0.0779 | ba = 0.0228,0.0968,0.0857
camera-imu timeoffset = 0.00007
cam0 intrinsics = 461.522,460.631,363.849,245.041 | -0.281,0.072,0.001,0.000
cam1 intrinsics = 459.280,458.465,376.710,251.969 | -0.279,0.070,0.001,-0.000
cam0 extrinsics = -0.003,0.009,0.702,0.712 | 0.064,-0.010,0.005
cam1 extrinsics = 0.001,0.013,0.702,0.712 | -0.047,-0.010,0.004
q_GtoI = -0.799,-0.044,-0.598,0.037 | p_IinG = -2.220,-0.014,-0.010 | dist = 68.57 (meters)
bg = -0.0032,0.0257,0.0779 | ba = 0.0223,0.0977,0.0862
camera-imu timeoffset = 0.00007
cam0 intrinsics = 461.521,460.631,363.853,245.040 | -0.281,0.072,0.001,0.000
cam1 intrinsics = 459.279,458.465,376.713,251.969 | -0.279,0.070,0.001,-0.000
cam0 extrinsics = -0.003,0.009,0.702,0.712 | 0.064,-0.010,0.005
cam1 extrinsics = 0.001,0.013,0.702,0.712 | -0.047,-0.010,0.004
q_GtoI = -0.797,-0.033,-0.603,0.029 | p_IinG = -2.209,-0.012,-0.025 | dist = 68.59 (meters)
bg = -0.0028,0.0256,0.0774 | ba = 0.0228,0.0992,0.0904
camera-imu timeoffset = 0.00007
cam0 intrinsics = 461.499,460.624,363.848,245.057 | -0.281,0.072,0.001,0.000
cam1 intrinsics = 459.257,458.459,376.703,251.976 | -0.279,0.070,0.001,-0.000
cam0 extrinsics = -0.003,0.009,0.702,0.712 | 0.064,-0.010,0.005
cam1 extrinsics = 0.001,0.013,0.702,0.712 | -0.047,-0.010,0.004
q_GtoI = -0.795,-0.024,-0.605,0.023 | p_IinG = -2.193,-0.012,-0.044 | dist = 68.62 (meters)
bg = -0.0030,0.0257,0.0773 | ba = 0.0228,0.1004,0.0886
camera-imu timeoffset = 0.00007
cam0 intrinsics = 461.494,460.621,363.852,245.061 | -0.281,0.072,0.001,0.000
cam1 intrinsics = 459.252,458.456,376.707,251.980 | -0.279,0.070,0.001,-0.000
cam0 extrinsics = -0.003,0.009,0.702,0.712 | 0.064,-0.010,0.005
cam1 extrinsics = 0.001,0.013,0.702,0.712 | -0.047,-0.010,0.004
q_GtoI = -0.795,-0.017,-0.607,0.016 | p_IinG = -2.178,-0.011,-0.064 | dist = 68.64 (meters)
bg = -0.0032,0.0257,0.0772 | ba = 0.0238,0.1015,0.0863
camera-imu timeoffset = 0.00007
cam0 intrinsics = 461.490,460.619,363.854,245.064 | -0.281,0.072,0.001,0.000
cam1 intrinsics = 459.247,458.455,376.710,251.984 | -0.279,0.070,0.001,-0.000
cam0 extrinsics = -0.003,0.009,0.702,0.712 | 0.064,-0.010,0.005
cam1 extrinsics = 0.001,0.013,0.702,0.712 | -0.047,-0.010,0.004
q_GtoI = -0.796,-0.010,-0.605,0.008 | p_IinG = -2.165,-0.009,-0.083 | dist = 68.66 (meters)
bg = -0.0032,0.0258,0.0774 | ba = 0.0233,0.1078,0.0835
camera-imu timeoffset = 0.00007
cam0 intrinsics = 461.483,460.612,363.863,245.060 | -0.281,0.072,0.001,0.000
cam1 intrinsics = 459.236,458.446,376.725,251.981 | -0.279,0.070,0.001,-0.000
cam0 extrinsics = -0.003,0.009,0.702,0.712 | 0.064,-0.010,0.005
cam1 extrinsics = 0.001,0.013,0.702,0.712 | -0.047,-0.010,0.004
q_GtoI = -0.799,-0.003,-0.601,0.001 | p_IinG = -2.154,-0.007,-0.103 | dist = 68.68 (meters)
bg = -0.0032,0.0255,0.0774 | ba = 0.0237,0.1119,0.0823
camera-imu timeoffset = 0.00006
cam0 intrinsics = 461.481,460.612,363.870,245.060 | -0.281,0.072,0.001,0.000
cam1 intrinsics = 459.233,458.444,376.732,251.981 | -0.279,0.070,0.001,-0.000
cam0 extrinsics = -0.003,0.009,0.702,0.712 | 0.064,-0.010,0.005
cam1 extrinsics = 0.001,0.013,0.702,0.712 | -0.047,-0.010,0.004
q_GtoI = 0.803,-0.002,0.596,0.007 | p_IinG = -2.145,-0.005,-0.122 | dist = 68.70 (meters)
bg = -0.0032,0.0253,0.0775 | ba = 0.0244,0.1153,0.0803
camera-imu timeoffset = 0.00006
cam0 intrinsics = 461.479,460.612,363.880,245.057 | -0.281,0.072,0.001,0.000
cam1 intrinsics = 459.232,458.445,376.745,251.980 | -0.279,0.070,0.001,-0.000
cam0 extrinsics = -0.003,0.009,0.702,0.712 | 0.064,-0.010,0.005
cam1 extrinsics = 0.001,0.013,0.702,0.712 | -0.047,-0.010,0.004
q_GtoI = 0.807,-0.007,0.591,0.014 | p_IinG = -2.136,-0.002,-0.142 | dist = 68.72 (meters)
bg = -0.0035,0.0249,0.0776 | ba = 0.0244,0.1192,0.0777
camera-imu timeoffset = 0.00006
cam0 intrinsics = 461.479,460.615,363.889,245.057 | -0.281,0.072,0.001,0.000
cam1 intrinsics = 459.232,458.446,376.762,251.982 | -0.279,0.070,0.001,-0.000
cam0 extrinsics = -0.003,0.009,0.702,0.712 | 0.064,-0.010,0.005
cam1 extrinsics = 0.001,0.013,0.702,0.712 | -0.047,-0.010,0.004
q_GtoI = 0.811,-0.010,0.585,0.019 | p_IinG = -2.127,0.004,-0.159 | dist = 68.74 (meters)
bg = -0.0038,0.0245,0.0778 | ba = 0.0239,0.1237,0.0760
camera-imu timeoffset = 0.00007
cam0 intrinsics = 461.493,460.625,363.968,245.146 | -0.281,0.072,0.001,0.000
cam1 intrinsics = 459.251,458.461,376.820,252.067 | -0.279,0.070,0.001,-0.000
cam0 extrinsics = -0.003,0.009,0.702,0.712 | 0.064,-0.010,0.005
cam1 extrinsics = 0.001,0.013,0.702,0.712 | -0.047,-0.010,0.004
q_GtoI = 0.814,-0.013,0.580,0.022 | p_IinG = -2.121,0.010,-0.174 | dist = 68.76 (meters)
bg = -0.0036,0.0242,0.0779 | ba = 0.0231,0.1279,0.0762
camera-imu timeoffset = 0.00007
cam0 intrinsics = 461.491,460.627,363.972,245.164 | -0.281,0.072,0.001,0.000
cam1 intrinsics = 459.247,458.460,376.835,252.087 | -0.279,0.070,0.001,-0.000
cam0 extrinsics = -0.003,0.009,0.702,0.712 | 0.064,-0.010,0.005
cam1 extrinsics = 0.001,0.013,0.702,0.712 | -0.047,-0.010,0.004
q_GtoI = 0.819,-0.018,0.573,0.027 | p_IinG = -2.107,0.024,-0.199 | dist = 68.79 (meters)
bg = -0.0036,0.0240,0.0779 | ba = 0.0196,0.1325,0.0780
camera-imu timeoffset = 0.00007
cam0 intrinsics = 461.487,460.626,363.989,245.180 | -0.281,0.072,0.001,0.000
cam1 intrinsics = 459.246,458.461,376.850,252.101 | -0.279,0.070,0.001,-0.000
cam0 extrinsics = -0.003,0.009,0.702,0.712 | 0.064,-0.010,0.005
cam1 extrinsics = 0.001,0.013,0.702,0.712 | -0.047,-0.010,0.004
q_GtoI = 0.821,-0.019,0.569,0.028 | p_IinG = -2.098,0.033,-0.210 | dist = 68.81 (meters)
bg = -0.0035,0.0239,0.0780 | ba = 0.0179,0.1351,0.0789
camera-imu timeoffset = 0.00007
cam0 intrinsics = 461.480,460.624,364.008,245.194 | -0.281,0.072,0.001,0.000
cam1 intrinsics = 459.239,458.459,376.867,252.116 | -0.279,0.070,0.001,-0.000
cam0 extrinsics = -0.003,0.009,0.702,0.712 | 0.064,-0.010,0.005
cam1 extrinsics = 0.001,0.013,0.702,0.712 | -0.047,-0.010,0.004
q_GtoI = 0.821,-0.020,0.569,0.028 | p_IinG = -2.089,0.043,-0.218 | dist = 68.82 (meters)
bg = -0.0034,0.0236,0.0780 | ba = 0.0150,0.1369,0.0795
camera-imu timeoffset = 0.00007
cam0 intrinsics = 461.472,460.620,364.020,245.205 | -0.281,0.072,0.001,0.000
cam1 intrinsics = 459.232,458.456,376.877,252.127 | -0.279,0.070,0.001,-0.000
cam0 extrinsics = -0.003,0.009,0.702,0.712 | 0.064,-0.010,0.005
cam1 extrinsics = 0.001,0.013,0.702,0.712 | -0.047,-0.010,0.004
q_GtoI = 0.814,-0.019,0.580,0.030 | p_IinG = -2.070,0.065,-0.227 | dist = 68.85 (meters)
bg = -0.0032,0.0237,0.0781 | ba = 0.0106,0.1378,0.0821
camera-imu timeoffset = 0.00007
cam0 intrinsics = 461.460,460.615,364.029,245.221 | -0.281,0.072,0.001,0.000
cam1 intrinsics = 459.215,458.448,376.889,252.141 | -0.279,0.070,0.001,-0.000
cam0 extrinsics = -0.003,0.009,0.702,0.712 | 0.064,-0.010,0.005
cam1 extrinsics = 0.001,0.013,0.702,0.712 | -0.047,-0.010,0.004
q_GtoI = 0.802,-0.018,0.596,0.029 | p_IinG = -2.051,0.091,-0.231 | dist = 68.89 (meters)
bg = -0.0027,0.0238,0.0783 | ba = 0.0066,0.1390,0.0847
camera-imu timeoffset = 0.00007
cam0 intrinsics = 461.438,460.602,364.048,245.249 | -0.281,0.072,0.001,0.000
cam1 intrinsics = 459.192,458.433,376.913,252.165 | -0.279,0.070,0.001,-0.000
cam0 extrinsics = -0.003,0.009,0.702,0.712 | 0.064,-0.010,0.005
cam1 extrinsics = 0.001,0.013,0.702,0.712 | -0.047,-0.010,0.004
q_GtoI = 0.798,-0.016,0.602,0.030 | p_IinG = -2.036,0.120,-0.237 | dist = 68.92 (meters)
bg = -0.0026,0.0238,0.0784 | ba = 0.0035,0.1398,0.0854
camera-imu timeoffset = 0.00007
cam0 intrinsics = 461.434,460.603,364.055,245.256 | -0.281,0.072,0.001,0.000
cam1 intrinsics = 459.189,458.435,376.921,252.172 | -0.279,0.070,0.001,-0.000
cam0 extrinsics = -0.003,0.009,0.702,0.712 | 0.064,-0.010,0.005
cam1 extrinsics = 0.001,0.013,0.702,0.712 | -0.047,-0.010,0.004
q_GtoI = 0.798,-0.013,0.601,0.031 | p_IinG = -2.026,0.153,-0.244 | dist = 68.96 (meters)
bg = -0.0024,0.0237,0.0785 | ba = 0.0024,0.1402,0.0860
camera-imu timeoffset = 0.00007
cam0 intrinsics = 461.430,460.605,364.061,245.266 | -0.281,0.072,0.001,0.000
cam1 intrinsics = 459.186,458.437,376.929,252.181 | -0.279,0.070,0.001,-0.000
cam0 extrinsics = -0.003,0.009,0.702,0.712 | 0.064,-0.010,0.005
cam1 extrinsics = 0.001,0.013,0.702,0.712 | -0.047,-0.010,0.004
q_GtoI = 0.796,-0.010,0.604,0.032 | p_IinG = -2.021,0.190,-0.251 | dist = 68.99 (meters)
bg = -0.0022,0.0237,0.0787 | ba = 0.0021,0.1410,0.0867
camera-imu timeoffset = 0.00007
cam0 intrinsics = 461.429,460.608,364.068,245.273 | -0.281,0.072,0.001,0.000
cam1 intrinsics = 459.185,458.441,376.937,252.187 | -0.279,0.070,0.001,-0.000
cam0 extrinsics = -0.003,0.009,0.702,0.712 | 0.064,-0.010,0.005
cam1 extrinsics = 0.001,0.013,0.702,0.712 | -0.047,-0.010,0.004
q_GtoI = 0.786,-0.009,0.617,0.032 | p_IinG = -2.023,0.230,-0.256 | dist = 69.03 (meters)
bg = -0.0022,0.0236,0.0787 | ba = 0.0013,0.1414,0.0867
camera-imu timeoffset = 0.00007
cam0 intrinsics = 461.433,460.616,364.070,245.280 | -0.281,0.072,0.001,0.000
cam1 intrinsics = 459.188,458.447,376.944,252.192 | -0.279,0.070,0.001,-0.000
cam0 extrinsics = -0.003,0.009,0.702,0.712 | 0.064,-0.010,0.005
cam1 extrinsics = 0.001,0.013,0.702,0.712 | -0.047,-0.010,0.004
q_GtoI = 0.781,-0.009,0.624,0.031 | p_IinG = -2.027,0.253,-0.258 | dist = 69.06 (meters)
bg = -0.0021,0.0237,0.0788 | ba = 0.0007,0.1424,0.0869
camera-imu timeoffset = 0.00007
cam0 intrinsics = 461.438,460.621,364.077,245.287 | -0.281,0.072,0.001,0.000
cam1 intrinsics = 459.192,458.453,376.950,252.197 | -0.279,0.070,0.001,-0.000
cam0 extrinsics = -0.003,0.009,0.702,0.712 | 0.064,-0.010,0.005
cam1 extrinsics = 0.001,0.013,0.702,0.712 | -0.047,-0.010,0.004
q_GtoI = 0.770,-0.011,0.637,0.027 | p_IinG = -2.044,0.300,-0.260 | dist = 69.11 (meters)
bg = -0.0020,0.0236,0.0790 | ba = -0.0008,0.1438,0.0870
camera-imu timeoffset = 0.00007
cam0 intrinsics = 461.444,460.627,364.084,245.296 | -0.281,0.072,0.001,0.000
cam1 intrinsics = 459.198,458.458,376.956,252.204 | -0.279,0.070,0.001,-0.000
cam0 extrinsics = -0.003,0.009,0.702,0.712 | 0.064,-0.010,0.005
cam1 extrinsics = 0.001,0.013,0.702,0.712 | -0.047,-0.010,0.004
q_GtoI = 0.767,-0.019,0.641,0.014 | p_IinG = -2.074,0.349,-0.262 | dist = 69.16 (meters)
bg = -0.0018,0.0235,0.0791 | ba = -0.0045,0.1422,0.0858
camera-imu timeoffset = 0.00007
cam0 intrinsics = 461.448,460.630,364.081,245.298 | -0.281,0.072,0.001,0.000
cam1 intrinsics = 459.205,458.464,376.952,252.205 | -0.279,0.070,0.001,-0.000
cam0 extrinsics = -0.003,0.009,0.702,0.712 | 0.064,-0.010,0.005
cam1 extrinsics = 0.001,0.013,0.702,0.712 | -0.047,-0.010,0.004
q_GtoI = 0.773,-0.025,0.634,0.005 | p_IinG = -2.095,0.374,-0.265 | dist = 69.20 (meters)
bg = -0.0020,0.0237,0.0788 | ba = -0.0050,0.1426,0.0853
camera-imu timeoffset = 0.00007
cam0 intrinsics = 461.464,460.641,364.086,245.300 | -0.281,0.072,0.001,-0.000
cam1 intrinsics = 459.222,458.476,376.954,252.203 | -0.279,0.070,0.001,-0.000
cam0 extrinsics = -0.003,0.009,0.702,0.712 | 0.064,-0.010,0.005
cam1 extrinsics = 0.001,0.013,0.702,0.712 | -0.047,-0.010,0.004
q_GtoI = -0.781,0.030,-0.624,0.002 | p_IinG = -2.120,0.399,-0.266 | dist = 69.23 (meters)
bg = -0.0020,0.0237,0.0788 | ba = -0.0059,0.1431,0.0861
camera-imu timeoffset = 0.00007
cam0 intrinsics = 461.475,460.647,364.095,245.311 | -0.281,0.072,0.001,-0.000
cam1 intrinsics = 459.233,458.481,376.960,252.215 | -0.279,0.070,0.001,-0.000
cam0 extrinsics = -0.003,0.009,0.702,0.712 | 0.064,-0.010,0.005
cam1 extrinsics = 0.001,0.013,0.702,0.712 | -0.047,-0.010,0.004
q_GtoI = -0.794,0.037,-0.607,0.011 | p_IinG = -2.147,0.424,-0.267 | dist = 69.27 (meters)
bg = -0.0021,0.0238,0.0787 | ba = -0.0063,0.1433,0.0867
camera-imu timeoffset = 0.00007
cam0 intrinsics = 461.480,460.653,364.101,245.308 | -0.281,0.072,0.001,-0.000
cam1 intrinsics = 459.237,458.486,376.964,252.209 | -0.279,0.070,0.001,-0.000
cam0 extrinsics = -0.003,0.009,0.702,0.712 | 0.064,-0.010,0.005
cam1 extrinsics = 0.001,0.013,0.702,0.712 | -0.047,-0.010,0.004
q_GtoI = -0.809,0.044,-0.585,0.020 | p_IinG = -2.177,0.445,-0.269 | dist = 69.30 (meters)
bg = -0.0020,0.0236,0.0787 | ba = -0.0072,0.1431,0.0861
camera-imu timeoffset = 0.00007
cam0 intrinsics = 461.477,460.649,364.110,245.306 | -0.281,0.072,0.001,-0.000
cam1 intrinsics = 459.229,458.477,376.972,252.203 | -0.279,0.070,0.001,-0.000
cam0 extrinsics = -0.003,0.009,0.702,0.712 | 0.064,-0.010,0.005
cam1 extrinsics = 0.001,0.013,0.702,0.712 | -0.047,-0.010,0.004
q_GtoI = -0.826,0.051,-0.561,0.025 | p_IinG = -2.205,0.465,-0.269 | dist = 69.34 (meters)
bg = -0.0023,0.0239,0.0785 | ba = -0.0093,0.1450,0.0841
camera-imu timeoffset = 0.00007
cam0 intrinsics = 461.489,460.677,364.111,245.325 | -0.281,0.072,0.001,-0.000
cam1 intrinsics = 459.237,458.499,376.973,252.218 | -0.279,0.070,0.001,-0.000
cam0 extrinsics = -0.003,0.009,0.702,0.712 | 0.064,-0.010,0.005
cam1 extrinsics = 0.001,0.013,0.702,0.712 | -0.047,-0.010,0.004
q_GtoI = -0.841,0.057,-0.538,0.030 | p_IinG = -2.233,0.482,-0.269 | dist = 69.37 (meters)
bg = -0.0022,0.0240,0.0784 | ba = -0.0088,0.1457,0.0840
camera-imu timeoffset = 0.00007
cam0 intrinsics = 461.490,460.681,364.107,245.335 | -0.281,0.072,0.001,-0.000
cam1 intrinsics = 459.238,458.503,376.963,252.227 | -0.279,0.070,0.001,-0.000
cam0 extrinsics = -0.003,0.009,0.702,0.712 | 0.064,-0.010,0.005
cam1 extrinsics = 0.001,0.013,0.702,0.712 | -0.047,-0.010,0.004
q_GtoI = -0.863,0.073,-0.499,0.037 | p_IinG = -2.280,0.506,-0.263 | dist = 69.43 (meters)
bg = -0.0021,0.0239,0.0785 | ba = -0.0102,0.1484,0.0827
camera-imu timeoffset = 0.00007
cam0 intrinsics = 461.487,460.680,364.117,245.340 | -0.281,0.072,0.001,-0.000
cam1 intrinsics = 459.237,458.502,376.973,252.232 | -0.279,0.070,0.001,-0.000
cam0 extrinsics = -0.003,0.009,0.702,0.712 | 0.064,-0.010,0.005
cam1 extrinsics = 0.001,0.013,0.702,0.712 | -0.047,-0.010,0.004
q_GtoI = -0.872,0.080,-0.481,0.039 | p_IinG = -2.296,0.512,-0.258 | dist = 69.44 (meters)
bg = -0.0019,0.0239,0.0786 | ba = -0.0108,0.1507,0.0811
camera-imu timeoffset = 0.00007
cam0 intrinsics = 461.484,460.681,364.120,245.348 | -0.281,0.072,0.001,-0.000
cam1 intrinsics = 459.235,458.505,376.977,252.236 | -0.279,0.070,0.001,-0.000
cam0 extrinsics = -0.003,0.009,0.702,0.712 | 0.064,-0.010,0.005
cam1 extrinsics = 0.001,0.013,0.702,0.712 | -0.047,-0.010,0.004
q_GtoI = -0.880,0.087,-0.466,0.040 | p_IinG = -2.306,0.515,-0.251 | dist = 69.46 (meters)
bg = -0.0017,0.0242,0.0788 | ba = -0.0103,0.1519,0.0799
camera-imu timeoffset = 0.00007
cam0 intrinsics = 461.481,460.685,364.129,245.366 | -0.281,0.072,0.001,-0.000
cam1 intrinsics = 459.233,458.508,376.981,252.249 | -0.279,0.070,0.001,-0.000
cam0 extrinsics = -0.003,0.009,0.702,0.712 | 0.064,-0.011,0.005
cam1 extrinsics = 0.001,0.013,0.702,0.712 | -0.047,-0.011,0.004
q_GtoI = -0.888,0.083,-0.451,0.023 | p_IinG = -2.301,0.502,-0.228 | dist = 69.48 (meters)
bg = -0.0016,0.0240,0.0788 | ba = -0.0144,0.1536,0.0793
camera-imu timeoffset = 0.00007
cam0 intrinsics = 461.465,460.676,364.146,245.370 | -0.281,0.072,0.001,-0.000
cam1 intrinsics = 459.218,458.502,376.996,252.251 | -0.279,0.070,0.001,-0.000
cam0 extrinsics = -0.003,0.009,0.702,0.712 | 0.064,-0.011,0.005
cam1 extrinsics = 0.001,0.013,0.702,0.712 | -0.047,-0.011,0.004
q_GtoI = 0.889,-0.062,0.453,0.009 | p_IinG = -2.265,0.475,-0.194 | dist = 69.53 (meters)
bg = -0.0019,0.0240,0.0784 | ba = -0.0152,0.1535,0.0753
camera-imu timeoffset = 0.00007
cam0 intrinsics = 461.469,460.676,364.138,245.384 | -0.281,0.072,0.001,-0.000
cam1 intrinsics = 459.221,458.502,376.983,252.255 | -0.279,0.070,0.001,-0.000
cam0 extrinsics = -0.003,0.009,0.702,0.712 | 0.064,-0.010,0.005
cam1 extrinsics = 0.001,0.013,0.702,0.712 | -0.047,-0.011,0.004
q_GtoI = 0.888,-0.047,0.457,0.032 | p_IinG = -2.198,0.443,-0.153 | dist = 69.62 (meters)
bg = -0.0019,0.0236,0.0784 | ba = -0.0168,0.1552,0.0724
camera-imu timeoffset = 0.00007
cam0 intrinsics = 461.457,460.671,364.127,245.383 | -0.281,0.072,0.001,-0.000
cam1 intrinsics = 459.212,458.501,376.979,252.248 | -0.279,0.070,0.001,-0.000
cam0 extrinsics = -0.003,0.009,0.702,0.712 | 0.064,-0.011,0.005
cam1 extrinsics = 0.001,0.013,0.702,0.712 | -0.047,-0.011,0.004
q_GtoI = 0.886,-0.043,0.460,0.040 | p_IinG = -2.098,0.410,-0.106 | dist = 69.73 (meters)
bg = -0.0020,0.0233,0.0786 | ba = -0.0208,0.1579,0.0693
camera-imu timeoffset = 0.00007
cam0 intrinsics = 461.443,460.665,364.120,245.345 | -0.281,0.072,0.001,-0.000
cam1 intrinsics = 459.198,458.495,376.967,252.209 | -0.279,0.070,0.001,-0.000
cam0 extrinsics = -0.003,0.009,0.702,0.712 | 0.064,-0.010,0.005
cam1 extrinsics = 0.001,0.013,0.702,0.712 | -0.047,-0.010,0.004
q_GtoI = 0.884,-0.041,0.464,0.043 | p_IinG = -1.971,0.378,-0.055 | dist = 69.86 (meters)
bg = -0.0024,0.0233,0.0785 | ba = -0.0254,0.1589,0.0703
camera-imu timeoffset = 0.00007
cam0 intrinsics = 461.448,460.670,364.124,245.312 | -0.281,0.072,0.001,-0.000
cam1 intrinsics = 459.203,458.499,376.959,252.172 | -0.279,0.070,0.001,-0.000
cam0 extrinsics = -0.003,0.009,0.702,0.712 | 0.064,-0.010,0.005
cam1 extrinsics = 0.001,0.013,0.702,0.712 | -0.047,-0.010,0.004
q_GtoI = 0.876,-0.038,0.479,0.046 | p_IinG = -1.818,0.350,0.002 | dist = 70.03 (meters)
bg = -0.0026,0.0235,0.0788 | ba = -0.0257,0.1592,0.0713
camera-imu timeoffset = 0.00007
cam0 intrinsics = 461.446,460.673,364.123,245.301 | -0.281,0.072,0.001,-0.000
cam1 intrinsics = 459.199,458.502,376.964,252.156 | -0.279,0.070,0.001,-0.000
cam0 extrinsics = -0.003,0.009,0.702,0.712 | 0.064,-0.010,0.005
cam1 extrinsics = 0.001,0.013,0.702,0.712 | -0.047,-0.010,0.004
q_GtoI = 0.858,-0.034,0.510,0.051 | p_IinG = -1.642,0.326,0.062 | dist = 70.21 (meters)
bg = -0.0026,0.0236,0.0791 | ba = -0.0268,0.1584,0.0703
camera-imu timeoffset = 0.00007
cam0 intrinsics = 461.442,460.668,364.124,245.289 | -0.281,0.072,0.001,-0.000
cam1 intrinsics = 459.195,458.496,376.964,252.143 | -0.279,0.070,0.001,-0.000
cam0 extrinsics = -0.003,0.009,0.702,0.712 | 0.064,-0.010,0.005
cam1 extrinsics = 0.001,0.013,0.702,0.712 | -0.047,-0.010,0.004
q_GtoI = 0.838,-0.030,0.541,0.056 | p_IinG = -1.453,0.308,0.121 | dist = 70.41 (meters)
bg = -0.0026,0.0236,0.0791 | ba = -0.0270,0.1583,0.0706
camera-imu timeoffset = 0.00007
cam0 intrinsics = 461.443,460.668,364.121,245.287 | -0.281,0.072,0.001,-0.000
cam1 intrinsics = 459.195,458.496,376.960,252.141 | -0.279,0.070,0.001,-0.000
cam0 extrinsics = -0.003,0.009,0.702,0.712 | 0.064,-0.010,0.005
cam1 extrinsics = 0.001,0.013,0.702,0.712 | -0.047,-0.010,0.004
q_GtoI = 0.822,-0.026,0.565,0.061 | p_IinG = -1.258,0.296,0.177 | dist = 70.62 (meters)
bg = -0.0027,0.0236,0.0791 | ba = -0.0269,0.1583,0.0701
camera-imu timeoffset = 0.00007
cam0 intrinsics = 461.442,460.666,364.120,245.288 | -0.281,0.072,0.001,-0.000
cam1 intrinsics = 459.194,458.494,376.960,252.141 | -0.279,0.070,0.001,-0.000
cam0 extrinsics = -0.003,0.009,0.702,0.712 | 0.064,-0.010,0.005
cam1 extrinsics = 0.001,0.013,0.702,0.712 | -0.047,-0.010,0.004
q_GtoI = 0.818,-0.024,0.572,0.064 | p_IinG = -1.160,0.294,0.203 | dist = 70.72 (meters)
bg = -0.0028,0.0236,0.0791 | ba = -0.0267,0.1586,0.0699
camera-imu timeoffset = 0.00007
cam0 intrinsics = 461.442,460.666,364.119,245.288 | -0.281,0.072,0.001,-0.000
cam1 intrinsics = 459.194,458.494,376.960,252.143 | -0.279,0.070,0.001,-0.000
cam0 extrinsics = -0.003,0.009,0.702,0.712 | 0.064,-0.010,0.005
cam1 extrinsics = 0.001,0.013,0.702,0.712 | -0.047,-0.010,0.004
q_GtoI = 0.815,-0.023,0.576,0.065 | p_IinG = -1.062,0.293,0.225 | dist = 70.82 (meters)
bg = -0.0028,0.0236,0.0791 | ba = -0.0267,0.1588,0.0700
camera-imu timeoffset = 0.00007
cam0 intrinsics = 461.442,460.666,364.119,245.288 | -0.281,0.072,0.001,-0.000
cam1 intrinsics = 459.194,458.494,376.959,252.142 | -0.279,0.070,0.001,-0.000
cam0 extrinsics = -0.003,0.009,0.702,0.712 | 0.064,-0.010,0.005
cam1 extrinsics = 0.001,0.013,0.702,0.712 | -0.047,-0.010,0.004
q_GtoI = 0.813,-0.022,0.579,0.067 | p_IinG = -0.965,0.295,0.245 | dist = 70.92 (meters)
bg = -0.0028,0.0236,0.0791 | ba = -0.0267,0.1588,0.0700
camera-imu timeoffset = 0.00007
cam0 intrinsics = 461.442,460.666,364.119,245.288 | -0.281,0.072,0.001,-0.000
cam1 intrinsics = 459.194,458.494,376.959,252.142 | -0.279,0.070,0.001,-0.000
cam0 extrinsics = -0.003,0.009,0.702,0.712 | 0.064,-0.010,0.005
cam1 extrinsics = 0.001,0.013,0.702,0.712 | -0.047,-0.010,0.004
q_GtoI = 0.812,-0.021,0.579,0.068 | p_IinG = -0.869,0.299,0.262 | dist = 71.01 (meters)
bg = -0.0028,0.0236,0.0791 | ba = -0.0271,0.1588,0.0706
camera-imu timeoffset = 0.00007
cam0 intrinsics = 461.444,460.669,364.119,245.288 | -0.281,0.072,0.001,-0.000
cam1 intrinsics = 459.196,458.496,376.959,252.143 | -0.279,0.070,0.001,-0.000
cam0 extrinsics = -0.003,0.009,0.702,0.712 | 0.064,-0.010,0.005
cam1 extrinsics = 0.001,0.013,0.702,0.712 | -0.047,-0.010,0.004
q_GtoI = 0.812,-0.020,0.580,0.068 | p_IinG = -0.772,0.305,0.276 | dist = 71.11 (meters)
bg = -0.0028,0.0236,0.0791 | ba = -0.0273,0.1585,0.0707
camera-imu timeoffset = 0.00007
cam0 intrinsics = 461.444,460.669,364.119,245.288 | -0.281,0.072,0.001,-0.000
cam1 intrinsics = 459.196,458.496,376.959,252.143 | -0.279,0.070,0.001,-0.000
cam0 extrinsics = -0.003,0.009,0.702,0.712 | 0.064,-0.010,0.005
cam1 extrinsics = 0.001,0.013,0.702,0.712 | -0.047,-0.010,0.004
q_GtoI = 0.811,-0.019,0.581,0.068 | p_IinG = -0.676,0.313,0.283 | dist = 71.21 (meters)
bg = -0.0028,0.0236,0.0790 | ba = -0.0243,0.1595,0.0683
camera-imu timeoffset = 0.00007
cam0 intrinsics = 461.441,460.666,364.118,245.290 | -0.281,0.072,0.001,-0.000
cam1 intrinsics = 459.194,458.494,376.958,252.144 | -0.279,0.070,0.001,-0.000
cam0 extrinsics = -0.003,0.009,0.702,0.712 | 0.064,-0.010,0.005
cam1 extrinsics = 0.001,0.013,0.702,0.712 | -0.047,-0.010,0.004
q_GtoI = 0.811,-0.019,0.581,0.066 | p_IinG = -0.580,0.323,0.291 | dist = 71.30 (meters)
bg = -0.0029,0.0237,0.0790 | ba = -0.0249,0.1588,0.0682
camera-imu timeoffset = 0.00007
cam0 intrinsics = 461.441,460.664,364.119,245.289 | -0.281,0.072,0.001,-0.000
cam1 intrinsics = 459.194,458.494,376.958,252.144 | -0.279,0.070,0.001,-0.000
cam0 extrinsics = -0.003,0.009,0.702,0.712 | 0.064,-0.010,0.005
cam1 extrinsics = 0.001,0.013,0.702,0.712 | -0.047,-0.010,0.004
q_GtoI = 0.811,-0.020,0.581,0.063 | p_IinG = -0.487,0.336,0.295 | dist = 71.40 (meters)
bg = -0.0028,0.0236,0.0790 | ba = -0.0251,0.1592,0.0685
camera-imu timeoffset = 0.00007
cam0 intrinsics = 461.441,460.664,364.118,245.287 | -0.281,0.072,0.001,-0.000
cam1 intrinsics = 459.194,458.494,376.958,252.141 | -0.279,0.070,0.001,-0.000
cam0 extrinsics = -0.003,0.009,0.702,0.712 | 0.064,-0.010,0.005
cam1 extrinsics = 0.001,0.013,0.702,0.712 | -0.047,-0.010,0.004
q_GtoI = 0.812,-0.022,0.581,0.059 | p_IinG = -0.394,0.353,0.301 | dist = 71.49 (meters)
bg = -0.0029,0.0234,0.0788 | ba = -0.0259,0.1598,0.0699
camera-imu timeoffset = 0.00007
cam0 intrinsics = 461.448,460.671,364.113,245.286 | -0.281,0.072,0.001,-0.000
cam1 intrinsics = 459.200,458.499,376.955,252.137 | -0.279,0.070,0.001,-0.000
cam0 extrinsics = -0.003,0.009,0.702,0.712 | 0.064,-0.010,0.005
cam1 extrinsics = 0.001,0.013,0.702,0.712 | -0.047,-0.010,0.004
q_GtoI = 0.811,-0.024,0.582,0.054 | p_IinG = -0.299,0.372,0.308 | dist = 71.59 (meters)
bg = -0.0027,0.0233,0.0789 | ba = -0.0282,0.1605,0.0702
camera-imu timeoffset = 0.00007
cam0 intrinsics = 461.446,460.667,364.111,245.276 | -0.281,0.072,0.001,-0.000
cam1 intrinsics = 459.198,458.495,376.950,252.129 | -0.279,0.070,0.001,-0.000
cam0 extrinsics = -0.003,0.009,0.702,0.712 | 0.064,-0.010,0.005
cam1 extrinsics = 0.001,0.013,0.702,0.712 | -0.047,-0.010,0.004
q_GtoI = 0.812,-0.029,0.581,0.047 | p_IinG = -0.205,0.392,0.312 | dist = 71.68 (meters)
bg = -0.0022,0.0237,0.0786 | ba = -0.0276,0.1611,0.0695
camera-imu timeoffset = 0.00007
cam0 intrinsics = 461.442,460.663,364.107,245.269 | -0.281,0.072,0.001,-0.000
cam1 intrinsics = 459.194,458.491,376.943,252.129 | -0.279,0.070,0.001,-0.000
cam0 extrinsics = -0.003,0.009,0.702,0.712 | 0.064,-0.010,0.005
cam1 extrinsics = 0.001,0.013,0.702,0.712 | -0.047,-0.010,0.004
q_GtoI = 0.812,-0.034,0.581,0.038 | p_IinG = -0.112,0.416,0.316 | dist = 71.78 (meters)
bg = -0.0021,0.0239,0.0784 | ba = -0.0268,0.1629,0.0690
camera-imu timeoffset = 0.00007
cam0 intrinsics = 461.445,460.663,364.104,245.293 | -0.281,0.072,0.001,-0.000
cam1 intrinsics = 459.197,458.491,376.918,252.157 | -0.279,0.070,0.001,-0.000
cam0 extrinsics = -0.003,0.009,0.702,0.712 | 0.064,-0.010,0.005
cam1 extrinsics = 0.001,0.013,0.702,0.712 | -0.047,-0.010,0.004
q_GtoI = 0.812,-0.039,0.582,0.031 | p_IinG = -0.017,0.438,0.321 | dist = 71.87 (meters)
bg = -0.0019,0.0238,0.0784 | ba = -0.0262,0.1645,0.0671
camera-imu timeoffset = 0.00007
cam0 intrinsics = 461.436,460.651,364.100,245.298 | -0.281,0.072,0.001,-0.000
cam1 intrinsics = 459.199,458.488,376.918,252.161 | -0.279,0.070,0.001,-0.000
cam0 extrinsics = -0.003,0.009,0.702,0.712 | 0.064,-0.010,0.005
cam1 extrinsics = 0.001,0.013,0.702,0.712 | -0.047,-0.010,0.004
q_GtoI = 0.811,-0.043,0.583,0.025 | p_IinG = 0.074,0.461,0.328 | dist = 71.96 (meters)
bg = -0.0018,0.0238,0.0784 | ba = -0.0262,0.1647,0.0672
camera-imu timeoffset = 0.00006
cam0 intrinsics = 461.433,460.647,364.100,245.301 | -0.281,0.072,0.001,-0.000
cam1 intrinsics = 459.198,458.487,376.917,252.165 | -0.279,0.070,0.001,-0.000
cam0 extrinsics = -0.003,0.009,0.702,0.712 | 0.064,-0.010,0.005
cam1 extrinsics = 0.001,0.013,0.702,0.712 | -0.047,-0.010,0.004
q_GtoI = 0.811,-0.047,0.583,0.021 | p_IinG = 0.162,0.484,0.336 | dist = 72.06 (meters)
bg = -0.0016,0.0239,0.0783 | ba = -0.0266,0.1647,0.0678
camera-imu timeoffset = 0.00007
cam0 intrinsics = 461.432,460.642,364.103,245.301 | -0.281,0.072,0.001,-0.000
cam1 intrinsics = 459.202,458.488,376.917,252.165 | -0.279,0.070,0.001,-0.000
cam0 extrinsics = -0.003,0.009,0.702,0.712 | 0.064,-0.010,0.005
cam1 extrinsics = 0.001,0.013,0.702,0.712 | -0.047,-0.010,0.004
q_GtoI = 0.810,-0.050,0.584,0.018 | p_IinG = 0.252,0.506,0.344 | dist = 72.15 (meters)
bg = -0.0015,0.0239,0.0783 | ba = -0.0266,0.1646,0.0676
camera-imu timeoffset = 0.00007
cam0 intrinsics = 461.430,460.638,364.104,245.303 | -0.281,0.072,0.001,-0.000
cam1 intrinsics = 459.203,458.487,376.919,252.165 | -0.279,0.070,0.001,-0.000
cam0 extrinsics = -0.003,0.009,0.702,0.712 | 0.064,-0.010,0.005
cam1 extrinsics = 0.001,0.013,0.702,0.712 | -0.047,-0.010,0.004
q_GtoI = 0.809,-0.052,0.586,0.016 | p_IinG = 0.342,0.526,0.353 | dist = 72.24 (meters)
bg = -0.0014,0.0242,0.0781 | ba = -0.0268,0.1639,0.0674
camera-imu timeoffset = 0.00006
cam0 intrinsics = 461.430,460.633,364.105,245.303 | -0.281,0.072,0.001,-0.000
cam1 intrinsics = 459.207,458.486,376.917,252.165 | -0.279,0.070,0.001,-0.000
cam0 extrinsics = -0.003,0.009,0.702,0.712 | 0.064,-0.010,0.005
cam1 extrinsics = 0.001,0.013,0.702,0.712 | -0.047,-0.010,0.004
q_GtoI = 0.804,-0.055,0.591,0.015 | p_IinG = 0.430,0.546,0.360 | dist = 72.33 (meters)
bg = -0.0014,0.0243,0.0781 | ba = -0.0265,0.1629,0.0671
camera-imu timeoffset = 0.00006
cam0 intrinsics = 461.429,460.628,364.107,245.303 | -0.281,0.072,0.001,-0.000
cam1 intrinsics = 459.211,458.486,376.917,252.164 | -0.279,0.070,0.001,-0.000
cam0 extrinsics = -0.003,0.009,0.702,0.712 | 0.064,-0.010,0.005
cam1 extrinsics = 0.001,0.013,0.702,0.712 | -0.047,-0.010,0.004
q_GtoI = 0.799,-0.056,0.598,0.016 | p_IinG = 0.518,0.564,0.365 | dist = 72.42 (meters)
bg = -0.0016,0.0244,0.0782 | ba = -0.0274,0.1618,0.0673
camera-imu timeoffset = 0.00006
cam0 intrinsics = 461.429,460.626,364.104,245.307 | -0.281,0.072,0.001,-0.000
cam1 intrinsics = 459.214,458.486,376.916,252.166 | -0.279,0.070,0.001,-0.000
cam0 extrinsics = -0.003,0.009,0.702,0.712 | 0.064,-0.010,0.005
cam1 extrinsics = 0.001,0.013,0.702,0.712 | -0.047,-0.010,0.004
q_GtoI = 0.793,-0.058,0.607,0.016 | p_IinG = 0.604,0.582,0.367 | dist = 72.50 (meters)
bg = -0.0018,0.0243,0.0785 | ba = -0.0284,0.1615,0.0674
camera-imu timeoffset = 0.00007
cam0 intrinsics = 461.427,460.625,364.099,245.306 | -0.281,0.072,0.001,-0.000
cam1 intrinsics = 459.214,458.489,376.918,252.165 | -0.279,0.070,0.001,-0.000
cam0 extrinsics = -0.003,0.009,0.702,0.712 | 0.064,-0.010,0.005
cam1 extrinsics = 0.001,0.013,0.702,0.712 | -0.047,-0.010,0.004
q_GtoI = 0.785,-0.061,0.617,0.013 | p_IinG = 0.689,0.599,0.368 | dist = 72.59 (meters)
bg = -0.0019,0.0246,0.0785 | ba = -0.0290,0.1604,0.0673
camera-imu timeoffset = 0.00006
cam0 intrinsics = 461.426,460.622,364.096,245.304 | -0.281,0.072,0.001,-0.000
cam1 intrinsics = 459.217,458.489,376.917,252.162 | -0.279,0.070,0.001,-0.000
cam0 extrinsics = -0.003,0.009,0.702,0.712 | 0.064,-0.010,0.005
cam1 extrinsics = 0.001,0.013,0.702,0.712 | -0.047,-0.010,0.004
q_GtoI = 0.775,-0.065,0.628,0.009 | p_IinG = 0.775,0.617,0.365 | dist = 72.67 (meters)
bg = -0.0020,0.0246,0.0785 | ba = -0.0287,0.1609,0.0664
camera-imu timeoffset = 0.00006
cam0 intrinsics = 461.424,460.612,364.094,245.301 | -0.281,0.072,0.001,-0.000
cam1 intrinsics = 459.222,458.484,376.928,252.151 | -0.279,0.070,0.001,-0.000
cam0 extrinsics = -0.003,0.009,0.702,0.712 | 0.064,-0.010,0.005
cam1 extrinsics = 0.001,0.013,0.702,0.712 | -0.047,-0.010,0.004
q_GtoI = 0.767,-0.069,0.638,0.005 | p_IinG = 0.851,0.633,0.360 | dist = 72.74 (meters)
bg = -0.0020,0.0246,0.0785 | ba = -0.0295,0.1606,0.0674
camera-imu timeoffset = 0.00006
cam0 intrinsics = 461.424,460.609,364.100,245.300 | -0.281,0.072,0.001,-0.000
cam1 intrinsics = 459.227,458.485,376.938,252.146 | -0.279,0.070,0.001,-0.000
cam0 extrinsics = -0.003,0.009,0.702,0.712 | 0.064,-0.010,0.005
cam1 extrinsics = 0.001,0.013,0.702,0.712 | -0.047,-0.010,0.004
q_GtoI = -0.758,0.073,-0.649,0.000 | p_IinG = 0.922,0.649,0.355 | dist = 72.82 (meters)
bg = -0.0020,0.0244,0.0784 | ba = -0.0313,0.1610,0.0687
camera-imu timeoffset = 0.00006
cam0 intrinsics = 461.418,460.606,364.096,245.297 | -0.281,0.072,0.001,-0.000
cam1 intrinsics = 459.224,458.485,376.938,252.140 | -0.279,0.070,0.001,-0.000
cam0 extrinsics = -0.003,0.009,0.702,0.712 | 0.064,-0.010,0.005
cam1 extrinsics = 0.001,0.013,0.702,0.712 | -0.047,-0.010,0.004
q_GtoI = -0.749,0.077,-0.658,0.007 | p_IinG = 0.986,0.661,0.351 | dist = 72.89 (meters)
bg = -0.0023,0.0243,0.0782 | ba = -0.0339,0.1605,0.0716
camera-imu timeoffset = 0.00006
cam0 intrinsics = 461.419,460.599,364.038,245.357 | -0.281,0.072,0.001,-0.000
cam1 intrinsics = 459.235,458.490,376.897,252.198 | -0.279,0.070,0.001,-0.000
cam0 extrinsics = -0.003,0.009,0.702,0.712 | 0.064,-0.010,0.005
cam1 extrinsics = 0.001,0.013,0.702,0.712 | -0.047,-0.010,0.004
q_GtoI = -0.739,0.080,-0.669,0.013 | p_IinG = 1.048,0.672,0.347 | dist = 72.95 (meters)
bg = -0.0023,0.0242,0.0782 | ba = -0.0351,0.1602,0.0722
camera-imu timeoffset = 0.00006
cam0 intrinsics = 461.414,460.595,364.026,245.360 | -0.281,0.072,0.001,0.000
cam1 intrinsics = 459.233,458.489,376.899,252.194 | -0.279,0.070,0.001,-0.000
cam0 extrinsics = -0.003,0.009,0.702,0.712 | 0.064,-0.010,0.005
cam1 extrinsics = 0.001,0.013,0.702,0.712 | -0.047,-0.010,0.004
q_GtoI = -0.728,0.082,-0.680,0.019 | p_IinG = 1.100,0.680,0.343 | dist = 73.00 (meters)
bg = -0.0024,0.0241,0.0780 | ba = -0.0349,0.1597,0.0736
camera-imu timeoffset = 0.00006
cam0 intrinsics = 461.409,460.593,364.026,245.345 | -0.281,0.072,0.001,0.000
cam1 intrinsics = 459.229,458.489,376.905,252.179 | -0.279,0.070,0.001,-0.000
cam0 extrinsics = -0.003,0.009,0.702,0.712 | 0.064,-0.010,0.005
cam1 extrinsics = 0.001,0.013,0.702,0.712 | -0.047,-0.010,0.004
q_GtoI = -0.717,0.082,-0.692,0.022 | p_IinG = 1.141,0.686,0.344 | dist = 73.05 (meters)
bg = -0.0024,0.0241,0.0780 | ba = -0.0363,0.1595,0.0753
camera-imu timeoffset = 0.00006
cam0 intrinsics = 461.407,460.590,364.029,245.341 | -0.281,0.072,0.001,0.000
cam1 intrinsics = 459.229,458.488,376.906,252.173 | -0.279,0.070,0.001,-0.000
cam0 extrinsics = -0.003,0.009,0.702,0.712 | 0.064,-0.010,0.005
cam1 extrinsics = 0.001,0.013,0.702,0.712 | -0.047,-0.010,0.004
q_GtoI = -0.707,0.080,-0.703,0.022 | p_IinG = 1.173,0.689,0.347 | dist = 73.08 (meters)
bg = -0.0024,0.0239,0.0780 | ba = -0.0369,0.1594,0.0764
camera-imu timeoffset = 0.00006
cam0 intrinsics = 461.407,460.588,364.031,245.340 | -0.281,0.072,0.001,0.000
cam1 intrinsics = 459.229,458.486,376.908,252.171 | -0.279,0.070,0.001,-0.000
cam0 extrinsics = -0.003,0.009,0.702,0.712 | 0.064,-0.010,0.005
cam1 extrinsics = 0.001,0.013,0.702,0.712 | -0.047,-0.010,0.004
q_GtoI = -0.698,0.076,-0.712,0.021 | p_IinG = 1.193,0.692,0.350 | dist = 73.11 (meters)
bg = -0.0022,0.0237,0.0783 | ba = -0.0358,0.1597,0.0783
camera-imu timeoffset = 0.00007
cam0 intrinsics = 461.410,460.587,364.038,245.332 | -0.281,0.072,0.001,0.000
cam1 intrinsics = 459.232,458.485,376.924,252.168 | -0.279,0.070,0.001,-0.000
cam0 extrinsics = -0.003,0.009,0.702,0.712 | 0.064,-0.010,0.005
cam1 extrinsics = 0.001,0.013,0.702,0.712 | -0.047,-0.010,0.004
q_GtoI = -0.694,0.071,-0.716,0.018 | p_IinG = 1.204,0.692,0.356 | dist = 73.13 (meters)
bg = -0.0022,0.0234,0.0784 | ba = -0.0333,0.1600,0.0801
camera-imu timeoffset = 0.00007
cam0 intrinsics = 461.411,460.587,364.041,245.324 | -0.281,0.072,0.001,0.000
cam1 intrinsics = 459.233,458.484,376.930,252.160 | -0.279,0.070,0.001,-0.000
cam0 extrinsics = -0.003,0.009,0.702,0.712 | 0.064,-0.010,0.005
cam1 extrinsics = 0.001,0.013,0.702,0.712 | -0.046,-0.010,0.004
q_GtoI = -0.695,0.065,-0.716,0.013 | p_IinG = 1.205,0.690,0.363 | dist = 73.14 (meters)
bg = -0.0020,0.0232,0.0783 | ba = -0.0300,0.1605,0.0819
camera-imu timeoffset = 0.00007
cam0 intrinsics = 461.413,460.587,364.048,245.314 | -0.281,0.072,0.001,0.000
cam1 intrinsics = 459.235,458.485,376.935,252.150 | -0.279,0.070,0.001,-0.000
cam0 extrinsics = -0.003,0.009,0.702,0.712 | 0.064,-0.010,0.005
cam1 extrinsics = 0.001,0.013,0.702,0.712 | -0.046,-0.010,0.004
q_GtoI = -0.704,0.058,-0.708,0.004 | p_IinG = 1.199,0.688,0.374 | dist = 73.16 (meters)
bg = -0.0019,0.0231,0.0782 | ba = -0.0282,0.1619,0.0823
camera-imu timeoffset = 0.00007
cam0 intrinsics = 461.414,460.588,364.054,245.310 | -0.281,0.072,0.001,0.000
cam1 intrinsics = 459.236,458.486,376.937,252.145 | -0.279,0.070,0.001,-0.000
cam0 extrinsics = -0.003,0.009,0.702,0.712 | 0.064,-0.010,0.005
cam1 extrinsics = 0.001,0.013,0.702,0.712 | -0.046,-0.010,0.004
q_GtoI = 0.722,-0.049,0.691,0.010 | p_IinG = 1.189,0.684,0.389 | dist = 73.18 (meters)
bg = -0.0018,0.0234,0.0784 | ba = -0.0272,0.1630,0.0816
camera-imu timeoffset = 0.00007
cam0 intrinsics = 461.415,460.591,364.057,245.306 | -0.281,0.072,0.001,0.000
cam1 intrinsics = 459.235,458.488,376.940,252.139 | -0.279,0.070,0.001,-0.000
cam0 extrinsics = -0.003,0.009,0.702,0.712 | 0.064,-0.010,0.005
cam1 extrinsics = 0.001,0.013,0.702,0.712 | -0.046,-0.010,0.004
q_GtoI = 0.743,-0.040,0.668,0.026 | p_IinG = 1.166,0.677,0.402 | dist = 73.21 (meters)
bg = -0.0021,0.0234,0.0786 | ba = -0.0219,0.1625,0.0826
camera-imu timeoffset = 0.00007
cam0 intrinsics = 461.421,460.604,364.066,245.300 | -0.281,0.072,0.001,0.000
cam1 intrinsics = 459.242,458.501,376.955,252.135 | -0.279,0.070,0.001,-0.000
cam0 extrinsics = -0.003,0.009,0.702,0.712 | 0.064,-0.010,0.005
cam1 extrinsics = 0.001,0.013,0.702,0.712 | -0.046,-0.010,0.004
q_GtoI = 0.763,-0.032,0.644,0.042 | p_IinG = 1.140,0.672,0.417 | dist = 73.24 (meters)
bg = -0.0021,0.0235,0.0786 | ba = -0.0175,0.1624,0.0828
camera-imu timeoffset = 0.00007
cam0 intrinsics = 461.427,460.613,364.074,245.293 | -0.281,0.072,0.001,-0.000
cam1 intrinsics = 459.245,458.509,376.958,252.128 | -0.279,0.070,0.001,-0.000
cam0 extrinsics = -0.003,0.009,0.702,0.712 | 0.065,-0.010,0.005
cam1 extrinsics = 0.001,0.013,0.702,0.712 | -0.046,-0.010,0.004
q_GtoI = 0.779,-0.027,0.624,0.055 | p_IinG = 1.108,0.669,0.433 | dist = 73.28 (meters)
bg = -0.0022,0.0235,0.0786 | ba = -0.0126,0.1623,0.0835
camera-imu timeoffset = 0.00007
cam0 intrinsics = 461.431,460.625,364.080,245.281 | -0.281,0.072,0.001,-0.000
cam1 intrinsics = 459.248,458.520,376.963,252.115 | -0.279,0.070,0.001,-0.000
cam0 extrinsics = -0.003,0.009,0.702,0.712 | 0.065,-0.010,0.005
cam1 extrinsics = 0.001,0.013,0.702,0.712 | -0.046,-0.010,0.004
q_GtoI = 0.791,-0.025,0.609,0.063 | p_IinG = 1.073,0.667,0.447 | dist = 73.32 (meters)
bg = -0.0022,0.0235,0.0786 | ba = -0.0080,0.1626,0.0840
camera-imu timeoffset = 0.00007
cam0 intrinsics = 461.434,460.635,364.088,245.265 | -0.281,0.072,0.001,-0.000
cam1 intrinsics = 459.251,458.531,376.971,252.099 | -0.279,0.070,0.001,-0.000
cam0 extrinsics = -0.003,0.009,0.702,0.712 | 0.065,-0.010,0.005
cam1 extrinsics = 0.001,0.013,0.702,0.712 | -0.046,-0.010,0.004
q_GtoI = 0.797,-0.024,0.600,0.068 | p_IinG = 1.038,0.667,0.462 | dist = 73.36 (meters)
bg = -0.0023,0.0237,0.0785 | ba = -0.0038,0.1628,0.0845
camera-imu timeoffset = 0.00006
cam0 intrinsics = 461.437,460.641,364.093,245.254 | -0.281,0.072,0.001,-0.000
cam1 intrinsics = 459.254,458.537,376.972,252.088 | -0.279,0.070,0.001,-0.000
cam0 extrinsics = -0.003,0.009,0.702,0.712 | 0.065,-0.009,0.005
cam1 extrinsics = 0.001,0.013,0.702,0.712 | -0.046,-0.010,0.004
q_GtoI = 0.799,-0.024,0.597,0.072 | p_IinG = 1.001,0.670,0.474 | dist = 73.40 (meters)
bg = -0.0024,0.0238,0.0785 | ba = -0.0001,0.1632,0.0850
camera-imu timeoffset = 0.00006
cam0 intrinsics = 461.437,460.645,364.097,245.246 | -0.281,0.072,0.001,-0.000
cam1 intrinsics = 459.254,458.541,376.973,252.080 | -0.279,0.070,0.001,-0.000
cam0 extrinsics = -0.003,0.009,0.702,0.712 | 0.065,-0.009,0.005
cam1 extrinsics = 0.001,0.013,0.702,0.712 | -0.046,-0.010,0.004
q_GtoI = 0.796,-0.025,0.600,0.074 | p_IinG = 0.963,0.675,0.485 | dist = 73.44 (meters)
bg = -0.0026,0.0238,0.0786 | ba = 0.0029,0.1638,0.0851
camera-imu timeoffset = 0.00006
cam0 intrinsics = 461.438,460.647,364.103,245.232 | -0.281,0.072,0.001,-0.000
cam1 intrinsics = 459.256,458.546,376.969,252.067 | -0.279,0.070,0.001,-0.000
cam0 extrinsics = -0.003,0.009,0.702,0.712 | 0.065,-0.009,0.005
cam1 extrinsics = 0.001,0.013,0.702,0.712 | -0.046,-0.010,0.004
q_GtoI = 0.792,-0.027,0.605,0.074 | p_IinG = 0.924,0.681,0.493 | dist = 73.48 (meters)
bg = -0.0027,0.0239,0.0783 | ba = 0.0066,0.1636,0.0854
camera-imu timeoffset = 0.00006
cam0 intrinsics = 461.447,460.652,364.108,245.223 | -0.281,0.072,0.001,-0.000
cam1 intrinsics = 459.264,458.550,376.971,252.058 | -0.279,0.070,0.001,-0.000
cam0 extrinsics = -0.003,0.009,0.702,0.712 | 0.065,-0.009,0.005
cam1 extrinsics = 0.001,0.013,0.702,0.712 | -0.046,-0.010,0.004
q_GtoI = 0.788,-0.029,0.611,0.071 | p_IinG = 0.885,0.690,0.499 | dist = 73.52 (meters)
bg = -0.0030,0.0240,0.0784 | ba = 0.0085,0.1639,0.0852
camera-imu timeoffset = 0.00006
cam0 intrinsics = 461.448,460.653,364.110,245.220 | -0.281,0.072,0.001,-0.000
cam1 intrinsics = 459.265,458.551,376.973,252.054 | -0.279,0.070,0.001,-0.000
cam0 extrinsics = -0.003,0.009,0.702,0.712 | 0.065,-0.009,0.005
cam1 extrinsics = 0.001,0.013,0.702,0.712 | -0.046,-0.010,0.004
q_GtoI = 0.783,-0.033,0.617,0.068 | p_IinG = 0.844,0.701,0.504 | dist = 73.57 (meters)
bg = -0.0032,0.0241,0.0786 | ba = 0.0101,0.1640,0.0850
camera-imu timeoffset = 0.00006
cam0 intrinsics = 461.451,460.657,364.113,245.217 | -0.281,0.072,0.001,-0.000
cam1 intrinsics = 459.268,458.555,376.976,252.051 | -0.279,0.070,0.001,-0.000
cam0 extrinsics = -0.003,0.009,0.702,0.712 | 0.064,-0.009,0.005
cam1 extrinsics = 0.001,0.013,0.702,0.712 | -0.046,-0.010,0.004
q_GtoI = 0.781,-0.036,0.620,0.064 | p_IinG = 0.802,0.714,0.506 | dist = 73.61 (meters)
bg = -0.0035,0.0242,0.0786 | ba = 0.0114,0.1640,0.0849
camera-imu timeoffset = 0.00006
cam0 intrinsics = 461.454,460.660,364.115,245.215 | -0.281,0.072,0.001,-0.000
cam1 intrinsics = 459.270,458.558,376.979,252.048 | -0.279,0.070,0.001,-0.000
cam0 extrinsics = -0.003,0.009,0.702,0.712 | 0.064,-0.009,0.005
cam1 extrinsics = 0.001,0.013,0.702,0.712 | -0.046,-0.010,0.004
q_GtoI = 0.782,-0.039,0.619,0.062 | p_IinG = 0.759,0.732,0.509 | dist = 73.66 (meters)
bg = -0.0036,0.0241,0.0778 | ba = 0.0111,0.1664,0.0844
camera-imu timeoffset = 0.00007
cam0 intrinsics = 461.428,460.623,364.063,245.232 | -0.281,0.072,0.001,-0.000
cam1 intrinsics = 459.249,458.532,376.985,252.088 | -0.279,0.070,0.001,-0.000
cam0 extrinsics = -0.003,0.009,0.702,0.712 | 0.065,-0.010,0.005
cam1 extrinsics = 0.001,0.013,0.702,0.712 | -0.046,-0.010,0.004
q_GtoI = 0.785,-0.041,0.615,0.060 | p_IinG = 0.713,0.748,0.505 | dist = 73.71 (meters)
bg = -0.0040,0.0239,0.0778 | ba = 0.0129,0.1658,0.0837
camera-imu timeoffset = 0.00006
cam0 intrinsics = 461.424,460.619,364.056,245.228 | -0.281,0.072,0.001,-0.000
cam1 intrinsics = 459.249,458.536,376.997,252.089 | -0.279,0.070,0.001,-0.000
cam0 extrinsics = -0.003,0.009,0.702,0.712 | 0.065,-0.010,0.005
cam1 extrinsics = 0.001,0.013,0.702,0.712 | -0.046,-0.010,0.004
q_GtoI = 0.790,-0.046,0.609,0.055 | p_IinG = 0.666,0.767,0.501 | dist = 73.76 (meters)
bg = -0.0040,0.0239,0.0782 | ba = 0.0147,0.1658,0.0829
camera-imu timeoffset = 0.00006
cam0 intrinsics = 461.423,460.619,364.073,245.212 | -0.281,0.072,0.001,-0.000
cam1 intrinsics = 459.252,458.539,376.987,252.070 | -0.279,0.070,0.001,-0.000
cam0 extrinsics = -0.003,0.009,0.702,0.712 | 0.064,-0.010,0.005
cam1 extrinsics = 0.001,0.013,0.702,0.712 | -0.046,-0.010,0.004
q_GtoI = 0.795,-0.051,0.602,0.048 | p_IinG = 0.619,0.787,0.501 | dist = 73.81 (meters)
bg = -0.0039,0.0240,0.0785 | ba = 0.0151,0.1648,0.0815
camera-imu timeoffset = 0.00006
cam0 intrinsics = 461.424,460.624,364.071,245.215 | -0.281,0.072,0.001,-0.000
cam1 intrinsics = 459.255,458.548,376.992,252.070 | -0.279,0.070,0.001,-0.000
cam0 extrinsics = -0.003,0.009,0.702,0.712 | 0.064,-0.010,0.005
cam1 extrinsics = 0.001,0.013,0.702,0.712 | -0.046,-0.010,0.004
q_GtoI = 0.800,-0.056,0.596,0.043 | p_IinG = 0.571,0.808,0.501 | dist = 73.87 (meters)
bg = -0.0039,0.0240,0.0786 | ba = 0.0143,0.1642,0.0810
camera-imu timeoffset = 0.00006
cam0 intrinsics = 461.418,460.625,364.070,245.204 | -0.281,0.072,0.001,-0.000
cam1 intrinsics = 459.253,458.554,376.993,252.058 | -0.279,0.070,0.001,-0.000
cam0 extrinsics = -0.003,0.009,0.702,0.712 | 0.064,-0.010,0.005
cam1 extrinsics = 0.001,0.013,0.702,0.712 | -0.046,-0.010,0.004
q_GtoI = 0.804,-0.060,0.590,0.037 | p_IinG = 0.522,0.830,0.504 | dist = 73.92 (meters)
bg = -0.0040,0.0241,0.0786 | ba = 0.0134,0.1638,0.0808
camera-imu timeoffset = 0.00006
cam0 intrinsics = 461.415,460.629,364.071,245.201 | -0.281,0.072,0.001,-0.000
cam1 intrinsics = 459.249,458.558,376.996,252.056 | -0.279,0.070,0.001,-0.000
cam0 extrinsics = -0.003,0.009,0.702,0.712 | 0.064,-0.010,0.005
cam1 extrinsics = 0.001,0.013,0.702,0.712 | -0.046,-0.010,0.004
q_GtoI = 0.806,-0.063,0.587,0.033 | p_IinG = 0.473,0.852,0.506 | dist = 73.97 (meters)
bg = -0.0040,0.0241,0.0787 | ba = 0.0137,0.1639,0.0807
camera-imu timeoffset = 0.00006
cam0 intrinsics = 461.413,460.634,364.070,245.199 | -0.281,0.072,0.001,-0.000
cam1 intrinsics = 459.246,458.563,376.996,252.055 | -0.279,0.070,0.001,-0.000
cam0 extrinsics = -0.003,0.009,0.702,0.712 | 0.064,-0.010,0.005
cam1 extrinsics = 0.001,0.013,0.702,0.712 | -0.046,-0.010,0.004
q_GtoI = 0.809,-0.065,0.584,0.031 | p_IinG = 0.424,0.875,0.510 | dist = 74.03 (meters)
bg = -0.0040,0.0242,0.0786 | ba = 0.0130,0.1641,0.0808
camera-imu timeoffset = 0.00006
cam0 intrinsics = 461.410,460.636,364.067,245.198 | -0.281,0.072,0.001,-0.000
cam1 intrinsics = 459.242,458.564,376.994,252.055 | -0.279,0.070,0.001,-0.000
cam0 extrinsics = -0.003,0.009,0.702,0.712 | 0.064,-0.010,0.005
cam1 extrinsics = 0.001,0.013,0.702,0.712 | -0.046,-0.010,0.004
q_GtoI = 0.810,-0.066,0.582,0.028 | p_IinG = 0.376,0.899,0.516 | dist = 74.08 (meters)
bg = -0.0037,0.0243,0.0787 | ba = 0.0120,0.1646,0.0814
camera-imu timeoffset = 0.00006
cam0 intrinsics = 461.409,460.639,364.063,245.199 | -0.281,0.072,0.001,-0.000
cam1 intrinsics = 459.239,458.566,376.992,252.059 | -0.279,0.070,0.001,-0.000
cam0 extrinsics = -0.003,0.009,0.702,0.712 | 0.064,-0.010,0.005
cam1 extrinsics = 0.001,0.013,0.702,0.712 | -0.046,-0.010,0.004
q_GtoI = 0.811,-0.068,0.580,0.027 | p_IinG = 0.330,0.923,0.523 | dist = 74.13 (meters)
bg = -0.0033,0.0245,0.0788 | ba = 0.0118,0.1659,0.0812
camera-imu timeoffset = 0.00007
cam0 intrinsics = 461.414,460.642,364.052,245.200 | -0.281,0.072,0.001,-0.000
cam1 intrinsics = 459.240,458.566,376.985,252.068 | -0.279,0.070,0.001,-0.000
cam0 extrinsics = -0.003,0.009,0.702,0.712 | 0.065,-0.010,0.005
cam1 extrinsics = 0.001,0.013,0.702,0.712 | -0.046,-0.010,0.004
q_GtoI = 0.812,-0.068,0.579,0.026 | p_IinG = 0.282,0.946,0.528 | dist = 74.19 (meters)
bg = -0.0032,0.0245,0.0788 | ba = 0.0123,0.1661,0.0814
camera-imu timeoffset = 0.00007
cam0 intrinsics = 461.412,460.643,364.045,245.201 | -0.281,0.072,0.001,-0.000
cam1 intrinsics = 459.235,458.566,376.979,252.073 | -0.279,0.070,0.001,-0.000
cam0 extrinsics = -0.003,0.009,0.702,0.712 | 0.065,-0.010,0.005
cam1 extrinsics = 0.001,0.013,0.702,0.712 | -0.046,-0.010,0.004
q_GtoI = 0.812,-0.068,0.579,0.026 | p_IinG = 0.235,0.967,0.531 | dist = 74.24 (meters)
bg = -0.0031,0.0243,0.0789 | ba = 0.0128,0.1669,0.0816
camera-imu timeoffset = 0.00007
cam0 intrinsics = 461.410,460.644,364.038,245.200 | -0.281,0.072,0.001,-0.000
cam1 intrinsics = 459.230,458.565,376.974,252.076 | -0.279,0.070,0.001,-0.000
cam0 extrinsics = -0.003,0.009,0.702,0.712 | 0.065,-0.010,0.005
cam1 extrinsics = 0.001,0.013,0.702,0.712 | -0.046,-0.010,0.004
q_GtoI = 0.813,-0.070,0.577,0.023 | p_IinG = 0.189,0.989,0.532 | dist = 74.29 (meters)
bg = -0.0029,0.0243,0.0789 | ba = 0.0124,0.1677,0.0823
camera-imu timeoffset = 0.00007
cam0 intrinsics = 461.408,460.646,364.031,245.202 | -0.281,0.072,0.001,-0.000
cam1 intrinsics = 459.226,458.565,376.967,252.079 | -0.279,0.070,0.001,-0.000
cam0 extrinsics = -0.003,0.009,0.702,0.712 | 0.065,-0.010,0.005
cam1 extrinsics = 0.001,0.013,0.702,0.712 | -0.046,-0.010,0.004
q_GtoI = 0.813,-0.072,0.577,0.021 | p_IinG = 0.143,1.011,0.530 | dist = 74.34 (meters)
bg = -0.0027,0.0241,0.0789 | ba = 0.0127,0.1685,0.0830
camera-imu timeoffset = 0.00007
cam0 intrinsics = 461.406,460.650,364.027,245.202 | -0.281,0.072,0.001,-0.000
cam1 intrinsics = 459.219,458.563,376.956,252.080 | -0.279,0.070,0.001,-0.000
cam0 extrinsics = -0.003,0.009,0.702,0.712 | 0.065,-0.010,0.005
cam1 extrinsics = 0.001,0.013,0.702,0.712 | -0.046,-0.010,0.004
q_GtoI = 0.813,-0.074,0.577,0.017 | p_IinG = 0.098,1.030,0.525 | dist = 74.38 (meters)
bg = -0.0026,0.0239,0.0788 | ba = 0.0127,0.1687,0.0839
camera-imu timeoffset = 0.00007
cam0 intrinsics = 461.404,460.651,364.022,245.203 | -0.281,0.072,0.001,-0.000
cam1 intrinsics = 459.215,458.563,376.950,252.083 | -0.279,0.070,0.001,-0.000
cam0 extrinsics = -0.003,0.009,0.702,0.712 | 0.065,-0.010,0.005
cam1 extrinsics = 0.001,0.013,0.702,0.712 | -0.046,-0.010,0.004
q_GtoI = 0.814,-0.076,0.576,0.014 | p_IinG = 0.053,1.050,0.517 | dist = 74.43 (meters)
bg = -0.0024,0.0238,0.0788 | ba = 0.0131,0.1694,0.0848
camera-imu timeoffset = 0.00007
cam0 intrinsics = 461.403,460.654,364.016,245.203 | -0.281,0.072,0.001,-0.000
cam1 intrinsics = 459.211,458.563,376.945,252.086 | -0.279,0.070,0.001,-0.000
cam0 extrinsics = -0.003,0.009,0.702,0.712 | 0.065,-0.010,0.005
cam1 extrinsics = 0.001,0.013,0.702,0.712 | -0.046,-0.010,0.004
q_GtoI = 0.814,-0.079,0.575,0.011 | p_IinG = 0.008,1.068,0.506 | dist = 74.48 (meters)
bg = -0.0022,0.0235,0.0788 | ba = 0.0139,0.1693,0.0854
camera-imu timeoffset = 0.00007
cam0 intrinsics = 461.403,460.658,364.015,245.200 | -0.281,0.072,0.001,-0.000
cam1 intrinsics = 459.208,458.565,376.943,252.085 | -0.279,0.070,0.001,-0.000
cam0 extrinsics = -0.003,0.009,0.702,0.712 | 0.065,-0.010,0.005
cam1 extrinsics = 0.001,0.013,0.702,0.712 | -0.046,-0.010,0.004
q_GtoI = 0.815,-0.080,0.574,0.009 | p_IinG = -0.038,1.085,0.493 | dist = 74.53 (meters)
bg = -0.0020,0.0234,0.0789 | ba = 0.0134,0.1693,0.0872
camera-imu timeoffset = 0.00007
cam0 intrinsics = 461.417,460.676,364.041,245.190 | -0.281,0.072,0.001,-0.000
cam1 intrinsics = 459.197,458.556,376.958,252.078 | -0.279,0.070,0.001,-0.000
cam0 extrinsics = -0.003,0.009,0.702,0.712 | 0.064,-0.010,0.005
cam1 extrinsics = 0.001,0.013,0.702,0.712 | -0.046,-0.010,0.004
q_GtoI = 0.815,-0.082,0.574,0.009 | p_IinG = -0.081,1.100,0.478 | dist = 74.57 (meters)
bg = -0.0018,0.0233,0.0789 | ba = 0.0138,0.1691,0.0879
camera-imu timeoffset = 0.00007
cam0 intrinsics = 461.417,460.679,364.041,245.187 | -0.281,0.072,0.001,-0.000
cam1 intrinsics = 459.195,458.558,376.958,252.077 | -0.279,0.070,0.001,-0.000
cam0 extrinsics = -0.003,0.009,0.702,0.712 | 0.065,-0.010,0.005
cam1 extrinsics = 0.001,0.013,0.702,0.712 | -0.046,-0.010,0.004
q_GtoI = 0.815,-0.080,0.573,0.013 | p_IinG = -0.125,1.112,0.462 | dist = 74.62 (meters)
bg = -0.0018,0.0231,0.0789 | ba = 0.0149,0.1684,0.0881
camera-imu timeoffset = 0.00007
cam0 intrinsics = 461.417,460.683,364.043,245.183 | -0.281,0.072,0.001,-0.000
cam1 intrinsics = 459.193,458.559,376.959,252.073 | -0.279,0.070,0.001,-0.000
cam0 extrinsics = -0.003,0.009,0.702,0.712 | 0.065,-0.010,0.005
cam1 extrinsics = 0.001,0.013,0.702,0.712 | -0.046,-0.010,0.004
q_GtoI = 0.816,-0.077,0.573,0.020 | p_IinG = -0.168,1.121,0.447 | dist = 74.66 (meters)
bg = -0.0018,0.0229,0.0789 | ba = 0.0162,0.1675,0.0881
camera-imu timeoffset = 0.00007
cam0 intrinsics = 461.418,460.686,364.046,245.179 | -0.281,0.072,0.001,-0.000
cam1 intrinsics = 459.191,458.561,376.960,252.069 | -0.279,0.070,0.001,-0.000
cam0 extrinsics = -0.003,0.009,0.702,0.712 | 0.065,-0.010,0.005
cam1 extrinsics = 0.001,0.013,0.702,0.712 | -0.046,-0.010,0.004
q_GtoI = 0.816,-0.074,0.572,0.027 | p_IinG = -0.210,1.130,0.433 | dist = 74.70 (meters)
bg = -0.0018,0.0227,0.0789 | ba = 0.0169,0.1674,0.0885
camera-imu timeoffset = 0.00007
cam0 intrinsics = 461.419,460.689,364.048,245.174 | -0.281,0.072,0.001,-0.000
cam1 intrinsics = 459.190,458.563,376.959,252.067 | -0.279,0.070,0.001,-0.000
cam0 extrinsics = -0.003,0.009,0.702,0.712 | 0.065,-0.010,0.005
cam1 extrinsics = 0.001,0.013,0.702,0.712 | -0.046,-0.010,0.004
q_GtoI = 0.816,-0.072,0.573,0.033 | p_IinG = -0.251,1.138,0.420 | dist = 74.75 (meters)
bg = -0.0019,0.0225,0.0789 | ba = 0.0174,0.1675,0.0888
camera-imu timeoffset = 0.00007
cam0 intrinsics = 461.420,460.693,364.049,245.169 | -0.281,0.072,0.001,-0.000
cam1 intrinsics = 459.188,458.565,376.959,252.064 | -0.279,0.070,0.001,-0.000
cam0 extrinsics = -0.003,0.009,0.702,0.712 | 0.065,-0.010,0.005
cam1 extrinsics = 0.001,0.013,0.702,0.712 | -0.046,-0.010,0.004
q_GtoI = 0.816,-0.072,0.572,0.037 | p_IinG = -0.291,1.145,0.409 | dist = 74.79 (meters)
bg = -0.0019,0.0224,0.0788 | ba = 0.0174,0.1676,0.0892
camera-imu timeoffset = 0.00007
cam0 intrinsics = 461.423,460.699,364.053,245.162 | -0.281,0.072,0.001,-0.000
cam1 intrinsics = 459.184,458.565,376.957,252.063 | -0.279,0.070,0.001,-0.000
cam0 extrinsics = -0.003,0.009,0.702,0.712 | 0.065,-0.010,0.005
cam1 extrinsics = 0.001,0.013,0.702,0.712 | -0.046,-0.010,0.004
q_GtoI = 0.817,-0.073,0.570,0.038 | p_IinG = -0.329,1.150,0.398 | dist = 74.83 (meters)
bg = -0.0022,0.0223,0.0788 | ba = 0.0180,0.1662,0.0885
camera-imu timeoffset = 0.00007
cam0 intrinsics = 461.420,460.700,364.061,245.164 | -0.281,0.072,0.001,-0.000
cam1 intrinsics = 459.181,458.564,376.968,252.068 | -0.279,0.070,0.001,-0.000
cam0 extrinsics = -0.003,0.009,0.702,0.712 | 0.065,-0.010,0.005
cam1 extrinsics = 0.001,0.013,0.702,0.712 | -0.046,-0.010,0.004
q_GtoI = 0.820,-0.075,0.566,0.039 | p_IinG = -0.366,1.157,0.388 | dist = 74.87 (meters)
bg = -0.0021,0.0223,0.0787 | ba = 0.0181,0.1663,0.0884
camera-imu timeoffset = 0.00007
cam0 intrinsics = 461.420,460.705,364.060,245.156 | -0.281,0.072,0.001,-0.000
cam1 intrinsics = 459.179,458.568,376.969,252.062 | -0.279,0.070,0.001,-0.000
cam0 extrinsics = -0.003,0.009,0.702,0.712 | 0.065,-0.010,0.005
cam1 extrinsics = 0.001,0.013,0.702,0.712 | -0.046,-0.010,0.004
q_GtoI = 0.822,-0.078,0.562,0.042 | p_IinG = -0.402,1.163,0.377 | dist = 74.90 (meters)
bg = -0.0021,0.0222,0.0788 | ba = 0.0180,0.1665,0.0884
camera-imu timeoffset = 0.00007
cam0 intrinsics = 461.422,460.709,364.060,245.149 | -0.281,0.072,0.001,-0.000
cam1 intrinsics = 459.178,458.571,376.971,252.055 | -0.279,0.070,0.001,-0.000
cam0 extrinsics = -0.003,0.009,0.702,0.712 | 0.065,-0.010,0.005
cam1 extrinsics = 0.001,0.013,0.702,0.712 | -0.046,-0.010,0.004
q_GtoI = 0.824,-0.083,0.558,0.043 | p_IinG = -0.437,1.169,0.367 | dist = 74.94 (meters)
bg = -0.0021,0.0222,0.0788 | ba = 0.0179,0.1665,0.0882
camera-imu timeoffset = 0.00007
cam0 intrinsics = 461.423,460.713,364.059,245.141 | -0.281,0.072,0.001,-0.000
cam1 intrinsics = 459.177,458.572,376.973,252.049 | -0.279,0.070,0.001,-0.000
cam0 extrinsics = -0.003,0.009,0.702,0.712 | 0.065,-0.010,0.005
cam1 extrinsics = 0.001,0.013,0.702,0.712 | -0.046,-0.010,0.004
q_GtoI = 0.826,-0.090,0.555,0.042 | p_IinG = -0.469,1.173,0.357 | dist = 74.98 (meters)
bg = -0.0021,0.0221,0.0789 | ba = 0.0170,0.1661,0.0880
camera-imu timeoffset = 0.00007
cam0 intrinsics = 461.424,460.715,364.060,245.134 | -0.281,0.072,0.001,-0.000
cam1 intrinsics = 459.177,458.574,376.975,252.044 | -0.279,0.070,0.001,-0.000
cam0 extrinsics = -0.003,0.009,0.702,0.712 | 0.065,-0.010,0.005
cam1 extrinsics = 0.001,0.013,0.702,0.712 | -0.046,-0.010,0.004
q_GtoI = 0.826,-0.099,0.553,0.042 | p_IinG = -0.499,1.176,0.349 | dist = 75.01 (meters)
bg = -0.0022,0.0223,0.0788 | ba = 0.0163,0.1651,0.0871
camera-imu timeoffset = 0.00007
cam0 intrinsics = 461.425,460.717,364.060,245.132 | -0.281,0.072,0.001,-0.000
cam1 intrinsics = 459.175,458.574,376.980,252.043 | -0.279,0.070,0.001,-0.000
cam0 extrinsics = -0.003,0.009,0.702,0.712 | 0.065,-0.010,0.005
cam1 extrinsics = 0.001,0.013,0.702,0.712 | -0.046,-0.010,0.004
q_GtoI = 0.826,-0.107,0.552,0.043 | p_IinG = -0.528,1.177,0.341 | dist = 75.04 (meters)
bg = -0.0023,0.0223,0.0789 | ba = 0.0149,0.1647,0.0872
camera-imu timeoffset = 0.00007
cam0 intrinsics = 461.425,460.720,364.059,245.128 | -0.281,0.072,0.001,-0.000
cam1 intrinsics = 459.175,458.577,376.982,252.040 | -0.279,0.070,0.001,-0.000
cam0 extrinsics = -0.003,0.009,0.702,0.712 | 0.065,-0.010,0.005
cam1 extrinsics = 0.001,0.013,0.702,0.712 | -0.046,-0.010,0.004
q_GtoI = 0.825,-0.117,0.551,0.043 | p_IinG = -0.555,1.178,0.334 | dist = 75.07 (meters)
bg = -0.0024,0.0224,0.0789 | ba = 0.0134,0.1646,0.0875
camera-imu timeoffset = 0.00007
cam0 intrinsics = 461.426,460.723,364.063,245.118 | -0.281,0.072,0.001,-0.000
cam1 intrinsics = 459.175,458.581,376.988,252.031 | -0.279,0.070,0.001,-0.000
cam0 extrinsics = -0.003,0.009,0.702,0.712 | 0.065,-0.010,0.005
cam1 extrinsics = 0.001,0.013,0.702,0.712 | -0.046,-0.010,0.004
q_GtoI = 0.823,-0.128,0.551,0.045 | p_IinG = -0.581,1.176,0.328 | dist = 75.10 (meters)
bg = -0.0024,0.0224,0.0789 | ba = 0.0116,0.1643,0.0883
camera-imu timeoffset = 0.00007
cam0 intrinsics = 461.432,460.731,364.048,245.101 | -0.281,0.072,0.001,-0.000
cam1 intrinsics = 459.180,458.588,376.976,252.013 | -0.279,0.070,0.001,-0.000
cam0 extrinsics = -0.003,0.009,0.702,0.712 | 0.065,-0.010,0.005
cam1 extrinsics = 0.001,0.013,0.702,0.712 | -0.046,-0.010,0.004
q_GtoI = 0.821,-0.141,0.551,0.045 | p_IinG = -0.603,1.176,0.329 | dist = 75.12 (meters)
bg = -0.0023,0.0228,0.0787 | ba = 0.0065,0.1676,0.0925
camera-imu timeoffset = 0.00007
cam0 intrinsics = 461.441,460.741,364.056,245.095 | -0.281,0.072,0.001,-0.000
cam1 intrinsics = 459.188,458.597,376.982,252.006 | -0.279,0.070,0.001,-0.000
cam0 extrinsics = -0.003,0.009,0.702,0.712 | 0.065,-0.010,0.005
cam1 extrinsics = 0.001,0.013,0.702,0.712 | -0.046,-0.010,0.004
q_GtoI = 0.817,-0.154,0.553,0.047 | p_IinG = -0.624,1.173,0.326 | dist = 75.15 (meters)
bg = -0.0021,0.0230,0.0787 | ba = 0.0051,0.1694,0.0936
camera-imu timeoffset = 0.00007
cam0 intrinsics = 461.444,460.747,364.062,245.088 | -0.281,0.072,0.001,-0.000
cam1 intrinsics = 459.191,458.604,376.990,251.998 | -0.279,0.070,0.001,-0.000
cam0 extrinsics = -0.003,0.009,0.702,0.712 | 0.065,-0.010,0.005
cam1 extrinsics = 0.001,0.013,0.702,0.712 | -0.046,-0.010,0.004
q_GtoI = 0.813,-0.169,0.556,0.048 | p_IinG = -0.643,1.166,0.325 | dist = 75.17 (meters)
bg = -0.0020,0.0232,0.0787 | ba = 0.0037,0.1702,0.0943
camera-imu timeoffset = 0.00007
cam0 intrinsics = 461.448,460.753,364.074,245.075 | -0.281,0.072,0.001,-0.000
cam1 intrinsics = 459.194,458.606,376.996,251.990 | -0.279,0.070,0.001,-0.000
cam0 extrinsics = -0.003,0.009,0.702,0.712 | 0.065,-0.010,0.005
cam1 extrinsics = 0.001,0.013,0.702,0.712 | -0.046,-0.010,0.004
q_GtoI = 0.808,-0.183,0.558,0.050 | p_IinG = -0.659,1.157,0.327 | dist = 75.19 (meters)
bg = -0.0018,0.0237,0.0786 | ba = 0.0015,0.1719,0.0946
camera-imu timeoffset = 0.00007
cam0 intrinsics = 461.458,460.755,364.091,245.057 | -0.281,0.072,0.001,-0.000
cam1 intrinsics = 459.201,458.605,377.014,251.969 | -0.279,0.070,0.001,-0.000
cam0 extrinsics = -0.003,0.009,0.702,0.712 | 0.065,-0.010,0.005
cam1 extrinsics = 0.001,0.013,0.702,0.712 | -0.046,-0.010,0.004
q_GtoI = 0.802,-0.199,0.560,0.052 | p_IinG = -0.677,1.145,0.327 | dist = 75.22 (meters)
bg = -0.0016,0.0238,0.0786 | ba = 0.0004,0.1729,0.0959
camera-imu timeoffset = 0.00007
cam0 intrinsics = 461.461,460.759,364.100,245.045 | -0.281,0.072,0.001,-0.000
cam1 intrinsics = 459.205,458.609,377.023,251.959 | -0.279,0.070,0.001,-0.000
cam0 extrinsics = -0.003,0.009,0.702,0.712 | 0.065,-0.010,0.005
cam1 extrinsics = 0.001,0.013,0.702,0.712 | -0.046,-0.010,0.004
q_GtoI = 0.798,-0.214,0.561,0.057 | p_IinG = -0.695,1.130,0.328 | dist = 75.24 (meters)
bg = -0.0015,0.0240,0.0787 | ba = -0.0005,0.1739,0.0972
camera-imu timeoffset = 0.00007
cam0 intrinsics = 461.465,460.761,364.113,245.036 | -0.281,0.072,0.001,-0.000
cam1 intrinsics = 459.210,458.612,377.034,251.950 | -0.279,0.070,0.001,-0.000
cam0 extrinsics = -0.003,0.009,0.702,0.712 | 0.065,-0.010,0.005
cam1 extrinsics = 0.001,0.013,0.702,0.712 | -0.046,-0.010,0.004
q_GtoI = 0.794,-0.228,0.561,0.062 | p_IinG = -0.714,1.111,0.329 | dist = 75.27 (meters)
bg = -0.0014,0.0242,0.0787 | ba = -0.0013,0.1747,0.0997
camera-imu timeoffset = 0.00007
cam0 intrinsics = 461.470,460.765,364.120,245.031 | -0.281,0.072,0.001,-0.000
cam1 intrinsics = 459.216,458.616,377.038,251.947 | -0.279,0.070,0.001,-0.000
cam0 extrinsics = -0.003,0.009,0.702,0.712 | 0.065,-0.010,0.005
cam1 extrinsics = 0.001,0.013,0.702,0.712 | -0.046,-0.010,0.004
q_GtoI = 0.789,-0.242,0.560,0.070 | p_IinG = -0.734,1.089,0.331 | dist = 75.30 (meters)
bg = -0.0012,0.0244,0.0789 | ba = -0.0010,0.1747,0.1015
camera-imu timeoffset = 0.00007
cam0 intrinsics = 461.475,460.764,364.120,245.037 | -0.281,0.072,0.001,-0.000
cam1 intrinsics = 459.224,458.617,377.034,251.954 | -0.279,0.070,0.001,-0.000
cam0 extrinsics = -0.003,0.009,0.702,0.712 | 0.065,-0.010,0.005
cam1 extrinsics = 0.001,0.013,0.702,0.712 | -0.046,-0.010,0.004
q_GtoI = 0.784,-0.256,0.560,0.077 | p_IinG = -0.752,1.056,0.333 | dist = 75.33 (meters)
bg = -0.0016,0.0244,0.0792 | ba = -0.0010,0.1720,0.0988
camera-imu timeoffset = 0.00007
cam0 intrinsics = 461.490,460.777,364.140,245.003 | -0.281,0.072,0.001,-0.000
cam1 intrinsics = 459.225,458.618,377.051,251.919 | -0.279,0.070,0.001,-0.000
cam0 extrinsics = -0.003,0.009,0.702,0.712 | 0.065,-0.010,0.005
cam1 extrinsics = 0.001,0.013,0.702,0.712 | -0.046,-0.010,0.004
q_GtoI = 0.778,-0.271,0.560,0.084 | p_IinG = -0.774,1.023,0.336 | dist = 75.37 (meters)
bg = -0.0015,0.0243,0.0793 | ba = -0.0013,0.1701,0.0985
camera-imu timeoffset = 0.00007
cam0 intrinsics = 461.493,460.785,364.148,244.999 | -0.281,0.072,0.001,-0.000
cam1 intrinsics = 459.229,458.627,377.056,251.913 | -0.279,0.070,0.001,-0.000
cam0 extrinsics = -0.003,0.009,0.702,0.712 | 0.065,-0.010,0.005
cam1 extrinsics = 0.001,0.013,0.702,0.712 | -0.046,-0.010,0.004
q_GtoI = 0.774,-0.284,0.558,0.094 | p_IinG = -0.798,0.986,0.339 | dist = 75.41 (meters)
bg = -0.0015,0.0241,0.0796 | ba = -0.0009,0.1686,0.0979
camera-imu timeoffset = 0.00007
cam0 intrinsics = 461.502,460.793,364.153,244.998 | -0.281,0.072,0.001,-0.000
cam1 intrinsics = 459.234,458.631,377.052,251.907 | -0.279,0.070,0.001,-0.000
cam0 extrinsics = -0.003,0.009,0.702,0.712 | 0.065,-0.010,0.005
cam1 extrinsics = 0.001,0.013,0.702,0.712 | -0.046,-0.010,0.004
q_GtoI = 0.767,-0.300,0.558,0.101 | p_IinG = -0.821,0.946,0.345 | dist = 75.46 (meters)
bg = -0.0015,0.0241,0.0799 | ba = -0.0001,0.1676,0.0970
camera-imu timeoffset = 0.00007
cam0 intrinsics = 461.505,460.796,364.158,244.991 | -0.281,0.072,0.001,-0.000
cam1 intrinsics = 459.238,458.634,377.055,251.898 | -0.279,0.070,0.001,-0.000
cam0 extrinsics = -0.003,0.009,0.702,0.712 | 0.065,-0.010,0.005
cam1 extrinsics = 0.001,0.013,0.702,0.712 | -0.046,-0.010,0.004
q_GtoI = 0.762,-0.312,0.555,0.113 | p_IinG = -0.830,0.906,0.363 | dist = 75.51 (meters)
bg = -0.0008,0.0247,0.0802 | ba = -0.0030,0.1782,0.0901
camera-imu timeoffset = 0.00007
cam0 intrinsics = 461.540,460.828,364.037,245.120 | -0.281,0.072,0.001,0.000
cam1 intrinsics = 459.287,458.682,376.961,252.029 | -0.279,0.070,0.001,-0.000
cam0 extrinsics = -0.003,0.009,0.702,0.712 | 0.065,-0.011,0.005
cam1 extrinsics = 0.001,0.013,0.702,0.712 | -0.046,-0.011,0.005
q_GtoI = 0.757,-0.324,0.554,0.124 | p_IinG = -0.853,0.859,0.371 | dist = 75.56 (meters)
bg = -0.0007,0.0246,0.0804 | ba = -0.0039,0.1778,0.0860
camera-imu timeoffset = 0.00007
cam0 intrinsics = 461.550,460.835,364.031,245.134 | -0.281,0.072,0.001,0.000
cam1 intrinsics = 459.294,458.686,376.953,252.041 | -0.279,0.070,0.001,-0.000
cam0 extrinsics = -0.003,0.009,0.702,0.712 | 0.065,-0.011,0.005
cam1 extrinsics = 0.001,0.013,0.702,0.712 | -0.046,-0.011,0.005
q_GtoI = 0.752,-0.336,0.551,0.135 | p_IinG = -0.880,0.808,0.379 | dist = 75.62 (meters)
bg = -0.0007,0.0245,0.0804 | ba = -0.0039,0.1771,0.0843
camera-imu timeoffset = 0.00007
cam0 intrinsics = 461.556,460.842,364.029,245.143 | -0.281,0.072,0.001,0.000
cam1 intrinsics = 459.299,458.692,376.949,252.048 | -0.279,0.070,0.001,-0.000
cam0 extrinsics = -0.003,0.009,0.702,0.712 | 0.065,-0.011,0.005
cam1 extrinsics = 0.001,0.013,0.702,0.712 | -0.046,-0.011,0.005
q_GtoI = 0.746,-0.346,0.549,0.147 | p_IinG = -0.905,0.755,0.386 | dist = 75.68 (meters)
bg = -0.0007,0.0243,0.0805 | ba = -0.0030,0.1774,0.0832
camera-imu timeoffset = 0.00007
cam0 intrinsics = 461.560,460.848,364.019,245.150 | -0.281,0.072,0.001,0.000
cam1 intrinsics = 459.306,458.699,376.944,252.048 | -0.279,0.070,0.001,-0.000
cam0 extrinsics = -0.003,0.009,0.702,0.712 | 0.065,-0.011,0.005
cam1 extrinsics = 0.001,0.013,0.702,0.712 | -0.046,-0.011,0.005
q_GtoI = 0.741,-0.357,0.546,0.160 | p_IinG = -0.933,0.701,0.395 | dist = 75.74 (meters)
bg = -0.0007,0.0243,0.0804 | ba = -0.0016,0.1779,0.0830
camera-imu timeoffset = 0.00007
cam0 intrinsics = 461.556,460.854,364.005,245.166 | -0.281,0.072,0.001,0.000
cam1 intrinsics = 459.304,458.704,376.930,252.059 | -0.279,0.070,0.001,-0.000
cam0 extrinsics = -0.003,0.009,0.702,0.712 | 0.065,-0.011,0.005
cam1 extrinsics = 0.001,0.013,0.702,0.712 | -0.045,-0.011,0.005
q_GtoI = 0.736,-0.366,0.543,0.172 | p_IinG = -0.960,0.643,0.401 | dist = 75.80 (meters)
bg = -0.0005,0.0241,0.0803 | ba = 0.0012,0.1787,0.0800
camera-imu timeoffset = 0.00007
cam0 intrinsics = 461.561,460.866,364.001,245.182 | -0.281,0.072,0.001,0.000
cam1 intrinsics = 459.305,458.711,376.927,252.070 | -0.279,0.070,0.001,-0.000
cam0 extrinsics = -0.003,0.009,0.702,0.712 | 0.065,-0.011,0.006
cam1 extrinsics = 0.001,0.013,0.702,0.712 | -0.045,-0.011,0.005
q_GtoI = 0.727,-0.381,0.536,0.197 | p_IinG = -1.025,0.522,0.419 | dist = 75.94 (meters)
bg = -0.0007,0.0242,0.0799 | ba = 0.0040,0.1749,0.0785
camera-imu timeoffset = 0.00007
cam0 intrinsics = 461.545,460.862,363.989,245.215 | -0.281,0.072,0.001,0.000
cam1 intrinsics = 459.294,458.706,376.927,252.107 | -0.279,0.070,0.001,-0.000
cam0 extrinsics = -0.003,0.009,0.702,0.712 | 0.066,-0.011,0.006
cam1 extrinsics = 0.001,0.013,0.702,0.712 | -0.045,-0.011,0.005
q_GtoI = 0.722,-0.388,0.529,0.220 | p_IinG = -1.092,0.394,0.440 | dist = 76.09 (meters)
bg = -0.0009,0.0242,0.0801 | ba = 0.0046,0.1731,0.0809
camera-imu timeoffset = 0.00007
cam0 intrinsics = 461.542,460.863,363.991,245.218 | -0.281,0.072,0.001,0.000
cam1 intrinsics = 459.291,458.705,376.927,252.109 | -0.279,0.070,0.001,-0.000
cam0 extrinsics = -0.003,0.009,0.702,0.712 | 0.066,-0.011,0.006
cam1 extrinsics = 0.001,0.013,0.702,0.712 | -0.045,-0.011,0.005
q_GtoI = 0.719,-0.390,0.525,0.236 | p_IinG = -1.161,0.261,0.460 | dist = 76.24 (meters)
bg = -0.0009,0.0241,0.0801 | ba = 0.0032,0.1713,0.0772
camera-imu timeoffset = 0.00007
cam0 intrinsics = 461.542,460.865,363.986,245.213 | -0.281,0.072,0.001,0.000
cam1 intrinsics = 459.291,458.708,376.925,252.108 | -0.279,0.070,0.001,-0.000
cam0 extrinsics = -0.003,0.009,0.702,0.712 | 0.066,-0.011,0.006
cam1 extrinsics = 0.001,0.013,0.702,0.712 | -0.045,-0.011,0.005
q_GtoI = 0.716,-0.390,0.524,0.246 | p_IinG = -1.231,0.126,0.479 | dist = 76.39 (meters)
bg = -0.0010,0.0242,0.0801 | ba = 0.0056,0.1692,0.0754
camera-imu timeoffset = 0.00007
cam0 intrinsics = 461.540,460.867,363.983,245.219 | -0.281,0.072,0.001,0.000
cam1 intrinsics = 459.289,458.709,376.925,252.114 | -0.279,0.070,0.001,-0.000
cam0 extrinsics = -0.003,0.009,0.702,0.712 | 0.066,-0.011,0.006
cam1 extrinsics = 0.001,0.013,0.702,0.712 | -0.045,-0.011,0.005
q_GtoI = 0.718,-0.385,0.521,0.256 | p_IinG = -1.302,-0.008,0.502 | dist = 76.54 (meters)
bg = -0.0012,0.0240,0.0800 | ba = 0.0035,0.1682,0.0768
camera-imu timeoffset = 0.00007
cam0 intrinsics = 461.542,460.868,363.973,245.228 | -0.281,0.072,0.001,0.000
cam1 intrinsics = 459.291,458.709,376.913,252.124 | -0.279,0.070,0.001,-0.000
cam0 extrinsics = -0.003,0.009,0.702,0.712 | 0.066,-0.011,0.006
cam1 extrinsics = 0.001,0.013,0.702,0.712 | -0.045,-0.011,0.005
q_GtoI = 0.725,-0.372,0.512,0.271 | p_IinG = -1.370,-0.141,0.524 | dist = 76.69 (meters)
bg = -0.0012,0.0240,0.0798 | ba = 0.0022,0.1687,0.0764
camera-imu timeoffset = 0.00007
cam0 intrinsics = 461.543,460.867,363.971,245.231 | -0.281,0.072,0.001,0.000
cam1 intrinsics = 459.292,458.707,376.912,252.126 | -0.279,0.070,0.001,-0.000
cam0 extrinsics = -0.003,0.009,0.702,0.712 | 0.066,-0.011,0.006
cam1 extrinsics = 0.001,0.013,0.702,0.712 | -0.045,-0.011,0.005
q_GtoI = 0.731,-0.361,0.507,0.280 | p_IinG = -1.435,-0.266,0.538 | dist = 76.84 (meters)
bg = -0.0010,0.0238,0.0798 | ba = 0.0055,0.1682,0.0786
camera-imu timeoffset = 0.00007
cam0 intrinsics = 461.544,460.866,363.970,245.230 | -0.281,0.072,0.001,0.000
cam1 intrinsics = 459.292,458.707,376.911,252.124 | -0.279,0.070,0.001,-0.000
cam0 extrinsics = -0.003,0.009,0.702,0.712 | 0.066,-0.011,0.006
cam1 extrinsics = 0.001,0.013,0.702,0.712 | -0.045,-0.011,0.005
q_GtoI = 0.734,-0.351,0.505,0.288 | p_IinG = -1.493,-0.387,0.541 | dist = 76.97 (meters)
bg = -0.0010,0.0237,0.0798 | ba = 0.0057,0.1685,0.0796
camera-imu timeoffset = 0.00007
cam0 intrinsics = 461.544,460.867,363.970,245.230 | -0.281,0.072,0.001,0.000
cam1 intrinsics = 459.292,458.707,376.912,252.125 | -0.279,0.070,0.001,-0.000
cam0 extrinsics = -0.003,0.009,0.702,0.712 | 0.066,-0.011,0.006
cam1 extrinsics = 0.001,0.013,0.702,0.712 | -0.045,-0.011,0.005
q_GtoI = 0.736,-0.343,0.504,0.294 | p_IinG = -1.543,-0.504,0.533 | dist = 77.10 (meters)
bg = -0.0010,0.0238,0.0799 | ba = 0.0057,0.1702,0.0784
camera-imu timeoffset = 0.00007
cam0 intrinsics = 461.546,460.867,363.971,245.231 | -0.281,0.072,0.001,0.000
cam1 intrinsics = 459.293,458.707,376.911,252.125 | -0.279,0.070,0.001,-0.000
cam0 extrinsics = -0.003,0.009,0.702,0.712 | 0.066,-0.011,0.006
cam1 extrinsics = 0.001,0.013,0.702,0.712 | -0.045,-0.011,0.005
q_GtoI = 0.736,-0.341,0.505,0.294 | p_IinG = -1.587,-0.615,0.512 | dist = 77.22 (meters)
bg = -0.0011,0.0238,0.0798 | ba = 0.0050,0.1702,0.0773
camera-imu timeoffset = 0.00007
cam0 intrinsics = 461.546,460.866,363.972,245.233 | -0.281,0.072,0.001,0.000
cam1 intrinsics = 459.293,458.707,376.911,252.127 | -0.279,0.070,0.001,-0.000
cam0 extrinsics = -0.003,0.009,0.702,0.712 | 0.066,-0.011,0.006
cam1 extrinsics = 0.001,0.013,0.702,0.712 | -0.045,-0.011,0.005
q_GtoI = 0.737,-0.340,0.506,0.292 | p_IinG = -1.628,-0.718,0.483 | dist = 77.33 (meters)
bg = -0.0011,0.0238,0.0798 | ba = 0.0022,0.1692,0.0753
camera-imu timeoffset = 0.00007
cam0 intrinsics = 461.545,460.866,363.974,245.232 | -0.281,0.072,0.001,0.000
cam1 intrinsics = 459.295,458.709,376.911,252.126 | -0.279,0.070,0.001,-0.000
cam0 extrinsics = -0.003,0.009,0.702,0.712 | 0.066,-0.011,0.006
cam1 extrinsics = 0.001,0.013,0.702,0.712 | -0.045,-0.011,0.005
q_GtoI = 0.739,-0.336,0.509,0.287 | p_IinG = -1.657,-0.814,0.450 | dist = 77.44 (meters)
bg = -0.0011,0.0240,0.0795 | ba = -0.0008,0.1689,0.0748
camera-imu timeoffset = 0.00007
cam0 intrinsics = 461.545,460.865,363.975,245.235 | -0.281,0.072,0.001,0.000
cam1 intrinsics = 459.295,458.708,376.911,252.130 | -0.279,0.070,0.001,-0.000
cam0 extrinsics = -0.003,0.009,0.702,0.712 | 0.066,-0.011,0.006
cam1 extrinsics = 0.001,0.013,0.702,0.712 | -0.045,-0.011,0.005
q_GtoI = 0.743,-0.328,0.511,0.281 | p_IinG = -1.679,-0.904,0.415 | dist = 77.53 (meters)
bg = -0.0013,0.0239,0.0797 | ba = -0.0022,0.1683,0.0731
camera-imu timeoffset = 0.00007
cam0 intrinsics = 461.540,460.863,363.982,245.231 | -0.281,0.072,0.001,0.000
cam1 intrinsics = 459.294,458.708,376.916,252.126 | -0.279,0.070,0.001,-0.000
cam0 extrinsics = -0.003,0.009,0.702,0.712 | 0.066,-0.011,0.006
cam1 extrinsics = 0.001,0.013,0.702,0.712 | -0.045,-0.011,0.005
q_GtoI = 0.749,-0.322,0.510,0.274 | p_IinG = -1.684,-0.978,0.382 | dist = 77.61 (meters)
bg = -0.0013,0.0238,0.0796 | ba = -0.0044,0.1684,0.0749
camera-imu timeoffset = 0.00007
cam0 intrinsics = 461.543,460.862,363.976,245.231 | -0.281,0.072,0.001,0.000
cam1 intrinsics = 459.293,458.706,376.909,252.128 | -0.279,0.070,0.001,-0.000
cam0 extrinsics = -0.003,0.009,0.702,0.712 | 0.066,-0.011,0.005
cam1 extrinsics = 0.001,0.013,0.702,0.712 | -0.045,-0.011,0.005
q_GtoI = 0.755,-0.320,0.506,0.267 | p_IinG = -1.691,-1.049,0.351 | dist = 77.69 (meters)
bg = -0.0013,0.0235,0.0794 | ba = -0.0068,0.1678,0.0747
camera-imu timeoffset = 0.00007
cam0 intrinsics = 461.541,460.861,363.976,245.230 | -0.281,0.072,0.001,0.000
cam1 intrinsics = 459.290,458.704,376.909,252.129 | -0.279,0.070,0.001,-0.000
cam0 extrinsics = -0.003,0.009,0.702,0.712 | 0.066,-0.011,0.005
cam1 extrinsics = 0.001,0.013,0.702,0.712 | -0.045,-0.011,0.005
q_GtoI = 0.763,-0.314,0.502,0.260 | p_IinG = -1.684,-1.114,0.326 | dist = 77.76 (meters)
bg = -0.0013,0.0236,0.0795 | ba = -0.0103,0.1675,0.0750
camera-imu timeoffset = 0.00007
cam0 intrinsics = 461.542,460.860,363.981,245.229 | -0.281,0.072,0.001,0.000
cam1 intrinsics = 459.291,458.705,376.904,252.132 | -0.279,0.070,0.001,-0.000
cam0 extrinsics = -0.003,0.009,0.702,0.712 | 0.066,-0.011,0.005
cam1 extrinsics = 0.001,0.013,0.702,0.712 | -0.045,-0.011,0.005
q_GtoI = 0.769,-0.304,0.503,0.251 | p_IinG = -1.670,-1.171,0.302 | dist = 77.83 (meters)
bg = -0.0014,0.0233,0.0794 | ba = -0.0119,0.1673,0.0756
camera-imu timeoffset = 0.00007
cam0 intrinsics = 461.542,460.860,363.979,245.232 | -0.281,0.072,0.001,0.000
cam1 intrinsics = 459.291,458.706,376.901,252.136 | -0.279,0.070,0.001,-0.000
cam0 extrinsics = -0.003,0.009,0.702,0.712 | 0.066,-0.011,0.005
cam1 extrinsics = 0.001,0.013,0.702,0.712 | -0.045,-0.011,0.005
q_GtoI = 0.776,-0.290,0.506,0.240 | p_IinG = -1.647,-1.225,0.281 | dist = 77.89 (meters)
bg = -0.0016,0.0229,0.0793 | ba = -0.0128,0.1678,0.0751
camera-imu timeoffset = 0.00007
cam0 intrinsics = 461.541,460.861,363.976,245.238 | -0.281,0.072,0.001,0.000
cam1 intrinsics = 459.292,458.708,376.898,252.139 | -0.279,0.070,0.001,-0.000
cam0 extrinsics = -0.003,0.009,0.702,0.712 | 0.066,-0.011,0.005
cam1 extrinsics = 0.001,0.013,0.702,0.712 | -0.045,-0.011,0.005
q_GtoI = 0.784,-0.273,0.508,0.227 | p_IinG = -1.614,-1.278,0.268 | dist = 77.95 (meters)
bg = -0.0019,0.0235,0.0795 | ba = -0.0149,0.1663,0.0748
camera-imu timeoffset = 0.00007
cam0 intrinsics = 461.547,460.869,363.971,245.239 | -0.281,0.072,0.001,0.000
cam1 intrinsics = 459.296,458.715,376.897,252.138 | -0.279,0.070,0.001,-0.000
cam0 extrinsics = -0.003,0.009,0.702,0.712 | 0.066,-0.011,0.006
cam1 extrinsics = 0.001,0.013,0.702,0.712 | -0.045,-0.011,0.005
q_GtoI = 0.790,-0.257,0.516,0.210 | p_IinG = -1.565,-1.320,0.256 | dist = 78.01 (meters)
bg = -0.0016,0.0236,0.0799 | ba = -0.0167,0.1644,0.0758
camera-imu timeoffset = 0.00007
cam0 intrinsics = 461.551,460.874,363.982,245.252 | -0.281,0.072,0.001,0.000
cam1 intrinsics = 459.300,458.719,376.906,252.150 | -0.279,0.070,0.001,-0.000
cam0 extrinsics = -0.003,0.009,0.702,0.712 | 0.066,-0.011,0.006
cam1 extrinsics = 0.001,0.013,0.702,0.712 | -0.045,-0.011,0.005
q_GtoI = 0.793,-0.236,0.527,0.195 | p_IinG = -1.510,-1.360,0.250 | dist = 78.08 (meters)
bg = -0.0017,0.0237,0.0797 | ba = -0.0180,0.1639,0.0778
camera-imu timeoffset = 0.00007
cam0 intrinsics = 461.553,460.877,363.981,245.253 | -0.281,0.072,0.001,0.000
cam1 intrinsics = 459.300,458.720,376.907,252.153 | -0.279,0.070,0.001,-0.000
cam0 extrinsics = -0.003,0.009,0.702,0.712 | 0.066,-0.011,0.006
cam1 extrinsics = 0.001,0.013,0.702,0.712 | -0.045,-0.011,0.005
q_GtoI = 0.797,-0.216,0.533,0.185 | p_IinG = -1.447,-1.397,0.247 | dist = 78.16 (meters)
bg = -0.0013,0.0240,0.0795 | ba = -0.0178,0.1630,0.0802
camera-imu timeoffset = 0.00007
cam0 intrinsics = 461.548,460.874,363.981,245.245 | -0.281,0.072,0.001,0.000
cam1 intrinsics = 459.294,458.716,376.904,252.143 | -0.279,0.070,0.001,-0.000
cam0 extrinsics = -0.003,0.009,0.702,0.712 | 0.066,-0.011,0.006
cam1 extrinsics = 0.001,0.013,0.702,0.712 | -0.045,-0.011,0.005
q_GtoI = 0.801,-0.202,0.535,0.177 | p_IinG = -1.379,-1.429,0.248 | dist = 78.23 (meters)
bg = -0.0013,0.0241,0.0792 | ba = -0.0169,0.1639,0.0822
camera-imu timeoffset = 0.00007
cam0 intrinsics = 461.551,460.875,363.980,245.240 | -0.281,0.072,0.001,0.000
cam1 intrinsics = 459.294,458.715,376.900,252.140 | -0.279,0.070,0.001,-0.000
cam0 extrinsics = -0.003,0.009,0.702,0.712 | 0.066,-0.011,0.006
cam1 extrinsics = 0.001,0.013,0.702,0.712 | -0.045,-0.011,0.005
q_GtoI = 0.803,-0.197,0.537,0.165 | p_IinG = -1.305,-1.456,0.257 | dist = 78.31 (meters)
bg = -0.0014,0.0241,0.0791 | ba = -0.0168,0.1649,0.0827
camera-imu timeoffset = 0.00007
cam0 intrinsics = 461.554,460.875,363.981,245.237 | -0.281,0.072,0.001,0.000
cam1 intrinsics = 459.297,458.714,376.900,252.138 | -0.279,0.070,0.001,-0.000
cam0 extrinsics = -0.003,0.009,0.702,0.712 | 0.066,-0.011,0.006
cam1 extrinsics = 0.001,0.013,0.702,0.712 | -0.045,-0.011,0.005
q_GtoI = 0.803,-0.210,0.541,0.136 | p_IinG = -1.226,-1.479,0.279 | dist = 78.40 (meters)
bg = -0.0014,0.0242,0.0790 | ba = -0.0162,0.1639,0.0834
camera-imu timeoffset = 0.00007
cam0 intrinsics = 461.559,460.881,363.978,245.230 | -0.281,0.072,0.001,0.000
cam1 intrinsics = 459.302,458.720,376.899,252.133 | -0.279,0.070,0.001,-0.000
cam0 extrinsics = -0.003,0.009,0.702,0.712 | 0.066,-0.011,0.006
cam1 extrinsics = 0.001,0.013,0.702,0.712 | -0.045,-0.011,0.005
q_GtoI = 0.802,-0.224,0.543,0.109 | p_IinG = -1.142,-1.505,0.316 | dist = 78.49 (meters)
bg = -0.0014,0.0241,0.0790 | ba = -0.0158,0.1641,0.0844
camera-imu timeoffset = 0.00007
cam0 intrinsics = 461.561,460.881,363.983,245.230 | -0.281,0.072,0.001,0.000
cam1 intrinsics = 459.303,458.719,376.905,252.132 | -0.279,0.070,0.001,-0.000
cam0 extrinsics = -0.003,0.009,0.702,0.712 | 0.066,-0.011,0.006
cam1 extrinsics = 0.001,0.013,0.702,0.712 | -0.045,-0.011,0.005
q_GtoI = 0.801,-0.218,0.546,0.110 | p_IinG = -1.055,-1.548,0.366 | dist = 78.60 (meters)
bg = -0.0016,0.0243,0.0795 | ba = -0.0106,0.1628,0.0825
camera-imu timeoffset = 0.00007
cam0 intrinsics = 461.573,460.883,363.988,245.215 | -0.281,0.072,0.001,0.000
cam1 intrinsics = 459.314,458.722,376.916,252.117 | -0.279,0.070,0.001,-0.000
cam0 extrinsics = -0.003,0.009,0.702,0.712 | 0.066,-0.011,0.006
cam1 extrinsics = 0.001,0.013,0.702,0.712 | -0.045,-0.011,0.005
q_GtoI = 0.805,-0.202,0.543,0.130 | p_IinG = -0.964,-1.589,0.422 | dist = 78.72 (meters)
bg = -0.0016,0.0242,0.0797 | ba = -0.0084,0.1650,0.0798
camera-imu timeoffset = 0.00007
cam0 intrinsics = 461.573,460.888,363.987,245.217 | -0.281,0.072,0.001,0.000
cam1 intrinsics = 459.314,458.727,376.916,252.120 | -0.279,0.070,0.001,-0.000
cam0 extrinsics = -0.003,0.009,0.702,0.712 | 0.066,-0.011,0.006
cam1 extrinsics = 0.001,0.013,0.702,0.712 | -0.045,-0.011,0.005
q_GtoI = 0.807,-0.186,0.541,0.148 | p_IinG = -0.875,-1.633,0.468 | dist = 78.83 (meters)
bg = -0.0021,0.0242,0.0799 | ba = -0.0078,0.1674,0.0803
camera-imu timeoffset = 0.00007
cam0 intrinsics = 461.576,460.892,363.984,245.216 | -0.281,0.072,0.001,0.000
cam1 intrinsics = 459.316,458.729,376.911,252.120 | -0.279,0.070,0.001,-0.000
cam0 extrinsics = -0.003,0.009,0.702,0.712 | 0.066,-0.011,0.006
cam1 extrinsics = 0.001,0.013,0.702,0.712 | -0.045,-0.011,0.005
q_GtoI = 0.808,-0.178,0.539,0.159 | p_IinG = -0.780,-1.670,0.498 | dist = 78.94 (meters)
bg = -0.0022,0.0243,0.0797 | ba = -0.0075,0.1698,0.0793
camera-imu timeoffset = 0.00007
cam0 intrinsics = 461.582,460.896,363.980,245.215 | -0.281,0.072,0.001,0.000
cam1 intrinsics = 459.319,458.731,376.908,252.121 | -0.279,0.070,0.001,-0.000
cam0 extrinsics = -0.003,0.009,0.702,0.712 | 0.066,-0.011,0.006
cam1 extrinsics = 0.001,0.013,0.702,0.712 | -0.045,-0.011,0.005
q_GtoI = 0.807,-0.176,0.539,0.163 | p_IinG = -0.679,-1.705,0.518 | dist = 79.05 (meters)
bg = -0.0022,0.0243,0.0796 | ba = -0.0096,0.1708,0.0778
camera-imu timeoffset = 0.00007
cam0 intrinsics = 461.584,460.898,363.981,245.211 | -0.281,0.072,0.001,0.000
cam1 intrinsics = 459.321,458.733,376.906,252.118 | -0.279,0.070,0.001,-0.000
cam0 extrinsics = -0.003,0.009,0.702,0.712 | 0.066,-0.011,0.006
cam1 extrinsics = 0.001,0.013,0.702,0.712 | -0.045,-0.011,0.005
q_GtoI = 0.806,-0.177,0.540,0.165 | p_IinG = -0.572,-1.734,0.532 | dist = 79.15 (meters)
bg = -0.0022,0.0244,0.0794 | ba = -0.0090,0.1707,0.0750
camera-imu timeoffset = 0.00007
cam0 intrinsics = 461.583,460.898,363.980,245.214 | -0.281,0.072,0.001,0.000
cam1 intrinsics = 459.321,458.734,376.901,252.120 | -0.279,0.070,0.001,-0.000
cam0 extrinsics = -0.003,0.009,0.702,0.712 | 0.066,-0.011,0.006
cam1 extrinsics = 0.001,0.013,0.702,0.712 | -0.045,-0.011,0.005
q_GtoI = 0.803,-0.191,0.544,0.151 | p_IinG = -0.459,-1.756,0.549 | dist = 79.27 (meters)
bg = -0.0020,0.0246,0.0788 | ba = -0.0106,0.1718,0.0742
camera-imu timeoffset = 0.00008
cam0 intrinsics = 461.588,460.904,363.986,245.207 | -0.281,0.072,0.001,0.000
cam1 intrinsics = 459.326,458.738,376.903,252.114 | -0.279,0.070,0.001,-0.000
cam0 extrinsics = -0.003,0.009,0.702,0.712 | 0.066,-0.011,0.006
cam1 extrinsics = 0.001,0.013,0.702,0.712 | -0.045,-0.011,0.005
q_GtoI = 0.799,-0.208,0.549,0.131 | p_IinG = -0.341,-1.774,0.570 | dist = 79.39 (meters)
bg = -0.0015,0.0247,0.0786 | ba = -0.0126,0.1728,0.0707
camera-imu timeoffset = 0.00008
cam0 intrinsics = 461.597,460.908,364.000,245.201 | -0.281,0.072,0.001,0.000
cam1 intrinsics = 459.333,458.740,376.908,252.112 | -0.279,0.070,0.001,-0.000
cam0 extrinsics = -0.003,0.009,0.702,0.712 | 0.066,-0.011,0.006
cam1 extrinsics = 0.001,0.013,0.702,0.712 | -0.045,-0.011,0.005
q_GtoI = 0.796,-0.219,0.552,0.120 | p_IinG = -0.222,-1.793,0.594 | dist = 79.51 (meters)
bg = -0.0011,0.0246,0.0784 | ba = -0.0132,0.1732,0.0694
camera-imu timeoffset = 0.00008
cam0 intrinsics = 461.604,460.911,364.023,245.181 | -0.281,0.072,0.001,0.000
cam1 intrinsics = 459.337,458.740,376.924,252.096 | -0.279,0.070,0.001,-0.000
cam0 extrinsics = -0.003,0.009,0.702,0.712 | 0.066,-0.011,0.006
cam1 extrinsics = 0.001,0.013,0.702,0.712 | -0.045,-0.011,0.005
q_GtoI = 0.795,-0.219,0.552,0.121 | p_IinG = -0.103,-1.821,0.624 | dist = 79.63 (meters)
bg = -0.0009,0.0245,0.0782 | ba = -0.0135,0.1724,0.0660
camera-imu timeoffset = 0.00008
cam0 intrinsics = 461.604,460.911,364.027,245.180 | -0.281,0.072,0.001,0.000
cam1 intrinsics = 459.336,458.738,376.929,252.096 | -0.279,0.070,0.001,-0.000
cam0 extrinsics = -0.003,0.009,0.702,0.712 | 0.066,-0.011,0.006
cam1 extrinsics = 0.001,0.013,0.702,0.712 | -0.045,-0.011,0.005
q_GtoI = 0.798,-0.210,0.549,0.137 | p_IinG = 0.017,-1.854,0.657 | dist = 79.76 (meters)
bg = -0.0009,0.0244,0.0778 | ba = -0.0128,0.1715,0.0624
camera-imu timeoffset = 0.00008
cam0 intrinsics = 461.606,460.913,364.032,245.170 | -0.281,0.072,0.001,0.000
cam1 intrinsics = 459.338,458.742,376.936,252.086 | -0.279,0.070,0.001,-0.000
cam0 extrinsics = -0.003,0.009,0.702,0.712 | 0.066,-0.011,0.006
cam1 extrinsics = 0.001,0.013,0.702,0.712 | -0.045,-0.011,0.005
q_GtoI = 0.802,-0.197,0.542,0.155 | p_IinG = 0.142,-1.889,0.692 | dist = 79.89 (meters)
bg = -0.0010,0.0247,0.0777 | ba = -0.0134,0.1714,0.0588
camera-imu timeoffset = 0.00007
cam0 intrinsics = 461.608,460.914,364.038,245.164 | -0.281,0.072,0.001,0.000
cam1 intrinsics = 459.339,458.741,376.941,252.080 | -0.279,0.070,0.001,-0.000
cam0 extrinsics = -0.003,0.009,0.702,0.712 | 0.066,-0.011,0.006
cam1 extrinsics = 0.001,0.013,0.702,0.712 | -0.045,-0.011,0.005
q_GtoI = 0.803,-0.188,0.541,0.167 | p_IinG = 0.270,-1.922,0.728 | dist = 80.02 (meters)
bg = -0.0011,0.0251,0.0775 | ba = -0.0152,0.1711,0.0579
camera-imu timeoffset = 0.00008
cam0 intrinsics = 461.608,460.915,364.042,245.160 | -0.281,0.072,0.001,0.000
cam1 intrinsics = 459.336,458.740,376.944,252.076 | -0.279,0.070,0.001,-0.000
cam0 extrinsics = -0.003,0.009,0.702,0.712 | 0.066,-0.011,0.006
cam1 extrinsics = 0.001,0.013,0.702,0.712 | -0.045,-0.011,0.005
q_GtoI = 0.799,-0.191,0.547,0.165 | p_IinG = 0.405,-1.946,0.762 | dist = 80.16 (meters)
bg = -0.0011,0.0252,0.0774 | ba = -0.0158,0.1716,0.0570
camera-imu timeoffset = 0.00008
cam0 intrinsics = 461.609,460.916,364.046,245.159 | -0.281,0.072,0.001,0.000
cam1 intrinsics = 459.336,458.739,376.947,252.075 | -0.279,0.070,0.001,-0.000
cam0 extrinsics = -0.003,0.009,0.702,0.712 | 0.066,-0.011,0.006
cam1 extrinsics = 0.001,0.013,0.702,0.712 | -0.045,-0.011,0.005
q_GtoI = 0.792,-0.202,0.555,0.152 | p_IinG = 0.546,-1.970,0.793 | dist = 80.30 (meters)
bg = -0.0012,0.0262,0.0769 | ba = -0.0155,0.1718,0.0567
camera-imu timeoffset = 0.00008
cam0 intrinsics = 461.609,460.909,364.057,245.159 | -0.281,0.072,0.001,0.000
cam1 intrinsics = 459.335,458.731,376.955,252.076 | -0.279,0.070,0.001,-0.000
cam0 extrinsics = -0.003,0.009,0.702,0.712 | 0.066,-0.011,0.006
cam1 extrinsics = 0.001,0.013,0.702,0.712 | -0.045,-0.011,0.005
q_GtoI = 0.787,-0.216,0.562,0.135 | p_IinG = 0.678,-1.987,0.808 | dist = 80.44 (meters)
bg = -0.0012,0.0262,0.0767 | ba = -0.0171,0.1715,0.0579
camera-imu timeoffset = 0.00008
cam0 intrinsics = 461.612,460.910,364.058,245.154 | -0.281,0.072,0.001,0.000
cam1 intrinsics = 459.336,458.730,376.954,252.071 | -0.279,0.070,0.001,-0.000
cam0 extrinsics = -0.003,0.009,0.702,0.712 | 0.066,-0.011,0.006
cam1 extrinsics = 0.001,0.013,0.702,0.712 | -0.045,-0.011,0.005
q_GtoI = 0.783,-0.224,0.567,0.125 | p_IinG = 0.811,-2.006,0.813 | dist = 80.57 (meters)
bg = -0.0012,0.0263,0.0767 | ba = -0.0197,0.1706,0.0579
camera-imu timeoffset = 0.00008
cam0 intrinsics = 461.612,460.909,364.059,245.153 | -0.281,0.072,0.001,0.000
cam1 intrinsics = 459.336,458.728,376.955,252.070 | -0.279,0.070,0.001,-0.000
cam0 extrinsics = -0.003,0.009,0.702,0.712 | 0.066,-0.011,0.006
cam1 extrinsics = 0.001,0.013,0.702,0.712 | -0.045,-0.011,0.005
q_GtoI = 0.780,-0.219,0.570,0.134 | p_IinG = 0.940,-2.027,0.816 | dist = 80.70 (meters)
bg = -0.0012,0.0266,0.0768 | ba = -0.0249,0.1705,0.0596
camera-imu timeoffset = 0.00008
cam0 intrinsics = 461.613,460.906,364.057,245.153 | -0.281,0.072,0.001,0.000
cam1 intrinsics = 459.336,458.725,376.954,252.071 | -0.279,0.070,0.001,-0.000
cam0 extrinsics = -0.003,0.009,0.702,0.712 | 0.066,-0.011,0.006
cam1 extrinsics = 0.001,0.013,0.702,0.712 | -0.045,-0.011,0.005
q_GtoI = 0.779,-0.202,0.571,0.160 | p_IinG = 1.064,-2.043,0.814 | dist = 80.82 (meters)
bg = -0.0010,0.0266,0.0769 | ba = -0.0281,0.1719,0.0609
camera-imu timeoffset = 0.00008
cam0 intrinsics = 461.611,460.905,364.058,245.155 | -0.281,0.072,0.001,0.000
cam1 intrinsics = 459.336,458.726,376.957,252.073 | -0.279,0.070,0.001,-0.000
cam0 extrinsics = -0.003,0.009,0.702,0.712 | 0.066,-0.011,0.006
cam1 extrinsics = 0.001,0.013,0.702,0.712 | -0.045,-0.011,0.005
q_GtoI = 0.777,-0.189,0.572,0.180 | p_IinG = 1.196,-2.058,0.815 | dist = 80.94 (meters)
bg = -0.0008,0.0266,0.0767 | ba = -0.0325,0.1741,0.0587
camera-imu timeoffset = 0.00007
cam0 intrinsics = 461.608,460.901,364.050,245.148 | -0.281,0.072,0.001,0.000
cam1 intrinsics = 459.332,458.726,376.964,252.071 | -0.279,0.070,0.001,-0.000
cam0 extrinsics = -0.003,0.009,0.702,0.712 | 0.066,-0.011,0.006
cam1 extrinsics = 0.001,0.013,0.702,0.712 | -0.045,-0.011,0.005
q_GtoI = 0.774,-0.182,0.576,0.191 | p_IinG = 1.320,-2.060,0.817 | dist = 81.06 (meters)
bg = -0.0007,0.0267,0.0767 | ba = -0.0336,0.1750,0.0580
camera-imu timeoffset = 0.00007
cam0 intrinsics = 461.608,460.899,364.048,245.146 | -0.281,0.072,0.001,0.000
cam1 intrinsics = 459.332,458.726,376.966,252.069 | -0.279,0.070,0.001,-0.000
cam0 extrinsics = -0.003,0.009,0.702,0.712 | 0.066,-0.011,0.006
cam1 extrinsics = 0.001,0.013,0.702,0.712 | -0.045,-0.011,0.005
q_GtoI = 0.768,-0.177,0.584,0.196 | p_IinG = 1.439,-2.050,0.822 | dist = 81.18 (meters)
bg = -0.0006,0.0267,0.0769 | ba = -0.0336,0.1749,0.0579
camera-imu timeoffset = 0.00007
cam0 intrinsics = 461.608,460.899,364.048,245.146 | -0.281,0.072,0.001,0.000
cam1 intrinsics = 459.332,458.726,376.966,252.069 | -0.279,0.070,0.001,-0.000
cam0 extrinsics = -0.003,0.009,0.702,0.712 | 0.066,-0.011,0.006
cam1 extrinsics = 0.001,0.013,0.702,0.712 | -0.045,-0.011,0.005
q_GtoI = 0.761,-0.176,0.592,0.199 | p_IinG = 1.553,-2.026,0.831 | dist = 81.30 (meters)
bg = -0.0006,0.0266,0.0770 | ba = -0.0338,0.1748,0.0579
camera-imu timeoffset = 0.00007
cam0 intrinsics = 461.608,460.900,364.047,245.148 | -0.281,0.072,0.001,0.000
cam1 intrinsics = 459.332,458.727,376.965,252.071 | -0.279,0.070,0.001,-0.000
cam0 extrinsics = -0.003,0.009,0.702,0.712 | 0.066,-0.011,0.006
cam1 extrinsics = 0.001,0.013,0.702,0.712 | -0.045,-0.011,0.005
q_GtoI = 0.756,-0.175,0.597,0.202 | p_IinG = 1.660,-1.985,0.846 | dist = 81.42 (meters)
bg = -0.0005,0.0266,0.0770 | ba = -0.0346,0.1749,0.0585
camera-imu timeoffset = 0.00007
cam0 intrinsics = 461.608,460.900,364.047,245.148 | -0.281,0.072,0.001,0.000
cam1 intrinsics = 459.331,458.727,376.965,252.072 | -0.279,0.070,0.001,-0.000
cam0 extrinsics = -0.003,0.009,0.702,0.712 | 0.066,-0.011,0.006
cam1 extrinsics = 0.001,0.013,0.702,0.712 | -0.045,-0.011,0.005
q_GtoI = 0.751,-0.176,0.604,0.203 | p_IinG = 1.760,-1.928,0.867 | dist = 81.53 (meters)
bg = -0.0004,0.0265,0.0770 | ba = -0.0352,0.1752,0.0590
camera-imu timeoffset = 0.00007
cam0 intrinsics = 461.608,460.899,364.047,245.146 | -0.281,0.072,0.001,0.000
cam1 intrinsics = 459.332,458.726,376.965,252.070 | -0.279,0.070,0.001,-0.000
cam0 extrinsics = -0.003,0.009,0.702,0.712 | 0.066,-0.011,0.006
cam1 extrinsics = 0.001,0.013,0.702,0.712 | -0.045,-0.011,0.005
q_GtoI = 0.745,-0.181,0.611,0.197 | p_IinG = 1.854,-1.859,0.891 | dist = 81.65 (meters)
bg = -0.0005,0.0266,0.0771 | ba = -0.0357,0.1747,0.0589
camera-imu timeoffset = 0.00007
cam0 intrinsics = 461.607,460.899,364.047,245.148 | -0.281,0.072,0.001,0.000
cam1 intrinsics = 459.331,458.726,376.966,252.072 | -0.279,0.070,0.001,-0.000
cam0 extrinsics = -0.003,0.009,0.702,0.712 | 0.066,-0.011,0.006
cam1 extrinsics = 0.001,0.013,0.702,0.712 | -0.045,-0.011,0.005
q_GtoI = 0.742,-0.193,0.615,0.182 | p_IinG = 1.942,-1.761,0.916 | dist = 81.77 (meters)
bg = -0.0003,0.0264,0.0774 | ba = -0.0349,0.1761,0.0584
camera-imu timeoffset = 0.00007
cam0 intrinsics = 461.609,460.897,364.044,245.147 | -0.281,0.072,0.001,0.000
cam1 intrinsics = 459.333,458.726,376.963,252.068 | -0.279,0.070,0.001,-0.000
cam0 extrinsics = -0.003,0.009,0.702,0.712 | 0.066,-0.011,0.006
cam1 extrinsics = 0.001,0.013,0.702,0.712 | -0.045,-0.011,0.005
q_GtoI = 0.739,-0.215,0.618,0.161 | p_IinG = 2.011,-1.664,0.939 | dist = 81.89 (meters)
bg = -0.0002,0.0264,0.0775 | ba = -0.0339,0.1761,0.0587
camera-imu timeoffset = 0.00007
cam0 intrinsics = 461.609,460.897,364.044,245.147 | -0.281,0.072,0.001,0.000
cam1 intrinsics = 459.333,458.726,376.963,252.068 | -0.279,0.070,0.001,-0.000
cam0 extrinsics = -0.003,0.009,0.702,0.712 | 0.066,-0.011,0.006
cam1 extrinsics = 0.001,0.013,0.702,0.712 | -0.045,-0.011,0.005
q_GtoI = 0.735,-0.246,0.616,0.143 | p_IinG = 2.068,-1.564,0.957 | dist = 82.01 (meters)
bg = -0.0002,0.0263,0.0776 | ba = -0.0338,0.1764,0.0586
camera-imu timeoffset = 0.00007
cam0 intrinsics = 461.608,460.897,364.045,245.148 | -0.281,0.072,0.001,0.000
cam1 intrinsics = 459.333,458.726,376.964,252.069 | -0.279,0.070,0.001,-0.000
cam0 extrinsics = -0.003,0.009,0.702,0.712 | 0.066,-0.011,0.006
cam1 extrinsics = 0.001,0.013,0.702,0.712 | -0.045,-0.011,0.005
q_GtoI = 0.729,-0.282,0.609,0.137 | p_IinG = 2.107,-1.467,0.970 | dist = 82.12 (meters)
bg = -0.0002,0.0264,0.0777 | ba = -0.0356,0.1763,0.0584
camera-imu timeoffset = 0.00007
cam0 intrinsics = 461.608,460.896,364.045,245.150 | -0.281,0.072,0.001,0.000
cam1 intrinsics = 459.333,458.725,376.964,252.071 | -0.279,0.070,0.001,-0.000
cam0 extrinsics = -0.003,0.009,0.702,0.712 | 0.066,-0.011,0.006
cam1 extrinsics = 0.001,0.013,0.702,0.712 | -0.045,-0.011,0.005
q_GtoI = 0.722,-0.317,0.597,0.149 | p_IinG = 2.121,-1.379,0.981 | dist = 82.21 (meters)
bg = -0.0003,0.0262,0.0774 | ba = -0.0401,0.1751,0.0585
camera-imu timeoffset = 0.00007
cam0 intrinsics = 461.608,460.894,364.041,245.153 | -0.281,0.072,0.001,0.000
cam1 intrinsics = 459.333,458.723,376.961,252.074 | -0.279,0.070,0.001,-0.000
cam0 extrinsics = -0.003,0.009,0.702,0.712 | 0.066,-0.011,0.006
cam1 extrinsics = 0.001,0.013,0.702,0.712 | -0.045,-0.011,0.005
q_GtoI = 0.715,-0.344,0.582,0.178 | p_IinG = 2.089,-1.279,0.994 | dist = 82.29 (meters)
bg = -0.0003,0.0256,0.0772 | ba = -0.0465,0.1743,0.0615
camera-imu timeoffset = 0.00007
cam0 intrinsics = 461.606,460.892,364.042,245.156 | -0.281,0.072,0.001,0.000
cam1 intrinsics = 459.331,458.721,376.962,252.077 | -0.279,0.070,0.001,-0.000
cam0 extrinsics = -0.003,0.009,0.702,0.712 | 0.066,-0.011,0.006
cam1 extrinsics = 0.001,0.013,0.702,0.712 | -0.045,-0.011,0.005
q_GtoI = 0.708,-0.361,0.569,0.211 | p_IinG = 2.071,-1.200,0.987 | dist = 82.37 (meters)
bg = -0.0003,0.0255,0.0772 | ba = -0.0449,0.1734,0.0620
camera-imu timeoffset = 0.00007
cam0 intrinsics = 461.607,460.892,364.041,245.156 | -0.281,0.072,0.001,0.000
cam1 intrinsics = 459.332,458.721,376.961,252.077 | -0.279,0.070,0.001,-0.000
cam0 extrinsics = -0.003,0.009,0.702,0.712 | 0.066,-0.011,0.006
cam1 extrinsics = 0.001,0.013,0.702,0.712 | -0.045,-0.011,0.005
q_GtoI = 0.701,-0.370,0.561,0.240 | p_IinG = 2.050,-1.116,0.972 | dist = 82.46 (meters)
bg = -0.0002,0.0255,0.0773 | ba = -0.0413,0.1728,0.0629
camera-imu timeoffset = 0.00007
cam0 intrinsics = 461.607,460.894,364.043,245.150 | -0.281,0.072,0.001,0.000
cam1 intrinsics = 459.331,458.723,376.964,252.071 | -0.279,0.070,0.001,-0.000
cam0 extrinsics = -0.003,0.009,0.702,0.712 | 0.066,-0.011,0.006
cam1 extrinsics = 0.001,0.013,0.702,0.712 | -0.045,-0.011,0.005
q_GtoI = 0.698,-0.373,0.552,0.262 | p_IinG = 2.023,-1.034,0.958 | dist = 82.54 (meters)
bg = -0.0002,0.0255,0.0772 | ba = -0.0420,0.1733,0.0627
camera-imu timeoffset = 0.00007
cam0 intrinsics = 461.607,460.894,364.043,245.149 | -0.281,0.072,0.001,0.000
cam1 intrinsics = 459.332,458.722,376.963,252.070 | -0.279,0.070,0.001,-0.000
cam0 extrinsics = -0.003,0.009,0.702,0.712 | 0.066,-0.011,0.006
cam1 extrinsics = 0.001,0.013,0.702,0.712 | -0.045,-0.011,0.005
q_GtoI = 0.701,-0.375,0.541,0.275 | p_IinG = 1.990,-0.948,0.943 | dist = 82.64 (meters)
bg = -0.0002,0.0255,0.0773 | ba = -0.0414,0.1730,0.0629
camera-imu timeoffset = 0.00007
cam0 intrinsics = 461.607,460.893,364.043,245.149 | -0.281,0.072,0.001,0.000
cam1 intrinsics = 459.332,458.722,376.964,252.070 | -0.279,0.070,0.001,-0.000
cam0 extrinsics = -0.003,0.009,0.702,0.712 | 0.066,-0.011,0.006
cam1 extrinsics = 0.001,0.013,0.702,0.712 | -0.045,-0.011,0.005
q_GtoI = 0.705,-0.377,0.531,0.280 | p_IinG = 1.955,-0.853,0.929 | dist = 82.73 (meters)
bg = -0.0002,0.0253,0.0775 | ba = -0.0404,0.1731,0.0638
camera-imu timeoffset = 0.00007
cam0 intrinsics = 461.608,460.893,364.044,245.148 | -0.281,0.072,0.001,0.000
cam1 intrinsics = 459.332,458.721,376.965,252.069 | -0.279,0.070,0.001,-0.000
cam0 extrinsics = -0.003,0.009,0.702,0.712 | 0.066,-0.011,0.006
cam1 extrinsics = 0.001,0.013,0.702,0.712 | -0.045,-0.011,0.005
q_GtoI = 0.708,-0.380,0.527,0.276 | p_IinG = 1.922,-0.756,0.921 | dist = 82.83 (meters)
bg = -0.0002,0.0251,0.0776 | ba = -0.0418,0.1738,0.0646
camera-imu timeoffset = 0.00007
cam0 intrinsics = 461.607,460.891,364.044,245.149 | -0.281,0.072,0.001,0.000
cam1 intrinsics = 459.332,458.720,376.964,252.071 | -0.279,0.070,0.001,-0.000
cam0 extrinsics = -0.003,0.009,0.702,0.712 | 0.066,-0.011,0.006
cam1 extrinsics = 0.001,0.013,0.702,0.712 | -0.045,-0.011,0.005
q_GtoI = 0.709,-0.384,0.527,0.268 | p_IinG = 1.896,-0.662,0.920 | dist = 82.94 (meters)
bg = -0.0002,0.0252,0.0776 | ba = -0.0446,0.1756,0.0646
camera-imu timeoffset = 0.00008
cam0 intrinsics = 461.607,460.890,364.044,245.149 | -0.281,0.072,0.001,0.000
cam1 intrinsics = 459.332,458.719,376.962,252.071 | -0.279,0.070,0.001,-0.000
cam0 extrinsics = -0.003,0.009,0.702,0.712 | 0.066,-0.011,0.006
cam1 extrinsics = 0.001,0.013,0.702,0.712 | -0.045,-0.011,0.005
q_GtoI = 0.710,-0.386,0.529,0.259 | p_IinG = 1.851,-0.553,0.911 | dist = 83.04 (meters)
bg = -0.0003,0.0248,0.0777 | ba = -0.0454,0.1749,0.0653
camera-imu timeoffset = 0.00008
cam0 intrinsics = 461.608,460.892,364.055,245.146 | -0.281,0.072,0.001,0.000
cam1 intrinsics = 459.326,458.714,376.972,252.070 | -0.279,0.070,0.001,-0.000
cam0 extrinsics = -0.003,0.009,0.702,0.712 | 0.066,-0.011,0.006
cam1 extrinsics = 0.001,0.013,0.702,0.712 | -0.045,-0.011,0.005
q_GtoI = 0.711,-0.389,0.530,0.250 | p_IinG = 1.810,-0.454,0.897 | dist = 83.15 (meters)
bg = -0.0004,0.0245,0.0777 | ba = -0.0464,0.1746,0.0655
camera-imu timeoffset = 0.00008
cam0 intrinsics = 461.607,460.891,364.056,245.147 | -0.281,0.072,0.001,0.000
cam1 intrinsics = 459.325,458.713,376.972,252.070 | -0.279,0.070,0.001,-0.000
cam0 extrinsics = -0.003,0.009,0.702,0.712 | 0.066,-0.011,0.006
cam1 extrinsics = 0.001,0.013,0.702,0.712 | -0.045,-0.011,0.005
q_GtoI = 0.715,-0.388,0.532,0.237 | p_IinG = 1.770,-0.357,0.872 | dist = 83.25 (meters)
bg = -0.0003,0.0247,0.0776 | ba = -0.0444,0.1739,0.0648
camera-imu timeoffset = 0.00008
cam0 intrinsics = 461.608,460.891,364.057,245.145 | -0.281,0.072,0.001,0.000
cam1 intrinsics = 459.326,458.713,376.972,252.069 | -0.279,0.070,0.001,-0.000
cam0 extrinsics = -0.003,0.009,0.702,0.712 | 0.066,-0.011,0.006
cam1 extrinsics = 0.001,0.013,0.702,0.712 | -0.045,-0.011,0.005
q_GtoI = 0.722,-0.380,0.536,0.216 | p_IinG = 1.723,-0.259,0.833 | dist = 83.36 (meters)
bg = -0.0001,0.0243,0.0777 | ba = -0.0428,0.1715,0.0638
camera-imu timeoffset = 0.00008
cam0 intrinsics = 461.606,460.891,364.058,245.145 | -0.281,0.072,0.001,0.000
cam1 intrinsics = 459.325,458.713,376.973,252.069 | -0.279,0.070,0.001,-0.000
cam0 extrinsics = -0.003,0.009,0.702,0.712 | 0.066,-0.011,0.006
cam1 extrinsics = 0.001,0.013,0.702,0.712 | -0.045,-0.011,0.005
q_GtoI = 0.738,-0.364,0.537,0.188 | p_IinG = 1.672,-0.159,0.786 | dist = 83.47 (meters)
bg = -0.0001,0.0242,0.0776 | ba = -0.0407,0.1702,0.0642
camera-imu timeoffset = 0.00008
cam0 intrinsics = 461.605,460.892,364.060,245.145 | -0.281,0.072,0.001,0.000
cam1 intrinsics = 459.324,458.714,376.972,252.070 | -0.279,0.070,0.001,-0.000
cam0 extrinsics = -0.003,0.009,0.702,0.712 | 0.066,-0.011,0.006
cam1 extrinsics = 0.001,0.013,0.702,0.712 | -0.045,-0.011,0.005
q_GtoI = 0.757,-0.331,0.538,0.167 | p_IinG = 1.632,-0.084,0.741 | dist = 83.57 (meters)
bg = -0.0000,0.0243,0.0776 | ba = -0.0399,0.1708,0.0636
camera-imu timeoffset = 0.00008
cam0 intrinsics = 461.605,460.891,364.060,245.145 | -0.281,0.072,0.001,0.000
cam1 intrinsics = 459.323,458.713,376.973,252.070 | -0.279,0.070,0.001,-0.000
cam0 extrinsics = -0.003,0.009,0.702,0.712 | 0.066,-0.011,0.006
cam1 extrinsics = 0.001,0.013,0.702,0.712 | -0.045,-0.011,0.005
q_GtoI = 0.776,-0.285,0.541,0.153 | p_IinG = 1.586,-0.023,0.688 | dist = 83.66 (meters)
bg = -0.0002,0.0243,0.0774 | ba = -0.0388,0.1702,0.0617
camera-imu timeoffset = 0.00008
cam0 intrinsics = 461.604,460.892,364.061,245.145 | -0.281,0.072,0.001,0.000
cam1 intrinsics = 459.322,458.714,376.974,252.071 | -0.279,0.070,0.001,-0.000
cam0 extrinsics = -0.003,0.009,0.702,0.712 | 0.066,-0.011,0.006
cam1 extrinsics = 0.001,0.013,0.702,0.712 | -0.045,-0.011,0.005
q_GtoI = 0.785,-0.260,0.543,0.146 | p_IinG = 1.562,0.012,0.658 | dist = 83.71 (meters)
bg = -0.0003,0.0242,0.0774 | ba = -0.0384,0.1700,0.0617
camera-imu timeoffset = 0.00008
cam0 intrinsics = 461.605,460.893,364.062,245.146 | -0.281,0.072,0.001,0.000
cam1 intrinsics = 459.323,458.714,376.974,252.071 | -0.279,0.070,0.001,-0.000
cam0 extrinsics = -0.003,0.009,0.702,0.712 | 0.066,-0.011,0.006
cam1 extrinsics = 0.001,0.013,0.702,0.712 | -0.045,-0.011,0.005
q_GtoI = 0.793,-0.236,0.544,0.138 | p_IinG = 1.540,0.045,0.627 | dist = 83.76 (meters)
bg = -0.0003,0.0242,0.0774 | ba = -0.0382,0.1700,0.0618
camera-imu timeoffset = 0.00008
cam0 intrinsics = 461.605,460.893,364.061,245.146 | -0.281,0.072,0.001,0.000
cam1 intrinsics = 459.323,458.714,376.974,252.071 | -0.279,0.070,0.001,-0.000
cam0 extrinsics = -0.003,0.009,0.702,0.712 | 0.066,-0.011,0.006
cam1 extrinsics = 0.001,0.013,0.702,0.712 | -0.045,-0.011,0.005
q_GtoI = 0.799,-0.210,0.548,0.131 | p_IinG = 1.467,0.111,0.564 | dist = 83.81 (meters)
bg = 0.0001,0.0228,0.0765 | ba = -0.0321,0.1604,0.0581
camera-imu timeoffset = 0.00007
cam0 intrinsics = 461.593,460.888,364.079,245.136 | -0.281,0.072,0.001,0.000
cam1 intrinsics = 459.309,458.707,376.998,252.060 | -0.279,0.070,0.001,-0.000
cam0 extrinsics = -0.003,0.009,0.702,0.712 | 0.066,-0.011,0.006
cam1 extrinsics = 0.001,0.013,0.702,0.712 | -0.045,-0.011,0.005
q_GtoI = 0.811,-0.161,0.551,0.114 | p_IinG = 1.404,0.211,0.492 | dist = 83.92 (meters)
bg = -0.0003,0.0223,0.0768 | ba = -0.0309,0.1603,0.0616
camera-imu timeoffset = 0.00007
cam0 intrinsics = 461.603,460.895,364.081,245.141 | -0.281,0.072,0.001,0.000
cam1 intrinsics = 459.322,458.716,376.997,252.063 | -0.279,0.070,0.001,-0.000
cam0 extrinsics = -0.003,0.009,0.702,0.712 | 0.066,-0.011,0.006
cam1 extrinsics = 0.001,0.013,0.702,0.712 | -0.045,-0.011,0.005
q_GtoI = 0.816,-0.139,0.551,0.105 | p_IinG = 1.379,0.250,0.459 | dist = 83.97 (meters)
bg = -0.0004,0.0221,0.0770 | ba = -0.0311,0.1603,0.0615
camera-imu timeoffset = 0.00007
cam0 intrinsics = 461.605,460.897,364.080,245.144 | -0.281,0.072,0.001,0.000
cam1 intrinsics = 459.324,458.718,376.995,252.066 | -0.279,0.070,0.001,-0.000
cam0 extrinsics = -0.003,0.009,0.702,0.712 | 0.066,-0.011,0.006
cam1 extrinsics = 0.001,0.013,0.702,0.712 | -0.045,-0.011,0.005
q_GtoI = 0.820,-0.122,0.551,0.096 | p_IinG = 1.356,0.304,0.426 | dist = 84.02 (meters)
bg = -0.0003,0.0217,0.0772 | ba = -0.0319,0.1613,0.0625
camera-imu timeoffset = 0.00007
cam0 intrinsics = 461.609,460.903,364.075,245.145 | -0.281,0.072,0.001,0.000
cam1 intrinsics = 459.330,458.725,376.988,252.065 | -0.279,0.070,0.001,-0.000
cam0 extrinsics = -0.003,0.009,0.702,0.712 | 0.066,-0.011,0.006
cam1 extrinsics = 0.001,0.013,0.702,0.712 | -0.045,-0.011,0.005
q_GtoI = 0.823,-0.108,0.551,0.087 | p_IinG = 1.339,0.343,0.396 | dist = 84.07 (meters)
bg = -0.0001,0.0216,0.0775 | ba = -0.0320,0.1611,0.0615
camera-imu timeoffset = 0.00007
cam0 intrinsics = 461.609,460.903,364.074,245.143 | -0.281,0.072,0.001,0.000
cam1 intrinsics = 459.330,458.725,376.987,252.064 | -0.279,0.070,0.001,-0.000
cam0 extrinsics = -0.003,0.009,0.702,0.712 | 0.066,-0.011,0.006
cam1 extrinsics = 0.001,0.013,0.702,0.712 | -0.045,-0.011,0.005
q_GtoI = 0.825,-0.099,0.551,0.077 | p_IinG = 1.323,0.381,0.364 | dist = 84.11 (meters)
bg = -0.0001,0.0216,0.0777 | ba = -0.0308,0.1605,0.0597
camera-imu timeoffset = 0.00007
cam0 intrinsics = 461.609,460.904,364.072,245.145 | -0.281,0.072,0.001,0.000
cam1 intrinsics = 459.329,458.726,376.985,252.065 | -0.279,0.070,0.001,-0.000
cam0 extrinsics = -0.003,0.009,0.702,0.712 | 0.066,-0.011,0.006
cam1 extrinsics = 0.001,0.013,0.702,0.712 | -0.045,-0.011,0.005
q_GtoI = 0.827,-0.092,0.550,0.069 | p_IinG = 1.296,0.435,0.325 | dist = 84.16 (meters)
bg = -0.0003,0.0219,0.0781 | ba = -0.0278,0.1570,0.0572
camera-imu timeoffset = 0.00007
cam0 intrinsics = 461.611,460.907,364.076,245.148 | -0.281,0.072,0.001,0.000
cam1 intrinsics = 459.331,458.727,376.993,252.070 | -0.279,0.070,0.001,-0.000
cam0 extrinsics = -0.003,0.009,0.702,0.712 | 0.066,-0.011,0.006
cam1 extrinsics = 0.001,0.013,0.702,0.712 | -0.045,-0.011,0.005
q_GtoI = 0.829,-0.087,0.549,0.062 | p_IinG = 1.288,0.458,0.302 | dist = 84.21 (meters)
bg = -0.0004,0.0223,0.0782 | ba = -0.0287,0.1556,0.0571
camera-imu timeoffset = 0.00007
cam0 intrinsics = 461.612,460.909,364.077,245.150 | -0.281,0.072,0.001,0.000
cam1 intrinsics = 459.332,458.728,376.995,252.071 | -0.279,0.070,0.001,-0.000
cam0 extrinsics = -0.003,0.009,0.702,0.712 | 0.066,-0.011,0.006
cam1 extrinsics = 0.001,0.013,0.702,0.712 | -0.045,-0.011,0.005
q_GtoI = 0.830,-0.082,0.549,0.059 | p_IinG = 1.283,0.503,0.286 | dist = 84.25 (meters)
bg = 0.0002,0.0222,0.0786 | ba = -0.0343,0.1551,0.0596
camera-imu timeoffset = 0.00007
cam0 intrinsics = 461.605,460.898,364.085,245.134 | -0.281,0.072,0.001,0.000
cam1 intrinsics = 459.329,458.719,376.997,252.053 | -0.279,0.070,0.001,-0.000
cam0 extrinsics = -0.003,0.009,0.702,0.712 | 0.066,-0.011,0.006
cam1 extrinsics = 0.001,0.013,0.702,0.712 | -0.045,-0.011,0.005
q_GtoI = 0.831,-0.083,0.548,0.054 | p_IinG = 1.322,0.471,0.301 | dist = 84.29 (meters)
bg = 0.0005,0.0234,0.0781 | ba = -0.0420,0.1553,0.0656
camera-imu timeoffset = 0.00007
cam0 intrinsics = 461.604,460.893,364.094,245.146 | -0.281,0.072,0.001,0.000
cam1 intrinsics = 459.334,458.720,377.019,252.057 | -0.279,0.070,0.001,-0.000
cam0 extrinsics = -0.003,0.009,0.702,0.712 | 0.066,-0.011,0.006
cam1 extrinsics = 0.001,0.013,0.702,0.712 | -0.045,-0.011,0.005
q_GtoI = 0.831,-0.081,0.548,0.052 | p_IinG = 1.318,0.497,0.278 | dist = 84.33 (meters)
bg = 0.0002,0.0236,0.0782 | ba = -0.0411,0.1545,0.0654
camera-imu timeoffset = 0.00007
cam0 intrinsics = 461.603,460.892,364.097,245.147 | -0.281,0.072,0.001,0.000
cam1 intrinsics = 459.333,458.718,377.021,252.058 | -0.279,0.070,0.001,-0.000
cam0 extrinsics = -0.003,0.009,0.702,0.712 | 0.066,-0.011,0.006
cam1 extrinsics = 0.001,0.013,0.702,0.712 | -0.045,-0.011,0.005
q_GtoI = 0.831,-0.080,0.548,0.052 | p_IinG = 1.317,0.524,0.256 | dist = 84.36 (meters)
bg = 0.0001,0.0237,0.0782 | ba = -0.0396,0.1537,0.0647
camera-imu timeoffset = 0.00007
cam0 intrinsics = 461.601,460.890,364.099,245.148 | -0.281,0.072,0.001,0.000
cam1 intrinsics = 459.331,458.716,377.022,252.059 | -0.279,0.070,0.001,-0.000
cam0 extrinsics = -0.003,0.009,0.702,0.712 | 0.066,-0.011,0.006
cam1 extrinsics = 0.001,0.013,0.702,0.712 | -0.045,-0.011,0.005
q_GtoI = 0.831,-0.078,0.549,0.050 | p_IinG = 1.287,0.554,0.232 | dist = 84.40 (meters)
bg = -0.0014,0.0233,0.0783 | ba = -0.0404,0.1544,0.0659
camera-imu timeoffset = 0.00007
cam0 intrinsics = 461.607,460.895,364.096,245.145 | -0.281,0.072,0.001,0.000
cam1 intrinsics = 459.333,458.718,377.011,252.058 | -0.279,0.070,0.001,-0.000
cam0 extrinsics = -0.003,0.009,0.702,0.712 | 0.066,-0.011,0.006
cam1 extrinsics = 0.001,0.013,0.702,0.712 | -0.045,-0.011,0.005
q_GtoI = 0.830,-0.081,0.549,0.052 | p_IinG = 1.291,0.609,0.193 | dist = 84.43 (meters)
bg = -0.0008,0.0229,0.0782 | ba = -0.0370,0.1508,0.0587
camera-imu timeoffset = 0.00007
cam0 intrinsics = 461.610,460.901,364.084,245.123 | -0.281,0.072,0.001,0.000
cam1 intrinsics = 459.329,458.718,376.996,252.036 | -0.279,0.070,0.001,-0.000
cam0 extrinsics = -0.003,0.009,0.702,0.712 | 0.066,-0.011,0.006
cam1 extrinsics = 0.001,0.013,0.702,0.712 | -0.044,-0.011,0.005
q_GtoI = 0.829,-0.082,0.550,0.054 | p_IinG = 1.297,0.633,0.173 | dist = 84.47 (meters)
bg = -0.0009,0.0226,0.0780 | ba = -0.0371,0.1536,0.0559
camera-imu timeoffset = 0.00007
cam0 intrinsics = 461.611,460.903,364.090,245.135 | -0.281,0.072,0.001,0.000
cam1 intrinsics = 459.330,458.720,376.999,252.047 | -0.279,0.070,0.001,-0.000
cam0 extrinsics = -0.003,0.009,0.702,0.712 | 0.066,-0.011,0.006
cam1 extrinsics = 0.001,0.013,0.702,0.712 | -0.044,-0.011,0.005
q_GtoI = 0.829,-0.083,0.550,0.056 | p_IinG = 1.302,0.655,0.157 | dist = 84.50 (meters)
bg = -0.0011,0.0226,0.0782 | ba = -0.0384,0.1548,0.0537
camera-imu timeoffset = 0.00007
cam0 intrinsics = 461.615,460.906,364.094,245.136 | -0.281,0.072,0.001,0.000
cam1 intrinsics = 459.332,458.723,377.004,252.047 | -0.279,0.070,0.001,-0.000
cam0 extrinsics = -0.003,0.009,0.702,0.712 | 0.066,-0.011,0.006
cam1 extrinsics = 0.001,0.013,0.702,0.712 | -0.044,-0.011,0.005
q_GtoI = 0.828,-0.087,0.552,0.054 | p_IinG = 1.310,0.684,0.137 | dist = 84.54 (meters)
bg = -0.0012,0.0224,0.0782 | ba = -0.0378,0.1556,0.0501
camera-imu timeoffset = 0.00007
cam0 intrinsics = 461.616,460.908,364.097,245.137 | -0.281,0.072,0.001,0.000
cam1 intrinsics = 459.331,458.722,377.008,252.049 | -0.279,0.070,0.001,-0.000
cam0 extrinsics = -0.003,0.009,0.702,0.712 | 0.066,-0.011,0.006
cam1 extrinsics = 0.001,0.013,0.702,0.712 | -0.044,-0.011,0.005
q_GtoI = 0.826,-0.091,0.553,0.053 | p_IinG = 1.322,0.704,0.124 | dist = 84.57 (meters)
bg = -0.0015,0.0226,0.0781 | ba = -0.0385,0.1566,0.0482
camera-imu timeoffset = 0.00007
cam0 intrinsics = 461.616,460.907,364.102,245.137 | -0.281,0.072,0.001,0.000
cam1 intrinsics = 459.334,458.723,377.014,252.050 | -0.279,0.070,0.001,-0.000
cam0 extrinsics = -0.003,0.009,0.702,0.712 | 0.066,-0.011,0.006
cam1 extrinsics = 0.001,0.013,0.702,0.712 | -0.044,-0.011,0.005
q_GtoI = 0.825,-0.095,0.555,0.052 | p_IinG = 1.338,0.727,0.114 | dist = 84.60 (meters)
bg = -0.0015,0.0230,0.0781 | ba = -0.0382,0.1535,0.0443
camera-imu timeoffset = 0.00007
cam0 intrinsics = 461.620,460.911,364.105,245.148 | -0.281,0.072,0.001,0.000
cam1 intrinsics = 459.337,458.722,377.026,252.065 | -0.279,0.070,0.001,-0.000
cam0 extrinsics = -0.003,0.009,0.702,0.712 | 0.066,-0.011,0.006
cam1 extrinsics = 0.001,0.013,0.702,0.712 | -0.045,-0.011,0.005
q_GtoI = 0.824,-0.101,0.555,0.052 | p_IinG = 1.346,0.748,0.100 | dist = 84.64 (meters)
bg = -0.0021,0.0229,0.0781 | ba = -0.0376,0.1536,0.0431
camera-imu timeoffset = 0.00007
cam0 intrinsics = 461.618,460.908,364.111,245.146 | -0.281,0.072,0.001,0.000
cam1 intrinsics = 459.336,458.720,377.041,252.058 | -0.279,0.070,0.001,-0.000
cam0 extrinsics = -0.003,0.009,0.702,0.712 | 0.066,-0.011,0.006
cam1 extrinsics = 0.001,0.013,0.702,0.712 | -0.045,-0.011,0.005
q_GtoI = 0.823,-0.108,0.555,0.053 | p_IinG = 1.360,0.772,0.088 | dist = 84.67 (meters)
bg = -0.0022,0.0231,0.0781 | ba = -0.0373,0.1526,0.0426
camera-imu timeoffset = 0.00007
cam0 intrinsics = 461.620,460.910,364.113,245.147 | -0.281,0.072,0.001,0.000
cam1 intrinsics = 459.338,458.722,377.045,252.059 | -0.279,0.070,0.001,-0.000
cam0 extrinsics = -0.003,0.009,0.702,0.712 | 0.066,-0.011,0.006
cam1 extrinsics = 0.001,0.013,0.702,0.712 | -0.045,-0.011,0.005
q_GtoI = 0.822,-0.117,0.555,0.056 | p_IinG = 1.377,0.795,0.075 | dist = 84.70 (meters)
bg = -0.0022,0.0231,0.0781 | ba = -0.0375,0.1519,0.0405
camera-imu timeoffset = 0.00007
cam0 intrinsics = 461.619,460.911,364.112,245.148 | -0.281,0.072,0.001,0.000
cam1 intrinsics = 459.336,458.722,377.048,252.061 | -0.279,0.070,0.001,-0.000
cam0 extrinsics = -0.003,0.009,0.702,0.712 | 0.066,-0.011,0.006
cam1 extrinsics = 0.001,0.013,0.702,0.712 | -0.045,-0.011,0.005
q_GtoI = 0.821,-0.127,0.554,0.060 | p_IinG = 1.393,0.817,0.063 | dist = 84.73 (meters)
bg = -0.0023,0.0232,0.0781 | ba = -0.0365,0.1519,0.0395
camera-imu timeoffset = 0.00007
cam0 intrinsics = 461.617,460.912,364.104,245.147 | -0.281,0.072,0.001,0.000
cam1 intrinsics = 459.335,458.723,377.045,252.059 | -0.279,0.070,0.001,-0.000
cam0 extrinsics = -0.003,0.009,0.702,0.712 | 0.066,-0.011,0.006
cam1 extrinsics = 0.001,0.013,0.702,0.712 | -0.045,-0.011,0.005
q_GtoI = 0.818,-0.138,0.554,0.066 | p_IinG = 1.413,0.838,0.052 | dist = 84.76 (meters)
bg = -0.0023,0.0233,0.0781 | ba = -0.0357,0.1517,0.0382
camera-imu timeoffset = 0.00007
cam0 intrinsics = 461.617,460.914,364.098,245.149 | -0.281,0.072,0.001,0.000
cam1 intrinsics = 459.335,458.725,377.036,252.059 | -0.279,0.070,0.001,-0.000
cam0 extrinsics = -0.003,0.009,0.702,0.712 | 0.066,-0.011,0.006
cam1 extrinsics = 0.001,0.013,0.702,0.712 | -0.045,-0.011,0.005
q_GtoI = 0.816,-0.150,0.554,0.073 | p_IinG = 1.434,0.858,0.041 | dist = 84.79 (meters)
bg = -0.0021,0.0232,0.0781 | ba = -0.0353,0.1506,0.0352
camera-imu timeoffset = 0.00007
cam0 intrinsics = 461.618,460.918,364.098,245.159 | -0.281,0.072,0.001,0.000
cam1 intrinsics = 459.336,458.728,377.031,252.064 | -0.279,0.070,0.001,-0.000
cam0 extrinsics = -0.003,0.009,0.702,0.712 | 0.066,-0.011,0.006
cam1 extrinsics = 0.001,0.013,0.702,0.712 | -0.045,-0.011,0.005
q_GtoI = 0.813,-0.163,0.553,0.081 | p_IinG = 1.455,0.877,0.031 | dist = 84.82 (meters)
bg = -0.0020,0.0234,0.0782 | ba = -0.0357,0.1496,0.0323
camera-imu timeoffset = 0.00007
cam0 intrinsics = 461.621,460.922,364.098,245.159 | -0.281,0.072,0.001,0.000
cam1 intrinsics = 459.337,458.730,377.027,252.063 | -0.279,0.070,0.001,-0.000
cam0 extrinsics = -0.003,0.009,0.702,0.712 | 0.066,-0.011,0.006
cam1 extrinsics = 0.001,0.013,0.702,0.712 | -0.045,-0.011,0.005
q_GtoI = 0.810,-0.174,0.553,0.090 | p_IinG = 1.477,0.893,0.022 | dist = 84.85 (meters)
bg = -0.0020,0.0235,0.0781 | ba = -0.0373,0.1495,0.0309
camera-imu timeoffset = 0.00007
cam0 intrinsics = 461.621,460.926,364.102,245.157 | -0.281,0.072,0.001,0.000
cam1 intrinsics = 459.334,458.730,377.029,252.060 | -0.279,0.070,0.001,-0.000
cam0 extrinsics = -0.003,0.009,0.702,0.712 | 0.066,-0.011,0.006
cam1 extrinsics = 0.001,0.013,0.702,0.712 | -0.045,-0.011,0.005
q_GtoI = 0.806,-0.184,0.554,0.100 | p_IinG = 1.499,0.908,0.013 | dist = 84.88 (meters)
bg = -0.0021,0.0235,0.0780 | ba = -0.0382,0.1497,0.0301
camera-imu timeoffset = 0.00007
cam0 intrinsics = 461.623,460.930,364.104,245.157 | -0.281,0.072,0.001,0.000
cam1 intrinsics = 459.334,458.731,377.028,252.060 | -0.279,0.070,0.001,-0.000
cam0 extrinsics = -0.003,0.009,0.702,0.712 | 0.066,-0.011,0.006
cam1 extrinsics = 0.001,0.013,0.702,0.712 | -0.045,-0.011,0.005
q_GtoI = 0.800,-0.193,0.556,0.112 | p_IinG = 1.522,0.921,0.005 | dist = 84.91 (meters)
bg = -0.0023,0.0235,0.0780 | ba = -0.0387,0.1497,0.0286
camera-imu timeoffset = 0.00007
cam0 intrinsics = 461.627,460.934,364.107,245.156 | -0.281,0.072,0.001,0.000
cam1 intrinsics = 459.332,458.729,377.035,252.059 | -0.279,0.070,0.001,-0.000
cam0 extrinsics = -0.003,0.009,0.702,0.712 | 0.066,-0.011,0.006
cam1 extrinsics = 0.001,0.013,0.702,0.712 | -0.045,-0.011,0.005
q_GtoI = 0.793,-0.201,0.562,0.123 | p_IinG = 1.545,0.933,-0.001 | dist = 84.94 (meters)
bg = -0.0025,0.0236,0.0780 | ba = -0.0391,0.1504,0.0276
camera-imu timeoffset = 0.00007
cam0 intrinsics = 461.627,460.936,364.115,245.152 | -0.281,0.072,0.001,0.000
cam1 intrinsics = 459.329,458.726,377.042,252.055 | -0.279,0.070,0.001,-0.000
cam0 extrinsics = -0.003,0.009,0.702,0.712 | 0.066,-0.011,0.006
cam1 extrinsics = 0.001,0.013,0.702,0.712 | -0.045,-0.011,0.005
q_GtoI = 0.786,-0.208,0.567,0.131 | p_IinG = 1.570,0.946,-0.007 | dist = 84.96 (meters)
bg = -0.0025,0.0236,0.0777 | ba = -0.0399,0.1510,0.0267
camera-imu timeoffset = 0.00007
cam0 intrinsics = 461.629,460.937,364.128,245.166 | -0.281,0.072,0.001,0.000
cam1 intrinsics = 459.330,458.727,377.046,252.064 | -0.279,0.070,0.001,-0.000
cam0 extrinsics = -0.003,0.009,0.702,0.712 | 0.066,-0.011,0.006
cam1 extrinsics = 0.001,0.013,0.702,0.712 | -0.045,-0.011,0.005
q_GtoI = 0.779,-0.215,0.573,0.136 | p_IinG = 1.594,0.956,-0.013 | dist = 84.99 (meters)
bg = -0.0027,0.0237,0.0777 | ba = -0.0401,0.1518,0.0270
camera-imu timeoffset = 0.00007
cam0 intrinsics = 461.626,460.934,364.118,245.173 | -0.281,0.072,0.001,0.000
cam1 intrinsics = 459.325,458.722,377.034,252.072 | -0.279,0.070,0.001,-0.000
cam0 extrinsics = -0.003,0.009,0.702,0.712 | 0.066,-0.011,0.006
cam1 extrinsics = 0.001,0.013,0.702,0.712 | -0.045,-0.011,0.005
q_GtoI = 0.773,-0.222,0.578,0.139 | p_IinG = 1.618,0.966,-0.018 | dist = 85.02 (meters)
bg = -0.0028,0.0238,0.0776 | ba = -0.0403,0.1525,0.0272
camera-imu timeoffset = 0.00007
cam0 intrinsics = 461.626,460.934,364.105,245.180 | -0.281,0.072,0.001,0.000
cam1 intrinsics = 459.323,458.720,377.024,252.080 | -0.279,0.070,0.001,-0.000
cam0 extrinsics = -0.003,0.009,0.702,0.712 | 0.066,-0.011,0.006
cam1 extrinsics = 0.001,0.013,0.702,0.712 | -0.045,-0.011,0.005
q_GtoI = 0.768,-0.228,0.582,0.142 | p_IinG = 1.642,0.976,-0.023 | dist = 85.05 (meters)
bg = -0.0026,0.0239,0.0777 | ba = -0.0402,0.1526,0.0281
camera-imu timeoffset = 0.00007
cam0 intrinsics = 461.621,460.930,364.101,245.185 | -0.281,0.072,0.001,0.000
cam1 intrinsics = 459.318,458.716,377.016,252.086 | -0.279,0.070,0.001,-0.000
cam0 extrinsics = -0.003,0.009,0.702,0.712 | 0.066,-0.011,0.006
cam1 extrinsics = 0.001,0.013,0.702,0.712 | -0.044,-0.011,0.005
q_GtoI = 0.764,-0.235,0.584,0.143 | p_IinG = 1.665,0.986,-0.029 | dist = 85.07 (meters)
bg = -0.0027,0.0238,0.0776 | ba = -0.0387,0.1528,0.0277
camera-imu timeoffset = 0.00007
cam0 intrinsics = 461.622,460.932,364.094,245.191 | -0.281,0.072,0.001,0.000
cam1 intrinsics = 459.316,458.717,377.009,252.091 | -0.279,0.070,0.001,-0.000
cam0 extrinsics = -0.003,0.009,0.702,0.712 | 0.066,-0.011,0.006
cam1 extrinsics = 0.001,0.013,0.702,0.712 | -0.044,-0.011,0.005
q_GtoI = 0.762,-0.244,0.583,0.142 | p_IinG = 1.686,0.996,-0.036 | dist = 85.10 (meters)
bg = -0.0026,0.0237,0.0775 | ba = -0.0387,0.1530,0.0278
camera-imu timeoffset = 0.00007
cam0 intrinsics = 461.623,460.934,364.087,245.197 | -0.281,0.072,0.001,0.000
cam1 intrinsics = 459.315,458.717,377.002,252.096 | -0.279,0.070,0.001,-0.000
cam0 extrinsics = -0.003,0.009,0.702,0.712 | 0.067,-0.011,0.006
cam1 extrinsics = 0.001,0.013,0.702,0.712 | -0.044,-0.011,0.005
q_GtoI = 0.759,-0.254,0.582,0.141 | p_IinG = 1.705,1.005,-0.041 | dist = 85.12 (meters)
bg = -0.0026,0.0236,0.0775 | ba = -0.0386,0.1535,0.0282
camera-imu timeoffset = 0.00007
cam0 intrinsics = 461.623,460.935,364.079,245.203 | -0.281,0.072,0.001,0.000
cam1 intrinsics = 459.316,458.719,376.996,252.102 | -0.279,0.070,0.001,-0.000
cam0 extrinsics = -0.003,0.009,0.702,0.712 | 0.067,-0.011,0.006
cam1 extrinsics = 0.001,0.013,0.702,0.712 | -0.044,-0.011,0.005
q_GtoI = 0.758,-0.265,0.579,0.139 | p_IinG = 1.721,1.014,-0.047 | dist = 85.14 (meters)
bg = -0.0026,0.0235,0.0774 | ba = -0.0387,0.1545,0.0290
camera-imu timeoffset = 0.00007
cam0 intrinsics = 461.625,460.936,364.077,245.211 | -0.281,0.072,0.001,0.000
cam1 intrinsics = 459.317,458.718,376.996,252.109 | -0.279,0.070,0.001,-0.000
cam0 extrinsics = -0.003,0.009,0.702,0.712 | 0.067,-0.011,0.006
cam1 extrinsics = 0.001,0.013,0.702,0.712 | -0.044,-0.011,0.005
q_GtoI = 0.758,-0.276,0.574,0.139 | p_IinG = 1.736,1.021,-0.052 | dist = 85.15 (meters)
bg = -0.0027,0.0234,0.0773 | ba = -0.0388,0.1551,0.0290
camera-imu timeoffset = 0.00007
cam0 intrinsics = 461.627,460.941,364.071,245.217 | -0.281,0.072,0.001,0.000
cam1 intrinsics = 459.316,458.720,376.992,252.117 | -0.279,0.070,0.001,-0.000
cam0 extrinsics = -0.003,0.009,0.702,0.712 | 0.067,-0.011,0.006
cam1 extrinsics = 0.001,0.013,0.702,0.712 | -0.044,-0.011,0.005
q_GtoI = 0.758,-0.286,0.570,0.141 | p_IinG = 1.749,1.026,-0.056 | dist = 85.17 (meters)
bg = -0.0026,0.0233,0.0772 | ba = -0.0386,0.1552,0.0291
camera-imu timeoffset = 0.00007
cam0 intrinsics = 461.630,460.944,364.061,245.229 | -0.281,0.072,0.001,0.000
cam1 intrinsics = 459.318,458.723,376.986,252.129 | -0.279,0.070,0.001,-0.000
cam0 extrinsics = -0.003,0.009,0.702,0.712 | 0.067,-0.011,0.006
cam1 extrinsics = 0.001,0.013,0.702,0.712 | -0.044,-0.011,0.005
q_GtoI = 0.757,-0.294,0.565,0.146 | p_IinG = 1.761,1.031,-0.060 | dist = 85.18 (meters)
bg = -0.0025,0.0232,0.0771 | ba = -0.0378,0.1565,0.0288
camera-imu timeoffset = 0.00007
cam0 intrinsics = 461.625,460.947,364.084,245.194 | -0.281,0.072,0.001,0.000
cam1 intrinsics = 459.311,458.723,377.017,252.092 | -0.279,0.070,0.001,-0.000
cam0 extrinsics = -0.003,0.009,0.702,0.712 | 0.067,-0.011,0.006
cam1 extrinsics = 0.001,0.013,0.702,0.712 | -0.044,-0.011,0.005
q_GtoI = 0.756,-0.300,0.561,0.154 | p_IinG = 1.770,1.032,-0.062 | dist = 85.19 (meters)
bg = -0.0026,0.0232,0.0772 | ba = -0.0371,0.1582,0.0298
camera-imu timeoffset = 0.00007
cam0 intrinsics = 461.627,460.954,364.079,245.193 | -0.281,0.072,0.001,0.000
cam1 intrinsics = 459.309,458.727,377.010,252.092 | -0.279,0.070,0.001,-0.000
cam0 extrinsics = -0.003,0.009,0.702,0.712 | 0.067,-0.011,0.006
cam1 extrinsics = 0.001,0.013,0.702,0.712 | -0.044,-0.011,0.005
q_GtoI = 0.754,-0.306,0.557,0.165 | p_IinG = 1.778,1.033,-0.062 | dist = 85.20 (meters)
bg = -0.0025,0.0233,0.0773 | ba = -0.0372,0.1612,0.0306
camera-imu timeoffset = 0.00007
cam0 intrinsics = 461.651,460.983,364.079,245.192 | -0.281,0.072,0.001,0.000
cam1 intrinsics = 459.303,458.728,377.028,252.081 | -0.279,0.070,0.001,-0.000
cam0 extrinsics = -0.003,0.009,0.702,0.712 | 0.066,-0.011,0.006
cam1 extrinsics = 0.001,0.013,0.702,0.712 | -0.045,-0.011,0.005
q_GtoI = 0.754,-0.309,0.552,0.179 | p_IinG = 1.786,1.033,-0.061 | dist = 85.20 (meters)
bg = -0.0024,0.0235,0.0774 | ba = -0.0356,0.1637,0.0318
camera-imu timeoffset = 0.00007
cam0 intrinsics = 461.659,460.991,364.091,245.165 | -0.281,0.072,0.001,0.000
cam1 intrinsics = 459.306,458.732,377.039,252.050 | -0.279,0.070,0.001,-0.000
cam0 extrinsics = -0.003,0.009,0.702,0.712 | 0.066,-0.011,0.006
cam1 extrinsics = 0.001,0.013,0.702,0.712 | -0.045,-0.011,0.005
q_GtoI = 0.754,-0.310,0.545,0.195 | p_IinG = 1.791,1.031,-0.060 | dist = 85.21 (meters)
bg = -0.0024,0.0236,0.0776 | ba = -0.0358,0.1648,0.0325
camera-imu timeoffset = 0.00007
cam0 intrinsics = 461.665,460.997,364.104,245.140 | -0.281,0.072,0.001,0.000
cam1 intrinsics = 459.309,458.735,377.052,252.025 | -0.279,0.070,0.001,-0.000
cam0 extrinsics = -0.003,0.009,0.702,0.712 | 0.066,-0.011,0.006
cam1 extrinsics = 0.001,0.013,0.702,0.712 | -0.045,-0.011,0.005
q_GtoI = 0.754,-0.309,0.540,0.210 | p_IinG = 1.798,1.028,-0.059 | dist = 85.22 (meters)
bg = -0.0024,0.0236,0.0777 | ba = -0.0349,0.1648,0.0336
camera-imu timeoffset = 0.00007
cam0 intrinsics = 461.670,461.004,364.095,245.144 | -0.281,0.072,0.001,0.000
cam1 intrinsics = 459.314,458.742,377.040,252.030 | -0.279,0.070,0.001,-0.000
cam0 extrinsics = -0.003,0.009,0.702,0.712 | 0.066,-0.011,0.006
cam1 extrinsics = 0.001,0.013,0.702,0.712 | -0.044,-0.011,0.005
q_GtoI = 0.753,-0.309,0.537,0.221 | p_IinG = 1.804,1.025,-0.056 | dist = 85.23 (meters)
bg = -0.0025,0.0235,0.0778 | ba = -0.0344,0.1658,0.0339
camera-imu timeoffset = 0.00007
cam0 intrinsics = 461.671,461.004,364.096,245.142 | -0.281,0.072,0.001,0.000
cam1 intrinsics = 459.312,458.740,377.041,252.028 | -0.279,0.070,0.001,-0.000
cam0 extrinsics = -0.003,0.009,0.702,0.712 | 0.066,-0.011,0.006
cam1 extrinsics = 0.001,0.013,0.702,0.712 | -0.044,-0.011,0.005
q_GtoI = 0.750,-0.312,0.538,0.226 | p_IinG = 1.811,1.023,-0.054 | dist = 85.23 (meters)
bg = -0.0026,0.0235,0.0777 | ba = -0.0337,0.1648,0.0351
camera-imu timeoffset = 0.00007
cam0 intrinsics = 461.673,461.005,364.074,245.157 | -0.281,0.072,0.001,0.000
cam1 intrinsics = 459.314,458.742,377.025,252.042 | -0.279,0.070,0.001,-0.000
cam0 extrinsics = -0.003,0.009,0.702,0.712 | 0.067,-0.011,0.006
cam1 extrinsics = 0.001,0.013,0.702,0.712 | -0.044,-0.011,0.005
q_GtoI = 0.746,-0.315,0.540,0.228 | p_IinG = 1.818,1.021,-0.052 | dist = 85.24 (meters)
bg = -0.0027,0.0236,0.0777 | ba = -0.0327,0.1646,0.0360
camera-imu timeoffset = 0.00007
cam0 intrinsics = 461.676,461.007,364.073,245.157 | -0.281,0.072,0.001,0.000
cam1 intrinsics = 459.317,458.743,377.025,252.042 | -0.279,0.070,0.001,-0.000
cam0 extrinsics = -0.003,0.009,0.702,0.712 | 0.067,-0.011,0.006
cam1 extrinsics = 0.001,0.013,0.702,0.712 | -0.044,-0.011,0.005
q_GtoI = 0.742,-0.322,0.543,0.227 | p_IinG = 1.825,1.020,-0.050 | dist = 85.25 (meters)
bg = -0.0028,0.0236,0.0777 | ba = -0.0314,0.1651,0.0364
camera-imu timeoffset = 0.00007
cam0 intrinsics = 461.680,461.008,364.081,245.144 | -0.281,0.072,0.001,0.000
cam1 intrinsics = 459.323,458.747,377.034,252.032 | -0.279,0.070,0.001,-0.000
cam0 extrinsics = -0.003,0.009,0.702,0.712 | 0.066,-0.011,0.006
cam1 extrinsics = 0.001,0.013,0.702,0.712 | -0.045,-0.011,0.005
q_GtoI = 0.738,-0.329,0.545,0.224 | p_IinG = 1.833,1.020,-0.049 | dist = 85.26 (meters)
bg = -0.0028,0.0236,0.0777 | ba = -0.0292,0.1660,0.0386
camera-imu timeoffset = 0.00007
cam0 intrinsics = 461.682,461.007,364.087,245.140 | -0.281,0.072,0.001,0.000
cam1 intrinsics = 459.328,458.750,377.039,252.028 | -0.279,0.070,0.001,-0.000
cam0 extrinsics = -0.003,0.009,0.702,0.712 | 0.066,-0.011,0.006
cam1 extrinsics = 0.001,0.013,0.702,0.712 | -0.045,-0.011,0.005
q_GtoI = 0.734,-0.337,0.546,0.222 | p_IinG = 1.839,1.020,-0.049 | dist = 85.26 (meters)
bg = -0.0029,0.0236,0.0778 | ba = -0.0268,0.1651,0.0394
camera-imu timeoffset = 0.00007
cam0 intrinsics = 461.687,461.010,364.093,245.133 | -0.281,0.072,0.001,0.000
cam1 intrinsics = 459.334,458.753,377.042,252.021 | -0.279,0.070,0.001,-0.000
cam0 extrinsics = -0.003,0.009,0.702,0.712 | 0.066,-0.011,0.006
cam1 extrinsics = 0.001,0.013,0.702,0.712 | -0.045,-0.011,0.005
q_GtoI = 0.731,-0.345,0.546,0.219 | p_IinG = 1.844,1.019,-0.048 | dist = 85.27 (meters)
bg = -0.0030,0.0236,0.0778 | ba = -0.0243,0.1642,0.0410
camera-imu timeoffset = 0.00007
cam0 intrinsics = 461.692,461.013,364.098,245.130 | -0.281,0.072,0.001,0.000
cam1 intrinsics = 459.339,458.757,377.045,252.018 | -0.279,0.070,0.001,-0.000
cam0 extrinsics = -0.003,0.009,0.702,0.712 | 0.066,-0.011,0.006
cam1 extrinsics = 0.001,0.013,0.702,0.712 | -0.045,-0.011,0.005
q_GtoI = 0.729,-0.351,0.546,0.218 | p_IinG = 1.849,1.019,-0.049 | dist = 85.28 (meters)
bg = -0.0031,0.0236,0.0778 | ba = -0.0221,0.1640,0.0425
camera-imu timeoffset = 0.00007
cam0 intrinsics = 461.698,461.018,364.102,245.127 | -0.281,0.072,0.001,0.000
cam1 intrinsics = 459.345,458.761,377.048,252.017 | -0.279,0.070,0.001,-0.000
cam0 extrinsics = -0.003,0.009,0.702,0.712 | 0.066,-0.011,0.006
cam1 extrinsics = 0.001,0.013,0.702,0.712 | -0.045,-0.011,0.005
q_GtoI = 0.728,-0.355,0.545,0.218 | p_IinG = 1.853,1.018,-0.051 | dist = 85.28 (meters)
bg = -0.0032,0.0235,0.0777 | ba = -0.0206,0.1642,0.0439
camera-imu timeoffset = 0.00007
cam0 intrinsics = 461.705,461.022,364.106,245.124 | -0.281,0.072,0.001,0.000
cam1 intrinsics = 459.352,458.766,377.052,252.015 | -0.279,0.070,0.001,-0.000
cam0 extrinsics = -0.003,0.009,0.702,0.712 | 0.066,-0.011,0.006
cam1 extrinsics = 0.001,0.013,0.702,0.712 | -0.045,-0.011,0.005
q_GtoI = 0.728,-0.357,0.543,0.220 | p_IinG = 1.856,1.016,-0.056 | dist = 85.29 (meters)
bg = -0.0033,0.0234,0.0777 | ba = -0.0194,0.1641,0.0460
camera-imu timeoffset = 0.00007
cam0 intrinsics = 461.712,461.027,364.111,245.121 | -0.281,0.072,0.001,0.000
cam1 intrinsics = 459.359,458.772,377.055,252.012 | -0.279,0.070,0.001,-0.000
cam0 extrinsics = -0.003,0.009,0.702,0.712 | 0.066,-0.011,0.006
cam1 extrinsics = 0.001,0.013,0.702,0.712 | -0.045,-0.011,0.005
q_GtoI = 0.728,-0.357,0.540,0.224 | p_IinG = 1.859,1.014,-0.062 | dist = 85.29 (meters)
bg = -0.0033,0.0236,0.0777 | ba = -0.0190,0.1651,0.0470
camera-imu timeoffset = 0.00007
cam0 intrinsics = 461.719,461.034,364.115,245.120 | -0.281,0.072,0.001,0.000
cam1 intrinsics = 459.367,458.778,377.058,252.006 | -0.279,0.070,0.001,-0.000
cam0 extrinsics = -0.003,0.009,0.702,0.712 | 0.066,-0.011,0.006
cam1 extrinsics = 0.001,0.013,0.702,0.712 | -0.045,-0.011,0.005
q_GtoI = 0.730,-0.356,0.537,0.228 | p_IinG = 1.861,1.011,-0.072 | dist = 85.30 (meters)
bg = -0.0035,0.0236,0.0775 | ba = -0.0189,0.1653,0.0466
camera-imu timeoffset = 0.00007
cam0 intrinsics = 461.730,461.036,364.123,245.106 | -0.281,0.072,0.001,0.000
cam1 intrinsics = 459.380,458.784,377.060,251.988 | -0.279,0.070,0.001,-0.000
cam0 extrinsics = -0.003,0.009,0.702,0.712 | 0.066,-0.011,0.006
cam1 extrinsics = 0.001,0.013,0.702,0.712 | -0.045,-0.011,0.005
q_GtoI = 0.731,-0.355,0.535,0.231 | p_IinG = 1.863,1.008,-0.084 | dist = 85.31 (meters)
bg = -0.0035,0.0237,0.0775 | ba = -0.0183,0.1667,0.0466
camera-imu timeoffset = 0.00007
cam0 intrinsics = 461.740,461.042,364.156,245.138 | -0.281,0.072,0.001,0.000
cam1 intrinsics = 459.395,458.793,377.083,252.011 | -0.279,0.070,0.001,-0.000
cam0 extrinsics = -0.003,0.009,0.702,0.712 | 0.066,-0.011,0.006
cam1 extrinsics = 0.001,0.013,0.702,0.712 | -0.045,-0.011,0.005
q_GtoI = 0.733,-0.352,0.532,0.236 | p_IinG = 1.864,1.005,-0.098 | dist = 85.33 (meters)
bg = -0.0037,0.0237,0.0776 | ba = -0.0171,0.1686,0.0476
camera-imu timeoffset = 0.00007
cam0 intrinsics = 461.747,461.046,364.167,245.140 | -0.281,0.072,0.001,0.000
cam1 intrinsics = 459.402,458.799,377.095,252.010 | -0.279,0.070,0.001,-0.000
cam0 extrinsics = -0.003,0.009,0.702,0.712 | 0.066,-0.011,0.006
cam1 extrinsics = 0.001,0.013,0.702,0.712 | -0.045,-0.011,0.005
q_GtoI = 0.735,-0.349,0.530,0.241 | p_IinG = 1.866,1.002,-0.114 | dist = 85.34 (meters)
bg = -0.0037,0.0238,0.0777 | ba = -0.0158,0.1694,0.0492
camera-imu timeoffset = 0.00007
cam0 intrinsics = 461.753,461.053,364.177,245.139 | -0.281,0.072,0.001,0.000
cam1 intrinsics = 459.410,458.807,377.103,252.008 | -0.279,0.070,0.001,-0.000
cam0 extrinsics = -0.003,0.009,0.702,0.712 | 0.066,-0.011,0.006
cam1 extrinsics = 0.001,0.013,0.702,0.712 | -0.045,-0.011,0.005
q_GtoI = 0.736,-0.345,0.528,0.245 | p_IinG = 1.868,0.999,-0.130 | dist = 85.36 (meters)
bg = -0.0037,0.0238,0.0777 | ba = -0.0151,0.1701,0.0494
camera-imu timeoffset = 0.00007
cam0 intrinsics = 461.757,461.057,364.184,245.140 | -0.281,0.072,0.001,0.000
cam1 intrinsics = 459.415,458.812,377.110,252.009 | -0.279,0.070,0.001,-0.000
cam0 extrinsics = -0.003,0.009,0.702,0.712 | 0.066,-0.011,0.006
cam1 extrinsics = 0.001,0.013,0.702,0.712 | -0.045,-0.011,0.005
q_GtoI = 0.738,-0.342,0.525,0.250 | p_IinG = 1.870,0.997,-0.147 | dist = 85.38 (meters)
bg = -0.0037,0.0238,0.0777 | ba = -0.0134,0.1712,0.0495
camera-imu timeoffset = 0.00007
cam0 intrinsics = 461.760,461.062,364.193,245.141 | -0.281,0.072,0.001,0.000
cam1 intrinsics = 459.419,458.818,377.117,252.008 | -0.279,0.070,0.001,-0.000
cam0 extrinsics = -0.003,0.009,0.702,0.712 | 0.066,-0.011,0.006
cam1 extrinsics = 0.001,0.013,0.702,0.712 | -0.045,-0.011,0.005
q_GtoI = 0.739,-0.339,0.524,0.253 | p_IinG = 1.873,0.994,-0.164 | dist = 85.40 (meters)
bg = -0.0037,0.0239,0.0778 | ba = -0.0118,0.1722,0.0499
camera-imu timeoffset = 0.00007
cam0 intrinsics = 461.763,461.067,364.198,245.140 | -0.281,0.072,0.001,0.000
cam1 intrinsics = 459.424,458.824,377.119,252.007 | -0.279,0.070,0.001,-0.000
cam0 extrinsics = -0.003,0.009,0.702,0.712 | 0.066,-0.011,0.006
cam1 extrinsics = 0.001,0.013,0.702,0.712 | -0.045,-0.011,0.005
q_GtoI = 0.741,-0.336,0.523,0.255 | p_IinG = 1.877,0.993,-0.180 | dist = 85.41 (meters)
bg = -0.0037,0.0238,0.0778 | ba = -0.0112,0.1735,0.0501
camera-imu timeoffset = 0.00007
cam0 intrinsics = 461.765,461.073,364.192,245.143 | -0.281,0.072,0.001,0.000
cam1 intrinsics = 459.425,458.824,377.129,252.014 | -0.279,0.070,0.001,-0.000
cam0 extrinsics = -0.003,0.009,0.702,0.712 | 0.066,-0.011,0.006
cam1 extrinsics = 0.001,0.013,0.702,0.712 | -0.045,-0.011,0.005
q_GtoI = 0.741,-0.334,0.523,0.256 | p_IinG = 1.882,0.993,-0.195 | dist = 85.43 (meters)
bg = -0.0036,0.0239,0.0778 | ba = -0.0107,0.1748,0.0510
camera-imu timeoffset = 0.00007
cam0 intrinsics = 461.766,461.076,364.194,245.141 | -0.281,0.072,0.001,0.000
cam1 intrinsics = 459.427,458.828,377.132,252.012 | -0.279,0.070,0.001,-0.000
cam0 extrinsics = -0.003,0.009,0.702,0.712 | 0.066,-0.011,0.007
cam1 extrinsics = 0.001,0.013,0.702,0.712 | -0.045,-0.011,0.005
q_GtoI = 0.741,-0.334,0.523,0.256 | p_IinG = 1.887,0.993,-0.210 | dist = 85.44 (meters)
bg = -0.0036,0.0239,0.0778 | ba = -0.0105,0.1762,0.0506
camera-imu timeoffset = 0.00007
cam0 intrinsics = 461.767,461.078,364.193,245.140 | -0.281,0.072,0.001,0.000
cam1 intrinsics = 459.428,458.830,377.133,252.010 | -0.279,0.070,0.001,-0.000
cam0 extrinsics = -0.003,0.009,0.702,0.712 | 0.066,-0.011,0.007
cam1 extrinsics = 0.001,0.013,0.702,0.712 | -0.045,-0.011,0.005
q_GtoI = 0.741,-0.335,0.523,0.255 | p_IinG = 1.894,0.994,-0.225 | dist = 85.46 (meters)
bg = -0.0036,0.0239,0.0778 | ba = -0.0107,0.1773,0.0500
camera-imu timeoffset = 0.00007
cam0 intrinsics = 461.769,461.081,364.193,245.140 | -0.281,0.072,0.001,0.000
cam1 intrinsics = 459.431,458.834,377.134,252.010 | -0.279,0.070,0.001,-0.000
cam0 extrinsics = -0.003,0.009,0.702,0.712 | 0.066,-0.011,0.007
cam1 extrinsics = 0.001,0.013,0.702,0.712 | -0.045,-0.011,0.005
q_GtoI = 0.739,-0.340,0.525,0.253 | p_IinG = 1.901,0.995,-0.240 | dist = 85.48 (meters)
bg = -0.0036,0.0239,0.0778 | ba = -0.0108,0.1789,0.0499
camera-imu timeoffset = 0.00007
cam0 intrinsics = 461.772,461.085,364.192,245.141 | -0.281,0.072,0.001,0.000
cam1 intrinsics = 459.434,458.838,377.133,252.010 | -0.279,0.070,0.001,-0.000
cam0 extrinsics = -0.003,0.009,0.702,0.712 | 0.066,-0.011,0.007
cam1 extrinsics = 0.001,0.013,0.702,0.712 | -0.045,-0.011,0.005
q_GtoI = 0.735,-0.346,0.526,0.251 | p_IinG = 1.909,0.997,-0.256 | dist = 85.50 (meters)
bg = -0.0037,0.0239,0.0778 | ba = -0.0109,0.1802,0.0500
camera-imu timeoffset = 0.00007
cam0 intrinsics = 461.775,461.088,364.190,245.141 | -0.281,0.072,0.001,0.000
cam1 intrinsics = 459.438,458.842,377.133,252.009 | -0.279,0.070,0.001,-0.000
cam0 extrinsics = -0.003,0.009,0.702,0.712 | 0.066,-0.011,0.007
cam1 extrinsics = 0.001,0.013,0.702,0.712 | -0.045,-0.011,0.005
q_GtoI = 0.731,-0.356,0.526,0.249 | p_IinG = 1.916,1.000,-0.275 | dist = 85.52 (meters)
bg = -0.0037,0.0239,0.0778 | ba = -0.0104,0.1814,0.0504
camera-imu timeoffset = 0.00007
cam0 intrinsics = 461.778,461.092,364.189,245.143 | -0.281,0.072,0.001,0.000
cam1 intrinsics = 459.442,458.846,377.130,252.010 | -0.279,0.070,0.001,-0.000
cam0 extrinsics = -0.003,0.009,0.702,0.712 | 0.066,-0.011,0.007
cam1 extrinsics = 0.001,0.013,0.702,0.712 | -0.045,-0.011,0.005
q_GtoI = 0.726,-0.366,0.526,0.250 | p_IinG = 1.923,1.002,-0.296 | dist = 85.54 (meters)
bg = -0.0037,0.0239,0.0778 | ba = -0.0101,0.1831,0.0506
camera-imu timeoffset = 0.00007
cam0 intrinsics = 461.782,461.095,364.186,245.145 | -0.281,0.072,0.001,0.000
cam1 intrinsics = 459.446,458.849,377.131,252.012 | -0.279,0.070,0.001,-0.000
cam0 extrinsics = -0.003,0.009,0.702,0.712 | 0.066,-0.011,0.007
cam1 extrinsics = 0.001,0.013,0.702,0.712 | -0.045,-0.011,0.005
q_GtoI = 0.720,-0.379,0.525,0.250 | p_IinG = 1.930,1.005,-0.320 | dist = 85.56 (meters)
bg = -0.0037,0.0238,0.0776 | ba = -0.0104,0.1837,0.0514
camera-imu timeoffset = 0.00007
cam0 intrinsics = 461.790,461.099,364.186,245.148 | -0.281,0.072,0.001,0.000
cam1 intrinsics = 459.453,458.852,377.131,252.014 | -0.279,0.070,0.001,-0.000
cam0 extrinsics = -0.003,0.009,0.702,0.712 | 0.066,-0.011,0.007
cam1 extrinsics = 0.001,0.013,0.702,0.712 | -0.045,-0.011,0.005
q_GtoI = 0.713,-0.392,0.524,0.252 | p_IinG = 1.936,1.006,-0.345 | dist = 85.59 (meters)
bg = -0.0037,0.0237,0.0775 | ba = -0.0105,0.1851,0.0512
camera-imu timeoffset = 0.00007
cam0 intrinsics = 461.793,461.100,364.184,245.152 | -0.281,0.072,0.001,0.000
cam1 intrinsics = 459.458,458.854,377.129,252.017 | -0.279,0.070,0.001,-0.000
cam0 extrinsics = -0.003,0.009,0.702,0.712 | 0.066,-0.011,0.007
cam1 extrinsics = 0.001,0.013,0.702,0.712 | -0.045,-0.011,0.005
q_GtoI = 0.705,-0.407,0.523,0.253 | p_IinG = 1.941,1.007,-0.371 | dist = 85.61 (meters)
bg = -0.0037,0.0237,0.0774 | ba = -0.0095,0.1860,0.0505
camera-imu timeoffset = 0.00007
cam0 intrinsics = 461.795,461.101,364.186,245.153 | -0.281,0.072,0.001,0.000
cam1 intrinsics = 459.462,458.857,377.130,252.016 | -0.279,0.070,0.001,-0.000
cam0 extrinsics = -0.003,0.009,0.702,0.712 | 0.066,-0.011,0.007
cam1 extrinsics = 0.001,0.013,0.702,0.712 | -0.045,-0.011,0.005
q_GtoI = 0.697,-0.421,0.520,0.257 | p_IinG = 1.945,1.006,-0.394 | dist = 85.64 (meters)
bg = -0.0037,0.0238,0.0774 | ba = -0.0100,0.1888,0.0508
camera-imu timeoffset = 0.00007
cam0 intrinsics = 461.796,461.103,364.175,245.155 | -0.281,0.072,0.001,0.000
cam1 intrinsics = 459.463,458.857,377.124,252.019 | -0.279,0.070,0.001,-0.000
cam0 extrinsics = -0.003,0.009,0.702,0.712 | 0.066,-0.011,0.007
cam1 extrinsics = 0.001,0.013,0.702,0.712 | -0.045,-0.011,0.005
q_GtoI = 0.690,-0.433,0.516,0.264 | p_IinG = 1.948,1.006,-0.415 | dist = 85.66 (meters)
bg = -0.0036,0.0238,0.0774 | ba = -0.0125,0.1922,0.0504
camera-imu timeoffset = 0.00008
cam0 intrinsics = 461.799,461.105,364.173,245.159 | -0.281,0.072,0.001,0.000
cam1 intrinsics = 459.465,458.858,377.123,252.023 | -0.279,0.070,0.001,-0.000
cam0 extrinsics = -0.003,0.009,0.702,0.712 | 0.066,-0.011,0.007
cam1 extrinsics = 0.001,0.013,0.702,0.712 | -0.045,-0.011,0.005
q_GtoI = 0.681,-0.446,0.513,0.272 | p_IinG = 1.949,1.005,-0.434 | dist = 85.68 (meters)
bg = -0.0035,0.0237,0.0774 | ba = -0.0158,0.1957,0.0480
camera-imu timeoffset = 0.00008
cam0 intrinsics = 461.803,461.106,364.174,245.165 | -0.281,0.072,0.001,0.000
cam1 intrinsics = 459.466,458.857,377.122,252.029 | -0.279,0.070,0.001,-0.000
cam0 extrinsics = -0.003,0.009,0.702,0.712 | 0.066,-0.011,0.007
cam1 extrinsics = 0.001,0.013,0.702,0.712 | -0.045,-0.011,0.005
q_GtoI = 0.673,-0.457,0.508,0.282 | p_IinG = 1.948,1.003,-0.448 | dist = 85.70 (meters)
bg = -0.0034,0.0239,0.0774 | ba = -0.0173,0.1996,0.0461
camera-imu timeoffset = 0.00008
cam0 intrinsics = 461.807,461.109,364.175,245.173 | -0.281,0.072,0.001,0.000
cam1 intrinsics = 459.471,458.860,377.123,252.036 | -0.279,0.070,0.001,-0.000
cam0 extrinsics = -0.003,0.009,0.702,0.712 | 0.067,-0.011,0.007
cam1 extrinsics = 0.001,0.013,0.702,0.712 | -0.044,-0.011,0.005
q_GtoI = 0.658,-0.476,0.495,0.307 | p_IinG = 1.940,0.999,-0.473 | dist = 85.72 (meters)
bg = -0.0034,0.0237,0.0775 | ba = -0.0194,0.2002,0.0435
camera-imu timeoffset = 0.00008
cam0 intrinsics = 461.796,461.103,364.168,245.184 | -0.281,0.072,0.001,0.000
cam1 intrinsics = 459.456,458.851,377.111,252.047 | -0.279,0.070,0.001,-0.000
cam0 extrinsics = -0.003,0.009,0.702,0.712 | 0.067,-0.011,0.007
cam1 extrinsics = 0.001,0.013,0.702,0.712 | -0.044,-0.011,0.005
q_GtoI = 0.649,-0.491,0.476,0.334 | p_IinG = 1.927,0.996,-0.490 | dist = 85.75 (meters)
bg = -0.0036,0.0231,0.0774 | ba = -0.0232,0.2024,0.0437
camera-imu timeoffset = 0.00008
cam0 intrinsics = 461.790,461.100,364.174,245.184 | -0.281,0.072,0.001,0.000
cam1 intrinsics = 459.452,458.850,377.115,252.046 | -0.279,0.070,0.001,-0.000
cam0 extrinsics = -0.003,0.009,0.702,0.712 | 0.066,-0.011,0.007
cam1 extrinsics = 0.001,0.013,0.702,0.712 | -0.045,-0.011,0.005
q_GtoI = 0.641,-0.500,0.459,0.358 | p_IinG = 1.915,0.991,-0.494 | dist = 85.76 (meters)
bg = -0.0038,0.0229,0.0773 | ba = -0.0303,0.2083,0.0409
camera-imu timeoffset = 0.00008
cam0 intrinsics = 461.795,461.107,364.192,245.195 | -0.281,0.072,0.001,0.000
cam1 intrinsics = 459.456,458.856,377.131,252.058 | -0.279,0.070,0.001,-0.000
cam0 extrinsics = -0.003,0.009,0.702,0.712 | 0.066,-0.011,0.007
cam1 extrinsics = 0.001,0.013,0.702,0.712 | -0.045,-0.011,0.005
q_GtoI = 0.635,-0.507,0.448,0.373 | p_IinG = 1.907,0.987,-0.491 | dist = 85.77 (meters)
bg = -0.0041,0.0228,0.0772 | ba = -0.0350,0.2114,0.0394
camera-imu timeoffset = 0.00008
cam0 intrinsics = 461.791,461.105,364.202,245.202 | -0.281,0.072,0.001,0.000
cam1 intrinsics = 459.455,458.856,377.140,252.064 | -0.279,0.070,0.001,-0.000
cam0 extrinsics = -0.003,0.009,0.702,0.712 | 0.066,-0.011,0.007
cam1 extrinsics = 0.001,0.013,0.702,0.712 | -0.045,-0.011,0.005
q_GtoI = 0.630,-0.510,0.442,0.384 | p_IinG = 1.907,0.982,-0.477 | dist = 85.78 (meters)
bg = -0.0043,0.0227,0.0773 | ba = -0.0411,0.2187,0.0366
camera-imu timeoffset = 0.00008
cam0 intrinsics = 461.803,461.119,364.211,245.198 | -0.281,0.072,0.001,0.000
cam1 intrinsics = 459.467,458.870,377.143,252.060 | -0.279,0.070,0.001,-0.000
cam0 extrinsics = -0.003,0.009,0.702,0.712 | 0.066,-0.011,0.007
cam1 extrinsics = 0.001,0.013,0.702,0.712 | -0.045,-0.011,0.005
q_GtoI = 0.625,-0.511,0.442,0.391 | p_IinG = 1.915,0.981,-0.453 | dist = 85.80 (meters)
bg = -0.0045,0.0230,0.0775 | ba = -0.0455,0.2228,0.0396
camera-imu timeoffset = 0.00008
cam0 intrinsics = 461.808,461.123,364.217,245.193 | -0.281,0.072,0.001,0.000
cam1 intrinsics = 459.473,458.875,377.149,252.055 | -0.279,0.070,0.001,-0.000
cam0 extrinsics = -0.003,0.009,0.702,0.712 | 0.066,-0.011,0.007
cam1 extrinsics = 0.001,0.013,0.702,0.712 | -0.045,-0.011,0.005
q_GtoI = 0.620,-0.513,0.447,0.390 | p_IinG = 1.930,0.984,-0.429 | dist = 85.83 (meters)
bg = -0.0046,0.0232,0.0776 | ba = -0.0486,0.2249,0.0444
camera-imu timeoffset = 0.00008
cam0 intrinsics = 461.809,461.124,364.222,245.189 | -0.281,0.072,0.001,0.000
cam1 intrinsics = 459.477,458.878,377.153,252.050 | -0.279,0.070,0.001,-0.000
cam0 extrinsics = -0.003,0.009,0.702,0.712 | 0.066,-0.011,0.007
cam1 extrinsics = 0.001,0.013,0.702,0.712 | -0.045,-0.011,0.006
q_GtoI = 0.617,-0.515,0.452,0.387 | p_IinG = 1.951,0.993,-0.413 | dist = 85.85 (meters)
bg = -0.0043,0.0236,0.0779 | ba = -0.0493,0.2224,0.0536
camera-imu timeoffset = 0.00008
cam0 intrinsics = 461.815,461.126,364.239,245.184 | -0.281,0.072,0.001,0.000
cam1 intrinsics = 459.487,458.884,377.176,252.045 | -0.279,0.070,0.001,-0.000
cam0 extrinsics = -0.003,0.009,0.702,0.712 | 0.066,-0.011,0.007
cam1 extrinsics = 0.001,0.013,0.702,0.712 | -0.045,-0.011,0.006
q_GtoI = 0.611,-0.521,0.462,0.376 | p_IinG = 1.976,1.006,-0.421 | dist = 85.88 (meters)
bg = -0.0040,0.0239,0.0781 | ba = -0.0490,0.2232,0.0564
camera-imu timeoffset = 0.00008
cam0 intrinsics = 461.824,461.132,364.255,245.178 | -0.281,0.072,0.001,0.000
cam1 intrinsics = 459.494,458.888,377.192,252.041 | -0.279,0.070,0.001,-0.000
cam0 extrinsics = -0.003,0.009,0.702,0.712 | 0.066,-0.011,0.007
cam1 extrinsics = 0.001,0.013,0.702,0.712 | -0.045,-0.011,0.006
q_GtoI = 0.609,-0.531,0.468,0.358 | p_IinG = 1.999,1.020,-0.450 | dist = 85.92 (meters)
bg = -0.0039,0.0241,0.0780 | ba = -0.0489,0.2230,0.0539
camera-imu timeoffset = 0.00008
cam0 intrinsics = 461.826,461.136,364.257,245.175 | -0.281,0.072,0.001,0.000
cam1 intrinsics = 459.497,458.892,377.194,252.039 | -0.279,0.070,0.001,-0.000
cam0 extrinsics = -0.003,0.009,0.702,0.712 | 0.066,-0.011,0.007
cam1 extrinsics = 0.001,0.013,0.702,0.712 | -0.045,-0.011,0.006
q_GtoI = 0.618,-0.539,0.458,0.344 | p_IinG = 2.021,1.034,-0.490 | dist = 85.97 (meters)
bg = -0.0036,0.0243,0.0780 | ba = -0.0474,0.2249,0.0530
camera-imu timeoffset = 0.00008
cam0 intrinsics = 461.824,461.131,364.254,245.182 | -0.281,0.072,0.001,0.000
cam1 intrinsics = 459.497,458.890,377.189,252.045 | -0.279,0.070,0.001,-0.000
cam0 extrinsics = -0.003,0.009,0.702,0.712 | 0.066,-0.011,0.007
cam1 extrinsics = 0.001,0.013,0.702,0.712 | -0.045,-0.011,0.006
q_GtoI = 0.627,-0.543,0.446,0.336 | p_IinG = 2.037,1.046,-0.532 | dist = 86.01 (meters)
bg = -0.0034,0.0245,0.0781 | ba = -0.0453,0.2235,0.0510
camera-imu timeoffset = 0.00008
cam0 intrinsics = 461.825,461.134,364.255,245.184 | -0.281,0.072,0.001,0.000
cam1 intrinsics = 459.498,458.892,377.188,252.045 | -0.279,0.070,0.001,-0.000
cam0 extrinsics = -0.003,0.009,0.702,0.712 | 0.066,-0.011,0.007
cam1 extrinsics = 0.001,0.013,0.702,0.712 | -0.045,-0.011,0.006
q_GtoI = 0.633,-0.542,0.439,0.336 | p_IinG = 2.049,1.050,-0.574 | dist = 86.05 (meters)
bg = -0.0034,0.0242,0.0781 | ba = -0.0440,0.2225,0.0510
camera-imu timeoffset = 0.00008
cam0 intrinsics = 461.823,461.131,364.254,245.183 | -0.281,0.072,0.001,0.000
cam1 intrinsics = 459.497,458.891,377.186,252.044 | -0.279,0.070,0.001,-0.000
cam0 extrinsics = -0.003,0.009,0.702,0.712 | 0.066,-0.011,0.007
cam1 extrinsics = 0.001,0.013,0.702,0.712 | -0.045,-0.011,0.006
q_GtoI = 0.635,-0.541,0.436,0.338 | p_IinG = 2.059,1.048,-0.616 | dist = 86.10 (meters)
bg = -0.0032,0.0242,0.0780 | ba = -0.0415,0.2205,0.0510
camera-imu timeoffset = 0.00008
cam0 intrinsics = 461.822,461.132,364.253,245.183 | -0.281,0.072,0.001,0.000
cam1 intrinsics = 459.496,458.892,377.185,252.044 | -0.279,0.070,0.001,-0.000
cam0 extrinsics = -0.003,0.009,0.702,0.712 | 0.066,-0.011,0.007
cam1 extrinsics = 0.001,0.013,0.702,0.712 | -0.045,-0.011,0.006
q_GtoI = 0.630,-0.536,0.444,0.346 | p_IinG = 2.068,1.038,-0.652 | dist = 86.13 (meters)
bg = -0.0033,0.0241,0.0779 | ba = -0.0390,0.2183,0.0528
camera-imu timeoffset = 0.00008
cam0 intrinsics = 461.823,461.134,364.253,245.185 | -0.281,0.072,0.001,0.000
cam1 intrinsics = 459.497,458.894,377.184,252.046 | -0.279,0.070,0.001,-0.000
cam0 extrinsics = -0.003,0.009,0.702,0.712 | 0.066,-0.011,0.007
cam1 extrinsics = 0.001,0.013,0.702,0.712 | -0.045,-0.011,0.006
q_GtoI = 0.622,-0.531,0.455,0.353 | p_IinG = 2.078,1.025,-0.683 | dist = 86.17 (meters)
bg = -0.0033,0.0241,0.0779 | ba = -0.0355,0.2161,0.0544
camera-imu timeoffset = 0.00008
cam0 intrinsics = 461.825,461.136,364.253,245.183 | -0.281,0.072,0.001,0.000
cam1 intrinsics = 459.499,458.896,377.184,252.044 | -0.279,0.070,0.001,-0.000
cam0 extrinsics = -0.003,0.009,0.702,0.712 | 0.066,-0.011,0.007
cam1 extrinsics = 0.001,0.013,0.702,0.712 | -0.045,-0.011,0.006
q_GtoI = 0.616,-0.528,0.462,0.357 | p_IinG = 2.086,1.015,-0.711 | dist = 86.20 (meters)
bg = -0.0032,0.0240,0.0778 | ba = -0.0309,0.2151,0.0576
camera-imu timeoffset = 0.00008
cam0 intrinsics = 461.827,461.140,364.252,245.179 | -0.281,0.072,0.001,0.000
cam1 intrinsics = 459.501,458.899,377.184,252.040 | -0.279,0.070,0.001,-0.000
cam0 extrinsics = -0.003,0.009,0.702,0.712 | 0.066,-0.011,0.007
cam1 extrinsics = 0.001,0.013,0.702,0.712 | -0.045,-0.011,0.006
q_GtoI = 0.616,-0.527,0.458,0.365 | p_IinG = 2.095,1.012,-0.755 | dist = 86.24 (meters)
bg = -0.0027,0.0237,0.0776 | ba = -0.0245,0.2136,0.0640
camera-imu timeoffset = 0.00008
cam0 intrinsics = 461.829,461.146,364.250,245.173 | -0.281,0.072,0.001,0.000
cam1 intrinsics = 459.503,458.904,377.183,252.035 | -0.279,0.070,0.001,-0.000
cam0 extrinsics = -0.003,0.009,0.702,0.712 | 0.066,-0.011,0.007
cam1 extrinsics = 0.001,0.013,0.702,0.712 | -0.045,-0.011,0.006
q_GtoI = 0.609,-0.522,0.466,0.372 | p_IinG = 2.097,1.016,-0.738 | dist = 86.26 (meters)
bg = -0.0025,0.0238,0.0775 | ba = -0.0227,0.2143,0.0641
camera-imu timeoffset = 0.00008
cam0 intrinsics = 461.828,461.146,364.251,245.171 | -0.281,0.072,0.001,0.000
cam1 intrinsics = 459.503,458.904,377.184,252.033 | -0.279,0.070,0.001,-0.000
cam0 extrinsics = -0.003,0.009,0.702,0.712 | 0.066,-0.011,0.007
cam1 extrinsics = 0.001,0.013,0.702,0.712 | -0.045,-0.011,0.006
q_GtoI = 0.614,-0.533,0.463,0.352 | p_IinG = 2.095,1.020,-0.750 | dist = 86.27 (meters)
bg = -0.0023,0.0238,0.0773 | ba = -0.0216,0.2140,0.0643
camera-imu timeoffset = 0.00008
cam0 intrinsics = 461.827,461.145,364.250,245.172 | -0.281,0.072,0.001,0.000
cam1 intrinsics = 459.501,458.902,377.183,252.034 | -0.279,0.070,0.001,-0.000
cam0 extrinsics = -0.003,0.009,0.702,0.712 | 0.066,-0.011,0.007
cam1 extrinsics = 0.001,0.013,0.702,0.712 | -0.045,-0.011,0.006
q_GtoI = 0.614,-0.515,0.467,0.374 | p_IinG = 2.101,1.021,-0.748 | dist = 86.27 (meters)
bg = -0.0022,0.0238,0.0774 | ba = -0.0205,0.2153,0.0642
camera-imu timeoffset = 0.00008
cam0 intrinsics = 461.825,461.143,364.250,245.175 | -0.281,0.072,0.001,0.000
cam1 intrinsics = 459.499,458.901,377.184,252.037 | -0.279,0.070,0.001,-0.000
cam0 extrinsics = -0.003,0.009,0.702,0.712 | 0.066,-0.011,0.007
cam1 extrinsics = 0.001,0.013,0.702,0.712 | -0.045,-0.011,0.006
q_GtoI = 0.615,-0.517,0.465,0.372 | p_IinG = 2.098,1.017,-0.751 | dist = 86.28 (meters)
bg = -0.0022,0.0238,0.0774 | ba = -0.0205,0.2153,0.0642
camera-imu timeoffset = 0.00008
cam0 intrinsics = 461.825,461.143,364.250,245.175 | -0.281,0.072,0.001,0.000
cam1 intrinsics = 459.499,458.901,377.184,252.037 | -0.279,0.070,0.001,-0.000
cam0 extrinsics = -0.003,0.009,0.702,0.712 | 0.066,-0.011,0.007
cam1 extrinsics = 0.001,0.013,0.702,0.712 | -0.045,-0.011,0.006
q_GtoI = 0.618,-0.516,0.461,0.373 | p_IinG = 2.098,1.012,-0.749 | dist = 86.29 (meters)
bg = -0.0023,0.0238,0.0774 | ba = -0.0199,0.2154,0.0641
camera-imu timeoffset = 0.00008
cam0 intrinsics = 461.825,461.143,364.250,245.175 | -0.281,0.072,0.001,0.000
cam1 intrinsics = 459.499,458.901,377.184,252.037 | -0.279,0.070,0.001,-0.000
cam0 extrinsics = -0.003,0.009,0.702,0.712 | 0.066,-0.011,0.007
cam1 extrinsics = 0.001,0.013,0.702,0.712 | -0.045,-0.011,0.006
q_GtoI = 0.616,-0.515,0.464,0.374 | p_IinG = 2.097,1.009,-0.748 | dist = 86.29 (meters)
bg = -0.0023,0.0238,0.0774 | ba = -0.0199,0.2154,0.0641
camera-imu timeoffset = 0.00008
cam0 intrinsics = 461.825,461.143,364.250,245.175 | -0.281,0.072,0.001,0.000
cam1 intrinsics = 459.499,458.901,377.184,252.037 | -0.279,0.070,0.001,-0.000
cam0 extrinsics = -0.003,0.009,0.702,0.712 | 0.066,-0.011,0.007
cam1 extrinsics = 0.001,0.013,0.702,0.712 | -0.045,-0.011,0.006
q_GtoI = 0.617,-0.517,0.463,0.372 | p_IinG = 2.095,1.004,-0.747 | dist = 86.29 (meters)
bg = -0.0023,0.0238,0.0774 | ba = -0.0199,0.2154,0.0641
camera-imu timeoffset = 0.00008
cam0 intrinsics = 461.825,461.143,364.250,245.175 | -0.281,0.072,0.001,0.000
cam1 intrinsics = 459.499,458.901,377.184,252.037 | -0.279,0.070,0.001,-0.000
cam0 extrinsics = -0.003,0.009,0.702,0.712 | 0.066,-0.011,0.007
cam1 extrinsics = 0.001,0.013,0.702,0.712 | -0.045,-0.011,0.006
q_GtoI = 0.616,-0.516,0.464,0.373 | p_IinG = 2.094,1.000,-0.745 | dist = 86.30 (meters)
bg = -0.0023,0.0238,0.0774 | ba = -0.0199,0.2154,0.0641
camera-imu timeoffset = 0.00008
cam0 intrinsics = 461.825,461.143,364.250,245.175 | -0.281,0.072,0.001,0.000
cam1 intrinsics = 459.499,458.901,377.184,252.037 | -0.279,0.070,0.001,-0.000
cam0 extrinsics = -0.003,0.009,0.702,0.712 | 0.066,-0.011,0.007
cam1 extrinsics = 0.001,0.013,0.702,0.712 | -0.045,-0.011,0.006
q_GtoI = 0.616,-0.516,0.463,0.373 | p_IinG = 2.091,0.996,-0.758 | dist = 86.30 (meters)
bg = -0.0022,0.0238,0.0777 | ba = -0.0130,0.2162,0.0605
camera-imu timeoffset = 0.00008
cam0 intrinsics = 461.827,461.146,364.241,245.181 | -0.281,0.072,0.001,0.000
cam1 intrinsics = 459.501,458.904,377.174,252.044 | -0.279,0.070,0.001,-0.000
cam0 extrinsics = -0.003,0.009,0.702,0.712 | 0.066,-0.011,0.007
cam1 extrinsics = 0.001,0.013,0.702,0.712 | -0.045,-0.011,0.006
q_GtoI = 0.616,-0.516,0.464,0.373 | p_IinG = 2.089,0.990,-0.758 | dist = 86.31 (meters)
bg = -0.0022,0.0239,0.0777 | ba = -0.0126,0.2162,0.0600
camera-imu timeoffset = 0.00008
cam0 intrinsics = 461.827,461.146,364.241,245.181 | -0.281,0.072,0.001,0.000
cam1 intrinsics = 459.501,458.904,377.174,252.043 | -0.279,0.070,0.001,-0.000
cam0 extrinsics = -0.003,0.009,0.702,0.712 | 0.066,-0.011,0.007
cam1 extrinsics = 0.001,0.013,0.702,0.712 | -0.045,-0.011,0.006
q_GtoI = 0.616,-0.516,0.464,0.373 | p_IinG = 2.087,0.984,-0.758 | dist = 86.32 (meters)
bg = -0.0021,0.0239,0.0778 | ba = -0.0116,0.2163,0.0597
camera-imu timeoffset = 0.00008
cam0 intrinsics = 461.827,461.146,364.241,245.181 | -0.281,0.072,0.001,0.000
cam1 intrinsics = 459.501,458.904,377.174,252.043 | -0.279,0.070,0.001,-0.000
cam0 extrinsics = -0.003,0.009,0.702,0.712 | 0.066,-0.011,0.007
cam1 extrinsics = 0.001,0.013,0.702,0.712 | -0.045,-0.011,0.006
q_GtoI = 0.616,-0.517,0.463,0.372 | p_IinG = 2.086,0.979,-0.759 | dist = 86.32 (meters)
bg = -0.0021,0.0239,0.0778 | ba = -0.0108,0.2164,0.0596
camera-imu timeoffset = 0.00008
cam0 intrinsics = 461.827,461.146,364.241,245.181 | -0.281,0.072,0.001,0.000
cam1 intrinsics = 459.501,458.904,377.174,252.043 | -0.279,0.070,0.001,-0.000
cam0 extrinsics = -0.003,0.009,0.702,0.712 | 0.066,-0.011,0.007
cam1 extrinsics = 0.001,0.013,0.702,0.712 | -0.045,-0.011,0.006
q_GtoI = 0.616,-0.515,0.464,0.374 | p_IinG = 2.097,1.026,-0.758 | dist = 86.32 (meters)
bg = -0.0024,0.0231,0.0787 | ba = -0.0073,0.2147,0.0705
camera-imu timeoffset = 0.00008
cam0 intrinsics = 461.823,461.145,364.236,245.188 | -0.281,0.072,0.001,0.000
cam1 intrinsics = 459.500,458.904,377.167,252.050 | -0.279,0.070,0.001,-0.000
cam0 extrinsics = -0.003,0.009,0.702,0.712 | 0.066,-0.011,0.007
cam1 extrinsics = 0.001,0.013,0.702,0.712 | -0.045,-0.011,0.006
q_GtoI = 0.616,-0.515,0.464,0.374 | p_IinG = 2.097,1.026,-0.757 | dist = 86.32 (meters)
bg = -0.0024,0.0232,0.0788 | ba = -0.0080,0.2147,0.0704
camera-imu timeoffset = 0.00008
cam0 intrinsics = 461.823,461.144,364.236,245.190 | -0.281,0.072,0.001,0.000
cam1 intrinsics = 459.500,458.904,377.167,252.052 | -0.279,0.070,0.001,-0.000
cam0 extrinsics = -0.003,0.009,0.702,0.712 | 0.066,-0.011,0.007
cam1 extrinsics = 0.001,0.013,0.702,0.712 | -0.045,-0.011,0.006
q_GtoI = 0.616,-0.515,0.464,0.374 | p_IinG = 2.097,1.026,-0.757 | dist = 86.32 (meters)
bg = -0.0023,0.0233,0.0789 | ba = -0.0074,0.2145,0.0700
camera-imu timeoffset = 0.00008
cam0 intrinsics = 461.823,461.144,364.237,245.190 | -0.281,0.072,0.001,0.000
cam1 intrinsics = 459.500,458.904,377.167,252.052 | -0.279,0.070,0.001,-0.000
cam0 extrinsics = -0.003,0.009,0.702,0.712 | 0.066,-0.011,0.007
cam1 extrinsics = 0.001,0.013,0.702,0.712 | -0.045,-0.011,0.006
q_GtoI = 0.616,-0.515,0.464,0.374 | p_IinG = 2.097,1.027,-0.757 | dist = 86.32 (meters)
bg = -0.0023,0.0233,0.0789 | ba = -0.0066,0.2144,0.0696
camera-imu timeoffset = 0.00008
cam0 intrinsics = 461.822,461.144,364.237,245.190 | -0.281,0.072,0.001,0.000
cam1 intrinsics = 459.500,458.904,377.167,252.052 | -0.279,0.070,0.001,-0.000
cam0 extrinsics = -0.003,0.009,0.702,0.712 | 0.066,-0.011,0.007
cam1 extrinsics = 0.001,0.013,0.702,0.712 | -0.045,-0.011,0.006
q_GtoI = 0.616,-0.515,0.464,0.374 | p_IinG = 2.098,1.027,-0.757 | dist = 86.33 (meters)
bg = -0.0022,0.0234,0.0790 | ba = -0.0058,0.2141,0.0691
camera-imu timeoffset = 0.00008
cam0 intrinsics = 461.822,461.144,364.237,245.191 | -0.281,0.072,0.001,0.000
cam1 intrinsics = 459.500,458.904,377.166,252.053 | -0.279,0.070,0.001,-0.000
cam0 extrinsics = -0.003,0.009,0.702,0.712 | 0.066,-0.011,0.007
cam1 extrinsics = 0.001,0.013,0.702,0.712 | -0.045,-0.011,0.006
q_GtoI = 0.616,-0.515,0.464,0.374 | p_IinG = 2.098,1.027,-0.757 | dist = 86.33 (meters)
bg = -0.0022,0.0235,0.0790 | ba = -0.0050,0.2138,0.0687
camera-imu timeoffset = 0.00008
cam0 intrinsics = 461.822,461.143,364.237,245.192 | -0.281,0.072,0.001,0.000
cam1 intrinsics = 459.500,458.904,377.166,252.053 | -0.279,0.070,0.001,-0.000
cam0 extrinsics = -0.003,0.009,0.702,0.712 | 0.066,-0.011,0.007
cam1 extrinsics = 0.001,0.013,0.702,0.712 | -0.045,-0.011,0.006
[33mUnable to find 1413394997.805761 timestamp in GT file, wrong GT file loaded???
[0mq_GtoI = 0.616,-0.515,0.464,0.374 | p_IinG = 2.098,1.027,-0.757 | dist = 86.33 (meters)
bg = -0.0022,0.0235,0.0791 | ba = -0.0045,0.2134,0.0682
camera-imu timeoffset = 0.00008
cam0 intrinsics = 461.821,461.143,364.237,245.192 | -0.281,0.072,0.001,0.000
cam1 intrinsics = 459.500,458.904,377.166,252.054 | -0.279,0.070,0.001,-0.000
cam0 extrinsics = -0.003,0.009,0.702,0.712 | 0.066,-0.011,0.007
cam1 extrinsics = 0.001,0.013,0.702,0.712 | -0.045,-0.011,0.006
[33mUnable to find 1413394997.905761 timestamp in GT file, wrong GT file loaded???
[0mq_GtoI = 0.616,-0.515,0.464,0.374 | p_IinG = 2.098,1.027,-0.757 | dist = 86.33 (meters)
bg = -0.0022,0.0236,0.0792 | ba = -0.0038,0.2131,0.0677
camera-imu timeoffset = 0.00008
cam0 intrinsics = 461.821,461.143,364.237,245.192 | -0.281,0.072,0.001,0.000
cam1 intrinsics = 459.500,458.904,377.166,252.054 | -0.279,0.070,0.001,-0.000
cam0 extrinsics = -0.003,0.009,0.702,0.712 | 0.066,-0.011,0.007
cam1 extrinsics = 0.001,0.013,0.702,0.712 | -0.045,-0.011,0.006
[33mUnable to find 1413394998.005761 timestamp in GT file, wrong GT file loaded???
[0mq_GtoI = 0.616,-0.515,0.464,0.374 | p_IinG = 2.098,1.027,-0.757 | dist = 86.33 (meters)
bg = -0.0022,0.0236,0.0792 | ba = -0.0032,0.2127,0.0673
camera-imu timeoffset = 0.00008
cam0 intrinsics = 461.821,461.143,364.237,245.192 | -0.281,0.072,0.001,0.000
cam1 intrinsics = 459.500,458.904,377.166,252.054 | -0.279,0.070,0.001,-0.000
cam0 extrinsics = -0.003,0.009,0.702,0.712 | 0.066,-0.011,0.007
cam1 extrinsics = 0.001,0.013,0.702,0.712 | -0.045,-0.011,0.006
[33mUnable to find 1413394998.105761 timestamp in GT file, wrong GT file loaded???
[0mq_GtoI = 0.616,-0.515,0.464,0.374 | p_IinG = 2.098,1.026,-0.757 | dist = 86.33 (meters)
bg = -0.0022,0.0237,0.0791 | ba = -0.0031,0.2122,0.0672
camera-imu timeoffset = 0.00008
cam0 intrinsics = 461.820,461.143,364.235,245.178 | -0.281,0.072,0.001,0.000
cam1 intrinsics = 459.505,458.906,377.173,252.044 | -0.279,0.070,0.001,-0.000
cam0 extrinsics = -0.003,0.009,0.702,0.712 | 0.066,-0.011,0.007
cam1 extrinsics = 0.001,0.013,0.702,0.712 | -0.045,-0.011,0.006
[33mUnable to find 1413394998.205761 timestamp in GT file, wrong GT file loaded???
[0mq_GtoI = 0.616,-0.515,0.464,0.374 | p_IinG = 2.097,1.026,-0.757 | dist = 86.33 (meters)
bg = -0.0022,0.0237,0.0792 | ba = -0.0032,0.2117,0.0672
camera-imu timeoffset = 0.00008
cam0 intrinsics = 461.820,461.143,364.235,245.177 | -0.281,0.072,0.001,0.000
cam1 intrinsics = 459.505,458.907,377.173,252.043 | -0.279,0.070,0.001,-0.000
cam0 extrinsics = -0.003,0.009,0.702,0.712 | 0.066,-0.011,0.007
cam1 extrinsics = 0.001,0.013,0.702,0.712 | -0.045,-0.011,0.006
[33mUnable to find 1413394998.305761 timestamp in GT file, wrong GT file loaded???
[0m[conformal] live Net-A batches=1619 predictions=9622
[conformal] Stage-1 dump complete: /data/conformal_dumps/stage3_online_all11/runs/V2_03_difficult_learned.h5 frames=1800 stereo_pairs=1921 unmatched_left=1 unmatched_right=415
