# timestamp(s) tx ty tz qx qy qz qw Pr11 Pr12 Pr13 Pr22 Pr23 Pr33 Pt11 Pt12 Pt13 Pt22 Pt23 Pt33
1413393890.04840 0.103393 0.026389 0.165132 0.827501 0.027400 0.559898 0.031698 0.0005221268 0.0000350934 -0.0001435470 0.0001753200 -0.0000009093 0.0002208857 0.0033710219 0.0002899251 0.0000212054 0.0028617574 -0.0000232267 0.0028611432
1413393890.10595 0.074275 0.018315 0.235298 0.823173 0.014841 0.566406 0.036753 0.0003668899 0.0000230846 -0.0001273886 0.0000352090 -0.0000050064 0.0000867068 0.0026954946 0.0000410736 -0.0000552434 0.0025957427 -0.0000172073 0.0027370557
1413393890.15596 0.086443 0.028088 0.268492 0.819499 0.011292 0.572106 0.031449 0.0003710831 0.0000182954 -0.0001209148 0.0000361740 -0.0000048794 0.0000772708 0.0026928727 0.0000439681 -0.0000493838 0.0025896033 -0.0000210207 0.0027647628
1413393890.20616 0.091835 0.039522 0.296334 0.817396 0.007266 0.575381 0.027329 0.0003731694 0.0000145978 -0.0001188542 0.0000370646 -0.0000041929 0.0000718488 0.0026852555 0.0000423710 -0.0000458834 0.0025901380 -0.0000211720 0.0027812727
1413393890.25626 0.098945 0.051311 0.314682 0.815164 0.003844 0.578720 0.023990 0.0003745019 0.0000118509 -0.0001180369 0.0000371533 -0.0000032221 0.0000671814 0.0026814031 0.0000427678 -0.0000487007 0.0025937465 -0.0000234454 0.0027955233
1413393890.30662 0.100629 0.060449 0.328175 0.814133 0.000765 0.580316 0.020499 0.0003747838 0.0000098897 -0.0001180135 0.0000358369 -0.0000021889 0.0000627261 0.0026741691 0.0000409924 -0.0000555060 0.0025955028 -0.0000258996 0.0027938671
1413393890.35677 0.106340 0.072687 0.329355 0.813166 -0.002344 0.581757 0.017720 0.0003743574 0.0000084437 -0.0001191239 0.0000330354 -0.0000017939 0.0000590310 0.0026692951 0.0000412939 -0.0000626768 0.0025978962 -0.0000277346 0.0027808024
1413393890.40681 0.107759 0.082408 0.326238 0.812148 -0.004880 0.583253 0.014432 0.0003741244 0.0000061179 -0.0001189739 0.0000291340 -0.0000017048 0.0000550196 0.0026604719 0.0000363634 -0.0000662687 0.0025960072 -0.0000286706 0.0027493373
1413393890.45641 0.114764 0.095492 0.317112 0.809287 -0.007661 0.587244 0.011835 0.0003739321 0.0000043987 -0.0001163670 0.0000226030 -0.0000014445 0.0000497429 0.0026486572 0.0000271258 -0.0000591761 0.0025861600 -0.0000196027 0.0026989468
1413393890.50618 0.124153 0.107159 0.314484 0.804385 -0.009419 0.593966 0.008913 0.0003774449 0.0000018867 -0.0001107338 0.0000180091 -0.0000003526 0.0000433464 0.0026463126 0.0000267634 -0.0000562016 0.0025864230 -0.0000192231 0.0026740547
1413393890.55590 0.142026 0.115047 0.296192 0.796230 -0.010717 0.604880 0.004688 0.0003787804 -0.0000007399 -0.0001037528 0.0000108858 0.0000005621 0.0000366084 0.0026192848 0.0000187392 -0.0000354620 0.0025729980 -0.0000175333 0.0026119377
1413393890.60606 0.151774 0.125909 0.291105 0.790268 -0.011009 0.612645 0.004593 0.0003820876 -0.0000020819 -0.0000956620 0.0000083636 0.0000010004 0.0000307573 0.0026004278 0.0000154143 -0.0000210463 0.0025701678 -0.0000137843 0.0025910749
1413393890.65632 0.159069 0.136247 0.291599 0.789359 -0.010117 0.613823 0.005702 0.0003825180 -0.0000014521 -0.0000941895 0.0000075916 0.0000007267 0.0000295090 0.0025956899 0.0000140192 -0.0000166428 0.0025704900 -0.0000130161 0.0025872034
1413393890.70657 0.164829 0.145479 0.291846 0.792222 -0.009607 0.610118 0.006909 0.0003795056 -0.0000003207 -0.0000975864 0.0000061444 0.0000002864 0.0000308239 0.0025871299 0.0000100697 -0.0000111658 0.0025663545 -0.0000091113 0.0025745788
1413393890.75669 0.168062 0.155688 0.293690 0.796127 -0.008128 0.605020 0.008142 0.0003762540 0.0000010582 -0.0001021025 0.0000056273 -0.0000001704 0.0000332501 0.0025845508 0.0000080260 -0.0000092990 0.0025649666 -0.0000073953 0.0025699757
1413393890.80674 0.169808 0.167082 0.297234 0.800306 -0.007262 0.599484 0.008710 0.0003729118 0.0000017264 -0.0001066620 0.0000054295 -0.0000004448 0.0000359991 0.0025838161 0.0000063663 -0.0000083617 0.0025642546 -0.0000067320 0.0025688567
1413393890.85671 0.170316 0.176710 0.302481 0.803814 -0.006102 0.594770 0.009679 0.0003695622 0.0000029796 -0.0001105037 0.0000052497 -0.0000008892 0.0000384319 0.0025819057 0.0000040443 -0.0000067591 0.0025619338 -0.0000052928 0.0025669123
1413393890.90673 0.171250 0.188335 0.307579 0.806240 -0.005745 0.591478 0.009883 0.0003673159 0.0000032201 -0.0001132720 0.0000051595 -0.0000010028 0.0000402735 0.0025811864 0.0000026304 -0.0000060077 0.0025612150 -0.0000048387 0.0025658057
1413393890.95671 0.171960 0.199954 0.313652 0.807993 -0.004785 0.589071 0.010947 0.0003656049 0.0000043313 -0.0001152307 0.0000051001 -0.0000013845 0.0000416043 0.0025807650 0.0000010937 -0.0000053795 0.0025605683 -0.0000044917 0.0025644753
1413393891.00671 0.172587 0.211623 0.320605 0.809390 -0.004208 0.587143 0.011556 0.0003642506 0.0000049973 -0.0001167529 0.0000050414 -0.0000016184 0.0000426534 0.0025804067 -0.0000003059 -0.0000048722 0.0025600859 -0.0000042442 0.0025630176
1413393891.05668 0.173045 0.223773 0.328437 0.810322 -0.003098 0.585847 0.012323 0.0003632719 0.0000060620 -0.0001178147 0.0000050155 -0.0000019809 0.0000433909 0.0025801599 -0.0000015840 -0.0000045296 0.0025595348 -0.0000040694 0.0025612554
1413393891.10663 0.173864 0.236023 0.337393 0.810035 -0.003063 0.586248 0.012128 0.0003633673 0.0000059619 -0.0001175358 0.0000049666 -0.0000019398 0.0000431398 0.0025800046 -0.0000027925 -0.0000043555 0.0025590826 -0.0000040332 0.0025594242
1413393891.15663 0.173883 0.248494 0.345586 0.810469 -0.003273 0.585670 0.010989 0.0003629324 0.0000052383 -0.0001180423 0.0000048982 -0.0000017083 0.0000434681 0.0025798847 -0.0000039892 -0.0000041972 0.0025586272 -0.0000038861 0.0025572295
1413393891.20662 0.172855 0.260718 0.352266 0.810059 -0.003162 0.586246 0.010505 0.0003632126 0.0000050245 -0.0001175959 0.0000048469 -0.0000016271 0.0000431041 0.0025800562 -0.0000050616 -0.0000040068 0.0025581824 -0.0000037198 0.0025548428
1413393891.25660 0.170173 0.273161 0.353757 0.808970 -0.003419 0.587760 0.009695 0.0003640764 0.0000044370 -0.0001164029 0.0000047881 -0.0000014155 0.0000421991 0.0025803788 -0.0000058969 -0.0000036921 0.0025576170 -0.0000034796 0.0025524500
1413393891.30677 0.168802 0.284808 0.352849 0.804004 -0.003034 0.594540 0.009535 0.0003678862 0.0000044599 -0.0001109333 0.0000047240 -0.0000013351 0.0000383457 0.0025805189 -0.0000065801 -0.0000027809 0.0025568118 -0.0000031574 0.0025501349
1413393891.35692 0.167893 0.296500 0.349864 0.790764 -0.002554 0.612051 0.008941 0.0003769492 0.0000043163 -0.0000961408 0.0000046613 -0.0000010862 0.0000292722 0.0025805468 -0.0000073491 -0.0000011491 0.0025558289 -0.0000025124 0.0025476443
1413393891.40690 0.168646 0.310094 0.344451 0.772083 -0.002732 0.635479 0.006917 0.0003871374 0.0000028271 -0.0000748497 0.0000045953 -0.0000005287 0.0000190872 0.0025799706 -0.0000079390 0.0000006571 0.0025546943 -0.0000015548 0.0025445789
1413393891.45680 0.162316 0.325480 0.335661 0.752752 -0.002849 0.658287 0.003820 0.0003947541 0.0000008669 -0.0000523875 0.0000045521 -0.0000000938 0.0000114746 0.0025807477 -0.0000086419 0.0000016706 0.0025540042 -0.0000008674 0.0025415590
1413393891.50667 0.149742 0.339561 0.327387 0.737625 -0.003109 0.675199 0.002365 0.0003987221 -0.0000002316 -0.0000348024 0.0000045385 0.0000000390 0.0000075187 0.0025830408 -0.0000080898 0.0000021012 0.0025528492 -0.0000005255 0.0025394354
1413393891.55653 0.131806 0.353568 0.319987 0.728454 -0.003018 0.685088 0.000136 0.0004003240 -0.0000014952 -0.0000241698 0.0000045322 0.0000001059 0.0000059263 0.0025857658 -0.0000062339 0.0000023560 0.0025513775 -0.0000003449 0.0025379016
1413393891.60634 0.106112 0.366655 0.313773 0.725079 -0.001116 0.688659 0.002795 0.0004007709 0.0000010553 -0.0000203248 0.0000045141 -0.0000000445 0.0000054927 0.0025888279 -0.0000032893 0.0000026046 0.0025496936 -0.0000003534 0.0025371011
1413393891.65619 0.075955 0.383207 0.309643 0.724563 -0.001552 0.689203 0.002288 0.0004007996 0.0000004280 -0.0000197551 0.0000044821 -0.0000000149 0.0000054346 0.0025920706 0.0000010641 0.0000028957 0.0025477102 -0.0000002630 0.0025362470
1413393891.70611 0.037885 0.397345 0.308902 0.724646 -0.000980 0.689114 0.002884 0.0004007877 0.0000011239 -0.0000200255 0.0000044313 -0.0000000539 0.0000054649 0.0025969440 0.0000065977 0.0000030469 0.0025468691 -0.0000002689 0.0025354405
1413393891.75600 -0.006347 0.411947 0.309650 0.725361 -0.000560 0.688362 0.002778 0.0004007008 0.0000012581 -0.0000210291 0.0000043618 -0.0000000687 0.0000055719 0.0026013366 0.0000137323 0.0000031491 0.0025471691 -0.0000002979 0.0025347309
1413393891.80594 -0.056259 0.426713 0.312675 0.726955 -0.000304 0.686676 0.003626 0.0004005016 0.0000018547 -0.0000228581 0.0000042907 -0.0000001123 0.0000057785 0.0026060595 0.0000224711 0.0000031585 0.0025492819 -0.0000003231 0.0025339478
1413393891.85591 -0.112446 0.442223 0.316859 0.730915 0.000016 0.682454 0.004439 0.0003999061 0.0000024718 -0.0000274829 0.0000042170 -0.0000001784 0.0000063729 0.0026111585 0.0000329119 0.0000030637 0.0025539403 -0.0000003615 0.0025330998
1413393891.90584 -0.174365 0.458400 0.320928 0.739411 0.000124 0.673233 0.005325 0.0003982764 0.0000030240 -0.0000372770 0.0000041680 -0.0000002956 0.0000079930 0.0026167013 0.0000449645 0.0000030142 0.0025618551 -0.0000004342 0.0025327220
1413393891.95581 -0.241023 0.475539 0.325986 0.752276 0.000030 0.658821 0.005900 0.0003947774 0.0000032597 -0.0000521625 0.0000041237 -0.0000004484 0.0000114298 0.0026224769 0.0000584006 0.0000029405 0.0025730880 -0.0000005532 0.0025323497
1413393892.00580 -0.312495 0.491674 0.331323 0.768115 -0.000295 0.640281 0.006281 0.0003887554 0.0000034528 -0.0000705053 0.0000040857 -0.0000006522 0.0000173784 0.0026288013 0.0000735263 0.0000027760 0.0025889214 -0.0000007824 0.0025319379
1413393892.05582 -0.385761 0.509149 0.337476 0.782612 -0.000380 0.622468 0.007165 0.0003815534 0.0000039607 -0.0000870665 0.0000040603 -0.0000009304 0.0000245347 0.0026353036 0.0000904317 0.0000027022 0.0026104361 -0.0000011186 0.0025316440
1413393892.10589 -0.461856 0.525275 0.346015 0.793844 -0.000699 0.608069 0.007980 0.0003746473 0.0000044147 -0.0000999340 0.0000040339 -0.0000012122 0.0000313932 0.0026425152 0.0001084264 0.0000027293 0.0026363404 -0.0000013728 0.0025314232
1413393892.15588 -0.538251 0.540978 0.354559 0.802259 -0.000760 0.596900 0.009504 0.0003689160 0.0000053503 -0.0001091163 0.0000040217 -0.0000016236 0.0000370735 0.0026495732 0.0001276860 0.0000027838 0.0026677998 -0.0000017197 0.0025313008
1413393892.20583 -0.614329 0.556884 0.363407 0.807968 -0.000911 0.589132 0.010534 0.0003646259 0.0000059405 -0.0001153281 0.0000040128 -0.0000019238 0.0000413262 0.0026568915 0.0001477884 0.0000028068 0.0027038252 -0.0000021350 0.0025312462
1413393892.25579 -0.690243 0.572886 0.371202 0.811388 -0.000751 0.584370 0.012670 0.0003618097 0.0000073191 -0.0001190907 0.0000040430 -0.0000024631 0.0000440793 0.0026645790 0.0001686853 0.0000028848 0.0027441397 -0.0000025359 0.0025313134
1413393892.30576 -0.764490 0.589664 0.377334 0.813228 -0.001877 0.581791 0.013235 0.0003602989 0.0000071437 -0.0001210777 0.0000040203 -0.0000024569 0.0000455839 0.0026725999 0.0001902723 0.0000029585 0.0027883535 -0.0000029425 0.0025314516
1413393892.35574 -0.836824 0.606837 0.381456 0.815655 -0.002482 0.578357 0.014290 0.0003582124 0.0000075237 -0.0001237103 0.0000040271 -0.0000026594 0.0000476438 0.0026813100 0.0002125858 0.0000030304 0.0028357338 -0.0000033526 0.0025316588
1413393892.40567 -0.908643 0.624052 0.381314 0.817968 -0.003360 0.575061 0.014871 0.0003562406 0.0000075177 -0.0001261317 0.0000040135 -0.0000027248 0.0000496005 0.0026903555 0.0002355169 0.0000028683 0.0028860729 -0.0000038892 0.0025316190
1413393892.45563 -0.979055 0.640926 0.378869 0.819719 -0.004141 0.572534 0.015768 0.0003546233 0.0000077370 -0.0001280644 0.0000040183 -0.0000028620 0.0000512088 0.0027000719 0.0002593884 0.0000030044 0.0029401677 -0.0000042296 0.0025319864
1413393892.50561 -1.048307 0.657757 0.373884 0.820616 -0.004277 0.571202 0.017293 0.0003537339 0.0000086259 -0.0001290592 0.0000040564 -0.0000032233 0.0000520569 0.0027100966 0.0002837304 0.0000031688 0.0029968948 -0.0000045344 0.0025324228
1413393892.55560 -1.115566 0.676810 0.365378 0.822170 -0.005735 0.568944 0.017501 0.0003523077 0.0000081143 -0.0001307177 0.0000040301 -0.0000030890 0.0000534868 0.0027205010 0.0003086293 0.0000033479 0.0030558971 -0.0000047381 0.0025329179
1413393892.60561 -1.181424 0.696660 0.354782 0.824648 -0.006394 0.565314 0.018282 0.0003499116 0.0000083109 -0.0001333537 0.0000040406 -0.0000032521 0.0000558382 0.0027320870 0.0003346659 0.0000033896 0.0031168582 -0.0000050932 0.0025334704
1413393892.65562 -1.246890 0.715348 0.341119 0.828736 -0.006837 0.559274 0.019049 0.0003459012 0.0000086638 -0.0001376248 0.0000040606 -0.0000035391 0.0000598300 0.0027449729 0.0003620017 0.0000035655 0.0031797717 -0.0000052424 0.0025341122
1413393892.70564 -1.311181 0.732677 0.325539 0.834597 -0.007140 0.550440 0.020335 0.0003397935 0.0000094204 -0.0001435976 0.0000040947 -0.0000040868 0.0000658420 0.0027568091 0.0003889489 0.0000036060 0.0032441486 -0.0000054070 0.0025345595
1413393892.75564 -1.371478 0.752503 0.311940 0.841969 -0.007588 0.539076 0.020662 0.0003319210 0.0000094102 -0.0001507109 0.0000040982 -0.0000043862 0.0000737123 0.0027688184 0.0004160586 0.0000038950 0.0033114337 -0.0000055492 0.0025353028
1413393892.80564 -1.428832 0.772863 0.298688 0.849724 -0.007047 0.526725 0.021909 0.0003228316 0.0000104296 -0.0001579485 0.0000041599 -0.0000052329 0.0000827062 0.0027824803 0.0004437347 0.0000042347 0.0033756786 -0.0000056578 0.0025359599
1413393892.85564 -1.480229 0.794002 0.286667 0.856162 -0.007486 0.516148 0.022848 0.0003148393 0.0000108618 -0.0001636289 0.0000041697 -0.0000057902 0.0000906056 0.0027962566 0.0004710024 0.0000045757 0.0034372417 -0.0000056061 0.0025362871
1413393892.90563 -1.525756 0.815953 0.277677 0.862476 -0.007697 0.505523 0.022864 0.0003067238 0.0000107569 -0.0001688750 0.0000041463 -0.0000060776 0.0000986909 0.0028113306 0.0004977491 0.0000048252 0.0034933487 -0.0000056210 0.0025367528
1413393892.95562 -1.559913 0.846526 0.272644 0.867958 -0.007807 0.496026 0.023387 0.0002993393 0.0000109021 -0.0001731088 0.0000041063 -0.0000064783 0.0001059593 0.0028263921 0.0005226053 0.0000047010 0.0035413144 -0.0000059259 0.0025368562
1413393893.00564 -1.591215 0.865840 0.272040 0.872407 -0.006877 0.488134 0.024173 0.0002931756 0.0000117956 -0.0001763020 0.0000040757 -0.0000072975 0.0001119908 0.0028455340 0.0005509601 0.0000037034 0.0035758902 -0.0000057094 0.0025362844
1413393893.05565 -1.617770 0.888001 0.269014 0.874602 -0.006004 0.484211 0.023953 0.0002895503 0.0000119264 -0.0001780957 0.0000040481 -0.0000075511 0.0001155926 0.0028603041 0.0005716988 0.0000035092 0.0036078588 -0.0000055187 0.0025364696
1413393893.10566 -1.638111 0.909801 0.267792 0.875487 -0.005482 0.482641 0.023442 0.0002882780 0.0000117972 -0.0001787103 0.0000039913 -0.0000075363 0.0001168678 0.0028771307 0.0005929744 0.0000031845 0.0036335408 -0.0000052499 0.0025366748
1413393893.15569 -1.651778 0.932055 0.268660 0.873956 -0.005214 0.485458 0.022465 0.0002905578 0.0000113256 -0.0001776238 0.0000039007 -0.0000071467 0.0001146232 0.0028938494 0.0006122709 0.0000027479 0.0036513910 -0.0000049264 0.0025368491
1413393893.20569 -1.655237 0.953323 0.275867 0.871242 -0.003586 0.490314 0.022740 0.0002947519 0.0000120549 -0.0001754134 0.0000037729 -0.0000074174 0.0001103407 0.0029026117 0.0006343871 0.0000003557 0.0036573281 -0.0000034998 0.0025357948
1413393893.25569 -1.656153 0.976033 0.279348 0.868188 -0.003486 0.495722 0.022324 0.0002986547 0.0000119362 -0.0001733070 0.0000037124 -0.0000071696 0.0001064425 0.0029183333 0.0006481984 -0.0000001430 0.0036527291 -0.0000031131 0.0025358917
1413393893.30566 -1.650890 1.000220 0.283507 0.865203 -0.005776 0.501003 0.019658 0.0003028692 0.0000096109 -0.0001710414 0.0000035006 -0.0000056520 0.0001023903 0.0029356176 0.0006622500 -0.0000005270 0.0036453204 -0.0000027776 0.0025361017
1413393893.35567 -1.641476 1.024060 0.286877 0.863498 -0.009612 0.504033 0.015163 0.0003052731 0.0000056249 -0.0001697702 0.0000032414 -0.0000033218 0.0001001687 0.0029533924 0.0006757336 -0.0000008734 0.0036294824 -0.0000024538 0.0025360984
1413393893.40567 -1.626828 1.047913 0.293043 0.861129 -0.013823 0.508086 0.010702 0.0003085189 0.0000013934 -0.0001678450 0.0000031254 -0.0000009196 0.0000970127 0.0029726160 0.0006851385 -0.0000009743 0.0036096467 -0.0000023166 0.0025363880
1413393893.45566 -1.605416 1.068865 0.299516 0.859474 -0.017593 0.510840 0.006077 0.0003105388 -0.0000027085 -0.0001665114 0.0000031033 0.0000013260 0.0000949441 0.0029906881 0.0006940238 -0.0000009620 0.0035817389 -0.0000023370 0.0025364667
1413393893.50565 -1.581907 1.092326 0.306089 0.858752 -0.020489 0.511980 0.001509 0.0003113122 -0.0000065753 -0.0001658923 0.0000032013 0.0000034078 0.0000940499 0.0030083439 0.0006956920 -0.0000010018 0.0035483916 -0.0000022220 0.0025366639
1413393893.55564 -1.554000 1.115078 0.313419 -0.857678 0.022789 -0.513677 0.002144 0.0003124930 -0.0000096365 -0.0001649565 0.0000033402 0.0000050158 0.0000927051 0.0030281579 0.0006975127 -0.0000010459 0.0035133821 -0.0000020973 0.0025368713
1413393893.60562 -1.521765 1.135549 0.321777 -0.856395 0.025005 -0.515681 0.005973 0.0003138759 -0.0000127641 -0.0001638094 0.0000035349 0.0000066188 0.0000910928 0.0030476043 0.0006963855 -0.0000011140 0.0034733801 -0.0000019252 0.0025369547
1413393893.65561 -1.485779 1.154443 0.329778 -0.856502 0.027292 -0.515319 0.010242 0.0003133260 -0.0000161337 -0.0001638828 0.0000038268 0.0000084279 0.0000913254 0.0030650587 0.0006913750 -0.0000011502 0.0034295122 -0.0000017833 0.0025370816
1413393893.70560 -1.445694 1.171008 0.338718 -0.856042 0.030091 -0.515832 0.014273 0.0003133747 -0.0000195510 -0.0001634773 0.0000041946 0.0000102205 0.0000908784 0.0030809607 0.0006828190 -0.0000011684 0.0033818526 -0.0000016213 0.0025371528
1413393893.75561 -1.401681 1.185931 0.348863 -0.854206 0.032225 -0.518636 0.017613 0.0003152108 -0.0000224322 -0.0001618444 0.0000045472 0.0000115671 0.0000886502 0.0030947496 0.0006704732 -0.0000011711 0.0033308304 -0.0000013958 0.0025371312
1413393893.80562 -1.353931 1.198052 0.360997 -0.852202 0.032810 -0.521839 0.018927 0.0003175220 -0.0000235140 -0.0001600545 0.0000046601 0.0000119214 0.0000861724 0.0031068664 0.0006548981 -0.0000011464 0.0032772644 -0.0000011181 0.0025368889
1413393893.85563 -1.303668 1.208412 0.374569 -0.847474 0.033455 -0.529442 0.018951 0.0003230574 -0.0000241357 -0.0001558354 0.0000046953 0.0000117180 0.0000805521 0.0031165543 0.0006356560 -0.0000011128 0.0032217103 -0.0000008338 0.0025365416
1413393893.90563 -1.250139 1.216598 0.387715 -0.842261 0.031958 -0.537829 0.017747 0.0003293317 -0.0000231683 -0.0001509231 0.0000044899 0.0000106941 0.0000744237 0.0031246213 0.0006141961 -0.0000011060 0.0031661458 -0.0000005413 0.0025360078
1413393893.95564 -1.194605 1.222491 0.401201 -0.835752 0.030672 -0.548004 0.016419 0.0003365083 -0.0000223367 -0.0001447101 0.0000043041 0.0000096824 0.0000673566 0.0031305430 0.0005900897 -0.0000010870 0.0031095361 -0.0000002027 0.0025352002
1413393894.00563 -1.137156 1.227566 0.413081 -0.831009 0.029986 -0.555239 0.015329 0.0003414994 -0.0000217325 -0.0001400146 0.0000041856 0.0000089883 0.0000624465 0.0031346008 0.0005640435 -0.0000010637 0.0030555498 -0.0000000883 0.0025348256
1413393894.05563 -1.077752 1.232047 0.425037 -0.827775 0.028434 -0.560149 0.014590 0.0003448712 -0.0000208012 -0.0001367234 0.0000040423 0.0000083295 0.0000591839 0.0031382984 0.0005368694 -0.0000010302 0.0030028305 0.0000000188 0.0025344722
1413393894.10564 -1.017435 1.234991 0.437296 -0.825387 0.028056 -0.563686 0.014389 0.0003472290 -0.0000206570 -0.0001342426 0.0000040049 0.0000080767 0.0000568312 0.0031412890 0.0005082789 -0.0000009939 0.0029513841 0.0000001137 0.0025341198
1413393894.15565 -0.956169 1.236957 0.448669 -0.824434 0.028134 -0.565049 0.015400 0.0003480165 -0.0000214212 -0.0001332706 0.0000040867 0.0000083091 0.0000559395 0.0031428862 0.0004787538 -0.0000009106 0.0029029732 0.0000001107 0.0025337459
1413393894.20565 -0.894290 1.236780 0.460943 -0.823997 0.028412 -0.565631 0.016818 0.0003483371 -0.0000223438 -0.0001327637 0.0000041963 0.0000086389 0.0000554741 0.0031434702 0.0004482319 -0.0000007582 0.0028564099 0.0000003505 0.0025333819
1413393894.25565 -0.831809 1.235271 0.474102 -0.823629 0.028950 -0.566118 0.017528 0.0003486276 -0.0000229642 -0.0001323243 0.0000042567 0.0000088592 0.0000550666 0.0031414685 0.0004167391 -0.0000004087 0.0028125021 -0.0000000836 0.0025329174
1413393894.30566 -0.768496 1.231678 0.485554 -0.823353 0.030209 -0.566396 0.019294 0.0003485603 -0.0000246278 -0.0001320984 0.0000044828 0.0000094899 0.0000548883 0.0031386288 0.0003847813 -0.0000002030 0.0027719797 -0.0000001740 0.0025329497
1413393894.35566 -0.704783 1.226289 0.494425 -0.822942 0.030267 -0.566977 0.019663 0.0003488944 -0.0000248953 -0.0001316809 0.0000045200 0.0000095595 0.0000545027 0.0031336860 0.0003519553 0.0000000014 0.0027342512 -0.0000002052 0.0025330011
1413393894.40566 -0.640554 1.221100 0.498450 -0.822925 0.029234 -0.567092 0.018609 0.0003490920 -0.0000238642 -0.0001316576 0.0000043758 0.0000091643 0.0000544401 0.0031272711 0.0003186587 0.0000001915 0.0026995193 -0.0000002016 0.0025330509
1413393894.45567 -0.575816 1.215223 0.497630 -0.822627 0.027595 -0.567661 0.016879 0.0003496538 -0.0000221441 -0.0001313317 0.0000041446 0.0000084815 0.0000540856 0.0031211951 0.0002855185 0.0000003918 0.0026676593 -0.0000001932 0.0025329690
1413393894.50566 -0.510731 1.207846 0.493184 -0.821889 0.026009 -0.568852 0.015138 0.0003506052 -0.0000204063 -0.0001305417 0.0000039281 0.0000077611 0.0000533269 0.0031145045 0.0002523340 0.0000005519 0.0026388289 -0.0000001551 0.0025327621
1413393894.55567 -0.445677 1.199115 0.485501 -0.820673 0.024241 -0.570754 0.012184 0.0003520201 -0.0000179716 -0.0001292797 0.0000036548 0.0000067559 0.0000521625 0.0031063549 0.0002190313 0.0000006924 0.0026132584 -0.0000001261 0.0025324724
1413393894.60567 -0.380529 1.189137 0.475656 -0.820270 0.022339 -0.571460 0.009588 0.0003526677 -0.0000155508 -0.0001288346 0.0000034177 0.0000058330 0.0000517173 0.0030969635 0.0001861249 0.0000008006 0.0025910154 -0.0000001611 0.0025319257
1413393894.65567 -0.314090 1.177511 0.465451 -0.818949 0.020678 -0.573446 0.007397 0.0003540437 -0.0000135374 -0.0001274353 0.0000032460 0.0000050199 0.0000504849 0.0030866126 0.0001534071 0.0000009887 0.0025722436 -0.0000001122 0.0025314674
1413393894.70566 -0.247932 1.165344 0.454626 -0.818127 0.019454 -0.574679 0.005775 0.0003548963 -0.0000120918 -0.0001265505 0.0000031372 0.0000044564 0.0000497139 0.0030748888 0.0001207012 0.0000011444 0.0025567420 -0.0000000826 0.0025309664
1413393894.75566 -0.181594 1.153374 0.444139 -0.817266 0.017802 -0.575965 0.004829 0.0003557390 -0.0000108323 -0.0001256301 0.0000030546 0.0000039701 0.0000489300 0.0030629981 0.0000887908 0.0000012600 0.0025448219 -0.0000000548 0.0025305489
1413393894.80566 -0.115320 1.139754 0.434350 -0.817250 0.017452 -0.575991 0.005607 0.0003557309 -0.0000111380 -0.0001256003 0.0000030746 0.0000040839 0.0000488938 0.0030513547 0.0000575060 0.0000013712 0.0025364587 -0.0000000552 0.0025301272
1413393894.85566 -0.049170 1.126004 0.426102 -0.816172 0.016752 -0.577539 0.005606 0.0003566859 -0.0000108501 -0.0001244357 0.0000030560 0.0000039387 0.0000479332 0.0030384384 0.0000268753 0.0000014861 0.0025315543 -0.0000000196 0.0025297738
1413393894.90565 0.017155 1.112319 0.419272 -0.814405 0.015304 -0.580071 0.005263 0.0003582597 -0.0000100252 -0.0001225174 0.0000030072 0.0000035823 0.0000463905 0.0030260287 -0.0000028336 0.0000016141 0.0025302814 0.0000000499 0.0025294892
1413393894.95564 0.082691 1.097956 0.413358 -0.811422 0.013957 -0.584277 0.004497 0.0003608026 -0.0000090300 -0.0001192788 0.0000029528 0.0000031365 0.0000438853 0.0030136367 -0.0000318470 0.0000017417 0.0025324827 0.0000001477 0.0025292601
1413393895.00563 0.147706 1.083398 0.408234 -0.807971 0.012769 -0.589070 0.003918 0.0003636121 -0.0000082167 -0.0001154997 0.0000029123 0.0000027589 0.0000410999 0.0030007993 -0.0000596659 0.0000018599 0.0025380500 0.0000002450 0.0025290487
1413393895.05562 0.212174 1.068668 0.403944 -0.804434 0.011691 -0.593913 0.004102 0.0003663409 -0.0000078929 -0.0001115991 0.0000028956 0.0000025535 0.0000383695 0.0029881635 -0.0000864009 0.0000019628 0.0025468411 0.0000003194 0.0025288498
1413393895.10562 0.275581 1.054102 0.399679 -0.803438 0.010294 -0.595292 0.003052 0.0003671403 -0.0000066474 -0.0001104788 0.0000028438 0.0000021467 0.0000376048 0.0029755130 -0.0001120561 0.0000020620 0.0025587774 0.0000003909 0.0025287060
1413393895.15563 0.337457 1.039476 0.395821 -0.804117 0.009109 -0.594397 0.002277 0.0003666503 -0.0000055853 -0.0001112430 0.0000028054 0.0000018404 0.0000381146 0.0029631829 -0.0001364916 0.0000021401 0.0025736017 0.0000004327 0.0025285682
1413393895.20563 0.398448 1.024717 0.392733 -0.805994 0.008538 -0.591856 0.002501 0.0003652215 -0.0000054244 -0.0001133117 0.0000027989 0.0000018319 0.0000395331 0.0029510233 -0.0001594518 0.0000022196 0.0025910034 0.0000004792 0.0025284725
1413393895.25563 0.458135 1.009890 0.389956 -0.807061 0.008039 -0.590410 0.001925 0.0003643994 -0.0000048181 -0.0001144858 0.0000027787 0.0000016625 0.0000403542 0.0029389748 -0.0001814087 0.0000022711 0.0026110634 0.0000004438 0.0025283067
1413393895.30562 0.517110 0.994824 0.386743 -0.806450 0.007623 -0.591249 0.002114 0.0003648646 -0.0000047614 -0.0001138172 0.0000027744 0.0000016358 0.0000398819 0.0029273252 -0.0002021478 0.0000023624 0.0026336948 0.0000004736 0.0025282656
1413393895.35562 0.574632 0.979265 0.382211 -0.805070 0.006990 -0.593137 0.001468 0.0003659491 -0.0000040638 -0.0001122819 0.0000027549 0.0000013954 0.0000388134 0.0029156774 -0.0002216289 0.0000024447 0.0026586138 0.0000004712 0.0025282360
1413393895.40561 0.631399 0.963528 0.375421 -0.803141 0.007114 -0.595744 0.001487 0.0003674152 -0.0000041472 -0.0001101143 0.0000027542 0.0000013917 0.0000373443 0.0029035664 -0.0002397815 0.0000025122 0.0026855932 0.0000004622 0.0025281946
1413393895.45561 0.687349 0.947970 0.365835 -0.802489 0.006940 -0.596626 0.000229 0.0003679279 -0.0000033282 -0.0001093685 0.0000027345 0.0000011349 0.0000368446 0.0028913667 -0.0002566373 0.0000025496 0.0027142721 0.0000004640 0.0025281507
1413393895.50561 0.742187 0.931877 0.354857 0.801398 -0.008680 0.598067 0.001132 0.0003687144 -0.0000032932 -0.0001081706 0.0000027301 0.0000011059 0.0000360568 0.0028794957 -0.0002726435 0.0000025935 0.0027451193 0.0000004743 0.0025281234
1413393895.55561 0.796571 0.915878 0.343382 0.801882 -0.012220 0.597349 0.003210 0.0003683409 -0.0000036575 -0.0001087299 0.0000027318 0.0000012093 0.0000364202 0.0028673948 -0.0002874664 0.0000026323 0.0027777751 0.0000004797 0.0025280811
1413393895.60561 0.850671 0.899681 0.332825 0.802000 -0.017488 0.597048 0.004829 0.0003681433 -0.0000050473 -0.0001089645 0.0000027548 0.0000016115 0.0000365751 0.0028556977 -0.0003015732 0.0000026529 0.0028124026 0.0000004836 0.0025280293
1413393895.65561 0.902657 0.883556 0.323515 0.802139 -0.022065 0.596649 0.009836 0.0003679459 -0.0000040433 -0.0001092875 0.0000027174 0.0000012935 0.0000367819 0.0028439587 -0.0003146777 0.0000026559 0.0028489301 0.0000004584 0.0025279386
1413393895.70562 0.953556 0.866938 0.316187 0.799679 -0.027033 0.599587 0.016666 0.0003696461 -0.0000021898 -0.0001067200 0.0000026689 0.0000006913 0.0000351068 0.0028327535 -0.0003264246 0.0000027297 0.0028862275 0.0000004390 0.0025278835
1413393895.75562 1.001884 0.849970 0.309309 0.798317 -0.034311 0.600836 0.022558 0.0003704003 -0.0000020152 -0.0001055366 0.0000026454 0.0000005992 0.0000343498 0.0028217360 -0.0003370073 0.0000028473 0.0029247900 0.0000004772 0.0025278705
1413393895.80562 1.049527 0.832843 0.303244 0.795872 -0.042930 0.603226 0.029376 0.0003717658 -0.0000018936 -0.0001033337 0.0000026068 0.0000005076 0.0000329738 0.0028105384 -0.0003459263 0.0000029988 0.0029631931 0.0000005579 0.0025278065
1413393895.85562 1.094827 0.815461 0.297473 0.793992 -0.053246 0.604421 0.037630 0.0003725113 -0.0000016684 -0.0001021163 0.0000025719 0.0000003900 0.0000322216 0.0027995817 -0.0003538880 0.0000031470 0.0030031490 0.0000006132 0.0025277594
1413393895.90562 1.136391 0.798324 0.292334 0.792500 -0.064650 0.604525 0.048100 0.0003730191 -0.0000007128 -0.0001012899 0.0000025420 0.0000000696 0.0000317086 0.0027892037 -0.0003598212 0.0000033030 0.0030404310 0.0000006609 0.0025277319
1413393895.95562 1.175106 0.781542 0.287935 0.791210 -0.078828 0.603735 0.057243 0.0003730204 -0.0000017608 -0.0001012910 0.0000025297 0.0000002998 0.0000316847 0.0027793413 -0.0003644221 0.0000034822 0.0030763487 0.0000006928 0.0025277222
1413393896.00562 1.211332 0.765467 0.283878 0.790914 -0.092094 0.600849 0.070384 0.0003722919 0.0000002467 -0.0001025364 0.0000024838 -0.0000003203 0.0000323889 0.0027699697 -0.0003679011 0.0000036786 0.0031110393 0.0000007271 0.0025277050
1413393896.05562 1.245249 0.749940 0.279843 0.789474 -0.107437 0.598519 0.083442 0.0003719719 0.0000011033 -0.0001030759 0.0000024641 -0.0000006289 0.0000326660 0.0027615992 -0.0003708373 0.0000038887 0.0031446693 0.0000007497 0.0025277056
1413393896.10562 1.277699 0.734339 0.277011 0.787080 -0.123090 0.596371 0.098460 0.0003720421 0.0000030118 -0.0001029413 0.0000024744 -0.0000012289 0.0000325279 0.0027538168 -0.0003730908 0.0000040944 0.0031774944 0.0000007412 0.0025277054
1413393896.15563 1.308954 0.719694 0.274834 0.783388 -0.139790 0.595290 0.111321 0.0003726453 0.0000029930 -0.0001019626 0.0000024546 -0.0000012773 0.0000318659 0.0027466304 -0.0003748408 0.0000043180 0.0032095827 0.0000007363 0.0025277147
1413393896.20562 1.338816 0.705847 0.273647 0.778662 -0.155745 0.594582 0.126101 0.0003737476 0.0000041507 -0.0001000810 0.0000024559 -0.0000016337 0.0000306691 0.0027399787 -0.0003762769 0.0000045508 0.0032415876 0.0000007130 0.0025277143
1413393896.25562 1.366475 0.693260 0.272987 0.771082 -0.171535 0.596556 0.141876 0.0003764285 0.0000052860 -0.0000953102 0.0000024571 -0.0000019205 0.0000278688 0.0027342507 -0.0003773074 0.0000047895 0.0032713153 0.0000006734 0.0025277060
1413393896.30563 1.392279 0.682639 0.272781 0.764013 -0.186850 0.597224 0.157146 0.0003784918 0.0000063260 -0.0000914010 0.0000024605 -0.0000021570 0.0000256805 0.0027297459 -0.0003786703 0.0000050282 0.0032997464 0.0000006238 0.0025277198
1413393896.35564 1.415362 0.673660 0.273828 0.756302 -0.203043 0.597703 0.171847 0.0003804287 0.0000064426 -0.0000875897 0.0000024147 -0.0000021599 0.0000236112 0.0027263750 -0.0003803835 0.0000052833 0.0033265406 0.0000005864 0.0025277138
1413393896.40564 1.436556 0.665841 0.277126 0.747772 -0.222126 0.598228 0.183358 0.0003822152 0.0000033023 -0.0000840773 0.0000022755 -0.0000014294 0.0000217666 0.0027241614 -0.0003822953 0.0000055836 0.0033500007 0.0000005159 0.0025277254
1413393896.45565 1.456087 0.659399 0.281813 0.738653 -0.244794 0.598909 0.189144 0.0003832092 -0.0000052495 -0.0000818593 0.0000022408 0.0000003979 0.0000205151 0.0027224623 -0.0003843785 0.0000058465 0.0033712244 0.0000004993 0.0025277020
1413393896.50567 1.473274 0.654237 0.286649 0.731789 -0.267880 0.595824 0.194211 0.0003822312 -0.0000130884 -0.0000831804 0.0000025424 0.0000021493 0.0000209467 0.0027212264 -0.0003866111 0.0000062067 0.0033909019 0.0000003792 0.0025278331
1413393896.55568 1.484734 0.650725 0.292293 0.725713 -0.292594 0.590464 0.197689 0.0003795017 -0.0000225173 -0.0000870092 0.0000033820 0.0000044802 0.0000226560 0.0027205074 -0.0003884197 0.0000065964 0.0034073043 0.0000001979 0.0025280470
1413393896.60568 1.496710 0.646896 0.299030 0.720852 -0.316255 0.582877 0.201518 0.0003759724 -0.0000296732 -0.0000919194 0.0000043041 0.0000066088 0.0000250146 0.0027194841 -0.0003891561 0.0000068821 0.0034183586 0.0000000565 0.0025282346
1413393896.65568 1.506039 0.643640 0.306130 0.716039 -0.338519 0.574779 0.205723 0.0003717612 -0.0000360544 -0.0000974192 0.0000053886 0.0000088342 0.0000279343 0.0027182385 -0.0003897055 0.0000072464 0.0034309802 -0.0000001519 0.0025284744
1413393896.70568 1.514572 0.639447 0.314142 0.710178 -0.361096 0.567136 0.208839 0.0003672093 -0.0000427884 -0.0001024679 0.0000067947 0.0000113668 0.0000308340 0.0027171655 -0.0003897225 0.0000076075 0.0034398736 -0.0000003418 0.0025286966
1413393896.75569 1.521274 0.634999 0.322878 0.703956 -0.383570 0.559313 0.210923 0.0003618518 -0.0000498674 -0.0001077166 0.0000085880 0.0000143256 0.0000341397 0.0027152138 -0.0003885977 0.0000078931 0.0034479758 -0.0000005029 0.0025289020
1413393896.80568 1.524566 0.630066 0.331502 0.696987 -0.404725 0.552173 0.213335 0.0003565651 -0.0000562506 -0.0001122777 0.0000104957 0.0000172498 0.0000372585 0.0027130701 -0.0003866642 0.0000081955 0.0034538404 -0.0000006718 0.0025291053
1413393896.85568 1.529505 0.622912 0.340384 0.691077 -0.426223 0.542915 0.214452 0.0003499658 -0.0000618110 -0.0001181834 0.0000124057 0.0000205019 0.0000416175 0.0027093307 -0.0003829050 0.0000082118 0.0034549335 -0.0000007467 0.0025292311
1413393896.90568 1.528827 0.614480 0.348698 0.686308 -0.447222 0.531468 0.215674 0.0003417437 -0.0000660462 -0.0001257623 0.0000141506 0.0000239943 0.0000478412 0.0027051945 -0.0003782406 0.0000083849 0.0034581768 -0.0000008547 0.0025294016
1413393896.95568 1.523686 0.604921 0.355932 0.684079 -0.465444 0.517197 0.218874 0.0003335175 -0.0000664171 -0.0001342539 0.0000145087 0.0000264739 0.0000554659 0.0027001251 -0.0003710542 0.0000084792 0.0034549393 -0.0000008817 0.0025294768
1413393897.00568 1.516646 0.592891 0.362725 0.687000 -0.479715 0.497948 0.223501 0.0003243974 -0.0000613984 -0.0001449457 0.0000127924 0.0000272071 0.0000660671 0.0026942739 -0.0003620783 0.0000082763 0.0034463698 -0.0000006805 0.0025293196
1413393897.05567 1.506497 0.578627 0.367904 0.694398 -0.488539 0.474638 0.232078 0.0003152205 -0.0000502694 -0.0001563350 0.0000090832 0.0000247116 0.0000787699 0.0026867936 -0.0003509713 0.0000078784 0.0034365390 -0.0000003228 0.0025289851
1413393897.10566 1.500498 0.559620 0.371790 0.702177 -0.491469 0.453046 0.245266 0.0003094512 -0.0000354099 -0.0001643362 0.0000050238 0.0000185852 0.0000884140 0.0026770894 -0.0003370037 0.0000069320 0.0034237650 0.0000004194 0.0025282670
1413393897.15567 1.494047 0.536759 0.374826 0.708780 -0.489553 0.435547 0.261281 0.0003064501 -0.0000195829 -0.0001688933 0.0000021400 0.0000105771 0.0000941333 0.0026653721 -0.0003216540 0.0000057847 0.0034175876 0.0000012452 0.0025274955
1413393897.20568 1.487642 0.511229 0.377527 0.713345 -0.482861 0.422912 0.281300 0.0003074984 -0.0000026548 -0.0001693631 0.0000008458 0.0000012509 0.0000942506 0.0026527037 -0.0003044381 0.0000046773 0.0034120613 0.0000019466 0.0025268292
1413393897.25569 1.482429 0.481022 0.380681 0.715007 -0.471560 0.416835 0.304376 0.0003129794 0.0000148294 -0.0001651550 0.0000014898 -0.0000080387 0.0000880405 0.0026402470 -0.0002866743 0.0000037311 0.0034078638 0.0000025180 0.0025263396
1413393897.30569 1.480495 0.448836 0.383899 0.714021 -0.457512 0.416288 0.327966 0.0003211524 0.0000313129 -0.0001569105 0.0000037994 -0.0000154984 0.0000774759 0.0026273869 -0.0002673267 0.0000030073 0.0034058669 0.0000029383 0.0025259891
1413393897.35571 1.483250 0.414268 0.388355 0.710889 -0.446096 0.419302 0.346152 0.0003286099 0.0000428440 -0.0001480590 0.0000062776 -0.0000194708 0.0000674470 0.0026150517 -0.0002480003 0.0000025362 0.0034085354 0.0000031906 0.0025257426
1413393897.40571 1.488569 0.378797 0.390222 0.705533 -0.440936 0.426206 0.355172 0.0003356426 0.0000458516 -0.0001407610 0.0000069173 -0.0000193737 0.0000597211 0.0026036759 -0.0002283884 0.0000022654 0.0034174080 0.0000032927 0.0025256644
1413393897.45571 1.498756 0.342019 0.391136 0.698665 -0.440866 0.436098 0.356823 0.0003424539 0.0000421282 -0.0001351442 0.0000057832 -0.0000167425 0.0000539810 0.0025933626 -0.0002086732 0.0000021329 0.0034289941 0.0000033434 0.0025256117
1413393897.50572 1.513367 0.304947 0.392801 0.692319 -0.442291 0.446193 0.354944 0.0003481471 0.0000360063 -0.0001307760 0.0000042726 -0.0000136178 0.0000497377 0.0025838667 -0.0001887467 0.0000020731 0.0034455034 0.0000033286 0.0025255507
1413393897.55573 1.530507 0.269529 0.394208 0.687599 -0.443759 0.454078 0.352278 0.0003521803 0.0000304913 -0.0001275506 0.0000031461 -0.0000111181 0.0000467831 0.0025753261 -0.0001685584 0.0000020768 0.0034664941 0.0000032769 0.0025255606
1413393897.60573 1.549196 0.236042 0.395773 0.685025 -0.446904 0.458724 0.347260 0.0003535128 0.0000246251 -0.0001272469 0.0000021834 -0.0000089243 0.0000463690 0.0025680793 -0.0001491229 0.0000021347 0.0034900544 0.0000031251 0.0025255231
1413393897.65574 1.570161 0.202842 0.397445 0.684144 -0.448637 0.461507 0.343049 0.0003538601 0.0000207344 -0.0001275383 0.0000016524 -0.0000075245 0.0000465167 0.0025621088 -0.0001304795 0.0000022027 0.0035154691 0.0000030068 0.0025255450
1413393897.70574 1.593087 0.170070 0.399862 0.684491 -0.449795 0.462619 0.339323 0.0003533087 0.0000181386 -0.0001286038 0.0000013446 -0.0000066477 0.0000473473 0.0025569164 -0.0001112850 0.0000023172 0.0035438529 0.0000028423 0.0025255484
1413393897.75575 1.617213 0.137809 0.402896 0.685143 -0.449927 0.462649 0.337787 0.0003528793 0.0000174129 -0.0001292242 0.0000012562 -0.0000064189 0.0000478458 0.0025527400 -0.0000917749 0.0000023952 0.0035748906 0.0000027350 0.0025256040
1413393897.80577 1.642046 0.106545 0.406899 0.686499 -0.448348 0.462434 0.337429 0.0003525349 0.0000181709 -0.0001295351 0.0000013193 -0.0000067167 0.0000481089 0.0025494038 -0.0000720887 0.0000025232 0.0036080265 0.0000025463 0.0025255774
1413393897.85578 1.667882 0.075651 0.411428 0.686902 -0.447473 0.461326 0.339282 0.0003525402 0.0000199123 -0.0001292850 0.0000014994 -0.0000073425 0.0000479147 0.0025470922 -0.0000523845 0.0000025832 0.0036420612 0.0000024515 0.0025256505
1413393897.90578 1.695074 0.044818 0.416289 0.686824 -0.447970 0.458892 0.342072 0.0003521216 0.0000219532 -0.0001294569 0.0000017369 -0.0000081119 0.0000480886 0.0025456342 -0.0000323784 0.0000026337 0.0036781354 0.0000023591 0.0025257217
1413393897.95581 1.722777 0.015275 0.423016 0.686214 -0.448397 0.454887 0.348034 0.0003517828 0.0000259544 -0.0001291229 0.0000022773 -0.0000095687 0.0000478766 0.0025448921 -0.0000118212 0.0000027355 0.0037168958 0.0000022074 0.0025256762
1413393898.00582 1.752929 -0.015258 0.429148 0.684201 -0.449888 0.450178 0.356103 0.0003518387 0.0000307329 -0.0001280167 0.0000030436 -0.0000112267 0.0000470499 0.0025450336 0.0000080803 0.0000027573 0.0037572088 0.0000021210 0.0025257462
1413393898.05583 1.784835 -0.045261 0.436722 0.680587 -0.451938 0.444787 0.367040 0.0003524087 0.0000365104 -0.0001258187 0.0000041382 -0.0000130814 0.0000453778 0.0025458514 0.0000293333 0.0000027901 0.0038020538 0.0000020273 0.0025256843
1413393898.10583 1.818889 -0.074240 0.445140 0.673026 -0.453349 0.443526 0.380520 0.0003560691 0.0000414301 -0.0001196956 0.0000051735 -0.0000139741 0.0000406793 0.0025474012 0.0000509685 0.0000027938 0.0038513801 0.0000019305 0.0025257182
1413393898.15583 1.855065 -0.100781 0.453959 0.660261 -0.456191 0.447819 0.394212 0.0003629078 0.0000425545 -0.0001098441 0.0000053394 -0.0000129257 0.0000336730 0.0025494661 0.0000715588 0.0000027948 0.0039043193 0.0000018174 0.0025257429
1413393898.20584 1.893302 -0.124644 0.464033 0.643811 -0.461066 0.455500 0.406749 0.0003710239 0.0000398103 -0.0000979749 0.0000046174 -0.0000105542 0.0000262787 0.0025518958 0.0000910388 0.0000028055 0.0039616922 0.0000016768 0.0025257705
1413393898.25583 1.933777 -0.145096 0.475630 0.625524 -0.464654 0.466214 0.418882 0.0003794993 0.0000352022 -0.0000836176 0.0000036063 -0.0000077934 0.0000188141 0.0025544804 0.0001090845 0.0000028096 0.0040239131 0.0000015384 0.0025257734
1413393898.30585 1.975572 -0.162047 0.486436 0.607503 -0.468264 0.478108 0.427880 0.0003866394 0.0000282191 -0.0000695474 0.0000023962 -0.0000051086 0.0000128853 0.0025569145 0.0001243344 0.0000029007 0.0040900086 0.0000013885 0.0025258508
1413393898.35585 2.018305 -0.174124 0.497102 0.588194 -0.472993 0.492671 0.433106 0.0003926954 0.0000171203 -0.0000552876 0.0000010802 -0.0000024388 0.0000081473 0.0025590776 0.0001370533 0.0000030091 0.0041590847 0.0000012813 0.0025259579
1413393898.40585 2.061679 -0.181344 0.508271 0.568985 -0.475798 0.508357 0.437545 0.0003971391 0.0000055777 -0.0000399849 0.0000004105 -0.0000005875 0.0000043830 0.0025605723 0.0001453920 0.0000031424 0.0042298571 0.0000011591 0.0025261178
1413393898.45585 2.103964 -0.181865 0.519612 0.549920 -0.477943 0.525491 0.439338 0.0003995826 -0.0000077046 -0.0000247097 0.0000004796 0.0000004522 0.0000018827 0.0025612982 0.0001492868 0.0000032762 0.0043017705 0.0000010181 0.0025263243
1413393898.50585 2.144876 -0.176684 0.528878 0.535760 -0.482755 0.537664 0.436836 0.0003995793 -0.0000204754 -0.0000160497 0.0000013807 0.0000007990 0.0000009987 0.0025610383 0.0001471746 0.0000034119 0.0043714595 0.0000008738 0.0025265620
1413393898.55588 2.183364 -0.165383 0.532981 0.532201 -0.495723 0.541228 0.422010 0.0003968710 -0.0000349089 -0.0000230881 0.0000034029 0.0000020092 0.0000016980 0.0025600152 0.0001401783 0.0000035201 0.0044398942 0.0000007518 0.0025268043
1413393898.60588 2.219248 -0.147894 0.532827 0.539687 -0.511963 0.532047 0.404423 0.0003920099 -0.0000429933 -0.0000423194 0.0000050476 0.0000046235 0.0000049252 0.0025582615 0.0001273962 0.0000035990 0.0045036184 0.0000006960 0.0025269973
1413393898.65587 2.250948 -0.125416 0.531239 0.549445 -0.530091 0.519367 0.383892 0.0003836286 -0.0000505438 -0.0000649957 0.0000069927 0.0000085500 0.0000113741 0.0025560916 0.0001086631 0.0000036501 0.0045622872 0.0000006450 0.0025271994
1413393898.70586 2.279475 -0.099449 0.527178 0.562643 -0.547398 0.501257 0.364045 0.0003718955 -0.0000537321 -0.0000897156 0.0000080975 0.0000129541 0.0000220155 0.0025539780 0.0000854955 0.0000036793 0.0046140241 0.0000006196 0.0025273692
1413393898.75586 2.305686 -0.072459 0.521185 0.577008 -0.564936 0.480051 0.342724 0.0003555983 -0.0000554642 -0.0001147799 0.0000089855 0.0000179008 0.0000374371 0.0025522983 0.0000603564 0.0000036913 0.0046601936 0.0000006083 0.0025274855
1413393898.80585 2.327319 -0.043928 0.513775 0.592547 -0.581544 0.455266 0.321601 0.0003350406 -0.0000544048 -0.0001386918 0.0000091696 0.0000225257 0.0000578242 0.0025513803 0.0000355639 0.0000037006 0.0047025120 0.0000005971 0.0025276133
1413393898.85586 2.345199 -0.017250 0.507610 0.606826 -0.596336 0.429738 0.302440 0.0003125020 -0.0000515139 -0.0001583872 0.0000088274 0.0000261199 0.0000807184 0.0025510333 0.0000108904 0.0000036827 0.0047365040 0.0000006285 0.0025276978
1413393898.90586 2.358897 0.006238 0.503546 0.617612 -0.608280 0.407372 0.287398 0.0002920163 -0.0000481300 -0.0001719941 0.0000082689 0.0000283640 0.0001017769 0.0025513206 -0.0000104067 0.0000036509 0.0047643469 0.0000007209 0.0025278315
1413393898.95586 2.370599 0.022580 0.502422 0.627884 -0.616601 0.385830 0.276948 0.0002740312 -0.0000424394 -0.0001818131 0.0000069085 0.0000281761 0.0001211375 0.0025519445 -0.0000272386 0.0000036433 0.0047845703 0.0000008018 0.0025279708
1413393899.00587 2.380618 0.030408 0.504678 0.637940 -0.621105 0.365437 0.271510 0.0002593540 -0.0000346604 -0.0001886555 0.0000049663 0.0000252296 0.0001377705 0.0025524732 -0.0000360391 0.0000036002 0.0048020175 0.0000009565 0.0025280664
1413393899.05586 2.386517 0.029874 0.509423 0.646373 -0.618960 0.349731 0.277091 0.0002539413 -0.0000238487 -0.0001919119 0.0000025718 0.0000180321 0.0001455927 0.0025528358 -0.0000343159 0.0000035077 0.0048178695 0.0000011690 0.0025281772
1413393899.10587 2.391252 0.019061 0.519540 0.652100 -0.609481 0.342364 0.293403 0.0002597488 -0.0000111950 -0.0001913812 0.0000008133 0.0000082442 0.0001415594 0.0025531140 -0.0000244718 0.0000034738 0.0048277852 0.0000013863 0.0025283090
1413393899.15590 2.397692 -0.005593 0.536407 0.650086 -0.593921 0.349632 0.320006 0.0002798999 0.0000002970 -0.0001843294 0.0000003282 -0.0000002077 0.0001219016 0.0025529498 -0.0000045081 0.0000033946 0.0048373976 0.0000017980 0.0025282986
1413393899.20593 2.404899 -0.035371 0.557009 0.640051 -0.574400 0.368877 0.352603 0.0003091119 0.0000097084 -0.0001685765 0.0000006299 -0.0000053088 0.0000923920 0.0025531008 0.0000264880 0.0000031842 0.0048512229 0.0000023685 0.0025283205
1413393899.25593 2.413934 -0.070562 0.578945 0.624296 -0.552962 0.395622 0.384669 0.0003394693 0.0000158179 -0.0001441339 0.0000010569 -0.0000067275 0.0000616084 0.0025537632 0.0000591488 0.0000032427 0.0048667368 0.0000028028 0.0025281866
1413393899.30595 2.424136 -0.106613 0.602122 0.602795 -0.531195 0.427457 0.414428 0.0003667260 0.0000174620 -0.0001114810 0.0000011495 -0.0000053152 0.0000342668 0.0025559783 0.0000943248 0.0000033320 0.0048866038 0.0000029901 0.0025282921
1413393899.35595 2.436728 -0.136057 0.624350 0.580939 -0.511036 0.457397 0.438339 0.0003852030 0.0000163970 -0.0000774676 0.0000010167 -0.0000033016 0.0000159404 0.0025595471 0.0001281177 0.0000034811 0.0049092984 0.0000030467 0.0025284999
1413393899.40595 2.450023 -0.162002 0.645464 0.560784 -0.494163 0.483834 0.455224 0.0003955815 0.0000128787 -0.0000466652 0.0000007398 -0.0000015210 0.0000058588 0.0025629605 0.0001537770 0.0000036040 0.0049362858 0.0000031452 0.0025287978
1413393899.45594 2.463499 -0.180747 0.666633 0.543017 -0.480587 0.506110 0.466927 0.0004002910 0.0000082456 -0.0000206445 0.0000004922 -0.0000004254 0.0000014164 0.0025659577 0.0001741830 0.0000037607 0.0049634124 0.0000032147 0.0025290978
1413393899.50594 2.476470 -0.192143 0.687915 0.523854 -0.469103 0.530587 0.473283 0.0004014908 -0.0000007875 0.0000044778 0.0000003263 -0.0000000076 0.0000004027 0.0025679418 0.0001860730 0.0000039379 0.0049908891 0.0000033004 0.0025294601
1413393899.55592 2.488649 -0.195147 0.708672 0.507882 -0.459770 0.551533 0.475897 0.0003998150 -0.0000095127 0.0000246125 0.0000005540 -0.0000005840 0.0000018715 0.0025687515 0.0001899262 0.0000041443 0.0050159647 0.0000033518 0.0025298709
1413393899.60591 2.499702 -0.189518 0.727214 0.496121 -0.455589 0.567771 0.473220 0.0003972036 -0.0000190764 0.0000370184 0.0000012473 -0.0000017764 0.0000038106 0.0025682233 0.0001845567 0.0000043665 0.0050378175 0.0000033912 0.0025303338
1413393899.65590 2.508262 -0.174414 0.742551 0.492395 -0.458471 0.577446 0.462501 0.0003957805 -0.0000294839 0.0000377846 0.0000025315 -0.0000028133 0.0000039703 0.0025663560 0.0001703030 0.0000046341 0.0050563806 0.0000034356 0.0025308190
1413393899.70590 2.513839 -0.149340 0.754106 0.498071 -0.467742 0.578400 0.445642 0.0003960451 -0.0000387240 0.0000264681 0.0000041260 -0.0000025854 0.0000021327 0.0025635045 0.0001463295 0.0000049059 0.0050691030 0.0000035382 0.0025313578
1413393899.75592 2.515118 -0.115143 0.761110 0.512816 -0.485780 0.569158 0.420827 0.0003957065 -0.0000483490 0.0000008738 0.0000062523 -0.0000001011 0.0000003664 0.0025601222 0.0001131380 0.0000052034 0.0050747218 0.0000036861 0.0025319018
1413393899.80594 2.515103 -0.073286 0.767386 0.530220 -0.505509 0.554863 0.394277 0.0003912816 -0.0000566395 -0.0000289861 0.0000085492 0.0000042063 0.0000025149 0.0025567278 0.0000709014 0.0000053960 0.0050702252 0.0000036705 0.0025323411
1413393899.85595 2.510117 -0.025399 0.771716 0.549212 -0.528073 0.536300 0.363163 0.0003799985 -0.0000654130 -0.0000627828 0.0000116147 0.0000108247 0.0000107497 0.0025535509 0.0000241228 0.0000053466 0.0050613270 0.0000034162 0.0025324087
1413393899.90595 2.499552 0.025786 0.773683 0.569543 -0.551331 0.512142 0.330705 0.0003610623 -0.0000715389 -0.0000976142 0.0000145361 0.0000193683 0.0000267871 0.0025537288 -0.0000267758 0.0000055290 0.0050443283 0.0000035583 0.0025329991
1413393899.95595 2.485519 0.078023 0.774426 0.589855 -0.574315 0.483173 0.297954 0.0003343744 -0.0000745078 -0.0001301164 0.0000169721 0.0000290344 0.0000510620 0.0025562783 -0.0000782852 0.0000057507 0.0050158440 0.0000037058 0.0025336544
1413393900.00595 2.466688 0.128784 0.775519 0.605372 -0.593270 0.455861 0.271562 0.0003070836 -0.0000744238 -0.0001532342 0.0000184144 0.0000371924 0.0000769331 0.0025608651 -0.0001274324 0.0000059772 0.0049801582 0.0000038167 0.0025342758
1413393900.05595 2.442801 0.174655 0.777343 0.616445 -0.607371 0.432204 0.253567 0.0002842151 -0.0000716796 -0.0001679671 0.0000184611 0.0000424285 0.0000997783 0.0025671655 -0.0001714298 0.0000062305 0.0049362810 0.0000040033 0.0025350303
1413393900.10595 2.414773 0.214733 0.778572 0.624763 -0.617013 0.411944 0.243453 0.0002671342 -0.0000667955 -0.0001773199 0.0000170892 0.0000444125 0.0001182544 0.0025741207 -0.0002072573 0.0000065163 0.0048840554 0.0000040913 0.0025359186
1413393900.15595 2.383056 0.247081 0.779471 0.633188 -0.621030 0.393267 0.242357 0.0002567063 -0.0000582279 -0.0001838106 0.0000135950 0.0000417678 0.0001321999 0.0025809902 -0.0002349815 0.0000067969 0.0048254427 0.0000042407 0.0025369545
1413393900.20596 2.347759 0.271088 0.780456 0.640943 -0.622295 0.376402 0.245485 0.0002497156 -0.0000486332 -0.0001885314 0.0000098578 0.0000367873 0.0001429510 0.0025868973 -0.0002537828 0.0000071614 0.0047627046 0.0000044196 0.0025380119
1413393900.25596 2.310746 0.286157 0.780544 0.649257 -0.618234 0.361586 0.255943 0.0002484341 -0.0000361991 -0.0001916386 0.0000056583 0.0000279812 0.0001484555 0.0025913287 -0.0002630935 0.0000074773 0.0046955837 0.0000045904 0.0025392402
1413393900.30600 2.271371 0.296051 0.785569 0.656609 -0.609816 0.350111 0.272785 0.0002525243 -0.0000218557 -0.0001927638 0.0000022720 0.0000167262 0.0001477702 0.0025928842 -0.0002650802 0.0000079746 0.0046258413 0.0000049137 0.0025394283
1413393900.35600 2.233122 0.300191 0.783005 0.660985 -0.598253 0.344840 0.293729 0.0002620118 -0.0000078923 -0.0001910793 0.0000006165 0.0000057837 0.0001399560 0.0025935177 -0.0002626574 0.0000080285 0.0045545376 0.0000054641 0.0025397234
1413393900.40601 2.197614 0.300684 0.779749 0.659770 -0.583946 0.349170 0.319046 0.0002791474 0.0000043719 -0.0001848709 0.0000004465 -0.0000028779 0.0001230061 0.0025928817 -0.0002558095 0.0000076358 0.0044874044 0.0000063404 0.0025396463
1413393900.45600 2.162869 0.298153 0.768893 0.654752 -0.569011 0.358723 0.344738 0.0002986659 0.0000149157 -0.0001747876 0.0000011232 -0.0000087181 0.0001028263 0.0025915328 -0.0002485350 0.0000071511 0.0044270176 0.0000072660 0.0025386974
1413393900.50600 2.127664 0.285658 0.760280 0.645456 -0.553718 0.374452 0.369551 0.0003202769 0.0000223653 -0.0001599814 0.0000019408 -0.0000111620 0.0000804116 0.0025890469 -0.0002411347 0.0000060851 0.0043693724 0.0000079869 0.0025371874
1413393900.55600 2.096543 0.267809 0.751951 0.632917 -0.537736 0.393683 0.394043 0.0003418068 0.0000279075 -0.0001404444 0.0000026595 -0.0000114567 0.0000581765 0.0025858062 -0.0002250344 0.0000056710 0.0043138867 0.0000085695 0.0025370231
1413393900.60601 2.067006 0.251443 0.742458 0.615842 -0.520464 0.418446 0.418042 0.0003631561 0.0000302910 -0.0001145772 0.0000029102 -0.0000095442 0.0000365941 0.0025823272 -0.0002070938 0.0000053791 0.0042662121 0.0000090223 0.0025370447
1413393900.65601 2.041079 0.233021 0.731428 0.597771 -0.504205 0.442829 0.438576 0.0003795116 0.0000303537 -0.0000869657 0.0000028147 -0.0000069394 0.0000203568 0.0025801861 -0.0001925746 0.0000052966 0.0042220837 0.0000095374 0.0025373584
1413393900.70600 2.018212 0.218869 0.720972 0.578777 -0.489988 0.466836 0.454964 0.0003909573 0.0000274191 -0.0000593628 0.0000023128 -0.0000041437 0.0000094326 0.0025780331 -0.0001781585 0.0000051642 0.0041837180 0.0000098819 0.0025374826
1413393900.75601 1.995848 0.209625 0.704746 0.562948 -0.479640 0.486617 0.465014 0.0003970975 0.0000226477 -0.0000374250 0.0000016847 -0.0000021122 0.0000039421 0.0025769596 -0.0001692689 0.0000051447 0.0041504027 0.0000101063 0.0025375952
1413393900.80601 1.973923 0.206896 0.687283 0.550336 -0.474644 0.502505 0.468328 0.0004000786 0.0000154002 -0.0000224911 0.0000009892 -0.0000008415 0.0000016793 0.0025771417 -0.0001652234 0.0000052222 0.0041179532 0.0000105415 0.0025379627
1413393900.85602 1.949301 0.212937 0.667735 0.542657 -0.476217 0.513423 0.463830 0.0004011455 0.0000058043 -0.0000170250 0.0000004835 -0.0000002217 0.0000011371 0.0025770772 -0.0001661454 0.0000052044 0.0040851698 0.0000107044 0.0025378211
1413393900.90602 1.928615 0.223961 0.648931 0.541850 -0.483791 0.516845 0.453008 0.0004007170 -0.0000036966 -0.0000220895 0.0000004380 0.0000002299 0.0000016353 0.0025800926 -0.0001745926 0.0000053290 0.0040482860 0.0000111848 0.0025383417
1413393900.95602 1.908303 0.241878 0.629233 0.546972 -0.497551 0.514114 0.434686 0.0003979691 -0.0000144434 -0.0000372679 0.0000009327 0.0000013802 0.0000039116 0.0025833472 -0.0001860961 0.0000055912 0.0040169249 0.0000113175 0.0025387073
1413393901.00602 1.886061 0.264434 0.610217 0.554528 -0.513862 0.507408 0.413500 0.0003922186 -0.0000249513 -0.0000566718 0.0000020000 0.0000036354 0.0000086162 0.0025877208 -0.0002015253 0.0000058613 0.0039837301 0.0000110569 0.0025389216
1413393901.05602 1.861714 0.289550 0.590955 0.564011 -0.530644 0.497618 0.390750 0.0003830283 -0.0000342516 -0.0000780580 0.0000034764 0.0000070116 0.0000163424 0.0025918787 -0.0002169631 0.0000061065 0.0039419228 0.0000092105 0.0025384149
1413393901.10602 1.837025 0.321889 0.573769 0.578828 -0.544786 0.478824 0.372685 0.0003708769 -0.0000348311 -0.0001016355 0.0000036888 0.0000095813 0.0000283043 0.0025987509 -0.0002348981 0.0000062863 0.0039018167 0.0000088000 0.0025386207
1413393901.15602 1.810466 0.354302 0.556725 0.596124 -0.558234 0.454750 0.355267 0.0003544543 -0.0000317454 -0.0001258709 0.0000032644 0.0000113134 0.0000451756 0.0026080686 -0.0002557916 0.0000065962 0.0038626065 0.0000084525 0.0025388793
1413393901.20602 1.781698 0.386135 0.541663 0.613912 -0.566487 0.428627 0.344213 0.0003376780 -0.0000231941 -0.0001455275 0.0000020169 0.0000100369 0.0000632240 0.0026178259 -0.0002745409 0.0000068653 0.0038222686 0.0000081394 0.0025391394
1413393901.25601 1.752271 0.416059 0.529379 0.628785 -0.571714 0.405442 0.336734 0.0003221591 -0.0000144404 -0.0001597068 0.0000010734 0.0000071983 0.0000797091 0.0026275123 -0.0002906916 0.0000071204 0.0037804794 0.0000077376 0.0025393182
1413393901.30601 1.722595 0.443421 0.519390 0.640546 -0.575417 0.385672 0.331441 0.0003083850 -0.0000067804 -0.0001697493 0.0000005781 0.0000037691 0.0000940031 0.0026367904 -0.0003040324 0.0000073319 0.0037400649 0.0000075805 0.0025396588
1413393901.35601 1.692478 0.464069 0.511776 0.648597 -0.577589 0.371378 0.328315 0.0002983179 -0.0000010833 -0.0001758404 0.0000004363 0.0000006724 0.0001042361 0.0026453611 -0.0003143344 0.0000075264 0.0037011864 0.0000073898 0.0025399423
1413393901.40601 1.663841 0.479783 0.505224 0.654765 -0.579651 0.359927 0.325177 0.0002896014 0.0000029137 -0.0001803689 0.0000004655 -0.0000017835 0.0001129477 0.0026515617 -0.0003191798 0.0000077414 0.0036627724 0.0000071887 0.0025401764
1413393901.45601 1.636515 0.489254 0.499914 0.659248 -0.582022 0.350350 0.322330 0.0002820595 0.0000057737 -0.0001838149 0.0000005584 -0.0000037334 0.0001204215 0.0026559689 -0.0003205401 0.0000080222 0.0036277142 0.0000069127 0.0025403802
1413393901.50602 1.610853 0.491307 0.495864 0.663444 -0.582094 0.342289 0.322254 0.0002768732 0.0000097057 -0.0001858546 0.0000007828 -0.0000064899 0.0001254042 0.0026573961 -0.0003177006 0.0000080398 0.0035950666 0.0000067674 0.0025404283
1413393901.55602 1.587930 0.486729 0.492118 0.667165 -0.580976 0.335643 0.323576 0.0002732083 0.0000138270 -0.0001870558 0.0000011466 -0.0000094458 0.0001287302 0.0026561273 -0.0003101689 0.0000082846 0.0035656764 0.0000066201 0.0025406513
1413393901.60601 1.566824 0.475794 0.489416 0.669649 -0.577322 0.331990 0.328713 0.0002734304 0.0000188641 -0.0001865414 0.0000017517 -0.0000128538 0.0001279262 0.0026519382 -0.0002989796 0.0000083282 0.0035407484 0.0000065147 0.0025405636
1413393901.65602 1.548780 0.454365 0.491516 0.670086 -0.568511 0.333642 0.341268 0.0002808744 0.0000261835 -0.0001826001 0.0000028898 -0.0000170142 0.0001193573 0.0026448701 -0.0002844431 0.0000078558 0.0035181925 0.0000069412 0.0025400520
1413393901.70602 1.532138 0.434037 0.492607 0.666549 -0.555889 0.343021 0.359216 0.0002952564 0.0000336086 -0.0001743781 0.0000042706 -0.0000198485 0.0001036018 0.0026337059 -0.0002641676 0.0000068223 0.0034996135 0.0000076154 0.0025392439
1413393901.75602 1.521536 0.405399 0.499279 0.660255 -0.543531 0.355552 0.377121 0.0003113030 0.0000394152 -0.0001634525 0.0000054379 -0.0000206974 0.0000864026 0.0026248675 -0.0002464995 0.0000063603 0.0034835623 0.0000078757 0.0025388446
1413393901.80602 1.512959 0.373279 0.503974 0.650480 -0.532927 0.372795 0.392286 0.0003282333 0.0000410520 -0.0001502608 0.0000055804 -0.0000187954 0.0000693358 0.0026139107 -0.0002255155 0.0000058306 0.0034746023 0.0000082852 0.0025384252
1413393901.85602 1.509313 0.338351 0.508568 0.640737 -0.527221 0.387792 0.401388 0.0003407387 0.0000390347 -0.0001393346 0.0000049189 -0.0000159610 0.0000575075 0.0026039857 -0.0002043497 0.0000055870 0.0034679759 0.0000083596 0.0025383022
1413393901.90602 1.508091 0.303932 0.511092 0.633318 -0.526472 0.398536 0.403613 0.0003478843 0.0000342667 -0.0001331375 0.0000038242 -0.0000131091 0.0000514766 0.0025947081 -0.0001828068 0.0000054648 0.0034672495 0.0000084012 0.0025382644
1413393901.95602 1.509438 0.268257 0.513474 0.628929 -0.527872 0.404075 0.403142 0.0003509968 0.0000302193 -0.0001306520 0.0000030529 -0.0000112410 0.0000491558 0.0025867041 -0.0001620341 0.0000053718 0.0034686196 0.0000083864 0.0025382402
1413393902.00603 1.513390 0.231795 0.516141 0.626434 -0.529736 0.406810 0.401829 0.0003521721 0.0000272319 -0.0001299742 0.0000025590 -0.0000100410 0.0000484936 0.0025793357 -0.0001407236 0.0000052738 0.0034730876 0.0000083191 0.0025381857
1413393902.05602 1.519414 0.195471 0.519204 0.625154 -0.531808 0.407984 0.399889 0.0003521974 0.0000248345 -0.0001304427 0.0000022069 -0.0000091873 0.0000488398 0.0025729268 -0.0001190045 0.0000051910 0.0034805650 0.0000082611 0.0025381454
1413393902.10602 1.524453 0.159716 0.524013 0.625018 -0.532995 0.407580 0.398933 0.0003517158 0.0000241544 -0.0001311320 0.0000021166 -0.0000089945 0.0000494211 0.0025672803 -0.0000972497 0.0000052152 0.0034900829 0.0000081870 0.0025380980
1413393902.15602 1.534230 0.123282 0.528506 0.624565 -0.532386 0.408008 0.400016 0.0003523256 0.0000245179 -0.0001303782 0.0000021667 -0.0000090619 0.0000487785 0.0025630895 -0.0000757463 0.0000051704 0.0034984493 0.0000080573 0.0025380417
1413393902.20602 1.544805 0.086346 0.532735 0.625089 -0.532314 0.407134 0.400185 0.0003519144 0.0000251759 -0.0001307290 0.0000022621 -0.0000093442 0.0000490909 0.0025594284 -0.0000538667 0.0000051689 0.0035125799 0.0000078813 0.0025377978
1413393902.25602 1.558198 0.049501 0.537698 0.624843 -0.531976 0.406937 0.401217 0.0003522106 0.0000257337 -0.0001302915 0.0000023439 -0.0000095115 0.0000487274 0.0025572733 -0.0000313436 0.0000051621 0.0035279910 0.0000078011 0.0025377522
1413393902.30603 1.572423 0.013467 0.542841 0.625050 -0.531866 0.406593 0.401389 0.0003520817 0.0000260924 -0.0001303678 0.0000023966 -0.0000096558 0.0000488003 0.0025559137 -0.0000085836 0.0000053083 0.0035472857 0.0000078050 0.0025375789
1413393902.35603 1.589942 -0.023435 0.546641 0.625218 -0.531384 0.406150 0.402213 0.0003521399 0.0000267956 -0.0001301714 0.0000025049 -0.0000099002 0.0000486493 0.0025559772 0.0000141585 0.0000053059 0.0035674537 0.0000077388 0.0025375203
1413393902.40603 1.609355 -0.060598 0.548474 0.624198 -0.530387 0.407343 0.403902 0.0003533805 0.0000271968 -0.0001286444 0.0000025607 -0.0000098961 0.0000473592 0.0025571372 0.0000383181 0.0000053272 0.0035920934 0.0000076901 0.0025374213
1413393902.45603 1.630410 -0.097066 0.548166 0.623092 -0.528685 0.408977 0.406185 0.0003550216 0.0000278526 -0.0001265519 0.0000026560 -0.0000099242 0.0000456378 0.0025594164 0.0000625906 0.0000053263 0.0036195372 0.0000076136 0.0025373430
1413393902.50603 1.653333 -0.132252 0.546709 0.621118 -0.526896 0.411632 0.408842 0.0003573142 0.0000280817 -0.0001236725 0.0000026800 -0.0000097155 0.0000433307 0.0025626144 0.0000867390 0.0000053500 0.0036495677 0.0000076197 0.0025372120
1413393902.55603 1.678274 -0.167104 0.545422 0.620430 -0.526640 0.412387 0.409455 0.0003579439 0.0000279549 -0.0001229154 0.0000026587 -0.0000095957 0.0000427351 0.0025667361 0.0001110977 0.0000053406 0.0036828106 0.0000076131 0.0025371153
1413393902.60603 1.705352 -0.201094 0.546102 0.620218 -0.527019 0.412601 0.409073 0.0003579549 0.0000274847 -0.0001230192 0.0000025885 -0.0000094420 0.0000428075 0.0025717691 0.0001360776 0.0000053248 0.0037194246 0.0000075949 0.0025370258
1413393902.65603 1.734191 -0.234540 0.548844 0.620451 -0.528046 0.411620 0.408382 0.0003572662 0.0000272954 -0.0001239420 0.0000025660 -0.0000094662 0.0000435305 0.0025776222 0.0001614747 0.0000053095 0.0037593391 0.0000075878 0.0025369198
1413393902.70604 1.765186 -0.268084 0.555650 0.620540 -0.528752 0.410990 0.407967 0.0003568447 0.0000271409 -0.0001245097 0.0000025468 -0.0000094671 0.0000439787 0.0025843665 0.0001878172 0.0000052876 0.0038025103 0.0000075832 0.0025368062
1413393902.75604 1.797850 -0.301693 0.565335 0.620660 -0.530266 0.410751 0.406057 0.0003561255 0.0000258851 -0.0001256731 0.0000023659 -0.0000091312 0.0000448868 0.0025917258 0.0002142924 0.0000052774 0.0038492471 0.0000075544 0.0025367101
1413393902.80604 1.832204 -0.334779 0.577809 0.619400 -0.535598 0.412028 0.399639 0.0003546112 0.0000202509 -0.0001285349 0.0000016429 -0.0000073344 0.0000471338 0.0026002829 0.0002428854 0.0000052628 0.0038994268 0.0000075176 0.0025366189
1413393902.85603 1.867954 -0.368348 0.592084 0.617398 -0.542528 0.414718 0.390503 0.0003525918 0.0000121102 -0.0001319139 0.0000009049 -0.0000045211 0.0000499041 0.0026095941 0.0002721961 0.0000052541 0.0039526217 0.0000074566 0.0025365497
1413393902.90603 1.903946 -0.401386 0.606636 0.615628 -0.552655 0.416509 0.376955 0.0003478379 0.0000014326 -0.0001377034 0.0000004973 -0.0000005526 0.0000550767 0.0026200437 0.0003033334 0.0000052438 0.0040080778 0.0000073991 0.0025364643
1413393902.95603 1.940097 -0.437120 0.621686 0.614420 -0.562119 0.416953 0.364226 0.0003422104 -0.0000078450 -0.0001432500 0.0000006741 0.0000033039 0.0000605385 0.0026313214 0.0003351822 0.0000052104 0.0040632652 0.0000073266 0.0025364151
1413393903.00603 1.975518 -0.473593 0.636906 0.612627 -0.570310 0.418122 0.352999 0.0003371225 -0.0000163123 -0.0001473930 0.0000012872 0.0000071577 0.0000650255 0.0026447852 0.0003705735 0.0000051786 0.0041190113 0.0000072303 0.0025363831
1413393903.05603 2.009888 -0.511738 0.652818 0.610218 -0.576196 0.419937 0.345376 0.0003338758 -0.0000228369 -0.0001494734 0.0000020646 0.0000102545 0.0000675093 0.0026598129 0.0004077214 0.0000051583 0.0041737408 0.0000071158 0.0025363677
1413393903.10603 2.043241 -0.551786 0.669801 0.609165 -0.576770 0.420622 0.345444 0.0003341840 -0.0000235590 -0.0001490983 0.0000021669 0.0000105420 0.0000671143 0.0026769355 0.0004472142 0.0000051357 0.0042270287 0.0000069845 0.0025363591
1413393903.15603 2.075842 -0.594660 0.687887 0.607238 -0.573425 0.423408 0.350957 0.0003384417 -0.0000218873 -0.0001454731 0.0000019245 0.0000094371 0.0000631177 0.0026962146 0.0004887979 0.0000051156 0.0042798851 0.0000068485 0.0025363512
1413393903.20603 2.107294 -0.639379 0.705885 0.606173 -0.569079 0.424646 0.358301 0.0003428307 -0.0000181560 -0.0001417575 0.0000014729 0.0000075336 0.0000592001 0.0027181873 0.0005333182 0.0000050819 0.0043324028 0.0000067371 0.0025363339
1413393903.25603 2.137670 -0.685691 0.723146 0.604243 -0.565402 0.425503 0.366275 0.0003471424 -0.0000143881 -0.0001377880 0.0000011102 0.0000057344 0.0000552715 0.0027427431 0.0005802195 0.0000050409 0.0043839983 0.0000066502 0.0025363069
1413393903.30603 2.166663 -0.732661 0.739507 0.601411 -0.563257 0.425159 0.374547 0.0003508336 -0.0000106810 -0.0001341461 0.0000008415 0.0000041050 0.0000518702 0.0027695930 0.0006287397 0.0000049951 0.0044344556 0.0000065673 0.0025362856
1413393903.35603 2.194221 -0.780088 0.753954 0.598043 -0.564186 0.422002 0.382038 0.0003527378 -0.0000072303 -0.0001322496 0.0000006664 0.0000027298 0.0000501606 0.0027984361 0.0006782747 0.0000049504 0.0044833296 0.0000065074 0.0025362549
1413393903.40603 2.221173 -0.828000 0.765420 0.591297 -0.568360 0.418931 0.389656 0.0003546296 -0.0000058471 -0.0001301456 0.0000006168 0.0000021641 0.0000483390 0.0028294610 0.0007288127 0.0000049181 0.0045302738 0.0000064602 0.0025362581
1413393903.45603 2.247279 -0.875683 0.771945 0.582234 -0.575599 0.415748 0.396034 0.0003559059 -0.0000066413 -0.0001286110 0.0000006463 0.0000024189 0.0000470525 0.0028621458 0.0007799889 0.0000048914 0.0045773512 0.0000064290 0.0025362814
1413393903.50603 2.272709 -0.922468 0.772595 0.570786 -0.584975 0.413155 0.401636 0.0003570388 -0.0000094792 -0.0001270806 0.0000007760 0.0000033947 0.0000458098 0.0028965389 0.0008317579 0.0000048646 0.0046237571 0.0000063909 0.0025363238
1413393903.55603 2.297419 -0.968952 0.768127 0.557842 -0.594609 0.411120 0.407715 0.0003585882 -0.0000129630 -0.0001248694 0.0000009950 0.0000045367 0.0000440603 0.0029314745 0.0008827897 0.0000048334 0.0046696475 0.0000063842 0.0025363758
1413393903.60602 2.322234 -1.015560 0.762345 0.542098 -0.602786 0.412845 0.415136 0.0003620142 -0.0000182585 -0.0001197671 0.0000014495 0.0000060657 0.0000401960 0.0029683264 0.0009346951 0.0000048011 0.0047145686 0.0000063994 0.0025364268
1413393903.65602 2.346359 -1.061211 0.756192 0.525898 -0.610030 0.415073 0.423095 0.0003656178 -0.0000236377 -0.0001138203 0.0000020592 0.0000073858 0.0000360018 0.0030062151 0.0009866397 0.0000047721 0.0047596142 0.0000064010 0.0025365003
1413393903.70603 2.368572 -1.104691 0.749670 0.511156 -0.617837 0.416003 0.428880 0.0003675429 -0.0000291054 -0.0001097146 0.0000028386 0.0000087174 0.0000333169 0.0030449994 0.0010382492 0.0000047432 0.0048034770 0.0000064227 0.0025365825
1413393903.75603 2.389379 -1.148531 0.743897 0.497541 -0.625049 0.415987 0.434421 0.0003689140 -0.0000338533 -0.0001062373 0.0000036425 0.0000097792 0.0000311572 0.0030833876 0.0010875408 0.0000046513 0.0048426167 0.0000064884 0.0025365644
1413393903.80603 2.408717 -1.190274 0.738963 0.486758 -0.633206 0.414516 0.436227 0.0003681112 -0.0000386395 -0.0001058921 0.0000045947 0.0000111475 0.0000310260 0.0031232454 0.0011369724 0.0000045888 0.0048799261 0.0000065646 0.0025366257
1413393903.85603 2.426094 -1.229580 0.734698 0.477013 -0.642195 0.413669 0.434652 0.0003657567 -0.0000447839 -0.0001071547 0.0000060252 0.0000131557 0.0000319584 0.0031619686 0.0011838010 0.0000044147 0.0049139613 0.0000066123 0.0025365816
1413393903.90603 2.441074 -1.267513 0.731386 0.468563 -0.650575 0.413212 0.431806 0.0003628357 -0.0000508418 -0.0001088966 0.0000076695 0.0000152978 0.0000332504 0.0031995821 0.0012277441 0.0000043198 0.0049437989 0.0000066863 0.0025366310
1413393903.95603 2.453086 -1.302914 0.729624 0.460956 -0.657505 0.413247 0.429458 0.0003602778 -0.0000561785 -0.0001100485 0.0000093086 0.0000172019 0.0000341835 0.0032366876 0.0012692400 0.0000042110 0.0049681115 0.0000067752 0.0025366751
1413393904.00603 2.461403 -1.336802 0.728645 0.455158 -0.662326 0.412688 0.428771 0.0003587083 -0.0000594278 -0.0001106130 0.0000103958 0.0000183689 0.0000346770 0.0032719615 0.0013068522 0.0000040844 0.0049857708 0.0000068851 0.0025366938
1413393904.05603 2.466670 -1.368475 0.727936 0.452414 -0.666110 0.410336 0.428069 0.0003571540 -0.0000603909 -0.0001122975 0.0000107628 0.0000190328 0.0000358777 0.0033066965 0.0013412923 0.0000039805 0.0049961808 0.0000069784 0.0025367397
1413393904.10603 2.468617 -1.399079 0.726068 0.451128 -0.667162 0.407202 0.430772 0.0003576586 -0.0000586386 -0.0001125477 0.0000101644 0.0000184958 0.0000359842 0.0033394986 0.0013717944 0.0000038668 0.0050004863 0.0000071034 0.0025367636
1413393904.15602 2.467756 -1.428161 0.722304 0.453442 -0.667807 0.401255 0.432919 0.0003576054 -0.0000543207 -0.0001147871 0.0000087998 0.0000174779 0.0000374141 0.0033719952 0.0013997348 0.0000037540 0.0049987637 0.0000072592 0.0025367690
1413393904.20601 2.464520 -1.456441 0.717690 0.456573 -0.668085 0.394924 0.435015 0.0003574573 -0.0000494100 -0.0001171987 0.0000073754 0.0000162394 0.0000389956 0.0034033516 0.0014247208 0.0000036357 0.0049919525 0.0000074494 0.0025367436
1413393904.25600 2.458582 -1.483181 0.713584 0.460158 -0.668153 0.388766 0.436678 0.0003570556 -0.0000445065 -0.0001196908 0.0000060912 0.0000149565 0.0000406938 0.0034346723 0.0014476425 0.0000035285 0.0049804432 0.0000076083 0.0025367249
1413393904.30599 2.449810 -1.508166 0.713738 0.462590 -0.666851 0.384567 0.439805 0.0003578492 -0.0000401530 -0.0001202159 0.0000050469 0.0000135238 0.0000409563 0.0034651051 0.0014674765 0.0000034404 0.0049632901 0.0000077371 0.0025367045
1413393904.35599 2.438193 -1.531795 0.717978 0.463526 -0.665691 0.382869 0.442053 0.0003587152 -0.0000378910 -0.0001198412 0.0000045427 0.0000126923 0.0000406064 0.0034940967 0.0014839885 0.0000033718 0.0049411695 0.0000078336 0.0025367026
1413393904.40598 2.423865 -1.553052 0.726234 0.463418 -0.665820 0.381000 0.443584 0.0003589850 -0.0000365100 -0.0001199384 0.0000042528 0.0000122311 0.0000406404 0.0035212115 0.0014966569 0.0000033313 0.0049133967 0.0000078949 0.0025367169
1413393904.45598 2.406349 -1.573924 0.738915 0.461853 -0.666833 0.378827 0.445552 0.0003592427 -0.0000355493 -0.0001199096 0.0000040559 0.0000118989 0.0000405910 0.0035477578 0.0015065475 0.0000033281 0.0048800517 0.0000079163 0.0025367280
1413393904.50598 2.386636 -1.593976 0.755589 0.459523 -0.668239 0.375800 0.448407 0.0003596169 -0.0000343093 -0.0001198025 0.0000038103 0.0000114628 0.0000404768 0.0035744180 0.0015139366 0.0000033419 0.0048411192 0.0000079194 0.0025367694
1413393904.55598 2.365007 -1.613028 0.774300 0.457418 -0.669506 0.369504 0.453869 0.0003604416 -0.0000303814 -0.0001197980 0.0000030959 0.0000101296 0.0000403816 0.0035986768 0.0015177247 0.0000033782 0.0047988568 0.0000079146 0.0025368227
1413393904.60599 2.341692 -1.630657 0.792009 0.459635 -0.672812 0.354634 0.458578 0.0003583952 -0.0000212000 -0.0001244006 0.0000017842 0.0000073874 0.0000437488 0.0036213682 0.0015191178 0.0000034231 0.0047546209 0.0000079075 0.0025368652
1413393904.65600 2.317213 -1.647278 0.807673 0.464165 -0.677978 0.333972 0.461908 0.0003533478 -0.0000091488 -0.0001319220 0.0000007641 0.0000034398 0.0000498322 0.0036436447 0.0015187496 0.0000034715 0.0047090084 0.0000079123 0.0025369258
1413393904.70600 2.292560 -1.663603 0.820789 0.466102 -0.685558 0.314214 0.462631 0.0003465273 0.0000000667 -0.0001396950 0.0000005249 -0.0000000072 0.0000569062 0.0036649991 0.0015170053 0.0000035160 0.0046632010 0.0000079156 0.0025369975
1413393904.75600 2.267716 -1.680975 0.831358 0.466285 -0.693653 0.294630 0.463267 0.0003392957 0.0000085068 -0.0001465953 0.0000007362 -0.0000036606 0.0000639416 0.0036872496 0.0015155176 0.0000035627 0.0046182735 0.0000079230 0.0025370838
1413393904.80600 2.242965 -1.699650 0.840178 0.463531 -0.701315 0.278430 0.464514 0.0003335629 0.0000145898 -0.0001513246 0.0000011581 -0.0000066081 0.0000692634 0.0037127454 0.0015157779 0.0000036105 0.0045739715 0.0000079266 0.0025371719
1413393904.85599 2.218369 -1.720987 0.847503 0.458511 -0.707705 0.264517 0.467922 0.0003300794 0.0000198450 -0.0001537183 0.0000017109 -0.0000092352 0.0000722054 0.0037410244 0.0015174595 0.0000036544 0.0045306514 0.0000079194 0.0025372795
1413393904.90599 2.193786 -1.745336 0.853550 0.450435 -0.712383 0.254823 0.474009 0.0003301547 0.0000232396 -0.0001531954 0.0000021507 -0.0000107797 0.0000717012 0.0037740899 0.0015218199 0.0000036937 0.0044885555 0.0000079028 0.0025373925
1413393904.95598 2.169342 -1.772620 0.858847 0.439444 -0.713619 0.248761 0.485546 0.0003350932 0.0000262334 -0.0001484350 0.0000025654 -0.0000116184 0.0000663576 0.0038123046 0.0015283740 0.0000037337 0.0044463638 0.0000078707 0.0025375164
1413393905.00598 2.144786 -1.802494 0.862354 0.425395 -0.713542 0.246050 0.499356 0.0003427468 0.0000272936 -0.0001410036 0.0000026815 -0.0000112260 0.0000585993 0.0038554694 0.0015372742 0.0000037690 0.0044054537 0.0000078356 0.0025376495
1413393905.05598 2.121499 -1.834282 0.863551 0.411281 -0.713307 0.243194 0.512735 0.0003498778 0.0000279752 -0.0001333727 0.0000027404 -0.0000106608 0.0000514195 0.0039021158 0.0015474935 0.0000038141 0.0043658238 0.0000078123 0.0025377845
1413393905.10597 2.099666 -1.867659 0.861266 0.397264 -0.714364 0.239658 0.523860 0.0003554312 0.0000278132 -0.0001269954 0.0000026761 -0.0000099344 0.0000459435 0.0039504460 0.0015588402 0.0000038404 0.0043294736 0.0000077983 0.0025379346
1413393905.15597 2.079378 -1.900508 0.854889 0.382552 -0.716798 0.236057 0.533041 0.0003599610 0.0000263079 -0.0001216697 0.0000024172 -0.0000088888 0.0000416848 0.0040013598 0.0015717899 0.0000038349 0.0042962872 0.0000077887 0.0025380645
1413393905.20598 2.059619 -1.934761 0.845037 0.367145 -0.721046 0.233673 0.539160 0.0003633239 0.0000224245 -0.0001180010 0.0000018705 -0.0000072793 0.0000388762 0.0040527583 0.0015852242 0.0000038330 0.0042659714 0.0000078144 0.0025381938
1413393905.25598 2.042668 -1.969356 0.832860 0.351589 -0.725900 0.230931 0.544174 0.0003658361 0.0000180513 -0.0001152842 0.0000013714 -0.0000056840 0.0000368739 0.0041071509 0.0015996379 0.0000038181 0.0042368164 0.0000078400 0.0025383258
1413393905.30598 2.027295 -2.003991 0.819363 0.335506 -0.731575 0.228363 0.547800 0.0003676431 0.0000127398 -0.0001134245 0.0000009164 -0.0000039252 0.0000355332 0.0041623420 0.0016157328 0.0000037980 0.0042124862 0.0000078788 0.0025384642
1413393905.35599 2.013672 -2.038663 0.806471 0.320254 -0.737543 0.225028 0.550300 0.0003685223 0.0000077700 -0.0001126131 0.0000006323 -0.0000023684 0.0000349468 0.0042183389 0.0016325748 0.0000037357 0.0041906544 0.0000079237 0.0025385737
1413393905.40599 2.001169 -2.072858 0.794011 0.306411 -0.743302 0.220103 0.552421 0.0003687320 0.0000042221 -0.0001125234 0.0000005109 -0.0000012831 0.0000348677 0.0042750574 0.0016501215 0.0000036764 0.0041713986 0.0000079625 0.0025386729
1413393905.45599 1.990098 -2.106809 0.782854 0.292225 -0.748692 0.214881 0.554880 0.0003689899 0.0000008240 -0.0001122488 0.0000004584 -0.0000002461 0.0000346707 0.0043316630 0.0016676153 0.0000036190 0.0041537525 0.0000080041 0.0025387735
1413393905.50599 1.979590 -2.140009 0.772737 0.278589 -0.754511 0.208752 0.556349 0.0003685335 -0.0000020666 -0.0001129402 0.0000004614 0.0000006364 0.0000351269 0.0043879840 0.0016854594 0.0000035266 0.0041383144 0.0000080661 0.0025388281
1413393905.55599 1.970211 -2.171899 0.762949 0.263043 -0.761452 0.204776 0.555937 0.0003673783 -0.0000075738 -0.0001144245 0.0000005996 0.0000023625 0.0000361485 0.0044435664 0.0017027831 0.0000034349 0.0041237994 0.0000080765 0.0025388970
1413393905.60599 1.961734 -2.202754 0.753394 0.246393 -0.769521 0.201398 0.553685 0.0003651087 -0.0000143755 -0.0001170330 0.0000010031 0.0000046128 0.0000380202 0.0044973181 0.0017192449 0.0000033603 0.0041104101 0.0000081009 0.0025389785
1413393905.65599 1.952651 -2.233264 0.744329 0.229599 -0.776386 0.198192 0.552475 0.0003631981 -0.0000207616 -0.0001187337 0.0000016170 0.0000067938 0.0000393169 0.0045496370 0.0017350153 0.0000032751 0.0040976926 0.0000081056 0.0025390643
1413393905.70599 1.943756 -2.261984 0.736264 0.212435 -0.782072 0.195391 0.552319 0.0003617240 -0.0000271885 -0.0001194563 0.0000024685 0.0000089865 0.0000399467 0.0046015336 0.0017492739 0.0000032302 0.0040837900 0.0000081182 0.0025391794
1413393905.75599 1.934386 -2.288825 0.729543 0.194568 -0.786634 0.192989 0.553268 0.0003606787 -0.0000337669 -0.0001192004 0.0000035808 0.0000111679 0.0000398852 0.0046501740 0.0017615609 0.0000031924 0.0040697122 0.0000081211 0.0025392924
1413393905.80599 1.925073 -2.313078 0.723786 0.177193 -0.791757 0.191153 0.552434 0.0003583808 -0.0000407474 -0.0001200831 0.0000050462 0.0000136626 0.0000407213 0.0046959440 0.0017716951 0.0000031858 0.0040548200 0.0000081697 0.0025394411
1413393905.85599 1.910955 -2.336789 0.717751 0.160156 -0.799110 0.189751 0.547511 0.0003533875 -0.0000481859 -0.0001237062 0.0000069772 0.0000168787 0.0000437844 0.0047364888 0.0017790937 0.0000031649 0.0040395377 0.0000082379 0.0025395653
1413393905.90599 1.898131 -2.357375 0.713110 0.145140 -0.807404 0.186314 0.540666 0.0003468468 -0.0000538955 -0.0001290942 0.0000087741 0.0000200727 0.0000485275 0.0047762959 0.0017802350 0.0000031231 0.0040152158 0.0000082898 0.0025396994
1413393905.95599 1.884114 -2.375443 0.709625 0.132331 -0.815942 0.180638 0.533007 0.0003397420 -0.0000570079 -0.0001354096 0.0000099578 0.0000227361 0.0000544501 0.0048098091 0.0017795575 0.0000031010 0.0039928259 0.0000083561 0.0025398609
1413393906.00599 1.867933 -2.389758 0.708219 0.120953 -0.822361 0.172932 0.528381 0.0003347402 -0.0000576962 -0.0001400589 0.0000103262 0.0000241552 0.0000590792 0.0048384716 0.0017747452 0.0000030612 0.0039674456 0.0000084104 0.0025400080
1413393906.05598 1.847622 -2.401541 0.708945 0.115614 -0.827030 0.158238 0.526892 0.0003327402 -0.0000513953 -0.0001443514 0.0000083093 0.0000223069 0.0000630969 0.0048600850 0.0017641321 0.0000030440 0.0039380648 0.0000084692 0.0025401629
1413393906.10598 1.824078 -2.410451 0.711218 0.113774 -0.828626 0.139500 0.530070 0.0003343068 -0.0000407415 -0.0001463304 0.0000053249 0.0000178363 0.0000645171 0.0048773997 0.0017485964 0.0000030342 0.0039044094 0.0000085160 0.0025402970
1413393906.15598 1.798140 -2.417081 0.713187 0.112414 -0.827152 0.121597 0.537025 0.0003383653 -0.0000298243 -0.0001452499 0.0000029781 0.0000127988 0.0000628069 0.0048912819 0.0017288822 0.0000030312 0.0038671379 0.0000085661 0.0025404131
1413393906.20597 1.770475 -2.422572 0.714226 0.111885 -0.823002 0.103419 0.547224 0.0003444230 -0.0000179036 -0.0001413592 0.0000012709 0.0000073373 0.0000584593 0.0049021158 0.0017063271 0.0000030174 0.0038280955 0.0000086084 0.0025404925
1413393906.25597 1.741262 -2.428239 0.713313 0.110493 -0.816898 0.087985 0.559220 0.0003513700 -0.0000076864 -0.0001349885 0.0000005009 0.0000029369 0.0000522883 0.0049119797 0.0016821103 0.0000030203 0.0037880916 0.0000086823 0.0025405769
1413393906.30597 1.711350 -2.432643 0.710281 0.108338 -0.810897 0.074759 0.570193 0.0003572616 0.0000007733 -0.0001284190 0.0000003286 -0.0000002973 0.0000465762 0.0049237559 0.0016566399 0.0000030310 0.0037462458 0.0000087905 0.0025406752
1413393906.35598 1.681158 -2.437562 0.703721 0.105258 -0.806438 0.063859 0.578360 0.0003613350 0.0000070488 -0.0001231551 0.0000004590 -0.0000024236 0.0000423792 0.0049331351 0.0016305170 0.0000030442 0.0037055284 0.0000089267 0.0025407641
1413393906.40599 1.651212 -2.442452 0.693978 0.100770 -0.803908 0.056352 0.583440 0.0003637566 0.0000102323 -0.0001197550 0.0000006037 -0.0000033903 0.0000398197 0.0049438660 0.0016054108 0.0000030398 0.0036664422 0.0000090741 0.0025408548
1413393906.45599 1.623093 -2.447908 0.681288 0.095578 -0.801150 0.050339 0.588634 0.0003663794 0.0000121637 -0.0001159700 0.0000007135 -0.0000038717 0.0000370948 0.0049542299 0.0015815029 0.0000030503 0.0036299684 0.0000092027 0.0025409608
1413393906.50600 1.596384 -2.453670 0.664628 0.088710 -0.799914 0.046026 0.591735 0.0003679420 0.0000119750 -0.0001137672 0.0000006939 -0.0000037236 0.0000355582 0.0049661144 0.0015591011 0.0000031119 0.0035955940 0.0000093448 0.0025410856
1413393906.55600 1.569666 -2.460659 0.644990 0.080536 -0.798944 0.044470 0.594327 0.0003695140 0.0000094498 -0.0001117106 0.0000005410 -0.0000028771 0.0000341483 0.0049792572 0.0015378199 0.0000031861 0.0035628881 0.0000094916 0.0025412621
1413393906.60600 1.544012 -2.468098 0.622081 0.070150 -0.798822 0.045612 0.595720 0.0003705375 0.0000040633 -0.0001105157 0.0000003381 -0.0000012300 0.0000333318 0.0049937320 0.0015173259 0.0000032175 0.0035312735 0.0000096282 0.0025413697
1413393906.65600 1.519808 -2.476371 0.597029 0.057909 -0.798713 0.048685 0.596937 0.0003713890 -0.0000034097 -0.0001092549 0.0000003206 0.0000009869 0.0000325042 0.0050084443 0.0014980370 0.0000032820 0.0035017686 0.0000097662 0.0025415393
1413393906.70600 1.496606 -2.484998 0.571021 0.044414 -0.799537 0.056089 0.596341 0.0003709235 -0.0000142615 -0.0001091230 0.0000008340 0.0000041823 0.0000324615 0.0050252645 0.0014803138 0.0000033355 0.0034739994 0.0000099005 0.0025417001
1413393906.75600 1.474530 -2.492874 0.545837 0.031910 -0.799774 0.064425 0.595981 0.0003700343 -0.0000251639 -0.0001085412 0.0000019937 0.0000073712 0.0000321909 0.0050411585 0.0014633102 0.0000033825 0.0034479410 0.0000100044 0.0025418497
1413393906.80600 1.453585 -2.499445 0.521648 0.021368 -0.798247 0.071539 0.597685 0.0003699133 -0.0000343047 -0.0001062105 0.0000034608 0.0000098422 0.0000308398 0.0050540264 0.0014461411 0.0000033816 0.0034231761 0.0000100611 0.0025419415
1413393906.85600 1.433902 -2.503077 0.498764 0.014894 -0.796699 0.073803 0.599668 0.0003702674 -0.0000385643 -0.0001041779 0.0000042906 0.0000108450 0.0000296481 0.0050625289 0.0014288777 0.0000033587 0.0034002046 0.0000101037 0.0025419716
1413393906.90601 1.415282 -2.505041 0.476846 0.011209 -0.794385 0.074108 0.602773 0.0003715318 -0.0000403661 -0.0001014196 0.0000046580 0.0000110135 0.0000280162 0.0050653640 0.0014113936 0.0000033918 0.0033792471 0.0000101943 0.0025420726
1413393906.95600 1.396876 -2.505383 0.455028 0.009165 -0.792136 0.072974 0.605897 0.0003730233 -0.0000405296 -0.0000988245 0.0000046732 0.0000107320 0.0000265067 0.0050647389 0.0013938184 0.0000033941 0.0033595112 0.0000102730 0.0025421431
1413393907.00600 1.380693 -2.503159 0.434590 0.009154 -0.790846 0.070634 0.607857 0.0003741691 -0.0000391020 -0.0000974091 0.0000043540 0.0000101739 0.0000256802 0.0050612024 0.0013756584 0.0000034003 0.0033403141 0.0000103764 0.0025422143
1413393907.05600 1.366049 -2.499046 0.415073 0.014737 -0.791392 0.061350 0.608044 0.0003753121 -0.0000308260 -0.0000983509 0.0000027965 0.0000080708 0.0000260906 0.0050522724 0.0013588855 0.0000033899 0.0033243921 0.0000105031 0.0025422512
1413393907.10599 1.352540 -2.493878 0.395693 0.020868 -0.792511 0.051599 0.607312 0.0003757403 -0.0000219663 -0.0000999591 0.0000015457 0.0000058356 0.0000269076 0.0050406744 0.0013428874 0.0000033633 0.0033101973 0.0000106384 0.0025422587
1413393907.15598 1.340892 -2.487062 0.376420 0.026493 -0.794364 0.042831 0.605351 0.0003751414 -0.0000140104 -0.0001024038 0.0000007827 0.0000038150 0.0000282679 0.0050278752 0.0013275445 0.0000034097 0.0032971669 0.0000108197 0.0025423743
1413393907.20597 1.330660 -2.479064 0.357811 0.033120 -0.795662 0.032245 0.603975 0.0003745567 -0.0000044227 -0.0001042361 0.0000003100 0.0000012198 0.0000293215 0.0050126553 0.0013131495 0.0000034531 0.0032858995 0.0000110053 0.0025424723
1413393907.25596 1.321704 -2.470869 0.340370 0.042312 -0.796705 0.018421 0.602605 0.0003733900 0.0000083601 -0.0001059053 0.0000004440 -0.0000023845 0.0000303509 0.0049966180 0.0012999410 0.0000034884 0.0032761562 0.0000112030 0.0025425485
1413393907.30595 1.314208 -2.463300 0.323411 0.053252 -0.797668 0.001996 0.600738 0.0003709382 0.0000234646 -0.0001075584 0.0000017410 -0.0000068200 0.0000315002 0.0049817080 0.0012885813 0.0000035153 0.0032680659 0.0000114123 0.0025425946
1413393907.35594 1.307419 -2.457685 0.307601 0.063359 -0.797378 -0.013547 0.599993 0.0003682641 0.0000375923 -0.0001077133 0.0000040952 -0.0000110141 0.0000318159 0.0049702320 0.0012793529 0.0000035283 0.0032612798 0.0000116320 0.0025426231
1413393907.40593 1.302754 -2.454195 0.292401 0.067792 -0.798919 -0.022174 0.597195 0.0003652623 0.0000446047 -0.0001096046 0.0000057050 -0.0000134042 0.0000331993 0.0049641432 0.0012724622 0.0000034780 0.0032554466 0.0000118411 0.0025426147
1413393907.45593 1.299251 -2.454025 0.279326 0.064942 -0.801308 -0.019142 0.594408 0.0003644231 0.0000412682 -0.0001121198 0.0000049305 -0.0000127151 0.0000348058 0.0049647813 0.0012688544 0.0000034642 0.0032512776 0.0000119788 0.0025426487
1413393907.50593 1.297538 -2.456432 0.270100 0.059394 -0.803127 -0.011863 0.592722 0.0003648259 0.0000342301 -0.0001138782 0.0000034677 -0.0000107010 0.0000358572 0.0049709513 0.0012688254 0.0000034298 0.0032492701 0.0000120068 0.0025426814
1413393907.55593 1.296359 -2.462499 0.265268 0.048886 -0.804361 0.002201 0.592122 0.0003664382 0.0000208013 -0.0001147809 0.0000014352 -0.0000065280 0.0000362634 0.0049814408 0.0012697345 0.0000033650 0.0032469202 0.0000119346 0.0025426728
1413393907.60592 1.296218 -2.470622 0.265234 0.041788 -0.803960 0.012611 0.593080 0.0003678718 0.0000111717 -0.0001140327 0.0000005931 -0.0000034723 0.0000356566 0.0049965614 0.0012728156 0.0000032653 0.0032455948 0.0000118056 0.0025426510
1413393907.65592 1.296227 -2.480795 0.264455 0.035833 -0.804920 0.020699 0.591938 0.0003676521 0.0000033883 -0.0001148217 0.0000002851 -0.0000010650 0.0000361689 0.0050136708 0.0012775623 0.0000032016 0.0032454671 0.0000116619 0.0025426322
1413393907.70590 1.297327 -2.491616 0.261765 0.031541 -0.806917 0.026426 0.589230 0.0003662199 -0.0000022311 -0.0001168601 0.0000002676 0.0000007072 0.0000375994 0.0050341106 0.0012835275 0.0000031022 0.0032457314 0.0000114881 0.0025425680
1413393907.75590 1.297991 -2.501509 0.256360 0.028927 -0.808257 0.030018 0.587352 0.0003651509 -0.0000056942 -0.0001182074 0.0000003436 0.0000018400 0.0000385774 0.0050555635 0.0012898910 0.0000030576 0.0032463555 0.0000114134 0.0025426045
1413393907.80588 1.299253 -2.511687 0.246043 0.026952 -0.807524 0.032521 0.588320 0.0003656676 -0.0000081114 -0.0001173160 0.0000004353 0.0000026001 0.0000379489 0.0050744857 0.0012956219 0.0000029864 0.0032469493 0.0000112976 0.0025425923
1413393907.85587 1.300946 -2.519636 0.230669 0.025069 -0.806233 0.034204 0.590077 0.0003666513 -0.0000099450 -0.0001157607 0.0000005262 0.0000031385 0.0000368592 0.0050937671 0.0013024556 0.0000029411 0.0032487696 0.0000112628 0.0025426293
1413393907.90587 1.303029 -2.526713 0.209726 0.023584 -0.803859 0.036066 0.593257 0.0003684052 -0.0000116815 -0.0001130316 0.0000006281 0.0000035834 0.0000349897 0.0051087423 0.0013082593 0.0000028943 0.0032506836 0.0000112438 0.0025426720
1413393907.95586 1.305918 -2.532025 0.183858 0.024659 -0.801629 0.033662 0.596363 0.0003701599 -0.0000096075 -0.0001105728 0.0000005080 0.0000028691 0.0000333394 0.0051212957 0.0013142281 0.0000028484 0.0032533722 0.0000112529 0.0025426953
1413393908.00587 1.310254 -2.535871 0.155219 0.025973 -0.799901 0.030150 0.598811 0.0003715053 -0.0000067569 -0.0001086799 0.0000003825 0.0000019756 0.0000321024 0.0051303200 0.0013206992 0.0000027928 0.0032574287 0.0000112983 0.0025427183
1413393908.05587 1.315376 -2.539425 0.127455 0.028404 -0.798728 0.025672 0.600473 0.0003723783 -0.0000028015 -0.0001074503 0.0000002821 0.0000008069 0.0000313147 0.0051373697 0.0013279007 0.0000027416 0.0032627718 0.0000113750 0.0025427974
1413393908.10588 1.322553 -2.542937 0.101007 0.029937 -0.799878 0.022068 0.599010 0.0003715188 0.0000000866 -0.0001088075 0.0000002626 -0.0000000269 0.0000321783 0.0051441307 0.0013371477 0.0000026844 0.0032702982 0.0000114686 0.0025428886
1413393908.15588 1.332207 -2.548811 0.074583 0.030762 -0.803090 0.019581 0.594741 0.0003690410 0.0000018006 -0.0001125212 0.0000002721 -0.0000005502 0.0000346218 0.0051512575 0.0013481813 0.0000025603 0.0032794690 0.0000115429 0.0025427602
1413393908.20588 1.342193 -2.553893 0.053955 0.031965 -0.805305 0.016673 0.591764 0.0003672966 0.0000040976 -0.0001149816 0.0000003107 -0.0000012840 0.0000363118 0.0051637742 0.0013630481 0.0000024952 0.0032914064 0.0000116224 0.0025428731
1413393908.25588 1.353103 -2.559584 0.037289 0.031918 -0.806097 0.015798 0.590711 0.0003666509 0.0000045717 -0.0001158572 0.0000003237 -0.0000014454 0.0000369286 0.0051748194 0.0013771856 0.0000024271 0.0033030603 0.0000116990 0.0025429870
1413393908.30588 1.365296 -2.565872 0.024266 0.032089 -0.803599 0.015118 0.594114 0.0003685448 0.0000051925 -0.0001130557 0.0000003414 -0.0000015932 0.0000350002 0.0051874705 0.0013934496 0.0000023383 0.0033165707 0.0000117600 0.0025430598
1413393908.35589 1.377884 -2.572177 0.013886 0.030902 -0.798336 0.016103 0.601203 0.0003724670 0.0000043029 -0.0001070536 0.0000003197 -0.0000012363 0.0000310863 0.0052011553 0.0014103423 0.0000022598 0.0033305991 0.0000118063 0.0025431549
1413393908.40589 1.391353 -2.578499 0.003839 0.030081 -0.796496 0.016465 0.603671 0.0003737873 0.0000037844 -0.0001049101 0.0000003100 -0.0000010611 0.0000297624 0.0052150345 0.0014284238 0.0000021753 0.0033459095 0.0000118458 0.0025432210
1413393908.45588 1.405771 -2.585621 -0.006678 0.028626 -0.796904 0.017471 0.603174 0.0003735430 0.0000024674 -0.0001053221 0.0000002898 -0.0000006939 0.0000300154 0.0052290667 0.0014472736 0.0000020944 0.0033621293 0.0000118942 0.0025433114
1413393908.50588 1.420877 -2.592504 -0.016893 0.027290 -0.798912 0.017937 0.600560 0.0003721556 0.0000014651 -0.0001075419 0.0000002810 -0.0000004209 0.0000313985 0.0052440703 0.0014672278 0.0000020150 0.0033793602 0.0000119330 0.0025433927
1413393908.55587 1.436766 -2.599242 -0.026577 0.026638 -0.801586 0.017269 0.597036 0.0003702165 0.0000014599 -0.0001105271 0.0000002828 -0.0000004330 0.0000333229 0.0052584666 0.0014879115 0.0000019382 0.0033976808 0.0000119637 0.0025434623
1413393908.60587 1.453250 -2.605921 -0.035585 0.023962 -0.804278 0.019423 0.593452 0.0003682468 -0.0000012168 -0.0001134470 0.0000002827 0.0000003787 0.0000352786 0.0052730216 0.0015094393 0.0000018674 0.0034170021 0.0000119787 0.0025435212
1413393908.65587 1.470515 -2.612550 -0.044843 0.019834 -0.807623 0.023288 0.588905 0.0003656270 -0.0000056063 -0.0001170451 0.0000003664 0.0000018001 0.0000378011 0.0052870114 0.0015310604 0.0000018009 0.0034367373 0.0000119826 0.0025435861
1413393908.70588 1.488343 -2.618446 -0.053760 0.008382 -0.809524 0.037755 0.585811 0.0003632600 -0.0000197571 -0.0001187611 0.0000013575 0.0000064690 0.0000391620 0.0053003398 0.0015531831 0.0000017335 0.0034573216 0.0000119447 0.0025436498
1413393908.75589 1.505515 -2.621553 -0.057526 -0.003782 -0.809187 0.053188 0.585127 0.0003613394 -0.0000346623 -0.0001178987 0.0000036103 0.0000113243 0.0000388043 0.0053102803 0.0015746035 0.0000017117 0.0034780428 0.0000117146 0.0025434033
1413393908.80589 1.523412 -2.624958 -0.062532 -0.013769 -0.805963 0.065357 0.588186 0.0003610733 -0.0000464943 -0.0001140971 0.0000062759 0.0000147098 0.0000363893 0.0053117752 0.0015928713 0.0000016546 0.0034983305 0.0000116243 0.0025434468
1413393908.85589 1.540805 -2.624865 -0.061643 -0.018611 -0.800247 0.070235 0.595253 0.0003639300 -0.0000516631 -0.0001076387 0.0000076256 0.0000152990 0.0000321688 0.0053112493 0.0016108107 0.0000015973 0.0035191278 0.0000115070 0.0025434636
1413393908.90589 1.558917 -2.621744 -0.056173 -0.015481 -0.795672 0.063768 0.602163 0.0003686709 -0.0000464549 -0.0001026178 0.0000061450 0.0000129474 0.0000288939 0.0053027442 0.0016275986 0.0000015522 0.0035416358 0.0000113704 0.0025434199
1413393908.95589 1.576750 -2.615132 -0.048875 -0.006575 -0.795454 0.049546 0.603949 0.0003716781 -0.0000337377 -0.0001026226 0.0000033528 0.0000093292 0.0000286663 0.0052895628 0.0016418885 0.0000015116 0.0035633094 0.0000112972 0.0025433840
1413393909.00590 1.596071 -2.606358 -0.039913 0.001580 -0.797623 0.036169 0.602068 0.0003719679 -0.0000217639 -0.0001053151 0.0000015631 0.0000061734 0.0000301518 0.0052713086 0.0016560723 0.0000015085 0.0035870561 0.0000112292 0.0025432693
1413393909.05591 1.616889 -2.595670 -0.028505 0.009411 -0.800066 0.022587 0.599413 0.0003711873 -0.0000097738 -0.0001083003 0.0000005470 0.0000028603 0.0000319350 0.0052504987 0.0016706601 0.0000014960 0.0036128021 0.0000111885 0.0025431711
1413393909.10592 1.639010 -2.585218 -0.016335 0.014758 -0.802570 0.012270 0.596249 0.0003695281 -0.0000009750 -0.0001112544 0.0000002926 0.0000002999 0.0000338349 0.0052276517 0.0016864799 0.0000014867 0.0036414642 0.0000111338 0.0025430798
1413393909.15593 1.662296 -2.575209 -0.003879 0.018126 -0.804255 0.004448 0.593991 0.0003681054 0.0000053732 -0.0001132222 0.0000003688 -0.0000016482 0.0000351666 0.0052068302 0.0017035257 0.0000014892 0.0036715407 0.0000110751 0.0025429593
1413393909.20594 1.686793 -2.566028 0.007645 0.019504 -0.805120 -0.000927 0.592790 0.0003672400 0.0000093187 -0.0001142042 0.0000005270 -0.0000028948 0.0000358581 0.0051877660 0.0017219088 0.0000015136 0.0037032896 0.0000110042 0.0025428110
1413393909.25594 1.711663 -2.557870 0.018023 0.019604 -0.804484 -0.004147 0.593636 0.0003676021 0.0000113680 -0.0001134651 0.0000006424 -0.0000035067 0.0000353657 0.0051711812 0.0017425617 0.0000015149 0.0037377060 0.0000109327 0.0025427114
1413393909.30594 1.737455 -2.550684 0.026342 0.019869 -0.803806 -0.007761 0.594509 0.0003679372 0.0000137427 -0.0001126834 0.0000008043 -0.0000042075 0.0000348534 0.0051565415 0.0017641586 0.0000015067 0.0037732870 0.0000108593 0.0025426231
1413393909.35595 1.764611 -2.544838 0.030132 0.019660 -0.803505 -0.010814 0.594876 0.0003679786 0.0000155396 -0.0001123605 0.0000009468 -0.0000047444 0.0000346522 0.0051440990 0.0017864193 0.0000015434 0.0038093659 0.0000108016 0.0025424258
1413393909.40595 1.791462 -2.539273 0.033167 0.018787 -0.803710 -0.012881 0.594585 0.0003677848 0.0000164271 -0.0001124974 0.0000010247 -0.0000050248 0.0000347547 0.0051347520 0.0018117159 0.0000015190 0.0038491074 0.0000107492 0.0025423717
1413393909.45595 1.819118 -2.535006 0.033200 0.017495 -0.804281 -0.013790 0.593831 0.0003673617 0.0000163842 -0.0001131025 0.0000010220 -0.0000050448 0.0000351669 0.0051260854 0.0018367016 0.0000014934 0.0038888537 0.0000106993 0.0025423228
1413393909.50595 1.847882 -2.531868 0.030507 0.015990 -0.804684 -0.013968 0.593324 0.0003671110 0.0000158072 -0.0001135253 0.0000009718 -0.0000048889 0.0000354524 0.0051200357 0.0018634170 0.0000014779 0.0039304567 0.0000106513 0.0025422556
1413393909.55595 1.877196 -2.529689 0.024817 0.014694 -0.806716 -0.014324 0.590583 0.0003655765 0.0000153933 -0.0001157628 0.0000009396 -0.0000048754 0.0000370052 0.0051160182 0.0018920092 0.0000014472 0.0039745296 0.0000106201 0.0025422243
1413393909.60594 1.907309 -2.528463 0.015675 0.013296 -0.810708 -0.015047 0.585106 0.0003623909 0.0000151365 -0.0001201567 0.0000009242 -0.0000050203 0.0000401917 0.0051137373 0.0019215911 0.0000014218 0.0040198697 0.0000106015 0.0025422011
1413393909.65594 1.938939 -2.528119 0.002783 0.011950 -0.816689 -0.016053 0.576732 0.0003572881 0.0000150730 -0.0001266711 0.0000009278 -0.0000053463 0.0000452665 0.0051132342 0.0019519542 0.0000014268 0.0040660476 0.0000105999 0.0025421284
1413393909.70594 1.968703 -2.528738 -0.011286 0.010048 -0.823136 -0.017572 0.567484 0.0003514258 0.0000150455 -0.0001335363 0.0000009367 -0.0000057202 0.0000511057 0.0051141193 0.0019840081 0.0000013960 0.0041148673 0.0000105992 0.0025421374
1413393909.75594 1.997488 -2.530490 -0.027000 0.008081 -0.829886 -0.019416 0.557537 0.0003448264 0.0000152443 -0.0001405538 0.0000009674 -0.0000062176 0.0000576629 0.0051179546 0.0020145333 0.0000013592 0.0041602673 0.0000106143 0.0025421584
1413393909.80593 2.024920 -2.532922 -0.044651 0.005414 -0.834959 -0.020558 0.549901 0.0003396226 0.0000147920 -0.0001456991 0.0000009388 -0.0000063502 0.0000628846 0.0051243387 0.0020449218 0.0000013135 0.0042044229 0.0000106447 0.0025421872
1413393909.85593 2.050228 -2.536279 -0.064128 0.003242 -0.839453 -0.022322 0.542964 0.0003347387 0.0000149463 -0.0001501512 0.0000009635 -0.0000067093 0.0000677388 0.0051314457 0.0020733992 0.0000012608 0.0042455933 0.0000106786 0.0025422526
1413393909.90593 2.073148 -2.540505 -0.085682 0.000691 -0.843719 -0.023966 0.536250 0.0003299146 0.0000149062 -0.0001542906 0.0000009713 -0.0000069765 0.0000725510 0.0051405496 0.0021005753 0.0000011977 0.0042837027 0.0000107288 0.0025423310
1413393909.95593 2.092695 -2.544847 -0.109577 -0.001546 -0.846795 -0.025569 0.531302 0.0003262889 0.0000150224 -0.0001572167 0.0000009911 -0.0000072440 0.0000761522 0.0051516916 0.0021260426 0.0000011100 0.0043177201 0.0000108253 0.0025423785
1413393910.00593 2.111179 -2.551611 -0.133859 -0.003677 -0.849622 -0.027265 0.526673 0.0003228677 0.0000151968 -0.0001598480 0.0000010167 -0.0000075298 0.0000795452 0.0051630976 0.0021480915 0.0000010268 0.0043463537 0.0000108964 0.0025424796
1413393910.05593 2.126627 -2.560001 -0.157354 -0.005729 -0.852469 -0.028448 0.521972 0.0003193440 0.0000151339 -0.0001624623 0.0000010206 -0.0000077055 0.0000830636 0.0051800940 0.0021706465 0.0000009450 0.0043721390 0.0000109756 0.0025425955
1413393910.10593 2.137940 -2.569470 -0.177510 -0.009194 -0.854620 -0.028138 0.518410 0.0003167372 0.0000136542 -0.0001644437 0.0000008939 -0.0000070948 0.0000857944 0.0052006284 0.0021913053 0.0000008792 0.0043923571 0.0000110459 0.0025427058
1413393910.15593 2.144548 -2.580234 -0.193921 -0.013099 -0.857053 -0.027207 0.514342 0.0003137109 0.0000116647 -0.0001666686 0.0000007409 -0.0000062022 0.0000889726 0.0052227664 0.0022078520 0.0000008047 0.0044047777 0.0000111130 0.0025428279
1413393910.20593 2.146038 -2.591683 -0.205609 -0.015785 -0.858400 -0.026976 0.512028 0.0003119782 0.0000105691 -0.0001678895 0.0000006671 -0.0000056923 0.0000907781 0.0052473125 0.0022196343 0.0000007427 0.0044076962 0.0000111753 0.0025429378
1413393910.25594 2.140442 -2.603433 -0.211847 -0.017690 -0.860218 -0.027302 0.508887 0.0003095908 0.0000100937 -0.0001694590 0.0000006394 -0.0000055300 0.0000931897 0.0052725785 0.0022267069 0.0000007700 0.0044022559 0.0000112203 0.0025429611
1413393910.30594 2.120937 -2.613640 -0.212546 -0.020186 -0.861863 -0.026873 0.506026 0.0003074489 0.0000089940 -0.0001708599 0.0000005725 -0.0000050040 0.0000953904 0.0052978743 0.0022260521 0.0000009230 0.0043835848 0.0000112157 0.0025427729
1413393910.35594 2.105214 -2.626895 -0.212260 -0.024449 -0.865523 -0.024002 0.499696 0.0003023430 0.0000058437 -0.0001740543 0.0000004238 -0.0000033681 0.0001006481 0.0053204815 0.0022080043 0.0000009246 0.0043398427 0.0000112305 0.0025428126
1413393910.40594 2.083751 -2.640609 -0.208482 -0.030760 -0.869333 -0.017972 0.492941 0.0002967775 0.0000001947 -0.0001772553 0.0000003122 -0.0000001167 0.0001063270 0.0053491275 0.0021968225 0.0000009622 0.0043039766 0.0000112142 0.0025428399
1413393910.45594 2.056433 -2.654142 -0.201812 -0.037680 -0.871586 -0.009954 0.488691 0.0002929719 -0.0000068086 -0.0001791173 0.0000004713 0.0000041671 0.0001099750 0.0053777479 0.0021802563 0.0000010567 0.0042604345 0.0000111586 0.0025428288
1413393910.50594 2.017003 -2.665626 -0.191588 -0.042082 -0.873741 -0.003358 0.484556 0.0002892954 -0.0000120630 -0.0001806704 0.0000008150 0.0000075415 0.0001133051 0.0054041692 0.0021556192 0.0000013809 0.0042063024 0.0000109906 0.0025426614
1413393910.55594 1.978305 -2.677868 -0.186085 -0.044646 -0.874711 0.002057 0.482579 0.0002871081 -0.0000159811 -0.0001814154 0.0000012031 0.0000101096 0.0001151093 0.0054257740 0.0021148402 0.0000014505 0.0041330236 0.0000109298 0.0025426526
1413393910.60593 1.934255 -2.688456 -0.182001 -0.044453 -0.873430 0.005598 0.484884 0.0002887954 -0.0000181447 -0.0001804052 0.0000014549 0.0000113483 0.0001131726 0.0054484721 0.0020762199 0.0000015069 0.0040646123 0.0000108841 0.0025426504
1413393910.65593 1.878319 -2.697280 -0.180371 -0.042393 -0.870416 0.008019 0.490422 0.0002933151 -0.0000191873 -0.0001780215 0.0000015672 0.0000116586 0.0001085161 0.0054669797 0.0020301646 0.0000015647 0.0039892504 0.0000107488 0.0025424177
1413393910.70593 1.825099 -2.705182 -0.181283 -0.041834 -0.866365 0.012598 0.497497 0.0002986947 -0.0000221281 -0.0001747958 0.0000019531 0.0000129647 0.0001027527 0.0054826311 0.0019696536 0.0000015669 0.0038990300 0.0000107583 0.0025424145
1413393910.75593 1.767669 -2.711688 -0.184556 -0.039774 -0.861391 0.016031 0.506129 0.0003054518 -0.0000239298 -0.0001706214 0.0000021900 0.0000133832 0.0000957604 0.0054964564 0.0019120830 0.0000015646 0.0038168345 0.0000107681 0.0025424094
1413393910.80592 1.706717 -2.716620 -0.190580 -0.035516 -0.857097 0.017620 0.513627 0.0003114603 -0.0000237426 -0.0001668399 0.0000021264 0.0000127344 0.0000898173 0.0055070958 0.0018487903 0.0000015576 0.0037317457 0.0000108008 0.0025424074
1413393910.85592 1.642501 -2.720612 -0.198543 -0.029930 -0.853029 0.018704 0.520669 0.0003171397 -0.0000226618 -0.0001631073 0.0000019364 0.0000116709 0.0000843269 0.0055150839 0.0017813163 0.0000015366 0.0036458517 0.0000108456 0.0025423746
1413393910.90591 1.575297 -2.724962 -0.207166 -0.023720 -0.848195 0.019309 0.528801 0.0003236051 -0.0000210229 -0.0001585446 0.0000016825 0.0000103148 0.0000781081 0.0055208413 0.0017099388 0.0000015147 0.0035596405 0.0000109451 0.0025422973
1413393910.95590 1.506266 -2.726601 -0.217683 -0.016219 -0.841077 0.019221 0.540330 0.0003323932 -0.0000183698 -0.0001517123 0.0000013326 0.0000083982 0.0000696670 0.0055280891 0.0016361555 0.0000014991 0.0034742383 0.0000110132 0.0025422601
1413393911.00590 1.434506 -2.727509 -0.230125 -0.009192 -0.834238 0.020409 0.550950 0.0003401734 -0.0000164810 -0.0001448571 0.0000011164 0.0000070315 0.0000620981 0.0055299531 0.0015590429 0.0000015018 0.0033908876 0.0000110976 0.0025422233
1413393911.05590 1.361917 -2.727947 -0.245354 -0.002053 -0.828240 0.022183 0.559931 0.0003464935 -0.0000147228 -0.0001387220 0.0000009445 0.0000059078 0.0000559450 0.0055308685 0.0014797872 0.0000015064 0.0033097545 0.0000111907 0.0025422020
1413393911.10590 1.288989 -2.727411 -0.261271 0.003942 -0.823232 0.025326 0.567127 0.0003513748 -0.0000141380 -0.0001334890 0.0000008888 0.0000053851 0.0000511141 0.0055307196 0.0013999656 0.0000015155 0.0032326015 0.0000112891 0.0025421867
1413393911.15590 1.215820 -2.726437 -0.277704 0.009418 -0.820117 0.028309 0.571417 0.0003542551 -0.0000136051 -0.0001302298 0.0000008436 0.0000050165 0.0000482724 0.0055282777 0.0013196853 0.0000015510 0.0031597788 0.0000113950 0.0025421922
1413393911.20590 1.142935 -2.724567 -0.294032 0.014984 -0.817122 0.029633 0.575507 0.0003569728 -0.0000119572 -0.0001271262 0.0000007223 0.0000042740 0.0000456675 0.0055249174 0.0012390903 0.0000015992 0.0030910803 0.0000115085 0.0025421947
1413393911.25590 1.070309 -2.722436 -0.310517 0.019342 -0.815299 0.030479 0.577914 0.0003585812 -0.0000105234 -0.0001252454 0.0000006310 0.0000036924 0.0000441388 0.0055192472 0.0011589293 0.0000016626 0.0030272952 0.0000116313 0.0025422033
1413393911.30590 0.998474 -2.719328 -0.327339 0.022587 -0.813109 0.031372 0.580826 0.0003604157 -0.0000095756 -0.0001229696 0.0000005769 0.0000032848 0.0000423465 0.0055133187 0.0010794961 0.0000017336 0.0029682096 0.0000117421 0.0025422232
1413393911.35590 0.927028 -2.716259 -0.342123 0.025862 -0.807390 0.030179 0.588678 0.0003651168 -0.0000071475 -0.0001167964 0.0000004624 0.0000023045 0.0000377472 0.0055059678 0.0010003690 0.0000018035 0.0029135642 0.0000118486 0.0025422506
1413393911.40590 0.856698 -2.713180 -0.356412 0.028611 -0.801183 0.027501 0.597102 0.0003698711 -0.0000039814 -0.0001099697 0.0000003650 0.0000012021 0.0000330767 0.0054988931 0.0009228160 0.0000018727 0.0028638692 0.0000119463 0.0025422802
1413393911.45590 0.787799 -2.710227 -0.369655 0.030857 -0.794533 0.024790 0.605929 0.0003745226 -0.0000009239 -0.0001025433 0.0000003237 0.0000002716 0.0000284516 0.0054923930 0.0008476739 0.0000019303 0.0028193840 0.0000120385 0.0025422885
1413393911.50589 0.722325 -2.707541 -0.381572 0.032522 -0.789956 0.021628 0.611919 0.0003774581 0.0000020356 -0.0000973803 0.0000003317 -0.0000005060 0.0000254958 0.0054865074 0.0007755298 0.0000020120 0.0027800992 0.0000121414 0.0025423172
1413393911.55589 0.658728 -2.705382 -0.391297 0.033561 -0.787568 0.017691 0.615059 0.0003788505 0.0000050864 -0.0000946796 0.0000003884 -0.0000012516 0.0000240329 0.0054817396 0.0007067011 0.0000020768 0.0027457146 0.0000122252 0.0025423649
1413393911.60589 0.599310 -2.703488 -0.396579 0.033364 -0.784848 0.015206 0.618603 0.0003804301 0.0000066365 -0.0000915415 0.0000004369 -0.0000015773 0.0000223975 0.0054785173 0.0006423309 0.0000021401 0.0027163720 0.0000123151 0.0025424638
1413393911.65590 0.542418 -2.702588 -0.397556 0.032883 -0.780909 0.013287 0.623637 0.0003826497 0.0000077554 -0.0000869551 0.0000004795 -0.0000017427 0.0000201284 0.0054768307 0.0005813167 0.0000022059 0.0026910703 0.0000124007 0.0025425906
1413393911.70589 0.488940 -2.701922 -0.394883 0.032254 -0.779297 0.010008 0.625744 0.0003834547 0.0000095523 -0.0000850535 0.0000005608 -0.0000020994 0.0000192330 0.0054766713 0.0005234242 0.0000022792 0.0026693315 0.0000124826 0.0025427054
1413393911.75589 0.440630 -2.702523 -0.390948 0.030041 -0.783510 0.008213 0.620598 0.0003811437 0.0000094004 -0.0000898364 0.0000005557 -0.0000021962 0.0000215449 0.0054773773 0.0004718969 0.0000023486 0.0026519206 0.0000125693 0.0025428686
1413393911.80588 0.394984 -2.703829 -0.382721 0.028872 -0.790095 0.006133 0.612273 0.0003771456 0.0000098415 -0.0000973672 0.0000005813 -0.0000025213 0.0000255115 0.0054813712 0.0004239100 0.0000024196 0.0026372773 0.0000126395 0.0025430061
1413393911.85588 0.352615 -2.706113 -0.370790 0.026851 -0.798158 0.004826 0.601830 0.0003718112 0.0000093616 -0.0001064626 0.0000005611 -0.0000026609 0.0000308643 0.0054866576 0.0003787032 0.0000024917 0.0026249357 0.0000126860 0.0025431322
1413393911.90587 0.311875 -2.709641 -0.354067 0.020029 -0.807101 0.010527 0.589980 0.0003655110 0.0000023936 -0.0001162815 0.0000003408 -0.0000007399 0.0000373813 0.0054944114 0.0003356530 0.0000024792 0.0026144860 0.0000126685 0.0025431429
1413393911.95587 0.271291 -2.715005 -0.337233 0.010661 -0.817466 0.020305 0.575520 0.0003568644 -0.0000080608 -0.0001273690 0.0000005074 0.0000029027 0.0000458589 0.0055040214 0.0002930744 0.0000024308 0.0026054010 0.0000126505 0.0025431875
1413393912.00588 0.230717 -2.720138 -0.316391 0.001626 -0.829245 0.029011 0.558129 0.0003451197 -0.0000173495 -0.0001396350 0.0000011990 0.0000070501 0.0000569107 0.0055160548 0.0002478688 0.0000023818 0.0025970985 0.0000126080 0.0025432246
1413393912.05587 0.190361 -2.724558 -0.291371 -0.006164 -0.840594 0.035723 0.540451 0.0003321250 -0.0000244708 -0.0001508765 0.0000021321 0.0000111523 0.0000689714 0.0055258471 0.0002023720 0.0000023640 0.0025901601 0.0000125687 0.0025433314
1413393912.10587 0.147996 -2.728127 -0.262700 -0.011882 -0.848860 0.039708 0.526990 0.0003216822 -0.0000288144 -0.0001585909 0.0000029124 0.0000142456 0.0000786333 0.0055328186 0.0001555246 0.0000023487 0.0025845705 0.0000125394 0.0025434733
1413393912.15586 0.102456 -2.730589 -0.233605 -0.016753 -0.855789 0.041863 0.515355 0.0003123495 -0.0000315773 -0.0001647404 0.0000035259 0.0000166982 0.0000873499 0.0055370767 0.0001060474 0.0000022511 0.0025802870 0.0000124559 0.0025434565
1413393912.20585 0.047410 -2.732943 -0.205811 -0.019860 -0.860983 0.042617 0.506456 0.0003051592 -0.0000328266 -0.0001691105 0.0000038653 0.0000182371 0.0000941898 0.0055379150 0.0000521157 0.0000020731 0.0025774520 0.0000123254 0.0025432884
1413393912.25585 -0.006473 -2.732236 -0.175166 -0.021812 -0.864234 0.041755 0.500880 0.0003005958 -0.0000327634 -0.0001718354 0.0000039069 0.0000187758 0.0000987121 0.0055389104 -0.0000132772 0.0000020199 0.0025768527 0.0000122763 0.0025433958
1413393912.30584 -0.064780 -2.729577 -0.143828 -0.023922 -0.865976 0.040960 0.497831 0.0002980444 -0.0000328870 -0.0001732570 0.0000039664 0.0000191647 0.0001012045 0.0055335611 -0.0000772079 0.0000019736 0.0025790680 0.0000122143 0.0025435103
1413393912.35584 -0.129194 -2.724694 -0.112164 -0.025297 -0.865098 0.039539 0.499402 0.0002992961 -0.0000325716 -0.0001726167 0.0000038841 0.0000188324 0.0001000444 0.0055239755 -0.0001462097 0.0000018925 0.0025846430 0.0000121609 0.0025436197
1413393912.40583 -0.198437 -2.717598 -0.078424 -0.026369 -0.860700 0.038351 0.506981 0.0003053229 -0.0000325649 -0.0001690636 0.0000038145 0.0000180778 0.0000940963 0.0055092535 -0.0002213729 0.0000017880 0.0025944825 0.0000121145 0.0025437254
1413393912.45583 -0.272390 -2.708908 -0.043746 -0.026892 -0.853293 0.036461 0.519460 0.0003150899 -0.0000321775 -0.0001627419 0.0000036290 0.0000166631 0.0000845254 0.0054900385 -0.0003006093 0.0000016999 0.0026092037 0.0000120572 0.0025438550
1413393912.50583 -0.349683 -2.697839 -0.008920 -0.026070 -0.844205 0.034344 0.534283 0.0003263859 -0.0000311955 -0.0001544461 0.0000033257 0.0000148025 0.0000735399 0.0054679257 -0.0003828892 0.0000016303 0.0026293359 0.0000120403 0.0025439593
1413393912.55583 -0.429311 -2.685447 0.023544 -0.025778 -0.836290 0.033779 0.546639 0.0003353337 -0.0000311836 -0.0001467665 0.0000032456 0.0000136872 0.0000646821 0.0054411928 -0.0004663459 0.0000015333 0.0026549967 0.0000120266 0.0025441154
1413393912.60583 -0.509376 -2.671039 0.052888 -0.024537 -0.830046 0.032747 0.556192 0.0003420867 -0.0000303657 -0.0001404962 0.0000030432 0.0000125088 0.0000581430 0.0054118430 -0.0005506859 0.0000014486 0.0026865161 0.0000120260 0.0025443020
1413393912.65583 -0.589427 -2.655802 0.079069 -0.021671 -0.824271 0.030828 0.564941 0.0003482602 -0.0000282649 -0.0001345011 0.0000026440 0.0000109519 0.0000523823 0.0053794285 -0.0006323024 0.0000013102 0.0027227286 0.0000120245 0.0025445574
1413393912.70584 -0.669041 -2.639520 0.101418 -0.018612 -0.818848 0.028259 0.573012 0.0003537935 -0.0000255974 -0.0001287699 0.0000022039 0.0000093507 0.0000473020 0.0053454723 -0.0007132043 0.0000012097 0.0027643061 0.0000120423 0.0025447894
1413393912.75584 -0.749460 -2.622490 0.121503 -0.015139 -0.813551 0.025526 0.580735 0.0003589469 -0.0000225479 -0.0001230239 0.0000017706 0.0000077604 0.0000425962 0.0053100565 -0.0007922063 0.0000010351 0.0028107525 0.0000120543 0.0025450887
1413393912.80584 -0.830150 -2.603908 0.137955 -0.012595 -0.809173 0.021362 0.587047 0.0003630366 -0.0000189565 -0.0001182465 0.0000013462 0.0000062052 0.0000389454 0.0052727073 -0.0008705040 0.0000008453 0.0028627696 0.0000121075 0.0025453575
1413393912.85584 -0.909561 -2.584674 0.152530 -0.011905 -0.805756 0.016252 0.591905 0.0003660831 -0.0000155588 -0.0001144955 0.0000010197 0.0000048954 0.0000362405 0.0052324756 -0.0009466322 0.0000006679 0.0029196779 0.0000121703 0.0025456855
1413393912.90585 -0.989903 -2.564413 0.162374 -0.013533 -0.803597 0.010571 0.594926 0.0003679532 -0.0000128600 -0.0001121161 0.0000008097 0.0000039463 0.0000345947 0.0051916980 -0.0010195510 0.0000005209 0.0029802379 0.0000122939 0.0025459318
1413393912.95585 -1.067071 -2.543846 0.170143 -0.018069 -0.802735 0.005453 0.596037 0.0003686000 -0.0000117678 -0.0001112864 0.0000007378 0.0000035801 0.0000340351 0.0051497717 -0.0010915838 0.0000003764 0.0030463689 0.0000124412 0.0025461868
1413393913.00585 -1.143217 -2.522533 0.175459 -0.027355 -0.802000 0.002942 0.596690 0.0003687716 -0.0000144917 -0.0001107220 0.0000009339 0.0000043785 0.0000336833 0.0051074555 -0.0011591227 0.0000002265 0.0031147705 0.0000125566 0.0025464784
1413393913.05585 -1.217590 -2.501097 0.178267 -0.039007 -0.801282 0.001625 0.597012 0.0003685343 -0.0000190699 -0.0001104026 0.0000013536 0.0000057409 0.0000335149 0.0050638295 -0.0012241695 0.0000002578 0.0031867254 0.0000127278 0.0025466691
1413393913.10585 -1.288431 -2.478143 0.178609 -0.052565 -0.799058 0.000114 0.598952 0.0003689541 -0.0000244324 -0.0001087135 0.0000019868 0.0000072281 0.0000324761 0.0050197383 -0.0012853502 0.0000003238 0.0032607567 0.0000129142 0.0025468146
1413393913.15584 -1.358772 -2.454945 0.178048 -0.068173 -0.794641 -0.001493 0.603238 0.0003702997 -0.0000309503 -0.0001049238 0.0000029585 0.0000087995 0.0000301739 0.0049727160 -0.0013409982 0.0000002886 0.0033354724 0.0000130311 0.0025470602
1413393913.20584 -1.427270 -2.430953 0.175438 -0.084109 -0.790387 -0.004311 0.606791 0.0003710758 -0.0000369349 -0.0001017048 0.0000040504 0.0000101537 0.0000283192 0.0049253681 -0.0013937345 0.0000003069 0.0034124752 0.0000131318 0.0025472549
1413393913.25584 -1.492284 -2.405557 0.169889 -0.101739 -0.786751 -0.006865 0.608790 0.0003706161 -0.0000437934 -0.0000997477 0.0000055517 0.0000118179 0.0000272902 0.0048764266 -0.0014425628 0.0000003722 0.0034906407 0.0000132305 0.0025474636
1413393913.30584 -1.553748 -2.378346 0.161209 -0.118967 -0.784248 -0.011924 0.608818 0.0003694173 -0.0000487434 -0.0000994945 0.0000068109 0.0000131597 0.0000272427 0.0048249553 -0.0014853843 0.0000004456 0.0035675187 0.0000133235 0.0025476729
1413393913.35583 -1.612665 -2.348392 0.151749 -0.135975 -0.783419 -0.018678 0.606148 0.0003671555 -0.0000522085 -0.0001015253 0.0000078054 0.0000144684 0.0000285231 0.0047701568 -0.0015219740 0.0000005497 0.0036425350 0.0000134399 0.0025479115
1413393913.40583 -1.669897 -2.315947 0.142028 -0.154434 -0.781108 -0.024563 0.604497 0.0003649551 -0.0000569487 -0.0001025549 0.0000092702 0.0000160349 0.0000292701 0.0047100091 -0.0015531107 0.0000007135 0.0037173543 0.0000135433 0.0025481348
1413393913.45583 -1.722332 -2.280536 0.133267 -0.173734 -0.777248 -0.030963 0.603939 0.0003631388 -0.0000619154 -0.0001025731 0.0000109426 0.0000175204 0.0000294257 0.0046446897 -0.0015792771 0.0000008675 0.0037928374 0.0000136461 0.0025484010
1413393913.50583 -1.773140 -2.242271 0.126374 -0.191799 -0.771718 -0.040071 0.605028 0.0003628433 -0.0000651773 -0.0001010249 0.0000120954 0.0000181771 0.0000285807 0.0045749800 -0.0015966518 0.0000009917 0.0038628268 0.0000137295 0.0025486785
1413393913.55582 -1.819711 -2.200697 0.121113 -0.208733 -0.764633 -0.052410 0.607470 0.0003641251 -0.0000665188 -0.0000980726 0.0000125398 0.0000179431 0.0000268659 0.0045013926 -0.0016084580 0.0000011557 0.0039314645 0.0000138047 0.0025489464
1413393913.60582 -1.863269 -2.155781 0.118649 -0.224208 -0.757273 -0.066666 0.609774 0.0003660900 -0.0000663242 -0.0000948975 0.0000124038 0.0000172157 0.0000250486 0.0044232794 -0.0016131178 0.0000012915 0.0039967806 0.0000138875 0.0025492394
1413393913.65582 -1.901891 -2.108748 0.117228 -0.238748 -0.748733 -0.082620 0.612840 0.0003689521 -0.0000652646 -0.0000905495 0.0000119316 0.0000160359 0.0000226691 0.0043420839 -0.0016106375 0.0000014578 0.0040571857 0.0000139457 0.0025495253
1413393913.70582 -1.937363 -2.058854 0.118451 -0.252269 -0.740958 -0.099348 0.614386 0.0003716179 -0.0000631188 -0.0000870598 0.0000111063 0.0000148006 0.0000208389 0.0042597727 -0.0016007059 0.0000015952 0.0041103527 0.0000139884 0.0025498118
1413393913.75582 -1.968408 -2.007026 0.122837 -0.266293 -0.732445 -0.115096 0.615927 0.0003739208 -0.0000620542 -0.0000832378 0.0000106831 0.0000138233 0.0000189701 0.0041751767 -0.0015847243 0.0000017231 0.0041593887 0.0000140261 0.0025501174
1413393913.80582 -1.996145 -1.953078 0.129576 -0.280493 -0.724797 -0.129677 0.615773 0.0003753540 -0.0000613429 -0.0000807752 0.0000104105 0.0000132072 0.0000178232 0.0040921393 -0.0015631091 0.0000018305 0.0042012617 0.0000140661 0.0025504959
1413393913.85582 -2.017564 -1.898076 0.137689 -0.294409 -0.717631 -0.143881 0.614513 0.0003763919 -0.0000605931 -0.0000791120 0.0000101408 0.0000127395 0.0000170692 0.0040082489 -0.0015364625 0.0000019765 0.0042388205 0.0000140981 0.0025509256
1413393913.90583 -2.035135 -1.843002 0.146173 -0.309170 -0.710893 -0.155689 0.612214 0.0003763868 -0.0000613878 -0.0000785364 0.0000103995 0.0000128104 0.0000168283 0.0039260223 -0.0015033752 0.0000021056 0.0042655863 0.0000141181 0.0025513522
1413393913.95585 -2.043199 -1.790372 0.150816 -0.321707 -0.705564 -0.170068 0.608079 0.0003769232 -0.0000593294 -0.0000789464 0.0000097211 0.0000124220 0.0000169708 0.0038453995 -0.0014669148 0.0000020254 0.0042856582 0.0000141387 0.0025515720
1413393914.00586 -2.048091 -1.735550 0.161471 -0.331859 -0.698858 -0.188765 0.604843 0.0003795059 -0.0000539728 -0.0000770156 0.0000080573 0.0000109452 0.0000160626 0.0037718140 -0.0014252864 0.0000021638 0.0042898168 0.0000141385 0.0025519938
1413393914.05586 -2.045219 -1.683008 0.171399 -0.341161 -0.691515 -0.208188 0.601725 0.0003822866 -0.0000483496 -0.0000742534 0.0000064902 0.0000093797 0.0000148523 0.0036974461 -0.0013804700 0.0000023181 0.0042897968 0.0000140930 0.0025523842
1413393914.10587 -2.037422 -1.630795 0.182710 -0.349738 -0.686447 -0.229561 0.594790 0.0003845795 -0.0000399020 -0.0000736856 0.0000045136 0.0000076299 0.0000145450 0.0036302309 -0.0013331636 0.0000025263 0.0042767373 0.0000140537 0.0025528303
1413393914.15588 -2.026322 -1.579976 0.194176 -0.358722 -0.684114 -0.250492 0.583575 0.0003854160 -0.0000301050 -0.0000762425 0.0000027231 0.0000059364 0.0000155079 0.0035655544 -0.0012838769 0.0000027792 0.0042570058 0.0000140019 0.0025533103
1413393914.20589 -2.015668 -1.530675 0.201425 -0.370191 -0.686259 -0.267847 0.565919 0.0003829986 -0.0000203799 -0.0000847974 0.0000014532 0.0000044891 0.0000191997 0.0035049921 -0.0012349881 0.0000028711 0.0042330212 0.0000140155 0.0025536486
1413393914.25590 -1.997427 -1.484705 0.212069 -0.382931 -0.686466 -0.282271 0.549956 0.0003799753 -0.0000133641 -0.0000922987 0.0000008376 0.0000032203 0.0000228451 0.0034490429 -0.0011891308 0.0000031465 0.0042113339 0.0000139804 0.0025541134
1413393914.30591 -1.980401 -1.440484 0.218793 -0.396636 -0.685296 -0.294406 0.535140 0.0003767125 -0.0000084297 -0.0000989119 0.0000005531 0.0000021836 0.0000263903 0.0033980022 -0.0011420757 0.0000032842 0.0041782501 0.0000140285 0.0025543053
1413393914.35591 -1.961093 -1.400583 0.230036 -0.410297 -0.682313 -0.305141 0.522488 0.0003739386 -0.0000049961 -0.0001039093 0.0000004288 0.0000013558 0.0000292908 0.0033502536 -0.0010982143 0.0000034890 0.0041493385 0.0000139774 0.0025546827
1413393914.40591 -1.941159 -1.362163 0.242877 -0.424333 -0.678013 -0.314566 0.511163 0.0003713963 -0.0000029921 -0.0001081051 0.0000003840 0.0000008369 0.0000318799 0.0033082914 -0.0010571407 0.0000036713 0.0041180118 0.0000139364 0.0025550925
1413393914.45591 -1.921947 -1.326051 0.254931 -0.440396 -0.671913 -0.319923 0.502229 0.0003687837 -0.0000049925 -0.0001120456 0.0000004199 0.0000014820 0.0000344475 0.0032685252 -0.0010173572 0.0000038030 0.0040858649 0.0000138023 0.0025553959
1413393914.50591 -1.901267 -1.290579 0.268652 -0.455472 -0.665606 -0.324737 0.494024 0.0003662710 -0.0000069851 -0.0001156185 0.0000004810 0.0000021702 0.0000368940 0.0032321339 -0.0009802258 0.0000038795 0.0040554297 0.0000137473 0.0025557685
1413393914.55591 -1.882371 -1.254551 0.283100 -0.469981 -0.656341 -0.329234 0.489836 0.0003655557 -0.0000109370 -0.0001163423 0.0000006712 0.0000034467 0.0000374161 0.0031971709 -0.0009431621 0.0000040013 0.0040231647 0.0000136446 0.0025561689
1413393914.60591 -1.864801 -1.218388 0.297510 -0.483413 -0.646883 -0.333779 0.486256 0.0003651189 -0.0000147664 -0.0001165479 0.0000009337 0.0000046808 0.0000375793 0.0031618984 -0.0009065232 0.0000040571 0.0039931618 0.0000135208 0.0025565200
1413393914.65591 -1.845615 -1.183455 0.312345 -0.495753 -0.637742 -0.338534 0.482607 0.0003646348 -0.0000179879 -0.0001167882 0.0000012192 0.0000057290 0.0000377729 0.0031276646 -0.0008711474 0.0000041636 0.0039662027 0.0000134092 0.0025569233
1413393914.70591 -1.826304 -1.147463 0.326112 -0.509495 -0.628104 -0.341882 0.478557 0.0003633916 -0.0000223204 -0.0001177803 0.0000016980 0.0000072030 0.0000385330 0.0030954857 -0.0008361059 0.0000042881 0.0039363465 0.0000132644 0.0025573535
1413393914.75591 -1.808203 -1.112437 0.338349 -0.523799 -0.617914 -0.343363 0.475309 0.0003615930 -0.0000281814 -0.0001189851 0.0000025075 0.0000092440 0.0000394988 0.0030626068 -0.0008004997 0.0000041083 0.0039057847 0.0000130864 0.0025575566
1413393914.80591 -1.786112 -1.080045 0.352767 -0.537354 -0.609183 -0.345135 0.470137 0.0003589253 -0.0000323428 -0.0001214720 0.0000032208 0.0000109177 0.0000414475 0.0030321226 -0.0007668072 0.0000042280 0.0038778076 0.0000130025 0.0025579717
1413393914.85592 -1.765824 -1.046279 0.363668 -0.550482 -0.601251 -0.347277 0.463536 0.0003560232 -0.0000351848 -0.0001243826 0.0000037683 0.0000122675 0.0000437830 0.0030039203 -0.0007330426 0.0000039227 0.0038430909 0.0000129983 0.0025581204
1413393914.90591 -1.740823 -1.011640 0.377285 -0.559399 -0.596673 -0.352423 0.454811 0.0003539001 -0.0000333766 -0.0001274754 0.0000034344 0.0000119965 0.0000462387 0.0029758764 -0.0006999968 0.0000040742 0.0038129119 0.0000128839 0.0025585977
1413393914.95591 -1.719308 -0.972721 0.387985 -0.565202 -0.596201 -0.358627 0.443259 0.0003517728 -0.0000276286 -0.0001313290 0.0000024418 0.0000102891 0.0000493434 0.0029475889 -0.0006647204 0.0000038672 0.0037754197 0.0000129203 0.0025587212
1413393915.00591 -1.692761 -0.936452 0.401810 -0.570308 -0.597405 -0.363665 0.430818 0.0003483060 -0.0000213568 -0.0001363355 0.0000015750 0.0000083320 0.0000536753 0.0029170192 -0.0006285253 0.0000040113 0.0037450137 0.0000128811 0.0025591550
1413393915.05591 -1.665611 -0.898902 0.415859 -0.573678 -0.598509 -0.368284 0.420770 0.0003458277 -0.0000156854 -0.0001397221 0.0000009705 0.0000063080 0.0000567579 0.0028898022 -0.0005931472 0.0000041372 0.0037085115 0.0000128484 0.0025595655
1413393915.10591 -1.640591 -0.858568 0.427832 -0.576427 -0.599814 -0.371130 0.412575 0.0003433972 -0.0000113013 -0.0001426162 0.0000006174 0.0000046657 0.0000595303 0.0028624031 -0.0005573641 0.0000040264 0.0036715576 0.0000129627 0.0025596314
1413393915.15591 -1.613462 -0.818185 0.442003 -0.578608 -0.600981 -0.373504 0.405623 0.0003410285 -0.0000076020 -0.0001451868 0.0000004105 0.0000032071 0.0000621080 0.0028343630 -0.0005212880 0.0000041658 0.0036392527 0.0000129338 0.0025600124
1413393915.20591 -1.586888 -0.775673 0.455885 -0.580108 -0.601697 -0.374882 0.401122 0.0003394910 -0.0000052846 -0.0001467626 0.0000003191 0.0000022543 0.0000637400 0.0028078507 -0.0004854379 0.0000043188 0.0036048270 0.0000129199 0.0025603837
1413393915.25591 -1.561195 -0.732853 0.468274 -0.580409 -0.602140 -0.376992 0.398033 0.0003389813 -0.0000030119 -0.0001473172 0.0000002573 0.0000012793 0.0000643115 0.0027813994 -0.0004492427 0.0000044024 0.0035714166 0.0000129834 0.0025605698
1413393915.30591 -1.537212 -0.688702 0.477582 -0.579445 -0.602589 -0.378389 0.397431 0.0003394387 -0.0000017287 -0.0001469233 0.0000002282 0.0000007223 0.0000638757 0.0027562232 -0.0004142497 0.0000043375 0.0035396217 0.0000130439 0.0025604027
1413393915.35592 -1.513168 -0.641852 0.485146 -0.574173 -0.604490 -0.381862 0.398872 0.0003418080 0.0000013325 -0.0001446831 0.0000002208 -0.0000005904 0.0000615184 0.0027321765 -0.0003798277 0.0000044289 0.0035115177 0.0000130463 0.0025605745
1413393915.40592 -1.490313 -0.593805 0.491230 -0.565160 -0.607892 -0.387298 0.401324 0.0003455013 0.0000064281 -0.0001408861 0.0000003320 -0.0000026479 0.0000577198 0.0027086681 -0.0003446674 0.0000045255 0.0034837535 0.0000130798 0.0025606990
1413393915.45592 -1.469119 -0.544826 0.497108 -0.552507 -0.612816 -0.395156 0.403789 0.0003499036 0.0000143086 -0.0001356604 0.0000007937 -0.0000055749 0.0000528607 0.0026866334 -0.0003102639 0.0000045838 0.0034580600 0.0000130889 0.0025607421
1413393915.50592 -1.449647 -0.494524 0.503245 -0.540378 -0.617181 -0.401989 0.406796 0.0003537042 0.0000213364 -0.0001304459 0.0000014926 -0.0000078963 0.0000483669 0.0026660840 -0.0002763528 0.0000046509 0.0034350679 0.0000131428 0.0025607129
1413393915.55591 -1.432870 -0.444403 0.509316 -0.531371 -0.620750 -0.405128 0.410103 0.0003560594 0.0000253831 -0.0001269231 0.0000020124 -0.0000090749 0.0000454981 0.0026472330 -0.0002431115 0.0000046928 0.0034147543 0.0000131823 0.0025606283
1413393915.60591 -1.417445 -0.394305 0.515342 -0.525012 -0.622278 -0.404980 0.416081 0.0003586264 0.0000254904 -0.0001237289 0.0000020116 -0.0000088188 0.0000429379 0.0026308875 -0.0002117860 0.0000046385 0.0033979968 0.0000131964 0.0025604211
1413393915.65591 -1.404121 -0.344957 0.521151 -0.521672 -0.623226 -0.402168 0.421555 0.0003601327 0.0000233642 -0.0001222360 0.0000017143 -0.0000079537 0.0000417383 0.0026166272 -0.0001812044 0.0000046841 0.0033828030 0.0000132124 0.0025605103
1413393915.70591 -1.393069 -0.296814 0.526805 -0.517856 -0.624955 -0.400748 0.425037 0.0003611099 0.0000230908 -0.0001210260 0.0000016740 -0.0000077615 0.0000408095 0.0026045072 -0.0001519746 0.0000047104 0.0033700363 0.0000132078 0.0025605625
1413393915.75591 -1.383571 -0.249003 0.532857 -0.513673 -0.626903 -0.400239 0.427718 0.0003619860 0.0000237789 -0.0001197437 0.0000017591 -0.0000078881 0.0000398573 0.0025945388 -0.0001241698 0.0000047430 0.0033597396 0.0000132128 0.0025606559
1413393915.80591 -1.376303 -0.202793 0.538330 -0.509475 -0.629486 -0.400754 0.428460 0.0003622290 0.0000258901 -0.0001189927 0.0000020475 -0.0000085268 0.0000393348 0.0025864012 -0.0000971069 0.0000047642 0.0033513570 0.0000132238 0.0025607316
1413393915.85591 -1.371288 -0.157906 0.543676 -0.506180 -0.632544 -0.400492 0.428107 0.0003616826 0.0000278916 -0.0001192900 0.0000023479 -0.0000092206 0.0000395892 0.0025801859 -0.0000715288 0.0000047737 0.0033455952 0.0000132431 0.0025608017
1413393915.90591 -1.367738 -0.113232 0.549720 -0.503745 -0.635309 -0.399645 0.427677 0.0003609313 0.0000292553 -0.0001199764 0.0000025681 -0.0000097452 0.0000401254 0.0025756644 -0.0000469189 0.0000047630 0.0033424606 0.0000132422 0.0025608339
1413393915.95591 -1.366798 -0.069868 0.556100 -0.501073 -0.636877 -0.400027 0.428126 0.0003610721 0.0000306017 -0.0001194633 0.0000027908 -0.0000101447 0.0000397686 0.0025726566 -0.0000225928 0.0000047659 0.0033410294 0.0000132611 0.0025609353
1413393916.00591 -1.367943 -0.027377 0.563079 -0.497191 -0.638130 -0.402290 0.428665 0.0003617585 0.0000331900 -0.0001178551 0.0000032430 -0.0000108322 0.0000386376 0.0025712475 0.0000009165 0.0000047766 0.0033428900 0.0000133095 0.0025610440
1413393916.05591 -1.371499 0.013922 0.570053 -0.494018 -0.639138 -0.404011 0.429213 0.0003623035 0.0000351931 -0.0001165354 0.0000036173 -0.0000113387 0.0000377252 0.0025712425 0.0000239639 0.0000047742 0.0033471245 0.0000133602 0.0025611544
1413393916.10591 -1.378784 0.052253 0.577501 -0.490449 -0.639921 -0.407150 0.429174 0.0003629238 0.0000381562 -0.0001147389 0.0000042109 -0.0000120807 0.0000365134 0.0025724594 0.0000463624 0.0000047387 0.0033539322 0.0000133987 0.0025611667
1413393916.15592 -1.387819 0.090587 0.585416 -0.487620 -0.639835 -0.410108 0.429710 0.0003638451 0.0000403786 -0.0001126696 0.0000046817 -0.0000125207 0.0000351273 0.0025747646 0.0000673719 0.0000047181 0.0033653200 0.0000134596 0.0025612774
1413393916.20592 -1.399598 0.127124 0.593097 -0.486573 -0.638251 -0.413082 0.430402 0.0003650387 0.0000415035 -0.0001105248 0.0000049204 -0.0000125822 0.0000337002 0.0025781142 0.0000885322 0.0000046789 0.0033783897 0.0000135032 0.0025613451
1413393916.25592 -1.414050 0.161739 0.600704 -0.491204 -0.632614 -0.411801 0.434670 0.0003674245 0.0000360234 -0.0001088892 0.0000037336 -0.0000106895 0.0000325048 0.0025822749 0.0001091438 0.0000046113 0.0033947987 0.0000135093 0.0025614579
1413393916.30591 -1.430784 0.194743 0.607335 -0.498366 -0.626168 -0.410198 0.437359 0.0003690202 0.0000298815 -0.0001083154 0.0000026221 -0.0000087827 0.0000320274 0.0025871919 0.0001295039 0.0000045496 0.0034139591 0.0000135447 0.0025615911
1413393916.35591 -1.449245 0.226969 0.614576 -0.508066 -0.619245 -0.408240 0.437886 0.0003694493 0.0000233085 -0.0001092696 0.0000016736 -0.0000069039 0.0000325528 0.0025928206 0.0001499827 0.0000044750 0.0034357627 0.0000135839 0.0025617227
1413393916.40591 -1.469119 0.257912 0.622726 -0.519499 -0.612129 -0.406762 0.435848 0.0003687260 0.0000173036 -0.0001114786 0.0000010160 -0.0000052401 0.0000339398 0.0025990363 0.0001704008 0.0000043921 0.0034592338 0.0000136161 0.0025618834
1413393916.45591 -1.489529 0.288029 0.631951 -0.530892 -0.604421 -0.408000 0.431699 0.0003678411 0.0000133360 -0.0001133383 0.0000006886 -0.0000041165 0.0000351584 0.0026057675 0.0001906786 0.0000043024 0.0034841555 0.0000136547 0.0025620342
1413393916.50591 -1.510277 0.315717 0.642202 -0.543395 -0.595385 -0.409908 0.426865 0.0003668522 0.0000092267 -0.0001151848 0.0000004382 -0.0000029032 0.0000364035 0.0026125380 0.0002098773 0.0000042084 0.0035094952 0.0000137065 0.0025621640
1413393916.55591 -1.530544 0.342087 0.652449 -0.555848 -0.585857 -0.414272 0.419742 0.0003657786 0.0000071636 -0.0001168637 0.0000003478 -0.0000022943 0.0000375759 0.0026194915 0.0002285791 0.0000041210 0.0035355821 0.0000137757 0.0025623277
1413393916.60591 -1.550598 0.367997 0.662562 -0.569931 -0.576636 -0.418762 0.409033 0.0003632617 0.0000063534 -0.0001203759 0.0000003200 -0.0000021106 0.0000401306 0.0026267958 0.0002472516 0.0000040341 0.0035613619 0.0000138350 0.0025625187
1413393916.65591 -1.570935 0.392637 0.672942 -0.584972 -0.566450 -0.422853 0.397665 0.0003603418 0.0000052341 -0.0001242622 0.0000002863 -0.0000018099 0.0000430947 0.0026344453 0.0002660152 0.0000039505 0.0035877113 0.0000139031 0.0025627110
1413393916.70591 -1.592356 0.414183 0.683225 -0.601236 -0.555082 -0.426782 0.385039 0.0003568448 0.0000040784 -0.0001286505 0.0000002577 -0.0000014749 0.0000466269 0.0026424337 0.0002849376 0.0000038586 0.0036139641 0.0000138902 0.0025628051
1413393916.75590 -1.613514 0.435947 0.692858 -0.616424 -0.542708 -0.431920 0.372739 0.0003541497 0.0000034888 -0.0001318594 0.0000002465 -0.0000013034 0.0000493425 0.0026491401 0.0003012930 0.0000037764 0.0036423897 0.0000139369 0.0025629405
1413393916.80590 -1.634823 0.455140 0.701602 -0.630001 -0.528080 -0.439029 0.362607 0.0003534551 0.0000025515 -0.0001326886 0.0000002313 -0.0000009620 0.0000500602 0.0026563779 0.0003182599 0.0000037232 0.0036704702 0.0000139919 0.0025630450
1413393916.85591 -1.655275 0.476940 0.710653 -0.641783 -0.512318 -0.448670 0.352619 0.0003542813 0.0000026802 -0.0001317442 0.0000002337 -0.0000010010 0.0000492383 0.0026638639 0.0003353705 0.0000036888 0.0036978857 0.0000139908 0.0025631053
1413393916.90591 -1.675209 0.500345 0.720895 -0.653807 -0.494707 -0.456883 0.345050 0.0003555207 0.0000003105 -0.0001303346 0.0000002145 -0.0000001178 0.0000480278 0.0026724412 0.0003539854 0.0000036347 0.0037257561 0.0000140412 0.0025632231
1413393916.95591 -1.695264 0.521552 0.731436 -0.666091 -0.475652 -0.463864 0.338982 0.0003567624 -0.0000038682 -0.0001288059 0.0000002560 0.0000013936 0.0000467494 0.0026820797 0.0003738687 0.0000036385 0.0037520608 0.0000140434 0.0025632873
1413393917.00591 -1.715307 0.545280 0.743399 -0.678103 -0.452915 -0.471012 0.336440 0.0003591310 -0.0000112873 -0.0001254677 0.0000005697 0.0000039417 0.0000440774 0.0026912450 0.0003926484 0.0000035963 0.0037790363 0.0000141392 0.0025634232
1413393917.05592 -1.734544 0.569156 0.755239 -0.689759 -0.430256 -0.477381 0.333496 0.0003606627 -0.0000187857 -0.0001226206 0.0000011943 0.0000063865 0.0000419311 0.0027018297 0.0004133453 0.0000035575 0.0038061022 0.0000142408 0.0025635769
1413393917.10592 -1.752767 0.591926 0.767251 -0.700457 -0.408459 -0.483942 0.329123 0.0003616606 -0.0000250865 -0.0001201866 0.0000019567 0.0000083373 0.0000401805 0.0027126289 0.0004338161 0.0000035101 0.0038319235 0.0000143396 0.0025637421
1413393917.15592 -1.769950 0.613511 0.779483 -0.710220 -0.387622 -0.491208 0.322569 0.0003624133 -0.0000295750 -0.0001181604 0.0000026308 0.0000096437 0.0000387633 0.0027233274 0.0004534710 0.0000034665 0.0038557883 0.0000144418 0.0025639366
1413393917.20591 -1.785671 0.634664 0.792456 -0.719830 -0.367672 -0.497559 0.314797 0.0003624369 -0.0000333734 -0.0001171277 0.0000032908 0.0000107868 0.0000380889 0.0027335656 0.0004719986 0.0000034215 0.0038784415 0.0000145420 0.0025641349
1413393917.25591 -1.800329 0.653339 0.804474 -0.730518 -0.348556 -0.500768 0.306729 0.0003606580 -0.0000377651 -0.0001182305 0.0000041725 0.0000123826 0.0000389945 0.0027435911 0.0004897518 0.0000033830 0.0038995039 0.0000146360 0.0025643476
1413393917.30591 -1.813341 0.670374 0.816590 -0.741761 -0.332057 -0.502720 0.294621 0.0003576284 -0.0000391910 -0.0001217605 0.0000045125 0.0000133462 0.0000416920 0.0027525087 0.0005054267 0.0000033442 0.0039185082 0.0000147357 0.0025645654
1413393917.35590 -1.824866 0.686589 0.827797 -0.752996 -0.315694 -0.504049 0.281547 0.0003541606 -0.0000399755 -0.0001258401 0.0000047292 0.0000142077 0.0000449505 0.0027607876 0.0005196503 0.0000033159 0.0039350903 0.0000148378 0.0025647951
1413393917.40590 -1.834423 0.700699 0.837697 -0.763811 -0.297135 -0.505374 0.270001 0.0003508610 -0.0000421837 -0.0001290446 0.0000052880 0.0000155192 0.0000476992 0.0027690193 0.0005332407 0.0000032577 0.0039495596 0.0000149147 0.0025650305
1413393917.45590 -1.841705 0.713871 0.844951 -0.774177 -0.278823 -0.507167 0.256299 0.0003476669 -0.0000426807 -0.0001324990 0.0000054544 0.0000162707 0.0000507340 0.0027762585 0.0005447946 0.0000032090 0.0039605990 0.0000149696 0.0025652706
1413393917.50590 -1.846377 0.726089 0.848647 -0.783599 -0.260389 -0.509556 0.241916 0.0003449405 -0.0000423899 -0.0001355423 0.0000054213 0.0000166623 0.0000534969 0.0027831981 0.0005551754 0.0000032022 0.0039678750 0.0000151556 0.0025650774
1413393917.55590 -1.849249 0.734650 0.850072 -0.793404 -0.240236 -0.510680 0.228043 0.0003414827 -0.0000431984 -0.0001388676 0.0000056748 0.0000175732 0.0000567076 0.0027894400 0.0005639112 0.0000031850 0.0039718355 0.0000151899 0.0025652394
1413393917.60590 -1.849857 0.742371 0.849730 -0.801737 -0.221996 -0.513537 0.210275 0.0003391855 -0.0000403603 -0.0001419920 0.0000050100 0.0000169016 0.0000596768 0.0027937426 0.0005693936 0.0000031388 0.0039722864 0.0000152520 0.0025654189
1413393917.65590 -1.847895 0.748513 0.847225 -0.809177 -0.204413 -0.516732 0.190883 0.0003373310 -0.0000360068 -0.0001449284 0.0000040480 0.0000154746 0.0000625003 0.0027978236 0.0005738315 0.0000030836 0.0039690189 0.0000152855 0.0025655838
1413393917.70589 -1.844479 0.753708 0.844508 -0.814302 -0.186811 -0.522425 0.170548 0.0003375144 -0.0000304644 -0.0001460380 0.0000029516 0.0000131849 0.0000634209 0.0028008837 0.0005762972 0.0000030494 0.0039626288 0.0000153111 0.0025657361
1413393917.75590 -1.839035 0.758305 0.839752 -0.816816 -0.168249 -0.530680 0.151274 0.0003399605 -0.0000254014 -0.0001447225 0.0000020974 0.0000108153 0.0000618375 0.0028034272 0.0005776813 0.0000029916 0.0039545291 0.0000153101 0.0025659242
1413393917.80590 -1.831230 0.761748 0.834920 -0.816507 -0.149478 -0.541635 0.132680 0.0003446679 -0.0000203955 -0.0001409111 0.0000014040 0.0000083386 0.0000578319 0.0028058950 0.0005783270 0.0000029126 0.0039435432 0.0000152952 0.0025661489
1413393917.85590 -1.821645 0.764767 0.830710 -0.815677 -0.128212 -0.551808 0.117221 0.0003492426 -0.0000186342 -0.0001363879 0.0000011888 0.0000072767 0.0000534798 0.0028077910 0.0005776706 0.0000028224 0.0039297634 0.0000152858 0.0025663691
1413393917.90590 -1.811253 0.767080 0.827432 -0.815669 -0.105283 -0.559169 0.104547 0.0003522435 -0.0000198824 -0.0001329081 0.0000013130 0.0000075018 0.0000503608 0.0028092176 0.0005759805 0.0000027108 0.0039140866 0.0000153635 0.0025664588
1413393917.95590 -1.800356 0.768370 0.823580 -0.817024 -0.082611 -0.563129 0.092372 0.0003531703 -0.0000218408 -0.0001315596 0.0000015387 0.0000081359 0.0000492156 0.0028102543 0.0005736639 0.0000025928 0.0038977538 0.0000153616 0.0025666764
1413393918.00590 -1.788954 0.768959 0.820592 -0.817914 -0.059454 -0.566427 0.081502 0.0003538016 -0.0000249383 -0.0001302930 0.0000019429 0.0000091841 0.0000481871 0.0028105094 0.0005702270 0.0000024631 0.0038806036 0.0000153555 0.0025669064
1413393918.05590 -1.777290 0.768238 0.818260 -0.818946 -0.036703 -0.568305 0.070784 0.0003536338 -0.0000280598 -0.0001298710 0.0000024075 0.0000103056 0.0000478957 0.0028100085 0.0005659495 0.0000024527 0.0038635372 0.0000154244 0.0025670321
1413393918.10590 -1.765370 0.766310 0.816334 -0.819783 -0.014460 -0.569333 0.060054 0.0003530211 -0.0000309751 -0.0001299412 0.0000028955 0.0000114023 0.0000480269 0.0028087167 0.0005607332 0.0000023735 0.0038466457 0.0000154253 0.0025672378
1413393918.15590 -1.752696 0.762848 0.814828 -0.821166 0.007052 -0.568543 0.048942 0.0003514315 -0.0000333004 -0.0001312174 0.0000033295 0.0000124345 0.0000491894 0.0028067095 0.0005544430 0.0000023050 0.0038289989 0.0000154632 0.0025674322
1413393918.20590 -1.739451 0.757867 0.813441 -0.822570 0.030022 -0.566438 0.040310 0.0003487361 -0.0000376492 -0.0001330909 0.0000042358 0.0000143695 0.0000509857 0.0028037305 0.0005468022 0.0000021971 0.0038104225 0.0000154579 0.0025676796
1413393918.25590 -1.723787 0.751560 0.812029 -0.823323 0.050108 -0.564656 0.028137 0.0003469361 -0.0000385042 -0.0001348270 0.0000044385 0.0000149646 0.0000525867 0.0027993933 0.0005374998 0.0000022998 0.0037904900 0.0000155451 0.0025676174
1413393918.30590 -1.708607 0.742125 0.811307 -0.823251 0.071424 -0.562890 0.017648 0.0003448865 -0.0000408400 -0.0001363376 0.0000049971 0.0000161462 0.0000540820 0.0027941134 0.0005265287 0.0000023768 0.0037675272 0.0000155636 0.0025676778
1413393918.35590 -1.692923 0.730567 0.811136 -0.822382 0.091930 -0.561427 0.006035 0.0003434077 -0.0000421429 -0.0001374966 0.0000053300 0.0000168752 0.0000552352 0.0027870358 0.0005135434 0.0000024039 0.0037452573 0.0000155527 0.0025678098
1413393918.40590 -1.677956 0.716078 0.812469 0.821177 -0.111882 0.559562 0.006416 0.0003420139 -0.0000426423 -0.0001387815 0.0000054713 0.0000173046 0.0000564931 0.0027786204 0.0004991947 0.0000025238 0.0037231725 0.0000155304 0.0025678704
1413393918.45590 -1.662690 0.698646 0.813630 0.819575 -0.131824 0.557247 0.019896 0.0003406790 -0.0000423909 -0.0001402096 0.0000054266 0.0000174469 0.0000578817 0.0027689182 0.0004831319 0.0000024267 0.0037024879 0.0000155318 0.0025680622
1413393918.50590 -1.647380 0.677875 0.817853 0.817120 -0.152599 0.554907 0.033260 0.0003394584 -0.0000425497 -0.0001413763 0.0000054778 0.0000177220 0.0000590537 0.0027571004 0.0004648969 0.0000027304 0.0036811905 0.0000156234 0.0025678709
1413393918.55590 -1.630330 0.654053 0.821411 0.814043 -0.174099 0.552152 0.046391 0.0003380922 -0.0000430940 -0.0001425461 0.0000056347 0.0000181700 0.0000602716 0.0027442531 0.0004447082 0.0000026882 0.0036601168 0.0000156215 0.0025680577
1413393918.60590 -1.613344 0.627122 0.826240 0.808558 -0.195461 0.551578 0.061563 0.0003387854 -0.0000429104 -0.0001419533 0.0000055741 0.0000179800 0.0000596469 0.0027301832 0.0004223335 0.0000027038 0.0036373241 0.0000156122 0.0025681825
1413393918.65590 -1.596388 0.597877 0.830324 0.801168 -0.215845 0.552512 0.079190 0.0003413549 -0.0000414755 -0.0001398813 0.0000051768 0.0000169953 0.0000574845 0.0027153740 0.0003984957 0.0000026639 0.0036150762 0.0000155966 0.0025684088
1413393918.70590 -1.579541 0.565936 0.834302 0.791875 -0.238460 0.554181 0.094625 0.0003438281 -0.0000426575 -0.0001370274 0.0000054290 0.0000169993 0.0000547713 0.0027004765 0.0003738139 0.0000025285 0.0035934180 0.0000156144 0.0025686974
1413393918.75590 -1.563727 0.531360 0.838831 0.782444 -0.263366 0.553741 0.108586 0.0003445384 -0.0000454105 -0.0001354137 0.0000061205 0.0000178466 0.0000533798 0.0026852452 0.0003482893 0.0000024404 0.0035733178 0.0000156189 0.0025689981
1413393918.80590 -1.549342 0.494078 0.844019 0.770290 -0.289280 0.554956 0.122450 0.0003460775 -0.0000494880 -0.0001323387 0.0000072114 0.0000189228 0.0000507606 0.0026699088 0.0003216053 0.0000023096 0.0035550083 0.0000155974 0.0025692970
1413393918.85590 -1.536808 0.453775 0.848588 0.755570 -0.316760 0.557169 0.135427 0.0003475439 -0.0000555440 -0.0001282870 0.0000090110 0.0000205018 0.0000475054 0.0026543641 0.0002936052 0.0000022477 0.0035385951 0.0000155913 0.0025696350
1413393918.90591 -1.526367 0.410912 0.853597 0.738936 -0.340622 0.560229 0.155219 0.0003520314 -0.0000573710 -0.0001221852 0.0000094820 0.0000199112 0.0000425556 0.0026391260 0.0002650627 0.0000023265 0.0035265901 0.0000155998 0.0025697435
1413393918.95590 -1.517059 0.367332 0.857795 0.722448 -0.362425 0.561248 0.178093 0.0003568579 -0.0000567783 -0.0001163188 0.0000091663 0.0000185047 0.0000380579 0.0026250991 0.0002357961 0.0000021889 0.0035172831 0.0000155884 0.0025701430
1413393919.00590 -1.513563 0.321665 0.863960 0.706535 -0.382150 0.559898 0.203182 0.0003617371 -0.0000538220 -0.0001110264 0.0000081401 0.0000165162 0.0000342168 0.0026126559 0.0002071555 0.0000020975 0.0035101382 0.0000156072 0.0025704418
1413393919.05590 -1.511793 0.275548 0.870095 0.690269 -0.402228 0.556643 0.227797 0.0003657954 -0.0000512092 -0.0001062702 0.0000073020 0.0000148736 0.0000310110 0.0026016656 0.0001784265 0.0000019497 0.0035104862 0.0000156002 0.0025708409
1413393919.10590 -1.509817 0.227776 0.875692 0.674744 -0.421234 0.551328 0.251634 0.0003691760 -0.0000481733 -0.0001023787 0.0000064153 0.0000133557 0.0000285264 0.0025917491 0.0001499622 0.0000020068 0.0035125600 0.0000155643 0.0025711641
1413393919.15590 -1.513109 0.181572 0.881709 0.658767 -0.441473 0.545002 0.272212 0.0003710020 -0.0000474011 -0.0000997329 0.0000061844 0.0000127388 0.0000269433 0.0025838306 0.0001207999 0.0000019209 0.0035143398 0.0000155274 0.0025715417
1413393919.20589 -1.519301 0.136251 0.888826 0.640773 -0.460310 0.540438 0.292319 0.0003735778 -0.0000477240 -0.0000951002 0.0000062245 0.0000121449 0.0000243395 0.0025780065 0.0000930395 0.0000017939 0.0035227938 0.0000155383 0.0025718102
1413393919.25589 -1.528546 0.090154 0.897569 0.622104 -0.478215 0.535960 0.311520 0.0003760093 -0.0000486250 -0.0000901234 0.0000064139 0.0000116500 0.0000217275 0.0025736871 0.0000660890 0.0000016787 0.0035350529 0.0000156617 0.0025720079
1413393919.30589 -1.542464 0.049033 0.905008 0.600784 -0.494277 0.534111 0.330869 0.0003791386 -0.0000510500 -0.0000823846 0.0000069989 0.0000110885 0.0000180247 0.0025711104 0.0000385809 0.0000015338 0.0035513123 0.0000157275 0.0025723621
1413393919.35589 -1.557926 0.010089 0.910057 0.579706 -0.509303 0.532494 0.347852 0.0003814072 -0.0000545875 -0.0000749013 0.0000079375 0.0000107159 0.0000148298 0.0025702231 0.0000145976 0.0000013911 0.0035735713 0.0000157642 0.0025727155
1413393919.40589 -1.576184 -0.023862 0.912279 0.558747 -0.523788 0.531832 0.361390 0.0003823494 -0.0000602632 -0.0000680056 0.0000096233 0.0000107148 0.0000122142 0.0025703266 -0.0000079681 0.0000013386 0.0035980263 0.0000158067 0.0025730308
1413393919.45589 -1.597858 -0.055461 0.911816 0.541443 -0.539388 0.528824 0.369115 0.0003807537 -0.0000669655 -0.0000659569 0.0000119025 0.0000115975 0.0000115425 0.0025713807 -0.0000282753 0.0000012402 0.0036260842 0.0000158640 0.0025732838
1413393919.50589 -1.621913 -0.085139 0.908327 0.527813 -0.554465 0.522906 0.374902 0.0003783418 -0.0000719540 -0.0000672244 0.0000138097 0.0000127833 0.0000120602 0.0025732612 -0.0000477970 0.0000011210 0.0036599590 0.0000159692 0.0025735348
1413393919.55589 -1.650224 -0.111483 0.903492 0.515410 -0.569240 0.516440 0.378958 0.0003752808 -0.0000767990 -0.0000698103 0.0000158403 0.0000142859 0.0000131005 0.0025753229 -0.0000661741 0.0000009791 0.0036978555 0.0000161608 0.0025737305
1413393919.60589 -1.682106 -0.132865 0.895293 0.504935 -0.582468 0.508674 0.383435 0.0003726192 -0.0000796721 -0.0000731052 0.0000171581 0.0000156318 0.0000144562 0.0025776829 -0.0000830276 0.0000008796 0.0037420576 0.0000163911 0.0025739550
1413393919.65589 -1.716312 -0.154047 0.884939 0.495653 -0.592198 0.501145 0.390490 0.0003718248 -0.0000799949 -0.0000746232 0.0000173268 0.0000160557 0.0000150886 0.0025791839 -0.0000966616 0.0000009601 0.0037907981 0.0000165071 0.0025741892
1413393919.70589 -1.754622 -0.170209 0.872594 0.488283 -0.598232 0.494564 0.398879 0.0003725358 -0.0000784303 -0.0000746998 0.0000166272 0.0000157278 0.0000150901 0.0025817579 -0.0001120049 0.0000009021 0.0038444435 0.0000166923 0.0025745410
1413393919.75589 -1.796313 -0.182863 0.859809 0.484204 -0.598584 0.486890 0.412532 0.0003765567 -0.0000715327 -0.0000723391 0.0000137020 0.0000137428 0.0000140078 0.0025838811 -0.0001240803 0.0000008836 0.0039052082 0.0000169759 0.0025748784
1413393919.80590 -1.841190 -0.191378 0.845692 0.482498 -0.595121 0.478782 0.428714 0.0003819808 -0.0000613467 -0.0000683361 0.0000099635 0.0000109751 0.0000123352 0.0025855010 -0.0001338458 0.0000009609 0.0039710723 0.0000173276 0.0025751189
1413393919.85590 -1.884518 -0.198961 0.826011 0.483371 -0.589631 0.469693 0.445057 0.0003872287 -0.0000489390 -0.0000642498 0.0000062918 0.0000081190 0.0000107680 0.0025857559 -0.0001402141 0.0000013825 0.0040417975 0.0000177258 0.0025748277
1413393919.90590 -1.932309 -0.202573 0.807189 0.486330 -0.584416 0.460325 0.458303 0.0003908163 -0.0000366229 -0.0000620187 0.0000035367 0.0000058106 0.0000099478 0.0025864776 -0.0001459833 0.0000016187 0.0041101972 0.0000181398 0.0025748258
1413393919.95590 -1.980238 -0.203797 0.784977 0.491143 -0.580959 0.450566 0.467178 0.0003924173 -0.0000256865 -0.0000626622 0.0000017848 0.0000041006 0.0000101105 0.0025865749 -0.0001488387 0.0000019244 0.0041862824 0.0000184258 0.0025747988
1413393920.00590 -2.028315 -0.198468 0.759817 0.496929 -0.579993 0.441605 0.470803 0.0003921040 -0.0000176282 -0.0000663369 0.0000008955 0.0000029813 0.0000113272 0.0025866607 -0.0001506677 0.0000021939 0.0042639772 0.0000186740 0.0025748567
1413393920.05589 -2.075267 -0.190830 0.732988 0.501986 -0.579995 0.435072 0.471517 0.0003911229 -0.0000124158 -0.0000702488 0.0000004971 0.0000022292 0.0000127214 0.0025858340 -0.0001467046 0.0000024843 0.0043432539 0.0000189590 0.0025749826
1413393920.10589 -2.121605 -0.179715 0.704228 0.506088 -0.580088 0.430724 0.471010 0.0003900744 -0.0000090911 -0.0000735341 0.0000003148 0.0000017133 0.0000139660 0.0025846767 -0.0001404887 0.0000027965 0.0044215018 0.0000193206 0.0025751046
1413393920.15589 -2.166877 -0.168293 0.672281 0.510593 -0.580300 0.426608 0.469629 0.0003887359 -0.0000061119 -0.0000771986 0.0000001983 0.0000012135 0.0000154344 0.0025832246 -0.0001311995 0.0000030976 0.0045002965 0.0000194619 0.0025752219
1413393920.20589 -2.211327 -0.154109 0.638940 0.513983 -0.580625 0.424302 0.467615 0.0003875512 -0.0000047128 -0.0000801323 0.0000001592 0.0000009745 0.0000166719 0.0025819168 -0.0001212545 0.0000034119 0.0045789020 0.0000196456 0.0025753865
1413393920.25589 -2.255418 -0.136065 0.605363 0.516796 -0.580414 0.422538 0.466373 0.0003867027 -0.0000033026 -0.0000821708 0.0000001304 0.0000007019 0.0000175638 0.0025805998 -0.0001083328 0.0000037475 0.0046575537 0.0000197679 0.0025756011
1413393920.30589 -2.298679 -0.117073 0.571456 0.519565 -0.580583 0.421560 0.463964 0.0003856853 -0.0000028565 -0.0000844679 0.0000001234 0.0000006260 0.0000186020 0.0025791427 -0.0000911021 0.0000040930 0.0047362965 0.0000198374 0.0025758113
1413393920.35589 -2.341927 -0.094424 0.538086 0.522912 -0.580552 0.419394 0.462201 0.0003844881 -0.0000013548 -0.0000870858 0.0000001070 0.0000003076 0.0000198272 0.0025778716 -0.0000725094 0.0000043886 0.0048156218 0.0000198287 0.0025759873
1413393920.40589 -2.383267 -0.069767 0.505283 0.527809 -0.583080 0.415169 0.457241 0.0003815167 -0.0000005399 -0.0000930878 0.0000001034 0.0000001325 0.0000228162 0.0025769917 -0.0000498892 0.0000047377 0.0048963446 0.0000198466 0.0025762398
1413393920.45589 -2.424049 -0.041521 0.473315 0.533465 -0.586994 0.409984 0.450296 0.0003772802 -0.0000003142 -0.0001008593 0.0000001036 0.0000000848 0.0000270679 0.0025765823 -0.0000249999 0.0000050804 0.0049750418 0.0000198573 0.0025765093
1413393920.50589 -2.464532 -0.012781 0.442045 0.539399 -0.589839 0.404462 0.444464 0.0003730880 0.0000009501 -0.0001078308 0.0000001062 -0.0000002738 0.0000312721 0.0025767121 0.0000039894 0.0000054120 0.0050541025 0.0000197918 0.0025767589
1413393920.55589 -2.502890 0.017963 0.413020 0.543779 -0.592085 0.400622 0.439592 0.0003696825 0.0000014364 -0.0001130655 0.0000001102 -0.0000004386 0.0000346886 0.0025775462 0.0000335948 0.0000057516 0.0051338859 0.0000197247 0.0025770183
1413393920.60589 -2.542117 0.049637 0.384222 0.548060 -0.592588 0.397473 0.436446 0.0003671235 0.0000028369 -0.0001167615 0.0000001272 -0.0000009018 0.0000372446 0.0025789358 0.0000657022 0.0000059784 0.0052100334 0.0000196220 0.0025771864
1413393920.65588 -2.580642 0.081680 0.355898 0.551449 -0.592668 0.395234 0.434095 0.0003652117 0.0000039549 -0.0001194020 0.0000001485 -0.0000012923 0.0000391470 0.0025807802 0.0000992708 0.0000059877 0.0052891769 0.0000194307 0.0025772049
1413393920.70588 -2.617063 0.113959 0.329175 0.554111 -0.592038 0.393592 0.433055 0.0003640787 0.0000053262 -0.0001208990 0.0000001845 -0.0000017680 0.0000402576 0.0025838839 0.0001341619 0.0000062282 0.0053684517 0.0000192975 0.0025773755
1413393920.75588 -2.653751 0.146896 0.302109 0.556139 -0.590414 0.393195 0.433033 0.0003638529 0.0000066523 -0.0001211481 0.0000002287 -0.0000022143 0.0000404488 0.0025872828 0.0001703288 0.0000061279 0.0054434542 0.0000191839 0.0025773005
1413393920.80588 -2.687990 0.178295 0.275652 0.557604 -0.590348 0.392847 0.431552 0.0003630948 0.0000066810 -0.0001221692 0.0000002312 -0.0000022474 0.0000412187 0.0025922375 0.0002081825 0.0000063921 0.0055206791 0.0000190818 0.0025774898
1413393920.85588 -2.720787 0.210918 0.250052 0.559752 -0.588985 0.391198 0.432133 0.0003625954 0.0000087767 -0.0001227094 0.0000003219 -0.0000029700 0.0000416414 0.0025976544 0.0002449007 0.0000065869 0.0055935860 0.0000189493 0.0025776273
1413393920.90588 -2.752373 0.242503 0.224003 0.563683 -0.589527 0.386860 0.430185 0.0003598341 0.0000109913 -0.0001260795 0.0000004466 -0.0000038512 0.0000442924 0.0026042372 0.0002839501 0.0000068392 0.0056638346 0.0000188189 0.0025778155
1413393920.95588 -2.783092 0.273968 0.197721 0.568109 -0.590491 0.382103 0.427282 0.0003563489 0.0000129788 -0.0001301461 0.0000005847 -0.0000047405 0.0000476507 0.0026110527 0.0003219551 0.0000069244 0.0057318597 0.0000187189 0.0025778781
1413393921.00588 -2.812504 0.304241 0.171818 0.572885 -0.594084 0.375157 0.422049 0.0003507373 0.0000142411 -0.0001364030 0.0000006917 -0.0000055391 0.0000531697 0.0026188630 0.0003604150 0.0000071591 0.0057993414 0.0000185855 0.0025780670
1413393921.05588 -2.840176 0.332808 0.146110 0.578745 -0.597444 0.367352 0.416134 0.0003441073 0.0000159378 -0.0001431183 0.0000008533 -0.0000066298 0.0000596505 0.0026269359 0.0003971951 0.0000073963 0.0058634124 0.0000184444 0.0025782603
1413393921.10588 -2.866576 0.359952 0.121105 0.583787 -0.600636 0.360543 0.410411 0.0003378226 0.0000170269 -0.0001489727 0.0000009748 -0.0000075100 0.0000658238 0.0026349159 0.0004316395 0.0000076045 0.0059242652 0.0000182990 0.0025784379
1413393921.15588 -2.891478 0.384802 0.097270 0.586995 -0.602894 0.355758 0.406684 0.0003334476 0.0000177924 -0.0001527619 0.0000010673 -0.0000081529 0.0000701179 0.0026426957 0.0004639035 0.0000077462 0.0059824482 0.0000181819 0.0025785649
1413393921.20588 -2.914675 0.405965 0.075206 0.590499 -0.603652 0.350706 0.404871 0.0003297807 0.0000199853 -0.0001555798 0.0000013308 -0.0000094306 0.0000735340 0.0026502486 0.0004937156 0.0000079113 0.0060375260 0.0000180311 0.0025787228
1413393921.25587 -2.936577 0.424435 0.053698 0.592693 -0.604147 0.347874 0.403366 0.0003274215 0.0000210247 -0.0001573580 0.0000014711 -0.0000101069 0.0000757651 0.0026564478 0.0005185765 0.0000079240 0.0060881315 0.0000179611 0.0025787636
1413393921.30587 -2.955517 0.440113 0.032693 0.593393 -0.604822 0.346283 0.402696 0.0003262043 0.0000214122 -0.0001582684 0.0000015274 -0.0000103917 0.0000769301 0.0026610702 0.0005405068 0.0000074867 0.0061361225 0.0000181820 0.0025784915
1413393921.35587 -2.973989 0.453481 0.011949 0.593470 -0.605997 0.346511 0.400614 0.0003252880 0.0000201222 -0.0001591580 0.0000013678 -0.0000098481 0.0000780166 0.0026652684 0.0005584715 0.0000072817 0.0061764110 0.0000182453 0.0025783841
1413393921.40587 -2.990058 0.461124 -0.005750 0.591856 -0.606033 0.349139 0.400666 0.0003268428 0.0000185661 -0.0001581443 0.0000011794 -0.0000089857 0.0000766633 0.0026691680 0.0005736468 0.0000073598 0.0062171361 0.0000181368 0.0025784996
1413393921.45587 -3.004379 0.465555 -0.021634 0.587793 -0.604483 0.355089 0.403748 0.0003316957 0.0000165980 -0.0001544325 0.0000009569 -0.0000077297 0.0000720457 0.0026708761 0.0005815364 0.0000074041 0.0062524459 0.0000180397 0.0025785845
1413393921.50587 -3.017380 0.467344 -0.036362 0.583369 -0.600738 0.362612 0.409032 0.0003382982 0.0000153692 -0.0001487936 0.0000008262 -0.0000067614 0.0000655872 0.0026714495 0.0005858608 0.0000073793 0.0062833684 0.0000179858 0.0025786120
1413393921.55587 -3.028345 0.466335 -0.049846 0.577561 -0.596620 0.371416 0.415353 0.0003458494 0.0000136709 -0.0001417085 0.0000006699 -0.0000056027 0.0000582056 0.0026712392 0.0005874900 0.0000073838 0.0063122480 0.0000179416 0.0025786480
1413393921.60587 -3.038555 0.464823 -0.064242 0.573062 -0.592571 0.377312 0.422014 0.0003518026 0.0000137597 -0.0001354028 0.0000006681 -0.0000052969 0.0000522549 0.0026693689 0.0005865081 0.0000068155 0.0063356487 0.0000183831 0.0025781223
1413393921.65587 -3.048000 0.461239 -0.079496 0.569567 -0.590424 0.382163 0.425377 0.0003556357 0.0000126210 -0.0001311728 0.0000005795 -0.0000046561 0.0000485227 0.0026684444 0.0005851703 0.0000068214 0.0063576772 0.0000183500 0.0025781679
1413393921.70587 -3.055935 0.457553 -0.097645 0.567030 -0.588828 0.384882 0.428513 0.0003582922 0.0000124454 -0.0001280317 0.0000005657 -0.0000044481 0.0000458920 0.0026671487 0.0005824760 0.0000068309 0.0063785215 0.0000183215 0.0025782180
1413393921.75587 -3.062773 0.453837 -0.118932 0.564635 -0.587941 0.387216 0.430785 0.0003603660 0.0000118881 -0.0001255292 0.0000005273 -0.0000041418 0.0000438687 0.0026658723 0.0005794674 0.0000068393 0.0063953652 0.0000183027 0.0025782690
1413393921.80587 -3.068188 0.449638 -0.142194 0.562682 -0.586353 0.389375 0.433550 0.0003625165 0.0000119658 -0.0001227774 0.0000005318 -0.0000040533 0.0000417252 0.0026645283 0.0005760296 0.0000068348 0.0064098019 0.0000183000 0.0025782987
1413393921.85587 -3.072587 0.445100 -0.167341 0.560331 -0.584273 0.391952 0.437069 0.0003651069 0.0000121995 -0.0001193101 0.0000005462 -0.0000039872 0.0000391316 0.0026629747 0.0005715830 0.0000068475 0.0064206950 0.0000182817 0.0025783593
1413393921.90587 -3.075564 0.440241 -0.193284 0.555881 -0.581244 0.396952 0.442245 0.0003693099 0.0000116577 -0.0001134211 0.0000005082 -0.0000035809 0.0000349763 0.0026611836 0.0005668445 0.0000067233 0.0064286241 0.0000183634 0.0025783078
1413393921.95587 -3.078160 0.436121 -0.220168 0.551770 -0.577258 0.401641 0.448339 0.0003735109 0.0000120552 -0.0001069438 0.0000005310 -0.0000034523 0.0000307626 0.0026594721 0.0005617432 0.0000066750 0.0064331521 0.0000183932 0.0025783149
1413393922.00587 -3.079475 0.431015 -0.245042 0.548735 -0.575256 0.405028 0.451578 0.0003760195 0.0000115430 -0.0001028447 0.0000004965 -0.0000031576 0.0000282716 0.0026579969 0.0005582339 0.0000063956 0.0064368181 0.0000186238 0.0025778860
1413393922.05587 -3.079358 0.429537 -0.272345 0.549221 -0.576884 0.403133 0.450604 0.0003749537 0.0000116109 -0.0001046284 0.0000005039 -0.0000032405 0.0000293406 0.0026566426 0.0005535079 0.0000064291 0.0064377495 0.0000185807 0.0025780063
1413393922.10587 -3.078108 0.429731 -0.299786 0.550839 -0.579772 0.399693 0.447980 0.0003726821 0.0000116665 -0.0001082939 0.0000005118 -0.0000033907 0.0000316153 0.0026565466 0.0005528877 0.0000064704 0.0064347265 0.0000185287 0.0025781469
1413393922.15587 -3.075605 0.431169 -0.327794 0.554596 -0.584573 0.393327 0.442710 0.0003681106 0.0000120295 -0.0001151429 0.0000005418 -0.0000037635 0.0000361668 0.0026570508 0.0005541909 0.0000065083 0.0064287388 0.0000184791 0.0025782936
1413393922.20587 -3.072523 0.432816 -0.356835 0.560703 -0.592943 0.383216 0.432639 0.0003596318 0.0000117167 -0.0001265043 0.0000005322 -0.0000041224 0.0000446547 0.0026577292 0.0005564030 0.0000064398 0.0064198684 0.0000184707 0.0025783174
1413393922.25588 -3.067893 0.435178 -0.385736 0.566290 -0.600293 0.373193 0.423899 0.0003511412 0.0000120734 -0.0001363646 0.0000005679 -0.0000046899 0.0000531179 0.0026583257 0.0005577983 0.0000064680 0.0064101156 0.0000184177 0.0025784661
1413393922.30588 -3.062328 0.436257 -0.414863 0.571244 -0.608474 0.363962 0.413487 0.0003417378 0.0000109558 -0.0001460583 0.0000005061 -0.0000046838 0.0000625928 0.0026588541 0.0005586610 0.0000064992 0.0063960227 0.0000183688 0.0025786157
1413393922.35588 -3.056439 0.435312 -0.442930 0.575614 -0.615559 0.355559 0.404146 0.0003327910 0.0000101107 -0.0001541650 0.0000004641 -0.0000046851 0.0000715911 0.0026585587 0.0005565854 0.0000065307 0.0063802089 0.0000183190 0.0025787737
1413393922.40588 -3.049827 0.431715 -0.469851 0.578517 -0.621406 0.349003 0.396698 0.0003254628 0.0000091683 -0.0001601417 0.0000004173 -0.0000045125 0.0000789773 0.0026572033 0.0005508481 0.0000065594 0.0063642281 0.0000182510 0.0025789462
1413393922.45588 -3.042677 0.424592 -0.496130 0.577337 -0.627578 0.348502 0.389069 0.0003210591 0.0000042880 -0.0001636399 0.0000002184 -0.0000021858 0.0000835908 0.0026546116 0.0005406827 0.0000065750 0.0063465414 0.0000181997 0.0025790986
1413393922.50588 -3.035101 0.412465 -0.519909 0.572756 -0.632004 0.353607 0.384035 0.0003209036 -0.0000025498 -0.0001637956 0.0000001835 0.0000013027 0.0000837924 0.0026507915 0.0005260508 0.0000065828 0.0063288236 0.0000181743 0.0025792273
1413393922.55588 -3.027979 0.396486 -0.542141 0.565140 -0.634442 0.363094 0.382442 0.0003246511 -0.0000103206 -0.0001607125 0.0000004936 0.0000051121 0.0000797454 0.0026452303 0.0005046783 0.0000065782 0.0063109250 0.0000181399 0.0025793503
1413393922.60588 -3.020836 0.375748 -0.561378 0.556149 -0.635379 0.374930 0.382648 0.0003302086 -0.0000185863 -0.0001555413 0.0000012128 0.0000087598 0.0000734515 0.0026387288 0.0004794438 0.0000064322 0.0062942947 0.0000180286 0.0025791273
1413393922.65588 -3.015791 0.352455 -0.580996 0.548839 -0.635906 0.384767 0.382561 0.0003343007 -0.0000255238 -0.0001510795 0.0000021176 0.0000115410 0.0000684616 0.0026314149 0.0004493783 0.0000064020 0.0062799874 0.0000179762 0.0025791816
1413393922.70588 -3.012611 0.326291 -0.599163 0.543078 -0.635063 0.392543 0.384280 0.0003383931 -0.0000300531 -0.0001465470 0.0000028395 0.0000130217 0.0000636486 0.0026239407 0.0004172284 0.0000063214 0.0062720747 0.0000180260 0.0025790584
1413393922.75588 -3.011158 0.299896 -0.617878 0.540346 -0.634505 0.397036 0.384436 0.0003402078 -0.0000327829 -0.0001442519 0.0000033317 0.0000139076 0.0000613491 0.0026164754 0.0003825941 0.0000062577 0.0062687081 0.0000179911 0.0025790679
1413393922.80588 -3.011633 0.271893 -0.636104 0.540219 -0.633813 0.397708 0.385063 0.0003408585 -0.0000327373 -0.0001436374 0.0000033187 0.0000138030 0.0000607146 0.0026096227 0.0003482609 0.0000061489 0.0062707947 0.0000180245 0.0025789671
1413393922.85588 -3.014760 0.242318 -0.653939 0.544063 -0.633256 0.392794 0.385609 0.0003393457 -0.0000288775 -0.0001458953 0.0000026330 0.0000124226 0.0000629139 0.0026032139 0.0003127521 0.0000060671 0.0062772932 0.0000180471 0.0025789327
1413393922.90588 -3.019808 0.210986 -0.669752 0.549145 -0.633139 0.386031 0.385428 0.0003365813 -0.0000241767 -0.0001492827 0.0000019139 0.0000107298 0.0000664039 0.0025971525 0.0002749183 0.0000059978 0.0062896819 0.0000181112 0.0025789576
1413393922.95588 -3.025667 0.181341 -0.683392 0.555476 -0.632144 0.376664 0.387253 0.0003335626 -0.0000169513 -0.0001528648 0.0000010366 0.0000077737 0.0000702511 0.0025914359 0.0002344195 0.0000059153 0.0063056734 0.0000184173 0.0025785251
1413393923.00588 -3.033590 0.145404 -0.691845 0.563309 -0.630027 0.365141 0.390412 0.0003301469 -0.0000073956 -0.0001564779 0.0000003428 0.0000035086 0.0000743662 0.0025870198 0.0001964445 0.0000058580 0.0063225080 0.0000184817 0.0025785800
1413393923.05588 -3.041741 0.106270 -0.696580 0.569813 -0.627786 0.355286 0.393661 0.0003271273 0.0000009342 -0.0001590663 0.0000001817 -0.0000004527 0.0000775518 0.0025826655 0.0001494775 0.0000057709 0.0063429769 0.0000185673 0.0025785938
1413393923.10588 -3.049903 0.063844 -0.698628 0.573634 -0.626649 0.348619 0.395878 0.0003249108 0.0000062574 -0.0001606623 0.0000003016 -0.0000030939 0.0000796535 0.0025792608 0.0000973589 0.0000056829 0.0063626998 0.0000186652 0.0025785979
1413393923.15588 -3.057479 0.017595 -0.696856 0.576891 -0.626176 0.342766 0.397004 0.0003224289 0.0000103965 -0.0001623136 0.0000005182 -0.0000052345 0.0000819227 0.0025772281 0.0000406569 0.0000055827 0.0063813514 0.0000188122 0.0025785261
1413393923.20588 -3.064429 -0.032064 -0.692356 0.578243 -0.625697 0.339916 0.398241 0.0003215596 0.0000127113 -0.0001627824 0.0000006867 -0.0000064362 0.0000826196 0.0025769398 -0.0000215279 0.0000054858 0.0063978630 0.0000190070 0.0025783359
1413393923.25588 -3.070352 -0.084911 -0.685725 0.577538 -0.625038 0.339940 0.400272 0.0003226808 0.0000135076 -0.0001618866 0.0000007511 -0.0000067781 0.0000814330 0.0025788887 -0.0000876555 0.0000053842 0.0064129637 0.0000191588 0.0025781642
1413393923.30588 -3.075535 -0.141851 -0.678319 0.573284 -0.625933 0.345625 0.400122 0.0003256948 0.0000094586 -0.0001598909 0.0000004619 -0.0000046438 0.0000787095 0.0025834748 -0.0001578724 0.0000052601 0.0064247843 0.0000192593 0.0025780967
1413393923.35588 -3.080195 -0.202426 -0.670820 0.565971 -0.627751 0.357500 0.397239 0.0003302214 0.0000002910 -0.0001565747 0.0000001888 -0.0000001361 0.0000744539 0.0025912685 -0.0002334859 0.0000051265 0.0064353246 0.0000193453 0.0025780170
1413393923.40588 -3.084391 -0.266438 -0.663402 0.558439 -0.630153 0.372370 0.390377 0.0003334986 -0.0000122085 -0.0001533435 0.0000006372 0.0000056182 0.0000707202 0.0026026026 -0.0003129110 0.0000049821 0.0064457728 0.0000194080 0.0025779180
1413393923.45588 -3.088403 -0.331960 -0.655496 0.553156 -0.629233 0.388735 0.383368 0.0003368887 -0.0000240247 -0.0001489383 0.0000019060 0.0000106285 0.0000660566 0.0026178637 -0.0003957727 0.0000048282 0.0064565703 0.0000194211 0.0025778774
1413393923.50587 -3.093871 -0.399407 -0.647145 0.550533 -0.624930 0.405237 0.377039 0.0003405454 -0.0000339053 -0.0001435655 0.0000035712 0.0000143023 0.0000607329 0.0026371096 -0.0004808392 0.0000046619 0.0064696434 0.0000194460 0.0025778406
1413393923.55587 -3.100857 -0.467286 -0.638156 0.551586 -0.616777 0.420904 0.371723 0.0003445702 -0.0000407556 -0.0001377273 0.0000050188 0.0000162995 0.0000552579 0.0026603554 -0.0005677393 0.0000044735 0.0064877925 0.0000194704 0.0025777744
1413393923.60587 -3.109856 -0.535663 -0.629409 0.557575 -0.606015 0.434309 0.365009 0.0003474495 -0.0000447403 -0.0001334147 0.0000059619 0.0000171885 0.0000514354 0.0026874304 -0.0006554759 0.0000042917 0.0065098644 0.0000195409 0.0025777239
1413393923.65587 -3.121932 -0.603927 -0.622011 0.569486 -0.590984 0.442346 0.361599 0.0003507952 -0.0000417851 -0.0001306575 0.0000051793 0.0000155707 0.0000488709 0.0027184429 -0.0007447606 0.0000041030 0.0065387274 0.0000195854 0.0025775992
1413393923.70588 -3.135663 -0.671650 -0.612688 0.584940 -0.573168 0.447663 0.359056 0.0003539046 -0.0000351961 -0.0001290154 0.0000037033 0.0000128355 0.0000472397 0.0027530005 -0.0008347676 0.0000039302 0.0065748930 0.0000197425 0.0025775439
1413393923.75588 -3.152161 -0.739267 -0.604203 0.604409 -0.554593 0.448627 0.354755 0.0003542765 -0.0000259798 -0.0001307477 0.0000021091 0.0000095900 0.0000484636 0.0027908886 -0.0009250116 0.0000037420 0.0066141349 0.0000198819 0.0025774847
1413393923.80588 -3.168865 -0.807246 -0.596262 0.623345 -0.536719 0.449903 0.347796 0.0003530932 -0.0000186269 -0.0001333414 0.0000011876 0.0000070338 0.0000505691 0.0028324899 -0.0010169117 0.0000035669 0.0066595872 0.0000200623 0.0025774207
1413393923.85589 -3.186788 -0.875680 -0.588758 0.640800 -0.518751 0.452591 0.339756 0.0003518229 -0.0000128393 -0.0001354383 0.0000006749 0.0000049401 0.0000523570 0.0028780042 -0.0011101233 0.0000033999 0.0067050777 0.0000202518 0.0025773513
1413393923.90589 -3.205647 -0.943703 -0.581003 0.657087 -0.500841 0.455876 0.331018 0.0003503951 -0.0000080919 -0.0001373489 0.0000003942 0.0000031677 0.0000540607 0.0029274604 -0.0012052893 0.0000031980 0.0067528524 0.0000203939 0.0025772966
1413393923.95589 -3.223915 -1.010830 -0.574113 0.671413 -0.484339 0.460350 0.320465 0.0003488647 -0.0000058278 -0.0001390953 0.0000003060 0.0000023182 0.0000556850 0.0029803325 -0.0013007949 0.0000030263 0.0068028109 0.0000205289 0.0025772409
1413393924.05590 -3.260334 -1.148025 -0.559036 0.697856 -0.453766 0.466888 0.298511 0.0003443367 -0.0000026172 -0.0001438245 0.0000002317 0.0000010861 0.0000603098 0.0030980808 -0.0014954813 0.0000026772 0.0069002160 0.0000207802 0.0025772286
1413393924.10590 -3.277682 -1.218128 -0.551481 0.711002 -0.437153 0.467877 0.290629 0.0003420082 0.0000015983 -0.0001461044 0.0000002202 -0.0000006911 0.0000626559 0.0031639107 -0.0015955233 0.0000024927 0.0069457824 0.0000208953 0.0025771655
1413393924.15590 -3.294096 -1.289316 -0.542971 0.723828 -0.417915 0.467608 0.287684 0.0003405022 0.0000095462 -0.0001472344 0.0000004815 -0.0000041382 0.0000639092 0.0032354095 -0.0016983047 0.0000022989 0.0069891755 0.0000210107 0.0025771325
1413393924.20590 -3.309489 -1.362322 -0.534888 0.735879 -0.395807 0.467242 0.288970 0.0003397765 0.0000205553 -0.0001467847 0.0000014572 -0.0000088934 0.0000636577 0.0033114770 -0.0018019667 0.0000020370 0.0070287345 0.0000210218 0.0025768495
1413393924.25590 -3.321767 -1.434556 -0.524862 0.746789 -0.371250 0.467139 0.293702 0.0003393208 0.0000340231 -0.0001446963 0.0000036260 -0.0000145253 0.0000619490 0.0033931327 -0.0019071576 0.0000018378 0.0070638480 0.0000211448 0.0025767237
1413393924.30590 -3.331896 -1.506588 -0.514622 0.756239 -0.348737 0.466576 0.297980 0.0003376401 0.0000463348 -0.0001428552 0.0000065746 -0.0000196243 0.0000606885 0.0034775060 -0.0020091747 0.0000016694 0.0070897011 0.0000212745 0.0025765568
1413393924.35590 -3.339009 -1.576534 -0.504552 0.764642 -0.327621 0.465018 0.302894 0.0003347305 0.0000583689 -0.0001411719 0.0000103964 -0.0000246398 0.0000597860 0.0035649454 -0.0021088409 0.0000014798 0.0071079796 0.0000213976 0.0025764937
1413393924.40590 -3.342495 -1.644044 -0.493873 0.771360 -0.308054 0.463296 0.308973 0.0003314057 0.0000700631 -0.0001389232 0.0000150320 -0.0000293949 0.0000584797 0.0036526941 -0.0022029802 0.0000013243 0.0071169842 0.0000215320 0.0025763923
1413393924.45590 -3.340867 -1.709914 -0.483032 0.777100 -0.290697 0.460027 0.316207 0.0003268444 0.0000814696 -0.0001368611 0.0000205294 -0.0000341415 0.0000575509 0.0037403080 -0.0022903708 0.0000011798 0.0071140028 0.0000216609 0.0025763116
1413393924.50590 -3.333834 -1.772716 -0.470787 0.780822 -0.276105 0.458403 0.322411 0.0003232929 0.0000905581 -0.0001343224 0.0000255908 -0.0000376540 0.0000560479 0.0038276987 -0.0023698644 0.0000010447 0.0070945127 0.0000217623 0.0025762554
1413393924.55590 -3.321528 -1.830450 -0.457137 0.783030 -0.263661 0.458055 0.327921 0.0003206668 0.0000979709 -0.0001314411 0.0000301594 -0.0000401882 0.0000541158 0.0039118321 -0.0024395105 0.0000008660 0.0070621799 0.0000218416 0.0025762504
1413393924.60590 -3.302861 -1.883155 -0.441666 0.782259 -0.251853 0.460837 0.335067 0.0003203286 0.0001051060 -0.0001261401 0.0000347156 -0.0000414185 0.0000499048 0.0039912120 -0.0024973772 0.0000007342 0.0070128023 0.0000219017 0.0025762005
1413393924.65590 -3.277930 -1.931094 -0.425853 0.780044 -0.241314 0.464643 0.342645 0.0003206922 0.0001117273 -0.0001199727 0.0000391557 -0.0000418266 0.0000451111 0.0040624055 -0.0025406472 0.0000005785 0.0069476303 0.0000219285 0.0025762063
1413393924.70590 -3.246483 -1.972034 -0.406437 0.776377 -0.231530 0.469624 0.350837 0.0003217346 0.0001180234 -0.0001127070 0.0000435280 -0.0000413722 0.0000397068 0.0041275516 -0.0025706583 0.0000004451 0.0068632702 0.0000219413 0.0025762136
1413393924.75590 -3.207794 -2.005811 -0.383294 0.771911 -0.225099 0.475086 0.357459 0.0003237174 0.0001222349 -0.0001059136 0.0000463905 -0.0000400178 0.0000348731 0.0041803599 -0.0025835216 0.0000003671 0.0067636068 0.0000219264 0.0025762389
1413393924.80590 -3.162904 -2.032012 -0.356234 0.768582 -0.223169 0.477985 0.361950 0.0003251196 0.0001243408 -0.0001017830 0.0000477890 -0.0000389498 0.0000320830 0.0042226233 -0.0025806124 0.0000002838 0.0066463441 0.0000217964 0.0025762128
1413393924.85590 -3.110967 -2.050008 -0.325953 0.765762 -0.230137 0.482537 0.357495 0.0003304050 0.0001189207 -0.0001017677 0.0000430349 -0.0000366493 0.0000315640 0.0042521411 -0.0025614499 0.0000002726 0.0065154209 0.0000216567 0.0025762266
1413393924.90590 -3.052530 -2.060992 -0.292268 0.764029 -0.243921 0.486964 0.345874 0.0003372240 0.0001074369 -0.0001056771 0.0000344551 -0.0000336856 0.0000333369 0.0042692067 -0.0025264661 0.0000002676 0.0063696061 0.0000215518 0.0025762734
1413393924.95590 -2.987490 -2.066581 -0.254747 0.763615 -0.263557 0.491255 0.325727 0.0003440044 0.0000889695 -0.0001136844 0.0000232294 -0.0000294165 0.0000377935 0.0042762422 -0.0024782093 0.0000003106 0.0062106197 0.0000213729 0.0025762854
1413393925.00590 -2.918503 -2.069724 -0.213975 0.762757 -0.281059 0.496319 0.304754 0.0003489146 0.0000698679 -0.0001206106 0.0000142039 -0.0000241629 0.0000419181 0.0042743016 -0.0024196527 0.0000003752 0.0060440807 0.0000211133 0.0025762639
1413393925.05590 -2.844311 -2.062019 -0.169537 0.762179 -0.295521 0.500590 0.284887 0.0003511172 0.0000521658 -0.0001267303 0.0000079609 -0.0000188372 0.0000459710 0.0042725868 -0.0023584705 0.0000004234 0.0058742650 0.0000208942 0.0025763071
1413393925.10590 -2.768298 -2.052025 -0.121600 0.762056 -0.306858 0.504603 0.265488 0.0003515641 0.0000358345 -0.0001317874 0.0000038631 -0.0000134388 0.0000496359 0.0042551321 -0.0022826681 0.0000004455 0.0056983802 0.0000207270 0.0025764028
1413393925.15589 -2.689818 -2.040281 -0.072219 0.762993 -0.316120 0.508116 0.244393 0.0003499672 0.0000195107 -0.0001369250 0.0000012991 -0.0000076363 0.0000538106 0.0042369059 -0.0022057756 0.0000004812 0.0055241527 0.0000205715 0.0025764943
1413393925.20589 -2.609562 -2.027006 -0.022866 0.765086 -0.323919 0.511128 0.220154 0.0003461116 0.0000022201 -0.0001423025 0.0000002276 -0.0000009119 0.0000587514 0.0042167019 -0.0021270972 0.0000004854 0.0053520919 0.0000204364 0.0025766139
1413393925.25589 -2.527508 -2.014185 0.027383 0.768608 -0.327857 0.512787 0.196977 0.0003406766 -0.0000123768 -0.0001470955 0.0000006657 0.0000053483 0.0000637627 0.0041958090 -0.0020478367 0.0000004992 0.0051831121 0.0000202756 0.0025767536
1413393925.30589 -2.444832 -2.001992 0.078066 0.772200 -0.327753 0.514809 0.176798 0.0003358574 -0.0000236739 -0.0001501383 0.0000018865 0.0000105893 0.0000673707 0.0041779035 -0.0019700948 0.0000006413 0.0050165688 0.0000201845 0.0025766653
1413393925.35589 -2.362621 -1.993442 0.128658 0.776525 -0.322691 0.515751 0.163951 0.0003328611 -0.0000286539 -0.0001519070 0.0000026878 0.0000130846 0.0000695851 0.0041629361 -0.0018948753 0.0000006718 0.0048561872 0.0000200647 0.0025768759
1413393925.40589 -2.280804 -1.988696 0.180667 0.780116 -0.313775 0.517292 0.159290 0.0003330674 -0.0000278825 -0.0001518865 0.0000025575 0.0000127227 0.0000695268 0.0041548891 -0.0018247463 0.0000006888 0.0047024789 0.0000199660 0.0025771067
1413393925.45589 -2.198783 -1.987871 0.233206 0.781659 -0.305109 0.520939 0.156652 0.0003352482 -0.0000268433 -0.0001501888 0.0000023750 0.0000120327 0.0000675483 0.0041525831 -0.0017584030 0.0000007227 0.0045548131 0.0000199093 0.0025773437
1413393925.50589 -2.116586 -1.989922 0.285666 0.782516 -0.295946 0.524794 0.157086 0.0003384397 -0.0000239456 -0.0001478207 0.0000019221 0.0000104648 0.0000648298 0.0041562976 -0.0016952373 0.0000007606 0.0044122544 0.0000198650 0.0025776357
1413393925.55589 -2.034294 -1.995724 0.337510 0.783322 -0.288640 0.527859 0.156392 0.0003406732 -0.0000221238 -0.0001460381 0.0000016659 0.0000094896 0.0000628704 0.0041637775 -0.0016334968 0.0000007897 0.0042742928 0.0000198949 0.0025779526
1413393925.60589 -1.952820 -2.002419 0.387662 0.783204 -0.284050 0.531125 0.154313 0.0003424149 -0.0000222868 -0.0001443531 0.0000016801 0.0000094016 0.0000611244 0.0041775528 -0.0015743115 0.0000008393 0.0041412528 0.0000199453 0.0025782801
1413393925.65588 -1.870331 -2.011726 0.433844 0.783341 -0.279405 0.533658 0.153356 0.0003440303 -0.0000215826 -0.0001428934 0.0000015859 0.0000089705 0.0000596216 0.0041928485 -0.0015156482 0.0000009431 0.0040146385 0.0000199958 0.0025786906
1413393925.70588 -1.787538 -2.024477 0.473285 0.784168 -0.275005 0.534737 0.153329 0.0003449827 -0.0000199804 -0.0001421930 0.0000013897 0.0000082418 0.0000588803 0.0042113822 -0.0014572090 0.0000010489 0.0038921994 0.0000201310 0.0025790907
1413393925.75588 -1.705337 -2.036985 0.505526 0.784173 -0.270981 0.536428 0.154556 0.0003465250 -0.0000180440 -0.0001409070 0.0000011742 0.0000073433 0.0000575704 0.0042356128 -0.0014001888 0.0000011676 0.0037751654 0.0000202259 0.0025796376
1413393925.80588 -1.622072 -2.052869 0.525200 0.783481 -0.267696 0.538782 0.155596 0.0003484240 -0.0000167314 -0.0001391158 0.0000010379 0.0000066877 0.0000558168 0.0042588106 -0.0013422963 0.0000014078 0.0036641008 0.0000201526 0.0025799724
1413393925.85589 -1.539826 -2.069149 0.539895 0.782152 -0.265029 0.541582 0.157121 0.0003506254 -0.0000154988 -0.0001369303 0.0000009206 0.0000060598 0.0000537479 0.0042879559 -0.0012848679 0.0000016883 0.0035575819 0.0000199419 0.0025803799
1413393925.90589 -1.459936 -2.085794 0.548467 0.779943 -0.261802 0.545481 0.160001 0.0003537752 -0.0000135443 -0.0001336642 0.0000007542 0.0000051241 0.0000507722 0.0043176836 -0.0012273506 0.0000019141 0.0034578503 0.0000197028 0.0025804252
1413393925.95589 -1.379417 -2.104437 0.551514 0.775939 -0.259277 0.551766 0.162014 0.0003580648 -0.0000131309 -0.0001287070 0.0000007179 0.0000047267 0.0000465326 0.0043478161 -0.0011708213 0.0000020568 0.0033662675 0.0000195321 0.0025806815
1413393926.00589 -1.300407 -2.121865 0.550146 0.771017 -0.256976 0.558855 0.164853 0.0003627871 -0.0000125831 -0.0001228530 0.0000006743 0.0000042679 0.0000418689 0.0043816187 -0.0011139164 0.0000021090 0.0032795036 0.0000194125 0.0025808105
1413393926.05589 -1.223914 -2.137336 0.545535 0.763992 -0.255709 0.568584 0.166259 0.0003683918 -0.0000141192 -0.0001150159 0.0000007801 0.0000044153 0.0000361713 0.0044122662 -0.0010564119 0.0000020020 0.0031996430 0.0000192703 0.0025806692
1413393926.10589 -1.148880 -2.154333 0.540014 0.757219 -0.255075 0.577704 0.166778 0.0003731914 -0.0000162973 -0.0001074775 0.0000009516 0.0000047009 0.0000312119 0.0044389364 -0.0009995927 0.0000018816 0.0031278752 0.0000191209 0.0025804450
1413393926.15589 -1.076285 -2.170707 0.534448 0.752622 -0.255324 0.583688 0.166367 0.0003759713 -0.0000185083 -0.0001025776 0.0000011517 0.0000050571 0.0000282438 0.0044683255 -0.0009441741 0.0000017672 0.0030622475 0.0000189559 0.0025802489
1413393926.20589 -1.006915 -2.187044 0.530203 0.750078 -0.256806 0.586755 0.164778 0.0003770090 -0.0000210682 -0.0001003194 0.0000014189 0.0000056133 0.0000269505 0.0044966489 -0.0008897651 0.0000014775 0.0030030585 0.0000188978 0.0025798457
1413393926.25589 -0.939096 -2.202634 0.527307 0.749439 -0.258666 0.587183 0.163247 0.0003767812 -0.0000230067 -0.0001003084 0.0000016470 0.0000061322 0.0000269609 0.0045248541 -0.0008373998 0.0000012569 0.0029503451 0.0000187988 0.0025797209
1413393926.30589 -0.873401 -2.218453 0.525122 0.750925 -0.261356 0.584754 0.160834 0.0003750177 -0.0000249166 -0.0001028844 0.0000018987 0.0000068431 0.0000284839 0.0045521692 -0.0007852353 0.0000011333 0.0029023170 0.0000187162 0.0025796556
1413393926.35589 -0.811677 -2.233823 0.523992 0.754076 -0.263953 0.580243 0.158162 0.0003721565 -0.0000262168 -0.0001072400 0.0000020907 0.0000075615 0.0000311615 0.0045798084 -0.0007338180 0.0000008432 0.0028587724 0.0000186353 0.0025794410
1413393926.40589 -0.752208 -2.248291 0.523620 0.758433 -0.264325 0.574892 0.156241 0.0003690809 -0.0000257912 -0.0001120670 0.0000020473 0.0000078381 0.0000342904 0.0046077476 -0.0006853324 0.0000007288 0.0028210046 0.0000185377 0.0025794851
1413393926.45589 -0.693749 -2.263871 0.525064 0.760428 -0.262224 0.573500 0.155195 0.0003683076 -0.0000249173 -0.0001134120 0.0000019317 0.0000076791 0.0000351864 0.0046344018 -0.0006375238 0.0000006110 0.0027870856 0.0000184510 0.0025795075
1413393926.50590 -0.636934 -2.279474 0.526590 0.760229 -0.258313 0.575735 0.154453 0.0003695354 -0.0000241332 -0.0001117821 0.0000018234 0.0000073058 0.0000340772 0.0046627743 -0.0005903343 0.0000005254 0.0027564727 0.0000183314 0.0025795264
1413393926.55590 -0.581918 -2.295196 0.525026 0.759569 -0.251850 0.579298 0.155048 0.0003718277 -0.0000217417 -0.0001088004 0.0000015199 0.0000063662 0.0000320994 0.0046917892 -0.0005435888 0.0000004446 0.0027289831 0.0000181947 0.0025795150
1413393926.60590 -0.528283 -2.310810 0.519073 0.758855 -0.244075 0.583474 0.155322 0.0003743430 -0.0000190330 -0.0001053266 0.0000012176 0.0000053582 0.0000298979 0.0047212034 -0.0004976202 0.0000003514 0.0027046356 0.0000180668 0.0025794960
1413393926.65590 -0.478312 -2.325610 0.510324 0.759466 -0.235720 0.586478 0.153917 0.0003759049 -0.0000165606 -0.0001031742 0.0000009803 0.0000045470 0.0000285801 0.0047494890 -0.0004520409 0.0000001807 0.0026830820 0.0000179582 0.0025794017
1413393926.70590 -0.429157 -2.340207 0.500040 0.761515 -0.225878 0.588025 0.152647 0.0003768180 -0.0000128707 -0.0001021739 0.0000006916 0.0000034900 0.0000279670 0.0047764744 -0.0004099371 0.0000000791 0.0026653657 0.0000178449 0.0025794089
1413393926.75590 -0.381718 -2.354626 0.491809 0.764366 -0.217033 0.588841 0.148011 0.0003767474 -0.0000113659 -0.0001024866 0.0000005959 0.0000030907 0.0000281430 0.0048023377 -0.0003676972 -0.0000000971 0.0026496761 0.0000177465 0.0025793097
1413393926.80590 -0.336670 -2.367710 0.486193 0.767865 -0.208206 0.588835 0.142505 0.0003761266 -0.0000102000 -0.0001036700 0.0000005307 0.0000028092 0.0000288396 0.0048280192 -0.0003270354 -0.0000001696 0.0026364051 0.0000176277 0.0025793001
1413393926.85590 -0.294590 -2.380366 0.484684 0.772281 -0.198838 0.587952 0.135495 0.0003748681 -0.0000094470 -0.0001058312 0.0000004933 0.0000026639 0.0000301455 0.0048519552 -0.0002873140 -0.0000002528 0.0026251627 0.0000175058 0.0025792929
1413393926.90590 -0.255226 -2.392025 0.486662 0.778645 -0.189926 0.584316 0.127337 0.0003720072 -0.0000090702 -0.0001103973 0.0000004775 0.0000026878 0.0000330330 0.0048748325 -0.0002507675 -0.0000002952 0.0026162559 0.0000173859 0.0025793232
1413393926.95590 -0.216579 -2.402851 0.492748 0.785085 -0.181911 0.580254 0.117708 0.0003686118 -0.0000100700 -0.0001153703 0.0000005327 0.0000031474 0.0000363847 0.0048962497 -0.0002159187 -0.0000003464 0.0026090139 0.0000172617 0.0025793586
1413393927.00590 -0.180463 -2.413530 0.502703 0.792645 -0.174648 0.573922 0.108748 0.0003639330 -0.0000106757 -0.0001217875 0.0000005720 0.0000035677 0.0000410359 0.0049166803 -0.0001815850 -0.0000003690 0.0026030534 0.0000171391 0.0025794021
1413393927.05590 -0.144784 -2.424471 0.516137 0.799818 -0.170590 0.567048 0.098218 0.0003584126 -0.0000137615 -0.0001284915 0.0000007883 0.0000049288 0.0000463507 0.0049383305 -0.0001481248 -0.0000003968 0.0025983069 0.0000170161 0.0025794482
1413393927.10590 -0.111934 -2.435953 0.533255 0.804941 -0.167777 0.562303 0.087954 0.0003539870 -0.0000177267 -0.0001332158 0.0000011484 0.0000066665 0.0000504233 0.0049611651 -0.0001142529 -0.0000004097 0.0025945173 0.0000168750 0.0025794831
1413393927.15591 -0.078850 -2.448337 0.551064 0.808320 -0.167120 0.559325 0.076450 0.0003502519 -0.0000237538 -0.0001364347 0.0000018727 0.0000092497 0.0000534398 0.0049853850 -0.0000826082 -0.0000004597 0.0025918865 0.0000167926 0.0025795209
1413393927.20591 -0.043285 -2.463272 0.569820 0.810358 -0.167058 0.557681 0.066359 0.0003474382 -0.0000294335 -0.0001383390 0.0000027567 0.0000117177 0.0000553791 0.0050133495 -0.0000507261 -0.0000004644 0.0025901829 0.0000166901 0.0025795762
1413393927.25591 -0.007822 -2.479909 0.588079 0.813382 -0.168067 0.554088 0.056132 0.0003431236 -0.0000352873 -0.0001413946 0.0000038938 0.0000145413 0.0000585676 0.0050468617 -0.0000157422 -0.0000004691 0.0025893313 0.0000165888 0.0025796453
1413393927.30591 0.027701 -2.498676 0.606440 0.818088 -0.166915 0.548165 0.048852 0.0003379142 -0.0000380195 -0.0001457078 0.0000045434 0.0000163953 0.0000631361 0.0050844339 0.0000200634 -0.0000004970 0.0025894774 0.0000164951 0.0025797068
1413393927.35591 0.064437 -2.520135 0.625258 0.823598 -0.161574 0.541711 0.046143 0.0003335100 -0.0000362986 -0.0001501107 0.0000042171 0.0000163392 0.0000678774 0.0051277445 0.0000570221 -0.0000004915 0.0025907318 0.0000163874 0.0025797880
1413393927.40591 0.101131 -2.543622 0.645911 0.827928 -0.152809 0.537486 0.047893 0.0003315826 -0.0000310039 -0.0001529454 0.0000031646 0.0000143006 0.0000708652 0.0051772789 0.0000962469 -0.0000004944 0.0025931164 0.0000162728 0.0025798416
1413393927.45592 0.140502 -2.570561 0.667699 0.830047 -0.139316 0.537168 0.055354 0.0003334775 -0.0000211103 -0.0001530309 0.0000016015 0.0000096837 0.0000705442 0.0052303095 0.0001367174 -0.0000005046 0.0025967176 0.0000161477 0.0025799052
1413393927.50591 0.181670 -2.598534 0.690213 0.830111 -0.124659 0.539548 0.065304 0.0003370500 -0.0000095479 -0.0001510919 0.0000005357 0.0000042723 0.0000680503 0.0052898990 0.0001811237 -0.0000004700 0.0026019349 0.0000160012 0.0025799690
1413393927.55591 0.223702 -2.627359 0.713351 0.829902 -0.110318 0.541721 0.075037 0.0003397563 0.0000019688 -0.0001489449 0.0000002770 -0.0000008746 0.0000656146 0.0053499440 0.0002283854 -0.0000004367 0.0026088195 0.0000158500 0.0025800139
1413393927.60591 0.268562 -2.655501 0.736623 0.829319 -0.094649 0.544261 0.083975 0.0003419320 0.0000135652 -0.0001463102 0.0000008048 -0.0000058194 0.0000629241 0.0054102478 0.0002775914 -0.0000003832 0.0026174062 0.0000156861 0.0025800463
1413393927.65591 0.315344 -2.682668 0.760743 0.827621 -0.078622 0.548123 0.091773 0.0003442423 0.0000246135 -0.0001426176 0.0000020283 -0.0000102154 0.0000594044 0.0054683414 0.0003305868 -0.0000003136 0.0026282317 0.0000154918 0.0025801252
1413393927.70591 0.363844 -2.708095 0.785729 0.824213 -0.062324 0.554143 0.098558 0.0003472631 0.0000351070 -0.0001373050 0.0000038195 -0.0000139016 0.0000546062 0.0055230296 0.0003863159 -0.0000002663 0.0026413138 0.0000152922 0.0025801836
1413393927.75591 0.413449 -2.731066 0.811839 0.819876 -0.046219 0.560640 0.106534 0.0003498281 0.0000463367 -0.0001311260 0.0000064105 -0.0000173913 0.0000494648 0.0055732803 0.0004441274 -0.0000001774 0.0026567520 0.0000150860 0.0025802607
1413393927.80591 0.463277 -2.751112 0.839848 0.814795 -0.032220 0.567567 0.113750 0.0003521323 0.0000563207 -0.0001244575 0.0000092832 -0.0000199303 0.0000443000 0.0056167915 0.0005031032 -0.0000001405 0.0026744321 0.0000149105 0.0025802457
1413393927.85591 0.514087 -2.766085 0.867690 0.810202 -0.022132 0.573710 0.118067 0.0003541390 0.0000628991 -0.0001187683 0.0000114490 -0.0000211197 0.0000401422 0.0056525156 0.0005620150 -0.0000000317 0.0026941255 0.0000146935 0.0025803445
1413393927.90591 0.565077 -2.776368 0.895541 0.806666 -0.016608 0.578859 0.118053 0.0003563867 0.0000651056 -0.0001146400 0.0000121723 -0.0000209676 0.0000371872 0.0056759653 0.0006209094 0.0000000926 0.0027161524 0.0000144754 0.0025804859
1413393927.95591 0.616294 -2.782145 0.923899 0.804131 -0.012569 0.582410 0.118383 0.0003577938 0.0000669535 -0.0001116606 0.0000128087 -0.0000209198 0.0000351576 0.0056888888 0.0006788607 0.0000002251 0.0027401474 0.0000142788 0.0025806283
1413393928.00591 0.666378 -2.782428 0.950020 0.801778 -0.010021 0.585665 0.118530 0.0003592356 0.0000680444 -0.0001089794 0.0000131697 -0.0000206671 0.0000333710 0.0056921440 0.0007358475 0.0000003609 0.0027661833 0.0000140892 0.0025807865
1413393928.05591 0.716758 -2.780989 0.976020 0.800319 -0.007563 0.587431 0.119825 0.0003596545 0.0000699303 -0.0001071853 0.0000138793 -0.0000208656 0.0000322526 0.0056829507 0.0007898996 0.0000004030 0.0027933849 0.0000140438 0.0025808100
1413393928.10591 0.765088 -2.773655 0.998541 0.798475 -0.005956 0.589705 0.121037 0.0003605072 0.0000712424 -0.0001050705 0.0000143626 -0.0000207887 0.0000309324 0.0056703414 0.0008431107 0.0000005243 0.0028225634 0.0000139109 0.0025809622
1413393928.15591 0.812119 -2.762100 1.019443 0.797110 -0.005242 0.591465 0.121483 0.0003612985 0.0000718047 -0.0001035073 0.0000145560 -0.0000205962 0.0000299632 0.0056438636 0.0008918747 0.0000006348 0.0028523429 0.0000138195 0.0025811007
1413393928.20591 0.857970 -2.745652 1.038200 0.796901 -0.005552 0.591674 0.121815 0.0003614422 0.0000718441 -0.0001032819 0.0000145676 -0.0000205550 0.0000298235 0.0056087067 0.0009374295 0.0000007415 0.0028830379 0.0000137448 0.0025812350
1413393928.25591 0.903202 -2.723847 1.054071 0.798450 -0.009305 0.590325 0.117925 0.0003618634 0.0000679157 -0.0001052935 0.0000130344 -0.0000197869 0.0000309498 0.0055628988 0.0009797967 0.0000007938 0.0029147485 0.0000137191 0.0025813636
1413393928.30591 0.946414 -2.698918 1.068535 0.801180 -0.017978 0.588465 0.107223 0.0003633327 0.0000578632 -0.0001090213 0.0000095019 -0.0000173860 0.0000330266 0.0055059089 0.0010184187 0.0000008337 0.0029474655 0.0000137131 0.0025814168
1413393928.35591 0.989395 -2.669652 1.080774 0.801697 -0.029599 0.589866 0.091998 0.0003667678 0.0000434571 -0.0001106134 0.0000054350 -0.0000131266 0.0000336749 0.0054441038 0.0010527832 0.0000009310 0.0029801177 0.0000136683 0.0025815981
1413393928.40591 1.031048 -2.637221 1.090548 0.800333 -0.040895 0.593125 0.077448 0.0003702588 0.0000293020 -0.0001100584 0.0000026045 -0.0000087269 0.0000330296 0.0053756133 0.0010848446 0.0000009328 0.0030141208 0.0000136746 0.0025817506
1413393928.45591 1.072040 -2.603127 1.097839 0.798967 -0.051427 0.595703 0.064383 0.0003724316 0.0000162266 -0.0001094564 0.0000009936 -0.0000047830 0.0000324843 0.0053031146 0.0011124327 0.0000009770 0.0030476942 0.0000136749 0.0025819351
1413393928.50592 1.111926 -2.567897 1.102833 0.796513 -0.060400 0.599209 0.053551 0.0003744058 0.0000050972 -0.0001074689 0.0000003582 -0.0000014749 0.0000311629 0.0052301625 0.0011381758 0.0000010171 0.0030822198 0.0000136777 0.0025821328
1413393928.55592 1.150359 -2.532524 1.106078 0.792631 -0.067318 0.604223 0.046039 0.0003767822 -0.0000031886 -0.0001036801 0.0000003186 0.0000008672 0.0000288441 0.0051577684 0.0011619250 0.0000010438 0.0031173394 0.0000136848 0.0025823315
1413393928.60592 1.185780 -2.496589 1.108243 0.786335 -0.071807 0.612209 0.041496 0.0003804790 -0.0000088064 -0.0000968901 0.0000004984 0.0000022330 0.0000249854 0.0050863962 0.0011825139 0.0000010303 0.0031517143 0.0000136978 0.0025825116
1413393928.65592 1.220437 -2.460977 1.110312 0.781328 -0.075662 0.618332 0.038307 0.0003830751 -0.0000132097 -0.0000914738 0.0000007533 0.0000031453 0.0000221537 0.0050153155 0.0011981146 0.0000009822 0.0031834577 0.0000137348 0.0025827087
1413393928.70592 1.251821 -2.425999 1.113506 0.778711 -0.077049 0.621409 0.039032 0.0003844884 -0.0000137325 -0.0000885876 0.0000007914 0.0000031548 0.0000207220 0.0049466010 0.0012120895 0.0000009820 0.0032150795 0.0000137669 0.0025829106
1413393928.75592 1.279868 -2.390852 1.116841 0.778033 -0.078114 0.622020 0.040676 0.0003848513 -0.0000133209 -0.0000879362 0.0000007650 0.0000030342 0.0000204051 0.0048799848 0.0012219483 0.0000009213 0.0032437620 0.0000138109 0.0025831017
1413393928.80592 1.304883 -2.356051 1.121034 0.777929 -0.075668 0.621905 0.048317 0.0003853845 -0.0000074209 -0.0000875594 0.0000004495 0.0000016753 0.0000202070 0.0048139926 0.0012277423 0.0000008796 0.0032695963 0.0000138604 0.0025832556
1413393928.85591 1.327073 -2.320770 1.126025 0.778632 -0.073391 0.620679 0.055712 0.0003852597 -0.0000016705 -0.0000881499 0.0000003170 0.0000003703 0.0000204846 0.0047489453 0.0012300179 0.0000008088 0.0032927443 0.0000139034 0.0025834614
1413393928.90591 1.346087 -2.285804 1.133284 0.778632 -0.070374 0.620029 0.065906 0.0003853266 0.0000061366 -0.0000878449 0.0000004088 -0.0000014125 0.0000203430 0.0046837208 0.0012291278 0.0000008935 0.0033136997 0.0000139318 0.0025833957
1413393928.95591 1.363215 -2.250431 1.139993 0.778960 -0.069084 0.618444 0.077307 0.0003848368 0.0000138666 -0.0000880143 0.0000008142 -0.0000031865 0.0000204477 0.0046198273 0.0012245072 0.0000008826 0.0033310077 0.0000139745 0.0025835027
1413393929.00591 1.377791 -2.213907 1.147679 0.779472 -0.070378 0.616122 0.088675 0.0003839188 0.0000203635 -0.0000886740 0.0000013979 -0.0000047200 0.0000208010 0.0045545514 0.0012173254 0.0000009309 0.0033467368 0.0000139802 0.0025833747
1413393929.05591 1.392362 -2.176885 1.155680 0.780251 -0.075786 0.613107 0.097799 0.0003828407 0.0000235642 -0.0000900950 0.0000017712 -0.0000055629 0.0000215244 0.0044874401 0.0012070033 0.0000009244 0.0033602240 0.0000140028 0.0025833727
1413393929.10591 1.402284 -2.138166 1.163859 0.780332 -0.082348 0.610435 0.108031 0.0003819743 0.0000268475 -0.0000909300 0.0000022113 -0.0000064095 0.0000219705 0.0044203693 0.0011961755 0.0000009954 0.0033741773 0.0000140331 0.0025834458
1413393929.15591 1.409579 -2.097698 1.172751 0.779799 -0.090561 0.608199 0.117501 0.0003814796 0.0000288155 -0.0000913313 0.0000025047 -0.0000069176 0.0000221923 0.0043510897 0.0011798522 0.0000011529 0.0033829903 0.0000140578 0.0025834284
1413393929.20591 1.414865 -2.055631 1.181987 0.780643 -0.100915 0.603639 0.126621 0.0003800678 0.0000298448 -0.0000937500 0.0000026757 -0.0000073808 0.0000234545 0.0042808184 0.0011604918 0.0000012443 0.0033892121 0.0000141225 0.0025835412
1413393929.25590 1.418426 -2.011650 1.191373 0.781250 -0.114496 0.598751 0.134302 0.0003787493 0.0000285741 -0.0000966153 0.0000024916 -0.0000073078 0.0000249783 0.0042093684 0.0011382761 0.0000013393 0.0033929820 0.0000141881 0.0025836503
1413393929.30591 1.420438 -1.965462 1.201030 0.781934 -0.130344 0.593311 0.139895 0.0003772245 0.0000251343 -0.0001002939 0.0000020141 -0.0000067007 0.0000270018 0.0041358360 0.0011137658 0.0000014523 0.0033955008 0.0000142574 0.0025837060
1413393929.35591 1.421880 -1.917497 1.210822 0.781987 -0.148569 0.587768 0.144749 0.0003756379 0.0000202473 -0.0001041008 0.0000014344 -0.0000056281 0.0000291895 0.0040610891 0.0010871637 0.0000015927 0.0033966867 0.0000143398 0.0025838023
1413393929.40591 1.423115 -1.867719 1.220930 0.780948 -0.167798 0.582838 0.149207 0.0003742124 0.0000146354 -0.0001073718 0.0000009189 -0.0000042143 0.0000311515 0.0039858131 0.0010597260 0.0000019483 0.0033978148 0.0000143804 0.0025837621
1413393929.45591 1.422592 -1.817070 1.231752 0.779070 -0.186242 0.578125 0.155356 0.0003728731 0.0000104467 -0.0001099840 0.0000006429 -0.0000030947 0.0000327883 0.0039105646 0.0010312242 0.0000021398 0.0033988386 0.0000144540 0.0025838657
1413393929.50591 1.421993 -1.765297 1.243469 0.777467 -0.204172 0.571892 0.163700 0.0003709030 0.0000081968 -0.0001131791 0.0000005352 -0.0000025130 0.0000348871 0.0038366491 0.0010009234 0.0000023182 0.0033974920 0.0000145303 0.0025839606
1413393929.55591 1.419683 -1.712757 1.255549 0.775335 -0.221925 0.565618 0.172283 0.0003689454 0.0000062728 -0.0001161753 0.0000004645 -0.0000019857 0.0000369372 0.0037633860 0.0009702133 0.0000025114 0.0033965956 0.0000146095 0.0025840648
1413393929.60591 1.417670 -1.659544 1.267994 0.772284 -0.238721 0.559650 0.182706 0.0003674922 0.0000058331 -0.0001182705 0.0000004534 -0.0000018864 0.0000384217 0.0036914511 0.0009381948 0.0000027916 0.0033938268 0.0000146675 0.0025841069
1413393929.65591 1.414810 -1.605729 1.280935 0.768924 -0.255176 0.553243 0.193814 0.0003660216 0.0000060947 -0.0001203004 0.0000004655 -0.0000020113 0.0000399016 0.0036212436 0.0009062600 0.0000029864 0.0033917568 0.0000147513 0.0025842128
1413393929.70591 1.412222 -1.551499 1.294355 0.764329 -0.271050 0.548144 0.204625 0.0003653704 0.0000060581 -0.0001212034 0.0000004671 -0.0000020167 0.0000405721 0.0035528082 0.0008738395 0.0000031826 0.0033891394 0.0000148388 0.0025843158
1413393929.75591 1.409691 -1.496357 1.308055 0.759324 -0.287816 0.542884 0.214165 0.0003645122 0.0000049089 -0.0001224192 0.0000004342 -0.0000016542 0.0000414823 0.0034860580 0.0008414205 0.0000033680 0.0033868445 0.0000149135 0.0025844072
1413393929.80591 1.406813 -1.441414 1.321996 0.753024 -0.306149 0.538957 0.220801 0.0003638783 0.0000010078 -0.0001233678 0.0000003723 -0.0000003453 0.0000421972 0.0034210732 0.0008087558 0.0000035637 0.0033846575 0.0000150118 0.0025845135
1413393929.85591 1.403996 -1.386072 1.335731 0.745483 -0.326426 0.536172 0.224097 0.0003629916 -0.0000060850 -0.0001243939 0.0000004727 0.0000020845 0.0000430022 0.0033590141 0.0007761184 0.0000037724 0.0033819273 0.0000151127 0.0025846237
1413393929.90591 1.404263 -1.332160 1.350390 0.736203 -0.347630 0.535412 0.224705 0.0003621871 -0.0000158180 -0.0001245897 0.0000010620 0.0000054440 0.0000432331 0.0032990683 0.0007435494 0.0000039154 0.0033791793 0.0000152490 0.0025847448
1413393929.95591 1.402605 -1.277594 1.364603 0.726902 -0.367997 0.534364 0.225046 0.0003605796 -0.0000252682 -0.0001250959 0.0000021435 0.0000087724 0.0000437760 0.0032438026 0.0007136774 0.0000041257 0.0033797269 0.0000153575 0.0025849010
1413393930.00591 1.399581 -1.224279 1.378147 0.717733 -0.386801 0.532859 0.226508 0.0003587821 -0.0000331977 -0.0001255150 0.0000034459 0.0000116229 0.0000442876 0.0031904895 0.0006823864 0.0000043384 0.0033775478 0.0000154994 0.0025850704
1413393930.05591 1.394942 -1.173131 1.389893 0.709077 -0.404130 0.530628 0.228743 0.0003567052 -0.0000397052 -0.0001262047 0.0000047949 0.0000140597 0.0000450324 0.0031411233 0.0006514245 0.0000045696 0.0033737325 0.0000156486 0.0025852427
1413393930.10591 1.388115 -1.123433 1.399611 0.701214 -0.419244 0.528076 0.231666 0.0003547668 -0.0000446626 -0.0001269121 0.0000059979 0.0000159911 0.0000457832 0.0030958329 0.0006209447 0.0000048005 0.0033678150 0.0000158169 0.0025853737
1413393930.15591 1.378612 -1.075426 1.406637 0.694468 -0.430563 0.525921 0.236084 0.0003539039 -0.0000473116 -0.0001270008 0.0000066958 0.0000169925 0.0000459582 0.0030538790 0.0005908004 0.0000048958 0.0033594192 0.0000160236 0.0025854478
1413393930.20591 1.368108 -1.029329 1.411778 0.688895 -0.439432 0.523978 0.240354 0.0003534931 -0.0000489229 -0.0001268988 0.0000071387 0.0000175767 0.0000459378 0.0030150961 0.0005606411 0.0000050503 0.0033479596 0.0000161977 0.0025855433
1413393930.25591 1.356069 -0.984524 1.414757 0.685678 -0.444609 0.521276 0.245843 0.0003537204 -0.0000478360 -0.0001270649 0.0000068307 0.0000171968 0.0000460266 0.0029793664 0.0005315212 0.0000051474 0.0033354502 0.0000163741 0.0025855727
1413393930.30591 1.342440 -0.941832 1.415523 0.684172 -0.446886 0.517945 0.252853 0.0003547036 -0.0000443012 -0.0001271996 0.0000058888 0.0000158973 0.0000459953 0.0029462552 0.0005028834 0.0000052512 0.0033212882 0.0000165071 0.0025855734
1413393930.35591 1.327116 -0.900679 1.414056 0.686490 -0.443585 0.511442 0.265312 0.0003568867 -0.0000339960 -0.0001277727 0.0000035877 0.0000121769 0.0000461237 0.0029161197 0.0004751987 0.0000053295 0.0033056278 0.0000165965 0.0025855157
1413393930.40591 1.309817 -0.859326 1.409431 0.689647 -0.439055 0.505186 0.276415 0.0003583355 -0.0000237449 -0.0001283588 0.0000019168 0.0000085063 0.0000463555 0.0028879328 0.0004480533 0.0000053455 0.0032889542 0.0000166274 0.0025853093
1413393930.45591 1.292063 -0.812908 1.398637 0.693110 -0.433850 0.498889 0.287198 0.0003591767 -0.0000133733 -0.0001288580 0.0000008264 0.0000047966 0.0000465977 0.0028604959 0.0004209499 0.0000053927 0.0032691732 0.0000164740 0.0025847860
1413393930.50591 1.275565 -0.772500 1.386247 0.696093 -0.429482 0.493856 0.295137 0.0003595768 -0.0000051095 -0.0001289886 0.0000003973 0.0000018287 0.0000466369 0.0028312291 0.0003912619 0.0000054406 0.0032508837 0.0000163430 0.0025845780
1413393930.55591 1.260236 -0.731468 1.369779 0.696945 -0.427223 0.492538 0.298589 0.0003601089 -0.0000018096 -0.0001284509 0.0000003285 0.0000006403 0.0000461797 0.0028070702 0.0003657213 0.0000054250 0.0032342149 0.0000160816 0.0025842644
1413393930.60591 1.245203 -0.690918 1.347711 0.695391 -0.427227 0.495053 0.298047 0.0003612724 -0.0000032703 -0.0001270102 0.0000003460 0.0000011446 0.0000450092 0.0027840202 0.0003408954 0.0000054681 0.0032195532 0.0000158385 0.0025840636
1413393930.65591 1.229736 -0.651686 1.319399 0.692829 -0.427804 0.499560 0.295654 0.0003628084 -0.0000068039 -0.0001249557 0.0000004382 0.0000023393 0.0000433885 0.0027625711 0.0003168552 0.0000055035 0.0032046254 0.0000156173 0.0025838459
1413393930.70591 1.214307 -0.611905 1.286950 0.689794 -0.428325 0.504952 0.292823 0.0003645846 -0.0000110029 -0.0001223724 0.0000006400 0.0000036903 0.0000414215 0.0027430838 0.0002937041 0.0000055782 0.0031893408 0.0000153926 0.0025837283
1413393930.75591 1.198632 -0.572444 1.252517 0.686346 -0.428449 0.511116 0.290037 0.0003666399 -0.0000153639 -0.0001191558 0.0000009458 0.0000049926 0.0000390663 0.0027247400 0.0002710437 0.0000056436 0.0031738565 0.0000152203 0.0025835993
1413393930.80591 1.183208 -0.534545 1.218563 0.684256 -0.427311 0.515832 0.288298 0.0003683699 -0.0000178954 -0.0001164106 0.0000011685 0.0000056554 0.0000371241 0.0027078854 0.0002489531 0.0000057291 0.0031584214 0.0000149864 0.0025835205
1413393930.85591 1.166113 -0.497845 1.185028 0.682696 -0.426543 0.519766 0.286061 0.0003694366 -0.0000204040 -0.0001144890 0.0000014202 0.0000063252 0.0000358120 0.0026926972 0.0002279532 0.0000058063 0.0031425998 0.0000148797 0.0025834216
1413393930.90591 1.147891 -0.462235 1.154225 0.683267 -0.425123 0.520660 0.285185 0.0003696655 -0.0000204802 -0.0001141705 0.0000014274 0.0000063272 0.0000355913 0.0026791882 0.0002076205 0.0000059003 0.0031257938 0.0000146946 0.0025833846
1413393930.95591 1.128318 -0.428168 1.126699 0.685867 -0.422833 0.519458 0.284539 0.0003690768 -0.0000188760 -0.0001153263 0.0000012574 0.0000059000 0.0000363651 0.0026670384 0.0001880405 0.0000059867 0.0031083073 0.0000145057 0.0025833479
1413393931.00591 1.107639 -0.395672 1.103232 0.687213 -0.422029 0.519586 0.282242 0.0003684592 -0.0000194513 -0.0001161402 0.0000013153 0.0000061348 0.0000369351 0.0026564829 0.0001697624 0.0000060621 0.0030898067 0.0000144152 0.0025832938
1413393931.05591 1.085570 -0.361519 1.084099 0.689689 -0.420756 0.517545 0.281852 0.0003674464 -0.0000179812 -0.0001178289 0.0000011682 0.0000057698 0.0000381108 0.0026473717 0.0001525755 0.0000061427 0.0030708682 0.0000142532 0.0025832521
1413393931.10591 1.062485 -0.328230 1.069109 0.690404 -0.420005 0.518428 0.279590 0.0003671697 -0.0000189785 -0.0001180850 0.0000012692 0.0000061084 0.0000383021 0.0026385858 0.0001349712 0.0000062322 0.0030515219 0.0000140998 0.0025832133
1413393931.15591 1.038313 -0.294304 1.057466 0.692625 -0.420315 0.516515 0.277159 0.0003654777 -0.0000192865 -0.0001203771 0.0000013065 0.0000063578 0.0000399738 0.0026309193 0.0001181225 0.0000063281 0.0030313380 0.0000139651 0.0025831785
1413393931.20591 1.013546 -0.260509 1.049090 0.694600 -0.420849 0.514678 0.274816 0.0003638095 -0.0000197082 -0.0001225524 0.0000013567 0.0000066454 0.0000416084 0.0026241081 0.0001017793 0.0000064303 0.0030110045 0.0000138453 0.0025831462
1413393931.25591 0.988568 -0.227801 1.042381 0.696472 -0.421735 0.513608 0.270690 0.0003618675 -0.0000214394 -0.0001247961 0.0000015599 0.0000074016 0.0000433644 0.0026182575 0.0000862081 0.0000065344 0.0029910147 0.0000137719 0.0025831347
1413393931.30591 0.962820 -0.195834 1.034453 0.697618 -0.423409 0.512733 0.266756 0.0003599988 -0.0000236207 -0.0001267731 0.0000018407 0.0000083269 0.0000449711 0.0026134459 0.0000716379 0.0000066385 0.0029711515 0.0000136776 0.0025831374
1413393931.35591 0.936007 -0.163868 1.023806 0.698071 -0.425279 0.512775 0.262482 0.0003583830 -0.0000265140 -0.0001282043 0.0000022534 0.0000094954 0.0000461909 0.0026095567 0.0000580063 0.0000067423 0.0029510721 0.0000136848 0.0025831115
1413393931.40591 0.909059 -0.133589 1.010137 0.698409 -0.427819 0.513181 0.256596 0.0003562855 -0.0000305968 -0.0001298294 0.0000029209 0.0000111623 0.0000476385 0.0026064905 0.0000451231 0.0000068573 0.0029308830 0.0000136900 0.0025830991
1413393931.45591 0.881270 -0.102611 0.993601 0.697763 -0.430195 0.514348 0.252002 0.0003549425 -0.0000344448 -0.0001304623 0.0000036372 0.0000126752 0.0000482818 0.0026043058 0.0000336142 0.0000069545 0.0029106871 0.0000137623 0.0025830738
1413393931.50591 0.851906 -0.075411 0.975844 0.697114 -0.432304 0.515702 0.247379 0.0003536834 -0.0000381686 -0.0001309059 0.0000044161 0.0000141434 0.0000487817 0.0026027828 0.0000223831 0.0000070604 0.0028909075 0.0000136915 0.0025831123
1413393931.55591 0.821109 -0.048364 0.955001 0.696715 -0.433321 0.516828 0.244355 0.0003529670 -0.0000405840 -0.0001310131 0.0000049655 0.0000150817 0.0000489603 0.0026019743 0.0000127656 0.0000071699 0.0028701132 0.0000136684 0.0025831411
1413393931.60591 0.788926 -0.023946 0.931467 0.697224 -0.434274 0.516741 0.241378 0.0003517047 -0.0000423133 -0.0001319205 0.0000053923 0.0000158904 0.0000498150 0.0026018188 0.0000042666 0.0000072715 0.0028497770 0.0000135964 0.0025831943
1413393931.65591 0.755215 -0.002366 0.906897 0.697066 -0.433879 0.517790 0.240293 0.0003518597 -0.0000430955 -0.0001315142 0.0000055820 0.0000161277 0.0000494895 0.0026021504 -0.0000026225 0.0000073523 0.0028291224 0.0000135861 0.0025832336
1413393931.70591 0.721386 0.016670 0.880880 0.697279 -0.433600 0.518045 0.239631 0.0003517666 -0.0000433879 -0.0001315231 0.0000056577 0.0000162435 0.0000495100 0.0026026555 -0.0000080046 0.0000074612 0.0028089050 0.0000135144 0.0025833118
1413393931.75591 0.686573 0.033179 0.853155 0.697802 -0.432567 0.518380 0.239248 0.0003519219 -0.0000431904 -0.0001314254 0.0000056089 0.0000161513 0.0000494163 0.0026034088 -0.0000122015 0.0000075544 0.0027895501 0.0000134702 0.0025833792
1413393931.80591 0.650020 0.047142 0.823847 0.698417 -0.431522 0.518271 0.239578 0.0003521391 -0.0000424780 -0.0001314343 0.0000054350 0.0000158770 0.0000493944 0.0026043553 -0.0000151298 0.0000076421 0.0027707403 0.0000133829 0.0025834831
1413393931.85591 0.612066 0.058368 0.794234 0.699215 -0.430395 0.517944 0.239982 0.0003523001 -0.0000415675 -0.0001315643 0.0000052171 0.0000155463 0.0000494703 0.0026053056 -0.0000169931 0.0000076869 0.0027515007 0.0000134452 0.0025835308
1413393931.90591 0.572944 0.068529 0.764470 0.700040 -0.429478 0.517499 0.240181 0.0003522660 -0.0000408502 -0.0001318497 0.0000050522 0.0000153139 0.0000496902 0.0026061939 -0.0000178365 0.0000077650 0.0027331264 0.0000134124 0.0025836428
1413393931.95591 0.532512 0.076046 0.736236 0.700675 -0.428058 0.517390 0.241101 0.0003527454 -0.0000396718 -0.0001316893 0.0000047787 0.0000148352 0.0000495048 0.0026070578 -0.0000180826 0.0000078225 0.0027154246 0.0000134360 0.0025837370
1413393932.00591 0.490894 0.081416 0.709254 0.701686 -0.426494 0.516627 0.242562 0.0003531113 -0.0000378870 -0.0001318206 0.0000043839 0.0000141689 0.0000495539 0.0026077570 -0.0000175156 0.0000078857 0.0026986086 0.0000134449 0.0025838625
1413393932.05591 0.448004 0.084866 0.683913 0.703765 -0.424267 0.514627 0.244686 0.0003531687 -0.0000348590 -0.0001326083 0.0000037611 0.0000131142 0.0000501382 0.0026083079 -0.0000164017 0.0000079495 0.0026828136 0.0000134583 0.0025839882
1413393932.10591 0.404685 0.086572 0.659588 0.706159 -0.421834 0.512018 0.247453 0.0003531090 -0.0000311735 -0.0001336091 0.0000030736 0.0000118206 0.0000509040 0.0026086730 -0.0000147756 0.0000079920 0.0026681037 0.0000135027 0.0025840943
1413393932.15591 0.360156 0.086885 0.636471 0.709347 -0.418404 0.508284 0.251818 0.0003530553 -0.0000257200 -0.0001348433 0.0000021956 0.0000098478 0.0000518532 0.0026089009 -0.0000128616 0.0000080010 0.0026547652 0.0000136280 0.0025841585
1413393932.20591 0.314939 0.085646 0.614525 0.712493 -0.414431 0.504416 0.257227 0.0003531976 -0.0000194576 -0.0001357475 0.0000013946 0.0000075013 0.0000525284 0.0026089678 -0.0000107423 0.0000080194 0.0026427730 0.0000137334 0.0025842537
1413393932.25591 0.270203 0.083282 0.593330 0.715790 -0.409471 0.500250 0.264060 0.0003535035 -0.0000119377 -0.0001362963 0.0000007268 0.0000046237 0.0000529083 0.0026089835 -0.0000085594 0.0000080246 0.0026324716 0.0000138368 0.0025843397
1413393932.30591 0.226280 0.078998 0.573638 0.718838 -0.405362 0.496252 0.269608 0.0003532545 -0.0000055120 -0.0001369975 0.0000004115 0.0000021568 0.0000534911 0.0026090055 -0.0000065160 0.0000080784 0.0026240954 0.0000138817 0.0025844702
1413393932.35591 0.182723 0.074465 0.554558 0.721102 -0.402051 0.492778 0.274838 0.0003529920 0.0000001099 -0.0001374120 0.0000003272 -0.0000000254 0.0000538559 0.0026088692 -0.0000044638 0.0000080878 0.0026173908 0.0000139610 0.0025845830
1413393932.40591 0.137981 0.069113 0.538479 0.722954 -0.399826 0.490075 0.278034 0.0003524232 0.0000039430 -0.0001379475 0.0000003692 -0.0000015277 0.0000543591 0.0026075943 -0.0000019490 0.0000082709 0.0026114399 0.0000145122 0.0025840226
1413393932.45591 0.097102 0.063107 0.520797 0.724417 -0.398266 0.487396 0.281156 0.0003517887 0.0000072913 -0.0001385104 0.0000004787 -0.0000028562 0.0000549026 0.0026074747 -0.0000002020 0.0000083275 0.0026077751 0.0000145597 0.0025841520
1413393932.50591 0.057872 0.055595 0.504433 0.725204 -0.397371 0.485350 0.283920 0.0003514283 0.0000099257 -0.0001387445 0.0000006093 -0.0000039050 0.0000551458 0.0026071545 0.0000013328 0.0000084112 0.0026056117 0.0000147378 0.0025840792
1413393932.55591 0.020292 0.048476 0.488193 0.725224 -0.396136 0.484556 0.286936 0.0003518402 0.0000122811 -0.0001381305 0.0000007599 -0.0000048086 0.0000546008 0.0026070007 0.0000024522 0.0000085062 0.0026049116 0.0000147900 0.0025841666
1413393932.60591 -0.014796 0.039961 0.474411 0.723852 -0.395115 0.485662 0.289922 0.0003534286 0.0000136870 -0.0001362839 0.0000008628 -0.0000052653 0.0000529238 0.0026068111 0.0000033875 0.0000085632 0.0026051919 0.0000149385 0.0025841199
1413393932.65591 -0.048869 0.032026 0.460577 0.721727 -0.394299 0.487663 0.292956 0.0003554977 0.0000146232 -0.0001338866 0.0000009357 -0.0000054960 0.0000507950 0.0026062963 0.0000042702 0.0000085551 0.0026062309 0.0000150849 0.0025841008
1413393932.70591 -0.080943 0.024015 0.447131 0.719908 -0.394116 0.489413 0.294755 0.0003570708 0.0000147760 -0.0001320783 0.0000009479 -0.0000054542 0.0000492264 0.0026062242 0.0000046701 0.0000086393 0.0026083556 0.0000151393 0.0025841750
1413393932.75591 -0.111787 0.016562 0.434329 0.717879 -0.394351 0.491150 0.296494 0.0003586136 0.0000147018 -0.0001302859 0.0000009412 -0.0000053299 0.0000477052 0.0026061148 0.0000048818 0.0000086796 0.0026111173 0.0000152186 0.0025842136
1413393932.80591 -0.140696 0.009018 0.422823 0.715896 -0.394265 0.492842 0.298589 0.0003602196 0.0000149462 -0.0001283375 0.0000009606 -0.0000053140 0.0000460951 0.0026060043 0.0000049929 0.0000086994 0.0026144309 0.0000153284 0.0025842455
1413393932.85591 -0.167542 0.001547 0.412768 0.715371 -0.393590 0.492418 0.301423 0.0003607770 0.0000167480 -0.0001274431 0.0000011193 -0.0000059067 0.0000453897 0.0026056275 0.0000050843 0.0000085995 0.0026180509 0.0000154992 0.0025841898
1413393932.90591 -0.193078 -0.005273 0.403328 0.714349 -0.392723 0.492610 0.304648 0.0003617564 0.0000185798 -0.0001259821 0.0000012978 -0.0000064617 0.0000442444 0.0026055790 0.0000048282 0.0000086070 0.0026220606 0.0000155827 0.0025842100
1413393932.95590 -0.218085 -0.011667 0.394555 0.710633 -0.390758 0.496718 0.309159 0.0003652131 0.0000198122 -0.0001213311 0.0000014186 -0.0000065751 0.0000406756 0.0026049783 0.0000048825 0.0000083210 0.0026260242 0.0000158702 0.0025840448
1413393933.00590 -0.239521 -0.018043 0.388624 0.705154 -0.387117 0.504180 0.314167 0.0003704404 0.0000204850 -0.0001139286 0.0000014784 -0.0000062933 0.0000354018 0.0026049751 0.0000045600 0.0000083065 0.0026306548 0.0000159770 0.0025840395
1413393933.05590 -0.260328 -0.022265 0.382625 0.700397 -0.383132 0.511182 0.318350 0.0003748679 0.0000212348 -0.0001070254 0.0000015510 -0.0000060554 0.0000309165 0.0026051196 0.0000040944 0.0000083541 0.0026350871 0.0000160169 0.0025840626
1413393933.10590 -0.280470 -0.024226 0.377336 0.695081 -0.379258 0.519043 0.321900 0.0003793502 0.0000211944 -0.0000995176 0.0000015349 -0.0000055523 0.0000264650 0.0026052623 0.0000038830 0.0000084016 0.0026397741 0.0000160473 0.0025840824
1413393933.15591 -0.299994 -0.024149 0.372441 0.691295 -0.377795 0.524544 0.322857 0.0003820799 0.0000197805 -0.0000948543 0.0000013761 -0.0000049028 0.0000239041 0.0026050450 0.0000041110 0.0000082591 0.0026446557 0.0000161930 0.0025839321
1413393933.20590 -0.319306 -0.021171 0.368513 0.688077 -0.378351 0.529208 0.321464 0.0003839345 0.0000166421 -0.0000919187 0.0000010755 -0.0000039754 0.0000223619 0.0026051121 0.0000045046 0.0000082745 0.0026498385 0.0000162264 0.0025838993
1413393933.25591 -0.338576 -0.015259 0.365102 0.685584 -0.381557 0.533383 0.316056 0.0003847495 0.0000104922 -0.0000912370 0.0000006422 -0.0000024776 0.0000219915 0.0026052049 0.0000053802 0.0000082893 0.0026552907 0.0000162520 0.0025838879
1413393933.30591 -0.357341 -0.007223 0.363260 0.681986 -0.386895 0.538712 0.308216 0.0003853463 0.0000014780 -0.0000906474 0.0000003627 -0.0000003359 0.0000216790 0.0026048622 0.0000069428 0.0000080557 0.0026610487 0.0000163722 0.0025836993
1413393933.35591 -0.377285 0.003557 0.362053 0.679174 -0.392100 0.543012 0.300196 0.0003851354 -0.0000070585 -0.0000908182 0.0000004888 0.0000016782 0.0000217726 0.0026051149 0.0000087598 0.0000080633 0.0026671877 0.0000163941 0.0025836789
1413393933.40591 -0.398506 0.015993 0.361795 0.676891 -0.398990 0.546375 0.289998 0.0003836201 -0.0000170417 -0.0000924950 0.0000011191 0.0000041254 0.0000226600 0.0026054122 0.0000111095 0.0000080384 0.0026742355 0.0000163680 0.0025836171
1413393933.45591 -0.421294 0.030275 0.361954 0.676381 -0.407352 0.546885 0.278371 0.0003800879 -0.0000269923 -0.0000968353 0.0000022810 0.0000068957 0.0000250325 0.0026058605 0.0000140378 0.0000079563 0.0026821694 0.0000164416 0.0025835336
1413393933.50591 -0.445954 0.044769 0.362241 0.677438 -0.416125 0.545534 0.265161 0.0003747892 -0.0000368920 -0.0001028948 0.0000039993 0.0000101504 0.0000286154 0.0026067033 0.0000174423 0.0000079742 0.0026912564 0.0000164459 0.0025835343
1413393933.55591 -0.473092 0.060158 0.361616 0.679013 -0.424239 0.542895 0.253432 0.0003689554 -0.0000449610 -0.0001090399 0.0000058487 0.0000133130 0.0000325969 0.0026074996 0.0000211515 0.0000078983 0.0027015864 0.0000165091 0.0025834626
1413393933.60591 -0.502104 0.074380 0.359390 0.680938 -0.430741 0.539334 0.244756 0.0003635962 -0.0000503752 -0.0001145341 0.0000073530 0.0000158968 0.0000364561 0.0026086851 0.0000251972 0.0000079439 0.0027137335 0.0000165185 0.0025835044
1413393933.65591 -0.533651 0.087430 0.355845 0.683362 -0.433783 0.535257 0.241553 0.0003603483 -0.0000512775 -0.0001185545 0.0000076729 0.0000169005 0.0000393865 0.0026099078 0.0000293566 0.0000079954 0.0027275511 0.0000165351 0.0025835554
1413393933.70591 -0.565947 0.097531 0.351837 0.687571 -0.432682 0.529586 0.244071 0.0003591337 -0.0000467748 -0.0001219644 0.0000064678 0.0000159143 0.0000418061 0.0026109426 0.0000337116 0.0000079623 0.0027430640 0.0000166376 0.0025835678
1413393933.75591 -0.601055 0.107959 0.346012 0.692565 -0.428680 0.522780 0.251570 0.0003593520 -0.0000380258 -0.0001246955 0.0000043991 0.0000132219 0.0000436591 0.0026119627 0.0000376222 0.0000080184 0.0027599407 0.0000166797 0.0025836242
1413393933.80591 -0.638173 0.117468 0.337847 0.697605 -0.423608 0.515969 0.260152 0.0003597226 -0.0000282708 -0.0001268110 0.0000025969 0.0000099902 0.0000450967 0.0026131488 0.0000421255 0.0000080912 0.0027790471 0.0000167389 0.0025836923
1413393933.85591 -0.675896 0.126430 0.327483 0.701855 -0.419635 0.510286 0.266295 0.0003593375 -0.0000207323 -0.0001287353 0.0000015721 0.0000074495 0.0000465166 0.0026143516 0.0000467647 0.0000081792 0.0027998036 0.0000168037 0.0025837637
1413393933.90591 -0.713827 0.134812 0.315297 0.704422 -0.416659 0.506642 0.271107 0.0003592741 -0.0000152968 -0.0001295778 0.0000010284 0.0000055374 0.0000471330 0.0026155318 0.0000515370 0.0000082653 0.0028217910 0.0000168778 0.0025838290
1413393933.95591 -0.751496 0.142154 0.303557 0.705211 -0.413064 0.505405 0.276806 0.0003606656 -0.0000103059 -0.0001283952 0.0000006733 0.0000036878 0.0000461079 0.0026166817 0.0000562189 0.0000083682 0.0028448076 0.0000169396 0.0025838979
1413393934.00590 -0.788941 0.149192 0.294732 0.702667 -0.405776 0.509483 0.286411 0.0003659771 -0.0000041343 -0.0001219808 0.0000004272 0.0000013948 0.0000410528 0.0026178074 0.0000609773 0.0000084683 0.0028687137 0.0000169961 0.0025839534
1413393934.05590 -0.826482 0.157794 0.287939 0.699343 -0.399120 0.513886 0.295879 0.0003709950 0.0000015030 -0.0001150726 0.0000003874 -0.0000004511 0.0000360855 0.0026189083 0.0000664051 0.0000085047 0.0028935980 0.0000171260 0.0025839336
1413393934.10590 -0.863374 0.166527 0.286124 0.695876 -0.392889 0.519010 0.303355 0.0003754997 0.0000057018 -0.0001081027 0.0000004702 -0.0000016272 0.0000315123 0.0026205745 0.0000726048 0.0000085932 0.0029195928 0.0000171857 0.0025839683
1413393934.15590 -0.900746 0.177396 0.287096 0.694853 -0.388833 0.520705 0.307984 0.0003774051 0.0000091483 -0.0001047867 0.0000006074 -0.0000025263 0.0000294846 0.0026224274 0.0000793695 0.0000086856 0.0029464810 0.0000172400 0.0025839987
1413393934.20590 -0.936823 0.190377 0.290665 0.694331 -0.386234 0.521700 0.310735 0.0003784857 0.0000112804 -0.0001027828 0.0000007243 -0.0000030496 0.0000283038 0.0026249317 0.0000874944 0.0000087995 0.0029747899 0.0000173016 0.0025840364
1413393934.25590 -0.972376 0.205295 0.294087 0.694952 -0.387086 0.522040 0.307703 0.0003779517 0.0000093172 -0.0001039029 0.0000006203 -0.0000025468 0.0000289589 0.0026279501 0.0000966092 0.0000089216 0.0030028950 0.0000173368 0.0025841074
1413393934.30590 -1.006998 0.219859 0.298363 0.695865 -0.389257 0.521958 0.303005 0.0003768339 0.0000061293 -0.0001060030 0.0000004905 -0.0000017079 0.0000302168 0.0026313019 0.0001067420 0.0000089568 0.0030313606 0.0000175908 0.0025839681
1413393934.35590 -1.042092 0.236493 0.297892 0.697774 -0.394188 0.520453 0.294714 0.0003739666 0.0000004982 -0.0001107404 0.0000003934 -0.0000001292 0.0000331966 0.0026347211 0.0001167580 0.0000090261 0.0030604260 0.0000176844 0.0025839979
1413393934.40590 -1.076972 0.254808 0.294103 0.699456 -0.400156 0.519020 0.285051 0.0003704959 -0.0000063431 -0.0001157521 0.0000005044 0.0000020026 0.0000365737 0.0026387872 0.0001280622 0.0000091288 0.0030911215 0.0000177383 0.0025840881
1413393934.45590 -1.112241 0.272283 0.287413 0.700765 -0.405409 0.517726 0.276644 0.0003672259 -0.0000122569 -0.0001198846 0.0000008066 0.0000040252 0.0000395528 0.0026434081 0.0001406856 0.0000091864 0.0031228570 0.0000178682 0.0025840871
1413393934.50590 -1.147671 0.290899 0.276749 0.701622 -0.410221 0.516772 0.269057 0.0003641143 -0.0000177574 -0.0001233663 0.0000012667 0.0000060429 0.0000422186 0.0026479543 0.0001531378 0.0000092760 0.0031560541 0.0000179297 0.0025841927
1413393934.55589 -1.184050 0.308074 0.263264 0.701852 -0.414695 0.516699 0.261637 0.0003613546 -0.0000233617 -0.0001259500 0.0000019104 0.0000081720 0.0000443244 0.0026525480 0.0001669593 0.0000090813 0.0031902448 0.0000180387 0.0025840353
1413393934.60590 -1.221102 0.325857 0.247360 0.701475 -0.418651 0.517024 0.255638 0.0003591379 -0.0000282439 -0.0001277029 0.0000026250 0.0000100750 0.0000458377 0.0026572436 0.0001800048 0.0000091807 0.0032268217 0.0000180947 0.0025841807
1413393934.65590 -1.259272 0.342998 0.229771 0.699747 -0.422902 0.519013 0.249268 0.0003574567 -0.0000342268 -0.0001282840 0.0000036851 0.0000123183 0.0000464707 0.0026624651 0.0001942833 0.0000092890 0.0032657733 0.0000181503 0.0025843464
1413393934.70590 -1.298720 0.359253 0.210381 0.698011 -0.426761 0.521031 0.243274 0.0003558221 -0.0000398208 -0.0001286356 0.0000048688 0.0000144340 0.0000469394 0.0026676468 0.0002088059 0.0000094061 0.0033073093 0.0000182085 0.0025845307
1413393934.75590 -1.339499 0.374740 0.188184 0.696763 -0.431242 0.523606 0.233214 0.0003526394 -0.0000477887 -0.0001296567 0.0000068937 0.0000176133 0.0000481108 0.0026725149 0.0002233900 0.0000094974 0.0033509696 0.0000182703 0.0025847096
1413393934.80590 -1.381012 0.388213 0.164108 0.696556 -0.435403 0.526039 0.220267 0.0003480230 -0.0000567127 -0.0001312878 0.0000096662 0.0000214421 0.0000499708 0.0026774104 0.0002381636 0.0000096370 0.0033979849 0.0000183219 0.0025849217
1413393934.85590 -1.423964 0.399333 0.138437 0.699166 -0.436447 0.526905 0.207489 0.0003430020 -0.0000632141 -0.0001337346 0.0000120814 0.0000246994 0.0000525915 0.0026815460 0.0002520595 0.0000097814 0.0034478196 0.0000183713 0.0025851414
1413393934.90590 -1.468943 0.407987 0.110797 0.705499 -0.433969 0.525014 0.195711 0.0003376309 -0.0000663259 -0.0001376704 0.0000134665 0.0000271009 0.0000565915 0.0026848032 0.0002649964 0.0000099221 0.0035012446 0.0000184169 0.0025853613
1413393934.95590 -1.515293 0.412974 0.082454 0.715880 -0.426030 0.520234 0.188072 0.0003335600 -0.0000638733 -0.0001426542 0.0000126716 0.0000273740 0.0000614727 0.0026869503 0.0002764561 0.0000100664 0.0035587232 0.0000184674 0.0025855947
1413393935.00590 -1.562675 0.414543 0.052920 0.729719 -0.410010 0.513708 0.188431 0.0003329299 -0.0000536184 -0.0001473837 0.0000090751 0.0000237890 0.0000657146 0.0026878349 0.0002859829 0.0000101924 0.0036195100 0.0000185310 0.0025858135
1413393935.05590 -1.609224 0.411874 0.022497 0.745762 -0.388391 0.505852 0.192631 0.0003328410 -0.0000387068 -0.0001520619 0.0000049370 0.0000177295 0.0000699455 0.0026870328 0.0002935364 0.0000101609 0.0036813861 0.0000187061 0.0025858677
1413393935.10590 -1.656533 0.406395 -0.007514 0.760783 -0.365265 0.499593 0.195441 0.0003319677 -0.0000246490 -0.0001556977 0.0000022659 0.0000115988 0.0000735043 0.0026852521 0.0002976482 0.0000102351 0.0037428180 0.0000188014 0.0025859994
1413393935.15590 -1.701702 0.397813 -0.035497 0.773969 -0.342474 0.495672 0.194916 0.0003303815 -0.0000136799 -0.0001583327 0.0000010020 0.0000065882 0.0000763630 0.0026824679 0.0003000878 0.0000102059 0.0038055956 0.0000190450 0.0025859789
1413393935.20590 -1.745043 0.387924 -0.060368 0.785502 -0.320243 0.493929 0.190957 0.0003285074 -0.0000058259 -0.0001603035 0.0000005414 0.0000028698 0.0000787111 0.0026790408 0.0002996009 0.0000102230 0.0038656081 0.0000191799 0.0025860064
1413393935.25590 -1.786155 0.376442 -0.081837 0.795004 -0.299495 0.494477 0.183751 0.0003270193 -0.0000013213 -0.0001615586 0.0000004443 0.0000006763 0.0000803043 0.0026751160 0.0002975285 0.0000100988 0.0039234924 0.0000193710 0.0025858639
1413393935.30590 -1.823079 0.362601 -0.099721 0.803109 -0.279874 0.496186 0.174603 0.0003258686 0.0000011264 -0.0001624410 0.0000004450 -0.0000005406 0.0000814650 0.0026710150 0.0002936257 0.0000100481 0.0039788525 0.0000194745 0.0025857939
1413393935.35590 -1.857845 0.348821 -0.116348 0.809189 -0.262284 0.499797 0.163166 0.0003255553 0.0000008071 -0.0001626830 0.0000004429 -0.0000003830 0.0000817839 0.0026661821 0.0002873053 0.0000098487 0.0040290220 0.0000196281 0.0025855485
1413393935.40589 -1.889143 0.332551 -0.127368 0.814641 -0.242100 0.503909 0.154351 0.0003265673 0.0000028847 -0.0001619052 0.0000004671 -0.0000014125 0.0000807569 0.0026618233 0.0002803570 0.0000096819 0.0040769146 0.0000196937 0.0025853719
1413393935.45589 -1.917249 0.315796 -0.134719 0.819090 -0.221295 0.508593 0.146470 0.0003281887 0.0000055528 -0.0001606029 0.0000005358 -0.0000027023 0.0000790771 0.0026571945 0.0002712394 0.0000095442 0.0041212110 0.0000197384 0.0025851761
1413393935.50589 -1.941490 0.298292 -0.137333 0.822384 -0.199297 0.514205 0.139848 0.0003307813 0.0000093231 -0.0001583936 0.0000007043 -0.0000044528 0.0000763254 0.0026526276 0.0002609607 0.0000093833 0.0041599477 0.0000197562 0.0025849511
1413393935.55589 -1.963043 0.281530 -0.137609 0.826350 -0.177876 0.517650 0.132455 0.0003315828 0.0000128840 -0.0001575053 0.0000009396 -0.0000061119 0.0000752922 0.0026481505 0.0002498752 0.0000091248 0.0041932893 0.0000197619 0.0025846047
1413393935.60589 -1.981504 0.263719 -0.137165 0.829820 -0.155657 0.520192 0.128728 0.0003321129 0.0000190952 -0.0001564438 0.0000015223 -0.0000089920 0.0000741629 0.0026430040 0.0002389629 0.0000083398 0.0042230241 0.0000198893 0.0025837289
1413393935.65588 -1.993325 0.246749 -0.134246 0.833378 -0.135904 0.520592 0.126468 0.0003311882 0.0000254294 -0.0001563099 0.0000023712 -0.0000120028 0.0000742373 0.0026388232 0.0002264970 0.0000081456 0.0042475217 0.0000198651 0.0025833351
1413393935.70588 -2.002843 0.230713 -0.129412 0.835849 -0.115846 0.521142 0.127855 0.0003302937 0.0000341480 -0.0001553817 0.0000039408 -0.0000160714 0.0000735538 0.0026350861 0.0002143060 0.0000078942 0.0042612952 0.0000198205 0.0025828545
1413393935.75588 -2.007781 0.216501 -0.123344 0.837596 -0.097352 0.521423 0.130668 0.0003289790 0.0000429692 -0.0001542656 0.0000060173 -0.0000201604 0.0000727882 0.0026320793 0.0002032683 0.0000078069 0.0042716049 0.0000197636 0.0025824685
1413393935.80588 -2.008662 0.204709 -0.116790 0.838302 -0.078045 0.522316 0.135444 0.0003274807 0.0000531357 -0.0001523077 0.0000090207 -0.0000247291 0.0000712777 0.0026297326 0.0001938134 0.0000077236 0.0042735190 0.0000197098 0.0025820720
1413393935.85588 -2.002441 0.197361 -0.108206 0.838179 -0.059162 0.523877 0.139675 0.0003260271 0.0000625978 -0.0001498682 0.0000124037 -0.0000287999 0.0000693156 0.0026275844 0.0001866695 0.0000075739 0.0042685504 0.0000196512 0.0025815527
1413393935.90588 -1.996511 0.193736 -0.101641 0.837822 -0.043889 0.526342 0.138174 0.0003254299 0.0000674476 -0.0001482572 0.0000143578 -0.0000307535 0.0000679580 0.0026269775 0.0001832524 0.0000075644 0.0042518964 0.0000196058 0.0025812173
1413393935.95588 -1.987655 0.194901 -0.095547 0.837604 -0.037021 0.530755 0.123886 0.0003284856 0.0000615371 -0.0001482994 0.0000118960 -0.0000278040 0.0000673597 0.0026271848 0.0001836384 0.0000075473 0.0042366724 0.0000195574 0.0025809576
1413393936.00588 -1.975185 0.201200 -0.089247 0.836974 -0.033449 0.536490 0.102641 0.0003333598 0.0000500817 -0.0001484395 0.0000078787 -0.0000223165 0.0000664966 0.0026282309 0.0001874328 0.0000075378 0.0042171255 0.0000194950 0.0025807255
1413393936.05588 -1.958257 0.212542 -0.081680 0.836393 -0.029259 0.541421 0.080338 0.0003374913 0.0000380200 -0.0001483424 0.0000046146 -0.0000167264 0.0000655886 0.0026299278 0.0001941390 0.0000074907 0.0041923382 0.0000194092 0.0025804343
1413393936.10588 -1.940249 0.226609 -0.074779 0.834953 -0.024025 0.546955 0.055818 0.0003415809 0.0000249834 -0.0001473671 0.0000021520 -0.0000107867 0.0000639568 0.0026327681 0.0002037602 0.0000074713 0.0041611726 0.0000192813 0.0025802735
1413393936.15588 -1.920295 0.242673 -0.067413 0.833176 -0.017659 0.551880 0.030569 0.0003450653 0.0000118372 -0.0001457004 0.0000007252 -0.0000050007 0.0000618909 0.0026361928 0.0002145390 0.0000074416 0.0041290984 0.0000191322 0.0025801236
1413393936.20588 -1.898592 0.259644 -0.059321 0.832027 -0.010661 0.554620 0.003824 0.0003467893 -0.0000019756 -0.0001444738 0.0000003235 0.0000008250 0.0000605511 0.0026400014 0.0002255124 0.0000073894 0.0040944966 0.0000189511 0.0025799680
1413393936.25588 -1.875901 0.276837 -0.050824 -0.830892 0.001008 -0.556039 0.020933 0.0003475009 -0.0000133779 -0.0001431537 0.0000008225 0.0000055170 0.0000593272 0.0026440837 0.0002360294 0.0000073337 0.0040584331 0.0000187727 0.0025797897
1413393936.30588 -1.851665 0.293389 -0.042566 -0.830148 -0.010433 -0.555668 0.044474 0.0003471128 -0.0000232866 -0.0001422724 0.0000018629 0.0000095539 0.0000586616 0.0026482806 0.0002457048 0.0000072651 0.0040205064 0.0000186167 0.0025796162
1413393936.35588 -1.826527 0.308546 -0.034116 -0.829273 -0.024441 -0.554376 0.066153 0.0003465343 -0.0000309067 -0.0001414090 0.0000030523 0.0000126240 0.0000580447 0.0026524159 0.0002541295 0.0000072038 0.0039820866 0.0000185040 0.0025794507
1413393936.40588 -1.800922 0.322028 -0.025336 -0.827755 -0.040202 -0.553145 0.085069 0.0003464225 -0.0000360305 -0.0001403122 0.0000040367 0.0000146061 0.0000571623 0.0026560958 0.0002604960 0.0000071248 0.0039429131 0.0000183822 0.0025792360
1413393936.45588 -1.774343 0.334520 -0.016208 -0.825593 -0.058102 -0.552132 0.100844 0.0003469823 -0.0000383047 -0.0001391473 0.0000045066 0.0000153726 0.0000561223 0.0026593314 0.0002651624 0.0000070102 0.0039034584 0.0000183174 0.0025790090
1413393936.50588 -1.745713 0.345032 -0.005624 -0.820819 -0.079542 -0.554419 0.112021 0.0003505134 -0.0000360470 -0.0001360526 0.0000039790 0.0000140026 0.0000531205 0.0026624476 0.0002686907 0.0000069080 0.0038631483 0.0000182652 0.0025787692
1413393936.55588 -1.716922 0.353753 0.005228 -0.814370 -0.101526 -0.558364 0.121340 0.0003550805 -0.0000319710 -0.0001320034 0.0000031350 0.0000118928 0.0000493710 0.0026646658 0.0002701167 0.0000067817 0.0038206996 0.0000182278 0.0025784311
1413393936.60587 -1.686707 0.361119 0.015882 -0.806264 -0.122274 -0.563890 0.130443 0.0003605654 -0.0000277443 -0.0001264544 0.0000023847 0.0000097364 0.0000446362 0.0026668087 0.0002705687 0.0000066389 0.0037795940 0.0000181668 0.0025781352
1413393936.65587 -1.658010 0.366433 0.028684 -0.796573 -0.141446 -0.570802 0.140178 0.0003665589 -0.0000238052 -0.0001194975 0.0000017872 0.0000077675 0.0000392287 0.0026685580 0.0002699400 0.0000063895 0.0037375909 0.0000181300 0.0025776917
1413393936.70587 -1.627324 0.371158 0.042323 -0.786874 -0.158574 -0.577350 0.149504 0.0003720670 -0.0000202269 -0.0001123295 0.0000013370 0.0000061135 0.0000341782 0.0026698286 0.0002681651 0.0000062238 0.0036994552 0.0000180481 0.0025775181
1413393936.75587 -1.597897 0.375204 0.056036 -0.778294 -0.174336 -0.581903 0.158914 0.0003760486 -0.0000173534 -0.0001065838 0.0000010332 0.0000049257 0.0000304675 0.0026708149 0.0002655003 0.0000060771 0.0036596081 0.0000179325 0.0025772687
1413393936.80587 -1.569016 0.377669 0.069495 -0.770720 -0.189695 -0.584723 0.167645 0.0003790043 -0.0000143069 -0.0001021316 0.0000007694 0.0000038629 0.0000277730 0.0026717138 0.0002627069 0.0000059195 0.0036229314 0.0000178727 0.0025770792
1413393936.85587 -1.542176 0.379104 0.083648 -0.763521 -0.205192 -0.586390 0.176288 0.0003812527 -0.0000111913 -0.0000985846 0.0000005543 0.0000029019 0.0000257359 0.0026721269 0.0002590230 0.0000057540 0.0035879432 0.0000178391 0.0025768940
1413393936.90587 -1.516984 0.380626 0.098706 -0.755748 -0.221028 -0.588339 0.183979 0.0003834405 -0.0000070731 -0.0000949073 0.0000003474 0.0000017573 0.0000237262 0.0026720108 0.0002549213 0.0000057093 0.0035560548 0.0000178193 0.0025765861
1413393936.95587 -1.493744 0.379882 0.113288 -0.748646 -0.237644 -0.588299 0.192244 0.0003847422 -0.0000032390 -0.0000926109 0.0000002408 0.0000007859 0.0000225213 0.0026721904 0.0002514148 0.0000055982 0.0035275097 0.0000177735 0.0025764331
1413393937.00587 -1.473449 0.378024 0.129414 -0.739929 -0.255504 -0.589517 0.199231 0.0003863005 0.0000025781 -0.0000895203 0.0000002272 -0.0000005924 0.0000209674 0.0026716547 0.0002469322 0.0000055231 0.0035021883 0.0000177472 0.0025762529
1413393937.05587 -1.456085 0.374346 0.146322 -0.731629 -0.273532 -0.589215 0.206701 0.0003871327 0.0000079385 -0.0000874785 0.0000003698 -0.0000017895 0.0000199860 0.0026707293 0.0002422875 0.0000054502 0.0034813937 0.0000176550 0.0025761609
1413393937.10588 -1.443869 0.371103 0.164678 -0.723532 -0.290812 -0.587934 0.215089 0.0003875705 0.0000122458 -0.0000860396 0.0000005864 -0.0000027161 0.0000193151 0.0026691716 0.0002372661 0.0000054693 0.0034644330 0.0000175354 0.0025759315
1413393937.15588 -1.433396 0.365817 0.182631 -0.715887 -0.306960 -0.585579 0.224453 0.0003878936 0.0000151545 -0.0000848742 0.0000007884 -0.0000033135 0.0000187840 0.0026678187 0.0002332707 0.0000054252 0.0034543177 0.0000174134 0.0025758816
1413393937.20588 -1.427006 0.358986 0.201646 -0.707809 -0.322463 -0.583064 0.234651 0.0003882916 0.0000174514 -0.0000835487 0.0000009766 -0.0000037525 0.0000181871 0.0026658431 0.0002284338 0.0000053985 0.0034462828 0.0000173120 0.0025757765
1413393937.25588 -1.423071 0.351928 0.220719 -0.700729 -0.337178 -0.579330 0.244268 0.0003882414 0.0000191766 -0.0000832657 0.0000011348 -0.0000041097 0.0000180655 0.0026633865 0.0002233308 0.0000053547 0.0034428910 0.0000171639 0.0025757103
1413393937.30588 -1.422141 0.343582 0.241371 -0.694187 -0.350459 -0.574875 0.254561 0.0003881924 0.0000196584 -0.0000832340 0.0000011787 -0.0000042113 0.0000180493 0.0026609251 0.0002184824 0.0000052926 0.0034422004 0.0000170819 0.0025755811
1413393937.35588 -1.423691 0.334547 0.262146 -0.688985 -0.362975 -0.569522 0.263047 0.0003875269 0.0000202372 -0.0000845410 0.0000012366 -0.0000044104 0.0000186435 0.0026580640 0.0002131028 0.0000052332 0.0034446788 0.0000169406 0.0025755481
1413393937.40588 -1.427719 0.323969 0.283474 -0.684895 -0.373127 -0.564480 0.270290 0.0003868770 0.0000202409 -0.0000859319 0.0000012359 -0.0000044907 0.0000192850 0.0026550787 0.0002075878 0.0000051704 0.0034497234 0.0000168125 0.0025755447
1413393937.45588 -1.433641 0.311987 0.303468 -0.683934 -0.382624 -0.557118 0.274688 0.0003847750 0.0000200370 -0.0000903121 0.0000012178 -0.0000046973 0.0000213937 0.0026516965 0.0002013051 0.0000050950 0.0034573271 0.0000166863 0.0025755404
1413393937.50588 -1.440903 0.299206 0.319018 -0.687857 -0.391008 -0.545370 0.276652 0.0003803255 0.0000180631 -0.0000991001 0.0000010296 -0.0000047006 0.0000260175 0.0026481130 0.0001944821 0.0000050275 0.0034666579 0.0000165827 0.0025755157
1413393937.55588 -1.449448 0.285681 0.329888 -0.693094 -0.396051 -0.533106 0.280290 0.0003759227 0.0000132018 -0.0001072668 0.0000006309 -0.0000037611 0.0000308017 0.0026444419 0.0001874958 0.0000049924 0.0034770724 0.0000165015 0.0025754359
1413393937.60589 -1.458498 0.272500 0.335262 -0.697958 -0.399546 -0.522598 0.283035 0.0003717545 0.0000087693 -0.0001140928 0.0000003708 -0.0000026854 0.0000352057 0.0026408824 0.0001802372 0.0000049686 0.0034880571 0.0000165714 0.0025752549
1413393937.65589 -1.469391 0.257776 0.336143 -0.703256 -0.401255 -0.512004 0.286840 0.0003675708 0.0000029071 -0.0001202837 0.0000001845 -0.0000009448 0.0000395485 0.0026376670 0.0001733321 0.0000049247 0.0034992474 0.0000166367 0.0025750559
1413393937.70589 -1.481006 0.243011 0.333632 -0.708597 -0.402526 -0.502546 0.288637 0.0003630989 -0.0000016941 -0.0001261587 0.0000001677 0.0000005957 0.0000440209 0.0026341548 0.0001652509 0.0000048822 0.0035126972 0.0000166014 0.0025749991
1413393937.75589 -1.492382 0.228291 0.330172 -0.714251 -0.404346 -0.493290 0.288123 0.0003578074 -0.0000048135 -0.0001324829 0.0000002231 0.0000017898 0.0000492411 0.0026309474 0.0001573768 0.0000048511 0.0035266056 0.0000166136 0.0025749197
1413393937.80589 -1.503523 0.214437 0.327539 -0.719778 -0.405683 -0.484569 0.287288 0.0003524595 -0.0000077122 -0.0001383174 0.0000003253 0.0000030344 0.0000544690 0.0026280157 0.0001497037 0.0000048498 0.0035398132 0.0000166054 0.0025748361
1413393937.85590 -1.513375 0.201474 0.325788 -0.724404 -0.405823 -0.477798 0.286800 0.0003481983 -0.0000104217 -0.0001425820 0.0000004677 0.0000042761 0.0000585745 0.0026255200 0.0001426226 0.0000048169 0.0035521667 0.0000165840 0.0025747982
1413393937.90590 -1.521933 0.189781 0.326587 -0.725170 -0.406583 -0.476775 0.285490 0.0003471351 -0.0000098863 -0.0001436762 0.0000004361 0.0000041003 0.0000596539 0.0026233771 0.0001361323 0.0000048253 0.0035623297 0.0000166495 0.0025746941
1413393937.95589 -1.529650 0.178940 0.328529 -0.722026 -0.407573 -0.481535 0.284054 0.0003495837 -0.0000066570 -0.0001413588 0.0000002798 0.0000026992 0.0000573447 0.0026214137 0.0001297996 0.0000048391 0.0035716642 0.0000166902 0.0025745849
1413393938.00589 -1.536368 0.169396 0.331266 -0.718376 -0.408761 -0.487577 0.281282 0.0003522777 -0.0000020942 -0.0001386502 0.0000001648 0.0000008308 0.0000547522 0.0026198388 0.0001243661 0.0000048125 0.0035801633 0.0000166938 0.0025745387
1413393938.05590 -1.542782 0.161162 0.335152 -0.713126 -0.411269 -0.495534 0.277045 0.0003554346 0.0000047275 -0.0001351039 0.0000002147 -0.0000017916 0.0000515336 0.0026184917 0.0001194910 0.0000047897 0.0035882004 0.0000167089 0.0025745017
1413393938.10590 -1.549301 0.154627 0.339870 -0.705722 -0.415311 -0.505531 0.271866 0.0003590159 0.0000138138 -0.0001303064 0.0000006828 -0.0000050099 0.0000474716 0.0026174223 0.0001155606 0.0000047800 0.0035966981 0.0000167594 0.0025744394
1413393938.15590 -1.557293 0.148885 0.346497 -0.695733 -0.421031 -0.517467 0.266300 0.0003627952 0.0000250180 -0.0001238979 0.0000018764 -0.0000085417 0.0000424854 0.0026166242 0.0001127076 0.0000047701 0.0036062503 0.0000168025 0.0025743941
1413393938.20590 -1.567286 0.144513 0.354319 -0.683990 -0.428590 -0.529346 0.261270 0.0003657236 0.0000371325 -0.0001168408 0.0000039217 -0.0000118625 0.0000374982 0.0026159841 0.0001105787 0.0000047580 0.0036191260 0.0000168481 0.0025743525
1413393938.25590 -1.580223 0.141844 0.361936 -0.673218 -0.435727 -0.538414 0.258900 0.0003676145 0.0000466030 -0.0001106103 0.0000060590 -0.0000140234 0.0000334470 0.0026154874 0.0001093173 0.0000047747 0.0036356387 0.0000169953 0.0025742248
1413393938.30589 -1.596706 0.139703 0.370602 -0.665212 -0.441015 -0.542913 0.261236 0.0003692776 0.0000508833 -0.0001061262 0.0000071631 -0.0000146249 0.0000306641 0.0026152549 0.0001093599 0.0000047550 0.0036572706 0.0000170297 0.0025742111
1413393938.35589 -1.617133 0.138476 0.379777 -0.659780 -0.444093 -0.542879 0.269728 0.0003717478 0.0000490999 -0.0001029992 0.0000066371 -0.0000136052 0.0000287015 0.0026150754 0.0001098561 0.0000047249 0.0036842630 0.0000170599 0.0025742020
1413393938.40589 -1.641187 0.138207 0.389379 -0.657157 -0.445669 -0.538162 0.282677 0.0003743437 0.0000422130 -0.0001017300 0.0000049120 -0.0000114720 0.0000278092 0.0026149839 0.0001109963 0.0000046750 0.0037166294 0.0000170491 0.0025742097
1413393938.45589 -1.669012 0.138124 0.399173 -0.656391 -0.445494 -0.529482 0.300557 0.0003771371 0.0000302473 -0.0001012121 0.0000025776 -0.0000081165 0.0000273256 0.0026149531 0.0001125952 0.0000046103 0.0037539161 0.0000170222 0.0025742171
1413393938.50589 -1.699361 0.137965 0.409162 -0.655510 -0.447353 -0.519357 0.316938 0.0003783411 0.0000193096 -0.0001017605 0.0000011373 -0.0000051915 0.0000275335 0.0026148943 0.0001141891 0.0000045330 0.0037959420 0.0000169825 0.0025742049
1413393938.55589 -1.731782 0.136902 0.419118 -0.653968 -0.450847 -0.509212 0.331310 0.0003785552 0.0000101528 -0.0001026606 0.0000004243 -0.0000027504 0.0000280045 0.0026147833 0.0001155531 0.0000044489 0.0038411516 0.0000169269 0.0025741880
1413393938.60589 -1.765880 0.134545 0.427175 -0.651020 -0.456266 -0.499683 0.343965 0.0003783167 0.0000032160 -0.0001034669 0.0000001801 -0.0000008759 0.0000284618 0.0026146042 0.0001164548 0.0000043593 0.0038892167 0.0000168693 0.0025741885
1413393938.65589 -1.800647 0.130774 0.432254 -0.648321 -0.462417 -0.489445 0.355378 0.0003773691 -0.0000031473 -0.0001050091 0.0000001797 0.0000008801 0.0000293856 0.0026141748 0.0001158221 0.0000042593 0.0039400722 0.0000168085 0.0025741948
1413393938.70589 -1.835616 0.125936 0.433932 -0.646060 -0.469153 -0.478992 0.364786 0.0003756969 -0.0000085206 -0.0001073987 0.0000003476 0.0000024407 0.0000308677 0.0026136112 0.0001140852 0.0000041539 0.0039922274 0.0000167373 0.0025742020
1413393938.75589 -1.870385 0.119895 0.433314 -0.641745 -0.475634 -0.471007 0.374283 0.0003751914 -0.0000125887 -0.0001077694 0.0000005772 0.0000036213 0.0000311220 0.0026129318 0.0001112579 0.0000040582 0.0040453017 0.0000166825 0.0025741787
1413393938.80589 -1.904922 0.111957 0.430718 -0.634894 -0.482285 -0.466467 0.383041 0.0003761160 -0.0000142123 -0.0001060449 0.0000006926 0.0000040127 0.0000300656 0.0026121189 0.0001068787 0.0000039542 0.0040986970 0.0000166034 0.0025741712
1413393938.85590 -1.938623 0.102133 0.427939 -0.625885 -0.489889 -0.465186 0.389715 0.0003779499 -0.0000124843 -0.0001031951 0.0000005680 0.0000034138 0.0000283418 0.0026111897 0.0001010742 0.0000038776 0.0041525444 0.0000165403 0.0025741284
1413393938.90590 -1.972591 0.090598 0.425569 -0.617255 -0.498332 -0.463101 0.395219 0.0003790854 -0.0000102946 -0.0001014800 0.0000004358 0.0000027607 0.0000273315 0.0026102072 0.0000934465 0.0000037834 0.0042061198 0.0000164688 0.0025741250
1413393938.95590 -2.006118 0.077038 0.423591 -0.609250 -0.507469 -0.460080 0.399520 0.0003794684 -0.0000077529 -0.0001010356 0.0000003148 0.0000020687 0.0000270670 0.0026091637 0.0000839565 0.0000037262 0.0042609871 0.0000164536 0.0025740921
1413393939.00590 -2.039514 0.061888 0.422634 -0.602205 -0.516555 -0.455647 0.403616 0.0003792035 -0.0000059888 -0.0001016165 0.0000002515 0.0000016091 0.0000273968 0.0026081831 0.0000725722 0.0000036448 0.0043163156 0.0000164099 0.0025740964
1413393939.05590 -2.072625 0.045091 0.423400 -0.594271 -0.524446 -0.453099 0.408045 0.0003798067 -0.0000037711 -0.0001006900 0.0000001950 0.0000010038 0.0000268603 0.0026073268 0.0000594666 0.0000035697 0.0043722169 0.0000163699 0.0025741061
1413393939.10590 -2.105613 0.026893 0.427701 -0.581281 -0.526954 -0.456547 0.419519 0.0003848420 -0.0000025439 -0.0000913647 0.0000001749 0.0000006079 0.0000218556 0.0026066419 0.0000447046 0.0000034975 0.0044291574 0.0000163301 0.0025741055
1413393939.15590 -2.138450 0.006733 0.433469 -0.567572 -0.528765 -0.460618 0.431394 0.0003897566 -0.0000009721 -0.0000809234 0.0000001610 0.0000002057 0.0000169649 0.0026061546 0.0000275756 0.0000034232 0.0044866230 0.0000162727 0.0025740892
1413393939.20590 -2.170481 -0.014654 0.437622 -0.560015 -0.534330 -0.457779 0.437394 0.0003906139 -0.0000001948 -0.0000789379 0.0000001583 0.0000000432 0.0000161151 0.0026058703 0.0000075769 0.0000034151 0.0045447063 0.0000163071 0.0025739988
1413393939.25590 -2.202723 -0.040752 0.438877 -0.558428 -0.543772 -0.449584 0.436285 0.0003877934 0.0000007290 -0.0000853390 0.0000001602 -0.0000001565 0.0000189442 0.0026061901 -0.0000143838 0.0000033124 0.0046017326 0.0000162607 0.0025740267
1413393939.30591 -2.234560 -0.069541 0.438717 -0.561930 -0.554983 -0.436959 0.430460 0.0003816975 0.0000005493 -0.0000974584 0.0000001602 -0.0000001362 0.0000250513 0.0026071849 -0.0000408910 0.0000032155 0.0046596643 0.0000162120 0.0025740702
1413393939.35591 -2.266193 -0.100323 0.436426 -0.569957 -0.568913 -0.419925 0.418510 0.0003707585 0.0000003292 -0.0001152559 0.0000001603 -0.0000000980 0.0000360018 0.0026090241 -0.0000704262 0.0000031318 0.0047176797 0.0000161592 0.0025741194
1413393939.40591 -2.298123 -0.131435 0.431903 -0.582706 -0.581929 -0.397218 0.405006 0.0003549734 -0.0000036630 -0.0001353124 0.0000001983 0.0000014015 0.0000517606 0.0026116817 -0.0001010044 0.0000030550 0.0047766778 0.0000161077 0.0025741698
1413393939.45591 -2.329098 -0.161527 0.425118 -0.597554 -0.593047 -0.371877 0.391066 0.0003355096 -0.0000096727 -0.0001541256 0.0000004401 0.0000044505 0.0000709937 0.0026149780 -0.0001313207 0.0000030255 0.0048367017 0.0000160551 0.0025742164
1413393939.50591 -2.359948 -0.190534 0.416734 -0.612859 -0.600994 -0.346500 0.378350 0.0003145858 -0.0000168480 -0.0001692889 0.0000010646 0.0000090764 0.0000913050 0.0026187187 -0.0001597119 0.0000029801 0.0048953556 0.0000159716 0.0025742825
1413393939.55591 -2.390159 -0.215721 0.406386 -0.626411 -0.606211 -0.323858 0.367741 0.0002949616 -0.0000235244 -0.0001799193 0.0000020398 0.0000143628 0.0001099656 0.0026226376 -0.0001861906 0.0000029629 0.0049536720 0.0000159041 0.0025743550
1413393939.60591 -2.419174 -0.237312 0.394969 -0.638191 -0.609668 -0.304830 0.357905 0.0002771579 -0.0000285221 -0.0001872338 0.0000031002 0.0000192850 0.0001267192 0.0026261274 -0.0002084167 0.0000029954 0.0050100714 0.0000158630 0.0025744107
1413393939.65591 -2.445783 -0.251861 0.381965 -0.647944 -0.612338 -0.289306 0.348587 0.0002615194 -0.0000317108 -0.0001921706 0.0000040120 0.0000233223 0.0001414596 0.0026292034 -0.0002259832 0.0000029528 0.0050645676 0.0000157199 0.0025745258
1413393939.70590 -2.470278 -0.258889 0.369151 -0.651793 -0.616583 -0.283328 0.338700 0.0002519606 -0.0000294367 -0.0001951689 0.0000036066 0.0000228224 0.0001514366 0.0026306407 -0.0002349128 0.0000029578 0.0051130294 0.0000156188 0.0025746269
1413393939.75590 -2.492041 -0.256779 0.356516 -0.650561 -0.619444 -0.286522 0.333112 0.0002509991 -0.0000250141 -0.0001960282 0.0000026606 0.0000195546 0.0001533573 0.0026305907 -0.0002350316 0.0000029415 0.0051582351 0.0000154750 0.0025747310
1413393939.80589 -2.510594 -0.244811 0.344472 -0.643309 -0.618448 -0.301118 0.336159 0.0002624618 -0.0000195819 -0.0001935213 0.0000016284 0.0000144531 0.0001429400 0.0026285415 -0.0002253941 0.0000030075 0.0051988273 0.0000154199 0.0025747683
1413393939.85588 -2.529092 -0.224590 0.334729 -0.631071 -0.610171 -0.325809 0.351125 0.0002868320 -0.0000155232 -0.0001847314 0.0000010073 0.0000100084 0.0001192045 0.0026250843 -0.0002055853 0.0000030392 0.0052338387 0.0000154043 0.0025747965
1413393939.90587 -2.546947 -0.199410 0.327648 -0.615487 -0.594354 -0.356226 0.375529 0.0003185098 -0.0000139464 -0.0001669999 0.0000007772 0.0000073204 0.0000877681 0.0026206195 -0.0001804191 0.0000032546 0.0052688471 0.0000156817 0.0025746947
1413393939.95586 -2.565558 -0.171327 0.323092 -0.596050 -0.574649 -0.389433 0.403540 0.0003503131 -0.0000126078 -0.0001399951 0.0000006204 0.0000050446 0.0000561351 0.0026168504 -0.0001524529 0.0000032985 0.0053043422 0.0000158061 0.0025746933
1413393940.00586 -2.581799 -0.142011 0.319119 -0.576908 -0.553749 -0.418630 0.430452 0.0003746966 -0.0000128625 -0.0001088150 0.0000006089 0.0000037406 0.0000317786 0.0026138851 -0.0001243265 0.0000032730 0.0053428165 0.0000158036 0.0025747829
1413393940.05586 -2.598766 -0.114831 0.315058 -0.559535 -0.531275 -0.441826 0.457665 0.0003912474 -0.0000170176 -0.0000760276 0.0000009089 0.0000033119 0.0000149450 0.0026116878 -0.0000959942 0.0000032188 0.0053767020 0.0000158004 0.0025748418
1413393940.10586 -2.614672 -0.092285 0.311214 -0.544439 -0.511475 -0.459658 0.480306 0.0004001802 -0.0000212679 -0.0000467845 0.0000013006 0.0000024911 0.0000056379 0.0026103408 -0.0000720869 0.0000031590 0.0054118103 0.0000158089 0.0025749235
1413393940.15586 -2.629521 -0.075828 0.306633 -0.533883 -0.494707 -0.469934 0.499396 0.0004034662 -0.0000276237 -0.0000240922 0.0000020633 0.0000016538 0.0000016063 0.0026097478 -0.0000549806 0.0000030682 0.0054440183 0.0000158229 0.0025750147
1413393940.20586 -2.640818 -0.065971 0.303153 -0.524799 -0.482061 -0.478213 0.513338 0.0004042632 -0.0000314707 -0.0000062610 0.0000026231 0.0000004915 0.0000002650 0.0026092217 -0.0000472788 0.0000030150 0.0054727382 0.0000158844 0.0025750421
1413393940.25586 -2.651749 -0.064774 0.297515 -0.521809 -0.476147 -0.480085 0.520112 0.0004038446 -0.0000346748 0.0000008562 0.0000031523 -0.0000000696 0.0000001709 0.0026092924 -0.0000447775 0.0000029070 0.0054940921 0.0000158868 0.0025751518
1413393940.30586 -2.661464 -0.072679 0.291813 -0.527075 -0.480009 -0.474122 0.516713 0.0004034721 -0.0000362460 -0.0000066109 0.0000034328 0.0000005982 0.0000002784 0.0026096422 -0.0000519742 0.0000028153 0.0055139741 0.0000159273 0.0025752392
1413393940.35585 -2.669473 -0.088516 0.286025 -0.538768 -0.493740 -0.462651 0.501900 0.0004021087 -0.0000339137 -0.0000274948 0.0000030383 0.0000023240 0.0000020519 0.0026105411 -0.0000702194 0.0000027354 0.0055312387 0.0000159662 0.0025753284
1413393940.40584 -2.675438 -0.110928 0.281543 -0.554163 -0.511841 -0.447298 0.480465 0.0003968552 -0.0000299378 -0.0000554449 0.0000024379 0.0000041885 0.0000079218 0.0026121477 -0.0000955137 0.0000026802 0.0055443819 0.0000159794 0.0025754231
1413393940.45582 -2.681000 -0.141089 0.277174 -0.573040 -0.530850 -0.426218 0.456247 0.0003851212 -0.0000278068 -0.0000871870 0.0000021879 0.0000063023 0.0000199195 0.0026139887 -0.0001266513 0.0000028180 0.0055532160 0.0000162718 0.0025752546
1413393940.50582 -2.683858 -0.172084 0.271064 -0.594742 -0.550636 -0.399164 0.428661 0.0003648525 -0.0000270520 -0.0001208229 0.0000021876 0.0000089669 0.0000402038 0.0026176413 -0.0001634098 0.0000028594 0.0055623577 0.0000163272 0.0025752930
1413393940.55581 -2.686292 -0.203801 0.267291 -0.616019 -0.565700 -0.369871 0.404597 0.0003395651 -0.0000296880 -0.0001482297 0.0000027792 0.0000129705 0.0000649143 0.0026218195 -0.0001983738 0.0000029881 0.0055662060 0.0000163932 0.0025752618
1413393940.60582 -2.686309 -0.232499 0.264901 -0.634864 -0.574619 -0.343123 0.386042 0.0003147148 -0.0000342450 -0.0001668126 0.0000039120 0.0000181655 0.0000886426 0.0026263822 -0.0002310635 0.0000030994 0.0055682567 0.0000164355 0.0025751999
1413393940.65582 -2.683837 -0.256914 0.264779 -0.649562 -0.578966 -0.322044 0.373036 0.0002943223 -0.0000386038 -0.0001778491 0.0000052518 0.0000233451 0.0001077094 0.0026307325 -0.0002572762 0.0000031750 0.0055636949 0.0000164314 0.0025752024
1413393940.70583 -2.679243 -0.275720 0.267549 -0.661880 -0.578917 -0.304632 0.366018 0.0002784427 -0.0000442899 -0.0001838273 0.0000072366 0.0000292629 0.0001216179 0.0026342672 -0.0002763877 0.0000032404 0.0055525647 0.0000164405 0.0025752100
1413393940.75582 -2.670415 -0.287885 0.270756 -0.673118 -0.574328 -0.290017 0.364622 0.0002666169 -0.0000518991 -0.0001862648 0.0000102984 0.0000362866 0.0001303956 0.0026366010 -0.0002885153 0.0000033145 0.0055354095 0.0000164722 0.0025752062
1413393940.80583 -2.656578 -0.291534 0.277533 -0.678148 -0.568153 -0.285870 0.368234 0.0002645891 -0.0000572090 -0.0001853904 0.0000125689 0.0000401165 0.0001301672 0.0026372805 -0.0002912267 0.0000033374 0.0055065765 0.0000164388 0.0025752040
1413393940.85583 -2.637557 -0.287172 0.288350 -0.673332 -0.562296 -0.298609 0.375872 0.0002769908 -0.0000571126 -0.0001808770 0.0000119762 0.0000373238 0.0001183733 0.0026361439 -0.0002843891 0.0000033390 0.0054648749 0.0000163961 0.0025751819
1413393940.90583 -2.613830 -0.275964 0.302286 -0.661720 -0.558462 -0.321086 0.383603 0.0002964923 -0.0000516971 -0.0001733937 0.0000092134 0.0000302562 0.0001016489 0.0026336546 -0.0002704914 0.0000033276 0.0054138724 0.0000163274 0.0025751223
1413393940.95584 -2.587000 -0.259829 0.318017 -0.646428 -0.552652 -0.347412 0.394983 0.0003193909 -0.0000455765 -0.0001608879 0.0000067025 0.0000229756 0.0000812750 0.0026302027 -0.0002509195 0.0000033176 0.0053563272 0.0000162707 0.0025750513
1413393941.00584 -2.557247 -0.239175 0.335990 -0.628093 -0.544173 -0.376472 0.409444 0.0003434936 -0.0000390262 -0.0001424060 0.0000046328 0.0000161919 0.0000592552 0.0026263896 -0.0002281712 0.0000033080 0.0052939304 0.0000162115 0.0025749575
1413393941.05584 -2.526247 -0.218151 0.354123 -0.608984 -0.531306 -0.404275 0.428269 0.0003654538 -0.0000354128 -0.0001180055 0.0000036309 0.0000114439 0.0000383089 0.0026224241 -0.0002029007 0.0000033015 0.0052280372 0.0000161929 0.0025748544
1413393941.10584 -2.493955 -0.198771 0.372484 -0.589190 -0.518759 -0.430192 0.445734 0.0003825312 -0.0000310590 -0.0000916486 0.0000027224 0.0000074478 0.0000221546 0.0026191406 -0.0001798763 0.0000032990 0.0051614665 0.0000162125 0.0025748102
1413393941.15584 -2.460306 -0.182707 0.389856 -0.571855 -0.507416 -0.450228 0.461308 0.0003934083 -0.0000282226 -0.0000675389 0.0000022270 0.0000048501 0.0000117876 0.0026166704 -0.0001609348 0.0000032912 0.0050940159 0.0000162351 0.0025747690
1413393941.20584 -2.425984 -0.171197 0.405936 -0.557836 -0.498566 -0.464996 0.473318 0.0003995664 -0.0000259014 -0.0000481268 0.0000018832 0.0000031236 0.0000059878 0.0026150256 -0.0001472827 0.0000032768 0.0050253440 0.0000162652 0.0025747468
1413393941.25585 -2.390605 -0.164745 0.419919 -0.549917 -0.495358 -0.472287 0.478703 0.0004019583 -0.0000236256 -0.0000386013 0.0000015946 0.0000022719 0.0000038982 0.0026141004 -0.0001390531 0.0000032625 0.0049563257 0.0000162977 0.0025747388
1413393941.30586 -2.354845 -0.164491 0.430748 -0.551367 -0.501287 -0.468703 0.474366 0.0004009493 -0.0000214092 -0.0000446431 0.0000013509 0.0000023866 0.0000051636 0.0026138494 -0.0001363237 0.0000032514 0.0048864421 0.0000163304 0.0025747249
1413393941.35587 -2.319256 -0.169345 0.440218 -0.559022 -0.512143 -0.457600 0.464550 0.0003969437 -0.0000202922 -0.0000600653 0.0000012466 0.0000030733 0.0000092848 0.0026143123 -0.0001393591 0.0000032376 0.0048172231 0.0000163724 0.0025747005
1413393941.45589 -2.248031 -0.191293 0.456003 -0.583493 -0.540951 -0.422654 0.433903 0.0003773135 -0.0000191781 -0.0001042360 0.0000011883 0.0000053018 0.0000290055 0.0026170067 -0.0001552490 0.0000032687 0.0046838896 0.0000163996 0.0025747838
1413393941.50589 -2.211464 -0.206224 0.461846 -0.597223 -0.557008 -0.401679 0.414391 0.0003608639 -0.0000181430 -0.0001278655 0.0000011274 0.0000064328 0.0000455270 0.0026190066 -0.0001662715 0.0000033007 0.0046172110 0.0000163960 0.0025747469
1413393941.55590 -2.174119 -0.220646 0.467965 -0.609657 -0.571221 -0.381498 0.395582 0.0003425036 -0.0000172868 -0.0001477095 0.0000010890 0.0000074599 0.0000639348 0.0026212099 -0.0001769224 0.0000033407 0.0045504950 0.0000163864 0.0025746837
1413393941.60590 -2.136183 -0.233500 0.475609 -0.620134 -0.583176 -0.363121 0.378791 0.0003241531 -0.0000167362 -0.0001630920 0.0000010821 0.0000084261 0.0000823042 0.0026232354 -0.0001850098 0.0000034006 0.0044837219 0.0000163660 0.0025746367
1413393941.65590 -2.097524 -0.242180 0.485437 -0.627548 -0.592288 -0.349045 0.365440 0.0003089740 -0.0000159428 -0.0001733645 0.0000010421 0.0000089516 0.0000975349 0.0026247886 -0.0001897909 0.0000034638 0.0044169294 0.0000163223 0.0025745835
1413393941.70590 -2.058528 -0.246739 0.494584 -0.633886 -0.598330 -0.338626 0.354290 0.0002965392 -0.0000152136 -0.0001804022 0.0000010014 0.0000092620 0.0001100222 0.0026254304 -0.0001897405 0.0000035302 0.0043497748 0.0000162744 0.0025745531
1413393941.75589 -2.019000 -0.246869 0.501389 -0.639346 -0.602551 -0.331457 0.343955 0.0002862481 -0.0000137249 -0.0001854618 0.0000008807 0.0000088991 0.0001204463 0.0026251931 -0.0001855499 0.0000035957 0.0042836190 0.0000162178 0.0025745413
1413393941.80589 -1.978779 -0.240996 0.506618 -0.642985 -0.605103 -0.327871 0.336037 0.0002794652 -0.0000118598 -0.0001884683 0.0000007275 0.0000080044 0.0001273941 0.0026241088 -0.0001775472 0.0000036669 0.0042181938 0.0000161534 0.0025745240
1413393941.85589 -1.938232 -0.227617 0.511537 -0.643295 -0.603831 -0.331143 0.334519 0.0002806541 -0.0000102399 -0.0001880871 0.0000005994 0.0000068680 0.0001263446 0.0026217841 -0.0001638597 0.0000037372 0.0041531670 0.0000160714 0.0025744971
1413393941.90588 -1.897360 -0.208776 0.515121 -0.638516 -0.597229 -0.343453 0.343008 0.0002931199 -0.0000095317 -0.0001825342 0.0000005372 0.0000059403 0.0001139518 0.0026183998 -0.0001445673 0.0000038018 0.0040892406 0.0000159564 0.0025744374
1413393941.95587 -1.856486 -0.183463 0.519535 -0.630631 -0.587768 -0.360764 0.355925 0.0003107355 -0.0000087712 -0.0001728421 0.0000004762 0.0000048827 0.0000964089 0.0026148305 -0.0001229061 0.0000038583 0.0040261497 0.0000158521 0.0025744037
1413393942.00587 -1.815842 -0.153057 0.524864 -0.619472 -0.574990 -0.382271 0.373509 0.0003322422 -0.0000084569 -0.0001575313 0.0000004448 0.0000040130 0.0000749448 0.0026111388 -0.0000980656 0.0000039001 0.0039646274 0.0000157343 0.0025743644
1413393942.05586 -1.775108 -0.120784 0.531198 -0.604901 -0.559192 -0.407415 0.394223 0.0003551389 -0.0000080560 -0.0001357016 0.0000004131 0.0000030809 0.0000520895 0.0026078748 -0.0000718487 0.0000039152 0.0039048077 0.0000156163 0.0025743107
1413393942.10586 -1.734596 -0.087376 0.538349 -0.589451 -0.543084 -0.431927 0.413578 0.0003741186 -0.0000071395 -0.0001110119 0.0000003681 0.0000021205 0.0000331664 0.0026055520 -0.0000472243 0.0000039289 0.0038465253 0.0000155370 0.0025742961
1413393942.15586 -1.695375 -0.055689 0.545327 -0.574794 -0.528200 -0.453427 0.430140 0.0003876918 -0.0000061126 -0.0000867875 0.0000003301 0.0000013700 0.0000196473 0.0026042200 -0.0000240782 0.0000039662 0.0037905730 0.0000154504 0.0025743195
1413393942.20586 -1.656735 -0.028042 0.552815 -0.561716 -0.515257 -0.471489 0.443490 0.0003965168 -0.0000049015 -0.0000650053 0.0000002961 0.0000008050 0.0000108729 0.0026037345 -0.0000041660 0.0000039894 0.0037379255 0.0000153473 0.0025743635
1413393942.25586 -1.618929 -0.004563 0.559684 -0.552117 -0.507161 -0.484621 0.450662 0.0004009921 -0.0000024266 -0.0000500333 0.0000002517 0.0000003039 0.0000064576 0.0026038210 0.0000113793 0.0000039986 0.0036872806 0.0000152421 0.0025744034
1413393942.30586 -1.582228 0.012944 0.566792 -0.545801 -0.500960 -0.493147 0.456011 0.0004033856 -0.0000014400 -0.0000395252 0.0000002439 0.0000001422 0.0000040877 0.0026041956 0.0000228870 0.0000039936 0.0036391661 0.0000151537 0.0025744544
1413393942.35587 -1.546709 0.024071 0.573870 -0.543095 -0.498759 -0.497217 0.457233 0.0004041768 -0.0000002155 -0.0000353938 0.0000002406 0.0000000200 0.0000033152 0.0026045819 0.0000296253 0.0000039902 0.0035937142 0.0000150438 0.0025745206
1413393942.40587 -1.512646 0.028594 0.580328 -0.544857 -0.501354 -0.496030 0.453575 0.0004035099 0.0000013030 -0.0000390234 0.0000002463 -0.0000001248 0.0000039914 0.0026047791 0.0000319031 0.0000039787 0.0035509999 0.0000149329 0.0025745855
1413393942.45588 -1.480177 0.027286 0.586268 -0.551562 -0.507973 -0.489464 0.445160 0.0004009917 0.0000025403 -0.0000502264 0.0000002599 -0.0000003170 0.0000065113 0.0026047471 0.0000302293 0.0000039697 0.0035110686 0.0000148232 0.0025746679
1413393942.50588 -1.449387 0.020621 0.591814 -0.560391 -0.517452 -0.479402 0.434027 0.0003964039 0.0000039224 -0.0000656300 0.0000002844 -0.0000006483 0.0000110900 0.0026045422 0.0000256588 0.0000039641 0.0034741313 0.0000147081 0.0025747409
1413393942.55588 -1.419965 0.010197 0.596260 -0.572456 -0.529756 -0.464754 0.419113 0.0003881779 0.0000050255 -0.0000860448 0.0000003122 -0.0000011131 0.0000193032 0.0026042519 0.0000188817 0.0000039603 0.0034396233 0.0000146222 0.0025747947
1413393942.60589 -1.391637 -0.002412 0.598120 -0.587144 -0.543211 -0.446070 0.401503 0.0003754812 0.0000051688 -0.0001092150 0.0000003196 -0.0000015026 0.0000320063 0.0026040086 0.0000107755 0.0000039730 0.0034069713 0.0000145354 0.0025748202
1413393942.65589 -1.364365 -0.016614 0.598558 -0.601591 -0.555424 -0.426285 0.384544 0.0003600656 0.0000041827 -0.0001303740 0.0000002979 -0.0000015134 0.0000474572 0.0026038438 0.0000027765 0.0000039652 0.0033759913 0.0000144901 0.0025748019
1413393942.70589 -1.338668 -0.031865 0.598317 -0.613498 -0.566952 -0.408530 0.367818 0.0003436421 0.0000044705 -0.0001478597 0.0000003088 -0.0000019227 0.0000638843 0.0026038844 -0.0000053479 0.0000039896 0.0033469200 0.0000144162 0.0025748245
1413393942.75589 -1.313803 -0.045230 0.597032 -0.623604 -0.575901 -0.392442 0.354181 0.0003281791 0.0000037672 -0.0001611152 0.0000002954 -0.0000018485 0.0000793758 0.0026040700 -0.0000123397 0.0000040213 0.0033199703 0.0000143255 0.0025748608
1413393942.80588 -1.289007 -0.053820 0.593836 -0.630747 -0.583921 -0.379685 0.342103 0.0003145404 0.0000042649 -0.0001707765 0.0000003116 -0.0000023150 0.0000930136 0.0026043018 -0.0000174730 0.0000040538 0.0032940892 0.0000142130 0.0025748941
1413393942.85588 -1.265404 -0.061186 0.588123 -0.635848 -0.589604 -0.369996 0.333418 0.0003040185 0.0000043460 -0.0001771640 0.0000003177 -0.0000025322 0.0001035447 0.0026044475 -0.0000198265 0.0000040850 0.0032687854 0.0000140916 0.0025749266
1413393942.90587 -1.242171 -0.063922 0.579536 -0.639437 -0.594224 -0.362415 0.326608 0.0002956223 0.0000045618 -0.0001816613 0.0000003277 -0.0000028032 0.0001119460 0.0026045535 -0.0000211611 0.0000041103 0.0032451910 0.0000139698 0.0025749326
1413393942.95587 -1.219044 -0.060903 0.569908 -0.642080 -0.596854 -0.356657 0.322946 0.0002900177 0.0000038145 -0.0001844132 0.0000003092 -0.0000024254 0.0001175848 0.0026044611 -0.0000196348 0.0000041426 0.0032222625 0.0000138596 0.0025749571
1413393943.00587 -1.196283 -0.051998 0.560150 -0.640661 -0.596996 -0.357921 0.324103 0.0002914723 0.0000041768 -0.0001837281 0.0000003206 -0.0000026330 0.0001161343 0.0026041860 -0.0000151011 0.0000041764 0.0031997602 0.0000137574 0.0025749672
1413393943.05587 -1.174084 -0.035854 0.551589 -0.633144 -0.591649 -0.369327 0.335676 0.0003049340 0.0000042308 -0.0001766880 0.0000003211 -0.0000024516 0.0001026880 0.0026038498 -0.0000075014 0.0000042007 0.0031781780 0.0000136590 0.0025749511
1413393943.10587 -1.151583 -0.013913 0.545006 -0.621393 -0.583386 -0.387120 0.351667 0.0003239355 0.0000053208 -0.0001643446 0.0000003511 -0.0000026997 0.0000836707 0.0026036452 0.0000027502 0.0000041974 0.0031574486 0.0000135639 0.0025748918
1413393943.15587 -1.130348 0.010329 0.539857 -0.607128 -0.570993 -0.408013 0.372677 0.0003457849 0.0000050109 -0.0001459142 0.0000003371 -0.0000021140 0.0000618476 0.0026038395 0.0000144676 0.0000041952 0.0031367353 0.0000134509 0.0025747992
1413393943.20587 -1.109965 0.036721 0.536472 -0.591492 -0.558396 -0.428838 0.392974 0.0003649184 0.0000054137 -0.0001244732 0.0000003460 -0.0000018460 0.0000427190 0.0026046234 0.0000259226 0.0000041658 0.0031178753 0.0000134525 0.0025747190
1413393943.25587 -1.090746 0.062121 0.533386 -0.575793 -0.545329 -0.449356 0.411287 0.0003803811 0.0000064625 -0.0001013212 0.0000003770 -0.0000017209 0.0000272405 0.0026059824 0.0000370296 0.0000041386 0.0031001641 0.0000134453 0.0025746528
1413393943.30587 -1.072563 0.084609 0.530811 -0.563680 -0.532731 -0.464275 0.427682 0.0003907111 0.0000049677 -0.0000808369 0.0000003319 -0.0000010270 0.0000169712 0.0026077102 0.0000467241 0.0000041251 0.0030840096 0.0000134173 0.0025746228
1413393943.35586 -1.055497 0.103272 0.529013 -0.551628 -0.521646 -0.477283 0.442486 0.0003980187 0.0000039044 -0.0000613581 0.0000003086 -0.0000006010 0.0000097016 0.0026094254 0.0000542131 0.0000041011 0.0030692108 0.0000133970 0.0025745887
1413393943.40586 -1.039442 0.116061 0.527142 -0.543675 -0.512731 -0.486135 0.452987 0.0004019784 0.0000023950 -0.0000471783 0.0000002859 -0.0000002801 0.0000057783 0.0026108450 0.0000593106 0.0000040772 0.0030551785 0.0000133524 0.0025745536
1413393943.45585 -1.024482 0.124471 0.525277 -0.538653 -0.507188 -0.491562 0.459326 0.0004039049 0.0000015244 -0.0000383012 0.0000002792 -0.0000001436 0.0000038730 0.0026117021 0.0000616681 0.0000040393 0.0030423548 0.0000133109 0.0025745719
1413393943.50585 -1.010649 0.128422 0.522105 -0.540674 -0.509562 -0.489757 0.456240 0.0004031683 0.0000023257 -0.0000419803 0.0000002883 -0.0000002412 0.0000046136 0.0026121257 0.0000623938 0.0000040102 0.0030307680 0.0000132883 0.0025745654
1413393943.55584 -0.997457 0.126161 0.516853 -0.550500 -0.518973 -0.480371 0.443690 0.0003990269 0.0000040636 -0.0000582139 0.0000003178 -0.0000005920 0.0000087387 0.0026118260 0.0000605990 0.0000039846 0.0030199359 0.0000132726 0.0025745730
1413393943.60584 -0.985353 0.119803 0.511458 -0.561406 -0.529945 -0.468890 0.429097 0.0003925138 0.0000060584 -0.0000766295 0.0000003715 -0.0000011821 0.0000152112 0.0026110118 0.0000570003 0.0000039698 0.0030100409 0.0000132570 0.0025745904
1413393943.65584 -0.974301 0.110419 0.505049 -0.575992 -0.543803 -0.451819 0.410331 0.0003810335 0.0000073578 -0.0001002861 0.0000004217 -0.0000019362 0.0000266544 0.0026099575 0.0000524519 0.0000039659 0.0030011903 0.0000132425 0.0025746114
1413393943.70584 -0.963951 0.100023 0.499547 -0.590527 -0.556786 -0.434059 0.390973 0.0003664469 0.0000083392 -0.0001224722 0.0000004707 -0.0000027872 0.0000412030 0.0026088416 0.0000475122 0.0000039690 0.0029930938 0.0000132371 0.0025746231
1413393943.75583 -0.955245 0.088815 0.495178 -0.604622 -0.567751 -0.415534 0.373393 0.0003499926 0.0000076781 -0.0001417381 0.0000004501 -0.0000031094 0.0000576850 0.0026077783 0.0000428767 0.0000040109 0.0029857959 0.0000132158 0.0025746049
1413393943.80583 -0.947215 0.077834 0.491135 -0.616787 -0.577208 -0.398966 0.356696 0.0003331837 0.0000075875 -0.0001572320 0.0000004559 -0.0000035808 0.0000744996 0.0026069560 0.0000386993 0.0000040351 0.0029796170 0.0000132017 0.0025746246
1413393943.85583 -0.939855 0.069612 0.489458 -0.626645 -0.582177 -0.387964 0.343321 0.0003201004 0.0000077639 -0.0001671289 0.0000004728 -0.0000040539 0.0000875748 0.0026062966 0.0000351884 0.0000040639 0.0029735307 0.0000132019 0.0025746398
1413393943.90583 -0.932585 0.065528 0.489482 -0.635408 -0.583081 -0.381149 0.333164 0.0003107430 0.0000075231 -0.0001732773 0.0000004681 -0.0000041949 0.0000969490 0.0026060172 0.0000333824 0.0000040958 0.0029680117 0.0000131937 0.0025746686
1413393943.95583 -0.925234 0.067346 0.491925 -0.640562 -0.581259 -0.381253 0.326289 0.0003071077 0.0000089338 -0.0001754080 0.0000005474 -0.0000051026 0.0001005176 0.0026061397 0.0000338466 0.0000041328 0.0029625695 0.0000131761 0.0025746997
1413393944.00583 -0.918128 0.074627 0.497613 -0.643267 -0.572504 -0.388056 0.328419 0.0003124670 0.0000077934 -0.0001722070 0.0000004832 -0.0000042936 0.0000952344 0.0026066608 0.0000363727 0.0000041675 0.0029571349 0.0000131552 0.0025747283
1413393944.05583 -0.911293 0.086320 0.503944 -0.643749 -0.559910 -0.399773 0.335067 0.0003230073 0.0000059094 -0.0001651824 0.0000003982 -0.0000030184 0.0000847913 0.0026075366 0.0000402842 0.0000041964 0.0029520181 0.0000131281 0.0025747581
1413393944.10582 -0.904491 0.102034 0.511370 -0.644006 -0.543235 -0.412445 0.346470 0.0003360021 0.0000006870 -0.0001551114 0.0000002927 -0.0000003105 0.0000719137 0.0026089474 0.0000458695 0.0000042162 0.0029470065 0.0000130986 0.0025747813
1413393944.15583 -0.897814 0.120188 0.520268 -0.644275 -0.522688 -0.425399 0.361584 0.0003498009 -0.0000080197 -0.0001419999 0.0000004765 0.0000032658 0.0000579420 0.0026107649 0.0000521010 0.0000042232 0.0029417274 0.0000130770 0.0025747874
1413393944.20583 -0.890178 0.139042 0.529851 -0.643534 -0.500606 -0.439198 0.377310 0.0003626717 -0.0000176495 -0.0001264896 0.0000011532 0.0000061687 0.0000444045 0.0026129771 0.0000586087 0.0000042162 0.0029362530 0.0000130613 0.0025747954
1413393944.25583 -0.881563 0.157699 0.540513 -0.639963 -0.479496 -0.455878 0.390776 0.0003744418 -0.0000246033 -0.0001087825 0.0000019125 0.0000071623 0.0000318841 0.0026154114 0.0000647484 0.0000042012 0.0029299101 0.0000130390 0.0025747982
1413393944.30582 -0.871597 0.174171 0.552189 -0.635961 -0.459174 -0.472275 0.402082 0.0003836373 -0.0000307165 -0.0000909850 0.0000027569 0.0000073003 0.0000218536 0.0026178550 0.0000700329 0.0000041829 0.0029227833 0.0000130208 0.0025748123
1413393944.35582 -0.860721 0.189099 0.563292 -0.631934 -0.441560 -0.488218 0.409058 0.0003902588 -0.0000342478 -0.0000750137 0.0000033037 0.0000065987 0.0000146905 0.0026199965 0.0000739900 0.0000041556 0.0029146869 0.0000129953 0.0025748032
1413393944.40582 -0.850080 0.199301 0.572778 -0.629030 -0.428101 -0.502089 0.411045 0.0003944779 -0.0000350083 -0.0000631382 0.0000034057 0.0000056190 0.0000103759 0.0026219023 0.0000769956 0.0000041306 0.0029064150 0.0000129847 0.0025748201
1413393944.45582 -0.839901 0.205374 0.581166 -0.629019 -0.417723 -0.510851 0.410944 0.0003963935 -0.0000362865 -0.0000562465 0.0000036213 0.0000051648 0.0000082516 0.0026229231 0.0000781064 0.0000040993 0.0028989014 0.0000129770 0.0025748581
1413393944.50582 -0.829375 0.206224 0.589944 -0.631370 -0.415374 -0.517007 0.401921 0.0003970096 -0.0000314336 -0.0000570705 0.0000027884 0.0000045346 0.0000084761 0.0026231336 0.0000775916 0.0000040781 0.0028919241 0.0000129685 0.0025749191
1413393944.55582 -0.819180 0.201924 0.597078 -0.638816 -0.420209 -0.516278 0.385741 0.0003946562 -0.0000236906 -0.0000677430 0.0000017215 0.0000040828 0.0000119042 0.0026224299 0.0000753300 0.0000040620 0.0028849401 0.0000129601 0.0025749781
1413393944.60582 -0.809405 0.193791 0.603197 -0.649405 -0.428808 -0.510726 0.365452 0.0003890531 -0.0000146350 -0.0000839302 0.0000008501 0.0000031735 0.0000183888 0.0026209994 0.0000717059 0.0000040476 0.0028783809 0.0000129382 0.0025750737
1413393944.65582 -0.800348 0.183097 0.608220 -0.663061 -0.438116 -0.498971 0.345590 0.0003793935 -0.0000083325 -0.0001033118 0.0000004830 0.0000022852 0.0000284244 0.0026191723 0.0000673189 0.0000040449 0.0028723755 0.0000129169 0.0025751374
1413393944.70582 -0.791847 0.171739 0.613124 -0.677607 -0.447961 -0.483597 0.326057 0.0003661827 -0.0000033628 -0.0001232622 0.0000003313 0.0000011479 0.0000417958 0.0026172173 0.0000625965 0.0000040524 0.0028669959 0.0000128902 0.0025751752
1413393944.75582 -0.784158 0.159632 0.618576 -0.690921 -0.456105 -0.468425 0.308502 0.0003518159 0.0000003202 -0.0001402116 0.0000003007 -0.0000001122 0.0000561971 0.0026155711 0.0000583549 0.0000040579 0.0028616763 0.0000128627 0.0025751671
1413393944.80582 -0.776908 0.149088 0.625457 -0.702734 -0.462626 -0.453321 0.294350 0.0003374381 0.0000020642 -0.0001539500 0.0000003135 -0.0000009268 0.0000705694 0.0026140676 0.0000543354 0.0000040822 0.0028567903 0.0000128380 0.0025751844
1413393944.85582 -0.769564 0.140512 0.633581 -0.712076 -0.467401 -0.441026 0.282809 0.0003249540 0.0000033767 -0.0001639242 0.0000003365 -0.0000016890 0.0000830390 0.0026130354 0.0000512651 0.0000041044 0.0028518897 0.0000127982 0.0025752198
1413393944.90582 -0.761576 0.135329 0.643118 -0.719281 -0.470631 -0.431242 0.274173 0.0003148530 0.0000040287 -0.0001709077 0.0000003535 -0.0000021729 0.0000931311 0.0026124106 0.0000491198 0.0000041317 0.0028467707 0.0000127521 0.0025752566
1413393944.95582 -0.752460 0.134340 0.654269 -0.725368 -0.471127 -0.423673 0.269039 0.0003075325 0.0000030611 -0.0001754625 0.0000003327 -0.0000017323 0.0001004795 0.0026123166 0.0000482624 0.0000041681 0.0028410301 0.0000127034 0.0025752880
1413393945.00582 -0.741770 0.138645 0.668370 -0.727624 -0.468693 -0.423481 0.267497 0.0003067457 0.0000026122 -0.0001759322 0.0000003242 -0.0000014839 0.0001012761 0.0026128230 0.0000487992 0.0000042144 0.0028342932 0.0000126343 0.0025752716
1413393945.05581 -0.729058 0.148154 0.684619 -0.723386 -0.462209 -0.435058 0.271660 0.0003163767 0.0000031911 -0.0001699361 0.0000003340 -0.0000017002 0.0000916391 0.0026140575 0.0000508178 0.0000042636 0.0028266625 0.0000125819 0.0025752856
1413393945.10581 -0.714881 0.161813 0.701314 -0.714230 -0.451891 -0.455251 0.280030 0.0003329831 0.0000041274 -0.0001576885 0.0000003531 -0.0000019413 0.0000750201 0.0026159374 0.0000537961 0.0000042894 0.0028182844 0.0000125376 0.0025753717
1413393945.15581 -0.700104 0.177686 0.716630 -0.702478 -0.438246 -0.479764 0.290329 0.0003517132 0.0000046846 -0.0001402832 0.0000003641 -0.0000018553 0.0000562808 0.0026183260 0.0000572518 0.0000043119 0.0028096059 0.0000124961 0.0025754409
1413393945.20581 -0.686092 0.193804 0.729125 -0.688770 -0.422255 -0.506794 0.300760 0.0003697720 0.0000051857 -0.0001183815 0.0000003738 -0.0000016471 0.0000382126 0.0026210510 0.0000608108 0.0000043187 0.0028011461 0.0000124590 0.0025754756
1413393945.25581 -0.672318 0.208842 0.739074 -0.675343 -0.405004 -0.532702 0.310019 0.0003842598 0.0000049595 -0.0000948888 0.0000003651 -0.0000012111 0.0000237345 0.0026237255 0.0000638724 0.0000043204 0.0027938302 0.0000124714 0.0025755482
1413393945.30581 -0.660335 0.221564 0.744495 -0.664666 -0.388392 -0.554232 0.316540 0.0003938042 0.0000038276 -0.0000740455 0.0000003384 -0.0000007056 0.0000142193 0.0026261592 0.0000662621 0.0000043120 0.0027871449 0.0000124890 0.0025756104
1413393945.35581 -0.650316 0.230563 0.746120 -0.659060 -0.374133 -0.569871 0.317665 0.0003987922 0.0000030029 -0.0000597795 0.0000003249 -0.0000004354 0.0000092562 0.0026281248 0.0000679086 0.0000042878 0.0027816965 0.0000125184 0.0025757348
1413393945.40581 -0.642859 0.235884 0.743228 -0.659523 -0.362204 -0.578576 0.314781 0.0004006841 0.0000014670 -0.0000533122 0.0000003074 -0.0000001796 0.0000073884 0.0026292391 0.0000686067 0.0000042263 0.0027775325 0.0000126446 0.0025757544
1413393945.45581 -0.637914 0.238238 0.736024 -0.665125 -0.352348 -0.581287 0.309137 0.0004006170 -0.0000007320 -0.0000536022 0.0000003039 0.0000001143 0.0000074688 0.0026296211 0.0000685768 0.0000041853 0.0027750700 0.0000127100 0.0025758546
1413393945.50581 -0.635689 0.237192 0.724334 -0.677612 -0.343926 -0.575921 0.301448 0.0003980105 -0.0000050784 -0.0000622056 0.0000003677 0.0000008109 0.0000100228 0.0026294397 0.0000680613 0.0000041369 0.0027737812 0.0000127538 0.0025759552
1413393945.55581 -0.635867 0.232525 0.710419 -0.693304 -0.337709 -0.566536 0.290378 0.0003930797 -0.0000080974 -0.0000756425 0.0000004699 0.0000015763 0.0000148621 0.0026285073 0.0000668674 0.0000040834 0.0027738964 0.0000127890 0.0025760317
1413393945.60581 -0.638302 0.224791 0.696486 -0.708696 -0.333145 -0.556895 0.276826 0.0003867957 -0.0000085691 -0.0000897410 0.0000004925 0.0000020066 0.0000211329 0.0026269949 0.0000651032 0.0000040259 0.0027750643 0.0000128032 0.0025760835
1413393945.65581 -0.642044 0.214368 0.683036 -0.723330 -0.329058 -0.547808 0.261573 0.0003795901 -0.0000071194 -0.0001032526 0.0000004355 0.0000019550 0.0000284055 0.0026249801 0.0000627112 0.0000039740 0.0027773896 0.0000128088 0.0025761254
1413393945.70581 -0.647047 0.202562 0.670804 -0.737999 -0.325445 -0.537865 0.245243 0.0003709214 -0.0000047243 -0.0001168744 0.0000003606 0.0000015067 0.0000371539 0.0026227479 0.0000599265 0.0000039353 0.0027799831 0.0000127988 0.0025761080
1413393945.75581 -0.652307 0.189362 0.658794 -0.752792 -0.321363 -0.527145 0.228359 0.0003608221 -0.0000019999 -0.0001301871 0.0000003101 0.0000007390 0.0000473110 0.0026205609 0.0000569738 0.0000038847 0.0027830750 0.0000127797 0.0025761109
1413393945.80581 -0.656875 0.177366 0.647613 -0.767187 -0.316989 -0.515893 0.211650 0.0003496787 0.0000008169 -0.0001425604 0.0000002993 -0.0000003167 0.0000584713 0.0026185494 0.0000540011 0.0000038366 0.0027859539 0.0000127471 0.0025761014
1413393945.85581 -0.660674 0.166156 0.637292 -0.780622 -0.311071 -0.505386 0.196085 0.0003386351 0.0000030275 -0.0001530068 0.0000003225 -0.0000013529 0.0000694967 0.0026169299 0.0000514234 0.0000038062 0.0027881177 0.0000127189 0.0025760854
1413393945.90582 -0.663128 0.157892 0.629125 -0.790512 -0.304839 -0.499178 0.181619 0.0003304871 0.0000062487 -0.0001597180 0.0000004123 -0.0000030070 0.0000775612 0.0026156342 0.0000491327 0.0000037799 0.0027893547 0.0000126971 0.0025760825
1413393945.95582 -0.662610 0.152809 0.623734 -0.793802 -0.294202 -0.502801 0.174685 0.0003312780 0.0000067901 -0.0001590708 0.0000004312 -0.0000032490 0.0000767517 0.0026148324 0.0000477303 0.0000038018 0.0027895718 0.0000126646 0.0025760443
1413393946.00582 -0.660215 0.150761 0.621480 -0.790606 -0.282362 -0.516176 0.169636 0.0003393825 0.0000086085 -0.0001521529 0.0000005091 -0.0000038494 0.0000685751 0.0026145345 0.0000469185 0.0000037705 0.0027880022 0.0000126535 0.0025760586
1413393946.05583 -0.656020 0.151777 0.621113 -0.782997 -0.268981 -0.535165 0.167820 0.0003516835 0.0000094654 -0.0001402038 0.0000005428 -0.0000037642 0.0000562428 0.0026145811 0.0000467403 0.0000037241 0.0027858573 0.0000126242 0.0025760504
1413393946.10583 -0.651738 0.153355 0.621681 -0.772863 -0.254562 -0.556865 0.166679 0.0003648326 0.0000099336 -0.0001248834 0.0000005557 -0.0000033920 0.0000430829 0.0026149049 0.0000470641 0.0000036851 0.0027832413 0.0000126075 0.0025760480
1413393946.15583 -0.649172 0.155561 0.623341 -0.761265 -0.239283 -0.579390 0.165912 0.0003772157 0.0000095706 -0.0001071023 0.0000005259 -0.0000027096 0.0000307321 0.0026152276 0.0000473869 0.0000036286 0.0027812819 0.0000126153 0.0025760762
1413393946.20583 -0.648694 0.157487 0.624441 -0.749872 -0.223570 -0.600576 0.164369 0.0003872056 0.0000086343 -0.0000890633 0.0000004741 -0.0000019789 0.0000208003 0.0026156277 0.0000479287 0.0000035489 0.0027808588 0.0000126490 0.0025761563
1413393946.25583 -0.650147 0.159004 0.624102 -0.742478 -0.208571 -0.615857 0.161077 0.0003931858 0.0000069630 -0.0000757262 0.0000004003 -0.0000013341 0.0000148919 0.0026158065 0.0000483641 0.0000034724 0.0027819918 0.0000126588 0.0025761606
1413393946.30583 -0.655188 0.158822 0.621804 -0.741458 -0.195249 -0.623174 0.154185 0.0003952718 0.0000057898 -0.0000704214 0.0000003601 -0.0000010258 0.0000128529 0.0026160278 0.0000488300 0.0000033547 0.0027845036 0.0000126867 0.0025762540
1413393946.35583 -0.664036 0.157224 0.618164 -0.746029 -0.179731 -0.623322 0.150357 0.0003950743 -0.0000002325 -0.0000712129 0.0000002737 0.0000000469 0.0000131437 0.0026160161 0.0000491108 0.0000032307 0.0027892853 0.0000127136 0.0025763473
1413393946.40583 -0.676738 0.154023 0.613020 -0.756707 -0.164675 -0.615987 0.144348 0.0003916405 -0.0000063523 -0.0000795846 0.0000003751 0.0000012950 0.0000164824 0.0026157815 0.0000491682 0.0000031033 0.0027962855 0.0000127361 0.0025764371
1413393946.45583 -0.691765 0.149387 0.607309 -0.769107 -0.148904 -0.605799 0.138959 0.0003864206 -0.0000133509 -0.0000901568 0.0000007306 0.0000031193 0.0000213460 0.0026152466 0.0000489344 0.0000030344 0.0028049821 0.0000127706 0.0025764617
1413393946.50583 -0.709101 0.143188 0.602206 -0.782212 -0.134091 -0.594414 0.129756 0.0003796946 -0.0000172693 -0.0001020677 0.0000010536 0.0000046462 0.0000277530 0.0026145999 0.0000482564 0.0000029328 0.0028148435 0.0000128032 0.0025765499
1413393946.55583 -0.727687 0.135559 0.597344 -0.796772 -0.120095 -0.580333 0.118095 0.0003706603 -0.0000190905 -0.0001159524 0.0000012504 0.0000059752 0.0000365950 0.0026138506 0.0000472252 0.0000028394 0.0028260061 0.0000128361 0.0025766364
1413393946.60583 -0.746451 0.127054 0.593111 -0.811608 -0.108061 -0.564808 0.102988 0.0003598073 -0.0000174024 -0.0001304075 0.0000011079 0.0000063089 0.0000475948 0.0026130485 0.0000457679 0.0000027488 0.0028374276 0.0000128636 0.0025767213
1413393946.65583 -0.764737 0.118147 0.589389 -0.826293 -0.096042 -0.548380 0.085416 0.0003473703 -0.0000136344 -0.0001443736 0.0000008005 0.0000056656 0.0000603461 0.0026123526 0.0000439546 0.0000025996 0.0028487777 0.0000128893 0.0025768835
1413393946.70583 -0.780626 0.108811 0.586166 -0.839046 -0.084681 -0.533420 0.065526 0.0003351067 -0.0000073968 -0.0001560149 0.0000004273 0.0000034379 0.0000729876 0.0026117669 0.0000420105 0.0000024658 0.0028590831 0.0000128849 0.0025770128
1413393946.75583 -0.793077 0.099562 0.584073 -0.848467 -0.073148 -0.522188 0.045537 0.0003252524 -0.0000004412 -0.0001639539 0.0000002612 0.0000002121 0.0000830046 0.0026110731 0.0000397183 0.0000023252 0.0028678180 0.0000128642 0.0025771212
1413393946.80583 -0.802008 0.091970 0.585029 -0.853241 -0.059551 -0.517350 0.027988 0.0003204932 0.0000048510 -0.0001673032 0.0000003339 -0.0000025472 0.0000876962 0.0026107598 0.0000374664 0.0000021548 0.0028734907 0.0000128652 0.0025773147
1413393946.85582 -0.807207 0.085187 0.587474 -0.854013 -0.045273 -0.518124 0.012659 0.0003204172 0.0000089807 -0.0001671936 0.0000005123 -0.0000047052 0.0000875969 0.0026106510 0.0000357785 0.0000020314 0.0028769834 0.0000128355 0.0025774716
1413393946.90582 -0.808705 0.080509 0.592315 0.848983 0.031252 0.527496 0.000449 0.0003273589 0.0000121389 -0.0001619489 0.0000007113 -0.0000060265 0.0000804626 0.0026107555 0.0000342689 0.0000018525 0.0028779482 0.0000128428 0.0025777103
1413393946.95582 -0.807177 0.077212 0.598805 0.838054 0.016918 0.545208 0.011283 0.0003404696 0.0000137567 -0.0001509510 0.0000008172 -0.0000061212 0.0000672521 0.0026110634 0.0000333548 0.0000016657 0.0028769252 0.0000128228 0.0025779263
1413393947.00581 -0.805409 0.073176 0.604566 0.821687 0.002560 0.569555 0.020763 0.0003572894 0.0000140267 -0.0001338389 0.0000008079 -0.0000052757 0.0000504401 0.0026112408 0.0000326753 0.0000014272 0.0028744786 0.0000127629 0.0025780644
1413393947.05581 -0.801841 0.071510 0.608826 0.804659 -0.011608 0.592859 0.030140 0.0003719523 0.0000134288 -0.0001150061 0.0000007383 -0.0000041725 0.0000358463 0.0026112712 0.0000315349 0.0000011893 0.0028732261 0.0000127387 0.0025782410
1413393947.10581 -0.811294 0.068756 0.608639 0.788889 -0.025553 0.612688 0.040185 0.0003827017 0.0000122678 -0.0000976114 0.0000006217 -0.0000031416 0.0000251596 0.0026092720 0.0000306330 0.0000010927 0.0028710524 0.0000126739 0.0025781913
1413393947.15581 -0.810283 0.069687 0.605054 0.777740 -0.040269 0.625326 0.049665 0.0003892082 0.0000106189 -0.0000848666 0.0000005171 -0.0000023282 0.0000187599 0.0026092529 0.0000304001 0.0000010097 0.0028792410 0.0000127342 0.0025782695
1413393947.20581 -0.811348 0.072185 0.596304 0.772117 -0.055261 0.630287 0.059325 0.0003917646 0.0000086749 -0.0000793095 0.0000004188 -0.0000017697 0.0000163049 0.0026096347 0.0000311553 0.0000008435 0.0028805348 0.0000127480 0.0025783992
1413393947.25581 -0.815731 0.075900 0.583924 0.768956 -0.070085 0.631692 0.068992 0.0003927961 0.0000069418 -0.0000770092 0.0000003473 -0.0000013748 0.0000153421 0.0026100067 0.0000325895 0.0000007944 0.0028836023 0.0000127960 0.0025784346
1413393947.30581 -0.823628 0.080646 0.568569 0.767503 -0.085489 0.630432 0.078657 0.0003928021 0.0000050798 -0.0000771611 0.0000002894 -0.0000010121 0.0000153979 0.0026106071 0.0000345225 0.0000006661 0.0028885859 0.0000128266 0.0025785436
1413393947.35581 -0.834181 0.086401 0.550408 0.765801 -0.101536 0.628893 0.087935 0.0003927297 0.0000027248 -0.0000774748 0.0000002414 -0.0000005518 0.0000155205 0.0026112348 0.0000369837 0.0000006238 0.0028960738 0.0000128685 0.0025785741
1413393947.40581 -0.847952 0.093290 0.529948 0.765317 -0.119537 0.625350 0.094547 0.0003916999 -0.0000019987 -0.0000799741 0.0000002321 0.0000003935 0.0000165625 0.0026121052 0.0000399519 0.0000005114 0.0029052967 0.0000128905 0.0025786728
1413393947.45581 -0.862898 0.101520 0.505166 0.766976 -0.142129 0.618513 0.094806 0.0003884832 -0.0000121614 -0.0000863190 0.0000005977 0.0000026895 0.0000194100 0.0026123511 0.0000432929 0.0000008785 0.0029168458 0.0000129802 0.0025783023
1413393947.50581 -0.880313 0.110163 0.479539 0.769212 -0.166192 0.609916 0.093247 0.0003833878 -0.0000235069 -0.0000943488 0.0000016578 0.0000057731 0.0000234479 0.0026134085 0.0000472497 0.0000008345 0.0029293813 0.0000129946 0.0025783474
1413393947.55581 -0.897595 0.118816 0.452663 0.770454 -0.189998 0.601603 0.091515 0.0003775176 -0.0000343911 -0.0001017070 0.0000033467 0.0000092560 0.0000276284 0.0026140683 0.0000513019 0.0000010524 0.0029440249 0.0000130267 0.0025781826
1413393947.60581 -0.919206 0.125671 0.427708 0.771279 -0.213886 0.592655 0.090234 0.0003704606 -0.0000444834 -0.0001093123 0.0000055564 0.0000131184 0.0000324832 0.0026152065 0.0000551581 0.0000009934 0.0029585739 0.0000130724 0.0025783245
1413393947.65581 -0.942696 0.130991 0.403255 0.773570 -0.237021 0.580842 0.089626 0.0003614573 -0.0000525186 -0.0001186913 0.0000078461 0.0000172409 0.0000392046 0.0026159957 0.0000585070 0.0000010210 0.0029767657 0.0000131339 0.0025784593
1413393947.70581 -0.962405 0.134048 0.378371 0.778599 -0.256536 0.565092 0.092967 0.0003513277 -0.0000549615 -0.0001300510 0.0000088089 0.0000203443 0.0000483735 0.0026159614 0.0000609542 0.0000013144 0.0029966187 0.0000132100 0.0025784120
1413393947.75581 -0.987899 0.133693 0.357824 0.784130 -0.271653 0.548277 0.103614 0.0003425388 -0.0000506905 -0.0001409904 0.0000077052 0.0000208658 0.0000582676 0.0026154264 0.0000619787 0.0000016918 0.0030132411 0.0000132930 0.0025782917
1413393947.80581 -1.013978 0.129923 0.338677 0.789309 -0.281892 0.532038 0.120266 0.0003362635 -0.0000408469 -0.0001499371 0.0000051617 0.0000182137 0.0000670935 0.0026149053 0.0000618826 0.0000019183 0.0030348636 0.0000133543 0.0025783629
1413393947.85581 -1.038528 0.122194 0.322079 0.792003 -0.288742 0.519155 0.140843 0.0003333480 -0.0000283256 -0.0001552856 0.0000026038 0.0000131928 0.0000725765 0.0026141133 0.0000601634 0.0000021032 0.0030566352 0.0000134455 0.0025784467
1413393947.90581 -1.062649 0.111879 0.308536 0.791534 -0.294749 0.510455 0.161344 0.0003329769 -0.0000168263 -0.0001572685 0.0000010464 0.0000079416 0.0000745194 0.0026132666 0.0000566744 0.0000021652 0.0030768029 0.0000135644 0.0025786764
1413393947.95581 -1.084621 0.099259 0.297234 0.787748 -0.299325 0.506828 0.181613 0.0003359676 -0.0000064497 -0.0001555648 0.0000003197 0.0000029774 0.0000722701 0.0026123739 0.0000520457 0.0000022451 0.0030965432 0.0000136983 0.0025789365
1413393948.00581 -1.103450 0.084671 0.288847 0.780911 -0.297278 0.508480 0.207970 0.0003438644 0.0000083879 -0.0001484343 0.0000004010 -0.0000036341 0.0000643059 0.0026115086 0.0000462078 0.0000023437 0.0031142451 0.0000138326 0.0025791680
1413393948.05581 -1.118603 0.069451 0.282744 0.772878 -0.294397 0.511683 0.232746 0.0003515498 0.0000221452 -0.0001393251 0.0000015907 -0.0000087902 0.0000554336 0.0026105223 0.0000400509 0.0000025169 0.0031288355 0.0000138648 0.0025792723
1413393948.10581 -1.131523 0.055632 0.277124 0.765003 -0.293214 0.514481 0.253191 0.0003573882 0.0000326702 -0.0001307079 0.0000031781 -0.0000119605 0.0000480088 0.0026094836 0.0000338581 0.0000024965 0.0031403968 0.0000139704 0.0025793540
1413393948.15581 -1.140190 0.041633 0.271287 0.756203 -0.295912 0.518872 0.267143 0.0003629261 0.0000373595 -0.0001226124 0.0000040354 -0.0000126322 0.0000416210 0.0026089571 0.0000285449 0.0000025601 0.0031502421 0.0000140581 0.0025794578
1413393948.20581 -1.147196 0.029895 0.263446 0.746075 -0.300610 0.525748 0.276758 0.0003691543 0.0000376152 -0.0001140328 0.0000040154 -0.0000116297 0.0000354158 0.0026081837 0.0000229655 0.0000024328 0.0031561413 0.0000140496 0.0025790777
1413393948.25581 -1.150119 0.022410 0.262965 0.735173 -0.306411 0.534068 0.283558 0.0003755444 0.0000350495 -0.0001050937 0.0000034392 -0.0000098144 0.0000295839 0.0026069464 0.0000190334 0.0000020398 0.0031604045 0.0000138675 0.0025782652
1413393948.30581 -1.154975 0.017858 0.259202 0.723307 -0.313869 0.544260 0.286522 0.0003819196 0.0000286954 -0.0000960693 0.0000023208 -0.0000072231 0.0000243356 0.0026067821 0.0000169736 0.0000020126 0.0031618540 0.0000138764 0.0025781814
1413393948.35581 -1.159297 0.015553 0.255345 0.710496 -0.320566 0.555391 0.289784 0.0003881051 0.0000221481 -0.0000856155 0.0000014252 -0.0000048905 0.0000190525 0.0026066305 0.0000162950 0.0000019619 0.0031663147 0.0000138370 0.0025779860
1413393948.40581 -1.164227 0.016941 0.253126 0.698324 -0.326223 0.565017 0.294412 0.0003930965 0.0000169919 -0.0000753325 0.0000008942 -0.0000032605 0.0000145999 0.0026066648 0.0000168218 0.0000019403 0.0031709653 0.0000138530 0.0025779169
1413393948.45581 -1.169810 0.022633 0.251817 0.688800 -0.332539 0.571296 0.297646 0.0003961242 0.0000119960 -0.0000683464 0.0000005202 -0.0000020741 0.0000119536 0.0026066673 0.0000192942 0.0000019204 0.0031765919 0.0000138536 0.0025777987
1413393948.50581 -1.177264 0.031687 0.249697 0.682359 -0.339951 0.573344 0.300160 0.0003973740 0.0000079122 -0.0000653936 0.0000003137 -0.0000013063 0.0000109216 0.0026069967 0.0000239043 0.0000019159 0.0031832218 0.0000138649 0.0025777330
1413393948.55581 -1.186235 0.044230 0.246713 0.681329 -0.350486 0.569168 0.298325 0.0003959103 0.0000029670 -0.0000699891 0.0000001776 -0.0000005285 0.0000125329 0.0026075554 0.0000302826 0.0000019177 0.0031921318 0.0000138669 0.0025776573
1413393948.60581 -1.195911 0.058741 0.243004 0.686430 -0.361806 0.556988 0.296099 0.0003913020 0.0000013257 -0.0000815655 0.0000001563 -0.0000002790 0.0000171610 0.0026082604 0.0000381389 0.0000019772 0.0032021787 0.0000137551 0.0025774402
1413393948.65581 -1.207085 0.075967 0.238582 0.695549 -0.374731 0.538540 0.292852 0.0003831118 0.0000013958 -0.0000982547 0.0000001567 -0.0000003607 0.0000253606 0.0026093445 0.0000464075 0.0000019929 0.0032124849 0.0000137398 0.0025773522
1413393948.70581 -1.219480 0.095872 0.234917 0.704742 -0.387400 0.518955 0.289733 0.0003731293 0.0000023571 -0.0001145661 0.0000001662 -0.0000007268 0.0000353421 0.0026109532 0.0000567092 0.0000020185 0.0032247172 0.0000137268 0.0025772725
1413393948.75581 -1.232419 0.116963 0.231013 0.712831 -0.400122 0.499268 0.287238 0.0003620503 0.0000037489 -0.0001293799 0.0000001897 -0.0000013432 0.0000464048 0.0026130324 0.0000679908 0.0000020502 0.0032376887 0.0000137187 0.0025772071
1413393948.80581 -1.244569 0.137310 0.227717 0.718736 -0.413262 0.481353 0.284488 0.0003509379 0.0000041465 -0.0001418546 0.0000001999 -0.0000016803 0.0000575161 0.0026154516 0.0000793312 0.0000020803 0.0032502306 0.0000137507 0.0025771908
1413393948.85581 -1.255494 0.156187 0.225259 0.721762 -0.427143 0.466475 0.281085 0.0003407364 0.0000026451 -0.0001517370 0.0000001712 -0.0000011820 0.0000677529 0.0026179471 0.0000897658 0.0000021175 0.0032613927 0.0000137667 0.0025771660
1413393948.90580 -1.264590 0.172514 0.225602 0.720994 -0.439870 0.456227 0.280248 0.0003340128 0.0000009517 -0.0001575546 0.0000001536 -0.0000004531 0.0000745040 0.0026203538 0.0000988757 0.0000021485 0.0032710834 0.0000137900 0.0025771581
1413393948.95580 -1.272636 0.187003 0.227126 0.716590 -0.451337 0.450703 0.282241 0.0003312887 -0.0000009151 -0.0001597689 0.0000001538 0.0000004373 0.0000772378 0.0026227145 0.0001071348 0.0000021777 0.0032795462 0.0000138170 0.0025771672
1413393949.00580 -1.279429 0.199215 0.230536 0.706929 -0.459620 0.452430 0.290360 0.0003356205 -0.0000020353 -0.0001562245 0.0000001638 0.0000009435 0.0000729037 0.0026248079 0.0001140360 0.0000022044 0.0032867835 0.0000138406 0.0025771732
1413393949.05580 -1.285494 0.209355 0.235533 0.696089 -0.464268 0.455860 0.303491 0.0003429754 -0.0000003402 -0.0001497558 0.0000001519 0.0000001442 0.0000655691 0.0026266822 0.0001199704 0.0000022308 0.0032933750 0.0000138618 0.0025771788
1413393949.10580 -1.290192 0.216339 0.242595 0.682996 -0.468064 0.461639 0.318311 0.0003521430 0.0000009602 -0.0001407190 0.0000001543 -0.0000003882 0.0000564077 0.0026280746 0.0001242283 0.0000022511 0.0032986666 0.0000138837 0.0025771849
1413393949.15580 -1.294431 0.222953 0.250946 0.669642 -0.470315 0.467473 0.334443 0.0003613699 0.0000030592 -0.0001303173 0.0000001772 -0.0000011077 0.0000471651 0.0026292796 0.0001278189 0.0000022689 0.0033030817 0.0000139042 0.0025771742
1413393949.20580 -1.299729 0.231096 0.260286 0.655470 -0.472462 0.474047 0.349884 0.0003701576 0.0000040985 -0.0001189072 0.0000001937 -0.0000013199 0.0000383618 0.0026307595 0.0001323938 0.0000023011 0.0033075437 0.0000139151 0.0025771261
1413393949.25580 -1.303091 0.238474 0.268613 0.641924 -0.475193 0.479525 0.363567 0.0003773357 0.0000042654 -0.0001082024 0.0000001967 -0.0000012261 0.0000311884 0.0026326205 0.0001376636 0.0000023196 0.0033130598 0.0000139318 0.0025771118
1413393949.30580 -1.305860 0.246437 0.278146 0.627927 -0.476364 0.485374 0.378414 0.0003843882 0.0000050217 -0.0000959821 0.0000002133 -0.0000012564 0.0000241239 0.0026344291 0.0001424920 0.0000023296 0.0033163730 0.0000139483 0.0025770833
1413393949.35580 -1.308654 0.256530 0.287064 0.614635 -0.478758 0.490246 0.390734 0.0003897064 0.0000042949 -0.0000853131 0.0000001951 -0.0000009426 0.0000188312 0.0026366965 0.0001482362 0.0000023503 0.0033192986 0.0000139555 0.0025770595
1413393949.40580 -1.311059 0.269045 0.295793 0.600719 -0.481128 0.495711 0.402396 0.0003945187 0.0000025355 -0.0000740609 0.0000001635 -0.0000004780 0.0000140556 0.0026397453 0.0001557060 0.0000023776 0.0033223685 0.0000139560 0.0025770266
1413393949.45580 -1.313505 0.284765 0.303833 0.587328 -0.485126 0.501087 0.410621 0.0003979249 -0.0000015880 -0.0000646808 0.0000001535 0.0000002563 0.0000106645 0.0026435874 0.0001645407 0.0000024031 0.0033249897 0.0000139541 0.0025769936
1413393949.50580 -1.316382 0.304451 0.310204 0.576895 -0.493557 0.504272 0.411465 0.0003987089 -0.0000093242 -0.0000616200 0.0000003654 0.0000014396 0.0000096736 0.0026486202 0.0001754926 0.0000024285 0.0033280418 0.0000139541 0.0025769636
1413393949.55580 -1.319699 0.327691 0.314008 0.572576 -0.507650 0.501966 0.403086 0.0003955681 -0.0000193304 -0.0000687267 0.0000010922 0.0000033576 0.0000120918 0.0026550480 0.0001886851 0.0000024560 0.0033318196 0.0000139496 0.0025769339
1413393949.60580 -1.323875 0.353965 0.316447 0.571297 -0.522777 0.497232 0.391259 0.0003900834 -0.0000290849 -0.0000794962 0.0000023163 0.0000059275 0.0000163534 0.0026629331 0.0002039732 0.0000024934 0.0033368269 0.0000139157 0.0025768931
1413393949.65580 -1.329539 0.383196 0.318597 0.571500 -0.536821 0.492102 0.378215 0.0003831882 -0.0000380122 -0.0000907532 0.0000039191 0.0000090040 0.0000216484 0.0026720513 0.0002205901 0.0000025243 0.0033430231 0.0000139069 0.0025768628
1413393949.70580 -1.337533 0.414259 0.320506 0.570511 -0.551079 0.488429 0.363685 0.0003750087 -0.0000482901 -0.0001010406 0.0000063676 0.0000130140 0.0000273810 0.0026826502 0.0002390153 0.0000025571 0.0033518545 0.0000138983 0.0025768319
1413393949.75580 -1.348477 0.446279 0.323032 0.567231 -0.565028 0.486121 0.350255 0.0003665708 -0.0000588195 -0.0001090478 0.0000095886 0.0000175024 0.0000325989 0.0026943835 0.0002587171 0.0000025919 0.0033641286 0.0000138921 0.0025768028
1413393949.80580 -1.362496 0.477259 0.326261 0.562058 -0.578524 0.485158 0.337672 0.0003579731 -0.0000694907 -0.0001150567 0.0000136407 0.0000223420 0.0000371417 0.0027071379 0.0002797604 0.0000026197 0.0033804034 0.0000138903 0.0025767615
1413393949.85580 -1.381484 0.509233 0.330244 0.553966 -0.592176 0.486234 0.325615 0.0003490565 -0.0000811947 -0.0001188882 0.0000190398 0.0000276643 0.0000406555 0.0027199478 0.0003008705 0.0000026596 0.0034011411 0.0000138757 0.0025767318
1413393949.90580 -1.405467 0.540787 0.334625 0.546979 -0.604330 0.486295 0.314827 0.0003401438 -0.0000906973 -0.0001224843 0.0000243395 0.0000326716 0.0000442703 0.0027337932 0.0003239939 0.0000026956 0.0034287223 0.0000138889 0.0025767207
1413393949.95580 -1.434999 0.570965 0.340144 0.541069 -0.614126 0.486414 0.305769 0.0003323162 -0.0000981768 -0.0001251212 0.0000291627 0.0000369791 0.0000472756 0.0027480661 0.0003486028 0.0000027320 0.0034633554 0.0000139071 0.0025767143
1413393950.00580 -1.471035 0.598661 0.347723 0.538524 -0.620786 0.483331 0.301676 0.0003273052 -0.0001005918 -0.0001281956 0.0000310747 0.0000394145 0.0000503778 0.0027614428 0.0003735581 0.0000027621 0.0035065902 0.0000139454 0.0025767211
1413393950.05580 -1.513694 0.623094 0.356432 0.543952 -0.621265 0.473359 0.306721 0.0003279964 -0.0000931246 -0.0001330837 0.0000265978 0.0000378002 0.0000541673 0.0027740716 0.0003994519 0.0000027850 0.0035592747 0.0000140038 0.0025767234
1413393950.10580 -1.562369 0.647459 0.367416 0.556235 -0.615442 0.456977 0.320945 0.0003334027 -0.0000758016 -0.0001388259 0.0000173884 0.0000315755 0.0000579761 0.0027868288 0.0004273468 0.0000028020 0.0036211314 0.0000140937 0.0025767610
1413393950.15580 -1.615521 0.669937 0.378552 0.570719 -0.610288 0.437287 0.332578 0.0003346281 -0.0000569727 -0.0001464812 0.0000098516 0.0000249490 0.0000642943 0.0027992967 0.0004565181 0.0000028125 0.0036908796 0.0000142021 0.0025768048
1413393950.20579 -1.671852 0.689648 0.390266 0.585228 -0.603768 0.417690 0.344249 0.0003342664 -0.0000374833 -0.0001529514 0.0000043532 0.0000171578 0.0000701626 0.0028108114 0.0004858612 0.0000028192 0.0037670412 0.0000143229 0.0025768590
1413393950.25579 -1.729313 0.705929 0.401862 0.598875 -0.597018 0.398867 0.354716 0.0003318493 -0.0000189219 -0.0001583204 0.0000012267 0.0000090307 0.0000757112 0.0028208876 0.0005147553 0.0000028414 0.0038479965 0.0000144394 0.0025768796
1413393950.30579 -1.787389 0.719483 0.413820 0.608489 -0.592488 0.384228 0.362033 0.0003284113 -0.0000053924 -0.0001620556 0.0000002367 0.0000026616 0.0000801487 0.0028288860 0.0005412699 0.0000028352 0.0039316597 0.0000145732 0.0025769399
1413393950.35579 -1.844586 0.730227 0.423986 0.613242 -0.592063 0.375712 0.363643 0.0003246298 0.0000003917 -0.0001649786 0.0000001493 -0.0000001995 0.0000840279 0.0028355563 0.0005663843 0.0000028211 0.0040172844 0.0000147144 0.0025770077
1413393950.40579 -1.900642 0.737790 0.431949 0.615065 -0.593095 0.371382 0.363330 0.0003220251 0.0000023260 -0.0001668396 0.0000001661 -0.0000012058 0.0000866259 0.0028404423 0.0005892766 0.0000027969 0.0041039877 0.0000148637 0.0025770810
1413393950.45579 -1.955386 0.742698 0.438044 0.614732 -0.594046 0.370238 0.363506 0.0003214840 0.0000025577 -0.0001672256 0.0000001702 -0.0000013311 0.0000871736 0.0028434932 0.0006096013 0.0000027638 0.0041910985 0.0000150239 0.0025771603
1413393950.50579 -2.009091 0.743307 0.442523 0.611180 -0.594444 0.373819 0.365178 0.0003244224 0.0000007118 -0.0001651566 0.0000001520 -0.0000003625 0.0000842655 0.0028448001 0.0006273432 0.0000027220 0.0042786479 0.0000151814 0.0025772548
1413393950.55579 -2.061900 0.740118 0.444991 0.606211 -0.593592 0.379506 0.368960 0.0003295877 -0.0000011669 -0.0001612829 0.0000001551 0.0000005714 0.0000791093 0.0028432384 0.0006409651 0.0000026706 0.0043673671 0.0000153398 0.0025773524
1413393950.60579 -2.113190 0.732619 0.445525 0.600492 -0.590732 0.386882 0.375191 0.0003368224 -0.0000024005 -0.0001553927 0.0000001678 0.0000011084 0.0000718731 0.0028395614 0.0006512861 0.0000026301 0.0044564476 0.0000154640 0.0025774398
1413393950.65579 -2.161956 0.719870 0.442903 0.593863 -0.587045 0.395417 0.382556 0.0003449821 -0.0000037055 -0.0001480343 0.0000001888 0.0000015911 0.0000637019 0.0028331343 0.0006576256 0.0000026814 0.0045449500 0.0000154769 0.0025774941
1413393950.70579 -2.211937 0.708093 0.438997 0.587724 -0.582949 0.403185 0.390118 0.0003524656 -0.0000043750 -0.0001405432 0.0000002042 0.0000017456 0.0000562174 0.0028247095 0.0006585342 0.0000026243 0.0046311501 0.0000156095 0.0025775950
1413393950.75579 -2.261377 0.695330 0.432774 0.583726 -0.579333 0.407980 0.396471 0.0003577515 -0.0000037694 -0.0001347896 0.0000001904 0.0000014210 0.0000509600 0.0028176198 0.0006610681 0.0000025653 0.0047218810 0.0000157487 0.0025777105
1413393950.80579 -2.310306 0.682630 0.423442 0.580644 -0.576538 0.410839 0.402078 0.0003616389 -0.0000026091 -0.0001302805 0.0000001703 0.0000009404 0.0000471086 0.0028107031 0.0006629248 0.0000024984 0.0048136572 0.0000158925 0.0025778359
1413393950.85579 -2.358307 0.668785 0.410119 0.578622 -0.574332 0.412746 0.406177 0.0003643189 -0.0000015439 -0.0001270119 0.0000001578 0.0000005380 0.0000444547 0.0028034358 0.0006636734 0.0000024555 0.0049057613 0.0000160220 0.0025779526
1413393950.90579 -2.405373 0.654506 0.394211 0.579098 -0.572049 0.410933 0.410536 0.0003654523 0.0000020738 -0.0001255835 0.0000001636 -0.0000007137 0.0000433308 0.0027959736 0.0006629153 0.0000024172 0.0049985291 0.0000161339 0.0025780684
1413393950.95579 -2.451978 0.641013 0.377155 0.581888 -0.568552 0.405352 0.416946 0.0003656182 0.0000093968 -0.0001250550 0.0000003940 -0.0000032164 0.0000429499 0.0027886455 0.0006610154 0.0000023479 0.0050906850 0.0000162760 0.0025782075
1413393951.00579 -2.496075 0.626734 0.359513 0.586270 -0.565322 0.398151 0.422107 0.0003642976 0.0000172605 -0.0001259311 0.0000009712 -0.0000059705 0.0000437105 0.0027818427 0.0006590584 0.0000022953 0.0051820798 0.0000164094 0.0025783435
1413393951.05579 -2.538211 0.611870 0.342060 0.589692 -0.563534 0.392185 0.425304 0.0003626043 0.0000229199 -0.0001271824 0.0000016031 -0.0000080440 0.0000447892 0.0027747642 0.0006549082 0.0000022247 0.0052690606 0.0000165514 0.0025785014
1413393951.10579 -2.577026 0.595337 0.324850 0.590184 -0.565334 0.390506 0.423776 0.0003612502 0.0000225489 -0.0001289308 0.0000015617 -0.0000080526 0.0000461974 0.0027667500 0.0006495825 0.0000023880 0.0053519410 0.0000164408 0.0025785624
1413393951.15579 -2.614942 0.579950 0.309902 0.588109 -0.567402 0.393092 0.421500 0.0003616985 0.0000190950 -0.0001289634 0.0000011628 -0.0000068127 0.0000461649 0.0027584618 0.0006401146 0.0000023751 0.0054294698 0.0000165030 0.0025787008
1413393951.20579 -2.650548 0.563845 0.295948 0.585339 -0.569693 0.396140 0.419407 0.0003624318 0.0000152402 -0.0001286006 0.0000007962 -0.0000054116 0.0000458149 0.0027510114 0.0006315411 0.0000023908 0.0055066844 0.0000165351 0.0025788185
1413393951.25579 -2.683991 0.546821 0.282850 0.582380 -0.571824 0.399221 0.417700 0.0003632748 0.0000115207 -0.0001279674 0.0000005211 -0.0000040618 0.0000452623 0.0027429914 0.0006217116 0.0000024465 0.0055802843 0.0000165256 0.0025789162
1413393951.30579 -2.715983 0.530670 0.271380 0.580007 -0.573937 0.400853 0.416538 0.0003636124 0.0000088700 -0.0001277808 0.0000003730 -0.0000031203 0.0000450902 0.0027352754 0.0006096916 0.0000024631 0.0056508632 0.0000165430 0.0025790300
1413393951.35579 -2.746563 0.514524 0.261265 0.578391 -0.576214 0.401136 0.415368 0.0003633009 0.0000069965 -0.0001283056 0.0000002924 -0.0000024740 0.0000454998 0.0027282917 0.0005982201 0.0000024737 0.0057192869 0.0000165650 0.0025791384
1413393951.40579 -2.776006 0.498265 0.252544 0.578036 -0.578940 0.399309 0.413830 0.0003618378 0.0000061420 -0.0001301577 0.0000002629 -0.0000022126 0.0000470070 0.0027208535 0.0005864314 0.0000026776 0.0057854211 0.0000164616 0.0025791409
1413393951.45579 -2.803765 0.481524 0.243725 0.579254 -0.582031 0.395111 0.411817 0.0003590318 0.0000065484 -0.0001334793 0.0000002793 -0.0000024381 0.0000498145 0.0027142348 0.0005734077 0.0000026628 0.0058502301 0.0000165047 0.0025792695
1413393951.50579 -2.830167 0.464286 0.233869 0.581001 -0.584989 0.390630 0.409431 0.0003558527 0.0000071185 -0.0001370657 0.0000003035 -0.0000027458 0.0000529872 0.0027075597 0.0005589219 0.0000026416 0.0059113055 0.0000165439 0.0025793860
1413393951.55579 -2.855798 0.446075 0.222003 0.582482 -0.587412 0.386441 0.407830 0.0003531090 0.0000080015 -0.0001400077 0.0000003436 -0.0000031769 0.0000557084 0.0027006184 0.0005423879 0.0000026168 0.0059699292 0.0000165783 0.0025794940
1413393951.60579 -2.879573 0.426445 0.208317 0.583389 -0.588856 0.383083 0.407619 0.0003513837 0.0000092367 -0.0001417606 0.0000004064 -0.0000037312 0.0000573886 0.0026934927 0.0005238783 0.0000025978 0.0060272791 0.0000166128 0.0025796051
1413393951.65580 -2.904092 0.406493 0.194631 0.582877 -0.589100 0.381865 0.409140 0.0003515368 0.0000102190 -0.0001415487 0.0000004617 -0.0000041202 0.0000571931 0.0026860662 0.0005035303 0.0000026585 0.0060803336 0.0000166356 0.0025796228
1413393951.70580 -2.925632 0.385019 0.179114 0.581993 -0.587890 0.381382 0.412573 0.0003529319 0.0000120442 -0.0001399569 0.0000005770 -0.0000047822 0.0000556982 0.0026792383 0.0004832593 0.0000026850 0.0061360950 0.0000166657 0.0025797069
1413393951.75580 -2.945689 0.362861 0.162007 0.580866 -0.586586 0.380818 0.416521 0.0003544999 0.0000140875 -0.0001381001 0.0000007272 -0.0000054944 0.0000539965 0.0026723296 0.0004601810 0.0000026953 0.0061847887 0.0000166892 0.0025797922
1413393951.80580 -2.964131 0.339335 0.144255 0.578162 -0.586265 0.382200 0.419458 0.0003565810 0.0000140363 -0.0001358285 0.0000007213 -0.0000053532 0.0000519375 0.0026653559 0.0004346679 0.0000027158 0.0062294059 0.0000167110 0.0025798864
1413393951.85580 -2.979653 0.313712 0.127064 0.574638 -0.586544 0.384386 0.421906 0.0003588230 0.0000129606 -0.0001333939 0.0000006378 -0.0000048246 0.0000497871 0.0026582167 0.0004070860 0.0000027712 0.0062700941 0.0000167403 0.0025799083
1413393951.90580 -2.994722 0.288213 0.110081 0.571639 -0.587272 0.385680 0.423782 0.0003603552 0.0000120489 -0.0001317051 0.0000005742 -0.0000044101 0.0000483342 0.0026513727 0.0003763524 0.0000027861 0.0063040876 0.0000167457 0.0025800342
1413393951.95580 -3.008299 0.261904 0.094083 0.568901 -0.588584 0.386545 0.424857 0.0003613194 0.0000108667 -0.0001306769 0.0000004998 -0.0000039364 0.0000474597 0.0026451216 0.0003454305 0.0000028020 0.0063374561 0.0000167519 0.0025801583
1413393952.00580 -3.020130 0.234168 0.079135 0.566355 -0.589491 0.387153 0.426445 0.0003623863 0.0000101879 -0.0001294543 0.0000004610 -0.0000036459 0.0000464429 0.0026392127 0.0003133179 0.0000028074 0.0063672023 0.0000167726 0.0025802410
1413393952.05580 -3.031157 0.206192 0.065903 0.563968 -0.590494 0.387328 0.428059 0.0003632638 0.0000097664 -0.0001284278 0.0000004382 -0.0000034592 0.0000456030 0.0026337327 0.0002794284 0.0000028033 0.0063929792 0.0000167905 0.0025802930
1413393952.10580 -3.040407 0.178358 0.054448 0.560959 -0.591899 0.388999 0.428556 0.0003642794 0.0000078166 -0.0001273153 0.0000003451 -0.0000027380 0.0000446958 0.0026289173 0.0002449363 0.0000027997 0.0064165522 0.0000167914 0.0025804161
1413393952.15580 -3.048300 0.150618 0.046322 0.559076 -0.592491 0.388774 0.430399 0.0003650428 0.0000079191 -0.0001263627 0.0000003509 -0.0000027476 0.0000439412 0.0026248311 0.0002109167 0.0000027900 0.0064366834 0.0000167942 0.0025805261
1413393952.20580 -3.055041 0.122967 0.041658 0.556372 -0.594430 0.389911 0.430200 0.0003655145 0.0000058317 -0.0001258920 0.0000002738 -0.0000020146 0.0000435605 0.0026213713 0.0001767309 0.0000027716 0.0064529915 0.0000167990 0.0025806220
1413393952.25580 -3.060540 0.095948 0.040042 0.553577 -0.596216 0.391464 0.429924 0.0003660981 0.0000035418 -0.0001252435 0.0000002166 -0.0000012174 0.0000430472 0.0026185744 0.0001431105 0.0000027464 0.0064670448 0.0000168152 0.0025807070
1413393952.30580 -3.064924 0.068714 0.042131 0.552159 -0.597331 0.392630 0.429136 0.0003662655 0.0000018498 -0.0001250765 0.0000001931 -0.0000006372 0.0000429144 0.0026163996 0.0001101134 0.0000027131 0.0064781439 0.0000168390 0.0025807730
1413393952.35580 -3.068045 0.042177 0.046732 0.552114 -0.596778 0.394990 0.427796 0.0003666599 0.0000003486 -0.0001245933 0.0000001856 -0.0000001237 0.0000425404 0.0026147598 0.0000768384 0.0000026560 0.0064861166 0.0000168471 0.0025808273
1413393952.40580 -3.070270 0.015527 0.052106 0.554213 -0.594422 0.397208 0.426305 0.0003669245 0.0000001039 -0.0001242639 0.0000001868 -0.0000000405 0.0000422875 0.0026137380 0.0000433393 0.0000026038 0.0064917950 0.0000168555 0.0025808691
1413393952.45580 -3.070911 -0.010891 0.058562 0.558108 -0.589831 0.399113 0.425820 0.0003674890 0.0000017201 -0.0001235191 0.0000001960 -0.0000005838 0.0000417213 0.0026132360 0.0000093785 0.0000025371 0.0064956543 0.0000168817 0.0025808365
1413393952.50580 -3.071462 -0.037344 0.064849 0.563648 -0.584723 0.401210 0.423592 0.0003673756 0.0000032057 -0.0001236510 0.0000002172 -0.0000010850 0.0000418239 0.0026133543 -0.0000234434 0.0000024672 0.0064951577 0.0000168835 0.0025808212
1413393952.55580 -3.071297 -0.063389 0.070960 0.570091 -0.578960 0.403440 0.420758 0.0003670260 0.0000048693 -0.0001240673 0.0000002552 -0.0000016524 0.0000421458 0.0026140286 -0.0000564964 0.0000023991 0.0064944913 0.0000168784 0.0025808145
1413393952.60580 -3.070703 -0.089327 0.077221 0.576972 -0.571995 0.406086 0.418354 0.0003670222 0.0000070463 -0.0001239709 0.0000003270 -0.0000023868 0.0000420823 0.0026152096 -0.0000890577 0.0000023557 0.0064922800 0.0000168977 0.0025807900
1413393952.65580 -3.068695 -0.114857 0.083386 0.584201 -0.565238 0.409424 0.414230 0.0003666088 0.0000081708 -0.0001244525 0.0000003752 -0.0000027806 0.0000424575 0.0026169798 -0.0001217797 0.0000022907 0.0064885033 0.0000168767 0.0025808003
1413393952.70579 -3.065593 -0.140202 0.089754 0.591355 -0.558002 0.413305 0.410016 0.0003664222 0.0000091483 -0.0001246370 0.0000004229 -0.0000031187 0.0000426059 0.0026192154 -0.0001533440 0.0000022283 0.0064807179 0.0000168533 0.0025808035
1413393952.75579 -3.061189 -0.164863 0.095951 0.598141 -0.551515 0.417793 0.404360 0.0003659836 0.0000088402 -0.0001252389 0.0000004094 -0.0000030318 0.0000430692 0.0026219646 -0.0001845214 0.0000021603 0.0064700834 0.0000168124 0.0025808042
1413393952.80579 -3.055942 -0.188911 0.101897 0.604128 -0.545523 0.421912 0.399280 0.0003656723 0.0000085211 -0.0001256712 0.0000003958 -0.0000029350 0.0000434036 0.0026250802 -0.0002144261 0.0000021027 0.0064572136 0.0000167738 0.0025807921
1413393952.85579 -3.051256 -0.214019 0.108117 0.609112 -0.540849 0.425707 0.394003 0.0003652205 0.0000075063 -0.0001263167 0.0000003528 -0.0000026025 0.0000439038 0.0026285822 -0.0002435969 0.0000020608 0.0064428724 0.0000167488 0.0025807611
1413393952.90579 -3.045330 -0.237519 0.113994 0.611074 -0.538897 0.431712 0.387045 0.0003651880 0.0000029657 -0.0001265512 0.0000002240 -0.0000010330 0.0000440711 0.0026327262 -0.0002739032 0.0000020033 0.0064299954 0.0000166952 0.0025807510
1413393952.95579 -3.039043 -0.261250 0.120020 0.612190 -0.538468 0.437798 0.378958 0.0003647110 -0.0000029197 -0.0001271587 0.0000002246 0.0000010140 0.0000445524 0.0026371088 -0.0003024388 0.0000019609 0.0064139354 0.0000166523 0.0025807401
1413393953.00579 -3.032525 -0.284848 0.126141 0.612351 -0.539040 0.443335 0.371369 0.0003640689 -0.0000089368 -0.0001276816 0.0000004219 0.0000031315 0.0000449976 0.0026420195 -0.0003314681 0.0000019308 0.0063978056 0.0000166139 0.0025807109
1413393953.05579 -3.026494 -0.309228 0.132353 0.612485 -0.539671 0.448018 0.364550 0.0003632769 -0.0000142684 -0.0001281851 0.0000007645 0.0000050333 0.0000454511 0.0026474503 -0.0003604406 0.0000018911 0.0063822339 0.0000165634 0.0025807079
1413393953.10579 -3.021208 -0.333897 0.137721 0.612269 -0.540425 0.451861 0.359011 0.0003625642 -0.0000187857 -0.0001284830 0.0000011791 0.0000066569 0.0000457518 0.0026535728 -0.0003904865 0.0000018536 0.0063689399 0.0000165184 0.0025807035
1413393953.15579 -3.016689 -0.358567 0.139321 0.611997 -0.541253 0.454640 0.354694 0.0003618470 -0.0000223176 -0.0001287924 0.0000015836 0.0000079443 0.0000460628 0.0026602223 -0.0004207625 0.0000018204 0.0063577643 0.0000164799 0.0025806935
1413393953.20579 -3.012986 -0.383560 0.135977 0.611668 -0.541700 0.457208 0.351260 0.0003614129 -0.0000252367 -0.0001287806 0.0000019707 0.0000089941 0.0000461099 0.0026673935 -0.0004510321 0.0000017885 0.0063484966 0.0000164509 0.0025806865
1413393953.25579 -3.010127 -0.408713 0.128085 0.610668 -0.542527 0.459791 0.348339 0.0003611374 -0.0000282181 -0.0001284922 0.0000024147 0.0000100424 0.0000459397 0.0026752943 -0.0004822826 0.0000017589 0.0063419967 0.0000164305 0.0025806807
1413393953.30579 -3.008542 -0.434778 0.118393 0.608670 -0.544614 0.463364 0.343816 0.0003603986 -0.0000330666 -0.0001282287 0.0000032452 0.0000117686 0.0000458459 0.0026838424 -0.0005139716 0.0000017285 0.0063375431 0.0000164093 0.0025806773
1413393953.35579 -3.008850 -0.461225 0.109895 0.606012 -0.545943 0.467166 0.341249 0.0003605907 -0.0000370400 -0.0001268955 0.0000040175 0.0000130392 0.0000448776 0.0026932060 -0.0005468722 0.0000017006 0.0063380681 0.0000163880 0.0025806757
1413393953.40579 -3.011194 -0.488091 0.104162 0.602780 -0.546068 0.471306 0.341082 0.0003620228 -0.0000398139 -0.0001242546 0.0000045926 0.0000136699 0.0000428677 0.0027032545 -0.0005805235 0.0000016790 0.0063440894 0.0000163793 0.0025806747
1413393953.45579 -3.016119 -0.515408 0.102000 0.600095 -0.545577 0.474532 0.342128 0.0003636783 -0.0000413034 -0.0001216283 0.0000049062 0.0000138186 0.0000408969 0.0027140201 -0.0006149903 0.0000016544 0.0063555036 0.0000163702 0.0025806814
1413393953.50579 -3.023585 -0.542411 0.104083 0.598707 -0.542112 0.475961 0.348032 0.0003670820 -0.0000384461 -0.0001180075 0.0000042423 0.0000123638 0.0000381541 0.0027254927 -0.0006505537 0.0000016422 0.0063745224 0.0000163809 0.0025806734
1413393953.55579 -3.034184 -0.569375 0.109789 0.598871 -0.537297 0.474781 0.356719 0.0003707752 -0.0000322692 -0.0001146705 0.0000030246 0.0000099831 0.0000356806 0.0027369974 -0.0006850742 0.0000016168 0.0063991839 0.0000163781 0.0025806841
1413393953.60579 -3.046579 -0.595391 0.117683 0.601003 -0.530365 0.470614 0.368825 0.0003746148 -0.0000218573 -0.0001114583 0.0000014917 0.0000065043 0.0000333760 0.0027489886 -0.0007201792 0.0000015898 0.0064300533 0.0000163784 0.0025806956
1413393953.65579 -3.059981 -0.620401 0.126579 0.602905 -0.524580 0.466729 0.378795 0.0003772070 -0.0000129084 -0.0001088495 0.0000006590 0.0000037246 0.0000316233 0.0027611440 -0.0007547217 0.0000015583 0.0064632353 0.0000163816 0.0025807121
1413393953.70579 -3.073881 -0.643612 0.135507 0.603793 -0.519178 0.463821 0.388275 0.0003796267 -0.0000050067 -0.0001055983 0.0000002843 0.0000013911 0.0000295852 0.0027729919 -0.0007877087 0.0000015261 0.0064984242 0.0000163893 0.0025807256
1413393953.75579 -3.087883 -0.665731 0.142890 0.603598 -0.514976 0.462417 0.395778 0.0003816765 0.0000006007 -0.0001022583 0.0000002204 -0.0000001633 0.0000276074 0.0027843938 -0.0008187248 0.0000014910 0.0065332706 0.0000163966 0.0025807459
1413393953.80579 -3.101431 -0.685850 0.147554 0.603813 -0.512010 0.461841 0.399948 0.0003828090 0.0000039812 -0.0001002086 0.0000002622 -0.0000010452 0.0000264417 0.0027952961 -0.0008478664 0.0000014562 0.0065678670 0.0000164054 0.0025807666
1413393953.85579 -3.114153 -0.703741 0.149792 0.604712 -0.508727 0.462331 0.402207 0.0003836829 0.0000063527 -0.0000985281 0.0000003271 -0.0000016349 0.0000255110 0.0028052156 -0.0008740424 0.0000014240 0.0066007081 0.0000164225 0.0025807843
1413393953.90579 -3.126132 -0.719245 0.149070 0.606027 -0.505574 0.464401 0.401819 0.0003843231 0.0000069169 -0.0000973326 0.0000003476 -0.0000017557 0.0000248594 0.0028140424 -0.0008971128 0.0000013965 0.0066314053 0.0000164390 0.0025808104
1413393953.95579 -3.137351 -0.732764 0.145871 0.610113 -0.503203 0.464177 0.398860 0.0003832539 0.0000077321 -0.0000992350 0.0000003801 -0.0000020066 0.0000259045 0.0028218276 -0.0009174513 0.0000013692 0.0066604406 0.0000164546 0.0025808363
1413393954.00579 -3.147840 -0.744250 0.140861 0.617543 -0.502872 0.460493 0.392055 0.0003795002 0.0000082915 -0.0001056783 0.0000004062 -0.0000023143 0.0000296399 0.0028286074 -0.0009352458 0.0000013475 0.0066879665 0.0000164786 0.0025808555
1413393954.05579 -3.157361 -0.753609 0.136414 0.625353 -0.501486 0.457497 0.384892 0.0003757203 0.0000088271 -0.0001116633 0.0000004334 -0.0000026297 0.0000334005 0.0028342196 -0.0009500520 0.0000013306 0.0067125300 0.0000164997 0.0025808748
1413393954.10579 -3.166168 -0.762228 0.132578 0.633609 -0.501877 0.454097 0.374773 0.0003705708 0.0000074359 -0.0001192803 0.0000003758 -0.0000024005 0.0000386117 0.0028391382 -0.0009631598 0.0000013184 0.0067347925 0.0000165269 0.0025808696
1413393954.15579 -3.173915 -0.769836 0.129583 0.643621 -0.501686 0.448710 0.364310 0.0003640041 0.0000072220 -0.0001279403 0.0000003706 -0.0000025462 0.0000451902 0.0028439626 -0.0009757459 0.0000013025 0.0067555557 0.0000165352 0.0025808875
1413393954.20579 -3.180488 -0.777839 0.127615 0.653975 -0.501391 0.443445 0.352534 0.0003566416 0.0000062496 -0.0001366564 0.0000003374 -0.0000024036 0.0000525897 0.0028484987 -0.0009873000 0.0000012926 0.0067725680 0.0000165510 0.0025808760
1413393954.25579 -3.186165 -0.786107 0.127061 0.664412 -0.500163 0.438927 0.340202 0.0003490895 0.0000049105 -0.0001446716 0.0000002976 -0.0000020447 0.0000601875 0.0028538390 -0.0010000419 0.0000012764 0.0067863514 0.0000165457 0.0025808849
1413393954.30579 -3.190927 -0.795827 0.128102 0.674255 -0.496946 0.436150 0.328935 0.0003427172 0.0000038029 -0.0001507998 0.0000002713 -0.0000016838 0.0000665908 0.0028598777 -0.0010138708 0.0000012602 0.0067974238 0.0000165472 0.0025808826
1413393954.35579 -3.193718 -0.808288 0.130418 0.683647 -0.492261 0.434747 0.318278 0.0003372927 0.0000026522 -0.0001556178 0.0000002503 -0.0000012348 0.0000720398 0.0028672831 -0.0010300857 0.0000012382 0.0068058025 0.0000165281 0.0025808663
1413393954.40579 -3.194970 -0.822236 0.133356 0.692723 -0.485490 0.434742 0.308924 0.0003332168 0.0000021788 -0.0001590121 0.0000002444 -0.0000010518 0.0000761274 0.0028768122 -0.0010496048 0.0000012133 0.0068088609 0.0000164991 0.0025808620
1413393954.45579 -3.194559 -0.838710 0.137095 0.701372 -0.477035 0.436277 0.300294 0.0003304443 0.0000018506 -0.0001612219 0.0000002411 -0.0000009160 0.0000789091 0.0028876532 -0.0010708442 0.0000011788 0.0068076653 0.0000164614 0.0025808526
1413393954.50579 -3.192487 -0.857138 0.141694 0.709684 -0.467117 0.438692 0.292746 0.0003287455 0.0000020987 -0.0001625339 0.0000002446 -0.0000010519 0.0000806105 0.0029000913 -0.0010942248 0.0000011368 0.0068025544 0.0000164185 0.0025808399
1413393954.55579 -3.188219 -0.878461 0.146951 0.718309 -0.456758 0.440764 0.284837 0.0003267523 0.0000023986 -0.0001640364 0.0000002491 -0.0000012196 0.0000826057 0.0029145771 -0.0011202204 0.0000010898 0.0067921588 0.0000163684 0.0025808109
1413393954.60579 -3.181825 -0.901743 0.152541 0.725714 -0.446875 0.443659 0.277142 0.0003254504 0.0000020767 -0.0001650044 0.0000002447 -0.0000010692 0.0000839164 0.0029312904 -0.0011489658 0.0000010340 0.0067769958 0.0000163196 0.0025807635
1413393954.65579 -3.174050 -0.928525 0.158854 0.732060 -0.436731 0.447035 0.271134 0.0003252587 0.0000023680 -0.0001651444 0.0000002487 -0.0000012195 0.0000841099 0.0029504831 -0.0011801741 0.0000009793 0.0067553472 0.0000162632 0.0025807237
1413393954.70579 -3.164564 -0.958453 0.164791 0.738262 -0.428012 0.448734 0.265354 0.0003240788 0.0000027985 -0.0001659954 0.0000002554 -0.0000014515 0.0000852873 0.0029731391 -0.0012156010 0.0000009204 0.0067300250 0.0000162071 0.0025806751
1413393954.75579 -3.153453 -0.991219 0.170968 0.743151 -0.421035 0.450129 0.260460 0.0003230838 0.0000029442 -0.0001667032 0.0000002576 -0.0000015376 0.0000862805 0.0029986393 -0.0012537832 0.0000008646 0.0067014404 0.0000161521 0.0025806232
1413393954.80579 -3.140588 -1.026552 0.177358 0.747311 -0.415173 0.451254 0.255981 0.0003221295 0.0000028727 -0.0001673781 0.0000002558 -0.0000015114 0.0000872376 0.0030271199 -0.0012941768 0.0000007962 0.0066682662 0.0000160924 0.0025805682
1413393954.85579 -3.125716 -1.064159 0.183530 0.750716 -0.410237 0.451930 0.252765 0.0003213269 0.0000031592 -0.0001679329 0.0000002609 -0.0000016701 0.0000880358 0.0030589491 -0.0013369025 0.0000007249 0.0066305358 0.0000160307 0.0025805286
1413393954.90579 -3.108393 -1.104262 0.189827 0.753504 -0.405900 0.452397 0.250625 0.0003208125 0.0000037739 -0.0001682753 0.0000002738 -0.0000019989 0.0000885367 0.0030940950 -0.0013812186 0.0000006480 0.0065870370 0.0000159671 0.0025804902
1413393954.95579 -3.088407 -1.146885 0.196564 0.754371 -0.401628 0.454767 0.250613 0.0003223930 0.0000046194 -0.0001671454 0.0000002943 -0.0000024145 0.0000869274 0.0031326522 -0.0014267347 0.0000005664 0.0065374512 0.0000159207 0.0025804299
1413393955.00579 -3.066292 -1.192002 0.204499 0.752546 -0.396843 0.460735 0.252810 0.0003272613 0.0000054121 -0.0001635817 0.0000003172 -0.0000027250 0.0000820336 0.0031750665 -0.0014731232 0.0000004861 0.0064803760 0.0000158547 0.0025803901
1413393955.05579 -3.041648 -1.239380 0.213028 0.749104 -0.389986 0.469844 0.256907 0.0003347437 0.0000068165 -0.0001576438 0.0000003663 -0.0000032302 0.0000745022 0.0032211469 -0.0015200961 0.0000004153 0.0064184515 0.0000157925 0.0025803612
1413393955.10579 -3.015056 -1.287423 0.221057 0.746310 -0.383327 0.478072 0.259863 0.0003410750 0.0000079688 -0.0001521425 0.0000004134 -0.0000035752 0.0000681235 0.0032705102 -0.0015668171 0.0000003441 0.0063520840 0.0000157290 0.0025803416
1413393955.15579 -2.986736 -1.336069 0.228233 0.744135 -0.376113 0.485729 0.262430 0.0003466701 0.0000094760 -0.0001468446 0.0000004863 -0.0000040350 0.0000624560 0.0033219981 -0.0016116932 0.0000002771 0.0062817129 0.0000156631 0.0025803340
1413393955.20579 -2.956402 -1.385272 0.235090 0.741575 -0.371558 0.494014 0.260691 0.0003512835 0.0000073743 -0.0001423662 0.0000003811 -0.0000030091 0.0000579499 0.0033757414 -0.0016549896 0.0000002134 0.0062085530 0.0000155981 0.0025803216
1413393955.25579 -2.924896 -1.435192 0.242286 0.739927 -0.368154 0.501616 0.255641 0.0003544274 0.0000034227 -0.0001392071 0.0000002581 -0.0000013642 0.0000549270 0.0034313723 -0.0016959301 0.0000001507 0.0061316395 0.0000155361 0.0025802991
1413393955.30579 -2.892242 -1.485672 0.249433 0.738307 -0.365228 0.509180 0.249494 0.0003571518 -0.0000013561 -0.0001362579 0.0000002294 0.0000004985 0.0000522346 0.0034902541 -0.0017365627 0.0000000884 0.0060544196 0.0000154826 0.0025802985
1413393955.35579 -2.859164 -1.536854 0.256612 0.739203 -0.360487 0.514318 0.243113 0.0003583462 -0.0000043464 -0.0001348487 0.0000002761 0.0000016173 0.0000509961 0.0035515187 -0.0017756248 0.0000000298 0.0059758763 0.0000154264 0.0025802979
1413393955.40579 -2.825657 -1.586704 0.263725 0.741292 -0.353782 0.518679 0.237271 0.0003592820 -0.0000058365 -0.0001337272 0.0000003178 0.0000021541 0.0000500267 0.0036155820 -0.0018138181 -0.0000000281 0.0058978173 0.0000153769 0.0025803129
1413393955.45579 -2.791402 -1.636063 0.272045 0.742775 -0.342993 0.525533 0.233358 0.0003622778 -0.0000053339 -0.0001302164 0.0000003009 0.0000018990 0.0000470579 0.0036805953 -0.0018491965 -0.0000000708 0.0058192328 0.0000153217 0.0025803354
1413393955.50579 -2.756781 -1.685442 0.281481 0.743781 -0.329260 0.534688 0.229100 0.0003665011 -0.0000043806 -0.0001249804 0.0000002747 0.0000014756 0.0000428728 0.0037460746 -0.0018815759 -0.0000001054 0.0057406965 0.0000152392 0.0025803679
1413393955.55579 -2.723095 -1.733732 0.289685 0.744584 -0.313270 0.545022 0.224517 0.0003712101 -0.0000027622 -0.0001186962 0.0000002423 0.0000008652 0.0000382058 0.0038129380 -0.0019123530 -0.0000001283 0.0056636868 0.0000151495 0.0025803633
1413393955.60579 -2.690262 -1.780817 0.295635 0.745869 -0.293477 0.555274 0.221860 0.0003760999 0.0000020206 -0.0001115550 0.0000002324 -0.0000006175 0.0000333393 0.0038796123 -0.0019411060 -0.0000001461 0.0055905784 0.0000150514 0.0025803568
1413393955.65579 -2.657804 -1.826224 0.298892 0.748555 -0.272341 0.563075 0.220094 0.0003795010 0.0000089923 -0.0001058069 0.0000004348 -0.0000025258 0.0000297506 0.0039460126 -0.0019678453 -0.0000001667 0.0055207400 0.0000149491 0.0025803710
1413393955.70579 -2.626013 -1.870409 0.299593 0.754042 -0.250934 0.565184 0.221405 0.0003799856 0.0000198120 -0.0001035296 0.0000012551 -0.0000054178 0.0000284595 0.0040116298 -0.0019918567 -0.0000001869 0.0054523145 0.0000148509 0.0025803637
1413393955.75579 -2.595328 -1.912284 0.297223 0.760495 -0.229745 0.563915 0.225530 0.0003783165 0.0000330167 -0.0001029876 0.0000031044 -0.0000090096 0.0000282891 0.0040758409 -0.0020134134 -0.0000002172 0.0053865817 0.0000147743 0.0025803119
1413393955.80579 -2.565464 -1.951559 0.292540 0.767204 -0.210504 0.560568 0.229892 0.0003748720 0.0000457288 -0.0001038933 0.0000058030 -0.0000126970 0.0000290485 0.0041367292 -0.0020314301 -0.0000002313 0.0053235600 0.0000146922 0.0025802999
1413393955.85579 -2.535800 -1.987842 0.284947 0.774877 -0.195630 0.554405 0.232225 0.0003695309 0.0000555965 -0.0001076417 0.0000085911 -0.0000162206 0.0000316135 0.0041940167 -0.0020454821 -0.0000002372 0.0052615613 0.0000146017 0.0025802681
1413393955.90579 -2.505036 -2.020356 0.276067 0.782895 -0.187872 0.547763 0.227454 0.0003642044 0.0000580083 -0.0001142099 0.0000094660 -0.0000182175 0.0000360775 0.0042464678 -0.0020546292 -0.0000002293 0.0051994526 0.0000145206 0.0025802548
1413393955.95579 -2.472797 -2.049404 0.267081 0.789277 -0.188154 0.544270 0.213097 0.0003613001 0.0000505851 -0.0001215376 0.0000073068 -0.0000170420 0.0000411508 0.0042932124 -0.0020571302 -0.0000002333 0.0051335220 0.0000144629 0.0025802040
1413393956.00579 -2.438948 -2.075078 0.259216 0.794309 -0.191778 0.542208 0.195714 0.0003590823 0.0000394532 -0.0001283215 0.0000045562 -0.0000141224 0.0000461274 0.0043359332 -0.0020549118 -0.0000002393 0.0050656305 0.0000144285 0.0025801560
1413393956.05579 -2.403142 -2.099226 0.253697 0.797426 -0.195311 0.542455 0.178064 0.0003577826 0.0000275743 -0.0001329132 0.0000023425 -0.0000102639 0.0000496472 0.0043749533 -0.0020480911 -0.0000002649 0.0049951292 0.0000145402 0.0025800334
1413393956.10579 -2.367778 -2.118786 0.247430 0.799024 -0.197526 0.544353 0.161940 0.0003570899 0.0000168035 -0.0001354922 0.0000010045 -0.0000063929 0.0000516804 0.0044133868 -0.0020383324 -0.0000003348 0.0049217828 0.0000146528 0.0025799261
1413393956.15579 -2.329168 -2.138517 0.243982 0.800528 -0.197020 0.546341 0.147815 0.0003564559 0.0000081435 -0.0001370015 0.0000003972 -0.0000031441 0.0000529258 0.0044446771 -0.0020243068 -0.0000003786 0.0048510071 0.0000147060 0.0025798712
1413393956.20579 -2.290316 -2.156872 0.241512 0.801746 -0.193238 0.549085 0.135529 0.0003563401 0.0000019883 -0.0001373677 0.0000002208 -0.0000007780 0.0000532252 0.0044778217 -0.0020078784 -0.0000003943 0.0047755545 0.0000146803 0.0025798199
1413393956.25579 -2.250167 -2.174755 0.240707 0.800467 -0.185219 0.555715 0.126992 0.0003593105 -0.0000009513 -0.0001340406 0.0000002114 0.0000003453 0.0000502728 0.0045097622 -0.0019899751 -0.0000004026 0.0047012995 0.0000146512 0.0025797926
1413393956.30579 -2.209072 -2.191629 0.240390 0.798351 -0.173860 0.563810 0.120524 0.0003634711 -0.0000013805 -0.0001290906 0.0000002125 0.0000004820 0.0000461129 0.0045408838 -0.0019699373 -0.0000004618 0.0046261944 0.0000146624 0.0025797166
1413393956.35579 -2.168763 -2.207112 0.240962 0.795388 -0.160893 0.573171 0.113779 0.0003682804 -0.0000012996 -0.0001229472 0.0000002100 0.0000004266 0.0000413055 0.0045699962 -0.0019477755 -0.0000005354 0.0045516278 0.0000146771 0.0025796130
1413393956.40579 -2.128696 -2.221672 0.242490 0.792635 -0.146775 0.582009 0.107016 0.0003726759 -0.0000004164 -0.0001168870 0.0000002056 0.0000001241 0.0000369193 0.0045964938 -0.0019250370 -0.0000005335 0.0044812404 0.0000146152 0.0025795521
1413393956.45579 -2.088676 -2.236039 0.243951 0.790463 -0.131873 0.589774 0.099718 0.0003763215 0.0000008624 -0.0001114766 0.0000002074 -0.0000002610 0.0000332798 0.0046208733 -0.0019012183 -0.0000005288 0.0044131348 0.0000145540 0.0025795173
1413393956.50579 -2.050135 -2.248615 0.244632 0.790541 -0.116894 0.594337 0.090242 0.0003779663 0.0000015313 -0.0001089040 0.0000002111 -0.0000004454 0.0000316353 0.0046450982 -0.0018768748 -0.0000005382 0.0043463321 0.0000145042 0.0025794561
1413393956.55579 -2.012742 -2.259846 0.244809 0.792837 -0.102340 0.595554 0.079065 0.0003777519 0.0000014238 -0.0001092398 0.0000002089 -0.0000004145 0.0000318463 0.0046658785 -0.0018520610 -0.0000006131 0.0042835924 0.0000145144 0.0025793561
1413393956.60579 -1.976682 -2.270062 0.244729 0.796288 -0.087832 0.594790 0.066608 0.0003765148 0.0000007109 -0.0001111890 0.0000002049 -0.0000002113 0.0000330923 0.0046846656 -0.0018270294 -0.0000006095 0.0042239621 0.0000144475 0.0025793138
1413393956.65579 -1.941825 -2.279261 0.244219 0.801122 -0.072641 0.591645 0.053695 0.0003740215 0.0000001403 -0.0001149576 0.0000002034 -0.0000000429 0.0000355911 0.0047020304 -0.0018019486 -0.0000006094 0.0041669675 0.0000143832 0.0025792686
1413393956.70579 -1.908536 -2.287433 0.243006 0.806797 -0.057871 0.586580 0.040666 0.0003704721 -0.0000007470 -0.0001200210 0.0000002046 0.0000002439 0.0000391427 0.0047177936 -0.0017772318 -0.0000006039 0.0041132614 0.0000143196 0.0025792241
1413393956.75579 -1.878071 -2.294575 0.241432 0.812761 -0.043289 0.580327 0.027679 0.0003662218 -0.0000018397 -0.0001256706 0.0000002111 0.0000006345 0.0000433843 0.0047315883 -0.0017532175 -0.0000006211 0.0040633874 0.0000142784 0.0025791388
1413393956.80579 -1.846955 -2.301138 0.240635 0.816980 -0.028699 0.575768 0.014532 0.0003630468 -0.0000034504 -0.0001296166 0.0000002340 0.0000012367 0.0000465363 0.0047437579 -0.0017304813 -0.0000006235 0.0040178777 0.0000142231 0.0025790859
1413393956.85579 -1.816745 -2.306866 0.241043 0.819885 -0.015878 0.572308 0.000049 0.0003606023 -0.0000067953 -0.0001324170 0.0000003282 0.0000025020 0.0000488836 0.0047554753 -0.0017063202 -0.0000006273 0.0039713626 0.0000141739 0.0025790154
1413393956.90579 -1.786380 -2.312799 0.242329 -0.821275 0.003314 -0.570325 0.015019 0.0003592559 -0.0000107283 -0.0001337263 0.0000005196 0.0000040019 0.0000500345 0.0047658919 -0.0016821445 -0.0000006465 0.0039266877 0.0000141274 0.0025789648
1413393956.95579 -1.758416 -2.316820 0.244056 -0.821736 -0.008559 -0.569014 0.030011 0.0003584235 -0.0000149915 -0.0001342727 0.0000008247 0.0000056261 0.0000505563 0.0047772252 -0.0016581251 -0.0000006413 0.0038826757 0.0000140460 0.0025788775
1413393957.00579 -1.728491 -2.322122 0.245725 -0.821772 -0.021684 -0.567810 0.042575 0.0003580006 -0.0000172336 -0.0001344862 0.0000010263 0.0000064851 0.0000507740 0.0047852732 -0.0016349976 -0.0000006292 0.0038428830 0.0000139634 0.0025788213
1413393957.05579 -1.697956 -2.328036 0.247306 -0.821769 -0.035579 -0.566076 0.054663 0.0003573875 -0.0000188388 -0.0001349638 0.0000011881 0.0000071266 0.0000512172 0.0047958170 -0.0016106736 -0.0000006635 0.0038006921 0.0000139117 0.0025787531
1413393957.10579 -1.667063 -2.334232 0.249650 -0.821280 -0.052598 -0.564510 0.063724 0.0003571492 -0.0000172059 -0.0001354468 0.0000010220 0.0000065377 0.0000516130 0.0048076183 -0.0015857719 -0.0000006636 0.0037579446 0.0000138359 0.0025786634
1413393957.15579 -1.634176 -2.341595 0.251884 -0.820153 -0.070414 -0.563150 0.072478 0.0003571646 -0.0000150006 -0.0001356943 0.0000008222 0.0000057123 0.0000517971 0.0048196007 -0.0015599167 -0.0000006578 0.0037148983 0.0000137476 0.0025786091
1413393957.20579 -1.600266 -2.348446 0.254548 -0.818080 -0.088683 -0.562233 0.082310 0.0003575743 -0.0000132487 -0.0001354146 0.0000006818 0.0000050317 0.0000515227 0.0048331963 -0.0015323063 -0.0000006815 0.0036696876 0.0000136727 0.0025785406
1413393957.30579 -1.530017 -2.364525 0.259400 -0.813194 -0.126199 -0.558432 0.104610 0.0003576649 -0.0000110260 -0.0001355300 0.0000005309 0.0000041943 0.0000515931 0.0048629701 -0.0014750018 -0.0000006650 0.0035792294 0.0000134728 0.0025784866
1413393957.35579 -1.497630 -2.371496 0.262324 -0.809600 -0.144751 -0.556831 0.116334 0.0003581398 -0.0000102466 -0.0001350499 0.0000004812 0.0000038809 0.0000511567 0.0048772523 -0.0014462501 -0.0000006888 0.0035359837 0.0000134047 0.0025783643
1413393957.40579 -1.462035 -2.379521 0.264402 -0.805595 -0.162411 -0.555328 0.127474 0.0003587960 -0.0000094852 -0.0001343556 0.0000004376 0.0000035694 0.0000505380 0.0048910403 -0.0014191889 -0.0000006806 0.0034963477 0.0000132999 0.0025783056
1413393957.45579 -1.425620 -2.387409 0.266231 -0.800122 -0.179258 -0.555268 0.139096 0.0003605617 -0.0000089375 -0.0001323414 0.0000004075 0.0000032983 0.0000487971 0.0049057663 -0.0013889615 -0.0000006615 0.0034536501 0.0000131908 0.0025782484
1413393957.50579 -1.388982 -2.394784 0.266545 -0.794423 -0.195170 -0.555352 0.149614 0.0003623614 -0.0000079748 -0.0001302568 0.0000003607 0.0000028847 0.0000470404 0.0049208267 -0.0013578255 -0.0000006407 0.0034111169 0.0000130902 0.0025781989
1413393957.55579 -1.355377 -2.401971 0.263506 -0.788391 -0.210229 -0.555321 0.160817 0.0003642187 -0.0000076274 -0.0001279944 0.0000003412 0.0000026980 0.0000451918 0.0049345791 -0.0013265528 -0.0000006840 0.0033701336 0.0000129814 0.0025780794
1413393957.60579 -1.319884 -2.409119 0.258784 -0.781650 -0.225193 -0.555560 0.172234 0.0003664617 -0.0000072819 -0.0001251713 0.0000003243 0.0000025048 0.0000429606 0.0049486939 -0.0012985324 -0.0000006981 0.0033340327 0.0000128961 0.0025780269
1413393957.65579 -1.285043 -2.416375 0.251470 -0.773315 -0.239264 -0.557244 0.184973 0.0003697905 -0.0000074654 -0.0001207402 0.0000003283 0.0000024550 0.0000396229 0.0049627713 -0.0012683409 -0.0000007146 0.0032966925 0.0000128139 0.0025779725
1413393957.70579 -1.251295 -2.423505 0.242072 -0.763110 -0.253611 -0.560666 0.197479 0.0003740857 -0.0000065427 -0.0001146950 0.0000002899 0.0000020228 0.0000353589 0.0049771617 -0.0012387348 -0.0000007369 0.0032610862 0.0000127436 0.0025779161
1413393957.75579 -1.217819 -2.431091 0.229308 -0.753497 -0.268515 -0.562380 0.209453 0.0003773230 -0.0000052641 -0.0001098358 0.0000002466 0.0000015485 0.0000321598 0.0049920334 -0.0012102695 -0.0000007686 0.0032276845 0.0000126886 0.0025778627
1413393957.80579 -1.185007 -2.439994 0.214402 -0.744053 -0.285743 -0.563457 0.217378 0.0003794698 -0.0000004782 -0.0001065185 0.0000001707 0.0000001490 0.0000300826 0.0050084817 -0.0011825779 -0.0000008259 0.0031957239 0.0000126352 0.0025778111
1413393957.85579 -1.154006 -2.449453 0.197766 -0.735703 -0.304080 -0.562614 0.223027 0.0003800675 0.0000056347 -0.0001053981 0.0000002521 -0.0000015492 0.0000294074 0.0050270111 -0.0011561299 -0.0000008720 0.0031656065 0.0000125948 0.0025777891
1413393957.90579 -1.124796 -2.459682 0.180739 -0.728410 -0.322712 -0.560666 0.225674 0.0003792714 0.0000131162 -0.0001060660 0.0000006202 -0.0000036567 0.0000298372 0.0050482811 -0.0011326075 -0.0000009290 0.0031386089 0.0000125687 0.0025777697
1413393957.95579 -1.098298 -2.470573 0.164083 -0.721916 -0.342096 -0.557589 0.225616 0.0003768974 0.0000219750 -0.0001084700 0.0000014467 -0.0000063146 0.0000313906 0.0050700061 -0.0011107660 -0.0000009896 0.0031140172 0.0000125480 0.0025777672
1413393958.00579 -1.073693 -2.481831 0.149259 -0.718034 -0.359286 -0.552304 0.224278 0.0003728997 0.0000292746 -0.0001129334 0.0000024613 -0.0000088580 0.0000343734 0.0050924861 -0.0010916071 -0.0000010564 0.0030923666 0.0000125402 0.0025777566
1413393958.05579 -1.051389 -2.491755 0.137694 -0.715833 -0.373679 -0.546008 0.223208 0.0003684118 0.0000343987 -0.0001179834 0.0000033731 -0.0000110096 0.0000379540 0.0051141092 -0.0010740459 -0.0000011198 0.0030729701 0.0000125497 0.0025777562
1413393958.10579 -1.030348 -2.500833 0.131104 -0.714581 -0.383706 -0.540167 0.224419 0.0003650969 0.0000362914 -0.0001219110 0.0000037659 -0.0000121125 0.0000408750 0.0051316250 -0.0010577689 -0.0000011643 0.0030558841 0.0000125732 0.0025777382
1413393958.15579 -1.012609 -2.507830 0.128567 -0.714309 -0.390343 -0.534287 0.227886 0.0003627505 0.0000353284 -0.0001252269 0.0000035971 -0.0000121906 0.0000433959 0.0051455709 -0.0010412098 -0.0000012061 0.0030396756 0.0000125826 0.0025777457
1413393958.20579 -0.996534 -2.512280 0.130704 -0.713692 -0.394980 -0.530098 0.231585 0.0003615025 0.0000340080 -0.0001271610 0.0000033538 -0.0000119575 0.0000448933 0.0051532851 -0.0010261675 -0.0000012331 0.0030260803 0.0000125956 0.0025777495
1413393958.25579 -0.982195 -2.514950 0.136442 -0.713805 -0.395513 -0.526274 0.238930 0.0003620379 0.0000290719 -0.0001277374 0.0000024869 -0.0000102519 0.0000452307 0.0051563943 -0.0010118346 -0.0000012462 0.0030140427 0.0000125995 0.0025777543
1413393958.30579 -0.970562 -2.515928 0.144807 -0.715850 -0.393720 -0.520974 0.247246 0.0003621988 0.0000218012 -0.0001289961 0.0000014623 -0.0000077582 0.0000461011 0.0051573149 -0.0009989646 -0.0000012422 0.0030036758 0.0000125884 0.0025777523
1413393958.35579 -0.960387 -2.516681 0.156065 -0.718940 -0.389433 -0.515222 0.256930 0.0003625074 0.0000124543 -0.0001298714 0.0000005764 -0.0000044549 0.0000466843 0.0051570398 -0.0009884388 -0.0000012282 0.0029954101 0.0000125908 0.0025777554
1413393958.40579 -0.952437 -2.516439 0.166536 -0.722550 -0.386238 -0.509226 0.263498 0.0003613329 0.0000050147 -0.0001317906 0.0000002168 -0.0000018216 0.0000482240 0.0051571614 -0.0009790384 -0.0000011704 0.0029880384 0.0000125826 0.0025777441
1413393958.45579 -0.945001 -2.515522 0.174859 -0.725627 -0.384118 -0.504346 0.267497 0.0003598411 -0.0000001277 -0.0001336498 0.0000001464 0.0000000553 0.0000497941 0.0051561826 -0.0009714927 -0.0000011346 0.0029823646 0.0000125659 0.0025777486
1413393958.50578 -0.937196 -2.514298 0.180493 -0.729705 -0.383103 -0.498399 0.268999 0.0003568043 -0.0000039303 -0.0001370491 0.0000001887 0.0000015178 0.0000527961 0.0051534060 -0.0009633937 -0.0000010991 0.0029765901 0.0000125401 0.0025777578
1413393958.55578 -0.930149 -2.513192 0.183235 -0.734392 -0.383237 -0.491793 0.268212 0.0003525779 -0.0000062872 -0.0001415202 0.0000002569 0.0000025319 0.0000569607 0.0051508517 -0.0009549592 -0.0000010452 0.0029705489 0.0000125187 0.0025777608
1413393958.60578 -0.922171 -2.511628 0.182717 -0.739063 -0.383888 -0.485335 0.266205 0.0003479657 -0.0000077384 -0.0001461254 0.0000003165 0.0000032581 0.0000615222 0.0051490347 -0.0009476942 -0.0000010091 0.0029653378 0.0000125032 0.0025777756
1413393958.65578 -0.913604 -2.509160 0.179429 -0.742960 -0.384684 -0.480192 0.263522 0.0003438515 -0.0000082015 -0.0001500299 0.0000003397 0.0000035869 0.0000656208 0.0051452388 -0.0009386279 -0.0000009764 0.0029590871 0.0000124948 0.0025777882
1413393958.70578 -0.903654 -2.505626 0.173623 -0.745896 -0.385299 -0.476511 0.261001 0.0003406611 -0.0000082046 -0.0001529333 0.0000003415 0.0000036916 0.0000688172 0.0051389129 -0.0009281825 -0.0000009515 0.0029522002 0.0000124936 0.0025778020
1413393958.75578 -0.892643 -2.500213 0.166699 -0.745838 -0.384144 -0.477749 0.260605 0.0003413357 -0.0000080664 -0.0001523462 0.0000003342 0.0000036083 0.0000681558 0.0051288770 -0.0009152275 -0.0000009306 0.0029440120 0.0000124981 0.0025778066
1413393958.80579 -0.879588 -2.492946 0.158070 -0.743139 -0.382036 -0.483184 0.261392 0.0003451169 -0.0000072339 -0.0001489231 0.0000002953 0.0000031292 0.0000644210 0.0051154142 -0.0009007356 -0.0000009151 0.0029352493 0.0000124974 0.0025778194
1413393958.85579 -0.865684 -2.484016 0.147600 -0.739339 -0.379424 -0.490275 0.262765 0.0003500283 -0.0000062406 -0.0001441932 0.0000002551 0.0000025780 0.0000595565 0.0050986190 -0.0008839318 -0.0000009062 0.0029253364 0.0000124999 0.0025778306
1413393958.90579 -0.851176 -2.473689 0.134453 -0.735452 -0.377054 -0.497386 0.263720 0.0003546863 -0.0000048898 -0.0001394076 0.0000002115 0.0000019287 0.0000549482 0.0050783439 -0.0008658383 -0.0000009038 0.0029150432 0.0000125048 0.0025778419
1413393958.95579 -0.835922 -2.462088 0.118457 -0.732705 -0.374187 -0.502763 0.265250 0.0003583471 -0.0000048079 -0.0001353737 0.0000002089 0.0000018227 0.0000512936 0.0050557219 -0.0008469659 -0.0000009119 0.0029045664 0.0000125190 0.0025778498
1413393959.00579 -0.820560 -2.449378 0.099974 -0.730611 -0.370044 -0.507136 0.268492 0.0003617810 -0.0000065664 -0.0001312978 0.0000002635 0.0000023894 0.0000478023 0.0050307062 -0.0008272906 -0.0000009246 0.0028939171 0.0000125320 0.0025778573
1413393959.05578 -0.805734 -2.436649 0.079185 -0.729501 -0.363321 -0.509971 0.275237 0.0003650849 -0.0000120046 -0.0001268506 0.0000005401 0.0000041779 0.0000442255 0.0050049432 -0.0008080277 -0.0000009383 0.0028837608 0.0000125538 0.0025778872
1413393959.10578 -0.790886 -2.423966 0.058050 -0.728704 -0.355778 -0.512098 0.283138 0.0003679987 -0.0000187266 -0.0001222358 0.0000010995 0.0000062277 0.0000407519 0.0049801051 -0.0007891430 -0.0000009584 0.0028738480 0.0000125776 0.0025779174
1413393959.15578 -0.775443 -2.411666 0.037883 -0.726874 -0.348832 -0.515387 0.290424 0.0003711617 -0.0000244356 -0.0001168421 0.0000017564 0.0000077001 0.0000369302 0.0049569051 -0.0007704703 -0.0000009835 0.0028639829 0.0000126074 0.0025779481
1413393959.20578 -0.759947 -2.400331 0.018959 -0.724049 -0.345045 -0.520063 0.293653 0.0003741958 -0.0000259755 -0.0001120497 0.0000019519 0.0000077857 0.0000336995 0.0049351458 -0.0007513938 -0.0000010122 0.0028538171 0.0000126317 0.0025779806
1413393959.25578 -0.744270 -2.390766 0.001109 -0.720976 -0.344968 -0.525705 0.291246 0.0003767324 -0.0000224575 -0.0001089065 0.0000014882 0.0000064988 0.0000316301 0.0049163708 -0.0007330022 -0.0000010455 0.0028439199 0.0000126500 0.0025780234
1413393959.30578 -0.728580 -2.382472 -0.016530 -0.721004 -0.346769 -0.527098 0.286482 0.0003765650 -0.0000186382 -0.0001098908 0.0000010729 0.0000054451 0.0000322170 0.0049005102 -0.0007153347 -0.0000010859 0.0028343213 0.0000126688 0.0025780671
1413393959.35578 -0.711847 -2.375024 -0.032976 -0.722599 -0.349651 -0.526131 0.280681 0.0003749264 -0.0000147095 -0.0001129868 0.0000007281 0.0000044384 0.0000341989 0.0048865152 -0.0006980096 -0.0000011165 0.0028248779 0.0000126806 0.0025780860
1413393959.40578 -0.696157 -2.369057 -0.048706 -0.724130 -0.352400 -0.524936 0.275483 0.0003731391 -0.0000112836 -0.0001160182 0.0000004934 0.0000035133 0.0000362243 0.0048736970 -0.0006797938 -0.0000011531 0.0028149635 0.0000126860 0.0025781434
1413393959.45578 -0.680844 -2.363919 -0.063299 -0.725730 -0.354346 -0.523509 0.271466 0.0003714454 -0.0000089197 -0.0001186391 0.0000003677 0.0000028532 0.0000380463 0.0048635951 -0.0006634743 -0.0000011935 0.0028061126 0.0000126900 0.0025782007
1413393959.50578 -0.665757 -2.359492 -0.076273 -0.725190 -0.355653 -0.525003 0.268294 0.0003714878 -0.0000060620 -0.0001187590 0.0000002537 0.0000019415 0.0000381195 0.0048548121 -0.0006478699 -0.0000012267 0.0027977190 0.0000126938 0.0025782460
1413393959.55578 -0.651569 -2.355365 -0.088055 -0.723706 -0.355830 -0.527386 0.267391 0.0003725360 -0.0000045200 -0.0001173455 0.0000002109 0.0000014267 0.0000371175 0.0048467686 -0.0006328186 -0.0000012711 0.0027897312 0.0000126831 0.0025782902
1413393959.60578 -0.637955 -2.352117 -0.097024 -0.716570 -0.353447 -0.537189 0.270242 0.0003782261 -0.0000029265 -0.0001088195 0.0000001799 0.0000008443 0.0000314621 0.0048398733 -0.0006189106 -0.0000013101 0.0027824519 0.0000126685 0.0025783239
1413393959.65578 -0.625698 -2.349890 -0.104029 -0.706452 -0.349813 -0.550562 0.274659 0.0003854561 -0.0000010849 -0.0000963944 0.0000001616 0.0000002731 0.0000242582 0.0048356310 -0.0006064928 -0.0000013530 0.0027759298 0.0000126592 0.0025783524
1413393959.70578 -0.615212 -2.349406 -0.110576 -0.698302 -0.345831 -0.560898 0.279585 0.0003907853 -0.0000009486 -0.0000856735 0.0000001618 0.0000002092 0.0000189334 0.0048346782 -0.0005965323 -0.0000013545 0.0027705928 0.0000126466 0.0025783309
1413393959.75578 -0.607110 -2.351498 -0.117291 -0.691956 -0.342925 -0.568957 0.282642 0.0003943924 -0.0000003148 -0.0000773860 0.0000001612 0.0000000628 0.0000153351 0.0048379960 -0.0005890833 -0.0000013985 0.0027664090 0.0000126488 0.0025783565
1413393959.80578 -0.600938 -2.356041 -0.125433 -0.692506 -0.343607 -0.568601 0.281183 0.0003940072 0.0000005876 -0.0000783301 0.0000001632 -0.0000001161 0.0000157241 0.0048465170 -0.0005847733 -0.0000014201 0.0027635591 0.0000126533 0.0025783630
1413393959.85578 -0.597438 -2.362942 -0.134509 -0.700459 -0.346699 -0.559117 0.276667 0.0003895028 0.0000001081 -0.0000884377 0.0000001638 -0.0000000239 0.0000202348 0.0048596237 -0.0005828343 -0.0000014570 0.0027616809 0.0000126641 0.0025783950
1413393959.90578 -0.596038 -2.372056 -0.142573 -0.708744 -0.350653 -0.549132 0.270515 0.0003839270 0.0000007222 -0.0000992500 0.0000001667 -0.0000001863 0.0000258159 0.0048768168 -0.0005835932 -0.0000014814 0.0027609480 0.0000126722 0.0025784387
1413393959.95578 -0.597048 -2.382791 -0.149762 -0.716966 -0.355201 -0.538764 0.263676 0.0003774210 0.0000018959 -0.0001101666 0.0000001762 -0.0000005532 0.0000323194 0.0048967480 -0.0005864523 -0.0000014892 0.0027611101 0.0000126813 0.0025784432
1413393960.00578 -0.598598 -2.393839 -0.156105 -0.724436 -0.358562 -0.529026 0.258374 0.0003711101 0.0000020328 -0.0001194831 0.0000001796 -0.0000006545 0.0000386358 0.0049189194 -0.0005914948 -0.0000014987 0.0027622654 0.0000126959 0.0025784809
1413393960.05578 -0.600954 -2.404841 -0.160905 -0.730819 -0.361517 -0.520480 0.253593 0.0003651778 0.0000022789 -0.0001273343 0.0000001842 -0.0000007946 0.0000445716 0.0049403779 -0.0005966991 -0.0000014775 0.0027635386 0.0000127087 0.0025784859
1413393960.10578 -0.604121 -2.415379 -0.164810 -0.735922 -0.364205 -0.513413 0.249360 0.0003599274 0.0000027459 -0.0001336755 0.0000001926 -0.0000010199 0.0000498219 0.0049606994 -0.0006020915 -0.0000014777 0.0027649967 0.0000127238 0.0025785148
1413393960.15578 -0.607403 -2.424929 -0.168221 -0.741388 -0.366904 -0.505572 0.245199 0.0003540359 0.0000028959 -0.0001402226 0.0000001971 -0.0000011472 0.0000557180 0.0049796355 -0.0006077509 -0.0000014760 0.0027666888 0.0000127378 0.0025785439
1413393960.20578 -0.610843 -2.433169 -0.171756 -0.747022 -0.369200 -0.497620 0.240881 0.0003477867 0.0000029098 -0.0001465871 0.0000001993 -0.0000012265 0.0000619688 0.0049959142 -0.0006129278 -0.0000014212 0.0027682818 0.0000127642 0.0025785203
1413393960.25578 -0.613703 -2.439671 -0.175116 -0.753830 -0.372256 -0.487307 0.236002 0.0003395955 0.0000026774 -0.0001541568 0.0000001977 -0.0000012154 0.0000701689 0.0050086774 -0.0006176061 -0.0000014081 0.0027698735 0.0000127805 0.0025785387
1413393960.30578 -0.615749 -2.443842 -0.177417 -0.758016 -0.374187 -0.480787 0.232894 0.0003342407 0.0000025601 -0.0001586818 0.0000001978 -0.0000012155 0.0000755299 0.0050170512 -0.0006207016 -0.0000013927 0.0027709324 0.0000127989 0.0025785477
1413393960.35578 -0.616548 -2.445052 -0.178223 -0.758971 -0.374830 -0.478977 0.232478 0.0003328841 0.0000023471 -0.0001597848 0.0000001962 -0.0000011267 0.0000768945 0.0050198105 -0.0006218712 -0.0000013715 0.0027713637 0.0000128048 0.0025785405
1413393960.40578 -0.615998 -2.443357 -0.177202 -0.754463 -0.374812 -0.484332 0.236057 0.0003376514 0.0000026356 -0.0001558451 0.0000002017 -0.0000012168 0.0000721277 0.0050160114 -0.0006209839 -0.0000013600 0.0027711737 0.0000128116 0.0025785358
1413393960.45578 -0.614751 -2.438725 -0.175987 -0.747914 -0.375427 -0.491193 0.241679 0.0003439486 0.0000028236 -0.0001502525 0.0000002057 -0.0000012342 0.0000658313 0.0050069679 -0.0006186404 -0.0000013506 0.0027705731 0.0000128147 0.0025785187
1413393960.50578 -0.613065 -2.432022 -0.176730 -0.740179 -0.377655 -0.497693 0.248625 0.0003502357 0.0000030609 -0.0001441758 0.0000002104 -0.0000012611 0.0000595424 0.0049935772 -0.0006152463 -0.0000013408 0.0027697113 0.0000128105 0.0025784898
1413393960.55578 -0.611455 -2.424104 -0.182239 -0.733010 -0.382705 -0.500935 0.255531 0.0003543378 0.0000034253 -0.0001399055 0.0000002173 -0.0000013543 0.0000554306 0.0049777811 -0.0006117851 -0.0000013313 0.0027689164 0.0000127750 0.0025784298
1413393960.60578 -0.610648 -2.414948 -0.193093 -0.725276 -0.389817 -0.502457 0.263732 0.0003577595 0.0000035947 -0.0001361532 0.0000002216 -0.0000013706 0.0000520064 0.0049600779 -0.0006084708 -0.0000013260 0.0027683905 0.0000127802 0.0025784193
1413393960.65578 -0.610569 -2.404854 -0.209862 -0.717504 -0.398611 -0.502022 0.272526 0.0003602207 0.0000035955 -0.0001333366 0.0000002226 -0.0000013343 0.0000495453 0.0049405851 -0.0006058742 -0.0000013212 0.0027683562 0.0000127858 0.0025784105
1413393960.70578 -0.611121 -2.394464 -0.232386 -0.710037 -0.409135 -0.499463 0.281057 0.0003614420 0.0000037721 -0.0001318943 0.0000002273 -0.0000013807 0.0000483211 0.0049204826 -0.0006039598 -0.0000013165 0.0027687291 0.0000127926 0.0025784088
1413393960.75578 -0.611750 -2.383765 -0.259886 -0.703082 -0.420797 -0.494941 0.289203 0.0003615211 0.0000039085 -0.0001317952 0.0000002313 -0.0000014301 0.0000482399 0.0048996362 -0.0006023056 -0.0000013125 0.0027692976 0.0000127979 0.0025784149
1413393960.80578 -0.613518 -2.372021 -0.290999 -0.696653 -0.432776 -0.488912 0.297229 0.0003608471 0.0000035804 -0.0001326037 0.0000002260 -0.0000013216 0.0000489244 0.0048786879 -0.0006007113 -0.0000012992 0.0027699404 0.0000128015 0.0025784353
1413393960.85578 -0.615500 -2.360028 -0.324972 -0.693874 -0.445066 -0.479024 0.301646 0.0003568688 0.0000030821 -0.0001371582 0.0000002184 -0.0000011910 0.0000529146 0.0048560351 -0.0005997065 -0.0000012835 0.0027710254 0.0000128052 0.0025784663
1413393960.90578 -0.617512 -2.347787 -0.358720 -0.693431 -0.456879 -0.467136 0.303644 0.0003508139 0.0000022802 -0.0001436017 0.0000002081 -0.0000009402 0.0000589869 0.0048318960 -0.0005983855 -0.0000012614 0.0027720888 0.0000128059 0.0025785107
1413393961.00578 -0.620291 -2.319901 -0.418356 -0.694931 -0.470843 -0.445431 0.311399 0.0003410591 -0.0000048553 -0.0001528326 0.0000002658 0.0000021701 0.0000687015 0.0047788410 -0.0005943206 -0.0000012099 0.0027740345 0.0000128044 0.0025786367
1413393961.05578 -0.619608 -2.303589 -0.442710 -0.693520 -0.475558 -0.440307 0.314649 0.0003393255 -0.0000064616 -0.0001543012 0.0000003214 0.0000029332 0.0000703836 0.0047479579 -0.0005894670 -0.0000011874 0.0027738266 0.0000127959 0.0025787036
1413393961.10579 -0.617918 -2.285359 -0.462295 -0.688792 -0.477922 -0.442215 0.318750 0.0003422205 -0.0000060366 -0.0001517495 0.0000003065 0.0000026717 0.0000675080 0.0047140208 -0.0005829538 -0.0000011672 0.0027729573 0.0000127820 0.0025787704
1413393961.15579 -0.615074 -2.264807 -0.477550 -0.682861 -0.478497 -0.447554 0.323167 0.0003472292 -0.0000048226 -0.0001471057 0.0000002682 0.0000020377 0.0000625391 0.0046775099 -0.0005753367 -0.0000011512 0.0027716037 0.0000127620 0.0025788286
1413393961.20580 -0.612123 -2.238885 -0.485177 -0.676145 -0.475303 -0.455214 0.331204 0.0003548390 -0.0000056815 -0.0001393042 0.0000002924 0.0000022253 0.0000549023 0.0046365627 -0.0005661443 -0.0000011291 0.0027695652 0.0000126784 0.0025788049
1413393961.25580 -0.608529 -2.215957 -0.488482 -0.666465 -0.464255 -0.468106 0.348092 0.0003676223 -0.0000112759 -0.0001237611 0.0000005486 0.0000037920 0.0000418723 0.0045896614 -0.0005564646 -0.0000011147 0.0027678895 0.0000126193 0.0025788247
1413393961.30580 -0.604529 -2.194476 -0.488730 -0.655810 -0.450835 -0.481560 0.367098 0.0003796947 -0.0000185325 -0.0001050225 0.0000011092 0.0000051228 0.0000292515 0.0045491814 -0.0005471652 -0.0000010997 0.0027659562 0.0000125774 0.0025788500
1413393961.35581 -0.600621 -2.174459 -0.484682 -0.644260 -0.435408 -0.495153 0.387522 0.0003898993 -0.0000270874 -0.0000834965 0.0000020885 0.0000057980 0.0000180793 0.0045149369 -0.0005385152 -0.0000010702 0.0027639150 0.0000125209 0.0025788690
1413393961.40580 -0.595807 -2.158506 -0.480551 -0.632974 -0.424195 -0.507823 0.401893 0.0003965905 -0.0000312877 -0.0000648854 0.0000026775 0.0000051158 0.0000108125 0.0044844424 -0.0005300070 -0.0000010475 0.0027617391 0.0000124818 0.0025789412
1413393961.45580 -0.590031 -2.146686 -0.473199 -0.625912 -0.419574 -0.515889 0.407493 0.0003997425 -0.0000311259 -0.0000548250 0.0000026349 0.0000042656 0.0000077164 0.0044633812 -0.0005219368 -0.0000010307 0.0027590956 0.0000124393 0.0025790264
1413393961.50580 -0.583944 -2.139536 -0.463523 -0.626433 -0.423595 -0.516078 0.402261 0.0003994488 -0.0000268787 -0.0000580587 0.0000020218 0.0000039033 0.0000086381 0.0044511657 -0.0005148571 -0.0000010289 0.0027563459 0.0000123895 0.0025791256
1413393961.55580 -0.578665 -2.138238 -0.451349 -0.629981 -0.432661 -0.513889 0.389675 0.0003972768 -0.0000185645 -0.0000677719 0.0000010823 0.0000031634 0.0000117641 0.0044496886 -0.0005096643 -0.0000010329 0.0027538772 0.0000123340 0.0025792445
1413393961.60579 -0.575451 -2.142909 -0.436556 -0.636849 -0.442681 -0.506796 0.376318 0.0003924513 -0.0000121632 -0.0000814027 0.0000005931 0.0000025194 0.0000170921 0.0044575132 -0.0005073411 -0.0000010345 0.0027523427 0.0000122766 0.0025793758
1413393961.65579 -0.572620 -2.149195 -0.417224 -0.644912 -0.453665 -0.497863 0.361122 0.0003853804 -0.0000054768 -0.0000966938 0.0000002955 0.0000013704 0.0000244743 0.0044689517 -0.0005063836 -0.0000010347 0.0027513510 0.0000122066 0.0025795195
1413393961.70579 -0.570813 -2.158671 -0.391393 -0.649731 -0.460334 -0.492221 0.351654 0.0003802800 -0.0000013796 -0.0001058088 0.0000002240 0.0000003798 0.0000296580 0.0044838084 -0.0005064897 -0.0000010346 0.0027505787 0.0000121611 0.0025796504
1413393961.75579 -0.570572 -2.168259 -0.359579 -0.650190 -0.463422 -0.492024 0.346994 0.0003787480 0.0000019808 -0.0001083160 0.0000002307 -0.0000005705 0.0000311975 0.0045018002 -0.0005079968 -0.0000010268 0.0027504928 0.0000120650 0.0025798045
1413393961.80579 -0.571619 -2.180823 -0.323590 -0.653122 -0.465940 -0.488573 0.342970 0.0003758962 0.0000029774 -0.0001127562 0.0000002451 -0.0000008971 0.0000340470 0.0045207229 -0.0005114112 -0.0000010214 0.0027512465 0.0000119937 0.0025799453
1413393961.85579 -0.573774 -2.193330 -0.284979 -0.655831 -0.468238 -0.485196 0.339447 0.0003731849 0.0000036751 -0.0001167621 0.0000002593 -0.0000011536 0.0000367602 0.0045449844 -0.0005167828 -0.0000010297 0.0027528236 0.0000118762 0.0025801254
1413393961.90579 -0.579230 -2.209853 -0.242719 -0.659275 -0.470568 -0.480801 0.335787 0.0003697920 0.0000039161 -0.0001215135 0.0000002656 -0.0000012902 0.0000401606 0.0045683249 -0.0005229302 -0.0000010159 0.0027546196 0.0000118045 0.0025802940
1413393961.95579 -0.585364 -2.233708 -0.189638 -0.661799 -0.472968 -0.476905 0.332994 0.0003668103 0.0000042557 -0.0001254481 0.0000002741 -0.0000014593 0.0000431361 0.0045985586 -0.0005331114 -0.0000010273 0.0027574236 0.0000119621 0.0025801613
1413393962.00579 -0.590780 -2.250760 -0.141608 -0.665024 -0.475178 -0.472483 0.329708 0.0003634674 0.0000041900 -0.0001296601 0.0000002747 -0.0000014986 0.0000464908 0.0046431778 -0.0005455760 -0.0000010512 0.0027609479 0.0000118994 0.0025803487
1413393962.05579 -0.596538 -2.267898 -0.088616 -0.668366 -0.477019 -0.467441 0.327474 0.0003600125 0.0000033025 -0.0001338024 0.0000002585 -0.0000012311 0.0000499699 0.0046729667 -0.0005552121 -0.0000010618 0.0027639857 0.0000118623 0.0025804659
1413393962.10579 -0.602431 -2.282832 -0.032171 -0.670813 -0.479433 -0.463414 0.324656 0.0003567780 0.0000035012 -0.0001374659 0.0000002645 -0.0000013529 0.0000532104 0.0047019606 -0.0005646672 -0.0000010805 0.0027670537 0.0000117749 0.0025806983
1413393962.15579 -0.608698 -2.295783 0.027054 -0.674157 -0.481026 -0.458548 0.322273 0.0003531939 0.0000026486 -0.0001413510 0.0000002522 -0.0000010637 0.0000568197 0.0047268757 -0.0005737253 -0.0000010939 0.0027703159 0.0000116874 0.0025809678
1413393962.20579 -0.615517 -2.308043 0.089501 -0.676581 -0.482646 -0.454323 0.320750 0.0003502245 0.0000018553 -0.0001444213 0.0000002441 -0.0000007688 0.0000598091 0.0047483964 -0.0005829745 -0.0000011099 0.0027737501 0.0000115829 0.0025812826
1413393962.25579 -0.621977 -2.322954 0.156611 -0.678081 -0.484230 -0.451273 0.319500 0.0003479515 0.0000015882 -0.0001466832 0.0000002434 -0.0000006736 0.0000620945 0.0047685898 -0.0005921525 -0.0000012161 0.0027767993 0.0000114217 0.0025812902
1413393962.30579 -0.628359 -2.329979 0.223404 -0.680331 -0.485667 -0.447778 0.317447 0.0003451457 0.0000012481 -0.0001493817 0.0000002432 -0.0000005443 0.0000649168 0.0047945450 -0.0006017112 -0.0000012459 0.0027803083 0.0000112860 0.0025816426
1413393962.35579 -0.634844 -2.336536 0.289379 -0.683472 -0.488501 -0.442667 0.313494 0.0003404710 0.0000015999 -0.0001536408 0.0000002486 -0.0000007264 0.0000696017 0.0048048764 -0.0006092855 -0.0000012717 0.0027838718 0.0000111609 0.0025820284
1413393962.40579 -0.640951 -2.340522 0.351611 -0.687481 -0.491790 -0.436472 0.308229 0.0003344834 0.0000021523 -0.0001587239 0.0000002576 -0.0000010261 0.0000755976 0.0048146069 -0.0006167680 -0.0000013062 0.0027875750 0.0000110169 0.0025824750
1413393962.45580 -0.646827 -2.346561 0.408629 -0.693688 -0.495279 -0.428084 0.300400 0.0003257416 0.0000028077 -0.0001654685 0.0000002699 -0.0000014319 0.0000843415 0.0048191593 -0.0006229081 -0.0000013496 0.0027905956 0.0000109308 0.0025829468
1413393962.50580 -0.651746 -2.346457 0.458894 -0.700735 -0.497122 -0.420351 0.291797 0.0003169298 0.0000033436 -0.0001715499 0.0000002835 -0.0000018159 0.0000931565 0.0048270057 -0.0006289277 -0.0000013988 0.0027935823 0.0000107885 0.0025834658
1413393962.55579 -0.655578 -2.343327 0.503195 -0.708141 -0.496774 -0.414490 0.282754 0.0003088903 0.0000041372 -0.0001765249 0.0000003062 -0.0000023708 0.0001011903 0.0048222750 -0.0006320263 -0.0000014514 0.0027959416 0.0000106312 0.0025840202
1413393962.60579 -0.658063 -2.336520 0.541967 -0.714063 -0.494243 -0.413273 0.273941 0.0003039735 0.0000061990 -0.0001792753 0.0000003799 -0.0000036634 0.0001060495 0.0048104674 -0.0006328758 -0.0000015147 0.0027976291 0.0000104581 0.0025846076
1413393962.65579 -0.659471 -2.325808 0.577227 -0.718106 -0.489694 -0.417588 0.264847 0.0003026770 0.0000101540 -0.0001798136 0.0000005968 -0.0000060414 0.0001071452 0.0047908908 -0.0006312081 -0.0000015952 0.0027984742 0.0000103008 0.0025852177
1413393962.70579 -0.659364 -2.310898 0.610834 -0.720512 -0.482843 -0.426909 0.255878 0.0003048987 0.0000154696 -0.0001782051 0.0000010440 -0.0000090525 0.0001044785 0.0047624399 -0.0006270998 -0.0000016371 0.0027985779 0.0000102267 0.0025857128
1413393962.75579 -0.658203 -2.290467 0.641164 -0.721305 -0.473237 -0.440729 0.248038 0.0003108015 0.0000212461 -0.0001741679 0.0000017148 -0.0000119185 0.0000979197 0.0047271914 -0.0006211343 -0.0000016833 0.0027982938 0.0000100902 0.0025863248
1413393962.80579 -0.656613 -2.266973 0.671209 -0.720628 -0.462177 -0.458081 0.239270 0.0003185701 0.0000284708 -0.0001681523 0.0000028103 -0.0000150423 0.0000890695 0.0046817584 -0.0006127127 -0.0000017670 0.0027973615 0.0000101728 0.0025865103
1413393962.85579 -0.654861 -2.239112 0.701043 -0.720218 -0.449740 -0.476013 0.228981 0.0003260453 0.0000360127 -0.0001613660 0.0000042463 -0.0000178400 0.0000801698 0.0046321668 -0.0006039306 -0.0000017872 0.0027959743 0.0000106583 0.0025862985
1413393962.90579 -0.654047 -2.206885 0.727296 -0.719178 -0.435962 -0.494821 0.218800 0.0003340534 0.0000432399 -0.0001531923 0.0000058693 -0.0000198463 0.0000705520 0.0045759722 -0.0005944734 -0.0000019147 0.0027954078 0.0000108383 0.0025866392
1413393962.95579 -0.653714 -2.173142 0.750714 -0.719682 -0.420680 -0.511652 0.208082 0.0003407485 0.0000490216 -0.0001454823 0.0000073281 -0.0000209464 0.0000624082 0.0045145328 -0.0005856501 -0.0000021259 0.0027957849 0.0000110446 0.0025869982
1413393963.00579 -0.656076 -2.136715 0.773291 -0.722064 -0.403766 -0.525946 0.197427 0.0003463372 0.0000526357 -0.0001387547 0.0000082769 -0.0000211041 0.0000558798 0.0044506032 -0.0005767907 -0.0000019664 0.0027961690 0.0000116145 0.0025849910
1413393963.05579 -0.661096 -2.097728 0.791842 -0.725270 -0.385599 -0.538648 0.187496 0.0003516007 0.0000544853 -0.0001324558 0.0000087230 -0.0000205408 0.0000501865 0.0043837385 -0.0005702274 -0.0000020040 0.0027987783 0.0000118413 0.0025848973
1413393963.10579 -0.668204 -2.056865 0.807664 -0.728065 -0.367039 -0.551223 0.177082 0.0003567130 0.0000561595 -0.0001258571 0.0000091238 -0.0000198279 0.0000446912 0.0043139387 -0.0005649220 -0.0000021108 0.0028029579 0.0000119969 0.0025849781
1413393963.15579 -0.678410 -2.013872 0.820230 -0.731890 -0.346870 -0.561657 0.168994 0.0003618886 0.0000548133 -0.0001199938 0.0000085863 -0.0000181862 0.0000400720 0.0042428608 -0.0005607796 -0.0000021854 0.0028084860 0.0000121709 0.0025849690
1413393963.20579 -0.691090 -1.968536 0.829772 -0.737156 -0.324509 -0.569379 0.164625 0.0003672363 0.0000492430 -0.0001152304 0.0000068877 -0.0000154599 0.0000364415 0.0041702158 -0.0005586310 -0.0000022782 0.0028161849 0.0000123575 0.0025849347
1413393963.25579 -0.707739 -1.922094 0.834222 -0.742210 -0.301219 -0.576380 0.161794 0.0003725095 0.0000418449 -0.0001105360 0.0000049838 -0.0000124230 0.0000330827 0.0040966158 -0.0005574666 -0.0000021293 0.0028252847 0.0000123793 0.0025840184
1413393963.30579 -0.726658 -1.875106 0.835714 -0.747579 -0.279033 -0.581639 0.157995 0.0003762266 0.0000347341 -0.0001072800 0.0000034880 -0.0000099082 0.0000308725 0.0040235307 -0.0005581817 -0.0000019149 0.0028366653 0.0000124854 0.0025832293
1413393963.35579 -0.748967 -1.827519 0.836968 -0.752717 -0.257943 -0.586294 0.152124 0.0003788317 0.0000289089 -0.0001048063 0.0000024829 -0.0000080001 0.0000292754 0.0039516768 -0.0005592997 -0.0000017241 0.0028493155 0.0000123658 0.0025825213
1413393963.40579 -0.772756 -1.779443 0.834982 -0.758356 -0.238582 -0.589184 0.144350 0.0003799426 0.0000245272 -0.0001040965 0.0000018584 -0.0000067208 0.0000288011 0.0038817828 -0.0005621116 -0.0000016870 0.0028648739 0.0000124422 0.0025823576
1413393963.45579 -0.797823 -1.730789 0.830827 -0.763848 -0.220687 -0.591363 0.134624 0.0003802311 0.0000218620 -0.0001042292 0.0000015305 -0.0000059930 0.0000288535 0.0038135466 -0.0005647630 -0.0000016769 0.0028817733 0.0000125204 0.0025822472
1413393963.50579 -0.824721 -1.681877 0.824208 -0.768743 -0.202787 -0.593245 0.126378 0.0003806620 0.0000182881 -0.0001042168 0.0000011501 -0.0000050065 0.0000288154 0.0037458603 -0.0005668311 -0.0000016771 0.0029000339 0.0000125931 0.0025821469
1413393963.55579 -0.852741 -1.632482 0.815955 -0.773120 -0.186138 -0.594711 0.118138 0.0003808393 0.0000153060 -0.0001044224 0.0000008846 -0.0000041958 0.0000289159 0.0036799993 -0.0005687112 -0.0000016766 0.0029199369 0.0000126708 0.0025820548
1413393963.60579 -0.882574 -1.583027 0.805664 -0.775969 -0.170103 -0.597348 0.110058 0.0003815746 0.0000128070 -0.0001035391 0.0000006978 -0.0000034741 0.0000283795 0.0036156602 -0.0005699587 -0.0000016826 0.0029412580 0.0000127470 0.0025819747
1413393963.65579 -0.914422 -1.534069 0.792854 -0.778021 -0.155652 -0.600170 0.101249 0.0003823186 0.0000115597 -0.0001024324 0.0000006142 -0.0000030961 0.0000277273 0.0035537053 -0.0005715284 -0.0000016745 0.0029649390 0.0000127883 0.0025818485
1413393963.70579 -0.947607 -1.484933 0.777492 -0.779555 -0.141899 -0.603020 0.092333 0.0003830835 0.0000107566 -0.0001012049 0.0000005635 -0.0000028415 0.0000270193 0.0034944800 -0.0005732354 -0.0000016779 0.0029910108 0.0000128174 0.0025817218
1413393963.75579 -0.981988 -1.435434 0.760063 -0.780917 -0.129317 -0.605540 0.082269 0.0003836214 0.0000111274 -0.0001002349 0.0000005774 -0.0000029084 0.0000264705 0.0034369089 -0.0005741925 -0.0000016556 0.0030187871 0.0000127342 0.0025814454
1413393963.80579 -1.018041 -1.386368 0.741432 -0.782232 -0.117660 -0.607597 0.071378 0.0003838873 0.0000124121 -0.0000996320 0.0000006514 -0.0000032235 0.0000261365 0.0033808889 -0.0005745081 -0.0000016461 0.0030490473 0.0000127136 0.0025812869
1413393963.85579 -1.055398 -1.336810 0.720892 -0.784580 -0.106527 -0.607825 0.060290 0.0003833280 0.0000138464 -0.0001004596 0.0000007453 -0.0000036318 0.0000266039 0.0033273279 -0.0005745984 -0.0000016963 0.0030819588 0.0000126792 0.0025811416
1413393963.90579 -1.095919 -1.287793 0.697212 -0.787419 -0.095606 -0.607000 0.048806 0.0003822383 0.0000154905 -0.0001021526 0.0000008680 -0.0000041443 0.0000275745 0.0032752101 -0.0005735060 -0.0000017312 0.0031171375 0.0000126203 0.0025809587
1413393963.95579 -1.136794 -1.238891 0.671606 -0.790966 -0.084918 -0.604822 0.036776 0.0003804955 0.0000175911 -0.0001048068 0.0000010501 -0.0000048519 0.0000291417 0.0032257865 -0.0005725349 -0.0000017144 0.0031563318 0.0000125731 0.0025808323
1413393964.00579 -1.178375 -1.188250 0.644941 -0.794648 -0.074172 -0.601979 0.025596 0.0003785710 0.0000191346 -0.0001077143 0.0000011993 -0.0000054525 0.0000309171 0.0031776237 -0.0005695539 -0.0000016864 0.0031968963 0.0000124733 0.0025806845
1413393964.05579 -1.221511 -1.137092 0.616633 -0.797329 -0.062711 -0.600089 0.015101 0.0003772222 0.0000201304 -0.0001096912 0.0000013034 -0.0000058635 0.0000321639 0.0031299238 -0.0005641382 -0.0000016375 0.0032393960 0.0000124098 0.0025805732
1413393964.10579 -1.268127 -1.085271 0.585439 -0.799022 -0.050097 -0.599184 0.005709 0.0003765881 0.0000199439 -0.0001107265 0.0000012814 -0.0000058753 0.0000328192 0.0030835930 -0.0005572728 -0.0000015868 0.0032851850 0.0000123069 0.0025804499
1413393964.15579 -1.313916 -1.032389 0.553038 0.800596 0.035461 0.598155 0.000552 0.0003763500 0.0000170002 -0.0001116033 0.0000009918 -0.0000050539 0.0000333554 0.0030393685 -0.0005495254 -0.0000014835 0.0033358474 0.0000122458 0.0025803862
1413393964.20579 -1.360421 -0.978177 0.519429 0.801316 0.019725 0.597895 0.005058 0.0003765849 0.0000124181 -0.0001118569 0.0000006294 -0.0000037016 0.0000334794 0.0029963816 -0.0005387351 -0.0000013491 0.0033872000 0.0000121249 0.0025802812
1413393964.25579 -1.408261 -0.923048 0.486520 0.802284 0.002805 0.596877 0.008422 0.0003763546 0.0000065622 -0.0001127207 0.0000003326 -0.0000019790 0.0000340124 0.0029552721 -0.0005257784 -0.0000012156 0.0034414878 0.0000120379 0.0025802101
1413393964.30579 -1.457159 -0.867709 0.454748 0.803805 -0.014042 0.594626 0.011007 0.0003752350 0.0000003062 -0.0001146082 0.0000002172 -0.0000001072 0.0000352547 0.0029160341 -0.0005106847 -0.0000010420 0.0034993573 0.0000119461 0.0025801512
1413393964.35579 -1.506362 -0.812397 0.423899 0.804992 -0.028764 0.592391 0.015296 0.0003739802 -0.0000037573 -0.0001164040 0.0000002539 0.0000011553 0.0000364806 0.0028794611 -0.0004936806 -0.0000008808 0.0035600218 0.0000118513 0.0025801261
1413393964.40579 -1.556520 -0.757568 0.394306 0.805819 -0.044197 0.590206 0.018945 0.0003726084 -0.0000085254 -0.0001181306 0.0000004084 0.0000026895 0.0000376993 0.0028455855 -0.0004749328 -0.0000007701 0.0036233730 0.0000117558 0.0025800681
1413393964.45579 -1.607393 -0.702241 0.366897 0.806197 -0.058243 0.588317 0.023192 0.0003714194 -0.0000122309 -0.0001194886 0.0000006132 0.0000039216 0.0000386854 0.0028144887 -0.0004544677 -0.0000006876 0.0036898139 0.0000116520 0.0025800113
1413393964.50579 -1.655934 -0.648768 0.341168 0.806560 -0.071688 0.586149 0.027421 0.0003700263 -0.0000154989 -0.0001210403 0.0000008580 0.0000050568 0.0000398369 0.0027857544 -0.0004316303 -0.0000005705 0.0037587358 0.0000115596 0.0025800067
1413393964.55579 -1.706172 -0.596531 0.316154 0.805493 -0.085602 0.585579 0.030846 0.0003693266 -0.0000197049 -0.0001213938 0.0000012609 0.0000064638 0.0000401430 0.0027607238 -0.0004075866 -0.0000004097 0.0038266775 0.0000114563 0.0025800549
1413393964.60579 -1.757917 -0.545232 0.291510 0.804526 -0.099402 0.584577 0.033579 0.0003682541 -0.0000242194 -0.0001220369 0.0000018015 0.0000080137 0.0000406818 0.0027384283 -0.0003829104 -0.0000002676 0.0038993046 0.0000113558 0.0025800962
1413393964.65579 -1.809049 -0.495952 0.268400 0.802754 -0.113095 0.584382 0.035970 0.0003675752 -0.0000289239 -0.0001219364 0.0000024845 0.0000095828 0.0000406886 0.0027190187 -0.0003575778 -0.0000000975 0.0039767385 0.0000112438 0.0025801534
1413393964.70579 -1.856681 -0.448677 0.247346 0.800198 -0.125655 0.585051 0.040111 0.0003676971 -0.0000321088 -0.0001209771 0.0000030015 0.0000105570 0.0000400345 0.0027008957 -0.0003312106 -0.0000003334 0.0040541327 0.0000113472 0.0025800646
1413393964.75579 -1.907700 -0.404180 0.226875 0.798787 -0.138959 0.583782 0.042766 0.0003661595 -0.0000363988 -0.0001218329 0.0000038154 0.0000121043 0.0000407684 0.0026866332 -0.0003044392 -0.0000002143 0.0041288182 0.0000112742 0.0025801096
1413393964.80579 -1.958143 -0.362896 0.207134 0.798500 -0.152443 0.580638 0.044921 0.0003634341 -0.0000406087 -0.0001240680 0.0000047337 0.0000138569 0.0000425833 0.0026747571 -0.0002788150 -0.0000000985 0.0042114143 0.0000112064 0.0025801509
1413393964.85579 -2.008347 -0.322638 0.187632 0.799533 -0.164744 0.575586 0.048033 0.0003598445 -0.0000432801 -0.0001276499 0.0000053965 0.0000153505 0.0000455058 0.0026640886 -0.0002536982 -0.0000001212 0.0042947417 0.0000112470 0.0025801251
1413393964.90580 -2.060508 -0.286878 0.169646 0.801760 -0.178192 0.568200 0.050760 0.0003544171 -0.0000461628 -0.0001330010 0.0000062036 0.0000173217 0.0000501349 0.0026560058 -0.0002286800 -0.0000000028 0.0043798164 0.0000111925 0.0025801726
1413393964.95580 -2.112270 -0.255414 0.151357 0.805657 -0.192312 0.557972 0.050994 0.0003463941 -0.0000498935 -0.0001402203 0.0000073761 0.0000201974 0.0000569833 0.0026492389 -0.0002056798 0.0000000745 0.0044696417 0.0000111736 0.0025801961
1413393965.00580 -2.165057 -0.226195 0.134619 0.809119 -0.208903 0.547171 0.047859 0.0003365271 -0.0000561723 -0.0001472660 0.0000095672 0.0000245843 0.0000646692 0.0026447483 -0.0001859132 0.0000001978 0.0045607976 0.0000111276 0.0025802537
1413393965.05580 -2.216863 -0.201027 0.118626 0.811585 -0.226410 0.536805 0.043701 0.0003259476 -0.0000629612 -0.0001534520 0.0000123535 0.0000296482 0.0000724687 0.0026407342 -0.0001673250 0.0000002555 0.0046540312 0.0000111392 0.0025802906
1413393965.10580 -2.267409 -0.181274 0.104236 0.813559 -0.244700 0.526106 0.038162 0.0003140892 -0.0000701303 -0.0001591181 0.0000158527 0.0000355392 0.0000808385 0.0026382845 -0.0001522463 0.0000003711 0.0047479117 0.0000111147 0.0025803514
1413393965.15580 -2.318326 -0.167143 0.091026 0.814326 -0.262037 0.516745 0.034423 0.0003032905 -0.0000757589 -0.0001635057 0.0000191178 0.0000408586 0.0000883780 0.0026364665 -0.0001423840 0.0000004063 0.0048402104 0.0000111557 0.0025803849
1413393965.20580 -2.365341 -0.161423 0.079864 0.815619 -0.276348 0.507153 0.034533 0.0002940964 -0.0000777635 -0.0001677732 0.0000207576 0.0000443819 0.0000959439 0.0026358168 -0.0001381850 0.0000005037 0.0049361098 0.0000111572 0.0025804440
1413393965.25580 -2.409629 -0.163506 0.070702 0.819381 -0.286432 0.494983 0.039537 0.0002854139 -0.0000748387 -0.0001733899 0.0000198185 0.0000454877 0.0001055731 0.0026360581 -0.0001431255 0.0000005750 0.0050225768 0.0000111727 0.0025804843
1413393965.30580 -2.451671 -0.173457 0.063773 0.823832 -0.291470 0.483746 0.048327 0.0002795856 -0.0000684944 -0.0001785409 0.0000169723 0.0000437648 0.0001142549 0.0026365608 -0.0001545212 0.0000005777 0.0051076579 0.0000112449 0.0025805075
1413393965.35580 -2.491622 -0.190451 0.058791 0.829781 -0.290349 0.472503 0.062470 0.0002763466 -0.0000574641 -0.0001836860 0.0000121377 0.0000382198 0.0001223391 0.0026386600 -0.0001748179 0.0000005727 0.0051859360 0.0000113245 0.0025805459
1413393965.40580 -2.526509 -0.215290 0.056868 0.835670 -0.282179 0.463860 0.082853 0.0002774737 -0.0000415757 -0.0001875006 0.0000064137 0.0000281139 0.0001269471 0.0026420244 -0.0002022125 0.0000005473 0.0052599499 0.0000114161 0.0025805758
1413393965.45580 -2.556430 -0.246116 0.057852 0.840637 -0.269303 0.457703 0.106362 0.0002807298 -0.0000229660 -0.0001894220 0.0000020596 0.0000155090 0.0001280572 0.0026472876 -0.0002370978 0.0000005224 0.0053220122 0.0000115043 0.0025806045
1413393965.50580 -2.585254 -0.279293 0.060157 0.843860 -0.250227 0.455164 0.134584 0.0002865796 -0.0000002268 -0.0001883994 0.0000001744 0.0000001546 0.0001240941 0.0026528817 -0.0002760050 0.0000001617 0.0053730094 0.0000117601 0.0025804920
1413393965.55580 -2.602819 -0.317223 0.065060 0.846036 -0.229577 0.452932 0.162389 0.0002904439 0.0000230675 -0.0001852637 0.0000020066 -0.0000147166 0.0001184084 0.0026610478 -0.0003169649 0.0000001019 0.0054210727 0.0000118486 0.0025804908
1413393965.65580 -2.618644 -0.394363 0.076662 0.844358 -0.198491 0.455227 0.201069 0.0002957679 0.0000553320 -0.0001756867 0.0000105305 -0.0000328797 0.0001045869 0.0026821926 -0.0004018373 -0.0000000369 0.0054550393 0.0000120105 0.0025805195
1413393965.70580 -2.615588 -0.430766 0.084083 0.840147 -0.191946 0.462155 0.209099 0.0003015494 0.0000611734 -0.0001706138 0.0000125886 -0.0000346242 0.0000967551 0.0026937877 -0.0004407877 -0.0000001706 0.0054474295 0.0000120824 0.0025804652
1413393965.75580 -2.604682 -0.465962 0.091995 0.833802 -0.193877 0.473665 0.206949 0.0003109898 0.0000576732 -0.0001662009 0.0000108714 -0.0000308323 0.0000890401 0.0027053873 -0.0004756395 -0.0000003466 0.0054265041 0.0000121471 0.0025804146
1413393965.80580 -2.589633 -0.498449 0.100365 0.824455 -0.196475 0.490213 0.203377 0.0003240148 0.0000520184 -0.0001591384 0.0000085257 -0.0000255561 0.0000783715 0.0027178970 -0.0005079203 -0.0000004495 0.0053895201 0.0000121853 0.0025803843
1413393965.85580 -2.570714 -0.529156 0.108875 0.813627 -0.198964 0.508553 0.199496 0.0003377773 0.0000455018 -0.0001500288 0.0000063026 -0.0000202153 0.0000668420 0.0027301091 -0.0005364314 -0.0000005679 0.0053475657 0.0000122162 0.0025803513
1413393965.90580 -2.547559 -0.558190 0.114611 0.806276 -0.199262 0.520326 0.198682 0.0003462668 0.0000425910 -0.0001429976 0.0000054116 -0.0000175929 0.0000592539 0.0027423918 -0.0005621457 -0.0000006741 0.0053013675 0.0000122404 0.0025803239
1413393965.95580 -2.522663 -0.585704 0.117593 0.801841 -0.195048 0.526711 0.203920 0.0003507875 0.0000461121 -0.0001372775 0.0000062352 -0.0000180505 0.0000539197 0.0027545879 -0.0005848128 -0.0000007804 0.0052472658 0.0000122582 0.0025802966
1413393966.00580 -2.497715 -0.610662 0.118516 0.799263 -0.189645 0.529927 0.210689 0.0003528821 0.0000516487 -0.0001330114 0.0000077332 -0.0000194744 0.0000503310 0.0027660133 -0.0006045720 -0.0000008541 0.0051908337 0.0000122637 0.0025802592
1413393966.05580 -2.468861 -0.633469 0.118935 0.798121 -0.185613 0.531036 0.215758 0.0003534662 0.0000560843 -0.0001305536 0.0000090741 -0.0000207225 0.0000484145 0.0027767817 -0.0006205684 -0.0000009119 0.0051343721 0.0000122639 0.0025802393
1413393966.10580 -2.437643 -0.652993 0.120610 0.797011 -0.186719 0.533135 0.213722 0.0003548926 0.0000540431 -0.0001297965 0.0000084057 -0.0000197731 0.0000476651 0.0027863588 -0.0006319687 -0.0000009744 0.0050709648 0.0000122643 0.0025802313
1413393966.15580 -2.404557 -0.669054 0.124502 0.796904 -0.190430 0.533836 0.209045 0.0003555114 0.0000496104 -0.0001308546 0.0000070993 -0.0000182678 0.0000483585 0.0027944634 -0.0006392513 -0.0000010385 0.0050049252 0.0000122507 0.0025802149
1413393966.20580 -2.368559 -0.682041 0.132054 0.796559 -0.192936 0.534649 0.205960 0.0003561301 0.0000465711 -0.0001312677 0.0000062674 -0.0000171731 0.0000485791 0.0028012933 -0.0006425811 -0.0000010828 0.0049347504 0.0000122380 0.0025802052
1413393966.25580 -2.331312 -0.691845 0.143419 0.796867 -0.194465 0.534511 0.203679 0.0003560134 0.0000445982 -0.0001320854 0.0000057648 -0.0000165533 0.0000491997 0.0028065081 -0.0006419373 -0.0000011057 0.0048610731 0.0000122073 0.0025801816
1413393966.30580 -2.290371 -0.699386 0.158434 0.797938 -0.191304 0.532460 0.207805 0.0003546391 0.0000487669 -0.0001321745 0.0000068858 -0.0000181830 0.0000494560 0.0028104753 -0.0006381687 -0.0000011329 0.0047856559 0.0000121863 0.0025801625
1413393966.35580 -2.246580 -0.704482 0.177442 0.797614 -0.185141 0.532259 0.215022 0.0003542145 0.0000556064 -0.0001299357 0.0000089116 -0.0000204065 0.0000478578 0.0028130467 -0.0006306394 -0.0000011603 0.0047041027 0.0000121737 0.0025801486
1413393966.40580 -2.200785 -0.705871 0.201068 0.794337 -0.177034 0.536231 0.223931 0.0003561115 0.0000633907 -0.0001240512 0.0000114689 -0.0000220913 0.0000434049 0.0028135502 -0.0006189516 -0.0000011883 0.0046201651 0.0000121635 0.0025801290
1413393966.45580 -2.153125 -0.703098 0.227021 0.789128 -0.172445 0.543559 0.228216 0.0003602621 0.0000663843 -0.0001171801 0.0000124189 -0.0000216008 0.0000383033 0.0028116977 -0.0006030630 -0.0000011981 0.0045350462 0.0000121535 0.0025800964
1413393966.50580 -2.103602 -0.696220 0.254346 0.781844 -0.170844 0.554539 0.228077 0.0003668045 0.0000648184 -0.0001089346 0.0000116416 -0.0000192570 0.0000325380 0.0028077212 -0.0005832836 -0.0000012230 0.0044483622 0.0000121503 0.0025800785
1413393966.55580 -2.053224 -0.685457 0.280172 0.773806 -0.171142 0.567008 0.224580 0.0003740722 0.0000601080 -0.0001002813 0.0000098466 -0.0000161191 0.0000270676 0.0028016231 -0.0005601619 -0.0000012432 0.0043622249 0.0000121548 0.0025800604
1413393966.60580 -2.002929 -0.671147 0.303475 0.766600 -0.171818 0.577942 0.220877 0.0003800667 0.0000552616 -0.0000925014 0.0000082238 -0.0000134535 0.0000226958 0.0027938068 -0.0005346513 -0.0000012587 0.0042780657 0.0000121610 0.0025800378
1413393966.65580 -1.952585 -0.652877 0.322785 0.760726 -0.173015 0.586557 0.217516 0.0003845644 0.0000507988 -0.0000862443 0.0000068999 -0.0000113951 0.0000195234 0.0027843947 -0.0005070663 -0.0000012834 0.0041965788 0.0000121685 0.0025800230
1413393966.70580 -1.903951 -0.630434 0.338832 0.755575 -0.174229 0.593862 0.214658 0.0003881670 0.0000468271 -0.0000807565 0.0000058397 -0.0000097440 0.0000169825 0.0027730602 -0.0004770354 -0.0000013168 0.0041190971 0.0000121789 0.0025800155
1413393966.75580 -1.857024 -0.604402 0.351987 0.751625 -0.175609 0.599306 0.212256 0.0003907522 0.0000434355 -0.0000766506 0.0000050199 -0.0000085215 0.0000152175 0.0027603329 -0.0004454222 -0.0000013504 0.0040461542 0.0000121945 0.0025800110
1413393966.80580 -1.812014 -0.574553 0.362151 0.748980 -0.176416 0.602852 0.210892 0.0003923546 0.0000413705 -0.0000738564 0.0000045551 -0.0000077881 0.0000140851 0.0027465400 -0.0004125371 -0.0000013699 0.0039779047 0.0000122039 0.0025800214
1413393966.85580 -1.768293 -0.541484 0.369293 0.749003 -0.179457 0.603083 0.207557 0.0003927309 0.0000378707 -0.0000747830 0.0000038459 -0.0000072112 0.0000144242 0.0027320204 -0.0003786246 -0.0000013747 0.0039143645 0.0000122145 0.0025800373
1413393966.90580 -1.726383 -0.505478 0.373338 0.752788 -0.185716 0.598726 0.200865 0.0003912241 0.0000320160 -0.0000810262 0.0000028151 -0.0000066301 0.0000169681 0.0027172262 -0.0003440027 -0.0000013752 0.0038540581 0.0000122287 0.0025800472
1413393966.95579 -1.686650 -0.466491 0.374719 0.756791 -0.195552 0.593840 0.190737 0.0003891353 0.0000225051 -0.0000886442 0.0000014974 -0.0000051249 0.0000203828 0.0027025425 -0.0003091457 -0.0000013784 0.0037980633 0.0000122454 0.0025800638
1413393967.00579 -1.648282 -0.425869 0.373662 0.761293 -0.208868 0.587210 0.178863 0.0003854580 0.0000106781 -0.0000979315 0.0000004920 -0.0000027096 0.0000250744 0.0026883149 -0.0002743321 -0.0000013512 0.0037459489 0.0000122560 0.0025800254
1413393967.05579 -1.611746 -0.383543 0.370758 0.764350 -0.221264 0.581576 0.169059 0.0003815507 0.0000003804 -0.0001053545 0.0000001976 -0.0000000999 0.0000292878 0.0026752888 -0.0002404536 -0.0000013517 0.0036959753 0.0000122657 0.0025800293
1413393967.10579 -1.576370 -0.341128 0.366139 0.766437 -0.231888 0.576762 0.161701 0.0003778001 -0.0000077472 -0.0001111316 0.0000003573 0.0000022855 0.0000328906 0.0026633763 -0.0002073092 -0.0000013442 0.0036498011 0.0000122706 0.0025800334
1413393967.15579 -1.543380 -0.298171 0.360469 0.767320 -0.240313 0.573112 0.158156 0.0003749987 -0.0000128654 -0.0001149183 0.0000006407 0.0000039504 0.0000354205 0.0026530415 -0.0001758461 -0.0000013158 0.0036061790 0.0000122315 0.0025800142
1413393967.20579 -1.511796 -0.256051 0.353567 0.767358 -0.247970 0.570407 0.155913 0.0003728222 -0.0000170824 -0.0001175455 0.0000009834 0.0000053948 0.0000372670 0.0026441763 -0.0001457143 -0.0000012951 0.0035665660 0.0000122262 0.0025800149
1413393967.25579 -1.480937 -0.214764 0.345416 0.765140 -0.254071 0.570118 0.158034 0.0003728308 -0.0000187391 -0.0001172964 0.0000011437 0.0000059049 0.0000371111 0.0026370858 -0.0001175690 -0.0000012681 0.0035299486 0.0000122168 0.0025800247
1413393967.30579 -1.451997 -0.174587 0.335610 0.762331 -0.260392 0.569921 0.161979 0.0003732745 -0.0000195375 -0.0001165475 0.0000012256 0.0000061099 0.0000365999 0.0026315125 -0.0000909953 -0.0000012417 0.0034948512 0.0000122060 0.0025800305
1413393967.35579 -1.424282 -0.135815 0.324338 0.758566 -0.266317 0.570014 0.169519 0.0003746877 -0.0000182287 -0.0001147143 0.0000010904 0.0000055908 0.0000353322 0.0026272419 -0.0000662307 -0.0000011923 0.0034624072 0.0000121640 0.0025800111
1413393967.40579 -1.398458 -0.098030 0.311535 0.753487 -0.273605 0.570659 0.178174 0.0003765725 -0.0000172392 -0.0001120579 0.0000009936 0.0000051397 0.0000335576 0.0026244062 -0.0000430862 -0.0000011665 0.0034324125 0.0000121468 0.0025800050
1413393967.45579 -1.374995 -0.060435 0.296978 0.747235 -0.282962 0.571721 0.186297 0.0003784496 -0.0000178385 -0.0001090570 0.0000010461 0.0000051506 0.0000316396 0.0026227220 -0.0000211652 -0.0000011285 0.0034047321 0.0000121137 0.0025799922
1413393967.50579 -1.352263 -0.023916 0.280835 0.740936 -0.294600 0.572059 0.192286 0.0003793876 -0.0000205939 -0.0001070783 0.0000013241 0.0000058231 0.0000304356 0.0026222226 0.0000000389 -0.0000011000 0.0033802204 0.0000120775 0.0025799780
1413393967.55579 -1.332002 0.012250 0.265056 0.735789 -0.305860 0.569954 0.200542 0.0003797046 -0.0000211606 -0.0001064679 0.0000013861 0.0000059441 0.0000300683 0.0026228119 0.0000200220 -0.0000010801 0.0033574254 0.0000120532 0.0025799646
1413393967.60579 -1.314360 0.049250 0.249830 0.730852 -0.318936 0.566857 0.206901 0.0003790310 -0.0000233751 -0.0001071207 0.0000016492 0.0000066175 0.0000304909 0.0026244766 0.0000393305 -0.0000010550 0.0033376305 0.0000120203 0.0025799597
1413393967.65579 -1.299124 0.085703 0.235686 0.726067 -0.331972 0.562958 0.213776 0.0003781489 -0.0000249787 -0.0001081951 0.0000018582 0.0000071585 0.0000311750 0.0026272978 0.0000587210 -0.0000010332 0.0033211931 0.0000119853 0.0025799578
1413393967.70579 -1.286105 0.120438 0.222889 0.721429 -0.343781 0.558061 0.223433 0.0003776814 -0.0000241441 -0.0001091396 0.0000017519 0.0000069887 0.0000317584 0.0026310551 0.0000770414 -0.0000010162 0.0033069674 0.0000119452 0.0025799429
1413393967.75579 -1.275353 0.155205 0.211843 0.717014 -0.355816 0.552500 0.232444 0.0003768110 -0.0000235352 -0.0001106470 0.0000016788 0.0000069226 0.0000327123 0.0026357275 0.0000946593 -0.0000009955 0.0032956851 0.0000119143 0.0025799375
1413393967.80579 -1.266762 0.189602 0.203407 0.712641 -0.367425 0.546675 0.241431 0.0003759325 -0.0000226417 -0.0001121939 0.0000015724 0.0000067688 0.0000337068 0.0026414577 0.0001124694 -0.0000009806 0.0032871741 0.0000118991 0.0025799379
1413393967.85579 -1.260341 0.224750 0.197465 0.709604 -0.378850 0.539372 0.249024 0.0003740423 -0.0000216587 -0.0001152163 0.0000014632 0.0000066830 0.0000357158 0.0026481460 0.0001300396 -0.0000009583 0.0032806786 0.0000118780 0.0025799426
1413393967.90579 -1.256009 0.260584 0.194124 0.710405 -0.391675 0.527550 0.252204 0.0003685385 -0.0000213841 -0.0001229430 0.0000014503 0.0000071454 0.0000412439 0.0026559935 0.0001479559 -0.0000009329 0.0032759859 0.0000118550 0.0025799542
1413393967.95579 -1.252474 0.295190 0.194482 0.713381 -0.403605 0.513995 0.252982 0.0003611480 -0.0000207865 -0.0001322844 0.0000014064 0.0000076259 0.0000486914 0.0026646653 0.0001654445 -0.0000009070 0.0032722788 0.0000118352 0.0025799660
1413393968.00579 -1.249406 0.327894 0.198673 0.717034 -0.414630 0.500501 0.251877 0.0003527885 -0.0000204987 -0.0001415867 0.0000014015 0.0000082393 0.0000570684 0.0026738542 0.0001821065 -0.0000008786 0.0032692877 0.0000118282 0.0025799820
1413393968.05579 -1.246625 0.357816 0.208814 0.718858 -0.420860 0.490798 0.255417 0.0003482543 -0.0000173572 -0.0001465748 0.0000010753 0.0000073174 0.0000619404 0.0026830735 0.0001974189 -0.0000008487 0.0032665608 0.0000118487 0.0025799888
1413393968.10579 -1.243189 0.385919 0.223728 0.718976 -0.425363 0.484977 0.258721 0.0003459022 -0.0000152882 -0.0001490678 0.0000008859 0.0000066000 0.0000644937 0.0026921878 0.0002112174 -0.0000008170 0.0032635468 0.0000118617 0.0025799882
1413393968.15579 -1.238959 0.411533 0.242426 0.717466 -0.428974 0.482692 0.261213 0.0003453574 -0.0000148129 -0.0001496386 0.0000008455 0.0000064294 0.0000650902 0.0027011278 0.0002236146 -0.0000007850 0.0032594940 0.0000118905 0.0025799846
1413393968.20579 -1.233741 0.434544 0.262960 0.714729 -0.433614 0.482768 0.260917 0.0003450946 -0.0000172166 -0.0001496371 0.0000010691 0.0000074771 0.0000651392 0.0027097704 0.0002346582 -0.0000007570 0.0032545641 0.0000119379 0.0025799803
1413393968.25579 -1.228415 0.455518 0.283039 0.712840 -0.438292 0.482778 0.258234 0.0003438093 -0.0000207091 -0.0001503936 0.0000014572 0.0000090719 0.0000660431 0.0027179133 0.0002443486 -0.0000007254 0.0032487517 0.0000119967 0.0025799706
1413393968.30579 -1.221382 0.474174 0.301684 0.712938 -0.440989 0.480936 0.256807 0.0003420700 -0.0000217420 -0.0001518318 0.0000015891 0.0000096649 0.0000676479 0.0027254805 0.0002528458 -0.0000007285 0.0032426063 0.0000119807 0.0025799349
1413393968.35579 -1.215056 0.490699 0.318137 0.716288 -0.438855 0.475633 0.260981 0.0003406697 -0.0000163223 -0.0001537580 0.0000009875 0.0000073801 0.0000696538 0.0027320967 0.0002592888 -0.0000007182 0.0032349598 0.0000119832 0.0025799040
1413393968.40579 -1.208416 0.505476 0.332344 0.721252 -0.433622 0.468922 0.268103 0.0003395163 -0.0000074667 -0.0001554514 0.0000003694 0.0000034291 0.0000714342 0.0027381789 0.0002648529 -0.0000006853 0.0032280221 0.0000120172 0.0025798958
1413393968.45579 -1.200591 0.518014 0.344964 0.725264 -0.427924 0.463769 0.275302 0.0003390835 0.0000008729 -0.0001560065 0.0000002073 -0.0000003938 0.0000720362 0.0027438034 0.0002694836 -0.0000006539 0.0032203648 0.0000120519 0.0025798898
1413393968.50579 -1.191443 0.528857 0.355506 0.726392 -0.421131 0.463402 0.283306 0.0003416980 0.0000079354 -0.0001535362 0.0000003895 -0.0000035601 0.0000692481 0.0027487154 0.0002727553 -0.0000006251 0.0032111876 0.0000120858 0.0025798781
1413393968.55579 -1.180414 0.538173 0.363552 0.726329 -0.415416 0.464501 0.290024 0.0003446161 0.0000132791 -0.0001505227 0.0000007151 -0.0000057952 0.0000660009 0.0027529651 0.0002748788 -0.0000006381 0.0032001913 0.0000120885 0.0025798339
1413393968.60579 -1.167751 0.545615 0.368666 0.726910 -0.411744 0.463879 0.294762 0.0003456847 0.0000175025 -0.0001491010 0.0000010903 -0.0000075455 0.0000645656 0.0027566006 0.0002756328 -0.0000006127 0.0031876365 0.0000121132 0.0025798329
1413393968.65579 -1.153405 0.551605 0.370792 0.727105 -0.410996 0.462543 0.297413 0.0003456698 0.0000196809 -0.0001488510 0.0000013252 -0.0000084721 0.0000643537 0.0027595877 0.0002752550 -0.0000005914 0.0031738144 0.0000121337 0.0025798299
1413393968.70579 -1.137511 0.557045 0.370108 0.726572 -0.413507 0.460816 0.297914 0.0003448403 0.0000194589 -0.0001496639 0.0000013028 -0.0000084428 0.0000652132 0.0027621348 0.0002739593 -0.0000005747 0.0031586685 0.0000121504 0.0025798253
1413393968.75579 -1.119690 0.561360 0.367174 0.725266 -0.416729 0.459573 0.298528 0.0003444204 0.0000187676 -0.0001501486 0.0000012274 -0.0000081793 0.0000657156 0.0027643721 0.0002718318 -0.0000005605 0.0031420123 0.0000121598 0.0025798213
1413393968.80579 -1.100061 0.564179 0.362076 0.720968 -0.419963 0.461381 0.301603 0.0003468191 0.0000178389 -0.0001480169 0.0000011224 -0.0000076110 0.0000634294 0.0027658638 0.0002684939 -0.0000005491 0.0031240100 0.0000121626 0.0025798191
1413393968.85579 -1.079259 0.566041 0.354854 0.713784 -0.423121 0.465929 0.307231 0.0003517618 0.0000167888 -0.0001432696 0.0000010056 -0.0000068352 0.0000586075 0.0027667322 0.0002641961 -0.0000005482 0.0031049328 0.0000121495 0.0025798070
1413393968.90579 -1.057951 0.568622 0.345059 0.703758 -0.427439 0.472797 0.313821 0.0003582718 0.0000143149 -0.0001365744 0.0000007736 -0.0000054530 0.0000523106 0.0027670861 0.0002592121 -0.0000005963 0.0030850053 0.0000120538 0.0025797431
1413393968.95579 -1.034900 0.569429 0.332516 0.691881 -0.435187 0.480546 0.317789 0.0003643397 0.0000082522 -0.0001300018 0.0000003877 -0.0000029397 0.0000466312 0.0027683257 0.0002549070 -0.0000006130 0.0030657794 0.0000120094 0.0025797159
1413393969.00579 -1.011186 0.570343 0.317586 0.679584 -0.445182 0.487053 0.320557 0.0003689045 0.0000007249 -0.0001244969 0.0000002024 -0.0000002387 0.0000422578 0.0027686414 0.0002494324 -0.0000006108 0.0030458375 0.0000119876 0.0025797128
1413393969.05579 -0.988011 0.572018 0.300476 0.667473 -0.454884 0.491787 0.325125 0.0003727176 -0.0000052990 -0.0001192219 0.0000002765 0.0000017015 0.0000383774 0.0027693744 0.0002443066 -0.0000006115 0.0030264310 0.0000119641 0.0025797102
1413393969.10579 -0.965461 0.574606 0.282673 0.656068 -0.464088 0.494203 0.331602 0.0003758269 -0.0000093327 -0.0001144874 0.0000004330 0.0000028495 0.0000351169 0.0027706689 0.0002398574 -0.0000006167 0.0030082591 0.0000119342 0.0025797083
1413393969.15579 -0.943969 0.577985 0.264518 0.646574 -0.471740 0.492751 0.341467 0.0003782867 -0.0000092614 -0.0001107535 0.0000004278 0.0000027173 0.0000326664 0.0027722014 0.0002357483 -0.0000006245 0.0029911366 0.0000119018 0.0025797025
1413393969.20579 -0.923260 0.581792 0.246936 0.638672 -0.480069 0.488053 0.351335 0.0003793765 -0.0000078944 -0.0001091528 0.0000003653 0.0000022760 0.0000316460 0.0027740231 0.0002320232 -0.0000006293 0.0029751294 0.0000118750 0.0025797047
1413393969.25579 -0.903578 0.586743 0.230803 0.630563 -0.488715 0.482816 0.361160 0.0003802939 -0.0000065755 -0.0001077768 0.0000003147 0.0000018671 0.0000307859 0.0027764824 0.0002289396 -0.0000006332 0.0029601766 0.0000118476 0.0025797085
1413393969.30579 -0.884337 0.592356 0.214891 0.623547 -0.499762 0.475367 0.368040 0.0003793401 -0.0000064646 -0.0001093228 0.0000003111 0.0000018656 0.0000317488 0.0027793029 0.0002261609 -0.0000006406 0.0029459230 0.0000118187 0.0025797099
1413393969.35579 -0.865642 0.599177 0.199761 0.615731 -0.511312 0.469123 0.373309 0.0003783626 -0.0000079848 -0.0001107720 0.0000003696 0.0000023395 0.0000326746 0.0027827230 0.0002238218 -0.0000006453 0.0029323250 0.0000117922 0.0025797152
1413393969.40579 -0.847470 0.607083 0.185620 0.606693 -0.524204 0.464641 0.375823 0.0003770598 -0.0000123445 -0.0001123941 0.0000006055 0.0000036812 0.0000337481 0.0027867288 0.0002218884 -0.0000006508 0.0029193855 0.0000117652 0.0025797202
1413393969.45579 -0.829880 0.615946 0.172538 0.595574 -0.537890 0.463430 0.375764 0.0003758437 -0.0000201353 -0.0001131230 0.0000012803 0.0000060623 0.0000342946 0.0027913803 0.0002204252 -0.0000006597 0.0029072211 0.0000117361 0.0025797204
1413393969.50579 -0.812491 0.626456 0.160192 0.582335 -0.552564 0.465332 0.372860 0.0003740544 -0.0000315192 -0.0001131983 0.0000028577 0.0000095419 0.0000345026 0.0027964597 0.0002193183 -0.0000006940 0.0028958361 0.0000117032 0.0025797061
1413393969.55579 -0.797397 0.638645 0.149006 0.570115 -0.565612 0.465102 0.372468 0.0003722014 -0.0000398609 -0.0001133082 0.0000044709 0.0000121386 0.0000347391 0.0028025686 0.0002189173 -0.0000007189 0.0028853599 0.0000116603 0.0025796681
1413393969.60579 -0.785118 0.650389 0.137316 0.560797 -0.578943 0.461787 0.370249 0.0003683006 -0.0000465524 -0.0001163881 0.0000060867 0.0000147157 0.0000370268 0.0028098218 0.0002197542 -0.0000007292 0.0028769541 0.0000116330 0.0025796701
1413393969.65579 -0.776231 0.661884 0.127315 0.552188 -0.590803 0.456956 0.370448 0.0003649743 -0.0000507624 -0.0001191983 0.0000072630 0.0000165833 0.0000391769 0.0028162381 0.0002209515 -0.0000007403 0.0028710836 0.0000116077 0.0025796706
1413393969.70579 -0.770506 0.672094 0.120799 0.545442 -0.601118 0.450927 0.371234 0.0003617561 -0.0000530007 -0.0001224383 0.0000079678 0.0000179429 0.0000416886 0.0028222171 0.0002227912 -0.0000007463 0.0028676153 0.0000115838 0.0025796758
1413393969.75579 -0.767739 0.682858 0.117087 0.539890 -0.610378 0.445345 0.370979 0.0003583080 -0.0000550352 -0.0001258435 0.0000086556 0.0000193338 0.0000444478 0.0028280864 0.0002252692 -0.0000007491 0.0028658897 0.0000115643 0.0025796732
1413393969.80579 -0.768242 0.693567 0.119119 0.534851 -0.618232 0.440782 0.370722 0.0003553303 -0.0000569010 -0.0001285576 0.0000093136 0.0000205911 0.0000467610 0.0028339225 0.0002287225 -0.0000007497 0.0028664691 0.0000115399 0.0025796551
1413393969.85579 -0.772330 0.703794 0.125282 0.530287 -0.624006 0.437491 0.371502 0.0003536274 -0.0000580854 -0.0001299944 0.0000097422 0.0000213565 0.0000480356 0.0028403844 0.0002334596 -0.0000007431 0.0028692307 0.0000115287 0.0025796618
1413393969.90579 -0.780195 0.713603 0.135899 0.527045 -0.627236 0.434356 0.374345 0.0003534795 -0.0000574393 -0.0001304519 0.0000095342 0.0000212015 0.0000483917 0.0028461580 0.0002389319 -0.0000007345 0.0028743903 0.0000115271 0.0025796638
1413393969.95579 -0.791903 0.724248 0.151168 0.526122 -0.627062 0.429630 0.381324 0.0003556285 -0.0000527883 -0.0001299634 0.0000080340 0.0000192934 0.0000477406 0.0028522254 0.0002457784 -0.0000007272 0.0028821194 0.0000115408 0.0025796587
1413393970.00579 -0.806832 0.733726 0.170127 0.529753 -0.625424 0.420438 0.389151 0.0003571367 -0.0000436770 -0.0001315856 0.0000055376 0.0000160925 0.0000487274 0.0028585497 0.0002538121 -0.0000007103 0.0028921366 0.0000115623 0.0025796624
1413393970.05579 -0.824518 0.742563 0.192460 0.537084 -0.619786 0.408010 0.401165 0.0003596911 -0.0000289422 -0.0001326799 0.0000025222 0.0000106725 0.0000491860 0.0028640135 0.0002622760 -0.0000006893 0.0029041016 0.0000115971 0.0025796661
1413393970.10579 -0.844097 0.753835 0.214503 0.545710 -0.614487 0.393766 0.411771 0.0003598388 -0.0000135399 -0.0001349434 0.0000006990 0.0000050721 0.0000508464 0.0028694810 0.0002713591 -0.0000006667 0.0029173147 0.0000116431 0.0025796407
1413393970.15579 -0.863959 0.761731 0.235945 0.553083 -0.610570 0.381755 0.419007 0.0003584753 -0.0000011625 -0.0001371478 0.0000001918 0.0000004366 0.0000527121 0.0028765505 0.0002816405 -0.0000006489 0.0029314108 0.0000116868 0.0025796459
1413393970.20579 -0.883397 0.768211 0.255119 0.558717 -0.608364 0.372959 0.422647 0.0003562470 0.0000069841 -0.0001394202 0.0000003245 -0.0000027436 0.0000548060 0.0028814669 0.0002906671 -0.0000006214 0.0029455176 0.0000117279 0.0025796611
1413393970.25579 -0.902205 0.773975 0.271296 0.562067 -0.606955 0.367801 0.424745 0.0003547547 0.0000117460 -0.0001406953 0.0000005761 -0.0000046702 0.0000560434 0.0028853011 0.0002989400 -0.0000005950 0.0029594096 0.0000117719 0.0025796757
1413393970.30579 -0.919691 0.778357 0.284418 0.564069 -0.605994 0.365023 0.425859 0.0003539167 0.0000144286 -0.0001413272 0.0000007750 -0.0000057743 0.0000566796 0.0028884152 0.0003065956 -0.0000005722 0.0029729656 0.0000118172 0.0025796890
1413393970.35579 -0.936000 0.780965 0.295052 0.565510 -0.605800 0.363485 0.425538 0.0003529800 0.0000155130 -0.0001421858 0.0000008680 -0.0000062621 0.0000575195 0.0028903711 0.0003131062 -0.0000005554 0.0029855565 0.0000118603 0.0025796970
1413393970.40579 -0.951078 0.781982 0.305009 0.566906 -0.605131 0.362454 0.425513 0.0003524036 0.0000166298 -0.0001426473 0.0000009702 -0.0000067452 0.0000579863 0.0028912821 0.0003185649 -0.0000005374 0.0029972499 0.0000119025 0.0025796903
1413393970.45579 -0.964980 0.781229 0.314600 0.567690 -0.603576 0.362541 0.426602 0.0003528932 0.0000177442 -0.0001420020 0.0000010773 -0.0000071543 0.0000573856 0.0028907341 0.0003227663 -0.0000005304 0.0030081986 0.0000119406 0.0025796957
1413393970.50579 -0.977651 0.779130 0.325424 0.566329 -0.600068 0.365699 0.430644 0.0003562870 0.0000186422 -0.0001382724 0.0000011604 -0.0000072492 0.0000539057 0.0028891551 0.0003260017 -0.0000005182 0.0030185328 0.0000119803 0.0025797091
1413393970.55579 -0.989030 0.775499 0.336783 0.563833 -0.596283 0.370703 0.434877 0.0003605912 0.0000185449 -0.0001334368 0.0000011382 -0.0000068766 0.0000496191 0.0028869305 0.0003283357 -0.0000005128 0.0030277887 0.0000120181 0.0025797134
1413393970.60579 -0.999153 0.770946 0.347858 0.562633 -0.591862 0.373841 0.439757 0.0003641028 0.0000201774 -0.0001289950 0.0000013030 -0.0000071626 0.0000459399 0.0028839187 0.0003296915 -0.0000004972 0.0030360698 0.0000120530 0.0025797341
1413393970.65579 -1.007820 0.765008 0.358314 0.561664 -0.586081 0.376030 0.446816 0.0003679240 0.0000237343 -0.0001235148 0.0000017163 -0.0000079823 0.0000417019 0.0028804650 0.0003303127 -0.0000004862 0.0030433755 0.0000120803 0.0025797435
1413393970.70579 -1.014816 0.757203 0.365662 0.561981 -0.579828 0.375766 0.454728 0.0003706903 0.0000293815 -0.0001185237 0.0000025143 -0.0000094092 0.0000381314 0.0028764056 0.0003300859 -0.0000004698 0.0030495010 0.0000120921 0.0025797478
1413393970.75579 -1.021049 0.747878 0.368604 0.565108 -0.572796 0.370698 0.463834 0.0003711921 0.0000388864 -0.0001150094 0.0000042593 -0.0000120643 0.0000358661 0.0028714354 0.0003285458 -0.0000004878 0.0030539322 0.0000120543 0.0025797001
1413393970.80579 -1.024784 0.742348 0.368904 0.570585 -0.565810 0.361565 0.472824 0.0003690875 0.0000507092 -0.0001133958 0.0000071547 -0.0000155975 0.0000350711 0.0028655391 0.0003258534 -0.0000004809 0.0030573265 0.0000120823 0.0025797030
1413393970.85579 -1.025213 0.736737 0.365419 0.575891 -0.560533 0.351541 0.480177 0.0003656270 0.0000615308 -0.0001129655 0.0000105450 -0.0000190309 0.0000351349 0.0028624978 0.0003240443 -0.0000004680 0.0030580039 0.0000120934 0.0025796891
1413393970.90578 -1.021919 0.732046 0.360647 0.580149 -0.556097 0.343537 0.485969 0.0003624575 0.0000700381 -0.0001124466 0.0000137259 -0.0000217501 0.0000351180 0.0028592051 0.0003207451 -0.0000004580 0.0030551406 0.0000121140 0.0025796869
1413393970.95578 -1.013745 0.727748 0.355634 0.581947 -0.553334 0.339889 0.489525 0.0003610980 0.0000744442 -0.0001114959 0.0000155415 -0.0000230086 0.0000346601 0.0028564557 0.0003163856 -0.0000004397 0.0030484328 0.0000121241 0.0025796848
1413393971.00579 -1.000230 0.722678 0.351403 0.581035 -0.552590 0.341441 0.490367 0.0003621744 0.0000741103 -0.0001101961 0.0000153592 -0.0000225711 0.0000337618 0.0028536113 0.0003102997 -0.0000004290 0.0030372035 0.0000121265 0.0025796702
1413393971.05579 -0.981801 0.718640 0.347899 0.576332 -0.554241 0.350362 0.487754 0.0003666332 0.0000673397 -0.0001080907 0.0000125615 -0.0000198732 0.0000320999 0.0028506399 0.0003024870 -0.0000004204 0.0030217615 0.0000121173 0.0025796601
1413393971.10579 -0.958247 0.714764 0.346373 0.569533 -0.556176 0.363104 0.484206 0.0003726278 0.0000576211 -0.0001045490 0.0000091020 -0.0000161842 0.0000295649 0.0028484622 0.0002939322 -0.0000004064 0.0030031373 0.0000120958 0.0025796476
1413393971.15579 -0.930486 0.710926 0.348951 0.561612 -0.553456 0.377547 0.485527 0.0003799373 0.0000502154 -0.0000960840 0.0000068277 -0.0000127139 0.0000245277 0.0028468407 0.0002843842 -0.0000003962 0.0029813211 0.0000120684 0.0025796246
1413393971.20580 -0.898755 0.708593 0.354975 0.552326 -0.549172 0.393962 0.487996 0.0003875972 0.0000422959 -0.0000850506 0.0000048056 -0.0000092931 0.0000188882 0.0028455073 0.0002739926 -0.0000003772 0.0029574366 0.0000120233 0.0025795957
1413393971.25580 -0.863730 0.709358 0.364448 0.543943 -0.543267 0.408240 0.492267 0.0003938366 0.0000368460 -0.0000731653 0.0000036372 -0.0000068553 0.0000138154 0.0028455180 0.0002634265 -0.0000003589 0.0029319319 0.0000119776 0.0025795676
1413393971.30580 -0.826132 0.712599 0.376176 0.536045 -0.535544 0.421369 0.498294 0.0003990617 0.0000334059 -0.0000599854 0.0000029866 -0.0000050299 0.0000092375 0.0028483133 0.0002536436 -0.0000003400 0.0029055966 0.0000119363 0.0025795266
1413393971.35580 -0.787252 0.718869 0.385552 0.529564 -0.528027 0.431893 0.504200 0.0004026470 0.0000315404 -0.0000481174 0.0000026603 -0.0000037755 0.0000059677 0.0028526103 0.0002439120 -0.0000003200 0.0028790993 0.0000118693 0.0025794660
1413393971.40580 -0.746222 0.731162 0.391320 0.524819 -0.523005 0.439368 0.507924 0.0004047281 0.0000298773 -0.0000398921 0.0000023958 -0.0000029503 0.0000041493 0.0028592581 0.0002347572 -0.0000002981 0.0028532484 0.0000118290 0.0025794335
1413393971.45580 -0.703724 0.748225 0.392799 0.523610 -0.524233 0.443328 0.504453 0.0004052873 0.0000257892 -0.0000399364 0.0000018316 -0.0000025459 0.0000041534 0.0028698748 0.0002263755 -0.0000002765 0.0028275275 0.0000117904 0.0025794062
1413393971.50580 -0.660069 0.769977 0.389543 0.525801 -0.531791 0.443439 0.494059 0.0004041661 0.0000194292 -0.0000482570 0.0000011248 -0.0000023238 0.0000059819 0.0028837850 0.0002183750 -0.0000002572 0.0028027789 0.0000117583 0.0025793913
1413393971.55580 -0.615273 0.796017 0.382611 0.529003 -0.544315 0.442164 0.477878 0.0004011180 0.0000097529 -0.0000617437 0.0000004281 -0.0000015042 0.0000097273 0.0029013498 0.0002105760 -0.0000002392 0.0027791807 0.0000117188 0.0025793798
1413393971.60580 -0.569589 0.826022 0.374785 0.528594 -0.560406 0.445209 0.456425 0.0003964136 -0.0000067304 -0.0000753710 0.0000003057 0.0000012788 0.0000145575 0.0029219429 0.0002023929 -0.0000002223 0.0027568831 0.0000116895 0.0025793859
1413393971.65580 -0.524067 0.858722 0.367385 0.525173 -0.576650 0.451138 0.433754 0.0003898716 -0.0000259858 -0.0000866404 0.0000019246 0.0000057771 0.0000194851 0.0029456512 0.0001937407 -0.0000002038 0.0027361995 0.0000116523 0.0025793959
1413393971.70580 -0.479843 0.894010 0.362454 0.517480 -0.591039 0.460158 0.413694 0.0003828316 -0.0000459987 -0.0000928116 0.0000057222 0.0000111576 0.0000227356 0.0029718689 0.0001849666 -0.0000001871 0.0027179861 0.0000116255 0.0025794184
1413393971.75580 -0.438648 0.931754 0.359339 0.507128 -0.604791 0.470650 0.394383 0.0003742634 -0.0000664512 -0.0000963384 0.0000119977 0.0000171150 0.0000250365 0.0030007588 0.0001763356 -0.0000001638 0.0027023237 0.0000115933 0.0025794540
1413393971.80580 -0.401896 0.971660 0.358259 0.497766 -0.616341 0.478514 0.378653 0.0003654820 -0.0000825561 -0.0000988425 0.0000188518 0.0000223405 0.0000269729 0.0030326087 0.0001686322 -0.0000001358 0.0026895765 0.0000115631 0.0025794964
1413393971.85580 -0.370441 1.012887 0.359048 0.490861 -0.625331 0.482768 0.367358 0.0003579637 -0.0000933019 -0.0001011473 0.0000245266 0.0000263803 0.0000288254 0.0030673466 0.0001623934 -0.0000001122 0.0026796633 0.0000115516 0.0025795412
1413393971.90579 -0.345373 1.055096 0.362346 0.489106 -0.629794 0.481205 0.364111 0.0003548840 -0.0000954982 -0.0001036717 0.0000259076 0.0000279154 0.0000305331 0.0031043139 0.0001579610 -0.0000000785 0.0026723147 0.0000115216 0.0025795881
1413393971.95579 -0.327255 1.098795 0.367855 0.492494 -0.631215 0.473579 0.367070 0.0003552929 -0.0000903486 -0.0001076314 0.0000231833 0.0000273872 0.0000328562 0.0031433738 0.0001557852 -0.0000000450 0.0026672625 0.0000115086 0.0025796322
1413393972.00579 -0.315041 1.142225 0.375684 0.497117 -0.631114 0.464267 0.372861 0.0003571005 -0.0000825355 -0.0001113241 0.0000192830 0.0000257460 0.0000349580 0.0031849734 0.0001561321 -0.0000000114 0.0026642687 0.0000115076 0.0025796802
1413393972.05579 -0.309260 1.185922 0.383973 0.503619 -0.629454 0.453404 0.380238 0.0003595052 -0.0000722532 -0.0001151053 0.0000147256 0.0000231482 0.0000371096 0.0032274875 0.0001583331 -0.0000000425 0.0026623803 0.0000115418 0.0025796140
1413393972.10579 -0.306338 1.229617 0.391844 0.507748 -0.630326 0.444967 0.383256 0.0003592477 -0.0000660686 -0.0001191030 0.0000123540 0.0000219175 0.0000397451 0.0032719847 0.0001631795 -0.0000000170 0.0026621686 0.0000115668 0.0025796488
1413393972.15579 -0.306184 1.273826 0.395054 0.511326 -0.634884 0.437205 0.379894 0.0003550125 -0.0000637395 -0.0001255820 0.0000116470 0.0000225615 0.0000446857 0.0033177716 0.0001687696 -0.0000000095 0.0026619707 0.0000116013 0.0025796237
1413393972.20579 -0.309106 1.317373 0.393153 0.515616 -0.640146 0.429157 0.374402 0.0003492341 -0.0000619572 -0.0001330011 0.0000111955 0.0000236110 0.0000509197 0.0033655707 0.0001758509 0.0000000094 0.0026627871 0.0000116330 0.0025796653
1413393972.25579 -0.314728 1.359681 0.386478 0.520977 -0.643271 0.420316 0.371646 0.0003448379 -0.0000578739 -0.0001393642 0.0000099168 0.0000234051 0.0000565956 0.0034131614 0.0001846697 0.0000000339 0.0026643125 0.0000116441 0.0025796947
1413393972.30579 -0.324339 1.400024 0.378619 0.528377 -0.639055 0.409557 0.380381 0.0003470278 -0.0000459582 -0.0001415798 0.0000062889 0.0000187627 0.0000580354 0.0034600682 0.0001952859 0.0000000427 0.0026668724 0.0000116567 0.0025797270
1413393972.35579 -0.337171 1.436623 0.371265 0.535430 -0.630067 0.400488 0.394893 0.0003527454 -0.0000312206 -0.0001397573 0.0000029645 0.0000123783 0.0000556443 0.0035054963 0.0002076071 0.0000000483 0.0026702317 0.0000116656 0.0025797686
1413393972.40579 -0.350510 1.473590 0.364232 0.542036 -0.621784 0.391943 0.407386 0.0003565780 -0.0000176099 -0.0001380365 0.0000010708 0.0000068224 0.0000537078 0.0035489444 0.0002214490 0.0000000570 0.0026745312 0.0000116668 0.0025798091
1413393972.45579 -0.365772 1.510257 0.357083 0.548040 -0.613293 0.384653 0.419006 0.0003596344 -0.0000049284 -0.0001356478 0.0000002674 0.0000018623 0.0000514335 0.0035932102 0.0002350238 0.0000001550 0.0026779591 0.0000117488 0.0025797761
1413393972.50579 -0.379309 1.545510 0.350460 0.555463 -0.608591 0.375114 0.424696 0.0003582161 0.0000057562 -0.0001372073 0.0000002934 -0.0000022038 0.0000528262 0.0036388865 0.0002502886 0.0000001649 0.0026828961 0.0000117459 0.0025798212
1413393972.55579 -0.391821 1.580119 0.343861 0.563118 -0.608296 0.364100 0.424624 0.0003528452 0.0000133319 -0.0001424470 0.0000007056 -0.0000053830 0.0000577840 0.0036829838 0.0002640933 0.0000001715 0.0026872110 0.0000117372 0.0025798619
1413393972.60579 -0.403324 1.611570 0.338354 0.568575 -0.608798 0.355809 0.423659 0.0003481654 0.0000182703 -0.0001465984 0.0000011619 -0.0000076949 0.0000620082 0.0037261029 0.0002769836 0.0000001738 0.0026911784 0.0000117297 0.0025799064
1413393972.65579 -0.413436 1.641700 0.333321 0.571004 -0.609399 0.351511 0.423116 0.0003456504 0.0000205573 -0.0001487038 0.0000014269 -0.0000088464 0.0000642593 0.0037658133 0.0002887000 0.0000001720 0.0026948056 0.0000117202 0.0025799489
1413393972.70579 -0.421879 1.668933 0.328433 0.572019 -0.609247 0.349104 0.423957 0.0003447916 0.0000223565 -0.0001492486 0.0000016549 -0.0000096799 0.0000648915 0.0038038380 0.0002992842 0.0000001685 0.0026979849 0.0000117132 0.0025799924
1413393972.75579 -0.428739 1.693883 0.323149 0.572068 -0.609251 0.347786 0.424967 0.0003446277 0.0000234113 -0.0001492389 0.0000017965 -0.0000101406 0.0000649153 0.0038393852 0.0003083989 0.0000001722 0.0027005449 0.0000117242 0.0025800282
1413393972.80579 -0.433388 1.717236 0.318546 0.570787 -0.608262 0.348281 0.427690 0.0003462404 0.0000243115 -0.0001475631 0.0000019137 -0.0000103633 0.0000631770 0.0038715327 0.0003160728 0.0000001846 0.0027022956 0.0000116816 0.0025800379
1413393972.85580 -0.436867 1.737714 0.312984 0.569006 -0.607586 0.348753 0.430632 0.0003479698 0.0000249681 -0.0001457826 0.0000019989 -0.0000104622 0.0000613631 0.0039024283 0.0003220099 0.0000001962 0.0027034579 0.0000116724 0.0025800635
1413393972.90580 -0.438471 1.756238 0.306669 0.568180 -0.606522 0.348099 0.433739 0.0003491320 0.0000266562 -0.0001443361 0.0000022434 -0.0000110220 0.0000599581 0.0039289092 0.0003264748 0.0000001974 0.0027042332 0.0000116594 0.0025800973
1413393972.95580 -0.438148 1.771824 0.300431 0.567044 -0.605353 0.346946 0.437764 0.0003504697 0.0000288909 -0.0001425577 0.0000025907 -0.0000117540 0.0000582746 0.0039523462 0.0003292420 0.0000001993 0.0027043394 0.0000116462 0.0025801266
1413393973.00580 -0.435725 1.785075 0.294719 0.566905 -0.603452 0.344980 0.442101 0.0003514136 0.0000321552 -0.0001408853 0.0000031523 -0.0000128942 0.0000567700 0.0039718824 0.0003297113 0.0000002016 0.0027035398 0.0000116336 0.0025801479
1413393973.05580 -0.430171 1.796769 0.289456 0.565312 -0.600411 0.346248 0.447259 0.0003543336 0.0000341851 -0.0001373046 0.0000035089 -0.0000132498 0.0000534916 0.0039890840 0.0003279597 0.0000002097 0.0027017281 0.0000116202 0.0025801527
1413393973.10580 -0.422674 1.806892 0.283744 0.562573 -0.597148 0.349496 0.452525 0.0003582477 0.0000350985 -0.0001326978 0.0000036502 -0.0000130035 0.0000494361 0.0040044661 0.0003236046 0.0000002128 0.0026988786 0.0000116003 0.0025801624
1413393973.15580 -0.412652 1.815334 0.278234 0.559209 -0.593011 0.354583 0.458142 0.0003630519 0.0000353654 -0.0001268811 0.0000036571 -0.0000123617 0.0000446238 0.0040177029 0.0003174712 0.0000002161 0.0026953340 0.0000115735 0.0025801632
1413393973.20580 -0.397623 1.823087 0.273952 0.555368 -0.588114 0.360701 0.464309 0.0003683729 0.0000354221 -0.0001199138 0.0000036169 -0.0000115331 0.0000393102 0.0040297905 0.0003094440 0.0000001965 0.0026902671 0.0000116246 0.0025800372
1413393973.25580 -0.382303 1.832479 0.268285 0.550591 -0.581858 0.368504 0.471695 0.0003744995 0.0000354361 -0.0001111062 0.0000035647 -0.0000105144 0.0000332351 0.0040422290 0.0002971268 0.0000001998 0.0026844878 0.0000115768 0.0025800535
1413393973.30580 -0.364357 1.842397 0.262590 0.544839 -0.574843 0.377869 0.479501 0.0003810507 0.0000347496 -0.0001006721 0.0000033815 -0.0000091806 0.0000268660 0.0040575210 0.0002848523 0.0000002047 0.0026788949 0.0000115234 0.0025800655
1413393973.35580 -0.344245 1.853093 0.256787 0.539605 -0.568308 0.386557 0.486237 0.0003864519 0.0000339056 -0.0000909195 0.0000031881 -0.0000079755 0.0000216564 0.0040741719 0.0002708411 0.0000002152 0.0026728368 0.0000114595 0.0025800727
1413393973.40580 -0.321705 1.865849 0.251145 0.534242 -0.561607 0.395735 0.492521 0.0003913975 0.0000326846 -0.0000808085 0.0000029435 -0.0000067456 0.0000169472 0.0040930256 0.0002550449 0.0000002070 0.0026664068 0.0000114128 0.0025800439
1413393973.45580 -0.296684 1.880865 0.245500 0.530175 -0.555076 0.403275 0.498172 0.0003950997 0.0000323617 -0.0000718283 0.0000028657 -0.0000058797 0.0000133198 0.0041168050 0.0002374746 0.0000002183 0.0026598677 0.0000113441 0.0025800451
1413393973.50580 -0.269289 1.899420 0.239788 0.525998 -0.548170 0.410188 0.504561 0.0003983448 0.0000327267 -0.0000623932 0.0000029047 -0.0000051215 0.0000100329 0.0041455808 0.0002180709 0.0000002298 0.0026533616 0.0000112694 0.0025800501
1413393973.55580 -0.239623 1.921869 0.233000 0.522924 -0.543978 0.415710 0.507763 0.0004003721 0.0000318636 -0.0000562228 0.0000027528 -0.0000044690 0.0000081549 0.0041814851 0.0001968570 0.0000002389 0.0026470364 0.0000111912 0.0025800599
1413393973.60580 -0.207162 1.948554 0.225947 0.520561 -0.542121 0.420727 0.508045 0.0004017311 0.0000294666 -0.0000526829 0.0000023792 -0.0000038578 0.0000071687 0.0042244439 0.0001736564 0.0000002549 0.0026410631 0.0000111104 0.0025801002
1413393973.65580 -0.172458 1.979258 0.218612 0.517178 -0.544646 0.428141 0.502577 0.0004028874 0.0000216568 -0.0000521366 0.0000013824 -0.0000027949 0.0000070071 0.0042747709 0.0001477713 0.0000002419 0.0026354739 0.0000110391 0.0025801028
1413393973.70580 -0.135594 2.014474 0.210495 0.514477 -0.553574 0.435629 0.488976 0.0004023179 0.0000083558 -0.0000578003 0.0000003926 -0.0000011910 0.0000085661 0.0043333412 0.0001198476 0.0000002564 0.0026307330 0.0000109497 0.0025801563
1413393973.75580 -0.097254 2.054288 0.202015 0.512468 -0.566813 0.442572 0.469286 0.0003990592 -0.0000084966 -0.0000678930 0.0000004013 0.0000014576 0.0000118158 0.0044002989 0.0000898365 0.0000002712 0.0026269734 0.0000108579 0.0025802207
1413393973.80580 -0.059958 2.097897 0.193299 0.510307 -0.581677 0.448974 0.446834 0.0003929516 -0.0000267040 -0.0000793191 0.0000020368 0.0000054054 0.0000162790 0.0044756904 0.0000584440 0.0000001771 0.0026242892 0.0000108254 0.0025801428
1413393973.85580 -0.023066 2.144802 0.185559 0.506437 -0.599408 0.456368 0.419476 0.0003826130 -0.0000485451 -0.0000917379 0.0000063855 0.0000116596 0.0000222693 0.0045582340 0.0000277774 0.0000001726 0.0026230217 0.0000107345 0.0025802030
1413393973.90580 0.010437 2.193629 0.178976 0.501699 -0.616611 0.463744 0.391191 0.0003689627 -0.0000699076 -0.0001026337 0.0000134781 0.0000194727 0.0000288296 0.0046468837 -0.0000023827 0.0000001729 0.0026228319 0.0000106414 0.0025802670
1413393973.95580 0.038771 2.243591 0.174050 0.499998 -0.633262 0.465323 0.363945 0.0003524414 -0.0000858199 -0.0001148190 0.0000211374 0.0000279926 0.0000376952 0.0047396124 -0.0000291356 0.0000001713 0.0026234314 0.0000105617 0.0025803352
1413393974.00580 0.060365 2.295549 0.168549 0.506218 -0.648898 0.456506 0.338048 0.0003333964 -0.0000926061 -0.0001311695 0.0000259689 0.0000364763 0.0000519102 0.0048350763 -0.0000509979 0.0000001041 0.0026244089 0.0000105440 0.0025803864
1413393974.05580 0.076190 2.345947 0.164770 0.515732 -0.663775 0.441172 0.314310 0.0003125796 -0.0000937348 -0.0001479313 0.0000283589 0.0000444106 0.0000703327 0.0049346714 -0.0000662594 -0.0000000021 0.0026252254 0.0000106065 0.0025803809
1413393974.10580 0.084554 2.395499 0.162570 0.528026 -0.676990 0.421300 0.292198 0.0002902518 -0.0000904325 -0.0001636317 0.0000284304 0.0000510414 0.0000925997 0.0050318689 -0.0000758104 -0.0000000270 0.0026261236 0.0000105574 0.0025805160
1413393974.15580 0.084477 2.440318 0.162631 0.541365 -0.687455 0.398816 0.274364 0.0002689264 -0.0000835236 -0.0001764571 0.0000261982 0.0000548721 0.0001161678 0.0051225085 -0.0000774881 -0.0000000511 0.0026266098 0.0000105187 0.0025806618
1413393974.20580 0.075494 2.478105 0.166232 0.558780 -0.691508 0.372365 0.266319 0.0002528917 -0.0000700504 -0.0001870405 0.0000196588 0.0000518788 0.0001387563 0.0052011069 -0.0000700237 -0.0000000702 0.0026266042 0.0000104903 0.0025808110
1413393974.25580 0.058879 2.506698 0.173625 0.578869 -0.688817 0.344106 0.268390 0.0002425023 -0.0000515593 -0.0001952200 0.0000112115 0.0000415675 0.0001576074 0.0052615151 -0.0000536631 -0.0000000933 0.0026263077 0.0000104685 0.0025809555
1413393974.30580 0.036527 2.524976 0.184275 0.597120 -0.682700 0.318149 0.275953 0.0002353883 -0.0000326366 -0.0002004527 0.0000047696 0.0000278404 0.0001711779 0.0053014300 -0.0000304612 -0.0000001192 0.0026261417 0.0000104656 0.0025811284
1413393974.35581 0.009309 2.530531 0.200189 0.612542 -0.675657 0.296185 0.283820 0.0002290508 -0.0000161196 -0.0002032893 0.0000013769 0.0000143401 0.0001809215 0.0053160813 -0.0000031703 -0.0000000937 0.0026263724 0.0000105314 0.0025812515
1413393974.40581 -0.018995 2.524315 0.216453 0.625553 -0.667628 0.277484 0.293187 0.0002243145 -0.0000011541 -0.0002044189 0.0000002485 0.0000010704 0.0001867995 0.0053031737 0.0000273986 -0.0000001045 0.0026269692 0.0000106080 0.0025813851
1413393974.45581 -0.051384 2.500800 0.237337 0.637410 -0.656399 0.262590 0.306424 0.0002234488 0.0000139043 -0.0002040303 0.0000011083 -0.0000126927 0.0001868128 0.0052655847 0.0000566607 0.0000000888 0.0026272827 0.0000110697 0.0025813259
1413393974.50581 -0.078213 2.471044 0.258810 0.647711 -0.642335 0.252250 0.322872 0.0002261192 0.0000286308 -0.0002022404 0.0000038713 -0.0000256191 0.0001813899 0.0051914140 0.0000880879 0.0000001268 0.0026288370 0.0000113438 0.0025813705
1413393974.55581 -0.101976 2.430526 0.281657 0.655357 -0.626356 0.247295 0.342097 0.0002329521 0.0000427723 -0.0001989116 0.0000081049 -0.0000365457 0.0001703344 0.0051079519 0.0001110934 0.0000001514 0.0026308647 0.0000115689 0.0025814714
1413393974.60581 -0.121725 2.381182 0.306678 0.658662 -0.610699 0.249532 0.361862 0.0002441982 0.0000543749 -0.0001941612 0.0000123646 -0.0000432627 0.0001548412 0.0050062961 0.0001281723 0.0000000972 0.0026328214 0.0000117268 0.0025815096
1413393974.65581 -0.136628 2.323996 0.331253 0.658400 -0.594646 0.258026 0.382529 0.0002596254 0.0000641831 -0.0001873727 0.0000161291 -0.0000463514 0.0001356628 0.0048930193 0.0001393655 0.0000000218 0.0026346567 0.0000118671 0.0025815673
1413393974.70582 -0.143876 2.257823 0.358220 0.654545 -0.578309 0.271477 0.404265 0.0002784893 0.0000726555 -0.0001776398 0.0000192201 -0.0000463721 0.0001137145 0.0047709232 0.0001444693 0.0000000007 0.0026356302 0.0000120145 0.0025815824
1413393974.75582 -0.146667 2.189355 0.383840 0.648300 -0.564360 0.287217 0.422743 0.0002967055 0.0000780733 -0.0001665940 0.0000208114 -0.0000438592 0.0000939186 0.0046395036 0.0001413814 0.0000000104 0.0026359923 0.0000120746 0.0025816939
1413393974.80582 -0.142529 2.117639 0.408071 0.641162 -0.552101 0.302482 0.438862 0.0003129445 0.0000818931 -0.0001546670 0.0000217004 -0.0000404921 0.0000768026 0.0045113113 0.0001343617 -0.0000000380 0.0026357476 0.0000120540 0.0025817708
1413393974.85582 -0.134708 2.043195 0.427475 0.630426 -0.545539 0.321892 0.448705 0.0003295775 0.0000788193 -0.0001434241 0.0000191198 -0.0000343112 0.0000627623 0.0043848206 0.0001217380 -0.0000000073 0.0026347758 0.0000120224 0.0025818114
1413393974.90582 -0.122359 1.967629 0.443552 0.618052 -0.543702 0.342551 0.452834 0.0003447746 0.0000703563 -0.0001335537 0.0000146263 -0.0000272579 0.0000520730 0.0042590658 0.0001070374 -0.0000000329 0.0026335849 0.0000120417 0.0025819284
1413393974.95582 -0.105600 1.891860 0.455397 0.605828 -0.542720 0.361236 0.455999 0.0003575393 0.0000613517 -0.0001237334 0.0000107964 -0.0000212309 0.0000431533 0.0041373816 0.0000902911 -0.0000001092 0.0026322283 0.0000120053 0.0025820625
1413393975.00582 -0.085629 1.816329 0.463279 0.593720 -0.542854 0.378989 0.457354 0.0003682909 0.0000510660 -0.0001143987 0.0000073494 -0.0000158565 0.0000358634 0.0040214132 0.0000714753 -0.0000001543 0.0026307786 0.0000119657 0.0025821653
1413393975.05581 -0.061968 1.742192 0.465571 0.583106 -0.544894 0.393831 0.456043 0.0003758564 0.0000401929 -0.0001075262 0.0000045663 -0.0000114886 0.0000310874 0.0039116633 0.0000520123 -0.0000000425 0.0026293458 0.0000118030 0.0025820237
1413393975.10582 -0.036770 1.669727 0.464536 0.574057 -0.547315 0.405810 0.454119 0.0003811647 0.0000304120 -0.0001020816 0.0000026956 -0.0000081322 0.0000276643 0.0038088319 0.0000318293 -0.0000000673 0.0026283459 0.0000117212 0.0025820456
1413393975.15582 -0.008675 1.598690 0.458259 0.566358 -0.551544 0.415888 0.449527 0.0003842697 0.0000199000 -0.0000992574 0.0000012978 -0.0000051242 0.0000259634 0.0037126967 0.0000123869 0.0000001892 0.0026278313 0.0000116909 0.0025816914
1413393975.20582 0.018429 1.529621 0.452082 0.562029 -0.555862 0.420983 0.444876 0.0003849693 0.0000126483 -0.0000992027 0.0000006833 -0.0000032419 0.0000258903 0.0036224875 -0.0000069690 0.0000002735 0.0026279319 0.0000116242 0.0025814710
1413393975.25582 0.046592 1.463277 0.444876 0.559321 -0.560313 0.423964 0.439844 0.0003844701 0.0000066400 -0.0001006948 0.0000003832 -0.0000017207 0.0000267013 0.0035392991 -0.0000238421 0.0000003593 0.0026286604 0.0000115643 0.0025811756
1413393975.30582 0.075290 1.399398 0.439776 0.558318 -0.563612 0.424917 0.435969 0.0003834948 0.0000030291 -0.0001025971 0.0000002936 -0.0000007912 0.0000277792 0.0034625208 -0.0000397463 0.0000004023 0.0026300473 0.0000115220 0.0025810397
1413393975.35582 0.103371 1.337401 0.437417 0.558163 -0.562099 0.424592 0.438429 0.0003842596 0.0000047463 -0.0001012131 0.0000003293 -0.0000012312 0.0000269908 0.0033915800 -0.0000545232 0.0000004256 0.0026320122 0.0000114796 0.0025808818
1413393975.40582 0.131726 1.278823 0.435150 0.557895 -0.559001 0.424413 0.442882 0.0003857125 0.0000077705 -0.0000984326 0.0000004283 -0.0000019643 0.0000254506 0.0033264940 -0.0000676564 0.0000004129 0.0026346207 0.0000114391 0.0025806902
1413393975.45582 0.160975 1.223968 0.435130 0.558857 -0.553816 0.423146 0.449347 0.0003872987 0.0000133252 -0.0000948782 0.0000007316 -0.0000032461 0.0000235721 0.0032679383 -0.0000799781 0.0000003428 0.0026378443 0.0000113274 0.0025804984
1413393975.50582 0.191164 1.172177 0.435576 0.558749 -0.549026 0.423319 0.455161 0.0003890457 0.0000174460 -0.0000907821 0.0000010571 -0.0000040531 0.0000215123 0.0032156037 -0.0000917200 0.0000003334 0.0026420181 0.0000112796 0.0025803868
1413393975.55582 0.222123 1.122708 0.435590 0.558889 -0.544704 0.423088 0.460366 0.0003903406 0.0000213917 -0.0000872612 0.0000014488 -0.0000047647 0.0000198356 0.0031694176 -0.0001030710 0.0000002616 0.0026474658 0.0000112461 0.0025802948
1413393975.60582 0.254499 1.076541 0.436069 0.558477 -0.541734 0.423887 0.463625 0.0003914250 0.0000233990 -0.0000844176 0.0000016765 -0.0000050292 0.0000185343 0.0031266736 -0.0001137649 0.0000002485 0.0026538410 0.0000112690 0.0025802047
1413393975.65582 0.288791 1.033956 0.437322 0.557414 -0.540819 0.425710 0.464300 0.0003922433 0.0000228566 -0.0000827696 0.0000016115 -0.0000048054 0.0000177953 0.0030891049 -0.0001244254 0.0000002239 0.0026616832 0.0000112419 0.0025801992
1413393975.70582 0.324411 0.994701 0.437655 0.554570 -0.544362 0.429925 0.459659 0.0003926442 0.0000166849 -0.0000833586 0.0000009900 -0.0000035233 0.0000180285 0.0030559034 -0.0001350423 0.0000001878 0.0026708091 0.0000112611 0.0025801947
1413393975.75582 0.360942 0.959056 0.437999 0.550868 -0.549905 0.434522 0.453144 0.0003924960 0.0000084950 -0.0000849368 0.0000004668 -0.0000018178 0.0000187146 0.0030264307 -0.0001453887 0.0000001567 0.0026814156 0.0000112450 0.0025802297
1413393975.80582 0.398509 0.925681 0.438813 0.546955 -0.555810 0.438329 0.446970 0.0003919095 0.0000006025 -0.0000866510 0.0000002855 -0.0000001109 0.0000194954 0.0030009517 -0.0001554482 0.0000001225 0.0026929548 0.0000112530 0.0025802586
1413393975.85582 0.436213 0.895500 0.440457 0.541099 -0.561217 0.443966 0.441748 0.0003918653 -0.0000082168 -0.0000863801 0.0000004589 0.0000018354 0.0000193800 0.0029777627 -0.0001650482 0.0000001043 0.0027060305 0.0000112486 0.0025802959
1413393975.90582 0.473934 0.867778 0.442277 0.534925 -0.567117 0.449153 0.436458 0.0003912915 -0.0000171265 -0.0000863290 0.0000010383 0.0000038045 0.0000193877 0.0029577973 -0.0001741983 0.0000000883 0.0027200259 0.0000112565 0.0025803249
1413393975.95582 0.510135 0.842790 0.444348 0.532776 -0.571617 0.448876 0.433491 0.0003899502 -0.0000205965 -0.0000884403 0.0000013783 0.0000046982 0.0000204027 0.0029395388 -0.0001826686 0.0000000662 0.0027349675 0.0000112615 0.0025803674
1413393976.00582 0.545006 0.820258 0.446005 0.533060 -0.576337 0.444796 0.431091 0.0003877463 -0.0000212782 -0.0000927577 0.0000014593 0.0000051177 0.0000225385 0.0029239515 -0.0001903783 0.0000000444 0.0027500659 0.0000112676 0.0025804052
1413393976.05582 0.578528 0.800030 0.445310 0.535605 -0.580005 0.437539 0.430442 0.0003852851 -0.0000185566 -0.0000980097 0.0000011861 0.0000047475 0.0000252853 0.0029102657 -0.0001975733 0.0000000206 0.0027655995 0.0000112769 0.0025804428
1413393976.10582 0.611023 0.781917 0.442342 0.538030 -0.583387 0.430342 0.430103 0.0003828264 -0.0000156708 -0.0001028825 0.0000009342 0.0000042380 0.0000280069 0.0028981660 -0.0002042858 -0.0000000084 0.0027813864 0.0000112853 0.0025804741
1413393976.15582 0.642630 0.765741 0.437575 0.538794 -0.586233 0.425746 0.429852 0.0003811404 -0.0000143078 -0.0001059395 0.0000008305 0.0000040030 0.0000298076 0.0028874390 -0.0002106691 -0.0000000347 0.0027975647 0.0000113236 0.0025805063
1413393976.20582 0.673534 0.752620 0.429748 0.538415 -0.590044 0.422960 0.427858 0.0003792471 -0.0000152321 -0.0001089014 0.0000009059 0.0000044003 0.0000316358 0.0028782366 -0.0002169175 -0.0000000743 0.0028140454 0.0000113685 0.0025805585
1413393976.25582 0.703630 0.739629 0.419445 0.536243 -0.593420 0.423464 0.425410 0.0003782292 -0.0000183402 -0.0001100412 0.0000011840 0.0000053623 0.0000323809 0.0028707363 -0.0002231693 -0.0000001163 0.0028306889 0.0000113311 0.0025805432
1413393976.30582 0.732832 0.728358 0.407662 0.532602 -0.596265 0.426291 0.423178 0.0003779728 -0.0000227648 -0.0001096263 0.0000016669 0.0000066297 0.0000321624 0.0028632877 -0.0002287734 -0.0000001490 0.0028475200 0.0000113999 0.0025805726
1413393976.35582 0.760671 0.718667 0.396338 0.527532 -0.597436 0.431636 0.422458 0.0003791175 -0.0000277038 -0.0001066562 0.0000023221 0.0000078218 0.0000303713 0.0028572765 -0.0002343980 -0.0000001973 0.0028643789 0.0000114503 0.0025806305
1413393976.40582 0.787123 0.710244 0.387188 0.523569 -0.596947 0.437218 0.422339 0.0003805997 -0.0000315955 -0.0001031066 0.0000029223 0.0000085874 0.0000282964 0.0028525358 -0.0002399765 -0.0000002429 0.0028809458 0.0000114980 0.0025806837
1413393976.45582 0.811222 0.703868 0.380716 0.521921 -0.596119 0.442470 0.420072 0.0003811057 -0.0000352919 -0.0001010384 0.0000035697 0.0000093853 0.0000271508 0.0028486026 -0.0002452551 -0.0000002925 0.0028969204 0.0000115425 0.0025807479
1413393976.50582 0.833115 0.700260 0.376136 0.524262 -0.595784 0.445100 0.414822 0.0003797575 -0.0000377405 -0.0001024810 0.0000040543 0.0000102140 0.0000280194 0.0028462395 -0.0002504342 -0.0000003281 0.0029114707 0.0000115412 0.0025807746
1413393976.55582 0.853783 0.697289 0.374516 0.529288 -0.594011 0.446122 0.409853 0.0003783257 -0.0000379802 -0.0001047965 0.0000041184 0.0000105503 0.0000293938 0.0028447569 -0.0002553150 -0.0000003484 0.0029247522 0.0000115602 0.0025808228
1413393976.60582 0.872049 0.695562 0.373264 0.535123 -0.592472 0.446072 0.404525 0.0003764275 -0.0000376682 -0.0001079788 0.0000040770 0.0000108354 0.0000313409 0.0028438759 -0.0002601468 -0.0000003756 0.0029374928 0.0000115781 0.0025808700
1413393976.65582 0.888144 0.694616 0.371018 0.540505 -0.590770 0.446350 0.399520 0.0003747239 -0.0000375141 -0.0001106848 0.0000040655 0.0000111115 0.0000330625 0.0028435848 -0.0002646556 -0.0000004001 0.0029488679 0.0000115998 0.0025808996
1413393976.70582 0.902242 0.695491 0.366346 0.543139 -0.589468 0.449945 0.393798 0.0003735057 -0.0000402787 -0.0001115658 0.0000046553 0.0000120625 0.0000336939 0.0028434741 -0.0002687210 -0.0000004200 0.0029589775 0.0000116279 0.0025809061
1413393976.75582 0.913895 0.697054 0.359610 0.545727 -0.588218 0.453112 0.388421 0.0003723186 -0.0000427283 -0.0001124369 0.0000052178 0.0000129356 0.0000343251 0.0028443558 -0.0002726844 -0.0000004221 0.0029675770 0.0000116327 0.0025809322
1413393976.80582 0.922935 0.698959 0.350225 0.548801 -0.588266 0.454519 0.382327 0.0003701350 -0.0000449407 -0.0001147701 0.0000057734 0.0000139680 0.0000359594 0.0028454781 -0.0002760522 -0.0000004335 0.0029743396 0.0000116443 0.0025809559
1413393976.85582 0.929417 0.701034 0.339072 0.554513 -0.589339 0.451434 0.376035 0.0003663908 -0.0000446971 -0.0001200491 0.0000057716 0.0000146787 0.0000397105 0.0028468205 -0.0002786620 -0.0000004394 0.0029788394 0.0000116446 0.0025809711
1413393976.90582 0.932673 0.703772 0.328377 0.563124 -0.590929 0.443802 0.369774 0.0003609734 -0.0000416683 -0.0001280050 0.0000051302 0.0000148096 0.0000457746 0.0028483810 -0.0002805987 -0.0000004395 0.0029812900 0.0000116449 0.0025809888
1413393976.95582 0.933480 0.706052 0.318705 0.571016 -0.592085 0.435834 0.365273 0.0003559393 -0.0000378924 -0.0001349977 0.0000043558 0.0000144045 0.0000515904 0.0028497893 -0.0002815827 -0.0000004512 0.0029816016 0.0000116474 0.0025810125
1413393977.00582 0.931526 0.708709 0.309861 0.580370 -0.591141 0.425326 0.364447 0.0003515852 -0.0000304063 -0.0001415117 0.0000029521 0.0000122690 0.0000573542 0.0028511455 -0.0002818837 -0.0000004693 0.0029802483 0.0000116543 0.0025810271
1413393977.05582 0.928057 0.709586 0.302692 0.588136 -0.588028 0.415864 0.367935 0.0003495468 -0.0000213896 -0.0001452018 0.0000016315 0.0000089119 0.0000607169 0.0028516057 -0.0002809088 -0.0000004615 0.0029770523 0.0000116274 0.0025810207
1413393977.10582 0.923776 0.707737 0.297622 0.594270 -0.584007 0.408065 0.373180 0.0003488025 -0.0000125931 -0.0001469588 0.0000007781 0.0000053284 0.0000623197 0.0028507825 -0.0002789615 -0.0000004660 0.0029735034 0.0000116180 0.0025810261
1413393977.15582 0.919459 0.703237 0.296519 0.597272 -0.579116 0.404926 0.379376 0.0003504857 -0.0000060671 -0.0001457226 0.0000004298 0.0000025419 0.0000609891 0.0028478716 -0.0002757615 -0.0000004630 0.0029700549 0.0000115973 0.0025810209
1413393977.20581 0.915558 0.696314 0.299473 0.598748 -0.574032 0.403107 0.386643 0.0003531475 0.0000000022 -0.0001431606 0.0000003262 0.0000000155 0.0000584345 0.0028435511 -0.0002717692 -0.0000004533 0.0029668208 0.0000115712 0.0025810131
1413393977.25581 0.912322 0.687625 0.305968 0.598401 -0.569735 0.403821 0.392743 0.0003563462 0.0000037110 -0.0001397433 0.0000003663 -0.0000014408 0.0000551974 0.0028382210 -0.0002674789 -0.0000004338 0.0029644117 0.0000115326 0.0025809917
1413393977.30581 0.909844 0.677643 0.315674 0.597416 -0.565673 0.405518 0.398325 0.0003596841 0.0000065383 -0.0001359510 0.0000004480 -0.0000024584 0.0000517789 0.0028322325 -0.0002630161 -0.0000004089 0.0029627224 0.0000114877 0.0025809723
1413393977.35581 0.908310 0.667219 0.327857 0.596208 -0.563125 0.406451 0.402771 0.0003620780 0.0000086388 -0.0001330699 0.0000005368 -0.0000031632 0.0000492965 0.0028262736 -0.0002587011 -0.0000003764 0.0029614710 0.0000114342 0.0025809531
1413393977.40581 0.908275 0.656559 0.342842 0.595020 -0.560941 0.406829 0.407170 0.0003641043 0.0000108420 -0.0001304822 0.0000006547 -0.0000038747 0.0000471492 0.0028200063 -0.0002544459 -0.0000003237 0.0029609559 0.0000113690 0.0025809101
1413393977.45581 0.908672 0.645481 0.359045 0.593866 -0.560304 0.407117 0.409437 0.0003652139 0.0000116528 -0.0001290478 0.0000007047 -0.0000041080 0.0000459867 0.0028138721 -0.0002506713 -0.0000002861 0.0029617234 0.0000113004 0.0025808833
1413393977.50581 0.910139 0.634187 0.376060 0.594120 -0.559287 0.404886 0.412659 0.0003654759 0.0000144879 -0.0001284280 0.0000009086 -0.0000050830 0.0000455174 0.0028077290 -0.0002468960 -0.0000002494 0.0029627166 0.0000112326 0.0025808715
1413393977.55581 0.912825 0.622989 0.392821 0.593784 -0.559557 0.403271 0.414353 0.0003654260 0.0000157687 -0.0001283314 0.0000010161 -0.0000055307 0.0000454563 0.0028016462 -0.0002433935 -0.0000002144 0.0029646233 0.0000111694 0.0025808750
1413393977.60582 0.916563 0.611823 0.407640 0.593387 -0.560274 0.401765 0.415415 0.0003651785 0.0000165460 -0.0001285332 0.0000010869 -0.0000058174 0.0000456297 0.0027957828 -0.0002402920 -0.0000001779 0.0029675173 0.0000111029 0.0025808840
1413393977.65582 0.921537 0.600754 0.419807 0.592846 -0.560998 0.400610 0.416325 0.0003650412 0.0000170557 -0.0001286275 0.0000011355 -0.0000060041 0.0000457137 0.0027900351 -0.0002374382 -0.0000001406 0.0029711874 0.0000110382 0.0025808889
1413393977.70582 0.927388 0.589439 0.428430 0.592228 -0.561663 0.399370 0.417497 0.0003649623 0.0000177200 -0.0001286259 0.0000012004 -0.0000062401 0.0000457233 0.0027841869 -0.0002346886 -0.0000001040 0.0029757796 0.0000109776 0.0025809019
1413393977.75582 0.934408 0.577679 0.434597 0.591237 -0.563198 0.398467 0.417696 0.0003646868 0.0000173963 -0.0001290013 0.0000011714 -0.0000061489 0.0000460238 0.0027782094 -0.0002319353 -0.0000000735 0.0029811433 0.0000109214 0.0025809173
1413393977.80582 0.942717 0.565935 0.438899 0.589779 -0.564332 0.398350 0.418340 0.0003649580 0.0000169288 -0.0001287169 0.0000011275 -0.0000059661 0.0000457894 0.0027722266 -0.0002294007 -0.0000000447 0.0029876376 0.0000108948 0.0025809123
1413393977.85582 0.952619 0.553800 0.442696 0.588858 -0.564977 0.397642 0.419439 0.0003651312 0.0000172374 -0.0001284505 0.0000011574 -0.0000060599 0.0000455808 0.0027665569 -0.0002271920 -0.0000000247 0.0029951188 0.0000108566 0.0025809241
1413393977.90582 0.963868 0.541515 0.446718 0.587433 -0.565886 0.397383 0.420454 0.0003655022 0.0000170721 -0.0001280024 0.0000011427 -0.0000059749 0.0000452210 0.0027608885 -0.0002251489 -0.0000000068 0.0030039406 0.0000108071 0.0025809434
1413393977.95582 0.976466 0.529149 0.451229 0.585936 -0.567484 0.396950 0.420799 0.0003655288 0.0000164386 -0.0001280436 0.0000010861 -0.0000057546 0.0000452475 0.0027552656 -0.0002232291 0.0000000089 0.0030139147 0.0000107605 0.0025809608
1413393978.00582 0.990297 0.516348 0.456805 0.584166 -0.569711 0.396788 0.420403 0.0003654025 0.0000150589 -0.0001283609 0.0000009686 -0.0000052859 0.0000454865 0.0027496422 -0.0002213625 0.0000000315 0.0030250236 0.0000107216 0.0025809604
1413393978.05582 1.005490 0.503138 0.463807 0.581858 -0.572783 0.396879 0.419342 0.0003651401 0.0000128160 -0.0001289105 0.0000007970 -0.0000045207 0.0000459054 0.0027438152 -0.0002193740 -0.0000000033 0.0030371311 0.0000107539 0.0025808669
1413393978.10582 1.021607 0.490374 0.469736 0.579244 -0.576090 0.397473 0.417866 0.0003648426 0.0000100464 -0.0001295140 0.0000006256 -0.0000035616 0.0000463718 0.0027381137 -0.0002173740 0.0000000093 0.0030506006 0.0000107000 0.0025808950
1413393978.15582 1.038649 0.477299 0.476157 0.576204 -0.579199 0.399136 0.416183 0.0003649617 0.0000065981 -0.0001295811 0.0000004697 -0.0000023369 0.0000464056 0.0027327667 -0.0002155721 0.0000000230 0.0030649627 0.0000106554 0.0025809176
1413393978.20582 1.056109 0.464050 0.482910 0.572507 -0.582237 0.401106 0.415150 0.0003654404 0.0000031341 -0.0001291137 0.0000003789 -0.0000011005 0.0000460151 0.0027273832 -0.0002134820 0.0000000372 0.0030799087 0.0000106113 0.0025809397
1413393978.25582 1.073868 0.450382 0.489862 0.567708 -0.585651 0.403071 0.415034 0.0003662755 -0.0000004118 -0.0001281047 0.0000003543 0.0000001521 0.0000452028 0.0027221605 -0.0002112029 0.0000000534 0.0030950958 0.0000105630 0.0025809715
1413393978.30582 1.091419 0.436905 0.497268 0.562275 -0.589277 0.404465 0.415941 0.0003672557 -0.0000035364 -0.0001268118 0.0000003894 0.0000012301 0.0000441858 0.0027169534 -0.0002086198 0.0000000703 0.0031107081 0.0000105249 0.0025809947
1413393978.35582 1.108663 0.423333 0.504987 0.554326 -0.593580 0.407134 0.417884 0.0003691256 -0.0000078583 -0.0001241903 0.0000005245 0.0000026544 0.0000421806 0.0027120018 -0.0002058209 0.0000000867 0.0031259738 0.0000104762 0.0025810305
1413393978.40582 1.124550 0.408919 0.514025 0.546876 -0.598237 0.407841 0.420363 0.0003703812 -0.0000110603 -0.0001222636 0.0000006880 0.0000036627 0.0000407563 0.0027071528 -0.0002027812 0.0000001040 0.0031409984 0.0000104767 0.0025810321
1413393978.45582 1.140333 0.395781 0.522585 0.536927 -0.603460 0.409303 0.424284 0.0003723544 -0.0000150533 -0.0001191191 0.0000009684 0.0000048287 0.0000385030 0.0027023328 -0.0001990274 0.0000001247 0.0031547692 0.0000104372 0.0025810854
1413393978.50582 1.155042 0.383254 0.531307 0.526854 -0.609464 0.409199 0.428410 0.0003737415 -0.0000186023 -0.0001166426 0.0000012878 0.0000058201 0.0000367992 0.0026982274 -0.0001958359 0.0000001474 0.0031686494 0.0000103922 0.0025811505
1413393978.55582 1.168528 0.371455 0.540799 0.516265 -0.614971 0.407887 0.434637 0.0003755959 -0.0000208177 -0.0001135440 0.0000015177 0.0000063086 0.0000347198 0.0026945499 -0.0001926681 0.0000001693 0.0031813805 0.0000103440 0.0025812191
1413393978.60582 1.180708 0.361076 0.550063 0.506439 -0.622947 0.403061 0.439316 0.0003754956 -0.0000225030 -0.0001133798 0.0000017140 0.0000068111 0.0000346311 0.0026913053 -0.0001896728 0.0000002097 0.0031930730 0.0000102918 0.0025812624
1413393978.65582 1.191077 0.351804 0.561165 0.496504 -0.631082 0.397454 0.444128 0.0003752502 -0.0000238425 -0.0001134681 0.0000018798 0.0000072260 0.0000347071 0.0026882429 -0.0001868995 0.0000001513 0.0032035081 0.0000103601 0.0025811486
1413393978.70582 1.200280 0.343725 0.570128 0.487119 -0.640263 0.389945 0.448020 0.0003739331 -0.0000246613 -0.0001152471 0.0000019925 0.0000076180 0.0000359190 0.0026858220 -0.0001843238 0.0000001808 0.0032124995 0.0000103249 0.0025812012
1413393978.75582 1.208237 0.336183 0.579114 0.477510 -0.650418 0.381418 0.451067 0.0003719431 -0.0000255834 -0.0001179097 0.0000021265 0.0000081285 0.0000377817 0.0026838745 -0.0001822182 0.0000002123 0.0032204679 0.0000102960 0.0025812499
1413393978.80581 1.215291 0.329725 0.588823 0.467903 -0.659937 0.373586 0.453853 0.0003700736 -0.0000266764 -0.0001202730 0.0000022904 0.0000086890 0.0000394948 0.0026819391 -0.0001798916 0.0000002467 0.0032276197 0.0000102688 0.0025812977
1413393978.85581 1.221523 0.322438 0.599999 0.456754 -0.669328 0.366404 0.457302 0.0003687493 -0.0000283495 -0.0001216837 0.0000025450 0.0000093744 0.0000405616 0.0026799880 -0.0001777031 0.0000001423 0.0032330994 0.0000103498 0.0025811944
1413393978.90582 1.225502 0.316810 0.610929 0.445337 -0.677452 0.359407 0.462126 0.0003682288 -0.0000293115 -0.0001221583 0.0000026988 0.0000097439 0.0000409345 0.0026780908 -0.0001750017 0.0000001725 0.0032381504 0.0000103281 0.0025812214
1413393978.95582 1.228000 0.312129 0.622002 0.433183 -0.685319 0.353349 0.466728 0.0003679049 -0.0000310950 -0.0001221550 0.0000029934 0.0000103451 0.0000409693 0.0026766732 -0.0001727425 0.0000002007 0.0032408302 0.0000103153 0.0025812481
1413393979.00582 1.229558 0.308324 0.632893 0.420115 -0.693776 0.347963 0.470212 0.0003671048 -0.0000341042 -0.0001224173 0.0000035327 0.0000113943 0.0000412337 0.0026756239 -0.0001709363 0.0000002236 0.0032418809 0.0000103226 0.0025812645
1413393979.05582 1.228846 0.305920 0.643370 0.406980 -0.701720 0.342123 0.474246 0.0003665069 -0.0000365560 -0.0001225048 0.0000040094 0.0000122409 0.0000413598 0.0026748959 -0.0001694675 0.0000002532 0.0032418046 0.0000103251 0.0025812832
1413393979.10582 1.226482 0.305063 0.653795 0.393132 -0.709385 0.336573 0.478476 0.0003660568 -0.0000393454 -0.0001222396 0.0000045910 0.0000131613 0.0000412333 0.0026745496 -0.0001683746 0.0000002817 0.0032393752 0.0000103347 0.0025812960
1413393979.15582 1.221822 0.305795 0.663821 0.379765 -0.716884 0.328800 0.483474 0.0003656131 -0.0000404257 -0.0001224779 0.0000048297 0.0000135644 0.0000414431 0.0026747292 -0.0001679736 0.0000003201 0.0032352429 0.0000103488 0.0025813153
1413393979.20582 1.216702 0.308823 0.672910 0.366901 -0.723526 0.319561 0.489669 0.0003657152 -0.0000400589 -0.0001224764 0.0000047440 0.0000134356 0.0000414290 0.0026752281 -0.0001680537 0.0000002978 0.0032290120 0.0000103702 0.0025812713
1413393979.25582 1.208049 0.312591 0.678508 0.353808 -0.729974 0.310776 0.495354 0.0003657538 -0.0000400141 -0.0001224515 0.0000047295 0.0000134147 0.0000414063 0.0026764245 -0.0001692284 0.0000003021 0.0032224581 0.0000104425 0.0025812324
1413393979.30581 1.198287 0.317548 0.681275 0.339665 -0.736354 0.302660 0.500807 0.0003658031 -0.0000408986 -0.0001221058 0.0000049216 0.0000136688 0.0000411685 0.0026779861 -0.0001704387 0.0000003385 0.0032128186 0.0000104737 0.0025812308
1413393979.35581 1.187121 0.324649 0.680935 0.324626 -0.742495 0.295741 0.505822 0.0003658124 -0.0000429055 -0.0001214142 0.0000053771 0.0000142564 0.0000407036 0.0026799560 -0.0001721868 0.0000003685 0.0032022021 0.0000105203 0.0025812098
1413393979.40581 1.174885 0.332972 0.678001 0.309180 -0.748927 0.289354 0.509696 0.0003652348 -0.0000457763 -0.0001211373 0.0000060794 0.0000151975 0.0000405807 0.0026825649 -0.0001745629 0.0000003993 0.0031901342 0.0000105441 0.0025811995
1413393979.45581 1.161490 0.343425 0.672311 0.293509 -0.754796 0.283121 0.513788 0.0003648082 -0.0000486548 -0.0001205854 0.0000068267 0.0000160951 0.0000402567 0.0026857641 -0.0001775534 0.0000004048 0.0031772827 0.0000105719 0.0025811570
1413393979.50581 1.146973 0.356070 0.664466 0.277438 -0.760717 0.277799 0.516881 0.0003638471 -0.0000524750 -0.0001202586 0.0000079041 0.0000173552 0.0000401423 0.0026897939 -0.0001812614 0.0000004308 0.0031636170 0.0000105639 0.0025811673
1413393979.55581 1.130103 0.370153 0.655090 0.261352 -0.766498 0.271821 0.519893 0.0003627477 -0.0000558984 -0.0001201676 0.0000089481 0.0000185272 0.0000401978 0.0026945886 -0.0001854010 0.0000004553 0.0031483092 0.0000105591 0.0025811658
1413393979.60581 1.109863 0.384053 0.644500 0.246190 -0.772136 0.264123 0.522910 0.0003616850 -0.0000578931 -0.0001206142 0.0000095942 0.0000193158 0.0000406058 0.0026998790 -0.0001894701 0.0000005081 0.0031304439 0.0000106121 0.0025811400
1413393979.65581 1.088725 0.402705 0.632038 0.232772 -0.776779 0.254062 0.527147 0.0003613114 -0.0000575196 -0.0001212839 0.0000094831 0.0000193151 0.0000410918 0.0027055832 -0.0001928337 0.0000005361 0.0031106640 0.0000105975 0.0025811543
1413393979.70581 1.065491 0.423771 0.620270 0.219872 -0.780547 0.242779 0.532410 0.0003618301 -0.0000558395 -0.0001214131 0.0000089419 0.0000187413 0.0000411146 0.0027133853 -0.0001979747 0.0000005674 0.0030906142 0.0000105808 0.0025811714
1413393979.75581 1.040634 0.447002 0.609757 0.208335 -0.784220 0.230786 0.536967 0.0003621860 -0.0000533223 -0.0001220945 0.0000081731 0.0000179767 0.0000415275 0.0027223981 -0.0002032078 0.0000006120 0.0030692869 0.0000105699 0.0025811992
1413393979.80581 1.014133 0.473023 0.600994 0.198658 -0.787217 0.216206 0.542291 0.0003632262 -0.0000482817 -0.0001228613 0.0000067385 0.0000163297 0.0000419210 0.0027329226 -0.0002086648 0.0000006654 0.0030471743 0.0000105651 0.0025812315
1413393979.85581 0.985001 0.498309 0.595225 0.189363 -0.791293 0.200782 0.545604 0.0003632210 -0.0000429103 -0.0001248517 0.0000053810 0.0000147481 0.0000432729 0.0027449212 -0.0002143125 0.0000008068 0.0030244452 0.0000106786 0.0025812501
1413393979.90581 0.956030 0.528086 0.589596 0.179797 -0.795368 0.186376 0.548020 0.0003625330 -0.0000383920 -0.0001271743 0.0000043738 0.0000134645 0.0000449655 0.0027569861 -0.0002180344 0.0000009029 0.0030004930 0.0000107349 0.0025813057
1413393979.95581 0.926469 0.559007 0.585525 0.169934 -0.799708 0.172318 0.549451 0.0003614653 -0.0000343129 -0.0001296350 0.0000035607 0.0000123012 0.0000468435 0.0027719117 -0.0002229413 0.0000010548 0.0029776938 0.0000108072 0.0025814088
1413393980.00581 0.895485 0.587248 0.582157 0.159180 -0.804209 0.159144 0.550076 0.0003600934 -0.0000312269 -0.0001320375 0.0000029952 0.0000114455 0.0000487611 0.0027879127 -0.0002273840 0.0000012938 0.0029550008 0.0000109923 0.0025814392
1413393980.05581 0.864654 0.619941 0.578302 0.150208 -0.809617 0.143867 0.548872 0.0003573117 -0.0000261563 -0.0001362986 0.0000021962 0.0000099706 0.0000523358 0.0028031722 -0.0002294494 0.0000014673 0.0029324602 0.0000110962 0.0025815336
1413393980.10581 0.832930 0.653210 0.575029 0.142544 -0.815216 0.127453 0.546681 0.0003540179 -0.0000198778 -0.0001409104 0.0000013925 0.0000079025 0.0000564288 0.0028215529 -0.0002322003 0.0000016451 0.0029106953 0.0000112022 0.0025816414
1413393980.15581 0.799844 0.686236 0.571876 0.136755 -0.820175 0.109513 0.544627 0.0003507215 -0.0000116823 -0.0001452007 0.0000006608 0.0000048238 0.0000604535 0.0028406820 -0.0002336697 0.0000018205 0.0028890239 0.0000113117 0.0025817529
1413393980.20581 0.766373 0.717821 0.568577 0.131770 -0.825711 0.092203 0.540682 0.0003460974 -0.0000037994 -0.0001500891 0.0000003026 0.0000016331 0.0000654219 0.0028600880 -0.0002336745 0.0000019941 0.0028671590 0.0000114591 0.0025818026
1413393980.25581 0.730836 0.748125 0.565399 0.127694 -0.830143 0.077436 0.537178 0.0003419290 0.0000031941 -0.0001539023 0.0000002865 -0.0000014559 0.0000696031 0.0028790755 -0.0002319370 0.0000021426 0.0028462191 0.0000115749 0.0025818957
1413393980.30581 0.693485 0.776521 0.561813 0.124048 -0.833684 0.065805 0.534091 0.0003383488 0.0000084830 -0.0001568091 0.0000004650 -0.0000039529 0.0000730019 0.0028977837 -0.0002281209 0.0000022793 0.0028248985 0.0000117032 0.0025819754
1413393980.35581 0.654935 0.802936 0.559252 0.121036 -0.836067 0.057204 0.532043 0.0003358773 0.0000122744 -0.0001586280 0.0000006978 -0.0000058212 0.0000752425 0.0029156389 -0.0002221366 0.0000024429 0.0028037329 0.0000118183 0.0025821021
1413393980.40581 0.612965 0.824889 0.556488 0.118986 -0.836380 0.050734 0.532670 0.0003356615 0.0000155517 -0.0001585280 0.0000009611 -0.0000073703 0.0000751906 0.0029322974 -0.0002141635 0.0000025759 0.0027826044 0.0000119037 0.0025822016
1413393980.45581 0.569804 0.845349 0.554276 0.116609 -0.835279 0.047168 0.535244 0.0003371439 0.0000170902 -0.0001571538 0.0000011021 -0.0000079930 0.0000735689 0.0029460409 -0.0002030813 0.0000027229 0.0027615649 0.0000120071 0.0025823115
1413393980.50581 0.524660 0.863165 0.551418 0.114971 -0.831689 0.044825 0.541355 0.0003413436 0.0000186834 -0.0001533718 0.0000012495 -0.0000084212 0.0000692158 0.0029590203 -0.0001908322 0.0000028110 0.0027415868 0.0000121175 0.0025824104
1413393980.55581 0.479052 0.879360 0.549320 0.113321 -0.826268 0.044614 0.549954 0.0003474424 0.0000191832 -0.0001477060 0.0000012847 -0.0000081820 0.0000630892 0.0029706277 -0.0001766519 0.0000029483 0.0027227795 0.0000121838 0.0025825805
1413393980.60581 0.431800 0.891413 0.547693 0.112556 -0.819885 0.044087 0.559621 0.0003540861 0.0000204158 -0.0001408739 0.0000013972 -0.0000081485 0.0000563330 0.0029812857 -0.0001617306 0.0000030313 0.0027055113 0.0000122236 0.0025826861
1413393980.65581 0.384220 0.902465 0.545499 0.112505 -0.814622 0.043581 0.567304 0.0003590147 0.0000217050 -0.0001353107 0.0000015307 -0.0000082069 0.0000512771 0.0029887723 -0.0001449396 0.0000031324 0.0026897938 0.0000122940 0.0025828025
1413393980.70581 0.336540 0.911798 0.543760 0.112262 -0.811240 0.044172 0.572133 0.0003621712 0.0000218647 -0.0001316386 0.0000015366 -0.0000079736 0.0000481203 0.0029957246 -0.0001277980 0.0000032116 0.0026760330 0.0000123643 0.0025828926
1413393980.75581 0.289284 0.918526 0.542144 0.112357 -0.811104 0.044033 0.572318 0.0003622843 0.0000220043 -0.0001314954 0.0000015514 -0.0000080136 0.0000479976 0.0030015406 -0.0001102200 0.0000032667 0.0026641800 0.0000124404 0.0025829603
1413393980.80581 0.241921 0.923572 0.540125 0.111545 -0.813897 0.045650 0.568371 0.0003600106 0.0000201675 -0.0001344568 0.0000013425 -0.0000075588 0.0000504849 0.0030052293 -0.0000923569 0.0000032917 0.0026542237 0.0000124959 0.0025830057
1413393980.85581 0.195203 0.926674 0.538624 0.109936 -0.817933 0.048350 0.562638 0.0003566813 0.0000170496 -0.0001386138 0.0000010215 -0.0000066475 0.0000541303 0.0030074881 -0.0000746365 0.0000030749 0.0026455172 0.0000121944 0.0025827793
1413393980.90581 0.148804 0.928368 0.537175 0.107729 -0.823654 0.051578 0.554372 0.0003515685 0.0000130680 -0.0001444087 0.0000006917 -0.0000053893 0.0000595790 0.0030084781 -0.0000561604 0.0000030757 0.0026392080 0.0000122979 0.0025828016
1413393980.95581 0.101734 0.928444 0.537061 0.104219 -0.828024 0.056928 0.547972 0.0003477834 0.0000075043 -0.0001485286 0.0000003668 -0.0000032256 0.0000636940 0.0030085682 -0.0000375887 0.0000030662 0.0026346772 0.0000124106 0.0025828132
1413393981.00581 0.053549 0.928368 0.538078 0.099410 -0.831635 0.063556 0.542643 0.0003446452 0.0000007750 -0.0001516595 0.0000002046 -0.0000003601 0.0000669973 0.0030077537 -0.0000184899 0.0000030584 0.0026317716 0.0000125238 0.0025828265
1413393981.05581 0.003855 0.926477 0.540735 0.094943 -0.833137 0.070288 0.540304 0.0003434976 -0.0000055108 -0.0001526157 0.0000002910 0.0000024315 0.0000680649 0.0030070324 0.0000011852 0.0000030363 0.0026309174 0.0000125883 0.0025828286
1413393981.10581 -0.047188 0.924808 0.546427 0.090387 -0.833189 0.077062 0.540081 0.0003436886 -0.0000116736 -0.0001521047 0.0000005986 0.0000051519 0.0000675698 0.0030053838 0.0000212867 0.0000029998 0.0026321530 0.0000126151 0.0025828033
1413393981.15581 -0.100503 0.922450 0.554468 0.086477 -0.831073 0.082509 0.543168 0.0003461129 -0.0000163360 -0.0001494471 0.0000009737 0.0000070405 0.0000647796 0.0030042605 0.0000419206 0.0000030239 0.0026357525 0.0000126756 0.0025828696
1413393981.20581 -0.155227 0.920383 0.566038 0.082999 -0.828240 0.087672 0.547214 0.0003490728 -0.0000206527 -0.0001460790 0.0000014252 0.0000086306 0.0000613777 0.0030030307 0.0000632351 0.0000030659 0.0026419376 0.0000127262 0.0025829402
1413393981.25581 -0.211585 0.920078 0.582190 0.081348 -0.826669 0.091407 0.549223 0.0003505109 -0.0000235170 -0.0001442239 0.0000017809 0.0000096658 0.0000595868 0.0030020987 0.0000851296 0.0000030648 0.0026507631 0.0000127187 0.0025829293
1413393981.30581 -0.269849 0.919818 0.601089 0.081254 -0.826519 0.093585 0.549095 0.0003505016 -0.0000249179 -0.0001440081 0.0000019751 0.0000102277 0.0000594099 0.0030029815 0.0001077606 0.0000030786 0.0026626416 0.0000127655 0.0025829700
1413393981.35582 -0.329088 0.920326 0.620542 0.081049 -0.827484 0.095676 0.547309 0.0003493019 -0.0000264414 -0.0001449434 0.0000022059 0.0000109624 0.0000603866 0.0030039866 0.0001309676 0.0000030780 0.0026776350 0.0000128138 0.0025829981
1413393981.40582 -0.389603 0.921805 0.639778 0.083091 -0.828713 0.095360 0.545195 0.0003479358 -0.0000255479 -0.0001464521 0.0000020810 0.0000107443 0.0000618870 0.0030056496 0.0001546976 0.0000030865 0.0026958206 0.0000128659 0.0025830646
1413393981.45582 -0.451249 0.924993 0.658373 0.087430 -0.829389 0.091785 0.544101 0.0003472797 -0.0000216316 -0.0001477214 0.0000015529 0.0000091918 0.0000630787 0.0030081331 0.0001791308 0.0000030601 0.0027173574 0.0000128970 0.0025830826
1413393981.50582 -0.513798 0.928206 0.674618 0.092829 -0.829205 0.086867 0.544294 0.0003474501 -0.0000162976 -0.0001482513 0.0000009707 0.0000069434 0.0000634992 0.0030117920 0.0002046159 0.0000030386 0.0027426507 0.0000129608 0.0025831194
1413393981.55582 -0.577513 0.931621 0.687896 0.099291 -0.828532 0.080793 0.545113 0.0003478765 -0.0000097317 -0.0001484291 0.0000004793 0.0000041403 0.0000635735 0.0030151528 0.0002305108 0.0000030191 0.0027715458 0.0000130453 0.0025831647
1413393981.60582 -0.642269 0.934708 0.698006 0.104333 -0.827731 0.076636 0.545988 0.0003482824 -0.0000049380 -0.0001482846 0.0000002778 0.0000020896 0.0000633762 0.0030181155 0.0002569355 0.0000029862 0.0028043077 0.0000131481 0.0025831980
1413393981.65582 -0.708449 0.936775 0.705103 0.108448 -0.827506 0.073320 0.545983 0.0003480437 -0.0000011500 -0.0001485994 0.0000002126 0.0000004776 0.0000636883 0.0030202883 0.0002838249 0.0000029330 0.0028413856 0.0000132497 0.0025832120
1413393981.70582 -0.776596 0.937742 0.708700 0.112174 -0.827163 0.070838 0.546077 0.0003478764 0.0000019928 -0.0001487591 0.0000002211 -0.0000008659 0.0000638553 0.0030213287 0.0003109300 0.0000028714 0.0028829102 0.0000133536 0.0025832135
1413393981.75582 -0.844935 0.937908 0.709812 0.116060 -0.826327 0.067711 0.546926 0.0003481036 0.0000056541 -0.0001484568 0.0000003029 -0.0000024257 0.0000635558 0.0030215651 0.0003384255 0.0000028458 0.0029294676 0.0000134615 0.0025832551
1413393981.80582 -0.913406 0.935831 0.708947 0.119457 -0.824363 0.065372 0.549438 0.0003495590 0.0000088432 -0.0001468991 0.0000004358 -0.0000037310 0.0000619752 0.0030207462 0.0003655517 0.0000028101 0.0029800968 0.0000135856 0.0025832752
1413393981.85582 -0.983299 0.932674 0.704231 0.125089 -0.822081 0.063600 0.551807 0.0003508185 0.0000126946 -0.0001453831 0.0000006731 -0.0000052761 0.0000604899 0.0030181362 0.0003914073 0.0000028044 0.0030343307 0.0000136751 0.0025833241
1413393981.90582 -1.053174 0.927396 0.698210 0.131904 -0.819033 0.063296 0.554779 0.0003525695 0.0000162027 -0.0001432753 0.0000009601 -0.0000066001 0.0000584643 0.0030143548 0.0004170053 0.0000028121 0.0030938655 0.0000137673 0.0025833839
1413393981.95582 -1.123199 0.919586 0.691599 0.139920 -0.815266 0.064782 0.558182 0.0003547092 0.0000192701 -0.0001406779 0.0000012639 -0.0000076585 0.0000560326 0.0030085654 0.0004410798 0.0000028341 0.0031573038 0.0000138632 0.0025834236
1413393982.00582 -1.192469 0.909646 0.685277 0.148394 -0.811129 0.068709 0.561540 0.0003570814 0.0000211005 -0.0001378712 0.0000014654 -0.0000081631 0.0000534714 0.0030011405 0.0004632163 0.0000028553 0.0032238404 0.0000139527 0.0025834613
1413393982.05582 -1.261291 0.897458 0.678981 0.157850 -0.807837 0.074038 0.563028 0.0003583858 0.0000222820 -0.0001362528 0.0000016052 -0.0000084874 0.0000520394 0.0029921658 0.0004833069 0.0000028788 0.0032933303 0.0000140433 0.0025834931
1413393982.10582 -1.329138 0.882714 0.672467 0.168959 -0.803733 0.081208 0.564688 0.0003600016 0.0000231711 -0.0001342858 0.0000017125 -0.0000086595 0.0000503282 0.0029812201 0.0005012220 0.0000029119 0.0033665375 0.0000141349 0.0025835041
1413393982.15582 -1.396705 0.865742 0.666996 0.180745 -0.799139 0.090087 0.566208 0.0003618435 0.0000234055 -0.0001321155 0.0000017363 -0.0000085622 0.0000484748 0.0029687923 0.0005164582 0.0000029414 0.0034420091 0.0000142271 0.0025835129
1413393982.20582 -1.464115 0.846411 0.662213 0.193520 -0.795145 0.100645 0.565832 0.0003628334 0.0000227563 -0.0001310651 0.0000016504 -0.0000082367 0.0000475812 0.0029548206 0.0005292865 0.0000029501 0.0035207116 0.0000143361 0.0025834912
1413393982.25582 -1.530281 0.824718 0.658575 0.207576 -0.790363 0.113020 0.565212 0.0003640658 0.0000216553 -0.0001297789 0.0000015122 -0.0000077363 0.0000464998 0.0029398571 0.0005395441 0.0000029691 0.0036026022 0.0000144262 0.0025835121
1413393982.30582 -1.595627 0.801274 0.655476 0.222964 -0.785232 0.125662 0.563832 0.0003649667 0.0000209388 -0.0001288064 0.0000014263 -0.0000074070 0.0000456974 0.0029237339 0.0005468664 0.0000029914 0.0036866119 0.0000145191 0.0025835191
1413393982.35582 -1.658682 0.776671 0.652447 0.239912 -0.781302 0.138861 0.559220 0.0003641616 0.0000198811 -0.0001299749 0.0000013111 -0.0000071137 0.0000466305 0.0029073396 0.0005515418 0.0000030142 0.0037719368 0.0000146150 0.0025835226
1413393982.40582 -1.720764 0.750132 0.650478 0.258523 -0.776891 0.151754 0.553694 0.0003628772 0.0000195002 -0.0001315940 0.0000012742 -0.0000070902 0.0000479645 0.0028908493 0.0005535432 0.0000030231 0.0038574501 0.0000147083 0.0025835236
1413393982.45582 -1.780890 0.722248 0.648365 0.278171 -0.771669 0.164977 0.547658 0.0003615175 0.0000193001 -0.0001332416 0.0000012570 -0.0000071328 0.0000493538 0.0028737410 0.0005525038 0.0000030231 0.0039442274 0.0000148030 0.0025835105
1413393982.50582 -1.838918 0.692760 0.646656 0.298895 -0.765580 0.178521 0.540999 0.0003600536 0.0000192264 -0.0001349559 0.0000012533 -0.0000072269 0.0000508336 0.0028565801 0.0005485749 0.0000030220 0.0040307171 0.0000148913 0.0025834940
1413393982.55582 -1.896900 0.662057 0.645655 0.320067 -0.758277 0.193250 0.534068 0.0003589727 0.0000187471 -0.0001362595 0.0000012053 -0.0000071370 0.0000519735 0.0028387493 0.0005411905 0.0000030016 0.0041180277 0.0000149787 0.0025834664
1413393982.60582 -1.951827 0.628913 0.645237 0.342442 -0.749275 0.207716 0.527422 0.0003582012 0.0000191281 -0.0001370806 0.0000012473 -0.0000073417 0.0000527147 0.0028211900 0.0005315121 0.0000029871 0.0042083696 0.0000150706 0.0025834515
1413393982.65582 -2.005998 0.594055 0.644945 0.365698 -0.738516 0.222075 0.521096 0.0003578133 0.0000203353 -0.0001373494 0.0000013808 -0.0000078274 0.0000529811 0.0028030636 0.0005173990 0.0000029603 0.0042962187 0.0000151465 0.0025834246
1413393982.70582 -2.057510 0.557319 0.645021 0.389674 -0.726494 0.235502 0.514684 0.0003572625 0.0000225038 -0.0001376247 0.0000016415 -0.0000086905 0.0000532775 0.0027848661 0.0005002099 0.0000028459 0.0043849252 0.0000152307 0.0025833343
1413393982.75582 -2.108164 0.519166 0.644504 0.414542 -0.712560 0.249381 0.508157 0.0003569418 0.0000252290 -0.0001375158 0.0000020062 -0.0000097411 0.0000532440 0.0027671822 0.0004788608 0.0000027888 0.0044704647 0.0000152955 0.0025833072
1413393982.80582 -2.158638 0.478783 0.644752 0.439193 -0.697176 0.262511 0.502138 0.0003568054 0.0000287116 -0.0001369920 0.0000025319 -0.0000110437 0.0000528619 0.0027499215 0.0004548535 0.0000027367 0.0045568964 0.0000153656 0.0025832386
1413393982.85582 -2.205810 0.437535 0.644352 0.463152 -0.680546 0.275944 0.496187 0.0003569530 0.0000321859 -0.0001360658 0.0000031227 -0.0000122881 0.0000521326 0.0027333654 0.0004271255 0.0000026633 0.0046444686 0.0000154265 0.0025831984
1413393982.90582 -2.250441 0.395105 0.644281 0.487329 -0.662980 0.288959 0.489357 0.0003566456 0.0000359369 -0.0001354789 0.0000038406 -0.0000136689 0.0000517296 0.0027180846 0.0003967621 0.0000026282 0.0047263198 0.0000154908 0.0025831472
1413393982.95582 -2.291902 0.352022 0.643344 0.510147 -0.646141 0.301636 0.480903 0.0003556407 0.0000385683 -0.0001358782 0.0000044005 -0.0000147513 0.0000521790 0.0027037347 0.0003634909 0.0000025666 0.0048051481 0.0000155584 0.0025830894
1413393983.00582 -2.330184 0.307435 0.641297 0.531542 -0.629382 0.314552 0.471592 0.0003547335 0.0000401847 -0.0001364172 0.0000047697 -0.0000154675 0.0000527259 0.0026910607 0.0003276926 0.0000024814 0.0048787330 0.0000156111 0.0025830726
1413393983.05582 -2.365180 0.262538 0.638873 0.552866 -0.611693 0.326536 0.462110 0.0003534930 0.0000424916 -0.0001370768 0.0000053254 -0.0000164895 0.0000534203 0.0026796070 0.0002884031 0.0000023999 0.0049469909 0.0000156571 0.0025830656
1413393983.10582 -2.396076 0.217316 0.638390 0.573075 -0.593173 0.338153 0.453193 0.0003525922 0.0000450452 -0.0001372402 0.0000059713 -0.0000175434 0.0000536809 0.0026695727 0.0002472595 0.0000023024 0.0050091633 0.0000156974 0.0025829667
1413393983.15582 -2.424139 0.171039 0.636611 0.593253 -0.573929 0.348077 0.444409 0.0003509940 0.0000485477 -0.0001377553 0.0000069313 -0.0000190625 0.0000543251 0.0026613086 0.0002042008 0.0000022238 0.0050641971 0.0000157333 0.0025829293
1413393983.20582 -2.448150 0.123992 0.634960 0.612568 -0.554202 0.357599 0.435596 0.0003493474 0.0000520355 -0.0001382172 0.0000079667 -0.0000205950 0.0000549406 0.0026546302 0.0001592065 0.0000021652 0.0051133001 0.0000157760 0.0025828801
1413393983.25582 -2.468480 0.076288 0.633086 0.630619 -0.533878 0.367262 0.427098 0.0003480743 0.0000554363 -0.0001382226 0.0000090450 -0.0000220206 0.0000551399 0.0026497562 0.0001125206 0.0000020780 0.0051540999 0.0000158010 0.0025828138
1413393983.30582 -2.484796 0.029238 0.631479 0.648064 -0.513698 0.376561 0.417528 0.0003464069 0.0000582894 -0.0001387651 0.0000100241 -0.0000233555 0.0000558327 0.0026466661 0.0000645187 0.0000020016 0.0051870408 0.0000158064 0.0025827599
1413393983.35582 -2.495458 -0.017286 0.630227 0.663868 -0.492216 0.386406 0.409502 0.0003457286 0.0000616522 -0.0001380069 0.0000112083 -0.0000246151 0.0000553272 0.0026452022 0.0000164972 0.0000019540 0.0052115694 0.0000158288 0.0025826716
1413393983.40582 -2.501226 -0.063216 0.629205 0.678066 -0.470408 0.397223 0.401443 0.0003458868 0.0000644377 -0.0001365801 0.0000122183 -0.0000254491 0.0000541643 0.0026457262 -0.0000307203 0.0000018708 0.0052237699 0.0000158405 0.0025826406
1413393983.45582 -2.501883 -0.108354 0.628564 0.690882 -0.449164 0.408604 0.392399 0.0003464415 0.0000661575 -0.0001351954 0.0000128475 -0.0000258216 0.0000529872 0.0026479517 -0.0000770143 0.0000017778 0.0052255776 0.0000158356 0.0025826434
1413393983.50582 -2.494623 -0.150678 0.630622 0.701614 -0.427353 0.421337 0.384164 0.0003483086 0.0000677254 -0.0001324437 0.0000133715 -0.0000257561 0.0000505824 0.0026506136 -0.0001228704 0.0000016604 0.0052155449 0.0000159672 0.0025824589
1413393983.55582 -2.484225 -0.193549 0.632086 0.711994 -0.405962 0.433403 0.374728 0.0003497526 0.0000689113 -0.0001302678 0.0000137764 -0.0000256690 0.0000487349 0.0026552238 -0.0001637289 0.0000015648 0.0051896917 0.0000160360 0.0025824354
1413393983.60582 -2.469455 -0.233861 0.634888 0.721308 -0.384033 0.445600 0.365614 0.0003514307 0.0000704698 -0.0001275572 0.0000143255 -0.0000255794 0.0000465091 0.0026611818 -0.0002041418 0.0000014684 0.0051581351 0.0000161296 0.0025824153
1413393983.65582 -2.449783 -0.271956 0.638493 0.730289 -0.363192 0.456541 0.355443 0.0003524859 0.0000714382 -0.0001258123 0.0000146671 -0.0000254984 0.0000451104 0.0026677932 -0.0002408285 0.0000013991 0.0051188457 0.0000162548 0.0025823557
1413393983.70582 -2.425220 -0.307471 0.641802 0.737691 -0.343106 0.468586 0.344264 0.0003544694 0.0000711685 -0.0001236349 0.0000144723 -0.0000248217 0.0000433188 0.0026750392 -0.0002738310 0.0000013348 0.0050702275 0.0000163701 0.0025823096
1413393983.75582 -2.396908 -0.339496 0.645544 0.745296 -0.324371 0.478754 0.331831 0.0003554620 0.0000704070 -0.0001228860 0.0000141244 -0.0000243386 0.0000426733 0.0026826056 -0.0003026484 0.0000012353 0.0050131233 0.0000164787 0.0025822965
1413393983.80582 -2.365009 -0.367589 0.649932 0.752138 -0.307478 0.488481 0.318011 0.0003565861 0.0000682285 -0.0001227497 0.0000132271 -0.0000234851 0.0000424392 0.0026899463 -0.0003265600 0.0000011494 0.0049499843 0.0000165557 0.0025822520
1413393983.85582 -2.329527 -0.392741 0.654890 0.758365 -0.290850 0.497822 0.304074 0.0003577977 0.0000658886 -0.0001225419 0.0000123015 -0.0000225642 0.0000421491 0.0026968084 -0.0003453491 0.0000010590 0.0048813802 0.0000166183 0.0025822320
1413393983.90582 -2.290751 -0.413488 0.660400 0.763898 -0.274955 0.506503 0.290370 0.0003589834 0.0000634881 -0.0001223440 0.0000113904 -0.0000216355 0.0000418709 0.0027032742 -0.0003602640 0.0000009530 0.0048073102 0.0000166180 0.0025822080
1413393983.95582 -2.249024 -0.431347 0.666994 0.769065 -0.256951 0.514098 0.279675 0.0003597431 0.0000639015 -0.0001211793 0.0000115104 -0.0000215236 0.0000409908 0.0027086208 -0.0003696889 0.0000008443 0.0047292790 0.0000166712 0.0025822419
1413393984.00582 -2.204572 -0.445218 0.673907 0.774021 -0.239767 0.520974 0.268307 0.0003602687 0.0000637731 -0.0001205820 0.0000114422 -0.0000213446 0.0000405261 0.0027131862 -0.0003753275 0.0000007450 0.0046471803 0.0000166323 0.0025822498
1413393984.05582 -2.157232 -0.455324 0.681563 0.778543 -0.221372 0.527476 0.258137 0.0003606288 0.0000649291 -0.0001195023 0.0000118371 -0.0000215165 0.0000397628 0.0027164971 -0.0003762961 0.0000007029 0.0045616345 0.0000164917 0.0025821438
1413393984.10582 -2.107541 -0.460884 0.690204 0.782577 -0.202575 0.533969 0.247817 0.0003610325 0.0000661684 -0.0001182983 0.0000122716 -0.0000216822 0.0000389222 0.0027184595 -0.0003728899 0.0000006220 0.0044738376 0.0000164483 0.0025821324
1413393984.15582 -2.055675 -0.461748 0.699574 0.786372 -0.183581 0.539869 0.237609 0.0003611589 0.0000677034 -0.0001172655 0.0000128340 -0.0000219837 0.0000382328 0.0027187871 -0.0003648095 0.0000005268 0.0043844768 0.0000163987 0.0025821461
1413393984.20582 -2.001898 -0.458041 0.710180 0.789670 -0.164634 0.545733 0.226919 0.0003613972 0.0000689789 -0.0001162095 0.0000133055 -0.0000221816 0.0000375233 0.0027174206 -0.0003523305 0.0000004319 0.0042943851 0.0000163486 0.0025821488
1413393984.25582 -1.947125 -0.449733 0.721156 0.792565 -0.146144 0.551282 0.215802 0.0003616271 0.0000698653 -0.0001153773 0.0000136362 -0.0000222915 0.0000369646 0.0027145155 -0.0003360494 0.0000003326 0.0042040900 0.0000163032 0.0025821706
1413393984.30582 -1.889178 -0.439172 0.731977 0.794991 -0.130178 0.556774 0.202596 0.0003625204 0.0000684983 -0.0001149957 0.0000130741 -0.0000217296 0.0000366278 0.0027099899 -0.0003161257 0.0000002556 0.0041145232 0.0000162272 0.0025821738
1413393984.35582 -1.831515 -0.421862 0.742731 0.796843 -0.115710 0.561962 0.189342 0.0003635581 0.0000664655 -0.0001147843 0.0000122806 -0.0000209855 0.0000363878 0.0027052195 -0.0002952848 0.0000001819 0.0040239497 0.0000161505 0.0025821716
1413393984.40582 -1.772973 -0.400527 0.754421 0.797522 -0.101662 0.567546 0.177524 0.0003650749 0.0000650775 -0.0001134971 0.0000117283 -0.0000202317 0.0000354299 0.0026985392 -0.0002701261 0.0000001046 0.0039371340 0.0000160891 0.0025821799
1413393984.45582 -1.714704 -0.374322 0.766916 0.798288 -0.088166 0.571867 0.167127 0.0003659578 0.0000644626 -0.0001126211 0.0000114817 -0.0000198378 0.0000348016 0.0026912536 -0.0002433112 0.0000000375 0.0038524295 0.0000160261 0.0025822110
1413393984.50582 -1.656459 -0.343636 0.779774 0.798054 -0.076030 0.576606 0.157653 0.0003673620 0.0000637696 -0.0001110105 0.0000111949 -0.0000192701 0.0000336865 0.0026831941 -0.0002143370 -0.0000000065 0.0037713542 0.0000159555 0.0025822454
1413393984.55582 -1.597283 -0.309358 0.792783 0.797293 -0.064192 0.581340 0.149154 0.0003688293 0.0000636007 -0.0001089448 0.0000110910 -0.0000187863 0.0000323189 0.0026748217 -0.0001837775 -0.0000000102 0.0036933904 0.0000158551 0.0025822536
1413393984.60582 -1.539396 -0.270584 0.804959 0.798059 -0.055428 0.583720 0.138928 0.0003695486 0.0000612678 -0.0001092182 0.0000102804 -0.0000181075 0.0000324162 0.0026669763 -0.0001528902 -0.0000000394 0.0036172079 0.0000157884 0.0025822953
1413393984.65582 -1.481812 -0.228386 0.814896 0.799987 -0.051631 0.584717 0.124342 0.0003705695 0.0000541397 -0.0001114435 0.0000080319 -0.0000162814 0.0000336519 0.0026596923 -0.0001212368 -0.0000000630 0.0035457455 0.0000157315 0.0025823490
1413393984.70582 -1.424764 -0.183384 0.822057 0.801714 -0.053127 0.585831 0.105989 0.0003723304 0.0000421871 -0.0001139818 0.0000049013 -0.0000129139 0.0000350300 0.0026535785 -0.0000900287 -0.0000000780 0.0034777856 0.0000156886 0.0025824200
1413393984.75582 -1.366919 -0.137195 0.826080 0.802717 -0.055564 0.586844 0.090404 0.0003736036 0.0000313500 -0.0001156169 0.0000027513 -0.0000097003 0.0000359151 0.0026490100 -0.0000598573 -0.0000000519 0.0034125103 0.0000156227 0.0025824564
1413393984.80582 -1.309412 -0.089010 0.827936 0.803512 -0.059259 0.587357 0.076604 0.0003742231 0.0000209922 -0.0001170658 0.0000012979 -0.0000065650 0.0000367561 0.0026462889 -0.0000316671 -0.0000000625 0.0033487836 0.0000155984 0.0025825234
1413393984.85582 -1.252699 -0.040243 0.826709 0.805803 -0.066651 0.585129 0.062154 0.0003728988 0.0000086947 -0.0001204838 0.0000003228 -0.0000028068 0.0000390632 0.0026454115 -0.0000050232 -0.0000000648 0.0032887367 0.0000155823 0.0025825881
1413393984.90582 -1.197585 0.008775 0.822824 0.808638 -0.077891 0.581045 0.049232 0.0003698393 -0.0000042513 -0.0001248526 0.0000001678 0.0000014383 0.0000422836 0.0026462852 0.0000192781 -0.0000000163 0.0032324477 0.0000155406 0.0025826509
1413393984.95582 -1.143573 0.056756 0.816068 0.810954 -0.091423 0.576604 0.039036 0.0003659243 -0.0000163270 -0.0001288812 0.0000008478 0.0000057544 0.0000455290 0.0026492753 0.0000412803 -0.0000000155 0.0031799854 0.0000155467 0.0025827454
1413393985.00582 -1.091767 0.104018 0.807867 0.811950 -0.105775 0.573086 0.033481 0.0003623250 -0.0000257774 -0.0001317310 0.0000019525 0.0000093760 0.0000480298 0.0026535602 0.0000605365 0.0000000553 0.0031311320 0.0000155193 0.0025828142
1413393985.05582 -1.040288 0.149684 0.797949 0.812197 -0.118911 0.570058 0.035064 0.0003597188 -0.0000302401 -0.0001338448 0.0000026593 0.0000112561 0.0000499369 0.0026594809 0.0000772949 0.0000000985 0.0030863580 0.0000154822 0.0025829071
1413393985.10582 -0.987670 0.191424 0.786028 0.810447 -0.131098 0.569419 0.041853 0.0003594705 -0.0000313224 -0.0001338960 0.0000028471 0.0000116712 0.0000500096 0.0026671576 0.0000913471 0.0000000595 0.0030437452 0.0000155150 0.0025830515
1413393985.15582 -0.935794 0.231175 0.773757 0.807033 -0.141087 0.570761 0.054988 0.0003616424 -0.0000278730 -0.0001321561 0.0000022659 0.0000101890 0.0000484296 0.0026753933 0.0001018172 0.0000000279 0.0030022935 0.0000155114 0.0025831873
1413393985.20582 -0.884146 0.268275 0.759224 0.802611 -0.151174 0.572762 0.070041 0.0003646301 -0.0000235196 -0.0001294408 0.0000016351 0.0000083517 0.0000460855 0.0026846700 0.0001103110 -0.0000000162 0.0029642438 0.0000155194 0.0025833356
1413393985.25582 -0.831399 0.303309 0.742881 0.798110 -0.161483 0.573959 0.086689 0.0003674287 -0.0000182689 -0.0001268194 0.0000010259 0.0000063072 0.0000439073 0.0026943360 0.0001165617 -0.0000000708 0.0029284127 0.0000154924 0.0025835026
1413393985.30582 -0.781066 0.337940 0.725981 0.793403 -0.171836 0.574512 0.104502 0.0003700677 -0.0000123330 -0.0001241401 0.0000005278 0.0000041377 0.0000417773 0.0027043388 0.0001205428 -0.0000001478 0.0028937781 0.0000154311 0.0025836347
1413393985.35582 -0.731099 0.371228 0.709001 0.789476 -0.182592 0.573004 0.122691 0.0003716575 -0.0000060729 -0.0001225012 0.0000002161 0.0000020014 0.0000405116 0.0027156388 0.0001236191 -0.0000002145 0.0028630273 0.0000153314 0.0025837441
1413393985.40582 -0.681523 0.404840 0.693192 0.784949 -0.194368 0.571458 0.139686 0.0003731329 -0.0000011200 -0.0001206466 0.0000001199 0.0000003612 0.0000391431 0.0027273263 0.0001249500 -0.0000003095 0.0028340180 0.0000151833 0.0025838270
1413393985.45582 -0.633414 0.438297 0.677246 0.780653 -0.207910 0.568585 0.155129 0.0003737847 0.0000022831 -0.0001197406 0.0000001310 -0.0000007330 0.0000384931 0.0027405619 0.0001253335 -0.0000004559 0.0028076551 0.0000151038 0.0025840120
1413393985.50582 -0.585615 0.472483 0.662490 0.775623 -0.221594 0.566121 0.169739 0.0003747224 0.0000048785 -0.0001183570 0.0000001814 -0.0000015430 0.0000375187 0.0027547550 0.0001245631 -0.0000006060 0.0027837890 0.0000150275 0.0025842153
1413393985.55582 -0.538523 0.507592 0.647997 0.771327 -0.237764 0.562120 0.180400 0.0003743570 0.0000043225 -0.0001189168 0.0000001688 -0.0000013753 0.0000379112 0.0027703846 0.0001227699 -0.0000007650 0.0027619180 0.0000149423 0.0025844218
1413393985.60582 -0.491179 0.543762 0.632902 0.767875 -0.255763 0.556449 0.187933 0.0003726058 0.0000015391 -0.0001214422 0.0000001265 -0.0000005037 0.0000397196 0.0027873097 0.0001197649 -0.0000009212 0.0027420852 0.0000148325 0.0025845879
1413393985.65582 -0.445546 0.579621 0.618194 0.765656 -0.274954 0.548702 0.192605 0.0003690661 -0.0000026443 -0.0001261496 0.0000001403 0.0000009019 0.0000432589 0.0028054629 0.0001154641 -0.0000010170 0.0027240053 0.0000146931 0.0025845523
1413393985.70582 -0.399614 0.616649 0.604138 0.763420 -0.294959 0.540435 0.195242 0.0003645529 -0.0000080452 -0.0001315687 0.0000003002 0.0000029020 0.0000476259 0.0028242899 0.0001101082 -0.0000010286 0.0027082516 0.0000145124 0.0025844836
1413393985.75582 -0.354742 0.654205 0.589833 0.761367 -0.314403 0.531129 0.198424 0.0003592931 -0.0000122451 -0.0001373595 0.0000005412 0.0000046800 0.0000526584 0.0028447451 0.0001035235 -0.0000011140 0.0026941066 0.0000144113 0.0025845681
1413393985.80582 -0.309221 0.689977 0.576727 0.758700 -0.332654 0.522469 0.201849 0.0003543741 -0.0000157947 -0.0001423177 0.0000008293 0.0000063421 0.0000573033 0.0028664042 0.0000958364 -0.0000011933 0.0026819423 0.0000143004 0.0025846507
1413393985.85582 -0.263148 0.724430 0.565553 0.755366 -0.350631 0.514280 0.204933 0.0003494830 -0.0000193878 -0.0001468239 0.0000012019 0.0000081445 0.0000618341 0.0028873154 0.0000862294 -0.0000012290 0.0026711348 0.0000142170 0.0025847364
1413393985.90582 -0.217345 0.756391 0.556471 0.750273 -0.368828 0.507893 0.207606 0.0003454046 -0.0000238383 -0.0001500696 0.0000017729 0.0000103570 0.0000653547 0.0029078350 0.0000749093 -0.0000012673 0.0026618398 0.0000141075 0.0025848213
1413393985.95582 -0.170450 0.785131 0.549014 0.744756 -0.385693 0.501754 0.211712 0.0003419711 -0.0000269344 -0.0001526813 0.0000022507 0.0000120259 0.0000683238 0.0029272572 0.0000622861 -0.0000013071 0.0026545491 0.0000140271 0.0025849040
1413393986.00582 -0.123392 0.811142 0.544055 0.737528 -0.401821 0.497626 0.216705 0.0003400857 -0.0000300792 -0.0001537666 0.0000027914 0.0000136010 0.0000696813 0.0029446246 0.0000478692 -0.0000013464 0.0026487722 0.0000139813 0.0025850177
1413393986.05582 -0.075646 0.834366 0.538999 0.730145 -0.416469 0.493779 0.222762 0.0003389164 -0.0000321628 -0.0001543686 0.0000031848 0.0000146507 0.0000704699 0.0029610693 0.0000325175 -0.0000013512 0.0026448938 0.0000139468 0.0025850903
1413393986.10582 -0.028710 0.855798 0.533904 0.721217 -0.432243 0.490955 0.227981 0.0003379062 -0.0000356953 -0.0001544680 0.0000039052 0.0000163193 0.0000707720 0.0029763228 0.0000164059 -0.0000012891 0.0026428214 0.0000139299 0.0025851243
1413393986.15582 0.018146 0.873667 0.530539 0.711789 -0.446954 0.489050 0.233277 0.0003375258 -0.0000392304 -0.0001539461 0.0000046960 0.0000178955 0.0000703753 0.0029900980 -0.0000003014 -0.0000012463 0.0026424923 0.0000138954 0.0025851766
1413393986.20582 0.063973 0.888715 0.527982 0.700731 -0.463001 0.488440 0.236714 0.0003367933 -0.0000449516 -0.0001530146 0.0000061384 0.0000204263 0.0000696801 0.0030017215 -0.0000174222 -0.0000012587 0.0026439810 0.0000138632 0.0025852747
1413393986.25582 0.109853 0.898912 0.523614 0.688608 -0.478859 0.488448 0.240688 0.0003364041 -0.0000507984 -0.0001515210 0.0000078119 0.0000228850 0.0000684089 0.0030103923 -0.0000346448 -0.0000010295 0.0026466797 0.0000138428 0.0025852264
1413393986.30581 0.152830 0.905555 0.521180 0.676583 -0.494563 0.487527 0.244868 0.0003354570 -0.0000561348 -0.0001504578 0.0000095375 0.0000251830 0.0000676455 0.0030155536 -0.0000518297 -0.0000009423 0.0026512979 0.0000137958 0.0025852585
1413393986.35581 0.191634 0.909931 0.521214 0.664748 -0.509372 0.485892 0.250119 0.0003346493 -0.0000603849 -0.0001495142 0.0000110431 0.0000269854 0.0000669640 0.0030186560 -0.0000675305 -0.0000009780 0.0026570063 0.0000137809 0.0025854271
1413393986.40581 0.226901 0.909171 0.523034 0.652099 -0.523910 0.484266 0.256461 0.0003342905 -0.0000642625 -0.0001482135 0.0000125038 0.0000284996 0.0000658785 0.0030189735 -0.0000815862 -0.0000009901 0.0026632847 0.0000138159 0.0025856057
1413393986.45581 0.259963 0.906521 0.523662 0.640980 -0.537335 0.480597 0.263521 0.0003335407 -0.0000662950 -0.0001479778 0.0000133297 0.0000294208 0.0000658184 0.0030163516 -0.0000935695 -0.0000009232 0.0026696863 0.0000138770 0.0025856961
1413393986.50581 0.289055 0.900940 0.525131 0.631067 -0.546916 0.475948 0.275882 0.0003358994 -0.0000641934 -0.0001468666 0.0000124223 0.0000280758 0.0000643827 0.0030123633 -0.0001042646 -0.0000008586 0.0026762387 0.0000139331 0.0025857833
1413393986.55581 0.314320 0.894113 0.527343 0.622932 -0.552191 0.469119 0.294903 0.0003416264 -0.0000565886 -0.0001448274 0.0000095279 0.0000239967 0.0000615645 0.0030064415 -0.0001130895 -0.0000007314 0.0026822970 0.0000140618 0.0025857949
1413393986.60581 0.334681 0.881977 0.531979 0.616680 -0.553787 0.460279 0.318071 0.0003490940 -0.0000445954 -0.0001418303 0.0000058513 0.0000181227 0.0000577896 0.0029992546 -0.0001204199 -0.0000006947 0.0026883948 0.0000141197 0.0025859027
1413393986.65582 0.352870 0.867205 0.534942 0.611459 -0.554416 0.449637 0.341420 0.0003555349 -0.0000310319 -0.0001387988 0.0000028632 0.0000121166 0.0000543523 0.0029882364 -0.0001254062 -0.0000006031 0.0026937002 0.0000141777 0.0025859312
1413393986.70582 0.370308 0.851721 0.537503 0.603168 -0.555193 0.442237 0.363836 0.0003624835 -0.0000201670 -0.0001330545 0.0000012765 0.0000074029 0.0000490042 0.0029765607 -0.0001293368 -0.0000004226 0.0026987112 0.0000142532 0.0025858808
1413393986.75582 0.384731 0.834684 0.543891 0.594754 -0.556301 0.434718 0.384470 0.0003682735 -0.0000102824 -0.0001271509 0.0000004431 0.0000035488 0.0000440644 0.0029653643 -0.0001331411 -0.0000004078 0.0027042606 0.0000142746 0.0025860063
1413393986.80582 0.398709 0.817654 0.550024 0.585553 -0.557374 0.427736 0.404357 0.0003736102 -0.0000012874 -0.0001204954 0.0000001620 0.0000004124 0.0000390248 0.0029537447 -0.0001357135 -0.0000003511 0.0027091313 0.0000143136 0.0025860963
1413393986.85582 0.412719 0.802360 0.553954 0.576818 -0.558478 0.420851 0.422218 0.0003778732 0.0000067297 -0.0001141744 0.0000002782 -0.0000020376 0.0000346597 0.0029425205 -0.0001382800 -0.0000002285 0.0027141911 0.0000143561 0.0025860592
1413393986.90582 0.429985 0.788501 0.555502 0.569049 -0.560206 0.414843 0.436186 0.0003808076 0.0000125245 -0.0001091489 0.0000005696 -0.0000035947 0.0000314458 0.0029328425 -0.0001412823 0.0000000730 0.0027195378 0.0000145009 0.0025858132
1413393986.95582 0.446012 0.775864 0.558231 0.562923 -0.564878 0.408983 0.443579 0.0003814477 0.0000148113 -0.0001078501 0.0000007323 -0.0000041932 0.0000306542 0.0029242165 -0.0001456124 0.0000001873 0.0027263865 0.0000145555 0.0025856813
1413393987.00582 0.461884 0.767064 0.560033 0.558500 -0.572187 0.402882 0.445382 0.0003799326 0.0000143961 -0.0001103460 0.0000007004 -0.0000041864 0.0000322096 0.0029163912 -0.0001492592 0.0000003281 0.0027327252 0.0000146909 0.0025855350
1413393987.05582 0.480456 0.756153 0.561797 0.555148 -0.579211 0.397233 0.445569 0.0003780327 0.0000136355 -0.0001133932 0.0000006463 -0.0000040955 0.0000341751 0.0029117585 -0.0001536157 0.0000003484 0.0027394454 0.0000147120 0.0025854910
1413393987.10582 0.497194 0.752551 0.560533 0.552753 -0.585363 0.392301 0.444876 0.0003758430 0.0000127520 -0.0001167556 0.0000005834 -0.0000039661 0.0000364320 0.0029046006 -0.0001577017 0.0000004480 0.0027467620 0.0000148299 0.0025853433
1413393987.15582 0.518330 0.745114 0.558755 0.550947 -0.590596 0.388299 0.443709 0.0003739464 0.0000118404 -0.0001195719 0.0000005247 -0.0000037909 0.0000383958 0.0029029363 -0.0001629504 0.0000004196 0.0027539827 0.0000148281 0.0025852929
1413393987.20582 0.541156 0.735877 0.555232 0.549226 -0.595014 0.385267 0.442582 0.0003723358 0.0000108301 -0.0001219085 0.0000004642 -0.0000035510 0.0000400768 0.0028985386 -0.0001686368 0.0000004248 0.0027635553 0.0000148483 0.0025852652
1413393987.25582 0.565005 0.726429 0.551517 0.548926 -0.598753 0.381971 0.440765 0.0003702114 0.0000103329 -0.0001248067 0.0000004367 -0.0000034887 0.0000422373 0.0028923725 -0.0001741250 0.0000003981 0.0027742672 0.0000148414 0.0025852147
1413393987.30582 0.590014 0.717242 0.549040 0.548324 -0.601623 0.379766 0.439510 0.0003687708 0.0000097406 -0.0001267366 0.0000004046 -0.0000033530 0.0000437179 0.0028863417 -0.0001796756 0.0000003903 0.0027858580 0.0000148452 0.0025851783
1413393987.35582 0.616357 0.708066 0.547740 0.548214 -0.603655 0.378428 0.438011 0.0003675434 0.0000090798 -0.0001283553 0.0000003708 -0.0000031763 0.0000449867 0.0028806374 -0.0001854943 0.0000003966 0.0027986584 0.0000148480 0.0025851571
1413393987.40582 0.643617 0.698390 0.547601 0.548639 -0.604847 0.377139 0.436945 0.0003665083 0.0000090144 -0.0001296637 0.0000003680 -0.0000031946 0.0000460343 0.0028749382 -0.0001914563 0.0000004058 0.0028126867 0.0000148255 0.0025851447
1413393987.45583 0.671464 0.688756 0.548584 0.548679 -0.605459 0.377647 0.435607 0.0003661234 0.0000080569 -0.0001302141 0.0000003234 -0.0000028712 0.0000464730 0.0028690987 -0.0001974057 0.0000004167 0.0028279030 0.0000148005 0.0025851288
1413393987.50583 0.701284 0.680744 0.550813 0.548563 -0.605692 0.377579 0.435488 0.0003660094 0.0000078660 -0.0001303769 0.0000003155 -0.0000028078 0.0000466022 0.0028633994 -0.0002031830 0.0000004133 0.0028438501 0.0000147310 0.0025851287
1413393987.55583 0.730973 0.670569 0.553461 0.547751 -0.604927 0.377549 0.437595 0.0003670153 0.0000087910 -0.0001290922 0.0000003581 -0.0000030987 0.0000455662 0.0028588656 -0.0002098069 0.0000004232 0.0028617377 0.0000146760 0.0025851438
1413393987.60583 0.760351 0.660751 0.556548 0.546391 -0.604772 0.376405 0.440485 0.0003678391 0.0000101687 -0.0001279695 0.0000004294 -0.0000035447 0.0000446789 0.0028531162 -0.0002154693 0.0000004165 0.0028801844 0.0000146143 0.0025851449
1413393987.65583 0.790479 0.650924 0.559186 0.543854 -0.605416 0.375347 0.443631 0.0003688797 0.0000109721 -0.0001265960 0.0000004759 -0.0000037731 0.0000436051 0.0028475753 -0.0002208262 0.0000004280 0.0028992711 0.0000145492 0.0025851632
1413393987.70583 0.821167 0.640444 0.562468 0.540504 -0.607613 0.373535 0.446244 0.0003694138 0.0000111296 -0.0001259116 0.0000004863 -0.0000038012 0.0000430744 0.0028423821 -0.0002262535 0.0000004438 0.0029195848 0.0000144841 0.0025851991
1413393987.75583 0.852224 0.629964 0.566443 0.535634 -0.610562 0.372849 0.448658 0.0003703795 0.0000099243 -0.0001247704 0.0000004178 -0.0000033507 0.0000421897 0.0028369831 -0.0002314380 0.0000004642 0.0029411041 0.0000144315 0.0025852128
1413393987.80583 0.884332 0.619634 0.568946 0.531738 -0.614284 0.371679 0.449182 0.0003702571 0.0000082444 -0.0001250712 0.0000003368 -0.0000027922 0.0000424068 0.0028318689 -0.0002365866 0.0000004799 0.0029638373 0.0000143669 0.0025852542
1413393987.85583 0.916940 0.608922 0.570271 0.526929 -0.618435 0.372272 0.448661 0.0003703751 0.0000048494 -0.0001251129 0.0000002180 -0.0000016449 0.0000424219 0.0028267513 -0.0002416541 0.0000004996 0.0029881639 0.0000143143 0.0025853113
1413393987.90583 0.950182 0.598355 0.569082 0.523408 -0.622665 0.372122 0.447055 0.0003696210 0.0000017958 -0.0001261936 0.0000001644 -0.0000006193 0.0000432436 0.0028214973 -0.0002463596 0.0000005119 0.0030136575 0.0000142622 0.0025853659
1413393987.95583 0.983697 0.587309 0.564816 0.520258 -0.625558 0.372019 0.446777 0.0003694729 -0.0000001944 -0.0001264144 0.0000001571 0.0000000608 0.0000434125 0.0028164621 -0.0002509653 0.0000005307 0.0030404648 0.0000142403 0.0025854359
1413393988.00583 1.017666 0.575850 0.557131 0.517439 -0.627592 0.371989 0.447224 0.0003696784 -0.0000015779 -0.0001261572 0.0000001650 0.0000005334 0.0000432130 0.0028111313 -0.0002549732 0.0000005451 0.0030683146 0.0000142237 0.0025855125
1413393988.05583 1.051476 0.564066 0.547345 0.515380 -0.629405 0.371240 0.447675 0.0003696059 -0.0000022692 -0.0001262575 0.0000001730 0.0000007707 0.0000432904 0.0028056948 -0.0002586004 0.0000005544 0.0030974771 0.0000142558 0.0025855851
1413393988.10583 1.086482 0.552622 0.536106 0.513681 -0.629850 0.370335 0.449748 0.0003702590 -0.0000017490 -0.0001254326 0.0000001681 0.0000005886 0.0000426534 0.0028002034 -0.0002617081 0.0000005349 0.0031272203 0.0000142893 0.0025856491
1413393988.15583 1.121296 0.541336 0.521687 0.512317 -0.628857 0.369467 0.453392 0.0003716676 -0.0000000378 -0.0001236011 0.0000001610 0.0000000088 0.0000412649 0.0027951056 -0.0002650184 0.0000005071 0.0031592867 0.0000143089 0.0025857307
1413393988.20583 1.157240 0.529987 0.505990 0.511578 -0.627475 0.367706 0.457553 0.0003729648 0.0000025910 -0.0001218325 0.0000001795 -0.0000008498 0.0000399572 0.0027903884 -0.0002682959 0.0000004411 0.0031923021 0.0000143443 0.0025857793
1413393988.25583 1.193239 0.519709 0.487740 0.511079 -0.625295 0.366232 0.462254 0.0003745406 0.0000057100 -0.0001195582 0.0000002498 -0.0000018262 0.0000383237 0.0027857100 -0.0002715071 0.0000003622 0.0032277585 0.0000143727 0.0025858533
1413393988.30583 1.230227 0.509214 0.468423 0.511010 -0.623500 0.364738 0.465921 0.0003756114 0.0000084203 -0.0001178919 0.0000003523 -0.0000026460 0.0000371607 0.0027815314 -0.0002749067 0.0000002402 0.0032643922 0.0000144022 0.0025859120
1413393988.35583 1.268785 0.499852 0.450157 0.511255 -0.620976 0.363128 0.470261 0.0003768592 0.0000117639 -0.0001158063 0.0000005318 -0.0000036183 0.0000357444 0.0027773885 -0.0002783243 0.0000000557 0.0033035247 0.0000144092 0.0025859330
1413393988.40583 1.307227 0.490565 0.431615 0.512742 -0.618455 0.359851 0.474464 0.0003772868 0.0000163553 -0.0001146297 0.0000008748 -0.0000049728 0.0000349854 0.0027738190 -0.0002822863 -0.0000001119 0.0033457439 0.0000144400 0.0025859836
1413393988.45583 1.346511 0.481013 0.413969 0.516186 -0.615405 0.353856 0.479182 0.0003766752 0.0000233272 -0.0001143484 0.0000016113 -0.0000070856 0.0000348713 0.0027704177 -0.0002861092 -0.0000002764 0.0033891415 0.0000145009 0.0025860290
1413393988.50583 1.387499 0.472959 0.396398 0.521374 -0.612339 0.344811 0.484061 0.0003745251 0.0000324212 -0.0001153230 0.0000029751 -0.0000099881 0.0000356690 0.0027670198 -0.0002897379 -0.0000004601 0.0034354582 0.0000145204 0.0025860883
1413393988.55583 1.430421 0.465292 0.380039 0.525899 -0.608998 0.336910 0.488920 0.0003725616 0.0000407346 -0.0001155451 0.0000046242 -0.0000126392 0.0000359944 0.0027642076 -0.0002943190 -0.0000006550 0.0034859877 0.0000145297 0.0025861359
1413393988.60583 1.475974 0.456732 0.365033 0.528897 -0.605837 0.331211 0.493486 0.0003713503 0.0000472543 -0.0001148081 0.0000061850 -0.0000146156 0.0000356545 0.0027615165 -0.0002992566 -0.0000008609 0.0035407195 0.0000145660 0.0025861784
1413393988.65583 1.524823 0.449121 0.350172 0.527296 -0.607756 0.332571 0.491924 0.0003716360 0.0000448617 -0.0001153708 0.0000055882 -0.0000139327 0.0000359764 0.0027587010 -0.0003039250 -0.0000010690 0.0036009660 0.0000145722 0.0025862385
1413393988.70583 1.576341 0.441646 0.335817 0.525070 -0.611771 0.334766 0.487821 0.0003714539 0.0000402131 -0.0001173426 0.0000045269 -0.0000127084 0.0000372303 0.0027563336 -0.0003094724 -0.0000012650 0.0036669554 0.0000145648 0.0025862955
1413393988.75583 1.630579 0.434596 0.322493 0.519127 -0.619441 0.341838 0.479528 0.0003719190 0.0000291466 -0.0001199450 0.0000024579 -0.0000094033 0.0000388456 0.0027541733 -0.0003154042 -0.0000014578 0.0037384900 0.0000145468 0.0025863560
1413393988.80583 1.685617 0.427560 0.310226 0.512130 -0.629582 0.347390 0.469755 0.0003706181 0.0000171039 -0.0001239994 0.0000009631 -0.0000057247 0.0000416515 0.0027517654 -0.0003212691 -0.0000015844 0.0038146842 0.0000144808 0.0025863314
1413393988.85583 1.742024 0.419951 0.299240 0.503195 -0.644059 0.353281 0.455164 0.0003663620 0.0000011698 -0.0001305743 0.0000001789 -0.0000004167 0.0000467054 0.0027497124 -0.0003266407 -0.0000017719 0.0038935928 0.0000144267 0.0025864148
1413393988.90583 1.797842 0.410835 0.291941 0.492331 -0.659809 0.358975 0.439772 0.0003601481 -0.0000156669 -0.0001369572 0.0000008591 0.0000059611 0.0000522538 0.0027472869 -0.0003308347 -0.0000019442 0.0039752982 0.0000144002 0.0025865113
1413393988.95583 1.852477 0.400059 0.288634 0.481507 -0.674513 0.361666 0.427060 0.0003529595 -0.0000292453 -0.0001425064 0.0000026036 0.0000118142 0.0000577124 0.0027444058 -0.0003330422 -0.0000021066 0.0040566177 0.0000143529 0.0025865953
1413393989.00583 1.903845 0.389031 0.289263 0.470460 -0.688367 0.363317 0.415715 0.0003452014 -0.0000411541 -0.0001472585 0.0000050901 0.0000175656 0.0000629991 0.0027410577 -0.0003333697 -0.0000022270 0.0041371598 0.0000143600 0.0025867117
1413393989.05583 1.952352 0.377493 0.293765 0.460481 -0.701132 0.363228 0.405508 0.0003369323 -0.0000506662 -0.0001517875 0.0000078062 0.0000228383 0.0000685655 0.0027377055 -0.0003323987 -0.0000022997 0.0042132199 0.0000143870 0.0025868205
1413393989.10583 1.995922 0.363330 0.301942 0.450627 -0.713563 0.362892 0.395061 0.0003278502 -0.0000595177 -0.0001560549 0.0000109954 0.0000283467 0.0000744715 0.0027328780 -0.0003289589 -0.0000020472 0.0042845199 0.0000143013 0.0025867365
1413393989.15583 2.034816 0.348576 0.314506 0.442570 -0.724506 0.360346 0.386487 0.0003191760 -0.0000653400 -0.0001601818 0.0000135702 0.0000328116 0.0000805848 0.0027282091 -0.0003222315 -0.0000019885 0.0043475454 0.0000143175 0.0025868001
1413393989.20583 2.067880 0.331556 0.331703 0.436984 -0.733115 0.355448 0.381109 0.0003123021 -0.0000675089 -0.0001639320 0.0000147895 0.0000354587 0.0000862513 0.0027229698 -0.0003130884 -0.0000017768 0.0044021447 0.0000143189 0.0025867889
1413393989.25583 2.093568 0.311370 0.352204 0.434615 -0.737671 0.347934 0.381959 0.0003097986 -0.0000647996 -0.0001666084 0.0000137506 0.0000348711 0.0000898055 0.0027159045 -0.0002999041 -0.0000012831 0.0044467406 0.0000142747 0.0025866774
1413393989.30582 2.113291 0.290076 0.379658 0.438362 -0.730262 0.336142 0.401951 0.0003212215 -0.0000504609 -0.0001640920 0.0000081219 0.0000257947 0.0000840258 0.0027096716 -0.0002830364 -0.0000011308 0.0044793236 0.0000143222 0.0025867468
1413393989.35582 2.126506 0.267074 0.410026 0.441830 -0.717690 0.326070 0.428235 0.0003367348 -0.0000334231 -0.0001567219 0.0000035111 0.0000155679 0.0000731367 0.0027034373 -0.0002648196 -0.0000009290 0.0045065124 0.0000143731 0.0025868111
1413393989.40582 2.139243 0.241181 0.440870 0.442647 -0.703070 0.319228 0.455905 0.0003525028 -0.0000172686 -0.0001450204 0.0000010392 0.0000071127 0.0000598510 0.0026969197 -0.0002444591 -0.0000006260 0.0045246286 0.0000143057 0.0025867964
1413393989.45582 2.148529 0.213834 0.470913 0.441686 -0.687906 0.315055 0.482119 0.0003663171 -0.0000029514 -0.0001307764 0.0000002183 0.0000010593 0.0000468718 0.0026909656 -0.0002220408 -0.0000004443 0.0045454700 0.0000142983 0.0025868476
1413393989.50582 2.157053 0.186784 0.497751 0.439956 -0.675172 0.313114 0.502535 0.0003760812 0.0000076113 -0.0001176540 0.0000003503 -0.0000023768 0.0000369879 0.0026853261 -0.0001984787 -0.0000002650 0.0045623975 0.0000142601 0.0025868930
1413393989.55582 2.168242 0.159690 0.519997 0.437515 -0.665708 0.312865 0.517232 0.0003826696 0.0000143039 -0.0001068799 0.0000007331 -0.0000039913 0.0000300308 0.0026808511 -0.0001759358 -0.0000001189 0.0045794272 0.0000142645 0.0025869757
1413393989.60582 2.180103 0.132805 0.537907 0.436101 -0.661092 0.311932 0.524855 0.0003855552 0.0000180761 -0.0001013942 0.0000010481 -0.0000047500 0.0000268441 0.0026769669 -0.0001535642 0.0000000063 0.0046026242 0.0000142607 0.0025870640
1413393989.65582 2.193802 0.107227 0.552144 0.435449 -0.659056 0.310534 0.528770 0.0003866783 0.0000204279 -0.0000989491 0.0000012821 -0.0000052237 0.0000255008 0.0026737648 -0.0001312076 0.0000001273 0.0046271583 0.0000142558 0.0025871524
1413393989.70582 2.209208 0.082132 0.562488 0.434415 -0.661283 0.307876 0.528395 0.0003858185 0.0000206887 -0.0001004650 0.0000013144 -0.0000053833 0.0000263427 0.0026712149 -0.0001095617 0.0000002298 0.0046545739 0.0000142324 0.0025872354
1413393989.75582 2.226126 0.058222 0.569680 0.432088 -0.665219 0.305600 0.526681 0.0003846159 0.0000193229 -0.0001028668 0.0000011776 -0.0000051636 0.0000276966 0.0026692365 -0.0000882658 0.0000003193 0.0046856055 0.0000142120 0.0025873146
1413393989.80582 2.244891 0.035391 0.574053 0.427708 -0.670654 0.304431 0.524033 0.0003834325 0.0000158587 -0.0001054871 0.0000008646 -0.0000043577 0.0000292078 0.0026678446 -0.0000679002 0.0000004060 0.0047197642 0.0000141877 0.0025873927
1413393989.85583 2.266411 0.012376 0.575188 0.419491 -0.677121 0.306360 0.521227 0.0003831251 0.0000088530 -0.0001068309 0.0000004147 -0.0000024621 0.0000299777 0.0026666320 -0.0000481927 0.0000004286 0.0047567910 0.0000141336 0.0025874086
1413393989.90583 2.287135 -0.008965 0.573924 0.409500 -0.684393 0.308726 0.518271 0.0003826126 0.0000007031 -0.0001080525 0.0000002130 -0.0000001904 0.0000307058 0.0026659931 -0.0000280976 0.0000004340 0.0047990914 0.0000140562 0.0025874208
1413393989.95583 2.308084 -0.026662 0.571133 0.396654 -0.691498 0.312511 0.516558 0.0003826464 -0.0000089351 -0.0001076445 0.0000004215 0.0000025235 0.0000304744 0.0026654878 -0.0000088297 0.0000003063 0.0048388226 0.0000139087 0.0025873264
1413393990.00583 2.328741 -0.043975 0.565832 0.381227 -0.699113 0.316093 0.515744 0.0003825420 -0.0000193890 -0.0001064484 0.0000011969 0.0000054077 0.0000298146 0.0026655597 0.0000060692 0.0000003037 0.0048793438 0.0000138588 0.0025873454
1413393990.05583 2.348948 -0.058834 0.558718 0.366613 -0.705530 0.314497 0.518569 0.0003826898 -0.0000252880 -0.0001049759 0.0000018870 0.0000069508 0.0000289912 0.0026658378 0.0000208970 0.0000002868 0.0049180880 0.0000138194 0.0025873544
1413393990.10583 2.368667 -0.071681 0.549804 0.352183 -0.711848 0.309560 0.522889 0.0003828238 -0.0000288103 -0.0001038532 0.0000023845 0.0000078312 0.0000283699 0.0026660156 0.0000331564 0.0000001893 0.0049559666 0.0000137787 0.0025873237
1413393990.15583 2.388322 -0.081904 0.539070 0.337372 -0.718397 0.302149 0.528008 0.0003828539 -0.0000309816 -0.0001031935 0.0000027240 0.0000083674 0.0000280128 0.0026664406 0.0000434789 0.0000001643 0.0049935752 0.0000137674 0.0025873367
1413393990.20583 2.406992 -0.089969 0.525967 0.321940 -0.725415 0.293293 0.533016 0.0003825901 -0.0000327494 -0.0001031183 0.0000030209 0.0000088446 0.0000279935 0.0026668305 0.0000518109 0.0000001264 0.0050315229 0.0000137838 0.0025873431
1413393990.25583 2.425822 -0.095521 0.510736 0.306380 -0.733457 0.283039 0.536713 0.0003814737 -0.0000342951 -0.0001045280 0.0000033017 0.0000094161 0.0000288452 0.0026672405 0.0000577403 0.0000001081 0.0050682273 0.0000138173 0.0025873959
1413393990.30582 2.444589 -0.098391 0.493785 0.289799 -0.742797 0.272757 0.538398 0.0003792550 -0.0000369198 -0.0001073066 0.0000038134 0.0000104660 0.0000305681 0.0026675042 0.0000610574 0.0000000616 0.0051056482 0.0000138815 0.0025874370
1413393990.35583 2.463309 -0.098352 0.476042 0.273109 -0.753194 0.261914 0.538063 0.0003758342 -0.0000396971 -0.0001116933 0.0000044125 0.0000118180 0.0000334039 0.0026675742 0.0000621063 -0.0000000343 0.0051430217 0.0000139913 0.0025874401
1413393990.40582 2.481378 -0.096031 0.459576 0.255716 -0.762795 0.251288 0.538153 0.0003726423 -0.0000424669 -0.0001154214 0.0000050599 0.0000131752 0.0000359642 0.0026676530 0.0000599876 -0.0000000537 0.0051798794 0.0000140601 0.0025875151
1413393990.45583 2.498569 -0.091565 0.444530 0.236716 -0.771888 0.242692 0.537825 0.0003692612 -0.0000469262 -0.0001184860 0.0000061848 0.0000150804 0.0000382364 0.0026676781 0.0000556257 -0.0000000632 0.0052150237 0.0000141274 0.0025876074
1413393990.50583 2.514664 -0.084690 0.430476 0.218162 -0.781153 0.234244 0.536037 0.0003649762 -0.0000513112 -0.0001224233 0.0000074362 0.0000172359 0.0000412856 0.0026676480 0.0000491099 -0.0000000772 0.0052485245 0.0000141941 0.0025877134
1413393990.55582 2.529380 -0.074797 0.417330 0.200760 -0.791152 0.225605 0.531861 0.0003591767 -0.0000552577 -0.0001279589 0.0000087245 0.0000197121 0.0000458116 0.0026675408 0.0000399879 -0.0000001175 0.0052791353 0.0000142751 0.0025878119
1413393990.60582 2.541170 -0.062139 0.404181 0.185647 -0.803598 0.215218 0.522922 0.0003501660 -0.0000577026 -0.0001369924 0.0000097325 0.0000226030 0.0000538265 0.0026674634 0.0000274114 -0.0000001217 0.0053062066 0.0000143369 0.0025879490
1413393990.65582 2.550400 -0.048626 0.392199 0.174457 -0.817419 0.201480 0.510683 0.0003387601 -0.0000565654 -0.0001484669 0.0000096689 0.0000248211 0.0000653093 0.0026674886 0.0000120495 -0.0000001199 0.0053254350 0.0000143931 0.0025881146
1413393990.70582 2.555372 -0.031728 0.381071 0.170415 -0.832470 0.181766 0.494888 0.0003244842 -0.0000490176 -0.0001625016 0.0000076255 0.0000245792 0.0000816349 0.0026675311 -0.0000037893 -0.0000001096 0.0053377979 0.0000143781 0.0025882528
1413393990.75582 2.556266 -0.014818 0.372129 0.172038 -0.844185 0.157834 0.482538 0.0003122577 -0.0000360734 -0.0001738999 0.0000043859 0.0000201189 0.0000971143 0.0026679702 -0.0000225043 -0.0000000810 0.0053381006 0.0000143888 0.0025884212
1413393990.80582 2.551727 0.001614 0.364606 0.176168 -0.853331 0.134038 0.472044 0.0003007725 -0.0000219936 -0.0001826298 0.0000018247 0.0000133801 0.0001111737 0.0026685457 -0.0000398948 -0.0000000559 0.0053296878 0.0000143737 0.0025885912
1413393990.85582 2.541877 0.015471 0.359229 0.181669 -0.860019 0.111987 0.463489 0.0002903783 -0.0000083984 -0.0001887212 0.0000004573 0.0000054789 0.0001229448 0.0026692029 -0.0000549261 -0.0000000047 0.0053083143 0.0000143524 0.0025887339
1413393990.90582 2.524907 0.026131 0.356439 0.186402 -0.862528 0.094335 0.460869 0.0002850823 0.0000031143 -0.0001911478 0.0000002474 -0.0000020724 0.0001284631 0.0026697873 -0.0000658690 0.0000000695 0.0052760509 0.0000143261 0.0025888610
1413393990.95582 2.502401 0.033005 0.357061 0.192365 -0.858282 0.078931 0.469167 0.0002888652 0.0000155149 -0.0001889495 0.0000010451 -0.0000101382 0.0001238887 0.0026701396 -0.0000720509 0.0000002095 0.0052275969 0.0000142548 0.0025889047
1413393991.00583 2.473815 0.034137 0.361193 0.197645 -0.847985 0.069329 0.486880 0.0003010733 0.0000263730 -0.0001819278 0.0000025222 -0.0000159303 0.0001102159 0.0026703924 -0.0000732360 0.0000003701 0.0051706993 0.0000142449 0.0025890119
1413393991.05583 2.441079 0.030209 0.367963 0.201198 -0.833705 0.064301 0.510217 0.0003178657 0.0000354686 -0.0001705591 0.0000041677 -0.0000190274 0.0000917861 0.0026698814 -0.0000681066 0.0000006964 0.0051032118 0.0000142914 0.0025890314
1413393991.10583 2.404970 0.020043 0.375724 0.201349 -0.816180 0.065611 0.537591 0.0003380107 0.0000408192 -0.0001542898 0.0000051380 -0.0000186280 0.0000706807 0.0026693534 -0.0000580969 0.0000009306 0.0050325066 0.0000142824 0.0025890763
1413393991.15583 2.371153 0.006021 0.383324 0.199245 -0.795784 0.071780 0.567342 0.0003588855 0.0000429681 -0.0001331003 0.0000053515 -0.0000159304 0.0000496015 0.0026687735 -0.0000429748 0.0000011501 0.0049606185 0.0000143571 0.0025890985
1413393991.20583 2.337011 -0.010609 0.390154 0.193722 -0.775128 0.082587 0.595675 0.0003774976 0.0000405384 -0.0001091582 0.0000045599 -0.0000117154 0.0000317926 0.0026684461 -0.0000258650 0.0000013502 0.0048972963 0.0000143946 0.0025891737
1413393991.25583 2.306147 -0.029341 0.396688 0.188331 -0.754000 0.094354 0.622185 0.0003921218 0.0000370083 -0.0000835905 0.0000036994 -0.0000078812 0.0000180403 0.0026684056 -0.0000077273 0.0000015155 0.0048377442 0.0000144194 0.0025892482
1413393991.30583 2.277787 -0.049770 0.401399 0.182900 -0.734158 0.106044 0.645225 0.0004021579 0.0000327263 -0.0000589038 0.0000028695 -0.0000047841 0.0000088442 0.0026686253 0.0000107093 0.0000016035 0.0047879222 0.0000143819 0.0025892606
1413393991.35583 2.256469 -0.069235 0.405751 0.175976 -0.721993 0.120663 0.658179 0.0004076146 0.0000235348 -0.0000427830 0.0000015661 -0.0000024602 0.0000047057 0.0026694043 0.0000298483 0.0000017244 0.0047449215 0.0000143639 0.0025893595
1413393991.40583 2.240954 -0.088238 0.409870 0.169935 -0.716244 0.133912 0.663463 0.0004101328 0.0000138185 -0.0000343645 0.0000006742 -0.0000011476 0.0000030947 0.0026705491 0.0000468647 0.0000018452 0.0047165369 0.0000143333 0.0025894860
1413393991.45583 2.230886 -0.106272 0.410172 0.165854 -0.723177 0.145056 0.654574 0.0004092791 0.0000029904 -0.0000414047 0.0000002318 -0.0000002923 0.0000044054 0.0026719568 0.0000628855 0.0000019606 0.0046985760 0.0000143015 0.0025895823
1413393991.50583 2.226732 -0.122269 0.409458 0.162252 -0.738240 0.155460 0.636009 0.0004049048 -0.0000095033 -0.0000582207 0.0000004345 0.0000013772 0.0000085908 0.0026734814 0.0000774122 0.0000020449 0.0046904614 0.0000142680 0.0025896363
1413393991.55583 2.228064 -0.135788 0.409497 0.157939 -0.754023 0.166551 0.615440 0.0003977704 -0.0000230702 -0.0000756800 0.0000015515 0.0000044013 0.0000146223 0.0026751177 0.0000899877 0.0000021472 0.0046916230 0.0000142323 0.0025897111
1413393991.60584 2.232292 -0.146896 0.408647 0.153799 -0.771488 0.176663 0.591560 0.0003868269 -0.0000362775 -0.0000949042 0.0000036183 0.0000089145 0.0000235132 0.0026767207 0.0001002671 0.0000022895 0.0046996748 0.0000142105 0.0025897981
1413393991.65584 2.238418 -0.154709 0.408690 0.150110 -0.788743 0.184776 0.566754 0.0003729077 -0.0000476741 -0.0001134473 0.0000063140 0.0000145210 0.0000347508 0.0026781676 0.0001079817 0.0000024436 0.0047104696 0.0000141947 0.0025898785
1413393991.70584 2.244480 -0.159552 0.409964 0.148207 -0.803539 0.188538 0.544805 0.0003588510 -0.0000545359 -0.0001290064 0.0000085096 0.0000196259 0.0000466223 0.0026788014 0.0001128189 0.0000022415 0.0047215739 0.0000141913 0.0025896359
1413393991.75584 2.248762 -0.161518 0.414285 0.146852 -0.814601 0.189801 0.528048 0.0003471216 -0.0000584268 -0.0001401204 0.0000100580 0.0000236072 0.0000568088 0.0026782387 0.0001149375 0.0000017507 0.0047294895 0.0000142248 0.0025893532
1413393991.80584 2.249164 -0.160189 0.421589 0.146967 -0.821917 0.187716 0.517316 0.0003392539 -0.0000586263 -0.0001475082 0.0000103560 0.0000255149 0.0000643901 0.0026783998 0.0001141430 0.0000017827 0.0047319222 0.0000142085 0.0025893105
1413393991.85584 2.250283 -0.154503 0.433249 0.149523 -0.820690 0.182007 0.520561 0.0003416555 -0.0000538708 -0.0001471539 0.0000087178 0.0000232264 0.0000636260 0.0026760013 0.0001104422 0.0000011283 0.0047245424 0.0000142026 0.0025889901
1413393991.90584 2.243803 -0.147916 0.446842 0.156893 -0.812558 0.169932 0.535029 0.0003522755 -0.0000413433 -0.0001409788 0.0000050737 0.0000165647 0.0000566604 0.0026753715 0.0001031193 0.0000011663 0.0047206560 0.0000141930 0.0025890103
1413393991.95584 2.233685 -0.138789 0.461483 0.165398 -0.798095 0.156513 0.557845 0.0003672243 -0.0000254403 -0.0001279456 0.0000019823 0.0000088785 0.0000448117 0.0026744961 0.0000953988 0.0000011577 0.0047041999 0.0000142240 0.0025890017
1413393992.00584 2.223209 -0.130204 0.477940 0.171070 -0.781654 0.147857 0.581284 0.0003806954 -0.0000128232 -0.0001111551 0.0000006518 0.0000037561 0.0000326825 0.0026737158 0.0000857963 0.0000011789 0.0046853257 0.0000142302 0.0025890518
1413393992.05584 2.213499 -0.121427 0.493084 0.175765 -0.766453 0.140743 0.601538 0.0003904967 -0.0000017586 -0.0000949603 0.0000002288 0.0000004379 0.0000233160 0.0026731852 0.0000771944 0.0000011964 0.0046687260 0.0000142380 0.0025891232
1413393992.10584 2.205953 -0.112278 0.507668 0.178630 -0.754962 0.135768 0.616191 0.0003964051 0.0000060980 -0.0000823522 0.0000003157 -0.0000012574 0.0000173304 0.0026726488 0.0000683734 0.0000012260 0.0046554850 0.0000142652 0.0025891915
1413393992.15584 2.200741 -0.102974 0.518871 0.180603 -0.752437 0.132544 0.619398 0.0003972950 0.0000098062 -0.0000799208 0.0000004642 -0.0000019630 0.0000163001 0.0026718676 0.0000593454 0.0000013215 0.0046472761 0.0000143351 0.0025892401
1413393992.20584 2.199153 -0.092393 0.526685 0.183772 -0.760951 0.127369 0.609064 0.0003922524 0.0000120664 -0.0000907447 0.0000005945 -0.0000027820 0.0000212207 0.0026713710 0.0000506132 0.0000013753 0.0046433160 0.0000144159 0.0025892749
1413393992.25583 2.200552 -0.082122 0.533323 0.186700 -0.773497 0.122359 0.593189 0.0003839361 0.0000128041 -0.0001059797 0.0000006518 -0.0000035250 0.0000294885 0.0026709372 0.0000409302 0.0000014066 0.0046457151 0.0000144735 0.0025893481
1413393992.30583 2.203282 -0.073050 0.540407 0.187590 -0.787288 0.119621 0.575046 0.0003736538 0.0000107436 -0.0001217228 0.0000005354 -0.0000034902 0.0000398959 0.0026706196 0.0000319653 0.0000014241 0.0046518610 0.0000145241 0.0025894281
1413393992.35583 2.207702 -0.064611 0.546810 0.182211 -0.801730 0.125551 0.555216 0.0003624964 0.0000003643 -0.0001361209 0.0000002285 -0.0000001248 0.0000513676 0.0026704141 0.0000249354 0.0000014346 0.0046582694 0.0000145767 0.0025895029
1413393992.40583 2.211837 -0.057117 0.553273 0.175080 -0.813965 0.134355 0.537360 0.0003516036 -0.0000116763 -0.0001471872 0.0000006183 0.0000049035 0.0000618777 0.0026702521 0.0000181864 0.0000014370 0.0046654869 0.0000146240 0.0025895824
1413393992.45583 2.215021 -0.050188 0.559030 0.166098 -0.822437 0.145281 0.524312 0.0003431715 -0.0000244151 -0.0001535291 0.0000019701 0.0000109431 0.0000689566 0.0026700210 0.0000117160 0.0000014121 0.0046705308 0.0000146753 0.0025896302
1413393992.50583 2.214971 -0.043034 0.564427 0.158358 -0.825749 0.154459 0.518849 0.0003394945 -0.0000340199 -0.0001549123 0.0000036453 0.0000155472 0.0000709612 0.0026698907 0.0000053915 0.0000013925 0.0046717459 0.0000147110 0.0025896891
1413393992.55583 2.211868 -0.035565 0.569080 0.153202 -0.823537 0.160515 0.522064 0.0003419436 -0.0000392648 -0.0001515156 0.0000047475 0.0000174236 0.0000674104 0.0026697796 -0.0000014540 0.0000013635 0.0046659130 0.0000147478 0.0025897312
1413393992.60583 2.206344 -0.027041 0.572430 0.150881 -0.816920 0.162935 0.532287 0.0003493008 -0.0000401392 -0.0001443792 0.0000048524 0.0000166160 0.0000599470 0.0026696166 -0.0000089591 0.0000012955 0.0046541952 0.0000147637 0.0025897505
1413393992.65583 2.198111 -0.017608 0.575173 0.153272 -0.804602 0.159216 0.551156 0.0003622629 -0.0000337888 -0.0001321189 0.0000033916 0.0000123448 0.0000484471 0.0026696491 -0.0000179590 0.0000012639 0.0046398384 0.0000147977 0.0025897667
1413393992.70583 2.189065 -0.007404 0.578827 0.157447 -0.788389 0.153712 0.574479 0.0003767201 -0.0000242937 -0.0001153477 0.0000018060 0.0000074571 0.0000355730 0.0026696488 -0.0000272513 0.0000012178 0.0046230189 0.0000148006 0.0025896572
1413393992.75583 2.180672 0.003124 0.580038 0.162347 -0.771263 0.147341 0.597568 0.0003889366 -0.0000133662 -0.0000970496 0.0000006995 0.0000033512 0.0000244656 0.0026699263 -0.0000370929 0.0000011719 0.0046073338 0.0000148355 0.0025896791
1413393992.80583 2.173621 0.014868 0.580988 0.167004 -0.756731 0.140951 0.616117 0.0003969479 -0.0000030770 -0.0000812854 0.0000002651 0.0000006446 0.0000168916 0.0026703359 -0.0000473634 0.0000011249 0.0045961958 0.0000148630 0.0025896789
1413393992.85583 2.170107 0.028212 0.582562 0.171958 -0.747647 0.134348 0.627221 0.0004006215 0.0000060061 -0.0000719145 0.0000003328 -0.0000010644 0.0000131547 0.0026709156 -0.0000585338 0.0000010774 0.0045891744 0.0000148692 0.0025896604
1413393992.90583 2.170279 0.042237 0.582896 0.175994 -0.745846 0.129135 0.629336 0.0004007447 0.0000117288 -0.0000708759 0.0000005877 -0.0000020609 0.0000127822 0.0026717784 -0.0000711961 0.0000010343 0.0045900016 0.0000148882 0.0025896736
1413393992.95583 2.174645 0.057044 0.582558 0.179512 -0.752349 0.123545 0.621677 0.0003971542 0.0000150808 -0.0000794578 0.0000008185 -0.0000030040 0.0000161478 0.0026728489 -0.0000845286 0.0000009876 0.0045974882 0.0000148990 0.0025896634
1413393993.00583 2.182668 0.072044 0.581433 0.183076 -0.763125 0.117887 0.608462 0.0003907302 0.0000171906 -0.0000930022 0.0000010036 -0.0000040788 0.0000223931 0.0026741478 -0.0000984318 0.0000009568 0.0046122294 0.0000149049 0.0025896788
1413393993.05583 2.193789 0.086853 0.580786 0.186495 -0.774693 0.112574 0.593630 0.0003826876 0.0000186521 -0.0001071911 0.0000011577 -0.0000052118 0.0000302878 0.0026756161 -0.0001124645 0.0000009334 0.0046323619 0.0000149051 0.0025896830
1413393993.10583 2.206965 0.100559 0.580771 0.187273 -0.784991 0.110069 0.580174 0.0003750485 0.0000174723 -0.0001189979 0.0000010635 -0.0000055307 0.0000380271 0.0026771394 -0.0001257455 0.0000009215 0.0046563526 0.0000149034 0.0025896970
1413393993.15583 2.221609 0.113071 0.580587 0.186613 -0.798052 0.110033 0.562300 0.0003644658 0.0000132357 -0.0001331832 0.0000007310 -0.0000048224 0.0000489482 0.0026786436 -0.0001380421 0.0000009192 0.0046831574 0.0000148989 0.0025897131
1413393993.20583 2.236784 0.124422 0.580133 0.184682 -0.812474 0.111291 0.541657 0.0003511695 0.0000072746 -0.0001478946 0.0000004016 -0.0000030473 0.0000625785 0.0026800685 -0.0001491141 0.0000009224 0.0047103351 0.0000148910 0.0025897329
1413393993.25583 2.250683 0.134072 0.579312 0.183586 -0.827648 0.110194 0.518798 0.0003345820 0.0000029551 -0.0001625633 0.0000002777 -0.0000014172 0.0000792940 0.0026814347 -0.0001591394 0.0000009271 0.0047358397 0.0000148840 0.0025897624
1413393993.30582 2.262048 0.141166 0.579500 0.182827 -0.841443 0.109085 0.496638 0.0003173061 -0.0000007753 -0.0001747748 0.0000002541 0.0000004481 0.0000965952 0.0026825139 -0.0001669627 0.0000009484 0.0047569436 0.0000148682 0.0025897802
1413393993.35582 2.269292 0.146203 0.581582 0.183492 -0.850908 0.106117 0.480652 0.0003039012 -0.0000015379 -0.0001825473 0.0000002610 0.0000009462 0.0001099967 0.0026832441 -0.0001720105 0.0000009617 0.0047707977 0.0000148645 0.0025898091
1413393993.40582 2.271350 0.148538 0.585715 0.185988 -0.856174 0.101033 0.471345 0.0002953021 0.0000007609 -0.0001868658 0.0000002559 -0.0000004595 0.0001186041 0.0026836482 -0.0001744801 0.0000009794 0.0047749702 0.0000148726 0.0025898414
1413393993.45582 2.267414 0.147851 0.592472 0.189609 -0.856660 0.095928 0.470085 0.0002932713 0.0000047861 -0.0001877536 0.0000003328 -0.0000030441 0.0001205614 0.0026835320 -0.0001733116 0.0000009944 0.0047682430 0.0000148924 0.0025898747
1413393993.50583 2.257661 0.143670 0.601424 0.191785 -0.851461 0.093727 0.479008 0.0003001833 0.0000084469 -0.0001842881 0.0000004932 -0.0000051677 0.0001134923 0.0026829149 -0.0001685365 0.0000010016 0.0047494541 0.0000149228 0.0025899051
1413393993.55583 2.242781 0.136215 0.612894 0.192067 -0.841037 0.094465 0.496833 0.0003146670 0.0000114771 -0.0001760435 0.0000006752 -0.0000064045 0.0000988290 0.0026818649 -0.0001604173 0.0000010052 0.0047224368 0.0000149579 0.0025899348
1413393993.60583 2.224182 0.126091 0.626298 0.190969 -0.826401 0.097967 0.520571 0.0003335578 0.0000136600 -0.0001628176 0.0000008169 -0.0000066522 0.0000797975 0.0026804209 -0.0001493890 0.0000010086 0.0046891654 0.0000150067 0.0025899659
1413393993.65583 2.204196 0.112860 0.640635 0.189263 -0.807949 0.102715 0.548495 0.0003541734 0.0000158707 -0.0001442137 0.0000009689 -0.0000064470 0.0000590261 0.0026787045 -0.0001365102 0.0000010112 0.0046509138 0.0000150071 0.0025899436
1413393993.70583 2.183469 0.097977 0.655459 0.186500 -0.788149 0.107866 0.576544 0.0003726590 0.0000176217 -0.0001222806 0.0000010927 -0.0000057669 0.0000404154 0.0026770168 -0.0001217143 0.0000009924 0.0046146728 0.0000150230 0.0025900010
1413393993.75583 2.163601 0.081805 0.669086 0.183683 -0.768117 0.112723 0.602951 0.0003874273 0.0000192807 -0.0000988713 0.0000012208 -0.0000049048 0.0000255142 0.0026754173 -0.0001062511 0.0000009731 0.0045790698 0.0000150354 0.0025900610
1413393993.80583 2.146105 0.065336 0.676955 0.181263 -0.751032 0.116501 0.624117 0.0003970791 0.0000207041 -0.0000783448 0.0000013430 -0.0000040689 0.0000157350 0.0026740506 -0.0000909132 0.0000009555 0.0045481872 0.0000150545 0.0025901453
1413393993.85583 2.131933 0.049016 0.678259 0.178804 -0.736556 0.119397 0.641294 0.0004033123 0.0000217726 -0.0000606571 0.0000014409 -0.0000032580 0.0000093978 0.0026729389 -0.0000760285 0.0000009514 0.0045228447 0.0000150578 0.0025902272
1413393993.90583 2.121013 0.033367 0.674276 0.176579 -0.724723 0.121922 0.654776 0.0004071624 0.0000223022 -0.0000460958 0.0000014893 -0.0000025078 0.0000054930 0.0026720835 -0.0000617197 0.0000009330 0.0045045739 0.0000150737 0.0025903304
1413393993.95583 2.114762 0.018398 0.665757 0.173845 -0.713767 0.124956 0.666858 0.0004098445 0.0000219480 -0.0000324824 0.0000014452 -0.0000017217 0.0000028490 0.0026714853 -0.0000483867 0.0000009160 0.0044940220 0.0000150847 0.0025904365
1413393994.00583 2.114098 0.004626 0.654714 0.170245 -0.705631 0.129634 0.675497 0.0004115009 0.0000193461 -0.0000219978 0.0000011813 -0.0000010157 0.0000014514 0.0026711456 -0.0000361840 0.0000009011 0.0044934152 0.0000151032 0.0025905552
1413393994.05583 2.120132 -0.007690 0.645016 0.165007 -0.700595 0.137618 0.680441 0.0004126404 0.0000130454 -0.0000147229 0.0000006860 -0.0000004463 0.0000008021 0.0026710489 -0.0000254344 0.0000008989 0.0045047488 0.0000151162 0.0025906732
1413393994.10583 2.135007 -0.017837 0.638987 0.159273 -0.700716 0.145611 0.680019 0.0004130760 0.0000051208 -0.0000133488 0.0000003387 -0.0000001457 0.0000007099 0.0026711327 -0.0000169803 0.0000008912 0.0045298932 0.0000151041 0.0025908022
1413393994.15583 2.158153 -0.024128 0.637462 0.153768 -0.703644 0.154730 0.676239 0.0004129536 -0.0000040781 -0.0000153069 0.0000003174 0.0000001716 0.0000008476 0.0026713522 -0.0000107616 0.0000008936 0.0045725372 0.0000150932 0.0025909099
1413393994.20583 2.188279 -0.027572 0.636200 0.148209 -0.709390 0.163860 0.669291 0.0004120252 -0.0000140999 -0.0000206843 0.0000007608 0.0000007294 0.0000013198 0.0026713254 -0.0000079471 0.0000007658 0.0046278257 0.0000151130 0.0025907398
1413393994.25583 2.226089 -0.027716 0.642612 0.144773 -0.719556 0.169713 0.657630 0.0004098840 -0.0000221909 -0.0000317082 0.0000014820 0.0000017395 0.0000027371 0.0026716816 -0.0000078227 0.0000007554 0.0046933579 0.0000150898 0.0025908337
1413393994.30584 2.269122 -0.024292 0.651981 0.142270 -0.734530 0.175302 0.639917 0.0004053020 -0.0000309266 -0.0000487684 0.0000026428 0.0000037462 0.0000061566 0.0026718750 -0.0000107770 0.0000006843 0.0047728859 0.0000150471 0.0025908519
1413393994.35584 2.316979 -0.016909 0.665366 0.144574 -0.753401 0.172342 0.617886 0.0003979084 -0.0000328857 -0.0000716252 0.0000030026 0.0000059467 0.0000131885 0.0026722856 -0.0000178193 0.0000006379 0.0048610450 0.0000150089 0.0025909054
1413393994.40584 2.368596 -0.006001 0.676486 0.147465 -0.773856 0.168582 0.592437 0.0003864624 -0.0000344826 -0.0000962392 0.0000033628 0.0000086166 0.0000242719 0.0026727561 -0.0000285214 0.0000006190 0.0049591771 0.0000149618 0.0025909712
1413393994.45584 2.421504 0.006521 0.682660 0.151659 -0.796788 0.162106 0.562006 0.0003691912 -0.0000343678 -0.0001231774 0.0000034871 0.0000114994 0.0000414198 0.0026735186 -0.0000418048 0.0000006450 0.0050630231 0.0000149315 0.0025910891
1413393994.50584 2.472992 0.020792 0.684255 0.156059 -0.818592 0.153972 0.530891 0.0003480072 -0.0000327908 -0.0001473271 0.0000033795 0.0000139183 0.0000627160 0.0026747104 -0.0000571044 0.0000006935 0.0051699099 0.0000149077 0.0025912384
1413393994.55584 2.523228 0.036080 0.679895 0.159717 -0.838260 0.145735 0.500572 0.0003246158 -0.0000309316 -0.0001669568 0.0000032384 0.0000159489 0.0000862427 0.0026759528 -0.0000739056 0.0000008154 0.0052729181 0.0000149522 0.0025913452
1413393994.60584 2.570288 0.051298 0.670308 0.162275 -0.855637 0.137468 0.471863 0.0003004494 -0.0000289458 -0.0001819293 0.0000030814 0.0000175715 0.0001105697 0.0026776717 -0.0000916306 0.0000008650 0.0053730643 0.0000149483 0.0025915204
1413393994.65584 2.612426 0.066380 0.656350 0.163189 -0.869922 0.130029 0.446876 0.0002782229 -0.0000272799 -0.0001919809 0.0000029696 0.0000188718 0.0001329160 0.0026796881 -0.0001091117 0.0000009078 0.0054647354 0.0000149605 0.0025917019
1413393994.70584 2.648087 0.079873 0.640004 0.163613 -0.881324 0.122954 0.425889 0.0002589206 -0.0000253347 -0.0001983455 0.0000027760 0.0000194590 0.0001524245 0.0026818072 -0.0001252840 0.0000009605 0.0055431822 0.0000149652 0.0025919526
1413393994.75584 2.674256 0.091122 0.624163 0.165438 -0.887752 0.114162 0.414118 0.0002473740 -0.0000210281 -0.0002015204 0.0000020864 0.0000171810 0.0001646772 0.0026840716 -0.0001387681 0.0000010283 0.0056021504 0.0000149886 0.0025922416
1413393994.80584 2.689479 0.099500 0.610517 0.169850 -0.887494 0.103981 0.415564 0.0002473321 -0.0000138993 -0.0002021515 0.0000010809 0.0000114040 0.0001657412 0.0026861808 -0.0001485948 0.0000010906 0.0056375124 0.0000150192 0.0025925391
1413393994.85584 2.695103 0.103856 0.599994 0.173663 -0.879445 0.097020 0.432441 0.0002611855 -0.0000067539 -0.0001992585 0.0000004758 0.0000051875 0.0001525089 0.0026880621 -0.0001536641 0.0000011648 0.0056495113 0.0000150400 0.0025928223
1413393994.90583 2.700782 0.107434 0.590642 0.176246 -0.866785 0.092686 0.457198 0.0002817648 0.0000001349 -0.0001925992 0.0000003025 -0.0000000645 0.0001321103 0.0026887536 -0.0001540450 0.0000013997 0.0056438584 0.0000150485 0.0025929677
1413393994.95583 2.694969 0.105414 0.582369 0.175624 -0.853142 0.093010 0.482342 0.0003029909 0.0000037473 -0.0001829100 0.0000003508 -0.0000022375 0.0001108502 0.0026899479 -0.0001541878 0.0000015695 0.0056456964 0.0000150813 0.0025932066
1413393995.00583 2.688872 0.101351 0.574443 0.171991 -0.840634 0.096609 0.504400 0.0003213399 0.0000039915 -0.0001720338 0.0000003556 -0.0000021128 0.0000925100 0.0026898069 -0.0001483121 0.0000016923 0.0056234304 0.0000151205 0.0025933839
1413393995.05583 2.697803 0.099871 0.563442 0.166231 -0.829266 0.103698 0.523385 0.0003368579 0.0000007056 -0.0001606886 0.0000003055 -0.0000003113 0.0000770440 0.0026854706 -0.0001421552 0.0000017998 0.0056052460 0.0000151790 0.0025930994
1413393995.10583 2.687437 0.092244 0.552218 0.159044 -0.819280 0.113773 0.539018 0.0003497202 -0.0000057449 -0.0001492776 0.0000003999 0.0000024797 0.0000640992 0.0026851457 -0.0001399661 0.0000018812 0.0056249490 0.0000151917 0.0025932148
1413393995.15582 2.674344 0.083257 0.538326 0.153409 -0.812052 0.124506 0.549122 0.0003578552 -0.0000130293 -0.0001405709 0.0000007811 0.0000051480 0.0000555920 0.0026831947 -0.0001303516 0.0000019203 0.0056004348 0.0000152491 0.0025931844
1413393995.20582 2.665251 0.075100 0.524153 0.146549 -0.807214 0.140903 0.554144 0.0003623988 -0.0000252055 -0.0001337863 0.0000020574 0.0000093386 0.0000497579 0.0026792612 -0.0001205722 0.0000022253 0.0055702917 0.0000150816 0.0025927135
1413393995.25582 2.650699 0.065809 0.508161 0.144142 -0.803210 0.156036 0.556533 0.0003648050 -0.0000350725 -0.0001286542 0.0000036808 0.0000124057 0.0000457383 0.0026785680 -0.0001119433 0.0000022042 0.0055501877 0.0000151024 0.0025927758
1413393995.30582 2.635063 0.057785 0.490857 0.145410 -0.801037 0.169734 0.555325 0.0003648393 -0.0000429101 -0.0001262192 0.0000053606 0.0000148850 0.0000440331 0.0026777059 -0.0001026984 0.0000021710 0.0055184543 0.0000151396 0.0025928245
1413393995.35582 2.617370 0.051375 0.473060 0.150231 -0.798700 0.183289 0.553095 0.0003644973 -0.0000491490 -0.0001243607 0.0000069455 0.0000168119 0.0000427957 0.0026766524 -0.0000950833 0.0000021122 0.0054839672 0.0000151942 0.0025927830
1413393995.40582 2.600438 0.046142 0.456929 0.158691 -0.796270 0.194903 0.550258 0.0003641815 -0.0000526981 -0.0001233077 0.0000079487 0.0000178878 0.0000421170 0.0026762973 -0.0000899122 0.0000021163 0.0054437276 0.0000152197 0.0025928254
1413393995.45582 2.580616 0.042171 0.442460 0.169648 -0.792971 0.205829 0.547769 0.0003645126 -0.0000546368 -0.0001220379 0.0000085167 0.0000183379 0.0000412236 0.0026758368 -0.0000860606 0.0000020638 0.0054049324 0.0000152454 0.0025927594
1413393995.50582 2.561384 0.041417 0.429262 0.183629 -0.789247 0.214940 0.545133 0.0003651737 -0.0000540340 -0.0001214514 0.0000083266 0.0000180169 0.0000407584 0.0026756483 -0.0000836508 0.0000020734 0.0053601764 0.0000152682 0.0025927675
1413393995.55582 2.541436 0.042834 0.417765 0.199404 -0.783864 0.223191 0.544041 0.0003671069 -0.0000517819 -0.0001198940 0.0000076393 0.0000169569 0.0000395208 0.0026757492 -0.0000846248 0.0000020940 0.0053164969 0.0000152987 0.0025927912
1413393995.60582 2.519953 0.045575 0.407684 0.217283 -0.777202 0.230354 0.543766 0.0003697801 -0.0000476098 -0.0001180130 0.0000064686 0.0000152385 0.0000380257 0.0026760094 -0.0000876041 0.0000021366 0.0052724007 0.0000153287 0.0025927971
1413393995.65582 2.498696 0.049597 0.398862 0.237446 -0.769022 0.237087 0.544071 0.0003729529 -0.0000417557 -0.0001157916 0.0000050171 0.0000130061 0.0000363096 0.0026763688 -0.0000915519 0.0000021964 0.0052265484 0.0000153434 0.0025927746
1413393995.70582 2.476722 0.055979 0.390857 0.259127 -0.758378 0.243066 0.546474 0.0003772323 -0.0000337608 -0.0001121311 0.0000033668 0.0000100744 0.0000336867 0.0026768956 -0.0000966148 0.0000022657 0.0051822712 0.0000153638 0.0025927627
1413393995.75581 2.450687 0.062569 0.382227 0.280994 -0.746752 0.250057 0.548521 0.0003811480 -0.0000258722 -0.0001081253 0.0000021035 0.0000073757 0.0000310236 0.0026773587 -0.0001033875 0.0000022009 0.0051374102 0.0000153758 0.0025925085
1413393995.80581 2.428903 0.070990 0.375335 0.302294 -0.734824 0.258922 0.549192 0.0003842078 -0.0000193602 -0.0001044530 0.0000013268 0.0000052969 0.0000287443 0.0026781468 -0.0001100941 0.0000022565 0.0050856083 0.0000154123 0.0025924597
1413393995.85581 2.407979 0.080570 0.368176 0.321917 -0.722725 0.270264 0.548630 0.0003868877 -0.0000150041 -0.0001005121 0.0000009371 0.0000039294 0.0000264565 0.0026791845 -0.0001187671 0.0000023128 0.0050441119 0.0000154380 0.0025924118
1413393995.90581 2.388224 0.091605 0.361341 0.340270 -0.711213 0.283097 0.546121 0.0003888511 -0.0000124744 -0.0000972751 0.0000007596 0.0000031500 0.0000246754 0.0026804799 -0.0001286444 0.0000023751 0.0050051723 0.0000154653 0.0025923526
1413393995.95581 2.367720 0.105404 0.353865 0.358028 -0.699372 0.295356 0.543562 0.0003907221 -0.0000096181 -0.0000940282 0.0000005993 0.0000023423 0.0000229657 0.0026820284 -0.0001399021 0.0000024222 0.0049683706 0.0000154805 0.0025922303
1413393996.00581 2.349571 0.122228 0.346407 0.373764 -0.688457 0.307340 0.540250 0.0003921734 -0.0000077617 -0.0000913123 0.0000005190 0.0000018331 0.0000215954 0.0026842153 -0.0001542125 0.0000024921 0.0049305522 0.0000154761 0.0025921713
1413393996.05581 2.332809 0.140727 0.338590 0.387278 -0.679147 0.317803 0.536447 0.0003931346 -0.0000065086 -0.0000894524 0.0000004755 0.0000015054 0.0000206864 0.0026871269 -0.0001714827 0.0000025738 0.0048977694 0.0000154830 0.0025921251
1413393996.10581 2.314824 0.160397 0.330829 0.397824 -0.671359 0.327225 0.532857 0.0003939927 -0.0000062066 -0.0000876759 0.0000004635 0.0000014049 0.0000198406 0.0026904218 -0.0001903749 0.0000025938 0.0048678744 0.0000155003 0.0025919987
1413393996.15581 2.299881 0.183141 0.322846 0.404843 -0.666005 0.337684 0.527740 0.0003944089 -0.0000090744 -0.0000865518 0.0000005747 0.0000020155 0.0000193224 0.0026944431 -0.0002096111 0.0000026821 0.0048352042 0.0000155257 0.0025919442
1413393996.20581 2.285581 0.208340 0.314360 0.410894 -0.664009 0.346705 0.519668 0.0003933529 -0.0000134276 -0.0000882721 0.0000008239 0.0000030385 0.0000201379 0.0026995211 -0.0002318949 0.0000027842 0.0048086340 0.0000155497 0.0025919030
1413393996.25581 2.271942 0.236395 0.304487 0.418287 -0.665988 0.350724 0.508418 0.0003897908 -0.0000167424 -0.0000949272 0.0000010844 0.0000041040 0.0000234487 0.0027057847 -0.0002564476 0.0000028889 0.0047825719 0.0000155538 0.0025918624
1413393996.30581 2.258389 0.266882 0.294389 0.425888 -0.667967 0.351341 0.498997 0.0003860274 -0.0000176669 -0.0001017124 0.0000011728 0.0000046827 0.0000271325 0.0027133636 -0.0002832102 0.0000029997 0.0047573444 0.0000155450 0.0025918381
1413393996.35581 2.243404 0.298571 0.282752 0.433764 -0.670558 0.349057 0.490264 0.0003816276 -0.0000169819 -0.0001092199 0.0000011132 0.0000048882 0.0000315911 0.0027220302 -0.0003114678 0.0000031239 0.0047319780 0.0000155203 0.0025917823
1413393996.40581 2.229230 0.332571 0.270169 0.440924 -0.672048 0.345300 0.484463 0.0003779058 -0.0000145367 -0.0001152915 0.0000009022 0.0000044654 0.0000354998 0.0027309124 -0.0003392774 0.0000031503 0.0047033298 0.0000155101 0.0025916021
1413393996.45581 2.214837 0.366155 0.254871 0.447128 -0.674006 0.341123 0.478986 0.0003740432 -0.0000123754 -0.0001210772 0.0000007496 0.0000040369 0.0000395213 0.0027422162 -0.0003688634 0.0000032439 0.0046771915 0.0000154942 0.0025915851
1413393996.50581 2.200671 0.400434 0.237079 0.451865 -0.676256 0.337412 0.473972 0.0003703128 -0.0000109363 -0.0001262117 0.0000006599 0.0000037593 0.0000433469 0.0027542261 -0.0003972396 0.0000033479 0.0046509403 0.0000154702 0.0025915697
1413393996.55581 2.186112 0.434288 0.216758 0.455895 -0.679210 0.332766 0.469149 0.0003662229 -0.0000094382 -0.0001314637 0.0000005763 0.0000034209 0.0000475248 0.0027672150 -0.0004253027 0.0000034644 0.0046250848 0.0000154300 0.0025915623
1413393996.60581 2.171603 0.468349 0.194884 0.459316 -0.681795 0.328468 0.465074 0.0003625000 -0.0000079626 -0.0001359551 0.0000005048 0.0000030200 0.0000513250 0.0027809472 -0.0004524025 0.0000035843 0.0045989701 0.0000153742 0.0025915782
1413393996.65581 2.157135 0.502028 0.173276 0.462875 -0.683583 0.325538 0.460962 0.0003591447 -0.0000070208 -0.0001397464 0.0000004532 0.0000027615 0.0000547095 0.0027950239 -0.0004790531 0.0000036237 0.0045726797 0.0000152453 0.0025915568
1413393996.70581 2.141918 0.533296 0.152336 0.466289 -0.684031 0.323948 0.457968 0.0003569152 -0.0000061699 -0.0001421876 0.0000004195 0.0000024879 0.0000569772 0.0028100341 -0.0005044766 0.0000037376 0.0045471378 0.0000151275 0.0025915863
1413393996.75581 2.127163 0.563027 0.133118 0.469706 -0.683258 0.323770 0.455749 0.0003556066 -0.0000054719 -0.0001435954 0.0000003948 0.0000022395 0.0000583168 0.0028245175 -0.0005268200 0.0000038597 0.0045203681 0.0000150262 0.0025916497
1413393996.80581 2.112227 0.590564 0.115837 0.474070 -0.679779 0.324290 0.456063 0.0003560609 -0.0000032473 -0.0001432038 0.0000003373 0.0000013352 0.0000579247 0.0028388474 -0.0005474671 0.0000039895 0.0044945124 0.0000149084 0.0025917164
1413393996.85582 2.097779 0.616385 0.100127 0.479063 -0.675549 0.325532 0.456246 0.0003566846 -0.0000010158 -0.0001425937 0.0000003068 0.0000004337 0.0000573308 0.0028525743 -0.0005659601 0.0000041108 0.0044691880 0.0000147873 0.0025917843
1413393996.90582 2.083723 0.640516 0.085624 0.484441 -0.670951 0.327133 0.456208 0.0003573034 0.0000011817 -0.0001419514 0.0000003054 -0.0000004429 0.0000567167 0.0028660593 -0.0005829959 0.0000042415 0.0044449475 0.0000146533 0.0025918623
1413393996.95582 2.070137 0.662906 0.072443 0.490841 -0.666284 0.328549 0.455188 0.0003572860 0.0000034910 -0.0001419428 0.0000003330 -0.0000013616 0.0000567087 0.0028790543 -0.0005985457 0.0000043710 0.0044220461 0.0000145156 0.0025919347
1413393997.00582 2.054866 0.686437 0.060298 0.496940 -0.661839 0.330541 0.453610 0.0003571855 0.0000052227 -0.0001420032 0.0000003684 -0.0000020529 0.0000567641 0.0028910472 -0.0006121922 0.0000044463 0.0043990940 0.0000145187 0.0025918456
1413393997.05582 2.041891 0.705911 0.049182 0.501961 -0.658552 0.332871 0.451156 0.0003567325 0.0000055945 -0.0001424771 0.0000003788 -0.0000022120 0.0000572109 0.0029045497 -0.0006263207 0.0000045387 0.0043736635 0.0000144063 0.0025919076
1413393997.10582 2.029465 0.723741 0.038531 0.507003 -0.655100 0.333962 0.449733 0.0003563177 0.0000071274 -0.0001428494 0.0000004276 -0.0000028388 0.0000575693 0.0029154982 -0.0006372019 0.0000046147 0.0043519263 0.0000144672 0.0025918691
1413393997.15582 2.017203 0.739316 0.029646 0.510208 -0.652170 0.336392 0.448557 0.0003566988 0.0000073016 -0.0001424502 0.0000004339 -0.0000028983 0.0000571862 0.0029259167 -0.0006469790 0.0000046808 0.0043320563 0.0000143720 0.0025919203
1413393997.20582 2.005368 0.753387 0.021946 0.511769 -0.648422 0.340205 0.449335 0.0003586891 0.0000072435 -0.0001403412 0.0000004297 -0.0000028173 0.0000552038 0.0029348800 -0.0006545367 0.0000047407 0.0043125096 0.0000142948 0.0025919506
1413393997.25582 1.993893 0.765923 0.015011 0.512808 -0.644524 0.344161 0.450744 0.0003610686 0.0000072450 -0.0001377285 0.0000004266 -0.0000027484 0.0000528254 0.0029432319 -0.0006612301 0.0000047561 0.0042936570 0.0000142874 0.0025919330
1413393997.30582 1.982288 0.776686 0.008565 0.514076 -0.640626 0.347396 0.452371 0.0003632426 0.0000077653 -0.0001352373 0.0000004458 -0.0000028776 0.0000506346 0.0029508749 -0.0006669063 0.0000047991 0.0042756276 0.0000142556 0.0025919322
1413393997.35582 1.970484 0.786881 -0.000223 0.514925 -0.637177 0.350464 0.453908 0.0003652379 0.0000081100 -0.0001328825 0.0000004542 -0.0000029416 0.0000486246 0.0029574820 -0.0006712488 0.0000048287 0.0042568817 0.0000143910 0.0025918542
1413393997.40582 1.960926 0.797111 -0.012240 0.515304 -0.634813 0.353242 0.454636 0.0003666874 0.0000078533 -0.0001311618 0.0000004431 -0.0000028001 0.0000471926 0.0029638663 -0.0006748055 0.0000048759 0.0042384594 0.0000143217 0.0025918838
1413393997.45582 1.951980 0.806529 -0.028608 0.516025 -0.632939 0.354909 0.455133 0.0003675984 0.0000080065 -0.0001300441 0.0000004499 -0.0000028241 0.0000462813 0.0029707113 -0.0006795800 0.0000049298 0.0042241041 0.0000142620 0.0025919441
1413393997.50582 1.943751 0.815472 -0.048724 0.516435 -0.631838 0.356335 0.455083 0.0003681482 0.0000077295 -0.0001293870 0.0000004385 -0.0000027086 0.0000457491 0.0029772303 -0.0006840095 0.0000049877 0.0042106738 0.0000141958 0.0025920169
1413393997.55582 1.936764 0.824988 -0.070612 0.516284 -0.630129 0.357845 0.456438 0.0003693786 0.0000079950 -0.0001278271 0.0000004481 -0.0000027603 0.0000445089 0.0029835160 -0.0006884895 0.0000049942 0.0041986136 0.0000142508 0.0025920154
1413393997.60582 1.930829 0.833692 -0.091850 0.515962 -0.628736 0.359772 0.457206 0.0003705331 0.0000076285 -0.0001263737 0.0000004313 -0.0000025960 0.0000433731 0.0029902402 -0.0006938546 0.0000050380 0.0041891175 0.0000142796 0.0025920437
1413393997.65582 1.925689 0.842299 -0.111523 0.515299 -0.627166 0.361097 0.459063 0.0003719312 0.0000079415 -0.0001245289 0.0000004445 -0.0000026537 0.0000419657 0.0029964425 -0.0006988060 0.0000050987 0.0041811912 0.0000142167 0.0025921310
1413393997.70582 1.921374 0.851202 -0.130170 0.515107 -0.627222 0.361650 0.458767 0.0003720207 0.0000074723 -0.0001244394 0.0000004247 -0.0000024948 0.0000418954 0.0030026320 -0.0007039931 0.0000051595 0.0041746215 0.0000142294 0.0025921675
1413393997.75582 1.917968 0.859156 -0.146568 0.515457 -0.627564 0.361236 0.458231 0.0003716172 0.0000074760 -0.0001249730 0.0000004255 -0.0000025101 0.0000422994 0.0030090978 -0.0007096277 0.0000052219 0.0041691351 0.0000141669 0.0025922674
1413393997.80582 1.915581 0.867022 -0.161103 0.515908 -0.628531 0.359534 0.457737 0.0003706993 0.0000079881 -0.0001261417 0.0000004482 -0.0000027147 0.0000431964 0.0030149800 -0.0007148611 0.0000052781 0.0041650699 0.0000140985 0.0025923671
1413393997.85582 1.913940 0.874221 -0.173626 0.516331 -0.629487 0.358102 0.457068 0.0003698263 0.0000082963 -0.0001272417 0.0000004624 -0.0000028516 0.0000440522 0.0030207854 -0.0007204424 0.0000053168 0.0041629170 0.0000140558 0.0025924428
1413393997.90582 1.913306 0.881888 -0.185341 0.516619 -0.630425 0.356575 0.456642 0.0003689860 0.0000087122 -0.0001282811 0.0000004832 -0.0000030266 0.0000448728 0.0030260092 -0.0007255758 0.0000053606 0.0041618268 0.0000139847 0.0025925405
1413393997.95582 1.913843 0.888530 -0.196117 0.516591 -0.631491 0.354963 0.456459 0.0003682447 0.0000091035 -0.0001291829 0.0000005038 -0.0000031917 0.0000455944 0.0030315838 -0.0007314143 0.0000054058 0.0041623097 0.0000139127 0.0025926409
1413393998.00582 1.914932 0.895176 -0.205718 0.516663 -0.632045 0.353703 0.456589 0.0003677978 0.0000096562 -0.0001296970 0.0000005337 -0.0000034036 0.0000460127 0.0030362444 -0.0007367426 0.0000054333 0.0041647522 0.0000138460 0.0025927459
1413393998.05582 1.917132 0.900808 -0.214728 0.516794 -0.633240 0.351833 0.456228 0.0003668499 0.0000101260 -0.0001308183 0.0000005601 -0.0000036102 0.0000469280 0.0030409295 -0.0007422576 0.0000054411 0.0041677435 0.0000138181 0.0025928098
1413393998.10582 1.920166 0.906250 -0.223109 0.516380 -0.634224 0.350339 0.456481 0.0003663642 0.0000105532 -0.0001313732 0.0000005860 -0.0000037839 0.0000473883 0.0030448723 -0.0007474346 0.0000054624 0.0041726514 0.0000137590 0.0025928993
1413393998.15582 1.923228 0.911919 -0.230816 0.515402 -0.635230 0.349113 0.457125 0.0003661662 0.0000108274 -0.0001315496 0.0000006031 -0.0000038892 0.0000475395 0.0030481570 -0.0007523207 0.0000055566 0.0041785145 0.0000136495 0.0025929556
1413393998.20582 1.928202 0.916079 -0.237626 0.513834 -0.635726 0.348275 0.458837 0.0003666875 0.0000112114 -0.0001308779 0.0000006270 -0.0000040014 0.0000469926 0.0030522001 -0.0007579693 0.0000055576 0.0041847883 0.0000136432 0.0025930058
1413393998.25582 1.933623 0.922328 -0.245599 0.512338 -0.636667 0.347416 0.459855 0.0003668039 0.0000112871 -0.0001307181 0.0000006311 -0.0000040227 0.0000468646 0.0030551191 -0.0007631997 0.0000055757 0.0041939464 0.0000137121 0.0025929542
1413393998.30582 1.937271 0.925840 -0.251784 0.510298 -0.637305 0.347828 0.460928 0.0003675904 0.0000105714 -0.0001297477 0.0000005878 -0.0000037322 0.0000460772 0.0030589703 -0.0007702820 0.0000054700 0.0042040673 0.0000136911 0.0025929551
1413393998.35582 1.945055 0.928701 -0.256388 0.508674 -0.638353 0.347752 0.461329 0.0003677628 0.0000099110 -0.0001295711 0.0000005529 -0.0000034927 0.0000459329 0.0030610418 -0.0007741942 0.0000054347 0.0042113122 0.0000136655 0.0025930110
1413393998.40582 1.953804 0.931050 -0.260239 0.508064 -0.641291 0.346214 0.459078 0.0003660656 0.0000087545 -0.0001317168 0.0000004971 -0.0000031509 0.0000476790 0.0030627170 -0.0007794121 0.0000053846 0.0042254536 0.0000136491 0.0025930600
1413393998.45582 1.963712 0.932613 -0.263672 0.506823 -0.645457 0.345762 0.454933 0.0003638462 0.0000057515 -0.0001344996 0.0000003802 -0.0000021267 0.0000500074 0.0030639204 -0.0007845243 0.0000053228 0.0042411100 0.0000136567 0.0025930659
1413393998.50582 1.974341 0.933023 -0.264520 0.503750 -0.649756 0.347711 0.450722 0.0003625041 0.0000008999 -0.0001361513 0.0000002924 -0.0000003379 0.0000514271 0.0030643883 -0.0007892578 0.0000052368 0.0042582735 0.0000137087 0.0025930547
1413393998.55582 1.985388 0.932509 -0.264429 0.500514 -0.652979 0.350251 0.447692 0.0003619114 -0.0000035474 -0.0001367666 0.0000003259 0.0000013415 0.0000519766 0.0030639275 -0.0007931941 0.0000051610 0.0042761552 0.0000137472 0.0025930448
1413393998.60582 1.996844 0.931429 -0.264592 0.495184 -0.655980 0.356068 0.444633 0.0003624369 -0.0000103351 -0.0001358042 0.0000005858 0.0000038748 0.0000511783 0.0030628524 -0.0007966393 0.0000051033 0.0042946471 0.0000138303 0.0025929477
1413393998.65582 2.008147 0.928973 -0.265007 0.489905 -0.657859 0.362144 0.442793 0.0003635726 -0.0000164955 -0.0001338592 0.0000010404 0.0000060769 0.0000495766 0.0030615446 -0.0007997725 0.0000050214 0.0043131341 0.0000138844 0.0025929206
1413393998.70582 2.018827 0.926139 -0.266295 0.484575 -0.659770 0.368814 0.440303 0.0003643514 -0.0000232313 -0.0001319139 0.0000017742 0.0000084162 0.0000480522 0.0030593671 -0.0008017669 0.0000049396 0.0043308517 0.0000139490 0.0025928882
1413393998.75581 2.029450 0.924065 -0.269856 0.480244 -0.661322 0.374359 0.438034 0.0003646568 -0.0000289047 -0.0001303805 0.0000025794 0.0000103422 0.0000469078 0.0030568128 -0.0008029685 0.0000050534 0.0043459298 0.0000141324 0.0025925381
1413393998.80581 2.037709 0.921554 -0.272196 0.477221 -0.661468 0.378582 0.437489 0.0003656177 -0.0000323310 -0.0001283766 0.0000031488 0.0000113605 0.0000453674 0.0030551935 -0.0008049940 0.0000049845 0.0043616562 0.0000141734 0.0025925359
1413393998.85581 2.044465 0.919311 -0.275221 0.476420 -0.660798 0.379936 0.438199 0.0003664157 -0.0000328760 -0.0001272265 0.0000032408 0.0000114236 0.0000444674 0.0030535085 -0.0008058290 0.0000049190 0.0043727835 0.0000142108 0.0025925380
1413393998.90581 2.049635 0.917603 -0.278754 0.477798 -0.659633 0.378455 0.439732 0.0003669133 -0.0000307337 -0.0001271205 0.0000028659 0.0000106561 0.0000443349 0.0030522092 -0.0008064952 0.0000048681 0.0043815521 0.0000142445 0.0025925245
1413393998.95581 2.053169 0.916470 -0.282415 0.481348 -0.656519 0.374032 0.444282 0.0003681831 -0.0000246779 -0.0001268188 0.0000019458 0.0000085070 0.0000439755 0.0030511001 -0.0008067112 0.0000048188 0.0043875640 0.0000142804 0.0025925237
1413393999.00581 2.055481 0.915287 -0.286224 0.485146 -0.652045 0.369173 0.450758 0.0003701965 -0.0000171841 -0.0001254553 0.0000010897 0.0000058285 0.0000428086 0.0030502978 -0.0008067966 0.0000047813 0.0043916216 0.0000143125 0.0025925191
1413393999.05581 2.057208 0.914101 -0.290563 0.488981 -0.647191 0.363909 0.457833 0.0003721173 -0.0000090853 -0.0001237596 0.0000005142 0.0000030249 0.0000414531 0.0030494401 -0.0008065935 0.0000047553 0.0043946906 0.0000143410 0.0025925053
1413393999.10581 2.058668 0.913323 -0.295833 0.494022 -0.643338 0.357044 0.463226 0.0003723238 -0.0000006218 -0.0001237978 0.0000002941 0.0000002083 0.0000414564 0.0030486724 -0.0008064715 0.0000047402 0.0043976826 0.0000143637 0.0025924953
1413393999.15581 2.060489 0.912596 -0.302532 0.498865 -0.642365 0.350163 0.464637 0.0003703561 0.0000054109 -0.0001262525 0.0000003731 -0.0000018442 0.0000433347 0.0030482531 -0.0008067632 0.0000047337 0.0044008356 0.0000143748 0.0025924903
1413393999.20581 2.062720 0.912478 -0.309558 0.502226 -0.643007 0.345089 0.463922 0.0003679493 0.0000087146 -0.0001291105 0.0000005014 -0.0000030580 0.0000456024 0.0030476674 -0.0008070888 0.0000047387 0.0044049204 0.0000143856 0.0025924882
1413393999.25581 2.065747 0.911634 -0.317589 0.504147 -0.645197 0.342234 0.460904 0.0003652752 0.0000090213 -0.0001323406 0.0000005190 -0.0000032686 0.0000482494 0.0030469266 -0.0008074821 0.0000047294 0.0044100864 0.0000144005 0.0025925126
1413393999.30581 2.069475 0.910178 -0.325990 0.503472 -0.649482 0.343007 0.455011 0.0003626447 0.0000049346 -0.0001356225 0.0000003645 -0.0000018443 0.0000510257 0.0030454341 -0.0008073570 0.0000047068 0.0044165734 0.0000144247 0.0025925517
1413393999.35581 2.074273 0.900776 -0.338033 0.499995 -0.654283 0.347119 0.448807 0.0003610674 -0.0000020583 -0.0001374533 0.0000003091 0.0000007872 0.0000526333 0.0030433678 -0.0008068632 0.0000048259 0.0044233372 0.0000142496 0.0025923059
1413393999.40581 2.078681 0.895584 -0.346357 0.496415 -0.658194 0.351849 0.443346 0.0003599198 -0.0000088222 -0.0001384485 0.0000005148 0.0000033992 0.0000535655 0.0030343328 -0.0007987945 0.0000048065 0.0044314807 0.0000142463 0.0025922686
1413393999.45581 2.082932 0.890563 -0.354239 0.493920 -0.661391 0.355033 0.438813 0.0003585425 -0.0000138841 -0.0001395329 0.0000008377 0.0000054102 0.0000546138 0.0030297485 -0.0007952813 0.0000047878 0.0044384854 0.0000142581 0.0025922547
1413393999.50582 2.086555 0.884776 -0.361084 0.490809 -0.663257 0.358796 0.436420 0.0003584968 -0.0000182674 -0.0001390663 0.0000012324 0.0000070944 0.0000542599 0.0030252559 -0.0007916192 0.0000047653 0.0044445921 0.0000142760 0.0025922428
1413393999.55582 2.089289 0.877807 -0.367471 0.487597 -0.664875 0.362525 0.434473 0.0003586094 -0.0000224282 -0.0001383212 0.0000017059 0.0000086604 0.0000536680 0.0030199405 -0.0007866146 0.0000047393 0.0044490667 0.0000142997 0.0025922277
1413393999.60582 2.090868 0.869928 -0.373459 0.483699 -0.665425 0.367187 0.434072 0.0003598548 -0.0000264616 -0.0001362077 0.0000022505 0.0000100264 0.0000518713 0.0030138148 -0.0007802240 0.0000047109 0.0044517161 0.0000143293 0.0025922059
1413393999.65582 2.091087 0.861359 -0.378868 0.481266 -0.665559 0.370321 0.433909 0.0003607014 -0.0000290131 -0.0001347125 0.0000026397 0.0000108469 0.0000506280 0.0030071764 -0.0007726083 0.0000046826 0.0044517576 0.0000143625 0.0025921787
1413393999.70582 2.090004 0.852870 -0.385122 0.479110 -0.665706 0.373015 0.433761 0.0003613828 -0.0000312636 -0.0001334079 0.0000030120 0.0000115532 0.0000495659 0.0030007802 -0.0007646847 0.0000046545 0.0044493782 0.0000143972 0.0025921539
1413393999.75582 2.087258 0.844469 -0.392753 0.477677 -0.665837 0.375139 0.433308 0.0003617323 -0.0000330665 -0.0001325491 0.0000033313 0.0000121290 0.0000488879 0.0029945063 -0.0007563351 0.0000046294 0.0044445713 0.0000144359 0.0025921295
1413393999.80582 2.083186 0.835879 -0.402334 0.476526 -0.665346 0.377154 0.433581 0.0003624982 -0.0000342871 -0.0001313217 0.0000035532 0.0000124340 0.0000478928 0.0029883390 -0.0007475190 0.0000045949 0.0044373056 0.0000144822 0.0025921292
1413393999.85582 2.077598 0.827491 -0.414342 0.476017 -0.665912 0.378271 0.432296 0.0003620841 -0.0000356441 -0.0001314396 0.0000038209 0.0000129526 0.0000480350 0.0029822472 -0.0007382569 0.0000045708 0.0044277622 0.0000145358 0.0025921363
1413393999.90582 2.070812 0.819348 -0.428007 0.475819 -0.665658 0.379386 0.431928 0.0003622280 -0.0000363725 -0.0001310650 0.0000039667 0.0000131747 0.0000477463 0.0029764334 -0.0007287798 0.0000045585 0.0044157121 0.0000145867 0.0025921496
1413393999.95582 2.062658 0.812465 -0.443541 0.477827 -0.663550 0.377730 0.434399 0.0003632698 -0.0000333974 -0.0001306148 0.0000033863 0.0000120216 0.0000472866 0.0029707959 -0.0007190527 0.0000045776 0.0044013720 0.0000146258 0.0025921355
1413394000.00582 2.052898 0.805327 -0.457318 0.481941 -0.656951 0.372301 0.444455 0.0003674856 -0.0000236484 -0.0001275986 0.0000018391 0.0000082214 0.0000446289 0.0029665318 -0.0007105545 0.0000045843 0.0043853376 0.0000146550 0.0025921454
1413394000.05582 2.047494 0.801504 -0.461190 0.488530 -0.646867 0.360168 0.461714 0.0003725055 -0.0000058067 -0.0001231684 0.0000004091 0.0000019252 0.0000410490 0.0029638403 -0.0007054305 0.0000045878 0.0043764613 0.0000146539 0.0025921122
1413394000.10582 2.050134 0.802042 -0.454532 0.485623 -0.649940 0.365015 0.456632 0.0003715922 -0.0000121136 -0.0001239407 0.0000007165 0.0000040471 0.0000416661 0.0029642222 -0.0007066847 0.0000046053 0.0043804995 0.0000146456 0.0025921004
1413394000.15582 2.051263 0.802973 -0.443849 0.486572 -0.642905 0.361070 0.468562 0.0003761428 -0.0000032503 -0.0001182326 0.0000003521 0.0000010259 0.0000374907 0.0029651541 -0.0007082252 0.0000046208 0.0043828575 0.0000146454 0.0025921258
1413394000.20582 2.052639 0.804455 -0.438969 0.489050 -0.637499 0.354630 0.478187 0.0003782645 0.0000061686 -0.0001150236 0.0000004273 -0.0000018739 0.0000353044 0.0029661608 -0.0007098420 0.0000046594 0.0043852267 0.0000146442 0.0025920822
1413394000.25582 2.054682 0.806723 -0.442996 0.493089 -0.634882 0.345793 0.483958 0.0003774625 0.0000150832 -0.0001153999 0.0000009326 -0.0000046116 0.0000356118 0.0029676831 -0.0007123212 0.0000046795 0.0043885762 0.0000146399 0.0025920762
1413394000.30582 2.055714 0.809062 -0.456123 0.489024 -0.639499 0.343602 0.483564 0.0003766944 0.0000132153 -0.0001167646 0.0000007963 -0.0000040961 0.0000365291 0.0029693468 -0.0007145761 0.0000047163 0.0043903634 0.0000146603 0.0025921104
1413394000.35582 2.050606 0.811103 -0.463470 0.470334 -0.651808 0.366092 0.468944 0.0003776256 -0.0000142545 -0.0001152882 0.0000008740 0.0000043589 0.0000355349 0.0029712334 -0.0007149110 0.0000047459 0.0043817794 0.0000146757 0.0025920976
1413394000.40582 2.046689 0.811999 -0.456127 0.476139 -0.646295 0.359989 0.475398 0.0003789095 -0.0000049867 -0.0001141572 0.0000004040 0.0000015068 0.0000347334 0.0029717882 -0.0007139891 0.0000047731 0.0043751377 0.0000146863 0.0025921219
1413394000.45582 2.047590 0.811213 -0.456616 0.478019 -0.647080 0.357442 0.474363 0.0003775722 -0.0000035902 -0.0001162079 0.0000003748 0.0000011091 0.0000361108 0.0029711516 -0.0007132484 0.0000048017 0.0043764032 0.0000146909 0.0025921459
1413394000.50582 2.047719 0.810299 -0.461798 0.478241 -0.648844 0.356749 0.472248 0.0003763484 -0.0000044320 -0.0001179696 0.0000003958 0.0000013935 0.0000373276 0.0029708791 -0.0007127186 0.0000048343 0.0043768317 0.0000147082 0.0025921792
1413394000.55582 2.049443 0.812566 -0.459578 0.477048 -0.647582 0.358526 0.473838 0.0003776887 -0.0000049172 -0.0001160127 0.0000004097 0.0000015150 0.0000359836 0.0029706629 -0.0007125484 0.0000046862 0.0043738571 0.0000146289 0.0025920150
1413394000.60582 2.050114 0.812556 -0.458889 0.474379 -0.648176 0.362054 0.473022 0.0003784498 -0.0000081251 -0.0001147135 0.0000005227 0.0000024682 0.0000351218 0.0029719269 -0.0007154467 0.0000046782 0.0043805744 0.0000146230 0.0025920167
1413394000.65582 2.050447 0.812130 -0.460456 0.477623 -0.646774 0.357754 0.474944 0.0003779791 -0.0000035787 -0.0001156561 0.0000003844 0.0000010992 0.0000357430 0.0029715170 -0.0007151016 0.0000046727 0.0043813347 0.0000146210 0.0025920152
1413394000.70582 2.051277 0.812023 -0.459913 0.475889 -0.648487 0.359936 0.472694 0.0003776209 -0.0000066725 -0.0001160560 0.0000004707 0.0000020556 0.0000360242 0.0029710730 -0.0007148810 0.0000046327 0.0043819336 0.0000146204 0.0025919782
1413394000.75582 2.050750 0.813415 -0.460481 0.477020 -0.647656 0.358570 0.473731 0.0003776516 -0.0000049133 -0.0001161037 0.0000004166 0.0000015147 0.0000360521 0.0029713116 -0.0007154373 0.0000045991 0.0043817387 0.0000146178 0.0025919052
1413394000.80582 2.051385 0.813540 -0.460526 0.475404 -0.647820 0.360595 0.473595 0.0003782723 -0.0000066664 -0.0001151050 0.0000004721 0.0000020333 0.0000353847 0.0029723133 -0.0007169178 0.0000045880 0.0043827848 0.0000146040 0.0025918840
1413394000.85582 2.051158 0.813746 -0.460353 0.476568 -0.647278 0.359162 0.474254 0.0003781266 -0.0000050860 -0.0001154074 0.0000004248 0.0000015566 0.0000355850 0.0029723710 -0.0007169682 0.0000045842 0.0043825748 0.0000146025 0.0025918574
1413394000.90582 2.050992 0.813711 -0.460711 0.475717 -0.648168 0.360180 0.473119 0.0003779175 -0.0000066199 -0.0001156399 0.0000004736 0.0000020309 0.0000357488 0.0029724638 -0.0007170100 0.0000045840 0.0043821416 0.0000146035 0.0025918467
1413394000.95582 2.051036 0.813823 -0.460428 0.476300 -0.647651 0.359452 0.473794 0.0003780089 -0.0000056247 -0.0001155608 0.0000004422 0.0000017247 0.0000356935 0.0029725003 -0.0007170746 0.0000045807 0.0043821447 0.0000145985 0.0025918281
1413394001.00582 2.051153 0.813883 -0.460551 0.475643 -0.647875 0.360317 0.473491 0.0003781499 -0.0000064998 -0.0001153090 0.0000004719 0.0000019875 0.0000355289 0.0029725838 -0.0007172133 0.0000045791 0.0043822872 0.0000145971 0.0025918217
1413394001.05582 2.050895 0.813890 -0.460527 0.476057 -0.647704 0.359725 0.473758 0.0003780863 -0.0000058845 -0.0001154387 0.0000004533 0.0000018022 0.0000356164 0.0029725416 -0.0007170949 0.0000045779 0.0043819180 0.0000145960 0.0025918153
1413394001.10582 2.051116 0.813839 -0.460681 0.475785 -0.648148 0.360092 0.473145 0.0003779136 -0.0000065306 -0.0001156610 0.0000004761 0.0000020045 0.0000357709 0.0029724870 -0.0007171182 0.0000045763 0.0043823003 0.0000145953 0.0025918101
1413394001.15582 2.050984 0.813998 -0.460545 0.475961 -0.647661 0.359916 0.473768 0.0003781570 -0.0000059969 -0.0001153297 0.0000004599 0.0000018346 0.0000355479 0.0029725777 -0.0007171934 0.0000045752 0.0043820914 0.0000145947 0.0025918046
1413394001.20582 2.050973 0.814037 -0.460582 0.475636 -0.648048 0.360211 0.473342 0.0003780471 -0.0000065436 -0.0001154623 0.0000004795 0.0000020045 0.0000356414 0.0029725688 -0.0007171895 0.0000045737 0.0043820754 0.0000145947 0.0025917997
1413394001.25582 2.050967 0.813996 -0.460601 0.475993 -0.647861 0.359947 0.473439 0.0003780080 -0.0000061753 -0.0001155391 0.0000004685 0.0000018934 0.0000356943 0.0029724896 -0.0007171015 0.0000045725 0.0043820579 0.0000145947 0.0025917950
1413394001.30582 2.050873 0.814088 -0.460590 0.475738 -0.647967 0.360247 0.473323 0.0003780484 -0.0000065077 -0.0001154562 0.0000004808 0.0000019935 0.0000356420 0.0029725058 -0.0007170910 0.0000045711 0.0043818526 0.0000145954 0.0025917902
1413394001.35582 2.050767 0.814161 -0.460603 0.475847 -0.647842 0.360031 0.473549 0.0003780834 -0.0000062410 -0.0001154151 0.0000004731 0.0000019112 0.0000356159 0.0029725619 -0.0007171120 0.0000045702 0.0043815723 0.0000145960 0.0025917859
1413394001.40582 2.050838 0.814125 -0.460674 0.475784 -0.647905 0.360304 0.473318 0.0003780609 -0.0000065101 -0.0001154288 0.0000004834 0.0000019938 0.0000356285 0.0029725205 -0.0007170774 0.0000045689 0.0043815842 0.0000145968 0.0025917818
1413394001.45582 2.050710 0.814166 -0.460756 0.475877 -0.647865 0.360076 0.473452 0.0003780495 -0.0000062991 -0.0001154517 0.0000004774 0.0000019298 0.0000356457 0.0029725170 -0.0007170404 0.0000045679 0.0043813638 0.0000145977 0.0025917779
1413394001.50582 2.050741 0.814186 -0.460758 0.475707 -0.647896 0.360284 0.473423 0.0003780977 -0.0000064862 -0.0001153635 0.0000004848 0.0000019853 0.0000355894 0.0029724807 -0.0007170181 0.0000045666 0.0043814014 0.0000145986 0.0025917741
1413394001.55582 2.050705 0.814203 -0.460791 0.475837 -0.647936 0.360109 0.473370 0.0003780100 -0.0000063771 -0.0001154903 0.0000004819 0.0000019546 0.0000356770 0.0029724589 -0.0007169909 0.0000045655 0.0043813220 0.0000145995 0.0025917700
1413394001.60582 2.050690 0.814282 -0.460797 0.475720 -0.647995 0.360263 0.473289 0.0003780213 -0.0000065470 -0.0001154548 0.0000004885 0.0000020059 0.0000356562 0.0029724912 -0.0007170424 0.0000045644 0.0043813111 0.0000146002 0.0025917659
1413394001.65582 2.050694 0.814369 -0.460796 0.475736 -0.647932 0.360275 0.473351 0.0003780501 -0.0000065008 -0.0001154054 0.0000004877 0.0000019908 0.0000356252 0.0029725290 -0.0007171011 0.0000045633 0.0043813016 0.0000146012 0.0025917620
1413394001.70582 2.050674 0.814380 -0.460780 0.475750 -0.647975 0.360350 0.473221 0.0003780080 -0.0000065945 -0.0001154524 0.0000004917 0.0000020205 0.0000356598 0.0029725136 -0.0007170767 0.0000045620 0.0043811975 0.0000146022 0.0025917580
1413394001.75582 2.050637 0.814378 -0.460806 0.475748 -0.647944 0.360396 0.473230 0.0003780216 -0.0000066109 -0.0001154207 0.0000004930 0.0000020249 0.0000356409 0.0029724671 -0.0007170055 0.0000045608 0.0043810454 0.0000146033 0.0025917539
1413394001.80582 2.050657 0.814369 -0.460838 0.475752 -0.647958 0.360464 0.473155 0.0003780026 -0.0000066762 -0.0001154338 0.0000004959 0.0000020452 0.0000356525 0.0029724335 -0.0007169748 0.0000045596 0.0043810130 0.0000146045 0.0025917499
1413394001.85582 2.050635 0.814339 -0.460896 0.475763 -0.647976 0.360475 0.473112 0.0003779763 -0.0000067032 -0.0001154595 0.0000004975 0.0000020541 0.0000356724 0.0029723551 -0.0007168761 0.0000045583 0.0043809101 0.0000146057 0.0025917458
1413394001.90582 2.050598 0.814278 -0.460943 0.475719 -0.648011 0.360528 0.473067 0.0003779620 -0.0000067776 -0.0001154639 0.0000005006 0.0000020770 0.0000356780 0.0029722343 -0.0007167266 0.0000045569 0.0043808070 0.0000146070 0.0025917416
1413394001.95582 2.050548 0.814096 -0.461049 0.475688 -0.648021 0.360553 0.473065 0.0003779576 -0.0000068061 -0.0001154559 0.0000005021 0.0000020856 0.0000356752 0.0029720051 -0.0007164278 0.0000045555 0.0043806107 0.0000146085 0.0025917371
1413394002.00582 2.050464 0.813971 -0.461200 0.475617 -0.648064 0.360525 0.473100 0.0003779499 -0.0000068195 -0.0001154532 0.0000005030 0.0000020897 0.0000356758 0.0029717816 -0.0007161294 0.0000045542 0.0043803865 0.0000146100 0.0025917329
1413394002.10582 2.050271 0.813837 -0.461300 0.475517 -0.648042 0.360538 0.473221 0.0003780049 -0.0000068208 -0.0001153714 0.0000005064 0.0000020881 0.0000356257 0.0029715327 -0.0007157170 0.0000045543 0.0043798162 0.0000146102 0.0025917303
1413394002.15582 2.050325 0.813926 -0.461482 0.475526 -0.648047 0.360555 0.473192 0.0003779888 -0.0000068525 -0.0001153765 0.0000005073 0.0000020981 0.0000356315 0.0029715964 -0.0007158200 0.0000045533 0.0043798175 0.0000146125 0.0025917249
1413394002.20582 2.050307 0.814022 -0.461574 0.475525 -0.648047 0.360574 0.473178 0.0003779861 -0.0000068581 -0.0001153633 0.0000005075 0.0000020996 0.0000356252 0.0029716720 -0.0007159536 0.0000045521 0.0043799201 0.0000146138 0.0025917207
1413394002.25582 2.050289 0.814056 -0.461659 0.475516 -0.647957 0.360627 0.473269 0.0003780427 -0.0000068284 -0.0001152646 0.0000005064 0.0000020884 0.0000355611 0.0029717065 -0.0007159980 0.0000045508 0.0043798387 0.0000146151 0.0025917164
1413394002.30582 2.050298 0.814040 -0.461745 0.475549 -0.647962 0.360621 0.473234 0.0003780178 -0.0000068258 -0.0001152853 0.0000005063 0.0000020882 0.0000355774 0.0029716880 -0.0007159921 0.0000045496 0.0043798247 0.0000146163 0.0025917123
1413394002.35582 2.050298 0.814099 -0.461823 0.475480 -0.647971 0.360674 0.473250 0.0003780362 -0.0000068727 -0.0001152389 0.0000005080 0.0000021016 0.0000355488 0.0029716839 -0.0007160106 0.0000045484 0.0043798475 0.0000146175 0.0025917082
1413394002.40582 2.050290 0.814145 -0.461895 0.475513 -0.647937 0.360666 0.473270 0.0003780370 -0.0000068326 -0.0001152240 0.0000005065 0.0000020891 0.0000355410 0.0029716810 -0.0007160245 0.0000045473 0.0043798430 0.0000146188 0.0025917041
1413394002.45582 2.050277 0.814176 -0.461953 0.475513 -0.647945 0.360702 0.473231 0.0003780223 -0.0000068675 -0.0001152277 0.0000005077 0.0000020999 0.0000355460 0.0029716732 -0.0007160206 0.0000045462 0.0043797822 0.0000146200 0.0025917001
1413394002.50582 2.050267 0.814218 -0.461980 0.475520 -0.647938 0.360697 0.473238 0.0003780168 -0.0000068588 -0.0001152205 0.0000005073 0.0000020972 0.0000355434 0.0029716854 -0.0007160409 0.0000045452 0.0043797223 0.0000146211 0.0025916960
1413394002.55582 2.050255 0.814251 -0.461983 0.475529 -0.647932 0.360673 0.473256 0.0003780100 -0.0000068348 -0.0001152161 0.0000005063 0.0000020898 0.0000355427 0.0029716758 -0.0007160393 0.0000045442 0.0043796846 0.0000146221 0.0025916918
1413394002.60582 2.050239 0.814261 -0.462006 0.475495 -0.647947 0.360723 0.473232 0.0003780047 -0.0000068866 -0.0001152053 0.0000005081 0.0000021055 0.0000355378 0.0029716374 -0.0007159984 0.0000045432 0.0043796246 0.0000146232 0.0025916876
1413394002.65582 2.050208 0.814279 -0.462035 0.475536 -0.647939 0.360672 0.473240 0.0003779846 -0.0000068364 -0.0001152224 0.0000005061 0.0000020906 0.0000355514 0.0029715948 -0.0007159559 0.0000045423 0.0043795824 0.0000146242 0.0025916833
1413394002.70582 2.050164 0.814314 -0.462064 0.475483 -0.647960 0.360737 0.473216 0.0003779841 -0.0000069038 -0.0001152036 0.0000005084 0.0000021109 0.0000355411 0.0029715716 -0.0007159244 0.0000045414 0.0043794819 0.0000146253 0.0025916792
1413394002.75582 2.050126 0.814303 -0.462144 0.475548 -0.647970 0.360666 0.473190 0.0003779412 -0.0000068564 -0.0001152548 0.0000005065 0.0000020976 0.0000355776 0.0029715469 -0.0007158787 0.0000045406 0.0043793225 0.0000146263 0.0025916751
1413394002.80582 2.050089 0.814290 -0.462175 0.475457 -0.647946 0.360776 0.473231 0.0003779845 -0.0000069292 -0.0001151708 0.0000005090 0.0000021180 0.0000355234 0.0029714813 -0.0007157856 0.0000045396 0.0043791717 0.0000146274 0.0025916709
1413394002.85582 2.050057 0.814238 -0.462285 0.475559 -0.648023 0.360658 0.473113 0.0003778811 -0.0000069036 -0.0001153107 0.0000005079 0.0000021134 0.0000356195 0.0029714130 -0.0007156879 0.0000045388 0.0043790160 0.0000146285 0.0025916670
1413394002.90582 2.050014 0.814259 -0.462354 0.475558 -0.648004 0.360645 0.473150 0.0003778833 -0.0000068800 -0.0001152940 0.0000005068 0.0000021059 0.0000356102 0.0029713721 -0.0007156331 0.0000045381 0.0043789091 0.0000146295 0.0025916631
1413394002.95582 2.049989 0.814299 -0.462423 0.475490 -0.647974 0.360717 0.473204 0.0003779255 -0.0000069057 -0.0001152151 0.0000005076 0.0000021122 0.0000355594 0.0029713384 -0.0007156047 0.0000045370 0.0043788906 0.0000146308 0.0025916596
1413394003.00582 2.049946 0.814285 -0.462510 0.475546 -0.648021 0.360667 0.473121 0.0003778636 -0.0000069056 -0.0001152925 0.0000005074 0.0000021140 0.0000356137 0.0029713139 -0.0007155614 0.0000045362 0.0043787477 0.0000146321 0.0025916561
1413394003.05582 2.049911 0.814321 -0.462594 0.475476 -0.647998 0.360766 0.473148 0.0003778966 -0.0000069677 -0.0001152260 0.0000005095 0.0000021317 0.0000355717 0.0029712726 -0.0007155182 0.0000045348 0.0043787046 0.0000146339 0.0025916531
1413394003.10582 2.049857 0.814293 -0.462695 0.475545 -0.647961 0.360698 0.473181 0.0003778876 -0.0000068741 -0.0001152322 0.0000005061 0.0000021037 0.0000355785 0.0029712331 -0.0007154616 0.0000045331 0.0043786010 0.0000146367 0.0025916519
1413394003.15582 2.049845 0.814290 -0.462802 0.475474 -0.648006 0.360799 0.473114 0.0003778784 -0.0000069920 -0.0001152262 0.0000005103 0.0000021399 0.0000355775 0.0029711770 -0.0007153861 0.0000045312 0.0043785005 0.0000146404 0.0025916503
1413394003.20582 2.049805 0.814312 -0.462840 0.475512 -0.647930 0.360751 0.473217 0.0003779074 -0.0000068952 -0.0001151767 0.0000005068 0.0000021095 0.0000355466 0.0029711567 -0.0007153589 0.0000045300 0.0043784459 0.0000146438 0.0025916501
1413394003.25582 2.049785 0.814338 -0.462868 0.475497 -0.647993 0.360817 0.473095 0.0003778649 -0.0000069969 -0.0001152214 0.0000005105 0.0000021419 0.0000355797 0.0029711571 -0.0007153457 0.0000045292 0.0043783349 0.0000146475 0.0025916491
1413394003.30582 2.049751 0.814389 -0.462867 0.475512 -0.647938 0.360791 0.473175 0.0003778889 -0.0000069372 -0.0001151770 0.0000005082 0.0000021229 0.0000355521 0.0029711647 -0.0007153468 0.0000045286 0.0043782439 0.0000146511 0.0025916474
