# timestamp (sec),tracking,propagation,msckf update,slam update,slam delayed,re-tri & marg,total
1413393890.048401594161987,0.00767,0.00028,0.00130,0.00000,0.00001,0.00345,0.01271
1413393890.105954408645630,0.00696,0.00013,0.00187,0.00000,0.00296,0.00178,0.01371
1413393890.155956745147705,0.00670,0.00030,0.00024,0.00067,0.00000,0.00177,0.00969
1413393890.206164121627808,0.00654,0.00018,0.00034,0.00069,0.00000,0.00161,0.00937
1413393890.256261825561523,0.00547,0.00016,0.00043,0.00072,0.00002,0.00240,0.00920
1413393890.306619644165039,0.00708,0.00016,0.00037,0.00070,0.00000,0.00182,0.01014
1413393890.356767177581787,0.00582,0.00019,0.00014,0.00076,0.00000,0.00182,0.00873
1413393890.406805515289307,0.00623,0.00027,0.00125,0.00061,0.00000,0.00197,0.01033
1413393890.456408739089966,0.00612,0.00018,0.00036,0.00067,0.00163,0.00178,0.01074
1413393890.506178379058838,0.00606,0.00030,0.00084,0.00194,0.00075,0.00262,0.01253
1413393890.555903911590576,0.00620,0.00033,0.00086,0.00121,0.00721,0.00209,0.01790
1413393890.606057643890381,0.00626,0.00021,0.00012,0.00192,0.00901,0.00191,0.01942
1413393890.656315565109253,0.00643,0.00037,0.00031,0.00311,0.00129,0.00276,0.01427
1413393890.706572055816650,0.00647,0.00038,0.00389,0.00293,0.01152,0.00169,0.02688
1413393890.756689548492432,0.00599,0.00029,0.00429,0.00497,0.00180,0.00213,0.01948
1413393890.806736946105957,0.00777,0.00041,0.00218,0.00885,0.00000,0.00284,0.02204
1413393890.856710672378540,0.00647,0.00044,0.00525,0.00551,0.00000,0.00163,0.01929
1413393890.906729221343994,0.00637,0.00024,0.00006,0.00565,0.00000,0.00164,0.01397
1413393890.956712484359741,0.00759,0.00055,0.00448,0.00862,0.00000,0.00327,0.02452
1413393891.006706237792969,0.00629,0.00037,0.00236,0.00556,0.00000,0.00217,0.01674
1413393891.056681156158447,0.00651,0.00026,0.00288,0.00604,0.00000,0.00188,0.01757
1413393891.106631994247437,0.00780,0.00045,0.00194,0.00941,0.00000,0.00306,0.02266
1413393891.156629323959351,0.00646,0.00023,0.00355,0.00547,0.00000,0.00209,0.01780
1413393891.206617116928101,0.00613,0.00027,0.00198,0.00539,0.00000,0.00183,0.01560
1413393891.256601333618164,0.00684,0.00024,0.00144,0.00583,0.00000,0.00302,0.01738
1413393891.306765079498291,0.00622,0.00020,0.00399,0.00543,0.00000,0.00155,0.01738
1413393891.356921434402466,0.00594,0.00021,0.00445,0.00457,0.00000,0.00213,0.01730
1413393891.406899690628052,0.00919,0.00043,0.00467,0.00583,0.00641,0.00214,0.02867
1413393891.456799507141113,0.00583,0.00020,0.00078,0.00426,0.00358,0.00141,0.01606
1413393891.506667613983154,0.00659,0.00028,0.00095,0.00449,0.00001,0.00182,0.01414
1413393891.556526660919189,0.00859,0.00044,0.00049,0.00659,0.00221,0.00238,0.02069
1413393891.606343269348145,0.00668,0.00020,0.00007,0.00461,0.00114,0.00175,0.01445
1413393891.656187534332275,0.00530,0.00037,0.00008,0.00472,0.00427,0.00189,0.01664
1413393891.706111192703247,0.00694,0.00042,0.00002,0.01032,0.00000,0.00335,0.02106
1413393891.755998849868774,0.00547,0.00036,0.00005,0.00535,0.00295,0.00227,0.01646
1413393891.805943727493286,0.00612,0.00034,0.00122,0.00530,0.00120,0.00181,0.01599
1413393891.855907917022705,0.00739,0.00040,0.00007,0.00559,0.00000,0.00251,0.01596
1413393891.905839681625366,0.00616,0.00031,0.00320,0.00446,0.00139,0.00194,0.01747
1413393891.955806016921997,0.00620,0.00020,0.00377,0.00484,0.00302,0.00204,0.02007
1413393892.005795001983643,0.00960,0.00028,0.00924,0.00673,0.00171,0.00155,0.02911
1413393892.055819749832153,0.00648,0.00054,0.00010,0.00585,0.00331,0.00220,0.01849
1413393892.105890750885010,0.00688,0.00020,0.00428,0.00471,0.00002,0.00158,0.01767
1413393892.155883312225342,0.00668,0.00035,0.00013,0.00481,0.00206,0.00162,0.01565
1413393892.205831527709961,0.00659,0.00022,0.00072,0.00489,0.00001,0.00164,0.01408
1413393892.255794525146484,0.00642,0.00046,0.00045,0.00470,0.00001,0.00167,0.01371
1413393892.305757045745850,0.00832,0.00026,0.00067,0.00490,0.00000,0.00266,0.01682
1413393892.355742692947388,0.00457,0.00027,0.00107,0.00453,0.00001,0.00199,0.01243
1413393892.405667304992676,0.00737,0.00038,0.00092,0.00426,0.00565,0.00161,0.02020
1413393892.455632925033569,0.00824,0.00033,0.00005,0.00568,0.00000,0.00260,0.01691
1413393892.505614280700684,0.00570,0.00020,0.00055,0.00479,0.00115,0.00172,0.01410
1413393892.555603742599487,0.00616,0.00031,0.00291,0.00408,0.00336,0.00180,0.01862
1413393892.605613470077515,0.00617,0.00026,0.00178,0.00471,0.00077,0.00225,0.01594
1413393892.655619859695435,0.00762,0.00030,0.00074,0.00454,0.00242,0.00212,0.01774
1413393892.705639362335205,0.00565,0.00037,0.00489,0.00424,0.00337,0.00153,0.02005
1413393892.755637645721436,0.00647,0.00028,0.00057,0.00419,0.00117,0.00260,0.01528
1413393892.805637836456299,0.00788,0.00019,0.00070,0.00398,0.00126,0.00216,0.01618
1413393892.855638027191162,0.00637,0.00022,0.00139,0.00411,0.00356,0.00165,0.01730
1413393892.905632257461548,0.00994,0.00055,0.00083,0.00685,0.00000,0.00349,0.02166
1413393892.955619812011719,0.00724,0.00037,0.00114,0.00354,0.00222,0.00163,0.01615
1413393893.005637645721436,0.00646,0.00020,0.00404,0.00307,0.00169,0.00155,0.01701
1413393893.055645465850830,0.00585,0.00018,0.00169,0.00268,0.00000,0.00203,0.01243
1413393893.105658769607544,0.00638,0.00026,0.00069,0.00320,0.00002,0.00157,0.01211
1413393893.155685663223267,0.00591,0.00021,0.00009,0.00268,0.00205,0.00201,0.01295
1413393893.205685138702393,0.00695,0.00045,0.00554,0.00423,0.01480,0.00214,0.03411
1413393893.255687713623047,0.01017,0.00036,0.00061,0.00474,0.00062,0.00230,0.01879
1413393893.305658578872681,0.00629,0.00031,0.00420,0.00456,0.00120,0.00169,0.01825
1413393893.355671644210815,0.00718,0.00052,0.00750,0.00756,0.00069,0.00215,0.02561
1413393893.405666589736938,0.00620,0.00032,0.00194,0.00536,0.00002,0.00213,0.01596
1413393893.455656051635742,0.00587,0.00021,0.01277,0.00497,0.00123,0.00191,0.02695
1413393893.505649089813232,0.00650,0.00034,0.00058,0.00529,0.00001,0.00241,0.01513
1413393893.555640935897827,0.00556,0.00020,0.00001,0.00499,0.00000,0.00166,0.01242
1413393893.605624437332153,0.00636,0.00032,0.00426,0.00442,0.00033,0.00219,0.01788
1413393893.655607461929321,0.00628,0.00029,0.00102,0.00811,0.00025,0.00210,0.01806
1413393893.705602645874023,0.00817,0.00026,0.00126,0.00441,0.00023,0.00230,0.01662
1413393893.755605459213257,0.00684,0.00020,0.00104,0.00431,0.00121,0.00219,0.01579
1413393893.805617570877075,0.00668,0.00048,0.00258,0.00401,0.00303,0.00192,0.01870
1413393893.855625629425049,0.00635,0.00028,0.00285,0.00392,0.00058,0.00184,0.01581
1413393893.905634641647339,0.00697,0.00026,0.00336,0.00311,0.00283,0.00163,0.01815
1413393893.955636024475098,0.00652,0.00042,0.00628,0.00428,0.00255,0.00228,0.02233
1413393894.005634546279907,0.00735,0.00023,0.00172,0.00286,0.00139,0.00196,0.01552
1413393894.055633306503296,0.00644,0.00030,0.00161,0.00224,0.00109,0.00159,0.01327
1413393894.105635166168213,0.00658,0.00029,0.00100,0.00229,0.00050,0.00193,0.01260
1413393894.155647039413452,0.00702,0.00048,0.00129,0.00205,0.00021,0.00193,0.01298
1413393894.205653905868530,0.00619,0.00029,0.00155,0.00172,0.00206,0.00196,0.01377
1413393894.255654811859131,0.00621,0.00025,0.00061,0.00177,0.01333,0.00175,0.02393
1413393894.305657386779785,0.00677,0.00038,0.00108,0.00365,0.00396,0.00172,0.01756
1413393894.355661153793335,0.00605,0.00021,0.00193,0.00290,0.00001,0.00182,0.01292
1413393894.405662775039673,0.00762,0.00047,0.00092,0.00512,0.00092,0.00264,0.01769
1413393894.455665349960327,0.00629,0.00028,0.00038,0.00296,0.00750,0.00200,0.01942
1413393894.505663633346558,0.00632,0.00030,0.00167,0.00445,0.00226,0.00165,0.01665
1413393894.555666685104370,0.00756,0.00059,0.00009,0.00845,0.00184,0.00303,0.02157
1413393894.605668067932129,0.00624,0.00036,0.00182,0.00463,0.00480,0.00174,0.01960
1413393894.655666589736938,0.00664,0.00025,0.00361,0.00539,0.00000,0.00147,0.01736
1413393894.705664396286011,0.00753,0.00063,0.00785,0.00883,0.00000,0.00329,0.02813
1413393894.755663633346558,0.00624,0.00031,0.00252,0.00469,0.00029,0.00186,0.01591
1413393894.805658578872681,0.00576,0.00028,0.00302,0.00463,0.00140,0.00169,0.01677
1413393894.855656862258911,0.00651,0.00053,0.00576,0.00807,0.00157,0.00187,0.02431
1413393894.905648469924927,0.00584,0.00033,0.00153,0.00476,0.00085,0.00168,0.01499
1413393894.955637216567993,0.00637,0.00032,0.00226,0.00496,0.00061,0.00199,0.01652
1413393895.005630970001221,0.00664,0.00046,0.00015,0.00898,0.00209,0.00274,0.02106
1413393895.055623054504395,0.00551,0.00043,0.00180,0.00512,0.00133,0.00173,0.01592
1413393895.105622053146362,0.00698,0.00025,0.00057,0.00515,0.00138,0.00162,0.01595
1413393895.155627250671387,0.00668,0.00040,0.00670,0.00969,0.00187,0.00238,0.02771
1413393895.205626487731934,0.00634,0.00038,0.00033,0.00555,0.00015,0.00190,0.01464
1413393895.255626201629639,0.00607,0.00047,0.00490,0.00459,0.00000,0.00144,0.01747
1413393895.305622577667236,0.00689,0.00019,0.00121,0.00419,0.00308,0.00181,0.01738
1413393895.355617761611938,0.00674,0.00032,0.00330,0.00422,0.00125,0.00204,0.01787
1413393895.405611038208008,0.00629,0.00029,0.00068,0.00438,0.00274,0.00208,0.01646
1413393895.455608606338501,0.00755,0.00033,0.00093,0.00448,0.00342,0.00247,0.01919
1413393895.505608558654785,0.00603,0.00029,0.00080,0.00510,0.00096,0.00207,0.01526
1413393895.555605649948120,0.00660,0.00050,0.00086,0.00430,0.00189,0.00171,0.01586
1413393895.605605840682983,0.00804,0.00059,0.00416,0.00728,0.00000,0.00316,0.02323
1413393895.655608415603638,0.00619,0.00022,0.00153,0.00394,0.00134,0.00173,0.01496
1413393895.705616474151611,0.00657,0.00020,0.00094,0.00350,0.00057,0.00195,0.01373
1413393895.755622148513794,0.00574,0.00020,0.00085,0.00300,0.00106,0.00153,0.01239
1413393895.805623531341553,0.00594,0.00024,0.00136,0.00276,0.00429,0.00177,0.01637
1413393895.855622529983521,0.00664,0.00036,0.00210,0.00299,0.00152,0.00174,0.01535
1413393895.905624866485596,0.00771,0.00044,0.00257,0.00484,0.00020,0.00232,0.01809
1413393895.955619812011719,0.00687,0.00030,0.00046,0.00293,0.00000,0.00175,0.01231
1413393896.005621433258057,0.00644,0.00020,0.00038,0.00284,0.00300,0.00176,0.01461
1413393896.055621862411499,0.00764,0.00043,0.00076,0.00321,0.00022,0.00251,0.01477
1413393896.105621099472046,0.00619,0.00030,0.00044,0.00247,0.00105,0.00189,0.01234
1413393896.155625104904175,0.00783,0.00036,0.00275,0.00424,0.00000,0.00285,0.01804
1413393896.205622196197510,0.00712,0.00028,0.00165,0.00453,0.00038,0.00256,0.01652
1413393896.255622386932373,0.00598,0.00022,0.00072,0.00269,0.00014,0.00196,0.01172
1413393896.305629491806030,0.00586,0.00026,0.00009,0.00325,0.00000,0.00187,0.01134
1413393896.355635643005371,0.00812,0.00061,0.00072,0.00497,0.00263,0.00329,0.02033
1413393896.405642509460449,0.00538,0.00022,0.00038,0.00302,0.00025,0.00205,0.01130
1413393896.455654382705688,0.00497,0.00018,0.00027,0.00248,0.00345,0.00149,0.01284
1413393896.505670070648193,0.00576,0.00017,0.00051,0.00243,0.00240,0.00146,0.01273
1413393896.555675745010376,0.00603,0.00021,0.00070,0.00215,0.00012,0.00181,0.01102
1413393896.605677843093872,0.00566,0.00029,0.00116,0.00210,0.00692,0.00144,0.01756
1413393896.655681133270264,0.00449,0.00032,0.00028,0.00319,0.00032,0.00161,0.01022
1413393896.705680608749390,0.00556,0.00021,0.00032,0.00338,0.00000,0.00146,0.01095
1413393896.755685329437256,0.00520,0.00031,0.00049,0.00342,0.00114,0.00139,0.01196
1413393896.805680751800537,0.00651,0.00049,0.00066,0.00447,0.00036,0.00266,0.01515
1413393896.855677843093872,0.00559,0.00037,0.00023,0.00283,0.00486,0.00156,0.01544
1413393896.905678510665894,0.00578,0.00036,0.00035,0.00344,0.00225,0.00153,0.01371
1413393896.955679416656494,0.00591,0.00038,0.00066,0.00746,0.00044,0.00267,0.01752
1413393897.005675792694092,0.00623,0.00045,0.00002,0.00412,0.00004,0.00208,0.01293
1413393897.055666208267212,0.00621,0.00024,0.00083,0.00328,0.00104,0.00159,0.01319
1413393897.105663776397705,0.00616,0.00036,0.00079,0.00331,0.00214,0.00185,0.01461
1413393897.155671596527100,0.00668,0.00026,0.00108,0.00341,0.00116,0.00205,0.01464
1413393897.205677747726440,0.00843,0.00039,0.00110,0.00533,0.00570,0.00308,0.02403
1413393897.255686998367310,0.00933,0.00041,0.00057,0.00736,0.00020,0.00306,0.02092
1413393897.305689334869385,0.00615,0.00028,0.00030,0.00397,0.00336,0.00177,0.01584
1413393897.355705738067627,0.00603,0.00030,0.00144,0.00380,0.00546,0.00143,0.01846
1413393897.405709505081177,0.00885,0.00067,0.00108,0.00940,0.00105,0.00311,0.02417
1413393897.455713033676147,0.00604,0.00036,0.00174,0.00443,0.00354,0.00189,0.01801
1413393897.505718231201172,0.00756,0.00024,0.00092,0.00546,0.00386,0.00196,0.01999
1413393897.555728673934937,0.00714,0.00039,0.00022,0.00872,0.00001,0.00332,0.01980
1413393897.605734348297119,0.00611,0.00020,0.00041,0.00512,0.00083,0.00154,0.01421
1413393897.655737161636353,0.00593,0.00027,0.00049,0.00581,0.00144,0.00196,0.01590
1413393897.705743312835693,0.00700,0.00043,0.00163,0.01008,0.00630,0.00318,0.02862
1413393897.755753040313721,0.00665,0.00028,0.00032,0.00607,0.00105,0.00225,0.01662
1413393897.805774688720703,0.00686,0.00031,0.00434,0.00538,0.00020,0.00142,0.01852
1413393897.855782508850098,0.00636,0.00049,0.00014,0.00600,0.00127,0.00249,0.01675
1413393897.905783176422119,0.00696,0.00032,0.00047,0.00513,0.00021,0.00168,0.01476
1413393897.955809593200684,0.00623,0.00046,0.00177,0.00465,0.00378,0.00197,0.01887
1413393898.005815029144287,0.00663,0.00038,0.00059,0.00819,0.00000,0.00341,0.01921
1413393898.055830240249634,0.00629,0.00040,0.00249,0.00418,0.00203,0.00192,0.01731
1413393898.105832815170288,0.00606,0.00021,0.00022,0.00428,0.00134,0.00172,0.01383
1413393898.155831098556519,0.00792,0.00037,0.00168,0.00649,0.00068,0.00326,0.02040
1413393898.205836772918701,0.00688,0.00027,0.00192,0.00356,0.00000,0.00189,0.01452
1413393898.255830764770508,0.00793,0.00032,0.00152,0.00334,0.00053,0.00177,0.01540
1413393898.305845975875854,0.00916,0.00048,0.00067,0.00456,0.01215,0.00292,0.02994
1413393898.355849027633667,0.00771,0.00032,0.00186,0.00308,0.00160,0.00155,0.01612
1413393898.405851364135742,0.00848,0.00020,0.00071,0.00294,0.00001,0.00187,0.01421
1413393898.455846786499023,0.00716,0.00028,0.00081,0.00199,0.00241,0.00166,0.01432
1413393898.505848646163940,0.00662,0.00019,0.00012,0.00219,0.00023,0.00233,0.01169
1413393898.555878162384033,0.00710,0.00025,0.00023,0.00211,0.00093,0.00200,0.01263
1413393898.605881452560425,0.00828,0.00021,0.00155,0.00183,0.00125,0.00164,0.01476
1413393898.655872821807861,0.00957,0.00022,0.00068,0.00226,0.00057,0.00200,0.01531
1413393898.705857038497925,0.00790,0.00021,0.00066,0.00159,0.00114,0.00209,0.01360
1413393898.755855321884155,0.00834,0.00033,0.00068,0.00197,0.00172,0.00201,0.01504
1413393898.805852651596069,0.00814,0.00029,0.00047,0.00166,0.00027,0.00207,0.01290
1413393898.855855703353882,0.00753,0.00026,0.00092,0.00188,0.00001,0.00161,0.01221
1413393898.905855178833008,0.00767,0.00036,0.00129,0.00178,0.00032,0.00345,0.01487
1413393898.955859899520874,0.00716,0.00030,0.00094,0.00077,0.00001,0.00181,0.01100
1413393899.005869626998901,0.00715,0.00036,0.00161,0.00159,0.00039,0.00325,0.01436
1413393899.055862665176392,0.00740,0.00022,0.00045,0.00110,0.00144,0.00256,0.01317
1413393899.105870962142944,0.00830,0.00018,0.00035,0.00074,0.00021,0.00173,0.01150
1413393899.155904293060303,0.00808,0.00025,0.00099,0.00063,0.00165,0.00210,0.01370
1413393899.205925464630127,0.01166,0.00016,0.00202,0.00038,0.00266,0.00153,0.01841
1413393899.255933761596680,0.01012,0.00019,0.00210,0.00091,0.00608,0.00202,0.02142
1413393899.305945396423340,0.01117,0.00018,0.00517,0.00114,0.00198,0.00179,0.02144
1413393899.355947017669678,0.00873,0.00017,0.00196,0.00173,0.00021,0.00168,0.01449
1413393899.405947685241699,0.00876,0.00020,0.00044,0.00090,0.00000,0.00196,0.01225
1413393899.455940008163452,0.00845,0.00019,0.00040,0.00075,0.00118,0.00220,0.01316
1413393899.505935430526733,0.00754,0.00023,0.00070,0.00042,0.00018,0.00173,0.01081
1413393899.555921792984009,0.00711,0.00019,0.00035,0.00031,0.00010,0.00219,0.01026
1413393899.605911731719971,0.00747,0.00017,0.00051,0.00017,0.00000,0.00214,0.01045
1413393899.655898571014404,0.00710,0.00015,0.00008,0.00024,0.00002,0.00202,0.00961
1413393899.705900669097900,0.00717,0.00021,0.00017,0.00019,0.00113,0.00210,0.01096
1413393899.755920648574829,0.00879,0.00022,0.00052,0.00017,0.00000,0.00209,0.01180
1413393899.805936098098755,0.01070,0.00028,0.00137,0.00013,0.00317,0.00346,0.01911
1413393899.855946063995361,0.01004,0.00022,0.00415,0.00009,0.00201,0.00189,0.01841
1413393899.905953645706177,0.01087,0.00023,0.00082,0.00016,0.00071,0.00200,0.01480
1413393899.955954313278198,0.01169,0.00018,0.00057,0.00014,0.00048,0.00259,0.01565
1413393900.005954504013062,0.01011,0.00023,0.00086,0.00018,0.00029,0.00210,0.01376
1413393900.055953025817871,0.00825,0.00016,0.00034,0.00011,0.00010,0.00198,0.01094
1413393900.105954885482788,0.01005,0.00028,0.00141,0.00011,0.00001,0.00333,0.01520
1413393900.155954599380493,0.00749,0.00025,0.00041,0.00002,0.00001,0.00218,0.01036
1413393900.205961704254150,0.00754,0.00026,0.00044,0.00000,0.00020,0.00221,0.01064
1413393900.255961656570435,0.00710,0.00015,0.00037,0.00000,0.00000,0.00199,0.00961
1413393900.305996656417847,0.00723,0.00020,0.00081,0.00000,0.00120,0.00228,0.01171
1413393900.356001853942871,0.00771,0.00021,0.00092,0.00008,0.00034,0.00221,0.01148
1413393900.406008481979370,0.00840,0.00027,0.00165,0.00012,0.00040,0.00247,0.01332
1413393900.455997467041016,0.00768,0.00023,0.00183,0.00013,0.00165,0.00210,0.01361
1413393900.505998849868774,0.00732,0.00020,0.00224,0.00018,0.00348,0.00191,0.01533
1413393900.556000232696533,0.00974,0.00034,0.00353,0.00052,0.00447,0.00310,0.02171
1413393900.606006145477295,0.00853,0.00017,0.00222,0.00048,0.00068,0.00185,0.01394
1413393900.656007766723633,0.00627,0.00018,0.00150,0.00042,0.00044,0.00202,0.01085
1413393900.706004858016968,0.00789,0.00034,0.00204,0.00071,0.00126,0.00279,0.01503
1413393900.756007194519043,0.00678,0.00024,0.00059,0.00043,0.00311,0.00201,0.01315
1413393900.806009531021118,0.00668,0.00021,0.00021,0.00077,0.00105,0.00193,0.01086
1413393900.856018304824829,0.00800,0.00036,0.00124,0.00101,0.00158,0.00353,0.01572
1413393900.906018972396851,0.00656,0.00025,0.00059,0.00062,0.00000,0.00210,0.01011
1413393900.956024885177612,0.00610,0.00030,0.00100,0.00051,0.00182,0.00186,0.01158
1413393901.006021499633789,0.00857,0.00041,0.00267,0.00102,0.00228,0.00312,0.01809
1413393901.056020259857178,0.00835,0.00018,0.00348,0.00059,0.00277,0.00169,0.01707
1413393901.106022119522095,0.00788,0.00023,0.00163,0.00092,0.00089,0.00189,0.01344
1413393901.156020402908325,0.00676,0.00021,0.00051,0.00100,0.00040,0.00174,0.01063
1413393901.206016540527344,0.00722,0.00020,0.00075,0.00098,0.00000,0.00195,0.01110
1413393901.256014823913574,0.00797,0.00034,0.00095,0.00113,0.00142,0.00220,0.01402
1413393901.306011199951172,0.00623,0.00017,0.00055,0.00090,0.00127,0.00163,0.01075
1413393901.356009483337402,0.00615,0.00018,0.00242,0.00066,0.00019,0.00186,0.01148
1413393901.406009435653687,0.00760,0.00026,0.00091,0.00074,0.00045,0.00250,0.01246
1413393901.456013202667236,0.00641,0.00017,0.00068,0.00075,0.00000,0.00201,0.01003
1413393901.506018400192261,0.00639,0.00027,0.00191,0.00055,0.00009,0.00199,0.01121
1413393901.556019544601440,0.00692,0.00039,0.00108,0.00109,0.00001,0.00304,0.01254
1413393901.606014966964722,0.00667,0.00028,0.00106,0.00077,0.00476,0.00263,0.01618
1413393901.656022787094116,0.00709,0.00030,0.00237,0.00137,0.00595,0.00291,0.01999
1413393901.706016063690186,0.00600,0.00023,0.00249,0.00203,0.00742,0.00268,0.02085
1413393901.756021738052368,0.00809,0.00037,0.00288,0.00245,0.00550,0.00280,0.02209
1413393901.806022882461548,0.00663,0.00039,0.00588,0.00304,0.01074,0.00177,0.02845
1413393901.856020689010620,0.00731,0.00025,0.00315,0.00286,0.00057,0.00178,0.01593
1413393901.906024932861328,0.00782,0.00059,0.00137,0.00520,0.00183,0.00294,0.01976
1413393901.956024408340454,0.00647,0.00030,0.00089,0.00292,0.00223,0.00196,0.01478
1413393902.006025552749634,0.00612,0.00028,0.00068,0.00308,0.00246,0.00190,0.01452
1413393902.056024312973022,0.00588,0.00035,0.00034,0.00621,0.00161,0.00277,0.01716
1413393902.106023073196411,0.00542,0.00021,0.00049,0.00354,0.00207,0.00165,0.01339
1413393902.156024456024170,0.00547,0.00022,0.00128,0.00390,0.00142,0.00225,0.01455
1413393902.206024408340454,0.00580,0.00036,0.00250,0.00337,0.00396,0.00194,0.01793
1413393902.256024599075317,0.00585,0.00026,0.00180,0.00399,0.00060,0.00193,0.01442
1413393902.306025743484497,0.00621,0.00020,0.00389,0.00354,0.00311,0.00212,0.01907
1413393902.356025934219360,0.00607,0.00019,0.00082,0.00439,0.00000,0.00183,0.01329
1413393902.406027555465698,0.00629,0.00023,0.00593,0.00329,0.00170,0.00188,0.01933
1413393902.456027269363403,0.00571,0.00048,0.00097,0.00414,0.00114,0.00154,0.01399
1413393902.506028175354004,0.00660,0.00036,0.00501,0.00575,0.00189,0.00312,0.02274
1413393902.556030750274658,0.00734,0.00044,0.00325,0.00354,0.00248,0.00165,0.01871
1413393902.606033563613892,0.00690,0.00038,0.00106,0.00353,0.00000,0.00202,0.01391
1413393902.656034469604492,0.00673,0.00042,0.00100,0.00353,0.00000,0.00219,0.01387
1413393902.706035137176514,0.00624,0.00022,0.00225,0.00317,0.00457,0.00163,0.01807
1413393902.756035089492798,0.00718,0.00022,0.00122,0.00389,0.00193,0.00161,0.01605
1413393902.806035995483398,0.00780,0.00046,0.00201,0.00359,0.00021,0.00244,0.01650
1413393902.856032609939575,0.00689,0.00022,0.00065,0.00309,0.00057,0.00137,0.01280
1413393902.906028747558594,0.00834,0.00038,0.00455,0.00451,0.00050,0.00280,0.02108
1413393902.956027030944824,0.00686,0.00018,0.00207,0.00263,0.00176,0.00192,0.01542
1413393903.006028413772583,0.00887,0.00030,0.00197,0.00250,0.00313,0.00155,0.01833
1413393903.056029081344604,0.00777,0.00020,0.00167,0.00295,0.00000,0.00223,0.01482
1413393903.106028318405151,0.00687,0.00025,0.00057,0.00283,0.00251,0.00170,0.01473
1413393903.156030178070068,0.00771,0.00044,0.00038,0.00310,0.00245,0.00160,0.01568
1413393903.206031560897827,0.00788,0.00020,0.00026,0.00336,0.00124,0.00168,0.01462
1413393903.256030559539795,0.00811,0.00038,0.00157,0.00537,0.00089,0.00330,0.01963
1413393903.306030988693237,0.00767,0.00021,0.00063,0.00341,0.00056,0.00207,0.01456
1413393903.356034040451050,0.00647,0.00036,0.00199,0.00483,0.00306,0.00288,0.01960
1413393903.406030654907227,0.00630,0.00040,0.00006,0.00498,0.00377,0.00230,0.01781
1413393903.456027030944824,0.00897,0.00026,0.00144,0.00362,0.00262,0.00197,0.01888
1413393903.506025075912476,0.00666,0.00023,0.00081,0.00398,0.00080,0.00196,0.01445
1413393903.556025266647339,0.00879,0.00040,0.00185,0.00601,0.00315,0.00325,0.02345
1413393903.606021165847778,0.00625,0.00032,0.00220,0.00344,0.00330,0.00163,0.01716
1413393903.656024456024170,0.00753,0.00025,0.00068,0.00365,0.00120,0.00192,0.01522
1413393903.706025600433350,0.00838,0.00058,0.00093,0.00528,0.00223,0.00334,0.02073
1413393903.756030321121216,0.00740,0.00035,0.00090,0.00299,0.00763,0.00180,0.02106
1413393903.806030988693237,0.00743,0.00041,0.00042,0.00410,0.00015,0.00175,0.01426
1413393903.856031417846680,0.00727,0.00023,0.00322,0.00397,0.00535,0.00228,0.02232
1413393903.906032085418701,0.00637,0.00030,0.00011,0.00530,0.00000,0.00172,0.01380
1413393903.956033468246460,0.00706,0.00031,0.00077,0.00500,0.00177,0.00157,0.01648
1413393904.006032466888428,0.00888,0.00043,0.00704,0.00801,0.00199,0.00217,0.02853
1413393904.056033372879028,0.00685,0.00045,0.00072,0.00529,0.00001,0.00202,0.01534
1413393904.106031179428101,0.00721,0.00036,0.00035,0.00487,0.00200,0.00154,0.01632
1413393904.156024932861328,0.00673,0.00046,0.00079,0.00510,0.00061,0.00154,0.01523
1413393904.206011533737183,0.00615,0.00040,0.00371,0.00533,0.00079,0.00181,0.01818
1413393904.255998611450195,0.00609,0.00029,0.00252,0.00519,0.00000,0.00161,0.01570
1413393904.305989265441895,0.00715,0.00039,0.00277,0.00843,0.00112,0.00316,0.02302
1413393904.355985403060913,0.00658,0.00055,0.00193,0.00495,0.00000,0.00168,0.01569
1413393904.405984401702881,0.00708,0.00021,0.00065,0.00498,0.00000,0.00180,0.01473
1413393904.455980777740479,0.00758,0.00047,0.00776,0.00822,0.00328,0.00334,0.03066
1413393904.505980730056763,0.00573,0.00026,0.00097,0.00519,0.00000,0.00147,0.01363
1413393904.555983066558838,0.00617,0.00037,0.00038,0.00504,0.00000,0.00183,0.01378
1413393904.605988979339600,0.00743,0.00052,0.01069,0.00679,0.00213,0.00253,0.03009
1413393904.655995607376099,0.00695,0.00025,0.00074,0.00487,0.00070,0.00202,0.01553
1413393904.705999135971069,0.00672,0.00021,0.00021,0.00448,0.00134,0.00174,0.01469
1413393904.755998373031616,0.00784,0.00034,0.00041,0.00459,0.00015,0.00238,0.01572
1413393904.805998325347900,0.00682,0.00056,0.00365,0.00428,0.00264,0.00193,0.01989
1413393904.855992794036865,0.00813,0.00039,0.00056,0.00436,0.00134,0.00193,0.01671
1413393904.905989408493042,0.00677,0.00026,0.00163,0.00405,0.00093,0.00161,0.01526
1413393904.955983877182007,0.00708,0.00021,0.00075,0.00391,0.00178,0.00165,0.01538
1413393905.005980491638184,0.00675,0.00024,0.00054,0.00354,0.00117,0.00175,0.01398
1413393905.055975437164307,0.00935,0.00039,0.00209,0.00474,0.00536,0.00138,0.02331
1413393905.105971574783325,0.00658,0.00027,0.00161,0.00267,0.00051,0.00206,0.01369
1413393905.155972719192505,0.00689,0.00024,0.00080,0.00245,0.00332,0.00197,0.01568
1413393905.205980539321899,0.01003,0.00059,0.00238,0.00472,0.01203,0.00276,0.03251
1413393905.255982875823975,0.00766,0.00036,0.00029,0.00354,0.00015,0.00162,0.01363
1413393905.305984497070312,0.00734,0.00038,0.00011,0.00330,0.00000,0.00185,0.01299
1413393905.355987310409546,0.00817,0.00030,0.00144,0.00463,0.00692,0.00233,0.02380
1413393905.405987501144409,0.00697,0.00030,0.00079,0.00328,0.00326,0.00220,0.01679
1413393905.455987691879272,0.00617,0.00022,0.00045,0.00394,0.00000,0.00203,0.01282
1413393905.505988836288452,0.00756,0.00024,0.00029,0.00364,0.00480,0.00188,0.01841
1413393905.555990457534790,0.00640,0.00037,0.00160,0.00405,0.00361,0.00195,0.01799
1413393905.605991125106812,0.00781,0.00031,0.00253,0.00428,0.00038,0.00212,0.01743
1413393905.655991554260254,0.00906,0.00067,0.00856,0.00701,0.00454,0.00252,0.03237
1413393905.705990552902222,0.00611,0.00033,0.00128,0.00423,0.00001,0.00156,0.01352
1413393905.755990505218506,0.00623,0.00021,0.00097,0.00398,0.00017,0.00164,0.01320
1413393905.805989503860474,0.00826,0.00039,0.00180,0.00355,0.00264,0.00241,0.01906
1413393905.855989217758179,0.00787,0.00022,0.00084,0.00453,0.00171,0.00165,0.01682
1413393905.905987739562988,0.00636,0.00023,0.00052,0.00449,0.00516,0.00220,0.01896
1413393905.955986499786377,0.00896,0.00067,0.00198,0.00903,0.00002,0.00314,0.02379
1413393906.005985736846924,0.00688,0.00054,0.00165,0.00437,0.00743,0.00138,0.02226
1413393906.055983781814575,0.00705,0.00038,0.00049,0.00554,0.00015,0.00199,0.01561
1413393906.105980396270752,0.00754,0.00067,0.00179,0.00762,0.00000,0.00333,0.02094
1413393906.155980348587036,0.00657,0.00036,0.00335,0.00418,0.00215,0.00164,0.01825
1413393906.205973625183105,0.00721,0.00025,0.00377,0.00395,0.00137,0.00205,0.01860
1413393906.255972385406494,0.00587,0.00038,0.00375,0.00406,0.00023,0.00241,0.01671
1413393906.305974006652832,0.00682,0.00024,0.00150,0.00365,0.00015,0.00159,0.01395
1413393906.355978965759277,0.00629,0.00029,0.00057,0.00400,0.00111,0.00184,0.01410
1413393906.405986070632935,0.00724,0.00035,0.00065,0.00374,0.00098,0.00250,0.01547
1413393906.455991983413696,0.00663,0.00037,0.00055,0.00352,0.00216,0.00187,0.01510
1413393906.505997180938721,0.00607,0.00019,0.00134,0.00333,0.00234,0.00157,0.01485
1413393906.556000471115112,0.00599,0.00021,0.00011,0.00376,0.00005,0.00201,0.01213
1413393906.605999708175659,0.00568,0.00020,0.00042,0.00360,0.00300,0.00178,0.01467
1413393906.655998468399048,0.00593,0.00021,0.00033,0.00387,0.00000,0.00195,0.01229
1413393906.705998659133911,0.00684,0.00030,0.00006,0.00644,0.00000,0.00277,0.01641
1413393906.756000518798828,0.00649,0.00025,0.00117,0.00403,0.00547,0.00215,0.01955
1413393906.806002616882324,0.00579,0.00034,0.00374,0.00405,0.00459,0.00174,0.02025
1413393906.856004953384399,0.00676,0.00050,0.00628,0.00873,0.00726,0.00198,0.03152
1413393906.906006097793579,0.00599,0.00047,0.00128,0.00608,0.00000,0.00187,0.01569
1413393906.956004381179810,0.00588,0.00052,0.00509,0.00580,0.00000,0.00167,0.01897
1413393907.006004571914673,0.00565,0.00030,0.00018,0.00583,0.00000,0.00189,0.01386
1413393907.055999040603638,0.00635,0.00038,0.00389,0.00633,0.00018,0.00188,0.01902
1413393907.105988740921021,0.00515,0.00040,0.00430,0.00591,0.00001,0.00176,0.01753
1413393907.155976772308350,0.00703,0.00047,0.00135,0.00958,0.00093,0.00329,0.02267
1413393907.205967426300049,0.00596,0.00046,0.00060,0.00587,0.00138,0.00205,0.01633
1413393907.255958795547485,0.00660,0.00031,0.00072,0.00688,0.00000,0.00201,0.01653
1413393907.305949926376343,0.00617,0.00038,0.00158,0.00604,0.00016,0.00173,0.01606
1413393907.355939388275146,0.00558,0.00033,0.00064,0.00613,0.00000,0.00168,0.01436
1413393907.405931234359741,0.00567,0.00039,0.00357,0.00600,0.00000,0.00175,0.01739
1413393907.455926179885864,0.00679,0.00065,0.00432,0.00934,0.00002,0.00300,0.02412
1413393907.505930423736572,0.00577,0.00040,0.00002,0.00687,0.00159,0.00234,0.01699
1413393907.555929899215698,0.00595,0.00042,0.00425,0.00627,0.00000,0.00187,0.01877
1413393907.605924367904663,0.00602,0.00034,0.00132,0.00632,0.00000,0.00182,0.01583
1413393907.655915021896362,0.00563,0.00021,0.00156,0.00634,0.00000,0.00180,0.01554
1413393907.705904006958008,0.00595,0.00051,0.00459,0.00630,0.00000,0.00181,0.01917
1413393907.755895376205444,0.00555,0.00040,0.00067,0.00628,0.00000,0.00160,0.01450
1413393907.805880069732666,0.00586,0.00036,0.00418,0.00607,0.00135,0.00181,0.01962
1413393907.855874538421631,0.00585,0.00030,0.00099,0.00657,0.00000,0.00173,0.01543
1413393907.905865430831909,0.00554,0.00030,0.00035,0.00618,0.00000,0.00175,0.01412
1413393907.955864191055298,0.00603,0.00021,0.00066,0.00619,0.00000,0.00186,0.01495
1413393908.005868196487427,0.00569,0.00043,0.00371,0.00603,0.00002,0.00166,0.01755
1413393908.055872201919556,0.00700,0.00061,0.00179,0.00939,0.00187,0.00301,0.02367
1413393908.105877161026001,0.00600,0.00022,0.00002,0.00622,0.00000,0.00212,0.01457
1413393908.155878305435181,0.00584,0.00023,0.03608,0.00580,0.00016,0.00154,0.04966
1413393908.205878019332886,0.00548,0.00019,0.00106,0.00614,0.00000,0.00188,0.01476
1413393908.255878686904907,0.00552,0.00072,0.00262,0.00603,0.00016,0.00208,0.01712
1413393908.305883407592773,0.00617,0.00020,0.00504,0.00630,0.00000,0.00205,0.01976
1413393908.355890750885010,0.00546,0.00018,0.00063,0.00641,0.00000,0.00173,0.01441
1413393908.405890703201294,0.00517,0.00020,0.00419,0.00606,0.00000,0.00194,0.01756
1413393908.455882787704468,0.00517,0.00020,0.00071,0.00577,0.00000,0.00173,0.01358
1413393908.505877971649170,0.00640,0.00038,0.00319,0.01082,0.00032,0.00308,0.02420
1413393908.555874824523926,0.00603,0.00021,0.00146,0.00572,0.00028,0.00173,0.01544
1413393908.605873346328735,0.00568,0.00020,0.00373,0.00619,0.00000,0.00217,0.01797
1413393908.655873060226440,0.00557,0.00020,0.00115,0.00624,0.00000,0.00175,0.01491
1413393908.705880403518677,0.00605,0.00030,0.00010,0.00713,0.00001,0.00212,0.01571
1413393908.755887985229492,0.00584,0.00031,0.00717,0.00615,0.00134,0.00175,0.02256
1413393908.805891990661621,0.00694,0.00040,0.00153,0.01129,0.00000,0.00312,0.02328
1413393908.855893850326538,0.00491,0.00034,0.00077,0.00602,0.00078,0.00179,0.01462
1413393908.905891656875610,0.00574,0.00054,0.00381,0.00621,0.00003,0.00214,0.01848
1413393908.955894947052002,0.00662,0.00041,0.00002,0.00673,0.00072,0.00241,0.01692
1413393909.005901336669922,0.00549,0.00020,0.00373,0.00627,0.00000,0.00182,0.01751
1413393909.055912256240845,0.00599,0.00034,0.00205,0.00615,0.00000,0.00159,0.01613
1413393909.105919599533081,0.00820,0.00049,0.00039,0.00652,0.00000,0.00270,0.01830
1413393909.155927658081055,0.00624,0.00028,0.00096,0.00672,0.00016,0.00205,0.01641
1413393909.205935955047607,0.00605,0.00033,0.00417,0.00624,0.00000,0.00198,0.01876
1413393909.255938768386841,0.00642,0.00037,0.00245,0.01087,0.00000,0.00293,0.02304
1413393909.305939912796021,0.00663,0.00036,0.00133,0.00619,0.00016,0.00202,0.01668
1413393909.355947017669678,0.00568,0.00020,0.00569,0.00619,0.00000,0.00173,0.01950
1413393909.405946731567383,0.00618,0.00039,0.00142,0.01121,0.00017,0.00289,0.02227
1413393909.455946207046509,0.00576,0.00021,0.00061,0.00613,0.00003,0.00179,0.01453
1413393909.505945682525635,0.00571,0.00038,0.00457,0.00568,0.00004,0.00176,0.01813
1413393909.555945396423340,0.00582,0.00031,0.00130,0.01009,0.00000,0.00271,0.02023
1413393909.605943679809570,0.00597,0.00035,0.00260,0.00554,0.00045,0.00202,0.01692
1413393909.655938148498535,0.00547,0.00021,0.00575,0.00574,0.00056,0.00161,0.01934
1413393909.705936670303345,0.00581,0.00030,0.00004,0.00548,0.00000,0.00165,0.01327
1413393909.755935907363892,0.00694,0.00021,0.00024,0.00477,0.00063,0.00194,0.01473
1413393909.805934429168701,0.00582,0.00088,0.00265,0.00435,0.00157,0.00198,0.01726
1413393909.855932950973511,0.00794,0.00053,0.00071,0.00824,0.00262,0.00308,0.02312
1413393909.905931472778320,0.00583,0.00031,0.00038,0.00403,0.00058,0.00203,0.01315
1413393909.955928325653076,0.00789,0.00037,0.00464,0.00387,0.00510,0.00161,0.02349
1413393910.005928993225098,0.00739,0.00051,0.00035,0.00712,0.00038,0.00321,0.01897
1413393910.055927276611328,0.00708,0.00021,0.00007,0.00459,0.00060,0.00174,0.01430
1413393910.105929374694824,0.00891,0.00021,0.00282,0.00385,0.00403,0.00193,0.02175
1413393910.155931472778320,0.00854,0.00056,0.00187,0.00810,0.00001,0.00379,0.02288
1413393910.205932855606079,0.00762,0.00020,0.00061,0.00406,0.00348,0.00192,0.01789
1413393910.255935907363892,0.00664,0.00021,0.00476,0.00433,0.00030,0.00223,0.01847
1413393910.305941343307495,0.00754,0.00036,0.00584,0.00437,0.00568,0.00226,0.02605
1413393910.355941534042358,0.00629,0.00046,0.00075,0.00508,0.00061,0.00225,0.01544
1413393910.405941247940063,0.00639,0.00023,0.00300,0.00517,0.00006,0.00212,0.01697
1413393910.455940723419189,0.00745,0.00046,0.00217,0.00883,0.00000,0.00350,0.02241
1413393910.505939960479736,0.00634,0.00029,0.00395,0.00380,0.00274,0.00161,0.01873
1413393910.555936813354492,0.00700,0.00033,0.00131,0.00438,0.00158,0.00167,0.01627
1413393910.605934619903564,0.00702,0.00038,0.00107,0.00682,0.00016,0.00324,0.01869
1413393910.655929327011108,0.00606,0.00028,0.01064,0.00416,0.00568,0.00195,0.02878
1413393910.705927610397339,0.00793,0.00021,0.00188,0.00486,0.00015,0.00215,0.01719
1413393910.755925893783569,0.00980,0.00029,0.00060,0.00519,0.00063,0.00232,0.01883
1413393910.805924654006958,0.00636,0.00051,0.00047,0.00470,0.00000,0.00162,0.01367
1413393910.855920553207397,0.00626,0.00028,0.00364,0.00446,0.00232,0.00180,0.01876
1413393910.905907869338989,0.00930,0.00041,0.00825,0.00812,0.00325,0.00201,0.03134
1413393910.955904245376587,0.00643,0.00031,0.00254,0.00447,0.00000,0.00140,0.01515
1413393911.005899190902710,0.00737,0.00032,0.00284,0.00424,0.00185,0.00191,0.01854
1413393911.055896759033203,0.00789,0.00049,0.00305,0.00705,0.00003,0.00332,0.02183
1413393911.105896949768066,0.00647,0.00028,0.00253,0.00407,0.00000,0.00188,0.01523
1413393911.155895948410034,0.00744,0.00037,0.00055,0.00387,0.00250,0.00216,0.01689
1413393911.205897092819214,0.00698,0.00031,0.00255,0.00642,0.00089,0.00274,0.01990
1413393911.255896091461182,0.00751,0.00037,0.00111,0.00413,0.00275,0.00213,0.01799
1413393911.305896520614624,0.00680,0.00020,0.00179,0.00474,0.00154,0.00203,0.01709
1413393911.355897665023804,0.00876,0.00042,0.00086,0.00770,0.00000,0.00349,0.02123
1413393911.405897617340088,0.00639,0.00047,0.00067,0.00485,0.00015,0.00213,0.01467
1413393911.455896377563477,0.00629,0.00025,0.00451,0.00398,0.00257,0.00182,0.01942
1413393911.505894184112549,0.00850,0.00053,0.00064,0.00632,0.00001,0.00347,0.01948
1413393911.555891036987305,0.00686,0.00020,0.00325,0.00299,0.00564,0.00200,0.02093
1413393911.605893373489380,0.00742,0.00043,0.00252,0.00313,0.00016,0.00200,0.01565
1413393911.655897140502930,0.01016,0.00030,0.00327,0.00429,0.00201,0.00344,0.02347
1413393911.705893993377686,0.00694,0.00019,0.00119,0.00304,0.00725,0.00181,0.02042
1413393911.755886554718018,0.00668,0.00037,0.00031,0.00344,0.00047,0.00176,0.01303
1413393911.805876731872559,0.00786,0.00060,0.00115,0.00599,0.00369,0.00293,0.02224
1413393911.855876445770264,0.00647,0.00029,0.00072,0.00403,0.00035,0.00207,0.01393
1413393911.905872106552124,0.00630,0.00049,0.00295,0.00322,0.00462,0.00192,0.01950
1413393911.955871582031250,0.00993,0.00060,0.00518,0.00545,0.00038,0.00317,0.02472
1413393912.005876064300537,0.00678,0.00020,0.00245,0.00363,0.00044,0.00161,0.01511
1413393912.055872917175293,0.00600,0.00028,0.00106,0.00440,0.00255,0.00177,0.01607
1413393912.105869293212891,0.00898,0.00040,0.00060,0.00764,0.00000,0.00364,0.02128
1413393912.155860662460327,0.00733,0.00029,0.00091,0.00368,0.00280,0.00207,0.01708
1413393912.205850601196289,0.00649,0.00028,0.00474,0.00315,0.00895,0.00188,0.02549
1413393912.255847454071045,0.00765,0.00032,0.00105,0.00416,0.00068,0.00249,0.01635
1413393912.305842638015747,0.00768,0.00035,0.00116,0.00311,0.00022,0.00179,0.01431
1413393912.355838775634766,0.00771,0.00031,0.00172,0.00273,0.00020,0.00192,0.01461
1413393912.405833721160889,0.00920,0.00055,0.00222,0.00365,0.00018,0.00342,0.01922
1413393912.455828905105591,0.00730,0.00019,0.00111,0.00207,0.00065,0.00166,0.01297
1413393912.505826711654663,0.00765,0.00019,0.00119,0.00192,0.00289,0.00180,0.01564
1413393912.555828094482422,0.00903,0.00050,0.00423,0.00226,0.00082,0.00343,0.02026
1413393912.605832099914551,0.00699,0.00026,0.00229,0.00098,0.00001,0.00167,0.01219
1413393912.655834436416626,0.00742,0.00039,0.00271,0.00140,0.00044,0.00279,0.01516
1413393912.705837726593018,0.00830,0.00033,0.00236,0.00079,0.00026,0.00321,0.01525
1413393912.755839109420776,0.00705,0.00017,0.00036,0.00051,0.00010,0.00186,0.01004
1413393912.805842399597168,0.00712,0.00022,0.00134,0.00043,0.00010,0.00178,0.01099
1413393912.855844736099243,0.00702,0.00025,0.00050,0.00066,0.00179,0.00281,0.01303
1413393912.905849218368530,0.00701,0.00024,0.00142,0.00061,0.00417,0.00192,0.01537
1413393912.955849409103394,0.00701,0.00018,0.00014,0.00097,0.00224,0.00180,0.01235
1413393913.005850076675415,0.00811,0.00034,0.00153,0.00158,0.00362,0.00327,0.01845
1413393913.055850505828857,0.00683,0.00021,0.00046,0.00149,0.00667,0.00179,0.01745
1413393913.105848550796509,0.00673,0.00030,0.00030,0.00303,0.00685,0.00178,0.01899
1413393913.155843257904053,0.00767,0.00037,0.00129,0.00599,0.00263,0.00320,0.02115
1413393913.205841064453125,0.00720,0.00028,0.00015,0.00325,0.00462,0.00177,0.01726
1413393913.255837678909302,0.00702,0.00027,0.00066,0.00366,0.00642,0.00178,0.01981
1413393913.305835247039795,0.00760,0.00048,0.00230,0.00787,0.00220,0.00274,0.02319
1413393913.355834722518921,0.00694,0.00028,0.00146,0.00430,0.00131,0.00188,0.01617
1413393913.405832529067993,0.00847,0.00025,0.00133,0.00432,0.00437,0.00202,0.02077
1413393913.455829620361328,0.00620,0.00034,0.00355,0.00411,0.00530,0.00165,0.02114
1413393913.505825996398926,0.00712,0.00022,0.00043,0.00534,0.00032,0.00177,0.01520
1413393913.555822372436523,0.00618,0.00036,0.00123,0.00425,0.00341,0.00177,0.01719
1413393913.605820417404175,0.00885,0.00051,0.00073,0.00787,0.00000,0.00356,0.02153
1413393913.655817747116089,0.00643,0.00035,0.00174,0.00340,0.00138,0.00185,0.01516
1413393913.705817699432373,0.00665,0.00028,0.00074,0.00332,0.00024,0.00197,0.01319
1413393913.755821228027344,0.00690,0.00023,0.00199,0.00268,0.00000,0.00242,0.01422
1413393913.805823326110840,0.00713,0.00028,0.00042,0.00125,0.00023,0.00213,0.01145
1413393913.855824470520020,0.00610,0.00023,0.00118,0.00074,0.00055,0.00191,0.01072
1413393913.905830144882202,0.00800,0.00028,0.00167,0.00098,0.00090,0.00198,0.01381
1413393913.955852031707764,0.00682,0.00032,0.00181,0.00168,0.01119,0.00194,0.02374
1413393914.005855321884155,0.00712,0.00031,0.00250,0.00145,0.00050,0.00211,0.01399
1413393914.055862903594971,0.00817,0.00018,0.00071,0.00133,0.00519,0.00193,0.01751
1413393914.105870008468628,0.00627,0.00021,0.00147,0.00179,0.00072,0.00171,0.01217
1413393914.155879259109497,0.00637,0.00020,0.00059,0.00208,0.00222,0.00173,0.01320
1413393914.205894231796265,0.00832,0.00026,0.00128,0.00181,0.00333,0.00215,0.01716
1413393914.255900859832764,0.00600,0.00018,0.00036,0.00242,0.00001,0.00171,0.01069
1413393914.305908918380737,0.00795,0.00023,0.00034,0.00219,0.00629,0.00206,0.01907
1413393914.355913162231445,0.00735,0.00037,0.00064,0.00475,0.00598,0.00316,0.02224
1413393914.405912637710571,0.00744,0.00021,0.00039,0.00303,0.00016,0.00217,0.01340
1413393914.455912351608276,0.00666,0.00020,0.00295,0.00285,0.00873,0.00196,0.02334
1413393914.505908012390137,0.00618,0.00027,0.00244,0.00379,0.00052,0.00174,0.01494
1413393914.555908203125000,0.00775,0.00022,0.00066,0.00383,0.00054,0.00227,0.01527
1413393914.605911493301392,0.00615,0.00020,0.00060,0.00395,0.00541,0.00208,0.01839
1413393914.655912876129150,0.00675,0.00035,0.00082,0.00686,0.00000,0.00317,0.01795
1413393914.705913543701172,0.00585,0.00028,0.00100,0.00351,0.00000,0.00219,0.01282
1413393914.755912780761719,0.00716,0.00031,0.00437,0.00333,0.00933,0.00181,0.02632
1413393914.805914402008057,0.00722,0.00051,0.00095,0.00501,0.00072,0.00232,0.01673
1413393914.855915069580078,0.00651,0.00020,0.00366,0.00459,0.00366,0.00159,0.02022
1413393914.905914545059204,0.00594,0.00030,0.00028,0.00616,0.00000,0.00198,0.01466
1413393914.955910682678223,0.00793,0.00046,0.00660,0.00852,0.00949,0.00206,0.03506
1413393915.005908727645874,0.00628,0.00020,0.00018,0.00569,0.00000,0.00210,0.01445
1413393915.055908203125000,0.00694,0.00025,0.00041,0.00496,0.00000,0.00208,0.01465
1413393915.105906963348389,0.00685,0.00034,0.00696,0.00741,0.00518,0.00169,0.02843
1413393915.155907154083252,0.00678,0.00026,0.00073,0.00569,0.00000,0.00169,0.01516
1413393915.205908775329590,0.00695,0.00040,0.00039,0.00622,0.00094,0.00211,0.01702
1413393915.255910634994507,0.00716,0.00042,0.00251,0.00524,0.00000,0.00247,0.01781
1413393915.305913686752319,0.00749,0.00033,0.00636,0.00496,0.00355,0.00185,0.02454
1413393915.355915784835815,0.00559,0.00022,0.00346,0.00516,0.00118,0.00179,0.01741
1413393915.405916929244995,0.00661,0.00028,0.00054,0.00543,0.00000,0.00179,0.01465
1413393915.455916643142700,0.00646,0.00034,0.00053,0.00505,0.00291,0.00180,0.01710
1413393915.505915164947510,0.00621,0.00034,0.00207,0.00564,0.00120,0.00173,0.01720
1413393915.555913448333740,0.00702,0.00047,0.00208,0.00565,0.00063,0.00174,0.01758
1413393915.605913400650024,0.00618,0.00031,0.00474,0.00544,0.00076,0.00156,0.01899
1413393915.655912399291992,0.00601,0.00044,0.00236,0.00532,0.00000,0.00197,0.01610
1413393915.705912351608276,0.00761,0.00062,0.00636,0.00876,0.00408,0.00317,0.03060
1413393915.755911588668823,0.00618,0.00045,0.00143,0.00475,0.00119,0.00186,0.01587
1413393915.805911302566528,0.00677,0.00031,0.00098,0.00479,0.00344,0.00170,0.01800
1413393915.855911016464233,0.00725,0.00051,0.00511,0.00950,0.00003,0.00306,0.02547
1413393915.905911207199097,0.00752,0.00021,0.00420,0.00534,0.00237,0.00156,0.02120
1413393915.955911397933960,0.00677,0.00030,0.00296,0.00586,0.00238,0.00195,0.02022
1413393916.005912303924561,0.00821,0.00061,0.00064,0.01043,0.00000,0.00349,0.02338
1413393916.055912971496582,0.00619,0.00022,0.00040,0.00662,0.00000,0.00252,0.01595
1413393916.105914831161499,0.00636,0.00031,0.00618,0.00610,0.00000,0.00174,0.02069
1413393916.155915498733521,0.00706,0.00044,0.00031,0.00627,0.00002,0.00219,0.01628
1413393916.205915689468384,0.00559,0.00048,0.00190,0.00530,0.00240,0.00157,0.01724
1413393916.255915403366089,0.00586,0.00042,0.00572,0.00457,0.00079,0.00168,0.01904
1413393916.305914163589478,0.00569,0.00026,0.00053,0.00449,0.00218,0.00194,0.01509
1413393916.355912923812866,0.00635,0.00035,0.00023,0.00462,0.00111,0.00198,0.01465
1413393916.405910730361938,0.00690,0.00034,0.00092,0.00434,0.00000,0.00206,0.01456
1413393916.455908536911011,0.00744,0.00058,0.00208,0.00560,0.00397,0.00307,0.02273
1413393916.505906105041504,0.00612,0.00027,0.00109,0.00375,0.00718,0.00215,0.02056
1413393916.555906295776367,0.00647,0.00044,0.00044,0.00708,0.00174,0.00250,0.01866
1413393916.605906724929810,0.00629,0.00027,0.00065,0.00510,0.00020,0.00246,0.01498
1413393916.655906677246094,0.00671,0.00042,0.00033,0.00392,0.00014,0.00182,0.01334
1413393916.705906391143799,0.00628,0.00020,0.00026,0.00338,0.01229,0.00202,0.02443
1413393916.755904912948608,0.00732,0.00044,0.00219,0.00865,0.00003,0.00284,0.02147
1413393916.805904865264893,0.00602,0.00038,0.00025,0.00546,0.00343,0.00156,0.01711
1413393916.855905532836914,0.00649,0.00030,0.00517,0.00549,0.00233,0.00183,0.02161
1413393916.905905723571777,0.00660,0.00029,0.00116,0.00549,0.00000,0.00166,0.01521
1413393916.955909729003906,0.00682,0.00039,0.00479,0.00469,0.00451,0.00144,0.02266
1413393917.005913972854614,0.00680,0.00029,0.00036,0.00536,0.00000,0.00174,0.01456
1413393917.055916547775269,0.00755,0.00046,0.00050,0.00807,0.00000,0.00324,0.01982
1413393917.105917453765869,0.00740,0.00035,0.00083,0.00444,0.00002,0.00218,0.01521
1413393917.155916213989258,0.00637,0.00028,0.00081,0.00410,0.00027,0.00166,0.01349
1413393917.205914974212646,0.00754,0.00027,0.00084,0.00646,0.00167,0.00242,0.01919
1413393917.255911111831665,0.00693,0.00032,0.00129,0.00402,0.00211,0.00181,0.01647
1413393917.305906295776367,0.00712,0.00050,0.00076,0.00407,0.00106,0.00200,0.01551
1413393917.355904102325439,0.00947,0.00029,0.00149,0.00608,0.00392,0.00204,0.02329
1413393917.405902862548828,0.00636,0.00021,0.00067,0.00393,0.00055,0.00209,0.01380
1413393917.455899238586426,0.00779,0.00031,0.00037,0.00354,0.00421,0.00179,0.01802
1413393917.505897283554077,0.00727,0.00025,0.00101,0.00364,0.00754,0.00180,0.02152
1413393917.555896520614624,0.00653,0.00020,0.00108,0.00420,0.00343,0.00192,0.01737
1413393917.605895519256592,0.00735,0.00027,0.00245,0.00417,0.00001,0.00215,0.01640
1413393917.655895471572876,0.00765,0.00027,0.00343,0.00572,0.00229,0.00175,0.02111
1413393917.705894947052002,0.00749,0.00049,0.00090,0.00314,0.00105,0.00158,0.01465
1413393917.755896806716919,0.00700,0.00031,0.00047,0.00274,0.00277,0.00191,0.01520
1413393917.805898189544678,0.00843,0.00054,0.00059,0.00416,0.00029,0.00367,0.01768
1413393917.855898857116699,0.00641,0.00023,0.00099,0.00239,0.00022,0.00198,0.01223
1413393917.905899286270142,0.00690,0.00019,0.00040,0.00216,0.00204,0.00163,0.01333
1413393917.955898761749268,0.00779,0.00028,0.00009,0.00253,0.00003,0.00188,0.01260
1413393918.005898714065552,0.00649,0.00019,0.00024,0.00220,0.00017,0.00190,0.01118
1413393918.055898189544678,0.00683,0.00028,0.00020,0.00191,0.00220,0.00178,0.01321
1413393918.105898618698120,0.00711,0.00016,0.00008,0.00197,0.00000,0.00185,0.01116
1413393918.155897617340088,0.00697,0.00029,0.00182,0.00119,0.00200,0.00187,0.01415
1413393918.205897569656372,0.00693,0.00028,0.00026,0.00245,0.00000,0.00217,0.01209
1413393918.255899190902710,0.00786,0.00026,0.00024,0.00257,0.00650,0.00272,0.02015
1413393918.305900335311890,0.00759,0.00019,0.00012,0.00209,0.00151,0.00183,0.01333
1413393918.355901241302490,0.00742,0.00019,0.00009,0.00203,0.00096,0.00229,0.01298
1413393918.405901193618774,0.00862,0.00038,0.00024,0.00208,0.00119,0.00242,0.01493
1413393918.455901622772217,0.00629,0.00018,0.00016,0.00158,0.00412,0.00178,0.01411
1413393918.505902767181396,0.00856,0.00027,0.00119,0.00177,0.00645,0.00199,0.02022
1413393918.555902957916260,0.00884,0.00052,0.00030,0.00471,0.00057,0.00352,0.01846
1413393918.605903625488281,0.00645,0.00030,0.00025,0.00296,0.00184,0.00191,0.01372
1413393918.655903339385986,0.01017,0.00047,0.00036,0.00317,0.00189,0.00417,0.02023
1413393918.705902814865112,0.00890,0.00034,0.00297,0.00062,0.00389,0.00280,0.01951
1413393918.755903244018555,0.00774,0.00018,0.00122,0.00062,0.00276,0.00175,0.01426
1413393918.805903673171997,0.00738,0.00018,0.00104,0.00087,0.00090,0.00188,0.01226
1413393918.855904340744019,0.00855,0.00016,0.00088,0.00069,0.00205,0.00181,0.01413
1413393918.905905723571777,0.00754,0.00021,0.00046,0.00048,0.00699,0.00164,0.01732
1413393918.955904722213745,0.00754,0.00020,0.00031,0.00105,0.00003,0.00184,0.01098
1413393919.005904436111450,0.00749,0.00016,0.00197,0.00057,0.00316,0.00166,0.01501
1413393919.055902242660522,0.00668,0.00018,0.00048,0.00090,0.00001,0.00168,0.00993
1413393919.105899095535278,0.00819,0.00018,0.00076,0.00047,0.00188,0.00214,0.01363
1413393919.155896902084351,0.00867,0.00031,0.00163,0.00104,0.00034,0.00356,0.01555
1413393919.205894231796265,0.00795,0.00017,0.00066,0.00038,0.00155,0.00213,0.01285
1413393919.255890846252441,0.00828,0.00018,0.00175,0.00038,0.00423,0.00157,0.01639
1413393919.305891036987305,0.00801,0.00016,0.00239,0.00050,0.00000,0.00181,0.01287
1413393919.355890989303589,0.00731,0.00017,0.00188,0.00051,0.00000,0.00176,0.01162
1413393919.405892133712769,0.00718,0.00018,0.00008,0.00054,0.00312,0.00190,0.01300
1413393919.455892324447632,0.00722,0.00017,0.00107,0.00061,0.00083,0.00192,0.01181
1413393919.505892515182495,0.00708,0.00019,0.00071,0.00071,0.00016,0.00203,0.01089
1413393919.555892229080200,0.00681,0.00022,0.00258,0.00052,0.00129,0.00163,0.01304
1413393919.605893373489380,0.00855,0.00033,0.00066,0.00129,0.00427,0.00321,0.01832
1413393919.655893802642822,0.00675,0.00018,0.00030,0.00110,0.00291,0.00176,0.01300
1413393919.705893993377686,0.00632,0.00030,0.00015,0.00217,0.00103,0.00170,0.01168
1413393919.755894422531128,0.00730,0.00031,0.00054,0.00277,0.00188,0.00248,0.01528
1413393919.805895090103149,0.00741,0.00021,0.00070,0.00162,0.00134,0.00231,0.01359
1413393919.855895757675171,0.00627,0.00019,0.00127,0.00180,0.01085,0.00176,0.02214
1413393919.905896186828613,0.00758,0.00036,0.00245,0.00414,0.00591,0.00250,0.02295
1413393919.955896377563477,0.00694,0.00021,0.00066,0.00308,0.00592,0.00181,0.01861
1413393920.005896091461182,0.00752,0.00036,0.00069,0.00338,0.00123,0.00167,0.01485
1413393920.055894851684570,0.00933,0.00037,0.00214,0.00484,0.00085,0.00328,0.02081
1413393920.105893373489380,0.00733,0.00024,0.00077,0.00301,0.00475,0.00209,0.01819
1413393920.155892848968506,0.00671,0.00027,0.00199,0.00293,0.00416,0.00160,0.01766
1413393920.205892562866211,0.00700,0.00025,0.00051,0.00378,0.00515,0.00192,0.01861
1413393920.255891084671021,0.00656,0.00029,0.00053,0.00442,0.00001,0.00168,0.01349
1413393920.305890560150146,0.00681,0.00020,0.00010,0.00430,0.00172,0.00174,0.01487
1413393920.355891227722168,0.00766,0.00042,0.00595,0.00969,0.00932,0.00309,0.03613
1413393920.405890464782715,0.00667,0.00023,0.00139,0.00461,0.00061,0.00174,0.01525
1413393920.455889940261841,0.00574,0.00024,0.00034,0.00422,0.00120,0.00183,0.01358
1413393920.505888462066650,0.00699,0.00025,0.00065,0.00427,0.00259,0.00234,0.01709
1413393920.555887699127197,0.00708,0.00028,0.00027,0.00479,0.00150,0.00222,0.01613
1413393920.605885982513428,0.00606,0.00021,0.00061,0.00455,0.00463,0.00166,0.01773
1413393920.655884027481079,0.00634,0.00019,0.00413,0.00537,0.00242,0.00161,0.02005
1413393920.705882310867310,0.00592,0.00022,0.00361,0.00577,0.00000,0.00218,0.01771
1413393920.755879402160645,0.00804,0.00037,0.00690,0.00572,0.00000,0.00214,0.02317
1413393920.805878162384033,0.00808,0.00040,0.00286,0.00966,0.00003,0.00355,0.02459
1413393920.855877161026001,0.00691,0.00022,0.00081,0.00563,0.00259,0.00197,0.01813
1413393920.905876398086548,0.00699,0.00023,0.00042,0.00674,0.00000,0.00244,0.01682
1413393920.955876350402832,0.00677,0.00043,0.00446,0.00571,0.00000,0.00172,0.01910
1413393921.005876302719116,0.00625,0.00052,0.00232,0.00466,0.00000,0.00229,0.01603
1413393921.055876255035400,0.00959,0.00031,0.00226,0.00390,0.00115,0.00169,0.01891
1413393921.105876445770264,0.00837,0.00039,0.00137,0.00698,0.00433,0.00362,0.02506
1413393921.155875921249390,0.00707,0.00025,0.00120,0.00403,0.00183,0.00197,0.01636
1413393921.205875158309937,0.00689,0.00032,0.00047,0.00478,0.00001,0.00224,0.01472
1413393921.255873680114746,0.00690,0.00038,0.00054,0.00385,0.00365,0.00248,0.01780
1413393921.305873394012451,0.00639,0.00022,0.00525,0.00392,0.00574,0.00214,0.02367
1413393921.355871438980103,0.00627,0.00031,0.00675,0.00435,0.00114,0.00169,0.02052
1413393921.405869722366333,0.00574,0.00019,0.00005,0.00466,0.00000,0.00178,0.01241
1413393921.455867052078247,0.00919,0.00021,0.00049,0.00445,0.00001,0.00211,0.01645
1413393921.505866050720215,0.00742,0.00037,0.00145,0.00447,0.00000,0.00211,0.01583
1413393921.555865049362183,0.00642,0.00017,0.00043,0.00391,0.00225,0.00165,0.01482
1413393921.605865478515625,0.00680,0.00033,0.00860,0.00450,0.00359,0.00169,0.02551
1413393921.655867099761963,0.00649,0.00020,0.00156,0.00511,0.00176,0.00170,0.01683
1413393921.705868244171143,0.00631,0.00019,0.00163,0.00561,0.00000,0.00170,0.01545
1413393921.755868673324585,0.00641,0.00032,0.00101,0.00631,0.00000,0.00185,0.01591
1413393921.805867671966553,0.00627,0.00032,0.00093,0.00540,0.00000,0.00171,0.01463
1413393921.855867385864258,0.00758,0.00044,0.00232,0.00952,0.00000,0.00343,0.02329
1413393921.905867338180542,0.00655,0.00022,0.00483,0.00515,0.00016,0.00152,0.01843
1413393921.955868005752563,0.00626,0.00021,0.00610,0.00541,0.00000,0.00183,0.01981
1413393922.005867481231689,0.00573,0.00019,0.00875,0.00517,0.00001,0.00170,0.02154
1413393922.055868625640869,0.00595,0.00021,0.00086,0.00478,0.00061,0.00210,0.01451
1413393922.105869770050049,0.00751,0.00024,0.00003,0.00489,0.00000,0.00210,0.01478
1413393922.155872583389282,0.01039,0.00039,0.00029,0.01009,0.00033,0.00344,0.02493
1413393922.205874919891357,0.00791,0.00029,0.00690,0.00446,0.00203,0.00194,0.02354
1413393922.255878210067749,0.00723,0.00022,0.00134,0.00449,0.00060,0.00210,0.01598
1413393922.305878639221191,0.00719,0.00023,0.00138,0.00436,0.00116,0.00253,0.01686
1413393922.355878114700317,0.00667,0.00032,0.00157,0.00409,0.00060,0.00199,0.01524
1413393922.405876874923706,0.00885,0.00022,0.00064,0.00354,0.00015,0.00219,0.01559
1413393922.455875873565674,0.00771,0.00034,0.00390,0.00477,0.00142,0.00316,0.02131
1413393922.505875825881958,0.00763,0.00040,0.00154,0.00252,0.00227,0.00226,0.01663
1413393922.555875539779663,0.00635,0.00019,0.00047,0.00277,0.00633,0.00171,0.01783
1413393922.605878829956055,0.00756,0.00025,0.00545,0.00384,0.00447,0.00239,0.02397
1413393922.655877828598022,0.00741,0.00028,0.00224,0.00441,0.00001,0.00220,0.01655
1413393922.705878734588623,0.00620,0.00039,0.00361,0.00394,0.00537,0.00172,0.02123
1413393922.755878925323486,0.00736,0.00035,0.00112,0.00492,0.00000,0.00194,0.01569
1413393922.805878400802612,0.00743,0.00038,0.00533,0.00481,0.00035,0.00222,0.02054
1413393922.855879783630371,0.00629,0.00042,0.00232,0.00507,0.00000,0.00190,0.01600
1413393922.905879020690918,0.00820,0.00071,0.00022,0.00505,0.00000,0.00212,0.01629
1413393922.955883264541626,0.00781,0.00052,0.00789,0.00454,0.00234,0.00170,0.02480
1413393923.005882263183594,0.00699,0.00027,0.00059,0.00452,0.00001,0.00169,0.01406
1413393923.055879354476929,0.00830,0.00044,0.00221,0.00702,0.00090,0.00360,0.02247
1413393923.105879783630371,0.00802,0.00030,0.00209,0.00442,0.00001,0.00184,0.01668
1413393923.155880212783813,0.00667,0.00050,0.00201,0.00428,0.00010,0.00167,0.01525
1413393923.205883026123047,0.00938,0.00069,0.00678,0.00681,0.00738,0.00201,0.03305
1413393923.255884408950806,0.00785,0.00050,0.00292,0.00450,0.00003,0.00222,0.01801
1413393923.305884361267090,0.00785,0.00021,0.00148,0.00447,0.00000,0.00209,0.01611
1413393923.355883121490479,0.00852,0.00054,0.00162,0.00484,0.00000,0.00278,0.01830
1413393923.405879735946655,0.00751,0.00029,0.00511,0.00417,0.00315,0.00191,0.02214
1413393923.455876350402832,0.00777,0.00022,0.00265,0.00403,0.00088,0.00196,0.01752
1413393923.505873441696167,0.00933,0.00043,0.00044,0.00602,0.00001,0.00329,0.01953
1413393923.555869817733765,0.00751,0.00029,0.00198,0.00287,0.00104,0.00165,0.01534
1413393923.605869054794312,0.00720,0.00026,0.00076,0.00285,0.00013,0.00199,0.01318
1413393923.655874729156494,0.00702,0.00029,0.00083,0.00249,0.00213,0.00177,0.01453
1413393923.705877065658569,0.00738,0.00032,0.00190,0.00220,0.00012,0.00195,0.01388
1413393923.755881547927856,0.00720,0.00026,0.00193,0.00165,0.00001,0.00184,0.01288
1413393923.805883646011353,0.00794,0.00029,0.00095,0.00179,0.00029,0.00193,0.01319
1413393923.855886697769165,0.00770,0.00027,0.00092,0.00182,0.00089,0.00185,0.01345
1413393923.905890703201294,0.00664,0.00018,0.00247,0.00173,0.00000,0.00159,0.01261
1413393923.955894947052002,0.00731,0.00016,0.00049,0.00145,0.00209,0.00210,0.01360
1413393924.055895805358887,0.00788,0.00027,0.00210,0.00151,0.00021,0.00157,0.01353
1413393924.105896234512329,0.00931,0.00027,0.00077,0.00142,0.00000,0.00275,0.01452
1413393924.155896186828613,0.00751,0.00033,0.00173,0.00216,0.00000,0.00307,0.01481
1413393924.205898523330688,0.00647,0.00018,0.00107,0.00088,0.00369,0.00200,0.01428
1413393924.255898475646973,0.00827,0.00029,0.00220,0.00191,0.00295,0.00298,0.01861
1413393924.305899620056152,0.00709,0.00017,0.00151,0.00129,0.00148,0.00201,0.01356
1413393924.355900049209595,0.00796,0.00027,0.00244,0.00088,0.00090,0.00158,0.01403
1413393924.405900478363037,0.00747,0.00025,0.00088,0.00191,0.00722,0.00266,0.02040
1413393924.455900669097900,0.00713,0.00024,0.00120,0.00131,0.00240,0.00164,0.01393
1413393924.505900382995605,0.00617,0.00025,0.00182,0.00144,0.00131,0.00197,0.01297
1413393924.555901050567627,0.00729,0.00016,0.00053,0.00110,0.00017,0.00157,0.01083
1413393924.605902910232544,0.00723,0.00019,0.00236,0.00083,0.00280,0.00182,0.01523
1413393924.655902862548828,0.00724,0.00019,0.00158,0.00091,0.00047,0.00175,0.01216
1413393924.705903768539429,0.00624,0.00016,0.00045,0.00073,0.00193,0.00188,0.01139
1413393924.755904436111450,0.00716,0.00027,0.00161,0.00067,0.00010,0.00165,0.01146
1413393924.805903196334839,0.00645,0.00017,0.00029,0.00074,0.00249,0.00187,0.01200
1413393924.855902671813965,0.00794,0.00040,0.00050,0.00194,0.00124,0.00328,0.01530
1413393924.905900716781616,0.00582,0.00021,0.00127,0.00084,0.00001,0.00189,0.01005
1413393924.955900430679321,0.00682,0.00018,0.00062,0.00066,0.00115,0.00162,0.01106
1413393925.005896568298340,0.00782,0.00042,0.00454,0.00103,0.00274,0.00328,0.01983
1413393925.055896282196045,0.00726,0.00018,0.00192,0.00073,0.00051,0.00188,0.01249
1413393925.105895042419434,0.00844,0.00034,0.00160,0.00075,0.00057,0.00264,0.01434
1413393925.155894517898560,0.00906,0.00022,0.00181,0.00063,0.00201,0.00221,0.01594
1413393925.205893754959106,0.00945,0.00022,0.00074,0.00038,0.00086,0.00207,0.01372
1413393925.255892515182495,0.01108,0.00018,0.00080,0.00024,0.00130,0.00160,0.01520
1413393925.305888891220093,0.01232,0.00028,0.00486,0.00043,0.00401,0.00327,0.02517
1413393925.355887413024902,0.00755,0.00024,0.00040,0.00026,0.00095,0.00176,0.01116
1413393925.405886650085449,0.00857,0.00018,0.00099,0.00029,0.00019,0.00194,0.01216
1413393925.455886363983154,0.01146,0.00028,0.00096,0.00028,0.00154,0.00224,0.01676
1413393925.505885362625122,0.00763,0.00032,0.00052,0.00033,0.00000,0.00211,0.01091
1413393925.555885791778564,0.01116,0.00033,0.00138,0.00039,0.00001,0.00302,0.01629
1413393925.605885028839111,0.00712,0.00032,0.00150,0.00043,0.00348,0.00262,0.01547
1413393925.655884027481079,0.00667,0.00023,0.00061,0.00030,0.00023,0.00160,0.00965
1413393925.705883741378784,0.00648,0.00023,0.00055,0.00027,0.00169,0.00204,0.01126
1413393925.755883455276489,0.00714,0.00028,0.00044,0.00051,0.00125,0.00230,0.01192
1413393925.805884599685669,0.00668,0.00028,0.00221,0.00019,0.00251,0.00182,0.01368
1413393925.855885982513428,0.00653,0.00022,0.00020,0.00046,0.00160,0.00167,0.01067
1413393925.905887126922607,0.00815,0.00021,0.00191,0.00051,0.00377,0.00251,0.01706
1413393925.955887079238892,0.00602,0.00019,0.00148,0.00093,0.00155,0.00152,0.01170
1413393926.005887031555176,0.00580,0.00020,0.00129,0.00115,0.00062,0.00193,0.01098
1413393926.055886983871460,0.00534,0.00027,0.00115,0.00200,0.00654,0.00213,0.01743
1413393926.105887651443481,0.00633,0.00024,0.00158,0.00197,0.00346,0.00174,0.01532
1413393926.155888080596924,0.00684,0.00026,0.00204,0.00254,0.00226,0.00166,0.01560
1413393926.205888986587524,0.00716,0.00053,0.00036,0.00475,0.00448,0.00310,0.02038
1413393926.255889892578125,0.00605,0.00043,0.00033,0.00303,0.00650,0.00178,0.01813
1413393926.305890321731567,0.00566,0.00021,0.00037,0.00375,0.00090,0.00153,0.01243
1413393926.355890750885010,0.00582,0.00038,0.00053,0.00490,0.00331,0.00246,0.01740
1413393926.405891895294189,0.00544,0.00038,0.00119,0.00395,0.00110,0.00178,0.01383
1413393926.455893278121948,0.00506,0.00041,0.00052,0.00424,0.00342,0.00196,0.01562
1413393926.505895376205444,0.00602,0.00027,0.00034,0.00757,0.00023,0.00230,0.01674
1413393926.555896997451782,0.00556,0.00025,0.00034,0.00429,0.00114,0.00172,0.01329
1413393926.605897665023804,0.00578,0.00025,0.00021,0.00402,0.00017,0.00173,0.01216
1413393926.655899763107300,0.00711,0.00061,0.00204,0.00719,0.00799,0.00332,0.02826
1413393926.705900430679321,0.00581,0.00032,0.00126,0.00392,0.00109,0.00165,0.01406
1413393926.755900859832764,0.00620,0.00028,0.00042,0.00503,0.00333,0.00227,0.01753
1413393926.805901288986206,0.00650,0.00027,0.00055,0.00475,0.00181,0.00236,0.01625
1413393926.855901956558228,0.00649,0.00036,0.00046,0.00280,0.00218,0.00189,0.01419
1413393926.905902624130249,0.00654,0.00025,0.00072,0.00300,0.00025,0.00199,0.01275
1413393926.955903291702271,0.00565,0.00040,0.00089,0.00338,0.00106,0.00253,0.01391
1413393927.005903482437134,0.00702,0.00030,0.00002,0.00358,0.00000,0.00203,0.01295
1413393927.055903673171997,0.00624,0.00022,0.00007,0.00295,0.00119,0.00182,0.01250
1413393927.105904102325439,0.00507,0.00029,0.00026,0.00296,0.00436,0.00168,0.01463
1413393927.155907154083252,0.00673,0.00032,0.00016,0.00380,0.00566,0.00183,0.01850
1413393927.205910444259644,0.00625,0.00028,0.00082,0.00411,0.00373,0.00156,0.01675
1413393927.255910634994507,0.00702,0.00041,0.00085,0.00452,0.00084,0.00274,0.01638
1413393927.305911779403687,0.00689,0.00027,0.00352,0.00462,0.00187,0.00203,0.01920
1413393927.355912446975708,0.00651,0.00033,0.00062,0.00560,0.00015,0.00205,0.01526
1413393927.405914783477783,0.00718,0.00046,0.00677,0.00671,0.00345,0.00138,0.02596
1413393927.455915212631226,0.00784,0.00026,0.00554,0.00347,0.00021,0.00194,0.01926
1413393927.505913734436035,0.00723,0.00031,0.00172,0.00293,0.00311,0.00191,0.01722
1413393927.555914163589478,0.00924,0.00052,0.00100,0.00586,0.00601,0.00345,0.02609
1413393927.605913877487183,0.00658,0.00030,0.00215,0.00307,0.00152,0.00179,0.01541
1413393927.655914068222046,0.00667,0.00034,0.00104,0.00297,0.00000,0.00199,0.01301
1413393927.705914497375488,0.00907,0.00038,0.00103,0.00280,0.00313,0.00255,0.01896
1413393927.755914449691772,0.00885,0.00020,0.00043,0.00277,0.00012,0.00160,0.01398
1413393927.805912971496582,0.00841,0.00037,0.00185,0.00262,0.00000,0.00191,0.01517
1413393927.855913877487183,0.01010,0.00045,0.00264,0.00364,0.00217,0.00318,0.02219
1413393927.905914306640625,0.00699,0.00024,0.00049,0.00252,0.00095,0.00157,0.01277
1413393927.955914258956909,0.00765,0.00019,0.00210,0.00239,0.00048,0.00182,0.01463
1413393928.005914926528931,0.00798,0.00053,0.00064,0.00464,0.00478,0.00306,0.02162
1413393928.055913448333740,0.00836,0.00022,0.00162,0.00216,0.00421,0.00169,0.01826
1413393928.105913639068604,0.00705,0.00035,0.00150,0.00266,0.00001,0.00218,0.01374
1413393928.155913352966309,0.01080,0.00036,0.00209,0.00406,0.00176,0.00301,0.02208
1413393928.205913066864014,0.00739,0.00034,0.00035,0.00278,0.00020,0.00206,0.01312
1413393928.255913019180298,0.00885,0.00020,0.00068,0.00227,0.00406,0.00188,0.01794
1413393928.305913686752319,0.00992,0.00038,0.00325,0.00250,0.00107,0.00169,0.01881
1413393928.355913162231445,0.00950,0.00036,0.00140,0.00230,0.00103,0.00217,0.01677
1413393928.405913114547729,0.00922,0.00020,0.00326,0.00213,0.00301,0.00173,0.01955
1413393928.455914258956909,0.00650,0.00025,0.00077,0.00236,0.00182,0.00175,0.01345
1413393928.505915164947510,0.00735,0.00024,0.00107,0.00275,0.00000,0.00217,0.01357
1413393928.555915832519531,0.00664,0.00019,0.00066,0.00220,0.00000,0.00196,0.01164
1413393928.605916976928711,0.00772,0.00020,0.00207,0.00145,0.00091,0.00192,0.01428
1413393928.655917406082153,0.00695,0.00031,0.00057,0.00118,0.00250,0.00209,0.01360
1413393928.705917835235596,0.00555,0.00019,0.00095,0.00111,0.00054,0.00187,0.01021
1413393928.755916833877563,0.00830,0.00022,0.00077,0.00139,0.00115,0.00231,0.01413
1413393928.805915832519531,0.00722,0.00020,0.00129,0.00154,0.00053,0.00208,0.01286
1413393928.855914115905762,0.00679,0.00018,0.00017,0.00161,0.00000,0.00207,0.01083
1413393928.905910968780518,0.00712,0.00022,0.00059,0.00135,0.00478,0.00228,0.01633
1413393928.955909013748169,0.00704,0.00019,0.00084,0.00191,0.00020,0.00209,0.01226
1413393929.005907773971558,0.00651,0.00019,0.00139,0.00193,0.00251,0.00193,0.01446
1413393929.055905342102051,0.00840,0.00028,0.00114,0.00216,0.00478,0.00240,0.01916
1413393929.105905294418335,0.00671,0.00022,0.00101,0.00210,0.00162,0.00156,0.01321
1413393929.155905485153198,0.00739,0.00019,0.00107,0.00205,0.00149,0.00209,0.01428
1413393929.205905199050903,0.00964,0.00048,0.00151,0.00412,0.00101,0.00337,0.02014
1413393929.255904912948608,0.00677,0.00019,0.00059,0.00215,0.00248,0.00198,0.01416
1413393929.305905342102051,0.00709,0.00029,0.00106,0.00250,0.00138,0.00179,0.01411
1413393929.355905532836914,0.00720,0.00032,0.00087,0.00239,0.00170,0.00167,0.01414
1413393929.405905485153198,0.00782,0.00030,0.00075,0.00250,0.00183,0.00190,0.01510
1413393929.455905675888062,0.00772,0.00025,0.00067,0.00232,0.00014,0.00172,0.01282
1413393929.505905866622925,0.00745,0.00035,0.00079,0.00226,0.00122,0.00168,0.01375
1413393929.555906057357788,0.00809,0.00018,0.00066,0.00205,0.00003,0.00151,0.01252
1413393929.605905532836914,0.00773,0.00018,0.00049,0.00187,0.00307,0.00193,0.01527
1413393929.655905961990356,0.00831,0.00016,0.00074,0.00189,0.00021,0.00160,0.01292
1413393929.705905914306641,0.00968,0.00018,0.00035,0.00186,0.00025,0.00184,0.01416
1413393929.755905866622925,0.00861,0.00019,0.00104,0.00187,0.00149,0.00167,0.01487
1413393929.805905818939209,0.01071,0.00033,0.00061,0.00298,0.00096,0.00279,0.01838
1413393929.855906009674072,0.00717,0.00019,0.00052,0.00173,0.00000,0.00162,0.01124
1413393929.905906677246094,0.00887,0.00018,0.00080,0.00142,0.00185,0.00147,0.01459
1413393929.955906867980957,0.00925,0.00044,0.00237,0.00275,0.00224,0.00340,0.02045
1413393930.005906581878662,0.00924,0.00018,0.00072,0.00138,0.00043,0.00160,0.01355
1413393930.055906772613525,0.00740,0.00032,0.00074,0.00139,0.00013,0.00201,0.01199
1413393930.105907440185547,0.00934,0.00039,0.00121,0.00227,0.00306,0.00379,0.02006
1413393930.155907869338989,0.00699,0.00019,0.00090,0.00121,0.00277,0.00157,0.01363
1413393930.205908060073853,0.00685,0.00019,0.00044,0.00159,0.00066,0.00166,0.01139
1413393930.255908250808716,0.00793,0.00043,0.00182,0.00267,0.00463,0.00341,0.02090
1413393930.305908441543579,0.00890,0.00022,0.00026,0.00170,0.00091,0.00213,0.01413
1413393930.355908632278442,0.00650,0.00031,0.00041,0.00168,0.00079,0.00169,0.01139
1413393930.405908584594727,0.00821,0.00027,0.00082,0.00303,0.00075,0.00269,0.01578
1413393930.455911159515381,0.00799,0.00026,0.00109,0.00186,0.00977,0.00192,0.02289
1413393930.505911588668823,0.00684,0.00020,0.00127,0.00292,0.00053,0.00190,0.01367
1413393930.555911064147949,0.00729,0.00040,0.00069,0.00499,0.00694,0.00326,0.02358
1413393930.605910778045654,0.00950,0.00020,0.00025,0.00343,0.00105,0.00189,0.01633
1413393930.655910730361938,0.00707,0.00029,0.00193,0.00305,0.00534,0.00170,0.01938
1413393930.705911159515381,0.00768,0.00031,0.00127,0.00611,0.00000,0.00247,0.01784
1413393930.755910873413086,0.00716,0.00032,0.00472,0.00345,0.00377,0.00179,0.02122
1413393930.805912017822266,0.00769,0.00029,0.00320,0.00360,0.00181,0.00201,0.01861
1413393930.855911731719971,0.00840,0.00035,0.00616,0.00344,0.00230,0.00166,0.02231
1413393930.905911445617676,0.00754,0.00030,0.00111,0.00333,0.00034,0.00211,0.01473
1413393930.955912828445435,0.00726,0.00020,0.00082,0.00376,0.00057,0.00215,0.01477
1413393931.005912780761719,0.00870,0.00043,0.00152,0.00627,0.00746,0.00335,0.02772
1413393931.055912494659424,0.00754,0.00033,0.00182,0.00361,0.00010,0.00184,0.01525
1413393931.105912923812866,0.00754,0.00039,0.00123,0.00348,0.00068,0.00189,0.01521
1413393931.155913114547729,0.00789,0.00043,0.00128,0.00704,0.00102,0.00318,0.02084
1413393931.205912828445435,0.00665,0.00049,0.00153,0.00326,0.00000,0.00208,0.01401
1413393931.255913257598877,0.00788,0.00039,0.00152,0.00294,0.00172,0.00205,0.01652
1413393931.305912971496582,0.00805,0.00043,0.00131,0.00605,0.00001,0.00326,0.01913
1413393931.355912923812866,0.00651,0.00028,0.00255,0.00276,0.00265,0.00189,0.01665
1413393931.405912160873413,0.00696,0.00027,0.00108,0.00264,0.00296,0.00208,0.01600
1413393931.455911874771118,0.00852,0.00036,0.00394,0.00441,0.00855,0.00252,0.02831
1413393931.505911111831665,0.00707,0.00021,0.00078,0.00348,0.00015,0.00184,0.01353
1413393931.555910110473633,0.00795,0.00026,0.00173,0.00338,0.00109,0.00191,0.01631
1413393931.605909824371338,0.00821,0.00024,0.00042,0.00332,0.00123,0.00235,0.01577
1413393931.655910015106201,0.00694,0.00032,0.00090,0.00312,0.00443,0.00170,0.01741
1413393931.705909967422485,0.00784,0.00020,0.00065,0.00342,0.00001,0.00194,0.01406
1413393931.755909919738770,0.00796,0.00045,0.00381,0.00533,0.00209,0.00349,0.02313
1413393931.805910110473633,0.00718,0.00020,0.00109,0.00254,0.00050,0.00188,0.01339
1413393931.855910062789917,0.00623,0.00020,0.00109,0.00253,0.00332,0.00176,0.01513
1413393931.905910015106201,0.00718,0.00030,0.00090,0.00283,0.00108,0.00162,0.01391
1413393931.955910205841064,0.00754,0.00046,0.00066,0.00309,0.00367,0.00208,0.01750
1413393932.005910158157349,0.00763,0.00020,0.00101,0.00352,0.00205,0.00171,0.01612
1413393932.055909872055054,0.00824,0.00034,0.00121,0.00609,0.00188,0.00322,0.02099
1413393932.105910301208496,0.00693,0.00036,0.00153,0.00369,0.00162,0.00197,0.01609
1413393932.155910015106201,0.00737,0.00022,0.00112,0.00356,0.00344,0.00163,0.01734
1413393932.205909729003906,0.00649,0.00019,0.00182,0.00359,0.00401,0.00173,0.01783
1413393932.255909681320190,0.00635,0.00021,0.00186,0.00384,0.00233,0.00171,0.01630
1413393932.305909633636475,0.00736,0.00038,0.00082,0.00356,0.00017,0.00194,0.01422
1413393932.355909585952759,0.00802,0.00042,0.00250,0.00488,0.00001,0.00260,0.01843
1413393932.405908346176147,0.00755,0.00026,0.00136,0.00290,0.00532,0.00185,0.01924
1413393932.455908298492432,0.00793,0.00033,0.00060,0.00322,0.00358,0.00166,0.01733
1413393932.505908012390137,0.00912,0.00052,0.00115,0.00480,0.00611,0.00340,0.02510
1413393932.555907726287842,0.00601,0.00021,0.00038,0.00338,0.00230,0.00166,0.01394
1413393932.605907440185547,0.00751,0.00022,0.00350,0.00341,0.00092,0.00208,0.01762
1413393932.655906677246094,0.00802,0.00061,0.00286,0.00534,0.00607,0.00322,0.02611
1413393932.705906152725220,0.00628,0.00037,0.00034,0.00324,0.00111,0.00202,0.01336
1413393932.755905628204346,0.00619,0.00019,0.00104,0.00349,0.00224,0.00198,0.01513
1413393932.805905580520630,0.00741,0.00027,0.00119,0.00532,0.00542,0.00236,0.02197
1413393932.855905771255493,0.00796,0.00021,0.00179,0.00404,0.00347,0.00214,0.01962
1413393932.905905723571777,0.00656,0.00029,0.00096,0.00409,0.00236,0.00215,0.01642
1413393932.955904722213745,0.00588,0.00023,0.00438,0.00408,0.00128,0.00176,0.01761
1413393933.005904912948608,0.00726,0.00033,0.00300,0.00388,0.00126,0.00247,0.01820
1413393933.055904626846313,0.00675,0.00030,0.00061,0.00346,0.00080,0.00212,0.01404
1413393933.105904579162598,0.00616,0.00027,0.00047,0.00530,0.00000,0.00240,0.01459
1413393933.155905008316040,0.00782,0.00020,0.00093,0.00311,0.00407,0.00193,0.01806
1413393933.205904960632324,0.00607,0.00027,0.00046,0.00420,0.00218,0.00164,0.01482
1413393933.255905389785767,0.00752,0.00095,0.00022,0.00658,0.00000,0.00395,0.01922
1413393933.305906057357788,0.00642,0.00027,0.00259,0.00370,0.00484,0.00215,0.01997
1413393933.355906486511230,0.00599,0.00027,0.00012,0.00441,0.00063,0.00211,0.01354
1413393933.405906677246094,0.00541,0.00019,0.00142,0.00404,0.00243,0.00173,0.01522
1413393933.455907821655273,0.00676,0.00039,0.00351,0.00420,0.00102,0.00214,0.01802
1413393933.505907535552979,0.00768,0.00021,0.00026,0.00442,0.00226,0.00209,0.01692
1413393933.555909156799316,0.00681,0.00027,0.00540,0.00431,0.00233,0.00175,0.02087
1413393933.605908870697021,0.00704,0.00029,0.00076,0.00450,0.00061,0.00169,0.01489
1413393933.655908107757568,0.00594,0.00021,0.00013,0.00414,0.00213,0.00202,0.01457
1413393933.705906629562378,0.00696,0.00042,0.00253,0.00714,0.00538,0.00318,0.02562
1413393933.755906820297241,0.00722,0.00044,0.00067,0.00455,0.00209,0.00261,0.01757
1413393933.805906772613525,0.00699,0.00021,0.00094,0.00440,0.00003,0.00218,0.01476
1413393933.855907440185547,0.00741,0.00044,0.00128,0.00677,0.00025,0.00333,0.01948
1413393933.905907154083252,0.00724,0.00021,0.00019,0.00382,0.00163,0.00190,0.01500
1413393933.955906391143799,0.00617,0.00050,0.00176,0.00282,0.00000,0.00159,0.01284
1413393934.005904912948608,0.00880,0.00042,0.00353,0.00434,0.00085,0.00250,0.02044
1413393934.055902242660522,0.00702,0.00038,0.00107,0.00257,0.00877,0.00214,0.02195
1413393934.105901718139648,0.00726,0.00029,0.00013,0.00366,0.00549,0.00206,0.01889
1413393934.155901670455933,0.00759,0.00049,0.00907,0.00615,0.00372,0.00284,0.02986
1413393934.205900907516479,0.00658,0.00027,0.00102,0.00433,0.00001,0.00222,0.01442
1413393934.255899429321289,0.00653,0.00027,0.00037,0.00461,0.00015,0.00215,0.01407
1413393934.305898666381836,0.00690,0.00019,0.00162,0.00362,0.00502,0.00168,0.01902
1413393934.355897426605225,0.00646,0.00046,0.00091,0.00426,0.00127,0.00229,0.01566
1413393934.405897140502930,0.00608,0.00022,0.00037,0.00472,0.00000,0.00212,0.01351
1413393934.455896377563477,0.00608,0.00020,0.00386,0.00426,0.00308,0.00170,0.01919
1413393934.505895614624023,0.00821,0.00034,0.00378,0.00487,0.00000,0.00145,0.01865
1413393934.555894374847412,0.00656,0.00050,0.00929,0.00490,0.00201,0.00152,0.02478
1413393934.605895280838013,0.00785,0.00044,0.00040,0.00826,0.00000,0.00333,0.02028
1413393934.655895948410034,0.00630,0.00032,0.00108,0.00454,0.00060,0.00210,0.01495
1413393934.705896854400635,0.00685,0.00021,0.00116,0.00374,0.00000,0.00179,0.01376
1413393934.755897998809814,0.00745,0.00050,0.00517,0.00561,0.00902,0.00258,0.03034
1413393934.805898904800415,0.00987,0.00047,0.00011,0.00791,0.00018,0.00302,0.02155
1413393934.855898618698120,0.00595,0.00020,0.00037,0.00455,0.00000,0.00167,0.01274
1413393934.905898332595825,0.00502,0.00019,0.00059,0.00402,0.00066,0.00147,0.01195
1413393934.955897331237793,0.00616,0.00020,0.00025,0.00385,0.00000,0.00236,0.01282
1413393935.005895376205444,0.00806,0.00029,0.00216,0.00261,0.00001,0.00176,0.01489
1413393935.055896520614624,0.00883,0.00053,0.01160,0.00543,0.01590,0.00174,0.04405
1413393935.105895757675171,0.00600,0.00021,0.00034,0.00339,0.00039,0.00174,0.01207
1413393935.155895948410034,0.00707,0.00037,0.00344,0.00236,0.00408,0.00177,0.01911
1413393935.205896854400635,0.00657,0.00036,0.00206,0.00484,0.00001,0.00293,0.01677
1413393935.255897998809814,0.00594,0.00018,0.00087,0.00265,0.00487,0.00147,0.01598
1413393935.305897474288940,0.00770,0.00040,0.00123,0.00289,0.00001,0.00218,0.01441
1413393935.355896472930908,0.00645,0.00051,0.00306,0.00428,0.01145,0.00158,0.02734
1413393935.405892848968506,0.00633,0.00047,0.00129,0.00298,0.00010,0.00163,0.01279
1413393935.455891847610474,0.00523,0.00020,0.00118,0.00236,0.00000,0.00159,0.01057
1413393935.505890130996704,0.00669,0.00029,0.00164,0.00202,0.00022,0.00150,0.01236
1413393935.555889129638672,0.00618,0.00019,0.00261,0.00236,0.00013,0.00180,0.01327
1413393935.605887651443481,0.00583,0.00034,0.00119,0.00234,0.01275,0.00190,0.02436
1413393935.655884742736816,0.00678,0.00038,0.00128,0.00367,0.00239,0.00172,0.01622
1413393935.705882549285889,0.00618,0.00028,0.00387,0.00411,0.00028,0.00160,0.01632
1413393935.755881786346436,0.00644,0.00035,0.00164,0.00412,0.00190,0.00160,0.01606
1413393935.805880546569824,0.00564,0.00019,0.00001,0.00483,0.00000,0.00177,0.01244
1413393935.855878114700317,0.00653,0.00023,0.00764,0.00465,0.00237,0.00209,0.02351
1413393935.905878305435181,0.00646,0.00028,0.00102,0.00491,0.00000,0.00205,0.01473
1413393935.955879449844360,0.00649,0.00055,0.00124,0.00784,0.00000,0.00237,0.01850
1413393936.005880832672119,0.00811,0.00032,0.00023,0.00445,0.00067,0.00205,0.01583
1413393936.055881738662720,0.00648,0.00020,0.00935,0.00401,0.00132,0.00208,0.02345
1413393936.105881452560425,0.00616,0.00019,0.00123,0.00343,0.00001,0.00160,0.01262
1413393936.155881881713867,0.00638,0.00049,0.00151,0.00278,0.00010,0.00186,0.01314
1413393936.205881595611572,0.00777,0.00021,0.00134,0.00229,0.00218,0.00225,0.01604
1413393936.255880832672119,0.00599,0.00031,0.00159,0.00221,0.00012,0.00161,0.01183
1413393936.305879354476929,0.00556,0.00020,0.00131,0.00189,0.00196,0.00148,0.01240
1413393936.355879068374634,0.00624,0.00029,0.00035,0.00218,0.00001,0.00153,0.01060
1413393936.405878543853760,0.00504,0.00035,0.00185,0.00329,0.00000,0.00237,0.01291
1413393936.455877304077148,0.00594,0.00020,0.00036,0.00152,0.00443,0.00152,0.01397
1413393936.505876541137695,0.00701,0.00029,0.00046,0.00204,0.00046,0.00169,0.01193
1413393936.555875301361084,0.00766,0.00037,0.00081,0.00167,0.00743,0.00200,0.01994
1413393936.605874300003052,0.00597,0.00029,0.00233,0.00193,0.00000,0.00170,0.01222
1413393936.655871868133545,0.00644,0.00029,0.00270,0.00111,0.01015,0.00143,0.02212
1413393936.705871105194092,0.00778,0.00056,0.00354,0.00228,0.00001,0.00301,0.01719
1413393936.755871772766113,0.00693,0.00019,0.00015,0.00115,0.00735,0.00151,0.01729
1413393936.805871486663818,0.00652,0.00027,0.00031,0.00238,0.00064,0.00182,0.01194
1413393936.855871438980103,0.00706,0.00034,0.00093,0.00417,0.00077,0.00258,0.01585
1413393936.905872344970703,0.00696,0.00026,0.00043,0.00188,0.01012,0.00187,0.02153
1413393936.955873012542725,0.00590,0.00050,0.00126,0.00271,0.00000,0.00196,0.01233
1413393937.005873918533325,0.00716,0.00031,0.00168,0.00256,0.00001,0.00253,0.01424
1413393937.055874109268188,0.00619,0.00045,0.00047,0.00297,0.00114,0.00197,0.01319
1413393937.105876684188843,0.00516,0.00024,0.00123,0.00310,0.00553,0.00198,0.01724
1413393937.155877113342285,0.00400,0.00018,0.00038,0.00238,0.00030,0.00173,0.00896
1413393937.205878496170044,0.00524,0.00019,0.00059,0.00246,0.00159,0.00195,0.01201
1413393937.255879163742065,0.00588,0.00019,0.00015,0.00260,0.00313,0.00173,0.01369
1413393937.305879592895508,0.00573,0.00028,0.00181,0.00401,0.00224,0.00176,0.01583
1413393937.355880498886108,0.00631,0.00025,0.00186,0.00281,0.00067,0.00210,0.01401
1413393937.405881166458130,0.00563,0.00024,0.00065,0.00294,0.00000,0.00213,0.01159
1413393937.455881834030151,0.00565,0.00034,0.00053,0.00302,0.00000,0.00193,0.01146
1413393937.505883216857910,0.00606,0.00034,0.00060,0.00300,0.00101,0.00211,0.01311
1413393937.555884838104248,0.00595,0.00028,0.00028,0.00296,0.00293,0.00180,0.01419
1413393937.605888128280640,0.00585,0.00036,0.00172,0.00684,0.00990,0.00237,0.02704
1413393937.655888795852661,0.00639,0.00019,0.00387,0.00388,0.00551,0.00159,0.02145
1413393937.705890655517578,0.00513,0.00019,0.00125,0.00463,0.00130,0.00153,0.01402
1413393937.755892515182495,0.00589,0.00051,0.00010,0.00610,0.00289,0.00203,0.01753
1413393937.805894851684570,0.00566,0.00021,0.00277,0.00519,0.00121,0.00197,0.01702
1413393937.855896711349487,0.00558,0.00056,0.00015,0.00550,0.00003,0.00167,0.01347
1413393937.905895948410034,0.00662,0.00038,0.00217,0.00826,0.00373,0.00302,0.02419
1413393937.955894708633423,0.00578,0.00032,0.00541,0.00566,0.00004,0.00177,0.01898
1413393938.005894899368286,0.00575,0.00028,0.00134,0.00550,0.00004,0.00218,0.01509
1413393938.055895328521729,0.00612,0.00038,0.00029,0.00636,0.00003,0.00220,0.01538
1413393938.105895757675171,0.00564,0.00032,0.00031,0.00602,0.00133,0.00198,0.01560
1413393938.155896425247192,0.00719,0.00054,0.00269,0.00950,0.00000,0.00331,0.02323
1413393938.205897092819214,0.00561,0.00037,0.00002,0.00604,0.00000,0.00152,0.01355
1413393938.255896091461182,0.00556,0.00048,0.00959,0.00581,0.00000,0.00184,0.02329
1413393938.305894613265991,0.00554,0.00033,0.00002,0.00648,0.00076,0.00187,0.01500
1413393938.355892896652222,0.00675,0.00052,0.00034,0.00942,0.00000,0.00341,0.02043
1413393938.405890703201294,0.00698,0.00038,0.00038,0.00553,0.00128,0.00210,0.01666
1413393938.455889940261841,0.00606,0.00021,0.00008,0.00564,0.00003,0.00174,0.01375
1413393938.505889415740967,0.00590,0.00030,0.00020,0.00622,0.00133,0.00157,0.01551
1413393938.555888891220093,0.00477,0.00030,0.00505,0.00508,0.00001,0.00293,0.01814
1413393938.605889558792114,0.00548,0.00021,0.00044,0.00480,0.00000,0.00272,0.01365
1413393938.655890226364136,0.00568,0.00021,0.00019,0.00463,0.00016,0.00339,0.01425
1413393938.705890178680420,0.00671,0.00033,0.00044,0.00466,0.00002,0.00158,0.01373
1413393938.755890369415283,0.00567,0.00037,0.00009,0.00448,0.00576,0.00168,0.01805
1413393938.805891513824463,0.00614,0.00049,0.00028,0.01011,0.00026,0.00299,0.02027
1413393938.855895042419434,0.00576,0.00040,0.00621,0.00495,0.00236,0.00148,0.02115
1413393938.905895948410034,0.00556,0.00031,0.00050,0.00484,0.00002,0.00192,0.01315
1413393938.955896854400635,0.00578,0.00048,0.00663,0.00740,0.00845,0.00246,0.03119
1413393939.005896806716919,0.00620,0.00055,0.00088,0.00890,0.00059,0.00269,0.01982
1413393939.055898904800415,0.00669,0.00046,0.00060,0.00448,0.00033,0.00257,0.01513
1413393939.105902671813965,0.00597,0.00021,0.00179,0.00385,0.00015,0.00194,0.01392
1413393939.155904293060303,0.00597,0.00021,0.00094,0.00392,0.00342,0.00167,0.01613
1413393939.205903053283691,0.00588,0.00027,0.00605,0.00471,0.00585,0.00159,0.02435
1413393939.255904436111450,0.00627,0.00031,0.00034,0.00603,0.00000,0.00240,0.01535
1413393939.305906772613525,0.00527,0.00036,0.00010,0.00512,0.00000,0.00166,0.01251
1413393939.355909109115601,0.00643,0.00021,0.00010,0.00480,0.00002,0.00148,0.01303
1413393939.405908584594727,0.00650,0.00027,0.00290,0.00417,0.00014,0.00242,0.01641
1413393939.455911159515381,0.00603,0.00019,0.00238,0.00357,0.00318,0.00150,0.01685
1413393939.505911588668823,0.00705,0.00030,0.00051,0.00379,0.00001,0.00186,0.01351
1413393939.555910825729370,0.00842,0.00040,0.00475,0.00462,0.00399,0.00289,0.02508
1413393939.605910778045654,0.00745,0.00039,0.00157,0.00224,0.00716,0.00213,0.02094
1413393939.655908107757568,0.00739,0.00020,0.00090,0.00214,0.00013,0.00161,0.01237
1413393939.705904483795166,0.00684,0.00049,0.00355,0.00359,0.00003,0.00330,0.01781
1413393939.755899429321289,0.00576,0.00025,0.00005,0.00286,0.00001,0.00179,0.01072
1413393939.805887460708618,0.00574,0.00020,0.00037,0.00228,0.00354,0.00172,0.01384
1413393939.855879068374634,0.00667,0.00055,0.00343,0.00380,0.00000,0.00314,0.01758
1413393939.905868053436279,0.00736,0.00023,0.00282,0.00155,0.00241,0.00204,0.01640
1413393939.955862998962402,0.00847,0.00019,0.00317,0.00124,0.00012,0.00137,0.01456
1413393940.005861520767212,0.00824,0.00039,0.00493,0.00141,0.00045,0.00320,0.01862
1413393940.055861234664917,0.00720,0.00029,0.00078,0.00121,0.00113,0.00178,0.01239
1413393940.105861186981201,0.00804,0.00018,0.00069,0.00085,0.00010,0.00158,0.01144
1413393940.155862331390381,0.00709,0.00020,0.00025,0.00088,0.00000,0.00224,0.01067
1413393940.205863475799561,0.00651,0.00018,0.00044,0.00067,0.00291,0.00191,0.01261
1413393940.255863189697266,0.00526,0.00019,0.00022,0.00100,0.00000,0.00183,0.00851
1413393940.305856227874756,0.00652,0.00030,0.00096,0.00117,0.00051,0.00259,0.01205
1413393940.355847120285034,0.00507,0.00026,0.00017,0.00111,0.00041,0.00160,0.00862
1413393940.405838012695312,0.00624,0.00018,0.00011,0.00094,0.00000,0.00203,0.00950
1413393940.455824136734009,0.00683,0.00016,0.00069,0.00067,0.00792,0.00147,0.01775
1413393940.505819559097290,0.00737,0.00019,0.00062,0.00154,0.00368,0.00196,0.01536
1413393940.555814981460571,0.00731,0.00026,0.00112,0.00221,0.00470,0.00165,0.01726
1413393940.605816602706909,0.00832,0.00027,0.00132,0.00275,0.00500,0.00238,0.02003
1413393940.655818700790405,0.00659,0.00020,0.00060,0.00273,0.00261,0.00147,0.01421
1413393940.705826520919800,0.00666,0.00022,0.00061,0.00249,0.00248,0.00212,0.01459
1413393940.755823850631714,0.00643,0.00029,0.00034,0.00242,0.00195,0.00197,0.01340
1413393940.805825710296631,0.00715,0.00024,0.00011,0.00258,0.00082,0.00225,0.01316
1413393940.855828523635864,0.00700,0.00027,0.00056,0.00249,0.00001,0.00155,0.01188
1413393940.905832529067993,0.00621,0.00033,0.00260,0.00326,0.00103,0.00220,0.01563
1413393940.955835819244385,0.00727,0.00024,0.00191,0.00208,0.00012,0.00146,0.01307
1413393941.005841493606567,0.00666,0.00018,0.00187,0.00220,0.00201,0.00148,0.01440
1413393941.055839300155640,0.00876,0.00050,0.00751,0.00376,0.00159,0.00294,0.02507
1413393941.105838298797607,0.00602,0.00029,0.00354,0.00222,0.00000,0.00209,0.01416
1413393941.155838489532471,0.00734,0.00025,0.00035,0.00216,0.00229,0.00150,0.01389
1413393941.205841302871704,0.00605,0.00033,0.00080,0.00223,0.00000,0.00234,0.01176
1413393941.255849599838257,0.00656,0.00023,0.00058,0.00209,0.00212,0.00194,0.01351
1413393941.305863142013550,0.00637,0.00021,0.00055,0.00233,0.00262,0.00194,0.01401
1413393941.355874300003052,0.00578,0.00031,0.00055,0.00271,0.00817,0.00185,0.01937
1413393941.455886602401733,0.00646,0.00031,0.00275,0.00311,0.00073,0.00172,0.01508
1413393941.505893468856812,0.00683,0.00033,0.00080,0.00322,0.00056,0.00232,0.01407
1413393941.555900573730469,0.00770,0.00037,0.00059,0.00307,0.00822,0.00176,0.02172
1413393941.605901002883911,0.00708,0.00026,0.00418,0.00446,0.00122,0.00195,0.01915
1413393941.655900478363037,0.00590,0.00038,0.00479,0.00398,0.00131,0.00217,0.01853
1413393941.705895423889160,0.00643,0.00024,0.00109,0.00444,0.00290,0.00174,0.01684
1413393941.755892515182495,0.00495,0.00024,0.00185,0.00380,0.00025,0.00169,0.01278
1413393941.805888414382935,0.00664,0.00051,0.00196,0.00741,0.00108,0.00249,0.02009
1413393941.855885267257690,0.00515,0.00020,0.00064,0.00408,0.00076,0.00144,0.01228
1413393941.905876874923706,0.00650,0.00047,0.00121,0.00358,0.00346,0.00164,0.01686
1413393941.955871820449829,0.00676,0.00038,0.00143,0.00404,0.00126,0.00233,0.01621
1413393942.005868673324585,0.00763,0.00027,0.00358,0.00366,0.00001,0.00178,0.01694
1413393942.055862903594971,0.00683,0.00020,0.00363,0.00308,0.00396,0.00135,0.01905
1413393942.105860471725464,0.00842,0.00046,0.00246,0.00491,0.00304,0.00319,0.02249
1413393942.155859231948853,0.00683,0.00032,0.00085,0.00313,0.00202,0.00167,0.01482
1413393942.205859422683716,0.00604,0.00032,0.00106,0.00276,0.00013,0.00169,0.01200
1413393942.255860567092896,0.00771,0.00038,0.00099,0.00476,0.00735,0.00283,0.02402
1413393942.305864334106445,0.00663,0.00029,0.00019,0.00388,0.00114,0.00201,0.01414
1413393942.355868339538574,0.00595,0.00046,0.00025,0.00358,0.00001,0.00178,0.01202
1413393942.405872344970703,0.00551,0.00036,0.00104,0.00324,0.00000,0.00171,0.01186
1413393942.455876827239990,0.00620,0.00033,0.00076,0.00332,0.00000,0.00176,0.01238
1413393942.505881071090698,0.00587,0.00024,0.00027,0.00312,0.00021,0.00229,0.01201
1413393942.555884122848511,0.00583,0.00018,0.00109,0.00304,0.00218,0.00160,0.01393
1413393942.605888843536377,0.00668,0.00037,0.00189,0.00638,0.00664,0.00241,0.02436
1413393942.655890464782715,0.00627,0.00021,0.01092,0.00411,0.00549,0.00149,0.02848
1413393942.705888748168945,0.00635,0.00041,0.00780,0.00796,0.00000,0.00328,0.02580
1413393942.755885601043701,0.00676,0.00046,0.00372,0.00491,0.00000,0.00166,0.01751
1413393942.805880784988403,0.00642,0.00035,0.00369,0.00417,0.00000,0.00166,0.01629
1413393942.855878591537476,0.00835,0.00043,0.00137,0.00870,0.00558,0.00262,0.02705
1413393942.905874967575073,0.00777,0.00026,0.00134,0.00445,0.00150,0.00178,0.01710
1413393942.955872058868408,0.00621,0.00022,0.00121,0.00453,0.00030,0.00194,0.01440
1413393943.005872011184692,0.00561,0.00018,0.00055,0.00467,0.00000,0.00175,0.01276
1413393943.055872201919556,0.00467,0.00020,0.00106,0.00444,0.00000,0.00181,0.01219
1413393943.105873584747314,0.00392,0.00020,0.00406,0.00421,0.00254,0.00169,0.01662
1413393943.155871391296387,0.00601,0.00021,0.00650,0.00457,0.00061,0.00152,0.01941
1413393943.205871343612671,0.00697,0.00022,0.00387,0.00437,0.00119,0.00161,0.01823
1413393943.255869626998901,0.00653,0.00038,0.00365,0.00405,0.00000,0.00156,0.01618
1413393943.305867671966553,0.00708,0.00037,0.00059,0.00684,0.00229,0.00255,0.01972
1413393943.355864048004150,0.00574,0.00023,0.00054,0.00428,0.00157,0.00196,0.01432
1413393943.405858993530273,0.00621,0.00031,0.00237,0.00436,0.00076,0.00159,0.01561
1413393943.455854415893555,0.00716,0.00046,0.00031,0.00872,0.00025,0.00310,0.02000
1413393943.505849361419678,0.00577,0.00041,0.00074,0.00460,0.00000,0.00165,0.01317
1413393943.555844306945801,0.00677,0.00038,0.00083,0.00508,0.00069,0.00192,0.01567
1413393943.605840921401978,0.00698,0.00047,0.00110,0.00751,0.00000,0.00313,0.01920
1413393943.655837535858154,0.00614,0.00027,0.00008,0.00470,0.00000,0.00180,0.01299
1413393943.705836296081543,0.00654,0.00022,0.00386,0.00431,0.00134,0.00187,0.01814
1413393943.755833864212036,0.00634,0.00022,0.00704,0.00448,0.00362,0.00235,0.02405
1413393943.805832862854004,0.00562,0.00020,0.00369,0.00512,0.00000,0.00166,0.01629
1413393943.855833768844604,0.00871,0.00024,0.00501,0.00538,0.00005,0.00228,0.02167
1413393943.905833721160889,0.00633,0.00027,0.00004,0.00507,0.00063,0.00172,0.01406
1413393943.955832004547119,0.00585,0.00040,0.00052,0.00479,0.00002,0.00265,0.01423
1413393944.005829572677612,0.00598,0.00025,0.00073,0.00468,0.00141,0.00220,0.01526
1413393944.055826902389526,0.00729,0.00064,0.00178,0.00696,0.00008,0.00328,0.02003
1413393944.105824470520020,0.00683,0.00040,0.00170,0.00421,0.00003,0.00212,0.01530
1413393944.155825614929199,0.00517,0.00022,0.00132,0.00381,0.00266,0.00177,0.01495
1413393944.205825328826904,0.00741,0.00059,0.00376,0.00796,0.00000,0.00309,0.02280
1413393944.255825519561768,0.00680,0.00023,0.00100,0.00449,0.00282,0.00185,0.01718
1413393944.305824995040894,0.00566,0.00019,0.00106,0.00435,0.00085,0.00173,0.01385
1413393944.355823278427124,0.00613,0.00025,0.00435,0.00457,0.00368,0.00201,0.02101
1413393944.405822753906250,0.00609,0.00024,0.00400,0.00406,0.00120,0.00168,0.01727
1413393944.455823659896851,0.00641,0.00031,0.00041,0.00349,0.00228,0.00194,0.01484
1413393944.505822181701660,0.00635,0.00040,0.00043,0.00578,0.00001,0.00275,0.01573
1413393944.555820465087891,0.00653,0.00034,0.00006,0.00323,0.00010,0.00169,0.01194
1413393944.605819225311279,0.00605,0.00046,0.00024,0.00302,0.00060,0.00185,0.01223
1413393944.655818700790405,0.00680,0.00025,0.00042,0.00330,0.00520,0.00250,0.01847
1413393944.705818653106689,0.00639,0.00027,0.00011,0.00348,0.00340,0.00198,0.01563
1413393944.755819559097290,0.00612,0.00040,0.00124,0.00407,0.00399,0.00197,0.01780
1413393944.805818557739258,0.00634,0.00040,0.00140,0.00391,0.00495,0.00227,0.01928
1413393944.855818271636963,0.00667,0.00028,0.00014,0.00497,0.00017,0.00195,0.01420
1413393944.905817508697510,0.00675,0.00024,0.00026,0.00379,0.00000,0.00188,0.01291
1413393944.955816030502319,0.00703,0.00036,0.00077,0.00411,0.00139,0.00270,0.01637
1413393945.005815267562866,0.00610,0.00021,0.00079,0.00386,0.00521,0.00209,0.01825
1413393945.055814743041992,0.00761,0.00028,0.00063,0.00468,0.00336,0.00177,0.01833
1413393945.105814695358276,0.00658,0.00051,0.00296,0.00875,0.00125,0.00312,0.02318
1413393945.155814647674561,0.00621,0.00029,0.00461,0.00379,0.00104,0.00149,0.01743
1413393945.205813407897949,0.00633,0.00039,0.00189,0.00335,0.00365,0.00183,0.01744
1413393945.255813121795654,0.00630,0.00029,0.00432,0.00361,0.00084,0.00208,0.01744
1413393945.305812597274780,0.00708,0.00032,0.00095,0.00359,0.00306,0.00177,0.01678
1413393945.355812549591064,0.00624,0.00036,0.00109,0.00292,0.00125,0.00189,0.01376
1413393945.405812025070190,0.00722,0.00024,0.00241,0.00273,0.00299,0.00238,0.01796
1413393945.455812931060791,0.00768,0.00040,0.00109,0.00288,0.00218,0.00209,0.01632
1413393945.505812883377075,0.00695,0.00036,0.00026,0.00337,0.00000,0.00190,0.01284
1413393945.555811882019043,0.00614,0.00021,0.00070,0.00304,0.00055,0.00180,0.01244
1413393945.605811357498169,0.00631,0.00038,0.00226,0.00280,0.00229,0.00197,0.01602
1413393945.655812025070190,0.00639,0.00030,0.00056,0.00270,0.00000,0.00186,0.01183
1413393945.705812931060791,0.00628,0.00033,0.00309,0.00251,0.00183,0.00167,0.01570
1413393945.755812883377075,0.00602,0.00023,0.00118,0.00242,0.00100,0.00173,0.01258
1413393945.805813074111938,0.00582,0.00019,0.00028,0.00263,0.00197,0.00148,0.01237
1413393945.855813741683960,0.00822,0.00044,0.00094,0.00446,0.00433,0.00328,0.02168
1413393945.905816316604614,0.00731,0.00057,0.00025,0.00342,0.00025,0.00201,0.01382
1413393945.955820560455322,0.00622,0.00036,0.00017,0.00280,0.00387,0.00212,0.01554
1413393946.005824327468872,0.00749,0.00039,0.00095,0.00278,0.00003,0.00218,0.01381
1413393946.055827140808105,0.00508,0.00019,0.00068,0.00270,0.00435,0.00141,0.01440
1413393946.105829715728760,0.00609,0.00051,0.00054,0.00400,0.00357,0.00189,0.01659
1413393946.155831098556519,0.00690,0.00043,0.00123,0.00537,0.00000,0.00332,0.01725
1413393946.205830812454224,0.00735,0.00033,0.00191,0.00277,0.00115,0.00193,0.01544
1413393946.255831241607666,0.00650,0.00045,0.00042,0.00346,0.00512,0.00199,0.01794
1413393946.305830717086792,0.00745,0.00047,0.00014,0.00504,0.00000,0.00334,0.01644
1413393946.355831146240234,0.00631,0.00044,0.00015,0.00312,0.00000,0.00199,0.01201
1413393946.405831098556519,0.00647,0.00019,0.00017,0.00296,0.00008,0.00200,0.01187
1413393946.455831527709961,0.00785,0.00051,0.00076,0.00438,0.00694,0.00326,0.02371
1413393946.505831718444824,0.00738,0.00036,0.00023,0.00267,0.00010,0.00207,0.01282
1413393946.555831909179688,0.00721,0.00019,0.00020,0.00215,0.00006,0.00208,0.01191
1413393946.605831623077393,0.00976,0.00063,0.00071,0.00361,0.00070,0.00368,0.01910
1413393946.655831336975098,0.00698,0.00027,0.00033,0.00285,0.00002,0.00196,0.01241
1413393946.705830812454224,0.00648,0.00019,0.00024,0.00228,0.00094,0.00189,0.01201
1413393946.755829095840454,0.00693,0.00029,0.00047,0.00253,0.00416,0.00234,0.01674
1413393946.805827617645264,0.00626,0.00020,0.00010,0.00249,0.00006,0.00202,0.01113
1413393946.855823993682861,0.00622,0.00030,0.00004,0.00411,0.00162,0.00298,0.01529
1413393946.905819654464722,0.00741,0.00027,0.00045,0.00340,0.00020,0.00290,0.01463
1413393946.955815315246582,0.00581,0.00025,0.00051,0.00278,0.00036,0.00200,0.01171
1413393947.005809783935547,0.00639,0.00030,0.00181,0.00461,0.00337,0.00301,0.01949
1413393947.055806636810303,0.00625,0.00020,0.00012,0.00323,0.00202,0.00167,0.01349
1413393947.105806112289429,0.00687,0.00029,0.00340,0.00466,0.01214,0.00191,0.02927
1413393947.155807495117188,0.00601,0.00037,0.00170,0.00411,0.00000,0.00206,0.01424
1413393947.205810070037842,0.00666,0.00035,0.00044,0.00409,0.00005,0.00159,0.01318
1413393947.255811214447021,0.00695,0.00021,0.00041,0.00382,0.00496,0.00198,0.01834
1413393947.305813074111938,0.00721,0.00044,0.00086,0.00376,0.00004,0.00157,0.01389
1413393947.355813980102539,0.00714,0.00023,0.00081,0.00312,0.00003,0.00190,0.01323
1413393947.405814170837402,0.00712,0.00020,0.00039,0.00317,0.00005,0.00213,0.01306
1413393947.455814838409424,0.00674,0.00030,0.00052,0.00317,0.00205,0.00200,0.01477
1413393947.505814552307129,0.00833,0.00026,0.00028,0.00326,0.00000,0.00174,0.01387
1413393947.555814266204834,0.00778,0.00022,0.00092,0.00295,0.00101,0.00199,0.01487
1413393947.605814218521118,0.00687,0.00027,0.00269,0.00346,0.00000,0.00271,0.01601
1413393947.655814409255981,0.00728,0.00024,0.00020,0.00310,0.00143,0.00250,0.01475
1413393947.705813884735107,0.00856,0.00034,0.00234,0.00304,0.00229,0.00287,0.01943
1413393947.755813360214233,0.00616,0.00027,0.00345,0.00146,0.00189,0.00171,0.01493
1413393947.805813074111938,0.00762,0.00016,0.00109,0.00141,0.00128,0.00173,0.01330
1413393947.855813503265381,0.00775,0.00018,0.00321,0.00069,0.00076,0.00196,0.01454
1413393947.905813694000244,0.00876,0.00020,0.00077,0.00048,0.00000,0.00235,0.01256
1413393947.955813884735107,0.00619,0.00016,0.00041,0.00034,0.00051,0.00201,0.00962
1413393948.005814313888550,0.00573,0.00017,0.00135,0.00034,0.00001,0.00206,0.00966
1413393948.055814266204834,0.00862,0.00018,0.00057,0.00030,0.00156,0.00220,0.01344
1413393948.105814933776855,0.00635,0.00022,0.00193,0.00036,0.00247,0.00173,0.01306
1413393948.155814886093140,0.00546,0.00021,0.00068,0.00074,0.00126,0.00213,0.01049
1413393948.205814123153687,0.00540,0.00027,0.00089,0.00087,0.00563,0.00192,0.01497
1413393948.255813598632812,0.00719,0.00016,0.00236,0.00156,0.00976,0.00184,0.02287
1413393948.305813550949097,0.00768,0.00027,0.00267,0.00235,0.00001,0.00224,0.01521
1413393948.355813026428223,0.00482,0.00020,0.00110,0.00220,0.00548,0.00195,0.01575
1413393948.405812501907349,0.00501,0.00029,0.00118,0.00260,0.00336,0.00200,0.01444
1413393948.455811977386475,0.00558,0.00024,0.00071,0.00262,0.01206,0.00194,0.02315
1413393948.505811452865601,0.00571,0.00031,0.00242,0.00329,0.00026,0.00198,0.01397
1413393948.555810451507568,0.00591,0.00029,0.00097,0.00428,0.00000,0.00152,0.01297
1413393948.605808496475220,0.00639,0.00029,0.00642,0.00357,0.00782,0.00167,0.02615
1413393948.655808210372925,0.00679,0.00027,0.00035,0.00526,0.00000,0.00186,0.01453
1413393948.705808401107788,0.00752,0.00076,0.00347,0.00869,0.00008,0.00356,0.02408
1413393948.755808115005493,0.00644,0.00032,0.00182,0.00489,0.00000,0.00169,0.01516
1413393948.805807113647461,0.00523,0.00021,0.00098,0.00467,0.00060,0.00219,0.01388
1413393948.855807065963745,0.00819,0.00053,0.00620,0.00747,0.00385,0.00206,0.02831
1413393948.905804634094238,0.00606,0.00039,0.00077,0.00405,0.00057,0.00176,0.01361
1413393948.955801963806152,0.00568,0.00046,0.00065,0.00359,0.00029,0.00203,0.01269
1413393949.005800485610962,0.00366,0.00034,0.00019,0.00393,0.00221,0.00193,0.01225
1413393949.055799961090088,0.00638,0.00039,0.00106,0.00418,0.00152,0.00213,0.01566
1413393949.105799913406372,0.00588,0.00020,0.00024,0.00460,0.00000,0.00195,0.01288
1413393949.155798912048340,0.00589,0.00032,0.00170,0.00449,0.00226,0.00184,0.01650
1413393949.205796718597412,0.00585,0.00038,0.00759,0.00509,0.00241,0.00179,0.02311
1413393949.255796432495117,0.00560,0.00033,0.00213,0.00506,0.00000,0.00197,0.01510
1413393949.305795907974243,0.00744,0.00029,0.00305,0.00492,0.00063,0.00144,0.01777
1413393949.355796098709106,0.00533,0.00040,0.00256,0.00478,0.00000,0.00194,0.01501
1413393949.405795812606812,0.00701,0.00031,0.00020,0.00502,0.00534,0.00227,0.02016
1413393949.455796241760254,0.00582,0.00024,0.00186,0.00508,0.00062,0.00178,0.01539
1413393949.505796432495117,0.00660,0.00068,0.00051,0.00505,0.00000,0.00242,0.01525
1413393949.555796384811401,0.00732,0.00027,0.00014,0.00470,0.00064,0.00220,0.01527
1413393949.605796337127686,0.00678,0.00037,0.00292,0.00421,0.00148,0.00238,0.01814
1413393949.655796766281128,0.00528,0.00023,0.00062,0.00430,0.00015,0.00178,0.01237
1413393949.705796480178833,0.00665,0.00022,0.00084,0.00442,0.00001,0.00186,0.01401
1413393949.755796670913696,0.00624,0.00019,0.00078,0.00440,0.00000,0.00188,0.01349
1413393949.805795907974243,0.00568,0.00020,0.00347,0.00430,0.00752,0.00156,0.02272
1413393949.855796337127686,0.00566,0.00063,0.00659,0.00571,0.00021,0.00226,0.02105
1413393949.905796766281128,0.00641,0.00034,0.00059,0.00585,0.00011,0.00241,0.01571
1413393949.955796957015991,0.00618,0.00022,0.00080,0.00555,0.00303,0.00181,0.01758
1413393950.005796909332275,0.00566,0.00031,0.00114,0.00567,0.00000,0.00164,0.01443
1413393950.055796384811401,0.00887,0.00059,0.00641,0.00819,0.00000,0.00249,0.02656
1413393950.105795860290527,0.00955,0.00023,0.00101,0.00494,0.00081,0.00192,0.01845
1413393950.155795097351074,0.00750,0.00020,0.00065,0.00463,0.00003,0.00151,0.01452
1413393950.205794811248779,0.00752,0.00042,0.00096,0.00757,0.00098,0.00336,0.02080
1413393950.255793809890747,0.00638,0.00021,0.00603,0.00431,0.00521,0.00171,0.02385
1413393950.305793523788452,0.00661,0.00036,0.00034,0.00511,0.00015,0.00184,0.01441
1413393950.355793476104736,0.00666,0.00037,0.00079,0.00856,0.00025,0.00291,0.01954
1413393950.405793190002441,0.00651,0.00029,0.00325,0.00444,0.00090,0.00173,0.01713
1413393950.455793142318726,0.00583,0.00030,0.00329,0.00417,0.00346,0.00210,0.01915
1413393950.505792379379272,0.00593,0.00021,0.00062,0.00444,0.00023,0.00188,0.01332
1413393950.555792331695557,0.00764,0.00021,0.00058,0.00420,0.00014,0.00162,0.01439
1413393950.605792045593262,0.00707,0.00089,0.00454,0.00407,0.00464,0.00237,0.02358
1413393950.655793428421021,0.00841,0.00058,0.02065,0.00542,0.00018,0.00220,0.03744
1413393950.705793142318726,0.00700,0.00023,0.00044,0.00456,0.00000,0.00183,0.01406
1413393950.755793333053589,0.00628,0.00032,0.00065,0.00412,0.00011,0.00175,0.01322
1413393950.805793285369873,0.00711,0.00038,0.00082,0.00541,0.00033,0.00356,0.01761
1413393950.855794429779053,0.00694,0.00032,0.00118,0.00258,0.00648,0.00171,0.01920
1413393950.905794143676758,0.00685,0.00020,0.00190,0.00357,0.00002,0.00177,0.01431
1413393950.955794572830200,0.00699,0.00032,0.00319,0.00440,0.00000,0.00343,0.01833
1413393951.005794763565063,0.00618,0.00047,0.00134,0.00246,0.00363,0.00191,0.01599
1413393951.055794477462769,0.00596,0.00028,0.00080,0.00301,0.00230,0.00171,0.01406
1413393951.105794906616211,0.00760,0.00052,0.00565,0.00493,0.01903,0.00187,0.03960
1413393951.155794858932495,0.00642,0.00049,0.00064,0.00522,0.00000,0.00175,0.01453
1413393951.205794572830200,0.00619,0.00022,0.00171,0.00445,0.00176,0.00143,0.01576
1413393951.255794286727905,0.00736,0.00064,0.01385,0.00686,0.00217,0.00212,0.03300
1413393951.305794239044189,0.00750,0.00029,0.00118,0.00505,0.00000,0.00155,0.01557
1413393951.355794429779053,0.00623,0.00028,0.00185,0.00443,0.00000,0.00161,0.01440
1413393951.405794143676758,0.00716,0.00045,0.01095,0.00625,0.00562,0.00243,0.03286
1413393951.455794095993042,0.00610,0.00037,0.00063,0.00532,0.00034,0.00184,0.01460
1413393951.505794048309326,0.00709,0.00027,0.00072,0.00472,0.00000,0.00161,0.01441
1413393951.555793762207031,0.00560,0.00039,0.00071,0.00425,0.00000,0.00187,0.01281
1413393951.605794191360474,0.00635,0.00048,0.00140,0.00380,0.00000,0.00214,0.01417
1413393951.655795097351074,0.00598,0.00030,0.00115,0.00374,0.00830,0.00208,0.02155
1413393951.705795526504517,0.00566,0.00026,0.00029,0.00503,0.00247,0.00173,0.01544
1413393951.755795955657959,0.00552,0.00019,0.00018,0.00468,0.00000,0.00181,0.01239
1413393951.805796384811401,0.00651,0.00022,0.00113,0.00413,0.00124,0.00186,0.01511
1413393951.855797052383423,0.00579,0.00026,0.00720,0.00433,0.00432,0.00180,0.02369
1413393951.905797004699707,0.00653,0.00035,0.00137,0.00590,0.00000,0.00189,0.01604
1413393951.955796718597412,0.00671,0.00043,0.00099,0.00481,0.00000,0.00225,0.01520
1413393952.005796670913696,0.00589,0.00018,0.00375,0.00386,0.00563,0.00151,0.02082
1413393952.055796861648560,0.00623,0.00021,0.00275,0.00440,0.00037,0.00169,0.01564
1413393952.105797052383423,0.00658,0.00034,0.00133,0.00434,0.00038,0.00191,0.01488
1413393952.155797004699707,0.00585,0.00020,0.00015,0.00515,0.00002,0.00182,0.01320
1413393952.205796957015991,0.00595,0.00035,0.00027,0.00505,0.00000,0.00198,0.01359
1413393952.255796909332275,0.00613,0.00022,0.00122,0.00438,0.00032,0.00180,0.01408
1413393952.305796623229980,0.00635,0.00024,0.00226,0.00404,0.00014,0.00234,0.01536
1413393952.355796813964844,0.00727,0.00022,0.00042,0.00364,0.00437,0.00191,0.01784
1413393952.405796766281128,0.00656,0.00034,0.00075,0.00475,0.00026,0.00176,0.01441
1413393952.455796480178833,0.00735,0.00042,0.00168,0.00747,0.01202,0.00228,0.03122
1413393952.505796670913696,0.00698,0.00028,0.00090,0.00642,0.00000,0.00182,0.01641
1413393952.555796384811401,0.00585,0.00023,0.00008,0.00630,0.00000,0.00164,0.01409
1413393952.605795860290527,0.00787,0.00051,0.00698,0.00803,0.00203,0.00206,0.02749
1413393952.655795335769653,0.00602,0.00054,0.00176,0.00526,0.00019,0.00158,0.01534
1413393952.705794811248779,0.00619,0.00031,0.00209,0.00465,0.00143,0.00176,0.01643
1413393952.755794763565063,0.00534,0.00019,0.00039,0.00468,0.00076,0.00167,0.01303
1413393952.805794715881348,0.00648,0.00037,0.00257,0.00426,0.00106,0.00173,0.01647
1413393952.855794429779053,0.00707,0.00030,0.00050,0.00441,0.00263,0.00192,0.01682
1413393952.905793905258179,0.00660,0.00053,0.00161,0.00777,0.00087,0.00260,0.01998
1413393952.955793619155884,0.00655,0.00023,0.00094,0.00469,0.00115,0.00215,0.01571
1413393953.005793333053589,0.00598,0.00050,0.00176,0.00522,0.00538,0.00196,0.02081
1413393953.055793046951294,0.00789,0.00045,0.00047,0.00518,0.00061,0.00283,0.01742
1413393953.105792522430420,0.00637,0.00038,0.00062,0.00502,0.00015,0.00203,0.01457
1413393953.155791997909546,0.00656,0.00031,0.00066,0.00501,0.00350,0.00175,0.01778
1413393953.205791234970093,0.00619,0.00045,0.00193,0.00541,0.00116,0.00174,0.01689
1413393953.255791187286377,0.00521,0.00020,0.00207,0.00537,0.00322,0.00172,0.01781
1413393953.305790901184082,0.00569,0.00024,0.00093,0.00608,0.00000,0.00158,0.01453
1413393953.355790615081787,0.00665,0.00038,0.00648,0.00943,0.00225,0.00144,0.02663
1413393953.405789852142334,0.00598,0.00025,0.00378,0.00559,0.00001,0.00204,0.01765
1413393953.455789089202881,0.00588,0.00049,0.00038,0.00520,0.00034,0.00173,0.01402
1413393953.505787849426270,0.00616,0.00045,0.00969,0.00876,0.00536,0.00182,0.03224
1413393953.555786371231079,0.00718,0.00039,0.00020,0.00526,0.00000,0.00184,0.01487
1413393953.605786561965942,0.00596,0.00032,0.00369,0.00430,0.00319,0.00144,0.01890
1413393953.655787467956543,0.00745,0.00043,0.00290,0.00777,0.00042,0.00292,0.02190
1413393953.705788135528564,0.00616,0.00021,0.00079,0.00405,0.00455,0.00184,0.01760
1413393953.755788803100586,0.00561,0.00026,0.00078,0.00428,0.00001,0.00188,0.01282
1413393953.805789470672607,0.00647,0.00022,0.00049,0.00425,0.00015,0.00229,0.01389
1413393953.855790376663208,0.00562,0.00021,0.00033,0.00405,0.00309,0.00190,0.01520
1413393953.905790805816650,0.00543,0.00031,0.00092,0.00481,0.00000,0.00163,0.01310
1413393953.955791473388672,0.00522,0.00038,0.00004,0.00441,0.00267,0.00233,0.01506
1413393954.005791902542114,0.00545,0.00037,0.00002,0.00485,0.00250,0.00192,0.01512
1413393954.055792093276978,0.00657,0.00036,0.00111,0.00805,0.00033,0.00244,0.01887
1413393954.105792045593262,0.00687,0.00042,0.00754,0.00834,0.00772,0.00224,0.03315
1413393954.155792236328125,0.00607,0.00021,0.00188,0.00596,0.00000,0.00169,0.01582
1413393954.205792427062988,0.00592,0.00030,0.00529,0.00572,0.00241,0.00174,0.02138
1413393954.255792379379272,0.00711,0.00036,0.00350,0.00655,0.00000,0.00244,0.01997
1413393954.305792570114136,0.00563,0.00024,0.00405,0.00595,0.00016,0.00151,0.01754
1413393954.355792522430420,0.00640,0.00044,0.00497,0.00605,0.00000,0.00244,0.02031
1413393954.405792236328125,0.00850,0.00048,0.00056,0.00977,0.00001,0.00344,0.02275
1413393954.455791950225830,0.00596,0.00022,0.00070,0.00519,0.00021,0.00207,0.01435
1413393954.505791902542114,0.00647,0.00049,0.00093,0.00451,0.00000,0.00194,0.01434
1413393954.555791616439819,0.00723,0.00043,0.00256,0.00718,0.00057,0.00332,0.02129
1413393954.605791330337524,0.00612,0.00034,0.00074,0.00405,0.00379,0.00189,0.01692
1413393954.655791521072388,0.00711,0.00028,0.00004,0.00462,0.00021,0.00174,0.01401
1413393954.705791711807251,0.00651,0.00018,0.00126,0.00449,0.00000,0.00201,0.01446
1413393954.755791902542114,0.00634,0.00039,0.00154,0.00390,0.00346,0.00176,0.01738
1413393954.805792331695557,0.00626,0.00030,0.00418,0.00439,0.00172,0.00180,0.01865
1413393954.855792522430420,0.00787,0.00031,0.00239,0.00420,0.00227,0.00243,0.01947
1413393954.905792474746704,0.00617,0.00030,0.00181,0.00478,0.00169,0.00209,0.01683
1413393954.955792188644409,0.00604,0.00029,0.00463,0.00448,0.00189,0.00178,0.01910
1413393955.005792140960693,0.00864,0.00048,0.00576,0.00767,0.00028,0.00325,0.02608
1413393955.055792093276978,0.00740,0.00037,0.00323,0.00339,0.00280,0.00177,0.01896
1413393955.105792284011841,0.00704,0.00022,0.00123,0.00328,0.00249,0.00206,0.01632
1413393955.155792236328125,0.00722,0.00046,0.00100,0.00620,0.00058,0.00316,0.01861
1413393955.205792427062988,0.00679,0.00031,0.00156,0.00342,0.00333,0.00181,0.01722
1413393955.255792379379272,0.00622,0.00030,0.00158,0.00359,0.00591,0.00177,0.01936
1413393955.305792331695557,0.00671,0.00025,0.00069,0.00427,0.00001,0.00239,0.01431
1413393955.355792284011841,0.00407,0.00036,0.00264,0.00315,0.00024,0.00206,0.01252
1413393955.405792236328125,0.00616,0.00025,0.00109,0.00287,0.00308,0.00196,0.01541
1413393955.455792188644409,0.00717,0.00042,0.00253,0.00460,0.00083,0.00267,0.01823
1413393955.505792140960693,0.00781,0.00027,0.00189,0.00170,0.00003,0.00171,0.01341
1413393955.555791378021240,0.00811,0.00019,0.00330,0.00135,0.00398,0.00201,0.01894
1413393955.605790853500366,0.00956,0.00049,0.00268,0.00328,0.00949,0.00308,0.02859
1413393955.655791044235229,0.00823,0.00023,0.00018,0.00283,0.00000,0.00213,0.01359
1413393955.705791234970093,0.00701,0.00020,0.00027,0.00264,0.00012,0.00176,0.01201
1413393955.755791425704956,0.00799,0.00033,0.00128,0.00255,0.00031,0.00224,0.01471
1413393955.805791854858398,0.00617,0.00020,0.00063,0.00204,0.00056,0.00209,0.01169
1413393955.855792284011841,0.00514,0.00018,0.00030,0.00230,0.00231,0.00193,0.01215
1413393955.905791997909546,0.00752,0.00046,0.00112,0.00433,0.00001,0.00319,0.01663
1413393955.955791473388672,0.00638,0.00020,0.00127,0.00229,0.00051,0.00207,0.01271
1413393956.005790948867798,0.00633,0.00030,0.00060,0.00202,0.00173,0.00187,0.01284
1413393956.055788755416870,0.00764,0.00047,0.00118,0.00399,0.00800,0.00338,0.02466
1413393956.105788946151733,0.00598,0.00030,0.00267,0.00252,0.00192,0.00175,0.01515
1413393956.155789613723755,0.00574,0.00020,0.00300,0.00242,0.00001,0.00153,0.01290
1413393956.205790281295776,0.00572,0.00017,0.00008,0.00230,0.00420,0.00151,0.01398
1413393956.255790233612061,0.00567,0.00022,0.00041,0.00255,0.00000,0.00178,0.01064
1413393956.305789709091187,0.00758,0.00029,0.00185,0.00241,0.00314,0.00211,0.01738
1413393956.355789899826050,0.00902,0.00046,0.00319,0.00423,0.00646,0.00285,0.02621
1413393956.405790567398071,0.00739,0.00034,0.00197,0.00259,0.00498,0.00200,0.01927
1413393956.455790519714355,0.00716,0.00034,0.00082,0.00303,0.00215,0.00210,0.01560
1413393956.505790472030640,0.00669,0.00035,0.00137,0.00553,0.00721,0.00315,0.02429
1413393956.555790424346924,0.00680,0.00034,0.00183,0.00369,0.00544,0.00167,0.01978
1413393956.605790615081787,0.00645,0.00020,0.00033,0.00476,0.00000,0.00152,0.01327
1413393956.655790567398071,0.00736,0.00030,0.00010,0.00711,0.00000,0.00258,0.01745
1413393956.705790758132935,0.00572,0.00036,0.00028,0.00432,0.00000,0.00197,0.01265
1413393956.755790710449219,0.00639,0.00046,0.00008,0.00516,0.00606,0.00187,0.02001
1413393956.805790901184082,0.00817,0.00060,0.00031,0.00816,0.00093,0.00342,0.02158
1413393956.855791330337524,0.00619,0.00027,0.00154,0.00527,0.00177,0.00197,0.01701
1413393956.905791044235229,0.00628,0.00030,0.00080,0.00412,0.00318,0.00209,0.01677
1413393956.955790996551514,0.00914,0.00048,0.00322,0.00566,0.00990,0.00232,0.03071
1413393957.005791425704956,0.00572,0.00028,0.00058,0.00427,0.00441,0.00180,0.01706
1413393957.055791378021240,0.00590,0.00032,0.00107,0.00482,0.00360,0.00185,0.01758
1413393957.105791807174683,0.00670,0.00058,0.00641,0.00916,0.00374,0.00297,0.02956
1413393957.155791282653809,0.00478,0.00023,0.00065,0.00511,0.00000,0.00195,0.01273
1413393957.205790996551514,0.00580,0.00021,0.00080,0.00472,0.00339,0.00197,0.01690
1413393957.305790662765503,0.00647,0.00043,0.00187,0.00445,0.00000,0.00154,0.01477
1413393957.355790853500366,0.00684,0.00037,0.00069,0.00382,0.00549,0.00186,0.01908
1413393957.405790805816650,0.00787,0.00045,0.00062,0.00747,0.00022,0.00335,0.01998
1413393957.455790758132935,0.00649,0.00047,0.00054,0.00338,0.00002,0.00191,0.01281
1413393957.505790710449219,0.00562,0.00023,0.00056,0.00323,0.00023,0.00154,0.01142
1413393957.555791139602661,0.00928,0.00059,0.00118,0.00494,0.01218,0.00212,0.03029
1413393957.605791330337524,0.00578,0.00047,0.00087,0.00436,0.00302,0.00192,0.01642
1413393957.655791282653809,0.00585,0.00021,0.00007,0.00402,0.00022,0.00207,0.01244
1413393957.705791234970093,0.00742,0.00045,0.00202,0.00624,0.00193,0.00345,0.02150
1413393957.755791425704956,0.00675,0.00020,0.00073,0.00320,0.00017,0.00189,0.01295
1413393957.805791378021240,0.00708,0.00037,0.00105,0.00266,0.00473,0.00199,0.01788
1413393957.855792045593262,0.00778,0.00038,0.00227,0.00228,0.00003,0.00237,0.01511
1413393957.905792236328125,0.00677,0.00021,0.00118,0.00212,0.00427,0.00212,0.01667
1413393957.955792665481567,0.00713,0.00021,0.00015,0.00194,0.00051,0.00170,0.01165
1413393958.005792379379272,0.00437,0.00018,0.00096,0.00200,0.00458,0.00187,0.01395
1413393958.055792331695557,0.00572,0.00019,0.00071,0.00223,0.00012,0.00170,0.01067
1413393958.105791807174683,0.00612,0.00029,0.00077,0.00222,0.01036,0.00203,0.02180
1413393958.155791759490967,0.00652,0.00050,0.00051,0.00593,0.00022,0.00345,0.01714
1413393958.205790996551514,0.00708,0.00034,0.00119,0.00347,0.00015,0.00174,0.01397
1413393958.255789756774902,0.00627,0.00045,0.00069,0.00349,0.00096,0.00187,0.01373
1413393958.305788278579712,0.00789,0.00044,0.00003,0.00643,0.00346,0.00307,0.02133
1413393958.355787515640259,0.00658,0.00058,0.00437,0.00567,0.00483,0.00279,0.02481
1413393958.405786037445068,0.00673,0.00038,0.00265,0.00409,0.00456,0.00210,0.02050
1413393958.455785274505615,0.00722,0.00048,0.00113,0.00853,0.00386,0.00309,0.02430
1413393958.505784988403320,0.00580,0.00022,0.00442,0.00450,0.00025,0.00144,0.01663
1413393958.555784225463867,0.00612,0.00023,0.00355,0.00433,0.00307,0.00186,0.01917
1413393958.605783939361572,0.00666,0.00019,0.00015,0.00506,0.00137,0.00176,0.01520
1413393958.655783414840698,0.00654,0.00031,0.00185,0.00545,0.00130,0.00207,0.01751
1413393958.705783128738403,0.00626,0.00021,0.00117,0.00576,0.00000,0.00163,0.01504
1413393958.755784273147583,0.00753,0.00060,0.00816,0.00841,0.00000,0.00296,0.02766
1413393958.805785417556763,0.00528,0.00021,0.00010,0.00541,0.00000,0.00206,0.01307
1413393958.855786561965942,0.00648,0.00030,0.00026,0.00508,0.00090,0.00203,0.01505
1413393958.905786991119385,0.00579,0.00017,0.00023,0.00439,0.00003,0.00198,0.01260
1413393958.955786466598511,0.00618,0.00047,0.00207,0.00426,0.00267,0.00142,0.01708
1413393959.005785703659058,0.00664,0.00034,0.00555,0.00430,0.00225,0.00184,0.02091
1413393959.055784940719604,0.00778,0.00046,0.00096,0.00733,0.00000,0.00346,0.01999
1413393959.105784654617310,0.00623,0.00020,0.00423,0.00320,0.00102,0.00157,0.01645
1413393959.155784606933594,0.00704,0.00031,0.00194,0.00343,0.00302,0.00158,0.01732
1413393959.205784082412720,0.00768,0.00047,0.00134,0.00697,0.00106,0.00326,0.02077
1413393959.255782604217529,0.00742,0.00031,0.00034,0.00338,0.00126,0.00162,0.01433
1413393959.305781126022339,0.00626,0.00027,0.00051,0.00329,0.00044,0.00176,0.01254
1413393959.355779409408569,0.00732,0.00044,0.00087,0.00599,0.01514,0.00231,0.03207
1413393959.405778646469116,0.00667,0.00027,0.00012,0.00460,0.00000,0.00188,0.01353
1413393959.455778360366821,0.00568,0.00025,0.00032,0.00388,0.00088,0.00163,0.01264
1413393959.505778312683105,0.00549,0.00018,0.00053,0.00410,0.00000,0.00148,0.01178
1413393959.555778503417969,0.00637,0.00033,0.00088,0.00385,0.00294,0.00178,0.01616
1413393959.605778455734253,0.00644,0.00033,0.00123,0.00434,0.00554,0.00153,0.01941
1413393959.655778169631958,0.00799,0.00046,0.00054,0.00742,0.00000,0.00331,0.01973
1413393959.705777645111084,0.00623,0.00024,0.00324,0.00351,0.00418,0.00191,0.01932
1413393959.755777597427368,0.00604,0.00041,0.00015,0.00460,0.00087,0.00190,0.01397
1413393959.805778741836548,0.00790,0.00034,0.00036,0.00643,0.00913,0.00236,0.02653
1413393959.855779409408569,0.00640,0.00030,0.00023,0.00492,0.00015,0.00220,0.01420
1413393959.905780553817749,0.00647,0.00021,0.00082,0.00477,0.00077,0.00187,0.01492
1413393959.955781459808350,0.00747,0.00029,0.00114,0.00444,0.00185,0.00141,0.01661
1413393960.005781412124634,0.00693,0.00020,0.00058,0.00417,0.00000,0.00142,0.01329
1413393960.055781126022339,0.00612,0.00020,0.00030,0.00381,0.00253,0.00146,0.01442
1413393960.105781078338623,0.00579,0.00026,0.00021,0.00489,0.00025,0.00178,0.01318
1413393960.155780553817749,0.00609,0.00031,0.00009,0.00465,0.00029,0.00186,0.01328
1413393960.205780029296875,0.00602,0.00027,0.00010,0.00407,0.00485,0.00197,0.01728
1413393960.255779504776001,0.00677,0.00052,0.00030,0.00751,0.00001,0.00342,0.01852
1413393960.305778741836548,0.00592,0.00027,0.00014,0.00553,0.00127,0.00150,0.01462
1413393960.355778217315674,0.00554,0.00027,0.00443,0.00444,0.00157,0.00183,0.01808
1413393960.405777454376221,0.00690,0.00050,0.00003,0.00835,0.00009,0.00336,0.01923
1413393960.455777406692505,0.00575,0.00020,0.00012,0.00481,0.00081,0.00145,0.01314
1413393960.505777359008789,0.00552,0.00020,0.00061,0.00513,0.00141,0.00142,0.01430
1413393960.555777549743652,0.00703,0.00049,0.01332,0.00642,0.00140,0.00232,0.03098
1413393960.605778455734253,0.00591,0.00029,0.00002,0.00574,0.00000,0.00195,0.01391
1413393960.655779361724854,0.00578,0.00023,0.00040,0.00511,0.00020,0.00190,0.01362
1413393960.705780029296875,0.00755,0.00065,0.00065,0.00730,0.00000,0.00344,0.01959
1413393960.755780458450317,0.00737,0.00034,0.00059,0.00378,0.00005,0.00208,0.01420
1413393960.805780410766602,0.00614,0.00022,0.00066,0.00294,0.00015,0.00144,0.01155
1413393960.855780363082886,0.00847,0.00033,0.00139,0.00463,0.00053,0.00281,0.01816
1413393960.905780076980591,0.00635,0.00021,0.00099,0.00304,0.00097,0.00176,0.01332
1413393961.005781173706055,0.00540,0.00027,0.00125,0.00265,0.00802,0.00149,0.01908
1413393961.055782794952393,0.00894,0.00036,0.00065,0.00363,0.00055,0.00198,0.01612
1413393961.105785369873047,0.00554,0.00019,0.00035,0.00338,0.00003,0.00224,0.01173
1413393961.155788660049438,0.00595,0.00022,0.00096,0.00317,0.00106,0.00166,0.01301
1413393961.205796718597412,0.00929,0.00038,0.00165,0.00242,0.01171,0.00197,0.02743
1413393961.255800485610962,0.00686,0.00020,0.00277,0.00279,0.00015,0.00166,0.01443
1413393961.305803537368774,0.01009,0.00043,0.00413,0.00286,0.00118,0.00332,0.02202
1413393961.355806350708008,0.00984,0.00021,0.00174,0.00157,0.00344,0.00145,0.01825
1413393961.405804634094238,0.00856,0.00031,0.00110,0.00184,0.00013,0.00199,0.01392
1413393961.455804109573364,0.00751,0.00057,0.00142,0.00291,0.00452,0.00293,0.01986
1413393961.505801439285278,0.00762,0.00031,0.00027,0.00207,0.00030,0.00204,0.01261
1413393961.555797815322876,0.00642,0.00028,0.00045,0.00240,0.00057,0.00230,0.01242
1413393961.605793952941895,0.00604,0.00017,0.00044,0.00254,0.00132,0.00179,0.01230
1413393961.655791759490967,0.00603,0.00022,0.00038,0.00241,0.00001,0.00205,0.01111
1413393961.705791711807251,0.00853,0.00028,0.00047,0.00232,0.00032,0.00201,0.01393
1413393961.755793094635010,0.00612,0.00016,0.00063,0.00211,0.00099,0.00183,0.01185
1413393961.805793285369873,0.00764,0.00018,0.00071,0.00239,0.00042,0.00203,0.01338
1413393961.855793952941895,0.00620,0.00019,0.00030,0.00275,0.00083,0.00191,0.01218
1413393961.905793428421021,0.00902,0.00017,0.00013,0.00292,0.00291,0.00192,0.01706
1413393961.955792188644409,0.00674,0.00029,0.00048,0.00309,0.01090,0.00178,0.02328
1413393962.005792140960693,0.00658,0.00019,0.00056,0.00422,0.00165,0.00161,0.01482
1413393962.055792570114136,0.00643,0.00029,0.00302,0.00434,0.00348,0.00164,0.01920
1413393962.105792999267578,0.00704,0.00032,0.00143,0.00758,0.00202,0.00274,0.02113
1413393962.155792713165283,0.00875,0.00036,0.00056,0.00397,0.00115,0.00160,0.01639
1413393962.205792427062988,0.00759,0.00030,0.00097,0.00312,0.00171,0.00177,0.01548
1413393962.255791902542114,0.00705,0.00028,0.00410,0.00288,0.00746,0.00176,0.02354
1413393962.305791139602661,0.00724,0.00035,0.00133,0.00319,0.00073,0.00180,0.01465
1413393962.355792284011841,0.00532,0.00017,0.00220,0.00281,0.00144,0.00173,0.01368
1413393962.405793905258179,0.00627,0.00019,0.00049,0.00279,0.00022,0.00185,0.01182
1413393962.455795049667358,0.00591,0.00021,0.00165,0.00238,0.00166,0.00212,0.01393
1413393962.505795240402222,0.00809,0.00035,0.00195,0.00402,0.00036,0.00282,0.01761
1413393962.555794954299927,0.00589,0.00019,0.00056,0.00224,0.00031,0.00216,0.01135
1413393962.605794668197632,0.00671,0.00019,0.00120,0.00207,0.00001,0.00210,0.01228
1413393962.655793666839600,0.00725,0.00016,0.00051,0.00183,0.00066,0.00204,0.01244
1413393962.705792903900146,0.00710,0.00019,0.00082,0.00164,0.00887,0.00218,0.02080
1413393962.755792379379272,0.00690,0.00021,0.00170,0.00235,0.00000,0.00215,0.01331
1413393962.805792570114136,0.01082,0.00032,0.00496,0.00181,0.00001,0.00344,0.02136
1413393962.855793476104736,0.00703,0.00018,0.00179,0.00088,0.00276,0.00197,0.01461
1413393962.905793905258179,0.00674,0.00018,0.00046,0.00063,0.00117,0.00135,0.01054
1413393962.955793380737305,0.00823,0.00031,0.00041,0.00107,0.00310,0.00302,0.01613
1413393963.005793333053589,0.00676,0.00018,0.00036,0.00050,0.00471,0.00207,0.01459
1413393963.055792808532715,0.00645,0.00023,0.00038,0.00066,0.00201,0.00216,0.01190
1413393963.105792999267578,0.00847,0.00043,0.00037,0.00131,0.00001,0.00333,0.01392
1413393963.155792951583862,0.00678,0.00024,0.00065,0.00040,0.00000,0.00241,0.01048
1413393963.205792903900146,0.00699,0.00017,0.00030,0.00032,0.00036,0.00195,0.01009
1413393963.255793333053589,0.00813,0.00029,0.00096,0.00022,0.00601,0.00265,0.01827
1413393963.305794000625610,0.00693,0.00018,0.00068,0.00070,0.00236,0.00191,0.01276
1413393963.355794429779053,0.00672,0.00026,0.00216,0.00070,0.00891,0.00181,0.02056
1413393963.405794382095337,0.00874,0.00048,0.00389,0.00291,0.00073,0.00306,0.01983
1413393963.455794572830200,0.00699,0.00019,0.00196,0.00140,0.00064,0.00181,0.01299
1413393963.505794286727905,0.00640,0.00018,0.00126,0.00185,0.00098,0.00177,0.01244
1413393963.555794239044189,0.00624,0.00017,0.00034,0.00143,0.00278,0.00161,0.01258
1413393963.605794191360474,0.00576,0.00032,0.00096,0.00171,0.00001,0.00218,0.01094
1413393963.655793905258179,0.00649,0.00018,0.00081,0.00142,0.00296,0.00189,0.01377
1413393963.705793380737305,0.00676,0.00017,0.00106,0.00199,0.00086,0.00169,0.01253
1413393963.755792856216431,0.00675,0.00029,0.00108,0.00216,0.00263,0.00186,0.01477
1413393963.805792808532715,0.00614,0.00029,0.00075,0.00248,0.00276,0.00188,0.01429
1413393963.855793237686157,0.00866,0.00050,0.00199,0.00373,0.00206,0.00341,0.02035
1413393963.905793666839600,0.00727,0.00027,0.00283,0.00253,0.00215,0.00186,0.01691
1413393963.955794095993042,0.00718,0.00019,0.00089,0.00255,0.00191,0.00192,0.01464
1413393964.005794525146484,0.00761,0.00037,0.00220,0.00248,0.00640,0.00230,0.02137
1413393964.055794715881348,0.00791,0.00030,0.00249,0.00282,0.00080,0.00211,0.01643
1413393964.105794668197632,0.00585,0.00040,0.00122,0.00298,0.00491,0.00198,0.01734
1413393964.155794382095337,0.01049,0.00058,0.00081,0.00418,0.00161,0.00323,0.02090
1413393964.205794334411621,0.00633,0.00026,0.00282,0.00259,0.00474,0.00195,0.01869
1413393964.255794048309326,0.00641,0.00020,0.00102,0.00289,0.00101,0.00164,0.01317
1413393964.305794000625610,0.01024,0.00038,0.00148,0.00459,0.00203,0.00338,0.02208
1413393964.355794191360474,0.00640,0.00019,0.00148,0.00172,0.00314,0.00210,0.01503
1413393964.405794382095337,0.00806,0.00020,0.00065,0.00183,0.00267,0.00185,0.01526
1413393964.455794334411621,0.00646,0.00015,0.00197,0.00186,0.00293,0.00176,0.01513
1413393964.505794286727905,0.00793,0.00021,0.00221,0.00208,0.00096,0.00191,0.01530
1413393964.555794239044189,0.00607,0.00027,0.00080,0.00263,0.00200,0.00287,0.01465
1413393964.605794429779053,0.00830,0.00024,0.00241,0.00276,0.00365,0.00252,0.01988
1413393964.655794382095337,0.00647,0.00021,0.00195,0.00173,0.00021,0.00210,0.01266
1413393964.705794334411621,0.00726,0.00018,0.00018,0.00173,0.01050,0.00162,0.02146
1413393964.755794286727905,0.00911,0.00045,0.00102,0.00468,0.00021,0.00384,0.01932
1413393964.805794477462769,0.00684,0.00030,0.00145,0.00245,0.00094,0.00170,0.01369
1413393964.855794906616211,0.00653,0.00029,0.00108,0.00262,0.00932,0.00179,0.02162
1413393964.905795097351074,0.00740,0.00050,0.00112,0.00348,0.00000,0.00239,0.01490
1413393964.955795526504517,0.00684,0.00023,0.00449,0.00271,0.00474,0.00205,0.02107
1413393965.005795478820801,0.00664,0.00039,0.00134,0.00268,0.00033,0.00171,0.01308
1413393965.055795431137085,0.00777,0.00039,0.00163,0.00398,0.00943,0.00310,0.02630
1413393965.105795383453369,0.00616,0.00020,0.00115,0.00245,0.00013,0.00180,0.01190
1413393965.155795097351074,0.00912,0.00020,0.00217,0.00206,0.00537,0.00184,0.02077
1413393965.205795049667358,0.00690,0.00029,0.00071,0.00265,0.00014,0.00176,0.01244
1413393965.255795001983643,0.00677,0.00022,0.00153,0.00231,0.00494,0.00191,0.01768
1413393965.305795192718506,0.00596,0.00035,0.00117,0.00254,0.00564,0.00183,0.01749
1413393965.355795621871948,0.01062,0.00036,0.00186,0.00509,0.00001,0.00346,0.02141
1413393965.405795812606812,0.00967,0.00020,0.00102,0.00315,0.00013,0.00191,0.01608
1413393965.455796003341675,0.00814,0.00020,0.00268,0.00218,0.00000,0.00175,0.01495
1413393965.505796432495117,0.00775,0.00024,0.00306,0.00170,0.01805,0.00196,0.03277
1413393965.555796146392822,0.00736,0.00022,0.00150,0.00343,0.00192,0.00224,0.01667
1413393965.655796289443970,0.00823,0.00058,0.00501,0.00398,0.00001,0.00231,0.02013
1413393965.705796718597412,0.00685,0.00035,0.00259,0.00240,0.00047,0.00208,0.01474
1413393965.755797624588013,0.00716,0.00034,0.00088,0.00230,0.00413,0.00184,0.01665
1413393965.805798053741455,0.00603,0.00047,0.00040,0.00448,0.00036,0.00249,0.01424
1413393965.855797767639160,0.00734,0.00019,0.00218,0.00220,0.00033,0.00183,0.01407
1413393965.905798435211182,0.00520,0.00017,0.00088,0.00238,0.00021,0.00181,0.01064
1413393965.955798625946045,0.00674,0.00028,0.00050,0.00416,0.00085,0.00257,0.01510
1413393966.005798101425171,0.00596,0.00020,0.00029,0.00235,0.01058,0.00228,0.02166
1413393966.055798292160034,0.00731,0.00029,0.00061,0.00343,0.00185,0.00234,0.01584
1413393966.105798721313477,0.00687,0.00040,0.00069,0.00631,0.00000,0.00312,0.01739
1413393966.155798912048340,0.00567,0.00035,0.00060,0.00335,0.00253,0.00183,0.01434
1413393966.205798625946045,0.00512,0.00022,0.00028,0.00329,0.00021,0.00182,0.01095
1413393966.255799055099487,0.00593,0.00020,0.00178,0.00307,0.00640,0.00171,0.01908
1413393966.305799007415771,0.00661,0.00031,0.00266,0.00394,0.00263,0.00167,0.01781
1413393966.355798959732056,0.00629,0.00035,0.00046,0.00454,0.00060,0.00146,0.01370
1413393966.405798196792603,0.00667,0.00034,0.00067,0.00644,0.00061,0.00237,0.01711
1413393966.455798149108887,0.00745,0.00020,0.00241,0.00356,0.00702,0.00154,0.02217
1413393966.505797624588013,0.00620,0.00029,0.00426,0.00427,0.00018,0.00182,0.01701
1413393966.555797338485718,0.00685,0.00036,0.00195,0.00745,0.00001,0.00237,0.01899
1413393966.605797767639160,0.00691,0.00024,0.00041,0.00348,0.00384,0.00196,0.01683
1413393966.655797481536865,0.00599,0.00029,0.00183,0.00362,0.00130,0.00149,0.01453
1413393966.705797433853149,0.00704,0.00036,0.00289,0.00509,0.00001,0.00275,0.01815
1413393966.755797147750854,0.00665,0.00035,0.00069,0.00288,0.00066,0.00200,0.01323
1413393966.805796623229980,0.00676,0.00019,0.00128,0.00239,0.00015,0.00191,0.01269
1413393966.855796337127686,0.00665,0.00033,0.00091,0.00238,0.00106,0.00254,0.01388
1413393966.905795097351074,0.00648,0.00027,0.00085,0.00309,0.00084,0.00168,0.01322
1413393966.955794572830200,0.00710,0.00028,0.00069,0.00248,0.00012,0.00177,0.01244
1413393967.005793571472168,0.00633,0.00017,0.00068,0.00234,0.00957,0.00176,0.02085
1413393967.055793523788452,0.00594,0.00026,0.00166,0.00303,0.00001,0.00176,0.01266
1413393967.105793237686157,0.00673,0.00037,0.00271,0.00259,0.00223,0.00176,0.01639
1413393967.155792236328125,0.00848,0.00041,0.00287,0.00457,0.01402,0.00224,0.03261
1413393967.205791473388672,0.00719,0.00029,0.00096,0.00334,0.00065,0.00188,0.01430
1413393967.255790948867798,0.00684,0.00029,0.00272,0.00305,0.00269,0.00187,0.01747
1413393967.305790424346924,0.00630,0.00034,0.00026,0.00342,0.00110,0.00156,0.01299
1413393967.355790376663208,0.00654,0.00023,0.00075,0.00331,0.00380,0.00210,0.01673
1413393967.405790328979492,0.00640,0.00020,0.00092,0.00390,0.00076,0.00174,0.01391
1413393967.455790281295776,0.00678,0.00037,0.00165,0.00579,0.00297,0.00241,0.01998
1413393967.505790233612061,0.00756,0.00019,0.00167,0.00385,0.00129,0.00210,0.01666
1413393967.555790424346924,0.00670,0.00020,0.00126,0.00372,0.00383,0.00173,0.01745
1413393967.605790615081787,0.00684,0.00062,0.00130,0.00678,0.00311,0.00298,0.02163
1413393967.655790567398071,0.00639,0.00036,0.00156,0.00478,0.00189,0.00157,0.01654
1413393967.705790519714355,0.00676,0.00032,0.00214,0.00420,0.00439,0.00229,0.02011
1413393967.755790233612061,0.00681,0.00039,0.00044,0.00846,0.00497,0.00243,0.02350
1413393967.805789709091187,0.00478,0.00020,0.00129,0.00472,0.00315,0.00153,0.01569
1413393967.855788707733154,0.00565,0.00022,0.00344,0.00521,0.00017,0.00150,0.01619
1413393967.905787229537964,0.00761,0.00033,0.00104,0.00462,0.00092,0.00245,0.01697
1413393967.955785989761353,0.00612,0.00022,0.00164,0.00379,0.00168,0.00207,0.01553
1413393968.005785465240479,0.00525,0.00025,0.00090,0.00386,0.00020,0.00197,0.01243
1413393968.055785894393921,0.00476,0.00030,0.00100,0.00351,0.00393,0.00271,0.01621
1413393968.105787038803101,0.00306,0.00020,0.00053,0.00375,0.00289,0.00212,0.01256
1413393968.155787944793701,0.00539,0.00020,0.00013,0.00444,0.00138,0.00183,0.01336
1413393968.205788612365723,0.00685,0.00036,0.00013,0.00506,0.00302,0.00252,0.01794
1413393968.255789041519165,0.00614,0.00028,0.00301,0.00527,0.00187,0.00176,0.01834
1413393968.305788755416870,0.00573,0.00032,0.00491,0.00522,0.00000,0.00173,0.01791
1413393968.355789184570312,0.00802,0.00034,0.00494,0.00531,0.00122,0.00173,0.02157
1413393968.405789375305176,0.00659,0.00040,0.00197,0.00528,0.00015,0.00195,0.01634
1413393968.455789327621460,0.00657,0.00039,0.00416,0.00522,0.00080,0.00222,0.01936
1413393968.505789041519165,0.00554,0.00042,0.00133,0.00520,0.00000,0.00238,0.01487
1413393968.555788993835449,0.00670,0.00043,0.00683,0.00512,0.00016,0.00208,0.02132
1413393968.605789899826050,0.00564,0.00036,0.00120,0.00505,0.00001,0.00254,0.01480
1413393968.655790567398071,0.00636,0.00034,0.00078,0.00533,0.00061,0.00177,0.01520
1413393968.705791473388672,0.00621,0.00037,0.00011,0.00511,0.00076,0.00169,0.01425
1413393968.755791902542114,0.00598,0.00036,0.00061,0.00543,0.00015,0.00179,0.01433
1413393968.805791378021240,0.00673,0.00048,0.00003,0.00843,0.00017,0.00352,0.01936
1413393968.855790376663208,0.00620,0.00047,0.00211,0.00503,0.00120,0.00217,0.01719
1413393968.905790090560913,0.00560,0.00037,0.01205,0.00490,0.00133,0.00189,0.02613
1413393968.955789566040039,0.00554,0.00033,0.00445,0.00544,0.00128,0.00193,0.01898
1413393969.005789279937744,0.00608,0.00021,0.00330,0.00571,0.00000,0.00204,0.01733
1413393969.055788993835449,0.00584,0.00036,0.00426,0.00496,0.00000,0.00186,0.01729
1413393969.105789184570312,0.00639,0.00053,0.00385,0.00982,0.00000,0.00315,0.02375
1413393969.155788660049438,0.00559,0.00036,0.00269,0.00412,0.00241,0.00189,0.01706
1413393969.205787897109985,0.00567,0.00049,0.00026,0.00435,0.00175,0.00170,0.01422
1413393969.255787134170532,0.00674,0.00036,0.00031,0.00887,0.00031,0.00312,0.01971
1413393969.305786609649658,0.00505,0.00045,0.00117,0.00484,0.00026,0.00170,0.01347
1413393969.355786561965942,0.00435,0.00020,0.00020,0.00421,0.00059,0.00200,0.01156
1413393969.405786991119385,0.00636,0.00048,0.00069,0.00704,0.00000,0.00328,0.01785
1413393969.455787181854248,0.00587,0.00019,0.00037,0.00384,0.00110,0.00182,0.01319
1413393969.505787134170532,0.00449,0.00025,0.00339,0.00349,0.00657,0.00192,0.02013
1413393969.555787086486816,0.00799,0.00025,0.00507,0.00465,0.00151,0.00229,0.02177
1413393969.605787277221680,0.00586,0.00023,0.00148,0.00468,0.00132,0.00188,0.01544
1413393969.655787467956543,0.00597,0.00037,0.00447,0.00448,0.00079,0.00146,0.01755
1413393969.705787181854248,0.00537,0.00037,0.00101,0.00426,0.00266,0.00201,0.01567
1413393969.755787372589111,0.00538,0.00021,0.00114,0.00452,0.00204,0.00187,0.01517
1413393969.805787086486816,0.00516,0.00039,0.00465,0.00546,0.00016,0.00173,0.01756
1413393969.855787277221680,0.00597,0.00036,0.00002,0.00894,0.00000,0.00332,0.01862
1413393969.905786991119385,0.00514,0.00039,0.00002,0.00539,0.00000,0.00190,0.01284
1413393969.955787420272827,0.00559,0.00033,0.00332,0.00498,0.00073,0.00171,0.01667
1413393970.005787134170532,0.00587,0.00042,0.00033,0.00553,0.00001,0.00232,0.01448
1413393970.055787324905396,0.00558,0.00022,0.00020,0.00507,0.00021,0.00180,0.01308
1413393970.105787277221680,0.00554,0.00037,0.00931,0.00421,0.00446,0.00161,0.02551
1413393970.155786991119385,0.00610,0.00043,0.00806,0.00800,0.00226,0.00304,0.02789
1413393970.205786705017090,0.00658,0.00036,0.00021,0.00503,0.00033,0.00212,0.01461
1413393970.255786418914795,0.00648,0.00020,0.00404,0.00454,0.00088,0.00181,0.01795
1413393970.305785894393921,0.00626,0.00047,0.00041,0.00515,0.00123,0.00258,0.01611
1413393970.355785846710205,0.00613,0.00049,0.00026,0.00515,0.00015,0.00206,0.01424
1413393970.405785799026489,0.00605,0.00047,0.00344,0.00486,0.00348,0.00195,0.02026
1413393970.455785989761353,0.00619,0.00044,0.00002,0.00590,0.00000,0.00188,0.01443
1413393970.505786180496216,0.00609,0.00033,0.00027,0.00533,0.00015,0.00204,0.01421
1413393970.555786848068237,0.00623,0.00034,0.00333,0.00461,0.00087,0.00226,0.01764
1413393970.605787277221680,0.00579,0.00044,0.00076,0.00456,0.00074,0.00249,0.01478
1413393970.655787229537964,0.00633,0.00031,0.00142,0.00458,0.00137,0.00183,0.01583
1413393970.705787658691406,0.00552,0.00023,0.00781,0.00441,0.00040,0.00216,0.02053
1413393970.755787372589111,0.00536,0.00021,0.01299,0.00481,0.00145,0.00179,0.02663
1413393970.805786609649658,0.00713,0.00022,0.00019,0.00535,0.00001,0.00209,0.01499
1413393970.855785608291626,0.00639,0.00024,0.00269,0.00538,0.00180,0.00217,0.01867
1413393970.905784606933594,0.00713,0.00060,0.00011,0.01015,0.00000,0.00345,0.02146
1413393970.955784320831299,0.00597,0.00024,0.00010,0.00523,0.00000,0.00176,0.01330
1413393971.005785703659058,0.00590,0.00042,0.00397,0.00474,0.00019,0.00198,0.01721
1413393971.055787563323975,0.00639,0.00027,0.00057,0.00461,0.00028,0.00260,0.01473
1413393971.105790138244629,0.00642,0.00048,0.00019,0.00460,0.00001,0.00190,0.01360
1413393971.155793905258179,0.00612,0.00036,0.00073,0.00361,0.00158,0.00213,0.01454
1413393971.205796718597412,0.00695,0.00026,0.00248,0.00448,0.00000,0.00197,0.01615
1413393971.255797624588013,0.00668,0.00039,0.00131,0.00374,0.00014,0.00163,0.01390
1413393971.305799245834351,0.00589,0.00020,0.00357,0.00309,0.00384,0.00162,0.01821
1413393971.355799674987793,0.00741,0.00039,0.01400,0.00459,0.00608,0.00204,0.03451
1413393971.405798912048340,0.00603,0.00025,0.00090,0.00441,0.00039,0.00168,0.01366
1413393971.455798625946045,0.00583,0.00023,0.00047,0.00468,0.00224,0.00205,0.01551
1413393971.505798816680908,0.00614,0.00028,0.00074,0.00492,0.00000,0.00237,0.01445
1413393971.555799484252930,0.00652,0.00050,0.00182,0.00430,0.00000,0.00202,0.01516
1413393971.605799913406372,0.00798,0.00029,0.00050,0.00408,0.00223,0.00180,0.01688
1413393971.655799388885498,0.00735,0.00051,0.00431,0.00569,0.00124,0.00326,0.02236
1413393971.705798625946045,0.00856,0.00034,0.00197,0.00355,0.00059,0.00151,0.01652
1413393971.755797386169434,0.00612,0.00038,0.00056,0.00333,0.00584,0.00142,0.01765
1413393971.805796384811401,0.00703,0.00135,0.00117,0.00622,0.00022,0.00406,0.02005
1413393971.855795145034790,0.00622,0.00021,0.00116,0.00354,0.00068,0.00212,0.01395
1413393971.905793905258179,0.00774,0.00021,0.00018,0.00405,0.00413,0.00212,0.01844
1413393971.955791711807251,0.00795,0.00063,0.00615,0.00647,0.00388,0.00271,0.02778
1413393972.005790710449219,0.00639,0.00031,0.00008,0.00528,0.00000,0.00211,0.01418
1413393972.055790424346924,0.00638,0.00032,0.00167,0.00458,0.00381,0.00213,0.01889
1413393972.105791091918945,0.00646,0.00040,0.00008,0.00911,0.00000,0.00259,0.01863
1413393972.155792474746704,0.00621,0.00035,0.00595,0.00516,0.00265,0.00226,0.02258
1413393972.205793380737305,0.00591,0.00025,0.00130,0.00527,0.00015,0.00166,0.01453
1413393972.255793571472168,0.00969,0.00055,0.00893,0.00688,0.00180,0.00240,0.03025
1413393972.305792808532715,0.00675,0.00024,0.00115,0.00557,0.00125,0.00214,0.01711
1413393972.355792284011841,0.00653,0.00022,0.00093,0.00469,0.00000,0.00188,0.01425
1413393972.405791997909546,0.00703,0.00046,0.00066,0.00945,0.00027,0.00339,0.02126
1413393972.455791950225830,0.00618,0.00022,0.00761,0.00451,0.00251,0.00178,0.02281
1413393972.505792379379272,0.00609,0.00021,0.00018,0.00539,0.00023,0.00196,0.01406
1413393972.555792331695557,0.00658,0.00027,0.00438,0.00519,0.00307,0.00272,0.02221
1413393972.605792760848999,0.00631,0.00037,0.00104,0.00562,0.00000,0.00167,0.01502
1413393972.655792713165283,0.00846,0.00039,0.00015,0.00530,0.00128,0.00197,0.01755
1413393972.705792665481567,0.00796,0.00060,0.00132,0.00875,0.00002,0.00340,0.02205
1413393972.755793094635010,0.00640,0.00021,0.00246,0.00508,0.00213,0.00184,0.01813
1413393972.805794715881348,0.00601,0.00020,0.00572,0.00543,0.00237,0.00197,0.02171
1413393972.855795383453369,0.00698,0.00049,0.00690,0.00840,0.00137,0.00274,0.02688
1413393972.905795812606812,0.00639,0.00025,0.00064,0.00590,0.00000,0.00216,0.01533
1413393972.955795526504517,0.00486,0.00022,0.00022,0.00555,0.00015,0.00226,0.01327
1413393973.005795955657959,0.00594,0.00020,0.00011,0.00574,0.00015,0.00199,0.01413
1413393973.055796146392822,0.00598,0.00021,0.00428,0.00577,0.00003,0.00153,0.01781
1413393973.105796575546265,0.00602,0.00049,0.00003,0.00652,0.00005,0.00208,0.01519
1413393973.155797004699707,0.00618,0.00036,0.00294,0.00593,0.00242,0.00245,0.02028
1413393973.205796957015991,0.00610,0.00031,0.01083,0.00581,0.00000,0.00183,0.02488
1413393973.255796909332275,0.00586,0.00032,0.00008,0.00591,0.00000,0.00171,0.01388
1413393973.305796861648560,0.00704,0.00046,0.00006,0.00986,0.00196,0.00332,0.02271
1413393973.355797290802002,0.00564,0.00023,0.00357,0.00565,0.00004,0.00179,0.01692
1413393973.405797481536865,0.00572,0.00025,0.00530,0.00563,0.00237,0.00192,0.02119
1413393973.455797433853149,0.00654,0.00051,0.00373,0.00619,0.00126,0.00228,0.02052
1413393973.505797624588013,0.00843,0.00024,0.00062,0.00640,0.00000,0.00222,0.01791
1413393973.555798292160034,0.00694,0.00022,0.00091,0.00564,0.00000,0.00228,0.01600
1413393973.605798959732056,0.00763,0.00030,0.00050,0.00509,0.00002,0.00256,0.01609
1413393973.655799627304077,0.00705,0.00032,0.00218,0.00423,0.00337,0.00185,0.01900
1413393973.705799818038940,0.00661,0.00020,0.00051,0.00476,0.00030,0.00183,0.01422
1413393973.755799770355225,0.00680,0.00037,0.00108,0.00695,0.00043,0.00255,0.01818
1413393973.805799484252930,0.00634,0.00026,0.00356,0.00403,0.00548,0.00183,0.02150
1413393973.855798959732056,0.00675,0.00050,0.00176,0.00399,0.00015,0.00166,0.01482
1413393973.905798435211182,0.01038,0.00063,0.00031,0.00630,0.00000,0.00358,0.02120
1413393973.955797672271729,0.00686,0.00025,0.00040,0.00347,0.00522,0.00187,0.01807
1413393974.005797147750854,0.00672,0.00020,0.00465,0.00300,0.00226,0.00145,0.01828
1413393974.055796384811401,0.00675,0.00036,0.01095,0.00372,0.00389,0.00260,0.02826
1413393974.105796813964844,0.00609,0.00041,0.00075,0.00223,0.00013,0.00194,0.01156
1413393974.155797481536865,0.00618,0.00018,0.00025,0.00132,0.00013,0.00182,0.00988
1413393974.205798625946045,0.00606,0.00016,0.00185,0.00059,0.00002,0.00185,0.01053
1413393974.255800008773804,0.00635,0.00027,0.00072,0.00053,0.00081,0.00171,0.01039
1413393974.305801868438721,0.00623,0.00031,0.00099,0.00057,0.00001,0.00205,0.01017
1413393974.355805158615112,0.00744,0.00022,0.00112,0.00052,0.00000,0.00179,0.01109
1413393974.405806779861450,0.00602,0.00018,0.00110,0.00048,0.00111,0.00205,0.01094
1413393974.455810308456421,0.00698,0.00033,0.00211,0.00091,0.01165,0.00259,0.02457
1413393974.505811214447021,0.00658,0.00024,0.00243,0.00188,0.00000,0.00260,0.01374
1413393974.555812120437622,0.00815,0.00018,0.00144,0.00086,0.00011,0.00167,0.01240
1413393974.605813741683960,0.01061,0.00021,0.00084,0.00087,0.00306,0.00217,0.01776
1413393974.655813932418823,0.00761,0.00027,0.00140,0.00184,0.00477,0.00261,0.01850
1413393974.705815792083740,0.00765,0.00020,0.00213,0.00141,0.00689,0.00203,0.02031
1413393974.755815982818604,0.00552,0.00023,0.00211,0.00161,0.00020,0.00179,0.01147
1413393974.805816173553467,0.00600,0.00016,0.00097,0.00149,0.00279,0.00178,0.01319
1413393974.855816602706909,0.00743,0.00030,0.00170,0.00143,0.00139,0.00177,0.01403
1413393974.905816316604614,0.00800,0.00021,0.00044,0.00145,0.00021,0.00196,0.01227
1413393974.955816030502319,0.00636,0.00024,0.00069,0.00103,0.00000,0.00222,0.01053
1413393975.005815505981445,0.00734,0.00024,0.00079,0.00088,0.00022,0.00226,0.01174
1413393975.055814981460571,0.00766,0.00018,0.00099,0.00064,0.00258,0.00182,0.01389
1413393975.105815410614014,0.00670,0.00029,0.00265,0.00124,0.00000,0.00342,0.01430
1413393975.155816078186035,0.00578,0.00024,0.00059,0.00077,0.00270,0.00181,0.01189
1413393975.205816268920898,0.00643,0.00035,0.00479,0.00181,0.00331,0.00289,0.01958
1413393975.255817413330078,0.00698,0.00024,0.00144,0.00184,0.01046,0.00249,0.02346
1413393975.305817604064941,0.00644,0.00018,0.00055,0.00222,0.00249,0.00214,0.01401
1413393975.355817794799805,0.00667,0.00029,0.00201,0.00241,0.00499,0.00158,0.01793
1413393975.405817985534668,0.00736,0.00039,0.00165,0.00462,0.00751,0.00356,0.02510
1413393975.455817699432373,0.00679,0.00024,0.00044,0.00319,0.00508,0.00183,0.01757
1413393975.505817651748657,0.00651,0.00028,0.00076,0.00404,0.00195,0.00155,0.01509
1413393975.555817604064941,0.00737,0.00046,0.00848,0.00514,0.00763,0.00230,0.03139
1413393975.605818033218384,0.00639,0.00037,0.00504,0.00389,0.00174,0.00200,0.01941
1413393975.655817985534668,0.00618,0.00021,0.00106,0.00366,0.00001,0.00158,0.01269
1413393975.705817699432373,0.00825,0.00061,0.00182,0.00546,0.00000,0.00345,0.01959
1413393975.755817413330078,0.00544,0.00022,0.00080,0.00276,0.00014,0.00219,0.01156
1413393975.805817127227783,0.00494,0.00020,0.00025,0.00268,0.00588,0.00164,0.01560
1413393975.855817079544067,0.00698,0.00037,0.00085,0.00544,0.00002,0.00323,0.01689
1413393975.905817031860352,0.00560,0.00024,0.00115,0.00294,0.00105,0.00172,0.01270
1413393975.955816745758057,0.00524,0.00025,0.00045,0.00299,0.00023,0.00188,0.01104
1413393976.005816459655762,0.00622,0.00030,0.00281,0.00492,0.00065,0.00286,0.01776
1413393976.055816411972046,0.00602,0.00029,0.00011,0.00296,0.00133,0.00176,0.01247
1413393976.105816364288330,0.00666,0.00019,0.00008,0.00289,0.00291,0.00241,0.01514
1413393976.155816316604614,0.00723,0.00033,0.00049,0.00273,0.00533,0.00181,0.01793
1413393976.205816030502319,0.00582,0.00023,0.00060,0.00336,0.00464,0.00188,0.01654
1413393976.255815744400024,0.00633,0.00021,0.00144,0.00374,0.00713,0.00177,0.02063
1413393976.305815458297729,0.00839,0.00031,0.00129,0.00715,0.00000,0.00258,0.01972
1413393976.355815410614014,0.00636,0.00028,0.00034,0.00460,0.00187,0.00205,0.01550
1413393976.405815124511719,0.00548,0.00023,0.00335,0.00419,0.00328,0.00235,0.01888
1413393976.455815315246582,0.00736,0.00043,0.00081,0.00814,0.00301,0.00285,0.02260
1413393976.505815267562866,0.00537,0.00028,0.00029,0.00444,0.00245,0.00195,0.01478
1413393976.555815458297729,0.00571,0.00033,0.00079,0.00586,0.00161,0.00181,0.01611
1413393976.605815649032593,0.00607,0.00039,0.00017,0.00526,0.00001,0.00225,0.01416
1413393976.655815839767456,0.00712,0.00040,0.00019,0.00445,0.00118,0.00212,0.01545
1413393976.705815792083740,0.00595,0.00029,0.00114,0.00464,0.00274,0.00186,0.01664
1413393976.755815982818604,0.00712,0.00063,0.00177,0.00854,0.00035,0.00327,0.02168
1413393976.805816173553467,0.00473,0.00020,0.00061,0.00446,0.00092,0.00176,0.01269
1413393976.855816602706909,0.00529,0.00049,0.00361,0.00387,0.00419,0.00162,0.01907
1413393976.905817031860352,0.00650,0.00042,0.00098,0.00802,0.00207,0.00275,0.02075
1413393976.955816984176636,0.00572,0.00043,0.00050,0.00434,0.00242,0.00164,0.01505
1413393977.005817174911499,0.00658,0.00033,0.00025,0.00477,0.00402,0.00192,0.01788
1413393977.055816888809204,0.00571,0.00024,0.00126,0.00525,0.00144,0.00157,0.01547
1413393977.105816602706909,0.00639,0.00038,0.00017,0.00551,0.00001,0.00184,0.01430
1413393977.155815839767456,0.00573,0.00035,0.00005,0.00935,0.00006,0.00272,0.01826
1413393977.205814599990845,0.00536,0.00020,0.00002,0.00533,0.00022,0.00192,0.01305
1413393977.255813837051392,0.00642,0.00025,0.00172,0.00530,0.00246,0.00213,0.01829
1413393977.305813074111938,0.00466,0.00021,0.00120,0.00531,0.00035,0.00188,0.01362
1413393977.355813026428223,0.00517,0.00019,0.00019,0.00570,0.00020,0.00152,0.01296
1413393977.405813217163086,0.00526,0.00020,0.00288,0.00561,0.00027,0.00159,0.01581
1413393977.455813646316528,0.00596,0.00022,0.00406,0.00580,0.00138,0.00183,0.01925
1413393977.505814075469971,0.00613,0.00023,0.00288,0.00600,0.00000,0.00180,0.01705
1413393977.555814981460571,0.00581,0.00048,0.00271,0.00569,0.00000,0.00195,0.01663
1413393977.605815649032593,0.00598,0.00031,0.00073,0.00571,0.00016,0.00162,0.01451
1413393977.655815362930298,0.00540,0.00020,0.00362,0.00587,0.00015,0.00167,0.01691
1413393977.705815315246582,0.00676,0.00020,0.00116,0.00593,0.00000,0.00185,0.01589
1413393977.755815267562866,0.00524,0.00021,0.00070,0.00584,0.00000,0.00200,0.01398
1413393977.805815458297729,0.00618,0.00036,0.00548,0.00659,0.00022,0.00230,0.02113
1413393977.855815649032593,0.00649,0.00021,0.00405,0.00521,0.00238,0.00147,0.01982
1413393977.905815362930298,0.00586,0.00048,0.00010,0.00627,0.00020,0.00148,0.01440
1413393977.955815315246582,0.00680,0.00048,0.00024,0.01017,0.00059,0.00343,0.02172
1413393978.005815267562866,0.00545,0.00040,0.00276,0.00558,0.00021,0.00178,0.01618
1413393978.055815458297729,0.00523,0.00021,0.00711,0.00563,0.00063,0.00185,0.02066
1413393978.105815649032593,0.00654,0.00051,0.00057,0.01104,0.00047,0.00312,0.02226
1413393978.155815839767456,0.00584,0.00036,0.00216,0.00590,0.00000,0.00179,0.01606
1413393978.205815792083740,0.00547,0.00049,0.00184,0.00581,0.00016,0.00178,0.01555
1413393978.255816221237183,0.00642,0.00031,0.00181,0.00588,0.00000,0.00239,0.01681
1413393978.305816411972046,0.00719,0.00038,0.00178,0.00568,0.00015,0.00196,0.01715
1413393978.355816841125488,0.00526,0.00025,0.00016,0.00559,0.00000,0.00221,0.01347
1413393978.405817031860352,0.00484,0.00018,0.00475,0.00519,0.00123,0.00182,0.01801
1413393978.455816984176636,0.00614,0.00022,0.00048,0.00508,0.00262,0.00192,0.01646
1413393978.505816936492920,0.00618,0.00035,0.00024,0.00525,0.00036,0.00173,0.01412
1413393978.555816888809204,0.00615,0.00059,0.00040,0.00793,0.00022,0.00274,0.01803
1413393978.605816602706909,0.00624,0.00034,0.00183,0.00367,0.00147,0.00168,0.01523
1413393978.655816078186035,0.00641,0.00031,0.00430,0.00369,0.00500,0.00219,0.02190
1413393978.705815553665161,0.00711,0.00055,0.00033,0.00783,0.00174,0.00298,0.02053
1413393978.755815029144287,0.00596,0.00027,0.00079,0.00440,0.00108,0.00204,0.01454
1413393978.805814981460571,0.00698,0.00041,0.00032,0.00400,0.00058,0.00212,0.01441
1413393978.855814933776855,0.00467,0.00017,0.00567,0.00328,0.00771,0.00186,0.02337
1413393978.905815124511719,0.00719,0.00031,0.00063,0.00422,0.00034,0.00168,0.01437
1413393978.955815076828003,0.00663,0.00023,0.00020,0.00425,0.00001,0.00183,0.01316
1413393979.005815029144287,0.00678,0.00052,0.00178,0.00545,0.00319,0.00301,0.02074
1413393979.055815219879150,0.00729,0.00019,0.00060,0.00335,0.00000,0.00176,0.01320
1413393979.105815172195435,0.00648,0.00044,0.00012,0.00289,0.00033,0.00170,0.01196
1413393979.155815124511719,0.00658,0.00038,0.00025,0.00401,0.00023,0.00273,0.01418
1413393979.205815315246582,0.00661,0.00036,0.00034,0.00230,0.00482,0.00203,0.01646
1413393979.255815029144287,0.00525,0.00020,0.00198,0.00229,0.00270,0.00165,0.01407
1413393979.305814981460571,0.00807,0.00036,0.00044,0.00265,0.00024,0.00222,0.01397
1413393979.355814933776855,0.00540,0.00018,0.00105,0.00265,0.00225,0.00174,0.01327
1413393979.405814886093140,0.00534,0.00036,0.00010,0.00270,0.00000,0.00174,0.01022
1413393979.455814599990845,0.00889,0.00044,0.00048,0.00447,0.01192,0.00323,0.02944
1413393979.505814313888550,0.00600,0.00030,0.00051,0.00307,0.00013,0.00161,0.01163
1413393979.555814027786255,0.00565,0.00027,0.00079,0.00269,0.00087,0.00169,0.01196
1413393979.605813741683960,0.00520,0.00019,0.00487,0.00239,0.00636,0.00177,0.02079
1413393979.655813694000244,0.00705,0.00036,0.00064,0.00293,0.00013,0.00169,0.01280
1413393979.705813407897949,0.00595,0.00026,0.00053,0.00261,0.00015,0.00171,0.01120
1413393979.755813121795654,0.00623,0.00030,0.00005,0.00402,0.00000,0.00362,0.01422
1413393979.805812835693359,0.00535,0.00026,0.00076,0.00287,0.00116,0.00147,0.01187
1413393979.855813026428223,0.00685,0.00020,0.00089,0.00224,0.00497,0.00185,0.01700
1413393979.905812740325928,0.00707,0.00036,0.00107,0.00463,0.00001,0.00349,0.01663
1413393979.955812931060791,0.00570,0.00024,0.00010,0.00244,0.00475,0.00168,0.01490
1413393980.005812644958496,0.00554,0.00027,0.00015,0.00348,0.01062,0.00155,0.02162
1413393980.055812835693359,0.00886,0.00062,0.00040,0.00654,0.00468,0.00335,0.02444
1413393980.105813026428223,0.00614,0.00028,0.00075,0.00425,0.00000,0.00182,0.01324
1413393980.155812740325928,0.00564,0.00046,0.00181,0.00345,0.00000,0.00163,0.01299
1413393980.205813169479370,0.00728,0.00032,0.00815,0.00585,0.00937,0.00217,0.03314
1413393980.255813121795654,0.00596,0.00031,0.00121,0.00490,0.00136,0.00180,0.01553
1413393980.305813074111938,0.00726,0.00021,0.00011,0.00480,0.00000,0.00197,0.01435
1413393980.355813264846802,0.00641,0.00018,0.00059,0.00380,0.00025,0.00171,0.01296
1413393980.405812978744507,0.00622,0.00026,0.00526,0.00361,0.00901,0.00171,0.02606
1413393980.455812215805054,0.00570,0.00025,0.00116,0.00477,0.00017,0.00154,0.01360
1413393980.505811452865601,0.00658,0.00018,0.00301,0.00479,0.00001,0.00182,0.01639
1413393980.555810451507568,0.00787,0.00027,0.00108,0.00432,0.00000,0.00205,0.01558
1413393980.605810642242432,0.00673,0.00039,0.00079,0.00386,0.00766,0.00224,0.02166
1413393980.655810117721558,0.00757,0.00048,0.00041,0.00864,0.00000,0.00327,0.02038
1413393980.705810070037842,0.00826,0.00038,0.00039,0.00505,0.00001,0.00208,0.01615
1413393980.755810022354126,0.00621,0.00032,0.00104,0.00465,0.00060,0.00179,0.01462
1413393980.805809974670410,0.00595,0.00017,0.00037,0.00468,0.00252,0.00184,0.01553
1413393980.855810403823853,0.00638,0.00052,0.00523,0.00473,0.00472,0.00197,0.02355
1413393980.905810356140137,0.00650,0.00030,0.00061,0.00574,0.00001,0.00176,0.01492
1413393980.955810546875000,0.00688,0.00055,0.00213,0.01006,0.00027,0.00348,0.02337
1413393981.005810976028442,0.00590,0.00039,0.00411,0.00573,0.00351,0.00147,0.02110
1413393981.055811405181885,0.00586,0.00028,0.00205,0.00660,0.00000,0.00208,0.01686
1413393981.105812549591064,0.00773,0.00055,0.01162,0.00813,0.00000,0.00174,0.02977
1413393981.155812978744507,0.00607,0.00038,0.00032,0.00598,0.00016,0.00187,0.01476
1413393981.205813646316528,0.00552,0.00022,0.00036,0.00577,0.00016,0.00174,0.01376
1413393981.255814552307129,0.00759,0.00062,0.00936,0.00962,0.00320,0.00217,0.03257
1413393981.305814981460571,0.00550,0.00020,0.00108,0.00578,0.00000,0.00204,0.01459
1413393981.355815410614014,0.00571,0.00042,0.00157,0.00533,0.00016,0.00181,0.01499
1413393981.405815362930298,0.00725,0.00053,0.00119,0.00851,0.00033,0.00330,0.02111
1413393981.455816030502319,0.00575,0.00024,0.00059,0.00526,0.00310,0.00182,0.01676
1413393981.505816221237183,0.00532,0.00020,0.00056,0.00582,0.00062,0.00188,0.01440
1413393981.555816173553467,0.00676,0.00043,0.00152,0.00803,0.00000,0.00239,0.01914
1413393981.605816602706909,0.00548,0.00019,0.00125,0.00486,0.00340,0.00193,0.01712
1413393981.655816555023193,0.00685,0.00031,0.00163,0.00502,0.00293,0.00176,0.01850
1413393981.705816984176636,0.00669,0.00053,0.01003,0.00899,0.00363,0.00212,0.03199
1413393981.755817174911499,0.00562,0.00023,0.00092,0.00540,0.00000,0.00157,0.01373
1413393981.805817127227783,0.00627,0.00021,0.00250,0.00514,0.00343,0.00168,0.01924
1413393981.855817794799805,0.00558,0.00028,0.00336,0.00501,0.00230,0.00154,0.01807
1413393981.905817985534668,0.00570,0.00031,0.00036,0.00549,0.00015,0.00205,0.01405
1413393981.955818176269531,0.00580,0.00050,0.00053,0.00578,0.00475,0.00197,0.01934
1413393982.005818128585815,0.00769,0.00063,0.00306,0.00958,0.00032,0.00299,0.02427
1413393982.055818319320679,0.00619,0.00031,0.00067,0.00605,0.00000,0.00179,0.01501
1413393982.105818748474121,0.00620,0.00030,0.00464,0.00548,0.00239,0.00190,0.02093
1413393982.155818700790405,0.00722,0.00057,0.00434,0.00965,0.00000,0.00330,0.02508
1413393982.205818653106689,0.00589,0.00041,0.00459,0.00566,0.00119,0.00177,0.01951
1413393982.255818605422974,0.00618,0.00031,0.00076,0.00502,0.00000,0.00193,0.01420
1413393982.305818557739258,0.00717,0.00059,0.00497,0.00577,0.00485,0.00266,0.02601
1413393982.355818748474121,0.00601,0.00037,0.00019,0.00407,0.00400,0.00196,0.01661
1413393982.405818939208984,0.00655,0.00036,0.00061,0.00460,0.00034,0.00193,0.01440
1413393982.455818891525269,0.00669,0.00041,0.00025,0.00886,0.00222,0.00323,0.02166
1413393982.505819320678711,0.00584,0.00036,0.00063,0.00463,0.00015,0.00179,0.01340
1413393982.555819272994995,0.00761,0.00050,0.00018,0.00655,0.00489,0.00199,0.02173
1413393982.605819702148438,0.00577,0.00035,0.00048,0.00301,0.00118,0.00178,0.01256
1413393982.655820131301880,0.00579,0.00019,0.00056,0.00252,0.00283,0.00157,0.01347
1413393982.705820083618164,0.00675,0.00031,0.00125,0.00216,0.00620,0.00184,0.01853
1413393982.755820035934448,0.00658,0.00031,0.00065,0.00333,0.00000,0.00263,0.01351
1413393982.805820465087891,0.00714,0.00020,0.00017,0.00275,0.00709,0.00176,0.01912
1413393982.855820417404175,0.00564,0.00019,0.00075,0.00294,0.00110,0.00156,0.01218
1413393982.905820608139038,0.00607,0.00021,0.00053,0.00283,0.00751,0.00227,0.01942
1413393982.955820322036743,0.00722,0.00034,0.00180,0.00284,0.00794,0.00179,0.02194
1413393983.005820035934448,0.00685,0.00039,0.00188,0.00273,0.00033,0.00175,0.01392
1413393983.055819988250732,0.00703,0.00058,0.00137,0.00380,0.00020,0.00319,0.01617
1413393983.105819702148438,0.00716,0.00020,0.00078,0.00229,0.00590,0.00171,0.01805
1413393983.155819892883301,0.00756,0.00020,0.00078,0.00290,0.00012,0.00177,0.01334
1413393983.205819845199585,0.00661,0.00016,0.00066,0.00280,0.00097,0.00166,0.01286
1413393983.255819797515869,0.00624,0.00020,0.00043,0.00284,0.00079,0.00175,0.01225
1413393983.305819511413574,0.00571,0.00028,0.00070,0.00211,0.00096,0.00165,0.01141
1413393983.355819702148438,0.00685,0.00025,0.00267,0.00336,0.00816,0.00249,0.02378
1413393983.405819654464722,0.00671,0.00030,0.00045,0.00204,0.00000,0.00153,0.01104
1413393983.455819606781006,0.00774,0.00019,0.00042,0.00132,0.00000,0.00195,0.01162
1413393983.505820035934448,0.00701,0.00016,0.00046,0.00097,0.01181,0.00144,0.02186
1413393983.555819988250732,0.00680,0.00022,0.00136,0.00234,0.00012,0.00191,0.01275
1413393983.605820178985596,0.00660,0.00020,0.00083,0.00225,0.00000,0.00167,0.01154
1413393983.655820131301880,0.00686,0.00033,0.00126,0.00292,0.00672,0.00315,0.02124
1413393983.705820083618164,0.00552,0.00018,0.00124,0.00243,0.00150,0.00162,0.01249
1413393983.755820274353027,0.00558,0.00029,0.00260,0.00235,0.00000,0.00174,0.01257
1413393983.805820226669312,0.00636,0.00017,0.00056,0.00259,0.00390,0.00181,0.01538
1413393983.855820655822754,0.00809,0.00020,0.00075,0.00249,0.00281,0.00157,0.01592
1413393983.905820608139038,0.00727,0.00021,0.00074,0.00262,0.00241,0.00151,0.01477
1413393983.955820322036743,0.00997,0.00044,0.00152,0.00338,0.00018,0.00341,0.01889
1413393984.005820274353027,0.00714,0.00019,0.00063,0.00210,0.00309,0.00164,0.01478
1413393984.055820226669312,0.00627,0.00019,0.00031,0.00276,0.00500,0.00166,0.01619
1413393984.105820417404175,0.00640,0.00027,0.00016,0.00327,0.00073,0.00219,0.01301
1413393984.155820369720459,0.00724,0.00030,0.00116,0.00248,0.00143,0.00212,0.01472
1413393984.205820083618164,0.00655,0.00019,0.00159,0.00238,0.00184,0.00147,0.01403
1413393984.255819797515869,0.00749,0.00028,0.00154,0.00448,0.00335,0.00255,0.01969
1413393984.305819749832153,0.00744,0.00019,0.00084,0.00268,0.00757,0.00155,0.02028
1413393984.355819940567017,0.00712,0.00026,0.00089,0.00326,0.00368,0.00167,0.01689
1413393984.405819892883301,0.00864,0.00042,0.00075,0.00587,0.00483,0.00311,0.02363
1413393984.455819845199585,0.00672,0.00020,0.00040,0.00313,0.00013,0.00174,0.01231
1413393984.505819559097290,0.00725,0.00034,0.00120,0.00273,0.00239,0.00173,0.01564
1413393984.555819749832153,0.00747,0.00022,0.00101,0.00283,0.00928,0.00235,0.02316
1413393984.605819940567017,0.00706,0.00027,0.00100,0.00337,0.00000,0.00195,0.01365
1413393984.655819892883301,0.00682,0.00036,0.00130,0.00266,0.00000,0.00194,0.01307
1413393984.705819845199585,0.00666,0.00017,0.00133,0.00233,0.00000,0.00163,0.01211
1413393984.755820035934448,0.00712,0.00018,0.00142,0.00176,0.00273,0.00210,0.01530
1413393984.805820226669312,0.00746,0.00021,0.00049,0.00211,0.00273,0.00201,0.01502
1413393984.855820417404175,0.00795,0.00024,0.00200,0.00390,0.00305,0.00249,0.01963
1413393984.905820608139038,0.00825,0.00020,0.00257,0.00239,0.00361,0.00193,0.01895
1413393984.955820798873901,0.00749,0.00031,0.00121,0.00226,0.00000,0.00220,0.01348
1413393985.005821228027344,0.00798,0.00016,0.00079,0.00199,0.00305,0.00179,0.01575
1413393985.055821180343628,0.00716,0.00022,0.00200,0.00229,0.00094,0.00201,0.01462
1413393985.105821609497070,0.00847,0.00020,0.00101,0.00222,0.00000,0.00224,0.01414
1413393985.155821561813354,0.00840,0.00031,0.00185,0.00340,0.00331,0.00360,0.02088
1413393985.205821752548218,0.00659,0.00019,0.00045,0.00238,0.00001,0.00196,0.01158
1413393985.255821943283081,0.00715,0.00026,0.00037,0.00197,0.00351,0.00206,0.01533
1413393985.305821657180786,0.00861,0.00038,0.00367,0.00401,0.00167,0.00344,0.02178
1413393985.355822086334229,0.00741,0.00030,0.00176,0.00217,0.00070,0.00199,0.01434
1413393985.405822038650513,0.00711,0.00018,0.00078,0.00216,0.00422,0.00203,0.01649
1413393985.455821752548218,0.00869,0.00034,0.00120,0.00416,0.00323,0.00280,0.02043
1413393985.505821704864502,0.00747,0.00018,0.00098,0.00244,0.00102,0.00208,0.01417
1413393985.555821418762207,0.00844,0.00019,0.00081,0.00226,0.00049,0.00223,0.01443
1413393985.605822086334229,0.00772,0.00034,0.00072,0.00173,0.00365,0.00254,0.01671
1413393985.655822277069092,0.00728,0.00019,0.00043,0.00178,0.00281,0.00207,0.01457
1413393985.705822229385376,0.00767,0.00027,0.00097,0.00214,0.00394,0.00204,0.01704
1413393985.755822896957397,0.00651,0.00033,0.00093,0.00385,0.00207,0.00293,0.01662
1413393985.805823326110840,0.00534,0.00024,0.00035,0.00407,0.00154,0.00236,0.01389
1413393985.855823755264282,0.00570,0.00029,0.00099,0.00279,0.00368,0.00197,0.01542
1413393985.905823945999146,0.00409,0.00020,0.00068,0.00292,0.00157,0.00165,0.01111
1413393985.955823659896851,0.00583,0.00030,0.00155,0.00253,0.00093,0.00197,0.01311
1413393986.005823373794556,0.00620,0.00036,0.00009,0.00236,0.00359,0.00209,0.01469
1413393986.055822372436523,0.00565,0.00025,0.00158,0.00259,0.00118,0.00232,0.01357
1413393986.105820894241333,0.00672,0.00034,0.00127,0.00265,0.00296,0.00212,0.01606
1413393986.155819654464722,0.00659,0.00021,0.00020,0.00302,0.00147,0.00177,0.01326
1413393986.205818176269531,0.00823,0.00042,0.00258,0.00388,0.00089,0.00347,0.01947
1413393986.255815744400024,0.00638,0.00028,0.00190,0.00198,0.00757,0.00201,0.02012
1413393986.305814743041992,0.00658,0.00022,0.00105,0.00241,0.00132,0.00171,0.01329
1413393986.355814695358276,0.00690,0.00044,0.00083,0.00309,0.00270,0.00277,0.01674
1413393986.405814409255981,0.00741,0.00035,0.00128,0.00175,0.00238,0.00211,0.01529
1413393986.455814361572266,0.00614,0.00028,0.00045,0.00236,0.00239,0.00177,0.01338
1413393986.505814313888550,0.00701,0.00030,0.00154,0.00378,0.00363,0.00307,0.01933
1413393986.555814266204834,0.00649,0.00029,0.00138,0.00229,0.00412,0.00206,0.01664
1413393986.605814695358276,0.00662,0.00024,0.00059,0.00267,0.00066,0.00215,0.01292
1413393986.655815362930298,0.00717,0.00053,0.00076,0.00448,0.00417,0.00304,0.02015
1413393986.705815553665161,0.00668,0.00035,0.00105,0.00175,0.00163,0.00205,0.01351
1413393986.755815982818604,0.00646,0.00020,0.00037,0.00179,0.00070,0.00181,0.01131
1413393986.805816650390625,0.00805,0.00038,0.00079,0.00385,0.00261,0.00341,0.01910
1413393986.855817317962646,0.00657,0.00028,0.00035,0.00245,0.00491,0.00161,0.01618
1413393986.905818700790405,0.00621,0.00020,0.00016,0.00276,0.00145,0.00190,0.01267
1413393986.955819845199585,0.00754,0.00026,0.00086,0.00412,0.00729,0.00249,0.02256
1413393987.005820751190186,0.00591,0.00044,0.00111,0.00330,0.00180,0.00206,0.01461
1413393987.055821180343628,0.00692,0.00036,0.00007,0.00366,0.00057,0.00187,0.01346
1413393987.105822324752808,0.00724,0.00036,0.00121,0.00366,0.00450,0.00245,0.01943
1413393987.155822992324829,0.00579,0.00019,0.00017,0.00388,0.00652,0.00154,0.01810
1413393987.205823183059692,0.00667,0.00027,0.00006,0.00483,0.00063,0.00171,0.01417
1413393987.255823135375977,0.00725,0.00062,0.00354,0.00742,0.00326,0.00308,0.02518
1413393987.305823802947998,0.00599,0.00031,0.00464,0.00501,0.00021,0.00203,0.01819
1413393987.355824470520020,0.00613,0.00030,0.00388,0.00492,0.00258,0.00175,0.01957
1413393987.405824899673462,0.00793,0.00044,0.00598,0.00788,0.00000,0.00415,0.02638
1413393987.455825328826904,0.00633,0.00030,0.00273,0.00485,0.00061,0.00175,0.01658
1413393987.505826234817505,0.00582,0.00028,0.00517,0.00393,0.00226,0.00185,0.01932
1413393987.555826425552368,0.00843,0.00065,0.00003,0.00688,0.00361,0.00343,0.02302
1413393987.605828046798706,0.00609,0.00029,0.00491,0.00395,0.00469,0.00160,0.02152
1413393987.655828475952148,0.00686,0.00029,0.00090,0.00455,0.00002,0.00217,0.01480
1413393987.705828428268433,0.00762,0.00062,0.00180,0.00652,0.00072,0.00352,0.02082
1413393987.755828857421875,0.00713,0.00037,0.00417,0.00379,0.00065,0.00143,0.01755
1413393987.805828809738159,0.00607,0.00027,0.00043,0.00414,0.00004,0.00168,0.01263
1413393987.855829000473022,0.00550,0.00035,0.00011,0.00344,0.00169,0.00179,0.01287
1413393987.905828475952148,0.00805,0.00032,0.00032,0.00381,0.00235,0.00185,0.01670
1413393987.955827951431274,0.00612,0.00031,0.00064,0.00413,0.00352,0.00168,0.01639
1413393988.005827903747559,0.00465,0.00019,0.00069,0.00363,0.00171,0.00199,0.01285
1413393988.055827617645264,0.00682,0.00042,0.00075,0.00347,0.00303,0.00205,0.01653
1413393988.105828046798706,0.00625,0.00031,0.00395,0.00399,0.00267,0.00178,0.01895
1413393988.155828475952148,0.00767,0.00046,0.00133,0.00678,0.00041,0.00333,0.01999
1413393988.205828666687012,0.00687,0.00022,0.00484,0.00402,0.00358,0.00156,0.02109
1413393988.255828619003296,0.00776,0.00043,0.00064,0.00464,0.00021,0.00215,0.01583
1413393988.305828094482422,0.00666,0.00036,0.00249,0.00601,0.00572,0.00257,0.02381
1413393988.355827808380127,0.00647,0.00052,0.00150,0.00444,0.00116,0.00204,0.01614
1413393988.405827283859253,0.00715,0.00028,0.00138,0.00422,0.00015,0.00193,0.01511
1413393988.455826997756958,0.00686,0.00024,0.00361,0.00398,0.00173,0.00157,0.01799
1413393988.505826473236084,0.00725,0.00051,0.00095,0.00441,0.00039,0.00208,0.01560
1413393988.555826187133789,0.00770,0.00029,0.00064,0.00428,0.00132,0.00207,0.01631
1413393988.605826139450073,0.00717,0.00054,0.00180,0.00379,0.00492,0.00239,0.02061
1413393988.655826091766357,0.00743,0.00039,0.00048,0.00420,0.00061,0.00160,0.01471
1413393988.705826044082642,0.00864,0.00022,0.00264,0.00402,0.00051,0.00186,0.01789
1413393988.755826234817505,0.00858,0.00043,0.00279,0.00631,0.00197,0.00328,0.02337
1413393988.805826187133789,0.00745,0.00030,0.00345,0.00305,0.00309,0.00187,0.01921
1413393988.855826377868652,0.00786,0.00023,0.00166,0.00269,0.00000,0.00225,0.01468
1413393988.905826568603516,0.00829,0.00057,0.00450,0.00293,0.00033,0.00291,0.01954
1413393988.955826520919800,0.00730,0.00036,0.00101,0.00221,0.00118,0.00191,0.01398
1413393989.005826473236084,0.00597,0.00036,0.00075,0.00194,0.00013,0.00180,0.01094
1413393989.055826425552368,0.00958,0.00035,0.00176,0.00268,0.00354,0.00338,0.02129
1413393989.105826377868652,0.00710,0.00031,0.00177,0.00177,0.00341,0.00185,0.01622
1413393989.155826330184937,0.00629,0.00024,0.00170,0.00205,0.00031,0.00197,0.01256
1413393989.205826044082642,0.00701,0.00043,0.00201,0.00218,0.00486,0.00245,0.01894
1413393989.255825042724609,0.00789,0.00022,0.00059,0.00280,0.00639,0.00211,0.01999
1413393989.305823564529419,0.00842,0.00023,0.00101,0.00275,0.00108,0.00196,0.01545
1413393989.355823993682861,0.00742,0.00028,0.00469,0.00426,0.00000,0.00274,0.01939
1413393989.405821084976196,0.00738,0.00026,0.00253,0.00210,0.00984,0.00203,0.02415
1413393989.455820560455322,0.00719,0.00026,0.00221,0.00283,0.00000,0.00208,0.01457
1413393989.505821704864502,0.00903,0.00055,0.00599,0.00364,0.00816,0.00305,0.03042
1413393989.555822134017944,0.00732,0.00024,0.00115,0.00251,0.00054,0.00208,0.01384
1413393989.605822324752808,0.00701,0.00025,0.00100,0.00260,0.00062,0.00206,0.01352
1413393989.655822753906250,0.00851,0.00053,0.00061,0.00388,0.00023,0.00358,0.01736
1413393989.705822706222534,0.00620,0.00029,0.00125,0.00233,0.00019,0.00194,0.01219
1413393989.755822896957397,0.00601,0.00019,0.00016,0.00248,0.00000,0.00207,0.01091
1413393989.805823326110840,0.00731,0.00028,0.00013,0.00358,0.00000,0.00297,0.01426
1413393989.855826377868652,0.00653,0.00029,0.00064,0.00224,0.00582,0.00171,0.01724
1413393989.905827283859253,0.00641,0.00030,0.00164,0.00261,0.00150,0.00177,0.01424
1413393989.955825805664062,0.00709,0.00038,0.00069,0.00299,0.01256,0.00219,0.02589
1413393990.005825996398926,0.00723,0.00041,0.00471,0.00378,0.00112,0.00181,0.01905
1413393990.055825710296631,0.00633,0.00032,0.00140,0.00373,0.00124,0.00191,0.01493
1413393990.105825424194336,0.00837,0.00056,0.00597,0.00560,0.00539,0.00254,0.02842
1413393990.155825376510620,0.00776,0.00026,0.00280,0.00386,0.00106,0.00198,0.01772
1413393990.205825090408325,0.00680,0.00035,0.00450,0.00340,0.00173,0.00165,0.01843
1413393990.255825042724609,0.00675,0.00045,0.00174,0.00269,0.00072,0.00204,0.01438
1413393990.305824995040894,0.00702,0.00032,0.00181,0.00254,0.00130,0.00184,0.01485
1413393990.355825185775757,0.00684,0.00024,0.00110,0.00252,0.00315,0.00201,0.01588
1413393990.405824899673462,0.00765,0.00022,0.00076,0.00296,0.00000,0.00191,0.01351
1413393990.455825090408325,0.00642,0.00022,0.00019,0.00261,0.00001,0.00184,0.01129
1413393990.505825042724609,0.00718,0.00037,0.00029,0.00247,0.00011,0.00198,0.01240
1413393990.555824756622314,0.00804,0.00034,0.00251,0.00506,0.00226,0.00365,0.02186
1413393990.605824708938599,0.00702,0.00019,0.00018,0.00232,0.00325,0.00178,0.01476
1413393990.655823945999146,0.00694,0.00021,0.00025,0.00229,0.00302,0.00191,0.01463
1413393990.705822944641113,0.00791,0.00054,0.00094,0.00486,0.01643,0.00250,0.03319
1413393990.755822658538818,0.00910,0.00038,0.00159,0.00297,0.00010,0.00196,0.01610
1413393990.805822372436523,0.00685,0.00027,0.00135,0.00271,0.00301,0.00171,0.01590
1413393990.855823040008545,0.00677,0.00038,0.00077,0.00298,0.00425,0.00226,0.01741
1413393990.905822992324829,0.00658,0.00021,0.00082,0.00328,0.00145,0.00344,0.01580
1413393990.955824136734009,0.00936,0.00020,0.00174,0.00246,0.00782,0.00209,0.02368
1413393991.005826473236084,0.01146,0.00042,0.00093,0.00303,0.00015,0.00231,0.01831
1413393991.055828571319580,0.00670,0.00037,0.00133,0.00252,0.00433,0.00158,0.01683
1413393991.105829477310181,0.00687,0.00031,0.00237,0.00240,0.00014,0.00195,0.01403
1413393991.155829191207886,0.01109,0.00053,0.00475,0.00345,0.00131,0.00322,0.02435
1413393991.205828428268433,0.01044,0.00029,0.00103,0.00257,0.00010,0.00202,0.01646
1413393991.255827903747559,0.01010,0.00020,0.00078,0.00233,0.00049,0.00220,0.01609
1413393991.305829286575317,0.01094,0.00051,0.00270,0.00189,0.00853,0.00318,0.02776
1413393991.355830430984497,0.00854,0.00019,0.00107,0.00127,0.00000,0.00172,0.01279
1413393991.405830144882202,0.00952,0.00022,0.00047,0.00093,0.00021,0.00249,0.01384
1413393991.455832004547119,0.00819,0.00021,0.00062,0.00114,0.00002,0.00203,0.01221
1413393991.505833625793457,0.00748,0.00018,0.00105,0.00102,0.00001,0.00201,0.01175
1413393991.555834293365479,0.00746,0.00031,0.00141,0.00102,0.00032,0.00192,0.01244
1413393991.605835676193237,0.00787,0.00016,0.00034,0.00094,0.00000,0.00190,0.01121
1413393991.655836343765259,0.00817,0.00017,0.00023,0.00095,0.00001,0.00188,0.01142
1413393991.705836534500122,0.00807,0.00023,0.00047,0.00083,0.00127,0.00213,0.01300
1413393991.755836248397827,0.00711,0.00031,0.00013,0.00166,0.00324,0.00244,0.01488
1413393991.805835962295532,0.00668,0.00026,0.00002,0.00212,0.00100,0.00226,0.01234
1413393991.855837345123291,0.00613,0.00028,0.00008,0.00212,0.00409,0.00194,0.01464
1413393991.905836820602417,0.01018,0.00028,0.00090,0.00141,0.00040,0.00252,0.01571
1413393991.955835819244385,0.00657,0.00017,0.00076,0.00135,0.00088,0.00174,0.01148
1413393992.005835533142090,0.00610,0.00017,0.00168,0.00094,0.00010,0.00196,0.01096
1413393992.055835008621216,0.01017,0.00026,0.00135,0.00137,0.00010,0.00271,0.01596
1413393992.105835914611816,0.00565,0.00018,0.00101,0.00069,0.00174,0.00196,0.01122
1413393992.155836105346680,0.00761,0.00019,0.00051,0.00106,0.00459,0.00189,0.01586
1413393992.205835342407227,0.00720,0.00015,0.00014,0.00159,0.00451,0.00186,0.01546
1413393992.255834102630615,0.00580,0.00018,0.00015,0.00232,0.00141,0.00167,0.01154
1413393992.305831909179688,0.00672,0.00037,0.00020,0.00472,0.00013,0.00333,0.01546
1413393992.355831861495972,0.00661,0.00024,0.00024,0.00366,0.00186,0.00243,0.01504
1413393992.405831575393677,0.00811,0.00022,0.00013,0.00252,0.00000,0.00235,0.01333
1413393992.455831766128540,0.00892,0.00019,0.00010,0.00276,0.00638,0.00198,0.02033
1413393992.505831718444824,0.00725,0.00032,0.00005,0.00325,0.00231,0.00182,0.01501
1413393992.555832147598267,0.00688,0.00034,0.00014,0.00337,0.00137,0.00207,0.01418
1413393992.605832576751709,0.00629,0.00030,0.00015,0.00396,0.00695,0.00193,0.01959
1413393992.655833244323730,0.00793,0.00026,0.00163,0.00708,0.00103,0.00265,0.02060
1413393992.705834388732910,0.00653,0.00045,0.00341,0.00467,0.00152,0.00181,0.01838
1413393992.755832672119141,0.00684,0.00048,0.00147,0.00675,0.00036,0.00270,0.01861
1413393992.805831432342529,0.00766,0.00059,0.00379,0.00644,0.00145,0.00316,0.02310
1413393992.855830669403076,0.00824,0.00021,0.00182,0.00349,0.00178,0.00174,0.01729
1413393992.905829906463623,0.00636,0.00041,0.00113,0.00369,0.00007,0.00172,0.01338
1413393992.955828905105591,0.00617,0.00017,0.00010,0.00364,0.00176,0.00171,0.01355
1413393993.005827903747559,0.00635,0.00024,0.00037,0.00394,0.00038,0.00208,0.01337
1413393993.055827379226685,0.00593,0.00020,0.00027,0.00398,0.00173,0.00185,0.01397
1413393993.105827331542969,0.00780,0.00026,0.00012,0.00415,0.00028,0.00206,0.01467
1413393993.155826807022095,0.00766,0.00020,0.00024,0.00386,0.00031,0.00170,0.01397
1413393993.205825805664062,0.00607,0.00019,0.00028,0.00351,0.00249,0.00170,0.01425
1413393993.255825281143188,0.00752,0.00038,0.00084,0.00708,0.00187,0.00296,0.02065
1413393993.305824518203735,0.00661,0.00020,0.00026,0.00401,0.00415,0.00200,0.01724
1413393993.355824470520020,0.00821,0.00021,0.00026,0.00411,0.00024,0.00193,0.01494
1413393993.405824422836304,0.00688,0.00018,0.00006,0.00389,0.00254,0.00166,0.01520
1413393993.455824851989746,0.00652,0.00030,0.00061,0.00404,0.00061,0.00179,0.01387
1413393993.505825281143188,0.00660,0.00022,0.00012,0.00407,0.00006,0.00184,0.01291
1413393993.555825471878052,0.00720,0.00036,0.00133,0.00728,0.00286,0.00271,0.02175
1413393993.605827093124390,0.00573,0.00027,0.00426,0.00371,0.00019,0.00164,0.01580
1413393993.655826807022095,0.00773,0.00027,0.00425,0.00324,0.00613,0.00160,0.02323
1413393993.705826282501221,0.00715,0.00043,0.00438,0.00681,0.00048,0.00355,0.02280
1413393993.755826234817505,0.00650,0.00031,0.00127,0.00367,0.00024,0.00184,0.01384
1413393993.805826187133789,0.00659,0.00019,0.00089,0.00298,0.00016,0.00174,0.01255
1413393993.855827093124390,0.00696,0.00021,0.00243,0.00216,0.00000,0.00239,0.01415
1413393993.905827522277832,0.00691,0.00027,0.00036,0.00213,0.00107,0.00169,0.01241
1413393993.955827474594116,0.00586,0.00021,0.00012,0.00213,0.00004,0.00161,0.00996
1413393994.005827665328979,0.00698,0.00030,0.00059,0.00341,0.00037,0.00244,0.01408
1413393994.055828094482422,0.00607,0.00025,0.00015,0.00166,0.00003,0.00165,0.00980
1413393994.105828762054443,0.00631,0.00033,0.00086,0.00256,0.00004,0.00249,0.01258
1413393994.155829668045044,0.00765,0.00016,0.00001,0.00146,0.00000,0.00186,0.01113
1413393994.205833196640015,0.00674,0.00019,0.00010,0.00142,0.00242,0.00191,0.01278
1413393994.255834579467773,0.00642,0.00025,0.00045,0.00186,0.00053,0.00174,0.01125
1413393994.305835723876953,0.00698,0.00033,0.00047,0.00234,0.00456,0.00357,0.01826
1413393994.355837106704712,0.00821,0.00019,0.00065,0.00192,0.00100,0.00160,0.01357
1413393994.405838489532471,0.00632,0.00018,0.00262,0.00167,0.00258,0.00146,0.01484
1413393994.455839633941650,0.00687,0.00039,0.00385,0.00207,0.00055,0.00313,0.01686
1413393994.505839824676514,0.00956,0.00019,0.00022,0.00131,0.00003,0.00184,0.01315
1413393994.555840492248535,0.00642,0.00018,0.00010,0.00097,0.00524,0.00161,0.01452
1413393994.605840921401978,0.00647,0.00028,0.00107,0.00147,0.00030,0.00236,0.01195
1413393994.655840635299683,0.00927,0.00020,0.00055,0.00112,0.00001,0.00209,0.01325
1413393994.705840349197388,0.00708,0.00037,0.00349,0.00087,0.00000,0.00226,0.01406
1413393994.755840301513672,0.00813,0.00033,0.00126,0.00091,0.00000,0.00248,0.01310
1413393994.805839538574219,0.00775,0.00022,0.00043,0.00040,0.00010,0.00180,0.01069
1413393994.855837345123291,0.00596,0.00023,0.00026,0.00075,0.00140,0.00174,0.01034
1413393994.905832052230835,0.00886,0.00042,0.00145,0.00079,0.00925,0.00344,0.02420
1413393994.955830097198486,0.00637,0.00019,0.00039,0.00151,0.00105,0.00180,0.01131
1413393995.005829334259033,0.00599,0.00027,0.00091,0.00166,0.00034,0.00175,0.01093
1413393995.055825233459473,0.00630,0.00023,0.00103,0.00261,0.01521,0.00144,0.02683
1413393995.105825424194336,0.00766,0.00021,0.00014,0.00318,0.00003,0.00205,0.01327
1413393995.155824899673462,0.00690,0.00036,0.00213,0.00304,0.00118,0.00179,0.01540
1413393995.205822706222534,0.00840,0.00039,0.00621,0.00326,0.00662,0.00218,0.02707
1413393995.255822420120239,0.00677,0.00032,0.00019,0.00476,0.00122,0.00176,0.01503
1413393995.305822134017944,0.00621,0.00022,0.00008,0.00412,0.00071,0.00173,0.01307
1413393995.355821609497070,0.00621,0.00028,0.00370,0.00630,0.00146,0.00263,0.02059
1413393995.405820608139038,0.00628,0.00020,0.00035,0.00391,0.00019,0.00183,0.01276
1413393995.455819129943848,0.00619,0.00028,0.00339,0.00366,0.00303,0.00152,0.01808
1413393995.505818605422974,0.00692,0.00064,0.00184,0.00565,0.00199,0.00329,0.02033
1413393995.555817842483521,0.00798,0.00040,0.00054,0.00319,0.00034,0.00184,0.01431
1413393995.605817079544067,0.00671,0.00019,0.00074,0.00310,0.00024,0.00199,0.01297
1413393995.655816793441772,0.00777,0.00039,0.00191,0.00564,0.00323,0.00319,0.02213
1413393995.705816268920898,0.00637,0.00035,0.00047,0.00280,0.00000,0.00171,0.01170
1413393995.755814552307129,0.00588,0.00020,0.00489,0.00212,0.01090,0.00168,0.02567
1413393995.805813550949097,0.00657,0.00019,0.00178,0.00354,0.00087,0.00164,0.01460
1413393995.855813026428223,0.00916,0.00020,0.00029,0.00393,0.00027,0.00201,0.01587
1413393995.905812501907349,0.00686,0.00021,0.00061,0.00345,0.00116,0.00178,0.01407
1413393995.955812215805054,0.00756,0.00039,0.00135,0.00561,0.00445,0.00301,0.02238
1413393996.005812168121338,0.00635,0.00021,0.00024,0.00368,0.00115,0.00164,0.01327
1413393996.055811882019043,0.00654,0.00028,0.00108,0.00251,0.00060,0.00172,0.01273
1413393996.105812072753906,0.00832,0.00027,0.00359,0.00280,0.01173,0.00226,0.02897
1413393996.155812263488770,0.00678,0.00038,0.00069,0.00367,0.00021,0.00194,0.01367
1413393996.205811977386475,0.00666,0.00021,0.00073,0.00308,0.00021,0.00195,0.01284
1413393996.255811929702759,0.00712,0.00030,0.00126,0.00378,0.00046,0.00359,0.01650
1413393996.305811882019043,0.00785,0.00032,0.00061,0.00225,0.00022,0.00206,0.01332
1413393996.355812072753906,0.00672,0.00029,0.00236,0.00265,0.00738,0.00188,0.02128
1413393996.405812025070190,0.00719,0.00058,0.01405,0.00578,0.00577,0.00196,0.03533
1413393996.455812215805054,0.00776,0.00031,0.00022,0.00396,0.00062,0.00222,0.01509
1413393996.505812406539917,0.00659,0.00021,0.00014,0.00387,0.00015,0.00187,0.01284
1413393996.555812597274780,0.00897,0.00056,0.00167,0.00527,0.00111,0.00339,0.02096
1413393996.605813026428223,0.00604,0.00021,0.00067,0.00286,0.00001,0.00190,0.01169
1413393996.655813455581665,0.00601,0.00021,0.00581,0.00256,0.00770,0.00193,0.02420
1413393996.705814123153687,0.00546,0.00020,0.00195,0.00315,0.00056,0.00159,0.01291
1413393996.755814552307129,0.00599,0.00037,0.00095,0.00306,0.00029,0.00169,0.01235
1413393996.805814981460571,0.00631,0.00040,0.00101,0.00528,0.00001,0.00284,0.01585
1413393996.855815649032593,0.00613,0.00037,0.00128,0.00426,0.01158,0.00183,0.02545
1413393996.905815601348877,0.00596,0.00027,0.00002,0.00364,0.00000,0.00208,0.01197
1413393996.955815553665161,0.00587,0.00032,0.00105,0.00387,0.00000,0.00193,0.01303
1413393997.005815267562866,0.00651,0.00023,0.00558,0.00328,0.00539,0.00185,0.02284
1413393997.055815219879150,0.00600,0.00031,0.00099,0.00454,0.00000,0.00168,0.01352
1413393997.105815410614014,0.00588,0.00027,0.00533,0.00394,0.00363,0.00175,0.02081
1413393997.155815362930298,0.00683,0.00045,0.00051,0.00862,0.00001,0.00302,0.01945
1413393997.205815553665161,0.00636,0.00042,0.00007,0.00492,0.00080,0.00198,0.01454
1413393997.255815505981445,0.00569,0.00054,0.00637,0.00466,0.00001,0.00160,0.01887
1413393997.305815458297729,0.00678,0.00053,0.00587,0.00773,0.00035,0.00341,0.02467
1413393997.355815649032593,0.00561,0.00022,0.00478,0.00431,0.00020,0.00164,0.01675
1413393997.405815839767456,0.00581,0.00044,0.00014,0.00430,0.00001,0.00188,0.01259
1413393997.455815792083740,0.00727,0.00055,0.00130,0.00634,0.00154,0.00371,0.02073
1413393997.505815982818604,0.00767,0.00040,0.00027,0.00346,0.00016,0.00229,0.01425
1413393997.555815935134888,0.00574,0.00038,0.00103,0.00318,0.00607,0.00202,0.01844
1413393997.605816125869751,0.00635,0.00041,0.00498,0.00379,0.00036,0.00242,0.01832
1413393997.655816078186035,0.00618,0.00023,0.00091,0.00356,0.00015,0.00217,0.01320
1413393997.705816030502319,0.00633,0.00023,0.00330,0.00332,0.00462,0.00244,0.02023
1413393997.755816221237183,0.00777,0.00031,0.00157,0.00385,0.00135,0.00176,0.01661
1413393997.805816173553467,0.00635,0.00020,0.00013,0.00436,0.00000,0.00160,0.01264
1413393997.855816364288330,0.00613,0.00031,0.00560,0.00382,0.00264,0.00162,0.02011
1413393997.905816316604614,0.00864,0.00055,0.00173,0.00772,0.00128,0.00348,0.02339
1413393997.955816268920898,0.00629,0.00042,0.00081,0.00382,0.00076,0.00165,0.01374
1413393998.005816221237183,0.00621,0.00021,0.00111,0.00336,0.00059,0.00172,0.01320
1413393998.055816173553467,0.00777,0.00050,0.00897,0.00604,0.00811,0.00209,0.03347
1413393998.105816364288330,0.00646,0.00033,0.00057,0.00432,0.00015,0.00204,0.01388
1413393998.155816316604614,0.00610,0.00028,0.00272,0.00430,0.00059,0.00141,0.01541
1413393998.205816268920898,0.00921,0.00043,0.00606,0.00727,0.00265,0.00219,0.02781
1413393998.255815982818604,0.00635,0.00038,0.00070,0.00428,0.00000,0.00158,0.01329
1413393998.305815696716309,0.00681,0.00037,0.00133,0.00403,0.00251,0.00181,0.01687
1413393998.355815887451172,0.00608,0.00019,0.00062,0.00432,0.00003,0.00152,0.01275
1413393998.405816078186035,0.00577,0.00025,0.00046,0.00415,0.00000,0.00219,0.01282
1413393998.455815792083740,0.00630,0.00023,0.00282,0.00375,0.00138,0.00167,0.01616
1413393998.505815744400024,0.00654,0.00048,0.00123,0.00425,0.00005,0.00223,0.01479
1413393998.555815696716309,0.00579,0.00019,0.00002,0.00409,0.00063,0.00173,0.01245
1413393998.605815649032593,0.00597,0.00030,0.00088,0.00471,0.00060,0.00172,0.01419
1413393998.655815601348877,0.00556,0.00018,0.00014,0.00421,0.00161,0.00171,0.01341
1413393998.705815315246582,0.00589,0.00020,0.00002,0.00434,0.00061,0.00186,0.01292
1413393998.755814790725708,0.00597,0.00030,0.00699,0.00407,0.00114,0.00155,0.02003
1413393998.805814504623413,0.00874,0.00063,0.00211,0.00648,0.00280,0.00320,0.02396
1413393998.855814695358276,0.00859,0.00038,0.00011,0.00441,0.00001,0.00204,0.01554
1413393998.905814170837402,0.00691,0.00038,0.00013,0.00389,0.00294,0.00160,0.01584
1413393998.955813884735107,0.00792,0.00063,0.00179,0.00681,0.00093,0.00314,0.02123
1413393999.005813598632812,0.00698,0.00020,0.00045,0.00421,0.00015,0.00177,0.01376
1413393999.055813550949097,0.00689,0.00033,0.00226,0.00407,0.00025,0.00203,0.01582
1413393999.105813741683960,0.00667,0.00022,0.00044,0.00414,0.00059,0.00176,0.01382
1413393999.155813694000244,0.00659,0.00020,0.00042,0.00404,0.00003,0.00175,0.01303
1413393999.205813407897949,0.00674,0.00036,0.00049,0.00365,0.00095,0.00153,0.01372
1413393999.255813360214233,0.00705,0.00029,0.00026,0.00373,0.00049,0.00179,0.01360
1413393999.305813312530518,0.00647,0.00034,0.00101,0.00284,0.00001,0.00177,0.01243
1413393999.355813741683960,0.00926,0.00036,0.00344,0.00262,0.00558,0.00193,0.02319
1413393999.405814409255981,0.00791,0.00041,0.00453,0.00283,0.00064,0.00219,0.01850
1413393999.455814838409424,0.00746,0.00033,0.00034,0.00304,0.00000,0.00223,0.01340
1413393999.505815267562866,0.00684,0.00024,0.00015,0.00288,0.00001,0.00188,0.01200
1413393999.555815219879150,0.00724,0.00040,0.00028,0.00309,0.00000,0.00214,0.01314
1413393999.605815649032593,0.00689,0.00019,0.00035,0.00254,0.00001,0.00195,0.01193
1413393999.655815839767456,0.00871,0.00021,0.00022,0.00268,0.00115,0.00217,0.01514
1413393999.705816030502319,0.00738,0.00032,0.00039,0.00436,0.00004,0.00260,0.01511
1413393999.755816221237183,0.00699,0.00020,0.00034,0.00247,0.00020,0.00186,0.01206
1413393999.805816411972046,0.00670,0.00020,0.00013,0.00203,0.00042,0.00173,0.01121
1413393999.855816841125488,0.00744,0.00016,0.00166,0.00117,0.00105,0.00179,0.01327
1413393999.905817031860352,0.00822,0.00022,0.00027,0.00090,0.00226,0.00178,0.01366
1413393999.955818176269531,0.00732,0.00035,0.00080,0.00048,0.00303,0.00151,0.01350
1413394000.005818367004395,0.01155,0.00016,0.00068,0.00041,0.00025,0.00165,0.01470
1413394000.055818319320679,0.00797,0.00019,0.00028,0.00042,0.00001,0.00196,0.01082
1413394000.105818271636963,0.01047,0.00018,0.00059,0.00026,0.00037,0.00169,0.01357
1413394000.155818223953247,0.00727,0.00015,0.00130,0.00015,0.00000,0.00167,0.01054
1413394000.205818414688110,0.00860,0.00016,0.00036,0.00016,0.00047,0.00178,0.01154
1413394000.255818367004395,0.00800,0.00023,0.00060,0.00012,0.00066,0.00168,0.01129
1413394000.305818557739258,0.01369,0.00024,0.00089,0.00012,0.00000,0.00261,0.01755
1413394000.355818510055542,0.01052,0.00021,0.00117,0.00005,0.00032,0.00168,0.01395
1413394000.405818462371826,0.00771,0.00018,0.00020,0.00011,0.00047,0.00171,0.01039
1413394000.455818414688110,0.00886,0.00033,0.00123,0.00014,0.00252,0.00347,0.01655
1413394000.505818367004395,0.00613,0.00029,0.00028,0.00024,0.00096,0.00194,0.00984
1413394000.555818557739258,0.00601,0.00025,0.00002,0.00028,0.00131,0.00176,0.00965
1413394000.605818748474121,0.00610,0.00014,0.00001,0.00024,0.00026,0.00180,0.00855
1413394000.655818700790405,0.00614,0.00018,0.00003,0.00022,0.00087,0.00175,0.00919
1413394000.705818414688110,0.00601,0.00023,0.00001,0.00025,0.00082,0.00174,0.00908
1413394000.755817890167236,0.00608,0.00029,0.00037,0.00049,0.00334,0.00270,0.01326
1413394000.805817604064941,0.00562,0.00019,0.00002,0.00047,0.00087,0.00186,0.00903
1413394000.855817317962646,0.00580,0.00026,0.00002,0.00096,0.00126,0.00170,0.01001
1413394000.905817270278931,0.00564,0.00030,0.00002,0.00152,0.00497,0.00275,0.01521
1413394000.955817699432373,0.00546,0.00026,0.00002,0.00160,0.00475,0.00148,0.01358
1413394001.005817651748657,0.00583,0.00025,0.00002,0.00171,0.00200,0.00182,0.01163
1413394001.055817604064941,0.00589,0.00032,0.00002,0.00304,0.00013,0.00247,0.01189
1413394001.105817794799805,0.00571,0.00027,0.00002,0.00210,0.00025,0.00193,0.01030
1413394001.155817747116089,0.00549,0.00020,0.00002,0.00172,0.00052,0.00179,0.00973
1413394001.205817699432373,0.00534,0.00016,0.00001,0.00169,0.00013,0.00173,0.00906
1413394001.255817413330078,0.00556,0.00029,0.00002,0.00234,0.00051,0.00165,0.01037
1413394001.305817365646362,0.00552,0.00026,0.00002,0.00219,0.00105,0.00181,0.01085
1413394001.355817556381226,0.00567,0.00032,0.00002,0.00359,0.00013,0.00251,0.01224
1413394001.405817508697510,0.00556,0.00020,0.00002,0.00189,0.00006,0.00191,0.00963
1413394001.455817461013794,0.00548,0.00018,0.00002,0.00193,0.00033,0.00174,0.00968
1413394001.505817413330078,0.00679,0.00036,0.00002,0.00295,0.00089,0.00351,0.01452
1413394001.555817365646362,0.00588,0.00025,0.00002,0.00228,0.00144,0.00167,0.01155
1413394001.605817556381226,0.00558,0.00018,0.00002,0.00193,0.00354,0.00163,0.01289
1413394001.655817508697510,0.00692,0.00038,0.00003,0.00457,0.00015,0.00386,0.01591
1413394001.705817461013794,0.00575,0.00019,0.00002,0.00224,0.00026,0.00173,0.01019
1413394001.755817413330078,0.00522,0.00030,0.00003,0.00298,0.00053,0.00169,0.01075
1413394001.805817365646362,0.00670,0.00036,0.00003,0.00461,0.00027,0.00356,0.01553
1413394001.855817556381226,0.00568,0.00024,0.00002,0.00229,0.00050,0.00158,0.01032
1413394001.905817508697510,0.00555,0.00026,0.00003,0.00251,0.00009,0.00175,0.01018
1413394001.955817461013794,0.00666,0.00030,0.00003,0.00358,0.00014,0.00356,0.01427
1413394002.005817413330078,0.00640,0.00019,0.00012,0.00217,0.00005,0.00175,0.01067
1413394002.105817556381226,0.00656,0.00040,0.00002,0.00252,0.00033,0.00184,0.01167
1413394002.155817508697510,0.00589,0.00019,0.00019,0.00206,0.00049,0.00164,0.01045
1413394002.205817461013794,0.00787,0.00020,0.00006,0.00217,0.00044,0.00182,0.01256
1413394002.255817413330078,0.00729,0.00017,0.00004,0.00207,0.00154,0.00174,0.01285
1413394002.305817365646362,0.00586,0.00029,0.00008,0.00273,0.00007,0.00167,0.01071
1413394002.355817556381226,0.00633,0.00027,0.00003,0.00233,0.00023,0.00179,0.01097
1413394002.405817508697510,0.00580,0.00016,0.00001,0.00205,0.00046,0.00175,0.01023
1413394002.455817461013794,0.00605,0.00026,0.00002,0.00209,0.00013,0.00197,0.01053
1413394002.505817413330078,0.00580,0.00028,0.00002,0.00269,0.00027,0.00181,0.01088
1413394002.555817127227783,0.00588,0.00034,0.00003,0.00415,0.00013,0.00271,0.01324
1413394002.605817317962646,0.00555,0.00026,0.00002,0.00285,0.00009,0.00181,0.01058
1413394002.655817270278931,0.00564,0.00020,0.00002,0.00207,0.00045,0.00198,0.01036
1413394002.705817222595215,0.00554,0.00017,0.00005,0.00206,0.00030,0.00174,0.00986
1413394002.755817174911499,0.00691,0.00027,0.00009,0.00278,0.00115,0.00195,0.01315
1413394002.805817127227783,0.00625,0.00026,0.00002,0.00203,0.00060,0.00168,0.01084
1413394002.855817317962646,0.00668,0.00032,0.00003,0.00358,0.00195,0.00364,0.01620
1413394002.905817270278931,0.00608,0.00019,0.00012,0.00201,0.00007,0.00176,0.01024
1413394002.955817222595215,0.00933,0.00020,0.00024,0.00182,0.00019,0.00166,0.01344
1413394003.005817174911499,0.00793,0.00016,0.00005,0.00195,0.00038,0.00165,0.01212
1413394003.055817127227783,0.00730,0.00018,0.00023,0.00150,0.00011,0.00168,0.01101
1413394003.105817317962646,0.01027,0.00018,0.00033,0.00135,0.00025,0.00154,0.01392
1413394003.155817270278931,0.00893,0.00047,0.00025,0.00211,0.00011,0.00351,0.01539
1413394003.205817222595215,0.00706,0.00019,0.00018,0.00122,0.00005,0.00184,0.01054
1413394003.255817174911499,0.00746,0.00024,0.00016,0.00137,0.00020,0.00168,0.01112
1413394003.305817127227783,0.00604,0.00015,0.00004,0.00116,0.00032,0.00161,0.00932
