# timestamp (sec),tracking,propagation,msckf update,slam update,slam delayed,re-tri & marg,total
1403636624.662616968154907,0.00694,0.00028,0.00075,0.00000,0.00000,0.00332,0.01130
1403636624.713124036788940,0.00736,0.00014,0.00242,0.00000,0.00350,0.00201,0.01542
1403636624.762672424316406,0.00894,0.00030,0.00397,0.00075,0.00000,0.00398,0.01793
1403636624.812351703643799,0.00709,0.00017,0.00009,0.00041,0.00000,0.00199,0.00975
1403636624.862120866775513,0.00712,0.00018,0.00019,0.00036,0.00001,0.00240,0.01026
1403636624.912005901336670,0.00593,0.00017,0.00017,0.00036,0.00009,0.00163,0.00836
1403636624.961941957473755,0.00649,0.00021,0.00027,0.00038,0.00001,0.00228,0.00963
1403636625.012067794799805,0.00723,0.00017,0.00018,0.00037,0.00000,0.00223,0.01018
1403636625.062193393707275,0.00891,0.00017,0.00028,0.00039,0.00000,0.00324,0.01299
1403636625.112521409988403,0.00876,0.00033,0.00127,0.00067,0.00029,0.00343,0.01476
1403636625.162756204605103,0.00701,0.00016,0.00049,0.00029,0.00010,0.00247,0.01052
1403636625.213001728057861,0.00797,0.00032,0.00141,0.00047,0.00075,0.00348,0.01440
1403636625.263056039810181,0.00754,0.00027,0.00142,0.00022,0.00009,0.00280,0.01232
1403636625.313310861587524,0.00875,0.00022,0.00367,0.00025,0.00719,0.00209,0.02217
1403636625.364054679870605,0.00845,0.00039,0.00143,0.00111,0.00775,0.00433,0.02346
1403636625.414569854736328,0.00584,0.00022,0.00055,0.00109,0.00050,0.00215,0.01035
1403636625.464854478836060,0.00605,0.00026,0.00002,0.00117,0.00048,0.00238,0.01037
1403636625.514949560165405,0.00668,0.00029,0.00039,0.00096,0.00102,0.00196,0.01130
1403636625.564885139465332,0.00667,0.00020,0.00009,0.00070,0.00043,0.00237,0.01046
1403636625.614788770675659,0.00709,0.00025,0.00011,0.00100,0.00085,0.00277,0.01206
1403636625.664609909057617,0.00632,0.00042,0.00013,0.00110,0.00135,0.00318,0.01250
1403636625.714283466339111,0.00608,0.00017,0.00040,0.00055,0.00001,0.00185,0.00906
1403636625.764136075973511,0.00575,0.00019,0.00042,0.00049,0.00010,0.00260,0.00954
1403636625.813774585723877,0.00747,0.00015,0.00140,0.00046,0.00004,0.00180,0.01132
1403636625.863468170166016,0.00745,0.00018,0.00244,0.00035,0.00177,0.00232,0.01450
1403636625.913145303726196,0.00885,0.00018,0.00129,0.00041,0.00467,0.00199,0.01739
1403636625.963213205337524,0.00945,0.00030,0.00116,0.00091,0.00022,0.00366,0.01571
1403636626.013238191604614,0.00738,0.00020,0.00041,0.00060,0.00004,0.00224,0.01088
1403636626.063248395919800,0.00735,0.00018,0.00035,0.00040,0.00010,0.00244,0.01080
1403636626.113275051116943,0.00900,0.00024,0.00127,0.00060,0.00070,0.00342,0.01523
1403636626.163262605667114,0.00649,0.00027,0.00044,0.00064,0.00000,0.00219,0.01003
1403636626.213271379470825,0.00852,0.00024,0.00049,0.00048,0.00001,0.00209,0.01183
1403636626.263259649276733,0.00682,0.00018,0.00050,0.00042,0.00038,0.00235,0.01065
1403636626.313294649124146,0.00733,0.00029,0.00025,0.00108,0.00270,0.00338,0.01503
1403636626.363384723663330,0.00701,0.00017,0.00085,0.00061,0.00001,0.00235,0.01101
1403636626.413511276245117,0.00729,0.00015,0.00035,0.00067,0.00355,0.00201,0.01403
1403636626.463593482971191,0.00590,0.00017,0.00052,0.00109,0.00334,0.00215,0.01316
1403636626.513732433319092,0.00663,0.00018,0.00041,0.00140,0.00575,0.00254,0.01691
1403636626.563735961914062,0.00694,0.00027,0.00002,0.00223,0.00319,0.00201,0.01467
1403636626.613765239715576,0.00655,0.00018,0.00031,0.00231,0.00079,0.00181,0.01196
1403636626.663792610168457,0.00574,0.00018,0.00004,0.00249,0.00083,0.00234,0.01162
1403636626.713824272155762,0.00627,0.00025,0.00001,0.00265,0.00000,0.00175,0.01093
1403636626.763886213302612,0.00697,0.00035,0.00003,0.00512,0.00848,0.00333,0.02428
1403636626.813910722732544,0.00726,0.00034,0.00002,0.00490,0.00083,0.00236,0.01571
1403636626.863931894302368,0.00566,0.00022,0.00001,0.00334,0.00000,0.00264,0.01187
1403636626.913941144943237,0.00660,0.00021,0.00168,0.00297,0.00396,0.00175,0.01717
1403636626.963970422744751,0.00631,0.00034,0.00011,0.00557,0.00085,0.00316,0.01635
1403636627.013975620269775,0.00690,0.00036,0.00107,0.00355,0.00096,0.00185,0.01469
1403636627.063991069793701,0.00640,0.00029,0.00015,0.00423,0.00247,0.00236,0.01590
1403636627.113950014114380,0.00732,0.00031,0.00031,0.00376,0.00342,0.00185,0.01698
1403636627.163786411285400,0.00714,0.00046,0.00008,0.00685,0.00070,0.00398,0.01920
1403636627.213598251342773,0.00734,0.00046,0.00026,0.00457,0.00076,0.00186,0.01526
1403636627.263321876525879,0.00629,0.00034,0.00030,0.00479,0.00113,0.00246,0.01531
1403636627.313234806060791,0.00794,0.00048,0.00041,0.00756,0.00001,0.00341,0.01982
1403636627.363195180892944,0.00641,0.00027,0.00005,0.00401,0.00276,0.00245,0.01594
1403636627.413165807723999,0.00710,0.00021,0.00010,0.00430,0.00001,0.00172,0.01344
1403636627.463128805160522,0.00762,0.00038,0.00003,0.00773,0.00000,0.00366,0.01942
1403636627.513145208358765,0.00917,0.00022,0.00133,0.00435,0.00120,0.00222,0.01849
1403636627.563158750534058,0.00801,0.00040,0.00380,0.00802,0.00199,0.00393,0.02614
1403636627.613149166107178,0.00762,0.00038,0.00020,0.00434,0.00101,0.00176,0.01531
1403636627.663144588470459,0.00689,0.00029,0.00003,0.00534,0.00086,0.00234,0.01575
1403636627.713072299957275,0.00777,0.00037,0.00012,0.00461,0.00061,0.00194,0.01542
1403636627.763030052185059,0.00707,0.00019,0.00005,0.00489,0.00045,0.00242,0.01507
1403636627.812961816787720,0.00754,0.00024,0.00005,0.00457,0.00155,0.00205,0.01600
1403636627.862938404083252,0.00849,0.00031,0.00026,0.00496,0.00114,0.00245,0.01762
1403636627.912944793701172,0.00986,0.00052,0.00095,0.00805,0.00116,0.00352,0.02406
1403636627.962996482849121,0.00762,0.00024,0.00106,0.00456,0.00037,0.00200,0.01585
1403636628.013135910034180,0.00686,0.00030,0.00072,0.00412,0.00071,0.00198,0.01470
1403636628.063425064086914,0.00784,0.00028,0.00390,0.00735,0.00325,0.00227,0.02489
1403636628.113672494888306,0.00757,0.00029,0.00197,0.00462,0.00095,0.00239,0.01779
1403636628.163812637329102,0.00829,0.00033,0.00092,0.00495,0.00043,0.00239,0.01731
1403636628.213860750198364,0.00764,0.00046,0.00034,0.00927,0.00040,0.00390,0.02201
1403636628.263870477676392,0.00718,0.00037,0.00066,0.00863,0.00057,0.00369,0.02111
1403636628.313877820968628,0.00846,0.00023,0.00050,0.00379,0.00061,0.00247,0.01606
1403636628.363871574401855,0.00839,0.00045,0.00164,0.00611,0.00094,0.00367,0.02120
1403636628.413871049880981,0.00730,0.00027,0.00392,0.00315,0.00298,0.00205,0.01968
1403636628.463814020156860,0.00779,0.00040,0.00036,0.00685,0.00091,0.00364,0.01995
1403636628.513794898986816,0.00627,0.00019,0.00041,0.00340,0.00024,0.00211,0.01262
1403636628.563773155212402,0.00580,0.00019,0.00055,0.00358,0.00013,0.00215,0.01240
1403636628.613755464553833,0.00745,0.00035,0.00032,0.00358,0.00000,0.00213,0.01383
1403636628.663721323013306,0.00772,0.00051,0.00075,0.00666,0.00375,0.00373,0.02313
1403636628.713689088821411,0.00626,0.00020,0.00009,0.00351,0.00158,0.00211,0.01375
1403636628.763662576675415,0.00699,0.00028,0.00010,0.00355,0.00076,0.00211,0.01379
1403636628.813635349273682,0.00738,0.00032,0.00031,0.00611,0.00043,0.00336,0.01791
1403636628.863616704940796,0.00676,0.00027,0.00438,0.00347,0.00214,0.00199,0.01901
1403636628.913610935211182,0.00655,0.00030,0.00085,0.00368,0.00074,0.00188,0.01399
1403636628.963618040084839,0.00770,0.00041,0.00195,0.00593,0.00188,0.00360,0.02147
1403636629.013610601425171,0.00770,0.00019,0.00134,0.00364,0.00309,0.00241,0.01837
1403636629.063597679138184,0.00727,0.00028,0.00029,0.00460,0.00010,0.00202,0.01457
1403636629.113587379455566,0.00807,0.00026,0.00035,0.00575,0.00088,0.00347,0.01878
1403636629.163574218750000,0.00825,0.00040,0.00528,0.00614,0.00673,0.00185,0.02864
1403636629.213550329208374,0.00755,0.00032,0.00085,0.00428,0.00015,0.00247,0.01561
1403636629.263529777526855,0.00796,0.00026,0.00036,0.00448,0.00122,0.00282,0.01709
1403636629.313507080078125,0.00732,0.00029,0.00021,0.00426,0.00004,0.00171,0.01383
1403636629.363474607467651,0.00634,0.00021,0.00025,0.00428,0.00016,0.00193,0.01317
1403636629.413428783416748,0.00667,0.00029,0.00012,0.00446,0.00078,0.00185,0.01417
1403636629.463412761688232,0.00692,0.00036,0.00884,0.00788,0.00086,0.00299,0.02785
1403636629.513408184051514,0.00583,0.00020,0.00066,0.00448,0.00122,0.00235,0.01475
1403636629.563466548919678,0.00552,0.00018,0.00289,0.00375,0.00076,0.00171,0.01481
1403636629.613509178161621,0.00850,0.00030,0.00058,0.00376,0.00241,0.00243,0.01798
1403636629.663557767868042,0.00712,0.00036,0.00043,0.00384,0.00060,0.00186,0.01422
1403636629.713572025299072,0.00720,0.00040,0.00028,0.00698,0.00024,0.00352,0.01863
1403636629.763574600219727,0.00676,0.00044,0.00133,0.00697,0.00311,0.00383,0.02244
1403636629.813573360443115,0.00596,0.00028,0.00040,0.00526,0.00021,0.00301,0.01512
1403636629.863563537597656,0.00621,0.00036,0.00023,0.00496,0.00091,0.00251,0.01518
1403636629.913553237915039,0.00802,0.00036,0.00023,0.00327,0.00000,0.00255,0.01444
1403636629.963549613952637,0.00629,0.00028,0.00021,0.00317,0.00015,0.00179,0.01189
1403636630.013529777526855,0.00787,0.00056,0.00030,0.00620,0.00151,0.00349,0.01994
1403636630.063546657562256,0.00610,0.00019,0.00050,0.00235,0.00222,0.00219,0.01357
1403636630.113554716110229,0.00613,0.00022,0.00031,0.00232,0.00139,0.00216,0.01254
1403636630.163570404052734,0.00642,0.00036,0.00275,0.00226,0.00265,0.00197,0.01641
1403636630.213577508926392,0.00748,0.00023,0.00029,0.00268,0.00034,0.00230,0.01331
1403636630.263591527938843,0.00688,0.00019,0.00029,0.00280,0.00012,0.00229,0.01258
1403636630.313572883605957,0.00723,0.00051,0.00042,0.00419,0.00000,0.00309,0.01544
1403636630.363550424575806,0.00537,0.00021,0.00004,0.00247,0.00013,0.00196,0.01017
1403636630.413536548614502,0.00574,0.00025,0.00026,0.00256,0.00019,0.00220,0.01121
1403636630.463515043258667,0.00566,0.00024,0.00008,0.00225,0.00067,0.00170,0.01060
1403636630.513514757156372,0.00792,0.00020,0.00040,0.00194,0.00011,0.00223,0.01280
1403636630.563497781753540,0.00755,0.00044,0.00059,0.00394,0.00019,0.00295,0.01566
1403636630.613495826721191,0.00664,0.00021,0.00029,0.00209,0.00000,0.00203,0.01126
1403636630.663499116897583,0.00554,0.00025,0.00055,0.00270,0.00035,0.00181,0.01121
1403636630.713506221771240,0.00531,0.00017,0.00033,0.00175,0.00067,0.00177,0.01001
1403636630.763482570648193,0.00677,0.00047,0.00007,0.00369,0.00513,0.00326,0.01941
1403636630.813475131988525,0.00532,0.00027,0.00094,0.00268,0.00055,0.00206,0.01182
1403636630.863475322723389,0.00849,0.00023,0.00017,0.00361,0.00000,0.00244,0.01494
1403636630.913472652435303,0.00570,0.00023,0.00027,0.00247,0.00000,0.00235,0.01103
1403636630.963472843170166,0.00366,0.00018,0.00057,0.00216,0.00013,0.00179,0.00850
1403636631.013472318649292,0.00434,0.00030,0.00021,0.00237,0.00140,0.00215,0.01078
1403636631.063465595245361,0.00466,0.00029,0.00362,0.00220,0.00254,0.00193,0.01523
1403636631.113448858261108,0.00709,0.00020,0.00015,0.00261,0.00001,0.00214,0.01219
1403636631.163443565368652,0.00810,0.00018,0.00010,0.00267,0.00001,0.00199,0.01307
1403636631.213435411453247,0.00677,0.00033,0.00032,0.00521,0.00020,0.00291,0.01573
1403636631.263419866561890,0.00591,0.00018,0.00042,0.00259,0.00009,0.00184,0.01102
1403636631.313414573669434,0.00659,0.00037,0.00080,0.00432,0.00077,0.00362,0.01647
1403636631.363409042358398,0.00592,0.00029,0.00009,0.00294,0.00046,0.00203,0.01174
1403636631.413408517837524,0.00546,0.00024,0.00011,0.00251,0.00110,0.00216,0.01158
1403636631.463406324386597,0.00612,0.00019,0.00007,0.00250,0.00003,0.00184,0.01074
1403636631.513400554656982,0.00578,0.00024,0.00001,0.00266,0.00000,0.00251,0.01121
1403636631.563401937484741,0.00403,0.00023,0.00010,0.00248,0.00003,0.00211,0.00899
1403636631.613403558731079,0.00437,0.00021,0.00006,0.00247,0.00000,0.00223,0.00934
1403636631.663407087326050,0.00469,0.00029,0.00363,0.00193,0.00161,0.00187,0.01401
1403636631.713415145874023,0.00525,0.00019,0.00007,0.00235,0.01240,0.00227,0.02253
1403636631.763420104980469,0.00593,0.00019,0.00017,0.00376,0.00119,0.00217,0.01342
1403636631.813422918319702,0.00746,0.00023,0.00009,0.00409,0.00001,0.00261,0.01449
1403636631.863421201705933,0.00541,0.00021,0.00006,0.00369,0.00010,0.00186,0.01133
1403636631.913428306579590,0.00571,0.00019,0.00010,0.00337,0.00027,0.00219,0.01183
1403636631.963403701782227,0.00916,0.00058,0.00084,0.00582,0.00074,0.00373,0.02088
1403636632.013367891311646,0.00576,0.00037,0.00008,0.00363,0.00081,0.00213,0.01278
1403636632.063367366790771,0.00642,0.00021,0.00002,0.00383,0.00109,0.00178,0.01335
1403636632.113384723663330,0.00586,0.00024,0.00010,0.00389,0.00000,0.00220,0.01229
1403636632.163393497467041,0.00697,0.00030,0.00026,0.00372,0.00001,0.00217,0.01344
1403636632.213384866714478,0.00563,0.00033,0.00002,0.00365,0.00000,0.00245,0.01208
1403636632.263393878936768,0.00575,0.00028,0.00488,0.00325,0.00053,0.00237,0.01705
1403636632.313407659530640,0.00601,0.00020,0.00002,0.00362,0.00011,0.00249,0.01245
1403636632.363429307937622,0.00714,0.00022,0.00001,0.00379,0.00000,0.00233,0.01350
1403636632.413443565368652,0.00656,0.00022,0.00001,0.00338,0.00057,0.00250,0.01324
1403636632.463453769683838,0.00747,0.00026,0.00009,0.00365,0.00011,0.00245,0.01403
1403636632.513455629348755,0.00552,0.00020,0.00004,0.00337,0.00145,0.00239,0.01297
1403636632.563462972640991,0.00698,0.00034,0.00002,0.00387,0.00033,0.00229,0.01384
1403636632.613466024398804,0.00709,0.00020,0.00002,0.00338,0.00015,0.00246,0.01330
1403636632.663471460342407,0.00734,0.00032,0.00033,0.00338,0.00002,0.00257,0.01396
1403636632.713476896286011,0.00411,0.00022,0.00013,0.00302,0.00013,0.00181,0.00942
1403636632.763470172882080,0.00597,0.00034,0.00014,0.00324,0.00106,0.00222,0.01296
1403636632.813470125198364,0.00617,0.00031,0.00010,0.00394,0.00000,0.00204,0.01257
1403636632.863472700119019,0.00605,0.00028,0.00215,0.00312,0.00043,0.00202,0.01406
1403636632.913504123687744,0.00649,0.00028,0.00016,0.00363,0.00023,0.00179,0.01257
1403636632.963533401489258,0.00619,0.00035,0.00022,0.00358,0.00001,0.00270,0.01305
1403636633.013567924499512,0.00671,0.00024,0.00012,0.00325,0.00000,0.00216,0.01248
1403636633.063589811325073,0.00585,0.00021,0.00002,0.00320,0.00012,0.00223,0.01162
1403636633.113594770431519,0.00684,0.00042,0.00006,0.00503,0.00184,0.00299,0.01719
1403636633.163604259490967,0.00631,0.00027,0.00114,0.00331,0.00741,0.00174,0.02018
1403636633.213608503341675,0.00649,0.00021,0.00002,0.00414,0.00012,0.00220,0.01318
1403636633.263603448867798,0.00645,0.00025,0.00007,0.00453,0.00111,0.00185,0.01427
1403636633.313591003417969,0.00590,0.00019,0.00010,0.00425,0.00081,0.00213,0.01339
1403636633.363595485687256,0.00622,0.00030,0.00063,0.00452,0.00020,0.00222,0.01409
1403636633.413603067398071,0.00721,0.00031,0.00002,0.00716,0.00389,0.00307,0.02166
1403636633.463592290878296,0.00612,0.00049,0.00626,0.00714,0.00033,0.00181,0.02215
1403636633.513591289520264,0.00611,0.00020,0.00006,0.00469,0.00010,0.00217,0.01333
1403636633.563578367233276,0.00571,0.00020,0.00020,0.00447,0.00500,0.00151,0.01710
1403636633.613585948944092,0.00682,0.00036,0.00031,0.00793,0.00044,0.00298,0.01885
1403636633.663590908050537,0.00604,0.00031,0.00041,0.00520,0.00023,0.00159,0.01378
1403636633.713593482971191,0.00594,0.00023,0.00002,0.00535,0.00009,0.00187,0.01350
1403636633.763593912124634,0.00702,0.00047,0.00306,0.00926,0.00045,0.00306,0.02333
1403636633.813592910766602,0.00625,0.00040,0.00017,0.01136,0.00051,0.00332,0.02200
1403636633.863597154617310,0.00616,0.00021,0.00001,0.00452,0.00000,0.00183,0.01274
1403636633.913594007492065,0.00802,0.00042,0.00043,0.00773,0.00055,0.00301,0.02015
1403636633.963577270507812,0.00747,0.00030,0.00072,0.00428,0.00034,0.00183,0.01493
1403636634.013587951660156,0.00715,0.00035,0.00025,0.00445,0.00017,0.00238,0.01475
1403636634.063594102859497,0.00625,0.00023,0.00272,0.00393,0.00345,0.00195,0.01853
1403636634.113599300384521,0.00620,0.00027,0.00007,0.00476,0.00024,0.00194,0.01347
1403636634.163605928421021,0.00608,0.00034,0.00015,0.00451,0.00151,0.00177,0.01436
1403636634.213621377944946,0.00777,0.00041,0.00061,0.00858,0.00051,0.00353,0.02141
1403636634.263622522354126,0.00640,0.00022,0.00009,0.00368,0.00012,0.00208,0.01259
1403636634.313614606857300,0.00604,0.00027,0.00065,0.00358,0.00008,0.00180,0.01241
1403636634.363593339920044,0.00632,0.00031,0.00013,0.00535,0.00361,0.00187,0.01760
1403636634.413580417633057,0.00610,0.00029,0.00022,0.00423,0.00008,0.00215,0.01307
1403636634.463574171066284,0.00565,0.00020,0.00005,0.00328,0.00014,0.00212,0.01144
1403636634.513578176498413,0.00674,0.00041,0.00160,0.00606,0.00041,0.00336,0.01858
1403636634.563587665557861,0.00583,0.00030,0.00091,0.00309,0.00150,0.00214,0.01377
1403636634.613599061965942,0.00589,0.00039,0.00015,0.00660,0.00253,0.00370,0.01926
1403636634.663604021072388,0.00549,0.00024,0.00026,0.00312,0.00293,0.00164,0.01368
1403636634.763600826263428,0.00711,0.00067,0.00186,0.00573,0.00384,0.00273,0.02195
1403636634.813600778579712,0.00454,0.00019,0.00469,0.00355,0.00462,0.00181,0.01939
1403636634.863595724105835,0.00575,0.00029,0.00019,0.00444,0.00015,0.00217,0.01298
1403636634.913592100143433,0.00552,0.00022,0.00026,0.00426,0.00009,0.00161,0.01197
1403636634.963586330413818,0.00684,0.00040,0.00013,0.00678,0.00033,0.00317,0.01765
1403636635.013587236404419,0.00550,0.00026,0.00013,0.00577,0.00244,0.00234,0.01644
1403636635.063586950302124,0.00549,0.00027,0.00035,0.00398,0.00031,0.00226,0.01266
1403636635.113586902618408,0.00689,0.00031,0.00126,0.00603,0.00021,0.00323,0.01793
1403636635.163587093353271,0.00668,0.00032,0.00013,0.00360,0.00018,0.00189,0.01280
1403636635.213587999343872,0.00626,0.00027,0.00014,0.00509,0.00033,0.00291,0.01501
1403636635.263590097427368,0.00666,0.00025,0.00025,0.00474,0.00210,0.00303,0.01703
1403636635.313585281372070,0.00614,0.00036,0.00013,0.00335,0.01072,0.00206,0.02276
1403636635.363580465316772,0.00771,0.00048,0.00020,0.00793,0.00029,0.00303,0.01963
1403636635.413583993911743,0.00605,0.00020,0.00444,0.00449,0.00018,0.00172,0.01708
1403636635.463580846786499,0.00624,0.00025,0.00013,0.00364,0.00069,0.00158,0.01252
1403636635.513578414916992,0.00617,0.00021,0.00005,0.00362,0.00077,0.00169,0.01253
1403636635.563571691513062,0.00622,0.00027,0.00051,0.00551,0.00053,0.00252,0.01555
1403636635.613571882247925,0.00579,0.00035,0.00218,0.00649,0.00124,0.00345,0.01949
1403636635.663568019866943,0.00669,0.00037,0.00187,0.00294,0.00008,0.00271,0.01466
1403636635.713554143905640,0.00769,0.00019,0.00021,0.00280,0.01139,0.00190,0.02419
1403636635.763570785522461,0.00628,0.00022,0.00027,0.00371,0.00015,0.00186,0.01250
1403636635.813585996627808,0.00747,0.00042,0.00107,0.00525,0.00086,0.00351,0.01859
1403636635.863564968109131,0.00616,0.00020,0.00051,0.00233,0.00035,0.00237,0.01191
1403636635.913545846939087,0.00698,0.00029,0.00035,0.00205,0.00039,0.00229,0.01236
1403636635.963520765304565,0.00673,0.00033,0.00031,0.00301,0.00024,0.00279,0.01340
1403636636.013484001159668,0.00644,0.00033,0.00111,0.00353,0.00701,0.00282,0.02125
1403636636.063457012176514,0.00744,0.00019,0.00034,0.00279,0.00020,0.00212,0.01309
1403636636.113454103469849,0.00466,0.00020,0.00038,0.00274,0.00055,0.00220,0.01074
1403636636.163463592529297,0.00583,0.00019,0.00059,0.00244,0.00008,0.00177,0.01090
1403636636.213475942611694,0.00752,0.00020,0.00152,0.00228,0.00307,0.00192,0.01651
1403636636.263478517532349,0.00758,0.00026,0.00232,0.00443,0.00746,0.00246,0.02451
1403636636.313488006591797,0.00622,0.00028,0.00098,0.00269,0.00046,0.00144,0.01209
1403636636.363498687744141,0.00692,0.00031,0.00042,0.00245,0.00000,0.00177,0.01186
1403636636.413504600524902,0.00640,0.00027,0.00081,0.00174,0.00013,0.00191,0.01125
1403636636.463525533676147,0.00776,0.00023,0.00103,0.00204,0.00265,0.00257,0.01629
1403636636.513514518737793,0.00668,0.00018,0.00027,0.00156,0.00192,0.00191,0.01254
1403636636.563513994216919,0.00703,0.00034,0.00043,0.00235,0.00166,0.00344,0.01525
1403636636.613507509231567,0.00602,0.00027,0.00062,0.00172,0.00406,0.00173,0.01441
1403636636.663504123687744,0.00615,0.00019,0.00029,0.00209,0.00003,0.00216,0.01091
1403636636.713502407073975,0.00781,0.00046,0.00023,0.00400,0.00121,0.00335,0.01706
1403636636.763486385345459,0.00763,0.00032,0.00085,0.00324,0.00481,0.00282,0.01967
1403636636.813470363616943,0.00569,0.00029,0.00046,0.00284,0.00152,0.00189,0.01269
1403636636.863457918167114,0.00767,0.00042,0.00027,0.00473,0.00040,0.00354,0.01703
1403636636.913429498672485,0.00588,0.00021,0.00006,0.00264,0.00220,0.00225,0.01324
1403636636.963436603546143,0.00557,0.00020,0.00002,0.00259,0.00011,0.00172,0.01021
1403636637.013448238372803,0.00603,0.00025,0.00016,0.00314,0.00466,0.00214,0.01638
1403636637.063461780548096,0.00630,0.00022,0.00027,0.00328,0.00015,0.00284,0.01306
1403636637.113462209701538,0.00568,0.00022,0.00036,0.00309,0.00235,0.00212,0.01383
1403636637.163464546203613,0.00556,0.00017,0.00034,0.00311,0.00126,0.00178,0.01223
1403636637.213461875915527,0.00577,0.00025,0.00009,0.00337,0.00068,0.00220,0.01237
1403636637.263464927673340,0.00620,0.00034,0.00119,0.00313,0.00220,0.00214,0.01521
1403636637.313465356826782,0.00688,0.00051,0.00064,0.00741,0.00204,0.00345,0.02093
1403636637.363463163375854,0.00552,0.00020,0.00027,0.00386,0.00239,0.00222,0.01447
1403636637.413461685180664,0.00640,0.00022,0.00002,0.00428,0.00454,0.00191,0.01737
1403636637.463435411453247,0.00662,0.00034,0.00009,0.00819,0.00040,0.00356,0.01920
1403636637.513386011123657,0.00608,0.00031,0.00002,0.00476,0.00128,0.00166,0.01411
1403636637.563373327255249,0.00616,0.00029,0.00036,0.00470,0.00038,0.00175,0.01364
1403636637.613374471664429,0.00645,0.00030,0.00068,0.00460,0.00009,0.00255,0.01467
1403636637.663365125656128,0.00741,0.00021,0.00030,0.00397,0.00032,0.00230,0.01452
1403636637.713351249694824,0.00735,0.00020,0.00014,0.00374,0.00043,0.00233,0.01418
1403636637.763345003128052,0.00893,0.00033,0.00094,0.00529,0.00059,0.00318,0.01926
1403636637.813336610794067,0.00676,0.00020,0.00030,0.00297,0.00385,0.00253,0.01660
1403636637.863332986831665,0.00716,0.00020,0.00034,0.00344,0.00230,0.00213,0.01558
1403636637.913326025009155,0.00741,0.00035,0.00068,0.00636,0.00232,0.00318,0.02029
1403636637.963326215744019,0.00659,0.00021,0.00416,0.00385,0.00267,0.00186,0.01933
1403636638.013343334197998,0.00564,0.00021,0.00010,0.00442,0.00003,0.00195,0.01235
1403636638.063359737396240,0.00571,0.00020,0.00016,0.00437,0.00003,0.00195,0.01243
1403636638.113371372222900,0.00784,0.00038,0.00006,0.00461,0.00006,0.00326,0.01620
1403636638.163376808166504,0.00724,0.00027,0.00023,0.00431,0.00120,0.00224,0.01550
1403636638.213405132293701,0.00618,0.00037,0.00044,0.00415,0.00026,0.00269,0.01408
1403636638.263406753540039,0.00798,0.00042,0.00003,0.00858,0.00000,0.00340,0.02042
1403636638.313442945480347,0.00583,0.00020,0.00041,0.00414,0.00056,0.00276,0.01389
1403636638.363488912582397,0.00730,0.00033,0.00018,0.00712,0.00065,0.00363,0.01921
1403636638.413519144058228,0.00582,0.00034,0.00007,0.00389,0.00015,0.00285,0.01313
1403636638.463535547256470,0.00718,0.00030,0.00033,0.00373,0.00024,0.00227,0.01405
1403636638.513535499572754,0.00856,0.00044,0.00005,0.00360,0.00508,0.00320,0.02092
1403636638.563529968261719,0.00675,0.00019,0.00030,0.00395,0.00128,0.00207,0.01453
1403636638.613535165786743,0.00587,0.00035,0.00005,0.00406,0.00000,0.00268,0.01301
1403636638.663548231124878,0.00778,0.00023,0.00051,0.00403,0.00170,0.00243,0.01668
1403636638.713554143905640,0.00831,0.00028,0.00034,0.00428,0.00007,0.00274,0.01603
1403636638.763551473617554,0.00712,0.00020,0.00052,0.00341,0.00017,0.00211,0.01354
1403636638.813552379608154,0.00747,0.00033,0.00089,0.00330,0.00117,0.00254,0.01570
1403636638.863546848297119,0.00658,0.00027,0.00095,0.00312,0.00015,0.00207,0.01315
1403636638.913544416427612,0.00620,0.00019,0.00046,0.00231,0.00049,0.00199,0.01165
1403636638.963542699813843,0.00651,0.00025,0.00195,0.00241,0.00019,0.00266,0.01397
1403636639.013537883758545,0.00689,0.00028,0.00053,0.00251,0.00053,0.00203,0.01277
1403636639.063539266586304,0.00604,0.00019,0.00013,0.00261,0.00420,0.00163,0.01480
1403636639.113547801971436,0.00886,0.00047,0.00023,0.00365,0.00182,0.00350,0.01854
1403636639.163551807403564,0.00686,0.00028,0.00096,0.00222,0.00321,0.00191,0.01545
1403636639.213551759719849,0.00613,0.00020,0.00095,0.00236,0.00141,0.00159,0.01264
1403636639.263545751571655,0.00607,0.00024,0.00019,0.00263,0.00370,0.00169,0.01453
1403636639.313544273376465,0.00659,0.00021,0.00047,0.00286,0.00007,0.00179,0.01199
1403636639.363544464111328,0.00618,0.00030,0.00072,0.00259,0.00003,0.00222,0.01205
1403636639.413551330566406,0.00816,0.00028,0.00002,0.00386,0.00118,0.00254,0.01603
1403636639.463524103164673,0.00719,0.00038,0.00119,0.00545,0.00272,0.00446,0.02140
1403636639.513521194458008,0.00754,0.00036,0.00013,0.00569,0.00061,0.00333,0.01766
1403636639.563503265380859,0.00532,0.00027,0.00192,0.00245,0.00084,0.00173,0.01254
1403636639.613491535186768,0.00635,0.00020,0.00145,0.00242,0.00014,0.00185,0.01240
1403636639.663482427597046,0.00653,0.00028,0.00108,0.00183,0.00850,0.00191,0.02013
1403636639.713493347167969,0.00683,0.00049,0.00206,0.00537,0.00028,0.00323,0.01827
1403636639.763502836227417,0.00627,0.00023,0.00030,0.00279,0.00067,0.00204,0.01231
1403636639.813515663146973,0.00590,0.00028,0.00004,0.00300,0.00215,0.00198,0.01336
1403636639.863519906997681,0.00567,0.00058,0.00021,0.00267,0.00260,0.00228,0.01402
1403636639.913519620895386,0.00682,0.00026,0.00058,0.00306,0.00127,0.00185,0.01384
1403636639.963521957397461,0.00577,0.00020,0.00026,0.00315,0.00547,0.00179,0.01664
1403636640.013523578643799,0.00862,0.00047,0.00022,0.00742,0.00008,0.00360,0.02041
1403636640.063526153564453,0.00619,0.00019,0.00030,0.00378,0.00033,0.00215,0.01295
1403636640.113523960113525,0.00712,0.00019,0.00037,0.00352,0.00044,0.00277,0.01442
1403636640.163532733917236,0.00636,0.00040,0.00047,0.00370,0.00003,0.00258,0.01354
1403636640.213539600372314,0.00618,0.00038,0.00437,0.00653,0.00355,0.00293,0.02395
1403636640.263529539108276,0.00589,0.00025,0.00018,0.00349,0.00054,0.00210,0.01244
1403636640.313526868820190,0.00707,0.00051,0.00011,0.00639,0.00134,0.00325,0.01866
1403636640.363522052764893,0.00788,0.00038,0.00094,0.00481,0.00123,0.00329,0.01852
1403636640.413527727127075,0.00754,0.00020,0.00002,0.00297,0.00000,0.00215,0.01287
1403636640.463517427444458,0.00685,0.00027,0.00024,0.00349,0.00259,0.00234,0.01579
1403636640.513520717620850,0.00887,0.00051,0.00027,0.00653,0.00046,0.00340,0.02004
1403636640.563518762588501,0.00651,0.00019,0.00020,0.00335,0.00883,0.00149,0.02057
1403636640.613517045974731,0.00856,0.00044,0.00018,0.00737,0.00008,0.00356,0.02020
1403636640.663528442382812,0.00708,0.00040,0.00018,0.00839,0.00036,0.00351,0.01993
1403636640.713535547256470,0.00725,0.00020,0.00006,0.00440,0.00036,0.00191,0.01419
1403636640.763537645339966,0.00698,0.00035,0.00031,0.00786,0.00027,0.00373,0.01951
1403636640.813533782958984,0.00612,0.00021,0.00005,0.00455,0.00027,0.00195,0.01316
1403636640.863529443740845,0.00600,0.00023,0.00002,0.00456,0.00000,0.00207,0.01289
1403636640.913527727127075,0.00625,0.00038,0.00287,0.00439,0.00491,0.00226,0.02104
1403636640.963524818420410,0.00785,0.00041,0.00012,0.00856,0.00222,0.00302,0.02218
1403636641.013524055480957,0.00621,0.00032,0.00014,0.00607,0.00000,0.00151,0.01425
1403636641.063521146774292,0.00591,0.00045,0.00051,0.00543,0.00033,0.00159,0.01423
1403636641.113524436950684,0.00736,0.00059,0.00028,0.00858,0.00097,0.00317,0.02094
1403636641.163524866104126,0.00643,0.00046,0.00149,0.00509,0.00046,0.00213,0.01606
1403636641.213529825210571,0.00657,0.00036,0.00002,0.00503,0.00127,0.00216,0.01541
1403636641.263532876968384,0.00692,0.00044,0.00003,0.01001,0.00037,0.00356,0.02133
1403636641.313536167144775,0.00646,0.00038,0.00007,0.00535,0.00040,0.00166,0.01432
1403636641.363539457321167,0.00710,0.00040,0.00003,0.01052,0.00006,0.00343,0.02155
1403636641.413544416427612,0.00617,0.00048,0.00030,0.00567,0.00015,0.00190,0.01467
1403636641.463539123535156,0.00591,0.00027,0.00011,0.00526,0.00127,0.00198,0.01480
1403636641.513533353805542,0.00700,0.00044,0.00278,0.00888,0.00466,0.00313,0.02689
1403636641.563529491424561,0.00580,0.00020,0.00033,0.00531,0.00008,0.00227,0.01399
1403636641.613531112670898,0.00598,0.00030,0.00017,0.00543,0.00017,0.00195,0.01401
1403636641.663544893264771,0.00733,0.00062,0.00054,0.00902,0.00067,0.00340,0.02159
1403636641.713545322418213,0.00600,0.00029,0.00008,0.00537,0.00021,0.00197,0.01393
1403636641.763529777526855,0.00596,0.00023,0.00006,0.00547,0.00046,0.00213,0.01431
1403636641.813524007797241,0.00625,0.00027,0.00002,0.00584,0.00006,0.00227,0.01471
1403636641.863544940948486,0.00600,0.00040,0.00004,0.00992,0.00032,0.00292,0.01961
1403636641.913550138473511,0.00577,0.00031,0.00009,0.00537,0.00034,0.00219,0.01408
1403636641.963557720184326,0.00807,0.00033,0.00031,0.00817,0.00004,0.00339,0.02030
1403636642.013552188873291,0.00663,0.00042,0.00133,0.00895,0.00033,0.00293,0.02060
1403636642.063542604446411,0.00618,0.00028,0.00002,0.00510,0.00017,0.00223,0.01399
1403636642.113545656204224,0.00553,0.00021,0.00008,0.00413,0.00267,0.00200,0.01463
1403636642.163551807403564,0.00719,0.00037,0.00003,0.00740,0.00045,0.00345,0.01889
1403636642.213552236557007,0.00612,0.00020,0.00021,0.00408,0.00027,0.00218,0.01306
1403636642.263547897338867,0.00583,0.00048,0.00020,0.00521,0.00040,0.00203,0.01415
1403636642.313547372817993,0.00607,0.00035,0.00097,0.00717,0.00031,0.00280,0.01767
1403636642.363543748855591,0.00574,0.00037,0.00002,0.00441,0.00098,0.00220,0.01372
1403636642.413543224334717,0.00609,0.00026,0.00004,0.00552,0.00005,0.00185,0.01382
1403636642.463544845581055,0.00604,0.00039,0.00095,0.00769,0.00030,0.00278,0.01815
1403636642.513553142547607,0.00577,0.00021,0.00335,0.00432,0.00692,0.00204,0.02260
1403636642.563549518585205,0.00656,0.00041,0.00002,0.00992,0.00006,0.00334,0.02032
1403636642.613552570343018,0.00607,0.00032,0.00036,0.00671,0.00010,0.00184,0.01539
1403636642.663550615310669,0.00608,0.00046,0.00014,0.00594,0.00010,0.00168,0.01440
1403636642.713556289672852,0.00728,0.00043,0.00018,0.01056,0.00065,0.00416,0.02326
1403636642.763558387756348,0.00822,0.00030,0.00037,0.00553,0.00008,0.00204,0.01654
1403636642.813558101654053,0.00590,0.00025,0.00018,0.00549,0.00253,0.00143,0.01578
1403636642.863551378250122,0.00709,0.00041,0.00110,0.01170,0.00006,0.00296,0.02333
1403636642.913544893264771,0.00670,0.00035,0.00019,0.00932,0.00007,0.00320,0.01984
1403636642.963541030883789,0.00650,0.00026,0.00016,0.00533,0.00039,0.00216,0.01481
1403636643.013536691665649,0.00568,0.00020,0.00002,0.00522,0.00006,0.00175,0.01293
1403636643.063529014587402,0.00704,0.00065,0.00003,0.00943,0.00034,0.00343,0.02091
1403636643.113527297973633,0.00589,0.00021,0.00015,0.00538,0.00028,0.00246,0.01437
1403636643.163525342941284,0.00727,0.00034,0.00002,0.00831,0.00000,0.00340,0.01934
1403636643.213528156280518,0.00635,0.00032,0.00017,0.00568,0.00012,0.00260,0.01524
1403636643.263533353805542,0.00603,0.00022,0.00016,0.00508,0.00014,0.00188,0.01352
1403636643.313534736633301,0.00553,0.00040,0.00417,0.00498,0.00239,0.00268,0.02016
1403636643.363533973693848,0.00754,0.00033,0.00050,0.00922,0.00014,0.00267,0.02039
1403636643.413530826568604,0.00666,0.00022,0.00026,0.00536,0.00000,0.00243,0.01495
1403636643.463532209396362,0.00676,0.00021,0.00059,0.00507,0.00012,0.00177,0.01452
1403636643.513535261154175,0.00565,0.00019,0.00019,0.00532,0.00121,0.00242,0.01498
1403636643.563533544540405,0.00652,0.00034,0.00006,0.00515,0.00162,0.00199,0.01568
1403636643.613529682159424,0.00626,0.00019,0.00002,0.00544,0.00006,0.00251,0.01448
1403636643.663533210754395,0.00739,0.00046,0.00009,0.01014,0.00032,0.00322,0.02163
1403636643.713528394699097,0.00584,0.00020,0.00010,0.00508,0.00265,0.00234,0.01621
1403636643.763525724411011,0.00877,0.00047,0.00027,0.00965,0.00001,0.00345,0.02262
1403636643.813524723052979,0.00660,0.00029,0.00131,0.00735,0.00016,0.00364,0.01937
1403636643.863521337509155,0.00609,0.00022,0.00033,0.00484,0.00209,0.00293,0.01651
1403636643.913527727127075,0.00683,0.00027,0.00414,0.00459,0.00345,0.00270,0.02198
1403636643.963525533676147,0.00679,0.00037,0.00016,0.00502,0.00038,0.00203,0.01475
1403636644.013526916503906,0.00663,0.00066,0.00009,0.00578,0.00003,0.00249,0.01568
1403636644.063527345657349,0.00779,0.00048,0.00041,0.00752,0.00032,0.00245,0.01897
1403636644.113528013229370,0.00622,0.00030,0.00020,0.00458,0.00128,0.00251,0.01509
1403636644.163531303405762,0.00629,0.00022,0.00006,0.00470,0.00038,0.00213,0.01378
1403636644.213527679443359,0.00641,0.00032,0.00067,0.00450,0.00071,0.00254,0.01515
1403636644.263524055480957,0.00648,0.00031,0.00047,0.00731,0.00052,0.00259,0.01769
1403636644.313521623611450,0.00629,0.00038,0.00487,0.00488,0.00343,0.00247,0.02231
1403636644.363526821136475,0.00659,0.00023,0.00016,0.00508,0.00000,0.00190,0.01398
1403636644.413542985916138,0.00781,0.00057,0.00135,0.00924,0.00044,0.00432,0.02373
1403636644.463567972183228,0.00863,0.00033,0.00090,0.00460,0.00254,0.00205,0.01905
1403636644.513585567474365,0.00702,0.00061,0.00426,0.01037,0.00268,0.00389,0.02883
1403636644.563601732254028,0.00700,0.00038,0.00040,0.00896,0.00044,0.00277,0.01996
1403636644.613616943359375,0.00588,0.00039,0.00002,0.00448,0.00000,0.00218,0.01294
1403636644.663641691207886,0.00665,0.00020,0.00036,0.00434,0.00087,0.00174,0.01417
1403636644.713649749755859,0.00609,0.00038,0.00030,0.00403,0.00002,0.00279,0.01362
1403636644.763648748397827,0.00680,0.00036,0.00034,0.00770,0.00083,0.00354,0.01958
1403636644.813641309738159,0.00758,0.00039,0.00045,0.00723,0.00004,0.00328,0.01897
1403636644.863644361495972,0.00768,0.00036,0.00173,0.00657,0.00046,0.00370,0.02050
1403636644.913651227951050,0.00605,0.00019,0.00129,0.00286,0.00130,0.00205,0.01374
1403636644.963654994964600,0.00550,0.00019,0.00031,0.00292,0.00002,0.00187,0.01082
1403636645.013678550720215,0.00664,0.00025,0.00010,0.00282,0.01479,0.00182,0.02643
1403636645.063701391220093,0.00700,0.00037,0.00063,0.00767,0.00052,0.00329,0.01948
1403636645.113706111907959,0.00592,0.00034,0.00024,0.00660,0.00472,0.00254,0.02036
1403636645.163712501525879,0.00604,0.00054,0.00036,0.00526,0.00268,0.00318,0.01805
1403636645.213700294494629,0.00799,0.00044,0.00050,0.00534,0.00001,0.00299,0.01728
1403636645.263676166534424,0.00600,0.00029,0.00023,0.00474,0.00388,0.00171,0.01686
1403636645.313644647598267,0.00535,0.00017,0.00004,0.00338,0.00022,0.00166,0.01081
1403636645.363602876663208,0.00519,0.00019,0.00028,0.00452,0.01001,0.00196,0.02215
1403636645.413592576980591,0.00515,0.00018,0.00028,0.00391,0.00015,0.00168,0.01136
1403636645.463585615158081,0.00593,0.00031,0.00046,0.00401,0.00021,0.00192,0.01284
1403636645.513585567474365,0.00587,0.00035,0.00003,0.00782,0.00137,0.00350,0.01895
1403636645.563583374023438,0.00561,0.00032,0.00101,0.00552,0.01220,0.00236,0.02702
1403636645.613579034805298,0.00697,0.00024,0.00160,0.00511,0.00038,0.00285,0.01715
1403636645.663575172424316,0.00579,0.00022,0.00041,0.00480,0.00187,0.00176,0.01486
1403636645.713570117950439,0.00567,0.00050,0.00034,0.00531,0.00006,0.00175,0.01362
1403636645.763552188873291,0.00601,0.00042,0.00941,0.00585,0.00377,0.00165,0.02712
1403636645.813549757003784,0.00659,0.00065,0.00002,0.00506,0.00000,0.00257,0.01488
1403636645.863549947738647,0.00652,0.00041,0.00204,0.00487,0.00031,0.00207,0.01622
1403636645.913547515869141,0.00622,0.00039,0.00066,0.00932,0.00024,0.00371,0.02054
1403636645.963538646697998,0.00519,0.00036,0.00049,0.00444,0.00002,0.00205,0.01256
1403636646.013532638549805,0.00546,0.00018,0.00051,0.00433,0.00004,0.00226,0.01277
1403636646.063526630401611,0.00815,0.00046,0.00168,0.00362,0.00024,0.00221,0.01635
1403636646.113527297973633,0.00611,0.00019,0.00063,0.00337,0.00060,0.00266,0.01356
1403636646.163521766662598,0.00682,0.00043,0.00023,0.00568,0.01062,0.00260,0.02639
1403636646.213520050048828,0.00547,0.00025,0.00011,0.00406,0.00123,0.00185,0.01296
1403636646.263519763946533,0.00703,0.00021,0.00153,0.00355,0.00110,0.00194,0.01537
1403636646.313515901565552,0.00784,0.00056,0.00058,0.00744,0.00198,0.00454,0.02294
1403636646.363501787185669,0.00667,0.00034,0.00192,0.00354,0.00917,0.00156,0.02320
1403636646.413498401641846,0.00631,0.00046,0.00168,0.00480,0.00000,0.00245,0.01569
1403636646.463496923446655,0.00783,0.00019,0.00375,0.00450,0.00138,0.00221,0.01987
1403636646.513493776321411,0.00785,0.00084,0.00167,0.00962,0.00031,0.00510,0.02540
1403636646.563488006591797,0.00843,0.00033,0.00076,0.00402,0.00113,0.00215,0.01682
1403636646.613481998443604,0.00835,0.00058,0.00202,0.00386,0.00768,0.00296,0.02546
1403636646.663474559783936,0.00754,0.00020,0.00106,0.00460,0.00005,0.00220,0.01565
1403636646.713473081588745,0.00696,0.00042,0.00072,0.00436,0.00118,0.00263,0.01629
1403636646.763479948043823,0.00698,0.00038,0.00015,0.00474,0.00007,0.00241,0.01472
1403636646.813496828079224,0.00680,0.00057,0.00279,0.00429,0.00652,0.00259,0.02356
1403636646.863503694534302,0.00603,0.00020,0.00042,0.00522,0.00003,0.00222,0.01412
1403636646.913515090942383,0.00788,0.00074,0.00144,0.00740,0.00037,0.00402,0.02185
1403636646.963508367538452,0.00621,0.00019,0.00070,0.00437,0.00180,0.00201,0.01528
1403636647.013502120971680,0.00624,0.00029,0.00357,0.00453,0.00377,0.00208,0.02049
1403636647.063496351242065,0.00811,0.00045,0.00260,0.00834,0.00390,0.00317,0.02657
1403636647.113494634628296,0.00628,0.00022,0.00713,0.00541,0.00122,0.00159,0.02185
1403636647.163495779037476,0.00610,0.00021,0.00013,0.00574,0.00002,0.00166,0.01385
1403636647.213500738143921,0.00546,0.00018,0.00027,0.00629,0.00130,0.00169,0.01520
1403636647.263504743576050,0.00581,0.00038,0.00036,0.00569,0.00238,0.00169,0.01631
1403636647.313506603240967,0.00645,0.00051,0.00067,0.00626,0.00003,0.00264,0.01656
1403636647.363507986068726,0.00742,0.00047,0.00017,0.01158,0.00005,0.00339,0.02308
1403636647.413511037826538,0.00717,0.00046,0.00300,0.00586,0.00021,0.00237,0.01907
1403636647.463511466979980,0.00679,0.00029,0.00002,0.00629,0.00004,0.00186,0.01529
1403636647.513512134552002,0.00782,0.00086,0.00081,0.00901,0.00010,0.00404,0.02264
1403636647.563512563705444,0.00693,0.00031,0.00002,0.00556,0.00081,0.00217,0.01581
1403636647.613517761230469,0.00657,0.00032,0.00507,0.00536,0.00136,0.00175,0.02043
1403636647.663522005081177,0.00704,0.00046,0.00063,0.01048,0.00232,0.00352,0.02446
1403636647.713523387908936,0.00586,0.00031,0.00483,0.00552,0.00008,0.00185,0.01846
1403636647.763519287109375,0.00574,0.00021,0.00002,0.00553,0.00125,0.00161,0.01435
1403636647.813517332077026,0.00775,0.00083,0.00227,0.01021,0.00007,0.00439,0.02551
1403636647.863509893417358,0.00637,0.00020,0.00009,0.00553,0.00023,0.00179,0.01423
1403636647.913499593734741,0.00753,0.00045,0.00044,0.00501,0.00018,0.00245,0.01606
1403636647.963495016098022,0.00628,0.00021,0.00047,0.00465,0.00457,0.00178,0.01797
1403636648.013486385345459,0.00612,0.00040,0.00060,0.00533,0.00081,0.00237,0.01563
1403636648.063486814498901,0.00685,0.00025,0.00064,0.00453,0.00003,0.00205,0.01435
1403636648.113482475280762,0.00742,0.00039,0.00040,0.00794,0.00011,0.00335,0.01959
1403636648.163480997085571,0.00659,0.00047,0.00135,0.00561,0.00034,0.00253,0.01690
1403636648.213479518890381,0.00662,0.00027,0.00022,0.00370,0.00243,0.00255,0.01579
1403636648.263480424880981,0.00647,0.00023,0.00049,0.00413,0.00029,0.00253,0.01415
1403636648.313485860824585,0.00779,0.00041,0.00258,0.00370,0.00364,0.00242,0.02055
1403636648.363486766815186,0.00685,0.00026,0.00048,0.00405,0.00000,0.00190,0.01355
1403636648.413486957550049,0.00783,0.00055,0.00095,0.00539,0.00163,0.00425,0.02061
1403636648.463489770889282,0.00693,0.00027,0.00040,0.00289,0.00301,0.00187,0.01537
1403636648.513493299484253,0.00641,0.00027,0.00136,0.00282,0.00061,0.00247,0.01394
1403636648.563495874404907,0.00813,0.00035,0.00044,0.00515,0.00291,0.00333,0.02029
1403636648.613499402999878,0.00647,0.00035,0.00005,0.00314,0.00126,0.00242,0.01369
1403636648.663499832153320,0.00704,0.00027,0.00016,0.00306,0.00022,0.00203,0.01277
1403636648.713495016098022,0.00718,0.00028,0.00015,0.00303,0.00121,0.00248,0.01434
1403636648.763489007949829,0.00781,0.00053,0.00019,0.00470,0.00207,0.00338,0.01868
1403636648.813476800918579,0.00623,0.00030,0.00141,0.00287,0.00224,0.00196,0.01501
1403636648.863457441329956,0.00751,0.00030,0.00612,0.00481,0.01519,0.00211,0.03605
1403636648.913472175598145,0.00629,0.00022,0.00418,0.00450,0.00470,0.00194,0.02183
1403636648.963476657867432,0.00611,0.00035,0.00022,0.00503,0.00028,0.00196,0.01396
1403636649.013493776321411,0.00567,0.00040,0.00019,0.00558,0.00006,0.00226,0.01416
1403636649.063517808914185,0.00588,0.00046,0.00002,0.00526,0.00000,0.00184,0.01347
1403636649.113539695739746,0.00558,0.00029,0.00445,0.00442,0.00348,0.00159,0.01983
1403636649.163545370101929,0.00564,0.00045,0.00324,0.00495,0.00247,0.00162,0.01836
1403636649.213549375534058,0.00645,0.00064,0.00021,0.01003,0.00034,0.00308,0.02076
1403636649.263551235198975,0.00568,0.00043,0.00014,0.00614,0.00063,0.00174,0.01475
1403636649.313552379608154,0.00712,0.00032,0.00003,0.00542,0.00240,0.00199,0.01727
1403636649.363558769226074,0.00627,0.00042,0.00054,0.00603,0.00018,0.00175,0.01519
1403636649.413563489913940,0.00563,0.00027,0.00002,0.00533,0.00081,0.00209,0.01415
1403636649.463562250137329,0.00694,0.00059,0.00825,0.00805,0.00219,0.00317,0.02919
1403636649.513560295104980,0.00596,0.00030,0.00669,0.00775,0.00186,0.00262,0.02518
1403636649.563558816909790,0.00635,0.00059,0.00010,0.01195,0.00000,0.00256,0.02154
1403636649.613555431365967,0.00649,0.00041,0.00029,0.01141,0.00315,0.00350,0.02524
1403636649.663552045822144,0.00619,0.00041,0.00013,0.00827,0.00003,0.00259,0.01763
1403636649.713546037673950,0.00658,0.00026,0.00535,0.00484,0.00457,0.00257,0.02416
1403636649.763542175292969,0.00664,0.00038,0.00360,0.00543,0.00121,0.00178,0.01903
1403636649.813538789749146,0.00622,0.00049,0.00215,0.00941,0.00038,0.00367,0.02232
1403636649.863542079925537,0.00610,0.00037,0.00533,0.00487,0.00268,0.00180,0.02115
1403636649.913540601730347,0.00740,0.00025,0.00025,0.00550,0.00010,0.00248,0.01597
1403636649.963540554046631,0.00743,0.00052,0.00015,0.00924,0.00125,0.00344,0.02204
1403636650.013540744781494,0.00632,0.00031,0.00003,0.00541,0.00000,0.00236,0.01444
1403636650.063539505004883,0.00644,0.00039,0.00343,0.00516,0.00321,0.00176,0.02040
1403636650.113538503646851,0.00781,0.00066,0.00698,0.00877,0.00315,0.00344,0.03081
1403636650.163534164428711,0.00694,0.00054,0.00002,0.00651,0.00000,0.00191,0.01592
1403636650.213528871536255,0.00617,0.00028,0.00162,0.00619,0.00000,0.00190,0.01616
1403636650.263528347015381,0.00694,0.00070,0.00246,0.00907,0.00000,0.00346,0.02264
1403636650.313527345657349,0.00622,0.00034,0.00507,0.00549,0.00000,0.00190,0.01902
1403636650.363523721694946,0.00679,0.00066,0.00623,0.00768,0.00003,0.00320,0.02460
1403636650.413522243499756,0.00566,0.00030,0.00006,0.00498,0.00137,0.00252,0.01490
1403636650.463520765304565,0.00581,0.00038,0.00789,0.00483,0.00348,0.00177,0.02417
1403636650.513522624969482,0.00566,0.00024,0.00036,0.00505,0.00003,0.00233,0.01365
1403636650.563523292541504,0.00819,0.00038,0.00001,0.00522,0.00000,0.00204,0.01586
1403636650.613525152206421,0.00760,0.00025,0.00014,0.00445,0.00000,0.00209,0.01452
1403636650.663522720336914,0.00718,0.00057,0.00011,0.00976,0.00763,0.00315,0.02840
1403636650.713526010513306,0.00636,0.00024,0.00007,0.00487,0.00521,0.00205,0.01879
1403636650.763530015945435,0.00542,0.00037,0.00096,0.00575,0.00000,0.00204,0.01454
1403636650.813531875610352,0.00637,0.00021,0.00014,0.00569,0.00000,0.00247,0.01488
1403636650.863536119461060,0.00822,0.00045,0.00051,0.00599,0.00133,0.00263,0.01913
1403636650.913546800613403,0.00635,0.00025,0.00454,0.00538,0.00121,0.00171,0.01944
1403636650.963552713394165,0.00702,0.00064,0.00407,0.01006,0.00239,0.00320,0.02738
1403636651.013553380966187,0.00642,0.00031,0.00023,0.00635,0.00000,0.00209,0.01540
1403636651.063558578491211,0.00520,0.00037,0.00676,0.00617,0.00122,0.00187,0.02159
1403636651.113562583923340,0.00665,0.00056,0.01326,0.00876,0.00000,0.00232,0.03156
1403636651.163566350936890,0.00610,0.00029,0.00002,0.00711,0.00000,0.00246,0.01598
1403636651.213571310043335,0.00656,0.00025,0.00002,0.00636,0.00000,0.00184,0.01502
1403636651.263577461242676,0.00508,0.00020,0.00011,0.00638,0.00002,0.00176,0.01354
1403636651.313579082489014,0.00584,0.00019,0.00001,0.00637,0.00003,0.00189,0.01433
1403636651.363581180572510,0.00549,0.00031,0.00002,0.00744,0.00000,0.00183,0.01509
1403636651.413580417633057,0.00555,0.00026,0.00002,0.00660,0.00000,0.00234,0.01477
1403636651.463578462600708,0.00486,0.00023,0.00002,0.00713,0.00000,0.00197,0.01421
1403636651.513576507568359,0.00538,0.00041,0.00913,0.01180,0.00007,0.00285,0.02964
1403636651.563573837280273,0.00572,0.00037,0.00268,0.01080,0.00007,0.00257,0.02221
1403636651.613568067550659,0.00562,0.00034,0.00002,0.00712,0.00000,0.00198,0.01508
1403636651.663568973541260,0.00566,0.00032,0.00580,0.00613,0.00127,0.00193,0.02111
1403636651.713565587997437,0.00706,0.00047,0.01221,0.00896,0.00000,0.00232,0.03102
1403636651.763564825057983,0.00548,0.00028,0.00002,0.00669,0.00000,0.00165,0.01413
1403636651.813562631607056,0.00520,0.00020,0.00002,0.00647,0.00000,0.00155,0.01344
1403636651.863558530807495,0.00573,0.00024,0.00010,0.00699,0.00000,0.00220,0.01526
1403636651.913554906845093,0.00502,0.00021,0.00013,0.00628,0.00000,0.00166,0.01330
1403636651.963553428649902,0.00530,0.00029,0.00016,0.00696,0.00000,0.00152,0.01425
1403636652.013550519943237,0.00604,0.00022,0.00005,0.00613,0.00000,0.00186,0.01430
1403636652.063544511795044,0.00519,0.00018,0.00001,0.00626,0.00000,0.00166,0.01330
1403636652.113538980484009,0.00527,0.00033,0.00442,0.00568,0.00122,0.00159,0.01851
1403636652.163534402847290,0.00616,0.00030,0.00025,0.00943,0.00198,0.00296,0.02107
1403636652.213532686233521,0.00756,0.00048,0.00018,0.00571,0.00000,0.00224,0.01618
1403636652.263530492782593,0.00612,0.00032,0.00466,0.00514,0.00352,0.00152,0.02129
1403636652.313521146774292,0.00664,0.00039,0.01461,0.00591,0.00115,0.00216,0.03086
1403636652.363518238067627,0.00598,0.00033,0.00034,0.00501,0.00000,0.00188,0.01355
1403636652.413520812988281,0.00492,0.00019,0.00035,0.00404,0.00000,0.00150,0.01100
1403636652.463529109954834,0.00592,0.00035,0.00026,0.00387,0.00000,0.00223,0.01263
1403636652.513525247573853,0.00768,0.00044,0.00075,0.00553,0.00087,0.00235,0.01762
1403636652.563526153564453,0.00622,0.00028,0.00002,0.00370,0.00000,0.00185,0.01208
1403636652.613524913787842,0.00563,0.00019,0.00007,0.00386,0.00003,0.00196,0.01173
1403636652.663525581359863,0.00605,0.00019,0.00102,0.00307,0.00003,0.00182,0.01217
1403636652.713531494140625,0.00621,0.00034,0.00020,0.00355,0.00589,0.00186,0.01805
1403636652.763538360595703,0.00928,0.00025,0.00388,0.00355,0.01230,0.00214,0.03139
1403636652.813541173934937,0.00865,0.00052,0.00035,0.00881,0.00000,0.00297,0.02129
1403636652.863545894622803,0.00680,0.00043,0.00266,0.00518,0.00241,0.00193,0.01941
1403636652.913550138473511,0.00648,0.00026,0.00874,0.00621,0.00266,0.00186,0.02620
1403636652.963548898696899,0.00754,0.00041,0.00006,0.01158,0.00000,0.00357,0.02316
1403636653.013546943664551,0.00710,0.00044,0.00002,0.00691,0.00000,0.00228,0.01675
1403636653.063544273376465,0.00696,0.00039,0.00805,0.01153,0.00000,0.00284,0.02977
1403636653.163543939590454,0.00665,0.00034,0.00130,0.00637,0.00000,0.00173,0.01638
1403636653.213543653488159,0.00635,0.00021,0.00170,0.00613,0.00000,0.00201,0.01640
1403636653.263544559478760,0.00692,0.00032,0.00104,0.00774,0.00000,0.00262,0.01865
1403636653.313546419143677,0.00654,0.00028,0.00342,0.00607,0.00000,0.00202,0.01834
1403636653.363548755645752,0.00650,0.00030,0.00958,0.00612,0.00000,0.00178,0.02428
1403636653.413551568984985,0.00713,0.00039,0.00739,0.00960,0.00000,0.00284,0.02735
1403636653.463552474975586,0.00607,0.00022,0.00003,0.00638,0.00000,0.00215,0.01485
1403636653.513555049896240,0.00748,0.00036,0.00438,0.00621,0.00000,0.00235,0.02078
1403636653.563558578491211,0.00623,0.00020,0.00817,0.00611,0.00000,0.00198,0.02270
1403636653.613560199737549,0.00611,0.00023,0.00006,0.00622,0.00000,0.00152,0.01414
1403636653.663558244705200,0.00597,0.00038,0.00008,0.00755,0.00000,0.00183,0.01582
1403636653.713561296463013,0.00667,0.00052,0.00422,0.00611,0.00000,0.00226,0.01977
1403636653.763561010360718,0.00590,0.00036,0.00009,0.00797,0.00123,0.00161,0.01716
1403636653.813565731048584,0.00481,0.00018,0.00001,0.00638,0.00000,0.00160,0.01299
1403636653.863566398620605,0.00625,0.00041,0.00030,0.00644,0.00000,0.00189,0.01529
1403636653.913574695587158,0.00546,0.00020,0.00281,0.00628,0.00000,0.00166,0.01641
1403636653.963577270507812,0.00747,0.00050,0.01101,0.01020,0.00000,0.00253,0.03170
1403636654.013581514358521,0.00599,0.00027,0.00408,0.00625,0.00000,0.00160,0.01818
1403636654.063583374023438,0.00604,0.00021,0.00008,0.00619,0.00000,0.00172,0.01424
1403636654.113582611083984,0.00585,0.00036,0.00154,0.00677,0.00006,0.00178,0.01636
1403636654.163578510284424,0.00848,0.00088,0.01654,0.00956,0.00192,0.00369,0.04107
1403636654.213578224182129,0.00701,0.00031,0.00002,0.00635,0.00000,0.00162,0.01530
1403636654.263571023941040,0.00587,0.00042,0.00007,0.00595,0.00000,0.00280,0.01511
1403636654.313572168350220,0.00731,0.00031,0.00428,0.00897,0.00006,0.00310,0.02401
1403636654.363567590713501,0.00707,0.00065,0.00002,0.00575,0.00000,0.00251,0.01601
1403636654.413568973541260,0.00692,0.00028,0.00011,0.00798,0.00000,0.00274,0.01802
1403636654.463570117950439,0.00742,0.00056,0.00021,0.00705,0.00007,0.00361,0.01892
1403636654.513576984405518,0.00713,0.00021,0.00008,0.00417,0.00005,0.00174,0.01337
1403636654.563581705093384,0.00700,0.00046,0.00590,0.00587,0.00809,0.00274,0.03007
1403636654.613579988479614,0.00919,0.00033,0.00073,0.00463,0.00455,0.00205,0.02148
1403636654.663578748703003,0.00688,0.00020,0.00020,0.00504,0.00000,0.00159,0.01390
1403636654.713577270507812,0.00662,0.00032,0.00036,0.00455,0.00168,0.00151,0.01504
1403636654.763572454452515,0.00708,0.00024,0.00566,0.00446,0.00589,0.00250,0.02584
1403636654.813572406768799,0.00622,0.00032,0.00074,0.00581,0.00000,0.00167,0.01476
1403636654.863570690155029,0.00508,0.00024,0.00008,0.00592,0.00001,0.00173,0.01305
1403636654.913571357727051,0.00660,0.00036,0.00329,0.00795,0.00015,0.00301,0.02134
1403636654.963574647903442,0.00563,0.00031,0.00026,0.00541,0.00000,0.00164,0.01325
1403636655.013577699661255,0.00580,0.00020,0.00011,0.00488,0.00000,0.00173,0.01273
1403636655.063581228256226,0.00608,0.00053,0.00002,0.00738,0.00008,0.00237,0.01646
1403636655.113581657409668,0.00509,0.00031,0.00008,0.00800,0.00000,0.00257,0.01605
1403636655.163579940795898,0.00533,0.00030,0.01399,0.00486,0.00271,0.00169,0.02889
1403636655.213579416275024,0.00429,0.00018,0.00011,0.00454,0.00065,0.00144,0.01121
1403636655.263575077056885,0.00758,0.00040,0.00005,0.01055,0.00000,0.00330,0.02189
1403636655.313572406768799,0.00599,0.00029,0.00038,0.00512,0.00022,0.00162,0.01362
1403636655.363569259643555,0.00635,0.00055,0.00002,0.00747,0.01433,0.00222,0.03095
1403636655.413566350936890,0.00554,0.00022,0.00018,0.00561,0.00002,0.00142,0.01299
1403636655.463564395904541,0.00546,0.00036,0.00039,0.00519,0.00015,0.00171,0.01327
1403636655.513558864593506,0.00593,0.00020,0.00069,0.00502,0.00120,0.00175,0.01479
1403636655.563554048538208,0.00574,0.00025,0.00007,0.00592,0.00000,0.00192,0.01391
1403636655.613551616668701,0.00674,0.00040,0.00015,0.01085,0.00004,0.00279,0.02098
1403636655.663549900054932,0.00818,0.00021,0.00044,0.00508,0.00004,0.00180,0.01576
1403636655.713548660278320,0.00728,0.00029,0.00028,0.00487,0.00000,0.00167,0.01441
1403636655.763549089431763,0.00775,0.00043,0.01226,0.00690,0.00094,0.00194,0.03022
1403636655.813554048538208,0.00639,0.00053,0.00786,0.00683,0.00476,0.00261,0.02898
1403636655.863556146621704,0.00552,0.00025,0.00017,0.00416,0.00000,0.00167,0.01177
1403636655.913560390472412,0.00734,0.00065,0.00078,0.00588,0.00032,0.00316,0.01814
1403636655.963563442230225,0.00668,0.00059,0.00124,0.00788,0.00005,0.00349,0.01992
1403636656.013569593429565,0.00581,0.00046,0.00022,0.00356,0.00025,0.00220,0.01251
1403636656.063573837280273,0.00690,0.00036,0.00030,0.00617,0.00001,0.00316,0.01691
1403636656.113575935363770,0.00703,0.00032,0.00002,0.00330,0.00244,0.00234,0.01546
1403636656.163575649261475,0.00618,0.00028,0.00096,0.00317,0.00000,0.00176,0.01236
1403636656.213580846786499,0.00598,0.00064,0.00441,0.00333,0.01040,0.00234,0.02710
1403636656.263581275939941,0.00756,0.00051,0.00183,0.00684,0.00001,0.00286,0.01962
1403636656.313582420349121,0.00848,0.00029,0.00036,0.00484,0.00000,0.00282,0.01679
1403636656.363584041595459,0.00912,0.00050,0.00849,0.00639,0.00594,0.00212,0.03256
1403636656.413582324981689,0.00732,0.00051,0.00366,0.00481,0.00350,0.00241,0.02221
1403636656.463583707809448,0.00741,0.00047,0.00003,0.01179,0.00000,0.00333,0.02303
1403636656.513584136962891,0.00613,0.00054,0.00289,0.00798,0.00003,0.00254,0.02010
1403636656.563584566116333,0.00616,0.00038,0.00079,0.00529,0.00245,0.00188,0.01696
1403636656.613585472106934,0.00565,0.00043,0.00173,0.00558,0.00000,0.00177,0.01516
1403636656.663585186004639,0.00702,0.00054,0.00736,0.00540,0.00016,0.00216,0.02264
1403636656.713584184646606,0.00675,0.00046,0.00147,0.00567,0.00018,0.00264,0.01718
1403636656.763584136962891,0.00728,0.00023,0.00021,0.00503,0.00002,0.00202,0.01480
1403636656.813585519790649,0.00789,0.00041,0.00757,0.00828,0.00432,0.00384,0.03231
1403636656.863593816757202,0.00677,0.00035,0.00782,0.00543,0.00121,0.00151,0.02309
1403636656.913594722747803,0.00597,0.00031,0.00004,0.00576,0.00000,0.00229,0.01437
1403636656.963597536087036,0.00772,0.00027,0.00498,0.00508,0.00003,0.00211,0.02019
1403636657.013600349426270,0.00740,0.00037,0.00134,0.00803,0.00359,0.00316,0.02390
1403636657.063600301742554,0.00560,0.00022,0.00015,0.00533,0.00002,0.00148,0.01279
1403636657.113601684570312,0.00536,0.00021,0.00011,0.00541,0.00264,0.00152,0.01526
1403636657.163602352142334,0.00724,0.00042,0.00102,0.00951,0.00001,0.00295,0.02115
1403636657.213602066040039,0.00574,0.00021,0.00029,0.00569,0.00121,0.00190,0.01504
1403636657.263602495193481,0.00584,0.00020,0.00573,0.00553,0.00123,0.00147,0.02000
1403636657.313599824905396,0.00613,0.00055,0.00111,0.01016,0.00000,0.00296,0.02092
1403636657.363598108291626,0.00665,0.00022,0.00040,0.00563,0.00002,0.00174,0.01467
1403636657.413596630096436,0.00507,0.00021,0.00027,0.00538,0.00305,0.00144,0.01542
1403636657.463595390319824,0.00533,0.00037,0.00758,0.00684,0.00159,0.00167,0.02338
1403636657.513594627380371,0.00543,0.00021,0.00451,0.00476,0.00074,0.00182,0.01747
1403636657.563591003417969,0.00945,0.00058,0.00791,0.00805,0.00028,0.00330,0.02958
1403636657.613587856292725,0.00682,0.00030,0.00038,0.00819,0.00232,0.00296,0.02098
1403636657.713581323623657,0.00632,0.00057,0.00131,0.00834,0.00209,0.00295,0.02159
1403636657.763574123382568,0.00578,0.00030,0.00028,0.00826,0.00036,0.00314,0.01813
1403636657.813572645187378,0.00535,0.00029,0.00102,0.00411,0.00059,0.00156,0.01293
1403636657.863571882247925,0.00815,0.00037,0.00034,0.00740,0.00019,0.00330,0.01976
1403636657.913567304611206,0.00601,0.00020,0.00113,0.00344,0.00517,0.00189,0.01784
1403636657.963565111160278,0.00580,0.00021,0.00379,0.00404,0.00298,0.00186,0.01868
1403636658.013563871383667,0.00821,0.00019,0.00041,0.00478,0.00114,0.00188,0.01661
1403636658.063562393188477,0.00657,0.00032,0.00049,0.00498,0.00016,0.00170,0.01423
1403636658.113558530807495,0.00822,0.00030,0.00030,0.00436,0.00276,0.00218,0.01812
1403636658.163559913635254,0.00634,0.00024,0.00173,0.00465,0.00701,0.00200,0.02196
1403636658.213563919067383,0.00604,0.00040,0.00442,0.00409,0.00001,0.00196,0.01691
1403636658.263565063476562,0.00662,0.00034,0.00054,0.00768,0.00041,0.00286,0.01845
1403636658.313562631607056,0.00540,0.00018,0.00099,0.00334,0.00005,0.00145,0.01140
1403636658.363564968109131,0.00792,0.00027,0.00129,0.00310,0.00000,0.00212,0.01470
1403636658.413565397262573,0.00596,0.00019,0.00049,0.00276,0.00513,0.00195,0.01648
1403636658.463562250137329,0.00614,0.00020,0.00072,0.00360,0.00010,0.00153,0.01229
1403636658.513561964035034,0.00919,0.00055,0.00112,0.00565,0.00000,0.00329,0.01980
1403636658.563556909561157,0.00740,0.00032,0.00116,0.00534,0.00982,0.00196,0.02601
1403636658.613556623458862,0.00624,0.00030,0.00068,0.00435,0.00000,0.00206,0.01364
1403636658.663554191589355,0.00676,0.00044,0.00494,0.00400,0.00245,0.00230,0.02089
1403636658.713555335998535,0.00579,0.00020,0.00065,0.00445,0.00000,0.00161,0.01270
1403636658.763556480407715,0.00604,0.00030,0.00033,0.00617,0.00128,0.00229,0.01640
1403636658.813556194305420,0.00832,0.00024,0.00623,0.00465,0.00029,0.00215,0.02189
1403636658.863556861877441,0.00621,0.00034,0.00013,0.00711,0.00000,0.00291,0.01671
1403636658.913556814193726,0.00622,0.00028,0.00696,0.00623,0.00229,0.00238,0.02436
1403636658.963556766510010,0.00772,0.00031,0.00032,0.00669,0.00000,0.00290,0.01795
1403636659.013556718826294,0.00534,0.00020,0.00015,0.00427,0.00023,0.00263,0.01282
1403636659.063559293746948,0.00595,0.00037,0.00101,0.00877,0.00774,0.00292,0.02675
1403636659.113559961318970,0.00724,0.00028,0.00023,0.00738,0.00000,0.00263,0.01776
1403636659.163562297821045,0.00728,0.00050,0.00164,0.00727,0.00109,0.00290,0.02070
1403636659.213563442230225,0.00586,0.00030,0.00041,0.00890,0.00002,0.00334,0.01884
1403636659.263568878173828,0.00669,0.00052,0.00749,0.00570,0.00556,0.00235,0.02831
1403636659.313571214675903,0.00725,0.00042,0.00014,0.00447,0.00002,0.00261,0.01491
1403636659.363574743270874,0.00672,0.00039,0.00630,0.00928,0.00402,0.00256,0.02928
1403636659.413577795028687,0.00812,0.00042,0.00450,0.00451,0.00196,0.00298,0.02249
1403636659.463575601577759,0.00617,0.00038,0.00145,0.00982,0.00000,0.00315,0.02096
1403636659.513566970825195,0.00623,0.00027,0.00733,0.00736,0.00031,0.00352,0.02502
1403636659.563564062118530,0.00889,0.00051,0.00063,0.00750,0.00001,0.00282,0.02037
1403636659.613558530807495,0.00611,0.00037,0.00186,0.00996,0.00000,0.00334,0.02165
1403636659.663556575775146,0.00571,0.00022,0.00003,0.00470,0.00111,0.00178,0.01353
1403636659.713556766510010,0.00647,0.00049,0.00013,0.00480,0.00005,0.00263,0.01457
1403636659.763556480407715,0.00747,0.00031,0.00072,0.00467,0.00001,0.00213,0.01531
1403636659.813556194305420,0.00551,0.00020,0.00041,0.00434,0.00003,0.00237,0.01286
1403636659.863557338714600,0.00671,0.00033,0.00649,0.00660,0.00527,0.00238,0.02777
1403636659.913558006286621,0.00591,0.00043,0.00069,0.00445,0.00016,0.00238,0.01402
1403636659.963557958602905,0.00614,0.00051,0.00642,0.00646,0.00107,0.00259,0.02320
1403636660.013557910919189,0.00837,0.00023,0.00336,0.00401,0.00237,0.00322,0.02157
1403636660.063558101654053,0.00619,0.00042,0.00029,0.00407,0.00000,0.00188,0.01285
1403636660.113557577133179,0.00932,0.00040,0.00736,0.00636,0.00217,0.00348,0.02908
1403636660.163557767868042,0.00666,0.00023,0.00019,0.00364,0.00001,0.00168,0.01241
1403636660.213556766510010,0.00539,0.00022,0.00013,0.00394,0.00129,0.00177,0.01275
1403636660.263556957244873,0.00856,0.00062,0.00118,0.00626,0.00032,0.00310,0.02004
1403636660.313556194305420,0.00723,0.00076,0.00609,0.00734,0.00710,0.00346,0.03198
1403636660.363555192947388,0.00586,0.00021,0.00017,0.00418,0.00000,0.00170,0.01212
1403636660.413556575775146,0.00656,0.00071,0.00076,0.00641,0.00089,0.00429,0.01963
1403636660.463559389114380,0.00756,0.00023,0.00266,0.00401,0.00497,0.00165,0.02107
1403636660.513563632965088,0.00597,0.00024,0.00068,0.00528,0.00000,0.00173,0.01391
1403636660.563568115234375,0.00651,0.00041,0.00918,0.00703,0.00021,0.00284,0.02618
1403636660.613569021224976,0.00547,0.00028,0.00056,0.00446,0.00061,0.00154,0.01292
1403636660.663565397262573,0.00606,0.00020,0.00415,0.00431,0.00017,0.00245,0.01734
1403636660.713565111160278,0.00788,0.00038,0.00181,0.00449,0.00246,0.00172,0.01874
1403636660.763566732406616,0.00668,0.00044,0.00019,0.00488,0.00002,0.00248,0.01469
1403636660.813577175140381,0.00782,0.00020,0.00476,0.00429,0.00248,0.00178,0.02132
1403636660.863581418991089,0.00641,0.00042,0.00016,0.00512,0.00021,0.00242,0.01473
1403636660.913587570190430,0.00645,0.00020,0.00280,0.00428,0.00179,0.00188,0.01740
1403636660.963589191436768,0.00643,0.00042,0.00015,0.00493,0.00000,0.00259,0.01452
1403636661.013589859008789,0.00749,0.00038,0.00367,0.00667,0.00034,0.00323,0.02178
1403636661.063592195510864,0.00754,0.00039,0.00030,0.00484,0.00189,0.00253,0.01749
1403636661.113593101501465,0.00718,0.00021,0.00004,0.00512,0.00000,0.00206,0.01461
1403636661.163594722747803,0.00701,0.00044,0.00415,0.00472,0.00242,0.00240,0.02115
1403636661.213594436645508,0.00814,0.00040,0.00016,0.00910,0.00018,0.00323,0.02121
1403636661.263596534729004,0.00860,0.00044,0.00510,0.00559,0.00071,0.00255,0.02299
1403636661.313596725463867,0.00753,0.00032,0.00064,0.00779,0.00096,0.00304,0.02028
1403636661.363596200942993,0.00656,0.00055,0.00158,0.00495,0.00015,0.00237,0.01616
1403636661.413595199584961,0.00689,0.00022,0.00459,0.00476,0.00063,0.00162,0.01871
1403636661.463595867156982,0.00820,0.00086,0.00063,0.00835,0.00099,0.00377,0.02281
1403636661.513595342636108,0.00688,0.00038,0.00691,0.01013,0.00000,0.00246,0.02676
1403636661.563595294952393,0.00749,0.00028,0.00032,0.00716,0.00000,0.00244,0.01769
1403636661.613595247268677,0.00567,0.00038,0.00307,0.00454,0.00070,0.00181,0.01617
1403636661.663594245910645,0.00547,0.00024,0.00057,0.00505,0.00122,0.00185,0.01441
1403636661.713593721389771,0.00615,0.00036,0.00005,0.00483,0.00000,0.00178,0.01317
1403636661.763594388961792,0.00636,0.00023,0.00442,0.00418,0.00116,0.00207,0.01842
1403636661.813594818115234,0.00596,0.00031,0.00015,0.00535,0.00025,0.00142,0.01346
1403636661.863594055175781,0.00493,0.00022,0.00236,0.00501,0.00395,0.00182,0.01830
1403636661.913594961166382,0.00823,0.00047,0.00018,0.00958,0.00116,0.00313,0.02276
1403636661.963594913482666,0.00620,0.00027,0.00368,0.00521,0.00000,0.00176,0.01713
1403636662.013596534729004,0.00509,0.00021,0.00406,0.00545,0.00000,0.00174,0.01655
1403636662.063596487045288,0.00695,0.00063,0.00085,0.00945,0.00001,0.00310,0.02099
1403636662.113599061965942,0.00499,0.00021,0.00396,0.00556,0.00169,0.00180,0.01822
1403636662.163602113723755,0.00542,0.00027,0.00016,0.00582,0.00000,0.00162,0.01330
1403636662.213603734970093,0.00589,0.00031,0.00238,0.00485,0.00000,0.00176,0.01520
1403636662.313609600067139,0.00589,0.00034,0.00238,0.00471,0.00003,0.00150,0.01486
1403636662.363611459732056,0.00682,0.00034,0.00084,0.00535,0.00002,0.00211,0.01549
1403636662.413616657257080,0.00552,0.00022,0.00381,0.00468,0.00020,0.00205,0.01646
1403636662.463618516921997,0.00561,0.00034,0.00016,0.00575,0.00074,0.00180,0.01441
1403636662.513619422912598,0.00713,0.00045,0.00255,0.00805,0.00006,0.00317,0.02142
1403636662.563620805740356,0.00644,0.00021,0.00018,0.00491,0.00003,0.00209,0.01386
1403636662.613622665405273,0.00670,0.00023,0.00170,0.00525,0.00138,0.00194,0.01721
1403636662.663628101348877,0.00696,0.00033,0.00718,0.00864,0.00029,0.00278,0.02619
1403636662.713630914688110,0.00644,0.00020,0.00012,0.00494,0.00021,0.00180,0.01371
1403636662.763630151748657,0.00569,0.00028,0.00094,0.00495,0.00237,0.00152,0.01575
1403636662.813629865646362,0.00638,0.00033,0.00025,0.00546,0.00000,0.00229,0.01473
1403636662.863628625869751,0.00774,0.00032,0.00123,0.00845,0.00000,0.00336,0.02110
1403636662.913628101348877,0.00615,0.00029,0.00384,0.00482,0.00000,0.00172,0.01682
1403636662.963627576828003,0.00625,0.00036,0.00055,0.00743,0.00187,0.00296,0.01942
1403636663.013627529144287,0.00674,0.00030,0.00327,0.00434,0.00205,0.00165,0.01836
1403636663.063627481460571,0.00475,0.00021,0.00016,0.00514,0.00001,0.00163,0.01191
1403636663.113627910614014,0.00511,0.00021,0.00314,0.00499,0.00068,0.00163,0.01578
1403636663.163631677627563,0.00437,0.00020,0.00421,0.00486,0.00007,0.00153,0.01524
1403636663.213631153106689,0.00490,0.00020,0.00151,0.00499,0.00190,0.00155,0.01505
1403636663.263628482818604,0.00614,0.00032,0.00453,0.00802,0.00194,0.00276,0.02370
1403636663.313627958297729,0.00505,0.00023,0.00036,0.00571,0.00000,0.00179,0.01315
1403636663.363626003265381,0.00562,0.00028,0.00078,0.00500,0.00001,0.00159,0.01327
1403636663.413625240325928,0.00796,0.00021,0.00093,0.00509,0.00066,0.00246,0.01731
1403636663.463625192642212,0.00766,0.00026,0.00021,0.00771,0.00010,0.00238,0.01833
1403636663.513625383377075,0.00565,0.00029,0.00019,0.00492,0.00006,0.00163,0.01274
1403636663.563625335693359,0.00618,0.00032,0.00014,0.00866,0.00000,0.00337,0.01867
1403636663.613625288009644,0.00577,0.00029,0.00213,0.00660,0.00181,0.00229,0.01890
1403636663.663625240325928,0.00604,0.00022,0.00009,0.00412,0.00004,0.00179,0.01230
1403636663.713624954223633,0.00547,0.00027,0.00058,0.00388,0.00022,0.00179,0.01222
1403636663.763622760772705,0.00811,0.00047,0.00298,0.00554,0.00158,0.00306,0.02174
1403636663.813622474670410,0.00560,0.00040,0.00019,0.00311,0.00121,0.00184,0.01235
1403636663.863623380661011,0.00642,0.00024,0.00043,0.00308,0.00237,0.00184,0.01438
1403636663.913623332977295,0.00710,0.00030,0.00065,0.00480,0.00031,0.00302,0.01618
1403636663.963621616363525,0.00699,0.00019,0.00046,0.00308,0.00621,0.00199,0.01892
1403636664.013621091842651,0.00746,0.00044,0.00175,0.00603,0.00023,0.00328,0.01920
1403636664.063621997833252,0.00724,0.00020,0.00076,0.00349,0.00127,0.00210,0.01508
1403636664.113620281219482,0.00592,0.00020,0.00070,0.00337,0.00129,0.00192,0.01340
1403636664.163617849349976,0.00701,0.00031,0.00168,0.00730,0.00000,0.00219,0.01849
1403636664.213616609573364,0.00698,0.00038,0.00019,0.00369,0.00342,0.00205,0.01672
1403636664.263614892959595,0.00641,0.00039,0.00371,0.00754,0.00000,0.00373,0.02178
1403636664.313610553741455,0.00730,0.00049,0.00315,0.00309,0.00317,0.00194,0.01913
1403636664.363607883453369,0.00841,0.00039,0.00603,0.00524,0.00118,0.00356,0.02482
1403636664.413605213165283,0.00718,0.00054,0.00356,0.00673,0.00191,0.00295,0.02288
1403636664.463598728179932,0.00739,0.00030,0.00072,0.00308,0.00410,0.00205,0.01763
1403636664.513595819473267,0.00798,0.00056,0.00162,0.00672,0.00817,0.00316,0.02821
1403636664.563590288162231,0.00883,0.00043,0.00405,0.00328,0.00112,0.00241,0.02013
1403636664.613585472106934,0.00586,0.00035,0.00048,0.00345,0.00118,0.00182,0.01315
1403636664.663584709167480,0.00762,0.00019,0.00097,0.00320,0.00001,0.00234,0.01433
1403636664.713586807250977,0.00624,0.00035,0.00050,0.00281,0.00003,0.00191,0.01184
1403636664.763589859008789,0.00869,0.00036,0.00083,0.00239,0.00165,0.00299,0.01690
1403636664.813591241836548,0.00789,0.00020,0.00040,0.00242,0.00001,0.00183,0.01274
1403636664.863593101501465,0.00703,0.00028,0.00060,0.00369,0.00165,0.00367,0.01693
1403636664.913593769073486,0.00731,0.00022,0.00039,0.00220,0.00781,0.00182,0.01976
1403636664.963594675064087,0.00907,0.00041,0.00172,0.00545,0.00430,0.00389,0.02483
1403636665.013594865798950,0.00822,0.00023,0.00137,0.00373,0.00450,0.00181,0.01985
1403636665.063595533370972,0.00795,0.00019,0.00142,0.00390,0.00010,0.00255,0.01612
1403636665.113595247268677,0.01115,0.00032,0.00557,0.00483,0.00261,0.00254,0.02703
1403636665.163598299026489,0.00972,0.00055,0.00112,0.00701,0.00125,0.00417,0.02382
1403636665.213602304458618,0.00782,0.00043,0.00204,0.00547,0.01379,0.00243,0.03198
1403636665.263609647750854,0.00923,0.00020,0.00073,0.00405,0.00066,0.00230,0.01717
1403636665.313613891601562,0.00849,0.00029,0.00055,0.00650,0.00059,0.00141,0.01784
1403636665.363616466522217,0.00740,0.00018,0.00065,0.00400,0.00021,0.00218,0.01462
1403636665.413617372512817,0.00759,0.00039,0.00024,0.00399,0.00000,0.00200,0.01420
1403636665.463618993759155,0.00597,0.00019,0.00063,0.00349,0.00214,0.00163,0.01407
1403636665.513618707656860,0.00957,0.00050,0.00098,0.00694,0.00220,0.00313,0.02332
1403636665.563618183135986,0.00779,0.00021,0.00021,0.00394,0.00001,0.00231,0.01448
1403636665.613617420196533,0.00896,0.00021,0.00108,0.00393,0.00115,0.00174,0.01707
1403636665.663616895675659,0.00650,0.00022,0.00043,0.00439,0.00156,0.00246,0.01555
1403636665.713617324829102,0.00920,0.00038,0.00021,0.00688,0.00714,0.00279,0.02661
1403636665.763616323471069,0.00803,0.00035,0.00161,0.00749,0.00304,0.00341,0.02393
1403636665.813617229461670,0.00850,0.00027,0.00154,0.00817,0.00031,0.00240,0.02119
1403636665.863614320755005,0.00912,0.00022,0.00034,0.00512,0.00012,0.00167,0.01660
1403636665.913612842559814,0.00750,0.00032,0.00165,0.00625,0.00577,0.00264,0.02413
1403636665.963607549667358,0.00768,0.00040,0.00289,0.00871,0.00234,0.00264,0.02467
1403636666.013605117797852,0.00624,0.00028,0.00059,0.00676,0.00572,0.00266,0.02225
1403636666.063605070114136,0.00662,0.00034,0.00076,0.00481,0.00067,0.00187,0.01507
1403636666.113606929779053,0.00500,0.00020,0.00023,0.00428,0.00000,0.00180,0.01153
1403636666.163607597351074,0.00990,0.00031,0.00043,0.00628,0.00424,0.00312,0.02429
1403636666.213608741760254,0.00889,0.00020,0.00018,0.00517,0.00261,0.00197,0.01903
1403636666.263608694076538,0.00560,0.00024,0.00092,0.00481,0.00000,0.00176,0.01333
1403636666.313609838485718,0.01047,0.00041,0.00036,0.00695,0.00000,0.00305,0.02124
1403636666.363609075546265,0.00530,0.00021,0.00089,0.00403,0.00248,0.00167,0.01457
1403636666.413613080978394,0.00782,0.00019,0.00314,0.00423,0.00324,0.00158,0.02020
1403636666.463616132736206,0.00548,0.00020,0.00061,0.00507,0.00391,0.00170,0.01697
1403636666.513616561889648,0.00869,0.00019,0.00154,0.00515,0.00177,0.00158,0.01893
1403636666.563615560531616,0.00587,0.00022,0.00413,0.00635,0.00000,0.00172,0.01830
1403636666.613619089126587,0.00631,0.00022,0.00446,0.00545,0.00000,0.00212,0.01857
1403636666.663621187210083,0.00790,0.00029,0.00013,0.00561,0.00062,0.00154,0.01608
1403636666.713621377944946,0.00632,0.00029,0.00269,0.00557,0.00062,0.00178,0.01727
1403636666.763621807098389,0.00708,0.00040,0.00671,0.00856,0.00000,0.00319,0.02593
1403636666.813621759414673,0.00597,0.00022,0.00003,0.00562,0.00000,0.00178,0.01363
1403636666.863623380661011,0.00654,0.00040,0.00862,0.00927,0.00003,0.00331,0.02817
1403636666.913624763488770,0.00573,0.00020,0.00012,0.00522,0.00000,0.00197,0.01324
1403636666.963622093200684,0.00754,0.00022,0.00030,0.00483,0.00130,0.00151,0.01570
1403636667.013620376586914,0.00911,0.00022,0.00290,0.00449,0.00055,0.00205,0.01932
1403636667.063610315322876,0.00698,0.00026,0.00377,0.00697,0.00375,0.00197,0.02370
1403636667.113600492477417,0.00691,0.00036,0.00042,0.00974,0.00004,0.00341,0.02088
1403636667.163593292236328,0.00541,0.00022,0.00038,0.00517,0.00214,0.00181,0.01513
1403636667.213583946228027,0.00676,0.00031,0.00571,0.00482,0.00338,0.00207,0.02306
1403636667.263587951660156,0.00641,0.00029,0.00043,0.00835,0.00001,0.00201,0.01751
1403636667.313591003417969,0.00539,0.00020,0.00112,0.00486,0.00001,0.00176,0.01333
1403636667.363597393035889,0.00610,0.00033,0.00212,0.00823,0.00317,0.00339,0.02335
1403636667.413608312606812,0.00803,0.00023,0.00019,0.00540,0.00018,0.00182,0.01585
1403636667.463617086410522,0.00812,0.00039,0.00546,0.00828,0.00400,0.00231,0.02856
1403636667.513621568679810,0.00539,0.00024,0.00170,0.00537,0.00006,0.00178,0.01454
1403636667.563623666763306,0.00565,0.00020,0.00348,0.00464,0.00204,0.00166,0.01766
1403636667.613622426986694,0.00595,0.00022,0.00113,0.00504,0.00056,0.00224,0.01515
1403636667.663622856140137,0.00595,0.00030,0.00180,0.00834,0.00067,0.00290,0.01995
1403636667.713623523712158,0.00728,0.00021,0.00020,0.00478,0.00124,0.00164,0.01534
1403636667.763624429702759,0.00971,0.00040,0.00020,0.00895,0.00036,0.00345,0.02308
1403636667.813626766204834,0.00639,0.00023,0.00390,0.00484,0.00099,0.00180,0.01815
1403636667.863626718521118,0.00646,0.00041,0.00052,0.00895,0.00000,0.00238,0.01871
1403636667.913627147674561,0.00597,0.00027,0.00041,0.00683,0.00000,0.00289,0.01636
1403636667.963628292083740,0.00587,0.00023,0.00050,0.00495,0.00552,0.00223,0.01931
1403636668.013629436492920,0.00605,0.00043,0.00003,0.01419,0.00000,0.00305,0.02375
1403636668.063631057739258,0.00646,0.00033,0.00567,0.00953,0.00036,0.00315,0.02550
1403636668.113631248474121,0.00696,0.00021,0.00016,0.00572,0.00124,0.00193,0.01621
1403636668.163630962371826,0.00511,0.00020,0.00332,0.00532,0.00003,0.00158,0.01556
1403636668.213630914688110,0.00629,0.00038,0.00297,0.01074,0.00032,0.00275,0.02345
1403636668.263631105422974,0.00598,0.00027,0.00634,0.00771,0.00027,0.00269,0.02327
1403636668.313631057739258,0.00799,0.00040,0.00625,0.01115,0.00362,0.00243,0.03184
1403636668.363630771636963,0.00671,0.00025,0.00050,0.00586,0.00023,0.00244,0.01599
1403636668.413630962371826,0.00557,0.00029,0.00104,0.00568,0.00063,0.00150,0.01471
1403636668.463631391525269,0.00491,0.00020,0.00009,0.00536,0.00000,0.00162,0.01217
1403636668.513631820678711,0.00575,0.00020,0.00051,0.00495,0.00000,0.00191,0.01333
1403636668.563632011413574,0.00687,0.00039,0.00035,0.00981,0.00005,0.00306,0.02053
1403636668.613631963729858,0.00577,0.00020,0.00020,0.00489,0.00001,0.00204,0.01311
1403636668.663630962371826,0.00506,0.00019,0.00002,0.00482,0.00194,0.00171,0.01374
1403636668.713631629943848,0.00695,0.00038,0.00057,0.00852,0.00277,0.00309,0.02227
1403636668.763629913330078,0.00600,0.00038,0.00270,0.01108,0.00311,0.00283,0.02610
1403636668.813628673553467,0.00554,0.00023,0.00142,0.00584,0.00042,0.00177,0.01521
1403636668.863629102706909,0.00818,0.00031,0.00800,0.00774,0.00063,0.00312,0.02798
1403636668.913630723953247,0.00485,0.00022,0.00171,0.00524,0.00103,0.00154,0.01458
1403636668.963630199432373,0.00660,0.00032,0.00087,0.00838,0.00024,0.00302,0.01942
1403636669.013628959655762,0.00648,0.00020,0.00138,0.00452,0.00025,0.00160,0.01444
1403636669.113628149032593,0.00514,0.00027,0.00036,0.00359,0.00000,0.00151,0.01087
1403636669.163627147674561,0.00788,0.00039,0.00037,0.00754,0.00000,0.00398,0.02017
1403636669.213622570037842,0.00613,0.00028,0.00141,0.00498,0.00126,0.00289,0.01695
1403636669.263621330261230,0.00588,0.00026,0.00081,0.00336,0.00022,0.00222,0.01276
1403636669.313616752624512,0.00609,0.00020,0.00065,0.00309,0.00238,0.00277,0.01518
1403636669.363610267639160,0.00577,0.00021,0.00034,0.00359,0.00116,0.00172,0.01278
1403636669.413609504699707,0.00697,0.00033,0.00223,0.00550,0.00389,0.00419,0.02312
1403636669.463611125946045,0.00741,0.00034,0.00022,0.00672,0.00774,0.00271,0.02515
1403636669.513609409332275,0.00696,0.00037,0.00804,0.00816,0.00475,0.00368,0.03196
1403636669.563611984252930,0.00626,0.00028,0.00026,0.00643,0.00405,0.00253,0.01982
1403636669.613614320755005,0.00545,0.00020,0.00058,0.00424,0.00392,0.00165,0.01605
1403636669.663615465164185,0.00688,0.00023,0.00408,0.00535,0.00092,0.00176,0.01922
1403636669.713615894317627,0.00792,0.00041,0.00131,0.00801,0.00216,0.00398,0.02379
1403636669.763615846633911,0.00567,0.00022,0.00037,0.00490,0.00000,0.00176,0.01291
1403636669.813615083694458,0.00809,0.00022,0.00215,0.00437,0.00015,0.00225,0.01723
1403636669.863620758056641,0.00686,0.00030,0.00597,0.00428,0.00299,0.00170,0.02210
1403636669.913628816604614,0.00744,0.00039,0.00046,0.00783,0.00000,0.00299,0.01911
1403636669.963629484176636,0.00638,0.00025,0.00006,0.00471,0.00000,0.00178,0.01318
1403636670.013628959655762,0.00591,0.00019,0.00055,0.00434,0.00181,0.00176,0.01456
1403636670.063626050949097,0.00636,0.00042,0.00145,0.00951,0.00339,0.00319,0.02432
1403636670.113624095916748,0.00590,0.00030,0.00483,0.00432,0.00042,0.00169,0.01747
1403636670.163614034652710,0.00609,0.00032,0.00008,0.00449,0.00155,0.00193,0.01446
1403636670.213600873947144,0.00703,0.00040,0.00024,0.00827,0.00307,0.00349,0.02250
1403636670.263592004776001,0.00542,0.00024,0.00149,0.00477,0.00067,0.00177,0.01436
1403636670.313591718673706,0.00551,0.00029,0.00017,0.00478,0.00001,0.00190,0.01265
1403636670.363593816757202,0.00718,0.00048,0.01421,0.00645,0.00465,0.00220,0.03517
1403636670.413594245910645,0.00544,0.00028,0.00002,0.00576,0.00063,0.00170,0.01384
1403636670.463593959808350,0.00557,0.00037,0.00378,0.00504,0.00122,0.00167,0.01765
1403636670.513592958450317,0.00504,0.00019,0.00005,0.00558,0.00000,0.00177,0.01263
1403636670.563591003417969,0.00618,0.00044,0.00016,0.01214,0.00000,0.00346,0.02238
1403636670.613589048385620,0.00475,0.00022,0.00002,0.00543,0.00000,0.00178,0.01220
1403636670.663587093353271,0.00437,0.00021,0.00002,0.00537,0.00042,0.00151,0.01189
1403636670.713585853576660,0.00543,0.00031,0.00288,0.00482,0.00242,0.00180,0.01766
1403636670.763584136962891,0.00518,0.00025,0.00037,0.00544,0.00021,0.00167,0.01312
1403636670.813582420349121,0.00513,0.00019,0.00007,0.00548,0.00003,0.00179,0.01268
1403636670.863581418991089,0.00565,0.00035,0.00195,0.00576,0.00027,0.00182,0.01579
1403636670.913580417633057,0.00541,0.00023,0.00002,0.00556,0.00071,0.00208,0.01400
1403636670.963579416275024,0.00448,0.00024,0.00822,0.00501,0.00000,0.00176,0.01971
1403636671.013579845428467,0.00554,0.00032,0.00053,0.00483,0.00016,0.00179,0.01316
1403636671.063579320907593,0.00851,0.00024,0.00350,0.00432,0.00073,0.00200,0.01930
1403636671.113580465316772,0.00698,0.00042,0.00073,0.00511,0.00001,0.00210,0.01533
1403636671.163581132888794,0.01041,0.00032,0.00026,0.00763,0.00000,0.00326,0.02188
1403636671.213581085205078,0.00811,0.00029,0.00030,0.00672,0.00000,0.00297,0.01838
1403636671.263583183288574,0.00831,0.00039,0.00094,0.00734,0.00232,0.00377,0.02307
1403636671.313586473464966,0.00781,0.00021,0.00282,0.00355,0.00394,0.00277,0.02110
1403636671.413589954376221,0.00834,0.00028,0.00149,0.00299,0.00038,0.00202,0.01550
1403636671.463590860366821,0.00765,0.00048,0.00291,0.00459,0.00122,0.00390,0.02075
1403636671.513586521148682,0.00738,0.00028,0.00222,0.00397,0.00579,0.00276,0.02239
1403636671.563587427139282,0.00728,0.00069,0.00262,0.00573,0.00004,0.00362,0.01998
1403636671.613585710525513,0.00746,0.00019,0.00372,0.00240,0.01078,0.00201,0.02657
1403636671.663583755493164,0.00652,0.00044,0.00640,0.00381,0.00208,0.00242,0.02166
1403636671.713587522506714,0.00689,0.00039,0.00466,0.00639,0.00185,0.00279,0.02299
1403636671.763604402542114,0.01142,0.00060,0.01054,0.00361,0.00234,0.00283,0.03135
1403636671.813608646392822,0.00913,0.00059,0.00089,0.00806,0.00024,0.00349,0.02241
1403636671.863612651824951,0.00741,0.00043,0.00018,0.00421,0.00000,0.00271,0.01493
1403636671.913618803024292,0.00737,0.00030,0.00035,0.00647,0.00255,0.00298,0.02003
1403636671.963621854782104,0.00720,0.00029,0.00058,0.00571,0.00293,0.00255,0.01925
1403636672.013625383377075,0.00779,0.00043,0.00135,0.00587,0.00003,0.00327,0.01874
1403636672.063628911972046,0.00695,0.00019,0.00089,0.00299,0.00000,0.00280,0.01383
1403636672.113635063171387,0.00791,0.00032,0.00195,0.00469,0.00473,0.00341,0.02302
1403636672.163638591766357,0.00597,0.00032,0.00043,0.00308,0.00110,0.00252,0.01342
1403636672.213642358779907,0.00728,0.00019,0.00009,0.00320,0.00264,0.00211,0.01552
1403636672.263646841049194,0.00722,0.00051,0.00488,0.00670,0.00785,0.00360,0.03076
1403636672.313653469085693,0.00649,0.00026,0.01827,0.00406,0.00178,0.00184,0.03270
1403636672.363656282424927,0.00582,0.00034,0.00713,0.00402,0.00122,0.00177,0.02030
1403636672.413657665252686,0.00634,0.00036,0.00055,0.00447,0.00019,0.00246,0.01438
1403636672.463660240173340,0.00796,0.00042,0.00048,0.00747,0.00001,0.00314,0.01949
1403636672.513663530349731,0.00671,0.00053,0.00010,0.00758,0.00088,0.00322,0.01904
1403636672.563663482666016,0.00968,0.00037,0.00038,0.00616,0.00025,0.00274,0.01958
1403636672.613659620285034,0.00695,0.00020,0.00031,0.00354,0.00105,0.00229,0.01433
1403636672.663658142089844,0.00653,0.00020,0.00021,0.00345,0.00000,0.00186,0.01226
1403636672.713658094406128,0.00720,0.00029,0.00016,0.00561,0.00517,0.00298,0.02141
1403636672.763658046722412,0.00602,0.00030,0.00116,0.00361,0.00069,0.00178,0.01356
1403636672.813659429550171,0.00568,0.00020,0.00002,0.00348,0.00114,0.00229,0.01282
1403636672.863659620285034,0.00629,0.00027,0.00028,0.00532,0.00005,0.00245,0.01467
1403636672.913673877716064,0.00707,0.00038,0.01419,0.00529,0.00549,0.00272,0.03514
1403636672.963674306869507,0.00443,0.00023,0.00437,0.00396,0.00240,0.00193,0.01733
1403636673.013674259185791,0.00584,0.00021,0.00020,0.00433,0.00118,0.00201,0.01378
1403636673.063673973083496,0.00662,0.00031,0.00003,0.00527,0.00077,0.00242,0.01541
1403636673.113667249679565,0.00694,0.00038,0.01279,0.00833,0.00227,0.00265,0.03336
1403636673.163667678833008,0.00633,0.00026,0.00006,0.00517,0.00129,0.00252,0.01562
1403636673.213668346405029,0.00583,0.00022,0.00028,0.00512,0.00179,0.00197,0.01522
1403636673.263668537139893,0.00632,0.00030,0.00007,0.00576,0.00000,0.00226,0.01471
1403636673.313667297363281,0.00736,0.00037,0.00003,0.01201,0.00008,0.00328,0.02313
1403636673.363662719726562,0.00625,0.00041,0.00014,0.00905,0.00009,0.00375,0.01968
1403636673.413655757904053,0.00604,0.00022,0.00002,0.00491,0.00000,0.00169,0.01288
1403636673.463649272918701,0.00902,0.00021,0.00002,0.00505,0.00147,0.00208,0.01784
1403636673.513640880584717,0.00774,0.00051,0.00988,0.00723,0.00021,0.00224,0.02780
1403636673.563634872436523,0.00756,0.00038,0.00071,0.01194,0.00013,0.00323,0.02395
1403636673.613627672195435,0.00732,0.00026,0.00032,0.00543,0.00003,0.00191,0.01526
1403636673.663624048233032,0.00785,0.00031,0.00009,0.00877,0.00000,0.00354,0.02056
1403636673.713620185852051,0.00598,0.00023,0.00215,0.00539,0.00024,0.00181,0.01580
1403636673.763618946075439,0.00763,0.00074,0.00200,0.01156,0.00000,0.00401,0.02594
1403636673.813620328903198,0.00764,0.00027,0.00173,0.00752,0.00031,0.00305,0.02053
1403636673.863623619079590,0.00599,0.00022,0.00014,0.00509,0.00000,0.00264,0.01409
1403636673.913626432418823,0.00819,0.00042,0.00440,0.00752,0.00006,0.00327,0.02386
1403636673.963630199432373,0.00628,0.00038,0.00026,0.00547,0.00006,0.00200,0.01445
1403636674.013630628585815,0.00652,0.00047,0.01163,0.00593,0.00187,0.00183,0.02826
1403636674.063631057739258,0.00531,0.00018,0.00005,0.00555,0.00003,0.00202,0.01313
1403636674.113630056381226,0.00628,0.00057,0.01200,0.00743,0.00006,0.00237,0.02871
1403636674.163630723953247,0.00586,0.00037,0.00030,0.00511,0.00014,0.00279,0.01457
1403636674.213631391525269,0.00616,0.00023,0.00025,0.00536,0.00086,0.00203,0.01489
1403636674.263630390167236,0.00784,0.00060,0.00030,0.00959,0.00000,0.00294,0.02127
1403636674.313630104064941,0.00563,0.00030,0.00630,0.00752,0.00235,0.00251,0.02462
1403636674.363628387451172,0.00625,0.00030,0.00076,0.00507,0.00016,0.00254,0.01508
1403636674.413626670837402,0.00835,0.00044,0.00003,0.00831,0.00006,0.00322,0.02040
1403636674.463625431060791,0.00591,0.00020,0.00044,0.00478,0.00000,0.00165,0.01297
1403636674.513624668121338,0.00645,0.00019,0.00087,0.00475,0.00047,0.00191,0.01465
1403636674.563624620437622,0.00523,0.00034,0.00001,0.00508,0.00080,0.00184,0.01330
1403636674.613622426986694,0.00581,0.00028,0.00827,0.00848,0.00008,0.00180,0.02471
1403636674.663622856140137,0.00611,0.00052,0.00017,0.00856,0.00133,0.00255,0.01924
1403636674.713623762130737,0.00634,0.00029,0.01012,0.00858,0.00006,0.00172,0.02711
1403636674.763620138168335,0.00605,0.00031,0.00591,0.00856,0.00117,0.00184,0.02384
1403636674.813619136810303,0.00649,0.00036,0.00010,0.01072,0.00073,0.00252,0.02092
1403636674.863618373870850,0.00627,0.00042,0.00002,0.00841,0.00000,0.00255,0.01767
1403636674.913618564605713,0.00662,0.00028,0.00612,0.00800,0.00068,0.00163,0.02333
1403636674.963618993759155,0.00613,0.00060,0.00045,0.00903,0.00026,0.00410,0.02057
1403636675.013618946075439,0.00642,0.00018,0.00001,0.00542,0.00004,0.00168,0.01375
1403636675.063618421554565,0.00637,0.00066,0.00002,0.00628,0.00000,0.00263,0.01597
1403636675.113616704940796,0.00608,0.00028,0.00020,0.00527,0.00035,0.00171,0.01389
1403636675.163616657257080,0.00619,0.00021,0.00002,0.00538,0.00005,0.00239,0.01425
1403636675.213616847991943,0.00609,0.00021,0.00449,0.00481,0.00007,0.00155,0.01724
1403636675.263617277145386,0.00668,0.00020,0.00031,0.00485,0.00077,0.00246,0.01527
1403636675.313617706298828,0.00735,0.00045,0.01153,0.00739,0.00008,0.00206,0.02887
1403636675.363616704940796,0.00655,0.00031,0.00042,0.00886,0.00018,0.00374,0.02006
1403636675.413614273071289,0.00729,0.00036,0.00012,0.01045,0.00040,0.00335,0.02196
1403636675.463613986968994,0.00652,0.00057,0.00006,0.00776,0.00000,0.00368,0.01859
1403636675.513612747192383,0.00653,0.00029,0.00458,0.00466,0.00170,0.00190,0.01967
1403636675.563611268997192,0.00650,0.00023,0.00086,0.00514,0.00016,0.00294,0.01583
1403636675.613609790802002,0.00642,0.00037,0.00077,0.00902,0.00004,0.00259,0.01921
1403636675.663608789443970,0.00610,0.00028,0.00116,0.00400,0.00016,0.00247,0.01417
1403636675.713607072830200,0.00932,0.00033,0.00129,0.00675,0.00058,0.00336,0.02164
1403636675.763605594635010,0.00634,0.00019,0.00103,0.00361,0.00004,0.00245,0.01366
1403636675.813603878021240,0.00663,0.00023,0.00188,0.00367,0.00374,0.00181,0.01798
1403636675.863605976104736,0.00626,0.00019,0.00072,0.00378,0.00180,0.00150,0.01425
1403636675.913604259490967,0.00755,0.00059,0.00758,0.00578,0.00194,0.00295,0.02639
1403636675.963602066040039,0.00678,0.00022,0.00239,0.00318,0.00443,0.00245,0.01945
1403636676.013602018356323,0.00649,0.00027,0.00192,0.00316,0.00034,0.00152,0.01368
1403636676.063601016998291,0.00633,0.00025,0.00096,0.00303,0.00013,0.00229,0.01299
1403636676.113602399826050,0.00813,0.00027,0.00012,0.00287,0.00003,0.00180,0.01322
1403636676.163604259490967,0.00770,0.00052,0.00151,0.00466,0.00158,0.00326,0.01925
1403636676.213605642318726,0.00667,0.00031,0.00025,0.00349,0.00049,0.00158,0.01279
1403636676.263598442077637,0.00690,0.00036,0.00795,0.00595,0.02119,0.00260,0.04496
1403636676.313596010208130,0.01135,0.00024,0.00065,0.00563,0.00000,0.00239,0.02026
1403636676.363594055175781,0.00500,0.00035,0.00065,0.00352,0.00041,0.00236,0.01228
1403636676.413591861724854,0.00421,0.00020,0.00022,0.00354,0.00081,0.00209,0.01107
1403636676.463592767715454,0.00376,0.00021,0.00005,0.00346,0.00004,0.00242,0.00995
1403636676.513594627380371,0.00406,0.00019,0.00071,0.00335,0.00623,0.00188,0.01642
1403636676.563596487045288,0.00541,0.00036,0.00066,0.00390,0.00251,0.00184,0.01468
1403636676.613596916198730,0.00511,0.00037,0.00007,0.00420,0.00079,0.00192,0.01247
1403636676.663599252700806,0.00702,0.00046,0.00863,0.00661,0.00831,0.00234,0.03337
1403636676.713599443435669,0.00721,0.00052,0.00044,0.00871,0.00008,0.00281,0.01977
1403636676.763599634170532,0.00658,0.00032,0.00109,0.00460,0.00035,0.00234,0.01529
1403636676.813600540161133,0.00621,0.00031,0.00007,0.00473,0.00000,0.00187,0.01319
1403636676.863600254058838,0.00680,0.00048,0.00530,0.00695,0.00223,0.00382,0.02558
1403636676.913601160049438,0.00604,0.00039,0.00005,0.00421,0.00000,0.00191,0.01260
1403636676.963602781295776,0.00606,0.00032,0.00043,0.00436,0.00075,0.00241,0.01434
1403636677.013604640960693,0.00599,0.00036,0.00074,0.00414,0.00117,0.00183,0.01423
1403636677.063605785369873,0.00690,0.00038,0.00047,0.00448,0.00073,0.00264,0.01560
1403636677.113608360290527,0.00726,0.00048,0.00081,0.00774,0.00509,0.00220,0.02359
1403636677.163609027862549,0.00626,0.00044,0.00656,0.00496,0.00531,0.00238,0.02590
1403636677.213610172271729,0.00712,0.00048,0.00213,0.01064,0.00000,0.00303,0.02340
1403636677.263611555099487,0.00718,0.00082,0.01041,0.01050,0.00000,0.00229,0.03122
1403636677.313613653182983,0.00646,0.00053,0.00049,0.01021,0.00000,0.00277,0.02046
1403636677.363616943359375,0.00704,0.00029,0.00232,0.00883,0.00000,0.00389,0.02236
1403636677.413617849349976,0.00703,0.00032,0.00104,0.00834,0.00000,0.00278,0.01951
1403636677.463619232177734,0.00786,0.00031,0.00036,0.00785,0.00236,0.00329,0.02203
1403636677.513617038726807,0.00703,0.00031,0.00145,0.00818,0.00000,0.00270,0.01967
1403636677.563613653182983,0.00683,0.00029,0.00167,0.00797,0.00000,0.00372,0.02048
1403636677.613609790802002,0.00696,0.00050,0.00301,0.00726,0.00800,0.00161,0.02734
1403636677.663604974746704,0.00582,0.00018,0.00014,0.00492,0.00000,0.00240,0.01347
1403636677.713601589202881,0.00875,0.00057,0.00035,0.00820,0.00103,0.00292,0.02183
1403636677.763596534729004,0.00716,0.00030,0.00255,0.00746,0.00868,0.00223,0.02837
1403636677.813593626022339,0.00677,0.00027,0.00012,0.00581,0.00000,0.00220,0.01518
1403636677.863593339920044,0.00718,0.00033,0.00596,0.00515,0.00239,0.00262,0.02363
1403636677.913592815399170,0.00679,0.00032,0.00201,0.00962,0.00234,0.00287,0.02395
1403636677.963593482971191,0.00584,0.00018,0.00151,0.00570,0.00000,0.00221,0.01544
1403636678.013592720031738,0.00631,0.00038,0.00645,0.00917,0.00338,0.00190,0.02759
1403636678.063592910766602,0.00712,0.00038,0.00751,0.01104,0.00211,0.00364,0.03181
1403636678.113592624664307,0.00814,0.00037,0.00017,0.00979,0.00000,0.00271,0.02118
1403636678.163590192794800,0.00708,0.00037,0.00003,0.01153,0.00000,0.00397,0.02298
1403636678.213588714599609,0.00684,0.00029,0.00019,0.00478,0.00019,0.00164,0.01393
1403636678.263589143753052,0.00682,0.00026,0.00736,0.00680,0.00347,0.00243,0.02714
1403636678.313588619232178,0.00648,0.00031,0.00014,0.00872,0.00007,0.00300,0.01872
1403636678.363587856292725,0.00622,0.00030,0.00014,0.00807,0.00109,0.00272,0.01853
1403636678.413587093353271,0.00658,0.00030,0.00072,0.00425,0.00015,0.00244,0.01445
1403636678.463587045669556,0.00658,0.00036,0.00043,0.00766,0.00770,0.00375,0.02648
1403636678.513587236404419,0.00648,0.00050,0.00024,0.00722,0.00254,0.00156,0.01854
1403636678.563588142395020,0.00578,0.00018,0.00004,0.00450,0.00000,0.00232,0.01283
1403636678.613585472106934,0.00627,0.00030,0.00012,0.00696,0.00471,0.00184,0.02020
1403636678.663584947586060,0.00677,0.00029,0.00904,0.00613,0.00558,0.00234,0.03015
1403636678.713584661483765,0.00856,0.00031,0.00018,0.00849,0.00025,0.00285,0.02065
1403636678.763584136962891,0.00676,0.00028,0.00009,0.00864,0.00000,0.00364,0.01940
1403636678.813586711883545,0.00692,0.00031,0.00018,0.00790,0.00209,0.00294,0.02033
1403636678.863588094711304,0.00683,0.00030,0.00028,0.00776,0.01349,0.00250,0.03115
1403636678.913588285446167,0.00663,0.00044,0.00024,0.00519,0.00002,0.00191,0.01444
1403636678.963588476181030,0.00601,0.00018,0.00037,0.00534,0.00018,0.00243,0.01452
1403636679.013587713241577,0.00690,0.00023,0.00007,0.00542,0.00000,0.00204,0.01466
1403636679.063586473464966,0.00732,0.00034,0.00107,0.00889,0.00006,0.00386,0.02153
1403636679.113584280014038,0.00645,0.00030,0.00010,0.00856,0.00082,0.00273,0.01895
1403636679.163582324981689,0.00811,0.00028,0.00028,0.00797,0.00001,0.00387,0.02053
1403636679.213580846786499,0.00606,0.00020,0.00018,0.00443,0.00130,0.00184,0.01402
1403636679.263583421707153,0.00703,0.00069,0.00971,0.00792,0.01041,0.00380,0.03957
1403636679.313583612442017,0.00661,0.00053,0.00029,0.01038,0.00000,0.00306,0.02087
1403636679.363582372665405,0.00756,0.00038,0.00071,0.00460,0.00015,0.00300,0.01640
1403636679.413581609725952,0.00669,0.00037,0.00030,0.00909,0.00010,0.00358,0.02014
1403636679.463581562042236,0.00362,0.00019,0.00002,0.00386,0.00014,0.00170,0.00953
1403636679.513581752777100,0.00519,0.00034,0.00010,0.00612,0.00023,0.00232,0.01431
1403636679.563581466674805,0.00541,0.00019,0.00046,0.00389,0.00029,0.00179,0.01203
1403636679.613581180572510,0.00601,0.00029,0.00017,0.00633,0.00000,0.00270,0.01551
1403636679.663580179214478,0.00636,0.00044,0.00011,0.00647,0.00218,0.00254,0.01811
1403636679.713579654693604,0.00761,0.00037,0.00022,0.00728,0.00169,0.00279,0.01996
1403636679.763578414916992,0.00658,0.00029,0.00040,0.00634,0.00000,0.00263,0.01624
1403636679.813575983047485,0.00651,0.00025,0.00012,0.00592,0.00000,0.00245,0.01525
1403636679.863573074340820,0.00639,0.00026,0.00292,0.00501,0.00405,0.00249,0.02113
1403636679.913571119308472,0.00697,0.00018,0.00103,0.00365,0.00197,0.00160,0.01540
1403636679.963570117950439,0.00692,0.00030,0.00013,0.00624,0.00023,0.00290,0.01671
1403636680.063569784164429,0.00623,0.00046,0.00044,0.00314,0.00077,0.00188,0.01292
1403636680.113569736480713,0.00722,0.00038,0.00011,0.00325,0.00008,0.00263,0.01368
1403636680.163571596145630,0.00772,0.00025,0.00054,0.00282,0.00015,0.00214,0.01362
1403636680.213571786880493,0.00693,0.00020,0.00028,0.00259,0.00439,0.00253,0.01691
1403636680.263571262359619,0.00777,0.00042,0.00044,0.00529,0.00001,0.00281,0.01674
1403636680.313570499420166,0.00612,0.00019,0.00010,0.00318,0.01427,0.00240,0.02627
1403636680.363569498062134,0.00738,0.00019,0.00172,0.00526,0.00364,0.00175,0.01994
1403636680.413569688796997,0.00735,0.00053,0.00018,0.00897,0.00000,0.00390,0.02094
1403636680.463570117950439,0.00659,0.00036,0.00016,0.00889,0.00026,0.00295,0.01921
1403636680.513571500778198,0.00384,0.00035,0.00466,0.00457,0.00370,0.00249,0.01960
1403636680.563572645187378,0.00413,0.00019,0.00060,0.00550,0.00180,0.00201,0.01423
1403636680.613572597503662,0.00468,0.00042,0.00012,0.00678,0.00003,0.00162,0.01366
1403636680.663572788238525,0.00382,0.00019,0.00275,0.00568,0.00088,0.00167,0.01499
1403636680.713572025299072,0.00484,0.00052,0.01204,0.00711,0.00250,0.00175,0.02876
1403636680.763570785522461,0.00620,0.00055,0.00387,0.01158,0.00215,0.00257,0.02692
1403636680.813568115234375,0.00730,0.00049,0.00011,0.00600,0.00016,0.00210,0.01616
1403636680.863565683364868,0.00661,0.00055,0.00015,0.01127,0.00109,0.00281,0.02249
1403636680.913564205169678,0.00698,0.00059,0.00009,0.01036,0.00040,0.00380,0.02224
1403636680.963564395904541,0.00729,0.00034,0.00218,0.00562,0.00183,0.00186,0.01913
1403636681.013564825057983,0.00714,0.00049,0.00045,0.00756,0.00000,0.00380,0.01945
1403636681.063565969467163,0.00641,0.00042,0.00176,0.00985,0.00001,0.00289,0.02134
1403636681.113566637039185,0.00584,0.00033,0.00778,0.00924,0.00183,0.00186,0.02688
1403636681.163568258285522,0.00548,0.00033,0.00046,0.00533,0.00082,0.00198,0.01440
1403636681.213571071624756,0.00431,0.00021,0.00090,0.00536,0.00137,0.00231,0.01447
1403636681.263572692871094,0.00433,0.00020,0.00069,0.00549,0.00167,0.00190,0.01429
1403636681.313570261001587,0.00622,0.00038,0.01319,0.00999,0.00038,0.00296,0.03311
1403636681.363571882247925,0.00451,0.00034,0.01133,0.00562,0.00134,0.00180,0.02493
1403636681.413571119308472,0.00448,0.00043,0.00034,0.00853,0.00000,0.00443,0.01822
1403636681.463569641113281,0.00600,0.00038,0.00138,0.00580,0.00000,0.00185,0.01541
1403636681.513568162918091,0.00667,0.00060,0.00087,0.00801,0.00020,0.00245,0.01880
1403636681.563566446304321,0.00668,0.00043,0.00024,0.00998,0.00218,0.00257,0.02209
1403636681.613565206527710,0.00560,0.00044,0.00005,0.00644,0.00000,0.00243,0.01497
1403636681.663563966751099,0.00401,0.00021,0.00025,0.00620,0.00000,0.00177,0.01245
1403636681.713562011718750,0.00535,0.00045,0.00463,0.00576,0.00005,0.00248,0.01871
1403636681.763560056686401,0.00482,0.00021,0.00023,0.00551,0.00000,0.00183,0.01260
1403636681.813558578491211,0.00577,0.00042,0.00108,0.00559,0.00000,0.00233,0.01519
1403636681.863557100296021,0.00720,0.00022,0.00043,0.00532,0.00092,0.00226,0.01634
1403636681.913555383682251,0.00733,0.00074,0.00717,0.00849,0.00675,0.00284,0.03332
1403636681.963555574417114,0.00549,0.00042,0.00519,0.00933,0.00204,0.00198,0.02444
1403636682.013554334640503,0.00377,0.00020,0.00504,0.00599,0.00000,0.00166,0.01667
1403636682.063554286956787,0.00550,0.00024,0.00013,0.00596,0.00000,0.00178,0.01361
1403636682.113554000854492,0.00505,0.00037,0.00037,0.00925,0.00000,0.00293,0.01796
1403636682.163553714752197,0.00629,0.00021,0.00023,0.00539,0.00001,0.00197,0.01410
1403636682.213553905487061,0.00521,0.00020,0.00004,0.00505,0.00000,0.00182,0.01232
1403636682.263553857803345,0.00707,0.00037,0.00320,0.01094,0.01033,0.00282,0.03473
1403636682.313553571701050,0.00698,0.00036,0.00683,0.01033,0.00185,0.00255,0.02889
1403636682.363553285598755,0.00548,0.00028,0.00042,0.00632,0.00000,0.00210,0.01461
1403636682.413553237915039,0.00721,0.00049,0.00602,0.00914,0.00034,0.00293,0.02611
1403636682.463553905487061,0.00874,0.00046,0.00055,0.00926,0.00041,0.00280,0.02224
1403636682.513554334640503,0.00731,0.00025,0.00469,0.00873,0.00188,0.00166,0.02453
1403636682.563553333282471,0.00405,0.00023,0.00011,0.00657,0.00000,0.00191,0.01286
1403636682.613553285598755,0.00410,0.00019,0.00605,0.00629,0.00122,0.00209,0.01994
1403636682.663553714752197,0.00515,0.00024,0.00002,0.00761,0.00000,0.00256,0.01559
1403636682.713554620742798,0.00650,0.00023,0.00466,0.00657,0.00000,0.00199,0.01995
1403636682.763554096221924,0.00691,0.00044,0.00138,0.00638,0.00001,0.00241,0.01753
1403636682.813555479049683,0.00599,0.00038,0.00440,0.00681,0.00137,0.00208,0.02102
1403636682.863556861877441,0.00627,0.00042,0.00306,0.00632,0.00002,0.00185,0.01795
1403636682.913557767868042,0.00583,0.00034,0.00267,0.00599,0.00243,0.00166,0.01894
1403636682.963558435440063,0.00675,0.00062,0.00983,0.01008,0.00000,0.00222,0.02950
1403636683.013558387756348,0.00600,0.00024,0.00409,0.00653,0.00002,0.00167,0.01855
1403636683.063558816909790,0.00626,0.00046,0.00096,0.01017,0.00032,0.00256,0.02073
1403636683.113558530807495,0.00610,0.00064,0.00061,0.00675,0.00063,0.00217,0.01689
1403636683.163557291030884,0.00649,0.00047,0.00002,0.01055,0.00000,0.00260,0.02014
1403636683.213556289672852,0.00644,0.00044,0.00841,0.00997,0.00000,0.00248,0.02774
1403636683.263555765151978,0.00639,0.00027,0.00002,0.01035,0.00000,0.00311,0.02013
1403636683.313554763793945,0.00942,0.00037,0.00553,0.00899,0.00003,0.00236,0.02670
1403636683.363555192947388,0.00714,0.00035,0.00022,0.00673,0.00065,0.00194,0.01703
1403636683.413553714752197,0.00394,0.00021,0.00402,0.00645,0.00000,0.00187,0.01649
1403636683.463554143905640,0.00679,0.00023,0.00234,0.00637,0.00126,0.00238,0.01936
1403636683.513554096221924,0.00426,0.00020,0.00273,0.00656,0.00000,0.00211,0.01587
1403636683.563553571701050,0.00420,0.00023,0.00512,0.00658,0.00002,0.00205,0.01820
1403636683.613554239273071,0.00425,0.00021,0.00478,0.01117,0.00210,0.00297,0.02549
1403636683.663555383682251,0.00585,0.00038,0.00307,0.01324,0.00035,0.00285,0.02573
1403636683.713556051254272,0.00517,0.00030,0.00093,0.01116,0.00000,0.00284,0.02040
1403636683.763555526733398,0.00564,0.00021,0.00008,0.00610,0.00000,0.00183,0.01386
1403636683.813554525375366,0.00547,0.00017,0.00342,0.00573,0.00354,0.00176,0.02008
1403636683.863551378250122,0.00808,0.00021,0.00829,0.00637,0.00062,0.00210,0.02567
1403636683.913549184799194,0.00702,0.00023,0.00321,0.00650,0.00000,0.00197,0.01893
1403636683.963549137115479,0.00685,0.00026,0.00006,0.00688,0.00000,0.00213,0.01618
1403636684.013548612594604,0.00689,0.00039,0.00435,0.01418,0.00034,0.00283,0.02899
1403636684.063547611236572,0.00677,0.00028,0.00002,0.01010,0.00198,0.00293,0.02209
1403636684.113547801971436,0.00627,0.00039,0.00340,0.00635,0.00000,0.00194,0.01835
1403636684.163547039031982,0.00624,0.00019,0.00348,0.00632,0.00000,0.00203,0.01825
1403636684.213547229766846,0.00675,0.00038,0.00860,0.01206,0.00001,0.00289,0.03068
1403636684.263546228408813,0.00689,0.00048,0.00201,0.01254,0.00043,0.00279,0.02514
1403636684.313546180725098,0.00723,0.00040,0.00035,0.01005,0.00000,0.00282,0.02085
1403636684.363546848297119,0.00647,0.00021,0.00006,0.00539,0.00001,0.00195,0.01409
1403636684.413548469543457,0.00614,0.00020,0.00923,0.00510,0.00526,0.00171,0.02765
1403636684.463548898696899,0.00759,0.00031,0.00702,0.00594,0.00061,0.00172,0.02320
1403636684.513549089431763,0.00615,0.00029,0.00303,0.00625,0.00065,0.00161,0.01799
1403636684.563549280166626,0.00684,0.00032,0.00013,0.01002,0.00000,0.00329,0.02060
1403636684.613548755645752,0.00617,0.00023,0.00333,0.00586,0.00021,0.00208,0.01788
1403636684.663549184799194,0.00571,0.00020,0.00038,0.00598,0.00002,0.00182,0.01412
1403636684.713549375534058,0.00553,0.00020,0.00005,0.00578,0.00185,0.00179,0.01521
1403636684.763550043106079,0.00612,0.00040,0.00401,0.00903,0.00188,0.00257,0.02402
1403636684.813550472259521,0.00625,0.00033,0.00384,0.00578,0.00121,0.00195,0.01935
1403636684.863550662994385,0.00601,0.00038,0.00011,0.01351,0.00009,0.00313,0.02324
1403636684.913551092147827,0.00527,0.00020,0.00072,0.00580,0.00001,0.00177,0.01377
1403636684.963550567626953,0.00493,0.00020,0.00050,0.00579,0.00062,0.00197,0.01401
1403636685.013550043106079,0.00632,0.00023,0.00605,0.00584,0.00239,0.00226,0.02308
1403636685.063550949096680,0.00624,0.00035,0.00926,0.01103,0.00196,0.00201,0.03085
1403636685.113551139831543,0.00503,0.00043,0.00474,0.00976,0.00000,0.00567,0.02564
1403636685.163550853729248,0.00692,0.00037,0.00007,0.01019,0.00000,0.00245,0.02000
1403636685.213551282882690,0.00398,0.00021,0.00244,0.01008,0.00000,0.00286,0.01956
1403636685.263551473617554,0.00688,0.00022,0.00163,0.00658,0.00000,0.00214,0.01746
1403636685.313552141189575,0.00485,0.00020,0.00006,0.00662,0.00000,0.00162,0.01336
1403636685.363551855087280,0.00313,0.00018,0.00331,0.00652,0.00000,0.00157,0.01472
1403636685.413552522659302,0.00536,0.00020,0.00371,0.00652,0.00000,0.00171,0.01750
1403636685.463553190231323,0.00502,0.00018,0.00007,0.00648,0.00000,0.00168,0.01343
1403636685.513553142547607,0.00579,0.00030,0.00030,0.01133,0.00001,0.00261,0.02035
1403636685.563555002212524,0.00863,0.00037,0.02005,0.01086,0.00075,0.00166,0.04232
1403636685.613556146621704,0.00600,0.00036,0.00908,0.01106,0.00000,0.00259,0.02909
1403636685.663556814193726,0.00570,0.00041,0.00942,0.01101,0.00000,0.00253,0.02906
1403636685.713557004928589,0.00607,0.00030,0.00334,0.00943,0.00001,0.00243,0.02159
1403636685.763556241989136,0.00491,0.00018,0.00013,0.00600,0.00000,0.00150,0.01272
1403636685.813556909561157,0.00568,0.00030,0.00029,0.01041,0.00038,0.00258,0.01964
1403636685.863556623458862,0.00599,0.00031,0.00015,0.00930,0.00185,0.00178,0.01938
1403636685.913555622100830,0.00478,0.00018,0.00008,0.00615,0.00003,0.00148,0.01271
1403636685.963555335998535,0.00565,0.00027,0.00020,0.01238,0.00463,0.00218,0.02530
1403636686.013554334640503,0.00603,0.00019,0.00353,0.00656,0.00000,0.00152,0.01782
1403636686.063554048538208,0.00475,0.00040,0.00015,0.01022,0.00000,0.00227,0.01778
1403636686.113554477691650,0.00495,0.00035,0.00150,0.01134,0.00004,0.00297,0.02115
1403636686.163554668426514,0.00447,0.00043,0.01170,0.00968,0.00183,0.00229,0.03039
1403636686.213555097579956,0.00500,0.00034,0.00742,0.00998,0.00000,0.00613,0.02888
1403636686.263555526733398,0.00358,0.00033,0.00492,0.00640,0.00000,0.00176,0.01699
1403636686.313555240631104,0.00298,0.00021,0.00173,0.00611,0.00016,0.00146,0.01265
1403636686.363555192947388,0.00262,0.00017,0.00001,0.00653,0.00000,0.00152,0.01086
1403636686.413555622100830,0.00305,0.00020,0.00018,0.00657,0.00020,0.00159,0.01180
1403636686.463555574417114,0.00475,0.00034,0.00003,0.01011,0.00151,0.00214,0.01887
1403636686.513555765151978,0.00408,0.00024,0.00006,0.00770,0.00000,0.00247,0.01455
1403636686.563555717468262,0.00365,0.00022,0.00039,0.00694,0.00000,0.00187,0.01306
1403636686.613555192947388,0.00530,0.00031,0.00614,0.00856,0.00000,0.00166,0.02198
1403636686.663555383682251,0.00632,0.00038,0.00023,0.01414,0.00000,0.00320,0.02428
1403636686.713555574417114,0.00622,0.00024,0.00009,0.00784,0.00078,0.00211,0.01728
1403636686.763556241989136,0.00421,0.00040,0.00905,0.00780,0.00000,0.00269,0.02416
1403636686.813556432723999,0.00421,0.00024,0.00548,0.00748,0.00003,0.00214,0.01959
1403636686.863556385040283,0.00762,0.00051,0.00528,0.00634,0.00131,0.00249,0.02356
1403636686.913556575775146,0.00445,0.00021,0.00100,0.00627,0.00003,0.00183,0.01378
1403636686.963556766510010,0.00387,0.00022,0.00002,0.00642,0.00000,0.00172,0.01226
1403636687.013556957244873,0.00378,0.00019,0.00010,0.00638,0.00024,0.00167,0.01235
1403636687.063557147979736,0.00416,0.00021,0.00023,0.00638,0.00000,0.00200,0.01298
1403636687.113557100296021,0.00415,0.00041,0.00064,0.00600,0.00003,0.00206,0.01329
1403636687.163556814193726,0.00658,0.00026,0.00006,0.00644,0.00000,0.00261,0.01596
1403636687.213557004928589,0.00617,0.00021,0.00266,0.00592,0.00283,0.00179,0.01958
1403636687.263557195663452,0.00663,0.00027,0.00078,0.00641,0.00004,0.00213,0.01626
1403636687.313557386398315,0.00711,0.00040,0.00154,0.01209,0.00007,0.00323,0.02443
1403636687.363558292388916,0.00645,0.00020,0.00520,0.00584,0.00038,0.00158,0.01965
1403636687.413558006286621,0.00628,0.00037,0.01310,0.00574,0.00080,0.00183,0.02811
1403636687.463557958602905,0.00619,0.00022,0.00372,0.00574,0.00123,0.00225,0.01935
1403636687.513558149337769,0.00586,0.00023,0.00009,0.00592,0.00005,0.00204,0.01419
1403636687.563557624816895,0.00707,0.00040,0.00024,0.01144,0.00003,0.00321,0.02239
1403636687.613557338714600,0.00601,0.00034,0.00029,0.00536,0.00028,0.00185,0.01414
1403636687.663557291030884,0.00573,0.00020,0.00002,0.00544,0.00000,0.00172,0.01311
1403636687.713557720184326,0.00558,0.00019,0.00036,0.00503,0.00004,0.00185,0.01305
1403636687.763557434082031,0.00594,0.00018,0.00043,0.00499,0.00000,0.00168,0.01322
1403636687.813557386398315,0.00597,0.00029,0.00005,0.00858,0.00232,0.00253,0.01974
1403636687.863557338714600,0.00639,0.00019,0.00060,0.00498,0.00005,0.00182,0.01404
1403636687.913557052612305,0.00600,0.00026,0.00012,0.00521,0.00121,0.00197,0.01478
1403636687.963558197021484,0.00587,0.00038,0.00826,0.00956,0.00633,0.00259,0.03299
1403636688.013557672500610,0.00615,0.00046,0.01531,0.00854,0.00268,0.00286,0.03600
1403636688.063557147979736,0.00985,0.00032,0.00064,0.00801,0.00202,0.00309,0.02393
1403636688.113557577133179,0.00568,0.00038,0.00009,0.00533,0.00021,0.00201,0.01370
1403636688.163557291030884,0.00686,0.00020,0.00006,0.00452,0.00018,0.00180,0.01362
1403636688.213557481765747,0.00605,0.00020,0.00013,0.00449,0.00041,0.00157,0.01286
1403636688.263557672500610,0.00525,0.00020,0.00048,0.00420,0.00002,0.00235,0.01251
1403636688.313557624816895,0.00630,0.00027,0.00013,0.00380,0.00059,0.00160,0.01269
1403636688.363557338714600,0.00676,0.00031,0.00059,0.00610,0.00004,0.00301,0.01682
1403636688.413557052612305,0.00588,0.00038,0.00055,0.00377,0.00035,0.00198,0.01291
1403636688.463557004928589,0.00424,0.00042,0.00002,0.00475,0.00006,0.00261,0.01211
1403636688.513557195663452,0.00473,0.00037,0.00018,0.00399,0.00004,0.00274,0.01205
1403636688.563556909561157,0.00393,0.00020,0.00057,0.00370,0.00480,0.00219,0.01539
1403636688.613558053970337,0.00522,0.00059,0.01086,0.00424,0.00407,0.00190,0.02688
1403636688.663558006286621,0.00383,0.00018,0.00047,0.00474,0.00033,0.00190,0.01145
1403636688.713558197021484,0.00460,0.00027,0.00003,0.00483,0.00000,0.00180,0.01154
1403636688.763558149337769,0.00817,0.00037,0.00047,0.00437,0.00026,0.00192,0.01556
1403636688.813557624816895,0.00717,0.00039,0.00028,0.00475,0.00006,0.00230,0.01496
1403636688.863557338714600,0.00613,0.00022,0.00010,0.00404,0.00142,0.00165,0.01357
1403636688.913557767868042,0.00628,0.00029,0.00051,0.00425,0.00003,0.00168,0.01305
1403636688.963557958602905,0.00732,0.00042,0.00112,0.00649,0.00013,0.00351,0.01899
1403636689.013557434082031,0.00642,0.00028,0.00097,0.00375,0.00127,0.00168,0.01438
1403636689.063557147979736,0.00587,0.00035,0.00027,0.00346,0.00005,0.00233,0.01234
1403636689.113557100296021,0.00642,0.00042,0.00018,0.00378,0.00052,0.00242,0.01374
1403636689.163556814193726,0.00539,0.00019,0.00036,0.00257,0.00021,0.00157,0.01029
1403636689.213557004928589,0.00541,0.00028,0.00398,0.00222,0.00809,0.00153,0.02150
1403636689.263556957244873,0.00681,0.00033,0.00089,0.00477,0.00088,0.00319,0.01688
1403636689.313557147979736,0.01040,0.00038,0.01360,0.00588,0.01024,0.00200,0.04251
1403636689.363557100296021,0.00708,0.00020,0.00012,0.00488,0.00077,0.00219,0.01523
1403636689.413556814193726,0.00744,0.00047,0.00028,0.00843,0.00009,0.00296,0.01967
1403636689.463557004928589,0.00765,0.00028,0.00037,0.00696,0.00000,0.00301,0.01827
1403636689.513556957244873,0.00724,0.00027,0.00144,0.00588,0.00022,0.00269,0.01775
1403636689.563557147979736,0.00587,0.00020,0.00043,0.00384,0.00105,0.00238,0.01378
1403636689.613557100296021,0.00626,0.00020,0.00037,0.00375,0.00238,0.00169,0.01466
1403636689.663557767868042,0.00686,0.00028,0.00010,0.00393,0.00026,0.00172,0.01315
1403636689.713559627532959,0.00528,0.00036,0.00103,0.00348,0.00015,0.00201,0.01232
1403636689.763559818267822,0.00471,0.00020,0.00050,0.00340,0.00025,0.00229,0.01136
1403636689.813560485839844,0.00517,0.00020,0.00293,0.00322,0.00358,0.00196,0.01706
1403636689.863560676574707,0.00676,0.00040,0.01367,0.00554,0.00635,0.00244,0.03517
1403636689.913561105728149,0.00546,0.00020,0.00343,0.00341,0.00448,0.00172,0.01870
1403636689.963561773300171,0.00548,0.00029,0.00025,0.00456,0.00040,0.00159,0.01257
1403636690.013561964035034,0.00548,0.00022,0.00032,0.00498,0.00018,0.00223,0.01341
1403636690.063562631607056,0.00498,0.00020,0.00009,0.00508,0.00024,0.00286,0.01345
1403636690.113563060760498,0.00506,0.00020,0.00018,0.00480,0.00082,0.00201,0.01308
1403636690.163563251495361,0.00699,0.00023,0.00047,0.00584,0.00034,0.00207,0.01595
1403636690.213563680648804,0.00551,0.00019,0.00028,0.00495,0.00010,0.00203,0.01306
1403636690.263563871383667,0.00904,0.00038,0.00015,0.01039,0.00061,0.00341,0.02399
1403636690.313564300537109,0.00723,0.00030,0.00072,0.00720,0.00246,0.00286,0.02078
1403636690.363563776016235,0.00650,0.00036,0.00031,0.00903,0.00155,0.00317,0.02092
1403636690.413563013076782,0.00656,0.00032,0.00378,0.00404,0.00055,0.00208,0.01734
1403636690.463564395904541,0.00786,0.00043,0.01252,0.00558,0.00067,0.00204,0.02910
1403636690.563562870025635,0.00999,0.00041,0.00224,0.00426,0.00308,0.00275,0.02273
1403636690.613561153411865,0.00650,0.00037,0.00238,0.00616,0.00007,0.00331,0.01878
1403636690.663560628890991,0.00557,0.00038,0.00037,0.00263,0.00052,0.00197,0.01143
1403636690.713559389114380,0.00637,0.00035,0.00042,0.00572,0.00002,0.00348,0.01636
1403636690.763558864593506,0.00656,0.00047,0.00026,0.00547,0.00025,0.00296,0.01598
1403636690.813558816909790,0.00601,0.00028,0.00025,0.00439,0.00013,0.00314,0.01420
1403636690.863559484481812,0.00629,0.00026,0.00133,0.00381,0.00953,0.00275,0.02398
1403636690.913559913635254,0.00646,0.00049,0.00122,0.00265,0.00028,0.00204,0.01314
1403636690.963560104370117,0.00724,0.00030,0.00015,0.00251,0.00003,0.00175,0.01197
1403636691.013560295104980,0.00807,0.00055,0.00563,0.00336,0.00091,0.00317,0.02169
1403636691.063558816909790,0.00635,0.00021,0.00100,0.00200,0.00294,0.00173,0.01424
1403636691.113557577133179,0.00757,0.00029,0.01122,0.00377,0.00620,0.00181,0.03086
1403636691.163556098937988,0.00477,0.00030,0.00133,0.00241,0.00179,0.00187,0.01246
1403636691.213554382324219,0.00654,0.00042,0.00035,0.00429,0.00051,0.00278,0.01489
1403636691.263553619384766,0.00647,0.00044,0.00093,0.00239,0.00111,0.00194,0.01329
1403636691.313552618026733,0.00710,0.00030,0.00138,0.00244,0.00011,0.00213,0.01346
1403636691.363552808761597,0.00933,0.00038,0.00152,0.00518,0.00000,0.00323,0.01964
1403636691.413555145263672,0.00675,0.00030,0.00154,0.00186,0.00007,0.00188,0.01241
1403636691.463556766510010,0.00595,0.00032,0.00049,0.00198,0.00004,0.00202,0.01079
1403636691.513559579849243,0.00862,0.00044,0.00288,0.00332,0.00962,0.00379,0.02867
1403636691.563559293746948,0.00798,0.00020,0.00044,0.00200,0.00024,0.00189,0.01276
1403636691.613558292388916,0.00593,0.00027,0.00200,0.00170,0.00020,0.00164,0.01175
1403636691.663558244705200,0.00787,0.00044,0.00176,0.00303,0.00433,0.00303,0.02046
1403636691.713553905487061,0.00707,0.00024,0.00057,0.00202,0.00133,0.00174,0.01297
1403636691.763549566268921,0.00756,0.00041,0.00086,0.00255,0.00817,0.00299,0.02252
1403636691.813547134399414,0.00764,0.00022,0.00054,0.00203,0.00014,0.00208,0.01264
1403636691.863546609878540,0.00629,0.00028,0.00055,0.00209,0.00118,0.00181,0.01220
1403636691.913541793823242,0.00775,0.00020,0.00017,0.00245,0.00592,0.00186,0.01835
1403636691.963537931442261,0.00689,0.00045,0.00109,0.00322,0.00000,0.00245,0.01410
1403636692.013536453247070,0.00766,0.00026,0.00120,0.00295,0.00220,0.00233,0.01661
1403636692.063533544540405,0.00626,0.00039,0.00085,0.00314,0.00544,0.00184,0.01793
1403636692.113533735275269,0.00669,0.00053,0.00194,0.00639,0.00708,0.00281,0.02544
1403636692.163533687591553,0.00722,0.00028,0.00112,0.00411,0.00207,0.00176,0.01656
1403636692.213532686233521,0.00611,0.00038,0.00153,0.00453,0.00142,0.00187,0.01584
1403636692.263532161712646,0.00682,0.00037,0.00298,0.00766,0.00126,0.00353,0.02261
1403636692.313531398773193,0.00609,0.00055,0.00778,0.00972,0.00061,0.00242,0.02718
1403636692.363532066345215,0.00828,0.00032,0.00409,0.00445,0.00292,0.00196,0.02202
1403636692.413532972335815,0.00813,0.00054,0.00028,0.00801,0.00095,0.00316,0.02107
1403636692.463534355163574,0.00612,0.00024,0.00370,0.00481,0.00208,0.00205,0.01902
1403636692.513535976409912,0.00657,0.00046,0.00019,0.00745,0.00000,0.00275,0.01741
1403636692.563537597656250,0.00620,0.00026,0.00673,0.00653,0.00178,0.00250,0.02400
1403636692.613537788391113,0.00737,0.00051,0.00287,0.00403,0.00000,0.00197,0.01676
1403636692.663537502288818,0.00628,0.00029,0.00059,0.00356,0.00034,0.00165,0.01271
1403636692.713535547256470,0.00639,0.00025,0.00241,0.00278,0.00493,0.00174,0.01851
1403636692.763533115386963,0.00673,0.00019,0.00067,0.00310,0.00032,0.00172,0.01273
1403636692.813530921936035,0.00833,0.00059,0.00033,0.00654,0.00181,0.00342,0.02103
1403636692.863528728485107,0.00718,0.00019,0.00035,0.00347,0.00073,0.00186,0.01377
1403636692.913525581359863,0.00650,0.00029,0.00618,0.00334,0.00726,0.00179,0.02536
1403636692.963522672653198,0.00747,0.00027,0.00017,0.00484,0.00211,0.00167,0.01653
1403636693.013521909713745,0.00767,0.00060,0.00024,0.00966,0.00094,0.00333,0.02245
1403636693.063521862030029,0.00685,0.00029,0.00037,0.00545,0.00182,0.00226,0.01704
1403636693.113522291183472,0.00767,0.00044,0.00018,0.00580,0.00000,0.00247,0.01656
1403636693.163521766662598,0.00676,0.00047,0.00661,0.00527,0.00016,0.00180,0.02107
1403636693.213521242141724,0.00382,0.00021,0.00030,0.00523,0.00016,0.00196,0.01168
1403636693.263517618179321,0.00388,0.00033,0.00829,0.00511,0.00237,0.00195,0.02193
1403636693.313517570495605,0.00639,0.00021,0.00272,0.00561,0.00020,0.00213,0.01725
1403636693.363517045974731,0.00650,0.00024,0.00071,0.00544,0.00021,0.00239,0.01550
1403636693.413517475128174,0.00590,0.00032,0.00003,0.00600,0.00013,0.00196,0.01434
1403636693.463516950607300,0.00875,0.00027,0.00013,0.00833,0.00147,0.00258,0.02152
1403636693.513516664505005,0.00729,0.00033,0.00595,0.00540,0.00020,0.00171,0.02089
1403636693.563518047332764,0.00569,0.00035,0.00063,0.00540,0.00207,0.00219,0.01633
1403636693.613519191741943,0.00598,0.00023,0.00066,0.00584,0.00000,0.00213,0.01484
1403636693.663521051406860,0.00555,0.00023,0.00123,0.00570,0.00002,0.00191,0.01464
1403636693.713523626327515,0.00576,0.00033,0.00013,0.00582,0.00001,0.00278,0.01483
1403636693.763525962829590,0.00603,0.00036,0.00939,0.01055,0.00398,0.00252,0.03284
1403636693.813527107238770,0.00598,0.00041,0.00002,0.00598,0.00000,0.00273,0.01512
1403636693.863529205322266,0.00592,0.00020,0.00839,0.00556,0.00000,0.00196,0.02204
1403636693.913530349731445,0.00579,0.00039,0.00139,0.00538,0.00016,0.00184,0.01495
1403636693.963532447814941,0.00569,0.00022,0.00140,0.00534,0.00016,0.00216,0.01498
1403636694.013533115386963,0.00701,0.00045,0.00003,0.01027,0.00114,0.00326,0.02216
1403636694.063533306121826,0.00798,0.00048,0.00142,0.00978,0.00027,0.00308,0.02301
1403636694.163534402847290,0.00664,0.00064,0.00228,0.01000,0.00000,0.00306,0.02262
1403636694.213534832000732,0.00645,0.00020,0.00017,0.00554,0.00062,0.00182,0.01482
1403636694.263535022735596,0.00615,0.00039,0.00012,0.00554,0.00004,0.00182,0.01406
1403636694.313534975051880,0.00617,0.00032,0.00035,0.00543,0.00006,0.00200,0.01433
1403636694.363535165786743,0.00761,0.00055,0.00003,0.00981,0.00140,0.00413,0.02353
1403636694.413533926010132,0.00710,0.00022,0.00210,0.00523,0.00124,0.00194,0.01784
1403636694.463534355163574,0.00738,0.00037,0.00002,0.00601,0.00000,0.00316,0.01694
1403636694.513534069061279,0.00669,0.00024,0.00658,0.00548,0.00018,0.00224,0.02141
1403636694.563534736633301,0.00736,0.00054,0.00335,0.01148,0.00004,0.00372,0.02651
1403636694.613534688949585,0.00684,0.00029,0.00012,0.00889,0.00006,0.00283,0.01903
1403636694.663535118103027,0.00757,0.00047,0.01525,0.00775,0.00021,0.00260,0.03386
1403636694.713535547256470,0.00690,0.00021,0.00002,0.00539,0.00023,0.00227,0.01502
1403636694.763535499572754,0.00676,0.00055,0.00174,0.01077,0.00054,0.00259,0.02295
1403636694.813536405563354,0.00659,0.00027,0.00019,0.00881,0.00028,0.00270,0.01883
1403636694.863536834716797,0.00690,0.00044,0.00002,0.00580,0.00004,0.00267,0.01588
1403636694.913537979125977,0.00695,0.00025,0.00009,0.00613,0.00004,0.00243,0.01589
1403636694.963538169860840,0.00696,0.00075,0.00003,0.01278,0.00000,0.00381,0.02433
1403636695.013538360595703,0.00658,0.00020,0.00050,0.00520,0.00004,0.00157,0.01410
1403636695.063538312911987,0.00593,0.00039,0.00030,0.00507,0.00017,0.00276,0.01461
1403636695.113538026809692,0.00789,0.00039,0.00921,0.00751,0.00018,0.00220,0.02739
1403636695.163537740707397,0.00646,0.00040,0.00328,0.00490,0.00022,0.00252,0.01778
1403636695.213537931442261,0.00763,0.00044,0.00014,0.00917,0.00016,0.00322,0.02075
1403636695.263536453247070,0.00647,0.00038,0.00656,0.00466,0.00253,0.00248,0.02307
1403636695.313536405563354,0.00710,0.00038,0.00003,0.01135,0.00046,0.00348,0.02280
1403636695.363536596298218,0.00647,0.00039,0.00170,0.00522,0.00030,0.00284,0.01692
1403636695.413537025451660,0.00626,0.00020,0.00002,0.00510,0.00000,0.00157,0.01315
1403636695.463536977767944,0.00647,0.00052,0.00008,0.00500,0.00004,0.00249,0.01461
1403636695.513537645339966,0.00847,0.00043,0.00003,0.00836,0.00198,0.00306,0.02233
1403636695.563537597656250,0.00632,0.00041,0.00002,0.00492,0.00000,0.00250,0.01417
1403636695.613537549972534,0.00629,0.00027,0.00086,0.00470,0.00044,0.00151,0.01406
1403636695.663538217544556,0.00706,0.00060,0.00080,0.00714,0.00003,0.00422,0.01986
1403636695.713537216186523,0.00618,0.00020,0.00381,0.00461,0.00209,0.00165,0.01854
1403636695.763536691665649,0.00604,0.00058,0.00069,0.00473,0.00157,0.00229,0.01589
1403636695.813536643981934,0.00654,0.00038,0.00012,0.01150,0.00052,0.00294,0.02200
1403636695.863536834716797,0.00791,0.00067,0.01112,0.00854,0.00289,0.00409,0.03521
1403636695.913535594940186,0.00708,0.00032,0.00019,0.00549,0.00018,0.00173,0.01499
1403636695.963533878326416,0.00827,0.00043,0.00325,0.00887,0.00045,0.00434,0.02561
1403636696.013533115386963,0.00706,0.00020,0.00002,0.00499,0.00000,0.00183,0.01410
1403636696.063531398773193,0.00667,0.00027,0.00003,0.00511,0.00004,0.00172,0.01384
1403636696.113531827926636,0.00662,0.00027,0.00039,0.00484,0.00005,0.00160,0.01377
1403636696.163532257080078,0.00751,0.00047,0.00114,0.00781,0.00000,0.00424,0.02117
1403636696.213532924652100,0.00710,0.00024,0.00113,0.00482,0.00029,0.00201,0.01559
1403636696.263535261154175,0.00807,0.00037,0.00003,0.00807,0.00191,0.00450,0.02296
1403636696.313535451889038,0.00662,0.00022,0.00367,0.00477,0.00085,0.00182,0.01795
1403636696.363535404205322,0.00837,0.00038,0.00020,0.01132,0.00258,0.00274,0.02559
1403636696.413535594940186,0.00663,0.00039,0.01221,0.00889,0.00186,0.00237,0.03236
1403636696.463534832000732,0.00681,0.00027,0.00580,0.00490,0.00024,0.00231,0.02033
1403636696.513535022735596,0.00557,0.00021,0.00013,0.00487,0.00020,0.00170,0.01268
1403636696.563534975051880,0.00664,0.00049,0.00583,0.00799,0.00054,0.00336,0.02485
1403636696.613535165786743,0.00619,0.00038,0.00002,0.00505,0.00000,0.00220,0.01384
1403636696.663534641265869,0.00610,0.00019,0.00023,0.00463,0.00004,0.00187,0.01307
1403636696.713534832000732,0.00592,0.00020,0.00002,0.00473,0.00076,0.00196,0.01358
1403636696.763534545898438,0.00601,0.00020,0.00028,0.00481,0.00000,0.00234,0.01364
1403636696.813533544540405,0.00632,0.00033,0.00002,0.00471,0.00032,0.00189,0.01360
1403636696.863532543182373,0.00611,0.00017,0.00001,0.00492,0.00000,0.00212,0.01333
1403636696.913532495498657,0.00594,0.00032,0.00009,0.00461,0.00364,0.00188,0.01648
1403636696.963534355163574,0.00597,0.00021,0.00007,0.00523,0.00026,0.00166,0.01340
1403636697.013534307479858,0.00531,0.00019,0.00428,0.00505,0.00136,0.00167,0.01785
1403636697.063534259796143,0.00500,0.00020,0.00382,0.00549,0.00024,0.00156,0.01631
1403636697.113535165786743,0.00586,0.00024,0.00002,0.00569,0.00008,0.00192,0.01380
1403636697.163534402847290,0.00612,0.00023,0.00041,0.00568,0.00006,0.00233,0.01484
1403636697.213534593582153,0.00710,0.00046,0.00003,0.01263,0.00000,0.00326,0.02349
1403636697.263535022735596,0.00714,0.00057,0.00003,0.01192,0.00010,0.00374,0.02350
1403636697.313534021377563,0.00623,0.00032,0.00011,0.00958,0.00008,0.00303,0.01935
1403636697.363534450531006,0.00551,0.00021,0.00009,0.00537,0.00000,0.00250,0.01369
1403636697.413534879684448,0.00718,0.00037,0.00007,0.00539,0.00028,0.00212,0.01541
1403636697.463535308837891,0.00624,0.00049,0.00003,0.00881,0.00000,0.00388,0.01945
1403636697.513535737991333,0.00542,0.00031,0.00030,0.00859,0.00063,0.00268,0.01794
1403636697.563535451889038,0.00404,0.00036,0.00007,0.00514,0.00027,0.00168,0.01157
1403636697.613533020019531,0.00405,0.00019,0.00482,0.00460,0.00127,0.00181,0.01674
1403636697.663533926010132,0.00538,0.00021,0.00432,0.00506,0.00259,0.00221,0.01976
1403636697.713535070419312,0.00630,0.00022,0.00012,0.00497,0.00045,0.00163,0.01369
1403636697.763537645339966,0.00595,0.00038,0.00503,0.00512,0.00043,0.00152,0.01843
1403636697.813538074493408,0.00723,0.00050,0.00032,0.00976,0.00024,0.00347,0.02152
1403636697.863540649414062,0.00657,0.00029,0.00003,0.00538,0.00197,0.00174,0.01597
1403636697.913540840148926,0.00629,0.00040,0.00152,0.00842,0.00112,0.00257,0.02032
1403636697.963540792465210,0.00590,0.00020,0.00002,0.00545,0.00000,0.00180,0.01337
1403636698.013541221618652,0.00561,0.00021,0.00171,0.00475,0.00024,0.00213,0.01464
1403636698.063541173934937,0.00575,0.00018,0.00001,0.00500,0.00000,0.00201,0.01295
1403636698.113543987274170,0.00804,0.00042,0.00296,0.00807,0.00441,0.00266,0.02655
1403636698.163545131683350,0.00595,0.00035,0.00089,0.00528,0.00003,0.00163,0.01413
1403636698.213547229766846,0.00610,0.00019,0.00758,0.00510,0.00062,0.00204,0.02163
1403636698.263547658920288,0.00541,0.00022,0.00419,0.00508,0.00034,0.00173,0.01697
1403636698.313547611236572,0.00602,0.00021,0.00120,0.00516,0.00062,0.00159,0.01480
1403636698.363547801971436,0.00645,0.00035,0.00627,0.00512,0.00001,0.00191,0.02011
1403636698.413547515869141,0.00568,0.00038,0.00006,0.00508,0.00003,0.00207,0.01329
1403636698.463548421859741,0.00660,0.00031,0.00021,0.00513,0.00016,0.00233,0.01475
1403636698.513548135757446,0.00618,0.00020,0.00054,0.00467,0.00060,0.00195,0.01414
1403636698.563547849655151,0.00915,0.00046,0.00097,0.00838,0.00000,0.00362,0.02257
1403636698.613547563552856,0.00679,0.00047,0.00103,0.00405,0.00145,0.00194,0.01573
1403636698.663547277450562,0.00704,0.00026,0.00002,0.00593,0.00000,0.00344,0.01669
1403636698.713547468185425,0.00737,0.00054,0.00043,0.00852,0.00375,0.00303,0.02364
1403636698.763547420501709,0.00637,0.00047,0.00039,0.00454,0.00117,0.00165,0.01460
1403636698.813549041748047,0.00695,0.00042,0.01080,0.00677,0.00263,0.00188,0.02945
1403636698.863548278808594,0.00649,0.00038,0.00705,0.00652,0.00288,0.00264,0.02597
1403636698.913547992706299,0.00649,0.00040,0.00118,0.00946,0.00257,0.00310,0.02320
1403636698.963548660278320,0.00466,0.00032,0.00410,0.00435,0.00530,0.00290,0.02164
1403636699.013549327850342,0.00394,0.00028,0.00031,0.00528,0.00021,0.00168,0.01171
1403636699.063549518585205,0.00574,0.00036,0.00014,0.00530,0.00011,0.00214,0.01380
1403636699.113550662994385,0.00821,0.00029,0.00563,0.00444,0.00135,0.00230,0.02222
1403636699.163550853729248,0.00800,0.00039,0.00068,0.00938,0.00001,0.00324,0.02170
1403636699.213551044464111,0.00582,0.00020,0.00083,0.00441,0.00063,0.00158,0.01346
1403636699.263550996780396,0.00728,0.00047,0.00010,0.00687,0.00004,0.00304,0.01780
1403636699.313550949096680,0.00663,0.00022,0.00009,0.00417,0.00003,0.00245,0.01359
1403636699.363550424575806,0.00562,0.00036,0.00019,0.00401,0.00121,0.00169,0.01307
1403636699.413550615310669,0.00553,0.00021,0.00082,0.00379,0.00705,0.00175,0.01916
1403636699.463550090789795,0.00593,0.00032,0.00017,0.00546,0.00279,0.00222,0.01689
1403636699.513549804687500,0.00540,0.00038,0.00044,0.00527,0.00074,0.00172,0.01394
1403636699.563550472259521,0.00616,0.00052,0.00602,0.00951,0.00040,0.00332,0.02593
1403636699.613550662994385,0.00507,0.00020,0.00012,0.00462,0.00022,0.00151,0.01174
1403636699.663550615310669,0.00544,0.00027,0.00602,0.00442,0.00511,0.00155,0.02281
1403636699.713551044464111,0.00522,0.00022,0.00030,0.00565,0.00006,0.00150,0.01296
1403636699.763550996780396,0.00575,0.00050,0.00016,0.00562,0.00000,0.00300,0.01504
1403636699.813550949096680,0.00543,0.00021,0.00005,0.00512,0.00007,0.00196,0.01285
1403636699.863550662994385,0.00534,0.00044,0.00011,0.00452,0.00003,0.00262,0.01307
1403636699.913550138473511,0.00567,0.00017,0.00014,0.00414,0.00019,0.00181,0.01212
1403636699.963549613952637,0.00637,0.00069,0.00016,0.00937,0.00020,0.00487,0.02167
1403636700.013549327850342,0.00583,0.00024,0.00002,0.00462,0.00012,0.00232,0.01314
1403636700.063549280166626,0.00557,0.00053,0.00003,0.00851,0.00000,0.00318,0.01783
1403636700.113548994064331,0.00516,0.00019,0.00068,0.00403,0.00112,0.00217,0.01335
1403636700.163549423217773,0.00766,0.00022,0.00009,0.00418,0.00041,0.00173,0.01428
1403636700.213549852371216,0.00633,0.00024,0.00004,0.00439,0.00022,0.00231,0.01354
1403636700.263551950454712,0.00655,0.00020,0.00342,0.00360,0.00364,0.00168,0.01909
1403636700.313553333282471,0.00629,0.00041,0.00270,0.00418,0.00129,0.00233,0.01719
1403636700.363554954528809,0.00677,0.00037,0.00025,0.00884,0.00001,0.00272,0.01896
1403636700.413556098937988,0.00610,0.00039,0.00029,0.00812,0.00042,0.00306,0.01837
1403636700.463557958602905,0.00637,0.00031,0.00008,0.00471,0.00000,0.00210,0.01357
1403636700.513558864593506,0.00928,0.00018,0.00012,0.00428,0.00018,0.00197,0.01600
1403636700.563558816909790,0.00693,0.00019,0.00052,0.00400,0.00009,0.00201,0.01374
1403636700.613558769226074,0.00738,0.00039,0.00172,0.00856,0.00016,0.00378,0.02199
1403636700.663559436798096,0.00747,0.00046,0.00008,0.00527,0.00000,0.00376,0.01705
1403636700.713560819625854,0.00773,0.00027,0.00172,0.00507,0.00505,0.00173,0.02158
1403636700.763560533523560,0.00701,0.00032,0.00263,0.00628,0.00290,0.00287,0.02201
1403636700.813560724258423,0.00672,0.00026,0.00007,0.00607,0.00033,0.00281,0.01627
1403636700.863560199737549,0.00740,0.00054,0.00592,0.00531,0.00472,0.00251,0.02640
1403636700.913561105728149,0.00766,0.00032,0.00578,0.00595,0.00187,0.00261,0.02419
1403636700.963561296463013,0.00660,0.00038,0.00083,0.00386,0.00064,0.00279,0.01509
1403636701.013561725616455,0.00785,0.00058,0.00026,0.00739,0.00017,0.00368,0.01993
1403636701.063560009002686,0.00722,0.00050,0.00922,0.00490,0.00377,0.00262,0.02824
1403636701.113559961318970,0.00476,0.00020,0.00011,0.00404,0.00005,0.00168,0.01084
1403636701.163559436798096,0.00652,0.00073,0.00057,0.00881,0.00016,0.00473,0.02152
1403636701.213559150695801,0.00727,0.00030,0.00014,0.00648,0.00007,0.00301,0.01728
1403636701.263557910919189,0.00643,0.00030,0.00009,0.00719,0.00000,0.00567,0.01968
1403636701.313557386398315,0.00412,0.00035,0.00022,0.00378,0.00134,0.00201,0.01182
1403636701.363556385040283,0.00574,0.00053,0.00003,0.00712,0.00078,0.00397,0.01817
1403636701.413555145263672,0.00648,0.00036,0.00002,0.00424,0.00023,0.00226,0.01360
1403636701.463553905487061,0.00535,0.00034,0.00115,0.00396,0.00379,0.00228,0.01687
1403636701.513552665710449,0.00644,0.00022,0.00333,0.00443,0.00032,0.00159,0.01634
1403636701.563552856445312,0.00554,0.00034,0.00002,0.00450,0.00000,0.00241,0.01281
1403636701.613552570343018,0.00710,0.00061,0.00037,0.00997,0.00046,0.00376,0.02227
1403636701.663552999496460,0.00644,0.00060,0.00811,0.00759,0.00222,0.00270,0.02766
1403636701.713553190231323,0.00677,0.00029,0.00003,0.00486,0.00008,0.00176,0.01379
1403636701.763553380966187,0.00611,0.00052,0.00021,0.00448,0.00120,0.00248,0.01500
1403636701.813553571701050,0.00657,0.00021,0.00005,0.00445,0.00005,0.00206,0.01340
1403636701.863553762435913,0.00547,0.00036,0.00006,0.00404,0.00000,0.00257,0.01249
1403636701.913553476333618,0.00642,0.00020,0.00014,0.00387,0.00037,0.00162,0.01263
1403636701.963554382324219,0.00836,0.00043,0.00054,0.00403,0.00129,0.00297,0.01763
1403636702.013554811477661,0.00781,0.00036,0.00038,0.00591,0.00030,0.00272,0.01750
1403636702.063554763793945,0.00678,0.00036,0.00026,0.00790,0.00555,0.00365,0.02450
1403636702.113555669784546,0.00673,0.00039,0.00127,0.00556,0.00475,0.00265,0.02136
1403636702.163555860519409,0.00702,0.00037,0.00081,0.00738,0.00000,0.00469,0.02027
1403636702.213556289672852,0.00709,0.00039,0.00139,0.00678,0.00036,0.00366,0.01967
1403636702.263557672500610,0.00632,0.00032,0.00255,0.00476,0.00670,0.00383,0.02448
1403636702.313559293746948,0.00696,0.00022,0.00052,0.00363,0.00014,0.00227,0.01373
1403636702.363559484481812,0.00439,0.00020,0.00018,0.00324,0.00106,0.00179,0.01086
1403636702.413560867309570,0.00559,0.00028,0.00011,0.00330,0.00000,0.00157,0.01085
1403636702.463561296463013,0.00644,0.00022,0.00163,0.00342,0.00013,0.00298,0.01482
1403636702.513561487197876,0.00589,0.00020,0.00241,0.00274,0.01200,0.00198,0.02523
1403636702.563562393188477,0.00623,0.00040,0.00021,0.00368,0.00122,0.00176,0.01351
1403636702.613561868667603,0.00630,0.00031,0.00028,0.00416,0.00003,0.00237,0.01345
1403636702.663561820983887,0.00531,0.00037,0.00043,0.00289,0.00056,0.00207,0.01163
1403636702.713562011718750,0.00608,0.00031,0.00038,0.00296,0.00312,0.00216,0.01501
1403636702.763561725616455,0.00611,0.00031,0.00013,0.00335,0.00001,0.00206,0.01197
1403636702.813561677932739,0.00578,0.00033,0.00021,0.00381,0.00055,0.00204,0.01272
1403636702.863561153411865,0.00608,0.00046,0.00032,0.00325,0.00565,0.00194,0.01772
1403636702.913560628890991,0.00625,0.00036,0.00008,0.00634,0.01193,0.00180,0.02677
1403636702.963561058044434,0.00633,0.00024,0.00009,0.00480,0.00016,0.00223,0.01385
1403636703.013561487197876,0.00688,0.00044,0.00003,0.00971,0.00000,0.00309,0.02015
1403636703.063562393188477,0.00579,0.00028,0.00018,0.00739,0.00005,0.00273,0.01642
1403636703.113563776016235,0.00571,0.00022,0.00071,0.00479,0.00245,0.00193,0.01580
1403636703.163564443588257,0.00482,0.00025,0.00015,0.00497,0.00062,0.00173,0.01254
1403636703.213564872741699,0.00593,0.00022,0.00509,0.00493,0.00476,0.00203,0.02296
1403636703.263565063476562,0.00493,0.00038,0.00015,0.00595,0.00018,0.00195,0.01354
1403636703.313562870025635,0.00524,0.00026,0.00344,0.00526,0.00023,0.00164,0.01608
1403636703.363563537597656,0.00538,0.00034,0.00015,0.00536,0.00126,0.00216,0.01465
1403636703.413565158843994,0.00573,0.00028,0.00011,0.00536,0.00133,0.00226,0.01508
1403636703.463566780090332,0.00549,0.00024,0.00111,0.00564,0.00008,0.00264,0.01520
1403636703.513566493988037,0.00743,0.00034,0.00070,0.00938,0.00027,0.00374,0.02187
1403636703.563566923141479,0.00686,0.00021,0.00010,0.00518,0.00000,0.00175,0.01410
1403636703.613566398620605,0.00577,0.00023,0.00019,0.00524,0.00002,0.00176,0.01321
1403636703.663566350936890,0.00540,0.00028,0.00001,0.00528,0.00003,0.00183,0.01284
1403636703.713566303253174,0.00615,0.00030,0.00027,0.00576,0.00070,0.00206,0.01524
1403636703.763566732406616,0.00556,0.00021,0.00030,0.00499,0.00000,0.00171,0.01277
1403636703.813566923141479,0.00676,0.00040,0.00590,0.00737,0.00557,0.00307,0.02907
1403636703.863567590713501,0.00531,0.00021,0.00074,0.00536,0.00004,0.00146,0.01313
1403636703.913569211959839,0.00642,0.00055,0.00502,0.00785,0.00009,0.00292,0.02285
1403636703.963568925857544,0.00427,0.00021,0.00078,0.00472,0.00002,0.00170,0.01170
1403636704.013568878173828,0.00575,0.00031,0.00005,0.00486,0.00000,0.00200,0.01296
1403636704.063567876815796,0.00832,0.00052,0.00919,0.00673,0.00345,0.00227,0.03048
1403636704.113566160202026,0.00520,0.00027,0.00032,0.00425,0.00022,0.00175,0.01202
1403636704.163565397262573,0.00573,0.00030,0.00012,0.00474,0.00000,0.00210,0.01298
1403636704.213564157485962,0.00543,0.00020,0.00027,0.00411,0.00124,0.00200,0.01326
1403636704.263564109802246,0.00603,0.00051,0.00079,0.00809,0.00005,0.00294,0.01842
1403636704.313564538955688,0.00626,0.00029,0.00019,0.00428,0.00020,0.00168,0.01290
1403636704.363564968109131,0.00660,0.00056,0.00010,0.00839,0.00000,0.00348,0.01914
1403636704.413564920425415,0.00673,0.00033,0.00006,0.00415,0.00146,0.00223,0.01495
1403636704.463565111160278,0.00603,0.00027,0.00005,0.00412,0.00066,0.00158,0.01270
1403636704.513565063476562,0.00681,0.00050,0.00021,0.00816,0.00395,0.00348,0.02312
1403636704.563565015792847,0.00571,0.00032,0.00017,0.00440,0.00124,0.00168,0.01352
1403636704.613564252853394,0.00526,0.00030,0.00088,0.00462,0.00166,0.00151,0.01424
1403636704.663564443588257,0.00821,0.00054,0.00754,0.00822,0.00027,0.00343,0.02820
1403636704.713564634323120,0.00641,0.00021,0.00082,0.00461,0.00023,0.00223,0.01449
1403636704.763564348220825,0.00578,0.00043,0.00031,0.00456,0.00000,0.00239,0.01347
1403636704.813564777374268,0.00624,0.00039,0.00031,0.00693,0.00000,0.00283,0.01670
1403636704.863564729690552,0.00570,0.00026,0.00028,0.00388,0.00088,0.00180,0.01279
1403636704.913564682006836,0.00558,0.00021,0.00020,0.00388,0.00021,0.00201,0.01209
1403636704.963564634323120,0.00598,0.00021,0.00009,0.00354,0.00263,0.00165,0.01410
1403636705.013564348220825,0.00492,0.00018,0.00020,0.00334,0.00160,0.00160,0.01185
1403636705.063563108444214,0.00550,0.00023,0.00048,0.00429,0.00017,0.00202,0.01269
1403636705.113562107086182,0.00414,0.00018,0.00010,0.00388,0.00022,0.00174,0.01027
1403636705.163560867309570,0.00578,0.00022,0.00035,0.00397,0.00001,0.00220,0.01253
1403636705.213559389114380,0.00714,0.00036,0.00123,0.00339,0.00551,0.00193,0.01956
1403636705.263557910919189,0.00548,0.00027,0.00352,0.00384,0.00247,0.00145,0.01703
1403636705.313559055328369,0.00596,0.00019,0.00016,0.00357,0.00021,0.00148,0.01155
1403636705.363559961318970,0.00634,0.00019,0.00027,0.00315,0.00000,0.00198,0.01194
1403636705.413560390472412,0.00767,0.00030,0.00038,0.00535,0.00022,0.00300,0.01693
1403636705.463559865951538,0.00617,0.00026,0.00043,0.00453,0.00006,0.00272,0.01417
1403636705.513560056686401,0.00540,0.00034,0.00079,0.00431,0.00222,0.00164,0.01472
1403636705.563560247421265,0.00741,0.00048,0.00057,0.00568,0.00032,0.00324,0.01770
1403636705.613559961318970,0.00659,0.00030,0.00014,0.00312,0.00220,0.00203,0.01437
1403636705.663559436798096,0.00572,0.00020,0.00062,0.00285,0.00003,0.00147,0.01090
1403636705.713559150695801,0.00692,0.00038,0.00045,0.00445,0.00014,0.00268,0.01501
1403636705.763558387756348,0.00757,0.00031,0.00010,0.00252,0.00324,0.00233,0.01608
1403636705.813558101654053,0.00531,0.00019,0.00031,0.00256,0.00018,0.00155,0.01010
1403636705.863557815551758,0.00633,0.00017,0.00024,0.00261,0.00455,0.00166,0.01557
1403636705.913557529449463,0.00686,0.00035,0.00107,0.00308,0.00113,0.00204,0.01454
1403636705.963557958602905,0.00573,0.00022,0.00016,0.00359,0.00044,0.00243,0.01258
1403636706.013557672500610,0.00786,0.00055,0.00167,0.00505,0.00032,0.00276,0.01821
1403636706.063558340072632,0.00646,0.00026,0.00198,0.00422,0.00037,0.00204,0.01534
1403636706.113559007644653,0.00678,0.00034,0.00028,0.00348,0.00017,0.00220,0.01325
1403636706.163558006286621,0.00685,0.00036,0.00040,0.00469,0.00162,0.00366,0.01759
1403636706.213557720184326,0.00648,0.00038,0.00043,0.00254,0.00117,0.00228,0.01329
1403636706.263557434082031,0.00592,0.00020,0.00102,0.00221,0.00005,0.00210,0.01151
1403636706.313558101654053,0.00761,0.00028,0.00119,0.00371,0.00106,0.00285,0.01670
1403636706.363558053970337,0.00602,0.00016,0.00043,0.00221,0.00007,0.00183,0.01072
1403636706.413558006286621,0.00581,0.00024,0.00013,0.00335,0.00079,0.00191,0.01223
1403636706.463558673858643,0.00717,0.00029,0.00039,0.00380,0.00223,0.00291,0.01679
1403636706.513557910919189,0.00601,0.00023,0.00009,0.00358,0.00154,0.00249,0.01394
1403636706.563558101654053,0.00532,0.00026,0.00002,0.00348,0.00000,0.00228,0.01136
1403636706.613557577133179,0.00450,0.00019,0.00006,0.00227,0.00097,0.00199,0.00999
1403636706.663557291030884,0.00482,0.00023,0.00039,0.00260,0.00221,0.00246,0.01271
1403636706.713557243347168,0.00586,0.00020,0.00054,0.00268,0.00101,0.00162,0.01191
1403636706.763556241989136,0.00592,0.00030,0.00024,0.00277,0.00433,0.00217,0.01573
1403636706.813557147979736,0.00645,0.00048,0.00276,0.00562,0.00364,0.00301,0.02197
1403636706.863555431365967,0.00674,0.00020,0.00210,0.00286,0.00050,0.00164,0.01404
1403636706.913554906845093,0.00518,0.00028,0.00100,0.00299,0.00227,0.00175,0.01346
1403636706.963555097579956,0.00739,0.00044,0.00024,0.00540,0.00013,0.00305,0.01664
1403636707.013554811477661,0.00576,0.00020,0.00021,0.00317,0.00203,0.00167,0.01304
1403636707.063554525375366,0.00654,0.00030,0.00068,0.00319,0.00083,0.00184,0.01339
1403636707.113554477691650,0.00594,0.00018,0.00032,0.00317,0.00105,0.00170,0.01235
1403636707.163553714752197,0.00646,0.00033,0.00019,0.00353,0.00000,0.00182,0.01233
1403636707.213553905487061,0.00564,0.00030,0.00100,0.00320,0.00014,0.00207,0.01234
1403636707.263553619384766,0.00534,0.00021,0.00024,0.00323,0.00209,0.00193,0.01305
1403636707.313553333282471,0.00607,0.00020,0.00041,0.00322,0.00302,0.00157,0.01451
1403636707.363553524017334,0.00543,0.00020,0.00011,0.00340,0.00008,0.00154,0.01075
1403636707.413553476333618,0.00588,0.00027,0.00047,0.00288,0.00324,0.00201,0.01475
1403636707.463554143905640,0.00561,0.00020,0.00064,0.00307,0.00032,0.00212,0.01196
1403636707.513554096221924,0.00703,0.00021,0.00089,0.00277,0.00233,0.00173,0.01496
1403636707.563554286956787,0.00645,0.00031,0.00058,0.00498,0.00011,0.00339,0.01582
1403636707.613554954528809,0.00555,0.00024,0.00061,0.00283,0.00137,0.00195,0.01255
1403636707.663554906845093,0.00791,0.00052,0.00019,0.00521,0.00078,0.00303,0.01764
1403636707.713555097579956,0.00577,0.00027,0.00057,0.00290,0.00262,0.00215,0.01429
1403636707.763554811477661,0.00561,0.00028,0.00048,0.00322,0.00000,0.00157,0.01117
1403636707.813554048538208,0.00720,0.00034,0.00009,0.00482,0.00543,0.00323,0.02110
1403636707.863553524017334,0.00661,0.00041,0.00059,0.00516,0.00508,0.00292,0.02077
1403636707.913553714752197,0.00593,0.00020,0.00100,0.00352,0.00506,0.00169,0.01740
1403636707.963553667068481,0.00660,0.00053,0.00024,0.00771,0.00277,0.00320,0.02104
1403636708.013554096221924,0.00636,0.00037,0.00159,0.00676,0.00164,0.00262,0.01934
1403636708.063554048538208,0.00556,0.00029,0.00318,0.00449,0.00206,0.00216,0.01774
1403636708.113553762435913,0.00650,0.00023,0.00238,0.00464,0.00020,0.00201,0.01597
1403636708.163554668426514,0.00665,0.00023,0.00066,0.00459,0.00008,0.00184,0.01405
1403636708.213554382324219,0.00622,0.00020,0.00458,0.00416,0.00191,0.00186,0.01893
1403636708.263555049896240,0.00592,0.00029,0.00203,0.00439,0.00013,0.00193,0.01468
1403636708.313555479049683,0.00678,0.00038,0.00053,0.00716,0.00000,0.00367,0.01852
1403636708.363556385040283,0.00554,0.00029,0.00079,0.00453,0.00243,0.00164,0.01522
1403636708.413556098937988,0.00607,0.00029,0.00025,0.00479,0.00006,0.00172,0.01319
1403636708.463556289672852,0.00684,0.00044,0.00229,0.00687,0.00031,0.00312,0.01987
1403636708.513556241989136,0.00532,0.00021,0.00057,0.00399,0.00042,0.00231,0.01282
1403636708.563555955886841,0.00671,0.00021,0.00082,0.00336,0.00004,0.00185,0.01300
1403636708.613558053970337,0.00533,0.00019,0.00063,0.00319,0.00197,0.00197,0.01328
1403636708.663557052612305,0.00593,0.00024,0.00075,0.00310,0.00531,0.00177,0.01711
1403636708.713557004928589,0.00586,0.00022,0.00240,0.00371,0.00325,0.00176,0.01719
1403636708.763556241989136,0.00741,0.00046,0.00060,0.00827,0.00011,0.00329,0.02015
1403636708.813554525375366,0.00750,0.00037,0.00019,0.00392,0.00480,0.00181,0.01860
1403636708.863554477691650,0.00741,0.00037,0.00055,0.00688,0.00224,0.00310,0.02056
1403636708.913554430007935,0.00644,0.00047,0.00036,0.00439,0.00000,0.00182,0.01349
1403636708.963555097579956,0.00593,0.00022,0.00010,0.00442,0.00471,0.00196,0.01735
1403636709.013554573059082,0.00494,0.00037,0.00076,0.00515,0.00116,0.00166,0.01405
1403636709.063554525375366,0.00551,0.00020,0.00034,0.00542,0.00023,0.00165,0.01335
1403636709.113554716110229,0.00536,0.00025,0.00236,0.00506,0.00080,0.00144,0.01528
1403636709.163557052612305,0.00554,0.00031,0.00179,0.00532,0.00453,0.00190,0.01940
1403636709.213555335998535,0.00611,0.00038,0.00107,0.00595,0.00021,0.00187,0.01557
1403636709.263555049896240,0.00597,0.00027,0.00102,0.00573,0.00140,0.00163,0.01601
1403636709.313555002212524,0.00592,0.00053,0.00193,0.00565,0.00004,0.00179,0.01585
1403636709.363554716110229,0.00635,0.00027,0.00815,0.00561,0.00154,0.00260,0.02452
1403636709.413555145263672,0.00667,0.00055,0.00020,0.00590,0.00040,0.00211,0.01583
1403636709.463556051254272,0.00722,0.00053,0.00023,0.00864,0.00021,0.00320,0.02003
1403636709.513556480407715,0.00656,0.00051,0.00045,0.00523,0.00000,0.00226,0.01502
1403636709.563556432723999,0.00584,0.00038,0.00081,0.01061,0.00047,0.00349,0.02160
1403636709.613558292388916,0.00666,0.00043,0.00068,0.00766,0.00000,0.00268,0.01813
1403636709.663559198379517,0.00601,0.00036,0.00064,0.00956,0.00048,0.00301,0.02007
1403636709.713559865951538,0.00583,0.00025,0.00010,0.00419,0.00133,0.00205,0.01375
1403636709.763561248779297,0.00601,0.00031,0.00215,0.00439,0.00000,0.00196,0.01483
1403636709.813562154769897,0.00678,0.00042,0.00015,0.00793,0.00000,0.00298,0.01827
1403636709.863563060760498,0.00553,0.00022,0.00024,0.00402,0.00218,0.00180,0.01400
1403636709.913563966751099,0.00592,0.00028,0.00095,0.00399,0.00478,0.00212,0.01804
1403636709.963564872741699,0.00716,0.00039,0.00625,0.00662,0.00882,0.00240,0.03164
1403636710.013566017150879,0.00635,0.00033,0.00091,0.00555,0.00104,0.00175,0.01594
1403636710.063565969467163,0.00685,0.00026,0.00293,0.00577,0.00239,0.00253,0.02074
1403636710.113566637039185,0.00590,0.00029,0.00026,0.00955,0.00001,0.00269,0.01869
1403636710.163566589355469,0.00624,0.00031,0.00306,0.00542,0.00034,0.00167,0.01705
1403636710.213566780090332,0.00720,0.00044,0.00073,0.00564,0.00001,0.00247,0.01649
1403636710.263566732406616,0.00585,0.00029,0.00099,0.00461,0.00143,0.00187,0.01504
1403636710.313566684722900,0.00607,0.00057,0.00020,0.01084,0.00883,0.00235,0.02886
1403636710.363566875457764,0.00556,0.00031,0.00009,0.00558,0.00025,0.00185,0.01364
1403636710.413566589355469,0.00575,0.00048,0.00069,0.00949,0.00003,0.00262,0.01907
1403636710.463566303253174,0.00583,0.00142,0.00106,0.01097,0.00769,0.00460,0.03157
1403636710.513566732406616,0.00910,0.00049,0.00111,0.01013,0.00161,0.00252,0.02495
1403636710.563567161560059,0.00679,0.00047,0.00398,0.00582,0.00139,0.00275,0.02120
1403636710.613567113876343,0.00744,0.00056,0.00864,0.01155,0.00211,0.00299,0.03330
1403636710.663567304611206,0.00682,0.00032,0.00356,0.00603,0.00016,0.00182,0.01870
1403636710.713567972183228,0.00698,0.00046,0.00008,0.01007,0.00000,0.00322,0.02081
1403636710.763567924499512,0.00583,0.00022,0.00768,0.00615,0.00020,0.00195,0.02202
1403636710.813567399978638,0.00684,0.00050,0.00016,0.00981,0.00000,0.00288,0.02019
1403636710.863568544387817,0.00600,0.00023,0.00079,0.00605,0.00022,0.00211,0.01540
1403636710.913569688796997,0.00624,0.00030,0.00108,0.00576,0.00004,0.00216,0.01558
1403636710.963569402694702,0.00570,0.00021,0.00066,0.00575,0.00000,0.00183,0.01414
1403636711.013568162918091,0.00690,0.00035,0.00011,0.00537,0.00124,0.00207,0.01603
1403636711.063571453094482,0.00660,0.00035,0.01082,0.00800,0.00275,0.00272,0.03124
1403636711.113570690155029,0.00645,0.00030,0.00015,0.00609,0.00092,0.00173,0.01563
1403636711.163569450378418,0.00745,0.00053,0.00003,0.01053,0.00007,0.00357,0.02219
1403636711.213570117950439,0.00575,0.00036,0.00132,0.00577,0.00136,0.00145,0.01601
1403636711.263570308685303,0.00553,0.00022,0.00090,0.00568,0.00124,0.00189,0.01547
1403636711.313570499420166,0.00684,0.00047,0.00003,0.01171,0.00000,0.00337,0.02242
1403636711.363570928573608,0.00589,0.00021,0.00716,0.00567,0.00248,0.00188,0.02329
1403636711.413571357727051,0.00696,0.00020,0.00040,0.00598,0.00002,0.00220,0.01577
1403636711.463571548461914,0.00677,0.00045,0.00090,0.01016,0.00032,0.00329,0.02190
1403636711.513571739196777,0.00617,0.00023,0.00121,0.00540,0.00005,0.00200,0.01506
1403636711.563571214675903,0.00576,0.00029,0.00264,0.00483,0.00013,0.00175,0.01540
1403636711.613570690155029,0.00583,0.00040,0.00013,0.00514,0.00016,0.00283,0.01449
1403636711.663571357727051,0.00563,0.00021,0.00336,0.00482,0.00796,0.00170,0.02368
1403636711.713571310043335,0.00554,0.00029,0.00002,0.00717,0.00063,0.00159,0.01525
1403636711.763571739196777,0.00554,0.00030,0.00047,0.00781,0.00000,0.00178,0.01590
1403636711.813572168350220,0.00581,0.00028,0.00308,0.00636,0.00000,0.00168,0.01721
1403636711.863571882247925,0.00605,0.00028,0.00038,0.00668,0.00000,0.00248,0.01588
1403636711.913571119308472,0.00567,0.00045,0.00010,0.00629,0.00001,0.00169,0.01421
1403636711.963569879531860,0.00572,0.00024,0.00512,0.00610,0.00134,0.00182,0.02034
1403636712.013570070266724,0.00544,0.00020,0.00139,0.00637,0.00000,0.00193,0.01533
1403636712.063571214675903,0.00607,0.00022,0.00571,0.00643,0.00122,0.00155,0.02119
1403636712.113570928573608,0.00606,0.00038,0.00017,0.01476,0.00000,0.00278,0.02415
1403636712.163571357727051,0.00537,0.00022,0.00469,0.00667,0.00000,0.00191,0.01886
1403636712.213571310043335,0.00663,0.00055,0.00018,0.01141,0.00000,0.00333,0.02210
1403636712.263571262359619,0.00546,0.00022,0.00140,0.00606,0.00127,0.00243,0.01685
1403636712.313571929931641,0.00574,0.00035,0.00007,0.00602,0.00003,0.00174,0.01395
1403636712.363571166992188,0.00653,0.00052,0.00017,0.00619,0.00025,0.00246,0.01612
1403636712.413571357727051,0.00606,0.00038,0.00011,0.01259,0.00499,0.00265,0.02678
1403636712.463571071624756,0.00544,0.00034,0.00002,0.00657,0.00009,0.00184,0.01430
1403636712.513570785522461,0.00615,0.00033,0.00002,0.00684,0.00000,0.00215,0.01548
1403636712.563570261001587,0.00611,0.00033,0.00719,0.01057,0.00412,0.00283,0.03115
1403636712.613570690155029,0.00643,0.00032,0.01199,0.00896,0.00000,0.00182,0.02951
1403636712.663570642471313,0.00629,0.00056,0.01216,0.00938,0.00004,0.00282,0.03126
1403636712.713570594787598,0.00614,0.00040,0.00026,0.01291,0.00260,0.00288,0.02519
1403636712.763571262359619,0.00643,0.00026,0.00526,0.00890,0.00510,0.00545,0.03141
1403636712.813571691513062,0.00427,0.00022,0.00006,0.00679,0.00000,0.00197,0.01332
1403636712.863572835922241,0.00534,0.00020,0.00149,0.00616,0.00001,0.00175,0.01495
1403636712.913573503494263,0.00541,0.00034,0.00007,0.00624,0.00023,0.00162,0.01391
1403636712.963574647903442,0.00747,0.00019,0.00001,0.00624,0.00022,0.00191,0.01604
1403636713.013575077056885,0.00669,0.00020,0.00003,0.00626,0.00000,0.00212,0.01530
1403636713.063574790954590,0.00649,0.00019,0.00004,0.00602,0.00004,0.00188,0.01467
1403636713.113574504852295,0.00641,0.00023,0.00003,0.00613,0.00000,0.00220,0.01501
1403636713.163574695587158,0.00637,0.00023,0.00052,0.00594,0.00256,0.00193,0.01754
1403636713.213574647903442,0.00630,0.00019,0.00672,0.00655,0.00137,0.00202,0.02314
1403636713.263574123382568,0.00694,0.00046,0.01026,0.01030,0.00000,0.00188,0.02984
1403636713.313573360443115,0.00678,0.00028,0.00028,0.01020,0.00000,0.00255,0.02010
1403636713.363572835922241,0.00661,0.00049,0.00587,0.00946,0.00000,0.00191,0.02434
1403636713.413572549819946,0.00577,0.00020,0.00046,0.00634,0.00001,0.00196,0.01474
1403636713.463572740554810,0.00665,0.00029,0.00059,0.00937,0.00027,0.00257,0.01974
1403636713.513572692871094,0.00622,0.00030,0.01387,0.00616,0.00196,0.00175,0.03026
1403636713.563572168350220,0.00632,0.00047,0.00002,0.00707,0.00016,0.00195,0.01601
1403636713.613572120666504,0.00622,0.00027,0.00004,0.00661,0.00000,0.00205,0.01519
1403636713.663571834564209,0.00619,0.00034,0.00015,0.01115,0.00008,0.00267,0.02059
1403636713.713571786880493,0.00624,0.00038,0.00003,0.01207,0.00000,0.00307,0.02179
1403636713.763571739196777,0.00590,0.00030,0.00125,0.01097,0.00012,0.00301,0.02154
1403636713.813571453094482,0.00751,0.00070,0.01354,0.01110,0.00421,0.00292,0.03997
1403636713.863571405410767,0.00652,0.00037,0.00564,0.00679,0.00000,0.00232,0.02164
1403636713.913571119308472,0.00622,0.00039,0.00003,0.01143,0.00000,0.00280,0.02087
1403636713.963571548461914,0.00629,0.00054,0.00665,0.01047,0.00002,0.00182,0.02578
1403636714.013571023941040,0.00551,0.00018,0.00005,0.00665,0.00137,0.00163,0.01538
1403636714.063570261001587,0.00593,0.00030,0.00021,0.01224,0.00000,0.00274,0.02143
1403636714.113569259643555,0.00544,0.00018,0.00808,0.00667,0.00000,0.00185,0.02222
1403636714.163569688796997,0.00577,0.00044,0.00098,0.00750,0.00000,0.00196,0.01666
1403636714.213570117950439,0.00572,0.00030,0.00009,0.01160,0.00004,0.00276,0.02051
1403636714.263570785522461,0.00581,0.00030,0.00002,0.01171,0.00009,0.00264,0.02057
1403636714.313571691513062,0.00595,0.00051,0.00073,0.01119,0.00000,0.00287,0.02127
1403636714.363572120666504,0.00591,0.00031,0.00253,0.01076,0.00008,0.00216,0.02176
1403636714.413572788238525,0.00619,0.00031,0.00584,0.01024,0.00122,0.00203,0.02583
1403636714.463573694229126,0.00618,0.00024,0.00576,0.00651,0.00067,0.00192,0.02127
1403636714.513573884963989,0.00616,0.00037,0.00003,0.01428,0.00000,0.00332,0.02416
1403636714.563574314117432,0.00629,0.00041,0.00555,0.01335,0.00009,0.00265,0.02834
1403636714.613574743270874,0.00614,0.00030,0.00008,0.01058,0.00026,0.00282,0.02018
1403636714.663575172424316,0.00362,0.00034,0.00012,0.00634,0.00005,0.00180,0.01227
1403636714.713574647903442,0.00546,0.00071,0.00719,0.00615,0.00006,0.00237,0.02193
1403636714.763575077056885,0.00688,0.00042,0.00007,0.01103,0.00109,0.00226,0.02175
1403636714.813575029373169,0.00620,0.00032,0.00002,0.00690,0.00025,0.00203,0.01573
1403636714.863575696945190,0.00572,0.00021,0.00006,0.00629,0.00005,0.00189,0.01421
1403636714.913576126098633,0.00672,0.00051,0.00025,0.01135,0.00000,0.00324,0.02208
1403636714.963576793670654,0.00924,0.00023,0.00171,0.00530,0.00008,0.00202,0.01859
1403636715.013577461242676,0.00835,0.00045,0.00027,0.00901,0.00809,0.00342,0.02959
1403636715.063577890396118,0.00645,0.00023,0.00180,0.00579,0.00063,0.00193,0.01684
1403636715.113577842712402,0.00695,0.00036,0.00015,0.00599,0.00000,0.00206,0.01551
1403636715.163578033447266,0.00612,0.00031,0.00027,0.00626,0.00010,0.00178,0.01484
1403636715.213577508926392,0.00795,0.00045,0.00015,0.00918,0.00000,0.00336,0.02108
1403636715.263577461242676,0.00644,0.00022,0.00004,0.00575,0.00009,0.00205,0.01459
1403636715.313576936721802,0.00779,0.00040,0.01043,0.00838,0.00018,0.00310,0.03028
1403636715.363575935363770,0.00464,0.00023,0.00005,0.00569,0.00000,0.00220,0.01281
1403636715.413574934005737,0.00661,0.00036,0.00003,0.00953,0.00008,0.00294,0.01956
1403636715.463574647903442,0.00636,0.00030,0.00014,0.00900,0.00000,0.00303,0.01883
1403636715.513575077056885,0.00755,0.00020,0.01050,0.00509,0.00202,0.00206,0.02742
1403636715.563575506210327,0.00734,0.00036,0.00002,0.00599,0.00127,0.00213,0.01712
1403636715.613575696945190,0.00610,0.00020,0.00008,0.00555,0.00000,0.00213,0.01405
1403636715.663575887680054,0.00722,0.00049,0.00538,0.00813,0.00137,0.00211,0.02470
1403636715.713576555252075,0.00675,0.00029,0.00002,0.00572,0.00000,0.00206,0.01484
1403636715.763576030731201,0.00667,0.00034,0.00011,0.00925,0.00016,0.00315,0.01969
1403636715.813575506210327,0.00680,0.00041,0.00003,0.01276,0.00000,0.00368,0.02368
1403636715.863575935363770,0.00635,0.00030,0.00009,0.00584,0.00008,0.00228,0.01494
1403636715.913576364517212,0.00730,0.00037,0.00219,0.00883,0.00019,0.00314,0.02201
1403636715.963578462600708,0.00611,0.00024,0.00008,0.00568,0.00000,0.00208,0.01420
1403636716.013579607009888,0.00609,0.00030,0.00012,0.00614,0.00005,0.00166,0.01436
1403636716.063582420349121,0.00601,0.00034,0.00002,0.00555,0.00000,0.00188,0.01380
1403636716.113586425781250,0.00681,0.00034,0.01083,0.00804,0.00026,0.00300,0.02929
1403636716.163587570190430,0.00699,0.00040,0.00003,0.01189,0.00000,0.00393,0.02324
1403636716.213590621948242,0.00716,0.00037,0.00016,0.01041,0.00005,0.00433,0.02249
1403636716.263591527938843,0.00733,0.00033,0.00012,0.00535,0.00457,0.00263,0.02033
1403636716.313591957092285,0.00567,0.00024,0.00002,0.00586,0.00000,0.00190,0.01368
1403636716.363589763641357,0.00675,0.00041,0.00003,0.01352,0.00033,0.00384,0.02488
1403636716.413588047027588,0.00626,0.00027,0.00002,0.00915,0.00000,0.00259,0.01829
1403636716.463587284088135,0.00608,0.00022,0.00002,0.00603,0.00008,0.00240,0.01483
1403636716.513584136962891,0.00614,0.00029,0.00169,0.00576,0.00014,0.00183,0.01585
1403636716.563581943511963,0.00763,0.00048,0.00012,0.01103,0.00000,0.00360,0.02286
1403636716.613581180572510,0.00645,0.00040,0.00003,0.01035,0.00040,0.00306,0.02070
1403636716.663580179214478,0.00588,0.00021,0.00002,0.00604,0.00000,0.00216,0.01432
1403636716.713577985763550,0.00677,0.00036,0.00744,0.00590,0.00013,0.00217,0.02277
1403636716.763576984405518,0.00668,0.00039,0.00003,0.01259,0.00000,0.00374,0.02343
1403636716.813575029373169,0.00640,0.00031,0.00003,0.00551,0.00121,0.00186,0.01532
1403636716.863574981689453,0.00645,0.00040,0.00225,0.00934,0.00336,0.00299,0.02479
1403636716.913573741912842,0.00614,0.00038,0.00011,0.01305,0.00004,0.00308,0.02279
1403636716.963572978973389,0.00610,0.00025,0.00016,0.00548,0.00007,0.00225,0.01431
1403636717.013572454452515,0.00727,0.00044,0.00028,0.01007,0.00003,0.00302,0.02111
1403636717.063571214675903,0.00675,0.00032,0.00014,0.00507,0.00120,0.00215,0.01564
1403636717.113571882247925,0.00627,0.00036,0.00175,0.00430,0.00019,0.00277,0.01565
1403636717.163573026657104,0.00731,0.00038,0.00022,0.00800,0.00000,0.00316,0.01908
1403636717.213575124740601,0.00705,0.00072,0.00045,0.00892,0.00049,0.00476,0.02239
1403636717.263577461242676,0.00617,0.00043,0.00013,0.00378,0.00000,0.00181,0.01232
1403636717.313580274581909,0.00669,0.00036,0.01282,0.00541,0.00244,0.00346,0.03118
1403636717.363581895828247,0.00630,0.00027,0.00002,0.00554,0.00000,0.00260,0.01474
1403636717.413582801818848,0.00628,0.00026,0.00002,0.00568,0.00000,0.00368,0.01591
1403636717.463583469390869,0.00642,0.00026,0.00009,0.00561,0.00016,0.00251,0.01504
1403636717.513583660125732,0.00616,0.00020,0.00002,0.00368,0.00108,0.00280,0.01394
1403636717.563582897186279,0.00670,0.00035,0.00003,0.00770,0.00262,0.00331,0.02072
1403636717.613582849502563,0.00606,0.00021,0.00002,0.00375,0.00008,0.00225,0.01236
1403636717.663581848144531,0.00505,0.00020,0.00005,0.00352,0.00052,0.00206,0.01140
1403636717.713582754135132,0.00569,0.00026,0.00023,0.00536,0.00236,0.00243,0.01633
1403636717.763582944869995,0.00596,0.00038,0.00009,0.00675,0.00004,0.00244,0.01565
1403636717.813582420349121,0.00591,0.00027,0.00002,0.00496,0.00175,0.00273,0.01566
1403636717.863583803176880,0.00564,0.00029,0.00002,0.00577,0.00000,0.00259,0.01431
1403636717.913585901260376,0.00583,0.00025,0.00823,0.00564,0.00598,0.00169,0.02762
1403636717.963586091995239,0.00542,0.00021,0.00002,0.00460,0.00000,0.00187,0.01212
1403636718.013586759567261,0.00914,0.00021,0.00002,0.00441,0.00000,0.00210,0.01588
1403636718.063586950302124,0.01285,0.00029,0.00035,0.00581,0.00179,0.00307,0.02416
1403636718.113586902618408,0.00886,0.00020,0.00045,0.00333,0.00000,0.00238,0.01521
1403636718.163586616516113,0.00751,0.00019,0.00034,0.00284,0.00025,0.00190,0.01303
1403636718.213586807250977,0.00737,0.00016,0.00036,0.00303,0.00006,0.00206,0.01304
1403636718.263586521148682,0.00763,0.00029,0.00003,0.00461,0.00194,0.00305,0.01755
1403636718.313586711883545,0.00817,0.00040,0.00045,0.00450,0.00513,0.00298,0.02164
1403636718.363586664199829,0.00736,0.00020,0.00103,0.00285,0.00106,0.00237,0.01487
1403636718.413586854934692,0.00660,0.00028,0.00092,0.00480,0.00000,0.00297,0.01556
1403636718.463587045669556,0.00746,0.00027,0.00039,0.00300,0.00013,0.00240,0.01365
1403636718.513586282730103,0.00824,0.00053,0.00477,0.00421,0.01656,0.00256,0.03687
1403636718.563585758209229,0.00758,0.00040,0.00955,0.00803,0.00433,0.00255,0.03245
1403636718.613585472106934,0.00711,0.00029,0.01565,0.00396,0.00467,0.00188,0.03356
1403636718.663585186004639,0.00860,0.00064,0.00060,0.00827,0.00200,0.00316,0.02326
1403636718.713585376739502,0.00728,0.00058,0.00009,0.01096,0.00000,0.00405,0.02296
1403636718.763584852218628,0.00711,0.00027,0.00020,0.00727,0.00540,0.00279,0.02305
1403636718.813584327697754,0.00634,0.00025,0.00010,0.00529,0.00062,0.00225,0.01484
1403636718.863582849502563,0.00686,0.00047,0.00018,0.00676,0.00041,0.00237,0.01704
1403636718.913582324981689,0.00710,0.00031,0.00541,0.00954,0.00514,0.00214,0.02964
1403636718.963582038879395,0.00674,0.00020,0.00001,0.00647,0.00000,0.00191,0.01533
1403636719.013582468032837,0.00641,0.00021,0.00002,0.00648,0.00000,0.00221,0.01534
1403636719.063581943511963,0.00538,0.00021,0.00033,0.00592,0.00000,0.00245,0.01430
1403636719.113580942153931,0.00613,0.00018,0.00352,0.00585,0.00000,0.00202,0.01771
1403636719.163580656051636,0.00642,0.00020,0.00445,0.00560,0.00016,0.00224,0.01907
1403636719.213579893112183,0.00635,0.00040,0.01376,0.00580,0.00182,0.00212,0.03025
1403636719.263579368591309,0.00701,0.00046,0.00307,0.01083,0.00000,0.00344,0.02482
1403636719.313579082489014,0.00602,0.00020,0.00003,0.00613,0.00000,0.00215,0.01454
1403636719.363579750061035,0.00756,0.00049,0.00003,0.01053,0.00008,0.00329,0.02198
1403636719.413579940795898,0.00603,0.00021,0.00022,0.00573,0.00004,0.00215,0.01438
1403636719.463580846786499,0.00644,0.00037,0.00011,0.01170,0.00068,0.00293,0.02223
1403636719.513581752777100,0.00742,0.00045,0.00003,0.00985,0.00014,0.00326,0.02115
1403636719.563581943511963,0.00620,0.00028,0.00072,0.00845,0.00003,0.00286,0.01853
1403636719.613582134246826,0.00618,0.00030,0.00002,0.00569,0.00000,0.00231,0.01451
1403636719.663582086563110,0.00637,0.00031,0.00022,0.00862,0.00030,0.00295,0.01877
1403636719.713582038879395,0.00642,0.00028,0.00406,0.00835,0.00103,0.00273,0.02287
1403636719.763581514358521,0.00624,0.00037,0.00427,0.00934,0.00039,0.00276,0.02337
1403636719.813580989837646,0.00640,0.00030,0.01191,0.00519,0.00251,0.00224,0.02855
1403636719.863580703735352,0.00692,0.00047,0.00520,0.01012,0.00001,0.00345,0.02617
1403636719.913580894470215,0.00598,0.00021,0.00008,0.00588,0.00001,0.00231,0.01447
1403636719.963581085205078,0.00640,0.00028,0.00017,0.00875,0.00009,0.00252,0.01822
1403636720.013581275939941,0.00643,0.00023,0.00006,0.00581,0.00003,0.00252,0.01508
1403636720.063581228256226,0.00601,0.00029,0.00002,0.00580,0.00004,0.00193,0.01410
1403636720.113581180572510,0.00553,0.00021,0.00009,0.00518,0.00009,0.00207,0.01317
1403636720.163581371307373,0.00637,0.00033,0.00023,0.00843,0.00029,0.00325,0.01890
1403636720.213581562042236,0.00661,0.00058,0.00086,0.01051,0.00002,0.00375,0.02233
1403636720.263581752777100,0.00549,0.00034,0.00002,0.00491,0.00005,0.00223,0.01304
1403636720.313581705093384,0.00596,0.00023,0.00057,0.00495,0.00051,0.00243,0.01463
1403636720.363581418991089,0.00605,0.00031,0.00227,0.00466,0.00082,0.00221,0.01632
1403636720.413581609725952,0.00480,0.00025,0.00503,0.00495,0.00711,0.00220,0.02435
1403636720.463581085205078,0.00633,0.00040,0.00026,0.01183,0.00000,0.00314,0.02197
1403636720.513580560684204,0.00556,0.00042,0.00030,0.01365,0.00000,0.00263,0.02256
1403636720.563580751419067,0.00607,0.00026,0.00156,0.00629,0.00016,0.00204,0.01638
1403636720.613580226898193,0.00665,0.00047,0.00011,0.01353,0.00000,0.00314,0.02391
1403636720.663580656051636,0.00612,0.00046,0.00012,0.00678,0.00000,0.00215,0.01563
1403636720.713580608367920,0.00578,0.00021,0.00019,0.00636,0.00002,0.00234,0.01490
1403636720.763580083847046,0.00622,0.00032,0.00001,0.00645,0.00005,0.00202,0.01507
1403636720.813579320907593,0.00536,0.00020,0.00002,0.00636,0.00012,0.00212,0.01418
1403636720.863579988479614,0.00600,0.00040,0.00002,0.01001,0.00007,0.00242,0.01892
1403636720.913580179214478,0.00592,0.00037,0.00064,0.00639,0.00004,0.00224,0.01560
1403636720.963581085205078,0.00596,0.00021,0.00026,0.00640,0.00004,0.00190,0.01478
1403636721.013581275939941,0.00649,0.00053,0.00718,0.00977,0.00096,0.00207,0.02700
1403636721.063581705093384,0.01096,0.00045,0.00024,0.01139,0.00000,0.00336,0.02640
1403636721.113582611083984,0.00761,0.00042,0.00007,0.00649,0.00000,0.00192,0.01651
1403636721.163583993911743,0.00808,0.00038,0.00329,0.01141,0.00001,0.00276,0.02593
1403636721.213584899902344,0.00811,0.00039,0.00059,0.01273,0.00006,0.00340,0.02527
1403636721.263585090637207,0.00852,0.00040,0.00067,0.01312,0.00006,0.00342,0.02621
1403636721.313584566116333,0.00809,0.00042,0.00057,0.00616,0.00140,0.00242,0.01906
1403636721.363584518432617,0.00760,0.00020,0.00014,0.00641,0.00001,0.00215,0.01651
1403636721.413584470748901,0.00771,0.00039,0.00064,0.00646,0.00003,0.00210,0.01733
1403636721.463584899902344,0.00769,0.00021,0.00002,0.00640,0.00005,0.00221,0.01658
1403636721.513585090637207,0.00843,0.00033,0.00103,0.01135,0.00007,0.00377,0.02498
1403636721.563585281372070,0.00593,0.00097,0.00025,0.00643,0.00004,0.00278,0.01640
1403636721.613584995269775,0.00713,0.00021,0.01156,0.00625,0.00003,0.00247,0.02767
1403636721.663585186004639,0.00760,0.00019,0.00580,0.00627,0.00073,0.00188,0.02247
1403636721.713585376739502,0.00711,0.00035,0.00002,0.00664,0.00000,0.00196,0.01608
1403636721.763585567474365,0.00745,0.00056,0.00074,0.01258,0.00000,0.00338,0.02472
1403636721.813585519790649,0.00813,0.00040,0.00003,0.00964,0.00006,0.00343,0.02169
1403636721.863585948944092,0.00644,0.00038,0.00009,0.00605,0.00024,0.00204,0.01525
1403636721.913585424423218,0.00507,0.00021,0.00025,0.00579,0.00008,0.00254,0.01395
1403636721.963585376739502,0.00751,0.00043,0.00003,0.00999,0.00010,0.00352,0.02159
1403636722.013585090637207,0.00771,0.00023,0.00010,0.00638,0.00018,0.00236,0.01698
1403636722.063584566116333,0.00609,0.00029,0.00019,0.00694,0.00004,0.00261,0.01617
1403636722.113584518432617,0.00546,0.00033,0.00162,0.00565,0.00012,0.00211,0.01529
1403636722.163584232330322,0.00587,0.00027,0.00033,0.00881,0.00017,0.00290,0.01835
1403636722.213585853576660,0.00502,0.00030,0.01486,0.00556,0.00243,0.00226,0.03043
1403636722.263586282730103,0.00649,0.00019,0.00464,0.00596,0.00121,0.00199,0.02049
1403636722.363586902618408,0.00625,0.00028,0.00002,0.00593,0.00000,0.00237,0.01486
1403636722.413587331771851,0.00772,0.00031,0.00048,0.00966,0.00000,0.00308,0.02126
1403636722.463587522506714,0.00653,0.00023,0.00016,0.00626,0.00002,0.00235,0.01554
1403636722.513587951660156,0.00654,0.00037,0.00002,0.00614,0.00022,0.00220,0.01549
1403636722.563587903976440,0.00623,0.00019,0.00066,0.00580,0.00005,0.00209,0.01503
1403636722.613587856292725,0.00785,0.00037,0.00023,0.01227,0.00008,0.00351,0.02431
1403636722.663587808609009,0.00761,0.00024,0.00002,0.00569,0.00000,0.00282,0.01639
1403636722.713587999343872,0.00836,0.00031,0.00019,0.00820,0.00009,0.00298,0.02013
1403636722.763587951660156,0.00776,0.00020,0.00147,0.00510,0.00044,0.00254,0.01751
1403636722.813587903976440,0.00720,0.00020,0.00071,0.00529,0.00012,0.00230,0.01582
1403636722.863586902618408,0.00655,0.00019,0.00964,0.00514,0.00013,0.00177,0.02343
1403636722.913587093353271,0.00683,0.00045,0.00406,0.00500,0.00197,0.00180,0.02011
1403636722.963587284088135,0.00809,0.00041,0.00003,0.00562,0.00000,0.00331,0.01746
1403636723.013587713241577,0.00943,0.00024,0.00023,0.00540,0.00024,0.00195,0.01749
1403636723.063587903976440,0.00659,0.00035,0.00038,0.00518,0.00020,0.00263,0.01533
1403636723.113588333129883,0.00795,0.00019,0.00004,0.00523,0.00020,0.00191,0.01552
1403636723.163587331771851,0.00643,0.00042,0.00002,0.00519,0.00141,0.00276,0.01624
1403636723.213587522506714,0.00732,0.00020,0.00006,0.00537,0.00005,0.00201,0.01501
1403636723.263587236404419,0.00674,0.00044,0.00006,0.00530,0.00003,0.00284,0.01542
1403636723.313587427139282,0.00774,0.00052,0.00003,0.00572,0.00009,0.00277,0.01687
1403636723.363586664199829,0.00795,0.00079,0.00019,0.01162,0.00032,0.00532,0.02618
1403636723.413588047027588,0.00724,0.00020,0.00035,0.00526,0.00013,0.00229,0.01547
1403636723.463586807250977,0.00839,0.00040,0.00893,0.00512,0.00212,0.00232,0.02728
1403636723.513587236404419,0.00723,0.00024,0.00112,0.00567,0.00026,0.00236,0.01688
1403636723.563588142395020,0.00853,0.00045,0.00002,0.00575,0.00000,0.00280,0.01755
1403636723.613588094711304,0.00805,0.00025,0.00002,0.00609,0.00142,0.00240,0.01823
1403636723.663587808609009,0.00775,0.00046,0.00006,0.00589,0.00006,0.00281,0.01703
1403636723.713586568832397,0.00746,0.00020,0.00007,0.00589,0.00004,0.00201,0.01567
1403636723.763585805892944,0.00833,0.00041,0.00015,0.01038,0.00009,0.00431,0.02366
1403636723.813585042953491,0.00756,0.00021,0.00002,0.00591,0.00006,0.00247,0.01624
1403636723.863584995269775,0.00808,0.00039,0.00003,0.01103,0.00008,0.00336,0.02298
1403636723.913585186004639,0.00697,0.00020,0.00002,0.00592,0.00008,0.00238,0.01559
1403636723.963584661483765,0.00660,0.00020,0.00111,0.00550,0.00008,0.00192,0.01540
1403636724.013584375381470,0.00704,0.00032,0.00034,0.00944,0.00018,0.00329,0.02063
1403636724.063585281372070,0.00680,0.00029,0.01172,0.00538,0.00470,0.00192,0.03081
1403636724.113585233688354,0.00664,0.00020,0.00231,0.00636,0.00000,0.00210,0.01761
1403636724.163584470748901,0.00665,0.00021,0.00002,0.00601,0.00000,0.00201,0.01489
1403636724.213583707809448,0.00697,0.00029,0.00216,0.01020,0.00000,0.00317,0.02279
1403636724.263583421707153,0.00678,0.00024,0.00026,0.00596,0.00031,0.00220,0.01577
1403636724.313582420349121,0.00733,0.00038,0.00003,0.01339,0.00011,0.00291,0.02415
1403636724.363581180572510,0.00689,0.00031,0.00017,0.01002,0.00005,0.00283,0.02027
1403636724.413578987121582,0.00742,0.00023,0.00016,0.00583,0.00075,0.00243,0.01682
1403636724.463578462600708,0.00685,0.00032,0.00019,0.00602,0.00002,0.00246,0.01586
1403636724.513577222824097,0.00696,0.00028,0.00001,0.00618,0.00007,0.00172,0.01522
1403636724.563576221466064,0.00677,0.00036,0.00140,0.00607,0.00007,0.00190,0.01657
1403636724.613575458526611,0.00789,0.00047,0.00042,0.01056,0.00011,0.00357,0.02302
1403636724.663575410842896,0.00691,0.00035,0.00738,0.01026,0.00225,0.00290,0.03005
1403636724.713576316833496,0.00656,0.00034,0.00133,0.00652,0.00003,0.00232,0.01711
1403636724.763576745986938,0.00696,0.00034,0.00002,0.01167,0.00000,0.00328,0.02227
1403636724.813577651977539,0.00631,0.00028,0.00002,0.00654,0.00004,0.00228,0.01547
1403636724.863578319549561,0.00594,0.00021,0.00008,0.00627,0.00003,0.00206,0.01459
1403636724.913579225540161,0.00706,0.00039,0.00003,0.01324,0.00010,0.00332,0.02414
1403636724.963580131530762,0.00659,0.00031,0.00032,0.01023,0.00006,0.00277,0.02028
1403636725.013580560684204,0.00657,0.00031,0.00019,0.00686,0.00015,0.00206,0.01614
1403636725.063580989837646,0.00646,0.00033,0.00007,0.00584,0.00007,0.00179,0.01457
1403636725.113580942153931,0.00698,0.00039,0.00003,0.01078,0.00044,0.00334,0.02197
1403636725.163580894470215,0.00626,0.00024,0.00026,0.00592,0.00008,0.00228,0.01503
1403636725.213581323623657,0.00701,0.00031,0.00130,0.00587,0.00009,0.00200,0.01658
1403636725.263581275939941,0.00778,0.00045,0.00837,0.00924,0.00458,0.00226,0.03270
1403636725.313581466674805,0.00645,0.00024,0.00383,0.00581,0.00004,0.00190,0.01828
1403636725.363581657409668,0.00624,0.00022,0.00017,0.00588,0.00002,0.00246,0.01500
1403636725.413581371307373,0.00715,0.00028,0.00002,0.00594,0.00024,0.00265,0.01628
1403636725.463581323623657,0.00718,0.00037,0.00028,0.01119,0.00043,0.00459,0.02404
1403636725.513581275939941,0.00661,0.00021,0.00002,0.00578,0.00005,0.00211,0.01478
1403636725.563580036163330,0.00602,0.00018,0.00010,0.00577,0.00084,0.00193,0.01485
1403636725.613579988479614,0.00615,0.00029,0.00002,0.00626,0.00000,0.00185,0.01458
1403636725.663579702377319,0.00698,0.00028,0.00003,0.00608,0.00011,0.00264,0.01612
1403636725.713579416275024,0.00715,0.00031,0.00003,0.01012,0.00013,0.00307,0.02082
1403636725.763579130172729,0.00601,0.00044,0.00016,0.00603,0.00010,0.00295,0.01568
1403636725.813578605651855,0.00729,0.00054,0.00038,0.01308,0.00019,0.00330,0.02476
1403636725.863579511642456,0.00794,0.00042,0.00609,0.01018,0.00010,0.00210,0.02682
1403636725.913579463958740,0.00602,0.00023,0.00075,0.00601,0.00009,0.00213,0.01524
1403636725.963579893112183,0.00698,0.00027,0.00002,0.00627,0.00004,0.00242,0.01600
1403636726.013580083847046,0.00622,0.00024,0.00002,0.00601,0.00005,0.00210,0.01464
1403636726.063580036163330,0.00631,0.00021,0.00005,0.00582,0.00006,0.00181,0.01427
1403636726.113579750061035,0.00677,0.00022,0.00002,0.00576,0.00005,0.00200,0.01482
1403636726.163579940795898,0.00658,0.00048,0.00009,0.00582,0.00009,0.00201,0.01507
1403636726.213579893112183,0.00625,0.00021,0.00002,0.00575,0.00000,0.00223,0.01445
1403636726.263580083847046,0.00690,0.00046,0.00020,0.01022,0.00017,0.00339,0.02134
1403636726.313580274581909,0.00619,0.00020,0.00002,0.00575,0.00008,0.00214,0.01438
1403636726.363579988479614,0.00643,0.00053,0.00027,0.01267,0.00027,0.00337,0.02354
1403636726.413579702377319,0.00719,0.00024,0.00019,0.00605,0.00012,0.00257,0.01635
1403636726.463579177856445,0.00627,0.00030,0.00264,0.00974,0.00021,0.00327,0.02243
1403636726.513579130172729,0.00688,0.00020,0.00055,0.00568,0.00030,0.00197,0.01558
1403636726.563578605651855,0.00644,0.00020,0.00002,0.00575,0.00004,0.00187,0.01432
1403636726.613578557968140,0.00683,0.00036,0.00002,0.00994,0.00009,0.00272,0.01997
1403636726.663577795028687,0.00686,0.00045,0.00002,0.00956,0.00012,0.00270,0.01973
1403636726.713578462600708,0.00680,0.00029,0.00002,0.00951,0.00006,0.00269,0.01938
1403636726.763578176498413,0.00645,0.00038,0.00020,0.01198,0.00029,0.00338,0.02268
1403636726.813578367233276,0.00661,0.00022,0.00002,0.00549,0.00000,0.00206,0.01440
1403636726.863578796386719,0.00728,0.00031,0.00003,0.00830,0.00018,0.00356,0.01965
1403636726.913578987121582,0.00613,0.00020,0.00002,0.00525,0.00009,0.00188,0.01356
1403636726.963579416275024,0.00639,0.00045,0.00017,0.00523,0.00030,0.00221,0.01475
1403636727.013579130172729,0.00736,0.00038,0.00030,0.00993,0.00020,0.00327,0.02144
1403636727.063579797744751,0.00606,0.00021,0.00381,0.00519,0.00244,0.00223,0.01995
1403636727.113579750061035,0.00670,0.00030,0.00270,0.00899,0.00014,0.00275,0.02157
1403636727.163579463958740,0.00560,0.00021,0.00002,0.00605,0.00130,0.00196,0.01514
1403636727.213579654693604,0.00455,0.00018,0.00001,0.00666,0.00023,0.00180,0.01343
1403636727.263579368591309,0.00586,0.00021,0.00002,0.00615,0.00007,0.00214,0.01446
1403636727.313579082489014,0.00668,0.00032,0.00003,0.01094,0.00040,0.00348,0.02185
1403636727.363578557968140,0.00593,0.00023,0.00034,0.00616,0.00131,0.00216,0.01614
1403636727.413578748703003,0.00669,0.00058,0.00002,0.01101,0.00000,0.00401,0.02233
1403636727.463578939437866,0.00597,0.00024,0.00012,0.00637,0.00004,0.00206,0.01482
1403636727.513579130172729,0.00756,0.00058,0.00028,0.01091,0.00007,0.00415,0.02355
1403636727.563579559326172,0.00620,0.00021,0.00032,0.00580,0.00007,0.00187,0.01448
1403636727.613579988479614,0.00659,0.00058,0.00077,0.00991,0.00015,0.00352,0.02153
1403636727.663579463958740,0.00614,0.00030,0.00152,0.00558,0.00014,0.00188,0.01557
1403636727.713579177856445,0.00657,0.00035,0.00060,0.00574,0.00011,0.00268,0.01606
1403636727.763579130172729,0.00690,0.00048,0.00002,0.01016,0.00000,0.00332,0.02089
1403636727.813579082489014,0.00614,0.00031,0.00002,0.00526,0.00005,0.00180,0.01358
1403636727.863580226898193,0.00591,0.00032,0.00008,0.00515,0.00006,0.00197,0.01349
1403636727.913580179214478,0.00647,0.00043,0.00020,0.00513,0.00019,0.00259,0.01502
1403636727.963580369949341,0.00808,0.00042,0.00031,0.00931,0.00022,0.00317,0.02151
1403636728.013580322265625,0.00665,0.00044,0.00002,0.00547,0.00000,0.00252,0.01511
1403636728.063580513000488,0.00584,0.00022,0.00002,0.00513,0.00078,0.00194,0.01393
1403636728.113580465316772,0.00593,0.00026,0.00001,0.00519,0.00121,0.00252,0.01513
1403636728.163580656051636,0.00598,0.00022,0.00010,0.00576,0.00013,0.00188,0.01408
1403636728.213580846786499,0.00585,0.00034,0.00022,0.00541,0.00013,0.00256,0.01449
1403636728.263580560684204,0.00658,0.00025,0.00360,0.00518,0.00130,0.00228,0.01919
1403636728.313580274581909,0.00562,0.00033,0.00206,0.00540,0.00241,0.00245,0.01827
1403636728.363580703735352,0.00610,0.00021,0.00002,0.00601,0.00000,0.00174,0.01408
1403636728.413580417633057,0.00578,0.00025,0.00001,0.00605,0.00024,0.00245,0.01479
1403636728.463580846786499,0.00634,0.00020,0.00002,0.00601,0.00008,0.00226,0.01491
1403636728.513580799102783,0.00573,0.00028,0.00001,0.00600,0.00026,0.00168,0.01396
1403636728.563580989837646,0.00560,0.00023,0.00039,0.00603,0.00010,0.00210,0.01445
1403636728.613580703735352,0.00627,0.00033,0.00003,0.01015,0.00000,0.00323,0.02001
1403636728.663580656051636,0.00657,0.00030,0.00002,0.01009,0.00017,0.00265,0.01981
1403636728.713580846786499,0.00657,0.00033,0.00008,0.00993,0.00009,0.00377,0.02078
1403636728.763580799102783,0.00691,0.00038,0.00024,0.01124,0.00029,0.00335,0.02241
1403636728.813580989837646,0.00655,0.00042,0.00034,0.00879,0.00020,0.00386,0.02017
1403636728.863580942153931,0.00669,0.00029,0.00637,0.00844,0.00056,0.00273,0.02509
1403636728.913580417633057,0.00588,0.00021,0.00090,0.00477,0.00161,0.00249,0.01587
1403636728.963580369949341,0.00648,0.00022,0.00002,0.00534,0.00000,0.00194,0.01401
1403636729.013579845428467,0.00747,0.00047,0.00014,0.00932,0.00010,0.00435,0.02185
1403636729.063579082489014,0.00717,0.00029,0.00002,0.00570,0.00008,0.00204,0.01530
1403636729.113578081130981,0.00647,0.00049,0.00003,0.01071,0.00266,0.00331,0.02368
1403636729.163578510284424,0.00626,0.00027,0.00007,0.00533,0.00050,0.00257,0.01500
1403636729.213578462600708,0.00632,0.00040,0.00017,0.01100,0.00031,0.00336,0.02156
1403636729.263578891754150,0.00647,0.00029,0.00002,0.00903,0.00017,0.00337,0.01936
1403636729.313579082489014,0.00722,0.00043,0.00003,0.01145,0.00270,0.00299,0.02482
1403636729.363579034805298,0.00633,0.00038,0.00020,0.01188,0.00036,0.00320,0.02234
1403636729.413578271865845,0.00582,0.00026,0.00020,0.00535,0.00016,0.00184,0.01363
1403636729.463578462600708,0.00661,0.00029,0.00665,0.00902,0.00055,0.00279,0.02592
1403636729.513578414916992,0.00600,0.00048,0.00181,0.01155,0.00038,0.00328,0.02351
1403636729.563578605651855,0.00621,0.00038,0.00002,0.00970,0.00000,0.00279,0.01910
1403636729.613578557968140,0.00610,0.00038,0.00003,0.01111,0.00267,0.00353,0.02383
1403636729.663578748703003,0.00602,0.00038,0.00017,0.01098,0.00043,0.00338,0.02136
1403636729.713579177856445,0.00590,0.00037,0.00003,0.01165,0.00008,0.00330,0.02133
1403636729.763579130172729,0.00587,0.00030,0.00015,0.00908,0.00439,0.00270,0.02250
1403636729.813579320907593,0.00647,0.00051,0.00003,0.01312,0.00146,0.00317,0.02476
1403636729.863579273223877,0.00627,0.00038,0.00018,0.00963,0.00007,0.00244,0.01897
1403636729.913579463958740,0.00580,0.00028,0.00017,0.00820,0.00030,0.00274,0.01749
1403636729.963579893112183,0.00581,0.00029,0.00029,0.00803,0.00013,0.00256,0.01711
1403636730.013580083847046,0.00648,0.00037,0.00055,0.00563,0.00011,0.00251,0.01565
1403636730.063580274581909,0.01063,0.00031,0.00664,0.00684,0.00012,0.00229,0.02683
1403636730.113580226898193,0.00723,0.00020,0.00096,0.00475,0.00017,0.00228,0.01559
1403636730.163580179214478,0.00720,0.00018,0.00001,0.00477,0.00000,0.00241,0.01457
1403636730.213580369949341,0.00868,0.00038,0.00013,0.01066,0.00009,0.00438,0.02432
1403636730.263580322265625,0.00724,0.00021,0.00009,0.00468,0.00007,0.00244,0.01474
1403636730.313580274581909,0.00760,0.00020,0.00002,0.00457,0.00005,0.00262,0.01505
1403636730.363580226898193,0.00779,0.00019,0.00008,0.00453,0.00009,0.00189,0.01458
1403636730.413579940795898,0.00806,0.00054,0.00005,0.01005,0.00000,0.00385,0.02255
1403636730.463579893112183,0.00702,0.00019,0.00006,0.00466,0.00010,0.00211,0.01414
1403636730.513579607009888,0.00780,0.00036,0.00004,0.00933,0.00132,0.00392,0.02276
1403636730.563579320907593,0.00826,0.00032,0.00010,0.00760,0.00030,0.00369,0.02027
1403636730.613579034805298,0.00801,0.00034,0.02283,0.00639,0.00424,0.00193,0.04374
1403636730.663578271865845,0.00689,0.00019,0.00722,0.00505,0.00068,0.00207,0.02209
1403636730.713576793670654,0.00739,0.00035,0.00079,0.00968,0.00017,0.00310,0.02147
1403636730.763574600219727,0.00710,0.00028,0.00005,0.00830,0.00000,0.00343,0.01915
1403636730.813573837280273,0.00787,0.00045,0.00002,0.00749,0.00008,0.00293,0.01884
1403636730.863573551177979,0.00771,0.00062,0.00004,0.01080,0.00295,0.00282,0.02495
1403636730.913571596145630,0.00775,0.00053,0.00053,0.01054,0.00041,0.00376,0.02351
1403636730.963571071624756,0.00795,0.00047,0.00002,0.00702,0.00015,0.00340,0.01902
1403636731.013568639755249,0.00882,0.00041,0.00027,0.00976,0.00005,0.00383,0.02313
1403636731.063566207885742,0.00722,0.00035,0.00009,0.00445,0.00025,0.00231,0.01467
1403636731.113563299179077,0.00876,0.00041,0.00004,0.00977,0.00010,0.00494,0.02403
1403636731.163563251495361,0.00684,0.00020,0.00002,0.00421,0.00017,0.00238,0.01383
1403636731.213563919067383,0.00708,0.00046,0.01561,0.00415,0.00159,0.00244,0.03133
1403636731.263564825057983,0.00786,0.00045,0.00707,0.00693,0.00016,0.00197,0.02445
1403636731.313565492630005,0.00589,0.00036,0.00007,0.00441,0.00039,0.00211,0.01322
1403636731.363566160202026,0.00699,0.00036,0.00002,0.00447,0.00000,0.00199,0.01383
1403636731.413566350936890,0.00703,0.00039,0.00003,0.00978,0.00010,0.00380,0.02113
1403636731.463566064834595,0.00728,0.00037,0.00019,0.00950,0.00012,0.00414,0.02159
1403636731.513565540313721,0.00697,0.00037,0.00003,0.00950,0.00020,0.00408,0.02115
1403636731.563565015792847,0.00783,0.00027,0.00002,0.00736,0.00015,0.00311,0.01876
1403636731.613564729690552,0.00744,0.00034,0.00003,0.00872,0.00050,0.00365,0.02068
1403636731.663564682006836,0.00805,0.00053,0.00013,0.00835,0.00020,0.00500,0.02225
1403636731.713564872741699,0.00654,0.00042,0.00002,0.00630,0.00007,0.00276,0.01611
1403636731.763564586639404,0.00796,0.00038,0.00004,0.00931,0.00038,0.00541,0.02349
1403636731.813565254211426,0.00779,0.00025,0.00831,0.00583,0.00477,0.00203,0.02899
1403636731.863565206527710,0.00722,0.00027,0.00455,0.00646,0.00028,0.00268,0.02147
1403636731.913565158843994,0.00692,0.00034,0.00010,0.00446,0.00051,0.00274,0.01507
1403636731.963565587997437,0.00751,0.00042,0.00017,0.00698,0.00022,0.00316,0.01846
1403636732.013565301895142,0.00700,0.00043,0.00002,0.00723,0.00007,0.00296,0.01772
1403636732.063565492630005,0.00705,0.00052,0.00003,0.00958,0.00013,0.00399,0.02130
1403636732.113565444946289,0.00747,0.00035,0.00004,0.00890,0.00054,0.00352,0.02081
1403636732.163565397262573,0.00555,0.00035,0.00002,0.00682,0.00014,0.00281,0.01571
1403636732.213565587997437,0.00685,0.00038,0.00017,0.00955,0.00083,0.00381,0.02159
1403636732.263565540313721,0.00712,0.00059,0.00004,0.00956,0.00022,0.00360,0.02114
1403636732.313565492630005,0.00668,0.00026,0.00022,0.00651,0.00007,0.00316,0.01691
1403636732.363565444946289,0.00728,0.00054,0.00021,0.00907,0.00073,0.00401,0.02183
1403636732.413566112518311,0.00674,0.00035,0.00776,0.00404,0.00257,0.00231,0.02378
1403636732.463568210601807,0.00820,0.00041,0.00949,0.00690,0.00398,0.00258,0.03156
1403636732.513568878173828,0.00747,0.00047,0.00058,0.00890,0.00025,0.00299,0.02066
1403636732.563569068908691,0.00629,0.00031,0.00007,0.00520,0.00000,0.00206,0.01394
1403636732.613569736480713,0.00861,0.00059,0.00003,0.00963,0.00008,0.00351,0.02245
1403636732.663570165634155,0.00638,0.00021,0.00006,0.00503,0.00008,0.00195,0.01371
1403636732.713569641113281,0.00566,0.00021,0.00002,0.00509,0.00029,0.00240,0.01369
1403636732.763568639755249,0.00826,0.00052,0.00005,0.00810,0.00015,0.00352,0.02061
1403636732.813568592071533,0.00851,0.00068,0.00002,0.00495,0.00009,0.00256,0.01681
1403636732.863568067550659,0.00876,0.00033,0.00003,0.00882,0.00017,0.00376,0.02188
1403636732.913567781448364,0.00591,0.00028,0.00002,0.00508,0.00007,0.00190,0.01327
1403636732.963567495346069,0.00717,0.00020,0.00002,0.00497,0.00018,0.00225,0.01479
1403636733.013567447662354,0.00552,0.00021,0.00586,0.00477,0.00019,0.00227,0.01884
1403636733.063567638397217,0.00618,0.00022,0.00378,0.00506,0.00018,0.00249,0.01792
1403636733.113567829132080,0.00463,0.00020,0.00009,0.00503,0.00039,0.00194,0.01229
1403636733.163567543029785,0.00714,0.00024,0.00003,0.00516,0.00000,0.00309,0.01565
1403636733.213567495346069,0.00693,0.00034,0.00006,0.00482,0.00004,0.00211,0.01430
1403636733.263566970825195,0.00683,0.00023,0.00006,0.00462,0.00009,0.00237,0.01418
1403636733.313566684722900,0.00810,0.00042,0.00018,0.00717,0.00187,0.00352,0.02126
1403636733.363566637039185,0.00634,0.00020,0.00002,0.00461,0.00010,0.00228,0.01355
1403636733.413566827774048,0.00625,0.00033,0.00021,0.00439,0.00028,0.00197,0.01344
1403636733.463567256927490,0.00766,0.00022,0.00006,0.00438,0.00008,0.00225,0.01465
1403636733.513567209243774,0.00815,0.00035,0.00009,0.00687,0.00011,0.00422,0.01979
1403636733.563567161560059,0.00781,0.00044,0.00019,0.00712,0.00060,0.00316,0.01932
1403636733.613566875457764,0.00550,0.00030,0.00659,0.00399,0.00258,0.00173,0.02068
1403636733.663566827774048,0.00647,0.00021,0.00372,0.00445,0.00038,0.00229,0.01752
1403636733.713567018508911,0.00644,0.00021,0.00002,0.00421,0.00040,0.00205,0.01332
1403636733.763567209243774,0.00685,0.00024,0.00006,0.00457,0.00000,0.00238,0.01410
1403636733.813566684722900,0.00700,0.00038,0.00010,0.00941,0.00038,0.00382,0.02109
1403636733.863567113876343,0.00697,0.00046,0.00003,0.00499,0.00010,0.00216,0.01470
1403636733.913567304611206,0.00617,0.00031,0.00011,0.00778,0.00016,0.00348,0.01801
1403636733.963568210601807,0.00792,0.00034,0.00007,0.00443,0.00009,0.00208,0.01493
1403636734.013568162918091,0.00581,0.00042,0.00003,0.00545,0.00047,0.00217,0.01435
1403636734.063568115234375,0.00743,0.00034,0.00010,0.00496,0.00006,0.00236,0.01526
1403636734.113567829132080,0.00723,0.00035,0.00004,0.00807,0.00094,0.00274,0.01936
1403636734.163567304611206,0.00654,0.00029,0.00007,0.00665,0.00052,0.00276,0.01684
1403636734.213567495346069,0.00747,0.00036,0.01033,0.00572,0.00373,0.00274,0.03036
1403636734.263567209243774,0.00764,0.00034,0.00368,0.00407,0.00041,0.00180,0.01794
1403636734.313566207885742,0.00688,0.00031,0.00008,0.00730,0.00112,0.00329,0.01899
1403636734.363565921783447,0.00589,0.00031,0.00002,0.00770,0.00000,0.00334,0.01726
1403636734.413565635681152,0.00670,0.00029,0.00009,0.00696,0.00006,0.00294,0.01704
1403636734.463564872741699,0.00527,0.00021,0.00002,0.00450,0.00176,0.00196,0.01372
1403636734.513565301895142,0.00746,0.00040,0.00010,0.00797,0.00185,0.00318,0.02095
1403636734.563564777374268,0.00639,0.00043,0.00003,0.00756,0.00015,0.00285,0.01741
1403636734.613564491271973,0.00689,0.00039,0.00011,0.01128,0.00323,0.00383,0.02573
1403636734.663564682006836,0.00683,0.00026,0.00009,0.00769,0.00010,0.00291,0.01789
1403636734.713564872741699,0.00746,0.00028,0.00003,0.00780,0.00008,0.00280,0.01845
1403636734.763564109802246,0.00606,0.00020,0.00005,0.00498,0.00029,0.00187,0.01345
1403636734.813564062118530,0.00742,0.00036,0.01298,0.00847,0.00037,0.00299,0.03259
1403636734.863563776016235,0.00603,0.00021,0.00387,0.00453,0.00016,0.00222,0.01702
1403636734.913563728332520,0.00686,0.00022,0.00019,0.00448,0.00144,0.00241,0.01561
1403636734.963563919067383,0.00751,0.00020,0.00003,0.00465,0.00000,0.00223,0.01462
1403636735.013564109802246,0.00717,0.00033,0.00003,0.00738,0.00008,0.00351,0.01850
1403636735.063564062118530,0.00637,0.00079,0.00011,0.00927,0.00007,0.00391,0.02053
1403636735.113564014434814,0.00703,0.00032,0.00002,0.00452,0.00009,0.00226,0.01424
1403636735.163563966751099,0.00655,0.00033,0.00002,0.00456,0.00065,0.00238,0.01450
1403636735.213564157485962,0.00760,0.00039,0.00018,0.00903,0.00054,0.00315,0.02089
1403636735.313564300537109,0.00594,0.00048,0.00002,0.00437,0.00007,0.00299,0.01389
1403636735.363563776016235,0.00629,0.00031,0.00002,0.00431,0.00005,0.00195,0.01293
1403636735.413562059402466,0.00646,0.00030,0.00013,0.00393,0.00137,0.00192,0.01412
1403636735.463561058044434,0.00574,0.00021,0.00450,0.00379,0.00135,0.00194,0.01752
1403636735.513561010360718,0.00695,0.00025,0.00396,0.00380,0.00038,0.00206,0.01740
1403636735.563558578491211,0.00742,0.00041,0.00010,0.00885,0.00318,0.00341,0.02338
1403636735.613558530807495,0.00639,0.00029,0.00012,0.00394,0.00000,0.00204,0.01279
1403636735.663557767868042,0.00633,0.00032,0.00008,0.00348,0.00006,0.00214,0.01241
1403636735.713560104370117,0.00675,0.00029,0.00026,0.00398,0.00007,0.00249,0.01384
1403636735.763561725616455,0.00593,0.00018,0.00002,0.00357,0.00010,0.00231,0.01211
1403636735.813561439514160,0.00595,0.00042,0.00003,0.00394,0.00008,0.00213,0.01255
1403636735.863562107086182,0.00643,0.00031,0.00002,0.00359,0.00033,0.00243,0.01312
1403636735.913562059402466,0.00631,0.00039,0.00002,0.00361,0.00008,0.00218,0.01259
1403636735.963560819625854,0.00635,0.00026,0.00003,0.00532,0.00008,0.00307,0.01512
1403636736.013561010360718,0.00580,0.00032,0.00002,0.00339,0.00030,0.00207,0.01190
1403636736.063560485839844,0.00658,0.00042,0.00097,0.00581,0.00864,0.00283,0.02525
1403636736.113560676574707,0.00669,0.00029,0.00306,0.00382,0.00149,0.00213,0.01747
1403636736.163559675216675,0.00767,0.00042,0.00003,0.00875,0.00104,0.00397,0.02190
1403636736.213559865951538,0.00750,0.00031,0.00010,0.00651,0.00004,0.00299,0.01745
1403636736.263559579849243,0.00699,0.00036,0.00011,0.00845,0.00245,0.00369,0.02205
1403636736.313559055328369,0.00664,0.00028,0.00007,0.00505,0.00116,0.00170,0.01489
1403636736.363558769226074,0.00652,0.00028,0.00002,0.00501,0.00009,0.00198,0.01389
1403636736.413558721542358,0.00626,0.00029,0.00010,0.00450,0.00007,0.00210,0.01332
1403636736.463559389114380,0.00630,0.00029,0.00024,0.00444,0.00011,0.00195,0.01333
1403636736.513559579849243,0.00702,0.00030,0.00003,0.00689,0.00011,0.00299,0.01734
1403636736.563560009002686,0.00638,0.00033,0.00006,0.00438,0.00004,0.00227,0.01346
1403636736.613559246063232,0.00775,0.00022,0.00002,0.00452,0.00009,0.00245,0.01507
1403636736.663559436798096,0.00634,0.00044,0.00087,0.00938,0.00069,0.00352,0.02124
1403636736.713559865951538,0.00614,0.00028,0.00378,0.00630,0.00211,0.00269,0.02130
1403636736.763557672500610,0.00550,0.00021,0.00004,0.00436,0.00035,0.00222,0.01268
1403636736.813557863235474,0.00592,0.00019,0.00001,0.00442,0.00005,0.00177,0.01236
1403636736.863557815551758,0.00625,0.00036,0.00003,0.00876,0.00009,0.00353,0.01904
1403636736.913558006286621,0.00564,0.00034,0.00002,0.00422,0.00005,0.00198,0.01224
1403636736.963557958602905,0.00737,0.00042,0.00003,0.00851,0.00012,0.00329,0.01975
1403636737.013556480407715,0.00627,0.00021,0.00008,0.00411,0.00009,0.00199,0.01275
1403636737.063556909561157,0.00446,0.00020,0.00002,0.00413,0.00135,0.00210,0.01225
1403636737.113557100296021,0.00736,0.00032,0.00009,0.00718,0.00010,0.00322,0.01827
1403636737.163557291030884,0.00652,0.00019,0.00002,0.00404,0.00005,0.00191,0.01273
1403636737.213557481765747,0.00651,0.00036,0.00018,0.00901,0.00017,0.00340,0.01963
1403636737.263557434082031,0.00700,0.00045,0.00061,0.00640,0.00055,0.00338,0.01839
1403636737.313557386398315,0.00636,0.00043,0.00112,0.00393,0.00257,0.00200,0.01640
1403636737.363557577133179,0.00699,0.00041,0.00026,0.00703,0.00072,0.00299,0.01840
1403636737.413557291030884,0.00592,0.00020,0.00008,0.00401,0.00001,0.00207,0.01228
1403636737.463556528091431,0.00629,0.00020,0.00005,0.00388,0.00005,0.00215,0.01263
1403636737.513557672500610,0.00452,0.00020,0.00002,0.00376,0.00006,0.00176,0.01032
1403636737.563558340072632,0.00684,0.00038,0.00003,0.00738,0.00014,0.00325,0.01802
1403636737.613559484481812,0.00571,0.00021,0.00015,0.00355,0.00114,0.00209,0.01285
1403636737.663560390472412,0.00608,0.00020,0.00005,0.00340,0.00030,0.00230,0.01233
1403636737.713560342788696,0.00708,0.00044,0.00019,0.00589,0.00012,0.00318,0.01691
1403636737.763561964035034,0.00590,0.00035,0.00019,0.00661,0.00010,0.00359,0.01675
1403636737.813563823699951,0.00641,0.00033,0.00025,0.00660,0.00017,0.00332,0.01708
1403636737.863565683364868,0.00551,0.00023,0.00025,0.00329,0.00059,0.00227,0.01214
1403636737.913567543029785,0.00622,0.00021,0.00002,0.00323,0.00091,0.00187,0.01247
1403636737.963568210601807,0.00563,0.00028,0.00009,0.00344,0.00020,0.00199,0.01164
1403636738.013569355010986,0.00645,0.00044,0.00003,0.00733,0.00000,0.00381,0.01806
1403636738.063570976257324,0.00554,0.00027,0.00007,0.00349,0.00004,0.00215,0.01157
1403636738.113570928573608,0.00696,0.00045,0.00003,0.00696,0.00007,0.00299,0.01747
1403636738.163571119308472,0.00575,0.00036,0.00003,0.00741,0.00018,0.00380,0.01754
1403636738.213571071624756,0.00393,0.00021,0.00002,0.00332,0.00011,0.00198,0.00956
1403636738.263570785522461,0.00453,0.00027,0.00002,0.00399,0.00032,0.00213,0.01128
1403636738.313570737838745,0.00654,0.00047,0.00003,0.00660,0.00012,0.00340,0.01716
1403636738.363570451736450,0.00567,0.00038,0.00010,0.00707,0.00022,0.00381,0.01726
1403636738.413570165634155,0.00527,0.00027,0.00005,0.00323,0.00012,0.00196,0.01089
1403636738.463570117950439,0.00638,0.00040,0.00024,0.00612,0.00094,0.00335,0.01744
1403636738.513569355010986,0.00555,0.00021,0.00008,0.00301,0.00038,0.00192,0.01116
1403636738.563568830490112,0.00669,0.00051,0.00010,0.00665,0.00064,0.00353,0.01811
1403636738.613568067550659,0.00616,0.00034,0.00002,0.00617,0.00000,0.00329,0.01598
1403636738.663567304611206,0.00503,0.00031,0.00002,0.00437,0.00006,0.00208,0.01188
1403636738.713566541671753,0.00651,0.00044,0.00003,0.00674,0.00010,0.00309,0.01690
1403636738.763565063476562,0.00570,0.00027,0.00002,0.00371,0.00008,0.00219,0.01198
1403636738.813564062118530,0.00516,0.00028,0.00002,0.00516,0.00018,0.00303,0.01384
1403636738.863563060760498,0.00687,0.00042,0.00011,0.00722,0.00062,0.00401,0.01925
1403636738.913562297821045,0.00566,0.00036,0.00003,0.00508,0.00014,0.00296,0.01422
1403636738.963562250137329,0.00573,0.00019,0.00002,0.00290,0.00013,0.00212,0.01109
1403636739.013561010360718,0.00565,0.00038,0.00018,0.00545,0.00019,0.00365,0.01551
1403636739.063560724258423,0.00611,0.00029,0.00003,0.00513,0.00108,0.00307,0.01570
1403636739.113559484481812,0.00575,0.00026,0.00002,0.00464,0.00225,0.00263,0.01555
1403636739.163559913635254,0.00669,0.00053,0.00003,0.00566,0.00200,0.00324,0.01814
1403636739.213560104370117,0.00505,0.00028,0.00002,0.00401,0.00000,0.00191,0.01128
1403636739.263559818267822,0.00545,0.00019,0.00002,0.00333,0.00006,0.00219,0.01123
1403636739.313559532165527,0.00639,0.00049,0.00003,0.00765,0.00011,0.00406,0.01873
1403636739.363559007644653,0.00583,0.00027,0.00002,0.00449,0.00009,0.00214,0.01284
1403636739.413559198379517,0.00573,0.00035,0.00003,0.00714,0.00227,0.00343,0.01895
1403636739.463559389114380,0.00586,0.00041,0.00003,0.00712,0.00227,0.00285,0.01853
1403636739.513558864593506,0.00778,0.00049,0.00004,0.00785,0.00015,0.00286,0.01917
1403636739.563558101654053,0.00586,0.00028,0.00002,0.00387,0.00013,0.00205,0.01221
1403636739.613559007644653,0.00607,0.00035,0.00003,0.00756,0.00247,0.00342,0.01990
1403636739.663558721542358,0.00634,0.00048,0.00030,0.00734,0.00075,0.00275,0.01796
1403636739.713559150695801,0.00616,0.00037,0.00003,0.00803,0.00116,0.00352,0.01927
1403636739.763560533523560,0.00578,0.00024,0.00002,0.00546,0.00236,0.00274,0.01660
1403636739.813560962677002,0.00621,0.00036,0.00003,0.00753,0.00000,0.00325,0.01738
1403636739.863561391830444,0.00558,0.00028,0.00002,0.00565,0.00008,0.00282,0.01443
1403636739.913561582565308,0.00575,0.00025,0.00002,0.00568,0.00006,0.00248,0.01424
1403636739.963561773300171,0.00576,0.00036,0.00003,0.00773,0.00017,0.00365,0.01770
1403636740.013561487197876,0.00532,0.00028,0.00002,0.00452,0.00008,0.00182,0.01203
1403636740.063560962677002,0.00602,0.00043,0.00019,0.00616,0.00050,0.00330,0.01661
1403636740.113560676574707,0.00562,0.00035,0.00003,0.00721,0.00018,0.00326,0.01665
1403636740.163560628890991,0.00554,0.00029,0.00002,0.00607,0.00021,0.00295,0.01508
1403636740.213560581207275,0.00559,0.00035,0.00003,0.00691,0.00017,0.00276,0.01582
1403636740.263560533523560,0.00549,0.00026,0.00023,0.00532,0.00079,0.00272,0.01482
1403636740.313559293746948,0.00546,0.00030,0.00003,0.00441,0.00057,0.00206,0.01283
1403636740.363558292388916,0.00643,0.00053,0.00003,0.00746,0.00047,0.00301,0.01793
1403636740.413558483123779,0.00574,0.00027,0.00002,0.00518,0.00000,0.00255,0.01376
1403636740.463558435440063,0.00552,0.00024,0.00002,0.00349,0.00006,0.00231,0.01164
1403636740.513558149337769,0.00617,0.00035,0.00012,0.00696,0.00012,0.00336,0.01706
1403636740.563558578491211,0.00586,0.00032,0.00002,0.00604,0.00013,0.00256,0.01492
1403636740.613558530807495,0.00581,0.00027,0.00002,0.00509,0.00013,0.00272,0.01404
1403636740.663559436798096,0.00584,0.00024,0.00005,0.00423,0.00048,0.00190,0.01274
1403636740.713560104370117,0.00577,0.00028,0.00002,0.00577,0.00016,0.00279,0.01479
1403636740.763560295104980,0.00570,0.00022,0.00002,0.00338,0.00013,0.00228,0.01173
1403636740.813560247421265,0.00536,0.00026,0.00011,0.00329,0.00011,0.00189,0.01103
1403636740.863560438156128,0.00656,0.00045,0.00019,0.00640,0.00095,0.00322,0.01777
1403636740.913560390472412,0.00450,0.00019,0.00004,0.00333,0.00061,0.00191,0.01059
1403636740.963560819625854,0.00585,0.00036,0.00003,0.00754,0.00033,0.00379,0.01789
1403636741.013561010360718,0.00622,0.00034,0.00002,0.00691,0.00000,0.00252,0.01602
1403636741.063560724258423,0.00652,0.00033,0.00002,0.00489,0.00008,0.00307,0.01491
1403636741.113560438156128,0.00532,0.00020,0.00004,0.00324,0.00009,0.00195,0.01085
1403636741.163559675216675,0.00543,0.00024,0.00001,0.00324,0.00008,0.00188,0.01087
1403636741.213559627532959,0.00586,0.00027,0.00002,0.00349,0.00009,0.00195,0.01170
1403636741.263559341430664,0.00656,0.00034,0.00003,0.00556,0.00076,0.00311,0.01636
1403636741.313559055328369,0.00609,0.00035,0.00003,0.00651,0.00017,0.00323,0.01638
1403636741.363556861877441,0.00545,0.00018,0.00002,0.00319,0.00107,0.00207,0.01198
1403636741.413555622100830,0.00619,0.00039,0.00003,0.00756,0.00130,0.00372,0.01919
1403636741.463554859161377,0.01059,0.00045,0.00033,0.00545,0.00944,0.00279,0.02904
1403636741.513554334640503,0.00775,0.00044,0.00010,0.00441,0.00357,0.00203,0.01830
1403636741.563553810119629,0.00768,0.00038,0.00008,0.00480,0.00079,0.00248,0.01621
1403636741.613554239273071,0.00776,0.00021,0.00021,0.00459,0.00000,0.00213,0.01490
1403636741.663555383682251,0.00717,0.00019,0.00005,0.00456,0.00004,0.00234,0.01436
1403636741.713558435440063,0.00709,0.00038,0.00012,0.00997,0.00291,0.00387,0.02433
1403636741.763560533523560,0.00729,0.00027,0.00002,0.00839,0.00013,0.00329,0.01940
1403636741.813561201095581,0.00728,0.00038,0.00003,0.01006,0.00017,0.00388,0.02181
1403636741.863561868667603,0.00723,0.00032,0.00003,0.00812,0.00084,0.00353,0.02007
1403636741.913562059402466,0.00774,0.00031,0.00010,0.00813,0.00013,0.00346,0.01988
1403636741.963561534881592,0.00761,0.00035,0.00004,0.01016,0.00018,0.00408,0.02242
1403636742.013566017150879,0.00725,0.00031,0.02301,0.00445,0.00818,0.00201,0.04522
1403636742.063565015792847,0.00668,0.00021,0.00044,0.00597,0.00009,0.00225,0.01563
1403636742.113564252853394,0.00768,0.00032,0.00143,0.00983,0.00012,0.00351,0.02289
1403636742.163563966751099,0.00843,0.00035,0.00038,0.01143,0.00018,0.00294,0.02372
1403636742.213563680648804,0.00746,0.00027,0.00002,0.00883,0.00000,0.00276,0.01935
1403636742.263563632965088,0.00810,0.00038,0.00003,0.01253,0.00011,0.00369,0.02485
1403636742.313564777374268,0.00816,0.00045,0.00002,0.00606,0.00027,0.00331,0.01827
1403636742.363566160202026,0.00695,0.00021,0.00002,0.00571,0.00009,0.00239,0.01537
1403636742.413566589355469,0.00698,0.00042,0.00006,0.00551,0.00009,0.00283,0.01589
1403636742.463568449020386,0.00679,0.00017,0.00005,0.00554,0.00148,0.00223,0.01626
1403636742.513566732406616,0.00763,0.00033,0.00003,0.00884,0.00015,0.00286,0.01984
1403636742.563565969467163,0.00698,0.00035,0.00004,0.01154,0.00017,0.00359,0.02267
1403636742.613566637039185,0.00697,0.00021,0.00618,0.00556,0.00127,0.00273,0.02291
1403636742.663565874099731,0.00710,0.00018,0.00038,0.00600,0.00013,0.00220,0.01598
1403636742.713565587997437,0.00785,0.00040,0.00130,0.01271,0.00025,0.00303,0.02555
1403636742.763563871383667,0.00769,0.00038,0.00017,0.01300,0.00016,0.00302,0.02442
1403636742.813563346862793,0.00650,0.00027,0.00002,0.00902,0.00000,0.00271,0.01852
1403636742.863561153411865,0.00714,0.00040,0.00022,0.01317,0.00012,0.00400,0.02505
1403636742.913560628890991,0.00699,0.00027,0.00002,0.00897,0.00012,0.00279,0.01916
1403636742.963559389114380,0.00711,0.00029,0.00003,0.00858,0.00013,0.00305,0.01919
1403636743.013556957244873,0.00759,0.00038,0.00010,0.01277,0.00017,0.00327,0.02428
1403636743.063554525375366,0.00700,0.00027,0.00011,0.00844,0.00198,0.00306,0.02087
1403636743.113551855087280,0.00736,0.00019,0.00002,0.00557,0.00010,0.00229,0.01555
1403636743.163550853729248,0.00702,0.00020,0.00007,0.00551,0.00008,0.00200,0.01488
1403636743.213548421859741,0.00704,0.00027,0.01152,0.00515,0.00015,0.00196,0.02610
1403636743.263548135757446,0.00810,0.00038,0.00063,0.00928,0.00030,0.00361,0.02230
1403636743.313547372817993,0.00724,0.00020,0.00047,0.00523,0.00035,0.00213,0.01562
1403636743.363545656204224,0.00705,0.00021,0.00006,0.00530,0.00069,0.00198,0.01529
1403636743.413543939590454,0.00805,0.00041,0.00003,0.01054,0.00000,0.00379,0.02283
1403636743.463541030883789,0.00728,0.00038,0.00003,0.01185,0.00053,0.00345,0.02353
1403636743.513538122177124,0.00696,0.00020,0.00002,0.00540,0.00026,0.00219,0.01503
1403636743.563534259796143,0.00646,0.00018,0.00001,0.00524,0.00008,0.00209,0.01407
1403636743.613534450531006,0.00637,0.00019,0.00008,0.00495,0.00008,0.00203,0.01371
1403636743.663534164428711,0.00734,0.00037,0.00012,0.01101,0.00263,0.00327,0.02474
1403636743.713533639907837,0.00685,0.00029,0.00002,0.00859,0.00016,0.00306,0.01898
1403636743.763533115386963,0.00648,0.00021,0.00002,0.00511,0.00006,0.00227,0.01415
1403636743.813533067703247,0.00614,0.00020,0.00711,0.00443,0.00508,0.00214,0.02510
1403636743.863533496856689,0.00830,0.00044,0.00089,0.00886,0.00015,0.00357,0.02221
1403636743.913534164428711,0.00699,0.00031,0.00139,0.00521,0.00012,0.00193,0.01595
1403636743.963534593582153,0.00729,0.00029,0.00010,0.00781,0.00018,0.00338,0.01905
1403636744.013535737991333,0.00685,0.00021,0.00002,0.00483,0.00000,0.00195,0.01386
1403636744.063537120819092,0.00649,0.00020,0.00017,0.00441,0.00025,0.00182,0.01334
1403636744.113537311553955,0.00738,0.00039,0.00011,0.00922,0.00052,0.00423,0.02184
1403636744.163537740707397,0.00738,0.00026,0.00007,0.00629,0.00011,0.00270,0.01681
1403636744.213537931442261,0.00722,0.00043,0.00010,0.00428,0.00008,0.00199,0.01410
1403636744.263537883758545,0.00617,0.00023,0.00032,0.00383,0.00007,0.00190,0.01252
1403636744.313537359237671,0.00752,0.00038,0.00028,0.00615,0.00095,0.00333,0.01861
1403636744.363537311553955,0.00654,0.00028,0.00024,0.00348,0.00006,0.00223,0.01282
1403636744.413536787033081,0.00675,0.00032,0.01390,0.00501,0.01301,0.00198,0.04097
1403636744.513536930084229,0.00692,0.00030,0.00154,0.00463,0.00131,0.00173,0.01641
1403636744.563536643981934,0.00636,0.00043,0.00350,0.00473,0.00249,0.00182,0.01931
1403636744.613536357879639,0.00739,0.00057,0.00247,0.00931,0.00264,0.00338,0.02576
1403636744.663535833358765,0.00701,0.00041,0.00034,0.00607,0.00000,0.00270,0.01655
1403636744.713536024093628,0.00669,0.00025,0.00033,0.00582,0.00155,0.00215,0.01680
1403636744.763535976409912,0.00672,0.00029,0.00044,0.00557,0.00137,0.00179,0.01620
1403636744.813535928726196,0.00650,0.00021,0.00159,0.00498,0.00016,0.00238,0.01581
1403636744.863536596298218,0.00673,0.00030,0.00108,0.00497,0.00137,0.00260,0.01705
1403636744.913537025451660,0.00665,0.00053,0.00018,0.00945,0.00293,0.00273,0.02248
1403636744.963537693023682,0.00466,0.00021,0.00019,0.00443,0.00192,0.00171,0.01312
1403636745.013537645339966,0.00585,0.00031,0.00146,0.00438,0.00072,0.00186,0.01459
1403636745.063536643981934,0.00621,0.00026,0.00843,0.00426,0.00151,0.00222,0.02289
1403636745.113535881042480,0.00611,0.00029,0.00191,0.00405,0.00127,0.00210,0.01573
1403636745.163535594940186,0.00570,0.00029,0.00218,0.00386,0.00329,0.00187,0.01720
1403636745.213535308837891,0.00877,0.00035,0.00007,0.00703,0.00375,0.00272,0.02269
1403636745.263535737991333,0.00688,0.00021,0.00015,0.00481,0.00000,0.00222,0.01427
1403636745.313537120819092,0.00673,0.00020,0.00006,0.00482,0.00040,0.00210,0.01430
1403636745.363537549972534,0.00794,0.00041,0.00115,0.00800,0.00184,0.00350,0.02285
1403636745.413539171218872,0.00675,0.00037,0.00006,0.00496,0.00178,0.00198,0.01590
1403636745.463540554046631,0.00698,0.00022,0.00068,0.00483,0.00067,0.00228,0.01565
1403636745.513541698455811,0.00705,0.00032,0.00022,0.00786,0.00003,0.00351,0.01898
1403636745.563541173934937,0.00583,0.00036,0.00050,0.00435,0.00035,0.00185,0.01325
1403636745.613541126251221,0.00708,0.00029,0.00039,0.00666,0.00008,0.00330,0.01780
1403636745.663540363311768,0.00678,0.00028,0.00395,0.00382,0.00458,0.00236,0.02177
1403636745.713540792465210,0.00695,0.00036,0.00029,0.00458,0.00130,0.00183,0.01532
1403636745.763540506362915,0.00618,0.00031,0.01021,0.00455,0.00181,0.00227,0.02533
1403636745.813540697097778,0.00777,0.00055,0.00003,0.00913,0.00229,0.00285,0.02263
1403636745.863539695739746,0.00642,0.00047,0.00002,0.00638,0.00000,0.00208,0.01537
1403636745.913538694381714,0.00640,0.00022,0.00002,0.00539,0.00137,0.00230,0.01570
1403636745.963537931442261,0.00575,0.00042,0.00009,0.00524,0.00000,0.00200,0.01351
1403636746.013537645339966,0.00586,0.00020,0.00012,0.00509,0.00007,0.00223,0.01357
1403636746.063537359237671,0.00710,0.00051,0.00003,0.00824,0.00014,0.00330,0.01931
1403636746.113536596298218,0.00624,0.00047,0.00003,0.00499,0.00117,0.00177,0.01467
1403636746.163536310195923,0.00602,0.00019,0.00002,0.00493,0.00005,0.00171,0.01292
1403636746.213536024093628,0.00637,0.00034,0.00003,0.00742,0.00017,0.00283,0.01716
1403636746.263533115386963,0.00622,0.00046,0.00385,0.00626,0.00023,0.00277,0.01980
1403636746.313530921936035,0.00644,0.00038,0.00033,0.00965,0.00078,0.00390,0.02148
1403636746.363528490066528,0.00648,0.00041,0.01354,0.00627,0.00390,0.00228,0.03287
1403636746.413530111312866,0.00579,0.00038,0.00003,0.00823,0.00102,0.00250,0.01794
1403636746.463533163070679,0.00587,0.00038,0.00003,0.00464,0.00000,0.00186,0.01278
1403636746.513536691665649,0.00611,0.00035,0.00004,0.00440,0.00062,0.00237,0.01390
1403636746.563539743423462,0.00644,0.00034,0.00005,0.00437,0.00000,0.00195,0.01316
1403636746.613542318344116,0.00604,0.00040,0.00005,0.00496,0.00008,0.00256,0.01411
1403636746.663543224334717,0.00656,0.00018,0.00023,0.00447,0.00008,0.00196,0.01347
1403636746.713543415069580,0.00623,0.00035,0.00002,0.00446,0.00000,0.00251,0.01356
1403636746.813542366027832,0.00675,0.00027,0.00023,0.00424,0.00004,0.00219,0.01373
1403636746.863541603088379,0.00477,0.00019,0.00002,0.00411,0.00012,0.00185,0.01104
1403636746.913541078567505,0.00561,0.00029,0.00102,0.00520,0.00037,0.00212,0.01461
1403636746.963541269302368,0.00739,0.00039,0.00003,0.00861,0.00043,0.00441,0.02127
1403636747.013539075851440,0.00607,0.00020,0.00601,0.00398,0.00297,0.00186,0.02108
1403636747.063538551330566,0.00648,0.00036,0.00003,0.00926,0.00000,0.00463,0.02075
1403636747.113538026809692,0.00644,0.00028,0.00002,0.00468,0.00000,0.00204,0.01346
1403636747.163537502288818,0.00729,0.00055,0.00003,0.00892,0.00000,0.00458,0.02137
1403636747.213537216186523,0.00679,0.00019,0.00002,0.00435,0.00000,0.00209,0.01344
1403636747.263537883758545,0.00599,0.00033,0.00005,0.00433,0.00005,0.00251,0.01326
1403636747.313538551330566,0.00667,0.00035,0.00019,0.00848,0.00020,0.00356,0.01945
1403636747.363539218902588,0.00618,0.00021,0.00002,0.00402,0.00000,0.00271,0.01313
1403636747.413540840148926,0.00801,0.00057,0.00017,0.00709,0.00027,0.00303,0.01915
1403636747.463542699813843,0.00606,0.00042,0.00009,0.00413,0.00025,0.00166,0.01261
1403636747.513546943664551,0.00561,0.00028,0.00093,0.00409,0.00524,0.00170,0.01785
1403636747.563548326492310,0.00539,0.00021,0.00020,0.00452,0.00042,0.00193,0.01266
1403636747.613552808761597,0.00667,0.00040,0.01082,0.00696,0.00179,0.00230,0.02894
1403636747.663553237915039,0.00559,0.00048,0.00002,0.00550,0.00000,0.00184,0.01343
1403636747.713554143905640,0.00642,0.00055,0.00003,0.00920,0.00000,0.00355,0.01974
1403636747.763554334640503,0.00556,0.00046,0.00008,0.00539,0.00001,0.00182,0.01332
1403636747.813554525375366,0.00544,0.00047,0.00002,0.00831,0.00000,0.00301,0.01726
1403636747.863553524017334,0.00557,0.00043,0.00002,0.00780,0.00011,0.00262,0.01656
1403636747.913552522659302,0.00609,0.00053,0.00010,0.00984,0.00267,0.00340,0.02262
1403636747.963551282882690,0.00407,0.00020,0.00008,0.00459,0.00015,0.00195,0.01104
1403636748.013551235198975,0.00468,0.00033,0.00002,0.00475,0.00005,0.00191,0.01175
1403636748.063551664352417,0.00637,0.00032,0.00010,0.00818,0.00105,0.00310,0.01912
1403636748.113552093505859,0.00551,0.00021,0.00002,0.00468,0.00201,0.00208,0.01451
1403636748.163552761077881,0.00561,0.00029,0.00209,0.00489,0.00018,0.00255,0.01562
1403636748.213553667068481,0.00601,0.00038,0.00698,0.00488,0.00062,0.00208,0.02095
1403636748.263554334640503,0.00788,0.00040,0.00002,0.00518,0.00000,0.00189,0.01537
1403636748.313554525375366,0.00541,0.00028,0.00001,0.00505,0.00000,0.00175,0.01252
1403636748.363554239273071,0.00680,0.00035,0.00020,0.00509,0.00003,0.00182,0.01430
1403636748.413553953170776,0.00593,0.00020,0.00002,0.00511,0.00000,0.00247,0.01374
1403636748.463553905487061,0.00734,0.00046,0.00010,0.00884,0.00009,0.00356,0.02040
1403636748.513553619384766,0.00579,0.00051,0.00047,0.00494,0.00029,0.00195,0.01394
1403636748.563553094863892,0.00583,0.00021,0.00013,0.00461,0.00016,0.00203,0.01297
1403636748.613553285598755,0.00502,0.00021,0.00007,0.00479,0.00004,0.00208,0.01220
1403636748.663553237915039,0.00714,0.00038,0.00003,0.00841,0.00017,0.00360,0.01974
1403636748.713552951812744,0.00643,0.00057,0.00092,0.00686,0.00046,0.00251,0.01775
1403636748.763552904129028,0.00588,0.00035,0.00038,0.00828,0.00063,0.00357,0.01909
1403636748.813550472259521,0.00507,0.00027,0.02005,0.00627,0.00632,0.00174,0.03972
1403636748.863549947738647,0.00652,0.00021,0.00012,0.00489,0.00003,0.00202,0.01379
1403636748.913550615310669,0.00632,0.00038,0.00010,0.01044,0.00000,0.00356,0.02080
1403636748.963550329208374,0.00692,0.00029,0.00022,0.00801,0.00029,0.00283,0.01855
1403636749.063551187515259,0.00602,0.00065,0.00011,0.00484,0.00000,0.00190,0.01352
1403636749.113551616668701,0.00730,0.00040,0.00011,0.00822,0.00009,0.00335,0.01946
1403636749.163552045822144,0.00605,0.00029,0.00008,0.00507,0.00032,0.00198,0.01380
1403636749.213552474975586,0.00670,0.00027,0.00016,0.00451,0.00003,0.00203,0.01371
1403636749.263552427291870,0.00584,0.00033,0.00078,0.00691,0.00006,0.00349,0.01741
1403636749.313552618026733,0.00542,0.00025,0.00002,0.00414,0.00012,0.00197,0.01192
1403636749.363552331924438,0.00523,0.00042,0.00003,0.00470,0.00036,0.00195,0.01269
1403636749.413552284240723,0.00479,0.00025,0.00009,0.00610,0.00040,0.00254,0.01418
1403636749.463551282882690,0.00508,0.00028,0.00883,0.00378,0.00500,0.00209,0.02506
1403636749.513550996780396,0.00707,0.00056,0.00010,0.00838,0.00008,0.00315,0.01934
1403636749.563550949096680,0.00577,0.00048,0.00002,0.00502,0.00000,0.00203,0.01332
1403636749.613550662994385,0.00490,0.00029,0.00002,0.00444,0.00004,0.00185,0.01153
1403636749.663549661636353,0.00628,0.00040,0.00020,0.00852,0.00001,0.00318,0.01860
1403636749.713550329208374,0.00592,0.00019,0.00005,0.00416,0.00006,0.00189,0.01227
1403636749.763550996780396,0.00669,0.00044,0.00010,0.00737,0.00051,0.00316,0.01829
1403636749.813550949096680,0.00573,0.00036,0.00003,0.00789,0.00006,0.00272,0.01679
1403636749.863550424575806,0.00480,0.00042,0.00002,0.00723,0.00008,0.00289,0.01545
1403636749.913550615310669,0.00572,0.00033,0.00010,0.00858,0.00022,0.00319,0.01814
1403636749.963550329208374,0.00557,0.00045,0.00003,0.00759,0.00050,0.00263,0.01678
1403636750.013549089431763,0.00589,0.00040,0.00004,0.00769,0.00042,0.00249,0.01694
1403636750.063548564910889,0.00466,0.00043,0.00772,0.00400,0.00582,0.00191,0.02454
1403636750.113547563552856,0.00489,0.00029,0.00002,0.00541,0.00008,0.00199,0.01269
1403636750.163547039031982,0.00645,0.00038,0.00003,0.00946,0.00000,0.00305,0.01937
1403636750.213546514511108,0.00511,0.00021,0.00002,0.00510,0.00004,0.00193,0.01240
1403636750.263546466827393,0.00735,0.00047,0.00008,0.00810,0.00000,0.00389,0.01988
1403636750.313546657562256,0.00726,0.00057,0.00015,0.00926,0.00011,0.00262,0.01998
1403636750.363546848297119,0.00597,0.00046,0.00008,0.00548,0.00031,0.00198,0.01428
1403636750.413546562194824,0.00763,0.00040,0.00003,0.00976,0.00006,0.00305,0.02094
1403636750.463546752929688,0.00621,0.00021,0.00006,0.00476,0.00004,0.00227,0.01356
1403636750.513546228408813,0.00624,0.00021,0.00005,0.00472,0.00011,0.00186,0.01318
1403636750.563545703887939,0.00618,0.00035,0.00009,0.00466,0.00016,0.00205,0.01349
1403636750.613543748855591,0.00713,0.00042,0.00023,0.00940,0.00039,0.00394,0.02151
1403636750.663541793823242,0.00658,0.00020,0.00514,0.00441,0.00071,0.00187,0.01890
1403636750.713541746139526,0.00677,0.00039,0.00004,0.01018,0.00017,0.00380,0.02134
1403636750.763540744781494,0.00717,0.00027,0.00002,0.00695,0.00000,0.00285,0.01727
1403636750.813540458679199,0.00671,0.00035,0.00792,0.00835,0.00765,0.00259,0.03356
1403636750.863540172576904,0.00644,0.00035,0.00003,0.00884,0.00000,0.00291,0.01857
1403636750.913540124893188,0.00667,0.00020,0.00013,0.00489,0.00120,0.00193,0.01503
1403636750.963539600372314,0.00631,0.00048,0.00101,0.00572,0.00027,0.00171,0.01551
1403636751.013539552688599,0.00515,0.00042,0.00006,0.00527,0.00060,0.00183,0.01332
1403636751.063538551330566,0.00713,0.00060,0.00003,0.00908,0.00008,0.00362,0.02054
1403636751.113538980484009,0.00651,0.00030,0.00002,0.00563,0.00069,0.00225,0.01541
1403636751.163540601730347,0.00633,0.00048,0.00029,0.00573,0.00030,0.00182,0.01495
1403636751.213542938232422,0.00758,0.00036,0.00390,0.00879,0.00017,0.00322,0.02403
1403636751.263543367385864,0.00636,0.00053,0.00746,0.00533,0.00045,0.00197,0.02210
1403636751.363543272018433,0.00633,0.00045,0.00007,0.00568,0.00146,0.00229,0.01629
1403636751.413542985916138,0.00658,0.00021,0.00002,0.00574,0.00000,0.00194,0.01449
1403636751.463542938232422,0.00640,0.00022,0.00405,0.00563,0.00127,0.00240,0.01997
1403636751.513542890548706,0.00665,0.00020,0.00004,0.00623,0.00000,0.00173,0.01485
1403636751.563542604446411,0.00696,0.00032,0.00003,0.00649,0.00004,0.00196,0.01581
1403636751.613542318344116,0.00647,0.00022,0.00180,0.00595,0.00007,0.00202,0.01654
1403636751.663542032241821,0.00668,0.00022,0.00006,0.00646,0.00064,0.00247,0.01653
1403636751.713541984558105,0.00655,0.00053,0.00003,0.01366,0.00010,0.00290,0.02376
1403636751.763541698455811,0.00604,0.00029,0.00013,0.00614,0.00004,0.00186,0.01451
1403636751.813541412353516,0.00644,0.00037,0.00044,0.00625,0.00004,0.00254,0.01608
1403636751.863541126251221,0.00591,0.00028,0.00131,0.00606,0.00004,0.00199,0.01560
1403636751.913542032241821,0.00637,0.00031,0.00678,0.00553,0.00038,0.00207,0.02144
1403636751.963542938232422,0.00687,0.00030,0.00002,0.00911,0.00006,0.00313,0.01951
1403636752.013543367385864,0.00594,0.00023,0.00002,0.00582,0.00000,0.00215,0.01415
1403636752.063544511795044,0.00628,0.00036,0.00684,0.00991,0.00014,0.00294,0.02647
1403636752.113545656204224,0.00592,0.00027,0.00002,0.00844,0.00000,0.00259,0.01725
1403636752.163546323776245,0.00624,0.00021,0.00003,0.00565,0.00004,0.00228,0.01446
1403636752.213546037673950,0.00571,0.00018,0.00053,0.00538,0.00010,0.00186,0.01376
1403636752.263545274734497,0.00595,0.00028,0.00002,0.00576,0.00000,0.00213,0.01415
1403636752.313544750213623,0.00607,0.00030,0.00003,0.00597,0.00005,0.00222,0.01464
1403636752.363543987274170,0.00587,0.00019,0.00019,0.00475,0.00008,0.00212,0.01320
1403636752.413542747497559,0.00694,0.00043,0.00160,0.00791,0.00047,0.00308,0.02044
1403636752.463542222976685,0.00592,0.00026,0.00171,0.00448,0.00016,0.00225,0.01478
1403636752.513540983200073,0.00693,0.00042,0.00852,0.00650,0.00104,0.00294,0.02636
1403636752.563539981842041,0.00560,0.00020,0.00018,0.00417,0.00022,0.00241,0.01277
1403636752.613539218902588,0.00569,0.00035,0.00008,0.00393,0.00000,0.00180,0.01185
1403636752.663537502288818,0.01090,0.00052,0.00016,0.00663,0.00402,0.00354,0.02576
1403636752.713536977767944,0.00767,0.00020,0.00013,0.00413,0.00000,0.00249,0.01462
1403636752.763537168502808,0.00858,0.00037,0.00004,0.00917,0.00008,0.00400,0.02223
1403636752.813535928726196,0.00818,0.00020,0.00006,0.00392,0.00147,0.00212,0.01595
1403636752.863536119461060,0.00847,0.00041,0.00014,0.00733,0.00000,0.00370,0.02005
1403636752.913536310195923,0.00737,0.00020,0.00002,0.00396,0.00005,0.00222,0.01383
1403636752.963536024093628,0.00878,0.00051,0.00103,0.00692,0.00015,0.00374,0.02113
1403636753.013535737991333,0.00683,0.00020,0.00013,0.00358,0.00033,0.00223,0.01330
1403636753.063535451889038,0.00726,0.00054,0.00041,0.00776,0.00050,0.00388,0.02036
1403636753.113535404205322,0.00673,0.00030,0.00236,0.00334,0.00474,0.00228,0.01975
1403636753.163534879684448,0.00771,0.00040,0.00046,0.00697,0.00010,0.00358,0.01922
1403636753.213535308837891,0.00689,0.00034,0.01563,0.00529,0.00527,0.00258,0.03599
1403636753.263535261154175,0.00661,0.00037,0.00057,0.00757,0.00042,0.00354,0.01909
1403636753.313535213470459,0.00676,0.00044,0.00004,0.00631,0.00000,0.00261,0.01615
1403636753.363535404205322,0.00639,0.00034,0.00003,0.00322,0.00005,0.00201,0.01204
1403636753.413535833358765,0.00689,0.00037,0.00015,0.00633,0.00045,0.00356,0.01774
1403636753.463536500930786,0.00572,0.00020,0.00008,0.00272,0.00003,0.00194,0.01069
1403636753.513536930084229,0.00632,0.00034,0.00022,0.00559,0.00011,0.00351,0.01609
1403636753.563537120819092,0.00617,0.00030,0.00004,0.00287,0.00011,0.00224,0.01173
1403636753.613537549972534,0.00618,0.00032,0.00003,0.00313,0.00017,0.00194,0.01176
1403636753.663538217544556,0.00601,0.00028,0.00010,0.00394,0.00026,0.00192,0.01253
1403636753.713539361953735,0.00637,0.00034,0.00003,0.00470,0.00250,0.00293,0.01687
1403636753.763539314270020,0.00618,0.00034,0.00003,0.00621,0.00013,0.00359,0.01648
1403636753.813538551330566,0.00609,0.00030,0.00351,0.00270,0.00744,0.00208,0.02213
1403636753.863539457321167,0.00684,0.00041,0.00003,0.00753,0.00033,0.00354,0.01869
1403636753.913540124893188,0.00622,0.00047,0.00002,0.00467,0.00000,0.00194,0.01333
1403636753.963540554046631,0.00505,0.00021,0.00002,0.00605,0.00009,0.00323,0.01465
1403636754.013540744781494,0.00601,0.00025,0.00002,0.00582,0.00047,0.00277,0.01534
1403636754.063540697097778,0.00570,0.00038,0.00002,0.00390,0.00005,0.00208,0.01213
1403636754.113540887832642,0.00565,0.00029,0.00002,0.00413,0.00008,0.00212,0.01230
1403636754.163541316986084,0.00704,0.00059,0.00003,0.00785,0.00018,0.00319,0.01888
1403636754.213541746139526,0.00632,0.00030,0.00003,0.00391,0.00015,0.00198,0.01269
1403636754.263542175292969,0.00553,0.00019,0.00002,0.00382,0.00024,0.00193,0.01173
1403636754.313543081283569,0.00559,0.00034,0.00002,0.00393,0.00047,0.00225,0.01261
1403636754.363543748855591,0.00602,0.00036,0.00003,0.00633,0.00009,0.00304,0.01588
1403636754.413545131683350,0.00602,0.00029,0.00273,0.00340,0.00411,0.00218,0.01872
1403636754.463545560836792,0.00689,0.00036,0.00012,0.00668,0.00049,0.00330,0.01784
1403636754.513545513153076,0.00603,0.00027,0.00008,0.00430,0.00001,0.00188,0.01257
1403636754.563544988632202,0.00585,0.00020,0.00002,0.00435,0.00004,0.00224,0.01271
1403636754.613544225692749,0.00541,0.00021,0.00006,0.00434,0.00028,0.00206,0.01237
1403636754.663543462753296,0.00637,0.00030,0.00002,0.00734,0.00008,0.00296,0.01708
1403636754.713542461395264,0.00587,0.00030,0.00009,0.00704,0.00013,0.00301,0.01644
1403636754.763541460037231,0.00558,0.00019,0.00012,0.00414,0.00013,0.00213,0.01230
1403636754.813541173934937,0.00549,0.00018,0.00001,0.00413,0.00010,0.00208,0.01199
1403636754.863541364669800,0.00480,0.00020,0.00010,0.00401,0.00025,0.00220,0.01155
1403636754.913541555404663,0.00659,0.00039,0.00003,0.00829,0.00104,0.00334,0.01968
1403636754.963542222976685,0.00528,0.00021,0.00011,0.00395,0.00075,0.00184,0.01214
1403636755.013542652130127,0.00645,0.00031,0.00029,0.00691,0.00959,0.00186,0.02540
1403636755.063543081283569,0.00528,0.00026,0.00018,0.00513,0.00014,0.00164,0.01263
1403636755.113543510437012,0.01059,0.00058,0.00006,0.00852,0.00006,0.00331,0.02313
1403636755.163543701171875,0.00780,0.00020,0.00018,0.00487,0.00004,0.00223,0.01533
1403636755.213544368743896,0.00762,0.00020,0.00013,0.00465,0.00029,0.00193,0.01482
1403636755.263544321060181,0.00812,0.00042,0.00003,0.00865,0.00000,0.00369,0.02091
1403636755.313543796539307,0.00713,0.00034,0.00008,0.00427,0.00008,0.00194,0.01385
1403636755.363543987274170,0.00814,0.00042,0.00113,0.00782,0.00117,0.00385,0.02254
1403636755.413544178009033,0.00685,0.00036,0.00041,0.00442,0.00029,0.00224,0.01457
1403636755.463545322418213,0.00700,0.00022,0.00002,0.00456,0.00089,0.00254,0.01523
1403636755.513546705245972,0.00688,0.00028,0.00054,0.00486,0.00052,0.00233,0.01541
1403636755.563548088073730,0.00787,0.00040,0.00254,0.00761,0.00225,0.00377,0.02444
1403636755.613548517227173,0.00705,0.00030,0.00002,0.00472,0.00022,0.00231,0.01462
1403636755.663548469543457,0.00695,0.00032,0.01537,0.00451,0.00809,0.00172,0.03696
1403636755.713548660278320,0.00631,0.00018,0.00005,0.00629,0.00000,0.00177,0.01460
1403636755.763548612594604,0.00717,0.00022,0.00007,0.00625,0.00000,0.00213,0.01584
1403636755.813548564910889,0.00626,0.00020,0.00044,0.00618,0.00000,0.00233,0.01543
1403636755.863548994064331,0.00706,0.00027,0.00002,0.00624,0.00000,0.00271,0.01630
1403636755.913548946380615,0.00727,0.00048,0.00016,0.00598,0.00000,0.00293,0.01683
1403636755.963549375534058,0.00799,0.00054,0.00319,0.01001,0.00004,0.00343,0.02520
1403636756.013549327850342,0.00669,0.00019,0.00008,0.00558,0.00130,0.00259,0.01645
1403636756.063549518585205,0.00758,0.00047,0.00036,0.00570,0.00004,0.00218,0.01633
1403636756.113549232482910,0.00817,0.00049,0.00168,0.00990,0.00006,0.00330,0.02360
1403636756.163549184799194,0.00731,0.00032,0.00080,0.00573,0.00023,0.00263,0.01703
1403636756.213549852371216,0.00731,0.00022,0.00016,0.00547,0.00009,0.00198,0.01523
1403636756.263551235198975,0.00814,0.00047,0.02029,0.00552,0.00354,0.00217,0.04013
1403636756.313551187515259,0.00722,0.00031,0.00011,0.00663,0.00000,0.00276,0.01703
1403636756.363552331924438,0.00710,0.00025,0.00007,0.00641,0.00000,0.00208,0.01592
1403636756.413553237915039,0.00825,0.00082,0.00085,0.01132,0.00000,0.00455,0.02579
1403636756.463555335998535,0.00688,0.00038,0.00002,0.00634,0.00000,0.00193,0.01555
1403636756.513556718826294,0.00655,0.00021,0.00014,0.00640,0.00000,0.00216,0.01547
1403636756.563556909561157,0.00747,0.00048,0.00392,0.00639,0.00000,0.00274,0.02100
1403636756.613556861877441,0.00758,0.00087,0.00112,0.01037,0.00000,0.00391,0.02385
1403636756.663555860519409,0.00678,0.00039,0.00016,0.00640,0.00000,0.00207,0.01581
1403636756.713555574417114,0.00635,0.00018,0.00099,0.00607,0.00000,0.00183,0.01543
1403636756.763555765151978,0.00685,0.00053,0.00325,0.01275,0.00000,0.00310,0.02648
1403636756.813555717468262,0.00720,0.00082,0.00060,0.01259,0.00033,0.00390,0.02543
1403636756.863556146621704,0.00743,0.00042,0.01958,0.00558,0.00001,0.00168,0.03470
1403636756.913556098937988,0.00707,0.00031,0.00022,0.00890,0.00006,0.00280,0.01936
1403636756.963555574417114,0.00636,0.00024,0.00004,0.00568,0.00004,0.00202,0.01438
1403636757.013556003570557,0.00599,0.00022,0.00007,0.00550,0.00127,0.00180,0.01485
1403636757.063555717468262,0.00660,0.00034,0.00016,0.00980,0.00003,0.00317,0.02010
1403636757.113555908203125,0.00656,0.00037,0.00020,0.01130,0.00019,0.00367,0.02229
1403636757.163555622100830,0.00643,0.00030,0.00127,0.00587,0.00356,0.00196,0.01940
1403636757.213555812835693,0.00599,0.00029,0.00009,0.00983,0.00006,0.00279,0.01905
1403636757.263555765151978,0.00619,0.00045,0.00083,0.00683,0.00004,0.00200,0.01635
1403636757.313555240631104,0.00729,0.00055,0.00254,0.01104,0.00005,0.00319,0.02465
1403636757.363554954528809,0.00586,0.00022,0.00127,0.00561,0.00020,0.00184,0.01501
1403636757.413554906845093,0.00647,0.00031,0.00054,0.00544,0.00003,0.00173,0.01451
1403636757.463555574417114,0.00624,0.00075,0.00894,0.00467,0.00117,0.00248,0.02425
1403636757.513555765151978,0.00682,0.00027,0.00016,0.00499,0.00064,0.00214,0.01501
1403636757.563555479049683,0.00586,0.00021,0.00014,0.00467,0.00006,0.00185,0.01279
1403636757.613555431365967,0.01003,0.00031,0.00017,0.00474,0.00011,0.00238,0.01775
1403636757.663555383682251,0.00799,0.00037,0.00025,0.00852,0.00011,0.00417,0.02142
1403636757.713555574417114,0.00724,0.00028,0.00037,0.00405,0.00060,0.00218,0.01472
1403636757.763555288314819,0.00669,0.00025,0.00017,0.00347,0.00059,0.00225,0.01343
1403636757.813554525375366,0.00651,0.00019,0.00044,0.00347,0.00008,0.00198,0.01266
1403636757.863553524017334,0.00790,0.00021,0.00003,0.00327,0.00005,0.00209,0.01355
1403636757.913550853729248,0.00647,0.00020,0.00006,0.00300,0.00146,0.00238,0.01356
1403636757.963549137115479,0.00612,0.00018,0.00037,0.00292,0.00017,0.00197,0.01173
1403636758.013543367385864,0.00692,0.00035,0.00083,0.00274,0.00016,0.00206,0.01306
1403636758.063537359237671,0.00648,0.00020,0.00204,0.00279,0.01206,0.00210,0.02566
1403636758.113535642623901,0.00846,0.00041,0.00029,0.00914,0.00006,0.00317,0.02153
1403636758.163532018661499,0.00623,0.00020,0.00895,0.00425,0.00617,0.00207,0.02788
1403636758.263533592224121,0.00662,0.00050,0.00046,0.00593,0.00007,0.00204,0.01563
1403636758.313535213470459,0.00587,0.00033,0.00006,0.00509,0.00064,0.00177,0.01377
1403636758.363537073135376,0.00587,0.00020,0.00007,0.00518,0.00119,0.00217,0.01469
1403636758.413539171218872,0.00705,0.00044,0.00029,0.00739,0.00011,0.00277,0.01805
1403636758.463542222976685,0.00613,0.00022,0.00052,0.00418,0.00116,0.00181,0.01401
1403636758.513542652130127,0.00987,0.00047,0.00023,0.00631,0.00168,0.00197,0.02054
1403636758.563543319702148,0.00706,0.00041,0.00034,0.00668,0.00139,0.00367,0.01954
1403636758.613543510437012,0.00696,0.00022,0.00037,0.00378,0.00127,0.00197,0.01457
1403636758.663543224334717,0.00708,0.00051,0.00016,0.00921,0.00068,0.00312,0.02076
1403636758.713542699813843,0.00665,0.00022,0.00012,0.00461,0.00226,0.00242,0.01628
1403636758.763541936874390,0.00667,0.00032,0.00003,0.00459,0.00000,0.00221,0.01382
1403636758.813540697097778,0.00617,0.00033,0.00551,0.00402,0.00896,0.00229,0.02729
1403636758.863539695739746,0.00546,0.00018,0.00035,0.00581,0.00005,0.00173,0.01358
1403636758.913539886474609,0.00644,0.00034,0.00015,0.00555,0.00004,0.00235,0.01489
1403636758.963540554046631,0.00647,0.00020,0.00079,0.00544,0.00000,0.00213,0.01503
1403636759.013540744781494,0.00642,0.00023,0.00089,0.00543,0.00008,0.00242,0.01548
1403636759.063541650772095,0.00636,0.00034,0.00859,0.00494,0.00354,0.00190,0.02569
1403636759.113542079925537,0.00777,0.00059,0.00051,0.00988,0.00190,0.00399,0.02464
1403636759.163540840148926,0.00706,0.00034,0.00191,0.00580,0.00005,0.00190,0.01707
1403636759.213540792465210,0.00639,0.00039,0.00011,0.00543,0.00023,0.00274,0.01528
1403636759.263540506362915,0.00642,0.00034,0.00010,0.00544,0.00013,0.00203,0.01445
1403636759.313540220260620,0.00652,0.00055,0.00062,0.00792,0.00038,0.00360,0.01960
1403636759.363539695739746,0.00651,0.00038,0.00029,0.00475,0.00000,0.00217,0.01411
1403636759.413537979125977,0.00610,0.00027,0.00301,0.00424,0.00433,0.00227,0.02022
1403636759.463537693023682,0.00814,0.00039,0.00024,0.00537,0.00090,0.00212,0.01717
1403636759.513536691665649,0.00690,0.00020,0.00018,0.00453,0.00004,0.00230,0.01416
1403636759.563536643981934,0.00661,0.00028,0.00018,0.00497,0.00000,0.00238,0.01442
1403636759.613535881042480,0.00603,0.00034,0.00018,0.00423,0.00008,0.00214,0.01300
1403636759.663533687591553,0.00618,0.00027,0.00223,0.00409,0.00876,0.00201,0.02355
1403636759.713534355163574,0.00668,0.00038,0.00093,0.00974,0.00007,0.00346,0.02127
1403636759.763535499572754,0.00582,0.00035,0.00227,0.00912,0.00016,0.00275,0.02047
1403636759.813536167144775,0.00579,0.00028,0.00002,0.00536,0.00000,0.00214,0.01361
1403636759.863535881042480,0.00611,0.00024,0.00029,0.00512,0.00010,0.00180,0.01367
1403636759.913535594940186,0.00584,0.00039,0.00077,0.00773,0.00106,0.00248,0.01827
1403636759.963535308837891,0.00616,0.00033,0.00003,0.00541,0.00000,0.00202,0.01394
1403636760.013537406921387,0.00717,0.00034,0.01139,0.00752,0.00142,0.00257,0.03041
1403636760.063537359237671,0.00678,0.00031,0.00002,0.00598,0.00008,0.00185,0.01502
1403636760.113536834716797,0.00671,0.00036,0.00024,0.00578,0.00022,0.00246,0.01577
1403636760.163537502288818,0.00613,0.00020,0.00001,0.00588,0.00000,0.00218,0.01441
1403636760.213538646697998,0.00447,0.00022,0.00015,0.00564,0.00015,0.00206,0.01270
1403636760.263539552688599,0.00446,0.00023,0.00071,0.00563,0.00070,0.00187,0.01360
1403636760.313539981842041,0.00447,0.00021,0.00021,0.00554,0.00008,0.00204,0.01255
1403636760.363540410995483,0.00419,0.00020,0.00009,0.00475,0.00019,0.00184,0.01127
1403636760.413541078567505,0.00472,0.00032,0.00008,0.00563,0.00003,0.00176,0.01253
1403636760.463541507720947,0.00376,0.00019,0.00009,0.00448,0.00015,0.00178,0.01045
1403636760.513541698455811,0.00429,0.00034,0.00065,0.00447,0.00012,0.00235,0.01223
1403636760.563541889190674,0.00576,0.00029,0.00009,0.00412,0.00001,0.00171,0.01199
1403636760.613543033599854,0.00364,0.00020,0.00482,0.00396,0.00549,0.00175,0.01986
1403636760.663542985916138,0.00997,0.00046,0.00047,0.00758,0.00037,0.00346,0.02233
1403636760.713542938232422,0.00676,0.00020,0.00023,0.00568,0.00006,0.00191,0.01484
1403636760.763542890548706,0.00688,0.00028,0.00037,0.00484,0.00015,0.00181,0.01434
1403636760.813542842864990,0.00605,0.00020,0.00036,0.00442,0.00046,0.00192,0.01341
1403636760.863543033599854,0.00614,0.00019,0.00010,0.00426,0.00086,0.00188,0.01344
1403636760.913542747497559,0.00616,0.00029,0.00035,0.00387,0.00014,0.00194,0.01276
1403636760.963542699813843,0.00631,0.00033,0.00007,0.00382,0.00021,0.00209,0.01283
1403636761.013542890548706,0.00638,0.00027,0.00082,0.00369,0.00001,0.00212,0.01327
1403636761.063543558120728,0.00674,0.00027,0.00059,0.00592,0.00021,0.00304,0.01678
1403636761.113544464111328,0.00633,0.00027,0.00039,0.00378,0.00013,0.00237,0.01327
1403636761.163544893264771,0.00614,0.00026,0.00051,0.00289,0.00000,0.00199,0.01179
1403636761.213544130325317,0.00628,0.00031,0.01121,0.00347,0.00971,0.00208,0.03306
1403636761.263543605804443,0.00579,0.00029,0.00034,0.00247,0.00018,0.00226,0.01133
1403636761.313542842864990,0.00679,0.00034,0.00035,0.00476,0.00015,0.00390,0.01629
1403636761.363542556762695,0.00621,0.00030,0.00026,0.00219,0.00094,0.00221,0.01211
1403636761.413541793823242,0.00617,0.00028,0.00029,0.00332,0.00029,0.00335,0.01371
1403636761.463541269302368,0.00617,0.00024,0.00040,0.00203,0.00023,0.00238,0.01145
1403636761.513540983200073,0.00563,0.00019,0.00021,0.00235,0.00101,0.00245,0.01186
1403636761.563540697097778,0.00605,0.00025,0.00070,0.00312,0.00047,0.00315,0.01375
1403636761.613540649414062,0.00525,0.00028,0.00050,0.00259,0.00000,0.00228,0.01090
1403636761.663540363311768,0.00568,0.00032,0.00150,0.00337,0.00043,0.00262,0.01391
1403636761.713539361953735,0.00602,0.00026,0.00115,0.00183,0.00054,0.00177,0.01157
1403636761.763539075851440,0.00763,0.00018,0.00006,0.00174,0.00000,0.00227,0.01187
1403636761.813535451889038,0.00653,0.00025,0.00922,0.00272,0.01431,0.00164,0.03468
1403636761.863535642623901,0.00629,0.00034,0.00064,0.00264,0.00017,0.00232,0.01242
1403636761.913535356521606,0.00570,0.00035,0.00037,0.00543,0.00015,0.00357,0.01557
1403636761.963535308837891,0.00576,0.00031,0.00034,0.00534,0.00108,0.00275,0.01559
1403636762.013534784317017,0.00614,0.00030,0.00040,0.00351,0.00005,0.00197,0.01237
1403636762.063534498214722,0.00579,0.00027,0.00036,0.00290,0.00006,0.00212,0.01150
1403636762.113534212112427,0.00619,0.00044,0.00026,0.00471,0.00086,0.00270,0.01516
1403636762.163534879684448,0.00397,0.00019,0.00026,0.00303,0.00015,0.00249,0.01009
1403636762.213536262512207,0.00520,0.00019,0.00002,0.00300,0.00000,0.00194,0.01036
1403636762.263538360595703,0.00666,0.00051,0.00003,0.00601,0.00265,0.00328,0.01915
1403636762.313538789749146,0.00587,0.00023,0.00019,0.00304,0.00307,0.00188,0.01428
1403636762.363538742065430,0.00524,0.00031,0.00005,0.00366,0.00000,0.00235,0.01161
1403636762.413538455963135,0.00601,0.00032,0.01083,0.00524,0.00690,0.00325,0.03257
1403636762.463536500930786,0.00599,0.00022,0.00002,0.00380,0.00065,0.00201,0.01270
1403636762.513534307479858,0.00716,0.00036,0.00025,0.00329,0.00006,0.00245,0.01358
1403636762.563532590866089,0.00735,0.00039,0.00064,0.00572,0.00111,0.00338,0.01859
1403636762.613531589508057,0.00636,0.00033,0.00017,0.00328,0.00016,0.00228,0.01258
1403636762.663531064987183,0.00671,0.00037,0.00036,0.00329,0.00006,0.00227,0.01306
1403636762.713530302047729,0.00690,0.00045,0.00020,0.00514,0.00010,0.00399,0.01678
1403636762.763529777526855,0.00671,0.00019,0.00137,0.00220,0.00075,0.00219,0.01342
1403636762.813530445098877,0.00870,0.00028,0.00131,0.00171,0.00012,0.00202,0.01414
1403636762.863533735275269,0.00661,0.00024,0.00088,0.00183,0.00008,0.00192,0.01157
1403636762.913532018661499,0.00687,0.00018,0.00087,0.00106,0.00120,0.00179,0.01196
1403636762.963531017303467,0.00700,0.00018,0.00194,0.00071,0.00000,0.00203,0.01186
1403636763.013530731201172,0.00822,0.00029,0.00059,0.00088,0.00045,0.00285,0.01328
1403636763.063531160354614,0.00681,0.00018,0.00021,0.00038,0.00087,0.00192,0.01039
1403636763.113530635833740,0.01486,0.00016,0.00072,0.00018,0.00003,0.00151,0.01747
1403636763.163530588150024,0.00891,0.00036,0.00039,0.00040,0.00003,0.00371,0.01380
1403636763.213533401489258,0.01012,0.00033,0.00014,0.00043,0.00163,0.00272,0.01537
1403636763.263532400131226,0.00645,0.00018,0.00026,0.00019,0.00004,0.00212,0.00923
1403636763.313534498214722,0.00580,0.00024,0.00008,0.00027,0.00064,0.00210,0.00913
1403636763.363535642623901,0.00569,0.00027,0.00009,0.00026,0.00028,0.00227,0.00886
1403636763.413535833358765,0.00567,0.00016,0.00007,0.00011,0.00051,0.00186,0.00839
1403636763.463536024093628,0.00645,0.00036,0.00010,0.00016,0.00028,0.00462,0.01196
1403636763.513536214828491,0.00489,0.00019,0.00004,0.00012,0.00030,0.00192,0.00746
1403636763.563536167144775,0.00453,0.00016,0.00001,0.00010,0.00014,0.00217,0.00711
1403636763.613536119461060,0.00588,0.00022,0.00002,0.00014,0.00123,0.00194,0.00944
1403636763.663536071777344,0.00453,0.00017,0.00003,0.00007,0.00018,0.00172,0.00671
1403636763.713536262512207,0.00461,0.00017,0.00002,0.00009,0.00197,0.00176,0.00862
1403636763.763536214828491,0.00495,0.00028,0.00002,0.00013,0.00152,0.00215,0.00905
