# timestamp(s) tx ty tz qx qy qz qw Pr11 Pr12 Pr13 Pr22 Pr23 Pr33 Pt11 Pt12 Pt13 Pt22 Pt23 Pt33
1403637149.98715 0.001110 -0.012586 0.008474 -0.823909 -0.007464 -0.565601 0.034837 0.0006921802 -0.0000188122 -0.0001597658 0.0000841832 -0.0000075314 0.0001393501 0.0027387982 -0.0000040298 -0.0000250791 0.0026342206 -0.0000109625 0.0025504289
1403637150.03679 -0.010233 -0.018269 0.013529 -0.832162 -0.017208 -0.553311 0.032512 0.0004337063 -0.0000225956 -0.0001641794 0.0000168644 0.0000099818 0.0000754898 0.0025516200 0.0000018530 -0.0000043587 0.0025322849 -0.0000013846 0.0025332755
1403637150.08619 -0.004160 -0.026144 0.013293 -0.836173 -0.019418 -0.547477 0.026574 0.0003807221 -0.0000115322 -0.0001595871 0.0000089356 0.0000059691 0.0000765462 0.0025283951 -0.0000015721 -0.0000026485 0.0025225743 0.0000001576 0.0025255981
1403637150.13629 -0.001851 -0.036401 0.020373 -0.839654 -0.022410 -0.542250 0.021076 0.0003798151 -0.0000074198 -0.0001629763 0.0000090009 0.0000042019 0.0000792597 0.0025276490 -0.0000012762 -0.0000024803 0.0025210696 0.0000000728 0.0025251221
1403637150.18643 0.003805 -0.047976 0.030935 -0.841245 -0.023184 -0.539937 0.015416 0.0003773757 -0.0000036607 -0.0001648567 0.0000081397 0.0000019863 0.0000801445 0.0025264801 -0.0000009607 -0.0000018229 0.0025196821 -0.0000000872 0.0025243818
1403637150.23635 0.012227 -0.058660 0.043931 -0.841504 -0.023491 -0.539612 0.011746 0.0003747757 -0.0000005667 -0.0001653178 0.0000070211 -0.0000000331 0.0000800863 0.0025256846 -0.0000005281 -0.0000010466 0.0025191754 0.0000000182 0.0025232142
1403637150.28650 0.023325 -0.067552 0.058056 -0.839229 -0.022100 -0.543235 0.010049 0.0003757852 0.0000012174 -0.0001636429 0.0000067852 -0.0000008669 0.0000781253 0.0025254556 -0.0000001695 -0.0000006766 0.0025192177 0.0000001223 0.0025224067
1403637150.33682 0.035855 -0.076929 0.072640 -0.836707 -0.020125 -0.547213 0.008585 0.0003791602 0.0000019202 -0.0001612481 0.0000066298 -0.0000011848 0.0000752133 0.0025254898 0.0000002890 -0.0000005337 0.0025195157 0.0000002113 0.0025215653
1403637150.38681 0.049885 -0.085258 0.088919 -0.832133 -0.017129 -0.554226 0.009798 0.0003820336 0.0000000403 -0.0001547591 0.0000065169 -0.0000003179 0.0000690395 0.0025256797 0.0000008809 -0.0000004057 0.0025199476 0.0000003045 0.0025206359
1403637150.43702 0.065379 -0.093651 0.105257 -0.828443 -0.014093 -0.559816 0.009404 0.0003864079 -0.0000011599 -0.0001511577 0.0000066020 0.0000001634 0.0000653760 0.0025261682 0.0000015063 -0.0000003071 0.0025207227 0.0000003763 0.0025196660
1403637150.48726 0.081434 -0.102648 0.121555 -0.825728 -0.012855 -0.563855 0.008707 0.0003904430 -0.0000011327 -0.0001486671 0.0000066944 0.0000000902 0.0000628229 0.0025270414 0.0000023597 -0.0000002678 0.0025218622 0.0000005319 0.0025187031
1403637150.53714 0.099553 -0.112297 0.136398 -0.824071 -0.014763 -0.566195 0.010627 0.0003854893 -0.0000015337 -0.0001436806 0.0000069072 0.0000002051 0.0000598919 0.0025280357 0.0000033854 -0.0000000735 0.0025234414 0.0000005242 0.0025178857
1403637150.58746 0.117663 -0.121174 0.152590 -0.823645 -0.013916 -0.566840 0.010361 0.0003867234 -0.0000015898 -0.0001431775 0.0000070599 0.0000001743 0.0000594587 0.0025295504 0.0000045187 -0.0000000117 0.0025256070 0.0000005369 0.0025168108
1403637150.63722 0.133408 -0.126845 0.167104 -0.822690 -0.011866 -0.568313 0.007840 0.0003719422 -0.0000023149 -0.0001383337 0.0000064873 0.0000004258 0.0000575018 0.0025307612 0.0000061036 0.0000003367 0.0025268327 0.0000001626 0.0025147677
1403637150.68723 0.151150 -0.134366 0.181042 -0.822486 -0.011317 -0.568628 0.007088 0.0003719947 -0.0000014479 -0.0001374694 0.0000065922 0.0000000526 0.0000569193 0.0025323224 0.0000070170 0.0000006018 0.0025291820 0.0000000555 0.0025142357
1403637150.73750 0.165499 -0.140711 0.195251 -0.821904 -0.009441 -0.569532 0.004306 0.0003705736 -0.0000003587 -0.0001370348 0.0000063497 -0.0000003900 0.0000566641 0.0025338112 0.0000084872 0.0000009942 0.0025313405 -0.0000001797 0.0025133812
1403637150.78758 0.183294 -0.148331 0.208587 -0.821735 -0.008829 -0.569793 0.003172 0.0003672578 0.0000005403 -0.0001348191 0.0000060553 -0.0000007525 0.0000554368 0.0025349449 0.0000097295 0.0000015592 0.0025332081 -0.0000004919 0.0025128727
1403637150.83752 0.198340 -0.153908 0.220779 -0.820451 -0.008197 -0.571658 0.000701 0.0003666517 0.0000015298 -0.0001337941 0.0000058314 -0.0000010245 0.0000545662 0.0025360497 0.0000118096 0.0000016993 0.0025353893 -0.0000001610 0.0025125368
1403637150.88755 0.215524 -0.160759 0.233486 0.818155 0.008058 0.574941 0.000370 0.0003674821 0.0000023816 -0.0001303308 0.0000057740 -0.0000013129 0.0000519289 0.0025374569 0.0000130186 0.0000019402 0.0025379259 -0.0000000548 0.0025124736
1403637150.93769 0.230941 -0.167930 0.244044 0.815671 0.006668 0.578476 0.001547 0.0003679826 0.0000026710 -0.0001272567 0.0000057138 -0.0000013724 0.0000497135 0.0025390826 0.0000145161 0.0000020808 0.0025414042 0.0000000379 0.0025124179
1403637150.98774 0.244632 -0.171950 0.254213 0.813046 0.006017 0.582162 0.002830 0.0003693155 0.0000029061 -0.0001243423 0.0000055870 -0.0000013321 0.0000474209 0.0025401901 0.0000165184 0.0000021810 0.0025438139 0.0000002284 0.0025124913
1403637151.03775 0.260745 -0.178011 0.263725 0.811045 0.006094 0.584945 0.002867 0.0003708032 0.0000032774 -0.0001216281 0.0000056440 -0.0000014442 0.0000454890 0.0025423602 0.0000173054 0.0000025243 0.0025471249 0.0000002987 0.0025126936
1403637151.08772 0.275700 -0.183834 0.272821 0.808802 0.006501 0.588036 0.003187 0.0003720170 0.0000036741 -0.0001191295 0.0000056359 -0.0000014706 0.0000436058 0.0025442698 0.0000193990 0.0000029401 0.0025499406 0.0000001934 0.0025128879
1403637151.13771 0.290376 -0.189357 0.281064 0.806230 0.006915 0.591552 0.003487 0.0003737482 0.0000040497 -0.0001160768 0.0000057037 -0.0000015517 0.0000415541 0.0025472528 0.0000206961 0.0000034304 0.0025542008 0.0000001949 0.0025132446
1403637151.18774 0.302460 -0.197391 0.287734 0.805332 0.007159 0.592773 0.003030 0.0003739605 0.0000041314 -0.0001151704 0.0000056999 -0.0000015841 0.0000409478 0.0025497397 0.0000218699 0.0000038185 0.0025572754 0.0000000592 0.0025136457
1403637151.23802 0.307890 -0.194495 0.295346 0.806668 0.007057 0.590951 0.003627 0.0003715721 0.0000036711 -0.0001166374 0.0000054198 -0.0000013993 0.0000419053 0.0025489670 0.0000240128 0.0000038595 0.0025576469 -0.0000005996 0.0025137677
1403637151.28805 0.317300 -0.197320 0.304748 0.808714 0.006290 0.588165 0.002179 0.0003697028 0.0000030602 -0.0001184418 0.0000053289 -0.0000012067 0.0000432490 0.0025481957 0.0000237219 0.0000042325 0.0025581906 -0.0000007715 0.0025141913
1403637151.33811 0.325881 -0.200328 0.315814 -0.811169 -0.004083 -0.584796 0.000961 0.0003671175 0.0000002806 -0.0001209536 0.0000051844 -0.0000002872 0.0000451702 0.0025477618 0.0000246226 0.0000045339 0.0025598141 -0.0000008421 0.0025146024
1403637151.38809 0.336289 -0.204065 0.330426 -0.813618 -0.000805 -0.581367 0.006188 0.0003648671 -0.0000043772 -0.0001233315 0.0000051863 0.0000013215 0.0000470249 0.0025483310 0.0000254614 0.0000049649 0.0025613520 -0.0000009288 0.0025151693
1403637151.43806 0.347523 -0.207446 0.348569 -0.815574 0.002019 -0.578559 0.010262 0.0003627218 -0.0000081660 -0.0001252490 0.0000052615 0.0000027015 0.0000485931 0.0025491066 0.0000267545 0.0000053580 0.0025636545 -0.0000009102 0.0025157546
1403637151.48805 0.357700 -0.212766 0.367890 -0.816660 0.000874 -0.577053 0.008641 0.0003614204 -0.0000065616 -0.0001264676 0.0000051767 0.0000021796 0.0000496057 0.0025505849 0.0000281188 0.0000059187 0.0025664414 -0.0000009226 0.0025164806
1403637151.53812 0.366012 -0.223182 0.387586 -0.817191 0.000467 -0.576304 0.008510 0.0003602803 -0.0000059432 -0.0001270612 0.0000051076 0.0000019744 0.0000501400 0.0025518669 0.0000295140 0.0000063567 0.0025685533 -0.0000008282 0.0025171864
1403637151.58811 0.375966 -0.228910 0.405110 -0.817353 -0.000165 -0.576098 0.006704 0.0003600540 -0.0000050006 -0.0001270207 0.0000050835 0.0000016340 0.0000501634 0.0025555124 0.0000316019 0.0000069330 0.0025713368 -0.0000009816 0.0025180906
1403637151.63810 0.385899 -0.235815 0.421448 -0.817523 -0.001152 -0.575871 0.005234 0.0003596454 -0.0000035993 -0.0001271484 0.0000050512 0.0000011326 0.0000503191 0.0025581449 0.0000331470 0.0000074701 0.0025746524 -0.0000011935 0.0025190197
1403637151.68809 0.395793 -0.243439 0.436507 -0.817223 -0.001867 -0.576305 0.003931 0.0003597105 -0.0000024595 -0.0001267647 0.0000050229 0.0000007195 0.0000500371 0.0025608553 0.0000349576 0.0000079456 0.0025779422 -0.0000014504 0.0025200002
1403637151.73808 0.406734 -0.250497 0.450316 -0.817700 -0.002026 -0.575634 0.002966 0.0003592154 -0.0000019180 -0.0001271217 0.0000050272 0.0000005249 0.0000503933 0.0025643415 0.0000367652 0.0000085833 0.0025817698 -0.0000016947 0.0025211177
1403637151.78811 0.418116 -0.259015 0.462973 -0.817939 -0.002195 -0.575296 0.002568 0.0003589084 -0.0000014204 -0.0001272444 0.0000049929 0.0000003499 0.0000505267 0.0025669105 0.0000387076 0.0000090613 0.0025858487 -0.0000019893 0.0025222376
1403637151.83809 0.428349 -0.266339 0.473698 -0.817951 -0.002410 -0.575279 0.002022 0.0003587478 -0.0000011545 -0.0001272909 0.0000049867 0.0000002494 0.0000506101 0.0025703564 0.0000409164 0.0000096768 0.0025904614 -0.0000023051 0.0025234499
1403637151.88810 0.438948 -0.273570 0.483127 -0.817868 -0.002783 -0.575399 0.000979 0.0003588189 -0.0000003858 -0.0001271364 0.0000049770 -0.0000000343 0.0000505138 0.0025735285 0.0000428623 0.0000102664 0.0025947953 -0.0000026252 0.0025247183
1403637151.93811 0.447450 -0.280489 0.490858 0.818020 0.002845 0.575183 0.000122 0.0003584812 0.0000003704 -0.0001273487 0.0000049091 -0.0000003220 0.0000507200 0.0025751223 0.0000446754 0.0000104195 0.0025991889 -0.0000029905 0.0025257758
1403637151.98812 0.456646 -0.288528 0.498619 -0.818058 -0.002512 -0.575130 0.000097 0.0003584805 0.0000002220 -0.0001272992 0.0000048820 -0.0000002734 0.0000507076 0.0025772510 0.0000463450 0.0000109289 0.0026030418 -0.0000032438 0.0025269636
1403637152.03814 0.465973 -0.295781 0.508294 -0.818218 -0.001989 -0.574904 0.000571 0.0003583967 -0.0000003537 -0.0001273974 0.0000048630 -0.0000000666 0.0000508134 0.0025798873 0.0000484356 0.0000113730 0.0026071483 -0.0000034116 0.0025281798
1403637152.08813 0.475358 -0.304760 0.518457 -0.818596 -0.001326 -0.574366 0.001626 0.0003581546 -0.0000011828 -0.0001277831 0.0000048639 0.0000002352 0.0000511127 0.0025828638 0.0000503340 0.0000117323 0.0026109099 -0.0000039123 0.0025292002
1403637152.13812 0.484942 -0.313401 0.530373 -0.819133 -0.000672 -0.573598 0.002354 0.0003577301 -0.0000020124 -0.0001283831 0.0000048650 0.0000005420 0.0000516117 0.0025863885 0.0000528038 0.0000121137 0.0026153567 -0.0000042530 0.0025303956
1403637152.18815 0.484467 -0.320231 0.530501 -0.819541 -0.000893 -0.573009 0.003577 0.0003568715 -0.0000026157 -0.0001291085 0.0000048266 0.0000007983 0.0000520690 0.0025856852 0.0000566544 0.0000092234 0.0026163567 -0.0000049188 0.0025278264
1403637152.23817 0.496613 -0.328060 0.541698 -0.820114 -0.000197 -0.572181 0.004621 0.0003565291 -0.0000037225 -0.0001294952 0.0000048255 0.0000012263 0.0000523808 0.0025864452 0.0000585491 0.0000080884 0.0026156061 -0.0000047689 0.0025276461
1403637152.28818 0.511223 -0.334678 0.550725 -0.820655 -0.000395 -0.571403 0.004901 0.0003558846 -0.0000037892 -0.0001299046 0.0000047448 0.0000012655 0.0000527463 0.0025855724 0.0000618706 0.0000077386 0.0026203150 -0.0000046155 0.0025274907
1403637152.33821 0.522777 -0.342101 0.557147 -0.821396 0.000472 -0.570324 0.006251 0.0003550264 -0.0000049168 -0.0001308200 0.0000047553 0.0000017068 0.0000535387 0.0025873732 0.0000652860 0.0000077726 0.0026264996 -0.0000046934 0.0025280684
1403637152.38824 0.534454 -0.349741 0.562487 -0.821196 -0.000250 -0.570618 0.005703 0.0003551750 -0.0000042723 -0.0001306170 0.0000047204 0.0000014703 0.0000533593 0.0025894694 0.0000685492 0.0000077794 0.0026315354 -0.0000047479 0.0025285036
1403637152.43820 0.546185 -0.357577 0.566011 -0.821476 -0.000297 -0.570215 0.005673 0.0003548594 -0.0000042240 -0.0001309343 0.0000047030 0.0000014652 0.0000536319 0.0025917209 0.0000719806 0.0000079009 0.0026367280 -0.0000047527 0.0025289754
1403637152.48824 0.559941 -0.365864 0.570343 -0.821699 -0.001011 -0.569898 0.005110 0.0003546395 -0.0000035292 -0.0001311065 0.0000046548 0.0000012197 0.0000537615 0.0025928542 0.0000758345 0.0000072965 0.0026416648 -0.0000046768 0.0025285702
1403637152.53822 0.572775 -0.373652 0.571578 -0.821510 -0.001119 -0.570168 0.005281 0.0003546814 -0.0000036397 -0.0001310193 0.0000046452 0.0000012661 0.0000536812 0.0025955094 0.0000798647 0.0000073279 0.0026481388 -0.0000046698 0.0025287942
1403637152.58822 0.585196 -0.382534 0.570548 -0.821756 -0.001366 -0.569820 0.004436 0.0003544140 -0.0000029076 -0.0001313111 0.0000046212 0.0000009995 0.0000539309 0.0025982280 0.0000837052 0.0000074248 0.0026542913 -0.0000046408 0.0025289549
1403637152.63824 0.597795 -0.391349 0.568505 -0.821166 -0.001385 -0.570672 0.004260 0.0003549088 -0.0000027885 -0.0001307043 0.0000046076 0.0000009520 0.0000534000 0.0026012911 0.0000878110 0.0000073856 0.0026603960 -0.0000045980 0.0025288823
1403637152.68821 0.610673 -0.400427 0.565922 -0.820675 -0.001165 -0.571378 0.004213 0.0003553127 -0.0000028390 -0.0001302014 0.0000045954 0.0000009688 0.0000529635 0.0026043194 0.0000919951 0.0000072011 0.0026667445 -0.0000044867 0.0025286457
1403637152.73820 0.623146 -0.409521 0.563374 -0.819502 -0.000615 -0.573058 0.004482 0.0003563219 -0.0000032180 -0.0001289797 0.0000045926 0.0000010968 0.0000519193 0.0026077790 0.0000962622 0.0000071866 0.0026732464 -0.0000044129 0.0025285928
1403637152.78818 0.636528 -0.419009 0.562702 -0.817965 0.000598 -0.575230 0.006617 0.0003576621 -0.0000050208 -0.0001272928 0.0000046250 0.0000017285 0.0000505125 0.0026113173 0.0001004556 0.0000071152 0.0026798720 -0.0000043321 0.0025284782
1403637152.83819 0.650324 -0.428500 0.563586 -0.816531 0.000966 -0.577256 0.007163 0.0003589191 -0.0000055381 -0.0001257125 0.0000046293 0.0000018849 0.0000492153 0.0026154240 0.0001048742 0.0000071339 0.0026867091 -0.0000042545 0.0025282926
1403637152.88821 0.662916 -0.438978 0.567659 -0.815250 0.000841 -0.579058 0.007622 0.0003600432 -0.0000056987 -0.0001243073 0.0000046252 0.0000019153 0.0000480792 0.0026197029 0.0001092111 0.0000072555 0.0026935645 -0.0000042986 0.0025283009
1403637152.93820 0.674001 -0.450161 0.573688 -0.814218 -0.000201 -0.580517 0.006980 0.0003609989 -0.0000048289 -0.0001231873 0.0000045952 0.0000015946 0.0000471816 0.0026247476 0.0001137614 0.0000074606 0.0027000536 -0.0000043955 0.0025284641
1403637152.98815 0.685641 -0.460528 0.580720 -0.814204 -0.001101 -0.580539 0.006716 0.0003609508 -0.0000042876 -0.0001230437 0.0000045602 0.0000014025 0.0000470704 0.0026279690 0.0001192671 0.0000068508 0.0027060671 -0.0000041027 0.0025281784
1403637153.03817 0.696193 -0.471895 0.589556 -0.813960 -0.001958 -0.580882 0.006375 0.0003611609 -0.0000036458 -0.0001228425 0.0000045470 0.0000011792 0.0000469089 0.0026330287 0.0001236798 0.0000071006 0.0027126128 -0.0000042354 0.0025284694
1403637153.08811 0.706197 -0.483736 0.597874 -0.814433 -0.002472 -0.580231 0.005042 0.0003607959 -0.0000026147 -0.0001234235 0.0000045337 0.0000008302 0.0000473547 0.0026387183 0.0001284568 0.0000073356 0.0027191433 -0.0000043801 0.0025288883
1403637153.13807 0.716352 -0.495562 0.604805 -0.815087 -0.003055 -0.579313 0.004394 0.0003603224 -0.0000019634 -0.0001241183 0.0000045291 0.0000006105 0.0000478941 0.0026446189 0.0001332481 0.0000075896 0.0027253429 -0.0000045657 0.0025293154
1403637153.18804 0.726755 -0.507921 0.609989 -0.815970 -0.003219 -0.578071 0.004056 0.0003596085 -0.0000016771 -0.0001251131 0.0000045301 0.0000005177 0.0000486821 0.0026507411 0.0001382150 0.0000078123 0.0027318795 -0.0000047622 0.0025297905
1403637153.23802 0.737385 -0.520180 0.613934 -0.816706 -0.004168 -0.577034 0.002448 0.0003590289 -0.0000003031 -0.0001259348 0.0000045259 0.0000000352 0.0000493372 0.0026571648 0.0001434545 0.0000080616 0.0027386441 -0.0000049958 0.0025302638
1403637153.28796 0.747991 -0.531604 0.616573 -0.817061 -0.004995 -0.576527 0.001667 0.0003587658 0.0000004677 -0.0001263411 0.0000045296 -0.0000002396 0.0000496600 0.0026636031 0.0001487502 0.0000082681 0.0027455717 -0.0000052410 0.0025307793
1403637153.33794 0.758923 -0.543590 0.618324 -0.817100 -0.005638 -0.576468 0.000791 0.0003587675 0.0000013049 -0.0001264283 0.0000045371 -0.0000005382 0.0000497226 0.0026699236 0.0001539673 0.0000084811 0.0027527041 -0.0000054917 0.0025313029
1403637153.38793 0.770314 -0.555611 0.619835 0.817497 0.006241 0.575899 0.000486 0.0003584520 0.0000023369 -0.0001268926 0.0000045509 -0.0000009105 0.0000500949 0.0026766171 0.0001594346 0.0000086849 0.0027601553 -0.0000057457 0.0025318563
1403637153.43791 0.782263 -0.567399 0.622425 0.818217 0.006701 0.574870 0.000924 0.0003578679 0.0000027876 -0.0001276805 0.0000045595 -0.0000010803 0.0000507371 0.0026834005 0.0001651147 0.0000088848 0.0027680772 -0.0000060174 0.0025324116
1403637153.48792 0.793748 -0.578753 0.626712 0.819287 0.007312 0.573333 0.002077 0.0003569405 0.0000037308 -0.0001288533 0.0000045785 -0.0000014377 0.0000517116 0.0026902098 0.0001707673 0.0000090820 0.0027759761 -0.0000062795 0.0025330198
1403637153.53791 0.805543 -0.589505 0.632329 0.820764 0.007456 0.571214 0.002554 0.0003556462 0.0000040533 -0.0001304481 0.0000045872 -0.0000015800 0.0000530621 0.0026968410 0.0001763725 0.0000092930 0.0027840676 -0.0000065604 0.0025336691
1403637153.58789 0.819025 -0.599313 0.639676 0.821667 0.007178 0.569919 0.001759 0.0003548976 0.0000033816 -0.0001313931 0.0000045725 -0.0000013432 0.0000538697 0.0027032360 0.0001820113 0.0000094557 0.0027925084 -0.0000068273 0.0025343141
1403637153.63789 0.831700 -0.609498 0.648487 0.822082 0.007502 0.569315 0.002274 0.0003545122 0.0000038997 -0.0001318976 0.0000045842 -0.0000015442 0.0000543033 0.0027095220 0.0001881964 0.0000096638 0.0028025808 -0.0000070890 0.0025349758
1403637153.68787 0.845236 -0.620077 0.659634 0.821403 0.007361 0.570298 0.001726 0.0003552138 0.0000035566 -0.0001312144 0.0000045852 -0.0000014030 0.0000537044 0.0027159822 0.0001944634 0.0000098596 0.0028127078 -0.0000073318 0.0025356509
1403637153.73788 0.858546 -0.629882 0.671802 0.820870 0.007671 0.571059 0.002392 0.0003557519 0.0000040793 -0.0001306861 0.0000046040 -0.0000015870 0.0000532483 0.0027228341 0.0002011115 0.0000100194 0.0028231019 -0.0000075652 0.0025363602
1403637153.78789 0.871419 -0.638821 0.683537 0.819340 0.007374 0.573256 0.002139 0.0003572013 0.0000037849 -0.0001291076 0.0000046053 -0.0000014512 0.0000518982 0.0027295653 0.0002076085 0.0000102024 0.0028337193 -0.0000078374 0.0025371020
1403637153.83790 0.884503 -0.647433 0.693948 0.818406 0.006524 0.574603 0.000819 0.0003581297 0.0000026064 -0.0001281391 0.0000045907 -0.0000010059 0.0000510812 0.0027356273 0.0002139922 0.0000101927 0.0028439562 -0.0000080184 0.0025377938
1403637153.88792 0.897107 -0.655098 0.702715 0.817938 0.006703 0.575266 0.001405 0.0003585990 0.0000030025 -0.0001276724 0.0000046027 -0.0000011395 0.0000506877 0.0027418861 0.0002207799 0.0000102417 0.0028540358 -0.0000082216 0.0025385406
1403637153.93793 0.910057 -0.663070 0.709757 0.816995 0.006860 0.576601 0.001960 0.0003594785 0.0000034282 -0.0001267034 0.0000046165 -0.0000012761 0.0000498870 0.0027477907 0.0002269080 0.0000103454 0.0028641427 -0.0000084840 0.0025393171
1403637153.98795 0.923207 -0.670461 0.714532 0.816562 0.006240 0.577223 0.001136 0.0003599356 0.0000026425 -0.0001262690 0.0000046078 -0.0000009874 0.0000495221 0.0027538773 0.0002334816 0.0000103688 0.0028743554 -0.0000086478 0.0025401213
1403637154.03796 0.936120 -0.677984 0.716959 0.816904 0.006135 0.576740 0.001172 0.0003596952 0.0000026236 -0.0001266763 0.0000046123 -0.0000009807 0.0000498481 0.0027599428 0.0002398169 0.0000104352 0.0028848335 -0.0000089256 0.0025409573
1403637154.08805 0.948312 -0.684497 0.716745 -0.818005 -0.004987 -0.575189 0.000420 0.0003588028 0.0000011058 -0.0001278846 0.0000045998 -0.0000004419 0.0000508312 0.0027662673 0.0002463925 0.0000104518 0.0028949058 -0.0000091334 0.0025418380
1403637154.13809 0.959977 -0.691241 0.714068 -0.820624 -0.002576 -0.571450 0.003878 0.0003564943 -0.0000020722 -0.0001307065 0.0000046109 0.0000007288 0.0000532125 0.0027719753 0.0002524209 0.0000103907 0.0029048179 -0.0000095186 0.0025426994
1403637154.18818 0.970126 -0.693485 0.707614 -0.824110 0.002148 -0.566322 0.010823 0.0003530697 -0.0000084842 -0.0001342998 0.0000047983 0.0000032189 0.0000564060 0.0027760213 0.0002575906 0.0000102653 0.0029126281 -0.0000095613 0.0025434688
1403637154.23816 0.977343 -0.701010 0.700885 -0.826480 0.007254 -0.562646 0.017558 0.0003503243 -0.0000145610 -0.0001368035 0.0000051998 0.0000057071 0.0000587796 0.0027761651 0.0002612338 0.0000096279 0.0029204639 -0.0000098959 0.0025441257
1403637154.28811 0.986224 -0.708940 0.692943 -0.828589 0.011132 -0.559288 0.022638 0.0003477879 -0.0000192819 -0.0001389065 0.0000056652 0.0000077461 0.0000608721 0.0027796495 0.0002665563 0.0000089005 0.0029266971 -0.0000101959 0.0025447907
1403637154.33808 0.996065 -0.717911 0.684064 -0.829409 0.013063 -0.557931 0.024956 0.0003466975 -0.0000214744 -0.0001397118 0.0000059246 0.0000087077 0.0000617097 0.0027837628 0.0002729306 0.0000081403 0.0029347238 -0.0000104037 0.0025454214
1403637154.38807 1.008681 -0.728375 0.675094 -0.829019 0.011833 -0.558644 0.022465 0.0003474032 -0.0000194623 -0.0001393202 0.0000056787 0.0000078451 0.0000612778 0.0027896225 0.0002805132 0.0000073327 0.0029440271 -0.0000105182 0.0025458890
1403637154.43799 1.022174 -0.739718 0.665163 -0.826684 0.009790 -0.562270 0.018713 0.0003500731 -0.0000163615 -0.0001369694 0.0000053455 0.0000064208 0.0000589622 0.0027969746 0.0002894003 0.0000065121 0.0029557645 -0.0000104758 0.0025459867
1403637154.48796 1.037329 -0.751355 0.654613 -0.823837 0.007527 -0.566583 0.014790 0.0003531383 -0.0000130716 -0.0001340283 0.0000050591 0.0000049606 0.0000561981 0.0028053973 0.0002987567 0.0000059442 0.0029677783 -0.0000101746 0.0025458909
1403637154.53800 1.054804 -0.764504 0.644589 -0.821975 0.005533 -0.569391 0.010928 0.0003551353 -0.0000098626 -0.0001320735 0.0000048451 0.0000036499 0.0000544201 0.0028135582 0.0003090482 0.0000051682 0.0029811302 -0.0000096548 0.0025456456
1403637154.58800 1.072557 -0.778724 0.635243 -0.821409 0.003664 -0.570294 0.006243 0.0003558549 -0.0000061448 -0.0001314977 0.0000046753 0.0000022336 0.0000538871 0.0028235305 0.0003202109 0.0000048565 0.0029966314 -0.0000093450 0.0025456549
1403637154.63811 1.091312 -0.793058 0.626794 -0.822156 0.001350 -0.569260 0.000728 0.0003552781 -0.0000017371 -0.0001322755 0.0000045750 0.0000005861 0.0000545529 0.0028338798 0.0003317041 0.0000046220 0.0030124945 -0.0000091499 0.0025459316
1403637154.68818 1.111339 -0.807965 0.618652 0.824412 0.000903 0.565965 0.005332 0.0003531679 0.0000029748 -0.0001346443 0.0000045941 -0.0000012196 0.0000566710 0.0028444843 0.0003437586 0.0000044449 0.0030301230 -0.0000090792 0.0025463139
1403637154.73816 1.131727 -0.823147 0.610422 0.826467 0.000977 0.562885 0.010589 0.0003511200 0.0000062552 -0.0001367879 0.0000046843 -0.0000025420 0.0000586602 0.0028555197 0.0003564552 0.0000042342 0.0030491146 -0.0000091258 0.0025467357
1403637154.78815 1.151667 -0.841010 0.603919 0.828342 -0.002241 0.560000 0.015653 0.0003491787 0.0000080961 -0.0001387338 0.0000047636 -0.0000033361 0.0000605207 0.0028667188 0.0003695944 0.0000040028 0.0030690696 -0.0000091415 0.0025473331
1403637154.83816 1.173699 -0.857164 0.597938 0.830161 -0.007419 0.557129 0.019615 0.0003473682 0.0000083588 -0.0001406000 0.0000047790 -0.0000035090 0.0000623360 0.0028799127 0.0003842812 0.0000036385 0.0030894644 -0.0000092554 0.0025480563
1403637154.88816 1.196648 -0.872914 0.593224 0.830779 -0.013115 0.556005 0.022212 0.0003467238 0.0000076218 -0.0001413285 0.0000047459 -0.0000032317 0.0000630446 0.0028919511 0.0003991868 0.0000032409 0.0031125707 -0.0000093573 0.0025488161
1403637154.93828 1.216513 -0.885051 0.587227 0.832514 -0.017721 0.553122 0.025724 0.0003448436 0.0000079245 -0.0001431572 0.0000047601 -0.0000034212 0.0000648959 0.0029024107 0.0004152491 0.0000024500 0.0031368097 -0.0000091424 0.0025493959
1403637154.98831 1.242324 -0.899228 0.584794 0.832069 -0.023474 0.553511 0.027120 0.0003452576 0.0000064212 -0.0001428752 0.0000047016 -0.0000027825 0.0000645874 0.0029122953 0.0004282892 0.0000021180 0.0031595261 -0.0000092170 0.0025502594
1403637155.03835 1.269345 -0.912631 0.584574 0.831226 -0.028091 0.554375 0.030697 0.0003460198 0.0000066871 -0.0001421616 0.0000047156 -0.0000028771 0.0000638584 0.0029240330 0.0004445095 0.0000018711 0.0031877190 -0.0000092011 0.0025511814
1403637155.08839 1.297069 -0.926149 0.587057 0.829921 -0.035029 0.555781 0.033341 0.0003471278 0.0000054389 -0.0001411596 0.0000046738 -0.0000023384 0.0000628363 0.0029353548 0.0004614731 0.0000016752 0.0032182964 -0.0000090734 0.0025520220
1403637155.13842 1.325380 -0.940002 0.592498 0.826298 -0.041878 0.560450 0.037053 0.0003504606 0.0000047003 -0.0001378207 0.0000046616 -0.0000019707 0.0000595835 0.0029473279 0.0004788546 0.0000013320 0.0032508273 -0.0000092004 0.0025530265
1403637155.18840 1.353611 -0.952565 0.598557 0.823850 -0.048101 0.563393 0.039309 0.0003525468 0.0000032905 -0.0001356799 0.0000046326 -0.0000013851 0.0000575673 0.0029595633 0.0004966138 0.0000008706 0.0032831559 -0.0000088418 0.0025536463
1403637155.23846 1.382425 -0.964166 0.606848 0.821316 -0.051726 0.566516 0.042715 0.0003547991 0.0000036779 -0.0001332408 0.0000046462 -0.0000015040 0.0000553514 0.0029711577 0.0005140157 0.0000005294 0.0033167724 -0.0000088736 0.0025546986
1403637155.28847 1.412790 -0.976428 0.616267 0.819248 -0.054920 0.569070 0.044447 0.0003565126 0.0000032586 -0.0001313734 0.0000046485 -0.0000013209 0.0000537053 0.0029826046 0.0005314647 0.0000000956 0.0033521123 -0.0000089097 0.0025559382
1403637155.33847 1.443263 -0.988324 0.626520 0.816709 -0.057888 0.572221 0.046889 0.0003586648 0.0000032703 -0.0001289067 0.0000046515 -0.0000013011 0.0000515917 0.0029950683 0.0005504421 -0.0000003884 0.0033890231 -0.0000086957 0.0025571440
1403637155.38850 1.473189 -0.997814 0.635366 0.814352 -0.062680 0.574880 0.049138 0.0003604761 0.0000023349 -0.0001267031 0.0000046229 -0.0000009571 0.0000497586 0.0030069019 0.0005700225 -0.0000004683 0.0034234759 -0.0000071849 0.0025572001
1403637155.43850 1.502710 -1.011545 0.643569 0.812436 -0.068763 0.576577 0.052704 0.0003616389 0.0000018379 -0.0001253003 0.0000046257 -0.0000007742 0.0000486225 0.0030178082 0.0005870054 -0.0000006842 0.0034605416 -0.0000065900 0.0025578765
1403637155.48849 1.532092 -1.025072 0.648928 0.810006 -0.076014 0.578702 0.056715 0.0003631939 0.0000009256 -0.0001233979 0.0000046279 -0.0000004503 0.0000471129 0.0030327570 0.0006065717 -0.0000009405 0.0034977337 -0.0000061520 0.0025589802
1403637155.53848 1.560604 -1.038029 0.651117 0.808540 -0.083446 0.579424 0.059731 0.0003638421 -0.0000005980 -0.0001226337 0.0000046349 0.0000000693 0.0000465115 0.0030477501 0.0006261184 -0.0000014052 0.0035357545 -0.0000059020 0.0025605293
1403637155.58848 1.590435 -1.050879 0.651916 0.807525 -0.090910 0.579554 0.061282 0.0003640663 -0.0000029783 -0.0001223983 0.0000046662 0.0000008755 0.0000463236 0.0030631861 0.0006454820 -0.0000016530 0.0035741147 -0.0000056072 0.0025622483
1403637155.63845 1.617613 -1.064923 0.652853 0.806520 -0.098446 0.579689 0.061606 0.0003640673 -0.0000061463 -0.0001223439 0.0000047442 0.0000019477 0.0000462796 0.0030779690 0.0006651308 -0.0000013837 0.0036147589 -0.0000048561 0.0025635315
1403637155.68844 1.645989 -1.076662 0.650363 0.806416 -0.105303 0.578590 0.061951 0.0003634322 -0.0000088768 -0.0001230778 0.0000048491 0.0000028888 0.0000468437 0.0030950715 0.0006842506 -0.0000013237 0.0036505832 -0.0000040564 0.0025651714
1403637155.73844 1.672949 -1.089889 0.647120 0.805286 -0.112361 0.578646 0.063711 0.0003634847 -0.0000109129 -0.0001229370 0.0000049542 0.0000035743 0.0000467287 0.0031107508 0.0007026727 -0.0000012299 0.0036891607 -0.0000034037 0.0025669298
1403637155.78843 1.699003 -1.104032 0.642379 0.804478 -0.120817 0.577856 0.065582 0.0003630037 -0.0000134242 -0.0001233999 0.0000051140 0.0000044495 0.0000470861 0.0031284695 0.0007219598 -0.0000010598 0.0037269737 -0.0000026534 0.0025687304
1403637155.83843 1.724704 -1.119727 0.637258 0.802884 -0.129994 0.577725 0.068653 0.0003629738 -0.0000155599 -0.0001232285 0.0000052728 0.0000051702 0.0000469619 0.0031465122 0.0007412230 0.0000002368 0.0037638849 -0.0000006955 0.0025689374
1403637155.88841 1.749310 -1.136589 0.630274 0.803003 -0.139282 0.574720 0.074044 0.0003615748 -0.0000159542 -0.0001250492 0.0000052939 0.0000053986 0.0000483811 0.0031674836 0.0007621760 0.0000004862 0.0038008856 0.0000002936 0.0025706117
1403637155.93840 1.773273 -1.154873 0.622383 0.803161 -0.148532 0.571301 0.080534 0.0003600851 -0.0000155960 -0.0001270346 0.0000052445 0.0000053718 0.0000499531 0.0031901691 0.0007840802 0.0000006168 0.0038380603 0.0000012667 0.0025725033
1403637155.98841 1.797129 -1.173513 0.613865 0.801659 -0.158306 0.569771 0.087421 0.0003598548 -0.0000155328 -0.0001274296 0.0000052175 0.0000053616 0.0000502456 0.0032143424 0.0008065632 0.0000006067 0.0038747186 0.0000022154 0.0025745308
1403637156.03842 1.820637 -1.193049 0.605677 0.798801 -0.168944 0.569798 0.093306 0.0003603925 -0.0000167414 -0.0001267339 0.0000052985 0.0000057447 0.0000496536 0.0032392888 0.0008296386 0.0000005619 0.0039123591 0.0000031451 0.0025767192
1403637156.08843 1.843165 -1.213186 0.597654 0.795405 -0.180091 0.570233 0.098648 0.0003610767 -0.0000186329 -0.0001257438 0.0000054513 0.0000063452 0.0000488333 0.0032653894 0.0008530956 0.0000004993 0.0039495199 0.0000040548 0.0025790522
1403637156.13845 1.864387 -1.234021 0.590073 0.791602 -0.191140 0.570849 0.104701 0.0003619960 -0.0000201578 -0.0001244807 0.0000055771 0.0000067856 0.0000477941 0.0032929242 0.0008768717 0.0000005449 0.0039853853 0.0000049183 0.0025814831
1403637156.18845 1.884374 -1.255926 0.581975 0.788109 -0.202903 0.570472 0.110797 0.0003623353 -0.0000218230 -0.0001238942 0.0000057283 0.0000073137 0.0000472951 0.0033218637 0.0009009162 0.0000006031 0.0040198984 0.0000057521 0.0025841028
1403637156.23847 1.903538 -1.278828 0.574795 0.784197 -0.214986 0.570202 0.116985 0.0003627426 -0.0000236678 -0.0001231619 0.0000059134 0.0000078865 0.0000466812 0.0033527134 0.0009258819 0.0000007381 0.0040540489 0.0000065380 0.0025868322
1403637156.28848 1.920830 -1.302571 0.568109 0.780724 -0.226478 0.568928 0.124496 0.0003629143 -0.0000242736 -0.0001229514 0.0000059392 0.0000080678 0.0000464459 0.0033847671 0.0009505718 0.0000008581 0.0040859459 0.0000073214 0.0025897587
1403637156.33849 1.936043 -1.326876 0.561269 0.776957 -0.238868 0.567571 0.130931 0.0003628092 -0.0000259206 -0.0001228792 0.0000061099 0.0000086215 0.0000463261 0.0034180886 0.0009748442 0.0000010563 0.0041147961 0.0000080309 0.0025928099
1403637156.38851 1.949751 -1.352466 0.555317 0.773519 -0.250484 0.565335 0.139006 0.0003626690 -0.0000260573 -0.0001231603 0.0000060650 0.0000086854 0.0000464418 0.0034533502 0.0009996144 0.0000012742 0.0041420012 0.0000087004 0.0025959726
1403637156.43852 1.961628 -1.379124 0.549004 0.769893 -0.262259 0.563025 0.146590 0.0003624258 -0.0000265610 -0.0001234955 0.0000060645 0.0000088834 0.0000465966 0.0034899743 0.0010244075 0.0000013708 0.0041671495 0.0000094624 0.0025993878
1403637156.48853 1.971689 -1.406538 0.542478 0.765711 -0.273563 0.561194 0.154632 0.0003626707 -0.0000267546 -0.0001232760 0.0000060105 0.0000089237 0.0000462989 0.0035279405 0.0010487364 0.0000015131 0.0041888134 0.0000101646 0.0026029183
1403637156.53853 1.980053 -1.434741 0.535841 0.760808 -0.284383 0.560103 0.163044 0.0003634829 -0.0000268233 -0.0001223545 0.0000059275 0.0000088573 0.0000454457 0.0035673126 0.0010733567 0.0000015863 0.0042090721 0.0000109116 0.0026065834
1403637156.58855 1.987492 -1.463163 0.528737 0.756912 -0.294513 0.557603 0.171539 0.0003636719 -0.0000262571 -0.0001223610 0.0000057389 0.0000086830 0.0000452817 0.0036076280 0.0010979331 0.0000019949 0.0042260063 0.0000107855 0.0026101408
1403637156.63856 1.994350 -1.493643 0.520510 0.752245 -0.304555 0.555683 0.180527 0.0003644288 -0.0000254380 -0.0001216837 0.0000055148 0.0000083492 0.0000446089 0.0036488676 0.0011217520 0.0000019822 0.0042424084 0.0000111250 0.0026144395
1403637156.68856 2.000023 -1.525541 0.510469 0.748235 -0.314204 0.552809 0.189269 0.0003646970 -0.0000242965 -0.0001216972 0.0000052497 0.0000079720 0.0000444512 0.0036926560 0.0011468793 0.0000017582 0.0042579583 0.0000114006 0.0026189865
1403637156.73855 2.004764 -1.558665 0.499032 0.743994 -0.322872 0.550390 0.198236 0.0003653925 -0.0000228153 -0.0001211973 0.0000049416 0.0000074422 0.0000438951 0.0037381914 0.0011725163 0.0000010762 0.0042721083 0.0000117829 0.0026238164
1403637156.78849 2.008239 -1.593207 0.485486 0.742179 -0.330053 0.545704 0.206014 0.0003647217 -0.0000203936 -0.0001226257 0.0000045411 0.0000067392 0.0000447859 0.0037851595 0.0011981820 -0.0000001270 0.0042843041 0.0000120183 0.0026288044
1403637156.83845 2.009617 -1.627766 0.471212 0.741782 -0.335231 0.540147 0.213590 0.0003636095 -0.0000168932 -0.0001246931 0.0000040795 0.0000056830 0.0000462094 0.0038356872 0.0012240540 -0.0000018012 0.0042955597 0.0000126786 0.0026341006
1403637156.88839 2.010311 -1.664147 0.455668 0.741779 -0.340009 0.534998 0.218943 0.0003621516 -0.0000143610 -0.0001269389 0.0000037526 0.0000049371 0.0000478230 0.0038854363 0.0012483765 -0.0000043227 0.0043033361 0.0000135930 0.0026394188
1403637156.93836 2.012022 -1.700663 0.439847 0.742463 -0.342302 0.530183 0.224688 0.0003610885 -0.0000106852 -0.0001286969 0.0000033966 0.0000037229 0.0000490926 0.0039389678 0.0012739797 -0.0000072578 0.0043102714 0.0000150505 0.0026447999
1403637156.98832 2.014102 -1.738603 0.422053 0.743390 -0.345069 0.525745 0.227795 0.0003594340 -0.0000086252 -0.0001309211 0.0000031829 0.0000030741 0.0000507987 0.0039920511 0.0013003431 -0.0000109526 0.0043181279 0.0000167341 0.0026500398
1403637157.03830 2.017008 -1.778041 0.403544 0.744108 -0.347486 0.522569 0.229081 0.0003579674 -0.0000077990 -0.0001327762 0.0000030421 0.0000028469 0.0000522335 0.0040473666 0.0013292009 -0.0000152446 0.0043265583 0.0000189219 0.0026548663
1403637157.08828 2.021334 -1.818010 0.384197 0.744413 -0.349740 0.520767 0.228764 0.0003568435 -0.0000083252 -0.0001341229 0.0000029661 0.0000031071 0.0000532686 0.0041059896 0.0013612490 -0.0000195457 0.0043363505 0.0000212662 0.0026598230
1403637157.13827 2.025768 -1.858517 0.365431 0.744189 -0.352090 0.520174 0.227232 0.0003560132 -0.0000099979 -0.0001350405 0.0000029552 0.0000037936 0.0000539490 0.0041662067 0.0013959955 -0.0000239370 0.0043487591 0.0000239413 0.0026644775
1403637157.18827 2.032608 -1.900837 0.347541 0.743894 -0.353616 0.520371 0.225371 0.0003556413 -0.0000116931 -0.0001354046 0.0000029240 0.0000044833 0.0000541616 0.0042191984 0.0014307757 -0.0000267319 0.0043612759 0.0000273107 0.0026684484
1403637157.23828 2.039225 -1.941654 0.331175 0.743430 -0.354841 0.520886 0.223781 0.0003554706 -0.0000133539 -0.0001355370 0.0000029443 0.0000051344 0.0000541911 0.0042829843 0.0014698663 -0.0000298855 0.0043784470 0.0000308276 0.0026724161
1403637157.28830 2.044350 -1.982383 0.316836 0.742886 -0.355617 0.521998 0.221755 0.0003554847 -0.0000152435 -0.0001354231 0.0000029923 0.0000058748 0.0000539945 0.0043434792 0.0015096329 -0.0000328499 0.0043947034 0.0000343967 0.0026758382
1403637157.33830 2.048693 -2.023861 0.304453 0.742262 -0.356278 0.523526 0.219165 0.0003555778 -0.0000175008 -0.0001351477 0.0000031084 0.0000067292 0.0000536956 0.0044073970 0.0015468706 -0.0000349468 0.0044099322 0.0000379352 0.0026791259
1403637157.38831 2.051749 -2.065684 0.294347 0.741605 -0.357690 0.525065 0.215376 0.0003552469 -0.0000207461 -0.0001351542 0.0000033729 0.0000079776 0.0000536903 0.0044747111 0.0015829831 -0.0000364873 0.0044251237 0.0000415878 0.0026825217
1403637157.43831 2.053332 -2.108593 0.286628 0.740863 -0.359409 0.526829 0.210708 0.0003547015 -0.0000246513 -0.0001351983 0.0000037865 0.0000094949 0.0000537515 0.0045430167 0.0016182784 -0.0000378093 0.0044383139 0.0000449704 0.0026856132
1403637157.48831 2.054098 -2.152333 0.281199 0.740591 -0.360111 0.528251 0.206872 0.0003542784 -0.0000275078 -0.0001352138 0.0000041342 0.0000106048 0.0000537837 0.0046150668 0.0016530419 -0.0000385117 0.0044487925 0.0000482442 0.0026883185
1403637157.53831 2.052932 -2.196685 0.278060 0.740340 -0.360664 0.529545 0.203471 0.0003539002 -0.0000300463 -0.0001351865 0.0000044703 0.0000115932 0.0000537773 0.0046896833 0.0016883677 -0.0000391535 0.0044574433 0.0000507621 0.0026892282
1403637157.58831 2.050782 -2.243438 0.276863 0.740188 -0.360312 0.530869 0.201183 0.0003539382 -0.0000315878 -0.0001348887 0.0000046694 0.0000121591 0.0000535138 0.0047685746 0.0017227848 -0.0000388913 0.0044638945 0.0000529104 0.0026903741
1403637157.63832 2.047381 -2.291400 0.277584 0.740793 -0.359341 0.531105 0.200068 0.0003538436 -0.0000318095 -0.0001350359 0.0000046428 0.0000122625 0.0000536145 0.0048532668 0.0017583336 -0.0000380781 0.0044674703 0.0000535952 0.0026898987
1403637157.68833 2.042747 -2.340573 0.280575 0.741197 -0.358665 0.531461 0.198835 0.0003537515 -0.0000322785 -0.0001351206 0.0000046707 0.0000124545 0.0000536706 0.0049421689 0.0017940928 -0.0000366250 0.0044695220 0.0000540586 0.0026895474
1403637157.73833 2.037220 -2.391374 0.285692 0.741674 -0.357955 0.531663 0.197792 0.0003536394 -0.0000325885 -0.0001352627 0.0000046752 0.0000125910 0.0000537748 0.0050366074 0.0018312834 -0.0000346737 0.0044700171 0.0000536657 0.0026886160
1403637157.78833 2.029586 -2.442268 0.294905 0.740398 -0.355672 0.534278 0.199635 0.0003558882 -0.0000316557 -0.0001330618 0.0000044055 0.0000119665 0.0000517499 0.0051310543 0.0018672038 -0.0000295251 0.0044645861 0.0000524516 0.0026843748
1403637157.83834 2.021465 -2.495160 0.302523 0.739312 -0.352671 0.536502 0.202995 0.0003584680 -0.0000294100 -0.0001307102 0.0000039623 0.0000108488 0.0000496276 0.0052309701 0.0019022149 -0.0000264070 0.0044592915 0.0000512185 0.0026819080
1403637157.88834 2.011582 -2.548887 0.309309 0.738198 -0.350562 0.538386 0.205695 0.0003605249 -0.0000278108 -0.0001287199 0.0000036623 0.0000100478 0.0000478919 0.0053372747 0.0019385530 -0.0000232971 0.0044530095 0.0000492782 0.0026794459
1403637157.93834 2.000999 -2.605040 0.314301 0.737136 -0.347678 0.540234 0.209520 0.0003629067 -0.0000252214 -0.0001264380 0.0000032385 0.0000088997 0.0000459500 0.0054469673 0.0019737156 -0.0000198821 0.0044448216 0.0000470981 0.0026765371
1403637157.98836 1.987759 -2.660259 0.319413 0.737096 -0.345033 0.540503 0.213302 0.0003643666 -0.0000221617 -0.0001252831 0.0000028033 0.0000077306 0.0000449419 0.0055635171 0.0020087162 -0.0000164132 0.0044364490 0.0000451753 0.0026735333
1403637158.03834 1.975609 -2.717511 0.320514 0.737323 -0.341529 0.540497 0.218117 0.0003660319 -0.0000178983 -0.0001239391 0.0000023123 0.0000061633 0.0000438033 0.0056814627 0.0020389153 -0.0000142299 0.0044281769 0.0000445027 0.0026723947
1403637158.08835 1.961914 -2.774099 0.322627 0.737698 -0.339064 0.539924 0.222079 0.0003669899 -0.0000144442 -0.0001232483 0.0000019900 0.0000049481 0.0000432019 0.0058055603 0.0020719445 -0.0000116465 0.0044223746 0.0000432936 0.0026710605
1403637158.13836 1.948200 -2.831208 0.326011 0.737734 -0.337730 0.540032 0.223724 0.0003675987 -0.0000129998 -0.0001227138 0.0000018679 0.0000044348 0.0000427495 0.0059316117 0.0021027368 -0.0000095883 0.0044159713 0.0000422711 0.0026702665
1403637158.18835 1.933651 -2.887848 0.331327 0.738039 -0.336530 0.539607 0.225543 0.0003679596 -0.0000113459 -0.0001225058 0.0000017452 0.0000038700 0.0000425452 0.0060615209 0.0021332908 -0.0000078502 0.0044100624 0.0000411378 0.0026697979
1403637158.23834 1.917918 -2.943491 0.338538 0.736877 -0.336953 0.540614 0.226301 0.0003687423 -0.0000116020 -0.0001215419 0.0000017483 0.0000039162 0.0000417917 0.0061911643 0.0021604218 -0.0000063875 0.0044019796 0.0000398156 0.0026695604
1403637158.28834 1.900537 -2.998165 0.347141 0.736663 -0.338388 0.539459 0.227606 0.0003684648 -0.0000111907 -0.0001220581 0.0000017132 0.0000037991 0.0000421394 0.0063200221 0.0021833028 -0.0000051934 0.0043914862 0.0000384837 0.0026695909
1403637158.33833 1.882839 -3.052117 0.356855 0.735255 -0.341224 0.538490 0.230204 0.0003686460 -0.0000109213 -0.0001219541 0.0000016869 0.0000037037 0.0000420251 0.0064541419 0.0022056618 -0.0000045400 0.0043817062 0.0000371405 0.0026701700
1403637158.38827 1.864032 -3.109085 0.365099 0.732701 -0.346563 0.537832 0.231907 0.0003686600 -0.0000123903 -0.0001218968 0.0000017685 0.0000041906 0.0000419625 0.0065855280 0.0022246568 -0.0000041048 0.0043717632 0.0000359428 0.0026707037
1403637158.43822 1.844260 -3.166058 0.372222 0.729662 -0.352334 0.536767 0.235233 0.0003688710 -0.0000131918 -0.0001216290 0.0000018129 0.0000044473 0.0000417464 0.0067291280 0.0022445652 -0.0000040382 0.0043629622 0.0000354841 0.0026717189
1403637158.48822 1.823678 -3.222455 0.378021 0.725524 -0.359650 0.536270 0.238078 0.0003691848 -0.0000152790 -0.0001210682 0.0000019629 0.0000051130 0.0000413284 0.0068763244 0.0022621693 -0.0000042206 0.0043566948 0.0000352598 0.0026727384
1403637158.53821 1.802009 -3.279157 0.382227 0.720712 -0.368430 0.535681 0.240579 0.0003692670 -0.0000182667 -0.0001206462 0.0000022228 0.0000060760 0.0000410265 0.0070246775 0.0022772531 -0.0000044211 0.0043499714 0.0000348107 0.0026734492
1403637158.58821 1.778745 -3.334051 0.382777 0.715450 -0.378777 0.534731 0.242327 0.0003688104 -0.0000222757 -0.0001206910 0.0000026522 0.0000074036 0.0000410860 0.0071760548 0.0022900811 -0.0000045262 0.0043425640 0.0000343937 0.0026734735
1403637158.63822 1.754684 -3.388577 0.380838 0.710120 -0.389182 0.533246 0.244777 0.0003682118 -0.0000257815 -0.0001208964 0.0000030999 0.0000085834 0.0000412639 0.0073248339 0.0022984276 -0.0000043026 0.0043340881 0.0000327054 0.0026732340
1403637158.68821 1.727802 -3.443145 0.377696 0.704443 -0.399136 0.531202 0.249548 0.0003680916 -0.0000277183 -0.0001207243 0.0000033687 0.0000092102 0.0000411397 0.0074749919 0.0023044043 -0.0000040263 0.0043250244 0.0000304588 0.0026729659
1403637158.73819 1.700313 -3.499075 0.372722 0.699450 -0.408510 0.528047 0.255060 0.0003677172 -0.0000285565 -0.0001211410 0.0000034891 0.0000095249 0.0000414388 0.0076266838 0.0023054706 -0.0000034768 0.0043136631 0.0000277897 0.0026729808
1403637158.78818 1.671285 -3.554736 0.366543 0.695761 -0.416630 0.524051 0.260203 0.0003669829 -0.0000285044 -0.0001222120 0.0000034731 0.0000096108 0.0000422048 0.0077855840 0.0023063639 -0.0000032419 0.0042980714 0.0000235100 0.0026731119
1403637158.83817 1.641610 -3.610617 0.358650 0.694314 -0.423323 0.518203 0.264938 0.0003653804 -0.0000269877 -0.0001247453 0.0000032444 0.0000093274 0.0000440916 0.0079462430 0.0023038928 -0.0000032160 0.0042879786 0.0000223327 0.0026751609
1403637158.88816 1.610843 -3.665897 0.351182 0.692337 -0.429075 0.514405 0.268239 0.0003643484 -0.0000266414 -0.0001262461 0.0000031922 0.0000093408 0.0000452384 0.0081114231 0.0022995944 -0.0000032583 0.0042761364 0.0000210556 0.0026775019
1403637158.93814 1.578766 -3.720712 0.345006 0.692416 -0.431137 0.509198 0.274590 0.0003639847 -0.0000223154 -0.0001276473 0.0000026034 0.0000079273 0.0000462504 0.0082788750 0.0022923872 -0.0000034062 0.0042624018 0.0000201271 0.0026799896
1403637158.98812 1.546730 -3.779489 0.340349 0.693048 -0.433483 0.504137 0.278608 0.0003628091 -0.0000192236 -0.0001296959 0.0000022465 0.0000069686 0.0000478345 0.0084481206 0.0022819449 -0.0000035134 0.0042386546 0.0000184619 0.0026822380
1403637159.03810 1.514199 -3.833943 0.337915 0.693662 -0.434918 0.499735 0.282745 0.0003620315 -0.0000160112 -0.0001311749 0.0000019293 0.0000058931 0.0000489912 0.0086328664 0.0022730345 -0.0000035457 0.0042228877 0.0000180013 0.0026848366
1403637159.08810 1.481730 -3.887207 0.337475 0.693341 -0.436384 0.497857 0.284580 0.0003617158 -0.0000150603 -0.0001317735 0.0000018432 0.0000055765 0.0000494558 0.0088063287 0.0022599433 -0.0000035930 0.0042061928 0.0000177169 0.0026873384
1403637159.13810 1.448984 -3.938850 0.337084 0.692165 -0.438264 0.497907 0.284468 0.0003616842 -0.0000161448 -0.0001317970 0.0000019332 0.0000059736 0.0000494623 0.0089766238 0.0022445115 -0.0000036271 0.0041882718 0.0000175944 0.0026897591
1403637159.18809 1.416023 -3.989396 0.335942 0.690195 -0.440799 0.499645 0.282280 0.0003617175 -0.0000193258 -0.0001314464 0.0000022427 0.0000071155 0.0000491857 0.0091443229 0.0022268450 -0.0000036159 0.0041675080 0.0000177574 0.0026921750
1403637159.23809 1.382754 -4.039721 0.333131 0.688660 -0.442776 0.501442 0.279739 0.0003616372 -0.0000223916 -0.0001311716 0.0000025940 0.0000082163 0.0000489758 0.0093118712 0.0022076439 -0.0000035509 0.0041378438 0.0000179659 0.0026943183
1403637159.28810 1.349018 -4.090709 0.328734 0.687865 -0.444114 0.502808 0.277108 0.0003613096 -0.0000249370 -0.0001312131 0.0000029263 0.0000091500 0.0000490283 0.0094804183 0.0021847481 -0.0000033804 0.0041026112 0.0000192696 0.0026961847
1403637159.33810 1.314744 -4.140931 0.323322 0.687447 -0.445060 0.503777 0.274858 0.0003609367 -0.0000269212 -0.0001313744 0.0000032106 0.0000098910 0.0000491770 0.0096545025 0.0021607784 -0.0000032709 0.0040673622 0.0000205957 0.0026977831
1403637159.38811 1.279806 -4.190837 0.316794 0.687629 -0.445221 0.504339 0.273107 0.0003605967 -0.0000280721 -0.0001316415 0.0000033843 0.0000103389 0.0000493936 0.0098275622 0.0021356426 -0.0000029890 0.0040176207 0.0000213821 0.0026990225
1403637159.43812 1.244094 -4.248154 0.309495 0.688424 -0.443886 0.504469 0.273036 0.0003608043 -0.0000274396 -0.0001316483 0.0000032819 0.0000100971 0.0000493523 0.0100013707 0.0021054961 -0.0000028066 0.0039741265 0.0000233884 0.0027000326
1403637159.48812 1.208125 -4.300837 0.301052 0.688751 -0.442868 0.505363 0.272210 0.0003610831 -0.0000277875 -0.0001313616 0.0000033311 0.0000101900 0.0000490917 0.0102058769 0.0020757232 -0.0000024493 0.0039372364 0.0000253557 0.0027009978
1403637159.53811 1.170178 -4.353047 0.294056 0.691613 -0.439653 0.502856 0.274796 0.0003610877 -0.0000237573 -0.0001322633 0.0000027541 0.0000087741 0.0000497396 0.0103962829 0.0020404733 -0.0000031739 0.0039010982 0.0000270703 0.0027036160
1403637159.58810 1.132396 -4.411784 0.285904 0.694227 -0.437168 0.500529 0.276412 0.0003607362 -0.0000205515 -0.0001333195 0.0000023609 0.0000076604 0.0000505570 0.0105867218 0.0020023339 -0.0000033397 0.0038630394 0.0000292949 0.0027055965
1403637159.63811 1.093565 -4.466031 0.277291 0.697019 -0.434316 0.497778 0.278839 0.0003604059 -0.0000166842 -0.0001343529 0.0000019620 0.0000062767 0.0000513659 0.0108045635 0.0019645016 -0.0000036647 0.0038335634 0.0000315171 0.0027079262
1403637159.68811 1.057654 -4.528369 0.267615 0.698787 -0.431753 0.496591 0.280506 0.0003605625 -0.0000140069 -0.0001345653 0.0000017312 0.0000052815 0.0000514878 0.0110070852 0.0019258632 -0.0000029017 0.0037850869 0.0000329647 0.0027086909
1403637159.73810 1.019166 -4.586659 0.260784 0.700395 -0.429241 0.495185 0.282826 0.0003607766 -0.0000110392 -0.0001347056 0.0000015247 0.0000041700 0.0000515567 0.0112442325 0.0018908241 -0.0000026607 0.0037652238 0.0000341735 0.0027103945
1403637159.78808 0.980526 -4.648291 0.256245 0.700964 -0.427630 0.495137 0.283938 0.0003612508 -0.0000096970 -0.0001343737 0.0000014481 0.0000036517 0.0000512362 0.0114707453 0.0018498407 -0.0000024921 0.0037474798 0.0000351467 0.0027121449
1403637159.83807 0.942110 -4.708929 0.253827 0.700807 -0.426728 0.494875 0.286133 0.0003619607 -0.0000081411 -0.0001337637 0.0000013720 0.0000030501 0.0000506791 0.0117113883 0.0018076697 -0.0000022626 0.0037337803 0.0000360398 0.0027139851
1403637159.88805 0.902446 -4.769541 0.251242 0.700165 -0.427641 0.493177 0.289256 0.0003621575 -0.0000063964 -0.0001337293 0.0000013033 0.0000024005 0.0000506213 0.0119510026 0.0017626348 -0.0000018647 0.0037236631 0.0000372446 0.0027144640
1403637159.93803 0.862859 -4.831413 0.249228 0.697843 -0.432647 0.491060 0.291018 0.0003616043 -0.0000071530 -0.0001344446 0.0000013342 0.0000026985 0.0000512271 0.0121956038 0.0017153540 -0.0000017873 0.0037184650 0.0000382089 0.0027166724
1403637159.98801 0.822892 -4.892925 0.246632 0.694979 -0.438251 0.487911 0.294759 0.0003611673 -0.0000068417 -0.0001350758 0.0000013245 0.0000025972 0.0000517581 0.0124472117 0.0016672023 -0.0000020497 0.0037159416 0.0000390805 0.0027192967
1403637160.03799 0.783671 -4.956545 0.242825 0.689137 -0.444894 0.487373 0.299379 0.0003624780 -0.0000080425 -0.0001336118 0.0000013746 0.0000030046 0.0000504836 0.0127027786 0.0016171362 -0.0000023147 0.0037151686 0.0000399847 0.0027220871
1403637160.08798 0.744804 -5.020716 0.237872 0.681932 -0.452313 0.487744 0.304119 0.0003642784 -0.0000101451 -0.0001314613 0.0000014816 0.0000037041 0.0000486665 0.0129710024 0.0015679902 -0.0000025905 0.0037174023 0.0000408944 0.0027250328
1403637160.13796 0.707975 -5.083367 0.231673 0.673820 -0.460503 0.488180 0.309166 0.0003661852 -0.0000127059 -0.0001290395 0.0000016386 0.0000045250 0.0000466890 0.0132412212 0.0015171612 -0.0000022002 0.0037245644 0.0000428036 0.0027279144
1403637160.18796 0.668950 -5.144757 0.226870 0.666094 -0.469012 0.486557 0.315607 0.0003674780 -0.0000138763 -0.0001274402 0.0000017201 0.0000048641 0.0000454108 0.0135106416 0.0014691466 -0.0000016926 0.0037346873 0.0000448057 0.0027311696
1403637160.23794 0.629714 -5.205766 0.220477 0.659164 -0.477527 0.482763 0.323126 0.0003682033 -0.0000135433 -0.0001266907 0.0000016919 0.0000047140 0.0000448068 0.0137757847 0.0014134656 -0.0000011028 0.0037453855 0.0000471187 0.0027344601
1403637160.28794 0.589781 -5.265251 0.212664 0.651313 -0.487227 0.479116 0.329923 0.0003687284 -0.0000143484 -0.0001260715 0.0000017492 0.0000049631 0.0000443206 0.0140429597 0.0013561962 -0.0000004334 0.0037579328 0.0000495966 0.0027377975
1403637160.33794 0.549503 -5.324463 0.203357 0.643902 -0.496631 0.473891 0.337898 0.0003690483 -0.0000137430 -0.0001258689 0.0000016982 0.0000047463 0.0000441457 0.0143068486 0.0012954044 0.0000002242 0.0037721804 0.0000520436 0.0027411404
1403637160.38793 0.508962 -5.382715 0.193198 0.635495 -0.507589 0.468511 0.344960 0.0003689593 -0.0000143731 -0.0001260469 0.0000017403 0.0000049730 0.0000442784 0.0145726481 0.0012315744 0.0000009670 0.0037877072 0.0000547526 0.0027443293
1403637160.43793 0.467456 -5.440859 0.181553 0.627706 -0.517951 0.461290 0.353445 0.0003687204 -0.0000131687 -0.0001266196 0.0000016431 0.0000045860 0.0000447001 0.0148345006 0.0011645831 0.0000016946 0.0038052771 0.0000572844 0.0027475218
1403637160.48794 0.424299 -5.499128 0.170297 0.620192 -0.528071 0.452854 0.362527 0.0003682778 -0.0000109952 -0.0001275252 0.0000014966 0.0000038719 0.0000453791 0.0151046621 0.0010951477 0.0000018545 0.0038247360 0.0000595858 0.0027512935
1403637160.53794 0.378700 -5.557303 0.157461 0.613180 -0.538566 0.443007 0.371081 0.0003671171 -0.0000084107 -0.0001292998 0.0000013555 0.0000030280 0.0000467633 0.0153767146 0.0010211552 0.0000020021 0.0038465741 0.0000622770 0.0027551652
1403637160.58794 0.334393 -5.612636 0.139370 0.604768 -0.548971 0.434641 0.379439 0.0003666251 -0.0000069511 -0.0001299303 0.0000012768 0.0000025337 0.0000472735 0.0156468215 0.0009420548 0.0000012149 0.0038662898 0.0000647052 0.0027574412
1403637160.63795 0.291239 -5.669353 0.124692 0.597532 -0.558486 0.425247 0.387576 0.0003657097 -0.0000044866 -0.0001312793 0.0000011929 0.0000016798 0.0000483594 0.0159125820 0.0008624501 0.0000007448 0.0038915304 0.0000667633 0.0027623617
1403637160.68798 0.249521 -5.724362 0.109224 0.591150 -0.567561 0.417272 0.392810 0.0003643457 -0.0000034908 -0.0001330685 0.0000011642 0.0000013439 0.0000498410 0.0161874292 0.0007847539 0.0000004492 0.0039180054 0.0000691296 0.0027674981
1403637160.73802 0.209784 -5.778874 0.094118 0.586338 -0.575585 0.409741 0.396261 0.0003624505 -0.0000026245 -0.0001354272 0.0000011427 0.0000010488 0.0000518500 0.0164596420 0.0007080834 0.0000003627 0.0039447867 0.0000716861 0.0027729423
1403637160.78810 0.172628 -5.833954 0.078457 0.582941 -0.581595 0.402582 0.399820 0.0003608633 -0.0000007604 -0.0001373598 0.0000011078 0.0000003560 0.0000535382 0.0167295832 0.0006320588 0.0000002588 0.0039704609 0.0000738398 0.0027771575
1403637160.83818 0.139238 -5.885891 0.067114 0.579443 -0.586354 0.398137 0.402395 0.0003600351 -0.0000001736 -0.0001384173 0.0000010972 0.0000001311 0.0000544694 0.0170063565 0.0005607343 0.0000013914 0.0039953455 0.0000776408 0.0027829365
1403637160.88824 0.108791 -5.936902 0.058053 0.576390 -0.590719 0.394909 0.403575 0.0003591448 -0.0000004768 -0.0001395299 0.0000010899 0.0000002477 0.0000554622 0.0172708082 0.0004948768 0.0000029624 0.0040185577 0.0000820878 0.0027889434
1403637160.93831 0.082026 -5.986296 0.051541 0.574559 -0.594877 0.391601 0.403302 0.0003575355 -0.0000009217 -0.0001413926 0.0000010832 0.0000004246 0.0000571703 0.0175297857 0.0004301088 0.0000051366 0.0040356974 0.0000874214 0.0027949963
1403637160.98836 0.058744 -6.033208 0.048568 0.572453 -0.598688 0.390409 0.401809 0.0003562958 -0.0000028292 -0.0001428025 0.0000010940 0.0000011927 0.0000584868 0.0177729389 0.0003678697 0.0000078795 0.0040458666 0.0000935620 0.0028008753
1403637161.03841 0.038395 -6.079723 0.048870 0.570360 -0.602474 0.390439 0.399089 0.0003549741 -0.0000057922 -0.0001442046 0.0000011565 0.0000024109 0.0000598291 0.0180001494 0.0003064358 0.0000110700 0.0040470929 0.0001002608 0.0028063915
1403637161.08847 0.019532 -6.125657 0.052672 0.567457 -0.605614 0.392348 0.396595 0.0003545694 -0.0000095808 -0.0001445398 0.0000013122 0.0000039630 0.0000601591 0.0182283315 0.0002427497 0.0000147055 0.0040370648 0.0001072853 0.0028113819
1403637161.13851 -0.000714 -6.173438 0.059436 0.563610 -0.608423 0.396268 0.393875 0.0003548742 -0.0000145852 -0.0001439304 0.0000016451 0.0000059733 0.0000595989 0.0184444421 0.0001752815 0.0000186758 0.0040185614 0.0001143013 0.0028156553
1403637161.18853 -0.022522 -6.221312 0.067866 0.558153 -0.611893 0.402714 0.389710 0.0003553229 -0.0000220929 -0.0001426247 0.0000024142 0.0000089293 0.0000584560 0.0186670110 0.0001012241 0.0000230236 0.0039960066 0.0001210191 0.0028191466
1403637161.23855 -0.046812 -6.270132 0.078863 0.551814 -0.613856 0.410945 0.387048 0.0003571066 -0.0000296489 -0.0001394730 0.0000034977 0.0000116438 0.0000556590 0.0188839874 0.0000194997 0.0000275895 0.0039711211 0.0001271070 0.0028217955
1403637161.28855 -0.076646 -6.322349 0.091547 0.546843 -0.616205 0.417623 0.383203 0.0003573925 -0.0000366366 -0.0001376066 0.0000047902 0.0000141733 0.0000541529 0.0191109497 -0.0000629693 0.0000316025 0.0039547712 0.0001309955 0.0028239501
1403637161.33855 -0.107806 -6.375448 0.104753 0.543917 -0.617067 0.421851 0.381346 0.0003578707 -0.0000405743 -0.0001360842 0.0000056312 0.0000154957 0.0000529042 0.0193598990 -0.0001589920 0.0000352692 0.0039452434 0.0001327383 0.0028255610
1403637161.38856 -0.145833 -6.432253 0.121240 0.544074 -0.616188 0.421983 0.382396 0.0003586141 -0.0000398961 -0.0001355762 0.0000054636 0.0000151453 0.0000524018 0.0196232054 -0.0002564257 0.0000366792 0.0039415285 0.0001314870 0.0028272845
1403637161.43856 -0.186268 -6.490310 0.138700 0.545750 -0.614877 0.418563 0.385859 0.0003594097 -0.0000359458 -0.0001359132 0.0000046122 0.0000136479 0.0000525351 0.0199116774 -0.0003713478 0.0000369310 0.0039435099 0.0001275057 0.0028288722
1403637161.48858 -0.229485 -6.549300 0.156774 0.545428 -0.614805 0.415869 0.389327 0.0003602486 -0.0000333295 -0.0001357652 0.0000040940 0.0000126099 0.0000522960 0.0202142127 -0.0004895526 0.0000369279 0.0039521051 0.0001226466 0.0028305013
1403637161.53857 -0.273345 -6.609615 0.175041 0.545026 -0.616689 0.410891 0.392186 0.0003597422 -0.0000304578 -0.0001371296 0.0000035828 0.0000116546 0.0000533999 0.0205288538 -0.0006147809 0.0000367924 0.0039664067 0.0001167968 0.0028322396
1403637161.58857 -0.319006 -6.670658 0.192830 0.542287 -0.619078 0.407360 0.395886 0.0003601096 -0.0000288233 -0.0001372071 0.0000033052 0.0000110228 0.0000533993 0.0208540824 -0.0007411828 0.0000366308 0.0039842621 0.0001107434 0.0028340380
1403637161.63857 -0.366604 -6.733386 0.208865 0.539208 -0.621482 0.403926 0.399823 0.0003606387 -0.0000272428 -0.0001370758 0.0000030496 0.0000103918 0.0000532158 0.0211859003 -0.0008729075 0.0000364718 0.0040062229 0.0001046972 0.0028358992
1403637161.68858 -0.416141 -6.795879 0.224273 0.535072 -0.622886 0.402036 0.405066 0.0003624911 -0.0000259425 -0.0001353740 0.0000028407 0.0000097216 0.0000516598 0.0215345005 -0.0010116269 0.0000364570 0.0040243449 0.0000969302 0.0028371297
1403637161.73856 -0.463176 -6.855271 0.241304 0.530935 -0.622609 0.401217 0.411693 0.0003655461 -0.0000241642 -0.0001322608 0.0000025740 0.0000087736 0.0000489388 0.0218838512 -0.0011690100 0.0000323000 0.0039985124 0.0000731645 0.0028316278
1403637161.78852 -0.501844 -6.940938 0.259854 0.526879 -0.619728 0.401360 0.421006 0.0003700121 -0.0000209988 -0.0001270291 0.0000021575 0.0000072366 0.0000446736 0.0222112335 -0.0013117980 0.0000311372 0.0039742945 0.0000622451 0.0028311271
1403637161.83851 -0.551351 -7.005605 0.274174 0.521464 -0.616440 0.402953 0.430936 0.0003755053 -0.0000185306 -0.0001202146 0.0000018777 0.0000059549 0.0000395290 0.0226980976 -0.0014343983 0.0000312850 0.0040066192 0.0000582205 0.0028331558
1403637161.88847 -0.599708 -7.071074 0.286619 0.516295 -0.613035 0.403942 0.440975 0.0003805202 -0.0000156973 -0.0001134591 0.0000016079 0.0000046984 0.0000348575 0.0230647898 -0.0015828795 0.0000314261 0.0040531820 0.0000560687 0.0028362186
1403637161.93847 -0.649158 -7.129888 0.297910 0.510357 -0.609967 0.406570 0.449642 0.0003851961 -0.0000146711 -0.0001063034 0.0000015174 0.0000040641 0.0000303494 0.0234375553 -0.0017290219 0.0000317362 0.0041036234 0.0000536344 0.0028392752
1403637161.98847 -0.699421 -7.184124 0.308433 0.505596 -0.606909 0.408437 0.457399 0.0003890497 -0.0000132030 -0.0000999861 0.0000014049 0.0000034056 0.0000267013 0.0237718971 -0.0018778023 0.0000314295 0.0041612125 0.0000533503 0.0028445245
1403637162.03847 -0.748974 -7.235423 0.317401 0.501387 -0.604490 0.410154 0.463655 0.0003920695 -0.0000123386 -0.0000946275 0.0000013432 0.0000029883 0.0000238377 0.0240795446 -0.0020289732 0.0000309943 0.0042220640 0.0000527436 0.0028500163
1403637162.08848 -0.797955 -7.282664 0.323893 0.498464 -0.603640 0.410899 0.467241 0.0003936921 -0.0000121193 -0.0000916429 0.0000013264 0.0000028303 0.0000223290 0.0243707974 -0.0021782555 0.0000304878 0.0042840044 0.0000520187 0.0028557133
1403637162.13850 -0.845834 -7.325134 0.328279 0.495591 -0.604062 0.412700 0.468163 0.0003945363 -0.0000138878 -0.0000898770 0.0000014407 0.0000031732 0.0000214698 0.0246405613 -0.0023260276 0.0000299039 0.0043459296 0.0000512462 0.0028615041
1403637162.18853 -0.892444 -7.361779 0.330229 0.493298 -0.607092 0.414736 0.464855 0.0003937594 -0.0000180834 -0.0000909564 0.0000017808 0.0000041892 0.0000220078 0.0248818190 -0.0024709557 0.0000292241 0.0044051125 0.0000504141 0.0028671763
1403637162.23855 -0.938267 -7.393138 0.330113 0.491846 -0.611366 0.416303 0.459359 0.0003918961 -0.0000229746 -0.0000938142 0.0000022954 0.0000055157 0.0000234585 0.0250900484 -0.0026131328 0.0000284815 0.0044587335 0.0000494491 0.0028724211
1403637162.28858 -0.983858 -7.419838 0.328142 0.491004 -0.615075 0.417601 0.454101 0.0003899768 -0.0000271993 -0.0000965985 0.0000028433 0.0000067575 0.0000249310 0.0252671044 -0.0027551589 0.0000277217 0.0045049186 0.0000485226 0.0028769428
1403637162.33861 -1.029431 -7.442207 0.323511 0.491358 -0.617901 0.417609 0.449854 0.0003881468 -0.0000296414 -0.0000994662 0.0000032065 0.0000076198 0.0000264940 0.0254157830 -0.0028996577 0.0000270787 0.0045419330 0.0000473457 0.0028794419
1403637162.38865 -1.076068 -7.463170 0.315293 0.490904 -0.621168 0.418891 0.444628 0.0003860976 -0.0000335143 -0.0001020794 0.0000038489 0.0000088896 0.0000279940 0.0255385688 -0.0030470266 0.0000263693 0.0045697693 0.0000460656 0.0028806689
1403637162.43866 -1.123960 -7.480499 0.306703 0.490911 -0.625215 0.419800 0.438041 0.0003831772 -0.0000377465 -0.0001057546 0.0000046559 0.0000104525 0.0000301944 0.0256524700 -0.0032014828 0.0000255739 0.0045907500 0.0000452297 0.0028812805
1403637162.48867 -1.172731 -7.494268 0.297240 0.495251 -0.629427 0.414902 0.431746 0.0003788934 -0.0000374633 -0.0001127555 0.0000046347 0.0000111891 0.0000345676 0.0257417660 -0.0033689318 0.0000238044 0.0045916396 0.0000407424 0.0028788944
1403637162.53868 -1.223324 -7.538043 0.286283 0.501018 -0.631711 0.408554 0.427792 0.0003753486 -0.0000344543 -0.0001189328 0.0000040848 0.0000109590 0.0000387021 0.0258024717 -0.0035365589 0.0000266129 0.0046006977 0.0000374746 0.0028718615
1403637162.58869 -1.277372 -7.553317 0.283329 0.504666 -0.631689 0.404379 0.427503 0.0003740704 -0.0000312128 -0.0001217198 0.0000035234 0.0000101973 0.0000406238 0.0260590985 -0.0037240811 0.0000296707 0.0046441017 0.0000388624 0.0028711462
1403637162.63871 -1.335662 -7.569099 0.282659 0.506187 -0.628820 0.402583 0.431609 0.0003758288 -0.0000273103 -0.0001203668 0.0000029005 0.0000087845 0.0000395587 0.0261378916 -0.0039054171 0.0000320640 0.0046949965 0.0000406728 0.0028692799
1403637162.68874 -1.390856 -7.587469 0.287687 0.502762 -0.624869 0.406503 0.437634 0.0003800897 -0.0000269593 -0.0001144114 0.0000028254 0.0000081523 0.0000354323 0.0262335554 -0.0040996059 0.0000340896 0.0047476534 0.0000400536 0.0028668640
1403637162.73871 -1.447739 -7.601812 0.290080 0.494989 -0.621978 0.413064 0.444417 0.0003850755 -0.0000295122 -0.0001060607 0.0000031767 0.0000081650 0.0000301885 0.0263350870 -0.0042835910 0.0000351230 0.0048108375 0.0000406414 0.0028687955
1403637162.78868 -1.503028 -7.608535 0.290321 0.486707 -0.621304 0.416877 0.450900 0.0003886478 -0.0000317985 -0.0000993778 0.0000035186 0.0000081669 0.0000263759 0.0264057911 -0.0044720119 0.0000359425 0.0048761147 0.0000416709 0.0028711085
1403637162.83867 -1.562527 -7.620083 0.289615 0.480574 -0.623107 0.414763 0.456901 0.0003903373 -0.0000312771 -0.0000966376 0.0000034243 0.0000077777 0.0000248857 0.0264333453 -0.0046472584 0.0000361656 0.0049491657 0.0000420961 0.0028737058
1403637162.88866 -1.623277 -7.628724 0.286961 0.473599 -0.626147 0.411039 0.463348 0.0003916935 -0.0000305723 -0.0000945049 0.0000033056 0.0000074088 0.0000237588 0.0264868990 -0.0048387845 0.0000363707 0.0050313605 0.0000422378 0.0028766417
1403637162.93865 -1.684875 -7.634842 0.283641 0.467066 -0.629987 0.404091 0.470826 0.0003927002 -0.0000279695 -0.0000935866 0.0000029124 0.0000066959 0.0000232610 0.0265240814 -0.0050306027 0.0000365889 0.0051207183 0.0000422275 0.0028797738
1403637162.98862 -1.747617 -7.640200 0.278961 0.460482 -0.634831 0.395242 0.478257 0.0003932329 -0.0000247732 -0.0000936559 0.0000024809 0.0000059282 0.0000232650 0.0265426647 -0.0052218825 0.0000371741 0.0052117420 0.0000417804 0.0028822058
1403637163.03860 -1.807955 -7.639176 0.273971 0.452742 -0.640774 0.385746 0.485420 0.0003934326 -0.0000221270 -0.0000941529 0.0000021652 0.0000053215 0.0000234914 0.0265557372 -0.0054202216 0.0000368016 0.0053035357 0.0000408936 0.0028851629
1403637163.08860 -1.864173 -7.653216 0.267207 0.444123 -0.647162 0.375866 0.492606 0.0003935574 -0.0000196734 -0.0000946001 0.0000019043 0.0000047540 0.0000237010 0.0265265659 -0.0056040475 0.0000389840 0.0053872855 0.0000431190 0.0028869855
1403637163.13863 -1.919113 -7.633981 0.262341 0.434333 -0.653693 0.364403 0.501250 0.0003939639 -0.0000165177 -0.0000946064 0.0000016115 0.0000039914 0.0000236790 0.0265845494 -0.0057992478 0.0000385175 0.0054581443 0.0000407012 0.0028880814
1403637163.18863 -1.981489 -7.625928 0.253971 0.423196 -0.661258 0.353268 0.508768 0.0003940709 -0.0000146598 -0.0000949218 0.0000014636 0.0000035555 0.0000238254 0.0264437054 -0.0059461717 0.0000383182 0.0055465812 0.0000412293 0.0028903177
1403637163.23863 -2.040370 -7.615851 0.245151 0.411437 -0.668039 0.342143 0.517089 0.0003946093 -0.0000126573 -0.0000943701 0.0000013227 0.0000030506 0.0000235287 0.0263762079 -0.0061255237 0.0000380309 0.0056517168 0.0000418533 0.0028924708
1403637163.28862 -2.099174 -7.602566 0.235125 0.399493 -0.674882 0.332018 0.524122 0.0003949517 -0.0000117207 -0.0000940199 0.0000012626 0.0000028139 0.0000233406 0.0262958452 -0.0062899285 0.0000378492 0.0057511289 0.0000424744 0.0028944209
1403637163.33862 -2.153041 -7.583128 0.225549 0.386653 -0.682149 0.323471 0.529659 0.0003950660 -0.0000126689 -0.0000938557 0.0000013184 0.0000030348 0.0000232533 0.0261943157 -0.0064509726 0.0000366451 0.0058509459 0.0000424710 0.0028957122
1403637163.38861 -2.209277 -7.560780 0.213476 0.373742 -0.689997 0.316270 0.533099 0.0003946116 -0.0000151496 -0.0000945572 0.0000014913 0.0000036573 0.0000236122 0.0260595127 -0.0065873957 0.0000363604 0.0059438450 0.0000428048 0.0028968153
1403637163.43859 -2.264285 -7.533151 0.201845 0.360915 -0.698424 0.309528 0.534918 0.0003935210 -0.0000184644 -0.0000962454 0.0000017736 0.0000045456 0.0000244934 0.0259040644 -0.0067267151 0.0000367453 0.0060424608 0.0000432314 0.0028982110
1403637163.48857 -2.317634 -7.503663 0.188709 0.348963 -0.706935 0.304251 0.534695 0.0003917417 -0.0000227527 -0.0000988320 0.0000022264 0.0000057731 0.0000258887 0.0257205386 -0.0068571919 0.0000372349 0.0061389598 0.0000432198 0.0028994275
1403637163.53856 -2.367995 -7.471963 0.174574 0.339204 -0.715581 0.298401 0.532767 0.0003890391 -0.0000261181 -0.0001030255 0.0000026573 0.0000069526 0.0000282411 0.0255241592 -0.0069816644 0.0000378011 0.0062346111 0.0000427584 0.0029010906
1403637163.58856 -2.422704 -7.441890 0.162831 0.330623 -0.724751 0.294259 0.528050 0.0003851568 -0.0000306569 -0.0001084515 0.0000033435 0.0000086729 0.0000314999 0.0253116399 -0.0070933416 0.0000390862 0.0063249998 0.0000424604 0.0029019117
1403637163.63855 -2.477539 -7.411674 0.153172 0.324671 -0.733971 0.288784 0.521995 0.0003802608 -0.0000334727 -0.0001153400 0.0000038478 0.0000101980 0.0000359542 0.0251117469 -0.0072219923 0.0000387503 0.0064285003 0.0000417558 0.0029035499
1403637163.68855 -2.523220 -7.381630 0.145544 0.319336 -0.741003 0.286039 0.516837 0.0003762085 -0.0000368112 -0.0001202341 0.0000045020 0.0000118143 0.0000393987 0.0249144171 -0.0073506450 0.0000381389 0.0065355000 0.0000409097 0.0029043201
1403637163.73860 -2.572090 -7.357309 0.139164 0.314691 -0.748158 0.284219 0.510341 0.0003713977 -0.0000406050 -0.0001255027 0.0000053349 0.0000137780 0.0000433852 0.0247082161 -0.0074612589 0.0000351348 0.0066101085 0.0000383223 0.0029045184
1403637163.78863 -2.621525 -7.322458 0.136250 0.311316 -0.752577 0.282214 0.507017 0.0003685845 -0.0000424185 -0.0001285427 0.0000057743 0.0000148531 0.0000458035 0.0245483924 -0.0075863269 0.0000331484 0.0067075496 0.0000368738 0.0029052632
1403637163.83866 -2.668918 -7.294874 0.139016 0.308218 -0.756287 0.283025 0.502920 0.0003657373 -0.0000457325 -0.0001309066 0.0000066059 0.0000164322 0.0000478239 0.0243119532 -0.0076938620 0.0000334383 0.0068068358 0.0000345261 0.0029019380
1403637163.88867 -2.724962 -7.255167 0.140931 0.303854 -0.759096 0.285350 0.500022 0.0003637639 -0.0000500317 -0.0001317453 0.0000077663 0.0000181870 0.0000486758 0.0241301894 -0.0078048820 0.0000319879 0.0069052588 0.0000324979 0.0029017066
1403637163.93866 -2.776368 -7.212432 0.144823 0.300357 -0.759801 0.287844 0.499634 0.0003635012 -0.0000531166 -0.0001308994 0.0000086398 0.0000191992 0.0000480837 0.0238738046 -0.0079351335 0.0000297738 0.0070168067 0.0000291654 0.0029009766
1403637163.98866 -2.832933 -7.169743 0.151053 0.297825 -0.759671 0.289721 0.500262 0.0003639675 -0.0000550799 -0.0001296149 0.0000092094 0.0000196867 0.0000470889 0.0236124442 -0.0080386153 0.0000284162 0.0071331508 0.0000273363 0.0029004396
1403637164.03865 -2.889413 -7.125878 0.160468 0.297553 -0.758939 0.290200 0.501257 0.0003647120 -0.0000551316 -0.0001287918 0.0000092037 0.0000195394 0.0000463981 0.0233567032 -0.0081550731 0.0000272949 0.0072670629 0.0000259510 0.0029000703
1403637164.08870 -2.952321 -7.080772 0.173310 0.297598 -0.757038 0.290796 0.503752 0.0003665180 -0.0000545428 -0.0001268884 0.0000089771 0.0000189516 0.0000448288 0.0230870518 -0.0082650134 0.0000278859 0.0073979947 0.0000233567 0.0028981419
1403637164.13869 -3.014951 -7.032358 0.187230 0.298739 -0.754845 0.290938 0.506280 0.0003684196 -0.0000532463 -0.0001251491 0.0000085505 0.0000181528 0.0000433977 0.0228193347 -0.0083911766 0.0000267157 0.0075536267 0.0000222214 0.0028979958
1403637164.18868 -3.079876 -6.983080 0.202594 0.300616 -0.752398 0.290508 0.509051 0.0003704615 -0.0000511901 -0.0001234772 0.0000079231 0.0000171235 0.0000420281 0.0225314519 -0.0085072151 0.0000254522 0.0077105875 0.0000214793 0.0028979452
1403637164.23866 -3.145885 -6.930375 0.217509 0.303774 -0.750696 0.288618 0.510761 0.0003717299 -0.0000480534 -0.0001231702 0.0000070558 0.0000159796 0.0000416738 0.0222433967 -0.0086262732 0.0000238087 0.0078766834 0.0000207971 0.0028978987
1403637164.28865 -3.213915 -6.888129 0.243258 0.309559 -0.747223 0.284923 0.514441 0.0003740815 -0.0000421032 -0.0001222768 0.0000055729 0.0000138159 0.0000408160 0.0219390900 -0.0087433290 0.0000216634 0.0080449476 0.0000209061 0.0028970921
1403637164.33863 -3.289503 -6.848117 0.257518 0.315470 -0.745583 0.281092 0.515337 0.0003745884 -0.0000367149 -0.0001233676 0.0000044250 0.0000121418 0.0000414679 0.0216946936 -0.0088764100 0.0000198583 0.0082207718 0.0000205701 0.0028962170
1403637164.38860 -3.359088 -6.791138 0.272831 0.319283 -0.744888 0.279132 0.515059 0.0003744392 -0.0000339635 -0.0001244141 0.0000039019 0.0000113338 0.0000421702 0.0214674614 -0.0090321238 0.0000183526 0.0084235864 0.0000211540 0.0028960538
1403637164.43857 -3.439387 -6.732412 0.282413 0.322832 -0.745435 0.277105 0.513147 0.0003731686 -0.0000318691 -0.0001266358 0.0000035344 0.0000108628 0.0000438017 0.0211465208 -0.0091430308 0.0000162953 0.0086093454 0.0000214694 0.0028937918
1403637164.48855 -3.510014 -6.670437 0.291802 0.323721 -0.746758 0.279051 0.509596 0.0003714839 -0.0000337696 -0.0001283587 0.0000038808 0.0000117189 0.0000451759 0.0208210143 -0.0092769120 0.0000145843 0.0088313848 0.0000221980 0.0028937145
1403637164.53854 -3.582193 -6.610517 0.298853 0.322537 -0.747868 0.283941 0.506005 0.0003701715 -0.0000382388 -0.0001288350 0.0000047615 0.0000133635 0.0000456594 0.0204863281 -0.0093783903 0.0000126745 0.0090322560 0.0000225040 0.0028936683
1403637164.58853 -3.655538 -6.549041 0.303391 0.322502 -0.748848 0.287521 0.502545 0.0003687292 -0.0000413407 -0.0001297365 0.0000054470 0.0000146039 0.0000464619 0.0201650732 -0.0094845601 0.0000106937 0.0092428368 0.0000227413 0.0028934872
1403637164.63852 -3.729608 -6.485469 0.305463 0.322402 -0.749724 0.290562 0.499544 0.0003674489 -0.0000440354 -0.0001304853 0.0000060909 0.0000156986 0.0000471459 0.0198378912 -0.0095873920 0.0000085758 0.0094617302 0.0000229705 0.0028936067
1403637164.68853 -3.805903 -6.416234 0.305791 0.324968 -0.749347 0.289789 0.498895 0.0003671953 -0.0000426192 -0.0001313170 0.0000057592 0.0000153033 0.0000477628 0.0195020736 -0.0096857719 0.0000061257 0.0096861500 0.0000242875 0.0028933364
1403637164.73855 -3.889998 -6.347822 0.306991 0.328996 -0.746865 0.286474 0.501884 0.0003688716 -0.0000378790 -0.0001307968 0.0000047004 0.0000134898 0.0000471692 0.0191405075 -0.0097767025 0.0000033650 0.0099229794 0.0000257937 0.0028932353
1403637164.78860 -3.981439 -6.282809 0.303832 0.332763 -0.743025 0.281817 0.507703 0.0003718949 -0.0000312775 -0.0001288155 0.0000034373 0.0000108865 0.0000453969 0.0187802979 -0.0098847519 0.0000002940 0.0101888559 0.0000273442 0.0028929178
1403637164.83861 -4.066851 -6.211832 0.302709 0.333983 -0.740052 0.277665 0.513498 0.0003746679 -0.0000264621 -0.0001264158 0.0000026743 0.0000089767 0.0000434241 0.0184446450 -0.0100119149 -0.0000020818 0.0104887348 0.0000287178 0.0028934927
1403637164.88859 -4.152516 -6.142947 0.300350 0.334063 -0.738265 0.271932 0.519056 0.0003767605 -0.0000213257 -0.0001247275 0.0000020110 0.0000071041 0.0000420567 0.0180841217 -0.0101058787 -0.0000050267 0.0107766336 0.0000296329 0.0028945063
1403637164.93857 -4.237482 -6.070990 0.300896 0.332190 -0.737964 0.267090 0.523184 0.0003780475 -0.0000181812 -0.0001235739 0.0000016768 0.0000059850 0.0000411533 0.0177345024 -0.0101955043 -0.0000082510 0.0110670611 0.0000305885 0.0028951537
1403637164.98856 -4.319412 -5.997987 0.296009 0.328607 -0.739029 0.262507 0.526255 0.0003786922 -0.0000163986 -0.0001230457 0.0000015120 0.0000053696 0.0000407386 0.0173822752 -0.0102756844 -0.0000117400 0.0113629527 0.0000314885 0.0028961088
1403637165.03855 -4.406313 -5.917672 0.289742 0.323782 -0.740469 0.257518 0.529676 0.0003793911 -0.0000148432 -0.0001223689 0.0000013811 0.0000048280 0.0000402252 0.0170320805 -0.0103411345 -0.0000161413 0.0116542323 0.0000321710 0.0028966558
1403637165.08854 -4.487380 -5.846307 0.283947 0.317111 -0.741863 0.253255 0.533800 0.0003806382 -0.0000144963 -0.0001207910 0.0000013522 0.0000046407 0.0000390862 0.0166534672 -0.0103973511 -0.0000206566 0.0119713884 0.0000327773 0.0028975923
1403637165.13852 -4.567391 -5.775946 0.277871 0.308636 -0.742277 0.249182 0.540071 0.0003830718 -0.0000142871 -0.0001174296 0.0000013320 0.0000044202 0.0000367483 0.0163221021 -0.0104512534 -0.0000248471 0.0122702590 0.0000329276 0.0028982699
1403637165.18852 -4.647367 -5.704896 0.269230 0.300808 -0.744209 0.241913 0.545110 0.0003841481 -0.0000125045 -0.0001161386 0.0000012023 0.0000038200 0.0000358605 0.0159953359 -0.0104965151 -0.0000279124 0.0125669580 0.0000321598 0.0028981166
1403637165.23850 -4.725021 -5.634715 0.261098 0.292145 -0.747194 0.234964 0.548766 0.0003846220 -0.0000118814 -0.0001156314 0.0000011602 0.0000036119 0.0000355115 0.0156736154 -0.0105355540 -0.0000309000 0.0128695366 0.0000318202 0.0028988496
1403637165.28848 -4.803554 -5.565160 0.254221 0.284100 -0.751765 0.225853 0.550570 0.0003836963 -0.0000103623 -0.0001172984 0.0000010701 0.0000032078 0.0000366098 0.0153585445 -0.0105643962 -0.0000333048 0.0131682090 0.0000318258 0.0028993245
1403637165.33845 -4.877033 -5.490871 0.248964 0.276222 -0.758192 0.217128 0.549274 0.0003811730 -0.0000099134 -0.0001211319 0.0000010468 0.0000031915 0.0000392513 0.0150530250 -0.0105919466 -0.0000352297 0.0134755552 0.0000316816 0.0029004612
1403637165.38843 -4.951773 -5.412115 0.245936 0.269696 -0.764587 0.208289 0.547071 0.0003781037 -0.0000088878 -0.0001255285 0.0000009937 0.0000029919 0.0000424377 0.0147307366 -0.0105946576 -0.0000362594 0.0137649208 0.0000320108 0.0029000455
1403637165.43843 -5.023753 -5.337084 0.246169 0.263328 -0.770997 0.201242 0.543805 0.0003746636 -0.0000090717 -0.0001301183 0.0000010018 0.0000031923 0.0000459594 0.0144001288 -0.0105916868 -0.0000373611 0.0140725583 0.0000325371 0.0029012930
1403637165.48841 -5.095680 -5.262493 0.248870 0.257620 -0.775408 0.195940 0.542200 0.0003725988 -0.0000092719 -0.0001328139 0.0000010118 0.0000033470 0.0000481162 0.0140893905 -0.0105852508 -0.0000383453 0.0143733806 0.0000330775 0.0029030556
1403637165.53839 -5.167327 -5.191988 0.255955 0.253993 -0.778159 0.189286 0.542335 0.0003713963 -0.0000071081 -0.0001345216 0.0000009151 0.0000026151 0.0000495008 0.0137822738 -0.0105728990 -0.0000393514 0.0146743360 0.0000341295 0.0029048319
1403637165.58838 -5.237069 -5.120922 0.263663 0.250444 -0.781041 0.183818 0.541724 0.0003699871 -0.0000058209 -0.0001363915 0.0000008694 0.0000021849 0.0000510585 0.0134998041 -0.0105684666 -0.0000402983 0.0149839099 0.0000349380 0.0029073655
1403637165.63835 -5.310647 -5.048567 0.271460 0.250249 -0.781821 0.174829 0.543660 0.0003695148 -0.0000000623 -0.0001372021 0.0000007755 0.0000000574 0.0000517233 0.0132169259 -0.0105539442 -0.0000415420 0.0152895310 0.0000356593 0.0029102045
1403637165.68832 -5.383293 -4.978725 0.280515 0.250917 -0.781844 0.166636 0.545888 0.0003693138 0.0000056764 -0.0001374515 0.0000008596 -0.0000020840 0.0000519358 0.0129344052 -0.0105413346 -0.0000430516 0.0156159812 0.0000362181 0.0029134406
1403637165.73830 -5.454101 -4.911335 0.288166 0.252344 -0.781500 0.158735 0.548072 0.0003690172 0.0000116047 -0.0001375499 0.0000011365 -0.0000043025 0.0000520498 0.0126676998 -0.0105293447 -0.0000448509 0.0159426622 0.0000366900 0.0029169796
1403637165.78829 -5.525529 -4.845590 0.294188 0.254688 -0.780778 0.150939 0.550215 0.0003685364 0.0000178987 -0.0001375601 0.0000016407 -0.0000066635 0.0000521237 0.0124158685 -0.0105166381 -0.0000469842 0.0162657291 0.0000379124 0.0029202788
1403637165.83828 -5.595855 -4.779457 0.295956 0.257244 -0.779559 0.143709 0.552685 0.0003682771 0.0000240752 -0.0001370560 0.0000023455 -0.0000089485 0.0000517809 0.0121702325 -0.0105015631 -0.0000501027 0.0165929050 0.0000392045 0.0029224275
1403637165.88826 -5.665585 -4.713140 0.295597 0.260617 -0.778424 0.138630 0.554000 0.0003676414 0.0000290076 -0.0001369720 0.0000030609 -0.0000108016 0.0000518044 0.0119286963 -0.0104804552 -0.0000529633 0.0169166051 0.0000406107 0.0029243536
1403637165.93827 -5.727305 -4.652304 0.291672 0.265704 -0.776464 0.134921 0.555249 0.0003671657 0.0000339188 -0.0001365325 0.0000039077 -0.0000126127 0.0000515406 0.0116927693 -0.0104555253 -0.0000559814 0.0172429520 0.0000420879 0.0029254378
1403637165.98829 -5.781975 -4.598869 0.285162 0.272217 -0.774375 0.132151 0.555678 0.0003661281 0.0000386872 -0.0001365397 0.0000048634 -0.0000144334 0.0000516882 0.0114783009 -0.0104255464 -0.0000569517 0.0175293446 0.0000429839 0.0029251358
1403637166.03829 -5.842237 -4.541947 0.280443 0.278758 -0.772095 0.131589 0.555740 0.0003653417 0.0000420649 -0.0001365204 0.0000056187 -0.0000157307 0.0000517814 0.0112905981 -0.0103996930 -0.0000557736 0.0177878714 0.0000434095 0.0029235808
1403637166.08829 -5.902653 -4.484000 0.275630 0.285019 -0.770030 0.130134 0.555772 0.0003643156 0.0000458085 -0.0001365896 0.0000065372 -0.0000171925 0.0000519759 0.0110895322 -0.0103695990 -0.0000536557 0.0180762646 0.0000425175 0.0029209729
1403637166.13830 -5.954729 -4.434716 0.262664 0.289899 -0.768058 0.130579 0.555873 0.0003640266 0.0000478331 -0.0001363544 0.0000070649 -0.0000179393 0.0000518390 0.0108891147 -0.0103332137 -0.0000526398 0.0183659616 0.0000421020 0.0029194947
1403637166.18830 -6.001997 -4.386671 0.246617 0.294257 -0.766456 0.131154 0.555659 0.0003636183 0.0000494498 -0.0001363509 0.0000075059 -0.0000185699 0.0000518923 0.0107191850 -0.0103004491 -0.0000508403 0.0186133112 0.0000416352 0.0029172455
1403637166.23830 -6.043836 -4.345300 0.224940 0.296468 -0.763930 0.134800 0.557088 0.0003653642 0.0000489348 -0.0001346701 0.0000073354 -0.0000180662 0.0000503981 0.0105562092 -0.0102616738 -0.0000472493 0.0188374998 0.0000398902 0.0029161536
1403637166.28830 -6.082038 -4.306744 0.200735 0.296558 -0.760742 0.141015 0.559857 0.0003688483 0.0000464576 -0.0001315546 0.0000066304 -0.0000166002 0.0000476738 0.0104156016 -0.0102259963 -0.0000424659 0.0190289974 0.0000378359 0.0029139698
1403637166.33827 -6.117588 -4.273837 0.180848 0.296477 -0.753345 0.148974 0.567785 0.0003755499 0.0000447597 -0.0001237841 0.0000061125 -0.0000147837 0.0000415410 0.0102864087 -0.0101904491 -0.0000374649 0.0192022892 0.0000350938 0.0029123547
1403637166.38824 -6.151879 -4.243589 0.156702 0.294859 -0.743309 0.160271 0.578673 0.0003841800 0.0000415762 -0.0001123710 0.0000052724 -0.0000121908 0.0000335909 0.0101715325 -0.0101626902 -0.0000291095 0.0193452070 0.0000331236 0.0029068395
1403637166.43824 -6.184074 -4.213796 0.138321 0.294006 -0.734350 0.171389 0.587296 0.0003911254 0.0000381303 -0.0001022554 0.0000044883 -0.0000099989 0.0000274446 0.0100705081 -0.0101349958 -0.0000251480 0.0194923895 0.0000301446 0.0029038936
1403637166.48823 -6.210323 -4.186105 0.120235 0.295412 -0.728558 0.177813 0.591877 0.0003945101 0.0000370536 -0.0000964873 0.0000042502 -0.0000090948 0.0000243038 0.0099676080 -0.0101008200 -0.0000214086 0.0196267359 0.0000271365 0.0029007179
1403637166.53822 -6.232703 -4.160307 0.105396 0.297103 -0.726103 0.182728 0.592550 0.0003957980 0.0000355211 -0.0000945663 0.0000039565 -0.0000085218 0.0000232981 0.0098714445 -0.0100615249 -0.0000183095 0.0197292516 0.0000246262 0.0028976445
1403637166.58818 -6.251655 -4.134370 0.093734 0.300984 -0.727521 0.183631 0.588559 0.0003940259 0.0000355573 -0.0000978551 0.0000039756 -0.0000088694 0.0000250088 0.0097802385 -0.0100188199 -0.0000164656 0.0198101761 0.0000231471 0.0028947283
1403637166.63809 -6.265341 -4.111237 0.086392 0.305717 -0.732253 0.182186 0.580648 0.0003896704 0.0000357953 -0.0001052327 0.0000040539 -0.0000097098 0.0000291329 0.0096894707 -0.0099726801 -0.0000152242 0.0198704187 0.0000236180 0.0028920822
1403637166.68796 -6.272870 -4.084835 0.080975 0.311090 -0.740004 0.178198 0.569089 0.0003826407 0.0000363283 -0.0001160096 0.0000042140 -0.0000110627 0.0000358991 0.0096115504 -0.0099270612 -0.0000159207 0.0199084546 0.0000244789 0.0028898123
1403637166.73787 -6.284712 -4.058163 0.082780 0.318371 -0.744371 0.171870 0.561259 0.0003757095 0.0000402954 -0.0001235771 0.0000050854 -0.0000133079 0.0000413765 0.0095215837 -0.0098704430 -0.0000136950 0.0199058834 0.0000296397 0.0028841413
1403637166.78784 -6.290304 -4.030181 0.078284 0.324734 -0.747063 0.165880 0.555813 0.0003701831 0.0000446513 -0.0001290818 0.0000061517 -0.0000156311 0.0000457507 0.0094416550 -0.0098199216 -0.0000144036 0.0199440445 0.0000312299 0.0028831855
1403637166.83786 -6.294631 -4.004021 0.073402 0.331159 -0.747122 0.159347 0.553851 0.0003661204 0.0000504753 -0.0001317468 0.0000077284 -0.0000182317 0.0000481554 0.0093599686 -0.0097575215 -0.0000147683 0.0199498766 0.0000328435 0.0028824398
1403637166.88789 -6.296267 -3.982826 0.071586 0.337885 -0.744020 0.152776 0.555812 0.0003638297 0.0000578818 -0.0001312030 0.0000099824 -0.0000209485 0.0000480615 0.0092853392 -0.0096993329 -0.0000148861 0.0199481564 0.0000348500 0.0028808869
1403637166.93795 -6.293853 -3.956776 0.068939 0.343797 -0.739884 0.146536 0.559377 0.0003622985 0.0000653382 -0.0001292293 0.0000125609 -0.0000233869 0.0000468404 0.0092282250 -0.0096514722 -0.0000151371 0.0199285663 0.0000366820 0.0028784971
1403637166.98803 -6.294017 -3.941655 0.072479 0.348975 -0.733479 0.141885 0.565768 0.0003625145 0.0000725856 -0.0001246262 0.0000153138 -0.0000250404 0.0000435767 0.0091555635 -0.0095857910 -0.0000140543 0.0198836460 0.0000395897 0.0028740056
1403637167.03807 -6.284215 -3.925053 0.068165 0.353700 -0.727392 0.137039 0.571855 0.0003621910 0.0000798687 -0.0001202300 0.0000183974 -0.0000266028 0.0000406368 0.0091191037 -0.0095503537 -0.0000141687 0.0198484734 0.0000416410 0.0028721541
1403637167.08808 -6.270015 -3.916300 0.065853 0.358117 -0.721049 0.133604 0.577920 0.0003622299 0.0000860778 -0.0001155172 0.0000212448 -0.0000275433 0.0000375587 0.0090759354 -0.0094919009 -0.0000142893 0.0197537288 0.0000437895 0.0028703264
1403637167.13811 -6.249759 -3.912409 0.065456 0.361533 -0.715011 0.130368 0.584001 0.0003622842 0.0000917265 -0.0001106514 0.0000240189 -0.0000281098 0.0000345089 0.0090568574 -0.0094472133 -0.0000142707 0.0196333104 0.0000459559 0.0028684004
1403637167.18813 -6.225224 -3.912471 0.066386 0.363889 -0.709475 0.128399 0.589698 0.0003626826 0.0000960984 -0.0001058663 0.0000262611 -0.0000281453 0.0000316095 0.0090559254 -0.0094102946 -0.0000142677 0.0194839158 0.0000477512 0.0028665984
1403637167.23812 -6.195210 -3.919121 0.067638 0.365470 -0.705638 0.126526 0.593716 0.0003625221 0.0000993276 -0.0001024627 0.0000280145 -0.0000281685 0.0000296619 0.0090657163 -0.0093775455 -0.0000147168 0.0193083681 0.0000500048 0.0028634751
1403637167.28813 -6.161006 -3.931025 0.068752 0.365789 -0.704323 0.125546 0.595286 0.0003621593 0.0001005031 -0.0001010714 0.0000286893 -0.0000281433 0.0000289068 0.0090938972 -0.0093519850 -0.0000150772 0.0191017755 0.0000521767 0.0028604324
1403637167.33815 -6.120558 -3.952184 0.073444 0.365036 -0.705632 0.125376 0.594233 0.0003614495 0.0000995337 -0.0001019425 0.0000282045 -0.0000281669 0.0000294467 0.0091392894 -0.0093374128 -0.0000154596 0.0188735281 0.0000563956 0.0028564208
1403637167.38815 -6.073648 -3.974670 0.076275 0.362839 -0.709873 0.126905 0.590189 0.0003607792 0.0000960743 -0.0001051504 0.0000263740 -0.0000280961 0.0000313455 0.0092130447 -0.0093345315 -0.0000154495 0.0186176676 0.0000575146 0.0028543224
1403637167.43816 -6.022857 -4.001390 0.076781 0.358142 -0.717802 0.133532 0.581948 0.0003610551 0.0000871591 -0.0001112140 0.0000218173 -0.0000269402 0.0000349629 0.0092908931 -0.0093237820 -0.0000150583 0.0183301245 0.0000587809 0.0028523809
1403637167.48818 -5.969185 -4.033520 0.075078 0.350460 -0.726304 0.145663 0.573099 0.0003631023 0.0000737593 -0.0001167052 0.0000157430 -0.0000237945 0.0000382222 0.0093818796 -0.0093171301 -0.0000144014 0.0180244143 0.0000595835 0.0028502400
1403637167.53819 -5.914142 -4.069793 0.071577 0.341773 -0.735487 0.159338 0.562904 0.0003641912 0.0000583857 -0.0001224806 0.0000101019 -0.0000197158 0.0000419082 0.0094888494 -0.0093182087 -0.0000135775 0.0177086725 0.0000597828 0.0028476517
1403637167.58820 -5.860631 -4.115374 0.067438 0.333139 -0.742811 0.173628 0.554169 0.0003649679 0.0000431486 -0.0001263273 0.0000058239 -0.0000150069 0.0000444412 0.0096078260 -0.0093260205 -0.0000129126 0.0173910071 0.0000605725 0.0028432266
1403637167.63820 -5.804619 -4.155921 0.062032 0.325014 -0.748414 0.187295 0.546957 0.0003654785 0.0000292001 -0.0001286096 0.0000030416 -0.0000103394 0.0000459721 0.0097589697 -0.0093551693 -0.0000121398 0.0170954810 0.0000595583 0.0028400425
1403637167.68819 -5.747722 -4.198355 0.055819 0.320536 -0.751793 0.197726 0.541266 0.0003650056 0.0000192768 -0.0001301089 0.0000017156 -0.0000069296 0.0000470925 0.0098933599 -0.0093646064 -0.0000117212 0.0167974497 0.0000583603 0.0028369015
1403637167.73819 -5.688280 -4.239769 0.047734 0.319927 -0.754031 0.204500 0.535969 0.0003633681 0.0000133767 -0.0001319938 0.0000011808 -0.0000049140 0.0000486617 0.0100351198 -0.0093737403 -0.0000113692 0.0165040050 0.0000574755 0.0028338447
1403637167.78818 -5.627074 -4.276742 0.037790 0.321773 -0.755916 0.209253 0.530346 0.0003608801 0.0000096365 -0.0001345631 0.0000009384 -0.0000036463 0.0000508916 0.0101751857 -0.0093730307 -0.0000111771 0.0162076410 0.0000571890 0.0028306151
1403637167.83818 -5.565743 -4.311429 0.025588 0.326005 -0.757089 0.213011 0.524560 0.0003579519 0.0000074891 -0.0001374052 0.0000008276 -0.0000029248 0.0000534611 0.0103012428 -0.0093569673 -0.0000109718 0.0159100436 0.0000570324 0.0028267423
1403637167.88818 -5.503550 -4.347709 0.014875 0.331913 -0.757940 0.214928 0.518813 0.0003545506 0.0000070688 -0.0001406535 0.0000008054 -0.0000028532 0.0000565177 0.0104214069 -0.0093339844 -0.0000107791 0.0156209180 0.0000569696 0.0028234364
1403637167.93818 -5.441391 -4.383439 0.003281 0.338148 -0.757735 0.215202 0.514958 0.0003518284 0.0000084090 -0.0001429819 0.0000008582 -0.0000034659 0.0000588266 0.0105477209 -0.0093115371 -0.0000103590 0.0153335705 0.0000572453 0.0028193672
1403637167.98819 -5.379158 -4.419687 -0.007111 0.345635 -0.755442 0.213134 0.514215 0.0003502946 0.0000126384 -0.0001438439 0.0000011068 -0.0000052398 0.0000597845 0.0106738954 -0.0092859888 -0.0000097463 0.0150514472 0.0000575581 0.0028152354
1403637168.03818 -5.318228 -4.458573 -0.014576 0.352328 -0.752496 0.211533 0.514653 0.0003495784 0.0000167217 -0.0001438017 0.0000014456 -0.0000069299 0.0000598673 0.0108063066 -0.0092617609 -0.0000092648 0.0147746337 0.0000578670 0.0028116351
1403637168.08819 -5.258837 -4.498440 -0.022042 0.356346 -0.750662 0.212990 0.513964 0.0003492255 0.0000175332 -0.0001437402 0.0000015201 -0.0000072664 0.0000598722 0.0109477832 -0.0092415212 -0.0000087201 0.0145043021 0.0000580577 0.0028078162
1403637168.13820 -5.199223 -4.540005 -0.030271 0.357234 -0.751210 0.217448 0.510670 0.0003484078 0.0000143455 -0.0001446251 0.0000012247 -0.0000060010 0.0000607421 0.0110935844 -0.0092234111 -0.0000084366 0.0142446989 0.0000580094 0.0028048229
1403637168.18819 -5.140231 -4.583311 -0.043272 0.357714 -0.751062 0.221426 0.508838 0.0003483353 0.0000118227 -0.0001446520 0.0000010275 -0.0000049518 0.0000607725 0.0112468329 -0.0092076377 -0.0000081096 0.0139894041 0.0000577568 0.0028014955
1403637168.23818 -5.080972 -4.630154 -0.059096 0.358476 -0.748583 0.225300 0.510253 0.0003500733 0.0000106727 -0.0001426988 0.0000009417 -0.0000043878 0.0000588630 0.0114070499 -0.0091943356 -0.0000078560 0.0137392955 0.0000571555 0.0027981764
1403637168.28817 -5.023771 -4.674239 -0.076041 0.359364 -0.745831 0.227393 0.512724 0.0003521392 0.0000110225 -0.0001403078 0.0000009569 -0.0000044268 0.0000565926 0.0115806966 -0.0091836940 -0.0000077078 0.0134917171 0.0000569800 0.0027953514
1403637168.33817 -4.967084 -4.718517 -0.096827 0.359770 -0.741903 0.229295 0.517271 0.0003552337 0.0000120774 -0.0001366765 0.0000010191 -0.0000046797 0.0000532648 0.0117475208 -0.0091702991 -0.0000074540 0.0132568194 0.0000567535 0.0027925498
1403637168.38816 -4.910782 -4.763416 -0.120682 0.359997 -0.736567 0.231587 0.523677 0.0003594089 0.0000136273 -0.0001315750 0.0000011211 -0.0000050195 0.0000488365 0.0119124430 -0.0091518119 -0.0000071794 0.0130233204 0.0000561856 0.0027898309
1403637168.43816 -4.854709 -4.806856 -0.144539 0.359960 -0.731598 0.233465 0.529799 0.0003632312 0.0000151995 -0.0001265808 0.0000012380 -0.0000053254 0.0000447720 0.0120836716 -0.0091338162 -0.0000070403 0.0127945568 0.0000556678 0.0027873165
1403637168.48817 -4.798058 -4.850015 -0.169746 0.357669 -0.727878 0.238479 0.534223 0.0003669793 0.0000133941 -0.0001217615 0.0000010880 -0.0000044689 0.0000410527 0.0122498673 -0.0091103268 -0.0000068260 0.0125687579 0.0000550417 0.0027847766
1403637168.53818 -4.741910 -4.894559 -0.196147 0.356106 -0.726551 0.241755 0.535600 0.0003685384 0.0000115214 -0.0001196598 0.0000009553 -0.0000037613 0.0000394988 0.0124147422 -0.0090822609 -0.0000064676 0.0123425502 0.0000542917 0.0027817986
1403637168.58819 -4.685592 -4.937647 -0.220979 0.355518 -0.728147 0.243630 0.532966 0.0003676214 0.0000091691 -0.0001209465 0.0000008206 -0.0000030337 0.0000404390 0.0125875112 -0.0090560712 -0.0000060083 0.0121216829 0.0000534564 0.0027790451
1403637168.63820 -4.627684 -4.979983 -0.245934 0.355868 -0.730007 0.243564 0.530212 0.0003660375 0.0000082385 -0.0001229729 0.0000007752 -0.0000027825 0.0000419643 0.0127546395 -0.0090239411 -0.0000056499 0.0119031057 0.0000528594 0.0027765676
1403637168.68820 -4.569160 -5.021832 -0.269180 0.356955 -0.732142 0.241773 0.527348 0.0003638956 0.0000084844 -0.0001255850 0.0000007855 -0.0000029411 0.0000439956 0.0129229810 -0.0089874507 -0.0000052564 0.0116832557 0.0000523571 0.0027740605
1403637168.73820 -4.510166 -5.063528 -0.289930 0.358489 -0.733608 0.239481 0.525313 0.0003620155 0.0000095325 -0.0001277423 0.0000008379 -0.0000033759 0.0000457342 0.0130901896 -0.0089458072 -0.0000049849 0.0114630241 0.0000520277 0.0027717155
1403637168.78820 -4.450763 -5.105362 -0.309114 0.357874 -0.735467 0.239672 0.523041 0.0003607536 0.0000081916 -0.0001292638 0.0000007720 -0.0000029452 0.0000469786 0.0132598975 -0.0089022909 -0.0000047188 0.0112452648 0.0000517822 0.0027693889
1403637168.83820 -4.392243 -5.145654 -0.326707 0.359392 -0.735890 0.236081 0.523039 0.0003595642 0.0000107271 -0.0001303258 0.0000009002 -0.0000038958 0.0000478969 0.0134298705 -0.0088593689 -0.0000038202 0.0110303795 0.0000515051 0.0027662383
1403637168.88821 -4.332937 -5.188706 -0.343889 0.360934 -0.735936 0.233758 0.522955 0.0003587110 0.0000126168 -0.0001310649 0.0000010233 -0.0000046169 0.0000485489 0.0135993604 -0.0088122860 -0.0000036726 0.0108215654 0.0000513274 0.0027640506
1403637168.93822 -4.273064 -5.231641 -0.360558 0.362832 -0.735841 0.229881 0.523493 0.0003577062 0.0000156655 -0.0001318205 0.0000012651 -0.0000057801 0.0000492399 0.0137783685 -0.0087640609 -0.0000035590 0.0106116465 0.0000512316 0.0027618809
1403637168.98822 -4.212603 -5.274944 -0.379255 0.363417 -0.735876 0.227665 0.524007 0.0003572057 0.0000172759 -0.0001320923 0.0000014118 -0.0000063948 0.0000495086 0.0139603536 -0.0087141640 -0.0000030858 0.0104027160 0.0000511667 0.0027595551
1403637169.03822 -4.151829 -5.319685 -0.397409 0.365120 -0.734924 0.224295 0.525609 0.0003569340 0.0000204224 -0.0001318743 0.0000017441 -0.0000075517 0.0000493844 0.0141466143 -0.0086611649 -0.0000029221 0.0101952276 0.0000511313 0.0027574816
1403637169.08822 -4.091529 -5.364902 -0.416322 0.368223 -0.733299 0.220274 0.527412 0.0003563835 0.0000246662 -0.0001317127 0.0000022827 -0.0000091231 0.0000493407 0.0143424003 -0.0086079418 -0.0000029545 0.0099893930 0.0000510783 0.0027556125
1403637169.13823 -4.029965 -5.412103 -0.434487 0.370616 -0.731172 0.220233 0.528705 0.0003568487 0.0000264215 -0.0001307505 0.0000025308 -0.0000096863 0.0000485680 0.0145439536 -0.0085539514 -0.0000027496 0.0097859713 0.0000510453 0.0027537076
1403637169.18823 -3.967197 -5.460573 -0.450200 0.374533 -0.727748 0.221722 0.530045 0.0003577049 0.0000281441 -0.0001293149 0.0000027885 -0.0000101785 0.0000474087 0.0147553683 -0.0084967722 -0.0000027897 0.0095807243 0.0000510028 0.0027520600
1403637169.23822 -3.903594 -5.510056 -0.463602 0.379309 -0.723891 0.225445 0.530359 0.0003587112 0.0000288136 -0.0001279489 0.0000028891 -0.0000102798 0.0000462968 0.0149745388 -0.0084369585 -0.0000029036 0.0093760437 0.0000509583 0.0027505029
1403637169.28821 -3.838518 -5.560816 -0.474299 0.384777 -0.719285 0.231507 0.530076 0.0003601160 0.0000284650 -0.0001262926 0.0000028249 -0.0000099825 0.0000449469 0.0151983690 -0.0083733022 -0.0000028752 0.0091712664 0.0000510613 0.0027487584
1403637169.33820 -3.771814 -5.612333 -0.482000 0.390775 -0.714481 0.239220 0.528758 0.0003615005 0.0000271767 -0.0001248361 0.0000026188 -0.0000093817 0.0000437635 0.0154280954 -0.0083039462 -0.0000029308 0.0089644043 0.0000511213 0.0027471078
1403637169.38820 -3.702129 -5.663725 -0.488615 0.398338 -0.708887 0.246915 0.527105 0.0003626182 0.0000266494 -0.0001235111 0.0000025351 -0.0000090719 0.0000427191 0.0156622077 -0.0082288457 -0.0000027262 0.0087558196 0.0000513520 0.0027451168
1403637169.43819 -3.631276 -5.715386 -0.496823 0.407695 -0.702691 0.254658 0.524556 0.0003632306 0.0000266402 -0.0001226739 0.0000025306 -0.0000089896 0.0000420757 0.0158965018 -0.0081453049 -0.0000018076 0.0085424844 0.0000517777 0.0027422444
1403637169.48819 -3.560855 -5.767867 -0.499550 0.417132 -0.695670 0.263520 0.522113 0.0003643684 0.0000263786 -0.0001212363 0.0000024887 -0.0000087676 0.0000409788 0.0161338302 -0.0080549245 -0.0000015824 0.0083303341 0.0000518135 0.0027400303
1403637169.53819 -3.489109 -5.818512 -0.500658 0.428750 -0.686942 0.271115 0.520365 0.0003652320 0.0000282841 -0.0001196551 0.0000027723 -0.0000092563 0.0000398367 0.0163750048 -0.0079626483 -0.0000013663 0.0081234696 0.0000518653 0.0027378703
1403637169.58820 -3.413592 -5.866495 -0.503449 0.440141 -0.677682 0.280644 0.517940 0.0003664899 0.0000291182 -0.0001177442 0.0000028983 -0.0000093449 0.0000384556 0.0166110040 -0.0078631454 -0.0000005761 0.0079170544 0.0000524649 0.0027348365
1403637169.63820 -3.338229 -5.917500 -0.501961 0.453817 -0.666203 0.287877 0.517060 0.0003674339 0.0000330280 -0.0001154061 0.0000035586 -0.0000103649 0.0000368700 0.0168350614 -0.0077471993 -0.0000002281 0.0077053333 0.0000528292 0.0027323971
1403637169.68821 -3.260218 -5.967301 -0.501171 0.465398 -0.656361 0.297988 0.513612 0.0003684978 0.0000335086 -0.0001137671 0.0000036416 -0.0000103365 0.0000357420 0.0170750214 -0.0076320465 -0.0000000525 0.0074985807 0.0000531908 0.0027301224
1403637169.73823 -3.179835 -6.016393 -0.500805 0.477420 -0.647256 0.307447 0.508534 0.0003687203 0.0000337802 -0.0001133929 0.0000036941 -0.0000103805 0.0000354875 0.0173092648 -0.0075048612 0.0000001053 0.0072895688 0.0000535302 0.0027279410
1403637169.78824 -3.096643 -6.064738 -0.501762 0.488759 -0.638773 0.316228 0.503074 0.0003687009 0.0000338340 -0.0001134381 0.0000037092 -0.0000104028 0.0000355164 0.0175425232 -0.0073688926 0.0000001678 0.0070810696 0.0000537976 0.0027259435
1403637169.83825 -3.017786 -6.110048 -0.504543 0.499430 -0.630131 0.325065 0.497832 0.0003689270 0.0000338656 -0.0001131033 0.0000037157 -0.0000103766 0.0000352846 0.0177707117 -0.0072211629 0.0000007394 0.0068697233 0.0000542722 0.0027226885
1403637169.88826 -2.934260 -6.156939 -0.508070 0.511132 -0.620575 0.330087 0.494645 0.0003683795 0.0000370224 -0.0001129463 0.0000043334 -0.0000113483 0.0000352393 0.0179893635 -0.0070787165 0.0000007048 0.0066768163 0.0000543671 0.0027208552
1403637169.93826 -2.847458 -6.203124 -0.513642 0.520981 -0.611422 0.336691 0.491305 0.0003685926 0.0000386565 -0.0001121218 0.0000046716 -0.0000117577 0.0000347151 0.0182181653 -0.0069230752 0.0000006754 0.0064779713 0.0000544103 0.0027190267
1403637169.98826 -2.759266 -6.248455 -0.520720 0.530795 -0.601889 0.341998 0.488901 0.0003685972 0.0000414168 -0.0001111608 0.0000052746 -0.0000124916 0.0000341305 0.0184456950 -0.0067549183 0.0000005923 0.0062772079 0.0000544803 0.0027171987
1403637170.03827 -2.669824 -6.290959 -0.530461 0.539929 -0.593796 0.347451 0.484934 0.0003682146 0.0000428747 -0.0001112062 0.0000056148 -0.0000129529 0.0000341907 0.0186684653 -0.0065779570 0.0000006478 0.0060786372 0.0000550072 0.0027150377
1403637170.08827 -2.578201 -6.333310 -0.540679 0.548917 -0.586237 0.352897 0.480083 0.0003676412 0.0000436955 -0.0001117709 0.0000058178 -0.0000132908 0.0000345836 0.0188777739 -0.0063910412 0.0000004923 0.0058840542 0.0000552997 0.0027132228
1403637170.13827 -2.482541 -6.366938 -0.554521 0.556799 -0.577996 0.359727 0.475912 0.0003678565 0.0000441506 -0.0001112709 0.0000059123 -0.0000133680 0.0000342526 0.0190874749 -0.0061961026 0.0000007842 0.0056905028 0.0000564656 0.0027102427
1403637170.18827 -2.383123 -6.406307 -0.567090 0.564296 -0.569511 0.366879 0.471833 0.0003685380 0.0000442440 -0.0001102472 0.0000059209 -0.0000132511 0.0000335697 0.0192533142 -0.0059784810 0.0000005552 0.0054972869 0.0000570267 0.0027083474
1403637170.23827 -2.282376 -6.444357 -0.580386 0.572327 -0.560798 0.372905 0.467855 0.0003686407 0.0000452784 -0.0001097054 0.0000061674 -0.0000134936 0.0000332329 0.0194492497 -0.0057540807 0.0000002103 0.0053052067 0.0000576174 0.0027064625
1403637170.28827 -2.179287 -6.478796 -0.596217 0.580546 -0.551404 0.378588 0.464318 0.0003686446 0.0000470002 -0.0001090032 0.0000065933 -0.0000139200 0.0000328110 0.0196411624 -0.0055219297 -0.0000001663 0.0051188842 0.0000583056 0.0027046627
1403637170.33826 -2.073161 -6.511316 -0.611635 0.587028 -0.542577 0.387489 0.459196 0.0003699117 0.0000459296 -0.0001075464 0.0000062913 -0.0000133796 0.0000318389 0.0198128200 -0.0052768166 -0.0000005951 0.0049363599 0.0000591550 0.0027026209
1403637170.38827 -1.966285 -6.545320 -0.628095 0.591752 -0.535355 0.400218 0.450611 0.0003721909 0.0000406753 -0.0001061399 0.0000050257 -0.0000116244 0.0000308332 0.0199767610 -0.0050192545 -0.0000011253 0.0047586474 0.0000597281 0.0027009790
1403637170.43827 -1.856535 -6.575220 -0.645776 0.594727 -0.527694 0.415705 0.441619 0.0003756151 0.0000337640 -0.0001030519 0.0000036040 -0.0000092866 0.0000288291 0.0201472578 -0.0047595824 -0.0000016422 0.0045901492 0.0000603378 0.0026992341
1403637170.48827 -1.747295 -6.602957 -0.665268 0.596863 -0.519838 0.432640 0.431679 0.0003792892 0.0000256956 -0.0000991465 0.0000023018 -0.0000067365 0.0000264662 0.0202944955 -0.0044877885 -0.0000021211 0.0044284587 0.0000605923 0.0026976197
1403637170.53827 -1.636789 -6.627986 -0.685061 0.598972 -0.510253 0.449345 0.423040 0.0003830443 0.0000190190 -0.0000938303 0.0000014986 -0.0000046771 0.0000235256 0.0204278747 -0.0042147949 -0.0000026570 0.0042783205 0.0000609785 0.0026960779
1403637170.58827 -1.525987 -6.652264 -0.704845 0.600696 -0.499837 0.465627 0.415354 0.0003867460 0.0000132507 -0.0000875160 0.0000010071 -0.0000030143 0.0000203399 0.0205455795 -0.0039358101 -0.0000031633 0.0041377766 0.0000610428 0.0026949204
1403637170.63827 -1.414337 -6.673896 -0.726786 0.603732 -0.488998 0.480059 0.407348 0.0003894607 0.0000088447 -0.0000822549 0.0000007544 -0.0000018828 0.0000179058 0.0206633593 -0.0036555657 -0.0000039831 0.0040078337 0.0000612408 0.0026939135
1403637170.68826 -1.305809 -6.691686 -0.749605 0.607109 -0.476819 0.493498 0.400652 0.0003920849 0.0000062820 -0.0000763676 0.0000006500 -0.0000012380 0.0000154025 0.0207605640 -0.0033703523 -0.0000047303 0.0038872387 0.0000614560 0.0026927809
1403637170.73826 -1.198449 -6.703447 -0.773378 0.612238 -0.464687 0.504392 0.393471 0.0003936823 0.0000052142 -0.0000724471 0.0000006133 -0.0000009749 0.0000138565 0.0208369272 -0.0030906341 -0.0000057866 0.0037798851 0.0000620627 0.0026915833
1403637170.78826 -1.091782 -6.712055 -0.795832 0.618708 -0.453785 0.514270 0.383153 0.0003943626 0.0000029564 -0.0000708432 0.0000005635 -0.0000005465 0.0000132502 0.0208803422 -0.0028104398 -0.0000070623 0.0036833686 0.0000625855 0.0026907524
1403637170.83825 -0.982369 -6.717840 -0.817952 0.628809 -0.444307 0.518565 0.371861 0.0003931808 0.0000026411 -0.0000740263 0.0000005562 -0.0000005124 0.0000144587 0.0209034700 -0.0025320803 -0.0000082555 0.0035971632 0.0000631011 0.0026899987
1403637170.88825 -0.879781 -6.718281 -0.837154 0.638758 -0.433161 0.523833 0.360496 0.0003923446 0.0000026961 -0.0000761908 0.0000005483 -0.0000005383 0.0000153137 0.0209153720 -0.0022437753 -0.0000097471 0.0035170654 0.0000638373 0.0026891003
1403637170.93824 -0.778809 -6.714058 -0.854727 0.649806 -0.422063 0.527207 0.348809 0.0003908399 0.0000033224 -0.0000798577 0.0000005526 -0.0000006940 0.0000168330 0.0209016146 -0.0019735318 -0.0000115007 0.0034511859 0.0000645253 0.0026884595
1403637170.98825 -0.681009 -6.704032 -0.870146 0.660629 -0.411382 0.530061 0.336703 0.0003890880 0.0000034947 -0.0000838921 0.0000005424 -0.0000007698 0.0000185984 0.0208591357 -0.0017067651 -0.0000133878 0.0033934806 0.0000656985 0.0026874863
1403637171.03825 -0.583172 -6.692849 -0.883211 0.669682 -0.400702 0.534492 0.324472 0.0003879419 0.0000024573 -0.0000864619 0.0000005083 -0.0000005640 0.0000197735 0.0207915585 -0.0014460152 -0.0000150436 0.0033437253 0.0000666894 0.0026866900
1403637171.08824 -0.488027 -6.676828 -0.895463 0.678084 -0.391374 0.538988 0.310677 0.0003865303 -0.0000002135 -0.0000894968 0.0000004832 0.0000000348 0.0000212197 0.0207203138 -0.0011863945 -0.0000165397 0.0033024677 0.0000672076 0.0026861736
1403637171.13824 -0.392948 -6.660646 -0.903926 0.686800 -0.381806 0.540771 0.300161 0.0003848999 -0.0000003132 -0.0000928022 0.0000004722 0.0000000620 0.0000228679 0.0206248270 -0.0009355345 -0.0000180600 0.0032692713 0.0000676659 0.0026855319
1403637171.18824 -0.300512 -6.643091 -0.909777 0.692984 -0.373075 0.543723 0.291468 0.0003841797 -0.0000007905 -0.0000942388 0.0000004544 0.0000001834 0.0000235973 0.0205270418 -0.0006858063 -0.0000185812 0.0032411357 0.0000680039 0.0026844820
1403637171.23825 -0.216312 -6.618208 -0.913898 0.696269 -0.365972 0.548641 0.283314 0.0003843977 -0.0000027807 -0.0000938381 0.0000004609 0.0000006712 0.0000233794 0.0204276832 -0.0004438216 -0.0000194382 0.0032216969 0.0000681612 0.0026838539
1403637171.28826 -0.138521 -6.591045 -0.914599 0.698713 -0.358296 0.553034 0.278527 0.0003852601 -0.0000027423 -0.0000922093 0.0000004376 0.0000006509 0.0000225276 0.0202845118 -0.0002246474 -0.0000193908 0.0032065945 0.0000681049 0.0026829564
1403637171.33827 -0.058639 -6.565470 -0.913236 0.700929 -0.351004 0.556040 0.276251 0.0003860976 -0.0000012158 -0.0000906361 0.0000004126 0.0000002822 0.0000217223 0.0201329845 -0.0000251458 -0.0000194979 0.0032006547 0.0000679224 0.0026821882
1403637171.38827 0.018253 -6.537617 -0.910028 0.703730 -0.343301 0.556838 0.277201 0.0003866083 0.0000031443 -0.0000895984 0.0000004200 -0.0000007287 0.0000211955 0.0199870453 0.0001774754 -0.0000188145 0.0031991093 0.0000678537 0.0026809293
1403637171.43827 0.095897 -6.508243 -0.905856 0.706118 -0.336071 0.556728 0.280192 0.0003870232 0.0000085767 -0.0000884503 0.0000005756 -0.0000019585 0.0000206323 0.0198282890 0.0003704177 -0.0000186872 0.0032026438 0.0000677880 0.0026801730
1403637171.48828 0.171493 -6.476334 -0.899444 0.708492 -0.331643 0.555859 0.281199 0.0003867550 0.0000118177 -0.0000886884 0.0000007361 -0.0000027069 0.0000207434 0.0196593938 0.0005652472 -0.0000184405 0.0032107030 0.0000677720 0.0026793853
1403637171.53828 0.243517 -6.440376 -0.892230 0.710441 -0.328320 0.554921 0.282031 0.0003863543 0.0000144796 -0.0000891751 0.0000009072 -0.0000033378 0.0000209764 0.0194799414 0.0007543763 -0.0000180777 0.0032227732 0.0000677486 0.0026786787
1403637171.58828 0.316366 -6.402834 -0.885977 0.711803 -0.326220 0.553893 0.283053 0.0003860113 0.0000165308 -0.0000895811 0.0000010659 -0.0000038307 0.0000211735 0.0192826563 0.0009310053 -0.0000180906 0.0032389616 0.0000676406 0.0026781638
1403637171.63828 0.387638 -6.363682 -0.880718 0.712841 -0.323621 0.552544 0.286048 0.0003858053 0.0000199339 -0.0000893636 0.0000013790 -0.0000046112 0.0000210734 0.0190744432 0.0011070067 -0.0000177444 0.0032590822 0.0000676122 0.0026775884
1403637171.68828 0.457987 -6.320635 -0.876750 0.712974 -0.322722 0.551738 0.288275 0.0003857716 0.0000218072 -0.0000890555 0.0000015764 -0.0000050273 0.0000209251 0.0188633118 0.0012777291 -0.0000179161 0.0032833753 0.0000674896 0.0026772035
1403637171.73828 0.527187 -6.274536 -0.874127 0.712410 -0.322379 0.551342 0.290802 0.0003859910 0.0000233578 -0.0000882661 0.0000017501 -0.0000053347 0.0000205422 0.0186330942 0.0014432634 -0.0000179889 0.0033110024 0.0000673872 0.0026768492
1403637171.78828 0.593953 -6.225533 -0.872525 0.711733 -0.322202 0.550709 0.293838 0.0003861848 0.0000251676 -0.0000874250 0.0000019732 -0.0000056903 0.0000201431 0.0183901795 0.0016020984 -0.0000183014 0.0033423544 0.0000671930 0.0026766259
1403637171.83828 0.658482 -6.174289 -0.872349 0.710807 -0.321984 0.550043 0.297545 0.0003864609 0.0000272826 -0.0000862651 0.0000022540 -0.0000060823 0.0000196008 0.0181336836 0.0017512332 -0.0000182894 0.0033758908 0.0000670621 0.0026763615
1403637171.88828 0.721452 -6.118527 -0.874412 0.709457 -0.322511 0.549951 0.300351 0.0003868620 0.0000283805 -0.0000851121 0.0000024069 -0.0000062361 0.0000190643 0.0178689613 0.0018915946 -0.0000186545 0.0034118751 0.0000668185 0.0026762332
1403637171.93828 0.782905 -6.059726 -0.877125 0.708424 -0.323805 0.549554 0.302121 0.0003870787 0.0000286417 -0.0000845959 0.0000024395 -0.0000062520 0.0000188226 0.0175832796 0.0020238970 -0.0000190026 0.0034498731 0.0000666372 0.0026760974
1403637171.98829 0.845832 -5.998070 -0.880874 0.706808 -0.324662 0.549769 0.304584 0.0003876248 0.0000291839 -0.0000832711 0.0000025150 -0.0000062614 0.0000182179 0.0172868767 0.0021493507 -0.0000193621 0.0034903483 0.0000663838 0.0026760411
1403637172.03828 0.906931 -5.932675 -0.886189 0.705686 -0.325827 0.549403 0.306596 0.0003878647 0.0000296303 -0.0000826423 0.0000025799 -0.0000063050 0.0000179342 0.0169790488 0.0022734510 -0.0000198323 0.0035348163 0.0000660693 0.0026760824
1403637172.08828 0.968503 -5.863927 -0.892186 0.704268 -0.326876 0.549565 0.308442 0.0003883063 0.0000298165 -0.0000816404 0.0000026033 -0.0000062610 0.0000174856 0.0166594584 0.0023902612 -0.0000203487 0.0035813264 0.0000657752 0.0026761189
1403637172.13828 1.030739 -5.793885 -0.899195 0.703377 -0.330642 0.549641 0.306319 0.0003883636 0.0000267401 -0.0000826120 0.0000021513 -0.0000056808 0.0000178896 0.0163282230 0.0025039299 -0.0000207494 0.0036310888 0.0000655508 0.0026761471
1403637172.18825 1.091284 -5.718837 -0.906567 0.702614 -0.336699 0.550157 0.300489 0.0003881050 0.0000205396 -0.0000849880 0.0000013961 -0.0000044896 0.0000189253 0.0159957537 0.0026144660 -0.0000213046 0.0036846931 0.0000651357 0.0026762889
1403637172.23822 1.153463 -5.642965 -0.912462 0.703887 -0.345522 0.548321 0.290693 0.0003860259 0.0000120101 -0.0000909313 0.0000006809 -0.0000028197 0.0000217334 0.0156444236 0.0027149178 -0.0000216890 0.0037392607 0.0000647990 0.0026763522
1403637172.28821 1.210950 -5.561399 -0.916538 0.705025 -0.354884 0.546652 0.279586 0.0003832445 0.0000024706 -0.0000970533 0.0000003224 -0.0000006148 0.0000248919 0.0152983838 0.0028142340 -0.0000222767 0.0037979466 0.0000642137 0.0026764645
1403637172.33821 1.265591 -5.479478 -0.918114 0.705561 -0.363294 0.545143 0.270224 0.0003803833 -0.0000058137 -0.0001020681 0.0000003956 0.0000015721 0.0000277021 0.0149367753 0.0028965292 -0.0000228298 0.0038546245 0.0000635103 0.0026765887
1403637172.38822 1.317407 -5.397191 -0.917191 0.705392 -0.370975 0.544386 0.261618 0.0003776757 -0.0000136646 -0.0001059314 0.0000008023 0.0000038465 0.0000300267 0.0145815382 0.0029687834 -0.0000232931 0.0039106433 0.0000627510 0.0026766980
1403637172.43823 1.366540 -5.313491 -0.913984 0.704840 -0.377561 0.543859 0.254689 0.0003752234 -0.0000201399 -0.0001088848 0.0000013888 0.0000058590 0.0000319112 0.0142305436 0.0030298303 -0.0000233721 0.0039646693 0.0000621218 0.0026767186
1403637172.48825 1.411166 -5.230190 -0.908898 0.704045 -0.384354 0.543504 0.247377 0.0003725196 -0.0000270704 -0.0001116014 0.0000022765 0.0000081261 0.0000337489 0.0138784774 0.0030801847 -0.0000236040 0.0040171964 0.0000613606 0.0026767749
1403637172.53827 1.451985 -5.149498 -0.900959 0.702722 -0.388759 0.543912 0.243326 0.0003711235 -0.0000314365 -0.0001125806 0.0000029732 0.0000095535 0.0000344654 0.0135347901 0.0031178461 -0.0000235296 0.0040656747 0.0000608056 0.0026767768
1403637172.58829 1.489121 -5.067401 -0.891224 0.701814 -0.392389 0.543798 0.240357 0.0003698042 -0.0000347336 -0.0001135904 0.0000035742 0.0000106869 0.0000352049 0.0132105383 0.0031474864 -0.0000234549 0.0041113878 0.0000601854 0.0026768145
1403637172.63831 1.525561 -4.989378 -0.878201 0.700799 -0.395540 0.543775 0.238195 0.0003688138 -0.0000374092 -0.0001141935 0.0000041059 0.0000116007 0.0000356707 0.0128876659 0.0031676006 -0.0000232695 0.0041534950 0.0000599721 0.0026766434
1403637172.68831 1.556007 -4.910484 -0.864541 0.700667 -0.398846 0.542848 0.235167 0.0003670311 -0.0000400673 -0.0001158605 0.0000046865 0.0000126666 0.0000368881 0.0125874441 0.0031871615 -0.0000228416 0.0041963963 0.0000595999 0.0026765937
1403637172.73831 1.583725 -4.834119 -0.848264 0.700809 -0.401697 0.541264 0.233536 0.0003654864 -0.0000415564 -0.0001175055 0.0000050380 0.0000133795 0.0000380942 0.0122879875 0.0031914189 -0.0000221924 0.0042314702 0.0000593381 0.0026764635
1403637172.78830 1.604237 -4.760007 -0.830558 0.701885 -0.406334 0.537151 0.231773 0.0003625162 -0.0000427789 -0.0001210661 0.0000053617 0.0000143061 0.0000407497 0.0120036902 0.0031904084 -0.0000214092 0.0042634748 0.0000590920 0.0026763224
1403637172.83827 1.623014 -4.686395 -0.812530 0.704128 -0.413179 0.530142 0.228990 0.0003574751 -0.0000441667 -0.0001269232 0.0000057709 0.0000157023 0.0000453882 0.0117286775 0.0031739657 -0.0000203894 0.0042852367 0.0000589761 0.0026760692
1403637172.88823 1.639388 -4.614644 -0.795148 0.707931 -0.421353 0.519689 0.226315 0.0003504361 -0.0000444465 -0.0001348874 0.0000059525 0.0000171304 0.0000522513 0.0114652389 0.0031563784 -0.0000195319 0.0043062307 0.0000586301 0.0026759717
1403637172.93822 1.654913 -4.544194 -0.780951 0.712081 -0.430016 0.507914 0.223719 0.0003423549 -0.0000441897 -0.0001432396 0.0000060206 0.0000185128 0.0000602718 0.0112134125 0.0031367649 -0.0000187953 0.0043258179 0.0000581573 0.0026758503
1403637172.98822 1.669572 -4.475720 -0.770496 0.715364 -0.438251 0.497297 0.221104 0.0003345880 -0.0000441768 -0.0001503519 0.0000061513 0.0000198774 0.0000679139 0.0109706982 0.0031165974 -0.0000180988 0.0043451213 0.0000576691 0.0026757281
1403637173.03822 1.692190 -4.412572 -0.762005 0.717800 -0.446425 0.487560 0.218524 0.0003270851 -0.0000444980 -0.0001563954 0.0000063662 0.0000213014 0.0000751398 0.0107356431 0.0030948101 -0.0000168232 0.0043600982 0.0000591504 0.0026743834
1403637173.08822 1.706687 -4.351813 -0.760488 0.718180 -0.453342 0.480612 0.218428 0.0003221481 -0.0000442486 -0.0001602140 0.0000063924 0.0000220324 0.0000800466 0.0105333986 0.0030950550 -0.0000161304 0.0043915123 0.0000587179 0.0026743397
1403637173.13822 1.719634 -4.295289 -0.762807 0.716920 -0.461785 0.474388 0.218485 0.0003175191 -0.0000449455 -0.0001633202 0.0000066791 0.0000231464 0.0000843805 0.0103393028 0.0030798005 -0.0000154132 0.0044104151 0.0000583399 0.0026743276
1403637173.18821 1.731315 -4.242985 -0.768752 0.713155 -0.470995 0.470244 0.220100 0.0003146671 -0.0000462527 -0.0001648887 0.0000071181 0.0000242668 0.0000867831 0.0101614184 0.0030639694 -0.0000147259 0.0044271250 0.0000579942 0.0026743415
1403637173.23819 1.741083 -4.195515 -0.776955 0.707496 -0.479407 0.467715 0.225525 0.0003146438 -0.0000463638 -0.0001648561 0.0000071533 0.0000243227 0.0000867573 0.0100012248 0.0030486122 -0.0000140188 0.0044420748 0.0000577590 0.0026743869
1403637173.28817 1.749089 -4.153088 -0.785260 0.699585 -0.487719 0.467428 0.232855 0.0003168418 -0.0000468227 -0.0001632116 0.0000072429 0.0000241502 0.0000844546 0.0098607241 0.0030338891 -0.0000133018 0.0044547441 0.0000575805 0.0026744891
1403637173.33814 1.755343 -4.116761 -0.793375 0.690952 -0.495014 0.467635 0.242618 0.0003206368 -0.0000462216 -0.0001606814 0.0000069884 0.0000231934 0.0000809013 0.0097358647 0.0030182342 -0.0000125054 0.0044642655 0.0000573654 0.0026746182
1403637173.38811 1.759574 -4.084043 -0.803884 0.681905 -0.502916 0.467916 0.251266 0.0003238214 -0.0000465479 -0.0001582011 0.0000070178 0.0000227707 0.0000776643 0.0096294987 0.0030030103 -0.0000116532 0.0044708248 0.0000573208 0.0026745312
1403637173.43810 1.762160 -4.055732 -0.813707 0.673108 -0.510672 0.467635 0.259727 0.0003266633 -0.0000467587 -0.0001559238 0.0000070215 0.0000223490 0.0000748003 0.0095354943 0.0029867156 -0.0000109205 0.0044744300 0.0000572454 0.0026745629
1403637173.48811 1.767129 -4.026546 -0.827117 0.664353 -0.518747 0.466575 0.268039 0.0003289425 -0.0000469056 -0.0001540112 0.0000070166 0.0000219908 0.0000724806 0.0094516806 0.0029693171 -0.0000102104 0.0044743673 0.0000575394 0.0026739034
1403637173.53812 1.768219 -4.003200 -0.838529 0.655869 -0.526939 0.465449 0.274823 0.0003305533 -0.0000477886 -0.0001523994 0.0000072394 0.0000220629 0.0000706349 0.0093657847 0.0029551716 -0.0000096065 0.0044790622 0.0000574201 0.0026741513
1403637173.58814 1.767515 -3.982506 -0.851212 0.647060 -0.536361 0.464175 0.279594 0.0003308621 -0.0000500364 -0.0001513990 0.0000079002 0.0000229281 0.0000696514 0.0092997481 0.0029393926 -0.0000090084 0.0044783055 0.0000573115 0.0026743803
1403637173.63816 1.763660 -3.958173 -0.867468 0.637937 -0.546802 0.463587 0.281304 0.0003296448 -0.0000542834 -0.0001508847 0.0000092738 0.0000248801 0.0000694362 0.0092423199 0.0029233521 -0.0000085684 0.0044732510 0.0000574471 0.0026745211
1403637173.68818 1.759583 -3.942194 -0.884086 0.629347 -0.557501 0.461942 0.282354 0.0003275840 -0.0000583930 -0.0001510242 0.0000107469 0.0000269572 0.0000700018 0.0091717554 0.0028973247 -0.0000080462 0.0044637150 0.0000573538 0.0026748269
1403637173.73820 1.752718 -3.929032 -0.902403 0.621505 -0.568466 0.459099 0.282500 0.0003243373 -0.0000621476 -0.0001521143 0.0000122496 0.0000291873 0.0000717217 0.0091280150 0.0028768842 -0.0000075158 0.0044536546 0.0000572680 0.0026750801
1403637173.78822 1.742444 -3.919100 -0.922353 0.615133 -0.579112 0.454423 0.282383 0.0003201758 -0.0000646624 -0.0001542589 0.0000134031 0.0000311975 0.0000747069 0.0090939688 0.0028539723 -0.0000070085 0.0044393430 0.0000571372 0.0026752882
1403637173.83823 1.728255 -3.910759 -0.944389 0.609722 -0.590417 0.448341 0.280425 0.0003141767 -0.0000670814 -0.0001575382 0.0000146692 0.0000336842 0.0000793883 0.0090736632 0.0028292119 -0.0000064636 0.0044194869 0.0000570869 0.0026754392
1403637173.88825 1.711551 -3.910358 -0.964349 0.606438 -0.600288 0.440212 0.279465 0.0003082062 -0.0000672031 -0.0001614835 0.0000150021 0.0000352619 0.0000850121 0.0090597380 0.0027984125 -0.0000060193 0.0043941160 0.0000566863 0.0026757666
1403637173.93825 1.691328 -3.914686 -0.982705 0.607027 -0.605727 0.429721 0.282761 0.0003045357 -0.0000624766 -0.0001656393 0.0000131656 0.0000340329 0.0000905054 0.0090698394 0.0027684267 -0.0000055556 0.0043649731 0.0000561684 0.0026759058
1403637173.98825 1.667465 -3.923390 -0.997937 0.608022 -0.606203 0.421214 0.292243 0.0003061221 -0.0000548631 -0.0001673399 0.0000101783 0.0000300386 0.0000918919 0.0090960571 0.0027361969 -0.0000050293 0.0043310675 0.0000555548 0.0026757825
1403637174.03823 1.636426 -3.927230 -1.009600 0.610175 -0.600385 0.414887 0.308370 0.0003131336 -0.0000434645 -0.0001661651 0.0000063725 0.0000231051 0.0000885881 0.0091361655 0.0027032156 -0.0000038298 0.0042914924 0.0000550020 0.0026744858
1403637174.08822 1.608406 -3.939879 -1.014995 0.608191 -0.593259 0.414716 0.325819 0.0003235733 -0.0000347739 -0.0001609050 0.0000040721 0.0000173267 0.0000804177 0.0091602061 0.0026554501 -0.0000028052 0.0042445722 0.0000549724 0.0026728792
1403637174.13822 1.577024 -3.937065 -1.029435 0.604246 -0.583732 0.418814 0.344586 0.0003359927 -0.0000267147 -0.0001524323 0.0000024468 0.0000121463 0.0000695459 0.0092073307 0.0026191745 -0.0000015367 0.0042007480 0.0000572281 0.0026685429
1403637174.18822 1.543772 -3.961313 -1.025338 0.597997 -0.575842 0.426003 0.359621 0.0003476334 -0.0000227792 -0.0001421643 0.0000018150 0.0000093391 0.0000585189 0.0092026325 0.0025670139 -0.0000012176 0.0041583209 0.0000567088 0.0026679615
1403637174.23822 1.509958 -3.986919 -1.017955 0.591389 -0.569228 0.434157 0.371142 0.0003569981 -0.0000210803 -0.0001322804 0.0000015670 0.0000078331 0.0000493883 0.0092815762 0.0025293093 -0.0000009206 0.0041154835 0.0000563461 0.0026672600
1403637174.28822 1.475480 -4.011710 -1.010610 0.584802 -0.565395 0.442256 0.377816 0.0003634432 -0.0000223879 -0.0001241767 0.0000017007 0.0000076709 0.0000427963 0.0093623822 0.0024898636 -0.0000006620 0.0040727539 0.0000562577 0.0026663802
1403637174.33822 1.439833 -4.036876 -1.002932 0.581584 -0.564717 0.446481 0.378826 0.0003655066 -0.0000245398 -0.0001210412 0.0000019686 0.0000081486 0.0000404528 0.0094378967 0.0024475116 -0.0000004495 0.0040304511 0.0000561249 0.0026656613
1403637174.38823 1.403955 -4.059650 -0.994009 0.578035 -0.565501 0.451260 0.377424 0.0003665537 -0.0000285851 -0.0001187135 0.0000025494 0.0000092801 0.0000388159 0.0095137858 0.0024021603 -0.0000003235 0.0039875677 0.0000562349 0.0026647736
1403637174.43824 1.366140 -4.081760 -0.984300 0.573161 -0.568616 0.457088 0.373139 0.0003663475 -0.0000355224 -0.0001170981 0.0000037635 0.0000113778 0.0000377982 0.0095845134 0.0023542424 -0.0000002957 0.0039451005 0.0000564460 0.0026639954
1403637174.48824 1.325238 -4.101883 -0.973002 0.565869 -0.573014 0.464567 0.368272 0.0003659516 -0.0000445798 -0.0001145035 0.0000057487 0.0000139733 0.0000361960 0.0096527866 0.0023012218 -0.0000004438 0.0039007499 0.0000568524 0.0026631729
1403637174.53824 1.281361 -4.120812 -0.959439 0.561090 -0.576323 0.467068 0.367256 0.0003656691 -0.0000486591 -0.0001132277 0.0000067911 0.0000150916 0.0000354296 0.0097119734 0.0022388816 -0.0000006129 0.0038532859 0.0000572148 0.0026625233
1403637174.58823 1.234627 -4.138831 -0.942360 0.556142 -0.580786 0.467324 0.367426 0.0003650379 -0.0000516793 -0.0001127848 0.0000076313 0.0000159913 0.0000352166 0.0097676050 0.0021701850 -0.0000007685 0.0038042453 0.0000574882 0.0026620686
1403637174.63823 1.180576 -4.152569 -0.926148 0.553133 -0.583139 0.463037 0.373617 0.0003660614 -0.0000488784 -0.0001125538 0.0000068355 0.0000150498 0.0000349763 0.0098244373 0.0020971933 -0.0000011326 0.0037533160 0.0000581174 0.0026612985
1403637174.68822 1.124435 -4.164566 -0.912339 0.548371 -0.584822 0.458266 0.383750 0.0003687291 -0.0000445410 -0.0001104399 0.0000056847 0.0000133579 0.0000334451 0.0098637637 0.0020091247 -0.0000015831 0.0036977844 0.0000585604 0.0026608343
1403637174.73821 1.065734 -4.176278 -0.897984 0.543055 -0.587187 0.451965 0.395005 0.0003713221 -0.0000395432 -0.0001083906 0.0000045094 0.0000115559 0.0000320023 0.0098972591 0.0019174819 -0.0000020771 0.0036432272 0.0000589581 0.0026602006
1403637174.78821 1.008659 -4.189389 -0.884521 0.536925 -0.589862 0.444834 0.407305 0.0003739772 -0.0000341091 -0.0001060739 0.0000034067 0.0000096848 0.0000304478 0.0099302204 0.0018213894 -0.0000023265 0.0035914089 0.0000590153 0.0026600626
1403637174.83820 0.950802 -4.200931 -0.873549 0.531173 -0.596398 0.435864 0.414954 0.0003738438 -0.0000308769 -0.0001072848 0.0000028457 0.0000088686 0.0000311516 0.0099666193 0.0017290205 -0.0000025209 0.0035448200 0.0000590169 0.0026600945
1403637174.88819 0.892151 -4.209598 -0.865954 0.524701 -0.606818 0.426779 0.417517 0.0003711697 -0.0000310421 -0.0001113592 0.0000028889 0.0000093207 0.0000337736 0.0099967373 0.0016350474 -0.0000028517 0.0034998309 0.0000590219 0.0026598836
1403637174.93819 0.833055 -4.217234 -0.859081 0.517499 -0.617864 0.417783 0.419401 0.0003681575 -0.0000318571 -0.0001155524 0.0000030495 0.0000100051 0.0000366332 0.0100209314 0.0015380718 -0.0000030682 0.0034578594 0.0000591259 0.0026599473
1403637174.98819 0.773385 -4.223304 -0.852603 0.510359 -0.627348 0.408990 0.422725 0.0003659974 -0.0000315586 -0.0001186595 0.0000030140 0.0000102366 0.0000388361 0.0100409957 0.0014397795 -0.0000032612 0.0034184882 0.0000592387 0.0026600811
1403637175.03819 0.713156 -4.228476 -0.846686 0.503029 -0.635194 0.402427 0.426078 0.0003646914 -0.0000318743 -0.0001203558 0.0000030786 0.0000105232 0.0000400849 0.0100579842 0.0013401611 -0.0000034660 0.0033819057 0.0000593928 0.0026602588
1403637175.08820 0.652263 -4.233078 -0.841321 0.495300 -0.639866 0.398420 0.431869 0.0003656123 -0.0000317202 -0.0001191703 0.0000030446 0.0000103421 0.0000392053 0.0100727825 0.0012393120 -0.0000036833 0.0033480661 0.0000595648 0.0026604762
1403637175.13821 0.590441 -4.237308 -0.836113 0.486693 -0.642826 0.397419 0.438134 0.0003677763 -0.0000327466 -0.0001159045 0.0000032079 0.0000103228 0.0000368840 0.0100857181 0.0011367414 -0.0000039371 0.0033168712 0.0000597404 0.0026606771
1403637175.18822 0.527555 -4.240402 -0.832413 0.477486 -0.644695 0.398938 0.444098 0.0003704520 -0.0000350993 -0.0001113229 0.0000036177 0.0000105502 0.0000338049 0.0100947045 0.0010323259 -0.0000041356 0.0032883321 0.0000598558 0.0026609453
1403637175.23823 0.464152 -4.243047 -0.829349 0.468094 -0.645397 0.401816 0.450439 0.0003736044 -0.0000377676 -0.0001055484 0.0000041092 0.0000106732 0.0000301641 0.0100992101 0.0009255769 -0.0000043784 0.0032622522 0.0000599327 0.0026611721
1403637175.28824 0.399918 -4.243553 -0.827578 0.460068 -0.644497 0.404466 0.457568 0.0003770000 -0.0000392566 -0.0000993184 0.0000043787 0.0000103450 0.0000265049 0.0101011525 0.0008175710 -0.0000045685 0.0032394038 0.0000599929 0.0026614741
1403637175.33824 0.336746 -4.240890 -0.823669 0.454187 -0.643046 0.405366 0.464634 0.0003800383 -0.0000389657 -0.0000939523 0.0000042826 0.0000096374 0.0000235590 0.0100939766 0.0007077140 -0.0000051907 0.0032192365 0.0000598923 0.0026609428
1403637175.38823 0.271916 -4.236568 -0.822923 0.449525 -0.641941 0.406336 0.469819 0.0003821438 -0.0000391583 -0.0000898280 0.0000042996 0.0000092087 0.0000214441 0.0100761521 0.0005998078 -0.0000055088 0.0032036742 0.0000598906 0.0026609675
1403637175.43823 0.206383 -4.229454 -0.824066 0.446568 -0.643488 0.407152 0.469817 0.0003819700 -0.0000411644 -0.0000892954 0.0000047233 0.0000096277 0.0000212025 0.0100519821 0.0004896248 -0.0000057906 0.0031912315 0.0000598976 0.0026610009
1403637175.48822 0.139456 -4.218565 -0.826264 0.445016 -0.647198 0.406769 0.466514 0.0003800912 -0.0000437924 -0.0000917601 0.0000053323 0.0000105778 0.0000224799 0.0100178084 0.0003777437 -0.0000061620 0.0031820989 0.0000598777 0.0026608614
1403637175.53822 0.073056 -4.204936 -0.828604 0.444542 -0.651984 0.406255 0.460712 0.0003770066 -0.0000471059 -0.0000959083 0.0000061709 0.0000119912 0.0000247262 0.0099700770 0.0002645825 -0.0000065692 0.0031757923 0.0000597918 0.0026603916
1403637175.58821 0.004423 -4.188990 -0.832793 0.445498 -0.656618 0.405051 0.454222 0.0003734708 -0.0000496210 -0.0001008526 0.0000068784 0.0000134089 0.0000275640 0.0099157294 0.0001521895 -0.0000068533 0.0031738675 0.0000597737 0.0026604209
1403637175.63821 -0.065629 -4.171032 -0.837762 0.448388 -0.661403 0.401730 0.447333 0.0003692772 -0.0000505296 -0.0001071862 0.0000071996 0.0000146772 0.0000314444 0.0098555075 0.0000362738 -0.0000071541 0.0031756958 0.0000597178 0.0026604183
1403637175.68821 -0.137918 -4.150452 -0.840751 0.450624 -0.664636 0.399395 0.442358 0.0003661760 -0.0000510645 -0.0001116017 0.0000074065 0.0000155748 0.0000343483 0.0097887162 -0.0000814061 -0.0000074363 0.0031817070 0.0000596256 0.0026604131
1403637175.73821 -0.212657 -4.128186 -0.841349 0.452192 -0.666828 0.398456 0.438287 0.0003638064 -0.0000519729 -0.0001145818 0.0000077100 0.0000163815 0.0000364239 0.0097155250 -0.0002015146 -0.0000077152 0.0031923120 0.0000594952 0.0026603480
1403637175.78821 -0.289000 -4.103482 -0.840797 0.455037 -0.667133 0.395936 0.437161 0.0003628217 -0.0000501023 -0.0001167703 0.0000072024 0.0000161374 0.0000379184 0.0096365314 -0.0003243949 -0.0000078859 0.0032078153 0.0000593378 0.0026603723
1403637175.83821 -0.368332 -4.078839 -0.837360 0.458135 -0.665609 0.393196 0.438718 0.0003633812 -0.0000466992 -0.0001174347 0.0000062843 0.0000151035 0.0000382891 0.0095524432 -0.0004482869 -0.0000081556 0.0032288978 0.0000592268 0.0026604773
1403637175.88821 -0.449662 -4.052744 -0.832036 0.462316 -0.662847 0.388732 0.442477 0.0003647125 -0.0000409479 -0.0001177832 0.0000048787 0.0000132340 0.0000383750 0.0094691971 -0.0005750914 -0.0000084419 0.0032560410 0.0000590976 0.0026605365
1403637175.93820 -0.532837 -4.024464 -0.824275 0.465961 -0.658525 0.385518 0.447886 0.0003671238 -0.0000349503 -0.0001163991 0.0000036052 0.0000110903 0.0000372388 0.0093827176 -0.0007017481 -0.0000086909 0.0032884161 0.0000589329 0.0026603820
1403637175.98820 -0.615728 -3.995436 -0.812483 0.467390 -0.654125 0.385038 0.453225 0.0003700133 -0.0000310911 -0.0001133872 0.0000028894 0.0000095350 0.0000350781 0.0092887429 -0.0008281652 -0.0000089818 0.0033278591 0.0000588160 0.0026605171
1403637176.03820 -0.699292 -3.965199 -0.798619 0.466208 -0.650411 0.388320 0.456972 0.0003728730 -0.0000308334 -0.0001091757 0.0000028261 0.0000090346 0.0000322953 0.0091927860 -0.0009511798 -0.0000092546 0.0033727449 0.0000587224 0.0026607043
1403637176.08819 -0.784507 -3.932606 -0.784163 0.465342 -0.646285 0.391599 0.460894 0.0003757312 -0.0000302362 -0.0001048187 0.0000027094 0.0000084409 0.0000295687 0.0090949677 -0.0010732229 -0.0000094769 0.0034239268 0.0000586940 0.0026610232
1403637176.13819 -0.869629 -3.898749 -0.768923 0.465861 -0.641879 0.392885 0.465409 0.0003783573 -0.0000278151 -0.0001011071 0.0000023201 0.0000074378 0.0000273435 0.0089891389 -0.0011941454 -0.0000097218 0.0034816308 0.0000587117 0.0026612965
1403637176.18819 -0.954366 -3.863447 -0.754573 0.465708 -0.638206 0.395280 0.468575 0.0003805326 -0.0000268383 -0.0000975583 0.0000021680 0.0000068848 0.0000253348 0.0088797831 -0.0013112148 -0.0000099640 0.0035451342 0.0000587034 0.0026616402
1403637176.23819 -1.038913 -3.826424 -0.742449 0.465586 -0.635522 0.395990 0.471734 0.0003821620 -0.0000253164 -0.0000949920 0.0000019518 0.0000062965 0.0000239331 0.0087663797 -0.0014249103 -0.0000102084 0.0036143751 0.0000586976 0.0026619631
1403637176.28820 -1.123501 -3.786588 -0.732491 0.464570 -0.634892 0.395855 0.473693 0.0003829408 -0.0000247433 -0.0000936988 0.0000018736 0.0000060576 0.0000232471 0.0086491522 -0.0015348456 -0.0000104767 0.0036894247 0.0000587382 0.0026623323
1403637176.33820 -1.207294 -3.744358 -0.724725 0.462992 -0.635435 0.395851 0.474513 0.0003831897 -0.0000252302 -0.0000931191 0.0000019358 0.0000061349 0.0000229489 0.0085239744 -0.0016399936 -0.0000107978 0.0037700154 0.0000588365 0.0026626707
1403637176.38821 -1.290028 -3.700695 -0.718529 0.463109 -0.635747 0.393882 0.475618 0.0003831911 -0.0000238705 -0.0000934978 0.0000017612 0.0000058279 0.0000231328 0.0083941606 -0.0017401746 -0.0000110893 0.0038555909 0.0000588610 0.0026630398
1403637176.43821 -1.372494 -3.654414 -0.712715 0.463106 -0.638020 0.391508 0.474537 0.0003820850 -0.0000237580 -0.0000956479 0.0000017520 0.0000059509 0.0000242648 0.0082621985 -0.0018346960 -0.0000113382 0.0039457384 0.0000589809 0.0026635379
1403637176.48821 -1.454572 -3.606250 -0.707818 0.464286 -0.640570 0.385337 0.474999 0.0003806892 -0.0000207764 -0.0000989072 0.0000014090 0.0000054009 0.0000260202 0.0081251490 -0.0019246158 -0.0000116097 0.0040413908 0.0000591184 0.0026640502
1403637176.53821 -1.535587 -3.556579 -0.704290 0.463318 -0.644301 0.380231 0.475013 0.0003791977 -0.0000196291 -0.0001017799 0.0000012915 0.0000052714 0.0000276434 0.0079850684 -0.0020089336 -0.0000118885 0.0041414185 0.0000592494 0.0026645300
1403637176.58821 -1.617081 -3.505375 -0.701499 0.460089 -0.649472 0.376388 0.474170 0.0003775020 -0.0000206678 -0.0001044718 0.0000014076 0.0000057228 0.0000292388 0.0078452499 -0.0020884288 -0.0000121646 0.0042459561 0.0000594357 0.0026650753
1403637176.63821 -1.698660 -3.453329 -0.699928 0.457142 -0.655244 0.371779 0.472712 0.0003752659 -0.0000215755 -0.0001079489 0.0000015174 0.0000062098 0.0000313820 0.0077032416 -0.0021639042 -0.0000124446 0.0043562988 0.0000596510 0.0026656822
1403637176.68821 -1.780167 -3.399890 -0.699485 0.454565 -0.660642 0.366984 0.471429 0.0003730449 -0.0000219998 -0.0001113398 0.0000015753 0.0000065696 0.0000335632 0.0075622298 -0.0022358863 -0.0000127361 0.0044724363 0.0000599061 0.0026663259
1403637176.73822 -1.858737 -3.345795 -0.701430 0.451979 -0.666094 0.362888 0.469410 0.0003705934 -0.0000230199 -0.0001147916 0.0000017080 0.0000071344 0.0000358917 0.0074198956 -0.0023030836 -0.0000129712 0.0045932021 0.0000601035 0.0026668633
1403637176.78822 -1.939240 -3.290559 -0.703262 0.450056 -0.670127 0.359026 0.468486 0.0003688096 -0.0000231189 -0.0001173429 0.0000017281 0.0000073597 0.0000376721 0.0072782537 -0.0023621423 -0.0000132755 0.0047148578 0.0000603843 0.0026675031
1403637176.83822 -2.019283 -3.234820 -0.706136 0.448485 -0.673937 0.355061 0.467548 0.0003669768 -0.0000229689 -0.0001199271 0.0000017175 0.0000075102 0.0000395324 0.0071378759 -0.0024204545 -0.0000135746 0.0048456047 0.0000606401 0.0026681748
1403637176.88822 -2.099157 -3.178148 -0.710174 0.448207 -0.678477 0.350569 0.464630 0.0003639529 -0.0000228709 -0.0001239717 0.0000017182 0.0000077946 0.0000425726 0.0069985168 -0.0024738483 -0.0000138927 0.0049805913 0.0000608995 0.0026688593
1403637176.93822 -2.178794 -3.121189 -0.715060 0.448623 -0.682118 0.345937 0.462363 0.0003612210 -0.0000219816 -0.0001275966 0.0000016202 0.0000077687 0.0000454209 0.0068605840 -0.0025231248 -0.0000141810 0.0051207610 0.0000610976 0.0026696925
1403637176.98823 -2.257697 -3.064842 -0.721424 0.450322 -0.685804 0.340513 0.459275 0.0003577670 -0.0000204663 -0.0001320010 0.0000014551 0.0000075548 0.0000490571 0.0067245588 -0.0025678857 -0.0000144108 0.0052651722 0.0000611855 0.0026704774
1403637177.03823 -2.337235 -3.007538 -0.728626 0.451835 -0.690999 0.335537 0.453629 0.0003528404 -0.0000204681 -0.0001375522 0.0000014739 0.0000079832 0.0000539849 0.0065942090 -0.0026095587 -0.0000147426 0.0054139031 0.0000613113 0.0026713510
1403637177.08823 -2.417379 -2.950231 -0.736938 0.455667 -0.696803 0.327965 0.446398 0.0003459640 -0.0000189365 -0.0001448658 0.0000013254 0.0000079331 0.0000610305 0.0064648290 -0.0026481924 -0.0000151027 0.0055697488 0.0000613854 0.0026722091
1403637177.13822 -2.497082 -2.893598 -0.746983 0.458194 -0.703003 0.322067 0.438312 0.0003388191 -0.0000190830 -0.0001515342 0.0000013658 0.0000085392 0.0000681531 0.0063385638 -0.0026840137 -0.0000153922 0.0057316221 0.0000614146 0.0026729422
1403637177.18822 -2.577924 -2.839021 -0.757680 0.460369 -0.708167 0.316738 0.431552 0.0003325308 -0.0000189271 -0.0001569373 0.0000013708 0.0000089375 0.0000744564 0.0062175514 -0.0027171517 -0.0000157573 0.0058984717 0.0000614379 0.0026737436
1403637177.23823 -2.659166 -2.789582 -0.770181 0.462439 -0.712116 0.312208 0.426108 0.0003272440 -0.0000184995 -0.0001611708 0.0000013404 0.0000091164 0.0000797761 0.0061038003 -0.0027513616 -0.0000155223 0.0060716823 0.0000611858 0.0026739758
1403637177.28823 -2.741995 -2.739780 -0.782544 0.463302 -0.714642 0.309720 0.422744 0.0003240407 -0.0000185565 -0.0001635778 0.0000013598 0.0000093729 0.0000829795 0.0060055164 -0.0027889739 -0.0000158586 0.0062535064 0.0000612038 0.0026747655
1403637177.33823 -2.825554 -2.693878 -0.796900 0.464642 -0.716785 0.306957 0.419647 0.0003208912 -0.0000181407 -0.0001659012 0.0000013248 0.0000093843 0.0000861819 0.0059086347 -0.0028250587 -0.0000161054 0.0064443243 0.0000610667 0.0026753819
1403637177.38824 -2.911042 -2.650185 -0.810740 0.466094 -0.717470 0.304200 0.418874 0.0003193165 -0.0000166364 -0.0001671703 0.0000011683 0.0000087144 0.0000879336 0.0058220141 -0.0028636482 -0.0000163835 0.0066433945 0.0000611112 0.0026761772
1403637177.43824 -2.997911 -2.609843 -0.825143 0.469562 -0.716391 0.299204 0.420443 0.0003184476 -0.0000122233 -0.0001681596 0.0000007727 0.0000064572 0.0000892185 0.0057415203 -0.0029040947 -0.0000166280 0.0068532587 0.0000612034 0.0026769467
1403637177.48824 -3.086438 -2.572864 -0.840233 0.473072 -0.715344 0.292438 0.423043 0.0003174160 -0.0000065523 -0.0001691862 0.0000004408 0.0000034918 0.0000906027 0.0056692763 -0.0029472325 -0.0000168724 0.0070723032 0.0000612850 0.0026776995
1403637177.53824 -3.176240 -2.540039 -0.856126 0.474721 -0.714156 0.287015 0.426901 0.0003176558 -0.0000016848 -0.0001691582 0.0000003167 0.0000008936 0.0000905072 0.0056053775 -0.0029937327 -0.0000170888 0.0073011706 0.0000613877 0.0026784417
1403637177.58824 -3.266005 -2.511994 -0.870820 0.478000 -0.711364 0.279563 0.432807 0.0003182410 0.0000057458 -0.0001686889 0.0000004137 -0.0000030537 0.0000898452 0.0055509945 -0.0030445926 -0.0000172208 0.0075388820 0.0000615183 0.0026790242
1403637177.63825 -3.356041 -2.489728 -0.883218 0.480486 -0.707416 0.274277 0.439849 0.0003203289 0.0000124888 -0.0001669043 0.0000007997 -0.0000065192 0.0000873923 0.0055066919 -0.0030992916 -0.0000174526 0.0077815734 0.0000616715 0.0026798070
1403637177.68825 -3.445061 -2.470823 -0.892237 0.481812 -0.703280 0.270626 0.447232 0.0003232002 0.0000182253 -0.0001643516 0.0000013437 -0.0000092831 0.0000840018 0.0054757819 -0.0031614678 -0.0000177178 0.0080301733 0.0000618520 0.0026805764
1403637177.73826 -3.530196 -2.465079 -0.898226 0.483209 -0.698780 0.267078 0.454846 0.0003261325 0.0000241771 -0.0001614236 0.0000021107 -0.0000119849 0.0000803230 0.0054504262 -0.0032248117 -0.0000180082 0.0082793478 0.0000620211 0.0026811887
1403637177.78826 -3.606394 -2.465898 -0.905238 0.480303 -0.696465 0.267119 0.461403 0.0003301551 0.0000261256 -0.0001580029 0.0000023861 -0.0000125218 0.0000760343 0.0054485011 -0.0033013173 -0.0000180255 0.0085187816 0.0000625047 0.0026814173
1403637177.83826 -3.687730 -2.465109 -0.912092 0.474887 -0.698797 0.268100 0.462912 0.0003318297 0.0000238650 -0.0001570299 0.0000020371 -0.0000113116 0.0000747284 0.0054572987 -0.0033772440 -0.0000179977 0.0087385520 0.0000622730 0.0026817390
1403637177.88826 -3.770915 -2.461587 -0.918895 0.468393 -0.701921 0.267718 0.465018 0.0003333107 0.0000219813 -0.0001561130 0.0000017731 -0.0000103130 0.0000735374 0.0054634733 -0.0034568036 -0.0000181513 0.0089821050 0.0000623740 0.0026825446
1403637177.93826 -3.851357 -2.461964 -0.927766 0.461307 -0.705578 0.265185 0.468009 0.0003344253 0.0000211990 -0.0001553136 0.0000016701 -0.0000098631 0.0000725498 0.0054627837 -0.0035327732 -0.0000182190 0.0092375002 0.0000623556 0.0026832822
1403637177.98826 -3.930815 -2.464325 -0.936687 0.455926 -0.708757 0.258311 0.472304 0.0003344180 0.0000237336 -0.0001549744 0.0000020140 -0.0000110183 0.0000722383 0.0054690591 -0.0036115227 -0.0000183641 0.0094885930 0.0000624995 0.0026841614
1403637178.03826 -4.008193 -2.468926 -0.946412 0.451826 -0.709875 0.247943 0.480057 0.0003348619 0.0000301281 -0.0001535042 0.0000030445 -0.0000138344 0.0000707892 0.0054794464 -0.0036927835 -0.0000184995 0.0097409930 0.0000626165 0.0026850660
1403637178.08825 -4.083358 -2.476746 -0.956886 0.448815 -0.709603 0.235080 0.489659 0.0003351345 0.0000390505 -0.0001512667 0.0000048891 -0.0000176539 0.0000686968 0.0054940542 -0.0037753722 -0.0000186912 0.0099891515 0.0000627894 0.0026859780
1403637178.13825 -4.154241 -2.488916 -0.968674 0.443718 -0.711544 0.225123 0.496123 0.0003350697 0.0000442015 -0.0001499201 0.0000061740 -0.0000198081 0.0000675001 0.0055155239 -0.0038616418 -0.0000188670 0.0102318085 0.0000629582 0.0026868680
1403637178.18824 -4.223078 -2.503315 -0.979855 0.439229 -0.713559 0.215593 0.501430 0.0003344751 0.0000489260 -0.0001489904 0.0000075045 -0.0000218276 0.0000667899 0.0055469455 -0.0039529786 -0.0000190348 0.0104632965 0.0000630679 0.0026877944
1403637178.23824 -4.287438 -2.522502 -0.987918 0.435277 -0.713109 0.207919 0.508703 0.0003356391 0.0000539811 -0.0001462171 0.0000090343 -0.0000235523 0.0000641194 0.0055824464 -0.0040463410 -0.0000191203 0.0106891259 0.0000630651 0.0026886538
1403637178.28824 -4.349108 -2.543373 -0.994139 0.432087 -0.711305 0.201941 0.516300 0.0003374778 0.0000587813 -0.0001426828 0.0000105958 -0.0000248900 0.0000607451 0.0056290272 -0.0041459652 -0.0000191572 0.0109024229 0.0000630020 0.0026894532
1403637178.33825 -4.407893 -2.568220 -0.998189 0.429439 -0.708009 0.196670 0.525002 0.0003399612 0.0000640325 -0.0001380314 0.0000124232 -0.0000260375 0.0000564610 0.0056794565 -0.0042470478 -0.0000192461 0.0111088386 0.0000629993 0.0026902690
1403637178.38828 -4.443822 -2.635317 -1.003456 0.428560 -0.705973 0.189634 0.531015 0.0003400493 0.0000696147 -0.0001352217 0.0000146184 -0.0000277243 0.0000541844 0.0057360487 -0.0043514557 -0.0000181936 0.0113020165 0.0000616341 0.0026895643
1403637178.43828 -4.489771 -2.673021 -1.002139 0.426971 -0.703710 0.185627 0.536685 0.0003411299 0.0000733115 -0.0001321573 0.0000161264 -0.0000284443 0.0000516107 0.0058814581 -0.0045126439 -0.0000181087 0.0114108467 0.0000614455 0.0026893827
1403637178.48827 -4.532421 -2.714744 -1.000369 0.425388 -0.703926 0.182428 0.538752 0.0003410108 0.0000749867 -0.0001313499 0.0000168640 -0.0000289266 0.0000510063 0.0059655496 -0.0046289261 -0.0000176331 0.0115594113 0.0000612681 0.0026896386
1403637178.58828 -4.600975 -2.803464 -0.993733 0.420195 -0.705822 0.182860 0.540198 0.0003429396 0.0000730587 -0.0001304535 0.0000159441 -0.0000278337 0.0000500411 0.0061537034 -0.0048689617 -0.0000171866 0.0118299588 0.0000609118 0.0026901751
1403637178.63828 -4.628068 -2.853939 -0.989676 0.414915 -0.707962 0.189304 0.539258 0.0003462284 0.0000672653 -0.0001300518 0.0000134480 -0.0000253055 0.0000492677 0.0062682764 -0.0049929055 -0.0000172365 0.0119174873 0.0000606342 0.0026899026
1403637178.68830 -4.653148 -2.906326 -0.986241 0.409094 -0.709595 0.198111 0.538394 0.0003504085 0.0000600804 -0.0001289559 0.0000106805 -0.0000221456 0.0000478745 0.0063871026 -0.0051189256 -0.0000173596 0.0120033046 0.0000603678 0.0026896459
1403637178.73830 -4.674444 -2.961244 -0.983744 0.402007 -0.709958 0.208438 0.539354 0.0003559089 0.0000522977 -0.0001259820 0.0000080635 -0.0000185424 0.0000450085 0.0065101980 -0.0052461523 -0.0000174060 0.0120842208 0.0000600286 0.0026892883
1403637178.78831 -4.691213 -3.021115 -0.982425 0.395444 -0.709618 0.218701 0.540589 0.0003610803 0.0000448044 -0.0001224901 0.0000059381 -0.0000152259 0.0000419629 0.0066395380 -0.0053748341 -0.0000167120 0.0121521571 0.0000593000 0.0026879483
1403637178.83832 -4.708141 -3.080349 -0.982630 0.389774 -0.708847 0.227489 0.542090 0.0003654326 0.0000384905 -0.0001189498 0.0000044334 -0.0000125523 0.0000391268 0.0067835908 -0.0055082913 -0.0000166636 0.0122050140 0.0000589490 0.0026875206
1403637178.88832 -4.722684 -3.140427 -0.985344 0.383474 -0.709836 0.237365 0.541054 0.0003687599 0.0000301051 -0.0001168092 0.0000028377 -0.0000095560 0.0000374081 0.0069283696 -0.0056406607 -0.0000166300 0.0122590412 0.0000586228 0.0026871901
1403637178.93832 -4.735530 -3.201046 -0.990394 0.378421 -0.710400 0.245662 0.540166 0.0003712672 0.0000231385 -0.0001148342 0.0000018231 -0.0000071738 0.0000359252 0.0070761020 -0.0057713138 -0.0000165259 0.0123047892 0.0000583017 0.0026867537
1403637178.98832 -4.746833 -3.261092 -0.996487 0.374861 -0.709885 0.251815 0.540492 0.0003734261 0.0000184969 -0.0001125071 0.0000012989 -0.0000055877 0.0000343022 0.0072279444 -0.0059016338 -0.0000164426 0.0123458789 0.0000580008 0.0026863401
1403637179.03832 -4.757445 -3.320767 -1.004632 0.371913 -0.709243 0.257476 0.540704 0.0003752453 0.0000143748 -0.0001103273 0.0000009336 -0.0000042385 0.0000328390 0.0073785451 -0.0060279897 -0.0000160353 0.0123791367 0.0000575362 0.0026851342
1403637179.08833 -4.765859 -3.378536 -1.015892 0.371543 -0.710117 0.259194 0.538989 0.0003749116 0.0000126092 -0.0001110434 0.0000008080 -0.0000037458 0.0000332903 0.0075287803 -0.0061523567 -0.0000159538 0.0124108478 0.0000572696 0.0026843511
1403637179.13834 -4.770516 -3.435073 -1.028075 0.372860 -0.712642 0.258412 0.535108 0.0003728009 0.0000118874 -0.0001143066 0.0000007647 -0.0000036556 0.0000354517 0.0076798128 -0.0062716955 -0.0000157701 0.0124361135 0.0000570981 0.0026838053
1403637179.18834 -4.773254 -3.490875 -1.041294 0.373779 -0.714080 0.258451 0.532525 0.0003715162 0.0000111817 -0.0001162498 0.0000007235 -0.0000035091 0.0000367803 0.0078313947 -0.0063852790 -0.0000155058 0.0124473297 0.0000569616 0.0026831555
1403637179.23834 -4.774133 -3.546089 -1.053346 0.376919 -0.715524 0.255776 0.529656 0.0003692274 0.0000128152 -0.0001193132 0.0000008333 -0.0000041518 0.0000389626 0.0079817427 -0.0064932019 -0.0000152789 0.0124497996 0.0000567828 0.0026824638
1403637179.28835 -4.772363 -3.599888 -1.062025 0.379350 -0.716135 0.253796 0.528045 0.0003677220 0.0000143034 -0.0001211884 0.0000009458 -0.0000047250 0.0000403485 0.0081342951 -0.0065995078 -0.0000149397 0.0124463544 0.0000566917 0.0026817258
1403637179.33835 -4.768957 -3.652738 -1.064660 0.381515 -0.715893 0.251361 0.527977 0.0003668740 0.0000165391 -0.0001220345 0.0000011362 -0.0000055131 0.0000410019 0.0082828968 -0.0066967586 -0.0000146428 0.0124311875 0.0000565661 0.0026809891
1403637179.38835 -4.764800 -3.706307 -1.061396 0.383549 -0.716096 0.249865 0.526938 0.0003658073 0.0000178177 -0.0001232576 0.0000012590 -0.0000060153 0.0000419417 0.0084339094 -0.0067913938 -0.0000144066 0.0124098166 0.0000564278 0.0026803632
1403637179.43835 -4.759360 -3.759901 -1.054438 0.385067 -0.716002 0.249049 0.526345 0.0003651743 0.0000187315 -0.0001239370 0.0000013524 -0.0000063689 0.0000424734 0.0085897136 -0.0068867515 -0.0000141936 0.0123857659 0.0000562546 0.0026797040
1403637179.48834 -4.751293 -3.812306 -1.045059 0.385180 -0.716536 0.249501 0.525320 0.0003647765 0.0000180861 -0.0001245427 0.0000012888 -0.0000061860 0.0000429327 0.0087487729 -0.0069804537 -0.0000139752 0.0123579453 0.0000561293 0.0026791979
1403637179.53834 -4.742250 -3.864866 -1.036565 0.385182 -0.716405 0.250214 0.525159 0.0003649089 0.0000176764 -0.0001244245 0.0000012485 -0.0000060376 0.0000428366 0.0089068607 -0.0070683675 -0.0000137520 0.0123215802 0.0000560327 0.0026787195
1403637179.58834 -4.731662 -3.916934 -1.028991 0.384928 -0.715774 0.250142 0.526239 0.0003654508 0.0000180534 -0.0001236607 0.0000012843 -0.0000061190 0.0000422548 0.0090661344 -0.0071537094 -0.0000135306 0.0122815597 0.0000559593 0.0026782668
1403637179.63834 -4.719609 -3.969162 -1.024187 0.384287 -0.715775 0.251035 0.526280 0.0003657637 0.0000173395 -0.0001233297 0.0000012135 -0.0000058558 0.0000419947 0.0092262811 -0.0072353685 -0.0000133015 0.0122339576 0.0000559301 0.0026777828
1403637179.68834 -4.705210 -4.020547 -1.023510 0.383998 -0.714869 0.250444 0.528002 0.0003664466 0.0000182162 -0.0001222750 0.0000012961 -0.0000060878 0.0000412089 0.0093894268 -0.0073154894 -0.0000130319 0.0121828533 0.0000559538 0.0026773146
1403637179.73834 -4.692384 -4.073776 -1.028517 0.384824 -0.713679 0.248201 0.530064 0.0003667247 0.0000206770 -0.0001214931 0.0000015567 -0.0000068602 0.0000406580 0.0095522547 -0.0073891799 -0.0000127685 0.0121227581 0.0000560055 0.0026768672
1403637179.78834 -4.677339 -4.125724 -1.041107 0.387474 -0.711999 0.242830 0.532874 0.0003662317 0.0000258438 -0.0001211491 0.0000022154 -0.0000085608 0.0000404845 0.0097225827 -0.0074678598 -0.0000125425 0.0120692484 0.0000560510 0.0026764155
1403637179.83833 -4.660891 -4.177371 -1.060327 0.391050 -0.708430 0.236037 0.538046 0.0003661914 0.0000332618 -0.0001193681 0.0000034145 -0.0000108562 0.0000393182 0.0098919437 -0.0075402970 -0.0000123388 0.0120073031 0.0000561194 0.0026759601
1403637179.88833 -4.643006 -4.229507 -1.084059 0.394353 -0.704286 0.229775 0.543755 0.0003663444 0.0000405305 -0.0001168687 0.0000048789 -0.0000129455 0.0000376886 0.0100635103 -0.0076084324 -0.0000121006 0.0119370605 0.0000562461 0.0026754681
1403637179.93832 -4.622269 -4.281852 -1.110105 0.396298 -0.700797 0.225754 0.548513 0.0003667961 0.0000456097 -0.0001143203 0.0000060672 -0.0000142323 0.0000360342 0.0102382390 -0.0076719074 -0.0000118665 0.0118571367 0.0000563999 0.0026749622
1403637179.98832 -4.598379 -4.335052 -1.139132 0.396850 -0.699682 0.224887 0.549892 0.0003669853 0.0000469534 -0.0001134903 0.0000064041 -0.0000145377 0.0000355006 0.0104174565 -0.0077301497 -0.0000117032 0.0117658418 0.0000565168 0.0026745240
1403637180.03832 -4.571287 -4.389146 -1.169042 0.394505 -0.701972 0.228185 0.547297 0.0003672989 0.0000429786 -0.0001145793 0.0000054242 -0.0000134235 0.0000361472 0.0106016994 -0.0077836182 -0.0000114432 0.0116625800 0.0000567287 0.0026740389
1403637180.08832 -4.540609 -4.444321 -1.199159 0.392064 -0.704887 0.232621 0.543422 0.0003673486 0.0000378566 -0.0001162845 0.0000042961 -0.0000119983 0.0000372155 0.0107934642 -0.0078335706 -0.0000112750 0.0115502820 0.0000568543 0.0026736392
1403637180.13832 -4.506504 -4.499590 -1.227912 0.388393 -0.707967 0.239067 0.539240 0.0003678950 0.0000309980 -0.0001175188 0.0000030061 -0.0000099146 0.0000379462 0.0109878039 -0.0078756140 -0.0000111203 0.0114248780 0.0000569680 0.0026732464
1403637180.18832 -4.469596 -4.554897 -1.255157 0.385084 -0.711618 0.245140 0.534057 0.0003676195 0.0000240418 -0.0001194874 0.0000019660 -0.0000078250 0.0000392451 0.0111832267 -0.0079095605 -0.0000109574 0.0112881960 0.0000570924 0.0026728504
1403637180.23832 -4.430752 -4.609600 -1.279530 0.382522 -0.713998 0.250012 0.530450 0.0003674983 0.0000187729 -0.0001205662 0.0000013524 -0.0000061678 0.0000399637 0.0113820664 -0.0079392296 -0.0000108120 0.0111464962 0.0000571777 0.0026724559
1403637180.28833 -4.390058 -4.664492 -1.301438 0.380458 -0.716679 0.254354 0.526238 0.0003667666 0.0000137399 -0.0001222001 0.0000009087 -0.0000045854 0.0000411264 0.0115830037 -0.0079642534 -0.0000106914 0.0110011800 0.0000572221 0.0026720926
1403637180.33833 -4.348201 -4.719586 -1.320276 0.379258 -0.718230 0.257204 0.523598 0.0003662812 0.0000105776 -0.0001231310 0.0000007005 -0.0000035624 0.0000418057 0.0117863902 -0.0079848031 -0.0000106044 0.0108520911 0.0000572528 0.0026717683
1403637180.38833 -4.304838 -4.773843 -1.338482 0.379120 -0.722801 0.258176 0.516887 0.0003629869 0.0000070815 -0.0001275694 0.0000005344 -0.0000024944 0.0000452522 0.0119922624 -0.0080015478 -0.0000105282 0.0107009874 0.0000572929 0.0026714568
1403637180.43832 -4.261687 -4.828519 -1.354436 0.380728 -0.727820 0.256220 0.509585 0.0003583246 0.0000056304 -0.0001332081 0.0000004861 -0.0000020988 0.0000499467 0.0121975539 -0.0080129307 -0.0000104543 0.0105475992 0.0000573562 0.0026711575
1403637180.48832 -4.219843 -4.886160 -1.367764 0.382756 -0.733804 0.253421 0.500807 0.0003523278 0.0000042065 -0.0001398603 0.0000004488 -0.0000016755 0.0000559539 0.0124065834 -0.0080236955 -0.0000103222 0.0103963983 0.0000575054 0.0026708192
1403637180.53832 -4.176020 -4.940996 -1.379508 0.384253 -0.737950 0.250811 0.494848 0.0003478254 0.0000036975 -0.0001444612 0.0000004397 -0.0000015417 0.0000604411 0.0126344462 -0.0080438705 -0.0000102274 0.0102545296 0.0000575854 0.0026705115
1403637180.58833 -4.133603 -4.997192 -1.387636 0.385945 -0.739452 0.247783 0.492808 0.0003455367 0.0000051140 -0.0001466240 0.0000004781 -0.0000021773 0.0000626653 0.0128576206 -0.0080562363 -0.0000101253 0.0101095852 0.0000576305 0.0026701927
1403637180.63833 -4.091821 -5.054687 -1.392134 0.389107 -0.735195 0.242807 0.499127 0.0003475864 0.0000117017 -0.0001441893 0.0000007982 -0.0000048649 0.0000602601 0.0130891097 -0.0080720872 -0.0000099527 0.0099710225 0.0000577192 0.0026697913
1403637180.68832 -4.049976 -5.113843 -1.394871 0.389825 -0.729653 0.241424 0.507304 0.0003518282 0.0000162434 -0.0001393385 0.0000011560 -0.0000064459 0.0000556253 0.0133259822 -0.0080854679 -0.0000098188 0.0098314373 0.0000577714 0.0026693621
1403637180.73832 -4.008273 -5.174112 -1.395759 0.388449 -0.726540 0.242479 0.512300 0.0003550214 0.0000172514 -0.0001357036 0.0000012462 -0.0000066076 0.0000523101 0.0135716600 -0.0080982217 -0.0000097235 0.0096921812 0.0000577758 0.0026689612
1403637180.78831 -3.965080 -5.234093 -1.395233 0.387598 -0.722755 0.241954 0.518509 0.0003582121 0.0000198371 -0.0001316555 0.0000015080 -0.0000073055 0.0000488234 0.0138227558 -0.0081100690 -0.0000096101 0.0095545896 0.0000578254 0.0026684435
1403637180.83832 -3.921932 -5.295487 -1.392795 0.387874 -0.720182 0.239588 0.522962 0.0003597526 0.0000230715 -0.0001292469 0.0000018912 -0.0000083049 0.0000468681 0.0140773656 -0.0081163933 -0.0000095304 0.0094133115 0.0000578332 0.0026680050
1403637180.88832 -3.876104 -5.356257 -1.389689 0.389661 -0.716237 0.233890 0.529589 0.0003610991 0.0000296569 -0.0001262123 0.0000028501 -0.0000103841 0.0000445467 0.0143391429 -0.0081215282 -0.0000094253 0.0092732185 0.0000578590 0.0026675080
1403637180.93832 -3.829627 -5.419205 -1.384331 0.390891 -0.714420 0.228919 0.533296 0.0003611647 0.0000342765 -0.0001249270 0.0000036701 -0.0000118767 0.0000436449 0.0146016658 -0.0081153654 -0.0000093317 0.0091228684 0.0000578593 0.0026670582
1403637180.98833 -3.780437 -5.482469 -1.377168 0.392270 -0.712225 0.223478 0.537510 0.0003611530 0.0000394898 -0.0001233723 0.0000047385 -0.0000135124 0.0000425776 0.0148776699 -0.0081088561 -0.0000092616 0.0089723345 0.0000578441 0.0026666151
1403637181.03834 -3.727495 -5.545805 -1.370176 0.394059 -0.710618 0.217136 0.540917 0.0003602784 0.0000449307 -0.0001225935 0.0000060274 -0.0000153132 0.0000421486 0.0151573934 -0.0080929491 -0.0000091926 0.0088140695 0.0000578606 0.0026660594
1403637181.08835 -3.672315 -5.610732 -1.359215 0.392564 -0.711031 0.216532 0.541703 0.0003606240 0.0000448395 -0.0001221606 0.0000060013 -0.0000152137 0.0000418157 0.0154430558 -0.0080658955 -0.0000090983 0.0086455771 0.0000578462 0.0026656335
1403637181.13835 -3.613608 -5.675756 -1.347163 0.388270 -0.713132 0.220402 0.540475 0.0003618713 0.0000403029 -0.0001221073 0.0000049150 -0.0000136223 0.0000416374 0.0157369420 -0.0080321919 -0.0000089906 0.0084726661 0.0000578171 0.0026651763
1403637181.18835 -3.552014 -5.741770 -1.333329 0.382334 -0.716302 0.227166 0.537706 0.0003634223 0.0000328405 -0.0001223075 0.0000033944 -0.0000110726 0.0000415977 0.0160333724 -0.0079874964 -0.0000088779 0.0082931002 0.0000577510 0.0026647868
1403637181.23835 -3.488635 -5.809073 -1.317227 0.375825 -0.718281 0.234689 0.536422 0.0003657145 0.0000253620 -0.0001210536 0.0000021865 -0.0000084127 0.0000405055 0.0163381887 -0.0079356418 -0.0000087579 0.0081100742 0.0000576306 0.0026644003
1403637181.28835 -3.423626 -5.875775 -1.299335 0.369647 -0.719602 0.241752 0.535808 0.0003679025 0.0000185246 -0.0001193193 0.0000013617 -0.0000060234 0.0000391341 0.0166506651 -0.0078788241 -0.0000086221 0.0079271599 0.0000574890 0.0026640158
1403637181.33835 -3.358143 -5.941995 -1.278873 0.365404 -0.718906 0.245868 0.537776 0.0003702419 0.0000152259 -0.0001164963 0.0000010570 -0.0000048053 0.0000370908 0.0169641044 -0.0078156884 -0.0000084865 0.0077454796 0.0000573382 0.0026636325
1403637181.38835 -3.291628 -6.007633 -1.255580 0.363196 -0.716960 0.247096 0.541295 0.0003723913 0.0000150106 -0.0001133812 0.0000010385 -0.0000045847 0.0000349561 0.0172745205 -0.0077448622 -0.0000083335 0.0075650287 0.0000572062 0.0026633155
1403637181.43835 -3.223136 -6.071551 -1.231679 0.362413 -0.715560 0.246458 0.543956 0.0003734954 0.0000160769 -0.0001115550 0.0000011278 -0.0000048165 0.0000337549 0.0175852600 -0.0076670291 -0.0000081498 0.0073852902 0.0000570917 0.0026629699
1403637181.48835 -3.152941 -6.134889 -1.206176 0.362828 -0.716281 0.243892 0.543888 0.0003727516 0.0000175140 -0.0001124440 0.0000012616 -0.0000052986 0.0000343587 0.0178897886 -0.0075772844 -0.0000079618 0.0072033985 0.0000570185 0.0026626792
1403637181.53835 -3.081758 -6.197435 -1.178884 0.363310 -0.718119 0.241044 0.542410 0.0003712296 0.0000185006 -0.0001145272 0.0000013634 -0.0000057236 0.0000357755 0.0181958550 -0.0074792711 -0.0000077492 0.0070212762 0.0000569660 0.0026624298
1403637181.58835 -3.007655 -6.256865 -1.149815 0.362651 -0.720591 0.239610 0.540203 0.0003697527 0.0000179304 -0.0001167296 0.0000013131 -0.0000056768 0.0000372974 0.0185022708 -0.0073743193 -0.0000075250 0.0068406316 0.0000568946 0.0026621637
1403637181.63835 -2.932482 -6.316910 -1.119105 0.362288 -0.723030 0.237357 0.538179 0.0003681499 0.0000179572 -0.0001189596 0.0000013221 -0.0000058191 0.0000388898 0.0187952936 -0.0072545726 -0.0000072942 0.0066577812 0.0000568615 0.0026619099
1403637181.68836 -2.855551 -6.376380 -1.086804 0.360873 -0.724754 0.236804 0.537053 0.0003675025 0.0000170337 -0.0001199762 0.0000012382 -0.0000055775 0.0000396218 0.0190946254 -0.0071294086 -0.0000070523 0.0064772585 0.0000568231 0.0026617148
1403637181.73836 -2.777674 -6.435297 -1.054852 0.358064 -0.727139 0.238275 0.535056 0.0003670186 0.0000140424 -0.0001210090 0.0000009874 -0.0000046454 0.0000403546 0.0193975337 -0.0069983270 -0.0000067940 0.0062993778 0.0000568064 0.0026614994
1403637181.78835 -2.699869 -6.494110 -1.023128 0.354473 -0.728092 0.240878 0.534984 0.0003678314 0.0000109135 -0.0001202315 0.0000007762 -0.0000035818 0.0000397581 0.0197004545 -0.0068616071 -0.0000065385 0.0061255523 0.0000567649 0.0026613393
1403637181.83835 -2.622108 -6.552027 -0.992912 0.351366 -0.728502 0.243694 0.535201 0.0003687862 0.0000080488 -0.0001191484 0.0000006301 -0.0000026141 0.0000389545 0.0200036978 -0.0067210904 -0.0000062712 0.0059569422 0.0000567174 0.0026611737
1403637181.88835 -2.544468 -6.609877 -0.964531 0.349218 -0.728915 0.245328 0.535299 0.0003693204 0.0000061909 -0.0001185192 0.0000005604 -0.0000019999 0.0000384956 0.0203039322 -0.0065760488 -0.0000060045 0.0057936360 0.0000566446 0.0026610208
1403637181.93835 -2.466928 -6.668152 -0.938544 0.348025 -0.729691 0.246167 0.534631 0.0003692191 0.0000049063 -0.0001187194 0.0000005236 -0.0000015902 0.0000386364 0.0206070218 -0.0064279854 -0.0000057366 0.0056356108 0.0000565362 0.0026607983
1403637181.98835 -2.388878 -6.725033 -0.913072 0.347161 -0.729452 0.246918 0.535174 0.0003697063 0.0000042902 -0.0001180690 0.0000005106 -0.0000013827 0.0000381713 0.0209158280 -0.0062775307 -0.0000054539 0.0054832317 0.0000564658 0.0026606772
1403637182.03834 -2.311715 -6.782075 -0.889592 0.346558 -0.728438 0.247960 0.536462 0.0003706633 0.0000040130 -0.0001167282 0.0000005061 -0.0000012764 0.0000372249 0.0212184609 -0.0061195452 -0.0000052388 0.0053339809 0.0000563428 0.0026604744
1403637182.08834 -2.233542 -6.837244 -0.865586 0.345382 -0.725645 0.250154 0.539975 0.0003730109 0.0000037759 -0.0001133175 0.0000005032 -0.0000011599 0.0000348894 0.0215248714 -0.0059611569 -0.0000049642 0.0051919266 0.0000562738 0.0026603581
1403637182.13834 -2.154724 -6.891006 -0.842785 0.343868 -0.724174 0.253412 0.541396 0.0003745325 0.0000019776 -0.0001110728 0.0000004780 -0.0000005990 0.0000334052 0.0218213395 -0.0057936627 -0.0000047004 0.0050525790 0.0000561907 0.0026602700
1403637182.18834 -2.075290 -6.942845 -0.821415 0.341060 -0.722823 0.259210 0.542232 0.0003763060 -0.0000019953 -0.0001083123 0.0000004804 0.0000005628 0.0000316406 0.0221106016 -0.0056196257 -0.0000044481 0.0049172408 0.0000561044 0.0026601838
1403637182.23834 -1.995810 -6.993171 -0.801494 0.338229 -0.721361 0.265413 0.542951 0.0003780220 -0.0000062066 -0.0001053841 0.0000005743 0.0000017196 0.0000298438 0.0223899596 -0.0054386333 -0.0000041856 0.0047860011 0.0000560119 0.0026601387
1403637182.28834 -1.916061 -7.041599 -0.782741 0.335468 -0.720427 0.271741 0.542774 0.0003792105 -0.0000108219 -0.0001030310 0.0000007838 0.0000029306 0.0000284590 0.0226613192 -0.0052532721 -0.0000039296 0.0046600912 0.0000559128 0.0026601027
1403637182.33834 -1.838595 -7.089090 -0.765270 0.333170 -0.718902 0.277581 0.543256 0.0003805493 -0.0000146568 -0.0001002414 0.0000010412 0.0000038519 0.0000268698 0.0229224021 -0.0050636818 -0.0000037639 0.0045393711 0.0000559020 0.0026599337
1403637182.38833 -1.758386 -7.132049 -0.747886 0.332137 -0.717052 0.280929 0.544610 0.0003817752 -0.0000162766 -0.0000978129 0.0000011732 0.0000041611 0.0000255257 0.0231773452 -0.0048766113 -0.0000035065 0.0044273325 0.0000558133 0.0026599052
1403637182.43833 -1.677850 -7.172013 -0.730731 0.329920 -0.714742 0.286669 0.546001 0.0003833688 -0.0000196230 -0.0000942445 0.0000014864 0.0000048151 0.0000236337 0.0234095571 -0.0046750268 -0.0000032664 0.0043159891 0.0000557366 0.0026598897
1403637182.48833 -1.597407 -7.209943 -0.711751 0.331324 -0.709966 0.285875 0.551769 0.0003859506 -0.0000160608 -0.0000898923 0.0000011523 0.0000037302 0.0000214016 0.0236205220 -0.0044685918 -0.0000030365 0.0042101439 0.0000556822 0.0026598741
1403637182.53833 -1.516128 -7.244960 -0.691649 0.333417 -0.706999 0.284612 0.554961 0.0003872172 -0.0000129235 -0.0000878293 0.0000009175 0.0000029194 0.0000203871 0.0238235027 -0.0042566333 -0.0000028520 0.0041087091 0.0000556761 0.0026598288
1403637182.58833 -1.433810 -7.277097 -0.669150 0.335758 -0.704396 0.282159 0.558103 0.0003882053 -0.0000091115 -0.0000862569 0.0000007023 0.0000020112 0.0000196324 0.0240090259 -0.0040382150 -0.0000026497 0.0040117706 0.0000556661 0.0026598110
1403637182.63832 -1.355968 -7.307075 -0.647570 0.337562 -0.703555 0.280431 0.558946 0.0003883327 -0.0000068693 -0.0000862111 0.0000006107 0.0000015109 0.0000196063 0.0241777529 -0.0038110197 -0.0000026552 0.0039182260 0.0000557222 0.0026596283
1403637182.68832 -1.272165 -7.333289 -0.622651 0.338019 -0.704108 0.280680 0.557848 0.0003879121 -0.0000072656 -0.0000871016 0.0000006276 0.0000016170 0.0000200275 0.0243361144 -0.0035948022 -0.0000024317 0.0038353892 0.0000557258 0.0026596343
1403637182.73832 -1.186544 -7.355866 -0.597200 0.337139 -0.704042 0.282725 0.557431 0.0003880944 -0.0000089050 -0.0000865909 0.0000006980 0.0000019724 0.0000197913 0.0244719595 -0.0033567220 -0.0000022369 0.0037516604 0.0000557411 0.0026596768
1403637182.78832 -1.100069 -7.375729 -0.573163 0.335426 -0.705676 0.285071 0.555198 0.0003875397 -0.0000119243 -0.0000874292 0.0000008627 0.0000026760 0.0000201976 0.0245891306 -0.0031114306 -0.0000020311 0.0036725369 0.0000557533 0.0026597509
1403637182.83832 -1.012481 -7.392706 -0.550846 0.332902 -0.707177 0.288045 0.553270 0.0003871334 -0.0000155611 -0.0000877364 0.0000011237 0.0000035130 0.0000203593 0.0246897074 -0.0028611611 -0.0000018200 0.0035988021 0.0000557666 0.0026598628
1403637182.88832 -0.924191 -7.406767 -0.530378 0.330752 -0.708199 0.290244 0.552101 0.0003869020 -0.0000182808 -0.0000877230 0.0000013643 0.0000041315 0.0000203670 0.0247725240 -0.0026061205 -0.0000016134 0.0035306920 0.0000557831 0.0026600099
1403637182.93832 -0.836413 -7.417748 -0.511530 0.327588 -0.709121 0.293724 0.550963 0.0003867955 -0.0000221266 -0.0000870869 0.0000017688 0.0000049690 0.0000200865 0.0248384895 -0.0023475933 -0.0000014268 0.0034685343 0.0000558126 0.0026601746
1403637182.98831 -0.748826 -7.425487 -0.495855 0.324195 -0.710468 0.297687 0.549104 0.0003863373 -0.0000266079 -0.0000868110 0.0000023360 0.0000059664 0.0000199859 0.0248871528 -0.0020890603 -0.0000012706 0.0034128959 0.0000558935 0.0026602776
1403637183.03831 -0.659895 -7.430783 -0.484128 0.320310 -0.712086 0.302201 0.546818 0.0003856367 -0.0000317998 -0.0000865649 0.0000031292 0.0000071266 0.0000199126 0.0249162640 -0.0018301283 -0.0000010865 0.0033639686 0.0000559196 0.0026605032
1403637183.08831 -0.570954 -7.433377 -0.476685 0.316869 -0.713004 0.306202 0.545399 0.0003852023 -0.0000361139 -0.0000858125 0.0000038961 0.0000080343 0.0000195994 0.0249289258 -0.0015669309 -0.0000009210 0.0033207813 0.0000559720 0.0026607415
1403637183.13832 -0.483143 -7.432857 -0.473597 0.313871 -0.714509 0.310128 0.542939 0.0003842355 -0.0000405475 -0.0000859008 0.0000047928 0.0000090547 0.0000196891 0.0249288787 -0.0013046573 -0.0000007846 0.0032841769 0.0000560514 0.0026609799
1403637183.18832 -0.395677 -7.428582 -0.474915 0.312068 -0.715512 0.312310 0.541404 0.0003835670 -0.0000431424 -0.0000860690 0.0000053695 0.0000096708 0.0000198001 0.0249037668 -0.0010441936 -0.0000006749 0.0032541763 0.0000561635 0.0026612242
1403637183.23831 -0.310445 -7.421834 -0.479254 0.310473 -0.716812 0.314361 0.539410 0.0003826774 -0.0000457413 -0.0000866037 0.0000059869 0.0000103419 0.0000200882 0.0248569877 -0.0007856506 -0.0000006670 0.0032304746 0.0000563207 0.0026614323
1403637183.28832 -0.224619 -7.410152 -0.484793 0.309387 -0.717921 0.315653 0.537803 0.0003818873 -0.0000475479 -0.0000872874 0.0000064427 0.0000108584 0.0000204424 0.0247959483 -0.0005356139 -0.0000006284 0.0032135738 0.0000564626 0.0026616900
1403637183.33832 -0.139919 -7.395158 -0.491401 0.307995 -0.719337 0.317195 0.535799 0.0003808906 -0.0000497872 -0.0000880883 0.0000070334 0.0000115049 0.0000208654 0.0247060766 -0.0002837353 -0.0000006534 0.0032022884 0.0000566681 0.0026619274
1403637183.38832 -0.056853 -7.376678 -0.499499 0.306690 -0.720580 0.318678 0.533994 0.0003799715 -0.0000518742 -0.0000887542 0.0000076107 0.0000121078 0.0000212269 0.0245976298 -0.0000364937 -0.0000006811 0.0031969792 0.0000568456 0.0026622003
1403637183.43832 0.024630 -7.354148 -0.508478 0.305943 -0.720755 0.318880 0.534066 0.0003799344 -0.0000523272 -0.0000885946 0.0000077383 0.0000121924 0.0000211560 0.0244686273 0.0002030206 -0.0000007410 0.0031973215 0.0000570367 0.0026624713
1403637183.48832 0.103541 -7.328929 -0.517909 0.305249 -0.720839 0.318878 0.534351 0.0003799980 -0.0000526085 -0.0000883186 0.0000078159 0.0000122164 0.0000210238 0.0243154089 0.0004372366 -0.0000009330 0.0032027424 0.0000573637 0.0026626363
1403637183.53831 0.181332 -7.298815 -0.529353 0.304010 -0.722165 0.320211 0.532466 0.0003789994 -0.0000545564 -0.0000891461 0.0000083889 0.0000128219 0.0000214673 0.0241480606 0.0006616897 -0.0000010305 0.0032131594 0.0000575710 0.0026629173
1403637183.58831 0.256079 -7.265116 -0.541793 0.302815 -0.722719 0.321440 0.531655 0.0003785443 -0.0000560707 -0.0000891210 0.0000088425 0.0000131896 0.0000214810 0.0239501996 0.0008798587 -0.0000012507 0.0032280465 0.0000578577 0.0026631399
1403637183.63831 0.330765 -7.227438 -0.554955 0.301076 -0.723441 0.323315 0.530522 0.0003778700 -0.0000582437 -0.0000890726 0.0000095177 0.0000137182 0.0000214967 0.0237349648 0.0010862814 -0.0000013698 0.0032468431 0.0000580771 0.0026634525
1403637183.68831 0.403803 -7.185315 -0.569134 0.299597 -0.723647 0.324618 0.530283 0.0003776383 -0.0000596885 -0.0000885939 0.0000099773 0.0000139913 0.0000212849 0.0234970386 0.0012901085 -0.0000015153 0.0032700388 0.0000583042 0.0026637957
1403637183.73831 0.475389 -7.139286 -0.584824 0.298072 -0.726014 0.326376 0.526816 0.0003757172 -0.0000625851 -0.0000903486 0.0000109717 0.0000150388 0.0000222289 0.0232351888 0.0014856644 -0.0000016803 0.0032968805 0.0000585403 0.0026641595
1403637183.78831 0.545145 -7.088730 -0.600165 0.296627 -0.729773 0.328678 0.520975 0.0003725060 -0.0000665106 -0.0000935508 0.0000124261 0.0000166938 0.0000240002 0.0229493767 0.0016734074 -0.0000018598 0.0033271781 0.0000587744 0.0026645391
1403637183.83831 0.610596 -7.033693 -0.615043 0.295562 -0.733541 0.330211 0.515288 0.0003692420 -0.0000697581 -0.0000969619 0.0000137331 0.0000183098 0.0000259708 0.0226484264 0.0018473109 -0.0000020659 0.0033594864 0.0000590215 0.0026649132
1403637183.88831 0.673162 -6.976061 -0.627422 0.294059 -0.737125 0.332140 0.509763 0.0003659248 -0.0000733249 -0.0000999008 0.0000152517 0.0000200115 0.0000277859 0.0223246626 0.0020038135 -0.0000022570 0.0033927528 0.0000592206 0.0026653170
1403637183.93831 0.730313 -6.913619 -0.639057 0.292314 -0.740321 0.333963 0.504922 0.0003628522 -0.0000766277 -0.0001023410 0.0000167453 0.0000216071 0.0000293795 0.0219866562 0.0021491703 -0.0000024896 0.0034274084 0.0000594277 0.0026657234
1403637183.98831 0.786049 -6.847544 -0.648233 0.291063 -0.743604 0.335048 0.500078 0.0003597269 -0.0000793283 -0.0001050664 0.0000180610 0.0000231658 0.0000312047 0.0216208523 0.0022753151 -0.0000026865 0.0034614551 0.0000596004 0.0026661667
1403637184.03832 0.837805 -6.776786 -0.654225 0.289689 -0.746320 0.336318 0.495961 0.0003569803 -0.0000818603 -0.0001071544 0.0000193432 0.0000245696 0.0000326850 0.0212398184 0.0023929116 -0.0000028863 0.0034967633 0.0000597602 0.0026666637
1403637184.08832 0.884978 -6.701932 -0.657522 0.289025 -0.747948 0.336146 0.494009 0.0003555905 -0.0000826828 -0.0001085047 0.0000198001 0.0000252281 0.0000336312 0.0208367416 0.0024942001 -0.0000031322 0.0035310611 0.0000599212 0.0026671509
1403637184.13832 0.928210 -6.621809 -0.658349 0.289966 -0.748760 0.333967 0.493704 0.0003553734 -0.0000813441 -0.0001098302 0.0000191956 0.0000251377 0.0000344674 0.0204159198 0.0025791087 -0.0000033483 0.0035638255 0.0000600445 0.0026676794
1403637184.18833 0.965932 -6.537407 -0.656642 0.292004 -0.749465 0.330884 0.493510 0.0003553532 -0.0000790097 -0.0001115638 0.0000181438 0.0000248021 0.0000355507 0.0199789547 0.0026472331 -0.0000035616 0.0035942125 0.0000601710 0.0026681931
1403637184.23833 1.000726 -6.451515 -0.654139 0.295825 -0.748340 0.324960 0.496866 0.0003575940 -0.0000734479 -0.0001123205 0.0000156614 0.0000230640 0.0000358053 0.0195261046 0.0026978486 -0.0000037739 0.0036216763 0.0000602750 0.0026687195
1403637184.28834 1.032734 -6.363528 -0.654897 0.302472 -0.747177 0.315772 0.500525 0.0003599524 -0.0000647836 -0.0001144042 0.0000122329 0.0000205803 0.0000368882 0.0190754470 0.0027418131 -0.0000039798 0.0036487704 0.0000604052 0.0026692327
1403637184.33834 1.061912 -6.273977 -0.659400 0.309841 -0.746142 0.305405 0.503982 0.0003617678 -0.0000551208 -0.0001169656 0.0000089697 0.0000178074 0.0000383460 0.0186255069 0.0027763482 -0.0000041310 0.0036743226 0.0000605470 0.0026697234
1403637184.38835 1.091601 -6.181106 -0.667715 0.317154 -0.745983 0.295500 0.505571 0.0003620737 -0.0000462068 -0.0001203546 0.0000064664 0.0000153420 0.0000405351 0.0181739804 0.0028025117 -0.0000040500 0.0036982721 0.0000606520 0.0026700194
1403637184.43835 1.119856 -6.089263 -0.679288 0.323521 -0.746405 0.286904 0.505865 0.0003613680 -0.0000388509 -0.0001238390 0.0000047467 0.0000132936 0.0000429724 0.0177139469 0.0028283208 -0.0000042550 0.0037243474 0.0000608473 0.0026705750
1403637184.48836 1.146970 -5.996496 -0.692892 0.328680 -0.748238 0.280407 0.503469 0.0003590561 -0.0000340063 -0.0001281153 0.0000037922 0.0000121115 0.0000462530 0.0172706382 0.0028494648 -0.0000044637 0.0037497665 0.0000610394 0.0026711714
1403637184.53836 1.172859 -5.902929 -0.707937 0.333058 -0.750329 0.274962 0.500474 0.0003563415 -0.0000303129 -0.0001322383 0.0000031521 0.0000112254 0.0000496205 0.0168300101 0.0028653934 -0.0000046396 0.0037746287 0.0000612523 0.0026717789
1403637184.58837 1.198225 -5.809050 -0.724807 0.337073 -0.753343 0.270000 0.495940 0.0003525990 -0.0000275895 -0.0001370088 0.0000027345 0.0000106957 0.0000537925 0.0163943445 0.0028770637 -0.0000048183 0.0037991338 0.0000614766 0.0026724082
1403637184.63837 1.221622 -5.716209 -0.742104 0.340330 -0.755802 0.266100 0.492067 0.0003493552 -0.0000255229 -0.0001408386 0.0000024427 0.0000102638 0.0000573403 0.0159668795 0.0028851222 -0.0000050112 0.0038233431 0.0000617085 0.0026730719
1403637184.68838 1.245229 -5.622876 -0.760597 0.342827 -0.758244 0.263183 0.488129 0.0003461668 -0.0000243371 -0.0001442634 0.0000022913 0.0000101169 0.0000606911 0.0155501723 0.0028875349 -0.0000051705 0.0038460532 0.0000619471 0.0026737134
1403637184.73838 1.264770 -5.530336 -0.777875 0.344609 -0.760922 0.261440 0.483623 0.0003428046 -0.0000242446 -0.0001475205 0.0000022978 0.0000104085 0.0000640605 0.0151390444 0.0028881214 -0.0000053569 0.0038691870 0.0000621732 0.0026743903
1403637184.78838 1.281767 -5.439608 -0.793479 0.346442 -0.762869 0.259132 0.480479 0.0003401868 -0.0000233675 -0.0001500805 0.0000021904 0.0000102843 0.0000667951 0.0147423404 0.0028777947 -0.0000055575 0.0038876615 0.0000623614 0.0026750496
1403637184.83838 1.295797 -5.350525 -0.806760 0.348083 -0.764231 0.257419 0.478043 0.0003381396 -0.0000226332 -0.0001520293 0.0000021031 0.0000101513 0.0000689429 0.0143629955 0.0028617127 -0.0000057847 0.0039034923 0.0000625326 0.0026757402
1403637184.88837 1.308392 -5.262120 -0.817112 0.348723 -0.765307 0.256477 0.476358 0.0003367475 -0.0000224756 -0.0001532754 0.0000020911 0.0000102058 0.0000703596 0.0139925784 0.0028400412 -0.0000060067 0.0039169710 0.0000626872 0.0026764286
1403637184.93837 1.317603 -5.176156 -0.824756 0.351173 -0.765423 0.253746 0.475834 0.0003357659 -0.0000201895 -0.0001544420 0.0000018076 0.0000092609 0.0000716369 0.0136368303 0.0028135267 -0.0000062281 0.0039278724 0.0000628333 0.0026771353
1403637184.98836 1.326229 -5.089621 -0.830885 0.350746 -0.766792 0.254727 0.473414 0.0003342999 -0.0000217262 -0.0001554720 0.0000020080 0.0000100802 0.0000729075 0.0132976011 0.0027813100 -0.0000063760 0.0039351935 0.0000630243 0.0026777711
1403637185.03836 1.331011 -5.005984 -0.834598 0.353231 -0.767180 0.251651 0.472583 0.0003330054 -0.0000193623 -0.0001568634 0.0000017244 0.0000090953 0.0000744986 0.0129581322 0.0027473975 -0.0000065992 0.0039425300 0.0000631395 0.0026785171
1403637185.08836 1.333494 -4.924423 -0.836455 0.353623 -0.767854 0.251215 0.471426 0.0003320877 -0.0000193898 -0.0001576164 0.0000017337 0.0000091777 0.0000754197 0.0126380190 0.0027072983 -0.0000067970 0.0039455465 0.0000632442 0.0026792433
1403637185.13835 1.333509 -4.845187 -0.835134 0.353009 -0.768785 0.251376 0.470281 0.0003313067 -0.0000201358 -0.0001581612 0.0000018284 0.0000095882 0.0000761186 0.0123312536 0.0026635826 -0.0000069818 0.0039459029 0.0000633047 0.0026799311
1403637185.18834 1.330863 -4.767837 -0.832144 0.353453 -0.768827 0.250632 0.470276 0.0003311079 -0.0000195672 -0.0001583968 0.0000017627 0.0000093363 0.0000763915 0.0120377390 0.0026167010 -0.0000069940 0.0039436782 0.0000633555 0.0026804692
1403637185.23834 1.331761 -4.692797 -0.835008 0.354131 -0.769477 0.249014 0.469562 0.0003299567 -0.0000187145 -0.0001593920 0.0000016589 0.0000090181 0.0000776173 0.0117550708 0.0025667511 -0.0000057113 0.0039386401 0.0000632160 0.0026795298
1403637185.28834 1.331496 -4.621483 -0.838277 0.355002 -0.770719 0.246724 0.468073 0.0003281888 -0.0000176766 -0.0001608522 0.0000015372 0.0000086438 0.0000794594 0.0114894063 0.0025237044 -0.0000039256 0.0039354504 0.0000632108 0.0026782740
1403637185.33834 1.319686 -4.552286 -0.827873 0.357644 -0.771597 0.242995 0.466564 0.0003263956 -0.0000151372 -0.0001624735 0.0000012909 0.0000075130 0.0000815048 0.0112390658 0.0024823663 -0.0000039910 0.0039335915 0.0000633121 0.0026791734
1403637185.38834 1.305634 -4.485059 -0.815422 0.361101 -0.772306 0.237898 0.465353 0.0003240646 -0.0000115017 -0.0001644937 0.0000010008 0.0000058131 0.0000841321 0.0109998697 0.0024214609 -0.0000040667 0.0039189779 0.0000633482 0.0026800199
1403637185.43834 1.290488 -4.420282 -0.801082 0.363836 -0.773302 0.233623 0.463732 0.0003216148 -0.0000087448 -0.0001664183 0.0000008343 0.0000044974 0.0000867559 0.0107701553 0.0023598353 -0.0000041417 0.0039032443 0.0000633487 0.0026808868
1403637185.48834 1.273153 -4.359445 -0.784610 0.365996 -0.773199 0.230353 0.463841 0.0003206698 -0.0000061434 -0.0001671969 0.0000007180 0.0000031731 0.0000878240 0.0105578183 0.0022973961 -0.0000041809 0.0038853199 0.0000633685 0.0026817099
1403637185.53833 1.254367 -4.301321 -0.767010 0.366616 -0.772336 0.228959 0.465475 0.0003213851 -0.0000045885 -0.0001667481 0.0000006699 0.0000023491 0.0000871641 0.0103604871 0.0022346153 -0.0000042283 0.0038657970 0.0000633832 0.0026825294
1403637185.58833 1.233736 -4.247135 -0.747177 0.365250 -0.770476 0.230262 0.468976 0.0003242752 -0.0000045756 -0.0001646832 0.0000006727 0.0000022919 0.0000842784 0.0101759246 0.0021723704 -0.0000042637 0.0038453529 0.0000633961 0.0026833154
1403637185.63832 1.210359 -4.197257 -0.725734 0.362769 -0.766790 0.233803 0.475150 0.0003297156 -0.0000051992 -0.0001605623 0.0000006927 0.0000025001 0.0000788239 0.0100063989 0.0021096023 -0.0000040965 0.0038230997 0.0000635452 0.0026839723
1403637185.68832 1.186470 -4.148678 -0.704598 0.359789 -0.761953 0.237552 0.483268 0.0003363831 -0.0000053866 -0.0001551216 0.0000007007 0.0000024521 0.0000721574 0.0098529479 0.0020453231 -0.0000040446 0.0037986314 0.0000635661 0.0026847152
1403637185.73832 1.161335 -4.102123 -0.684259 0.357493 -0.757411 0.240602 0.490548 0.0003421243 -0.0000052527 -0.0001500540 0.0000006987 0.0000022715 0.0000664278 0.0097026010 0.0019823286 -0.0000039609 0.0037747497 0.0000636209 0.0026854622
1403637185.78832 1.134790 -4.058401 -0.665078 0.356948 -0.753221 0.240984 0.497164 0.0003465234 -0.0000031828 -0.0001459567 0.0000006507 0.0000013066 0.0000620860 0.0095590315 0.0019196529 -0.0000038466 0.0037505113 0.0000637087 0.0026861609
1403637185.83831 1.106414 -4.018636 -0.646261 0.357498 -0.750664 0.239594 0.501292 0.0003487730 -0.0000006562 -0.0001437692 0.0000006204 0.0000002331 0.0000598694 0.0094252156 0.0018568271 -0.0000032740 0.0037250948 0.0000645047 0.0026860849
1403637185.88829 1.062535 -4.003278 -0.615307 0.357471 -0.748171 0.239303 0.505161 0.0003513918 0.0000009304 -0.0001410249 0.0000005985 -0.0000004157 0.0000571950 0.0093016117 0.0017920493 -0.0000005594 0.0036923708 0.0000665658 0.0026831420
1403637185.93828 1.027686 -3.970623 -0.602404 0.356876 -0.746458 0.239668 0.507936 0.0003528050 0.0000016237 -0.0001395198 0.0000006052 -0.0000006847 0.0000557693 0.0092625273 0.0017170913 -0.0000004926 0.0036530677 0.0000666642 0.0026832315
1403637185.98828 0.999129 -3.934389 -0.589839 0.355670 -0.744315 0.241555 0.511023 0.0003552014 0.0000013527 -0.0001369276 0.0000006056 -0.0000005643 0.0000533771 0.0091673060 0.0016502515 -0.0000002641 0.0036238223 0.0000668213 0.0026837803
1403637186.03828 0.971260 -3.898626 -0.578776 0.354155 -0.742230 0.243762 0.514051 0.0003576223 0.0000007221 -0.0001342171 0.0000006046 -0.0000003138 0.0000509619 0.0090599075 0.0015925263 -0.0000000652 0.0036008697 0.0000669665 0.0026843930
1403637186.08828 0.943645 -3.863986 -0.567590 0.353345 -0.740450 0.244913 0.516623 0.0003594533 0.0000007853 -0.0001320971 0.0000006076 -0.0000003317 0.0000491329 0.0089540150 0.0015369714 0.0000001159 0.0035792579 0.0000670927 0.0026849901
1403637186.13828 0.917100 -3.829889 -0.555425 0.352780 -0.739673 0.245967 0.517621 0.0003603127 0.0000003678 -0.0001310840 0.0000006088 -0.0000001770 0.0000482768 0.0088520680 0.0014832241 0.0000002690 0.0035585834 0.0000671792 0.0026855409
1403637186.18828 0.891300 -3.796711 -0.541382 0.352423 -0.739195 0.246590 0.518248 0.0003608555 0.0000001285 -0.0001304346 0.0000006107 -0.0000000896 0.0000477342 0.0087506768 0.0014323816 0.0000003120 0.0035394272 0.0000671308 0.0026858888
1403637186.23827 0.866050 -3.763987 -0.525644 0.352825 -0.739515 0.246043 0.517779 0.0003604326 0.0000004122 -0.0001309402 0.0000006136 -0.0000001934 0.0000481577 0.0086559940 0.0013826213 0.0000004396 0.0035207864 0.0000671973 0.0026864002
1403637186.28827 0.839877 -3.733686 -0.507492 0.353566 -0.739415 0.245253 0.517791 0.0003602208 0.0000011740 -0.0001311870 0.0000006193 -0.0000004720 0.0000483665 0.0085669228 0.0013336193 0.0000005403 0.0035024151 0.0000672441 0.0026868599
1403637186.33827 0.813983 -3.704604 -0.486236 0.352821 -0.737864 0.246231 0.520043 0.0003617816 0.0000012293 -0.0001293069 0.0000006218 -0.0000004839 0.0000468046 0.0084825604 0.0012861135 0.0000006187 0.0034847390 0.0000672730 0.0026872887
1403637186.38827 0.789354 -3.675906 -0.463281 0.351485 -0.737454 0.247562 0.520896 0.0003626212 0.0000002379 -0.0001282803 0.0000006198 -0.0000001283 0.0000459675 0.0084001953 0.0012408564 0.0000006952 0.0034682484 0.0000673055 0.0026877123
1403637186.43827 0.766168 -3.648762 -0.436837 0.349482 -0.737530 0.249957 0.520993 0.0003633355 -0.0000019326 -0.0001273735 0.0000006313 0.0000006341 0.0000452390 0.0083198144 0.0011975745 0.0000006855 0.0034527059 0.0000673994 0.0026879905
1403637186.48827 0.736279 -3.630363 -0.401319 0.347356 -0.738220 0.252455 0.520233 0.0003636524 -0.0000045913 -0.0001268145 0.0000006731 0.0000015587 0.0000448058 0.0082424826 0.0011580273 0.0000005561 0.0034354299 0.0000671865 0.0026868922
1403637186.53827 0.711518 -3.603290 -0.374841 0.344286 -0.738546 0.256329 0.519917 0.0003641943 -0.0000080762 -0.0001259428 0.0000007954 0.0000027523 0.0000441347 0.0081947201 0.0011104271 0.0000004961 0.0034171544 0.0000671606 0.0026871361
1403637186.58827 0.687159 -3.575122 -0.347887 0.342744 -0.738654 0.257787 0.520061 0.0003646002 -0.0000094999 -0.0001253194 0.0000008657 0.0000032255 0.0000436568 0.0081189978 0.0010680030 0.0000005882 0.0034028055 0.0000672063 0.0026876145
1403637186.63827 0.663199 -3.546457 -0.322146 0.341671 -0.739227 0.258503 0.519597 0.0003644731 -0.0000105718 -0.0001253889 0.0000009266 0.0000035979 0.0000437205 0.0080401340 0.0010266251 0.0000006679 0.0033892961 0.0000672458 0.0026881115
1403637186.68827 0.639601 -3.517463 -0.298406 0.340531 -0.740526 0.259072 0.518210 0.0003637691 -0.0000119695 -0.0001261504 0.0000010156 0.0000041127 0.0000443322 0.0079603166 0.0009860541 0.0000007334 0.0033763955 0.0000672839 0.0026886151
1403637186.73827 0.616342 -3.487801 -0.276848 0.339206 -0.743329 0.260011 0.514583 0.0003618087 -0.0000145021 -0.0001283186 0.0000012048 0.0000051067 0.0000460976 0.0078797753 0.0009466990 0.0000007429 0.0033642086 0.0000673377 0.0026891005
1403637186.78826 0.593444 -3.457301 -0.257193 0.336871 -0.746608 0.262444 0.510116 0.0003596032 -0.0000185687 -0.0001304559 0.0000015843 0.0000067022 0.0000479183 0.0077980204 0.0009079417 0.0000007623 0.0033524692 0.0000673232 0.0026895529
1403637186.83826 0.569758 -3.426991 -0.239932 0.333340 -0.750287 0.266824 0.504737 0.0003571281 -0.0000244795 -0.0001323809 0.0000023058 0.0000090436 0.0000496667 0.0077158233 0.0008694050 0.0000007658 0.0033411136 0.0000673604 0.0026900367
1403637186.88826 0.545490 -3.396148 -0.224541 0.329591 -0.753549 0.271440 0.499853 0.0003548196 -0.0000303638 -0.0001337911 0.0000032289 0.0000114224 0.0000510469 0.0076339611 0.0008299212 0.0000007652 0.0033296590 0.0000673894 0.0026904969
1403637186.93827 0.520015 -3.365127 -0.210689 0.324953 -0.756133 0.277161 0.495833 0.0003530746 -0.0000368442 -0.0001341051 0.0000044784 0.0000139714 0.0000515361 0.0075513784 0.0007895989 0.0000007585 0.0033181905 0.0000674133 0.0026909380
1403637186.98827 0.492488 -3.333224 -0.198721 0.321546 -0.758146 0.281412 0.492575 0.0003514798 -0.0000416829 -0.0001344383 0.0000055798 0.0000159238 0.0000520235 0.0074686834 0.0007477321 0.0000007288 0.0033065558 0.0000674295 0.0026913436
1403637187.03827 0.464128 -3.301296 -0.187383 0.318205 -0.758368 0.285464 0.492071 0.0003515942 -0.0000454364 -0.0001330817 0.0000065110 0.0000171805 0.0000509734 0.0073841813 0.0007030763 0.0000006633 0.0032945744 0.0000674387 0.0026916821
1403637187.08828 0.433802 -3.269056 -0.175179 0.316461 -0.757429 0.287549 0.493425 0.0003527208 -0.0000468044 -0.0001313046 0.0000068483 0.0000174068 0.0000494774 0.0072987645 0.0006585297 0.0000004786 0.0032824291 0.0000673699 0.0026912191
1403637187.13828 0.400024 -3.235453 -0.167984 0.316607 -0.755606 0.287292 0.496269 0.0003544928 -0.0000456486 -0.0001296742 0.0000065167 0.0000166804 0.0000480308 0.0072146827 0.0006118971 0.0000004538 0.0032710155 0.0000673874 0.0026916154
1403637187.18828 0.364786 -3.200494 -0.162813 0.317396 -0.754425 0.284153 0.499359 0.0003559678 -0.0000426413 -0.0001289717 0.0000057472 0.0000154298 0.0000473228 0.0071272567 0.0005617682 0.0000004637 0.0032594631 0.0000674181 0.0026920203
1403637187.23828 0.327724 -3.164084 -0.159597 0.318416 -0.755437 0.278483 0.500374 0.0003555956 -0.0000389540 -0.0001305591 0.0000049074 0.0000142813 0.0000485321 0.0070370765 0.0005107111 0.0000004643 0.0032485882 0.0000674468 0.0026924000
1403637187.28828 0.289064 -3.126676 -0.158316 0.320877 -0.758518 0.269508 0.499052 0.0003530902 -0.0000336986 -0.0001348265 0.0000038570 0.0000128453 0.0000520852 0.0069460573 0.0004587501 0.0000004525 0.0032384598 0.0000674692 0.0026927338
1403637187.33829 0.249142 -3.089229 -0.157922 0.323153 -0.761529 0.260867 0.497589 0.0003503852 -0.0000287231 -0.0001388718 0.0000029963 0.0000113601 0.0000556482 0.0068556555 0.0004060939 0.0000004255 0.0032292322 0.0000674793 0.0026930078
1403637187.38829 0.207964 -3.051954 -0.158369 0.326566 -0.763737 0.251567 0.496765 0.0003478654 -0.0000226448 -0.0001425707 0.0000021165 0.0000092541 0.0000590448 0.0067668066 0.0003534590 0.0000003778 0.0032211414 0.0000674705 0.0026931972
1403637187.43829 0.165695 -3.015151 -0.158808 0.328700 -0.765728 0.244027 0.496052 0.0003456191 -0.0000179977 -0.0001454449 0.0000015807 0.0000075448 0.0000618244 0.0066807087 0.0003005318 0.0000003246 0.0032142739 0.0000674884 0.0026933817
1403637187.48829 0.120960 -2.979756 -0.159491 0.329512 -0.767635 0.238868 0.495075 0.0003436755 -0.0000152641 -0.0001476163 0.0000013232 0.0000065262 0.0000640262 0.0065975539 0.0002481545 0.0000003141 0.0032088733 0.0000674708 0.0026936667
1403637187.53829 0.075441 -2.944972 -0.161160 0.329994 -0.769638 0.234783 0.493598 0.0003416101 -0.0000134158 -0.0001497162 0.0000011737 0.0000058491 0.0000662413 0.0065183041 0.0001945109 0.0000003142 0.0032048369 0.0000674551 0.0026938760
1403637187.58829 0.028320 -2.911658 -0.162917 0.329593 -0.771072 0.232217 0.492841 0.0003404158 -0.0000125019 -0.0001508812 0.0000011080 0.0000055104 0.0000675027 0.0064424844 0.0001406725 0.0000002740 0.0032024771 0.0000674294 0.0026941170
1403637187.63829 -0.020064 -2.879834 -0.165932 0.328418 -0.772703 0.231242 0.491527 0.0003392103 -0.0000129526 -0.0001519223 0.0000011451 0.0000057711 0.0000686720 0.0063716931 0.0000861886 0.0000002526 0.0032019424 0.0000674131 0.0026942570
1403637187.68829 -0.069251 -2.849284 -0.171545 0.326625 -0.773831 0.231478 0.490835 0.0003386935 -0.0000140893 -0.0001522710 0.0000012335 0.0000063066 0.0000690890 0.0063028326 0.0000318212 0.0000006460 0.0032030807 0.0000675288 0.0026936970
1403637187.73829 -0.120780 -2.819670 -0.175683 0.325546 -0.775400 0.231073 0.489264 0.0003375084 -0.0000148779 -0.0001532330 0.0000013049 0.0000067279 0.0000702023 0.0062379939 -0.0000222960 0.0000006648 0.0032065728 0.0000675811 0.0026938627
1403637187.78829 -0.173452 -2.791128 -0.179896 0.324863 -0.776125 0.230521 0.488829 0.0003370400 -0.0000150173 -0.0001536253 0.0000013198 0.0000068182 0.0000706571 0.0061766589 -0.0000781788 0.0000006423 0.0032125470 0.0000676363 0.0026940760
1403637187.83829 -0.227812 -2.763908 -0.185205 0.324197 -0.777982 0.230360 0.486389 0.0003352736 -0.0000160236 -0.0001550343 0.0000014181 0.0000073836 0.0000723267 0.0061181608 -0.0001340373 0.0000006131 0.0032210134 0.0000676904 0.0026942500
1403637187.88829 -0.284092 -2.738194 -0.190834 0.324918 -0.778436 0.228519 0.486050 0.0003345713 -0.0000148521 -0.0001557412 0.0000013128 0.0000068868 0.0000731354 0.0060635367 -0.0001910110 0.0000005840 0.0032323274 0.0000677479 0.0026943684
1403637187.93829 -0.341751 -2.714272 -0.196738 0.326405 -0.778101 0.225750 0.486883 0.0003344589 -0.0000124706 -0.0001560433 0.0000011195 0.0000057896 0.0000734421 0.0060128647 -0.0002488266 0.0000005480 0.0032466763 0.0000678039 0.0026944233
1403637187.98829 -0.401183 -2.691968 -0.203258 0.326975 -0.776983 0.224667 0.488783 0.0003354980 -0.0000110044 -0.0001552802 0.0000010169 0.0000050634 0.0000725072 0.0059662213 -0.0003068415 0.0000005360 0.0032641207 0.0000678371 0.0026945040
1403637188.03829 -0.464661 -2.671957 -0.211418 0.328246 -0.775285 0.222829 0.491461 0.0003368350 -0.0000085253 -0.0001542781 0.0000008717 0.0000038735 0.0000712973 0.0059217959 -0.0003672103 0.0000006511 0.0032840978 0.0000677676 0.0026942501
1403637188.08829 -0.527200 -2.652944 -0.219625 0.329262 -0.773629 0.221193 0.494124 0.0003382263 -0.0000063668 -0.0001531738 0.0000007778 0.0000028504 0.0000700010 0.0058838016 -0.0004299917 0.0000006631 0.0033097100 0.0000677922 0.0026944065
1403637188.13829 -0.590775 -2.635689 -0.228593 0.329970 -0.771464 0.220361 0.497397 0.0003402082 -0.0000044882 -0.0001514821 0.0000007196 0.0000019640 0.0000680789 0.0058478574 -0.0004907253 0.0000006362 0.0033381769 0.0000677889 0.0026945522
1403637188.18829 -0.655220 -2.620087 -0.237431 0.332256 -0.767506 0.217134 0.503381 0.0003432772 0.0000003289 -0.0001487341 0.0000006631 -0.0000001803 0.0000650674 0.0058158235 -0.0005522991 0.0000005899 0.0033705881 0.0000677855 0.0026946245
1403637188.23829 -0.719988 -2.606034 -0.247280 0.334443 -0.762260 0.213936 0.511214 0.0003473549 0.0000058075 -0.0001446944 0.0000007624 -0.0000024603 0.0000608910 0.0057872088 -0.0006134818 0.0000005199 0.0034064285 0.0000677817 0.0026946041
1403637188.28829 -0.785162 -2.594822 -0.257073 0.335228 -0.758137 0.212951 0.517206 0.0003508093 0.0000089122 -0.0001410273 0.0000008920 -0.0000036253 0.0000573042 0.0057617534 -0.0006740621 0.0000004242 0.0034453297 0.0000678523 0.0026942083
1403637188.33829 -0.849976 -2.584291 -0.267780 0.334484 -0.756117 0.213574 0.520379 0.0003529190 0.0000094131 -0.0001387644 0.0000009194 -0.0000037441 0.0000551678 0.0057420969 -0.0007353482 0.0000003708 0.0034879495 0.0000678656 0.0026942523
1403637188.38829 -0.914225 -2.574475 -0.279838 0.332334 -0.753423 0.216553 0.524417 0.0003562054 0.0000083601 -0.0001352229 0.0000008668 -0.0000032159 0.0000519350 0.0057226924 -0.0007955226 0.0000003002 0.0035336390 0.0000678745 0.0026942884
1403637188.43829 -0.978108 -2.565540 -0.292774 0.329995 -0.751512 0.219762 0.527292 0.0003588099 0.0000066519 -0.0001323317 0.0000007966 -0.0000024946 0.0000494023 0.0057040119 -0.0008544878 0.0000002284 0.0035820315 0.0000678481 0.0026943967
1403637188.48829 -1.041167 -2.556822 -0.306441 0.327443 -0.750028 0.221891 0.530098 0.0003610348 0.0000053720 -0.0001297463 0.0000007561 -0.0000019708 0.0000472213 0.0056865562 -0.0009130023 0.0000001484 0.0036335124 0.0000678038 0.0026944730
1403637188.53829 -1.103621 -2.549041 -0.321500 0.322879 -0.749511 0.224309 0.532605 0.0003631353 0.0000028406 -0.0001272449 0.0000007013 -0.0000010335 0.0000451779 0.0056693095 -0.0009706944 0.0000000491 0.0036876623 0.0000677229 0.0026945141
1403637188.58829 -1.164624 -2.541534 -0.337796 0.317141 -0.750982 0.226288 0.533143 0.0003639361 -0.0000007925 -0.0001262666 0.0000006844 0.0000002398 0.0000443967 0.0056543214 -0.0010275743 -0.0000000409 0.0037442560 0.0000676514 0.0026946474
1403637188.63828 -1.227456 -2.537630 -0.354966 0.310685 -0.752334 0.227334 0.534591 0.0003649855 -0.0000039345 -0.0001248585 0.0000007282 0.0000013140 0.0000432977 0.0056384494 -0.0010832264 -0.0000002843 0.0038016962 0.0000673944 0.0026944974
1403637188.68828 -1.287253 -2.530185 -0.373834 0.301454 -0.755313 0.230115 0.534487 0.0003653489 -0.0000099041 -0.0001240573 0.0000009584 0.0000033362 0.0000427082 0.0056299567 -0.0011414559 -0.0000003791 0.0038647916 0.0000673026 0.0026946167
1403637188.73828 -1.346469 -2.522797 -0.393959 0.291022 -0.758475 0.232342 0.534826 0.0003656428 -0.0000159969 -0.0001230355 0.0000013945 0.0000053617 0.0000419825 0.0056144060 -0.0011951052 -0.0000004760 0.0039283094 0.0000672166 0.0026947974
1403637188.78828 -1.405375 -2.514942 -0.415487 0.279624 -0.762675 0.234764 0.533875 0.0003649441 -0.0000230602 -0.0001228290 0.0000021569 0.0000077467 0.0000419226 0.0055980577 -0.0012477382 -0.0000005742 0.0039942061 0.0000671326 0.0026949874
1403637188.83828 -1.464163 -2.505871 -0.437324 0.269518 -0.766800 0.234690 0.533196 0.0003638547 -0.0000280188 -0.0001232172 0.0000028623 0.0000094796 0.0000423095 0.0055795194 -0.0012988365 -0.0000006813 0.0040623174 0.0000670532 0.0026951694
1403637188.88828 -1.523681 -2.496369 -0.458949 0.261551 -0.770176 0.232823 0.533117 0.0003628865 -0.0000307746 -0.0001238087 0.0000033187 0.0000104954 0.0000428245 0.0055596147 -0.0013497582 -0.0000008350 0.0041338672 0.0000669240 0.0026952836
1403637188.93827 -1.583589 -2.485374 -0.478964 0.255782 -0.773157 0.230027 0.532814 0.0003618105 -0.0000320396 -0.0001248597 0.0000035495 0.0000110560 0.0000436748 0.0055384054 -0.0014001913 -0.0000008966 0.0042088187 0.0000669606 0.0026954690
1403637188.98827 -1.643246 -2.471818 -0.497520 0.253381 -0.776061 0.223891 0.532354 0.0003604106 -0.0000299095 -0.0001271291 0.0000031968 0.0000105509 0.0000454328 0.0055129496 -0.0014484847 -0.0000009693 0.0042864117 0.0000669731 0.0026956374
1403637189.03827 -1.702960 -2.456143 -0.513812 0.253948 -0.778386 0.215274 0.532243 0.0003590181 -0.0000249053 -0.0001298808 0.0000024423 0.0000090101 0.0000475811 0.0054841436 -0.0014959625 -0.0000008933 0.0043673969 0.0000671601 0.0026956166
1403637189.08827 -1.764296 -2.441138 -0.527005 0.254708 -0.781300 0.207561 0.530671 0.0003567976 -0.0000207266 -0.0001332038 0.0000019203 0.0000077379 0.0000503297 0.0054522158 -0.0015406831 -0.0000010250 0.0044512570 0.0000671772 0.0026957104
1403637189.13827 -1.827814 -2.427657 -0.538082 0.256314 -0.785641 0.199952 0.526394 0.0003527871 -0.0000169509 -0.0001381788 0.0000015304 0.0000066389 0.0000547306 0.0054229829 -0.0015884253 -0.0000009226 0.0045397928 0.0000671953 0.0026953329
1403637189.18827 -1.889416 -2.412830 -0.550681 0.256235 -0.789380 0.195605 0.522458 0.0003493235 -0.0000156361 -0.0001419689 0.0000014185 0.0000063549 0.0000583149 0.0053981882 -0.0016384775 -0.0000011012 0.0046363973 0.0000671830 0.0026953391
1403637189.23827 -1.953744 -2.399809 -0.564414 0.255312 -0.793004 0.193146 0.518319 0.0003460422 -0.0000157851 -0.0001452344 0.0000014403 0.0000066272 0.0000615795 0.0053705180 -0.0016859189 -0.0000011509 0.0047332352 0.0000671426 0.0026951115
1403637189.28827 -2.016882 -2.386081 -0.581941 0.252765 -0.795023 0.194337 0.516025 0.0003445737 -0.0000181697 -0.0001463845 0.0000016816 0.0000077234 0.0000628171 0.0053476867 -0.0017365418 -0.0000013325 0.0048384987 0.0000671393 0.0026951445
1403637189.33827 -2.080960 -2.372538 -0.602828 0.249210 -0.794812 0.197904 0.516722 0.0003455416 -0.0000215327 -0.0001449971 0.0000020687 0.0000090421 0.0000614727 0.0053227109 -0.0017841834 -0.0000014848 0.0049449320 0.0000671863 0.0026952199
1403637189.38827 -2.145670 -2.359289 -0.625464 0.246652 -0.791956 0.200945 0.521142 0.0003489477 -0.0000232089 -0.0001413390 0.0000022733 0.0000094073 0.0000578724 0.0052979528 -0.0018320931 -0.0000016276 0.0050564477 0.0000672338 0.0026952641
1403637189.43827 -2.211716 -2.346171 -0.647662 0.244990 -0.787612 0.203654 0.527421 0.0003534930 -0.0000238022 -0.0001364349 0.0000023345 0.0000091924 0.0000532761 0.0052736493 -0.0018801297 -0.0000017677 0.0051726938 0.0000672734 0.0026952799
1403637189.48827 -2.279094 -2.333268 -0.668486 0.244413 -0.783789 0.205216 0.532751 0.0003571668 -0.0000235044 -0.0001323645 0.0000022797 0.0000087146 0.0000496661 0.0052496506 -0.0019285873 -0.0000018990 0.0052944563 0.0000672759 0.0026952003
1403637189.53827 -2.346229 -2.319624 -0.687783 0.245781 -0.780589 0.204402 0.537114 0.0003598953 -0.0000212462 -0.0001295436 0.0000019872 0.0000076491 0.0000472382 0.0052249816 -0.0019768303 -0.0000020100 0.0054213411 0.0000672805 0.0026951215
1403637189.58827 -2.414081 -2.305887 -0.705547 0.248156 -0.777686 0.202830 0.540817 0.0003620570 -0.0000182355 -0.0001273771 0.0000016492 0.0000064145 0.0000454203 0.0052002857 -0.0020246486 -0.0000020552 0.0055517992 0.0000671911 0.0026949165
1403637189.63827 -2.482082 -2.291468 -0.720758 0.250509 -0.775731 0.200627 0.543356 0.0003633524 -0.0000151951 -0.0001261682 0.0000013656 0.0000052725 0.0000444163 0.0051743564 -0.0020705551 -0.0000021667 0.0056862147 0.0000672373 0.0026946803
1403637189.68828 -2.549197 -2.276336 -0.733552 0.252676 -0.773392 0.199147 0.546223 0.0003649239 -0.0000125268 -0.0001244673 0.0000011588 0.0000042664 0.0000430576 0.0051470722 -0.0021143611 -0.0000023522 0.0058229376 0.0000671583 0.0026944151
1403637189.73829 -2.615682 -2.259730 -0.745273 0.254836 -0.773685 0.197928 0.545248 0.0003641677 -0.0000111008 -0.0001255820 0.0000010675 0.0000038200 0.0000439136 0.0051194661 -0.0021560534 -0.0000024794 0.0059617402 0.0000671799 0.0026942365
1403637189.78829 -2.681607 -2.243007 -0.753642 0.256330 -0.774281 0.197119 0.543992 0.0003633425 -0.0000103096 -0.0001267034 0.0000010230 0.0000035856 0.0000447931 0.0050889588 -0.0021941322 -0.0000026537 0.0061024694 0.0000671509 0.0026941698
1403637189.83830 -2.745159 -2.224081 -0.761392 0.258626 -0.774902 0.194699 0.542891 0.0003622747 -0.0000082146 -0.0001281928 0.0000009161 0.0000028958 0.0000459739 0.0050585636 -0.0022307775 -0.0000027925 0.0062448773 0.0000671534 0.0026939547
1403637189.88829 -2.809063 -2.207122 -0.763442 0.259095 -0.774189 0.194649 0.543703 0.0003628061 -0.0000077278 -0.0001275750 0.0000008956 0.0000027052 0.0000454719 0.0050262647 -0.0022634424 -0.0000029714 0.0063871681 0.0000671139 0.0026939268
1403637189.93829 -2.872180 -2.189558 -0.762594 0.258606 -0.773334 0.195773 0.544748 0.0003636430 -0.0000082836 -0.0001265025 0.0000009209 0.0000028689 0.0000446188 0.0049966990 -0.0022963807 -0.0000031467 0.0065315662 0.0000670629 0.0026939416
1403637189.98829 -2.934083 -2.171518 -0.760060 0.259383 -0.772168 0.194590 0.546454 0.0003644716 -0.0000067412 -0.0001255543 0.0000008580 0.0000023076 0.0000438627 0.0049661863 -0.0023270154 -0.0000032991 0.0066776576 0.0000670378 0.0026940200
1403637190.03829 -2.995008 -2.152626 -0.755627 0.258831 -0.770843 0.194928 0.548462 0.0003657120 -0.0000065856 -0.0001239742 0.0000008530 0.0000022170 0.0000426369 0.0049349246 -0.0023546625 -0.0000034414 0.0068232215 0.0000670192 0.0026941496
1403637190.08829 -3.055352 -2.133836 -0.749883 0.258878 -0.769469 0.193932 0.550717 0.0003668613 -0.0000053152 -0.0001225376 0.0000008127 0.0000017584 0.0000415394 0.0049037688 -0.0023809389 -0.0000035612 0.0069710059 0.0000670234 0.0026943437
1403637190.13829 -3.115558 -2.116605 -0.742074 0.258196 -0.769134 0.194266 0.551388 0.0003673374 -0.0000056211 -0.0001219031 0.0000008222 0.0000018477 0.0000410648 0.0048734582 -0.0024062152 -0.0000036537 0.0071201314 0.0000670488 0.0026945359
1403637190.18829 -3.175610 -2.099292 -0.733826 0.257871 -0.768274 0.193713 0.552931 0.0003680813 -0.0000049966 -0.0001209442 0.0000008044 0.0000016231 0.0000403507 0.0048469095 -0.0024338932 -0.0000037551 0.0072738132 0.0000670698 0.0026947031
1403637190.23828 -3.235697 -2.083340 -0.724351 0.256467 -0.768112 0.195162 0.553300 0.0003685469 -0.0000063710 -0.0001202593 0.0000008422 0.0000020604 0.0000398527 0.0048200465 -0.0024598609 -0.0000038753 0.0074284630 0.0000671440 0.0026947699
1403637190.28828 -3.293597 -2.065910 -0.713250 0.255685 -0.767760 0.194930 0.554231 0.0003690499 -0.0000063406 -0.0001195879 0.0000008408 0.0000020354 0.0000393632 0.0047935352 -0.0024843054 -0.0000039179 0.0075839681 0.0000671298 0.0026949524
1403637190.33828 -3.350803 -2.047009 -0.701938 0.255057 -0.767924 0.194833 0.554327 0.0003690383 -0.0000065403 -0.0001196114 0.0000008491 0.0000021002 0.0000393813 0.0047663095 -0.0025057149 -0.0000039737 0.0077380227 0.0000671193 0.0026952056
1403637190.38829 -3.406512 -2.028741 -0.687631 0.253822 -0.768442 0.195324 0.554004 0.0003689451 -0.0000075337 -0.0001197001 0.0000008886 0.0000024248 0.0000394505 0.0047368681 -0.0025232423 -0.0000040277 0.0078920274 0.0000671092 0.0026955365
1403637190.43829 -3.461720 -2.011545 -0.671639 0.252334 -0.768724 0.196814 0.553765 0.0003690356 -0.0000091526 -0.0001194799 0.0000009623 0.0000029444 0.0000392992 0.0047088953 -0.0025399059 -0.0000040779 0.0080443652 0.0000671068 0.0026958181
1403637190.48828 -3.515753 -1.992593 -0.655953 0.251441 -0.768116 0.196904 0.554981 0.0003697218 -0.0000092617 -0.0001185389 0.0000009695 0.0000029508 0.0000386228 0.0046830631 -0.0025573200 -0.0000040878 0.0081999014 0.0000671068 0.0026962136
1403637190.53828 -3.568660 -1.973130 -0.640932 0.251886 -0.768231 0.194716 0.555392 0.0003696074 -0.0000077016 -0.0001188292 0.0000008999 0.0000024571 0.0000388235 0.0046540230 -0.0025691193 -0.0000041086 0.0083523288 0.0000671580 0.0026966358
1403637190.58828 -3.620400 -1.953919 -0.626741 0.253187 -0.767505 0.192464 0.556587 0.0003699373 -0.0000054810 -0.0001185125 0.0000008226 0.0000017360 0.0000385882 0.0046253927 -0.0025794118 -0.0000041252 0.0085042158 0.0000672349 0.0026970528
1403637190.63827 -3.671342 -1.934630 -0.614485 0.257314 -0.766195 0.188950 0.557703 0.0003699685 -0.0000011948 -0.0001186132 0.0000007472 0.0000003604 0.0000386523 0.0045979036 -0.0025882636 -0.0000040984 0.0086544383 0.0000673503 0.0026974779
1403637190.68827 -3.720079 -1.914794 -0.603565 0.262751 -0.764306 0.187484 0.558254 0.0003699863 0.0000024233 -0.0001185929 0.0000007604 -0.0000008029 0.0000386404 0.0045710243 -0.0025957658 -0.0000040808 0.0088029040 0.0000675435 0.0026978734
1403637190.73827 -3.767316 -1.896529 -0.593557 0.267196 -0.763400 0.190802 0.556257 0.0003695425 0.0000021028 -0.0001192384 0.0000007569 -0.0000007071 0.0000391054 0.0045440205 -0.0026002964 -0.0000040546 0.0089455204 0.0000677935 0.0026982222
1403637190.78827 -3.813110 -1.877668 -0.584967 0.271192 -0.761894 0.195381 0.554797 0.0003696428 0.0000010307 -0.0001191366 0.0000007488 -0.0000003628 0.0000390326 0.0045193536 -0.0026054896 -0.0000040425 0.0090868566 0.0000680209 0.0026985859
1403637190.83827 -3.857981 -1.858743 -0.577522 0.274662 -0.760796 0.200799 0.552657 0.0003695483 -0.0000009562 -0.0001192912 0.0000007491 0.0000002767 0.0000391458 0.0044938390 -0.0026080245 -0.0000040303 0.0092263984 0.0000682591 0.0026989216
1403637190.88827 -3.901994 -1.839414 -0.570590 0.277159 -0.759705 0.206691 0.550736 0.0003696776 -0.0000036235 -0.0001190824 0.0000007822 0.0000011340 0.0000390000 0.0044681539 -0.0026088303 -0.0000040082 0.0093645124 0.0000684926 0.0026991313
1403637190.93828 -3.944926 -1.819803 -0.566023 0.279385 -0.758388 0.211823 0.549475 0.0003700207 -0.0000057314 -0.0001185441 0.0000008357 0.0000018020 0.0000386211 0.0044419040 -0.0026073809 -0.0000039628 0.0095017286 0.0000686919 0.0026993537
1403637190.98827 -3.986820 -1.799321 -0.563582 0.281332 -0.757124 0.216133 0.548546 0.0003703773 -0.0000074254 -0.0001179722 0.0000008961 0.0000023302 0.0000382216 0.0044153537 -0.0026038663 -0.0000039168 0.0096375156 0.0000688760 0.0026996291
1403637191.03827 -4.027399 -1.778053 -0.561924 0.283704 -0.755809 0.219218 0.547913 0.0003706884 -0.0000081643 -0.0001175060 0.0000009271 0.0000025524 0.0000378953 0.0043876615 -0.0025971349 -0.0000038666 0.0097704120 0.0000689765 0.0026997769
1403637191.08827 -4.067445 -1.756178 -0.560394 0.285277 -0.754475 0.222173 0.547744 0.0003712316 -0.0000090685 -0.0001166886 0.0000009668 0.0000028122 0.0000373237 0.0043593464 -0.0025879314 -0.0000037693 0.0099008270 0.0000689042 0.0026995838
1403637191.13827 -4.107577 -1.733991 -0.562005 0.286789 -0.753501 0.224060 0.547526 0.0003715187 -0.0000093568 -0.0001162771 0.0000009818 0.0000028895 0.0000370391 0.0043308289 -0.0025768209 -0.0000037346 0.0100321692 0.0000690391 0.0026998918
1403637191.18827 -4.146687 -1.712144 -0.564783 0.288625 -0.752365 0.224697 0.547863 0.0003718917 -0.0000087036 -0.0001158110 0.0000009498 0.0000026704 0.0000367130 0.0043021539 -0.0025641921 -0.0000036845 0.0101642743 0.0000691329 0.0027001002
1403637191.23827 -4.185536 -1.689533 -0.569061 0.289722 -0.751831 0.224990 0.547896 0.0003720024 -0.0000082911 -0.0001157039 0.0000009316 0.0000025383 0.0000366371 0.0042744715 -0.0025510239 -0.0000036425 0.0102947328 0.0000692467 0.0027003641
1403637191.28827 -4.223756 -1.666588 -0.575131 0.291394 -0.751198 0.224398 0.548121 0.0003720530 -0.0000070633 -0.0001157345 0.0000008817 0.0000021560 0.0000366530 0.0042466778 -0.0025362406 -0.0000036069 0.0104252887 0.0000693241 0.0027006294
1403637191.33827 -4.261204 -1.643333 -0.582432 0.291898 -0.750475 0.225009 0.548592 0.0003724548 -0.0000069746 -0.0001151783 0.0000008790 0.0000021157 0.0000362702 0.0042185376 -0.0025191836 -0.0000035689 0.0105543579 0.0000693830 0.0027008801
1403637191.38827 -4.297740 -1.619413 -0.589919 0.293409 -0.749306 0.223208 0.550118 0.0003729521 -0.0000047314 -0.0001145863 0.0000008090 0.0000014117 0.0000358584 0.0041903232 -0.0025002751 -0.0000035251 0.0106823074 0.0000694314 0.0027011131
1403637191.43827 -4.333187 -1.595294 -0.596751 0.294541 -0.748527 0.221806 0.551139 0.0003732398 -0.0000030567 -0.0001142411 0.0000007745 0.0000008931 0.0000356202 0.0041623265 -0.0024796385 -0.0000034766 0.0108074543 0.0000694584 0.0027013265
1403637191.48827 -4.367014 -1.569975 -0.601533 0.294284 -0.748351 0.221615 0.551593 0.0003734522 -0.0000029238 -0.0001139514 0.0000007727 0.0000008499 0.0000354228 0.0041339123 -0.0024559731 -0.0000034121 0.0109273528 0.0000693720 0.0027014552
1403637191.53827 -4.399205 -1.544245 -0.604361 0.295669 -0.747822 0.218672 0.552742 0.0003734701 -0.0000002609 -0.0001139837 0.0000007506 0.0000000367 0.0000354419 0.0041044907 -0.0024281982 -0.0000033535 0.0110424950 0.0000694154 0.0027017331
1403637191.58827 -4.430831 -1.518821 -0.605272 0.297321 -0.747694 0.215008 0.553467 0.0003730667 0.0000027867 -0.0001145665 0.0000007715 -0.0000008998 0.0000358377 0.0040762971 -0.0024003617 -0.0000032865 0.0111555785 0.0000694622 0.0027019914
1403637191.63827 -4.458945 -1.493374 -0.605323 0.298897 -0.750108 0.210990 0.550892 0.0003707996 0.0000048058 -0.0001177883 0.0000008133 -0.0000015712 0.0000380754 0.0040487115 -0.0023713580 -0.0000031631 0.0112642203 0.0000694110 0.0027021482
1403637191.68827 -4.486314 -1.468570 -0.603795 0.299951 -0.753758 0.207317 0.546715 0.0003676961 0.0000058047 -0.0001220279 0.0000008422 -0.0000019725 0.0000411606 0.0040214462 -0.0023392481 -0.0000030112 0.0113595267 0.0000692525 0.0027021039
1403637191.73827 -4.513621 -1.444743 -0.598515 0.300493 -0.756814 0.205033 0.543046 0.0003651678 0.0000059862 -0.0001253547 0.0000008527 -0.0000021014 0.0000437027 0.0039968706 -0.0023090744 -0.0000029844 0.0114553193 0.0000693801 0.0027025880
1403637191.78827 -4.539299 -1.420133 -0.593351 0.301559 -0.759646 0.201826 0.539691 0.0003624548 0.0000070670 -0.0001287178 0.0000008918 -0.0000025563 0.0000463879 0.0039732040 -0.0022804877 -0.0000028893 0.0115521101 0.0000694492 0.0027028477
1403637191.83827 -4.564482 -1.397208 -0.585605 0.304263 -0.759815 0.196367 0.539949 0.0003612005 0.0000113784 -0.0001299526 0.0000011129 -0.0000041425 0.0000474337 0.0039498620 -0.0022506492 -0.0000027966 0.0116460906 0.0000695396 0.0027031333
1403637191.88826 -4.588406 -1.375240 -0.576045 0.307419 -0.759262 0.190451 0.541057 0.0003602149 0.0000164584 -0.0001306094 0.0000015082 -0.0000060191 0.0000480392 0.0039283531 -0.0022220887 -0.0000027165 0.0117354977 0.0000696294 0.0027034339
1403637191.93826 -4.611349 -1.354605 -0.564670 0.310442 -0.758041 0.184470 0.543112 0.0003596458 0.0000218267 -0.0001305173 0.0000020830 -0.0000079755 0.0000480486 0.0039089751 -0.0021959274 -0.0000026354 0.0118218723 0.0000697192 0.0027037193
1403637191.98826 -4.633398 -1.337836 -0.551568 0.313019 -0.757175 0.179690 0.544442 0.0003589090 0.0000260879 -0.0001306264 0.0000026564 -0.0000095517 0.0000482256 0.0038912984 -0.0021711863 -0.0000025612 0.0119019857 0.0000697838 0.0027038952
1403637192.03826 -4.653897 -1.321541 -0.536535 0.313313 -0.759083 0.177434 0.542352 0.0003571112 0.0000266645 -0.0001326258 0.0000027526 -0.0000099602 0.0000499441 0.0038775818 -0.0021526703 -0.0000024899 0.0119789554 0.0000698605 0.0027042260
1403637192.08827 -4.672827 -1.305982 -0.521438 0.312651 -0.762751 0.176663 0.537819 0.0003543425 0.0000251970 -0.0001360448 0.0000025540 -0.0000097309 0.0000529288 0.0038645781 -0.0021341995 -0.0000023923 0.0120501966 0.0000699469 0.0027045274
1403637192.13827 -4.690212 -1.292410 -0.504125 0.312629 -0.765818 0.175495 0.533843 0.0003516884 0.0000244004 -0.0001390717 0.0000024563 -0.0000097058 0.0000556984 0.0038526305 -0.0021168387 -0.0000022928 0.0121174874 0.0000700716 0.0027048953
1403637192.18826 -4.706868 -1.280733 -0.485059 0.313133 -0.767920 0.173701 0.531106 0.0003495314 0.0000246521 -0.0001412928 0.0000025042 -0.0000100230 0.0000578256 0.0038427260 -0.0021026360 -0.0000021924 0.0121802585 0.0000702223 0.0027052603
1403637192.23827 -4.723380 -1.273960 -0.463867 0.314246 -0.768736 0.171253 0.530063 0.0003481206 0.0000260785 -0.0001424885 0.0000027214 -0.0000107329 0.0000590362 0.0038352153 -0.0020929274 -0.0000021069 0.0122421013 0.0000702883 0.0027055951
1403637192.28827 -4.739226 -1.268081 -0.440739 0.316824 -0.768101 0.166659 0.530913 0.0003470931 0.0000300321 -0.0001427568 0.0000033702 -0.0000124139 0.0000594320 0.0038320434 -0.0020919500 -0.0000020353 0.0123020800 0.0000704433 0.0027059112
1403637192.33826 -4.754089 -1.266252 -0.416376 0.319483 -0.766421 0.162484 0.533037 0.0003468873 0.0000341874 -0.0001420403 0.0000041451 -0.0000140637 0.0000588798 0.0038299365 -0.0020930001 -0.0000019494 0.0123602919 0.0000705621 0.0027062464
1403637192.38827 -4.767670 -1.263237 -0.394388 0.320002 -0.764534 0.161514 0.535724 0.0003480666 0.0000359683 -0.0001404124 0.0000044931 -0.0000145769 0.0000573577 0.0038309370 -0.0021010281 -0.0000016035 0.0124127106 0.0000703854 0.0027060375
1403637192.43827 -4.780200 -1.266507 -0.372216 0.318373 -0.765610 0.163241 0.534633 0.0003481894 0.0000338463 -0.0001408277 0.0000040677 -0.0000137550 0.0000576760 0.0038307804 -0.0021050819 -0.0000015141 0.0124599954 0.0000704836 0.0027064151
1403637192.48827 -4.791416 -1.271950 -0.352877 0.314616 -0.769143 0.167807 0.530355 0.0003473353 0.0000282100 -0.0001429347 0.0000030688 -0.0000116709 0.0000595436 0.0038365046 -0.0021215006 -0.0000014353 0.0125038320 0.0000705467 0.0027067345
1403637192.53827 -4.802494 -1.279671 -0.334942 0.310682 -0.772713 0.172831 0.525852 0.0003463114 0.0000221795 -0.0001450118 0.0000021983 -0.0000093450 0.0000614508 0.0038437410 -0.0021409259 -0.0000013630 0.0125442142 0.0000705991 0.0027070532
1403637192.58827 -4.814325 -1.291448 -0.319056 0.307022 -0.776388 0.177834 0.520898 0.0003448075 0.0000161595 -0.0001472593 0.0000015357 -0.0000069550 0.0000636276 0.0038530425 -0.0021650994 -0.0000012998 0.0125850237 0.0000705660 0.0027072926
1403637192.63827 -4.824421 -1.302750 -0.304440 0.304459 -0.779303 0.181043 0.516929 0.0003432207 0.0000119799 -0.0001491494 0.0000011975 -0.0000052566 0.0000655568 0.0038655127 -0.0021975132 -0.0000011988 0.0126310914 0.0000703985 0.0027074162
1403637192.68827 -4.836483 -1.316742 -0.291079 0.302906 -0.781302 0.183320 0.514012 0.0003419913 0.0000090966 -0.0001504876 0.0000010230 -0.0000040514 0.0000669682 0.0038780833 -0.0022287470 -0.0000011553 0.0126729346 0.0000703625 0.0027076166
1403637192.73827 -4.848981 -1.332812 -0.279610 0.301763 -0.781987 0.184887 0.513081 0.0003418116 0.0000074368 -0.0001507408 0.0000009443 -0.0000033271 0.0000672293 0.0038926868 -0.0022655179 -0.0000010203 0.0127226449 0.0000702252 0.0027076654
1403637192.78827 -4.862374 -1.352075 -0.270179 0.301474 -0.781723 0.185738 0.513345 0.0003422086 0.0000069313 -0.0001503979 0.0000009232 -0.0000030943 0.0000668516 0.0039093922 -0.0023070206 -0.0000007964 0.0127738557 0.0000698344 0.0027072826
1403637192.83827 -4.877053 -1.372178 -0.259887 0.301501 -0.780139 0.186716 0.515380 0.0003438241 0.0000070657 -0.0001488910 0.0000009298 -0.0000031081 0.0000652282 0.0039296997 -0.0023559232 -0.0000007479 0.0128292250 0.0000696736 0.0027071484
1403637192.88827 -4.893146 -1.394161 -0.248430 0.301340 -0.777656 0.187710 0.518855 0.0003463557 0.0000075776 -0.0001464469 0.0000009523 -0.0000032525 0.0000626696 0.0039511168 -0.0024075175 -0.0000007309 0.0128902376 0.0000695119 0.0027070432
1403637192.93827 -4.910159 -1.417947 -0.235096 0.300728 -0.775486 0.189943 0.521637 0.0003487285 0.0000070024 -0.0001441278 0.0000009288 -0.0000029420 0.0000603133 0.0039747638 -0.0024637847 -0.0000007473 0.0129560380 0.0000693287 0.0027069010
1403637192.98827 -4.926940 -1.443299 -0.220936 0.300861 -0.773263 0.191184 0.524400 0.0003507737 0.0000073148 -0.0001420140 0.0000009398 -0.0000030104 0.0000582388 0.0039991592 -0.0025221593 -0.0000004253 0.0130234347 0.0000689328 0.0027062794
1403637193.03827 -4.944979 -1.469772 -0.204179 0.299596 -0.772708 0.193902 0.524944 0.0003518399 0.0000054258 -0.0001409709 0.0000008725 -0.0000022213 0.0000572254 0.0040268786 -0.0025861564 -0.0000005354 0.0130929574 0.0000687176 0.0027061231
1403637193.08827 -4.963081 -1.497338 -0.185846 0.296761 -0.774530 0.198515 0.522138 0.0003512222 0.0000006995 -0.0001416904 0.0000007914 -0.0000003259 0.0000579073 0.0040555737 -0.0026516493 -0.0000006448 0.0131647071 0.0000684838 0.0027059818
1403637193.13827 -4.979607 -1.524581 -0.166829 0.291441 -0.779216 0.205904 0.515256 0.0003484653 -0.0000079542 -0.0001442579 0.0000009734 0.0000032559 0.0000604742 0.0040858190 -0.0027182515 -0.0000008455 0.0132366649 0.0000682635 0.0027059266
1403637193.18828 -4.997805 -1.553587 -0.147151 0.285531 -0.784414 0.214096 0.507276 0.0003447500 -0.0000175069 -0.0001470288 0.0000016834 0.0000074373 0.0000634676 0.0041169871 -0.0027861310 -0.0000010833 0.0133086318 0.0000679782 0.0027058040
1403637193.23828 -5.017079 -1.581616 -0.126998 0.281864 -0.787911 0.219151 0.501719 0.0003417981 -0.0000235293 -0.0001489395 0.0000024165 0.0000102297 0.0000656706 0.0041491628 -0.0028563976 -0.0000012688 0.0133877556 0.0000676618 0.0027056377
1403637193.28828 -5.039431 -1.610016 -0.109247 0.279453 -0.789888 0.222117 0.498646 0.0003400939 -0.0000270727 -0.0001498743 0.0000029545 0.0000119111 0.0000668219 0.0041811987 -0.0029267447 -0.0000015110 0.0134750331 0.0000674058 0.0027055562
1403637193.33828 -5.064174 -1.638779 -0.094297 0.282776 -0.787832 0.217205 0.502176 0.0003417253 -0.0000219384 -0.0001492074 0.0000022085 0.0000095556 0.0000659228 0.0042146992 -0.0030012452 -0.0000016896 0.0135788731 0.0000672024 0.0027054742
1403637193.38828 -5.089314 -1.668245 -0.083146 0.285923 -0.784204 0.212481 0.508060 0.0003448624 -0.0000162684 -0.0001469736 0.0000015667 0.0000069053 0.0000634069 0.0042492463 -0.0030783326 -0.0000017231 0.0136889413 0.0000669576 0.0027051069
1403637193.43828 -5.117126 -1.698061 -0.074819 0.289300 -0.780091 0.207496 0.514498 0.0003481643 -0.0000100356 -0.0001442964 0.0000010899 0.0000041264 0.0000605683 0.0042861513 -0.0031584228 -0.0000018314 0.0138003347 0.0000667589 0.0027048129
1403637193.48828 -5.146683 -1.728064 -0.067513 0.292676 -0.776595 0.203175 0.519577 0.0003505321 -0.0000045438 -0.0001421599 0.0000008616 0.0000018062 0.0000584155 0.0043240439 -0.0032406098 -0.0000019229 0.0139195289 0.0000665781 0.0027045875
1403637193.53827 -5.176523 -1.758551 -0.058853 0.296027 -0.773649 0.198889 0.523716 0.0003521557 0.0000006442 -0.0001405163 0.0000008046 -0.0000002972 0.0000568278 0.0043625514 -0.0033246772 -0.0000018070 0.0140451796 0.0000663451 0.0027040995
1403637193.58827 -5.207704 -1.790277 -0.049575 0.299235 -0.771957 0.195287 0.525742 0.0003524999 0.0000047618 -0.0001400492 0.0000008702 -0.0000019348 0.0000564020 0.0044035231 -0.0034119678 -0.0000018831 0.0141725121 0.0000661435 0.0027037793
1403637193.63827 -5.239193 -1.823077 -0.038735 0.301241 -0.770661 0.192919 0.527368 0.0003528630 0.0000075020 -0.0001395186 0.0000009679 -0.0000030107 0.0000559251 0.0044472967 -0.0035040660 -0.0000019728 0.0143063925 0.0000659492 0.0027034755
1403637193.68827 -5.271303 -1.857507 -0.026424 0.303000 -0.770049 0.190866 0.528002 0.0003526673 0.0000096379 -0.0001395686 0.0000010743 -0.0000038598 0.0000559969 0.0044939679 -0.0036005408 -0.0000020747 0.0144433493 0.0000657553 0.0027031547
1403637193.73827 -5.303274 -1.893114 -0.012148 0.304939 -0.769060 0.188721 0.529096 0.0003526979 0.0000120600 -0.0001393191 0.0000012258 -0.0000048108 0.0000557959 0.0045436322 -0.0037012652 -0.0000021873 0.0145826158 0.0000655548 0.0027028232
1403637193.78827 -5.335986 -1.929975 0.003842 0.305946 -0.768665 0.187607 0.529485 0.0003526003 0.0000132634 -0.0001392822 0.0000013145 -0.0000052867 0.0000557827 0.0045953899 -0.0038038583 -0.0000023093 0.0147182804 0.0000653558 0.0027024719
1403637193.83827 -5.367941 -1.968040 0.020482 0.307231 -0.768398 0.186447 0.529539 0.0003522448 0.0000145087 -0.0001395034 0.0000014154 -0.0000057939 0.0000560146 0.0046504067 -0.0039111462 -0.0000024487 0.0148581022 0.0000651594 0.0027021427
1403637193.88827 -5.398654 -2.007153 0.038226 0.307188 -0.768388 0.186393 0.529598 0.0003522357 0.0000145315 -0.0001394799 0.0000014193 -0.0000058016 0.0000559983 0.0047086254 -0.0040215526 -0.0000026081 0.0149949228 0.0000649592 0.0027018227
1403637193.93827 -5.428471 -2.046851 0.054041 0.306313 -0.767402 0.187917 0.530994 0.0003534691 0.0000138218 -0.0001382010 0.0000013617 -0.0000054505 0.0000547987 0.0047696634 -0.0041344211 -0.0000027492 0.0151280665 0.0000647645 0.0027014721
1403637193.98827 -5.458848 -2.087881 0.067975 0.305500 -0.764986 0.189397 0.534411 0.0003559430 0.0000137939 -0.0001354606 0.0000013580 -0.0000052947 0.0000523123 0.0048322601 -0.0042474721 -0.0000028160 0.0152579200 0.0000645613 0.0027012507
1403637194.03828 -5.487594 -2.129269 0.077555 0.304204 -0.762704 0.191345 0.537708 0.0003584185 0.0000132808 -0.0001326690 0.0000013176 -0.0000049599 0.0000498637 0.0048980336 -0.0043639894 -0.0000028784 0.0153893353 0.0000643550 0.0027009709
1403637194.08828 -5.515591 -2.171069 0.083400 0.302918 -0.761286 0.192831 0.539908 0.0003601107 0.0000126284 -0.0001307215 0.0000012704 -0.0000046268 0.0000482063 0.0049655264 -0.0044804364 -0.0000029344 0.0155134994 0.0000641705 0.0027007137
1403637194.13828 -5.542032 -2.213038 0.085834 0.302393 -0.760238 0.193184 0.541551 0.0003611467 0.0000127404 -0.0001294469 0.0000012789 -0.0000046091 0.0000471505 0.0050355259 -0.0045987374 -0.0000030027 0.0156355351 0.0000639866 0.0027003386
1403637194.18828 -5.568833 -2.256549 0.085044 0.301929 -0.760219 0.193574 0.541696 0.0003613254 0.0000123812 -0.0001292491 0.0000012556 -0.0000044708 0.0000469868 0.0051086482 -0.0047191797 -0.0000030390 0.0157538638 0.0000638230 0.0026999806
1403637194.23828 -5.594406 -2.299795 0.082890 0.301300 -0.761863 0.194365 0.539449 0.0003602329 0.0000108976 -0.0001306801 0.0000011618 -0.0000039946 0.0000481625 0.0051839620 -0.0048408963 -0.0000029967 0.0158697022 0.0000636430 0.0026994512
1403637194.28828 -5.618627 -2.343139 0.081376 0.300969 -0.762586 0.194476 0.538571 0.0003597378 0.0000103718 -0.0001312983 0.0000011327 -0.0000038267 0.0000486799 0.0052605759 -0.0049618979 -0.0000030228 0.0159804769 0.0000634730 0.0026989847
1403637194.33828 -5.642482 -2.387206 0.080671 0.301088 -0.763970 0.193711 0.536817 0.0003585084 0.0000102460 -0.0001327391 0.0000011281 -0.0000038350 0.0000499089 0.0053397106 -0.0050840048 -0.0000030263 0.0160876940 0.0000633278 0.0026985001
1403637194.38828 -5.665875 -2.431719 0.081829 0.301429 -0.764854 0.193316 0.535507 0.0003576254 0.0000101780 -0.0001337540 0.0000011263 -0.0000038484 0.0000507895 0.0054211930 -0.0052069732 -0.0000030014 0.0161912392 0.0000632005 0.0026980085
1403637194.43828 -5.689134 -2.477703 0.085169 0.302137 -0.765379 0.192078 0.534802 0.0003568707 0.0000109303 -0.0001345462 0.0000011731 -0.0000041635 0.0000514937 0.0055065645 -0.0053340094 -0.0000030018 0.0162978322 0.0000630753 0.0026975196
1403637194.48828 -5.712901 -2.525072 0.089709 0.301175 -0.765928 0.193310 0.534114 0.0003567880 0.0000095855 -0.0001347360 0.0000010971 -0.0000036617 0.0000516502 0.0055976994 -0.0054668230 -0.0000030437 0.0164057305 0.0000629339 0.0026970167
1403637194.53828 -5.736043 -2.572931 0.095130 0.301215 -0.766543 0.193236 0.533237 0.0003561990 0.0000094070 -0.0001353965 0.0000010868 -0.0000036194 0.0000522344 0.0056919515 -0.0056029534 -0.0000027356 0.0165158690 0.0000627696 0.0026960352
1403637194.58828 -5.758527 -2.622293 0.103943 0.300996 -0.767041 0.193199 0.532656 0.0003558710 0.0000090678 -0.0001357809 0.0000010709 -0.0000035031 0.0000525769 0.0057884953 -0.0057386207 -0.0000027926 0.0166207397 0.0000626511 0.0026956185
1403637194.63828 -5.779870 -2.672455 0.115413 0.301171 -0.767484 0.192178 0.532288 0.0003553878 0.0000095756 -0.0001362780 0.0000010995 -0.0000037155 0.0000530302 0.0058899135 -0.0058776195 -0.0000028718 0.0167219443 0.0000625162 0.0026951838
1403637194.68828 -5.801105 -2.723143 0.127456 0.301612 -0.769424 0.190775 0.529738 0.0003534596 0.0000096875 -0.0001383728 0.0000011084 -0.0000038362 0.0000549485 0.0059955384 -0.0060190383 -0.0000029420 0.0168196919 0.0000623816 0.0026947600
1403637194.73828 -5.822813 -2.774460 0.139803 0.301699 -0.771580 0.189694 0.526933 0.0003514476 0.0000093819 -0.0001405260 0.0000010947 -0.0000037948 0.0000569730 0.0061046970 -0.0061630604 -0.0000030162 0.0169185035 0.0000622489 0.0026943333
1403637194.78828 -5.844538 -2.827039 0.152335 0.301563 -0.773216 0.188958 0.524873 0.0003499812 0.0000090274 -0.0001420638 0.0000010783 -0.0000037075 0.0000584545 0.0062179144 -0.0063108345 -0.0000030800 0.0170212691 0.0000621252 0.0026939085
1403637194.83828 -5.865996 -2.880697 0.163693 0.301033 -0.774474 0.188601 0.523449 0.0003489918 0.0000085144 -0.0001430981 0.0000010542 -0.0000035337 0.0000594665 0.0063362062 -0.0064625910 -0.0000031432 0.0171245353 0.0000620074 0.0026934784
1403637194.88828 -5.887196 -2.935144 0.173369 0.300882 -0.775511 0.188150 0.522161 0.0003480538 0.0000082761 -0.0001440499 0.0000010442 -0.0000034676 0.0000604127 0.0064587178 -0.0066166969 -0.0000032005 0.0172258267 0.0000618936 0.0026930168
1403637194.93828 -5.908471 -2.990710 0.182482 0.299067 -0.774589 0.190540 0.523704 0.0003496863 0.0000066771 -0.0001424824 0.0000009758 -0.0000027613 0.0000588468 0.0065862020 -0.0067746023 -0.0000032849 0.0173283603 0.0000617514 0.0026925539
1403637194.98828 -5.930018 -3.047284 0.190353 0.297123 -0.772609 0.192517 0.527001 0.0003522920 0.0000057798 -0.0001398125 0.0000009442 -0.0000023332 0.0000562731 0.0067178190 -0.0069348666 -0.0000033459 0.0174308165 0.0000616046 0.0026921430
1403637195.03828 -5.951825 -3.104812 0.196788 0.296088 -0.769367 0.193811 0.531830 0.0003556035 0.0000062155 -0.0001362033 0.0000009596 -0.0000024197 0.0000529488 0.0068543663 -0.0070983621 -0.0000034297 0.0175336911 0.0000614719 0.0026917671
1403637195.08828 -5.973417 -3.162639 0.201678 0.294783 -0.766696 0.195372 0.535826 0.0003584264 0.0000060976 -0.0001330061 0.0000009557 -0.0000023011 0.0000501311 0.0069954846 -0.0072648124 -0.0000035027 0.0176371186 0.0000613579 0.0026913625
1403637195.13828 -5.995411 -3.220834 0.205142 0.293538 -0.763963 0.196652 0.539930 0.0003611825 0.0000062042 -0.0001297359 0.0000009589 -0.0000022662 0.0000473702 0.0071393963 -0.0074319652 -0.0000034831 0.0177393869 0.0000612296 0.0026908418
1403637195.18828 -6.016608 -3.279308 0.207281 0.292604 -0.761365 0.198090 0.543569 0.0003636409 0.0000062108 -0.0001267048 0.0000009595 -0.0000022011 0.0000449133 0.0072870673 -0.0076011859 -0.0000035369 0.0178428941 0.0000611172 0.0026904030
1403637195.23828 -6.037578 -3.337571 0.208260 0.291670 -0.759454 0.199184 0.546337 0.0003654878 0.0000061120 -0.0001243523 0.0000009562 -0.0000021157 0.0000430712 0.0074375552 -0.0077706168 -0.0000035804 0.0179435063 0.0000610115 0.0026899421
1403637195.28828 -6.057740 -3.395654 0.207751 0.291290 -0.757836 0.199754 0.548574 0.0003668709 0.0000063754 -0.0001225257 0.0000009655 -0.0000021651 0.0000416804 0.0075897776 -0.0079393983 -0.0000036127 0.0180420371 0.0000609201 0.0026894613
1403637195.33828 -6.077812 -3.453700 0.205389 0.290340 -0.756648 0.201448 0.550095 0.0003680981 0.0000055356 -0.0001209179 0.0000009371 -0.0000018534 0.0000404780 0.0077441872 -0.0081078473 -0.0000034959 0.0181375155 0.0000608580 0.0026887938
1403637195.38828 -6.096635 -3.511291 0.202838 0.291120 -0.755812 0.200799 0.551069 0.0003684799 0.0000065849 -0.0001203463 0.0000009718 -0.0000021857 0.0000400624 0.0079008076 -0.0082762614 -0.0000034865 0.0182319897 0.0000608018 0.0026882802
1403637195.43828 -6.114134 -3.569000 0.201017 0.291381 -0.755041 0.203143 0.551130 0.0003690200 0.0000054556 -0.0001196646 0.0000009349 -0.0000018040 0.0000395620 0.0080605917 -0.0084439937 -0.0000034677 0.0183200351 0.0000607568 0.0026877520
1403637195.48828 -6.130287 -3.626685 0.200348 0.293760 -0.754583 0.205578 0.549589 0.0003686784 0.0000047708 -0.0001201655 0.0000009161 -0.0000015911 0.0000399269 0.0082237765 -0.0086113595 -0.0000034421 0.0184021913 0.0000607247 0.0026872134
1403637195.53828 -6.145272 -3.684292 0.201051 0.296888 -0.754507 0.208174 0.547029 0.0003678093 0.0000040146 -0.0001213793 0.0000008989 -0.0000013624 0.0000408213 0.0083881446 -0.0087759679 -0.0000034378 0.0184770167 0.0000607024 0.0026866926
1403637195.58828 -6.158854 -3.740689 0.204183 0.300350 -0.753299 0.210115 0.546061 0.0003676729 0.0000043299 -0.0001215571 0.0000009065 -0.0000014710 0.0000409567 0.0085533522 -0.0089378013 -0.0000034409 0.0185453958 0.0000606850 0.0026861623
1403637195.63828 -6.171599 -3.796534 0.209348 0.303218 -0.752009 0.212463 0.545345 0.0003677943 0.0000042278 -0.0001214028 0.0000009046 -0.0000014364 0.0000408440 0.0087192167 -0.0090970565 -0.0000034739 0.0186087155 0.0000606559 0.0026856532
1403637195.68827 -6.183717 -3.852391 0.216276 0.305527 -0.750490 0.214883 0.545201 0.0003682587 0.0000040109 -0.0001207907 0.0000009004 -0.0000013578 0.0000403926 0.0088851183 -0.0092533567 -0.0000035610 0.0186677077 0.0000606209 0.0026851855
1403637195.73827 -6.195879 -3.907389 0.223715 0.308092 -0.748669 0.215969 0.545831 0.0003688312 0.0000049448 -0.0001199814 0.0000009231 -0.0000016522 0.0000398030 0.0090525525 -0.0094085909 -0.0000036582 0.0187236034 0.0000605757 0.0026846970
1403637195.78827 -6.205974 -3.961591 0.232420 0.311137 -0.748110 0.215714 0.544970 0.0003682618 0.0000062479 -0.0001207054 0.0000009634 -0.0000020932 0.0000403397 0.0092196051 -0.0095614665 -0.0000037449 0.0187782894 0.0000605450 0.0026842697
1403637195.83827 -6.215665 -4.016063 0.243059 0.315461 -0.745062 0.212976 0.547731 0.0003690043 0.0000108269 -0.0001193701 0.0000011760 -0.0000035513 0.0000393911 0.0093882752 -0.0097118554 -0.0000038389 0.0188254859 0.0000605021 0.0026838357
1403637195.88827 -6.224168 -4.070422 0.253907 0.320020 -0.743162 0.209030 0.549184 0.0003686068 0.0000157028 -0.0001193842 0.0000015291 -0.0000051382 0.0000394437 0.0095615503 -0.0098635025 -0.0000039407 0.0188699684 0.0000604602 0.0026834097
1403637195.93827 -6.231169 -4.124761 0.264301 0.324209 -0.741325 0.205065 0.550704 0.0003681537 0.0000204243 -0.0001192989 0.0000019949 -0.0000066740 0.0000394374 0.0097366398 -0.0100124202 -0.0000040384 0.0189060073 0.0000604164 0.0026829628
1403637195.98827 -6.236524 -4.178888 0.273731 0.329093 -0.738432 0.199532 0.553718 0.0003678708 0.0000268942 -0.0001184098 0.0000028313 -0.0000087160 0.0000388937 0.0099140109 -0.0101585826 -0.0000041578 0.0189332066 0.0000603849 0.0026825677
1403637196.03827 -6.238702 -4.233537 0.280806 0.333452 -0.735265 0.194486 0.557109 0.0003677574 0.0000329682 -0.0001170309 0.0000038236 -0.0000105541 0.0000380220 0.0100938960 -0.0103012939 -0.0000042748 0.0189488160 0.0000603427 0.0026821533
1403637196.08827 -6.239192 -4.289002 0.286918 0.336747 -0.730335 0.190382 0.562998 0.0003690082 0.0000390602 -0.0001133499 0.0000050060 -0.0000120633 0.0000355937 0.0102800078 -0.0104419341 -0.0000043245 0.0189490470 0.0000603190 0.0026816664
1403637196.13826 -6.237299 -4.345364 0.292363 0.339406 -0.724751 0.186754 0.569791 0.0003706540 0.0000449534 -0.0001086758 0.0000063271 -0.0000132467 0.0000326344 0.0104709436 -0.0105807460 -0.0000044237 0.0189390445 0.0000602811 0.0026812443
1403637196.18826 -6.232088 -4.402787 0.296127 0.341514 -0.718284 0.183866 0.577606 0.0003727202 0.0000506263 -0.0001028484 0.0000077540 -0.0000140367 0.0000291435 0.0106675779 -0.0107168235 -0.0000044306 0.0189140088 0.0000602496 0.0026806518
1403637196.23827 -6.223004 -4.460879 0.299317 0.342075 -0.712462 0.182785 0.584784 0.0003750290 0.0000543978 -0.0000969591 0.0000087700 -0.0000141296 0.0000258248 0.0108706676 -0.0108484798 -0.0000044928 0.0188696921 0.0000601974 0.0026801702
1403637196.28827 -6.209964 -4.519608 0.300803 0.342511 -0.707295 0.181809 0.591072 0.0003768532 0.0000577016 -0.0000916888 0.0000097162 -0.0000141030 0.0000230597 0.0110788176 -0.0109737595 -0.0000045422 0.0188039909 0.0000601348 0.0026796579
1403637196.33827 -6.192330 -4.578619 0.300278 0.343053 -0.702787 0.180001 0.596661 0.0003780027 0.0000611967 -0.0000871565 0.0000107907 -0.0000141730 0.0000208431 0.0112917533 -0.0110921433 -0.0000045716 0.0187175348 0.0000600461 0.0026791377
1403637196.38827 -6.170483 -4.637546 0.298503 0.343129 -0.699393 0.178641 0.600998 0.0003788767 0.0000637118 -0.0000835532 0.0000115985 -0.0000141117 0.0000191703 0.0115071030 -0.0111999254 -0.0000045821 0.0186055839 0.0000599674 0.0026785360
1403637196.43827 -6.142868 -4.696416 0.294723 0.342831 -0.697475 0.177955 0.603595 0.0003794504 0.0000649302 -0.0000814067 0.0000119951 -0.0000139899 0.0000182076 0.0117234439 -0.0112962574 -0.0000045821 0.0184694807 0.0000598871 0.0026779632
1403637196.48827 -6.110924 -4.756556 0.290019 0.341527 -0.697685 0.179045 0.603770 0.0003800999 0.0000637713 -0.0000809428 0.0000115813 -0.0000136381 0.0000179789 0.0119445785 -0.0113825079 -0.0000045576 0.0183072494 0.0000597960 0.0026773594
1403637196.53828 -6.073680 -4.817015 0.283426 0.340299 -0.698646 0.179580 0.603192 0.0003803204 0.0000626189 -0.0000813827 0.0000111897 -0.0000134553 0.0000181565 0.0121728820 -0.0114619438 -0.0000045348 0.0181250702 0.0000597219 0.0026767622
1403637196.58828 -6.032315 -4.878060 0.275843 0.337887 -0.699532 0.182615 0.602610 0.0003814703 0.0000596122 -0.0000811676 0.0000101911 -0.0000127367 0.0000180110 0.0124072125 -0.0115316770 -0.0000044821 0.0179189056 0.0000596562 0.0026761455
1403637196.63828 -5.986376 -4.938573 0.266634 0.336159 -0.702072 0.183886 0.600231 0.0003814325 0.0000571108 -0.0000830496 0.0000094231 -0.0000124851 0.0000188238 0.0126429079 -0.0115904862 -0.0000044752 0.0176948544 0.0000595836 0.0026755944
1403637196.68828 -5.935714 -4.998300 0.256005 0.333632 -0.704172 0.186730 0.598301 0.0003820393 0.0000535801 -0.0000841226 0.0000083825 -0.0000118450 0.0000192645 0.0128793702 -0.0116363094 -0.0000044585 0.0174497411 0.0000595087 0.0026750431
1403637196.73828 -5.881251 -5.058037 0.243809 0.330999 -0.705810 0.189865 0.596845 0.0003828381 0.0000500236 -0.0000846437 0.0000074002 -0.0000111032 0.0000194551 0.0131154760 -0.0116691293 -0.0000044425 0.0171863179 0.0000594247 0.0026744996
1403637196.78828 -5.823234 -5.117011 0.229449 0.328392 -0.708441 0.192806 0.594219 0.0003831300 0.0000460922 -0.0000862674 0.0000064047 -0.0000104180 0.0000201648 0.0133536755 -0.0116919123 -0.0000044092 0.0169089356 0.0000593630 0.0026739280
1403637196.83828 -5.762139 -5.175598 0.214510 0.327817 -0.708938 0.192442 0.594061 0.0003830808 0.0000459175 -0.0000864827 0.0000063588 -0.0000104030 0.0000202637 0.0135904520 -0.0117024185 -0.0000043791 0.0166180599 0.0000592948 0.0026733937
1403637196.88828 -5.696594 -5.233206 0.198861 0.327280 -0.707643 0.191690 0.596141 0.0003836288 0.0000468434 -0.0000848584 0.0000065731 -0.0000103955 0.0000195077 0.0138287961 -0.0117027698 -0.0000043488 0.0163160634 0.0000592212 0.0026728354
1403637196.93828 -5.627019 -5.290520 0.182254 0.325376 -0.707847 0.193496 0.596358 0.0003844296 0.0000449974 -0.0000841815 0.0000061166 -0.0000098832 0.0000191688 0.0140674640 -0.0116897784 -0.0000043172 0.0159978904 0.0000591492 0.0026722682
1403637196.98828 -5.554251 -5.346667 0.165258 0.320919 -0.709648 0.200311 0.594379 0.0003859994 0.0000383975 -0.0000841033 0.0000046638 -0.0000083906 0.0000190590 0.0143065933 -0.0116631779 -0.0000043037 0.0156642477 0.0000590841 0.0026717557
1403637197.03828 -5.478237 -5.403281 0.148391 0.318655 -0.712276 0.207130 0.590101 0.0003863806 0.0000319898 -0.0000859626 0.0000034874 -0.0000071374 0.0000198596 0.0145443187 -0.0116254288 -0.0000042613 0.0153229802 0.0000590551 0.0026712489
1403637197.08829 -5.397654 -5.457028 0.135361 0.318708 -0.714220 0.213433 0.585458 0.0003861315 0.0000269635 -0.0000882019 0.0000027173 -0.0000061767 0.0000208829 0.0147871097 -0.0115797333 -0.0000043440 0.0149744134 0.0000588563 0.0026706258
1403637197.13829 -5.315113 -5.510126 0.121693 0.320765 -0.715240 0.220020 0.580631 0.0003856741 0.0000228174 -0.0000903102 0.0000021814 -0.0000053587 0.0000218842 0.0150149482 -0.0115109895 -0.0000043182 0.0146101012 0.0000587498 0.0026701785
1403637197.18829 -5.229475 -5.562185 0.109207 0.324976 -0.716551 0.226980 0.573956 0.0003843615 0.0000188077 -0.0000938124 0.0000017492 -0.0000046054 0.0000236374 0.0152403721 -0.0114319497 -0.0000042885 0.0142428662 0.0000586492 0.0026697195
1403637197.23829 -5.142362 -5.612316 0.099255 0.331460 -0.715641 0.234099 0.568497 0.0003834464 0.0000164836 -0.0000959950 0.0000015360 -0.0000041422 0.0000247751 0.0154669931 -0.0113447970 -0.0000042422 0.0138740041 0.0000585714 0.0026692757
1403637197.28829 -5.053329 -5.661940 0.091507 0.339762 -0.715847 0.241733 0.560080 0.0003812960 0.0000135328 -0.0001003631 0.0000013058 -0.0000035789 0.0000271655 0.0156843872 -0.0112452685 -0.0000042072 0.0135049065 0.0000584905 0.0026688641
1403637197.33828 -4.962373 -5.709364 0.086193 0.349425 -0.714588 0.250022 0.552046 0.0003793916 0.0000111529 -0.0001039501 0.0000011520 -0.0000030740 0.0000292352 0.0159027945 -0.0111383825 -0.0000041535 0.0131364884 0.0000584300 0.0026684801
1403637197.38829 -4.870145 -5.757052 0.085155 0.360033 -0.711309 0.260023 0.544797 0.0003782737 0.0000087070 -0.0001060584 0.0000010231 -0.0000024612 0.0000304941 0.0161143474 -0.0110209210 -0.0000041052 0.0127692126 0.0000584181 0.0026680505
1403637197.43829 -4.778291 -5.804713 0.085845 0.373041 -0.707313 0.269620 0.536520 0.0003766324 0.0000073254 -0.0001088244 0.0000009635 -0.0000021393 0.0000322068 0.0163275728 -0.0108974452 -0.0000040402 0.0124044322 0.0000584746 0.0026675731
1403637197.48829 -4.683090 -5.849841 0.086538 0.389683 -0.701469 0.276379 0.528870 0.0003744837 0.0000095033 -0.0001120090 0.0000010621 -0.0000028707 0.0000342739 0.0165403452 -0.0107706391 -0.0000041149 0.0120494629 0.0000584903 0.0026672578
1403637197.53829 -4.587500 -5.894331 0.089607 0.406674 -0.694137 0.284628 0.521323 0.0003728383 0.0000111994 -0.0001143334 0.0000011565 -0.0000034679 0.0000358404 0.0167475594 -0.0106298835 -0.0000041992 0.0116893763 0.0000585449 0.0026669276
1403637197.58829 -4.491242 -5.938391 0.093694 0.426002 -0.685568 0.291408 0.513421 0.0003705536 0.0000146972 -0.0001172603 0.0000014033 -0.0000046911 0.0000378952 0.0169527744 -0.0104829717 -0.0000042740 0.0113349914 0.0000586672 0.0026665967
1403637197.63829 -4.394409 -5.981094 0.099927 0.443976 -0.675691 0.300584 0.505942 0.0003693088 0.0000167137 -0.0001187547 0.0000015761 -0.0000054203 0.0000389824 0.0171588517 -0.0103311995 -0.0000043083 0.0109859449 0.0000588896 0.0026662283
1403637197.68829 -4.296265 -6.022398 0.106754 0.460631 -0.664957 0.311193 0.498810 0.0003688661 0.0000177260 -0.0001192407 0.0000016713 -0.0000057811 0.0000393488 0.0173589262 -0.0101727259 -0.0000043802 0.0106445709 0.0000590582 0.0026660833
1403637197.73829 -4.199098 -6.066376 0.116991 0.477559 -0.653245 0.319773 0.492903 0.0003684002 0.0000205048 -0.0001194560 0.0000019611 -0.0000067060 0.0000395432 0.0175543631 -0.0100062496 -0.0000044144 0.0103071170 0.0000593950 0.0026658815
1403637197.78830 -4.097730 -6.103262 0.133817 0.493357 -0.640217 0.328775 0.488495 0.0003686835 0.0000237157 -0.0001184851 0.0000023431 -0.0000076851 0.0000388898 0.0177614939 -0.0098407677 -0.0000046189 0.0099780422 0.0000592018 0.0026651619
1403637197.83830 -3.997552 -6.141063 0.147054 0.509014 -0.625656 0.336786 0.485834 0.0003694551 0.0000284446 -0.0001163742 0.0000030082 -0.0000090295 0.0000374716 0.0179336624 -0.0096481629 -0.0000047320 0.0096423864 0.0000593863 0.0026650709
1403637197.88830 -3.895883 -6.177573 0.164747 0.524024 -0.612716 0.343569 0.481600 0.0003690629 0.0000325371 -0.0001158736 0.0000036860 -0.0000102904 0.0000371981 0.0181159708 -0.0094586842 -0.0000048159 0.0093191675 0.0000595881 0.0026648431
1403637197.93830 -3.794174 -6.211480 0.182758 0.536724 -0.600800 0.351727 0.476713 0.0003691418 0.0000346842 -0.0001151569 0.0000040745 -0.0000108983 0.0000367447 0.0182925506 -0.0092599358 -0.0000048917 0.0089996083 0.0000597727 0.0026646621
1403637197.98830 -3.691297 -6.250087 0.202993 0.548938 -0.589352 0.358291 0.472185 0.0003688596 0.0000372351 -0.0001147759 0.0000045685 -0.0000116696 0.0000365344 0.0184545041 -0.0090537391 -0.0000048906 0.0086874584 0.0000600692 0.0026643183
1403637198.03830 -3.585661 -6.283293 0.223037 0.559450 -0.578828 0.366003 0.466922 0.0003689087 0.0000383525 -0.0001143558 0.0000047933 -0.0000119746 0.0000362714 0.0186394756 -0.0088473542 -0.0000050011 0.0083811305 0.0000602748 0.0026642631
1403637198.08829 -3.477813 -6.316562 0.246157 0.568995 -0.568946 0.373553 0.461524 0.0003691152 0.0000388455 -0.0001139102 0.0000048877 -0.0000120734 0.0000359748 0.0187999338 -0.0086235792 -0.0000050412 0.0080755060 0.0000602474 0.0026639097
1403637198.13829 -3.368492 -6.347633 0.269540 0.578444 -0.559240 0.380292 0.456105 0.0003689474 0.0000397354 -0.0001138644 0.0000050735 -0.0000123489 0.0000359639 0.0189647374 -0.0083926639 -0.0000051075 0.0077738791 0.0000604507 0.0026638300
1403637198.18829 -3.257420 -6.379541 0.294844 0.587168 -0.550738 0.386989 0.449623 0.0003686697 0.0000394714 -0.0001143725 0.0000050118 -0.0000123306 0.0000363049 0.0191210046 -0.0081516095 -0.0000051420 0.0074768865 0.0000607046 0.0026637481
1403637198.23829 -3.145187 -6.405959 0.324187 0.596421 -0.542196 0.392378 0.443108 0.0003677069 0.0000400264 -0.0001155687 0.0000051343 -0.0000126659 0.0000371453 0.0192783404 -0.0079043663 -0.0000051585 0.0071867565 0.0000608097 0.0026636308
1403637198.28829 -3.031689 -6.440525 0.354286 0.604710 -0.530996 0.398189 0.440244 0.0003683239 0.0000423606 -0.0001138556 0.0000056238 -0.0000131809 0.0000360025 0.0194064814 -0.0076449190 -0.0000049188 0.0069026633 0.0000608673 0.0026631443
1403637198.33829 -2.915717 -6.467374 0.383583 0.612783 -0.521701 0.403462 0.435367 0.0003679064 0.0000436779 -0.0001139721 0.0000059213 -0.0000136170 0.0000361058 0.0195825589 -0.0073909998 -0.0000047843 0.0066278416 0.0000610542 0.0026629635
1403637198.38829 -2.798576 -6.492630 0.413847 0.620249 -0.509827 0.408079 0.434556 0.0003683499 0.0000477825 -0.0001116820 0.0000069212 -0.0000145715 0.0000346454 0.0197210031 -0.0071184582 -0.0000045418 0.0063581136 0.0000611273 0.0026626746
1403637198.43829 -2.680138 -6.515278 0.442946 0.625803 -0.500133 0.412384 0.433794 0.0003688924 0.0000507681 -0.0001095660 0.0000076971 -0.0000151600 0.0000333096 0.0198474572 -0.0068385892 -0.0000042430 0.0060979994 0.0000612552 0.0026624477
1403637198.48829 -2.561028 -6.537414 0.469942 0.630289 -0.492047 0.415014 0.434038 0.0003691038 0.0000539736 -0.0001077157 0.0000085877 -0.0000158300 0.0000321829 0.0199582227 -0.0065496781 -0.0000038599 0.0058463351 0.0000613864 0.0026621921
1403637198.53829 -2.440034 -6.557271 0.492916 0.633759 -0.484874 0.416820 0.435325 0.0003692190 0.0000574333 -0.0001057521 0.0000096186 -0.0000165265 0.0000310193 0.0200687342 -0.0062561757 -0.0000034508 0.0056050591 0.0000615798 0.0026620051
1403637198.58829 -2.317578 -6.574883 0.513042 0.636345 -0.478913 0.417954 0.437060 0.0003692584 0.0000607140 -0.0001038598 0.0000106564 -0.0000171513 0.0000299226 0.0201683408 -0.0059532599 -0.0000029988 0.0053718454 0.0000617178 0.0026618299
1403637198.63829 -2.193391 -6.592357 0.527955 0.638377 -0.474400 0.418136 0.438841 0.0003690382 0.0000636231 -0.0001024702 0.0000116318 -0.0000177390 0.0000291447 0.0202531311 -0.0056423618 -0.0000025587 0.0051484747 0.0000619156 0.0026616955
1403637198.68829 -2.068255 -6.605754 0.538843 0.639048 -0.472432 0.419764 0.438433 0.0003694090 0.0000637944 -0.0001017836 0.0000116691 -0.0000176470 0.0000287186 0.0203373446 -0.0053247690 -0.0000021061 0.0049348691 0.0000621147 0.0026615488
1403637198.73829 -1.940253 -6.616468 0.544646 0.639305 -0.471519 0.421363 0.437506 0.0003698636 0.0000631365 -0.0001014754 0.0000114209 -0.0000173896 0.0000284982 0.0203989915 -0.0049996633 -0.0000016587 0.0047328836 0.0000623167 0.0026615064
1403637198.78829 -1.811048 -6.624412 0.545219 0.638404 -0.470502 0.423602 0.437755 0.0003709651 0.0000625545 -0.0001000451 0.0000111843 -0.0000169356 0.0000276209 0.0204457090 -0.0046637382 -0.0000012287 0.0045399938 0.0000625281 0.0026615083
1403637198.83829 -1.681118 -6.622992 0.541902 0.635149 -0.468904 0.429210 0.438742 0.0003738365 0.0000607549 -0.0000962640 0.0000104891 -0.0000157115 0.0000254021 0.0204782540 -0.0043209598 -0.0000007701 0.0043568132 0.0000625878 0.0026614373
1403637198.88829 -1.547901 -6.626460 0.533951 0.630949 -0.468104 0.434933 0.440018 0.0003772073 0.0000582108 -0.0000917655 0.0000095904 -0.0000142245 0.0000229183 0.0204596826 -0.0039693744 -0.0000003680 0.0041883677 0.0000627706 0.0026614755
1403637198.93829 -1.412135 -6.627079 0.525535 0.625460 -0.469980 0.442923 0.437878 0.0003810605 0.0000519513 -0.0000881437 0.0000076789 -0.0000120762 0.0000209627 0.0204641869 -0.0036108616 0.0000000089 0.0040298501 0.0000629818 0.0026614942
1403637198.98829 -1.276646 -6.622749 0.518225 0.619794 -0.470722 0.452671 0.435162 0.0003851197 0.0000450985 -0.0000836017 0.0000058650 -0.0000098446 0.0000187072 0.0204518768 -0.0032450833 0.0000002466 0.0038842340 0.0000633382 0.0026616946
1403637199.03829 -1.141767 -6.613319 0.511948 0.616528 -0.472102 0.460731 0.429815 0.0003875958 0.0000380321 -0.0000817254 0.0000042960 -0.0000080686 0.0000177777 0.0204116966 -0.0028808862 0.0000000129 0.0037541776 0.0000634956 0.0026617926
1403637199.08829 -1.007784 -6.602507 0.505794 0.616201 -0.473700 0.466170 0.422599 0.0003883990 0.0000317523 -0.0000826233 0.0000031467 -0.0000068008 0.0000181146 0.0203465705 -0.0025186602 0.0000000569 0.0036411530 0.0000639059 0.0026621585
1403637199.13829 -0.874982 -6.586525 0.501549 0.617968 -0.474253 0.470277 0.414775 0.0003882177 0.0000267917 -0.0000847818 0.0000023892 -0.0000058947 0.0000190461 0.0202726543 -0.0021600710 0.0000001540 0.0035439491 0.0000642881 0.0026625107
1403637199.18829 -0.744552 -6.566430 0.498227 0.621479 -0.473636 0.473305 0.406713 0.0003873704 0.0000230531 -0.0000876860 0.0000019005 -0.0000052603 0.0000203716 0.0201704176 -0.0018058862 0.0000002219 0.0034620594 0.0000646476 0.0026629166
1403637199.23829 -0.612278 -6.543016 0.497212 0.625876 -0.470426 0.476883 0.399451 0.0003867333 0.0000206915 -0.0000896020 0.0000016182 -0.0000048336 0.0000212735 0.0200518922 -0.0014599843 0.0000001941 0.0033947716 0.0000648389 0.0026633040
1403637199.28829 -0.480984 -6.517408 0.498825 0.630906 -0.464792 0.480002 0.394366 0.0003863719 0.0000207051 -0.0000903552 0.0000016115 -0.0000048805 0.0000216370 0.0199180366 -0.0011115276 0.0000003070 0.0033418578 0.0000652723 0.0026638325
1403637199.33828 -0.348380 -6.488795 0.502154 0.635838 -0.457197 0.484787 0.389439 0.0003866336 0.0000208861 -0.0000898113 0.0000016219 -0.0000048882 0.0000213639 0.0197733461 -0.0007686258 0.0000004286 0.0033035900 0.0000658482 0.0026644748
1403637199.38828 -0.217123 -6.456305 0.506657 0.641885 -0.448395 0.488706 0.384827 0.0003865564 0.0000223968 -0.0000896296 0.0000017828 -0.0000052285 0.0000212781 0.0196112011 -0.0004259277 0.0000005609 0.0032788696 0.0000664034 0.0026651317
1403637199.43828 -0.086106 -6.421484 0.511813 0.647870 -0.438873 0.493997 0.378975 0.0003867602 0.0000230639 -0.0000890724 0.0000018521 -0.0000053453 0.0000210037 0.0194334505 -0.0000886344 0.0000007669 0.0032684308 0.0000670016 0.0026657847
1403637199.48828 0.039047 -6.383062 0.514880 0.654167 -0.428719 0.498938 0.373266 0.0003868282 0.0000243683 -0.0000886037 0.0000019954 -0.0000056150 0.0000207734 0.0192437727 0.0002425736 0.0000007788 0.0032696032 0.0000672554 0.0026661309
1403637199.53828 0.168824 -6.344013 0.518179 0.660458 -0.419268 0.504010 0.366039 0.0003867510 0.0000243866 -0.0000887860 0.0000019894 -0.0000056293 0.0000208537 0.0190373688 0.0005544760 0.0000011818 0.0032853758 0.0000678031 0.0026666552
1403637199.58828 0.298555 -6.302660 0.519167 0.666037 -0.409267 0.509702 0.359303 0.0003870539 0.0000245921 -0.0000881341 0.0000020065 -0.0000056282 0.0000205315 0.0188316373 0.0008745936 0.0000016604 0.0033151578 0.0000683896 0.0026671839
1403637199.63828 0.427813 -6.259035 0.517516 0.669670 -0.401112 0.517838 0.349992 0.0003880876 0.0000213908 -0.0000868424 0.0000016153 -0.0000048120 0.0000198874 0.0186118995 0.0011890557 0.0000021018 0.0033583645 0.0000689384 0.0026677158
1403637199.68828 0.555338 -6.219507 0.510550 0.672833 -0.392472 0.526833 0.340160 0.0003894245 0.0000177378 -0.0000848341 0.0000012336 -0.0000038867 0.0000189251 0.0183861916 0.0014981648 0.0000026221 0.0034136418 0.0000686139 0.0026676714
1403637199.73828 0.682732 -6.171763 0.505006 0.676509 -0.384210 0.535144 0.329150 0.0003902175 0.0000137778 -0.0000838632 0.0000009068 -0.0000029811 0.0000184608 0.0181851360 0.0017981518 0.0000030503 0.0034824431 0.0000690274 0.0026680976
1403637199.78828 0.810347 -6.120583 0.495514 0.678838 -0.376796 0.546164 0.314497 0.0003914425 0.0000062976 -0.0000820488 0.0000005164 -0.0000013371 0.0000176276 0.0179448946 0.0020910289 0.0000035141 0.0035641685 0.0000693869 0.0026685037
1403637199.83828 0.934716 -6.067715 0.481566 0.680976 -0.367625 0.557720 0.300119 0.0003928432 -0.0000003651 -0.0000790600 0.0000004057 0.0000000567 0.0000163326 0.0176908918 0.0023783494 0.0000037309 0.0036577864 0.0000695546 0.0026689650
1403637199.88828 1.055010 -6.013097 0.461318 0.681754 -0.358773 0.571006 0.283631 0.0003943349 -0.0000090179 -0.0000749068 0.0000006080 0.0000016982 0.0000146451 0.0174344109 0.0026505530 0.0000038742 0.0037626090 0.0000699804 0.0026695133
1403637199.93828 1.173803 -5.956074 0.436850 0.682397 -0.348674 0.584163 0.267420 0.0003956683 -0.0000168494 -0.0000700444 0.0000011157 0.0000029694 0.0000128096 0.0171716049 0.0029049159 0.0000040060 0.0038748089 0.0000704075 0.0026700353
1403637199.98828 1.286535 -5.897330 0.410795 0.681124 -0.336457 0.599496 0.251933 0.0003976586 -0.0000240504 -0.0000620709 0.0000018501 0.0000037417 0.0000100911 0.0168976888 0.0031462718 0.0000041483 0.0039957386 0.0000708689 0.0026705203
1403637200.03828 1.399411 -5.841277 0.381137 0.681072 -0.323432 0.612756 0.236776 0.0003989921 -0.0000296897 -0.0000551136 0.0000025879 0.0000040904 0.0000080054 0.0166074091 0.0033589967 0.0000032069 0.0041127786 0.0000689751 0.0026698674
1403637200.08828 1.502495 -5.779116 0.352286 0.682535 -0.307779 0.623829 0.224177 0.0004003935 -0.0000313586 -0.0000489342 0.0000028297 0.0000038226 0.0000063673 0.0163428583 0.0035714117 0.0000029449 0.0042439219 0.0000689868 0.0026701955
1403637200.13828 1.599502 -5.715747 0.322808 0.684287 -0.290820 0.633888 0.212984 0.0004018931 -0.0000311084 -0.0000427371 0.0000027768 0.0000032989 0.0000049262 0.0160530316 0.0037512476 0.0000025858 0.0043707565 0.0000690119 0.0026705458
1403637200.18828 1.688207 -5.649708 0.292272 0.691474 -0.274863 0.636522 0.202864 0.0004022228 -0.0000279094 -0.0000434810 0.0000023001 0.0000030090 0.0000050768 0.0157595590 0.0039093845 0.0000023658 0.0044953709 0.0000690482 0.0026708273
1403637200.23828 1.769706 -5.582909 0.260919 0.699681 -0.259854 0.636981 0.192813 0.0004020620 -0.0000246006 -0.0000461873 0.0000018630 0.0000028191 0.0000056787 0.0154580655 0.0040427437 0.0000019093 0.0046144076 0.0000689110 0.0026710921
1403637200.28829 1.843376 -5.517384 0.227104 0.711248 -0.243518 0.631466 0.189940 0.0004014179 -0.0000148871 -0.0000526784 0.0000008969 0.0000019500 0.0000072771 0.0151490251 0.0041504258 0.0000012433 0.0047237383 0.0000679913 0.0026707416
1403637200.33830 1.909254 -5.447230 0.196439 0.725121 -0.230009 0.621410 0.187473 0.0003987105 -0.0000053815 -0.0000634946 0.0000004139 0.0000008539 0.0000104727 0.0148581848 0.0042428591 0.0000011330 0.0048293193 0.0000681383 0.0026709628
1403637200.38830 1.971211 -5.376282 0.166663 0.737972 -0.220060 0.611068 0.183213 0.0003947842 0.0000008169 -0.0000746588 0.0000003402 -0.0000001571 0.0000144782 0.0145503556 0.0043131366 0.0000010809 0.0049275159 0.0000683449 0.0026711693
1403637200.43831 2.035773 -5.303775 0.136842 0.750085 -0.213483 0.600072 0.178077 0.0003897608 0.0000045014 -0.0000862629 0.0000003831 -0.0000009979 0.0000194484 0.0142422120 0.0043722948 0.0000013193 0.0050220539 0.0000683105 0.0026710590
1403637200.48831 2.094403 -5.230936 0.110183 0.760559 -0.208497 0.589626 0.174411 0.0003845069 0.0000078689 -0.0000965537 0.0000004895 -0.0000019777 0.0000246003 0.0139365786 0.0044366475 0.0000015696 0.0051279205 0.0000685472 0.0026710709
1403637200.53831 2.149905 -5.155984 0.087229 0.766638 -0.208310 0.584354 0.165541 0.0003808133 0.0000042965 -0.0001033660 0.0000003717 -0.0000011671 0.0000284083 0.0136330137 0.0044869249 0.0000020426 0.0052271851 0.0000685118 0.0026708691
1403637200.58830 2.205669 -5.079655 0.065871 0.768993 -0.209551 0.583048 0.157457 0.0003790618 -0.0000007115 -0.0001064036 0.0000003219 0.0000002003 0.0000302150 0.0133298641 0.0045278413 0.0000022035 0.0053254238 0.0000686631 0.0026708174
1403637200.63829 2.263913 -5.003742 0.045830 0.771061 -0.210941 0.581375 0.151567 0.0003773656 -0.0000043885 -0.0001090728 0.0000003674 0.0000012699 0.0000318675 0.0130249812 0.0045635971 0.0000026001 0.0054252326 0.0000687975 0.0026705530
1403637200.68828 2.315960 -4.926866 0.030207 0.771886 -0.212826 0.580568 0.147774 0.0003763036 -0.0000072609 -0.0001106097 0.0000004538 0.0000021366 0.0000328491 0.0127295522 0.0046022602 0.0000025925 0.0055330153 0.0000689164 0.0026704783
1403637200.73828 2.365825 -4.849657 0.016309 0.772607 -0.215489 0.579469 0.144425 0.0003751240 -0.0000102284 -0.0001122120 0.0000005905 0.0000030628 0.0000338992 0.0124355933 0.0046254372 0.0000024582 0.0056321029 0.0000690206 0.0026704464
1403637200.78826 2.415455 -4.774327 0.003610 0.770961 -0.219765 0.580823 0.141308 0.0003752045 -0.0000144880 -0.0001116323 0.0000008641 0.0000043140 0.0000335411 0.0121446064 0.0046409370 0.0000024373 0.0057269835 0.0000688007 0.0026702917
1403637200.83825 2.461965 -4.698087 -0.005917 0.768003 -0.225847 0.582878 0.139346 0.0003756222 -0.0000191127 -0.0001103116 0.0000012739 0.0000056174 0.0000327183 0.0118690331 0.0046566915 0.0000023000 0.0058257356 0.0000688894 0.0026701984
1403637200.88825 2.507274 -4.620097 -0.012732 0.765455 -0.230888 0.584078 0.140082 0.0003760820 -0.0000214679 -0.0001091749 0.0000015210 0.0000062363 0.0000320092 0.0115916243 0.0046596450 0.0000022918 0.0059157958 0.0000687827 0.0026699642
1403637200.93825 2.547697 -4.545147 -0.018108 0.764121 -0.235215 0.583553 0.142332 0.0003760412 -0.0000221654 -0.0001091222 0.0000015987 0.0000064362 0.0000319778 0.0113140009 0.0046572967 0.0000021655 0.0060073363 0.0000689027 0.0026699009
1403637200.98825 2.587789 -4.468678 -0.021745 0.763179 -0.239155 0.582464 0.145250 0.0003758457 -0.0000221106 -0.0001094511 0.0000015838 0.0000064407 0.0000321794 0.0110489994 0.0046450891 0.0000022822 0.0060857914 0.0000686421 0.0026695644
1403637201.03825 2.621824 -4.397512 -0.024040 0.761895 -0.242788 0.581703 0.148965 0.0003760468 -0.0000215900 -0.0001092628 0.0000015199 0.0000062753 0.0000320498 0.0107851117 0.0046294874 0.0000022091 0.0061682150 0.0000689290 0.0026695866
1403637201.08825 2.653682 -4.327655 -0.023837 0.761315 -0.246207 0.580182 0.152219 0.0003757705 -0.0000209664 -0.0001098382 0.0000014473 0.0000061310 0.0000324061 0.0105453718 0.0046086139 0.0000021902 0.0062396802 0.0000692729 0.0026695789
1403637201.13825 2.683791 -4.258861 -0.021483 0.761137 -0.249375 0.578045 0.156036 0.0003753226 -0.0000197111 -0.0001107857 0.0000013097 0.0000058208 0.0000329992 0.0103140272 0.0045836259 0.0000021899 0.0063069420 0.0000696273 0.0026695816
1403637201.18825 2.712804 -4.190092 -0.017349 0.759897 -0.253669 0.577382 0.157603 0.0003750923 -0.0000207389 -0.0001109750 0.0000014184 0.0000061389 0.0000331290 0.0100889503 0.0045553296 0.0000022257 0.0063715103 0.0000700114 0.0026696012
1403637201.23825 2.740120 -4.120467 -0.011434 0.759666 -0.258580 0.575566 0.157377 0.0003738490 -0.0000227232 -0.0001124973 0.0000016480 0.0000068403 0.0000341459 0.0098669995 0.0045231216 0.0000022685 0.0064322217 0.0000700567 0.0026695609
1403637201.28825 2.767068 -4.039665 -0.001931 0.757528 -0.266204 0.575679 0.154533 0.0003726930 -0.0000279977 -0.0001130472 0.0000023619 0.0000084937 0.0000345806 0.0096443020 0.0044822915 0.0000023544 0.0064826476 0.0000698137 0.0026694738
1403637201.33826 2.789360 -3.974419 0.003879 0.754489 -0.277369 0.576047 0.148264 0.0003704852 -0.0000371649 -0.0001136843 0.0000039867 0.0000114076 0.0000351747 0.0093921316 0.0044292905 0.0000024053 0.0065404059 0.0000701526 0.0026696743
1403637201.38826 2.808826 -3.909147 0.007783 0.752505 -0.289270 0.574136 0.142923 0.0003668209 -0.0000452089 -0.0001160513 0.0000058308 0.0000143085 0.0000370068 0.0091960618 0.0043868087 0.0000024253 0.0065877940 0.0000705399 0.0026698439
1403637201.43826 2.824998 -3.846019 0.009958 0.750582 -0.301914 0.571465 0.137484 0.0003622907 -0.0000532508 -0.0001188663 0.0000080869 0.0000174794 0.0000392930 0.0090047283 0.0043393489 0.0000024695 0.0066285224 0.0000709478 0.0026700095
1403637201.48826 2.839275 -3.784323 0.010103 0.748714 -0.314494 0.568164 0.133082 0.0003573990 -0.0000602973 -0.0001218645 0.0000104330 0.0000205700 0.0000418480 0.0088251410 0.0042896623 0.0000026197 0.0066610760 0.0000712949 0.0026700754
1403637201.53826 2.850037 -3.727610 0.008347 0.746586 -0.326065 0.565290 0.129382 0.0003528195 -0.0000665173 -0.0001242747 0.0000128018 0.0000234417 0.0000440710 0.0086531335 0.0042385010 0.0000026792 0.0066901915 0.0000716716 0.0026702485
1403637201.58827 2.858555 -3.668554 0.005712 0.743992 -0.335541 0.563754 0.126761 0.0003493758 -0.0000715579 -0.0001255376 0.0000149172 0.0000257252 0.0000454063 0.0084983679 0.0041866606 0.0000027824 0.0067080814 0.0000719176 0.0026703269
1403637201.63827 2.862273 -3.617582 0.001839 0.741423 -0.343529 0.562775 0.124755 0.0003466166 -0.0000758114 -0.0001262063 0.0000168435 0.0000276178 0.0000462523 0.0083405143 0.0041291503 0.0000028354 0.0067221054 0.0000721923 0.0026705198
1403637201.68827 2.862296 -3.570277 -0.002482 0.738492 -0.349001 0.563129 0.125357 0.0003458806 -0.0000780738 -0.0001256691 0.0000178859 0.0000283808 0.0000459592 0.0082093604 0.0040748528 0.0000028798 0.0067242085 0.0000724132 0.0026706719
1403637201.73827 2.858752 -3.527688 -0.006957 0.735901 -0.349960 0.564557 0.131350 0.0003486244 -0.0000760803 -0.0001237838 0.0000168647 0.0000270258 0.0000442500 0.0080901641 0.0040196614 0.0000029039 0.0067170707 0.0000725341 0.0026708277
1403637201.78827 2.851548 -3.489231 -0.012316 0.734625 -0.348624 0.565143 0.139286 0.0003521180 -0.0000717559 -0.0001222645 0.0000148826 0.0000249255 0.0000427515 0.0079839032 0.0039644279 0.0000029007 0.0067007265 0.0000725447 0.0026709709
1403637201.83827 2.841632 -3.454799 -0.016523 0.733245 -0.348231 0.565873 0.144481 0.0003544361 -0.0000692772 -0.0001208877 0.0000137993 0.0000236365 0.0000415290 0.0078889481 0.0039086568 0.0000028589 0.0066748453 0.0000724727 0.0026710674
1403637201.88827 2.827291 -3.420816 -0.019224 0.732468 -0.347162 0.566314 0.149193 0.0003565044 -0.0000665589 -0.0001198415 0.0000126823 0.0000223799 0.0000405822 0.0078041111 0.0038523512 0.0000027218 0.0066379664 0.0000721575 0.0026710802
1403637201.93827 2.809788 -3.391335 -0.021060 0.732311 -0.346684 0.566105 0.151840 0.0003574393 -0.0000649407 -0.0001195597 0.0000120542 0.0000217264 0.0000402887 0.0077221462 0.0037932557 0.0000026878 0.0065967022 0.0000719967 0.0026711778
1403637201.98826 2.789209 -3.365433 -0.021524 0.733340 -0.348062 0.564393 0.150086 0.0003558143 -0.0000657952 -0.0001211632 0.0000124223 0.0000224090 0.0000415583 0.0076518767 0.0037354683 0.0000026539 0.0065484387 0.0000718183 0.0026712494
1403637202.03826 2.765971 -3.342880 -0.020774 0.734810 -0.350608 0.562035 0.145757 0.0003527258 -0.0000682217 -0.0001236234 0.0000134516 0.0000239150 0.0000436297 0.0075921022 0.0036787413 0.0000026204 0.0064936467 0.0000716320 0.0026712966
1403637202.08825 2.739707 -3.324978 -0.017791 0.737576 -0.353424 0.558152 0.139782 0.0003481972 -0.0000709489 -0.0001273791 0.0000147140 0.0000259605 0.0000469041 0.0075403507 0.0036211882 0.0000024870 0.0064304781 0.0000713312 0.0026711803
1403637202.13825 2.709548 -3.310980 -0.014767 0.741984 -0.355036 0.552374 0.135247 0.0003433664 -0.0000716712 -0.0001322415 0.0000152179 0.0000276094 0.0000512411 0.0075020836 0.0035662201 0.0000024633 0.0063618194 0.0000711384 0.0026711646
1403637202.18824 2.675855 -3.304032 -0.008294 0.747520 -0.353651 0.545688 0.135536 0.0003403716 -0.0000682885 -0.0001370556 0.0000139573 0.0000275031 0.0000555022 0.0074758438 0.0035117952 0.0000024206 0.0062843483 0.0000709735 0.0026709598
1403637202.23824 2.640403 -3.297636 -0.002328 0.754081 -0.348206 0.538391 0.142299 0.0003398948 -0.0000596938 -0.0001414767 0.0000107384 0.0000248497 0.0000592068 0.0074680279 0.0034621278 0.0000024191 0.0062025780 0.0000707125 0.0026708781
1403637202.28824 2.603559 -3.295381 0.002888 0.761228 -0.341101 0.530412 0.151147 0.0003395735 -0.0000490152 -0.0001458262 0.0000073279 0.0000210482 0.0000629468 0.0074603701 0.0034121082 0.0000024334 0.0061208896 0.0000704352 0.0026707855
1403637202.33824 2.566301 -3.296377 0.007495 0.767040 -0.335098 0.523675 0.158502 0.0003387943 -0.0000400497 -0.0001492487 0.0000049863 0.0000176387 0.0000660756 0.0074618546 0.0033651299 0.0000024546 0.0060388166 0.0000701478 0.0026706641
1403637202.38824 2.529102 -3.299364 0.010926 0.771433 -0.329416 0.518681 0.165365 0.0003385062 -0.0000321362 -0.0001514107 0.0000033023 0.0000143665 0.0000680549 0.0074706135 0.0033212949 0.0000024845 0.0059580616 0.0000698672 0.0026705259
1403637202.43825 2.491655 -3.305778 0.014300 0.773658 -0.325329 0.516320 0.170377 0.0003389362 -0.0000268364 -0.0001520649 0.0000023763 0.0000120299 0.0000685563 0.0074840982 0.0032798509 0.0000025728 0.0058793517 0.0000697046 0.0026703386
1403637202.48825 2.453016 -3.317603 0.018948 0.773459 -0.322212 0.517388 0.173923 0.0003409478 -0.0000239340 -0.0001507537 0.0000019315 0.0000105707 0.0000669887 0.0075054045 0.0032412571 0.0000027880 0.0058013388 0.0000697648 0.0026700365
1403637202.53826 2.418191 -3.326403 0.021675 0.772144 -0.319749 0.519888 0.176835 0.0003435268 -0.0000221864 -0.0001486569 0.0000016849 0.0000095872 0.0000646598 0.0075407642 0.0032070250 0.0000028407 0.0057234502 0.0000695014 0.0026698923
1403637202.58826 2.384646 -3.337856 0.026169 0.769606 -0.318314 0.523989 0.178376 0.0003466549 -0.0000221501 -0.0001456806 0.0000016679 0.0000092938 0.0000615504 0.0075681144 0.0031745504 0.0000028993 0.0056547673 0.0000693092 0.0026697516
1403637202.63826 2.351127 -3.351067 0.032268 0.766691 -0.315928 0.528711 0.181216 0.0003505123 -0.0000212114 -0.0001419642 0.0000015367 0.0000085748 0.0000578244 0.0076012349 0.0031447032 0.0000029786 0.0055881544 0.0000691368 0.0026696342
1403637202.68826 2.317405 -3.365736 0.040260 0.764787 -0.313497 0.531851 0.184266 0.0003534100 -0.0000195620 -0.0001391655 0.0000013363 0.0000076853 0.0000551252 0.0076373103 0.0031152225 0.0000030659 0.0055219116 0.0000690089 0.0026694853
1403637202.73826 2.283624 -3.381484 0.050318 0.762746 -0.310992 0.535238 0.187145 0.0003563429 -0.0000180526 -0.0001361686 0.0000011684 0.0000068791 0.0000523570 0.0076768517 0.0030862661 0.0000031771 0.0054561742 0.0000688894 0.0026693542
1403637202.78826 2.248899 -3.399565 0.061547 0.762810 -0.307038 0.535655 0.192154 0.0003580957 -0.0000136362 -0.0001347012 0.0000007733 0.0000051078 0.0000509916 0.0077185930 0.0030571137 0.0000033262 0.0053906106 0.0000688649 0.0026691422
1403637202.83826 2.214758 -3.416550 0.072123 0.762988 -0.303592 0.535524 0.197222 0.0003594136 -0.0000092333 -0.0001335523 0.0000004917 0.0000034070 0.0000499483 0.0077664136 0.0030288419 0.0000034648 0.0053251783 0.0000687242 0.0026690194
1403637202.88826 2.181430 -3.434361 0.081209 0.763724 -0.300241 0.534524 0.202152 0.0003600926 -0.0000046324 -0.0001329894 0.0000003147 0.0000016845 0.0000494385 0.0078114799 0.0030008554 0.0000036014 0.0052632523 0.0000685926 0.0026689030
1403637202.93826 2.148452 -3.452267 0.088629 0.764405 -0.297315 0.533552 0.206423 0.0003605425 -0.0000006025 -0.0001325265 0.0000002568 0.0000001929 0.0000490368 0.0078577153 0.0029733769 0.0000037425 0.0052031715 0.0000684730 0.0026687792
1403637202.98826 2.113970 -3.470977 0.095856 0.765083 -0.295152 0.532590 0.209479 0.0003606588 0.0000024373 -0.0001323351 0.0000002724 -0.0000009240 0.0000488797 0.0079029170 0.0029448100 0.0000041228 0.0051435937 0.0000686255 0.0026684110
1403637203.03826 2.081921 -3.487886 0.100006 0.765234 -0.294033 0.532216 0.211439 0.0003608284 0.0000041232 -0.0001320717 0.0000003037 -0.0000015404 0.0000486645 0.0079520159 0.0029159108 0.0000042563 0.0050837845 0.0000684894 0.0026682691
1403637203.08826 2.050098 -3.505088 0.104189 0.765132 -0.293925 0.532271 0.211823 0.0003609420 0.0000043867 -0.0001319030 0.0000003102 -0.0000016352 0.0000485262 0.0079948049 0.0028875887 0.0000043824 0.0050288536 0.0000683718 0.0026680712
1403637203.13826 2.019545 -3.521696 0.106321 0.764288 -0.295056 0.533357 0.210561 0.0003612971 0.0000027791 -0.0001315008 0.0000002787 -0.0000010441 0.0000481860 0.0080397070 0.0028603885 0.0000044649 0.0049759939 0.0000682245 0.0026679449
1403637203.18826 1.989470 -3.537997 0.107432 0.764897 -0.294054 0.532342 0.212313 0.0003610489 0.0000045512 -0.0001317204 0.0000003154 -0.0000016945 0.0000483797 0.0080823382 0.0028328732 0.0000045347 0.0049249816 0.0000680812 0.0026678148
1403637203.23826 1.960002 -3.553853 0.107695 0.764204 -0.293983 0.533049 0.213131 0.0003616416 0.0000047935 -0.0001309775 0.0000003222 -0.0000017711 0.0000477612 0.0081239816 0.0028057581 0.0000045865 0.0048761085 0.0000679381 0.0026676771
1403637203.28826 1.931546 -3.569392 0.107112 0.764056 -0.293675 0.533033 0.214124 0.0003618305 0.0000054817 -0.0001306946 0.0000003424 -0.0000020161 0.0000475320 0.0081653307 0.0027792256 0.0000046224 0.0048292493 0.0000677930 0.0026675304
1403637203.33826 1.903994 -3.584520 0.105686 0.763788 -0.293482 0.533355 0.214545 0.0003620960 0.0000056939 -0.0001303356 0.0000003494 -0.0000020865 0.0000472387 0.0082056994 0.0027530935 0.0000046443 0.0047843658 0.0000676469 0.0026673794
1403637203.38826 1.876724 -3.599774 0.103173 0.763448 -0.294334 0.533719 0.213681 0.0003621151 0.0000047021 -0.0001303177 0.0000003213 -0.0000017296 0.0000472233 0.0082449762 0.0027267539 0.0000046366 0.0047406474 0.0000674855 0.0026671564
1403637203.43826 1.850339 -3.613992 0.099563 0.763812 -0.294002 0.532974 0.214692 0.0003618683 0.0000056483 -0.0001305448 0.0000003490 -0.0000020761 0.0000474195 0.0082853189 0.0027009122 0.0000046463 0.0046982565 0.0000673429 0.0026670043
1403637203.48826 1.825409 -3.627578 0.095012 0.763751 -0.294208 0.532953 0.214679 0.0003618325 0.0000055499 -0.0001305583 0.0000003465 -0.0000020417 0.0000474341 0.0083221772 0.0026759410 0.0000046392 0.0046588469 0.0000671995 0.0026668490
1403637203.53826 1.801384 -3.640627 0.089520 0.763407 -0.293761 0.533330 0.215577 0.0003622327 0.0000061184 -0.0001300144 0.0000003653 -0.0000022361 0.0000469906 0.0083573821 0.0026517291 0.0000046217 0.0046216093 0.0000670545 0.0026666952
1403637203.58826 1.778345 -3.652725 0.083185 0.763173 -0.292948 0.533494 0.217099 0.0003626294 0.0000072656 -0.0001294274 0.0000004080 -0.0000026338 0.0000465185 0.0083921117 0.0026285646 0.0000046847 0.0045863829 0.0000669527 0.0026664453
1403637203.63826 1.755926 -3.664584 0.076067 0.763464 -0.291981 0.532750 0.219197 0.0003625792 0.0000091086 -0.0001293338 0.0000004919 -0.0000032909 0.0000464580 0.0084241282 0.0026057545 0.0000046573 0.0045530279 0.0000668097 0.0026662856
1403637203.68826 1.735342 -3.675165 0.067895 0.763182 -0.292335 0.533037 0.219008 0.0003626962 0.0000087415 -0.0001291754 0.0000004741 -0.0000031555 0.0000463300 0.0084540488 0.0025836892 0.0000046258 0.0045216248 0.0000666593 0.0026660856
1403637203.73826 1.715529 -3.685263 0.058907 0.762320 -0.292773 0.533962 0.219173 0.0003632721 0.0000083055 -0.0001284584 0.0000004538 -0.0000029797 0.0000457481 0.0084810995 0.0025630770 0.0000045851 0.0044930453 0.0000665317 0.0026659718
1403637203.78826 1.696538 -3.694637 0.048917 0.762110 -0.293188 0.534026 0.219193 0.0003633005 0.0000080952 -0.0001283985 0.0000004448 -0.0000029043 0.0000457022 0.0085068691 0.0025425304 0.0000045332 0.0044653616 0.0000664035 0.0026658542
1403637203.83826 1.678587 -3.703234 0.038203 0.761829 -0.293638 0.534286 0.218934 0.0003633865 0.0000076489 -0.0001282811 0.0000004259 -0.0000027439 0.0000456084 0.0085306729 0.0025225768 0.0000044747 0.0044392110 0.0000662806 0.0026657396
1403637203.88826 1.661317 -3.710938 0.026749 0.761513 -0.293402 0.534632 0.219503 0.0003636851 0.0000079512 -0.0001278535 0.0000004392 -0.0000028396 0.0000452698 0.0085519812 0.0025031837 0.0000044080 0.0044146147 0.0000661580 0.0026656268
1403637203.93826 1.644493 -3.717755 0.014368 0.761257 -0.293362 0.534856 0.219900 0.0003638726 0.0000081075 -0.0001275718 0.0000004466 -0.0000028873 0.0000450485 0.0085710333 0.0024838514 0.0000043382 0.0043909901 0.0000660412 0.0026655190
1403637203.98826 1.628553 -3.723564 0.001011 0.761445 -0.293370 0.534458 0.220204 0.0003636740 0.0000084024 -0.0001277607 0.0000004605 -0.0000029973 0.0000452054 0.0085875500 0.0024644457 0.0000042464 0.0043681654 0.0000659238 0.0026653727
1403637204.03826 1.612696 -3.729209 -0.012249 0.761561 -0.293152 0.534075 0.221022 0.0003635913 0.0000090761 -0.0001277797 0.0000004935 -0.0000032358 0.0000452290 0.0086018796 0.0024457933 0.0000041763 0.0043468894 0.0000658128 0.0026652845
1403637204.08826 1.597037 -3.734043 -0.024719 0.761249 -0.293928 0.534354 0.220389 0.0003636141 0.0000082693 -0.0001277688 0.0000004554 -0.0000029521 0.0000452184 0.0086151989 0.0024269423 0.0000041037 0.0043259483 0.0000657027 0.0026652005
1403637204.13826 1.581589 -3.738091 -0.035107 0.761241 -0.293667 0.534311 0.220871 0.0003636615 0.0000086659 -0.0001276464 0.0000004743 -0.0000030887 0.0000451265 0.0086261233 0.0024074459 0.0000040279 0.0043052053 0.0000655895 0.0026651199
1403637204.18826 1.567382 -3.740931 -0.043193 0.761429 -0.294247 0.533892 0.220463 0.0003633052 0.0000082915 -0.0001280738 0.0000004573 -0.0000029701 0.0000454711 0.0086360046 0.0023891476 0.0000039714 0.0042859906 0.0000655168 0.0026650017
1403637204.23826 1.552865 -3.743397 -0.048952 0.761401 -0.293810 0.533829 0.221293 0.0003634199 0.0000089902 -0.0001278480 0.0000004909 -0.0000032104 0.0000452976 0.0086396733 0.0023695517 0.0000038960 0.0042671259 0.0000654045 0.0026649313
1403637204.28826 1.539032 -3.744370 -0.054145 0.761874 -0.294987 0.532919 0.220289 0.0003626533 0.0000081879 -0.0001288121 0.0000004537 -0.0000029562 0.0000460756 0.0086431235 0.0023501039 0.0000038403 0.0042486251 0.0000653194 0.0026648311
1403637204.33826 1.525747 -3.745146 -0.056307 0.761266 -0.295786 0.533806 0.219171 0.0003629404 0.0000069050 -0.0001285000 0.0000004004 -0.0000024926 0.0000458179 0.0086423639 0.0023311022 0.0000037693 0.0042315494 0.0000652136 0.0026647920
1403637204.38826 1.512425 -3.744972 -0.056473 0.759803 -0.297403 0.535596 0.217685 0.0003636736 0.0000047150 -0.0001276566 0.0000003304 -0.0000017027 0.0000451313 0.0086413208 0.0023121297 0.0000036980 0.0042147337 0.0000651137 0.0026647521
1403637204.43826 1.499075 -3.744660 -0.054833 0.758254 -0.297632 0.537327 0.218509 0.0003648503 0.0000044497 -0.0001261512 0.0000003240 -0.0000015864 0.0000439384 0.0086392305 0.0022925900 0.0000036330 0.0041977929 0.0000650195 0.0026647129
1403637204.48826 1.486492 -3.744211 -0.051116 0.755371 -0.299395 0.540963 0.217109 0.0003666316 0.0000015827 -0.0001238895 0.0000002768 -0.0000005822 0.0000421823 0.0086370695 0.0022740395 0.0000035700 0.0041818770 0.0000649351 0.0026646750
1403637204.53826 1.474158 -3.743325 -0.045396 0.754103 -0.299991 0.542225 0.217543 0.0003674263 0.0000010827 -0.0001228151 0.0000002735 -0.0000004095 0.0000413694 0.0086340277 0.0022557323 0.0000035174 0.0041664746 0.0000648594 0.0026646409
1403637204.58826 1.461701 -3.741625 -0.038234 0.753816 -0.301339 0.541867 0.217570 0.0003672144 0.0000005649 -0.0001230666 0.0000002716 -0.0000002371 0.0000415613 0.0086290410 0.0022368536 0.0000035005 0.0041510607 0.0000648140 0.0026645849
1403637204.63826 1.449122 -3.739465 -0.029288 0.754071 -0.302751 0.540761 0.217477 0.0003665511 0.0000002220 -0.0001239113 0.0000002714 -0.0000001232 0.0000422055 0.0086215817 0.0022173276 0.0000034690 0.0041357075 0.0000647498 0.0026645663
1403637204.68826 1.436375 -3.736843 -0.019455 0.755014 -0.302737 0.538628 0.219510 0.0003657751 0.0000020709 -0.0001248751 0.0000002836 -0.0000007560 0.0000429503 0.0086137948 0.0021976444 0.0000034549 0.0041204081 0.0000646944 0.0026645502
1403637204.73826 1.423746 -3.733528 -0.009937 0.754882 -0.303840 0.538202 0.219483 0.0003655146 0.0000016742 -0.0001251896 0.0000002800 -0.0000006227 0.0000431960 0.0086037888 0.0021773998 0.0000034519 0.0041051532 0.0000646491 0.0026645354
1403637204.78826 1.410893 -3.729468 -0.002091 0.755748 -0.304812 0.536230 0.219982 0.0003644768 0.0000021676 -0.0001264798 0.0000002858 -0.0000008020 0.0000442097 0.0085920976 0.0021568431 0.0000034679 0.0040900262 0.0000646246 0.0026645147
1403637204.83826 1.398246 -3.725037 0.004398 0.756228 -0.306232 0.535033 0.219275 0.0003636128 0.0000015311 -0.0001275498 0.0000002797 -0.0000005871 0.0000450622 0.0085778037 0.0021357232 0.0000034845 0.0040750010 0.0000645977 0.0026645108
1403637204.88826 1.385870 -3.719887 0.008709 0.756557 -0.306510 0.534035 0.220182 0.0003632341 0.0000022332 -0.0001279864 0.0000002875 -0.0000008374 0.0000454163 0.0085632742 0.0021148714 0.0000035187 0.0040603256 0.0000646048 0.0026644661
1403637204.93826 1.373712 -3.714594 0.011439 0.757630 -0.307018 0.532267 0.220064 0.0003621600 0.0000025546 -0.0001292799 0.0000002922 -0.0000009629 0.0000464701 0.0085465752 0.0020942072 0.0000035436 0.0040462589 0.0000645842 0.0026644746
1403637204.98826 1.361746 -3.709079 0.012228 0.759355 -0.308070 0.529553 0.219196 0.0003603376 0.0000025439 -0.0001314516 0.0000002926 -0.0000009794 0.0000482766 0.0085296736 0.0020738091 0.0000035702 0.0040325268 0.0000645663 0.0026644795
1403637205.03826 1.350057 -3.703386 0.011760 0.761099 -0.308803 0.526939 0.218412 0.0003585690 0.0000026906 -0.0001334985 0.0000002952 -0.0000010536 0.0000500275 0.0085124185 0.0020537609 0.0000035966 0.0040192085 0.0000645491 0.0026644821
1403637205.08826 1.339025 -3.697962 0.010274 0.762326 -0.309084 0.525172 0.217991 0.0003573795 0.0000029520 -0.0001348346 0.0000002998 -0.0000011661 0.0000511973 0.0084953410 0.0020346509 0.0000036203 0.0040066703 0.0000645306 0.0026644816
1403637205.13826 1.328386 -3.692355 0.007840 0.762439 -0.309224 0.525002 0.217805 0.0003572166 0.0000028452 -0.0001350028 0.0000002986 -0.0000011279 0.0000513481 0.0084789122 0.0020162168 0.0000036458 0.0039946553 0.0000645047 0.0026644816
1403637205.18826 1.318179 -3.686616 0.004111 0.762696 -0.308527 0.524836 0.218298 0.0003572150 0.0000034903 -0.0001349704 0.0000003104 -0.0000013718 0.0000513240 0.0084624332 0.0019985704 0.0000036701 0.0039832964 0.0000644883 0.0026644403
1403637205.23826 1.308930 -3.680949 -0.000491 0.763659 -0.307472 0.524570 0.217053 0.0003567344 0.0000034097 -0.0001354966 0.0000003090 -0.0000013485 0.0000517928 0.0084447559 0.0019816291 0.0000036870 0.0039727069 0.0000644597 0.0026644482
1403637205.28826 1.300449 -3.675216 -0.005623 0.764981 -0.305219 0.524562 0.215593 0.0003563476 0.0000036789 -0.0001359053 0.0000003143 -0.0000014568 0.0000521611 0.0084275885 0.0019660546 0.0000036986 0.0039631159 0.0000644272 0.0026644520
1403637205.33826 1.293254 -3.669649 -0.009866 0.765766 -0.301580 0.526134 0.214091 0.0003569196 0.0000040280 -0.0001352341 0.0000003214 -0.0000015802 0.0000515688 0.0084104721 0.0019523705 0.0000037064 0.0039549708 0.0000643929 0.0026644548
1403637205.38826 1.286841 -3.664274 -0.012644 0.767002 -0.298166 0.526817 0.212765 0.0003569794 0.0000046723 -0.0001351273 0.0000003368 -0.0000018230 0.0000514802 0.0083943244 0.0019399898 0.0000037099 0.0039476717 0.0000643669 0.0026644476
1403637205.43826 1.281377 -3.658974 -0.013160 0.767649 -0.294580 0.528176 0.212056 0.0003575956 0.0000055058 -0.0001343774 0.0000003601 -0.0000021238 0.0000508272 0.0083786029 0.0019289897 0.0000037146 0.0039413771 0.0000643328 0.0026644452
1403637205.48826 1.276779 -3.653496 -0.011792 0.767422 -0.290901 0.530859 0.211256 0.0003589994 0.0000059012 -0.0001327225 0.0000003719 -0.0000022366 0.0000493980 0.0083624231 0.0019193568 0.0000037119 0.0039361498 0.0000643212 0.0026644144
1403637205.53826 1.272808 -3.647907 -0.009128 0.766815 -0.287525 0.533861 0.210514 0.0003606050 0.0000060921 -0.0001307995 0.0000003775 -0.0000022648 0.0000477736 0.0083458023 0.0019105517 0.0000037187 0.0039316454 0.0000642876 0.0026644252
1403637205.58826 1.269412 -3.642119 -0.006720 0.766867 -0.284474 0.535504 0.210297 0.0003614862 0.0000068710 -0.0001296810 0.0000004049 -0.0000025204 0.0000468517 0.0083290484 0.0019025567 0.0000037273 0.0039277637 0.0000642622 0.0026644357
1403637205.63826 1.267140 -3.635839 -0.006091 0.766594 -0.282518 0.537365 0.209181 0.0003623256 0.0000065801 -0.0001286477 0.0000003927 -0.0000023914 0.0000460066 0.0083107417 0.0018951945 0.0000037136 0.0039243137 0.0000643817 0.0026642976
1403637205.68826 1.264558 -3.629304 -0.007195 0.766931 -0.280783 0.537972 0.208718 0.0003625466 0.0000069475 -0.0001283380 0.0000004063 -0.0000025148 0.0000457594 0.0082911305 0.0018887993 0.0000037262 0.0039220377 0.0000643594 0.0026643362
1403637205.73826 1.262611 -3.622605 -0.010292 0.767374 -0.280140 0.538216 0.207324 0.0003623836 0.0000064055 -0.0001285491 0.0000003863 -0.0000023279 0.0000459300 0.0082714814 0.0018823564 0.0000037349 0.0039197394 0.0000643432 0.0026643723
1403637205.78826 1.260887 -3.615158 -0.014924 0.767630 -0.279220 0.538499 0.206878 0.0003624352 0.0000064997 -0.0001284632 0.0000003897 -0.0000023598 0.0000458627 0.0082506180 0.0018762140 0.0000037370 0.0039178413 0.0000643284 0.0026644067
1403637205.83826 1.259503 -3.607173 -0.020822 0.768012 -0.278444 0.538379 0.206822 0.0003623311 0.0000068700 -0.0001285548 0.0000004035 -0.0000024939 0.0000459410 0.0082275545 0.0018701610 0.0000037335 0.0039163198 0.0000643128 0.0026644427
1403637205.88826 1.258650 -3.598771 -0.027851 0.768029 -0.278459 0.538735 0.205808 0.0003623264 0.0000061912 -0.0001285784 0.0000003791 -0.0000022536 0.0000459585 0.0082038892 0.0018646941 0.0000037224 0.0039153289 0.0000643007 0.0026644751
1403637205.98826 1.257372 -3.580972 -0.042065 0.767850 -0.277505 0.539523 0.205698 0.0003627616 0.0000063240 -0.0001280287 0.0000003858 -0.0000022892 0.0000455171 0.0081538401 0.0018531786 0.0000037096 0.0039138704 0.0000642270 0.0026647659
1403637206.03826 1.257706 -3.571286 -0.046972 0.767603 -0.277711 0.540100 0.204829 0.0003629169 0.0000055632 -0.0001278531 0.0000003607 -0.0000020172 0.0000453735 0.0081262489 0.0018486788 0.0000036700 0.0039141003 0.0000642124 0.0026647676
1403637206.08826 1.258117 -3.561000 -0.050172 0.767330 -0.278323 0.540677 0.203491 0.0003629782 0.0000043609 -0.0001278064 0.0000003276 -0.0000015928 0.0000453328 0.0080969741 0.0018438201 0.0000036328 0.0039143439 0.0000641929 0.0026647817
1403637206.13826 1.258571 -3.549938 -0.052678 0.766808 -0.280042 0.541628 0.200552 0.0003629194 0.0000016233 -0.0001279278 0.0000002821 -0.0000006290 0.0000454256 0.0080662365 0.0018388790 0.0000035966 0.0039147967 0.0000641579 0.0026648213
1403637206.18826 1.259845 -3.539061 -0.052766 0.765820 -0.282543 0.543245 0.196403 0.0003629578 -0.0000023647 -0.0001278536 0.0000002899 0.0000007771 0.0000453684 0.0080357800 0.0018349816 0.0000035591 0.0039160435 0.0000641247 0.0026648615
1403637206.23826 1.261079 -3.528300 -0.050510 0.765469 -0.283681 0.543855 0.194432 0.0003628581 -0.0000041829 -0.0001279163 0.0000003226 0.0000014189 0.0000454249 0.0080058744 0.0018313214 0.0000035247 0.0039174379 0.0000640932 0.0026649018
1403637206.28826 1.262883 -3.518167 -0.045677 0.764549 -0.284939 0.545086 0.192756 0.0003631693 -0.0000060978 -0.0001274351 0.0000003764 0.0000020846 0.0000450471 0.0079776023 0.0018281668 0.0000034752 0.0039188186 0.0000641257 0.0026648775
1403637206.33826 1.264101 -3.508017 -0.039432 0.763673 -0.286022 0.546146 0.191625 0.0003634911 -0.0000075900 -0.0001269385 0.0000004325 0.0000025956 0.0000446595 0.0079502642 0.0018256782 0.0000034554 0.0039208265 0.0000640970 0.0026649261
1403637206.38826 1.265459 -3.498249 -0.031112 0.763667 -0.285981 0.546202 0.191548 0.0003634966 -0.0000076281 -0.0001269159 0.0000004341 0.0000026082 0.0000446429 0.0079236732 0.0018228720 0.0000034452 0.0039225145 0.0000640755 0.0026649740
1403637206.43826 1.266738 -3.488569 -0.021589 0.763647 -0.286342 0.546005 0.191649 0.0003633896 -0.0000076779 -0.0001270342 0.0000004364 0.0000026287 0.0000447385 0.0078985991 0.0018203248 0.0000034447 0.0039242019 0.0000640610 0.0026650188
1403637206.48826 1.267670 -3.479124 -0.011315 0.763548 -0.286266 0.546027 0.192095 0.0003634996 -0.0000074065 -0.0001268999 0.0000004252 0.0000025300 0.0000446309 0.0078729046 0.0018171180 0.0000034548 0.0039254943 0.0000640560 0.0026650645
1403637206.53826 1.268098 -3.469482 -0.001837 0.763184 -0.286558 0.546270 0.192415 0.0003636997 -0.0000074516 -0.0001266334 0.0000004271 0.0000025387 0.0000444204 0.0078474485 0.0018131596 0.0000034751 0.0039261822 0.0000640623 0.0026651099
1403637206.58826 1.268013 -3.459678 0.006268 0.763190 -0.286314 0.546017 0.193469 0.0003637930 -0.0000066725 -0.0001265474 0.0000003970 0.0000022649 0.0000443489 0.0078212731 0.0018084079 0.0000035038 0.0039263692 0.0000640769 0.0026651560
1403637206.63826 1.267355 -3.449720 0.012782 0.763311 -0.285945 0.545608 0.194690 0.0003638345 -0.0000056943 -0.0001265314 0.0000003639 0.0000019237 0.0000443326 0.0077947304 0.0018026875 0.0000035385 0.0039258660 0.0000640985 0.0026652012
1403637206.68826 1.266119 -3.439534 0.017520 0.763438 -0.285504 0.545077 0.196321 0.0003638944 -0.0000044154 -0.0001264957 0.0000003286 0.0000014777 0.0000443002 0.0077676903 0.0017960446 0.0000035753 0.0039247225 0.0000641212 0.0026652432
1403637206.73826 1.264476 -3.429257 0.020916 0.763152 -0.285280 0.545238 0.197307 0.0003642035 -0.0000038227 -0.0001261130 0.0000003153 0.0000012663 0.0000439969 0.0077397656 0.0017886632 0.0000036131 0.0039231419 0.0000641466 0.0026652850
1403637206.78826 1.262399 -3.418843 0.023107 0.762633 -0.284882 0.545696 0.198616 0.0003647504 -0.0000030688 -0.0001254258 0.0000003011 0.0000009975 0.0000434568 0.0077117428 0.0017805735 0.0000036484 0.0039210231 0.0000641693 0.0026653228
1403637206.83826 1.260096 -3.408214 0.024910 0.762565 -0.284964 0.545517 0.199253 0.0003647804 -0.0000027014 -0.0001253857 0.0000002955 0.0000008706 0.0000434255 0.0076831379 0.0017721006 0.0000036819 0.0039187019 0.0000641902 0.0026653598
1403637206.88826 1.257377 -3.396490 0.027686 0.761814 -0.284948 0.546240 0.200162 0.0003653817 -0.0000024440 -0.0001246058 0.0000002918 0.0000007754 0.0000428200 0.0076537992 0.0017630270 0.0000036933 0.0039159166 0.0000642321 0.0026653705
1403637206.93826 1.254018 -3.384917 0.031584 0.760757 -0.284906 0.547666 0.200346 0.0003662390 -0.0000027868 -0.0001234715 0.0000002967 0.0000008815 0.0000419513 0.0076201996 0.0017518695 0.0000037236 0.0039122875 0.0000642365 0.0026654123
1403637206.98826 1.250812 -3.373362 0.036636 0.760460 -0.285282 0.547718 0.200797 0.0003663535 -0.0000027369 -0.0001233126 0.0000002961 0.0000008630 0.0000418310 0.0075897817 0.0017417315 0.0000037537 0.0039089777 0.0000642410 0.0026654463
1403637207.03826 1.247744 -3.362038 0.043749 0.760010 -0.285722 0.547942 0.201264 0.0003665718 -0.0000027678 -0.0001230151 0.0000002967 0.0000008705 0.0000416058 0.0075603124 0.0017322004 0.0000037868 0.0039060069 0.0000642458 0.0026654800
1403637207.08826 1.244148 -3.350286 0.051453 0.760261 -0.286519 0.547240 0.201094 0.0003661251 -0.0000030059 -0.0001235884 0.0000003006 0.0000009563 0.0000420425 0.0075287110 0.0017214533 0.0000038221 0.0039024176 0.0000642504 0.0026655136
1403637207.13826 1.240123 -3.337751 0.058038 0.759136 -0.287060 0.548245 0.201833 0.0003668430 -0.0000032011 -0.0001226279 0.0000003041 0.0000010116 0.0000413152 0.0074968448 0.0017102047 0.0000038606 0.0038984754 0.0000642597 0.0026655475
1403637207.18826 1.235717 -3.324873 0.062855 0.758914 -0.287921 0.548024 0.202043 0.0003667501 -0.0000034228 -0.0001227367 0.0000003083 0.0000010870 0.0000413982 0.0074626008 0.0016979627 0.0000038983 0.0038941241 0.0000642691 0.0026655809
1403637207.23826 1.230929 -3.311752 0.065959 0.757669 -0.288250 0.549369 0.202590 0.0003676176 -0.0000037386 -0.0001215612 0.0000003145 0.0000011778 0.0000405190 0.0074280284 0.0016852841 0.0000039366 0.0038894795 0.0000642825 0.0026656157
1403637207.28826 1.225522 -3.298316 0.066593 0.757680 -0.289145 0.548875 0.202615 0.0003673358 -0.0000039926 -0.0001219233 0.0000003201 0.0000012666 0.0000407898 0.0073932201 0.0016717158 0.0000039726 0.0038841684 0.0000642960 0.0026656475
1403637207.33826 1.219559 -3.284740 0.065326 0.757669 -0.289899 0.548494 0.202608 0.0003671103 -0.0000042309 -0.0001222090 0.0000003256 0.0000013498 0.0000410046 0.0073578038 0.0016573232 0.0000040037 0.0038782982 0.0000643044 0.0026656768
1403637207.38826 1.212883 -3.271089 0.062643 0.757654 -0.290001 0.548243 0.203198 0.0003670949 -0.0000038735 -0.0001222338 0.0000003179 0.0000012310 0.0000410226 0.0073223674 0.0016419225 0.0000040276 0.0038716345 0.0000643048 0.0026657003
1403637207.43826 1.205623 -3.257097 0.058725 0.757403 -0.290423 0.548200 0.203644 0.0003671587 -0.0000038187 -0.0001221430 0.0000003169 0.0000012114 0.0000409548 0.0072865322 0.0016256025 0.0000040442 0.0038643095 0.0000642975 0.0026657203
1403637207.48826 1.197528 -3.242426 0.052931 0.757402 -0.291211 0.547812 0.203571 0.0003669132 -0.0000041126 -0.0001224521 0.0000003234 0.0000013137 0.0000411879 0.0072495858 0.0016084275 0.0000040181 0.0038563042 0.0000643192 0.0026657025
1403637207.53826 1.189148 -3.227701 0.045853 0.758238 -0.292586 0.546304 0.202536 0.0003658176 -0.0000048145 -0.0001238636 0.0000003408 0.0000015713 0.0000422615 0.0072112205 0.0015898626 0.0000040271 0.0038476291 0.0000642936 0.0026657270
1403637207.58826 1.180549 -3.212757 0.037865 0.759447 -0.295787 0.544209 0.198965 0.0003637539 -0.0000075707 -0.0001263718 0.0000004350 0.0000025719 0.0000442264 0.0071731319 0.0015716050 0.0000040309 0.0038391653 0.0000642640 0.0026657518
1403637207.63826 1.171745 -3.197881 0.030068 0.761963 -0.300209 0.540360 0.193129 0.0003600096 -0.0000115096 -0.0001306712 0.0000006453 0.0000041202 0.0000477558 0.0071354697 0.0015531816 0.0000040229 0.0038305213 0.0000642184 0.0026657677
1403637207.68826 1.162325 -3.183619 0.024085 0.763828 -0.303605 0.537335 0.188846 0.0003570333 -0.0000143864 -0.0001338594 0.0000008571 0.0000053371 0.0000505159 0.0070996093 0.0015343829 0.0000040076 0.0038213293 0.0000641597 0.0026657754
1403637207.73826 1.153068 -3.170634 0.020523 0.765212 -0.304726 0.535148 0.187642 0.0003553771 -0.0000148079 -0.0001356775 0.0000008946 0.0000055968 0.0000521302 0.0070672583 0.0015165352 0.0000039894 0.0038123633 0.0000640926 0.0026657763
1403637207.78826 1.143301 -3.158627 0.020027 0.765374 -0.304181 0.534786 0.188892 0.0003554994 -0.0000137579 -0.0001356458 0.0000008103 0.0000051925 0.0000520882 0.0070375530 0.0014988087 0.0000039843 0.0038031380 0.0000640159 0.0026657868
1403637207.83826 1.132679 -3.146308 0.021913 0.765017 -0.302943 0.535103 0.191415 0.0003563784 -0.0000119383 -0.0001348255 0.0000006782 0.0000044589 0.0000513372 0.0070092081 0.0014804018 0.0000039774 0.0037931559 0.0000639429 0.0026657874
1403637207.88827 1.122027 -3.135077 0.026684 0.764834 -0.301128 0.535159 0.194824 0.0003573289 -0.0000092501 -0.0001339509 0.0000005182 0.0000034091 0.0000505429 0.0069807265 0.0014614638 0.0000039790 0.0037828720 0.0000638691 0.0026657948
1403637207.93827 1.112215 -3.125265 0.034535 0.764127 -0.299448 0.536060 0.197686 0.0003586109 -0.0000072215 -0.0001325902 0.0000004246 0.0000026109 0.0000493509 0.0069563485 0.0014449078 0.0000039879 0.0037738388 0.0000638046 0.0026657991
1403637207.98827 1.102154 -3.115693 0.045189 0.763690 -0.298148 0.536536 0.200036 0.0003594823 -0.0000054964 -0.0001316454 0.0000003636 0.0000019531 0.0000485369 0.0069325859 0.0014280605 0.0000040079 0.0037645157 0.0000637525 0.0026658056
1403637208.03827 1.091723 -3.106518 0.058059 0.763567 -0.296862 0.536589 0.202264 0.0003600630 -0.0000036953 -0.0001310142 0.0000003178 0.0000012843 0.0000479982 0.0069085534 0.0014106418 0.0000040368 0.0037547923 0.0000637307 0.0026657995
1403637208.08827 1.082011 -3.098068 0.072408 0.763703 -0.296039 0.536203 0.203973 0.0003602394 -0.0000022407 -0.0001308308 0.0000002941 0.0000007531 0.0000478412 0.0068873159 0.0013947418 0.0000040617 0.0037457530 0.0000637344 0.0026657770
1403637208.13827 1.072384 -3.088996 0.087971 0.763923 -0.295551 0.535734 0.205087 0.0003602179 -0.0000012559 -0.0001308643 0.0000002849 0.0000003952 0.0000478684 0.0068667249 0.0013794317 0.0000041129 0.0037372183 0.0000637207 0.0026657841
1403637208.18827 1.063162 -3.080098 0.104838 0.763361 -0.294558 0.536289 0.207148 0.0003610223 0.0000001428 -0.0001298988 0.0000002809 -0.0000001129 0.0000470643 0.0068450299 0.0013642460 0.0000041701 0.0037289603 0.0000637185 0.0026657915
1403637208.23827 1.054214 -3.070935 0.120976 0.763906 -0.295255 0.535171 0.207034 0.0003603275 0.0000001295 -0.0001307287 0.0000002812 -0.0000001086 0.0000477552 0.0068230428 0.0013492333 0.0000042407 0.0037208792 0.0000637323 0.0026657863
1403637208.28827 1.045727 -3.061951 0.135772 0.762653 -0.298352 0.536586 0.203526 0.0003603306 -0.0000037075 -0.0001306678 0.0000003192 0.0000012839 0.0000477104 0.0068003524 0.0013350211 0.0000043114 0.0037135173 0.0000637599 0.0026658075
1403637208.33827 1.037393 -3.053425 0.148870 0.760980 -0.301376 0.538516 0.200205 0.0003606144 -0.0000075975 -0.0001301541 0.0000004411 0.0000026826 0.0000473011 0.0067793925 0.0013211945 0.0000043832 0.0037062305 0.0000637973 0.0026658242
1403637208.38827 1.029165 -3.045432 0.160183 0.759603 -0.303678 0.540042 0.197831 0.0003608547 -0.0000104998 -0.0001296571 0.0000005866 0.0000037139 0.0000469115 0.0067598910 0.0013078979 0.0000044564 0.0036991591 0.0000638431 0.0026658402
1403637208.43827 1.020851 -3.037870 0.169884 0.758560 -0.304428 0.540995 0.198075 0.0003614370 -0.0000110556 -0.0001288979 0.0000006195 0.0000038841 0.0000462926 0.0067418114 0.0012947733 0.0000045312 0.0036920436 0.0000638945 0.0026658574
1403637208.48827 1.012202 -3.030893 0.177427 0.758434 -0.304492 0.540873 0.198792 0.0003615396 -0.0000106541 -0.0001288010 0.0000005956 0.0000037368 0.0000462103 0.0067250780 0.0012815708 0.0000046040 0.0036847163 0.0000639459 0.0026658707
1403637208.53827 1.003364 -3.024547 0.183641 0.757774 -0.303944 0.541572 0.200242 0.0003623100 -0.0000098583 -0.0001279117 0.0000005501 0.0000034214 0.0000454819 0.0067099536 0.0012685819 0.0000046726 0.0036773713 0.0000640015 0.0026658688
1403637208.58827 0.993941 -3.018097 0.188238 0.758119 -0.302729 0.540740 0.203004 0.0003625330 -0.0000074983 -0.0001277904 0.0000004374 0.0000025834 0.0000453683 0.0066956891 0.0012549561 0.0000047417 0.0036695032 0.0000640400 0.0026658817
1403637208.63827 0.984382 -3.011925 0.191628 0.758261 -0.301610 0.540485 0.204811 0.0003628381 -0.0000059017 -0.0001274898 0.0000003786 0.0000020135 0.0000451186 0.0066808140 0.0012411991 0.0000048047 0.0036616547 0.0000640748 0.0026658912
1403637208.68827 0.974826 -3.005968 0.193880 0.758416 -0.300342 0.540081 0.207155 0.0003631749 -0.0000038919 -0.0001271412 0.0000003246 0.0000013017 0.0000448323 0.0066665122 0.0012275223 0.0000048585 0.0036538177 0.0000641141 0.0026658862
1403637208.73827 0.965079 -2.999784 0.194633 0.757874 -0.299479 0.540785 0.208545 0.0003639082 -0.0000029761 -0.0001262383 0.0000003076 0.0000009713 0.0000441133 0.0066524737 0.0012139992 0.0000049070 0.0036461086 0.0000641380 0.0026658932
1403637208.78827 0.955228 -2.993522 0.193987 0.757341 -0.298897 0.541528 0.209386 0.0003645292 -0.0000025031 -0.0001254537 0.0000003007 0.0000008002 0.0000434963 0.0066373680 0.0012000696 0.0000049499 0.0036382847 0.0000641598 0.0026658997
1403637208.83827 0.945247 -2.987228 0.191807 0.757322 -0.298462 0.541456 0.210261 0.0003646886 -0.0000017989 -0.0001252569 0.0000002927 0.0000005563 0.0000433420 0.0066224772 0.0011860319 0.0000049805 0.0036303994 0.0000641676 0.0026658779
1403637208.88827 0.935102 -2.980871 0.188365 0.758001 -0.297447 0.540411 0.211932 0.0003644688 -0.0000000476 -0.0001255464 0.0000002843 -0.0000000457 0.0000435673 0.0066076845 0.0011719132 0.0000050089 0.0036224971 0.0000641764 0.0026658757
1403637208.93827 0.924818 -2.974292 0.183522 0.759066 -0.294558 0.538848 0.216094 0.0003644701 0.0000041155 -0.0001254721 0.0000003314 -0.0000014801 0.0000435158 0.0065925985 0.0011576487 0.0000050310 0.0036145744 0.0000641778 0.0026658685
1403637208.98827 0.914464 -2.967068 0.176993 0.760549 -0.291150 0.536437 0.221434 0.0003641330 0.0000094391 -0.0001256098 0.0000005306 -0.0000033210 0.0000436507 0.0065763808 0.0011431898 0.0000050444 0.0036066902 0.0000641671 0.0026658549
1403637209.03827 0.904467 -2.959137 0.169122 0.762025 -0.287595 0.534044 0.226725 0.0003636710 0.0000147844 -0.0001256771 0.0000008881 -0.0000051757 0.0000437522 0.0065584368 0.0011287319 0.0000050458 0.0035990198 0.0000641578 0.0026658303
1403637209.08827 0.895190 -2.950229 0.160109 0.763496 -0.283748 0.532219 0.230879 0.0003632056 0.0000194437 -0.0001256285 0.0000013289 -0.0000067933 0.0000437745 0.0065378386 0.0011149231 0.0000050445 0.0035921220 0.0000641333 0.0026658225
1403637209.13827 0.887205 -2.939901 0.151766 0.764335 -0.279803 0.532599 0.232035 0.0003634349 0.0000218119 -0.0001249427 0.0000015971 -0.0000075672 0.0000432744 0.0065139058 0.0011017954 0.0000050248 0.0035860079 0.0000641211 0.0026657902
1403637209.18827 0.880779 -2.927894 0.143776 0.766317 -0.277662 0.533158 0.226727 0.0003626819 0.0000197698 -0.0001262304 0.0000013644 -0.0000069492 0.0000442576 0.0064865173 0.0010901798 0.0000050173 0.0035813021 0.0000640771 0.0026658006
1403637209.23827 0.875716 -2.914683 0.137441 0.767925 -0.276255 0.535393 0.217551 0.0003622509 0.0000147296 -0.0001274506 0.0000008834 -0.0000052495 0.0000451669 0.0064557390 0.0010795647 0.0000050059 0.0035776223 0.0000640290 0.0026658165
1403637209.28827 0.871308 -2.900161 0.132044 0.771321 -0.273995 0.535414 0.208138 0.0003603469 0.0000106255 -0.0001301738 0.0000005954 -0.0000039046 0.0000473546 0.0064237136 0.0010695611 0.0000049719 0.0035742426 0.0000640363 0.0026657872
1403637209.33827 0.867216 -2.885335 0.129668 0.774570 -0.271131 0.535295 0.199970 0.0003585688 0.0000074723 -0.0001324911 0.0000004358 -0.0000028264 0.0000492890 0.0063893930 0.0010592141 0.0000049618 0.0035711527 0.0000639762 0.0026658183
1403637209.38827 0.863425 -2.870315 0.128849 0.778233 -0.268096 0.533860 0.193575 0.0003563153 0.0000057444 -0.0001351555 0.0000003711 -0.0000022440 0.0000516038 0.0063556170 0.0010493617 0.0000049505 0.0035683408 0.0000639159 0.0026658497
1403637209.43827 0.860522 -2.855605 0.129726 0.781998 -0.265232 0.531602 0.188493 0.0003537931 0.0000048729 -0.0001379741 0.0000003444 -0.0000019653 0.0000541492 0.0063228638 0.0010407225 0.0000049394 0.0035662281 0.0000638622 0.0026658841
1403637209.48827 0.858543 -2.841106 0.131939 0.787087 -0.262660 0.527066 0.183590 0.0003497996 0.0000045907 -0.0001421920 0.0000003365 -0.0000019313 0.0000581470 0.0062909113 0.0010333073 0.0000049297 0.0035648440 0.0000638150 0.0026659230
1403637209.53827 0.857708 -2.827272 0.135512 0.793006 -0.260255 0.520819 0.179323 0.0003447055 0.0000050049 -0.0001472163 0.0000003481 -0.0000022033 0.0000632259 0.0062602606 0.0010272932 0.0000049186 0.0035642583 0.0000637719 0.0026659616
1403637209.58827 0.858496 -2.814354 0.140490 0.799166 -0.258422 0.513608 0.175382 0.0003388827 0.0000055331 -0.0001525463 0.0000003653 -0.0000025573 0.0000690281 0.0062326094 0.0010236694 0.0000049101 0.0035649583 0.0000637343 0.0026660005
1403637209.63827 0.861510 -2.802684 0.147389 0.804520 -0.257228 0.507172 0.171343 0.0003334404 0.0000054557 -0.0001571896 0.0000003638 -0.0000026390 0.0000744693 0.0062075334 0.0010228471 0.0000049095 0.0035672922 0.0000636989 0.0026660439
1403637209.68827 0.866243 -2.791692 0.156114 0.808406 -0.256241 0.502580 0.168026 0.0003293846 0.0000051735 -0.0001604493 0.0000003555 -0.0000025875 0.0000785307 0.0061838486 0.0010238874 0.0000049061 0.0035707617 0.0000636727 0.0026660898
1403637209.73827 0.874437 -2.782670 0.166163 0.811244 -0.255626 0.499184 0.165390 0.0003263032 0.0000047967 -0.0001628184 0.0000003447 -0.0000024610 0.0000816202 0.0061648544 0.0010295356 0.0000049019 0.0035768732 0.0000636641 0.0026661374
1403637209.78828 0.886325 -2.776021 0.177608 0.813050 -0.255105 0.496981 0.163951 0.0003243477 0.0000047476 -0.0001642672 0.0000003437 -0.0000024721 0.0000835739 0.0061508734 0.0010400232 0.0000049004 0.0035858182 0.0000636764 0.0026661908
1403637209.83828 0.900737 -2.770736 0.188926 0.814650 -0.254898 0.494780 0.162989 0.0003224883 0.0000048391 -0.0001656075 0.0000003470 -0.0000025529 0.0000854273 0.0061399746 0.0010537069 0.0000049029 0.0035967743 0.0000637082 0.0026662520
1403637209.88828 0.917755 -2.767135 0.199002 0.815947 -0.255948 0.492860 0.160656 0.0003205388 0.0000035859 -0.0001670136 0.0000003145 -0.0000019359 0.0000874062 0.0061319507 0.0010706567 0.0000049017 0.0036096573 0.0000638019 0.0026663077
1403637209.93828 0.936933 -2.764263 0.206207 0.817879 -0.256893 0.489644 0.159148 0.0003177724 0.0000031609 -0.0001689166 0.0000003062 -0.0000017479 0.0000901791 0.0061276039 0.0010905590 0.0000049142 0.0036246745 0.0000638667 0.0026663879
1403637209.98828 0.958338 -2.762908 0.208814 0.820500 -0.257438 0.485306 0.158061 0.0003142289 0.0000034105 -0.0001712430 0.0000003123 -0.0000019269 0.0000937148 0.0061252458 0.0011130283 0.0000049256 0.0036416388 0.0000639455 0.0026664730
1403637210.03828 0.981901 -2.762885 0.207186 0.823680 -0.258219 0.479890 0.156780 0.0003097730 0.0000037212 -0.0001740220 0.0000003205 -0.0000021596 0.0000981606 0.0061252589 0.0011382674 0.0000049366 0.0036607425 0.0000640340 0.0026665506
1403637210.08828 1.008305 -2.764315 0.201624 0.826600 -0.259192 0.474613 0.155865 0.0003054616 0.0000041163 -0.0001765600 0.0000003320 -0.0000024493 0.0001024592 0.0061295036 0.0011673945 0.0000049401 0.0036827023 0.0000641175 0.0026666424
1403637210.13828 1.037517 -2.767182 0.191855 0.829115 -0.260915 0.469988 0.153632 0.0003013073 0.0000033359 -0.0001788978 0.0000003139 -0.0000020509 0.0001066301 0.0061360353 0.0012000406 0.0000049340 0.0037076474 0.0000642024 0.0026667355
1403637210.18828 1.070287 -2.772166 0.179247 0.832093 -0.262186 0.464507 0.152027 0.0002965817 0.0000032817 -0.0001813882 0.0000003139 -0.0000020781 0.0001113548 0.0061472400 0.0012374947 0.0000049131 0.0037364150 0.0000642820 0.0026668296
1403637210.23828 1.107097 -2.779145 0.164991 0.834531 -0.263351 0.459951 0.150498 0.0002925702 0.0000030913 -0.0001833827 0.0000003109 -0.0000020093 0.0001153690 0.0061629593 0.0012804151 0.0000048788 0.0037697865 0.0000643666 0.0026669341
1403637210.28828 1.148247 -2.788718 0.150274 0.836664 -0.263777 0.456040 0.149808 0.0002892538 0.0000034717 -0.0001849401 0.0000003206 -0.0000022923 0.0001186757 0.0061840341 0.0013294745 0.0000048255 0.0038084721 0.0000644568 0.0026670367
1403637210.33828 1.194021 -2.800786 0.135528 0.837760 -0.264514 0.453957 0.148708 0.0002873005 0.0000030887 -0.0001858345 0.0000003126 -0.0000020706 0.0001206377 0.0062109259 0.0013849716 0.0000047603 0.0038528987 0.0000645557 0.0026671147
1403637210.38828 1.244437 -2.815669 0.121002 0.838694 -0.264999 0.452149 0.148085 0.0002856888 0.0000030014 -0.0001865495 0.0000003116 -0.0000020331 0.0001222511 0.0062431010 0.0014472887 0.0000046889 0.0039039085 0.0000646201 0.0026672260
1403637210.43828 1.299936 -2.833716 0.107141 0.837947 -0.264531 0.453664 0.148514 0.0002870261 0.0000030501 -0.0001859566 0.0000003131 -0.0000020494 0.0001209133 0.0062826535 0.0015175606 0.0000046163 0.0039624453 0.0000646956 0.0026673454
1403637210.53828 1.425200 -2.878612 0.082105 0.831511 -0.261293 0.465796 0.152809 0.0002978067 0.0000037466 -0.0001807469 0.0000003297 -0.0000023470 0.0001101250 0.0063847126 0.0016817103 0.0000044602 0.0041036653 0.0000649000 0.0026677037
1403637210.58828 1.493354 -2.903373 0.069880 0.827924 -0.260362 0.472305 0.153889 0.0003031988 0.0000031327 -0.0001778549 0.0000003149 -0.0000019100 0.0001047467 0.0064409281 0.0017740783 0.0000044143 0.0041865022 0.0000649542 0.0026677526
1403637210.63828 1.564699 -2.930364 0.057215 0.824164 -0.259610 0.479058 0.154469 0.0003085954 0.0000021004 -0.0001747493 0.0000002966 -0.0000012609 0.0000993670 0.0065013870 0.0018718098 0.0000043809 0.0042764891 0.0000650179 0.0026678178
1403637210.68828 1.638627 -2.959330 0.043828 0.821335 -0.258492 0.484226 0.155295 0.0003127619 0.0000017178 -0.0001721888 0.0000002914 -0.0000010169 0.0000952034 0.0065675228 0.0019756657 0.0000043365 0.0043741574 0.0000650690 0.0026678228
1403637210.73828 1.715538 -2.989600 0.029180 0.819347 -0.258258 0.487872 0.154773 0.0003154032 0.0000006055 -0.0001704969 0.0000002828 -0.0000003980 0.0000925683 0.0066385515 0.0020855662 0.0000042996 0.0044800371 0.0000651174 0.0026678867
1403637210.78828 1.794875 -3.020701 0.013033 0.816662 -0.260488 0.492425 0.150752 0.0003178362 -0.0000036948 -0.0001688405 0.0000003239 0.0000018941 0.0000900916 0.0067127791 0.0022014217 0.0000042652 0.0045948607 0.0000651798 0.0026679765
1403637210.83828 1.876035 -3.053168 -0.003735 0.814014 -0.262273 0.496766 0.147708 0.0003202840 -0.0000072414 -0.0001670443 0.0000004435 0.0000037108 0.0000875178 0.0067897705 0.0023219918 0.0000041646 0.0047172308 0.0000651114 0.0026678284
1403637210.88828 1.958755 -3.088354 -0.021234 0.810933 -0.264908 0.501477 0.143990 0.0003227403 -0.0000116314 -0.0001650539 0.0000006987 0.0000058842 0.0000848035 0.0068710683 0.0024475877 0.0000041161 0.0048476417 0.0000651801 0.0026679445
1403637210.93828 2.043242 -3.124572 -0.039455 0.806236 -0.267262 0.508677 0.140722 0.0003269672 -0.0000163975 -0.0001615128 0.0000011016 0.0000080375 0.0000801702 0.0069607179 0.0025802136 0.0000040563 0.0049866469 0.0000652568 0.0026680390
1403637210.98828 2.128661 -3.163213 -0.058605 0.801395 -0.268671 0.515932 0.139270 0.0003315921 -0.0000198271 -0.0001574865 0.0000014646 0.0000093553 0.0000751785 0.0070543039 0.0027173535 0.0000039856 0.0051328996 0.0000653406 0.0026681344
1403637211.03828 2.214444 -3.203651 -0.078451 0.796466 -0.269833 0.523139 0.138410 0.0003361930 -0.0000228601 -0.0001532180 0.0000018336 0.0000103577 0.0000702046 0.0071549665 0.0028600287 0.0000038980 0.0052861597 0.0000654176 0.0026682433
1403637211.08828 2.300336 -3.245745 -0.099207 0.791838 -0.271677 0.529531 0.137042 0.0003399300 -0.0000262796 -0.0001493456 0.0000023109 0.0000114857 0.0000659857 0.0072613639 0.0030071858 0.0000037923 0.0054454407 0.0000654962 0.0026683433
1403637211.13829 2.385849 -3.289352 -0.121330 0.789679 -0.271276 0.532430 0.139048 0.0003423564 -0.0000258450 -0.0001471711 0.0000022305 0.0000110493 0.0000636347 0.0073735629 0.0031585472 0.0000036673 0.0056101195 0.0000655743 0.0026684311
1403637211.18829 2.471575 -3.334466 -0.143797 0.788347 -0.268877 0.534190 0.144411 0.0003450220 -0.0000223160 -0.0001451974 0.0000017230 0.0000093287 0.0000614708 0.0074915904 0.0033144872 0.0000035272 0.0057805541 0.0000656639 0.0026684881
1403637211.23829 2.556859 -3.381113 -0.166830 0.786247 -0.266586 0.537024 0.149505 0.0003482227 -0.0000192830 -0.0001424545 0.0000013478 0.0000078241 0.0000586404 0.0076135266 0.0034742099 0.0000033736 0.0059566081 0.0000657607 0.0026685741
1403637211.28829 2.641196 -3.429655 -0.190501 0.783559 -0.264313 0.540386 0.155425 0.0003518663 -0.0000159271 -0.0001390865 0.0000010013 0.0000062296 0.0000553383 0.0077409231 0.0036386044 0.0000031839 0.0061385100 0.0000658517 0.0026685749
1403637211.33829 2.725157 -3.478523 -0.214698 0.780494 -0.262679 0.544097 0.160582 0.0003554159 -0.0000133754 -0.0001354825 0.0000007844 0.0000050311 0.0000520013 0.0078745086 0.0038061326 0.0000030024 0.0063231212 0.0000659458 0.0026686398
1403637211.38829 2.808705 -3.527624 -0.239974 0.777713 -0.261696 0.547469 0.164181 0.0003582967 -0.0000118912 -0.0001323268 0.0000006762 0.0000043232 0.0000492245 0.0080100663 0.0039764474 0.0000028096 0.0065125765 0.0000660546 0.0026686993
1403637211.43829 2.891688 -3.576549 -0.265959 0.776236 -0.261263 0.549056 0.166544 0.0003597724 -0.0000108098 -0.0001306732 0.0000006066 0.0000038571 0.0000478133 0.0081469063 0.0041486483 0.0000025419 0.0067057420 0.0000661353 0.0026686785
1403637211.48829 2.973221 -3.625809 -0.293769 0.775262 -0.261481 0.550007 0.167595 0.0003605642 -0.0000106408 -0.0001297310 0.0000005961 0.0000037589 0.0000470280 0.0082860370 0.0043239298 0.0000023135 0.0069039330 0.0000662568 0.0026687223
1403637211.53829 3.053798 -3.674834 -0.322156 0.776225 -0.262719 0.548437 0.166345 0.0003593180 -0.0000114510 -0.0001311466 0.0000006470 0.0000041096 0.0000482191 0.0084268932 0.0044995817 0.0000020860 0.0071027933 0.0000664115 0.0026687463
1403637211.58830 3.132888 -3.723859 -0.348989 0.777714 -0.263949 0.546036 0.165336 0.0003576267 -0.0000118536 -0.0001330805 0.0000006746 0.0000043409 0.0000498755 0.0085699636 0.0046769995 0.0000018215 0.0073041479 0.0000665664 0.0026685903
1403637211.63830 3.211300 -3.772973 -0.373441 0.779003 -0.265025 0.544172 0.163686 0.0003560727 -0.0000127162 -0.0001347700 0.0000007359 0.0000047427 0.0000513648 0.0087154883 0.0048559185 0.0000015965 0.0075074486 0.0000667224 0.0026686946
1403637211.68830 3.288245 -3.822140 -0.396305 0.779713 -0.266450 0.543108 0.161512 0.0003548717 -0.0000142750 -0.0001359531 0.0000008560 0.0000053986 0.0000524420 0.0088620581 0.0050362906 0.0000013694 0.0077134808 0.0000668737 0.0026687896
1403637211.73830 3.365086 -3.871607 -0.417201 0.782439 -0.269227 0.539046 0.157274 0.0003512459 -0.0000166817 -0.0001396012 0.0000010740 0.0000065602 0.0000558459 0.0090134635 0.0052199906 0.0000011375 0.0079225182 0.0000670245 0.0026688917
1403637211.78830 3.441066 -3.921744 -0.436026 0.784706 -0.272696 0.535565 0.151798 0.0003475370 -0.0000202580 -0.0001429462 0.0000014624 0.0000082634 0.0000591620 0.0091663681 0.0054051687 0.0000009121 0.0081339399 0.0000671947 0.0026690093
1403637211.83829 3.516475 -3.972786 -0.452908 0.786289 -0.276731 0.532855 0.145723 0.0003440065 -0.0000245978 -0.0001457352 0.0000020403 0.0000103530 0.0000621101 0.0093250620 0.0055943990 0.0000007013 0.0083486737 0.0000673724 0.0026691025
1403637211.88829 3.590967 -4.025395 -0.467165 0.787883 -0.278468 0.530235 0.143344 0.0003415726 -0.0000258827 -0.0001478101 0.0000022428 0.0000111330 0.0000643365 0.0094923802 0.0057888288 0.0000005124 0.0085662797 0.0000675618 0.0026692033
1403637211.93829 3.664679 -4.079422 -0.479013 0.788789 -0.278136 0.528836 0.144169 0.0003409106 -0.0000248448 -0.0001485935 0.0000020925 0.0000107613 0.0000651437 0.0096653496 0.0059855909 0.0000003895 0.0087838701 0.0000677803 0.0026693237
1403637211.98829 3.739323 -4.134987 -0.489427 0.788427 -0.276159 0.529585 0.147168 0.0003423072 -0.0000225626 -0.0001476531 0.0000017693 0.0000096634 0.0000640655 0.0098471719 0.0061893906 0.0000002165 0.0090072880 0.0000679654 0.0026694294
1403637212.03829 3.814843 -4.191862 -0.496401 0.786784 -0.272876 0.532111 0.152864 0.0003455706 -0.0000186964 -0.0001450683 0.0000012942 0.0000077782 0.0000612725 0.0100360631 0.0064004563 0.0000000866 0.0092384506 0.0000681576 0.0026695218
1403637212.08829 3.892390 -4.248790 -0.501458 0.783074 -0.269631 0.537611 0.158327 0.0003505510 -0.0000158683 -0.0001403716 0.0000010012 0.0000062828 0.0000565785 0.0102279810 0.0066162942 -0.0000000186 0.0094760508 0.0000683138 0.0026695094
1403637212.13829 3.967055 -4.306404 -0.503745 0.778800 -0.266732 0.543940 0.162647 0.0003555880 -0.0000140213 -0.0001351103 0.0000008361 0.0000052556 0.0000517021 0.0104207391 0.0068375851 -0.0000001706 0.0097238076 0.0000684493 0.0026695892
1403637212.18829 4.040228 -4.364535 -0.504673 0.775131 -0.264255 0.548998 0.167159 0.0003597279 -0.0000118607 -0.0001305221 0.0000006745 0.0000042309 0.0000477198 0.0106182130 0.0070580434 -0.0000002062 0.0099659391 0.0000686192 0.0026696088
1403637212.23829 4.112999 -4.422679 -0.505204 0.772067 -0.262922 0.553142 0.169762 0.0003627596 -0.0000110391 -0.0001268833 0.0000006197 0.0000037883 0.0000447399 0.0108189582 0.0072791667 -0.0000002403 0.0102066321 0.0000687883 0.0026696252
1403637212.28829 4.184985 -4.480477 -0.504101 0.770484 -0.261653 0.555249 0.172018 0.0003644822 -0.0000098111 -0.0001247926 0.0000005480 0.0000032859 0.0000430857 0.0110226900 0.0075034954 -0.0000002193 0.0104508429 0.0000689573 0.0026696204
1403637212.33829 4.256648 -4.537614 -0.500969 0.768628 -0.261233 0.557553 0.173503 0.0003661066 -0.0000095001 -0.0001226912 0.0000005304 0.0000031105 0.0000414741 0.0112266364 0.0077287804 -0.0000000137 0.0106964336 0.0000691140 0.0026694836
1403637212.38829 4.324845 -4.594048 -0.496656 0.767617 -0.261312 0.558537 0.174691 0.0003668885 -0.0000091683 -0.0001216713 0.0000005132 0.0000029671 0.0000407071 0.0114308230 0.0079549222 0.0000000044 0.0109440902 0.0000692493 0.0026695339
1403637212.43829 4.391285 -4.649051 -0.491278 0.767047 -0.261233 0.558873 0.176231 0.0003673840 -0.0000083813 -0.0001210572 0.0000004757 0.0000026880 0.0000402470 0.0116335194 0.0081750060 0.0000000707 0.0111814280 0.0000693643 0.0026695700
1403637212.48829 4.457092 -4.703825 -0.485258 0.768337 -0.261903 0.556756 0.176319 0.0003662124 -0.0000079922 -0.0001226471 0.0000004594 0.0000026025 0.0000414347 0.0118344104 0.0083935773 0.0000000055 0.0114182309 0.0000694905 0.0026697580
1403637212.53829 4.521021 -4.757767 -0.478158 0.770490 -0.262936 0.553310 0.176232 0.0003642113 -0.0000074707 -0.0001252813 0.0000004389 0.0000024952 0.0000434562 0.0120357919 0.0086119037 -0.0000000047 0.0116541373 0.0000696179 0.0026699298
1403637212.58829 4.584969 -4.811009 -0.470251 0.772759 -0.264633 0.549639 0.175243 0.0003618401 -0.0000077142 -0.0001282415 0.0000004509 0.0000026592 0.0000458156 0.0122383618 0.0088300948 0.0000000208 0.0118886974 0.0000697180 0.0026700745
1403637212.63829 4.647282 -4.864172 -0.461652 0.775694 -0.265936 0.544975 0.174870 0.0003589703 -0.0000071039 -0.0001317311 0.0000004281 0.0000025314 0.0000487099 0.0124411629 0.0090510795 0.0000000700 0.0121288291 0.0000698289 0.0026702335
1403637212.68829 4.709468 -4.918001 -0.452743 0.778179 -0.266906 0.541294 0.173778 0.0003564904 -0.0000070136 -0.0001345985 0.0000004262 0.0000025724 0.0000511911 0.0126451521 0.0092721311 0.0000004783 0.0123670143 0.0000699682 0.0026702257
1403637212.73829 4.770887 -4.970836 -0.441966 0.780214 -0.266732 0.538144 0.174704 0.0003547366 -0.0000055224 -0.0001366285 0.0000003752 0.0000020505 0.0000529970 0.0128577707 0.0094988727 0.0000006156 0.0126087376 0.0000700632 0.0026703465
1403637212.78829 4.833360 -5.023822 -0.430248 0.781165 -0.266144 0.536713 0.175750 0.0003540863 -0.0000042231 -0.0001373880 0.0000003405 0.0000015615 0.0000536828 0.0130674830 0.0097239451 0.0000007588 0.0128504784 0.0000701500 0.0026704721
1403637212.83829 4.894954 -5.077010 -0.418715 0.783008 -0.265791 0.533987 0.176381 0.0003525112 -0.0000028888 -0.0001391247 0.0000003149 0.0000010622 0.0000552863 0.0132807069 0.0099545576 0.0000008530 0.0131002917 0.0000702468 0.0026706595
1403637212.88829 4.956910 -5.130407 -0.406565 0.783649 -0.264654 0.533123 0.177858 0.0003522957 -0.0000012905 -0.0001393793 0.0000002971 0.0000004319 0.0000555228 0.0134967043 0.0101864350 0.0000009760 0.0133499789 0.0000703409 0.0026708397
1403637212.93829 5.018614 -5.183711 -0.393223 0.784326 -0.262906 0.532341 0.179794 0.0003522112 0.0000008114 -0.0001394735 0.0000002955 -0.0000004010 0.0000556122 0.0137160288 0.0104218614 0.0000011194 0.0136037466 0.0000704223 0.0026710194
1403637212.98828 5.081392 -5.237435 -0.379699 0.784989 -0.261056 0.531849 0.181047 0.0003521631 0.0000024993 -0.0001395053 0.0000003121 -0.0000010706 0.0000556466 0.0139359527 0.0106584633 0.0000012893 0.0138592319 0.0000704933 0.0026711823
1403637213.03828 5.144578 -5.290840 -0.366059 0.785387 -0.260542 0.531681 0.180556 0.0003519458 0.0000024977 -0.0001397373 0.0000003129 -0.0000010724 0.0000558666 0.0141603199 0.0109025037 0.0000014797 0.0141253150 0.0000705762 0.0026713419
1403637213.08828 5.208215 -5.344072 -0.353185 0.785196 -0.260764 0.532518 0.178590 0.0003520765 0.0000010571 -0.0001396186 0.0000002988 -0.0000004996 0.0000557536 0.0143845509 0.0111483614 0.0000016849 0.0143952083 0.0000706640 0.0026714954
1403637213.13828 5.272905 -5.396455 -0.342254 0.785657 -0.261215 0.532413 0.176198 0.0003514938 -0.0000004809 -0.0001402394 0.0000002968 0.0000001117 0.0000563422 0.0146113339 0.0113970717 0.0000019049 0.0146684434 0.0000707399 0.0026716465
1403637213.18828 5.336251 -5.447992 -0.333372 0.785576 -0.261666 0.533058 0.173925 0.0003514037 -0.0000021541 -0.0001403199 0.0000003097 0.0000007803 0.0000564228 0.0148379106 0.0116505039 0.0000021173 0.0149513851 0.0000708270 0.0026718004
1403637213.23828 5.400501 -5.499806 -0.326169 0.785298 -0.261563 0.533884 0.172801 0.0003516952 -0.0000029812 -0.0001399998 0.0000003224 0.0000011068 0.0000561228 0.0150628049 0.0119006253 0.0000023486 0.0152297038 0.0000709230 0.0026719546
1403637213.28828 5.464462 -5.551645 -0.320210 0.785378 -0.261652 0.534115 0.171582 0.0003515849 -0.0000037683 -0.0001400984 0.0000003382 0.0000014216 0.0000562204 0.0152903064 0.0121562758 0.0000025081 0.0155161596 0.0000710166 0.0026721256
1403637213.33828 5.529034 -5.603730 -0.314972 0.784627 -0.261265 0.535374 0.171687 0.0003524254 -0.0000039071 -0.0001392060 0.0000003422 0.0000014629 0.0000553811 0.0155214323 0.0124141391 0.0000026689 0.0158042385 0.0000711260 0.0026723717
1403637213.38828 5.593371 -5.655625 -0.310952 0.783975 -0.260450 0.536491 0.172411 0.0003533022 -0.0000034532 -0.0001382796 0.0000003336 0.0000012706 0.0000545180 0.0157544700 0.0126756547 0.0000028062 0.0160977390 0.0000712308 0.0026726365
1403637213.43828 5.657309 -5.707424 -0.308263 0.782679 -0.259810 0.538511 0.172967 0.0003547007 -0.0000034325 -0.0001367572 0.0000003341 0.0000012421 0.0000531247 0.0159889067 0.0129391366 0.0000029507 0.0163940629 0.0000713399 0.0026729030
1403637213.48828 5.720418 -5.758395 -0.308349 0.781715 -0.259144 0.539847 0.174159 0.0003558097 -0.0000028070 -0.0001355408 0.0000003240 0.0000009874 0.0000520294 0.0162235126 0.0132028834 0.0000029110 0.0166893931 0.0000714509 0.0026730266
1403637213.53828 5.783361 -5.808979 -0.308079 0.780993 -0.257906 0.541034 0.175545 0.0003568324 -0.0000018430 -0.0001344058 0.0000003126 0.0000006117 0.0000510238 0.0164567434 0.0134655564 0.0000029620 0.0169852653 0.0000715560 0.0026732698
1403637213.58828 5.846553 -5.859725 -0.308067 0.781009 -0.253380 0.541020 0.181989 0.0003581060 0.0000038795 -0.0001329016 0.0000003471 -0.0000015246 0.0000497215 0.0166913533 0.0137306458 0.0000029811 0.0172845629 0.0000716507 0.0026734913
1403637213.63828 5.910696 -5.909921 -0.309698 0.781665 -0.249867 0.540057 0.186827 0.0003583727 0.0000084860 -0.0001323809 0.0000005082 -0.0000032217 0.0000493012 0.0169262372 0.0139970256 0.0000030588 0.0175876617 0.0000717678 0.0026737678
1403637213.68828 5.974620 -5.959000 -0.313345 0.783447 -0.246167 0.537519 0.191535 0.0003575241 0.0000135420 -0.0001329503 0.0000008224 -0.0000051253 0.0000498424 0.0171591980 0.0142662620 0.0000030578 0.0178986172 0.0000718895 0.0026740078
1403637213.73828 6.039607 -6.007521 -0.317670 0.784376 -0.243539 0.536106 0.195023 0.0003571316 0.0000171114 -0.0001329957 0.0000011314 -0.0000064636 0.0000499327 0.0173876114 0.0145351623 0.0000030590 0.0182137107 0.0000720328 0.0026742624
1403637213.78828 6.104246 -6.053839 -0.323885 0.786258 -0.241974 0.533422 0.196743 0.0003556239 0.0000195007 -0.0001343927 0.0000013827 -0.0000074626 0.0000511970 0.0176149507 0.0148076787 0.0000030916 0.0185382238 0.0000721812 0.0026745375
1403637213.83828 6.170750 -6.099112 -0.330825 0.787219 -0.240375 0.532333 0.197805 0.0003550191 0.0000210922 -0.0001348377 0.0000015680 -0.0000081051 0.0000516237 0.0178332527 0.0150767387 0.0000030842 0.0188653745 0.0000723276 0.0026748241
1403637213.88828 6.236731 -6.143354 -0.339093 0.787874 -0.239127 0.531522 0.198888 0.0003546002 0.0000224986 -0.0001350840 0.0000017440 -0.0000086660 0.0000518742 0.0180499139 0.0153519153 0.0000030415 0.0192073738 0.0000724904 0.0026751025
1403637213.93828 6.301511 -6.186111 -0.349039 0.788752 -0.238699 0.530405 0.198906 0.0003538488 0.0000229965 -0.0001358390 0.0000018124 -0.0000089242 0.0000525646 0.0182612032 0.0156246149 0.0000029371 0.0195503562 0.0000726661 0.0026753545
1403637213.98828 6.370072 -6.227682 -0.356956 0.787505 -0.237108 0.532563 0.199980 0.0003553394 0.0000237435 -0.0001340512 0.0000019055 -0.0000090536 0.0000509883 0.0184683503 0.0158954903 0.0000028555 0.0198946923 0.0000728349 0.0026756302
1403637214.03828 6.440330 -6.267619 -0.363007 0.785873 -0.235315 0.536233 0.198709 0.0003574083 0.0000228763 -0.0001318363 0.0000017834 -0.0000085340 0.0000490475 0.0186671444 0.0161728396 0.0000026943 0.0202613628 0.0000729887 0.0026759245
1403637214.08828 6.511447 -6.305716 -0.367815 0.783893 -0.233389 0.541315 0.194984 0.0003599639 0.0000203084 -0.0001292378 0.0000014638 -0.0000073857 0.0000468181 0.0188588252 0.0164514667 0.0000024917 0.0206393076 0.0000732094 0.0026761821
1403637214.13828 6.583759 -6.341708 -0.370524 0.782359 -0.232558 0.546237 0.188299 0.0003619642 0.0000155793 -0.0001274583 0.0000009870 -0.0000055781 0.0000453011 0.0190442988 0.0167298270 0.0000023583 0.0210255240 0.0000733864 0.0026765011
1403637214.18828 6.654816 -6.376459 -0.371460 0.781197 -0.229709 0.551204 0.182042 0.0003639165 0.0000120246 -0.0001253973 0.0000007122 -0.0000042335 0.0000436300 0.0192200077 0.0170055784 0.0000022330 0.0214180996 0.0000735489 0.0026769092
1403637214.23828 6.725774 -6.409346 -0.370222 0.780797 -0.224997 0.555368 0.176915 0.0003654913 0.0000101765 -0.0001235344 0.0000005969 -0.0000035283 0.0000421774 0.0193937932 0.0172777942 0.0000021145 0.0218069345 0.0000737021 0.0026773216
1403637214.28828 6.795389 -6.440005 -0.367054 0.780638 -0.217965 0.559630 0.172944 0.0003672386 0.0000100733 -0.0001212295 0.0000005882 -0.0000034127 0.0000404447 0.0195577763 0.0175458013 0.0000019770 0.0221984434 0.0000738779 0.0026777248
1403637214.33828 6.863172 -6.468607 -0.362254 0.780543 -0.209463 0.564377 0.168393 0.0003691404 0.0000102670 -0.0001186138 0.0000005955 -0.0000033850 0.0000385416 0.0197074865 0.0178027221 0.0000018480 0.0225833371 0.0000739948 0.0026780989
1403637214.38827 6.934774 -6.497772 -0.357093 0.780877 -0.197786 0.568875 0.165809 0.0003710561 0.0000132194 -0.0001156060 0.0000007791 -0.0000042037 0.0000364494 0.0198480701 0.0180501445 0.0000017712 0.0229603710 0.0000741329 0.0026784687
1403637214.43827 7.004433 -6.524266 -0.350452 0.782485 -0.183958 0.571824 0.163996 0.0003719764 0.0000180115 -0.0001136128 0.0000011784 -0.0000055857 0.0000351361 0.0199902174 0.0183094058 0.0000017135 0.0233624728 0.0000742432 0.0026788798
1403637214.48827 7.070838 -6.548187 -0.342631 0.784385 -0.169289 0.574444 0.161544 0.0003724699 0.0000229805 -0.0001119785 0.0000017221 -0.0000069922 0.0000341049 0.0201169700 0.0185560036 0.0000016662 0.0237560713 0.0000743733 0.0026792868
1403637214.53828 7.137144 -6.569250 -0.333430 0.786008 -0.154166 0.577039 0.159532 0.0003728229 0.0000283955 -0.0001101957 0.0000024653 -0.0000084752 0.0000330152 0.0202308342 0.0187882064 0.0000016564 0.0241357011 0.0000744560 0.0026796811
1403637214.58828 7.201576 -6.587256 -0.322428 0.787589 -0.139798 0.578822 0.158512 0.0003726369 0.0000342277 -0.0001088201 0.0000034455 -0.0000100769 0.0000322273 0.0203287845 0.0190109602 0.0000016421 0.0245154654 0.0000745338 0.0026801060
1403637214.63828 7.265655 -6.601869 -0.309903 0.788067 -0.125934 0.581379 0.158394 0.0003727651 0.0000402287 -0.0001065502 0.0000046426 -0.0000115794 0.0000309081 0.0204097517 0.0192216779 0.0000016568 0.0248909481 0.0000745915 0.0026805265
1403637214.68828 7.328701 -6.612669 -0.295797 0.788245 -0.113730 0.583553 0.158746 0.0003726462 0.0000457910 -0.0001044784 0.0000059279 -0.0000129181 0.0000297469 0.0204716583 0.0194221246 0.0000017202 0.0252687089 0.0000746337 0.0026809425
1403637214.73827 7.390468 -6.619760 -0.280553 0.788460 -0.102532 0.584854 0.160512 0.0003719505 0.0000518260 -0.0001027715 0.0000075231 -0.0000143992 0.0000288528 0.0205121142 0.0196084073 0.0000017900 0.0256440580 0.0000746547 0.0026813705
1403637214.78827 7.450627 -6.622453 -0.265227 0.787963 -0.094367 0.586993 0.160150 0.0003720258 0.0000551078 -0.0001009289 0.0000084651 -0.0000150287 0.0000278394 0.0205284815 0.0197776574 0.0000020289 0.0260107476 0.0000744230 0.0026816580
1403637214.83827 7.510298 -6.620191 -0.248446 0.788154 -0.089251 0.588027 0.158340 0.0003719397 0.0000562831 -0.0001004264 0.0000088191 -0.0000152737 0.0000275755 0.0205212357 0.0199295917 0.0000020382 0.0263732752 0.0000744694 0.0026821145
1403637214.88827 7.566119 -6.612430 -0.233048 0.788516 -0.086018 0.588557 0.156344 0.0003718634 0.0000565324 -0.0001004172 0.0000088969 -0.0000153414 0.0000275773 0.0204871748 0.0200635491 0.0000022029 0.0267330332 0.0000744845 0.0026825605
1403637214.93827 7.622091 -6.601822 -0.218513 0.788339 -0.083710 0.589568 0.154672 0.0003721656 0.0000565172 -0.0000999245 0.0000088860 -0.0000152490 0.0000272913 0.0204251038 0.0201704720 0.0000022866 0.0270728388 0.0000745366 0.0026830502
1403637214.98827 7.676787 -6.587248 -0.205374 0.787510 -0.082391 0.591229 0.153258 0.0003729443 0.0000561101 -0.0000988400 0.0000087459 -0.0000149439 0.0000266577 0.0203488911 0.0202679945 0.0000023783 0.0274135630 0.0000746009 0.0026835364
1403637215.03827 7.729111 -6.568708 -0.194243 0.786754 -0.081973 0.592722 0.151587 0.0003737683 0.0000551446 -0.0000979737 0.0000084405 -0.0000145268 0.0000261440 0.0202530357 0.0203494814 0.0000025148 0.0277477795 0.0000746557 0.0026839944
1403637215.08827 7.778431 -6.545986 -0.183208 0.785251 -0.081455 0.594830 0.151404 0.0003748175 0.0000550385 -0.0000962004 0.0000083877 -0.0000141973 0.0000251526 0.0201355034 0.0204103415 0.0000026447 0.0280681297 0.0000747300 0.0026844498
1403637215.13827 7.828519 -6.520281 -0.174321 0.783694 -0.081431 0.596927 0.151231 0.0003759136 0.0000547161 -0.0000944221 0.0000082712 -0.0000138139 0.0000241778 0.0199984154 0.0204495723 0.0000027644 0.0283695370 0.0000748020 0.0026848972
1403637215.18827 7.875827 -6.490018 -0.165982 0.782173 -0.082179 0.598996 0.150518 0.0003771155 0.0000537012 -0.0000928021 0.0000079550 -0.0000132843 0.0000232965 0.0198447260 0.0204814604 0.0000028451 0.0286834291 0.0000749022 0.0026853567
1403637215.23827 7.918311 -6.453444 -0.159397 0.780791 -0.084264 0.601293 0.147351 0.0003786914 0.0000505843 -0.0000915989 0.0000070646 -0.0000123029 0.0000226129 0.0196678086 0.0204918461 0.0000031165 0.0289821816 0.0000749250 0.0026856685
1403637215.28827 7.963257 -6.415632 -0.154184 0.780029 -0.085060 0.603130 0.143366 0.0003798920 0.0000476433 -0.0000908825 0.0000062829 -0.0000114633 0.0000221978 0.0194607153 0.0204654535 0.0000031519 0.0292459207 0.0000750373 0.0026861276
1403637215.33827 8.006427 -6.373986 -0.150074 0.778419 -0.085372 0.606577 0.137255 0.0003818414 0.0000434265 -0.0000891935 0.0000052461 -0.0000102065 0.0000212889 0.0192495904 0.0204396799 0.0000031506 0.0295254476 0.0000751719 0.0026866096
1403637215.38827 8.048271 -6.329038 -0.146957 0.776415 -0.083983 0.610693 0.131073 0.0003838457 0.0000399502 -0.0000867749 0.0000044647 -0.0000090909 0.0000200699 0.0190223133 0.0203962681 0.0000031473 0.0297945292 0.0000753045 0.0026870776
1403637215.43827 8.086156 -6.280432 -0.144142 0.773263 -0.082430 0.616860 0.121463 0.0003867748 0.0000342539 -0.0000830180 0.0000033391 -0.0000074074 0.0000182700 0.0187790897 0.0203357736 0.0000031340 0.0300544071 0.0000754512 0.0026875585
1403637215.48827 8.120863 -6.229098 -0.139974 0.769748 -0.078710 0.623463 0.112186 0.0003895331 0.0000297830 -0.0000785111 0.0000025817 -0.0000060537 0.0000162728 0.0185222464 0.0202514188 0.0000031637 0.0302840621 0.0000755690 0.0026879992
1403637215.53827 8.150554 -6.175089 -0.135668 0.767538 -0.073067 0.628374 0.103404 0.0003913107 0.0000268340 -0.0000752975 0.0000021440 -0.0000052104 0.0000149366 0.0182557382 0.0201483080 0.0000031336 0.0304897978 0.0000757210 0.0026884761
1403637215.58827 8.178786 -6.119031 -0.130896 0.767317 -0.066237 0.630782 0.094612 0.0003919914 0.0000247319 -0.0000743242 0.0000018638 -0.0000047325 0.0000145400 0.0179804201 0.0200229684 0.0000030795 0.0306606875 0.0000758717 0.0026889500
1403637215.63827 8.202596 -6.059505 -0.123980 0.768476 -0.058154 0.631575 0.084708 0.0003919890 0.0000227775 -0.0000749590 0.0000016256 -0.0000043951 0.0000147816 0.0176938475 0.0198859977 0.0000029800 0.0308231554 0.0000759960 0.0026892861
1403637215.68827 8.223654 -5.998772 -0.115229 0.770664 -0.047516 0.630843 0.076530 0.0003912438 0.0000232699 -0.0000766625 0.0000016861 -0.0000045954 0.0000154704 0.0173992839 0.0197271131 0.0000029550 0.0309559219 0.0000761214 0.0026897822
1403637215.73828 8.241207 -5.935923 -0.105896 0.775931 -0.037306 0.626128 0.067106 0.0003889081 0.0000229523 -0.0000822326 0.0000016567 -0.0000048854 0.0000178395 0.0171033919 0.0195579960 0.0000029184 0.0310715685 0.0000762476 0.0026902780
1403637215.78828 8.254218 -5.871353 -0.095300 0.781795 -0.027127 0.620348 0.056823 0.0003860366 0.0000220051 -0.0000886556 0.0000015567 -0.0000050822 0.0000208158 0.0168021060 0.0193758501 0.0000029599 0.0311710432 0.0000763938 0.0026907922
1403637215.83828 8.262910 -5.805411 -0.084104 0.787316 -0.016883 0.614551 0.046645 0.0003830510 0.0000209352 -0.0000947902 0.0000014469 -0.0000052058 0.0000239158 0.0164962670 0.0191748472 0.0000030895 0.0312335931 0.0000765123 0.0026912313
1403637215.88828 8.269272 -5.737952 -0.070163 0.791461 -0.007412 0.610086 0.036468 0.0003806811 0.0000192767 -0.0000994806 0.0000012794 -0.0000050589 0.0000264582 0.0161900074 0.0189629176 0.0000031623 0.0312748487 0.0000766480 0.0026916933
1403637215.93828 8.273160 -5.669574 -0.054793 0.794689 0.000088 0.606447 0.026281 0.0003788091 0.0000165494 -0.0001032166 0.0000010270 -0.0000045273 0.0000285883 0.0158822904 0.0187425030 0.0000031886 0.0313033120 0.0000768059 0.0026922099
1403637215.98828 8.274461 -5.600878 -0.037978 0.797845 0.006813 0.602584 0.017045 0.0003768048 0.0000139659 -0.0001069155 0.0000008225 -0.0000039777 0.0000308030 0.0155749793 0.0185116805 0.0000032494 0.0313084451 0.0000769673 0.0026927283
1403637216.03828 8.273780 -5.531676 -0.019651 0.799097 0.012825 0.601026 0.006834 0.0003760872 0.0000104102 -0.0001084755 0.0000005939 -0.0000030141 0.0000317549 0.0152706476 0.0182774595 0.0000033004 0.0313052010 0.0000771531 0.0026932731
1403637216.08828 8.272143 -5.462743 -0.000748 -0.800501 -0.019543 -0.599007 0.002429 0.0003751045 0.0000077303 -0.0001102482 0.0000004659 -0.0000022804 0.0000328710 0.0149687235 0.0180380815 0.0000033925 0.0312887251 0.0000773411 0.0026938027
1403637216.13828 8.261233 -5.391272 0.019250 -0.801194 -0.025566 -0.597751 0.011311 0.0003745140 0.0000050167 -0.0001113224 0.0000003734 -0.0000014971 0.0000335560 0.0146713454 0.0177984101 0.0000037882 0.0312640106 0.0000773573 0.0026940067
1403637216.18828 8.252993 -5.322463 0.036935 -0.800799 -0.030782 -0.597844 0.018889 0.0003747538 0.0000026776 -0.0001110442 0.0000003261 -0.0000007970 0.0000333682 0.0143697206 0.0175320411 0.0000039023 0.0311774908 0.0000775404 0.0026945235
1403637216.23828 8.242357 -5.254517 0.052604 -0.800932 -0.034259 -0.597220 0.025723 0.0003745673 0.0000000087 -0.0001113702 0.0000003071 -0.0000000042 0.0000335767 0.0140840920 0.0172825725 0.0000039604 0.0311102567 0.0000776970 0.0026949601
1403637216.28828 8.229700 -5.187422 0.067588 -0.799877 -0.036650 -0.598209 0.031621 0.0003752595 -0.0000025033 -0.0001102838 0.0000003245 0.0000007358 0.0000328715 0.0138065931 0.0170316386 0.0000040757 0.0310261022 0.0000779075 0.0026954731
1403637216.33828 8.216841 -5.121144 0.080657 -0.798642 -0.038768 -0.599521 0.035254 0.0003760713 -0.0000037366 -0.0001089875 0.0000003457 0.0000010841 0.0000320432 0.0135373253 0.0167819746 0.0000041410 0.0309316597 0.0000781208 0.0026959767
1403637216.38828 8.206553 -5.055014 0.089743 -0.796266 -0.040084 -0.602413 0.038103 0.0003776719 -0.0000048775 -0.0001063799 0.0000003689 0.0000013769 0.0000304161 0.0132717869 0.0165346209 0.0000043251 0.0308367180 0.0000780330 0.0026957625
1403637216.43828 8.192218 -4.989901 0.099581 -0.793153 -0.041174 -0.606327 0.039761 0.0003798118 -0.0000051003 -0.0001028055 0.0000003753 0.0000013841 0.0000282748 0.0130118593 0.0162919357 0.0000043178 0.0307549477 0.0000782426 0.0026962498
1403637216.48828 8.175684 -4.926245 0.107962 -0.790732 -0.042249 -0.609372 0.040304 0.0003813944 -0.0000047434 -0.0001000788 0.0000003663 0.0000012482 0.0000267056 0.0127599543 0.0160462000 0.0000042710 0.0306468128 0.0000784389 0.0026966916
1403637216.53828 8.159596 -4.863248 0.115104 -0.787985 -0.042118 -0.612886 0.040945 0.0003831649 -0.0000050519 -0.0000968703 0.0000003745 0.0000012808 0.0000249316 0.0125171466 0.0158018646 0.0000041828 0.0305243435 0.0000786258 0.0026971030
1403637216.58828 8.140636 -4.801348 0.121200 -0.786538 -0.040683 -0.614673 0.043353 0.0003840499 -0.0000071398 -0.0000950933 0.0000004411 0.0000017721 0.0000239844 0.0122799423 0.0155609683 0.0000040503 0.0304035875 0.0000788103 0.0026975013
1403637216.63828 8.119553 -4.740504 0.126526 -0.784747 -0.038873 -0.616931 0.045356 0.0003851165 -0.0000091477 -0.0000928822 0.0000005260 0.0000022110 0.0000228370 0.0120501189 0.0153192922 0.0000039064 0.0302635900 0.0000789667 0.0026978569
1403637216.68828 8.098327 -4.680123 0.129328 -0.782027 -0.036130 -0.620369 0.047645 0.0003866428 -0.0000117992 -0.0000895439 0.0000006653 0.0000027369 0.0000211671 0.0118248167 0.0150770563 0.0000036833 0.0301050675 0.0000786985 0.0026976718
1403637216.73828 8.071890 -4.621443 0.132514 -0.778783 -0.034232 -0.624480 0.048476 0.0003884475 -0.0000129868 -0.0000856066 0.0000007392 0.0000028663 0.0000192916 0.0116063266 0.0148372769 0.0000035113 0.0299466519 0.0000787518 0.0026978746
1403637216.78828 8.043313 -4.564500 0.135482 -0.775797 -0.032839 -0.628298 0.047986 0.0003900704 -0.0000131911 -0.0000820008 0.0000007508 0.0000027770 0.0000176601 0.0113983647 0.0145968312 0.0000033338 0.0297565137 0.0000787593 0.0026980138
1403637216.83828 8.012731 -4.508807 0.139956 -0.773083 -0.032416 -0.631798 0.046075 0.0003915444 -0.0000120790 -0.0000787639 0.0000006763 0.0000024329 0.0000162621 0.0111992639 0.0143591250 0.0000031727 0.0295500829 0.0000786498 0.0026980758
1403637216.88828 7.978010 -4.454817 0.145667 -0.770744 -0.032178 -0.634833 0.043654 0.0003927803 -0.0000105443 -0.0000759977 0.0000005864 0.0000020426 0.0000151192 0.0110063354 0.0141219417 0.0000030090 0.0293301794 0.0000785949 0.0026981743
1403637216.93828 7.939358 -4.402462 0.153089 -0.769505 -0.032091 -0.636542 0.040579 0.0003934676 -0.0000086184 -0.0000745301 0.0000004917 0.0000016341 0.0000145295 0.0108220961 0.0138838653 0.0000028557 0.0290803595 0.0000785082 0.0026982457
1403637216.98829 7.897168 -4.350901 0.160902 -0.770384 -0.031122 -0.635636 0.038802 0.0003930957 -0.0000080885 -0.0000755387 0.0000004673 0.0000015558 0.0000149248 0.0106445733 0.0136448889 0.0000027778 0.0288047374 0.0000779536 0.0026977497
1403637217.03829 7.850056 -4.301073 0.169665 -0.773423 -0.028465 -0.631970 0.040246 0.0003915590 -0.0000104644 -0.0000790096 0.0000005805 0.0000021132 0.0000163514 0.0104718163 0.0134031057 0.0000026866 0.0285055339 0.0000778557 0.0026978401
1403637217.08829 7.799670 -4.251034 0.178742 -0.777377 -0.023720 -0.626980 0.044929 0.0003892286 -0.0000159454 -0.0000834751 0.0000009542 0.0000034224 0.0000183116 0.0103073246 0.0131626651 0.0000025861 0.0281839795 0.0000777598 0.0026979294
1403637217.13829 7.745267 -4.204433 0.184692 -0.780648 -0.019090 -0.622735 0.049248 0.0003870202 -0.0000210690 -0.0000871386 0.0000014480 0.0000047476 0.0000200281 0.0101447613 0.0129193623 0.0000024526 0.0278457605 0.0000776803 0.0026978896
1403637217.18829 7.689412 -4.159361 0.190962 -0.782659 -0.013586 -0.619888 0.054763 0.0003851891 -0.0000272549 -0.0000892341 0.0000022302 0.0000063190 0.0000210805 0.0099965103 0.0126840342 0.0000023517 0.0274871275 0.0000776127 0.0026979850
1403637217.23828 7.630743 -4.116812 0.195572 -0.783651 -0.008262 -0.618252 0.059890 0.0003837446 -0.0000330219 -0.0000902115 0.0000031443 0.0000077691 0.0000216150 0.0098563072 0.0124551408 0.0000022455 0.0271245140 0.0000775361 0.0026980567
1403637217.28828 7.570258 -4.078683 0.192519 -0.784829 -0.004615 -0.616530 0.062559 0.0003824214 -0.0000365292 -0.0000914815 0.0000037878 0.0000087460 0.0000222875 0.0097263639 0.0122327806 0.0000021843 0.0267460267 0.0000766863 0.0026968865
1403637217.33828 7.508637 -4.041296 0.192275 -0.786012 -0.001105 -0.614776 0.065065 0.0003810861 -0.0000397079 -0.0000927509 0.0000044371 0.0000096725 0.0000229780 0.0096125966 0.0120242093 0.0000021005 0.0263640139 0.0000766400 0.0026969648
1403637217.38828 7.445700 -4.007073 0.189892 -0.786432 0.002103 -0.614020 0.067078 0.0003802300 -0.0000424794 -0.0000931610 0.0000050465 0.0000104165 0.0000232290 0.0095026035 0.0118180933 0.0000020146 0.0259776882 0.0000765526 0.0026970290
1403637217.43828 7.380746 -3.975884 0.185855 -0.786978 0.004870 -0.613170 0.068296 0.0003794134 -0.0000445332 -0.0000937493 0.0000055284 0.0000110123 0.0000235678 0.0094039818 0.0116217685 0.0000019484 0.0255864985 0.0000763869 0.0026970419
1403637217.48828 7.313414 -3.947200 0.180420 -0.787299 0.006256 -0.612666 0.069006 0.0003789468 -0.0000456022 -0.0000941153 0.0000057899 0.0000113342 0.0000237775 0.0093155176 0.0114327315 0.0000018861 0.0251860384 0.0000762209 0.0026970824
1403637217.53828 7.245541 -3.921277 0.174278 -0.786377 0.004851 -0.613907 0.068602 0.0003797467 -0.0000447062 -0.0000930585 0.0000055657 0.0000109632 0.0000232065 0.0092349304 0.0112491917 0.0000018415 0.0247779110 0.0000760146 0.0026970997
1403637217.58828 7.176335 -3.898050 0.167652 -0.784970 0.000760 -0.615810 0.067819 0.0003811803 -0.0000422496 -0.0000914840 0.0000049852 0.0000101469 0.0000223568 0.0091636854 0.0110746386 0.0000018683 0.0243687746 0.0000755883 0.0026969438
1403637217.63828 7.105307 -3.877947 0.160051 -0.783268 -0.006704 -0.618229 0.065112 0.0003832912 -0.0000369514 -0.0000896573 0.0000038644 0.0000086490 0.0000213711 0.0091007158 0.0109059380 0.0000018806 0.0239537150 0.0000753222 0.0026969095
1403637217.68828 7.033110 -3.860028 0.152315 -0.780119 -0.018723 -0.622490 0.059745 0.0003865543 -0.0000276627 -0.0000863713 0.0000022811 0.0000061844 0.0000196955 0.0090459537 0.0107437659 0.0000019196 0.0235346347 0.0000750116 0.0026968545
1403637217.73827 6.959169 -3.843527 0.145924 -0.777333 -0.033590 -0.625829 0.054440 0.0003890458 -0.0000168719 -0.0000838248 0.0000010327 0.0000036369 0.0000184559 0.0089964535 0.0105855056 0.0000020098 0.0231124821 0.0000746057 0.0026966993
1403637217.78827 6.881979 -3.828134 0.141429 -0.774207 -0.049442 -0.628904 0.051367 0.0003908525 -0.0000068360 -0.0000812057 0.0000004205 0.0000014207 0.0000172646 0.0089504145 0.0104265782 0.0000021344 0.0226766700 0.0000741594 0.0026965323
1403637217.83827 6.802203 -3.812920 0.137245 -0.774068 -0.064122 -0.627579 0.053402 0.0003904885 -0.0000007890 -0.0000823267 0.0000003031 0.0000001669 0.0000177500 0.0089049665 0.0102643753 0.0000022538 0.0222294928 0.0000738094 0.0026964449
1403637217.88827 6.719950 -3.800788 0.136240 -0.773007 -0.078942 -0.626993 0.055754 0.0003902632 0.0000052435 -0.0000826775 0.0000003713 -0.0000011101 0.0000179064 0.0088599115 0.0101008543 0.0000025934 0.0217729849 0.0000729711 0.0026956020
1403637217.93827 6.634212 -3.786333 0.134859 -0.773457 -0.090161 -0.624505 0.060237 0.0003892860 0.0000078307 -0.0000846518 0.0000004595 -0.0000017013 0.0000187998 0.0088252617 0.0099420404 0.0000026942 0.0213075431 0.0000727150 0.0026955875
1403637217.98827 6.545678 -3.772921 0.134807 -0.774185 -0.100166 -0.621561 0.065318 0.0003881526 0.0000094023 -0.0000869398 0.0000005307 -0.0000021037 0.0000198658 0.0087838761 0.0097730061 0.0000027977 0.0208308007 0.0000724716 0.0026955890
1403637218.03827 6.454128 -3.759998 0.136043 -0.774834 -0.107821 -0.618837 0.071048 0.0003872163 0.0000093805 -0.0000889034 0.0000005311 -0.0000021505 0.0000208054 0.0087457264 0.0096037188 0.0000029065 0.0203462050 0.0000722372 0.0026955858
1403637218.08827 6.360716 -3.747053 0.138182 -0.776945 -0.113727 -0.614420 0.076876 0.0003855643 0.0000081498 -0.0000923512 0.0000004771 -0.0000019478 0.0000225153 0.0087091810 0.0094332533 0.0000030134 0.0198565434 0.0000720192 0.0026955857
1403637218.13827 6.264844 -3.734523 0.140374 -0.777655 -0.119166 -0.611955 0.081009 0.0003846668 0.0000079374 -0.0000941179 0.0000004696 -0.0000019372 0.0000234244 0.0086738342 0.0092614894 0.0000031186 0.0193631411 0.0000718042 0.0026956047
1403637218.18827 6.167142 -3.722374 0.141229 -0.778607 -0.123531 -0.609414 0.084416 0.0003836869 0.0000076278 -0.0000960052 0.0000004584 -0.0000019032 0.0000244197 0.0086393530 0.0090883572 0.0000032329 0.0188664602 0.0000715956 0.0026956318
1403637218.23827 6.067863 -3.710033 0.140466 -0.779359 -0.127253 -0.607382 0.086559 0.0003828390 0.0000078321 -0.0000975644 0.0000004682 -0.0000019903 0.0000252627 0.0086053236 0.0089144156 0.0000033259 0.0183719984 0.0000714015 0.0026957079
1403637218.28827 5.967423 -3.698077 0.138289 -0.779511 -0.129909 -0.606291 0.088870 0.0003824835 0.0000075588 -0.0000982402 0.0000004586 -0.0000019355 0.0000256328 0.0085704992 0.0087381457 0.0000034208 0.0178774381 0.0000712115 0.0026957908
1403637218.33827 5.865336 -3.686780 0.135176 -0.779096 -0.133144 -0.606189 0.088413 0.0003823163 0.0000094156 -0.0000983892 0.0000005423 -0.0000024174 0.0000257211 0.0085382465 0.0085635169 0.0000035159 0.0173863842 0.0000710205 0.0026958312
1403637218.38827 5.761457 -3.675726 0.130061 -0.778867 -0.133957 -0.606046 0.090166 0.0003824103 0.0000087214 -0.0000982886 0.0000005104 -0.0000022357 0.0000256637 0.0085073443 0.0083872542 0.0000036091 0.0168924347 0.0000708318 0.0026959156
1403637218.43827 5.655752 -3.665175 0.123728 -0.778761 -0.134454 -0.605907 0.091266 0.0003824473 0.0000082778 -0.0000982657 0.0000004919 -0.0000021208 0.0000256499 0.0084781110 0.0082103560 0.0000037115 0.0163986691 0.0000706414 0.0026960144
1403637218.48828 5.549904 -3.656758 0.118940 -0.777996 -0.135182 -0.606746 0.091143 0.0003828257 0.0000088745 -0.0000975273 0.0000005182 -0.0000022550 0.0000252459 0.0084489355 0.0080338086 0.0000038435 0.0159062642 0.0000704713 0.0026957238
1403637218.53828 5.440873 -3.646647 0.112737 -0.778115 -0.135705 -0.606511 0.090918 0.0003826835 0.0000091812 -0.0000977649 0.0000005340 -0.0000023399 0.0000253768 0.0084272117 0.0078615079 0.0000039671 0.0154223199 0.0000702714 0.0026958308
1403637218.58828 5.331116 -3.636626 0.107840 -0.778102 -0.135674 -0.606646 0.090169 0.0003826769 0.0000096539 -0.0000977370 0.0000005586 -0.0000024603 0.0000253633 0.0083996782 0.0076824416 0.0000040966 0.0149390996 0.0000700652 0.0026959683
1403637218.63828 5.220673 -3.626434 0.104415 -0.780026 -0.135062 -0.604378 0.089688 0.0003815395 0.0000092514 -0.0000998301 0.0000005406 -0.0000024155 0.0000265230 0.0083724434 0.0075033088 0.0000042258 0.0144626680 0.0000698493 0.0026961250
1403637218.68827 5.109100 -3.616317 0.102587 -0.781538 -0.135514 -0.602655 0.087419 0.0003804378 0.0000105641 -0.0001016402 0.0000006109 -0.0000028179 0.0000275585 0.0083449852 0.0073234039 0.0000043632 0.0139922405 0.0000696228 0.0026963004
1403637218.73827 4.995223 -3.606354 0.101389 -0.784336 -0.133891 -0.599268 0.088137 0.0003788433 0.0000087831 -0.0001045269 0.0000005225 -0.0000024188 0.0000292457 0.0083187993 0.0071417641 0.0000045010 0.0135221440 0.0000693861 0.0026964974
1403637218.78827 4.880014 -3.596403 0.099286 -0.785515 -0.132471 -0.598049 0.088062 0.0003782413 0.0000079472 -0.0001055972 0.0000004869 -0.0000022142 0.0000298869 0.0082928636 0.0069593933 0.0000046440 0.0130572373 0.0000691474 0.0026967057
1403637218.83827 4.763806 -3.586772 0.092841 -0.786761 -0.134127 -0.596681 0.083600 0.0003770075 0.0000112206 -0.0001073180 0.0000006553 -0.0000031910 0.0000309566 0.0082672038 0.0067764501 0.0000047966 0.0125994616 0.0000689117 0.0026970162
1403637218.88828 4.648159 -3.576917 0.082096 -0.787874 -0.136115 -0.595448 0.078543 0.0003757200 0.0000150325 -0.0001089111 0.0000009246 -0.0000043562 0.0000319796 0.0082418902 0.0065943022 0.0000049594 0.0121523116 0.0000686790 0.0026973530
1403637218.93827 4.532038 -3.566381 0.067424 -0.787545 -0.138048 -0.595969 0.074410 0.0003754062 0.0000185386 -0.0001088696 0.0000012405 -0.0000053764 0.0000319825 0.0082150584 0.0064114773 0.0000051341 0.0117149928 0.0000684490 0.0026977215
1403637218.98828 4.415957 -3.555399 0.049030 -0.787797 -0.140419 -0.595665 0.069582 0.0003744885 0.0000225390 -0.0001095576 0.0000016835 -0.0000065956 0.0000324622 0.0081869605 0.0062282422 0.0000053267 0.0112876542 0.0000682121 0.0026981164
1403637219.03828 4.298766 -3.543210 0.028529 -0.787853 -0.142056 -0.595609 0.066014 0.0003738570 0.0000254678 -0.0001099005 0.0000020639 -0.0000074897 0.0000327184 0.0081565925 0.0060453514 0.0000055436 0.0108738018 0.0000679648 0.0026985479
1403637219.08828 4.180779 -3.529795 0.010798 -0.787912 -0.142695 -0.595562 0.064335 0.0003735579 0.0000267900 -0.0001100510 0.0000022512 -0.0000078960 0.0000328324 0.0081210371 0.0058595737 0.0000059578 0.0104645557 0.0000676965 0.0026986302
1403637219.13828 4.061822 -3.515515 -0.010347 -0.787543 -0.142985 -0.596055 0.063642 0.0003736908 0.0000274219 -0.0001096951 0.0000023440 -0.0000080538 0.0000326119 0.0080831904 0.0056703952 0.0000062685 0.0100635862 0.0000674187 0.0026990960
1403637219.18828 3.942148 -3.499859 -0.030464 -0.788074 -0.142727 -0.595442 0.063381 0.0003733532 0.0000273523 -0.0001102375 0.0000023374 -0.0000080809 0.0000329614 0.0080439192 0.0054806334 0.0000066168 0.0096719185 0.0000671395 0.0026995916
1403637219.23828 3.821271 -3.482836 -0.048685 -0.788429 -0.141589 -0.595166 0.064108 0.0003733923 0.0000263371 -0.0001104293 0.0000021929 -0.0000077941 0.0000330720 0.0080006070 0.0052885866 0.0000070006 0.0092889577 0.0000668440 0.0027001200
1403637219.28828 3.697592 -3.464793 -0.064681 -0.789469 -0.140655 -0.593934 0.064789 0.0003728981 0.0000252833 -0.0001114324 0.0000020511 -0.0000075607 0.0000337133 0.0079546696 0.0050938006 0.0000074698 0.0089112833 0.0000665356 0.0027006691
1403637219.33828 3.573736 -3.445806 -0.079187 -0.789952 -0.138895 -0.593528 0.066397 0.0003730235 0.0000234004 -0.0001116585 0.0000018064 -0.0000070099 0.0000338380 0.0079069686 0.0048963972 0.0000079572 0.0085395995 0.0000662126 0.0027012817
1403637219.38828 3.449690 -3.425258 -0.091094 -0.791602 -0.138264 -0.591495 0.066207 0.0003719498 0.0000228914 -0.0001133740 0.0000017489 -0.0000069835 0.0000349741 0.0078560031 0.0047004005 0.0000084902 0.0081828602 0.0000658601 0.0027018662
1403637219.43828 3.325755 -3.403521 -0.102161 -0.792776 -0.137314 -0.590027 0.067220 0.0003713393 0.0000215905 -0.0001145294 0.0000015971 -0.0000066652 0.0000357414 0.0078008026 0.0045035450 0.0000090313 0.0078386541 0.0000655065 0.0027025416
1403637219.48828 3.201834 -3.380970 -0.111912 -0.798207 -0.135967 -0.582827 0.068494 0.0003675329 0.0000190291 -0.0001203338 0.0000013287 -0.0000062368 0.0000398216 0.0077440500 0.0043078837 0.0000096317 0.0075069510 0.0000651679 0.0027032338
1403637219.53827 3.077944 -3.357487 -0.118700 -0.802369 -0.135176 -0.577243 0.068714 0.0003643287 0.0000176674 -0.0001247714 0.0000012020 -0.0000060575 0.0000431582 0.0076858953 0.0041139974 0.0000102486 0.0071890309 0.0000648141 0.0027039773
1403637219.58827 2.956754 -3.329247 -0.121520 -0.807623 -0.133932 -0.570124 0.069032 0.0003601312 0.0000157753 -0.0001302219 0.0000010367 -0.0000057121 0.0000475202 0.0076242064 0.0039222096 0.0000107213 0.0068832197 0.0000644682 0.0027043264
1403637219.63827 2.834130 -3.304031 -0.125434 -0.811478 -0.132663 -0.564839 0.069721 0.0003569098 0.0000140338 -0.0001341848 0.0000008992 -0.0000052843 0.0000508863 0.0075516334 0.0037316743 0.0000112985 0.0066007378 0.0000640997 0.0027050940
1403637219.68827 2.713787 -3.278980 -0.126857 -0.814713 -0.131998 -0.560351 0.069472 0.0003540215 0.0000132257 -0.0001374878 0.0000008430 -0.0000051451 0.0000538372 0.0074888393 0.0035457398 0.0000118137 0.0063251026 0.0000637851 0.0027057855
1403637219.73827 2.592066 -3.252132 -0.127052 -0.816259 -0.131219 -0.558250 0.069709 0.0003526906 0.0000124395 -0.0001390021 0.0000007894 -0.0000049119 0.0000552288 0.0074268280 0.0033655304 0.0000123711 0.0060677883 0.0000634322 0.0027065738
1403637219.78827 2.474863 -3.224257 -0.124760 -0.818020 -0.130191 -0.555870 0.070013 0.0003512006 0.0000114498 -0.0001406663 0.0000007257 -0.0000045957 0.0000567897 0.0073614799 0.0031850041 0.0000129332 0.0058201924 0.0000630798 0.0027073998
1403637219.83828 2.360410 -3.195529 -0.120220 -0.819518 -0.130544 -0.553711 0.068943 0.0003496148 0.0000119421 -0.0001422697 0.0000007621 -0.0000048704 0.0000583462 0.0072941903 0.0030127141 0.0000134493 0.0055945424 0.0000627352 0.0027082150
1403637219.88828 2.248851 -3.165543 -0.113810 -0.821351 -0.130120 -0.551019 0.069494 0.0003478848 0.0000110325 -0.0001440944 0.0000007056 -0.0000045808 0.0000601396 0.0072248083 0.0028452647 0.0000139376 0.0053844549 0.0000624053 0.0027090419
1403637219.98828 2.029314 -3.103234 -0.094768 -0.821380 -0.129555 -0.551059 0.069887 0.0003479953 0.0000105535 -0.0001440325 0.0000006802 -0.0000043800 0.0000600735 0.0070843208 0.0025210904 0.0000151557 0.0050018827 0.0000617251 0.0027110603
1403637220.03829 1.926151 -3.070661 -0.080812 -0.821991 -0.129405 -0.550144 0.070188 0.0003474154 0.0000101859 -0.0001446404 0.0000006600 -0.0000042532 0.0000606799 0.0070100136 0.0023698261 0.0000154521 0.0048355506 0.0000614903 0.0027118594
1403637220.08829 1.824437 -3.036552 -0.065662 -0.822578 -0.128741 -0.549369 0.070606 0.0003469418 0.0000095358 -0.0001451570 0.0000006251 -0.0000040026 0.0000611953 0.0069354072 0.0022244344 0.0000158133 0.0046826540 0.0000612336 0.0027127907
1403637220.13829 1.726454 -3.001452 -0.047033 -0.822489 -0.129870 -0.549499 0.068528 0.0003467654 0.0000113135 -0.0001452076 0.0000007336 -0.0000047520 0.0000612698 0.0068581607 0.0020817905 0.0000160502 0.0045394656 0.0000609829 0.0027136768
1403637220.18829 1.628765 -2.964741 -0.027655 -0.822978 -0.128744 -0.548764 0.070636 0.0003465513 0.0000094462 -0.0001455554 0.0000006230 -0.0000039817 0.0000616008 0.0067794740 0.0019450317 0.0000162029 0.0044085620 0.0000607771 0.0027145561
1403637220.23829 1.536909 -2.925937 -0.007439 -0.822906 -0.127178 -0.549008 0.072407 0.0003469631 0.0000077186 -0.0001452541 0.0000005334 -0.0000032445 0.0000612755 0.0066892750 0.0018113362 0.0000140359 0.0042849886 0.0000609698 0.0027144936
1403637220.28829 1.442763 -2.887573 0.014455 -0.822151 -0.124162 -0.550328 0.076097 0.0003483238 0.0000043908 -0.0001440485 0.0000004179 -0.0000018277 0.0000600361 0.0066041511 0.0016854723 0.0000138685 0.0041768932 0.0000608261 0.0027153723
1403637220.33829 1.367182 -2.850850 0.041136 -0.821384 -0.120789 -0.551634 0.080245 0.0003497200 0.0000006209 -0.0001426930 0.0000003521 -0.0000002603 0.0000586838 0.0064934130 0.0015647698 0.0000079894 0.0040700311 0.0000616008 0.0027138223
1403637220.38829 1.277025 -2.810210 0.066774 -0.820383 -0.116434 -0.553263 0.085523 0.0003512467 -0.0000043042 -0.0001410560 0.0000004049 0.0000017238 0.0000571072 0.0064152548 0.0014634633 0.0000075502 0.0039916370 0.0000614907 0.0027145439
1403637220.43829 1.187670 -2.771936 0.091803 -0.819120 -0.113167 -0.555254 0.089044 0.0003528416 -0.0000076102 -0.0001392364 0.0000005178 0.0000030000 0.0000554043 0.0063321199 0.0013469340 0.0000071868 0.0039033277 0.0000613935 0.0027154041
1403637220.48829 1.100627 -2.733954 0.115556 -0.818409 -0.110605 -0.556390 0.091673 0.0003537543 -0.0000101907 -0.0001380927 0.0000006486 0.0000039763 0.0000543655 0.0062550835 0.0012353988 0.0000067387 0.0038223260 0.0000613419 0.0027162582
1403637220.53829 1.015355 -2.697002 0.138079 -0.816858 -0.108021 -0.558680 0.094609 0.0003554112 -0.0000128331 -0.0001360562 0.0000008197 0.0000049122 0.0000525418 0.0061806089 0.0011289727 0.0000062029 0.0037492967 0.0000613288 0.0027171048
1403637220.58829 0.932359 -2.661072 0.159024 -0.815724 -0.105491 -0.560409 0.096997 0.0003566160 -0.0000151987 -0.0001344619 0.0000010054 0.0000057314 0.0000511554 0.0061095728 0.0010273148 0.0000055895 0.0036835514 0.0000613490 0.0027179460
1403637220.63829 0.851487 -2.626303 0.178523 -0.815652 -0.105892 -0.560619 0.095943 0.0003567084 -0.0000143527 -0.0001344532 0.0000009362 0.0000054107 0.0000511364 0.0060415459 0.0009306556 0.0000049162 0.0036250491 0.0000613824 0.0027187898
1403637220.68830 0.773197 -2.593661 0.196487 -0.816300 -0.105504 -0.559735 0.096022 0.0003561202 -0.0000146674 -0.0001350863 0.0000009637 0.0000055650 0.0000517007 0.0059762662 0.0008387048 0.0000041268 0.0035730055 0.0000614576 0.0027195899
1403637220.73830 0.695583 -2.560984 0.213487 -0.816416 -0.106075 -0.559687 0.094674 0.0003560254 -0.0000136013 -0.0001353069 0.0000008802 0.0000051705 0.0000518829 0.0059164361 0.0007520628 0.0000033663 0.0035277818 0.0000615311 0.0027203926
1403637220.78830 0.618244 -2.528063 0.228913 -0.817074 -0.106049 -0.558826 0.094113 0.0003554172 -0.0000133736 -0.0001360113 0.0000008648 0.0000051195 0.0000525102 0.0058571813 0.0006685163 0.0000025690 0.0034878664 0.0000616144 0.0027211880
1403637220.83830 0.544671 -2.497060 0.243384 -0.817636 -0.106091 -0.558025 0.093938 0.0003548890 -0.0000133386 -0.0001366020 0.0000008639 0.0000051364 0.0000530429 0.0057985167 0.0005870067 0.0000017504 0.0034527523 0.0000616743 0.0027220167
1403637220.88830 0.471863 -2.466934 0.256589 -0.818084 -0.106317 -0.557498 0.092906 0.0003544780 -0.0000126644 -0.0001371200 0.0000008160 0.0000049013 0.0000535052 0.0057444073 0.0005120501 0.0000009425 0.0034238558 0.0000617438 0.0027227766
1403637220.93830 0.405440 -2.441149 0.267365 -0.818816 -0.106065 -0.556498 0.092737 0.0003537840 -0.0000127801 -0.0001378659 0.0000008247 0.0000049840 0.0000541898 0.0056824797 0.0004418958 0.0000000691 0.0033973848 0.0000616428 0.0027228201
1403637220.98830 0.334376 -2.412536 0.276530 -0.819607 -0.105030 -0.555676 0.091856 0.0003531368 -0.0000128003 -0.0001385639 0.0000008282 0.0000050267 0.0000548363 0.0056394434 0.0003770498 -0.0000006318 0.0033784668 0.0000616721 0.0027235935
1403637221.03830 0.265266 -2.385498 0.283853 -0.821582 -0.103833 -0.553428 0.089104 0.0003514007 -0.0000118806 -0.0001404889 0.0000007670 0.0000047539 0.0000566369 0.0055914679 0.0003090345 -0.0000012325 0.0033620113 0.0000617054 0.0027244280
1403637221.08830 0.198477 -2.359270 0.289724 -0.822855 -0.100546 -0.552555 0.086512 0.0003505434 -0.0000117818 -0.0001413917 0.0000007626 0.0000047565 0.0000575023 0.0055463718 0.0002449189 -0.0000017897 0.0033498339 0.0000617261 0.0027252216
1403637221.13830 0.133690 -2.334341 0.293429 -0.825026 -0.096763 -0.550572 0.082699 0.0003488357 -0.0000112453 -0.0001431827 0.0000007303 0.0000046199 0.0000592459 0.0055035257 0.0001845365 -0.0000022818 0.0033415346 0.0000617257 0.0027259670
1403637221.18830 0.071391 -2.311019 0.295492 -0.826644 -0.092160 -0.549666 0.077679 0.0003477814 -0.0000101747 -0.0001443208 0.0000006666 0.0000042259 0.0000603674 0.0054637039 0.0001273208 -0.0000027136 0.0033366808 0.0000617013 0.0027266714
1403637221.23830 0.011100 -2.288825 0.295897 -0.828077 -0.086453 -0.549187 0.072163 0.0003469858 -0.0000092049 -0.0001451740 0.0000006142 0.0000038543 0.0000612187 0.0054266944 0.0000736219 -0.0000030771 0.0033349430 0.0000616391 0.0027273128
1403637221.28830 -0.046678 -2.267758 0.294462 -0.829046 -0.080526 -0.549362 0.066324 0.0003466580 -0.0000080499 -0.0001455655 0.0000005581 0.0000033827 0.0000616058 0.0053913122 0.0000228743 -0.0000033482 0.0033359657 0.0000615443 0.0027278942
1403637221.33830 -0.102853 -2.246593 0.291841 -0.829739 -0.073958 -0.549727 0.062149 0.0003465682 -0.0000081758 -0.0001456475 0.0000005651 0.0000034384 0.0000616916 0.0053574853 -0.0000244638 -0.0000035901 0.0033395044 0.0000614531 0.0027284544
1403637221.38830 -0.157607 -2.225640 0.287896 -0.830555 -0.068498 -0.549614 0.058401 0.0003462054 -0.0000081328 -0.0001460047 0.0000005643 0.0000034324 0.0000620581 0.0053234369 -0.0000698135 -0.0000037617 0.0033453300 0.0000613317 0.0027289767
1403637221.43830 -0.211387 -2.203825 0.283190 -0.830169 -0.063158 -0.551117 0.055684 0.0003470389 -0.0000085679 -0.0001451654 0.0000005858 0.0000035868 0.0000612057 0.0052900131 -0.0001128116 -0.0000038763 0.0033531962 0.0000611820 0.0027294472
1403637221.48830 -0.263201 -2.182731 0.277196 -0.830997 -0.059140 -0.550618 0.052594 0.0003464915 -0.0000083513 -0.0001457154 0.0000005765 0.0000035151 0.0000617650 0.0052556245 -0.0001540750 -0.0000039210 0.0033631082 0.0000610159 0.0027298919
1403637221.53830 -0.311370 -2.164929 0.266694 -0.831674 -0.054451 -0.550146 0.051896 0.0003460052 -0.0000099124 -0.0001460909 0.0000006595 0.0000041896 0.0000621687 0.0052160169 -0.0001904850 -0.0000029654 0.0033733192 0.0000603673 0.0027296860
1403637221.58830 -0.360923 -2.144005 0.258945 -0.832275 -0.051211 -0.549750 0.049713 0.0003456253 -0.0000098997 -0.0001464598 0.0000006598 0.0000041997 0.0000625502 0.0051895902 -0.0002263887 -0.0000030253 0.0033859766 0.0000602695 0.0027301110
1403637221.63830 -0.407570 -2.123593 0.250092 -0.832616 -0.048607 -0.549679 0.047328 0.0003454488 -0.0000095156 -0.0001466561 0.0000006392 0.0000040446 0.0000627496 0.0051571155 -0.0002614983 -0.0000028479 0.0034006993 0.0000601352 0.0027305203
1403637221.68830 -0.453158 -2.103200 0.239840 -0.833536 -0.045714 -0.548638 0.046098 0.0003446032 -0.0000099976 -0.0001474346 0.0000006682 0.0000042828 0.0000635688 0.0051260561 -0.0002939630 -0.0000027487 0.0034163545 0.0000600290 0.0027309513
1403637221.73830 -0.496103 -2.083330 0.228532 -0.833718 -0.043328 -0.548657 0.044855 0.0003445341 -0.0000102061 -0.0001474869 0.0000006815 0.0000043748 0.0000636273 0.0050955866 -0.0003246941 -0.0000026175 0.0034331122 0.0000599151 0.0027313508
1403637221.78830 -0.536723 -2.064530 0.215716 -0.833933 -0.040966 -0.548565 0.044213 0.0003443931 -0.0000107804 -0.0001475806 0.0000007175 0.0000046262 0.0000637344 0.0050663252 -0.0003529646 -0.0000024390 0.0034503498 0.0000598001 0.0027317090
1403637221.83830 -0.574808 -2.047551 0.201963 -0.834554 -0.038112 -0.547935 0.042839 0.0003438525 -0.0000111187 -0.0001480678 0.0000007404 0.0000047949 0.0000642544 0.0050396070 -0.0003789710 -0.0000022043 0.0034677806 0.0000596883 0.0027320337
1403637221.88830 -0.611607 -2.030706 0.186997 -0.835133 -0.033928 -0.547435 0.041426 0.0003433602 -0.0000119839 -0.0001484639 0.0000008003 0.0000051893 0.0000646899 0.0050162583 -0.0004030367 -0.0000020260 0.0034852643 0.0000595974 0.0027324897
1403637221.93830 -0.646336 -2.014819 0.170929 -0.835883 -0.027970 -0.546789 0.039238 0.0003427062 -0.0000130817 -0.0001489825 0.0000008824 0.0000056952 0.0000652646 0.0049936971 -0.0004259673 -0.0000018140 0.0035032617 0.0000594788 0.0027329188
1403637221.98830 -0.677445 -2.000138 0.154273 -0.836216 -0.021940 -0.546882 0.034370 0.0003425879 -0.0000124969 -0.0001491437 0.0000008399 0.0000054482 0.0000654287 0.0049728058 -0.0004468145 -0.0000015152 0.0035209571 0.0000593921 0.0027333887
1403637222.03830 -0.706390 -1.986407 0.136815 -0.836379 -0.013799 -0.547212 0.028948 0.0003426101 -0.0000124446 -0.0001491285 0.0000008368 0.0000054241 0.0000654125 0.0049535659 -0.0004651151 -0.0000011305 0.0035375644 0.0000592561 0.0027337474
1403637222.08830 -0.733449 -1.974217 0.117445 -0.837038 -0.004839 -0.546671 0.022266 0.0003420303 -0.0000119296 -0.0001497074 0.0000008016 0.0000052282 0.0000660305 0.0049360128 -0.0004816859 -0.0000007349 0.0035534518 0.0000591368 0.0027341024
1403637222.13830 -0.761352 -1.964338 0.095751 -0.837145 0.005005 -0.546737 0.015580 0.0003418911 -0.0000117613 -0.0001498492 0.0000007894 0.0000051606 0.0000661824 0.0049166733 -0.0004960459 -0.0000003161 0.0035680698 0.0000587328 0.0027339334
1403637222.18830 -0.786431 -1.954659 0.075559 -0.837025 0.015366 -0.546888 0.008110 0.0003419441 -0.0000113314 -0.0001498346 0.0000007605 0.0000049700 0.0000661604 0.0049044376 -0.0005128474 0.0000001614 0.0035845242 0.0000585177 0.0027341322
1403637222.23830 -0.809391 -1.945499 0.055626 -0.835222 0.025088 -0.549339 0.001216 0.0003436782 -0.0000110649 -0.0001482434 0.0000007416 0.0000047766 0.0000644474 0.0048917055 -0.0005268666 0.0000007090 0.0035993428 0.0000583093 0.0027343071
1403637222.28830 -0.828904 -1.937882 0.034215 0.833146 -0.032527 0.552064 0.005945 0.0003456868 -0.0000097426 -0.0001464220 0.0000006578 0.0000041290 0.0000625199 0.0048662228 -0.0005353701 0.0000017528 0.0036119711 0.0000580538 0.0027337506
1403637222.33829 -0.849535 -1.930093 0.013016 0.829448 -0.039658 0.557064 0.011049 0.0003492472 -0.0000097409 -0.0001428982 0.0000006550 0.0000039873 0.0000589642 0.0048566391 -0.0005462871 0.0000022048 0.0036241563 0.0000579029 0.0027338873
1403637222.38829 -0.867716 -1.923488 -0.008789 0.825480 -0.046056 0.562333 0.015603 0.0003528960 -0.0000098529 -0.0001390914 0.0000006576 0.0000038841 0.0000553131 0.0048457011 -0.0005577658 0.0000031321 0.0036375466 0.0000575994 0.0027338296
1403637222.43829 -0.901474 -1.922357 -0.042071 0.821389 -0.050890 0.567758 0.019512 0.0003563352 -0.0000097117 -0.0001353199 0.0000006355 0.0000036860 0.0000518698 0.0048183619 -0.0005629806 -0.0000006696 0.0036462575 0.0000576929 0.0027313168
1403637222.48829 -0.919939 -1.916598 -0.059345 0.818137 -0.054373 0.571955 0.023724 0.0003594863 -0.0000089479 -0.0001317475 0.0000005938 0.0000032767 0.0000487620 0.0048183126 -0.0005874986 -0.0000000968 0.0036709698 0.0000576002 0.0027315598
1403637222.53829 -0.937496 -1.910500 -0.074720 0.816315 -0.058422 0.574079 0.025501 0.0003608616 -0.0000097597 -0.0001300522 0.0000006357 0.0000035151 0.0000473472 0.0048106260 -0.0005989468 0.0000005088 0.0036850293 0.0000575326 0.0027317768
1403637222.58829 -0.955063 -1.904767 -0.088111 0.815337 -0.061241 0.575079 0.027545 0.0003615566 -0.0000098004 -0.0001292085 0.0000006378 0.0000035002 0.0000466521 0.0048026820 -0.0006093781 0.0000011302 0.0036984650 0.0000574756 0.0027319646
1403637222.63829 -0.972923 -1.899541 -0.099382 0.814120 -0.062737 0.576504 0.030278 0.0003625915 -0.0000088604 -0.0001280074 0.0000005888 0.0000031256 0.0000456679 0.0047955594 -0.0006200260 0.0000017391 0.0037122428 0.0000574317 0.0027321184
1403637222.68830 -0.991223 -1.894597 -0.108780 0.814461 -0.063421 0.575834 0.032344 0.0003622905 -0.0000078427 -0.0001284458 0.0000005420 0.0000027777 0.0000460167 0.0047889012 -0.0006309151 0.0000023332 0.0037265002 0.0000573973 0.0027322223
1403637222.73830 -1.009267 -1.889963 -0.116577 0.815263 -0.064758 0.574535 0.032595 0.0003614559 -0.0000081649 -0.0001294473 0.0000005564 0.0000029215 0.0000468379 0.0047821194 -0.0006419938 0.0000027734 0.0037413460 0.0000573927 0.0027322591
1403637222.78830 -1.026937 -1.885891 -0.122047 0.817347 -0.065060 0.571481 0.033479 0.0003595826 -0.0000075233 -0.0001317280 0.0000005290 0.0000027534 0.0000487389 0.0047764150 -0.0006528511 0.0000033464 0.0037560081 0.0000573969 0.0027323032
1403637222.83830 -1.044197 -1.882111 -0.125081 0.820014 -0.065180 0.567638 0.033411 0.0003570896 -0.0000073285 -0.0001346239 0.0000005215 0.0000027604 0.0000512395 0.0047711868 -0.0006635625 0.0000038976 0.0037707263 0.0000574224 0.0027323110
1403637222.88830 -1.061160 -1.878531 -0.126314 0.823130 -0.065402 0.563124 0.032719 0.0003540702 -0.0000075181 -0.0001379664 0.0000005300 0.0000029273 0.0000542498 0.0047665124 -0.0006738072 0.0000043966 0.0037849991 0.0000574695 0.0027322657
1403637222.93830 -1.077953 -1.875278 -0.126157 0.826671 -0.065080 0.557987 0.032081 0.0003505754 -0.0000073956 -0.0001416742 0.0000005255 0.0000029867 0.0000577482 0.0047622414 -0.0006836566 0.0000048314 0.0037989192 0.0000575377 0.0027321695
1403637222.98830 -1.093899 -1.872642 -0.124153 0.829354 -0.064586 0.554066 0.031784 0.0003478748 -0.0000070894 -0.0001444266 0.0000005130 0.0000029413 0.0000604600 0.0047587293 -0.0006935472 0.0000051959 0.0038128402 0.0000576200 0.0027320218
1403637223.03831 -1.111748 -1.874265 -0.126952 0.831183 -0.064164 0.551445 0.030448 0.0003457939 -0.0000073018 -0.0001464471 0.0000005051 0.0000030867 0.0000625072 0.0047458531 -0.0007006052 -0.0000007281 0.0038238605 0.0000587639 0.0027274044
1403637223.08830 -1.123701 -1.873081 -0.120929 0.832724 -0.063224 0.549250 0.029947 0.0003443991 -0.0000073229 -0.0001477796 0.0000005058 0.0000031372 0.0000638998 0.0047498398 -0.0007130820 -0.0000003197 0.0038382428 0.0000587857 0.0027273132
1403637223.13830 -1.133655 -1.872612 -0.112772 0.833230 -0.062097 0.548622 0.029775 0.0003439584 -0.0000069278 -0.0001482137 0.0000004893 0.0000029808 0.0000643567 0.0047490995 -0.0007198680 0.0000001692 0.0038475295 0.0000588034 0.0027272897
1403637223.18830 -1.141997 -1.872574 -0.102384 0.833099 -0.060945 0.548980 0.029214 0.0003441944 -0.0000068208 -0.0001479942 0.0000004845 0.0000029291 0.0000641249 0.0047492802 -0.0007258031 0.0000006410 0.0038553906 0.0000588302 0.0027272523
1403637223.23831 -1.147739 -1.873211 -0.089748 0.832129 -0.059426 0.550609 0.029313 0.0003453644 -0.0000062383 -0.0001469031 0.0000004615 0.0000026502 0.0000629770 0.0047502088 -0.0007303392 0.0000010800 0.0038611204 0.0000588681 0.0027271898
1403637223.28831 -1.151637 -1.874259 -0.074611 0.829992 -0.057487 0.554014 0.029608 0.0003477873 -0.0000054623 -0.0001445661 0.0000004340 0.0000022675 0.0000605806 0.0047517702 -0.0007337186 0.0000014760 0.0038650456 0.0000589175 0.0027271002
1403637223.33831 -1.153648 -1.875751 -0.057522 0.827310 -0.055437 0.558222 0.029558 0.0003506948 -0.0000048902 -0.0001416390 0.0000004157 0.0000019725 0.0000576903 0.0047536748 -0.0007359902 0.0000018170 0.0038673309 0.0000589807 0.0027269816
1403637223.38831 -1.154075 -1.877442 -0.038897 0.825012 -0.053172 0.561797 0.030203 0.0003531765 -0.0000037347 -0.0001390612 0.0000003863 0.0000014681 0.0000552365 0.0047561127 -0.0007372916 0.0000020936 0.0038680598 0.0000590592 0.0027268291
1403637223.43831 -1.152963 -1.879268 -0.018661 0.822791 -0.051617 0.565213 0.029738 0.0003554403 -0.0000035558 -0.0001365996 0.0000003816 0.0000013648 0.0000529759 0.0047584567 -0.0007374580 0.0000023012 0.0038672866 0.0000591517 0.0027266449
1403637223.48831 -1.150537 -1.881311 0.002948 0.821167 -0.049957 0.567722 0.029674 0.0003570955 -0.0000030164 -0.0001347563 0.0000003706 0.0000011370 0.0000513298 0.0047610386 -0.0007367472 0.0000024378 0.0038652085 0.0000592579 0.0027264285
1403637223.53831 -1.147003 -1.883507 0.025040 0.819591 -0.048563 0.570103 0.029908 0.0003586643 -0.0000023944 -0.0001329666 0.0000003602 0.0000008868 0.0000497694 0.0047638833 -0.0007354885 0.0000025020 0.0038622576 0.0000593779 0.0027261837
1403637223.58831 -1.142607 -1.885681 0.046230 0.818312 -0.047632 0.572017 0.029890 0.0003598999 -0.0000021002 -0.0001315213 0.0000003556 0.0000007671 0.0000485362 0.0047666149 -0.0007335077 0.0000025015 0.0038583730 0.0000595109 0.0027259170
1403637223.63830 -1.127282 -1.884569 0.079955 0.817491 -0.046995 0.573232 0.030088 0.0003608610 -0.0000016668 -0.0001303680 0.0000003419 0.0000006006 0.0000475546 0.0047673247 -0.0007316893 0.0000005284 0.0038523491 0.0000590692 0.0027230392
1403637223.68830 -1.123152 -1.885987 0.096983 0.816916 -0.046483 0.574099 0.029971 0.0003612168 -0.0000016660 -0.0001299363 0.0000003414 0.0000005986 0.0000471971 0.0047651174 -0.0007191817 0.0000006168 0.0038368909 0.0000591546 0.0027228449
1403637223.73830 -1.118831 -1.887639 0.111874 0.816751 -0.045589 0.574376 0.030521 0.0003614062 -0.0000009528 -0.0001297115 0.0000003358 0.0000003419 0.0000470119 0.0047667918 -0.0007166943 0.0000006473 0.0038328322 0.0000592800 0.0027227313
1403637223.78830 -1.114064 -1.889104 0.125175 0.816125 -0.045472 0.575289 0.030248 0.0003619735 -0.0000011170 -0.0001290171 0.0000003363 0.0000003990 0.0000464427 0.0047684018 -0.0007139166 0.0000006441 0.0038284382 0.0000594186 0.0027226201
1403637223.83830 -1.108911 -1.890389 0.136633 0.815766 -0.045085 0.575819 0.030436 0.0003623145 -0.0000008536 -0.0001285984 0.0000003344 0.0000003045 0.0000461020 0.0047697627 -0.0007107500 0.0000006167 0.0038236606 0.0000595668 0.0027225104
1403637223.88830 -1.103557 -1.891676 0.146541 0.815199 -0.044645 0.576629 0.030914 0.0003628372 -0.0000004006 -0.0001279529 0.0000003324 0.0000001434 0.0000455798 0.0047710641 -0.0007075023 0.0000005727 0.0038188163 0.0000597184 0.0027224005
1403637223.93830 -1.097850 -1.892887 0.154616 0.815035 -0.043730 0.576869 0.032060 0.0003630251 0.0000007132 -0.0001277160 0.0000003328 -0.0000002486 0.0000453899 0.0047722479 -0.0007040269 0.0000005177 0.0038137087 0.0000598581 0.0027222705
1403637223.98830 -1.092275 -1.893952 0.160862 0.814794 -0.044105 0.577202 0.031692 0.0003632194 0.0000003001 -0.0001274735 0.0000003313 -0.0000001022 0.0000451957 0.0047731997 -0.0007004927 0.0000004660 0.0038086723 0.0000600099 0.0027221581
1403637224.03830 -1.087152 -1.894953 0.165575 0.814527 -0.044355 0.577555 0.031750 0.0003634410 0.0000002045 -0.0001271946 0.0000003307 -0.0000000678 0.0000449731 0.0047741059 -0.0006973050 0.0000004186 0.0038040954 0.0000601539 0.0027220428
1403637224.08830 -1.082085 -1.895745 0.168360 0.814694 -0.044338 0.577324 0.031703 0.0003632978 0.0000001989 -0.0001273715 0.0000003303 -0.0000000654 0.0000451151 0.0047746071 -0.0006939498 0.0000003823 0.0037994795 0.0000602912 0.0027219224
1403637224.13830 -1.076763 -1.896247 0.169850 0.814337 -0.043785 0.577807 0.032823 0.0003636315 0.0000011173 -0.0001269467 0.0000003332 -0.0000003856 0.0000447767 0.0047749400 -0.0006904829 0.0000003597 0.0037947916 0.0000604207 0.0027217943
1403637224.18830 -1.071652 -1.896387 0.169510 0.814203 -0.043841 0.577989 0.032873 0.0003637397 0.0000011119 -0.0001268086 0.0000003328 -0.0000003826 0.0000446672 0.0047745660 -0.0006867606 0.0000003528 0.0037900622 0.0000605352 0.0027216557
1403637224.23830 -1.066271 -1.891983 0.169946 0.813937 -0.043387 0.578331 0.034015 0.0003640166 0.0000019399 -0.0001264360 0.0000003347 -0.0000006690 0.0000443685 0.0047733430 -0.0006833206 0.0000005048 0.0037836254 0.0000594558 0.0027195188
1403637224.28831 -1.061596 -1.891629 0.166475 0.813391 -0.043206 0.579086 0.034461 0.0003644504 0.0000023340 -0.0001258758 0.0000003389 -0.0000008010 0.0000439284 0.0047659090 -0.0006776638 0.0000004639 0.0037791404 0.0000595507 0.0027194561
1403637224.33830 -1.057356 -1.890849 0.161695 0.813107 -0.043335 0.579488 0.034242 0.0003646898 0.0000021180 -0.0001255712 0.0000003359 -0.0000007234 0.0000436902 0.0047642299 -0.0006742540 0.0000004392 0.0037753059 0.0000596744 0.0027193980
1403637224.38830 -1.053400 -1.889781 0.155490 0.813213 -0.042863 0.579333 0.034934 0.0003646058 0.0000027696 -0.0001256629 0.0000003444 -0.0000009484 0.0000437640 0.0047620985 -0.0006708730 0.0000004368 0.0037716952 0.0000597994 0.0027193467
1403637224.43831 -1.050094 -1.888580 0.148006 0.813131 -0.042336 0.579408 0.036210 0.0003646741 0.0000038003 -0.0001255461 0.0000003627 -0.0000013020 0.0000436759 0.0047597669 -0.0006677995 0.0000004595 0.0037685477 0.0000599212 0.0027192966
1403637224.48831 -1.047163 -1.886935 0.139242 0.813022 -0.041940 0.579564 0.036641 0.0003647737 0.0000042420 -0.0001254021 0.0000003722 -0.0000014517 0.0000435652 0.0047568076 -0.0006648748 0.0000005070 0.0037658130 0.0000600396 0.0027192462
1403637224.53831 -1.044089 -1.885047 0.129243 0.812544 -0.041609 0.580215 0.037305 0.0003651925 0.0000047763 -0.0001248421 0.0000003851 -0.0000016258 0.0000431319 0.0047535041 -0.0006620950 0.0000005795 0.0037633816 0.0000601528 0.0027191897
1403637224.58831 -1.041163 -1.882677 0.118829 0.812353 -0.042225 0.580482 0.036597 0.0003653477 0.0000040439 -0.0001246651 0.0000003672 -0.0000013721 0.0000429931 0.0047495615 -0.0006590449 0.0000006749 0.0037608590 0.0000602588 0.0027191238
1403637224.63830 -1.038616 -1.879854 0.109413 0.812045 -0.043656 0.580948 0.034291 0.0003655817 0.0000019363 -0.0001244102 0.0000003326 -0.0000006498 0.0000427921 0.0047449229 -0.0006560932 0.0000007914 0.0037587083 0.0000603516 0.0027190515
1403637224.68830 -1.036403 -1.876785 0.101643 0.811563 -0.046354 0.581633 0.030338 0.0003658644 -0.0000017876 -0.0001240423 0.0000003310 0.0000006171 0.0000425094 0.0047399845 -0.0006532309 0.0000009226 0.0037567782 0.0000604326 0.0027189738
1403637224.73830 -1.035142 -1.873707 0.094498 0.812279 -0.049073 0.580600 0.026428 0.0003650402 -0.0000053989 -0.0001250029 0.0000004020 0.0000018617 0.0000432608 0.0047353326 -0.0006510668 0.0000010624 0.0037555838 0.0000605082 0.0027188961
1403637224.78831 -1.034583 -1.870904 0.089221 0.812555 -0.049960 0.580193 0.025180 0.0003647117 -0.0000065563 -0.0001253666 0.0000004400 0.0000022676 0.0000435496 0.0047311067 -0.0006495133 0.0000012101 0.0037549783 0.0000605731 0.0027188160
1403637224.83830 -1.036110 -1.874317 0.082801 0.812836 -0.049859 0.579803 0.025308 0.0003644367 -0.0000063273 -0.0001257167 0.0000004290 0.0000021964 0.0000438207 0.0047273445 -0.0006496561 0.0000008009 0.0037539177 0.0000600233 0.0027176342
1403637224.88830 -1.037103 -1.872723 0.080244 0.812147 -0.048320 0.580796 0.027526 0.0003652016 -0.0000043910 -0.0001248153 0.0000003716 0.0000015141 0.0000431112 0.0047330126 -0.0006529247 0.0000008915 0.0037555110 0.0000600808 0.0027175725
1403637224.93830 -1.038252 -1.871281 0.076818 0.811831 -0.046385 0.581238 0.030670 0.0003656146 -0.0000015774 -0.0001243452 0.0000003252 0.0000005492 0.0000427426 0.0047307159 -0.0006532781 0.0000009934 0.0037565057 0.0000601309 0.0027175403
1403637224.98830 -1.039635 -1.869485 0.071698 0.811670 -0.044995 0.581465 0.032667 0.0003658222 0.0000002826 -0.0001240823 0.0000003184 -0.0000000834 0.0000425402 0.0047280003 -0.0006536478 0.0000011009 0.0037576901 0.0000601862 0.0027175146
1403637225.03830 -1.041564 -1.867385 0.065141 0.811663 -0.044133 0.581477 0.033773 0.0003658570 0.0000013613 -0.0001240270 0.0000003231 -0.0000004490 0.0000424991 0.0047248617 -0.0006541699 0.0000012151 0.0037592336 0.0000602451 0.0027174946
1403637225.08830 -1.043628 -1.864831 0.057519 0.811685 -0.043043 0.581434 0.035356 0.0003658691 0.0000028451 -0.0001239835 0.0000003399 -0.0000009518 0.0000424685 0.0047211734 -0.0006547079 0.0000013354 0.0037610173 0.0000603060 0.0027174782
1403637225.13830 -1.045473 -1.861742 0.049011 0.810846 -0.042161 0.582614 0.036221 0.0003666065 0.0000037250 -0.0001229900 0.0000003555 -0.0000012372 0.0000417140 0.0047167271 -0.0006550275 0.0000014590 0.0037628293 0.0000603661 0.0027174624
1403637225.18830 -1.047634 -1.858187 0.038861 0.810602 -0.041829 0.582970 0.036350 0.0003668221 0.0000039376 -0.0001226957 0.0000003598 -0.0000013043 0.0000414926 0.0047116171 -0.0006552046 0.0000015840 0.0037647300 0.0000604280 0.0027174478
1403637225.23830 -1.049591 -1.854119 0.027503 0.810226 -0.041064 0.583531 0.036591 0.0003671638 0.0000044109 -0.0001222228 0.0000003705 -0.0000014552 0.0000411388 0.0047058636 -0.0006550945 0.0000017096 0.0037665309 0.0000604875 0.0027174317
1403637225.28830 -1.051931 -1.849720 0.015434 0.810278 -0.041128 0.583521 0.035524 0.0003671264 0.0000037171 -0.0001222933 0.0000003551 -0.0000012243 0.0000411901 0.0046991442 -0.0006545879 0.0000018466 0.0037682643 0.0000605474 0.0027174297
1403637225.33830 -1.054485 -1.844669 0.003891 0.809684 -0.040423 0.584365 0.035998 0.0003676309 0.0000042929 -0.0001215977 0.0000003678 -0.0000014058 0.0000406723 0.0046922380 -0.0006543944 0.0000019928 0.0037705103 0.0000605971 0.0027174489
1403637225.38830 -1.056854 -1.839104 -0.005949 0.809170 -0.039935 0.585111 0.035985 0.0003680732 0.0000044700 -0.0001209926 0.0000003721 -0.0000014548 0.0000402247 0.0046844073 -0.0006537671 0.0000021405 0.0037725982 0.0000606375 0.0027174705
1403637225.43830 -1.056582 -1.835086 -0.012608 0.808430 -0.039230 0.586194 0.035762 0.0003687274 0.0000046237 -0.0001200845 0.0000003738 -0.0000014918 0.0000395578 0.0046750684 -0.0006541509 0.0000014786 0.0037743726 0.0000602596 0.0027167206
1403637225.48830 -1.061598 -1.828954 -0.018910 0.808095 -0.038819 0.586685 0.035733 0.0003689850 0.0000047453 -0.0001197230 0.0000003769 -0.0000015253 0.0000392956 0.0046689009 -0.0006529213 0.0000015893 0.0037750359 0.0000602507 0.0027167211
1403637225.53830 -1.066991 -1.822147 -0.023021 0.808314 -0.037914 0.586426 0.036004 0.0003688247 0.0000053405 -0.0001199156 0.0000003933 -0.0000017217 0.0000394382 0.0046594351 -0.0006537675 0.0000017075 0.0037797046 0.0000602406 0.0027167710
1403637225.58830 -1.072712 -1.814807 -0.025381 0.809154 -0.037514 0.585322 0.035516 0.0003681569 0.0000052693 -0.0001208278 0.0000003914 -0.0000017143 0.0000401066 0.0046494078 -0.0006546576 0.0000018316 0.0037847570 0.0000602242 0.0027168311
1403637225.63830 -1.078840 -1.806952 -0.025662 0.810245 -0.036790 0.583834 0.035878 0.0003672616 0.0000058904 -0.0001220026 0.0000004106 -0.0000019415 0.0000409815 0.0046387085 -0.0006555155 0.0000019568 0.0037901486 0.0000602015 0.0027168990
1403637225.68831 -1.084888 -1.798621 -0.024035 0.812628 -0.037173 0.580540 0.035035 0.0003652387 0.0000053310 -0.0001246837 0.0000003941 -0.0000018041 0.0000430197 0.0046273184 -0.0006558081 0.0000020764 0.0037952076 0.0000601738 0.0027169676
1403637225.73831 -1.091349 -1.790006 -0.020665 0.813854 -0.036501 0.578833 0.035523 0.0003641891 0.0000060122 -0.0001259949 0.0000004156 -0.0000020641 0.0000440465 0.0046157249 -0.0006564328 0.0000021854 0.0038008951 0.0000601426 0.0027170394
1403637225.78831 -1.097110 -1.780934 -0.015427 0.816109 -0.036418 0.575655 0.035516 0.0003621975 0.0000061789 -0.0001284737 0.0000004219 -0.0000021757 0.0000460305 0.0046035404 -0.0006562239 0.0000022765 0.0038058446 0.0000601098 0.0027171037
1403637225.83830 -1.103213 -1.770978 -0.007885 0.818114 -0.036969 0.572817 0.034691 0.0003603881 0.0000055344 -0.0001306945 0.0000004017 -0.0000019906 0.0000478590 0.0045907960 -0.0006556554 0.0000023306 0.0038106851 0.0000600508 0.0027172211
1403637225.88830 -1.108850 -1.760371 0.002232 0.819600 -0.036765 0.570713 0.034509 0.0003590305 0.0000056011 -0.0001322954 0.0000004042 -0.0000020473 0.0000492129 0.0045770173 -0.0006546071 0.0000023553 0.0038154566 0.0000599932 0.0027173354
1403637225.93830 -1.113895 -1.748949 0.014950 0.818239 -0.036384 0.572703 0.034247 0.0003603005 0.0000055202 -0.0001307957 0.0000004016 -0.0000019870 0.0000479449 0.0045623636 -0.0006531462 0.0000023581 0.0038202673 0.0000599321 0.0027174714
1403637225.98830 -1.118804 -1.737048 0.029238 0.816041 -0.036291 0.575834 0.034278 0.0003622876 0.0000054473 -0.0001283876 0.0000003991 -0.0000019133 0.0000459596 0.0045471753 -0.0006511616 0.0000023281 0.0038247262 0.0000598834 0.0027176071
1403637226.03830 -1.124711 -1.722806 0.044250 0.813465 -0.036124 0.579494 0.034002 0.0003645378 0.0000051825 -0.0001255690 0.0000003888 -0.0000017683 0.0000437113 0.0045300548 -0.0006478250 0.0000016824 0.0038271765 0.0000599237 0.0027170894
1403637226.08830 -1.128782 -1.710242 0.060011 0.811823 -0.035902 0.581799 0.034113 0.0003659668 0.0000052671 -0.0001237164 0.0000003909 -0.0000017635 0.0000422793 0.0045114304 -0.0006452234 0.0000016567 0.0038328332 0.0000598779 0.0027172646
1403637226.13830 -1.133133 -1.696996 0.073857 0.809956 -0.035929 0.584404 0.033951 0.0003675391 0.0000050429 -0.0001216401 0.0000003845 -0.0000016515 0.0000407130 0.0044948361 -0.0006420174 0.0000016197 0.0038367567 0.0000598517 0.0027174337
1403637226.18830 -1.137970 -1.683292 0.085707 0.809069 -0.035972 0.585619 0.034105 0.0003682713 0.0000050710 -0.0001206474 0.0000003853 -0.0000016435 0.0000399796 0.0044777114 -0.0006387759 0.0000015649 0.0038410729 0.0000598447 0.0027176170
1403637226.23830 -1.143065 -1.669098 0.096186 0.808330 -0.035837 0.586643 0.034194 0.0003688829 0.0000051433 -0.0001198067 0.0000003875 -0.0000016522 0.0000393660 0.0044602311 -0.0006357290 0.0000015343 0.0038462172 0.0000598634 0.0027178274
1403637226.28830 -1.148736 -1.654629 0.104736 0.809003 -0.035465 0.585690 0.034995 0.0003683234 0.0000058522 -0.0001205387 0.0000004092 -0.0000018968 0.0000399041 0.0044426264 -0.0006326769 0.0000014966 0.0038516464 0.0000599005 0.0027180468
1403637226.33830 -1.154950 -1.639849 0.111393 0.811220 -0.035337 0.582605 0.035284 0.0003664667 0.0000062203 -0.0001230082 0.0000004222 -0.0000020692 0.0000417482 0.0044247918 -0.0006296677 0.0000014540 0.0038575154 0.0000599541 0.0027182738
1403637226.38830 -1.161641 -1.624608 0.116785 0.814131 -0.034943 0.578514 0.035919 0.0003639557 0.0000069617 -0.0001262134 0.0000004502 -0.0000023953 0.0000442315 0.0044065673 -0.0006266227 0.0000014095 0.0038638369 0.0000600182 0.0027185050
1403637226.43831 -1.168775 -1.609224 0.120603 0.818291 -0.034958 0.572594 0.036243 0.0003602260 0.0000074026 -0.0001307721 0.0000004697 -0.0000026683 0.0000479423 0.0043880066 -0.0006234253 0.0000013721 0.0038704669 0.0000600889 0.0027187510
1403637226.48831 -1.175868 -1.593302 0.123362 0.821561 -0.035354 0.567898 0.035765 0.0003571840 0.0000071169 -0.0001343335 0.0000004599 -0.0000026571 0.0000509947 0.0043695325 -0.0006202171 0.0000013386 0.0038773412 0.0000601645 0.0027189953
1403637226.53831 -1.182733 -1.577145 0.125451 0.823759 -0.034907 0.564698 0.036323 0.0003550728 0.0000077874 -0.0001366637 0.0000004894 -0.0000029776 0.0000530769 0.0043508478 -0.0006166338 0.0000013111 0.0038840971 0.0000602578 0.0027192126
1403637226.58831 -1.189014 -1.560390 0.126722 0.825783 -0.034258 0.561712 0.037251 0.0003530716 0.0000087586 -0.0001387830 0.0000005365 -0.0000034232 0.0000550317 0.0043319885 -0.0006123441 0.0000012915 0.0038901310 0.0000603362 0.0027194348
1403637226.63831 -1.198869 -1.542227 0.125750 0.826672 -0.034178 0.560401 0.037350 0.0003521399 0.0000089333 -0.0001397588 0.0000005437 -0.0000035266 0.0000559481 0.0043111814 -0.0006065909 0.0000009024 0.0038936926 0.0000601655 0.0027187988
1403637226.68831 -1.203715 -1.524304 0.125344 0.827230 -0.034590 0.559578 0.036974 0.0003516358 0.0000085205 -0.0001403155 0.0000005240 -0.0000033805 0.0000564727 0.0042903156 -0.0006031428 0.0000008426 0.0039032725 0.0000602068 0.0027190170
1403637226.73831 -1.207792 -1.505719 0.123623 0.827779 -0.035244 0.558791 0.035951 0.0003510961 0.0000076325 -0.0001409306 0.0000004838 -0.0000030434 0.0000570531 0.0042699188 -0.0005964934 0.0000007899 0.0039073266 0.0000602454 0.0027191892
1403637226.78831 -1.211144 -1.486623 0.121117 0.828031 -0.035391 0.558457 0.035173 0.0003508589 0.0000070962 -0.0001412046 0.0000004617 -0.0000028349 0.0000573128 0.0042494701 -0.0005891550 0.0000007512 0.0039104814 0.0000602750 0.0027193367
1403637226.83831 -1.213409 -1.467178 0.117773 0.827760 -0.035471 0.558851 0.035229 0.0003511315 0.0000070802 -0.0001409208 0.0000004612 -0.0000028202 0.0000570411 0.0042286944 -0.0005812215 0.0000007110 0.0039131046 0.0000602954 0.0027194704
1403637226.88831 -1.214613 -1.446963 0.113755 0.827562 -0.037081 0.559154 0.033359 0.0003513232 0.0000052127 -0.0001408011 0.0000003960 -0.0000020666 0.0000569149 0.0042074588 -0.0005721764 0.0000006736 0.0039143387 0.0000603075 0.0027195829
1403637226.93831 -1.214243 -1.426188 0.109254 0.826982 -0.039778 0.559998 0.030342 0.0003518415 0.0000021447 -0.0001403366 0.0000003320 -0.0000008312 0.0000564608 0.0041859417 -0.0005623012 0.0000006394 0.0039145187 0.0000603166 0.0027197067
1403637226.98831 -1.213028 -1.405865 0.103837 0.825876 -0.043084 0.561585 0.026347 0.0003527833 -0.0000018234 -0.0001393423 0.0000003288 0.0000007466 0.0000555227 0.0041643555 -0.0005513200 0.0000006133 0.0039129598 0.0000603236 0.0027198163
1403637227.03831 -1.210521 -1.385873 0.098020 0.824414 -0.048094 0.563591 0.019834 0.0003537770 -0.0000081383 -0.0001380457 0.0000005072 0.0000032052 0.0000543508 0.0041438959 -0.0005404461 0.0000005885 0.0039107558 0.0000603239 0.0027199035
1403637227.08831 -1.207385 -1.366423 0.092715 0.822769 -0.053103 0.565724 0.013701 0.0003546894 -0.0000142437 -0.0001365495 0.0000008927 0.0000055162 0.0000530531 0.0041245759 -0.0005297572 0.0000005556 0.0039080340 0.0000603149 0.0027199809
1403637227.13832 -1.203629 -1.348290 0.088672 0.821065 -0.057901 0.567832 0.008114 0.0003554615 -0.0000199187 -0.0001349763 0.0000014378 0.0000075989 0.0000517364 0.0041064265 -0.0005191287 0.0000005275 0.0039044451 0.0000602997 0.0027200414
1403637227.18832 -1.199194 -1.331623 0.086122 0.820360 -0.059695 0.568686 0.006563 0.0003558000 -0.0000217133 -0.0001343173 0.0000016472 0.0000082334 0.0000511890 0.0040901416 -0.0005092389 0.0000005013 0.0039005751 0.0000602883 0.0027200868
1403637227.23832 -1.191430 -1.318383 0.088717 0.819664 -0.060573 0.569598 0.006346 0.0003563620 -0.0000222756 -0.0001335829 0.0000017136 0.0000083867 0.0000505563 0.0040744011 -0.0004992973 0.0000003342 0.0038947767 0.0000601075 0.0027196801
1403637227.28832 -1.187154 -1.305228 0.090700 0.819538 -0.058248 0.569955 0.010753 0.0003570245 -0.0000185597 -0.0001333935 0.0000012856 0.0000069697 0.0000503224 0.0040633255 -0.0004903122 0.0000003446 0.0038875865 0.0000601233 0.0027197212
1403637227.33832 -1.182962 -1.293553 0.094871 0.819950 -0.056095 0.569484 0.014936 0.0003571151 -0.0000149853 -0.0001337380 0.0000009493 0.0000056461 0.0000505687 0.0040519909 -0.0004827101 0.0000003429 0.0038835502 0.0000601495 0.0027197770
1403637227.38832 -1.178066 -1.283104 0.099455 0.820000 -0.054209 0.569471 0.019081 0.0003574309 -0.0000115735 -0.0001337148 0.0000006951 0.0000043626 0.0000505079 0.0040419656 -0.0004755653 0.0000003315 0.0038791022 0.0000601858 0.0027198515
1403637227.43832 -1.172701 -1.273554 0.103190 0.821049 -0.052272 0.568005 0.022724 0.0003567333 -0.0000083647 -0.0001347474 0.0000005163 0.0000031916 0.0000513850 0.0040328182 -0.0004686036 0.0000003163 0.0038741013 0.0000602381 0.0027199067
1403637227.48831 -1.167057 -1.264931 0.105792 0.821421 -0.051698 0.567444 0.024526 0.0003564721 -0.0000069503 -0.0001351220 0.0000004558 0.0000026664 0.0000517072 0.0040244011 -0.0004617647 0.0000002984 0.0038686074 0.0000603004 0.0027199450
1403637227.53831 -1.161197 -1.257410 0.106666 0.821611 -0.052224 0.567082 0.025419 0.0003562688 -0.0000065985 -0.0001353674 0.0000004425 0.0000025392 0.0000519239 0.0040168125 -0.0004554632 0.0000002612 0.0038632086 0.0000603966 0.0027199325
1403637227.58831 -1.155419 -1.249896 0.106171 0.822147 -0.053521 0.566214 0.024746 0.0003556367 -0.0000075274 -0.0001360252 0.0000004798 0.0000029120 0.0000525190 0.0040102142 -0.0004495319 0.0000002463 0.0038575740 0.0000604649 0.0027199255
1403637227.63831 -1.148540 -1.243643 0.105191 0.821949 -0.055977 0.566374 0.022079 0.0003555424 -0.0000102541 -0.0001359506 0.0000006165 0.0000039555 0.0000524765 0.0040035224 -0.0004434414 0.0000001837 0.0038516821 0.0000605669 0.0027198851
1403637227.68831 -1.141588 -1.237555 0.102370 0.822427 -0.057833 0.565554 0.020460 0.0003548425 -0.0000120175 -0.0001365810 0.0000007281 0.0000046615 0.0000530649 0.0039983628 -0.0004376410 0.0000001687 0.0038446984 0.0000606324 0.0027198395
1403637227.73831 -1.134119 -1.232142 0.098505 0.822323 -0.059567 0.565594 0.018454 0.0003546818 -0.0000140143 -0.0001365665 0.0000008751 0.0000054333 0.0000530783 0.0039931966 -0.0004318735 0.0000001702 0.0038377572 0.0000606814 0.0027197863
1403637227.78831 -1.126323 -1.227646 0.093980 0.822331 -0.061426 0.565445 0.016417 0.0003543642 -0.0000160745 -0.0001366877 0.0000010509 0.0000062391 0.0000532199 0.0039888362 -0.0004263731 0.0000001832 0.0038304787 0.0000607177 0.0027197118
1403637227.83831 -1.117038 -1.227399 0.091560 0.822049 -0.060489 0.565889 0.018614 0.0003548844 -0.0000143086 -0.0001363064 0.0000008980 0.0000055339 0.0000528491 0.0039855341 -0.0004212625 0.0000001253 0.0038220932 0.0000607186 0.0027194045
1403637227.88831 -1.108536 -1.224558 0.085949 0.819603 -0.059427 0.569488 0.020050 0.0003573377 -0.0000132394 -0.0001336525 0.0000008115 0.0000049897 0.0000504822 0.0039857953 -0.0004173515 0.0000001768 0.0038132465 0.0000607366 0.0027193080
1403637227.93831 -1.099743 -1.222465 0.079954 0.816462 -0.056804 0.574089 0.024187 0.0003606263 -0.0000098175 -0.0001300893 0.0000005878 0.0000035779 0.0000474170 0.0039836345 -0.0004126519 0.0000002217 0.0038053394 0.0000607485 0.0027192220
1403637227.98831 -1.091051 -1.220749 0.073186 0.813805 -0.054363 0.577945 0.027306 0.0003632715 -0.0000070343 -0.0001270236 0.0000004564 0.0000024951 0.0000449026 0.0039816794 -0.0004081176 0.0000002687 0.0037975362 0.0000607480 0.0027191120
1403637228.03831 -1.082633 -1.219326 0.066207 0.810939 -0.051423 0.582040 0.031053 0.0003660083 -0.0000036283 -0.0001236631 0.0000003558 0.0000012602 0.0000422659 0.0039799344 -0.0004038722 0.0000003163 0.0037900816 0.0000607367 0.0027189815
1403637228.08831 -1.075234 -1.217675 0.058636 0.809570 -0.049875 0.583998 0.032474 0.0003672571 -0.0000021533 -0.0001220446 0.0000003323 0.0000007497 0.0000410400 0.0039779689 -0.0003997351 0.0000003593 0.0037830857 0.0000607166 0.0027188415
1403637228.13831 -1.068414 -1.216078 0.051140 0.807576 -0.049092 0.586831 0.032260 0.0003689403 -0.0000020994 -0.0001197613 0.0000003316 0.0000007161 0.0000393567 0.0039759729 -0.0003960701 0.0000004051 0.0037770604 0.0000606846 0.0027186933
1403637228.18831 -1.062373 -1.214403 0.044037 0.806794 -0.047938 0.587978 0.032658 0.0003696372 -0.0000013934 -0.0001188049 0.0000003247 0.0000004827 0.0000386657 0.0039740228 -0.0003927654 0.0000004537 0.0037717100 0.0000606481 0.0027185419
1403637228.23831 -1.057089 -1.212489 0.038442 0.805556 -0.047277 0.589760 0.032063 0.0003706590 -0.0000015627 -0.0001173643 0.0000003260 0.0000005303 0.0000376416 0.0039718099 -0.0003897462 0.0000005048 0.0037672039 0.0000606046 0.0027183922
1403637228.28831 -1.052287 -1.210350 0.033944 0.805244 -0.046113 0.590240 0.032755 0.0003709587 -0.0000006186 -0.0001169448 0.0000003203 0.0000002307 0.0000373467 0.0039695858 -0.0003870151 0.0000005316 0.0037633906 0.0000605625 0.0027183161
1403637228.33831 -1.048133 -1.208180 0.031097 0.804501 -0.046165 0.591299 0.031821 0.0003715417 -0.0000012886 -0.0001161009 0.0000003237 0.0000004390 0.0000367593 0.0039672567 -0.0003844218 0.0000005590 0.0037599585 0.0000605192 0.0027182362
1403637228.38831 -1.044960 -1.205955 0.030105 0.804874 -0.044128 0.590838 0.033776 0.0003713412 0.0000008999 -0.0001163912 0.0000003213 -0.0000002460 0.0000369614 0.0039649703 -0.0003821482 0.0000005914 0.0037571431 0.0000604775 0.0027181565
1403637228.43831 -1.042615 -1.203932 0.030713 0.804416 -0.043209 0.591507 0.034161 0.0003717328 0.0000015389 -0.0001158167 0.0000003253 -0.0000004432 0.0000365636 0.0039622398 -0.0003800746 0.0000005666 0.0037546605 0.0000604701 0.0027179835
1403637228.48831 -1.041347 -1.200925 0.033006 0.803960 -0.041780 0.592129 0.035880 0.0003721208 0.0000032276 -0.0001152163 0.0000003467 -0.0000009633 0.0000361532 0.0039598923 -0.0003786407 0.0000006056 0.0037535798 0.0000604438 0.0027179082
1403637228.53831 -1.041419 -1.197383 0.036949 0.803512 -0.040100 0.592772 0.037170 0.0003724921 0.0000047810 -0.0001146167 0.0000003800 -0.0000014351 0.0000357476 0.0039565144 -0.0003771678 0.0000006423 0.0037534424 0.0000604214 0.0027178430
1403637228.58831 -1.042800 -1.193441 0.042679 0.803144 -0.038553 0.593252 0.039051 0.0003727780 0.0000066423 -0.0001141004 0.0000004368 -0.0000019974 0.0000354038 0.0039528804 -0.0003760706 0.0000006746 0.0037543482 0.0000604051 0.0027177872
1403637228.63831 -1.044846 -1.188753 0.050044 0.803338 -0.037465 0.593003 0.039905 0.0003726244 0.0000076928 -0.0001142592 0.0000004772 -0.0000023230 0.0000355160 0.0039486621 -0.0003750120 0.0000007062 0.0037559623 0.0000603945 0.0027177402
1403637228.68831 -1.048057 -1.183363 0.057863 0.805345 -0.037818 0.590273 0.039589 0.0003710589 0.0000074589 -0.0001165471 0.0000004682 -0.0000023065 0.0000370894 0.0039439534 -0.0003742084 0.0000007374 0.0037586592 0.0000603918 0.0027177076
1403637228.73831 -1.052358 -1.176869 0.064926 0.807970 -0.039155 0.586692 0.037995 0.0003689637 0.0000060196 -0.0001195707 0.0000004164 -0.0000019136 0.0000392354 0.0039384350 -0.0003733821 0.0000007641 0.0037622481 0.0000603970 0.0027176912
1403637228.78831 -1.057321 -1.169643 0.071043 0.810715 -0.041398 0.582938 0.034803 0.0003666695 0.0000031860 -0.0001227748 0.0000003460 -0.0000010281 0.0000415991 0.0039322511 -0.0003724225 0.0000007871 0.0037663885 0.0000604080 0.0027176887
1403637228.83831 -1.062562 -1.162079 0.075894 0.813386 -0.043634 0.579197 0.032101 0.0003643114 0.0000006753 -0.0001258718 0.0000003196 -0.0000001932 0.0000439826 0.0039258050 -0.0003713804 0.0000008063 0.0037707928 0.0000604249 0.0027176966
1403637228.88831 -1.067965 -1.154370 0.079649 0.815178 -0.045841 0.576643 0.029432 0.0003626249 -0.0000018434 -0.0001279748 0.0000003279 0.0000006921 0.0000456598 0.0039193759 -0.0003703709 0.0000008222 0.0037754105 0.0000604451 0.0027177123
1403637228.93831 -1.073190 -1.147126 0.082653 0.815576 -0.046164 0.576041 0.029695 0.0003622551 -0.0000017914 -0.0001284303 0.0000003272 0.0000006768 0.0000460292 0.0039134053 -0.0003694324 0.0000008360 0.0037798273 0.0000604704 0.0027177297
1403637228.98831 -1.078708 -1.139760 0.084974 0.815131 -0.044635 0.576634 0.032600 0.0003627335 0.0000006760 -0.0001278483 0.0000003193 -0.0000001974 0.0000455577 0.0039073101 -0.0003685104 0.0000008475 0.0037845853 0.0000604982 0.0027177529
1403637229.03831 -1.084656 -1.131984 0.086471 0.814357 -0.043112 0.577700 0.035026 0.0003634581 0.0000028214 -0.0001269129 0.0000003397 -0.0000009451 0.0000448114 0.0039009152 -0.0003674998 0.0000008625 0.0037894719 0.0000605353 0.0027177644
1403637229.08831 -1.090757 -1.124213 0.087338 0.812389 -0.041893 0.580436 0.036921 0.0003651890 0.0000044173 -0.0001246613 0.0000003711 -0.0000014683 0.0000430481 0.0038945012 -0.0003665312 0.0000008638 0.0037948138 0.0000605622 0.0027177853
1403637229.13831 -1.097194 -1.116243 0.087472 0.810461 -0.040770 0.583088 0.038720 0.0003668292 0.0000059229 -0.0001224481 0.0000004131 -0.0000019379 0.0000413650 0.0038879488 -0.0003655740 0.0000008677 0.0038005111 0.0000605860 0.0027177966
1403637229.18831 -1.104212 -1.107804 0.086167 0.809436 -0.039380 0.584474 0.040660 0.0003676718 0.0000076965 -0.0001212195 0.0000004783 -0.0000024988 0.0000404562 0.0038812667 -0.0003646619 0.0000008582 0.0038066927 0.0000606084 0.0027178133
1403637229.23831 -1.111525 -1.098767 0.083541 0.808822 -0.039108 0.585264 0.041752 0.0003681557 0.0000084639 -0.0001205109 0.0000005116 -0.0000027320 0.0000399381 0.0038741255 -0.0003635409 0.0000008439 0.0038132348 0.0000606277 0.0027178301
1403637229.28831 -1.119270 -1.089399 0.079717 0.808739 -0.039769 0.585216 0.043378 0.0003681638 0.0000091834 -0.0001204456 0.0000005456 -0.0000029662 0.0000398950 0.0038667457 -0.0003623413 0.0000008326 0.0038201951 0.0000606420 0.0027178385
1403637229.33831 -1.127611 -1.079697 0.074381 0.809188 -0.042042 0.584276 0.045485 0.0003676819 0.0000095180 -0.0001210719 0.0000005623 -0.0000030967 0.0000403595 0.0038591865 -0.0003611367 0.0000008053 0.0038277487 0.0000606576 0.0027178709
1403637229.38831 -1.136100 -1.069870 0.067615 0.810993 -0.048418 0.581263 0.045613 0.0003660036 0.0000068735 -0.0001234805 0.0000004441 -0.0000022817 0.0000421554 0.0038516470 -0.0003599268 0.0000007787 0.0038356433 0.0000606718 0.0027179088
1403637229.43831 -1.146268 -1.059859 0.058967 0.814177 -0.057757 0.576018 0.044533 0.0003628365 0.0000023385 -0.0001276871 0.0000003291 -0.0000007855 0.0000454370 0.0038441117 -0.0003591313 0.0000007628 0.0038449700 0.0000606850 0.0027179546
1403637229.48831 -1.157065 -1.049844 0.049246 0.817190 -0.070490 0.570472 0.042355 0.0003591843 -0.0000042411 -0.0001320486 0.0000003631 0.0000015973 0.0000490549 0.0038366870 -0.0003585888 0.0000007484 0.0038552689 0.0000606908 0.0027180229
1403637229.53832 -1.167685 -1.040527 0.039380 0.819492 -0.085211 0.565294 0.040179 0.0003553898 -0.0000115544 -0.0001359529 0.0000006879 0.0000044589 0.0000525246 0.0038297490 -0.0003581070 0.0000007456 0.0038654087 0.0000606941 0.0027180941
1403637229.58832 -1.177942 -1.032446 0.028849 0.821150 -0.100603 0.560357 0.039902 0.0003515550 -0.0000178196 -0.0001394426 0.0000012147 0.0000071067 0.0000558328 0.0038238219 -0.0003579622 0.0000007539 0.0038751345 0.0000606971 0.0027181630
1403637229.63832 -1.187913 -1.026213 0.018183 0.821732 -0.116857 0.556245 0.041146 0.0003481471 -0.0000234374 -0.0001421462 0.0000018886 0.0000096070 0.0000585674 0.0038193193 -0.0003584699 0.0000007720 0.0038844113 0.0000607041 0.0027182292
1403637229.68832 -1.197143 -1.022097 0.006905 0.821498 -0.132863 0.552726 0.044522 0.0003452721 -0.0000275960 -0.0001442678 0.0000025157 0.0000115661 0.0000608162 0.0038163411 -0.0003598168 0.0000007959 0.0038934562 0.0000607165 0.0027182959
1403637229.73832 -1.205723 -1.020307 -0.004077 0.820364 -0.146571 0.550262 0.052255 0.0003439193 -0.0000282390 -0.0001454565 0.0000026275 0.0000119742 0.0000620583 0.0038151475 -0.0003621073 0.0000008278 0.0039019027 0.0000607393 0.0027183589
1403637229.78832 -1.213044 -1.020731 -0.014372 0.817636 -0.156121 0.550101 0.066982 0.0003456641 -0.0000233146 -0.0001446412 0.0000018796 0.0000097782 0.0000610631 0.0038158341 -0.0003652805 0.0000008590 0.0039092575 0.0000607737 0.0027184212
1403637229.83832 -1.219482 -1.022377 -0.024643 0.813263 -0.164871 0.551806 0.083248 0.0003490507 -0.0000175401 -0.0001420830 0.0000011871 0.0000071529 0.0000583709 0.0038175931 -0.0003687089 0.0000008816 0.0039153382 0.0000608024 0.0027184698
1403637229.88831 -1.224973 -1.025472 -0.035213 0.808340 -0.172775 0.553747 0.100500 0.0003528069 -0.0000109378 -0.0001388292 0.0000006440 0.0000043076 0.0000551595 0.0038197798 -0.0003723557 0.0000009110 0.0039211318 0.0000608264 0.0027184858
1403637229.93831 -1.229607 -1.029318 -0.045924 0.803362 -0.181523 0.555042 0.116568 0.0003559624 -0.0000054017 -0.0001357078 0.0000003868 0.0000020542 0.0000522630 0.0038227683 -0.0003761539 0.0000009205 0.0039257500 0.0000608480 0.0027184668
1403637229.98831 -1.233947 -1.033744 -0.057249 0.797812 -0.190979 0.556628 0.131103 0.0003591128 -0.0000013056 -0.0001322059 0.0000003100 0.0000004677 0.0000491909 0.0038260543 -0.0003797476 0.0000009187 0.0039292628 0.0000608661 0.0027184009
1403637230.03831 -1.237896 -1.037839 -0.069847 0.794458 -0.201952 0.554645 0.142902 0.0003596958 0.0000011498 -0.0001315241 0.0000003096 -0.0000004401 0.0000486093 0.0038292249 -0.0003835042 0.0000009299 0.0039334004 0.0000608894 0.0027182912
1403637230.08831 -1.240957 -1.041312 -0.082098 0.792083 -0.215278 0.551094 0.150184 0.0003586820 0.0000002409 -0.0001327222 0.0000003068 -0.0000001138 0.0000496261 0.0038317073 -0.0003867449 0.0000009162 0.0039375705 0.0000609244 0.0027181497
1403637230.13831 -1.243951 -1.043900 -0.093738 0.790888 -0.228964 0.545765 0.155599 0.0003562771 -0.0000014637 -0.0001354680 0.0000003134 0.0000005275 0.0000520239 0.0038340874 -0.0003894798 0.0000009194 0.0039405658 0.0000609797 0.0027179437
1403637230.18831 -1.246422 -1.046230 -0.102894 0.789507 -0.240879 0.540921 0.161432 0.0003542832 -0.0000022154 -0.0001376682 0.0000003221 0.0000008274 0.0000540087 0.0038363295 -0.0003918429 0.0000009362 0.0039428233 0.0000610359 0.0027177372
1403637230.23832 -1.247714 -1.048644 -0.108952 0.788154 -0.250249 0.536894 0.167137 0.0003528279 -0.0000020543 -0.0001392448 0.0000003209 0.0000007731 0.0000554647 0.0038382717 -0.0003936933 0.0000009418 0.0039442061 0.0000610945 0.0027175038
1403637230.28832 -1.247866 -1.051213 -0.111872 0.787147 -0.256975 0.533293 0.173098 0.0003517423 -0.0000006625 -0.0001404120 0.0000003101 0.0000002229 0.0000565571 0.0038400331 -0.0003949318 0.0000009273 0.0039440230 0.0000612026 0.0027170602
1403637230.33832 -1.246618 -1.054170 -0.112417 0.785428 -0.261707 0.531772 0.178412 0.0003519012 0.0000006745 -0.0001402482 0.0000003105 -0.0000003138 0.0000563972 0.0038422291 -0.0003959390 0.0000008432 0.0039428967 0.0000612752 0.0027167470
1403637230.38833 -1.246913 -1.055503 -0.109243 0.782492 -0.265858 0.532767 0.182170 0.0003533489 0.0000005239 -0.0001387115 0.0000003088 -0.0000002525 0.0000549450 0.0038443422 -0.0003962992 0.0000007291 0.0039397474 0.0000613920 0.0027161338
1403637230.43833 -1.242307 -1.057778 -0.099992 0.778498 -0.267822 0.535820 0.187376 0.0003564556 0.0000016368 -0.0001352881 0.0000003120 -0.0000006698 0.0000518197 0.0038439442 -0.0003959967 0.0000003555 0.0039385494 0.0000615642 0.0027149639
1403637230.48833 -1.236923 -1.060291 -0.092176 0.774127 -0.268403 0.540216 0.191973 0.0003600782 0.0000026820 -0.0001310827 0.0000003236 -0.0000010269 0.0000481821 0.0038452563 -0.0003949100 0.0000001569 0.0039328832 0.0000615921 0.0027143591
1403637230.53834 -1.231471 -1.062067 -0.082851 0.769625 -0.269357 0.544730 0.195941 0.0003635928 0.0000030223 -0.0001267800 0.0000003278 -0.0000011059 0.0000446597 0.0038467842 -0.0003938630 -0.0000000356 0.0039271127 0.0000616290 0.0027137470
1403637230.58834 -1.225898 -1.064194 -0.072693 0.764573 -0.270745 0.549304 0.200975 0.0003672464 0.0000037543 -0.0001220270 0.0000003406 -0.0000013015 0.0000409913 0.0038479784 -0.0003926424 -0.0000001901 0.0039215885 0.0000616678 0.0027132261
1403637230.63834 -1.220791 -1.065575 -0.061820 0.759333 -0.275761 0.552972 0.203940 0.0003699262 0.0000017761 -0.0001184106 0.0000003106 -0.0000006241 0.0000383397 0.0038491353 -0.0003914954 -0.0000003251 0.0039165344 0.0000617156 0.0027127360
1403637230.68834 -1.216846 -1.066137 -0.051004 0.755247 -0.281819 0.554255 0.207317 0.0003713168 0.0000002285 -0.0001164565 0.0000003022 -0.0000001293 0.0000369547 0.0038496256 -0.0003902306 -0.0000004809 0.0039123686 0.0000617761 0.0027122279
1403637230.73834 -1.213879 -1.065795 -0.039764 0.752523 -0.290843 0.552601 0.209166 0.0003707785 -0.0000026539 -0.0001172000 0.0000003212 0.0000007793 0.0000374702 0.0038496688 -0.0003890869 -0.0000006436 0.0039093201 0.0000618586 0.0027117308
1403637230.78834 -1.212176 -1.064603 -0.028289 0.751262 -0.301421 0.548090 0.210588 0.0003685314 -0.0000054985 -0.0001202397 0.0000003847 0.0000017325 0.0000396495 0.0038490210 -0.0003878882 -0.0000008065 0.0039073422 0.0000619626 0.0027112613
1403637230.83834 -1.211259 -1.063023 -0.017185 0.751047 -0.314853 0.540787 0.210581 0.0003642390 -0.0000094105 -0.0001256715 0.0000005464 0.0000031839 0.0000437751 0.0038480866 -0.0003869305 -0.0000009603 0.0039065153 0.0000620986 0.0027108281
1403637230.93834 -1.212642 -1.063124 0.000834 0.748746 -0.343134 0.524500 0.215726 0.0003554769 -0.0000140784 -0.0001357034 0.0000008672 0.0000053085 0.0000522202 0.0038489646 -0.0003872728 -0.0000011216 0.0039078101 0.0000625226 0.0027105746
1403637230.98834 -1.214435 -1.064425 0.007091 0.745961 -0.357298 0.516828 0.220838 0.0003519778 -0.0000151189 -0.0001394030 0.0000009608 0.0000059205 0.0000556212 0.0038499606 -0.0003884232 -0.0000013130 0.0039095456 0.0000627696 0.0027102408
1403637231.03834 -1.216862 -1.066954 0.012006 0.742014 -0.371660 0.509338 0.227725 0.0003491568 -0.0000153329 -0.0001423173 0.0000009870 0.0000061810 0.0000584116 0.0038521350 -0.0003905281 -0.0000014609 0.0039119596 0.0000630294 0.0027099277
1403637231.08834 -1.222076 -1.069894 0.013940 0.736019 -0.386584 0.503561 0.235065 0.0003475078 -0.0000163110 -0.0001438759 0.0000010805 0.0000066849 0.0000599620 0.0038548468 -0.0003932757 -0.0000016998 0.0039148453 0.0000633543 0.0027096455
1403637231.13834 -1.226483 -1.075091 0.013102 0.729374 -0.401388 0.497315 0.244088 0.0003463420 -0.0000161802 -0.0001450480 0.0000010734 0.0000067079 0.0000611304 0.0038586106 -0.0003977715 -0.0000018580 0.0039209962 0.0000636521 0.0027093703
1403637231.18834 -1.231212 -1.081751 0.008812 0.720741 -0.417764 0.492554 0.251786 0.0003455852 -0.0000181936 -0.0001455542 0.0000012781 0.0000075960 0.0000616781 0.0038644333 -0.0004030331 -0.0000019922 0.0039258272 0.0000639547 0.0027090520
1403637231.23835 -1.236851 -1.089106 0.001013 0.711141 -0.433882 0.487629 0.261234 0.0003454509 -0.0000193713 -0.0001455374 0.0000014107 0.0000080955 0.0000616809 0.0038715960 -0.0004093392 -0.0000020920 0.0039314797 0.0000642865 0.0027090848
1403637231.28835 -1.243140 -1.097553 -0.011217 0.700984 -0.450239 0.482381 0.270583 0.0003452142 -0.0000206705 -0.0001455928 0.0000015669 0.0000086537 0.0000617647 0.0038790440 -0.0004161768 -0.0000022056 0.0039381524 0.0000646569 0.0027092835
1403637231.33835 -1.250734 -1.107378 -0.027096 0.689432 -0.466434 0.477692 0.280950 0.0003458320 -0.0000218936 -0.0001448165 0.0000017204 0.0000091060 0.0000609975 0.0038874614 -0.0004239803 -0.0000023399 0.0039458409 0.0000650574 0.0027095638
1403637231.38835 -1.259143 -1.118400 -0.046227 0.676847 -0.481957 0.473183 0.292733 0.0003473217 -0.0000225410 -0.0001432484 0.0000018030 0.0000092372 0.0000594304 0.0038970049 -0.0004330258 -0.0000025022 0.0039550900 0.0000654914 0.0027099078
1403637231.43835 -1.267297 -1.130764 -0.068786 0.663816 -0.497949 0.468180 0.303647 0.0003483056 -0.0000238016 -0.0001420579 0.0000019719 0.0000096511 0.0000582822 0.0039077778 -0.0004430904 -0.0000027023 0.0039652044 0.0000659766 0.0027102442
1403637231.48835 -1.277161 -1.143444 -0.096403 0.650247 -0.515676 0.462425 0.312123 0.0003477665 -0.0000267546 -0.0001420842 0.0000024097 0.0000108780 0.0000583897 0.0039195936 -0.0004537760 -0.0000028769 0.0039754257 0.0000664893 0.0027106855
1403637231.53835 -1.276537 -1.163220 -0.123505 0.636761 -0.534035 0.455087 0.319747 0.0003463861 -0.0000295009 -0.0001429320 0.0000028432 0.0000121288 0.0000593123 0.0039240547 -0.0004635990 -0.0000042130 0.0039872264 0.0000674281 0.0027102515
1403637231.58835 -1.288199 -1.178116 -0.158281 0.623648 -0.551770 0.446612 0.327338 0.0003440355 -0.0000316554 -0.0001447850 0.0000032455 0.0000132807 0.0000612629 0.0039414746 -0.0004746111 -0.0000044493 0.0039881276 0.0000680609 0.0027105514
1403637231.63835 -1.300999 -1.194008 -0.193985 0.611057 -0.567155 0.437158 0.337399 0.0003430746 -0.0000312230 -0.0001458059 0.0000031766 0.0000132304 0.0000622953 0.0039548982 -0.0004887649 -0.0000046342 0.0040034151 0.0000687057 0.0027109937
1403637231.68835 -1.315907 -1.210838 -0.227892 0.598644 -0.580998 0.427170 0.348700 0.0003428113 -0.0000294738 -0.0001464247 0.0000028705 0.0000125513 0.0000628639 0.0039697379 -0.0005044450 -0.0000048776 0.0040196305 0.0000691773 0.0027112626
1403637231.73835 -1.331414 -1.229529 -0.260545 0.585209 -0.594153 0.419493 0.358522 0.0003431167 -0.0000294802 -0.0001461387 0.0000028709 0.0000125207 0.0000625593 0.0039858827 -0.0005215356 -0.0000049621 0.0040381458 0.0000698486 0.0027117923
1403637231.78835 -1.347804 -1.250183 -0.290974 0.572071 -0.605949 0.411828 0.368725 0.0003438991 -0.0000289006 -0.0001455121 0.0000027677 0.0000121957 0.0000618805 0.0040044413 -0.0005405874 -0.0000049883 0.0040579906 0.0000705617 0.0027123736
1403637231.83835 -1.365363 -1.272098 -0.319984 0.560187 -0.617440 0.403637 0.376876 0.0003435866 -0.0000284984 -0.0001458961 0.0000027029 0.0000120713 0.0000622573 0.0040245014 -0.0005609187 -0.0000049521 0.0040789260 0.0000713188 0.0027130005
1403637231.88835 -1.374074 -1.306312 -0.343678 0.549716 -0.628858 0.394588 0.382948 0.0003423249 -0.0000279719 -0.0001471980 0.0000026088 0.0000120066 0.0000635919 0.0040449397 -0.0005816406 -0.0000052256 0.0040996963 0.0000721860 0.0027131966
1403637231.93835 -1.391685 -1.333383 -0.366716 0.538432 -0.639632 0.387718 0.388119 0.0003409736 -0.0000290592 -0.0001482515 0.0000027942 0.0000126179 0.0000647514 0.0040794869 -0.0006064724 -0.0000051844 0.0041111292 0.0000730602 0.0027135781
1403637231.98835 -1.410885 -1.361526 -0.387079 0.527502 -0.648905 0.381243 0.394104 0.0003407041 -0.0000294299 -0.0001484318 0.0000028540 0.0000128083 0.0000649553 0.0041077053 -0.0006321406 -0.0000050928 0.0041340131 0.0000739946 0.0027140582
1403637232.03835 -1.429517 -1.391805 -0.401993 0.513500 -0.655544 0.379563 0.403127 0.0003442071 -0.0000313703 -0.0001447282 0.0000031552 0.0000131831 0.0000611300 0.0041379335 -0.0006598365 -0.0000053601 0.0041579326 0.0000744548 0.0027133308
1403637232.08835 -1.453546 -1.422855 -0.416260 0.498458 -0.661120 0.379226 0.413096 0.0003485677 -0.0000338020 -0.0001398152 0.0000035662 0.0000135542 0.0000563500 0.0041709707 -0.0006888713 -0.0000052428 0.0041828567 0.0000753031 0.0027134156
1403637232.13835 -1.481355 -1.454444 -0.431421 0.483942 -0.666304 0.378282 0.422779 0.0003525388 -0.0000359533 -0.0001350426 0.0000039447 0.0000137698 0.0000519891 0.0042031117 -0.0007203038 -0.0000053007 0.0042143152 0.0000760411 0.0027130412
1403637232.18835 -1.509300 -1.484671 -0.444752 0.470036 -0.671802 0.376925 0.430902 0.0003554193 -0.0000385791 -0.0001310679 0.0000044580 0.0000142262 0.0000485878 0.0042356728 -0.0007540432 -0.0000050922 0.0042509772 0.0000767429 0.0027130163
1403637232.23835 -1.538942 -1.514223 -0.455899 0.459257 -0.677077 0.372072 0.438420 0.0003570571 -0.0000386055 -0.0001291505 0.0000044378 0.0000139640 0.0000469645 0.0042685271 -0.0007883902 -0.0000048009 0.0042889630 0.0000775101 0.0027130515
1403637232.28835 -1.570663 -1.543180 -0.465189 0.449773 -0.681830 0.365808 0.446091 0.0003585329 -0.0000373272 -0.0001277683 0.0000041438 0.0000133021 0.0000457782 0.0043015806 -0.0008240411 -0.0000044448 0.0043298109 0.0000782242 0.0027130609
1403637232.33835 -1.604356 -1.569975 -0.472100 0.440634 -0.685562 0.359054 0.454892 0.0003606434 -0.0000350915 -0.0001258243 0.0000036669 0.0000122425 0.0000441414 0.0043334988 -0.0008603430 -0.0000039681 0.0043738190 0.0000789438 0.0027132359
1403637232.38835 -1.639849 -1.596086 -0.477195 0.432193 -0.688696 0.351110 0.464358 0.0003629242 -0.0000316430 -0.0001238712 0.0000030070 0.0000107987 0.0000425193 0.0043644229 -0.0008974142 -0.0000034216 0.0044212017 0.0000797687 0.0027136325
1403637232.43835 -1.677082 -1.621301 -0.481864 0.422744 -0.693118 0.344214 0.471583 0.0003641875 -0.0000302430 -0.0001225942 0.0000027553 0.0000101784 0.0000415064 0.0043952177 -0.0009357352 -0.0000028716 0.0044717763 0.0000805568 0.0027139341
1403637232.48835 -1.715076 -1.644480 -0.485103 0.412216 -0.698922 0.338232 0.476639 0.0003644691 -0.0000307963 -0.0001220936 0.0000028424 0.0000103143 0.0000411365 0.0044241522 -0.0009742494 -0.0000023114 0.0045254257 0.0000812749 0.0027141287
1403637232.53835 -1.753865 -1.666569 -0.487827 0.400149 -0.709114 0.333635 0.475106 0.0003611756 -0.0000356719 -0.0001250191 0.0000037605 0.0000123466 0.0000435111 0.0044516654 -0.0010125528 -0.0000016511 0.0045808800 0.0000819821 0.0027143854
1403637232.58835 -1.795461 -1.687460 -0.492080 0.388722 -0.719574 0.327527 0.473112 0.0003570908 -0.0000394773 -0.0001288870 0.0000045936 0.0000142497 0.0000467546 0.0044781337 -0.0010516169 -0.0000013025 0.0046375519 0.0000815013 0.0027133635
1403637232.63835 -1.838080 -1.707564 -0.492401 0.376889 -0.730369 0.321162 0.470500 0.0003524468 -0.0000433984 -0.0001329954 0.0000055694 0.0000163785 0.0000504208 0.0045040222 -0.0010930696 -0.0000006395 0.0047027271 0.0000818957 0.0027133816
1403637232.68835 -1.882766 -1.726498 -0.491617 0.364826 -0.740261 0.314967 0.468733 0.0003482461 -0.0000468275 -0.0001364131 0.0000065189 0.0000183463 0.0000536710 0.0045290135 -0.0011347841 0.0000000897 0.0047703592 0.0000822907 0.0027135593
1403637232.73835 -1.928657 -1.742699 -0.488412 0.353918 -0.750207 0.307577 0.466185 0.0003432827 -0.0000492085 -0.0001406684 0.0000072722 0.0000201687 0.0000578792 0.0045527795 -0.0011778493 0.0000007513 0.0048432924 0.0000825471 0.0027135424
1403637232.78835 -1.979028 -1.758691 -0.485459 0.343043 -0.759507 0.300820 0.463657 0.0003384521 -0.0000515381 -0.0001444843 0.0000080614 0.0000220064 0.0000619175 0.0045731816 -0.0012204526 0.0000013162 0.0049202462 0.0000827282 0.0027135098
1403637232.83835 -2.032149 -1.774126 -0.480770 0.336102 -0.767273 0.291926 0.461636 0.0003339807 -0.0000507618 -0.0001487886 0.0000079247 0.0000226194 0.0000665244 0.0045947512 -0.0012672307 0.0000020116 0.0050072633 0.0000829263 0.0027135396
1403637232.88835 -2.086251 -1.780883 -0.468605 0.331581 -0.773506 0.282366 0.460448 0.0003301478 -0.0000482554 -0.0001528680 0.0000072523 0.0000223503 0.0000710204 0.0046157413 -0.0013175284 0.0000019408 0.0050980546 0.0000806883 0.0027117733
1403637232.93835 -2.145794 -1.795692 -0.459622 0.328671 -0.779176 0.273157 0.458525 0.0003262537 -0.0000453101 -0.0001568826 0.0000064887 0.0000217939 0.0000756778 0.0046255133 -0.0013608955 0.0000022975 0.0051967761 0.0000805059 0.0027114751
1403637232.98835 -2.208031 -1.810243 -0.448996 0.327356 -0.782660 0.264804 0.458432 0.0003239709 -0.0000415514 -0.0001596637 0.0000055228 0.0000204828 0.0000789283 0.0046474859 -0.0014158489 0.0000029328 0.0053082849 0.0000806879 0.0027116656
1403637233.03835 -2.273118 -1.824679 -0.436839 0.327349 -0.785657 0.256891 0.457813 0.0003214925 -0.0000376170 -0.0001624604 0.0000045925 0.0000190127 0.0000823387 0.0046696314 -0.0014731265 0.0000035353 0.0054274545 0.0000808062 0.0027117759
1403637233.08835 -2.341234 -1.839890 -0.423248 0.328186 -0.787862 0.249775 0.457362 0.0003193717 -0.0000336880 -0.0001648283 0.0000037419 0.0000173888 0.0000853116 0.0046927147 -0.0015336895 0.0000040507 0.0055555431 0.0000808131 0.0027117436
1403637233.13835 -2.411365 -1.855285 -0.408576 0.329689 -0.789759 0.243645 0.456315 0.0003170488 -0.0000301985 -0.0001671012 0.0000030613 0.0000159181 0.0000883149 0.0047172880 -0.0015984251 0.0000041978 0.0056921144 0.0000802354 0.0027111775
1403637233.23835 -2.558907 -1.891538 -0.383957 0.333635 -0.793946 0.234424 0.450981 0.0003107303 -0.0000254131 -0.0001719851 0.0000022595 0.0000140668 0.0000954389 0.0047708766 -0.0017372803 0.0000048738 0.0059924856 0.0000798431 0.0027108392
1403637233.28835 -2.635811 -1.911612 -0.371929 0.336438 -0.795481 0.230455 0.448230 0.0003076485 -0.0000230557 -0.0001741903 0.0000019050 0.0000130553 0.0000988738 0.0048021381 -0.0018141126 0.0000044784 0.0061539544 0.0000786094 0.0027095442
1403637233.33835 -2.716622 -1.935266 -0.363079 0.338723 -0.796996 0.228133 0.444993 0.0003046098 -0.0000219200 -0.0001761098 0.0000017527 0.0000126736 0.0001020665 0.0048364557 -0.0018949121 0.0000046600 0.0063270463 0.0000783534 0.0027091481
1403637233.38835 -2.799831 -1.960156 -0.355802 0.341431 -0.798495 0.225853 0.441385 0.0003012473 -0.0000207912 -0.0001781257 0.0000016082 0.0000122944 0.0001055745 0.0048769192 -0.0019851033 0.0000045343 0.0065143974 0.0000776128 0.0027083551
1403637233.43835 -2.886523 -1.986709 -0.351521 0.345078 -0.798865 0.222789 0.439433 0.0002989424 -0.0000184006 -0.0001796281 0.0000013043 0.0000110568 0.0001081850 0.0049200694 -0.0020806056 0.0000043742 0.0067135210 0.0000768780 0.0027075639
1403637233.48835 -2.976131 -2.016732 -0.351660 0.351253 -0.796260 0.217376 0.441972 0.0002994649 -0.0000124671 -0.0001798648 0.0000006900 0.0000074858 0.0001082806 0.0049662268 -0.0021812766 0.0000046993 0.0069270956 0.0000767960 0.0027074726
1403637233.53835 -3.067690 -2.050945 -0.354508 0.360263 -0.789747 0.209600 0.450087 0.0003032829 -0.0000023681 -0.0001782132 0.0000001851 0.0000013870 0.0001049641 0.0050168150 -0.0022925341 0.0000041197 0.0071524206 0.0000753796 0.0027060832
1403637233.58835 -3.160737 -2.085088 -0.359130 0.370766 -0.778895 0.200293 0.464475 0.0003103815 0.0000115329 -0.0001737119 0.0000005960 -0.0000064640 0.0000974595 0.0050775923 -0.0024111660 0.0000045020 0.0073889249 0.0000753292 0.0027060910
1403637233.63835 -3.255845 -2.122862 -0.366444 0.381094 -0.765508 0.191389 0.481803 0.0003185841 0.0000267509 -0.0001666863 0.0000024154 -0.0000140100 0.0000874425 0.0051405741 -0.0025339154 0.0000049340 0.0076346449 0.0000753175 0.0027061520
1403637233.68834 -3.350881 -2.164308 -0.376907 0.389590 -0.752285 0.183843 0.498485 0.0003256347 0.0000407401 -0.0001586758 0.0000052686 -0.0000198688 0.0000775439 0.0052116106 -0.0026661912 0.0000053972 0.0078910269 0.0000753175 0.0027062397
1403637233.73834 -3.442752 -2.209347 -0.389364 0.397135 -0.739778 0.177073 0.513476 0.0003308488 0.0000535486 -0.0001505907 0.0000088410 -0.0000243928 0.0000687616 0.0052891460 -0.0028058018 0.0000057703 0.0081505979 0.0000752743 0.0027063035
1403637233.78835 -3.533474 -2.258708 -0.403638 0.402901 -0.728641 0.171272 0.526706 0.0003346928 0.0000645725 -0.0001427865 0.0000126348 -0.0000275690 0.0000611284 0.0053746013 -0.0029500757 0.0000061600 0.0084046432 0.0000752881 0.0027063860
1403637233.83835 -3.618790 -2.310732 -0.418887 0.406889 -0.720444 0.166975 0.536209 0.0003368677 0.0000725207 -0.0001368473 0.0000157913 -0.0000294827 0.0000558014 0.0054693557 -0.0031022647 0.0000065447 0.0086594075 0.0000753247 0.0027064919
1403637233.88835 -3.700105 -2.366506 -0.435633 0.409927 -0.714147 0.163458 0.543356 0.0003380375 0.0000786775 -0.0001322344 0.0000184930 -0.0000308003 0.0000519340 0.0055707416 -0.0032569517 0.0000067384 0.0089018607 0.0000753471 0.0027065289
1403637233.93835 -3.775338 -2.425984 -0.453131 0.412366 -0.710050 0.160216 0.547826 0.0003380688 0.0000832284 -0.0001293919 0.0000206730 -0.0000318786 0.0000497275 0.0056823720 -0.0034170746 0.0000070311 0.0091356253 0.0000754326 0.0027066440
1403637233.98836 -3.845285 -2.489026 -0.472523 0.414647 -0.707012 0.156927 0.550977 0.0003374201 0.0000871351 -0.0001274817 0.0000226869 -0.0000329454 0.0000483669 0.0058024468 -0.0035799585 0.0000071562 0.0093532722 0.0000755064 0.0027067195
1403637234.03836 -3.909910 -2.555659 -0.492107 0.417334 -0.702618 0.153192 0.555601 0.0003369658 0.0000920677 -0.0001244589 0.0000253429 -0.0000340307 0.0000461694 0.0059318315 -0.0037469805 0.0000071378 0.0095576755 0.0000755629 0.0027067602
1403637234.08836 -3.968922 -2.626321 -0.512359 0.419484 -0.697883 0.150452 0.560675 0.0003371162 0.0000965126 -0.0001208859 0.0000278207 -0.0000346337 0.0000435464 0.0060709158 -0.0039173683 0.0000071392 0.0097473412 0.0000756054 0.0027068374
1403637234.13836 -4.017923 -2.698753 -0.535019 0.421989 -0.692598 0.146027 0.566489 0.0003364703 0.0001021588 -0.0001168952 0.0000312103 -0.0000355172 0.0000408061 0.0062178643 -0.0040926852 0.0000070086 0.0099191225 0.0000755848 0.0027066766
1403637234.18836 -4.065236 -2.776068 -0.558496 0.423570 -0.688203 0.142643 0.571505 0.0003361091 0.0001065513 -0.0001133343 0.0000339730 -0.0000359545 0.0000384063 0.0063732773 -0.0042630564 0.0000064608 0.0100579790 0.0000755217 0.0027061397
1403637234.23836 -4.106302 -2.857259 -0.582556 0.423034 -0.686096 0.142309 0.574510 0.0003370694 0.0001078124 -0.0001110022 0.0000346804 -0.0000355296 0.0000367431 0.0065474798 -0.0044411550 0.0000061264 0.0101925346 0.0000755402 0.0027060245
1403637234.28836 -4.139843 -2.941580 -0.607916 0.420584 -0.685051 0.144753 0.576941 0.0003396664 0.0001068018 -0.0001088245 0.0000337788 -0.0000342421 0.0000350522 0.0067351719 -0.0046214410 0.0000057833 0.0103087171 0.0000755936 0.0027059020
1403637234.33836 -4.170978 -3.029415 -0.634715 0.416936 -0.685196 0.150019 0.578070 0.0003434169 0.0001034801 -0.0001072948 0.0000313777 -0.0000323532 0.0000337062 0.0069353943 -0.0048027328 0.0000049525 0.0104006700 0.0000755004 0.0027056382
1403637234.38836 -4.192006 -3.120003 -0.661577 0.412218 -0.686781 0.157941 0.577463 0.0003480340 0.0000976167 -0.0001067028 0.0000275751 -0.0000299488 0.0000328962 0.0071495572 -0.0049862160 0.0000045308 0.0104845507 0.0000755366 0.0027055018
1403637234.43836 -4.206940 -3.213549 -0.688899 0.407517 -0.688568 0.169185 0.575483 0.0003533535 0.0000896096 -0.0001064280 0.0000229183 -0.0000270080 0.0000322361 0.0073775089 -0.0051645302 0.0000039477 0.0105347695 0.0000755276 0.0027052527
1403637234.48836 -4.214247 -3.308986 -0.715632 0.404809 -0.688934 0.179664 0.573778 0.0003576526 0.0000828480 -0.0001057974 0.0000193838 -0.0000245236 0.0000314755 0.0076185145 -0.0053396516 0.0000036598 0.0105653357 0.0000756250 0.0027050750
1403637234.53836 -4.213481 -3.405141 -0.742457 0.402159 -0.688323 0.192611 0.572172 0.0003626770 0.0000749749 -0.0001042562 0.0000156909 -0.0000215669 0.0000301484 0.0078711198 -0.0055085864 0.0000034010 0.0105710213 0.0000757286 0.0027049030
1403637234.58836 -4.210320 -3.503778 -0.771355 0.400427 -0.688143 0.205636 0.569062 0.0003667514 0.0000667770 -0.0001035589 0.0000123494 -0.0000188685 0.0000294198 0.0081311009 -0.0056665364 0.0000031861 0.0105500417 0.0000758677 0.0027047132
1403637234.63837 -4.203698 -3.602576 -0.801797 0.400111 -0.686743 0.218040 0.566351 0.0003702326 0.0000597454 -0.0001023296 0.0000098317 -0.0000165246 0.0000284604 0.0084048916 -0.0058252203 0.0000029690 0.0105230300 0.0000760156 0.0027045096
1403637234.68837 -4.191559 -3.701267 -0.832941 0.401301 -0.684624 0.229596 0.563501 0.0003729474 0.0000537687 -0.0001012037 0.0000079426 -0.0000146011 0.0000276397 0.0086851461 -0.0059778063 0.0000027895 0.0104859766 0.0000761884 0.0027043288
1403637234.73837 -4.173608 -3.797990 -0.865051 0.402575 -0.683435 0.242124 0.558771 0.0003751868 0.0000465143 -0.0001010452 0.0000059573 -0.0000125365 0.0000273901 0.0089725787 -0.0061216125 0.0000025457 0.0104309856 0.0000763349 0.0027041206
1403637234.78837 -4.152966 -3.894098 -0.900101 0.404219 -0.682183 0.255382 0.553185 0.0003771375 0.0000387674 -0.0001010012 0.0000041758 -0.0000103906 0.0000272252 0.0092602046 -0.0062510345 0.0000023372 0.0103566093 0.0000765382 0.0027038543
1403637234.83837 -4.129671 -3.990444 -0.934510 0.406651 -0.680411 0.267779 0.547695 0.0003786355 0.0000318335 -0.0001008555 0.0000028677 -0.0000084870 0.0000270409 0.0095528509 -0.0063740778 0.0000022350 0.0102764955 0.0000767768 0.0027037529
1403637234.88837 -4.103071 -4.086287 -0.968374 0.408795 -0.679937 0.281498 0.539751 0.0003794613 0.0000229855 -0.0001018308 0.0000015842 -0.0000061751 0.0000275043 0.0098522450 -0.0064908751 0.0000021312 0.0101880659 0.0000770112 0.0027036649
1403637234.93837 -4.073204 -4.178506 -1.000196 0.412112 -0.677612 0.294442 0.533207 0.0003803729 0.0000159165 -0.0001016147 0.0000008587 -0.0000042581 0.0000273241 0.0101563448 -0.0065998090 0.0000020961 0.0100905779 0.0000773011 0.0027035622
1403637234.98837 -4.041879 -4.268556 -1.030047 0.417254 -0.674677 0.304169 0.527438 0.0003805625 0.0000116969 -0.0001018665 0.0000005534 -0.0000031368 0.0000274463 0.0104536729 -0.0066947715 0.0000021311 0.0099857486 0.0000776511 0.0027035276
1403637235.03837 -4.009520 -4.356389 -1.057260 0.424486 -0.669857 0.310830 0.523916 0.0003807691 0.0000111644 -0.0001015752 0.0000005225 -0.0000029842 0.0000272768 0.0107500761 -0.0067822751 0.0000021372 0.0098784675 0.0000780061 0.0027034708
1403637235.08836 -3.975694 -4.443126 -1.082262 0.432842 -0.664527 0.316614 0.520392 0.0003807167 0.0000116711 -0.0001016165 0.0000005543 -0.0000031215 0.0000273038 0.0110465602 -0.0068628734 0.0000021596 0.0097688957 0.0000784077 0.0027034302
1403637235.13836 -3.940585 -4.528054 -1.105187 0.441802 -0.658990 0.321910 0.516640 0.0003804442 0.0000126845 -0.0001019741 0.0000006208 -0.0000034069 0.0000275161 0.0113451764 -0.0069365126 0.0000022070 0.0096550363 0.0000788441 0.0027033922
1403637235.18836 -3.901756 -4.608187 -1.123725 0.450279 -0.653067 0.327464 0.513342 0.0003804594 0.0000136031 -0.0001018360 0.0000006851 -0.0000036481 0.0000274419 0.0116441033 -0.0070035944 0.0000021330 0.0095385191 0.0000791049 0.0027032294
1403637235.23836 -3.861664 -4.686855 -1.141664 0.458096 -0.648145 0.332321 0.509529 0.0003801366 0.0000141650 -0.0001023238 0.0000007278 -0.0000038202 0.0000277286 0.0119257891 -0.0070505338 0.0000021640 0.0094106760 0.0000795584 0.0027031870
1403637235.28836 -3.819539 -4.762329 -1.158101 0.466084 -0.644815 0.334594 0.505001 0.0003787166 0.0000153881 -0.0001045614 0.0000008265 -0.0000042565 0.0000290562 0.0122063011 -0.0070903439 0.0000021569 0.0092802785 0.0000800033 0.0027030980
1403637235.33835 -3.774911 -4.833248 -1.173041 0.474009 -0.643062 0.334572 0.499849 0.0003762689 0.0000170386 -0.0001083019 0.0000009739 -0.0000049127 0.0000313625 0.0124836725 -0.0071222565 0.0000020383 0.0091467388 0.0000802679 0.0027028993
1403637235.38835 -3.729826 -4.904156 -1.188116 0.480986 -0.645209 0.333387 0.491132 0.0003719259 0.0000164272 -0.0001150083 0.0000009290 -0.0000050883 0.0000357565 0.0127509040 -0.0071407180 0.0000019680 0.0090071695 0.0000806260 0.0027027997
1403637235.43835 -3.683035 -4.973149 -1.202142 0.487413 -0.647549 0.332591 0.482174 0.0003674273 0.0000151919 -0.0001214747 0.0000008327 -0.0000050313 0.0000403575 0.0130196179 -0.0071542870 0.0000019000 0.0088672011 0.0000809816 0.0027027004
1403637235.48835 -3.635927 -5.041659 -1.215407 0.494456 -0.649349 0.331486 0.473262 0.0003626096 0.0000144076 -0.0001277902 0.0000007781 -0.0000050865 0.0000452365 0.0132875265 -0.0071608439 0.0000018102 0.0087250573 0.0000812949 0.0027025859
1403637235.53835 -3.587668 -5.109521 -1.226676 0.500533 -0.650433 0.331971 0.464973 0.0003585948 0.0000128427 -0.0001327788 0.0000006665 -0.0000047644 0.0000493693 0.0135601137 -0.0071645325 0.0000017044 0.0085837610 0.0000815690 0.0027024524
1403637235.58835 -3.536819 -5.174792 -1.235808 0.507444 -0.648670 0.331490 0.460263 0.0003557805 0.0000140818 -0.0001358644 0.0000007646 -0.0000053872 0.0000520908 0.0138355586 -0.0071642559 0.0000015770 0.0084417325 0.0000817649 0.0027022327
1403637235.63835 -3.487225 -5.242903 -1.242562 0.513038 -0.646045 0.333719 0.456125 0.0003544672 0.0000139722 -0.0001373319 0.0000007591 -0.0000054234 0.0000534163 0.0141014420 -0.0071499209 0.0000014280 0.0082935904 0.0000819578 0.0027020723
1403637235.68835 -3.437006 -5.311419 -1.247125 0.518112 -0.641396 0.337174 0.454406 0.0003548740 0.0000145551 -0.0001368301 0.0000008063 -0.0000056226 0.0000529688 0.0143840005 -0.0071401625 0.0000012754 0.0081516264 0.0000821435 0.0027019011
1403637235.73835 -3.385616 -5.380474 -1.249175 0.522855 -0.633979 0.341934 0.455823 0.0003573384 0.0000164106 -0.0001338575 0.0000009635 -0.0000061587 0.0000503527 0.0146776699 -0.0071293166 0.0000010818 0.0080103153 0.0000821831 0.0027016312
1403637235.78835 -3.334152 -5.451285 -1.248741 0.529011 -0.623790 0.345004 0.460441 0.0003603784 0.0000217186 -0.0001295254 0.0000015200 -0.0000078186 0.0000467630 0.0149736456 -0.0071117664 0.0000008986 0.0078676223 0.0000823289 0.0027014455
1403637235.83835 -3.280844 -5.520986 -1.245779 0.535623 -0.610446 0.347975 0.468378 0.0003643284 0.0000296201 -0.0001229780 0.0000026209 -0.0000100124 0.0000417192 0.0152775446 -0.0070905195 0.0000007021 0.0077250086 0.0000824801 0.0027012510
1403637235.88835 -3.225520 -5.590170 -1.241600 0.542877 -0.598416 0.350263 0.473814 0.0003664734 0.0000367981 -0.0001181400 0.0000039093 -0.0000118783 0.0000382927 0.0155806633 -0.0070596558 0.0000004952 0.0075786261 0.0000826249 0.0027010408
1403637235.93835 -3.167075 -5.658033 -1.235884 0.551831 -0.585660 0.350131 0.479471 0.0003669879 0.0000460442 -0.0001141296 0.0000059933 -0.0000143368 0.0000357016 0.0158862623 -0.0070197352 0.0000002650 0.0074282950 0.0000827056 0.0027007779
1403637235.98835 -3.105193 -5.724000 -1.229193 0.560129 -0.576823 0.351588 0.479496 0.0003662071 0.0000508423 -0.0001132069 0.0000072759 -0.0000157360 0.0000352062 0.0161863071 -0.0069653610 0.0000000868 0.0072711389 0.0000828122 0.0027005207
1403637236.03836 -3.040049 -5.789426 -1.220557 0.568860 -0.566507 0.352746 0.480665 0.0003653699 0.0000568110 -0.0001115593 0.0000090525 -0.0000173666 0.0000342748 0.0164836063 -0.0068971003 -0.0000000859 0.0071079841 0.0000829651 0.0027003418
1403637236.08836 -2.970939 -5.853127 -1.210435 0.576619 -0.558900 0.355234 0.478486 0.0003642923 0.0000596324 -0.0001116458 0.0000099815 -0.0000182972 0.0000344310 0.0167777357 -0.0068154431 -0.0000002531 0.0069397746 0.0000831027 0.0027001500
1403637236.13836 -2.897784 -5.914635 -1.198627 0.584613 -0.550649 0.357604 0.476584 0.0003631115 0.0000628765 -0.0001115603 0.0000111089 -0.0000193403 0.0000344920 0.0170649198 -0.0067180782 -0.0000004160 0.0067658346 0.0000832309 0.0026999526
1403637236.18836 -2.820591 -5.974265 -1.184730 0.592655 -0.543828 0.359992 0.472670 0.0003614320 0.0000647782 -0.0001128515 0.0000118313 -0.0000202494 0.0000354557 0.0173491717 -0.0066061252 -0.0000005578 0.0065867693 0.0000833134 0.0026996828
1403637236.23835 -2.739675 -6.033937 -1.168504 0.599664 -0.535847 0.363576 0.470195 0.0003608004 0.0000668528 -0.0001125267 0.0000126089 -0.0000208743 0.0000353166 0.0176241465 -0.0064773516 -0.0000007050 0.0064029630 0.0000833943 0.0026994849
1403637236.28835 -2.654115 -6.092166 -1.150993 0.605894 -0.529574 0.368850 0.465181 0.0003605847 0.0000663408 -0.0001131355 0.0000124267 -0.0000208391 0.0000357210 0.0179037639 -0.0063360952 -0.0000008239 0.0062163950 0.0000834910 0.0026992673
1403637236.33835 -2.564173 -6.146538 -1.131390 0.611829 -0.523054 0.374649 0.460128 0.0003606847 0.0000656134 -0.0001134289 0.0000121574 -0.0000206585 0.0000358979 0.0181745296 -0.0061773365 -0.0000009609 0.0060266783 0.0000834942 0.0026990591
1403637236.38835 -2.469923 -6.198635 -1.110295 0.617035 -0.517275 0.381409 0.454116 0.0003612285 0.0000636240 -0.0001138182 0.0000114279 -0.0000200711 0.0000360916 0.0184313850 -0.0060003488 -0.0000011095 0.0058349027 0.0000835399 0.0026989104
1403637236.43835 -2.372077 -6.248810 -1.087610 0.621310 -0.512761 0.388480 0.447363 0.0003620248 0.0000604957 -0.0001144296 0.0000103306 -0.0000191450 0.0000364005 0.0186795780 -0.0058075082 -0.0000012565 0.0056427774 0.0000835504 0.0026987487
1403637236.48835 -2.271222 -6.297450 -1.063548 0.624069 -0.508917 0.396439 0.440882 0.0003636070 0.0000565005 -0.0001142877 0.0000090009 -0.0000177817 0.0000361556 0.0189217485 -0.0056016279 -0.0000013937 0.0054527834 0.0000834810 0.0026985996
1403637236.53835 -2.167508 -6.344391 -1.038752 0.626330 -0.505623 0.402800 0.435669 0.0003648276 0.0000533645 -0.0001140949 0.0000080273 -0.0000167110 0.0000359165 0.0191623176 -0.0053847794 -0.0000015306 0.0052667776 0.0000834379 0.0026984475
1403637236.58835 -2.061601 -6.391732 -1.014052 0.627478 -0.502808 0.408717 0.431747 0.0003663639 0.0000505274 -0.0001132191 0.0000071899 -0.0000156359 0.0000352245 0.0193932714 -0.0051561289 -0.0000016410 0.0050854955 0.0000834003 0.0026982538
1403637236.63835 -1.953214 -6.437256 -0.991488 0.627542 -0.498809 0.414311 0.430961 0.0003685521 0.0000494075 -0.0001105365 0.0000068454 -0.0000148390 0.0000333883 0.0196256443 -0.0049189539 -0.0000017681 0.0049105565 0.0000833506 0.0026980864
1403637236.68835 -1.842381 -6.480288 -0.970476 0.628081 -0.495236 0.418958 0.429802 0.0003701507 0.0000484894 -0.0001085464 0.0000065742 -0.0000142398 0.0000320674 0.0198502012 -0.0046690617 -0.0000018943 0.0047406506 0.0000833269 0.0026979112
1403637236.73836 -1.729091 -6.521258 -0.949867 0.627370 -0.489808 0.426149 0.429989 0.0003732301 0.0000475761 -0.0001041207 0.0000062871 -0.0000132921 0.0000292821 0.0200626793 -0.0044066309 -0.0000020208 0.0045771996 0.0000832804 0.0026977236
1403637236.78836 -1.613778 -6.560532 -0.928963 0.627291 -0.484226 0.433370 0.429210 0.0003759312 0.0000464615 -0.0001001401 0.0000059650 -0.0000123956 0.0000269103 0.0202629779 -0.0041323448 -0.0000021401 0.0044211667 0.0000832825 0.0026975874
1403637236.83836 -1.496245 -6.595307 -0.907536 0.626726 -0.478532 0.442486 0.427115 0.0003790885 0.0000439650 -0.0000957185 0.0000053221 -0.0000111196 0.0000244030 0.0204532614 -0.0038481007 -0.0000022233 0.0042736222 0.0000831942 0.0026974545
1403637236.88836 -1.375885 -6.627832 -0.884461 0.625456 -0.471395 0.453778 0.425062 0.0003830125 0.0000410164 -0.0000895968 0.0000046162 -0.0000096126 0.0000211931 0.0206217323 -0.0035522915 -0.0000023257 0.0041351817 0.0000831658 0.0026973935
1403637236.93836 -1.254480 -6.655701 -0.859683 0.623388 -0.463765 0.465833 0.423449 0.0003871078 0.0000380606 -0.0000823589 0.0000039669 -0.0000081146 0.0000177557 0.0207747854 -0.0032467040 -0.0000024365 0.0040066224 0.0000830960 0.0026973613
1403637236.98836 -1.132135 -6.680633 -0.833554 0.620741 -0.455645 0.477073 0.423639 0.0003909230 0.0000363767 -0.0000741692 0.0000036105 -0.0000069182 0.0000143052 0.0209035364 -0.0029349291 -0.0000024995 0.0038895174 0.0000830373 0.0026973385
1403637237.03836 -1.009620 -6.700668 -0.806041 0.616486 -0.448058 0.489337 0.423956 0.0003948560 0.0000337848 -0.0000648214 0.0000031173 -0.0000055622 0.0000108745 0.0210145331 -0.0026169270 -0.0000025675 0.0037840975 0.0000829817 0.0026973615
1403637237.08836 -0.887820 -6.713962 -0.776755 0.612545 -0.441125 0.500840 0.423504 0.0003980402 0.0000310114 -0.0000562157 0.0000026439 -0.0000043952 0.0000081727 0.0210927033 -0.0022954527 -0.0000026262 0.0036912030 0.0000829105 0.0026974139
1403637237.13836 -0.765543 -6.722780 -0.745666 0.608732 -0.434447 0.512990 0.421357 0.0004008298 0.0000272056 -0.0000479088 0.0000020744 -0.0000032666 0.0000059605 0.0211367193 -0.0019725226 -0.0000026527 0.0036106354 0.0000829421 0.0026974975
1403637237.18836 -0.644513 -6.724285 -0.713311 0.607030 -0.429562 0.523119 0.416339 0.0004025484 0.0000227287 -0.0000429264 0.0000015121 -0.0000024381 0.0000048133 0.0211551804 -0.0016479212 -0.0000026571 0.0035425845 0.0000829169 0.0026976290
1403637237.23836 -0.524892 -6.719518 -0.679403 0.608124 -0.425239 0.530709 0.409518 0.0004033493 0.0000189795 -0.0000410272 0.0000011226 -0.0000019446 0.0000044109 0.0211282801 -0.0013269208 -0.0000026334 0.0034875493 0.0000829142 0.0026977699
1403637237.28836 -0.406948 -6.710735 -0.643114 0.611355 -0.421778 0.536007 0.401304 0.0004034834 0.0000156716 -0.0000417944 0.0000008381 -0.0000016370 0.0000045689 0.0210713958 -0.0010098489 -0.0000025598 0.0034443589 0.0000830239 0.0026978588
1403637237.33836 -0.291782 -6.692510 -0.605995 0.615551 -0.418167 0.538692 0.395024 0.0004031916 0.0000145576 -0.0000435769 0.0000007561 -0.0000015870 0.0000049513 0.0209950176 -0.0006992450 -0.0000024433 0.0034132661 0.0000830315 0.0026980119
1403637237.38836 -0.179257 -6.667063 -0.566599 0.618919 -0.415724 0.541773 0.388066 0.0004029743 0.0000121664 -0.0000452939 0.0000005981 -0.0000013808 0.0000053336 0.0208674328 -0.0003964849 -0.0000022250 0.0033929103 0.0000830181 0.0026980956
1403637237.43836 -0.069221 -6.635255 -0.525742 0.621338 -0.413505 0.545093 0.381872 0.0004028998 0.0000096803 -0.0000462366 0.0000004642 -0.0000011240 0.0000055499 0.0207021237 -0.0001041377 -0.0000020018 0.0033834011 0.0000829948 0.0026982645
1403637237.48836 0.039981 -6.598606 -0.485741 0.624226 -0.411174 0.546643 0.377437 0.0004026249 0.0000087931 -0.0000475986 0.0000004242 -0.0000010523 0.0000058709 0.0205044296 0.0001785062 -0.0000015707 0.0033832077 0.0000827795 0.0026982541
1403637237.53836 0.143976 -6.554928 -0.442709 0.626083 -0.410056 0.549006 0.372111 0.0004024550 0.0000064121 -0.0000486992 0.0000003353 -0.0000007883 0.0000061373 0.0202836988 0.0004558218 -0.0000012482 0.0033925553 0.0000827362 0.0026984472
1403637237.58836 0.244869 -6.503892 -0.398632 0.627527 -0.409518 0.551004 0.367287 0.0004022430 0.0000039731 -0.0000498322 0.0000002727 -0.0000005045 0.0000064180 0.0200283982 0.0007144036 -0.0000008135 0.0034092385 0.0000826203 0.0026986115
1403637237.63836 0.342195 -6.447695 -0.352008 0.627352 -0.409719 0.554516 0.362039 0.0004023025 0.0000000046 -0.0000497786 0.0000002347 -0.0000000123 0.0000064040 0.0197390880 0.0009595181 -0.0000003895 0.0034338690 0.0000825864 0.0026988595
1403637237.68836 0.434198 -6.384735 -0.305729 0.626737 -0.410178 0.558251 0.356805 0.0004023402 -0.0000042652 -0.0000494694 0.0000002802 0.0000005131 0.0000063267 0.0194278676 0.0011903906 0.0000000110 0.0034639373 0.0000827364 0.0026990871
1403637237.73836 0.523247 -6.318211 -0.260248 0.626339 -0.412373 0.560846 0.350855 0.0004019165 -0.0000092660 -0.0000504925 0.0000004496 0.0000011532 0.0000065864 0.0190842353 0.0014009755 0.0000006250 0.0034986840 0.0000826126 0.0026992946
1403637237.78836 0.609639 -6.248749 -0.216560 0.625991 -0.414991 0.562808 0.345204 0.0004012894 -0.0000140899 -0.0000518315 0.0000007309 0.0000018097 0.0000069365 0.0187297330 0.0015997721 0.0000012126 0.0035381010 0.0000825047 0.0026995306
1403637237.83836 0.690317 -6.173543 -0.174398 0.625981 -0.419918 0.562493 0.339733 0.0004000020 -0.0000189478 -0.0000550803 0.0000011352 0.0000025999 0.0000078265 0.0183687792 0.0017846969 0.0000017009 0.0035825783 0.0000826192 0.0026998498
1403637237.88836 0.765938 -6.092799 -0.136377 0.625964 -0.426616 0.560372 0.334891 0.0003981785 -0.0000236718 -0.0000595404 0.0000016456 0.0000035318 0.0000091449 0.0179826636 0.0019489621 0.0000021038 0.0036282458 0.0000827975 0.0027000853
1403637237.93836 0.838890 -6.012198 -0.098447 0.625193 -0.434714 0.557475 0.330726 0.0003960372 -0.0000285730 -0.0000641629 0.0000023015 0.0000046228 0.0000106376 0.0175753712 0.0020925364 0.0000025056 0.0036755305 0.0000829659 0.0027004388
1403637237.98837 0.908042 -5.929017 -0.063147 0.624566 -0.444369 0.552531 0.327359 0.0003932478 -0.0000328858 -0.0000701127 0.0000029920 0.0000058585 0.0000127442 0.0171781865 0.0022256353 0.0000028565 0.0037251321 0.0000831681 0.0027007812
1403637238.03837 0.973665 -5.844127 -0.029778 0.622942 -0.455914 0.547428 0.323122 0.0003896937 -0.0000385057 -0.0000764647 0.0000040486 0.0000075528 0.0000152490 0.0167784533 0.0023459813 0.0000031553 0.0037760350 0.0000833911 0.0027011147
1403637238.08837 1.037201 -5.758235 0.001220 0.619698 -0.470310 0.542412 0.317131 0.0003848482 -0.0000464168 -0.0000833653 0.0000058445 0.0000100547 0.0000183059 0.0163789140 0.0024530482 0.0000033405 0.0038273834 0.0000836136 0.0027013998
1403637238.13837 1.094378 -5.670822 0.031335 0.615238 -0.484865 0.537089 0.312928 0.0003799338 -0.0000534525 -0.0000894370 0.0000077690 0.0000125853 0.0000213035 0.0159844503 0.0025501361 0.0000035365 0.0038797627 0.0000838738 0.0027017245
1403637238.18836 1.147814 -5.582564 0.060875 0.608647 -0.500460 0.532503 0.309079 0.0003746326 -0.0000612890 -0.0000945262 0.0000102788 0.0000154696 0.0000241032 0.0155899541 0.0026274376 0.0000037074 0.0039287659 0.0000841209 0.0027020581
1403637238.23836 1.197450 -5.493794 0.088405 0.600632 -0.516505 0.527820 0.306382 0.0003691353 -0.0000688216 -0.0000989875 0.0000130838 0.0000184630 0.0000267973 0.0151963860 0.0026921901 0.0000031219 0.0039745018 0.0000843511 0.0027020409
1403637238.28836 1.241082 -5.404948 0.115169 0.590523 -0.533263 0.523753 0.304298 0.0003634230 -0.0000767176 -0.0001024736 0.0000164517 0.0000216428 0.0000291498 0.0148111647 0.0027440581 0.0000032822 0.0040195281 0.0000844849 0.0027024032
1403637238.33836 1.279079 -5.314937 0.140981 0.580039 -0.550086 0.518744 0.303091 0.0003573722 -0.0000836781 -0.0001061808 0.0000198541 0.0000248762 0.0000318065 0.0144339893 0.0027798008 0.0000033747 0.0040596000 0.0000845511 0.0027027344
1403637238.38836 1.311162 -5.226608 0.165389 0.567028 -0.566350 0.514828 0.304433 0.0003523982 -0.0000902190 -0.0001078698 0.0000233630 0.0000276334 0.0000332802 0.0140594859 0.0027995367 0.0000034428 0.0040943215 0.0000846488 0.0027031120
1403637238.43836 1.336108 -5.137963 0.188423 0.553906 -0.582138 0.510149 0.306677 0.0003475196 -0.0000957229 -0.0001097026 0.0000266368 0.0000302375 0.0000348941 0.0136957077 0.0028045446 0.0000034662 0.0041229303 0.0000847318 0.0027034857
1403637238.48835 1.354019 -5.049094 0.210318 0.540204 -0.596861 0.505355 0.310729 0.0003435465 -0.0001001566 -0.0001108580 0.0000294739 0.0000323423 0.0000360386 0.0133383541 0.0027926453 0.0000033358 0.0041435616 0.0000847372 0.0027037843
1403637238.53835 1.365157 -4.960643 0.231534 0.527789 -0.610900 0.498716 0.315472 0.0003398172 -0.0001028622 -0.0001129867 0.0000314148 0.0000342267 0.0000378366 0.0129863329 0.0027650861 0.0000032854 0.0041565392 0.0000847559 0.0027041625
1403637238.58835 1.368641 -4.872594 0.250723 0.516184 -0.624561 0.491496 0.319231 0.0003355935 -0.0001051947 -0.0001157953 0.0000332569 0.0000363258 0.0000402279 0.0126400326 0.0027239825 0.0000031979 0.0041622184 0.0000847471 0.0027045413
1403637238.63835 1.366219 -4.784820 0.268534 0.506384 -0.639617 0.483309 0.317613 0.0003279630 -0.0001084637 -0.0001210604 0.0000361590 0.0000400705 0.0000449660 0.0123043158 0.0026690292 0.0000030704 0.0041594659 0.0000847112 0.0027049076
1403637238.68835 1.358147 -4.697350 0.285800 0.501035 -0.653950 0.472055 0.313812 0.0003190121 -0.0001092709 -0.0001288921 0.0000377209 0.0000441881 0.0000523648 0.0119793137 0.0026026466 0.0000028854 0.0041493292 0.0000846505 0.0027052484
1403637238.73835 1.343145 -4.611227 0.302350 0.497921 -0.667959 0.460068 0.306990 0.0003081504 -0.0001095068 -0.0001376029 0.0000392124 0.0000489450 0.0000617446 0.0116621298 0.0025271695 0.0000026787 0.0041331582 0.0000845460 0.0027055763
1403637238.78835 1.320899 -4.527194 0.318123 0.496442 -0.681091 0.447391 0.299167 0.0002965365 -0.0001086484 -0.0001462797 0.0000401095 0.0000536481 0.0000724708 0.0113579327 0.0024405596 0.0000024295 0.0041090433 0.0000843829 0.0027058659
1403637238.83833 1.287559 -4.448119 0.335253 0.496015 -0.693447 0.434675 0.290100 0.0002841547 -0.0001071660 -0.0001544239 0.0000407209 0.0000583005 0.0000842463 0.0110682940 0.0023428261 0.0000015720 0.0040761983 0.0000838370 0.0027056720
1403637238.88833 1.248797 -4.370237 0.350339 0.496805 -0.704440 0.421865 0.281032 0.0002716308 -0.0001048809 -0.0001617795 0.0000408043 0.0000625350 0.0000966955 0.0108059544 0.0022312963 0.0000013346 0.0040331098 0.0000835953 0.0027059097
1403637238.93833 1.201862 -4.296744 0.365661 0.498587 -0.714112 0.409171 0.272094 0.0002594726 -0.0001018270 -0.0001681996 0.0000402720 0.0000660858 0.0001093940 0.0105559850 0.0021138397 0.0000010393 0.0039856967 0.0000832748 0.0027060894
1403637238.98833 1.145868 -4.229103 0.380977 0.500971 -0.721613 0.397209 0.265570 0.0002495650 -0.0000979903 -0.0001733525 0.0000387882 0.0000681507 0.0001207937 0.0103271783 0.0019874135 0.0000007998 0.0039319920 0.0000829810 0.0027062844
1403637239.03833 1.081029 -4.167896 0.397895 0.504809 -0.725008 0.386087 0.265460 0.0002454210 -0.0000923087 -0.0001774545 0.0000350301 0.0000668315 0.0001287036 0.0101240573 0.0018516372 0.0000005421 0.0038722184 0.0000826298 0.0027064225
1403637239.08834 1.007542 -4.114488 0.416028 0.509221 -0.725460 0.376281 0.269841 0.0002454360 -0.0000857637 -0.0001807082 0.0000302751 0.0000632302 0.0001334517 0.0099488138 0.0017086355 0.0000002445 0.0038086866 0.0000821953 0.0027064367
1403637239.13834 0.926648 -4.069315 0.436802 0.513007 -0.721886 0.368807 0.282287 0.0002526054 -0.0000779325 -0.0001824814 0.0000243429 0.0000563751 0.0001322228 0.0098041920 0.0015587240 -0.0000000247 0.0037429242 0.0000817770 0.0027064608
1403637239.18835 0.839257 -4.030490 0.459191 0.515174 -0.716641 0.363455 0.298196 0.0002629346 -0.0000699682 -0.0001826944 0.0000189118 0.0000486836 0.0001273327 0.0096828650 0.0014048809 -0.0000002444 0.0036784943 0.0000814125 0.0027064528
1403637239.23835 0.746418 -3.998002 0.481519 0.514433 -0.711133 0.360648 0.315566 0.0002748556 -0.0000630328 -0.0001810100 0.0000147418 0.0000415703 0.0001195880 0.0095798768 0.0012470753 -0.0000004304 0.0036166239 0.0000811269 0.0027063184
1403637239.28835 0.650059 -3.968570 0.502674 0.511795 -0.707477 0.358702 0.329962 0.0002844068 -0.0000578216 -0.0001787733 0.0000120383 0.0000363994 0.0001127478 0.0094931919 0.0010868588 -0.0000006338 0.0035599619 0.0000808073 0.0027062746
1403637239.33836 0.549513 -3.943896 0.522706 0.507448 -0.706302 0.356353 0.341537 0.0002913338 -0.0000540279 -0.0001767206 0.0000102940 0.0000328204 0.0001075649 0.0094148552 0.0009245270 -0.0000007442 0.0035081913 0.0000809725 0.0027059688
1403637239.38835 0.446421 -3.921899 0.540388 0.500730 -0.707841 0.354348 0.350240 0.0002958744 -0.0000524183 -0.0001749099 0.0000095607 0.0000310335 0.0001037663 0.0093513502 0.0007595139 -0.0000009130 0.0034650790 0.0000806894 0.0027060822
1403637239.43835 0.340607 -3.903034 0.555067 0.492698 -0.711215 0.351528 0.357562 0.0002988805 -0.0000515714 -0.0001735639 0.0000091718 0.0000299930 0.0001011571 0.0092941733 0.0005934493 -0.0000010663 0.0034302647 0.0000805316 0.0027062078
1403637239.48835 0.232161 -3.886909 0.565925 0.484117 -0.715123 0.347603 0.365242 0.0003016396 -0.0000503539 -0.0001723991 0.0000086782 0.0000288225 0.0000988999 0.0092444517 0.0004258212 -0.0000011943 0.0034043466 0.0000803867 0.0027064168
1403637239.53835 0.121400 -3.872383 0.572597 0.474142 -0.719119 0.343737 0.374034 0.0003051276 -0.0000492979 -0.0001706994 0.0000082363 0.0000276205 0.0000958619 0.0092023422 0.0002556923 -0.0000012939 0.0033878374 0.0000802585 0.0027066224
1403637239.58835 0.008315 -3.860289 0.574721 0.464048 -0.723525 0.338778 0.382622 0.0003080953 -0.0000479285 -0.0001693130 0.0000077264 0.0000263784 0.0000934125 0.0091651212 0.0000835735 -0.0000013935 0.0033814910 0.0000801760 0.0027069108
1403637239.63835 -0.107634 -3.850107 0.571854 0.453762 -0.728140 0.332867 0.391295 0.0003108149 -0.0000461851 -0.0001681123 0.0000071322 0.0000250175 0.0000912953 0.0091346019 -0.0000908431 -0.0000014889 0.0033858438 0.0000801264 0.0027072469
1403637239.68835 -0.226163 -3.842337 0.564684 0.442340 -0.732115 0.327749 0.401153 0.0003146757 -0.0000448184 -0.0001659879 0.0000066521 0.0000236757 0.0000879229 0.0091098582 -0.0002685519 -0.0000015598 0.0034017308 0.0000800818 0.0027076318
1403637239.73835 -0.347411 -3.837202 0.554505 0.431263 -0.733391 0.322274 0.415077 0.0003215121 -0.0000415625 -0.0001621170 0.0000056407 0.0000209874 0.0000821066 0.0090923792 -0.0004499812 -0.0000016098 0.0034299194 0.0000800593 0.0027080704
1403637239.78835 -0.470881 -3.833690 0.541138 0.419272 -0.733237 0.317608 0.430930 0.0003298893 -0.0000383241 -0.0001565629 0.0000047196 0.0000182141 0.0000746595 0.0090817514 -0.0006341091 -0.0000016431 0.0034709609 0.0000800803 0.0027085948
1403637239.83835 -0.596456 -3.828892 0.522979 0.408354 -0.731318 0.310818 0.449236 0.0003391968 -0.0000326170 -0.0001499947 0.0000034020 0.0000144432 0.0000666780 0.0090740426 -0.0008206514 -0.0000016872 0.0035251240 0.0000803083 0.0027091129
1403637239.88835 -0.722915 -3.826809 0.502448 0.396763 -0.730246 0.304270 0.465552 0.0003470780 -0.0000282102 -0.0001434699 0.0000025583 0.0000116764 0.0000596499 0.0090619443 -0.0010089575 -0.0000017069 0.0035930907 0.0000804966 0.0027097337
1403637239.93835 -0.850155 -3.820550 0.476722 0.384382 -0.730606 0.298111 0.479161 0.0003530146 -0.0000254731 -0.0001378574 0.0000020943 0.0000099548 0.0000541713 0.0090547232 -0.0011973143 -0.0000017832 0.0036721364 0.0000814234 0.0027093776
1403637239.98835 -0.977105 -3.816975 0.452584 0.372638 -0.731135 0.289960 0.492448 0.0003583110 -0.0000217995 -0.0001325879 0.0000015829 0.0000080702 0.0000493948 0.0090358893 -0.0013856131 -0.0000017436 0.0037672060 0.0000816431 0.0027099172
1403637240.03835 -1.103524 -3.814233 0.426923 0.360708 -0.732970 0.281566 0.503353 0.0003620204 -0.0000190971 -0.0001285992 0.0000012654 0.0000067847 0.0000460126 0.0090263982 -0.0015736682 -0.0000016506 0.0038751412 0.0000818198 0.0027105241
1403637240.08835 -1.229114 -3.810420 0.399696 0.348131 -0.736296 0.273827 0.511558 0.0003643035 -0.0000181627 -0.0001258995 0.0000011657 0.0000062758 0.0000438397 0.0090165282 -0.0017591295 -0.0000015219 0.0039949300 0.0000820071 0.0027112033
1403637240.13835 -1.353694 -3.805671 0.371605 0.335752 -0.741018 0.264664 0.517800 0.0003651999 -0.0000172315 -0.0001248962 0.0000010759 0.0000058903 0.0000430446 0.0090028520 -0.0019424452 -0.0000013462 0.0041269509 0.0000821860 0.0027119299
1403637240.18835 -1.477719 -3.798954 0.343035 0.323475 -0.745965 0.256058 0.522814 0.0003656147 -0.0000169372 -0.0001244121 0.0000010503 0.0000057593 0.0000426671 0.0089859444 -0.0021228569 -0.0000011204 0.0042704592 0.0000823901 0.0027126677
1403637240.23835 -1.600445 -3.791556 0.313345 0.312411 -0.752029 0.246379 0.525499 0.0003645954 -0.0000163185 -0.0001258133 0.0000009986 0.0000056254 0.0000437486 0.0089646388 -0.0023007587 -0.0000008326 0.0044256938 0.0000826100 0.0027133898
1403637240.28836 -1.721492 -3.782888 0.278278 0.302851 -0.759782 0.236234 0.524601 0.0003614304 -0.0000158136 -0.0001298115 0.0000009617 0.0000056725 0.0000469587 0.0089435564 -0.0024758826 -0.0000001941 0.0045902924 0.0000822094 0.0027134385
1403637240.33836 -1.841635 -3.776088 0.245839 0.296667 -0.767245 0.225504 0.521988 0.0003572774 -0.0000139024 -0.0001348940 0.0000008129 0.0000052408 0.0000512708 0.0089190102 -0.0026472157 0.0000003107 0.0047658559 0.0000822649 0.0027140280
1403637240.38836 -1.960151 -3.769887 0.213150 0.292197 -0.774718 0.214555 0.518073 0.0003522062 -0.0000113001 -0.0001406697 0.0000006363 0.0000045037 0.0000565285 0.0088997867 -0.0028176263 0.0000008908 0.0049516712 0.0000823128 0.0027145874
1403637240.43837 -2.077353 -3.763206 0.180829 0.290544 -0.781171 0.202575 0.514120 0.0003467794 -0.0000067322 -0.0001464448 0.0000004019 0.0000028320 0.0000621928 0.0088850411 -0.0029866516 0.0000015499 0.0051449137 0.0000821616 0.0027148974
1403637240.48837 -2.195563 -3.757705 0.151838 0.289473 -0.786326 0.192654 0.510668 0.0003420714 -0.0000027830 -0.0001510075 0.0000002950 0.0000012159 0.0000670162 0.0088706645 -0.0031540065 0.0000021955 0.0053497554 0.0000822762 0.0027154605
1403637240.53837 -2.313479 -3.755319 0.123693 0.288745 -0.789843 0.184910 0.508510 0.0003386736 0.0000005346 -0.0001540659 0.0000002726 -0.0000002571 0.0000704422 0.0088622575 -0.0033254133 0.0000028881 0.0055679621 0.0000824653 0.0027158880
1403637240.58836 -2.432290 -3.754186 0.098431 0.286884 -0.791803 0.181176 0.507858 0.0003373004 0.0000016319 -0.0001552514 0.0000002802 -0.0000007655 0.0000718149 0.0088634604 -0.0034974818 0.0000035338 0.0057955694 0.0000825882 0.0027163367
1403637240.63836 -2.549519 -3.760625 0.073611 0.286517 -0.792352 0.177544 0.508493 0.0003368778 0.0000036879 -0.0001555848 0.0000003101 -0.0000017186 0.0000722099 0.0088670551 -0.0036716812 0.0000043424 0.0060330577 0.0000819981 0.0027163428
1403637240.68836 -2.668407 -3.764432 0.052815 0.286856 -0.791861 0.174900 0.509981 0.0003371959 0.0000057665 -0.0001552591 0.0000003682 -0.0000026716 0.0000718398 0.0088947215 -0.0038525187 0.0000049807 0.0062811760 0.0000820046 0.0027166808
1403637240.73836 -2.787225 -3.771104 0.034555 0.285950 -0.791239 0.174524 0.511581 0.0003382260 0.0000060656 -0.0001543706 0.0000003785 -0.0000027852 0.0000708058 0.0089147685 -0.0040343228 0.0000055639 0.0065455604 0.0000820585 0.0027169974
1403637240.78835 -2.906966 -3.780166 0.018335 0.286314 -0.788644 0.174090 0.515516 0.0003407847 0.0000076693 -0.0001520541 0.0000004422 -0.0000034395 0.0000681887 0.0089440630 -0.0042203206 0.0000060671 0.0068213277 0.0000821043 0.0027172178
1403637240.83835 -3.026975 -3.795301 0.003180 0.288182 -0.782348 0.173097 0.524328 0.0003463435 0.0000117839 -0.0001466216 0.0000006680 -0.0000050079 0.0000624057 0.0089794958 -0.0044102615 0.0000064263 0.0071081595 0.0000820534 0.0027173242
1403637240.88835 -3.146341 -3.806897 -0.008834 0.287885 -0.775428 0.175651 0.533835 0.0003529808 0.0000132555 -0.0001397782 0.0000007647 -0.0000052688 0.0000556767 0.0090333793 -0.0046089093 0.0000067602 0.0074077398 0.0000820750 0.0027173907
1403637240.93835 -3.265337 -3.818303 -0.019886 0.288732 -0.769262 0.176793 0.541862 0.0003580931 0.0000156298 -0.0001338983 0.0000009494 -0.0000058646 0.0000503851 0.0090749735 -0.0048020014 0.0000070274 0.0077162093 0.0000821073 0.0027174497
1403637240.98835 -3.382499 -3.829929 -0.030849 0.289554 -0.765152 0.178221 0.546752 0.0003612683 0.0000168431 -0.0001300282 0.0000010528 -0.0000060827 0.0000471122 0.0091141850 -0.0049935369 0.0000072424 0.0080331497 0.0000821539 0.0027174998
1403637241.03835 -3.496789 -3.842772 -0.043594 0.289928 -0.764220 0.179893 0.547310 0.0003620004 0.0000162688 -0.0001292256 0.0000009988 -0.0000058279 0.0000464398 0.0091526017 -0.0051824499 0.0000074400 0.0083549309 0.0000821781 0.0027175503
1403637241.08836 -3.609993 -3.856407 -0.058966 0.290276 -0.765125 0.182317 0.545054 0.0003612896 0.0000143706 -0.0001303210 0.0000008389 -0.0000052037 0.0000473162 0.0091966090 -0.0053709715 0.0000076306 0.0086793221 0.0000822296 0.0027176427
1403637241.13836 -3.719833 -3.872093 -0.076272 0.291847 -0.765672 0.183238 0.543135 0.0003603517 0.0000139392 -0.0001314976 0.0000008057 -0.0000051059 0.0000482920 0.0092419707 -0.0055610893 0.0000078128 0.0090127725 0.0000819884 0.0027175655
1403637241.18836 -3.829981 -3.887730 -0.096283 0.293462 -0.765970 0.183981 0.541592 0.0003595776 0.0000137949 -0.0001324349 0.0000007962 -0.0000050999 0.0000490821 0.0092939406 -0.0057500540 0.0000079533 0.0093451464 0.0000819719 0.0027175697
1403637241.23836 -3.937904 -3.904221 -0.116590 0.296809 -0.764537 0.182174 0.542402 0.0003594619 0.0000166154 -0.0001322569 0.0000010351 -0.0000061326 0.0000489640 0.0093456726 -0.0059417770 0.0000080237 0.0096898643 0.0000818264 0.0027174528
1403637241.28837 -4.044144 -3.921974 -0.136835 0.300508 -0.763229 0.179834 0.542989 0.0003590308 0.0000198156 -0.0001323307 0.0000013617 -0.0000073234 0.0000490758 0.0094014129 -0.0061328523 0.0000082711 0.0100360772 0.0000817813 0.0027175425
1403637241.33837 -4.149072 -3.940119 -0.158344 0.303486 -0.761296 0.178553 0.544467 0.0003593681 0.0000224170 -0.0001315295 0.0000016669 -0.0000082246 0.0000484396 0.0094621620 -0.0063255042 0.0000083698 0.0103855306 0.0000817659 0.0027175327
1403637241.38837 -4.250751 -3.959514 -0.180200 0.307387 -0.758869 0.175424 0.546678 0.0003595164 0.0000267114 -0.0001305598 0.0000022540 -0.0000097207 0.0000477108 0.0095226803 -0.0065167256 0.0000085098 0.0107377054 0.0000817224 0.0027175537
1403637241.43837 -4.350262 -3.980797 -0.202404 0.311070 -0.756934 0.172556 0.548189 0.0003592895 0.0000305256 -0.0001300022 0.0000028639 -0.0000110656 0.0000473351 0.0095877574 -0.0067063402 0.0000087224 0.0110858712 0.0000816572 0.0027176087
1403637241.48837 -4.447634 -4.003537 -0.223112 0.314553 -0.754194 0.169716 0.550858 0.0003596365 0.0000346553 -0.0001285546 0.0000036102 -0.0000124082 0.0000462468 0.0096600218 -0.0068980347 0.0000088764 0.0114332732 0.0000816020 0.0027176241
1403637241.53837 -4.542050 -4.028029 -0.241833 0.317971 -0.749938 0.166893 0.555548 0.0003609480 0.0000394907 -0.0001255469 0.0000045924 -0.0000137562 0.0000439596 0.0097388124 -0.0070918920 0.0000089608 0.0117807439 0.0000815515 0.0027176126
1403637241.58837 -4.633165 -4.054034 -0.260244 0.320833 -0.746887 0.165148 0.558527 0.0003616316 0.0000428810 -0.0001235765 0.0000053572 -0.0000146731 0.0000425177 0.0098234600 -0.0072851253 0.0000091039 0.0121218214 0.0000815335 0.0027175755
1403637241.63837 -4.719547 -4.082738 -0.275494 0.321985 -0.743814 0.165449 0.561866 0.0003632721 0.0000445099 -0.0001208865 0.0000057270 -0.0000148307 0.0000405148 0.0099146645 -0.0074786066 0.0000093461 0.0124574861 0.0000815252 0.0027176562
1403637241.68837 -4.800107 -4.113508 -0.287787 0.322193 -0.739764 0.167174 0.566563 0.0003660369 0.0000454446 -0.0001168210 0.0000059162 -0.0000145217 0.0000375683 0.0100152052 -0.0076715058 0.0000095865 0.0127804338 0.0000815312 0.0027177521
1403637241.73837 -4.876327 -4.145674 -0.298250 0.322528 -0.735658 0.168609 0.571274 0.0003686183 0.0000466419 -0.0001126910 0.0000061756 -0.0000142757 0.0000347323 0.0101193594 -0.0078576068 0.0000095365 0.0130815292 0.0000815760 0.0027177350
1403637241.78837 -4.945646 -4.179178 -0.306588 0.321904 -0.731831 0.170643 0.575919 0.0003713591 0.0000470255 -0.0001084408 0.0000062290 -0.0000137470 0.0000319444 0.0102292092 -0.0080414691 0.0000094955 0.0133694767 0.0000815880 0.0027176954
1403637241.83837 -5.012519 -4.212262 -0.314720 0.320081 -0.728529 0.174447 0.579967 0.0003743738 0.0000457262 -0.0001042495 0.0000058587 -0.0000127462 0.0000293055 0.0103425760 -0.0082167579 0.0000095172 0.0136311148 0.0000816056 0.0027177052
1403637241.88837 -5.073040 -4.247840 -0.320298 0.315757 -0.727111 0.181828 0.581847 0.0003777340 0.0000403807 -0.0001008897 0.0000045897 -0.0000107960 0.0000272210 0.0104558671 -0.0083889869 0.0000096302 0.0138864084 0.0000816067 0.0027177664
1403637241.93837 -5.128382 -4.283769 -0.324451 0.309134 -0.725694 0.192909 0.583602 0.0003819412 0.0000318441 -0.0000965584 0.0000029269 -0.0000080580 0.0000246830 0.0105747463 -0.0085549060 0.0000096387 0.0141169320 0.0000816174 0.0027177990
1403637241.98838 -5.180973 -4.319705 -0.327082 0.303990 -0.724092 0.201243 0.585476 0.0003850718 0.0000255077 -0.0000925708 0.0000019613 -0.0000061369 0.0000225243 0.0106963639 -0.0087173647 0.0000095048 0.0143337996 0.0000816225 0.0027177459
1403637242.03838 -5.230715 -4.353850 -0.328907 0.300506 -0.722395 0.206155 0.587658 0.0003872294 0.0000219397 -0.0000892049 0.0000015147 -0.0000050570 0.0000208186 0.0108134786 -0.0088734827 0.0000091648 0.0145402914 0.0000816464 0.0027176591
1403637242.08837 -5.275502 -4.387122 -0.328814 0.299913 -0.722103 0.205604 0.588512 0.0003874874 0.0000222272 -0.0000886159 0.0000015470 -0.0000050846 0.0000205344 0.0109256102 -0.0090226698 0.0000088306 0.0147373257 0.0000816526 0.0027175629
1403637242.13837 -5.314519 -4.418909 -0.326583 0.301495 -0.722654 0.202049 0.588258 0.0003865237 0.0000248210 -0.0000899128 0.0000018661 -0.0000057739 0.0000211840 0.0110339486 -0.0091624058 0.0000080733 0.0149137975 0.0000816021 0.0027172654
1403637242.18837 -5.352662 -4.450135 -0.324315 0.304236 -0.723578 0.196591 0.587561 0.0003848400 0.0000288845 -0.0000920744 0.0000024409 -0.0000069102 0.0000222988 0.0111405946 -0.0092904478 0.0000076490 0.0150656977 0.0000815968 0.0027171122
1403637242.23837 -5.385414 -4.480720 -0.319852 0.306769 -0.723795 0.191732 0.587582 0.0003834989 0.0000327746 -0.0000933881 0.0000030748 -0.0000079800 0.0000230123 0.0112482741 -0.0094180625 0.0000073042 0.0152151834 0.0000815776 0.0027169801
1403637242.28837 -5.413577 -4.510849 -0.314724 0.308890 -0.723800 0.187162 0.587938 0.0003823269 0.0000363990 -0.0000942888 0.0000037397 -0.0000089749 0.0000235251 0.0113527411 -0.0095343952 0.0000068941 0.0153407737 0.0000815593 0.0027168251
1403637242.38837 -5.463307 -4.571919 -0.308455 0.314459 -0.719951 0.175764 0.593206 0.0003807520 0.0000472517 -0.0000924362 0.0000061428 -0.0000114700 0.0000227155 0.0115667808 -0.0097550104 0.0000066357 0.0155602293 0.0000816084 0.0027168250
1403637242.43837 -5.481567 -4.602432 -0.307195 0.316820 -0.716961 0.171110 0.596920 0.0003804840 0.0000523271 -0.0000901929 0.0000074760 -0.0000124020 0.0000216541 0.0116748125 -0.0098522840 0.0000061439 0.0156320568 0.0000816498 0.0027165990
1403637242.48837 -5.494971 -4.633269 -0.308045 0.318413 -0.714255 0.167356 0.600371 0.0003803795 0.0000564161 -0.0000879112 0.0000086480 -0.0000130360 0.0000205916 0.0117844767 -0.0099456593 0.0000058688 0.0156936852 0.0000816843 0.0027164442
1403637242.53837 -5.505973 -4.665596 -0.309646 0.319580 -0.712107 0.166575 0.602516 0.0003806846 0.0000582318 -0.0000860974 0.0000091885 -0.0000131665 0.0000197451 0.0118958251 -0.0100311010 0.0000054336 0.0157306287 0.0000817669 0.0027162131
1403637242.58837 -5.508966 -4.697742 -0.310872 0.321201 -0.709655 0.168912 0.603894 0.0003814926 0.0000584493 -0.0000842804 0.0000092365 -0.0000129085 0.0000188922 0.0120175346 -0.0101162925 0.0000052672 0.0157552792 0.0000817919 0.0027160659
1403637242.63837 -5.507473 -4.730687 -0.311849 0.323872 -0.708460 0.173612 0.602536 0.0003819554 0.0000569541 -0.0000843361 0.0000087745 -0.0000125705 0.0000188948 0.0121379831 -0.0101843383 0.0000051582 0.0157418575 0.0000818289 0.0027159439
1403637242.68837 -5.501255 -4.764319 -0.311740 0.327594 -0.707304 0.180157 0.599956 0.0003823836 0.0000545972 -0.0000849940 0.0000080781 -0.0000121299 0.0000191661 0.0122623605 -0.0102465869 0.0000050500 0.0157102476 0.0000818575 0.0027158261
1403637242.73837 -5.489433 -4.797863 -0.310019 0.331640 -0.706180 0.189279 0.596237 0.0003830993 0.0000506626 -0.0000859270 0.0000069830 -0.0000113567 0.0000195477 0.0123891229 -0.0103006574 0.0000049176 0.0156571556 0.0000818675 0.0027156827
1403637242.78837 -5.471325 -4.830614 -0.306445 0.334241 -0.705399 0.200453 0.592042 0.0003843610 0.0000447424 -0.0000865805 0.0000054914 -0.0000100708 0.0000197779 0.0125141538 -0.0103435799 0.0000047431 0.0155813260 0.0000818454 0.0027155028
1403637242.83837 -5.449558 -4.862978 -0.300427 0.336292 -0.703169 0.211091 0.589832 0.0003861352 0.0000396316 -0.0000853628 0.0000043514 -0.0000087522 0.0000191461 0.0126357524 -0.0103712153 0.0000046080 0.0154788676 0.0000818238 0.0027153577
1403637242.88837 -5.423499 -4.894154 -0.293708 0.338373 -0.701098 0.220431 0.587686 0.0003875197 0.0000352360 -0.0000843295 0.0000034882 -0.0000076575 0.0000186264 0.0127549531 -0.0103904000 0.0000044639 0.0153629875 0.0000817940 0.0027152062
1403637242.93837 -5.393454 -4.924031 -0.285192 0.341263 -0.697572 0.226581 0.587872 0.0003887879 0.0000338980 -0.0000820887 0.0000032407 -0.0000071460 0.0000176076 0.0128701736 -0.0103988950 0.0000043263 0.0152313352 0.0000817684 0.0027150536
1403637242.98837 -5.359896 -4.952813 -0.275349 0.344191 -0.694285 0.231139 0.588282 0.0003897220 0.0000334900 -0.0000801332 0.0000031639 -0.0000068741 0.0000167523 0.0129816914 -0.0103968848 0.0000041851 0.0150841271 0.0000817464 0.0027148881
1403637243.03837 -5.323584 -4.981110 -0.265485 0.348565 -0.692792 0.231915 0.587160 0.0003891203 0.0000350442 -0.0000808529 0.0000034428 -0.0000072692 0.0000170766 0.0130907127 -0.0103863613 0.0000040431 0.0149246837 0.0000817368 0.0027147097
1403637243.08837 -5.283948 -5.007773 -0.256787 0.353265 -0.691670 0.230392 0.586273 0.0003879733 0.0000379883 -0.0000821225 0.0000040070 -0.0000080284 0.0000176607 0.0131956330 -0.0103656242 0.0000039081 0.0147514770 0.0000817512 0.0027145238
1403637243.13837 -5.241519 -5.034006 -0.250349 0.357697 -0.691526 0.228141 0.584633 0.0003863853 0.0000407651 -0.0000842919 0.0000045887 -0.0000088803 0.0000186680 0.0132962703 -0.0103350945 0.0000037879 0.0145659278 0.0000818008 0.0027143255
1403637243.18837 -5.194964 -5.058552 -0.246276 0.360479 -0.694239 0.227438 0.579965 0.0003843677 0.0000405120 -0.0000886285 0.0000045572 -0.0000093283 0.0000207177 0.0133970814 -0.0102978136 0.0000036673 0.0143698613 0.0000818515 0.0027141380
1403637243.23837 -5.144807 -5.082297 -0.244406 0.362056 -0.698190 0.228028 0.573977 0.0003822769 0.0000383964 -0.0000936452 0.0000041441 -0.0000093921 0.0000232243 0.0134911826 -0.0102476279 0.0000035442 0.0141588970 0.0000819046 0.0027139790
1403637243.28837 -5.091548 -5.105195 -0.244135 0.362432 -0.701452 0.229513 0.569150 0.0003808754 0.0000357161 -0.0000972850 0.0000036368 -0.0000091082 0.0000251356 0.0135831949 -0.0101889608 0.0000034281 0.0139370146 0.0000819687 0.0027138114
1403637243.33837 -5.035798 -5.127903 -0.245582 0.362745 -0.704519 0.230721 0.564657 0.0003794490 0.0000332787 -0.0001006662 0.0000032063 -0.0000088133 0.0000269953 0.0136720523 -0.0101217146 0.0000033151 0.0137058757 0.0000820298 0.0027136616
1403637243.38837 -4.977349 -5.149714 -0.248470 0.362232 -0.706682 0.232343 0.561610 0.0003787204 0.0000308469 -0.0001026853 0.0000027999 -0.0000083474 0.0000281325 0.0137608333 -0.0100484242 0.0000032085 0.0134673261 0.0000821003 0.0027135029
1403637243.43837 -4.916189 -5.170769 -0.252442 0.360882 -0.708716 0.234223 0.559130 0.0003783231 0.0000281128 -0.0001041359 0.0000023763 -0.0000077212 0.0000289560 0.0138455383 -0.0099663122 0.0000031012 0.0132209085 0.0000821606 0.0027133492
1403637243.48837 -4.852415 -5.191025 -0.255360 0.360622 -0.709164 0.234844 0.558468 0.0003782395 0.0000273713 -0.0001044761 0.0000022683 -0.0000075426 0.0000291511 0.0139264109 -0.0098750433 0.0000029929 0.0129660286 0.0000822142 0.0027132096
1403637243.53837 -4.786594 -5.211097 -0.257268 0.359500 -0.711109 0.236206 0.556140 0.0003777071 0.0000250815 -0.0001059273 0.0000019533 -0.0000070155 0.0000300018 0.0140084200 -0.0097790398 0.0000028888 0.0127067589 0.0000822681 0.0027130689
1403637243.58837 -4.718389 -5.230699 -0.258894 0.358262 -0.715101 0.237849 0.551095 0.0003760052 0.0000214013 -0.0001094466 0.0000015061 -0.0000062097 0.0000321549 0.0140865947 -0.0096749861 0.0000027904 0.0124417479 0.0000823221 0.0027129338
1403637243.63837 -4.648810 -5.250351 -0.258797 0.356930 -0.719040 0.239443 0.546122 0.0003742040 0.0000177446 -0.0001128561 0.0000011295 -0.0000053308 0.0000343362 0.0141664323 -0.0095679192 0.0000026906 0.0121757387 0.0000823588 0.0027127712
1403637243.68837 -4.578738 -5.270729 -0.255906 0.355859 -0.724008 0.240170 0.539903 0.0003714122 0.0000141737 -0.0001174314 0.0000008292 -0.0000044594 0.0000374326 0.0142474660 -0.0094579046 0.0000026056 0.0119096399 0.0000824140 0.0027126362
1403637243.73837 -4.507566 -5.290866 -0.250143 0.353298 -0.727460 0.242476 0.535899 0.0003700926 0.0000100216 -0.0001197077 0.0000005602 -0.0000032181 0.0000390261 0.0143317666 -0.0093477084 0.0000025178 0.0116471901 0.0000824533 0.0027125001
1403637243.78837 -4.436112 -5.311154 -0.242862 0.350140 -0.733107 0.245769 0.528729 0.0003672340 0.0000037979 -0.0001239128 0.0000003288 -0.0000012561 0.0000421211 0.0144158140 -0.0092346674 0.0000024301 0.0113863253 0.0000824893 0.0027123686
1403637243.83837 -4.364677 -5.331451 -0.233376 0.345682 -0.738943 0.250904 0.521070 0.0003643248 -0.0000041096 -0.0001276338 0.0000003379 0.0000014676 0.0000450281 0.0144989465 -0.0091193681 0.0000023274 0.0111289504 0.0000824989 0.0027122546
1403637243.88837 -4.294553 -5.351900 -0.221269 0.342711 -0.743490 0.253264 0.515392 0.0003615763 -0.0000090112 -0.0001307551 0.0000005179 0.0000032883 0.0000476023 0.0145808111 -0.0090043585 0.0000022352 0.0108788949 0.0000825245 0.0027121337
1403637243.93837 -4.223869 -5.370102 -0.206958 0.339253 -0.747273 0.256726 0.510472 0.0003593775 -0.0000143288 -0.0001328875 0.0000008668 0.0000053300 0.0000494591 0.0146627007 -0.0088901425 0.0000021355 0.0106365887 0.0000825301 0.0027120323
1403637243.98837 -4.154623 -5.387670 -0.189647 0.337676 -0.748876 0.257151 0.508952 0.0003584911 -0.0000158803 -0.0001337423 0.0000010006 0.0000059569 0.0000502185 0.0147367729 -0.0087727561 0.0000020309 0.0104001210 0.0000825299 0.0027119344
1403637244.03837 -4.086954 -5.404645 -0.169573 0.336604 -0.749669 0.256859 0.508643 0.0003581849 -0.0000163579 -0.0001340417 0.0000010457 0.0000061544 0.0000504866 0.0148092765 -0.0086573428 0.0000019261 0.0101733153 0.0000825295 0.0027118342
1403637244.08837 -4.020804 -5.420746 -0.147441 0.335502 -0.750193 0.256439 0.508811 0.0003581393 -0.0000166055 -0.0001340692 0.0000010700 0.0000062494 0.0000505152 0.0148772280 -0.0085416780 0.0000018207 0.0099541528 0.0000825250 0.0027117415
1403637244.13837 -3.955972 -5.436020 -0.123258 0.335422 -0.750327 0.254650 0.509564 0.0003581596 -0.0000154184 -0.0001341936 0.0000009650 0.0000058100 0.0000506070 0.0149427673 -0.0084275506 0.0000017176 0.0097436745 0.0000825224 0.0027116390
1403637244.18837 -3.893265 -5.451209 -0.097645 0.334679 -0.749656 0.253808 0.511456 0.0003590909 -0.0000146469 -0.0001332142 0.0000008998 0.0000054667 0.0000497478 0.0150080030 -0.0083162756 0.0000016183 0.0095422972 0.0000825219 0.0027115546
1403637244.23837 -3.831831 -5.465945 -0.070434 0.333730 -0.749410 0.253256 0.512709 0.0003596872 -0.0000143501 -0.0001325589 0.0000008759 0.0000053218 0.0000491823 0.0150716084 -0.0082073891 0.0000015226 0.0093497061 0.0000825150 0.0027114325
1403637244.28837 -3.771515 -5.479884 -0.042225 0.333139 -0.750397 0.252945 0.511802 0.0003590316 -0.0000148071 -0.0001332781 0.0000009155 0.0000055302 0.0000498060 0.0151343598 -0.0080998879 0.0000014460 0.0091637329 0.0000825128 0.0027113705
1403637244.33837 -3.713369 -5.494690 -0.012224 0.332742 -0.751758 0.251811 0.510622 0.0003580355 -0.0000148704 -0.0001344210 0.0000009235 0.0000056167 0.0000508004 0.0151896847 -0.0079906337 0.0000014108 0.0089826773 0.0000825687 0.0027112887
1403637244.38837 -3.655311 -5.507345 0.017899 0.333164 -0.753472 0.251869 0.507783 0.0003562774 -0.0000157443 -0.0001363082 0.0000010033 0.0000060580 0.0000524862 0.0152519628 -0.0078881468 0.0000013534 0.0088116892 0.0000825509 0.0027112595
1403637244.43837 -3.598362 -5.519307 0.049402 0.335665 -0.754158 0.251454 0.505317 0.0003547270 -0.0000152646 -0.0001380724 0.0000009661 0.0000059761 0.0000540812 0.0153050740 -0.0077818857 0.0000013022 0.0086433919 0.0000825302 0.0027112453
1403637244.48837 -3.544468 -5.532947 0.083013 0.340254 -0.753488 0.250239 0.503849 0.0003536806 -0.0000130489 -0.0001394315 0.0000007922 0.0000051779 0.0000553080 0.0153585663 -0.0076793605 0.0000012952 0.0084829497 0.0000825583 0.0027112130
1403637244.53837 -3.491468 -5.545920 0.117098 0.347556 -0.750859 0.247747 0.504021 0.0003533134 -0.0000082500 -0.0001401942 0.0000005051 0.0000033057 0.0000559701 0.0154209419 -0.0075855799 0.0000012715 0.0083336893 0.0000825389 0.0027112131
1403637244.58837 -3.440146 -5.559542 0.150047 0.356034 -0.748005 0.245244 0.503571 0.0003524633 -0.0000031639 -0.0001413024 0.0000003429 0.0000012988 0.0000569914 0.0154798694 -0.0074909378 0.0000012550 0.0081878984 0.0000825232 0.0027112350
1403637244.63837 -3.389735 -5.573765 0.181488 0.365321 -0.744804 0.242854 0.502821 0.0003513138 0.0000021206 -0.0001425207 0.0000003295 -0.0000008318 0.0000581631 0.0155423769 -0.0074001448 0.0000012476 0.0080484739 0.0000825165 0.0027112615
1403637244.68837 -3.339992 -5.588676 0.211361 0.374089 -0.741576 0.242353 0.501386 0.0003501837 0.0000059240 -0.0001435738 0.0000004193 -0.0000024018 0.0000592119 0.0156093496 -0.0073112477 0.0000012506 0.0079125249 0.0000825178 0.0027112940
1403637244.73837 -3.290834 -5.604290 0.239505 0.382003 -0.738552 0.243041 0.499546 0.0003491320 0.0000085523 -0.0001445061 0.0000005311 -0.0000035140 0.0000601601 0.0156796953 -0.0072237810 0.0000012642 0.0077798975 0.0000825281 0.0027113351
1403637244.78836 -3.243071 -5.621785 0.266836 0.388450 -0.735971 0.244200 0.497814 0.0003483237 0.0000103272 -0.0001451982 0.0000006297 -0.0000042795 0.0000608756 0.0157545363 -0.0071386726 0.0000013151 0.0076511150 0.0000825830 0.0027113303
1403637244.83836 -3.195246 -5.639161 0.292178 0.393763 -0.733766 0.245710 0.496150 0.0003476649 0.0000113828 -0.0001457736 0.0000006983 -0.0000047478 0.0000614733 0.0158380850 -0.0070583858 0.0000013553 0.0075279474 0.0000825962 0.0027113477
1403637244.88836 -3.147535 -5.657988 0.315751 0.398347 -0.731740 0.247714 0.494484 0.0003472089 0.0000118413 -0.0001461884 0.0000007316 -0.0000049612 0.0000619039 0.0159216090 -0.0069768564 0.0000013896 0.0074061063 0.0000826102 0.0027114270
1403637244.93836 -3.100857 -5.678940 0.337872 0.401424 -0.731109 0.250342 0.491597 0.0003463073 0.0000107656 -0.0001471494 0.0000006644 -0.0000045498 0.0000628804 0.0160132441 -0.0068964865 0.0000014499 0.0072856263 0.0000826517 0.0027114866
1403637244.98836 -3.054706 -5.700908 0.358390 0.403677 -0.731383 0.252954 0.487994 0.0003449866 0.0000090093 -0.0001485305 0.0000005669 -0.0000038538 0.0000643062 0.0161136107 -0.0068209692 0.0000015081 0.0071707361 0.0000826684 0.0027115667
1403637245.03836 -3.008713 -5.723798 0.376709 0.403477 -0.733963 0.256856 0.482214 0.0003427974 0.0000045305 -0.0001507732 0.0000003933 -0.0000019659 0.0000666769 0.0162182433 -0.0067464566 0.0000015802 0.0070584328 0.0000826895 0.0027116511
1403637245.08836 -2.963939 -5.747916 0.393099 0.401500 -0.738952 0.262387 0.473181 0.0003389909 -0.0000029005 -0.0001542152 0.0000003602 0.0000013493 0.0000705240 0.0163273914 -0.0066730032 0.0000016753 0.0069486382 0.0000827111 0.0027117285
1403637245.13836 -2.920998 -5.772882 0.407810 0.399818 -0.743862 0.266670 0.464438 0.0003346779 -0.0000093549 -0.0001576187 0.0000005989 0.0000044387 0.0000746054 0.0164435818 -0.0066050251 0.0000017724 0.0068453214 0.0000827201 0.0027118087
1403637245.18836 -2.880690 -5.799492 0.421467 0.399233 -0.747646 0.268192 0.457943 0.0003307831 -0.0000129702 -0.0001605026 0.0000008479 0.0000063283 0.0000782592 0.0165658909 -0.0065435719 0.0000018736 0.0067497086 0.0000827133 0.0027118769
1403637245.23836 -2.843464 -5.827579 0.435233 0.401020 -0.746918 0.266938 0.458302 0.0003306511 -0.0000114168 -0.0001607292 0.0000007347 0.0000055838 0.0000785125 0.0166970881 -0.0064905506 0.0000019700 0.0066627483 0.0000827002 0.0027119309
1403637245.28836 -2.808494 -5.857262 0.448460 0.403027 -0.743635 0.264845 0.463069 0.0003331975 -0.0000075665 -0.0001589377 0.0000005131 0.0000036414 0.0000761958 0.0168347610 -0.0064443866 0.0000020717 0.0065831472 0.0000826938 0.0027119682
1403637245.33836 -2.775932 -5.889074 0.460513 0.405924 -0.739909 0.261043 0.468633 0.0003355932 -0.0000021150 -0.0001571457 0.0000003554 0.0000010197 0.0000739661 0.0169816834 -0.0064040581 0.0000021693 0.0065090262 0.0000827005 0.0027120162
1403637245.38836 -2.744570 -5.922210 0.471242 0.407631 -0.736574 0.259445 0.473269 0.0003380332 0.0000013805 -0.0001550949 0.0000003485 -0.0000006054 0.0000715392 0.0171379365 -0.0063684501 0.0000022549 0.0064391029 0.0000827298 0.0027120084
1403637245.43836 -2.714374 -5.956709 0.480638 0.410236 -0.733365 0.258068 0.476743 0.0003397337 0.0000047579 -0.0001535550 0.0000004104 -0.0000021241 0.0000697833 0.0173017748 -0.0063352805 0.0000023390 0.0063715889 0.0000827581 0.0027119373
1403637245.48836 -2.683672 -5.992414 0.489370 0.413407 -0.730529 0.257881 0.478455 0.0003406936 0.0000070724 -0.0001526192 0.0000004918 -0.0000031430 0.0000687467 0.0174740930 -0.0063048698 0.0000024044 0.0063064386 0.0000827855 0.0027119728
1403637245.53836 -2.654287 -6.030555 0.496568 0.416754 -0.728106 0.259659 0.478283 0.0003411939 0.0000077134 -0.0001521474 0.0000005213 -0.0000034150 0.0000682254 0.0176530377 -0.0062729422 0.0000025024 0.0062405368 0.0000828115 0.0027120500
1403637245.58836 -2.625218 -6.069739 0.502332 0.421720 -0.725008 0.260606 0.478122 0.0003413310 0.0000095155 -0.0001519286 0.0000006142 -0.0000042118 0.0000680039 0.0178418898 -0.0062457229 0.0000026069 0.0061786909 0.0000828459 0.0027121105
1403637245.63836 -2.596146 -6.110465 0.506717 0.426629 -0.722706 0.263739 0.475527 0.0003408014 0.0000091920 -0.0001524289 0.0000005988 -0.0000040880 0.0000685570 0.0180390545 -0.0062191989 0.0000027155 0.0061176076 0.0000828873 0.0027121383
1403637245.68836 -2.567206 -6.152082 0.509355 0.432775 -0.719443 0.266648 0.473293 0.0003403762 0.0000097315 -0.0001527807 0.0000006310 -0.0000043457 0.0000689588 0.0182430606 -0.0061928821 0.0000028325 0.0060572342 0.0000829353 0.0027121518
1403637245.73836 -2.538755 -6.196236 0.511157 0.438466 -0.714708 0.272470 0.471912 0.0003416501 0.0000091331 -0.0001516852 0.0000005992 -0.0000040330 0.0000677261 0.0184564359 -0.0061675221 0.0000029905 0.0059978792 0.0000829991 0.0027121793
1403637245.78836 -2.510504 -6.241654 0.509409 0.444185 -0.707372 0.281174 0.472511 0.0003451938 0.0000082484 -0.0001484695 0.0000005539 -0.0000035263 0.0000642345 0.0186841137 -0.0061450513 0.0000030777 0.0059401963 0.0000830690 0.0027120156
1403637245.83836 -2.482373 -6.289021 0.509189 0.450838 -0.697293 0.291212 0.475103 0.0003504221 0.0000084700 -0.0001433412 0.0000005642 -0.0000034447 0.0000590062 0.0189166772 -0.0061218405 0.0000032147 0.0058830256 0.0000831323 0.0027120267
1403637245.88836 -2.453392 -6.336454 0.506688 0.458516 -0.687176 0.301636 0.475991 0.0003546989 0.0000083986 -0.0001388764 0.0000005609 -0.0000032696 0.0000547428 0.0191559771 -0.0060978518 0.0000033380 0.0058259663 0.0000832075 0.0027120133
1403637245.93836 -2.423336 -6.384794 0.502434 0.467286 -0.676986 0.312687 0.474932 0.0003581236 0.0000078735 -0.0001351277 0.0000005378 -0.0000029537 0.0000513517 0.0193980637 -0.0060706690 0.0000034666 0.0057678889 0.0000833060 0.0027119729
1403637245.98836 -2.392637 -6.433089 0.497145 0.477862 -0.666175 0.322915 0.472847 0.0003607012 0.0000083613 -0.0001321257 0.0000005612 -0.0000030474 0.0000487610 0.0196428139 -0.0060391665 0.0000035812 0.0057079848 0.0000834364 0.0027119368
1403637246.03837 -2.361411 -6.481673 0.490924 0.489684 -0.654926 0.333173 0.469338 0.0003625907 0.0000089870 -0.0001298319 0.0000005927 -0.0000032047 0.0000468500 0.0198920771 -0.0060055948 0.0000036446 0.0056479018 0.0000835808 0.0027117768
1403637246.08836 -2.330238 -6.531546 0.483621 0.502006 -0.643339 0.344473 0.464159 0.0003641659 0.0000088338 -0.0001279134 0.0000005862 -0.0000030917 0.0000452901 0.0201429996 -0.0059686665 0.0000036828 0.0055868022 0.0000837321 0.0027116839
1403637246.13836 -2.297871 -6.580157 0.475420 0.515539 -0.630681 0.355433 0.458397 0.0003654115 0.0000094498 -0.0001263127 0.0000006192 -0.0000032576 0.0000440228 0.0204020184 -0.0059320622 0.0000037848 0.0055272474 0.0000838883 0.0027116933
1403637246.18836 -2.264671 -6.627894 0.466062 0.529533 -0.617784 0.366674 0.451097 0.0003661944 0.0000096079 -0.0001253103 0.0000006295 -0.0000032810 0.0000432407 0.0206530027 -0.0058891476 0.0000038915 0.0054662725 0.0000840541 0.0027117259
1403637246.23836 -2.231265 -6.675047 0.455896 0.543386 -0.604341 0.378575 0.442927 0.0003670509 0.0000092895 -0.0001242351 0.0000006149 -0.0000031395 0.0000424097 0.0209030559 -0.0058424887 0.0000040059 0.0054048715 0.0000842304 0.0027117663
1403637246.28836 -2.197700 -6.720806 0.444566 0.558389 -0.590325 0.389003 0.434046 0.0003671303 0.0000099529 -0.0001240913 0.0000006515 -0.0000033619 0.0000423038 0.0211515537 -0.0057933106 0.0000041205 0.0053439697 0.0000844207 0.0027117871
1403637246.33836 -2.163619 -6.766543 0.432650 0.573233 -0.574649 0.399958 0.425695 0.0003678501 0.0000110978 -0.0001230579 0.0000007183 -0.0000037129 0.0000415274 0.0213930688 -0.0057407918 0.0000042371 0.0052837355 0.0000846413 0.0027118065
1403637246.38836 -2.129849 -6.811434 0.420640 0.588684 -0.557895 0.409244 0.418000 0.0003682116 0.0000139079 -0.0001223000 0.0000009087 -0.0000046226 0.0000409812 0.0216344801 -0.0056864765 0.0000042525 0.0052241810 0.0000848587 0.0027116458
1403637246.43836 -2.096947 -6.857322 0.406148 0.604350 -0.540142 0.417017 0.411223 0.0003683406 0.0000181780 -0.0001215681 0.0000012774 -0.0000060063 0.0000404813 0.0218742860 -0.0056311102 0.0000042169 0.0051655181 0.0000849568 0.0027114698
1403637246.48836 -2.061032 -6.899185 0.391856 0.618261 -0.521509 0.425984 0.405363 0.0003691872 0.0000222419 -0.0001197481 0.0000017208 -0.0000072240 0.0000391985 0.0221211082 -0.0055775375 0.0000042794 0.0051099053 0.0000852046 0.0027114013
1403637246.53836 -2.024426 -6.938977 0.376197 0.629993 -0.503849 0.436321 0.398583 0.0003706345 0.0000244765 -0.0001173033 0.0000019967 -0.0000077585 0.0000374805 0.0223429716 -0.0055092401 0.0000043340 0.0050495415 0.0000854624 0.0027113091
1403637246.58837 -1.986739 -6.976930 0.360266 0.640902 -0.485244 0.445915 0.393628 0.0003723365 0.0000281341 -0.0001140309 0.0000025060 -0.0000086305 0.0000352746 0.0225524657 -0.0054362662 0.0000043437 0.0049895898 0.0000857151 0.0027112328
1403637246.63837 -1.947507 -7.013073 0.342717 0.650308 -0.468342 0.456434 0.386552 0.0003740109 0.0000294909 -0.0001111935 0.0000027049 -0.0000087834 0.0000334075 0.0227517896 -0.0053568145 0.0000043471 0.0049287916 0.0000859960 0.0027112132
1403637246.68836 -1.908486 -7.050552 0.325213 0.657856 -0.451238 0.467909 0.380357 0.0003765688 0.0000307672 -0.0001068468 0.0000028834 -0.0000087447 0.0000306614 0.0229402583 -0.0052706030 0.0000042246 0.0048653509 0.0000862318 0.0027110666
1403637246.73836 -1.866731 -7.081478 0.307392 0.666468 -0.434900 0.476694 0.373425 0.0003775232 0.0000327220 -0.0001047200 0.0000032036 -0.0000090925 0.0000293903 0.0231380080 -0.0051841260 0.0000041928 0.0048045668 0.0000865522 0.0027110355
1403637246.78836 -1.823936 -7.109253 0.291367 0.674259 -0.419751 0.485746 0.365013 0.0003785217 0.0000332915 -0.0001028873 0.0000032930 -0.0000090655 0.0000283058 0.0232952582 -0.0050833584 0.0000041440 0.0047411702 0.0000868979 0.0027110554
1403637246.83837 -1.780743 -7.133358 0.277642 0.682322 -0.405028 0.493324 0.356400 0.0003789050 0.0000342613 -0.0001019263 0.0000034581 -0.0000092322 0.0000277548 0.0234309252 -0.0049776141 0.0000040837 0.0046785942 0.0000872352 0.0027110561
1403637246.88837 -1.736177 -7.152954 0.264794 0.690886 -0.391755 0.498933 0.346800 0.0003782705 0.0000347830 -0.0001028416 0.0000035566 -0.0000094724 0.0000282969 0.0235474387 -0.0048671764 0.0000039490 0.0046171258 0.0000876411 0.0027112542
1403637246.93837 -1.690846 -7.169162 0.253105 0.700113 -0.381339 0.502092 0.335149 0.0003763229 0.0000339397 -0.0001063440 0.0000034168 -0.0000096064 0.0000303898 0.0236421052 -0.0047490455 0.0000037924 0.0045551824 0.0000880764 0.0027114751
1403637246.98837 -1.645975 -7.183732 0.242913 0.709880 -0.372957 0.501924 0.324108 0.0003730011 0.0000335895 -0.0001116383 0.0000033675 -0.0000100664 0.0000337518 0.0237187385 -0.0046273774 0.0000034414 0.0044916143 0.0000881978 0.0027115528
1403637247.03837 -1.599910 -7.195858 0.234912 0.717708 -0.367010 0.501914 0.313498 0.0003700615 0.0000318640 -0.0001164395 0.0000030811 -0.0000100373 0.0000369762 0.0237871711 -0.0045059554 0.0000032133 0.0044328035 0.0000885921 0.0027117216
1403637247.08837 -1.553364 -7.205864 0.226383 0.724854 -0.363579 0.500285 0.303500 0.0003664768 0.0000295669 -0.0001219578 0.0000027181 -0.0000098491 0.0000409244 0.0238459440 -0.0043799606 0.0000029645 0.0043742967 0.0000889871 0.0027118837
1403637247.13837 -1.506904 -7.213571 0.217413 0.730308 -0.362198 0.499161 0.293771 0.0003633338 0.0000260952 -0.0001267900 0.0000021937 -0.0000091127 0.0000445823 0.0238950168 -0.0042503461 0.0000026451 0.0043144568 0.0000889938 0.0027118118
1403637247.18837 -1.459909 -7.220594 0.206900 0.734616 -0.360932 0.497804 0.286806 0.0003606767 0.0000239040 -0.0001304735 0.0000018990 -0.0000086519 0.0000475338 0.0239314635 -0.0041203845 0.0000023580 0.0042588552 0.0000892768 0.0027118991
1403637247.23837 -1.412654 -7.226053 0.194346 0.737151 -0.361139 0.497628 0.280273 0.0003588870 0.0000206595 -0.0001331372 0.0000014991 -0.0000076669 0.0000497226 0.0239641943 -0.0039885785 0.0000020657 0.0042045030 0.0000895449 0.0027119588
1403637247.28837 -1.364711 -7.230952 0.179318 0.737719 -0.360436 0.499268 0.276746 0.0003589348 0.0000185549 -0.0001334035 0.0000012598 -0.0000068966 0.0000499072 0.0239884579 -0.0038544754 0.0000017749 0.0041504603 0.0000895611 0.0027117856
1403637247.33838 -1.315365 -7.234126 0.165284 0.734999 -0.358715 0.504617 0.276518 0.0003620367 0.0000170846 -0.0001299496 0.0000011026 -0.0000061311 0.0000469615 0.0240121710 -0.0037171428 0.0000014823 0.0040980822 0.0000897481 0.0027117998
1403637247.38838 -1.263849 -7.237096 0.151409 0.728295 -0.354314 0.514870 0.280992 0.0003689228 0.0000171968 -0.0001211385 0.0000010881 -0.0000056446 0.0000400804 0.0240288238 -0.0035730432 0.0000013099 0.0040443360 0.0000897159 0.0027116736
1403637247.43838 -1.212284 -7.239034 0.137363 0.720633 -0.350129 0.525636 0.286013 0.0003757861 0.0000172777 -0.0001112496 0.0000010778 -0.0000051117 0.0000332278 0.0240420241 -0.0034237924 0.0000010264 0.0039923699 0.0000899078 0.0027116942
1403637247.48838 -1.162230 -7.239181 0.121940 0.715853 -0.348856 0.531856 0.288067 0.0003793975 0.0000163109 -0.0001056642 0.0000009823 -0.0000045382 0.0000297146 0.0240460745 -0.0032758003 0.0000006583 0.0039433908 0.0000900999 0.0027117984
1403637247.53838 -1.112547 -7.236551 0.104517 0.714766 -0.347551 0.533485 0.289330 0.0003804154 0.0000168966 -0.0001038869 0.0000010253 -0.0000046100 0.0000286507 0.0240356398 -0.0031314192 0.0000004994 0.0038972580 0.0000900309 0.0027117539
1403637247.58838 -1.062460 -7.231826 0.085364 0.715434 -0.345558 0.533936 0.289234 0.0003805409 0.0000177087 -0.0001035546 0.0000010956 -0.0000048145 0.0000284551 0.0240072059 -0.0029867287 0.0000002193 0.0038539959 0.0000901411 0.0027117955
1403637247.63838 -1.014357 -7.223381 0.066063 0.717082 -0.342175 0.534055 0.288954 0.0003803546 0.0000193423 -0.0001035943 0.0000012522 -0.0000052641 0.0000284852 0.0239663057 -0.0028405799 -0.0000000595 0.0038124951 0.0000902274 0.0027118528
1403637247.68838 -0.964394 -7.213979 0.046735 0.719249 -0.335561 0.534149 0.291144 0.0003804623 0.0000238049 -0.0001024922 0.0000017532 -0.0000064096 0.0000278740 0.0239042116 -0.0026986880 -0.0000002617 0.0037741313 0.0000902803 0.0027118651
1403637247.73838 -0.916181 -7.201064 0.027769 0.722132 -0.328118 0.533994 0.292770 0.0003801366 0.0000285739 -0.0001018453 0.0000024099 -0.0000076534 0.0000275448 0.0238359463 -0.0025509179 -0.0000005347 0.0037364309 0.0000903313 0.0027119344
1403637247.78838 -0.867623 -7.185366 0.009693 0.725830 -0.320054 0.533106 0.294167 0.0003792263 0.0000337882 -0.0001018275 0.0000032711 -0.0000090718 0.0000275965 0.0237467326 -0.0024069655 -0.0000008331 0.0037018655 0.0000903671 0.0027120477
1403637247.83838 -0.818349 -7.166973 -0.005946 0.728666 -0.311689 0.534058 0.294411 0.0003789574 0.0000378554 -0.0001008691 0.0000040409 -0.0000100764 0.0000270991 0.0236402807 -0.0022595463 -0.0000011278 0.0036684997 0.0000903803 0.0027121741
1403637247.88838 -0.768743 -7.144627 -0.019828 0.730652 -0.306020 0.536880 0.290274 0.0003792563 0.0000376515 -0.0001004453 0.0000039961 -0.0000099727 0.0000268498 0.0235147215 -0.0021106500 -0.0000014647 0.0036368998 0.0000903711 0.0027123686
1403637247.93838 -0.719211 -7.119706 -0.030933 0.730869 -0.300758 0.543093 0.283593 0.0003810495 0.0000347075 -0.0000983726 0.0000034178 -0.0000089612 0.0000256390 0.0233677753 -0.0019603554 -0.0000017356 0.0036070609 0.0000903252 0.0027125422
1403637247.98838 -0.667799 -7.090249 -0.040620 0.731216 -0.296530 0.549012 0.275643 0.0003825537 0.0000306721 -0.0000970156 0.0000027097 -0.0000077796 0.0000248408 0.0232057195 -0.0018125488 -0.0000015290 0.0035790500 0.0000901724 0.0027125001
1403637248.03838 -0.619379 -7.057583 -0.049485 0.734593 -0.293333 0.551009 0.265927 0.0003819135 0.0000266948 -0.0000993511 0.0000021155 -0.0000069459 0.0000260816 0.0230212219 -0.0016601028 -0.0000017229 0.0035528454 0.0000900932 0.0027126769
1403637248.08838 -0.572487 -7.022193 -0.056609 0.740594 -0.289306 0.549271 0.257147 0.0003794125 0.0000248949 -0.0001041437 0.0000018826 -0.0000068357 0.0000288226 0.0228223221 -0.0015169483 -0.0000019417 0.0035301949 0.0000899987 0.0027128605
1403637248.13838 -0.525492 -6.984827 -0.062583 0.746801 -0.285630 0.547103 0.247752 0.0003765306 0.0000226154 -0.0001093390 0.0000016068 -0.0000065703 0.0000319882 0.0226127442 -0.0013790628 -0.0000021339 0.0035100621 0.0000898763 0.0027130409
1403637248.18838 -0.479735 -6.945439 -0.068447 0.752666 -0.282177 0.544544 0.239462 0.0003735330 0.0000208428 -0.0001142594 0.0000014110 -0.0000063794 0.0000351894 0.0223968010 -0.0012419978 -0.0000022647 0.0034917093 0.0000897585 0.0027132060
1403637248.23837 -0.433706 -6.904670 -0.075767 0.758387 -0.278611 0.541005 0.233536 0.0003703044 0.0000205841 -0.0001189431 0.0000013919 -0.0000066165 0.0000384449 0.0221733034 -0.0011092488 -0.0000024124 0.0034755241 0.0000896347 0.0027133758
1403637248.28838 -0.387003 -6.862752 -0.084080 0.761506 -0.277143 0.540468 0.226264 0.0003686410 0.0000175211 -0.0001217163 0.0000010792 -0.0000057900 0.0000404274 0.0219422827 -0.0009755862 -0.0000023570 0.0034606917 0.0000895223 0.0027134745
1403637248.33838 -0.341847 -6.819766 -0.093373 0.764397 -0.273989 0.539415 0.222843 0.0003672611 0.0000175332 -0.0001235619 0.0000010832 -0.0000059047 0.0000418109 0.0217104554 -0.0008422217 -0.0000024518 0.0034476001 0.0000893942 0.0027136304
1403637248.38838 -0.296293 -6.775880 -0.104232 0.765351 -0.272392 0.540208 0.219579 0.0003670738 0.0000162538 -0.0001239952 0.0000009656 -0.0000054966 0.0000421234 0.0214748982 -0.0007138945 -0.0000025471 0.0034365988 0.0000892665 0.0027137882
1403637248.43838 -0.251158 -6.731206 -0.115803 0.765180 -0.271391 0.542074 0.216799 0.0003676436 0.0000146248 -0.0001234639 0.0000008274 -0.0000049178 0.0000416997 0.0212351061 -0.0005864811 -0.0000026487 0.0034272568 0.0000891360 0.0027139553
1403637248.48838 -0.207116 -6.684866 -0.127183 0.764309 -0.269676 0.544356 0.216294 0.0003688177 0.0000144578 -0.0001219346 0.0000008108 -0.0000047868 0.0000405480 0.0209929908 -0.0004626678 -0.0000024973 0.0034195146 0.0000889868 0.0027140111
1403637248.53838 -0.162667 -6.638583 -0.138605 0.761376 -0.268005 0.549125 0.216660 0.0003715999 0.0000139441 -0.0001181801 0.0000007673 -0.0000044417 0.0000378178 0.0207441712 -0.0003420590 -0.0000026024 0.0034137240 0.0000888427 0.0027141922
1403637248.58839 -0.117581 -6.590954 -0.149623 0.759223 -0.266279 0.552344 0.218158 0.0003736100 0.0000145510 -0.0001152329 0.0000008098 -0.0000044952 0.0000357720 0.0204952368 -0.0002232686 -0.0000025243 0.0034093619 0.0000887658 0.0027142919
1403637248.63839 -0.074190 -6.542276 -0.158504 0.758974 -0.265748 0.552496 0.219283 0.0003738771 0.0000154101 -0.0001147436 0.0000008786 -0.0000047371 0.0000354451 0.0202399906 -0.0001054364 -0.0000026106 0.0034067695 0.0000886400 0.0027144780
1403637248.68838 -0.032126 -6.491819 -0.165820 0.760712 -0.266693 0.549618 0.219346 0.0003723126 0.0000159005 -0.0001169621 0.0000009227 -0.0000050033 0.0000369744 0.0199795639 0.0000057284 -0.0000026709 0.0034057773 0.0000885206 0.0027146437
1403637248.73838 0.009327 -6.440104 -0.171206 0.763056 -0.268295 0.545618 0.219236 0.0003700761 0.0000163363 -0.0001200537 0.0000009654 -0.0000053080 0.0000391779 0.0197142826 0.0001129409 -0.0000027935 0.0034063302 0.0000883949 0.0027148407
1403637248.78838 0.051104 -6.386514 -0.174009 0.765498 -0.270042 0.541151 0.219651 0.0003675989 0.0000171371 -0.0001232931 0.0000010434 -0.0000057564 0.0000415865 0.0194457077 0.0002172199 -0.0000027939 0.0034081562 0.0000883125 0.0027149884
1403637248.83838 0.092319 -6.332043 -0.175074 0.766900 -0.272389 0.538024 0.219542 0.0003658378 0.0000169342 -0.0001256228 0.0000010292 -0.0000058236 0.0000433723 0.0191671087 0.0003201627 -0.0000029036 0.0034115575 0.0000881974 0.0027151897
1403637248.88838 0.134379 -6.276801 -0.174573 0.767651 -0.275030 0.535754 0.219175 0.0003645183 0.0000161923 -0.0001274038 0.0000009657 -0.0000056681 0.0000447661 0.0188909613 0.0004220967 -0.0000029881 0.0034164452 0.0000880841 0.0027153866
1403637248.93838 0.176726 -6.221089 -0.172008 0.767593 -0.277881 0.534691 0.218378 0.0003638416 0.0000147544 -0.0001284327 0.0000008458 -0.0000052167 0.0000455735 0.0186150443 0.0005242287 -0.0000030486 0.0034229439 0.0000879760 0.0027155786
1403637248.98838 0.218635 -6.164419 -0.167822 0.767510 -0.280321 0.533630 0.218146 0.0003632443 0.0000138151 -0.0001292844 0.0000007740 -0.0000049255 0.0000462533 0.0183375666 0.0006230643 -0.0000030929 0.0034308501 0.0000878756 0.0027157682
1403637249.03838 0.261650 -6.107827 -0.161683 0.766814 -0.281448 0.533520 0.219406 0.0003634718 0.0000140169 -0.0001289950 0.0000007891 -0.0000049835 0.0000460190 0.0180614613 0.0007210967 -0.0000030110 0.0034400436 0.0000878984 0.0027159113
1403637249.08838 0.305901 -6.050613 -0.154175 0.766688 -0.282672 0.532580 0.220555 0.0003631880 0.0000143493 -0.0001293185 0.0000008163 -0.0000051184 0.0000462855 0.0177876812 0.0008199041 -0.0000029230 0.0034511720 0.0000878903 0.0027160640
1403637249.13838 0.349378 -5.993860 -0.144286 0.765790 -0.283776 0.532923 0.221429 0.0003636309 0.0000142059 -0.0001288032 0.0000008058 -0.0000050413 0.0000458641 0.0175131358 0.0009196543 -0.0000029204 0.0034644465 0.0000878178 0.0027162598
1403637249.18838 0.393498 -5.936373 -0.132939 0.765837 -0.284597 0.532098 0.222194 0.0003633220 0.0000144872 -0.0001291635 0.0000008293 -0.0000051600 0.0000461595 0.0172418290 0.0010140748 -0.0000027956 0.0034787121 0.0000878456 0.0027164141
1403637249.23838 0.437369 -5.878946 -0.119602 0.765014 -0.285595 0.532551 0.222662 0.0003637394 0.0000141342 -0.0001287018 0.0000008023 -0.0000050111 0.0000457802 0.0169720103 0.0011092443 -0.0000027608 0.0034952538 0.0000877961 0.0027166153
1403637249.28838 0.481862 -5.821690 -0.104592 0.764047 -0.286765 0.533253 0.222800 0.0003642458 0.0000134231 -0.0001281637 0.0000007490 -0.0000047332 0.0000453379 0.0167062115 0.0012020377 -0.0000026609 0.0035133026 0.0000878015 0.0027167951
1403637249.33838 0.526603 -5.763981 -0.089199 0.762983 -0.286590 0.533994 0.224888 0.0003651098 0.0000143996 -0.0001269886 0.0000008238 -0.0000050189 0.0000444104 0.0164432716 0.0012932701 -0.0000025855 0.0035331939 0.0000877876 0.0027169930
1403637249.38838 0.572710 -5.704585 -0.076787 0.762580 -0.287706 0.534038 0.224722 0.0003651378 0.0000137593 -0.0001270364 0.0000007753 -0.0000047977 0.0000444412 0.0161793273 0.0013823461 -0.0000024256 0.0035545059 0.0000878681 0.0027171668
1403637249.43838 0.618136 -5.645836 -0.068009 0.762248 -0.288597 0.534248 0.224206 0.0003652060 0.0000129978 -0.0001270430 0.0000007210 -0.0000045324 0.0000444385 0.0159116797 0.0014726418 -0.0000023660 0.0035786433 0.0000878718 0.0027173923
1403637249.48838 0.665349 -5.586751 -0.063961 0.761717 -0.288988 0.534657 0.224533 0.0003655408 0.0000128551 -0.0001266450 0.0000007113 -0.0000044652 0.0000441221 0.0156511148 0.0015591866 -0.0000022137 0.0036038356 0.0000879417 0.0027175865
1403637249.53838 0.711494 -5.527166 -0.064797 0.761708 -0.289433 0.534568 0.224202 0.0003654307 0.0000124911 -0.0001268333 0.0000006880 -0.0000043471 0.0000442673 0.0153914766 0.0016469097 -0.0000022046 0.0036320516 0.0000879353 0.0027178415
1403637249.58838 0.757367 -5.467227 -0.070059 0.761462 -0.289682 0.535017 0.223644 0.0003655977 0.0000119255 -0.0001266889 0.0000006519 -0.0000041444 0.0000441483 0.0151316743 0.0017299268 -0.0000022256 0.0036614878 0.0000879162 0.0027181095
1403637249.63838 0.802415 -5.405938 -0.079774 0.761217 -0.289418 0.535522 0.223613 0.0003658817 0.0000118624 -0.0001263454 0.0000006487 -0.0000041084 0.0000438777 0.0148718184 0.0018082827 -0.0000022420 0.0036916614 0.0000879707 0.0027183649
1403637249.68838 0.847339 -5.344888 -0.090860 0.760006 -0.288705 0.537347 0.224274 0.0003670853 0.0000119482 -0.0001248020 0.0000006547 -0.0000040744 0.0000426791 0.0146112638 0.0018833573 -0.0000023060 0.0037234618 0.0000879608 0.0027186416
1403637249.73838 0.891389 -5.284333 -0.101306 0.757326 -0.287566 0.541594 0.224587 0.0003696045 0.0000112363 -0.0001215419 0.0000006092 -0.0000037073 0.0000402166 0.0143530865 0.0019557068 -0.0000024156 0.0037569234 0.0000878907 0.0027189456
1403637249.78838 0.935183 -5.222607 -0.111647 0.755237 -0.285198 0.545239 0.225815 0.0003718396 0.0000118204 -0.0001184121 0.0000006450 -0.0000037770 0.0000379563 0.0141011154 0.0020240982 -0.0000025391 0.0037911605 0.0000878391 0.0027192401
1403637249.83838 0.979054 -5.160837 -0.120045 0.753584 -0.282491 0.549040 0.225531 0.0003738531 0.0000116991 -0.0001155494 0.0000006371 -0.0000036291 0.0000359616 0.0138453790 0.0020887980 -0.0000026917 0.0038268334 0.0000877362 0.0027195650
1403637249.88838 1.022717 -5.098035 -0.127039 0.753416 -0.279282 0.551751 0.223466 0.0003748782 0.0000112577 -0.0001140946 0.0000006108 -0.0000034400 0.0000349735 0.0135924767 0.0021513589 -0.0000028584 0.0038641531 0.0000876283 0.0027198962
1403637249.93838 1.065695 -5.033649 -0.133122 0.755210 -0.275003 0.552663 0.220441 0.0003747144 0.0000114259 -0.0001143339 0.0000006229 -0.0000035008 0.0000351361 0.0133363780 0.0022096106 -0.0000030330 0.0039024525 0.0000875169 0.0027202395
1403637249.98838 1.109198 -4.967074 -0.137491 0.757585 -0.272386 0.553404 0.213576 0.0003738159 0.0000087320 -0.0001159032 0.0000004799 -0.0000027222 0.0000361887 0.0130785159 0.0022642367 -0.0000032086 0.0039418148 0.0000874229 0.0027205837
1403637250.03838 1.151512 -4.899681 -0.140156 0.760350 -0.271131 0.553310 0.205435 0.0003722394 0.0000048902 -0.0001184000 0.0000003418 -0.0000015702 0.0000379155 0.0128174918 0.0023155052 -0.0000033819 0.0039827205 0.0000873141 0.0027209485
1403637250.08838 1.192982 -4.830291 -0.141279 0.762649 -0.270150 0.553715 0.196938 0.0003708116 0.0000005277 -0.0001205004 0.0000002790 -0.0000001865 0.0000394164 0.0125586251 0.0023622214 -0.0000035113 0.0040236891 0.0000872368 0.0027212965
1403637250.13838 1.233693 -4.761983 -0.140431 0.766108 -0.267981 0.552439 0.189938 0.0003687095 -0.0000019102 -0.0001233385 0.0000002898 0.0000006238 0.0000415201 0.0122969211 0.0024039994 -0.0000036755 0.0040655677 0.0000871393 0.0027216796
1403637250.18838 1.274077 -4.694068 -0.139175 0.768327 -0.264502 0.553071 0.183915 0.0003678795 -0.0000038183 -0.0001244008 0.0000003212 0.0000012756 0.0000423313 0.0120447206 0.0024433212 -0.0000038325 0.0041083189 0.0000870426 0.0027220612
1403637250.23838 1.313229 -4.625210 -0.139339 0.769967 -0.261418 0.554595 0.176737 0.0003673225 -0.0000068659 -0.0001250085 0.0000004112 0.0000023210 0.0000428102 0.0117972501 0.0024794014 -0.0000039686 0.0041515178 0.0000870247 0.0027224263
1403637250.28838 1.352954 -4.555486 -0.140631 0.771353 -0.258880 0.555944 0.170063 0.0003667713 -0.0000098467 -0.0001255329 0.0000005474 0.0000033543 0.0000432345 0.0115505885 0.0025103142 -0.0000040291 0.0041939826 0.0000870807 0.0027227357
1403637250.33838 1.391035 -4.488725 -0.142818 0.771843 -0.257267 0.558045 0.163270 0.0003665881 -0.0000135531 -0.0001254366 0.0000007858 0.0000046218 0.0000431923 0.0113065528 0.0025409982 -0.0000041882 0.0042396740 0.0000870188 0.0027231458
1403637250.38838 1.428797 -4.422039 -0.147009 0.772884 -0.255509 0.558791 0.158487 0.0003660406 -0.0000156651 -0.0001259065 0.0000009566 0.0000053726 0.0000435816 0.0110782371 0.0025681537 -0.0000043107 0.0042841863 0.0000870098 0.0027235285
1403637250.43838 1.464987 -4.356837 -0.152557 0.773629 -0.255420 0.559394 0.152765 0.0003651419 -0.0000190608 -0.0001265952 0.0000012829 0.0000065931 0.0000441671 0.0108528847 0.0025926501 -0.0000044740 0.0043295885 0.0000869661 0.0027239324
1403637250.48838 1.499653 -4.292705 -0.159315 0.774478 -0.255711 0.559580 0.147196 0.0003639732 -0.0000224211 -0.0001275266 0.0000016709 0.0000078410 0.0000449611 0.0106364966 0.0026133073 -0.0000046304 0.0043740150 0.0000869051 0.0027243293
1403637250.53838 1.532857 -4.229740 -0.166487 0.776290 -0.255857 0.557999 0.143346 0.0003621721 -0.0000242115 -0.0001294292 0.0000019102 0.0000086379 0.0000465366 0.0104280185 0.0026297751 -0.0000047927 0.0044170594 0.0000868560 0.0027247401
1403637250.58838 1.564883 -4.167697 -0.172512 0.777508 -0.256043 0.557063 0.140014 0.0003608374 -0.0000259247 -0.0001307166 0.0000021561 0.0000093772 0.0000476388 0.0102263420 0.0026426981 -0.0000049494 0.0044589311 0.0000868257 0.0027251354
1403637250.63838 1.596064 -4.107419 -0.176798 0.779832 -0.253133 0.555428 0.138872 0.0003598090 -0.0000247656 -0.0001321673 0.0000019996 0.0000090822 0.0000488374 0.0100320592 0.0026542006 -0.0000051110 0.0045011637 0.0000867893 0.0027255371
1403637250.68838 1.627626 -4.048150 -0.179735 0.781249 -0.251138 0.554823 0.136935 0.0003591395 -0.0000247894 -0.0001329545 0.0000020071 0.0000091620 0.0000495116 0.0098452562 0.0026628419 -0.0000052242 0.0045417048 0.0000868154 0.0027258798
1403637250.73838 1.657232 -3.988211 -0.181378 0.782531 -0.248900 0.554256 0.135994 0.0003587074 -0.0000241692 -0.0001335760 0.0000019246 0.0000089846 0.0000500347 0.0096644596 0.0026719149 -0.0000053924 0.0045835640 0.0000869657 0.0027262130
1403637250.78838 1.686089 -3.933396 -0.180081 0.784018 -0.246043 0.553320 0.136434 0.0003584391 -0.0000223155 -0.0001342182 0.0000016867 0.0000083398 0.0000505543 0.0094861316 0.0026777135 -0.0000055176 0.0046254397 0.0000869794 0.0027265998
1403637250.83838 1.714133 -3.880597 -0.176403 0.783809 -0.244860 0.554339 0.135629 0.0003589485 -0.0000225244 -0.0001336124 0.0000017122 0.0000083678 0.0000500327 0.0093255911 0.0026834862 -0.0000056098 0.0046660038 0.0000870200 0.0027269603
1403637250.88838 1.742259 -3.829090 -0.170451 0.783066 -0.243788 0.555959 0.135225 0.0003599029 -0.0000227225 -0.0001324846 0.0000017341 0.0000083478 0.0000490679 0.0091732952 0.0026884714 -0.0000055828 0.0047055160 0.0000871645 0.0027272118
1403637250.93838 1.769163 -3.779918 -0.164448 0.783213 -0.244209 0.556040 0.133264 0.0003594838 -0.0000240656 -0.0001327492 0.0000019119 0.0000088704 0.0000493222 0.0090263891 0.0026936213 -0.0000056012 0.0047467150 0.0000872726 0.0027275308
1403637250.98838 1.794646 -3.733283 -0.156075 0.782751 -0.244449 0.556926 0.131832 0.0003596922 -0.0000252508 -0.0001322955 0.0000020719 0.0000092704 0.0000489603 0.0088873289 0.0026962353 -0.0000055276 0.0047844839 0.0000876111 0.0027277456
1403637251.03838 1.819610 -3.687625 -0.145935 0.783021 -0.243764 0.557338 0.129735 0.0003594824 -0.0000262529 -0.0001323585 0.0000022177 0.0000096492 0.0000490373 0.0087584839 0.0026987770 -0.0000054936 0.0048225262 0.0000877405 0.0027280491
1403637251.08838 1.844429 -3.643389 -0.134421 0.783992 -0.243035 0.557165 0.125928 0.0003585535 -0.0000280693 -0.0001330767 0.0000024991 0.0000104013 0.0000496980 0.0086334468 0.0026999901 -0.0000054238 0.0048600498 0.0000879300 0.0027283520
1403637251.13838 1.869057 -3.601665 -0.121334 0.785559 -0.242356 0.556397 0.120761 0.0003569323 -0.0000305260 -0.0001344005 0.0000029135 0.0000114782 0.0000509178 0.0085156037 0.0027023662 -0.0000053341 0.0048986611 0.0000881545 0.0027286617
1403637251.18838 1.892747 -3.562005 -0.106455 0.786788 -0.241344 0.556108 0.116022 0.0003557042 -0.0000327215 -0.0001352749 0.0000033140 0.0000124283 0.0000517586 0.0084061659 0.0027043925 -0.0000052150 0.0049360969 0.0000884008 0.0027289650
1403637251.23838 1.915436 -3.524792 -0.089982 0.788057 -0.239812 0.555777 0.112110 0.0003546899 -0.0000341989 -0.0001360446 0.0000036023 0.0000131017 0.0000524975 0.0083042586 0.0027065348 -0.0000050574 0.0049728577 0.0000886851 0.0027292507
1403637251.28838 1.936422 -3.490086 -0.070910 0.788741 -0.237586 0.556325 0.109285 0.0003545359 -0.0000349882 -0.0001360258 0.0000037587 0.0000134084 0.0000525081 0.0082097918 0.0027072891 -0.0000048945 0.0050069857 0.0000889652 0.0027295516
1403637251.33838 1.957180 -3.460746 -0.048702 0.789345 -0.232468 0.557661 0.109116 0.0003557708 -0.0000331334 -0.0001351366 0.0000033910 0.0000125692 0.0000516505 0.0081229917 0.0027078358 -0.0000047263 0.0050378141 0.0000893856 0.0027298280
1403637251.38838 1.977327 -3.431270 -0.024631 0.789499 -0.223786 0.560111 0.113522 0.0003589084 -0.0000273283 -0.0001328979 0.0000023861 0.0000101007 0.0000495304 0.0080522935 0.0027131760 -0.0000045324 0.0050711073 0.0000896548 0.0027301196
1403637251.43838 1.996045 -3.404132 0.000659 0.789917 -0.216702 0.562244 0.113813 0.0003607242 -0.0000244775 -0.0001313455 0.0000019664 0.0000088929 0.0000481470 0.0079793908 0.0027165599 -0.0000043467 0.0051038647 0.0000899238 0.0027304433
1403637251.48838 2.013580 -3.379595 0.024795 0.790566 -0.208547 0.564366 0.114041 0.0003625169 -0.0000211506 -0.0001297924 0.0000015393 0.0000075515 0.0000467931 0.0079124261 0.0027191086 -0.0000041327 0.0051337307 0.0000902193 0.0027307500
1403637251.53838 2.031046 -3.354902 0.047316 0.791391 -0.200992 0.566325 0.112150 0.0003637194 -0.0000192827 -0.0001286284 0.0000013275 0.0000067974 0.0000458144 0.0078517045 0.0027215560 -0.0000038969 0.0051620635 0.0000905313 0.0027310472
1403637251.58838 2.047690 -3.331067 0.067686 0.792451 -0.193397 0.567918 0.109947 0.0003646258 -0.0000174796 -0.0001277695 0.0000011417 0.0000061027 0.0000450990 0.0077906496 0.0027226137 -0.0000035719 0.0051884080 0.0000910003 0.0027312660
1403637251.63838 2.063345 -3.307813 0.086414 0.793230 -0.186930 0.569500 0.107297 0.0003653854 -0.0000164394 -0.0001269681 0.0000010434 0.0000056897 0.0000444495 0.0077327294 0.0027240399 -0.0000033750 0.0052158433 0.0000912801 0.0027315975
1403637251.68838 2.078222 -3.285397 0.103239 0.794157 -0.181872 0.570557 0.103446 0.0003655850 -0.0000166547 -0.0001267005 0.0000010625 0.0000057491 0.0000442424 0.0076762042 0.0027239267 -0.0000031891 0.0052414004 0.0000915849 0.0027319463
1403637251.73838 2.093058 -3.263127 0.118750 0.794878 -0.177693 0.571489 0.099972 0.0003657581 -0.0000170329 -0.0001264432 0.0000010969 0.0000058656 0.0000440461 0.0076227512 0.0027234371 -0.0000030481 0.0052657728 0.0000919692 0.0027323466
1403637251.78838 2.107311 -3.243035 0.132948 0.795212 -0.174067 0.572609 0.097252 0.0003661511 -0.0000172332 -0.0001259280 0.0000011148 0.0000059044 0.0000436463 0.0075700585 0.0027230347 -0.0000029061 0.0052905268 0.0000923589 0.0027327455
1403637251.83838 2.120535 -3.223347 0.146034 0.795901 -0.170311 0.572921 0.096425 0.0003663618 -0.0000160727 -0.0001258244 0.0000010089 0.0000054973 0.0000435526 0.0075233786 0.0027234243 -0.0000027576 0.0053143001 0.0000927367 0.0027331217
1403637251.88838 2.132956 -3.204897 0.158428 0.794681 -0.166544 0.575635 0.096903 0.0003681920 -0.0000145808 -0.0001236436 0.0000008813 0.0000048734 0.0000418610 0.0074773867 0.0027227211 -0.0000026233 0.0053367082 0.0000930869 0.0027335001
1403637251.93838 2.145057 -3.190760 0.169307 0.793880 -0.161333 0.577697 0.099963 0.0003700333 -0.0000106977 -0.0001215930 0.0000006119 0.0000034919 0.0000402957 0.0074338080 0.0027218822 -0.0000026028 0.0053561807 0.0000932760 0.0027337996
1403637251.98838 2.156124 -3.174189 0.180267 0.792059 -0.155917 0.580891 0.104393 0.0003725483 -0.0000060738 -0.0001184503 0.0000004016 0.0000019067 0.0000380010 0.0074013537 0.0027243983 -0.0000025080 0.0053768936 0.0000935701 0.0027341502
1403637252.03838 2.166442 -3.157730 0.190035 0.790718 -0.152607 0.583110 0.107046 0.0003741725 -0.0000033111 -0.0001162474 0.0000003320 0.0000010039 0.0000364563 0.0073612149 0.0027223190 -0.0000024329 0.0053953587 0.0000938631 0.0027345262
1403637252.08838 2.175039 -3.141627 0.198623 0.788829 -0.149539 0.586099 0.108970 0.0003760836 -0.0000012230 -0.0001134754 0.0000003065 0.0000003440 0.0000345797 0.0073213475 0.0027190335 -0.0000023623 0.0054122557 0.0000941214 0.0027348325
1403637252.13838 2.182554 -3.125964 0.204682 0.786987 -0.148321 0.588832 0.109224 0.0003776160 -0.0000009875 -0.0001111503 0.0000003051 0.0000002660 0.0000330581 0.0072819096 0.0027132867 -0.0000023033 0.0054256229 0.0000943329 0.0027351152
1403637252.18838 2.188002 -3.109697 0.210532 0.785037 -0.148684 0.591676 0.107375 0.0003789697 -0.0000027832 -0.0001090039 0.0000003225 0.0000007767 0.0000316944 0.0072427711 0.0027061536 -0.0000022845 0.0054368299 0.0000944017 0.0027351816
1403637252.23838 2.192510 -3.092510 0.214320 0.784513 -0.149822 0.592503 0.105034 0.0003791482 -0.0000049105 -0.0001086565 0.0000003655 0.0000013842 0.0000314817 0.0072038910 0.0026962348 -0.0000022369 0.0054440632 0.0000945647 0.0027354570
1403637252.28838 2.194616 -3.080485 0.214705 0.784661 -0.150843 0.592415 0.102942 0.0003788728 -0.0000066424 -0.0001090111 0.0000004170 0.0000018894 0.0000317080 0.0071623602 0.0026838895 -0.0000026504 0.0054471532 0.0000938671 0.0027351558
1403637252.33838 2.195792 -3.063043 0.214659 0.785492 -0.152114 0.591336 0.100919 0.0003780244 -0.0000082877 -0.0001102512 0.0000004825 0.0000023960 0.0000325001 0.0071348110 0.0026739551 -0.0000026053 0.0054481425 0.0000939856 0.0027353630
1403637252.38838 2.195434 -3.045505 0.212751 0.787540 -0.153636 0.588570 0.098801 0.0003762412 -0.0000097867 -0.0001128872 0.0000005555 0.0000029159 0.0000342190 0.0070940455 0.0026577738 -0.0000025956 0.0054474721 0.0000940699 0.0027355789
1403637252.43838 2.194018 -3.027800 0.209096 0.790366 -0.155484 0.584628 0.096726 0.0003737496 -0.0000111926 -0.0001164556 0.0000006363 0.0000034676 0.0000366382 0.0070534957 0.0026401220 -0.0000026147 0.0054444845 0.0000941146 0.0027357645
1403637252.48838 2.191341 -3.010361 0.203943 0.792359 -0.156794 0.581781 0.095470 0.0003719438 -0.0000120417 -0.0001189520 0.0000006910 0.0000038318 0.0000383975 0.0070129772 0.0026213075 -0.0000026682 0.0054397547 0.0000941346 0.0027359427
1403637252.53838 2.187216 -2.993398 0.197049 0.793941 -0.157738 0.579500 0.094642 0.0003705015 -0.0000125594 -0.0001209030 0.0000007269 0.0000040796 0.0000398113 0.0069735956 0.0026015101 -0.0000027725 0.0054328129 0.0000941064 0.0027360764
1403637252.58838 2.182357 -2.976815 0.189093 0.795311 -0.158831 0.577465 0.093738 0.0003691700 -0.0000132301 -0.0001226400 0.0000007752 0.0000043768 0.0000411021 0.0069354944 0.0025807664 -0.0000028742 0.0054236374 0.0000940581 0.0027361937
1403637252.63838 2.177153 -2.960289 0.180161 0.796745 -0.160494 0.575313 0.091948 0.0003675950 -0.0000146816 -0.0001245623 0.0000008874 0.0000049575 0.0000425721 0.0068986122 0.0025600658 -0.0000029967 0.0054137906 0.0000939849 0.0027362844
1403637252.68838 2.171120 -2.944450 0.169722 0.799403 -0.162615 0.571434 0.089297 0.0003648080 -0.0000165287 -0.0001278931 0.0000010498 0.0000057781 0.0000452034 0.0068625384 0.0025390690 -0.0000031383 0.0054029838 0.0000938887 0.0027363513
1403637252.73838 2.164522 -2.929406 0.158985 0.802182 -0.165538 0.567282 0.085392 0.0003615383 -0.0000194333 -0.0001314763 0.0000013454 0.0000070520 0.0000481838 0.0068288426 0.0025180832 -0.0000032932 0.0053906960 0.0000937791 0.0027364037
1403637252.78838 2.156763 -2.916864 0.149527 0.804804 -0.168855 0.563190 0.081218 0.0003581339 -0.0000226421 -0.0001349233 0.0000017322 0.0000085166 0.0000512058 0.0067981211 0.0024979645 -0.0000033927 0.0053777779 0.0000936410 0.0027363314
1403637252.83838 2.149272 -2.904883 0.141885 0.806851 -0.169434 0.560147 0.080739 0.0003560923 -0.0000226150 -0.0001372102 0.0000017368 0.0000087010 0.0000532484 0.0067739124 0.0024787438 -0.0000035630 0.0053622010 0.0000934866 0.0027363594
1403637252.88838 2.142585 -2.895563 0.136702 0.806289 -0.167655 0.561024 0.083921 0.0003573003 -0.0000200839 -0.0001362681 0.0000014286 0.0000076460 0.0000523478 0.0067514014 0.0024618078 -0.0000037864 0.0053481470 0.0000927962 0.0027358819
1403637252.93838 2.135680 -2.886399 0.134865 0.803899 -0.165453 0.564459 0.088075 0.0003602381 -0.0000172441 -0.0001333237 0.0000011250 0.0000063675 0.0000497189 0.0067345411 0.0024483466 -0.0000039204 0.0053371593 0.0000926759 0.0027359079
1403637252.98838 2.128938 -2.878186 0.135262 0.802193 -0.162532 0.566991 0.092689 0.0003626408 -0.0000136137 -0.0001309147 0.0000008103 0.0000048991 0.0000476356 0.0067168384 0.0024339502 -0.0000040427 0.0053251847 0.0000925508 0.0027359296
1403637253.03838 2.121319 -2.870467 0.136766 0.800634 -0.160455 0.569171 0.096351 0.0003645829 -0.0000108612 -0.0001288128 0.0000006226 0.0000038212 0.0000458858 0.0067000690 0.0024189233 -0.0000041378 0.0053115925 0.0000924276 0.0027359507
1403637253.08838 2.113238 -2.862801 0.139891 0.799173 -0.159639 0.571156 0.098075 0.0003660588 -0.0000098180 -0.0001270564 0.0000005621 0.0000033914 0.0000444742 0.0066833123 0.0024034362 -0.0000042196 0.0052972374 0.0000923082 0.0027359653
1403637253.13838 2.104782 -2.855688 0.144234 0.798040 -0.158781 0.572645 0.099989 0.0003672401 -0.0000085411 -0.0001256447 0.0000004973 0.0000029056 0.0000433608 0.0066669962 0.0023877259 -0.0000042936 0.0052822172 0.0000921889 0.0027359584
1403637253.18838 2.096186 -2.849111 0.148065 0.797552 -0.158579 0.573233 0.100836 0.0003677121 -0.0000080448 -0.0001250703 0.0000004744 0.0000027198 0.0000429145 0.0066516945 0.0023725484 -0.0000043467 0.0052673928 0.0000920885 0.0027359581
1403637253.23838 2.087614 -2.842906 0.151293 0.796729 -0.158560 0.574271 0.101457 0.0003684168 -0.0000078478 -0.0001241654 0.0000004654 0.0000026285 0.0000422212 0.0066372592 0.0023577898 -0.0000043880 0.0052526709 0.0000919985 0.0027359500
1403637253.28838 2.078878 -2.837007 0.152985 0.796727 -0.158688 0.574129 0.102078 0.0003684143 -0.0000074989 -0.0001241917 0.0000004507 0.0000025115 0.0000422401 0.0066238046 0.0023433369 -0.0000044224 0.0052378047 0.0000919181 0.0027359357
1403637253.33838 2.069934 -2.831412 0.153145 0.796706 -0.159820 0.574025 0.101058 0.0003681981 -0.0000086150 -0.0001244035 0.0000004994 0.0000028949 0.0000424088 0.0066111284 0.0023288964 -0.0000044510 0.0052224629 0.0000918456 0.0027359128
1403637253.38838 2.060496 -2.826058 0.152167 0.796623 -0.159185 0.574085 0.102360 0.0003684184 -0.0000075418 -0.0001241843 0.0000004520 0.0000025261 0.0000422364 0.0065994409 0.0023144208 -0.0000044760 0.0052064418 0.0000917733 0.0027358799
1403637253.43838 2.050518 -2.820798 0.149540 0.796026 -0.160661 0.574810 0.100619 0.0003685852 -0.0000094169 -0.0001238355 0.0000005380 0.0000031485 0.0000419833 0.0065879212 0.0022994481 -0.0000045011 0.0051895419 0.0000917048 0.0027358392
1403637253.48838 2.040054 -2.816322 0.145322 0.795734 -0.160278 0.575151 0.101582 0.0003689278 -0.0000087248 -0.0001234311 0.0000005034 0.0000029036 0.0000416741 0.0065772596 0.0022843145 -0.0000045064 0.0051718393 0.0000916496 0.0027357786
1403637253.53838 2.029115 -2.811776 0.139539 0.796585 -0.160324 0.573877 0.102050 0.0003682261 -0.0000082211 -0.0001243864 0.0000004803 0.0000027616 0.0000423973 0.0065678654 0.0022692710 -0.0000045413 0.0051535599 0.0000915757 0.0027357279
1403637253.58838 2.017543 -2.807117 0.134044 0.796783 -0.160054 0.573582 0.102582 0.0003681268 -0.0000077169 -0.0001245445 0.0000004582 0.0000025952 0.0000425164 0.0065575466 0.0022531076 -0.0000045814 0.0051341336 0.0000914911 0.0027356708
1403637253.63838 2.005662 -2.802773 0.129819 0.797099 -0.158792 0.573169 0.104384 0.0003681361 -0.0000059625 -0.0001246236 0.0000003927 0.0000020025 0.0000425696 0.0065479087 0.0022370174 -0.0000046218 0.0051144538 0.0000913998 0.0027356051
1403637253.68838 1.993544 -2.798473 0.127471 0.796755 -0.157319 0.573678 0.106423 0.0003687182 -0.0000041393 -0.0001239282 0.0000003423 0.0000013748 0.0000420343 0.0065386631 0.0022208475 -0.0000046606 0.0050944702 0.0000913013 0.0027355334
1403637253.73838 1.980466 -2.793952 0.126812 0.796545 -0.156163 0.573973 0.108091 0.0003691107 -0.0000026497 -0.0001234450 0.0000003146 0.0000008693 0.0000416666 0.0065293859 0.0022037597 -0.0000046823 0.0050731912 0.0000911912 0.0027354675
1403637253.78838 1.967299 -2.789310 0.128504 0.795787 -0.153970 0.575043 0.111096 0.0003701043 -0.0000000014 -0.0001221389 0.0000002953 -0.0000000172 0.0000406888 0.0065190518 0.0021860805 -0.0000046992 0.0050517095 0.0000910798 0.0027354012
1403637253.83838 1.953736 -2.783859 0.131218 0.795600 -0.153635 0.575196 0.112096 0.0003703063 0.0000007297 -0.0001218572 0.0000002964 -0.0000002580 0.0000404816 0.0065079655 0.0021678346 -0.0000047094 0.0050298805 0.0000909760 0.0027353351
1403637253.88838 1.940484 -2.778137 0.135456 0.795445 -0.152853 0.575478 0.112820 0.0003705499 0.0000014935 -0.0001215130 0.0000003007 -0.0000005079 0.0000402295 0.0064946210 0.0021487059 -0.0000047084 0.0050081267 0.0000908773 0.0027352775
1403637253.93838 1.926568 -2.771568 0.140721 0.795301 -0.152916 0.575651 0.112869 0.0003706550 0.0000014601 -0.0001213630 0.0000003002 -0.0000004962 0.0000401204 0.0064806593 0.0021290442 -0.0000047002 0.0049860035 0.0000907896 0.0027352217
1403637253.98838 1.912557 -2.764251 0.146907 0.795321 -0.152790 0.575539 0.113463 0.0003706474 0.0000018936 -0.0001213585 0.0000003038 -0.0000006383 0.0000401187 0.0064653413 0.0021086130 -0.0000046341 0.0049634651 0.0000907551 0.0027351101
1403637254.03838 1.898027 -2.756726 0.155716 0.794919 -0.151594 0.576116 0.114950 0.0003711360 0.0000032628 -0.0001206525 0.0000003225 -0.0000010794 0.0000396061 0.0064480181 0.0020876293 -0.0000046184 0.0049414119 0.0000906730 0.0027350745
1403637254.08838 1.882867 -2.748349 0.165238 0.794644 -0.151237 0.576656 0.114612 0.0003714026 0.0000031258 -0.0001202782 0.0000003198 -0.0000010309 0.0000393353 0.0064297814 0.0020651867 -0.0000045887 0.0049176364 0.0000906274 0.0027350027
1403637254.13838 1.867184 -2.738972 0.176187 0.794462 -0.148877 0.577631 0.114052 0.0003718929 0.0000037184 -0.0001195719 0.0000003303 -0.0000012140 0.0000388286 0.0064096950 0.0020417061 -0.0000045560 0.0048935649 0.0000905657 0.0027349822
1403637254.18838 1.851102 -2.728803 0.188201 0.795202 -0.146486 0.577727 0.111474 0.0003716603 0.0000032509 -0.0001198985 0.0000003211 -0.0000010667 0.0000390640 0.0063878869 0.0020171790 -0.0000045154 0.0048689812 0.0000905189 0.0027349708
1403637254.23838 1.834444 -2.717901 0.201401 0.797058 -0.142609 0.576576 0.109186 0.0003707126 0.0000038599 -0.0001211731 0.0000003324 -0.0000012793 0.0000399936 0.0063647866 0.0019916777 -0.0000044663 0.0048437572 0.0000904860 0.0027349684
1403637254.28838 1.817292 -2.706305 0.215945 0.799515 -0.138094 0.574710 0.106832 0.0003693135 0.0000048275 -0.0001230137 0.0000003549 -0.0000016254 0.0000413629 0.0063402340 0.0019651955 -0.0000044082 0.0048179763 0.0000904687 0.0027349766
1403637254.33838 1.799671 -2.694194 0.231242 0.802129 -0.134094 0.572516 0.104077 0.0003676660 0.0000053311 -0.0001251469 0.0000003687 -0.0000018317 0.0000429888 0.0063144915 0.0019379597 -0.0000043431 0.0047918293 0.0000904671 0.0027349950
1403637254.38838 1.782052 -2.681668 0.246169 0.804774 -0.130325 0.570212 0.101056 0.0003659116 0.0000055541 -0.0001273684 0.0000003753 -0.0000019500 0.0000447287 0.0062882408 0.0019106130 -0.0000042772 0.0047658913 0.0000904829 0.0027350247
1403637254.43838 1.764664 -2.668706 0.260176 0.806502 -0.127360 0.568994 0.097876 0.0003648256 0.0000051337 -0.0001287307 0.0000003629 -0.0000018275 0.0000458188 0.0062616987 0.0018834715 -0.0000042091 0.0047405000 0.0000905150 0.0027350619
1403637254.48838 1.747380 -2.655691 0.272781 0.808557 -0.124305 0.567005 0.096380 0.0003633836 0.0000058758 -0.0001304533 0.0000003855 -0.0000021253 0.0000472299 0.0062345266 0.0018563541 -0.0000041384 0.0047155542 0.0000905665 0.0027351071
1403637254.53838 1.730742 -2.642300 0.284105 0.809837 -0.122005 0.566113 0.093780 0.0003625477 0.0000054319 -0.0001314664 0.0000003717 -0.0000019851 0.0000480713 0.0062070995 0.0018298995 -0.0000040705 0.0046917688 0.0000906312 0.0027351587
1403637254.58838 1.714967 -2.628957 0.294269 0.810081 -0.119485 0.566538 0.092341 0.0003626528 0.0000056138 -0.0001313206 0.0000003770 -0.0000020479 0.0000479522 0.0061791998 0.0018040914 -0.0000039878 0.0046691673 0.0000907185 0.0027351812
1403637254.63838 1.699473 -2.615028 0.302748 0.809686 -0.118033 0.567655 0.090796 0.0003632027 0.0000051592 -0.0001306661 0.0000003633 -0.0000018707 0.0000474081 0.0061517279 0.0017793321 -0.0000039302 0.0046479504 0.0000908009 0.0027352481
1403637254.68838 1.684426 -2.603038 0.309632 0.809228 -0.115948 0.568820 0.090277 0.0003638648 0.0000056591 -0.0001298272 0.0000003778 -0.0000020335 0.0000467202 0.0061232486 0.0017544913 -0.0000039303 0.0046266271 0.0000908951 0.0027351253
1403637254.73838 1.669676 -2.588835 0.315352 0.807950 -0.114468 0.571004 0.089826 0.0003651739 0.0000057207 -0.0001281977 0.0000003794 -0.0000020224 0.0000454019 0.0060991647 0.0017318334 -0.0000038787 0.0046067852 0.0000909738 0.0027351913
1403637254.78838 1.654976 -2.574186 0.319642 0.806462 -0.113945 0.573377 0.088737 0.0003665515 0.0000049706 -0.0001264815 0.0000003571 -0.0000017288 0.0000440393 0.0060699562 0.0017074202 -0.0000038396 0.0045870568 0.0000910551 0.0027352721
1403637254.83838 1.640030 -2.559257 0.322411 0.805028 -0.114188 0.575652 0.086694 0.0003677829 0.0000032910 -0.0001249405 0.0000003190 -0.0000011309 0.0000428389 0.0060403743 0.0016827190 -0.0000038113 0.0045671447 0.0000911378 0.0027353529
1403637254.88838 1.624866 -2.544306 0.323464 0.803747 -0.113867 0.577619 0.085921 0.0003689118 0.0000027014 -0.0001234623 0.0000003093 -0.0000009166 0.0000417129 0.0060109390 0.0016581056 -0.0000037940 0.0045473181 0.0000912191 0.0027354312
1403637254.93838 1.609630 -2.529164 0.322938 0.802834 -0.114013 0.578996 0.084980 0.0003696568 0.0000018631 -0.0001224741 0.0000002988 -0.0000006294 0.0000409718 0.0059813075 0.0016333906 -0.0000037991 0.0045274712 0.0000912939 0.0027354972
1403637254.98838 1.594080 -2.513759 0.321430 0.801499 -0.113671 0.580900 0.085050 0.0003707937 0.0000018116 -0.0001209242 0.0000002982 -0.0000006029 0.0000398291 0.0059512225 0.0016083249 -0.0000038098 0.0045073879 0.0000913604 0.0027355663
1403637255.03838 1.578093 -2.498027 0.318536 0.801567 -0.113073 0.580974 0.084699 0.0003707995 0.0000018542 -0.0001209058 0.0000002985 -0.0000006166 0.0000398167 0.0059210255 0.0015828452 -0.0000038331 0.0044868105 0.0000914181 0.0027356294
1403637255.08838 1.561685 -2.481955 0.315609 0.801152 -0.111298 0.582109 0.083174 0.0003713388 0.0000015808 -0.0001201582 0.0000002958 -0.0000005230 0.0000392740 0.0058903536 0.0015570120 -0.0000038693 0.0044660035 0.0000914631 0.0027356886
1403637255.13838 1.544784 -2.464945 0.312969 0.801697 -0.108986 0.582238 0.080025 0.0003711508 0.0000006854 -0.0001204166 0.0000002900 -0.0000002330 0.0000394618 0.0058585434 0.0015302449 -0.0000039180 0.0044444991 0.0000914983 0.0027357475
1403637255.18838 1.527759 -2.447651 0.311128 0.802342 -0.105051 0.582415 0.077487 0.0003710462 0.0000009009 -0.0001205483 0.0000002906 -0.0000003026 0.0000395588 0.0058261428 0.0015035453 -0.0000039866 0.0044232944 0.0000915170 0.0027357911
1403637255.23838 1.510800 -2.429905 0.311477 0.802766 -0.101154 0.582956 0.074147 0.0003710978 0.0000005684 -0.0001204698 0.0000002890 -0.0000001935 0.0000395028 0.0057936943 0.0014767668 -0.0000040633 0.0044021626 0.0000915296 0.0027358592
1403637255.28838 1.492882 -2.411979 0.314078 0.802752 -0.097984 0.583972 0.070470 0.0003714213 -0.0000003707 -0.0001200112 0.0000002883 0.0000001121 0.0000391715 0.0057605965 0.0014491613 -0.0000042424 0.0043795367 0.0000913371 0.0027357463
1403637255.33838 1.474882 -2.393869 0.317948 0.802571 -0.094738 0.585139 0.067207 0.0003718688 -0.0000010395 -0.0001193756 0.0000002907 0.0000003272 0.0000387158 0.0057280245 0.0014216089 -0.0000043456 0.0043575878 0.0000913565 0.0027358535
1403637255.38838 1.456244 -2.375268 0.321882 0.803686 -0.091614 0.584621 0.062558 0.0003712385 -0.0000024332 -0.0001202201 0.0000003036 0.0000007828 0.0000393271 0.0056943199 0.0013934891 -0.0000044547 0.0043354420 0.0000913752 0.0027359578
1403637255.43838 1.436906 -2.356271 0.325190 0.804678 -0.086831 0.584318 0.059385 0.0003708587 -0.0000021713 -0.0001207377 0.0000003002 0.0000007028 0.0000397041 0.0056604107 0.0013649726 -0.0000045652 0.0043129179 0.0000914062 0.0027360684
1403637255.48838 1.417224 -2.337007 0.327126 0.805722 -0.081573 0.584006 0.055636 0.0003704485 -0.0000020615 -0.0001212901 0.0000002988 0.0000006720 0.0000401094 0.0056262298 0.0013362542 -0.0000046792 0.0042903025 0.0000914446 0.0027361789
1403637255.53838 1.397030 -2.317583 0.327722 0.806692 -0.075111 0.583842 0.052305 0.0003701665 -0.0000011583 -0.0001216748 0.0000002908 0.0000003788 0.0000403927 0.0055919349 0.0013073429 -0.0000047969 0.0042675384 0.0000914878 0.0027362874
1403637255.58838 1.376443 -2.297957 0.326854 0.807621 -0.067412 0.583749 0.049404 0.0003699538 0.0000005668 -0.0001219559 0.0000002879 -0.0000001879 0.0000406012 0.0055575697 0.0012783402 -0.0000049175 0.0042447452 0.0000915349 0.0027363923
1403637255.63838 1.356179 -2.277789 0.324623 0.808085 -0.059900 0.584239 0.045560 0.0003700448 0.0000015549 -0.0001218147 0.0000002936 -0.0000005116 0.0000404985 0.0055232491 0.0012489746 -0.0000051083 0.0042215787 0.0000915796 0.0027365708
1403637255.68838 1.335052 -2.257340 0.321412 0.809631 -0.051305 0.583214 0.041561 0.0003692202 0.0000030421 -0.0001228860 0.0000003122 -0.0000010109 0.0000412995 0.0054880097 0.0012197495 -0.0000053002 0.0041990923 0.0000916216 0.0027367478
1403637255.73838 1.313422 -2.236528 0.318764 0.811387 -0.042463 0.581812 0.036659 0.0003681454 0.0000040676 -0.0001242702 0.0000003324 -0.0000013698 0.0000423498 0.0054527260 0.0011900781 -0.0000055304 0.0041761390 0.0000916642 0.0027369562
1403637255.78838 1.290844 -2.215916 0.317453 0.813092 -0.032964 0.580318 0.032041 0.0003670165 0.0000055351 -0.0001256728 0.0000003714 -0.0000018903 0.0000434357 0.0054175551 0.0011604008 -0.0000057834 0.0041532316 0.0000917083 0.0027372054
1403637255.83838 1.266763 -2.191345 0.320043 0.814988 -0.023940 0.578398 0.026030 0.0003656131 0.0000058932 -0.0001274304 0.0000003833 -0.0000020463 0.0000448180 0.0053825856 0.0011305739 -0.0000060582 0.0041271285 0.0000908976 0.0027364263
1403637255.88838 1.244291 -2.168591 0.322932 0.816725 -0.014646 0.576494 0.020023 0.0003642432 0.0000062721 -0.0001291107 0.0000003971 -0.0000022132 0.0000461699 0.0053416414 0.0010973210 -0.0000064027 0.0041014867 0.0000907591 0.0027365502
1403637255.93838 1.221965 -2.146921 0.328216 0.817278 -0.005959 0.576040 0.014134 0.0003638374 0.0000064559 -0.0001295946 0.0000004047 -0.0000022872 0.0000465657 0.0053050079 0.0010677594 -0.0000067246 0.0040795016 0.0000906898 0.0027367638
1403637255.98838 1.199409 -2.125003 0.335638 0.818079 0.001308 0.575046 0.008165 0.0003631409 0.0000059222 -0.0001304627 0.0000003878 -0.0000021130 0.0000472766 0.0052704601 0.0010389628 -0.0000070513 0.0040577415 0.0000906335 0.0027369631
1403637256.08838 1.152927 -2.081099 0.356604 0.818780 0.014244 0.573930 0.001290 0.0003623366 0.0000073040 -0.0001313692 0.0000004418 -0.0000026308 0.0000480386 0.0052034089 0.0009815890 -0.0000077181 0.0040144079 0.0000905410 0.0027376261
1403637256.13838 1.128524 -2.058847 0.369177 -0.818246 -0.018674 -0.574563 0.001270 0.0003627257 0.0000076656 -0.0001308788 0.0000004572 -0.0000027470 0.0000476319 0.0051697008 0.0009523090 -0.0000080406 0.0039919998 0.0000905763 0.0027377821
1403637256.18838 1.104411 -2.036246 0.381021 -0.816823 -0.022202 -0.576454 0.003008 0.0003639093 0.0000081785 -0.0001294073 0.0000004796 -0.0000028882 0.0000464239 0.0051360461 0.0009233723 -0.0000083712 0.0039701231 0.0000906393 0.0027379653
1403637256.23838 1.080375 -2.013262 0.391706 -0.814483 -0.024780 -0.579639 0.004743 0.0003659109 0.0000083241 -0.0001269020 0.0000004856 -0.0000028655 0.0000444144 0.0051020936 0.0008948038 -0.0000086974 0.0039489061 0.0000907355 0.0027381505
1403637256.28838 1.056304 -1.989923 0.400352 -0.813194 -0.026320 -0.581364 0.006271 0.0003669996 0.0000080947 -0.0001255248 0.0000004752 -0.0000027460 0.0000433349 0.0050678166 0.0008662708 -0.0000090156 0.0039279657 0.0000908573 0.0027383383
1403637256.33838 1.032233 -1.965926 0.407012 -0.812171 -0.027873 -0.582716 0.006516 0.0003678041 0.0000086781 -0.0001244406 0.0000005016 -0.0000029126 0.0000425027 0.0050332902 0.0008380171 -0.0000093253 0.0039075532 0.0000910046 0.0027385187
1403637256.38838 1.008067 -1.941629 0.412418 -0.811204 -0.028655 -0.584022 0.006704 0.0003685919 0.0000089520 -0.0001233840 0.0000005145 -0.0000029724 0.0000417008 0.0049980476 0.0008097818 -0.0000096248 0.0038875296 0.0000911632 0.0027386973
1403637256.43838 0.983435 -1.916575 0.416163 -0.810750 -0.029717 -0.584612 0.005501 0.0003688775 0.0000102130 -0.0001229056 0.0000005799 -0.0000033783 0.0000413484 0.0049629412 0.0007816885 -0.0000098994 0.0038676720 0.0000913198 0.0027388681
1403637256.48838 0.962273 -1.890036 0.417744 -0.810246 -0.029577 -0.585325 0.004526 0.0003692771 0.0000107135 -0.0001223213 0.0000006069 -0.0000035244 0.0000409122 0.0049258357 0.0007538511 -0.0000097867 0.0038466858 0.0000911830 0.0027387488
1403637256.53838 0.938115 -1.862483 0.418801 -0.809640 -0.028596 -0.586209 0.004869 0.0003698427 0.0000101142 -0.0001216077 0.0000005722 -0.0000033006 0.0000403778 0.0048882252 0.0007282897 -0.0000099840 0.0038298727 0.0000912345 0.0027388151
1403637256.58838 0.913097 -1.835985 0.417713 -0.809633 -0.027687 -0.586266 0.004617 0.0003698823 0.0000098898 -0.0001215711 0.0000005599 -0.0000032249 0.0000403490 0.0048505929 0.0007007005 -0.0000102172 0.0038115728 0.0000913301 0.0027389369
1403637256.63838 0.887595 -1.808646 0.414404 -0.811412 -0.025795 -0.583885 0.004824 0.0003684968 0.0000088193 -0.0001235051 0.0000005064 -0.0000029295 0.0000417865 0.0048146556 0.0006733145 -0.0000104552 0.0037930537 0.0000914138 0.0027390525
1403637256.68838 0.862009 -1.781068 0.409091 -0.814352 -0.021735 -0.579899 0.008698 0.0003662345 0.0000044316 -0.0001266678 0.0000003488 -0.0000015043 0.0000442046 0.0047780787 0.0006458600 -0.0000106773 0.0037746611 0.0000914790 0.0027391435
1403637256.73838 0.835824 -1.752793 0.402547 -0.818099 -0.016903 -0.574670 0.013511 0.0003630447 -0.0000008772 -0.0001306907 0.0000002973 0.0000003466 0.0000474441 0.0047423454 0.0006189624 -0.0000108820 0.0037568128 0.0000915317 0.0027392076
1403637256.78838 0.810078 -1.724203 0.395368 -0.820841 -0.011717 -0.570748 0.018139 0.0003604918 -0.0000061628 -0.0001335724 0.0000004007 0.0000023168 0.0000498918 0.0047068678 0.0005925353 -0.0000110808 0.0037395153 0.0000915724 0.0027392762
1403637256.83838 0.785374 -1.696049 0.387982 -0.822162 -0.007299 -0.568777 0.022092 0.0003590918 -0.0000106034 -0.0001349057 0.0000006088 0.0000040192 0.0000510824 0.0046721215 0.0005674194 -0.0000112945 0.0037235145 0.0000915868 0.0027393458
1403637256.88838 0.761963 -1.668325 0.380335 -0.822048 -0.005950 -0.568888 0.023838 0.0003591064 -0.0000122895 -0.0001347447 0.0000007164 0.0000046482 0.0000509585 0.0046384366 0.0005438318 -0.0000114543 0.0037087791 0.0000915529 0.0027393743
1403637256.93838 0.739106 -1.641387 0.373256 -0.820046 -0.008250 -0.571782 0.022849 0.0003610759 -0.0000106358 -0.0001326043 0.0000006091 0.0000039430 0.0000490949 0.0046062291 0.0005214641 -0.0000116263 0.0036950998 0.0000915316 0.0027394144
1403637256.98838 0.716693 -1.614487 0.367093 -0.818911 -0.011504 -0.573340 0.023080 0.0003621583 -0.0000093328 -0.0001314200 0.0000005365 0.0000034241 0.0000480837 0.0045751533 0.0004999895 -0.0000117730 0.0036821116 0.0000914955 0.0027394419
1403637257.03839 0.694287 -1.587564 0.362971 -0.817140 -0.017192 -0.575737 0.022687 0.0003638016 -0.0000065355 -0.0001296042 0.0000004137 0.0000023658 0.0000465624 0.0045444737 0.0004788529 -0.0000118952 0.0036693863 0.0000914477 0.0027394586
1403637257.08839 0.673552 -1.561219 0.359533 -0.815748 -0.022509 -0.577522 0.022743 0.0003650059 -0.0000041877 -0.0001282149 0.0000003447 0.0000015086 0.0000454250 0.0045142089 0.0004583441 -0.0000118640 0.0036571185 0.0000914268 0.0027394051
1403637257.13839 0.653184 -1.534668 0.358470 -0.814982 -0.027479 -0.578389 0.022700 0.0003655852 -0.0000019211 -0.0001275433 0.0000003070 0.0000007079 0.0000448812 0.0044848303 0.0004394905 -0.0000119029 0.0036458879 0.0000913039 0.0027393789
1403637257.18839 0.632863 -1.508436 0.359182 -0.814395 -0.031640 -0.578970 0.023529 0.0003659775 -0.0000005347 -0.0001270606 0.0000002980 0.0000002236 0.0000444956 0.0044556296 0.0004211024 -0.0000120569 0.0036358024 0.0000912266 0.0027393915
1403637257.23839 0.611738 -1.482912 0.361245 -0.814705 -0.035283 -0.578285 0.024457 0.0003655650 0.0000005080 -0.0001275810 0.0000002985 -0.0000001388 0.0000449072 0.0044276190 0.0004032973 -0.0000121592 0.0036260879 0.0000912032 0.0027394274
1403637257.28839 0.590327 -1.456377 0.365703 -0.815247 -0.038813 -0.577245 0.025572 0.0003649392 0.0000013526 -0.0001283575 0.0000003034 -0.0000004366 0.0000455275 0.0044007127 0.0003858964 -0.0000122048 0.0036162707 0.0000911071 0.0027393974
1403637257.33839 0.568522 -1.429713 0.372157 -0.816003 -0.042186 -0.575904 0.026353 0.0003641027 0.0000023065 -0.0001293765 0.0000003132 -0.0000007801 0.0000463520 0.0043732758 0.0003686013 -0.0000122092 0.0036058841 0.0000908070 0.0027393305
1403637257.38839 0.548606 -1.405037 0.379057 -0.816463 -0.045863 -0.574977 0.026189 0.0003634830 0.0000039975 -0.0001300933 0.0000003431 -0.0000013910 0.0000469416 0.0043465274 0.0003515538 -0.0000123203 0.0035966060 0.0000907987 0.0027394010
1403637257.43839 0.534835 -1.387371 0.385134 -0.816877 -0.048427 -0.574164 0.026484 0.0003630063 0.0000048811 -0.0001306290 0.0000003630 -0.0000017185 0.0000473821 0.0043197823 0.0003376229 -0.0000111930 0.0035852506 0.0000899048 0.0027382905
1403637257.48839 0.515392 -1.362184 0.391047 -0.817049 -0.050290 -0.573733 0.027057 0.0003626689 0.0000053445 -0.0001310165 0.0000003765 -0.0000018924 0.0000477047 0.0043028181 0.0003273782 -0.0000113381 0.0035801582 0.0000899247 0.0027383460
1403637257.53839 0.496134 -1.336939 0.395857 -0.817264 -0.053432 -0.573218 0.025397 0.0003622019 0.0000077563 -0.0001314547 0.0000004640 -0.0000027770 0.0000480827 0.0042788520 0.0003127648 -0.0000114893 0.0035726180 0.0000899562 0.0027384489
1403637257.58839 0.475812 -1.311317 0.398646 -0.818446 -0.054023 -0.571411 0.026788 0.0003610942 0.0000070474 -0.0001328060 0.0000004361 -0.0000025529 0.0000492186 0.0042552275 0.0002985636 -0.0000116316 0.0035655020 0.0000900093 0.0027385529
1403637257.63839 0.455490 -1.285211 0.399997 -0.819917 -0.053909 -0.569230 0.028398 0.0003597664 0.0000058499 -0.0001344068 0.0000003944 -0.0000021452 0.0000505891 0.0042320013 0.0002843316 -0.0000118339 0.0035583624 0.0000900533 0.0027386829
1403637257.68839 0.435614 -1.258668 0.399536 -0.822404 -0.053844 -0.565553 0.030030 0.0003574378 0.0000045792 -0.0001370873 0.0000003586 -0.0000017147 0.0000529544 0.0042087843 0.0002704623 -0.0000120223 0.0035516076 0.0000901103 0.0027388090
1403637257.73839 0.416932 -1.232324 0.398226 -0.823906 -0.054619 -0.563192 0.031791 0.0003559468 0.0000036692 -0.0001387525 0.0000003384 -0.0000013876 0.0000544658 0.0041858138 0.0002573733 -0.0000121805 0.0035451342 0.0000901592 0.0027389176
1403637257.78839 0.398443 -1.205135 0.395626 -0.825650 -0.055976 -0.560342 0.034432 0.0003541474 0.0000024162 -0.0001407101 0.0000003181 -0.0000009161 0.0000562867 0.0041639007 0.0002450700 -0.0000123326 0.0035396028 0.0000902207 0.0027390248
1403637257.83839 0.380839 -1.177683 0.391600 -0.827065 -0.058326 -0.557851 0.036935 0.0003525637 0.0000016903 -0.0001423791 0.0000003108 -0.0000006375 0.0000578789 0.0041419214 0.0002332147 -0.0000124678 0.0035344965 0.0000902813 0.0027391251
1403637257.88839 0.364368 -1.149835 0.386265 -0.828364 -0.061208 -0.555375 0.040305 0.0003510278 0.0000006343 -0.0001439611 0.0000003051 -0.0000002138 0.0000594214 0.0041201701 0.0002221185 -0.0000125937 0.0035299955 0.0000903350 0.0027392185
1403637257.93839 0.347859 -1.121782 0.380656 -0.829020 -0.064560 -0.553676 0.044728 0.0003500817 -0.0000008210 -0.0001449133 0.0000003074 0.0000003876 0.0000603666 0.0040988578 0.0002118513 -0.0000127503 0.0035261194 0.0000903686 0.0027393307
1403637257.98839 0.332733 -1.093276 0.374397 -0.829103 -0.069138 -0.552645 0.048912 0.0003496037 -0.0000015865 -0.0001453848 0.0000003143 0.0000007086 0.0000608393 0.0040781736 0.0002019433 -0.0000128911 0.0035224625 0.0000903953 0.0027394397
1403637258.03839 0.317498 -1.066306 0.367698 -0.828857 -0.074430 -0.551773 0.054800 0.0003493314 -0.0000030763 -0.0001456310 0.0000003355 0.0000013323 0.0000610889 0.0040564218 0.0001940288 -0.0000123110 0.0035175636 0.0000897289 0.0027388914
1403637258.08839 0.304910 -1.036826 0.362415 -0.828265 -0.080740 -0.551141 0.060852 0.0003493337 -0.0000042803 -0.0001456008 0.0000003631 0.0000018350 0.0000610612 0.0040377990 0.0001855788 -0.0000124033 0.0035144366 0.0000896504 0.0027389395
1403637258.13839 0.294498 -1.006949 0.358679 -0.826185 -0.088668 -0.552374 0.066631 0.0003506453 -0.0000044415 -0.0001442896 0.0000003692 0.0000018792 0.0000597468 0.0040182837 0.0001779940 -0.0000125587 0.0035122003 0.0000895541 0.0027390419
1403637258.18839 0.285068 -0.977412 0.357749 -0.822561 -0.098267 -0.555513 0.071708 0.0003532505 -0.0000031649 -0.0001416544 0.0000003435 0.0000013206 0.0000571710 0.0039992709 0.0001714674 -0.0000127325 0.0035106814 0.0000894484 0.0027391451
1403637258.23839 0.277013 -0.948343 0.357902 -0.818735 -0.107727 -0.558966 0.075000 0.0003558943 -0.0000007416 -0.0001388777 0.0000003184 0.0000003400 0.0000545558 0.0039811744 0.0001652992 -0.0000129022 0.0035094126 0.0000893661 0.0027392688
1403637258.28839 0.271589 -0.918834 0.358228 -0.814844 -0.115292 -0.562643 0.078543 0.0003586519 0.0000008217 -0.0001358269 0.0000003195 -0.0000002618 0.0000517972 0.0039631610 0.0001596018 -0.0000130357 0.0035084598 0.0000893015 0.0027393716
1403637258.33839 0.264452 -0.890000 0.357069 -0.811384 -0.122163 -0.565708 0.081891 0.0003609113 0.0000022241 -0.0001332162 0.0000003318 -0.0000007727 0.0000495241 0.0039445864 0.0001550540 -0.0000129510 0.0035073907 0.0000889727 0.0027392853
1403637258.38839 0.257987 -0.860563 0.354331 -0.809386 -0.126903 -0.566900 0.086111 0.0003620857 0.0000018844 -0.0001318423 0.0000003297 -0.0000006372 0.0000483567 0.0039290085 0.0001499082 -0.0000131326 0.0035065103 0.0000888995 0.0027393892
1403637258.43839 0.251530 -0.830905 0.349771 -0.808301 -0.129408 -0.566984 0.091828 0.0003627242 -0.0000004992 -0.0001310975 0.0000003224 0.0000002306 0.0000477310 0.0039138429 0.0001450488 -0.0000133143 0.0035058139 0.0000888267 0.0027394942
1403637258.48839 0.245553 -0.801476 0.342873 -0.808826 -0.130722 -0.564939 0.097756 0.0003620214 -0.0000038743 -0.0001318881 0.0000003650 0.0000014631 0.0000483976 0.0038992814 0.0001403275 -0.0000134741 0.0035050877 0.0000887500 0.0027396070
1403637258.53839 0.239514 -0.772106 0.334727 -0.810160 -0.130757 -0.561945 0.103735 0.0003606626 -0.0000079670 -0.0001333120 0.0000005013 0.0000029985 0.0000496268 0.0038856742 0.0001360328 -0.0000136531 0.0035046825 0.0000886742 0.0027397294
1403637258.58839 0.231806 -0.741961 0.325795 -0.810439 -0.131227 -0.560742 0.107407 0.0003602122 -0.0000101936 -0.0001336845 0.0000006130 0.0000038365 0.0000499636 0.0038701491 0.0001327986 -0.0000132813 0.0035024045 0.0000880371 0.0027395514
1403637258.63839 0.226120 -0.716628 0.316577 -0.809228 -0.132107 -0.561933 0.109224 0.0003611674 -0.0000107287 -0.0001325260 0.0000006427 0.0000039892 0.0000489759 0.0038555251 0.0001288788 -0.0000127248 0.0034996078 0.0000873887 0.0027392862
1403637258.68839 0.221136 -0.689543 0.306646 -0.807403 -0.132959 -0.564226 0.109870 0.0003627259 -0.0000104100 -0.0001307018 0.0000006233 0.0000038038 0.0000474418 0.0038453073 0.0001254736 -0.0000128178 0.0034989968 0.0000872482 0.0027393453
1403637258.73839 0.215877 -0.662918 0.296664 -0.806170 -0.133333 -0.565667 0.111051 0.0003637641 -0.0000107318 -0.0001294208 0.0000006418 0.0000038715 0.0000463909 0.0038348896 0.0001221146 -0.0000129238 0.0034985014 0.0000871012 0.0027394275
1403637258.78839 0.210724 -0.637453 0.285749 -0.805001 -0.133762 -0.567287 0.110755 0.0003647662 -0.0000101132 -0.0001282394 0.0000006056 0.0000036086 0.0000454284 0.0038249928 0.0001186345 -0.0000129600 0.0034977931 0.0000870074 0.0027394906
1403637258.83839 0.206256 -0.612337 0.274165 -0.803959 -0.133613 -0.568698 0.111268 0.0003656963 -0.0000102867 -0.0001270659 0.0000006149 0.0000036279 0.0000444939 0.0038162328 0.0001155305 -0.0000130665 0.0034972028 0.0000868561 0.0027395581
1403637258.88839 0.202793 -0.587987 0.262455 -0.803030 -0.132911 -0.570004 0.112130 0.0003665706 -0.0000109662 -0.0001258925 0.0000006518 0.0000038187 0.0000435751 0.0038060939 0.0001120138 -0.0000127462 0.0034947735 0.0000866949 0.0027393849
1403637258.93839 0.200675 -0.564593 0.252164 -0.803083 -0.131538 -0.570011 0.113327 0.0003666313 -0.0000123081 -0.0001256918 0.0000007369 0.0000042729 0.0000434299 0.0037979790 0.0001097962 -0.0000126432 0.0034935707 0.0000864188 0.0027393598
1403637258.98839 0.196718 -0.541177 0.245572 -0.803263 -0.130735 -0.569866 0.113712 0.0003665392 -0.0000129138 -0.0001257544 0.0000007789 0.0000044847 0.0000434841 0.0037911025 0.0001076290 -0.0000126996 0.0034935809 0.0000863031 0.0027393996
1403637259.03839 0.192337 -0.518680 0.241637 -0.803647 -0.128847 -0.569461 0.115171 0.0003663322 -0.0000147285 -0.0001258253 0.0000009164 0.0000051142 0.0000435575 0.0037846226 0.0001051692 -0.0000127486 0.0034931890 0.0000861996 0.0027394396
1403637259.08839 0.188309 -0.497227 0.240321 -0.803823 -0.128918 -0.569542 0.113449 0.0003662597 -0.0000136257 -0.0001260477 0.0000008309 0.0000047450 0.0000437194 0.0037787810 0.0001028588 -0.0000127953 0.0034927999 0.0000861158 0.0027394769
1403637259.13839 0.184273 -0.476472 0.243282 -0.803411 -0.128730 -0.570199 0.113283 0.0003666410 -0.0000134963 -0.0001255661 0.0000008194 0.0000046777 0.0000433415 0.0037725621 0.0001009542 -0.0000125180 0.0034905356 0.0000858080 0.0027392157
1403637259.18839 0.180622 -0.456756 0.248365 -0.803565 -0.127527 -0.570124 0.113926 0.0003666084 -0.0000144453 -0.0001255058 0.0000008920 0.0000050017 0.0000433041 0.0037680162 0.0000988088 -0.0000125705 0.0034897566 0.0000857718 0.0027392526
1403637259.23839 0.177367 -0.439033 0.255977 -0.803201 -0.126719 -0.570888 0.113565 0.0003670176 -0.0000144739 -0.0001249783 0.0000008935 0.0000049857 0.0000428957 0.0037638892 0.0000969695 -0.0000126060 0.0034891042 0.0000857785 0.0027392797
1403637259.28839 0.173973 -0.420520 0.264011 -0.803003 -0.125622 -0.571297 0.114126 0.0003672846 -0.0000152678 -0.0001245407 0.0000009577 0.0000052349 0.0000425671 0.0037604389 0.0000952964 -0.0000126518 0.0034885000 0.0000857940 0.0027393167
1403637259.33839 0.170486 -0.403069 0.271385 -0.803449 -0.124509 -0.570909 0.114149 0.0003670055 -0.0000158424 -0.0001248348 0.0000010071 0.0000054472 0.0000427993 0.0037570935 0.0000936254 -0.0000126878 0.0034878629 0.0000858353 0.0027393551
1403637259.38839 0.165076 -0.389344 0.279076 -0.803598 -0.123283 -0.570837 0.114787 0.0003669402 -0.0000167140 -0.0001247937 0.0000010841 0.0000057434 0.0000427765 0.0037535190 0.0000927511 -0.0000125239 0.0034845489 0.0000859409 0.0027390911
1403637259.43839 0.161571 -0.373560 0.284206 -0.803331 -0.120357 -0.571260 0.117629 0.0003672537 -0.0000198204 -0.0001239313 0.0000013932 0.0000067488 0.0000421561 0.0037514076 0.0000913876 -0.0000125597 0.0034836097 0.0000859609 0.0027391469
1403637259.48839 0.158152 -0.358823 0.288193 -0.803148 -0.116713 -0.571368 0.121946 0.0003673486 -0.0000240960 -0.0001230482 0.0000019051 0.0000081331 0.0000415513 0.0037491179 0.0000900615 -0.0000125780 0.0034829844 0.0000860156 0.0027391942
1403637259.53839 0.154688 -0.345947 0.291391 -0.803077 -0.114437 -0.571393 0.124422 0.0003673326 -0.0000266323 -0.0001225469 0.0000022562 0.0000089477 0.0000412179 0.0037471450 0.0000889200 -0.0000125788 0.0034824402 0.0000860692 0.0027392262
1403637259.58839 0.151112 -0.335000 0.293898 -0.803043 -0.113217 -0.571404 0.125707 0.0003673022 -0.0000279701 -0.0001222910 0.0000024559 0.0000093760 0.0000410507 0.0037455854 0.0000879395 -0.0000125959 0.0034819436 0.0000861286 0.0027392620
1403637259.63839 0.147465 -0.325916 0.296218 -0.802647 -0.113154 -0.572134 0.124968 0.0003677131 -0.0000274522 -0.0001218647 0.0000023758 0.0000091617 0.0000407220 0.0037443071 0.0000871096 -0.0000125993 0.0034814715 0.0000861921 0.0027392793
1403637259.68839 0.143894 -0.318359 0.297789 -0.803055 -0.114713 -0.571863 0.122132 0.0003675321 -0.0000250502 -0.0001226230 0.0000020335 0.0000084210 0.0000412469 0.0037432558 0.0000864218 -0.0000125896 0.0034810137 0.0000862535 0.0027392781
1403637259.73839 0.140574 -0.313585 0.297815 -0.804579 -0.116710 -0.569973 0.119005 0.0003663227 -0.0000224907 -0.0001246957 0.0000017064 0.0000077188 0.0000427825 0.0037423323 0.0000858715 -0.0000124898 0.0034803947 0.0000862536 0.0027390941
1403637259.78839 0.136617 -0.308667 0.297411 -0.806222 -0.119011 -0.567901 0.115462 0.0003649677 -0.0000195696 -0.0001269125 0.0000013747 0.0000068676 0.0000444699 0.0037417231 0.0000854857 -0.0000124600 0.0034799104 0.0000863067 0.0027390700
1403637259.83839 0.133069 -0.304910 0.296297 -0.807026 -0.120862 -0.566935 0.112635 0.0003642693 -0.0000171377 -0.0001281352 0.0000011315 0.0000060905 0.0000454115 0.0037410516 0.0000850953 -0.0000124142 0.0034793728 0.0000863411 0.0027390260
1403637259.88839 0.129345 -0.301378 0.294695 -0.806450 -0.119651 -0.567706 0.114154 0.0003647999 -0.0000185124 -0.0001272806 0.0000012652 0.0000065217 0.0000447469 0.0037404819 0.0000847548 -0.0000123754 0.0034789061 0.0000863663 0.0027389757
1403637259.93839 0.125713 -0.298564 0.292230 -0.805239 -0.117414 -0.569272 0.117194 0.0003658448 -0.0000211718 -0.0001255381 0.0000015517 0.0000073283 0.0000434146 0.0037399528 0.0000844173 -0.0000123405 0.0034783786 0.0000863704 0.0027389080
1403637259.98839 0.121152 -0.296071 0.288628 -0.804317 -0.117101 -0.570518 0.117779 0.0003666305 -0.0000215147 -0.0001244575 0.0000015879 0.0000073664 0.0000425836 0.0037393334 0.0000842359 -0.0000123245 0.0034772768 0.0000863224 0.0027385984
1403637260.03839 0.117505 -0.295488 0.284157 -0.803179 -0.118436 -0.572199 0.116036 0.0003676371 -0.0000195915 -0.0001234588 0.0000013693 0.0000066417 0.0000417939 0.0037388954 0.0000839173 -0.0000122955 0.0034766731 0.0000863321 0.0027385451
1403637260.08839 0.113652 -0.295854 0.278624 -0.802334 -0.120190 -0.573448 0.113894 0.0003683603 -0.0000173039 -0.0001228420 0.0000011378 0.0000058326 0.0000412996 0.0037385958 0.0000837253 -0.0000122643 0.0034761420 0.0000863217 0.0027384600
1403637260.13839 0.109485 -0.297120 0.271820 -0.802478 -0.122470 -0.573333 0.110992 0.0003681899 -0.0000144966 -0.0001234260 0.0000008955 0.0000049211 0.0000417096 0.0037383655 0.0000835695 -0.0000122279 0.0034756001 0.0000863127 0.0027383725
1403637260.18839 0.104978 -0.299025 0.264061 -0.802924 -0.124855 -0.572780 0.107922 0.0003677067 -0.0000116052 -0.0001243604 0.0000006906 0.0000039860 0.0000423943 0.0037381861 0.0000834333 -0.0000121876 0.0034750328 0.0000862924 0.0027382723
1403637260.23839 0.100215 -0.301224 0.255408 -0.803622 -0.128126 -0.571808 0.103971 0.0003668696 -0.0000078351 -0.0001257330 0.0000004912 0.0000027456 0.0000434269 0.0037380251 0.0000832862 -0.0000121435 0.0034744320 0.0000862663 0.0027381639
1403637260.28839 0.095167 -0.303738 0.246400 -0.803487 -0.130871 -0.571997 0.100504 0.0003667201 -0.0000044274 -0.0001260849 0.0000003769 0.0000015819 0.0000436864 0.0037378907 0.0000831310 -0.0000121044 0.0034738282 0.0000862347 0.0027380514
1403637260.33839 0.090775 -0.306826 0.237563 -0.803166 -0.134107 -0.572388 0.096496 0.0003665894 -0.0000004243 -0.0001263182 0.0000003228 0.0000002048 0.0000438625 0.0037377560 0.0000829767 -0.0000120609 0.0034731517 0.0000861605 0.0027378384
1403637260.38839 0.085536 -0.309710 0.228360 -0.802153 -0.138073 -0.573706 0.091365 0.0003668263 0.0000047398 -0.0001259193 0.0000003831 -0.0000015695 0.0000435600 0.0037376888 0.0000828346 -0.0000120201 0.0034726239 0.0000861411 0.0027377377
1403637260.43839 0.080291 -0.312328 0.218864 -0.801159 -0.141401 -0.574921 0.087269 0.0003670145 0.0000089687 -0.0001254392 0.0000005407 -0.0000030086 0.0000432090 0.0037376069 0.0000826419 -0.0000119775 0.0034720657 0.0000861169 0.0027376300
1403637260.48839 0.074742 -0.314235 0.208323 -0.802588 -0.142564 -0.572776 0.086346 0.0003655729 0.0000097113 -0.0001272148 0.0000005794 -0.0000033225 0.0000446067 0.0037374652 0.0000823951 -0.0000119381 0.0034715325 0.0000860988 0.0027375322
1403637260.53839 0.068788 -0.315598 0.197175 -0.805616 -0.143207 -0.568448 0.085680 0.0003628003 0.0000096794 -0.0001306275 0.0000005794 -0.0000034277 0.0000473733 0.0037372542 0.0000821112 -0.0000118938 0.0034710081 0.0000860843 0.0027374396
1403637260.58839 0.062522 -0.315494 0.184536 -0.809191 -0.143096 -0.563286 0.086269 0.0003595926 0.0000084139 -0.0001344776 0.0000005178 -0.0000030884 0.0000506343 0.0037366215 0.0000819690 -0.0000118377 0.0034703537 0.0000860696 0.0027372846
1403637260.63839 0.056676 -0.314602 0.173038 -0.812287 -0.142295 -0.558814 0.087576 0.0003568741 0.0000065536 -0.0001376305 0.0000004414 -0.0000024681 0.0000534247 0.0037360857 0.0000816408 -0.0000117932 0.0034698640 0.0000860628 0.0027372147
1403637260.68839 0.051172 -0.312535 0.161863 -0.813591 -0.141719 -0.556969 0.088154 0.0003557402 0.0000056474 -0.0001389036 0.0000004108 -0.0000021450 0.0000545856 0.0037355751 0.0000813089 -0.0000117515 0.0034694320 0.0000860527 0.0027371536
1403637260.73839 0.045597 -0.309877 0.150892 -0.812933 -0.140147 -0.557892 0.090857 0.0003566841 0.0000034469 -0.0001379389 0.0000003545 -0.0000012718 0.0000536931 0.0037349729 0.0000809442 -0.0000117154 0.0034690441 0.0000860396 0.0027370967
1403637260.78839 0.040593 -0.306772 0.140217 -0.810980 -0.140189 -0.560645 0.091297 0.0003585434 0.0000036460 -0.0001358572 0.0000003583 -0.0000013201 0.0000518256 0.0037343841 0.0000805837 -0.0000116907 0.0034686897 0.0000860214 0.0027370386
1403637260.83839 0.035930 -0.302767 0.129621 -0.808105 -0.139543 -0.564632 0.093195 0.0003613296 0.0000028290 -0.0001326596 0.0000003435 -0.0000009769 0.0000490503 0.0037337741 0.0000802400 -0.0000116768 0.0034683968 0.0000859981 0.0027369794
1403637260.88839 0.033462 -0.299183 0.118350 -0.806035 -0.139109 -0.567416 0.094841 0.0003632696 0.0000020738 -0.0001303463 0.0000003332 -0.0000006820 0.0000471136 0.0037329016 0.0000799436 -0.0000116848 0.0034680057 0.0000859574 0.0027368739
1403637260.93839 0.029175 -0.293704 0.107971 -0.803503 -0.138440 -0.570917 0.096286 0.0003656206 0.0000014291 -0.0001274432 0.0000003271 -0.0000004357 0.0000447642 0.0037322697 0.0000797218 -0.0000116957 0.0034678228 0.0000859197 0.0027368044
1403637260.98839 0.024916 -0.288686 0.097326 -0.801419 -0.138819 -0.573752 0.096258 0.0003673382 0.0000020850 -0.0001252348 0.0000003333 -0.0000006482 0.0000430364 0.0037315492 0.0000793856 -0.0000117068 0.0034676033 0.0000858787 0.0027367542
1403637261.03839 0.020155 -0.283422 0.085963 -0.801128 -0.138599 -0.574102 0.096908 0.0003676082 0.0000016539 -0.0001248846 0.0000003291 -0.0000004987 0.0000427672 0.0037309161 0.0000790886 -0.0000117152 0.0034674273 0.0000858413 0.0027367122
1403637261.08839 0.014989 -0.278025 0.074327 -0.803084 -0.138514 -0.571309 0.097343 0.0003659496 0.0000008775 -0.0001270149 0.0000003243 -0.0000002405 0.0000444281 0.0037303079 0.0000787922 -0.0000117227 0.0034672708 0.0000857993 0.0027367020
1403637261.13839 0.014149 -0.271494 0.062887 -0.806446 -0.138637 -0.566556 0.097153 0.0003629743 0.0000002821 -0.0001306870 0.0000003224 -0.0000000370 0.0000473994 0.0037294558 0.0000784433 -0.0000117761 0.0034670958 0.0000857253 0.0027366559
1403637261.18839 0.009184 -0.265079 0.051511 -0.810032 -0.139563 -0.561418 0.095815 0.0003595382 0.0000007021 -0.0001347211 0.0000003240 -0.0000001980 0.0000508312 0.0037284892 0.0000784728 -0.0000118493 0.0034669267 0.0000857118 0.0027366494
1403637261.23839 0.003995 -0.258531 0.040766 -0.813527 -0.140061 -0.556322 0.095197 0.0003561286 0.0000005020 -0.0001385275 0.0000003239 -0.0000001293 0.0000542394 0.0037278529 0.0000782462 -0.0000118597 0.0034668380 0.0000856736 0.0027366738
1403637261.28839 0.001848 -0.253502 0.033176 -0.815564 -0.140763 -0.553325 0.094200 0.0003540329 0.0000009683 -0.0001407654 0.0000003259 -0.0000003188 0.0000563261 0.0037267470 0.0000781207 -0.0000119623 0.0034664874 0.0000856855 0.0027366286
1403637261.33839 -0.001590 -0.246194 0.026385 -0.814633 -0.140766 -0.554703 0.094145 0.0003549285 0.0000011935 -0.0001398075 0.0000003279 -0.0000004034 0.0000554278 0.0037262871 0.0000780738 -0.0000119487 0.0034664538 0.0000856772 0.0027366483
1403637261.38839 -0.004171 -0.238250 0.021507 -0.811946 -0.139568 -0.558655 0.095757 0.0003577233 0.0000003073 -0.0001367546 0.0000003248 -0.0000000501 0.0000526354 0.0037257832 0.0000779909 -0.0000119452 0.0034664189 0.0000856592 0.0027366692
1403637261.43839 -0.006043 -0.229803 0.017905 -0.809365 -0.137058 -0.562415 0.099156 0.0003605285 -0.0000023018 -0.0001335363 0.0000003400 0.0000009211 0.0000498140 0.0037253171 0.0000779219 -0.0000119638 0.0034663943 0.0000856274 0.0027366678
1403637261.48839 -0.007230 -0.221450 0.015333 -0.807591 -0.135055 -0.564894 0.102237 0.0003624138 -0.0000047003 -0.0001312431 0.0000003871 0.0000017718 0.0000478800 0.0037248820 0.0000778620 -0.0000120002 0.0034663785 0.0000855882 0.0027366387
1403637261.53839 -0.008621 -0.213725 0.012124 -0.809145 -0.134295 -0.562721 0.102929 0.0003610714 -0.0000058013 -0.0001327886 0.0000004200 0.0000022042 0.0000491890 0.0037245432 0.0000778225 -0.0000120196 0.0034663663 0.0000855631 0.0027366321
1403637261.58839 -0.009130 -0.205594 0.009558 -0.812609 -0.134831 -0.557765 0.101911 0.0003577648 -0.0000057044 -0.0001365777 0.0000004181 0.0000022492 0.0000524976 0.0037242143 0.0000777623 -0.0000120581 0.0034663463 0.0000855354 0.0027366240
1403637261.63839 -0.010029 -0.197936 0.007499 -0.816153 -0.136143 -0.552611 0.099904 0.0003541397 -0.0000046761 -0.0001405594 0.0000003893 0.0000019281 0.0000561519 0.0037239951 0.0000777422 -0.0000120560 0.0034663394 0.0000855297 0.0027366482
1403637261.68839 -0.009303 -0.189793 0.007329 -0.818497 -0.136903 -0.549219 0.098376 0.0003516841 -0.0000039281 -0.0001431387 0.0000003720 0.0000016716 0.0000586257 0.0037238460 0.0000777326 -0.0000120451 0.0034663402 0.0000855324 0.0027366776
1403637261.73839 -0.006565 -0.180855 0.008828 -0.818823 -0.137748 -0.548836 0.096611 0.0003512325 -0.0000025539 -0.0001436290 0.0000003469 0.0000011172 0.0000591023 0.0037237062 0.0000776891 -0.0000120582 0.0034663136 0.0000855257 0.0027366683
1403637261.78839 -0.001294 -0.171393 0.013944 -0.816267 -0.137527 -0.552654 0.096791 0.0003538466 -0.0000021604 -0.0001409234 0.0000003416 0.0000009333 0.0000564901 0.0037233383 0.0000775595 -0.0000121732 0.0034662119 0.0000854832 0.0027365945
1403637261.83839 0.003163 -0.162435 0.018765 -0.812350 -0.137203 -0.558487 0.096718 0.0003577046 -0.0000013492 -0.0001367476 0.0000003339 0.0000005887 0.0000526403 0.0037233981 0.0000774457 -0.0000121920 0.0034662994 0.0000854794 0.0027365913
1403637261.88839 0.008409 -0.153981 0.022103 -0.809068 -0.136153 -0.563278 0.097929 0.0003609300 -0.0000018110 -0.0001330546 0.0000003382 0.0000007407 0.0000494098 0.0037233918 0.0000773149 -0.0000122620 0.0034663045 0.0000854391 0.0027365202
1403637261.93839 0.012700 -0.145366 0.024208 -0.806304 -0.135312 -0.567323 0.098536 0.0003635657 -0.0000019345 -0.0001299023 0.0000003397 0.0000007646 0.0000467724 0.0037234890 0.0000771226 -0.0000123250 0.0034664011 0.0000854201 0.0027364742
1403637261.98839 0.016803 -0.137261 0.023688 -0.804339 -0.134593 -0.570281 0.098504 0.0003654004 -0.0000017785 -0.0001276331 0.0000003383 0.0000006950 0.0000449391 0.0037236838 0.0000769268 -0.0000123588 0.0034664892 0.0000854094 0.0027364618
1403637262.03840 0.021260 -0.129068 0.020563 -0.802916 -0.132603 -0.572415 0.100414 0.0003668806 -0.0000035263 -0.0001257132 0.0000003639 0.0000012829 0.0000434327 0.0037239322 0.0000766927 -0.0000123949 0.0034665801 0.0000853956 0.0027364493
1403637262.08840 0.025540 -0.121441 0.014977 -0.801441 -0.131091 -0.574605 0.101667 0.0003683106 -0.0000046481 -0.0001238125 0.0000003889 0.0000016378 0.0000419771 0.0037242074 0.0000764347 -0.0000124321 0.0034666663 0.0000853761 0.0027364305
1403637262.13840 0.028948 -0.114013 0.007287 -0.801645 -0.129035 -0.574440 0.103604 0.0003683490 -0.0000068052 -0.0001236600 0.0000004564 0.0000023610 0.0000418709 0.0037245254 0.0000761876 -0.0000124666 0.0034667684 0.0000853670 0.0027364177
1403637262.18840 0.032380 -0.107428 -0.002513 -0.801308 -0.127264 -0.574976 0.105413 0.0003687888 -0.0000086440 -0.0001229593 0.0000005335 0.0000029593 0.0000413528 0.0037248318 0.0000759152 -0.0000125171 0.0034667980 0.0000853381 0.0027363959
1403637262.23840 0.035607 -0.100778 -0.014076 -0.801183 -0.125741 -0.575254 0.106664 0.0003690168 -0.0000100721 -0.0001225436 0.0000006062 0.0000034229 0.0000410513 0.0037251124 0.0000756773 -0.0000125498 0.0034668664 0.0000853287 0.0027363930
1403637262.28840 0.038303 -0.094957 -0.027994 -0.801513 -0.123708 -0.574937 0.108258 0.0003688710 -0.0000120701 -0.0001225564 0.0000007271 0.0000040897 0.0000410769 0.0037253871 0.0000754400 -0.0000125815 0.0034669024 0.0000853185 0.0027363934
1403637262.33840 0.035300 -0.096137 -0.030270 -0.787540 -0.102775 -0.591693 0.138269 0.0003782488 -0.0000377281 -0.0001028744 0.0000041016 0.0000103453 0.0000283264 0.0037250028 0.0000755595 -0.0000126300 0.0034667716 0.0000852703 0.0027363665
1403637262.38840 0.033872 -0.098818 -0.030166 -0.788164 -0.123032 -0.593081 0.109157 0.0003792871 -0.0000101901 -0.0001074418 0.0000006069 0.0000029650 0.0000307868 0.0037246721 0.0000757143 -0.0000126855 0.0034666480 0.0000852056 0.0027363505
1403637262.43840 0.033205 -0.103745 -0.033631 -0.797230 -0.109789 -0.585312 0.098897 0.0003739799 -0.0000112825 -0.0001155024 0.0000006699 0.0000035649 0.0000360365 0.0037241780 0.0000757940 -0.0000128094 0.0034667131 0.0000851751 0.0027362950
1403637262.48840 0.031021 -0.107921 -0.042070 -0.802643 -0.091511 -0.581046 0.098873 0.0003707612 -0.0000202925 -0.0001188825 0.0000014388 0.0000065907 0.0000384927 0.0037238542 0.0000759559 -0.0000128259 0.0034667222 0.0000851610 0.0027363320
1403637262.53840 0.027289 -0.109499 -0.045315 -0.791726 -0.082332 -0.595015 0.111128 0.0003783053 -0.0000305767 -0.0001051443 0.0000028027 0.0000085840 0.0000295902 0.0037237521 0.0000761521 -0.0000128454 0.0034666869 0.0000851302 0.0027364024
1403637262.58840 0.024677 -0.112257 -0.045292 -0.785000 -0.082529 -0.604435 0.107809 0.0003832667 -0.0000274148 -0.0000974549 0.0000022919 0.0000070553 0.0000251456 0.0037235971 0.0000763243 -0.0000128567 0.0034667239 0.0000850931 0.0027364927
1403637262.63840 0.025462 -0.114356 -0.048895 -0.784249 -0.080476 -0.605945 0.106337 0.0003838952 -0.0000273407 -0.0000963232 0.0000022783 0.0000069450 0.0000245361 0.0037235074 0.0000763720 -0.0000128694 0.0034668763 0.0000850656 0.0027366115
1403637262.68840 0.027903 -0.113513 -0.057710 -0.795361 -0.083724 -0.591182 0.104380 0.0003762731 -0.0000261940 -0.0001095751 0.0000021562 0.0000077152 0.0000322869 0.0037236352 0.0000763178 -0.0000128874 0.0034671088 0.0000850477 0.0027367749
1403637262.73840 0.029066 -0.113387 -0.061039 -0.797459 -0.082989 -0.588844 0.102156 0.0003748862 -0.0000254186 -0.0001118946 0.0000020565 0.0000076747 0.0000337798 0.0037237471 0.0000763372 -0.0000128930 0.0034673331 0.0000850164 0.0027369713
1403637262.78840 0.027463 -0.115256 -0.063711 -0.793173 -0.081390 -0.594260 0.105393 0.0003778313 -0.0000275850 -0.0001067633 0.0000023484 0.0000078829 0.0000305487 0.0037237651 0.0000764897 -0.0000128842 0.0034674958 0.0000849814 0.0027371979
1403637262.83840 0.027570 -0.115829 -0.066874 -0.793066 -0.082263 -0.594384 0.104815 0.0003779615 -0.0000268059 -0.0001067569 0.0000022366 0.0000076601 0.0000305368 0.0037239295 0.0000765719 -0.0000128700 0.0034677372 0.0000849498 0.0027374646
1403637262.88840 0.028847 -0.115061 -0.070215 -0.794204 -0.082243 -0.592634 0.106120 0.0003770119 -0.0000278051 -0.0001080322 0.0000023880 0.0000080574 0.0000313423 0.0037242339 0.0000766060 -0.0000128497 0.0034680476 0.0000849183 0.0027377709
1403637262.93840 0.028759 -0.116831 -0.072808 -0.793290 -0.082655 -0.594107 0.104389 0.0003778488 -0.0000263886 -0.0001070559 0.0000021810 0.0000075665 0.0000307199 0.0037244315 0.0000767262 -0.0000128154 0.0034683598 0.0000848881 0.0027381101
1403637262.98840 0.029394 -0.116622 -0.075937 -0.793750 -0.082139 -0.593287 0.105944 0.0003773775 -0.0000276771 -0.0001074949 0.0000023698 0.0000079747 0.0000310099 0.0037248240 0.0000767979 -0.0000127760 0.0034687512 0.0000848555 0.0027385135
1403637263.03840 0.029648 -0.117408 -0.078529 -0.793621 -0.082578 -0.593573 0.104964 0.0003775618 -0.0000268362 -0.0001074193 0.0000022484 0.0000077264 0.0000309544 0.0037252260 0.0000769073 -0.0000127190 0.0034691681 0.0000848246 0.0027389547
1403637263.08840 0.029762 -0.117645 -0.079305 -0.793677 -0.082410 -0.593453 0.105353 0.0003774779 -0.0000271590 -0.0001074789 0.0000022960 0.0000078247 0.0000309972 0.0037257416 0.0000770043 -0.0000126297 0.0034695145 0.0000848065 0.0027393478
1403637263.13840 0.029770 -0.117953 -0.081266 -0.793626 -0.082263 -0.593502 0.105573 0.0003775119 -0.0000273652 -0.0001073785 0.0000023269 0.0000078760 0.0000309395 0.0037263388 0.0000771526 -0.0000125315 0.0034699773 0.0000847749 0.0027398655
1403637263.18840 0.030019 -0.118481 -0.083458 -0.793505 -0.082563 -0.593734 0.104939 0.0003776613 -0.0000268108 -0.0001072850 0.0000022478 0.0000077090 0.0000308766 0.0037270246 0.0000773098 -0.0000124164 0.0034705364 0.0000847482 0.0027404606
1403637263.23840 0.029990 -0.118368 -0.085458 -0.793708 -0.082198 -0.593367 0.105766 0.0003774425 -0.0000275284 -0.0001074610 0.0000023538 0.0000079311 0.0000309967 0.0037278556 0.0000774843 -0.0000122761 0.0034711275 0.0000847269 0.0027410992
1403637263.28840 0.030484 -0.118759 -0.087901 -0.793658 -0.082425 -0.593513 0.105150 0.0003775519 -0.0000270392 -0.0001074170 0.0000022843 0.0000077872 0.0000309654 0.0037288287 0.0000776378 -0.0000121551 0.0034718814 0.0000846843 0.0027418820
1403637263.33840 0.030844 -0.118939 -0.090116 -0.793603 -0.082356 -0.593571 0.105291 0.0003775837 -0.0000271501 -0.0001073451 0.0000023020 0.0000078138 0.0000309244 0.0037299581 0.0000777819 -0.0000120165 0.0034727103 0.0000846428 0.0027427286
1403637263.38840 0.031356 -0.118846 -0.092009 -0.793635 -0.082322 -0.593517 0.105381 0.0003775557 -0.0000272263 -0.0001073776 0.0000023150 0.0000078393 0.0000309477 0.0037312552 0.0000779235 -0.0000118575 0.0034735929 0.0000846008 0.0027436247
1403637263.43840 0.031586 -0.118964 -0.093543 -0.793691 -0.082233 -0.593437 0.105480 0.0003775098 -0.0000273353 -0.0001074305 0.0000023327 0.0000078758 0.0000309838 0.0037327033 0.0000780829 -0.0000116746 0.0034744913 0.0000845590 0.0027445477
1403637263.48840 0.031866 -0.119182 -0.094445 -0.793619 -0.082426 -0.593578 0.105071 0.0003776019 -0.0000269760 -0.0001073804 0.0000022821 0.0000077686 0.0000309501 0.0037343215 0.0000782457 -0.0000114663 0.0034753870 0.0000845191 0.0027454703
1403637263.53840 0.031914 -0.119135 -0.094911 -0.793645 -0.082141 -0.593487 0.105609 0.0003775394 -0.0000274478 -0.0001073674 0.0000023521 0.0000079039 0.0000309499 0.0037361451 0.0000784130 -0.0000112318 0.0034762365 0.0000844828 0.0027463631
1403637263.58840 0.032201 -0.119252 -0.094760 -0.793610 -0.082285 -0.593576 0.105262 0.0003776003 -0.0000271555 -0.0001073505 0.0000023109 0.0000078186 0.0000309373 0.0037381586 0.0000785760 -0.0000109698 0.0034770220 0.0000844528 0.0027471902
1403637263.63840 0.030573 -0.119470 -0.082111 -0.793635 -0.082100 -0.593509 0.105590 0.0003775578 -0.0000273645 -0.0001073645 0.0000023409 0.0000078774 0.0000309450 0.0037398291 0.0000799111 -0.0000104890 0.0034748435 0.0000850846 0.0027447625
1403637263.68840 0.030555 -0.119541 -0.079793 -0.793631 -0.082182 -0.593521 0.105497 0.0003775670 -0.0000273475 -0.0001073586 0.0000023396 0.0000078720 0.0000309419 0.0037420314 0.0000805169 -0.0000101522 0.0034748415 0.0000851854 0.0027446982
1403637263.73840 0.030557 -0.119424 -0.077529 -0.793582 -0.082165 -0.593596 0.105449 0.0003776100 -0.0000273213 -0.0001073005 0.0000023369 0.0000078597 0.0000309065 0.0037443861 0.0000811086 -0.0000098151 0.0034748102 0.0000853166 0.0027445529
1403637263.78840 0.030488 -0.119131 -0.075536 -0.793597 -0.081861 -0.593551 0.105835 0.0003775692 -0.0000277104 -0.0001072705 0.0000023952 0.0000079694 0.0000308939 0.0037468802 0.0000817429 -0.0000094733 0.0034747368 0.0000854474 0.0027443564
1403637263.83840 0.030398 -0.119140 -0.073714 -0.793590 -0.082262 -0.593624 0.105161 0.0003776359 -0.0000271034 -0.0001073228 0.0000023080 0.0000077995 0.0000309195 0.0037494701 0.0000824158 -0.0000091312 0.0034746466 0.0000855754 0.0027441297
1403637263.88840 0.026905 -0.119065 -0.066201 -0.793616 -0.081783 -0.593523 0.105902 0.0003775676 -0.0000277664 -0.0001072603 0.0000024051 0.0000079867 0.0000308836 0.0037349375 0.0000841676 -0.0000114358 0.0034736269 0.0000862548 0.0027381319
1403637263.93840 0.026863 -0.119092 -0.066345 -0.793653 -0.082000 -0.593519 0.105479 0.0003775575 -0.0000274477 -0.0001073630 0.0000023596 0.0000079047 0.0000309447 0.0037348431 0.0000843225 -0.0000115262 0.0034734666 0.0000861882 0.0027380176
1403637263.98840 0.026767 -0.119092 -0.066490 -0.793645 -0.081920 -0.593518 0.105612 0.0003775540 -0.0000275673 -0.0001073419 0.0000023783 0.0000079383 0.0000309349 0.0037346929 0.0000842883 -0.0000116129 0.0034733752 0.0000861383 0.0027379258
1403637264.03840 0.026685 -0.119064 -0.066638 -0.793645 -0.081887 -0.593506 0.105704 0.0003775486 -0.0000276399 -0.0001073359 0.0000023901 0.0000079597 0.0000309338 0.0037344852 0.0000842056 -0.0000116920 0.0034732599 0.0000860876 0.0027378523
1403637264.08840 0.026680 -0.119082 -0.066774 -0.793673 -0.081969 -0.593481 0.105564 0.0003775430 -0.0000275185 -0.0001073796 0.0000023736 0.0000079295 0.0000309610 0.0037342279 0.0000840894 -0.0000117657 0.0034731286 0.0000860369 0.0027377913
1403637264.13840 0.026604 -0.119096 -0.066813 -0.793655 -0.081811 -0.593486 0.105793 0.0003775385 -0.0000277317 -0.0001073352 0.0000024061 0.0000079882 0.0000309380 0.0037339468 0.0000839504 -0.0000118349 0.0034729868 0.0000859872 0.0027377398
1403637264.18840 0.026713 -0.119190 -0.066814 -0.793618 -0.081947 -0.593569 0.105499 0.0003775947 -0.0000274781 -0.0001073133 0.0000023697 0.0000079143 0.0000309228 0.0037336374 0.0000837962 -0.0000118998 0.0034728439 0.0000859395 0.0027376942
1403637264.23840 0.026740 -0.119126 -0.066869 -0.793693 -0.081799 -0.593437 0.105798 0.0003775143 -0.0000277443 -0.0001073766 0.0000024104 0.0000079976 0.0000309671 0.0037333359 0.0000836304 -0.0000119601 0.0034727029 0.0000858948 0.0027376549
1403637264.28840 0.026816 -0.119216 -0.066838 -0.793649 -0.081871 -0.593507 0.105674 0.0003775592 -0.0000276267 -0.0001073375 0.0000023940 0.0000079615 0.0000309430 0.0037330211 0.0000834678 -0.0000120156 0.0034725654 0.0000858529 0.0027376189
1403637264.33840 0.026834 -0.119348 -0.066833 -0.793658 -0.081928 -0.593503 0.105589 0.0003775623 -0.0000275469 -0.0001073554 0.0000023835 0.0000079412 0.0000309548 0.0037327087 0.0000833114 -0.0000120665 0.0034724314 0.0000858138 0.0027375863
1403637264.38840 0.026824 -0.119419 -0.066897 -0.793682 -0.081945 -0.593454 0.105670 0.0003775380 -0.0000275930 -0.0001073846 0.0000023915 0.0000079582 0.0000309752 0.0037324104 0.0000831595 -0.0000121131 0.0034723051 0.0000857778 0.0027375572
1403637264.43840 0.027039 -0.119460 -0.066853 -0.793660 -0.081910 -0.593488 0.105671 0.0003775563 -0.0000276075 -0.0001073534 0.0000023947 0.0000079609 0.0000309578 0.0037321205 0.0000830098 -0.0000121557 0.0034721921 0.0000857445 0.0027375305
1403637264.48840 0.027187 -0.119569 -0.066755 -0.793656 -0.081961 -0.593504 0.105574 0.0003775695 -0.0000275232 -0.0001073556 0.0000023834 0.0000079381 0.0000309598 0.0037318415 0.0000828701 -0.0000121945 0.0034720863 0.0000857135 0.0027375064
1403637264.53840 0.027331 -0.119550 -0.066658 -0.793677 -0.081882 -0.593461 0.105717 0.0003775422 -0.0000276533 -0.0001073675 0.0000024037 0.0000079778 0.0000309706 0.0037315847 0.0000827362 -0.0000122300 0.0034719892 0.0000856847 0.0027374854
1403637264.58840 0.027486 -0.119581 -0.066593 -0.793675 -0.081923 -0.593475 0.105618 0.0003775537 -0.0000275726 -0.0001073711 0.0000023928 0.0000079562 0.0000309736 0.0037313368 0.0000826118 -0.0000122621 0.0034719006 0.0000856586 0.0027374665
1403637264.63840 0.027546 -0.119648 -0.066531 -0.793661 -0.081900 -0.593497 0.105624 0.0003775648 -0.0000275845 -0.0001073514 0.0000023955 0.0000079592 0.0000309634 0.0037311011 0.0000824997 -0.0000122908 0.0034718162 0.0000856345 0.0027374498
1403637264.68840 0.027573 -0.119680 -0.066522 -0.793662 -0.081887 -0.593489 0.105670 0.0003775608 -0.0000276187 -0.0001073499 0.0000024016 0.0000079702 0.0000309648 0.0037308813 0.0000823960 -0.0000123164 0.0034717384 0.0000856128 0.0027374354
1403637264.73840 0.027636 -0.119658 -0.066528 -0.793674 -0.081932 -0.593481 0.105587 0.0003775601 -0.0000275474 -0.0001073702 0.0000023922 0.0000079527 0.0000309783 0.0037306765 0.0000822982 -0.0000123390 0.0034716682 0.0000855933 0.0027374227
1403637264.78840 0.027611 -0.119626 -0.066549 -0.793674 -0.081858 -0.593468 0.105720 0.0003775491 -0.0000276642 -0.0001073584 0.0000024103 0.0000079866 0.0000309744 0.0037304854 0.0000822093 -0.0000123586 0.0034716023 0.0000855759 0.0027374119
1403637264.83840 0.027648 -0.119701 -0.066567 -0.793665 -0.081942 -0.593503 0.105526 0.0003775739 -0.0000275017 -0.0001073608 0.0000023873 0.0000079413 0.0000309757 0.0037302955 0.0000821282 -0.0000123753 0.0034715433 0.0000855606 0.0027374016
1403637264.88840 0.027643 -0.119678 -0.066619 -0.793670 -0.081861 -0.593476 0.105705 0.0003775545 -0.0000276520 -0.0001073536 0.0000024104 0.0000079853 0.0000309751 0.0037301243 0.0000820506 -0.0000123895 0.0034714901 0.0000855471 0.0027373929
1403637264.93840 0.027682 -0.119655 -0.066695 -0.793684 -0.081883 -0.593460 0.105675 0.0003775483 -0.0000276248 -0.0001073709 0.0000024073 0.0000079803 0.0000309873 0.0037299581 0.0000819800 -0.0000124012 0.0034714414 0.0000855356 0.0027373848
1403637264.98840 0.027663 -0.119703 -0.066752 -0.793678 -0.081942 -0.593479 0.105566 0.0003775633 -0.0000275263 -0.0001073720 0.0000023937 0.0000079533 0.0000309887 0.0037297981 0.0000819162 -0.0000124105 0.0034713963 0.0000855257 0.0027373772
1403637265.03840 0.027628 -0.119682 -0.066805 -0.793686 -0.081913 -0.593451 0.105682 0.0003775462 -0.0000276130 -0.0001073771 0.0000024073 0.0000079800 0.0000309949 0.0037296503 0.0000818563 -0.0000124178 0.0034713551 0.0000855173 0.0027373704
1403637265.08840 0.027599 -0.119683 -0.066926 -0.793714 -0.081986 -0.593420 0.105585 0.0003775349 -0.0000275222 -0.0001074183 0.0000023949 0.0000079587 0.0000310213 0.0037295049 0.0000818020 -0.0000124230 0.0034713177 0.0000855106 0.0027373636
1403637265.13840 0.027546 -0.119673 -0.067055 -0.793709 -0.081974 -0.593427 0.105600 0.0003775376 -0.0000275353 -0.0001074104 0.0000023976 0.0000079630 0.0000310185 0.0037293677 0.0000817522 -0.0000124263 0.0034712830 0.0000855051 0.0027373572
1403637265.18840 0.027462 -0.119634 -0.067186 -0.793673 -0.081972 -0.593491 0.105513 0.0003775733 -0.0000274751 -0.0001073679 0.0000023894 0.0000079433 0.0000309934 0.0037292352 0.0000817078 -0.0000124279 0.0034712503 0.0000855008 0.0027373509
1403637265.23840 0.027360 -0.119555 -0.067348 -0.793697 -0.081941 -0.593451 0.105580 0.0003775503 -0.0000275333 -0.0001073893 0.0000023987 0.0000079632 0.0000310093 0.0037291124 0.0000816660 -0.0000124280 0.0034712207 0.0000854975 0.0027373449
1403637265.28840 0.027248 -0.119556 -0.067456 -0.793688 -0.082001 -0.593465 0.105520 0.0003775618 -0.0000274640 -0.0001073879 0.0000023893 0.0000079443 0.0000310095 0.0037289898 0.0000816296 -0.0000124267 0.0034711932 0.0000854949 0.0027373386
1403637265.33840 0.027144 -0.119549 -0.067578 -0.793671 -0.081957 -0.593476 0.105621 0.0003775659 -0.0000275447 -0.0001073597 0.0000024018 0.0000079664 0.0000309950 0.0037288706 0.0000815960 -0.0000124240 0.0034711691 0.0000854933 0.0027373322
1403637265.38840 0.028006 -0.119723 -0.067782 -0.793680 -0.082002 -0.593477 0.105509 0.0003775647 -0.0000274495 -0.0001073841 0.0000023881 0.0000079421 0.0000310105 0.0037286216 0.0000815043 -0.0000124734 0.0034711025 0.0000854586 0.0027372889
1403637265.43840 0.028082 -0.119668 -0.067873 -0.793680 -0.081925 -0.593467 0.105631 0.0003775575 -0.0000275668 -0.0001073643 0.0000024058 0.0000079753 0.0000310017 0.0037284783 0.0000814377 -0.0000124753 0.0034711043 0.0000854552 0.0027372767
