# timestamp(s) tx ty tz qx qy qz qw Pr11 Pr12 Pr13 Pr22 Pr23 Pr33 Pt11 Pt12 Pt13 Pt22 Pt23 Pt33
1413393217.15576 -0.061405 -0.009309 0.050732 0.800195 -0.003091 0.599450 0.018398 0.0010051291 -0.0000000106 0.0000000733 0.0010050398 -0.0000000102 0.0010050847 0.0290450966 -0.0000001749 0.0002288904 0.0290469402 0.0000257785 0.0028859781
1413393217.20601 -0.029306 0.007140 0.070866 0.802593 -0.003807 0.596236 0.018230 0.0004016854 0.0000131056 -0.0000970422 0.0000379537 -0.0000009614 0.0000479048 0.0026280063 0.0000028295 -0.0001243080 0.0025869750 0.0000144419 0.0027413777
1413393217.25581 -0.032547 0.011862 0.079310 0.802573 -0.003829 0.596207 0.019985 0.0003952247 0.0000180382 -0.0001014778 0.0000213454 0.0000006445 0.0000468446 0.0025706456 0.0000112897 -0.0000409546 0.0025791781 0.0000067731 0.0026250254
1413393217.30567 -0.037010 0.017224 0.087369 0.803072 -0.003934 0.595489 0.021297 0.0003907739 0.0000188219 -0.0001041247 0.0000188148 -0.0000005143 0.0000454609 0.0025655327 0.0000102219 -0.0000347318 0.0025795681 0.0000130363 0.0026231260
1413393217.35556 -0.043117 0.023537 0.095791 0.803830 -0.004180 0.594469 0.021133 0.0003864118 0.0000178133 -0.0001071473 0.0000160358 -0.0000016572 0.0000441701 0.0025612666 0.0000102737 -0.0000288406 0.0025797154 0.0000159398 0.0026164960
1413393217.40561 -0.050174 0.030520 0.104013 0.804667 -0.004526 0.593307 0.021861 0.0003824963 0.0000166458 -0.0001096433 0.0000132092 -0.0000027040 0.0000432542 0.0025579500 0.0000113383 -0.0000230697 0.0025785820 0.0000151452 0.0026050091
1413393217.45557 -0.057828 0.038634 0.111755 0.805561 -0.004881 0.592068 0.022409 0.0003795616 0.0000158279 -0.0001117599 0.0000113208 -0.0000032558 0.0000427332 0.0025548993 0.0000132068 -0.0000183080 0.0025780320 0.0000133933 0.0025947714
1413393217.50564 -0.066395 0.047106 0.118229 0.805826 -0.004619 0.591712 0.022377 0.0003775793 0.0000155082 -0.0001129741 0.0000100528 -0.0000037216 0.0000423490 0.0025531570 0.0000151366 -0.0000146650 0.0025779435 0.0000116174 0.0025862086
1413393217.55553 -0.075889 0.058549 0.125679 0.806054 -0.005783 0.591362 0.023114 0.0003757721 0.0000146241 -0.0001133158 0.0000088072 -0.0000037016 0.0000417289 0.0025510578 0.0000168768 -0.0000107351 0.0025755977 0.0000092153 0.0025766022
1413393217.60577 -0.086383 0.070127 0.132240 0.806170 -0.005556 0.591181 0.023749 0.0003747326 0.0000145151 -0.0001138769 0.0000081696 -0.0000038922 0.0000414555 0.0025504365 0.0000190743 -0.0000090726 0.0025762666 0.0000079829 0.0025714411
1413393217.65567 -0.097839 0.082058 0.137307 0.806325 -0.005389 0.590979 0.023536 0.0003740584 0.0000142698 -0.0001143228 0.0000076881 -0.0000039856 0.0000414722 0.0025504734 0.0000214051 -0.0000075971 0.0025777336 0.0000075848 0.0025676898
1413393217.70621 -0.109249 0.093584 0.143190 0.806262 -0.005468 0.591047 0.023987 0.0003735378 0.0000142308 -0.0001144927 0.0000073185 -0.0000040983 0.0000413135 0.0025508365 0.0000235960 -0.0000066646 0.0025794000 0.0000071736 0.0025644132
1413393217.75615 -0.121605 0.106095 0.150576 0.806005 -0.005318 0.591423 0.023385 0.0003733675 0.0000138625 -0.0001142476 0.0000069992 -0.0000040603 0.0000409459 0.0025512399 0.0000259047 -0.0000061350 0.0025810556 0.0000073020 0.0025619169
1413393217.80643 -0.135929 0.122765 0.164289 0.806543 -0.004818 0.590694 0.023359 0.0003708396 0.0000127047 -0.0001141713 0.0000062082 -0.0000039905 0.0000406387 0.0025495497 0.0000242886 -0.0000061692 0.0025723682 0.0000037171 0.0025544591
1413393217.85644 -0.147409 0.136378 0.175779 0.806609 -0.005750 0.590624 0.022620 0.0003703357 0.0000123053 -0.0001145810 0.0000060005 -0.0000038984 0.0000408678 0.0025508012 0.0000264215 -0.0000059342 0.0025738639 0.0000041510 0.0025517693
1413393217.90650 -0.158939 0.149675 0.190357 0.806588 -0.005569 0.590683 0.021872 0.0003700698 0.0000118774 -0.0001145322 0.0000057817 -0.0000037624 0.0000407685 0.0025518436 0.0000280050 -0.0000058775 0.0025746968 0.0000049050 0.0025483899
1413393217.95637 -0.170097 0.164438 0.206115 0.806023 -0.005754 0.591462 0.021590 0.0003701220 0.0000114768 -0.0001140780 0.0000056107 -0.0000036204 0.0000404164 0.0025533408 0.0000296285 -0.0000056238 0.0025759523 0.0000052912 0.0025458234
1413393218.00650 -0.181177 0.179708 0.221747 0.806201 -0.006619 0.591249 0.020520 0.0003697930 0.0000103437 -0.0001142811 0.0000054339 -0.0000032698 0.0000405158 0.0025551738 0.0000313957 -0.0000054066 0.0025773081 0.0000056322 0.0025435709
1413393218.05664 -0.192234 0.195784 0.234626 0.805986 -0.008502 0.591612 0.017562 0.0003698499 0.0000076886 -0.0001140271 0.0000052206 -0.0000024342 0.0000403069 0.0025571619 0.0000330614 -0.0000054018 0.0025785875 0.0000059469 0.0025416375
1413393218.10662 -0.202430 0.212472 0.246295 0.806249 -0.011138 0.591293 0.014541 0.0003694788 0.0000045532 -0.0001143055 0.0000050486 -0.0000014712 0.0000404890 0.0025592978 0.0000344663 -0.0000056164 0.0025796594 0.0000061615 0.0025406251
1413393218.15677 -0.213545 0.228234 0.256152 0.806305 -0.014832 0.591244 0.009149 0.0003690988 -0.0000003745 -0.0001144065 0.0000049272 0.0000000593 0.0000405734 0.0025614128 0.0000356162 -0.0000063833 0.0025805722 0.0000063464 0.0025398700
1413393218.20693 -0.224916 0.243690 0.263269 0.806075 -0.018373 0.591521 0.002917 0.0003687691 -0.0000058763 -0.0001141864 0.0000049586 0.0000017744 0.0000404660 0.0025636922 0.0000368014 -0.0000072259 0.0025820478 0.0000065787 0.0025396768
1413393218.25676 -0.237006 0.259216 0.267405 -0.806615 0.023169 -0.590615 0.003168 0.0003676593 -0.0000118598 -0.0001147866 0.0000051959 0.0000036792 0.0000409579 0.0025660725 0.0000382293 -0.0000078007 0.0025839674 0.0000069543 0.0025396070
1413393218.30679 -0.249166 0.274506 0.269616 -0.807544 0.026729 -0.589150 0.007787 0.0003662375 -0.0000163167 -0.0001157853 0.0000054808 0.0000051509 0.0000417317 0.0025686609 0.0000398950 -0.0000082356 0.0025860861 0.0000070021 0.0025390214
1413393218.35638 -0.262445 0.289505 0.269948 -0.807735 0.026332 -0.588904 0.007844 0.0003658127 -0.0000163074 -0.0001160245 0.0000054243 0.0000051707 0.0000419145 0.0025715199 0.0000420888 -0.0000084704 0.0025880453 0.0000070532 0.0025385270
1413393218.40584 -0.276325 0.307313 0.268129 -0.807377 0.024602 -0.589518 0.002416 0.0003660774 -0.0000124367 -0.0001154603 0.0000050468 0.0000039153 0.0000414734 0.0025738076 0.0000444966 -0.0000085692 0.0025878740 0.0000064814 0.0025374940
1413393218.45601 -0.291492 0.319747 0.265175 0.807359 -0.021179 0.589673 0.002964 0.0003662377 -0.0000076241 -0.0001154291 0.0000047408 0.0000023850 0.0000413762 0.0025778194 0.0000479740 -0.0000088829 0.0025898553 0.0000064375 0.0025370977
1413393218.50597 -0.307212 0.330979 0.261473 0.806937 -0.017257 0.590329 0.008140 0.0003666317 -0.0000026161 -0.0001148550 0.0000045604 0.0000007930 0.0000409315 0.0025804557 0.0000511122 -0.0000092484 0.0025921905 0.0000062775 0.0025365521
1413393218.55604 -0.323796 0.342372 0.258290 0.806677 -0.014232 0.590662 0.013691 0.0003667021 0.0000020712 -0.0001144797 0.0000045163 -0.0000006873 0.0000406603 0.0025827341 0.0000538356 -0.0000096083 0.0025950440 0.0000063650 0.0025362059
1413393218.60610 -0.339702 0.353918 0.255592 0.805938 -0.011372 0.591646 0.016990 0.0003670673 0.0000054008 -0.0001135704 0.0000045600 -0.0000017212 0.0000400316 0.0025856129 0.0000568328 -0.0000099369 0.0025983635 0.0000063697 0.0025357308
1413393218.65609 -0.355025 0.365966 0.252721 0.805509 -0.009542 0.592203 0.018963 0.0003672290 0.0000074232 -0.0001130180 0.0000046149 -0.0000023371 0.0000396614 0.0025890288 0.0000599760 -0.0000104944 0.0026021739 0.0000064816 0.0025355245
1413393218.70607 -0.370965 0.378216 0.250638 0.805516 -0.009925 0.592177 0.019271 0.0003671066 0.0000074030 -0.0001130090 0.0000046004 -0.0000023270 0.0000396585 0.0025927449 0.0000632499 -0.0000110147 0.0026060964 0.0000065414 0.0025352733
1413393218.75595 -0.386237 0.390686 0.248224 0.806728 -0.008688 0.590526 0.019841 0.0003660494 0.0000083441 -0.0001142951 0.0000046300 -0.0000026546 0.0000405628 0.0025969068 0.0000669125 -0.0000114897 0.0026104790 0.0000065681 0.0025350376
1413393218.80585 -0.401824 0.403739 0.245841 0.809882 -0.009293 0.586229 0.018463 0.0003635220 0.0000072325 -0.0001177430 0.0000045728 -0.0000023871 0.0000430389 0.0026012530 0.0000706599 -0.0000120632 0.0026148517 0.0000066003 0.0025349462
1413393218.85579 -0.417971 0.415971 0.243317 0.814830 -0.012665 0.579377 0.014616 0.0003594177 0.0000035421 -0.0001231778 0.0000044528 -0.0000012436 0.0000471676 0.0026059260 0.0000746079 -0.0000125999 0.0026192004 0.0000066226 0.0025348331
1413393218.90575 -0.432921 0.429376 0.241273 0.819765 -0.014973 0.572399 0.010988 0.0003550574 0.0000003870 -0.0001284823 0.0000044119 -0.0000001577 0.0000515043 0.0026105665 0.0000785966 -0.0000131005 0.0026241715 0.0000066795 0.0025348875
1413393218.95584 -0.447451 0.442280 0.240069 0.823888 -0.016710 0.566444 0.008437 0.0003511233 -0.0000018089 -0.0001328562 0.0000044151 0.0000006744 0.0000553302 0.0026154758 0.0000822634 -0.0000135221 0.0026283061 0.0000068077 0.0025349188
1413393219.00595 -0.461413 0.455036 0.240800 0.826513 -0.018618 0.562567 0.006912 0.0003485053 -0.0000034530 -0.0001356144 0.0000044358 0.0000013416 0.0000578652 0.0026203664 0.0000859519 -0.0000138415 0.0026326770 0.0000068896 0.0025349099
1413393219.05599 -0.473019 0.467687 0.241957 0.827919 -0.019540 0.560486 0.004900 0.0003470531 -0.0000050435 -0.0001370751 0.0000044697 0.0000019996 0.0000592514 0.0026254568 0.0000898022 -0.0000141367 0.0026371241 0.0000068957 0.0025350197
1413393219.10605 -0.483109 0.479883 0.244571 0.827664 -0.019268 0.560873 0.004704 0.0003472696 -0.0000050604 -0.0001368140 0.0000044602 0.0000020046 0.0000590006 0.0026303260 0.0000933965 -0.0000143251 0.0026406983 0.0000068260 0.0025351021
1413393219.15608 -0.492441 0.490826 0.248341 0.826967 -0.019583 0.561895 0.004021 0.0003478264 -0.0000056243 -0.0001360765 0.0000044571 0.0000022188 0.0000583091 0.0026336769 0.0000960789 -0.0000139432 0.0026429761 0.0000070203 0.0025349030
1413393219.20614 -0.500414 0.500327 0.252950 0.826525 -0.019104 0.562567 0.003197 0.0003481341 -0.0000059199 -0.0001355387 0.0000044430 0.0000023354 0.0000578235 0.0026365968 0.0000989420 -0.0000135557 0.0026451161 0.0000070530 0.0025347413
1413393219.25614 -0.505800 0.511058 0.258091 0.825538 -0.018428 0.564039 0.002780 0.0003490501 -0.0000060021 -0.0001344894 0.0000044295 0.0000023532 0.0000568516 0.0026396221 0.0001019225 -0.0000132227 0.0026474696 0.0000068632 0.0025344812
1413393219.30615 -0.509615 0.521347 0.264019 0.824827 -0.018017 0.565093 0.002327 0.0003497220 -0.0000061463 -0.0001337261 0.0000044208 0.0000023997 0.0000561515 0.0026435484 0.0001048452 -0.0000130844 0.0026488250 0.0000065904 0.0025343770
1413393219.35616 -0.513081 0.531708 0.270577 0.824649 -0.017535 0.565370 0.001701 0.0003498543 -0.0000063519 -0.0001335546 0.0000044155 0.0000024832 0.0000559957 0.0026473487 0.0001075212 -0.0000129187 0.0026495161 0.0000062908 0.0025343124
1413393219.40626 -0.520583 0.542845 0.278709 -0.824087 0.017664 -0.566188 0.000000 0.0003501078 -0.0000074995 -0.0001330940 0.0000044228 0.0000029292 0.0000555940 0.0026490895 0.0001100750 -0.0000123903 0.0026490458 0.0000063012 0.0025341780
1413393219.45636 -0.525710 0.553315 0.286185 0.823261 -0.017251 0.567402 0.000003 0.0003508357 -0.0000073035 -0.0001321253 0.0000043847 0.0000028431 0.0000547369 0.0026521857 0.0001132224 -0.0000115857 0.0026504329 0.0000070110 0.0025333824
1413393219.50641 -0.525532 0.561978 0.290307 0.822549 -0.016829 0.568446 0.000093 0.0003515623 -0.0000071013 -0.0001312757 0.0000043753 0.0000027455 0.0000539885 0.0026567424 0.0001157930 -0.0000116467 0.0026519892 0.0000071515 0.0025335219
1413393219.55667 -0.528465 0.577557 0.289911 0.820860 -0.016677 0.570885 0.000386 0.0003525988 -0.0000070679 -0.0001299870 0.0000043261 0.0000027193 0.0000528623 0.0026596902 0.0001174799 -0.0000117615 0.0026493898 0.0000076067 0.0025331658
1413393219.60664 -0.525694 0.583742 0.290432 0.819698 -0.016192 0.572567 0.000806 0.0003541083 -0.0000064394 -0.0001282194 0.0000043025 0.0000024427 0.0000513505 0.0026668307 0.0001209862 -0.0000119216 0.0026502029 0.0000077325 0.0025334225
1413393219.65667 -0.523250 0.589942 0.290085 0.818011 -0.015809 0.574985 0.000528 0.0003554499 -0.0000065830 -0.0001265692 0.0000043008 0.0000024595 0.0000499712 0.0026693427 0.0001212747 -0.0000118255 0.0026481628 0.0000075900 0.0025331570
1413393219.70661 -0.519432 0.595443 0.293330 0.816056 -0.014974 0.577777 0.001393 0.0003573049 -0.0000056553 -0.0001243045 0.0000042684 0.0000020798 0.0000481221 0.0026720674 0.0001216187 -0.0000118214 0.0026466330 0.0000075328 0.0025331145
1413393219.75661 -0.515877 0.601338 0.300460 0.813974 -0.013902 0.580729 0.002560 0.0003591061 -0.0000045381 -0.0001220346 0.0000042361 0.0000016510 0.0000463227 0.0026744426 0.0001214174 -0.0000117867 0.0026444510 0.0000074927 0.0025330397
1413393219.80662 -0.512504 0.606382 0.309975 0.811843 -0.011842 0.583732 0.005203 0.0003608802 -0.0000020492 -0.0001197452 0.0000041836 0.0000007817 0.0000445598 0.0026770872 0.0001216599 -0.0000115954 0.0026429307 0.0000075628 0.0025325970
1413393219.85662 -0.509412 0.610993 0.324258 0.811200 -0.011296 0.584627 0.006156 0.0003614428 -0.0000012085 -0.0001189652 0.0000041756 0.0000004985 0.0000439737 0.0026793590 0.0001217589 -0.0000114349 0.0026412893 0.0000076243 0.0025324866
1413393219.90662 -0.506530 0.613834 0.340453 0.810256 -0.010109 0.585942 0.007439 0.0003621723 0.0000001053 -0.0001179270 0.0000041712 0.0000000647 0.0000432023 0.0026813622 0.0001222122 -0.0000110667 0.0026396976 0.0000076439 0.0025321945
1413393219.95664 -0.503969 0.614718 0.357665 0.809347 -0.008634 0.587199 0.009013 0.0003628631 0.0000017539 -0.0001168974 0.0000041790 -0.0000004685 0.0000424478 0.0026822964 0.0001221015 -0.0000104890 0.0026374224 0.0000076404 0.0025316925
1413393220.00661 -0.500072 0.615404 0.369763 0.808503 -0.008085 0.588358 0.009650 0.0003633804 0.0000023170 -0.0001160592 0.0000041792 -0.0000006402 0.0000418425 0.0026822651 0.0001218152 -0.0000097560 0.0026345728 0.0000074883 0.0025306846
1413393220.05657 -0.497511 0.618481 0.382625 0.807586 -0.007591 0.589606 0.010579 0.0003641227 0.0000030760 -0.0001149652 0.0000041916 -0.0000008727 0.0000410624 0.0026822162 0.0001214810 -0.0000092872 0.0026331593 0.0000073814 0.0025304254
1413393220.10651 -0.495902 0.621733 0.394024 0.807182 -0.007514 0.590152 0.011058 0.0003644153 0.0000034156 -0.0001145139 0.0000041994 -0.0000009750 0.0000407452 0.0026837231 0.0001218900 -0.0000091018 0.0026324711 0.0000074330 0.0025305420
1413393220.15650 -0.494421 0.625115 0.405212 0.806859 -0.007151 0.590585 0.011707 0.0003646465 0.0000039689 -0.0001141437 0.0000042123 -0.0000011450 0.0000404865 0.0026853454 0.0001223834 -0.0000089892 0.0026318626 0.0000074944 0.0025307575
1413393220.20648 -0.493390 0.628969 0.417201 0.806398 -0.006326 0.591205 0.012615 0.0003649729 0.0000049048 -0.0001136209 0.0000042368 -0.0000014318 0.0000401230 0.0026871735 0.0001228661 -0.0000089672 0.0026313737 0.0000076275 0.0025310875
1413393220.25647 -0.492154 0.633272 0.429522 0.806048 -0.006678 0.591675 0.012749 0.0003652307 0.0000048274 -0.0001132268 0.0000042359 -0.0000014002 0.0000398481 0.0026892302 0.0001235370 -0.0000089528 0.0026310107 0.0000077470 0.0025314294
1413393220.30647 -0.491412 0.637772 0.442342 0.805733 -0.005863 0.592085 0.013989 0.0003654374 0.0000059642 -0.0001128614 0.0000042708 -0.0000017485 0.0000395979 0.0026916757 0.0001242994 -0.0000089738 0.0026307169 0.0000078942 0.0025318174
1413393220.35649 -0.491172 0.643106 0.455767 0.805497 -0.005864 0.592413 0.013665 0.0003656311 0.0000057554 -0.0001125740 0.0000042647 -0.0000016761 0.0000393977 0.0026942471 0.0001252244 -0.0000089974 0.0026306316 0.0000080281 0.0025321871
1413393220.40649 -0.491491 0.648451 0.469043 0.805536 -0.006187 0.592352 0.013876 0.0003655828 0.0000057614 -0.0001126333 0.0000042654 -0.0000016777 0.0000394380 0.0026972329 0.0001263928 -0.0000090200 0.0026307711 0.0000081844 0.0025325756
1413393220.45650 -0.492366 0.654297 0.482589 0.806111 -0.006053 0.591568 0.014011 0.0003651391 0.0000059358 -0.0001132543 0.0000042717 -0.0000017429 0.0000398682 0.0027003787 0.0001277891 -0.0000090329 0.0026311969 0.0000083421 0.0025329603
1413393220.50653 -0.492628 0.661029 0.495781 0.807563 -0.006367 0.589591 0.013551 0.0003640568 0.0000055108 -0.0001147948 0.0000042584 -0.0000016376 0.0000409488 0.0027036585 0.0001293213 -0.0000090517 0.0026317353 0.0000084723 0.0025332919
1413393220.55655 -0.494156 0.667233 0.507118 0.808848 -0.007216 0.587825 0.013215 0.0003629999 0.0000049649 -0.0001162844 0.0000042437 -0.0000014878 0.0000420148 0.0027073805 0.0001308509 -0.0000090546 0.0026321136 0.0000086543 0.0025336397
1413393220.60654 -0.495815 0.673620 0.516069 0.809524 -0.007544 0.586891 0.013164 0.0003624599 0.0000048017 -0.0001170254 0.0000042403 -0.0000014465 0.0000425528 0.0027109160 0.0001325808 -0.0000090508 0.0026328731 0.0000088021 0.0025339383
1413393220.65654 -0.496858 0.680025 0.521793 0.809109 -0.007238 0.587470 0.012985 0.0003627899 0.0000048234 -0.0001165651 0.0000042414 -0.0000014450 0.0000422155 0.0027144402 0.0001342323 -0.0000090148 0.0026333694 0.0000088319 0.0025340780
1413393220.70656 -0.498225 0.686250 0.524519 0.808759 -0.008311 0.587951 0.012388 0.0003630625 0.0000039835 -0.0001162139 0.0000042210 -0.0000011665 0.0000419579 0.0027179819 0.0001359291 -0.0000088876 0.0026337234 0.0000087277 0.0025339858
1413393220.75654 -0.499945 0.693230 0.524478 0.809063 -0.010216 0.587553 0.009763 0.0003628208 0.0000015250 -0.0001165972 0.0000041843 -0.0000003719 0.0000422315 0.0027213609 0.0001377137 -0.0000086080 0.0026339033 0.0000083773 0.0025335436
1413393220.80654 -0.502294 0.700167 0.523480 0.810640 -0.012426 0.585385 0.005714 0.0003615215 -0.0000018859 -0.0001183502 0.0000041896 0.0000007487 0.0000435221 0.0027251040 0.0001398190 -0.0000083133 0.0026344251 0.0000080253 0.0025330224
1413393220.85652 -0.504463 0.707033 0.523613 0.811681 -0.015937 0.583879 0.002279 0.0003605361 -0.0000055083 -0.0001195416 0.0000042660 0.0000019712 0.0000444264 0.0027285777 0.0001419102 -0.0000079905 0.0026350761 0.0000076267 0.0025323796
1413393220.90651 -0.507357 0.713505 0.527539 -0.812421 0.017313 -0.582814 0.000196 0.0003598228 -0.0000075812 -0.0001203589 0.0000043439 0.0000026887 0.0000450587 0.0027321427 0.0001439473 -0.0000077730 0.0026358853 0.0000073921 0.0025320331
1413393220.95654 -0.509889 0.718838 0.534357 -0.813143 0.018005 -0.581784 0.001368 0.0003591534 -0.0000085615 -0.0001211534 0.0000043893 0.0000030442 0.0000456758 0.0027354223 0.0001458619 -0.0000076024 0.0026368193 0.0000072210 0.0025317434
1413393221.00658 -0.512222 0.723349 0.544440 0.812856 -0.018913 0.582157 0.000050 0.0003593813 -0.0000081339 -0.0001208801 0.0000043688 0.0000028892 0.0000454646 0.0027379206 0.0001474666 -0.0000075874 0.0026380621 0.0000072480 0.0025317921
1413393221.05660 -0.513675 0.726732 0.556455 0.813279 -0.018830 0.581568 0.000923 0.0003590466 -0.0000075397 -0.0001213436 0.0000043429 0.0000026986 0.0000458210 0.0027403753 0.0001487397 -0.0000076157 0.0026389553 0.0000073348 0.0025319824
1413393221.10663 -0.514277 0.728612 0.568738 0.814062 -0.018775 0.580472 0.001447 0.0003583987 -0.0000071784 -0.0001221867 0.0000043284 0.0000025960 0.0000464779 0.0027420151 0.0001495830 -0.0000076325 0.0026395743 0.0000074335 0.0025322177
1413393221.15668 -0.514684 0.729474 0.581557 0.814358 -0.019319 0.580035 0.002832 0.0003581482 -0.0000065557 -0.0001225319 0.0000043043 0.0000023882 0.0000467482 0.0027427088 0.0001499091 -0.0000076546 0.0026399114 0.0000075323 0.0025325048
1413393221.20667 -0.514306 0.729326 0.594515 0.815394 -0.018724 0.578587 0.004509 0.0003573237 -0.0000052260 -0.0001236256 0.0000042607 0.0000019474 0.0000476114 0.0027430569 0.0001500425 -0.0000076432 0.0026400059 0.0000076110 0.0025328062
1413393221.25668 -0.513524 0.728318 0.607758 0.816244 -0.018633 0.577385 0.004981 0.0003566048 -0.0000048697 -0.0001245239 0.0000042515 0.0000018379 0.0000483337 0.0027425885 0.0001497256 -0.0000075933 0.0026396688 0.0000076489 0.0025330960
1413393221.30661 -0.512229 0.726218 0.620900 0.817537 -0.017948 0.575544 0.007725 0.0003555411 -0.0000028597 -0.0001258788 0.0000042078 0.0000011406 0.0000494346 0.0027414524 0.0001490919 -0.0000075259 0.0026391074 0.0000076867 0.0025334065
1413393221.35665 -0.510803 0.724278 0.634759 0.818673 -0.017755 0.573924 0.008343 0.0003545500 -0.0000023685 -0.0001270711 0.0000042014 0.0000009745 0.0000504244 0.0027398742 0.0001481208 -0.0000074305 0.0026380879 0.0000076772 0.0025337124
1413393221.40666 -0.509215 0.722426 0.649327 0.819638 -0.016642 0.572557 0.009733 0.0003537093 -0.0000010343 -0.0001280737 0.0000041894 0.0000004940 0.0000512683 0.0027384550 0.0001471865 -0.0000073273 0.0026370799 0.0000076779 0.0025340515
1413393221.45665 -0.507918 0.720379 0.664460 0.819980 -0.015450 0.572052 0.012241 0.0003533990 0.0000010153 -0.0001284177 0.0000041892 -0.0000002592 0.0000515636 0.0027369591 0.0001461520 -0.0000072344 0.0026359707 0.0000076957 0.0025344285
1413393221.50665 -0.505466 0.718607 0.677497 0.820495 -0.014376 0.571312 0.013526 0.0003529445 0.0000022619 -0.0001289207 0.0000042018 -0.0000007222 0.0000519972 0.0027357108 0.0001452638 -0.0000071902 0.0026351249 0.0000077568 0.0025348634
1413393221.55664 -0.504050 0.715760 0.687745 0.820980 -0.012241 0.570594 0.016245 0.0003524426 0.0000048330 -0.0001294090 0.0000042531 -0.0000016824 0.0000524280 0.0027343308 0.0001439986 -0.0000071370 0.0026336847 0.0000078550 0.0025352830
1413393221.60663 -0.499758 0.714020 0.695993 0.820911 -0.010857 0.570660 0.018272 0.0003524815 0.0000066577 -0.0001292706 0.0000043134 -0.0000023578 0.0000523203 0.0027327168 0.0001427833 -0.0000071626 0.0026326581 0.0000079552 0.0025357164
1413393221.65656 -0.494805 0.712373 0.703491 0.820381 -0.009518 0.571414 0.019232 0.0003529035 0.0000078004 -0.0001287025 0.0000043609 -0.0000027657 0.0000518420 0.0027319680 0.0001410481 -0.0000071984 0.0026305057 0.0000080238 0.0025360817
1413393221.70653 -0.489188 0.710762 0.710977 0.818150 -0.008708 0.574599 0.019778 0.0003548473 0.0000084533 -0.0001263366 0.0000043902 -0.0000029327 0.0000498563 0.0027310937 0.0001391758 -0.0000071950 0.0026281754 0.0000079944 0.0025362758
1413393221.75651 -0.482884 0.709325 0.717914 0.815530 -0.008756 0.578332 0.019147 0.0003571450 0.0000079989 -0.0001235285 0.0000043689 -0.0000026864 0.0000475707 0.0027303479 0.0001372505 -0.0000071606 0.0026257158 0.0000078587 0.0025362954
1413393221.80646 -0.476653 0.708507 0.725259 0.813261 -0.007663 0.581558 0.018372 0.0003590665 0.0000079858 -0.0001210696 0.0000043690 -0.0000026109 0.0000456402 0.0027298592 0.0001352758 -0.0000070888 0.0026230339 0.0000076700 0.0025362316
1413393221.85649 -0.470617 0.708029 0.733171 0.811808 -0.006745 0.583587 0.018691 0.0003602386 0.0000085592 -0.0001194836 0.0000043960 -0.0000027589 0.0000444317 0.0027294060 0.0001333892 -0.0000069982 0.0026204764 0.0000074843 0.0025361595
1413393221.90651 -0.464492 0.708281 0.741369 0.811047 -0.006818 0.584674 0.017686 0.0003608830 0.0000079043 -0.0001186588 0.0000043663 -0.0000025160 0.0000438083 0.0027292677 0.0001316666 -0.0000069075 0.0026180812 0.0000073431 0.0025361437
1413393221.95654 -0.458429 0.708675 0.748864 0.809970 -0.006503 0.586221 0.015851 0.0003617847 0.0000069228 -0.0001174931 0.0000043263 -0.0000021610 0.0000429379 0.0027295773 0.0001300808 -0.0000068059 0.0026157164 0.0000072240 0.0025361290
1413393222.00655 -0.452542 0.709182 0.753656 0.809871 -0.006434 0.586370 0.015415 0.0003618610 0.0000066816 -0.0001173909 0.0000043177 -0.0000020799 0.0000428627 0.0027297758 0.0001285352 -0.0000067282 0.0026135262 0.0000071697 0.0025361749
1413393222.05657 -0.446608 0.710019 0.755697 0.809411 -0.006357 0.587027 0.014605 0.0003622439 0.0000062160 -0.0001168814 0.0000043015 -0.0000019167 0.0000424880 0.0027300974 0.0001270206 -0.0000066314 0.0026112894 0.0000071026 0.0025361298
1413393222.10660 -0.440750 0.710942 0.754827 0.808923 -0.005898 0.587742 0.012975 0.0003626543 0.0000054399 -0.0001163462 0.0000042774 -0.0000016536 0.0000420955 0.0027307643 0.0001255851 -0.0000065296 0.0026090063 0.0000070077 0.0025359984
1413393222.15666 -0.434756 0.711360 0.750088 0.808812 -0.005255 0.587904 0.012824 0.0003627135 0.0000056527 -0.0001162415 0.0000042842 -0.0000017215 0.0000420204 0.0027311276 0.0001240000 -0.0000063593 0.0026065418 0.0000068753 0.0025356286
1413393222.20671 -0.429109 0.711514 0.742390 0.808878 -0.004768 0.587825 0.012513 0.0003626648 0.0000056878 -0.0001162975 0.0000042863 -0.0000017348 0.0000420615 0.0027312757 0.0001225120 -0.0000062434 0.0026043152 0.0000067397 0.0025352304
1413393222.25674 -0.423858 0.711478 0.730572 0.809646 -0.004480 0.586791 0.011425 0.0003620532 0.0000051669 -0.0001171510 0.0000042716 -0.0000015815 0.0000426823 0.0027312622 0.0001211220 -0.0000061165 0.0026021985 0.0000065659 0.0025347001
1413393222.30680 -0.418933 0.711379 0.716372 0.811307 -0.003958 0.584491 0.011606 0.0003606915 0.0000055105 -0.0001189600 0.0000042821 -0.0000017297 0.0000440266 0.0027309508 0.0001197883 -0.0000059781 0.0026001728 0.0000063886 0.0025339932
1413393222.35684 -0.414528 0.711856 0.702780 0.814174 -0.003916 0.580494 0.011484 0.0003583270 0.0000054784 -0.0001220358 0.0000042808 -0.0000017799 0.0000463845 0.0027307068 0.0001185007 -0.0000058534 0.0025981863 0.0000062598 0.0025332978
1413393222.40682 -0.410272 0.712514 0.690074 0.817066 -0.003605 0.576437 0.010513 0.0003558592 0.0000050573 -0.0001251349 0.0000042678 -0.0000016925 0.0000488569 0.0027308331 0.0001174175 -0.0000057214 0.0025963577 0.0000061714 0.0025326488
1413393222.45683 -0.405583 0.713329 0.679134 0.819300 -0.002572 0.573239 0.011728 0.0003538644 0.0000062574 -0.0001274817 0.0000043058 -0.0000021758 0.0000508048 0.0027308559 0.0001162909 -0.0000055649 0.0025945608 0.0000061145 0.0025320338
1413393222.50673 -0.400306 0.714665 0.669323 0.821072 -0.002982 0.570722 0.010396 0.0003523022 0.0000052723 -0.0001293520 0.0000042732 -0.0000018544 0.0000523917 0.0027311966 0.0001150551 -0.0000054228 0.0025926381 0.0000060668 0.0025315443
1413393222.55663 -0.394234 0.716301 0.661792 0.821819 -0.003800 0.569685 0.007638 0.0003516821 0.0000032506 -0.0001301261 0.0000042236 -0.0000011124 0.0000530533 0.0027318500 0.0001137210 -0.0000052789 0.0025905967 0.0000060095 0.0025310913
1413393222.60657 -0.387229 0.718393 0.656862 0.822599 -0.003883 0.568566 0.006988 0.0003509890 0.0000027939 -0.0001309213 0.0000042154 -0.0000009497 0.0000537471 0.0027324430 0.0001120917 -0.0000051318 0.0025883530 0.0000059678 0.0025307291
1413393222.65650 -0.378902 0.720922 0.654687 0.823635 -0.003912 0.567075 0.006055 0.0003500449 0.0000022084 -0.0001319901 0.0000042064 -0.0000007372 0.0000546919 0.0027334382 0.0001101497 -0.0000049722 0.0025857438 0.0000059326 0.0025304326
1413393222.70649 -0.369207 0.723570 0.655610 0.823581 -0.002345 0.567153 0.006823 0.0003500854 0.0000033243 -0.0001319170 0.0000042234 -0.0000011616 0.0000546260 0.0027346468 0.0001077761 -0.0000048121 0.0025827367 0.0000058820 0.0025301821
1413393222.75647 -0.358483 0.726390 0.658476 0.824626 -0.002908 0.565646 0.005311 0.0003491147 0.0000021698 -0.0001330148 0.0000042037 -0.0000007295 0.0000556071 0.0027359645 0.0001051554 -0.0000046098 0.0025794994 0.0000057975 0.0025299247
1413393222.80646 -0.346673 0.729441 0.663507 0.825874 -0.002690 0.563829 0.004701 0.0003479305 0.0000018866 -0.0001343101 0.0000041990 -0.0000006293 0.0000567882 0.0027374092 0.0001022207 -0.0000043916 0.0025760352 0.0000056779 0.0025296776
1413393222.85646 -0.333793 0.732765 0.670780 0.827272 -0.002424 0.561782 0.003950 0.0003465839 0.0000015426 -0.0001357559 0.0000041936 -0.0000005036 0.0000581323 0.0027390418 0.0000990281 -0.0000041335 0.0025723807 0.0000055077 0.0025294093
1413393222.90645 -0.319346 0.736131 0.679939 0.827971 -0.002231 0.560761 0.002420 0.0003459140 0.0000006797 -0.0001364676 0.0000041858 -0.0000001628 0.0000588019 0.0027408965 0.0000954244 -0.0000038650 0.0025684774 0.0000053210 0.0025291685
1413393222.95645 -0.303138 0.738910 0.690207 0.829202 -0.001240 0.558945 0.001750 0.0003447182 0.0000006626 -0.0001377120 0.0000041831 -0.0000001591 0.0000599931 0.0027427100 0.0000913252 -0.0000035790 0.0025643524 0.0000051040 0.0025289206
1413393223.00644 -0.285565 0.741884 0.702257 0.828456 0.000427 0.560050 0.002211 0.0003454534 0.0000016323 -0.0001369369 0.0000041867 -0.0000005460 0.0000592463 0.0027442082 0.0000866035 -0.0000033216 0.0025600752 0.0000049264 0.0025287521
1413393223.05644 -0.266649 0.744605 0.714568 0.827033 0.001356 0.562150 0.001443 0.0003468484 0.0000015429 -0.0001354627 0.0000041840 -0.0000005003 0.0000578478 0.0027458943 0.0000815078 -0.0000030949 0.0025558442 0.0000048029 0.0025286904
1413393223.10641 -0.246641 0.747386 0.727100 0.825681 0.001907 0.564134 0.000524 0.0003481320 0.0000012215 -0.0001340808 0.0000041799 -0.0000003656 0.0000565628 0.0027473152 0.0000758959 -0.0000029033 0.0025516736 0.0000047380 0.0025287173
1413393223.15641 -0.225524 0.749803 0.739549 0.824756 0.003490 0.565475 0.001692 0.0003489681 0.0000025928 -0.0001331440 0.0000041932 -0.0000008903 0.0000557086 0.0027487988 0.0000699078 -0.0000027088 0.0025476297 0.0000046894 0.0025287804
1413393223.20639 -0.203105 0.752277 0.751854 0.823569 0.005799 0.567177 0.003166 0.0003500401 0.0000044602 -0.0001319016 0.0000042291 -0.0000015900 0.0000545952 0.0027503014 0.0000635825 -0.0000025182 0.0025437940 0.0000046609 0.0025288793
1413393223.25639 -0.179741 0.754835 0.763350 0.822913 0.007161 0.568105 0.004446 0.0003505891 0.0000058071 -0.0001312285 0.0000042664 -0.0000020894 0.0000540026 0.0027517916 0.0000568371 -0.0000023288 0.0025401564 0.0000046520 0.0025290068
1413393223.30636 -0.155418 0.757526 0.773572 0.821874 0.007583 0.569603 0.004317 0.0003515455 0.0000059172 -0.0001301318 0.0000042674 -0.0000021066 0.0000530395 0.0027535650 0.0000498415 -0.0000021497 0.0025368916 0.0000046696 0.0025291651
1413393223.35634 -0.130119 0.760546 0.780655 0.821217 0.008546 0.570529 0.005055 0.0003521148 0.0000067711 -0.0001294302 0.0000042947 -0.0000024096 0.0000524342 0.0027553302 0.0000424715 -0.0000019826 0.0025339457 0.0000047079 0.0025293178
1413393223.40633 -0.104468 0.763770 0.783293 0.820086 0.008947 0.572146 0.005351 0.0003530931 0.0000071484 -0.0001282659 0.0000043065 -0.0000025195 0.0000514383 0.0027572266 0.0000347987 -0.0000018343 0.0025314417 0.0000047609 0.0025294386
1413393223.45632 -0.078533 0.767235 0.780989 0.818682 0.009793 0.574127 0.006491 0.0003542861 0.0000082290 -0.0001267820 0.0000043500 -0.0000028729 0.0000501951 0.0027592180 0.0000269931 -0.0000017076 0.0025294136 0.0000048014 0.0025294538
1413393223.50631 -0.052102 0.771051 0.773375 0.816825 0.010005 0.576755 0.007154 0.0003558770 0.0000087573 -0.0001248116 0.0000043713 -0.0000030023 0.0000485756 0.0027614361 0.0000191060 -0.0000015951 0.0025278394 0.0000047564 0.0025292618
1413393223.55630 -0.025603 0.775314 0.761044 0.814892 0.009531 0.579489 0.007227 0.0003575351 0.0000086364 -0.0001227487 0.0000043613 -0.0000028960 0.0000469202 0.0027638725 0.0000109711 -0.0000015079 0.0025267355 0.0000046318 0.0025288390
1413393223.60629 0.001189 0.780104 0.745711 0.813034 0.009102 0.582087 0.008252 0.0003590806 0.0000090756 -0.0001207318 0.0000043791 -0.0000029846 0.0000453472 0.0027663721 0.0000027708 -0.0000014293 0.0025261066 0.0000044046 0.0025281542
1413393223.65628 0.027392 0.785575 0.728620 0.811656 0.008491 0.583994 0.009698 0.0003602036 0.0000097204 -0.0001192045 0.0000044094 -0.0000031535 0.0000441849 0.0027692363 -0.0000053932 -0.0000013552 0.0025259871 0.0000041219 0.0025273016
1413393223.70630 0.053800 0.791733 0.710215 0.811057 0.007092 0.584825 0.010806 0.0003606644 0.0000097896 -0.0001185822 0.0000044109 -0.0000031572 0.0000437151 0.0027727125 -0.0000136237 -0.0000013018 0.0025264961 0.0000038811 0.0025265873
1413393223.75631 0.080453 0.798566 0.694260 0.810596 0.005817 0.585449 0.012267 0.0003610259 0.0000101139 -0.0001180664 0.0000044270 -0.0000032491 0.0000433294 0.0027767391 -0.0000220438 -0.0000012408 0.0025276023 0.0000036910 0.0025259406
1413393223.80633 0.106444 0.805714 0.681903 0.809969 0.004000 0.586313 0.013086 0.0003615535 0.0000097823 -0.0001173764 0.0000044062 -0.0000031172 0.0000428121 0.0027813151 -0.0000306472 -0.0000011715 0.0025293030 0.0000035335 0.0025253426
1413393223.85635 0.132870 0.813665 0.673896 0.810801 0.002578 0.585139 0.014359 0.0003608832 0.0000099313 -0.0001182621 0.0000044120 -0.0000031989 0.0000434640 0.0027862384 -0.0000393423 -0.0000010893 0.0025315991 0.0000034575 0.0025248053
1413393223.90638 0.158164 0.821114 0.667569 0.810719 0.001658 0.585181 0.017190 0.0003608396 0.0000112810 -0.0001181947 0.0000044916 -0.0000036465 0.0000434201 0.0027916579 -0.0000482109 -0.0000009528 0.0025345833 0.0000034743 0.0025246236
1413393223.95641 0.183535 0.829284 0.665498 0.810986 0.000426 0.584771 0.018558 0.0003606033 0.0000115677 -0.0001184771 0.0000045095 -0.0000037549 0.0000436282 0.0027970218 -0.0000570814 -0.0000008037 0.0025380740 0.0000034844 0.0025244817
1413393224.00642 0.208511 0.838094 0.665645 0.810352 -0.000931 0.585620 0.019451 0.0003611044 0.0000115120 -0.0001178054 0.0000045050 -0.0000037105 0.0000431248 0.0028028697 -0.0000661063 -0.0000006595 0.0025421196 0.0000035024 0.0025244302
1413393224.05644 0.233157 0.846699 0.666311 0.810900 -0.003049 0.584847 0.019642 0.0003607115 0.0000107281 -0.0001184030 0.0000044562 -0.0000034749 0.0000435612 0.0028091778 -0.0000752060 -0.0000005235 0.0025466292 0.0000035117 0.0025244097
1413393224.10646 0.257382 0.856481 0.665714 0.810127 -0.004364 0.585898 0.019987 0.0003613322 0.0000103381 -0.0001175993 0.0000044314 -0.0000033173 0.0000429589 0.0028154070 -0.0000842616 -0.0000003919 0.0025514895 0.0000035007 0.0025243891
1413393224.15646 0.280841 0.866268 0.662281 0.809777 -0.005306 0.586342 0.020883 0.0003615932 0.0000104894 -0.0001172291 0.0000044391 -0.0000033548 0.0000426861 0.0028224364 -0.0000932453 -0.0000002647 0.0025566588 0.0000035140 0.0025244467
1413393224.20644 0.303611 0.876506 0.656694 0.809365 -0.006229 0.586880 0.021491 0.0003618938 0.0000104424 -0.0001168206 0.0000044345 -0.0000033255 0.0000423849 0.0028296475 -0.0001022777 -0.0000001408 0.0025621351 0.0000035347 0.0025245151
1413393224.25644 0.326334 0.887176 0.648892 0.808590 -0.006117 0.587887 0.023103 0.0003624492 0.0000114738 -0.0001159580 0.0000044946 -0.0000036293 0.0000417631 0.0028371292 -0.0001114243 -0.0000000226 0.0025679436 0.0000035555 0.0025245751
1413393224.30645 0.348652 0.898517 0.638732 0.807465 -0.006691 0.589417 0.023324 0.0003633437 0.0000113479 -0.0001147223 0.0000044830 -0.0000035409 0.0000408742 0.0028452158 -0.0001206533 0.0000000865 0.0025740054 0.0000035645 0.0025246136
1413393224.35646 0.370909 0.910047 0.625325 0.807047 -0.006900 0.589959 0.023988 0.0003636398 0.0000116548 -0.0001142719 0.0000044993 -0.0000036216 0.0000405552 0.0028536160 -0.0001301914 0.0000001780 0.0025804700 0.0000035696 0.0025246230
1413393224.40646 0.392941 0.921608 0.609609 0.806976 -0.009232 0.589993 0.024769 0.0003637039 0.0000110918 -0.0001142350 0.0000044588 -0.0000034415 0.0000405236 0.0028620867 -0.0001399037 0.0000002606 0.0025873283 0.0000035708 0.0025246039
1413393224.45646 0.415280 0.933364 0.591682 0.806014 -0.012788 0.591222 0.025186 0.0003644969 0.0000097752 -0.0001132235 0.0000043747 -0.0000029904 0.0000398023 0.0028708588 -0.0001498797 0.0000002923 0.0025944604 0.0000035492 0.0025244563
1413393224.50645 0.436980 0.944966 0.570937 0.805475 -0.017703 0.591789 0.026121 0.0003649182 0.0000081303 -0.0001127442 0.0000042840 -0.0000024619 0.0000394573 0.0028797607 -0.0001599857 0.0000003423 0.0026020207 0.0000035184 0.0025243064
1413393224.55645 0.457834 0.956381 0.547555 0.805294 -0.024889 0.591782 0.025995 0.0003650260 0.0000048329 -0.0001127716 0.0000041535 -0.0000014348 0.0000394579 0.0028885296 -0.0001699766 0.0000003701 0.0026096654 0.0000034783 0.0025240556
1413393224.60644 0.478740 0.968273 0.525223 0.804216 -0.032412 0.592834 0.027094 0.0003656902 0.0000021293 -0.0001118822 0.0000040850 -0.0000005889 0.0000388281 0.0028972060 -0.0001798629 0.0000003264 0.0026172843 0.0000033809 0.0025236484
1413393224.65643 0.498188 0.979498 0.501752 0.803402 -0.041117 0.593331 0.028500 0.0003660279 -0.0000010520 -0.0001113940 0.0000040575 0.0000003896 0.0000384850 0.0029062121 -0.0001899527 0.0000003871 0.0026254228 0.0000033524 0.0025233836
1413393224.70643 0.515272 0.990892 0.479490 0.804341 -0.049637 0.591316 0.030293 0.0003649203 -0.0000037128 -0.0001129399 0.0000040680 0.0000012246 0.0000395374 0.0029148720 -0.0001989102 0.0000004310 0.0026325644 0.0000033491 0.0025230865
1413393224.75642 0.531662 1.001278 0.457649 0.805068 -0.058457 0.589420 0.032128 0.0003638253 -0.0000063787 -0.0001143740 0.0000041218 0.0000020862 0.0000405360 0.0029234939 -0.0002073657 0.0000005060 0.0026394210 0.0000033715 0.0025228777
1413393224.80641 0.546606 1.011074 0.437453 0.805783 -0.066667 0.587336 0.036133 0.0003627039 -0.0000074283 -0.0001158710 0.0000041363 0.0000024535 0.0000415906 0.0029314575 -0.0002153134 0.0000005694 0.0026460164 0.0000034038 0.0025226814
1413393224.85641 0.560454 1.020412 0.419370 0.806484 -0.074990 0.585169 0.039206 0.0003615158 -0.0000090497 -0.0001173816 0.0000041789 0.0000030211 0.0000426753 0.0029389656 -0.0002225699 0.0000006418 0.0026521113 0.0000034406 0.0025225117
1413393224.90640 0.574023 1.029083 0.404863 0.806204 -0.080814 0.584558 0.042386 0.0003612139 -0.0000096535 -0.0001177417 0.0000041736 0.0000032264 0.0000429115 0.0029463174 -0.0002299919 0.0000006950 0.0026585173 0.0000034587 0.0025223677
1413393224.95636 0.586793 1.038068 0.392686 0.806881 -0.086571 0.582554 0.045597 0.0003602138 -0.0000100668 -0.0001190477 0.0000041517 0.0000034040 0.0000438487 0.0029531138 -0.0002368026 0.0000007422 0.0026644188 0.0000034725 0.0025222362
1413393225.00633 0.599639 1.046492 0.384815 0.807404 -0.089697 0.581063 0.049178 0.0003595203 -0.0000090898 -0.0001200443 0.0000040492 0.0000031032 0.0000445479 0.0029603810 -0.0002439343 0.0000007772 0.0026705125 0.0000034824 0.0025221369
1413393225.05637 0.614133 1.055492 0.380924 0.808346 -0.091446 0.579178 0.052600 0.0003587558 -0.0000074962 -0.0001211555 0.0000039125 0.0000025960 0.0000453236 0.0029671270 -0.0002514129 0.0000007897 0.0026770020 0.0000035031 0.0025220236
1413393225.10637 0.629573 1.064409 0.379148 0.808586 -0.093560 0.578213 0.055727 0.0003583500 -0.0000065903 -0.0001217393 0.0000038148 0.0000022967 0.0000457013 0.0029741913 -0.0002599858 0.0000008128 0.0026847266 0.0000035158 0.0025219569
1413393225.15640 0.645186 1.073196 0.377700 0.808446 -0.094722 0.577981 0.058142 0.0003583254 -0.0000056153 -0.0001218300 0.0000037167 0.0000019602 0.0000456835 0.0029817583 -0.0002686800 0.0000008132 0.0026924155 0.0000035250 0.0025218790
1413393225.20635 0.663478 1.079739 0.377242 0.808469 -0.097102 0.577633 0.057351 0.0003578100 -0.0000065292 -0.0001224624 0.0000036683 0.0000022736 0.0000460399 0.0029891402 -0.0002776400 0.0000007688 0.0027005602 0.0000036051 0.0025217525
1413393225.25630 0.680111 1.088314 0.375074 0.809056 -0.098033 0.576473 0.059135 0.0003575085 -0.0000063527 -0.0001228667 0.0000035935 0.0000022234 0.0000462656 0.0029941074 -0.0002872672 0.0000007608 0.0027104853 0.0000036167 0.0025216731
1413393225.30631 0.696887 1.095090 0.372927 0.809486 -0.100048 0.575438 0.059956 0.0003567940 -0.0000066205 -0.0001237668 0.0000035263 0.0000023344 0.0000468791 0.0030013611 -0.0002969601 0.0000007686 0.0027197060 0.0000036719 0.0025216348
1413393225.35634 0.712836 1.100017 0.371767 0.809060 -0.102970 0.575270 0.062315 0.0003568618 -0.0000065931 -0.0001236942 0.0000034677 0.0000023248 0.0000467479 0.0030066714 -0.0003060739 0.0000008223 0.0027294819 0.0000037214 0.0025216401
1413393225.40636 0.729433 1.105468 0.369955 0.808836 -0.109300 0.574300 0.063386 0.0003562988 -0.0000087461 -0.0001242794 0.0000034816 0.0000031041 0.0000471263 0.0030105092 -0.0003143254 0.0000008905 0.0027386978 0.0000038396 0.0025215779
1413393225.45636 0.746451 1.109105 0.368885 0.808424 -0.115942 0.573320 0.065671 0.0003556333 -0.0000102740 -0.0001250001 0.0000034846 0.0000036702 0.0000476298 0.0030147640 -0.0003234442 0.0000010005 0.0027492593 0.0000039471 0.0025215680
1413393225.50637 0.763182 1.112006 0.367737 0.806724 -0.125104 0.573453 0.068533 0.0003556706 -0.0000127967 -0.0001247393 0.0000035402 0.0000045517 0.0000473248 0.0030172526 -0.0003316954 0.0000011578 0.0027596020 0.0000040910 0.0025214899
1413393225.55635 0.779790 1.113691 0.366939 0.805820 -0.135275 0.571900 0.072700 0.0003549001 -0.0000144615 -0.0001255232 0.0000035607 0.0000051754 0.0000478570 0.0030190243 -0.0003394500 0.0000013380 0.0027698860 0.0000042437 0.0025214035
1413393225.60635 0.795020 1.113140 0.367669 0.804040 -0.146413 0.571039 0.077444 0.0003545763 -0.0000162460 -0.0001257159 0.0000036141 0.0000058231 0.0000479347 0.0030195469 -0.0003468005 0.0000015531 0.0027805114 0.0000043810 0.0025213282
1413393225.65635 0.809991 1.110692 0.370050 0.801385 -0.158096 0.570781 0.083645 0.0003548976 -0.0000175079 -0.0001251678 0.0000036486 0.0000062430 0.0000474260 0.0030180019 -0.0003526714 0.0000017922 0.0027903945 0.0000044866 0.0025212422
1413393225.70633 0.823481 1.107084 0.371991 0.798815 -0.169503 0.569770 0.092338 0.0003549871 -0.0000175884 -0.0001250771 0.0000034999 0.0000062351 0.0000471734 0.0030149373 -0.0003575761 0.0000020724 0.0027998586 0.0000046228 0.0025209749
1413393225.75633 0.836701 1.101348 0.377396 0.795965 -0.179701 0.568825 0.102883 0.0003557654 -0.0000151842 -0.0001244504 0.0000031832 0.0000053357 0.0000465356 0.0030111491 -0.0003615859 0.0000022882 0.0028088173 0.0000047176 0.0025208365
1413393225.80634 0.849791 1.094126 0.383582 0.792541 -0.190093 0.568009 0.114497 0.0003568293 -0.0000128011 -0.0001234086 0.0000029103 0.0000044386 0.0000455847 0.0030054087 -0.0003645004 0.0000024916 0.0028175744 0.0000048097 0.0025207211
1413393225.85634 0.861992 1.085802 0.388307 0.789005 -0.199653 0.566660 0.128475 0.0003579054 -0.0000087037 -0.0001224179 0.0000025849 0.0000029756 0.0000446933 0.0029990252 -0.0003667996 0.0000026855 0.0028260757 0.0000048954 0.0025206220
1413393225.90628 0.874215 1.077209 0.392026 0.784904 -0.209198 0.565840 0.141374 0.0003592655 -0.0000049198 -0.0001208944 0.0000023107 0.0000016412 0.0000433720 0.0029918239 -0.0003685735 0.0000028129 0.0028345501 0.0000050094 0.0025203738
1413393225.95626 0.886628 1.068292 0.388557 0.781657 -0.218015 0.563347 0.155310 0.0003602772 -0.0000008271 -0.0001196739 0.0000021855 0.0000002524 0.0000423719 0.0029844359 -0.0003702876 0.0000029375 0.0028434224 0.0000051063 0.0025202971
1413393226.00624 0.899594 1.059778 0.381533 0.777419 -0.227106 0.561946 0.168103 0.0003615568 0.0000026521 -0.0001179453 0.0000021178 -0.0000008923 0.0000410007 0.0029772719 -0.0003722230 0.0000029781 0.0028527351 0.0000051625 0.0025201232
1413393226.05622 0.913104 1.051518 0.372103 0.773043 -0.237667 0.560451 0.178361 0.0003625409 0.0000039188 -0.0001165782 0.0000020502 -0.0000012889 0.0000399205 0.0029707750 -0.0003746265 0.0000029925 0.0028626293 0.0000051928 0.0025199615
1413393226.10621 0.926478 1.044730 0.362484 0.769016 -0.248568 0.558908 0.185609 0.0003630053 0.0000032040 -0.0001159732 0.0000019472 -0.0000010578 0.0000393916 0.0029651486 -0.0003775596 0.0000029934 0.0028729705 0.0000051518 0.0025198000
1413393226.15625 0.940670 1.038313 0.353619 0.764788 -0.259665 0.557793 0.191156 0.0003635725 0.0000013973 -0.0001152348 0.0000018148 -0.0000004860 0.0000387523 0.0029603148 -0.0003808532 0.0000029853 0.0028835556 0.0000050858 0.0025196358
1413393226.20628 0.955993 1.031999 0.347857 0.761339 -0.270195 0.555815 0.196031 0.0003634356 -0.0000001636 -0.0001154561 0.0000017124 0.0000000029 0.0000387989 0.0029561952 -0.0003846264 0.0000029998 0.0028948085 0.0000050297 0.0025194929
1413393226.25630 0.970463 1.026209 0.345198 0.758625 -0.279806 0.553805 0.198737 0.0003628004 -0.0000029090 -0.0001163282 0.0000016469 0.0000008741 0.0000393222 0.0029518720 -0.0003889359 0.0000030741 0.0029075825 0.0000050057 0.0025194399
1413393226.30631 0.984450 1.020179 0.344518 0.756063 -0.288283 0.552110 0.201084 0.0003622541 -0.0000052177 -0.0001170177 0.0000016266 0.0000016257 0.0000397721 0.0029480275 -0.0003927152 0.0000032034 0.0029194442 0.0000049938 0.0025194775
1413393226.35626 1.000048 1.014510 0.348245 0.755090 -0.297180 0.549061 0.200138 0.0003604642 -0.0000085098 -0.0001192857 0.0000016638 0.0000027594 0.0000412915 0.0029438097 -0.0003961279 0.0000031692 0.0029305808 0.0000049405 0.0025193290
1413393226.40624 1.013706 1.007865 0.349264 0.755492 -0.303553 0.544732 0.200887 0.0003579033 -0.0000101236 -0.0001225277 0.0000016846 0.0000034149 0.0000437190 0.0029397593 -0.0004002422 0.0000032761 0.0029434802 0.0000049405 0.0025193875
1413393226.45624 1.027905 1.000874 0.349134 0.756485 -0.309931 0.540054 0.200036 0.0003549491 -0.0000119282 -0.0001260777 0.0000017330 0.0000041937 0.0000465138 0.0029348416 -0.0004032094 0.0000033757 0.0029550151 0.0000049654 0.0025194540
1413393226.50613 1.044844 1.000304 0.350312 0.758605 -0.315258 0.534361 0.198969 0.0003521142 -0.0000132661 -0.0001293805 0.0000016805 0.0000048280 0.0000490260 0.0029288360 -0.0004057246 0.0000031507 0.0029658133 0.0000051396 0.0025192823
1413393226.55611 1.056936 0.994670 0.345972 0.759304 -0.319021 0.531321 0.198449 0.0003491368 -0.0000143606 -0.0001326855 0.0000017117 0.0000054222 0.0000518558 0.0029285728 -0.0004126814 0.0000032083 0.0029807303 0.0000052472 0.0025193525
1413393226.60608 1.069644 0.988911 0.339395 0.760195 -0.322164 0.528302 0.198017 0.0003471594 -0.0000149347 -0.0001348195 0.0000017084 0.0000057762 0.0000537142 0.0029235654 -0.0004147288 0.0000031600 0.0029908993 0.0000053437 0.0025193430
1413393226.65605 1.082836 0.981859 0.331689 0.760399 -0.323554 0.526661 0.199333 0.0003464166 -0.0000142856 -0.0001357066 0.0000016101 0.0000055782 0.0000544603 0.0029182762 -0.0004168892 0.0000030389 0.0030019670 0.0000053942 0.0025192928
1413393226.70603 1.094671 0.972332 0.323818 0.760273 -0.320578 0.526488 0.205001 0.0003478213 -0.0000099474 -0.0001345874 0.0000012659 0.0000038305 0.0000533164 0.0029115371 -0.0004186576 0.0000027495 0.0030138503 0.0000053897 0.0025191638
1413393226.75600 1.106106 0.961271 0.315840 0.759115 -0.317436 0.527631 0.211149 0.0003501560 -0.0000057067 -0.0001322529 0.0000010437 0.0000021351 0.0000511399 0.0029030546 -0.0004187480 0.0000023902 0.0030243278 0.0000053021 0.0025189826
1413393226.80599 1.118123 0.949284 0.308293 0.759143 -0.313770 0.527593 0.216556 0.0003514774 -0.0000011194 -0.0001308742 0.0000009290 0.0000003954 0.0000498826 0.0028939611 -0.0004182523 0.0000020262 0.0030346659 0.0000051826 0.0025188020
1413393226.85601 1.130193 0.937202 0.300904 0.759190 -0.310658 0.527880 0.220147 0.0003525030 0.0000020722 -0.0001296809 0.0000009139 -0.0000007822 0.0000488258 0.0028844111 -0.0004175541 0.0000016901 0.0030457290 0.0000050620 0.0025186349
1413393226.90603 1.143785 0.925481 0.294538 0.759750 -0.307378 0.527293 0.224190 0.0003530914 0.0000059573 -0.0001288766 0.0000009824 -0.0000021931 0.0000481326 0.0028752078 -0.0004166825 0.0000014527 0.0030568887 0.0000049603 0.0025185225
1413393226.95602 1.158753 0.913743 0.288680 0.760277 -0.305352 0.527000 0.225851 0.0003532583 0.0000079027 -0.0001285829 0.0000010379 -0.0000028916 0.0000478721 0.0028666662 -0.0004166664 0.0000012504 0.0030698172 0.0000048514 0.0025184165
1413393227.00601 1.174741 0.902217 0.283283 0.760732 -0.303519 0.526986 0.226821 0.0003534157 0.0000092885 -0.0001283116 0.0000010854 -0.0000033837 0.0000476302 0.0028582870 -0.0004169636 0.0000010977 0.0030841044 0.0000047262 0.0025183117
1413393227.05602 1.192982 0.891152 0.278917 0.760407 -0.302889 0.527860 0.226721 0.0003539111 0.0000092741 -0.0001277280 0.0000010678 -0.0000033565 0.0000471241 0.0028502776 -0.0004175203 0.0000010217 0.0030995707 0.0000046173 0.0025182451
1413393227.10602 1.212540 0.880522 0.275120 0.759464 -0.302336 0.529697 0.226338 0.0003549238 0.0000087044 -0.0001265505 0.0000010237 -0.0000031109 0.0000461331 0.0028428850 -0.0004190349 0.0000009946 0.0031174710 0.0000044909 0.0025181836
1413393227.15602 1.232771 0.869780 0.270930 0.758367 -0.303147 0.531651 0.224340 0.0003556346 0.0000065882 -0.0001258152 0.0000009139 -0.0000023354 0.0000455004 0.0028357838 -0.0004209712 0.0000009782 0.0031367211 0.0000043271 0.0025180886
1413393227.20602 1.254183 0.859556 0.267836 0.757524 -0.303668 0.533421 0.222276 0.0003562587 0.0000046879 -0.0001251349 0.0000008390 -0.0000016501 0.0000449270 0.0028286670 -0.0004228086 0.0000010108 0.0031568885 0.0000041699 0.0025180166
1413393227.25601 1.276218 0.849370 0.265415 0.755847 -0.305782 0.536071 0.218677 0.0003569858 0.0000009070 -0.0001243172 0.0000007672 -0.0000003168 0.0000442508 0.0028219853 -0.0004250698 0.0000010761 0.0031783835 0.0000039937 0.0025179445
1413393227.30602 1.298195 0.839946 0.263618 0.755639 -0.307224 0.536290 0.216832 0.0003566829 -0.0000007740 -0.0001247048 0.0000007574 0.0000002710 0.0000445497 0.0028153623 -0.0004273006 0.0000011426 0.0032006881 0.0000038430 0.0025178985
1413393227.35602 1.320017 0.830873 0.262589 0.754790 -0.308121 0.537347 0.215899 0.0003570538 -0.0000020278 -0.0001242321 0.0000007580 0.0000007065 0.0000441638 0.0028092886 -0.0004297647 0.0000012091 0.0032234970 0.0000036952 0.0025178544
1413393227.40602 1.341529 0.822078 0.261536 0.754926 -0.309529 0.536954 0.214381 0.0003564687 -0.0000033168 -0.0001249448 0.0000007685 0.0000011640 0.0000447240 0.0028034760 -0.0004321095 0.0000012792 0.0032463137 0.0000035651 0.0025178203
1413393227.45602 1.362743 0.813345 0.260952 0.754626 -0.311120 0.537053 0.212880 0.0003561410 -0.0000048525 -0.0001253096 0.0000007951 0.0000017093 0.0000450099 0.0027978162 -0.0004342628 0.0000013540 0.0032691830 0.0000034483 0.0025177931
1413393227.50602 1.383579 0.804454 0.260764 0.754257 -0.311964 0.537290 0.212354 0.0003561414 -0.0000056106 -0.0001252844 0.0000008099 0.0000019758 0.0000449806 0.0027922575 -0.0004361716 0.0000014315 0.0032921196 0.0000033437 0.0025177735
1413393227.55602 1.404310 0.794883 0.260601 0.752727 -0.313963 0.538207 0.212512 0.0003566761 -0.0000067800 -0.0001245663 0.0000008436 0.0000023714 0.0000444006 0.0027865254 -0.0004374746 0.0000015211 0.0033147033 0.0000032381 0.0025177561
1413393227.60602 1.424388 0.784965 0.260653 0.750807 -0.317060 0.538858 0.213055 0.0003571070 -0.0000081874 -0.0001239464 0.0000008968 0.0000028457 0.0000439062 0.0027805566 -0.0004382851 0.0000016048 0.0033375802 0.0000031422 0.0025177508
1413393227.65600 1.443856 0.774695 0.260590 0.749123 -0.320523 0.538373 0.215022 0.0003572533 -0.0000086185 -0.0001237392 0.0000009113 0.0000029888 0.0000437350 0.0027744685 -0.0004384306 0.0000016908 0.0033597509 0.0000030527 0.0025177482
1413393227.70601 1.462308 0.764009 0.260525 0.747298 -0.325572 0.536904 0.217447 0.0003569385 -0.0000092256 -0.0001241003 0.0000009364 0.0000032109 0.0000440143 0.0027681881 -0.0004378997 0.0000017803 0.0033813885 0.0000029759 0.0025177579
1413393227.75601 1.479976 0.752928 0.260342 0.744648 -0.331550 0.535699 0.220454 0.0003569043 -0.0000100598 -0.0001240859 0.0000009760 0.0000035006 0.0000439972 0.0027618467 -0.0004367245 0.0000018737 0.0034021581 0.0000029048 0.0025177690
1413393227.80601 1.496727 0.741446 0.260243 0.742120 -0.337324 0.533763 0.224872 0.0003568482 -0.0000098328 -0.0001241819 0.0000009581 0.0000034239 0.0000440600 0.0027553670 -0.0004348809 0.0000019691 0.0034222522 0.0000028493 0.0025177847
1413393227.85602 1.512634 0.729494 0.259647 0.737910 -0.345651 0.532975 0.227929 0.0003570222 -0.0000119891 -0.0001237801 0.0000010849 0.0000041597 0.0000437479 0.0027488059 -0.0004323732 0.0000020720 0.0034414442 0.0000027896 0.0025177998
1413393227.90602 1.528052 0.717099 0.258832 0.734065 -0.353428 0.531146 0.232640 0.0003570886 -0.0000126558 -0.0001236370 0.0000011262 0.0000043845 0.0000436290 0.0027420323 -0.0004291832 0.0000021748 0.0034602012 0.0000027370 0.0025178229
1413393227.95603 1.542611 0.704202 0.258045 0.729116 -0.361792 0.529975 0.237954 0.0003576841 -0.0000136650 -0.0001227786 0.0000011956 0.0000046933 0.0000429541 0.0027352036 -0.0004253890 0.0000022753 0.0034781584 0.0000026830 0.0025178457
1413393228.00603 1.556074 0.690344 0.256705 0.724154 -0.371471 0.527505 0.243617 0.0003576860 -0.0000146623 -0.0001226683 0.0000012707 0.0000050313 0.0000428682 0.0027281215 -0.0004206374 0.0000023788 0.0034947227 0.0000026383 0.0025178734
1413393228.05604 1.568579 0.675896 0.255216 0.719112 -0.380291 0.524515 0.251279 0.0003580715 -0.0000140932 -0.0001222466 0.0000012206 0.0000048135 0.0000425254 0.0027207525 -0.0004150239 0.0000024770 0.0035105378 0.0000025963 0.0025179082
1413393228.10604 1.580315 0.660935 0.253485 0.713825 -0.390078 0.521439 0.257670 0.0003580530 -0.0000146304 -0.0001222142 0.0000012602 0.0000049960 0.0000424983 0.0027133078 -0.0004087789 0.0000025775 0.0035255877 0.0000025580 0.0025179506
1413393228.15604 1.591119 0.645330 0.251735 0.709397 -0.399287 0.516553 0.265516 0.0003576538 -0.0000134522 -0.0001228686 0.0000011638 0.0000046229 0.0000429874 0.0027056936 -0.0004016925 0.0000026781 0.0035395123 0.0000025291 0.0025180023
1413393228.20605 1.601468 0.629572 0.249690 0.705102 -0.408534 0.511968 0.271699 0.0003569318 -0.0000132298 -0.0001238167 0.0000011454 0.0000045904 0.0000437258 0.0026981355 -0.0003941586 0.0000027825 0.0035529446 0.0000025060 0.0025180825
1413393228.25605 1.611522 0.613135 0.248170 0.701783 -0.415209 0.507244 0.278935 0.0003566379 -0.0000111768 -0.0001243951 0.0000010017 0.0000038977 0.0000441592 0.0026906451 -0.0003862093 0.0000028650 0.0035657419 0.0000025035 0.0025181549
1413393228.30605 1.621511 0.596219 0.247198 0.698350 -0.421600 0.503176 0.285263 0.0003564412 -0.0000097085 -0.0001247710 0.0000009119 0.0000033963 0.0000444408 0.0026830861 -0.0003777931 0.0000029329 0.0035785663 0.0000025174 0.0025182200
1413393228.35605 1.630914 0.578752 0.246485 0.695031 -0.427096 0.499674 0.291285 0.0003564722 -0.0000082041 -0.0001248468 0.0000008324 0.0000028700 0.0000444857 0.0026754922 -0.0003689165 0.0000030003 0.0035914483 0.0000025343 0.0025182886
1413393228.40606 1.640185 0.560708 0.246443 0.691467 -0.432882 0.495827 0.297730 0.0003565476 -0.0000065837 -0.0001248549 0.0000007611 0.0000023006 0.0000444772 0.0026678290 -0.0003593135 0.0000030565 0.0036034171 0.0000025602 0.0025183514
1413393228.45608 1.649592 0.542606 0.246279 0.686909 -0.439556 0.492698 0.303635 0.0003568237 -0.0000059681 -0.0001245468 0.0000007348 0.0000020773 0.0000442219 0.0026602254 -0.0003493269 0.0000031063 0.0036152717 0.0000025843 0.0025184157
1413393228.50607 1.658469 0.524199 0.246514 0.681760 -0.445109 0.491163 0.309580 0.0003579310 -0.0000056364 -0.0001231674 0.0000007191 0.0000019328 0.0000431237 0.0026528921 -0.0003394013 0.0000031364 0.0036279280 0.0000026005 0.0025184690
1413393228.55607 1.666822 0.506714 0.245992 0.676792 -0.451079 0.489108 0.315045 0.0003586431 -0.0000055917 -0.0001222614 0.0000007119 0.0000018991 0.0000424111 0.0026456982 -0.0003289830 0.0000031628 0.0036394956 0.0000026078 0.0025184973
1413393228.60608 1.675970 0.489018 0.245587 0.672829 -0.457570 0.485625 0.319531 0.0003584194 -0.0000054254 -0.0001225646 0.0000007022 0.0000018472 0.0000426384 0.0026392190 -0.0003190885 0.0000031964 0.0036504763 0.0000026059 0.0025185547
1413393228.65607 1.685101 0.471224 0.245632 0.669215 -0.463359 0.483386 0.322162 0.0003581333 -0.0000062902 -0.0001228980 0.0000007255 0.0000021505 0.0000428940 0.0026328991 -0.0003092375 0.0000032274 0.0036631433 0.0000025950 0.0025185707
1413393228.70606 1.694116 0.453726 0.246204 0.666991 -0.467745 0.480088 0.325350 0.0003575813 -0.0000056724 -0.0001236393 0.0000006995 0.0000019528 0.0000434655 0.0026267210 -0.0002990306 0.0000032561 0.0036753909 0.0000025996 0.0025186179
1413393228.75605 1.702338 0.436218 0.247386 0.664972 -0.471940 0.477640 0.327025 0.0003568805 -0.0000059700 -0.0001245170 0.0000007020 0.0000020750 0.0000441544 0.0026207918 -0.0002889633 0.0000032782 0.0036879003 0.0000025986 0.0025186481
1413393228.80604 1.711860 0.417673 0.247936 0.664228 -0.476647 0.474877 0.325732 0.0003550203 -0.0000074479 -0.0001267458 0.0000007526 0.0000026525 0.0000459558 0.0026149913 -0.0002784397 0.0000033021 0.0036993872 0.0000025832 0.0025186876
1413393228.85603 1.721453 0.399430 0.247689 0.663646 -0.480847 0.472403 0.324339 0.0003531871 -0.0000089382 -0.0001288596 0.0000008170 0.0000032560 0.0000477186 0.0026089420 -0.0002669882 0.0000033479 0.0037125576 0.0000025712 0.0025187429
1413393228.90604 1.731215 0.381107 0.246637 0.664268 -0.485037 0.468959 0.321815 0.0003504095 -0.0000102544 -0.0001319900 0.0000008853 0.0000038592 0.0000504216 0.0026033585 -0.0002558852 0.0000034092 0.0037255244 0.0000025601 0.0025187952
1413393228.95604 1.740659 0.361781 0.245267 0.664137 -0.486981 0.467710 0.320967 0.0003493802 -0.0000109174 -0.0001331031 0.0000009210 0.0000041571 0.0000514095 0.0025978823 -0.0002443439 0.0000034647 0.0037388941 0.0000025484 0.0025188379
1413393229.00603 1.749907 0.341611 0.243403 0.664611 -0.486834 0.465869 0.322880 0.0003492001 -0.0000091380 -0.0001334441 0.0000008128 0.0000034893 0.0000516908 0.0025922818 -0.0002317588 0.0000035591 0.0037518809 0.0000025263 0.0025187976
1413393229.05602 1.759664 0.319854 0.241145 0.666198 -0.484325 0.463077 0.327367 0.0003495785 -0.0000046130 -0.0001332610 0.0000006281 0.0000017537 0.0000514899 0.0025866664 -0.0002181519 0.0000035757 0.0037647265 0.0000025504 0.0025187803
1413393229.10602 1.768786 0.297676 0.237989 0.667002 -0.480870 0.462180 0.332057 0.0003508975 -0.0000005770 -0.0001318566 0.0000005631 0.0000002094 0.0000502308 0.0025812529 -0.0002037624 0.0000035158 0.0037788389 0.0000025661 0.0025187714
1413393229.15602 1.778316 0.275342 0.234060 0.667580 -0.478076 0.461419 0.335965 0.0003519516 0.0000027664 -0.0001306229 0.0000005790 -0.0000010363 0.0000491559 0.0025762011 -0.0001891046 0.0000034282 0.0037919682 0.0000025760 0.0025187504
1413393229.20601 1.789559 0.251988 0.229610 0.668569 -0.475032 0.460530 0.339519 0.0003527613 0.0000062233 -0.0001295643 0.0000006619 -0.0000022964 0.0000482576 0.0025713227 -0.0001741820 0.0000033294 0.0038062683 0.0000025830 0.0025186807
1413393229.25601 1.800254 0.228998 0.224307 0.669464 -0.472051 0.460200 0.342348 0.0003535089 0.0000089938 -0.0001285231 0.0000007777 -0.0000032822 0.0000473920 0.0025668705 -0.0001584741 0.0000032339 0.0038236308 0.0000025868 0.0025186794
1413393229.30601 1.811815 0.206005 0.218187 0.669582 -0.469830 0.460519 0.344734 0.0003544659 0.0000109139 -0.0001272312 0.0000008816 -0.0000039311 0.0000463286 0.0025629938 -0.0001430513 0.0000031176 0.0038397528 0.0000025733 0.0025186710
1413393229.35601 1.824598 0.182843 0.211248 0.669379 -0.468035 0.461691 0.346001 0.0003554692 0.0000117416 -0.0001259387 0.0000009295 -0.0000041743 0.0000452736 0.0025595153 -0.0001275234 0.0000029853 0.0038579061 0.0000025387 0.0025186490
1413393229.40601 1.837871 0.159913 0.203878 0.668388 -0.467261 0.464215 0.345586 0.0003566204 0.0000106622 -0.0001246121 0.0000008573 -0.0000037395 0.0000441922 0.0025564792 -0.0001116022 0.0000028623 0.0038777831 0.0000024759 0.0025186222
1413393229.45602 1.852492 0.136870 0.196123 0.666087 -0.468029 0.468309 0.343459 0.0003580482 0.0000073013 -0.0001230538 0.0000006844 -0.0000025214 0.0000429352 0.0025539873 -0.0000958793 0.0000027562 0.0038984523 0.0000023747 0.0025186019
1413393229.50601 1.868023 0.113790 0.188422 0.663558 -0.469972 0.472757 0.339585 0.0003590017 0.0000024339 -0.0001220233 0.0000005492 -0.0000008365 0.0000421143 0.0025518766 -0.0000797626 0.0000026612 0.0039206562 0.0000022457 0.0025185711
1413393229.55601 1.883429 0.090623 0.180752 0.662596 -0.471801 0.475445 0.335144 0.0003587615 -0.0000016612 -0.0001223522 0.0000005371 0.0000005599 0.0000423617 0.0025501160 -0.0000633150 0.0000025755 0.0039441623 0.0000020677 0.0025185031
1413393229.60601 1.898588 0.068195 0.173442 0.661442 -0.474828 0.477433 0.330288 0.0003579767 -0.0000062338 -0.0001232182 0.0000006358 0.0000021417 0.0000430458 0.0025488619 -0.0000464473 0.0000025500 0.0039668239 0.0000019325 0.0025184872
1413393229.65600 1.913895 0.045343 0.166683 0.661555 -0.477663 0.477987 0.325132 0.0003563197 -0.0000099913 -0.0001250665 0.0000008056 0.0000035054 0.0000445317 0.0025480552 -0.0000297734 0.0000025466 0.0039895982 0.0000018286 0.0025184916
1413393229.70599 1.928690 0.022221 0.160673 0.662785 -0.479455 0.476768 0.321762 0.0003544380 -0.0000115647 -0.0001272444 0.0000009009 0.0000041515 0.0000463169 0.0025476355 -0.0000124060 0.0000025518 0.0040121878 0.0000017411 0.0025185038
1413393229.75598 1.942973 -0.001198 0.155739 0.664161 -0.480960 0.475328 0.318795 0.0003525648 -0.0000127109 -0.0001293714 0.0000009800 0.0000046648 0.0000481099 0.0025476405 0.0000055844 0.0000025602 0.0040344347 0.0000016649 0.0025185262
1413393229.80596 1.957383 -0.025627 0.151188 0.666263 -0.482719 0.472823 0.315460 0.0003499955 -0.0000135367 -0.0001322510 0.0000010433 0.0000051163 0.0000506143 0.0025480352 0.0000242069 0.0000025937 0.0040560860 0.0000015981 0.0025185456
1413393229.85595 1.970952 -0.050777 0.147729 0.669102 -0.483908 0.469362 0.312786 0.0003471645 -0.0000133315 -0.0001354046 0.0000010299 0.0000052010 0.0000534577 0.0025489789 0.0000441391 0.0000026246 0.0040782038 0.0000015497 0.0025185816
1413393229.90594 1.984250 -0.076918 0.145416 0.671270 -0.484929 0.466600 0.310684 0.0003448817 -0.0000132001 -0.0001378492 0.0000010219 0.0000052774 0.0000557479 0.0025504990 0.0000649020 0.0000026609 0.0040991620 0.0000015105 0.0025186273
1413393229.95593 1.997382 -0.104270 0.144579 0.673056 -0.484324 0.464843 0.310399 0.0003438776 -0.0000120682 -0.0001389969 0.0000009390 0.0000048785 0.0000568342 0.0025527088 0.0000869761 0.0000027042 0.0041201768 0.0000014805 0.0025186737
1413393230.00591 2.010823 -0.133017 0.144821 0.675031 -0.482146 0.462664 0.312745 0.0003437416 -0.0000088954 -0.0001393769 0.0000007443 0.0000036052 0.0000571639 0.0025556873 0.0001103439 0.0000027507 0.0041409795 0.0000014626 0.0025187212
1413393230.05591 2.023616 -0.163289 0.146205 0.676411 -0.477309 0.461963 0.318173 0.0003455659 -0.0000039504 -0.0001377112 0.0000005586 0.0000015696 0.0000555269 0.0025596259 0.0001352698 0.0000027550 0.0041631556 0.0000014470 0.0025187858
1413393230.10590 2.036789 -0.194400 0.147686 0.677433 -0.472744 0.461680 0.323186 0.0003473597 0.0000004684 -0.0001358561 0.0000005133 -0.0000001905 0.0000537792 0.0025644659 0.0001613323 0.0000027548 0.0041846693 0.0000014390 0.0025188424
1413393230.15590 2.050528 -0.225917 0.148702 0.677962 -0.469094 0.461902 0.327054 0.0003488834 0.0000037367 -0.0001341428 0.0000005524 -0.0000014455 0.0000522187 0.0025702074 0.0001881725 0.0000027399 0.0042072142 0.0000014277 0.0025189145
1413393230.20591 2.065019 -0.257725 0.148856 0.678815 -0.465840 0.461905 0.329920 0.0003498853 0.0000065485 -0.0001329209 0.0000006349 -0.0000024975 0.0000511369 0.0025768118 0.0002155190 0.0000027254 0.0042312470 0.0000014210 0.0025189922
1413393230.25591 2.080489 -0.289997 0.148482 0.678638 -0.463161 0.463323 0.332061 0.0003513635 0.0000080418 -0.0001311618 0.0000006964 -0.0000030120 0.0000496003 0.0025843153 0.0002434899 0.0000027092 0.0042569782 0.0000014017 0.0025190698
1413393230.30591 2.096598 -0.322628 0.147208 0.677681 -0.461463 0.465921 0.332743 0.0003529719 0.0000078841 -0.0001293026 0.0000006885 -0.0000028974 0.0000480031 0.0025927142 0.0002721687 0.0000026850 0.0042843832 0.0000013592 0.0025191438
1413393230.35592 2.113568 -0.354973 0.144471 0.677001 -0.462174 0.467827 0.330457 0.0003532029 0.0000056279 -0.0001291511 0.0000006022 -0.0000020653 0.0000478621 0.0026019854 0.0003013847 0.0000026751 0.0043126214 0.0000013118 0.0025192191
1413393230.40593 2.131000 -0.387775 0.140901 0.675375 -0.462868 0.470826 0.328549 0.0003541293 0.0000029739 -0.0001281401 0.0000005376 -0.0000010815 0.0000470035 0.0026120728 0.0003310763 0.0000026691 0.0043424006 0.0000012423 0.0025192835
1413393230.45593 2.148583 -0.420566 0.137004 0.673886 -0.464891 0.472298 0.326632 0.0003542225 0.0000003973 -0.0001280647 0.0000005132 -0.0000001472 0.0000469375 0.0026232086 0.0003617878 0.0000026701 0.0043727600 0.0000011566 0.0025193448
1413393230.50593 2.166338 -0.453452 0.133706 0.671465 -0.468652 0.473309 0.324775 0.0003540686 -0.0000028190 -0.0001282210 0.0000005355 0.0000010193 0.0000470720 0.0026351939 0.0003928372 0.0000026831 0.0044030856 0.0000010615 0.0025194129
1413393230.55593 2.183629 -0.486638 0.130736 0.668377 -0.473773 0.473171 0.323914 0.0003536185 -0.0000057727 -0.0001286614 0.0000006075 0.0000021005 0.0000474525 0.0026481380 0.0004245002 0.0000027107 0.0044333116 0.0000009416 0.0025194649
1413393230.60594 2.200486 -0.519903 0.128681 0.663912 -0.480242 0.472903 0.323963 0.0003533733 -0.0000090407 -0.0001287671 0.0000007453 0.0000032962 0.0000475630 0.0026620686 0.0004566329 0.0000027465 0.0044625327 0.0000008311 0.0025195475
1413393230.65595 2.216985 -0.554205 0.127463 0.659501 -0.487514 0.471123 0.324704 0.0003525595 -0.0000116605 -0.0001295199 0.0000009008 0.0000042866 0.0000482248 0.0026773307 0.0004900272 0.0000027937 0.0044917993 0.0000007192 0.0025196503
1413393230.70594 2.233132 -0.589523 0.127429 0.654078 -0.494697 0.469406 0.327284 0.0003524526 -0.0000136083 -0.0001294579 0.0000010416 0.0000050017 0.0000481940 0.0026941151 0.0005248159 0.0000028456 0.0045204725 0.0000005965 0.0025197577
1413393230.75595 2.248352 -0.625366 0.129341 0.648192 -0.502522 0.467136 0.330307 0.0003522176 -0.0000154704 -0.0001295281 0.0000011972 0.0000056927 0.0000482780 0.0027121441 0.0005601960 0.0000029051 0.0045477563 0.0000004762 0.0025198921
1413393230.80594 2.262699 -0.661543 0.131561 0.642230 -0.510142 0.464446 0.334044 0.0003520850 -0.0000167851 -0.0001295237 0.0000013194 0.0000061779 0.0000482930 0.0027314274 0.0005961205 0.0000029756 0.0045737622 0.0000003549 0.0025200379
1413393230.85593 2.276194 -0.698421 0.134076 0.636167 -0.517875 0.460498 0.339172 0.0003519534 -0.0000170329 -0.0001296496 0.0000013449 0.0000062763 0.0000484039 0.0027523101 0.0006330470 0.0000030529 0.0045984906 0.0000002440 0.0025201965
1413393230.90593 2.288622 -0.735639 0.137533 0.630530 -0.524843 0.455220 0.346045 0.0003520198 -0.0000155451 -0.0001297636 0.0000012079 0.0000057298 0.0000484787 0.0027746461 0.0006705468 0.0000031393 0.0046216786 0.0000001498 0.0025203610
1413393230.95591 2.300561 -0.773138 0.141889 0.626022 -0.530277 0.448503 0.354609 0.0003522668 -0.0000118957 -0.0001298655 0.0000009233 0.0000043812 0.0000485194 0.0027981342 0.0007081411 0.0000032530 0.0046434208 0.0000000666 0.0025205100
1413393231.00591 2.311808 -0.810682 0.146786 0.622669 -0.534276 0.440807 0.364036 0.0003525099 -0.0000066537 -0.0001299607 0.0000006476 0.0000024443 0.0000485562 0.0028230128 0.0007462394 0.0000033548 0.0046649641 0.0000000301 0.0025206755
1413393231.05591 2.322881 -0.848302 0.152055 0.620020 -0.537194 0.433323 0.373135 0.0003527335 -0.0000011048 -0.0001298696 0.0000005258 0.0000003934 0.0000484577 0.0028490187 0.0007844715 0.0000034623 0.0046860246 0.0000000301 0.0025208331
1413393231.10592 2.334308 -0.886346 0.157590 0.617326 -0.539069 0.427657 0.381344 0.0003534294 0.0000036286 -0.0001290086 0.0000005602 -0.0000013416 0.0000477310 0.0028762312 0.0008232591 0.0000035706 0.0047081508 0.0000000539 0.0025209807
1413393231.15593 2.346334 -0.924107 0.162958 0.615260 -0.540562 0.422702 0.388034 0.0003538135 0.0000076577 -0.0001283802 0.0000006894 -0.0000027986 0.0000472215 0.0029048194 0.0008628858 0.0000036670 0.0047314867 0.0000000849 0.0025211267
1413393231.20594 2.359354 -0.962564 0.168536 0.612963 -0.543283 0.418971 0.391895 0.0003536680 0.0000094188 -0.0001284419 0.0000007753 -0.0000034423 0.0000472856 0.0029342376 0.0009028672 0.0000037632 0.0047568076 0.0000001052 0.0025212718
1413393231.25595 2.373594 -1.001503 0.174293 0.611509 -0.544697 0.415665 0.395707 0.0003536726 0.0000116564 -0.0001282581 0.0000009095 -0.0000042505 0.0000471513 0.0029653970 0.0009443373 0.0000038536 0.0047840084 0.0000001176 0.0025214143
1413393231.30595 2.388833 -1.040262 0.178741 0.608685 -0.547042 0.415472 0.397026 0.0003542124 0.0000107760 -0.0001276941 0.0000008534 -0.0000039080 0.0000466719 0.0029975418 0.0009866628 0.0000039304 0.0048138903 0.0000001111 0.0025215443
1413393231.35595 2.405732 -1.080025 0.180531 0.605603 -0.549976 0.416397 0.396718 0.0003546415 0.0000084494 -0.0001273577 0.0000007273 -0.0000030564 0.0000463733 0.0030307870 0.0010296999 0.0000039886 0.0048451827 0.0000000561 0.0025216644
1413393231.40595 2.423121 -1.119738 0.179636 0.602228 -0.552449 0.419012 0.395665 0.0003554993 0.0000050955 -0.0001264989 0.0000005995 -0.0000018334 0.0000456482 0.0030665537 0.0010755467 0.0000040296 0.0048801534 -0.0000000179 0.0025217899
1413393231.45596 2.442601 -1.159029 0.176722 0.597438 -0.554526 0.423831 0.394887 0.0003574265 0.0000006312 -0.0001242110 0.0000005280 -0.0000002373 0.0000437965 0.0031031102 0.0011216313 0.0000040288 0.0049154796 -0.0000001269 0.0025218974
1413393231.50597 2.462426 -1.198509 0.172473 0.591552 -0.555230 0.430844 0.395169 0.0003605831 -0.0000041636 -0.0001200542 0.0000005754 0.0000013707 0.0000405959 0.0031402590 0.0011687251 0.0000039650 0.0049548552 -0.0000002573 0.0025219598
1413393231.55598 2.481882 -1.237596 0.166306 0.585212 -0.553925 0.439468 0.396941 0.0003648108 -0.0000085229 -0.0001139688 0.0000007270 0.0000026489 0.0000362196 0.0031782287 0.0012163060 0.0000037832 0.0049947769 -0.0000004177 0.0025220289
1413393231.60598 2.501657 -1.276316 0.158708 0.579181 -0.552626 0.447341 0.398799 0.0003685267 -0.0000124483 -0.0001080470 0.0000009488 0.0000036373 0.0000322847 0.0032164734 0.0012632229 0.0000035321 0.0050330373 -0.0000005497 0.0025220879
1413393231.65597 2.520394 -1.314330 0.149703 0.574385 -0.552357 0.452500 0.400284 0.0003708820 -0.0000153987 -0.0001039090 0.0000011678 0.0000043028 0.0000297117 0.0032548780 0.0013099918 0.0000032255 0.0050714864 -0.0000006472 0.0025221268
1413393231.70597 2.537299 -1.350641 0.139994 0.571766 -0.552816 0.453924 0.401786 0.0003718787 -0.0000163474 -0.0001021188 0.0000012471 0.0000044781 0.0000286388 0.0032939357 0.0013558941 0.0000029570 0.0051074660 -0.0000006954 0.0025221926
1413393231.75595 2.553208 -1.385700 0.130356 0.569787 -0.555724 0.452311 0.402403 0.0003714202 -0.0000170022 -0.0001027852 0.0000013064 0.0000046950 0.0000290401 0.0033321959 0.0013994705 0.0000026957 0.0051394363 -0.0000006875 0.0025222469
1413393231.80594 2.567389 -1.418960 0.121442 0.568038 -0.560145 0.449782 0.401580 0.0003700197 -0.0000183287 -0.0001048615 0.0000014357 0.0000051853 0.0000303137 0.0033703840 0.0014419506 0.0000025178 0.0051704858 -0.0000006529 0.0025223157
1413393231.85593 2.580240 -1.451278 0.113532 0.565450 -0.566301 0.447758 0.398850 0.0003678961 -0.0000214817 -0.0001076427 0.0000017819 0.0000062785 0.0000320935 0.0034072238 0.0014815972 0.0000024016 0.0051977571 -0.0000006229 0.0025223970
1413393231.90593 2.591186 -1.482204 0.106132 0.562822 -0.574490 0.443371 0.395747 0.0003645914 -0.0000243932 -0.0001120246 0.0000021591 0.0000074904 0.0000350226 0.0034443769 0.0015201121 0.0000023479 0.0052215823 -0.0000005992 0.0025224897
1413393231.95593 2.599904 -1.512681 0.100296 0.559161 -0.582430 0.439853 0.393248 0.0003616927 -0.0000275764 -0.0001154459 0.0000026290 0.0000087995 0.0000374520 0.0034806721 0.0015564030 0.0000023289 0.0052412114 -0.0000005729 0.0025225859
1413393232.00593 2.606171 -1.541870 0.095708 0.554729 -0.590138 0.436020 0.392300 0.0003592525 -0.0000300706 -0.0001181757 0.0000030429 0.0000098911 0.0000394792 0.0035173655 0.0015911099 0.0000023505 0.0052556315 -0.0000005756 0.0025226903
1413393232.05594 2.609984 -1.570354 0.092192 0.551156 -0.596635 0.430135 0.394001 0.0003573804 -0.0000298366 -0.0001207118 0.0000030154 0.0000100776 0.0000413792 0.0035536903 0.0016234413 0.0000023851 0.0052644213 -0.0000005741 0.0025227932
1413393232.10594 2.612526 -1.598270 0.090616 0.547051 -0.602401 0.424256 0.397310 0.0003562844 -0.0000288661 -0.0001223590 0.0000028611 0.0000099128 0.0000426276 0.0035894236 0.0016536842 0.0000024513 0.0052686192 -0.0000005621 0.0025228749
1413393232.15594 2.612559 -1.624515 0.089073 0.542438 -0.608094 0.417885 0.401690 0.0003555354 -0.0000273749 -0.0001236516 0.0000026280 0.0000095189 0.0000436087 0.0036249492 0.0016824152 0.0000025285 0.0052703203 -0.0000005540 0.0025229540
1413393232.20594 2.611277 -1.650315 0.087864 0.537714 -0.611944 0.411029 0.409199 0.0003562585 -0.0000238128 -0.0001234872 0.0000021100 0.0000082502 0.0000434041 0.0036591091 0.0017079002 0.0000025642 0.0052671445 -0.0000005377 0.0025230270
1413393232.25595 2.608317 -1.675680 0.085595 0.532277 -0.616491 0.404801 0.415639 0.0003566724 -0.0000214368 -0.0001234066 0.0000018046 0.0000074117 0.0000432944 0.0036932930 0.0017324706 0.0000026025 0.0052620978 -0.0000005143 0.0025230718
1413393232.30595 2.603925 -1.700990 0.082312 0.526186 -0.621260 0.398887 0.421964 0.0003571939 -0.0000195399 -0.0001230671 0.0000015829 0.0000067257 0.0000429938 0.0037273526 0.0017553548 0.0000026214 0.0052535082 -0.0000004830 0.0025231145
1413393232.35595 2.598816 -1.725838 0.077197 0.518703 -0.627539 0.394095 0.426418 0.0003571558 -0.0000197857 -0.0001230830 0.0000016082 0.0000068119 0.0000430053 0.0037619810 0.0017774810 0.0000026414 0.0052424041 -0.0000004760 0.0025231587
1413393232.40595 2.592708 -1.750593 0.070426 0.512574 -0.633951 0.388105 0.429825 0.0003562677 -0.0000194750 -0.0001242601 0.0000015745 0.0000067859 0.0000439257 0.0037962342 0.0017984008 0.0000026495 0.0052297872 -0.0000004668 0.0025232040
1413393232.45594 2.585576 -1.775349 0.061958 0.505995 -0.640139 0.382357 0.433582 0.0003556793 -0.0000191785 -0.0001250462 0.0000015419 0.0000067360 0.0000445452 0.0038309107 0.0018184969 0.0000026450 0.0052151822 -0.0000004538 0.0025232490
1413393232.50594 2.577578 -1.800060 0.051829 0.499645 -0.646401 0.377012 0.436328 0.0003547634 -0.0000194018 -0.0001261462 0.0000015665 0.0000068927 0.0000454350 0.0038662886 0.0018380946 0.0000026278 0.0051989350 -0.0000004391 0.0025233001
1413393232.55594 2.568388 -1.824871 0.040279 0.493898 -0.651347 0.372790 0.439135 0.0003543668 -0.0000195527 -0.0001266128 0.0000015821 0.0000069804 0.0000458152 0.0039022637 0.0018570861 0.0000025887 0.0051812320 -0.0000004189 0.0025233510
1413393232.60593 2.558077 -1.849617 0.026854 0.489566 -0.655020 0.369319 0.441449 0.0003540883 -0.0000194095 -0.0001269789 0.0000015650 0.0000069553 0.0000461103 0.0039385294 0.0018751009 0.0000025128 0.0051615347 -0.0000003773 0.0025233954
1413393232.65593 2.547087 -1.874925 0.013452 0.485043 -0.658570 0.366829 0.443234 0.0003539103 -0.0000199898 -0.0001271117 0.0000016278 0.0000071754 0.0000462251 0.0039747283 0.0018915041 0.0000024108 0.0051388453 -0.0000003267 0.0025234322
1413393232.70592 2.535414 -1.901431 0.001873 0.481455 -0.660918 0.364970 0.445180 0.0003541289 -0.0000201330 -0.0001268328 0.0000016403 0.0000072081 0.0000459913 0.0040127149 0.0019081584 0.0000022548 0.0051147996 -0.0000002414 0.0025234388
1413393232.75592 2.522387 -1.926981 -0.009771 0.479631 -0.662301 0.362296 0.447274 0.0003541869 -0.0000190708 -0.0001269346 0.0000015194 0.0000068323 0.0000460532 0.0040529792 0.0019250142 0.0000021105 0.0050894109 -0.0000001599 0.0025234511
1413393232.80591 2.508331 -1.953133 -0.020820 0.478009 -0.663925 0.359920 0.448518 0.0003539558 -0.0000184228 -0.0001273170 0.0000014489 0.0000066250 0.0000463550 0.0040925739 0.0019396227 0.0000019853 0.0050612335 -0.0000000722 0.0025234678
1413393232.85591 2.493170 -1.979899 -0.030965 0.476475 -0.664594 0.358928 0.449953 0.0003543058 -0.0000181195 -0.0001269459 0.0000014138 0.0000064915 0.0000460396 0.0041347617 0.0019545784 0.0000018533 0.0050314848 0.0000000200 0.0025234737
1413393232.90592 2.476543 -2.006791 -0.040922 0.476677 -0.665638 0.356671 0.449989 0.0003535465 -0.0000171776 -0.0001279969 0.0000013185 0.0000062195 0.0000468931 0.0041769685 0.0019680750 0.0000017367 0.0049998951 0.0000001164 0.0025234820
1413393232.95592 2.458920 -2.033189 -0.049440 0.478075 -0.664928 0.353035 0.452417 0.0003536163 -0.0000138755 -0.0001283212 0.0000010258 0.0000050354 0.0000471175 0.0042206708 0.0019803463 0.0000016273 0.0049652834 0.0000002183 0.0025234941
1413393233.00592 2.440580 -2.059806 -0.056455 0.479930 -0.664491 0.349727 0.453663 0.0003531767 -0.0000110294 -0.0001291258 0.0000008236 0.0000040326 0.0000477614 0.0042643723 0.0019914105 0.0000015289 0.0049297563 0.0000003242 0.0025235092
1413393233.05593 2.420641 -2.086281 -0.061398 0.482500 -0.663208 0.346578 0.455228 0.0003529033 -0.0000076913 -0.0001296964 0.0000006433 0.0000028270 0.0000482147 0.0043089045 0.0020019085 0.0000014371 0.0048933958 0.0000004401 0.0025234958
1413393233.10593 2.400940 -2.113393 -0.064744 0.484568 -0.663017 0.343708 0.455486 0.0003520366 -0.0000054079 -0.0001308290 0.0000005574 0.0000020097 0.0000491713 0.0043533435 0.0020102607 0.0000013583 0.0048543522 0.0000005258 0.0025235405
1413393233.15593 2.380799 -2.140719 -0.065864 0.485726 -0.662422 0.342394 0.456107 0.0003519003 -0.0000039613 -0.0001310457 0.0000005176 0.0000014752 0.0000493513 0.0043998081 0.0020195173 0.0000013014 0.0048166001 0.0000005959 0.0025235893
1413393233.20595 2.359454 -2.167780 -0.064374 0.486582 -0.661388 0.341301 0.457511 0.0003522400 -0.0000023379 -0.0001306995 0.0000004874 0.0000008674 0.0000490459 0.0044477101 0.0020284805 0.0000012526 0.0047782677 0.0000006454 0.0025236380
1413393233.25597 2.336307 -2.195031 -0.059874 0.484864 -0.659899 0.340888 0.461774 0.0003542347 -0.0000007851 -0.0001283763 0.0000004709 0.0000002845 0.0000470689 0.0044952841 0.0020352813 0.0000012270 0.0047371979 0.0000006487 0.0025236555
1413393233.30598 2.314168 -2.222333 -0.053804 0.482341 -0.658892 0.340354 0.466227 0.0003563095 0.0000004757 -0.0001258620 0.0000004681 -0.0000001681 0.0000449993 0.0045434084 0.0020402815 0.0000011963 0.0046938986 0.0000006298 0.0025236838
1413393233.35599 2.292282 -2.250277 -0.045907 0.478360 -0.657722 0.340221 0.472041 0.0003591347 0.0000015317 -0.0001222852 0.0000004723 -0.0000005218 0.0000421722 0.0045922548 0.0020458953 0.0000011522 0.0046531250 0.0000005864 0.0025237157
1413393233.40599 2.270556 -2.278101 -0.036233 0.472192 -0.657893 0.340450 0.477813 0.0003619906 0.0000012306 -0.0001185054 0.0000004687 -0.0000004032 0.0000393248 0.0046420158 0.0020513791 0.0000010887 0.0046133072 0.0000005277 0.0025237877
1413393233.45599 2.249420 -2.306156 -0.025263 0.465000 -0.659461 0.340935 0.482337 0.0003642930 -0.0000004804 -0.0001153211 0.0000004630 0.0000001521 0.0000370312 0.0046921081 0.0020567895 0.0000010316 0.0045748207 0.0000004327 0.0025238554
1413393233.50598 2.227964 -2.335910 -0.011574 0.459374 -0.661334 0.337878 0.487290 0.0003656638 0.0000002925 -0.0001133621 0.0000004596 -0.0000000913 0.0000356664 0.0047425183 0.0020620206 0.0000009809 0.0045375837 0.0000003296 0.0025239391
1413393233.55598 2.207404 -2.362876 0.003321 0.452407 -0.665394 0.334973 0.490278 0.0003660747 -0.0000008506 -0.0001127697 0.0000004598 0.0000002611 0.0000352604 0.0047961100 0.0020679033 0.0000009298 0.0045005908 0.0000002322 0.0025240521
1413393233.60597 2.187035 -2.388904 0.019232 0.447425 -0.670109 0.327789 0.493274 0.0003652030 0.0000007563 -0.0001140493 0.0000004580 -0.0000002387 0.0000361390 0.0048460175 0.0020719192 0.0000008980 0.0044650270 0.0000001249 0.0025241749
1413393233.65596 2.166381 -2.411514 0.037159 0.442519 -0.676195 0.319205 0.495020 0.0003633183 0.0000023659 -0.0001167099 0.0000004684 -0.0000007634 0.0000380118 0.0048934070 0.0020751025 0.0000009034 0.0044305899 -0.0000000569 0.0025242603
1413393233.70596 2.147533 -2.436284 0.056212 0.437013 -0.683260 0.310276 0.495887 0.0003609479 0.0000034707 -0.0001199275 0.0000004848 -0.0000011581 0.0000403692 0.0049360923 0.0020750519 0.0000009314 0.0043964511 -0.0000002011 0.0025244002
1413393233.75596 2.130017 -2.461290 0.078495 0.431057 -0.686900 0.301854 0.501241 0.0003609419 0.0000065213 -0.0001198184 0.0000005680 -0.0000021716 0.0000402954 0.0049847428 0.0020784899 0.0000009887 0.0043653650 -0.0000003652 0.0025245434
1413393233.80595 2.113957 -2.486041 0.101949 0.423133 -0.690265 0.297686 0.505841 0.0003620345 0.0000064309 -0.0001183584 0.0000005635 -0.0000021096 0.0000392121 0.0050326751 0.0020829951 0.0000010478 0.0043381336 -0.0000005450 0.0025247102
1413393233.85595 2.099080 -2.509165 0.125581 0.416265 -0.691513 0.294310 0.511776 0.0003639952 0.0000071208 -0.0001156079 0.0000005878 -0.0000022697 0.0000372293 0.0050815181 0.0020886908 0.0000011426 0.0043132619 -0.0000007167 0.0025248547
1413393233.90595 2.084727 -2.532738 0.148976 0.408118 -0.693298 0.294144 0.516001 0.0003661128 0.0000050186 -0.0001126811 0.0000005166 -0.0000015519 0.0000351880 0.0051270612 0.0020938141 0.0000012383 0.0042909246 -0.0000009427 0.0025250126
1413393233.95595 2.070827 -2.555650 0.172467 0.400349 -0.695100 0.291965 0.520877 0.0003679045 0.0000042304 -0.0001100489 0.0000004957 -0.0000012722 0.0000334219 0.0051732648 0.0020986662 0.0000013460 0.0042685601 -0.0000011699 0.0025251584
1413393234.00596 2.058036 -2.578094 0.195209 0.391505 -0.699732 0.290774 0.522062 0.0003682175 0.0000006529 -0.0001096629 0.0000004474 -0.0000001999 0.0000331622 0.0052186329 0.0021035482 0.0000014813 0.0042476272 -0.0000014341 0.0025253146
1413393234.05597 2.045964 -2.599970 0.217749 0.382609 -0.705185 0.289248 0.522168 0.0003678562 -0.0000032985 -0.0001101769 0.0000004747 0.0000009839 0.0000335000 0.0052632234 0.0021087170 0.0000016396 0.0042283719 -0.0000017060 0.0025254786
1413393234.10597 2.034323 -2.620637 0.240161 0.374454 -0.711280 0.285868 0.521675 0.0003666279 -0.0000061690 -0.0001119082 0.0000005479 0.0000018804 0.0000346593 0.0053066322 0.0021135522 0.0000018202 0.0042099649 -0.0000019916 0.0025256537
1413393234.15597 2.022954 -2.640801 0.260659 0.367450 -0.717212 0.281528 0.520893 0.0003650124 -0.0000080698 -0.0001141595 0.0000006209 0.0000025221 0.0000362058 0.0053482948 0.0021176283 0.0000020140 0.0041920081 -0.0000022758 0.0025258347
1413393234.20596 2.011548 -2.660366 0.279176 0.360091 -0.721621 0.279639 0.520960 0.0003643931 -0.0000108784 -0.0001148247 0.0000007655 0.0000034273 0.0000366837 0.0053897535 0.0021213190 0.0000022160 0.0041740080 -0.0000025065 0.0025259847
1413393234.25595 2.000963 -2.678196 0.294693 0.348690 -0.723244 0.282663 0.524820 0.0003666939 -0.0000165221 -0.0001107869 0.0000011844 0.0000049931 0.0000339676 0.0054295048 0.0021240836 0.0000023527 0.0041559190 -0.0000027461 0.0025261327
1413393234.30595 1.989268 -2.695289 0.308874 0.334776 -0.723658 0.289042 0.529810 0.0003698089 -0.0000245020 -0.0001044271 0.0000020627 0.0000069226 0.0000299783 0.0054653397 0.0021260535 0.0000024226 0.0041389334 -0.0000029813 0.0025262412
1413393234.35595 1.977670 -2.711485 0.321940 0.319105 -0.723759 0.297691 0.534533 0.0003724526 -0.0000346958 -0.0000969693 0.0000036723 0.0000090388 0.0000257309 0.0054981792 0.0021253971 0.0000024361 0.0041200811 -0.0000032682 0.0025264012
1413393234.40595 1.965875 -2.725397 0.333634 0.304147 -0.723901 0.303951 0.539515 0.0003742132 -0.0000433420 -0.0000901270 0.0000054604 0.0000104446 0.0000221855 0.0055270942 0.0021230075 0.0000023692 0.0041008263 -0.0000035166 0.0025265058
1413393234.45594 1.952323 -2.735272 0.342388 0.291166 -0.724983 0.308226 0.542788 0.0003746046 -0.0000507211 -0.0000854126 0.0000073086 0.0000115709 0.0000199496 0.0055503478 0.0021184346 0.0000022883 0.0040816988 -0.0000037454 0.0025266159
1413393234.50595 1.938104 -2.740856 0.349593 0.281288 -0.726064 0.307597 0.546893 0.0003751410 -0.0000539184 -0.0000823193 0.0000081898 0.0000118368 0.0000185357 0.0055631810 0.0021080900 0.0000021836 0.0040596311 -0.0000038561 0.0025266891
1413393234.55595 1.922977 -2.740300 0.356411 0.273698 -0.727302 0.302666 0.551829 0.0003760403 -0.0000536931 -0.0000805527 0.0000081031 0.0000115046 0.0000177241 0.0055651101 0.0020929195 0.0000020045 0.0040358575 -0.0000037913 0.0025266702
1413393234.60597 1.906758 -2.734234 0.363703 0.271655 -0.727772 0.289220 0.559378 0.0003783519 -0.0000456045 -0.0000804900 0.0000059283 0.0000097013 0.0000175904 0.0055531573 0.0020721710 0.0000018897 0.0040111304 -0.0000035656 0.0025266327
1413393234.65600 1.890897 -2.723644 0.374950 0.274613 -0.728803 0.268021 0.567096 0.0003802812 -0.0000309855 -0.0000831377 0.0000029506 0.0000067699 0.0000186407 0.0055315025 0.0020463032 0.0000018342 0.0039839363 -0.0000031939 0.0025265272
1413393234.70602 1.877524 -2.707872 0.390842 0.278971 -0.730534 0.244253 0.573441 0.0003805233 -0.0000145020 -0.0000870481 0.0000009753 0.0000033093 0.0000203791 0.0054978309 0.0020196818 0.0000018603 0.0039619852 -0.0000028987 0.0025265036
1413393234.75604 1.866527 -2.689748 0.410936 0.281055 -0.734885 0.223574 0.575298 0.0003782831 -0.0000021079 -0.0000926635 0.0000004337 0.0000005050 0.0000231670 0.0054565121 0.0019931923 0.0000019658 0.0039444256 -0.0000027081 0.0025265240
1413393234.80605 1.858392 -2.669482 0.430282 0.282646 -0.740626 0.203266 0.574688 0.0003743176 0.0000091177 -0.0000995131 0.0000006426 -0.0000024379 0.0000269270 0.0054141237 0.0019684983 0.0000021288 0.0039299073 -0.0000025328 0.0025265241
1413393234.85605 1.851776 -2.650841 0.448772 0.279810 -0.748401 0.188944 0.570879 0.0003697972 0.0000140348 -0.0001064923 0.0000009532 -0.0000040575 0.0000311420 0.0053689761 0.0019461787 0.0000022942 0.0039202706 -0.0000024490 0.0025265959
1413393234.90605 1.845499 -2.631228 0.461781 0.271893 -0.755786 0.181128 0.567498 0.0003668369 0.0000133553 -0.0001111452 0.0000009022 -0.0000040600 0.0000341465 0.0053285103 0.0019268430 0.0000024145 0.0039117174 -0.0000021904 0.0025264311
1413393234.95605 1.841480 -2.614981 0.471987 0.262158 -0.762153 0.176117 0.565136 0.0003648648 0.0000105518 -0.0001143426 0.0000007196 -0.0000033200 0.0000363053 0.0052879451 0.0019074112 0.0000025630 0.0039038001 -0.0000021643 0.0025265204
1413393235.00603 1.837825 -2.599240 0.476551 0.249410 -0.768597 0.174827 0.562574 0.0003635051 0.0000044192 -0.0001166761 0.0000004663 -0.0000014304 0.0000379217 0.0052542680 0.0018926275 0.0000026928 0.0038990386 -0.0000021541 0.0025266168
1413393235.05602 1.834002 -2.584237 0.475768 0.235395 -0.774071 0.174650 0.561160 0.0003627437 -0.0000024763 -0.0001178002 0.0000004276 0.0000007934 0.0000387245 0.0052215335 0.0018781255 0.0000027849 0.0038942388 -0.0000021553 0.0025267071
1413393235.10601 1.829331 -2.569813 0.469637 0.221605 -0.778829 0.173379 0.560585 0.0003620362 -0.0000083286 -0.0001185111 0.0000005998 0.0000027169 0.0000392602 0.0051898782 0.0018635859 0.0000029148 0.0038887298 -0.0000021830 0.0025267218
1413393235.15600 1.824275 -2.554519 0.459354 0.209291 -0.783385 0.169646 0.560111 0.0003609406 -0.0000119906 -0.0001196897 0.0000008049 0.0000039668 0.0000401532 0.0051596788 0.0018483296 0.0000029225 0.0038816794 -0.0000021715 0.0025267736
1413393235.20601 1.818000 -2.539531 0.446666 0.200309 -0.786194 0.161264 0.561934 0.0003606849 -0.0000108690 -0.0001201498 0.0000007315 0.0000036099 0.0000404836 0.0051277786 0.0018314325 0.0000028767 0.0038730972 -0.0000021307 0.0025267905
1413393235.25600 1.811311 -2.523488 0.433661 0.194376 -0.789540 0.149026 0.562704 0.0003594069 -0.0000063459 -0.0001221632 0.0000005134 0.0000021440 0.0000419825 0.0050965717 0.0018141760 0.0000028204 0.0038637099 -0.0000020533 0.0025268433
1413393235.30600 1.804152 -2.507603 0.420918 0.190269 -0.792422 0.135024 0.563590 0.0003579818 0.0000001330 -0.0001241660 0.0000003973 -0.0000000620 0.0000435237 0.0050643554 0.0017961543 0.0000027054 0.0038536304 -0.0000019471 0.0025268417
1413393235.35600 1.797267 -2.492309 0.409055 0.186859 -0.795753 0.122672 0.562861 0.0003557506 0.0000056761 -0.0001268245 0.0000004829 -0.0000020417 0.0000456679 0.0050338222 0.0017785154 0.0000025927 0.0038431708 -0.0000018264 0.0025268360
1413393235.40600 1.790415 -2.477628 0.398302 0.184604 -0.799269 0.111869 0.560871 0.0003529048 0.0000105873 -0.0001299286 0.0000007038 -0.0000039176 0.0000482903 0.0050053597 0.0017617616 0.0000024848 0.0038329163 -0.0000016795 0.0025268357
1413393235.45600 1.783600 -2.465040 0.388531 0.182526 -0.802187 0.103137 0.559056 0.0003504374 0.0000144487 -0.0001324098 0.0000009763 -0.0000054801 0.0000504829 0.0049790202 0.0017454946 0.0000024253 0.0038224375 -0.0000015291 0.0025268489
1413393235.50599 1.776399 -2.454199 0.379375 0.181791 -0.805070 0.094979 0.556591 0.0003475620 0.0000184180 -0.0001351194 0.0000013501 -0.0000071817 0.0000529807 0.0049577667 0.0017309307 0.0000023661 0.0038117853 -0.0000013655 0.0025268266
1413393235.55598 1.769044 -2.445805 0.372794 0.182866 -0.804101 0.084706 0.559292 0.0003473183 0.0000254909 -0.0001342425 0.0000022406 -0.0000098767 0.0000523329 0.0049406062 0.0017171948 0.0000023017 0.0038003402 -0.0000011861 0.0025268366
1413393235.60598 1.760984 -2.439715 0.365786 0.184828 -0.801511 0.073441 0.563937 0.0003478369 0.0000338517 -0.0001318162 0.0000036599 -0.0000128552 0.0000503924 0.0049284542 0.0017056268 0.0000022227 0.0037894067 -0.0000009868 0.0025267974
1413393235.65598 1.753661 -2.436660 0.360287 0.184033 -0.799323 0.065240 0.568294 0.0003488903 0.0000392107 -0.0001291351 0.0000047681 -0.0000145413 0.0000482295 0.0049216127 0.0016955295 0.0000021384 0.0037779720 -0.0000007959 0.0025267819
1413393235.70598 1.746712 -2.437158 0.355419 0.182554 -0.796634 0.060308 0.573071 0.0003507987 0.0000424304 -0.0001258844 0.0000054887 -0.0000152540 0.0000455993 0.0049220244 0.0016890151 0.0000020237 0.0037680286 -0.0000006135 0.0025267465
1413393235.75598 1.740233 -2.440272 0.350425 0.178781 -0.795628 0.059779 0.575708 0.0003526290 0.0000416289 -0.0001239536 0.0000052661 -0.0000146596 0.0000439914 0.0049291158 0.0016854794 0.0000019316 0.0037591091 -0.0000004877 0.0025267317
1413393235.80599 1.734721 -2.446035 0.346164 0.173830 -0.795174 0.062828 0.577524 0.0003547808 0.0000380286 -0.0001224576 0.0000044226 -0.0000131502 0.0000426832 0.0049413375 0.0016843583 0.0000018241 0.0037510925 -0.0000004043 0.0025266915
1413393235.85600 1.729904 -2.453868 0.342217 0.165131 -0.795082 0.072698 0.579044 0.0003581755 0.0000286499 -0.0001206923 0.0000026332 -0.0000096741 0.0000410793 0.0049581608 0.0016857026 0.0000017507 0.0037442839 -0.0000003927 0.0025266801
1413393235.90600 1.725708 -2.462847 0.338670 0.154422 -0.795457 0.084063 0.579945 0.0003610803 0.0000172590 -0.0001190338 0.0000011621 -0.0000057053 0.0000396464 0.0049770795 0.0016883956 0.0000016937 0.0037382786 -0.0000004371 0.0025266650
1413393235.95600 1.721463 -2.472728 0.335505 0.143415 -0.796032 0.094467 0.580381 0.0003629871 0.0000061361 -0.0001175434 0.0000004374 -0.0000019988 0.0000384644 0.0049966368 0.0016916839 0.0000016511 0.0037326937 -0.0000005333 0.0025266253
1413393236.00600 1.717513 -2.483408 0.333529 0.133559 -0.795629 0.100602 0.582251 0.0003647373 -0.0000017335 -0.0001152485 0.0000003392 0.0000005385 0.0000368126 0.0050160418 0.0016948043 0.0000016160 0.0037271117 -0.0000006338 0.0025265999
1413393236.05598 1.713720 -2.492838 0.332247 0.122788 -0.795998 0.105704 0.583213 0.0003655470 -0.0000095890 -0.0001137049 0.0000005799 0.0000029759 0.0000357602 0.0050360413 0.0016983862 0.0000015712 0.0037217872 -0.0000007729 0.0025265492
1413393236.10597 1.709326 -2.502189 0.331488 0.112922 -0.796923 0.107341 0.583644 0.0003655895 -0.0000150286 -0.0001130608 0.0000009440 0.0000046424 0.0000353535 0.0050527775 0.0017001656 0.0000015539 0.0037158408 -0.0000008692 0.0025265345
1413393236.15596 1.706244 -2.511157 0.333430 0.103210 -0.797957 0.106117 0.584253 0.0003654643 -0.0000186582 -0.0001127101 0.0000012766 0.0000057498 0.0000351461 0.0050678510 0.0017018473 0.0000015369 0.0037106829 -0.0000009537 0.0025265353
1413393236.20596 1.704786 -2.518103 0.335294 0.096115 -0.800232 0.098479 0.583688 0.0003645389 -0.0000173516 -0.0001142654 0.0000011477 0.0000054337 0.0000362014 0.0050813171 0.0017051105 0.0000015261 0.0037086019 -0.0000010240 0.0025265552
1413393236.25595 1.704878 -2.523828 0.339649 0.091111 -0.802587 0.087385 0.583023 0.0003635394 -0.0000129916 -0.0001162642 0.0000007838 0.0000041480 0.0000375673 0.0050923375 0.0017088159 0.0000015033 0.0037084078 -0.0000010774 0.0025266013
1413393236.30593 1.704965 -2.527719 0.343570 0.086613 -0.804722 0.073459 0.582688 0.0003626132 -0.0000065764 -0.0001180912 0.0000004366 0.0000021324 0.0000388425 0.0051010016 0.0017132479 0.0000015005 0.0037102937 -0.0000011419 0.0025266457
1413393236.35593 1.705033 -2.531847 0.348762 0.079896 -0.806425 0.061563 0.582671 0.0003618952 -0.0000023709 -0.0001192372 0.0000003313 0.0000007698 0.0000396692 0.0051081639 0.0017154845 0.0000014922 0.0037100018 -0.0000011862 0.0025266956
1413393236.40593 1.704925 -2.536186 0.354341 0.071460 -0.808567 0.053276 0.581614 0.0003608153 -0.0000011563 -0.0001207100 0.0000003179 0.0000003744 0.0000407659 0.0051169295 0.0017188705 0.0000015007 0.0037105486 -0.0000012332 0.0025267448
1413393236.45593 1.705335 -2.540554 0.360491 0.061905 -0.809995 0.046443 0.581308 0.0003602804 -0.0000012406 -0.0001214263 0.0000003173 0.0000004046 0.0000413060 0.0051257124 0.0017217643 0.0000015194 0.0037105211 -0.0000012941 0.0025268030
1413393236.50593 1.705431 -2.545238 0.366386 0.051430 -0.813130 0.040892 0.578362 0.0003582438 -0.0000026651 -0.0001240446 0.0000003322 0.0000009090 0.0000433335 0.0051349871 0.0017252514 0.0000015408 0.0037111123 -0.0000013619 0.0025268732
1413393236.55593 1.705141 -2.550094 0.372413 0.041403 -0.816891 0.034921 0.574243 0.0003554657 -0.0000035923 -0.0001274801 0.0000003481 0.0000012740 0.0000461018 0.0051448456 0.0017282706 0.0000015827 0.0037108403 -0.0000014467 0.0025269521
1413393236.60593 1.703513 -2.554607 0.378318 0.031214 -0.822078 0.029409 0.567758 0.0003511572 -0.0000048052 -0.0001325067 0.0000003769 0.0000017988 0.0000503868 0.0051550791 0.0017308909 0.0000016533 0.0037097862 -0.0000015376 0.0025270321
1413393236.65594 1.701255 -2.560017 0.382680 0.021137 -0.826401 0.024833 0.562137 0.0003473139 -0.0000064221 -0.0001366880 0.0000004283 0.0000025136 0.0000541826 0.0051647364 0.0017313874 0.0000017587 0.0037061330 -0.0000016233 0.0025270955
1413393236.70595 1.698092 -2.565559 0.384445 0.011724 -0.828545 0.022106 0.559364 0.0003452658 -0.0000087324 -0.0001387350 0.0000005295 0.0000034956 0.0000561346 0.0051766723 0.0017319333 0.0000018388 0.0037015853 -0.0000017108 0.0025271809
1413393236.75596 1.694207 -2.571194 0.383568 0.001274 -0.829139 0.021875 0.558613 0.0003444984 -0.0000129316 -0.0001392135 0.0000007932 0.0000052139 0.0000566431 0.0051879594 0.0017315551 0.0000019094 0.0036961335 -0.0000017921 0.0025272663
1413393236.80597 1.688949 -2.576725 0.380462 -0.009609 -0.828237 0.023178 0.559816 0.0003448633 -0.0000182543 -0.0001382472 0.0000012731 0.0000073077 0.0000558026 0.0051992420 0.0017296809 0.0000019623 0.0036887207 -0.0000018624 0.0025273497
1413393236.85597 1.682005 -2.581724 0.376787 -0.017976 -0.826623 0.022500 0.562019 0.0003459686 -0.0000213408 -0.0001366503 0.0000016218 0.0000084202 0.0000543521 0.0052093001 0.0017259301 0.0000019947 0.0036793802 -0.0000019113 0.0025274214
1413393236.90599 1.673662 -2.585942 0.375205 -0.023726 -0.824827 0.020477 0.564516 0.0003474084 -0.0000225730 -0.0001349145 0.0000017704 0.0000087576 0.0000527669 0.0052177270 0.0017198520 0.0000020148 0.0036677321 -0.0000019503 0.0025274786
1413393236.95600 1.664343 -2.589279 0.376474 -0.026770 -0.821895 0.016806 0.568761 0.0003502144 -0.0000217082 -0.0001319564 0.0000016471 0.0000081704 0.0000500871 0.0052237836 0.0017121876 0.0000020142 0.0036551016 -0.0000019613 0.0025275282
1413393237.00600 1.653067 -2.591368 0.381955 -0.026922 -0.818879 0.011654 0.573216 0.0003533237 -0.0000187708 -0.0001288236 0.0000012963 0.0000068339 0.0000473314 0.0052282506 0.0017024162 0.0000020029 0.0036405334 -0.0000019570 0.0025275596
1413393237.05600 1.641814 -2.592256 0.390419 -0.025520 -0.816748 0.005834 0.576400 0.0003556515 -0.0000146765 -0.0001265695 0.0000009021 0.0000052117 0.0000454003 0.0052305088 0.0016919679 0.0000019864 0.0036261104 -0.0000019403 0.0025275765
1413393237.10600 1.629356 -2.592889 0.401981 -0.022104 -0.814944 -0.001421 0.579117 0.0003577117 -0.0000087838 -0.0001245734 0.0000005092 0.0000030460 0.0000437350 0.0052311099 0.0016797702 0.0000019568 0.0036102894 -0.0000019238 0.0025275788
1413393237.15600 1.616771 -2.593088 0.415041 -0.017077 -0.812318 -0.009518 0.582888 0.0003602437 -0.0000016706 -0.0001216335 0.0000002992 0.0000005490 0.0000414163 0.0052319249 0.0016667619 0.0000019609 0.0035935801 -0.0000019143 0.0025275974
1413393237.20600 1.604038 -2.593759 0.426563 -0.011478 -0.810597 -0.017230 0.585238 0.0003616734 0.0000055314 -0.0001196315 0.0000003744 -0.0000018467 0.0000399151 0.0052330993 0.0016538035 0.0000019701 0.0035769522 -0.0000019017 0.0025276110
1413393237.25599 1.590095 -2.595252 0.434716 -0.007441 -0.809357 -0.022500 0.586839 0.0003625043 0.0000105944 -0.0001181724 0.0000005979 -0.0000034720 0.0000388643 0.0052358239 0.0016407877 0.0000019754 0.0035597975 -0.0000018792 0.0025276152
1413393237.30599 1.576933 -2.597961 0.439139 -0.004077 -0.809585 -0.026607 0.586386 0.0003620708 0.0000145778 -0.0001183510 0.0000008739 -0.0000047845 0.0000390261 0.0052407959 0.0016274227 0.0000019855 0.0035415890 -0.0000018637 0.0025276291
1413393237.35599 1.564064 -2.601927 0.440280 -0.000923 -0.809865 -0.028874 0.585905 0.0003616002 0.0000173742 -0.0001186237 0.0000011206 -0.0000057197 0.0000392543 0.0052493042 0.0016164427 0.0000019917 0.0035251728 -0.0000018415 0.0025276376
1413393237.40599 1.551487 -2.607541 0.437931 0.000654 -0.809218 -0.029470 0.586769 0.0003620303 0.0000184294 -0.0001178882 0.0000012228 -0.0000060213 0.0000387261 0.0052602503 0.0016062746 0.0000019846 0.0035090517 -0.0000018115 0.0025276351
1413393237.45599 1.539113 -2.614877 0.433423 0.000534 -0.808911 -0.026740 0.587323 0.0003624463 0.0000166953 -0.0001175856 0.0000010525 -0.0000054358 0.0000384843 0.0052754852 0.0015976106 0.0000019637 0.0034934311 -0.0000017808 0.0025276312
1413393237.50599 1.527120 -2.623636 0.428093 -0.001952 -0.808424 -0.020008 0.588257 0.0003632450 0.0000114208 -0.0001171231 0.0000006410 -0.0000037001 0.0000381005 0.0052941493 0.0015902039 0.0000019277 0.0034783583 -0.0000017683 0.0025276206
1413393237.55600 1.515666 -2.633392 0.422387 -0.006030 -0.808678 -0.010983 0.588119 0.0003633426 0.0000040073 -0.0001174827 0.0000003252 -0.0000013110 0.0000383223 0.0053149237 0.0015839365 0.0000018955 0.0034641484 -0.0000017664 0.0025276213
1413393237.60600 1.504748 -2.643699 0.417210 -0.010307 -0.808316 -0.001807 0.588656 0.0003636053 -0.0000035971 -0.0001171379 0.0000003159 0.0000011459 0.0000380719 0.0053367966 0.0015785377 0.0000018560 0.0034508155 -0.0000017845 0.0025276134
1413393237.65600 1.494420 -2.654001 0.412000 -0.014581 -0.809612 0.007283 0.586739 0.0003622096 -0.0000110933 -0.0001185946 0.0000006196 0.0000036215 0.0000391661 0.0053588624 0.0015738062 0.0000018263 0.0034383907 -0.0000018071 0.0025276029
1413393237.70600 1.484255 -2.663849 0.407175 -0.017649 -0.810065 0.014655 0.585891 0.0003613316 -0.0000169813 -0.0001190913 0.0000010777 0.0000055881 0.0000395875 0.0053801505 0.0015690784 0.0000017899 0.0034264265 -0.0000018409 0.0025275915
1413393237.75600 1.474494 -2.672729 0.402810 -0.019240 -0.810951 0.019905 0.584459 0.0003601634 -0.0000208858 -0.0001200381 0.0000014906 0.0000069537 0.0000403443 0.0053997305 0.0015640741 0.0000017613 0.0034148797 -0.0000018737 0.0025275824
1413393237.80600 1.464903 -2.680424 0.399271 -0.019658 -0.811954 0.023071 0.582933 0.0003590622 -0.0000229796 -0.0001211101 0.0000017500 0.0000077445 0.0000411880 0.0054163095 0.0015582013 0.0000017465 0.0034034620 -0.0000018939 0.0025275763
1413393237.85600 1.455530 -2.686728 0.396090 -0.018083 -0.813450 0.023056 0.580896 0.0003579234 -0.0000222515 -0.0001227193 0.0000016621 0.0000076229 0.0000424155 0.0054301577 0.0015513815 0.0000017420 0.0033919848 -0.0000019013 0.0025275619
1413393237.90601 1.445523 -2.692066 0.393725 -0.015438 -0.815389 0.021239 0.578318 0.0003565853 -0.0000199218 -0.0001248090 0.0000013913 0.0000069660 0.0000440258 0.0054412893 0.0015436866 0.0000017429 0.0033805026 -0.0000019010 0.0025275578
1413393237.95601 1.435822 -2.696381 0.391469 -0.013194 -0.816541 0.018903 0.576827 0.0003558753 -0.0000174863 -0.0001260532 0.0000011371 0.0000061863 0.0000449912 0.0054505701 0.0015354879 0.0000017481 0.0033691406 -0.0000018884 0.0025275520
1413393238.00601 1.426248 -2.699605 0.388297 -0.007771 -0.819717 0.011669 0.572598 0.0003536559 -0.0000106248 -0.0001294826 0.0000005966 0.0000038806 0.0000477522 0.0054575606 0.0015269215 0.0000017631 0.0033581506 -0.0000018571 0.0025275429
1413393238.05602 1.415958 -2.702664 0.385777 -0.002539 -0.822134 0.004825 0.569268 0.0003517380 -0.0000041362 -0.0001320766 0.0000003257 0.0000015415 0.0000499421 0.0054634920 0.0015174566 0.0000017830 0.0033466196 -0.0000018083 0.0025275346
1413393238.10602 1.405372 -2.705792 0.383847 0.000915 -0.824500 -0.000405 0.565861 0.0003495689 0.0000005657 -0.0001345772 0.0000002778 -0.0000002311 0.0000521598 0.0054697448 0.0015074029 0.0000018061 0.0033344930 -0.0000017550 0.0025275257
1413393238.15602 1.393935 -2.709161 0.383322 0.003074 -0.824937 -0.005633 0.565188 0.0003490883 0.0000047033 -0.0001350267 0.0000003403 -0.0000018342 0.0000525789 0.0054766478 0.0014969662 0.0000018173 0.0033219279 -0.0000017010 0.0025275210
1413393238.20602 1.381462 -2.713141 0.383441 0.004425 -0.825629 -0.009708 0.564112 0.0003483072 0.0000077902 -0.0001357382 0.0000004513 -0.0000030521 0.0000532500 0.0054852065 0.0014857462 0.0000018214 0.0033082722 -0.0000016513 0.0025275167
1413393238.25603 1.367925 -2.717909 0.385647 0.005309 -0.825817 -0.012763 0.563769 0.0003480063 0.0000100427 -0.0001359177 0.0000005669 -0.0000039395 0.0000534360 0.0054954714 0.0014736798 0.0000018199 0.0032934926 -0.0000016071 0.0025275150
1413393238.30603 1.352946 -2.723521 0.389550 0.004485 -0.826312 -0.015591 0.562979 0.0003474485 0.0000114305 -0.0001364114 0.0000006532 -0.0000045057 0.0000539086 0.0055076504 0.0014606943 0.0000018130 0.0032775131 -0.0000015710 0.0025275149
1413393238.35604 1.335518 -2.729960 0.396254 0.002984 -0.826782 -0.016495 0.562273 0.0003470013 0.0000113613 -0.0001368975 0.0000006491 -0.0000045003 0.0000543610 0.0055224655 0.0014456265 0.0000018059 0.0032591021 -0.0000015573 0.0025275324
1413393238.40605 1.315832 -2.737389 0.405144 0.001270 -0.826384 -0.016656 0.562859 0.0003474219 0.0000107459 -0.0001364988 0.0000006098 -0.0000042401 0.0000539815 0.0055387612 0.0014277231 0.0000017741 0.0032379357 -0.0000015442 0.0025275447
1413393238.45606 1.294763 -2.745417 0.416407 -0.002647 -0.825044 -0.013829 0.564894 0.0003488806 0.0000073642 -0.0001351446 0.0000004332 -0.0000028696 0.0000527020 0.0055575179 0.0014086796 0.0000017598 0.0032155776 -0.0000015596 0.0025275967
1413393238.50607 1.273072 -2.754507 0.426757 -0.008856 -0.823961 -0.007689 0.566525 0.0003500264 0.0000009496 -0.0001340801 0.0000002808 -0.0000003787 0.0000517114 0.0055769687 0.0013893364 0.0000017503 0.0031933184 -0.0000016033 0.0025276645
1413393238.55607 1.251542 -2.763896 0.435596 -0.016013 -0.821569 0.000050 0.569884 0.0003520315 -0.0000069281 -0.0001316389 0.0000004151 0.0000025784 0.0000495745 0.0055978659 0.0013699070 0.0000017364 0.0031712062 -0.0000016736 0.0025277394
1413393238.60607 1.229970 -2.773418 0.441892 -0.023587 -0.819287 0.008702 0.572832 0.0003533900 -0.0000155970 -0.0001293118 0.0000009680 0.0000056976 0.0000476657 0.0056180887 0.0013503816 0.0000017201 0.0031496714 -0.0000017645 0.0025278188
1413393238.65607 1.208512 -2.782551 0.445838 -0.030685 -0.817667 0.016536 0.574635 0.0003537593 -0.0000235380 -0.0001276652 0.0000018467 0.0000084874 0.0000464195 0.0056373079 0.0013303346 0.0000016996 0.0031283596 -0.0000018629 0.0025278987
1413393238.70607 1.186673 -2.790345 0.447145 -0.036121 -0.816406 0.022687 0.575901 0.0003537645 -0.0000296660 -0.0001263769 0.0000027695 0.0000105926 0.0000454937 0.0056551567 0.0013102578 0.0000016730 0.0031078593 -0.0000019629 0.0025279800
1413393238.75606 1.165109 -2.796882 0.446215 -0.040387 -0.815358 0.027130 0.576909 0.0003536817 -0.0000342527 -0.0001253139 0.0000036003 0.0000121324 0.0000447479 0.0056690830 0.0012894605 0.0000016496 0.0030879537 -0.0000020417 0.0025280599
1413393238.80606 1.144089 -2.801187 0.444769 -0.042062 -0.814394 0.028213 0.578098 0.0003541680 -0.0000356814 -0.0001243173 0.0000038786 0.0000125212 0.0000439847 0.0056795132 0.0012674399 0.0000016024 0.0030680820 -0.0000021099 0.0025281128
1413393238.85606 1.122583 -2.803998 0.443072 -0.041374 -0.814182 0.025935 0.578553 0.0003547189 -0.0000340270 -0.0001241002 0.0000035482 0.0000119006 0.0000437654 0.0056845118 0.0012452677 0.0000015743 0.0030493663 -0.0000021346 0.0025281552
1413393238.90606 1.101064 -2.804550 0.442103 -0.038569 -0.814326 0.020699 0.578755 0.0003555150 -0.0000296279 -0.0001242385 0.0000027535 0.0000103484 0.0000437654 0.0056863054 0.0012218739 0.0000015328 0.0030305822 -0.0000021416 0.0025281842
1413393238.95606 1.079617 -2.803225 0.442956 -0.033148 -0.814728 0.012260 0.578765 0.0003564744 -0.0000221024 -0.0001246058 0.0000016548 0.0000077180 0.0000439057 0.0056834970 0.0011975397 0.0000015049 0.0030121126 -0.0000021087 0.0025282049
1413393239.00607 1.057718 -2.800605 0.444089 -0.027989 -0.814538 0.002902 0.579427 0.0003576249 -0.0000141090 -0.0001243238 0.0000008414 0.0000048941 0.0000435695 0.0056774686 0.0011726009 0.0000014908 0.0029939744 -0.0000020468 0.0025282217
1413393239.05607 1.035775 -2.797546 0.445384 -0.022466 -0.815074 -0.005149 0.578898 0.0003577450 -0.0000067058 -0.0001247896 0.0000004110 0.0000023257 0.0000438802 0.0056705078 0.0011472087 0.0000014647 0.0029759340 -0.0000019606 0.0025282131
1413393239.10607 1.012883 -2.794281 0.446985 -0.018431 -0.815150 -0.011696 0.578839 0.0003578933 -0.0000008993 -0.0001247777 0.0000002884 0.0000002979 0.0000438541 0.0056629512 0.0011214962 0.0000014381 0.0029580621 -0.0000018657 0.0025281947
1413393239.15607 0.990316 -2.790917 0.448220 -0.015783 -0.815091 -0.016433 0.578885 0.0003579651 0.0000031981 -0.0001246474 0.0000003155 -0.0000011310 0.0000437550 0.0056560403 0.0010949692 0.0000014168 0.0029399107 -0.0000017897 0.0025282141
1413393239.20607 0.967750 -2.788044 0.449220 -0.012885 -0.815538 -0.020121 0.578210 0.0003575174 0.0000067519 -0.0001250654 0.0000004152 -0.0000023809 0.0000441021 0.0056499512 0.0010688615 0.0000013937 0.0029223129 -0.0000017102 0.0025282213
1413393239.25606 0.944893 -2.785764 0.450521 -0.012104 -0.815232 -0.022252 0.578580 0.0003577301 0.0000084048 -0.0001246948 0.0000004859 -0.0000029496 0.0000438174 0.0056447178 0.0010430849 0.0000013632 0.0029052281 -0.0000016484 0.0025282395
1413393239.30606 0.921539 -2.784206 0.451924 -0.011220 -0.815599 -0.024525 0.577989 0.0003573288 0.0000102110 -0.0001250600 0.0000005809 -0.0000035947 0.0000441222 0.0056413376 0.0010171821 0.0000013280 0.0028882382 -0.0000015959 0.0025282565
1413393239.35605 0.898186 -2.783869 0.453775 -0.010429 -0.816290 -0.025366 0.576991 0.0003566820 0.0000110762 -0.0001257881 0.0000006336 -0.0000039279 0.0000447148 0.0056404238 0.0009909951 0.0000012999 0.0028712238 -0.0000015463 0.0025282935
1413393239.40605 0.874504 -2.784593 0.456046 -0.010769 -0.816498 -0.025850 0.576668 0.0003564850 0.0000112254 -0.0001260147 0.0000006436 -0.0000039903 0.0000449001 0.0056413190 0.0009650705 0.0000012711 0.0028546365 -0.0000015080 0.0025283295
1413393239.45605 0.850401 -2.786493 0.458759 -0.011446 -0.817068 -0.025082 0.575882 0.0003560213 0.0000104730 -0.0001266453 0.0000005984 -0.0000037478 0.0000454067 0.0056456492 0.0009391118 0.0000012491 0.0028381493 -0.0000014792 0.0025283695
1413393239.50604 0.826094 -2.789983 0.462837 -0.009645 -0.817037 -0.027155 0.575864 0.0003559415 0.0000125243 -0.0001265524 0.0000007316 -0.0000044762 0.0000453512 0.0056518465 0.0009128703 0.0000012236 0.0028218495 -0.0000014637 0.0025284180
1413393239.55604 0.801085 -2.794937 0.466911 -0.011096 -0.817432 -0.025074 0.575373 0.0003556987 0.0000106141 -0.0001270191 0.0000006078 -0.0000038132 0.0000457155 0.0056625116 0.0008871207 0.0000011947 0.0028059790 -0.0000014631 0.0025284628
1413393239.60604 0.776206 -2.801229 0.471637 -0.013161 -0.817890 -0.020870 0.574845 0.0003554377 0.0000071328 -0.0001275743 0.0000004343 -0.0000025822 0.0000461475 0.0056761768 0.0008608892 0.0000011701 0.0027901546 -0.0000014733 0.0025285162
1413393239.65602 0.750621 -2.809098 0.475992 -0.017872 -0.817746 -0.013274 0.575149 0.0003556220 0.0000004027 -0.0001275443 0.0000002914 -0.0000001645 0.0000461027 0.0056921494 0.0008348257 0.0000011335 0.0027748009 -0.0000015237 0.0025285465
1413393239.70602 0.724439 -2.817441 0.480287 -0.025420 -0.817535 -0.002457 0.575313 0.0003553720 -0.0000095624 -0.0001274836 0.0000005483 0.0000034135 0.0000460917 0.0057102403 0.0008081996 0.0000010904 0.0027595735 -0.0000016021 0.0025285656
1413393239.75602 0.698098 -2.825728 0.484858 -0.030765 -0.817238 0.006377 0.575444 0.0003548830 -0.0000173243 -0.0001272496 0.0000011368 0.0000061978 0.0000459871 0.0057284128 0.0007808005 0.0000010558 0.0027445826 -0.0000016890 0.0025285884
1413393239.80602 0.672057 -2.832378 0.489757 -0.034278 -0.817160 0.011776 0.575270 0.0003542684 -0.0000221636 -0.0001272343 0.0000016780 0.0000079475 0.0000460561 0.0057447469 0.0007528746 0.0000010178 0.0027301164 -0.0000017742 0.0025286200
1413393239.85603 0.645676 -2.836838 0.494582 -0.036289 -0.818140 0.014637 0.573686 0.0003529777 -0.0000247146 -0.0001283035 0.0000020223 0.0000089719 0.0000469989 0.0057567654 0.0007249387 0.0000009915 0.0027165524 -0.0000018438 0.0025286622
1413393239.90603 0.618676 -2.840049 0.499397 -0.034715 -0.818987 0.012871 0.572617 0.0003525104 -0.0000229093 -0.0001291822 0.0000017807 0.0000083833 0.0000477039 0.0057639983 0.0006955402 0.0000009687 0.0027031843 -0.0000019043 0.0025287071
1413393239.95603 0.590953 -2.841898 0.504386 -0.033532 -0.819180 0.011396 0.572442 0.0003525570 -0.0000214880 -0.0001293650 0.0000016016 0.0000078721 0.0000478323 0.0057683771 0.0006649840 0.0000009456 0.0026900731 -0.0000019559 0.0025287504
1413393240.00602 0.562563 -2.842625 0.510062 -0.030225 -0.818602 0.007057 0.573522 0.0003536463 -0.0000174335 -0.0001286862 0.0000011512 0.0000063299 0.0000471907 0.0057699981 0.0006331409 0.0000009223 0.0026771963 -0.0000019970 0.0025288063
1413393240.05602 0.533941 -2.842511 0.516557 -0.026067 -0.817983 0.001957 0.574648 0.0003547395 -0.0000125432 -0.0001279466 0.0000007353 0.0000045085 0.0000465112 0.0057699282 0.0006004200 0.0000009036 0.0026647088 -0.0000020288 0.0025288714
1413393240.10602 0.505002 -2.841803 0.523931 -0.020624 -0.816681 -0.005315 0.576697 0.0003563776 -0.0000057511 -0.0001264383 0.0000003847 0.0000020227 0.0000452216 0.0057682583 0.0005675668 0.0000008808 0.0026528966 -0.0000020493 0.0025289396
1413393240.15602 0.475345 -2.841236 0.530611 -0.015668 -0.815688 -0.011480 0.578166 0.0003574325 0.0000001925 -0.0001252572 0.0000002922 -0.0000000869 0.0000442568 0.0057667886 0.0005345074 0.0000008620 0.0026416701 -0.0000020576 0.0025290046
1413393240.20602 0.446094 -2.841069 0.535525 -0.011958 -0.814766 -0.015397 0.579463 0.0003582325 0.0000042187 -0.0001241747 0.0000003418 -0.0000014827 0.0000434045 0.0057666341 0.0005011506 0.0000008362 0.0026309886 -0.0000020570 0.0025290698
1413393240.25603 0.416539 -2.841705 0.538362 -0.009473 -0.815162 -0.018033 0.578875 0.0003578295 0.0000069302 -0.0001245574 0.0000004265 -0.0000024333 0.0000437195 0.0057675055 0.0004685289 0.0000008261 0.0026211770 -0.0000020420 0.0025291173
1413393240.30603 0.388013 -2.842714 0.537809 -0.009339 -0.815441 -0.017235 0.578509 0.0003576020 0.0000065148 -0.0001248617 0.0000004110 -0.0000022953 0.0000439600 0.0057707431 0.0004356576 0.0000007953 0.0026119308 -0.0000020337 0.0025291861
1413393240.35603 0.358985 -2.844375 0.534672 -0.010457 -0.815459 -0.015043 0.578525 0.0003576239 0.0000046692 -0.0001249118 0.0000003529 -0.0000016505 0.0000439925 0.0057746478 0.0004034611 0.0000007627 0.0026034912 -0.0000020002 0.0025292177
1413393240.40604 0.330380 -2.846157 0.528530 -0.013386 -0.815380 -0.010369 0.578679 0.0003577004 0.0000005037 -0.0001248967 0.0000002924 -0.0000001938 0.0000439728 0.0057798677 0.0003704403 0.0000007284 0.0025955023 -0.0000019675 0.0025292546
1413393240.45604 0.300986 -2.848477 0.520455 -0.015931 -0.814687 -0.006099 0.579650 0.0003582335 -0.0000032640 -0.0001241770 0.0000003212 0.0000011150 0.0000434072 0.0057846335 0.0003378035 0.0000006988 0.0025882988 -0.0000019368 0.0025293060
1413393240.50604 0.271532 -2.850909 0.510197 -0.019989 -0.814549 -0.000077 0.579750 0.0003580792 -0.0000087651 -0.0001240994 0.0000005057 0.0000030234 0.0000433722 0.0057900537 0.0003046935 0.0000006781 0.0025816586 -0.0000019010 0.0025293435
1413393240.55604 0.242404 -2.853132 0.500936 -0.023188 -0.814005 0.004255 0.580379 0.0003582237 -0.0000128602 -0.0001235535 0.0000007528 0.0000044232 0.0000429774 0.0057949993 0.0002714102 0.0000006651 0.0025757007 -0.0000018798 0.0025294165
1413393240.60604 0.213360 -2.854692 0.494078 -0.025927 -0.813656 0.007796 0.580716 0.0003581674 -0.0000162500 -0.0001232203 0.0000010284 0.0000055799 0.0000427547 0.0057988197 0.0002383507 0.0000006548 0.0025704825 -0.0000018551 0.0025294858
1413393240.65604 0.184109 -2.855486 0.489482 -0.027306 -0.813846 0.008591 0.580375 0.0003578586 -0.0000173214 -0.0001234626 0.0000011294 0.0000059665 0.0000429586 0.0058003145 0.0002042281 0.0000006475 0.0025658359 -0.0000018281 0.0025295497
1413393240.70603 0.153080 -2.855405 0.490283 -0.027803 -0.814083 0.007462 0.580035 0.0003576879 -0.0000168220 -0.0001237432 0.0000010822 0.0000058106 0.0000431732 0.0057999130 0.0001681781 0.0000006445 0.0025617468 -0.0000018033 0.0025296328
1413393240.75601 0.120703 -2.854688 0.496589 -0.026453 -0.813209 0.003459 0.581360 0.0003587412 -0.0000137850 -0.0001227736 0.0000008210 0.0000047077 0.0000423812 0.0057979662 0.0001315469 0.0000006423 0.0025584577 -0.0000017459 0.0025296803
1413393240.80599 0.088221 -2.853577 0.505100 -0.024837 -0.811742 -0.000919 0.583488 0.0003602595 -0.0000104811 -0.0001211296 0.0000005970 0.0000035132 0.0000410907 0.0057952567 0.0000948957 0.0000006400 0.0025560320 -0.0000017239 0.0025298377
1413393240.85595 0.057881 -2.853706 0.511249 -0.022440 -0.810041 -0.006327 0.585910 0.0003618998 -0.0000061312 -0.0001192452 0.0000003966 0.0000020083 0.0000396536 0.0057923889 0.0000583380 0.0000006573 0.0025544023 -0.0000017168 0.0025299822
1413393240.90594 0.027018 -2.852486 0.516272 -0.022110 -0.807361 -0.009406 0.589568 0.0003641234 -0.0000041924 -0.0001162728 0.0000003422 0.0000013262 0.0000374903 0.0057930602 0.0000247790 0.0000006565 0.0025536947 -0.0000016931 0.0025301698
1413393240.95594 -0.002033 -2.851478 0.516595 -0.021732 -0.804660 -0.012577 0.593204 0.0003662587 -0.0000021414 -0.0001132780 0.0000003077 0.0000006493 0.0000353961 0.0057909534 -0.0000084004 0.0000006489 0.0025536853 -0.0000016688 0.0025303524
1413393241.00594 -0.030029 -2.850334 0.513190 -0.021513 -0.802152 -0.014872 0.596547 0.0003681626 -0.0000007164 -0.0001104723 0.0000002979 0.0000002016 0.0000335091 0.0057898148 -0.0000400413 0.0000006381 0.0025543095 -0.0000016290 0.0025305337
1413393241.05595 -0.057315 -2.849183 0.506854 -0.023137 -0.799879 -0.014996 0.599527 0.0003697769 -0.0000014750 -0.0001079880 0.0000003037 0.0000004178 0.0000318962 0.0057879712 -0.0000712832 0.0000006250 0.0025555244 -0.0000015806 0.0025307114
1413393241.10596 -0.082869 -2.848699 0.496593 -0.026744 -0.799085 -0.012251 0.600497 0.0003701999 -0.0000048649 -0.0001072302 0.0000003630 0.0000013973 0.0000314202 0.0057866353 -0.0001010621 0.0000006218 0.0025572151 -0.0000015253 0.0025308598
1413393241.15597 -0.106599 -2.848357 0.483924 -0.031572 -0.799043 -0.007874 0.600393 0.0003699135 -0.0000097794 -0.0001073541 0.0000005590 0.0000028278 0.0000315173 0.0057864012 -0.0001284272 0.0000006359 0.0025592276 -0.0000014607 0.0025309856
1413393241.20598 -0.128560 -2.847867 0.469172 -0.036362 -0.799719 -0.003067 0.599265 0.0003689410 -0.0000148947 -0.0001082960 0.0000009031 0.0000043635 0.0000321515 0.0057858507 -0.0001538365 0.0000006841 0.0025614698 -0.0000013857 0.0025310913
1413393241.25598 -0.149073 -2.847025 0.454378 -0.040834 -0.800908 0.001010 0.597392 0.0003675013 -0.0000193679 -0.0001098089 0.0000013238 0.0000057803 0.0000331759 0.0057840510 -0.0001772002 0.0000007520 0.0025638590 -0.0000013101 0.0025311702
1413393241.30598 -0.168161 -2.845408 0.439417 -0.044437 -0.803108 0.003838 0.594162 0.0003653384 -0.0000225964 -0.0001124271 0.0000017020 0.0000069484 0.0000349657 0.0057805815 -0.0001989801 0.0000008483 0.0025663803 -0.0000012312 0.0025312472
1413393241.35597 -0.185922 -2.842885 0.424879 -0.045948 -0.808319 0.003605 0.586938 0.0003611640 -0.0000227766 -0.0001182722 0.0000017418 0.0000074545 0.0000391044 0.0057746175 -0.0002192849 0.0000009742 0.0025690033 -0.0000011545 0.0025313173
1413393241.40597 -0.203679 -2.839092 0.412286 -0.047357 -0.811937 0.003694 0.581809 0.0003580623 -0.0000231790 -0.0001222920 0.0000018070 0.0000079131 0.0000421449 0.0057668200 -0.0002384441 0.0000011001 0.0025717161 -0.0000010697 0.0025313891
1413393241.45599 -0.221169 -2.833193 0.401606 -0.046816 -0.814634 0.000615 0.578083 0.0003560608 -0.0000208739 -0.0001252263 0.0000015310 0.0000073378 0.0000444227 0.0057549854 -0.0002578337 0.0000012642 0.0025746564 -0.0000009875 0.0025314319
1413393241.50601 -0.237559 -2.827970 0.393215 -0.044416 -0.815851 -0.004071 0.576540 0.0003555514 -0.0000168495 -0.0001264579 0.0000011065 0.0000059885 0.0000453594 0.0057394169 -0.0002768300 0.0000013259 0.0025779116 -0.0000008857 0.0025314736
1413393241.55602 -0.254184 -2.821564 0.385572 -0.041641 -0.815315 -0.009335 0.577443 0.0003565060 -0.0000124565 -0.0001257947 0.0000007438 0.0000043901 0.0000447700 0.0057257444 -0.0002946338 0.0000013862 0.0025811945 -0.0000007795 0.0025314902
1413393241.60603 -0.272211 -2.814619 0.377871 -0.038101 -0.813684 -0.015068 0.579861 0.0003583415 -0.0000074792 -0.0001238925 0.0000004658 0.0000025794 0.0000432163 0.0057104688 -0.0003125065 0.0000014671 0.0025847685 -0.0000006878 0.0025315684
1413393241.65603 -0.289929 -2.807872 0.370642 -0.034915 -0.812593 -0.019363 0.581462 0.0003595122 -0.0000034899 -0.0001225707 0.0000003447 0.0000011825 0.0000421701 0.0056952071 -0.0003317062 0.0000015344 0.0025888632 -0.0000005906 0.0025316358
1413393241.70604 -0.307539 -2.801216 0.363974 -0.031688 -0.811199 -0.023764 0.583427 0.0003608257 0.0000005871 -0.0001209015 0.0000003129 -0.0000002048 0.0000408906 0.0056802908 -0.0003502860 0.0000015802 0.0025930875 -0.0000004952 0.0025316788
1413393241.75604 -0.323582 -2.794699 0.357130 -0.030294 -0.810991 -0.025837 0.583702 0.0003610197 0.0000024716 -0.0001206206 0.0000003299 -0.0000008340 0.0000406808 0.0056663767 -0.0003687919 0.0000016073 0.0025975299 -0.0000004170 0.0025317051
1413393241.80603 -0.340717 -2.789570 0.350496 -0.028101 -0.811744 -0.027920 0.582669 0.0003604242 0.0000047472 -0.0001213423 0.0000003767 -0.0000016065 0.0000412329 0.0056534898 -0.0003854663 0.0000016366 0.0026017834 -0.0000003418 0.0025317486
1413393241.85603 -0.357698 -2.785075 0.344345 -0.026619 -0.812347 -0.028779 0.581856 0.0003599280 0.0000059613 -0.0001219409 0.0000004141 -0.0000020278 0.0000416946 0.0056438629 -0.0004037348 0.0000016520 0.0026066108 -0.0000002773 0.0025317847
1413393241.90603 -0.374992 -2.781814 0.338810 -0.025701 -0.811337 -0.029400 0.583273 0.0003607726 0.0000067037 -0.0001207963 0.0000004411 -0.0000022524 0.0000408273 0.0056359015 -0.0004218466 0.0000016630 0.0026116186 -0.0000002189 0.0025318328
1413393241.95603 -0.391839 -2.779637 0.333977 -0.023607 -0.809108 -0.029693 0.586434 0.0003626013 0.0000077272 -0.0001182752 0.0000004822 -0.0000025280 0.0000389591 0.0056311481 -0.0004402366 0.0000016547 0.0026168593 -0.0000001622 0.0025318545
1413393242.00603 -0.408552 -2.778524 0.329108 -0.022648 -0.807519 -0.029091 0.588688 0.0003638980 0.0000077269 -0.0001164847 0.0000004826 -0.0000024802 0.0000376654 0.0056286167 -0.0004583128 0.0000016343 0.0026222136 -0.0000001102 0.0025318853
1413393242.05603 -0.424700 -2.778453 0.325223 -0.021100 -0.804747 -0.028752 0.592546 0.0003660728 0.0000081232 -0.0001133525 0.0000004996 -0.0000025217 0.0000354748 0.0056286227 -0.0004762507 0.0000015820 0.0026276765 -0.0000000655 0.0025318846
1413393242.10604 -0.439772 -2.779608 0.321918 -0.019513 -0.802231 -0.028059 0.596035 0.0003679905 0.0000083215 -0.0001104931 0.0000005083 -0.0000025043 0.0000335503 0.0056308856 -0.0004934869 0.0000014807 0.0026330760 -0.0000000248 0.0025318646
1413393242.15604 -0.454282 -2.781633 0.319373 -0.020022 -0.798728 -0.025476 0.600819 0.0003706023 0.0000063766 -0.0001065740 0.0000004305 -0.0000018383 0.0000310183 0.0056355134 -0.0005093338 0.0000014121 0.0026381341 0.0000000105 0.0025318676
1413393242.20604 -0.467716 -2.784570 0.317283 -0.020683 -0.794841 -0.021814 0.606073 0.0003733517 0.0000036955 -0.0001021987 0.0000003581 -0.0000010147 0.0000283431 0.0056423908 -0.0005243711 0.0000013624 0.0026429999 0.0000000375 0.0025318821
1413393242.25604 -0.479423 -2.788161 0.315504 -0.020821 -0.792357 -0.019757 0.609382 0.0003750202 0.0000022690 -0.0000993744 0.0000003361 -0.0000006035 0.0000266988 0.0056499035 -0.0005380176 0.0000013090 0.0026474846 0.0000000572 0.0025318931
1413393242.30604 -0.489891 -2.791965 0.314186 -0.021807 -0.791225 -0.017383 0.610889 0.0003757598 0.0000003170 -0.0000980943 0.0000003233 -0.0000000838 0.0000259732 0.0056587761 -0.0005497528 0.0000012246 0.0026513097 0.0000000388 0.0025318642
1413393242.35603 -0.497999 -2.796745 0.312437 -0.023809 -0.792359 -0.013248 0.609446 0.0003749536 -0.0000031459 -0.0000994717 0.0000003504 0.0000008349 0.0000267547 0.0056685870 -0.0005601661 0.0000011914 0.0026547217 0.0000000363 0.0025318871
1413393242.40603 -0.504332 -2.801716 0.310876 -0.026910 -0.795593 -0.007562 0.605187 0.0003725855 -0.0000079714 -0.0001032487 0.0000004956 0.0000022112 0.0000289796 0.0056797598 -0.0005682220 0.0000011700 0.0026572481 0.0000000142 0.0025319113
1413393242.45603 -0.509035 -2.806888 0.309239 -0.030911 -0.800572 -0.001068 0.598438 0.0003686368 -0.0000136088 -0.0001089928 0.0000008286 0.0000040283 0.0000325971 0.0056909046 -0.0005744585 0.0000011633 0.0026590964 -0.0000000255 0.0025319368
1413393242.50602 -0.512444 -2.811516 0.307739 -0.035419 -0.806524 0.006079 0.590108 0.0003634196 -0.0000197414 -0.0001157512 0.0000013999 0.0000062953 0.0000372444 0.0057014207 -0.0005791575 0.0000011694 0.0026603709 -0.0000000782 0.0025319645
1413393242.55602 -0.515350 -2.815070 0.306678 -0.038511 -0.811797 0.011495 0.582556 0.0003584853 -0.0000241197 -0.0001215977 0.0000019516 0.0000081915 0.0000416279 0.0057099547 -0.0005829225 0.0000011852 0.0026613586 -0.0000001354 0.0025319921
1413393242.60602 -0.518188 -2.817483 0.306431 -0.040987 -0.815920 0.015262 0.576508 0.0003543827 -0.0000272288 -0.0001261057 0.0000024220 0.0000097016 0.0000452609 0.0057151535 -0.0005863993 0.0000012086 0.0026623656 -0.0000001932 0.0025320181
1413393242.65603 -0.521684 -2.818602 0.307112 -0.041768 -0.818616 0.017040 0.572567 0.0003517311 -0.0000284685 -0.0001289932 0.0000026347 0.0000104542 0.0000476965 0.0057173547 -0.0005902132 0.0000012369 0.0026635695 -0.0000002442 0.0025320153
1413393242.70604 -0.525832 -2.817928 0.309284 -0.043338 -0.819538 0.019021 0.571067 0.0003505229 -0.0000302545 -0.0001299883 0.0000029425 0.0000112347 0.0000485964 0.0057162064 -0.0005946971 0.0000012483 0.0026652269 -0.0000002944 0.0025320028
1413393242.75606 -0.530243 -2.815609 0.312019 -0.044945 -0.819218 0.022853 0.571261 0.0003501632 -0.0000332931 -0.0001296539 0.0000034974 0.0000123441 0.0000483981 0.0057113132 -0.0005995991 0.0000012577 0.0026671506 -0.0000003466 0.0025319891
1413393242.80607 -0.535088 -2.812133 0.315236 -0.043466 -0.818523 0.024084 0.572321 0.0003508499 -0.0000334611 -0.0001288140 0.0000035238 0.0000123026 0.0000476850 0.0057025328 -0.0006044696 0.0000012598 0.0026692839 -0.0000003919 0.0025319980
1413393242.85607 -0.540835 -2.807061 0.319248 -0.038744 -0.817894 0.023628 0.573576 0.0003520538 -0.0000312291 -0.0001279627 0.0000031032 0.0000113681 0.0000469016 0.0056914360 -0.0006096662 0.0000012535 0.0026716670 -0.0000004302 0.0025320071
1413393242.90606 -0.547747 -2.800648 0.324035 -0.028410 -0.817478 0.018276 0.574969 0.0003540208 -0.0000235547 -0.0001272622 0.0000018996 0.0000084823 0.0000461371 0.0056771322 -0.0006154911 0.0000012429 0.0026744584 -0.0000004285 0.0025319848
1413393242.95606 -0.554606 -2.793434 0.328800 -0.018428 -0.818591 0.014442 0.573899 0.0003540292 -0.0000168813 -0.0001283035 0.0000011373 0.0000061311 0.0000468881 0.0056605524 -0.0006218467 0.0000012354 0.0026776052 -0.0000004207 0.0025319678
1413393243.00605 -0.561993 -2.786079 0.334331 -0.007814 -0.820237 0.012193 0.571841 0.0003531607 -0.0000109098 -0.0001299621 0.0000006689 0.0000040264 0.0000482157 0.0056438286 -0.0006281729 0.0000012432 0.0026807545 -0.0000003723 0.0025319069
1413393243.05604 -0.570097 -2.778210 0.339757 0.003677 -0.821412 0.012324 0.570190 0.0003523279 -0.0000060432 -0.0001312384 0.0000004357 0.0000022615 0.0000492753 0.0056277153 -0.0006355104 0.0000012375 0.0026843931 -0.0000003466 0.0025318640
1413393243.10604 -0.579198 -2.770540 0.345400 0.014295 -0.822773 0.014506 0.568005 0.0003510430 -0.0000028707 -0.0001328027 0.0000003561 0.0000010956 0.0000506315 0.0056107930 -0.0006435150 0.0000012223 0.0026884162 -0.0000003249 0.0025318420
1413393243.15603 -0.589022 -2.763458 0.351776 0.024992 -0.822573 0.019536 0.567774 0.0003509989 -0.0000014077 -0.0001328651 0.0000003389 0.0000005421 0.0000506843 0.0055953660 -0.0006526911 0.0000012005 0.0026929604 -0.0000003112 0.0025318238
1413393243.20603 -0.599599 -2.756981 0.359216 0.036143 -0.819798 0.025890 0.570924 0.0003531696 -0.0000004390 -0.0001303627 0.0000003341 0.0000001709 0.0000485065 0.0055813035 -0.0006627525 0.0000011529 0.0026978986 -0.0000002883 0.0025317935
1413393243.25603 -0.610315 -2.750973 0.367482 0.045220 -0.814902 0.031381 0.576979 0.0003571125 0.0000003879 -0.0001255879 0.0000003340 -0.0000001279 0.0000445471 0.0055671411 -0.0006733255 0.0000010807 0.0027031520 -0.0000002393 0.0025317233
1413393243.30603 -0.622127 -2.744582 0.373858 0.053645 -0.809764 0.036464 0.583159 0.0003610196 0.0000013340 -0.0001205395 0.0000003387 -0.0000004371 0.0000406218 0.0055544714 -0.0006837889 0.0000010139 0.0027084292 -0.0000002224 0.0025316705
1413393243.35603 -0.633414 -2.738942 0.377634 0.059871 -0.805852 0.042185 0.587570 0.0003638042 0.0000009190 -0.0001167320 0.0000003362 -0.0000002865 0.0000378265 0.0055407438 -0.0006951042 0.0000009574 0.0027142481 -0.0000002157 0.0025316198
1413393243.40603 -0.644249 -2.733287 0.379151 0.064897 -0.802026 0.046291 0.591946 0.0003664614 0.0000009848 -0.0001129142 0.0000003367 -0.0000002949 0.0000351590 0.0055283537 -0.0007053748 0.0000008913 0.0027196475 -0.0000002233 0.0025315720
1413393243.45603 -0.654277 -2.727809 0.378413 0.069605 -0.799625 0.050354 0.594323 0.0003679546 0.0000008561 -0.0001106787 0.0000003363 -0.0000002487 0.0000336570 0.0055167626 -0.0007148857 0.0000008439 0.0027247530 -0.0000002396 0.0025315385
1413393243.55604 -0.671434 -2.717560 0.368709 0.076075 -0.796537 0.057030 0.597067 0.0003697568 0.0000000006 -0.0001079032 0.0000003360 0.0000000091 0.0000318530 0.0054942626 -0.0007309416 0.0000007815 0.0027338098 -0.0000002517 0.0025315313
1413393243.60604 -0.678199 -2.712378 0.361130 0.078593 -0.796248 0.059167 0.596918 0.0003697757 -0.0000001449 -0.0001078567 0.0000003349 0.0000000517 0.0000318223 0.0054830152 -0.0007373350 0.0000007600 0.0027375400 -0.0000002499 0.0025314750
1413393243.65605 -0.683520 -2.707529 0.353235 0.080857 -0.796442 0.060365 0.596237 0.0003694467 0.0000001017 -0.0001083511 0.0000003329 -0.0000000206 0.0000321375 0.0054720085 -0.0007419921 0.0000007614 0.0027404359 -0.0000002408 0.0025314076
1413393243.70605 -0.687051 -2.702604 0.345836 0.083249 -0.797541 0.060744 0.594397 0.0003684698 0.0000008124 -0.0001098383 0.0000003332 -0.0000002331 0.0000331012 0.0054619864 -0.0007450116 0.0000007556 0.0027424781 -0.0000002284 0.0025313615
1413393243.75605 -0.689497 -2.697916 0.339469 0.084746 -0.799069 0.061287 0.592073 0.0003672247 0.0000009421 -0.0001117014 0.0000003323 -0.0000002775 0.0000343353 0.0054519686 -0.0007462778 0.0000007611 0.0027436579 -0.0000002086 0.0025313265
1413393243.80606 -0.691295 -2.693625 0.333911 0.086167 -0.800467 0.060854 0.590021 0.0003660331 0.0000016379 -0.0001134331 0.0000003347 -0.0000004987 0.0000355094 0.0054422391 -0.0007465936 0.0000007831 0.0027443436 -0.0000001899 0.0025312763
1413393243.85605 -0.691809 -2.689305 0.329619 0.086374 -0.801087 0.062284 0.588999 0.0003655625 0.0000007589 -0.0001141135 0.0000003276 -0.0000002277 0.0000359768 0.0054338133 -0.0007460837 0.0000007950 0.0027445324 -0.0000001686 0.0025312499
1413393243.90605 -0.692065 -2.685570 0.326380 0.087176 -0.801452 0.061849 0.588431 0.0003651911 0.0000013095 -0.0001146325 0.0000003294 -0.0000004018 0.0000363363 0.0054245252 -0.0007445612 0.0000008016 0.0027442710 -0.0000001439 0.0025312254
1413393243.95605 -0.691287 -2.682568 0.324143 0.087669 -0.801415 0.061977 0.588394 0.0003651637 0.0000014471 -0.0001146602 0.0000003290 -0.0000004452 0.0000363545 0.0054173087 -0.0007432990 0.0000008137 0.0027440077 -0.0000001159 0.0025312001
1413393244.00606 -0.689983 -2.679442 0.321916 0.088023 -0.801638 0.061887 0.588046 0.0003649339 0.0000016217 -0.0001149753 0.0000003271 -0.0000005014 0.0000365730 0.0054114493 -0.0007408839 0.0000008182 0.0027430503 -0.0000000663 0.0025311255
1413393244.05606 -0.688055 -2.677082 0.321465 0.088715 -0.801244 0.060663 0.588606 0.0003651867 0.0000027482 -0.0001145842 0.0000003402 -0.0000008529 0.0000363004 0.0054054733 -0.0007381232 0.0000008228 0.0027419641 -0.0000000484 0.0025311119
1413393244.10606 -0.685454 -2.675232 0.321491 0.089408 -0.801543 0.059574 0.588206 0.0003648619 0.0000036742 -0.0001150158 0.0000003559 -0.0000011489 0.0000366029 0.0054014473 -0.0007347944 0.0000008272 0.0027404621 -0.0000000324 0.0025311008
1413393244.15606 -0.681905 -2.674077 0.321733 0.090768 -0.801625 0.059263 0.587917 0.0003646501 0.0000044462 -0.0001152831 0.0000003723 -0.0000013965 0.0000367913 0.0053989022 -0.0007309255 0.0000008277 0.0027385882 -0.0000000191 0.0025310809
1413393244.20607 -0.677378 -2.673934 0.322052 0.093109 -0.801296 0.061323 0.587789 0.0003647056 0.0000042533 -0.0001152045 0.0000003672 -0.0000013344 0.0000367346 0.0053987496 -0.0007262530 0.0000008318 0.0027361528 -0.0000000072 0.0025310649
1413393244.25607 -0.672017 -2.674588 0.322631 0.097629 -0.801303 0.063675 0.586795 0.0003642612 0.0000047743 -0.0001158070 0.0000003797 -0.0000015089 0.0000371600 0.0054003812 -0.0007210203 0.0000008336 0.0027333284 0.0000000067 0.0025310408
1413393244.30607 -0.665589 -2.676313 0.323464 0.103406 -0.801225 0.066580 0.585587 0.0003637357 0.0000054980 -0.0001165058 0.0000003996 -0.0000017524 0.0000376585 0.0054039883 -0.0007149207 0.0000008303 0.0027299527 0.0000000238 0.0025310013
1413393244.35607 -0.658576 -2.679027 0.324254 0.110072 -0.800969 0.071353 0.584158 0.0003632330 0.0000054514 -0.0001172001 0.0000003975 -0.0000017505 0.0000381559 0.0054097489 -0.0007081135 0.0000008153 0.0027260931 0.0000000352 0.0025309509
1413393244.40607 -0.651592 -2.682489 0.324014 0.115337 -0.799527 0.076261 0.584499 0.0003637853 0.0000048958 -0.0001164455 0.0000003808 -0.0000015587 0.0000376117 0.0054167986 -0.0007010688 0.0000008132 0.0027220860 0.0000000588 0.0025309097
1413393244.45607 -0.643618 -2.686383 0.322310 0.119109 -0.797570 0.081883 0.585654 0.0003649120 0.0000033857 -0.0001148972 0.0000003460 -0.0000010574 0.0000365134 0.0054247344 -0.0006934711 0.0000008110 0.0027178179 0.0000000701 0.0025308792
1413393244.50607 -0.635559 -2.691176 0.316675 0.122433 -0.796442 0.087634 0.585670 0.0003654183 0.0000014270 -0.0001142016 0.0000003195 -0.0000004369 0.0000360254 0.0054335376 -0.0006848000 0.0000007852 0.0027129986 0.0000000576 0.0025308063
1413393244.55606 -0.625740 -2.695774 0.308475 0.124439 -0.795243 0.092737 0.586091 0.0003660748 -0.0000006549 -0.0001132448 0.0000003142 0.0000002120 0.0000353653 0.0054436809 -0.0006764218 0.0000007763 0.0027083383 0.0000000723 0.0025307514
1413393244.60606 -0.616374 -2.701067 0.298153 0.126612 -0.795248 0.097279 0.584882 0.0003658072 -0.0000025729 -0.0001135944 0.0000003299 0.0000008090 0.0000356068 0.0054542040 -0.0006664034 0.0000007677 0.0027029614 0.0000000819 0.0025306853
1413393244.65605 -0.605991 -2.705925 0.288017 0.128303 -0.795321 0.101442 0.583705 0.0003654894 -0.0000044559 -0.0001139856 0.0000003654 0.0000014002 0.0000358805 0.0054659052 -0.0006572040 0.0000007740 0.0026980633 0.0000000984 0.0025306454
1413393244.70605 -0.595039 -2.710465 0.281032 0.130072 -0.794381 0.104395 0.584073 0.0003659564 -0.0000053591 -0.0001132579 0.0000003890 0.0000016695 0.0000353821 0.0054759639 -0.0006462188 0.0000007769 0.0026925579 0.0000001154 0.0025306036
1413393244.75605 -0.582247 -2.714427 0.274372 0.129445 -0.795214 0.109179 0.582201 0.0003652723 -0.0000088143 -0.0001140246 0.0000005226 0.0000027634 0.0000359245 0.0054838870 -0.0006325660 0.0000007729 0.0026861125 0.0000001205 0.0025305554
1413393244.80604 -0.569152 -2.717646 0.270600 0.128045 -0.795286 0.114211 0.581446 0.0003651538 -0.0000125809 -0.0001138346 0.0000007435 0.0000039352 0.0000358170 0.0054913376 -0.0006190838 0.0000007683 0.0026799307 0.0000001140 0.0025305267
1413393244.85605 -0.556246 -2.719490 0.270552 0.127283 -0.796180 0.117829 0.579666 0.0003643579 -0.0000153589 -0.0001146329 0.0000009576 0.0000048464 0.0000363952 0.0054971005 -0.0006052050 0.0000007568 0.0026738079 0.0000000982 0.0025304984
1413393244.90605 -0.543895 -2.720463 0.275539 0.126178 -0.796171 0.120325 0.579407 0.0003643061 -0.0000173859 -0.0001144132 0.0000011403 0.0000054752 0.0000362619 0.0055001739 -0.0005928373 0.0000007456 0.0026685601 0.0000000730 0.0025304908
1413393244.95607 -0.532549 -2.720087 0.285017 0.126315 -0.795895 0.120613 0.579696 0.0003645102 -0.0000174337 -0.0001141103 0.0000011445 0.0000054729 0.0000360513 0.0055004651 -0.0005806104 0.0000007343 0.0026635781 0.0000000389 0.0025304754
1413393245.00607 -0.522008 -2.717249 0.296151 0.128153 -0.797407 0.117788 0.577793 0.0003633722 -0.0000152090 -0.0001160359 0.0000009459 0.0000048715 0.0000373834 0.0054970870 -0.0005673537 0.0000007522 0.0026583953 -0.0000000023 0.0025304281
1413393245.05607 -0.509791 -2.714639 0.305571 0.128946 -0.799684 0.115488 0.574927 0.0003615176 -0.0000138764 -0.0001187539 0.0000008420 0.0000045730 0.0000393402 0.0054893281 -0.0005556101 0.0000007541 0.0026540779 -0.0000000504 0.0025304249
1413393245.10606 -0.497527 -2.711687 0.313292 0.130535 -0.802281 0.112639 0.571506 0.0003593311 -0.0000119622 -0.0001218604 0.0000007075 0.0000040714 0.0000416595 0.0054825023 -0.0005419201 0.0000007652 0.0026490760 -0.0000001051 0.0025304222
1413393245.15606 -0.485528 -2.708560 0.318345 0.131023 -0.805285 0.110675 0.567539 0.0003567894 -0.0000111541 -0.0001251717 0.0000006575 0.0000039278 0.0000442486 0.0054748223 -0.0005284864 0.0000007917 0.0026442786 -0.0000001654 0.0025304142
1413393245.20606 -0.473281 -2.705093 0.321128 0.131554 -0.808284 0.108666 0.563527 0.0003541583 -0.0000102958 -0.0001284505 0.0000006068 0.0000037489 0.0000469245 0.0054668494 -0.0005151819 0.0000008316 0.0026396133 -0.0000002345 0.0025303975
1413393245.25606 -0.461228 -2.701996 0.321024 0.132690 -0.809456 0.106399 0.562008 0.0003530130 -0.0000086741 -0.0001299232 0.0000005206 0.0000032068 0.0000481546 0.0054586758 -0.0005015841 0.0000008554 0.0026350339 -0.0000002728 0.0025304013
1413393245.30606 -0.449773 -2.698378 0.318014 0.133678 -0.810186 0.104162 0.561141 0.0003522842 -0.0000070167 -0.0001308695 0.0000004452 0.0000026209 0.0000489537 0.0054519022 -0.0004888613 0.0000008795 0.0026307398 -0.0000003053 0.0025303759
1413393245.35606 -0.439322 -2.695234 0.312389 0.135006 -0.809644 0.101933 0.562014 0.0003526425 -0.0000049970 -0.0001305446 0.0000003763 0.0000018635 0.0000486631 0.0054444827 -0.0004766038 0.0000008983 0.0026267655 -0.0000003098 0.0025303714
1413393245.40606 -0.429363 -2.692099 0.305012 0.135941 -0.808834 0.100036 0.563295 0.0003532661 -0.0000032487 -0.0001298692 0.0000003356 0.0000012073 0.0000480793 0.0054376839 -0.0004655041 0.0000009154 0.0026232348 -0.0000003000 0.0025303685
1413393245.45606 -0.419756 -2.688878 0.295505 0.137191 -0.807198 0.097785 0.565727 0.0003545505 -0.0000009885 -0.0001283804 0.0000003083 0.0000003701 0.0000468207 0.0054313043 -0.0004546340 0.0000009216 0.0026197939 -0.0000002591 0.0025303487
1413393245.50606 -0.410323 -2.686150 0.284235 0.138049 -0.805896 0.096102 0.567661 0.0003555745 0.0000006989 -0.0001271433 0.0000003070 -0.0000002384 0.0000457968 0.0054251809 -0.0004437461 0.0000009235 0.0026164116 -0.0000002090 0.0025303291
1413393245.55605 -0.401263 -2.683579 0.272735 0.138892 -0.803822 0.094100 0.570722 0.0003572137 0.0000027445 -0.0001250898 0.0000003268 -0.0000009503 0.0000441365 0.0054202382 -0.0004334095 0.0000009158 0.0026132443 -0.0000001491 0.0025303076
1413393245.60606 -0.391749 -2.682158 0.261621 0.139320 -0.801983 0.092129 0.573520 0.0003586585 0.0000045655 -0.0001232039 0.0000003634 -0.0000015582 0.0000426529 0.0054155252 -0.0004233744 0.0000008893 0.0026101594 -0.0000000375 0.0025302431
1413393245.65606 -0.383048 -2.680981 0.251222 0.139679 -0.800490 0.090297 0.575806 0.0003598049 0.0000061740 -0.0001216470 0.0000004114 -0.0000020778 0.0000414573 0.0054136865 -0.0004129031 0.0000008692 0.0026070555 0.0000000240 0.0025302195
1413393245.70606 -0.374392 -2.680434 0.241216 0.140072 -0.799616 0.087683 0.577326 0.0003603791 0.0000081597 -0.0001207727 0.0000004904 -0.0000027257 0.0000408031 0.0054123186 -0.0004033628 0.0000008472 0.0026042944 0.0000000873 0.0025301954
1413393245.75606 -0.365342 -2.680670 0.231717 0.139374 -0.800141 0.085620 0.577077 0.0003600069 0.0000090373 -0.0001211991 0.0000005326 -0.0000030340 0.0000411318 0.0054125430 -0.0003938397 0.0000008287 0.0026015787 0.0000001512 0.0025301697
1413393245.80606 -0.355837 -2.682373 0.223521 0.137834 -0.801005 0.084453 0.576420 0.0003595330 0.0000089379 -0.0001218238 0.0000005279 -0.0000030202 0.0000416081 0.0054146236 -0.0003840175 0.0000007992 0.0025988078 0.0000002143 0.0025301341
1413393245.85607 -0.346013 -2.684653 0.215848 0.134871 -0.801647 0.085377 0.576093 0.0003594880 0.0000070099 -0.0001220067 0.0000004426 -0.0000023703 0.0000417376 0.0054198332 -0.0003739710 0.0000007785 0.0025960364 0.0000002557 0.0025301244
1413393245.90606 -0.336960 -2.687420 0.208343 0.131249 -0.803426 0.087131 0.574185 0.0003585982 0.0000040316 -0.0001232873 0.0000003510 -0.0000013764 0.0000427171 0.0054260572 -0.0003635276 0.0000007357 0.0025932025 0.0000003035 0.0025300734
1413393245.95606 -0.326782 -2.691267 0.201784 0.126652 -0.805210 0.090782 0.572149 0.0003577560 -0.0000004923 -0.0001244207 0.0000003067 0.0000001821 0.0000436027 0.0054333597 -0.0003542736 0.0000007155 0.0025907357 0.0000003278 0.0025300654
1413393246.00606 -0.316597 -2.695425 0.195002 0.121121 -0.808076 0.095912 0.568458 0.0003558972 -0.0000065403 -0.0001265616 0.0000004268 0.0000023385 0.0000453404 0.0054424511 -0.0003440196 0.0000006998 0.0025880642 0.0000003401 0.0025300668
1413393246.05606 -0.306750 -2.699485 0.188381 0.115344 -0.810749 0.101663 0.564842 0.0003539265 -0.0000130118 -0.0001284466 0.0000007858 0.0000047371 0.0000469511 0.0054510408 -0.0003340935 0.0000006873 0.0025855409 0.0000003463 0.0025300636
1413393246.10606 -0.297714 -2.703037 0.182076 0.110152 -0.813800 0.105902 0.560697 0.0003513588 -0.0000183238 -0.0001308119 0.0000012640 0.0000068389 0.0000490396 0.0054587993 -0.0003247225 0.0000006800 0.0025832307 0.0000003449 0.0025300662
1413393246.15605 -0.289631 -2.706063 0.176047 0.106931 -0.815458 0.110140 0.558089 0.0003497276 -0.0000225588 -0.0001320105 0.0000017646 0.0000085337 0.0000501692 0.0054651864 -0.0003164387 0.0000006730 0.0025812530 0.0000003419 0.0025300701
1413393246.20604 -0.282664 -2.708693 0.170547 0.107681 -0.814880 0.112878 0.558242 0.0003499784 -0.0000238744 -0.0001314916 0.0000019386 0.0000089891 0.0000497427 0.0054705544 -0.0003095152 0.0000006748 0.0025796412 0.0000003359 0.0025300486
1413393246.25603 -0.277696 -2.709925 0.165451 0.112249 -0.813089 0.113443 0.559836 0.0003513110 -0.0000220482 -0.0001302822 0.0000016941 0.0000081950 0.0000486533 0.0054745596 -0.0003036204 0.0000006617 0.0025783346 0.0000003452 0.0025300397
1413393246.30603 -0.274387 -2.710239 0.160926 0.121313 -0.809755 0.111878 0.563084 0.0003537227 -0.0000167627 -0.0001282402 0.0000011050 0.0000060939 0.0000468299 0.0054762843 -0.0002994562 0.0000006406 0.0025774520 0.0000003714 0.0025300215
1413393246.35603 -0.272366 -2.709937 0.156476 0.131736 -0.805627 0.110107 0.566998 0.0003563816 -0.0000105684 -0.0001256709 0.0000006242 0.0000037414 0.0000446504 0.0054762159 -0.0002969184 0.0000006135 0.0025769232 0.0000004200 0.0025299809
1413393246.40602 -0.271035 -2.709106 0.152376 0.140722 -0.801355 0.109713 0.570956 0.0003589266 -0.0000057188 -0.0001227685 0.0000004022 0.0000019691 0.0000423251 0.0054748169 -0.0002953905 0.0000005763 0.0025765886 0.0000004903 0.0025299249
1413393246.45602 -0.270025 -2.708243 0.148998 0.148614 -0.796867 0.110355 0.575098 0.0003615120 -0.0000018570 -0.0001194803 0.0000003212 0.0000006256 0.0000398190 0.0054728513 -0.0002941267 0.0000005381 0.0025763343 0.0000005507 0.0025298811
1413393246.50604 -0.269049 -2.707453 0.145321 0.154696 -0.793432 0.112037 0.577912 0.0003633241 0.0000004171 -0.0001170109 0.0000003124 -0.0000001229 0.0000380130 0.0054706967 -0.0002928956 0.0000004982 0.0025760565 0.0000006223 0.0025297939
1413393246.55605 -0.267122 -2.706519 0.141534 0.160057 -0.790943 0.113233 0.579629 0.0003644087 0.0000024886 -0.0001154580 0.0000003295 -0.0000007776 0.0000369092 0.0054689835 -0.0002913495 0.0000004616 0.0025757347 0.0000006737 0.0025297527
1413393246.60608 -0.264437 -2.703777 0.134361 0.164906 -0.789749 0.114263 0.579695 0.0003644476 0.0000041383 -0.0001153409 0.0000003578 -0.0000012995 0.0000368306 0.0054664867 -0.0002886342 0.0000004190 0.0025749716 0.0000008690 0.0025294996
1413393246.65609 -0.260202 -2.703254 0.130528 0.168017 -0.790382 0.115256 0.577739 0.0003635198 0.0000045883 -0.0001166256 0.0000003694 -0.0000014619 0.0000377447 0.0054600223 -0.0002842343 0.0000003931 0.0025741275 0.0000009102 0.0025294842
1413393246.70609 -0.255378 -2.702883 0.127077 0.170809 -0.790647 0.115628 0.576482 0.0003628176 0.0000054047 -0.0001175608 0.0000003927 -0.0000017411 0.0000384217 0.0054592441 -0.0002790066 0.0000003695 0.0025730788 0.0000009479 0.0025294730
1413393246.75609 -0.250048 -2.702826 0.123876 0.172611 -0.790714 0.116548 0.575668 0.0003624533 0.0000055327 -0.0001180513 0.0000003973 -0.0000017918 0.0000387794 0.0054591463 -0.0002733978 0.0000003492 0.0025719656 0.0000009808 0.0025294656
1413393246.80609 -0.244404 -2.702915 0.120221 0.174127 -0.790258 0.116754 0.575795 0.0003625257 0.0000061282 -0.0001179180 0.0000004169 -0.0000019830 0.0000386851 0.0054592409 -0.0002670980 0.0000003345 0.0025707331 0.0000010106 0.0025294546
1413393246.85609 -0.238397 -2.703601 0.115510 0.175592 -0.789932 0.117179 0.575711 0.0003625020 0.0000065251 -0.0001179256 0.0000004314 -0.0000021123 0.0000386927 0.0054601086 -0.0002605402 0.0000003174 0.0025695008 0.0000010354 0.0025294517
1413393246.90609 -0.231865 -2.704771 0.110057 0.177111 -0.788867 0.117831 0.576573 0.0003630481 0.0000070162 -0.0001171406 0.0000004502 -0.0000022534 0.0000381265 0.0054626582 -0.0002536183 0.0000002997 0.0025682297 0.0000010584 0.0025294492
1413393246.95609 -0.224638 -2.706494 0.103603 0.177904 -0.787204 0.119767 0.578201 0.0003642043 0.0000065792 -0.0001155430 0.0000004340 -0.0000020765 0.0000369849 0.0054662247 -0.0002460136 0.0000002835 0.0025668648 0.0000010798 0.0025294417
1413393247.00609 -0.216648 -2.708634 0.095913 0.179257 -0.786730 0.120730 0.578228 0.0003643270 0.0000066416 -0.0001153619 0.0000004368 -0.0000020921 0.0000368577 0.0054706579 -0.0002375091 0.0000002629 0.0025653971 0.0000011040 0.0025294354
1413393247.05609 -0.207944 -2.711167 0.087430 0.180336 -0.786580 0.121820 0.577868 0.0003642562 0.0000064263 -0.0001154710 0.0000004298 -0.0000020261 0.0000369342 0.0054759839 -0.0002281260 0.0000002450 0.0025638464 0.0000011299 0.0025294291
1413393247.10609 -0.198446 -2.714213 0.078464 0.181496 -0.786266 0.123033 0.577674 0.0003642967 0.0000062108 -0.0001154225 0.0000004229 -0.0000019564 0.0000368994 0.0054824179 -0.0002181404 0.0000002247 0.0025622678 0.0000011582 0.0025294138
1413393247.15609 -0.188580 -2.717685 0.068630 0.182095 -0.786812 0.125111 0.576295 0.0003638082 0.0000049828 -0.0001161681 0.0000003860 -0.0000015792 0.0000374237 0.0054901934 -0.0002073822 0.0000002066 0.0025606488 0.0000011895 0.0025294095
1413393247.20609 -0.179303 -2.722508 0.057940 0.182380 -0.788697 0.127817 0.573024 0.0003623549 0.0000027798 -0.0001182463 0.0000003384 -0.0000008951 0.0000389176 0.0054982785 -0.0001963356 0.0000002202 0.0025590131 0.0000012435 0.0025293361
1413393247.25609 -0.168419 -2.726514 0.045494 0.182351 -0.792360 0.130580 0.567330 0.0003594325 0.0000000204 -0.0001221715 0.0000003181 0.0000000060 0.0000418601 0.0055094240 -0.0001864053 0.0000002077 0.0025576736 0.0000012750 0.0025293435
1413393247.30609 -0.157533 -2.730837 0.032143 0.182340 -0.797005 0.133172 0.560179 0.0003555063 -0.0000029938 -0.0001270740 0.0000003445 0.0000010841 0.0000457604 0.0055185199 -0.0001747477 0.0000002053 0.0025562132 0.0000013067 0.0025293594
1413393247.35609 -0.147220 -2.735267 0.018489 0.182603 -0.802012 0.134994 0.552457 0.0003509566 -0.0000055186 -0.0001323415 0.0000004074 0.0000020960 0.0000502481 0.0055284384 -0.0001635778 0.0000002092 0.0025549065 0.0000013402 0.0025293801
1413393247.40609 -0.137574 -2.740148 0.005249 0.181810 -0.805790 0.138214 0.546392 0.0003474879 -0.0000089511 -0.0001359960 0.0000005525 0.0000035196 0.0000535727 0.0055387560 -0.0001535366 0.0000002193 0.0025538074 0.0000013780 0.0025294001
1413393247.45609 -0.129397 -2.745210 -0.007812 0.182223 -0.808704 0.140431 0.541361 0.0003444952 -0.0000110709 -0.0001390039 0.0000006793 0.0000044846 0.0000564403 0.0055502199 -0.0001447389 0.0000002328 0.0025529099 0.0000014175 0.0025294284
1413393247.50609 -0.122610 -2.750104 -0.020326 0.180338 -0.810853 0.144558 0.537678 0.0003425019 -0.0000149831 -0.0001406746 0.0000009807 0.0000061731 0.0000581340 0.0055616465 -0.0001377398 0.0000002485 0.0025522338 0.0000014589 0.0025294581
1413393247.55609 -0.118238 -2.755314 -0.032249 0.180438 -0.812223 0.146527 0.535038 0.0003409688 -0.0000166169 -0.0001420213 0.0000011367 0.0000069414 0.0000595131 0.0055720233 -0.0001325021 0.0000002669 0.0025517518 0.0000015071 0.0025294809
1413393247.60609 -0.116026 -2.760465 -0.043873 0.178940 -0.813599 0.150915 0.532223 0.0003395117 -0.0000203298 -0.0001429661 0.0000015462 0.0000085825 0.0000605626 0.0055837378 -0.0001300336 0.0000002783 0.0025515252 0.0000015503 0.0025295024
1413393247.65609 -0.116113 -2.765519 -0.055346 0.178469 -0.813875 0.154096 0.531047 0.0003390539 -0.0000226033 -0.0001430675 0.0000018374 0.0000095605 0.0000607309 0.0055944969 -0.0001300168 0.0000002940 0.0025515161 0.0000015922 0.0025295284
1413393247.70610 -0.119436 -2.770233 -0.066456 0.179195 -0.813396 0.155540 0.531116 0.0003393365 -0.0000231441 -0.0001427049 0.0000019089 0.0000097559 0.0000603752 0.0056048634 -0.0001332053 0.0000002635 0.0025517371 0.0000016509 0.0025294674
1413393247.75611 -0.124395 -2.774290 -0.077214 0.178736 -0.812500 0.159715 0.531402 0.0003399638 -0.0000256753 -0.0001416556 0.0000022708 0.0000107221 0.0000593867 0.0056152732 -0.0001398988 0.0000002683 0.0025523276 0.0000016848 0.0025294659
1413393247.80611 -0.132992 -2.777737 -0.087713 0.178732 -0.812818 0.162931 0.529939 0.0003393557 -0.0000278339 -0.0001418401 0.0000026139 0.0000116582 0.0000596469 0.0056227385 -0.0001481390 0.0000003071 0.0025530183 0.0000017193 0.0025293947
1413393247.85612 -0.141891 -2.780187 -0.097928 0.177728 -0.810934 0.167183 0.531835 0.0003409671 -0.0000303257 -0.0001397269 0.0000030292 0.0000124528 0.0000576207 0.0056289766 -0.0001605711 0.0000003189 0.0025542558 0.0000017405 0.0025293836
1413393247.90612 -0.153932 -2.782554 -0.105380 0.175856 -0.805023 0.173475 0.539369 0.0003464651 -0.0000333667 -0.0001332523 0.0000035466 0.0000128588 0.0000516054 0.0056336809 -0.0001742661 0.0000003162 0.0025557077 0.0000017429 0.0025293634
1413393247.95611 -0.169209 -2.783968 -0.110773 0.177261 -0.796415 0.174534 0.551217 0.0003542856 -0.0000311103 -0.0001247363 0.0000030647 0.0000109773 0.0000442659 0.0056361611 -0.0001904025 0.0000002954 0.0025575832 0.0000017375 0.0025293137
1413393248.00611 -0.184644 -2.783905 -0.117243 0.178689 -0.788608 0.174272 0.561957 0.0003608994 -0.0000281243 -0.0001168734 0.0000025240 0.0000091303 0.0000381917 0.0056365598 -0.0002084732 0.0000002719 0.0025598933 0.0000017339 0.0025292363
1413393248.05606 -0.197400 -2.780391 -0.121040 0.181388 -0.781976 0.173069 0.570666 0.0003660839 -0.0000242371 -0.0001103286 0.0000019318 0.0000073269 0.0000335873 0.0056316942 -0.0002246418 0.0000002317 0.0025619470 0.0000016100 0.0025287502
1413393248.10604 -0.210956 -2.778008 -0.128676 0.184439 -0.777822 0.170105 0.576228 0.0003689141 -0.0000200180 -0.0001068371 0.0000014140 0.0000058185 0.0000312756 0.0056197805 -0.0002377243 0.0000002049 0.0025639541 0.0000016154 0.0025287354
1413393248.15602 -0.224063 -2.774196 -0.137580 0.186411 -0.775035 0.168386 0.579843 0.0003707528 -0.0000172746 -0.0001043742 0.0000011337 0.0000048839 0.0000297189 0.0056099632 -0.0002507546 0.0000001757 0.0025660848 0.0000016207 0.0025287406
1413393248.20600 -0.237362 -2.768965 -0.145740 0.189598 -0.774138 0.164913 0.581005 0.0003711603 -0.0000135194 -0.0001042647 0.0000008228 0.0000038180 0.0000296267 0.0055993322 -0.0002647510 0.0000001494 0.0025685595 0.0000016318 0.0025287667
1413393248.25600 -0.249005 -2.761443 -0.153311 0.191093 -0.776059 0.161935 0.578786 0.0003697369 -0.0000116205 -0.0001067835 0.0000006975 0.0000033763 0.0000311805 0.0055834944 -0.0002766711 0.0000001270 0.0025708704 0.0000016504 0.0025288130
1413393248.30598 -0.260672 -2.753187 -0.159362 0.193805 -0.778821 0.157235 0.575460 0.0003675035 -0.0000084108 -0.0001105356 0.0000005269 0.0000025496 0.0000335911 0.0055654071 -0.0002881219 0.0000001091 0.0025732552 0.0000016749 0.0025288773
1413393248.35596 -0.271215 -2.743316 -0.164772 0.194363 -0.779538 0.155587 0.574749 0.0003669362 -0.0000073204 -0.0001114698 0.0000004830 0.0000022437 0.0000342108 0.0055449011 -0.0002981935 0.0000000950 0.0025755091 0.0000017039 0.0025289572
1413393248.40596 -0.278911 -2.732237 -0.170319 0.193805 -0.779136 0.153441 0.576058 0.0003674011 -0.0000060587 -0.0001108551 0.0000004394 0.0000018479 0.0000337984 0.0055212470 -0.0003069391 0.0000000788 0.0025776908 0.0000017257 0.0025290644
1413393248.45597 -0.285327 -2.721038 -0.174752 0.192402 -0.776683 0.153528 0.579806 0.0003693980 -0.0000059076 -0.0001078055 0.0000004367 0.0000017440 0.0000318134 0.0054966781 -0.0003124680 0.0000000619 0.0025793127 0.0000017447 0.0025291988
1413393248.50597 -0.290072 -2.709030 -0.178620 0.189856 -0.773390 0.154826 0.584680 0.0003720447 -0.0000067373 -0.0001035018 0.0000004670 0.0000018945 0.0000291456 0.0054710125 -0.0003163422 0.0000000437 0.0025806753 0.0000017606 0.0025293639
1413393248.55597 -0.294653 -2.696823 -0.181220 0.186969 -0.770734 0.155256 0.588989 0.0003742040 -0.0000073931 -0.0000997994 0.0000004937 0.0000019922 0.0000269687 0.0054444009 -0.0003191333 0.0000000311 0.0025818475 0.0000017772 0.0025295542
1413393248.60597 -0.297719 -2.683974 -0.182062 0.184917 -0.768211 0.155514 0.592852 0.0003760908 -0.0000076297 -0.0000964328 0.0000005051 0.0000019770 0.0000250796 0.0054176822 -0.0003214082 0.0000000119 0.0025830091 0.0000017876 0.0025297874
1413393248.65597 -0.298870 -2.670191 -0.182644 0.182836 -0.767459 0.155843 0.594383 0.0003768195 -0.0000084872 -0.0000950299 0.0000005443 0.0000021615 0.0000243212 0.0053883072 -0.0003207357 -0.0000000065 0.0025836109 0.0000017952 0.0025300660
1413393248.70596 -0.298317 -2.654909 -0.182693 0.182130 -0.768610 0.153084 0.593829 0.0003762738 -0.0000073727 -0.0000961338 0.0000005003 0.0000019049 0.0000249203 0.0053562262 -0.0003177107 -0.0000000206 0.0025837759 0.0000018026 0.0025303813
1413393248.75596 -0.295892 -2.638895 -0.182474 0.182149 -0.771298 0.149817 0.591165 0.0003746502 -0.0000060932 -0.0000991360 0.0000004576 0.0000016337 0.0000265961 0.0053228665 -0.0003132654 -0.0000000348 0.0025837074 0.0000018075 0.0025307513
1413393248.80596 -0.291637 -2.621938 -0.181866 0.181997 -0.775065 0.146186 0.587181 0.0003722659 -0.0000049644 -0.0001032752 0.0000004274 0.0000013988 0.0000290201 0.0052881876 -0.0003069104 -0.0000000528 0.0025833074 0.0000018054 0.0025311844
1413393248.85596 -0.286544 -2.604589 -0.180827 0.182667 -0.780798 0.140896 0.580634 0.0003682474 -0.0000030254 -0.0001097522 0.0000003887 0.0000009232 0.0000330868 0.0052526223 -0.0002991251 -0.0000000653 0.0025826771 0.0000018027 0.0025316725
1413393248.90595 -0.281375 -2.587250 -0.179953 0.182766 -0.788496 0.136523 0.571167 0.0003624734 -0.0000024751 -0.0001181171 0.0000003835 0.0000008285 0.0000388757 0.0052171196 -0.0002907626 -0.0000000594 0.0025819883 0.0000018079 0.0025321920
1413393248.95595 -0.276184 -2.570190 -0.180579 0.182459 -0.795675 0.131839 0.562342 0.0003566873 -0.0000017336 -0.0001256775 0.0000003777 0.0000006331 0.0000446771 0.0051823549 -0.0002830830 -0.0000000305 0.0025815059 0.0000018237 0.0025327629
1413393249.00595 -0.271060 -2.553728 -0.182695 0.181636 -0.801303 0.128532 0.555339 0.0003519373 -0.0000015888 -0.0001313623 0.0000003793 0.0000006158 0.0000494352 0.0051499698 -0.0002762179 0.0000000016 0.0025812650 0.0000018356 0.0025333889
1413393249.05596 -0.266245 -2.537742 -0.186231 0.180451 -0.804963 0.125760 0.551051 0.0003488369 -0.0000013309 -0.0001348565 0.0000003800 0.0000005376 0.0000525445 0.0051189847 -0.0002694621 0.0000000416 0.0025811057 0.0000018488 0.0025340568
1413393249.10597 -0.262077 -2.522575 -0.190540 0.178748 -0.806982 0.123935 0.549062 0.0003472996 -0.0000013798 -0.0001365303 0.0000003832 0.0000005660 0.0000540882 0.0050896487 -0.0002632052 0.0000000636 0.0025811650 0.0000018636 0.0025347624
1413393249.15597 -0.259467 -2.508932 -0.195807 0.176668 -0.807481 0.122683 0.549283 0.0003472674 -0.0000014993 -0.0001365681 0.0000003870 0.0000006136 0.0000541261 0.0050625003 -0.0002580972 0.0000001306 0.0025814601 0.0000019190 0.0025354803
1413393249.20597 -0.257983 -2.496299 -0.201425 0.174720 -0.806287 0.121899 0.551829 0.0003487949 -0.0000013887 -0.0001349161 0.0000003889 0.0000005613 0.0000526062 0.0050386238 -0.0002546276 0.0000002302 0.0025820907 0.0000019973 0.0025362038
1413393249.25597 -0.256799 -2.484760 -0.207996 0.173263 -0.804800 0.120497 0.554759 0.0003504711 -0.0000006397 -0.0001330635 0.0000003874 0.0000002670 0.0000509412 0.0050168785 -0.0002524163 0.0000003274 0.0025831366 0.0000020606 0.0025370832
1413393249.30597 -0.257195 -2.473868 -0.211526 0.171422 -0.803518 0.119910 0.557311 0.0003519991 -0.0000006035 -0.0001313287 0.0000003902 0.0000002495 0.0000494198 0.0049971827 -0.0002501599 0.0000004777 0.0025840559 0.0000021540 0.0025377784
1413393249.35597 -0.257859 -2.463024 -0.213355 0.171672 -0.802266 0.117999 0.559441 0.0003530709 0.0000010480 -0.0001300862 0.0000003951 -0.0000003622 0.0000483525 0.0049791647 -0.0002494644 0.0000005704 0.0025853595 0.0000022027 0.0025383688
1413393249.40598 -0.257125 -2.451468 -0.205194 0.172211 -0.800907 0.115916 0.561653 0.0003541106 0.0000029464 -0.0001288346 0.0000004188 -0.0000010490 0.0000472966 0.0049611241 -0.0002487807 0.0000004324 0.0025852831 0.0000020425 0.0025377956
1413393249.45598 -0.258409 -2.444876 -0.206984 0.174793 -0.799699 0.111837 0.563401 0.0003546308 0.0000068035 -0.0001280715 0.0000005276 -0.0000024354 0.0000466767 0.0049418831 -0.0002460899 0.0000007423 0.0025857678 0.0000019994 0.0025376150
1413393249.50599 -0.257276 -2.434200 -0.194184 0.178546 -0.798090 0.107655 0.565318 0.0003550151 0.0000113511 -0.0001272902 0.0000007619 -0.0000040506 0.0000460645 0.0049325407 -0.0002462363 0.0000005862 0.0025844260 0.0000019268 0.0025359429
1413393249.55598 -0.260583 -2.429230 -0.192793 0.183931 -0.796694 0.100965 0.566793 0.0003546944 0.0000179427 -0.0001269254 0.0000013093 -0.0000064039 0.0000458460 0.0049146806 -0.0002431136 0.0000007522 0.0025843286 0.0000021624 0.0025354609
1413393249.60598 -0.296452 -2.445665 -0.180703 0.189168 -0.795108 0.095623 0.568221 0.0003545084 0.0000236305 -0.0001262226 0.0000019751 -0.0000083998 0.0000453687 0.0048975864 -0.0002486334 0.0000022268 0.0025817671 0.0000039028 0.0025338629
1413393249.65598 -0.306690 -2.446105 -0.179087 0.192511 -0.792725 0.093636 0.570753 0.0003552693 0.0000268623 -0.0001246418 0.0000024308 -0.0000094135 0.0000441551 0.0049320158 -0.0002898336 0.0000023879 0.0025874670 0.0000038020 0.0025330425
1413393249.70599 -0.309824 -2.448805 -0.187267 0.192152 -0.791430 0.096850 0.572134 0.0003566227 0.0000251707 -0.0001233072 0.0000021781 -0.0000086921 0.0000430613 0.0049367390 -0.0003013000 0.0000019870 0.0025888904 0.0000034510 0.0025327123
1413393249.75599 -0.310748 -2.451614 -0.195707 0.191043 -0.790965 0.101083 0.572415 0.0003576059 0.0000222522 -0.0001226245 0.0000017881 -0.0000076183 0.0000424758 0.0049452948 -0.0003048780 0.0000017921 0.0025891503 0.0000033082 0.0025325608
1413393249.80599 -0.311150 -2.456078 -0.205648 0.189195 -0.790339 0.106412 0.572927 0.0003589169 0.0000184264 -0.0001215752 0.0000013514 -0.0000062281 0.0000416091 0.0049533448 -0.0003058843 0.0000015097 0.0025888177 0.0000031174 0.0025323385
1413393249.85598 -0.311124 -2.462972 -0.215752 0.187250 -0.789258 0.110683 0.574246 0.0003604322 0.0000153338 -0.0001200131 0.0000010569 -0.0000050915 0.0000403873 0.0049630894 -0.0003071372 0.0000010940 0.0025876694 0.0000026438 0.0025318472
1413393249.90599 -0.310252 -2.469489 -0.225648 0.185894 -0.788609 0.114678 0.574795 0.0003614493 0.0000125018 -0.0001189833 0.0000008390 -0.0000041001 0.0000395948 0.0049788554 -0.0003073527 0.0000010348 0.0025873875 0.0000026180 0.0025318053
1413393249.95599 -0.308525 -2.476630 -0.235312 0.185445 -0.788879 0.117156 0.574069 0.0003614319 0.0000107035 -0.0001191858 0.0000007256 -0.0000035137 0.0000397321 0.0049935681 -0.0003067411 0.0000009849 0.0025869136 0.0000025932 0.0025317674
1413393250.00600 -0.305281 -2.483796 -0.244206 0.184199 -0.791034 0.118530 0.571215 0.0003600395 0.0000087354 -0.0001212011 0.0000006213 -0.0000029245 0.0000412329 0.0050085940 -0.0003056214 0.0000009181 0.0025862687 0.0000025549 0.0025316927
1413393250.05601 -0.302323 -2.491961 -0.252742 0.184097 -0.793785 0.118196 0.567489 0.0003578387 0.0000081026 -0.0001240866 0.0000005946 -0.0000027935 0.0000434663 0.0050240745 -0.0003030381 0.0000008846 0.0025853213 0.0000025343 0.0025316673
1413393250.10600 -0.298917 -2.499855 -0.261510 0.184048 -0.796374 0.117446 0.564022 0.0003556243 0.0000078433 -0.0001268580 0.0000005842 -0.0000027825 0.0000456935 0.0050418985 -0.0003011304 0.0000008499 0.0025844723 0.0000025237 0.0025316119
1413393250.15600 -0.296197 -2.509766 -0.268261 0.182884 -0.798232 0.116958 0.561872 0.0003543595 0.0000070975 -0.0001284332 0.0000005556 -0.0000025564 0.0000469937 0.0050591392 -0.0002988998 0.0000008249 0.0025836685 0.0000025234 0.0025316106
1413393250.20599 -0.293196 -2.519756 -0.275652 0.181250 -0.799498 0.117423 0.560503 0.0003535592 0.0000058629 -0.0001294477 0.0000005114 -0.0000021308 0.0000478412 0.0050811232 -0.0002978224 0.0000008098 0.0025830697 0.0000025534 0.0025315857
1413393250.25598 -0.291581 -2.531693 -0.281613 0.179399 -0.798757 0.117340 0.562169 0.0003546544 0.0000053928 -0.0001281674 0.0000004982 -0.0000019325 0.0000467657 0.0051027509 -0.0002964877 0.0000007887 0.0025824839 0.0000025702 0.0025315930
1413393250.30596 -0.290319 -2.544550 -0.287465 0.177566 -0.797902 0.116702 0.564096 0.0003557535 0.0000053438 -0.0001268418 0.0000004985 -0.0000018882 0.0000456733 0.0051285997 -0.0002966442 0.0000007659 0.0025822170 0.0000025920 0.0025316037
1413393250.35595 -0.289456 -2.558271 -0.292897 0.174493 -0.796167 0.117450 0.567341 0.0003578365 0.0000041645 -0.0001243020 0.0000004687 -0.0000014284 0.0000436270 0.0051562356 -0.0002971597 0.0000007414 0.0025820333 0.0000026169 0.0025316164
1413393250.40594 -0.288571 -2.572711 -0.298336 0.170476 -0.794516 0.119679 0.570403 0.0003599632 0.0000016431 -0.0001216307 0.0000004295 -0.0000005354 0.0000415461 0.0051853940 -0.0002978038 0.0000007154 0.0025818789 0.0000026418 0.0025316296
1413393250.45593 -0.287259 -2.587738 -0.303690 0.166272 -0.791668 0.123736 0.574722 0.0003629235 -0.0000017904 -0.0001176569 0.0000004315 0.0000006020 0.0000385882 0.0052166973 -0.0002983591 0.0000006901 0.0025816842 0.0000026672 0.0025316244
1413393250.50593 -0.285694 -2.603183 -0.308070 0.161121 -0.788842 0.129363 0.578821 0.0003658315 -0.0000067308 -0.0001133603 0.0000005484 0.0000021095 0.0000355698 0.0052478209 -0.0002981330 0.0000006632 0.0025813341 0.0000026881 0.0025316353
1413393250.55593 -0.283690 -2.618298 -0.312037 0.156184 -0.785821 0.135780 0.582799 0.0003685105 -0.0000120417 -0.0001089054 0.0000008202 0.0000035847 0.0000326255 0.0052793687 -0.0002977904 0.0000006351 0.0025809621 0.0000027031 0.0025316421
1413393250.60594 -0.280695 -2.632519 -0.316235 0.152579 -0.784141 0.140816 0.584820 0.0003698623 -0.0000163082 -0.0001062318 0.0000011473 0.0000047120 0.0000309519 0.0053093916 -0.0002965839 0.0000006127 0.0025804235 0.0000027130 0.0025316268
1413393250.65594 -0.277308 -2.646438 -0.321419 0.151597 -0.784044 0.141979 0.584924 0.0003699520 -0.0000174231 -0.0001059126 0.0000012471 0.0000050165 0.0000307616 0.0053365671 -0.0002942729 0.0000005817 0.0025795724 0.0000026872 0.0025315041
1413393250.70595 -0.273093 -2.658002 -0.325788 0.150844 -0.785380 0.143337 0.582992 0.0003689788 -0.0000189326 -0.0001072005 0.0000013993 0.0000055300 0.0000315878 0.0053636253 -0.0002916378 0.0000005670 0.0025787941 0.0000026897 0.0025314720
1413393250.75595 -0.268031 -2.668223 -0.328906 0.151466 -0.787181 0.143681 0.580311 0.0003675879 -0.0000193562 -0.0001092835 0.0000014490 0.0000057850 0.0000329357 0.0053857269 -0.0002876558 0.0000005578 0.0025778450 0.0000027026 0.0025314877
1413393250.80596 -0.262291 -2.677791 -0.332612 0.151799 -0.791364 0.144035 0.574417 0.0003643202 -0.0000204996 -0.0001139190 0.0000015846 0.0000064416 0.0000360723 0.0054046969 -0.0002826546 0.0000005656 0.0025766945 0.0000027109 0.0025314732
1413393250.85596 -0.256684 -2.685839 -0.335688 0.152759 -0.795013 0.143802 0.569158 0.0003613084 -0.0000208466 -0.0001180693 0.0000016358 0.0000068452 0.0000390396 0.0054231339 -0.0002773568 0.0000005685 0.0025755760 0.0000027280 0.0025314926
1413393250.90596 -0.251568 -2.692676 -0.337778 0.154821 -0.797770 0.141357 0.565342 0.0003589454 -0.0000191609 -0.0001214992 0.0000014572 0.0000065191 0.0000415879 0.0054381008 -0.0002725870 0.0000005773 0.0025746197 0.0000027490 0.0025315116
1413393250.95596 -0.246913 -2.698379 -0.339159 0.155712 -0.800634 0.138404 0.561768 0.0003565636 -0.0000176617 -0.0001247645 0.0000013105 0.0000062137 0.0000441231 0.0054503357 -0.0002682810 0.0000005911 0.0025737900 0.0000027709 0.0025315289
1413393251.00596 -0.243051 -2.703251 -0.340009 0.155311 -0.803501 0.134343 0.558763 0.0003543229 -0.0000159651 -0.0001277399 0.0000011560 0.0000057897 0.0000465248 0.0054607414 -0.0002646695 0.0000006085 0.0025731119 0.0000027908 0.0025315433
1413393251.05595 -0.239887 -2.706947 -0.339576 0.153314 -0.804802 0.129380 0.558615 0.0003536724 -0.0000139385 -0.0001287576 0.0000009863 0.0000051083 0.0000473509 0.0054695264 -0.0002620529 0.0000006272 0.0025726159 0.0000028067 0.0025315522
1413393251.10595 -0.238311 -2.710203 -0.338358 0.148303 -0.805625 0.124240 0.559945 0.0003538681 -0.0000128661 -0.0001286412 0.0000009052 0.0000047112 0.0000472425 0.0054760120 -0.0002602594 0.0000006357 0.0025722861 0.0000028123 0.0025315625
1413393251.15594 -0.237712 -2.712982 -0.335834 0.141339 -0.805532 0.118373 0.563143 0.0003551173 -0.0000119247 -0.0001272364 0.0000008378 0.0000043067 0.0000460666 0.0054817563 -0.0002598824 0.0000006357 0.0025721953 0.0000028067 0.0025315686
1413393251.20594 -0.237488 -2.715207 -0.333206 0.131415 -0.805361 0.111797 0.567121 0.0003567306 -0.0000117713 -0.0001252733 0.0000008254 0.0000041682 0.0000444712 0.0054858874 -0.0002598780 0.0000006307 0.0025721544 0.0000027884 0.0025315716
1413393251.25592 -0.236519 -2.716072 -0.330686 0.120246 -0.804866 0.103659 0.571828 0.0003586090 -0.0000111930 -0.0001229557 0.0000007828 0.0000038721 0.0000426347 0.0054886296 -0.0002598879 0.0000006103 0.0025718469 0.0000026927 0.0025314694
1413393251.30592 -0.236532 -2.716801 -0.327807 0.108354 -0.804715 0.094802 0.575939 0.0003602344 -0.0000105819 -0.0001209007 0.0000007427 0.0000035853 0.0000410538 0.0054895828 -0.0002593971 0.0000006049 0.0025717180 0.0000026657 0.0025314490
1413393251.35592 -0.237024 -2.716840 -0.323292 0.094776 -0.803728 0.085531 0.581140 0.0003624442 -0.0000104436 -0.0001179478 0.0000007315 0.0000034324 0.0000388605 0.0054896984 -0.0002595824 0.0000006019 0.0025717429 0.0000026372 0.0025314532
1413393251.40592 -0.236462 -2.715853 -0.318321 0.081297 -0.803095 0.075880 0.585382 0.0003641214 -0.0000102086 -0.0001156408 0.0000007144 0.0000032751 0.0000372036 0.0054886901 -0.0002591208 0.0000005793 0.0025715610 0.0000025776 0.0025314261
1413393251.45591 -0.235620 -2.714517 -0.313359 0.067256 -0.801490 0.066888 0.590438 0.0003663382 -0.0000106583 -0.0001124091 0.0000007366 0.0000033032 0.0000349689 0.0054851990 -0.0002574991 0.0000005750 0.0025712692 0.0000025314 0.0025314315
1413393251.50591 -0.234691 -2.712511 -0.307981 0.053218 -0.799716 0.057750 0.595220 0.0003684195 -0.0000111405 -0.0001092400 0.0000007613 0.0000033354 0.0000328664 0.0054811677 -0.0002560320 0.0000005703 0.0025709932 0.0000024780 0.0025314367
1413393251.55591 -0.233107 -2.710583 -0.301605 0.040593 -0.797764 0.047760 0.599704 0.0003703976 -0.0000106086 -0.0001062047 0.0000007260 0.0000030729 0.0000309269 0.0054759114 -0.0002539324 0.0000005651 0.0025706420 0.0000024228 0.0025314536
1413393251.60591 -0.230326 -2.708432 -0.294760 0.027841 -0.795825 0.039236 0.603612 0.0003721052 -0.0000111316 -0.0001033804 0.0000007528 0.0000031228 0.0000291951 0.0054713133 -0.0002506645 0.0000005586 0.0025700812 0.0000023624 0.0025314716
1413393251.65592 -0.226000 -2.706458 -0.287452 0.015354 -0.793676 0.030645 0.607375 0.0003737498 -0.0000115788 -0.0001005620 0.0000007744 0.0000031444 0.0000275278 0.0054660805 -0.0002461714 0.0000005377 0.0025692418 0.0000022982 0.0025314825
1413393251.70592 -0.220375 -2.703730 -0.279816 0.003412 -0.791948 0.021863 0.610188 0.0003749669 -0.0000117939 -0.0000984216 0.0000007837 0.0000031232 0.0000263023 0.0054611204 -0.0002396028 0.0000005248 0.0025681470 0.0000022339 0.0025315087
1413393251.75591 -0.212994 -2.700898 -0.271764 -0.008079 -0.791305 0.013014 0.611230 0.0003753598 -0.0000118233 -0.0000977276 0.0000007818 0.0000031042 0.0000259118 0.0054545713 -0.0002314716 0.0000005129 0.0025668490 0.0000021750 0.0025315413
1413393251.80591 -0.203870 -2.698169 -0.263632 -0.019421 -0.792321 0.003877 0.609783 0.0003746063 -0.0000116062 -0.0000990949 0.0000007650 0.0000030941 0.0000266820 0.0054480198 -0.0002215187 0.0000005029 0.0025653074 0.0000021198 0.0025315721
1413393251.85591 -0.193891 -2.694992 -0.253367 -0.030774 -0.795514 -0.004334 0.605138 0.0003722639 -0.0000117802 -0.0001030815 0.0000007675 0.0000032823 0.0000290123 0.0054421748 -0.0002099946 0.0000005143 0.0025633563 0.0000021095 0.0025314887
1413393251.90591 -0.182153 -2.691509 -0.245396 -0.041673 -0.800697 -0.012723 0.597483 0.0003682102 -0.0000113547 -0.0001095927 0.0000007385 0.0000033968 0.0000330900 0.0054353607 -0.0001979099 0.0000005194 0.0025615450 0.0000020557 0.0025314607
1413393251.95591 -0.169503 -2.687953 -0.237667 -0.051677 -0.805723 -0.022593 0.589601 0.0003640279 -0.0000094378 -0.0001159070 0.0000006293 0.0000030194 0.0000373792 0.0054274769 -0.0001842279 0.0000005253 0.0025596943 0.0000019970 0.0025314707
1413393252.00590 -0.155828 -2.683317 -0.229743 -0.060303 -0.809224 -0.033714 0.583424 0.0003608511 -0.0000061216 -0.0001204751 0.0000004818 0.0000020526 0.0000406963 0.0054197688 -0.0001700675 0.0000005364 0.0025578485 0.0000019512 0.0025314109
1413393252.05589 -0.142709 -2.679391 -0.220576 -0.069222 -0.812126 -0.043440 0.577731 0.0003579203 -0.0000037311 -0.0001243721 0.0000004115 0.0000013032 0.0000436891 0.0054103105 -0.0001550665 0.0000005541 0.0025560645 0.0000018864 0.0025314074
1413393252.10588 -0.129633 -2.676086 -0.210717 -0.079530 -0.813087 -0.050834 0.574439 0.0003562867 -0.0000034704 -0.0001264212 0.0000004025 0.0000012351 0.0000453287 0.0054026486 -0.0001410898 0.0000005803 0.0025545517 0.0000018309 0.0025314328
1413393252.15587 -0.116863 -2.673255 -0.200129 -0.089503 -0.812637 -0.057570 0.572972 0.0003557806 -0.0000036223 -0.0001270425 0.0000004011 0.0000012942 0.0000458311 0.0053962916 -0.0001272640 0.0000006082 0.0025531722 0.0000017796 0.0025314575
1413393252.20586 -0.104975 -2.670780 -0.189975 -0.099928 -0.811889 -0.063206 0.571713 0.0003553475 -0.0000045623 -0.0001275444 0.0000004179 0.0000016356 0.0000462422 0.0053908127 -0.0001140395 0.0000006428 0.0025519635 0.0000017298 0.0025314886
1413393252.25585 -0.093422 -2.668688 -0.179794 -0.109980 -0.810028 -0.070403 0.571667 0.0003558588 -0.0000046344 -0.0001269258 0.0000004133 0.0000016486 0.0000457264 0.0053855780 -0.0001017450 0.0000006825 0.0025509232 0.0000016773 0.0025315117
1413393252.30585 -0.082830 -2.666907 -0.169596 -0.119359 -0.807868 -0.077214 0.571962 0.0003565821 -0.0000046323 -0.0001260434 0.0000004079 0.0000016299 0.0000450031 0.0053818872 -0.0000899172 0.0000007299 0.0025500322 0.0000016265 0.0025315529
1413393252.35584 -0.072728 -2.665321 -0.160041 -0.129104 -0.805879 -0.083434 0.571778 0.0003569728 -0.0000051246 -0.0001255461 0.0000004157 0.0000017921 0.0000445981 0.0053787638 -0.0000790382 0.0000007877 0.0025492908 0.0000015759 0.0025315972
1413393252.40584 -0.062922 -2.664083 -0.151222 -0.140446 -0.804261 -0.088787 0.570575 0.0003566952 -0.0000067442 -0.0001258209 0.0000004647 0.0000023666 0.0000448202 0.0053754503 -0.0000684016 0.0000008508 0.0025486458 0.0000015220 0.0025316466
1413393252.45584 -0.053707 -2.662735 -0.144332 -0.151502 -0.804312 -0.092234 0.567117 0.0003547861 -0.0000089346 -0.0001280229 0.0000005543 0.0000032105 0.0000466260 0.0053733232 -0.0000584586 0.0000009129 0.0025480825 0.0000014842 0.0025316801
1413393252.50584 -0.045295 -2.661963 -0.139523 -0.161453 -0.803546 -0.093706 0.565214 0.0003535938 -0.0000120748 -0.0001291951 0.0000007353 0.0000043973 0.0000476269 0.0053710769 -0.0000491686 0.0000009725 0.0025476098 0.0000014439 0.0025316927
1413393252.55584 -0.037621 -2.661041 -0.136426 -0.168679 -0.802284 -0.096849 0.564366 0.0003533276 -0.0000131983 -0.0001294062 0.0000008114 0.0000048189 0.0000478092 0.0053688935 -0.0000410937 0.0000010291 0.0025472539 0.0000014017 0.0025317264
1413393252.60584 -0.030787 -2.660245 -0.134859 -0.173693 -0.801148 -0.099648 0.563971 0.0003533733 -0.0000137052 -0.0001293065 0.0000008451 0.0000049988 0.0000477207 0.0053660183 -0.0000341162 0.0000010469 0.0025469582 0.0000013728 0.0025316913
1413393252.65584 -0.025271 -2.658362 -0.135678 -0.177920 -0.799971 -0.102949 0.563731 0.0003535910 -0.0000135377 -0.0001290725 0.0000008260 0.0000049273 0.0000475120 0.0053631917 -0.0000277395 0.0000010649 0.0025467161 0.0000013529 0.0025316964
1413393252.70583 -0.020235 -2.656535 -0.138418 -0.181953 -0.799222 -0.107000 0.562750 0.0003534973 -0.0000127556 -0.0001292682 0.0000007584 0.0000046571 0.0000476478 0.0053582558 -0.0000224639 0.0000008768 0.0025465003 0.0000013727 0.0025315278
1413393252.75583 -0.015735 -2.653767 -0.141715 -0.184816 -0.797611 -0.112668 0.562997 0.0003544483 -0.0000107570 -0.0001283260 0.0000006228 0.0000038848 0.0000468309 0.0053532678 -0.0000177314 0.0000009072 0.0025463461 0.0000013688 0.0025315340
1413393252.80583 -0.011638 -2.650517 -0.144840 -0.187639 -0.795917 -0.119230 0.563109 0.0003554742 -0.0000081815 -0.0001272856 0.0000004827 0.0000029175 0.0000459435 0.0053469065 -0.0000133587 0.0000009407 0.0025462169 0.0000013718 0.0025315412
1413393252.85583 -0.008004 -2.646985 -0.147400 -0.190476 -0.794111 -0.126445 0.563133 0.0003565568 -0.0000052443 -0.0001261214 0.0000003695 0.0000018406 0.0000449725 0.0053396816 -0.0000094600 0.0000009763 0.0025461119 0.0000013813 0.0025315470
1413393252.90583 -0.004842 -2.643609 -0.149471 -0.193416 -0.792021 -0.132739 0.563625 0.0003577647 -0.0000029971 -0.0001246955 0.0000003153 0.0000010283 0.0000438170 0.0053326373 -0.0000060993 0.0000010131 0.0025460310 0.0000013919 0.0025315526
1413393252.95583 -0.002086 -2.640649 -0.150539 -0.195018 -0.790268 -0.139381 0.563930 0.0003589259 0.0000000513 -0.0001232622 0.0000002879 -0.0000000357 0.0000426817 0.0053260143 -0.0000032720 0.0000010511 0.0025459693 0.0000014031 0.0025315584
1413393253.00583 0.000253 -2.638381 -0.151082 -0.196641 -0.789602 -0.145029 0.562875 0.0003591255 0.0000028266 -0.0001229795 0.0000003080 -0.0000009874 0.0000424607 0.0053208811 -0.0000008875 0.0000010889 0.0025459223 0.0000014139 0.0025315626
1413393253.05584 0.001993 -2.637058 -0.150590 -0.197619 -0.789787 -0.150062 0.560950 0.0003587060 0.0000057271 -0.0001234232 0.0000003751 -0.0000019912 0.0000428117 0.0053176752 0.0000008254 0.0000011259 0.0025458854 0.0000014238 0.0025315652
1413393253.10584 0.003149 -2.636759 -0.149653 -0.199296 -0.790756 -0.153684 0.558003 0.0003574739 0.0000077295 -0.0001248812 0.0000004487 -0.0000027217 0.0000439689 0.0053167063 0.0000018851 0.0000011569 0.0025458499 0.0000014357 0.0025315598
1413393253.15584 0.003617 -2.637725 -0.149068 -0.202411 -0.793681 -0.153212 0.552835 0.0003543169 0.0000072423 -0.0001287758 0.0000004275 -0.0000026536 0.0000471460 0.0053184368 0.0000021405 0.0000011914 0.0025458061 0.0000014446 0.0025315577
1413393253.20584 0.002998 -2.639211 -0.148700 -0.205898 -0.796429 -0.151689 0.547995 0.0003511325 0.0000059237 -0.0001325496 0.0000003772 -0.0000022573 0.0000503785 0.0053216226 0.0000015019 0.0000012132 0.0025457287 0.0000014628 0.0025315317
1413393253.25584 0.001514 -2.641427 -0.148136 -0.210377 -0.799117 -0.148508 0.543230 0.0003476560 0.0000032065 -0.0001364857 0.0000003029 -0.0000012779 0.0000539247 0.0053254764 -0.0000001522 0.0000012081 0.0025456260 0.0000014809 0.0025315027
1413393253.30584 -0.000451 -2.643700 -0.146301 -0.213331 -0.801255 -0.145582 0.539710 0.0003448823 0.0000010087 -0.0001394472 0.0000002713 -0.0000004216 0.0000567185 0.0053301132 -0.0000033279 0.0000010693 0.0025454591 0.0000015550 0.0025313835
1413393253.35584 -0.005150 -2.645198 -0.144550 -0.215540 -0.802368 -0.143298 0.537786 0.0003432654 -0.0000007527 -0.0001411035 0.0000002696 0.0000002958 0.0000583380 0.0053342970 -0.0000069690 0.0000010881 0.0025454225 0.0000015528 0.0025313750
1413393253.40584 -0.011329 -2.646174 -0.142235 -0.218359 -0.802031 -0.141203 0.537706 0.0003428312 -0.0000031577 -0.0001415103 0.0000002964 0.0000012902 0.0000587460 0.0053363264 -0.0000134931 0.0000011045 0.0025454223 0.0000015474 0.0025313705
1413393253.45584 -0.019147 -2.646558 -0.139169 -0.219466 -0.801465 -0.139588 0.538520 0.0003430536 -0.0000047451 -0.0001412449 0.0000003324 0.0000019408 0.0000584881 0.0053373633 -0.0000217902 0.0000011151 0.0025454902 0.0000015389 0.0025313713
1413393253.50585 -0.028306 -2.646043 -0.135168 -0.220116 -0.800059 -0.139103 0.540467 0.0003442232 -0.0000057638 -0.0001400211 0.0000003627 0.0000023319 0.0000572885 0.0053366166 -0.0000314478 0.0000011224 0.0025456504 0.0000015283 0.0025313775
1413393253.55585 -0.039039 -2.644837 -0.130544 -0.220878 -0.798501 -0.138714 0.542557 0.0003454939 -0.0000068321 -0.0001386612 0.0000004009 0.0000027295 0.0000559800 0.0053337641 -0.0000426072 0.0000011255 0.0025459292 0.0000015149 0.0025313881
1413393253.60585 -0.051071 -2.643200 -0.124594 -0.219788 -0.795905 -0.138809 0.546773 0.0003481967 -0.0000073065 -0.0001357618 0.0000004187 0.0000028364 0.0000532596 0.0053303785 -0.0000553790 0.0000011219 0.0025463754 0.0000014970 0.0025314010
1413393253.65585 -0.064450 -2.640877 -0.118042 -0.218309 -0.793358 -0.140186 0.550702 0.0003509322 -0.0000068182 -0.0001327582 0.0000003977 0.0000025667 0.0000505457 0.0053255307 -0.0000691620 0.0000011140 0.0025470025 0.0000014753 0.0025314169
1413393253.70585 -0.078710 -2.638160 -0.111204 -0.217092 -0.791339 -0.140839 0.553912 0.0003530318 -0.0000066936 -0.0001303532 0.0000003921 0.0000024589 0.0000484522 0.0053193772 -0.0000841345 0.0000011039 0.0025478465 0.0000014506 0.0025314358
1413393253.75585 -0.093802 -2.635214 -0.103819 -0.214201 -0.789997 -0.142418 0.556543 0.0003549405 -0.0000051367 -0.0001281634 0.0000003394 0.0000018417 0.0000465967 0.0053129530 -0.0000999479 0.0000010912 0.0025489246 0.0000014233 0.0025314565
1413393253.80584 -0.109242 -2.632025 -0.096333 -0.214104 -0.788537 -0.143467 0.558378 0.0003562207 -0.0000049445 -0.0001266162 0.0000003339 0.0000017443 0.0000453224 0.0053058364 -0.0001158573 0.0000010768 0.0025501932 0.0000013929 0.0025314798
1413393253.85584 -0.125066 -2.628931 -0.088370 -0.215237 -0.787903 -0.143884 0.558730 0.0003564826 -0.0000053052 -0.0001262795 0.0000003443 0.0000018663 0.0000450501 0.0052991874 -0.0001323267 0.0000010569 0.0025516923 0.0000013585 0.0025315007
1413393253.90584 -0.141268 -2.625917 -0.080153 -0.217316 -0.786968 -0.145006 0.558953 0.0003567705 -0.0000056628 -0.0001259075 0.0000003544 0.0000019872 0.0000447480 0.0052923462 -0.0001488242 0.0000009410 0.0025533594 0.0000013456 0.0025314525
1413393253.95584 -0.157255 -2.623005 -0.071662 -0.221177 -0.785913 -0.146707 0.558479 0.0003567278 -0.0000063107 -0.0001259303 0.0000003772 0.0000022163 0.0000447696 0.0052861129 -0.0001658858 0.0000009305 0.0025553283 0.0000013156 0.0025314889
1413393254.00584 -0.173608 -2.619826 -0.062535 -0.226165 -0.783962 -0.148224 0.558822 0.0003571135 -0.0000077947 -0.0001253686 0.0000004368 0.0000027251 0.0000443262 0.0052795656 -0.0001826847 0.0000009190 0.0025574690 0.0000012852 0.0025315304
1413393254.05584 -0.190006 -2.616566 -0.052792 -0.231428 -0.782455 -0.151560 0.557884 0.0003570729 -0.0000080444 -0.0001254044 0.0000004492 0.0000028136 0.0000443565 0.0052723880 -0.0001995763 0.0000009140 0.0025598324 0.0000012543 0.0025315812
1413393254.10584 -0.206011 -2.613072 -0.042726 -0.237955 -0.780300 -0.154905 0.557238 0.0003571866 -0.0000089431 -0.0001252031 0.0000004932 0.0000031232 0.0000442015 0.0052652691 -0.0002163091 0.0000009087 0.0025623850 0.0000012228 0.0025316372
1413393254.15584 -0.222054 -2.608817 -0.032440 -0.244933 -0.777284 -0.159060 0.557260 0.0003578436 -0.0000097888 -0.0001243166 0.0000005386 0.0000033891 0.0000435027 0.0052571124 -0.0002328052 0.0000009013 0.0025651324 0.0000011880 0.0025317078
1413393254.20584 -0.237864 -2.604482 -0.022193 -0.252582 -0.774504 -0.164219 0.556217 0.0003580876 -0.0000101405 -0.0001239820 0.0000005597 0.0000034994 0.0000432415 0.0052475383 -0.0002490076 0.0000008985 0.0025680474 0.0000011584 0.0025317825
1413393254.25584 -0.253313 -2.600253 -0.010934 -0.259879 -0.771562 -0.168735 0.555592 0.0003584782 -0.0000108255 -0.0001234298 0.0000006012 0.0000037159 0.0000428139 0.0052391020 -0.0002646109 0.0000008947 0.0025710614 0.0000011269 0.0025318695
1413393254.30584 -0.267838 -2.595913 0.001506 -0.264786 -0.769541 -0.176380 0.553701 0.0003588902 -0.0000083279 -0.0001231001 0.0000004693 0.0000028444 0.0000425390 0.0052298977 -0.0002799619 0.0000008772 0.0025742321 0.0000011026 0.0025319499
1413393254.35584 -0.282709 -2.591317 0.014018 -0.268481 -0.768763 -0.184107 0.550478 0.0003586249 -0.0000048099 -0.0001236314 0.0000003424 0.0000016451 0.0000429373 0.0052211526 -0.0002944883 0.0000008848 0.0025774409 0.0000010541 0.0025320622
1413393254.40584 -0.297106 -2.587173 0.027119 -0.270367 -0.769428 -0.192042 0.545895 0.0003576123 0.0000000493 -0.0001250101 0.0000002797 -0.0000000315 0.0000440183 0.0052122644 -0.0003094765 0.0000008527 0.0025809384 0.0000010209 0.0025321284
1413393254.45584 -0.312198 -2.583155 0.039505 -0.273443 -0.771048 -0.197989 0.539921 0.0003553410 0.0000037220 -0.0001277570 0.0000003206 -0.0000013535 0.0000462547 0.0052042953 -0.0003240558 0.0000008625 0.0025845145 0.0000009842 0.0025322428
1413393254.50583 -0.325628 -2.580439 0.054255 -0.275416 -0.772632 -0.203506 0.534576 0.0003532577 0.0000074012 -0.0001300824 0.0000004371 -0.0000027409 0.0000482246 0.0051967754 -0.0003399138 0.0000007856 0.0025885364 0.0000009494 0.0025321922
1413393254.55583 -0.340755 -2.578045 0.067523 -0.278948 -0.772943 -0.204886 0.531760 0.0003519180 0.0000074519 -0.0001316371 0.0000004411 -0.0000028026 0.0000495648 0.0051922447 -0.0003541452 0.0000007239 0.0025923150 0.0000009031 0.0025321647
1413393254.60583 -0.359102 -2.575236 0.079575 -0.282614 -0.773377 -0.205251 0.529046 0.0003504224 0.0000068442 -0.0001333708 0.0000004186 -0.0000026199 0.0000510889 0.0051883172 -0.0003703823 0.0000007144 0.0025968404 0.0000008642 0.0025322671
1413393254.65582 -0.379319 -2.572868 0.091623 -0.286092 -0.772508 -0.203950 0.528948 0.0003501477 0.0000045976 -0.0001337785 0.0000003469 -0.0000017709 0.0000514423 0.0051830790 -0.0003903003 0.0000007075 0.0026027484 0.0000008138 0.0025323877
1413393254.70582 -0.400891 -2.570696 0.104296 -0.287963 -0.769288 -0.203239 0.532885 0.0003524032 0.0000021130 -0.0001312852 0.0000003008 -0.0000008008 0.0000492399 0.0051787662 -0.0004121400 0.0000006930 0.0026095743 0.0000007629 0.0025325106
1413393254.75582 -0.423339 -2.568523 0.117016 -0.289629 -0.765168 -0.202765 0.538070 0.0003553787 -0.0000005915 -0.0001277895 0.0000002906 0.0000001999 0.0000462812 0.0051745003 -0.0004346923 0.0000006699 0.0026170312 0.0000007111 0.0025326351
1413393254.80581 -0.446326 -2.566490 0.129418 -0.289997 -0.762044 -0.202212 0.542495 0.0003578089 -0.0000025112 -0.0001247729 0.0000003086 0.0000008635 0.0000438393 0.0051706001 -0.0004579101 0.0000006374 0.0026251301 0.0000006573 0.0025327512
1413393254.85581 -0.469464 -2.564733 0.141012 -0.289861 -0.760006 -0.201225 0.545784 0.0003594470 -0.0000040615 -0.0001226467 0.0000003382 0.0000013741 0.0000421778 0.0051673956 -0.0004813932 0.0000006033 0.0026337453 0.0000006035 0.0025328629
1413393254.90582 -0.492221 -2.562949 0.152078 -0.289743 -0.757362 -0.200889 0.549632 0.0003614986 -0.0000054725 -0.0001198951 0.0000003765 0.0000018037 0.0000400938 0.0051641862 -0.0005045885 0.0000005678 0.0026426977 0.0000005508 0.0025329707
1413393254.95582 -0.515099 -2.561423 0.161711 -0.289197 -0.756263 -0.199884 0.551795 0.0003624719 -0.0000064664 -0.0001185330 0.0000004096 0.0000021039 0.0000390914 0.0051613911 -0.0005273267 0.0000005124 0.0026518713 0.0000004988 0.0025330112
1413393255.00582 -0.537340 -2.560129 0.171278 -0.288382 -0.756012 -0.199157 0.552828 0.0003628837 -0.0000068139 -0.0001179538 0.0000004232 0.0000022044 0.0000386711 0.0051590181 -0.0005499529 0.0000004703 0.0026614075 0.0000004562 0.0025330950
1413393255.05582 -0.559229 -2.559013 0.180338 -0.288688 -0.755047 -0.197126 0.554712 0.0003634438 -0.0000086790 -0.0001170611 0.0000005035 0.0000027858 0.0000380356 0.0051570328 -0.0005720060 0.0000004237 0.0026710816 0.0000004174 0.0025331669
1413393255.10582 -0.580855 -2.557985 0.189193 -0.289254 -0.754065 -0.194561 0.556655 0.0003638924 -0.0000109739 -0.0001162442 0.0000006280 0.0000034968 0.0000374663 0.0051551282 -0.0005936581 0.0000003786 0.0026809337 0.0000003506 0.0025331264
1413393255.15582 -0.601848 -2.556697 0.196789 -0.290813 -0.752949 -0.190619 0.558712 0.0003640281 -0.0000145092 -0.0001156676 0.0000008762 0.0000046028 0.0000370860 0.0051531857 -0.0006147887 0.0000003128 0.0026909271 0.0000003215 0.0025331526
1413393255.20582 -0.621569 -2.555380 0.204505 -0.292539 -0.752065 -0.186370 0.560433 0.0003638464 -0.0000182145 -0.0001154024 0.0000012110 0.0000057710 0.0000369372 0.0051503338 -0.0006350120 0.0000002694 0.0027008833 0.0000002924 0.0025332154
1413393255.25583 -0.640259 -2.553909 0.211723 -0.293747 -0.751385 -0.183082 0.561795 0.0003636982 -0.0000210235 -0.0001151362 0.0000015158 0.0000066503 0.0000367847 0.0051469788 -0.0006537341 0.0000002299 0.0027104361 0.0000002671 0.0025332678
1413393255.30583 -0.658039 -2.551835 0.218201 -0.294690 -0.751154 -0.180129 0.562564 0.0003633231 -0.0000233015 -0.0001152311 0.0000017963 0.0000073860 0.0000368843 0.0051435147 -0.0006711786 0.0000001909 0.0027196532 0.0000002287 0.0025333220
1413393255.35583 -0.675334 -2.549250 0.223623 -0.295571 -0.751184 -0.178230 0.562667 0.0003628621 -0.0000247855 -0.0001155743 0.0000019961 0.0000078907 0.0000371506 0.0051381003 -0.0006873345 0.0000001640 0.0027285830 0.0000001884 0.0025333706
1413393255.40583 -0.691529 -2.546013 0.228360 -0.296236 -0.750731 -0.176899 0.563342 0.0003628260 -0.0000260449 -0.0001153522 0.0000021741 0.0000082774 0.0000370145 0.0051314034 -0.0007029356 0.0000001440 0.0027375475 0.0000001483 0.0025334291
1413393255.45583 -0.707167 -2.542013 0.232571 -0.296802 -0.750639 -0.176120 0.563410 0.0003626339 -0.0000267518 -0.0001154645 0.0000022794 0.0000085154 0.0000371071 0.0051235045 -0.0007171086 0.0000001332 0.0027460360 0.0000001140 0.0025334873
1413393255.50583 -0.721773 -2.537134 0.236807 -0.297560 -0.750310 -0.176128 0.563447 0.0003626027 -0.0000271256 -0.0001154254 0.0000023365 0.0000086326 0.0000370870 0.0051136683 -0.0007304028 0.0000001319 0.0027543746 0.0000000845 0.0025335412
1413393255.55583 -0.735348 -2.531370 0.241397 -0.297957 -0.750585 -0.177337 0.562490 0.0003624029 -0.0000263450 -0.0001158895 0.0000022237 0.0000084226 0.0000374053 0.0051019262 -0.0007422901 0.0000001378 0.0027622478 0.0000000598 0.0025335888
1413393255.60583 -0.747789 -2.524694 0.245929 -0.298529 -0.751000 -0.179048 0.561089 0.0003620876 -0.0000252270 -0.0001165792 0.0000020671 0.0000081206 0.0000378810 0.0050884952 -0.0007529761 0.0000001383 0.0027696596 0.0000000681 0.0025335640
1413393255.65583 -0.758688 -2.517523 0.250269 -0.299224 -0.751271 -0.180996 0.559729 0.0003618388 -0.0000240549 -0.0001171733 0.0000019100 0.0000077880 0.0000382925 0.0050733759 -0.0007622928 0.0000001439 0.0027766304 0.0000000498 0.0025336183
1413393255.70583 -0.768680 -2.509986 0.253832 -0.300110 -0.751929 -0.182947 0.557734 0.0003612501 -0.0000227505 -0.0001182397 0.0000017448 0.0000074448 0.0000390515 0.0050577590 -0.0007699843 0.0000001622 0.0027827750 0.0000000218 0.0025336512
1413393255.75582 -0.777581 -2.502076 0.256425 -0.301300 -0.753602 -0.184753 0.554229 0.0003598086 -0.0000211401 -0.0001204672 0.0000015552 0.0000070763 0.0000406872 0.0050415293 -0.0007766321 0.0000001497 0.0027884328 0.0000000068 0.0025336488
1413393255.80582 -0.785326 -2.493665 0.258596 -0.302416 -0.754774 -0.187209 0.551193 0.0003587612 -0.0000193113 -0.0001221433 0.0000013539 0.0000065730 0.0000419411 0.0050247214 -0.0007821081 0.0000001769 0.0027935146 -0.0000000016 0.0025336909
1413393255.85582 -0.792557 -2.484805 0.259965 -0.303878 -0.757480 -0.188931 0.546066 0.0003563447 -0.0000173071 -0.0001254999 0.0000011562 0.0000060935 0.0000445598 0.0050071003 -0.0007865263 0.0000002180 0.0027980555 -0.0000000027 0.0025337208
1413393255.90582 -0.799655 -2.475088 0.261878 -0.303527 -0.760434 -0.192473 0.540894 0.0003543700 -0.0000134790 -0.0001283700 0.0000008294 0.0000048801 0.0000468661 0.0049885163 -0.0007903815 0.0000002613 0.0028024298 -0.0000000051 0.0025337477
1413393255.95582 -0.806816 -2.465274 0.264040 -0.301872 -0.762301 -0.197799 0.537258 0.0003536579 -0.0000086440 -0.0001296323 0.0000005291 0.0000031646 0.0000478830 0.0049680207 -0.0007943429 0.0000003001 0.0028071578 0.0000000001 0.0025337690
1413393256.00582 -0.814373 -2.454967 0.265357 -0.300713 -0.763755 -0.201957 0.534288 0.0003529633 -0.0000048925 -0.0001306432 0.0000003869 0.0000018062 0.0000487245 0.0049481697 -0.0007985934 0.0000003366 0.0028121181 -0.0000000026 0.0025338009
1413393256.05582 -0.822631 -2.444306 0.266068 -0.299446 -0.764345 -0.205844 0.532670 0.0003529430 -0.0000016918 -0.0001307494 0.0000003284 0.0000006213 0.0000488077 0.0049273706 -0.0008032932 0.0000003697 0.0028175836 -0.0000000006 0.0025338307
1413393256.10582 -0.831596 -2.433568 0.265269 -0.299371 -0.764356 -0.208574 0.531633 0.0003529685 0.0000001350 -0.0001307325 0.0000003216 -0.0000000557 0.0000487932 0.0049061450 -0.0008083296 0.0000003979 0.0028234385 0.0000000048 0.0025338599
1413393256.15582 -0.841279 -2.422919 0.263374 -0.299548 -0.764251 -0.210090 0.531088 0.0003529984 0.0000010424 -0.0001306956 0.0000003257 -0.0000003916 0.0000487632 0.0048857920 -0.0008142178 0.0000004203 0.0028299085 0.0000000142 0.0025338896
1413393256.20582 -0.851706 -2.412777 0.260690 -0.300532 -0.763778 -0.209938 0.531271 0.0003530735 0.0000004445 -0.0001306133 0.0000003242 -0.0000001694 0.0000486929 0.0048654518 -0.0008207894 0.0000004451 0.0028369700 0.0000000224 0.0025338995
1413393256.25582 -0.863338 -2.401949 0.258316 -0.302280 -0.763513 -0.209063 0.531007 0.0003527142 -0.0000007339 -0.0001310313 0.0000003262 0.0000002685 0.0000490540 0.0048459882 -0.0008281325 0.0000004559 0.0028446765 0.0000000342 0.0025339347
1413393256.30582 -0.875992 -2.391033 0.256523 -0.303628 -0.763254 -0.207835 0.531091 0.0003524679 -0.0000020361 -0.0001313041 0.0000003374 0.0000007553 0.0000492926 0.0048252134 -0.0008363823 0.0000004610 0.0028534048 0.0000000438 0.0025339683
1413393256.35582 -0.889142 -2.379996 0.254618 -0.305394 -0.763153 -0.205409 0.531168 0.0003519055 -0.0000041533 -0.0001319026 0.0000003755 0.0000015548 0.0000498202 0.0048041118 -0.0008452274 0.0000004276 0.0028628504 0.0000000606 0.0025339598
1413393256.40582 -0.903073 -2.368572 0.253627 -0.307410 -0.763632 -0.202873 0.530290 0.0003507395 -0.0000061268 -0.0001331514 0.0000004344 0.0000023253 0.0000509307 0.0047824655 -0.0008542544 0.0000004262 0.0028727643 0.0000000683 0.0025339996
1413393256.45582 -0.917771 -2.356586 0.253816 -0.310126 -0.763132 -0.198594 0.531048 0.0003500399 -0.0000098902 -0.0001337106 0.0000006076 0.0000037791 0.0000514596 0.0047600344 -0.0008637705 0.0000004230 0.0028834325 0.0000000768 0.0025340326
1413393256.50581 -0.933281 -2.343983 0.255868 -0.311978 -0.762586 -0.194868 0.532127 0.0003496580 -0.0000130876 -0.0001338625 0.0000008190 0.0000050134 0.0000516329 0.0047361140 -0.0008733380 0.0000004103 0.0028946849 0.0000000755 0.0025340735
1413393256.55581 -0.949108 -2.329889 0.260758 -0.312402 -0.763103 -0.192704 0.531924 0.0003489615 -0.0000143966 -0.0001344963 0.0000009214 0.0000055515 0.0000522226 0.0047104747 -0.0008829224 0.0000004259 0.0029064290 0.0000000608 0.0025339540
1413393256.60581 -0.965475 -2.315377 0.266620 -0.309525 -0.764096 -0.193953 0.531728 0.0003492691 -0.0000123193 -0.0001343647 0.0000007630 0.0000047420 0.0000520769 0.0046824549 -0.0008922821 0.0000004126 0.0029189585 0.0000000660 0.0025340115
1413393256.65581 -0.982412 -2.299981 0.273139 -0.305175 -0.764929 -0.197497 0.531739 0.0003503085 -0.0000084548 -0.0001335104 0.0000005334 0.0000032243 0.0000512707 0.0046541155 -0.0009018668 0.0000003996 0.0029321695 0.0000000749 0.0025340744
1413393256.70581 -0.999914 -2.284344 0.278327 -0.301240 -0.765775 -0.200358 0.531696 0.0003510586 -0.0000051124 -0.0001328383 0.0000004048 0.0000019360 0.0000506528 0.0046251962 -0.0009116319 0.0000003852 0.0029461070 0.0000000854 0.0025341402
1413393256.75581 -1.018223 -2.268454 0.281448 -0.297709 -0.766660 -0.202321 0.531665 0.0003515471 -0.0000024346 -0.0001323616 0.0000003482 0.0000009179 0.0000502242 0.0045963295 -0.0009218665 0.0000003651 0.0029609453 0.0000000965 0.0025341997
1413393256.80581 -1.037792 -2.252007 0.282086 -0.294489 -0.766985 -0.204063 0.532323 0.0003523702 -0.0000002373 -0.0001314420 0.0000003324 0.0000000898 0.0000494190 0.0045672193 -0.0009325379 0.0000003543 0.0029767537 0.0000000985 0.0025342442
1413393256.85581 -1.057563 -2.236255 0.279843 -0.291759 -0.767404 -0.204866 0.532915 0.0003528906 0.0000012468 -0.0001308353 0.0000003376 -0.0000004607 0.0000488964 0.0045382463 -0.0009437633 0.0000003420 0.0029936516 0.0000001124 0.0025343001
1413393256.90581 -1.077553 -2.220985 0.275496 -0.290649 -0.767245 -0.203262 0.534362 0.0003533894 0.0000004256 -0.0001302599 0.0000003346 -0.0000001543 0.0000484033 0.0045112463 -0.0009550369 0.0000003313 0.0030107559 0.0000001302 0.0025343558
1413393256.95581 -1.098095 -2.205805 0.269466 -0.290783 -0.766957 -0.200720 0.535661 0.0003535824 -0.0000014216 -0.0001300271 0.0000003405 0.0000005270 0.0000482064 0.0044845486 -0.0009665468 0.0000003130 0.0030286234 0.0000001482 0.0025343887
1413393257.00581 -1.119343 -2.190477 0.262940 -0.291293 -0.766333 -0.197514 0.537467 0.0003539138 -0.0000039683 -0.0001295850 0.0000003801 0.0000014590 0.0000478377 0.0044579802 -0.0009785155 0.0000003077 0.0030475672 0.0000001680 0.0025344362
1413393257.05581 -1.140862 -2.175029 0.256037 -0.290855 -0.766037 -0.196347 0.538552 0.0003542845 -0.0000047433 -0.0001291210 0.0000003998 0.0000017360 0.0000474495 0.0044311722 -0.0009904135 0.0000003049 0.0030671935 0.0000001905 0.0025344800
1413393257.10581 -1.162773 -2.159682 0.248747 -0.291288 -0.764954 -0.194267 0.540608 0.0003549908 -0.0000067347 -0.0001281893 0.0000004647 0.0000024409 0.0000466802 0.0044048708 -0.0010023419 0.0000003066 0.0030874222 0.0000002144 0.0025345210
1413393257.15582 -1.185453 -2.143829 0.240494 -0.292321 -0.764880 -0.192129 0.540919 0.0003546423 -0.0000084505 -0.0001285056 0.0000005383 0.0000030725 0.0000469546 0.0043780558 -0.0010140533 0.0000003432 0.0031082655 0.0000002074 0.0025345059
1413393257.20582 -1.208009 -2.127832 0.233536 -0.292598 -0.764435 -0.191437 0.541644 0.0003548984 -0.0000092078 -0.0001281480 0.0000005764 0.0000033366 0.0000466623 0.0043505123 -0.0010258832 0.0000003470 0.0031303033 0.0000002319 0.0025345537
1413393257.25582 -1.230739 -2.111739 0.226479 -0.293422 -0.764665 -0.190301 0.541273 0.0003543931 -0.0000100789 -0.0001286891 0.0000006246 0.0000036733 0.0000471210 0.0043231915 -0.0010372438 0.0000003554 0.0031525577 0.0000002547 0.0025345995
1413393257.30582 -1.253631 -2.095266 0.220109 -0.293318 -0.763571 -0.190685 0.542736 0.0003553265 -0.0000103066 -0.0001275510 0.0000006373 0.0000037143 0.0000461764 0.0042955848 -0.0010483348 0.0000003688 0.0031754357 0.0000002780 0.0025346416
1413393257.35582 -1.276727 -2.078638 0.213553 -0.293334 -0.763471 -0.190879 0.542801 0.0003554078 -0.0000102380 -0.0001274597 0.0000006336 0.0000036874 0.0000461002 0.0042677005 -0.0010590523 0.0000003865 0.0031988401 0.0000003000 0.0025346833
1413393257.40582 -1.299016 -2.062257 0.206468 -0.293531 -0.762961 -0.191434 0.543216 0.0003557592 -0.0000101528 -0.0001270399 0.0000006278 0.0000036419 0.0000457521 0.0042395529 -0.0010693372 0.0000004443 0.0032226643 0.0000002878 0.0025346483
1413393257.45582 -1.322322 -2.045363 0.200160 -0.293971 -0.763188 -0.191668 0.542576 0.0003554485 -0.0000100519 -0.0001274277 0.0000006226 0.0000036212 0.0000460696 0.0042127313 -0.0010790082 0.0000004642 0.0032461249 0.0000003130 0.0025346993
1413393257.50582 -1.345471 -2.028229 0.193865 -0.295495 -0.762659 -0.190778 0.542804 0.0003553221 -0.0000113179 -0.0001274765 0.0000006992 0.0000040797 0.0000461210 0.0041849746 -0.0010886815 0.0000004876 0.0032708865 0.0000003360 0.0025347489
1413393257.55582 -1.368416 -2.010919 0.187667 -0.295949 -0.762060 -0.191869 0.543015 0.0003556894 -0.0000110044 -0.0001270595 0.0000006792 0.0000039513 0.0000457750 0.0041567913 -0.0010977515 0.0000005135 0.0032959972 0.0000003588 0.0025348043
1413393257.60582 -1.391410 -1.993272 0.181135 -0.297302 -0.760814 -0.191989 0.543980 0.0003562274 -0.0000118911 -0.0001263228 0.0000007360 0.0000042384 0.0000451818 0.0041287410 -0.0011063995 0.0000005420 0.0033214476 0.0000003805 0.0025348585
1413393257.65582 -1.414499 -1.975090 0.174365 -0.299111 -0.759931 -0.191898 0.544255 0.0003563072 -0.0000128765 -0.0001261299 0.0000008046 0.0000045812 0.0000450349 0.0041003061 -0.0011144724 0.0000005740 0.0033472833 0.0000003977 0.0025349109
1413393257.70582 -1.437043 -1.957006 0.166934 -0.300201 -0.759903 -0.192778 0.543382 0.0003559935 -0.0000126033 -0.0001265449 0.0000007855 0.0000045041 0.0000453691 0.0040714146 -0.0011220270 0.0000006108 0.0033736561 0.0000004148 0.0025349629
1413393257.75582 -1.458416 -1.938831 0.159903 -0.300957 -0.759060 -0.194156 0.543651 0.0003564684 -0.0000122929 -0.0001259934 0.0000007632 0.0000043696 0.0000449177 0.0040429088 -0.0011287263 0.0000006647 0.0033995912 0.0000004261 0.0025350003
1413393257.80582 -1.479960 -1.920249 0.152695 -0.300658 -0.759204 -0.196926 0.542618 0.0003565780 -0.0000103257 -0.0001260371 0.0000006384 0.0000036748 0.0000449351 0.0040148203 -0.0011340780 0.0000007100 0.0034242990 0.0000004515 0.0025350580
1413393257.85582 -1.501765 -1.901162 0.146159 -0.299295 -0.760125 -0.201019 0.540578 0.0003564455 -0.0000068253 -0.0001264408 0.0000004700 0.0000024458 0.0000452385 0.0039863293 -0.0011392242 0.0000007609 0.0034499508 0.0000004830 0.0025351201
1413393257.90582 -1.523731 -1.881995 0.140516 -0.297981 -0.760660 -0.205255 0.538957 0.0003565382 -0.0000034062 -0.0001264679 0.0000003719 0.0000012324 0.0000452466 0.0039574956 -0.0011441443 0.0000008130 0.0034765524 0.0000005141 0.0025351740
1413393257.95582 -1.546113 -1.862847 0.136010 -0.296496 -0.761049 -0.208863 0.537839 0.0003567242 -0.0000004134 -0.0001262866 0.0000003400 0.0000001703 0.0000450952 0.0039290361 -0.0011491041 0.0000008632 0.0035041170 0.0000005455 0.0025352231
1413393258.00582 -1.568157 -1.844275 0.131898 -0.295756 -0.760830 -0.211471 0.537537 0.0003571346 0.0000014318 -0.0001257729 0.0000003449 -0.0000004807 0.0000446802 0.0039008791 -0.0011539790 0.0000009279 0.0035324311 0.0000005529 0.0025351929
1413393258.05582 -1.591244 -1.825768 0.128420 -0.295137 -0.760880 -0.213397 0.537046 0.0003572736 0.0000029026 -0.0001255774 0.0000003630 -0.0000009965 0.0000445257 0.0038745048 -0.0011589196 0.0000009672 0.0035608316 0.0000005812 0.0025352440
1413393258.10582 -1.614923 -1.807771 0.125148 -0.295196 -0.760431 -0.213522 0.537598 0.0003576243 0.0000027539 -0.0001251459 0.0000003611 -0.0000009392 0.0000441799 0.0038485860 -0.0011644861 0.0000009982 0.0035911937 0.0000006040 0.0025352948
1413393258.15582 -1.639212 -1.790479 0.122318 -0.293811 -0.760720 -0.212790 0.538238 0.0003578288 0.0000027991 -0.0001248910 0.0000003622 -0.0000009517 0.0000439769 0.0038239706 -0.0011706781 0.0000010293 0.0036228919 0.0000006204 0.0025353436
1413393258.20582 -1.664093 -1.773923 0.119804 -0.291686 -0.761561 -0.210739 0.539012 0.0003578133 0.0000024440 -0.0001249216 0.0000003578 -0.0000008271 0.0000440007 0.0038006262 -0.0011774674 0.0000010594 0.0036559331 0.0000006368 0.0025354067
1413393258.25582 -1.689388 -1.758239 0.118371 -0.287952 -0.760984 -0.208681 0.542623 0.0003594122 0.0000019066 -0.0001228996 0.0000003523 -0.0000006248 0.0000424110 0.0037784177 -0.0011847377 0.0000010815 0.0036901839 0.0000006526 0.0025354654
1413393258.30582 -1.715008 -1.743452 0.117944 -0.282071 -0.759445 -0.207379 0.548337 0.0003623223 0.0000021218 -0.0001190521 0.0000003559 -0.0000006693 0.0000395014 0.0037579624 -0.0011924777 0.0000010944 0.0037250079 0.0000006655 0.0025355203
1413393258.35583 -1.740930 -1.729912 0.118170 -0.275070 -0.756941 -0.205209 0.556117 0.0003660956 0.0000017763 -0.0001137683 0.0000003534 -0.0000005234 0.0000357334 0.0037391891 -0.0012009338 0.0000010889 0.0037608168 0.0000006814 0.0025355518
1413393258.40583 -1.766670 -1.717842 0.118121 -0.268666 -0.756047 -0.200045 0.562311 0.0003683605 0.0000001115 -0.0001104265 0.0000003469 -0.0000000037 0.0000334797 0.0037224498 -0.0012101634 0.0000010860 0.0037974003 0.0000007061 0.0025356069
1413393258.45583 -1.792301 -1.706999 0.117427 -0.261815 -0.756709 -0.193510 0.566920 0.0003695624 -0.0000015676 -0.0001085755 0.0000003557 0.0000004915 0.0000322738 0.0037082479 -0.0012198291 0.0000010805 0.0038332787 0.0000007259 0.0025356534
1413393258.50583 -1.816867 -1.697777 0.116590 -0.255498 -0.757142 -0.183775 0.572436 0.0003706618 -0.0000055060 -0.0001067226 0.0000004335 0.0000016180 0.0000311013 0.0036959020 -0.0012299115 0.0000010670 0.0038689515 0.0000007428 0.0025356924
1413393258.55583 -1.841345 -1.689523 0.115964 -0.246827 -0.758510 -0.174188 0.577406 0.0003715742 -0.0000080533 -0.0001050973 0.0000005289 0.0000023120 0.0000300972 0.0036849420 -0.0012401187 0.0000009864 0.0039040860 0.0000007601 0.0025356448
1413393258.60582 -1.866111 -1.682114 0.116573 -0.236038 -0.761202 -0.165339 0.580965 0.0003720295 -0.0000087329 -0.0001043018 0.0000005617 0.0000024828 0.0000296114 0.0036749504 -0.0012506272 0.0000009856 0.0039395153 0.0000007530 0.0025356067
1413393258.65582 -1.887979 -1.675747 0.117226 -0.224684 -0.765920 -0.156308 0.581766 0.0003711743 -0.0000084882 -0.0001057165 0.0000005536 0.0000024525 0.0000304791 0.0036664239 -0.0012616702 0.0000009509 0.0039752782 0.0000007680 0.0025356000
1413393258.70582 -1.909589 -1.670087 0.117358 -0.212489 -0.772252 -0.146567 0.580511 0.0003692401 -0.0000078140 -0.0001088239 0.0000005278 0.0000023383 0.0000324429 0.0036594351 -0.0012714413 0.0000009265 0.0040068256 0.0000007875 0.0025355772
1413393258.75581 -1.929845 -1.664761 0.117424 -0.201163 -0.778721 -0.136461 0.578364 0.0003667696 -0.0000077319 -0.0001125626 0.0000005282 0.0000024088 0.0000349169 0.0036526483 -0.0012812274 0.0000009096 0.0040387545 0.0000008096 0.0025355620
1413393258.80581 -1.950063 -1.659649 0.117245 -0.190133 -0.784341 -0.124955 0.577101 0.0003645810 -0.0000089510 -0.0001156357 0.0000005877 0.0000028756 0.0000370482 0.0036461227 -0.0012905287 0.0000009018 0.0040696456 0.0000008289 0.0025355213
1413393258.85581 -1.968972 -1.654908 0.117770 -0.178762 -0.789110 -0.112769 0.576743 0.0003628607 -0.0000107507 -0.0001178869 0.0000006899 0.0000035300 0.0000386710 0.0036397813 -0.0012997752 0.0000008827 0.0041008218 0.0000008475 0.0025355179
1413393258.90581 -1.987276 -1.650072 0.118302 -0.166115 -0.794082 -0.103114 0.575506 0.0003611301 -0.0000104142 -0.0001202629 0.0000006748 0.0000035054 0.0000404217 0.0036338273 -0.0013081620 0.0000008769 0.0041298819 0.0000008660 0.0025355174
1413393258.95581 -2.004849 -1.645390 0.118779 -0.152403 -0.799064 -0.094206 0.573929 0.0003593618 -0.0000092240 -0.0001226822 0.0000006136 0.0000031857 0.0000422538 0.0036276099 -0.0013160825 0.0000009141 0.0041584967 0.0000008809 0.0025354815
1413393259.00581 -2.022487 -1.640520 0.119983 -0.138445 -0.802989 -0.085204 0.573395 0.0003582479 -0.0000082787 -0.0001241790 0.0000005707 0.0000029056 0.0000434146 0.0036217869 -0.0013239057 0.0000009224 0.0041868777 0.0000009017 0.0025354748
1413393259.05581 -2.039571 -1.635935 0.120908 -0.124826 -0.806146 -0.076306 0.573346 0.0003574779 -0.0000075702 -0.0001251970 0.0000005417 0.0000026864 0.0000442156 0.0036155555 -0.0013312684 0.0000009452 0.0042151451 0.0000009207 0.0025354588
1413393259.10581 -2.056821 -1.631240 0.122020 -0.111160 -0.809064 -0.065998 0.573326 0.0003566831 -0.0000077812 -0.0001261760 0.0000005530 0.0000027868 0.0000450016 0.0036101413 -0.0013388582 0.0000009685 0.0042431377 0.0000009373 0.0025354437
1413393259.15581 -2.074452 -1.626875 0.123479 -0.097078 -0.811393 -0.057051 0.573553 0.0003562522 -0.0000070717 -0.0001267522 0.0000005248 0.0000025486 0.0000454629 0.0036040982 -0.0013461746 0.0000009860 0.0042718652 0.0000009500 0.0025354380
1413393259.20580 -2.092025 -1.622408 0.125045 -0.083899 -0.812819 -0.047520 0.574480 0.0003562848 -0.0000072005 -0.0001267090 0.0000005287 0.0000025912 0.0000454254 0.0035984269 -0.0013540170 0.0000010197 0.0043016361 0.0000009647 0.0025354056
1413393259.25580 -2.110037 -1.618035 0.126409 -0.069980 -0.814424 -0.038073 0.574776 0.0003560427 -0.0000069368 -0.0001270246 0.0000005178 0.0000025033 0.0000456784 0.0035931864 -0.0013619241 0.0000010249 0.0043314123 0.0000009761 0.0025353928
1413393259.30580 -2.128186 -1.613929 0.127883 -0.056800 -0.815796 -0.027766 0.574874 0.0003557169 -0.0000075007 -0.0001273941 0.0000005396 0.0000027131 0.0000459812 0.0035876323 -0.0013701169 0.0000010410 0.0043628721 0.0000009798 0.0025353888
1413393259.35580 -2.147067 -1.609542 0.129658 -0.043865 -0.817271 -0.018243 0.574292 0.0003551089 -0.0000077320 -0.0001281201 0.0000005477 0.0000028147 0.0000465787 0.0035825661 -0.0013785130 0.0000010511 0.0043945216 0.0000009864 0.0025353885
1413393259.40580 -2.165870 -1.604431 0.131955 -0.030251 -0.817917 -0.008046 0.574484 0.0003550935 -0.0000080768 -0.0001281188 0.0000005549 0.0000029366 0.0000465731 0.0035769898 -0.0013871004 0.0000010811 0.0044277858 0.0000009860 0.0025353553
1413393259.45580 -2.185538 -1.599807 0.134469 -0.017150 -0.817967 0.002013 0.575005 0.0003553320 -0.0000086646 -0.0001277972 0.0000005802 0.0000031368 0.0000463066 0.0035703376 -0.0013947994 0.0000010849 0.0044614451 0.0000009935 0.0025353662
1413393259.50580 -2.205595 -1.595344 0.137002 -0.003271 -0.818254 0.011134 0.574740 0.0003552339 -0.0000082648 -0.0001279463 0.0000005575 0.0000029951 0.0000464227 0.0035646995 -0.0014036831 0.0000010880 0.0044970202 0.0000010006 0.0025353750
1413393259.55580 -2.225823 -1.591455 0.139841 0.011274 -0.818312 0.020917 0.574283 0.0003551129 -0.0000079959 -0.0001281126 0.0000005391 0.0000029007 0.0000465530 0.0035594305 -0.0014130620 0.0000011058 0.0045337179 0.0000010000 0.0025353802
1413393259.60580 -2.246550 -1.586504 0.143740 0.026266 -0.817899 0.030310 0.573963 0.0003552656 -0.0000071989 -0.0001279784 0.0000004930 0.0000026061 0.0000464295 0.0035546861 -0.0014225637 0.0000011240 0.0045702215 0.0000010066 0.0025353604
1413393259.65580 -2.267159 -1.582237 0.146896 0.040832 -0.817743 0.040336 0.572714 0.0003548261 -0.0000071702 -0.0001285129 0.0000004876 0.0000026081 0.0000468693 0.0035485648 -0.0014313124 0.0000011151 0.0046081991 0.0000010203 0.0025353815
1413393259.70580 -2.287922 -1.577949 0.150543 0.055946 -0.817013 0.050720 0.571653 0.0003546987 -0.0000070514 -0.0001286768 0.0000004775 0.0000025675 0.0000470006 0.0035435962 -0.0014407073 0.0000011054 0.0046462636 0.0000010363 0.0025354021
1413393259.75579 -2.308803 -1.573672 0.154475 0.070281 -0.816054 0.060883 0.570447 0.0003545554 -0.0000071550 -0.0001288472 0.0000004756 0.0000026083 0.0000471389 0.0035382251 -0.0014497845 0.0000010915 0.0046848682 0.0000010531 0.0025354251
1413393259.80579 -2.329737 -1.569415 0.158845 0.084589 -0.814337 0.070517 0.569848 0.0003548730 -0.0000068759 -0.0001284881 0.0000004577 0.0000024964 0.0000468316 0.0035330269 -0.0014589869 0.0000010784 0.0047240795 0.0000010718 0.0025354488
1413393259.85579 -2.350875 -1.565238 0.163659 0.098466 -0.812339 0.080415 0.569160 0.0003552682 -0.0000069210 -0.0001280164 0.0000004529 0.0000024996 0.0000464340 0.0035281712 -0.0014683917 0.0000010577 0.0047637602 0.0000010924 0.0025354743
1413393259.90579 -2.372300 -1.561019 0.168845 0.111677 -0.810260 0.089544 0.568321 0.0003556059 -0.0000067649 -0.0001276223 0.0000004395 0.0000024322 0.0000461008 0.0035231870 -0.0014779032 0.0000010344 0.0048046464 0.0000011151 0.0025354941
1413393259.95579 -2.394091 -1.556945 0.173818 0.124566 -0.808283 0.098566 0.566963 0.0003557097 -0.0000067724 -0.0001275020 0.0000004335 0.0000024314 0.0000459968 0.0035183032 -0.0014873370 0.0000010124 0.0048457784 0.0000011392 0.0025355238
1413393260.00580 -2.417589 -1.553018 0.178345 0.137115 -0.805927 0.107666 0.565765 0.0003560228 -0.0000069823 -0.0001271117 0.0000004249 0.0000024929 0.0000456651 0.0035132470 -0.0014969681 0.0000009852 0.0048880930 0.0000011531 0.0025353851
1413393260.05579 -2.439920 -1.548737 0.183330 0.149147 -0.803899 0.115484 0.564062 0.0003559161 -0.0000065136 -0.0001272731 0.0000004014 0.0000023287 0.0000457908 0.0035086796 -0.0015079395 0.0000009589 0.0049345594 0.0000011779 0.0025354083
1413393260.10580 -2.462448 -1.544700 0.188855 0.160714 -0.800763 0.124670 0.563388 0.0003566747 -0.0000069612 -0.0001263265 0.0000004123 0.0000024647 0.0000450169 0.0035039336 -0.0015178396 0.0000009283 0.0049787892 0.0000011998 0.0025354368
1413393260.15580 -2.485334 -1.540432 0.193905 0.172252 -0.798099 0.133296 0.561783 0.0003569048 -0.0000072091 -0.0001260354 0.0000004160 0.0000025445 0.0000447785 0.0034991698 -0.0015277462 0.0000009048 0.0050237631 0.0000012224 0.0025354643
1413393260.20579 -2.509107 -1.536326 0.198897 0.183342 -0.795107 0.141561 0.560491 0.0003573393 -0.0000074093 -0.0001254911 0.0000004147 0.0000025998 0.0000443345 0.0034939097 -0.0015375145 0.0000009204 0.0050700063 0.0000012351 0.0025354673
1413393260.25579 -2.532300 -1.532001 0.203333 0.195003 -0.791934 0.149689 0.558934 0.0003576822 -0.0000071614 -0.0001250842 0.0000003990 0.0000025020 0.0000440042 0.0034892377 -0.0015481040 0.0000008949 0.0051184270 0.0000012606 0.0025355002
1413393260.30580 -2.555761 -1.527590 0.207360 0.205754 -0.786030 0.158164 0.561076 0.0003603136 -0.0000066713 -0.0001217487 0.0000003739 0.0000022516 0.0000413948 0.0034841287 -0.0015579597 0.0000008682 0.0051663706 0.0000012888 0.0025355346
1413393260.35580 -2.579631 -1.522620 0.210679 0.216576 -0.777427 0.163991 0.567282 0.0003648565 -0.0000034728 -0.0001157075 0.0000002775 0.0000010978 0.0000369441 0.0034784089 -0.0015671749 0.0000008566 0.0052145298 0.0000013234 0.0025355461
1413393260.40580 -2.602221 -1.517245 0.212256 0.227419 -0.768302 0.166808 0.574602 0.0003692389 0.0000020245 -0.0001092796 0.0000002511 -0.0000006037 0.0000325861 0.0034719480 -0.0015754960 0.0000008356 0.0052626875 0.0000013646 0.0025355673
1413393260.45580 -2.623753 -1.511281 0.212563 0.237718 -0.757781 0.166646 0.584369 0.0003739237 0.0000098655 -0.0001012509 0.0000004970 -0.0000026767 0.0000276549 0.0034649182 -0.0015821767 0.0000008215 0.0053077713 0.0000014133 0.0025355895
1413393260.50580 -2.642902 -1.504628 0.211393 0.246497 -0.747181 0.165332 0.594664 0.0003779976 0.0000180510 -0.0000927303 0.0000010935 -0.0000044354 0.0000229804 0.0034572345 -0.0015871702 0.0000008267 0.0053493216 0.0000014530 0.0025355705
1413393260.55580 -2.659479 -1.497700 0.208153 0.254711 -0.738309 0.161298 0.603328 0.0003802761 0.0000270782 -0.0000859150 0.0000021567 -0.0000061258 0.0000196377 0.0034487243 -0.0015891718 0.0000008494 0.0053836407 0.0000015105 0.0025355661
1413393260.60580 -2.673707 -1.491312 0.203858 0.261723 -0.730866 0.157523 0.610346 0.0003815098 0.0000349263 -0.0000803282 0.0000034217 -0.0000073633 0.0000171355 0.0034405809 -0.0015898911 0.0000009134 0.0054121691 0.0000015702 0.0025355435
1413393260.65578 -2.683490 -1.485035 0.198274 0.269630 -0.726979 0.152329 0.612860 0.0003804024 0.0000426403 -0.0000790883 0.0000050008 -0.0000088769 0.0000166599 0.0034333553 -0.0015895323 0.0000009776 0.0054340992 0.0000016371 0.0025354973
1413393260.70577 -2.689209 -1.479641 0.193119 0.277262 -0.724146 0.148537 0.613738 0.0003788749 0.0000488381 -0.0000789685 0.0000065143 -0.0000101917 0.0000166749 0.0034269036 -0.0015868202 0.0000010410 0.0054455129 0.0000016768 0.0025354861
1413393260.75576 -2.690486 -1.475148 0.187012 0.282206 -0.728799 0.146533 0.606415 0.0003752827 0.0000499592 -0.0000859818 0.0000068670 -0.0000114595 0.0000199153 0.0034217456 -0.0015829339 0.0000011100 0.0054483149 0.0000017015 0.0025354740
1413393260.80575 -2.686612 -1.471600 0.180612 0.285127 -0.736620 0.146131 0.595599 0.0003707617 0.0000480017 -0.0000956174 0.0000064270 -0.0000123935 0.0000248747 0.0034176765 -0.0015776455 0.0000011842 0.0054418991 0.0000017137 0.0025354511
1413393260.85576 -2.679774 -1.469955 0.175681 0.283561 -0.745801 0.151922 0.583347 0.0003673191 0.0000400257 -0.0001049013 0.0000045708 -0.0000114446 0.0000301757 0.0034155185 -0.0015711628 0.0000012402 0.0054252606 0.0000017103 0.0025354530
1413393260.90576 -2.669639 -1.469857 0.172005 0.280267 -0.753997 0.159029 0.572406 0.0003642860 0.0000309913 -0.0001124631 0.0000028429 -0.0000095807 0.0000349379 0.0034153164 -0.0015653376 0.0000012918 0.0054044017 0.0000016999 0.0025354447
1413393260.95576 -2.658095 -1.471565 0.168861 0.275887 -0.761788 0.166446 0.562015 0.0003610906 0.0000214992 -0.0001190867 0.0000014831 -0.0000071028 0.0000394929 0.0034164872 -0.0015594232 0.0000013411 0.0053782223 0.0000016868 0.0025354257
1413393261.00577 -2.645057 -1.473927 0.166496 0.271691 -0.768199 0.172568 0.553420 0.0003580095 0.0000135125 -0.0001242600 0.0000007125 -0.0000047014 0.0000433491 0.0034199046 -0.0015551367 0.0000013682 0.0053513911 0.0000016653 0.0025354261
1413393261.05577 -2.631620 -1.477413 0.164844 0.268106 -0.773481 0.176630 0.546487 0.0003550350 0.0000074910 -0.0001284306 0.0000003604 -0.0000027204 0.0000466803 0.0034236195 -0.0015506493 0.0000013889 0.0053230583 0.0000016366 0.0025354304
1413393261.10578 -2.618736 -1.482774 0.164097 0.265051 -0.778299 0.179227 0.540256 0.0003519200 0.0000028284 -0.0001322658 0.0000002243 -0.0000010736 0.0000499331 0.0034286560 -0.0015474744 0.0000014159 0.0052951023 0.0000016252 0.0025354116
1413393261.15577 -2.606235 -1.488110 0.162917 0.263811 -0.782038 0.178876 0.535559 0.0003489745 0.0000010731 -0.0001355861 0.0000002055 -0.0000004274 0.0000529028 0.0034359978 -0.0015468140 0.0000014233 0.0052695582 0.0000015983 0.0025354145
1413393261.20577 -2.594452 -1.494383 0.161689 0.263222 -0.785005 0.178234 0.531709 0.0003464288 0.0000000543 -0.0001383245 0.0000002028 -0.0000000322 0.0000554567 0.0034434100 -0.0015463826 0.0000014262 0.0052449773 0.0000015752 0.0025354152
1413393261.25577 -2.583681 -1.501295 0.160880 0.262364 -0.786428 0.177484 0.530280 0.0003453600 -0.0000003122 -0.0001394456 0.0000002034 0.0000001149 0.0000565293 0.0034520041 -0.0015475703 0.0000014265 0.0052227338 0.0000015581 0.0025354042
1413393261.30577 -2.574086 -1.509896 0.161152 0.262818 -0.784991 0.178104 0.531973 0.0003465826 0.0000000243 -0.0001381747 0.0000002037 -0.0000000213 0.0000553121 0.0034618119 -0.0015501998 0.0000014170 0.0052023795 0.0000015449 0.0025353993
1413393261.35577 -2.565527 -1.519792 0.162076 0.264607 -0.781955 0.180742 0.534660 0.0003488374 0.0000001392 -0.0001357647 0.0000002041 -0.0000000664 0.0000530624 0.0034736884 -0.0015551329 0.0000013972 0.0051843025 0.0000015370 0.0025353897
1413393261.40577 -2.557488 -1.530624 0.163111 0.267409 -0.778844 0.183580 0.536836 0.0003507764 0.0000004581 -0.0001336268 0.0000002046 -0.0000001875 0.0000511273 0.0034867122 -0.0015614603 0.0000013616 0.0051680588 0.0000015299 0.0025353669
1413393261.45577 -2.550077 -1.542780 0.164357 0.272173 -0.775258 0.186901 0.538484 0.0003524786 0.0000012814 -0.0001316942 0.0000002084 -0.0000004927 0.0000494262 0.0035013485 -0.0015692268 0.0000013336 0.0051527361 0.0000015417 0.0025353488
1413393261.50577 -2.543043 -1.556073 0.165698 0.276056 -0.773411 0.194230 0.536566 0.0003528924 -0.0000015472 -0.0001312198 0.0000002103 0.0000005611 0.0000490156 0.0035176725 -0.0015783909 0.0000012932 0.0051381567 0.0000015417 0.0025353293
1413393261.55578 -2.537146 -1.569939 0.166977 0.279200 -0.771951 0.203959 0.533423 0.0003530552 -0.0000063472 -0.0001308920 0.0000003166 0.0000023391 0.0000487500 0.0035352499 -0.0015889354 0.0000012488 0.0051253797 0.0000015487 0.0025352997
1413393261.60578 -2.531173 -1.584456 0.167660 0.282339 -0.771243 0.215402 0.528272 0.0003523562 -0.0000127382 -0.0001312418 0.0000006629 0.0000047312 0.0000491080 0.0035528175 -0.0015996021 0.0000012130 0.0051138588 0.0000015451 0.0025352917
1413393261.65579 -2.525892 -1.598773 0.168869 0.287944 -0.770252 0.226064 0.522203 0.0003509717 -0.0000178029 -0.0001322426 0.0000011041 0.0000066947 0.0000500537 0.0035711968 -0.0016108280 0.0000011711 0.0051026394 0.0000015660 0.0025352613
1413393261.70579 -2.521431 -1.612999 0.170243 0.294757 -0.769168 0.236415 0.515370 0.0003491457 -0.0000223679 -0.0001336064 0.0000016335 0.0000085471 0.0000513548 0.0035893480 -0.0016224795 0.0000011363 0.0050940707 0.0000015585 0.0025352678
1413393261.75579 -2.518721 -1.627193 0.171735 0.302898 -0.767183 0.246207 0.508985 0.0003476158 -0.0000259101 -0.0001346558 0.0000021320 0.0000100251 0.0000523922 0.0036076665 -0.0016349519 0.0000010990 0.0050883108 0.0000015508 0.0025352765
1413393261.80579 -2.517720 -1.641559 0.173205 0.312982 -0.764035 0.254997 0.503258 0.0003465101 -0.0000278097 -0.0001354795 0.0000024326 0.0000108619 0.0000532033 0.0036259296 -0.0016484556 0.0000010632 0.0050864051 0.0000015460 0.0025352877
1413393261.85579 -2.518579 -1.655475 0.175608 0.324052 -0.758694 0.262152 0.500650 0.0003472182 -0.0000273519 -0.0001348138 0.0000023549 0.0000106086 0.0000525782 0.0036441096 -0.0016630842 0.0000010257 0.0050885606 0.0000015446 0.0025353016
1413393261.90579 -2.521716 -1.668906 0.179081 0.335376 -0.750989 0.265969 0.502791 0.0003502140 -0.0000233104 -0.0001322714 0.0000017513 0.0000087917 0.0000501915 0.0036617301 -0.0016786145 0.0000009888 0.0050950881 0.0000015499 0.0025353150
1413393261.95579 -2.526531 -1.681931 0.182918 0.345060 -0.743568 0.270306 0.504950 0.0003531399 -0.0000201233 -0.0001294362 0.0000013460 0.0000073627 0.0000476763 0.0036790942 -0.0016949610 0.0000009533 0.0051049066 0.0000015603 0.0025353288
1413393262.00580 -2.532783 -1.694899 0.185521 0.354268 -0.737240 0.272486 0.506678 0.0003551652 -0.0000161328 -0.0001275902 0.0000009316 0.0000057816 0.0000460701 0.0036958407 -0.0017116730 0.0000009246 0.0051173978 0.0000015775 0.0025353001
1413393262.05579 -2.540063 -1.707294 0.189285 0.361231 -0.731547 0.275163 0.508564 0.0003572197 -0.0000133070 -0.0001254036 0.0000006938 0.0000046569 0.0000442579 0.0037130989 -0.0017294749 0.0000009002 0.0051321118 0.0000015950 0.0025353095
1413393262.10579 -2.548315 -1.719295 0.193033 0.367412 -0.727092 0.277200 0.509417 0.0003584446 -0.0000109024 -0.0001241030 0.0000005297 0.0000037597 0.0000432027 0.0037296729 -0.0017472837 0.0000008710 0.0051485129 0.0000016058 0.0025353322
1413393262.15579 -2.557508 -1.730785 0.197592 0.371428 -0.723829 0.279569 0.509857 0.0003594353 -0.0000098108 -0.0001229338 0.0000004652 0.0000033406 0.0000422805 0.0037457886 -0.0017654062 0.0000008404 0.0051668871 0.0000016135 0.0025353475
1413393262.20579 -2.567189 -1.741978 0.202224 0.375468 -0.721402 0.279792 0.510215 0.0003597842 -0.0000077985 -0.0001226337 0.0000003666 0.0000026429 0.0000420357 0.0037612655 -0.0017835834 0.0000008064 0.0051869404 0.0000016173 0.0025353757
1413393262.25579 -2.577413 -1.753039 0.207562 0.377895 -0.719917 0.280754 0.509992 0.0003599798 -0.0000071287 -0.0001224271 0.0000003384 0.0000024090 0.0000418728 0.0037768092 -0.0018019942 0.0000007703 0.0052075192 0.0000016144 0.0025353957
1413393262.30579 -2.587440 -1.763627 0.212476 0.380611 -0.719746 0.280335 0.508441 0.0003590713 -0.0000062330 -0.0001236526 0.0000003052 0.0000021309 0.0000428189 0.0037920630 -0.0018204751 0.0000007354 0.0052290478 0.0000016097 0.0025354218
1413393262.35579 -2.597517 -1.774138 0.217262 0.382978 -0.719057 0.279112 0.508312 0.0003586845 -0.0000045438 -0.0001242251 0.0000002549 0.0000015577 0.0000432614 0.0038070420 -0.0018387722 0.0000007016 0.0052507284 0.0000016041 0.0025354535
1413393262.40579 -2.607394 -1.784627 0.221778 0.383430 -0.719022 0.279859 0.507609 0.0003585243 -0.0000049732 -0.0001244182 0.0000002666 0.0000017099 0.0000434151 0.0038222102 -0.0018569504 0.0000006688 0.0052716963 0.0000015941 0.0025354835
1413393262.45579 -2.617437 -1.795241 0.226506 0.384149 -0.719197 0.279800 0.506849 0.0003581052 -0.0000049012 -0.0001249560 0.0000002648 0.0000016940 0.0000438406 0.0038376944 -0.0018754365 0.0000006371 0.0052929413 0.0000015848 0.0025355121
1413393262.50579 -2.627479 -1.805955 0.230817 0.384617 -0.719051 0.279660 0.506779 0.0003580381 -0.0000046319 -0.0001250570 0.0000002581 0.0000016015 0.0000439198 0.0038532956 -0.0018940257 0.0000006086 0.0053143194 0.0000015723 0.0025355445
1413393262.55579 -2.637630 -1.816766 0.233075 0.385328 -0.718941 0.279192 0.506654 0.0003578454 -0.0000041136 -0.0001253230 0.0000002460 0.0000014241 0.0000441299 0.0038690252 -0.0019127121 0.0000005861 0.0053357644 0.0000015615 0.0025355754
1413393262.60579 -2.648045 -1.827805 0.232412 0.386181 -0.718735 0.278340 0.506766 0.0003576737 -0.0000032467 -0.0001255698 0.0000002289 0.0000011230 0.0000443248 0.0038850772 -0.0019317600 0.0000005737 0.0053576287 0.0000015536 0.0025356072
1413393262.65579 -2.658557 -1.839190 0.229121 0.386248 -0.718825 0.278184 0.506672 0.0003575768 -0.0000031812 -0.0001256994 0.0000002285 0.0000011014 0.0000444282 0.0039018108 -0.0019514716 0.0000005682 0.0053800179 0.0000015517 0.0025356398
1413393262.70579 -2.668223 -1.850436 0.223404 0.386243 -0.718607 0.278431 0.506850 0.0003577265 -0.0000032119 -0.0001255187 0.0000002296 0.0000011099 0.0000442828 0.0039184360 -0.0019710412 0.0000005745 0.0054021863 0.0000015569 0.0025356579
1413393262.75579 -2.678098 -1.861506 0.215040 0.386738 -0.718495 0.278051 0.506840 0.0003576398 -0.0000027968 -0.0001256435 0.0000002233 0.0000009652 0.0000443812 0.0039351396 -0.0019899721 0.0000005961 0.0054223231 0.0000015670 0.0025356670
1413393262.80579 -2.687815 -1.872820 0.204943 0.386891 -0.718641 0.278087 0.506495 0.0003574706 -0.0000029064 -0.0001258586 0.0000002260 0.0000010058 0.0000445539 0.0039519041 -0.0020092431 0.0000006182 0.0054433706 0.0000015857 0.0025356919
1413393262.85579 -2.697508 -1.884643 0.194239 0.386675 -0.718925 0.278629 0.505960 0.0003573372 -0.0000035096 -0.0001260156 0.0000002376 0.0000012200 0.0000446812 0.0039696750 -0.0020292962 0.0000006587 0.0054645380 0.0000016129 0.0025357054
1413393262.90579 -2.707220 -1.896788 0.183910 0.386557 -0.718770 0.279756 0.505649 0.0003574974 -0.0000042212 -0.0001258016 0.0000002537 0.0000014677 0.0000445105 0.0039881185 -0.0020496497 0.0000006940 0.0054852617 0.0000016420 0.0025357219
1413393262.95579 -2.717126 -1.909171 0.173768 0.386117 -0.719832 0.280795 0.503895 0.0003568232 -0.0000056880 -0.0001265849 0.0000002955 0.0000020002 0.0000451488 0.0040067847 -0.0020703425 0.0000007301 0.0055066147 0.0000016711 0.0025357403
1413393263.00579 -2.726823 -1.921880 0.164487 0.385917 -0.720170 0.282064 0.502854 0.0003566148 -0.0000068500 -0.0001267904 0.0000003374 0.0000024178 0.0000453215 0.0040255712 -0.0020909939 0.0000007668 0.0055276828 0.0000016985 0.0025357650
1413393263.05579 -2.737007 -1.935176 0.155906 0.384309 -0.720970 0.284772 0.501411 0.0003565464 -0.0000095434 -0.0001267061 0.0000004621 0.0000033742 0.0000452701 0.0040455484 -0.0021129043 0.0000008088 0.0055498977 0.0000017342 0.0025357804
1413393263.10579 -2.747502 -1.948561 0.148048 0.384029 -0.722047 0.286046 0.499347 0.0003557369 -0.0000111483 -0.0001275698 0.0000005572 0.0000039808 0.0000459908 0.0040668406 -0.0021360715 0.0000008404 0.0055732590 0.0000017586 0.0025358101
1413393263.15579 -2.758664 -1.962473 0.141549 0.382855 -0.722546 0.288384 0.498180 0.0003556912 -0.0000133056 -0.0001274251 0.0000007068 0.0000047499 0.0000458931 0.0040889406 -0.0021603801 0.0000008696 0.0055983209 0.0000017820 0.0025358395
1413393263.20580 -2.770203 -1.976190 0.136109 0.382320 -0.723247 0.290051 0.496604 0.0003552392 -0.0000150157 -0.0001277889 0.0000008451 0.0000053849 0.0000462129 0.0041105958 -0.0021845652 0.0000008896 0.0056239636 0.0000018097 0.0025358725
1413393263.25579 -2.782050 -1.989349 0.131803 0.381570 -0.723114 0.291573 0.496484 0.0003555587 -0.0000161445 -0.0001272712 0.0000009449 0.0000057623 0.0000458002 0.0041319871 -0.0022090052 0.0000009072 0.0056509261 0.0000018351 0.0025359067
1413393263.30579 -2.794670 -2.002605 0.128498 0.381141 -0.722723 0.292433 0.496876 0.0003560065 -0.0000165853 -0.0001266758 0.0000009860 0.0000058847 0.0000453182 0.0041531088 -0.0022337381 0.0000009205 0.0056792720 0.0000018573 0.0025359406
1413393263.35579 -2.807654 -2.015293 0.125813 0.380715 -0.722882 0.293350 0.496431 0.0003559859 -0.0000174005 -0.0001265987 0.0000010654 0.0000061713 0.0000452663 0.0041737097 -0.0022584175 0.0000009298 0.0057085356 0.0000018776 0.0025359772
1413393263.40579 -2.821445 -2.027742 0.123091 0.379768 -0.723734 0.293804 0.495645 0.0003556072 -0.0000184152 -0.0001269244 0.0000011702 0.0000065560 0.0000455471 0.0041941063 -0.0022836436 0.0000009348 0.0057397399 0.0000018969 0.0025360098
1413393263.45579 -2.836045 -2.040605 0.119519 0.380483 -0.723125 0.292330 0.496856 0.0003559465 -0.0000168670 -0.0001267328 0.0000010173 0.0000059879 0.0000453676 0.0042147383 -0.0023097192 0.0000009409 0.0057728737 0.0000019156 0.0025360332
1413393263.50579 -2.851284 -2.053168 0.113827 0.381164 -0.722158 0.290950 0.498547 0.0003565735 -0.0000151599 -0.0001261866 0.0000008642 0.0000053467 0.0000449009 0.0042358461 -0.0023366200 0.0000009495 0.0058074174 0.0000019365 0.0025360639
1413393263.55579 -2.866899 -2.065543 0.106123 0.380820 -0.719948 0.290142 0.502462 0.0003585586 -0.0000132709 -0.0001239243 0.0000007126 0.0000045678 0.0000430748 0.0042565112 -0.0023638068 0.0000009647 0.0058436361 0.0000019639 0.0025360919
1413393263.60579 -2.882444 -2.077693 0.096479 0.380855 -0.716919 0.289673 0.507017 0.0003609602 -0.0000110418 -0.0001210412 0.0000005609 0.0000036830 0.0000408324 0.0042768410 -0.0023906343 0.0000009885 0.0058794855 0.0000019986 0.0025361150
1413393263.65579 -2.898103 -2.089835 0.084777 0.380177 -0.712703 0.290121 0.513175 0.0003643614 -0.0000088995 -0.0001166032 0.0000004423 0.0000028277 0.0000375575 0.0042967714 -0.0024172785 0.0000010151 0.0059154914 0.0000020415 0.0025361299
1413393263.70579 -2.912920 -2.101556 0.071474 0.379244 -0.708805 0.291981 0.518185 0.0003674112 -0.0000079805 -0.0001122874 0.0000004000 0.0000024181 0.0000345581 0.0043166875 -0.0024436082 0.0000010565 0.0059507095 0.0000020954 0.0025361576
1413393263.75579 -2.927010 -2.112761 0.056489 0.380982 -0.704666 0.293378 0.521754 0.0003695850 -0.0000060826 -0.0001091292 0.0000003282 0.0000017744 0.0000324638 0.0043355392 -0.0024682441 0.0000011068 0.0059831691 0.0000021595 0.0025361749
1413393263.80579 -2.939667 -2.123213 0.041378 0.383936 -0.700071 0.295111 0.524788 0.0003715296 -0.0000039186 -0.0001061775 0.0000002707 0.0000010975 0.0000305843 0.0043533286 -0.0024914793 0.0000011662 0.0060137213 0.0000022299 0.0025361916
1413393263.85579 -2.951219 -2.132919 0.026323 0.387948 -0.696360 0.298312 0.524966 0.0003724693 -0.0000031075 -0.0001046906 0.0000002565 0.0000008505 0.0000296666 0.0043698605 -0.0025124928 0.0000012272 0.0060405106 0.0000023023 0.0025362155
1413393263.90579 -2.961380 -2.141737 0.011891 0.393198 -0.692392 0.301078 0.524729 0.0003731023 -0.0000016201 -0.0001036907 0.0000002386 0.0000004266 0.0000290591 0.0043845847 -0.0025313910 0.0000012875 0.0060648555 0.0000023771 0.0025362385
1413393263.95579 -2.970381 -2.149844 -0.001633 0.398337 -0.688239 0.305268 0.523896 0.0003738292 -0.0000010449 -0.0001024922 0.0000002353 0.0000002625 0.0000283425 0.0043980586 -0.0025482498 0.0000013481 0.0060858236 0.0000024477 0.0025362516
1413393264.00579 -2.977828 -2.156951 -0.015037 0.404128 -0.685888 0.307959 0.520960 0.0003732292 -0.0000005015 -0.0001035100 0.0000002339 0.0000001146 0.0000289512 0.0044103003 -0.0025633684 0.0000014046 0.0061043557 0.0000025199 0.0025362680
1413393264.05579 -2.984200 -2.162685 -0.027969 0.408396 -0.685424 0.311509 0.516109 0.0003719907 -0.0000020854 -0.0001055318 0.0000002456 0.0000005671 0.0000301849 0.0044204367 -0.0025756535 0.0000014562 0.0061190100 0.0000025810 0.0025362802
1413393264.10579 -2.989607 -2.167118 -0.040022 0.413747 -0.686641 0.311989 0.509903 0.0003692610 -0.0000024689 -0.0001098297 0.0000002513 0.0000007095 0.0000329157 0.0044289073 -0.0025861908 0.0000015019 0.0061320730 0.0000026331 0.0025362998
1413393264.15579 -2.994340 -2.170503 -0.051769 0.417739 -0.689075 0.311969 0.503334 0.0003661214 -0.0000035720 -0.0001144716 0.0000002706 0.0000010920 0.0000360427 0.0044346122 -0.0025941597 0.0000015481 0.0061432572 0.0000026765 0.0025363136
1413393264.20579 -2.998463 -2.173389 -0.063018 0.421536 -0.692325 0.310990 0.496265 0.0003623285 -0.0000046285 -0.0001197251 0.0000002959 0.0000015045 0.0000398167 0.0044390458 -0.0026007754 0.0000015961 0.0061532159 0.0000027196 0.0025363340
1413393264.25579 -3.002528 -2.175605 -0.073119 0.425601 -0.694680 0.307889 0.491414 0.0003588919 -0.0000035551 -0.0001242616 0.0000002734 0.0000012055 0.0000432830 0.0044439049 -0.0026075821 0.0000016418 0.0061629460 0.0000027575 0.0025363596
1413393264.30580 -3.006616 -2.177697 -0.082895 0.427681 -0.697409 0.306127 0.486823 0.0003559115 -0.0000039626 -0.0001279497 0.0000002836 0.0000013990 0.0000462598 0.0044472844 -0.0026132912 0.0000016889 0.0061724194 0.0000027951 0.0025363839
1413393264.35580 -3.010493 -2.180138 -0.091917 0.430045 -0.699261 0.302391 0.484412 0.0003533891 -0.0000023269 -0.0001309871 0.0000002563 0.0000008363 0.0000488164 0.0044519861 -0.0026202558 0.0000017293 0.0061828491 0.0000028251 0.0025364062
1413393264.40579 -3.014890 -2.183451 -0.101063 0.431584 -0.701196 0.299485 0.482046 0.0003511213 -0.0000014032 -0.0001335974 0.0000002483 0.0000005071 0.0000510999 0.0044574188 -0.0026273137 0.0000017694 0.0061921968 0.0000028519 0.0025364378
1413393264.50580 -3.022374 -2.192573 -0.115137 0.430227 -0.702794 0.298086 0.481799 0.0003505089 -0.0000016409 -0.0001342934 0.0000002541 0.0000006016 0.0000517237 0.0044739174 -0.0026462759 0.0000018390 0.0062134761 0.0000029026 0.0025364984
1413393264.55581 -3.025907 -2.198477 -0.121335 0.429114 -0.703124 0.297362 0.482756 0.0003507972 -0.0000014180 -0.0001339800 0.0000002533 0.0000005141 0.0000514417 0.0044843493 -0.0026564490 0.0000018487 0.0062216257 0.0000029067 0.0025364953
1413393264.60581 -3.029385 -2.205294 -0.126847 0.426242 -0.702848 0.299123 0.484612 0.0003524037 -0.0000027378 -0.0001321481 0.0000002699 0.0000009994 0.0000498240 0.0044964937 -0.0026678214 0.0000018472 0.0062297777 0.0000029070 0.0025364874
1413393264.65581 -3.033184 -2.213101 -0.132314 0.423700 -0.703364 0.300226 0.485409 0.0003531933 -0.0000041113 -0.0001312084 0.0000002978 0.0000015001 0.0000490122 0.0045100052 -0.0026802051 0.0000018574 0.0062382925 0.0000029129 0.0025364957
1413393264.70581 -3.037021 -2.221953 -0.137338 0.421511 -0.702957 0.303061 0.486142 0.0003544939 -0.0000060757 -0.0001296139 0.0000003551 0.0000021943 0.0000476595 0.0045256121 -0.0026941144 0.0000018560 0.0062470327 0.0000029116 0.0025364921
1413393264.75581 -3.040615 -2.231430 -0.143052 0.421371 -0.702874 0.305264 0.485004 0.0003545578 -0.0000076574 -0.0001294591 0.0000004172 0.0000027688 0.0000475382 0.0045425075 -0.0027089949 0.0000018591 0.0062561611 0.0000029160 0.0025364952
1413393264.80581 -3.044699 -2.241208 -0.148426 0.421552 -0.701535 0.306413 0.486059 0.0003555134 -0.0000075513 -0.0001283295 0.0000004134 0.0000026983 0.0000465919 0.0045600574 -0.0027244215 0.0000018643 0.0062656967 0.0000029261 0.0025365069
1413393264.85582 -3.048875 -2.251368 -0.154190 0.423186 -0.700505 0.306114 0.486312 0.0003555857 -0.0000064646 -0.0001283061 0.0000003713 0.0000023045 0.0000465661 0.0045782356 -0.0027404851 0.0000018670 0.0062758605 0.0000029395 0.0025365133
1413393264.90581 -3.053316 -2.261568 -0.159932 0.424588 -0.699327 0.305286 0.487307 0.0003559022 -0.0000049103 -0.0001279980 0.0000003225 0.0000017371 0.0000463032 0.0045969225 -0.0027571603 0.0000018702 0.0062868444 0.0000029569 0.0025365216
1413393264.95582 -3.057618 -2.272002 -0.166253 0.425676 -0.698955 0.304064 0.487655 0.0003557033 -0.0000036792 -0.0001282841 0.0000002938 0.0000012975 0.0000465354 0.0046161012 -0.0027741281 0.0000018742 0.0062977852 0.0000029760 0.0025365299
1413393265.00582 -3.061821 -2.282924 -0.172632 0.426947 -0.698301 0.302920 0.488193 0.0003556448 -0.0000022858 -0.0001283918 0.0000002718 0.0000007951 0.0000466213 0.0046358138 -0.0027911493 0.0000018813 0.0063080451 0.0000029984 0.0025365444
1413393265.05582 -3.066099 -2.294197 -0.178613 0.427012 -0.696946 0.302672 0.490221 0.0003566541 -0.0000011718 -0.0001271873 0.0000002621 0.0000003873 0.0000456265 0.0046564617 -0.0028087733 0.0000018892 0.0063183236 0.0000030232 0.0025365564
1413393265.10582 -3.070341 -2.305829 -0.184623 0.426544 -0.695819 0.302749 0.492179 0.0003577202 -0.0000004858 -0.0001258816 0.0000002600 0.0000001401 0.0000445669 0.0046778386 -0.0028269527 0.0000018985 0.0063288614 0.0000030493 0.0025365661
1413393265.15582 -3.074056 -2.317750 -0.189449 0.424905 -0.691923 0.305055 0.497633 0.0003612749 0.0000003471 -0.0001213330 0.0000002609 -0.0000001478 0.0000410162 0.0047003336 -0.0028454394 0.0000019062 0.0063383755 0.0000030771 0.0025365752
1413393265.20582 -3.077302 -2.329761 -0.193505 0.421377 -0.686816 0.308892 0.505283 0.0003662515 0.0000006423 -0.0001144729 0.0000002628 -0.0000002320 0.0000360420 0.0047225339 -0.0028632572 0.0000019145 0.0063466985 0.0000031066 0.0025365740
1413393265.25582 -3.079676 -2.341216 -0.197595 0.418811 -0.682184 0.311446 0.512078 0.0003702131 0.0000015922 -0.0001085329 0.0000002700 -0.0000004983 0.0000320785 0.0047438186 -0.0028796708 0.0000019213 0.0063530274 0.0000031348 0.0025365748
1413393265.30582 -3.080766 -2.351906 -0.201216 0.415174 -0.678664 0.316510 0.516592 0.0003736646 -0.0000001983 -0.0001029770 0.0000002644 0.0000000233 0.0000286376 0.0047636350 -0.0028937498 0.0000019256 0.0063558342 0.0000031627 0.0025365646
1413393265.35582 -3.080905 -2.361361 -0.205024 0.410034 -0.678609 0.322633 0.516981 0.0003754111 -0.0000053672 -0.0000998560 0.0000003421 0.0000013970 0.0000268182 0.0047810109 -0.0029052926 0.0000019315 0.0063562844 0.0000031851 0.0025365582
1413393265.40582 -3.080271 -2.368904 -0.208901 0.406127 -0.681056 0.326718 0.514275 0.0003751362 -0.0000105438 -0.0000999293 0.0000005630 0.0000027788 0.0000268770 0.0047957128 -0.0029141392 0.0000019386 0.0063543851 0.0000031988 0.0025365630
1413393265.45581 -3.079067 -2.374721 -0.212788 0.404647 -0.685022 0.328369 0.509097 0.0003730880 -0.0000145983 -0.0001029261 0.0000008393 0.0000039981 0.0000286542 0.0048069152 -0.0029201182 0.0000019460 0.0063510667 0.0000032068 0.0025365717
1413393265.50581 -3.077618 -2.378760 -0.216137 0.403691 -0.689736 0.329775 0.502539 0.0003702043 -0.0000188894 -0.0001069326 0.0000012333 0.0000054277 0.0000311487 0.0048147886 -0.0029237668 0.0000019539 0.0063473814 0.0000032107 0.0025365825
1413393265.55581 -3.076093 -2.381772 -0.218681 0.406663 -0.692451 0.328091 0.497486 0.0003673774 -0.0000190374 -0.0001112551 0.0000012570 0.0000057368 0.0000339559 0.0048201348 -0.0029256434 0.0000019643 0.0063433374 0.0000032122 0.0025365902
1413393265.60581 -3.074759 -2.383686 -0.219501 0.413236 -0.691742 0.324797 0.495212 0.0003656435 -0.0000152811 -0.0001143723 0.0000009100 0.0000047505 0.0000360416 0.0048237829 -0.0029266035 0.0000019699 0.0063397911 0.0000032162 0.0025365969
1413393265.65581 -3.073536 -2.385005 -0.219662 0.421472 -0.689356 0.320524 0.494383 0.0003642977 -0.0000095455 -0.0001168988 0.0000005222 0.0000030322 0.0000377800 0.0048256692 -0.0029265005 0.0000019752 0.0063363702 0.0000032284 0.0025365965
1413393265.70581 -3.072210 -2.386467 -0.218638 0.429352 -0.686002 0.319159 0.493148 0.0003634404 -0.0000054241 -0.0001183511 0.0000003536 0.0000017343 0.0000388103 0.0048279581 -0.0029266783 0.0000019745 0.0063328896 0.0000032442 0.0025365878
1413393265.75581 -3.070513 -2.387812 -0.216883 0.437882 -0.682092 0.318905 0.491233 0.0003624950 -0.0000017467 -0.0001197510 0.0000002817 0.0000005436 0.0000398327 0.0048308172 -0.0029270050 0.0000019662 0.0063288359 0.0000032615 0.0025365782
1413393265.80581 -3.068233 -2.388775 -0.214078 0.445389 -0.677898 0.319660 0.489796 0.0003620310 0.0000011979 -0.0001203850 0.0000002778 -0.0000004329 0.0000403058 0.0048329853 -0.0029266113 0.0000019532 0.0063240851 0.0000032751 0.0025365658
1413393265.85581 -3.065706 -2.390295 -0.210479 0.452993 -0.673688 0.322398 0.486828 0.0003614475 0.0000026518 -0.0001211420 0.0000002936 -0.0000009241 0.0000408782 0.0048353617 -0.0029253885 0.0000019331 0.0063167437 0.0000032869 0.0025365481
1413393265.90581 -3.062102 -2.391752 -0.206580 0.460381 -0.669482 0.325923 0.483340 0.0003608693 0.0000033762 -0.0001218898 0.0000003060 -0.0000011764 0.0000414491 0.0048385743 -0.0029245177 0.0000019075 0.0063090176 0.0000032894 0.0025365366
1413393265.95580 -3.057802 -2.393472 -0.201944 0.467825 -0.665367 0.330182 0.478964 0.0003601409 0.0000034162 -0.0001228419 0.0000003069 -0.0000012018 0.0000421818 0.0048415543 -0.0029223270 0.0000018782 0.0062983033 0.0000032891 0.0025365246
1413393266.00580 -3.052607 -2.395602 -0.196215 0.475662 -0.660157 0.336195 0.474247 0.0003599040 0.0000028551 -0.0001231671 0.0000002971 -0.0000010139 0.0000424340 0.0048456387 -0.0029199395 0.0000018427 0.0062852911 0.0000032823 0.0025365177
1413393266.05580 -3.046781 -2.398106 -0.190466 0.483541 -0.655508 0.343623 0.467354 0.0003591617 0.0000006439 -0.0001241530 0.0000002751 -0.0000002594 0.0000432029 0.0048503588 -0.0029176041 0.0000018030 0.0062714340 0.0000032735 0.0025365102
1413393266.10580 -3.040400 -2.400922 -0.183577 0.493001 -0.648190 0.350595 0.462474 0.0003593277 0.0000006436 -0.0001239461 0.0000002747 -0.0000002592 0.0000430426 0.0048559103 -0.0029151885 0.0000017581 0.0062560771 0.0000032638 0.0025365034
1413393266.15580 -3.033103 -2.404038 -0.175793 0.503702 -0.639647 0.358382 0.456835 0.0003595025 0.0000007281 -0.0001237265 0.0000002740 -0.0000002880 0.0000428730 0.0048616640 -0.0029120688 0.0000017086 0.0062386113 0.0000032546 0.0025364915
1413393266.20580 -3.025078 -2.407309 -0.167036 0.515168 -0.630753 0.367098 0.449435 0.0003593123 0.0000000518 -0.0001239762 0.0000002714 -0.0000000552 0.0000430708 0.0048679792 -0.0029083372 0.0000016550 0.0062188416 0.0000032388 0.0025364867
1413393266.25580 -3.016431 -2.410654 -0.157496 0.527596 -0.620857 0.375977 0.441384 0.0003590107 -0.0000003745 -0.0001243637 0.0000002702 0.0000000926 0.0000433781 0.0048739964 -0.0029039479 0.0000015976 0.0061979689 0.0000032196 0.0025364823
1413393266.30580 -3.006980 -2.413836 -0.147117 0.540575 -0.609470 0.386589 0.432290 0.0003590752 -0.0000014208 -0.0001242788 0.0000002731 0.0000004553 0.0000433147 0.0048799909 -0.0028988859 0.0000015353 0.0061755345 0.0000031971 0.0025364636
1413393266.35580 -2.997745 -2.416964 -0.136126 0.555300 -0.596427 0.396567 0.422673 0.0003588683 -0.0000013057 -0.0001245476 0.0000002697 0.0000004171 0.0000435301 0.0048862264 -0.0028933334 0.0000014703 0.0061516591 0.0000031765 0.0025364593
1413393266.40580 -2.988146 -2.420544 -0.124687 0.569754 -0.582628 0.407429 0.412222 0.0003588706 -0.0000018565 -0.0001245439 0.0000002718 0.0000006093 0.0000435318 0.0048928924 -0.0028883394 0.0000013994 0.0061286848 0.0000031590 0.0025364593
1413393266.45580 -2.978079 -2.424127 -0.112596 0.586071 -0.566952 0.418109 0.400339 0.0003584298 -0.0000017666 -0.0001251072 0.0000002676 0.0000005831 0.0000439820 0.0048994850 -0.0028825147 0.0000013240 0.0061039068 0.0000031427 0.0025364588
1413393266.50580 -2.968024 -2.428052 -0.099633 0.601290 -0.550522 0.430232 0.387655 0.0003585822 -0.0000027640 -0.0001249040 0.0000002763 0.0000009312 0.0000438249 0.0049062996 -0.0028767906 0.0000012422 0.0060791744 0.0000031293 0.0025364585
1413393266.55580 -2.957981 -2.430654 -0.086558 0.615156 -0.533241 0.443089 0.375378 0.0003595245 -0.0000039834 -0.0001236812 0.0000002955 0.0000013417 0.0000428682 0.0049128267 -0.0028711982 0.0000011599 0.0060554428 0.0000031202 0.0025364687
1413393266.60580 -2.947967 -2.433294 -0.074524 0.626535 -0.514782 0.457766 0.364560 0.0003621898 -0.0000054229 -0.0001201432 0.0000003290 0.0000017736 0.0000401736 0.0049176631 -0.0028644866 0.0000010773 0.0060316732 0.0000031209 0.0025364876
1413393266.65581 -2.938892 -2.434974 -0.065708 0.637195 -0.498224 0.470206 0.353076 0.0003637959 -0.0000069551 -0.0001178884 0.0000003773 0.0000022325 0.0000385214 0.0049220908 -0.0028581267 0.0000009975 0.0060094709 0.0000031215 0.0025365042
1413393266.70581 -2.929992 -2.435708 -0.060514 0.646407 -0.483197 0.481160 0.342293 0.0003651615 -0.0000084671 -0.0001158895 0.0000004379 0.0000026698 0.0000370972 0.0049236497 -0.0028510666 0.0000009254 0.0059898890 0.0000031258 0.0025365249
1413393266.75582 -2.921952 -2.435412 -0.058597 0.654969 -0.469399 0.490659 0.331565 0.0003660574 -0.0000099228 -0.0001145024 0.0000005064 0.0000030903 0.0000361308 0.0049233672 -0.0028430771 0.0000008655 0.0059706829 0.0000031191 0.0025365355
1413393266.80582 -2.915476 -2.434699 -0.057698 0.662490 -0.456854 0.499085 0.321412 0.0003668294 -0.0000113939 -0.0001132532 0.0000005885 0.0000035077 0.0000352760 0.0049212626 -0.0028349453 0.0000008162 0.0059538427 0.0000031235 0.0025365510
1413393266.85583 -2.910543 -2.433125 -0.055008 0.667822 -0.444553 0.507052 0.315095 0.0003686930 -0.0000113740 -0.0001104897 0.0000005824 0.0000034014 0.0000334167 0.0049181883 -0.0028284807 0.0000007741 0.0059424151 0.0000031289 0.0025365583
1413393266.90583 -2.906576 -2.430914 -0.047913 0.672573 -0.433549 0.512912 0.310810 0.0003702717 -0.0000100809 -0.0001081965 0.0000005034 0.0000029406 0.0000319154 0.0049143919 -0.0028228695 0.0000007315 0.0059341658 0.0000031297 0.0025365557
1413393266.95584 -2.904309 -2.428479 -0.038650 0.679057 -0.427975 0.513205 0.303875 0.0003684744 -0.0000100102 -0.0001109691 0.0000004959 0.0000030113 0.0000337151 0.0049088947 -0.0028173234 0.0000006830 0.0059285047 0.0000031156 0.0025365441
1413393267.00584 -2.903709 -2.424220 -0.024309 0.683749 -0.423734 0.513429 0.298876 0.0003671564 -0.0000099262 -0.0001129462 0.0000004880 0.0000030516 0.0000350362 0.0049015263 -0.0028125532 0.0000006291 0.0059275057 0.0000030830 0.0025365158
1413393267.05584 -2.904398 -2.419400 -0.006012 0.688946 -0.422578 0.511292 0.292168 0.0003640921 -0.0000110738 -0.0001172277 0.0000005527 0.0000035650 0.0000380333 0.0048924575 -0.0028077488 0.0000005667 0.0059289676 0.0000030677 0.0025365084
1413393267.10584 -2.907856 -2.414721 0.013783 0.690954 -0.420783 0.511395 0.289827 0.0003634969 -0.0000112280 -0.0001180429 0.0000005565 0.0000036452 0.0000386177 0.0048801933 -0.0028030692 0.0000004878 0.0059353063 0.0000030025 0.0025364676
1413393267.15585 -2.912101 -2.409022 0.031830 0.692654 -0.421519 0.510302 0.286608 0.0003619064 -0.0000125208 -0.0001200798 0.0000006401 0.0000041538 0.0000401227 0.0048700533 -0.0028015908 0.0000004090 0.0059465269 0.0000029668 0.0025364515
1413393267.20585 -2.917436 -2.403837 0.046949 0.693901 -0.422635 0.508799 0.284612 0.0003605115 -0.0000132595 -0.0001218542 0.0000006911 0.0000044812 0.0000414644 0.0048588623 -0.0027996565 0.0000003316 0.0059582870 0.0000029235 0.0025364352
1413393267.25585 -2.923261 -2.398481 0.058887 0.693724 -0.424314 0.508557 0.282975 0.0003597900 -0.0000147314 -0.0001226303 0.0000008037 0.0000050201 0.0000420697 0.0048489797 -0.0027995709 0.0000002509 0.0059727376 0.0000028589 0.0025363932
1413393267.30585 -2.929667 -2.393525 0.067489 0.693872 -0.426469 0.506875 0.282390 0.0003586621 -0.0000153321 -0.0001240105 0.0000008542 0.0000053000 0.0000431480 0.0048397425 -0.0028003178 0.0000001897 0.0059885015 0.0000028305 0.0025363893
1413393267.35585 -2.936537 -2.388886 0.074048 0.692606 -0.428377 0.506730 0.282870 0.0003586728 -0.0000160424 -0.0001239154 0.0000009147 0.0000055407 0.0000430782 0.0048309183 -0.0028015238 0.0000001389 0.0060049087 0.0000028081 0.0025363867
1413393267.40585 -2.943772 -2.384685 0.077920 0.691856 -0.429477 0.505939 0.284447 0.0003587782 -0.0000155362 -0.0001238541 0.0000008685 0.0000053608 0.0000430205 0.0048230432 -0.0028036015 0.0000001022 0.0060221342 0.0000027934 0.0025363798
1413393267.45585 -2.951711 -2.380993 0.079507 0.691178 -0.430779 0.504554 0.286579 0.0003587776 -0.0000146210 -0.0001239716 0.0000007893 0.0000050482 0.0000430986 0.0048155650 -0.0028064824 0.0000000756 0.0060407803 0.0000027700 0.0025363541
1413393267.50585 -2.960228 -2.377190 0.079202 0.690517 -0.430949 0.502793 0.290978 0.0003593686 -0.0000119467 -0.0001235132 0.0000005900 0.0000041009 0.0000427103 0.0048090455 -0.0028106823 0.0000000655 0.0060613965 0.0000027760 0.0025363447
1413393267.55586 -2.969059 -2.373658 0.076447 0.690660 -0.431318 0.499895 0.295055 0.0003592856 -0.0000089701 -0.0001238791 0.0000004162 0.0000030863 0.0000429705 0.0048020232 -0.0028147008 0.0000000721 0.0060824270 0.0000027893 0.0025363282
1413393267.60586 -2.977998 -2.369839 0.071555 0.690784 -0.431441 0.497266 0.299002 0.0003592706 -0.0000060616 -0.0001240824 0.0000002940 0.0000020856 0.0000431110 0.0047946003 -0.0028187125 0.0000000961 0.0061041526 0.0000028099 0.0025363032
1413393267.65586 -2.987225 -2.365807 0.064685 0.690789 -0.431601 0.495045 0.302426 0.0003592743 -0.0000036205 -0.0001241806 0.0000002280 0.0000012421 0.0000431772 0.0047863132 -0.0028223149 0.0000001265 0.0061263923 0.0000028319 0.0025362808
1413393267.70586 -2.996493 -2.361725 0.055504 0.690637 -0.431446 0.493483 0.305532 0.0003595051 -0.0000014888 -0.0001239378 0.0000001973 0.0000005026 0.0000429809 0.0047776656 -0.0028258470 0.0000001679 0.0061491876 0.0000028556 0.0025362545
1413393267.75586 -3.005425 -2.358159 0.044124 0.691388 -0.430927 0.490812 0.308850 0.0003591999 0.0000014875 -0.0001243338 0.0000001973 -0.0000005271 0.0000432904 0.0047703904 -0.0028297418 0.0000002169 0.0061708267 0.0000028822 0.0025362290
1413393267.80586 -3.013548 -2.354319 0.031624 0.691876 -0.430559 0.489469 0.310398 0.0003590029 0.0000029943 -0.0001245637 0.0000002161 -0.0000010524 0.0000434729 0.0047628948 -0.0028328704 0.0000002714 0.0061910142 0.0000029089 0.0025362037
1413393267.85586 -3.021121 -2.350809 0.019702 0.692509 -0.428559 0.488381 0.313453 0.0003593811 0.0000058693 -0.0001239863 0.0000002869 -0.0000020401 0.0000430266 0.0047557118 -0.0028352685 0.0000003482 0.0062088645 0.0000029292 0.0025361630
1413393267.90586 -3.027413 -2.347210 0.008333 0.693230 -0.427500 0.487279 0.315016 0.0003592707 0.0000076140 -0.0001240387 0.0000003526 -0.0000026452 0.0000430761 0.0047492397 -0.0028374053 0.0000003935 0.0062251084 0.0000029498 0.0025361476
1413393267.95586 -3.032455 -2.343667 -0.001733 0.692800 -0.427535 0.488552 0.313941 0.0003596155 0.0000065329 -0.0001236664 0.0000003101 -0.0000022637 0.0000427786 0.0047424167 -0.0028378176 0.0000004357 0.0062375820 0.0000029677 0.0025361347
1413393268.00586 -3.036567 -2.340063 -0.010635 0.691760 -0.429764 0.490434 0.310236 0.0003594635 0.0000029057 -0.0001240050 0.0000002150 -0.0000010195 0.0000430305 0.0047358656 -0.0028375232 0.0000004710 0.0062478744 0.0000029811 0.0025361255
1413393268.05586 -3.038155 -2.336683 -0.018941 0.690497 -0.432861 0.492412 0.305574 0.0003590099 -0.0000016716 -0.0001246082 0.0000001987 0.0000005628 0.0000435017 0.0047292908 -0.0028364595 0.0000005180 0.0062560888 0.0000029885 0.0025361034
1413393268.10586 -3.041861 -2.333035 -0.025885 0.690185 -0.434679 0.493351 0.302164 0.0003583305 -0.0000044449 -0.0001254013 0.0000002466 0.0000015379 0.0000441386 0.0047238859 -0.0028340653 0.0000005402 0.0062590440 0.0000029955 0.0025361016
1413393268.15586 -3.045750 -2.329533 -0.032287 0.689923 -0.437270 0.494035 0.297876 0.0003571954 -0.0000079218 -0.0001266454 0.0000003677 0.0000027911 0.0000451577 0.0047175197 -0.0028331854 0.0000005573 0.0062676428 0.0000030023 0.0025361012
1413393268.20586 -3.049915 -2.326341 -0.037856 0.690152 -0.438062 0.493813 0.296549 0.0003566043 -0.0000087751 -0.0001273186 0.0000004086 0.0000031147 0.0000457130 0.0047121038 -0.0028333577 0.0000005700 0.0062773943 0.0000030084 0.0025361016
1413393268.25587 -3.054237 -2.323758 -0.043028 0.691581 -0.436740 0.492330 0.297631 0.0003562460 -0.0000068948 -0.0001278742 0.0000003268 0.0000024555 0.0000461582 0.0047071429 -0.0028339191 0.0000005813 0.0062874087 0.0000030148 0.0025361024
1413393268.30587 -3.058837 -2.321664 -0.047618 0.693534 -0.434560 0.489620 0.300734 0.0003559123 -0.0000031197 -0.0001284290 0.0000002215 0.0000011047 0.0000466023 0.0047033761 -0.0028354974 0.0000005918 0.0062980251 0.0000030217 0.0025361021
1413393268.35587 -3.063496 -2.320109 -0.051371 0.696391 -0.431549 0.485614 0.304934 0.0003551781 0.0000021749 -0.0001293314 0.0000002083 -0.0000008150 0.0000473547 0.0047004687 -0.0028375303 0.0000006030 0.0063083365 0.0000030296 0.0025361008
1413393268.40588 -3.068169 -2.318794 -0.054290 0.699936 -0.428252 0.480664 0.309277 0.0003538336 0.0000080941 -0.0001306865 0.0000003812 -0.0000030147 0.0000485316 0.0046980382 -0.0028399609 0.0000006146 0.0063188514 0.0000030383 0.0025360975
1413393268.45588 -3.071947 -2.316840 -0.055826 0.701316 -0.426677 0.478568 0.311569 0.0003533469 0.0000108411 -0.0001310576 0.0000005294 -0.0000040478 0.0000488743 0.0046963752 -0.0028425172 0.0000006227 0.0063283827 0.0000030398 0.0025360873
1413393268.50588 -3.074696 -2.315596 -0.056792 0.702332 -0.426761 0.476233 0.312741 0.0003524084 0.0000124091 -0.0001320047 0.0000006348 -0.0000046762 0.0000497127 0.0046933340 -0.0028431966 0.0000006302 0.0063354638 0.0000030427 0.0025360863
1413393268.55588 -3.075908 -2.314352 -0.056418 0.701538 -0.429336 0.476609 0.310416 0.0003519514 0.0000099422 -0.0001327380 0.0000004795 -0.0000037778 0.0000503302 0.0046912960 -0.0028432050 0.0000006325 0.0063390368 0.0000030418 0.0025360874
1413393268.60588 -3.076139 -2.313346 -0.054209 0.699166 -0.432251 0.478721 0.308467 0.0003525666 0.0000066334 -0.0001322479 0.0000003242 -0.0000025163 0.0000498752 0.0046896728 -0.0028424053 0.0000006283 0.0063397517 0.0000030363 0.0025360893
1413393268.65588 -3.075682 -2.311590 -0.050522 0.696756 -0.434269 0.481062 0.307442 0.0003535325 0.0000040426 -0.0001312426 0.0000002458 -0.0000015289 0.0000489898 0.0046882247 -0.0028410789 0.0000006166 0.0063386180 0.0000030180 0.0025360768
1413393268.70588 -3.074765 -2.311032 -0.045927 0.694430 -0.435891 0.483316 0.306874 0.0003546074 0.0000018824 -0.0001300381 0.0000002106 -0.0000007186 0.0000479551 0.0046853594 -0.0028383515 0.0000006064 0.0063364586 0.0000030093 0.0025360820
1413393268.75588 -3.073443 -2.310809 -0.040759 0.692707 -0.438374 0.484568 0.305252 0.0003547427 -0.0000006915 -0.0001298936 0.0000002030 0.0000002247 0.0000478323 0.0046849270 -0.0028369747 0.0000005908 0.0063335812 0.0000029997 0.0025360880
1413393268.80588 -3.071663 -2.310911 -0.034967 0.692217 -0.440600 0.484432 0.303369 0.0003540178 -0.0000025535 -0.0001307251 0.0000002210 0.0000009141 0.0000485437 0.0046852432 -0.0028356017 0.0000005709 0.0063293800 0.0000029882 0.0025360962
1413393268.85588 -3.069742 -2.311482 -0.028359 0.690538 -0.442533 0.485531 0.302626 0.0003543252 -0.0000044066 -0.0001303185 0.0000002584 0.0000015916 0.0000482031 0.0046865638 -0.0028348873 0.0000005470 0.0063251556 0.0000029747 0.0025361046
1413393268.90588 -3.067601 -2.312531 -0.022869 0.690236 -0.444162 0.485363 0.301192 0.0003537129 -0.0000057557 -0.0001309842 0.0000002982 0.0000021018 0.0000487795 0.0046886414 -0.0028343165 0.0000005220 0.0063199775 0.0000029608 0.0025361151
1413393268.95588 -3.065482 -2.314554 -0.018392 0.688899 -0.443863 0.486635 0.302638 0.0003548861 -0.0000056377 -0.0001296139 0.0000002950 0.0000020287 0.0000476131 0.0046927822 -0.0028349615 0.0000004974 0.0063143871 0.0000029477 0.0025361254
1413393269.00588 -3.063582 -2.316447 -0.016026 0.688335 -0.441374 0.486807 0.307250 0.0003565870 -0.0000025199 -0.0001276726 0.0000002243 0.0000008703 0.0000459864 0.0046968021 -0.0028358414 0.0000004779 0.0063096178 0.0000029380 0.0025361342
1413393269.05588 -3.061725 -2.318753 -0.015837 0.688882 -0.437234 0.485957 0.313233 0.0003581285 0.0000025646 -0.0001257736 0.0000002258 -0.0000009347 0.0000444452 0.0047007575 -0.0028365357 0.0000004627 0.0063043700 0.0000029264 0.0025361317
1413393269.10588 -3.059402 -2.320771 -0.015720 0.690712 -0.431884 0.483384 0.320520 0.0003590249 0.0000096292 -0.0001243031 0.0000004670 -0.0000033702 0.0000433109 0.0047047139 -0.0028372918 0.0000004605 0.0062992818 0.0000029286 0.0025361368
1413393269.15588 -3.056216 -2.322207 -0.015412 0.692727 -0.427428 0.481822 0.324472 0.0003592571 0.0000143466 -0.0001235528 0.0000007828 -0.0000049720 0.0000427662 0.0047073788 -0.0028360813 0.0000004620 0.0062912321 0.0000029321 0.0025361400
1413393269.20588 -3.051809 -2.322569 -0.014380 0.693284 -0.422899 0.484247 0.325605 0.0003607163 0.0000159923 -0.0001214606 0.0000009194 -0.0000054237 0.0000411734 0.0047082282 -0.0028324951 0.0000004636 0.0062800999 0.0000029347 0.0025361415
1413393269.25588 -3.046082 -2.321071 -0.012445 0.693377 -0.419817 0.489587 0.321382 0.0003621873 0.0000132245 -0.0001198434 0.0000006926 -0.0000044140 0.0000399294 0.0047066621 -0.0028261135 0.0000004687 0.0062657007 0.0000029260 0.0025361295
1413393269.30588 -3.039549 -2.319620 -0.010251 0.693056 -0.416384 0.496596 0.315738 0.0003641104 0.0000092754 -0.0001175973 0.0000004455 -0.0000030330 0.0000382560 0.0047016695 -0.0028167431 0.0000004625 0.0062495906 0.0000029258 0.0025361321
1413393269.35588 -3.032340 -2.317252 -0.007516 0.691657 -0.411825 0.505479 0.310648 0.0003670437 0.0000051993 -0.0001136866 0.0000002823 -0.0000016467 0.0000354883 0.0046975593 -0.0028074898 0.0000004521 0.0062322901 0.0000029272 0.0025361309
1413393269.40588 -3.025218 -2.313814 -0.005614 0.690930 -0.408076 0.513483 0.304014 0.0003690335 0.0000004523 -0.0001108517 0.0000002086 -0.0000001711 0.0000335741 0.0046911642 -0.0027967505 0.0000004407 0.0062150381 0.0000029288 0.0025361271
1413393269.45588 -3.018660 -2.309522 -0.005540 0.691159 -0.404770 0.518686 0.299040 0.0003701073 -0.0000024610 -0.0001091832 0.0000002241 0.0000006914 0.0000324864 0.0046831091 -0.0027854920 0.0000004293 0.0061992721 0.0000029326 0.0025361241
1413393269.50589 -3.012756 -2.304229 -0.008682 0.691892 -0.403298 0.522216 0.293134 0.0003701063 -0.0000059514 -0.0001090504 0.0000003034 0.0000017195 0.0000324098 0.0046736832 -0.0027740126 0.0000004239 0.0061852721 0.0000029373 0.0025361220
1413393269.55590 -3.007613 -2.298339 -0.015510 0.693991 -0.402332 0.523222 0.287653 0.0003690417 -0.0000083194 -0.0001105283 0.0000003953 0.0000024579 0.0000333840 0.0046625327 -0.0027622691 0.0000004266 0.0061735268 0.0000029442 0.0025361222
1413393269.60590 -3.003122 -2.291857 -0.026166 0.696131 -0.402295 0.523144 0.282632 0.0003675609 -0.0000104699 -0.0001125641 0.0000005062 0.0000031727 0.0000347554 0.0046505253 -0.0027507529 0.0000004410 0.0061638307 0.0000029540 0.0025361224
1413393269.65591 -2.999248 -2.285420 -0.040018 0.697449 -0.402316 0.523526 0.278615 0.0003665662 -0.0000124355 -0.0001138209 0.0000006302 0.0000038276 0.0000356269 0.0046378391 -0.0027393558 0.0000004662 0.0061555759 0.0000029587 0.0025361092
1413393269.70591 -2.996450 -2.278024 -0.056028 0.699115 -0.402471 0.522909 0.275356 0.0003653042 -0.0000136925 -0.0001154909 0.0000007224 0.0000042951 0.0000367995 0.0046256295 -0.0027287578 0.0000004982 0.0061486196 0.0000029775 0.0025361213
1413393269.75591 -2.994786 -2.270862 -0.073504 0.701756 -0.402689 0.520572 0.272737 0.0003633897 -0.0000138631 -0.0001181441 0.0000007389 0.0000044730 0.0000387003 0.0046118745 -0.0027181833 0.0000005424 0.0061444365 0.0000030001 0.0025361308
1413393269.80591 -2.994375 -2.263875 -0.091322 0.704894 -0.402847 0.517126 0.270959 0.0003611489 -0.0000131226 -0.0001212436 0.0000006880 0.0000043707 0.0000409962 0.0045989964 -0.0027091137 0.0000005951 0.0061427635 0.0000030262 0.0025361392
1413393269.85591 -2.994042 -2.257519 -0.109873 0.708075 -0.402059 0.513446 0.270835 0.0003593102 -0.0000110441 -0.0001238336 0.0000005514 0.0000037706 0.0000429728 0.0045870448 -0.0027016425 0.0000006680 0.0061436771 0.0000030477 0.0025361214
1413393269.90590 -2.995924 -2.251913 -0.126363 0.711144 -0.400022 0.509989 0.272339 0.0003580156 -0.0000077673 -0.0001257157 0.0000003817 0.0000026904 0.0000444417 0.0045766702 -0.0026950180 0.0000007276 0.0061442435 0.0000030781 0.0025361288
1413393269.95590 -2.998669 -2.246873 -0.142440 0.714222 -0.397825 0.506198 0.274564 0.0003567328 -0.0000039182 -0.0001274773 0.0000002576 0.0000013616 0.0000458533 0.0045671236 -0.0026909998 0.0000007891 0.0061503909 0.0000031099 0.0025361337
1413393270.00590 -3.001513 -2.242374 -0.157929 0.717350 -0.395515 0.502140 0.277187 0.0003553352 0.0000002505 -0.0001292241 0.0000002161 -0.0000001314 0.0000472968 0.0045588635 -0.0026881415 0.0000008507 0.0061574308 0.0000031403 0.0025361359
1413393270.05590 -3.004162 -2.238233 -0.172392 0.718436 -0.394337 0.501345 0.277492 0.0003549876 0.0000013352 -0.0001296333 0.0000002222 -0.0000005286 0.0000476428 0.0045511859 -0.0026852904 0.0000009084 0.0061635340 0.0000031667 0.0025361381
1413393270.10590 -3.006597 -2.234040 -0.186865 0.719909 -0.394950 0.499664 0.275829 0.0003535419 0.0000009976 -0.0001313338 0.0000002212 -0.0000004121 0.0000490941 0.0045438959 -0.0026826837 0.0000009626 0.0061696836 0.0000031895 0.0025361416
1413393270.15590 -3.008588 -2.230081 -0.200709 0.720679 -0.395336 0.498900 0.274646 0.0003527517 0.0000005812 -0.0001322496 0.0000002206 -0.0000002598 0.0000498898 0.0045367493 -0.0026798240 0.0000010137 0.0061749576 0.0000032107 0.0025361474
1413393270.20590 -3.010036 -2.226373 -0.213828 0.721154 -0.395436 0.498942 0.273176 0.0003523216 -0.0000001675 -0.0001327444 0.0000002209 0.0000000209 0.0000503243 0.0045300851 -0.0026767656 0.0000010605 0.0061788601 0.0000032286 0.0025361533
1413393270.25590 -3.011161 -2.223046 -0.226819 0.721617 -0.395742 0.498599 0.272132 0.0003518087 -0.0000006605 -0.0001333269 0.0000002233 0.0000002077 0.0000508397 0.0045239191 -0.0026738042 0.0000011043 0.0061821498 0.0000032462 0.0025361608
1413393270.30590 -3.011643 -2.220159 -0.239204 0.721840 -0.395803 0.499003 0.270707 0.0003515894 -0.0000015395 -0.0001335701 0.0000002302 0.0000005420 0.0000510579 0.0045190509 -0.0026711031 0.0000011448 0.0061837918 0.0000032618 0.0025361741
1413393270.35590 -3.011791 -2.218090 -0.250839 0.721148 -0.396037 0.499821 0.270701 0.0003520556 -0.0000020153 -0.0001330409 0.0000002365 0.0000007183 0.0000505912 0.0045151573 -0.0026687733 0.0000011814 0.0061846570 0.0000032765 0.0025361871
1413393270.40590 -3.011724 -2.216966 -0.261624 0.720071 -0.398562 0.499984 0.269560 0.0003517643 -0.0000038506 -0.0001333323 0.0000002686 0.0000014162 0.0000508548 0.0045130503 -0.0026673018 0.0000012126 0.0061845409 0.0000032997 0.0025361975
1413393270.45590 -3.012044 -2.216379 -0.271050 0.717783 -0.401475 0.500693 0.270024 0.0003522560 -0.0000053750 -0.0001327262 0.0000003103 0.0000019815 0.0000503267 0.0045129223 -0.0026671111 0.0000012381 0.0061842385 0.0000033119 0.0025362062
1413393270.50590 -3.013238 -2.216303 -0.280358 0.715396 -0.405479 0.500473 0.270782 0.0003523268 -0.0000069019 -0.0001325795 0.0000003658 0.0000025529 0.0000502070 0.0045115358 -0.0026671213 0.0000012631 0.0061868739 0.0000033262 0.0025362207
1413393270.55590 -3.015149 -2.216186 -0.289916 0.713623 -0.409571 0.498011 0.273823 0.0003519030 -0.0000064072 -0.0001330896 0.0000003500 0.0000023776 0.0000506532 0.0045106538 -0.0026684642 0.0000012865 0.0061922224 0.0000033410 0.0025362315
1413393270.60590 -3.017570 -2.215543 -0.299563 0.710989 -0.413630 0.496090 0.278026 0.0003521788 -0.0000056295 -0.0001328165 0.0000003263 0.0000020760 0.0000504077 0.0045088944 -0.0026698565 0.0000013105 0.0061993740 0.0000033557 0.0025362408
1413393270.65590 -3.020783 -2.214626 -0.308615 0.709038 -0.418612 0.492287 0.282283 0.0003514310 -0.0000044014 -0.0001337129 0.0000002951 0.0000016260 0.0000511950 0.0045070980 -0.0026713389 0.0000013391 0.0062068917 0.0000033814 0.0025362614
1413393270.70589 -3.024017 -2.214618 -0.315861 0.706953 -0.421341 0.488212 0.290412 0.0003518589 -0.0000002447 -0.0001333098 0.0000002444 0.0000000417 0.0000508270 0.0045075741 -0.0026742366 0.0000013653 0.0062140480 0.0000034081 0.0025362811
1413393270.75589 -3.025944 -2.215973 -0.318640 0.703781 -0.424663 0.486802 0.295596 0.0003528074 0.0000010410 -0.0001322349 0.0000002511 -0.0000004425 0.0000498818 0.0045100911 -0.0026775881 0.0000013859 0.0062186098 0.0000034299 0.0025363072
1413393270.80589 -3.025149 -2.221633 -0.316957 0.702265 -0.427205 0.483608 0.300738 0.0003528490 0.0000035530 -0.0001321483 0.0000002872 -0.0000013846 0.0000498111 0.0045141381 -0.0026815318 0.0000013892 0.0062217782 0.0000034475 0.0025363055
1413393270.85589 -3.025351 -2.225283 -0.312131 0.700447 -0.429285 0.481109 0.305978 0.0003531470 0.0000059247 -0.0001317281 0.0000003545 -0.0000022655 0.0000494555 0.0045251717 -0.0026876548 0.0000013814 0.0062178499 0.0000034477 0.0025363187
1413393270.90589 -3.024323 -2.229400 -0.304047 0.700043 -0.430868 0.477835 0.309784 0.0003526068 0.0000083163 -0.0001322267 0.0000004547 -0.0000031757 0.0000499053 0.0045326782 -0.0026919140 0.0000013586 0.0062154406 0.0000034446 0.0025363266
1413393270.95588 -3.021015 -2.233803 -0.294329 0.698132 -0.430959 0.476838 0.315455 0.0003539375 0.0000111709 -0.0001304834 0.0000006146 -0.0000041769 0.0000484243 0.0045402340 -0.0026956608 0.0000013256 0.0062115308 0.0000034258 0.0025363362
1413393271.00589 -3.015093 -2.240321 -0.283093 0.698314 -0.431457 0.473601 0.319226 0.0003533781 0.0000140887 -0.0001308603 0.0000008267 -0.0000052775 0.0000487803 0.0045502281 -0.0026980668 0.0000012750 0.0061994433 0.0000034063 0.0025363343
1413393271.05589 -3.007075 -2.246747 -0.273301 0.697130 -0.433026 0.472753 0.320939 0.0003535237 0.0000144032 -0.0001306638 0.0000008541 -0.0000053847 0.0000486154 0.0045623179 -0.0026998462 0.0000012183 0.0061819438 0.0000033710 0.0025363226
1413393271.10589 -2.999849 -2.252786 -0.266328 0.695430 -0.434101 0.472954 0.322876 0.0003542710 0.0000145759 -0.0001297767 0.0000008694 -0.0000054013 0.0000478617 0.0045750401 -0.0027000154 0.0000011746 0.0061593643 0.0000033517 0.0025363334
1413393271.15588 -2.992057 -2.259071 -0.261924 0.692982 -0.435652 0.474631 0.323588 0.0003554992 0.0000132609 -0.0001284658 0.0000007663 -0.0000048541 0.0000467451 0.0045865254 -0.0027000618 0.0000011349 0.0061389673 0.0000033366 0.0025363437
1413393271.20588 -2.983939 -2.265434 -0.260170 0.691942 -0.435543 0.474565 0.326047 0.0003562419 0.0000143639 -0.0001274572 0.0000008530 -0.0000052020 0.0000459239 0.0045983446 -0.0026999751 0.0000011007 0.0061178343 0.0000033253 0.0025363528
1413393271.25588 -2.975546 -2.271073 -0.260697 0.690398 -0.434335 0.475091 0.330140 0.0003577685 0.0000164096 -0.0001253356 0.0000010289 -0.0000058126 0.0000442295 0.0046093384 -0.0026991696 0.0000010773 0.0060964800 0.0000033170 0.0025363613
1413393271.30588 -2.966826 -2.275951 -0.263665 0.689034 -0.433124 0.474351 0.335599 0.0003589831 0.0000196326 -0.0001233420 0.0000013527 -0.0000068108 0.0000426990 0.0046190513 -0.0026974416 0.0000010687 0.0060750825 0.0000033074 0.0025363691
1413393271.35588 -2.957407 -2.279840 -0.268677 0.687503 -0.433601 0.472507 0.340687 0.0003595414 0.0000223548 -0.0001221658 0.0000016720 -0.0000076623 0.0000418292 0.0046268307 -0.0026939474 0.0000010712 0.0060525170 0.0000033035 0.0025363755
1413393271.40588 -2.946882 -2.281865 -0.273572 0.684090 -0.435941 0.472035 0.345193 0.0003607880 0.0000231489 -0.0001203912 0.0000017696 -0.0000077915 0.0000404904 0.0046325337 -0.0026883165 0.0000010758 0.0060279275 0.0000033101 0.0025363696
1413393271.45589 -2.935484 -2.283250 -0.278469 0.679378 -0.441405 0.472121 0.347431 0.0003618801 0.0000211164 -0.0001193170 0.0000015193 -0.0000070292 0.0000396558 0.0046341606 -0.0026791393 0.0000010891 0.0060012943 0.0000033105 0.0025363777
1413393271.50589 -2.923305 -2.283775 -0.282224 0.673867 -0.448577 0.472124 0.348971 0.0003627775 0.0000178929 -0.0001186398 0.0000011724 -0.0000059180 0.0000391123 0.0046344841 -0.0026683884 0.0000011036 0.0059729155 0.0000033134 0.0025363848
1413393271.55589 -2.910276 -2.283329 -0.285188 0.667126 -0.455761 0.473928 0.350166 0.0003644244 0.0000135189 -0.0001169634 0.0000007938 -0.0000044044 0.0000378505 0.0046334713 -0.0026558567 0.0000011191 0.0059423025 0.0000033167 0.0025363899
1413393271.60589 -2.896709 -2.280988 -0.287597 0.661745 -0.461528 0.474747 0.351711 0.0003655161 0.0000104742 -0.0001157496 0.0000005944 -0.0000033816 0.0000369631 0.0046309282 -0.0026416521 0.0000011372 0.0059099327 0.0000033331 0.0025363871
1413393271.65589 -2.882916 -2.279163 -0.289137 0.657861 -0.467522 0.473385 0.352913 0.0003654405 0.0000083896 -0.0001160336 0.0000004894 -0.0000027283 0.0000371491 0.0046249300 -0.0026254006 0.0000011508 0.0058781522 0.0000033271 0.0025363871
1413393271.70589 -2.869742 -2.276298 -0.289927 0.655127 -0.474059 0.469354 0.354659 0.0003642058 0.0000075567 -0.0001178242 0.0000004567 -0.0000025093 0.0000384235 0.0046199175 -0.0026098035 0.0000011573 0.0058465622 0.0000033291 0.0025363826
1413393271.75589 -2.856636 -2.273265 -0.290121 0.653234 -0.482399 0.462999 0.355257 0.0003614689 0.0000066803 -0.0001215754 0.0000004266 -0.0000023116 0.0000411972 0.0046140587 -0.0025941824 0.0000011634 0.0058163467 0.0000033282 0.0025363824
1413393271.80589 -2.843419 -2.269645 -0.289150 0.650402 -0.490632 0.457609 0.356162 0.0003592678 0.0000054618 -0.0001244871 0.0000003894 -0.0000019572 0.0000434421 0.0046074039 -0.0025781108 0.0000011703 0.0057863266 0.0000033185 0.0025363852
1413393271.85589 -2.829948 -2.265514 -0.288061 0.648046 -0.497760 0.451842 0.357925 0.0003571237 0.0000053563 -0.0001271703 0.0000003893 -0.0000019718 0.0000455913 0.0046011007 -0.0025619441 0.0000011757 0.0057555268 0.0000033161 0.0025363806
1413393271.90588 -2.816093 -2.261811 -0.286224 0.644450 -0.502578 0.448504 0.361861 0.0003570255 0.0000059303 -0.0001272722 0.0000004104 -0.0000021784 0.0000456747 0.0045939024 -0.0025449828 0.0000011802 0.0057242279 0.0000033003 0.0025363812
1413393271.95588 -2.801778 -2.258178 -0.284076 0.641297 -0.506200 0.445617 0.365958 0.0003572060 0.0000069301 -0.0001270077 0.0000004491 -0.0000025285 0.0000454617 0.0045876387 -0.0025281810 0.0000011835 0.0056919209 0.0000032849 0.0025363823
1413393272.00588 -2.786842 -2.253992 -0.281151 0.637740 -0.508708 0.444473 0.370065 0.0003582368 0.0000074886 -0.0001257076 0.0000004728 -0.0000026917 0.0000444115 0.0045817474 -0.0025111291 0.0000011841 0.0056584108 0.0000032720 0.0025363746
1413393272.05588 -2.771462 -2.249896 -0.278168 0.635537 -0.511547 0.442029 0.372858 0.0003581715 0.0000082223 -0.0001257501 0.0000005068 -0.0000029505 0.0000444475 0.0045737746 -0.0024925823 0.0000011845 0.0056245163 0.0000032555 0.0025363656
1413393272.10588 -2.755627 -2.245304 -0.274584 0.633411 -0.513385 0.440664 0.375555 0.0003585798 0.0000088382 -0.0001252047 0.0000005373 -0.0000031496 0.0000440137 0.0045656576 -0.0024734446 0.0000011822 0.0055894592 0.0000032361 0.0025363536
1413393272.15588 -2.739520 -2.240439 -0.270623 0.630290 -0.516072 0.439706 0.378238 0.0003592194 0.0000087180 -0.0001244135 0.0000005324 -0.0000030825 0.0000433837 0.0045569012 -0.0024537890 0.0000011789 0.0055541725 0.0000032159 0.0025363387
1413393272.20587 -2.723287 -2.234576 -0.266200 0.624995 -0.519372 0.441022 0.380964 0.0003609720 0.0000068498 -0.0001222842 0.0000004511 -0.0000023817 0.0000417150 0.0045477417 -0.0024337586 0.0000011757 0.0055185811 0.0000032054 0.0025363122
1413393272.25588 -2.706681 -2.228724 -0.261758 0.619133 -0.525310 0.442390 0.380808 0.0003616726 0.0000025497 -0.0001215389 0.0000003400 -0.0000009160 0.0000411290 0.0045364431 -0.0024123357 0.0000011748 0.0054828918 0.0000031800 0.0025362922
1413393272.30588 -2.690505 -2.223483 -0.256688 0.612900 -0.531044 0.443102 0.382107 0.0003625407 -0.0000008271 -0.0001204179 0.0000003256 0.0000002172 0.0000402800 0.0045252366 -0.0023911144 0.0000011733 0.0054476757 0.0000031532 0.0025362760
1413393272.35588 -2.674784 -2.217903 -0.251767 0.607005 -0.537090 0.442784 0.383433 0.0003628790 -0.0000038455 -0.0001199129 0.0000003661 0.0000012150 0.0000399052 0.0045152422 -0.0023711388 0.0000011712 0.0054137565 0.0000031277 0.0025362565
1413393272.40587 -2.659852 -2.212251 -0.246895 0.602623 -0.542602 0.439711 0.386112 0.0003625404 -0.0000044690 -0.0001203539 0.0000003822 0.0000014292 0.0000402322 0.0045048411 -0.0023515966 0.0000011682 0.0053815547 0.0000031008 0.0025362375
1413393272.45587 -2.645515 -2.206592 -0.241262 0.598559 -0.546707 0.435362 0.391534 0.0003627926 -0.0000027589 -0.0001200740 0.0000003490 0.0000008602 0.0000400155 0.0044947413 -0.0023330286 0.0000011609 0.0053512766 0.0000030784 0.0025362022
1413393272.50587 -2.631962 -2.200598 -0.235449 0.593916 -0.551392 0.431059 0.396759 0.0003630048 -0.0000015216 -0.0001198181 0.0000003366 0.0000004507 0.0000398201 0.0044841159 -0.0023145881 0.0000011585 0.0053221458 0.0000030481 0.0025361855
1413393272.55587 -2.618908 -2.194325 -0.229651 0.589980 -0.555591 0.425303 0.402939 0.0003630223 0.0000011370 -0.0001198066 0.0000003359 -0.0000004256 0.0000398078 0.0044727974 -0.0022963822 0.0000011565 0.0052946062 0.0000030194 0.0025361680
1413393272.60587 -2.606132 -2.187891 -0.223340 0.585994 -0.559718 0.418888 0.409707 0.0003630262 0.0000043432 -0.0001197359 0.0000003862 -0.0000014814 0.0000397577 0.0044613893 -0.0022784737 0.0000011553 0.0052679197 0.0000029932 0.0025361477
1413393272.65587 -2.593406 -2.181096 -0.217115 0.581617 -0.564642 0.412603 0.415523 0.0003627440 0.0000066794 -0.0001200162 0.0000004589 -0.0000022570 0.0000399707 0.0044496890 -0.0022604715 0.0000011549 0.0052414489 0.0000029651 0.0025361276
1413393272.70587 -2.580395 -2.173917 -0.210888 0.577369 -0.569826 0.405703 0.421128 0.0003621604 0.0000091754 -0.0001206406 0.0000005700 -0.0000031018 0.0000404470 0.0044369276 -0.0022415813 0.0000011556 0.0052143949 0.0000029363 0.0025361071
1413393272.75587 -2.566993 -2.166603 -0.204611 0.571908 -0.575413 0.400126 0.426286 0.0003620413 0.0000103827 -0.0001207101 0.0000006366 -0.0000035046 0.0000405042 0.0044240568 -0.0022222698 0.0000011562 0.0051865145 0.0000029073 0.0025360880
1413393272.80587 -2.553221 -2.159042 -0.198258 0.566431 -0.581121 0.394017 0.431514 0.0003617793 0.0000118271 -0.0001209337 0.0000007260 -0.0000039935 0.0000406800 0.0044107202 -0.0022025466 0.0000011592 0.0051582852 0.0000028857 0.0025360616
1413393272.85587 -2.538796 -2.151413 -0.191392 0.560360 -0.586373 0.388044 0.437705 0.0003620456 0.0000135683 -0.0001204045 0.0000008486 -0.0000045494 0.0000402944 0.0043973500 -0.0021825430 0.0000011619 0.0051294785 0.0000028565 0.0025360393
1413393272.90587 -2.523809 -2.144110 -0.184121 0.553539 -0.592484 0.383247 0.442357 0.0003622523 0.0000136393 -0.0001201292 0.0000008544 -0.0000045571 0.0000400866 0.0043841597 -0.0021618062 0.0000011631 0.0050987456 0.0000028215 0.0025360199
1413393272.95587 -2.508116 -2.136402 -0.176555 0.546738 -0.599022 0.378341 0.446216 0.0003621211 0.0000132541 -0.0001203564 0.0000008255 -0.0000044359 0.0000402499 0.0043715404 -0.0021410102 0.0000011641 0.0050671071 0.0000027821 0.0025359969
1413393273.00587 -2.491790 -2.128944 -0.169072 0.539031 -0.606100 0.373870 0.449787 0.0003621396 0.0000121400 -0.0001204581 0.0000007477 -0.0000040655 0.0000403139 0.0043581564 -0.0021193293 0.0000011644 0.0050345008 0.0000027456 0.0025359760
1413393273.05587 -2.475027 -2.121573 -0.162384 0.530603 -0.614962 0.369891 0.451067 0.0003613828 0.0000090759 -0.0001217348 0.0000005639 -0.0000030795 0.0000412503 0.0043454954 -0.0020975826 0.0000011542 0.0050006737 0.0000026875 0.0025358922
1413393273.10587 -2.457717 -2.114635 -0.155309 0.522935 -0.623742 0.364045 0.452721 0.0003600402 0.0000074036 -0.0001235987 0.0000004889 -0.0000025604 0.0000426730 0.0043335422 -0.0020762203 0.0000011554 0.0049669667 0.0000026479 0.0025358747
1413393273.20587 -2.422221 -2.100989 -0.141618 0.505391 -0.640922 0.353145 0.457261 0.0003582353 0.0000036366 -0.0001260662 0.0000003749 -0.0000012915 0.0000446077 0.0043105881 -0.0020335058 0.0000011551 0.0048986260 0.0000025657 0.0025358809
1413393273.25587 -2.404164 -2.094783 -0.135118 0.496972 -0.649967 0.345831 0.459307 0.0003565053 0.0000026636 -0.0001282206 0.0000003558 -0.0000009659 0.0000463596 0.0043005009 -0.0020126178 0.0000011528 0.0048637466 0.0000025371 0.0025358546
1413393273.30587 -2.386328 -2.088947 -0.128659 0.487331 -0.658818 0.339456 0.461776 0.0003553696 0.0000010848 -0.0001296130 0.0000003371 -0.0000003995 0.0000475171 0.0042909090 -0.0019921438 0.0000011520 0.0048292739 0.0000025057 0.0025358331
1413393273.35587 -2.368763 -2.083540 -0.122129 0.478346 -0.666667 0.331764 0.465481 0.0003544146 0.0000011580 -0.0001307461 0.0000003352 -0.0000004273 0.0000484768 0.0042818375 -0.0019722634 0.0000011521 0.0047955878 0.0000024731 0.0025358139
1413393273.40587 -2.351526 -2.078668 -0.115571 0.468015 -0.672916 0.325985 0.471041 0.0003551879 0.0000008780 -0.0001298461 0.0000003309 -0.0000003175 0.0000477104 0.0042738072 -0.0019531716 0.0000011538 0.0047624559 0.0000024408 0.0025357964
1413393273.45587 -2.334513 -2.074172 -0.109663 0.459825 -0.679979 0.317359 0.474839 0.0003540928 0.0000019704 -0.0001311278 0.0000003360 -0.0000007232 0.0000488022 0.0042662242 -0.0019347698 0.0000011546 0.0047304130 0.0000024196 0.0025357727
1413393273.50587 -2.317814 -2.070298 -0.102803 0.449794 -0.685005 0.311010 0.481379 0.0003553555 0.0000026950 -0.0001296386 0.0000003422 -0.0000009738 0.0000475355 0.0042598047 -0.0019173767 0.0000011574 0.0046992879 0.0000023889 0.0025357560
1413393273.55587 -2.301228 -2.067161 -0.094983 0.439356 -0.689052 0.305717 0.488579 0.0003573897 0.0000030962 -0.0001271837 0.0000003452 -0.0000010898 0.0000455006 0.0042546419 -0.0019007282 0.0000011597 0.0046683980 0.0000023535 0.0025357406
1413393273.60587 -2.284754 -2.064366 -0.086582 0.429138 -0.692642 0.301235 0.495323 0.0003594738 0.0000030383 -0.0001245954 0.0000003397 -0.0000010386 0.0000434238 0.0042502931 -0.0018846028 0.0000011615 0.0046377865 0.0000023122 0.0025357179
1413393273.65587 -2.268364 -2.061650 -0.077838 0.418267 -0.696390 0.297024 0.501867 0.0003615743 0.0000024129 -0.0001219081 0.0000003265 -0.0000007969 0.0000413395 0.0042457605 -0.0018684922 0.0000011651 0.0046076082 0.0000022779 0.0025356958
1413393273.70587 -2.252009 -2.059096 -0.068673 0.408363 -0.700000 0.291917 0.507960 0.0003631793 0.0000024281 -0.0001197799 0.0000003181 -0.0000007823 0.0000397396 0.0042412904 -0.0018525909 0.0000011571 0.0045778359 0.0000022533 0.0025356359
1413393273.75587 -2.235472 -2.056596 -0.059517 0.399237 -0.703830 0.287097 0.512649 0.0003641926 0.0000020604 -0.0001184167 0.0000003108 -0.0000006499 0.0000387375 0.0042371993 -0.0018368053 0.0000011613 0.0045481380 0.0000022181 0.0025356137
1413393273.80587 -2.218578 -2.053138 -0.050828 0.389519 -0.708658 0.281282 0.516681 0.0003646008 0.0000015287 -0.0001178674 0.0000002970 -0.0000004716 0.0000383368 0.0042324061 -0.0018208456 0.0000011651 0.0045187817 0.0000022152 0.0025355599
1413393273.85587 -2.201781 -2.050160 -0.042379 0.379504 -0.714818 0.276578 0.518185 0.0003641183 -0.0000007513 -0.0001185498 0.0000002896 0.0000002688 0.0000388309 0.0042260211 -0.0018034185 0.0000011680 0.0044885208 0.0000021772 0.0025355464
1413393273.90587 -2.184950 -2.046923 -0.034122 0.370135 -0.721189 0.271869 0.518626 0.0003630243 -0.0000030877 -0.0001200089 0.0000003114 0.0000010462 0.0000399070 0.0042209185 -0.0017869279 0.0000011691 0.0044589409 0.0000021447 0.0025355295
1413393273.95587 -2.168422 -2.043733 -0.025271 0.360385 -0.727554 0.265804 0.519746 0.0003619573 -0.0000046065 -0.0001213938 0.0000003404 0.0000015715 0.0000409487 0.0042151597 -0.0017705302 0.0000011713 0.0044304629 0.0000021165 0.0025355139
1413393274.00587 -2.152138 -2.040483 -0.016169 0.351493 -0.733571 0.259816 0.520405 0.0003606419 -0.0000058153 -0.0001230719 0.0000003719 0.0000020118 0.0000422358 0.0042102451 -0.0017546580 0.0000011713 0.0044022808 0.0000020911 0.0025354959
1413393274.05587 -2.136049 -2.037250 -0.006707 0.342832 -0.739114 0.254174 0.521126 0.0003594931 -0.0000070050 -0.0001244915 0.0000004106 0.0000024537 0.0000433485 0.0042048449 -0.0017390047 0.0000011711 0.0043752332 0.0000020743 0.0025354760
1413393274.10587 -2.120801 -2.033658 0.003202 0.333161 -0.744190 0.248493 0.522911 0.0003589138 -0.0000081576 -0.0001251632 0.0000004556 0.0000028734 0.0000438858 0.0041991930 -0.0017236563 0.0000011731 0.0043492248 0.0000020525 0.0025354627
1413393274.15587 -2.105906 -2.030085 0.013584 0.323528 -0.748436 0.243267 0.525352 0.0003588655 -0.0000092281 -0.0001251594 0.0000005041 0.0000032476 0.0000438893 0.0041935642 -0.0017087435 0.0000011771 0.0043242356 0.0000020338 0.0025354542
1413393274.20587 -2.091703 -2.026941 0.023917 0.314078 -0.752499 0.238675 0.527385 0.0003587717 -0.0000106392 -0.0001251752 0.0000005786 0.0000037416 0.0000439119 0.0041875936 -0.0016940307 0.0000011831 0.0043001114 0.0000020127 0.0025354462
1413393274.25587 -2.078213 -2.023254 0.034223 0.304824 -0.756875 0.233091 0.529047 0.0003582345 -0.0000115282 -0.0001257787 0.0000006306 0.0000040775 0.0000444006 0.0041823956 -0.0016804179 0.0000011901 0.0042775463 0.0000019936 0.0025354385
1413393274.30587 -2.066016 -2.020271 0.044353 0.295798 -0.760345 0.227427 0.531653 0.0003583192 -0.0000118902 -0.0001256493 0.0000006481 0.0000041989 0.0000442987 0.0041762724 -0.0016670317 0.0000011837 0.0042563620 0.0000019671 0.0025354133
1413393274.35587 -2.054214 -2.016519 0.054932 0.287637 -0.763711 0.221741 0.533706 0.0003581022 -0.0000120318 -0.0001259167 0.0000006548 0.0000042600 0.0000445133 0.0041713591 -0.0016552737 0.0000011909 0.0042374305 0.0000019472 0.0025354057
1413393274.40587 -2.043643 -2.013211 0.065191 0.279110 -0.767036 0.215010 0.536213 0.0003580394 -0.0000115890 -0.0001260441 0.0000006195 0.0000041093 0.0000446102 0.0041647433 -0.0016432173 0.0000011946 0.0042195284 0.0000019303 0.0025353855
1413393274.45587 -2.033244 -2.008877 0.074320 0.270164 -0.770012 0.208885 0.538943 0.0003581793 -0.0000116188 -0.0001258784 0.0000006191 0.0000041123 0.0000444769 0.0041590521 -0.0016323549 0.0000012079 0.0042033344 0.0000019076 0.0025353855
1413393274.50587 -2.023215 -2.003956 0.081228 0.261084 -0.772494 0.202869 0.542156 0.0003587189 -0.0000115541 -0.0001252206 0.0000006107 0.0000040617 0.0000439497 0.0041510985 -0.0016200837 0.0000012279 0.0041865529 0.0000018897 0.0025353840
1413393274.55587 -2.014360 -1.999142 0.085216 0.251468 -0.776018 0.197055 0.543809 0.0003584071 -0.0000122791 -0.0001255487 0.0000006537 0.0000043305 0.0000442160 0.0041428449 -0.0016085540 0.0000012290 0.0041712432 0.0000018596 0.0025353517
1413393274.60587 -2.005776 -1.993709 0.086977 0.242000 -0.778680 0.190711 0.546555 0.0003586775 -0.0000123330 -0.0001252163 0.0000006562 0.0000043343 0.0000439503 0.0041347405 -0.0015977494 0.0000012405 0.0041577186 0.0000018358 0.0025353528
1413393274.65586 -1.998205 -1.988277 0.086283 0.232790 -0.781868 0.184165 0.548246 0.0003583518 -0.0000124098 -0.0001256280 0.0000006607 0.0000043790 0.0000442781 0.0041260525 -0.0015870752 0.0000012536 0.0041450508 0.0000018165 0.0025353479
1413393274.70586 -1.991853 -1.982898 0.084118 0.223718 -0.784377 0.177305 0.550695 0.0003585075 -0.0000120331 -0.0001254817 0.0000006334 0.0000042398 0.0000441563 0.0041174191 -0.0015775940 0.0000012741 0.0041347528 0.0000018051 0.0025353436
1413393274.75587 -1.985980 -1.977252 0.080617 0.215799 -0.785544 0.169414 0.554662 0.0003594985 -0.0000101817 -0.0001244091 0.0000005162 0.0000035508 0.0000432891 0.0041085737 -0.0015686427 0.0000012960 0.0041257440 0.0000017991 0.0025353361
1413393274.80587 -1.980598 -1.971353 0.076837 0.208003 -0.785569 0.161578 0.559919 0.0003613167 -0.0000079805 -0.0001222413 0.0000004024 0.0000027264 0.0000415912 0.0040993280 -0.0015597710 0.0000013190 0.0041173097 0.0000017962 0.0025353259
1413393274.85587 -1.975621 -1.965078 0.073642 0.200301 -0.785546 0.153571 0.564990 0.0003630358 -0.0000056964 -0.0001201039 0.0000003136 0.0000019101 0.0000399672 0.0040894661 -0.0015507428 0.0000013428 0.0041091820 0.0000017953 0.0025353134
1413393274.90587 -1.970507 -1.958479 0.071144 0.192640 -0.785216 0.145417 0.570245 0.0003648566 -0.0000033046 -0.0001177206 0.0000002521 0.0000010910 0.0000382141 0.0040794150 -0.0015417970 0.0000013688 0.0041014129 0.0000017981 0.0025353047
1413393274.95587 -1.964916 -1.951629 0.069149 0.185194 -0.785190 0.138368 0.574486 0.0003662764 -0.0000017278 -0.0001157731 0.0000002288 0.0000005704 0.0000368246 0.0040692317 -0.0015325248 0.0000013959 0.0040931592 0.0000018000 0.0025353001
1413393275.00587 -1.959019 -1.944689 0.067651 0.176544 -0.785094 0.131727 0.578885 0.0003678571 -0.0000009503 -0.0001135132 0.0000002208 0.0000003172 0.0000352577 0.0040583294 -0.0015224343 0.0000014260 0.0040839263 0.0000018042 0.0025352936
1413393275.05587 -1.952112 -1.937446 0.066205 0.168138 -0.785843 0.125699 0.581705 0.0003686712 -0.0000007634 -0.0001123266 0.0000002183 0.0000002561 0.0000344530 0.0040477141 -0.0015119745 0.0000014525 0.0040737122 0.0000018037 0.0025352931
1413393275.10587 -1.944480 -1.930057 0.064862 0.159804 -0.786566 0.119380 0.584402 0.0003694241 -0.0000004105 -0.0001112141 0.0000002153 0.0000001468 0.0000337096 0.0040361763 -0.0015001775 0.0000014786 0.0040617208 0.0000018029 0.0025352909
1413393275.15587 -1.937337 -1.923327 0.062890 0.150811 -0.788019 0.113574 0.585990 0.0003696942 -0.0000008648 -0.0001108155 0.0000002124 0.0000002823 0.0000334447 0.0040241857 -0.0014878127 0.0000014982 0.0040486551 0.0000018034 0.0025352707
1413393275.20588 -1.929747 -1.917085 0.060786 0.141467 -0.790249 0.108664 0.586247 0.0003693471 -0.0000022587 -0.0001113303 0.0000002189 0.0000007048 0.0000337836 0.0040136980 -0.0014768892 0.0000014878 0.0040365800 0.0000017913 0.0025352358
1413393275.25588 -1.920677 -1.909354 0.059825 0.131636 -0.792511 0.103094 0.586489 0.0003688743 -0.0000034631 -0.0001120230 0.0000002375 0.0000010756 0.0000342463 0.0040038162 -0.0014657025 0.0000014962 0.0040241348 0.0000017719 0.0025352352
1413393275.30588 -1.911006 -1.901365 0.059144 0.121716 -0.795487 0.096563 0.585714 0.0003678255 -0.0000042542 -0.0001135609 0.0000002538 0.0000013372 0.0000352871 0.0039915048 -0.0014521517 0.0000015070 0.0040094027 0.0000017536 0.0025352351
1413393275.35588 -1.900941 -1.893527 0.058696 0.110984 -0.797800 0.091319 0.585541 0.0003672202 -0.0000060574 -0.0001143747 0.0000003040 0.0000019103 0.0000358505 0.0039793265 -0.0014384051 0.0000015210 0.0039941577 0.0000017342 0.0025352359
1413393275.40588 -1.890657 -1.885367 0.058552 0.099870 -0.800084 0.085447 0.585313 0.0003665416 -0.0000076250 -0.0001152722 0.0000003619 0.0000024215 0.0000364791 0.0039669805 -0.0014244140 0.0000015371 0.0039785908 0.0000017168 0.0025352347
1413393275.45588 -1.879836 -1.877003 0.059062 0.088624 -0.801630 0.079918 0.585789 0.0003662933 -0.0000093615 -0.0001155128 0.0000004415 0.0000029756 0.0000366555 0.0039545351 -0.0014102051 0.0000015577 0.0039626904 0.0000017013 0.0025352353
1413393275.50587 -1.868748 -1.868221 0.060453 0.078334 -0.802948 0.073786 0.586253 0.0003660630 -0.0000102654 -0.0001157779 0.0000004892 0.0000032698 0.0000368465 0.0039414819 -0.0013953534 0.0000015824 0.0039461271 0.0000016867 0.0025352479
1413393275.55587 -1.857470 -1.859006 0.062583 0.067986 -0.804085 0.067096 0.586791 0.0003658938 -0.0000108166 -0.0001159819 0.0000005201 0.0000034513 0.0000369932 0.0039277301 -0.0013799305 0.0000016067 0.0039291363 0.0000016718 0.0025352650
1413393275.60587 -1.846110 -1.849348 0.065176 0.056626 -0.804701 0.061733 0.587740 0.0003659930 -0.0000126154 -0.0001156733 0.0000006344 0.0000040095 0.0000367884 0.0039135370 -0.0013642475 0.0000016311 0.0039120958 0.0000016504 0.0025352858
1413393275.65587 -1.834570 -1.839480 0.068339 0.046660 -0.805429 0.055635 0.588228 0.0003658785 -0.0000133787 -0.0001157642 0.0000006877 0.0000042550 0.0000368572 0.0038987210 -0.0013484088 0.0000016613 0.0038953328 0.0000016348 0.0025352934
1413393275.70588 -1.823123 -1.828324 0.072214 0.036123 -0.805584 0.048846 0.589358 0.0003661366 -0.0000139027 -0.0001153494 0.0000007253 0.0000044014 0.0000365697 0.0038831319 -0.0013320800 0.0000016913 0.0038783966 0.0000016125 0.0025353104
1413393275.75588 -1.811573 -1.816480 0.076025 0.027058 -0.808173 0.041162 0.586882 0.0003644251 -0.0000133417 -0.0001178312 0.0000006838 0.0000043344 0.0000383300 0.0038660484 -0.0013150730 0.0000017379 0.0038614125 0.0000016123 0.0025353414
1413393275.80587 -1.803140 -1.806582 0.077875 0.018807 -0.812549 0.035408 0.581513 0.0003610874 -0.0000135264 -0.0001222985 0.0000006953 0.0000046021 0.0000416521 0.0038482725 -0.0012983599 0.0000017069 0.0038443591 0.0000015724 0.0025352981
1413393275.85587 -1.792415 -1.794356 0.081637 0.010386 -0.817280 0.031798 0.575269 0.0003569263 -0.0000151936 -0.0001273657 0.0000008355 0.0000054427 0.0000456819 0.0038338872 -0.0012855663 0.0000017189 0.0038332163 0.0000015571 0.0025353210
1413393275.90587 -1.782507 -1.781916 0.085537 0.002776 -0.822329 0.030261 0.568200 0.0003521647 -0.0000175798 -0.0001326771 0.0000010665 0.0000066448 0.0000502211 0.0038162329 -0.0012696532 0.0000017322 0.0038191070 0.0000015428 0.0025353445
1413393275.95587 -1.774095 -1.768859 0.089639 -0.003464 -0.826609 0.029167 0.562010 0.0003478576 -0.0000195394 -0.0001371558 0.0000012866 0.0000077263 0.0000543166 0.0037978932 -0.0012544845 0.0000017491 0.0038072122 0.0000015260 0.0025353753
1413393276.00587 -1.767100 -1.755470 0.094103 -0.008332 -0.829502 0.028091 0.557735 0.0003448026 -0.0000208861 -0.0001401585 0.0000014543 0.0000085125 0.0000572123 0.0037787940 -0.0012401458 0.0000017692 0.0037977925 0.0000015102 0.0025354047
1413393276.05587 -1.761803 -1.741476 0.099840 -0.008983 -0.829758 0.023575 0.557554 0.0003448373 -0.0000183723 -0.0001404858 0.0000011677 0.0000075066 0.0000574725 0.0037593221 -0.0012266448 0.0000017866 0.0037905073 0.0000014986 0.0025354263
1413393276.10587 -1.758486 -1.726830 0.107774 -0.005501 -0.826171 0.015619 0.563176 0.0003489886 -0.0000120695 -0.0001368401 0.0000006056 0.0000047526 0.0000538914 0.0037391267 -0.0012142679 0.0000017981 0.0037863475 0.0000014901 0.0025354366
1413393276.15588 -1.755858 -1.712124 0.116782 -0.000805 -0.821712 0.007308 0.569856 0.0003536053 -0.0000049530 -0.0001321659 0.0000002570 0.0000018696 0.0000496314 0.0037189191 -0.0012021643 0.0000018035 0.0037828749 0.0000014835 0.0025354376
1413393276.20588 -1.753680 -1.697801 0.126149 0.004431 -0.817090 -0.000140 0.576493 0.0003578400 0.0000019519 -0.0001272277 0.0000001978 -0.0000006771 0.0000454637 0.0036996900 -0.0011908383 0.0000018063 0.0037800766 0.0000014773 0.0025354305
1413393276.25587 -1.752373 -1.684185 0.134755 0.008952 -0.813418 -0.005475 0.581585 0.0003608531 0.0000073255 -0.0001232480 0.0000003360 -0.0000024860 0.0000423213 0.0036816243 -0.0011800409 0.0000018132 0.0037772599 0.0000014684 0.0025354346
1413393276.30587 -1.751399 -1.671499 0.142647 0.013137 -0.810879 -0.009735 0.584985 0.0003626911 0.0000118878 -0.0001204875 0.0000005772 -0.0000039340 0.0000402515 0.0036648376 -0.0011702662 0.0000018296 0.0037753147 0.0000014635 0.0025354391
1413393276.35587 -1.750180 -1.659715 0.149140 0.015475 -0.809824 -0.010584 0.586373 0.0003634049 0.0000135010 -0.0001193652 0.0000006865 -0.0000044186 0.0000394296 0.0036492646 -0.0011617715 0.0000017885 0.0037738879 0.0000014386 0.0025354297
1413393276.40587 -1.749796 -1.649224 0.152862 0.016707 -0.809437 -0.009358 0.586895 0.0003637327 0.0000133267 -0.0001189530 0.0000006727 -0.0000043421 0.0000391231 0.0036351738 -0.0011534491 0.0000017680 0.0037717880 0.0000014275 0.0025354127
1413393276.45587 -1.749096 -1.639721 0.153879 0.016996 -0.809829 -0.006784 0.586380 0.0003635157 0.0000118346 -0.0001194193 0.0000005712 -0.0000038711 0.0000394525 0.0036228706 -0.0011466617 0.0000017666 0.0037713865 0.0000014180 0.0025354353
1413393276.50587 -1.749086 -1.631102 0.151667 0.016321 -0.811264 -0.002440 0.584447 0.0003625248 0.0000088114 -0.0001210223 0.0000004014 -0.0000029240 0.0000406239 0.0036119360 -0.0011407548 0.0000017677 0.0037713721 0.0000014138 0.0025354543
1413393276.55587 -1.749131 -1.623066 0.146377 0.014241 -0.813661 0.003176 0.581156 0.0003607181 0.0000043481 -0.0001236378 0.0000002410 -0.0000014718 0.0000426018 0.0036015809 -0.0011351920 0.0000017737 0.0037714825 0.0000014128 0.0025354704
1413393276.60587 -1.749144 -1.615450 0.139567 0.012282 -0.815454 0.008515 0.578629 0.0003592681 0.0000001352 -0.0001255686 0.0000001899 -0.0000000276 0.0000441135 0.0035918533 -0.0011298750 0.0000017824 0.0037714359 0.0000014122 0.0025354839
1413393276.65587 -1.749944 -1.608012 0.132669 0.011174 -0.817506 0.012738 0.575671 0.0003574659 -0.0000030126 -0.0001277744 0.0000002167 0.0000010975 0.0000458997 0.0035823274 -0.0011251889 0.0000017925 0.0037725738 0.0000014121 0.0025354950
1413393276.70587 -1.751664 -1.600613 0.126344 0.010230 -0.818508 0.016061 0.574180 0.0003565329 -0.0000055084 -0.0001288331 0.0000002777 0.0000020120 0.0000467823 0.0035728438 -0.0011211338 0.0000018027 0.0037751056 0.0000014113 0.0025355051
1413393276.75587 -1.754127 -1.593136 0.120321 0.011076 -0.819892 0.016670 0.572168 0.0003552788 -0.0000055488 -0.0001303360 0.0000002805 0.0000020575 0.0000480445 0.0035633184 -0.0011175101 0.0000018128 0.0037787220 0.0000014118 0.0025355148
1413393276.80588 -1.757474 -1.585607 0.115499 0.010770 -0.819991 0.018453 0.571978 0.0003551609 -0.0000067936 -0.0001304280 0.0000003252 0.0000025175 0.0000481287 0.0035537455 -0.0011143204 0.0000018223 0.0037834552 0.0000014107 0.0025355254
1413393276.85588 -1.761938 -1.578058 0.111797 0.011199 -0.819891 0.018368 0.572115 0.0003552750 -0.0000065639 -0.0001303174 0.0000003175 0.0000024307 0.0000480329 0.0035439250 -0.0011115605 0.0000018336 0.0037895654 0.0000014097 0.0025355361
1413393276.90588 -1.767040 -1.570439 0.108709 0.012005 -0.819694 0.018394 0.572381 0.0003554586 -0.0000062360 -0.0001301290 0.0000003070 0.0000023063 0.0000478709 0.0035342905 -0.0011095418 0.0000018411 0.0037972666 0.0000014070 0.0025355459
1413393276.95587 -1.773913 -1.563282 0.105942 0.013002 -0.819194 0.018191 0.573081 0.0003559435 -0.0000056472 -0.0001295854 0.0000002867 0.0000020801 0.0000474080 0.0035245810 -0.0011080151 0.0000018144 0.0038057636 0.0000013916 0.0025355438
1413393277.00587 -1.780598 -1.555639 0.103645 0.013096 -0.819264 0.017884 0.572988 0.0003558681 -0.0000054448 -0.0001296938 0.0000002814 0.0000020089 0.0000474973 0.0035156145 -0.0011078260 0.0000018187 0.0038169130 0.0000013925 0.0025355452
1413393277.05587 -1.787780 -1.548153 0.101508 0.013313 -0.819154 0.017625 0.573148 0.0003559722 -0.0000051923 -0.0001295921 0.0000002756 0.0000019153 0.0000474106 0.0035065167 -0.0011071351 0.0000018185 0.0038275560 0.0000013893 0.0025355678
1413393277.10587 -1.795597 -1.540747 0.099781 0.013668 -0.818889 0.017094 0.573534 0.0003562279 -0.0000047015 -0.0001293177 0.0000002636 0.0000017322 0.0000471783 0.0034975477 -0.0011066777 0.0000018204 0.0038387950 0.0000013880 0.0025355924
1413393277.15587 -1.804028 -1.533303 0.098769 0.013294 -0.818074 0.017074 0.574705 0.0003569681 -0.0000048349 -0.0001284351 0.0000002687 0.0000017655 0.0000464445 0.0034885540 -0.0011065287 0.0000018233 0.0038510284 0.0000013870 0.0025356161
1413393277.20587 -1.812921 -1.525929 0.098571 0.012961 -0.816842 0.016961 0.576466 0.0003580730 -0.0000048824 -0.0001270980 0.0000002715 0.0000017593 0.0000453483 0.0034797033 -0.0011066525 0.0000018272 0.0038639646 0.0000013868 0.0025356407
1413393277.25587 -1.822438 -1.518474 0.099208 0.013342 -0.815117 0.016432 0.578910 0.0003595991 -0.0000043480 -0.0001252297 0.0000002592 0.0000015407 0.0000438461 0.0034708454 -0.0011069934 0.0000018303 0.0038777069 0.0000013869 0.0025356656
1413393277.30587 -1.832159 -1.510871 0.100231 0.013519 -0.814101 0.015459 0.580360 0.0003604937 -0.0000036430 -0.0001241290 0.0000002453 0.0000012810 0.0000429774 0.0034618388 -0.0011073494 0.0000018354 0.0038920019 0.0000013873 0.0025356964
1413393277.35587 -1.841970 -1.503433 0.101855 0.013990 -0.813214 0.013407 0.581642 0.0003612745 -0.0000021462 -0.0001231720 0.0000002229 0.0000007583 0.0000422307 0.0034527123 -0.0011076284 0.0000018417 0.0039065861 0.0000013880 0.0025357256
1413393277.40587 -1.852004 -1.496142 0.103732 0.014422 -0.812922 0.012448 0.582061 0.0003615291 -0.0000013529 -0.0001228657 0.0000002172 0.0000004865 0.0000419939 0.0034442582 -0.0011082570 0.0000018495 0.0039213105 0.0000013908 0.0025357609
1413393277.45587 -1.862117 -1.489053 0.105904 0.014270 -0.813092 0.011652 0.581844 0.0003614011 -0.0000009344 -0.0001230486 0.0000002165 0.0000003450 0.0000421347 0.0034357717 -0.0011088895 0.0000018547 0.0039364023 0.0000013922 0.0025357956
1413393277.50587 -1.872343 -1.482266 0.108951 0.014870 -0.813288 0.010097 0.581584 0.0003612388 0.0000002926 -0.0001232749 0.0000002162 -0.0000000730 0.0000423092 0.0034279296 -0.0011098516 0.0000018581 0.0039515852 0.0000013951 0.0025358224
1413393277.55587 -1.882583 -1.475857 0.112727 0.014234 -0.813080 0.010693 0.581880 0.0003614306 -0.0000003630 -0.0001230338 0.0000002166 0.0000001501 0.0000421216 0.0034202667 -0.0011112674 0.0000018475 0.0039671172 0.0000013888 0.0025358284
1413393277.60587 -1.893023 -1.469691 0.116955 0.012267 -0.811109 0.012234 0.584639 0.0003630987 -0.0000021385 -0.0001208309 0.0000002307 0.0000007386 0.0000404492 0.0034131163 -0.0011127775 0.0000018389 0.0039828743 0.0000013811 0.0025358378
1413393277.65587 -1.903562 -1.463829 0.119976 0.009754 -0.810032 0.013794 0.586142 0.0003639849 -0.0000042178 -0.0001195964 0.0000002692 0.0000014136 0.0000395367 0.0034062062 -0.0011142481 0.0000018308 0.0039986409 0.0000013782 0.0025358761
1413393277.70587 -1.914347 -1.457798 0.121583 0.005356 -0.808251 0.015604 0.588607 0.0003653684 -0.0000072991 -0.0001175593 0.0000003683 0.0000023772 0.0000380662 0.0033993876 -0.0011159425 0.0000018260 0.0040151110 0.0000013748 0.0025359121
1413393277.75587 -1.925152 -1.451377 0.120845 0.000125 -0.806222 0.015347 0.591415 0.0003668858 -0.0000095046 -0.0001152714 0.0000004705 0.0000030156 0.0000364585 0.0033918842 -0.0011173154 0.0000018266 0.0040322215 0.0000013708 0.0025359474
1413393277.80587 -1.935289 -1.444576 0.117815 -0.005720 -0.804743 0.014362 0.593421 0.0003678985 -0.0000115637 -0.0001136301 0.0000005894 0.0000036017 0.0000353386 0.0033841981 -0.0011180506 0.0000018324 0.0040482504 0.0000013659 0.0025359821
1413393277.85588 -1.944668 -1.437142 0.112159 -0.011937 -0.803721 0.011872 0.594768 0.0003685447 -0.0000128718 -0.0001125515 0.0000006770 0.0000039616 0.0000346165 0.0033759017 -0.0011178843 0.0000018454 0.0040632435 0.0000013607 0.0025360166
1413393277.90588 -1.953088 -1.428934 0.103991 -0.018573 -0.801990 0.008028 0.596995 0.0003697084 -0.0000135717 -0.0001107385 0.0000007269 0.0000040961 0.0000334144 0.0033667498 -0.0011164020 0.0000018664 0.0040765215 0.0000013550 0.0025360516
1413393277.95588 -1.960344 -1.419883 0.095292 -0.026350 -0.800041 0.003939 0.599354 0.0003709058 -0.0000146853 -0.0001087712 0.0000008113 0.0000043380 0.0000321441 0.0033566794 -0.0011135272 0.0000018936 0.0040879928 0.0000013473 0.0025360888
1413393278.00588 -1.966491 -1.410009 0.087069 -0.035500 -0.798221 -0.000284 0.601318 0.0003718274 -0.0000163910 -0.0001070921 0.0000009534 0.0000047527 0.0000310916 0.0033455217 -0.0011091554 0.0000019265 0.0040976782 0.0000013352 0.0025361274
1413393278.05588 -1.971357 -1.399288 0.079451 -0.044822 -0.798177 -0.005641 0.600727 0.0003714414 -0.0000173904 -0.0001075601 0.0000010460 0.0000050681 0.0000313965 0.0033334932 -0.0011033054 0.0000019621 0.0041052703 0.0000013231 0.0025361710
1413393278.10588 -1.974645 -1.388013 0.071808 -0.054058 -0.799485 -0.012854 0.598110 0.0003700996 -0.0000170795 -0.0001097103 0.0000010205 0.0000050955 0.0000327750 0.0033206093 -0.0010960472 0.0000020030 0.0041109117 0.0000013062 0.0025362024
1413393278.15589 -1.977298 -1.375273 0.065013 -0.063980 -0.800336 -0.020201 0.595786 0.0003689723 -0.0000169175 -0.0001114525 0.0000010070 0.0000051420 0.0000339196 0.0033070456 -0.0010878174 0.0000020358 0.0041142736 0.0000013087 0.0025362257
1413393278.20589 -1.978345 -1.361709 0.059509 -0.074014 -0.801317 -0.027029 0.593028 0.0003675497 -0.0000171165 -0.0001135380 0.0000010289 0.0000053194 0.0000353294 0.0032924483 -0.0010781776 0.0000020807 0.0041169802 0.0000013116 0.0025362572
1413393278.25589 -1.979503 -1.347993 0.055758 -0.085280 -0.802527 -0.033773 0.589522 0.0003656909 -0.0000178435 -0.0001161088 0.0000011031 0.0000056979 0.0000371263 0.0032768258 -0.0010667683 0.0000021098 0.0041173698 0.0000012956 0.0025363184
1413393278.30589 -1.980342 -1.333736 0.052609 -0.098298 -0.803743 -0.036471 0.585665 0.0003631298 -0.0000216630 -0.0001190220 0.0000015258 0.0000071341 0.0000392770 0.0032618631 -0.0010559815 0.0000021393 0.0041185144 0.0000012775 0.0025363778
1413393278.35589 -1.980841 -1.318942 0.050308 -0.110278 -0.804957 -0.037547 0.581784 0.0003603031 -0.0000259058 -0.0001219480 0.0000020973 0.0000088031 0.0000415442 0.0032462564 -0.0010444341 0.0000021693 0.0041191987 0.0000012590 0.0025364379
1413393278.40590 -1.981650 -1.303105 0.048695 -0.121679 -0.806224 -0.037090 0.577773 0.0003570878 -0.0000306888 -0.0001249491 0.0000028738 0.0000107751 0.0000439951 0.0032299075 -0.0010322629 0.0000022002 0.0041201688 0.0000012406 0.0025365008
1413393278.45590 -1.982208 -1.285967 0.047440 -0.131594 -0.807749 -0.036493 0.573491 0.0003536365 -0.0000347563 -0.0001280964 0.0000036539 0.0000126280 0.0000466781 0.0032124058 -0.0010190262 0.0000022320 0.0041210995 0.0000012224 0.0025365615
1413393278.50590 -1.983294 -1.267057 0.047294 -0.139097 -0.808970 -0.036015 0.570020 0.0003507853 -0.0000377359 -0.0001305873 0.0000042991 0.0000140878 0.0000488959 0.0031934191 -0.0010046729 0.0000022636 0.0041228446 0.0000012042 0.0025366206
1413393278.55590 -1.984631 -1.246210 0.047606 -0.145555 -0.810126 -0.035475 0.566790 0.0003480853 -0.0000402940 -0.0001328658 0.0000049057 0.0000154216 0.0000510008 0.0031726594 -0.0009888739 0.0000022962 0.0041252996 0.0000011871 0.0025366763
1413393278.60591 -1.985998 -1.223392 0.049115 -0.150188 -0.810213 -0.035532 0.565452 0.0003468046 -0.0000420051 -0.0001337474 0.0000053305 0.0000162417 0.0000518680 0.0031501510 -0.0009712947 0.0000023300 0.0041276614 0.0000011705 0.0025367312
1413393278.65591 -1.987652 -1.198162 0.050440 -0.151882 -0.810627 -0.037144 0.564301 0.0003462244 -0.0000415558 -0.0001345246 0.0000052318 0.0000161889 0.0000525584 0.0031264259 -0.0009523646 0.0000023652 0.0041302143 0.0000011546 0.0025367814
1413393278.70591 -1.989920 -1.170443 0.052636 -0.149620 -0.810138 -0.043694 0.565137 0.0003481751 -0.0000368497 -0.0001337992 0.0000041442 0.0000142020 0.0000517067 0.0031004170 -0.0009313596 0.0000024035 0.0041339830 0.0000011408 0.0025368308
1413393278.75591 -1.992938 -1.139837 0.055219 -0.142319 -0.808668 -0.055363 0.568099 0.0003525176 -0.0000272089 -0.0001312732 0.0000023417 0.0000101700 0.0000491713 0.0030728498 -0.0009089460 0.0000024345 0.0041382191 0.0000011272 0.0025368300
1413393278.80591 -1.996160 -1.108611 0.059977 -0.135123 -0.806141 -0.066332 0.572258 0.0003571044 -0.0000180786 -0.0001274631 0.0000011564 0.0000064879 0.0000457801 0.0030444823 -0.0008849209 0.0000024642 0.0041431727 0.0000011530 0.0025368319
1413393278.85591 -1.999910 -1.076561 0.064862 -0.128141 -0.804742 -0.076177 0.574601 0.0003599661 -0.0000093970 -0.0001248704 0.0000004872 0.0000032928 0.0000436002 0.0030168222 -0.0008609528 0.0000024946 0.0041493456 0.0000011412 0.0025368777
1413393278.90591 -2.003439 -1.044635 0.070158 -0.122507 -0.803880 -0.083112 0.576074 0.0003616675 -0.0000028737 -0.0001230268 0.0000002659 0.0000010093 0.0000421325 0.0029901332 -0.0008369368 0.0000025253 0.0041551939 0.0000011341 0.0025369224
1413393278.95591 -2.007003 -1.013028 0.075842 -0.118516 -0.803417 -0.087866 0.576849 0.0003625761 0.0000016953 -0.0001218751 0.0000002523 -0.0000005389 0.0000412499 0.0029644599 -0.0008130849 0.0000025545 0.0041612927 0.0000011296 0.0025369674
1413393279.00591 -2.010586 -0.982107 0.082391 -0.115168 -0.803650 -0.090928 0.576728 0.0003627269 0.0000050758 -0.0001215970 0.0000003169 -0.0000016710 0.0000410467 0.0029402596 -0.0007898426 0.0000025790 0.0041674493 0.0000011289 0.0025370087
1413393279.05591 -2.014082 -0.951895 0.088789 -0.112665 -0.804305 -0.091880 0.576157 0.0003624241 0.0000068555 -0.0001219243 0.0000003771 -0.0000022758 0.0000413015 0.0029173676 -0.0007670563 0.0000026005 0.0041734453 0.0000011315 0.0025370479
1413393279.10591 -2.017750 -0.922373 0.095285 -0.110649 -0.805510 -0.092632 0.574743 0.0003615981 0.0000083972 -0.0001229230 0.0000004440 -0.0000028240 0.0000420727 0.0028956142 -0.0007446965 0.0000026194 0.0041796966 0.0000011379 0.0025370857
1413393279.15591 -2.021605 -0.893762 0.099806 -0.109501 -0.806159 -0.091792 0.574188 0.0003611853 0.0000084600 -0.0001234674 0.0000004488 -0.0000028611 0.0000424929 0.0028751971 -0.0007230016 0.0000026407 0.0041860885 0.0000011451 0.0025371297
1413393279.20590 -2.025779 -0.865906 0.101531 -0.107441 -0.807528 -0.091809 0.572648 0.0003602136 0.0000095924 -0.0001246432 0.0000005080 -0.0000032883 0.0000434182 0.0028560336 -0.0007020124 0.0000026633 0.0041929189 0.0000011530 0.0025371770
1413393279.25590 -2.030691 -0.838932 0.100547 -0.106076 -0.809503 -0.090882 0.570257 0.0003586612 0.0000099222 -0.0001265784 0.0000005289 -0.0000034705 0.0000449625 0.0028380132 -0.0006817367 0.0000026895 0.0042005799 0.0000011645 0.0025372250
1413393279.30590 -2.035918 -0.812916 0.096855 -0.105204 -0.811672 -0.089412 0.567562 0.0003568707 0.0000097272 -0.0001287926 0.0000005215 -0.0000034789 0.0000467736 0.0028211068 -0.0006622280 0.0000027234 0.0042093169 0.0000011777 0.0025372832
1413393279.35590 -2.041059 -0.787213 0.092265 -0.104271 -0.814499 -0.087673 0.563944 0.0003544310 0.0000095031 -0.0001317010 0.0000005123 -0.0000034992 0.0000492333 0.0028052420 -0.0006436063 0.0000027408 0.0042184719 0.0000011816 0.0025373321
1413393279.40590 -2.046415 -0.762711 0.087494 -0.103231 -0.817776 -0.086118 0.559615 0.0003515061 0.0000094900 -0.0001350213 0.0000005146 -0.0000036124 0.0000521618 0.0027899522 -0.0006249169 0.0000027426 0.0042273026 0.0000012140 0.0025373312
1413393279.45590 -2.053471 -0.739242 0.083416 -0.101706 -0.819049 -0.085394 0.558142 0.0003504805 0.0000098648 -0.0001361350 0.0000005385 -0.0000037985 0.0000531773 0.0027758445 -0.0006071266 0.0000027756 0.0042381286 0.0000012208 0.0025373974
1413393279.50590 -2.061591 -0.716621 0.080113 -0.100559 -0.819258 -0.084423 0.558191 0.0003504320 0.0000097527 -0.0001362089 0.0000005346 -0.0000037571 0.0000532435 0.0027629602 -0.0005907696 0.0000028087 0.0042516325 0.0000012273 0.0025374563
1413393279.55589 -2.070929 -0.694989 0.077978 -0.098749 -0.818537 -0.083699 0.559679 0.0003513350 0.0000099285 -0.0001352184 0.0000005462 -0.0000037872 0.0000523426 0.0027510517 -0.0005754293 0.0000028424 0.0042671203 0.0000012324 0.0025375168
1413393279.60589 -2.081346 -0.674217 0.076742 -0.096258 -0.816672 -0.083921 0.562795 0.0003533240 0.0000108016 -0.0001329338 0.0000005983 -0.0000040299 0.0000503153 0.0027399443 -0.0005608862 0.0000028732 0.0042845193 0.0000012369 0.0025375688
1413393279.65589 -2.092814 -0.654479 0.076072 -0.094176 -0.814072 -0.084095 0.566873 0.0003559009 0.0000113789 -0.0001299059 0.0000006341 -0.0000041191 0.0000477159 0.0027297199 -0.0005472843 0.0000028991 0.0043035905 0.0000012408 0.0025376131
1413393279.70588 -2.105202 -0.635627 0.074955 -0.092108 -0.812484 -0.083664 0.569549 0.0003575175 0.0000117447 -0.0001279468 0.0000006584 -0.0000041685 0.0000460883 0.0027203541 -0.0005346526 0.0000029222 0.0043242840 0.0000012458 0.0025376503
1413393279.75588 -2.118276 -0.617743 0.073849 -0.090902 -0.810486 -0.083203 0.572648 0.0003593966 0.0000116687 -0.0001256490 0.0000006537 -0.0000040445 0.0000442272 0.0027116167 -0.0005226514 0.0000029420 0.0043465733 0.0000012508 0.0025376828
1413393279.80588 -2.131482 -0.601117 0.071793 -0.090201 -0.808467 -0.082152 0.575757 0.0003612406 0.0000110057 -0.0001233790 0.0000006124 -0.0000037233 0.0000424378 0.0027036607 -0.0005114266 0.0000029583 0.0043691577 0.0000012543 0.0025377120
1413393279.85588 -2.145117 -0.585257 0.068895 -0.089373 -0.806448 -0.080163 0.578989 0.0003630831 0.0000098273 -0.0001210796 0.0000005454 -0.0000032408 0.0000406754 0.0026965911 -0.0005013323 0.0000029727 0.0043923189 0.0000012575 0.0025377363
1413393279.90588 -2.158577 -0.570485 0.065791 -0.089481 -0.804903 -0.078684 0.581320 0.0003644079 0.0000086142 -0.0001194052 0.0000004852 -0.0000027855 0.0000394238 0.0026898622 -0.0004913693 0.0000029880 0.0044156539 0.0000012597 0.0025377586
1413393279.95589 -2.171840 -0.556727 0.063376 -0.089639 -0.803009 -0.076464 0.584205 0.0003659951 0.0000068804 -0.0001173445 0.0000004131 -0.0000021680 0.0000379207 0.0026839213 -0.0004824643 0.0000029971 0.0044386040 0.0000012557 0.0025377740
1413393280.00589 -2.185856 -0.543671 0.060776 -0.089259 -0.802654 -0.073831 0.585088 0.0003663738 0.0000053320 -0.0001168982 0.0000003625 -0.0000016622 0.0000375955 0.0026784320 -0.0004741529 0.0000029868 0.0044610386 0.0000012662 0.0025377482
1413393280.05589 -2.198389 -0.531556 0.059301 -0.089245 -0.802476 -0.071695 0.585600 0.0003665475 0.0000039799 -0.0001167210 0.0000003306 -0.0000012274 0.0000374658 0.0026734126 -0.0004662971 0.0000029951 0.0044848520 0.0000012693 0.0025377661
1413393280.10589 -2.210528 -0.520582 0.058455 -0.090029 -0.802188 -0.067164 0.586411 0.0003667570 0.0000007605 -0.0001165042 0.0000002918 -0.0000002003 0.0000373076 0.0026690403 -0.0004591612 0.0000029981 0.0045062074 0.0000012711 0.0025377892
1413393280.15589 -2.222176 -0.510199 0.058390 -0.091226 -0.801805 -0.062081 0.587310 0.0003669371 -0.0000029994 -0.0001162272 0.0000003177 0.0000009927 0.0000371146 0.0026650166 -0.0004523777 0.0000030000 0.0045267568 0.0000012712 0.0025378139
1413393280.20589 -2.233183 -0.500194 0.059317 -0.092489 -0.800765 -0.056666 0.589075 0.0003675338 -0.0000070817 -0.0001152117 0.0000004326 0.0000022640 0.0000364158 0.0026612208 -0.0004457163 0.0000030001 0.0045462896 0.0000012697 0.0025378351
1413393280.25589 -2.243630 -0.490207 0.060385 -0.093592 -0.801263 -0.051599 0.588689 0.0003668875 -0.0000106493 -0.0001158761 0.0000006082 0.0000034089 0.0000368991 0.0026574945 -0.0004388481 0.0000030019 0.0045649143 0.0000012689 0.0025378528
1413393280.30588 -2.253390 -0.480013 0.062574 -0.093875 -0.800694 -0.048419 0.589689 0.0003671739 -0.0000128369 -0.0001152599 0.0000007507 0.0000040760 0.0000364833 0.0026537479 -0.0004315489 0.0000030039 0.0045825784 0.0000012649 0.0025378710
1413393280.35589 -2.262445 -0.469392 0.065618 -0.094399 -0.799541 -0.044653 0.591463 0.0003678132 -0.0000155759 -0.0001140127 0.0000009643 0.0000048755 0.0000356432 0.0026499854 -0.0004237878 0.0000030054 0.0045988738 0.0000012602 0.0025378871
1413393280.40588 -2.270590 -0.458310 0.069454 -0.095659 -0.797368 -0.040508 0.594486 0.0003690287 -0.0000190217 -0.0001117075 0.0000012880 0.0000058064 0.0000341164 0.0026460876 -0.0004152478 0.0000030056 0.0046138429 0.0000012535 0.0025379032
1413393280.45588 -2.277799 -0.446743 0.073449 -0.098338 -0.795843 -0.034456 0.596470 0.0003693198 -0.0000241761 -0.0001102806 0.0000018932 0.0000072690 0.0000332323 0.0026420865 -0.0004059553 0.0000030064 0.0046271056 0.0000012437 0.0025379196
1413393280.50588 -2.283862 -0.434115 0.077979 -0.099415 -0.795346 -0.029595 0.597215 0.0003690972 -0.0000277096 -0.0001098000 0.0000023940 0.0000082942 0.0000329661 0.0026379342 -0.0003957058 0.0000030083 0.0046384575 0.0000012341 0.0025379368
1413393280.55588 -2.288246 -0.420272 0.080695 -0.100134 -0.797973 -0.026807 0.593711 0.0003668110 -0.0000293286 -0.0001128023 0.0000026612 0.0000090715 0.0000349941 0.0026333383 -0.0003836855 0.0000030133 0.0046473899 0.0000012239 0.0025379528
1413393280.60588 -2.291536 -0.405401 0.081550 -0.100542 -0.799744 -0.023804 0.591383 0.0003651166 -0.0000310682 -0.0001147839 0.0000029610 0.0000098203 0.0000363907 0.0026284758 -0.0003704334 0.0000030466 0.0046532701 0.0000012035 0.0025379465
1413393280.65588 -2.294133 -0.389110 0.080522 -0.101088 -0.801893 -0.020959 0.588481 0.0003630957 -0.0000327184 -0.0001171646 0.0000032685 0.0000106122 0.0000381147 0.0026236253 -0.0003559834 0.0000030583 0.0046572883 0.0000011999 0.0025379704
1413393280.70588 -2.295860 -0.371236 0.077175 -0.102597 -0.803379 -0.017970 0.586288 0.0003613339 -0.0000349392 -0.0001189290 0.0000037013 0.0000115556 0.0000394536 0.0026185301 -0.0003399615 0.0000030747 0.0046600868 0.0000011911 0.0025379969
1413393280.75588 -2.296770 -0.352346 0.071687 -0.104418 -0.804612 -0.013833 0.584384 0.0003594973 -0.0000380470 -0.0001204216 0.0000043528 0.0000128021 0.0000406494 0.0026133084 -0.0003225376 0.0000031019 0.0046617823 0.0000011846 0.0025380296
1413393280.80588 -2.297050 -0.331485 0.064029 -0.106133 -0.806103 -0.009886 0.582097 0.0003574298 -0.0000409156 -0.0001221630 0.0000050130 0.0000140432 0.0000420667 0.0026079948 -0.0003036228 0.0000031412 0.0046619221 0.0000011780 0.0025380618
1413393280.85589 -2.297465 -0.308499 0.055347 -0.107437 -0.808289 -0.007519 0.578853 0.0003550292 -0.0000425162 -0.0001246300 0.0000054235 0.0000149854 0.0000440667 0.0026024800 -0.0002825679 0.0000031900 0.0046620271 0.0000011693 0.0025380979
1413393280.90589 -2.297924 -0.283172 0.047685 -0.106509 -0.809450 -0.007231 0.577403 0.0003542256 -0.0000421074 -0.0001257574 0.0000053395 0.0000150099 0.0000449644 0.0025969031 -0.0002593758 0.0000032370 0.0046630080 0.0000011571 0.0025381401
1413393280.95589 -2.298254 -0.255285 0.041148 -0.104550 -0.810307 -0.008510 0.576540 0.0003541009 -0.0000403986 -0.0001264771 0.0000049449 0.0000144904 0.0000454941 0.0025913784 -0.0002339064 0.0000032884 0.0046642322 0.0000011436 0.0025381868
1413393281.00589 -2.299493 -0.224881 0.038019 -0.100354 -0.811525 -0.014883 0.575443 0.0003547390 -0.0000346070 -0.0001274343 0.0000037123 0.0000124916 0.0000460994 0.0025860026 -0.0002057703 0.0000033398 0.0046670658 0.0000011271 0.0025382364
1413393281.05588 -2.301304 -0.192387 0.037182 -0.093329 -0.812371 -0.023714 0.575135 0.0003561919 -0.0000261478 -0.0001277147 0.0000022556 0.0000094328 0.0000461140 0.0025811820 -0.0001762254 0.0000033916 0.0046714962 0.0000011135 0.0025382817
1413393281.10587 -2.302856 -0.158415 0.037815 -0.087973 -0.813351 -0.031568 0.574217 0.0003567765 -0.0000188919 -0.0001282996 0.0000013371 0.0000068491 0.0000464601 0.0025770401 -0.0001451551 0.0000034409 0.0046747826 0.0000011005 0.0025383398
1413393281.15587 -2.305108 -0.123580 0.040069 -0.083012 -0.813576 -0.039462 0.574148 0.0003576469 -0.0000118621 -0.0001281040 0.0000007314 0.0000043026 0.0000462094 0.0025737388 -0.0001129896 0.0000034885 0.0046795807 0.0000010861 0.0025384159
1413393281.20587 -2.307716 -0.087977 0.041173 -0.079087 -0.813392 -0.044762 0.574573 0.0003584164 -0.0000068754 -0.0001275414 0.0000004706 0.0000024989 0.0000457101 0.0025713546 -0.0000809225 0.0000035483 0.0046841566 0.0000010799 0.0025384647
1413393281.25587 -2.310446 -0.052887 0.043335 -0.075919 -0.813642 -0.049963 0.574219 0.0003585414 -0.0000023079 -0.0001275669 0.0000003555 0.0000008725 0.0000457144 0.0025700265 -0.0000480494 0.0000035924 0.0046897895 0.0000010776 0.0025385326
1413393281.30587 -2.313867 -0.018796 0.046832 -0.073715 -0.813495 -0.054177 0.574332 0.0003588862 0.0000012674 -0.0001271725 0.0000003473 -0.0000003985 0.0000453923 0.0025697266 -0.0000161322 0.0000036300 0.0046953631 0.0000010654 0.0025386107
1413393281.35588 -2.317577 0.014521 0.051153 -0.072686 -0.813223 -0.057124 0.574563 0.0003591851 0.0000035351 -0.0001267753 0.0000003801 -0.0000011975 0.0000450760 0.0025703693 0.0000147637 0.0000036639 0.0047027579 0.0000010584 0.0025387008
1413393281.40588 -2.321732 0.047068 0.054645 -0.071438 -0.812787 -0.060046 0.575037 0.0003595980 0.0000058440 -0.0001261909 0.0000004425 -0.0000020010 0.0000446153 0.0025718507 0.0000449326 0.0000036980 0.0047106099 0.0000010596 0.0025387754
1413393281.45588 -2.326018 0.078594 0.057760 -0.072524 -0.812433 -0.061103 0.575291 0.0003598254 0.0000060031 -0.0001259135 0.0000004499 -0.0000020507 0.0000443951 0.0025741254 0.0000745001 0.0000037333 0.0047187571 0.0000010636 0.0025388521
1413393281.50588 -2.330974 0.109124 0.061048 -0.073422 -0.812452 -0.062569 0.574993 0.0003597491 0.0000065213 -0.0001259977 0.0000004701 -0.0000022339 0.0000444658 0.0025770893 0.0001031630 0.0000037633 0.0047271897 0.0000010669 0.0025389295
1413393281.55588 -2.336423 0.138628 0.064556 -0.074658 -0.812251 -0.063069 0.575062 0.0003598587 0.0000062815 -0.0001258870 0.0000004637 -0.0000021471 0.0000443770 0.0025806552 0.0001309274 0.0000037910 0.0047372398 0.0000010707 0.0025390035
1413393281.60588 -2.344024 0.166924 0.067288 -0.076225 -0.811266 -0.064256 0.576115 0.0003606223 0.0000061712 -0.0001249442 0.0000004612 -0.0000020879 0.0000436288 0.0025847271 0.0001581184 0.0000037900 0.0047484821 0.0000010699 0.0025390487
1413393281.65588 -2.350375 0.194308 0.072016 -0.077282 -0.809549 -0.066334 0.578151 0.0003619701 0.0000068455 -0.0001231950 0.0000004871 -0.0000022797 0.0000422695 0.0025893177 0.0001845000 0.0000038160 0.0047638843 0.0000010748 0.0025391231
1413393281.70588 -2.357029 0.220634 0.077389 -0.078753 -0.807654 -0.067139 0.580505 0.0003634654 0.0000064659 -0.0001212667 0.0000004748 -0.0000021070 0.0000408009 0.0025942603 0.0002096847 0.0000038365 0.0047763482 0.0000010769 0.0025391932
1413393281.75588 -2.363945 0.246014 0.083531 -0.079806 -0.805029 -0.069420 0.583730 0.0003655107 0.0000070834 -0.0001184784 0.0000004993 -0.0000022457 0.0000387462 0.0025996223 0.0002343953 0.0000038525 0.0047894571 0.0000010777 0.0025392676
1413393281.80588 -2.370497 0.270050 0.090534 -0.080474 -0.801139 -0.071927 0.588665 0.0003684836 0.0000078282 -0.0001142354 0.0000005292 -0.0000023773 0.0000357545 0.0026050780 0.0002580946 0.0000038673 0.0048028066 0.0000010833 0.0025393259
1413393281.85588 -2.376846 0.292624 0.097839 -0.083967 -0.797235 -0.069764 0.593716 0.0003712696 0.0000043972 -0.0001102757 0.0000004169 -0.0000012559 0.0000330934 0.0026106517 0.0002802660 0.0000038808 0.0048145293 0.0000010883 0.0025393643
1413393281.90588 -2.382837 0.314499 0.105457 -0.086860 -0.795250 -0.069506 0.595988 0.0003725477 0.0000026229 -0.0001083661 0.0000003856 -0.0000007120 0.0000318615 0.0026164306 0.0003015776 0.0000038797 0.0048251335 0.0000010816 0.0025394296
1413393281.95587 -2.388220 0.335298 0.112972 -0.090591 -0.795235 -0.067131 0.595724 0.0003722916 -0.0000005441 -0.0001088152 0.0000003706 0.0000002111 0.0000321476 0.0026223473 0.0003220899 0.0000038805 0.0048349023 0.0000010789 0.0025394922
1413393282.00586 -2.392885 0.355349 0.120496 -0.093688 -0.797107 -0.066042 0.592859 0.0003706540 -0.0000023404 -0.0001113269 0.0000003870 0.0000007560 0.0000337836 0.0026284058 0.0003419579 0.0000038810 0.0048437963 0.0000010818 0.0025395539
1413393282.05586 -2.397037 0.374592 0.128547 -0.097329 -0.799619 -0.063623 0.589142 0.0003683833 -0.0000050839 -0.0001146156 0.0000004450 0.0000016361 0.0000360110 0.0026345641 0.0003611585 0.0000038819 0.0048518820 0.0000010919 0.0025396106
1413393282.10585 -2.401054 0.393505 0.136914 -0.101119 -0.802076 -0.060287 0.585503 0.0003659834 -0.0000084363 -0.0001178420 0.0000005722 0.0000027721 0.0000382982 0.0026408139 0.0003797596 0.0000038841 0.0048590758 0.0000011057 0.0025396654
1413393282.15585 -2.404846 0.412296 0.145646 -0.105802 -0.803915 -0.055599 0.582610 0.0003637469 -0.0000130746 -0.0001204903 0.0000008508 0.0000043886 0.0000402706 0.0026473201 0.0003983521 0.0000038862 0.0048665034 0.0000011199 0.0025397220
1413393282.20585 -2.408687 0.431734 0.155283 -0.108677 -0.805765 -0.052251 0.579829 0.0003616624 -0.0000160610 -0.0001228955 0.0000010967 0.0000055165 0.0000421224 0.0026541169 0.0004172063 0.0000038848 0.0048742977 0.0000011285 0.0025397680
1413393282.25585 -2.412613 0.451460 0.164748 -0.111389 -0.807335 -0.049311 0.577383 0.0003597632 -0.0000187348 -0.0001249629 0.0000013622 0.0000065677 0.0000437708 0.0026616802 0.0004371748 0.0000038870 0.0048820892 0.0000011434 0.0025398309
1413393282.30586 -2.416741 0.472087 0.174997 -0.112081 -0.808146 -0.049033 0.576136 0.0003589558 -0.0000190492 -0.0001259409 0.0000014002 0.0000067442 0.0000445547 0.0026698102 0.0004578468 0.0000038899 0.0048903049 0.0000011592 0.0025398926
1413393282.35586 -2.421478 0.494042 0.186877 -0.109336 -0.807451 -0.052539 0.577329 0.0003601945 -0.0000158483 -0.0001248451 0.0000010880 0.0000055527 0.0000436400 0.0026785228 0.0004794726 0.0000038824 0.0048993182 0.0000011677 0.0025399367
1413393282.40586 -2.425430 0.515884 0.198661 -0.105871 -0.806275 -0.057373 0.579154 0.0003619102 -0.0000115579 -0.0001231356 0.0000007614 0.0000039903 0.0000422633 0.0026880892 0.0005022514 0.0000038789 0.0049090639 0.0000011769 0.0025399935
1413393282.45586 -2.429889 0.537613 0.210490 -0.101045 -0.805038 -0.063863 0.581055 0.0003637507 -0.0000056538 -0.0001211471 0.0000004819 0.0000019391 0.0000407156 0.0026979156 0.0005245157 0.0000038773 0.0049169836 0.0000011953 0.0025400394
1413393282.50586 -2.434378 0.559459 0.220254 -0.097123 -0.804685 -0.068325 0.581706 0.0003645249 -0.0000012181 -0.0001202512 0.0000004006 0.0000004567 0.0000400376 0.0027078912 0.0005463661 0.0000038721 0.0049257005 0.0000012118 0.0025400983
1413393282.55586 -2.439224 0.580873 0.228000 -0.093868 -0.804021 -0.072060 0.582706 0.0003653766 0.0000024329 -0.0001190911 0.0000004154 -0.0000007391 0.0000391859 0.0027182618 0.0005684453 0.0000038742 0.0049352139 0.0000012302 0.0025401568
1413393282.60586 -2.444342 0.601580 0.232890 -0.090774 -0.802917 -0.075325 0.584304 0.0003664793 0.0000056673 -0.0001174711 0.0000004895 -0.0000017637 0.0000380237 0.0027285876 0.0005899301 0.0000038815 0.0049455405 0.0000012488 0.0025402098
1413393282.65586 -2.449572 0.621475 0.235229 -0.088222 -0.801715 -0.077528 0.586054 0.0003675689 0.0000079957 -0.0001158123 0.0000005785 -0.0000024670 0.0000368596 0.0027387781 0.0006106103 0.0000038937 0.0049558941 0.0000012636 0.0025402606
1413393282.70586 -2.454539 0.640287 0.235461 -0.086131 -0.800530 -0.078443 0.587860 0.0003686033 0.0000093268 -0.0001142377 0.0000006434 -0.0000028387 0.0000357748 0.0027487232 0.0006303484 0.0000039102 0.0049661133 0.0000012741 0.0025403071
1413393282.75586 -2.459051 0.657620 0.234992 -0.084014 -0.799049 -0.076468 0.590436 0.0003699301 0.0000088283 -0.0001123389 0.0000006212 -0.0000026292 0.0000344844 0.0027581789 0.0006486870 0.0000039255 0.0049755165 0.0000012780 0.0025403482
1413393282.80586 -2.462607 0.673258 0.234070 -0.082148 -0.797217 -0.071041 0.593843 0.0003715511 0.0000060355 -0.0001100846 0.0000005113 -0.0000017368 0.0000329843 0.0027668805 0.0006653780 0.0000039364 0.0049834595 0.0000012656 0.0025403771
1413393282.85586 -2.466051 0.687547 0.233468 -0.078864 -0.796952 -0.063905 0.595453 0.0003720793 0.0000030215 -0.0001094095 0.0000004419 -0.0000008372 0.0000325392 0.0027749289 0.0006800751 0.0000039471 0.0049890069 0.0000012594 0.0025404091
1413393282.90586 -2.468654 0.700815 0.232838 -0.074388 -0.799250 -0.057315 0.593616 0.0003707338 0.0000012218 -0.0001115195 0.0000004255 -0.0000003167 0.0000339144 0.0027826863 0.0006940086 0.0000039596 0.0049942951 0.0000012570 0.0025404352
1413393282.95586 -2.470851 0.713401 0.232730 -0.067778 -0.802674 -0.050990 0.590356 0.0003685990 0.0000006515 -0.0001146966 0.0000004266 -0.0000001531 0.0000360599 0.0027898874 0.0007066924 0.0000039736 0.0049980503 0.0000012553 0.0025404479
1413393283.00586 -2.472279 0.725134 0.232802 -0.060625 -0.806974 -0.044445 0.585784 0.0003656581 0.0000002266 -0.0001188605 0.0000004296 -0.0000000254 0.0000390085 0.0027969732 0.0007189741 0.0000039810 0.0050017463 0.0000012655 0.0025404619
1413393283.05586 -2.473632 0.735884 0.233671 -0.051632 -0.811135 -0.038759 0.581285 0.0003627498 0.0000010443 -0.0001227644 0.0000004367 -0.0000003071 0.0000419205 0.0028036230 0.0007301857 0.0000039898 0.0050042978 0.0000012851 0.0025404602
1413393283.10586 -2.475425 0.745941 0.235271 -0.041536 -0.814507 -0.032729 0.577739 0.0003603787 0.0000019938 -0.0001258006 0.0000004483 -0.0000006522 0.0000442884 0.0028096305 0.0007402503 0.0000039856 0.0050067467 0.0000013084 0.0025404623
1413393283.15586 -2.477591 0.755399 0.237867 -0.030160 -0.816389 -0.027755 0.576045 0.0003591500 0.0000039900 -0.0001272936 0.0000004859 -0.0000013734 0.0000454910 0.0028155667 0.0007502151 0.0000039763 0.0050105478 0.0000013324 0.0025404659
1413393283.20586 -2.480372 0.764043 0.240774 -0.018904 -0.817828 -0.022054 0.574730 0.0003581533 0.0000054220 -0.0001284703 0.0000005276 -0.0000019073 0.0000464567 0.0028210253 0.0007595576 0.0000039657 0.0050156574 0.0000013597 0.0025404618
1413393283.25586 -2.484193 0.771803 0.243996 -0.006359 -0.818898 -0.017058 0.573650 0.0003572887 0.0000078105 -0.0001294003 0.0000006200 -0.0000027951 0.0000472390 0.0028260475 0.0007685547 0.0000039543 0.0050231994 0.0000013903 0.0025404493
1413393283.30587 -2.488559 0.778580 0.247102 0.004932 -0.819567 -0.010440 0.572867 0.0003566657 0.0000086110 -0.0001301021 0.0000006604 -0.0000031110 0.0000478307 0.0028304426 0.0007767220 0.0000039419 0.0050318642 0.0000014212 0.0025404306
1413393283.35587 -2.493704 0.784138 0.250441 0.016759 -0.820152 -0.004101 0.571885 0.0003559334 0.0000097750 -0.0001308923 0.0000007236 -0.0000035687 0.0000485070 0.0028340365 0.0007838986 0.0000039293 0.0050421088 0.0000014555 0.0025403986
1413393283.40587 -2.500318 0.788248 0.253417 0.028761 -0.820045 0.003712 0.571564 0.0003557221 0.0000101202 -0.0001311194 0.0000007448 -0.0000037087 0.0000487008 0.0028367027 0.0007900167 0.0000039264 0.0050541972 0.0000014827 0.0025403543
1413393283.45587 -2.506945 0.791564 0.254895 0.040019 -0.819997 0.011643 0.570848 0.0003553166 0.0000100653 -0.0001316046 0.0000007433 -0.0000037106 0.0000491138 0.0028388008 0.0007957295 0.0000039098 0.0050695037 0.0000015159 0.0025403118
1413393283.50587 -2.514040 0.793693 0.254422 0.051527 -0.819634 0.020079 0.570213 0.0003550707 0.0000097782 -0.0001319186 0.0000007277 -0.0000036198 0.0000493794 0.0028402356 0.0008002932 0.0000038973 0.0050838951 0.0000015486 0.0025402560
1413393283.55587 -2.521652 0.794577 0.251893 0.062414 -0.818776 0.030068 0.569918 0.0003552243 0.0000082905 -0.0001318484 0.0000006507 -0.0000030682 0.0000493046 0.0028407308 0.0008036817 0.0000038945 0.0050996936 0.0000015718 0.0025401758
1413393283.60587 -2.529072 0.794604 0.245844 0.072198 -0.818068 0.039251 0.569220 0.0003551935 0.0000068337 -0.0001319727 0.0000005872 -0.0000025337 0.0000494001 0.0028409072 0.0008065843 0.0000038880 0.0051155640 0.0000015953 0.0025400996
1413393283.65587 -2.536943 0.793196 0.236966 0.083020 -0.816198 0.047800 0.569775 0.0003559828 0.0000062628 -0.0001310849 0.0000005625 -0.0000023041 0.0000486337 0.0028402541 0.0008082957 0.0000039005 0.0051316858 0.0000016036 0.0025399959
1413393283.70587 -2.545535 0.791927 0.227125 0.093335 -0.813611 0.057306 0.571000 0.0003573929 0.0000050804 -0.0001294699 0.0000005219 -0.0000018410 0.0000472642 0.0028387600 0.0008086211 0.0000038889 0.0051475748 0.0000016168 0.0025399195
1413393283.75587 -2.554656 0.789838 0.216369 0.104088 -0.810052 0.065165 0.573354 0.0003593929 0.0000052448 -0.0001270350 0.0000005231 -0.0000018572 0.0000452639 0.0028374521 0.0008095482 0.0000038761 0.0051657642 0.0000016307 0.0025398363
1413393283.80587 -2.564069 0.786696 0.204815 0.114662 -0.806991 0.074049 0.574574 0.0003608342 0.0000046620 -0.0001252608 0.0000005025 -0.0000016241 0.0000438426 0.0028353284 0.0008094371 0.0000038620 0.0051857779 0.0000016453 0.0025397350
1413393283.85587 -2.573081 0.782856 0.193165 0.126286 -0.803953 0.081661 0.575363 0.0003619068 0.0000053541 -0.0001238703 0.0000005165 -0.0000018407 0.0000427552 0.0028329409 0.0008087101 0.0000038491 0.0052048539 0.0000016586 0.0025396246
1413393283.90587 -2.582038 0.778363 0.182029 0.138206 -0.801511 0.088780 0.574976 0.0003622838 0.0000063558 -0.0001233436 0.0000005429 -0.0000021745 0.0000423501 0.0028300153 0.0008068916 0.0000038437 0.0052229308 0.0000016757 0.0025395022
1413393283.95587 -2.590430 0.773071 0.171026 0.150775 -0.799463 0.096120 0.573486 0.0003620575 0.0000073631 -0.0001235884 0.0000005745 -0.0000025266 0.0000425419 0.0028266045 0.0008042214 0.0000038412 0.0052410093 0.0000016971 0.0025393677
1413393284.00587 -2.598084 0.766950 0.160342 0.163115 -0.799041 0.103712 0.569360 0.0003603519 0.0000076528 -0.0001257522 0.0000005797 -0.0000026859 0.0000442381 0.0028227302 0.0008004201 0.0000038422 0.0052571648 0.0000017201 0.0025392277
1413393284.05587 -2.605051 0.759933 0.150473 0.175058 -0.797376 0.111709 0.566628 0.0003595932 0.0000077332 -0.0001267041 0.0000005756 -0.0000027423 0.0000449972 0.0028182796 0.0007953797 0.0000038467 0.0052720451 0.0000017464 0.0025390813
1413393284.10587 -2.611825 0.752260 0.141670 0.187830 -0.795606 0.119819 0.563360 0.0003585967 0.0000080738 -0.0001279105 0.0000005764 -0.0000029016 0.0000459741 0.0028131595 0.0007890119 0.0000038975 0.0052859274 0.0000018022 0.0025388312
1413393284.15587 -2.618038 0.743205 0.133683 0.199927 -0.792880 0.128487 0.561125 0.0003584014 0.0000079009 -0.0001281697 0.0000005605 -0.0000028486 0.0000461811 0.0028078188 0.0007820622 0.0000039065 0.0052995074 0.0000018278 0.0025386866
1413393284.20587 -2.624531 0.733377 0.126857 0.211764 -0.789917 0.136740 0.559007 0.0003583248 0.0000079415 -0.0001282706 0.0000005550 -0.0000028672 0.0000462608 0.0028017312 0.0007735922 0.0000038986 0.0053125977 0.0000018522 0.0025385544
1413393284.25587 -2.630851 0.722801 0.121302 0.224685 -0.785901 0.145043 0.557529 0.0003586781 0.0000087144 -0.0001277989 0.0000005808 -0.0000031310 0.0000458731 0.0027949829 0.0007638765 0.0000039155 0.0053260230 0.0000019026 0.0025383739
1413393284.30587 -2.636937 0.711213 0.116188 0.236994 -0.781958 0.154018 0.555566 0.0003589371 0.0000086437 -0.0001274957 0.0000005689 -0.0000030973 0.0000456221 0.0027881995 0.0007537252 0.0000039076 0.0053385537 0.0000019273 0.0025382318
1413393284.35587 -2.642843 0.698758 0.111853 0.248919 -0.776884 0.163454 0.554773 0.0003600813 0.0000085753 -0.0001260866 0.0000005548 -0.0000030314 0.0000444819 0.0027807915 0.0007421731 0.0000039000 0.0053508001 0.0000019679 0.0025380611
1413393284.40587 -2.648423 0.685352 0.107674 0.261046 -0.771691 0.173516 0.553390 0.0003611010 0.0000081785 -0.0001248365 0.0000005274 -0.0000028563 0.0000434847 0.0027729945 0.0007294885 0.0000038870 0.0053622165 0.0000019995 0.0025379139
1413393284.45587 -2.653275 0.671170 0.103623 0.273476 -0.765959 0.183021 0.552287 0.0003622094 0.0000084216 -0.0001234066 0.0000005295 -0.0000028986 0.0000423683 0.0027649722 0.0007159738 0.0000038736 0.0053730281 0.0000020355 0.0025377570
1413393284.50587 -2.657126 0.656360 0.099775 0.285651 -0.760340 0.193088 0.550458 0.0003631422 0.0000080937 -0.0001222134 0.0000005034 -0.0000027537 0.0000414494 0.0027567729 0.0007014613 0.0000038632 0.0053816440 0.0000020775 0.0025375844
1413393284.55587 -2.660315 0.641116 0.095725 0.298421 -0.755546 0.202574 0.546863 0.0003630511 0.0000078991 -0.0001223563 0.0000004877 -0.0000026916 0.0000415535 0.0027483884 0.0006859417 0.0000038501 0.0053883408 0.0000021102 0.0025374512
1413393284.60587 -2.662400 0.625578 0.091785 0.310585 -0.750676 0.212432 0.543043 0.0003630325 0.0000071631 -0.0001224362 0.0000004495 -0.0000024445 0.0000416064 0.0027401386 0.0006700162 0.0000038435 0.0053929191 0.0000021469 0.0025373107
1413393284.65587 -2.664165 0.609816 0.087411 0.321649 -0.747061 0.224102 0.536862 0.0003623125 0.0000041821 -0.0001235224 0.0000003489 -0.0000014531 0.0000424239 0.0027318842 0.0006534261 0.0000038340 0.0053958459 0.0000021819 0.0025371755
1413393284.70587 -2.665532 0.593452 0.083148 0.332687 -0.744483 0.236423 0.528365 0.0003606000 -0.0000000800 -0.0001257866 0.0000002892 0.0000000026 0.0000441875 0.0027237845 0.0006366800 0.0000038510 0.0053982242 0.0000022380 0.0025369926
1413393284.75587 -2.666752 0.576849 0.079445 0.343052 -0.741326 0.249224 0.520229 0.0003592921 -0.0000046730 -0.0001273402 0.0000003433 0.0000016339 0.0000454400 0.0027155531 0.0006191024 0.0000038225 0.0054007208 0.0000022675 0.0025368739
1413393284.80587 -2.668059 0.560119 0.075592 0.354547 -0.736936 0.261364 0.512748 0.0003583044 -0.0000081412 -0.0001283755 0.0000004561 0.0000028966 0.0000463003 0.0027074944 0.0006014413 0.0000038074 0.0054034278 0.0000023289 0.0025367067
1413393284.85587 -2.669549 0.543336 0.072400 0.366853 -0.731988 0.272595 0.505276 0.0003573295 -0.0000106622 -0.0001293806 0.0000005852 0.0000038426 0.0000471488 0.0026997200 0.0005838482 0.0000037705 0.0054064041 0.0000023566 0.0025366182
1413393284.90587 -2.671419 0.526777 0.069775 0.379191 -0.726367 0.283104 0.498454 0.0003566510 -0.0000125145 -0.0001300370 0.0000007019 0.0000045471 0.0000477128 0.0026922904 0.0005665918 0.0000037359 0.0054103042 0.0000023933 0.0025365264
1413393284.95587 -2.673581 0.509923 0.067632 0.391947 -0.719791 0.292888 0.492438 0.0003563995 -0.0000134153 -0.0001302549 0.0000007617 0.0000048892 0.0000479021 0.0026850302 0.0005492967 0.0000037093 0.0054153750 0.0000024487 0.0025364006
1413393285.00587 -2.676926 0.492953 0.065921 0.404419 -0.712926 0.303247 0.486028 0.0003562541 -0.0000147759 -0.0001302929 0.0000008648 0.0000053922 0.0000479462 0.0026778698 0.0005317322 0.0000036875 0.0054215002 0.0000024994 0.0025362985
1413393285.05587 -2.681103 0.475931 0.064534 0.416934 -0.705763 0.312243 0.480175 0.0003561559 -0.0000152008 -0.0001303737 0.0000008962 0.0000055545 0.0000480163 0.0026710154 0.0005145659 0.0000036769 0.0054305877 0.0000025543 0.0025362009
1413393285.10587 -2.685318 0.459083 0.063524 0.428688 -0.698360 0.322189 0.474040 0.0003562395 -0.0000164466 -0.0001301345 0.0000010005 0.0000060008 0.0000478266 0.0026642407 0.0004971100 0.0000036707 0.0054413586 0.0000026061 0.0025360934
1413393285.15587 -2.690861 0.442371 0.063012 0.440834 -0.690089 0.331171 0.468794 0.0003567891 -0.0000165158 -0.0001294859 0.0000010012 0.0000059886 0.0000472770 0.0026578441 0.0004799954 0.0000036679 0.0054522689 0.0000026512 0.0025360034
1413393285.20587 -2.697378 0.426480 0.063131 0.452399 -0.682463 0.339928 0.462631 0.0003568370 -0.0000170478 -0.0001293727 0.0000010477 0.0000061775 0.0000471858 0.0026517888 0.0004633128 0.0000036490 0.0054658088 0.0000026932 0.0025359408
1413393285.25587 -2.704717 0.410628 0.063333 0.463369 -0.674329 0.348854 0.457025 0.0003573362 -0.0000176594 -0.0001287051 0.0000011029 0.0000063592 0.0000466337 0.0026462711 0.0004476853 0.0000036227 0.0054816807 0.0000027369 0.0025358843
1413393285.30587 -2.712198 0.394359 0.063425 0.474813 -0.666119 0.356773 0.451167 0.0003574580 -0.0000177057 -0.0001285403 0.0000010984 0.0000063661 0.0000464947 0.0026409189 0.0004320979 0.0000035945 0.0054994206 0.0000028079 0.0025357970
1413393285.35587 -2.721041 0.378051 0.063224 0.485451 -0.657451 0.364695 0.446198 0.0003581428 -0.0000175559 -0.0001277404 0.0000010788 0.0000062625 0.0000458312 0.0026356625 0.0004159473 0.0000035594 0.0055178782 0.0000028562 0.0025357609
1413393285.40587 -2.729567 0.362412 0.063783 0.496548 -0.648790 0.371978 0.440618 0.0003583972 -0.0000170560 -0.0001274953 0.0000010233 0.0000060696 0.0000456185 0.0026304634 0.0003996051 0.0000035316 0.0055386117 0.0000029015 0.0025356820
1413393285.45587 -2.740143 0.345921 0.064040 0.507605 -0.640094 0.378650 0.435019 0.0003585696 -0.0000162928 -0.0001273910 0.0000009495 0.0000057915 0.0000455193 0.0026257290 0.0003837315 0.0000034978 0.0055588032 0.0000029447 0.0025356477
1413393285.50587 -2.749631 0.330972 0.064641 0.518053 -0.631193 0.385647 0.429527 0.0003588897 -0.0000157893 -0.0001270625 0.0000008982 0.0000055929 0.0000452409 0.0026208566 0.0003672136 0.0000034531 0.0055837247 0.0000029948 0.0025355832
1413393285.55587 -2.761514 0.314521 0.065759 0.529328 -0.621133 0.391648 0.424991 0.0003595360 -0.0000138286 -0.0001264965 0.0000007327 0.0000048683 0.0000447557 0.0026167395 0.0003521500 0.0000034166 0.0056059606 0.0000030293 0.0025355400
1413393285.60587 -2.773948 0.298684 0.067263 0.539896 -0.610872 0.397897 0.420744 0.0003603738 -0.0000119730 -0.0001256435 0.0000005960 0.0000041776 0.0000440517 0.0026123951 0.0003355392 0.0000033808 0.0056336867 0.0000030745 0.0025355065
1413393285.65587 -2.786341 0.283971 0.069527 0.550258 -0.599503 0.404546 0.417320 0.0003617982 -0.0000096548 -0.0001240394 0.0000004534 0.0000033136 0.0000427689 0.0026085051 0.0003197946 0.0000033265 0.0056620617 0.0000031160 0.0025354801
1413393285.70587 -2.798261 0.270555 0.073117 0.560692 -0.587862 0.410079 0.414581 0.0003630648 -0.0000063458 -0.0001226078 0.0000003017 0.0000021456 0.0000416430 0.0026049653 0.0003049596 0.0000032443 0.0056906125 0.0000031488 0.0025353933
1413393285.75587 -2.811326 0.255764 0.076316 0.572031 -0.574890 0.413173 0.414211 0.0003643778 -0.0000002781 -0.0001210415 0.0000001890 0.0000000946 0.0000404426 0.0026020875 0.0002918713 0.0000031825 0.0057175254 0.0000031753 0.0025353704
1413393285.80587 -2.823991 0.241731 0.079778 0.582445 -0.563078 0.416602 0.412485 0.0003650434 0.0000045278 -0.0001200690 0.0000002431 -0.0000014874 0.0000397231 0.0025990834 0.0002773837 0.0000031209 0.0057464113 0.0000032016 0.0025353439
1413393285.85587 -2.836020 0.228255 0.083091 0.590925 -0.553915 0.421140 0.408199 0.0003651356 0.0000062568 -0.0001198727 0.0000002919 -0.0000020523 0.0000395799 0.0025963928 0.0002635863 0.0000030649 0.0057743982 0.0000032236 0.0025353109
1413393285.90588 -2.847548 0.215533 0.086306 0.596592 -0.548980 0.426373 0.401130 0.0003645357 0.0000041661 -0.0001207812 0.0000002302 -0.0000013780 0.0000402411 0.0025939492 0.0002501649 0.0000030149 0.0058014904 0.0000032441 0.0025352803
1413393285.95588 -2.858680 0.203839 0.090126 0.601322 -0.544763 0.431069 0.394745 0.0003640266 0.0000021228 -0.0001215187 0.0000001917 -0.0000007059 0.0000407838 0.0025917490 0.0002373245 0.0000029823 0.0058268249 0.0000032724 0.0025352285
1413393286.00588 -2.869974 0.192501 0.093697 0.604265 -0.542351 0.435164 0.389038 0.0003635762 -0.0000005700 -0.0001221371 0.0000001773 0.0000001945 0.0000412439 0.0025898263 0.0002255784 0.0000029660 0.0058523462 0.0000033062 0.0025351861
1413393286.05588 -2.881484 0.180845 0.097192 0.606380 -0.541642 0.438188 0.383300 0.0003626261 -0.0000036233 -0.0001233353 0.0000002106 0.0000012358 0.0000421599 0.0025880610 0.0002138244 0.0000029318 0.0058783020 0.0000033279 0.0025351567
1413393286.10588 -2.892944 0.169409 0.101130 0.607362 -0.541471 0.440984 0.378754 0.0003620229 -0.0000065441 -0.0001239991 0.0000002901 0.0000022452 0.0000426804 0.0025862984 0.0002014055 0.0000029005 0.0059049354 0.0000033551 0.0025351203
1413393286.15588 -2.904756 0.158049 0.105611 0.607414 -0.541044 0.443519 0.376311 0.0003621494 -0.0000085695 -0.0001237151 0.0000003723 0.0000029311 0.0000424686 0.0025846775 0.0001890680 0.0000028605 0.0059320184 0.0000033815 0.0025350813
1413393286.20588 -2.916624 0.147220 0.110027 0.607211 -0.541264 0.444856 0.374741 0.0003620877 -0.0000099792 -0.0001236929 0.0000004423 0.0000034127 0.0000424586 0.0025831701 0.0001769497 0.0000028195 0.0059602808 0.0000034007 0.0025350424
1413393286.25588 -2.929209 0.136136 0.113682 0.606693 -0.541042 0.445694 0.374904 0.0003625333 -0.0000103330 -0.0001230903 0.0000004597 0.0000035115 0.0000419940 0.0025818706 0.0001653134 0.0000027939 0.0059891616 0.0000034207 0.0025350117
1413393286.30588 -2.942451 0.125364 0.115006 0.606038 -0.541695 0.445606 0.375125 0.0003625666 -0.0000106155 -0.0001230283 0.0000004746 0.0000036049 0.0000419460 0.0025806911 0.0001537904 0.0000027568 0.0060201477 0.0000034300 0.0025349834
1413393286.35588 -2.955033 0.116493 0.114066 0.605544 -0.541660 0.444525 0.377253 0.0003629493 -0.0000093323 -0.0001226394 0.0000004017 0.0000031555 0.0000416370 0.0025795907 0.0001425067 0.0000027341 0.0060523642 0.0000034563 0.0025349564
1413393286.40588 -2.968612 0.106760 0.110601 0.604975 -0.541740 0.443060 0.379765 0.0003633630 -0.0000077736 -0.0001222145 0.0000003273 0.0000026162 0.0000413018 0.0025788250 0.0001334799 0.0000027230 0.0060831689 0.0000034758 0.0025349525
1413393286.45589 -2.982442 0.098043 0.103530 0.604048 -0.542117 0.441331 0.382705 0.0003637963 -0.0000061175 -0.0001217449 0.0000002626 0.0000020481 0.0000409363 0.0025780301 0.0001237077 0.0000027251 0.0061161651 0.0000035028 0.0025349370
1413393286.50589 -2.996797 0.089495 0.093725 0.602698 -0.543425 0.440114 0.384374 0.0003639470 -0.0000057059 -0.0001215763 0.0000002486 0.0000019066 0.0000408059 0.0025774312 0.0001154017 0.0000027351 0.0061492319 0.0000035339 0.0025349363
1413393286.55589 -3.011180 0.080519 0.083128 0.600974 -0.545189 0.439117 0.385715 0.0003640411 -0.0000057978 -0.0001214552 0.0000002506 0.0000019342 0.0000407134 0.0025767932 0.0001060532 0.0000027561 0.0061835136 0.0000035654 0.0025349295
1413393286.60589 -3.025629 0.071858 0.073223 0.599570 -0.547891 0.437965 0.385380 0.0003633612 -0.0000067922 -0.0001223157 0.0000002847 0.0000022863 0.0000413664 0.0025761914 0.0000961906 0.0000027869 0.0062179146 0.0000036057 0.0025349200
1413393286.65589 -3.040393 0.063463 0.065316 0.598921 -0.549581 0.435901 0.386323 0.0003628288 -0.0000062516 -0.0001230546 0.0000002652 0.0000021199 0.0000419264 0.0025756737 0.0000864113 0.0000028207 0.0062535735 0.0000036339 0.0025349271
1413393286.70589 -3.055159 0.054859 0.059624 0.598902 -0.550656 0.433242 0.387810 0.0003622776 -0.0000048143 -0.0001238481 0.0000002213 0.0000016450 0.0000425310 0.0025752267 0.0000766614 0.0000028579 0.0062898319 0.0000036703 0.0025349312
1413393286.75589 -3.069521 0.046120 0.056395 0.599965 -0.550673 0.429296 0.390520 0.0003616645 -0.0000015965 -0.0001247323 0.0000001643 0.0000005490 0.0000432109 0.0025748325 0.0000666113 0.0000028886 0.0063259453 0.0000036994 0.0025349415
1413393286.80589 -3.083984 0.035718 0.056179 0.602132 -0.549542 0.424034 0.394508 0.0003609631 0.0000034772 -0.0001255975 0.0000001899 -0.0000012125 0.0000438949 0.0025744200 0.0000561239 0.0000029203 0.0063608532 0.0000037530 0.0025349266
1413393286.85589 -3.096713 0.026553 0.056923 0.605063 -0.547569 0.418697 0.398447 0.0003600013 0.0000090554 -0.0001265389 0.0000003844 -0.0000031868 0.0000446717 0.0025740228 0.0000432596 0.0000029288 0.0063949078 0.0000037758 0.0025349359
1413393286.90590 -3.107982 0.017321 0.058610 0.608800 -0.543907 0.414654 0.401983 0.0003593480 0.0000146535 -0.0001268375 0.0000007544 -0.0000051772 0.0000449633 0.0025736923 0.0000318832 0.0000029502 0.0064229073 0.0000037941 0.0025349393
1413393286.95590 -3.117622 0.008233 0.060579 0.612876 -0.539663 0.412340 0.403883 0.0003587113 0.0000190992 -0.0001270448 0.0000011742 -0.0000067704 0.0000451901 0.0025734291 0.0000198327 0.0000029330 0.0064466237 0.0000038089 0.0025349488
1413393287.00590 -3.125519 -0.001037 0.062945 0.617196 -0.535208 0.411213 0.404383 0.0003580340 0.0000225098 -0.0001273302 0.0000015730 -0.0000080122 0.0000454787 0.0025732255 0.0000075159 0.0000029143 0.0064660846 0.0000038166 0.0025349594
1413393287.05590 -3.131864 -0.010698 0.065154 0.620839 -0.530166 0.412853 0.403777 0.0003582671 0.0000242860 -0.0001267294 0.0000018045 -0.0000085980 0.0000450233 0.0025730686 -0.0000044941 0.0000028877 0.0064802785 0.0000038110 0.0025349547
1413393287.10590 -3.136013 -0.019833 0.067738 0.625163 -0.525612 0.414855 0.400998 0.0003578726 0.0000249168 -0.0001271023 0.0000018935 -0.0000088570 0.0000453381 0.0025730076 -0.0000167825 0.0000028601 0.0064906394 0.0000038195 0.0025349664
1413393287.15590 -3.137769 -0.029127 0.071102 0.629384 -0.521266 0.418545 0.396204 0.0003576276 0.0000238282 -0.0001276168 0.0000017465 -0.0000085106 0.0000457363 0.0025730035 -0.0000280782 0.0000028298 0.0064951096 0.0000038197 0.0025349771
1413393287.20590 -3.138037 -0.037746 0.074239 0.632713 -0.518197 0.424592 0.388417 0.0003575817 0.0000196748 -0.0001283877 0.0000012415 -0.0000070711 0.0000462951 0.0025730686 -0.0000394946 0.0000027950 0.0064939093 0.0000038188 0.0025349870
1413393287.25590 -3.136083 -0.046256 0.077685 0.636366 -0.514777 0.432114 0.378576 0.0003575188 0.0000141551 -0.0001291965 0.0000007197 -0.0000051212 0.0000468871 0.0025732195 -0.0000499686 0.0000027685 0.0064895203 0.0000038185 0.0025350088
1413393287.30590 -3.133268 -0.053707 0.082145 0.639928 -0.510142 0.440477 0.369090 0.0003579614 0.0000088606 -0.0001291400 0.0000003788 -0.0000032015 0.0000467893 0.0025733542 -0.0000607258 0.0000027652 0.0064810809 0.0000038236 0.0025350102
1413393287.35590 -3.128704 -0.061850 0.087645 0.643693 -0.504023 0.449671 0.359745 0.0003588953 0.0000038485 -0.0001282599 0.0000002013 -0.0000013791 0.0000460374 0.0025735742 -0.0000701779 0.0000027209 0.0064711248 0.0000038142 0.0025350211
1413393287.40590 -3.123140 -0.069709 0.093248 0.648151 -0.496647 0.458402 0.350869 0.0003598171 -0.0000000870 -0.0001271883 0.0000001607 0.0000000281 0.0000451596 0.0025738578 -0.0000800556 0.0000026752 0.0064579664 0.0000038061 0.0025350375
1413393287.45590 -3.117024 -0.078047 0.099391 0.653769 -0.488770 0.465894 0.341515 0.0003600337 -0.0000032914 -0.0001268779 0.0000001916 0.0000011583 0.0000449144 0.0025742019 -0.0000897878 0.0000026217 0.0064426296 0.0000037964 0.0025350558
1413393287.50590 -3.110726 -0.085977 0.105657 0.660520 -0.479552 0.472074 0.333001 0.0003600174 -0.0000047964 -0.0001268485 0.0000002262 0.0000016891 0.0000448965 0.0025745792 -0.0000999853 0.0000025653 0.0064267838 0.0000037887 0.0025350679
1413393287.55590 -3.104218 -0.093785 0.111819 0.668012 -0.469982 0.477078 0.324458 0.0003595218 -0.0000055858 -0.0001274250 0.0000002499 0.0000019795 0.0000453668 0.0025749683 -0.0001093826 0.0000025068 0.0064107946 0.0000037751 0.0025350794
1413393287.60590 -3.097539 -0.101646 0.117439 0.675573 -0.460195 0.482152 0.315202 0.0003589067 -0.0000066970 -0.0001281203 0.0000002888 0.0000023910 0.0000459402 0.0025753763 -0.0001185752 0.0000024441 0.0063946665 0.0000037562 0.0025350857
1413393287.65590 -3.090717 -0.109503 0.122704 0.682868 -0.450754 0.486939 0.305619 0.0003581293 -0.0000081143 -0.0001289757 0.0000003485 0.0000029233 0.0000466547 0.0025758487 -0.0001282960 0.0000023847 0.0063783025 0.0000037408 0.0025350880
1413393287.70589 -3.083884 -0.117537 0.128746 0.689174 -0.440513 0.493085 0.296403 0.0003583066 -0.0000097598 -0.0001286393 0.0000004313 0.0000035057 0.0000463905 0.0025763656 -0.0001378317 0.0000023191 0.0063616361 0.0000037263 0.0025350993
1413393287.75589 -3.077084 -0.125657 0.134650 0.695241 -0.430051 0.499134 0.287337 0.0003585999 -0.0000112565 -0.0001281516 0.0000005195 0.0000040252 0.0000460040 0.0025769494 -0.0001477862 0.0000022539 0.0063452277 0.0000037067 0.0025351057
1413393287.80589 -3.069758 -0.133811 0.139864 0.701471 -0.419320 0.504347 0.278826 0.0003587636 -0.0000120467 -0.0001278709 0.0000005713 0.0000042969 0.0000457834 0.0025775996 -0.0001577967 0.0000021787 0.0063289650 0.0000036898 0.0025351180
1413393287.85589 -3.063127 -0.143025 0.144464 0.706418 -0.408360 0.511245 0.269895 0.0003597855 -0.0000137456 -0.0001264301 0.0000006926 0.0000048341 0.0000446354 0.0025782998 -0.0001675483 0.0000021070 0.0063114300 0.0000036737 0.0025351323
1413393287.90589 -3.056833 -0.152749 0.148097 0.712181 -0.397079 0.516396 0.261649 0.0003602300 -0.0000142109 -0.0001258123 0.0000007286 0.0000049675 0.0000441480 0.0025791684 -0.0001788734 0.0000020417 0.0062963311 0.0000036535 0.0025351380
1413393287.95588 -3.050954 -0.162730 0.151601 0.717458 -0.385382 0.521645 0.254209 0.0003610778 -0.0000141763 -0.0001247373 0.0000007250 0.0000049021 0.0000432989 0.0025802010 -0.0001911510 0.0000019813 0.0062816627 0.0000036366 0.0025351456
1413393288.00588 -3.045956 -0.173094 0.154727 0.721852 -0.374443 0.527206 0.246527 0.0003620617 -0.0000148100 -0.0001233906 0.0000007743 0.0000050525 0.0000422584 0.0025813504 -0.0002038075 0.0000019338 0.0062681866 0.0000036164 0.0025351331
1413393288.05588 -3.041006 -0.183834 0.156996 0.726890 -0.364600 0.530378 0.239575 0.0003620530 -0.0000146515 -0.0001234071 0.0000007614 0.0000049994 0.0000422707 0.0025826372 -0.0002168842 0.0000018794 0.0062573928 0.0000035933 0.0025351358
1413393288.10588 -3.037718 -0.194802 0.158412 0.731348 -0.355997 0.532362 0.234494 0.0003619583 -0.0000137100 -0.0001236270 0.0000006878 0.0000046880 0.0000424319 0.0025840417 -0.0002300446 0.0000018237 0.0062478777 0.0000035762 0.0025351465
1413393288.15588 -3.035230 -0.204695 0.159108 0.735857 -0.349596 0.532544 0.229549 0.0003608711 -0.0000131071 -0.0001250746 0.0000006442 0.0000045482 0.0000435572 0.0025856126 -0.0002437439 0.0000017918 0.0062417062 0.0000035651 0.0025351369
1413393288.20588 -3.033804 -0.216636 0.159422 0.740013 -0.344952 0.531273 0.226138 0.0003594189 -0.0000120397 -0.0001269919 0.0000005714 0.0000042592 0.0000450777 0.0025871379 -0.0002562916 0.0000017610 0.0062372430 0.0000035532 0.0025351465
1413393288.25588 -3.032834 -0.228761 0.159047 0.744555 -0.342485 0.527998 0.222621 0.0003566876 -0.0000113512 -0.0001303521 0.0000005291 0.0000041534 0.0000478470 0.0025890699 -0.0002712705 0.0000017346 0.0062346130 0.0000035456 0.0025351529
1413393288.30589 -3.032333 -0.241547 0.158450 0.749241 -0.340479 0.523813 0.219847 0.0003535818 -0.0000101910 -0.0001340288 0.0000004612 0.0000038679 0.0000510160 0.0025911780 -0.0002866443 0.0000017129 0.0062324408 0.0000035422 0.0025351530
1413393288.35589 -3.031930 -0.255261 0.157646 0.752322 -0.340568 0.520415 0.217241 0.0003508406 -0.0000102700 -0.0001370432 0.0000004675 0.0000040163 0.0000537432 0.0025935987 -0.0003033147 0.0000016914 0.0062312791 0.0000035395 0.0025351535
1413393288.40589 -3.030992 -0.270204 0.157102 0.753488 -0.340094 0.519321 0.216557 0.0003500139 -0.0000100030 -0.0001379487 0.0000004523 0.0000039470 0.0000545814 0.0025963882 -0.0003211214 0.0000016737 0.0062294269 0.0000035397 0.0025351551
1413393288.45589 -3.029952 -0.286019 0.157290 0.751919 -0.338793 0.521853 0.217960 0.0003519362 -0.0000096112 -0.0001358859 0.0000004281 0.0000037150 0.0000526775 0.0025995890 -0.0003402923 0.0000016708 0.0062258072 0.0000035417 0.0025351407
1413393288.50589 -3.028624 -0.302703 0.157282 0.749280 -0.338510 0.525047 0.219808 0.0003543279 -0.0000097443 -0.0001331910 0.0000004326 0.0000036664 0.0000502744 0.0026031584 -0.0003603093 0.0000016622 0.0062232248 0.0000035477 0.0025351295
1413393288.55589 -3.026892 -0.320089 0.157393 0.745698 -0.338010 0.529099 0.223020 0.0003575416 -0.0000094291 -0.0001294536 0.0000004128 0.0000034169 0.0000470765 0.0026071503 -0.0003811698 0.0000016493 0.0062200168 0.0000035514 0.0025351274
1413393288.60589 -3.024681 -0.337534 0.157047 0.742647 -0.336231 0.533504 0.225381 0.0003606714 -0.0000090772 -0.0001256319 0.0000003923 0.0000031644 0.0000439648 0.0026114145 -0.0004019523 0.0000016290 0.0062153960 0.0000035549 0.0025351347
1413393288.65589 -3.023000 -0.354750 0.156968 0.739737 -0.333972 0.538221 0.227091 0.0003637230 -0.0000089262 -0.0001216918 0.0000003820 0.0000029882 0.0000409155 0.0026158363 -0.0004224517 0.0000016298 0.0062107913 0.0000035509 0.0025351209
1413393288.70589 -3.021283 -0.371595 0.156229 0.737899 -0.330602 0.542698 0.227348 0.0003662440 -0.0000088822 -0.0001182768 0.0000003781 0.0000028699 0.0000383960 0.0026203618 -0.0004422445 0.0000016070 0.0062074603 0.0000035563 0.0025351261
1413393288.75589 -3.020023 -0.387696 0.154553 0.738563 -0.326839 0.544516 0.226280 0.0003670074 -0.0000082775 -0.0001172546 0.0000003490 0.0000026457 0.0000376599 0.0026250330 -0.0004617358 0.0000015871 0.0062046139 0.0000035628 0.0025351314
1413393288.80588 -3.019277 -0.403820 0.152176 0.739555 -0.323840 0.545204 0.225695 0.0003672906 -0.0000073588 -0.0001169188 0.0000003096 0.0000023433 0.0000374165 0.0026297638 -0.0004806482 0.0000015754 0.0062030981 0.0000035742 0.0025351412
1413393288.85588 -3.018744 -0.419794 0.149000 0.741802 -0.321443 0.543905 0.224882 0.0003664575 -0.0000060976 -0.0001181583 0.0000002635 0.0000019666 0.0000382968 0.0026347600 -0.0004998437 0.0000015635 0.0062020264 0.0000035893 0.0025351514
1413393288.90588 -3.018532 -0.435837 0.146027 0.743465 -0.319723 0.543526 0.222746 0.0003657736 -0.0000062096 -0.0001190977 0.0000002672 0.0000020223 0.0000389776 0.0026399189 -0.0005189316 0.0000015547 0.0062011603 0.0000036040 0.0025351563
1413393288.95588 -3.018898 -0.451718 0.141019 0.745627 -0.318670 0.541782 0.221272 0.0003644987 -0.0000058072 -0.0001208505 0.0000002544 0.0000019258 0.0000402683 0.0026453212 -0.0005382088 0.0000015457 0.0062020042 0.0000036222 0.0025351705
1413393289.00588 -3.019103 -0.467611 0.134376 0.746753 -0.317087 0.541559 0.220295 0.0003641698 -0.0000054644 -0.0001213091 0.0000002439 0.0000018205 0.0000406099 0.0026509564 -0.0005576270 0.0000015495 0.0062027973 0.0000036399 0.0025351819
1413393289.05588 -3.019501 -0.483065 0.124909 0.748144 -0.315558 0.540755 0.219746 0.0003636187 -0.0000047025 -0.0001220777 0.0000002230 0.0000015788 0.0000411862 0.0026566623 -0.0005765938 0.0000015622 0.0062039568 0.0000036615 0.0025351967
1413393289.10588 -3.019974 -0.497817 0.113780 0.747973 -0.314969 0.541776 0.218654 0.0003639285 -0.0000053531 -0.0001216458 0.0000002410 0.0000017894 0.0000408620 0.0026622643 -0.0005946789 0.0000015835 0.0062057106 0.0000036817 0.0025351971
1413393289.15588 -3.020078 -0.512418 0.101817 0.747543 -0.313748 0.543676 0.217158 0.0003646295 -0.0000062463 -0.0001206737 0.0000002697 0.0000020674 0.0000401378 0.0026679679 -0.0006124371 0.0000016130 0.0062060759 0.0000037124 0.0025352136
1413393289.20588 -3.020515 -0.526988 0.090315 0.747587 -0.313003 0.545011 0.214725 0.0003647818 -0.0000076397 -0.0001203958 0.0000003231 0.0000025219 0.0000399379 0.0026738083 -0.0006300338 0.0000016398 0.0062062755 0.0000037467 0.0025352324
1413393289.25588 -3.021551 -0.541504 0.080077 0.747732 -0.311123 0.546105 0.214167 0.0003652756 -0.0000074021 -0.0001197464 0.0000003135 0.0000024269 0.0000394570 0.0026796704 -0.0006474234 0.0000016855 0.0062086310 0.0000037735 0.0025352453
1413393289.30588 -3.023152 -0.555592 0.070981 0.747928 -0.309606 0.546725 0.214103 0.0003656256 -0.0000069313 -0.0001193039 0.0000002955 0.0000022619 0.0000391305 0.0026857443 -0.0006650229 0.0000017209 0.0062121579 0.0000038051 0.0025352680
1413393289.35588 -3.025027 -0.569468 0.063498 0.748918 -0.308340 0.546313 0.213520 0.0003652902 -0.0000064780 -0.0001197921 0.0000002795 0.0000021244 0.0000394864 0.0026917810 -0.0006821745 0.0000017518 0.0062168628 0.0000038359 0.0025352894
1413393289.40588 -3.027388 -0.582964 0.057270 0.750431 -0.306565 0.544869 0.214451 0.0003647492 -0.0000046020 -0.0001206157 0.0000002231 0.0000015215 0.0000400883 0.0026979117 -0.0006992791 0.0000017677 0.0062222485 0.0000038609 0.0025353039
1413393289.45588 -3.029725 -0.596250 0.052882 0.751580 -0.306158 0.543587 0.214261 0.0003640136 -0.0000040535 -0.0001216247 0.0000002107 0.0000013538 0.0000408413 0.0027039871 -0.0007159256 0.0000017862 0.0062285408 0.0000038888 0.0025353232
1413393289.50588 -3.032425 -0.608650 0.050271 0.752804 -0.306592 0.541985 0.213400 0.0003629143 -0.0000041558 -0.0001230736 0.0000002135 0.0000014086 0.0000419424 0.0027100872 -0.0007322917 0.0000017938 0.0062345395 0.0000039188 0.0025353346
1413393289.55588 -3.034860 -0.621188 0.049734 0.753903 -0.306073 0.540592 0.213796 0.0003622462 -0.0000031914 -0.0001239739 0.0000001945 0.0000010912 0.0000426343 0.0027159069 -0.0007476594 0.0000018017 0.0062407878 0.0000039376 0.0025353486
1413393289.60588 -3.037238 -0.633515 0.049703 0.754619 -0.306144 0.539335 0.214346 0.0003616718 -0.0000024897 -0.0001247319 0.0000001841 0.0000008573 0.0000432238 0.0027219424 -0.0007632948 0.0000018059 0.0062468982 0.0000039521 0.0025353599
1413393289.65588 -3.039126 -0.645570 0.050097 0.755284 -0.306291 0.538366 0.214228 0.0003611007 -0.0000022895 -0.0001254655 0.0000001819 0.0000007940 0.0000438009 0.0027279517 -0.0007785627 0.0000018097 0.0062518331 0.0000039652 0.0025353638
1413393289.70588 -3.040682 -0.656810 0.050844 0.755649 -0.306766 0.537722 0.213877 0.0003606463 -0.0000024632 -0.0001260386 0.0000001847 0.0000008593 0.0000442562 0.0027338901 -0.0007932399 0.0000018043 0.0062559933 0.0000039507 0.0025353526
1413393289.75588 -3.041927 -0.668188 0.052014 0.755201 -0.307319 0.537767 0.214551 0.0003608326 -0.0000024018 -0.0001258107 0.0000001844 0.0000008358 0.0000440748 0.0027397017 -0.0008072612 0.0000018014 0.0062589256 0.0000039542 0.0025353579
1413393289.80588 -3.042715 -0.679252 0.053925 0.754397 -0.307744 0.538452 0.215053 0.0003613388 -0.0000025786 -0.0001251724 0.0000001873 0.0000008916 0.0000435703 0.0027455501 -0.0008210321 0.0000017946 0.0062610474 0.0000039536 0.0025353629
1413393289.85588 -3.043271 -0.690174 0.056565 0.753009 -0.308321 0.539747 0.215844 0.0003622492 -0.0000029011 -0.0001240033 0.0000001924 0.0000009913 0.0000426570 0.0027514234 -0.0008345991 0.0000017789 0.0062621921 0.0000039433 0.0025353542
1413393289.90588 -3.043654 -0.701057 0.059536 0.751704 -0.308596 0.540695 0.217619 0.0003631924 -0.0000024376 -0.0001227918 0.0000001860 0.0000008222 0.0000417236 0.0027572666 -0.0008477976 0.0000017656 0.0062628316 0.0000039375 0.0025353570
1413393289.95588 -3.043828 -0.711522 0.063050 0.750334 -0.309068 0.541821 0.218874 0.0003641056 -0.0000024121 -0.0001215913 0.0000001861 0.0000008035 0.0000408138 0.0027630997 -0.0008607042 0.0000017499 0.0062631766 0.0000039298 0.0025353613
1413393290.00588 -3.044119 -0.721329 0.066182 0.749532 -0.309994 0.542063 0.219712 0.0003644298 -0.0000025064 -0.0001211601 0.0000001878 0.0000008313 0.0000404909 0.0027686540 -0.0008728465 0.0000017316 0.0062637016 0.0000039152 0.0025353599
1413393290.05588 -3.044584 -0.730705 0.067601 0.748915 -0.311566 0.541989 0.219774 0.0003643955 -0.0000032131 -0.0001211916 0.0000001994 0.0000010667 0.0000405163 0.0027737832 -0.0008839830 0.0000017176 0.0062648658 0.0000039071 0.0025353636
1413393290.10588 -3.044968 -0.739746 0.066732 0.748023 -0.313150 0.542200 0.220038 0.0003645620 -0.0000039224 -0.0001209504 0.0000002138 0.0000012994 0.0000403382 0.0027789748 -0.0008951275 0.0000017119 0.0062662505 0.0000039020 0.0025353727
1413393290.15588 -3.045582 -0.748242 0.062797 0.747259 -0.314634 0.542392 0.220046 0.0003646502 -0.0000047087 -0.0001208053 0.0000002330 0.0000015581 0.0000402328 0.0027838147 -0.0009053865 0.0000017050 0.0062672532 0.0000039001 0.0025353785
1413393290.20588 -3.046040 -0.756107 0.056069 0.746748 -0.316896 0.541956 0.219608 0.0003642876 -0.0000058847 -0.0001212410 0.0000002677 0.0000019569 0.0000405629 0.0027884197 -0.0009151986 0.0000017086 0.0062696605 0.0000039050 0.0025353864
1413393290.25588 -3.046372 -0.763562 0.047010 0.746431 -0.318517 0.541434 0.219631 0.0003639881 -0.0000064661 -0.0001216109 0.0000002880 0.0000021588 0.0000408435 0.0027928074 -0.0009243884 0.0000017228 0.0062710458 0.0000039180 0.0025353896
1413393290.30588 -3.046786 -0.770789 0.035385 0.747102 -0.319951 0.539537 0.219933 0.0003630060 -0.0000063045 -0.0001229131 0.0000002831 0.0000021330 0.0000418315 0.0027970487 -0.0009331212 0.0000017382 0.0062719354 0.0000039313 0.0025353926
1413393290.35589 -3.046939 -0.778290 0.022638 0.748222 -0.320937 0.537267 0.220243 0.0003618158 -0.0000057639 -0.0001244775 0.0000002658 0.0000019812 0.0000430390 0.0028013447 -0.0009418656 0.0000017636 0.0062724110 0.0000039528 0.0025353962
1413393290.40589 -3.046964 -0.785663 0.009857 0.750033 -0.320902 0.535016 0.219613 0.0003604044 -0.0000052510 -0.0001262858 0.0000002510 0.0000018380 0.0000444661 0.0028058236 -0.0009507600 0.0000017903 0.0062720207 0.0000039751 0.0025354087
1413393290.45589 -3.046683 -0.793037 -0.002962 0.752267 -0.319652 0.533313 0.217933 0.0003590341 -0.0000049014 -0.0001279925 0.0000002419 0.0000017453 0.0000458446 0.0028102183 -0.0009593540 0.0000018248 0.0062710859 0.0000039981 0.0025354147
1413393290.50589 -3.046234 -0.799751 -0.015583 0.754747 -0.317512 0.531928 0.215862 0.0003577301 -0.0000044866 -0.0001295848 0.0000002318 0.0000016233 0.0000471584 0.0028147182 -0.0009679633 0.0000018592 0.0062694675 0.0000040279 0.0025354270
1413393290.55589 -3.045428 -0.807344 -0.027298 0.756704 -0.315360 0.531069 0.214274 0.0003568709 -0.0000039783 -0.0001306223 0.0000002206 0.0000014541 0.0000480286 0.0028190734 -0.0009761442 0.0000018935 0.0062673878 0.0000040539 0.0025354407
1413393290.60589 -3.044033 -0.815330 -0.038447 0.758068 -0.313173 0.531038 0.212732 0.0003564893 -0.0000037493 -0.0001310763 0.0000002162 0.0000013766 0.0000484135 0.0028241181 -0.0009854202 0.0000019271 0.0062641862 0.0000040822 0.0025354523
1413393290.65589 -3.042025 -0.823489 -0.049731 0.759417 -0.312004 0.530683 0.210511 0.0003557363 -0.0000042586 -0.0001319374 0.0000002284 0.0000015776 0.0000491527 0.0028294915 -0.0009950146 0.0000019612 0.0062594637 0.0000041088 0.0025354635
1413393290.70589 -3.039410 -0.832010 -0.061205 0.760951 -0.310353 0.530014 0.209094 0.0003550013 -0.0000040048 -0.0001327906 0.0000002231 0.0000014960 0.0000498908 0.0028350119 -0.0010045469 0.0000019937 0.0062530410 0.0000041364 0.0025354740
1413393290.75589 -3.036081 -0.840964 -0.072660 0.761220 -0.308635 0.530869 0.208488 0.0003553714 -0.0000038219 -0.0001323621 0.0000002195 0.0000014214 0.0000495192 0.0028409067 -0.0010144636 0.0000020267 0.0062451884 0.0000041633 0.0025354835
1413393290.80589 -3.032665 -0.849731 -0.084238 0.761624 -0.306651 0.531449 0.208459 0.0003557304 -0.0000031033 -0.0001319591 0.0000002060 0.0000011488 0.0000491699 0.0028466834 -0.0010239841 0.0000020590 0.0062370405 0.0000041912 0.0025354984
1413393290.85589 -3.028828 -0.858566 -0.096128 0.761602 -0.305493 0.532146 0.208463 0.0003561494 -0.0000027985 -0.0001314709 0.0000002014 0.0000010305 0.0000487510 0.0028525370 -0.0010334251 0.0000020918 0.0062282459 0.0000042200 0.0025355130
1413393290.90589 -3.024235 -0.867451 -0.108302 0.760847 -0.305724 0.533786 0.206680 0.0003566738 -0.0000044243 -0.0001308028 0.0000002348 0.0000016202 0.0000481881 0.0028585420 -0.0010427045 0.0000021233 0.0062172934 0.0000042507 0.0025355266
1413393290.95589 -3.018192 -0.877057 -0.120068 0.758676 -0.307392 0.537401 0.202784 0.0003577876 -0.0000085293 -0.0001292621 0.0000003837 0.0000030799 0.0000469180 0.0028648785 -0.0010520986 0.0000021556 0.0062038344 0.0000042803 0.0025355365
1413393291.00589 -3.012333 -0.887125 -0.132382 0.756380 -0.309006 0.540905 0.199563 0.0003589146 -0.0000122445 -0.0001275837 0.0000005987 0.0000043515 0.0000455695 0.0028720825 -0.0010625110 0.0000021885 0.0061883547 0.0000043096 0.0025355509
1413393291.05589 -3.006253 -0.897798 -0.144908 0.753234 -0.311134 0.545192 0.196468 0.0003604173 -0.0000164318 -0.0001252272 0.0000009306 0.0000057088 0.0000437263 0.0028795341 -0.0010733684 0.0000022127 0.0061741195 0.0000043214 0.0025355477
1413393291.10589 -3.001078 -0.908839 -0.158207 0.750655 -0.312612 0.548774 0.194005 0.0003616353 -0.0000197299 -0.0001231839 0.0000012586 0.0000067208 0.0000421758 0.0028874655 -0.0010848564 0.0000022491 0.0061605057 0.0000043554 0.0025355705
1413393291.15589 -2.996532 -0.920511 -0.170707 0.747425 -0.313384 0.552920 0.193456 0.0003636284 -0.0000218974 -0.0001201806 0.0000015016 0.0000072376 0.0000399350 0.0028958881 -0.0010973095 0.0000022863 0.0061493894 0.0000043890 0.0025355919
1413393291.20589 -2.992916 -0.932397 -0.183103 0.745068 -0.314000 0.555810 0.193266 0.0003650167 -0.0000233411 -0.0001180084 0.0000016762 0.0000075468 0.0000383660 0.0029046319 -0.0011104739 0.0000023244 0.0061409648 0.0000044216 0.0025356114
1413393291.25589 -2.990521 -0.944886 -0.195142 0.743253 -0.314310 0.557899 0.193733 0.0003661642 -0.0000240326 -0.0001162601 0.0000017616 0.0000076313 0.0000371275 0.0029137383 -0.0011243701 0.0000023599 0.0061349511 0.0000044538 0.0025356282
1413393291.30589 -2.989584 -0.957716 -0.207361 0.743475 -0.313796 0.557004 0.196277 0.0003663974 -0.0000221171 -0.0001163015 0.0000015198 0.0000070209 0.0000371307 0.0029233267 -0.0011393977 0.0000023956 0.0061327429 0.0000044862 0.0025356449
1413393291.35589 -2.989555 -0.970894 -0.219761 0.745273 -0.312873 0.554135 0.199030 0.0003656828 -0.0000191603 -0.0001178094 0.0000011891 0.0000061728 0.0000381691 0.0029332777 -0.0011550991 0.0000024297 0.0061325466 0.0000045204 0.0025356618
1413393291.40589 -2.990202 -0.984200 -0.231747 0.747595 -0.310597 0.551219 0.201965 0.0003650085 -0.0000154236 -0.0001192715 0.0000008374 0.0000050393 0.0000391900 0.0029433860 -0.0011711321 0.0000024617 0.0061342919 0.0000045564 0.0025356821
1413393291.45589 -2.991690 -0.997073 -0.243274 0.750733 -0.307742 0.547825 0.203919 0.0003637860 -0.0000117725 -0.0001213210 0.0000005672 0.0000039249 0.0000406777 0.0029533136 -0.0011870318 0.0000024910 0.0061381633 0.0000045933 0.0025356999
1413393291.50589 -2.993547 -1.009908 -0.253755 0.753469 -0.304375 0.545546 0.204988 0.0003628937 -0.0000087623 -0.0001227417 0.0000003983 0.0000029620 0.0000417338 0.0029632505 -0.0012029097 0.0000025178 0.0061429426 0.0000046297 0.0025357144
1413393291.55589 -2.995529 -1.023115 -0.262904 0.755653 -0.301511 0.543710 0.206056 0.0003621835 -0.0000061728 -0.0001238110 0.0000002924 0.0000021080 0.0000425440 0.0029736337 -0.0012193582 0.0000025423 0.0061481392 0.0000046631 0.0025357225
1413393291.60589 -2.997389 -1.036456 -0.270970 0.757148 -0.298638 0.542982 0.206673 0.0003619545 -0.0000042115 -0.0001241796 0.0000002368 0.0000014425 0.0000428240 0.0029843884 -0.0012360205 0.0000025640 0.0061525278 0.0000046957 0.0025357300
1413393291.65589 -2.998872 -1.050205 -0.277873 0.758616 -0.295954 0.542123 0.207402 0.0003616529 -0.0000022370 -0.0001246080 0.0000002021 0.0000007681 0.0000431548 0.0029955329 -0.0012530167 0.0000025706 0.0061564620 0.0000047060 0.0025357119
1413393291.70588 -3.000446 -1.063699 -0.284325 0.760069 -0.294126 0.541102 0.207350 0.0003610595 -0.0000010533 -0.0001253702 0.0000001919 0.0000003629 0.0000437538 0.0030070141 -0.0012701234 0.0000025865 0.0061595209 0.0000047301 0.0025357098
1413393291.75588 -3.001778 -1.076965 -0.289314 0.761187 -0.292252 0.540486 0.207502 0.0003607368 0.0000001257 -0.0001257752 0.0000001894 -0.0000000469 0.0000440754 0.0030182725 -0.0012867007 0.0000026039 0.0061627051 0.0000047559 0.0025357144
1413393291.80588 -3.002506 -1.089723 -0.292353 0.762247 -0.289840 0.540350 0.207352 0.0003606148 0.0000012341 -0.0001259166 0.0000001941 -0.0000004341 0.0000441893 0.0030292818 -0.0013025225 0.0000026172 0.0061646605 0.0000047777 0.0025357157
1413393291.85588 -3.002345 -1.101821 -0.292390 0.763933 -0.286539 0.540300 0.205859 0.0003602439 0.0000020031 -0.0001263655 0.0000002015 -0.0000007059 0.0000445496 0.0030399158 -0.0013172733 0.0000026216 0.0061644638 0.0000047915 0.0025357106
1413393291.90588 -3.001449 -1.113648 -0.288352 0.765223 -0.283026 0.540858 0.204456 0.0003602427 0.0000027184 -0.0001263487 0.0000002112 -0.0000009567 0.0000445382 0.0030503186 -0.0013311127 0.0000026207 0.0061619270 0.0000047975 0.0025357010
1413393291.95588 -3.000465 -1.124628 -0.280638 0.766032 -0.279931 0.541512 0.203956 0.0003604912 0.0000036898 -0.0001260070 0.0000002286 -0.0000012931 0.0000442685 0.0030602852 -0.0013441652 0.0000026041 0.0061590835 0.0000047857 0.0025356786
1413393292.00588 -2.999452 -1.135146 -0.270422 0.765682 -0.276459 0.543816 0.203875 0.0003617763 0.0000045490 -0.0001243451 0.0000002482 -0.0000015669 0.0000429613 0.0030693773 -0.0013558342 0.0000025822 0.0061558938 0.0000047670 0.0025356505
1413393292.05588 -2.998199 -1.145089 -0.258987 0.764863 -0.272870 0.546470 0.204687 0.0003634244 0.0000058544 -0.0001221449 0.0000002855 -0.0000019711 0.0000412743 0.0030781977 -0.0013671574 0.0000025662 0.0061534798 0.0000047491 0.0025356287
1413393292.10588 -2.996487 -1.154254 -0.247569 0.763521 -0.270159 0.549853 0.204234 0.0003652202 0.0000058169 -0.0001197411 0.0000002840 -0.0000019104 0.0000394796 0.0030867652 -0.0013777048 0.0000025426 0.0061493830 0.0000047250 0.0025356013
1413393292.15588 -2.994186 -1.162561 -0.236531 0.762044 -0.267275 0.553050 0.204910 0.0003670837 0.0000065569 -0.0001171275 0.0000003087 -0.0000020953 0.0000375932 0.0030947133 -0.0013871729 0.0000025165 0.0061445833 0.0000046982 0.0025355808
1413393292.20588 -2.991835 -1.169407 -0.225555 0.761110 -0.263903 0.555979 0.204827 0.0003686259 0.0000072228 -0.0001148908 0.0000003333 -0.0000022541 0.0000360286 0.0031011722 -0.0013944444 0.0000024858 0.0061388949 0.0000046680 0.0025355590
1413393292.25588 -2.989277 -1.174604 -0.214849 0.760230 -0.260294 0.558846 0.204912 0.0003701325 0.0000081253 -0.0001126187 0.0000003702 -0.0000024750 0.0000344858 0.0031063962 -0.0014001125 0.0000024362 0.0061332417 0.0000046197 0.0025355217
1413393292.30588 -2.986962 -1.178554 -0.204326 0.759661 -0.258009 0.561049 0.203888 0.0003710990 0.0000079827 -0.0001111759 0.0000003636 -0.0000023940 0.0000335262 0.0031097927 -0.0014034549 0.0000024010 0.0061278582 0.0000045895 0.0025354956
1413393292.35588 -2.985105 -1.180737 -0.194737 0.759453 -0.256272 0.562765 0.202118 0.0003716804 0.0000073300 -0.0001103339 0.0000003365 -0.0000021780 0.0000329724 0.0031120266 -0.0014053851 0.0000023682 0.0061231806 0.0000045562 0.0025354739
1413393292.40587 -2.983387 -1.182158 -0.184920 0.758939 -0.255650 0.564743 0.199299 0.0003722426 0.0000054619 -0.0001095743 0.0000002721 -0.0000016094 0.0000324743 0.0031130496 -0.0014057964 0.0000023366 0.0061186677 0.0000045239 0.0025354586
1413393292.45587 -2.982140 -1.182373 -0.174610 0.758404 -0.254109 0.566600 0.198032 0.0003729854 0.0000049651 -0.0001084354 0.0000002581 -0.0000014447 0.0000317443 0.0031134172 -0.0014054916 0.0000023084 0.0061147379 0.0000044894 0.0025354368
1413393292.50587 -2.981401 -1.181674 -0.165604 0.759815 -0.252811 0.565965 0.196093 0.0003723163 0.0000047315 -0.0001094876 0.0000002521 -0.0000013923 0.0000324176 0.0031124578 -0.0014037891 0.0000022804 0.0061123042 0.0000044572 0.0025354184
1413393292.55586 -2.981013 -1.179940 -0.156754 0.760877 -0.251439 0.565539 0.194961 0.0003718841 0.0000049041 -0.0001101392 0.0000002565 -0.0000014530 0.0000328403 0.0031109869 -0.0014017517 0.0000022523 0.0061113870 0.0000044246 0.0025353975
1413393292.60586 -2.981583 -1.176775 -0.148539 0.763071 -0.249836 0.563730 0.193681 0.0003706814 0.0000055224 -0.0001119320 0.0000002741 -0.0000016679 0.0000340212 0.0031080323 -0.0013980229 0.0000022299 0.0061115642 0.0000043957 0.0025353802
1413393292.65586 -2.982802 -1.172278 -0.140227 0.765518 -0.247329 0.561499 0.193726 0.0003694308 0.0000074242 -0.0001136732 0.0000003410 -0.0000022848 0.0000351999 0.0031038044 -0.0013931398 0.0000022089 0.0061142062 0.0000043700 0.0025353659
1413393292.70586 -2.983709 -1.167041 -0.131786 0.767594 -0.245072 0.559736 0.193479 0.0003683638 0.0000088871 -0.0001151131 0.0000004062 -0.0000027776 0.0000361964 0.0030989745 -0.0013872907 0.0000021888 0.0061160802 0.0000043439 0.0025353531
1413393292.75586 -2.984444 -1.160461 -0.123732 0.769230 -0.242123 0.559054 0.192667 0.0003677613 0.0000100323 -0.0001158722 0.0000004654 -0.0000031612 0.0000367329 0.0030931758 -0.0013799871 0.0000021669 0.0061170664 0.0000043220 0.0025353439
1413393292.80587 -2.985775 -1.152913 -0.114220 0.769736 -0.239840 0.559568 0.192007 0.0003678818 0.0000105926 -0.0001156379 0.0000004967 -0.0000033297 0.0000365736 0.0030859465 -0.0013711696 0.0000021503 0.0061201735 0.0000042997 0.0025353353
1413393292.85588 -2.987042 -1.143861 -0.103598 0.769466 -0.237488 0.561327 0.190878 0.0003686175 0.0000105852 -0.0001145642 0.0000004955 -0.0000032896 0.0000358303 0.0030777940 -0.0013610039 0.0000021351 0.0061230028 0.0000042772 0.0025353250
1413393292.90588 -2.986959 -1.133920 -0.094196 0.769244 -0.235154 0.563166 0.189236 0.0003693531 0.0000102835 -0.0001135326 0.0000004800 -0.0000031607 0.0000351242 0.0030685421 -0.0013490594 0.0000020986 0.0061256401 0.0000042557 0.0025353800
1413393292.95588 -2.986698 -1.122737 -0.084577 0.768936 -0.234250 0.565058 0.185939 0.0003698815 0.0000083311 -0.0001129252 0.0000003832 -0.0000025429 0.0000347045 0.0030586538 -0.0013355525 0.0000020621 0.0061252633 0.0000042357 0.0025354491
1413393293.05588 -2.986612 -1.097008 -0.065526 0.770201 -0.232497 0.566139 0.179506 0.0003694793 0.0000052525 -0.0001137306 0.0000002743 -0.0000016157 0.0000352411 0.0030363408 -0.0013045415 0.0000019826 0.0061246976 0.0000042004 0.0025356504
1413393293.10588 -2.987132 -1.082773 -0.055784 0.771229 -0.231635 0.565986 0.176666 0.0003689475 0.0000041026 -0.0001145657 0.0000002472 -0.0000012727 0.0000358109 0.0030242476 -0.0012876859 0.0000019447 0.0061258020 0.0000041942 0.0025357688
1413393293.15588 -2.987790 -1.067509 -0.045743 0.771708 -0.231957 0.566472 0.172548 0.0003685642 0.0000014848 -0.0001151948 0.0000002095 -0.0000004624 0.0000362425 0.0030116238 -0.0012699290 0.0000019039 0.0061273673 0.0000042003 0.0025358880
1413393293.20588 -2.989724 -1.051396 -0.033962 0.772407 -0.231453 0.566469 0.170088 0.0003681501 0.0000003249 -0.0001158065 0.0000002055 -0.0000001003 0.0000366689 0.0029983571 -0.0012512780 0.0000018725 0.0061297813 0.0000042371 0.0025359441
1413393293.25588 -2.991362 -1.034108 -0.022900 0.772560 -0.232333 0.567089 0.166079 0.0003678297 -0.0000025339 -0.0001162451 0.0000002244 0.0000008032 0.0000369795 0.0029846113 -0.0012320332 0.0000018270 0.0061350678 0.0000042746 0.0025360074
1413393293.30588 -2.993794 -1.016278 -0.013066 0.773465 -0.232530 0.566656 0.163042 0.0003670719 -0.0000042382 -0.0001172752 0.0000002576 0.0000013569 0.0000377129 0.0029702052 -0.0012114353 0.0000017757 0.0061398700 0.0000043326 0.0025360269
1413393293.35588 -2.996587 -0.997626 -0.006080 0.772677 -0.233921 0.568278 0.159096 0.0003672492 -0.0000075819 -0.0001168649 0.0000003670 0.0000024162 0.0000374348 0.0029558044 -0.0011907895 0.0000017315 0.0061470403 0.0000043793 0.0025360544
1413393293.40588 -2.999973 -0.978682 -0.001885 0.772407 -0.235308 0.569095 0.155395 0.0003669895 -0.0000105664 -0.0001170067 0.0000005164 0.0000033729 0.0000375534 0.0029410539 -0.0011692984 0.0000016973 0.0061550697 0.0000044243 0.0025360647
1413393293.45588 -3.003715 -0.959757 0.000107 0.771991 -0.236997 0.569876 0.151997 0.0003667261 -0.0000135165 -0.0001170806 0.0000007121 0.0000043198 0.0000376291 0.0029267674 -0.0011482443 0.0000016703 0.0061644490 0.0000044621 0.0025360672
1413393293.50588 -3.008663 -0.940889 0.000103 0.772503 -0.237602 0.569240 0.150833 0.0003661300 -0.0000142898 -0.0001178279 0.0000007733 0.0000046034 0.0000381714 0.0029127340 -0.0011272398 0.0000016667 0.0061745089 0.0000044839 0.0025360380
1413393293.55588 -3.013109 -0.922422 -0.002036 0.773404 -0.236534 0.568143 0.152025 0.0003658106 -0.0000127950 -0.0001184479 0.0000006646 0.0000041472 0.0000386069 0.0028990654 -0.0011067135 0.0000016608 0.0061874533 0.0000045020 0.0025360262
1413393293.60588 -3.018062 -0.904169 -0.005416 0.774632 -0.234321 0.566637 0.154794 0.0003655723 -0.0000097574 -0.0001190702 0.0000004789 0.0000031815 0.0000390381 0.0028857884 -0.0010862164 0.0000016636 0.0061997670 0.0000045111 0.0025360110
1413393293.65587 -3.023191 -0.885402 -0.009108 0.776528 -0.231830 0.564020 0.158562 0.0003648388 -0.0000057388 -0.0001203300 0.0000003093 0.0000018951 0.0000399443 0.0028728687 -0.0010660925 0.0000017004 0.0062131769 0.0000044865 0.0025359516
1413393293.70587 -3.028426 -0.867330 -0.012037 0.778862 -0.228510 0.561031 0.162483 0.0003638661 -0.0000011368 -0.0001217675 0.0000002241 0.0000003816 0.0000410092 0.0028598523 -0.0010450049 0.0000017056 0.0062262330 0.0000044863 0.0025359515
1413393293.75587 -3.033609 -0.848947 -0.014080 0.780633 -0.225679 0.558794 0.165619 0.0003630926 0.0000025627 -0.0001227702 0.0000002401 -0.0000008664 0.0000417733 0.0028474329 -0.0010243369 0.0000017126 0.0062388744 0.0000044827 0.0025359501
1413393293.80587 -3.038912 -0.829738 -0.015418 0.781692 -0.223696 0.557382 0.168058 0.0003626355 0.0000052353 -0.0001232860 0.0000002989 -0.0000017806 0.0000421772 0.0028349737 -0.0010030305 0.0000017230 0.0062516999 0.0000044651 0.0025359427
1413393293.85587 -3.043713 -0.809974 -0.016107 0.782711 -0.222155 0.556312 0.168898 0.0003621231 0.0000067069 -0.0001238832 0.0000003489 -0.0000022958 0.0000426457 0.0028220561 -0.0009801401 0.0000017354 0.0062642178 0.0000044548 0.0025359388
1413393293.90587 -3.047998 -0.789300 -0.015646 0.783437 -0.220794 0.555627 0.169577 0.0003618041 0.0000079027 -0.0001242280 0.0000003987 -0.0000027153 0.0000429210 0.0028091790 -0.0009563763 0.0000017449 0.0062749443 0.0000044506 0.0025359415
1413393293.95587 -3.051933 -0.767932 -0.014323 0.784392 -0.219269 0.554481 0.170884 0.0003612890 0.0000096461 -0.0001247687 0.0000004850 -0.0000033337 0.0000433560 0.0027961638 -0.0009313493 0.0000017511 0.0062841638 0.0000044465 0.0025359465
1413393294.00587 -3.054785 -0.746144 -0.012614 0.784565 -0.218379 0.554605 0.170827 0.0003613336 0.0000100026 -0.0001246857 0.0000005049 -0.0000034545 0.0000432944 0.0027830042 -0.0009050404 0.0000017609 0.0062918464 0.0000044299 0.0025359355
1413393294.05586 -3.057382 -0.723206 -0.009876 0.784733 -0.217764 0.554587 0.170896 0.0003613316 0.0000103242 -0.0001246676 0.0000005242 -0.0000035653 0.0000432833 0.0027701051 -0.0008780452 0.0000017597 0.0062972569 0.0000044297 0.0025359431
1413393294.10586 -3.059254 -0.699465 -0.006019 0.782591 -0.217199 0.557834 0.170871 0.0003632472 0.0000097534 -0.0001222400 0.0000004923 -0.0000032854 0.0000414062 0.0027570011 -0.0008495258 0.0000017613 0.0063020103 0.0000044319 0.0025359570
1413393294.15586 -3.060678 -0.674866 -0.001493 0.779451 -0.217378 0.562383 0.170084 0.0003657899 0.0000080652 -0.0001189545 0.0000004094 -0.0000026258 0.0000389531 0.0027439347 -0.0008198485 0.0000017615 0.0063055021 0.0000044363 0.0025359713
1413393294.20586 -3.061995 -0.649437 0.003268 0.776303 -0.218262 0.566765 0.168798 0.0003681082 0.0000057866 -0.0001158480 0.0000003237 -0.0000018238 0.0000367274 0.0027309033 -0.0007889830 0.0000017606 0.0063084949 0.0000044434 0.0025359861
1413393294.25586 -3.063510 -0.623092 0.007380 0.775434 -0.218885 0.567656 0.168991 0.0003686495 0.0000053640 -0.0001150941 0.0000003109 -0.0000016774 0.0000362018 0.0027179915 -0.0007572497 0.0000017630 0.0063123798 0.0000044427 0.0025359844
1413393294.30586 -3.065392 -0.596281 0.011263 0.775987 -0.219133 0.566568 0.169780 0.0003681624 0.0000059865 -0.0001157712 0.0000003313 -0.0000018856 0.0000366755 0.0027051877 -0.0007242681 0.0000017587 0.0063170077 0.0000044499 0.0025360034
1413393294.35587 -3.067442 -0.568769 0.014403 0.777122 -0.220135 0.564480 0.170250 0.0003670819 0.0000063254 -0.0001172922 0.0000003442 -0.0000020246 0.0000377502 0.0026928309 -0.0006908701 0.0000017531 0.0063221571 0.0000044574 0.0025360236
1413393294.40587 -3.069360 -0.540514 0.017567 0.778474 -0.220567 0.562059 0.171515 0.0003659068 0.0000074702 -0.0001188648 0.0000003886 -0.0000024307 0.0000388874 0.0026807418 -0.0006564362 0.0000017389 0.0063273681 0.0000044655 0.0025360393
1413393294.45587 -3.071500 -0.511579 0.020172 0.779743 -0.220915 0.559531 0.173560 0.0003647550 0.0000091291 -0.0001203215 0.0000004654 -0.0000030161 0.0000399661 0.0026690461 -0.0006212146 0.0000017357 0.0063318376 0.0000044563 0.0025360523
1413393294.50587 -3.072834 -0.481963 0.022715 0.781326 -0.221986 0.556604 0.174484 0.0003632157 0.0000099113 -0.0001223169 0.0000005086 -0.0000033429 0.0000414695 0.0026577880 -0.0005849254 0.0000017298 0.0063358599 0.0000044615 0.0025360768
1413393294.55587 -3.073596 -0.451602 0.025026 0.782141 -0.223811 0.554752 0.174397 0.0003621592 0.0000094966 -0.0001237328 0.0000004883 -0.0000032499 0.0000425536 0.0026470541 -0.0005477693 0.0000017219 0.0063378680 0.0000044676 0.0025361029
1413393294.60587 -3.073950 -0.420783 0.027017 0.782297 -0.226520 0.553840 0.173093 0.0003614762 0.0000077440 -0.0001247363 0.0000004057 -0.0000026775 0.0000433247 0.0026368468 -0.0005097514 0.0000017089 0.0063386054 0.0000044748 0.0025361192
1413393294.65587 -3.073904 -0.389514 0.028878 0.781758 -0.229577 0.554083 0.170710 0.0003612923 0.0000049056 -0.0001251210 0.0000003074 -0.0000017037 0.0000436140 0.0026273015 -0.0004711312 0.0000017017 0.0063388031 0.0000044841 0.0025361481
1413393294.70587 -3.073560 -0.357861 0.030628 0.781496 -0.232861 0.554043 0.167558 0.0003607669 0.0000015979 -0.0001258774 0.0000002489 -0.0000005617 0.0000442048 0.0026184745 -0.0004321056 0.0000016938 0.0063382964 0.0000044950 0.0025361775
1413393294.75587 -3.072951 -0.326213 0.032351 0.780409 -0.236193 0.554984 0.164828 0.0003608411 -0.0000017458 -0.0001257890 0.0000002513 0.0000006051 0.0000441352 0.0026104389 -0.0003929357 0.0000016857 0.0063370801 0.0000045074 0.0025362075
1413393294.80587 -3.072099 -0.294592 0.033892 0.779243 -0.239844 0.556057 0.161418 0.0003608097 -0.0000056655 -0.0001257207 0.0000003330 0.0000019714 0.0000440924 0.0026032588 -0.0003538966 0.0000016809 0.0063351446 0.0000045201 0.0025362398
1413393294.85587 -3.071029 -0.263290 0.035498 0.779290 -0.241983 0.555702 0.159205 0.0003601465 -0.0000078118 -0.0001264426 0.0000004139 0.0000027404 0.0000446797 0.0025969054 -0.0003151497 0.0000016739 0.0063327313 0.0000045213 0.0025362555
1413393294.90587 -3.069899 -0.232610 0.037610 0.779593 -0.243093 0.554754 0.159337 0.0003595968 -0.0000079858 -0.0001271216 0.0000004229 0.0000028208 0.0000452279 0.0025914958 -0.0002772876 0.0000016670 0.0063299464 0.0000045327 0.0025362910
1413393294.95587 -3.068428 -0.202588 0.039987 0.780171 -0.242406 0.553641 0.161413 0.0003593695 -0.0000061758 -0.0001275097 0.0000003528 0.0000021884 0.0000455326 0.0025869348 -0.0002402269 0.0000016568 0.0063266030 0.0000045426 0.0025363256
1413393295.00587 -3.066828 -0.173152 0.042695 0.781352 -0.240174 0.552100 0.164286 0.0003590379 -0.0000030826 -0.0001280350 0.0000002739 0.0000010955 0.0000459495 0.0025831282 -0.0002035424 0.0000016375 0.0063223851 0.0000045510 0.0025363534
1413393295.05587 -3.064717 -0.144218 0.046141 0.782098 -0.238270 0.550613 0.168450 0.0003589347 0.0000005661 -0.0001282002 0.0000002489 -0.0000002069 0.0000460811 0.0025800643 -0.0001679040 0.0000016215 0.0063184911 0.0000045366 0.0025363771
1413393295.10587 -3.062322 -0.115302 0.049940 0.782943 -0.236176 0.549268 0.171833 0.0003587167 0.0000038007 -0.0001284175 0.0000002893 -0.0000013663 0.0000462655 0.0025777434 -0.0001324231 0.0000016060 0.0063118997 0.0000045412 0.0025364136
1413393295.15587 -3.059176 -0.086214 0.053776 0.783105 -0.235687 0.549171 0.172074 0.0003587032 0.0000041888 -0.0001284285 0.0000002989 -0.0000015056 0.0000462762 0.0025760838 -0.0000966689 0.0000015891 0.0063043264 0.0000045475 0.0025364511
1413393295.20587 -3.055421 -0.057389 0.057659 0.782216 -0.236939 0.550167 0.171214 0.0003591716 0.0000028622 -0.0001278993 0.0000002737 -0.0000010247 0.0000458390 0.0025750911 -0.0000612280 0.0000015580 0.0062956052 0.0000045585 0.0025364727
1413393295.25587 -3.051120 -0.028438 0.061249 0.781823 -0.238948 0.550630 0.168710 0.0003590055 0.0000003843 -0.0001281410 0.0000002528 -0.0000001420 0.0000460336 0.0025747980 -0.0000259339 0.0000015397 0.0062851188 0.0000045706 0.0025365171
1413393295.30587 -3.046273 0.000288 0.064924 0.781166 -0.241167 0.551545 0.165578 0.0003589729 -0.0000026620 -0.0001281607 0.0000002735 0.0000009464 0.0000460527 0.0025751762 0.0000090064 0.0000015188 0.0062735310 0.0000045852 0.0025365596
1413393295.35587 -3.041161 0.028785 0.068763 0.780554 -0.243384 0.552141 0.163215 0.0003588542 -0.0000051886 -0.0001282354 0.0000003302 0.0000018509 0.0000461221 0.0025762110 0.0000434565 0.0000014983 0.0062606725 0.0000046005 0.0025366049
1413393295.40587 -3.035672 0.056737 0.072454 0.780198 -0.246468 0.552716 0.158268 0.0003581563 -0.0000095662 -0.0001288395 0.0000005123 0.0000034393 0.0000466467 0.0025778830 0.0000773169 0.0000014788 0.0062471476 0.0000046172 0.0025366558
1413393295.45587 -3.029508 0.083298 0.076648 0.779132 -0.248839 0.554049 0.155117 0.0003582347 -0.0000128194 -0.0001284697 0.0000007166 0.0000045964 0.0000463718 0.0025800747 0.0001099635 0.0000014539 0.0062331142 0.0000046230 0.0025366914
1413393295.50587 -3.023632 0.109553 0.080315 0.778212 -0.251769 0.555112 0.151159 0.0003578926 -0.0000167069 -0.0001284464 0.0000010394 0.0000059964 0.0000464005 0.0025827216 0.0001406660 0.0000014314 0.0062179547 0.0000046486 0.0025367463
1413393295.55587 -3.017813 0.134680 0.082992 0.777303 -0.253736 0.556520 0.147322 0.0003577664 -0.0000201753 -0.0001281097 0.0000013989 0.0000072260 0.0000461766 0.0025858549 0.0001709088 0.0000014098 0.0062035027 0.0000046750 0.0025368002
1413393295.60587 -3.012702 0.158935 0.083392 0.776625 -0.255519 0.557219 0.145157 0.0003575883 -0.0000224203 -0.0001279625 0.0000016687 0.0000080254 0.0000460953 0.0025893186 0.0001993754 0.0000013964 0.0061907515 0.0000046978 0.0025368548
1413393295.65587 -3.007890 0.182400 0.081974 0.776185 -0.256494 0.557868 0.143286 0.0003574737 -0.0000241136 -0.0001278007 0.0000018911 0.0000086241 0.0000459948 0.0025930276 0.0002271436 0.0000013842 0.0061795748 0.0000046916 0.0025368916
1413393295.70587 -3.004571 0.204901 0.078543 0.776274 -0.256614 0.557927 0.142357 0.0003572946 -0.0000247008 -0.0001279157 0.0000019738 0.0000088468 0.0000461014 0.0025971986 0.0002543306 0.0000013798 0.0061713682 0.0000047030 0.0025369427
1413393295.75587 -3.001372 0.225860 0.073040 0.776566 -0.255962 0.557609 0.143184 0.0003573574 -0.0000238439 -0.0001280123 0.0000018586 0.0000085450 0.0000461638 0.0026014045 0.0002792928 0.0000013791 0.0061642576 0.0000047081 0.0025369894
1413393295.80587 -2.998000 0.245498 0.066650 0.777323 -0.253583 0.556955 0.145830 0.0003577379 -0.0000210728 -0.0001280472 0.0000015100 0.0000075458 0.0000461411 0.0026056470 0.0003026027 0.0000013731 0.0061565846 0.0000047010 0.0025370148
1413393295.85587 -2.993348 0.263632 0.061427 0.779061 -0.249019 0.554999 0.151757 0.0003581634 -0.0000150240 -0.0001283840 0.0000008991 0.0000053876 0.0000463273 0.0026096300 0.0003244725 0.0000013602 0.0061487550 0.0000046208 0.0025369930
1413393295.90587 -2.990082 0.280641 0.055778 0.780812 -0.243988 0.552793 0.158816 0.0003584347 -0.0000081465 -0.0001286842 0.0000004552 0.0000029253 0.0000465093 0.0026137650 0.0003440993 0.0000013636 0.0061372042 0.0000046002 0.0025370305
1413393295.95587 -2.986248 0.297006 0.051245 0.782848 -0.238355 0.550283 0.165906 0.0003583674 -0.0000008459 -0.0001290293 0.0000002734 0.0000003033 0.0000467676 0.0026179994 0.0003632063 0.0000013660 0.0061283178 0.0000045729 0.0025370638
1413393296.00587 -2.981754 0.313125 0.047555 0.783900 -0.234268 0.548974 0.171018 0.0003584808 0.0000042865 -0.0001288326 0.0000003241 -0.0000015431 0.0000466126 0.0026223991 0.0003819484 0.0000013649 0.0061178160 0.0000045436 0.0025370929
1413393296.05587 -2.976359 0.329419 0.044874 0.785033 -0.231044 0.547356 0.175335 0.0003581759 0.0000086436 -0.0001289905 0.0000004827 -0.0000031165 0.0000467667 0.0026269982 0.0004005812 0.0000013612 0.0061051315 0.0000045001 0.0025371040
1413393296.10587 -2.970105 0.346205 0.043139 0.786058 -0.228660 0.546128 0.177681 0.0003577415 0.0000113857 -0.0001293091 0.0000006379 -0.0000041197 0.0000470547 0.0026320143 0.0004196496 0.0000013554 0.0060895540 0.0000044764 0.0025371352
1413393296.15587 -2.962854 0.363346 0.042109 0.786300 -0.228278 0.545718 0.178361 0.0003575876 0.0000120601 -0.0001294408 0.0000006836 -0.0000043698 0.0000471713 0.0026373866 0.0004389960 0.0000013460 0.0060720811 0.0000044569 0.0025371644
1413393296.20587 -2.954517 0.381096 0.042051 0.787151 -0.227805 0.544376 0.179314 0.0003568952 0.0000131547 -0.0001301678 0.0000007630 -0.0000048022 0.0000477927 0.0026431631 0.0004586814 0.0000013341 0.0060522889 0.0000044424 0.0025371946
1413393296.25587 -2.945115 0.399328 0.042565 0.788046 -0.227786 0.543205 0.178954 0.0003561075 0.0000132719 -0.0001310907 0.0000007738 -0.0000048898 0.0000485763 0.0026493692 0.0004789130 0.0000013081 0.0060293570 0.0000044269 0.0025372147
1413393296.30587 -2.934591 0.418121 0.043859 0.788388 -0.227944 0.542485 0.179435 0.0003557401 0.0000136466 -0.0001314891 0.0000008038 -0.0000050481 0.0000489216 0.0026560182 0.0004991434 0.0000012883 0.0060042785 0.0000044232 0.0025372457
1413393296.35587 -2.923057 0.437567 0.045265 0.788234 -0.229884 0.542572 0.177359 0.0003555279 0.0000115780 -0.0001319416 0.0000006585 -0.0000043000 0.0000492873 0.0026632141 0.0005197969 0.0000012730 0.0059768152 0.0000044216 0.0025372812
1413393296.40587 -2.910597 0.457664 0.046590 0.787579 -0.233281 0.543284 0.173611 0.0003554365 0.0000077287 -0.0001323362 0.0000004505 -0.0000028794 0.0000495946 0.0026708399 0.0005405027 0.0000012529 0.0059474391 0.0000044302 0.0025373182
1413393296.45587 -2.897820 0.478061 0.046414 0.786845 -0.237711 0.543634 0.169795 0.0003550500 0.0000034494 -0.0001329639 0.0000003166 -0.0000012918 0.0000501177 0.0026787948 0.0005616445 0.0000012124 0.0059168876 0.0000044342 0.0025373241
1413393296.50587 -2.884217 0.498044 0.043861 0.785550 -0.243060 0.544052 0.166854 0.0003547868 -0.0000007421 -0.0001333152 0.0000002860 0.0000002804 0.0000504198 0.0026874032 0.0005827340 0.0000012070 0.0058870379 0.0000044322 0.0025373744
1413393296.55587 -2.870654 0.517859 0.038791 0.783724 -0.248810 0.544411 0.165791 0.0003547709 -0.0000040549 -0.0001332811 0.0000003321 0.0000015261 0.0000503976 0.0026960382 0.0006026922 0.0000012065 0.0058562394 0.0000044302 0.0025374222
1413393296.60587 -2.856677 0.537239 0.031114 0.781439 -0.254907 0.544993 0.165406 0.0003549714 -0.0000072075 -0.0001329254 0.0000004334 0.0000027030 0.0000501035 0.0027047950 0.0006218911 0.0000012093 0.0058247653 0.0000044284 0.0025374663
1413393296.65587 -2.842424 0.555338 0.020738 0.779390 -0.261033 0.544705 0.166463 0.0003549020 -0.0000093146 -0.0001328805 0.0000005326 0.0000034924 0.0000500806 0.0027134454 0.0006398508 0.0000012143 0.0057924121 0.0000044254 0.0025374977
1413393296.70587 -2.827944 0.573097 0.009263 0.776888 -0.267196 0.545015 0.167362 0.0003551260 -0.0000117094 -0.0001324396 0.0000006754 0.0000043728 0.0000497208 0.0027218141 0.0006561913 0.0000012252 0.0057594042 0.0000044166 0.0025375390
1413393296.75587 -2.813492 0.590349 -0.002576 0.775104 -0.272799 0.544518 0.168208 0.0003548410 -0.0000136292 -0.0001325900 0.0000008142 0.0000050995 0.0000498743 0.0027302340 0.0006717964 0.0000012459 0.0057259161 0.0000044025 0.0025375892
1413393296.80587 -2.798597 0.606725 -0.013013 0.773208 -0.277387 0.544521 0.169416 0.0003549684 -0.0000150728 -0.0001322933 0.0000009322 0.0000056251 0.0000496361 0.0027384944 0.0006863372 0.0000012693 0.0056927619 0.0000043813 0.0025376390
1413393296.85587 -2.782365 0.621567 -0.021791 0.771587 -0.280761 0.544288 0.171980 0.0003553449 -0.0000151197 -0.0001318574 0.0000009364 0.0000056185 0.0000492606 0.0027464176 0.0006996168 0.0000012742 0.0056592228 0.0000043565 0.0025376698
1413393296.90587 -2.766805 0.635571 -0.030704 0.770598 -0.283068 0.543639 0.174664 0.0003555007 -0.0000145060 -0.0001317515 0.0000008860 0.0000053842 0.0000491618 0.0027537597 0.0007105922 0.0000012944 0.0056226206 0.0000043273 0.0025377155
1413393296.95587 -2.751016 0.648341 -0.038952 0.769395 -0.284940 0.543366 0.177749 0.0003560247 -0.0000135844 -0.0001312453 0.0000008135 0.0000050159 0.0000487168 0.0027607486 0.0007205507 0.0000013123 0.0055879429 0.0000042948 0.0025377583
1413393297.00587 -2.734961 0.659798 -0.046202 0.768643 -0.286864 0.542425 0.180756 0.0003561457 -0.0000125263 -0.0001312147 0.0000007367 0.0000046232 0.0000486792 0.0027671721 0.0007289090 0.0000013272 0.0055529976 0.0000042631 0.0025378044
1413393297.05587 -2.715428 0.668572 -0.050892 0.767524 -0.289506 0.541457 0.184169 0.0003563927 -0.0000115118 -0.0001310192 0.0000006679 0.0000042406 0.0000485018 0.0027728596 0.0007358841 0.0000012676 0.0055172879 0.0000042419 0.0025377739
1413393297.10587 -2.699073 0.678036 -0.057468 0.766135 -0.292727 0.540787 0.186807 0.0003564736 -0.0000114173 -0.0001309375 0.0000006628 0.0000042027 0.0000484322 0.0027772152 0.0007385465 0.0000012780 0.0054740047 0.0000042112 0.0025378151
1413393297.15587 -2.682756 0.686982 -0.063827 0.765032 -0.295786 0.540026 0.188705 0.0003564071 -0.0000115517 -0.0001310089 0.0000006724 0.0000042555 0.0000484949 0.0027823659 0.0007435316 0.0000012875 0.0054387417 0.0000041832 0.0025378551
1413393297.20587 -2.666136 0.695251 -0.069776 0.763505 -0.299136 0.540307 0.188803 0.0003564921 -0.0000131568 -0.0001307625 0.0000007847 0.0000048362 0.0000483037 0.0027871466 0.0007475273 0.0000013039 0.0054033882 0.0000041521 0.0025379004
1413393297.25587 -2.649426 0.701482 -0.074922 0.761763 -0.302371 0.541097 0.188422 0.0003567464 -0.0000151293 -0.0001302533 0.0000009415 0.0000055351 0.0000478977 0.0027914435 0.0007504510 0.0000012966 0.0053677988 0.0000041366 0.0025379109
1413393297.30587 -2.632757 0.707841 -0.080267 0.760304 -0.304567 0.541754 0.188886 0.0003571415 -0.0000161493 -0.0001296660 0.0000010310 0.0000058752 0.0000474184 0.0027945487 0.0007511079 0.0000013046 0.0053327304 0.0000041144 0.0025379359
1413393297.35587 -2.616282 0.712969 -0.085444 0.759661 -0.305823 0.541505 0.190156 0.0003572758 -0.0000159692 -0.0001295325 0.0000010152 0.0000058020 0.0000473049 0.0027977135 0.0007517781 0.0000013076 0.0052978572 0.0000040958 0.0025379571
1413393297.40587 -2.598395 0.715723 -0.089811 0.758749 -0.306588 0.541869 0.191521 0.0003578204 -0.0000157120 -0.0001289109 0.0000009907 0.0000056738 0.0000467833 0.0027997993 0.0007512239 0.0000012331 0.0052626358 0.0000041537 0.0025378979
1413393297.45587 -2.581870 0.719217 -0.094436 0.758710 -0.306867 0.541007 0.193656 0.0003578532 -0.0000144268 -0.0001290249 0.0000008828 0.0000052149 0.0000468622 0.0028007140 0.0007475600 0.0000012291 0.0052254906 0.0000041328 0.0025379083
1413393297.50587 -2.565511 0.721861 -0.098867 0.758996 -0.305848 0.540301 0.196106 0.0003581112 -0.0000123778 -0.0001289308 0.0000007296 0.0000044694 0.0000467618 0.0028022741 0.0007452724 0.0000012380 0.0051910538 0.0000041048 0.0025379309
1413393297.55587 -2.548904 0.723827 -0.103399 0.758614 -0.305593 0.540702 0.196873 0.0003585450 -0.0000119969 -0.0001284458 0.0000007038 0.0000043111 0.0000463581 0.0028034412 0.0007423501 0.0000012431 0.0051572793 0.0000040794 0.0025379429
1413393297.60587 -2.532362 0.725114 -0.107864 0.758229 -0.305553 0.541149 0.197190 0.0003588766 -0.0000119658 -0.0001280486 0.0000007019 0.0000042831 0.0000460322 0.0028040953 0.0007384878 0.0000012472 0.0051232913 0.0000040567 0.0025379496
1413393297.65587 -2.515468 0.725726 -0.111911 0.757372 -0.306354 0.542532 0.195433 0.0003591954 -0.0000137531 -0.0001274793 0.0000008294 0.0000048959 0.0000455858 0.0028044911 0.0007344313 0.0000012034 0.0050898631 0.0000040742 0.0025378945
1413393297.70587 -2.498759 0.726110 -0.115969 0.756418 -0.307519 0.544087 0.192960 0.0003593925 -0.0000162083 -0.0001269509 0.0000010347 0.0000057415 0.0000451878 0.0028044057 0.0007292829 0.0000012127 0.0050560605 0.0000040525 0.0025379161
1413393297.75587 -2.482210 0.725769 -0.120039 0.754863 -0.308385 0.546476 0.190907 0.0003601457 -0.0000185569 -0.0001256940 0.0000012608 0.0000064938 0.0000442124 0.0028041604 0.0007239771 0.0000012218 0.0050231308 0.0000040335 0.0025379335
1413393297.80587 -2.466120 0.724508 -0.124263 0.753627 -0.309177 0.548505 0.188674 0.0003606276 -0.0000208435 -0.0001247299 0.0000015101 0.0000072275 0.0000434846 0.0028033741 0.0007179069 0.0000012304 0.0049910802 0.0000040158 0.0025379448
1413393297.85587 -2.450818 0.722452 -0.128552 0.751929 -0.309708 0.551058 0.187133 0.0003615620 -0.0000228269 -0.0001231887 0.0000017473 0.0000077968 0.0000423160 0.0028020901 0.0007112999 0.0000012390 0.0049608374 0.0000039991 0.0025379502
1413393297.90587 -2.436181 0.719583 -0.132972 0.751714 -0.309460 0.551895 0.185934 0.0003617125 -0.0000236463 -0.0001228435 0.0000018525 0.0000080508 0.0000420643 0.0028002756 0.0007040876 0.0000012451 0.0049322025 0.0000039835 0.0025379490
1413393297.95587 -2.422250 0.715672 -0.137247 0.751819 -0.309052 0.552340 0.184869 0.0003616975 -0.0000241779 -0.0001227673 0.0000019233 0.0000082273 0.0000420152 0.0027978892 0.0006961878 0.0000012497 0.0049050979 0.0000039683 0.0025379448
1413393298.00587 -2.409386 0.711544 -0.142330 0.751865 -0.308770 0.552638 0.184258 0.0003616963 -0.0000244929 -0.0001227095 0.0000019654 0.0000083312 0.0000419758 0.0027948640 0.0006877265 0.0000012355 0.0048797944 0.0000039902 0.0025378729
1413393298.05587 -2.397229 0.706172 -0.146571 0.752405 -0.308076 0.552536 0.183520 0.0003615160 -0.0000245015 -0.0001229473 0.0000019677 0.0000083550 0.0000421589 0.0027919705 0.0006796658 0.0000012313 0.0048566434 0.0000039786 0.0025378570
1413393298.10587 -2.385915 0.699775 -0.150690 0.753823 -0.307432 0.550879 0.183765 0.0003607507 -0.0000234767 -0.0001241344 0.0000018352 0.0000081010 0.0000430622 0.0027880955 0.0006702600 0.0000012354 0.0048352349 0.0000039628 0.0025378470
1413393298.15587 -2.375317 0.692325 -0.155131 0.756190 -0.306191 0.548311 0.183789 0.0003594365 -0.0000219652 -0.0001260687 0.0000016499 0.0000077270 0.0000445670 0.0027837412 0.0006601690 0.0000012375 0.0048144990 0.0000039490 0.0025378329
1413393298.20587 -2.365105 0.683944 -0.159787 0.759124 -0.304162 0.544878 0.185266 0.0003580401 -0.0000190193 -0.0001282627 0.0000013180 0.0000068362 0.0000463002 0.0027787283 0.0006492086 0.0000012382 0.0047952867 0.0000039363 0.0025378173
1413393298.25588 -2.355262 0.674702 -0.164393 0.761629 -0.301458 0.541810 0.188378 0.0003572181 -0.0000150187 -0.0001297791 0.0000009386 0.0000054785 0.0000475025 0.0027732037 0.0006374555 0.0000012265 0.0047760770 0.0000039369 0.0025377633
1413393298.30588 -2.344754 0.664717 -0.168916 0.764783 -0.297799 0.538208 0.191713 0.0003561079 -0.0000102798 -0.0001315517 0.0000006041 0.0000038189 0.0000489526 0.0027675771 0.0006253582 0.0000012294 0.0047569251 0.0000039273 0.0025377524
1413393298.35588 -2.334060 0.654036 -0.173456 0.767810 -0.293842 0.534610 0.195749 0.0003550360 -0.0000050635 -0.0001330978 0.0000003798 0.0000019186 0.0000502540 0.0027615804 0.0006123919 0.0000012318 0.0047366186 0.0000039206 0.0025377420
1413393298.40588 -2.322724 0.642860 -0.177948 0.770047 -0.289240 0.531937 0.201025 0.0003546775 0.0000008016 -0.0001336051 0.0000003097 -0.0000002829 0.0000506870 0.0027554230 0.0005989379 0.0000012340 0.0047153435 0.0000039152 0.0025377273
1413393298.45588 -2.310253 0.631722 -0.181973 0.771017 -0.284200 0.531305 0.206101 0.0003553691 0.0000060883 -0.0001326813 0.0000004126 -0.0000022553 0.0000498967 0.0027493539 0.0005852631 0.0000012363 0.0046920449 0.0000039119 0.0025377094
1413393298.50588 -2.296631 0.620668 -0.185559 0.771164 -0.280080 0.531725 0.210072 0.0003563795 0.0000100219 -0.0001312722 0.0000005906 -0.0000036744 0.0000487121 0.0027434781 0.0005715823 0.0000012394 0.0046668458 0.0000039100 0.0025376918
1413393298.55588 -2.281892 0.610070 -0.188855 0.770474 -0.277465 0.533097 0.212579 0.0003576486 0.0000121646 -0.0001295913 0.0000007229 -0.0000043908 0.0000473130 0.0027378761 0.0005580119 0.0000012346 0.0046393485 0.0000039122 0.0025376645
1413393298.60588 -2.265978 0.600170 -0.191976 0.769525 -0.276760 0.535134 0.211817 0.0003587164 0.0000114402 -0.0001283745 0.0000006745 -0.0000040764 0.0000462977 0.0027327575 0.0005449818 0.0000012345 0.0046103269 0.0000039093 0.0025376542
1413393298.65587 -2.248459 0.591172 -0.194656 0.768571 -0.277905 0.537289 0.208299 0.0003593576 0.0000082929 -0.0001278371 0.0000005013 -0.0000029310 0.0000458323 0.0027281205 0.0005325095 0.0000012328 0.0045791052 0.0000039111 0.0025376398
1413393298.70587 -2.230233 0.582737 -0.197050 0.766997 -0.280703 0.540004 0.203266 0.0003599740 0.0000033935 -0.0001273067 0.0000003424 -0.0000011790 0.0000453784 0.0027238660 0.0005203703 0.0000012317 0.0045458637 0.0000039097 0.0025376335
1413393298.75587 -2.211462 0.574537 -0.199173 0.765621 -0.283618 0.542393 0.197978 0.0003602538 -0.0000016263 -0.0001269993 0.0000003185 0.0000005967 0.0000451267 0.0027198404 0.0005085873 0.0000012287 0.0045123873 0.0000039080 0.0025376329
1413393298.80587 -2.192434 0.566314 -0.200846 0.764247 -0.286233 0.544406 0.193959 0.0003605017 -0.0000056951 -0.0001265775 0.0000004018 0.0000020250 0.0000447996 0.0027157927 0.0004967208 0.0000012249 0.0044786804 0.0000039064 0.0025376335
1413393298.85587 -2.173431 0.558149 -0.201674 0.763055 -0.288517 0.546089 0.190505 0.0003606332 -0.0000091983 -0.0001262077 0.0000005467 0.0000032460 0.0000445243 0.0027117571 0.0004850256 0.0000012153 0.0044450788 0.0000039113 0.0025376099
1413393298.90587 -2.154520 0.549791 -0.202341 0.761976 -0.290546 0.547273 0.188329 0.0003607361 -0.0000117373 -0.0001258716 0.0000006946 0.0000041239 0.0000442774 0.0027077276 0.0004733333 0.0000012074 0.0044125594 0.0000039075 0.0025376144
1413393298.95587 -2.135946 0.541061 -0.203157 0.761446 -0.292843 0.547364 0.186643 0.0003603107 -0.0000137627 -0.0001262032 0.0000008389 0.0000048503 0.0000445623 0.0027036557 0.0004616277 0.0000011966 0.0043806267 0.0000039050 0.0025376203
1413393299.00587 -2.117358 0.531934 -0.203474 0.760617 -0.294748 0.547877 0.185519 0.0003602574 -0.0000154521 -0.0001260781 0.0000009766 0.0000054387 0.0000444822 0.0026994722 0.0004497559 0.0000011850 0.0043492377 0.0000039009 0.0025376293
1413393299.05588 -2.099171 0.522300 -0.203451 0.760559 -0.295818 0.547108 0.186316 0.0003599786 -0.0000152831 -0.0001264498 0.0000009627 0.0000054001 0.0000447782 0.0026950834 0.0004375732 0.0000011672 0.0043184418 0.0000038949 0.0025376228
1413393299.10588 -2.081258 0.512109 -0.203035 0.760062 -0.295815 0.547001 0.188649 0.0003604977 -0.0000139622 -0.0001259588 0.0000008546 0.0000049103 0.0000443710 0.0026905159 0.0004250798 0.0000011543 0.0042881903 0.0000038914 0.0025376248
1413393299.15587 -2.063443 0.501478 -0.202515 0.759607 -0.294066 0.546772 0.193812 0.0003616677 -0.0000102733 -0.0001248411 0.0000006054 0.0000035774 0.0000434535 0.0026858114 0.0004124386 0.0000011384 0.0042588867 0.0000038905 0.0025376170
1413393299.20587 -2.045593 0.490745 -0.201208 0.758354 -0.291272 0.547475 0.200824 0.0003637346 -0.0000054105 -0.0001224798 0.0000003937 0.0000018521 0.0000416021 0.0026812006 0.0003999045 0.0000011257 0.0042296952 0.0000038876 0.0025376140
1413393299.25587 -2.027491 0.480446 -0.199506 0.755851 -0.288575 0.550036 0.207063 0.0003665312 -0.0000016160 -0.0001188299 0.0000003202 0.0000005535 0.0000388826 0.0026768622 0.0003878277 0.0000011161 0.0042003170 0.0000038845 0.0025376073
1413393299.30587 -2.009715 0.470550 -0.197584 0.752289 -0.286144 0.554002 0.212754 0.0003698516 0.0000012809 -0.0001141202 0.0000003171 -0.0000003661 0.0000355672 0.0026728505 0.0003764737 0.0000011348 0.0041710028 0.0000038865 0.0025375677
1413393299.35587 -1.991901 0.461815 -0.195539 0.747963 -0.285515 0.558916 0.215975 0.0003730474 0.0000016083 -0.0001092940 0.0000003197 -0.0000004417 0.0000323730 0.0026693029 0.0003659946 0.0000011249 0.0041431664 0.0000038825 0.0025375627
1413393299.40587 -1.974397 0.454508 -0.193969 0.744452 -0.285645 0.562905 0.217567 0.0003753666 0.0000010005 -0.0001056054 0.0000003156 -0.0000002513 0.0000300619 0.0026663857 0.0003567669 0.0000011163 0.0041154256 0.0000038802 0.0025375578
1413393299.45587 -1.958280 0.448579 -0.192434 0.742205 -0.287109 0.565386 0.216884 0.0003764527 -0.0000009592 -0.0001038141 0.0000003155 0.0000002957 0.0000289792 0.0026640481 0.0003489027 0.0000011104 0.0040890874 0.0000038795 0.0025375487
1413393299.50587 -1.942384 0.443956 -0.191109 0.740858 -0.289233 0.566680 0.215283 0.0003767634 -0.0000033641 -0.0001032468 0.0000003433 0.0000009542 0.0000286441 0.0026622186 0.0003423227 0.0000011018 0.0040651174 0.0000038786 0.0025375463
1413393299.55587 -1.927381 0.440835 -0.189950 0.740784 -0.291926 0.566433 0.212536 0.0003760682 -0.0000060958 -0.0001042906 0.0000004124 0.0000017241 0.0000292735 0.0026609813 0.0003370225 0.0000010919 0.0040417753 0.0000038782 0.0025375464
1413393299.60586 -1.913487 0.439025 -0.188621 0.741340 -0.294631 0.565518 0.209277 0.0003749049 -0.0000088550 -0.0001060098 0.0000005230 0.0000025388 0.0000303292 0.0026602501 0.0003329634 0.0000010819 0.0040201769 0.0000038786 0.0025375489
1413393299.65586 -1.900750 0.438110 -0.187110 0.742204 -0.297733 0.564181 0.205396 0.0003733402 -0.0000119810 -0.0001082131 0.0000006987 0.0000035091 0.0000317209 0.0026598634 0.0003298375 0.0000010719 0.0040005148 0.0000038788 0.0025375527
1413393299.70586 -1.889224 0.437806 -0.184776 0.743789 -0.299561 0.561924 0.203179 0.0003716752 -0.0000132556 -0.0001106525 0.0000007872 0.0000039838 0.0000332999 0.0026597027 0.0003274073 0.0000010623 0.0039828366 0.0000038788 0.0025375572
1413393299.75586 -1.878878 0.438021 -0.181435 0.744431 -0.300206 0.561126 0.202079 0.0003710050 -0.0000138709 -0.0001115965 0.0000008331 0.0000042105 0.0000339259 0.0026597668 0.0003256609 0.0000010552 0.0039669912 0.0000038796 0.0025375554
1413393299.80586 -1.869676 0.438749 -0.177540 0.745130 -0.299120 0.560465 0.202949 0.0003709154 -0.0000126259 -0.0001118808 0.0000007440 0.0000038467 0.0000341057 0.0026599978 0.0003244905 0.0000010525 0.0039528756 0.0000038798 0.0025375503
1413393299.85587 -1.861156 0.439687 -0.173550 0.746392 -0.297738 0.559033 0.204289 0.0003705428 -0.0000107179 -0.0001126390 0.0000006241 0.0000032964 0.0000345998 0.0026603253 0.0003236640 0.0000010440 0.0039405888 0.0000038790 0.0025375548
1413393299.90587 -1.853478 0.440857 -0.169534 0.749165 -0.295622 0.555746 0.206168 0.0003693273 -0.0000075062 -0.0001146854 0.0000004662 0.0000023688 0.0000359734 0.0026607326 0.0003230872 0.0000010433 0.0039287478 0.0000038807 0.0025375494
1413393299.95587 -1.846350 0.442634 -0.165275 0.752375 -0.292675 0.551590 0.209815 0.0003679632 -0.0000026648 -0.0001168538 0.0000003325 0.0000008833 0.0000374715 0.0026612301 0.0003228530 0.0000010370 0.0039183813 0.0000038843 0.0025375466
1413393300.00587 -1.839218 0.445105 -0.160651 0.754812 -0.289269 0.548584 0.213631 0.0003671400 0.0000020693 -0.0001180224 0.0000003247 -0.0000006290 0.0000383036 0.0026621410 0.0003233660 0.0000010322 0.0039081485 0.0000038877 0.0025375511
1413393300.05587 -1.831826 0.448324 -0.156128 0.757477 -0.286182 0.545320 0.216688 0.0003659156 0.0000063088 -0.0001195614 0.0000004217 -0.0000020259 0.0000394313 0.0026632932 0.0003242536 0.0000010300 0.0038974196 0.0000038934 0.0025375518
1413393300.10587 -1.824064 0.452220 -0.151646 0.758994 -0.284752 0.543307 0.218318 0.0003650644 0.0000085409 -0.0001205781 0.0000005130 -0.0000027858 0.0000401923 0.0026647589 0.0003256118 0.0000010267 0.0038861950 0.0000038984 0.0025375558
1413393300.15587 -1.815402 0.457322 -0.147216 0.759540 -0.284944 0.543021 0.216875 0.0003646284 0.0000077632 -0.0001212156 0.0000004789 -0.0000025449 0.0000406635 0.0026666860 0.0003276030 0.0000010233 0.0038738285 0.0000039028 0.0025375621
1413393300.20587 -1.805994 0.463414 -0.142757 0.759735 -0.286597 0.543713 0.212229 0.0003641055 0.0000042428 -0.0001220837 0.0000003637 -0.0000013852 0.0000413022 0.0026690733 0.0003301685 0.0000010191 0.0038601808 0.0000039060 0.0025375707
1413393300.25587 -1.795967 0.470380 -0.138312 0.759547 -0.288277 0.545848 0.205021 0.0003637982 -0.0000011565 -0.0001225559 0.0000003189 0.0000004292 0.0000416546 0.0026718753 0.0003332236 0.0000010138 0.0038455472 0.0000039068 0.0025375804
1413393300.30587 -1.785338 0.478139 -0.133600 0.759749 -0.288680 0.548878 0.195392 0.0003633681 -0.0000075717 -0.0001228903 0.0000004746 0.0000026029 0.0000419291 0.0026749585 0.0003365600 0.0000010063 0.0038304820 0.0000039056 0.0025375926
1413393300.35587 -1.774747 0.486117 -0.128556 0.760330 -0.287831 0.551930 0.185541 0.0003628158 -0.0000135199 -0.0001230999 0.0000008231 0.0000046318 0.0000421338 0.0026782770 0.0003401307 0.0000009979 0.0038153738 0.0000039020 0.0025376061
1413393300.40587 -1.764009 0.493802 -0.123045 0.761694 -0.285395 0.554668 0.175257 0.0003619841 -0.0000188600 -0.0001234750 0.0000013045 0.0000064801 0.0000424854 0.0026814441 0.0003432516 0.0000009886 0.0038000030 0.0000038963 0.0025376158
1413393300.45587 -1.753245 0.500932 -0.116902 0.763411 -0.281410 0.557648 0.164442 0.0003611952 -0.0000238634 -0.0001236242 0.0000019016 0.0000082167 0.0000426793 0.0026844622 0.0003459625 0.0000009735 0.0037847277 0.0000038901 0.0025376322
1413393300.50587 -1.743089 0.507283 -0.110603 0.765530 -0.275158 0.560292 0.155964 0.0003609667 -0.0000264421 -0.0001233918 0.0000022647 0.0000090893 0.0000425462 0.0026871909 0.0003482334 0.0000009562 0.0037704384 0.0000038833 0.0025376445
1413393300.55587 -1.733476 0.513189 -0.104596 0.768041 -0.267305 0.562987 0.147332 0.0003608779 -0.0000283913 -0.0001230721 0.0000025643 0.0000097340 0.0000423370 0.0026895978 0.0003500501 0.0000009319 0.0037572087 0.0000038766 0.0025376547
1413393300.60587 -1.724522 0.518087 -0.098620 0.771184 -0.257520 0.565112 0.140027 0.0003610065 -0.0000285495 -0.0001228707 0.0000025912 0.0000097691 0.0000421836 0.0026918180 0.0003516242 0.0000009088 0.0037450254 0.0000038725 0.0025376719
1413393300.65587 -1.716356 0.521822 -0.092850 0.774783 -0.245942 0.566666 0.134583 0.0003614325 -0.0000266827 -0.0001227413 0.0000023056 0.0000091132 0.0000420449 0.0026934902 0.0003524526 0.0000008848 0.0037338332 0.0000038712 0.0025376837
1413393300.70587 -1.708719 0.524605 -0.086530 0.779198 -0.232794 0.567206 0.130131 0.0003616086 -0.0000232740 -0.0001232096 0.0000018358 0.0000079811 0.0000423421 0.0026947097 0.0003526224 0.0000008592 0.0037232296 0.0000038707 0.0025376956
1413393300.75587 -1.701647 0.526556 -0.079870 0.783411 -0.219171 0.567748 0.126068 0.0003618334 -0.0000194594 -0.0001235840 0.0000013866 0.0000066963 0.0000425705 0.0026955734 0.0003523327 0.0000008321 0.0037133016 0.0000038720 0.0025377079
1413393300.80586 -1.695600 0.527751 -0.073961 0.786872 -0.206200 0.568270 0.124031 0.0003623177 -0.0000148000 -0.0001236084 0.0000009462 0.0000050977 0.0000425297 0.0026961330 0.0003518514 0.0000008094 0.0037050491 0.0000038766 0.0025377142
1413393300.85586 -1.690005 0.528358 -0.070034 0.788995 -0.194286 0.569804 0.122735 0.0003633706 -0.0000104368 -0.0001226895 0.0000006429 0.0000035710 0.0000417830 0.0026964844 0.0003511868 0.0000007830 0.0036977102 0.0000038837 0.0025377212
1413393300.90586 -1.684043 0.528339 -0.068816 0.789948 -0.183853 0.572075 0.122105 0.0003648132 -0.0000065082 -0.0001210555 0.0000004605 0.0000022056 0.0000405254 0.0026965009 0.0003499730 0.0000007515 0.0036902114 0.0000038919 0.0025377283
1413393300.95586 -1.678125 0.528288 -0.070783 0.789876 -0.175559 0.574989 0.121091 0.0003664522 -0.0000038883 -0.0001189462 0.0000003866 0.0000013073 0.0000389620 0.0026964119 0.0003485557 0.0000007236 0.0036824024 0.0000039017 0.0025377300
1413393301.00586 -1.672546 0.528801 -0.075743 0.788697 -0.168793 0.578922 0.119643 0.0003685341 -0.0000024130 -0.0001160666 0.0000003614 0.0000008044 0.0000369041 0.0026963356 0.0003472309 0.0000007071 0.0036746208 0.0000039122 0.0025377198
1413393301.05586 -1.666681 0.529584 -0.082746 0.787116 -0.163221 0.583082 0.117570 0.0003706198 -0.0000018557 -0.0001130402 0.0000003553 0.0000006103 0.0000348245 0.0026966315 0.0003463834 0.0000006934 0.0036667388 0.0000039198 0.0025377131
1413393301.10586 -1.661003 0.530959 -0.091389 0.786147 -0.157863 0.586411 0.114777 0.0003721298 -0.0000016157 -0.0001107691 0.0000003532 0.0000005250 0.0000333159 0.0026972217 0.0003459402 0.0000006811 0.0036587119 0.0000039261 0.0025377062
1413393301.15586 -1.655239 0.533205 -0.102463 0.785446 -0.152402 0.589429 0.111451 0.0003733984 -0.0000015773 -0.0001088050 0.0000003526 0.0000005036 0.0000320454 0.0026980550 0.0003459419 0.0000006818 0.0036511279 0.0000039367 0.0025376828
1413393301.20586 -1.650410 0.535857 -0.115292 0.785439 -0.146758 0.591700 0.106954 0.0003741496 -0.0000019555 -0.0001076122 0.0000003565 0.0000006061 0.0000312894 0.0026993920 0.0003466665 0.0000006706 0.0036437826 0.0000039410 0.0025376830
1413393301.25586 -1.646536 0.539453 -0.128842 0.786203 -0.140681 0.593090 0.101671 0.0003743784 -0.0000024607 -0.0001072368 0.0000003624 0.0000007482 0.0000310525 0.0027010015 0.0003481360 0.0000006663 0.0036385609 0.0000039451 0.0025376763
1413393301.30587 -1.644998 0.544459 -0.141121 0.786746 -0.133690 0.594889 0.096259 0.0003748006 -0.0000025976 -0.0001065464 0.0000003626 0.0000007796 0.0000306194 0.0027029837 0.0003505714 0.0000007030 0.0036349434 0.0000039272 0.0025376493
1413393301.35587 -1.643311 0.549935 -0.153655 0.788130 -0.125627 0.595717 0.090505 0.0003748135 -0.0000024506 -0.0001065307 0.0000003612 0.0000007373 0.0000306066 0.0027058755 0.0003545993 0.0000007004 0.0036344788 0.0000039278 0.0025376453
1413393301.40586 -1.643044 0.556387 -0.165248 0.789427 -0.117744 0.596646 0.083400 0.0003747435 -0.0000031529 -0.0001066273 0.0000003724 0.0000009373 0.0000306645 0.0027088604 0.0003587001 0.0000006962 0.0036339854 0.0000039292 0.0025376494
1413393301.45586 -1.644146 0.563806 -0.176473 0.791135 -0.109378 0.596940 0.076190 0.0003743674 -0.0000036299 -0.0001072190 0.0000003817 0.0000010787 0.0000310306 0.0027122892 0.0003637210 0.0000006952 0.0036354545 0.0000039293 0.0025376570
1413393301.50586 -1.646120 0.572081 -0.186836 0.793859 -0.100164 0.595829 0.068870 0.0003732963 -0.0000036522 -0.0001089164 0.0000003827 0.0000011034 0.0000320998 0.0027162534 0.0003696876 0.0000006900 0.0036384545 0.0000039284 0.0025376688
1413393301.55586 -1.649120 0.581046 -0.196560 0.797966 -0.090449 0.592652 0.061902 0.0003711372 -0.0000030274 -0.0001122462 0.0000003719 0.0000009519 0.0000342679 0.0027206003 0.0003762882 0.0000006891 0.0036423478 0.0000039277 0.0025376782
1413393301.60586 -1.654113 0.591040 -0.204669 0.802348 -0.080039 0.588876 0.055290 0.0003686188 -0.0000018475 -0.0001159611 0.0000003556 0.0000006154 0.0000367976 0.0027253308 0.0003835858 0.0000007104 0.0036473585 0.0000039325 0.0025376658
1413393301.65586 -1.658696 0.601289 -0.212393 0.806515 -0.069165 0.585085 0.049252 0.0003661527 -0.0000003458 -0.0001194276 0.0000003463 0.0000001451 0.0000392713 0.0027307117 0.0003921044 0.0000006981 0.0036550504 0.0000039324 0.0025376821
1413393301.70586 -1.663693 0.611811 -0.219175 0.809285 -0.059377 0.582709 0.044526 0.0003645127 0.0000013116 -0.0001216354 0.0000003499 -0.0000004072 0.0000409054 0.0027360705 0.0004003633 0.0000006887 0.0036618818 0.0000039341 0.0025376925
1413393301.75586 -1.669368 0.622770 -0.224829 0.811839 -0.050681 0.580289 0.040164 0.0003628491 0.0000026885 -0.0001237981 0.0000003639 -0.0000008886 0.0000425524 0.0027418077 0.0004090731 0.0000007031 0.0036689489 0.0000039447 0.0025376659
1413393301.80587 -1.673420 0.634264 -0.230965 0.813481 -0.042723 0.578819 0.037314 0.0003618475 0.0000044338 -0.0001250359 0.0000003941 -0.0000015066 0.0000435181 0.0027478959 0.0004183669 0.0000007496 0.0036767572 0.0000039224 0.0025376050
1413393301.85587 -1.677233 0.646144 -0.236560 0.813892 -0.037200 0.578815 0.034178 0.0003617178 0.0000049187 -0.0001251857 0.0000004048 -0.0000016779 0.0000436352 0.0027543941 0.0004274675 0.0000007405 0.0036821020 0.0000039263 0.0025375946
1413393301.90587 -1.679797 0.658498 -0.241941 0.814425 -0.032308 0.578479 0.032108 0.0003614469 0.0000057732 -0.0001254912 0.0000004263 -0.0000019820 0.0000438770 0.0027612526 0.0004368687 0.0000007610 0.0036869626 0.0000039202 0.0025375601
1413393301.95587 -1.682356 0.671606 -0.246764 0.814870 -0.027951 0.578152 0.030770 0.0003611509 0.0000068713 -0.0001258119 0.0000004615 -0.0000023729 0.0000441330 0.0027685944 0.0004463431 0.0000007815 0.0036900474 0.0000039177 0.0025375233
1413393302.00587 -1.684648 0.685645 -0.251120 0.814405 -0.024901 0.578994 0.029849 0.0003616022 0.0000076238 -0.0001252009 0.0000004896 -0.0000026196 0.0000436519 0.0027764567 0.0004561680 0.0000007769 0.0036928812 0.0000039194 0.0025375076
1413393302.05587 -1.686308 0.700646 -0.255180 0.813883 -0.022503 0.579865 0.029062 0.0003620921 0.0000081455 -0.0001245468 0.0000005100 -0.0000027822 0.0000431399 0.0027852095 0.0004668246 0.0000007650 0.0036956033 0.0000039211 0.0025375025
1413393302.10587 -1.687467 0.716531 -0.258601 0.813725 -0.021462 0.580201 0.027525 0.0003622713 0.0000076525 -0.0001243527 0.0000004866 -0.0000026075 0.0000429838 0.0027947077 0.0004778268 0.0000007565 0.0036970228 0.0000039200 0.0025375017
1413393302.15587 -1.687788 0.733121 -0.261496 0.813355 -0.021708 0.580776 0.026098 0.0003626257 0.0000066073 -0.0001239596 0.0000004424 -0.0000022399 0.0000426709 0.0028048631 0.0004892987 0.0000007583 0.0036980576 0.0000039166 0.0025375031
1413393302.20587 -1.687864 0.750711 -0.263510 0.813253 -0.022383 0.580927 0.025370 0.0003627264 0.0000058728 -0.0001238721 0.0000004153 -0.0000019870 0.0000425983 0.0028157821 0.0005009896 0.0000007521 0.0036977137 0.0000039131 0.0025375070
1413393302.25587 -1.687753 0.768852 -0.264757 0.813287 -0.023905 0.580885 0.023783 0.0003627202 0.0000042295 -0.0001239532 0.0000003679 -0.0000014266 0.0000426535 0.0028275351 0.0005133226 0.0000007438 0.0036975140 0.0000039104 0.0025375144
1413393302.30587 -1.687352 0.787636 -0.265194 0.812416 -0.026034 0.582047 0.022900 0.0003634349 0.0000027018 -0.0001230748 0.0000003371 -0.0000008960 0.0000419719 0.0028397907 0.0005257952 0.0000007337 0.0036969527 0.0000039087 0.0025375232
1413393302.35587 -1.686144 0.806820 -0.265355 0.812359 -0.029495 0.582041 0.020738 0.0003634188 -0.0000002046 -0.0001231289 0.0000003138 0.0000000881 0.0000420084 0.0028526858 0.0005386849 0.0000007561 0.0036961407 0.0000039042 0.0025375104
1413393302.40587 -1.685911 0.826491 -0.264579 0.812212 -0.032209 0.582123 0.020166 0.0003634264 -0.0000017200 -0.0001231146 0.0000003209 0.0000006018 0.0000419976 0.0028659962 0.0005512114 0.0000007419 0.0036940667 0.0000039032 0.0025375243
1413393302.45586 -1.685723 0.846328 -0.262936 0.811976 -0.036019 0.582265 0.019130 0.0003634552 -0.0000040673 -0.0001230295 0.0000003575 0.0000013965 0.0000419365 0.0028799011 0.0005644404 0.0000007287 0.0036937127 0.0000039033 0.0025375382
1413393302.50586 -1.685434 0.866240 -0.260533 0.812146 -0.039774 0.581808 0.018340 0.0003631027 -0.0000062079 -0.0001234072 0.0000004170 0.0000021302 0.0000422334 0.0028941676 0.0005777100 0.0000007206 0.0036932512 0.0000039001 0.0025375497
1413393302.55586 -1.684946 0.886021 -0.257536 0.811996 -0.044474 0.581727 0.016696 0.0003628955 -0.0000093255 -0.0001234879 0.0000005499 0.0000031944 0.0000423123 0.0029086985 0.0005909122 0.0000007101 0.0036927779 0.0000039022 0.0025375632
1413393302.60586 -1.684764 0.905735 -0.253645 0.812280 -0.049171 0.581003 0.014784 0.0003622239 -0.0000125532 -0.0001240786 0.0000007454 0.0000043222 0.0000427948 0.0029233479 0.0006037695 0.0000006887 0.0036919061 0.0000039082 0.0025375809
1413393302.65586 -1.684537 0.925007 -0.249142 0.812774 -0.052764 0.580004 0.014494 0.0003614787 -0.0000142956 -0.0001248486 0.0000008748 0.0000049598 0.0000434133 0.0029379163 0.0006165798 0.0000006993 0.0036916319 0.0000038961 0.0025375837
1413393302.70586 -1.684130 0.943690 -0.243410 0.813194 -0.055218 0.579173 0.014977 0.0003609266 -0.0000150184 -0.0001254724 0.0000009347 0.0000052437 0.0000439131 0.0029525970 0.0006290624 0.0000006787 0.0036912746 0.0000039038 0.0025376018
1413393302.75586 -1.683602 0.961796 -0.237018 0.813535 -0.057680 0.578459 0.014789 0.0003603832 -0.0000161773 -0.0001260199 0.0000010360 0.0000056800 0.0000443621 0.0029669532 0.0006409039 0.0000006606 0.0036904075 0.0000039114 0.0025376180
1413393302.80586 -1.682631 0.978943 -0.229715 0.813350 -0.059682 0.578517 0.014785 0.0003603519 -0.0000170737 -0.0001259502 0.0000011193 0.0000059911 0.0000443180 0.0029809299 0.0006521400 0.0000006411 0.0036894091 0.0000039201 0.0025376364
1413393302.85586 -1.681428 0.995452 -0.221753 0.813598 -0.061364 0.578004 0.014312 0.0003599314 -0.0000180736 -0.0001263453 0.0000012185 0.0000063682 0.0000446477 0.0029944083 0.0006625532 0.0000006190 0.0036877228 0.0000039317 0.0025376572
1413393302.90586 -1.680042 1.011144 -0.213259 0.813691 -0.061998 0.577805 0.014334 0.0003597866 -0.0000183177 -0.0001265001 0.0000012442 0.0000064645 0.0000447755 0.0030076045 0.0006724001 0.0000005950 0.0036855550 0.0000039465 0.0025376798
1413393302.95586 -1.678717 1.026008 -0.204730 0.814081 -0.062764 0.577169 0.014457 0.0003593595 -0.0000185302 -0.0001270070 0.0000012678 0.0000065732 0.0000451872 0.0030200567 0.0006815552 0.0000005858 0.0036833772 0.0000039531 0.0025376899
1413393303.00586 -1.676844 1.039720 -0.195850 0.814139 -0.061753 0.577145 0.016329 0.0003595460 -0.0000169313 -0.0001270106 0.0000011106 0.0000060049 0.0000451675 0.0030320466 0.0006901525 0.0000005667 0.0036812583 0.0000039663 0.0025377096
1413393303.05586 -1.674860 1.052579 -0.186854 0.813788 -0.060506 0.577740 0.017479 0.0003600529 -0.0000157097 -0.0001265503 0.0000009998 0.0000055452 0.0000447808 0.0030433241 0.0006978696 0.0000005499 0.0036785103 0.0000039791 0.0025377263
1413393303.10586 -1.673056 1.064854 -0.178132 0.813322 -0.059695 0.578435 0.018893 0.0003606128 -0.0000145457 -0.0001260009 0.0000009019 0.0000051058 0.0000443277 0.0030537877 0.0007048879 0.0000005382 0.0036757479 0.0000039847 0.0025377374
1413393303.15586 -1.670554 1.076349 -0.169500 0.813381 -0.058747 0.578424 0.019659 0.0003607056 -0.0000136424 -0.0001259953 0.0000008322 0.0000047886 0.0000443136 0.0030643108 0.0007119409 0.0000005307 0.0036732551 0.0000039913 0.0025377470
1413393303.20586 -1.667955 1.087279 -0.160407 0.812842 -0.058249 0.579229 0.019710 0.0003612275 -0.0000134426 -0.0001253700 0.0000008177 0.0000046887 0.0000438156 0.0030740501 0.0007180019 0.0000005218 0.0036699130 0.0000039979 0.0025377581
1413393303.25586 -1.665210 1.097262 -0.151589 0.813046 -0.057725 0.578977 0.020257 0.0003611272 -0.0000128824 -0.0001255589 0.0000007770 0.0000045022 0.0000439592 0.0030831198 0.0007237206 0.0000005681 0.0036663690 0.0000039528 0.0025377403
1413393303.30586 -1.662041 1.106926 -0.142220 0.813460 -0.055573 0.578487 0.023403 0.0003610974 -0.0000099200 -0.0001258744 0.0000005911 0.0000034804 0.0000441839 0.0030916794 0.0007285089 0.0000005605 0.0036623609 0.0000039614 0.0025377521
1413393303.35586 -1.658703 1.116220 -0.132506 0.814062 -0.052357 0.577725 0.028192 0.0003609538 -0.0000054709 -0.0001263347 0.0000004025 0.0000019361 0.0000445247 0.0031001621 0.0007330061 0.0000005545 0.0036578648 0.0000039687 0.0025377604
1413393303.40586 -1.655002 1.125359 -0.122616 0.814559 -0.049514 0.577031 0.032824 0.0003607582 -0.0000012881 -0.0001266990 0.0000003252 0.0000004728 0.0000448058 0.0031087600 0.0007374215 0.0000005492 0.0036531447 0.0000039775 0.0025377708
1413393303.45586 -1.651173 1.134726 -0.112294 0.815029 -0.047843 0.576328 0.035849 0.0003604382 0.0000013679 -0.0001271039 0.0000003270 -0.0000004626 0.0000451319 0.0031174729 0.0007416652 0.0000005431 0.0036479308 0.0000039871 0.0025377822
1413393303.50586 -1.647135 1.144325 -0.101133 0.814643 -0.046272 0.576833 0.038463 0.0003608269 0.0000036682 -0.0001265818 0.0000003603 -0.0000012675 0.0000447174 0.0031267683 0.0007461542 0.0000005376 0.0036424951 0.0000039965 0.0025377937
1413393303.55586 -1.642533 1.154324 -0.089666 0.814212 -0.046487 0.577282 0.040531 0.0003611691 0.0000048324 -0.0001261202 0.0000003888 -0.0000016682 0.0000443534 0.0031362344 0.0007506285 0.0000005341 0.0036368847 0.0000040029 0.0025378001
1413393303.60586 -1.637656 1.164882 -0.077069 0.813123 -0.046436 0.578714 0.042005 0.0003620943 0.0000056989 -0.0001249195 0.0000004150 -0.0000019468 0.0000434088 0.0031464936 0.0007550756 0.0000005301 0.0036300394 0.0000040118 0.0025378132
1413393303.65586 -1.632882 1.176154 -0.064049 0.811779 -0.047206 0.580517 0.042275 0.0003632140 0.0000054252 -0.0001234945 0.0000004075 -0.0000018249 0.0000423013 0.0031572884 0.0007599040 0.0000005359 0.0036233726 0.0000040173 0.0025378243
1413393303.70586 -1.628179 1.187881 -0.050701 0.811148 -0.048958 0.581260 0.042186 0.0003636948 0.0000045426 -0.0001229086 0.0000003845 -0.0000015148 0.0000418497 0.0031687424 0.0007652709 0.0000005322 0.0036174908 0.0000040271 0.0025378385
1413393303.75586 -1.623136 1.200050 -0.036804 0.811225 -0.050495 0.581081 0.041336 0.0003635797 0.0000033453 -0.0001231026 0.0000003599 -0.0000011116 0.0000419953 0.0031809642 0.0007709135 0.0000005289 0.0036113324 0.0000040382 0.0025378540
1413393303.80586 -1.618238 1.212530 -0.022127 0.810618 -0.051629 0.581871 0.040730 0.0003640467 0.0000024181 -0.0001225169 0.0000003467 -0.0000007921 0.0000415474 0.0031934943 0.0007765443 0.0000005242 0.0036050023 0.0000040504 0.0025378728
1413393303.85586 -1.613685 1.225576 -0.007367 0.810394 -0.054077 0.582099 0.038704 0.0003641171 0.0000000358 -0.0001224494 0.0000003314 0.0000000109 0.0000414946 0.0032061441 0.0007823461 0.0000005305 0.0035988632 0.0000040405 0.0025378811
1413393303.90586 -1.608942 1.238511 0.007498 0.810298 -0.056154 0.582191 0.036303 0.0003640754 -0.0000023790 -0.0001224862 0.0000003487 0.0000008242 0.0000415255 0.0032197860 0.0007886335 0.0000005260 0.0035931425 0.0000040546 0.0025379058
1413393303.95586 -1.604200 1.251190 0.021161 0.809934 -0.058800 0.582645 0.032768 0.0003641485 -0.0000057941 -0.0001222808 0.0000004272 0.0000019708 0.0000413807 0.0032328929 0.0007943365 0.0000005190 0.0035871360 0.0000040707 0.0025379323
1413393304.00586 -1.599346 1.263712 0.032217 0.810261 -0.061644 0.582065 0.029635 0.0003635559 -0.0000089617 -0.0001228664 0.0000005569 0.0000030550 0.0000418441 0.0032457455 0.0007998224 0.0000005168 0.0035811605 0.0000040703 0.0025379498
1413393304.05586 -1.594399 1.275539 0.040669 0.810150 -0.063541 0.582138 0.027113 0.0003634010 -0.0000113987 -0.0001228748 0.0000006956 0.0000038816 0.0000418696 0.0032584054 0.0008048521 0.0000005093 0.0035748536 0.0000040903 0.0025379808
1413393304.10586 -1.589579 1.286625 0.045620 0.811389 -0.064729 0.580352 0.025471 0.0003621818 -0.0000128123 -0.0001243221 0.0000007931 0.0000044264 0.0000430004 0.0032701966 0.0008093976 0.0000005030 0.0035689187 0.0000041112 0.0025380100
1413393304.15586 -1.584636 1.296879 0.047394 0.813740 -0.065242 0.576990 0.025570 0.0003601254 -0.0000127222 -0.0001269301 0.0000007910 0.0000045132 0.0000450675 0.0032810628 0.0008133635 0.0000004945 0.0035631397 0.0000041302 0.0025380373
1413393304.20586 -1.579508 1.306626 0.046870 0.816124 -0.064607 0.573676 0.025761 0.0003581011 -0.0000120822 -0.0001294676 0.0000007509 0.0000043977 0.0000471414 0.0032913312 0.0008164715 0.0000004872 0.0035564020 0.0000041521 0.0025380696
1413393304.25586 -1.574157 1.315927 0.044923 0.818556 -0.062472 0.570314 0.028367 0.0003562013 -0.0000092934 -0.0001319454 0.0000005870 0.0000034718 0.0000492134 0.0033009084 0.0008189981 0.0000004838 0.0035493700 0.0000041657 0.0025380971
1413393304.30586 -1.568372 1.325210 0.041471 0.820316 -0.060207 0.567877 0.031197 0.0003548522 -0.0000063902 -0.0001336744 0.0000004609 0.0000024362 0.0000506967 0.0033103707 0.0008211355 0.0000004808 0.0035418211 0.0000041679 0.0025381138
1413393304.35586 -1.562280 1.333462 0.036696 0.821923 -0.057220 0.565697 0.033981 0.0003536233 -0.0000032188 -0.0001351788 0.0000003764 0.0000012589 0.0000520187 0.0033202690 0.0008234130 0.0000004797 0.0035342513 0.0000041729 0.0025381359
1413393304.40586 -1.555466 1.341111 0.031944 0.822847 -0.054841 0.564467 0.035948 0.0003529352 -0.0000008897 -0.0001359853 0.0000003510 0.0000003705 0.0000527419 0.0033288925 0.0008244368 0.0000004823 0.0035256794 0.0000041716 0.0025381532
1413393304.45586 -1.548440 1.350586 0.028733 0.822979 -0.052274 0.564369 0.038215 0.0003529474 0.0000016370 -0.0001359703 0.0000003575 -0.0000006033 0.0000527298 0.0033371865 0.0008247839 0.0000005044 0.0035158656 0.0000041161 0.0025381388
1413393304.50586 -1.539943 1.357635 0.024554 0.822675 -0.050316 0.564940 0.038951 0.0003533550 0.0000028942 -0.0001355057 0.0000003753 -0.0000010831 0.0000523142 0.0033480287 0.0008263670 0.0000005111 0.0035062638 0.0000041089 0.0025381558
1413393304.55586 -1.531259 1.364873 0.021415 0.821368 -0.047873 0.566993 0.039781 0.0003546940 0.0000043697 -0.0001339700 0.0000004066 -0.0000016245 0.0000509513 0.0033558642 0.0008254838 0.0000005299 0.0034949683 0.0000040891 0.0025381546
1413393304.60586 -1.521743 1.371770 0.017946 0.820107 -0.045242 0.568879 0.041886 0.0003559507 0.0000067236 -0.0001324401 0.0000004811 -0.0000024767 0.0000496281 0.0033640377 0.0008247699 0.0000005397 0.0034839110 0.0000040675 0.0025381569
1413393304.65586 -1.511563 1.378865 0.014566 0.818961 -0.043362 0.570646 0.042253 0.0003570793 0.0000076622 -0.0001310804 0.0000005200 -0.0000027882 0.0000484696 0.0033722771 0.0008235416 0.0000005461 0.0034720112 0.0000040614 0.0025381666
1413393304.70586 -1.500697 1.386373 0.011933 0.817106 -0.041408 0.573397 0.042880 0.0003588075 0.0000087735 -0.0001289569 0.0000005717 -0.0000031291 0.0000466992 0.0033808682 0.0008219202 0.0000005504 0.0034591490 0.0000040553 0.0025381773
1413393304.75586 -1.489412 1.394487 0.009355 0.816984 -0.041039 0.573729 0.041085 0.0003589837 0.0000078062 -0.0001288139 0.0000005284 -0.0000027767 0.0000465754 0.0033901406 0.0008202657 0.0000005531 0.0034457577 0.0000040494 0.0025381890
1413393304.80586 -1.477534 1.403059 0.007541 0.816331 -0.040195 0.574857 0.039084 0.0003596494 0.0000068840 -0.0001280641 0.0000004921 -0.0000024266 0.0000459555 0.0034000292 0.0008185385 0.0000005520 0.0034318787 0.0000040439 0.0025382055
1413393304.85586 -1.465506 1.411997 0.005913 0.816298 -0.040649 0.575107 0.035463 0.0003597414 0.0000044268 -0.0001280682 0.0000004165 -0.0000015505 0.0000459486 0.0034104833 0.0008167495 0.0000005510 0.0034176259 0.0000040390 0.0025382250
1413393304.90586 -1.452972 1.421089 0.004890 0.816927 -0.039262 0.574340 0.034969 0.0003592489 0.0000047635 -0.0001286659 0.0000004268 -0.0000016806 0.0000464406 0.0034210508 0.0008148644 0.0000005445 0.0034034292 0.0000040349 0.0025382498
1413393304.95586 -1.440091 1.430433 0.004351 0.816963 -0.038842 0.574412 0.033374 0.0003592560 0.0000039577 -0.0001286937 0.0000004091 -0.0000013919 0.0000464616 0.0034320418 0.0008126276 0.0000005388 0.0033885052 0.0000040325 0.0025382764
1413393305.00586 -1.427102 1.439823 0.004223 0.817669 -0.037313 0.573463 0.034138 0.0003586648 0.0000051401 -0.0001293765 0.0000004409 -0.0000018285 0.0000470315 0.0034430307 0.0008102570 0.0000005313 0.0033737360 0.0000040326 0.0025383055
1413393305.05586 -1.413490 1.448658 0.003898 0.818541 -0.037346 0.572291 0.032840 0.0003579126 0.0000043812 -0.0001303118 0.0000004220 -0.0000015684 0.0000478103 0.0034544489 0.0008079160 0.0000005248 0.0033588139 0.0000040128 0.0025383209
1413393305.10586 -1.399632 1.458136 0.004951 0.818777 -0.037632 0.571971 0.032210 0.0003576979 0.0000038675 -0.0001305920 0.0000004119 -0.0000013848 0.0000480455 0.0034649945 0.0008044555 0.0000005198 0.0033431285 0.0000040087 0.0025383489
1413393305.15586 -1.385165 1.467357 0.006516 0.819520 -0.038870 0.570879 0.031196 0.0003570053 0.0000027299 -0.0001314446 0.0000003924 -0.0000009773 0.0000487663 0.0034762745 0.0008010990 0.0000005166 0.0033273600 0.0000040048 0.0025383805
1413393305.20586 -1.369979 1.477060 0.009299 0.819493 -0.038329 0.570864 0.032819 0.0003570251 0.0000039740 -0.0001313976 0.0000004171 -0.0000014348 0.0000487311 0.0034874463 0.0007969220 0.0000005076 0.0033106746 0.0000040004 0.0025384144
1413393305.25586 -1.354532 1.486910 0.013140 0.819843 -0.036307 0.570217 0.037297 0.0003566730 0.0000076604 -0.0001316557 0.0000005391 -0.0000028007 0.0000489716 0.0034994599 0.0007928445 0.0000004973 0.0032939956 0.0000039998 0.0025384525
1413393305.30586 -1.338732 1.497128 0.018020 0.819341 -0.036808 0.570729 0.039923 0.0003570554 0.0000090522 -0.0001311282 0.0000006057 -0.0000032975 0.0000485332 0.0035119698 0.0007885978 0.0000004858 0.0032771220 0.0000040007 0.0025384921
1413393305.35586 -1.322555 1.507984 0.023341 0.818741 -0.038185 0.571297 0.042724 0.0003574955 0.0000101688 -0.0001305362 0.0000006671 -0.0000036859 0.0000480424 0.0035253425 0.0007842576 0.0000004698 0.0032599634 0.0000040025 0.0025385379
1413393305.40586 -1.306426 1.519664 0.028903 0.818763 -0.040878 0.570955 0.044347 0.0003573584 0.0000100045 -0.0001307190 0.0000006593 -0.0000036316 0.0000481969 0.0035397691 0.0007799652 0.0000004537 0.0032426564 0.0000040023 0.0025385788
1413393305.45586 -1.289711 1.531968 0.034349 0.819036 -0.045096 0.570298 0.043662 0.0003570408 0.0000077900 -0.0001312524 0.0000005508 -0.0000028344 0.0000486338 0.0035555697 0.0007762744 0.0000004390 0.0032259850 0.0000040085 0.0025386297
1413393305.50586 -1.272392 1.544985 0.040300 0.818786 -0.048302 0.570375 0.043916 0.0003571604 0.0000065507 -0.0001311884 0.0000005026 -0.0000023758 0.0000485730 0.0035721383 0.0007720329 0.0000004255 0.0032085155 0.0000040177 0.0025386795
1413393305.55586 -1.254484 1.558639 0.046219 0.818497 -0.051537 0.570487 0.044176 0.0003572949 0.0000053096 -0.0001310956 0.0000004629 -0.0000019169 0.0000484891 0.0035895137 0.0007674318 0.0000004179 0.0031906120 0.0000040305 0.0025387187
1413393305.60586 -1.236482 1.572716 0.052732 0.818564 -0.054397 0.570145 0.043916 0.0003571067 0.0000039354 -0.0001313746 0.0000004291 -0.0000014155 0.0000487224 0.0036080805 0.0007627501 0.0000004055 0.0031725619 0.0000040445 0.0025387756
1413393305.65586 -1.218092 1.586645 0.059737 0.818450 -0.056889 0.569896 0.046062 0.0003570504 0.0000042015 -0.0001314417 0.0000004367 -0.0000015139 0.0000487821 0.0036265481 0.0007575396 0.0000003931 0.0031544523 0.0000040572 0.0025388300
1413393305.70586 -1.199267 1.600710 0.067482 0.818073 -0.059911 0.569860 0.049266 0.0003571866 0.0000048769 -0.0001312677 0.0000004553 -0.0000017591 0.0000486384 0.0036450466 0.0007518932 0.0000003796 0.0031363810 0.0000040729 0.0025388905
1413393305.75586 -1.180768 1.613949 0.074618 0.817161 -0.061452 0.570441 0.055406 0.0003578021 0.0000079416 -0.0001303959 0.0000005650 -0.0000028612 0.0000479196 0.0036638522 0.0007458383 0.0000003663 0.0031181863 0.0000040695 0.0025389299
1413393305.80586 -1.160916 1.628650 0.083244 0.816004 -0.063650 0.571173 0.062023 0.0003585567 0.0000110499 -0.0001292747 0.0000007300 -0.0000039513 0.0000470098 0.0036820861 0.0007396287 0.0000003546 0.0031008107 0.0000040841 0.0025389951
1413393305.85586 -1.141128 1.643666 0.092735 0.814833 -0.064059 0.571863 0.070125 0.0003592136 0.0000158325 -0.0001279888 0.0000010887 -0.0000056096 0.0000460059 0.0037029118 0.0007329989 0.0000003345 0.0030823650 0.0000040969 0.0025390726
1413393305.90586 -1.120764 1.660109 0.101786 0.814659 -0.064247 0.571058 0.078078 0.0003588636 0.0000207029 -0.0001277303 0.0000015866 -0.0000073386 0.0000458695 0.0037250220 0.0007265162 0.0000003137 0.0030643230 0.0000041100 0.0025391508
1413393305.95586 -1.099481 1.678324 0.111044 0.813395 -0.066362 0.572018 0.082340 0.0003596447 0.0000223268 -0.0001265058 0.0000017798 -0.0000078234 0.0000449074 0.0037500171 0.0007201272 0.0000002977 0.0030460216 0.0000041305 0.0025392348
1413393306.00586 -1.078194 1.698300 0.120192 0.812697 -0.070360 0.572506 0.082517 0.0003601669 0.0000206277 -0.0001261567 0.0000015766 -0.0000071944 0.0000446007 0.0037778069 0.0007136305 0.0000002667 0.0030273834 0.0000041547 0.0025393476
1413393306.05586 -1.056619 1.719953 0.129737 0.811530 -0.074569 0.573881 0.080747 0.0003611956 0.0000175503 -0.0001253444 0.0000012495 -0.0000060582 0.0000439116 0.0038083968 0.0007075361 0.0000002293 0.0030091683 0.0000041815 0.0025394850
1413393306.10586 -1.035510 1.742237 0.138001 0.811131 -0.078290 0.574183 0.079064 0.0003614770 0.0000148176 -0.0001253529 0.0000010058 -0.0000051050 0.0000438866 0.0038412268 0.0007015796 0.0000001812 0.0029913117 0.0000042028 0.0025396174
1413393306.15586 -1.013411 1.766202 0.146535 0.810840 -0.080897 0.574489 0.077171 0.0003617069 0.0000124838 -0.0001253282 0.0000008313 -0.0000042911 0.0000438448 0.0038754214 0.0006958308 0.0000001437 0.0029742601 0.0000042374 0.0025397634
1413393306.20587 -0.991712 1.791285 0.152572 0.810557 -0.083363 0.574824 0.075000 0.0003618532 0.0000100451 -0.0001253723 0.0000006809 -0.0000034450 0.0000438604 0.0039120233 0.0006894854 0.0000001203 0.0029568146 0.0000042870 0.0025398454
1413393306.25587 -0.969867 1.816728 0.160996 0.810831 -0.085130 0.574376 0.073472 0.0003615930 0.0000083337 -0.0001258380 0.0000005958 -0.0000028642 0.0000442180 0.0039504673 0.0006834914 0.0000000791 0.0029402425 0.0000043336 0.0025399851
1413393306.30587 -0.947377 1.842837 0.168817 0.811793 -0.087357 0.572922 0.071560 0.0003606484 0.0000062995 -0.0001271459 0.0000005154 -0.0000021843 0.0000452533 0.0039897749 0.0006770245 0.0000000340 0.0029238988 0.0000043618 0.0025401422
1413393306.35587 -0.926065 1.868261 0.175494 0.812807 -0.091220 0.571084 0.069906 0.0003594378 0.0000037593 -0.0001287411 0.0000004456 -0.0000013089 0.0000465431 0.0040299930 0.0006696030 -0.0000000443 0.0029073778 0.0000043823 0.0025402818
1413393306.40587 -0.903550 1.894159 0.181767 0.813828 -0.096654 0.568799 0.069349 0.0003580113 0.0000012776 -0.0001305136 0.0000004119 -0.0000004270 0.0000480146 0.0040691739 0.0006622428 -0.0000001091 0.0028921450 0.0000044230 0.0025404397
1413393306.45587 -0.880949 1.919597 0.186095 0.814397 -0.104040 0.566589 0.070065 0.0003566678 -0.0000012797 -0.0001321028 0.0000004124 0.0000005143 0.0000493681 0.0041094705 0.0006534887 -0.0000001728 0.0028763224 0.0000044615 0.0025405894
1413393306.50587 -0.857566 1.944615 0.188124 0.813891 -0.112868 0.565389 0.071960 0.0003560378 -0.0000038286 -0.0001327933 0.0000004492 0.0000014697 0.0000499722 0.0041493739 0.0006440689 -0.0000002284 0.0028609246 0.0000045038 0.0025407400
1413393306.55587 -0.834577 1.968657 0.188609 0.812773 -0.121980 0.564515 0.076441 0.0003558482 -0.0000049497 -0.0001329836 0.0000004763 0.0000018921 0.0000501441 0.0041884963 0.0006332316 -0.0000002685 0.0028453774 0.0000045406 0.0025408059
1413393306.60586 -0.811250 1.991844 0.186242 0.810075 -0.131889 0.565361 0.082165 0.0003568660 -0.0000059234 -0.0001317738 0.0000005045 0.0000022300 0.0000491067 0.0042264821 0.0006220965 -0.0000002883 0.0028306457 0.0000045634 0.0025408257
1413393306.65586 -0.788058 2.014027 0.181698 0.807103 -0.142101 0.566222 0.088231 0.0003579570 -0.0000068746 -0.0001304531 0.0000005374 0.0000025484 0.0000479930 0.0042636661 0.0006097192 -0.0000003346 0.0028159101 0.0000045845 0.0025409285
1413393306.70586 -0.764691 2.035879 0.175813 0.803328 -0.155586 0.567887 0.089226 0.0003587978 -0.0000125454 -0.0001290327 0.0000008445 0.0000045568 0.0000468567 0.0043001394 0.0005971090 -0.0000003826 0.0028019396 0.0000046105 0.0025410715
1413393306.75586 -0.741157 2.057376 0.170446 0.800261 -0.167599 0.568617 0.090374 0.0003589654 -0.0000173777 -0.0001282781 0.0000012477 0.0000062569 0.0000462969 0.0043358405 0.0005837356 -0.0000004290 0.0027882924 0.0000046281 0.0025412090
1413393306.80586 -0.717395 2.078236 0.165616 0.796610 -0.178313 0.570441 0.090634 0.0003595665 -0.0000224104 -0.0001267666 0.0000018038 0.0000079497 0.0000451488 0.0043710171 0.0005698381 -0.0000004685 0.0027750869 0.0000046276 0.0025413135
1413393306.85586 -0.694593 2.097253 0.161112 0.794479 -0.187568 0.570318 0.091425 0.0003590778 -0.0000260551 -0.0001266824 0.0000022981 0.0000092423 0.0000451522 0.0044047467 0.0005551941 -0.0000005088 0.0027622631 0.0000046253 0.0025414125
1413393306.90586 -0.671982 2.114894 0.157519 0.792139 -0.195951 0.570366 0.093817 0.0003590064 -0.0000284268 -0.0001262700 0.0000026587 0.0000100488 0.0000448724 0.0044348696 0.0005408172 -0.0000005276 0.0027506227 0.0000046163 0.0025415033
1413393306.95586 -0.650252 2.130777 0.154678 0.790117 -0.204569 0.569746 0.096208 0.0003584737 -0.0000307710 -0.0001263879 0.0000030497 0.0000109000 0.0000450242 0.0044627219 0.0005257489 -0.0000005346 0.0027393934 0.0000046179 0.0025416038
1413393307.00586 -0.629246 2.144849 0.153113 0.788484 -0.212381 0.568335 0.100911 0.0003580390 -0.0000312072 -0.0001268252 0.0000031285 0.0000111050 0.0000453904 0.0044872772 0.0005108520 -0.0000005283 0.0027290832 0.0000046219 0.0025416984
1413393307.05586 -0.609072 2.156985 0.152167 0.786965 -0.219399 0.566572 0.107454 0.0003578860 -0.0000301300 -0.0001272825 0.0000029444 0.0000107656 0.0000457369 0.0045090118 0.0004960727 -0.0000005182 0.0027195261 0.0000046250 0.0025417811
1413393307.10586 -0.589683 2.167052 0.151261 0.785370 -0.225657 0.564655 0.115917 0.0003581533 -0.0000275844 -0.0001275446 0.0000025309 0.0000098715 0.0000458909 0.0045272234 0.0004812618 -0.0000005062 0.0027105924 0.0000046247 0.0025418395
1413393307.15586 -0.571563 2.175417 0.150412 0.784101 -0.231193 0.562054 0.125819 0.0003584037 -0.0000237260 -0.0001280239 0.0000019751 0.0000085213 0.0000462024 0.0045421595 0.0004662648 -0.0000004705 0.0027021401 0.0000046351 0.0025418394
1413393307.20586 -0.553449 2.181825 0.150298 0.782681 -0.237645 0.559112 0.135385 0.0003584001 -0.0000203426 -0.0001286191 0.0000015569 0.0000073446 0.0000466298 0.0045543468 0.0004519477 -0.0000004626 0.0026944683 0.0000046386 0.0025418149
1413393307.25586 -0.535562 2.188032 0.150551 0.780532 -0.244346 0.556864 0.144800 0.0003587867 -0.0000174801 -0.0001285835 0.0000012521 0.0000063069 0.0000465553 0.0045637250 0.0004371628 -0.0000004492 0.0026870748 0.0000046484 0.0025418438
1413393307.30586 -0.518056 2.193399 0.151407 0.777917 -0.250918 0.554938 0.154690 0.0003595265 -0.0000143387 -0.0001280833 0.0000009700 0.0000051486 0.0000461037 0.0045731915 0.0004223691 -0.0000004563 0.0026799510 0.0000046428 0.0025418515
1413393307.35586 -0.501062 2.198123 0.151839 0.776011 -0.259657 0.551286 0.162693 0.0003588144 -0.0000128149 -0.0001291193 0.0000008538 0.0000046507 0.0000469389 0.0045814495 0.0004078521 -0.0000004553 0.0026733102 0.0000046525 0.0025418752
1413393307.40586 -0.484006 2.202176 0.152754 0.773271 -0.268499 0.548192 0.171600 0.0003587082 -0.0000109906 -0.0001294253 0.0000007303 0.0000040033 0.0000471739 0.0045886259 0.0003935083 -0.0000004519 0.0026670270 0.0000046600 0.0025418895
1413393307.45586 -0.467293 2.205349 0.154495 0.770071 -0.278143 0.544838 0.181049 0.0003586312 -0.0000092030 -0.0001296673 0.0000006267 0.0000033635 0.0000473585 0.0045943115 0.0003788274 -0.0000004412 0.0026608907 0.0000046728 0.0025418969
1413393307.50586 -0.450556 2.208068 0.156866 0.766921 -0.288714 0.540870 0.189567 0.0003580545 -0.0000081781 -0.0001304331 0.0000005739 0.0000030139 0.0000479896 0.0045990426 0.0003642973 -0.0000004368 0.0026550730 0.0000046928 0.0025418866
1413393307.55586 -0.433986 2.210173 0.159560 0.764438 -0.300052 0.535455 0.197211 0.0003564818 -0.0000074986 -0.0001323286 0.0000005416 0.0000028169 0.0000495984 0.0046032744 0.0003496242 -0.0000004087 0.0026494897 0.0000047152 0.0025418925
1413393307.60586 -0.417399 2.211791 0.162932 0.761119 -0.311964 0.530772 0.204101 0.0003552112 -0.0000077331 -0.0001337824 0.0000005477 0.0000029445 0.0000508638 0.0046061518 0.0003345845 -0.0000003607 0.0026440453 0.0000047422 0.0025417979
1413393307.65586 -0.400335 2.212839 0.166997 0.757955 -0.325110 0.525280 0.209498 0.0003530976 -0.0000090302 -0.0001360761 0.0000006064 0.0000035112 0.0000529208 0.0046082217 0.0003193591 -0.0000003203 0.0026388140 0.0000047732 0.0025417786
1413393307.70586 -0.382928 2.212947 0.171372 0.754724 -0.337473 0.519798 0.215208 0.0003511164 -0.0000097481 -0.0001381875 0.0000006420 0.0000038662 0.0000548674 0.0046090540 0.0003036645 -0.0000002770 0.0026336948 0.0000048124 0.0025417529
1413393307.75586 -0.365548 2.212070 0.176639 0.750607 -0.348134 0.515232 0.223445 0.0003505125 -0.0000087499 -0.0001389044 0.0000005836 0.0000034947 0.0000555245 0.0046072589 0.0002872709 -0.0000002159 0.0026286355 0.0000048529 0.0025416025
1413393307.80586 -0.347086 2.210544 0.182522 0.745080 -0.355455 0.513013 0.235213 0.0003524983 -0.0000053561 -0.0001369465 0.0000004403 0.0000021041 0.0000536725 0.0046040426 0.0002707578 -0.0000001983 0.0026237918 0.0000048694 0.0025414963
1413393307.85586 -0.328426 2.207508 0.188481 0.739169 -0.363097 0.511290 0.245709 0.0003544588 -0.0000029598 -0.0001348599 0.0000003791 0.0000011459 0.0000517738 0.0046003707 0.0002532987 -0.0000001286 0.0026190391 0.0000048898 0.0025414523
1413393307.90586 -0.308943 2.204437 0.194553 0.732991 -0.370189 0.509679 0.256733 0.0003567174 -0.0000003326 -0.0001323226 0.0000003497 0.0000001394 0.0000495420 0.0045939922 0.0002355479 -0.0000000334 0.0026145420 0.0000049128 0.0025413690
1413393307.95586 -0.288860 2.200780 0.201036 0.727391 -0.377649 0.507086 0.266735 0.0003581797 0.0000019950 -0.0001306012 0.0000003557 -0.0000007149 0.0000480729 0.0045882322 0.0002171189 0.0000000410 0.0026101835 0.0000049286 0.0025413149
1413393308.00586 -0.268165 2.197064 0.208059 0.721252 -0.385844 0.504915 0.275646 0.0003596268 0.0000031257 -0.0001288497 0.0000003662 -0.0000011102 0.0000466109 0.0045815188 0.0001981564 0.0000001154 0.0026060324 0.0000049603 0.0025412350
1413393308.05586 -0.247446 2.194224 0.214001 0.715791 -0.394037 0.501567 0.284268 0.0003603708 0.0000044732 -0.0001279104 0.0000003880 -0.0000015804 0.0000458395 0.0045751470 0.0001786477 0.0000001843 0.0026020649 0.0000049864 0.0025411034
1413393308.10586 -0.225331 2.191120 0.220388 0.710191 -0.402359 0.498213 0.292438 0.0003611011 0.0000055375 -0.0001269752 0.0000004116 -0.0000019431 0.0000450812 0.0045703588 0.0001591698 0.0000002634 0.0025984892 0.0000050169 0.0025410238
1413393308.15586 -0.202607 2.187935 0.226653 0.704920 -0.411529 0.494000 0.299491 0.0003610744 0.0000060097 -0.0001269959 0.0000004207 -0.0000021126 0.0000450931 0.0045651489 0.0001385294 0.0000003487 0.0025950956 0.0000050568 0.0025409335
1413393308.20586 -0.179448 2.184624 0.232060 0.699576 -0.420203 0.489879 0.306662 0.0003611996 0.0000066700 -0.0001268160 0.0000004370 -0.0000023428 0.0000449429 0.0045598959 0.0001172049 0.0000004090 0.0025919582 0.0000051045 0.0025408096
1413393308.25586 -0.154947 2.180949 0.238954 0.693648 -0.429055 0.486084 0.313826 0.0003615898 0.0000071000 -0.0001263122 0.0000004456 -0.0000024836 0.0000445238 0.0045544254 0.0000956405 0.0000004379 0.0025890975 0.0000051645 0.0025406598
1413393308.30586 -0.130036 2.178431 0.245062 0.686311 -0.438745 0.483358 0.320694 0.0003625312 0.0000061439 -0.0001251827 0.0000004054 -0.0000021273 0.0000436199 0.0045482075 0.0000729278 0.0000005286 0.0025867701 0.0000051956 0.0025405958
1413393308.35586 -0.104463 2.176180 0.251090 0.679239 -0.448512 0.480603 0.326331 0.0003631064 0.0000046696 -0.0001245184 0.0000003553 -0.0000016084 0.0000430873 0.0045444362 0.0000501333 0.0000006027 0.0025849134 0.0000052309 0.0025405167
1413393308.40586 -0.079031 2.174061 0.256853 0.671584 -0.458935 0.478173 0.331214 0.0003636143 0.0000022950 -0.0001239392 0.0000003043 -0.0000007908 0.0000426243 0.0045411667 0.0000269024 0.0000006847 0.0025835567 0.0000052648 0.0025404478
1413393308.45586 -0.053025 2.172765 0.262162 0.664640 -0.470116 0.474528 0.334766 0.0003630524 -0.0000004793 -0.0001246940 0.0000002865 0.0000001544 0.0000432012 0.0045380628 0.0000039771 0.0000007860 0.0025827914 0.0000053042 0.0025404020
1413393308.50586 -0.026829 2.171242 0.265916 0.657878 -0.481962 0.470518 0.336930 0.0003617861 -0.0000039588 -0.0001262490 0.0000003248 0.0000013705 0.0000444233 0.0045358814 -0.0000192801 0.0000008908 0.0025825363 0.0000053536 0.0025403434
1413393308.55586 -0.001526 2.169424 0.267455 0.650969 -0.493406 0.466337 0.339589 0.0003605718 -0.0000068989 -0.0001276443 0.0000004085 0.0000024311 0.0000455469 0.0045339113 -0.0000424296 0.0000009529 0.0025828108 0.0000053975 0.0025402793
1413393308.60586 0.023856 2.168453 0.267279 0.643394 -0.504643 0.462427 0.342841 0.0003596563 -0.0000097814 -0.0001285892 0.0000005387 0.0000034852 0.0000463283 0.0045315984 -0.0000644121 0.0000010341 0.0025836084 0.0000054453 0.0025402280
1413393308.65586 0.048275 2.167298 0.264698 0.635581 -0.516772 0.458206 0.345007 0.0003580944 -0.0000133715 -0.0001301589 0.0000007676 0.0000048481 0.0000476567 0.0045291047 -0.0000865945 0.0000010869 0.0025848967 0.0000055010 0.0025401557
1413393308.70586 0.072714 2.164660 0.260743 0.627118 -0.528658 0.454482 0.347404 0.0003568327 -0.0000170574 -0.0001312295 0.0000010798 0.0000062606 0.0000485977 0.0045251726 -0.0001078348 0.0000011056 0.0025865729 0.0000055637 0.0025400997
1413393308.75586 0.096412 2.161725 0.255448 0.617942 -0.539416 0.451172 0.351598 0.0003565013 -0.0000198987 -0.0001312281 0.0000013721 0.0000073117 0.0000486334 0.0045198314 -0.0001287068 0.0000011490 0.0025887223 0.0000055974 0.0025400623
1413393308.80586 0.118733 2.158821 0.247958 0.608064 -0.548459 0.448856 0.357740 0.0003575219 -0.0000219005 -0.0001297149 0.0000016000 0.0000079321 0.0000473831 0.0045146571 -0.0001486363 0.0000011843 0.0025912200 0.0000056245 0.0025400158
1413393308.85586 0.140491 2.155332 0.238201 0.598952 -0.555455 0.445398 0.366534 0.0003594217 -0.0000213540 -0.0001275230 0.0000015236 0.0000075616 0.0000455594 0.0045099854 -0.0001669866 0.0000012025 0.0025939180 0.0000056528 0.0025399384
1413393308.90586 0.160394 2.151312 0.226216 0.590015 -0.562359 0.441736 0.374839 0.0003610262 -0.0000209486 -0.0001256111 0.0000014675 0.0000072726 0.0000440114 0.0045031240 -0.0001850080 0.0000012188 0.0025969354 0.0000056655 0.0025398841
1413393308.95585 0.179190 2.145761 0.213034 0.581569 -0.568719 0.437564 0.383241 0.0003625901 -0.0000199738 -0.0001237917 0.0000013485 0.0000068027 0.0000425636 0.0044951176 -0.0002012354 0.0000011860 0.0025999286 0.0000056440 0.0025397925
1413393309.00586 0.195894 2.140021 0.200106 0.573550 -0.574669 0.432642 0.391941 0.0003640270 -0.0000183652 -0.0001221836 0.0000011722 0.0000061465 0.0000413030 0.0044852796 -0.0002162663 0.0000011625 0.0026030016 0.0000056184 0.0025397323
1413393309.05586 0.212530 2.135352 0.187576 0.565967 -0.581743 0.427644 0.397966 0.0003643042 -0.0000181888 -0.0001218566 0.0000011515 0.0000060658 0.0000410470 0.0044761352 -0.0002294636 0.0000011497 0.0026059564 0.0000056067 0.0025396849
1413393309.10586 0.227956 2.131358 0.175813 0.557789 -0.587380 0.423711 0.405370 0.0003656818 -0.0000176374 -0.0001201080 0.0000010922 0.0000057743 0.0000397296 0.0044687051 -0.0002426977 0.0000011311 0.0026091127 0.0000056031 0.0025396548
1413393309.15586 0.243285 2.128063 0.163987 0.550616 -0.593905 0.418637 0.410904 0.0003658434 -0.0000173530 -0.0001199392 0.0000010617 0.0000056709 0.0000395938 0.0044623075 -0.0002549005 0.0000010903 0.0026121356 0.0000056010 0.0025395952
1413393309.20586 0.257370 2.124849 0.153623 0.543758 -0.598922 0.415124 0.416283 0.0003666232 -0.0000172812 -0.0001188969 0.0000010505 0.0000055867 0.0000388247 0.0044571115 -0.0002673813 0.0000010673 0.0026154201 0.0000056156 0.0025395661
1413393309.25586 0.270654 2.122571 0.143040 0.539238 -0.603020 0.410404 0.420902 0.0003667179 -0.0000159454 -0.0001189655 0.0000009259 0.0000051552 0.0000388544 0.0044526157 -0.0002787651 0.0000010167 0.0026185831 0.0000056375 0.0025395146
1413393309.30586 0.283199 2.120426 0.133383 0.536280 -0.605316 0.406150 0.425485 0.0003671016 -0.0000137494 -0.0001187210 0.0000007439 0.0000044292 0.0000386494 0.0044493553 -0.0002897590 0.0000009535 0.0026217227 0.0000056537 0.0025394568
1413393309.35587 0.294806 2.116977 0.124187 0.535234 -0.606019 0.401307 0.430370 0.0003674965 -0.0000099580 -0.0001185550 0.0000004946 0.0000031955 0.0000384927 0.0044454184 -0.0003000891 0.0000008872 0.0026247301 0.0000056414 0.0025393728
1413393309.40587 0.307869 2.115356 0.115758 0.535265 -0.606556 0.396984 0.433573 0.0003672993 -0.0000068395 -0.0001190595 0.0000003496 0.0000021996 0.0000388361 0.0044400344 -0.0003098078 0.0000008415 0.0026278073 0.0000056468 0.0025393362
1413393309.45587 0.320675 2.114095 0.108317 0.536103 -0.606467 0.393191 0.436111 0.0003669945 -0.0000036877 -0.0001196288 0.0000002575 0.0000011843 0.0000392355 0.0044378835 -0.0003210525 0.0000008085 0.0026314224 0.0000056394 0.0025393218
1413393309.50587 0.333881 2.112936 0.101967 0.538154 -0.606953 0.389430 0.436283 0.0003656121 -0.0000013128 -0.0001215593 0.0000002232 0.0000004184 0.0000406542 0.0044358716 -0.0003322657 0.0000007797 0.0026351560 0.0000056338 0.0025393009
1413393309.55587 0.347767 2.111875 0.096392 0.540525 -0.607731 0.386800 0.434604 0.0003638056 -0.0000002142 -0.0001239541 0.0000002167 0.0000000550 0.0000424691 0.0044337917 -0.0003438946 0.0000007561 0.0026391660 0.0000056277 0.0025392718
1413393309.60587 0.361730 2.111014 0.090856 0.544303 -0.609534 0.382443 0.431208 0.0003604376 0.0000011443 -0.0001282023 0.0000002180 -0.0000004246 0.0000458338 0.0044322696 -0.0003561368 0.0000007460 0.0026434726 0.0000056296 0.0025392337
1413393309.65587 0.375717 2.110004 0.086227 0.547842 -0.610288 0.379821 0.427965 0.0003577762 0.0000019526 -0.0001314002 0.0000002236 -0.0000007348 0.0000484927 0.0044301094 -0.0003684532 0.0000007309 0.0026480472 0.0000056246 0.0025392093
1413393309.70587 0.389729 2.107661 0.082498 0.550322 -0.611453 0.378592 0.424192 0.0003554500 0.0000014262 -0.0001341047 0.0000002169 -0.0000005555 0.0000508276 0.0044268749 -0.0003804543 0.0000007222 0.0026526958 0.0000056311 0.0025391649
1413393309.75587 0.404372 2.105057 0.079420 0.550644 -0.612882 0.379806 0.420612 0.0003542250 -0.0000009697 -0.0001354944 0.0000002125 0.0000003542 0.0000520583 0.0044210680 -0.0003919650 0.0000007183 0.0026574187 0.0000056157 0.0025391337
1413393309.80587 0.419139 2.101663 0.076289 0.549570 -0.614353 0.383849 0.416177 0.0003537760 -0.0000054596 -0.0001358947 0.0000002931 0.0000020817 0.0000524288 0.0044149744 -0.0004041302 0.0000007191 0.0026625922 0.0000056162 0.0025391090
1413393309.85587 0.432607 2.097212 0.073753 0.548419 -0.616152 0.387175 0.411933 0.0003530484 -0.0000096368 -0.0001364741 0.0000004712 0.0000037106 0.0000529821 0.0044078318 -0.0004156116 0.0000007239 0.0026677457 0.0000056066 0.0025390877
1413393309.90587 0.445146 2.091859 0.071481 0.547382 -0.617133 0.390078 0.409095 0.0003528115 -0.0000127701 -0.0001364845 0.0000006700 0.0000049262 0.0000530239 0.0043986306 -0.0004254350 0.0000007321 0.0026724435 0.0000055981 0.0025390697
1413393309.95587 0.457176 2.086215 0.069418 0.546696 -0.618547 0.392709 0.405343 0.0003519395 -0.0000161764 -0.0001370804 0.0000009504 0.0000062878 0.0000536157 0.0043879446 -0.0004342896 0.0000007376 0.0026768674 0.0000055888 0.0025390281
1413393310.00587 0.467457 2.079348 0.067860 0.545333 -0.619815 0.395924 0.402100 0.0003515349 -0.0000197930 -0.0001370513 0.0000013212 0.0000077044 0.0000536534 0.0043769345 -0.0004423007 0.0000007471 0.0026811130 0.0000055794 0.0025390078
1413393310.05588 0.476645 2.071544 0.066667 0.544600 -0.619886 0.397978 0.400955 0.0003517570 -0.0000214801 -0.0001365623 0.0000015184 0.0000083273 0.0000532380 0.0043634472 -0.0004483666 0.0000007537 0.0026846873 0.0000055704 0.0025389918
1413393310.10588 0.484496 2.062796 0.066231 0.543872 -0.618671 0.400425 0.401385 0.0003529956 -0.0000223450 -0.0001350678 0.0000016212 0.0000085380 0.0000519002 0.0043485445 -0.0004532432 0.0000007606 0.0026878566 0.0000055613 0.0025389754
1413393310.15588 0.490907 2.053365 0.066400 0.543828 -0.615998 0.401361 0.404607 0.0003551256 -0.0000207304 -0.0001329342 0.0000014169 0.0000077476 0.0000499779 0.0043324429 -0.0004565372 0.0000007667 0.0026903911 0.0000055517 0.0025389591
1413393310.20588 0.495713 2.043626 0.067004 0.545864 -0.611699 0.399685 0.410011 0.0003573605 -0.0000158349 -0.0001310237 0.0000009083 0.0000057923 0.0000482535 0.0043157818 -0.0004586406 0.0000007805 0.0026924083 0.0000055427 0.0025389366
1413393310.25588 0.499984 2.033499 0.067571 0.548372 -0.607123 0.397338 0.415707 0.0003593441 -0.0000102155 -0.0001292252 0.0000004973 0.0000036589 0.0000466840 0.0042991217 -0.0004599684 0.0000007820 0.0026940830 0.0000055332 0.0025389239
1413393310.30587 0.503557 2.023395 0.068033 0.550930 -0.603394 0.394080 0.420825 0.0003605100 -0.0000046369 -0.0001281304 0.0000002669 0.0000016322 0.0000457507 0.0042820406 -0.0004607941 0.0000007900 0.0026955515 0.0000055246 0.0025389043
1413393310.35587 0.506978 2.012884 0.068101 0.553610 -0.600228 0.391126 0.424574 0.0003610275 0.0000001350 -0.0001275794 0.0000002077 -0.0000000645 0.0000452943 0.0042648159 -0.0004614083 0.0000007912 0.0026969553 0.0000055146 0.0025388934
1413393310.40587 0.510969 2.002152 0.068210 0.555114 -0.597714 0.388926 0.428163 0.0003617183 0.0000039052 -0.0001266621 0.0000002505 -0.0000013852 0.0000445626 0.0042470379 -0.0004618305 0.0000007909 0.0026983232 0.0000055080 0.0025388837
1413393310.45587 0.514586 1.991751 0.068036 0.555442 -0.596821 0.388052 0.429772 0.0003620558 0.0000053530 -0.0001261873 0.0000002882 -0.0000018839 0.0000441890 0.0042295852 -0.0004630508 0.0000007959 0.0027001338 0.0000054962 0.0025388721
1413393310.50587 0.518817 1.981154 0.067492 0.554161 -0.597702 0.390005 0.428433 0.0003623029 0.0000032201 -0.0001259492 0.0000002381 -0.0000011376 0.0000439930 0.0042126287 -0.0004643104 0.0000008012 0.0027019723 0.0000054867 0.0025388646
1413393310.55587 0.523585 1.970371 0.067002 0.552694 -0.598586 0.391872 0.427388 0.0003626369 0.0000011761 -0.0001255601 0.0000002136 -0.0000004251 0.0000436822 0.0041953692 -0.0004655936 0.0000007969 0.0027038781 0.0000054797 0.0025388467
1413393310.60587 0.528319 1.959552 0.065661 0.550769 -0.600766 0.394551 0.424338 0.0003623542 -0.0000026208 -0.0001258958 0.0000002293 0.0000008930 0.0000439493 0.0041779439 -0.0004672233 0.0000008027 0.0027060514 0.0000054700 0.0025388426
1413393310.65587 0.532983 1.948816 0.064388 0.547911 -0.603386 0.398188 0.420911 0.0003622101 -0.0000074657 -0.0001258821 0.0000003647 0.0000025775 0.0000439572 0.0041607334 -0.0004685038 0.0000008089 0.0027080619 0.0000054586 0.0025388329
1413393310.70587 0.537233 1.938293 0.063195 0.545119 -0.605944 0.401642 0.417565 0.0003619338 -0.0000121518 -0.0001258626 0.0000006194 0.0000042091 0.0000439771 0.0041438527 -0.0004694928 0.0000008133 0.0027099301 0.0000054491 0.0025388254
1413393310.75587 0.541014 1.927630 0.061397 0.543093 -0.608776 0.404194 0.413605 0.0003609271 -0.0000164806 -0.0001266300 0.0000009646 0.0000057659 0.0000446366 0.0041271848 -0.0004699431 0.0000008128 0.0027115142 0.0000054409 0.0025388179
1413393310.80587 0.543593 1.916772 0.060432 0.541040 -0.611109 0.406406 0.410676 0.0003602277 -0.0000200783 -0.0001269740 0.0000013318 0.0000070613 0.0000449652 0.0041099893 -0.0004696735 0.0000008145 0.0027127557 0.0000054339 0.0025388059
1413393310.85587 0.545004 1.905826 0.059419 0.539583 -0.613241 0.407083 0.408741 0.0003593892 -0.0000222889 -0.0001276315 0.0000015956 0.0000078997 0.0000455359 0.0040926102 -0.0004680922 0.0000008086 0.0027132673 0.0000054289 0.0025388000
1413393310.90587 0.545086 1.894678 0.058477 0.540367 -0.613370 0.404559 0.410015 0.0003590648 -0.0000203697 -0.0001283387 0.0000013694 0.0000072641 0.0000460813 0.0040751163 -0.0004655377 0.0000008008 0.0027132237 0.0000054216 0.0025387862
1413393310.95587 0.543904 1.883255 0.056738 0.543358 -0.612424 0.398445 0.413450 0.0003584508 -0.0000148433 -0.0001298232 0.0000008288 0.0000053581 0.0000472296 0.0040572349 -0.0004618548 0.0000007967 0.0027125535 0.0000054177 0.0025387794
1413393311.00587 0.541720 1.871651 0.054996 0.545700 -0.611752 0.392822 0.416728 0.0003578294 -0.0000099044 -0.0001310195 0.0000004889 0.0000036075 0.0000481838 0.0040391354 -0.0004575608 0.0000007910 0.0027115382 0.0000054157 0.0025387720
1413393311.05587 0.538940 1.859664 0.052498 0.547575 -0.611728 0.387631 0.419158 0.0003568579 -0.0000058570 -0.0001323871 0.0000003115 0.0000021528 0.0000493244 0.0040205660 -0.0004527137 0.0000007856 0.0027102378 0.0000054138 0.0025387687
1413393311.10587 0.535738 1.846808 0.048795 0.548589 -0.612486 0.383772 0.420274 0.0003557530 -0.0000034809 -0.0001337292 0.0000002502 0.0000012876 0.0000504816 0.0040009473 -0.0004475186 0.0000007814 0.0027088256 0.0000054121 0.0025387672
1413393311.15587 0.532611 1.833086 0.043259 0.548488 -0.612265 0.381467 0.422819 0.0003560002 -0.0000013003 -0.0001334691 0.0000002213 0.0000004660 0.0000502511 0.0039804952 -0.0004418622 0.0000007663 0.0027072003 0.0000054144 0.0025387499
1413393311.20587 0.529389 1.819431 0.034570 0.546676 -0.614040 0.381791 0.422300 0.0003558476 -0.0000027859 -0.0001336049 0.0000002389 0.0000010245 0.0000503746 0.0039591113 -0.0004363765 0.0000007589 0.0027057733 0.0000054144 0.0025387516
1413393311.25587 0.526094 1.804883 0.023407 0.544725 -0.615726 0.383162 0.421121 0.0003558248 -0.0000050272 -0.0001335477 0.0000002885 0.0000018654 0.0000503348 0.0039371847 -0.0004307010 0.0000007457 0.0027042794 0.0000054154 0.0025387517
1413393311.30587 0.522537 1.789801 0.011029 0.544264 -0.616531 0.382897 0.420779 0.0003555269 -0.0000054169 -0.0001338534 0.0000003004 0.0000020178 0.0000506070 0.0039148849 -0.0004247249 0.0000007266 0.0027026416 0.0000054179 0.0025387514
1413393311.35587 0.518928 1.773631 -0.000822 0.544916 -0.616471 0.381135 0.421623 0.0003551821 -0.0000040279 -0.0001342721 0.0000002641 0.0000015004 0.0000509719 0.0038913166 -0.0004182368 0.0000007269 0.0027007847 0.0000054052 0.0025387274
1413393311.40587 0.514591 1.757096 -0.012829 0.545604 -0.616114 0.379362 0.422853 0.0003550126 -0.0000023695 -0.0001344825 0.0000002348 0.0000008747 0.0000511555 0.0038663107 -0.0004115781 0.0000007057 0.0026989787 0.0000054064 0.0025387239
1413393311.45587 0.509887 1.739369 -0.024244 0.546658 -0.615659 0.377369 0.423936 0.0003546830 -0.0000005132 -0.0001348521 0.0000002205 0.0000001716 0.0000514838 0.0038408633 -0.0004044335 0.0000006870 0.0026969234 0.0000054066 0.0025387335
1413393311.50587 0.505046 1.720701 -0.034702 0.547281 -0.615835 0.375871 0.424208 0.0003541487 0.0000004400 -0.0001354286 0.0000002211 -0.0000001923 0.0000520015 0.0038139816 -0.0003968845 0.0000006738 0.0026947530 0.0000054074 0.0025387452
1413393311.55587 0.500243 1.701120 -0.044039 0.548577 -0.615184 0.373594 0.425487 0.0003537553 0.0000026272 -0.0001358190 0.0000002409 -0.0000010334 0.0000523587 0.0037861366 -0.0003892179 0.0000006610 0.0026925968 0.0000054061 0.0025387560
1413393311.60587 0.495678 1.680478 -0.052199 0.549425 -0.614418 0.372242 0.426683 0.0003537171 0.0000042324 -0.0001357962 0.0000002728 -0.0000016502 0.0000523468 0.0037569695 -0.0003814455 0.0000006501 0.0026904912 0.0000054065 0.0025387657
1413393311.65587 0.491178 1.658953 -0.059301 0.549364 -0.613058 0.372790 0.428237 0.0003546799 0.0000050149 -0.0001346710 0.0000002938 -0.0000019300 0.0000513470 0.0037270860 -0.0003739381 0.0000006518 0.0026886327 0.0000054105 0.0025387849
1413393311.70587 0.487157 1.636396 -0.064734 0.548565 -0.610979 0.374650 0.430602 0.0003566037 0.0000054716 -0.0001324317 0.0000003076 -0.0000020582 0.0000493930 0.0036961833 -0.0003663750 0.0000006541 0.0026868376 0.0000054103 0.0025388000
1413393311.75587 0.483901 1.613011 -0.068734 0.548057 -0.608583 0.376454 0.433061 0.0003585048 0.0000061871 -0.0001301403 0.0000003312 -0.0000022727 0.0000474531 0.0036645676 -0.0003590563 0.0000006649 0.0026852853 0.0000054070 0.0025388177
1413393311.80587 0.481210 1.589075 -0.072245 0.547868 -0.605630 0.378879 0.435320 0.0003605611 0.0000068160 -0.0001275905 0.0000003540 -0.0000024392 0.0000453603 0.0036329996 -0.0003523792 0.0000006746 0.0026841485 0.0000054024 0.0025388327
1413393311.85587 0.479287 1.564973 -0.074956 0.547542 -0.603361 0.381879 0.436259 0.0003622279 0.0000063779 -0.0001255061 0.0000003380 -0.0000022375 0.0000436956 0.0036015084 -0.0003460758 0.0000006871 0.0026832501 0.0000053973 0.0025388386
1413393311.90587 0.478074 1.540744 -0.077429 0.548647 -0.600595 0.384058 0.436774 0.0003633166 0.0000067871 -0.0001240689 0.0000003529 -0.0000023460 0.0000425778 0.0035703024 -0.0003403056 0.0000007038 0.0026826917 0.0000053933 0.0025388363
1413393311.95587 0.477352 1.516705 -0.079613 0.549516 -0.598392 0.387469 0.435691 0.0003642216 0.0000057153 -0.0001229225 0.0000003158 -0.0000019577 0.0000416951 0.0035395922 -0.0003350461 0.0000007259 0.0026824313 0.0000053924 0.0025388162
1413393312.00587 0.477272 1.492797 -0.080702 0.550131 -0.594348 0.391404 0.436931 0.0003663275 0.0000058670 -0.0001200799 0.0000003202 -0.0000019525 0.0000395704 0.0035098098 -0.0003300142 0.0000007401 0.0026822746 0.0000053897 0.0025388112
1413393312.05587 0.477758 1.469264 -0.081559 0.551526 -0.589372 0.394343 0.439265 0.0003684298 0.0000075254 -0.0001170492 0.0000003802 -0.0000024210 0.0000373945 0.0034810545 -0.0003254963 0.0000007602 0.0026823989 0.0000053850 0.0025388039
1413393312.10587 0.479078 1.446455 -0.082243 0.552767 -0.584358 0.397159 0.441858 0.0003705229 0.0000093339 -0.0001138766 0.0000004618 -0.0000028997 0.0000352065 0.0034533783 -0.0003215581 0.0000007804 0.0026828523 0.0000053794 0.0025387981
1413393312.15587 0.481100 1.424478 -0.083039 0.554070 -0.581292 0.399388 0.442262 0.0003714900 0.0000099067 -0.0001123667 0.0000004907 -0.0000030281 0.0000341954 0.0034270963 -0.0003183210 0.0000008018 0.0026836666 0.0000053736 0.0025387845
1413393312.20587 0.483913 1.403110 -0.083940 0.555661 -0.580061 0.400668 0.440722 0.0003713329 0.0000096033 -0.0001126045 0.0000004748 -0.0000029442 0.0000343543 0.0034023416 -0.0003155824 0.0000008206 0.0026847431 0.0000053671 0.0025387766
1413393312.25587 0.487273 1.382622 -0.085057 0.556747 -0.580550 0.401411 0.438022 0.0003705433 0.0000083105 -0.0001138548 0.0000004128 -0.0000025859 0.0000351920 0.0033785181 -0.0003132743 0.0000008373 0.0026860961 0.0000053634 0.0025387696
1413393312.30587 0.491183 1.362790 -0.085815 0.554749 -0.582568 0.405812 0.433802 0.0003706282 0.0000032021 -0.0001139653 0.0000002539 -0.0000010167 0.0000352522 0.0033557645 -0.0003113541 0.0000008526 0.0026876921 0.0000053618 0.0025387629
1413393312.35587 0.495379 1.344804 -0.086467 0.552853 -0.585960 0.409712 0.427948 0.0003697248 -0.0000027864 -0.0001152666 0.0000002463 0.0000008376 0.0000361449 0.0033341523 -0.0003097081 0.0000008548 0.0026893584 0.0000053459 0.0025387373
1413393312.40587 0.499848 1.326293 -0.087611 0.551654 -0.590498 0.412482 0.420533 0.0003675426 -0.0000090035 -0.0001180323 0.0000004458 0.0000028608 0.0000381153 0.0033149324 -0.0003083687 0.0000008665 0.0026911109 0.0000053491 0.0025387359
1413393312.45587 0.504080 1.308246 -0.088687 0.549945 -0.594026 0.415973 0.414318 0.0003659983 -0.0000148827 -0.0001195518 0.0000008303 0.0000048313 0.0000392626 0.0032950767 -0.0003068227 0.0000008761 0.0026928985 0.0000053549 0.0025387335
1413393312.50587 0.507414 1.290789 -0.090044 0.549028 -0.597788 0.417597 0.408449 0.0003637709 -0.0000195449 -0.0001218567 0.0000012753 0.0000065177 0.0000410327 0.0032761878 -0.0003048772 0.0000008832 0.0026943136 0.0000053632 0.0025387312
1413393312.55587 0.509515 1.273597 -0.090526 0.548297 -0.599025 0.418494 0.406696 0.0003632117 -0.0000213103 -0.0001222784 0.0000014755 0.0000071448 0.0000413793 0.0032577938 -0.0003022622 0.0000008885 0.0026951867 0.0000053706 0.0025387281
1413393312.60587 0.510507 1.256653 -0.090142 0.549253 -0.597175 0.417199 0.409449 0.0003640917 -0.0000186889 -0.0001215297 0.0000011844 0.0000062079 0.0000407783 0.0032398400 -0.0002990558 0.0000008933 0.0026955619 0.0000053748 0.0025387237
1413393312.65587 0.510601 1.240237 -0.089723 0.551628 -0.594452 0.413837 0.413609 0.0003648398 -0.0000137829 -0.0001211716 0.0000007458 0.0000045463 0.0000404568 0.0032226886 -0.0002954515 0.0000008972 0.0026955078 0.0000053752 0.0025387171
1413393312.70587 0.510086 1.224260 -0.089537 0.555154 -0.591923 0.409044 0.417271 0.0003647095 -0.0000081166 -0.0001218382 0.0000004057 0.0000026789 0.0000409157 0.0032063838 -0.0002917236 0.0000009040 0.0026952379 0.0000053734 0.0025387101
1413393312.75587 0.509199 1.208822 -0.089046 0.556748 -0.590388 0.407013 0.419303 0.0003648219 -0.0000053337 -0.0001218248 0.0000003029 0.0000017477 0.0000408943 0.0031904665 -0.0002878746 0.0000009144 0.0026948115 0.0000053694 0.0025387007
1413393312.80587 0.508819 1.193085 -0.088716 0.557877 -0.589182 0.405952 0.420523 0.0003649396 -0.0000035899 -0.0001217165 0.0000002602 0.0000011634 0.0000408091 0.0031751656 -0.0002840629 0.0000009220 0.0026943548 0.0000053656 0.0025386961
1413393312.85587 0.508544 1.177414 -0.088162 0.558481 -0.588097 0.406519 0.420694 0.0003652495 -0.0000032384 -0.0001212978 0.0000002533 0.0000010411 0.0000404961 0.0031598869 -0.0002805419 0.0000009296 0.0026941813 0.0000053618 0.0025386903
1413393312.90587 0.508173 1.161903 -0.087138 0.557873 -0.586024 0.409382 0.421616 0.0003668116 -0.0000036965 -0.0001191502 0.0000002615 0.0000011662 0.0000389162 0.0031448978 -0.0002770620 0.0000009387 0.0026940268 0.0000053578 0.0025386841
1413393312.95587 0.507769 1.148059 -0.085642 0.557223 -0.584828 0.412867 0.420736 0.0003678266 -0.0000055183 -0.0001176537 0.0000003063 0.0000017305 0.0000378456 0.0031305450 -0.0002737020 0.0000009400 0.0026938397 0.0000053426 0.0025386641
1413393313.00587 0.507577 1.133562 -0.082856 0.555025 -0.581336 0.419083 0.422334 0.0003709123 -0.0000072273 -0.0001130929 0.0000003638 0.0000021691 0.0000346940 0.0031180696 -0.0002707563 0.0000009490 0.0026937348 0.0000053366 0.0025386598
1413393313.05587 0.507307 1.119840 -0.080981 0.557870 -0.580619 0.418914 0.419730 0.0003697906 -0.0000070938 -0.0001147369 0.0000003585 0.0000021660 0.0000358127 0.0031052988 -0.0002676923 0.0000009608 0.0026936062 0.0000053333 0.0025386544
1413393313.10587 0.506814 1.107271 -0.078101 0.562730 -0.578732 0.416180 0.418567 0.0003682867 -0.0000041749 -0.0001170221 0.0000002692 0.0000012906 0.0000373977 0.0030938232 -0.0002647585 0.0000009738 0.0026933421 0.0000053307 0.0025386501
1413393313.15587 0.506406 1.095173 -0.075783 0.568494 -0.577412 0.412313 0.416424 0.0003658291 -0.0000010926 -0.0001204757 0.0000002247 0.0000003228 0.0000398917 0.0030828180 -0.0002620448 0.0000009875 0.0026931967 0.0000053292 0.0025386472
1413393313.20587 0.506218 1.082979 -0.071434 0.573642 -0.575174 0.410040 0.414701 0.0003641214 0.0000015160 -0.0001227357 0.0000002273 -0.0000005490 0.0000415891 0.0030715372 -0.0002592305 0.0000009985 0.0026930421 0.0000053262 0.0025386485
1413393313.25587 0.506025 1.070813 -0.066344 0.578511 -0.573548 0.407600 0.412589 0.0003621177 0.0000037058 -0.0001252681 0.0000002586 -0.0000013209 0.0000435544 0.0030601823 -0.0002564467 0.0000010101 0.0026929581 0.0000053227 0.0025386489
1413393313.30586 0.506323 1.059351 -0.061730 0.580314 -0.572968 0.409495 0.408971 0.0003613801 0.0000020157 -0.0001262282 0.0000002312 -0.0000007431 0.0000443122 0.0030498792 -0.0002540544 0.0000010220 0.0026930335 0.0000053202 0.0025386496
1413393313.35586 0.506623 1.048370 -0.057046 0.581726 -0.572475 0.411380 0.405752 0.0003608054 0.0000003514 -0.0001269497 0.0000002195 -0.0000001627 0.0000448897 0.0030400155 -0.0002517971 0.0000010329 0.0026931003 0.0000053271 0.0025386481
1413393313.40586 0.506975 1.037634 -0.052213 0.582298 -0.571958 0.413196 0.403809 0.0003607539 -0.0000009736 -0.0001270004 0.0000002213 0.0000003036 0.0000449324 0.0030308719 -0.0002495257 0.0000010415 0.0026930758 0.0000053238 0.0025386504
1413393313.45586 0.507121 1.026740 -0.046665 0.580988 -0.571899 0.416758 0.402116 0.0003615663 -0.0000036775 -0.0001259240 0.0000002556 0.0000012420 0.0000440788 0.0030213448 -0.0002471772 0.0000010490 0.0026930944 0.0000053207 0.0025386538
1413393313.50586 0.507038 1.015101 -0.042104 0.578186 -0.571484 0.421732 0.401558 0.0003634295 -0.0000068443 -0.0001233953 0.0000003468 0.0000022856 0.0000421183 0.0030113159 -0.0002445759 0.0000010579 0.0026930201 0.0000053183 0.0025386556
1413393313.55586 0.505362 1.003086 -0.038798 0.573739 -0.571265 0.427351 0.402306 0.0003660381 -0.0000103134 -0.0001196688 0.0000005083 0.0000033342 0.0000393438 0.0030010809 -0.0002415571 0.0000010613 0.0026926125 0.0000053171 0.0025386571
1413393313.60585 0.503222 0.992129 -0.037974 0.568230 -0.572117 0.433042 0.402830 0.0003683579 -0.0000146436 -0.0001159678 0.0000007999 0.0000045733 0.0000367284 0.0029923273 -0.0002381785 0.0000010656 0.0026914488 0.0000053174 0.0025386625
1413393313.65585 0.499754 0.981582 -0.037092 0.561408 -0.573234 0.438832 0.404537 0.0003710468 -0.0000190388 -0.0001113646 0.0000011956 0.0000056783 0.0000336418 0.0029836540 -0.0002344735 0.0000010726 0.0026899800 0.0000053252 0.0025386995
1413393313.70585 0.494624 0.971765 -0.037128 0.555933 -0.573434 0.441375 0.409023 0.0003736335 -0.0000200945 -0.0001071587 0.0000013007 0.0000057275 0.0000309488 0.0029757514 -0.0002303421 0.0000010766 0.0026878756 0.0000053286 0.0025387438
1413393313.75585 0.487861 0.963570 -0.037347 0.552290 -0.572820 0.440396 0.415818 0.0003759553 -0.0000177427 -0.0001037914 0.0000010589 0.0000048626 0.0000288680 0.0029689986 -0.0002258718 0.0000010786 0.0026851217 0.0000053293 0.0025387932
1413393313.80586 0.480352 0.959303 -0.039020 0.549097 -0.572315 0.438939 0.422234 0.0003778768 -0.0000152215 -0.0001009244 0.0000008358 0.0000040295 0.0000271677 0.0029645863 -0.0002215041 0.0000010972 0.0026818383 0.0000053462 0.0025388202
1413393313.85587 0.471371 0.955831 -0.039599 0.548103 -0.573544 0.433998 0.426939 0.0003780220 -0.0000117517 -0.0001011325 0.0000005896 0.0000031078 0.0000272682 0.0029628105 -0.0002176392 0.0000011017 0.0026784484 0.0000053491 0.0025388686
1413393313.90587 0.461473 0.954809 -0.041398 0.549732 -0.577978 0.425186 0.427730 0.0003752344 -0.0000083529 -0.0001061351 0.0000004122 0.0000023262 0.0000302337 0.0029620745 -0.0002135069 0.0000011038 0.0026745979 0.0000053510 0.0025389178
1413393313.95589 0.451189 0.958311 -0.046450 0.550875 -0.584782 0.415983 0.426058 0.0003710457 -0.0000066658 -0.0001127637 0.0000003470 0.0000019893 0.0000344849 0.0029622859 -0.0002092717 0.0000011275 0.0026704092 0.0000054016 0.0025388999
1413393314.00589 0.440133 0.960363 -0.048860 0.551328 -0.591479 0.407593 0.424332 0.0003670675 -0.0000055775 -0.0001185380 0.0000003138 0.0000017646 0.0000384968 0.0029663335 -0.0002059155 0.0000011403 0.0026663226 0.0000054150 0.0025389275
1413393314.05589 0.429217 0.964010 -0.053148 0.550904 -0.598420 0.400370 0.422022 0.0003630088 -0.0000055020 -0.0001239680 0.0000003128 0.0000018423 0.0000425541 0.0029684243 -0.0002017739 0.0000011823 0.0026619754 0.0000054448 0.0025388703
1413393314.10589 0.417963 0.965562 -0.053852 0.549801 -0.603026 0.396688 0.420378 0.0003607736 -0.0000062604 -0.0001267667 0.0000003392 0.0000021632 0.0000447628 0.0029713623 -0.0001981297 0.0000011976 0.0026581081 0.0000054632 0.0025388865
1413393314.15589 0.406800 0.966559 -0.053680 0.549431 -0.604936 0.394132 0.420521 0.0003597624 -0.0000057095 -0.0001280404 0.0000003222 0.0000019953 0.0000457909 0.0029723274 -0.0001937918 0.0000012090 0.0026541237 0.0000054793 0.0025388943
1413393314.20589 0.395561 0.966691 -0.052909 0.549974 -0.604887 0.392731 0.421194 0.0003595023 -0.0000045932 -0.0001284009 0.0000002910 0.0000016034 0.0000460816 0.0029725300 -0.0001893525 0.0000012124 0.0026502718 0.0000054922 0.0025388931
1413393314.25589 0.384692 0.966144 -0.051629 0.552406 -0.602727 0.391699 0.422066 0.0003595075 -0.0000023134 -0.0001284534 0.0000002476 0.0000007886 0.0000461194 0.0029717768 -0.0001847504 0.0000012187 0.0026465784 0.0000055054 0.0025388961
1413393314.30589 0.374121 0.965044 -0.050054 0.555003 -0.599986 0.393122 0.421241 0.0003597418 -0.0000016572 -0.0001281748 0.0000002403 0.0000005518 0.0000458917 0.0029707239 -0.0001802736 0.0000012200 0.0026431173 0.0000055167 0.0025388958
1413393314.35590 0.364181 0.963800 -0.048645 0.559644 -0.595905 0.394216 0.419869 0.0003595900 -0.0000000215 -0.0001283679 0.0000002323 -0.0000000321 0.0000460504 0.0029695685 -0.0001760211 0.0000012180 0.0026399150 0.0000055241 0.0025388824
1413393314.40590 0.354879 0.962198 -0.047683 0.566443 -0.590868 0.394891 0.417227 0.0003586525 0.0000022321 -0.0001294814 0.0000002456 -0.0000008470 0.0000469730 0.0029682229 -0.0001720399 0.0000012104 0.0026369977 0.0000055277 0.0025388753
1413393314.45590 0.346345 0.960087 -0.046600 0.573528 -0.585291 0.396949 0.413438 0.0003577900 0.0000035923 -0.0001304777 0.0000002666 -0.0000013524 0.0000478122 0.0029665087 -0.0001682397 0.0000012055 0.0026343423 0.0000055340 0.0025388637
1413393314.50590 0.338530 0.957545 -0.046185 0.581544 -0.578890 0.399803 0.408474 0.0003567507 0.0000045917 -0.0001316671 0.0000002884 -0.0000017383 0.0000488279 0.0029643446 -0.0001647655 0.0000012014 0.0026320376 0.0000055425 0.0025388659
1413393314.55590 0.332061 0.954273 -0.045490 0.589873 -0.570415 0.404556 0.403746 0.0003567208 0.0000055650 -0.0001316588 0.0000003143 -0.0000020987 0.0000488287 0.0029614746 -0.0001616126 0.0000011891 0.0026300745 0.0000055489 0.0025388526
1413393314.60590 0.326249 0.950424 -0.045517 0.598943 -0.562127 0.408524 0.397981 0.0003558888 0.0000065762 -0.0001325735 0.0000003473 -0.0000024956 0.0000496250 0.0029582869 -0.0001588404 0.0000011809 0.0026284534 0.0000055544 0.0025388554
1413393314.65589 0.321473 0.945974 -0.045698 0.608574 -0.553229 0.412745 0.391430 0.0003548743 0.0000074450 -0.0001336851 0.0000003799 -0.0000028515 0.0000506042 0.0029548373 -0.0001563475 0.0000011753 0.0026270876 0.0000055680 0.0025388614
1413393314.70589 0.317620 0.941028 -0.045956 0.617605 -0.544568 0.416684 0.385207 0.0003539283 0.0000082847 -0.0001346988 0.0000004156 -0.0000032007 0.0000515113 0.0029506993 -0.0001540368 0.0000011681 0.0026259422 0.0000055770 0.0025388674
1413393314.75589 0.314698 0.935277 -0.046381 0.625301 -0.537844 0.420175 0.378385 0.0003526024 0.0000080187 -0.0001361809 0.0000004019 -0.0000031453 0.0000528461 0.0029462720 -0.0001520823 0.0000011527 0.0026250132 0.0000055699 0.0025388528
1413393314.80589 0.312718 0.928858 -0.047888 0.632345 -0.531230 0.423508 0.372256 0.0003515669 0.0000078333 -0.0001373159 0.0000003922 -0.0000031082 0.0000538873 0.0029409621 -0.0001504468 0.0000011439 0.0026244896 0.0000055769 0.0025388598
1413393314.85589 0.311748 0.921587 -0.050077 0.638378 -0.525306 0.427693 0.365521 0.0003507819 0.0000065123 -0.0001382239 0.0000003365 -0.0000026146 0.0000547237 0.0029354760 -0.0001491163 0.0000011347 0.0026242065 0.0000055836 0.0025388672
1413393314.90589 0.311948 0.913269 -0.052783 0.644458 -0.519604 0.431243 0.358770 0.0003497202 0.0000053441 -0.0001393953 0.0000002952 -0.0000021782 0.0000558222 0.0029291115 -0.0001480379 0.0000011264 0.0026242150 0.0000055919 0.0025388767
1413393314.95589 0.313366 0.903890 -0.055443 0.650250 -0.513086 0.435723 0.352227 0.0003492886 0.0000040875 -0.0001398847 0.0000002591 -0.0000016845 0.0000562848 0.0029219245 -0.0001472727 0.0000011182 0.0026245571 0.0000055969 0.0025388833
1413393315.00589 0.315438 0.893197 -0.058566 0.655280 -0.507536 0.440192 0.345321 0.0003487815 0.0000021379 -0.0001404502 0.0000002220 -0.0000009074 0.0000568233 0.0029139639 -0.0001466296 0.0000011099 0.0026251073 0.0000056012 0.0025388892
1413393315.05589 0.317907 0.881342 -0.062082 0.658733 -0.503244 0.444390 0.339608 0.0003486700 0.0000000442 -0.0001405755 0.0000002067 -0.0000000631 0.0000569436 0.0029050249 -0.0001459328 0.0000011016 0.0026257970 0.0000056100 0.0025388941
1413393315.10589 0.320882 0.868322 -0.066319 0.661515 -0.499375 0.448220 0.334846 0.0003487717 -0.0000017680 -0.0001404529 0.0000002141 0.0000006678 0.0000568294 0.0028954717 -0.0001451740 0.0000010960 0.0026265722 0.0000056232 0.0025389132
1413393315.15589 0.323991 0.854353 -0.070796 0.665066 -0.495434 0.449321 0.332179 0.0003483106 -0.0000012757 -0.0001409293 0.0000002081 0.0000004727 0.0000572898 0.0028852338 -0.0001443784 0.0000010887 0.0026274678 0.0000056267 0.0025389120
1413393315.20589 0.327666 0.838953 -0.075409 0.666935 -0.490867 0.451169 0.332707 0.0003495133 0.0000002984 -0.0001396761 0.0000002028 -0.0000001625 0.0000560869 0.0028745295 -0.0001434607 0.0000010824 0.0026284211 0.0000056367 0.0025389306
1413393315.25590 0.331943 0.822516 -0.080837 0.669219 -0.486734 0.450858 0.334608 0.0003500693 0.0000033503 -0.0001390443 0.0000002342 -0.0000013742 0.0000554949 0.0028631252 -0.0001425658 0.0000010752 0.0026295989 0.0000056499 0.0025389537
1413393315.30590 0.336882 0.805497 -0.086417 0.670419 -0.482683 0.450670 0.338309 0.0003513418 0.0000069731 -0.0001375428 0.0000003404 -0.0000027737 0.0000541113 0.0028514301 -0.0001417499 0.0000010642 0.0026310030 0.0000056559 0.0025389741
1413393315.35590 0.342904 0.788231 -0.091465 0.670536 -0.478397 0.450807 0.343936 0.0003534293 0.0000113125 -0.0001349537 0.0000005638 -0.0000043638 0.0000517943 0.0028396425 -0.0001411239 0.0000010467 0.0026326801 0.0000056485 0.0025389786
1413393315.40590 0.350145 0.770649 -0.096455 0.670342 -0.474188 0.450426 0.350577 0.0003554919 0.0000162379 -0.0001320976 0.0000009440 -0.0000060789 0.0000493470 0.0028282690 -0.0001408300 0.0000010164 0.0026347399 0.0000056246 0.0025389799
1413393315.45591 0.358435 0.753008 -0.101826 0.669321 -0.470270 0.450511 0.357625 0.0003578146 0.0000209040 -0.0001286898 0.0000014250 -0.0000075641 0.0000465423 0.0028171850 -0.0001409620 0.0000009848 0.0026374124 0.0000056242 0.0025390248
1413393315.50591 0.368230 0.735523 -0.107348 0.666999 -0.469314 0.452182 0.361093 0.0003598790 0.0000218375 -0.0001260017 0.0000015298 -0.0000076916 0.0000443726 0.0028064938 -0.0001414406 0.0000009558 0.0026406002 0.0000056295 0.0025390795
1413393315.55590 0.379729 0.718439 -0.112223 0.664910 -0.468362 0.453466 0.364555 0.0003616992 0.0000229382 -0.0001234976 0.0000016604 -0.0000078777 0.0000424216 0.0027962279 -0.0001422790 0.0000009271 0.0026443586 0.0000056346 0.0025391349
1413393315.60591 0.393252 0.702136 -0.115679 0.662108 -0.469404 0.455919 0.365255 0.0003633286 0.0000213069 -0.0001216677 0.0000014556 -0.0000071802 0.0000409961 0.0027865967 -0.0001436205 0.0000008985 0.0026488355 0.0000056400 0.0025391857
1413393315.65591 0.408473 0.686466 -0.116028 0.658077 -0.470383 0.460759 0.365206 0.0003659206 0.0000181215 -0.0001186983 0.0000011034 -0.0000059224 0.0000387546 0.0027776401 -0.0001455102 0.0000008730 0.0026541563 0.0000056429 0.0025392299
1413393315.70590 0.424786 0.671790 -0.114030 0.655936 -0.472050 0.462563 0.364626 0.0003667397 0.0000159944 -0.0001178709 0.0000009037 -0.0000051841 0.0000381335 0.0027693708 -0.0001476456 0.0000008521 0.0026600295 0.0000056456 0.0025392698
1413393315.75590 0.442274 0.657636 -0.107839 0.653002 -0.475111 0.465788 0.361801 0.0003675743 0.0000114783 -0.0001172294 0.0000005633 -0.0000037030 0.0000376354 0.0027616229 -0.0001500130 0.0000008519 0.0026665249 0.0000056436 0.0025392476
1413393315.80590 0.460774 0.644585 -0.098664 0.651640 -0.478568 0.467309 0.357715 0.0003670086 0.0000072426 -0.0001183529 0.0000003472 -0.0000023767 0.0000384131 0.0027545648 -0.0001526084 0.0000008451 0.0026735429 0.0000056257 0.0025392473
1413393315.85590 0.479753 0.633252 -0.086939 0.648343 -0.482080 0.471543 0.353408 0.0003675742 0.0000013542 -0.0001177784 0.0000002094 -0.0000004740 0.0000379846 0.0027482380 -0.0001553828 0.0000008278 0.0026811492 0.0000056185 0.0025392892
1413393315.90590 0.498221 0.621916 -0.073465 0.647725 -0.485144 0.472044 0.349660 0.0003664910 -0.0000019591 -0.0001192716 0.0000002154 0.0000005980 0.0000390631 0.0027424689 -0.0001582061 0.0000008215 0.0026891532 0.0000056257 0.0025393537
1413393315.95590 0.516463 0.610879 -0.058862 0.646877 -0.486408 0.473646 0.347300 0.0003663868 -0.0000044259 -0.0001193490 0.0000002588 0.0000014027 0.0000391249 0.0027369228 -0.0001607483 0.0000008219 0.0026971573 0.0000056338 0.0025394156
1413393316.00590 0.534481 0.598715 -0.042221 0.646874 -0.486788 0.473561 0.346888 0.0003662463 -0.0000047643 -0.0001195275 0.0000002666 0.0000015161 0.0000392557 0.0027314003 -0.0001628974 0.0000008790 0.0027050508 0.0000056210 0.0025393979
1413393316.05590 0.552541 0.588267 -0.027132 0.646487 -0.486837 0.474214 0.346647 0.0003664001 -0.0000052275 -0.0001192985 0.0000002801 0.0000016634 0.0000390903 0.0027254419 -0.0001646656 0.0000008874 0.0027133113 0.0000056181 0.0025394669
1413393316.10590 0.570377 0.578177 -0.011442 0.647817 -0.485680 0.472925 0.347549 0.0003661414 -0.0000035149 -0.0001197160 0.0000002402 0.0000011103 0.0000393909 0.0027205784 -0.0001667416 0.0000009002 0.0027218332 0.0000056129 0.0025395391
1413393316.15590 0.587938 0.568427 0.005816 0.648409 -0.483685 0.472151 0.350268 0.0003667629 -0.0000009883 -0.0001189120 0.0000002104 0.0000002810 0.0000388013 0.0027159263 -0.0001686886 0.0000009177 0.0027305031 0.0000056032 0.0025396109
1413393316.20590 0.605726 0.559200 0.024194 0.648980 -0.481601 0.471612 0.352801 0.0003673959 0.0000013892 -0.0001180313 0.0000002142 -0.0000004862 0.0000381668 0.0027116124 -0.0001706332 0.0000009392 0.0027394178 0.0000055868 0.0025396826
1413393316.25590 0.624282 0.549903 0.043658 0.649980 -0.479668 0.471134 0.354228 0.0003676573 0.0000032377 -0.0001176301 0.0000002385 -0.0000010761 0.0000378826 0.0027076609 -0.0001727203 0.0000009703 0.0027487872 0.0000055740 0.0025397403
1413393316.30590 0.642610 0.542032 0.062598 0.650243 -0.478644 0.471336 0.354862 0.0003679553 0.0000039442 -0.0001171909 0.0000002536 -0.0000012965 0.0000375720 0.0027037569 -0.0001748218 0.0000009950 0.0027588071 0.0000055510 0.0025398188
1413393316.35590 0.661341 0.535021 0.081134 0.650837 -0.478560 0.471827 0.353228 0.0003676313 0.0000031340 -0.0001176722 0.0000002393 -0.0000010432 0.0000379129 0.0027006094 -0.0001772387 0.0000010229 0.0027691515 0.0000055213 0.0025398947
1413393316.40590 0.680687 0.527991 0.100722 0.651376 -0.478120 0.472263 0.352248 0.0003675090 0.0000027804 -0.0001178509 0.0000002343 -0.0000009312 0.0000380397 0.0026976922 -0.0001797192 0.0000010895 0.0027797629 0.0000054868 0.0025399046
1413393316.45590 0.700004 0.522163 0.119447 0.652049 -0.478810 0.472384 0.349894 0.0003667463 0.0000014844 -0.0001189341 0.0000002205 -0.0000005208 0.0000388185 0.0026949375 -0.0001822991 0.0000011269 0.0027911195 0.0000054579 0.0025399787
1413393316.50590 0.719454 0.516790 0.138113 0.652502 -0.479445 0.472965 0.347387 0.0003661489 -0.0000000998 -0.0001197635 0.0000002159 -0.0000000065 0.0000394230 0.0026926612 -0.0001850516 0.0000011675 0.0028027080 0.0000054275 0.0025400510
1413393316.55590 0.740315 0.510748 0.156387 0.653435 -0.479594 0.472691 0.345797 0.0003654610 -0.0000006365 -0.0001206944 0.0000002181 0.0000001711 0.0000401095 0.0026903995 -0.0001877223 0.0000012238 0.0028145031 0.0000053743 0.0025400573
1413393316.60590 0.760348 0.505742 0.173721 0.654488 -0.479629 0.472354 0.344214 0.0003647334 -0.0000010166 -0.0001216668 0.0000002212 0.0000003001 0.0000408359 0.0026878931 -0.0001904492 0.0000012715 0.0028276658 0.0000053342 0.0025401006
1413393316.65590 0.780210 0.501386 0.190102 0.656031 -0.479690 0.471618 0.342194 0.0003636551 -0.0000013682 -0.0001230865 0.0000002249 0.0000004240 0.0000419132 0.0026859377 -0.0001932961 0.0000013101 0.0028407046 0.0000053132 0.0025401738
1413393316.70590 0.800220 0.496847 0.204724 0.657726 -0.479591 0.470602 0.340474 0.0003625421 -0.0000013779 -0.0001245284 0.0000002264 0.0000004341 0.0000430273 0.0026842070 -0.0001961725 0.0000013503 0.0028539201 0.0000052915 0.0025402449
1413393316.75590 0.820432 0.492469 0.217067 0.659724 -0.479129 0.469363 0.338965 0.0003613802 -0.0000009940 -0.0001260093 0.0000002253 0.0000003073 0.0000441931 0.0026824009 -0.0001989411 0.0000013878 0.0028675609 0.0000052735 0.0025403092
1413393316.80590 0.840748 0.487779 0.226736 0.661019 -0.478368 0.469303 0.337598 0.0003608582 -0.0000010442 -0.0001266641 0.0000002270 0.0000003271 0.0000447167 0.0026806335 -0.0002017174 0.0000014291 0.0028817737 0.0000052594 0.0025403738
1413393316.85590 0.861369 0.482482 0.232709 0.662777 -0.477450 0.468706 0.336277 0.0003600813 -0.0000007066 -0.0001276307 0.0000002265 0.0000002107 0.0000454973 0.0026786883 -0.0002042359 0.0000014623 0.0028961654 0.0000052410 0.0025404001
1413393316.90590 0.881910 0.477133 0.235804 0.664108 -0.475948 0.468712 0.335771 0.0003599071 -0.0000000755 -0.0001278483 0.0000002264 -0.0000000133 0.0000456755 0.0026765665 -0.0002065636 0.0000014954 0.0029112226 0.0000052382 0.0025404483
1413393316.95590 0.902869 0.471387 0.236362 0.665328 -0.475196 0.468881 0.334182 0.0003594181 -0.0000003629 -0.0001284477 0.0000002278 0.0000000893 0.0000461667 0.0026743542 -0.0002087055 0.0000015215 0.0029266306 0.0000052377 0.0025404804
1413393317.00590 0.924723 0.464892 0.235663 0.665667 -0.473470 0.470079 0.334275 0.0003600685 -0.0000000479 -0.0001276519 0.0000002283 -0.0000000237 0.0000455188 0.0026719220 -0.0002106225 0.0000015319 0.0029426706 0.0000052375 0.0025404574
1413393317.05590 0.946311 0.458719 0.233308 0.665236 -0.471263 0.471827 0.335785 0.0003614987 0.0000007765 -0.0001258684 0.0000002311 -0.0000003115 0.0000440895 0.0026693618 -0.0002124410 0.0000015361 0.0029598403 0.0000052421 0.0025404828
1413393317.10590 0.967640 0.453358 0.229034 0.663990 -0.468770 0.474900 0.337404 0.0003636053 0.0000010874 -0.0001231648 0.0000002334 -0.0000004095 0.0000419837 0.0026671203 -0.0002144056 0.0000015178 0.0029771956 0.0000052505 0.0025404820
1413393317.15590 0.989419 0.447365 0.223334 0.662569 -0.466264 0.477967 0.339334 0.0003657748 0.0000015243 -0.0001202767 0.0000002372 -0.0000005429 0.0000398138 0.0026651741 -0.0002164853 0.0000014908 0.0029946867 0.0000052291 0.0025404333
1413393317.20590 1.011531 0.441979 0.218876 0.661009 -0.463944 0.480381 0.342135 0.0003678815 0.0000025360 -0.0001173536 0.0000002493 -0.0000008510 0.0000376987 0.0026631112 -0.0002183278 0.0000014756 0.0030126922 0.0000052190 0.0025404359
1413393317.25590 1.033806 0.437234 0.214525 0.659576 -0.462803 0.482461 0.343517 0.0003693205 0.0000025488 -0.0001153059 0.0000002504 -0.0000008381 0.0000362630 0.0026614085 -0.0002205493 0.0000014702 0.0030317029 0.0000052111 0.0025404550
1413393317.30590 1.056528 0.433013 0.210747 0.658249 -0.461747 0.484200 0.345035 0.0003706280 0.0000027448 -0.0001133934 0.0000002541 -0.0000008825 0.0000349560 0.0026599868 -0.0002230340 0.0000014431 0.0030511840 0.0000051808 0.0025404353
1413393317.35590 1.079234 0.429687 0.207169 0.656798 -0.461572 0.485707 0.345914 0.0003716037 0.0000023334 -0.0001119493 0.0000002496 -0.0000007459 0.0000339896 0.0026588181 -0.0002257469 0.0000014235 0.0030713780 0.0000051737 0.0025404612
1413393317.40590 1.102097 0.427448 0.203942 0.655922 -0.461536 0.485927 0.347311 0.0003721532 0.0000027432 -0.0001111113 0.0000002564 -0.0000008624 0.0000334381 0.0026581484 -0.0002289766 0.0000014040 0.0030918940 0.0000051723 0.0025404955
1413393317.45590 1.124996 0.426214 0.200885 0.655668 -0.461600 0.485778 0.347915 0.0003722794 0.0000030156 -0.0001109163 0.0000002616 -0.0000009422 0.0000333114 0.0026578171 -0.0002326406 0.0000013859 0.0031130775 0.0000051746 0.0025405325
1413393317.50590 1.149657 0.424749 0.197234 0.655158 -0.461728 0.485720 0.348786 0.0003725322 0.0000032592 -0.0001105235 0.0000002656 -0.0000010116 0.0000330553 0.0026575631 -0.0002366212 0.0000012978 0.0031345657 0.0000051742 0.0025404098
1413393317.55590 1.172974 0.425485 0.191591 0.654053 -0.462151 0.486305 0.349483 0.0003730203 0.0000029737 -0.0001097832 0.0000002617 -0.0000009201 0.0000325756 0.0026576095 -0.0002410783 0.0000012817 0.0031583383 0.0000051757 0.0025404285
1413393317.60590 1.196289 0.427548 0.183099 0.654242 -0.463021 0.485628 0.348919 0.0003725434 0.0000026617 -0.0001105321 0.0000002577 -0.0000008349 0.0000330611 0.0026584660 -0.0002463886 0.0000012580 0.0031814212 0.0000051816 0.0025404520
1413393317.65590 1.219617 0.430630 0.172259 0.653479 -0.464209 0.485646 0.348744 0.0003725037 0.0000019077 -0.0001106140 0.0000002491 -0.0000006118 0.0000331141 0.0026596862 -0.0002521604 0.0000012296 0.0032046477 0.0000051941 0.0025404738
1413393317.70590 1.243065 0.434345 0.159788 0.652363 -0.465995 0.486044 0.347897 0.0003724265 0.0000003630 -0.0001107538 0.0000002402 -0.0000001532 0.0000332048 0.0026613001 -0.0002585436 0.0000011945 0.0032283241 0.0000052054 0.0025404810
1413393317.75590 1.266315 0.438975 0.146873 0.651998 -0.467078 0.485771 0.347511 0.0003721689 -0.0000002418 -0.0001111531 0.0000002406 0.0000000266 0.0000334665 0.0026631070 -0.0002652556 0.0000011487 0.0032524931 0.0000052081 0.0025404886
1413393317.80590 1.290939 0.443952 0.135773 0.651413 -0.468753 0.485206 0.347141 0.0003718098 -0.0000010538 -0.0001116983 0.0000002434 0.0000002706 0.0000338258 0.0026651901 -0.0002724642 0.0000011077 0.0032767034 0.0000052276 0.0025404751
1413393317.85590 1.313737 0.450638 0.124538 0.651704 -0.469730 0.483602 0.347511 0.0003711836 -0.0000005288 -0.0001126498 0.0000002420 0.0000001140 0.0000344591 0.0026675370 -0.0002802185 0.0000010653 0.0033030327 0.0000052397 0.0025405087
1413393317.90590 1.336462 0.458461 0.114250 0.652293 -0.470222 0.481182 0.349097 0.0003706060 0.0000011062 -0.0001135102 0.0000002454 -0.0000003860 0.0000350386 0.0026706516 -0.0002887422 0.0000010187 0.0033276730 0.0000052496 0.0025405356
1413393317.95590 1.358804 0.466833 0.103733 0.652814 -0.472228 0.478461 0.349154 0.0003693701 0.0000015409 -0.0001153172 0.0000002494 -0.0000005288 0.0000362761 0.0026742190 -0.0002980060 0.0000009747 0.0033529480 0.0000052666 0.0025405670
1413393318.00590 1.381166 0.475959 0.093378 0.653045 -0.473628 0.475738 0.350544 0.0003685722 0.0000027807 -0.0001164442 0.0000002648 -0.0000009269 0.0000370639 0.0026780353 -0.0003076319 0.0000009299 0.0033782936 0.0000052844 0.0025405960
1413393318.05590 1.403801 0.485695 0.082491 0.653082 -0.477035 0.473277 0.349185 0.0003669671 0.0000017463 -0.0001187219 0.0000002528 -0.0000006135 0.0000386863 0.0026821758 -0.0003178394 0.0000008856 0.0034043557 0.0000053066 0.0025406241
1413393318.10590 1.426618 0.496064 0.071716 0.652415 -0.480079 0.471680 0.348421 0.0003659529 0.0000006614 -0.0001201286 0.0000002464 -0.0000002659 0.0000397123 0.0026866105 -0.0003285640 0.0000008444 0.0034310268 0.0000053301 0.0025406503
1413393318.15590 1.449439 0.506808 0.060221 0.651716 -0.483973 0.470366 0.346109 0.0003645008 -0.0000016056 -0.0001220733 0.0000002528 0.0000004891 0.0000411635 0.0026913281 -0.0003397929 0.0000008041 0.0034583403 0.0000053534 0.0025406824
1413393318.20590 1.472523 0.517613 0.048439 0.650182 -0.488254 0.470058 0.343389 0.0003633194 -0.0000048003 -0.0001235456 0.0000003097 0.0000015842 0.0000422932 0.0026962018 -0.0003512755 0.0000007642 0.0034859256 0.0000053764 0.0025407094
1413393318.25590 1.495478 0.528809 0.036604 0.647785 -0.492192 0.471447 0.340381 0.0003627759 -0.0000088580 -0.0001240312 0.0000004629 0.0000029811 0.0000426887 0.0027011396 -0.0003629971 0.0000007291 0.0035142504 0.0000053937 0.0025407352
1413393318.30590 1.518231 0.539693 0.024353 0.644942 -0.495356 0.473402 0.338472 0.0003628635 -0.0000124335 -0.0001236169 0.0000006732 0.0000041889 0.0000423963 0.0027063325 -0.0003749953 0.0000006911 0.0035423600 0.0000054157 0.0025407698
1413393318.35590 1.540532 0.550245 0.011489 0.642402 -0.498250 0.475139 0.336614 0.0003628195 -0.0000157233 -0.0001233048 0.0000009292 0.0000052973 0.0000421898 0.0027114662 -0.0003868938 0.0000006542 0.0035704392 0.0000054369 0.0025408049
1413393318.40590 1.562608 0.560730 -0.002054 0.641007 -0.500130 0.475841 0.335492 0.0003626023 -0.0000175776 -0.0001233412 0.0000011002 0.0000059329 0.0000422405 0.0027163717 -0.0003985475 0.0000006394 0.0035981232 0.0000054519 0.0025408160
1413393318.45590 1.583384 0.570566 -0.015666 0.639434 -0.501537 0.477039 0.334692 0.0003627474 -0.0000193595 -0.0001228914 0.0000012820 0.0000065128 0.0000419192 0.0027213140 -0.0004100869 0.0000006000 0.0036256288 0.0000054711 0.0025408647
1413393318.50590 1.603155 0.580142 -0.030041 0.638223 -0.502805 0.477442 0.334526 0.0003627799 -0.0000203683 -0.0001226921 0.0000013933 0.0000068429 0.0000417816 0.0027260756 -0.0004210561 0.0000005619 0.0036515817 0.0000054971 0.0025409291
1413393318.55590 1.622020 0.589905 -0.044952 0.637472 -0.503045 0.477802 0.335081 0.0003631372 -0.0000205302 -0.0001222038 0.0000014111 0.0000068634 0.0000414124 0.0027310362 -0.0004321244 0.0000005221 0.0036765839 0.0000055221 0.0025409921
1413393318.60590 1.639554 0.599520 -0.060148 0.637130 -0.503775 0.477788 0.334656 0.0003629179 -0.0000210733 -0.0001224045 0.0000014747 0.0000070621 0.0000415736 0.0027358623 -0.0004428944 0.0000004916 0.0037004281 0.0000055229 0.0025410139
1413393318.65590 1.656515 0.609265 -0.074480 0.636400 -0.504158 0.478151 0.334950 0.0003631662 -0.0000214205 -0.0001220247 0.0000015151 0.0000071519 0.0000412905 0.0027408116 -0.0004534768 0.0000004453 0.0037227670 0.0000055320 0.0025410572
1413393318.70590 1.672445 0.618409 -0.087989 0.636130 -0.504686 0.478471 0.334210 0.0003629841 -0.0000221593 -0.0001221377 0.0000016051 0.0000074111 0.0000413884 0.0027458833 -0.0004641271 0.0000003994 0.0037447729 0.0000055503 0.0025411142
1413393318.75590 1.687269 0.627398 -0.099948 0.635662 -0.504655 0.479311 0.333942 0.0003632392 -0.0000227321 -0.0001217029 0.0000016755 0.0000075715 0.0000410686 0.0027506805 -0.0004741356 0.0000003538 0.0037652759 0.0000055670 0.0025411650
1413393318.80590 1.701071 0.636317 -0.110324 0.635780 -0.503531 0.479468 0.335186 0.0003638712 -0.0000217658 -0.0001210489 0.0000015555 0.0000071960 0.0000405623 0.0027555314 -0.0004839328 0.0000003110 0.0037842746 0.0000055888 0.0025412259
1413393318.85590 1.714070 0.645302 -0.118980 0.635153 -0.501676 0.480586 0.337548 0.0003653680 -0.0000205734 -0.0001192496 0.0000014127 0.0000066699 0.0000392141 0.0027603504 -0.0004934838 0.0000002732 0.0038020314 0.0000055975 0.0025412715
1413393318.90590 1.726068 0.654093 -0.126153 0.633210 -0.498634 0.483747 0.341172 0.0003682211 -0.0000194719 -0.0001154579 0.0000012845 0.0000060606 0.0000364947 0.0027654347 -0.0005032141 0.0000002345 0.0038191911 0.0000056131 0.0025413228
1413393318.95590 1.738438 0.664627 -0.132502 0.631406 -0.495489 0.486808 0.344723 0.0003709211 -0.0000183039 -0.0001116924 0.0000011578 0.0000054672 0.0000339241 0.0027704577 -0.0005129007 0.0000002014 0.0038346591 0.0000056018 0.0025412950
1413393319.00590 1.748094 0.675051 -0.138299 0.630052 -0.493121 0.488939 0.347569 0.0003729008 -0.0000172090 -0.0001088401 0.0000010491 0.0000049781 0.0000320582 0.0027770386 -0.0005242705 0.0000001723 0.0038506732 0.0000056132 0.0025413321
1413393319.05590 1.757184 0.686324 -0.143439 0.630675 -0.492005 0.488945 0.348012 0.0003731266 -0.0000164150 -0.0001086158 0.0000009776 0.0000047336 0.0000319095 0.0027836514 -0.0005349321 0.0000001513 0.0038632788 0.0000056183 0.0025413781
1413393319.10590 1.765908 0.698825 -0.148067 0.632086 -0.493284 0.487671 0.345421 0.0003716567 -0.0000172824 -0.0001107595 0.0000010596 0.0000051061 0.0000333022 0.0027907522 -0.0005460759 0.0000001505 0.0038751261 0.0000056270 0.0025414146
1413393319.15591 1.773516 0.711882 -0.151579 0.634577 -0.495446 0.484756 0.341844 0.0003690902 -0.0000180112 -0.0001144687 0.0000011355 0.0000055421 0.0000357985 0.0027987800 -0.0005580854 0.0000001390 0.0038864869 0.0000056351 0.0025414563
1413393319.20591 1.780196 0.725727 -0.153129 0.636541 -0.496866 0.483045 0.338537 0.0003670982 -0.0000189426 -0.0001171677 0.0000012344 0.0000060025 0.0000376970 0.0028071728 -0.0005701519 0.0000001315 0.0038964592 0.0000056418 0.0025414885
1413393319.25591 1.785896 0.740081 -0.153527 0.639378 -0.498732 0.479791 0.335057 0.0003643124 -0.0000192985 -0.0001209262 0.0000012798 0.0000063627 0.0000404430 0.0028159851 -0.0005822940 0.0000001284 0.0039049971 0.0000056554 0.0025415282
1413393319.30591 1.790585 0.754541 -0.154196 0.641770 -0.500665 0.477069 0.331469 0.0003616418 -0.0000200402 -0.0001242995 0.0000013686 0.0000068455 0.0000430305 0.0028251587 -0.0005944093 0.0000001296 0.0039120285 0.0000056717 0.0025415641
1413393319.35591 1.794484 0.769087 -0.155971 0.643922 -0.502369 0.474386 0.328555 0.0003592043 -0.0000204552 -0.0001272903 0.0000014235 0.0000072065 0.0000454187 0.0028344853 -0.0006062988 0.0000001336 0.0039178484 0.0000056888 0.0025415958
1413393319.40591 1.797963 0.782647 -0.159473 0.646064 -0.503258 0.471746 0.326784 0.0003572396 -0.0000200425 -0.0001297350 0.0000013838 0.0000072367 0.0000474290 0.0028437815 -0.0006177986 0.0000001291 0.0039228253 0.0000057034 0.0025416398
1413393319.45591 1.800835 0.795281 -0.164740 0.647638 -0.504231 0.469834 0.324918 0.0003555380 -0.0000201218 -0.0001317254 0.0000013989 0.0000074135 0.0000491214 0.0028521175 -0.0006280572 0.0000001264 0.0039275176 0.0000057205 0.0025416839
1413393319.50591 1.803256 0.807276 -0.171349 0.650051 -0.506020 0.467028 0.321344 0.0003526408 -0.0000207750 -0.0001349153 0.0000014846 0.0000079073 0.0000519386 0.0028600848 -0.0006375552 0.0000001188 0.0039311459 0.0000057345 0.0025417204
1413393319.55591 1.806308 0.818091 -0.179171 0.651709 -0.509342 0.464835 0.315871 0.0003490840 -0.0000232981 -0.0001383623 0.0000018155 0.0000091950 0.0000551668 0.0028672534 -0.0006462677 0.0000001417 0.0039339967 0.0000057280 0.0025416458
1413393319.60591 1.808135 0.827748 -0.188744 0.652940 -0.512106 0.463490 0.310795 0.0003460158 -0.0000258125 -0.0001411007 0.0000021870 0.0000104878 0.0000578694 0.0028738427 -0.0006542266 0.0000001260 0.0039380776 0.0000057466 0.0025416892
1413393319.65591 1.808764 0.836495 -0.198821 0.654177 -0.515043 0.461927 0.305626 0.0003427353 -0.0000283387 -0.0001438817 0.0000026054 0.0000118599 0.0000607373 0.0028800134 -0.0006610429 0.0000001083 0.0039394721 0.0000057653 0.0025417332
1413393319.70591 1.808441 0.843866 -0.208767 0.655140 -0.516508 0.460890 0.302641 0.0003407623 -0.0000296017 -0.0001455256 0.0000028345 0.0000126057 0.0000624869 0.0028852937 -0.0006663924 0.0000000875 0.0039387650 0.0000057804 0.0025417710
1413393319.75591 1.807343 0.848248 -0.218730 0.656247 -0.513436 0.460410 0.306181 0.0003423855 -0.0000264509 -0.0001445861 0.0000023074 0.0000111332 0.0000613972 0.0028887782 -0.0006696650 0.0000000654 0.0039374719 0.0000057886 0.0025418090
1413393319.80591 1.805726 0.850501 -0.229966 0.658784 -0.508448 0.458034 0.312553 0.0003443475 -0.0000201959 -0.0001436896 0.0000014493 0.0000083886 0.0000602996 0.0028903919 -0.0006707215 0.0000000390 0.0039350825 0.0000057908 0.0025418450
1413393319.85590 1.804324 0.850844 -0.242353 0.659985 -0.502879 0.457744 0.319377 0.0003474185 -0.0000146083 -0.0001412939 0.0000008801 0.0000059007 0.0000578041 0.0028904864 -0.0006702201 0.0000000092 0.0039327581 0.0000057972 0.0025418815
1413393319.90590 1.802684 0.850164 -0.256172 0.660818 -0.497424 0.457811 0.326034 0.0003503977 -0.0000092949 -0.0001386426 0.0000005131 0.0000036357 0.0000551965 0.0028900159 -0.0006692619 -0.0000000208 0.0039308136 0.0000058193 0.0025419077
1413393319.95590 1.801880 0.848405 -0.271542 0.661128 -0.492719 0.458336 0.331762 0.0003531024 -0.0000049739 -0.0001359367 0.0000003379 0.0000018717 0.0000526711 0.0028893521 -0.0006680701 -0.0000000305 0.0039286973 0.0000058068 0.0025419407
1413393320.00590 1.801603 0.845594 -0.287780 0.661032 -0.488706 0.459233 0.336613 0.0003555193 -0.0000015192 -0.0001333042 0.0000002755 0.0000005253 0.0000503208 0.0028876703 -0.0006661804 -0.0000000503 0.0039282036 0.0000057823 0.0025419863
1413393320.05591 1.799837 0.842701 -0.309130 0.660374 -0.485790 0.460830 0.339927 0.0003574633 0.0000004656 -0.0001310458 0.0000002665 -0.0000002151 0.0000483773 0.0028855885 -0.0006644268 -0.0000001066 0.0039283223 0.0000058727 0.0025418220
1413393320.10591 1.799781 0.840337 -0.326076 0.658856 -0.483251 0.463324 0.343087 0.0003600783 0.0000015913 -0.0001278922 0.0000002744 -0.0000006097 0.0000457603 0.0028838391 -0.0006620107 -0.0000001357 0.0039259971 0.0000058811 0.0025418785
1413393320.15590 1.800587 0.837423 -0.343424 0.656197 -0.480689 0.466873 0.346947 0.0003632504 0.0000024438 -0.0001238828 0.0000002854 -0.0000008779 0.0000425835 0.0028820632 -0.0006603211 -0.0000001602 0.0039269235 0.0000058772 0.0025419342
1413393320.20590 1.801086 0.833068 -0.361308 0.652899 -0.478990 0.471166 0.349705 0.0003663024 0.0000020606 -0.0001198317 0.0000002794 -0.0000007173 0.0000395339 0.0028801434 -0.0006588768 -0.0000001318 0.0039288513 0.0000059310 0.0025418456
1413393320.25590 1.802506 0.831447 -0.376916 0.650784 -0.478153 0.473311 0.351890 0.0003680785 0.0000020460 -0.0001173752 0.0000002807 -0.0000006954 0.0000377619 0.0028773851 -0.0006562588 -0.0000001516 0.0039302305 0.0000059362 0.0025418927
1413393320.30590 1.804855 0.830491 -0.390702 0.650515 -0.480117 0.472402 0.350935 0.0003673241 0.0000010946 -0.0001184418 0.0000002741 -0.0000003957 0.0000385253 0.0028767173 -0.0006562599 -0.0000001398 0.0039330713 0.0000059223 0.0025419365
1413393320.35590 1.807573 0.830432 -0.400468 0.650587 -0.482288 0.471149 0.349504 0.0003662295 0.0000000746 -0.0001199538 0.0000002722 -0.0000000670 0.0000396263 0.0028765715 -0.0006571638 -0.0000001519 0.0039375981 0.0000059244 0.0025419805
1413393320.40590 1.811084 0.830834 -0.406542 0.651924 -0.485862 0.468420 0.345711 0.0003635498 -0.0000017517 -0.0001235080 0.0000002817 0.0000005528 0.0000423000 0.0028770774 -0.0006588995 -0.0000001613 0.0039425974 0.0000059311 0.0025420087
1413393320.45590 1.815110 0.831320 -0.408655 0.653800 -0.489180 0.464548 0.342702 0.0003605283 -0.0000024965 -0.0001273297 0.0000002917 0.0000008393 0.0000453151 0.0028776063 -0.0006608800 -0.0000001728 0.0039485992 0.0000059449 0.0025420219
1413393320.50590 1.823329 0.826407 -0.407135 0.655591 -0.491266 0.460647 0.341560 0.0003581921 -0.0000019585 -0.0001301731 0.0000002849 0.0000006679 0.0000476545 0.0028773964 -0.0006624080 -0.0000001725 0.0039552332 0.0000059997 0.0025419596
1413393320.55590 1.832913 0.822479 -0.406338 0.656435 -0.492176 0.458368 0.341695 0.0003570338 -0.0000010971 -0.0001315497 0.0000002777 0.0000003594 0.0000488193 0.0028732359 -0.0006611786 -0.0000001483 0.0039687306 0.0000059972 0.0025419145
1413393320.60590 1.839212 0.821589 -0.408469 0.656436 -0.493074 0.457065 0.342142 0.0003565015 -0.0000006485 -0.0001321736 0.0000002765 0.0000001953 0.0000493556 0.0028699693 -0.0006612379 -0.0000001557 0.0039843752 0.0000059964 0.0025419034
1413393320.65590 1.845731 0.820673 -0.415919 0.657565 -0.493343 0.454236 0.343353 0.0003555058 0.0000012211 -0.0001333176 0.0000002807 -0.0000005037 0.0000503499 0.0028689710 -0.0006625406 -0.0000001583 0.0039948017 0.0000059913 0.0025419056
1413393320.70590 1.853545 0.818886 -0.430078 0.657738 -0.493616 0.453257 0.343921 0.0003551905 0.0000018152 -0.0001336718 0.0000002868 -0.0000007292 0.0000506629 0.0028679994 -0.0006640230 -0.0000001474 0.0040058762 0.0000059920 0.0025418891
1413393320.75590 1.861427 0.817723 -0.451152 0.656754 -0.493247 0.454181 0.345111 0.0003561389 0.0000019397 -0.0001325846 0.0000002894 -0.0000007679 0.0000497175 0.0028666665 -0.0006655132 -0.0000001362 0.0040188398 0.0000060095 0.0025418861
1413393320.80590 1.870378 0.816583 -0.478966 0.654863 -0.493065 0.456573 0.345807 0.0003576680 0.0000009819 -0.0001308130 0.0000002831 -0.0000004042 0.0000482026 0.0028658335 -0.0006675693 -0.0000001316 0.0040317363 0.0000060123 0.0025418533
1413393320.85590 1.872993 0.818035 -0.487702 0.645097 -0.488255 0.467881 0.355730 0.0003669088 0.0000007681 -0.0001190343 0.0000002849 -0.0000002938 0.0000389704 0.0028673056 -0.0006702463 -0.0000001331 0.0040363553 0.0000060151 0.0025418863
1413393320.90590 1.868311 0.820938 -0.469870 0.644287 -0.484746 0.467860 0.361970 0.0003690462 0.0000049252 -0.0001159388 0.0000003521 -0.0000015931 0.0000367764 0.0028691691 -0.0006706683 -0.0000001551 0.0040290395 0.0000059893 0.0025418985
1413393320.95590 1.863920 0.823691 -0.461585 0.654752 -0.489253 0.452171 0.357034 0.0003595931 0.0000095312 -0.0001281716 0.0000005423 -0.0000034454 0.0000460499 0.0028710881 -0.0006712490 -0.0000001581 0.0040223397 0.0000059825 0.0025419213
1413393321.00590 1.860538 0.826347 -0.459523 0.663669 -0.490210 0.439538 0.355028 0.0003520253 0.0000151668 -0.0001363967 0.0000009466 -0.0000059275 0.0000532241 0.0028729810 -0.0006721172 -0.0000001557 0.0040171028 0.0000059868 0.0025419467
1413393321.05591 1.858620 0.828608 -0.464695 0.666025 -0.489200 0.437636 0.354357 0.0003506455 0.0000164673 -0.0001377468 0.0000010691 -0.0000065204 0.0000544921 0.0028745445 -0.0006731374 -0.0000001506 0.0040141617 0.0000059985 0.0025419717
1413393321.10591 1.857236 0.830730 -0.479118 0.661364 -0.488264 0.445053 0.355140 0.0003550364 0.0000133086 -0.0001332434 0.0000007963 -0.0000050446 0.0000503834 0.0028757341 -0.0006741228 -0.0000001317 0.0040127498 0.0000060081 0.0025419834
1413393321.15591 1.854534 0.832504 -0.488816 0.640415 -0.487854 0.475168 0.355081 0.0003700520 -0.0000034555 -0.0001145816 0.0000003307 0.0000010264 0.0000358449 0.0028774133 -0.0006748337 -0.0000001239 0.0040080664 0.0000060162 0.0025420314
1413393321.20591 1.852573 0.834442 -0.475525 0.636844 -0.480412 0.478147 0.367436 0.0003754744 0.0000032928 -0.0001062563 0.0000003306 -0.0000009770 0.0000304332 0.0028785292 -0.0006753391 -0.0000001434 0.0040050228 0.0000060088 0.0025420102
1413393321.25591 1.854332 0.834236 -0.471652 0.641917 -0.480752 0.469070 0.369855 0.0003722035 0.0000092079 -0.0001110685 0.0000005333 -0.0000027951 0.0000335132 0.0028787583 -0.0006761580 -0.0000001441 0.0040078397 0.0000060055 0.0025420642
1413393321.30591 1.855024 0.832733 -0.481468 0.646488 -0.490585 0.456823 0.364270 0.0003646710 0.0000087231 -0.0001218177 0.0000005180 -0.0000029628 0.0000410724 0.0028776035 -0.0006752792 -0.0000001545 0.0040097388 0.0000060090 0.0025421063
1413393321.35591 1.854236 0.829895 -0.485183 0.641244 -0.495114 0.465646 0.356149 0.0003660547 -0.0000017131 -0.0001202731 0.0000003190 0.0000005173 0.0000398996 0.0028759186 -0.0006729027 -0.0000001545 0.0040078960 0.0000060147 0.0025421802
1413393321.40591 1.852845 0.829506 -0.479528 0.639362 -0.491995 0.467786 0.361018 0.0003687985 0.0000004804 -0.0001164800 0.0000003144 -0.0000001980 0.0000371710 0.0028758044 -0.0006721897 -0.0000001576 0.0040059896 0.0000060127 0.0025422768
1413393321.45591 1.855239 0.829128 -0.479465 0.637046 -0.491212 0.470595 0.362525 0.0003706039 -0.0000002087 -0.0001138762 0.0000003168 0.0000000179 0.0000353749 0.0028757375 -0.0006727979 -0.0000001615 0.0040097813 0.0000060162 0.0025424018
1413393321.50591 1.855167 0.827922 -0.483167 0.639487 -0.489544 0.467449 0.364545 0.0003698665 0.0000033144 -0.0001149139 0.0000003488 -0.0000010772 0.0000360860 0.0028738603 -0.0006717091 -0.0000001588 0.0040117940 0.0000059970 0.0025421013
1413393321.55591 1.852657 0.828062 -0.483990 0.639328 -0.492520 0.467643 0.360546 0.0003685504 0.0000001519 -0.0001168574 0.0000003205 -0.0000000954 0.0000374386 0.0028727139 -0.0006701826 -0.0000002038 0.0040097555 0.0000059992 0.0025419522
1413393321.60591 1.852868 0.827589 -0.484821 0.639391 -0.491782 0.467638 0.361447 0.0003688904 0.0000008335 -0.0001163796 0.0000003248 -0.0000003105 0.0000371047 0.0028734931 -0.0006704339 -0.0000002013 0.0040071212 0.0000060152 0.0025419590
1413393321.65591 1.853309 0.827972 -0.484636 0.638667 -0.490965 0.468506 0.362712 0.0003697308 0.0000012190 -0.0001151773 0.0000003292 -0.0000004275 0.0000362700 0.0028736851 -0.0006708358 -0.0000002032 0.0040079844 0.0000060292 0.0025419634
1413393321.70590 1.852687 0.827697 -0.484668 0.638306 -0.490825 0.469038 0.362849 0.0003700242 0.0000010336 -0.0001147617 0.0000003303 -0.0000003684 0.0000359857 0.0028734184 -0.0006703792 -0.0000002052 0.0040072915 0.0000060453 0.0025419645
1413393321.75590 1.852826 0.827665 -0.485312 0.638971 -0.491675 0.468149 0.361673 0.0003692154 0.0000006633 -0.0001159410 0.0000003307 -0.0000002563 0.0000368041 0.0028733544 -0.0006703698 -0.0000002070 0.0040075815 0.0000060620 0.0025419683
1413393321.80590 1.852769 0.828084 -0.485161 0.638611 -0.491196 0.468544 0.362449 0.0003696708 0.0000009742 -0.0001152913 0.0000003342 -0.0000003520 0.0000363550 0.0028736119 -0.0006706904 -0.0000002105 0.0040077777 0.0000060780 0.0025419710
1413393321.85590 1.852472 0.828681 -0.485217 0.638320 -0.491244 0.468972 0.362341 0.0003698342 0.0000006590 -0.0001150652 0.0000003349 -0.0000002533 0.0000362007 0.0028740495 -0.0006710823 -0.0000002139 0.0040074220 0.0000060934 0.0025419733
1413393321.90590 1.852237 0.829148 -0.485119 0.638251 -0.491144 0.469021 0.362536 0.0003699300 0.0000007587 -0.0001149337 0.0000003373 -0.0000002842 0.0000361122 0.0028744123 -0.0006714305 -0.0000002178 0.0040072340 0.0000061076 0.0025419746
1413393321.95590 1.852366 0.829749 -0.485307 0.638533 -0.491497 0.468677 0.362005 0.0003695953 0.0000005790 -0.0001154273 0.0000003387 -0.0000002294 0.0000364551 0.0028748852 -0.0006720007 -0.0000002214 0.0040074882 0.0000061201 0.0025419768
1413393322.00590 1.851830 0.830917 -0.485005 0.638146 -0.491114 0.469135 0.362613 0.0003700140 0.0000007416 -0.0001148274 0.0000003407 -0.0000002790 0.0000360429 0.0028753461 -0.0006722881 -0.0000002247 0.0040065120 0.0000061175 0.0025419690
1413393322.05590 1.851793 0.831587 -0.485035 0.638080 -0.491243 0.469317 0.362318 0.0003700090 0.0000004582 -0.0001148441 0.0000003417 -0.0000001911 0.0000360563 0.0028763263 -0.0006733028 -0.0000002267 0.0040062875 0.0000061227 0.0025419704
1413393322.10590 1.851446 0.832484 -0.485003 0.638215 -0.491231 0.469072 0.362416 0.0003699329 0.0000006464 -0.0001149611 0.0000003436 -0.0000002500 0.0000361388 0.0028767315 -0.0006736168 -0.0000002286 0.0040057125 0.0000061228 0.0025419656
1413393322.15590 1.851234 0.833006 -0.484955 0.638195 -0.491305 0.469156 0.362241 0.0003699223 0.0000004928 -0.0001149849 0.0000003451 -0.0000002024 0.0000361572 0.0028775150 -0.0006743009 -0.0000002288 0.0040049863 0.0000061237 0.0025419661
1413393322.20590 1.851112 0.833511 -0.484829 0.638098 -0.491154 0.469352 0.362364 0.0003700602 0.0000005062 -0.0001147917 0.0000003471 -0.0000002064 0.0000360264 0.0028779584 -0.0006747110 -0.0000002291 0.0040046804 0.0000061233 0.0025419658
1413393322.25590 1.851010 0.833879 -0.484822 0.638063 -0.491303 0.469260 0.362341 0.0003700167 0.0000004631 -0.0001148624 0.0000003490 -0.0000001933 0.0000360770 0.0028782855 -0.0006749948 -0.0000002288 0.0040043753 0.0000061222 0.0025419654
1413393322.30590 1.850841 0.834218 -0.484785 0.638114 -0.491352 0.469196 0.362268 0.0003699674 0.0000004479 -0.0001149412 0.0000003509 -0.0000001888 0.0000361334 0.0028785921 -0.0006752436 -0.0000002283 0.0040040139 0.0000061206 0.0025419652
1413393322.35590 1.850814 0.834633 -0.484709 0.638065 -0.491258 0.469335 0.362304 0.0003700485 0.0000004312 -0.0001148305 0.0000003529 -0.0000001837 0.0000360593 0.0028789572 -0.0006755971 -0.0000002276 0.0040038332 0.0000061183 0.0025419651
1413393322.40590 1.850679 0.834875 -0.484677 0.638080 -0.491351 0.469247 0.362263 0.0003700001 0.0000004168 -0.0001149076 0.0000003548 -0.0000001795 0.0000361145 0.0028792061 -0.0006758020 -0.0000002267 0.0040035546 0.0000061157 0.0025419649
1413393322.45590 1.850611 0.835066 -0.484629 0.638056 -0.491402 0.469206 0.362291 0.0003699959 0.0000004200 -0.0001149204 0.0000003568 -0.0000001807 0.0000361254 0.0028793666 -0.0006759322 -0.0000002257 0.0040033671 0.0000061129 0.0025419646
1413393322.50590 1.850597 0.835277 -0.484522 0.638071 -0.491353 0.469287 0.362225 0.0003700150 0.0000003779 -0.0001148994 0.0000003586 -0.0000001677 0.0000361131 0.0028795482 -0.0006761049 -0.0000002248 0.0040032639 0.0000061100 0.0025419642
1413393322.55590 1.850497 0.835367 -0.484422 0.638117 -0.491273 0.469306 0.362228 0.0003700293 0.0000004140 -0.0001148849 0.0000003606 -0.0000001791 0.0000361053 0.0028796317 -0.0006761471 -0.0000002238 0.0040030558 0.0000061071 0.0025419635
1413393322.60590 1.850480 0.835461 -0.484343 0.638106 -0.491372 0.469230 0.362212 0.0003699934 0.0000003937 -0.0001149433 0.0000003624 -0.0000001731 0.0000361477 0.0028796914 -0.0006761886 -0.0000002227 0.0040029555 0.0000061043 0.0025419627
1413393322.65590 1.850435 0.835511 -0.484227 0.638100 -0.491431 0.469198 0.362183 0.0003699723 0.0000003676 -0.0001149801 0.0000003642 -0.0000001652 0.0000361751 0.0028797302 -0.0006762009 -0.0000002217 0.0040028265 0.0000061016 0.0025419618
1413393322.70590 1.850418 0.835557 -0.484093 0.638137 -0.491437 0.469212 0.362092 0.0003699511 0.0000003267 -0.0001150168 0.0000003660 -0.0000001527 0.0000362027 0.0028797721 -0.0006762356 -0.0000002207 0.0040027783 0.0000060990 0.0025419607
1413393322.75590 1.850457 0.835568 -0.484024 0.638153 -0.491445 0.469238 0.362020 0.0003699414 0.0000002828 -0.0001150367 0.0000003677 -0.0000001392 0.0000362185 0.0028797672 -0.0006762387 -0.0000002198 0.0040028116 0.0000060964 0.0025419596
1413393322.80590 1.850465 0.835572 -0.484012 0.638136 -0.491427 0.469234 0.362079 0.0003699633 0.0000003148 -0.0001150104 0.0000003695 -0.0000001494 0.0000362026 0.0028797514 -0.0006762227 -0.0000002189 0.0040028130 0.0000060939 0.0025419586
1413393322.85590 1.850481 0.835503 -0.484011 0.638140 -0.491461 0.469218 0.362046 0.0003699484 0.0000002946 -0.0001150374 0.0000003712 -0.0000001433 0.0000362234 0.0028797081 -0.0006761761 -0.0000002179 0.0040028100 0.0000060914 0.0025419576
1413393322.90590 1.850527 0.835455 -0.483999 0.638141 -0.491510 0.469214 0.361983 0.0003699276 0.0000002487 -0.0001150730 0.0000003728 -0.0000001293 0.0000362501 0.0028796553 -0.0006761402 -0.0000002171 0.0040028970 0.0000060890 0.0025419567
1413393322.95590 1.850516 0.835416 -0.483968 0.638095 -0.491536 0.469253 0.361979 0.0003699464 0.0000002095 -0.0001150507 0.0000003744 -0.0000001173 0.0000362369 0.0028796059 -0.0006760803 -0.0000002163 0.0040028632 0.0000060867 0.0025419557
1413393323.00590 1.850543 0.835376 -0.483969 0.638109 -0.491537 0.469269 0.361931 0.0003699409 0.0000001828 -0.0001150636 0.0000003760 -0.0000001092 0.0000362481 0.0028795729 -0.0006760474 -0.0000002155 0.0040028681 0.0000060847 0.0025419548
1413393323.05590 1.850540 0.835344 -0.484005 0.638115 -0.491526 0.469314 0.361878 0.0003699455 0.0000001445 -0.0001150617 0.0000003776 -0.0000000975 0.0000362490 0.0028795330 -0.0006760030 -0.0000002148 0.0040028549 0.0000060827 0.0025419541
1413393323.10590 1.850522 0.835317 -0.484031 0.638145 -0.491528 0.469313 0.361824 0.0003699292 0.0000001253 -0.0001150899 0.0000003792 -0.0000000917 0.0000362706 0.0028795087 -0.0006759665 -0.0000002142 0.0040028017 0.0000060810 0.0025419534
1413393323.15590 1.850547 0.835273 -0.484022 0.638120 -0.491533 0.469359 0.361802 0.0003699439 0.0000000878 -0.0001150727 0.0000003807 -0.0000000803 0.0000362610 0.0028794575 -0.0006759193 -0.0000002137 0.0040028284 0.0000060794 0.0025419526
1413393323.20590 1.850594 0.835178 -0.484055 0.638116 -0.491539 0.469370 0.361788 0.0003699465 0.0000000735 -0.0001150732 0.0000003822 -0.0000000761 0.0000362635 0.0028793761 -0.0006758489 -0.0000002133 0.0040028958 0.0000060780 0.0025419518
1413393323.25590 1.850642 0.835068 -0.484094 0.638120 -0.491577 0.469347 0.361758 0.0003699280 0.0000000558 -0.0001151039 0.0000003838 -0.0000000708 0.0000362870 0.0028792701 -0.0006757586 -0.0000002130 0.0040029915 0.0000060768 0.0025419510
1413393323.30590 1.850722 0.834952 -0.484130 0.638088 -0.491625 0.469362 0.361729 0.0003699263 0.0000000100 -0.0001151101 0.0000003852 -0.0000000568 0.0000362935 0.0028791670 -0.0006756823 -0.0000002128 0.0040031344 0.0000060758 0.0025419504
1413393323.35590 1.850776 0.834802 -0.484184 0.638098 -0.491639 0.469341 0.361719 0.0003699151 0.0000000114 -0.0001151298 0.0000003867 -0.0000000575 0.0000363093 0.0028790318 -0.0006755610 -0.0000002127 0.0040032322 0.0000060750 0.0025419497
1413393323.40590 1.850884 0.834571 -0.484265 0.638077 -0.491734 0.469305 0.361675 0.0003698841 -0.0000000378 -0.0001151781 0.0000003882 -0.0000000424 0.0000363449 0.0028788327 -0.0006753834 -0.0000002127 0.0040033862 0.0000060743 0.0025419491
1413393323.45590 1.850962 0.834392 -0.484441 0.638059 -0.491748 0.469361 0.361614 0.0003698905 -0.0000000965 -0.0001151720 0.0000003896 -0.0000000244 0.0000363429 0.0028786833 -0.0006752642 -0.0000002126 0.0040035578 0.0000060738 0.0025419489
1413393323.50590 1.851025 0.834252 -0.484626 0.638013 -0.491759 0.469444 0.361573 0.0003699153 -0.0000001642 -0.0001151390 0.0000003911 -0.0000000035 0.0000363225 0.0028785603 -0.0006751648 -0.0000002126 0.0040036909 0.0000060734 0.0025419490
1413393323.55590 1.851111 0.834075 -0.484692 0.638038 -0.491784 0.469414 0.361534 0.0003698904 -0.0000001747 -0.0001151779 0.0000003925 -0.0000000005 0.0000363515 0.0028784149 -0.0006750337 -0.0000002128 0.0040037926 0.0000060730 0.0025419490
1413393323.60590 1.851159 0.833877 -0.484699 0.638007 -0.491840 0.469428 0.361495 0.0003698832 -0.0000002308 -0.0001151909 0.0000003939 0.0000000167 0.0000363628 0.0028782294 -0.0006748571 -0.0000002132 0.0040038854 0.0000060729 0.0025419486
1413393323.65590 1.851205 0.833692 -0.484642 0.637991 -0.491882 0.469415 0.361482 0.0003698737 -0.0000002542 -0.0001152071 0.0000003953 0.0000000238 0.0000363763 0.0028780667 -0.0006746919 -0.0000002136 0.0040039205 0.0000060731 0.0025419479
1413393323.70590 1.851266 0.833522 -0.484568 0.637975 -0.491882 0.469435 0.361486 0.0003698850 -0.0000002671 -0.0001151929 0.0000003966 0.0000000275 0.0000363687 0.0028779171 -0.0006745431 -0.0000002143 0.0040039652 0.0000060737 0.0025419468
1413393323.75590 1.851276 0.833374 -0.484481 0.637966 -0.491930 0.469421 0.361453 0.0003698667 -0.0000003011 -0.0001152214 0.0000003980 0.0000000378 0.0000363907 0.0028777733 -0.0006743979 -0.0000002150 0.0040039986 0.0000060746 0.0025419455
1413393323.80590 1.851311 0.833262 -0.484378 0.637961 -0.491948 0.469437 0.361417 0.0003698619 -0.0000003324 -0.0001152302 0.0000003993 0.0000000473 0.0000363991 0.0028776605 -0.0006742969 -0.0000002159 0.0040040769 0.0000060756 0.0025419441
1413393323.85590 1.851380 0.833141 -0.484303 0.637973 -0.491915 0.469431 0.361447 0.0003698717 -0.0000003008 -0.0001152179 0.0000004005 0.0000000372 0.0000363928 0.0028775606 -0.0006742090 -0.0000002168 0.0040041514 0.0000060768 0.0025419425
1413393323.90590 1.851441 0.833038 -0.484276 0.637936 -0.491978 0.469455 0.361395 0.0003698652 -0.0000003696 -0.0001152289 0.0000004018 0.0000000584 0.0000364027 0.0028774619 -0.0006741251 -0.0000002178 0.0040042367 0.0000060781 0.0025419410
1413393323.95590 1.851490 0.832964 -0.484225 0.637946 -0.491953 0.469427 0.361449 0.0003698721 -0.0000003217 -0.0001152204 0.0000004030 0.0000000431 0.0000363991 0.0028773993 -0.0006740740 -0.0000002188 0.0040042941 0.0000060793 0.0025419396
1413393324.00590 1.851523 0.832901 -0.484219 0.637898 -0.492005 0.469464 0.361414 0.0003698773 -0.0000003875 -0.0001152140 0.0000004043 0.0000000633 0.0000363969 0.0028773392 -0.0006740200 -0.0000002198 0.0040043261 0.0000060805 0.0025419383
1413393324.05590 1.851549 0.832866 -0.484233 0.637909 -0.491994 0.469428 0.361458 0.0003698774 -0.0000003465 -0.0001152152 0.0000004054 0.0000000502 0.0000364000 0.0028772997 -0.0006739859 -0.0000002207 0.0040043476 0.0000060817 0.0025419372
1413393324.10590 1.851572 0.832852 -0.484293 0.637888 -0.492029 0.469448 0.361420 0.0003698740 -0.0000003925 -0.0001152209 0.0000004066 0.0000000643 0.0000364062 0.0028772921 -0.0006739851 -0.0000002215 0.0040043615 0.0000060828 0.0025419365
1413393324.15590 1.851614 0.832880 -0.484351 0.637884 -0.492019 0.469426 0.361470 0.0003698825 -0.0000003574 -0.0001152095 0.0000004077 0.0000000530 0.0000364006 0.0028773032 -0.0006740174 -0.0000002223 0.0040044310 0.0000060837 0.0025419360
1413393324.20590 1.851623 0.832916 -0.484394 0.637832 -0.492043 0.469469 0.361474 0.0003699039 -0.0000003948 -0.0001151792 0.0000004089 0.0000000643 0.0000363819 0.0028773249 -0.0006740530 -0.0000002231 0.0040044645 0.0000060844 0.0025419356
1413393324.25590 1.851627 0.832939 -0.484441 0.637844 -0.492045 0.469461 0.361460 0.0003698946 -0.0000003960 -0.0001151925 0.0000004097 0.0000000643 0.0000363933 0.0028773438 -0.0006740797 -0.0000002240 0.0040044707 0.0000060854 0.0025419351
1413393324.30590 1.851565 0.832993 -0.484520 0.637836 -0.492056 0.469480 0.361433 0.0003698938 -0.0000004234 -0.0001151939 0.0000004108 0.0000000725 0.0000363965 0.0028773470 -0.0006740737 -0.0000002247 0.0040044094 0.0000060860 0.0025419347
1413393324.35590 1.851553 0.833015 -0.484631 0.637825 -0.492064 0.469482 0.361440 0.0003698989 -0.0000004293 -0.0001151866 0.0000004118 0.0000000739 0.0000363937 0.0028773748 -0.0006740846 -0.0000002252 0.0040043048 0.0000060866 0.0025419345
1413393324.40590 1.851573 0.833048 -0.484753 0.637820 -0.492045 0.469516 0.361430 0.0003699122 -0.0000004409 -0.0001151673 0.0000004128 0.0000000772 0.0000363826 0.0028774174 -0.0006741388 -0.0000002258 0.0040043175 0.0000060870 0.0025419345
1413393324.45590 1.851545 0.833117 -0.484849 0.637779 -0.492069 0.469554 0.361420 0.0003699260 -0.0000004806 -0.0001151470 0.0000004139 0.0000000892 0.0000363707 0.0028774509 -0.0006741785 -0.0000002263 0.0040043095 0.0000060873 0.0025419346
1413393324.50590 1.851491 0.833196 -0.484951 0.637819 -0.492039 0.469535 0.361415 0.0003699158 -0.0000004549 -0.0001151615 0.0000004147 0.0000000809 0.0000363830 0.0028775111 -0.0006742233 -0.0000002268 0.0040041981 0.0000060876 0.0025419346
1413393324.55590 1.851455 0.833283 -0.485041 0.637823 -0.492049 0.469532 0.361399 0.0003699093 -0.0000004674 -0.0001151704 0.0000004157 0.0000000844 0.0000363914 0.0028775692 -0.0006742631 -0.0000002273 0.0040040743 0.0000060879 0.0025419345
1413393324.60590 1.851394 0.833305 -0.485084 0.637832 -0.492017 0.469534 0.361424 0.0003699198 -0.0000004414 -0.0001151547 0.0000004165 0.0000000759 0.0000363827 0.0028776145 -0.0006742950 -0.0000002279 0.0040039765 0.0000060883 0.0025419342
1413393324.65590 1.851416 0.833327 -0.485119 0.637830 -0.492012 0.469536 0.361432 0.0003699229 -0.0000004383 -0.0001151495 0.0000004173 0.0000000746 0.0000363813 0.0028776160 -0.0006742979 -0.0000002284 0.0040039599 0.0000060886 0.0025419337
1413393324.70590 1.851442 0.833322 -0.485160 0.637838 -0.492001 0.469538 0.361430 0.0003699244 -0.0000004322 -0.0001151467 0.0000004182 0.0000000723 0.0000363815 0.0028776446 -0.0006743427 -0.0000002291 0.0040039966 0.0000060889 0.0025419332
1413393324.75590 1.851422 0.833395 -0.485227 0.637836 -0.491978 0.469554 0.361443 0.0003699342 -0.0000004263 -0.0001151315 0.0000004189 0.0000000701 0.0000363732 0.0028776418 -0.0006743424 -0.0000002297 0.0040039855 0.0000060892 0.0025419326
1413393324.80590 1.851415 0.833413 -0.485278 0.637824 -0.491972 0.469580 0.361440 0.0003699465 -0.0000004380 -0.0001151124 0.0000004198 0.0000000733 0.0000363622 0.0028776958 -0.0006743973 -0.0000002303 0.0040039461 0.0000060895 0.0025419320
1413393324.85590 1.851459 0.833355 -0.485349 0.637832 -0.491981 0.469552 0.361450 0.0003699380 -0.0000004254 -0.0001151236 0.0000004205 0.0000000691 0.0000363720 0.0028776772 -0.0006743709 -0.0000002309 0.0040038956 0.0000060898 0.0025419313
1413393324.90590 1.851445 0.833355 -0.485413 0.637801 -0.491982 0.469588 0.361456 0.0003699531 -0.0000004457 -0.0001151003 0.0000004213 0.0000000749 0.0000363581 0.0028776415 -0.0006743563 -0.0000002316 0.0040039767 0.0000060899 0.0025419305
1413393324.95590 1.851539 0.833342 -0.485492 0.637809 -0.491999 0.469563 0.361452 0.0003699426 -0.0000004422 -0.0001151141 0.0000004220 0.0000000735 0.0000363697 0.0028776588 -0.0006743908 -0.0000002322 0.0040040205 0.0000060901 0.0025419299
1413393325.00590 1.851619 0.833314 -0.485597 0.637788 -0.492004 0.469583 0.361454 0.0003699527 -0.0000004546 -0.0001150980 0.0000004227 0.0000000769 0.0000363606 0.0028776265 -0.0006743973 -0.0000002329 0.0040041766 0.0000060901 0.0025419293
1413393325.05590 1.851588 0.833364 -0.485682 0.637762 -0.491992 0.469626 0.361463 0.0003699707 -0.0000004696 -0.0001150701 0.0000004235 0.0000000812 0.0000363435 0.0028775915 -0.0006743916 -0.0000002336 0.0040042919 0.0000060900 0.0025419287
1413393325.10590 1.851695 0.833328 -0.485797 0.637774 -0.491939 0.469688 0.361433 0.0003699824 -0.0000004784 -0.0001150501 0.0000004237 0.0000000834 0.0000363318 0.0028776206 -0.0006744386 -0.0000002345 0.0040043310 0.0000060902 0.0025419281
1413393325.15590 1.851793 0.833266 -0.485888 0.637768 -0.492006 0.469639 0.361415 0.0003699606 -0.0000004978 -0.0001150796 0.0000004243 0.0000000891 0.0000363542 0.0028775910 -0.0006744456 -0.0000002354 0.0040044750 0.0000060901 0.0025419275
1413393325.20590 1.851864 0.833230 -0.485933 0.637764 -0.492012 0.469660 0.361388 0.0003699587 -0.0000005230 -0.0001150799 0.0000004249 0.0000000965 0.0000363565 0.0028775416 -0.0006744265 -0.0000002363 0.0040045980 0.0000060900 0.0025419268
1413393325.25590 1.851865 0.833228 -0.485967 0.637745 -0.491974 0.469701 0.361418 0.0003699858 -0.0000005161 -0.0001150383 0.0000004253 0.0000000939 0.0000363298 0.0028774951 -0.0006743955 -0.0000002372 0.0040046560 0.0000060900 0.0025419258
1413393325.30590 1.851881 0.833187 -0.485978 0.637761 -0.491929 0.469749 0.361390 0.0003699980 -0.0000005292 -0.0001150180 0.0000004258 0.0000000975 0.0000363179 0.0028774658 -0.0006743674 -0.0000002381 0.0040046454 0.0000060901 0.0025419247
1413393325.35590 1.851913 0.833129 -0.485994 0.637746 -0.491949 0.469751 0.361386 0.0003699974 -0.0000005475 -0.0001150163 0.0000004263 0.0000001028 0.0000363188 0.0028774245 -0.0006743191 -0.0000002390 0.0040046036 0.0000060904 0.0025419234
1413393325.40590 1.851958 0.833054 -0.486002 0.637715 -0.491944 0.469792 0.361395 0.0003700187 -0.0000005697 -0.0001149826 0.0000004267 0.0000001092 0.0000362975 0.0028773599 -0.0006742583 -0.0000002399 0.0040046174 0.0000060908 0.0025419219
1413393325.45590 1.851963 0.832977 -0.486010 0.637607 -0.492053 0.469707 0.361548 0.0003700322 -0.0000005319 -0.0001149603 0.0000004270 0.0000000969 0.0000362841 0.0028772854 -0.0006741810 -0.0000002407 0.0040046072 0.0000060913 0.0025419203
1413393325.50590 1.852019 0.832913 -0.485987 0.637554 -0.492070 0.469684 0.361647 0.0003700538 -0.0000004965 -0.0001149264 0.0000004273 0.0000000854 0.0000362626 0.0028772105 -0.0006741301 -0.0000002416 0.0040047145 0.0000060918 0.0025419186
1413393325.55590 1.852073 0.832866 -0.485961 0.637481 -0.492153 0.469698 0.361644 0.0003700576 -0.0000005560 -0.0001149177 0.0000004278 0.0000001034 0.0000362586 0.0028771431 -0.0006740834 -0.0000002426 0.0040048040 0.0000060923 0.0025419169
1413393325.60591 1.852110 0.832801 -0.485931 0.637462 -0.492140 0.469615 0.361803 0.0003700752 -0.0000004457 -0.0001148896 0.0000004278 0.0000000686 0.0000362410 0.0028770940 -0.0006740499 -0.0000002435 0.0040048660 0.0000060929 0.0025419151
1413393325.65591 1.852141 0.832805 -0.485924 0.637415 -0.492188 0.469628 0.361805 0.0003700789 -0.0000004820 -0.0001148801 0.0000004279 0.0000000792 0.0000362361 0.0028770267 -0.0006739995 -0.0000002444 0.0040049384 0.0000060932 0.0025419132
1413393325.70590 1.852212 0.832742 -0.485926 0.637454 -0.492105 0.469660 0.361807 0.0003700947 -0.0000004501 -0.0001148539 0.0000004279 0.0000000687 0.0000362199 0.0028770212 -0.0006740214 -0.0000002453 0.0040050335 0.0000060935 0.0025419117
1413393325.75590 1.852293 0.832703 -0.485948 0.637449 -0.492061 0.469736 0.361778 0.0003701182 -0.0000004772 -0.0001148162 0.0000004282 0.0000000766 0.0000361958 0.0028769648 -0.0006740087 -0.0000002463 0.0040052186 0.0000060937 0.0025419101
1413393325.80590 1.852356 0.832667 -0.485983 0.637439 -0.492069 0.469716 0.361810 0.0003701180 -0.0000004579 -0.0001148132 0.0000004283 0.0000000701 0.0000361954 0.0028769222 -0.0006739990 -0.0000002473 0.0040053511 0.0000060938 0.0025419087
1413393325.85590 1.852432 0.832649 -0.486009 0.637444 -0.492043 0.469747 0.361795 0.0003701268 -0.0000004637 -0.0001147966 0.0000004284 0.0000000713 0.0000361858 0.0028769020 -0.0006740193 -0.0000002483 0.0040055070 0.0000060937 0.0025419074
1413393325.90590 1.852507 0.832613 -0.486046 0.637454 -0.492018 0.469784 0.361764 0.0003701312 -0.0000004788 -0.0001147866 0.0000004285 0.0000000755 0.0000361806 0.0028768613 -0.0006740192 -0.0000002492 0.0040056712 0.0000060936 0.0025419061
1413393325.95590 1.852556 0.832573 -0.486083 0.637438 -0.492027 0.469785 0.361780 0.0003701363 -0.0000004781 -0.0001147754 0.0000004286 0.0000000747 0.0000361745 0.0028768291 -0.0006740154 -0.0000002502 0.0040057788 0.0000060934 0.0025419048
1413393326.00590 1.852619 0.832577 -0.486115 0.637442 -0.491983 0.469824 0.361782 0.0003701534 -0.0000004719 -0.0001147468 0.0000004286 0.0000000722 0.0000361566 0.0028768210 -0.0006740445 -0.0000002511 0.0040059158 0.0000060932 0.0025419036
1413393326.05590 1.852637 0.832573 -0.486153 0.637451 -0.491972 0.469808 0.361801 0.0003701513 -0.0000004475 -0.0001147460 0.0000004286 0.0000000641 0.0000361576 0.0028768166 -0.0006740577 -0.0000002519 0.0040059655 0.0000060930 0.0025419024
1413393326.10590 1.852658 0.832574 -0.486209 0.637454 -0.491975 0.469826 0.361769 0.0003701457 -0.0000004698 -0.0001147504 0.0000004287 0.0000000705 0.0000361622 0.0028768070 -0.0006740650 -0.0000002527 0.0040060140 0.0000060927 0.0025419013
1413393326.15590 1.852668 0.832611 -0.486271 0.637415 -0.491985 0.469840 0.361806 0.0003701641 -0.0000004737 -0.0001147196 0.0000004287 0.0000000711 0.0000361426 0.0028768199 -0.0006740895 -0.0000002534 0.0040060310 0.0000060924 0.0025419002
