# timestamp (sec),tracking,propagation,msckf update,slam update,slam delayed,re-tri & marg,total
1413393217.155760526657104,0.00469,0.00014,0.00019,0.00000,0.00000,0.00213,0.00716
1413393217.206009626388550,0.00740,0.00024,0.00248,0.00000,0.00630,0.00182,0.01826
1413393217.255807638168335,0.00592,0.00032,0.00023,0.00255,0.00000,0.00153,0.01054
1413393217.305674791336060,0.00594,0.00039,0.00032,0.00248,0.00000,0.00206,0.01120
1413393217.355556488037109,0.00574,0.00015,0.00016,0.00248,0.00000,0.00178,0.01030
1413393217.405611991882324,0.00583,0.00022,0.00048,0.00246,0.00000,0.00168,0.01066
1413393217.455573320388794,0.00603,0.00028,0.00023,0.00250,0.00000,0.00168,0.01072
1413393217.505641698837280,0.00690,0.00049,0.00041,0.00546,0.00000,0.00316,0.01642
1413393217.555531263351440,0.00675,0.00019,0.00035,0.00249,0.00192,0.00170,0.01340
1413393217.605767250061035,0.00537,0.00021,0.00018,0.00279,0.00000,0.00166,0.01022
1413393217.655671596527100,0.00508,0.00017,0.00018,0.00274,0.00000,0.00151,0.00968
1413393217.706210136413574,0.00487,0.00019,0.00029,0.00320,0.00000,0.00174,0.01028
1413393217.756154537200928,0.00588,0.00020,0.00019,0.00279,0.00000,0.00226,0.01132
1413393217.806429862976074,0.00610,0.00034,0.00883,0.00471,0.01471,0.00146,0.03615
1413393217.856437206268311,0.00590,0.00023,0.00010,0.00439,0.00222,0.00188,0.01472
1413393217.906502485275269,0.00635,0.00039,0.00042,0.00529,0.00345,0.00159,0.01749
1413393217.956365108489990,0.00572,0.00022,0.00051,0.00532,0.00014,0.00179,0.01370
1413393218.006500959396362,0.00605,0.00032,0.00007,0.00566,0.00000,0.00174,0.01384
1413393218.056637763977051,0.00660,0.00021,0.00008,0.00567,0.00000,0.00175,0.01432
1413393218.106617689132690,0.00641,0.00019,0.00008,0.00558,0.00000,0.00221,0.01447
1413393218.156774282455444,0.00626,0.00030,0.00083,0.00569,0.00000,0.00320,0.01628
1413393218.206929922103882,0.00665,0.00031,0.00002,0.00559,0.00017,0.00256,0.01529
1413393218.256764173507690,0.00656,0.00019,0.00007,0.00544,0.00140,0.00166,0.01532
1413393218.306786775588989,0.00663,0.00031,0.00054,0.00551,0.00246,0.00172,0.01717
1413393218.356380701065063,0.00605,0.00043,0.00145,0.00574,0.00123,0.00195,0.01684
1413393218.405838727951050,0.00578,0.00033,0.00705,0.00595,0.00137,0.00189,0.02238
1413393218.456006765365601,0.00604,0.00024,0.00009,0.00661,0.00000,0.00202,0.01500
1413393218.505973577499390,0.00654,0.00020,0.00345,0.00641,0.00000,0.00170,0.01830
1413393218.556037902832031,0.00618,0.00045,0.00415,0.00623,0.00000,0.00190,0.01890
1413393218.606095552444458,0.00596,0.00025,0.00346,0.00559,0.00000,0.00171,0.01696
1413393218.656089067459106,0.00649,0.00024,0.00022,0.00555,0.00015,0.00229,0.01495
1413393218.706068277359009,0.00675,0.00046,0.00009,0.00625,0.00000,0.00224,0.01579
1413393218.755954742431641,0.00442,0.00025,0.00011,0.00588,0.00006,0.00205,0.01277
1413393218.805851697921753,0.00628,0.00027,0.00011,0.00599,0.00000,0.00180,0.01445
1413393218.855785131454468,0.00803,0.00054,0.00491,0.00843,0.00384,0.00257,0.02832
1413393218.905745029449463,0.00703,0.00043,0.00014,0.00592,0.00000,0.00223,0.01575
1413393218.955842733383179,0.00587,0.00030,0.00258,0.00531,0.00015,0.00190,0.01611
1413393219.005950689315796,0.00741,0.00043,0.00607,0.00959,0.00126,0.00191,0.02667
1413393219.055990934371948,0.00604,0.00048,0.00012,0.00703,0.00000,0.00135,0.01502
1413393219.106049060821533,0.00731,0.00056,0.00132,0.00550,0.00242,0.00182,0.01893
1413393219.156079530715942,0.00737,0.00041,0.00982,0.01079,0.00000,0.00330,0.03170
1413393219.206136465072632,0.00622,0.00021,0.00131,0.00621,0.00000,0.00176,0.01571
1413393219.256140708923340,0.00621,0.00020,0.00035,0.00628,0.00000,0.00156,0.01460
1413393219.306149721145630,0.00717,0.00040,0.00002,0.01142,0.00000,0.00337,0.02239
1413393219.356158256530762,0.00624,0.00020,0.00089,0.00582,0.00000,0.00169,0.01484
1413393219.406264781951904,0.00632,0.00031,0.00138,0.00581,0.00241,0.00203,0.01827
1413393219.456359148025513,0.00731,0.00040,0.00804,0.00993,0.00000,0.00256,0.02824
1413393219.506411075592041,0.00622,0.00020,0.00045,0.00635,0.00000,0.00187,0.01508
1413393219.556671142578125,0.00638,0.00041,0.01112,0.01081,0.00111,0.00262,0.03244
1413393219.606639385223389,0.00600,0.00033,0.00021,0.00659,0.00000,0.00162,0.01475
1413393219.656665086746216,0.00628,0.00025,0.00536,0.00627,0.00000,0.00202,0.02019
1413393219.706612348556519,0.00602,0.00028,0.00146,0.00615,0.00001,0.00144,0.01537
1413393219.756612300872803,0.00632,0.00045,0.00337,0.00694,0.00004,0.00173,0.01886
1413393219.806615352630615,0.00639,0.00031,0.00032,0.00594,0.00070,0.00160,0.01527
1413393219.856623411178589,0.00573,0.00021,0.00005,0.00611,0.00000,0.00176,0.01387
1413393219.906624794006348,0.00654,0.00036,0.00106,0.01002,0.00027,0.00268,0.02093
1413393219.956644535064697,0.00661,0.00021,0.00093,0.00566,0.00000,0.00207,0.01549
1413393220.006613254547119,0.00531,0.00020,0.00263,0.00524,0.00015,0.00223,0.01575
1413393220.056565761566162,0.00677,0.00039,0.00715,0.00860,0.00401,0.00317,0.03010
1413393220.106507778167725,0.00554,0.00030,0.00111,0.00640,0.00016,0.00182,0.01533
1413393220.156496763229370,0.00497,0.00020,0.00314,0.00640,0.00000,0.00178,0.01649
1413393220.206478595733643,0.00669,0.00067,0.00497,0.01023,0.00000,0.00319,0.02575
1413393220.256468534469604,0.00507,0.00021,0.00498,0.00611,0.00000,0.00185,0.01823
1413393220.306474685668945,0.00533,0.00040,0.00002,0.00640,0.00124,0.00163,0.01501
1413393220.356490373611450,0.00664,0.00040,0.00819,0.00973,0.00000,0.00314,0.02810
1413393220.406485795974731,0.00658,0.00032,0.00006,0.00658,0.00000,0.00156,0.01509
1413393220.456496477127075,0.00557,0.00044,0.00022,0.00639,0.00016,0.00167,0.01444
1413393220.506527423858643,0.00686,0.00041,0.01072,0.01153,0.00000,0.00235,0.03187
1413393220.556550502777100,0.00563,0.00032,0.00003,0.00778,0.00000,0.00161,0.01538
1413393220.606538534164429,0.00550,0.00030,0.00002,0.00755,0.00000,0.00169,0.01506
1413393220.656542301177979,0.00606,0.00031,0.00408,0.00997,0.00000,0.00243,0.02285
1413393220.706562757492065,0.00578,0.00031,0.00002,0.00678,0.00000,0.00167,0.01455
1413393220.756536483764648,0.00558,0.00056,0.00266,0.00627,0.00000,0.00202,0.01709
1413393220.806543827056885,0.00528,0.00032,0.00020,0.00668,0.00000,0.00176,0.01425
1413393220.856518507003784,0.00550,0.00019,0.00293,0.00627,0.00000,0.00197,0.01686
1413393220.906508684158325,0.00527,0.00020,0.00002,0.00655,0.00000,0.00186,0.01390
1413393220.956537961959839,0.00684,0.00040,0.00861,0.00986,0.00000,0.00284,0.02855
1413393221.006577730178833,0.00566,0.00021,0.00006,0.00652,0.00000,0.00170,0.01415
1413393221.056600809097290,0.00550,0.00020,0.00002,0.00617,0.00000,0.00270,0.01459
1413393221.106629371643066,0.00682,0.00069,0.00310,0.00977,0.00000,0.00303,0.02341
1413393221.156675338745117,0.00550,0.00020,0.00009,0.00603,0.00003,0.00211,0.01396
1413393221.206666946411133,0.00551,0.00037,0.00001,0.00607,0.00000,0.00203,0.01399
1413393221.256680250167847,0.00675,0.00049,0.00293,0.01311,0.00255,0.00308,0.02892
1413393221.306612253189087,0.00563,0.00030,0.00002,0.00643,0.00000,0.00195,0.01434
1413393221.356648921966553,0.00535,0.00042,0.00181,0.00622,0.00000,0.00174,0.01554
1413393221.406664609909058,0.00651,0.00057,0.00232,0.00648,0.00016,0.00240,0.01844
1413393221.456653594970703,0.00531,0.00020,0.00431,0.00645,0.00000,0.00200,0.01828
1413393221.506647109985352,0.00550,0.00032,0.00002,0.00679,0.00000,0.00196,0.01458
1413393221.556637048721313,0.00578,0.00034,0.00807,0.00624,0.00000,0.00203,0.02247
1413393221.606631755828857,0.00534,0.00039,0.00010,0.00632,0.00016,0.00184,0.01415
1413393221.656562805175781,0.00507,0.00043,0.00005,0.00676,0.00000,0.00167,0.01398
1413393221.706533193588257,0.00654,0.00038,0.00540,0.00646,0.00000,0.00260,0.02138
1413393221.756506204605103,0.00573,0.00030,0.00181,0.00641,0.00000,0.00202,0.01627
1413393221.806462049484253,0.00569,0.00020,0.00001,0.00649,0.00000,0.00140,0.01380
1413393221.856490612030029,0.00511,0.00024,0.00057,0.00658,0.00125,0.00170,0.01546
1413393221.906509637832642,0.00623,0.00032,0.00007,0.00746,0.00000,0.00187,0.01595
1413393221.956539392471313,0.00556,0.00031,0.00315,0.00616,0.00000,0.00156,0.01674
1413393222.006551980972290,0.00503,0.00025,0.00076,0.00598,0.00003,0.00153,0.01359
1413393222.056573390960693,0.00582,0.00037,0.00199,0.00561,0.00120,0.00197,0.01696
1413393222.106596231460571,0.00570,0.00023,0.00013,0.00600,0.00015,0.00218,0.01439
1413393222.156657695770264,0.00706,0.00048,0.00768,0.00908,0.00154,0.00237,0.02821
1413393222.206711530685425,0.00570,0.00032,0.00002,0.00717,0.00004,0.00189,0.01515
1413393222.256744384765625,0.00520,0.00026,0.00002,0.00646,0.00000,0.00185,0.01378
1413393222.306801795959473,0.00560,0.00042,0.00043,0.00651,0.00129,0.00205,0.01630
1413393222.356836795806885,0.00589,0.00024,0.00014,0.00657,0.00019,0.00182,0.01486
1413393222.406821489334106,0.00343,0.00021,0.00020,0.00687,0.00000,0.00170,0.01241
1413393222.456829309463501,0.00519,0.00031,0.00345,0.01077,0.00005,0.00258,0.02236
1413393222.506734132766724,0.00545,0.00020,0.00001,0.00636,0.00000,0.00148,0.01351
1413393222.556629180908203,0.00528,0.00020,0.00011,0.00620,0.00120,0.00189,0.01488
1413393222.606571435928345,0.00659,0.00055,0.00029,0.01068,0.00009,0.00285,0.02106
1413393222.656504154205322,0.00569,0.00025,0.00008,0.00645,0.00141,0.00188,0.01578
1413393222.706485271453857,0.00555,0.00038,0.00006,0.00682,0.00000,0.00197,0.01478
1413393222.756466388702393,0.00625,0.00040,0.00424,0.00678,0.00003,0.00215,0.01985
1413393222.806464433670044,0.00454,0.00021,0.00005,0.00696,0.00003,0.00176,0.01356
1413393222.856463909149170,0.00545,0.00030,0.00031,0.00824,0.00000,0.00181,0.01612
1413393222.906447410583496,0.00652,0.00041,0.00281,0.01067,0.00004,0.00318,0.02363
1413393222.956446170806885,0.00549,0.00030,0.00002,0.00628,0.00122,0.00158,0.01489
1413393223.006436109542847,0.00531,0.00020,0.00411,0.00630,0.00016,0.00161,0.01769
1413393223.056438922882080,0.00794,0.00071,0.00358,0.01076,0.00025,0.00295,0.02619
1413393223.106412410736084,0.00509,0.00021,0.00005,0.00700,0.00000,0.00197,0.01433
1413393223.156409740447998,0.00542,0.00020,0.00035,0.00654,0.00000,0.00198,0.01450
1413393223.206388711929321,0.00556,0.00040,0.00394,0.01098,0.00210,0.00235,0.02533
1413393223.256387948989868,0.00617,0.00031,0.00259,0.00649,0.00122,0.00201,0.01879
1413393223.306364297866821,0.00660,0.00035,0.00036,0.00726,0.00000,0.00212,0.01669
1413393223.356340646743774,0.00716,0.00041,0.00896,0.00975,0.00094,0.00284,0.03007
1413393223.406328439712524,0.00565,0.00031,0.00010,0.00727,0.00003,0.00208,0.01545
1413393223.456318140029907,0.00597,0.00023,0.00005,0.00626,0.00000,0.00175,0.01425
1413393223.506308317184448,0.00524,0.00017,0.00363,0.00590,0.00038,0.00169,0.01702
1413393223.556300878524780,0.00624,0.00029,0.00076,0.00580,0.00015,0.00190,0.01514
1413393223.606288194656372,0.00594,0.00027,0.00325,0.00563,0.00470,0.00168,0.02147
1413393223.656279087066650,0.00505,0.00018,0.00296,0.00647,0.00000,0.00179,0.01644
1413393223.706295490264893,0.00628,0.00054,0.00107,0.00612,0.00000,0.00167,0.01567
1413393223.756308794021606,0.00471,0.00021,0.00034,0.00595,0.00000,0.00212,0.01334
1413393223.806327104568481,0.00481,0.00019,0.00407,0.00565,0.00200,0.00189,0.01861
1413393223.856346607208252,0.00524,0.00021,0.00446,0.00610,0.00000,0.00217,0.01818
1413393223.906378746032715,0.00530,0.00021,0.00012,0.00619,0.00002,0.00173,0.01358
1413393223.956410408020020,0.00620,0.00044,0.00840,0.01007,0.00405,0.00224,0.03140
1413393224.006417512893677,0.00598,0.00021,0.00012,0.00600,0.00004,0.00221,0.01456
1413393224.056442499160767,0.00612,0.00021,0.00104,0.00516,0.00000,0.00195,0.01448
1413393224.106455326080322,0.00624,0.00030,0.00598,0.00455,0.00284,0.00173,0.02165
1413393224.156459569931030,0.00625,0.00021,0.00017,0.00506,0.00018,0.00186,0.01373
1413393224.206439495086670,0.00646,0.00020,0.00013,0.00498,0.00128,0.00166,0.01471
1413393224.256440639495850,0.00673,0.00023,0.00386,0.00531,0.00284,0.00238,0.02136
1413393224.306446790695190,0.00576,0.00040,0.00050,0.00539,0.00015,0.00187,0.01407
1413393224.356456279754639,0.00602,0.00024,0.00049,0.00532,0.00000,0.00229,0.01436
1413393224.406459331512451,0.00581,0.00029,0.00120,0.00521,0.00245,0.00168,0.01664
1413393224.456456422805786,0.00607,0.00029,0.00300,0.00533,0.00240,0.00182,0.01892
1413393224.506451368331909,0.00646,0.00020,0.00099,0.00527,0.00123,0.00191,0.01606
1413393224.556450605392456,0.00699,0.00054,0.00151,0.00568,0.00135,0.00208,0.01815
1413393224.606437921524048,0.00700,0.00029,0.00428,0.00543,0.00015,0.00209,0.01925
1413393224.656431674957275,0.00686,0.00024,0.00060,0.00541,0.00000,0.00251,0.01563
1413393224.706434726715088,0.00690,0.00050,0.00696,0.00738,0.00228,0.00284,0.02687
1413393224.756419897079468,0.00723,0.00033,0.00037,0.00511,0.00000,0.00220,0.01524
1413393224.806409835815430,0.00649,0.00049,0.00032,0.00432,0.00000,0.00197,0.01359
1413393224.856411457061768,0.00761,0.00039,0.00053,0.00389,0.00337,0.00222,0.01802
1413393224.906400680541992,0.00649,0.00047,0.00176,0.00386,0.00025,0.00202,0.01484
1413393224.956363439559937,0.00625,0.00021,0.00161,0.00398,0.00110,0.00180,0.01495
1413393225.006329774856567,0.00723,0.00029,0.00057,0.00454,0.00014,0.00245,0.01523
1413393225.056372404098511,0.00652,0.00035,0.00041,0.00483,0.00638,0.00225,0.02074
1413393225.106372833251953,0.00648,0.00040,0.00040,0.00561,0.00000,0.00201,0.01490
1413393225.156397819519043,0.00862,0.00049,0.00406,0.00814,0.00216,0.00320,0.02668
1413393225.206345558166504,0.00665,0.00029,0.00215,0.00546,0.00269,0.00190,0.01915
1413393225.256303071975708,0.00621,0.00020,0.00381,0.00608,0.00000,0.00221,0.01852
1413393225.306312322616577,0.00624,0.00052,0.00572,0.00581,0.00000,0.00159,0.01988
1413393225.356336832046509,0.00634,0.00042,0.00024,0.00600,0.00000,0.00173,0.01474
1413393225.406363964080811,0.00604,0.00042,0.00122,0.00507,0.00165,0.00197,0.01637
1413393225.456360578536987,0.00646,0.00047,0.00076,0.00513,0.00001,0.00202,0.01484
1413393225.506367683410645,0.00693,0.00035,0.00033,0.00522,0.00248,0.00206,0.01736
1413393225.556348085403442,0.00656,0.00032,0.00183,0.00489,0.00114,0.00174,0.01647
1413393225.606350421905518,0.00742,0.00065,0.00031,0.00792,0.00025,0.00338,0.01992
1413393225.656345844268799,0.00569,0.00025,0.00020,0.00435,0.00129,0.00192,0.01370
1413393225.706332683563232,0.00691,0.00053,0.00054,0.00416,0.00665,0.00194,0.02073
1413393225.756328821182251,0.00794,0.00033,0.00166,0.00517,0.00064,0.00176,0.01750
1413393225.806336164474487,0.00688,0.00021,0.00123,0.00442,0.00020,0.00222,0.01517
1413393225.856340885162354,0.00605,0.00038,0.00030,0.00415,0.00447,0.00165,0.01700
1413393225.906284809112549,0.00740,0.00046,0.00803,0.00745,0.00533,0.00246,0.03112
1413393225.956256389617920,0.00629,0.00025,0.00018,0.00464,0.00001,0.00178,0.01314
1413393226.006241321563721,0.00579,0.00026,0.00092,0.00498,0.00111,0.00179,0.01485
1413393226.056222200393677,0.00689,0.00042,0.00063,0.00493,0.00050,0.00196,0.01534
1413393226.106214523315430,0.00607,0.00033,0.00038,0.00461,0.00113,0.00189,0.01441
1413393226.156247615814209,0.00590,0.00020,0.00013,0.00470,0.00072,0.00163,0.01329
1413393226.206278324127197,0.00769,0.00065,0.00021,0.00712,0.00310,0.00336,0.02214
1413393226.256299495697021,0.00631,0.00046,0.00012,0.00441,0.00014,0.00145,0.01290
1413393226.306307554244995,0.00638,0.00045,0.00025,0.00364,0.00058,0.00194,0.01324
1413393226.356258630752563,0.00806,0.00058,0.00422,0.00528,0.00691,0.00252,0.02757
1413393226.406241655349731,0.00619,0.00048,0.00021,0.00380,0.00082,0.00220,0.01370
1413393226.456237554550171,0.00670,0.00021,0.00044,0.00407,0.00003,0.00214,0.01359
1413393226.506134271621704,0.00646,0.00018,0.00036,0.00403,0.00568,0.00178,0.01849
1413393226.556105136871338,0.00591,0.00020,0.00030,0.00456,0.00178,0.00162,0.01438
1413393226.606075048446655,0.00630,0.00021,0.00005,0.00501,0.00232,0.00217,0.01606
1413393226.656048297882080,0.00617,0.00019,0.00030,0.00533,0.00029,0.00187,0.01415
1413393226.706031322479248,0.00584,0.00040,0.00020,0.00592,0.00186,0.00176,0.01597
1413393226.756001234054565,0.00713,0.00040,0.00084,0.01016,0.00032,0.00310,0.02195
1413393226.805986166000366,0.00643,0.00038,0.00046,0.00957,0.00004,0.00253,0.01942
1413393226.856007814407349,0.00635,0.00038,0.00010,0.00538,0.00099,0.00137,0.01457
1413393226.906028032302856,0.00593,0.00044,0.00033,0.00553,0.00000,0.00178,0.01401
1413393226.956017255783081,0.00508,0.00021,0.00324,0.00444,0.00042,0.00172,0.01511
1413393227.006006002426147,0.00633,0.00040,0.00059,0.00471,0.00302,0.00161,0.01667
1413393227.056015253067017,0.00484,0.00029,0.00039,0.00510,0.00034,0.00196,0.01292
1413393227.106022596359253,0.00682,0.00046,0.00013,0.00823,0.00039,0.00352,0.01955
1413393227.156020402908325,0.00455,0.00019,0.00204,0.00522,0.01078,0.00173,0.02451
1413393227.206022739410400,0.00618,0.00031,0.00039,0.00678,0.00000,0.00207,0.01574
1413393227.256006479263306,0.00647,0.00056,0.00123,0.01203,0.00036,0.00273,0.02338
1413393227.306018352508545,0.00625,0.00028,0.00021,0.00615,0.00000,0.00179,0.01469
1413393227.356017112731934,0.00605,0.00038,0.00005,0.00595,0.00016,0.00189,0.01447
1413393227.406017303466797,0.00735,0.00038,0.00026,0.01003,0.00027,0.00335,0.02164
1413393227.456021785736084,0.00619,0.00050,0.00080,0.00612,0.00261,0.00157,0.01778
1413393227.506020069122314,0.00553,0.00030,0.00037,0.00679,0.00144,0.00148,0.01592
1413393227.556018352508545,0.00792,0.00069,0.00938,0.00954,0.00000,0.00251,0.03003
1413393227.606018543243408,0.00642,0.00038,0.00086,0.00616,0.00035,0.00198,0.01615
1413393227.656001567840576,0.00610,0.00030,0.00044,0.00701,0.00034,0.00201,0.01620
1413393227.706006050109863,0.00730,0.00063,0.00091,0.01032,0.00032,0.00330,0.02277
1413393227.756011724472046,0.00611,0.00027,0.00205,0.00583,0.00074,0.00154,0.01654
1413393227.806005716323853,0.00591,0.00021,0.00043,0.00655,0.00016,0.00151,0.01476
1413393227.856016397476196,0.00781,0.00043,0.00289,0.01383,0.00031,0.00317,0.02844
1413393227.906020879745483,0.00636,0.00030,0.00138,0.00641,0.00001,0.00177,0.01623
1413393227.956033229827881,0.00609,0.00029,0.00030,0.00680,0.00239,0.00158,0.01744
1413393228.006031274795532,0.00766,0.00049,0.00005,0.01222,0.00005,0.00342,0.02390
1413393228.056037902832031,0.00607,0.00020,0.00049,0.00621,0.00020,0.00159,0.01477
1413393228.106043100357056,0.00549,0.00023,0.00002,0.00636,0.00143,0.00191,0.01543
1413393228.156042814254761,0.00551,0.00019,0.00588,0.00598,0.00016,0.00156,0.01927
1413393228.206046342849731,0.00622,0.00046,0.00032,0.00568,0.00035,0.00194,0.01496
1413393228.256048440933228,0.00631,0.00021,0.00038,0.00562,0.00035,0.00168,0.01454
1413393228.306050777435303,0.00662,0.00050,0.00127,0.00581,0.00072,0.00248,0.01740
1413393228.356052637100220,0.00562,0.00033,0.00011,0.00619,0.00119,0.00171,0.01515
1413393228.406060934066772,0.00568,0.00030,0.00028,0.00533,0.00122,0.00194,0.01474
1413393228.456075906753540,0.00649,0.00029,0.00005,0.00959,0.00207,0.00248,0.02097
1413393228.506068468093872,0.00641,0.00031,0.00050,0.00588,0.00260,0.00195,0.01766
1413393228.556067466735840,0.00579,0.00022,0.00242,0.00600,0.00002,0.00177,0.01621
1413393228.606078624725342,0.00631,0.00022,0.00009,0.00559,0.00004,0.00221,0.01446
1413393228.656073093414307,0.00684,0.00022,0.00145,0.00471,0.00108,0.00205,0.01636
1413393228.706058263778687,0.00636,0.00032,0.00074,0.00483,0.00013,0.00202,0.01439
1413393228.756048440933228,0.00614,0.00023,0.00385,0.00438,0.00463,0.00216,0.02139
1413393228.806035518646240,0.00524,0.00020,0.00149,0.00514,0.00469,0.00156,0.01833
1413393228.856034755706787,0.00646,0.00033,0.00014,0.00601,0.00024,0.00188,0.01506
1413393228.906037092208862,0.00484,0.00022,0.00006,0.00616,0.00000,0.00265,0.01393
1413393228.956037521362305,0.00562,0.00030,0.00009,0.00569,0.00003,0.00152,0.01326
1413393229.006029367446899,0.00570,0.00020,0.00115,0.00555,0.00235,0.00147,0.01642
1413393229.056022644042969,0.00743,0.00041,0.00392,0.01101,0.00037,0.00323,0.02636
1413393229.106019496917725,0.00581,0.00020,0.00014,0.00631,0.00003,0.00195,0.01444
1413393229.156017780303955,0.00509,0.00020,0.00218,0.00579,0.00021,0.00150,0.01497
1413393229.206007719039917,0.00579,0.00032,0.00667,0.00892,0.00065,0.00301,0.02536
1413393229.256006717681885,0.00570,0.00030,0.00018,0.00552,0.00038,0.00165,0.01374
1413393229.306006669998169,0.00620,0.00031,0.00025,0.00471,0.00058,0.00201,0.01407
1413393229.356005907058716,0.00713,0.00043,0.00010,0.00946,0.00672,0.00357,0.02741
1413393229.406010389328003,0.00609,0.00029,0.00093,0.00514,0.00189,0.00198,0.01631
1413393229.456018924713135,0.00638,0.00028,0.00025,0.00489,0.00000,0.00172,0.01352
1413393229.506014108657837,0.00724,0.00029,0.00183,0.00807,0.00000,0.00258,0.02001
1413393229.556009531021118,0.00730,0.00021,0.00077,0.00451,0.00491,0.00174,0.01945
1413393229.606010913848877,0.00565,0.00020,0.00111,0.00505,0.00000,0.00188,0.01389
1413393229.656003952026367,0.00819,0.00041,0.00092,0.00919,0.00119,0.00330,0.02319
1413393229.705989122390747,0.00591,0.00020,0.00058,0.00496,0.00003,0.00176,0.01344
1413393229.755975961685181,0.00583,0.00030,0.00008,0.00517,0.00203,0.00157,0.01498
1413393229.805962085723877,0.00699,0.00037,0.00070,0.00908,0.00179,0.00339,0.02233
1413393229.855949401855469,0.00595,0.00021,0.00009,0.00581,0.00097,0.00162,0.01466
1413393229.905941724777222,0.00618,0.00029,0.00069,0.00590,0.00000,0.00204,0.01510
1413393229.955930471420288,0.00629,0.00022,0.00003,0.00575,0.00275,0.00217,0.01721
1413393230.005912542343140,0.00656,0.00020,0.00376,0.00537,0.00152,0.00213,0.01953
1413393230.055914402008057,0.00662,0.00020,0.00129,0.00511,0.00160,0.00174,0.01656
1413393230.105901241302490,0.00788,0.00023,0.00215,0.00493,0.00251,0.00273,0.02043
1413393230.155903816223145,0.00648,0.00021,0.00058,0.00546,0.00078,0.00182,0.01534
1413393230.205907344818115,0.00599,0.00020,0.00111,0.00578,0.00207,0.00194,0.01710
1413393230.255910634994507,0.00727,0.00034,0.00088,0.00476,0.00039,0.00196,0.01560
1413393230.305908203125000,0.00603,0.00020,0.00066,0.00409,0.00003,0.00212,0.01313
1413393230.355916738510132,0.00674,0.00020,0.00061,0.00376,0.00042,0.00158,0.01330
1413393230.405932903289795,0.00747,0.00039,0.00091,0.00615,0.00112,0.00285,0.01890
1413393230.455930709838867,0.00724,0.00028,0.00279,0.00351,0.00049,0.00174,0.01605
1413393230.505929470062256,0.00683,0.00035,0.00043,0.00369,0.00001,0.00207,0.01338
1413393230.555930614471436,0.00646,0.00035,0.00229,0.00622,0.00421,0.00283,0.02237
1413393230.605935335159302,0.00676,0.00024,0.00128,0.00370,0.00042,0.00214,0.01455
1413393230.655945301055908,0.00708,0.00044,0.00094,0.00363,0.00105,0.00216,0.01531
1413393230.705943822860718,0.00825,0.00058,0.00294,0.00559,0.00382,0.00320,0.02439
1413393230.755946159362793,0.00716,0.00032,0.00064,0.00397,0.00020,0.00196,0.01425
1413393230.805938959121704,0.00859,0.00036,0.00088,0.00358,0.00105,0.00191,0.01638
1413393230.855930328369141,0.00627,0.00019,0.00062,0.00372,0.00092,0.00174,0.01345
1413393230.905925750732422,0.00716,0.00036,0.00085,0.00378,0.00120,0.00197,0.01532
1413393230.955909967422485,0.00653,0.00025,0.00046,0.00385,0.00677,0.00183,0.01969
1413393231.005907058715820,0.00630,0.00031,0.00010,0.00495,0.00000,0.00189,0.01355
1413393231.055909156799316,0.00533,0.00022,0.00028,0.00490,0.00524,0.00162,0.01759
1413393231.105923175811768,0.00637,0.00022,0.00081,0.00572,0.00004,0.00224,0.01539
1413393231.155933856964111,0.00680,0.00025,0.00054,0.00585,0.00176,0.00220,0.01740
1413393231.205940723419189,0.00718,0.00032,0.00039,0.00568,0.00096,0.00197,0.01651
1413393231.255947113037109,0.00590,0.00020,0.00040,0.00562,0.00039,0.00196,0.01447
1413393231.305949211120605,0.00586,0.00024,0.00133,0.00541,0.00436,0.00185,0.01906
1413393231.355949878692627,0.00577,0.00021,0.00322,0.00588,0.00020,0.00198,0.01726
1413393231.405949831008911,0.00586,0.00020,0.00024,0.00541,0.00000,0.00196,0.01367
1413393231.455956220626831,0.00801,0.00022,0.00171,0.00482,0.00266,0.00247,0.01990
1413393231.505972385406494,0.00658,0.00022,0.00179,0.00482,0.00349,0.00193,0.01884
1413393231.555977821350098,0.00702,0.00029,0.00461,0.00507,0.00046,0.00193,0.01937
1413393231.605975151062012,0.00793,0.00026,0.00144,0.00874,0.00001,0.00274,0.02111
1413393231.655973434448242,0.00617,0.00021,0.00384,0.00528,0.00152,0.00194,0.01897
1413393231.705967903137207,0.00602,0.00021,0.00012,0.00556,0.00000,0.00205,0.01396
1413393231.755950450897217,0.00720,0.00033,0.00086,0.00849,0.00408,0.00235,0.02331
1413393231.805939435958862,0.00619,0.00022,0.00041,0.00590,0.00000,0.00207,0.01479
1413393231.855929613113403,0.00698,0.00020,0.00006,0.00576,0.00023,0.00195,0.01517
1413393231.905927181243896,0.00689,0.00028,0.00002,0.00615,0.00121,0.00207,0.01662
1413393231.955926179885864,0.00645,0.00028,0.00254,0.00574,0.00138,0.00221,0.01860
1413393232.005934000015259,0.00622,0.00022,0.00016,0.00629,0.00141,0.00204,0.01634
1413393232.055944204330444,0.00691,0.00040,0.00278,0.00971,0.00040,0.00230,0.02249
1413393232.105942487716675,0.00642,0.00021,0.00454,0.00593,0.00063,0.00199,0.01973
1413393232.155941724777222,0.00684,0.00020,0.00509,0.00526,0.00132,0.00194,0.02065
1413393232.205941915512085,0.00756,0.00039,0.00093,0.00823,0.00090,0.00330,0.02131
1413393232.255945682525635,0.00609,0.00020,0.00067,0.00469,0.00395,0.00171,0.01732
1413393232.305949449539185,0.00725,0.00029,0.00002,0.00583,0.00083,0.00228,0.01650
1413393232.355947732925415,0.00854,0.00050,0.00053,0.01022,0.00065,0.00356,0.02400
1413393232.405946016311646,0.00666,0.00030,0.00135,0.00513,0.00000,0.00187,0.01531
1413393232.455944299697876,0.00652,0.00021,0.00079,0.00473,0.00033,0.00216,0.01474
1413393232.505940914154053,0.00808,0.00029,0.00467,0.00603,0.00001,0.00282,0.02191
1413393232.555938243865967,0.00585,0.00020,0.00009,0.00344,0.00001,0.00164,0.01122
1413393232.605931758880615,0.00623,0.00032,0.00052,0.00456,0.00001,0.00178,0.01342
1413393232.655931234359741,0.00656,0.00025,0.00276,0.00308,0.00158,0.00230,0.01652
1413393232.705923557281494,0.00684,0.00028,0.00185,0.00327,0.00760,0.00188,0.02171
1413393232.755921125411987,0.00578,0.00021,0.00029,0.00439,0.00385,0.00171,0.01623
1413393232.805912494659424,0.00621,0.00018,0.00104,0.00516,0.00000,0.00177,0.01437
1413393232.855913877487183,0.00620,0.00021,0.00352,0.00469,0.00151,0.00222,0.01835
1413393232.905919551849365,0.00606,0.00020,0.00419,0.00485,0.00467,0.00185,0.02182
1413393232.955924987792969,0.00771,0.00044,0.00216,0.00928,0.00000,0.00356,0.02315
1413393233.005923032760620,0.00607,0.00032,0.00074,0.00531,0.00015,0.00139,0.01398
1413393233.055927038192749,0.00645,0.00032,0.00692,0.00435,0.00354,0.00183,0.02343
1413393233.105929374694824,0.00688,0.00031,0.00014,0.00523,0.00017,0.00271,0.01545
1413393233.155929327011108,0.00727,0.00047,0.00041,0.00442,0.00001,0.00203,0.01462
1413393233.205947160720825,0.00635,0.00047,0.00076,0.00384,0.00000,0.00200,0.01343
1413393233.255970239639282,0.00771,0.00035,0.00143,0.00352,0.00791,0.00199,0.02292
1413393233.305978059768677,0.00735,0.00040,0.00133,0.00407,0.00015,0.00186,0.01516
1413393233.355985164642334,0.00712,0.00021,0.00086,0.00369,0.00061,0.00190,0.01440
1413393233.405992269515991,0.00837,0.00059,0.00159,0.00464,0.00040,0.00317,0.01876
1413393233.455993652343750,0.00673,0.00047,0.00062,0.00233,0.00208,0.00193,0.01416
1413393233.505982398986816,0.00745,0.00037,0.00081,0.00189,0.00514,0.00219,0.01785
1413393233.555977344512939,0.00821,0.00031,0.00252,0.00299,0.00093,0.00332,0.01828
1413393233.605967044830322,0.00792,0.00036,0.00034,0.00186,0.00012,0.00217,0.01277
1413393233.655956268310547,0.00739,0.00028,0.00131,0.00207,0.01041,0.00160,0.02306
1413393233.705959796905518,0.00809,0.00048,0.00171,0.00518,0.00192,0.00357,0.02095
1413393233.755956888198853,0.00780,0.00029,0.00177,0.00292,0.00000,0.00180,0.01458
1413393233.805954933166504,0.00917,0.00055,0.00098,0.00361,0.00191,0.00296,0.01918
1413393233.855951547622681,0.01034,0.00029,0.00042,0.00371,0.01035,0.00282,0.02793
1413393233.905951261520386,0.00884,0.00021,0.00092,0.00252,0.00084,0.00205,0.01538
1413393233.955950736999512,0.00714,0.00034,0.00112,0.00262,0.00155,0.00177,0.01453
1413393234.005956172943115,0.00994,0.00051,0.00031,0.00434,0.00033,0.00351,0.01895
1413393234.055968523025513,0.00738,0.00029,0.00093,0.00249,0.00263,0.00198,0.01570
1413393234.105967044830322,0.00679,0.00019,0.00054,0.00267,0.00315,0.00192,0.01527
1413393234.155968904495239,0.01092,0.00053,0.00033,0.00476,0.00368,0.00344,0.02365
1413393234.205961227416992,0.00737,0.00046,0.00191,0.00305,0.00504,0.00188,0.01973
1413393234.255954265594482,0.00713,0.00038,0.00144,0.00362,0.00190,0.00203,0.01650
1413393234.305954217910767,0.00828,0.00064,0.00689,0.00353,0.00765,0.00236,0.02934
1413393234.355952978134155,0.00665,0.00021,0.00171,0.00217,0.00010,0.00155,0.01240
1413393234.405949354171753,0.00799,0.00035,0.00305,0.00219,0.00150,0.00160,0.01668
1413393234.455944776535034,0.00775,0.00055,0.00152,0.00390,0.00205,0.00322,0.01900
1413393234.505945444107056,0.00544,0.00023,0.00056,0.00248,0.00019,0.00144,0.01036
1413393234.555949687957764,0.00651,0.00020,0.00020,0.00275,0.00243,0.00195,0.01404
1413393234.605969190597534,0.00637,0.00046,0.00070,0.00457,0.00029,0.00251,0.01491
1413393234.656003236770630,0.00683,0.00018,0.00158,0.00197,0.00049,0.00211,0.01316
1413393234.706021785736084,0.00874,0.00020,0.00100,0.00161,0.00019,0.00217,0.01392
1413393234.756041288375854,0.00778,0.00044,0.00073,0.00135,0.00013,0.00255,0.01299
1413393234.806046962738037,0.00745,0.00018,0.00041,0.00118,0.00293,0.00201,0.01416
1413393234.856050252914429,0.00720,0.00019,0.00036,0.00153,0.00019,0.00206,0.01153
1413393234.906054019927979,0.00633,0.00019,0.00057,0.00166,0.00909,0.00182,0.01966
1413393234.956048011779785,0.00678,0.00044,0.00058,0.00269,0.00076,0.00191,0.01317
1413393235.006030797958374,0.00651,0.00019,0.00051,0.00278,0.00052,0.00199,0.01251
1413393235.056016921997070,0.00605,0.00031,0.00032,0.00297,0.00072,0.00161,0.01198
1413393235.106011629104614,0.00607,0.00020,0.00178,0.00245,0.00283,0.00189,0.01523
1413393235.156004667282104,0.00654,0.00028,0.00027,0.00303,0.00013,0.00182,0.01208
1413393235.206006765365601,0.00667,0.00051,0.00089,0.00440,0.00331,0.00255,0.01833
1413393235.256004571914673,0.00652,0.00045,0.00071,0.00288,0.00000,0.00199,0.01256
1413393235.306002855300903,0.00576,0.00044,0.00024,0.00280,0.00207,0.00155,0.01286
1413393235.356001377105713,0.00584,0.00024,0.00115,0.00314,0.00321,0.00183,0.01542
1413393235.405999183654785,0.00583,0.00046,0.00037,0.00338,0.00420,0.00198,0.01622
1413393235.455996751785278,0.00495,0.00019,0.00012,0.00383,0.00487,0.00216,0.01613
1413393235.505991220474243,0.00638,0.00040,0.00253,0.00718,0.01036,0.00186,0.02871
1413393235.555984973907471,0.00560,0.00026,0.00020,0.00530,0.00119,0.00216,0.01471
1413393235.605983972549438,0.00647,0.00025,0.00148,0.00528,0.00243,0.00199,0.01790
1413393235.655982971191406,0.00688,0.00045,0.00545,0.01081,0.00140,0.00309,0.02807
1413393235.705979585647583,0.00541,0.00031,0.00443,0.00620,0.00082,0.00167,0.01884
1413393235.755984544754028,0.00545,0.00022,0.00381,0.00630,0.00000,0.00180,0.01757
1413393235.805994510650635,0.00595,0.00041,0.00683,0.01141,0.00107,0.00313,0.02880
1413393235.855998277664185,0.00562,0.00033,0.00007,0.00650,0.00000,0.00167,0.01419
1413393235.905995845794678,0.00454,0.00025,0.00060,0.00592,0.00062,0.00163,0.01355
1413393235.955998659133911,0.00451,0.00021,0.00056,0.00635,0.00061,0.00144,0.01368
1413393236.005997896194458,0.00525,0.00038,0.00009,0.00649,0.00001,0.00180,0.01401
1413393236.055981397628784,0.00519,0.00020,0.00303,0.00604,0.00121,0.00181,0.01748
1413393236.105969667434692,0.00647,0.00041,0.00071,0.01172,0.00001,0.00316,0.02249
1413393236.155964374542236,0.00546,0.00030,0.00010,0.00632,0.00124,0.00177,0.01519
1413393236.205956935882568,0.00538,0.00048,0.00022,0.00625,0.00000,0.00167,0.01400
1413393236.255954980850220,0.00557,0.00019,0.00182,0.00572,0.00021,0.00140,0.01492
1413393236.305934429168701,0.00584,0.00032,0.00516,0.00521,0.00093,0.00169,0.01914
1413393236.355925321578979,0.00583,0.00049,0.00376,0.00520,0.00061,0.00185,0.01774
1413393236.405927181243896,0.00686,0.00046,0.00448,0.00800,0.00186,0.00329,0.02495
1413393236.455929279327393,0.00596,0.00049,0.00222,0.00509,0.00241,0.00176,0.01792
1413393236.505925178527832,0.00571,0.00030,0.00014,0.00660,0.00000,0.00201,0.01476
1413393236.555926561355591,0.00718,0.00053,0.00017,0.00543,0.00009,0.00261,0.01603
1413393236.605929136276245,0.00587,0.00031,0.00141,0.00500,0.00002,0.00198,0.01459
1413393236.655936479568481,0.00596,0.00029,0.00039,0.00513,0.00250,0.00171,0.01598
1413393236.705945253372192,0.00786,0.00040,0.00012,0.00973,0.00134,0.00353,0.02298
1413393236.755956172943115,0.00685,0.00031,0.00014,0.00640,0.00018,0.00199,0.01588
1413393236.805966138839722,0.00605,0.00028,0.00203,0.00518,0.00026,0.00208,0.01588
1413393236.855974674224854,0.00690,0.00045,0.00071,0.01053,0.00246,0.00371,0.02478
1413393236.905987262725830,0.00594,0.00020,0.00125,0.00547,0.00134,0.00195,0.01616
1413393236.955997467041016,0.00552,0.00020,0.00002,0.00624,0.00242,0.00203,0.01642
1413393237.005995273590088,0.00540,0.00019,0.00073,0.00678,0.00000,0.00192,0.01504
1413393237.055996894836426,0.00592,0.00028,0.00189,0.00639,0.00000,0.00205,0.01653
1413393237.105999469757080,0.00579,0.00022,0.00453,0.00608,0.00000,0.00204,0.01867
1413393237.155997991561890,0.00667,0.00040,0.00184,0.00629,0.00017,0.00268,0.01806
1413393237.205996274948120,0.00591,0.00032,0.00161,0.00617,0.00016,0.00203,0.01621
1413393237.255993127822876,0.00664,0.00021,0.00224,0.00607,0.00016,0.00208,0.01740
1413393237.305992841720581,0.00677,0.00041,0.00003,0.01202,0.00115,0.00348,0.02386
1413393237.355991125106812,0.00575,0.00021,0.00008,0.00671,0.00000,0.00187,0.01462
1413393237.405991315841675,0.00582,0.00030,0.00255,0.00654,0.00000,0.00192,0.01713
1413393237.455990314483643,0.00566,0.00026,0.00096,0.00669,0.00000,0.00187,0.01545
1413393237.505992174148560,0.00566,0.00021,0.00337,0.00642,0.00000,0.00209,0.01776
1413393237.555995941162109,0.00584,0.00023,0.00002,0.00653,0.00000,0.00176,0.01437
1413393237.605998992919922,0.00558,0.00020,0.00115,0.00651,0.00063,0.00191,0.01599
1413393237.656000137329102,0.00544,0.00038,0.00167,0.00612,0.00000,0.00178,0.01541
1413393237.705998182296753,0.00485,0.00021,0.00275,0.00620,0.00000,0.00168,0.01570
1413393237.756000280380249,0.00557,0.00031,0.00278,0.00591,0.00001,0.00183,0.01640
1413393237.806001424789429,0.00578,0.00033,0.00114,0.00601,0.00038,0.00173,0.01537
1413393237.856003522872925,0.00557,0.00031,0.00228,0.00578,0.00052,0.00172,0.01618
1413393237.906006097793579,0.00569,0.00050,0.00002,0.01078,0.00000,0.00246,0.01946
1413393237.956011295318604,0.00558,0.00036,0.00002,0.00627,0.00004,0.00208,0.01435
1413393238.006013870239258,0.00574,0.00020,0.00177,0.00584,0.00040,0.00215,0.01611
1413393238.056015729904175,0.00660,0.00053,0.00002,0.00964,0.00040,0.00345,0.02065
1413393238.106016397476196,0.00614,0.00021,0.00070,0.00606,0.00126,0.00199,0.01637
1413393238.156018972396851,0.00570,0.00034,0.00004,0.00682,0.00000,0.00226,0.01516
1413393238.206020832061768,0.00649,0.00030,0.00073,0.00645,0.00068,0.00232,0.01697
1413393238.256026506423950,0.00598,0.00033,0.00189,0.00644,0.00000,0.00172,0.01636
1413393238.306034564971924,0.00583,0.00022,0.00345,0.00638,0.00000,0.00234,0.01822
1413393238.356037616729736,0.00730,0.00043,0.00734,0.00981,0.00000,0.00329,0.02816
1413393238.406049728393555,0.00632,0.00022,0.00109,0.00611,0.00000,0.00234,0.01608
1413393238.456061363220215,0.00704,0.00023,0.00390,0.00556,0.00016,0.00244,0.01933
1413393238.506069421768188,0.00569,0.00023,0.00006,0.00542,0.00016,0.00215,0.01372
1413393238.556072473526001,0.00800,0.00021,0.00018,0.00503,0.00027,0.00231,0.01600
1413393238.606070518493652,0.00690,0.00021,0.00323,0.00490,0.00022,0.00188,0.01735
1413393238.656070947647095,0.00649,0.00035,0.00442,0.00717,0.00333,0.00226,0.02402
1413393238.706065893173218,0.00559,0.00019,0.00114,0.00475,0.00133,0.00207,0.01507
1413393238.756060838699341,0.00609,0.00021,0.00016,0.00517,0.00015,0.00203,0.01381
1413393238.806056499481201,0.00677,0.00059,0.00140,0.00916,0.00553,0.00318,0.02663
1413393238.856056928634644,0.00528,0.00020,0.00142,0.00591,0.00020,0.00150,0.01450
1413393238.906057119369507,0.00599,0.00051,0.00223,0.00565,0.00118,0.00202,0.01757
1413393238.956063508987427,0.00584,0.00033,0.00185,0.00593,0.00188,0.00237,0.01822
1413393239.006067037582397,0.00613,0.00032,0.00123,0.00709,0.00122,0.00213,0.01814
1413393239.056068658828735,0.00662,0.00028,0.00278,0.00647,0.00000,0.00209,0.01825
1413393239.106074571609497,0.00719,0.00039,0.00741,0.01030,0.00000,0.00275,0.02805
1413393239.156071186065674,0.00583,0.00020,0.00015,0.00647,0.00000,0.00160,0.01425
1413393239.206066846847534,0.00671,0.00049,0.00451,0.00624,0.00021,0.00200,0.02016
1413393239.256063938140869,0.00735,0.00039,0.00261,0.00997,0.00032,0.00344,0.02408
1413393239.306059122085571,0.00619,0.00029,0.00169,0.00631,0.00003,0.00184,0.01635
1413393239.356053829193115,0.00586,0.00029,0.00013,0.00628,0.00000,0.00192,0.01447
1413393239.406050443649292,0.00737,0.00044,0.00003,0.00988,0.00035,0.00337,0.02144
1413393239.456045866012573,0.00659,0.00036,0.00085,0.00839,0.00246,0.00260,0.02124
1413393239.506043434143066,0.00621,0.00032,0.00051,0.00636,0.00177,0.00180,0.01697
1413393239.556039810180664,0.00721,0.00048,0.00190,0.00986,0.00205,0.00341,0.02491
1413393239.606035232543945,0.00608,0.00020,0.00023,0.00550,0.00038,0.00212,0.01452
1413393239.656023740768433,0.00614,0.00029,0.00276,0.00563,0.00138,0.00175,0.01795
1413393239.706019639968872,0.00671,0.00021,0.00339,0.00594,0.00126,0.00180,0.01931
1413393239.756022214889526,0.00597,0.00020,0.00460,0.00582,0.00000,0.00156,0.01815
1413393239.806021690368652,0.00596,0.00037,0.00516,0.00580,0.00021,0.00179,0.01929
1413393239.856025218963623,0.00730,0.00060,0.00053,0.00865,0.00026,0.00305,0.02039
1413393239.906026124954224,0.00660,0.00031,0.00007,0.00516,0.00118,0.00209,0.01541
1413393239.956026315689087,0.00575,0.00042,0.00083,0.00537,0.00000,0.00160,0.01397
1413393240.006024122238159,0.00583,0.00032,0.00038,0.00496,0.00150,0.00143,0.01442
1413393240.056022882461548,0.00591,0.00020,0.00009,0.00499,0.00040,0.00160,0.01320
1413393240.106022119522095,0.00641,0.00047,0.00128,0.00495,0.00015,0.00183,0.01509
1413393240.156022071838379,0.00665,0.00035,0.00102,0.00508,0.00178,0.00241,0.01729
1413393240.206022024154663,0.00641,0.00029,0.00174,0.00503,0.00172,0.00198,0.01718
1413393240.256027698516846,0.00599,0.00029,0.00604,0.00497,0.00037,0.00176,0.01942
1413393240.306029319763184,0.00622,0.00026,0.00011,0.00736,0.00000,0.00235,0.01631
1413393240.356033086776733,0.00497,0.00020,0.00245,0.00432,0.00485,0.00157,0.01836
1413393240.406035184860229,0.00558,0.00038,0.00384,0.00520,0.00124,0.00150,0.01774
1413393240.456037998199463,0.00696,0.00043,0.00033,0.00930,0.00099,0.00330,0.02132
1413393240.506037712097168,0.00613,0.00029,0.00114,0.00524,0.00113,0.00183,0.01577
1413393240.556040048599243,0.00600,0.00022,0.00026,0.00517,0.00015,0.00208,0.01387
1413393240.606037855148315,0.00583,0.00020,0.00020,0.00507,0.00022,0.00201,0.01352
1413393240.656039237976074,0.00553,0.00032,0.00038,0.00463,0.00449,0.00170,0.01706
1413393240.706026315689087,0.00585,0.00028,0.00008,0.00569,0.00016,0.00178,0.01385
1413393240.756012678146362,0.00701,0.00033,0.00017,0.00416,0.00132,0.00276,0.01575
1413393240.805991411209106,0.00648,0.00021,0.00049,0.00270,0.00072,0.00200,0.01260
1413393240.855949163436890,0.00537,0.00021,0.00564,0.00246,0.00263,0.00214,0.01844
1413393240.905944347381592,0.00579,0.00019,0.00096,0.00262,0.00053,0.00197,0.01206
1413393240.955936670303345,0.00644,0.00047,0.00058,0.00316,0.00241,0.00187,0.01493
1413393241.005939006805420,0.00633,0.00022,0.00056,0.00334,0.00406,0.00196,0.01648
1413393241.055947065353394,0.00605,0.00024,0.00055,0.00442,0.00112,0.00209,0.01448
1413393241.105962514877319,0.00597,0.00031,0.00095,0.00434,0.00062,0.00206,0.01424
1413393241.155974388122559,0.00563,0.00019,0.00027,0.00480,0.00015,0.00174,0.01278
1413393241.205977201461792,0.00727,0.00054,0.00050,0.00534,0.00000,0.00270,0.01635
1413393241.255977630615234,0.00621,0.00037,0.00040,0.00495,0.00000,0.00187,0.01381
1413393241.305977106094360,0.00621,0.00020,0.00060,0.00464,0.00000,0.00216,0.01382
1413393241.355974435806274,0.00637,0.00039,0.00161,0.00881,0.00104,0.00283,0.02105
1413393241.405974388122559,0.00660,0.00050,0.00075,0.00502,0.00330,0.00228,0.01845
1413393241.455991029739380,0.00662,0.00028,0.00544,0.00530,0.00315,0.00203,0.02282
1413393241.506009101867676,0.00766,0.00049,0.00745,0.00839,0.00122,0.00235,0.02757
1413393241.556020259857178,0.00586,0.00021,0.00456,0.00587,0.00080,0.00185,0.01915
1413393241.606025218963623,0.00505,0.00022,0.00052,0.00616,0.00063,0.00193,0.01451
1413393241.656033515930176,0.00712,0.00036,0.00045,0.01160,0.00000,0.00336,0.02288
1413393241.706039190292358,0.00645,0.00032,0.00162,0.00633,0.00000,0.00197,0.01669
1413393241.756038427352905,0.00621,0.00021,0.00176,0.00641,0.00000,0.00203,0.01663
1413393241.806031703948975,0.00618,0.00031,0.00045,0.00684,0.00000,0.00230,0.01607
1413393241.856030464172363,0.00540,0.00022,0.00134,0.00596,0.00000,0.00164,0.01457
1413393241.906031608581543,0.00530,0.00026,0.00029,0.00542,0.00000,0.00200,0.01326
1413393241.956032037734985,0.00618,0.00040,0.00209,0.00967,0.00655,0.00305,0.02794
1413393242.006032466888428,0.00561,0.00024,0.00138,0.00589,0.00121,0.00205,0.01638
1413393242.056033611297607,0.00534,0.00029,0.00548,0.00594,0.00136,0.00186,0.02028
1413393242.106035947799683,0.00526,0.00020,0.00474,0.00626,0.00000,0.00176,0.01822
1413393242.156037330627441,0.00565,0.00038,0.00472,0.00589,0.00016,0.00162,0.01841
1413393242.206036806106567,0.00523,0.00040,0.00109,0.00638,0.00021,0.00161,0.01491
1413393242.256036281585693,0.00512,0.00020,0.00017,0.00664,0.00003,0.00152,0.01368
1413393242.306036233901978,0.00530,0.00048,0.00332,0.00624,0.00003,0.00157,0.01694
1413393242.356034994125366,0.00616,0.00031,0.00026,0.00670,0.00000,0.00190,0.01534
1413393242.406032085418701,0.00591,0.00038,0.00005,0.01085,0.00000,0.00263,0.01983
1413393242.456027746200562,0.00603,0.00039,0.00002,0.00585,0.00124,0.00160,0.01514
1413393242.506023406982422,0.00648,0.00031,0.00007,0.00650,0.00000,0.00216,0.01552
1413393242.556021928787231,0.00734,0.00048,0.00024,0.01178,0.00027,0.00346,0.02357
1413393242.606022357940674,0.00603,0.00023,0.00012,0.00607,0.00004,0.00206,0.01454
1413393242.656031847000122,0.00671,0.00042,0.00455,0.00551,0.00142,0.00195,0.02055
1413393242.706039667129517,0.00598,0.00020,0.00449,0.00589,0.00142,0.00164,0.01963
1413393242.756057977676392,0.00663,0.00050,0.00432,0.00585,0.00238,0.00179,0.02148
1413393242.806066751480103,0.00618,0.00021,0.00049,0.00623,0.00000,0.00167,0.01479
1413393242.856069326400757,0.00688,0.00037,0.00032,0.00628,0.00000,0.00180,0.01566
1413393242.906064033508301,0.00644,0.00021,0.00170,0.00543,0.00122,0.00206,0.01707
1413393242.956059694290161,0.00635,0.00031,0.00074,0.00574,0.00015,0.00205,0.01534
1413393243.006048917770386,0.00719,0.00043,0.00277,0.01002,0.00407,0.00319,0.02768
1413393243.056041240692139,0.00677,0.00034,0.00430,0.00598,0.00120,0.00218,0.02076
1413393243.106035470962524,0.00618,0.00032,0.00019,0.00582,0.00063,0.00208,0.01523
1413393243.156033754348755,0.00698,0.00067,0.00122,0.00866,0.00000,0.00314,0.02066
1413393243.206031560897827,0.00583,0.00022,0.00344,0.00492,0.00463,0.00217,0.02121
1413393243.256029605865479,0.00593,0.00021,0.00417,0.00588,0.00153,0.00193,0.01966
1413393243.306028366088867,0.00721,0.00034,0.00671,0.00854,0.00031,0.00323,0.02635
1413393243.356032133102417,0.00583,0.00044,0.00403,0.00507,0.00119,0.00207,0.01863
1413393243.406030893325806,0.00659,0.00021,0.00040,0.00549,0.00360,0.00192,0.01821
1413393243.456031322479248,0.00657,0.00045,0.00007,0.00657,0.00003,0.00230,0.01599
1413393243.556035280227661,0.00607,0.00028,0.00155,0.00557,0.00022,0.00154,0.01524
1413393243.606039285659790,0.00731,0.00044,0.00078,0.01079,0.00001,0.00300,0.02235
1413393243.656048297882080,0.00580,0.00040,0.00010,0.00581,0.00136,0.00219,0.01566
1413393243.706051111221313,0.00543,0.00039,0.00008,0.00650,0.00255,0.00166,0.01661
1413393243.756052255630493,0.00541,0.00019,0.00001,0.00685,0.00000,0.00188,0.01434
1413393243.806055545806885,0.00651,0.00038,0.00184,0.00674,0.00020,0.00199,0.01767
1413393243.856054782867432,0.00657,0.00031,0.00074,0.00698,0.00122,0.00182,0.01764
1413393243.906053304672241,0.00646,0.00020,0.00424,0.00692,0.00000,0.00197,0.01980
1413393243.956054925918579,0.00566,0.00021,0.00460,0.00686,0.00000,0.00169,0.01901
1413393244.006055116653442,0.00559,0.00020,0.00681,0.00681,0.00000,0.00224,0.02164
1413393244.056056022644043,0.00577,0.00018,0.00001,0.00718,0.00000,0.00183,0.01497
1413393244.106060743331909,0.00463,0.00020,0.00018,0.00699,0.00000,0.00208,0.01408
1413393244.156062841415405,0.00591,0.00021,0.00436,0.00685,0.00000,0.00212,0.01945
1413393244.206065416336060,0.00695,0.00046,0.00003,0.01190,0.00000,0.00357,0.02291
1413393244.256065607070923,0.00651,0.00029,0.00009,0.00697,0.00000,0.00200,0.01586
1413393244.306066989898682,0.00706,0.00021,0.00121,0.00653,0.00000,0.00215,0.01717
1413393244.356067895889282,0.00689,0.00038,0.00307,0.00607,0.00016,0.00255,0.01912
1413393244.406066179275513,0.00636,0.00024,0.00153,0.00572,0.00000,0.00218,0.01604
1413393244.456066846847534,0.00699,0.00020,0.00020,0.00526,0.00004,0.00206,0.01474
1413393244.506065130233765,0.00599,0.00018,0.00142,0.00495,0.00360,0.00190,0.01804
1413393244.556061029434204,0.00569,0.00021,0.00402,0.00547,0.00291,0.00181,0.02011
1413393244.606057882308960,0.00590,0.00041,0.00464,0.00575,0.00247,0.00151,0.02068
1413393244.656053781509399,0.00694,0.00063,0.00077,0.01120,0.00000,0.00312,0.02267
1413393244.706050395965576,0.00597,0.00029,0.00079,0.00637,0.00000,0.00197,0.01539
1413393244.756048202514648,0.00551,0.00048,0.00454,0.00613,0.00045,0.00179,0.01891
1413393244.806044101715088,0.00699,0.00065,0.00030,0.01077,0.00000,0.00327,0.02199
1413393244.856047153472900,0.00578,0.00020,0.00313,0.00559,0.00000,0.00142,0.01612
1413393244.906053781509399,0.00575,0.00028,0.00019,0.00548,0.00047,0.00226,0.01444
1413393244.956070184707642,0.00629,0.00036,0.00115,0.00971,0.00134,0.00335,0.02221
1413393245.006069421768188,0.00596,0.00030,0.00607,0.00658,0.00000,0.00159,0.02050
1413393245.056069850921631,0.00590,0.00050,0.00002,0.00789,0.00000,0.00184,0.01616
1413393245.106063365936279,0.00681,0.00048,0.00059,0.01068,0.00000,0.00323,0.02179
1413393245.156060457229614,0.00636,0.00032,0.00429,0.00659,0.00000,0.00161,0.01917
1413393245.206062555313110,0.00579,0.00021,0.00478,0.00662,0.00000,0.00213,0.01953
1413393245.256061315536499,0.00707,0.00050,0.00003,0.01275,0.00000,0.00345,0.02380
1413393245.306060314178467,0.00569,0.00021,0.00560,0.00662,0.00000,0.00230,0.02042
1413393245.356058597564697,0.00590,0.00019,0.00418,0.00641,0.00000,0.00215,0.01884
1413393245.406056642532349,0.00655,0.00042,0.00005,0.01163,0.00000,0.00376,0.02243
1413393245.456056118011475,0.00572,0.00028,0.00267,0.00603,0.00016,0.00221,0.01707
1413393245.506056070327759,0.00553,0.00020,0.00131,0.00605,0.00028,0.00157,0.01495
1413393245.556054115295410,0.00645,0.00045,0.00014,0.01190,0.00000,0.00292,0.02186
1413393245.606056690216064,0.00571,0.00051,0.00650,0.00647,0.00000,0.00177,0.02096
1413393245.656059980392456,0.00547,0.00028,0.00009,0.00767,0.00001,0.00209,0.01561
1413393245.706061363220215,0.00647,0.00042,0.00003,0.01097,0.00034,0.00324,0.02147
1413393245.756063461303711,0.00548,0.00021,0.00349,0.00572,0.00019,0.00167,0.01676
1413393245.806064605712891,0.00547,0.00029,0.00454,0.00550,0.00145,0.00175,0.01899
1413393245.856065273284912,0.00639,0.00059,0.00039,0.01097,0.00024,0.00295,0.02153
1413393245.906063556671143,0.00467,0.00023,0.00396,0.00565,0.00121,0.00152,0.01725
1413393245.956064224243164,0.00551,0.00022,0.00402,0.00580,0.00022,0.00191,0.01768
1413393246.006063938140869,0.00538,0.00033,0.00004,0.00684,0.00000,0.00243,0.01502
1413393246.056059122085571,0.00519,0.00020,0.00071,0.00573,0.00141,0.00210,0.01535
1413393246.106056213378906,0.00748,0.00024,0.00007,0.00641,0.00137,0.00190,0.01747
1413393246.156048536300659,0.00635,0.00025,0.00014,0.00601,0.00063,0.00235,0.01572
1413393246.206037282943726,0.00600,0.00021,0.00426,0.00539,0.00342,0.00214,0.02143
1413393246.256031751632690,0.00585,0.00031,0.00003,0.00619,0.00063,0.00168,0.01469
1413393246.306026220321655,0.00624,0.00040,0.00034,0.01062,0.00036,0.00254,0.02051
1413393246.356025457382202,0.00604,0.00029,0.00250,0.00607,0.00140,0.00158,0.01789
1413393246.406021356582642,0.00586,0.00032,0.00452,0.00599,0.00075,0.00210,0.01953
1413393246.456022977828979,0.00586,0.00030,0.00043,0.01020,0.00000,0.00234,0.01913
1413393246.506038188934326,0.00616,0.00033,0.00439,0.00646,0.00000,0.00200,0.01934
1413393246.556051969528198,0.00564,0.00022,0.00426,0.00654,0.00020,0.00224,0.01911
1413393246.606082201004028,0.00672,0.00049,0.01007,0.00658,0.00123,0.00227,0.02734
1413393246.656088829040527,0.00606,0.00044,0.00036,0.00675,0.00000,0.00178,0.01539
1413393246.706091403961182,0.00596,0.00030,0.00002,0.00784,0.00000,0.00229,0.01642
1413393246.756089925765991,0.00480,0.00030,0.00001,0.00705,0.00000,0.00167,0.01383
1413393246.806091547012329,0.00489,0.00022,0.00423,0.00677,0.00000,0.00193,0.01805
1413393246.856090784072876,0.00606,0.00020,0.00002,0.00672,0.00000,0.00210,0.01509
1413393246.906090259552002,0.00590,0.00031,0.00034,0.00690,0.00000,0.00226,0.01571
1413393246.956091165542603,0.00439,0.00021,0.00283,0.00641,0.00016,0.00210,0.01609
1413393247.006092071533203,0.00390,0.00022,0.00376,0.00666,0.00000,0.00208,0.01664
1413393247.056091547012329,0.00605,0.00034,0.00056,0.00694,0.00000,0.00243,0.01631
1413393247.106094360351562,0.00460,0.00021,0.00319,0.00615,0.00000,0.00173,0.01588
1413393247.156094312667847,0.00686,0.00043,0.00465,0.00603,0.00015,0.00185,0.01997
1413393247.206092834472656,0.00765,0.00059,0.01602,0.00913,0.00000,0.00221,0.03561
1413393247.256093263626099,0.00685,0.00022,0.00086,0.00570,0.00003,0.00209,0.01575
1413393247.306092977523804,0.00695,0.00033,0.00026,0.00549,0.00001,0.00222,0.01527
1413393247.356091499328613,0.00780,0.00038,0.00028,0.00733,0.00004,0.00299,0.01882
1413393247.406091690063477,0.00638,0.00019,0.00022,0.00406,0.00446,0.00173,0.01704
1413393247.456090688705444,0.00652,0.00021,0.00016,0.00494,0.00003,0.00198,0.01384
1413393247.506088733673096,0.01156,0.00040,0.00117,0.00679,0.00091,0.00309,0.02392
1413393247.556087493896484,0.00663,0.00019,0.00080,0.00354,0.00235,0.00180,0.01531
1413393247.606087684631348,0.00734,0.00034,0.00110,0.00323,0.00325,0.00207,0.01733
1413393247.656090736389160,0.00686,0.00033,0.00097,0.00390,0.00032,0.00184,0.01421
1413393247.706100940704346,0.00641,0.00021,0.00339,0.00380,0.00704,0.00217,0.02303
1413393247.756106376647949,0.00655,0.00028,0.00418,0.00534,0.00084,0.00198,0.01918
1413393247.806108951568604,0.00771,0.00028,0.00788,0.00533,0.00122,0.00217,0.02459
1413393247.856115102767944,0.00630,0.00020,0.00051,0.00575,0.00015,0.00180,0.01471
1413393247.906117916107178,0.00667,0.00030,0.00029,0.00602,0.00000,0.00182,0.01509
1413393247.956113100051880,0.00639,0.00045,0.00404,0.00904,0.00000,0.00239,0.02231
1413393248.006108522415161,0.00623,0.00043,0.00130,0.00671,0.00000,0.00227,0.01694
1413393248.056058168411255,0.00683,0.00040,0.01480,0.00580,0.00000,0.00192,0.02975
1413393248.106041908264160,0.00449,0.00032,0.00006,0.00555,0.00000,0.00211,0.01253
1413393248.156017541885376,0.00608,0.00038,0.00177,0.00369,0.00000,0.00209,0.01402
1413393248.206004619598389,0.00574,0.00036,0.00050,0.00209,0.00001,0.00222,0.01091
1413393248.255995988845825,0.00590,0.00018,0.00092,0.00125,0.00055,0.00196,0.01077
1413393248.305975675582886,0.00518,0.00034,0.00055,0.00139,0.00173,0.00195,0.01115
1413393248.355961561203003,0.00692,0.00033,0.00032,0.00153,0.00371,0.00212,0.01493
1413393248.405964374542236,0.00586,0.00018,0.00070,0.00071,0.00213,0.00182,0.01140
1413393248.455968379974365,0.00568,0.00019,0.00040,0.00067,0.00030,0.00197,0.00920
1413393248.505967617034912,0.00691,0.00020,0.00053,0.00038,0.00124,0.00214,0.01140
1413393248.555969238281250,0.00668,0.00037,0.00071,0.00162,0.00207,0.00318,0.01463
1413393248.605968952178955,0.00600,0.00033,0.00065,0.00056,0.00046,0.00215,0.01015
1413393248.655965805053711,0.00688,0.00019,0.00056,0.00054,0.00179,0.00207,0.01202
1413393248.705962896347046,0.00608,0.00038,0.00032,0.00120,0.00096,0.00276,0.01170
1413393248.755961418151855,0.00483,0.00027,0.00023,0.00082,0.00050,0.00199,0.00864
1413393248.805960178375244,0.00586,0.00019,0.00011,0.00056,0.00052,0.00206,0.00931
1413393248.855955123901367,0.00742,0.00027,0.00058,0.00092,0.00205,0.00287,0.01411
1413393248.905954360961914,0.00604,0.00018,0.00048,0.00091,0.00321,0.00193,0.01276
1413393248.955952405929565,0.00534,0.00017,0.00019,0.00103,0.00062,0.00204,0.00939
1413393249.005954742431641,0.00692,0.00049,0.00021,0.00157,0.00543,0.00359,0.01820
1413393249.055960655212402,0.00560,0.00027,0.00037,0.00111,0.00127,0.00171,0.01032
1413393249.105966567993164,0.00673,0.00023,0.00040,0.00081,0.00117,0.00217,0.01151
1413393249.155972242355347,0.00633,0.00033,0.00020,0.00258,0.00055,0.00241,0.01240
1413393249.205972433090210,0.00575,0.00026,0.00019,0.00145,0.00038,0.00211,0.01015
1413393249.255973815917969,0.00586,0.00018,0.00023,0.00073,0.00101,0.00211,0.01012
1413393249.305974006652832,0.00846,0.00043,0.00026,0.00232,0.00071,0.00281,0.01499
1413393249.355973720550537,0.00684,0.00017,0.00036,0.00096,0.00054,0.00214,0.01101
1413393249.405980110168457,0.00572,0.00018,0.00024,0.00160,0.00195,0.00214,0.01183
1413393249.455975055694580,0.00614,0.00015,0.00027,0.00144,0.00105,0.00196,0.01102
1413393249.505985975265503,0.00561,0.00018,0.00032,0.00211,0.00458,0.00204,0.01484
1413393249.555982112884521,0.00604,0.00026,0.00039,0.00324,0.00057,0.00215,0.01265
1413393249.605981826782227,0.00711,0.00053,0.00026,0.00605,0.00924,0.00355,0.02673
1413393249.655981779098511,0.00594,0.00027,0.00012,0.00432,0.00583,0.00211,0.01858
1413393249.705985069274902,0.00596,0.00028,0.00023,0.00552,0.00243,0.00176,0.01618
1413393249.755985736846924,0.00600,0.00017,0.00001,0.00484,0.00003,0.00182,0.01289
1413393249.805985450744629,0.00580,0.00036,0.00006,0.00476,0.00069,0.00174,0.01341
1413393249.855982542037964,0.00607,0.00032,0.00899,0.00448,0.00531,0.00201,0.02718
1413393249.905988931655884,0.00588,0.00021,0.00127,0.00634,0.00000,0.00196,0.01566
1413393249.955990791320801,0.00579,0.00054,0.00027,0.00685,0.00017,0.00181,0.01542
1413393250.006001710891724,0.00570,0.00020,0.00364,0.00624,0.00000,0.00178,0.01757
1413393250.056010246276855,0.00661,0.00037,0.00133,0.00907,0.00000,0.00276,0.02014
1413393250.106004476547241,0.00791,0.00023,0.00485,0.00542,0.00135,0.00213,0.02189
1413393250.156003713607788,0.00701,0.00021,0.00167,0.00539,0.00016,0.00220,0.01664
1413393250.205986976623535,0.00728,0.00038,0.00415,0.00548,0.00133,0.00269,0.02131
1413393250.255976676940918,0.00658,0.00028,0.00027,0.00642,0.00038,0.00222,0.01615
1413393250.305960893630981,0.00671,0.00030,0.00094,0.00556,0.00081,0.00206,0.01637
1413393250.355953931808472,0.00795,0.00058,0.00047,0.00903,0.00097,0.00334,0.02234
1413393250.405942916870117,0.00610,0.00021,0.00016,0.00550,0.00049,0.00177,0.01423
1413393250.455931663513184,0.00622,0.00025,0.00627,0.00566,0.00062,0.00197,0.02098
1413393250.505928993225098,0.00753,0.00033,0.00348,0.00971,0.00112,0.00322,0.02540
1413393250.555932998657227,0.00623,0.00020,0.00089,0.00565,0.00002,0.00187,0.01485
1413393250.605938911437988,0.00596,0.00021,0.00325,0.00519,0.00204,0.00172,0.01838
1413393250.655943632125854,0.00606,0.00031,0.01064,0.00607,0.00000,0.00166,0.02473
1413393250.705950021743774,0.00602,0.00022,0.00476,0.00567,0.00090,0.00216,0.01973
1413393250.755952835083008,0.00586,0.00021,0.00188,0.00597,0.00079,0.00186,0.01657
1413393250.805956602096558,0.00732,0.00036,0.00586,0.00883,0.00000,0.00241,0.02478
1413393250.855959892272949,0.00582,0.00020,0.00087,0.00590,0.00016,0.00208,0.01502
1413393250.905961036682129,0.00630,0.00029,0.00112,0.00592,0.00000,0.00221,0.01585
1413393250.955959558486938,0.00817,0.00040,0.00038,0.01147,0.00028,0.00319,0.02388
1413393251.005957841873169,0.00473,0.00027,0.00017,0.00821,0.00077,0.00210,0.01624
1413393251.055951833724976,0.00493,0.00025,0.00288,0.00903,0.00004,0.00210,0.01924
1413393251.105947017669678,0.00487,0.00023,0.00005,0.00948,0.00005,0.00222,0.01690
1413393251.155940294265747,0.00353,0.00020,0.00117,0.00586,0.00004,0.00168,0.01248
1413393251.205937385559082,0.00354,0.00021,0.00067,0.00594,0.00063,0.00166,0.01266
1413393251.255924940109253,0.00445,0.00043,0.00935,0.00591,0.00016,0.00252,0.02282
1413393251.305921554565430,0.00382,0.00036,0.00458,0.00612,0.00000,0.00171,0.01660
1413393251.355920314788818,0.00430,0.00021,0.00131,0.00610,0.00016,0.00185,0.01394
1413393251.405915260314941,0.00551,0.00032,0.00373,0.00617,0.00000,0.00178,0.01751
1413393251.455914020538330,0.00572,0.00033,0.00016,0.00649,0.00000,0.00196,0.01466
1413393251.505913019180298,0.00681,0.00026,0.00017,0.00623,0.00027,0.00214,0.01588
1413393251.555910587310791,0.00633,0.00020,0.00015,0.00575,0.00001,0.00199,0.01442
1413393251.605914354324341,0.00623,0.00020,0.00012,0.00508,0.00000,0.00199,0.01363
1413393251.655916452407837,0.00579,0.00020,0.00516,0.00452,0.00142,0.00224,0.01932
1413393251.705917119979858,0.00612,0.00036,0.00020,0.00512,0.00134,0.00196,0.01510
1413393251.755913734436035,0.00562,0.00036,0.00048,0.00477,0.00075,0.00162,0.01360
1413393251.805908679962158,0.00717,0.00048,0.00210,0.00878,0.00027,0.00331,0.02213
1413393251.855906009674072,0.00633,0.00056,0.00757,0.00747,0.00740,0.00218,0.03152
1413393251.905909061431885,0.00553,0.00019,0.00243,0.00520,0.00180,0.00199,0.01714
1413393251.955907344818115,0.00604,0.00020,0.00082,0.00544,0.00022,0.00173,0.01444
1413393252.005903959274292,0.00554,0.00018,0.00285,0.00485,0.00115,0.00155,0.01612
1413393252.055892229080200,0.00542,0.00034,0.00646,0.00460,0.00303,0.00155,0.02140
1413393252.105880975723267,0.00559,0.00032,0.00040,0.00451,0.00017,0.00165,0.01263
1413393252.155871629714966,0.00794,0.00040,0.00007,0.00460,0.00015,0.00165,0.01481
1413393252.205859422683716,0.00705,0.00021,0.00046,0.00379,0.00014,0.00188,0.01353
1413393252.255848646163940,0.00653,0.00038,0.00082,0.00367,0.00694,0.00183,0.02018
1413393252.305847406387329,0.00638,0.00037,0.00020,0.00445,0.00070,0.00175,0.01384
1413393252.355841875076294,0.00626,0.00019,0.00016,0.00409,0.00061,0.00210,0.01340
1413393252.405840873718262,0.00666,0.00033,0.00016,0.00472,0.00003,0.00213,0.01402
1413393252.455840587615967,0.00691,0.00028,0.00099,0.00420,0.00501,0.00261,0.02000
1413393252.505840301513672,0.00673,0.00031,0.00103,0.00579,0.00199,0.00211,0.01796
1413393252.555839776992798,0.00621,0.00020,0.00068,0.00599,0.00022,0.00162,0.01493
1413393252.605837583541870,0.00741,0.00042,0.00516,0.00986,0.00034,0.00340,0.02657
1413393252.655836105346680,0.00623,0.00034,0.00602,0.00545,0.00003,0.00175,0.01982
1413393252.705834865570068,0.00651,0.00028,0.01279,0.00513,0.00119,0.00184,0.02775
1413393252.755834102630615,0.00636,0.00029,0.00007,0.00597,0.00000,0.00258,0.01527
1413393252.805833816528320,0.00587,0.00021,0.00013,0.00510,0.00004,0.00221,0.01356
1413393252.855834722518921,0.00607,0.00030,0.00021,0.00536,0.00028,0.00185,0.01407
1413393252.905833244323730,0.00738,0.00057,0.00015,0.00788,0.00024,0.00346,0.01969
1413393252.955832958221436,0.00612,0.00025,0.00019,0.00385,0.00115,0.00187,0.01344
1413393253.005834817886353,0.00578,0.00020,0.00006,0.00393,0.00003,0.00236,0.01236
1413393253.055836677551270,0.00571,0.00020,0.00002,0.00396,0.00046,0.00175,0.01209
1413393253.105838298797607,0.00592,0.00020,0.00002,0.00392,0.00070,0.00181,0.01256
1413393253.155839681625366,0.00621,0.00033,0.00016,0.00423,0.00000,0.00200,0.01293
1413393253.205838203430176,0.00636,0.00029,0.00002,0.00441,0.00243,0.00206,0.01558
1413393253.255838394165039,0.00634,0.00029,0.00425,0.00422,0.00798,0.00162,0.02470
1413393253.305838584899902,0.00632,0.00036,0.01032,0.00551,0.00005,0.00180,0.02436
1413393253.355839252471924,0.00745,0.00050,0.00034,0.01066,0.00002,0.00356,0.02252
1413393253.405841350555420,0.00608,0.00029,0.00002,0.00647,0.00006,0.00194,0.01486
1413393253.455844402313232,0.00579,0.00021,0.00007,0.00558,0.00026,0.00158,0.01349
1413393253.505845069885254,0.00747,0.00044,0.00003,0.00880,0.00000,0.00350,0.02023
1413393253.555848360061646,0.00655,0.00032,0.00002,0.00541,0.00005,0.00169,0.01405
1413393253.605849742889404,0.00619,0.00031,0.00018,0.00502,0.00030,0.00217,0.01417
1413393253.655848741531372,0.00752,0.00047,0.00138,0.00823,0.00083,0.00340,0.02184
1413393253.705849647521973,0.00633,0.00036,0.00002,0.00523,0.00000,0.00181,0.01376
1413393253.755848646163940,0.00560,0.00020,0.00012,0.00454,0.00027,0.00197,0.01271
1413393253.805844545364380,0.00744,0.00048,0.00018,0.00916,0.00098,0.00338,0.02162
1413393253.855843782424927,0.00593,0.00021,0.00149,0.00458,0.00270,0.00142,0.01634
1413393253.905842542648315,0.00637,0.00044,0.01184,0.00510,0.00064,0.00150,0.02588
1413393253.955842018127441,0.00722,0.00046,0.00030,0.01121,0.00038,0.00398,0.02355
1413393254.005841732025146,0.00889,0.00033,0.00003,0.00473,0.00066,0.00205,0.01669
1413393254.055840969085693,0.00698,0.00029,0.00068,0.00441,0.00146,0.00196,0.01579
1413393254.105841636657715,0.00883,0.00051,0.00081,0.00676,0.00042,0.00360,0.02093
1413393254.155841350555420,0.00699,0.00029,0.00041,0.00400,0.00004,0.00177,0.01350
1413393254.205839633941650,0.00610,0.00020,0.00060,0.00353,0.00016,0.00192,0.01252
1413393254.255839109420776,0.00632,0.00018,0.00052,0.00332,0.00145,0.00200,0.01379
1413393254.305839538574219,0.00647,0.00037,0.00050,0.00330,0.00014,0.00197,0.01276
1413393254.355839252471924,0.00637,0.00019,0.00131,0.00278,0.00013,0.00215,0.01295
1413393254.405838489532471,0.00804,0.00045,0.00229,0.00428,0.00049,0.00271,0.01827
1413393254.455837249755859,0.00625,0.00033,0.00012,0.00270,0.00087,0.00201,0.01228
1413393254.505832433700562,0.00650,0.00028,0.00544,0.00256,0.01708,0.00156,0.03342
1413393254.555828571319580,0.00730,0.00027,0.00770,0.00495,0.00018,0.00259,0.02300
1413393254.605825185775757,0.00757,0.00034,0.00004,0.00494,0.00000,0.00194,0.01483
1413393254.655824184417725,0.00668,0.00036,0.00056,0.00359,0.00094,0.00191,0.01405
1413393254.705820798873901,0.00662,0.00026,0.00033,0.00590,0.00057,0.00239,0.01608
1413393254.755817174911499,0.00638,0.00027,0.00007,0.00450,0.00022,0.00180,0.01324
1413393254.805814981460571,0.00718,0.00020,0.00064,0.00376,0.00022,0.00210,0.01410
1413393254.855814933776855,0.00692,0.00037,0.00065,0.00367,0.00003,0.00234,0.01399
1413393254.905815601348877,0.00626,0.00028,0.00104,0.00328,0.00000,0.00200,0.01286
1413393254.955816984176636,0.00640,0.00031,0.00104,0.00328,0.01015,0.00190,0.02309
1413393255.005819082260132,0.00713,0.00046,0.00010,0.00938,0.00098,0.00326,0.02132
1413393255.055820941925049,0.00719,0.00024,0.00092,0.00529,0.00096,0.00202,0.01664
1413393255.105821371078491,0.00635,0.00027,0.00397,0.00507,0.00320,0.00167,0.02054
1413393255.155822515487671,0.00677,0.00029,0.00669,0.00584,0.00000,0.00208,0.02167
1413393255.205824613571167,0.00605,0.00024,0.00007,0.00586,0.00017,0.00163,0.01403
1413393255.255825996398926,0.00628,0.00032,0.00126,0.00572,0.00028,0.00199,0.01585
1413393255.305826902389526,0.00659,0.00038,0.00082,0.01084,0.00001,0.00250,0.02114
1413393255.355829238891602,0.00638,0.00028,0.00380,0.00536,0.00138,0.00147,0.01867
1413393255.405829429626465,0.00557,0.00023,0.00006,0.00578,0.00019,0.00186,0.01368
1413393255.455828905105591,0.00657,0.00024,0.00033,0.00569,0.00039,0.00229,0.01552
1413393255.505828619003296,0.00570,0.00038,0.00002,0.00574,0.00000,0.00176,0.01359
1413393255.555826425552368,0.00605,0.00028,0.00018,0.00603,0.00040,0.00150,0.01443
1413393255.605827569961548,0.00706,0.00060,0.01459,0.00906,0.00310,0.00209,0.03650
1413393255.655826330184937,0.00608,0.00020,0.00002,0.00591,0.00024,0.00178,0.01422
1413393255.705825090408325,0.00636,0.00050,0.00186,0.00558,0.00137,0.00177,0.01745
1413393255.755824089050293,0.00726,0.00038,0.00609,0.00945,0.00025,0.00284,0.02627
1413393255.805824041366577,0.00592,0.00038,0.00006,0.00641,0.00017,0.00155,0.01450
1413393255.855822801589966,0.00607,0.00024,0.00064,0.00672,0.00000,0.00172,0.01539
1413393255.905821323394775,0.00757,0.00048,0.00173,0.01115,0.00000,0.00323,0.02415
1413393255.955822467803955,0.00627,0.00022,0.00350,0.00630,0.00000,0.00184,0.01812
1413393256.005822896957397,0.00800,0.00022,0.00025,0.00611,0.00001,0.00198,0.01657
1413393256.055822610855103,0.00812,0.00038,0.00008,0.00978,0.00032,0.00354,0.02222
1413393256.105822563171387,0.00690,0.00031,0.00021,0.00598,0.00016,0.00173,0.01530
1413393256.155823469161987,0.00651,0.00021,0.00041,0.00574,0.00020,0.00236,0.01543
1413393256.205820798873901,0.00661,0.00034,0.00541,0.00562,0.00140,0.00163,0.02102
1413393256.255820512771606,0.00632,0.00020,0.00005,0.00591,0.00024,0.00189,0.01461
1413393256.305819272994995,0.00668,0.00046,0.00008,0.00650,0.00000,0.00197,0.01570
1413393256.355818033218384,0.00690,0.00033,0.00427,0.00806,0.00099,0.00236,0.02291
1413393256.405817270278931,0.00664,0.00042,0.00005,0.00532,0.00000,0.00170,0.01413
1413393256.455815792083740,0.00617,0.00021,0.00009,0.00522,0.00088,0.00147,0.01403
1413393256.505814790725708,0.00753,0.00048,0.00024,0.00651,0.00026,0.00244,0.01746
1413393256.555810213088989,0.00652,0.00021,0.01176,0.00578,0.00017,0.00201,0.02644
1413393256.605810642242432,0.00630,0.00024,0.00019,0.00539,0.00064,0.00180,0.01457
1413393256.655811548233032,0.00711,0.00038,0.00021,0.00880,0.00033,0.00314,0.01997
1413393256.705811500549316,0.00622,0.00045,0.00046,0.00459,0.00015,0.00169,0.01355
1413393256.755811452865601,0.00593,0.00027,0.00049,0.00527,0.00042,0.00209,0.01449
1413393256.805810451507568,0.00647,0.00052,0.00911,0.00754,0.00924,0.00201,0.03488
1413393256.855809926986694,0.00752,0.00022,0.00125,0.00606,0.00021,0.00199,0.01725
1413393256.905809640884399,0.00608,0.00039,0.00011,0.00643,0.00000,0.00170,0.01471
1413393256.955811262130737,0.00638,0.00019,0.00137,0.00603,0.00004,0.00170,0.01572
1413393257.005812644958496,0.00639,0.00025,0.00006,0.00605,0.00000,0.00193,0.01468
1413393257.055813312530518,0.00650,0.00021,0.00050,0.00545,0.00000,0.00198,0.01463
1413393257.105814695358276,0.00637,0.00018,0.00004,0.00574,0.00095,0.00166,0.01493
1413393257.155815839767456,0.00671,0.00027,0.00730,0.00557,0.00355,0.00158,0.02499
1413393257.205815792083740,0.00646,0.00037,0.00006,0.00615,0.00000,0.00172,0.01476
1413393257.255815505981445,0.00775,0.00033,0.00002,0.00990,0.00034,0.00364,0.02200
1413393257.305817365646362,0.00666,0.00024,0.00002,0.00629,0.00081,0.00167,0.01569
1413393257.355818986892700,0.00652,0.00031,0.00056,0.00646,0.00000,0.00193,0.01578
1413393257.405819177627563,0.00704,0.00051,0.01782,0.00616,0.00122,0.00139,0.03414
1413393257.455819129943848,0.00652,0.00031,0.00077,0.00644,0.00000,0.00205,0.01609
1413393257.505819559097290,0.00638,0.00047,0.00007,0.00631,0.00000,0.00183,0.01507
1413393257.555818557739258,0.00642,0.00040,0.00569,0.00950,0.00206,0.00248,0.02653
1413393257.605818986892700,0.00619,0.00042,0.00078,0.00658,0.00000,0.00187,0.01584
1413393257.655819416046143,0.00617,0.00020,0.00082,0.00597,0.00015,0.00154,0.01486
1413393257.705819129943848,0.00562,0.00036,0.00044,0.00612,0.00023,0.00164,0.01442
1413393257.755818367004395,0.00565,0.00020,0.00471,0.00550,0.00239,0.00188,0.02032
1413393257.805818557739258,0.00642,0.00022,0.00032,0.00592,0.00016,0.00196,0.01501
1413393257.855818510055542,0.00756,0.00038,0.00233,0.00814,0.00042,0.00342,0.02224
1413393257.905818700790405,0.00613,0.00046,0.00003,0.00578,0.00000,0.00161,0.01402
1413393257.955818653106689,0.00587,0.00023,0.00017,0.00610,0.00096,0.00203,0.01536
1413393258.005818605422974,0.00880,0.00062,0.01283,0.00731,0.00246,0.00197,0.03399
1413393258.055818796157837,0.00617,0.00020,0.00076,0.00464,0.00051,0.00137,0.01365
1413393258.105819702148438,0.00609,0.00046,0.00034,0.00532,0.00000,0.00157,0.01379
1413393258.155819892883301,0.00658,0.00018,0.00012,0.00500,0.00480,0.00166,0.01833
1413393258.205820560455322,0.00574,0.00021,0.00078,0.00526,0.00000,0.00162,0.01361
1413393258.255821943283081,0.00735,0.00021,0.00002,0.00509,0.00000,0.00213,0.01480
1413393258.305824041366577,0.00718,0.00025,0.00050,0.00478,0.00015,0.00216,0.01503
1413393258.355827331542969,0.00629,0.00027,0.00455,0.00407,0.00672,0.00155,0.02344
1413393258.405827522277832,0.00700,0.00044,0.00198,0.00486,0.00000,0.00168,0.01597
1413393258.455828189849854,0.00680,0.00030,0.00133,0.00766,0.00000,0.00288,0.01898
1413393258.505828142166138,0.00622,0.00040,0.00005,0.00457,0.00005,0.00172,0.01300
1413393258.555825948715210,0.00607,0.00035,0.00022,0.00431,0.00791,0.00139,0.02025
1413393258.605819225311279,0.00620,0.00036,0.00065,0.00557,0.00256,0.00167,0.01700
1413393258.655816555023193,0.00687,0.00025,0.00072,0.00710,0.00000,0.00219,0.01712
1413393258.705815076828003,0.00634,0.00026,0.00393,0.00586,0.00237,0.00167,0.02043
1413393258.755813598632812,0.00649,0.00030,0.00014,0.01112,0.00108,0.00166,0.02079
1413393258.805812835693359,0.00606,0.00044,0.00479,0.00564,0.00120,0.00155,0.01970
1413393258.855812549591064,0.00676,0.00022,0.00044,0.00583,0.00000,0.00188,0.01511
1413393258.905812740325928,0.00683,0.00027,0.00022,0.00556,0.00000,0.00246,0.01535
1413393258.955813169479370,0.00610,0.00020,0.00409,0.00505,0.00468,0.00158,0.02170
1413393259.005812883377075,0.00560,0.00035,0.00016,0.00560,0.00017,0.00161,0.01349
1413393259.055808782577515,0.00814,0.00024,0.00061,0.00600,0.00000,0.00242,0.01740
1413393259.105807781219482,0.00662,0.00035,0.00057,0.00524,0.00000,0.00178,0.01456
1413393259.155805587768555,0.00654,0.00020,0.00038,0.00448,0.00113,0.00168,0.01441
1413393259.205801486968994,0.00621,0.00026,0.00218,0.00420,0.00625,0.00156,0.02066
1413393259.255800724029541,0.00579,0.00030,0.00096,0.00552,0.00015,0.00139,0.01411
1413393259.305798530578613,0.00588,0.00050,0.00009,0.00547,0.00246,0.00173,0.01613
1413393259.355798006057739,0.00724,0.00020,0.00005,0.00570,0.00000,0.00185,0.01505
1413393259.405796527862549,0.00750,0.00037,0.01099,0.00733,0.00365,0.00233,0.03217
1413393259.455795764923096,0.00788,0.00021,0.00022,0.00558,0.00015,0.00159,0.01563
1413393259.505795240402222,0.00634,0.00035,0.00017,0.00544,0.00000,0.00162,0.01392
1413393259.555796384811401,0.00632,0.00020,0.00013,0.00485,0.00504,0.00143,0.01796
1413393259.605796098709106,0.00631,0.00051,0.00845,0.00506,0.00340,0.00154,0.02527
1413393259.655795335769653,0.00664,0.00030,0.00055,0.00582,0.00000,0.00239,0.01569
1413393259.705795288085938,0.00574,0.00039,0.00012,0.00502,0.00001,0.00190,0.01318
1413393259.755794286727905,0.00524,0.00020,0.00008,0.00480,0.00000,0.00162,0.01194
1413393259.805794477462769,0.00600,0.00035,0.00018,0.00422,0.00126,0.00172,0.01374
1413393259.855794668197632,0.00592,0.00020,0.00065,0.00444,0.00000,0.00203,0.01324
1413393259.905794858932495,0.00567,0.00020,0.00022,0.00400,0.00202,0.00166,0.01378
1413393259.955794334411621,0.00775,0.00057,0.00074,0.00617,0.00000,0.00344,0.01867
1413393260.005795478820801,0.00548,0.00036,0.00707,0.00304,0.01474,0.00191,0.03260
1413393260.055793523788452,0.00540,0.00020,0.00005,0.00541,0.00017,0.00144,0.01268
1413393260.105795383453369,0.00843,0.00051,0.00083,0.00804,0.00000,0.00343,0.02124
1413393260.155795574188232,0.00602,0.00028,0.00008,0.00482,0.00001,0.00178,0.01300
1413393260.205793857574463,0.00589,0.00028,0.00536,0.00431,0.00672,0.00163,0.02421
1413393260.255794286727905,0.00772,0.00044,0.00073,0.01000,0.00027,0.00302,0.02219
1413393260.305798292160034,0.00567,0.00031,0.00060,0.00513,0.00000,0.00162,0.01334
1413393260.355800628662109,0.00677,0.00020,0.00048,0.00481,0.00404,0.00136,0.01766
1413393260.405801534652710,0.00874,0.00054,0.00140,0.00821,0.00000,0.00345,0.02235
1413393260.455802679061890,0.00655,0.00019,0.00016,0.00434,0.00000,0.00173,0.01298
1413393260.505801916122437,0.00650,0.00023,0.00040,0.00448,0.00642,0.00180,0.01983
1413393260.555799484252930,0.00716,0.00019,0.00058,0.00507,0.00000,0.00170,0.01471
1413393260.605795145034790,0.00689,0.00021,0.00195,0.00459,0.00911,0.00166,0.02441
1413393260.655784130096436,0.00625,0.00030,0.00475,0.00591,0.00020,0.00191,0.01933
1413393260.705773353576660,0.00651,0.00055,0.00060,0.01068,0.00000,0.00280,0.02114
1413393260.755762577056885,0.00606,0.00021,0.00092,0.00573,0.00000,0.00210,0.01501
1413393260.805754661560059,0.00632,0.00031,0.00496,0.00561,0.00348,0.00162,0.02230
1413393260.855757951736450,0.00586,0.00035,0.00019,0.01093,0.00000,0.00286,0.02019
1413393260.905760288238525,0.00662,0.00048,0.00422,0.00585,0.00063,0.00165,0.01944
1413393260.955764055252075,0.00661,0.00031,0.00703,0.00594,0.00000,0.00171,0.02160
1413393261.005769729614258,0.00623,0.00036,0.00045,0.00598,0.00016,0.00173,0.01491
1413393261.055771589279175,0.00671,0.00033,0.00002,0.00726,0.00000,0.00227,0.01659
1413393261.105775594711304,0.00752,0.00040,0.00499,0.00554,0.00063,0.00194,0.02101
1413393261.155774593353271,0.00697,0.00023,0.00021,0.00595,0.00016,0.00254,0.01607
1413393261.205774068832397,0.00673,0.00050,0.00010,0.00546,0.00075,0.00175,0.01528
1413393261.255773305892944,0.00697,0.00034,0.00437,0.00643,0.00023,0.00236,0.02069
1413393261.305772542953491,0.00666,0.00030,0.00024,0.00644,0.00001,0.00170,0.01535
1413393261.355771780014038,0.00635,0.00021,0.00002,0.00615,0.00000,0.00213,0.01485
1413393261.405771493911743,0.00618,0.00032,0.00408,0.00552,0.00292,0.00175,0.02077
1413393261.455772399902344,0.00681,0.00038,0.00822,0.00955,0.00031,0.00302,0.02829
1413393261.505774497985840,0.00564,0.00037,0.00163,0.00630,0.00063,0.00181,0.01638
1413393261.555778264999390,0.00617,0.00030,0.00669,0.00634,0.00000,0.00198,0.02149
1413393261.605782032012939,0.00924,0.00058,0.00247,0.00968,0.00000,0.00315,0.02513
1413393261.655786514282227,0.00563,0.00020,0.01183,0.00577,0.00122,0.00169,0.02635
1413393261.705786466598511,0.00612,0.00037,0.00428,0.00583,0.00016,0.00195,0.01871
1413393261.755787611007690,0.00615,0.00034,0.00024,0.01054,0.00000,0.00344,0.02072
1413393261.805788755416870,0.00577,0.00033,0.00034,0.00549,0.00060,0.00181,0.01434
1413393261.855791568756104,0.00552,0.00032,0.00142,0.00576,0.00142,0.00161,0.01604
1413393261.905792951583862,0.00700,0.00048,0.00006,0.01021,0.00000,0.00224,0.01999
1413393261.955793380737305,0.00577,0.00020,0.00003,0.00585,0.00000,0.00217,0.01403
1413393262.005796432495117,0.00580,0.00032,0.00157,0.00556,0.00236,0.00181,0.01743
1413393262.055794954299927,0.00618,0.00036,0.00831,0.00878,0.00168,0.00153,0.02684
1413393262.105793476104736,0.00593,0.00038,0.00009,0.00541,0.00016,0.00169,0.01366
1413393262.155790328979492,0.00527,0.00021,0.00476,0.00515,0.00130,0.00160,0.01829
1413393262.205789327621460,0.00519,0.00035,0.00017,0.00959,0.00000,0.00224,0.01753
1413393262.255789995193481,0.00586,0.00020,0.00490,0.00521,0.00365,0.00163,0.02145
1413393262.305789947509766,0.00590,0.00043,0.00320,0.00602,0.00122,0.00170,0.01847
1413393262.355790376663208,0.00532,0.00018,0.00008,0.00634,0.00015,0.00161,0.01368
1413393262.405790090560913,0.00577,0.00042,0.00104,0.00642,0.00000,0.00167,0.01530
1413393262.455790042877197,0.00571,0.00020,0.00453,0.00620,0.00016,0.00160,0.01840
1413393262.505789518356323,0.00774,0.00047,0.00121,0.00679,0.00000,0.00229,0.01850
1413393262.555788755416870,0.00597,0.00020,0.00018,0.00629,0.00000,0.00201,0.01465
1413393262.605787515640259,0.00549,0.00022,0.00185,0.00565,0.00004,0.00181,0.01505
1413393262.655787706375122,0.00772,0.00045,0.00093,0.00880,0.00032,0.00323,0.02146
1413393262.705788850784302,0.00604,0.00032,0.00447,0.00494,0.00343,0.00172,0.02092
1413393262.755788326263428,0.00665,0.00033,0.00429,0.00533,0.00119,0.00151,0.01930
1413393262.805788516998291,0.00688,0.00054,0.00075,0.01021,0.00000,0.00267,0.02106
1413393262.855789184570312,0.00646,0.00029,0.00439,0.00496,0.00148,0.00170,0.01927
1413393262.905788898468018,0.00655,0.00057,0.00109,0.00597,0.00276,0.00182,0.01876
1413393262.955788612365723,0.00830,0.00040,0.00016,0.01018,0.00000,0.00320,0.02225
1413393263.005789756774902,0.00650,0.00029,0.00030,0.00539,0.00015,0.00154,0.01418
1413393263.055791616439819,0.00533,0.00019,0.00464,0.00516,0.00134,0.00139,0.01806
1413393263.105791330337524,0.00742,0.00048,0.00020,0.00560,0.00000,0.00233,0.01603
1413393263.155793190002441,0.00621,0.00021,0.00063,0.00499,0.00000,0.00201,0.01406
1413393263.205795764923096,0.00656,0.00030,0.00048,0.00472,0.00257,0.00177,0.01639
1413393263.255793809890747,0.00609,0.00019,0.00120,0.00467,0.00020,0.00167,0.01401
1413393263.305793285369873,0.00566,0.00031,0.00030,0.00462,0.00253,0.00156,0.01498
1413393263.355794191360474,0.00432,0.00021,0.00110,0.00402,0.00141,0.00153,0.01258
1413393263.405793905258179,0.00616,0.00038,0.00019,0.00521,0.00255,0.00227,0.01676
1413393263.455793142318726,0.00599,0.00021,0.00136,0.00397,0.00473,0.00188,0.01814
1413393263.505792140960693,0.00532,0.00035,0.00090,0.00513,0.00134,0.00179,0.01482
1413393263.555791616439819,0.00567,0.00019,0.00061,0.00465,0.00015,0.00168,0.01294
1413393263.605791091918945,0.00624,0.00042,0.00013,0.00485,0.00000,0.00191,0.01356
1413393263.655791282653809,0.00660,0.00020,0.00073,0.00354,0.00515,0.00181,0.01804
1413393263.705791711807251,0.00704,0.00029,0.00099,0.00714,0.00102,0.00250,0.01899
1413393263.755792140960693,0.00661,0.00020,0.00066,0.00406,0.00138,0.00150,0.01442
1413393263.805792093276978,0.00623,0.00042,0.00107,0.00413,0.00146,0.00163,0.01494
1413393263.855791807174683,0.00794,0.00042,0.00103,0.00956,0.00169,0.00333,0.02397
1413393263.905791759490967,0.00501,0.00020,0.00055,0.00386,0.00021,0.00159,0.01143
1413393263.955791234970093,0.00691,0.00047,0.00046,0.00450,0.00269,0.00182,0.01685
1413393264.005791664123535,0.00754,0.00044,0.00244,0.00780,0.00113,0.00316,0.02250
1413393264.055790901184082,0.00609,0.00020,0.00163,0.00406,0.00146,0.00137,0.01481
1413393264.105790615081787,0.00629,0.00037,0.00198,0.00415,0.00074,0.00152,0.01504
1413393264.155791044235229,0.00836,0.00042,0.00161,0.00759,0.00170,0.00291,0.02260
1413393264.205791950225830,0.00625,0.00036,0.00053,0.00423,0.00326,0.00166,0.01629
1413393264.255793094635010,0.00677,0.00021,0.00029,0.00455,0.00021,0.00140,0.01343
1413393264.305795907974243,0.00642,0.00028,0.00071,0.00732,0.00209,0.00253,0.01934
1413393264.355798959732056,0.00618,0.00020,0.00010,0.00475,0.00118,0.00208,0.01449
1413393264.405794858932495,0.00620,0.00032,0.00012,0.00370,0.00175,0.00153,0.01362
1413393264.505801677703857,0.00628,0.00036,0.00100,0.00503,0.00082,0.00157,0.01505
1413393264.555805683135986,0.00712,0.00049,0.00117,0.00528,0.00126,0.00177,0.01710
1413393264.605805873870850,0.00746,0.00038,0.00569,0.00824,0.00001,0.00347,0.02526
1413393264.655808925628662,0.00636,0.00052,0.00022,0.00615,0.00000,0.00162,0.01487
1413393264.705811262130737,0.00631,0.00032,0.00479,0.00500,0.00126,0.00149,0.01917
1413393264.755812406539917,0.00732,0.00050,0.00727,0.00809,0.00095,0.00300,0.02713
1413393264.805813074111938,0.00632,0.00030,0.00008,0.00645,0.00000,0.00185,0.01499
1413393264.855815172195435,0.00587,0.00021,0.00357,0.00524,0.00104,0.00184,0.01778
1413393264.905814409255981,0.00608,0.00019,0.00288,0.00565,0.00000,0.00198,0.01678
1413393264.955815792083740,0.00660,0.00044,0.00434,0.00589,0.00000,0.00205,0.01933
1413393265.005815982818604,0.00619,0.00033,0.00154,0.00487,0.00021,0.00186,0.01499
1413393265.055817365646362,0.00659,0.00036,0.00013,0.00848,0.00324,0.00278,0.02157
1413393265.105818510055542,0.00624,0.00029,0.00609,0.00503,0.00140,0.00141,0.02048
1413393265.155817747116089,0.00577,0.00031,0.00060,0.00514,0.00021,0.00154,0.01357
1413393265.205815553665161,0.00721,0.00038,0.00216,0.00852,0.00381,0.00309,0.02517
1413393265.255815982818604,0.00669,0.00038,0.00100,0.00486,0.00000,0.00189,0.01482
1413393265.305816411972046,0.00654,0.00025,0.00135,0.00430,0.00332,0.00138,0.01714
1413393265.355816602706909,0.00646,0.00037,0.00018,0.00520,0.00427,0.00158,0.01805
1413393265.405815362930298,0.00621,0.00021,0.00003,0.00602,0.00000,0.00180,0.01427
1413393265.455812692642212,0.00639,0.00050,0.00062,0.00569,0.00121,0.00153,0.01594
1413393265.505811691284180,0.00759,0.00044,0.00022,0.00943,0.00193,0.00313,0.02273
1413393265.555811166763306,0.00592,0.00046,0.00300,0.00549,0.00237,0.00165,0.01890
1413393265.605811834335327,0.00676,0.00029,0.00055,0.00576,0.00015,0.00147,0.01499
1413393265.655812263488770,0.00581,0.00034,0.00007,0.00630,0.00001,0.00183,0.01436
1413393265.705810785293579,0.00613,0.00021,0.00425,0.00549,0.00139,0.00140,0.01888
1413393265.755809307098389,0.00645,0.00046,0.00284,0.00548,0.00032,0.00167,0.01722
1413393265.805808544158936,0.00592,0.00018,0.00009,0.00571,0.00031,0.00204,0.01425
1413393265.855806827545166,0.00596,0.00023,0.00157,0.00473,0.00364,0.00166,0.01778
1413393265.905805110931396,0.00654,0.00032,0.00036,0.00635,0.00003,0.00231,0.01592
1413393265.955802917480469,0.00725,0.00048,0.00288,0.00959,0.00008,0.00263,0.02291
1413393266.005802869796753,0.00674,0.00030,0.00055,0.00511,0.00020,0.00164,0.01454
1413393266.055803775787354,0.00651,0.00048,0.00018,0.00547,0.00121,0.00168,0.01553
1413393266.105803489685059,0.00851,0.00040,0.00066,0.00866,0.00005,0.00378,0.02207
1413393266.155802726745605,0.00580,0.00019,0.00209,0.00375,0.00378,0.00147,0.01708
1413393266.205802202224731,0.00694,0.00028,0.00037,0.00412,0.00000,0.00192,0.01362
1413393266.255800724029541,0.00644,0.00043,0.00095,0.00520,0.00323,0.00242,0.01866
1413393266.305801153182983,0.00712,0.00038,0.00159,0.00320,0.00758,0.00151,0.02139
1413393266.355801105499268,0.00672,0.00039,0.00044,0.00286,0.00240,0.00155,0.01436
1413393266.405800580978394,0.00854,0.00052,0.00177,0.00446,0.00023,0.00343,0.01895
1413393266.455801725387573,0.00775,0.00022,0.00084,0.00272,0.00030,0.00217,0.01401
1413393266.505802154541016,0.00757,0.00019,0.00036,0.00249,0.00397,0.00133,0.01591
1413393266.555802106857300,0.00886,0.00039,0.00057,0.00241,0.00052,0.00285,0.01560
1413393266.605803966522217,0.00672,0.00031,0.00140,0.00187,0.00099,0.00141,0.01270
1413393266.655809640884399,0.00892,0.00018,0.00038,0.00198,0.00348,0.00167,0.01662
1413393266.705813407897949,0.00852,0.00018,0.00098,0.00245,0.00031,0.00201,0.01445
1413393266.755816698074341,0.00752,0.00019,0.00042,0.00244,0.00557,0.00163,0.01777
1413393266.805822372436523,0.00688,0.00027,0.00041,0.00304,0.00000,0.00160,0.01220
1413393266.855827331542969,0.00666,0.00024,0.00064,0.00449,0.00109,0.00254,0.01567
1413393266.905832290649414,0.00790,0.00019,0.00109,0.00271,0.00020,0.00198,0.01408
1413393266.955839395523071,0.00654,0.00025,0.00010,0.00285,0.00434,0.00163,0.01571
1413393267.005844593048096,0.00745,0.00040,0.00046,0.00492,0.00542,0.00350,0.02214
1413393267.055841922760010,0.00650,0.00020,0.00019,0.00293,0.00162,0.00194,0.01339
1413393267.105843782424927,0.00629,0.00029,0.00003,0.00443,0.00904,0.00183,0.02190
1413393267.155845642089844,0.00662,0.00019,0.00048,0.00486,0.00014,0.00185,0.01415
1413393267.205846548080444,0.00592,0.00020,0.00105,0.00486,0.00341,0.00146,0.01690
1413393267.255847930908203,0.00578,0.00033,0.00558,0.00550,0.00179,0.00175,0.02073
1413393267.305849552154541,0.00690,0.00037,0.00046,0.00992,0.00026,0.00352,0.02142
1413393267.355851888656616,0.00636,0.00023,0.00055,0.00601,0.00001,0.00224,0.01539
1413393267.405853271484375,0.00664,0.00021,0.00002,0.00617,0.00000,0.00176,0.01480
1413393267.455853462219238,0.00645,0.00038,0.00848,0.00561,0.00020,0.00227,0.02339
1413393267.505854368209839,0.00804,0.00040,0.00008,0.00550,0.00023,0.00199,0.01624
1413393267.555855274200439,0.00678,0.00046,0.00105,0.00522,0.00052,0.00212,0.01616
1413393267.605855703353882,0.00598,0.00019,0.00130,0.00549,0.00123,0.00187,0.01606
1413393267.655856132507324,0.00658,0.00024,0.00006,0.00574,0.00000,0.00181,0.01444
1413393267.705857038497925,0.00656,0.00021,0.00027,0.00570,0.00140,0.00178,0.01592
1413393267.755856990814209,0.00592,0.00034,0.00034,0.00608,0.00003,0.00187,0.01457
1413393267.805856227874756,0.00604,0.00023,0.00142,0.00564,0.00071,0.00182,0.01585
1413393267.855857610702515,0.00659,0.00048,0.00581,0.00589,0.00122,0.00200,0.02199
1413393267.905857801437378,0.00672,0.00044,0.00014,0.01170,0.00026,0.00287,0.02214
1413393267.955859899520874,0.00620,0.00035,0.00101,0.00637,0.00000,0.00194,0.01587
1413393268.005862236022949,0.00631,0.00022,0.00002,0.00647,0.00000,0.00208,0.01511
1413393268.055860519409180,0.00740,0.00049,0.02502,0.00637,0.00000,0.00223,0.04151
1413393268.105858802795410,0.00645,0.00047,0.00053,0.00645,0.00000,0.00215,0.01605
1413393268.155862092971802,0.00605,0.00022,0.00101,0.00647,0.00000,0.00219,0.01593
1413393268.205863714218140,0.00606,0.00038,0.00173,0.00658,0.00000,0.00257,0.01732
1413393268.255867242813110,0.00607,0.00023,0.00002,0.00648,0.00000,0.00215,0.01494
1413393268.305870294570923,0.00575,0.00034,0.00086,0.00637,0.00000,0.00218,0.01550
1413393268.355873584747314,0.00590,0.00021,0.00001,0.00656,0.00000,0.00197,0.01465
1413393268.405875682830811,0.00619,0.00030,0.00159,0.00628,0.00000,0.00174,0.01610
1413393268.455877304077148,0.00603,0.00023,0.00511,0.00610,0.00000,0.00213,0.01961
1413393268.505878925323486,0.00576,0.00034,0.00001,0.00644,0.00000,0.00194,0.01448
1413393268.555878639221191,0.00629,0.00021,0.00060,0.00614,0.00001,0.00215,0.01539
1413393268.605879068374634,0.00622,0.00035,0.00002,0.00629,0.00000,0.00218,0.01507
1413393268.655879735946655,0.00680,0.00031,0.01213,0.00611,0.00126,0.00258,0.02918
1413393268.705880880355835,0.00604,0.00034,0.00033,0.00635,0.00000,0.00217,0.01522
1413393268.755882024765015,0.00602,0.00022,0.00039,0.00599,0.00000,0.00222,0.01483
1413393268.805881977081299,0.00571,0.00035,0.00008,0.00621,0.00004,0.00197,0.01436
1413393268.855881690979004,0.00585,0.00021,0.00006,0.00605,0.00001,0.00220,0.01439
1413393268.905881881713867,0.00591,0.00037,0.00002,0.00586,0.00028,0.00217,0.01460
1413393268.955880641937256,0.00712,0.00048,0.00009,0.01007,0.00000,0.00366,0.02143
1413393269.005879640579224,0.00613,0.00034,0.00062,0.00583,0.00004,0.00216,0.01512
1413393269.055877208709717,0.00596,0.00022,0.00456,0.00584,0.00037,0.00218,0.01913
1413393269.105876922607422,0.00708,0.00063,0.00003,0.01000,0.00000,0.00350,0.02124
1413393269.155876874923706,0.00624,0.00029,0.00055,0.00666,0.00021,0.00212,0.01607
1413393269.205878734588623,0.00602,0.00046,0.00002,0.00650,0.00000,0.00213,0.01513
1413393269.255880117416382,0.00606,0.00038,0.01744,0.00697,0.00127,0.00183,0.03396
1413393269.305880069732666,0.00631,0.00033,0.00001,0.00603,0.00025,0.00212,0.01505
1413393269.355880975723267,0.00658,0.00022,0.00006,0.00587,0.00025,0.00213,0.01511
1413393269.405881166458130,0.00626,0.00045,0.00099,0.00603,0.00006,0.00214,0.01593
1413393269.455884695053101,0.00651,0.00022,0.00013,0.00558,0.00017,0.00211,0.01472
1413393269.505889892578125,0.00543,0.00024,0.00002,0.00590,0.00084,0.00174,0.01418
1413393269.555899381637573,0.00590,0.00026,0.00002,0.00645,0.00000,0.00209,0.01473
1413393269.605904340744019,0.00597,0.00033,0.00002,0.00590,0.00121,0.00191,0.01533
1413393269.655906438827515,0.00588,0.00021,0.00474,0.00617,0.00000,0.00195,0.01897
1413393269.705910205841064,0.00613,0.00046,0.00015,0.00668,0.00001,0.00229,0.01574
1413393269.755914688110352,0.00601,0.00024,0.00085,0.00588,0.00021,0.00218,0.01536
1413393269.805914878845215,0.00596,0.00038,0.00016,0.00586,0.00033,0.00246,0.01514
1413393269.855909109115601,0.00724,0.00036,0.01720,0.00661,0.00063,0.00193,0.03397
1413393269.905904054641724,0.00578,0.00026,0.00035,0.00541,0.00047,0.00154,0.01381
1413393269.955901622772217,0.00588,0.00021,0.00011,0.00597,0.00082,0.00169,0.01468
1413393270.005900144577026,0.00488,0.00021,0.00108,0.00613,0.00063,0.00170,0.01463
1413393270.055899381637573,0.00600,0.00033,0.00119,0.00647,0.00000,0.00209,0.01608
1413393270.105899333953857,0.00569,0.00036,0.00054,0.00637,0.00000,0.00203,0.01499
1413393270.155900239944458,0.00543,0.00022,0.00088,0.00622,0.00000,0.00197,0.01473
1413393270.205901384353638,0.00604,0.00045,0.00086,0.00654,0.00001,0.00228,0.01618
1413393270.255901813507080,0.00763,0.00044,0.00422,0.00535,0.00034,0.00212,0.02010
1413393270.305903911590576,0.00672,0.00044,0.00013,0.00526,0.00063,0.00262,0.01580
1413393270.355903387069702,0.00621,0.00022,0.00101,0.00460,0.00051,0.00215,0.01471
1413393270.405901432037354,0.00595,0.00035,0.00488,0.00444,0.00350,0.00215,0.02126
1413393270.455901145935059,0.00833,0.00049,0.00937,0.00806,0.00559,0.00268,0.03452
1413393270.505899429321289,0.00597,0.00036,0.00034,0.00642,0.00000,0.00211,0.01521
1413393270.555896759033203,0.00624,0.00031,0.00056,0.00728,0.00000,0.00199,0.01639
1413393270.605895280838013,0.00632,0.00047,0.00105,0.01003,0.00000,0.00298,0.02085
1413393270.655896902084351,0.00588,0.00029,0.00003,0.00469,0.00064,0.00201,0.01353
1413393270.705893754959106,0.00578,0.00035,0.00046,0.00328,0.00040,0.00209,0.01234
1413393270.755891084671021,0.00718,0.00045,0.00037,0.00504,0.00062,0.00347,0.01712
1413393270.805886745452881,0.00517,0.00036,0.00603,0.00318,0.00218,0.00182,0.01873
1413393270.855887413024902,0.00642,0.00035,0.00375,0.00476,0.00062,0.00189,0.01780
1413393270.905886650085449,0.00700,0.00051,0.00019,0.00932,0.00026,0.00356,0.02084
1413393270.955880880355835,0.00574,0.00022,0.00010,0.00538,0.00112,0.00186,0.01441
1413393271.005887269973755,0.00587,0.00036,0.00416,0.00550,0.00006,0.00188,0.01783
1413393271.055888414382935,0.00715,0.00040,0.00672,0.00819,0.00223,0.00205,0.02672
1413393271.105885744094849,0.00609,0.00046,0.00036,0.00578,0.00022,0.00199,0.01491
1413393271.155883073806763,0.00590,0.00031,0.00002,0.00662,0.00024,0.00197,0.01506
1413393271.205882072448730,0.00578,0.00033,0.00060,0.00559,0.00061,0.00178,0.01469
1413393271.255879878997803,0.00595,0.00031,0.00012,0.00550,0.00000,0.00180,0.01368
1413393271.305880308151245,0.00692,0.00037,0.00006,0.00536,0.00083,0.00204,0.01558
1413393271.355882644653320,0.00577,0.00019,0.00012,0.00534,0.00078,0.00198,0.01419
1413393271.405884265899658,0.00598,0.00034,0.00426,0.00542,0.00293,0.00192,0.02085
1413393271.455887556076050,0.00548,0.00026,0.00330,0.00634,0.00000,0.00178,0.01716
1413393271.505887985229492,0.00729,0.00056,0.00003,0.01082,0.00000,0.00324,0.02194
1413393271.555886507034302,0.00612,0.00020,0.00142,0.00639,0.00000,0.00187,0.01601
1413393271.605886697769165,0.00611,0.00046,0.00607,0.00624,0.00000,0.00202,0.02090
1413393271.655885696411133,0.00726,0.00049,0.01023,0.00974,0.00000,0.00247,0.03019
1413393271.705886125564575,0.00692,0.00038,0.00081,0.00522,0.00081,0.00209,0.01622
1413393271.755886793136597,0.00648,0.00029,0.00014,0.00565,0.00024,0.00226,0.01506
1413393271.805886030197144,0.00596,0.00035,0.00019,0.00517,0.00074,0.00206,0.01447
1413393271.855885267257690,0.00553,0.00020,0.00152,0.00524,0.00238,0.00202,0.01689
1413393271.905884027481079,0.00669,0.00037,0.00030,0.00552,0.00023,0.00213,0.01524
1413393271.955881595611572,0.00440,0.00019,0.00002,0.00537,0.00000,0.00187,0.01186
1413393272.005878686904907,0.00541,0.00036,0.00177,0.00524,0.00461,0.00181,0.01921
1413393272.055877208709717,0.00577,0.00030,0.00385,0.00622,0.00000,0.00214,0.01829
1413393272.105876445770264,0.00393,0.00033,0.00001,0.00646,0.00000,0.00194,0.01268
1413393272.155875682830811,0.00584,0.00032,0.00121,0.00601,0.00000,0.00183,0.01521
1413393272.205874919891357,0.00605,0.00037,0.00536,0.00622,0.00000,0.00178,0.01978
1413393272.255875110626221,0.00679,0.00034,0.00590,0.00597,0.00000,0.00206,0.02106
1413393272.305875301361084,0.00602,0.00028,0.00047,0.00648,0.00000,0.00147,0.01472
1413393272.355875492095947,0.00549,0.00034,0.00139,0.00614,0.00036,0.00216,0.01588
1413393272.405874967575073,0.00721,0.00036,0.00005,0.00599,0.00000,0.00201,0.01562
1413393272.455874443054199,0.00681,0.00030,0.00466,0.00567,0.00079,0.00191,0.02014
1413393272.505874156951904,0.00802,0.00038,0.00080,0.00604,0.00015,0.00211,0.01750
1413393272.555874109268188,0.00630,0.00034,0.00021,0.00921,0.00000,0.00284,0.01890
1413393272.605873823165894,0.00644,0.00037,0.00007,0.00580,0.00127,0.00213,0.01609
1413393272.655873060226440,0.00664,0.00020,0.00228,0.00582,0.00022,0.00194,0.01710
1413393272.705872535705566,0.00634,0.00035,0.00059,0.00571,0.00000,0.00214,0.01514
1413393272.755872011184692,0.00658,0.00030,0.00106,0.00558,0.00038,0.00188,0.01578
1413393272.805871486663818,0.00665,0.00040,0.00415,0.00514,0.00233,0.00195,0.02062
1413393272.855871915817261,0.00802,0.00043,0.00785,0.00890,0.00126,0.00251,0.02897
1413393272.905871868133545,0.00729,0.00047,0.00085,0.00612,0.00000,0.00219,0.01692
1413393272.955873250961304,0.00651,0.00026,0.00300,0.00565,0.00022,0.00190,0.01754
1413393273.005872488021851,0.00610,0.00034,0.00018,0.00585,0.00000,0.00222,0.01469
1413393273.055871248245239,0.00659,0.00022,0.00903,0.00547,0.00134,0.00182,0.02448
1413393273.105870723724365,0.00638,0.00035,0.00002,0.00622,0.00000,0.00204,0.01500
1413393273.205871105194092,0.00657,0.00030,0.00051,0.00549,0.00000,0.00189,0.01475
1413393273.255871772766113,0.00870,0.00036,0.00002,0.00534,0.00000,0.00210,0.01653
1413393273.305871725082397,0.00844,0.00042,0.00114,0.00807,0.00106,0.00374,0.02287
1413393273.355872154235840,0.00691,0.00045,0.00021,0.00538,0.00015,0.00216,0.01525
1413393273.405871868133545,0.00722,0.00031,0.00047,0.00536,0.00096,0.00200,0.01632
1413393273.455872297286987,0.00870,0.00069,0.00738,0.00765,0.00209,0.00332,0.02984
1413393273.505872488021851,0.00686,0.00029,0.00279,0.00494,0.00192,0.00194,0.01875
1413393273.555874109268188,0.00650,0.00045,0.00014,0.00580,0.00021,0.00210,0.01520
1413393273.605874538421631,0.00814,0.00047,0.00336,0.00713,0.00145,0.00382,0.02438
1413393273.655874013900757,0.00662,0.00045,0.00024,0.00511,0.00000,0.00205,0.01447
1413393273.705871820449829,0.00647,0.00021,0.00548,0.00436,0.00278,0.00188,0.02118
1413393273.755870819091797,0.00594,0.00035,0.00008,0.00477,0.00001,0.00211,0.01325
1413393273.805871725082397,0.00600,0.00021,0.00694,0.00435,0.00471,0.00172,0.02393
1413393273.855871438980103,0.00608,0.00049,0.00019,0.00510,0.00016,0.00178,0.01380
1413393273.905872106552124,0.00642,0.00035,0.00062,0.00844,0.00128,0.00283,0.01994
1413393273.955872535705566,0.00745,0.00039,0.00034,0.00459,0.00014,0.00192,0.01482
1413393274.005873203277588,0.00906,0.00032,0.00030,0.00483,0.00055,0.00215,0.01722
1413393274.055873870849609,0.00920,0.00060,0.00029,0.00680,0.00415,0.00355,0.02459
1413393274.105870962142944,0.00802,0.00022,0.00089,0.00443,0.00165,0.00222,0.01743
1413393274.155871152877808,0.00724,0.00036,0.00015,0.00450,0.00034,0.00202,0.01462
1413393274.205870389938354,0.00759,0.00026,0.00030,0.00452,0.00128,0.00303,0.01697
1413393274.255868911743164,0.00682,0.00037,0.00101,0.00405,0.00001,0.00222,0.01448
1413393274.305868625640869,0.00740,0.00020,0.00121,0.00368,0.00692,0.00203,0.02144
1413393274.355868101119995,0.00779,0.00051,0.00039,0.01013,0.00003,0.00369,0.02255
1413393274.405865192413330,0.00727,0.00033,0.00372,0.00426,0.00788,0.00187,0.02533
1413393274.455865859985352,0.00648,0.00036,0.00076,0.00493,0.00015,0.00183,0.01452
1413393274.505866050720215,0.00646,0.00019,0.00437,0.00458,0.00066,0.00183,0.01810
1413393274.555865526199341,0.00673,0.00035,0.00838,0.00445,0.00377,0.00204,0.02571
1413393274.605865001678467,0.00539,0.00021,0.00007,0.00556,0.00057,0.00156,0.01335
1413393274.655864715576172,0.00694,0.00019,0.00180,0.00492,0.00021,0.00154,0.01561
1413393274.705864667892456,0.00596,0.00023,0.00019,0.00478,0.00132,0.00237,0.01486
1413393274.755865335464478,0.00697,0.00036,0.00026,0.00457,0.00038,0.00207,0.01461
1413393274.805869340896606,0.00659,0.00020,0.00029,0.00485,0.00015,0.00212,0.01422
1413393274.855868577957153,0.00694,0.00032,0.00016,0.00529,0.00003,0.00204,0.01479
1413393274.905868530273438,0.00706,0.00020,0.00080,0.00453,0.00123,0.00227,0.01609
1413393274.955869674682617,0.00804,0.00073,0.00051,0.00761,0.00033,0.00339,0.02061
1413393275.005870103836060,0.00676,0.00029,0.00023,0.00468,0.00341,0.00186,0.01723
1413393275.055869579315186,0.00589,0.00036,0.00015,0.00441,0.00027,0.00194,0.01302
1413393275.105870246887207,0.00621,0.00019,0.00266,0.00433,0.00027,0.00204,0.01570
1413393275.155872344970703,0.00632,0.00035,0.00440,0.00432,0.00797,0.00190,0.02526
1413393275.205875635147095,0.00580,0.00020,0.01126,0.00621,0.00016,0.00199,0.02562
1413393275.255876302719116,0.00730,0.00037,0.00024,0.00587,0.00024,0.00200,0.01601
1413393275.305875778198242,0.00697,0.00038,0.00019,0.00623,0.00000,0.00218,0.01594
1413393275.355876207351685,0.00581,0.00037,0.00025,0.00517,0.00003,0.00218,0.01381
1413393275.405876159667969,0.00602,0.00036,0.00042,0.00991,0.00001,0.00299,0.01971
1413393275.455875158309937,0.00553,0.00047,0.00021,0.00563,0.00016,0.00216,0.01416
1413393275.505874633789062,0.00616,0.00022,0.00034,0.00433,0.00008,0.00230,0.01343
1413393275.555874586105347,0.00606,0.00034,0.00010,0.00390,0.00014,0.00197,0.01251
1413393275.605874538421631,0.00643,0.00020,0.00029,0.00352,0.00020,0.00212,0.01277
1413393275.655874490737915,0.00465,0.00019,0.00064,0.00375,0.00000,0.00158,0.01081
1413393275.705875396728516,0.00303,0.00017,0.00062,0.00292,0.00177,0.00159,0.01011
1413393275.755875587463379,0.00512,0.00021,0.00049,0.00285,0.00543,0.00211,0.01622
1413393275.805874109268188,0.00794,0.00033,0.01434,0.00351,0.01248,0.00188,0.04048
1413393275.855874538421631,0.00707,0.00030,0.00004,0.01017,0.00035,0.00249,0.02043
1413393275.905873775482178,0.00695,0.00029,0.00024,0.00607,0.00000,0.00160,0.01514
1413393275.955873012542725,0.00698,0.00049,0.00028,0.00546,0.00003,0.00230,0.01554
1413393276.005872964859009,0.00811,0.00063,0.00094,0.01001,0.00026,0.00383,0.02378
1413393276.055874109268188,0.00657,0.00035,0.00016,0.00873,0.00000,0.00336,0.01917
1413393276.105874538421631,0.00565,0.00054,0.00037,0.00799,0.00025,0.00311,0.01792
1413393276.155875205993652,0.00623,0.00038,0.00024,0.00895,0.00000,0.00236,0.01817
1413393276.205875396728516,0.00607,0.00052,0.00003,0.00513,0.00174,0.00187,0.01535
1413393276.255874395370483,0.00638,0.00031,0.00017,0.00587,0.00001,0.00221,0.01494
1413393276.305872440338135,0.00712,0.00056,0.00417,0.00698,0.00349,0.00340,0.02572
1413393276.355870008468628,0.00635,0.00050,0.01121,0.00491,0.00130,0.00191,0.02618
1413393276.405868053436279,0.00617,0.00031,0.01333,0.00540,0.00016,0.00173,0.02710
1413393276.455868721008301,0.00735,0.00057,0.00002,0.01100,0.00000,0.00344,0.02240
1413393276.505867719650269,0.00606,0.00043,0.00002,0.00589,0.00000,0.00163,0.01403
1413393276.555869102478027,0.00621,0.00049,0.00002,0.00653,0.00000,0.00176,0.01501
1413393276.605870485305786,0.00548,0.00034,0.00001,0.00604,0.00000,0.00162,0.01349
1413393276.655872583389282,0.00590,0.00030,0.00002,0.00708,0.00000,0.00155,0.01486
1413393276.705874204635620,0.00580,0.00035,0.00002,0.00591,0.00000,0.00166,0.01374
1413393276.755874633789062,0.00645,0.00024,0.00002,0.00626,0.00000,0.00234,0.01530
1413393276.805875778198242,0.00618,0.00040,0.00002,0.00607,0.00000,0.00195,0.01461
1413393276.855876445770264,0.00571,0.00020,0.00061,0.00584,0.00000,0.00178,0.01413
1413393276.905876398086548,0.00684,0.00056,0.00608,0.01045,0.00000,0.00366,0.02760
1413393276.955873489379883,0.00637,0.00020,0.01003,0.00578,0.00000,0.00202,0.02440
1413393277.005873203277588,0.00634,0.00046,0.01282,0.00574,0.00000,0.00148,0.02684
1413393277.055873394012451,0.00751,0.00050,0.00015,0.00998,0.00000,0.00388,0.02203
1413393277.105873584747314,0.00621,0.00036,0.00009,0.00545,0.00000,0.00161,0.01372
1413393277.155873537063599,0.00627,0.00040,0.00005,0.00541,0.00000,0.00198,0.01412
1413393277.205873489379883,0.00754,0.00049,0.00003,0.00953,0.00000,0.00355,0.02115
1413393277.255873441696167,0.00610,0.00035,0.00009,0.00531,0.00000,0.00230,0.01415
1413393277.305873394012451,0.00588,0.00020,0.00049,0.00458,0.00000,0.00191,0.01307
1413393277.355873584747314,0.00803,0.00067,0.00005,0.00919,0.00000,0.00366,0.02160
1413393277.405873537063599,0.00554,0.00036,0.00007,0.00450,0.00000,0.00190,0.01238
1413393277.455873489379883,0.00501,0.00032,0.00008,0.00424,0.00000,0.00213,0.01178
1413393277.505873203277588,0.00482,0.00030,0.00001,0.00433,0.00335,0.00175,0.01456
1413393277.555873155593872,0.00614,0.00024,0.01063,0.00540,0.00158,0.00245,0.02644
1413393277.605874061584473,0.00756,0.00050,0.01173,0.00503,0.00124,0.00154,0.02760
1413393277.655874490737915,0.00815,0.00044,0.00059,0.00908,0.00000,0.00373,0.02198
1413393277.705874443054199,0.00624,0.00036,0.00007,0.00511,0.00000,0.00164,0.01342
1413393277.755874156951904,0.00514,0.00042,0.00009,0.00500,0.00000,0.00196,0.01260
1413393277.805874347686768,0.00611,0.00034,0.00009,0.00506,0.00000,0.00195,0.01355
1413393277.855875968933105,0.00586,0.00035,0.00001,0.00500,0.00000,0.00210,0.01332
1413393277.905877113342285,0.00557,0.00023,0.00002,0.00491,0.00000,0.00169,0.01242
1413393277.955877780914307,0.00494,0.00018,0.00001,0.00481,0.00000,0.00166,0.01161
1413393278.005879640579224,0.00597,0.00023,0.00048,0.00474,0.00000,0.00170,0.01313
1413393278.055883646011353,0.00563,0.00028,0.00018,0.00457,0.00001,0.00151,0.01219
1413393278.105884075164795,0.00628,0.00050,0.00522,0.00608,0.00000,0.00265,0.02073
1413393278.155886650085449,0.00573,0.00041,0.00898,0.00438,0.01145,0.00183,0.03277
1413393278.205888509750366,0.00645,0.00022,0.01088,0.00567,0.00122,0.00154,0.02598
1413393278.255889177322388,0.00737,0.00060,0.00026,0.00990,0.00000,0.00282,0.02097
1413393278.305889844894409,0.00591,0.00020,0.00005,0.00503,0.00000,0.00191,0.01309
1413393278.355892896652222,0.00640,0.00048,0.00069,0.00557,0.00001,0.00185,0.01500
1413393278.405896186828613,0.00645,0.00028,0.00002,0.00477,0.00000,0.00193,0.01344
1413393278.455896854400635,0.00552,0.00020,0.00005,0.00448,0.00001,0.00224,0.01250
1413393278.505899190902710,0.00549,0.00034,0.00013,0.00499,0.00020,0.00240,0.01355
1413393278.555901288986206,0.00613,0.00042,0.00027,0.00913,0.00000,0.00349,0.01944
1413393278.605905055999756,0.00604,0.00045,0.00010,0.00432,0.00000,0.00235,0.01327
1413393278.655905246734619,0.00579,0.00020,0.00007,0.00380,0.00000,0.00167,0.01153
1413393278.705905675888062,0.00603,0.00024,0.00014,0.00434,0.00000,0.00282,0.01358
1413393278.755914211273193,0.00541,0.00024,0.01313,0.00303,0.01205,0.00178,0.03564
1413393278.805913448333740,0.00699,0.00020,0.00703,0.00405,0.00949,0.00191,0.02968
1413393278.855912446975708,0.00830,0.00046,0.00037,0.00620,0.00000,0.00231,0.01762
1413393278.905910253524780,0.00656,0.00028,0.00038,0.00551,0.00000,0.00206,0.01478
1413393278.955908536911011,0.00631,0.00022,0.00010,0.00560,0.00000,0.00221,0.01444
1413393279.005906820297241,0.00738,0.00042,0.00003,0.00869,0.00000,0.00338,0.01989
1413393279.055905580520630,0.00657,0.00030,0.00007,0.00538,0.00000,0.00216,0.01449
1413393279.105905532836914,0.00653,0.00034,0.00002,0.00613,0.00000,0.00227,0.01530
1413393279.155905246734619,0.00696,0.00031,0.00015,0.00556,0.00000,0.00226,0.01523
1413393279.205903530120850,0.00582,0.00022,0.00008,0.00450,0.00000,0.00207,0.01269
1413393279.255903482437134,0.00508,0.00020,0.00040,0.00396,0.00000,0.00172,0.01136
1413393279.305903434753418,0.00754,0.00050,0.00019,0.00918,0.00000,0.00367,0.02109
1413393279.355903863906860,0.00577,0.00030,0.00634,0.00324,0.01076,0.00203,0.02844
1413393279.405902147293091,0.00547,0.00020,0.01521,0.00499,0.00233,0.00142,0.02962
1413393279.455900907516479,0.00608,0.00032,0.00012,0.00656,0.00000,0.00198,0.01506
1413393279.505897760391235,0.00588,0.00032,0.00027,0.00618,0.00000,0.00183,0.01449
1413393279.555893182754517,0.00569,0.00030,0.00016,0.00603,0.00000,0.00139,0.01356
1413393279.605890989303589,0.00593,0.00018,0.00004,0.00501,0.00000,0.00162,0.01279
1413393279.655886650085449,0.00541,0.00030,0.00007,0.00531,0.00000,0.00186,0.01296
1413393279.705883264541626,0.00542,0.00019,0.00058,0.00489,0.00000,0.00160,0.01268
1413393279.755882740020752,0.00563,0.00037,0.00002,0.00803,0.00000,0.00253,0.01658
1413393279.805882692337036,0.00575,0.00020,0.00006,0.00475,0.00000,0.00170,0.01246
1413393279.855883598327637,0.00521,0.00028,0.00055,0.00506,0.00000,0.00160,0.01269
1413393279.905883312225342,0.00587,0.00035,0.00136,0.00831,0.00000,0.00341,0.01930
1413393279.955885648727417,0.00561,0.00020,0.00064,0.00472,0.00622,0.00165,0.01904
1413393280.005885362625122,0.00558,0.00029,0.01317,0.00590,0.00126,0.00135,0.02754
1413393280.055885791778564,0.00597,0.00039,0.00673,0.00988,0.00000,0.00250,0.02547
1413393280.105885982513428,0.00554,0.00035,0.00009,0.00680,0.00000,0.00166,0.01443
1413393280.155886173248291,0.00623,0.00037,0.00037,0.00590,0.00000,0.00195,0.01482
1413393280.205885648727417,0.00587,0.00032,0.00004,0.00961,0.00000,0.00274,0.01859
1413393280.255885124206543,0.00582,0.00033,0.00004,0.00585,0.00000,0.00174,0.01379
1413393280.305884838104248,0.00602,0.00024,0.00010,0.00510,0.00000,0.00190,0.01337
1413393280.355885028839111,0.00698,0.00043,0.00006,0.00978,0.00000,0.00353,0.02079
1413393280.405884981155396,0.00591,0.00030,0.00002,0.00622,0.00000,0.00193,0.01438
1413393280.455884695053101,0.00547,0.00025,0.00052,0.00504,0.00000,0.00201,0.01329
1413393280.505884408950806,0.00616,0.00037,0.00002,0.00790,0.00000,0.00254,0.01700
1413393280.555884838104248,0.00563,0.00028,0.00066,0.00504,0.00436,0.00172,0.01769
1413393280.605884790420532,0.00544,0.00020,0.01007,0.00585,0.00235,0.00150,0.02541
1413393280.655884504318237,0.00688,0.00052,0.00626,0.01021,0.00000,0.00274,0.02662
1413393280.705884218215942,0.00552,0.00021,0.00380,0.00626,0.00000,0.00186,0.01765
1413393280.755884408950806,0.00564,0.00031,0.00002,0.00714,0.00000,0.00192,0.01504
1413393280.805884838104248,0.00672,0.00050,0.00743,0.01096,0.00028,0.00326,0.02916
1413393280.855886936187744,0.00565,0.00022,0.00425,0.00741,0.00000,0.00206,0.01961
1413393280.905888319015503,0.00553,0.00029,0.00002,0.00748,0.00000,0.00153,0.01485
1413393280.955890178680420,0.00586,0.00028,0.00002,0.00661,0.00000,0.00258,0.01534
1413393281.005888462066650,0.00602,0.00028,0.00006,0.00577,0.00001,0.00172,0.01386
1413393281.055883646011353,0.00663,0.00039,0.00213,0.00568,0.00000,0.00221,0.01704
1413393281.105870962142944,0.00711,0.00041,0.00209,0.00941,0.00028,0.00306,0.02235
1413393281.155872821807861,0.00577,0.00021,0.00064,0.00373,0.00174,0.00213,0.01423
1413393281.205873250961304,0.00534,0.00021,0.00733,0.00344,0.00351,0.00146,0.02129
1413393281.255871295928955,0.00659,0.00047,0.00566,0.00678,0.00520,0.00329,0.02798
1413393281.305873870849609,0.00705,0.00021,0.00257,0.00443,0.00015,0.00163,0.01604
1413393281.355876922607422,0.00586,0.00020,0.00010,0.00434,0.00016,0.00143,0.01210
1413393281.405876636505127,0.00631,0.00028,0.00042,0.00439,0.00370,0.00208,0.01718
1413393281.455877780914307,0.00574,0.00032,0.00182,0.00517,0.00361,0.00214,0.01879
1413393281.505878448486328,0.00583,0.00021,0.00125,0.00629,0.00000,0.00184,0.01544
1413393281.555880784988403,0.00647,0.00028,0.00002,0.00776,0.00000,0.00231,0.01683
1413393281.605881929397583,0.00612,0.00023,0.00598,0.00570,0.00193,0.00168,0.02165
1413393281.655881404876709,0.00605,0.00020,0.00006,0.00599,0.00000,0.00200,0.01430
1413393281.705880641937256,0.00688,0.00038,0.00104,0.00634,0.00000,0.00262,0.01727
1413393281.755880594253540,0.00551,0.00020,0.00070,0.00485,0.00000,0.00190,0.01315
1413393281.805881023406982,0.00654,0.00030,0.00432,0.00470,0.00686,0.00184,0.02457
1413393281.855882167816162,0.00667,0.00044,0.01668,0.00811,0.00130,0.00189,0.03510
1413393281.905878067016602,0.00633,0.00034,0.00015,0.00574,0.00064,0.00183,0.01502
1413393281.955868482589722,0.00517,0.00021,0.00032,0.00535,0.00016,0.00154,0.01275
1413393282.005860567092896,0.00597,0.00027,0.00068,0.00537,0.00000,0.00217,0.01447
1413393282.055856227874756,0.00648,0.00034,0.00018,0.00554,0.00162,0.00244,0.01661
1413393282.105852603912354,0.00580,0.00029,0.00063,0.00555,0.00015,0.00176,0.01419
1413393282.155851364135742,0.00753,0.00050,0.00263,0.01093,0.00000,0.00336,0.02494
1413393282.205851316452026,0.00563,0.00021,0.00324,0.00520,0.00577,0.00176,0.02181
1413393282.255852937698364,0.00620,0.00028,0.00010,0.00627,0.00000,0.00198,0.01483
1413393282.305856227874756,0.00759,0.00048,0.00013,0.01056,0.00000,0.00314,0.02191
1413393282.355859041213989,0.00628,0.00022,0.00565,0.00568,0.00346,0.00196,0.02325
1413393282.405859231948853,0.00597,0.00028,0.00453,0.00591,0.00119,0.00161,0.01949
1413393282.455858469009399,0.00702,0.00044,0.01325,0.01051,0.00245,0.00252,0.03619
1413393282.505858421325684,0.00577,0.00030,0.00027,0.00671,0.00000,0.00158,0.01463
1413393282.555857896804810,0.00686,0.00036,0.00010,0.00527,0.00000,0.00207,0.01467
1413393282.605858087539673,0.00618,0.00020,0.00107,0.00524,0.00015,0.00171,0.01454
1413393282.655858039855957,0.00564,0.00029,0.00002,0.00549,0.00000,0.00189,0.01333
1413393282.705857753753662,0.00583,0.00020,0.00030,0.00517,0.00000,0.00177,0.01327
1413393282.755857229232788,0.00516,0.00019,0.00005,0.00541,0.00115,0.00177,0.01373
1413393282.805857419967651,0.00576,0.00019,0.00477,0.00535,0.00572,0.00162,0.02341
1413393282.855857133865356,0.00580,0.00021,0.00002,0.00703,0.00000,0.00200,0.01505
1413393282.905857563018799,0.00650,0.00047,0.00019,0.01408,0.00000,0.00329,0.02453
1413393282.955856323242188,0.00664,0.00032,0.00494,0.00656,0.00101,0.00186,0.02134
1413393283.005856275558472,0.00555,0.00020,0.00401,0.00646,0.00000,0.00170,0.01792
1413393283.055857181549072,0.00575,0.00020,0.00604,0.00656,0.00126,0.00190,0.02170
1413393283.105859756469727,0.00502,0.00020,0.00584,0.00671,0.00000,0.00166,0.01943
1413393283.155861139297485,0.00561,0.00023,0.00002,0.00716,0.00000,0.00209,0.01511
1413393283.205862760543823,0.00614,0.00023,0.00035,0.00717,0.00000,0.00221,0.01610
1413393283.255864381790161,0.00595,0.00020,0.00001,0.00699,0.00000,0.00227,0.01542
1413393283.305865764617920,0.00531,0.00020,0.00002,0.00693,0.00000,0.00161,0.01406
1413393283.355866909027100,0.00560,0.00019,0.00249,0.01381,0.00000,0.00276,0.02486
1413393283.405867815017700,0.00598,0.00031,0.00487,0.00671,0.00000,0.00160,0.01947
1413393283.455868244171143,0.00586,0.00035,0.00004,0.00688,0.00000,0.00160,0.01474
1413393283.505868434906006,0.00774,0.00038,0.00292,0.01438,0.00000,0.00224,0.02766
1413393283.555869340896606,0.00682,0.00020,0.00457,0.00612,0.00000,0.00147,0.01919
1413393283.605869770050049,0.00650,0.00033,0.00249,0.00605,0.00239,0.00202,0.01977
1413393283.655869007110596,0.00784,0.00043,0.01077,0.00868,0.00000,0.00249,0.03023
1413393283.705871820449829,0.00666,0.00024,0.00469,0.00499,0.00115,0.00204,0.01977
1413393283.755871534347534,0.00433,0.00031,0.00161,0.00512,0.00015,0.00149,0.01301
1413393283.805871963500977,0.00633,0.00029,0.00002,0.00575,0.00123,0.00220,0.01582
1413393283.855872154235840,0.00588,0.00021,0.00027,0.00536,0.00000,0.00187,0.01359
1413393283.905870676040649,0.00540,0.00021,0.00090,0.00499,0.00000,0.00189,0.01341
1413393283.955870151519775,0.00667,0.00021,0.00004,0.00528,0.00118,0.00192,0.01530
1413393284.005869626998901,0.00583,0.00019,0.00077,0.00535,0.00113,0.00164,0.01492
1413393284.055868625640869,0.00599,0.00032,0.00098,0.00566,0.00000,0.00179,0.01474
1413393284.105870008468628,0.00594,0.00019,0.00603,0.00558,0.00692,0.00166,0.02632
1413393284.155871152877808,0.00561,0.00020,0.00381,0.00689,0.00000,0.00179,0.01830
1413393284.205870628356934,0.00587,0.00021,0.00002,0.00683,0.00000,0.00165,0.01458
1413393284.255869865417480,0.00854,0.00049,0.00904,0.00961,0.00018,0.00246,0.03032
1413393284.305868864059448,0.00688,0.00024,0.00131,0.00696,0.00000,0.00176,0.01714
1413393284.355867862701416,0.00615,0.00022,0.00415,0.00653,0.00017,0.00155,0.01877
1413393284.405868053436279,0.00869,0.00057,0.00011,0.01220,0.00000,0.00333,0.02490
1413393284.455867290496826,0.00663,0.00022,0.00010,0.00667,0.00019,0.00205,0.01586
1413393284.505867481231689,0.00519,0.00032,0.00430,0.00566,0.00117,0.00160,0.01825
1413393284.555867671966553,0.00695,0.00048,0.00108,0.00850,0.00023,0.00316,0.02041
1413393284.605868816375732,0.00612,0.00022,0.00166,0.00456,0.00027,0.00199,0.01481
1413393284.655869483947754,0.00612,0.00027,0.00125,0.00404,0.00035,0.00197,0.01400
1413393284.705868959426880,0.00533,0.00019,0.00363,0.00388,0.00618,0.00136,0.02057
1413393284.755868673324585,0.00642,0.00039,0.00100,0.00460,0.00134,0.00210,0.01585
1413393284.805869817733765,0.00672,0.00020,0.00606,0.00455,0.00121,0.00159,0.02033
1413393284.855869770050049,0.00690,0.00048,0.00022,0.00746,0.00002,0.00336,0.01843
1413393284.905870676040649,0.00560,0.00032,0.00072,0.00394,0.00013,0.00178,0.01249
1413393284.955871820449829,0.00670,0.00020,0.00024,0.00383,0.00522,0.00208,0.01826
1413393285.005872726440430,0.00458,0.00025,0.00037,0.00454,0.00000,0.00235,0.01211
1413393285.055872917175293,0.00503,0.00030,0.00027,0.00467,0.00012,0.00155,0.01195
1413393285.105874061584473,0.00559,0.00029,0.00094,0.00342,0.00472,0.00146,0.01641
1413393285.155874490737915,0.00738,0.00040,0.00152,0.00408,0.00013,0.00224,0.01575
1413393285.205874204635620,0.00654,0.00035,0.00043,0.00611,0.00000,0.00265,0.01608
1413393285.255874395370483,0.00607,0.00038,0.00392,0.00492,0.00000,0.00269,0.01798
1413393285.305873632431030,0.00627,0.00035,0.00117,0.00545,0.01974,0.00174,0.03471
1413393285.355874061584473,0.00438,0.00026,0.00021,0.00426,0.00000,0.00170,0.01081
1413393285.405874729156494,0.00630,0.00027,0.00557,0.00361,0.00778,0.00197,0.02550
1413393285.455874681472778,0.00557,0.00019,0.00054,0.00534,0.00025,0.00153,0.01342
1413393285.505874156951904,0.00559,0.00021,0.00190,0.00511,0.00316,0.00182,0.01779
1413393285.555873870849609,0.00664,0.00029,0.00169,0.00524,0.00000,0.00161,0.01547
1413393285.605873823165894,0.00728,0.00030,0.00056,0.00501,0.00000,0.00245,0.01560
1413393285.655873060226440,0.00658,0.00051,0.00146,0.00415,0.00000,0.00160,0.01430
1413393285.705871582031250,0.00645,0.00033,0.00113,0.00376,0.00639,0.00150,0.01955
1413393285.755870103836060,0.00753,0.00043,0.00026,0.00476,0.00000,0.00269,0.01567
1413393285.805870771408081,0.00679,0.00026,0.00028,0.00399,0.00000,0.00187,0.01319
1413393285.855873346328735,0.00718,0.00024,0.00095,0.00360,0.00125,0.00230,0.01551
1413393285.905877113342285,0.00820,0.00045,0.00052,0.00659,0.00006,0.00391,0.01973
1413393285.955879449844360,0.00622,0.00028,0.00123,0.00344,0.00657,0.00202,0.01976
1413393286.005881071090698,0.00634,0.00035,0.00023,0.00471,0.00499,0.00174,0.01836
1413393286.055882453918457,0.00605,0.00032,0.00071,0.00884,0.00002,0.00296,0.01891
1413393286.105884552001953,0.00604,0.00044,0.00096,0.00497,0.00325,0.00172,0.01738
1413393286.155884027481079,0.00612,0.00025,0.00024,0.00545,0.00326,0.00188,0.01720
1413393286.205883979797363,0.00705,0.00066,0.00295,0.00936,0.00150,0.00360,0.02512
1413393286.255883693695068,0.00657,0.00023,0.00328,0.00599,0.00122,0.00190,0.01921
1413393286.305882930755615,0.00590,0.00041,0.00258,0.00589,0.00131,0.00184,0.01794
1413393286.355883836746216,0.00735,0.00044,0.00747,0.01000,0.00195,0.00289,0.03011
1413393286.405884981155396,0.00581,0.00029,0.00130,0.00619,0.00000,0.00175,0.01535
1413393286.455886602401733,0.00541,0.00021,0.00406,0.00612,0.00135,0.00189,0.01905
1413393286.505886077880859,0.00765,0.00047,0.00226,0.01109,0.00000,0.00372,0.02519
1413393286.555886983871460,0.00542,0.00021,0.00445,0.00639,0.00011,0.00141,0.01799
1413393286.605885028839111,0.00607,0.00031,0.00051,0.00662,0.00064,0.00162,0.01578
1413393286.655886888504028,0.00730,0.00031,0.00298,0.00588,0.00125,0.00261,0.02033
1413393286.705887079238892,0.00594,0.00023,0.00042,0.00570,0.00061,0.00158,0.01448
1413393286.755892992019653,0.00712,0.00022,0.00023,0.00551,0.00017,0.00149,0.01474
1413393286.805894136428833,0.00762,0.00051,0.00370,0.00893,0.00397,0.00257,0.02730
1413393286.855894565582275,0.00618,0.00032,0.00378,0.00608,0.00134,0.00201,0.01971
1413393286.905900478363037,0.00586,0.00021,0.00336,0.00629,0.00000,0.00193,0.01765
1413393286.955901384353638,0.00813,0.00042,0.00350,0.01087,0.00214,0.00359,0.02864
1413393287.005901813507080,0.00589,0.00033,0.00031,0.00656,0.00125,0.00153,0.01587
1413393287.055901765823364,0.00676,0.00021,0.00376,0.00660,0.00000,0.00195,0.01929
1413393287.105901956558228,0.00402,0.00019,0.00005,0.00678,0.00000,0.00183,0.01288
1413393287.155902862548828,0.00652,0.00032,0.00475,0.00683,0.00000,0.00222,0.02065
1413393287.205904722213745,0.00674,0.00030,0.00271,0.00572,0.00120,0.00182,0.01850
1413393287.255903482437134,0.00777,0.00039,0.00113,0.00898,0.00207,0.00348,0.02382
1413393287.305900812149048,0.00629,0.00023,0.00497,0.00521,0.00132,0.00184,0.01987
1413393287.355900049209595,0.00668,0.00029,0.00083,0.00559,0.00093,0.00145,0.01576
1413393287.405899763107300,0.00712,0.00040,0.00079,0.00953,0.00023,0.00335,0.02143
1413393287.455898523330688,0.00677,0.00032,0.00077,0.00525,0.00117,0.00141,0.01568
1413393287.505898237228394,0.00705,0.00030,0.00042,0.00505,0.00284,0.00181,0.01749
1413393287.555896520614624,0.00875,0.00042,0.00075,0.00975,0.00206,0.00340,0.02514
1413393287.605896711349487,0.00711,0.00027,0.00101,0.00509,0.00176,0.00185,0.01709
1413393287.655895709991455,0.00611,0.00030,0.00016,0.00647,0.00139,0.00146,0.01590
1413393287.705894947052002,0.00679,0.00037,0.00044,0.00752,0.00025,0.00268,0.01805
1413393287.755892515182495,0.00699,0.00020,0.00095,0.00418,0.00151,0.00157,0.01540
1413393287.805889844894409,0.00632,0.00025,0.00016,0.00396,0.00214,0.00181,0.01465
1413393287.855888605117798,0.00735,0.00038,0.00021,0.00810,0.00000,0.00324,0.01929
1413393287.905885457992554,0.00633,0.00033,0.00055,0.00450,0.00366,0.00177,0.01713
1413393287.955883979797363,0.00588,0.00020,0.00098,0.00411,0.00001,0.00158,0.01276
1413393288.005883455276489,0.00660,0.00020,0.00040,0.00409,0.00321,0.00190,0.01641
1413393288.055882215499878,0.00614,0.00020,0.00006,0.00429,0.00497,0.00167,0.01733
1413393288.105881452560425,0.00696,0.00021,0.00071,0.00470,0.00070,0.00145,0.01472
1413393288.155881881713867,0.00678,0.00022,0.00279,0.00467,0.00154,0.00228,0.01827
1413393288.205883502960205,0.00617,0.00020,0.00014,0.00522,0.00065,0.00169,0.01408
1413393288.255884647369385,0.00576,0.00019,0.00023,0.00541,0.00001,0.00212,0.01372
1413393288.305886030197144,0.00449,0.00019,0.00065,0.00535,0.00250,0.00183,0.01500
1413393288.355888366699219,0.00598,0.00024,0.00154,0.00524,0.00344,0.00144,0.01788
1413393288.405888319015503,0.00562,0.00025,0.00006,0.00648,0.00000,0.00209,0.01449
1413393288.455888748168945,0.00865,0.00041,0.00276,0.01043,0.00428,0.00321,0.02974
1413393288.505890369415283,0.00417,0.00020,0.00495,0.00602,0.00001,0.00177,0.01713
1413393288.555890798568726,0.00587,0.00020,0.00265,0.00573,0.00176,0.00202,0.01823
1413393288.605890512466431,0.00406,0.00018,0.00028,0.00622,0.00000,0.00191,0.01266
1413393288.655889511108398,0.00541,0.00020,0.00630,0.00591,0.00243,0.00171,0.02196
1413393288.705887794494629,0.00584,0.00021,0.00136,0.00608,0.00062,0.00168,0.01579
1413393288.755885839462280,0.00572,0.00037,0.00397,0.01034,0.00106,0.00250,0.02396
1413393288.805884599685669,0.00535,0.00032,0.00019,0.00654,0.00001,0.00152,0.01393
1413393288.855882883071899,0.00663,0.00022,0.00013,0.00549,0.00017,0.00168,0.01432
1413393288.905881881713867,0.00681,0.00042,0.00330,0.01023,0.00125,0.00303,0.02505
1413393288.955882072448730,0.00538,0.00020,0.00058,0.00479,0.00186,0.00165,0.01446
1413393289.005881547927856,0.00549,0.00031,0.00238,0.00498,0.00472,0.00177,0.01964
1413393289.055881738662720,0.00720,0.00040,0.00025,0.00956,0.00207,0.00334,0.02281
1413393289.105882406234741,0.00653,0.00022,0.00402,0.00628,0.00016,0.00170,0.01891
1413393289.155881643295288,0.00598,0.00020,0.00268,0.00599,0.00001,0.00194,0.01681
1413393289.205880165100098,0.00626,0.00029,0.00087,0.00677,0.00000,0.00265,0.01685
1413393289.255880594253540,0.00581,0.00021,0.00419,0.00507,0.00343,0.00142,0.02011
1413393289.305880784988403,0.00532,0.00021,0.00050,0.00595,0.00000,0.00152,0.01350
1413393289.355880498886108,0.00705,0.00034,0.00152,0.00973,0.00234,0.00339,0.02437
1413393289.405880689620972,0.00603,0.00034,0.00195,0.00605,0.00134,0.00168,0.01740
1413393289.455880403518677,0.00598,0.00022,0.00059,0.00649,0.00000,0.00206,0.01534
1413393289.505879640579224,0.00643,0.00038,0.00012,0.01421,0.00210,0.00261,0.02584
1413393289.555879354476929,0.00544,0.00032,0.00015,0.00717,0.00017,0.00191,0.01517
1413393289.605879306793213,0.00566,0.00021,0.00027,0.00614,0.00124,0.00178,0.01530
1413393289.655879259109497,0.00534,0.00019,0.00462,0.00595,0.00002,0.00184,0.01796
1413393289.705879211425781,0.00587,0.00031,0.00353,0.00604,0.00248,0.00157,0.01980
1413393289.755879402160645,0.00561,0.00029,0.00281,0.00657,0.00002,0.00150,0.01679
1413393289.805880069732666,0.00682,0.00051,0.00006,0.01280,0.00000,0.00314,0.02333
1413393289.855879783630371,0.00593,0.00039,0.00750,0.01131,0.00107,0.00236,0.02857
1413393289.905879974365234,0.00618,0.00030,0.00215,0.00673,0.00000,0.00173,0.01709
1413393289.955879926681519,0.00700,0.00036,0.00150,0.01143,0.00000,0.00346,0.02375
1413393290.005880117416382,0.00588,0.00032,0.00265,0.00674,0.00013,0.00176,0.01748
1413393290.055880308151245,0.00583,0.00022,0.00008,0.00666,0.00000,0.00181,0.01460
1413393290.105881214141846,0.00619,0.00031,0.00016,0.00721,0.00000,0.00258,0.01647
1413393290.155881404876709,0.00549,0.00022,0.00060,0.00639,0.00004,0.00185,0.01459
1413393290.205881834030151,0.00625,0.00022,0.00018,0.00643,0.00003,0.00187,0.01498
1413393290.255884170532227,0.00634,0.00036,0.00386,0.01080,0.00227,0.00263,0.02625
1413393290.305884838104248,0.00577,0.00022,0.00070,0.00640,0.00247,0.00154,0.01710
1413393290.355885028839111,0.00545,0.00021,0.00415,0.00687,0.00000,0.00177,0.01846
1413393290.405885219573975,0.00592,0.00028,0.00016,0.00693,0.00000,0.00201,0.01529
1413393290.455885648727417,0.00674,0.00029,0.00567,0.00656,0.00016,0.00144,0.02087
1413393290.505885839462280,0.00654,0.00030,0.00068,0.00611,0.00000,0.00184,0.01547
1413393290.555886983871460,0.00685,0.00031,0.00073,0.00983,0.00000,0.00373,0.02147
1413393290.605888128280640,0.00607,0.00022,0.00097,0.00563,0.00073,0.00168,0.01529
1413393290.655888319015503,0.00567,0.00029,0.00038,0.00707,0.00000,0.00189,0.01530
1413393290.705889463424683,0.00753,0.00031,0.00046,0.00736,0.00001,0.00232,0.01799
1413393290.755890130996704,0.00662,0.00036,0.00468,0.00641,0.00181,0.00183,0.02171
1413393290.805890083312988,0.00569,0.00021,0.00009,0.00593,0.00003,0.00167,0.01362
1413393290.855890035629272,0.00498,0.00019,0.00004,0.00589,0.00042,0.00170,0.01321
1413393290.905890226364136,0.00554,0.00031,0.00069,0.00557,0.00071,0.00151,0.01433
1413393290.955891609191895,0.00560,0.00021,0.00236,0.00563,0.00323,0.00196,0.01899
1413393291.005891799926758,0.00658,0.00018,0.00034,0.00679,0.00002,0.00185,0.01576
1413393291.055892467498779,0.00609,0.00023,0.00611,0.00684,0.00136,0.00170,0.02233
1413393291.105893135070801,0.00614,0.00022,0.00028,0.00598,0.00001,0.00175,0.01439
1413393291.155892848968506,0.00648,0.00030,0.00013,0.01057,0.00030,0.00259,0.02037
1413393291.205893516540527,0.00620,0.00022,0.00120,0.00607,0.00204,0.00216,0.01789
1413393291.255892038345337,0.00632,0.00029,0.00229,0.00621,0.00121,0.00176,0.01808
1413393291.305890321731567,0.00600,0.00021,0.00110,0.00636,0.00000,0.00197,0.01565
1413393291.355889081954956,0.00583,0.00022,0.00410,0.00591,0.00001,0.00184,0.01790
1413393291.405888319015503,0.00651,0.00020,0.00047,0.00550,0.00018,0.00174,0.01461
1413393291.455888271331787,0.00635,0.00019,0.00018,0.00584,0.00040,0.00197,0.01492
1413393291.505887985229492,0.00629,0.00030,0.00017,0.00696,0.00015,0.00154,0.01541
1413393291.555887699127197,0.00520,0.00024,0.00073,0.00643,0.00388,0.00191,0.01839
1413393291.605887174606323,0.00485,0.00019,0.00009,0.00643,0.00023,0.00184,0.01363
1413393291.655886411666870,0.00615,0.00032,0.00435,0.00595,0.00351,0.00146,0.02175
1413393291.705884933471680,0.00646,0.00023,0.00363,0.00680,0.00000,0.00185,0.01897
1413393291.755884647369385,0.00639,0.00033,0.00067,0.00852,0.00022,0.00224,0.01837
1413393291.805884122848511,0.00619,0.00028,0.00022,0.00658,0.00017,0.00188,0.01532
1413393291.855883836746216,0.00507,0.00021,0.00051,0.00663,0.00123,0.00166,0.01531
1413393291.905883789062500,0.00651,0.00044,0.00022,0.01223,0.00000,0.00301,0.02242
1413393291.955883026123047,0.00583,0.00022,0.00428,0.00602,0.00015,0.00216,0.01865
1413393292.005882024765015,0.00600,0.00031,0.00381,0.00586,0.00024,0.00171,0.01793
1413393292.055881977081299,0.00705,0.00040,0.00041,0.00979,0.00249,0.00342,0.02356
1413393292.105882406234741,0.00613,0.00022,0.00036,0.00620,0.00120,0.00193,0.01604
1413393292.155881881713867,0.00570,0.00021,0.00017,0.00540,0.00041,0.00172,0.01360
1413393292.205881357192993,0.00686,0.00040,0.00015,0.00521,0.00034,0.00240,0.01536
1413393292.255879878997803,0.00651,0.00022,0.00111,0.00450,0.00368,0.00153,0.01755
1413393292.305878400802612,0.00685,0.00029,0.00137,0.00546,0.00240,0.00198,0.01834
1413393292.355875015258789,0.00643,0.00038,0.00166,0.01020,0.00108,0.00282,0.02257
1413393292.405870914459229,0.00633,0.00030,0.00092,0.00620,0.00063,0.00155,0.01594
1413393292.455867290496826,0.00689,0.00032,0.00137,0.00653,0.00019,0.00151,0.01682
1413393292.505866527557373,0.00627,0.00039,0.00016,0.01170,0.00000,0.00271,0.02122
1413393292.555863142013550,0.00587,0.00029,0.00466,0.00605,0.00146,0.00152,0.01985
1413393292.605861663818359,0.00540,0.00023,0.00260,0.00655,0.00194,0.00170,0.01843
1413393292.655861616134644,0.00523,0.00019,0.00398,0.00711,0.00000,0.00177,0.01828
1413393292.705862045288086,0.00539,0.00019,0.00002,0.00724,0.00000,0.00155,0.01439
1413393292.755864620208740,0.00564,0.00031,0.00306,0.00628,0.00016,0.00142,0.01688
1413393292.805871725082397,0.00624,0.00031,0.00138,0.00690,0.00000,0.00234,0.01717
1413393292.855876445770264,0.00654,0.00021,0.00363,0.00612,0.00041,0.00160,0.01851
1413393292.905876398086548,0.00578,0.00021,0.00003,0.00062,0.00000,0.00180,0.00845
1413393292.955876350402832,0.00557,0.00033,0.00097,0.00121,0.00021,0.00164,0.00993
1413393293.055876255035400,0.00521,0.00029,0.00195,0.00016,0.00266,0.00172,0.01200
1413393293.105876445770264,0.00760,0.00048,0.00059,0.00661,0.00000,0.00254,0.01783
1413393293.155876398086548,0.00604,0.00019,0.00012,0.00376,0.00013,0.00180,0.01205
1413393293.205877542495728,0.00523,0.00038,0.00026,0.00398,0.00454,0.00138,0.01577
1413393293.255877733230591,0.00810,0.00075,0.00003,0.00864,0.00209,0.00339,0.02299
1413393293.305877923965454,0.00604,0.00022,0.00002,0.00496,0.00229,0.00169,0.01522
1413393293.355877876281738,0.00585,0.00038,0.00011,0.00523,0.00015,0.00139,0.01310
1413393293.405877113342285,0.00734,0.00063,0.00013,0.00924,0.00145,0.00330,0.02209
1413393293.455876588821411,0.00798,0.00039,0.00012,0.00541,0.00042,0.00179,0.01612
1413393293.505876302719116,0.00638,0.00051,0.00075,0.00555,0.00292,0.00150,0.01760
1413393293.555875778198242,0.00667,0.00023,0.00005,0.00627,0.00000,0.00187,0.01509
1413393293.605876207351685,0.00608,0.00021,0.00002,0.00597,0.00023,0.00195,0.01447
1413393293.655874013900757,0.00629,0.00031,0.00910,0.00574,0.00243,0.00189,0.02577
1413393293.705874443054199,0.00646,0.00029,0.00001,0.00646,0.00000,0.00177,0.01499
1413393293.755872488021851,0.00632,0.00046,0.00011,0.00678,0.00017,0.00208,0.01592
1413393293.805873394012451,0.00601,0.00033,0.00475,0.00592,0.00000,0.00170,0.01872
1413393293.855870962142944,0.00603,0.00052,0.00245,0.01056,0.00001,0.00256,0.02214
1413393293.905871152877808,0.00659,0.00021,0.00100,0.00587,0.00121,0.00154,0.01641
1413393293.955866575241089,0.00607,0.00031,0.00088,0.00716,0.00000,0.00144,0.01586
1413393294.005866050720215,0.00679,0.00043,0.00800,0.00972,0.00034,0.00283,0.02811
1413393294.055864334106445,0.00578,0.00020,0.00091,0.00555,0.00018,0.00144,0.01406
1413393294.105861663818359,0.00604,0.00029,0.00010,0.00567,0.00016,0.00177,0.01403
1413393294.155858993530273,0.00700,0.00061,0.00071,0.01010,0.00000,0.00345,0.02187
1413393294.205859422683716,0.00666,0.00022,0.00042,0.00549,0.00034,0.00209,0.01522
1413393294.255862474441528,0.00568,0.00020,0.00910,0.00566,0.00247,0.00144,0.02455
1413393294.305864810943604,0.00792,0.00040,0.00069,0.01044,0.00000,0.00357,0.02302
1413393294.355869293212891,0.00596,0.00024,0.00002,0.00703,0.00000,0.00195,0.01520
1413393294.405869007110596,0.00614,0.00030,0.00110,0.00612,0.00000,0.00162,0.01527
1413393294.455870866775513,0.00621,0.00029,0.00758,0.00606,0.00001,0.00194,0.02209
1413393294.505871772766113,0.00590,0.00023,0.00088,0.00589,0.00021,0.00172,0.01482
1413393294.555871009826660,0.00603,0.00021,0.00024,0.00555,0.00000,0.00183,0.01386
1413393294.605870723724365,0.00583,0.00019,0.00350,0.00525,0.00248,0.00141,0.01866
1413393294.655870914459229,0.00608,0.00022,0.00049,0.00597,0.00016,0.00137,0.01429
1413393294.705870389938354,0.00603,0.00029,0.00002,0.00637,0.00000,0.00191,0.01463
1413393294.755869626998901,0.00524,0.00039,0.00010,0.01039,0.00006,0.00217,0.01835
1413393294.805869102478027,0.00603,0.00027,0.00002,0.00595,0.00024,0.00180,0.01432
1413393294.855869531631470,0.00459,0.00034,0.00865,0.00542,0.00134,0.00146,0.02180
1413393294.905870199203491,0.00558,0.00042,0.00014,0.01053,0.00027,0.00298,0.01992
1413393294.955869913101196,0.00544,0.00036,0.00020,0.00632,0.00016,0.00169,0.01416
1413393295.005870342254639,0.00557,0.00031,0.00102,0.00656,0.00000,0.00185,0.01531
1413393295.055870532989502,0.00518,0.00019,0.00712,0.00645,0.00000,0.00151,0.02046
1413393295.105870962142944,0.00584,0.00034,0.00151,0.00600,0.00000,0.00182,0.01551
1413393295.155870676040649,0.00541,0.00032,0.00002,0.00655,0.00000,0.00146,0.01377
1413393295.205870628356934,0.00768,0.00051,0.00586,0.01002,0.00209,0.00303,0.02919
1413393295.255870580673218,0.00579,0.00032,0.00075,0.00649,0.00016,0.00181,0.01533
1413393295.305870532989502,0.00851,0.00025,0.00065,0.00706,0.00000,0.00245,0.01893
1413393295.355870962142944,0.00778,0.00067,0.00030,0.01064,0.00001,0.00329,0.02269
1413393295.405871152877808,0.00686,0.00027,0.00164,0.00559,0.00023,0.00196,0.01654
1413393295.455870628356934,0.00612,0.00019,0.00538,0.00453,0.00456,0.00147,0.02224
1413393295.505870580673218,0.00767,0.00028,0.00019,0.00594,0.00017,0.00266,0.01692
1413393295.555870771408081,0.00618,0.00034,0.00078,0.00555,0.00001,0.00182,0.01470
1413393295.605870962142944,0.00602,0.00029,0.00008,0.00579,0.00016,0.00159,0.01394
1413393295.655870914459229,0.00717,0.00044,0.01135,0.00871,0.00270,0.00204,0.03242
1413393295.705870866775513,0.00570,0.00020,0.00077,0.00518,0.00101,0.00189,0.01476
1413393295.755870580673218,0.00578,0.00029,0.00014,0.00588,0.00001,0.00152,0.01362
1413393295.805871009826660,0.00634,0.00024,0.00022,0.00596,0.00189,0.00265,0.01731
1413393295.855869293212891,0.00571,0.00020,0.01159,0.00515,0.00206,0.00147,0.02618
1413393295.905869007110596,0.00557,0.00022,0.00020,0.00577,0.00000,0.00183,0.01358
1413393295.955868959426880,0.00659,0.00037,0.00031,0.00889,0.00028,0.00337,0.01982
1413393296.005868434906006,0.00559,0.00021,0.00006,0.00566,0.00075,0.00154,0.01380
1413393296.055868864059448,0.00537,0.00030,0.00536,0.00551,0.00177,0.00144,0.01974
1413393296.105869054794312,0.00645,0.00026,0.00002,0.00709,0.00000,0.00270,0.01652
1413393296.155868530273438,0.00732,0.00027,0.00139,0.00602,0.00016,0.00187,0.01703
1413393296.205868721008301,0.00571,0.00028,0.00009,0.00732,0.00017,0.00191,0.01548
1413393296.255868434906006,0.00663,0.00067,0.00988,0.00926,0.00000,0.00278,0.02923
1413393296.305868148803711,0.00552,0.00021,0.00105,0.00568,0.00124,0.00166,0.01535
1413393296.355867624282837,0.00612,0.00045,0.00020,0.00641,0.00017,0.00178,0.01514
1413393296.405868291854858,0.00674,0.00040,0.00207,0.01064,0.00026,0.00309,0.02322
1413393296.455868005752563,0.00632,0.00021,0.01090,0.00562,0.00034,0.00160,0.02499
1413393296.505868673324585,0.00596,0.00022,0.00012,0.00537,0.00015,0.00207,0.01389
1413393296.555868864059448,0.00689,0.00064,0.00023,0.01077,0.00001,0.00308,0.02163
1413393296.605869293212891,0.00523,0.00020,0.00015,0.00519,0.00040,0.00184,0.01301
1413393296.655869007110596,0.00560,0.00030,0.00372,0.00493,0.00245,0.00188,0.01888
1413393296.705869913101196,0.00602,0.00024,0.00018,0.00587,0.00001,0.00223,0.01455
1413393296.755869388580322,0.00528,0.00033,0.00027,0.00470,0.00152,0.00151,0.01361
1413393296.805871725082397,0.00507,0.00021,0.00016,0.00464,0.00016,0.00181,0.01205
1413393296.855873346328735,0.00918,0.00044,0.00693,0.00627,0.00361,0.00290,0.02933
1413393296.905872821807861,0.00636,0.00021,0.00027,0.00479,0.00083,0.00236,0.01481
1413393296.955874204635620,0.00574,0.00036,0.00013,0.00464,0.00004,0.00203,0.01293
1413393297.005874395370483,0.00728,0.00060,0.00069,0.00675,0.00022,0.00345,0.01899
1413393297.055872678756714,0.00585,0.00036,0.00825,0.00401,0.00424,0.00212,0.02482
1413393297.105872631072998,0.00624,0.00032,0.00089,0.00464,0.00015,0.00186,0.01410
1413393297.155872344970703,0.00543,0.00019,0.00051,0.00451,0.00059,0.00246,0.01370
1413393297.205872535705566,0.00579,0.00036,0.00019,0.00402,0.00015,0.00187,0.01238
1413393297.255872726440430,0.00585,0.00032,0.00041,0.00444,0.00411,0.00183,0.01697
1413393297.305872678756714,0.00561,0.00035,0.00029,0.00515,0.00098,0.00176,0.01413
1413393297.355873107910156,0.00563,0.00031,0.00009,0.00591,0.00016,0.00184,0.01395
1413393297.405872583389282,0.00524,0.00042,0.00955,0.00471,0.00179,0.00155,0.02328
1413393297.455872774124146,0.00615,0.00050,0.00449,0.00539,0.00021,0.00278,0.01952
1413393297.505872726440430,0.00577,0.00032,0.00021,0.00493,0.00144,0.00159,0.01427
1413393297.555872678756714,0.00568,0.00031,0.00058,0.00516,0.00155,0.00169,0.01497
1413393297.605872869491577,0.00569,0.00030,0.00091,0.00599,0.00015,0.00156,0.01460
1413393297.655872821807861,0.00567,0.00043,0.00842,0.00497,0.00051,0.00167,0.02167
1413393297.705872535705566,0.00581,0.00028,0.00013,0.00467,0.00026,0.00162,0.01277
1413393297.755872249603271,0.00715,0.00049,0.00096,0.00855,0.00001,0.00336,0.02053
1413393297.805871725082397,0.00552,0.00023,0.00041,0.00484,0.00033,0.00203,0.01336
1413393297.855872392654419,0.00534,0.00020,0.00005,0.00453,0.00025,0.00201,0.01239
1413393297.905872583389282,0.00536,0.00021,0.00005,0.00782,0.00000,0.00250,0.01594
1413393297.955873012542725,0.00376,0.00025,0.00023,0.00560,0.00001,0.00197,0.01183
1413393298.005873441696167,0.00402,0.00028,0.00375,0.00361,0.01071,0.00216,0.02455
1413393298.055873870849609,0.00356,0.00029,0.00365,0.00568,0.00049,0.00197,0.01564
1413393298.105874300003052,0.00567,0.00021,0.00002,0.00647,0.00000,0.00215,0.01452
1413393298.155874729156494,0.00376,0.00020,0.00014,0.00609,0.00025,0.00183,0.01227
1413393298.205874919891357,0.00670,0.00045,0.00074,0.01078,0.00006,0.00342,0.02216
1413393298.255875110626221,0.00376,0.00019,0.00745,0.00561,0.00138,0.00169,0.02009
1413393298.305875062942505,0.00442,0.00020,0.00012,0.00517,0.00146,0.00198,0.01334
1413393298.355875253677368,0.00567,0.00039,0.00014,0.00754,0.00000,0.00314,0.01687
1413393298.405875205993652,0.00414,0.00021,0.00056,0.00448,0.00119,0.00201,0.01260
1413393298.455875158309937,0.00474,0.00029,0.00112,0.00517,0.00035,0.00180,0.01347
1413393298.505875587463379,0.00679,0.00035,0.00198,0.00841,0.00026,0.00312,0.02091
1413393298.555875539779663,0.00545,0.00040,0.00550,0.00468,0.00531,0.00170,0.02303
1413393298.605875730514526,0.00495,0.00020,0.00013,0.00604,0.00077,0.00152,0.01362
1413393298.655874490737915,0.00377,0.00019,0.00350,0.00618,0.00137,0.00185,0.01686
1413393298.705873966217041,0.00520,0.00019,0.00001,0.00626,0.00000,0.00166,0.01333
1413393298.755873203277588,0.00667,0.00022,0.00029,0.00500,0.00015,0.00194,0.01429
1413393298.805872917175293,0.00583,0.00020,0.00047,0.00525,0.00001,0.00212,0.01388
1413393298.855873346328735,0.00569,0.00036,0.00520,0.00429,0.00571,0.00176,0.02302
1413393298.905873775482178,0.00516,0.00035,0.00018,0.00535,0.00012,0.00193,0.01310
1413393298.955874443054199,0.00516,0.00033,0.00006,0.00507,0.00000,0.00153,0.01215
1413393299.005874156951904,0.00548,0.00036,0.00005,0.00444,0.00004,0.00180,0.01218
1413393299.055875301361084,0.00565,0.00029,0.00180,0.00516,0.00504,0.00191,0.01986
1413393299.105875492095947,0.00657,0.00058,0.00027,0.00882,0.00026,0.00334,0.01984
1413393299.155874252319336,0.00583,0.00031,0.00139,0.00497,0.00460,0.00190,0.01899
1413393299.205873012542725,0.00694,0.00020,0.00116,0.00562,0.00004,0.00139,0.01535
1413393299.255871772766113,0.00749,0.00031,0.00118,0.00559,0.00096,0.00174,0.01727
1413393299.305869817733765,0.00554,0.00020,0.00620,0.00556,0.00355,0.00135,0.02240
1413393299.355869770050049,0.00581,0.00020,0.00052,0.00625,0.00000,0.00195,0.01474
1413393299.405869007110596,0.00834,0.00057,0.00079,0.01039,0.00000,0.00344,0.02353
1413393299.455867528915405,0.00596,0.00028,0.00394,0.00524,0.00255,0.00148,0.01944
1413393299.505866527557373,0.00603,0.00020,0.00041,0.00589,0.00003,0.00172,0.01428
1413393299.555865049362183,0.00730,0.00031,0.00018,0.00913,0.00007,0.00328,0.02028
1413393299.605864286422729,0.00536,0.00019,0.00014,0.00560,0.00038,0.00149,0.01316
1413393299.655863761901855,0.00528,0.00020,0.00008,0.00573,0.00042,0.00207,0.01378
1413393299.705863714218140,0.00543,0.00018,0.00001,0.00588,0.00023,0.00174,0.01348
1413393299.755863904953003,0.00550,0.00029,0.00288,0.00561,0.00184,0.00198,0.01809
1413393299.805864334106445,0.00561,0.00030,0.00437,0.00615,0.00006,0.00166,0.01814
1413393299.855865001678467,0.00635,0.00036,0.00002,0.01040,0.00040,0.00331,0.02085
1413393299.905866384506226,0.00544,0.00081,0.00431,0.00623,0.00283,0.00212,0.02174
1413393299.955866575241089,0.00598,0.00039,0.00606,0.00677,0.00000,0.00204,0.02124
1413393300.005865573883057,0.00708,0.00037,0.00003,0.01254,0.00000,0.00315,0.02317
1413393300.055866003036499,0.00570,0.00020,0.00364,0.00666,0.00000,0.00191,0.01812
1413393300.105865716934204,0.00550,0.00028,0.00002,0.00694,0.00000,0.00182,0.01455
1413393300.155866384506226,0.00792,0.00052,0.00063,0.01139,0.00000,0.00362,0.02408
1413393300.205866575241089,0.00582,0.00024,0.00038,0.00655,0.00002,0.00202,0.01502
1413393300.255867004394531,0.00563,0.00028,0.00038,0.00704,0.00152,0.00198,0.01684
1413393300.305867195129395,0.00674,0.00048,0.00049,0.01214,0.00000,0.00304,0.02290
1413393300.355867385864258,0.00590,0.00031,0.00185,0.00643,0.00000,0.00166,0.01615
1413393300.405868530273438,0.00555,0.00028,0.00564,0.00553,0.00000,0.00146,0.01845
1413393300.455868721008301,0.00820,0.00029,0.00018,0.00588,0.00044,0.00244,0.01743
1413393300.505868196487427,0.00607,0.00028,0.00271,0.00526,0.00364,0.00153,0.01950
1413393300.555868148803711,0.00614,0.00027,0.00539,0.00568,0.00121,0.00191,0.02061
1413393300.605868339538574,0.00731,0.00041,0.00098,0.01028,0.00028,0.00343,0.02270
1413393300.655868291854858,0.00586,0.00029,0.00407,0.00649,0.00035,0.00189,0.01895
1413393300.705866575241089,0.00542,0.00023,0.00045,0.00599,0.00000,0.00159,0.01367
1413393300.755865812301636,0.00835,0.00042,0.00030,0.00926,0.00040,0.00332,0.02204
1413393300.805864810943604,0.00604,0.00027,0.00015,0.00482,0.00063,0.00153,0.01345
1413393300.855864524841309,0.00638,0.00019,0.00037,0.00493,0.00034,0.00159,0.01380
1413393300.905864000320435,0.00680,0.00042,0.00084,0.00975,0.00059,0.00337,0.02178
1413393300.955863475799561,0.00577,0.00025,0.00009,0.00484,0.00058,0.00190,0.01343
1413393301.005862474441528,0.00553,0.00020,0.00563,0.00440,0.00421,0.00169,0.02168
1413393301.055862426757812,0.00500,0.00023,0.00113,0.00532,0.00062,0.00168,0.01398
1413393301.105863094329834,0.00609,0.00030,0.00014,0.00578,0.00050,0.00163,0.01444
1413393301.155862569808960,0.00578,0.00020,0.00374,0.00498,0.00232,0.00154,0.01856
1413393301.205863237380981,0.00696,0.00040,0.00036,0.00913,0.00000,0.00327,0.02013
1413393301.255864620208740,0.00687,0.00023,0.00018,0.00457,0.00321,0.00192,0.01699
1413393301.305866241455078,0.00661,0.00031,0.00589,0.00487,0.00138,0.00181,0.02087
1413393301.355866909027100,0.00596,0.00023,0.00018,0.00553,0.00044,0.00233,0.01468
1413393301.405864953994751,0.00657,0.00030,0.00060,0.00551,0.00037,0.00203,0.01539
1413393301.455864667892456,0.00638,0.00028,0.00035,0.00457,0.00033,0.00186,0.01376
1413393301.505864381790161,0.00703,0.00056,0.00016,0.00706,0.00000,0.00259,0.01741
1413393301.555864334106445,0.00413,0.00026,0.00069,0.00385,0.00000,0.00162,0.01055
1413393301.605863332748413,0.00616,0.00047,0.00166,0.00376,0.00977,0.00192,0.02374
1413393301.655863523483276,0.00533,0.00018,0.00026,0.00494,0.00000,0.00183,0.01255
1413393301.705863714218140,0.00564,0.00037,0.00015,0.00453,0.00014,0.00179,0.01261
1413393301.755864381790161,0.00545,0.00024,0.00030,0.00463,0.00445,0.00193,0.01700
1413393301.805866479873657,0.00840,0.00047,0.00032,0.00808,0.00724,0.00346,0.02798
1413393301.855868816375732,0.00630,0.00020,0.00018,0.00487,0.00046,0.00189,0.01389
1413393301.905872106552124,0.00578,0.00031,0.00542,0.00482,0.00262,0.00143,0.02037
1413393301.955870389938354,0.00711,0.00046,0.00685,0.00878,0.00219,0.00316,0.02855
1413393302.005871534347534,0.00610,0.00021,0.00006,0.00599,0.00063,0.00169,0.01470
1413393302.055869817733765,0.00574,0.00020,0.00002,0.00557,0.00024,0.00197,0.01374
1413393302.105872154235840,0.00946,0.00044,0.00037,0.00748,0.00023,0.00323,0.02121
1413393302.155872583389282,0.00597,0.00021,0.00493,0.00378,0.00063,0.00208,0.01759
1413393302.205871105194092,0.00601,0.00027,0.00039,0.00432,0.00136,0.00172,0.01407
1413393302.255868196487427,0.00747,0.00044,0.00034,0.00749,0.00042,0.00358,0.01974
1413393302.305866479873657,0.00624,0.00029,0.00020,0.00474,0.00000,0.00209,0.01356
1413393302.355866193771362,0.00585,0.00027,0.00495,0.00406,0.00568,0.00167,0.02248
1413393302.405866146087646,0.00789,0.00057,0.00015,0.00946,0.00000,0.00319,0.02128
1413393302.455864667892456,0.00577,0.00021,0.00002,0.00539,0.00022,0.00192,0.01353
1413393302.505864858627319,0.00550,0.00020,0.00355,0.00499,0.00183,0.00166,0.01773
1413393302.555864810943604,0.00641,0.00028,0.00416,0.00523,0.00082,0.00246,0.01937
1413393302.605864524841309,0.00542,0.00031,0.00002,0.00600,0.00000,0.00150,0.01325
1413393302.655864000320435,0.00545,0.00022,0.00514,0.00532,0.00221,0.00169,0.02003
1413393302.705863475799561,0.00679,0.00040,0.00046,0.01062,0.00000,0.00287,0.02114
1413393302.755863189697266,0.00613,0.00030,0.00464,0.00541,0.00019,0.00193,0.01860
1413393302.805862665176392,0.00573,0.00020,0.00017,0.00512,0.00117,0.00169,0.01408
1413393302.855862617492676,0.00636,0.00042,0.00010,0.00894,0.00000,0.00275,0.01858
1413393302.905862569808960,0.00563,0.00031,0.00023,0.00494,0.00014,0.00165,0.01290
1413393302.955862045288086,0.00591,0.00030,0.00371,0.00427,0.00358,0.00162,0.01939
1413393303.005861759185791,0.00678,0.00036,0.00026,0.00868,0.00024,0.00335,0.01967
1413393303.055862426757812,0.00573,0.00031,0.00003,0.00664,0.00022,0.00195,0.01488
1413393303.105862379074097,0.00691,0.00021,0.00274,0.00506,0.00199,0.00176,0.01866
1413393303.155863761901855,0.00762,0.00039,0.00542,0.00843,0.00317,0.00236,0.02738
1413393303.205863237380981,0.00625,0.00021,0.00010,0.00575,0.00017,0.00162,0.01410
1413393303.255863666534424,0.00625,0.00021,0.00832,0.00539,0.00355,0.00185,0.02557
1413393303.305863380432129,0.00673,0.00037,0.00032,0.01120,0.00000,0.00354,0.02215
1413393303.355862855911255,0.00560,0.00022,0.00391,0.00597,0.00034,0.00148,0.01752
1413393303.405863285064697,0.00606,0.00021,0.00064,0.00624,0.00061,0.00167,0.01544
1413393303.455862998962402,0.00972,0.00041,0.00003,0.01015,0.00000,0.00392,0.02423
1413393303.505862951278687,0.00720,0.00030,0.00009,0.00593,0.00000,0.00184,0.01536
1413393303.555862426757812,0.00641,0.00020,0.00436,0.00540,0.00016,0.00188,0.01841
1413393303.605863094329834,0.00712,0.00027,0.00075,0.00641,0.00001,0.00249,0.01706
1413393303.655862331390381,0.00643,0.00031,0.00466,0.00494,0.00146,0.00170,0.01950
1413393303.705862283706665,0.00654,0.00021,0.00270,0.00517,0.00059,0.00159,0.01681
1413393303.755861997604370,0.00655,0.00028,0.00346,0.00523,0.00146,0.00252,0.01951
1413393303.805861473083496,0.00643,0.00032,0.00009,0.00567,0.00005,0.00187,0.01443
1413393303.855860948562622,0.00634,0.00020,0.00622,0.00504,0.00137,0.00154,0.02073
1413393303.905860662460327,0.00738,0.00049,0.00041,0.01137,0.00002,0.00398,0.02365
1413393303.955860376358032,0.00642,0.00031,0.00213,0.00414,0.00162,0.00170,0.01632
1413393304.005860328674316,0.00783,0.00038,0.00869,0.00450,0.00152,0.00172,0.02465
1413393304.055860280990601,0.00671,0.00034,0.00034,0.00422,0.00001,0.00183,0.01344
1413393304.105859279632568,0.00701,0.00038,0.00096,0.00820,0.00000,0.00300,0.01956
1413393304.155858039855957,0.00681,0.00030,0.00064,0.00366,0.00280,0.00183,0.01604
1413393304.205856800079346,0.00656,0.00037,0.00011,0.00426,0.00023,0.00261,0.01415
1413393304.255856513977051,0.00556,0.00030,0.00302,0.00385,0.00303,0.00204,0.01781
1413393304.305857181549072,0.00645,0.00049,0.00315,0.00464,0.00092,0.00194,0.01760
1413393304.355859994888306,0.00732,0.00047,0.00108,0.00586,0.00139,0.00256,0.01868
1413393304.405860662460327,0.00590,0.00029,0.00015,0.00523,0.00000,0.00200,0.01357
1413393304.455860853195190,0.00618,0.00020,0.00438,0.00501,0.00136,0.00178,0.01892
1413393304.505861043930054,0.00668,0.00032,0.00020,0.00850,0.00103,0.00344,0.02017
1413393304.555861711502075,0.00638,0.00023,0.00513,0.00515,0.00020,0.00203,0.01914
1413393304.605861186981201,0.00582,0.00020,0.00461,0.00485,0.00079,0.00197,0.01825
1413393304.655860424041748,0.00575,0.00018,0.00056,0.00521,0.00000,0.00155,0.01326
1413393304.705860376358032,0.00629,0.00024,0.00011,0.00520,0.00019,0.00217,0.01421
1413393304.755859613418579,0.00466,0.00031,0.00021,0.00554,0.00000,0.00156,0.01228
1413393304.805859327316284,0.00609,0.00043,0.00059,0.00746,0.00120,0.00307,0.01882
1413393304.855859279632568,0.00692,0.00021,0.00006,0.00440,0.00097,0.00182,0.01438
1413393304.905859470367432,0.00604,0.00031,0.00016,0.00365,0.00151,0.00170,0.01337
1413393304.955860137939453,0.00581,0.00026,0.00008,0.00396,0.00059,0.00245,0.01316
1413393305.005860090255737,0.00642,0.00020,0.00046,0.00339,0.00014,0.00199,0.01260
1413393305.055859804153442,0.00584,0.00019,0.00065,0.00316,0.00569,0.00172,0.01725
1413393305.105859994888306,0.00603,0.00017,0.00099,0.00379,0.00000,0.00170,0.01268
1413393305.155860185623169,0.00598,0.00019,0.00426,0.00319,0.00170,0.00176,0.01709
1413393305.205860853195190,0.00656,0.00030,0.00250,0.00337,0.00434,0.00180,0.01887
1413393305.255860805511475,0.00608,0.00026,0.00038,0.00402,0.00000,0.00257,0.01331
1413393305.305859804153442,0.00596,0.00038,0.00061,0.00345,0.00000,0.00208,0.01247
1413393305.355860471725464,0.00619,0.00046,0.00079,0.00336,0.00000,0.00193,0.01273
1413393305.405859947204590,0.00669,0.00048,0.00210,0.00539,0.00559,0.00283,0.02307
1413393305.455860614776611,0.00581,0.00036,0.00022,0.00299,0.00084,0.00163,0.01185
1413393305.505860090255737,0.00582,0.00020,0.00016,0.00320,0.00025,0.00192,0.01155
1413393305.555860996246338,0.00738,0.00041,0.00139,0.00476,0.00341,0.00347,0.02082
1413393305.605861186981201,0.00652,0.00032,0.00048,0.00311,0.00000,0.00187,0.01231
1413393305.655861139297485,0.00712,0.00032,0.00020,0.00291,0.00199,0.00191,0.01445
1413393305.705860853195190,0.00708,0.00050,0.00125,0.00405,0.00020,0.00317,0.01624
1413393305.755861043930054,0.00735,0.00030,0.00409,0.00205,0.01043,0.00171,0.02594
1413393305.805861949920654,0.00593,0.00028,0.00055,0.00263,0.00420,0.00156,0.01514
1413393305.855861663818359,0.00675,0.00050,0.00085,0.00388,0.00005,0.00342,0.01545
1413393305.905861616134644,0.00689,0.00034,0.00244,0.00215,0.00032,0.00171,0.01387
1413393305.955861568450928,0.00716,0.00019,0.00038,0.00239,0.00111,0.00191,0.01315
1413393306.005860805511475,0.00684,0.00044,0.00045,0.00443,0.00177,0.00325,0.01718
1413393306.055862188339233,0.00670,0.00026,0.00049,0.00207,0.00028,0.00192,0.01174
1413393306.105862140655518,0.00694,0.00018,0.00072,0.00174,0.00209,0.00164,0.01331
1413393306.155862808227539,0.00688,0.00043,0.00084,0.00314,0.00198,0.00318,0.01645
1413393306.205867052078247,0.00641,0.00020,0.00150,0.00223,0.00276,0.00179,0.01489
1413393306.255868673324585,0.00687,0.00020,0.00046,0.00217,0.00240,0.00197,0.01406
1413393306.305869102478027,0.00580,0.00029,0.00138,0.00238,0.00717,0.00168,0.01870
1413393306.355869531631470,0.00647,0.00028,0.00054,0.00331,0.00919,0.00191,0.02170
1413393306.405869722366333,0.00625,0.00021,0.00071,0.00445,0.00079,0.00146,0.01388
1413393306.455868244171143,0.00671,0.00063,0.00126,0.00938,0.00851,0.00327,0.02976
1413393306.505867719650269,0.00634,0.00038,0.00118,0.00428,0.00072,0.00162,0.01453
1413393306.555866003036499,0.00600,0.00025,0.00019,0.00479,0.00187,0.00170,0.01479
1413393306.605864286422729,0.00696,0.00046,0.00595,0.00779,0.00027,0.00168,0.02311
1413393306.655862092971802,0.00586,0.00031,0.00112,0.00438,0.00342,0.00145,0.01655
1413393306.705861330032349,0.00702,0.00034,0.00086,0.00382,0.00001,0.00255,0.01461
1413393306.755861520767212,0.01019,0.00033,0.00155,0.00529,0.00052,0.00284,0.02072
1413393306.805860280990601,0.00578,0.00033,0.00156,0.00390,0.00510,0.00190,0.01857
1413393306.855860948562622,0.00646,0.00030,0.00103,0.00385,0.00201,0.00191,0.01557
1413393306.905861377716064,0.00660,0.00028,0.00122,0.00431,0.00152,0.00242,0.01636
1413393306.955861330032349,0.00593,0.00039,0.00018,0.00398,0.00053,0.00189,0.01292
1413393307.005861759185791,0.00675,0.00029,0.00041,0.00367,0.00033,0.00189,0.01335
1413393307.055862426757812,0.00849,0.00059,0.00031,0.00773,0.00001,0.00400,0.02114
1413393307.105863094329834,0.00465,0.00021,0.00028,0.00368,0.00125,0.00172,0.01179
1413393307.155863761901855,0.00618,0.00030,0.00069,0.00381,0.00774,0.00142,0.02015
1413393307.205862283706665,0.00757,0.00045,0.00797,0.00789,0.00325,0.00257,0.02969
1413393307.255862236022949,0.00732,0.00021,0.00119,0.00469,0.00015,0.00147,0.01503
1413393307.305861949920654,0.00575,0.00029,0.00259,0.00398,0.00384,0.00142,0.01787
1413393307.355861663818359,0.00729,0.00045,0.00131,0.00720,0.00036,0.00313,0.01974
1413393307.405862092971802,0.00556,0.00028,0.00018,0.00528,0.00340,0.00158,0.01628
1413393307.455862045288086,0.00581,0.00020,0.00023,0.00468,0.00132,0.00147,0.01371
1413393307.505861759185791,0.00662,0.00030,0.00035,0.00472,0.00266,0.00207,0.01672
1413393307.555861473083496,0.00581,0.00020,0.00026,0.00441,0.00036,0.00140,0.01245
1413393307.605861425399780,0.00594,0.00028,0.00019,0.00475,0.00294,0.00142,0.01553
1413393307.655860900878906,0.00556,0.00035,0.00097,0.00872,0.00000,0.00215,0.01775
1413393307.705861091613770,0.00718,0.00021,0.00018,0.00414,0.00013,0.00154,0.01338
1413393307.755861282348633,0.00545,0.00019,0.00051,0.00396,0.00378,0.00141,0.01531
1413393307.805861949920654,0.00745,0.00040,0.00592,0.00692,0.00552,0.00236,0.02856
1413393307.855862140655518,0.00534,0.00021,0.00015,0.00522,0.00000,0.00188,0.01281
1413393307.905862092971802,0.00584,0.00020,0.00215,0.00484,0.00299,0.00174,0.01777
1413393307.955861806869507,0.00581,0.00022,0.00059,0.00488,0.00031,0.00184,0.01365
1413393308.005861520767212,0.00737,0.00021,0.00011,0.00488,0.00244,0.00162,0.01663
1413393308.055861234664917,0.00584,0.00022,0.00052,0.00530,0.00141,0.00190,0.01518
1413393308.105860710144043,0.00621,0.00038,0.00101,0.00966,0.00005,0.00257,0.01988
1413393308.155861139297485,0.00672,0.00030,0.00029,0.00487,0.00207,0.00204,0.01628
1413393308.205861568450928,0.00551,0.00020,0.00149,0.00498,0.00053,0.00176,0.01447
1413393308.255860567092896,0.00524,0.00021,0.00402,0.00499,0.00362,0.00168,0.01976
1413393308.305860519409180,0.00577,0.00026,0.00050,0.00527,0.00000,0.00158,0.01337
1413393308.355860471725464,0.00602,0.00020,0.00320,0.00515,0.00343,0.00149,0.01950
1413393308.405860900878906,0.00631,0.00035,0.00409,0.00559,0.00018,0.00239,0.01891
1413393308.455860614776611,0.00533,0.00021,0.00014,0.00492,0.00000,0.00180,0.01241
1413393308.505860567092896,0.00534,0.00020,0.00250,0.00407,0.00227,0.00151,0.01588
1413393308.555861234664917,0.00592,0.00030,0.00536,0.00443,0.00132,0.00219,0.01952
1413393308.605861186981201,0.00627,0.00024,0.00052,0.00474,0.00015,0.00179,0.01371
1413393308.655861139297485,0.00523,0.00030,0.00149,0.00480,0.00038,0.00149,0.01368
1413393308.705861568450928,0.00597,0.00035,0.00436,0.00720,0.00642,0.00244,0.02675
1413393308.755860328674316,0.00629,0.00023,0.00127,0.00541,0.00015,0.00189,0.01524
1413393308.805858373641968,0.00677,0.00041,0.00141,0.00480,0.00018,0.00201,0.01559
1413393308.855856418609619,0.00705,0.00028,0.00039,0.00390,0.00273,0.00262,0.01697
1413393308.905855178833008,0.00559,0.00020,0.00010,0.00409,0.00002,0.00150,0.01150
1413393308.955853700637817,0.00550,0.00027,0.00148,0.00382,0.00743,0.00144,0.01993
1413393309.005856037139893,0.00696,0.00047,0.00335,0.00908,0.00207,0.00329,0.02522
1413393309.055858135223389,0.00654,0.00022,0.00111,0.00479,0.00000,0.00196,0.01462
1413393309.105858087539673,0.00600,0.00029,0.00026,0.00494,0.00061,0.00154,0.01365
1413393309.155856847763062,0.00696,0.00043,0.00856,0.00620,0.00459,0.00286,0.02959
1413393309.205858230590820,0.00594,0.00023,0.00011,0.00485,0.00076,0.00196,0.01384
1413393309.255860328674316,0.00590,0.00031,0.00103,0.00456,0.00006,0.00210,0.01396
1413393309.305864334106445,0.00534,0.00020,0.00161,0.00437,0.00452,0.00179,0.01782
1413393309.355865716934204,0.00622,0.00024,0.00868,0.00566,0.00022,0.00203,0.02305
1413393309.405866861343384,0.00603,0.00024,0.00071,0.00565,0.00064,0.00181,0.01509
1413393309.455867052078247,0.00679,0.00047,0.00021,0.01104,0.00000,0.00340,0.02191
1413393309.505868673324585,0.00578,0.00022,0.00006,0.00517,0.00021,0.00167,0.01312
1413393309.555869579315186,0.00606,0.00028,0.00010,0.00520,0.00114,0.00191,0.01469
1413393309.605870246887207,0.00594,0.00031,0.00710,0.00921,0.00082,0.00176,0.02514
1413393309.655870676040649,0.00574,0.00021,0.00002,0.00575,0.00000,0.00193,0.01365
1413393309.705871105194092,0.00570,0.00021,0.00171,0.00536,0.00001,0.00182,0.01482
1413393309.755871295928955,0.00656,0.00041,0.00732,0.00891,0.00348,0.00255,0.02924
1413393309.805871963500977,0.00560,0.00022,0.00428,0.00543,0.00000,0.00179,0.01733
1413393309.855873107910156,0.00606,0.00029,0.00155,0.00510,0.00001,0.00197,0.01499
1413393309.905873298645020,0.00665,0.00040,0.00112,0.00840,0.00097,0.00343,0.02098
1413393309.955874681472778,0.00616,0.00030,0.00537,0.00517,0.00081,0.00186,0.01966
1413393310.005874395370483,0.00585,0.00032,0.00002,0.00626,0.00121,0.00177,0.01544
1413393310.055875062942505,0.00573,0.00028,0.00011,0.00878,0.00001,0.00254,0.01745
1413393310.105875253677368,0.00583,0.00029,0.00021,0.00679,0.00020,0.00178,0.01510
1413393310.155875682830811,0.00562,0.00024,0.00002,0.00572,0.00000,0.00197,0.01357
1413393310.205875396728516,0.00537,0.00019,0.00373,0.00549,0.00062,0.00177,0.01718
1413393310.255875349044800,0.00482,0.00021,0.00002,0.00593,0.00000,0.00168,0.01266
1413393310.305872440338135,0.00535,0.00023,0.00290,0.00588,0.00000,0.00185,0.01621
1413393310.355870962142944,0.00582,0.00030,0.00395,0.00562,0.00000,0.00238,0.01808
1413393310.405869245529175,0.00524,0.00023,0.00338,0.00546,0.00001,0.00189,0.01621
1413393310.455869197845459,0.00546,0.00030,0.00062,0.00541,0.00064,0.00184,0.01428
1413393310.505868673324585,0.00683,0.00048,0.00019,0.01065,0.00004,0.00354,0.02174
1413393310.555868148803711,0.00529,0.00023,0.00490,0.00526,0.00004,0.00194,0.01767
1413393310.605868101119995,0.00567,0.00033,0.00008,0.00591,0.00000,0.00178,0.01376
1413393310.655867815017700,0.00547,0.00041,0.00127,0.00985,0.00025,0.00297,0.02023
1413393310.705868005752563,0.00545,0.00032,0.00015,0.00575,0.00063,0.00178,0.01408
1413393310.755868911743164,0.00537,0.00033,0.00086,0.00527,0.00000,0.00192,0.01376
1413393310.805868387222290,0.00692,0.00043,0.00609,0.00903,0.00211,0.00219,0.02678
1413393310.855868339538574,0.00564,0.00022,0.00003,0.00564,0.00000,0.00192,0.01345
1413393310.905867099761963,0.00544,0.00023,0.00175,0.00536,0.00062,0.00183,0.01523
1413393310.955866098403931,0.00715,0.00051,0.00390,0.01159,0.00197,0.00332,0.02844
1413393311.005865335464478,0.00585,0.00034,0.00283,0.00573,0.00000,0.00182,0.01658
1413393311.055865049362183,0.00572,0.00030,0.00109,0.00577,0.00000,0.00202,0.01490
1413393311.105865955352783,0.00604,0.00030,0.00027,0.00636,0.00001,0.00299,0.01597
1413393311.155867099761963,0.00573,0.00031,0.00628,0.00491,0.00007,0.00195,0.01926
1413393311.205866336822510,0.00555,0.00033,0.00002,0.00542,0.00000,0.00180,0.01313
1413393311.255867004394531,0.00514,0.00020,0.00063,0.00488,0.00003,0.00188,0.01277
1413393311.305866718292236,0.00531,0.00023,0.00010,0.00466,0.00018,0.00179,0.01226
1413393311.355865955352783,0.00534,0.00020,0.00528,0.00441,0.00227,0.00195,0.01945
1413393311.405865907669067,0.00601,0.00039,0.00393,0.00824,0.00008,0.00268,0.02133
1413393311.455867528915405,0.00534,0.00030,0.00025,0.00564,0.00001,0.00190,0.01344
1413393311.505867242813110,0.00707,0.00031,0.00014,0.00433,0.00074,0.00181,0.01440
1413393311.555868148803711,0.00711,0.00046,0.00045,0.00833,0.00271,0.00339,0.02245
1413393311.605868577957153,0.00688,0.00030,0.00374,0.00439,0.00452,0.00198,0.02182
1413393311.655869722366333,0.00597,0.00021,0.00088,0.00479,0.00063,0.00193,0.01442
1413393311.705869674682617,0.00662,0.00043,0.00233,0.00758,0.00103,0.00296,0.02095
1413393311.755870819091797,0.00676,0.00027,0.00410,0.00418,0.00076,0.00163,0.01770
1413393311.805870771408081,0.00768,0.00021,0.00038,0.00425,0.00000,0.00160,0.01412
1413393311.855871200561523,0.00701,0.00037,0.00191,0.00694,0.00117,0.00327,0.02067
1413393311.905871152877808,0.00621,0.00021,0.00176,0.00421,0.00021,0.00170,0.01430
1413393311.955871343612671,0.00626,0.00030,0.00080,0.00448,0.00561,0.00192,0.01937
1413393312.005871534347534,0.00641,0.00031,0.00010,0.00560,0.00003,0.00257,0.01502
1413393312.055871486663818,0.00636,0.00034,0.00264,0.00470,0.00120,0.00197,0.01720
1413393312.105871438980103,0.00601,0.00022,0.00017,0.00496,0.00013,0.00191,0.01341
1413393312.155871391296387,0.00550,0.00020,0.00371,0.00473,0.00538,0.00177,0.02130
1413393312.205870151519775,0.00579,0.00029,0.00374,0.00608,0.00124,0.00159,0.01873
1413393312.255870103836060,0.00570,0.00020,0.00081,0.00609,0.00000,0.00166,0.01446
1413393312.305869817733765,0.00586,0.00031,0.00002,0.00673,0.00004,0.00236,0.01532
1413393312.355871915817261,0.00569,0.00022,0.01166,0.00587,0.00121,0.00177,0.02643
1413393312.405872106552124,0.00567,0.00033,0.00035,0.00640,0.00000,0.00171,0.01447
1413393312.455873012542725,0.00584,0.00037,0.00002,0.01162,0.00000,0.00273,0.02058
1413393312.505872488021851,0.00522,0.00022,0.00005,0.00612,0.00024,0.00165,0.01350
1413393312.555871725082397,0.00532,0.00021,0.00006,0.00603,0.00023,0.00171,0.01355
1413393312.605870246887207,0.00696,0.00049,0.00003,0.01103,0.00006,0.00347,0.02205
1413393312.655868530273438,0.00588,0.00031,0.00342,0.00587,0.00065,0.00179,0.01792
1413393312.705868482589722,0.00601,0.00032,0.00003,0.00714,0.00004,0.00181,0.01535
1413393312.755867719650269,0.00683,0.00053,0.00728,0.00940,0.00005,0.00336,0.02745
1413393312.805867671966553,0.00694,0.00045,0.00177,0.00547,0.00007,0.00184,0.01654
1413393312.855868339538574,0.00575,0.00021,0.00002,0.00554,0.00005,0.00183,0.01340
1413393312.905868530273438,0.00629,0.00031,0.00025,0.00526,0.00029,0.00167,0.01407
1413393312.955868005752563,0.00574,0.00020,0.00727,0.00531,0.00183,0.00161,0.02195
1413393313.005868196487427,0.00579,0.00029,0.00006,0.00559,0.00002,0.00187,0.01363
1413393313.055866718292236,0.00659,0.00027,0.00014,0.00542,0.00000,0.00230,0.01473
1413393313.105865716934204,0.00530,0.00022,0.00013,0.00559,0.00021,0.00168,0.01314
1413393313.155865192413330,0.00566,0.00031,0.00011,0.00505,0.00023,0.00189,0.01325
1413393313.205865144729614,0.00651,0.00036,0.00018,0.00537,0.00003,0.00249,0.01493
1413393313.255865097045898,0.00578,0.00022,0.00013,0.00432,0.00226,0.00196,0.01467
1413393313.305864810943604,0.00633,0.00025,0.00035,0.00466,0.00028,0.00181,0.01369
1413393313.355864286422729,0.00548,0.00020,0.00653,0.00485,0.00009,0.00177,0.01892
1413393313.405864477157593,0.00615,0.00034,0.00015,0.00548,0.00125,0.00178,0.01514
1413393313.455863952636719,0.00601,0.00033,0.00149,0.00470,0.00004,0.00175,0.01431
1413393313.505862236022949,0.00585,0.00022,0.00044,0.00473,0.00003,0.00165,0.01292
1413393313.555856466293335,0.00575,0.00024,0.00182,0.00427,0.00411,0.00180,0.01800
1413393313.605854511260986,0.00617,0.00024,0.00336,0.00436,0.00139,0.00161,0.01712
1413393313.655851364135742,0.00610,0.00024,0.00035,0.00372,0.00015,0.00186,0.01243
1413393313.705852270126343,0.00582,0.00023,0.00019,0.00350,0.00030,0.00157,0.01160
1413393313.755849599838257,0.00592,0.00030,0.00027,0.00405,0.00057,0.00162,0.01274
1413393313.805857658386230,0.00557,0.00019,0.00063,0.00377,0.00242,0.00189,0.01448
1413393313.855865001678467,0.00644,0.00029,0.00093,0.00394,0.00044,0.00185,0.01390
1413393313.905874490737915,0.00556,0.00021,0.00015,0.00367,0.00025,0.00165,0.01150
1413393313.955888748168945,0.00697,0.00043,0.00827,0.00612,0.01241,0.00221,0.03641
1413393314.005890607833862,0.00608,0.00033,0.00021,0.00543,0.00063,0.00159,0.01427
1413393314.055891275405884,0.00583,0.00027,0.00138,0.00505,0.00249,0.00170,0.01673
1413393314.105890512466431,0.00575,0.00029,0.00007,0.00660,0.00251,0.00226,0.01748
1413393314.155891180038452,0.00571,0.00023,0.00273,0.00636,0.00000,0.00175,0.01678
1413393314.205892801284790,0.00748,0.00030,0.00422,0.00627,0.00000,0.00175,0.02002
1413393314.255893945693970,0.00605,0.00020,0.00005,0.00650,0.00000,0.00190,0.01469
1413393314.305894851684570,0.00612,0.00025,0.00056,0.00660,0.00000,0.00191,0.01544
1413393314.355896234512329,0.00613,0.00033,0.00134,0.00640,0.00000,0.00174,0.01594
1413393314.405896425247192,0.00644,0.00030,0.00474,0.00642,0.00000,0.00216,0.02006
1413393314.455896377563477,0.00652,0.00021,0.00387,0.00616,0.00000,0.00190,0.01866
1413393314.505895137786865,0.00609,0.00021,0.00003,0.00634,0.00000,0.00178,0.01445
1413393314.555895328521729,0.00731,0.00053,0.00768,0.00925,0.00000,0.00263,0.02741
1413393314.605895280838013,0.00611,0.00030,0.00243,0.00653,0.00000,0.00182,0.01720
1413393314.655894041061401,0.00604,0.00021,0.00155,0.00544,0.00003,0.00196,0.01524
1413393314.705893516540527,0.00566,0.00019,0.00092,0.00558,0.00003,0.00179,0.01416
1413393314.755892276763916,0.00524,0.00020,0.00805,0.00528,0.00127,0.00157,0.02160
1413393314.805891513824463,0.00547,0.00030,0.00014,0.00606,0.00356,0.00154,0.01708
1413393314.855891466140747,0.00566,0.00024,0.00017,0.00634,0.00000,0.00179,0.01421
1413393314.905891418457031,0.00558,0.00022,0.00006,0.00608,0.00004,0.00181,0.01378
1413393314.955890417098999,0.00562,0.00030,0.00002,0.00677,0.00022,0.00161,0.01455
1413393315.005891561508179,0.00691,0.00046,0.00473,0.00893,0.00366,0.00254,0.02723
1413393315.055892467498779,0.00573,0.00031,0.00351,0.00597,0.00020,0.00180,0.01751
1413393315.105893135070801,0.00546,0.00031,0.00015,0.00668,0.00000,0.00171,0.01431
1413393315.155893564224243,0.00623,0.00038,0.00609,0.00905,0.00011,0.00340,0.02525
1413393315.205893993377686,0.00561,0.00032,0.00015,0.00593,0.00121,0.00179,0.01503
1413393315.255895614624023,0.00624,0.00040,0.00087,0.00612,0.00006,0.00178,0.01547
1413393315.305899620056152,0.00538,0.00020,0.00033,0.00564,0.00000,0.00166,0.01320
1413393315.355901718139648,0.00586,0.00029,0.00548,0.00503,0.00472,0.00176,0.02314
1413393315.405903339385986,0.00576,0.00031,0.00566,0.00512,0.00116,0.00160,0.01963
1413393315.455905675888062,0.00693,0.00032,0.00012,0.00561,0.00017,0.00286,0.01602
1413393315.505905628204346,0.00624,0.00032,0.00061,0.00520,0.00024,0.00179,0.01440
1413393315.555903911590576,0.00581,0.00030,0.00008,0.00536,0.00022,0.00188,0.01366
1413393315.605905294418335,0.00510,0.00020,0.00047,0.00511,0.00240,0.00183,0.01512
1413393315.655905246734619,0.00556,0.00020,0.00124,0.00565,0.00238,0.00156,0.01659
1413393315.705904722213745,0.00628,0.00029,0.00075,0.00638,0.00000,0.00171,0.01541
1413393315.755903959274292,0.00585,0.00029,0.00227,0.00593,0.00124,0.00257,0.01815
1413393315.805902004241943,0.00625,0.00031,0.00545,0.00564,0.00362,0.00154,0.02281
1413393315.855901956558228,0.00652,0.00030,0.00016,0.00660,0.00000,0.00191,0.01549
1413393315.905899286270142,0.00605,0.00040,0.00052,0.00910,0.00026,0.00298,0.01932
1413393315.955896854400635,0.00526,0.00022,0.00265,0.00564,0.00016,0.00160,0.01553
1413393316.005896806716919,0.00537,0.00042,0.00575,0.00526,0.00154,0.00190,0.02024
1413393316.055895805358887,0.00546,0.00019,0.00004,0.00631,0.00000,0.00183,0.01383
1413393316.105896234512329,0.00626,0.00023,0.00032,0.00581,0.00015,0.00175,0.01452
1413393316.155896902084351,0.00526,0.00021,0.00006,0.00589,0.00034,0.00187,0.01364
1413393316.205896854400635,0.00708,0.00046,0.00069,0.01048,0.00026,0.00333,0.02231
1413393316.255897998809814,0.00585,0.00021,0.00326,0.00491,0.00148,0.00172,0.01743
1413393316.305898666381836,0.00539,0.00022,0.00038,0.00529,0.00040,0.00166,0.01334
1413393316.355898857116699,0.00651,0.00043,0.00199,0.00988,0.00148,0.00292,0.02322
1413393316.405899286270142,0.00593,0.00023,0.00399,0.00539,0.00309,0.00166,0.02029
1413393316.455899477005005,0.00612,0.00032,0.00171,0.00590,0.00000,0.00175,0.01580
1413393316.505899667739868,0.00639,0.00032,0.00022,0.00636,0.00017,0.00265,0.01611
1413393316.555899858474731,0.00609,0.00029,0.00462,0.00563,0.00151,0.00175,0.01990
1413393316.605900764465332,0.00593,0.00029,0.00471,0.00607,0.00123,0.00155,0.01978
1413393316.655900955200195,0.00628,0.00038,0.00107,0.01224,0.00025,0.00256,0.02277
1413393316.705900907516479,0.00601,0.00026,0.00046,0.00587,0.00000,0.00198,0.01458
1413393316.755900621414185,0.00643,0.00025,0.00019,0.00576,0.00015,0.00224,0.01502
1413393316.805900335311890,0.00650,0.00036,0.00029,0.00805,0.00024,0.00300,0.01843
1413393316.855900287628174,0.00368,0.00023,0.00182,0.00482,0.00414,0.00185,0.01655
1413393316.905900478363037,0.00592,0.00034,0.00020,0.00553,0.00028,0.00182,0.01408
1413393316.955900192260742,0.00655,0.00033,0.00018,0.00989,0.00209,0.00276,0.02179
1413393317.005900621414185,0.00606,0.00020,0.00255,0.00548,0.00303,0.00156,0.01889
1413393317.055900812149048,0.00593,0.00030,0.00271,0.00632,0.00000,0.00185,0.01712
1413393317.105900764465332,0.00605,0.00027,0.00381,0.00629,0.00135,0.00219,0.01997
1413393317.155900239944458,0.00554,0.00020,0.00426,0.00553,0.00002,0.00158,0.01712
1413393317.205900192260742,0.00573,0.00034,0.00478,0.00541,0.00178,0.00169,0.01972
1413393317.255900144577026,0.00639,0.00032,0.00060,0.00564,0.00134,0.00234,0.01663
1413393317.305899381637573,0.00601,0.00030,0.00068,0.00547,0.00154,0.00176,0.01577
1413393317.355899572372437,0.00593,0.00030,0.00014,0.00584,0.00000,0.00159,0.01381
1413393317.405899524688721,0.00589,0.00029,0.00017,0.00557,0.00075,0.00252,0.01519
1413393317.455899477005005,0.00583,0.00028,0.00013,0.00587,0.00137,0.00191,0.01539
1413393317.505898237228394,0.00575,0.00032,0.00205,0.00514,0.00471,0.00156,0.01953
1413393317.555896520614624,0.00606,0.00030,0.00004,0.00687,0.00005,0.00257,0.01588
1413393317.605896472930908,0.00555,0.00032,0.00270,0.00577,0.00119,0.00173,0.01726
1413393317.655896902084351,0.00622,0.00020,0.00142,0.00569,0.00062,0.00188,0.01603
1413393317.705896615982056,0.00793,0.00044,0.00544,0.00856,0.00044,0.00247,0.02529
1413393317.755897045135498,0.00571,0.00022,0.00382,0.00530,0.00133,0.00176,0.01814
1413393317.805896282196045,0.00618,0.00035,0.00815,0.00550,0.00120,0.00158,0.02297
1413393317.855897426605225,0.00622,0.00031,0.00097,0.00898,0.00050,0.00253,0.01951
1413393317.905898809432983,0.00535,0.00027,0.00024,0.00568,0.00061,0.00147,0.01363
1413393317.955898046493530,0.00556,0.00027,0.00009,0.00573,0.00001,0.00201,0.01367
1413393318.005898237228394,0.00659,0.00038,0.00067,0.00966,0.00000,0.00307,0.02037
1413393318.055897712707520,0.00566,0.00024,0.00065,0.00545,0.00014,0.00203,0.01416
1413393318.105899095535278,0.00567,0.00027,0.00014,0.00524,0.00098,0.00180,0.01411
1413393318.155899286270142,0.00542,0.00019,0.00093,0.00517,0.00004,0.00173,0.01349
1413393318.205899000167847,0.00433,0.00027,0.00170,0.00544,0.00290,0.00192,0.01657
1413393318.255899190902710,0.00466,0.00024,0.00481,0.00559,0.00001,0.00195,0.01725
1413393318.305899143218994,0.00705,0.00046,0.00038,0.01050,0.00207,0.00322,0.02368
1413393318.355899333953857,0.00641,0.00025,0.00068,0.00533,0.00176,0.00189,0.01632
1413393318.405899286270142,0.00662,0.00036,0.00548,0.00546,0.00022,0.00181,0.01995
1413393318.455899477005005,0.00699,0.00048,0.00375,0.00867,0.00035,0.00324,0.02348
1413393318.505899667739868,0.00593,0.00031,0.00074,0.00536,0.00001,0.00171,0.01405
1413393318.555899620056152,0.00747,0.00036,0.00167,0.00451,0.00000,0.00186,0.01588
1413393318.605900049209595,0.00675,0.00046,0.00039,0.00766,0.00714,0.00273,0.02514
1413393318.655900239944458,0.00594,0.00034,0.00008,0.00521,0.00183,0.00170,0.01510
1413393318.705900430679321,0.00590,0.00020,0.00027,0.00501,0.00033,0.00259,0.01430
1413393318.755900621414185,0.00594,0.00035,0.00041,0.00508,0.00021,0.00197,0.01396
1413393318.805900812149048,0.00622,0.00034,0.00071,0.00473,0.00059,0.00238,0.01497
1413393318.855900764465332,0.00599,0.00037,0.00178,0.00498,0.00305,0.00186,0.01803
1413393318.905900478363037,0.00507,0.00028,0.00081,0.00577,0.00080,0.00208,0.01480
1413393318.955899715423584,0.00515,0.00021,0.00822,0.00560,0.00020,0.00169,0.02107
1413393319.005899906158447,0.00692,0.00020,0.00431,0.00558,0.00021,0.00153,0.01876
1413393319.055901765823364,0.00707,0.00056,0.00191,0.01011,0.00036,0.00322,0.02324
1413393319.105903625488281,0.00691,0.00051,0.00714,0.00959,0.00228,0.00302,0.02944
1413393319.155905485153198,0.00669,0.00052,0.00040,0.01116,0.00000,0.00309,0.02186
1413393319.205906152725220,0.00637,0.00053,0.00152,0.01111,0.00001,0.00274,0.02229
1413393319.255906105041504,0.00630,0.00020,0.00019,0.00569,0.00000,0.00188,0.01426
1413393319.305906534194946,0.00576,0.00021,0.00014,0.00541,0.00000,0.00178,0.01329
1413393319.355906963348389,0.00588,0.00048,0.00037,0.00524,0.00001,0.00188,0.01385
1413393319.405907154083252,0.00709,0.00060,0.00014,0.00819,0.00006,0.00354,0.01961
1413393319.455906867980957,0.00684,0.00039,0.00228,0.00713,0.00267,0.00344,0.02275
1413393319.505906581878662,0.00990,0.00041,0.00205,0.00648,0.00043,0.00234,0.02161
1413393319.555907487869263,0.00646,0.00027,0.00711,0.00419,0.00683,0.00142,0.02629
1413393319.605907917022705,0.00669,0.00039,0.00251,0.00509,0.00020,0.00220,0.01708
1413393319.655907869338989,0.00735,0.00021,0.00065,0.00500,0.00020,0.00203,0.01545
1413393319.705908060073853,0.00605,0.00020,0.00105,0.00452,0.00100,0.00164,0.01446
1413393319.755907297134399,0.00742,0.00022,0.00065,0.00458,0.00001,0.00215,0.01504
1413393319.805905818939209,0.00723,0.00033,0.00019,0.00469,0.00000,0.00253,0.01497
1413393319.855904340744019,0.00614,0.00020,0.00065,0.00396,0.00001,0.00217,0.01312
1413393319.905903100967407,0.00577,0.00019,0.00041,0.00349,0.00000,0.00206,0.01192
1413393319.955902099609375,0.00873,0.00043,0.00255,0.00506,0.00021,0.00352,0.02050
1413393320.005901813507080,0.00740,0.00027,0.00076,0.00304,0.00014,0.00219,0.01380
1413393320.055905580520630,0.00639,0.00046,0.00140,0.00277,0.00435,0.00192,0.01729
1413393320.105905294418335,0.00736,0.00041,0.00159,0.00457,0.00111,0.00332,0.01836
1413393320.155904531478882,0.00710,0.00035,0.00056,0.00264,0.00394,0.00210,0.01669
1413393320.205902814865112,0.00596,0.00028,0.00200,0.00247,0.00632,0.00206,0.01909
1413393320.255903005599976,0.00819,0.00021,0.00059,0.00292,0.00013,0.00202,0.01407
1413393320.305903673171997,0.00593,0.00020,0.00161,0.00189,0.00100,0.00210,0.01273
1413393320.355904102325439,0.00754,0.00026,0.00036,0.00255,0.00012,0.00189,0.01272
1413393320.405904531478882,0.00968,0.00032,0.00074,0.00349,0.00003,0.00286,0.01712
1413393320.455904483795166,0.00655,0.00020,0.00015,0.00240,0.00000,0.00225,0.01155
1413393320.505903244018555,0.00586,0.00020,0.00034,0.00194,0.00537,0.00226,0.01597
1413393320.555902719497681,0.00587,0.00034,0.00067,0.00263,0.00389,0.00201,0.01541
1413393320.605904102325439,0.00620,0.00047,0.00037,0.00314,0.00001,0.00231,0.01250
1413393320.655904293060303,0.00630,0.00028,0.00107,0.00301,0.00077,0.00387,0.01530
1413393320.705902099609375,0.00820,0.00035,0.00290,0.00374,0.00369,0.00352,0.02240
1413393320.755902051925659,0.00732,0.00036,0.00343,0.00095,0.00000,0.00377,0.01583
1413393320.805904388427734,0.03181,0.00033,0.00569,0.00010,0.00258,0.00171,0.04223
1413393320.855902910232544,0.01087,0.00030,0.00028,0.00021,0.00001,0.00534,0.01702
1413393320.905904293060303,0.02222,0.00017,0.00069,0.00008,0.00011,0.00168,0.02495
1413393320.955904483795166,0.00883,0.00022,0.00031,0.00006,0.00131,0.00210,0.01285
1413393321.005904912948608,0.00704,0.00016,0.00010,0.00007,0.00013,0.00192,0.00941
1413393321.055905103683472,0.00614,0.00023,0.00014,0.00011,0.00000,0.00256,0.00918
1413393321.105905055999756,0.00907,0.00016,0.00050,0.00006,0.00000,0.00193,0.01173
1413393321.155905008316040,0.00925,0.00027,0.00025,0.00003,0.00040,0.00285,0.01305
1413393321.205905675888062,0.00688,0.00017,0.00040,0.00000,0.00001,0.00191,0.00937
1413393321.255905628204346,0.00687,0.00023,0.00026,0.00000,0.00000,0.00220,0.00956
1413393321.305905580520630,0.00652,0.00014,0.00026,0.00000,0.00009,0.00186,0.00889
1413393321.355905771255493,0.00596,0.00022,0.00019,0.00000,0.00101,0.00222,0.00959
1413393321.405906438827515,0.00738,0.00016,0.00007,0.00000,0.00289,0.00211,0.01262
1413393321.455906391143799,0.00592,0.00018,0.00002,0.00007,0.00012,0.00211,0.00843
1413393321.505905866622925,0.00585,0.00023,0.00002,0.00013,0.00378,0.00198,0.01198
1413393321.555905342102051,0.00603,0.00029,0.00002,0.00027,0.00245,0.00225,0.01132
1413393321.605905294418335,0.00735,0.00036,0.00002,0.00049,0.00000,0.00422,0.01245
1413393321.655905008316040,0.00624,0.00023,0.00001,0.00025,0.00052,0.00220,0.00945
1413393321.705904722213745,0.00611,0.00017,0.00002,0.00025,0.00171,0.00198,0.01025
1413393321.755904436111450,0.00699,0.00025,0.00002,0.00040,0.00022,0.00302,0.01091
1413393321.805904388427734,0.00629,0.00024,0.00002,0.00037,0.00041,0.00227,0.00961
1413393321.855904340744019,0.00532,0.00023,0.00002,0.00038,0.00000,0.00255,0.00849
1413393321.905904293060303,0.00554,0.00014,0.00001,0.00022,0.00004,0.00192,0.00788
1413393321.955904006958008,0.00582,0.00016,0.00002,0.00023,0.00147,0.00225,0.00996
1413393322.005903959274292,0.00577,0.00025,0.00002,0.00042,0.00223,0.00201,0.01071
1413393322.055903911590576,0.00640,0.00026,0.00002,0.00050,0.00005,0.00314,0.01037
1413393322.105904102325439,0.00619,0.00025,0.00002,0.00049,0.00238,0.00202,0.01136
1413393322.155904054641724,0.00543,0.00025,0.00002,0.00055,0.00060,0.00250,0.00935
1413393322.205904006958008,0.00637,0.00029,0.00002,0.00071,0.00000,0.00295,0.01033
1413393322.255904197692871,0.00617,0.00026,0.00002,0.00058,0.00017,0.00232,0.00952
1413393322.305904150009155,0.00571,0.00025,0.00002,0.00061,0.00086,0.00195,0.00941
1413393322.355904340744019,0.00643,0.00024,0.00002,0.00059,0.00010,0.00307,0.01045
1413393322.405904293060303,0.00585,0.00016,0.00001,0.00038,0.00022,0.00198,0.00861
1413393322.455904245376587,0.00578,0.00026,0.00002,0.00062,0.00000,0.00228,0.00896
1413393322.505904197692871,0.00658,0.00032,0.00002,0.00075,0.00006,0.00298,0.01072
1413393322.555904150009155,0.00604,0.00018,0.00002,0.00038,0.00150,0.00246,0.01057
1413393322.605904340744019,0.00554,0.00026,0.00002,0.00061,0.00153,0.00199,0.00996
1413393322.655904293060303,0.00582,0.00024,0.00002,0.00063,0.00006,0.00314,0.00991
1413393322.705904245376587,0.00596,0.00020,0.00002,0.00038,0.00108,0.00218,0.00983
1413393322.755904197692871,0.00579,0.00018,0.00001,0.00040,0.00038,0.00227,0.00904
1413393322.805904150009155,0.00658,0.00024,0.00001,0.00061,0.00000,0.00296,0.01041
1413393322.855904340744019,0.00605,0.00017,0.00001,0.00038,0.00016,0.00223,0.00900
1413393322.905904293060303,0.00582,0.00024,0.00002,0.00056,0.00125,0.00215,0.01004
1413393322.955904245376587,0.00665,0.00027,0.00002,0.00053,0.00008,0.00293,0.01047
1413393323.005904197692871,0.00590,0.00016,0.00001,0.00038,0.00018,0.00197,0.00861
1413393323.055904150009155,0.00586,0.00027,0.00002,0.00063,0.00000,0.00231,0.00910
1413393323.105904340744019,0.00692,0.00032,0.00002,0.00074,0.00007,0.00431,0.01238
1413393323.155904293060303,0.00567,0.00016,0.00002,0.00036,0.00151,0.00222,0.00993
1413393323.205904245376587,0.00536,0.00024,0.00002,0.00056,0.00132,0.00179,0.00929
1413393323.255904197692871,0.00688,0.00032,0.00002,0.00064,0.00006,0.00400,0.01192
1413393323.305904150009155,0.00547,0.00017,0.00002,0.00038,0.00108,0.00198,0.00910
1413393323.355904340744019,0.00535,0.00016,0.00001,0.00040,0.00038,0.00231,0.00862
1413393323.405904293060303,0.00618,0.00015,0.00001,0.00037,0.00000,0.00193,0.00864
1413393323.455904245376587,0.00552,0.00016,0.00001,0.00038,0.00017,0.00225,0.00850
1413393323.505904197692871,0.00595,0.00025,0.00002,0.00061,0.00144,0.00198,0.01026
1413393323.555904150009155,0.00711,0.00029,0.00002,0.00064,0.00008,0.00309,0.01124
1413393323.605904340744019,0.00492,0.00018,0.00008,0.00037,0.00018,0.00215,0.00788
1413393323.655904293060303,0.00473,0.00017,0.00007,0.00038,0.00000,0.00226,0.00761
1413393323.705904245376587,0.00588,0.00017,0.00001,0.00036,0.00004,0.00188,0.00834
1413393323.755904197692871,0.00599,0.00026,0.00005,0.00065,0.00155,0.00197,0.01047
1413393323.805904150009155,0.00647,0.00018,0.00002,0.00041,0.00095,0.00255,0.01058
1413393323.855904340744019,0.00726,0.00030,0.00002,0.00079,0.00008,0.00339,0.01185
1413393323.905904293060303,0.00634,0.00016,0.00002,0.00039,0.00108,0.00198,0.00997
1413393323.955904245376587,0.00598,0.00017,0.00001,0.00038,0.00035,0.00223,0.00912
1413393324.005904197692871,0.00586,0.00024,0.00001,0.00062,0.00000,0.00293,0.00966
1413393324.055904388427734,0.00550,0.00025,0.00002,0.00063,0.00027,0.00244,0.00911
1413393324.105904579162598,0.00508,0.00016,0.00002,0.00040,0.00077,0.00196,0.00839
1413393324.155904531478882,0.00538,0.00015,0.00001,0.00037,0.00005,0.00206,0.00801
1413393324.205904483795166,0.00600,0.00018,0.00002,0.00038,0.00018,0.00210,0.00886
1413393324.255904436111450,0.00568,0.00017,0.00002,0.00038,0.00144,0.00225,0.00993
1413393324.305904388427734,0.00684,0.00033,0.00014,0.00093,0.00006,0.00421,0.01252
1413393324.355904579162598,0.00708,0.00019,0.00010,0.00044,0.00113,0.00235,0.01130
1413393324.405904531478882,0.00554,0.00017,0.00002,0.00043,0.00088,0.00199,0.00904
1413393324.455904483795166,0.00543,0.00014,0.00004,0.00042,0.00000,0.00201,0.00805
1413393324.505904436111450,0.00600,0.00016,0.00012,0.00043,0.00101,0.00192,0.00964
1413393324.555904388427734,0.00795,0.00025,0.00015,0.00063,0.00028,0.00191,0.01116
1413393324.605904579162598,0.00837,0.00015,0.00028,0.00042,0.00000,0.00182,0.01103
1413393324.655904531478882,0.01024,0.00016,0.00019,0.00041,0.00012,0.00213,0.01325
1413393324.705904483795166,0.00719,0.00018,0.00023,0.00040,0.00042,0.00193,0.01036
1413393324.755904436111450,0.00923,0.00025,0.00024,0.00069,0.00004,0.00262,0.01307
1413393324.805904388427734,0.00901,0.00017,0.00029,0.00043,0.00007,0.00232,0.01229
1413393324.855904579162598,0.00834,0.00018,0.00016,0.00042,0.00034,0.00216,0.01160
1413393324.905904531478882,0.00707,0.00016,0.00040,0.00039,0.00000,0.00173,0.00974
1413393324.955904722213745,0.00895,0.00017,0.00022,0.00044,0.00041,0.00218,0.01236
1413393325.005904674530029,0.00771,0.00017,0.00004,0.00045,0.00085,0.00239,0.01161
1413393325.055904626846313,0.01028,0.00034,0.00070,0.00085,0.00000,0.00284,0.01502
1413393325.105904817581177,0.00994,0.00016,0.00018,0.00044,0.00224,0.00154,0.01450
1413393325.155904769897461,0.00799,0.00017,0.00006,0.00056,0.00003,0.00165,0.01045
1413393325.205904722213745,0.00739,0.00031,0.00002,0.00096,0.00018,0.00335,0.01222
1413393325.255904674530029,0.00683,0.00027,0.00010,0.00094,0.00040,0.00236,0.01090
1413393325.305904626846313,0.01487,0.00017,0.00089,0.00052,0.00030,0.00186,0.01861
1413393325.355904579162598,0.01088,0.00015,0.00021,0.00052,0.00002,0.00196,0.01375
1413393325.405904769897461,0.00847,0.00017,0.00001,0.00058,0.00004,0.00192,0.01120
1413393325.455904722213745,0.00668,0.00018,0.00002,0.00055,0.00029,0.00227,0.01000
1413393325.505904674530029,0.00604,0.00015,0.00004,0.00053,0.00008,0.00190,0.00874
1413393325.555904865264893,0.00584,0.00025,0.00002,0.00090,0.00067,0.00237,0.01007
1413393325.605905055999756,0.00554,0.00024,0.00003,0.00084,0.00061,0.00187,0.00913
1413393325.655905008316040,0.00592,0.00041,0.00003,0.00128,0.00380,0.00306,0.01451
1413393325.705904960632324,0.00563,0.00024,0.00002,0.00078,0.00121,0.00195,0.00984
1413393325.755904674530029,0.00572,0.00025,0.00002,0.00108,0.00006,0.00277,0.00989
1413393325.805904626846313,0.00547,0.00015,0.00001,0.00074,0.00011,0.00192,0.00840
1413393325.855904817581177,0.00546,0.00024,0.00002,0.00111,0.00019,0.00245,0.00947
1413393325.905904769897461,0.00545,0.00024,0.00002,0.00112,0.00079,0.00204,0.00967
1413393325.955904722213745,0.00583,0.00033,0.00003,0.00113,0.00095,0.00316,0.01143
1413393326.005904674530029,0.00587,0.00024,0.00002,0.00111,0.00006,0.00247,0.00976
1413393326.055904626846313,0.00551,0.00024,0.00002,0.00111,0.00042,0.00230,0.00961
1413393326.105904817581177,0.00581,0.00031,0.00002,0.00116,0.00014,0.00265,0.01008
1413393326.155904769897461,0.00587,0.00029,0.00003,0.00122,0.00061,0.00279,0.01081
