# timestamp(s) tx ty tz qx qy qz qw Pr11 Pr12 Pr13 Pr22 Pr23 Pr33 Pt11 Pt12 Pt13 Pt22 Pt23 Pt33
1403638148.15032 0.059503 -0.015480 0.097825 0.818720 0.005278 0.574142 0.005467 0.0008038267 0.0000119347 -0.0002625278 0.0001414941 0.0000158892 0.0001630455 0.0028975708 0.0000686939 0.0001145164 0.0026582026 0.0000114648 0.0027673562
1403638148.20861 0.043317 -0.024376 0.112806 0.824997 0.004525 0.564982 0.012435 0.0004536044 -0.0000069817 -0.0001606390 0.0000622042 0.0000034919 0.0000991982 0.0026550418 0.0000356618 -0.0000226658 0.0025900457 0.0000084374 0.0025717244
1403638148.25880 0.054530 -0.025520 0.143697 0.825386 0.005907 0.564382 0.013261 0.0004511151 -0.0000056730 -0.0001743168 0.0000621844 0.0000048869 0.0001106716 0.0026406119 0.0000332447 -0.0000158633 0.0025730810 0.0000087762 0.0025670938
1403638148.30903 0.067076 -0.023389 0.170181 0.825615 0.008201 0.564002 0.013918 0.0004559654 -0.0000031827 -0.0001788214 0.0000659843 0.0000082218 0.0001122693 0.0026309910 0.0000317670 -0.0000128071 0.0025593565 0.0000053528 0.0025694862
1403638148.35522 0.085245 -0.014064 0.201626 0.824516 0.006708 0.565668 0.012141 0.0004626964 -0.0000007750 -0.0001808384 0.0000657855 0.0000046990 0.0001048247 0.0026174486 0.0000235853 -0.0000113981 0.0025455813 0.0000010578 0.0025714848
1403638148.40614 0.096043 -0.012215 0.225457 0.824825 0.009067 0.565163 0.013145 0.0004693692 -0.0000018186 -0.0001842696 0.0000677766 0.0000099061 0.0001018536 0.0026094470 0.0000192814 -0.0000072803 0.0025400492 -0.0000016196 0.0025708823
1403638148.45614 0.108974 -0.007628 0.248757 0.826482 0.010878 0.562694 0.013562 0.0004760074 -0.0000005306 -0.0001893031 0.0000747115 0.0000103142 0.0001076462 0.0026063739 0.0000155344 -0.0000039915 0.0025380774 -0.0000018641 0.0025752106
1403638148.50626 0.121427 -0.002643 0.264531 0.829334 0.013263 0.558391 0.015124 0.0004797815 0.0000002152 -0.0001970673 0.0000781514 0.0000134606 0.0001149086 0.0026061686 0.0000113232 -0.0000008093 0.0025373939 -0.0000023597 0.0025792253
1403638148.55318 0.137206 0.004435 0.276150 0.830458 0.005919 0.556719 0.019189 0.0003743890 0.0000198075 -0.0001421082 0.0000650323 0.0000062952 0.0000787646 0.0026030384 0.0000073963 0.0000018786 0.0025379825 -0.0000027336 0.0025794353
1403638148.60002 0.147417 0.006430 0.280399 0.830339 0.013548 0.556967 0.011913 0.0003548703 0.0000152607 -0.0001370439 0.0000480236 0.0000018052 0.0000763529 0.0026096684 0.0000058333 0.0000055977 0.0025408306 -0.0000032770 0.0025808829
1403638148.64944 0.157340 0.010939 0.280671 0.831402 0.014584 0.555353 0.011904 0.0003552284 0.0000150334 -0.0001355360 0.0000444818 -0.0000004381 0.0000752359 0.0026190234 0.0000049322 0.0000086885 0.0025447594 -0.0000034891 0.0025855716
1403638148.69991 0.163751 0.014934 0.278236 0.831238 0.015349 0.555617 0.009883 0.0003534997 0.0000134259 -0.0001358572 0.0000350944 -0.0000031731 0.0000751445 0.0026246058 0.0000028931 0.0000109344 0.0025501618 -0.0000039175 0.0025899744
1403638148.74977 0.173069 0.019956 0.276400 0.831817 0.015835 0.554756 0.008651 0.0003539418 0.0000120913 -0.0001346401 0.0000290093 -0.0000041664 0.0000742716 0.0026324915 0.0000010802 0.0000134545 0.0025567841 -0.0000041942 0.0025954916
1403638148.79978 0.183312 0.025412 0.276620 0.832481 0.016235 0.553761 0.007756 0.0003541358 0.0000115977 -0.0001343088 0.0000251412 -0.0000047952 0.0000742778 0.0026412388 -0.0000008966 0.0000159779 0.0025658537 -0.0000042542 0.0026016274
1403638148.84965 0.195507 0.031743 0.279833 0.832836 0.017070 0.553216 0.006746 0.0003547331 0.0000110052 -0.0001338471 0.0000237076 -0.0000049810 0.0000742433 0.0026547066 -0.0000032728 0.0000197040 0.0025775835 -0.0000041824 0.0026085328
1403638148.89715 0.194983 0.037006 0.281072 0.831234 0.017622 0.555608 0.006265 0.0003546962 0.0000110356 -0.0001341597 0.0000206741 -0.0000054397 0.0000738252 0.0026611891 -0.0000068680 0.0000216991 0.0025894309 -0.0000084167 0.0026073038
1403638148.94644 0.203639 0.036836 0.285095 0.829697 0.017817 0.557921 0.003173 0.0003492820 0.0000126241 -0.0001379463 0.0000128296 -0.0000036517 0.0000656138 0.0026333906 0.0000148723 0.0000064512 0.0025659937 -0.0000026003 0.0026041760
1403638148.99640 0.216193 0.043576 0.295768 0.828609 0.018661 0.559511 0.002523 0.0003513118 0.0000111509 -0.0001358188 0.0000128081 -0.0000030346 0.0000638752 0.0026430871 0.0000167843 0.0000078755 0.0025737518 -0.0000023294 0.0026098771
1403638149.04646 0.229251 0.050966 0.310479 0.826605 0.019370 0.562445 0.002018 0.0003533412 0.0000112726 -0.0001335734 0.0000130418 -0.0000030244 0.0000621475 0.0026553169 0.0000181922 0.0000097297 0.0025842771 -0.0000018990 0.0026164406
1403638149.09722 0.237048 0.060248 0.336151 0.825417 0.020100 0.564162 0.001968 0.0003550329 0.0000115317 -0.0001316498 0.0000128598 -0.0000033106 0.0000603684 0.0026495170 0.0000146245 0.0000194943 0.0025946680 -0.0000023167 0.0026104819
1403638149.14726 0.252139 0.068733 0.356222 0.823965 0.020611 0.566263 0.001776 0.0003561217 0.0000117107 -0.0001304837 0.0000131757 -0.0000033958 0.0000596101 0.0026642309 0.0000155999 0.0000230012 0.0026085379 -0.0000018765 0.0026170888
1403638149.19724 0.267212 0.077438 0.375931 0.823061 0.020590 0.567578 0.001429 0.0003572344 0.0000115899 -0.0001293653 0.0000134055 -0.0000034110 0.0000588525 0.0026802797 0.0000163764 0.0000267506 0.0026250410 -0.0000012909 0.0026239792
1403638149.24728 0.282192 0.086218 0.394637 0.822271 0.020299 0.568734 0.000723 0.0003582920 0.0000110990 -0.0001283567 0.0000135443 -0.0000033063 0.0000581576 0.0026981405 0.0000169811 0.0000310736 0.0026433439 -0.0000007581 0.0026316700
1403638149.29691 0.311805 0.099755 0.422259 -0.822290 -0.019280 -0.568742 0.000218 0.0003589475 0.0000096897 -0.0001279052 0.0000134805 -0.0000029407 0.0000577130 0.0027117404 0.0000147850 0.0000326247 0.0026611468 -0.0000015662 0.0026373205
1403638149.34671 0.327325 0.103626 0.441404 -0.821575 -0.018796 -0.569786 0.001989 0.0003592422 0.0000091027 -0.0001276773 0.0000132479 -0.0000029473 0.0000572559 0.0027321541 0.0000120374 0.0000372894 0.0026813329 -0.0000000073 0.0026451506
1403638149.39663 0.341591 0.110422 0.458763 -0.820840 -0.018895 -0.570841 0.002229 0.0003600054 0.0000085289 -0.0001269529 0.0000129951 -0.0000028789 0.0000565611 0.0027525930 0.0000109575 0.0000424098 0.0027012433 0.0000007806 0.0026543499
1403638149.44656 0.355436 0.116408 0.474793 -0.820379 -0.018776 -0.571505 0.002819 0.0003604898 0.0000080135 -0.0001265397 0.0000127272 -0.0000028009 0.0000560174 0.0027738318 0.0000090564 0.0000474770 0.0027194318 0.0000012624 0.0026640908
1403638149.49611 0.367811 0.120803 0.494051 -0.819823 -0.019428 -0.572281 0.002644 0.0003608609 0.0000082043 -0.0001261243 0.0000123913 -0.0000030270 0.0000552554 0.0027940172 0.0000059599 0.0000521991 0.0027327755 0.0000021503 0.0026733872
1403638149.54514 0.404237 0.113645 0.522111 -0.819987 -0.020337 -0.572003 0.004621 0.0003593910 0.0000086106 -0.0001269500 0.0000092032 -0.0000023500 0.0000538893 0.0027379625 0.0000161662 0.0000502232 0.0026998050 0.0000070632 0.0026699770
1403638149.59463 0.404385 0.110287 0.535508 -0.819122 -0.021695 -0.573182 0.005569 0.0003585443 0.0000075767 -0.0001275999 0.0000085026 -0.0000021682 0.0000539519 0.0027299892 0.0000068355 0.0000558065 0.0027052610 0.0000067617 0.0026759465
1403638149.64439 0.413514 0.115097 0.544717 -0.818910 -0.023705 -0.573393 0.006729 0.0003584476 0.0000074484 -0.0001273534 0.0000080137 -0.0000019843 0.0000530744 0.0027275252 0.0000162116 0.0000573988 0.0026928368 0.0000042624 0.0026795562
1403638149.69420 0.421377 0.118625 0.551149 -0.818334 -0.026484 -0.574059 0.009157 0.0003585192 0.0000072429 -0.0001270502 0.0000077147 -0.0000019491 0.0000525391 0.0027271589 0.0000175446 0.0000569186 0.0026923057 0.0000017835 0.0026809184
1403638149.74467 0.429074 0.120458 0.554415 -0.817872 -0.029528 -0.574538 0.010938 0.0003586091 0.0000075617 -0.0001267191 0.0000075592 -0.0000021315 0.0000519930 0.0027215854 0.0000145127 0.0000476928 0.0026873902 -0.0000055538 0.0026724669
1403638149.79468 0.437914 0.125980 0.557143 -0.817790 -0.031802 -0.574489 0.013096 0.0003584113 0.0000070538 -0.0001267859 0.0000074022 -0.0000020149 0.0000518921 0.0027158799 0.0000153881 0.0000395888 0.0026872460 -0.0000091357 0.0026667290
1403638149.84497 0.445499 0.129326 0.557454 -0.817789 -0.034156 -0.574311 0.014863 0.0003581294 0.0000071167 -0.0001269654 0.0000073233 -0.0000020811 0.0000518723 0.0027082746 0.0000146319 0.0000295562 0.0026845038 -0.0000138978 0.0026587641
1403638149.89553 0.449176 0.128021 0.553787 -0.817039 -0.035602 -0.575230 0.017023 0.0003581844 0.0000065622 -0.0001265557 0.0000071598 -0.0000019786 0.0000512807 0.0026949058 0.0000106182 0.0000164307 0.0026734240 -0.0000177114 0.0026473282
1403638149.94573 0.455921 0.133067 0.551714 -0.817118 -0.037477 -0.574975 0.017846 0.0003580300 0.0000065705 -0.0001265748 0.0000070845 -0.0000020206 0.0000511939 0.0026880113 0.0000119049 0.0000084023 0.0026708810 -0.0000195628 0.0026406496
1403638149.99561 0.463171 0.139554 0.549071 -0.816972 -0.039654 -0.575037 0.017798 0.0003579166 0.0000074876 -0.0001265409 0.0000070073 -0.0000023480 0.0000510756 0.0026830428 0.0000121174 0.0000023693 0.0026694855 -0.0000208192 0.0026361542
1403638150.04561 0.470286 0.147343 0.544720 -0.816515 -0.042911 -0.575531 0.015000 0.0003579506 0.0000105433 -0.0001261711 0.0000070338 -0.0000034324 0.0000507272 0.0026791149 0.0000119634 -0.0000019610 0.0026703268 -0.0000216610 0.0026328852
1403638150.09544 0.477730 0.154987 0.539181 -0.816342 -0.046307 -0.575583 0.012086 0.0003576079 0.0000137705 -0.0001261447 0.0000070873 -0.0000046242 0.0000506716 0.0026754406 0.0000108943 -0.0000049046 0.0026716747 -0.0000222213 0.0026308977
1403638150.14569 0.487003 0.163650 0.532827 -0.816208 -0.049897 -0.575536 0.008498 0.0003571282 0.0000173481 -0.0001260551 0.0000071886 -0.0000059601 0.0000505755 0.0026702158 0.0000091919 -0.0000074176 0.0026720872 -0.0000224553 0.0026292990
1403638150.19576 0.495265 0.174178 0.525048 -0.816017 -0.052702 -0.575595 0.005358 0.0003566648 0.0000203348 -0.0001259930 0.0000073290 -0.0000070651 0.0000505274 0.0026674193 0.0000068025 -0.0000081801 0.0026753390 -0.0000225832 0.0026286713
1403638150.24520 0.503612 0.184772 0.516526 -0.815446 -0.055309 -0.576180 0.002315 0.0003564158 0.0000232453 -0.0001255646 0.0000074854 -0.0000081450 0.0000501612 0.0026654682 0.0000033101 -0.0000082580 0.0026774127 -0.0000229235 0.0026283782
1403638150.29567 0.510877 0.196814 0.506456 -0.816789 -0.055424 -0.574263 0.002500 0.0003551890 0.0000229318 -0.0001268974 0.0000073089 -0.0000081832 0.0000512030 0.0026631826 -0.0000001711 -0.0000088684 0.0026787579 -0.0000225339 0.0026274686
1403638150.34598 0.517840 0.210472 0.495011 -0.818506 -0.055461 -0.571809 0.002551 0.0003535471 0.0000226954 -0.0001287183 0.0000071704 -0.0000082901 0.0000526762 0.0026608920 -0.0000044922 -0.0000097526 0.0026795545 -0.0000223033 0.0026263653
1403638150.39648 0.524097 0.223877 0.484124 -0.821165 -0.054973 -0.568009 0.005647 0.0003513587 0.0000203656 -0.0001314895 0.0000068048 -0.0000076653 0.0000549887 0.0026588427 -0.0000095450 -0.0000108705 0.0026792969 -0.0000220768 0.0026252280
1403638150.44648 0.531196 0.238677 0.474148 -0.824809 -0.054560 -0.562662 0.011182 0.0003482739 0.0000164829 -0.0001353184 0.0000063419 -0.0000064589 0.0000583550 0.0026573933 -0.0000146444 -0.0000123158 0.0026789531 -0.0000217258 0.0026233798
1403638150.49646 0.539295 0.255012 0.466844 -0.826939 -0.055433 -0.559297 0.016921 0.0003463712 0.0000131239 -0.0001376112 0.0000060086 -0.0000052780 0.0000604426 0.0026582211 -0.0000193618 -0.0000132559 0.0026794289 -0.0000210836 0.0026215589
1403638150.54634 0.549619 0.273775 0.461788 -0.829080 -0.057914 -0.555723 0.021084 0.0003441318 0.0000113345 -0.0001399930 0.0000058395 -0.0000046921 0.0000627289 0.0026607150 -0.0000240044 -0.0000137730 0.0026817304 -0.0000202676 0.0026197911
1403638150.59633 0.561462 0.293767 0.460739 -0.830353 -0.060280 -0.553407 0.024915 0.0003427358 0.0000098024 -0.0001414568 0.0000057029 -0.0000041388 0.0000641638 0.0026649121 -0.0000293810 -0.0000140353 0.0026859228 -0.0000194664 0.0026186412
1403638150.64635 0.574423 0.314519 0.463098 -0.830814 -0.062592 -0.552281 0.028572 0.0003421463 0.0000084740 -0.0001421050 0.0000055834 -0.0000036190 0.0000647888 0.0026700946 -0.0000351978 -0.0000141106 0.0026912855 -0.0000185673 0.0026176967
1403638150.69632 0.588824 0.335664 0.467238 -0.830296 -0.064715 -0.552665 0.031323 0.0003425114 0.0000077224 -0.0001417959 0.0000054823 -0.0000032979 0.0000644345 0.0026757818 -0.0000413684 -0.0000140439 0.0026979651 -0.0000179181 0.0026171312
1403638150.74633 0.604722 0.358305 0.472601 -0.829797 -0.067726 -0.552931 0.033429 0.0003428168 0.0000076574 -0.0001415200 0.0000053990 -0.0000032587 0.0000641165 0.0026817679 -0.0000481955 -0.0000138836 0.0027061985 -0.0000176037 0.0026168884
1403638150.79632 0.622898 0.382156 0.479621 -0.828784 -0.071504 -0.553862 0.035222 0.0003434809 0.0000081710 -0.0001408626 0.0000053359 -0.0000034401 0.0000634155 0.0026887455 -0.0000560186 -0.0000135909 0.0027160880 -0.0000173656 0.0026167786
1403638150.84629 0.642151 0.406878 0.487337 -0.827317 -0.076279 -0.555257 0.037644 0.0003445036 0.0000087746 -0.0001398367 0.0000052810 -0.0000036359 0.0000623528 0.0026965988 -0.0000647270 -0.0000132127 0.0027269587 -0.0000171469 0.0026165965
1403638150.89634 0.662635 0.431913 0.494681 -0.825563 -0.080859 -0.557067 0.039786 0.0003458101 0.0000095158 -0.0001384933 0.0000052304 -0.0000038643 0.0000609936 0.0027052264 -0.0000740097 -0.0000128112 0.0027387513 -0.0000169463 0.0026161802
1403638150.94633 0.682612 0.457559 0.501058 -0.823574 -0.084783 -0.559295 0.041543 0.0003473012 0.0000102003 -0.0001369342 0.0000051955 -0.0000040572 0.0000594606 0.0027149478 -0.0000836967 -0.0000126176 0.0027518636 -0.0000169877 0.0026158612
1403638150.99628 0.703446 0.484147 0.505790 -0.820667 -0.088923 -0.562699 0.044373 0.0003496679 0.0000105631 -0.0001344186 0.0000051516 -0.0000040752 0.0000570758 0.0027258362 -0.0000939114 -0.0000124088 0.0027652373 -0.0000170552 0.0026153017
1403638151.04621 0.723511 0.510714 0.508585 -0.819730 -0.094366 -0.562966 0.046981 0.0003500012 0.0000112997 -0.0001340424 0.0000051462 -0.0000043318 0.0000567093 0.0027377451 -0.0001045095 -0.0000123915 0.0027794297 -0.0000172734 0.0026149118
1403638151.09617 0.742858 0.537692 0.510967 -0.817552 -0.101225 -0.564644 0.050390 0.0003511620 0.0000122632 -0.0001327265 0.0000051673 -0.0000046334 0.0000555046 0.0027506241 -0.0001156031 -0.0000124563 0.0027936394 -0.0000172187 0.0026138301
1403638151.14611 0.762666 0.565628 0.511589 -0.815264 -0.109697 -0.566009 0.054278 0.0003522053 0.0000136854 -0.0001314640 0.0000052375 -0.0000051057 0.0000543767 0.0027644906 -0.0001269587 -0.0000125816 0.0028078233 -0.0000171039 0.0026127172
1403638151.19588 0.777939 0.594113 0.510381 -0.813790 -0.119049 -0.565653 0.060076 0.0003521736 0.0000140065 -0.0001312676 0.0000052288 -0.0000052130 0.0000542024 0.0027741957 -0.0001401542 -0.0000103685 0.0028221930 -0.0000161635 0.0026107899
1403638151.24578 0.797659 0.624337 0.505717 -0.812997 -0.128409 -0.563956 0.067084 0.0003516493 0.0000136787 -0.0001319120 0.0000051762 -0.0000051197 0.0000547470 0.0027890098 -0.0001518901 -0.0000097516 0.0028346511 -0.0000158508 0.0026103657
1403638151.29578 0.818713 0.655003 0.499919 -0.811922 -0.137902 -0.562397 0.073994 0.0003511990 0.0000133900 -0.0001324458 0.0000051256 -0.0000050345 0.0000551983 0.0028051541 -0.0001658348 -0.0000091696 0.0028503892 -0.0000154197 0.0026102235
1403638151.34576 0.839302 0.687069 0.494078 -0.810734 -0.148127 -0.560547 0.080977 0.0003506335 0.0000132857 -0.0001330704 0.0000050886 -0.0000050247 0.0000557399 0.0028226743 -0.0001809548 -0.0000086973 0.0028676885 -0.0000148286 0.0026102636
1403638151.39578 0.858630 0.719240 0.490930 -0.808973 -0.157957 -0.559164 0.089152 0.0003505935 0.0000124244 -0.0001331810 0.0000049915 -0.0000046945 0.0000558057 0.0028420863 -0.0001969434 -0.0000082524 0.0028848503 -0.0000140855 0.0026102911
1403638151.44567 0.879173 0.754334 0.486934 -0.807267 -0.166994 -0.557566 0.097738 0.0003505772 0.0000109058 -0.0001333200 0.0000048509 -0.0000041111 0.0000558861 0.0028627943 -0.0002130783 -0.0000079694 0.0029021329 -0.0000134371 0.0026106678
1403638151.49557 0.897621 0.788659 0.486376 -0.805157 -0.177002 -0.556247 0.104796 0.0003505771 0.0000108094 -0.0001333154 0.0000047796 -0.0000040757 0.0000558318 0.0028856054 -0.0002305077 -0.0000078100 0.0029199044 -0.0000128261 0.0026111133
1403638151.54549 0.914811 0.823691 0.486244 -0.803093 -0.185516 -0.555093 0.111794 0.0003506762 0.0000101218 -0.0001332683 0.0000046908 -0.0000038026 0.0000557341 0.0029104003 -0.0002474695 -0.0000080348 0.0029373213 -0.0000123470 0.0026119813
1403638151.59530 0.931628 0.859837 0.487595 -0.801462 -0.193502 -0.553613 0.117168 0.0003504354 0.0000101002 -0.0001335528 0.0000046312 -0.0000037980 0.0000559285 0.0029369891 -0.0002644138 -0.0000084966 0.0029538417 -0.0000119955 0.0026130641
1403638151.64522 0.949346 0.896847 0.489417 -0.799474 -0.200043 -0.553082 0.122165 0.0003508320 0.0000098833 -0.0001331562 0.0000045431 -0.0000036902 0.0000554901 0.0029657630 -0.0002819723 -0.0000091493 0.0029702533 -0.0000115781 0.0026142973
1403638151.69514 0.966249 0.933556 0.493802 -0.797896 -0.205920 -0.552375 0.125863 0.0003508975 0.0000101386 -0.0001330957 0.0000044749 -0.0000037771 0.0000553421 0.0029967997 -0.0003006933 -0.0000100721 0.0029873331 -0.0000113278 0.0026157728
1403638151.74507 0.983188 0.970193 0.500596 -0.796811 -0.210691 -0.551507 0.128614 0.0003507126 0.0000104343 -0.0001333174 0.0000043916 -0.0000038936 0.0000554325 0.0030288900 -0.0003193432 -0.0000111614 0.0030034269 -0.0000110766 0.0026172834
1403638151.79502 1.000045 1.007505 0.508126 -0.796310 -0.214657 -0.550210 0.130699 0.0003502022 0.0000106756 -0.0001338930 0.0000042727 -0.0000040189 0.0000558234 0.0030616359 -0.0003385955 -0.0000122209 0.0030191850 -0.0000108844 0.0026188897
1403638151.84501 1.016542 1.043903 0.518636 -0.795710 -0.217534 -0.549458 0.132744 0.0003500301 0.0000105855 -0.0001341356 0.0000041389 -0.0000039980 0.0000559045 0.0030962415 -0.0003585484 -0.0000133961 0.0030348591 -0.0000106882 0.0026207168
1403638151.89500 1.032050 1.079906 0.530524 -0.795302 -0.219548 -0.548934 0.134033 0.0003498173 0.0000107017 -0.0001344064 0.0000039833 -0.0000040712 0.0000559941 0.0031302877 -0.0003786650 -0.0000143317 0.0030499855 -0.0000105292 0.0026224655
1403638151.94501 1.047860 1.116155 0.543604 -0.795016 -0.221887 -0.548465 0.133797 0.0003494284 0.0000117360 -0.0001347901 0.0000039084 -0.0000044997 0.0000562040 0.0031650155 -0.0003992667 -0.0000150228 0.0030646640 -0.0000102491 0.0026240865
1403638151.99501 1.059934 1.150224 0.557944 -0.794898 -0.223193 -0.547939 0.134479 0.0003491540 0.0000119811 -0.0001350994 0.0000037740 -0.0000046169 0.0000563264 0.0031994802 -0.0004211811 -0.0000150915 0.0030781461 -0.0000095110 0.0026250771
1403638152.04501 1.074079 1.186429 0.570773 -0.795072 -0.223471 -0.547420 0.135104 0.0003489552 0.0000114261 -0.0001354042 0.0000036076 -0.0000044287 0.0000564544 0.0032321418 -0.0004410483 -0.0000147274 0.0030891272 -0.0000087623 0.0026260576
1403638152.09501 1.087240 1.222753 0.584232 -0.795097 -0.223881 -0.547277 0.134853 0.0003486977 0.0000116316 -0.0001356471 0.0000034646 -0.0000045623 0.0000565276 0.0032623387 -0.0004653234 -0.0000113937 0.0031001365 -0.0000066103 0.0026250217
1403638152.14504 1.100988 1.259836 0.594522 -0.794767 -0.224405 -0.547633 0.134482 0.0003488421 0.0000121921 -0.0001354705 0.0000034161 -0.0000047863 0.0000562556 0.0032983493 -0.0004878894 -0.0000106220 0.0031123706 -0.0000055065 0.0026258034
1403638152.19503 1.114598 1.297676 0.603604 -0.794946 -0.224086 -0.547469 0.134628 0.0003487627 0.0000118707 -0.0001356127 0.0000033196 -0.0000046740 0.0000562767 0.0033361484 -0.0005113950 -0.0000096436 0.0031258824 -0.0000043799 0.0026263818
1403638152.24504 1.128120 1.335944 0.611216 -0.794575 -0.224729 -0.548041 0.133411 0.0003488568 0.0000129580 -0.0001354355 0.0000033318 -0.0000050996 0.0000560337 0.0033758395 -0.0005355300 -0.0000086584 0.0031399254 -0.0000031251 0.0026268674
1403638152.29505 1.141125 1.374256 0.617810 -0.794374 -0.225165 -0.548437 0.132237 0.0003488073 0.0000139173 -0.0001354061 0.0000033518 -0.0000054862 0.0000559363 0.0034171706 -0.0005604217 -0.0000074750 0.0031541003 -0.0000017654 0.0026270878
1403638152.34506 1.154541 1.414447 0.622925 -0.793920 -0.225529 -0.549394 0.130361 0.0003489983 0.0000153230 -0.0001350636 0.0000034168 -0.0000060241 0.0000555571 0.0034596775 -0.0005854773 -0.0000062213 0.0031684369 -0.0000004353 0.0026270838
1403638152.39508 1.167788 1.455218 0.626169 -0.794083 -0.225992 -0.549387 0.128584 0.0003485915 0.0000165285 -0.0001353629 0.0000034757 -0.0000065272 0.0000557848 0.0035054302 -0.0006122218 -0.0000047052 0.0031829904 0.0000010384 0.0026268635
1403638152.44511 1.181145 1.495847 0.626640 -0.794210 -0.225961 -0.549557 0.127121 0.0003483724 0.0000174211 -0.0001354983 0.0000035273 -0.0000068997 0.0000558753 0.0035543339 -0.0006391516 -0.0000035918 0.0031982097 0.0000023100 0.0026270632
1403638152.49513 1.191866 1.535573 0.626638 -0.794388 -0.226429 -0.549558 0.125152 0.0003478369 0.0000188244 -0.0001358640 0.0000036301 -0.0000074918 0.0000561897 0.0036032615 -0.0006671769 -0.0000017230 0.0032136781 0.0000039242 0.0026263087
1403638152.54512 1.202970 1.575426 0.622874 -0.794083 -0.226161 -0.550099 0.125198 0.0003482358 0.0000188656 -0.0001354415 0.0000035941 -0.0000074813 0.0000557406 0.0036537376 -0.0006928305 -0.0000007695 0.0032265258 0.0000049972 0.0026260495
1403638152.59513 1.213830 1.615972 0.618559 -0.794527 -0.225303 -0.549752 0.125451 0.0003480956 0.0000182494 -0.0001356905 0.0000034884 -0.0000072601 0.0000558989 0.0037052358 -0.0007192803 0.0000000958 0.0032393865 0.0000057949 0.0026255805
1403638152.64515 1.225127 1.656962 0.612337 -0.795818 -0.223927 -0.547961 0.127552 0.0003475282 0.0000159886 -0.0001365994 0.0000032276 -0.0000064260 0.0000566490 0.0037596186 -0.0007461026 0.0000007645 0.0032513599 0.0000062458 0.0026251469
1403638152.69524 1.234928 1.697350 0.609426 -0.796405 -0.223241 -0.546617 0.130817 0.0003471924 0.0000135151 -0.0001372132 0.0000029573 -0.0000054858 0.0000571168 0.0038140191 -0.0007753626 0.0000026106 0.0032621398 0.0000066970 0.0026230520
1403638152.74520 1.247503 1.741394 0.606168 -0.795917 -0.224716 -0.546074 0.133498 0.0003474756 0.0000124541 -0.0001370419 0.0000028489 -0.0000050492 0.0000568891 0.0038720811 -0.0008023404 0.0000029506 0.0032748496 0.0000073236 0.0026231121
1403638152.79516 1.260504 1.786147 0.605875 -0.794648 -0.225928 -0.546169 0.138527 0.0003485009 0.0000101195 -0.0001361718 0.0000026664 -0.0000040803 0.0000559962 0.0039369095 -0.0008333429 0.0000032647 0.0032905062 0.0000080740 0.0026234566
1403638152.84515 1.274021 1.832527 0.608013 -0.793152 -0.228320 -0.546044 0.143582 0.0003493639 0.0000082516 -0.0001354005 0.0000025402 -0.0000033158 0.0000552197 0.0040044069 -0.0008652401 0.0000035645 0.0033074556 0.0000090008 0.0026238872
1403638152.89511 1.287673 1.879853 0.612715 -0.790257 -0.231129 -0.547414 0.149704 0.0003513528 0.0000063687 -0.0001333467 0.0000024304 -0.0000025256 0.0000532943 0.0040754894 -0.0008981579 0.0000038427 0.0033250985 0.0000101192 0.0026243800
1403638152.94510 1.301155 1.927419 0.618876 -0.787243 -0.235791 -0.548267 0.155093 0.0003528456 0.0000056206 -0.0001317332 0.0000023790 -0.0000022046 0.0000518277 0.0041491662 -0.0009314171 0.0000041008 0.0033431819 0.0000113682 0.0026249236
1403638152.99511 1.314580 1.975370 0.626414 -0.785499 -0.241417 -0.546871 0.160129 0.0003529212 0.0000049302 -0.0001317129 0.0000023289 -0.0000019430 0.0000517687 0.0042251917 -0.0009652365 0.0000043224 0.0033614478 0.0000127606 0.0026254253
1403638153.04509 1.328271 2.024652 0.635847 -0.784878 -0.247457 -0.543806 0.164341 0.0003518146 0.0000044171 -0.0001330245 0.0000022859 -0.0000017719 0.0000528846 0.0043039633 -0.0009997199 0.0000046251 0.0033805683 0.0000141945 0.0026260159
1403638153.09508 1.341816 2.073445 0.646910 -0.785035 -0.252915 -0.539977 0.167869 0.0003501554 0.0000038061 -0.0001349231 0.0000022415 -0.0000015669 0.0000545533 0.0043867260 -0.0010355937 0.0000049671 0.0034003133 0.0000155858 0.0026266772
1403638153.14508 1.355430 2.121758 0.658003 -0.785242 -0.257918 -0.536464 0.170526 0.0003485179 0.0000035565 -0.0001367388 0.0000022076 -0.0000014966 0.0000561897 0.0044709353 -0.0010717950 0.0000053492 0.0034204514 0.0000170259 0.0026273451
1403638153.19506 1.369473 2.170193 0.668699 -0.785045 -0.262081 -0.534093 0.172518 0.0003474291 0.0000036102 -0.0001379271 0.0000021827 -0.0000015365 0.0000572709 0.0045563698 -0.0011085503 0.0000057635 0.0034411225 0.0000184679 0.0026279972
1403638153.24506 1.384054 2.218057 0.678307 -0.784720 -0.265582 -0.532302 0.174168 0.0003466509 0.0000037351 -0.0001387710 0.0000021628 -0.0000016012 0.0000580402 0.0046436612 -0.0011461369 0.0000061984 0.0034623997 0.0000199388 0.0026286125
1403638153.29504 1.400640 2.265757 0.683625 -0.783860 -0.269832 -0.531023 0.175412 0.0003461366 0.0000045901 -0.0001392861 0.0000021389 -0.0000019669 0.0000584878 0.0047318162 -0.0011845650 0.0000071457 0.0034827230 0.0000216355 0.0026282055
1403638153.34504 1.416169 2.314270 0.691131 -0.783025 -0.274174 -0.529060 0.178314 0.0003454854 0.0000042615 -0.0001400011 0.0000021170 -0.0000018463 0.0000591503 0.0048216602 -0.0012245172 0.0000075558 0.0035072604 0.0000231709 0.0026286861
1403638153.39507 1.431936 2.362784 0.697693 -0.781437 -0.279569 -0.527562 0.181315 0.0003451830 0.0000045775 -0.0001403335 0.0000021125 -0.0000019808 0.0000594469 0.0049156752 -0.0012648123 0.0000078892 0.0035312063 0.0000247158 0.0026292062
1403638153.44508 1.448018 2.412985 0.704406 -0.779362 -0.286581 -0.526205 0.183231 0.0003446948 0.0000061382 -0.0001408020 0.0000021494 -0.0000026305 0.0000598888 0.0050113588 -0.0013058956 0.0000082020 0.0035560129 0.0000261900 0.0026297345
1403638153.49510 1.463964 2.463721 0.712764 -0.776721 -0.295327 -0.525236 0.183341 0.0003439517 0.0000096324 -0.0001413847 0.0000023000 -0.0000040908 0.0000604743 0.0051124810 -0.0013487157 0.0000085636 0.0035817960 0.0000277256 0.0026302160
1403638153.54517 1.479346 2.513440 0.721070 -0.773901 -0.304693 -0.523997 0.183486 0.0003429462 0.0000132000 -0.0001421269 0.0000025223 -0.0000056107 0.0000612270 0.0052173133 -0.0013923381 0.0000092095 0.0036068888 0.0000288411 0.0026304160
1403638153.59520 1.495112 2.565779 0.733011 -0.771111 -0.313266 -0.522212 0.185868 0.0003422126 0.0000151591 -0.0001426880 0.0000026747 -0.0000064686 0.0000618059 0.0053232343 -0.0014354764 0.0000097913 0.0036326496 0.0000304128 0.0026309953
1403638153.64523 1.510820 2.619219 0.746992 -0.767663 -0.321929 -0.520997 0.188728 0.0003419457 0.0000170699 -0.0001427660 0.0000028453 -0.0000072814 0.0000618999 0.0054369116 -0.0014811105 0.0000104500 0.0036592655 0.0000320698 0.0026316544
1403638153.69527 1.526441 2.674150 0.760169 -0.764284 -0.329332 -0.519260 0.194369 0.0003422119 0.0000167401 -0.0001425801 0.0000027999 -0.0000071312 0.0000616864 0.0055560267 -0.0015281260 0.0000111503 0.0036862563 0.0000336655 0.0026326283
1403638153.74528 1.541397 2.730627 0.772263 -0.760438 -0.335190 -0.518241 0.202010 0.0003436022 0.0000149892 -0.0001414358 0.0000026198 -0.0000063235 0.0000604814 0.0056806837 -0.0015767167 0.0000117460 0.0037139663 0.0000352126 0.0026337321
1403638153.79529 1.556352 2.788022 0.782932 -0.756949 -0.341408 -0.517269 0.207126 0.0003442921 0.0000147822 -0.0001408023 0.0000025872 -0.0000061982 0.0000598301 0.0058105452 -0.0016259947 0.0000121863 0.0037415533 0.0000368164 0.0026351075
1403638153.84528 1.570885 2.846554 0.792288 -0.753637 -0.346331 -0.516583 0.212670 0.0003453626 0.0000139299 -0.0001398393 0.0000024986 -0.0000057904 0.0000588501 0.0059452050 -0.0016761138 0.0000126396 0.0037691945 0.0000385174 0.0026365032
1403638153.89527 1.585655 2.907340 0.799236 -0.750364 -0.349982 -0.516886 0.217475 0.0003468667 0.0000132539 -0.0001383851 0.0000024138 -0.0000054337 0.0000574093 0.0060846233 -0.0017268170 0.0000132359 0.0037961088 0.0000402889 0.0026375834
1403638153.94521 1.600115 2.969415 0.806239 -0.746956 -0.351956 -0.518152 0.222938 0.0003491653 0.0000119144 -0.0001361097 0.0000022977 -0.0000047842 0.0000552299 0.0062335394 -0.0017803930 0.0000136265 0.0038242435 0.0000420704 0.0026391286
1403638153.99518 1.613645 3.031273 0.810793 -0.744994 -0.353586 -0.518084 0.227047 0.0003503232 0.0000105938 -0.0001350031 0.0000021958 -0.0000042176 0.0000541802 0.0063867892 -0.0018340366 0.0000139871 0.0038518890 0.0000438200 0.0026408643
1403638154.04515 1.627275 3.092628 0.812274 -0.743257 -0.354388 -0.518409 0.230715 0.0003515744 0.0000093067 -0.0001337523 0.0000021015 -0.0000036743 0.0000530178 0.0065422360 -0.0018868954 0.0000145513 0.0038774808 0.0000454222 0.0026419741
1403638154.09515 1.640610 3.155306 0.813753 -0.741054 -0.355770 -0.519734 0.232687 0.0003529492 0.0000094488 -0.0001322395 0.0000020966 -0.0000036741 0.0000516617 0.0066995871 -0.0019403309 0.0000148730 0.0039040810 0.0000469016 0.0026437462
1403638154.14515 1.653539 3.217975 0.814439 -0.738447 -0.356583 -0.522122 0.234376 0.0003547895 0.0000099637 -0.0001301263 0.0000021138 -0.0000037894 0.0000498213 0.0068639642 -0.0019952206 0.0000150849 0.0039304149 0.0000481815 0.0026455986
1403638154.19514 1.666753 3.281295 0.814225 -0.735930 -0.357095 -0.524906 0.235298 0.0003566258 0.0000108562 -0.0001279226 0.0000021544 -0.0000040312 0.0000479574 0.0070305818 -0.0020501525 0.0000151305 0.0039558347 0.0000493142 0.0026472341
1403638154.24514 1.679263 3.343627 0.812830 -0.733484 -0.357797 -0.527714 0.235587 0.0003582294 0.0000122471 -0.0001258904 0.0000022358 -0.0000044439 0.0000462915 0.0072019311 -0.0021064025 0.0000151266 0.0039814090 0.0000501800 0.0026489542
1403638154.29515 1.690335 3.404673 0.809615 -0.731854 -0.357787 -0.529829 0.235923 0.0003594620 0.0000129577 -0.0001243328 0.0000022778 -0.0000046244 0.0000450369 0.0073727918 -0.0021615636 0.0000150753 0.0040059054 0.0000508105 0.0026506075
1403638154.34515 1.700451 3.465602 0.806190 -0.729882 -0.356340 -0.532685 0.237781 0.0003615633 0.0000125111 -0.0001217365 0.0000022363 -0.0000043551 0.0000429943 0.0075429410 -0.0022142580 0.0000149843 0.0040278525 0.0000511922 0.0026520615
1403638154.39515 1.708788 3.524998 0.802494 -0.726825 -0.354937 -0.537106 0.239293 0.0003643115 0.0000129358 -0.0001180726 0.0000022575 -0.0000043360 0.0000402430 0.0077147750 -0.0022659316 0.0000147370 0.0040483521 0.0000513183 0.0026534467
1403638154.44515 1.715652 3.583060 0.797320 -0.724992 -0.353118 -0.539927 0.241191 0.0003663278 0.0000122840 -0.0001153915 0.0000022043 -0.0000040127 0.0000382974 0.0078838863 -0.0023138632 0.0000143747 0.0040648945 0.0000511170 0.0026546558
1403638154.49517 1.719561 3.639871 0.791484 -0.723701 -0.351775 -0.542108 0.242134 0.0003677036 0.0000120702 -0.0001134917 0.0000021815 -0.0000038721 0.0000369472 0.0080509695 -0.0023596155 0.0000140694 0.0040773485 0.0000502340 0.0026554595
1403638154.54519 1.722369 3.694018 0.785095 -0.724199 -0.351042 -0.541628 0.242785 0.0003676820 0.0000112180 -0.0001136702 0.0000021225 -0.0000036155 0.0000370444 0.0082173533 -0.0024000455 0.0000136148 0.0040866898 0.0000492641 0.0026561485
1403638154.59525 1.724760 3.747744 0.780547 -0.724991 -0.351285 -0.539844 0.244042 0.0003671698 0.0000100137 -0.0001145714 0.0000020365 -0.0000032778 0.0000376309 0.0083738230 -0.0024351069 0.0000127793 0.0040900573 0.0000476779 0.0026555077
1403638154.64530 1.725273 3.798889 0.776610 -0.726045 -0.352840 -0.536855 0.245252 0.0003659586 0.0000089718 -0.0001164321 0.0000019727 -0.0000030113 0.0000389119 0.0085335536 -0.0024713306 0.0000127598 0.0040961732 0.0000469261 0.0026554253
1403638154.69532 1.726147 3.850523 0.775911 -0.727424 -0.355554 -0.532588 0.246548 0.0003641069 0.0000079362 -0.0001191202 0.0000019182 -0.0000027545 0.0000408344 0.0086887421 -0.0025034508 0.0000123306 0.0041013301 0.0000461404 0.0026555454
1403638154.74532 1.724209 3.902862 0.775310 -0.727949 -0.360342 -0.528758 0.246291 0.0003619758 0.0000087789 -0.0001219563 0.0000019509 -0.0000031203 0.0000429498 0.0088470588 -0.0025369579 0.0000120619 0.0041079005 0.0000457107 0.0026558046
1403638154.79529 1.721645 3.956498 0.776863 -0.727950 -0.365147 -0.525823 0.245493 0.0003601176 0.0000102860 -0.0001242846 0.0000020246 -0.0000037186 0.0000447474 0.0090096103 -0.0025671188 0.0000117829 0.0041113527 0.0000456722 0.0026560163
1403638154.84529 1.717498 4.012503 0.780426 -0.727163 -0.369909 -0.524045 0.244495 0.0003587482 0.0000122910 -0.0001258716 0.0000021448 -0.0000044860 0.0000460072 0.0091783734 -0.0025968595 0.0000115933 0.0041138505 0.0000455211 0.0026553797
1403638154.89526 1.713315 4.067075 0.786593 -0.726058 -0.373988 -0.522741 0.244363 0.0003579082 0.0000138655 -0.0001268003 0.0000022569 -0.0000050905 0.0000467556 0.0093619891 -0.0026272642 0.0000116293 0.0041168650 0.0000462654 0.0026561788
1403638154.94524 1.708189 4.122054 0.795186 -0.724310 -0.378840 -0.521832 0.244024 0.0003571543 0.0000160083 -0.0001275218 0.0000024336 -0.0000058994 0.0000473528 0.0095409310 -0.0026546044 0.0000118139 0.0041186685 0.0000473489 0.0026570357
1403638154.99520 1.701499 4.177328 0.805682 -0.722021 -0.382876 -0.521237 0.245771 0.0003572354 0.0000168983 -0.0001273661 0.0000025108 -0.0000062104 0.0000472164 0.0097235473 -0.0026797542 0.0000121516 0.0041183310 0.0000486501 0.0026579823
1403638155.04516 1.693653 4.233593 0.818135 -0.718992 -0.387354 -0.520740 0.248672 0.0003577018 0.0000175240 -0.0001267710 0.0000025640 -0.0000063970 0.0000467185 0.0099126949 -0.0027038124 0.0000125477 0.0041157615 0.0000500702 0.0026590008
1403638155.09515 1.684389 4.289326 0.831397 -0.716145 -0.392195 -0.519565 0.251736 0.0003578577 0.0000179344 -0.0001265757 0.0000025954 -0.0000065295 0.0000465467 0.0101044212 -0.0027252574 0.0000128606 0.0041090646 0.0000513807 0.0026600548
1403638155.14511 1.675066 4.346711 0.845101 -0.712818 -0.396010 -0.519273 0.255777 0.0003588421 0.0000178375 -0.0001254317 0.0000025752 -0.0000064196 0.0000456010 0.0102985948 -0.0027453223 0.0000131733 0.0041012959 0.0000527607 0.0026611778
1403638155.19511 1.664315 4.403429 0.856502 -0.710493 -0.398921 -0.518195 0.259876 0.0003594950 0.0000168915 -0.0001248047 0.0000024717 -0.0000060456 0.0000450695 0.0105001860 -0.0027659633 0.0000133652 0.0040927082 0.0000538949 0.0026622731
1403638155.24508 1.652373 4.460401 0.867449 -0.707169 -0.401109 -0.518933 0.264068 0.0003611309 0.0000164317 -0.0001228387 0.0000024167 -0.0000057689 0.0000435032 0.0107023667 -0.0027837912 0.0000136105 0.0040808292 0.0000554295 0.0026634032
1403638155.29508 1.640020 4.518305 0.876387 -0.704071 -0.403274 -0.519960 0.267012 0.0003625073 0.0000166561 -0.0001210721 0.0000024297 -0.0000057404 0.0000421375 0.0109071379 -0.0027976993 0.0000137595 0.0040704441 0.0000569107 0.0026645466
1403638155.34510 1.625880 4.574531 0.884112 -0.700535 -0.406148 -0.521309 0.269319 0.0003637677 0.0000177522 -0.0001192870 0.0000025244 -0.0000059988 0.0000407960 0.0111186622 -0.0028119557 0.0000139587 0.0040547357 0.0000582881 0.0026652585
1403638155.39509 1.610366 4.629708 0.889838 -0.696673 -0.409560 -0.522157 0.272508 0.0003650307 0.0000185555 -0.0001174991 0.0000025977 -0.0000061490 0.0000394843 0.0113263499 -0.0028187614 0.0000141220 0.0040436786 0.0000599411 0.0026662837
1403638155.44510 1.593242 4.683449 0.893814 -0.692706 -0.413891 -0.522972 0.274504 0.0003658293 0.0000203379 -0.0001161505 0.0000027822 -0.0000066341 0.0000385249 0.0115321339 -0.0028223427 0.0000143288 0.0040303073 0.0000617149 0.0026671904
1403638155.49510 1.574408 4.736265 0.895590 -0.689580 -0.418549 -0.521966 0.277215 0.0003659998 0.0000211026 -0.0001158367 0.0000028646 -0.0000068555 0.0000382995 0.0117349788 -0.0028202054 0.0000144534 0.0040157333 0.0000634163 0.0026680658
1403638155.54513 1.554241 4.788552 0.895969 -0.686811 -0.421574 -0.519523 0.284009 0.0003669419 0.0000185672 -0.0001149990 0.0000025782 -0.0000059913 0.0000376676 0.0119367053 -0.0028132305 0.0000144695 0.0039983520 0.0000651827 0.0026688226
1403638155.59513 1.531855 4.839266 0.895745 -0.683991 -0.424921 -0.516702 0.290891 0.0003677026 0.0000160106 -0.0001143579 0.0000023262 -0.0000051473 0.0000371831 0.0121367231 -0.0028025302 0.0000143157 0.0039797394 0.0000667862 0.0026695057
1403638155.64511 1.508460 4.889185 0.895411 -0.680103 -0.427856 -0.514102 0.300165 0.0003693430 0.0000123962 -0.0001124778 0.0000020339 -0.0000039362 0.0000358576 0.0123328965 -0.0027853564 0.0000139221 0.0039581821 0.0000681428 0.0026701236
1403638155.69511 1.484107 4.938395 0.894063 -0.675220 -0.432146 -0.511758 0.308919 0.0003709188 0.0000098944 -0.0001104257 0.0000018697 -0.0000031023 0.0000344680 0.0125267918 -0.0027651739 0.0000133823 0.0039354710 0.0000694959 0.0026706855
1403638155.74512 1.458283 4.982610 0.890096 -0.670960 -0.437274 -0.508206 0.316750 0.0003715803 0.0000076947 -0.0001096289 0.0000017501 -0.0000024243 0.0000339312 0.0127192616 -0.0027419642 0.0000128026 0.0039082813 0.0000700561 0.0026710696
1403638155.79511 1.430694 5.027898 0.883888 -0.666550 -0.444045 -0.504001 0.323293 0.0003716049 0.0000065983 -0.0001097174 0.0000016970 -0.0000021023 0.0000339801 0.0128922536 -0.0027120255 0.0000121994 0.0038827102 0.0000712291 0.0026716657
1403638155.84512 1.401312 5.071842 0.877207 -0.662628 -0.450783 -0.498581 0.330356 0.0003713285 0.0000046716 -0.0001102841 0.0000016254 -0.0000015408 0.0000343401 0.0130705100 -0.0026781425 0.0000113228 0.0038532195 0.0000723819 0.0026719482
1403638155.89514 1.371326 5.113166 0.869222 -0.659355 -0.459524 -0.491388 0.335599 0.0003696828 0.0000036367 -0.0001128427 0.0000015881 -0.0000012653 0.0000360369 0.0132438743 -0.0026396435 0.0000103542 0.0038237708 0.0000732923 0.0026721137
1403638155.94516 1.337940 5.151640 0.859435 -0.656716 -0.469308 -0.482376 0.340275 0.0003670389 0.0000023569 -0.0001167181 0.0000015423 -0.0000009079 0.0000387195 0.0134061419 -0.0025985649 0.0000086948 0.0037931896 0.0000736119 0.0026712183
1403638155.99516 1.304583 5.187708 0.854127 -0.653795 -0.480161 -0.472672 0.344353 0.0003637832 0.0000015322 -0.0001212193 0.0000015171 -0.0000006704 0.0000420107 0.0135579819 -0.0025489614 0.0000072800 0.0037606601 0.0000736823 0.0026714603
1403638156.04514 1.271137 5.227809 0.850933 -0.650554 -0.491305 -0.462946 0.347966 0.0003603866 0.0000009278 -0.0001256434 0.0000014945 -0.0000004846 0.0000454382 0.0137032685 -0.0024988080 0.0000058679 0.0037300731 0.0000739911 0.0026717236
1403638156.09513 1.238817 5.264450 0.850204 -0.646984 -0.501985 -0.453271 0.352091 0.0003571494 -0.0000000937 -0.0001296391 0.0000014742 -0.0000001267 0.0000487066 0.0138682102 -0.0024496265 0.0000046383 0.0037016201 0.0000743767 0.0026723552
1403638156.14511 1.204953 5.299707 0.850950 -0.642386 -0.510597 -0.446088 0.357263 0.0003556055 -0.0000012623 -0.0001314886 0.0000014607 0.0000003080 0.0000502759 0.0140177638 -0.0023998631 0.0000033492 0.0036765237 0.0000747239 0.0026728861
1403638156.19511 1.172038 5.336502 0.855092 -0.638258 -0.517511 -0.439217 0.363178 0.0003545754 -0.0000033778 -0.0001326860 0.0000014704 0.0000011089 0.0000513149 0.0141681070 -0.0023460799 0.0000024423 0.0036516147 0.0000755249 0.0026741550
1403638156.24511 1.139654 5.376515 0.860139 -0.633710 -0.525336 -0.433112 0.367217 0.0003533109 -0.0000038602 -0.0001341449 0.0000014551 0.0000013117 0.0000525989 0.0143261459 -0.0022942079 0.0000011297 0.0036278679 0.0000766616 0.0026751652
1403638156.29509 1.105763 5.414482 0.864196 -0.630322 -0.533190 -0.425821 0.370242 0.0003509855 -0.0000047143 -0.0001367206 0.0000014595 0.0000016847 0.0000549332 0.0145000058 -0.0022449677 -0.0000003150 0.0036063090 0.0000771199 0.0026762466
1403638156.34510 1.075558 5.455891 0.869061 -0.627210 -0.539881 -0.419822 0.372673 0.0003490760 -0.0000053302 -0.0001387804 0.0000014606 0.0000019697 0.0000568565 0.0146649604 -0.0021907832 -0.0000015694 0.0035852042 0.0000779024 0.0026773738
1403638156.39510 1.045530 5.499300 0.872137 -0.624914 -0.544547 -0.414629 0.375545 0.0003477258 -0.0000066582 -0.0001401631 0.0000014792 0.0000025354 0.0000581729 0.0148449695 -0.0021454991 -0.0000019490 0.0035666662 0.0000786915 0.0026774791
1403638156.44512 1.017934 5.539633 0.873846 -0.623002 -0.548924 -0.410232 0.377174 0.0003462627 -0.0000073124 -0.0001416662 0.0000014883 0.0000028451 0.0000596314 0.0150381507 -0.0021005322 -0.0000029077 0.0035504772 0.0000791241 0.0026783812
1403638156.49513 0.991684 5.580471 0.873784 -0.621626 -0.552026 -0.406718 0.378719 0.0003451902 -0.0000081577 -0.0001427375 0.0000015094 0.0000032286 0.0000606846 0.0152210665 -0.0020595262 -0.0000037463 0.0035376485 0.0000794568 0.0026791460
1403638156.54513 0.966378 5.622458 0.872877 -0.619865 -0.554339 -0.404914 0.380159 0.0003449715 -0.0000083684 -0.0001429823 0.0000015024 0.0000033252 0.0000609068 0.0154073569 -0.0020204055 -0.0000044122 0.0035262760 0.0000794903 0.0026797344
1403638156.59509 0.942012 5.669771 0.871445 -0.618594 -0.555749 -0.403599 0.381567 0.0003448956 -0.0000087099 -0.0001430649 0.0000014917 0.0000034670 0.0000609565 0.0155988975 -0.0019821249 -0.0000039003 0.0035146505 0.0000786548 0.0026793150
1403638156.64509 0.918638 5.712571 0.867412 -0.617813 -0.556970 -0.402864 0.381828 0.0003447645 -0.0000086712 -0.0001432337 0.0000014764 0.0000034578 0.0000610967 0.0158185087 -0.0019475278 -0.0000043758 0.0035052220 0.0000782853 0.0026797306
1403638156.69508 0.896212 5.756371 0.861652 -0.617666 -0.557755 -0.401878 0.381957 0.0003443518 -0.0000088932 -0.0001436631 0.0000014723 0.0000035668 0.0000615011 0.0160177568 -0.0019120186 -0.0000044829 0.0034958314 0.0000773241 0.0026796923
1403638156.74507 0.874192 5.802136 0.855939 -0.616882 -0.558313 -0.402216 0.382055 0.0003446024 -0.0000083562 -0.0001434840 0.0000014307 0.0000033362 0.0000612797 0.0162278943 -0.0018786499 -0.0000045196 0.0034873877 0.0000761825 0.0026795559
1403638156.79507 0.853249 5.847818 0.848668 -0.617123 -0.558442 -0.402024 0.381678 0.0003443727 -0.0000082682 -0.0001437507 0.0000014121 0.0000033080 0.0000615133 0.0164453848 -0.0018458401 -0.0000042058 0.0034792358 0.0000746601 0.0026790621
1403638156.84507 0.831632 5.894769 0.841236 -0.617568 -0.558368 -0.402105 0.380981 0.0003441016 -0.0000080568 -0.0001440635 0.0000013870 0.0000032309 0.0000617931 0.0166648418 -0.0018145316 -0.0000038359 0.0034708866 0.0000726884 0.0026783877
1403638156.89506 0.810918 5.942474 0.833998 -0.617859 -0.558127 -0.402502 0.380441 0.0003440738 -0.0000077944 -0.0001441402 0.0000013615 0.0000031243 0.0000618319 0.0168876515 -0.0017803687 -0.0000033635 0.0034625784 0.0000707196 0.0026776498
1403638156.94507 0.789598 5.992439 0.829012 -0.618720 -0.557784 -0.402779 0.379252 0.0003436444 -0.0000074458 -0.0001446012 0.0000013249 0.0000029880 0.0000622632 0.0171117916 -0.0017454522 -0.0000010108 0.0034506913 0.0000658367 0.0026751098
1403638156.99507 0.770281 6.041627 0.825196 -0.619550 -0.556899 -0.403316 0.378626 0.0003436797 -0.0000074402 -0.0001446013 0.0000013169 0.0000029877 0.0000622331 0.0173576281 -0.0017117436 -0.0000008954 0.0034441511 0.0000644507 0.0026752258
1403638157.04507 0.750898 6.093121 0.823755 -0.621181 -0.556437 -0.402669 0.377319 0.0003427379 -0.0000076948 -0.0001455313 0.0000013206 0.0000031272 0.0000631688 0.0176058861 -0.0016829189 -0.0000007235 0.0034385358 0.0000628349 0.0026751714
1403638157.09508 0.732681 6.147099 0.824659 -0.622711 -0.556104 -0.401947 0.376055 0.0003417711 -0.0000078811 -0.0001464751 0.0000013209 0.0000032404 0.0000641319 0.0178649859 -0.0016538728 -0.0000004963 0.0034322470 0.0000610460 0.0026750118
1403638157.14509 0.714390 6.202162 0.827058 -0.624607 -0.555990 -0.401004 0.374080 0.0003403225 -0.0000079354 -0.0001478616 0.0000013168 0.0000033126 0.0000655852 0.0181353921 -0.0016270997 -0.0000002671 0.0034255937 0.0000590915 0.0026748870
1403638157.19509 0.698425 6.258933 0.829114 -0.626172 -0.556341 -0.400343 0.371644 0.0003389113 -0.0000073822 -0.0001492092 0.0000012772 0.0000031140 0.0000670166 0.0184146918 -0.0015980100 0.0000009435 0.0034119776 0.0000548147 0.0026733691
1403638157.24512 0.680366 6.317421 0.833804 -0.627295 -0.555249 -0.399837 0.371928 0.0003387144 -0.0000083895 -0.0001493616 0.0000013175 0.0000035683 0.0000671750 0.0187039025 -0.0015752685 0.0000010952 0.0034053240 0.0000530954 0.0026734700
1403638157.29513 0.663889 6.376559 0.839508 -0.626352 -0.555298 -0.400617 0.372603 0.0003394648 -0.0000080840 -0.0001487229 0.0000012979 0.0000034121 0.0000664570 0.0190058910 -0.0015471688 0.0000012013 0.0033982573 0.0000514675 0.0026743920
1403638157.34513 0.647516 6.436083 0.846717 -0.624407 -0.556452 -0.402146 0.372500 0.0003403079 -0.0000065365 -0.0001480494 0.0000012266 0.0000027144 0.0000656973 0.0193182425 -0.0015222491 0.0000013054 0.0033914814 0.0000498298 0.0026753686
1403638157.39513 0.631631 6.496522 0.853490 -0.622220 -0.557870 -0.404086 0.371937 0.0003411343 -0.0000044447 -0.0001473852 0.0000011553 0.0000017910 0.0000649552 0.0196333019 -0.0014970716 0.0000014414 0.0033858824 0.0000485465 0.0026764375
1403638157.44514 0.615864 6.557999 0.859476 -0.619413 -0.559054 -0.406842 0.371843 0.0003425803 -0.0000021375 -0.0001460942 0.0000011070 0.0000007827 0.0000635665 0.0199550696 -0.0014724793 0.0000016516 0.0033803679 0.0000472151 0.0026773982
1403638157.49514 0.600209 6.619732 0.863666 -0.616443 -0.560060 -0.408310 0.373649 0.0003442188 -0.0000012049 -0.0001445500 0.0000010947 0.0000003793 0.0000619526 0.0202858160 -0.0014458303 0.0000018483 0.0033761923 0.0000460811 0.0026785247
1403638157.54512 0.581465 6.674053 0.864848 -0.612562 -0.561698 -0.409485 0.376279 0.0003460469 -0.0000003726 -0.0001427467 0.0000010824 0.0000000238 0.0000601098 0.0206186274 -0.0014201514 0.0000021713 0.0033703403 0.0000441821 0.0026778033
1403638157.59511 0.565110 6.736169 0.865812 -0.607547 -0.564140 -0.410444 0.379694 0.0003481343 0.0000006694 -0.0001406481 0.0000010801 -0.0000003985 0.0000580314 0.0209160589 -0.0013834324 0.0000021299 0.0033687361 0.0000435701 0.0026788300
1403638157.64510 0.548639 6.797115 0.865291 -0.601126 -0.567428 -0.411875 0.383446 0.0003505680 0.0000024449 -0.0001380999 0.0000010932 -0.0000010903 0.0000555933 0.0212574505 -0.0013534147 0.0000020786 0.0033692567 0.0000430272 0.0026799688
1403638157.69508 0.531586 6.858445 0.864874 -0.593602 -0.572088 -0.412807 0.387224 0.0003527063 0.0000048250 -0.0001357395 0.0000011388 -0.0000019838 0.0000534130 0.0215899730 -0.0013224036 0.0000020225 0.0033702684 0.0000425623 0.0026809998
1403638157.74507 0.514100 6.920164 0.864734 -0.585865 -0.577923 -0.412468 0.390688 0.0003540440 0.0000072436 -0.0001341607 0.0000012172 -0.0000028717 0.0000519970 0.0219292972 -0.0012889183 0.0000019154 0.0033715334 0.0000421812 0.0026820476
1403638157.79506 0.493951 6.978584 0.864867 -0.578650 -0.584076 -0.409952 0.394915 0.0003547318 0.0000082403 -0.0001333339 0.0000012553 -0.0000032245 0.0000512617 0.0222731701 -0.0012532564 0.0000014894 0.0033719819 0.0000413631 0.0026827517
1403638157.84505 0.475364 7.037819 0.868212 -0.571624 -0.590069 -0.405678 0.400612 0.0003553309 0.0000078930 -0.0001326867 0.0000012339 -0.0000030736 0.0000506830 0.0226018395 -0.0012079574 0.0000011309 0.0033732882 0.0000408659 0.0026839761
1403638157.89505 0.455530 7.096975 0.873911 -0.564914 -0.595560 -0.400850 0.406816 0.0003560258 0.0000067646 -0.0001319627 0.0000011810 -0.0000026323 0.0000500372 0.0229365538 -0.0011663384 0.0000007121 0.0033755781 0.0000402082 0.0026851766
1403638157.94505 0.435335 7.156285 0.881511 -0.558676 -0.601315 -0.395397 0.412266 0.0003561403 0.0000056900 -0.0001318945 0.0000011370 -0.0000022310 0.0000499621 0.0232727775 -0.0011203978 0.0000002790 0.0033785726 0.0000395899 0.0026864395
1403638157.99506 0.415008 7.215323 0.890886 -0.552696 -0.606499 -0.391481 0.416447 0.0003563629 0.0000055795 -0.0001316567 0.0000011278 -0.0000021844 0.0000497466 0.0236131898 -0.0010740244 -0.0000001734 0.0033826536 0.0000391108 0.0026878103
1403638158.04507 0.395205 7.274475 0.898912 -0.549772 -0.611277 -0.384025 0.420257 0.0003549674 0.0000028642 -0.0001333675 0.0000010572 -0.0000011963 0.0000512114 0.0239534579 -0.0010258099 -0.0000005758 0.0033872957 0.0000385978 0.0026891714
1403638158.09508 0.375916 7.333444 0.906294 -0.547078 -0.614282 -0.377743 0.425057 0.0003545854 -0.0000003090 -0.0001338491 0.0000010280 0.0000000004 0.0000516205 0.0242989255 -0.0009787031 -0.0000009404 0.0033926826 0.0000381382 0.0026904530
1403638158.14511 0.355607 7.391523 0.912912 -0.544763 -0.616571 -0.372669 0.429174 0.0003544280 -0.0000029859 -0.0001340040 0.0000010440 0.0000010152 0.0000517485 0.0246454154 -0.0009343751 -0.0000012569 0.0033976741 0.0000376799 0.0026914000
1403638158.19512 0.336598 7.449316 0.917435 -0.543405 -0.618013 -0.367529 0.433236 0.0003541540 -0.0000062072 -0.0001342266 0.0000011224 0.0000022436 0.0000519478 0.0249906512 -0.0008845155 -0.0000014133 0.0034046849 0.0000375366 0.0026925062
1403638158.24513 0.318679 7.506534 0.920406 -0.541136 -0.619872 -0.365254 0.435339 0.0003542370 -0.0000068854 -0.0001341256 0.0000011439 0.0000024998 0.0000518498 0.0253369662 -0.0008384609 -0.0000015664 0.0034131195 0.0000374082 0.0026934764
1403638158.29514 0.301409 7.563740 0.921837 -0.538594 -0.621611 -0.364509 0.436635 0.0003546065 -0.0000064535 -0.0001337575 0.0000011249 0.0000023278 0.0000515087 0.0256835463 -0.0007936676 -0.0000017221 0.0034224226 0.0000373387 0.0026943592
1403638158.34512 0.284597 7.621548 0.921695 -0.536323 -0.624245 -0.364592 0.435601 0.0003541716 -0.0000045251 -0.0001343530 0.0000010630 0.0000016092 0.0000520138 0.0260321745 -0.0007502013 -0.0000017985 0.0034320799 0.0000372632 0.0026950744
1403638158.39513 0.264888 7.679610 0.921942 -0.534753 -0.625492 -0.364743 0.435617 0.0003543186 -0.0000036090 -0.0001342157 0.0000010392 0.0000012592 0.0000518738 0.0263838123 -0.0007070448 -0.0000013000 0.0034409211 0.0000371872 0.0026943708
1403638158.44512 0.247226 7.736605 0.920797 -0.532030 -0.627331 -0.367114 0.434313 0.0003546817 -0.0000005809 -0.0001338690 0.0000010024 0.0000001092 0.0000515490 0.0267415483 -0.0006545038 -0.0000011486 0.0034493032 0.0000374383 0.0026945918
1403638158.49512 0.230468 7.794256 0.918591 -0.530013 -0.628402 -0.369117 0.433531 0.0003551459 0.0000016379 -0.0001333466 0.0000010081 -0.0000007265 0.0000510784 0.0270933696 -0.0006075006 -0.0000009801 0.0034573919 0.0000378215 0.0026946632
1403638158.54512 0.213314 7.851388 0.915383 -0.528107 -0.629061 -0.371593 0.432786 0.0003557869 0.0000039358 -0.0001325719 0.0000010436 -0.0000015792 0.0000503973 0.0274545763 -0.0005614204 -0.0000007168 0.0034645028 0.0000381044 0.0026945784
1403638158.59511 0.195702 7.910153 0.911700 -0.527291 -0.629486 -0.373156 0.431817 0.0003559416 0.0000054267 -0.0001323436 0.0000010821 -0.0000021309 0.0000501950 0.0278152431 -0.0005132067 -0.0000004569 0.0034714163 0.0000383587 0.0026943982
1403638158.64511 0.177189 7.969350 0.908254 -0.526745 -0.628972 -0.374630 0.431957 0.0003566041 0.0000061114 -0.0001315427 0.0000011030 -0.0000023670 0.0000494985 0.0281887893 -0.0004616536 -0.0000001471 0.0034779572 0.0000385096 0.0026940996
1403638158.69511 0.154683 8.034503 0.905700 -0.527768 -0.627789 -0.374153 0.432841 0.0003568401 0.0000048213 -0.0001312971 0.0000010564 -0.0000018844 0.0000492725 0.0285657784 -0.0004053426 0.0000005136 0.0034798140 0.0000386831 0.0026913191
1403638158.74510 0.132823 8.086793 0.900782 -0.529380 -0.626750 -0.372618 0.433702 0.0003566696 0.0000029948 -0.0001315470 0.0000010144 -0.0000012118 0.0000494701 0.0289877780 -0.0003351288 0.0000005919 0.0034888769 0.0000384353 0.0026911451
1403638158.79509 0.112611 8.144158 0.897761 -0.532295 -0.626308 -0.369326 0.433587 0.0003552845 0.0000003643 -0.0001331775 0.0000009874 -0.0000002403 0.0000508680 0.0293244605 -0.0002669440 0.0000006785 0.0034987146 0.0000380561 0.0026907787
1403638158.84508 0.093343 8.200602 0.896522 -0.535630 -0.625575 -0.366107 0.433269 0.0003537534 -0.0000023018 -0.0001348887 0.0000009997 0.0000007779 0.0000523746 0.0297004510 -0.0002043729 0.0000007748 0.0035097811 0.0000376369 0.0026903561
1403638158.89508 0.073937 8.256477 0.896854 -0.538679 -0.625573 -0.363093 0.432026 0.0003518128 -0.0000042122 -0.0001369781 0.0000010328 0.0000015438 0.0000542682 0.0300728827 -0.0001443814 0.0000007216 0.0035217337 0.0000374352 0.0026903705
1403638158.94509 0.055643 8.312107 0.899651 -0.541300 -0.624818 -0.360526 0.431993 0.0003506140 -0.0000064181 -0.0001381724 0.0000010970 0.0000024373 0.0000553812 0.0304485559 -0.0000832509 0.0000005987 0.0035338064 0.0000373834 0.0026903601
1403638158.99509 0.037144 8.368393 0.904658 -0.543820 -0.625561 -0.358319 0.429582 0.0003483866 -0.0000070646 -0.0001404703 0.0000011206 0.0000027594 0.0000575637 0.0308191850 -0.0000266313 0.0000004985 0.0035464491 0.0000375004 0.0026903463
1403638159.04509 0.019426 8.425131 0.912147 -0.546965 -0.626987 -0.354732 0.426476 0.0003451427 -0.0000080705 -0.0001436843 0.0000011635 0.0000032740 0.0000607421 0.0311972936 0.0000314501 0.0000003891 0.0035590278 0.0000378195 0.0026904781
1403638159.09510 0.001845 8.482813 0.920963 -0.549940 -0.629058 -0.351633 0.422144 0.0003414134 -0.0000081108 -0.0001472575 0.0000011650 0.0000034152 0.0000644423 0.0315890103 0.0000878137 0.0000002908 0.0035709418 0.0000383137 0.0026906329
1403638159.14510 -0.015091 8.541630 0.929215 -0.554092 -0.631288 -0.346662 0.417471 0.0003365092 -0.0000091728 -0.0001516315 0.0000012194 0.0000040542 0.0000692586 0.0319866849 0.0001442476 0.0000001869 0.0035822941 0.0000388792 0.0026907687
1403638159.19511 -0.031624 8.602285 0.935955 -0.557000 -0.634218 -0.343204 0.411983 0.0003318136 -0.0000086177 -0.0001556381 0.0000011896 0.0000039658 0.0000739414 0.0323992679 0.0001993822 0.0000000656 0.0035934919 0.0000394701 0.0026908683
1403638159.24511 -0.047667 8.664303 0.942082 -0.558221 -0.635007 -0.342480 0.409710 0.0003301743 -0.0000081790 -0.0001569679 0.0000011653 0.0000038148 0.0000755604 0.0328314384 0.0002534320 -0.0000000298 0.0036059247 0.0000399850 0.0026910008
1403638159.29511 -0.063795 8.731034 0.946418 -0.557460 -0.632312 -0.345045 0.412752 0.0003330420 -0.0000087378 -0.0001545066 0.0000011848 0.0000039843 0.0000725994 0.0332772007 0.0003054936 0.0000000480 0.0036142386 0.0000412139 0.0026908721
1403638159.34511 -0.078798 8.797245 0.951771 -0.555445 -0.627279 -0.349211 0.419588 0.0003386609 -0.0000103134 -0.0001494473 0.0000012667 0.0000044865 0.0000668458 0.0337598788 0.0003608083 -0.0000003237 0.0036274053 0.0000415590 0.0026910959
1403638159.39514 -0.093735 8.866983 0.956359 -0.552061 -0.621725 -0.355220 0.427207 0.0003453918 -0.0000111924 -0.0001429333 0.0000013130 0.0000045700 0.0000600200 0.0342385944 0.0004125316 -0.0000009305 0.0036403316 0.0000419426 0.0026912523
1403638159.44515 -0.108348 8.937881 0.961317 -0.548066 -0.615033 -0.361869 0.436358 0.0003528401 -0.0000124790 -0.0001349244 0.0000013877 0.0000047127 0.0000524344 0.0347401216 0.0004635499 -0.0000018927 0.0036514953 0.0000423130 0.0026912730
1403638159.49514 -0.122096 9.006653 0.967651 -0.544998 -0.607832 -0.366866 0.446011 0.0003594207 -0.0000152561 -0.0001269042 0.0000015915 0.0000053309 0.0000456213 0.0352501846 0.0005153894 -0.0000032461 0.0036648076 0.0000424634 0.0026913468
1403638159.54513 -0.134875 9.074260 0.975400 -0.543251 -0.600091 -0.369457 0.456367 0.0003648181 -0.0000200852 -0.0001192005 0.0000020485 0.0000065117 0.0000397381 0.0357397988 0.0005632636 -0.0000046900 0.0036773370 0.0000424441 0.0026915216
1403638159.59512 -0.145768 9.139267 0.984625 -0.543525 -0.592810 -0.368712 0.466055 0.0003680474 -0.0000267470 -0.0001132943 0.0000028865 0.0000081882 0.0000356475 0.0362187254 0.0006063568 -0.0000058960 0.0036893235 0.0000424920 0.0026918575
1403638159.64512 -0.154615 9.202775 0.996587 -0.543902 -0.587054 -0.367682 0.473654 0.0003701404 -0.0000322623 -0.0001086815 0.0000037556 0.0000094324 0.0000326701 0.0366862141 0.0006418575 -0.0000071208 0.0037008108 0.0000425996 0.0026922300
1403638159.69512 -0.160689 9.265587 1.010738 -0.544343 -0.582358 -0.366621 0.479728 0.0003715221 -0.0000368438 -0.0001050172 0.0000045981 0.0000103780 0.0000304323 0.0371490728 0.0006685819 -0.0000084120 0.0037108067 0.0000427718 0.0026925720
1403638159.74514 -0.165451 9.325260 1.024995 -0.545586 -0.580208 -0.364238 0.482726 0.0003713060 -0.0000402717 -0.0001041082 0.0000053137 0.0000112583 0.0000299321 0.0376059295 0.0006847682 -0.0000090481 0.0037193482 0.0000432054 0.0026933704
1403638159.79515 -0.166328 9.382743 1.041680 -0.543415 -0.580226 -0.367449 0.482721 0.0003727958 -0.0000380825 -0.0001025110 0.0000048352 0.0000104387 0.0000289241 0.0380356359 0.0006941743 -0.0000096011 0.0037275358 0.0000434749 0.0026941856
1403638159.84517 -0.163845 9.439308 1.060166 -0.541055 -0.581389 -0.371024 0.481236 0.0003739665 -0.0000346924 -0.0001017690 0.0000041616 0.0000094073 0.0000284252 0.0384533030 0.0006910737 -0.0000105300 0.0037326411 0.0000431281 0.0026944964
1403638159.89516 -0.159221 9.490637 1.079871 -0.537331 -0.585600 -0.376449 0.476060 0.0003747841 -0.0000274726 -0.0001025987 0.0000029535 0.0000074840 0.0000288139 0.0388686227 0.0006770352 -0.0000103935 0.0037342746 0.0000424377 0.0026952362
1403638159.94513 -0.153909 9.533448 1.098319 -0.533931 -0.589767 -0.381667 0.470556 0.0003751000 -0.0000203881 -0.0001036894 0.0000020434 0.0000055969 0.0000293869 0.0392355399 0.0006571275 -0.0000103375 0.0037305789 0.0000418075 0.0026953451
1403638159.99513 -0.145594 9.572079 1.121228 -0.531333 -0.593025 -0.384991 0.466679 0.0003751317 -0.0000153176 -0.0001045062 0.0000015584 0.0000042259 0.0000298369 0.0395420874 0.0006358810 -0.0000099016 0.0037293057 0.0000412619 0.0026959656
1403638160.04515 -0.136443 9.610909 1.145840 -0.529410 -0.596018 -0.387114 0.463282 0.0003747217 -0.0000113109 -0.0001056481 0.0000012716 0.0000031458 0.0000305090 0.0398118057 0.0006030142 -0.0000093895 0.0037244385 0.0000407916 0.0026964814
1403638160.09513 -0.124342 9.628345 1.172565 -0.529450 -0.598804 -0.386526 0.460124 0.0003732721 -0.0000094426 -0.0001081218 0.0000011645 0.0000026910 0.0000320436 0.0400928767 0.0005711313 -0.0000085463 0.0037003543 0.0000403866 0.0026967801
1403638160.14513 -0.113115 9.659470 1.201433 -0.530124 -0.602290 -0.385065 0.456003 0.0003711578 -0.0000076294 -0.0001115119 0.0000010817 0.0000022477 0.0000342326 0.0402123909 0.0005230368 -0.0000081436 0.0036876136 0.0000411250 0.0026973757
1403638160.19513 -0.101552 9.687967 1.232108 -0.532978 -0.607295 -0.380441 0.449880 0.0003668051 -0.0000067573 -0.0001178544 0.0000010483 0.0000021270 0.0000386056 0.0404481750 0.0004813980 -0.0000077071 0.0036738063 0.0000425621 0.0026980530
1403638160.24513 -0.090468 9.714785 1.264706 -0.536104 -0.612632 -0.375346 0.443160 0.0003617797 -0.0000058739 -0.0001245746 0.0000010180 0.0000019790 0.0000436460 0.0406565491 0.0004372074 -0.0000072668 0.0036595516 0.0000447400 0.0026986728
1403638160.29512 -0.080049 9.739389 1.297783 -0.539064 -0.616828 -0.370248 0.438007 0.0003572473 -0.0000059282 -0.0001301323 0.0000010198 0.0000021170 0.0000481633 0.0408568270 0.0003944677 -0.0000068235 0.0036455636 0.0000474507 0.0026993006
1403638160.34509 -0.068781 9.746835 1.334299 -0.540795 -0.620815 -0.367010 0.432936 0.0003533720 -0.0000048295 -0.0001345895 0.0000009800 0.0000017965 0.0000520308 0.0410422727 0.0003544170 -0.0000062263 0.0036185220 0.0000518124 0.0026995403
1403638160.39507 -0.058648 9.768810 1.369434 -0.542215 -0.623572 -0.364522 0.429285 0.0003505282 -0.0000041666 -0.0001377104 0.0000009632 0.0000015945 0.0000548789 0.0410945757 0.0003106622 -0.0000059667 0.0036063486 0.0000542324 0.0027000747
1403638160.44503 -0.047621 9.790913 1.403277 -0.543259 -0.624565 -0.362795 0.427981 0.0003491033 -0.0000045193 -0.0001391954 0.0000009721 0.0000017607 0.0000562822 0.0412649538 0.0002708446 -0.0000057395 0.0035952340 0.0000566201 0.0027007307
1403638160.49500 -0.036469 9.813971 1.435733 -0.543944 -0.625202 -0.361921 0.426921 0.0003481666 -0.0000045400 -0.0001401509 0.0000009726 0.0000017872 0.0000572017 0.0414375955 0.0002279379 -0.0000055341 0.0035837729 0.0000587802 0.0027013435
1403638160.54498 -0.025731 9.826746 1.466667 -0.544339 -0.625875 -0.361323 0.425936 0.0003473920 -0.0000043659 -0.0001409250 0.0000009670 0.0000017312 0.0000579568 0.0416198003 0.0001853752 -0.0000053548 0.0035705319 0.0000608160 0.0027018936
1403638160.59495 -0.015376 9.852266 1.495565 -0.544586 -0.625981 -0.361071 0.425679 0.0003471399 -0.0000044304 -0.0001411482 0.0000009677 0.0000017617 0.0000581814 0.0417226493 0.0001441659 -0.0000051970 0.0035575729 0.0000623367 0.0027022952
1403638160.64494 -0.004498 9.879245 1.523465 -0.545694 -0.625948 -0.359898 0.425301 0.0003463701 -0.0000051781 -0.0001418718 0.0000009880 0.0000020824 0.0000589028 0.0419264776 0.0001048703 -0.0000050472 0.0035471505 0.0000636869 0.0027027706
1403638160.69491 0.006208 9.906130 1.551273 -0.545029 -0.625422 -0.361301 0.425738 0.0003471957 -0.0000046210 -0.0001410163 0.0000009708 0.0000018382 0.0000580667 0.0421442541 0.0000635085 -0.0000048497 0.0035381649 0.0000647897 0.0027032665
1403638160.74490 0.016445 9.930505 1.578278 -0.545134 -0.622900 -0.361267 0.429315 0.0003489346 -0.0000068267 -0.0001390853 0.0000010427 0.0000026846 0.0000562277 0.0423575140 0.0000218552 -0.0000046713 0.0035299949 0.0000660218 0.0027037058
1403638160.79488 0.027431 9.960625 1.604959 -0.545668 -0.618518 -0.362187 0.434169 0.0003516620 -0.0000097760 -0.0001359552 0.0000011815 0.0000037460 0.0000533438 0.0425536090 -0.0000205591 -0.0000045280 0.0035236797 0.0000670826 0.0027042192
1403638160.84488 0.037036 9.987296 1.630874 -0.546144 -0.612034 -0.365310 0.440102 0.0003557105 -0.0000127783 -0.0001310719 0.0000013680 0.0000046782 0.0000490694 0.0427935263 -0.0000671738 -0.0000044256 0.0035118476 0.0000676984 0.0027044438
1403638160.89488 0.048832 10.018746 1.656690 -0.547873 -0.604166 -0.369137 0.445596 0.0003596166 -0.0000161339 -0.0001259548 0.0000016342 0.0000056250 0.0000448782 0.0430041684 -0.0001082811 -0.0000043390 0.0035059250 0.0000688179 0.0027049397
1403638160.94489 0.063022 10.052864 1.682119 -0.549993 -0.596276 -0.374909 0.448782 0.0003631991 -0.0000178574 -0.0001210863 0.0000017894 0.0000059316 0.0000411227 0.0432452300 -0.0001608089 -0.0000043610 0.0035000462 0.0000701924 0.0027052225
1403638160.99491 0.078070 10.086186 1.706959 -0.553022 -0.589558 -0.380564 0.449175 0.0003654590 -0.0000184791 -0.0001179224 0.0000018473 0.0000059446 0.0000387989 0.0435103523 -0.0002238488 -0.0000042457 0.0034979602 0.0000718209 0.0027058505
1403638161.04491 0.093707 10.120119 1.732061 -0.557116 -0.582981 -0.386044 0.448024 0.0003669697 -0.0000189073 -0.0001157317 0.0000018883 0.0000059490 0.0000372441 0.0437743115 -0.0002899829 -0.0000041560 0.0034974295 0.0000735585 0.0027065291
1403638161.09490 0.108908 10.153609 1.755564 -0.562254 -0.576905 -0.390646 0.445474 0.0003675093 -0.0000193769 -0.0001148647 0.0000019358 0.0000060473 0.0000366447 0.0440315141 -0.0003584361 -0.0000042803 0.0034973792 0.0000752443 0.0027070923
1403638161.14490 0.127903 10.184033 1.779067 -0.567857 -0.571930 -0.396073 0.439955 0.0003673841 -0.0000179404 -0.0001152624 0.0000017895 0.0000056239 0.0000369062 0.0442850229 -0.0004262001 -0.0000043455 0.0034979163 0.0000769725 0.0027077675
1403638161.19488 0.147956 10.215130 1.801801 -0.575013 -0.566482 -0.400970 0.433222 0.0003665201 -0.0000168759 -0.0001166253 0.0000016888 0.0000053703 0.0000378554 0.0445207579 -0.0005094285 -0.0000045674 0.0034990655 0.0000786540 0.0027083733
1403638161.24486 0.169214 10.245699 1.824240 -0.583122 -0.560789 -0.405631 0.425380 0.0003651365 -0.0000157649 -0.0001186703 0.0000015895 0.0000051296 0.0000393164 0.0447713988 -0.0005971229 -0.0000048398 0.0035007565 0.0000804190 0.0027090056
1403638161.29485 0.191451 10.276788 1.846229 -0.591539 -0.553729 -0.410630 0.418150 0.0003641686 -0.0000152782 -0.0001200261 0.0000015454 0.0000050475 0.0000403090 0.0450184179 -0.0006891857 -0.0000049902 0.0035029361 0.0000822395 0.0027096234
1403638161.34485 0.214250 10.306835 1.868506 -0.600225 -0.547204 -0.414949 0.410018 0.0003626001 -0.0000145176 -0.0001221754 0.0000014804 0.0000049092 0.0000419187 0.0452628818 -0.0007840751 -0.0000051930 0.0035056479 0.0000841268 0.0027102186
1403638161.39483 0.236467 10.335482 1.890450 -0.608734 -0.542440 -0.416875 0.401766 0.0003598984 -0.0000140146 -0.0001256042 0.0000014306 0.0000049129 0.0000445885 0.0454949249 -0.0008788660 -0.0000050199 0.0035050259 0.0000847381 0.0027097651
1403638161.44482 0.257429 10.366640 1.913064 -0.616541 -0.538936 -0.417939 0.393385 0.0003568275 -0.0000130847 -0.0001294137 0.0000013566 0.0000047700 0.0000476934 0.0457260099 -0.0009743439 -0.0000051502 0.0035069742 0.0000864372 0.0027100890
1403638161.49482 0.280383 10.394694 1.934148 -0.623100 -0.536569 -0.418663 0.385437 0.0003537839 -0.0000116555 -0.0001330511 0.0000012524 0.0000044095 0.0000508017 0.0459820257 -0.0010646680 -0.0000051432 0.0035095195 0.0000882711 0.0027104648
1403638161.54483 0.303399 10.422180 1.952940 -0.628473 -0.533957 -0.419315 0.379588 0.0003515438 -0.0000109772 -0.0001355979 0.0000012045 0.0000042610 0.0000530723 0.0462157483 -0.0011630376 -0.0000049356 0.0035135830 0.0000903014 0.0027109958
1403638161.59484 0.326924 10.450436 1.970467 -0.633081 -0.530779 -0.420069 0.375531 0.0003501037 -0.0000110296 -0.0001371439 0.0000012025 0.0000043477 0.0000544948 0.0464458697 -0.0012629097 -0.0000046701 0.0035176225 0.0000922188 0.0027114521
1403638161.64485 0.350674 10.481210 1.986561 -0.637248 -0.527742 -0.420144 0.372668 0.0003488306 -0.0000117331 -0.0001384246 0.0000012421 0.0000046835 0.0000557044 0.0466827185 -0.0013650058 -0.0000043639 0.0035212500 0.0000938309 0.0027117824
1403638161.69488 0.373226 10.511560 2.000722 -0.640802 -0.524314 -0.419663 0.371957 0.0003481400 -0.0000136590 -0.0001389588 0.0000013766 0.0000054804 0.0000562384 0.0469424501 -0.0014690926 -0.0000040144 0.0035245811 0.0000951818 0.0027120260
1403638161.74492 0.396438 10.544763 2.012494 -0.642875 -0.520843 -0.420168 0.372684 0.0003485040 -0.0000154569 -0.0001383641 0.0000015150 0.0000061650 0.0000557016 0.0471998650 -0.0015687920 -0.0000032786 0.0035272900 0.0000964522 0.0027118324
1403638161.79493 0.420452 10.575882 2.024239 -0.644591 -0.517209 -0.421781 0.372959 0.0003493845 -0.0000166441 -0.0001372834 0.0000016172 0.0000065674 0.0000547048 0.0474824788 -0.0016742393 -0.0000028716 0.0035318409 0.0000977921 0.0027121101
1403638161.84496 0.444896 10.610594 2.037120 -0.645137 -0.513719 -0.425414 0.372711 0.0003510627 -0.0000163966 -0.0001354767 0.0000015831 0.0000063528 0.0000530345 0.0477476259 -0.0017837236 -0.0000024820 0.0035361134 0.0000986715 0.0027121659
1403638161.89496 0.471060 10.640292 2.046991 -0.646261 -0.509122 -0.429299 0.372617 0.0003529320 -0.0000167272 -0.0001333499 0.0000016042 0.0000063442 0.0000511285 0.0480434253 -0.0018955985 -0.0000021501 0.0035422234 0.0000997768 0.0027123946
1403638161.94496 0.498091 10.671355 2.056601 -0.648043 -0.505239 -0.432733 0.370831 0.0003538753 -0.0000162952 -0.0001323221 0.0000015552 0.0000061159 0.0000502147 0.0482938530 -0.0020147493 -0.0000018981 0.0035490039 0.0001005878 0.0027124344
1403638161.99497 0.524840 10.699464 2.064852 -0.650247 -0.501885 -0.434954 0.368923 0.0003541761 -0.0000162569 -0.0001319615 0.0000015422 0.0000060781 0.0000498949 0.0485563312 -0.0021373594 -0.0000017148 0.0035552817 0.0001014267 0.0027124416
1403638162.04497 0.554221 10.739047 2.077160 -0.652182 -0.499023 -0.436519 0.367541 0.0003543844 -0.0000164365 -0.0001316884 0.0000015505 0.0000061279 0.0000496551 0.0487974988 -0.0022597458 -0.0000015966 0.0035619495 0.0001019531 0.0027123802
1403638162.09497 0.582502 10.767282 2.088159 -0.654007 -0.496928 -0.437486 0.365983 0.0003541323 -0.0000165482 -0.0001319603 0.0000015549 0.0000061855 0.0000498876 0.0491435022 -0.0023973214 -0.0000013628 0.0035744390 0.0001031819 0.0027126603
1403638162.14498 0.611093 10.794665 2.100684 -0.656651 -0.495220 -0.436574 0.364650 0.0003530190 -0.0000175065 -0.0001331024 0.0000016429 0.0000066195 0.0000508969 0.0493814646 -0.0025266983 -0.0000011294 0.0035873285 0.0001044915 0.0027128522
1403638162.19498 0.640122 10.821599 2.114571 -0.659590 -0.493458 -0.434618 0.364071 0.0003515934 -0.0000193068 -0.0001344467 0.0000018278 0.0000074019 0.0000521204 0.0496166552 -0.0026583090 -0.0000008586 0.0036014241 0.0001058281 0.0027129970
1403638162.24498 0.669929 10.845797 2.128997 -0.661912 -0.492344 -0.433203 0.363050 0.0003503189 -0.0000202686 -0.0001357011 0.0000019319 0.0000078702 0.0000532714 0.0498469029 -0.0027927616 -0.0000006028 0.0036166911 0.0001071159 0.0027130614
1403638162.29498 0.700431 10.871843 2.143090 -0.663893 -0.491217 -0.431884 0.362531 0.0003492648 -0.0000214004 -0.0001366551 0.0000020603 0.0000083931 0.0000541670 0.0500584023 -0.0029320738 -0.0000003187 0.0036328758 0.0001085085 0.0027129844
1403638162.34498 0.733017 10.898819 2.157266 -0.665605 -0.489385 -0.430354 0.363686 0.0003487281 -0.0000235393 -0.0001368717 0.0000023288 0.0000092593 0.0000544141 0.0502855896 -0.0030760414 -0.0000000090 0.0036514265 0.0001097137 0.0027129253
1403638162.39497 0.766451 10.924872 2.168348 -0.666172 -0.487538 -0.430276 0.365218 0.0003491064 -0.0000251405 -0.0001361788 0.0000025453 0.0000098265 0.0000538076 0.0505222982 -0.0032309144 0.0000003231 0.0036726602 0.0001109707 0.0027130012
1403638162.44497 0.800830 10.950331 2.178259 -0.665859 -0.486216 -0.431234 0.366418 0.0003500081 -0.0000257764 -0.0001350806 0.0000026281 0.0000099667 0.0000528124 0.0507494369 -0.0033887617 0.0000005900 0.0036955395 0.0001120858 0.0027130693
1403638162.49497 0.835458 10.973634 2.186262 -0.664967 -0.485896 -0.433014 0.366365 0.0003509822 -0.0000250081 -0.0001341570 0.0000025075 0.0000095757 0.0000519532 0.0509674048 -0.0035513878 0.0000008445 0.0037205522 0.0001131046 0.0027131861
1403638162.54498 0.871061 10.996976 2.194754 -0.663814 -0.486721 -0.434633 0.365441 0.0003516305 -0.0000233773 -0.0001337329 0.0000022754 0.0000089053 0.0000515304 0.0511680933 -0.0037138782 0.0000010480 0.0037466305 0.0001139769 0.0027132662
1403638162.59498 0.908483 11.020749 2.204536 -0.662889 -0.488624 -0.435888 0.363079 0.0003516128 -0.0000208316 -0.0001341655 0.0000019503 0.0000079603 0.0000518579 0.0513706357 -0.0038829041 0.0000011703 0.0037745365 0.0001147854 0.0027132751
1403638162.64498 0.946711 11.044972 2.216867 -0.661413 -0.490290 -0.437643 0.361410 0.0003520677 -0.0000184342 -0.0001340127 0.0000016771 0.0000070261 0.0000516713 0.0515759924 -0.0040585448 0.0000013943 0.0038049984 0.0001155955 0.0027133872
1403638162.69499 0.986056 11.068941 2.231071 -0.660344 -0.492658 -0.438545 0.359042 0.0003517931 -0.0000158178 -0.0001346581 0.0000014197 0.0000060613 0.0000522017 0.0517886384 -0.0042385266 0.0000016098 0.0038376428 0.0001164965 0.0027135826
1403638162.74499 1.026304 11.092729 2.247389 -0.659822 -0.494627 -0.438718 0.357079 0.0003512285 -0.0000139734 -0.0001354893 0.0000012611 0.0000053949 0.0000529219 0.0519960882 -0.0044227769 0.0000018347 0.0038723140 0.0001174533 0.0027137671
1403638162.79499 1.067725 11.116134 2.265430 -0.661630 -0.493675 -0.436905 0.357274 0.0003502507 -0.0000155195 -0.0001363919 0.0000013896 0.0000060487 0.0000537666 0.0522050608 -0.0046120243 0.0000021128 0.0039089370 0.0001185594 0.0027139336
1403638162.84499 1.110360 11.139284 2.285460 -0.663465 -0.492022 -0.436503 0.356642 0.0003497094 -0.0000163677 -0.0001368794 0.0000014645 0.0000064123 0.0000542271 0.0524092954 -0.0048080258 0.0000024099 0.0039477558 0.0001198078 0.0027141013
1403638162.89498 1.153874 11.163271 2.308106 -0.665200 -0.487895 -0.436871 0.358623 0.0003504570 -0.0000190344 -0.0001357156 0.0000017250 0.0000073813 0.0000531986 0.0526156084 -0.0050101297 0.0000027338 0.0039871799 0.0001209170 0.0027141173
1403638162.94498 1.197842 11.185278 2.331793 -0.666434 -0.483051 -0.437687 0.361881 0.0003518576 -0.0000223631 -0.0001336693 0.0000021096 0.0000085066 0.0000514169 0.0528246541 -0.0052169498 0.0000031836 0.0040287409 0.0001224003 0.0027145028
1403638162.99498 1.242464 11.208498 2.355989 -0.665131 -0.478699 -0.442377 0.364349 0.0003551173 -0.0000231147 -0.0001298165 0.0000021919 0.0000084596 0.0000480835 0.0530247555 -0.0054284002 0.0000036176 0.0040728481 0.0001237551 0.0027149335
1403638163.04498 1.288006 11.230593 2.378872 -0.663970 -0.474213 -0.446726 0.367017 0.0003581762 -0.0000241748 -0.0001259506 0.0000023186 0.0000085099 0.0000449094 0.0532301777 -0.0056420724 0.0000040518 0.0041187641 0.0001250316 0.0027154304
1403638163.09498 1.334613 11.251386 2.397825 -0.663980 -0.469366 -0.450263 0.368902 0.0003604148 -0.0000255899 -0.0001228656 0.0000025035 0.0000087324 0.0000424978 0.0534196895 -0.0058595173 0.0000044739 0.0041670325 0.0001263199 0.0027159426
1403638163.14497 1.382511 11.271060 2.411820 -0.665588 -0.466034 -0.452735 0.367199 0.0003609646 -0.0000254546 -0.0001222087 0.0000024807 0.0000086265 0.0000419849 0.0535994731 -0.0060818864 0.0000048596 0.0042184580 0.0001276404 0.0027164836
1403638163.19496 1.432470 11.288479 2.423882 -0.668075 -0.463474 -0.454975 0.363133 0.0003607220 -0.0000241104 -0.0001228095 0.0000022938 0.0000082173 0.0000424185 0.0537635697 -0.0063093406 0.0000050252 0.0042711481 0.0001287486 0.0027167728
1403638163.24495 1.483280 11.306518 2.430237 -0.670714 -0.461137 -0.458038 0.357346 0.0003602806 -0.0000216389 -0.0001238562 0.0000019791 0.0000074482 0.0000431852 0.0539137190 -0.0065466828 0.0000052872 0.0043301758 0.0001298961 0.0027171617
1403638163.29495 1.536248 11.324915 2.434841 -0.673766 -0.458168 -0.461318 0.351153 0.0003598415 -0.0000191590 -0.0001248417 0.0000016972 0.0000066566 0.0000439176 0.0540729870 -0.0067889396 0.0000055101 0.0043927541 0.0001309738 0.0027175288
1403638163.34495 1.589776 11.342867 2.438061 -0.676681 -0.454240 -0.465602 0.344939 0.0003599138 -0.0000166439 -0.0001251314 0.0000014442 0.0000057970 0.0000441084 0.0542316013 -0.0070407184 0.0000056814 0.0044595997 0.0001318763 0.0027177968
1403638163.39495 1.643961 11.359583 2.440436 -0.679786 -0.449764 -0.470086 0.338559 0.0003600442 -0.0000142196 -0.0001252841 0.0000012333 0.0000049594 0.0000441973 0.0543873710 -0.0072954824 0.0000057884 0.0045289490 0.0001325160 0.0027178956
1403638163.44494 1.698467 11.375857 2.441899 -0.683210 -0.444069 -0.474217 0.333383 0.0003603604 -0.0000130507 -0.0001250301 0.0000011414 0.0000045411 0.0000439805 0.0545333191 -0.0075518005 0.0000058862 0.0046007481 0.0001330328 0.0027179385
1403638163.49493 1.753206 11.393024 2.443691 -0.686951 -0.439468 -0.476410 0.328633 0.0003598247 -0.0000124102 -0.0001257665 0.0000010872 0.0000043547 0.0000445553 0.0546743969 -0.0078088867 0.0000058591 0.0046715880 0.0001323043 0.0027173717
1403638163.54492 1.805671 11.407797 2.447425 -0.689376 -0.434663 -0.479599 0.325290 0.0003602995 -0.0000120482 -0.0001252185 0.0000010577 0.0000042060 0.0000441124 0.0548259000 -0.0080682757 0.0000060210 0.0047473424 0.0001323775 0.0027172483
1403638163.59492 1.859247 11.421023 2.451824 -0.692682 -0.431215 -0.480007 0.322238 0.0003594748 -0.0000122789 -0.0001262480 0.0000010729 0.0000043323 0.0000449327 0.0549507534 -0.0083139252 0.0000064570 0.0048231576 0.0001328384 0.0027173465
1403638163.64492 1.912085 11.432314 2.457910 -0.694271 -0.428712 -0.481836 0.319418 0.0003595139 -0.0000115240 -0.0001262895 0.0000010214 0.0000040684 0.0000449558 0.0550715815 -0.0085671227 0.0000069362 0.0049039593 0.0001333402 0.0027174408
1403638163.69491 1.964239 11.443580 2.466312 -0.695475 -0.426467 -0.483657 0.317041 0.0003597139 -0.0000108003 -0.0001261243 0.0000009752 0.0000038074 0.0000448136 0.0551668607 -0.0088138354 0.0000074721 0.0049856916 0.0001338820 0.0027175618
1403638163.74491 2.015488 11.453129 2.476125 -0.696786 -0.424770 -0.484256 0.315524 0.0003595134 -0.0000107542 -0.0001263952 0.0000009713 0.0000038022 0.0000450273 0.0552672977 -0.0090578288 0.0000080069 0.0050682553 0.0001342922 0.0027175920
1403638163.79491 2.066899 11.463772 2.488823 -0.696735 -0.423549 -0.486170 0.314334 0.0003601814 -0.0000099449 -0.0001256457 0.0000009234 0.0000034904 0.0000444176 0.0553492367 -0.0092963092 0.0000086028 0.0051517862 0.0001348485 0.0027177206
1403638163.84491 2.117599 11.472926 2.502701 -0.697628 -0.421444 -0.486284 0.315005 0.0003603880 -0.0000112889 -0.0001252842 0.0000010002 0.0000039474 0.0000441374 0.0554353818 -0.0095342445 0.0000093026 0.0052362587 0.0001353051 0.0027177281
1403638163.89491 2.168272 11.481881 2.518793 -0.698048 -0.419896 -0.486479 0.315839 0.0003607132 -0.0000123305 -0.0001247906 0.0000010679 0.0000042897 0.0000437535 0.0555129420 -0.0097703020 0.0000100140 0.0053225540 0.0001359380 0.0027178844
1403638163.94491 2.219060 11.490816 2.536840 -0.699455 -0.419285 -0.484801 0.316118 0.0003598679 -0.0000135474 -0.0001257465 0.0000011564 0.0000047586 0.0000445200 0.0555875323 -0.0100062055 0.0000108222 0.0054107252 0.0001366712 0.0027180617
1403638163.99492 2.270092 11.499723 2.556198 -0.701022 -0.417194 -0.482578 0.318806 0.0003593545 -0.0000168328 -0.0001260053 0.0000014348 0.0000059292 0.0000447627 0.0556670964 -0.0102453905 0.0000117159 0.0055013797 0.0001374296 0.0027182252
1403638164.04492 2.321457 11.507989 2.577551 -0.702304 -0.416570 -0.480391 0.320098 0.0003584924 -0.0000187388 -0.0001268219 0.0000016264 0.0000066572 0.0000454447 0.0557450578 -0.0104867174 0.0000126820 0.0055948383 0.0001382981 0.0027185117
1403638164.09492 2.374001 11.517666 2.602361 -0.702799 -0.415655 -0.478917 0.322401 0.0003583025 -0.0000208426 -0.0001267272 0.0000018559 0.0000074021 0.0000453989 0.0558169211 -0.0107303966 0.0000136753 0.0056887138 0.0001388701 0.0027186556
1403638164.14492 2.426089 11.523158 2.626984 -0.702782 -0.414762 -0.478292 0.324511 0.0003584913 -0.0000225481 -0.0001262160 0.0000020625 0.0000079700 0.0000450128 0.0559003123 -0.0109816186 0.0000146789 0.0057887069 0.0001397391 0.0027190447
1403638164.19492 2.478900 11.529277 2.651571 -0.702891 -0.413430 -0.477362 0.327331 0.0003587147 -0.0000248639 -0.0001255161 0.0000023691 0.0000087327 0.0000444921 0.0559424029 -0.0112260521 0.0000156892 0.0058892733 0.0001405786 0.0027194498
1403638164.24492 2.532329 11.533983 2.675269 -0.701764 -0.413315 -0.478153 0.328737 0.0003595704 -0.0000251669 -0.0001243967 0.0000024082 0.0000087396 0.0000436070 0.0559905030 -0.0114751447 0.0000166709 0.0059936074 0.0001413788 0.0027198997
1403638164.29492 2.586584 11.538335 2.697557 -0.701133 -0.412376 -0.478128 0.331287 0.0003602208 -0.0000267346 -0.0001232541 0.0000026325 0.0000091812 0.0000427411 0.0560293102 -0.0117261141 0.0000176142 0.0061009941 0.0001420794 0.0027203450
1403638164.34492 2.640842 11.544641 2.720081 -0.700483 -0.412033 -0.478334 0.332789 0.0003608552 -0.0000274471 -0.0001222758 0.0000027276 0.0000093355 0.0000419985 0.0560594177 -0.0119806744 0.0000185414 0.0062113318 0.0001424536 0.0027205277
1403638164.39492 2.696168 11.545426 2.738712 -0.699857 -0.412083 -0.478455 0.333868 0.0003611061 -0.0000278413 -0.0001218745 0.0000027896 0.0000094318 0.0000416971 0.0561111371 -0.0122364921 0.0000195385 0.0063258464 0.0001433875 0.0027210909
1403638164.44492 2.751761 11.545606 2.756030 -0.698920 -0.412783 -0.478763 0.334524 0.0003615366 -0.0000276175 -0.0001213753 0.0000027551 0.0000093068 0.0000413104 0.0561084342 -0.0124916573 0.0000205021 0.0064450523 0.0001443033 0.0027216278
1403638164.49493 2.808617 11.544186 2.771945 -0.699567 -0.412443 -0.477202 0.335820 0.0003609845 -0.0000290592 -0.0001217731 0.0000029878 0.0000098386 0.0000416408 0.0561022075 -0.0127482715 0.0000215452 0.0065690078 0.0001453703 0.0027221863
1403638164.54493 2.865990 11.541713 2.786792 -0.699623 -0.411637 -0.476569 0.337586 0.0003610526 -0.0000305242 -0.0001213404 0.0000032322 0.0000102951 0.0000413408 0.0560800000 -0.0130085734 0.0000225879 0.0066982617 0.0001463696 0.0027227052
1403638164.59493 2.923958 11.537571 2.800111 -0.700319 -0.410821 -0.475394 0.338792 0.0003606496 -0.0000319985 -0.0001215014 0.0000034938 0.0000108180 0.0000414948 0.0560465645 -0.0132699660 0.0000236386 0.0068313618 0.0001472503 0.0027231592
1403638164.64493 2.982825 11.531383 2.811683 -0.701504 -0.409046 -0.475111 0.338886 0.0003603512 -0.0000330797 -0.0001216139 0.0000036940 0.0000112032 0.0000416047 0.0559954331 -0.0135326235 0.0000246672 0.0069687350 0.0001480033 0.0027235494
1403638164.69494 3.043087 11.523677 2.822889 -0.702640 -0.407638 -0.476523 0.336235 0.0003603170 -0.0000320035 -0.0001219556 0.0000035008 0.0000108725 0.0000418397 0.0559222267 -0.0137976443 0.0000255523 0.0071105371 0.0001483467 0.0027237830
1403638164.74493 3.103024 11.513762 2.832332 -0.702636 -0.406086 -0.480112 0.332999 0.0003613718 -0.0000297953 -0.0001211560 0.0000031159 0.0000100298 0.0000411803 0.0558410604 -0.0140672610 0.0000263625 0.0072587372 0.0001487401 0.0027241317
1403638164.79492 3.163258 11.500988 2.840972 -0.700652 -0.407058 -0.486347 0.326892 0.0003632857 -0.0000237892 -0.0001199667 0.0000022174 0.0000078944 0.0000401753 0.0557368334 -0.0143304372 0.0000269585 0.0074077837 0.0001490615 0.0027244695
1403638164.84491 3.223164 11.487246 2.848996 -0.697799 -0.408657 -0.493597 0.320059 0.0003654563 -0.0000166269 -0.0001182509 0.0000014171 0.0000054160 0.0000388200 0.0556065651 -0.0145900745 0.0000273331 0.0075595456 0.0001492934 0.0027247634
1403638164.89492 3.284558 11.475945 2.857058 -0.695153 -0.409923 -0.500193 0.313900 0.0003672564 -0.0000101631 -0.0001164813 0.0000009339 0.0000032571 0.0000374990 0.0554691119 -0.0148449906 0.0000273508 0.0077078859 0.0001485100 0.0027244878
1403638164.94493 3.344608 11.467462 2.864647 -0.693787 -0.410222 -0.504358 0.309839 0.0003682781 -0.0000062755 -0.0001153086 0.0000007587 0.0000019979 0.0000366568 0.0553552741 -0.0151057930 0.0000275495 0.0078631141 0.0001481234 0.0027244861
1403638164.99495 3.402111 11.451500 2.869662 -0.693138 -0.406798 -0.507415 0.310814 0.0003699817 -0.0000069939 -0.0001128019 0.0000007858 0.0000021662 0.0000349429 0.0552707833 -0.0153625439 0.0000279081 0.0080181116 0.0001479823 0.0027247071
1403638165.04496 3.459817 11.437787 2.873497 -0.693860 -0.400343 -0.509182 0.314672 0.0003717489 -0.0000112520 -0.0001098007 0.0000009963 0.0000033605 0.0000329794 0.0551132146 -0.0155956319 0.0000282797 0.0081675279 0.0001475332 0.0027247732
1403638165.09496 3.516440 11.423540 2.876323 -0.696544 -0.393696 -0.509053 0.317323 0.0003721320 -0.0000159859 -0.0001086409 0.0000013445 0.0000047077 0.0000322649 0.0549752747 -0.0158318723 0.0000287557 0.0083201775 0.0001468166 0.0027247334
1403638165.14496 3.571683 11.406051 2.876564 -0.700354 -0.389019 -0.507209 0.317660 0.0003710496 -0.0000194826 -0.0001097778 0.0000016835 0.0000058081 0.0000330286 0.0548343012 -0.0160632327 0.0000294205 0.0084739078 0.0001462013 0.0027247523
1403638165.19497 3.626139 11.386684 2.875610 -0.704658 -0.387239 -0.504489 0.314633 0.0003687898 -0.0000203394 -0.0001130481 0.0000017843 0.0000062812 0.0000352080 0.0546614683 -0.0162830713 0.0000302310 0.0086268352 0.0001455009 0.0027247068
1403638165.24497 3.680146 11.366291 2.873061 -0.710175 -0.386999 -0.499838 0.309910 0.0003650803 -0.0000204664 -0.0001183243 0.0000018119 0.0000066821 0.0000389109 0.0544742097 -0.0164958415 0.0000312134 0.0087801858 0.0001447094 0.0027245903
1403638165.29497 3.734249 11.345855 2.869115 -0.716369 -0.386354 -0.493620 0.306408 0.0003606466 -0.0000219613 -0.0001239550 0.0000020040 0.0000076000 0.0000431733 0.0542802320 -0.0167038288 0.0000323630 0.0089338873 0.0001436088 0.0027242606
1403638165.34498 3.788205 11.323898 2.864500 -0.720801 -0.383939 -0.489873 0.305059 0.0003579575 -0.0000241759 -0.0001269321 0.0000023017 0.0000086278 0.0000455856 0.0540885252 -0.0169139027 0.0000335375 0.0090917475 0.0001424557 0.0027239079
1403638165.39497 3.846146 11.313261 2.863683 -0.723687 -0.381238 -0.487531 0.305364 0.0003565409 -0.0000266010 -0.0001280676 0.0000026251 0.0000096134 0.0000465794 0.0538847241 -0.0171265118 0.0000327156 0.0092389675 0.0001363800 0.0027210426
1403638165.44498 3.902719 11.291802 2.858595 -0.724131 -0.379826 -0.488613 0.304341 0.0003567003 -0.0000263546 -0.0001279386 0.0000025864 0.0000095115 0.0000464674 0.0537911941 -0.0173735194 0.0000336607 0.0094167042 0.0001353865 0.0027207805
1403638165.49498 3.960165 11.270031 2.854312 -0.721615 -0.377610 -0.493906 0.304531 0.0003597314 -0.0000252876 -0.0001244258 0.0000024139 0.0000088040 0.0000436125 0.0535915210 -0.0175954689 0.0000344584 0.0095917808 0.0001340283 0.0027201488
1403638165.54498 4.021153 11.251353 2.851036 -0.718246 -0.376086 -0.500189 0.304128 0.0003632114 -0.0000231466 -0.0001203300 0.0000021076 0.0000077244 0.0000404354 0.0533891582 -0.0178188560 0.0000347777 0.0097702078 0.0001323457 0.0027193934
1403638165.59497 4.078315 11.225388 2.843795 -0.714028 -0.373867 -0.507307 0.305004 0.0003671671 -0.0000215977 -0.0001151736 0.0000019029 0.0000068290 0.0000366932 0.0532148697 -0.0180600926 0.0000353856 0.0099637185 0.0001314461 0.0027191060
1403638165.64497 4.134180 11.197224 2.836181 -0.708811 -0.373480 -0.515597 0.303744 0.0003712454 -0.0000175368 -0.0001098306 0.0000014571 0.0000052393 0.0000330525 0.0529702546 -0.0182692240 0.0000358168 0.0101450249 0.0001300274 0.0027183236
1403638165.69496 4.189331 11.167325 2.825552 -0.704918 -0.372137 -0.521605 0.304193 0.0003743347 -0.0000157365 -0.0001052353 0.0000012904 0.0000044734 0.0000301405 0.0527057238 -0.0184645906 0.0000363040 0.0103228746 0.0001287771 0.0027178381
1403638165.74497 4.244407 11.134515 2.813809 -0.701663 -0.372548 -0.526740 0.302360 0.0003764208 -0.0000123266 -0.0001022432 0.0000010336 0.0000033956 0.0000283251 0.0524219475 -0.0186516761 0.0000367251 0.0105010828 0.0001278597 0.0027174947
1403638165.79498 4.297970 11.101155 2.799673 -0.701569 -0.373715 -0.527188 0.300350 0.0003762374 -0.0000106002 -0.0001027687 0.0000009306 0.0000029419 0.0000286262 0.0521144484 -0.0188302802 0.0000371672 0.0106801636 0.0001268209 0.0027170913
1403638165.84499 4.350784 11.066424 2.785703 -0.703808 -0.376095 -0.524335 0.297118 0.0003741661 -0.0000091772 -0.0001063275 0.0000008583 0.0000026538 0.0000307741 0.0518036690 -0.0189996469 0.0000373402 0.0108552826 0.0001251121 0.0027158765
1403638165.89499 4.402735 11.030850 2.772955 -0.707001 -0.378198 -0.519970 0.294529 0.0003714451 -0.0000088740 -0.0001106404 0.0000008474 0.0000026891 0.0000335199 0.0514840029 -0.0191624105 0.0000377924 0.0110314010 0.0001237582 0.0027151380
1403638165.94500 4.453660 10.995327 2.762773 -0.709619 -0.380669 -0.516385 0.291340 0.0003688845 -0.0000077528 -0.0001145537 0.0000008004 0.0000024529 0.0000361430 0.0511608174 -0.0193195143 0.0000383655 0.0112076182 0.0001225567 0.0027145379
1403638165.99500 4.503554 10.959112 2.754401 -0.712948 -0.382951 -0.511476 0.288872 0.0003657166 -0.0000076475 -0.0001190460 0.0000007993 0.0000025345 0.0000393271 0.0508434449 -0.0194719802 0.0000390830 0.0113829325 0.0001215201 0.0027140048
1403638166.04500 4.552721 10.922230 2.748236 -0.716594 -0.384864 -0.506125 0.286723 0.0003622881 -0.0000080686 -0.0001235990 0.0000008210 0.0000027979 0.0000427502 0.0505253913 -0.0196197502 0.0000398901 0.0115580059 0.0001205813 0.0027135521
1403638166.09500 4.601737 10.885241 2.745396 -0.718076 -0.388386 -0.503696 0.282513 0.0003598211 -0.0000054104 -0.0001268797 0.0000007239 0.0000019512 0.0000453285 0.0502046868 -0.0197634779 0.0000407749 0.0117330921 0.0001197913 0.0027130335
1403638166.14499 4.649295 10.847671 2.745278 -0.718808 -0.391466 -0.502104 0.279215 0.0003580054 -0.0000030552 -0.0001291899 0.0000006695 0.0000011443 0.0000472124 0.0498817055 -0.0199026319 0.0000416628 0.0119075648 0.0001190321 0.0027126332
1403638166.19500 4.696795 10.810918 2.749103 -0.719170 -0.393699 -0.500574 0.277889 0.0003567803 -0.0000020090 -0.0001306834 0.0000006557 0.0000007764 0.0000484637 0.0495643371 -0.0200367310 0.0000424868 0.0120786251 0.0001182372 0.0027122332
1403638166.24501 4.741318 10.771903 2.759310 -0.718982 -0.395536 -0.499902 0.276972 0.0003560733 -0.0000009460 -0.0001315040 0.0000006421 0.0000003883 0.0000491645 0.0492540184 -0.0201721628 0.0000430135 0.0122483942 0.0001171277 0.0027117127
1403638166.29501 4.786371 10.733900 2.773215 -0.718102 -0.397156 -0.500188 0.276421 0.0003561049 0.0000002230 -0.0001314842 0.0000006410 -0.0000000450 0.0000491469 0.0489211609 -0.0202870293 0.0000436598 0.0124079478 0.0001161713 0.0027114395
1403638166.34501 4.831053 10.696381 2.791619 -0.717603 -0.399266 -0.499857 0.275275 0.0003555675 0.0000016428 -0.0001321109 0.0000006497 -0.0000005747 0.0000496869 0.0485990932 -0.0204064537 0.0000441173 0.0125693476 0.0001149421 0.0027111650
1403638166.39501 4.873892 10.657330 2.814195 -0.716812 -0.400660 -0.500248 0.274598 0.0003555790 0.0000028229 -0.0001320880 0.0000006662 -0.0000010147 0.0000496695 0.0482790442 -0.0205234635 0.0000443499 0.0127281066 0.0001134173 0.0027108902
1403638166.44502 4.917012 10.619876 2.838721 -0.717059 -0.401954 -0.499273 0.273836 0.0003547815 0.0000033664 -0.0001330025 0.0000006772 -0.0000012293 0.0000504655 0.0479419139 -0.0206270380 0.0000443635 0.0128778733 0.0001115051 0.0027105571
1403638166.49501 4.957489 10.581897 2.863067 -0.716476 -0.402779 -0.499526 0.273689 0.0003548525 0.0000039263 -0.0001328874 0.0000006856 -0.0000014397 0.0000503696 0.0476281477 -0.0207408802 0.0000440446 0.0130299720 0.0001092256 0.0027101242
1403638166.54502 4.996709 10.542970 2.885838 -0.716492 -0.402702 -0.498726 0.275214 0.0003549137 0.0000028634 -0.0001328168 0.0000006631 -0.0000010422 0.0000503085 0.0473083682 -0.0208397806 0.0000437002 0.0131713441 0.0001070649 0.0027097692
1403638166.59501 5.036079 10.506829 2.907235 -0.715753 -0.403111 -0.499259 0.275570 0.0003553327 0.0000031159 -0.0001323363 0.0000006688 -0.0000011323 0.0000498917 0.0469858822 -0.0209299481 0.0000439718 0.0133182521 0.0001058276 0.0027096436
1403638166.64501 5.074571 10.470294 2.926252 -0.716141 -0.403104 -0.498139 0.276599 0.0003550354 0.0000021277 -0.0001327031 0.0000006555 -0.0000007676 0.0000502083 0.0466870150 -0.0210226738 0.0000442956 0.0134659198 0.0001047337 0.0027095598
1403638166.69500 5.111162 10.432585 2.943282 -0.716815 -0.402008 -0.496932 0.278612 0.0003550012 0.0000001106 -0.0001327464 0.0000006436 -0.0000000138 0.0000502463 0.0463874164 -0.0211137222 0.0000443472 0.0136079152 0.0001031999 0.0027094496
1403638166.74500 5.150777 10.402207 2.959219 -0.718194 -0.400665 -0.494442 0.281410 0.0003544563 -0.0000029577 -0.0001333429 0.0000006699 0.0000011410 0.0000507724 0.0460810702 -0.0211881648 0.0000451733 0.0137505171 0.0001031072 0.0027096437
1403638166.79499 5.189433 10.371980 2.973073 -0.721782 -0.398133 -0.488805 0.285640 0.0003524782 -0.0000086558 -0.0001353247 0.0000008597 0.0000033540 0.0000525688 0.0458346732 -0.0212885864 0.0000460868 0.0139078647 0.0001031563 0.0027098776
1403638166.84497 5.226339 10.341833 2.984033 -0.726618 -0.396294 -0.481357 0.288573 0.0003488954 -0.0000141677 -0.0001387327 0.0000012232 0.0000056671 0.0000557858 0.0455906057 -0.0213867076 0.0000469696 0.0140634643 0.0001031235 0.0027100416
1403638166.89496 5.266347 10.312859 2.993022 -0.732714 -0.395141 -0.471884 0.290377 0.0003434172 -0.0000195089 -0.0001436720 0.0000017590 0.0000081990 0.0000607384 0.0453493832 -0.0214781858 0.0000481055 0.0142166461 0.0001033040 0.0027103392
1403638166.94496 5.308133 10.284198 3.000648 -0.737432 -0.395137 -0.464532 0.290294 0.0003386304 -0.0000224916 -0.0001477946 0.0000021470 0.0000098562 0.0000651468 0.0451170953 -0.0215863013 0.0000492575 0.0143868943 0.0001034450 0.0027106477
1403638166.99496 5.350118 10.256471 3.007523 -0.741057 -0.396372 -0.459015 0.288148 0.0003343675 -0.0000231266 -0.0001515177 0.0000022545 0.0000105207 0.0000693121 0.0448907534 -0.0217036554 0.0000504243 0.0145676554 0.0001035429 0.0027110000
1403638167.04496 5.394442 10.230130 3.014325 -0.742818 -0.398463 -0.456302 0.285021 0.0003316453 -0.0000218036 -0.0001540440 0.0000020897 0.0000101678 0.0000722112 0.0446761401 -0.0218252647 0.0000515446 0.0147526922 0.0001036894 0.0027114332
1403638167.09496 5.440899 10.204970 3.022561 -0.743689 -0.400261 -0.454922 0.282425 0.0003299689 -0.0000203139 -0.0001556399 0.0000019075 0.0000096215 0.0000740781 0.0444743729 -0.0219593948 0.0000525974 0.0149497217 0.0001037616 0.0027118345
1403638167.14496 5.489047 10.179994 3.031958 -0.742859 -0.402863 -0.456156 0.278898 0.0003297548 -0.0000170011 -0.0001562142 0.0000015335 0.0000080910 0.0000746720 0.0442852452 -0.0221053714 0.0000536256 0.0151585051 0.0001038170 0.0027122782
1403638167.19495 5.538188 10.158835 3.043918 -0.741711 -0.404274 -0.457957 0.276954 0.0003303417 -0.0000147286 -0.0001559543 0.0000013140 0.0000069886 0.0000742959 0.0441031620 -0.0222580278 0.0000544699 0.0153755312 0.0001039337 0.0027126689
1403638167.24494 5.589977 10.140233 3.057472 -0.740132 -0.406610 -0.460272 0.273902 0.0003309232 -0.0000113018 -0.0001557642 0.0000010438 0.0000053521 0.0000739890 0.0439536006 -0.0224221084 0.0000554649 0.0155987410 0.0001040762 0.0027131821
1403638167.29492 5.642971 10.123094 3.072160 -0.738561 -0.407311 -0.462805 0.272829 0.0003322312 -0.0000094376 -0.0001548013 0.0000009265 0.0000044283 0.0000727999 0.0438196354 -0.0225986310 0.0000562729 0.0158326374 0.0001038910 0.0027134297
1403638167.34492 5.698126 10.109135 3.088891 -0.737359 -0.407771 -0.464710 0.272158 0.0003332663 -0.0000081359 -0.0001540044 0.0000008582 0.0000037894 0.0000718379 0.0437050587 -0.0227852570 0.0000572455 0.0160762857 0.0001040576 0.0027139581
1403638167.39492 5.754172 10.097841 3.106563 -0.736980 -0.407358 -0.465704 0.272101 0.0003338958 -0.0000078658 -0.0001534882 0.0000008468 0.0000036456 0.0000712298 0.0436069405 -0.0229817629 0.0000582259 0.0163293359 0.0001042863 0.0027145779
1403638167.44491 5.811352 10.089744 3.124110 -0.736052 -0.406222 -0.467392 0.273416 0.0003354160 -0.0000083074 -0.0001521581 0.0000008691 0.0000037988 0.0000696975 0.0435317196 -0.0231878177 0.0000590060 0.0165881863 0.0001044024 0.0027151207
1403638167.49491 5.868816 10.081820 3.140123 -0.734977 -0.404511 -0.469403 0.275392 0.0003373585 -0.0000091714 -0.0001504016 0.0000009148 0.0000041199 0.0000677237 0.0434785203 -0.0234049743 0.0000598972 0.0168565030 0.0001045898 0.0027157704
1403638167.54491 5.927218 10.074496 3.154108 -0.733312 -0.402495 -0.472273 0.277867 0.0003399651 -0.0000100510 -0.0001479787 0.0000009647 0.0000044068 0.0000650807 0.0434258348 -0.0236229848 0.0000607418 0.0171289493 0.0001047895 0.0027164097
1403638167.59491 5.986461 10.068777 3.166762 -0.732333 -0.398785 -0.474339 0.282243 0.0003425887 -0.0000129633 -0.0001452625 0.0000011599 0.0000055307 0.0000622598 0.0433767298 -0.0238455835 0.0000612768 0.0174066109 0.0001046998 0.0027167293
1403638167.64491 6.044885 10.060886 3.176854 -0.732615 -0.393434 -0.475338 0.287296 0.0003446046 -0.0000174184 -0.0001428314 0.0000015524 0.0000072572 0.0000598655 0.0433337177 -0.0240722970 0.0000618478 0.0176919925 0.0001046337 0.0027171506
1403638167.69491 6.103001 10.053018 3.185402 -0.733525 -0.388160 -0.476576 0.290084 0.0003459871 -0.0000207137 -0.0001410141 0.0000019146 0.0000084828 0.0000581377 0.0432747547 -0.0242924467 0.0000625187 0.0179790964 0.0001046968 0.0027176871
1403638167.74491 6.163015 10.044933 3.192685 -0.735041 -0.381915 -0.478177 0.291896 0.0003471627 -0.0000238309 -0.0001393267 0.0000023129 0.0000096078 0.0000565808 0.0432137426 -0.0245107117 0.0000630956 0.0182678321 0.0001046706 0.0027181878
1403638167.79493 6.225801 10.034541 3.200030 -0.737619 -0.374745 -0.479006 0.293320 0.0003476158 -0.0000275086 -0.0001381760 0.0000028565 0.0000109822 0.0000555904 0.0431509584 -0.0247360525 0.0000635043 0.0185689498 0.0001046062 0.0027185609
1403638167.84493 6.287796 10.025029 3.204702 -0.740939 -0.367573 -0.479568 0.293110 0.0003473408 -0.0000305612 -0.0001378342 0.0000033708 0.0000121790 0.0000553653 0.0430667780 -0.0249670783 0.0000638999 0.0188887816 0.0001043063 0.0027189497
1403638167.89494 6.352764 10.016317 3.210078 -0.743622 -0.360631 -0.481839 0.291210 0.0003477489 -0.0000319882 -0.0001370930 0.0000036263 0.0000126648 0.0000547174 0.0429897947 -0.0251954982 0.0000644943 0.0192074737 0.0001042868 0.0027195550
1403638167.94494 6.418901 10.006850 3.214706 -0.746292 -0.353511 -0.484263 0.289080 0.0003481634 -0.0000333292 -0.0001363457 0.0000038760 0.0000131088 0.0000540685 0.0429182180 -0.0254360886 0.0000650677 0.0195437565 0.0001041907 0.0027201368
1403638167.99495 6.486030 9.997397 3.218367 -0.749241 -0.347103 -0.486901 0.284755 0.0003482392 -0.0000331910 -0.0001363068 0.0000038492 0.0000130499 0.0000540295 0.0428386890 -0.0256788228 0.0000655121 0.0198889755 0.0001040051 0.0027206250
1403638168.04495 6.551967 9.982794 3.221187 -0.751448 -0.340937 -0.489678 0.281608 0.0003487324 -0.0000334419 -0.0001357295 0.0000038926 0.0000130759 0.0000535060 0.0427632299 -0.0259265329 0.0000658064 0.0202434041 0.0001035875 0.0027210644
1403638168.09494 6.618151 9.966817 3.225442 -0.753567 -0.334910 -0.491793 0.279486 0.0003490607 -0.0000343963 -0.0001351471 0.0000040753 0.0000133794 0.0000530067 0.0426470212 -0.0261560385 0.0000660443 0.0205958446 0.0001030544 0.0027214387
1403638168.14494 6.687120 9.952185 3.232164 -0.755501 -0.330607 -0.494340 0.274855 0.0003492986 -0.0000331388 -0.0001352184 0.0000038296 0.0000128911 0.0000530295 0.0425068594 -0.0263731718 0.0000665549 0.0209499772 0.0001027521 0.0027219237
1403638168.19494 6.757578 9.935477 3.240987 -0.757331 -0.324887 -0.497263 0.271343 0.0003499301 -0.0000329585 -0.0001345896 0.0000037898 0.0000127400 0.0000524523 0.0423796045 -0.0266046535 0.0000671104 0.0213233362 0.0001024829 0.0027223760
1403638168.24495 6.829950 9.918857 3.252179 -0.759492 -0.321302 -0.500231 0.264018 0.0003499441 -0.0000298506 -0.0001353113 0.0000032304 0.0000116054 0.0000530106 0.0422377289 -0.0268375994 0.0000678480 0.0217116364 0.0001023230 0.0027228616
1403638168.29495 6.904074 9.900237 3.264037 -0.761882 -0.316377 -0.502974 0.257796 0.0003499807 -0.0000279342 -0.0001356933 0.0000029131 0.0000108938 0.0000533048 0.0420982218 -0.0270758387 0.0000687033 0.0221128491 0.0001023710 0.0027235656
1403638168.34495 6.979544 9.880447 3.277488 -0.763814 -0.311002 -0.506656 0.251329 0.0003505717 -0.0000257836 -0.0001354883 0.0000025782 0.0000100275 0.0000530601 0.0419482382 -0.0273169746 0.0000696028 0.0225295605 0.0001024006 0.0027242595
1403638168.39495 7.055967 9.859491 3.292656 -0.765530 -0.304637 -0.510508 0.246053 0.0003514956 -0.0000246374 -0.0001347020 0.0000024083 0.0000095049 0.0000523200 0.0417924782 -0.0275596915 0.0000705285 0.0229580273 0.0001024560 0.0027250019
1403638168.44495 7.132082 9.838838 3.308735 -0.767283 -0.301077 -0.513727 0.238145 0.0003516768 -0.0000210585 -0.0001351254 0.0000019414 0.0000081531 0.0000526225 0.0416254043 -0.0277985092 0.0000715228 0.0233936875 0.0001026239 0.0027259952
1403638168.49495 7.208158 9.818204 3.323468 -0.769964 -0.299631 -0.514571 0.229331 0.0003502406 -0.0000167610 -0.0001373002 0.0000014813 0.0000066305 0.0000545342 0.0414647163 -0.0280367806 0.0000725708 0.0238319162 0.0001027340 0.0027269804
1403638168.54494 7.284161 9.798413 3.336728 -0.772269 -0.299909 -0.515170 0.219669 0.0003484759 -0.0000112894 -0.0001397340 0.0000010439 0.0000045838 0.0000567493 0.0413081993 -0.0282744526 0.0000736733 0.0242738357 0.0001029140 0.0027280833
1403638168.59494 7.359875 9.778888 3.347851 -0.775319 -0.300944 -0.513833 0.210449 0.0003454772 -0.0000063109 -0.0001431171 0.0000007930 0.0000026683 0.0000600156 0.0411595178 -0.0285122020 0.0000748546 0.0247190068 0.0001031726 0.0027292519
1403638168.64494 7.436018 9.760315 3.357407 -0.777200 -0.302030 -0.513639 0.202267 0.0003433651 -0.0000014694 -0.0001453389 0.0000006837 0.0000006727 0.0000622548 0.0410185663 -0.0287506686 0.0000761137 0.0251678364 0.0001034470 0.0027304613
1403638168.69494 7.511165 9.740660 3.364779 -0.778844 -0.302965 -0.513181 0.195598 0.0003413222 0.0000023848 -0.0001472828 0.0000006933 -0.0000009814 0.0000642960 0.0408875301 -0.0289938751 0.0000775292 0.0256234389 0.0001038478 0.0027315370
1403638168.74495 7.587196 9.725086 3.371525 -0.779905 -0.303487 -0.512890 0.191279 0.0003400498 0.0000048609 -0.0001484218 0.0000007465 -0.0000020762 0.0000655293 0.0407506319 -0.0292283961 0.0000789037 0.0260772094 0.0001041303 0.0027326451
1403638168.79495 7.662883 9.710809 3.376401 -0.780770 -0.303396 -0.512455 0.189048 0.0003391870 0.0000058924 -0.0001491905 0.0000007799 -0.0000025475 0.0000663721 0.0406458524 -0.0294771078 0.0000802718 0.0265398958 0.0001043424 0.0027337039
1403638168.84495 7.739055 9.696872 3.379959 -0.781857 -0.303730 -0.511441 0.186750 0.0003378969 0.0000069513 -0.0001503244 0.0000008205 -0.0000030497 0.0000676318 0.0405519263 -0.0297286916 0.0000815881 0.0270061589 0.0001044324 0.0027346408
1403638168.89496 7.815601 9.686112 3.382951 -0.782158 -0.304394 -0.511275 0.184856 0.0003373253 0.0000082101 -0.0001507753 0.0000008740 -0.0000036286 0.0000681486 0.0404627262 -0.0299848169 0.0000828656 0.0274811671 0.0001041929 0.0027350720
1403638168.94496 7.891971 9.678043 3.382815 -0.782842 -0.304439 -0.510224 0.184788 0.0003365795 0.0000079310 -0.0001514638 0.0000008619 -0.0000035285 0.0000689190 0.0404004983 -0.0302513497 0.0000841024 0.0279627397 0.0001042514 0.0027360271
1403638168.99497 7.968565 9.671891 3.382374 -0.782001 -0.305247 -0.510959 0.184987 0.0003371134 0.0000084093 -0.0001509770 0.0000008855 -0.0000037269 0.0000683737 0.0403594961 -0.0305260497 0.0000852481 0.0284488734 0.0001042050 0.0027369342
1403638169.04498 8.046635 9.670225 3.383095 -0.779508 -0.305723 -0.513881 0.186621 0.0003394935 0.0000087059 -0.0001488194 0.0000008993 -0.0000037783 0.0000659889 0.0403311314 -0.0308073715 0.0000861778 0.0289415997 0.0001039554 0.0027375548
1403638169.09498 8.124669 9.668655 3.381015 -0.776421 -0.303727 -0.517768 0.191929 0.0003434488 0.0000062203 -0.0001452275 0.0000007889 -0.0000025913 0.0000621537 0.0403369730 -0.0311075009 0.0000869813 0.0294469204 0.0001036974 0.0027381908
1403638169.14499 8.203504 9.670433 3.376986 -0.774272 -0.302124 -0.519938 0.197204 0.0003462448 0.0000033831 -0.0001425674 0.0000007079 -0.0000013530 0.0000594398 0.0403394097 -0.0314057782 0.0000875872 0.0299549404 0.0001033768 0.0027385694
1403638169.19499 8.281513 9.671752 3.371272 -0.772989 -0.299907 -0.520819 0.203204 0.0003482873 -0.0000005739 -0.0001405316 0.0000006758 0.0000002734 0.0000574361 0.0403643871 -0.0317164544 0.0000880522 0.0304733139 0.0001029163 0.0027388369
1403638169.24499 8.359465 9.673562 3.364391 -0.772203 -0.295632 -0.521572 0.210400 0.0003504457 -0.0000061506 -0.0001381375 0.0000007826 0.0000024691 0.0000551780 0.0403839060 -0.0320230323 0.0000882985 0.0309930500 0.0001023149 0.0027388958
1403638169.29500 8.437354 9.676980 3.356102 -0.771748 -0.289447 -0.522869 0.217334 0.0003526781 -0.0000123066 -0.0001353042 0.0000011053 0.0000047696 0.0000526320 0.0404042851 -0.0323300784 0.0000886056 0.0315182290 0.0001019116 0.0027392203
1403638169.34500 8.514985 9.678952 3.346883 -0.771322 -0.279736 -0.524968 0.226316 0.0003554277 -0.0000209495 -0.0001311150 0.0000019121 0.0000077813 0.0000490843 0.0404345641 -0.0326424790 0.0000887664 0.0320492675 0.0001013578 0.0027394410
1403638169.39500 8.593855 9.678351 3.336872 -0.771155 -0.269856 -0.527588 0.232698 0.0003575689 -0.0000281064 -0.0001272197 0.0000028885 0.0000100571 0.0000459753 0.0404493312 -0.0329485320 0.0000889383 0.0325861118 0.0001009973 0.0027396662
1403638169.44500 8.671917 9.677908 3.326209 -0.770845 -0.260144 -0.531127 0.236702 0.0003596318 -0.0000337187 -0.0001232844 0.0000038434 0.0000116195 0.0000429711 0.0404366115 -0.0332449338 0.0000892629 0.0331335160 0.0001008428 0.0027403884
1403638169.49499 8.750763 9.674654 3.318472 -0.771429 -0.251126 -0.534504 0.236936 0.0003609248 -0.0000370795 -0.0001206538 0.0000044919 0.0000124583 0.0000410397 0.0404228631 -0.0335388766 0.0000894045 0.0336812180 0.0001008660 0.0027406717
1403638169.54499 8.828771 9.667308 3.310375 -0.771740 -0.243204 -0.538475 0.235188 0.0003623384 -0.0000386430 -0.0001182992 0.0000048047 0.0000126806 0.0000393293 0.0403869465 -0.0338243219 0.0000898799 0.0342399258 0.0001008470 0.0027416574
1403638169.59499 8.906580 9.658893 3.303739 -0.773156 -0.235891 -0.541865 0.230147 0.0003630813 -0.0000383597 -0.0001174046 0.0000047356 0.0000124684 0.0000386713 0.0403101513 -0.0340849423 0.0000903974 0.0347937951 0.0001008122 0.0027427423
1403638169.64499 8.984422 9.646844 3.299248 -0.775015 -0.229721 -0.545124 0.222305 0.0003635699 -0.0000360539 -0.0001174915 0.0000042564 0.0000117150 0.0000386795 0.0402299273 -0.0343412206 0.0000909314 0.0353492415 0.0001007650 0.0027439447
1403638169.69499 9.062366 9.633287 3.294795 -0.777756 -0.225000 -0.547483 0.211501 0.0003633616 -0.0000316134 -0.0001190698 0.0000034289 0.0000104216 0.0000397339 0.0401251838 -0.0345854515 0.0000915422 0.0359108158 0.0001007831 0.0027452022
1403638169.74499 9.138280 9.619037 3.292279 -0.780311 -0.218799 -0.550143 0.201458 0.0003633183 -0.0000281988 -0.0001200056 0.0000028607 0.0000093751 0.0000403575 0.0400099018 -0.0348247971 0.0000912410 0.0364760959 0.0001004659 0.0027456291
1403638169.79499 9.215900 9.601353 3.290907 -0.782283 -0.214453 -0.553927 0.187637 0.0003636582 -0.0000213936 -0.0001209775 0.0000019260 0.0000071741 0.0000409678 0.0398876759 -0.0350485577 0.0000917802 0.0370276595 0.0001005173 0.0027467480
1403638169.84499 9.292995 9.581605 3.293346 -0.784436 -0.210065 -0.557318 0.173001 0.0003635944 -0.0000142391 -0.0001221369 0.0000012210 0.0000048362 0.0000417544 0.0397484480 -0.0352698417 0.0000924560 0.0375976151 0.0001006893 0.0027481364
1403638169.89499 9.369122 9.560478 3.298249 -0.786065 -0.204475 -0.561170 0.159310 0.0003638605 -0.0000079876 -0.0001223813 0.0000008351 0.0000027355 0.0000418917 0.0395998652 -0.0354833276 0.0000931840 0.0381687735 0.0001008465 0.0027496018
1403638169.94499 9.442798 9.541038 3.304839 -0.785302 -0.198700 -0.567952 0.145771 0.0003658452 -0.0000012121 -0.0001200100 0.0000006595 0.0000004417 0.0000400963 0.0394425814 -0.0356856992 0.0000939253 0.0387319530 0.0001010970 0.0027510110
1403638169.99499 9.514484 9.519577 3.313552 -0.783907 -0.190672 -0.575163 0.135357 0.0003684660 0.0000027860 -0.0001163702 0.0000006749 -0.0000008387 0.0000374794 0.0393041057 -0.0358856819 0.0000946771 0.0392800896 0.0001012868 0.0027526294
1403638170.04499 9.584337 9.499002 3.322651 -0.782815 -0.180374 -0.581599 0.128095 0.0003711250 0.0000036213 -0.0001124999 0.0000006877 -0.0000010577 0.0000348270 0.0391486366 -0.0360665519 0.0000954302 0.0398129387 0.0001014723 0.0027543338
1403638170.09499 9.653933 9.483701 3.329277 -0.782836 -0.169311 -0.586192 0.121986 0.0003729683 0.0000029714 -0.0001097427 0.0000006712 -0.0000008344 0.0000330132 0.0389991805 -0.0362440400 0.0000961183 0.0403349875 0.0001019851 0.0027558417
1403638170.14500 9.720127 9.464774 3.335292 -0.784661 -0.156870 -0.588180 0.117235 0.0003735300 0.0000002396 -0.0001089382 0.0000006451 -0.0000000296 0.0000324942 0.0388897665 -0.0364386712 0.0000969273 0.0408577446 0.0001023003 0.0027575727
1403638170.19500 9.784381 9.443765 3.339415 -0.786774 -0.144098 -0.589486 0.112818 0.0003737502 -0.0000029361 -0.0001085846 0.0000006652 0.0000008935 0.0000322703 0.0387501183 -0.0366038640 0.0000977888 0.0413567296 0.0001026631 0.0027593131
1403638170.24499 9.846182 9.423711 3.340189 -0.789254 -0.131372 -0.589961 0.108468 0.0003734966 -0.0000062625 -0.0001088734 0.0000007435 0.0000018663 0.0000324599 0.0385939924 -0.0367524551 0.0000986415 0.0418430809 0.0001030192 0.0027608605
1403638170.29499 9.905235 9.402294 3.340760 -0.791909 -0.117993 -0.589825 0.105186 0.0003729238 -0.0000106143 -0.0001094635 0.0000009374 0.0000031567 0.0000328549 0.0384453399 -0.0368954905 0.0000995486 0.0423160453 0.0001033098 0.0027625755
1403638170.34499 9.969919 9.384173 3.339423 -0.795188 -0.105703 -0.588571 0.100434 0.0003716730 -0.0000136353 -0.0001110824 0.0000011290 0.0000041166 0.0000339242 0.0382824701 -0.0370225675 0.0001007154 0.0427705122 0.0001037862 0.0027640378
1403638170.39499 10.025953 9.362542 3.336153 -0.798785 -0.093673 -0.586626 0.095066 0.0003698622 -0.0000162155 -0.0001134769 0.0000013357 0.0000050160 0.0000355424 0.0381473514 -0.0371839307 0.0001017928 0.0432766345 0.0001041208 0.0027656684
1403638170.44499 10.079522 9.338483 3.331268 -0.801828 -0.082538 -0.585101 0.088972 0.0003683210 -0.0000177773 -0.0001155096 0.0000014770 0.0000056148 0.0000369520 0.0379830594 -0.0372964652 0.0001026557 0.0437146203 0.0001042080 0.0027670840
1403638170.49500 10.133136 9.314832 3.326573 -0.804287 -0.069918 -0.583871 0.085610 0.0003669553 -0.0000215921 -0.0001168295 0.0000018865 0.0000069142 0.0000379218 0.0378033669 -0.0373906656 0.0001037661 0.0441377498 0.0001043761 0.0027684965
1403638170.54500 10.186635 9.290432 3.321108 -0.804922 -0.056734 -0.584660 0.083991 0.0003666432 -0.0000265165 -0.0001162833 0.0000025298 0.0000084497 0.0000376020 0.0376247352 -0.0374862030 0.0001047421 0.0445651194 0.0001043944 0.0027694947
1403638170.59500 10.237314 9.263750 3.319543 -0.804796 -0.044372 -0.586297 0.081177 0.0003667711 -0.0000302684 -0.0001152144 0.0000031071 0.0000095474 0.0000369092 0.0374393216 -0.0375777158 0.0001055637 0.0449984556 0.0001043105 0.0027708321
1403638170.64499 10.286384 9.234763 3.320362 -0.803452 -0.033129 -0.589481 0.076680 0.0003678574 -0.0000324374 -0.0001130697 0.0000034560 0.0000100109 0.0000354623 0.0372282357 -0.0376477444 0.0001060420 0.0454066277 0.0001045818 0.0027710149
1403638170.69499 10.333683 9.202629 3.323589 -0.802316 -0.022378 -0.592141 0.071815 0.0003686851 -0.0000342515 -0.0001113451 0.0000037745 0.0000103824 0.0000343286 0.0370057362 -0.0376965639 0.0001067257 0.0458001209 0.0001044737 0.0027722936
1403638170.74499 10.378585 9.169266 3.327933 -0.802559 -0.013038 -0.592783 0.065862 0.0003685652 -0.0000348410 -0.0001113738 0.0000038825 0.0000105641 0.0000343525 0.0367606567 -0.0377201969 0.0001075334 0.0461708736 0.0001043725 0.0027736952
1403638170.79500 10.422342 9.133937 3.333804 -0.802100 -0.003743 -0.594202 0.059543 0.0003689374 -0.0000351693 -0.0001107487 0.0000039380 0.0000105901 0.0000339363 0.0365088781 -0.0377336637 0.0001084125 0.0465321443 0.0001042681 0.0027751158
1403638170.84500 10.451123 9.091657 3.335079 -0.802316 0.004986 -0.594530 0.052892 0.0003686987 -0.0000351050 -0.0001111576 0.0000039194 0.0000106136 0.0000341975 0.0362391990 -0.0377330791 0.0001084359 0.0468821455 0.0001038980 0.0027758591
1403638170.89500 10.488073 9.052355 3.340985 -0.802475 0.012916 -0.594849 0.044965 0.0003688533 -0.0000338307 -0.0001113562 0.0000036754 0.0000102398 0.0000342978 0.0359228785 -0.0376450334 0.0001092626 0.0471031385 0.0001036269 0.0027770560
1403638170.94500 10.523081 9.011753 3.346008 -0.802924 0.021361 -0.594511 0.037603 0.0003685265 -0.0000331412 -0.0001120815 0.0000035487 0.0000101027 0.0000347630 0.0356296639 -0.0375994297 0.0001100961 0.0473959890 0.0001034536 0.0027782408
1403638170.99500 10.546352 8.966642 3.350921 -0.802353 0.029606 -0.595351 0.030169 0.0003688429 -0.0000323879 -0.0001118602 0.0000034014 0.0000098451 0.0000345919 0.0353216093 -0.0375434515 0.0001111017 0.0476740285 0.0001035654 0.0027791941
1403638171.04500 10.574807 8.922448 3.353403 -0.801247 0.038044 -0.596645 0.023888 0.0003694742 -0.0000323834 -0.0001109556 0.0000033910 0.0000097448 0.0000339809 0.0349907369 -0.0374251832 0.0001118184 0.0478534366 0.0001032964 0.0027802438
1403638171.09500 10.604769 8.879294 3.353711 -0.800449 0.045619 -0.597368 0.018780 0.0003697440 -0.0000327038 -0.0001104902 0.0000034395 0.0000097901 0.0000336696 0.0346689398 -0.0373299647 0.0001123130 0.0480773743 0.0001030709 0.0027810383
1403638171.14500 10.630629 8.831983 3.353663 -0.799357 0.052061 -0.598428 0.014207 0.0003702273 -0.0000328758 -0.0001097427 0.0000034602 0.0000097601 0.0000331719 0.0343544908 -0.0372425271 0.0001126017 0.0483142681 0.0001027117 0.0027817521
1403638171.19500 10.645265 8.782317 3.352670 -0.798315 0.058289 -0.599302 0.011537 0.0003704036 -0.0000342065 -0.0001091020 0.0000036941 0.0000100893 0.0000327680 0.0340116470 -0.0371215647 0.0001129031 0.0485151375 0.0001023190 0.0027825060
1403638171.24500 10.659444 8.730595 3.351967 -0.797291 0.063445 -0.600181 0.009183 0.0003707181 -0.0000351771 -0.0001083430 0.0000038637 0.0000102939 0.0000322833 0.0336479161 -0.0369507590 0.0001126368 0.0486178249 0.0001020854 0.0027826586
1403638171.29499 10.673527 8.679016 3.351385 -0.796460 0.067044 -0.600927 0.006489 0.0003711252 -0.0000352419 -0.0001077241 0.0000038645 0.0000102411 0.0000318764 0.0332736809 -0.0367678273 0.0001130170 0.0487152637 0.0001019139 0.0027825131
1403638171.34499 10.688846 8.627111 3.351079 -0.795748 0.070385 -0.601502 0.005216 0.0003713202 -0.0000360453 -0.0001071910 0.0000040133 0.0000104156 0.0000315405 0.0329071328 -0.0365845280 0.0001133353 0.0488128314 0.0001013297 0.0027829886
1403638171.39499 10.703514 8.574260 3.349921 -0.794455 0.073437 -0.602855 0.003813 0.0003719471 -0.0000366791 -0.0001060239 0.0000041281 0.0000104635 0.0000308085 0.0325388466 -0.0364019827 0.0001136678 0.0489219467 0.0001007001 0.0027834419
1403638171.44499 10.714174 8.519597 3.349798 -0.793649 0.077136 -0.603464 0.001710 0.0003721774 -0.0000371980 -0.0001055147 0.0000042248 0.0000105520 0.0000304896 0.0321653698 -0.0362127043 0.0001145702 0.0490258657 0.0001001249 0.0027835245
1403638171.49499 10.716730 8.465412 3.347539 -0.792332 0.080569 -0.604746 0.000648 0.0003726308 -0.0000383232 -0.0001044116 0.0000044409 0.0000107450 0.0000298189 0.0317800422 -0.0360035371 0.0001144097 0.0490952584 0.0000997259 0.0027834371
1403638171.54499 10.724744 8.408685 3.344825 -0.790894 0.084644 -0.606070 0.001003 0.0003729201 -0.0000404746 -0.0001031636 0.0000048904 0.0000112016 0.0000290920 0.0314065481 -0.0357671948 0.0001147799 0.0490923134 0.0000989372 0.0027837580
1403638171.59499 10.734048 8.350704 3.342327 0.789605 -0.087937 0.607281 0.001014 0.0003735097 -0.0000408622 -0.0001020745 0.0000049646 0.0000111695 0.0000284388 0.0310132538 -0.0355357558 0.0001149781 0.0491387485 0.0000981757 0.0027840739
1403638171.64499 10.737563 8.291493 3.338124 0.788116 -0.092691 0.608506 0.001473 0.0003736708 -0.0000429883 -0.0001009689 0.0000054377 0.0000116167 0.0000278174 0.0306180174 -0.0353046777 0.0001152660 0.0491954225 0.0000973784 0.0027844415
1403638171.69499 10.741102 8.231309 3.334077 0.786727 -0.098285 0.609423 0.002147 0.0003736362 -0.0000452884 -0.0001000615 0.0000059804 0.0000121279 0.0000273242 0.0302161714 -0.0350468122 0.0001155973 0.0491993932 0.0000965519 0.0027848493
1403638171.74499 10.742231 8.169446 3.328639 0.785317 -0.103891 0.610301 0.004116 0.0003737276 -0.0000468279 -0.0000992384 0.0000063577 0.0000124323 0.0000268720 0.0298113167 -0.0347858865 0.0001159300 0.0492060450 0.0000956983 0.0027853794
1403638171.79499 10.739521 8.105930 3.323304 0.784476 -0.109061 0.610466 0.005804 0.0003734580 -0.0000482683 -0.0000990544 0.0000067265 0.0000127996 0.0000267862 0.0293988449 -0.0345092669 0.0001161913 0.0491885809 0.0000948686 0.0027858217
1403638171.84499 10.734446 8.039161 3.318236 0.782267 -0.114432 0.612307 0.006637 0.0003738280 -0.0000504691 -0.0000973499 0.0000072999 0.0000131387 0.0000258566 0.0289787952 -0.0342128947 0.0001164185 0.0491366616 0.0000941243 0.0027862643
1403638171.89499 10.727427 7.968298 3.314378 0.780053 -0.119594 0.614134 0.007374 0.0003741538 -0.0000526702 -0.0000956420 0.0000078983 0.0000134584 0.0000249460 0.0285390266 -0.0338936556 0.0001166793 0.0490635945 0.0000933843 0.0027865838
1403638171.94499 10.717001 7.897864 3.312967 0.777263 -0.122026 0.617129 0.011136 0.0003758856 -0.0000519880 -0.0000929126 0.0000076730 0.0000128433 0.0000234561 0.0280761174 -0.0335491483 0.0001168509 0.0489721646 0.0000923944 0.0027870675
1403638171.99500 10.697123 7.825536 3.313238 0.776474 -0.123232 0.617777 0.015923 0.0003767820 -0.0000498742 -0.0000924396 0.0000070752 0.0000122312 0.0000231595 0.0276200380 -0.0331976841 0.0001168512 0.0488510627 0.0000918937 0.0027871297
1403638172.04500 10.679664 7.751188 3.315248 0.775548 -0.124735 0.618534 0.019562 0.0003776632 -0.0000484616 -0.0000915771 0.0000066906 0.0000117447 0.0000226810 0.0271595852 -0.0328099743 0.0001169972 0.0486469615 0.0000907624 0.0027875402
1403638172.09499 10.656928 7.676667 3.318337 0.775626 -0.125121 0.618211 0.023751 0.0003781991 -0.0000461148 -0.0000918129 0.0000060914 0.0000111880 0.0000227585 0.0266928011 -0.0324236568 0.0001170148 0.0484630257 0.0000898036 0.0027879524
1403638172.14499 10.630620 7.600292 3.321537 0.775481 -0.125785 0.618160 0.026187 0.0003785099 -0.0000449860 -0.0000918264 0.0000058138 0.0000109058 0.0000227417 0.0262314375 -0.0320253349 0.0001170471 0.0482407299 0.0000885625 0.0027883796
1403638172.19499 10.601403 7.522559 3.323164 0.776124 -0.126727 0.617101 0.027529 0.0003781774 -0.0000444809 -0.0000927494 0.0000056988 0.0000109007 0.0000232086 0.0257647892 -0.0316107827 0.0001169998 0.0479887446 0.0000872633 0.0027888726
1403638172.24499 10.569599 7.443897 3.322627 0.776488 -0.126700 0.616552 0.029619 0.0003783057 -0.0000431283 -0.0000931918 0.0000053835 0.0000106149 0.0000234155 0.0252962541 -0.0311850139 0.0001169010 0.0477138115 0.0000859000 0.0027893639
1403638172.29499 10.530660 7.361784 3.320892 0.776925 -0.126380 0.615986 0.031242 0.0003782846 -0.0000419654 -0.0000937972 0.0000051117 0.0000104010 0.0000237081 0.0248257537 -0.0307483076 0.0001168390 0.0474115318 0.0000851180 0.0027895685
1403638172.34499 10.492925 7.281668 3.315669 0.776783 -0.126193 0.616146 0.032370 0.0003786470 -0.0000411720 -0.0000935149 0.0000049329 0.0000101625 0.0000235436 0.0243407962 -0.0302796113 0.0001166768 0.0470559770 0.0000836463 0.0027899521
1403638172.39498 10.452944 7.201089 3.307724 0.776657 -0.126082 0.616331 0.032313 0.0003787513 -0.0000411855 -0.0000933539 0.0000049343 0.0000101446 0.0000234549 0.0238736279 -0.0298276901 0.0001164363 0.0467161210 0.0000821509 0.0027902705
1403638172.44499 10.411835 7.119533 3.297555 0.775761 -0.125864 0.617514 0.032082 0.0003792906 -0.0000413864 -0.0000922855 0.0000049716 0.0000100620 0.0000228962 0.0234070836 -0.0293708520 0.0001161127 0.0463655479 0.0000805945 0.0027905308
1403638172.49499 10.369158 7.036699 3.284859 0.774507 -0.126188 0.619097 0.030583 0.0003797340 -0.0000426716 -0.0000908845 0.0000052506 0.0000102044 0.0000221910 0.0229422306 -0.0289097877 0.0001156860 0.0460032404 0.0000790305 0.0027907141
1403638172.54499 10.325178 6.953529 3.270056 0.773389 -0.126295 0.620540 0.029142 0.0003801372 -0.0000437921 -0.0000896001 0.0000055003 0.0000103128 0.0000215552 0.0224744373 -0.0284424380 0.0001151581 0.0456338776 0.0000774021 0.0027908309
1403638172.59499 10.279032 6.868052 3.254650 0.772417 -0.125600 0.621939 0.028103 0.0003806404 -0.0000443123 -0.0000883735 0.0000056106 0.0000102794 0.0000209497 0.0220082068 -0.0279703572 0.0001144033 0.0452484388 0.0000760065 0.0027906279
1403638172.64499 10.229530 6.782238 3.235175 0.771669 -0.126084 0.622899 0.025019 0.0003805229 -0.0000465186 -0.0000875107 0.0000061388 0.0000106894 0.0000205554 0.0215368324 -0.0274841135 0.0001136304 0.0448402194 0.0000743407 0.0027905738
1403638172.69499 10.176960 6.698312 3.213083 0.771950 -0.125485 0.622726 0.023662 0.0003803208 -0.0000470338 -0.0000876823 0.0000062674 0.0000108350 0.0000206438 0.0210681097 -0.0269905196 0.0001125804 0.0444074333 0.0000727725 0.0027904299
1403638172.74500 10.121302 6.611569 3.189644 0.772207 -0.124873 0.622583 0.022231 0.0003801088 -0.0000475699 -0.0000878583 0.0000064035 0.0000109867 0.0000207354 0.0206161653 -0.0265008314 0.0001115738 0.0439531704 0.0000710225 0.0027902546
1403638172.79500 10.063035 6.524473 3.167667 0.772241 -0.123905 0.622768 0.021243 0.0003801261 -0.0000477239 -0.0000877736 0.0000064405 0.0000110113 0.0000206945 0.0201537206 -0.0259942491 0.0001102406 0.0434763921 0.0000694524 0.0027898159
1403638172.84500 10.002281 6.434948 3.143448 0.771863 -0.124432 0.623245 0.017602 0.0003796935 -0.0000501875 -0.0000873138 0.0000070834 0.0000115330 0.0000205059 0.0196972763 -0.0254843859 0.0001092334 0.0429822899 0.0000678824 0.0027897742
1403638172.89500 9.933462 6.342800 3.115861 0.772235 -0.123081 0.623060 0.017326 0.0003797254 -0.0000497208 -0.0000875448 0.0000069576 0.0000114557 0.0000206100 0.0192316714 -0.0249610427 0.0001073095 0.0424656264 0.0000669498 0.0027893056
1403638172.94499 9.866039 6.251789 3.088976 0.773656 -0.123474 0.621317 0.013257 0.0003782675 -0.0000520537 -0.0000891407 0.0000076111 0.0000122604 0.0000214351 0.0187643645 -0.0244146760 0.0001060747 0.0418929898 0.0000653961 0.0027891228
1403638172.99499 9.795394 6.159674 3.061009 0.774930 -0.123779 0.619730 0.009836 0.0003769446 -0.0000540209 -0.0000905837 0.0000081906 0.0000129764 0.0000221985 0.0183068756 -0.0238798556 0.0001048292 0.0413372795 0.0000638645 0.0027888957
1403638173.04499 9.720570 6.066350 3.030989 0.777471 -0.123160 0.616696 0.007580 0.0003752852 -0.0000546708 -0.0000933525 0.0000084131 0.0000135949 0.0000236544 0.0178512817 -0.0233390379 0.0001035548 0.0407614190 0.0000623901 0.0027886157
1403638173.09499 9.645854 5.970467 3.000176 0.779924 -0.123853 0.613489 0.003038 0.0003729072 -0.0000572416 -0.0000961531 0.0000092364 0.0000147564 0.0000252286 0.0173974636 -0.0227903693 0.0001023230 0.0401612646 0.0000608060 0.0027883447
1403638173.14499 9.568052 5.868131 2.968375 0.782605 -0.122717 0.610298 0.002378 0.0003714428 -0.0000567175 -0.0000990188 0.0000091079 0.0000151175 0.0000268343 0.0169348563 -0.0222365747 0.0001008429 0.0395672446 0.0000594713 0.0027877299
1403638173.19500 9.489812 5.767748 2.935326 0.784836 -0.121376 0.607696 0.002333 0.0003703926 -0.0000557474 -0.0001013497 0.0000088368 0.0000152524 0.0000281724 0.0164513354 -0.0216566752 0.0000995068 0.0389542188 0.0000579858 0.0027873269
1403638173.24500 9.409075 5.664569 2.899922 0.786686 -0.118061 0.605936 0.005328 0.0003705545 -0.0000522066 -0.0001029865 0.0000078008 0.0000145073 0.0000290650 0.0159854213 -0.0210892990 0.0000981975 0.0383437464 0.0000565554 0.0027870248
1403638173.29501 9.327396 5.558851 2.863756 0.788308 -0.115228 0.604335 0.008523 0.0003706803 -0.0000487720 -0.0001044835 0.0000068621 0.0000137445 0.0000298951 0.0155174692 -0.0205155149 0.0000969030 0.0377250565 0.0000552412 0.0027867276
1403638173.34501 9.244005 5.453419 2.825332 0.790920 -0.111726 0.601504 0.012477 0.0003703117 -0.0000444394 -0.0001070010 0.0000057774 0.0000128372 0.0000313649 0.0150488415 -0.0199385796 0.0000956031 0.0371071740 0.0000539808 0.0027864618
1403638173.39501 9.159935 5.345611 2.788506 0.791512 -0.106395 0.601470 0.020568 0.0003720675 -0.0000370249 -0.0001070938 0.0000041276 0.0000106515 0.0000312729 0.0145910228 -0.0193669653 0.0000942700 0.0364840181 0.0000527867 0.0027860586
1403638173.44501 9.074829 5.239610 2.746275 0.793195 -0.101103 0.599845 0.028369 0.0003727232 -0.0000296583 -0.0001083667 0.0000028028 0.0000086157 0.0000319561 0.0141355747 -0.0187945276 0.0000929548 0.0358612447 0.0000517351 0.0027857924
1403638173.49501 8.990191 5.132713 2.701178 0.795563 -0.096880 0.597087 0.034381 0.0003722556 -0.0000237138 -0.0001105570 0.0000019537 0.0000070343 0.0000332865 0.0136993194 -0.0182376280 0.0000916516 0.0352436770 0.0000507347 0.0027855704
1403638173.54501 8.904093 5.023447 2.655482 0.796095 -0.093464 0.596594 0.039659 0.0003727223 -0.0000188195 -0.0001107960 0.0000013931 0.0000055850 0.0000333879 0.0132685778 -0.0176871147 0.0000902151 0.0346365024 0.0000499346 0.0027853482
1403638173.59501 8.819909 4.916784 2.609909 0.796748 -0.090802 0.595835 0.043907 0.0003728236 -0.0000148694 -0.0001112559 0.0000010370 0.0000044272 0.0000336545 0.0128396992 -0.0171334617 0.0000889547 0.0340279904 0.0000491358 0.0027853658
1403638173.64501 8.735638 4.811092 2.563165 0.796920 -0.090840 0.595585 0.044094 0.0003727175 -0.0000147509 -0.0001114511 0.0000010291 0.0000044013 0.0000337820 0.0124325226 -0.0166011711 0.0000877337 0.0334365511 0.0000484163 0.0027854687
1403638173.69502 8.649841 4.706275 2.515237 0.796992 -0.090214 0.595457 0.045779 0.0003728257 -0.0000133962 -0.0001114726 0.0000009282 0.0000039959 0.0000337865 0.0120388538 -0.0160779460 0.0000865539 0.0328433257 0.0000477870 0.0027856521
1403638173.74502 8.563626 4.602378 2.466007 0.797344 -0.090718 0.594960 0.045127 0.0003724923 -0.0000139760 -0.0001119242 0.0000009728 0.0000041907 0.0000340889 0.0116563648 -0.0155621957 0.0000854588 0.0322499967 0.0000472361 0.0027859408
1403638173.79502 8.477603 4.498250 2.416994 0.797710 -0.091375 0.594367 0.045147 0.0003721640 -0.0000142043 -0.0001124100 0.0000009920 0.0000042825 0.0000344130 0.0112853288 -0.0150568316 0.0000843928 0.0316637542 0.0000467515 0.0027863284
1403638173.84502 8.388894 4.395978 2.368252 0.798333 -0.092275 0.593416 0.044797 0.0003715762 -0.0000147431 -0.0001132424 0.0000010369 0.0000044859 0.0000349747 0.0109248654 -0.0145583635 0.0000834666 0.0310799257 0.0000464521 0.0027868316
1403638173.89502 8.298728 4.294050 2.321948 0.799086 -0.091328 0.592423 0.046440 0.0003712142 -0.0000131917 -0.0001139916 0.0000009226 0.0000040435 0.0000354693 0.0105790351 -0.0140683050 0.0000826256 0.0304846803 0.0000462618 0.0027874052
1403638173.94503 8.206402 4.194206 2.276773 0.798095 -0.091814 0.593696 0.046255 0.0003718995 -0.0000136622 -0.0001129456 0.0000009578 0.0000041423 0.0000347674 0.0102426536 -0.0135832270 0.0000818685 0.0298838253 0.0000461623 0.0027880759
1403638173.99503 8.114042 4.094569 2.234704 0.798260 -0.092207 0.593443 0.045870 0.0003717374 -0.0000140270 -0.0001131605 0.0000009869 0.0000042634 0.0000349150 0.0099214169 -0.0131092115 0.0000810039 0.0292743753 0.0000462410 0.0027888067
1403638174.04503 8.018285 3.995654 2.193180 0.799612 -0.092145 0.591585 0.046444 0.0003707761 -0.0000134395 -0.0001146702 0.0000009467 0.0000041500 0.0000359352 0.0096096089 -0.0126424573 0.0000804185 0.0286695304 0.0000463367 0.0027897180
1403638174.09503 7.922089 3.897530 2.153796 0.798886 -0.092925 0.592534 0.045273 0.0003711995 -0.0000146249 -0.0001139287 0.0000010378 0.0000044828 0.0000354394 0.0093074445 -0.0121808773 0.0000799280 0.0280553213 0.0000464966 0.0027907186
1403638174.14503 7.824888 3.800007 2.116236 0.799892 -0.091553 0.591221 0.047426 0.0003707261 -0.0000125171 -0.0001148908 0.0000008855 0.0000038727 0.0000360802 0.0090134179 -0.0117281377 0.0000795220 0.0274460905 0.0000465673 0.0027916879
1403638174.19503 7.727598 3.702921 2.077329 0.802071 -0.092126 0.588224 0.046775 0.0003689572 -0.0000128595 -0.0001174076 0.0000009131 0.0000040860 0.0000378397 0.0087305353 -0.0112842331 0.0000792400 0.0268424193 0.0000467575 0.0027927854
1403638174.24504 7.628042 3.607101 2.035192 0.804324 -0.091045 0.585198 0.048142 0.0003673384 -0.0000111759 -0.0001198349 0.0000008058 0.0000036392 0.0000395765 0.0084562255 -0.0108494263 0.0000787638 0.0262447195 0.0000470130 0.0027937046
1403638174.29504 7.530753 3.510643 1.992534 0.807773 -0.091985 0.580439 0.046185 0.0003643590 -0.0000123311 -0.0001237123 0.0000008851 0.0000041810 0.0000424942 0.0081948351 -0.0104236620 0.0000786309 0.0256432266 0.0000472883 0.0027948289
1403638174.34504 7.435228 3.412598 1.949588 0.809433 -0.090707 0.578217 0.047492 0.0003631794 -0.0000107258 -0.0001253919 0.0000007850 0.0000036971 0.0000437868 0.0079358579 -0.0100079783 0.0000780603 0.0250701013 0.0000470462 0.0027956629
1403638174.39504 7.339124 3.315984 1.905152 0.811354 -0.091645 0.575508 0.045793 0.0003613658 -0.0000118822 -0.0001275797 0.0000008611 0.0000041895 0.0000455405 0.0076819398 -0.0095955052 0.0000780828 0.0245165859 0.0000474461 0.0027969122
1403638174.44505 7.244779 3.221537 1.860201 0.813194 -0.090195 0.573032 0.047069 0.0003599922 -0.0000101884 -0.0001294179 0.0000007605 0.0000036567 0.0000470293 0.0074399939 -0.0091935701 0.0000781487 0.0239643454 0.0000479684 0.0027981739
1403638174.49505 7.151313 3.127783 1.816228 0.814407 -0.090881 0.571353 0.045145 0.0003587500 -0.0000115128 -0.0001308087 0.0000008437 0.0000041925 0.0000482036 0.0072115975 -0.0088088564 0.0000783240 0.0234345960 0.0000485309 0.0027994950
1403638174.54505 7.059053 3.035094 1.773267 0.816039 -0.091140 0.569034 0.044435 0.0003572226 -0.0000118201 -0.0001325851 0.0000008674 0.0000043821 0.0000497223 0.0069912138 -0.0084331811 0.0000786047 0.0229186119 0.0000491407 0.0028008763
1403638174.59505 6.967943 2.941279 1.731957 0.817961 -0.088591 0.566434 0.047363 0.0003558812 -0.0000086365 -0.0001343780 0.0000006875 0.0000032547 0.0000512576 0.0067797801 -0.0080685075 0.0000788815 0.0224165704 0.0000496960 0.0028021987
1403638174.64504 6.879157 2.845480 1.691789 0.820351 -0.088153 0.562985 0.047970 0.0003537017 -0.0000077174 -0.0001368680 0.0000006470 0.0000029798 0.0000534857 0.0065716793 -0.0077105316 0.0000786890 0.0219178861 0.0000496025 0.0028033678
1403638174.69504 6.788413 2.752416 1.653068 0.822317 -0.086649 0.560192 0.049720 0.0003520162 -0.0000057265 -0.0001388001 0.0000005735 0.0000022505 0.0000552579 0.0063686341 -0.0073539739 0.0000791347 0.0214455942 0.0000502450 0.0028048445
1403638174.74505 6.698767 2.660322 1.615880 0.824648 -0.086294 0.556754 0.050344 0.0003497666 -0.0000048635 -0.0001412079 0.0000005497 0.0000019557 0.0000575438 0.0061793537 -0.0070103864 0.0000796595 0.0209706858 0.0000508690 0.0028063245
1403638174.79505 6.609999 2.566744 1.581647 0.826362 -0.085949 0.554234 0.050629 0.0003481008 -0.0000042951 -0.0001429378 0.0000005365 0.0000017557 0.0000592341 0.0059994160 -0.0066776927 0.0000801132 0.0205054410 0.0000513349 0.0028077545
1403638174.84504 6.522782 2.474920 1.548164 0.827732 -0.085435 0.552202 0.051315 0.0003467459 -0.0000034520 -0.0001443117 0.0000005161 0.0000014281 0.0000606063 0.0058191132 -0.0063525105 0.0000789841 0.0200479910 0.0000504943 0.0028084916
1403638174.89504 6.438465 2.385232 1.515929 0.828194 -0.084365 0.551522 0.052924 0.0003464093 -0.0000019624 -0.0001446779 0.0000004937 0.0000008102 0.0000609735 0.0056530506 -0.0060374888 0.0000792296 0.0196146557 0.0000507086 0.0028098417
1403638174.94504 6.354464 2.294117 1.483913 0.828993 -0.084682 0.550261 0.053032 0.0003455238 -0.0000019205 -0.0001455494 0.0000004937 0.0000007997 0.0000618644 0.0054978180 -0.0057372429 0.0000793194 0.0191944479 0.0000505828 0.0028111177
1403638174.99504 6.270989 2.206149 1.454005 0.829401 -0.084976 0.549557 0.053474 0.0003450934 -0.0000016750 -0.0001459781 0.0000004913 0.0000006989 0.0000623064 0.0053459805 -0.0054377322 0.0000794105 0.0187814726 0.0000506640 0.0028123818
1403638175.04504 6.192855 2.114017 1.426470 0.828171 -0.084153 0.551402 0.054830 0.0003464959 -0.0000006754 -0.0001446272 0.0000004852 0.0000002716 0.0000609241 0.0052054543 -0.0051537407 0.0000795116 0.0183839169 0.0000506204 0.0028137510
1403638175.09503 6.116699 2.024505 1.399635 0.828101 -0.085238 0.551380 0.054440 0.0003464550 -0.0000013580 -0.0001446757 0.0000004899 0.0000005572 0.0000609746 0.0050652473 -0.0048687102 0.0000797266 0.0180152722 0.0000506122 0.0028152166
1403638175.14503 6.047812 1.936035 1.377687 0.827722 -0.084694 0.551786 0.056879 0.0003469934 0.0000003287 -0.0001441496 0.0000004812 -0.0000001473 0.0000604443 0.0049269724 -0.0046052201 0.0000772713 0.0176462449 0.0000471540 0.0028155654
1403638175.19503 5.978160 1.848274 1.355567 0.827883 -0.084913 0.551450 0.057466 0.0003467628 0.0000006393 -0.0001443888 0.0000004832 -0.0000002771 0.0000606861 0.0048047173 -0.0043469853 0.0000773766 0.0173328791 0.0000470586 0.0028169645
1403638175.24503 5.911179 1.760213 1.334263 0.828186 -0.084463 0.550883 0.059176 0.0003464937 0.0000019366 -0.0001446533 0.0000004938 -0.0000008201 0.0000609562 0.0046884676 -0.0040943512 0.0000773330 0.0170161683 0.0000466107 0.0028183010
1403638175.29503 5.844408 1.676001 1.314970 0.829895 -0.085097 0.548136 0.059824 0.0003446448 0.0000023295 -0.0001464664 0.0000004997 -0.0000010020 0.0000628176 0.0045791042 -0.0038475632 0.0000773537 0.0167157991 0.0000462718 0.0028196997
1403638175.34503 5.780392 1.591485 1.298322 0.832403 -0.085541 0.544180 0.060475 0.0003419291 0.0000028897 -0.0001490372 0.0000005092 -0.0000012720 0.0000655412 0.0044801262 -0.0036145236 0.0000772495 0.0164179491 0.0000457713 0.0028210502
1403638175.39503 5.716973 1.507385 1.282333 0.835194 -0.084852 0.539754 0.062587 0.0003388968 0.0000048736 -0.0001517565 0.0000005557 -0.0000021963 0.0000685443 0.0043867197 -0.0033865666 0.0000771527 0.0161370631 0.0000452372 0.0028224076
1403638175.44503 5.656797 1.425366 1.268398 0.837933 -0.083961 0.535375 0.064744 0.0003358710 0.0000069407 -0.0001543320 0.0000006293 -0.0000032048 0.0000715121 0.0042986683 -0.0031653028 0.0000767437 0.0158643312 0.0000442404 0.0028235884
1403638175.49504 5.602545 1.347943 1.257578 0.841242 -0.083126 0.530036 0.066811 0.0003320685 0.0000089839 -0.0001574167 0.0000007296 -0.0000042761 0.0000752300 0.0042188545 -0.0029546711 0.0000765050 0.0156155177 0.0000434067 0.0028248130
1403638175.54503 5.552791 1.272090 1.250214 0.845027 -0.081597 0.523920 0.069138 0.0003275900 0.0000115065 -0.0001608111 0.0000008901 -0.0000056682 0.0000795590 0.0041470685 -0.0027621335 0.0000755937 0.0153921949 0.0000418496 0.0028256192
1403638175.59502 5.499651 1.197942 1.243765 0.848714 -0.082727 0.517889 0.068062 0.0003229469 0.0000109113 -0.0001643290 0.0000008529 -0.0000055722 0.0000842480 0.0040773293 -0.0025846533 0.0000735000 0.0151777045 0.0000387376 0.0028260269
1403638175.64502 5.451988 1.121428 1.237848 0.852464 -0.083219 0.511657 0.067727 0.0003180849 0.0000109578 -0.0001677554 0.0000008634 -0.0000057996 0.0000891166 0.0040196508 -0.0024045647 0.0000734651 0.0149644011 0.0000379752 0.0028273672
1403638175.69502 5.407263 1.046406 1.233330 0.855850 -0.083395 0.506073 0.066752 0.0003136516 0.0000107318 -0.0001707154 0.0000008546 -0.0000058618 0.0000935742 0.0039640407 -0.0022246063 0.0000733235 0.0147747924 0.0000370444 0.0028286830
1403638175.74502 5.364532 0.974348 1.231544 0.857808 -0.084113 0.502788 0.065540 0.0003110189 0.0000099908 -0.0001724340 0.0000008085 -0.0000055590 0.0000962661 0.0039128943 -0.0020534879 0.0000727116 0.0145966642 0.0000351098 0.0028297033
1403638175.79502 5.328281 0.901263 1.226989 0.859950 -0.083669 0.499157 0.065779 0.0003080897 0.0000105485 -0.0001742001 0.0000008505 -0.0000059848 0.0000991722 0.0038694673 -0.0018889498 0.0000724968 0.0144343112 0.0000341659 0.0028309792
1403638175.84502 5.297745 0.830131 1.220210 0.861344 -0.082837 0.496816 0.066324 0.0003062329 0.0000113310 -0.0001752627 0.0000009103 -0.0000065061 0.0001009901 0.0038301507 -0.0017257332 0.0000722245 0.0142991107 0.0000331681 0.0028322675
1403638175.89502 5.271183 0.759212 1.209893 0.861763 -0.081117 0.496139 0.068050 0.0003057512 0.0000130360 -0.0001754377 0.0000010488 -0.0000075026 0.0001013537 0.0037960347 -0.0015698078 0.0000719229 0.0141900772 0.0000321605 0.0028334902
1403638175.94502 5.245817 0.685947 1.197681 0.861605 -0.078661 0.496471 0.070473 0.0003060867 0.0000153361 -0.0001750694 0.0000012632 -0.0000087961 0.0001008248 0.0037657884 -0.0014181459 0.0000714498 0.0140977923 0.0000309620 0.0028346795
1403638175.99502 5.229395 0.617357 1.185472 0.860179 -0.074236 0.498916 0.075263 0.0003081483 0.0000196590 -0.0001734279 0.0000017515 -0.0000110920 0.0000982973 0.0037391817 -0.0012632692 0.0000710402 0.0140121251 0.0000298726 0.0028359228
1403638176.04503 5.217722 0.550634 1.173751 0.856469 -0.071899 0.505268 0.077427 0.0003132440 0.0000214597 -0.0001700563 0.0000019693 -0.0000116780 0.0000930048 0.0037182281 -0.0011217239 0.0000705998 0.0139648159 0.0000288646 0.0028370601
1403638176.09504 5.220841 0.493044 1.163624 0.851331 -0.067445 0.513725 0.082299 0.0003198752 0.0000256044 -0.0001650158 0.0000025480 -0.0000132390 0.0000857983 0.0036867154 -0.0009987416 0.0000672261 0.0139205326 0.0000255938 0.0028373338
1403638176.14505 5.220725 0.429066 1.153710 0.844127 -0.065002 0.525455 0.084387 0.0003287309 0.0000271620 -0.0001581742 0.0000027448 -0.0000130982 0.0000767634 0.0036737118 -0.0008854394 0.0000668359 0.0139535065 0.0000249610 0.0028382362
1403638176.19504 5.221915 0.364357 1.142535 0.835803 -0.065417 0.538755 0.083042 0.0003385386 0.0000253666 -0.0001502372 0.0000024017 -0.0000112820 0.0000673112 0.0036581884 -0.0007631296 0.0000658832 0.0139598521 0.0000237815 0.0028388931
1403638176.24504 5.223452 0.301658 1.134463 0.829108 -0.067693 0.549255 0.079478 0.0003460808 0.0000216050 -0.0001437512 0.0000018512 -0.0000089941 0.0000603381 0.0036504164 -0.0006343546 0.0000656704 0.0139742230 0.0000233741 0.0028401478
1403638176.29504 5.227464 0.241071 1.127789 0.823395 -0.067414 0.557789 0.079672 0.0003519290 0.0000212324 -0.0001377957 0.0000017857 -0.0000083315 0.0000545735 0.0036457482 -0.0005084001 0.0000654469 0.0139868806 0.0000229723 0.0028413499
1403638176.34505 5.230319 0.180180 1.121470 0.820212 -0.067800 0.562523 0.078888 0.0003550919 0.0000202342 -0.0001344856 0.0000016594 -0.0000076797 0.0000515516 0.0036430260 -0.0003892110 0.0000651187 0.0140033653 0.0000223759 0.0028423143
1403638176.39505 5.235564 0.125858 1.116194 0.817962 -0.068033 0.565699 0.079341 0.0003572200 0.0000201828 -0.0001320800 0.0000016491 -0.0000074780 0.0000494519 0.0036438373 -0.0002670338 0.0000649171 0.0140184874 0.0000220304 0.0028434458
1403638176.44504 5.241491 0.072984 1.113528 0.817958 -0.067538 0.565605 0.080461 0.0003571721 0.0000210973 -0.0001320122 0.0000017575 -0.0000078133 0.0000494109 0.0036474527 -0.0001585947 0.0000648842 0.0140454305 0.0000216959 0.0028444999
1403638176.49503 5.248111 0.022243 1.112792 0.817635 -0.067410 0.565988 0.081153 0.0003574409 0.0000215434 -0.0001316470 0.0000018123 -0.0000079503 0.0000491070 0.0036530381 -0.0000529015 0.0000648771 0.0140740022 0.0000213374 0.0028455326
1403638176.54503 5.255095 -0.026214 1.113090 0.818120 -0.067629 0.565179 0.081728 0.0003569508 0.0000218588 -0.0001321841 0.0000018548 -0.0000081106 0.0000495741 0.0036602517 0.0000481402 0.0000648839 0.0141045418 0.0000209455 0.0028464889
1403638176.59502 5.262399 -0.072537 1.114117 0.819061 -0.067789 0.563774 0.081869 0.0003560628 0.0000219822 -0.0001332042 0.0000018756 -0.0000082398 0.0000504607 0.0036688395 0.0001445895 0.0000648916 0.0141371008 0.0000205201 0.0028473633
1403638176.64502 5.270847 -0.115953 1.116298 0.819633 -0.067646 0.562811 0.082887 0.0003554520 0.0000227315 -0.0001337922 0.0000019746 -0.0000085731 0.0000509916 0.0036785779 0.0002371973 0.0000648984 0.0141734174 0.0000200937 0.0028481825
1403638176.69503 5.280966 -0.156135 1.120529 0.819840 -0.067854 0.562458 0.083066 0.0003552379 0.0000228113 -0.0001340323 0.0000019866 -0.0000086254 0.0000512039 0.0036822605 0.0003191372 0.0000635585 0.0142094508 0.0000187847 0.0028484117
1403638176.74503 5.306447 -0.194970 1.129389 0.820100 -0.067590 0.562147 0.082813 0.0003550836 0.0000227513 -0.0001342075 0.0000019798 -0.0000086186 0.0000513573 0.0036811149 0.0003928840 0.0000625467 0.0142500799 0.0000179184 0.0028483164
1403638176.79503 5.318841 -0.233554 1.135306 0.820400 -0.068533 0.561787 0.081501 0.0003547944 0.0000215763 -0.0001347373 0.0000018357 -0.0000082135 0.0000518026 0.0036900800 0.0004709049 0.0000624160 0.0143592911 0.0000172685 0.0028485470
1403638176.84503 5.328764 -0.270252 1.142806 0.820191 -0.070399 0.562232 0.078898 0.0003551251 0.0000191395 -0.0001347505 0.0000015572 -0.0000072805 0.0000517674 0.0037018686 0.0005490790 0.0000625256 0.0144135580 0.0000168862 0.0028493669
1403638176.89503 5.338658 -0.305262 1.150868 0.820817 -0.072132 0.561403 0.076703 0.0003546066 0.0000171057 -0.0001356169 0.0000013531 -0.0000065590 0.0000525064 0.0037140231 0.0006235320 0.0000626467 0.0144569760 0.0000164996 0.0028501664
1403638176.94503 5.348197 -0.340526 1.157353 0.820809 -0.072336 0.561404 0.076585 0.0003546249 0.0000169518 -0.0001356288 0.0000013405 -0.0000065003 0.0000525144 0.0037258767 0.0006949987 0.0000627414 0.0145008892 0.0000160310 0.0028506662
1403638176.99503 5.359025 -0.372244 1.163641 0.821223 -0.071665 0.560747 0.077590 0.0003541924 0.0000179032 -0.0001359994 0.0000014379 -0.0000068920 0.0000528647 0.0037394965 0.0007685430 0.0000628535 0.0145436649 0.0000157297 0.0028513794
1403638177.04503 5.370281 -0.402873 1.168189 0.822019 -0.071095 0.559526 0.078494 0.0003533891 0.0000188091 -0.0001367726 0.0000015368 -0.0000072983 0.0000535837 0.0037522169 0.0008348233 0.0000629782 0.0145929092 0.0000155011 0.0028519481
1403638177.09503 5.382262 -0.431750 1.170744 0.822293 -0.069993 0.559003 0.080317 0.0003530386 0.0000204467 -0.0001369317 0.0000017227 -0.0000079504 0.0000537619 0.0037650642 0.0008992711 0.0000631120 0.0146444742 0.0000153692 0.0028524127
1403638177.14503 5.395387 -0.458467 1.170810 0.822375 -0.069247 0.558731 0.081998 0.0003528608 0.0000218193 -0.0001369241 0.0000018904 -0.0000084877 0.0000537846 0.0037774742 0.0009601950 0.0000632429 0.0146993061 0.0000153490 0.0028527694
1403638177.19503 5.409083 -0.483384 1.168422 0.822612 -0.068148 0.558281 0.083599 0.0003525364 0.0000233122 -0.0001370404 0.0000020856 -0.0000090841 0.0000539257 0.0037892021 0.0010167097 0.0000633941 0.0147586889 0.0000154515 0.0028530069
1403638177.24503 5.423136 -0.506702 1.164551 0.822532 -0.067639 0.558310 0.084599 0.0003525519 0.0000241412 -0.0001368890 0.0000021997 -0.0000093963 0.0000538069 0.0038002791 0.0010695119 0.0000635581 0.0148189925 0.0000156939 0.0028531344
1403638177.29503 5.439098 -0.529363 1.159063 0.822591 -0.067318 0.558192 0.085052 0.0003524699 0.0000245526 -0.0001369110 0.0000022593 -0.0000095604 0.0000538370 0.0038103021 0.0011193066 0.0000636468 0.0148821612 0.0000162202 0.0028530803
1403638177.34503 5.454962 -0.548276 1.152419 0.822409 -0.067121 0.558409 0.085540 0.0003526205 0.0000249475 -0.0001366655 0.0000023160 -0.0000096929 0.0000536225 0.0038179821 0.0011681717 0.0000637586 0.0149498103 0.0000173682 0.0028525838
1403638177.39503 5.471470 -0.564926 1.143891 0.822457 -0.067369 0.558298 0.085610 0.0003525526 0.0000248839 -0.0001367524 0.0000023096 -0.0000096767 0.0000537001 0.0038257697 0.0012088675 0.0000638963 0.0150182259 0.0000182296 0.0028521185
1403638177.44503 5.488049 -0.582228 1.135357 0.822977 -0.068335 0.557474 0.085217 0.0003520577 0.0000242700 -0.0001374034 0.0000022286 -0.0000094964 0.0000542843 0.0038329562 0.0012458876 0.0000640830 0.0150923883 0.0000186495 0.0028521401
1403638177.49502 5.505573 -0.597136 1.125494 0.822657 -0.071272 0.558085 0.081833 0.0003525699 0.0000208918 -0.0001374099 0.0000017950 -0.0000081644 0.0000542127 0.0038404360 0.0012838674 0.0000642553 0.0151676991 0.0000191375 0.0028521355
1403638177.54502 5.523656 -0.610088 1.114070 0.822154 -0.075621 0.559005 0.076529 0.0003532302 0.0000156893 -0.0001373894 0.0000012549 -0.0000061211 0.0000540972 0.0038464460 0.0013176268 0.0000644216 0.0152453482 0.0000198203 0.0028518979
1403638177.59501 5.541861 -0.622866 1.102175 0.821781 -0.081520 0.559740 0.068712 0.0003535524 0.0000082652 -0.0001376886 0.0000007526 -0.0000032329 0.0000542827 0.0038519130 0.0013488644 0.0000644875 0.0153264713 0.0000203005 0.0028518752
1403638177.64501 5.560539 -0.634880 1.089345 0.821227 -0.084966 0.560515 0.064731 0.0003538977 0.0000042532 -0.0001374968 0.0000006124 -0.0000016641 0.0000540820 0.0038578953 0.0013817422 0.0000645560 0.0154077434 0.0000208086 0.0028518170
1403638177.69501 5.579539 -0.646524 1.075325 0.820816 -0.089835 0.560934 0.059534 0.0003538492 -0.0000011012 -0.0001376113 0.0000005667 0.0000004200 0.0000541795 0.0038634782 0.0014135761 0.0000645877 0.0154914916 0.0000213385 0.0028517110
1403638177.74501 5.598561 -0.658202 1.060597 0.819552 -0.094687 0.562392 0.055530 0.0003544529 -0.0000058194 -0.0001368310 0.0000006610 0.0000022411 0.0000534837 0.0038691365 0.0014459356 0.0000645870 0.0155764112 0.0000218757 0.0028515866
1403638177.79501 5.617965 -0.669983 1.045540 0.816951 -0.099314 0.565698 0.052096 0.0003562041 -0.0000103125 -0.0001346096 0.0000008662 0.0000038944 0.0000515281 0.0038748921 0.0014788854 0.0000645466 0.0156618503 0.0000224379 0.0028514321
1403638177.84501 5.637481 -0.681883 1.030379 0.813283 -0.102924 0.570547 0.049533 0.0003589371 -0.0000140305 -0.0001311070 0.0000011183 0.0000051241 0.0000485428 0.0038808095 0.0015127853 0.0000644620 0.0157488008 0.0000230152 0.0028512477
1403638177.89501 5.656816 -0.694315 1.015748 0.809520 -0.105560 0.575505 0.048251 0.0003617785 -0.0000165815 -0.0001273617 0.0000013319 0.0000058378 0.0000454856 0.0038869763 0.0015476352 0.0000643314 0.0158337111 0.0000235925 0.0028509880
1403638177.94500 5.675594 -0.708117 1.003137 0.806475 -0.107330 0.579451 0.048107 0.0003640780 -0.0000179608 -0.0001242573 0.0000014597 0.0000061306 0.0000430523 0.0038934480 0.0015835925 0.0000640765 0.0159141166 0.0000241770 0.0028505816
1403638177.99501 5.693481 -0.723750 0.992377 0.803914 -0.108269 0.582759 0.048906 0.0003660779 -0.0000183204 -0.0001215702 0.0000014921 0.0000060844 0.0000410115 0.0039008522 0.0016230944 0.0000636376 0.0159933977 0.0000247843 0.0028499752
1403638178.04502 5.709969 -0.739317 0.983530 0.801793 -0.108306 0.585359 0.052466 0.0003679758 -0.0000164732 -0.0001192636 0.0000013142 0.0000053384 0.0000392910 0.0039104315 0.0016670577 0.0000635379 0.0160683235 0.0000253450 0.0028497639
1403638178.09502 5.725162 -0.756623 0.976384 0.800488 -0.109464 0.586465 0.057414 0.0003690904 -0.0000140886 -0.0001180264 0.0000011161 0.0000045034 0.0000383779 0.0039202142 0.0017102466 0.0000634409 0.0161378298 0.0000259173 0.0028495695
1403638178.14502 5.739209 -0.774633 0.971725 0.799316 -0.112397 0.587012 0.062275 0.0003698088 -0.0000125499 -0.0001171921 0.0000010056 0.0000039746 0.0000377727 0.0039311548 0.0017561840 0.0000633659 0.0162031183 0.0000264756 0.0028493892
1403638178.19502 5.751222 -0.793874 0.968660 0.797570 -0.117418 0.587938 0.066517 0.0003706284 -0.0000123656 -0.0001160457 0.0000009936 0.0000038692 0.0000369680 0.0039428307 0.0018025818 0.0000632793 0.0162562447 0.0000269953 0.0028492477
1403638178.24503 5.762109 -0.813190 0.967552 0.795158 -0.124073 0.589328 0.070870 0.0003716711 -0.0000129910 -0.0001144700 0.0000010369 0.0000039987 0.0000358874 0.0039559192 0.0018511661 0.0000632558 0.0163031668 0.0000274974 0.0028491791
1403638178.29503 5.771616 -0.833223 0.968988 0.793340 -0.131635 0.589480 0.076136 0.0003721055 -0.0000133344 -0.0001138000 0.0000010625 0.0000040757 0.0000354349 0.0039696839 0.0019000375 0.0000632703 0.0163462941 0.0000279850 0.0028491534
1403638178.34503 5.779469 -0.853195 0.971976 0.790955 -0.140333 0.590002 0.081206 0.0003726944 -0.0000144048 -0.0001128057 0.0000011432 0.0000043580 0.0000347747 0.0039842731 0.0019493502 0.0000632966 0.0163822605 0.0000284681 0.0028491619
1403638178.39503 5.785461 -0.873385 0.975272 0.789025 -0.149382 0.589419 0.087804 0.0003728890 -0.0000145731 -0.0001125108 0.0000011577 0.0000043951 0.0000345789 0.0039991782 0.0019968933 0.0000633375 0.0164065573 0.0000289466 0.0028492225
1403638178.44502 5.789717 -0.893522 0.977544 0.787664 -0.160652 0.587502 0.092828 0.0003720994 -0.0000165112 -0.0001134437 0.0000013227 0.0000050328 0.0000352191 0.0040147243 0.0020441977 0.0000633878 0.0164246729 0.0000294103 0.0028493176
1403638178.49502 5.792100 -0.913970 0.977913 0.787206 -0.171794 0.583932 0.099084 0.0003705997 -0.0000172946 -0.0001155423 0.0000013989 0.0000053913 0.0000366587 0.0040309564 0.0020916372 0.0000634231 0.0164367015 0.0000298583 0.0028494187
1403638178.54502 5.792781 -0.935531 0.976576 0.787206 -0.183872 0.579270 0.104612 0.0003683661 -0.0000186732 -0.0001185126 0.0000015402 0.0000060075 0.0000387684 0.0040480936 0.0021389285 0.0000633783 0.0164395065 0.0000303061 0.0028494947
1403638178.59502 5.791624 -0.958062 0.973048 0.787302 -0.196162 0.574148 0.109683 0.0003657689 -0.0000202277 -0.0001218062 0.0000017141 0.0000067365 0.0000412071 0.0040664829 0.0021877219 0.0000632480 0.0164353628 0.0000305577 0.0028494750
1403638178.64502 5.789508 -0.980670 0.969095 0.786258 -0.208165 0.570412 0.114439 0.0003639037 -0.0000220886 -0.0001239529 0.0000019390 0.0000075252 0.0000428683 0.0040871292 0.0022390254 0.0000632068 0.0164263394 0.0000308754 0.0028496304
1403638178.69502 5.786628 -1.004353 0.964424 0.784628 -0.219441 0.567243 0.120170 0.0003625919 -0.0000231516 -0.0001254606 0.0000020791 0.0000080125 0.0000440605 0.0041082635 0.0022899317 0.0000631366 0.0164120274 0.0000311975 0.0028497848
1403638178.74502 5.782269 -1.028008 0.959242 0.782009 -0.230231 0.565307 0.126030 0.0003620663 -0.0000242167 -0.0001259493 0.0000022231 0.0000084262 0.0000444635 0.0041314316 0.0023434445 0.0000630326 0.0163947942 0.0000315258 0.0028499630
1403638178.79502 5.775986 -1.050795 0.951870 0.779888 -0.240050 0.562589 0.132833 0.0003613869 -0.0000240600 -0.0001268522 0.0000022066 0.0000084471 0.0000451780 0.0041544480 0.0023956520 0.0000627522 0.0163697512 0.0000316644 0.0028500275
1403638178.84502 5.770189 -1.076159 0.944321 0.779024 -0.249049 0.558313 0.139223 0.0003598415 -0.0000233644 -0.0001289009 0.0000021240 0.0000083708 0.0000468278 0.0041776141 0.0024450508 0.0000625692 0.0163371218 0.0000319512 0.0028503419
1403638178.89502 5.763590 -1.101576 0.936230 0.778647 -0.256702 0.554029 0.144445 0.0003581185 -0.0000226784 -0.0001311019 0.0000020451 0.0000083032 0.0000486505 0.0042036476 0.0025004257 0.0000623245 0.0163085796 0.0000322850 0.0028506672
1403638178.94501 5.756709 -1.127740 0.927014 0.778869 -0.263260 0.549446 0.148887 0.0003561126 -0.0000218055 -0.0001335945 0.0000019462 0.0000081809 0.0000507774 0.0042303871 0.0025553091 0.0000621289 0.0162761147 0.0000325847 0.0028511250
1403638178.99501 5.749425 -1.154192 0.917054 0.780063 -0.268811 0.544135 0.152180 0.0003534310 -0.0000208829 -0.0001367555 0.0000018468 0.0000080809 0.0000535804 0.0042584745 0.0026115308 0.0000619318 0.0162439992 0.0000328360 0.0028515697
1403638179.04501 5.742046 -1.181739 0.906110 0.781582 -0.272720 0.538897 0.156025 0.0003509996 -0.0000188748 -0.0001396753 0.0000016296 0.0000075105 0.0000562511 0.0042880612 0.0026691191 0.0000617119 0.0162105417 0.0000330557 0.0028519819
1403638179.09500 5.735135 -1.210150 0.895010 0.782820 -0.275398 0.534609 0.159817 0.0003491718 -0.0000166520 -0.0001418745 0.0000014098 0.0000067640 0.0000583176 0.0043193703 0.0027296334 0.0000613353 0.0161784329 0.0000331926 0.0028522725
1403638179.14500 5.726961 -1.238869 0.882601 0.783754 -0.278351 0.530453 0.163922 0.0003474667 -0.0000144198 -0.0001438588 0.0000012135 0.0000059664 0.0000602344 0.0043516002 0.0027923878 0.0000610101 0.0161472360 0.0000334682 0.0028527245
1403638179.19500 5.719707 -1.269798 0.870075 0.784307 -0.280880 0.526748 0.168835 0.0003462349 -0.0000116611 -0.0001453408 0.0000010055 0.0000048895 0.0000616859 0.0043847670 0.0028552181 0.0000607496 0.0161118287 0.0000338875 0.0028531702
1403638179.24500 5.712076 -1.302751 0.855758 0.784975 -0.283302 0.522775 0.173958 0.0003448958 -0.0000086177 -0.0001468703 0.0000008281 0.0000036619 0.0000632204 0.0044218220 0.0029232060 0.0000604364 0.0160825444 0.0000341926 0.0028536885
1403638179.29500 5.706013 -1.335504 0.841098 0.785371 -0.287042 0.518616 0.178428 0.0003432449 -0.0000065249 -0.0001485631 0.0000007369 0.0000028148 0.0000649804 0.0044623519 0.0029956976 0.0000601633 0.0160528011 0.0000345554 0.0028542740
1403638179.34500 5.701332 -1.370931 0.826001 0.784618 -0.291150 0.515558 0.183868 0.0003425588 -0.0000043397 -0.0001493026 0.0000006670 0.0000018805 0.0000657517 0.0045033218 0.0030686173 0.0000598740 0.0160296777 0.0000348448 0.0028547881
1403638179.39500 5.698320 -1.406822 0.811307 0.781402 -0.296704 0.515344 0.189207 0.0003437424 -0.0000037723 -0.0001482279 0.0000006512 0.0000016154 0.0000645925 0.0045475375 0.0031485882 0.0000594911 0.0160139610 0.0000351895 0.0028552822
1403638179.44500 5.695115 -1.442471 0.799048 0.775443 -0.303817 0.518456 0.193873 0.0003468538 -0.0000054096 -0.0001452025 0.0000006887 0.0000022553 0.0000614490 0.0045926955 0.0032300656 0.0000595352 0.0160055122 0.0000352809 0.0028554721
1403638179.49500 5.692522 -1.479562 0.784581 0.768296 -0.311385 0.522540 0.199279 0.0003507936 -0.0000072732 -0.0001411635 0.0000007532 0.0000029188 0.0000574589 0.0046397175 0.0033102386 0.0000593924 0.0159939283 0.0000356153 0.0028561168
1403638179.54500 5.690328 -1.517578 0.769423 0.761479 -0.319727 0.525193 0.205173 0.0003538414 -0.0000088927 -0.0001378576 0.0000008233 0.0000034577 0.0000543536 0.0046897326 0.0033940973 0.0000592747 0.0159844053 0.0000359474 0.0028567241
1403638179.59500 5.687265 -1.555857 0.753128 0.755382 -0.328152 0.526200 0.211726 0.0003560245 -0.0000097179 -0.0001354181 0.0000008623 0.0000036901 0.0000521450 0.0047417170 0.0034791735 0.0000591589 0.0159753141 0.0000363133 0.0028574385
1403638179.64500 5.684008 -1.594182 0.736986 0.749872 -0.337462 0.525919 0.217303 0.0003571813 -0.0000111048 -0.0001340271 0.0000009392 0.0000041616 0.0000509232 0.0047945445 0.0035628620 0.0000590175 0.0159599289 0.0000367070 0.0028580810
1403638179.69500 5.681648 -1.635141 0.721358 0.744114 -0.345941 0.525589 0.224443 0.0003587906 -0.0000113126 -0.0001321709 0.0000009392 0.0000041633 0.0000493121 0.0048479138 0.0036460717 0.0000593518 0.0159420222 0.0000364969 0.0028578472
1403638179.74500 5.678813 -1.675100 0.706841 0.739090 -0.355183 0.523543 0.231286 0.0003593492 -0.0000115012 -0.0001315236 0.0000009469 0.0000042054 0.0000487571 0.0049068687 0.0037360705 0.0000590276 0.0159300240 0.0000369643 0.0028585229
1403638179.79500 5.676500 -1.715615 0.693912 0.734293 -0.364152 0.521178 0.237866 0.0003597123 -0.0000115992 -0.0001311129 0.0000009485 0.0000042238 0.0000484047 0.0049658578 0.0038232434 0.0000587465 0.0159164298 0.0000374290 0.0028591899
1403638179.84500 5.673156 -1.755661 0.683653 0.728988 -0.372716 0.519146 0.245250 0.0003605545 -0.0000113161 -0.0001301605 0.0000009251 0.0000040808 0.0000475976 0.0050270793 0.0039118369 0.0000584215 0.0159046400 0.0000378904 0.0028598024
1403638179.89500 5.669090 -1.795911 0.674256 0.725122 -0.381969 0.515184 0.250766 0.0003597923 -0.0000114772 -0.0001310839 0.0000009310 0.0000041772 0.0000483647 0.0050895153 0.0039999944 0.0000581123 0.0158913103 0.0000383240 0.0028603573
1403638179.94499 5.664483 -1.836487 0.664819 0.722685 -0.390382 0.510231 0.254936 0.0003581405 -0.0000114378 -0.0001330499 0.0000009250 0.0000042446 0.0000500345 0.0051532975 0.0040874059 0.0000577820 0.0158744612 0.0000388070 0.0028610663
1403638179.99498 5.658413 -1.876183 0.655756 0.721510 -0.398291 0.504274 0.257866 0.0003555394 -0.0000112876 -0.0001360371 0.0000009117 0.0000043138 0.0000526570 0.0052185463 0.0041750498 0.0000573327 0.0158553367 0.0000392138 0.0028614296
1403638180.04498 5.652857 -1.916404 0.648642 0.720716 -0.405550 0.498912 0.259200 0.0003527548 -0.0000118211 -0.0001390527 0.0000009432 0.0000046547 0.0000554208 0.0052845001 0.0042601271 0.0000568691 0.0158311130 0.0000396179 0.0028620973
1403638180.09498 5.647485 -1.957139 0.643480 0.718614 -0.411617 0.496133 0.260802 0.0003515351 -0.0000127901 -0.0001402854 0.0000010061 0.0000050991 0.0000565889 0.0053531046 0.0043469609 0.0000565145 0.0158084951 0.0000400279 0.0028627490
1403638180.14498 5.642729 -1.998747 0.639585 0.716846 -0.416325 0.493994 0.262250 0.0003506707 -0.0000134341 -0.0001411550 0.0000010497 0.0000054026 0.0000574238 0.0054239767 0.0044344576 0.0000561264 0.0157867648 0.0000404344 0.0028635617
1403638180.19498 5.637416 -2.041207 0.636687 0.715404 -0.418664 0.492538 0.265186 0.0003508247 -0.0000125454 -0.0001411050 0.0000009777 0.0000050396 0.0000573558 0.0054981897 0.0045246461 0.0000557814 0.0157673617 0.0000407666 0.0028643939
1403638180.24499 5.631125 -2.082731 0.632200 0.714351 -0.421030 0.491161 0.266828 0.0003505796 -0.0000123183 -0.0001414039 0.0000009558 0.0000049610 0.0000576347 0.0055743631 0.0046154214 0.0000554476 0.0157440066 0.0000412879 0.0028653859
1403638180.29498 5.626069 -2.127720 0.626537 0.714100 -0.423236 0.489412 0.267225 0.0003496460 -0.0000123921 -0.0001423792 0.0000009498 0.0000050397 0.0000585764 0.0056512481 0.0047036483 0.0000556710 0.0157167990 0.0000418810 0.0028648511
1403638180.34499 5.621708 -2.172265 0.620541 0.713628 -0.425050 0.488684 0.266939 0.0003490686 -0.0000130883 -0.0001429311 0.0000009949 0.0000053527 0.0000591211 0.0057365228 0.0048009842 0.0000555621 0.0156966350 0.0000421270 0.0028653851
1403638180.39498 5.617176 -2.217852 0.613144 0.713920 -0.425166 0.487287 0.268520 0.0003488619 -0.0000117786 -0.0001432804 0.0000008953 0.0000048299 0.0000594388 0.0058226636 0.0048975403 0.0000554839 0.0156777712 0.0000421849 0.0028657022
1403638180.44498 5.612280 -2.263422 0.604499 0.715056 -0.424777 0.485288 0.269730 0.0003481865 -0.0000101098 -0.0001441123 0.0000007854 0.0000041753 0.0000602373 0.0059121698 0.0049958903 0.0000554450 0.0156594730 0.0000423581 0.0028658991
1403638180.49498 5.607816 -2.310170 0.595118 0.715135 -0.423525 0.485060 0.271891 0.0003488902 -0.0000084062 -0.0001435434 0.0000006876 0.0000034483 0.0000596426 0.0060040658 0.0050948129 0.0000554725 0.0156407077 0.0000425323 0.0028659784
1403638180.54498 5.602414 -2.357886 0.586261 0.715882 -0.421774 0.484380 0.273853 0.0003492180 -0.0000063627 -0.0001433344 0.0000005895 0.0000026030 0.0000594075 0.0060989557 0.0051953692 0.0000562030 0.0156205235 0.0000425110 0.0028627906
1403638180.59498 5.598751 -2.401452 0.577999 0.716743 -0.420758 0.483490 0.274736 0.0003490638 -0.0000050956 -0.0001435671 0.0000005446 0.0000020854 0.0000596204 0.0061976305 0.0052965699 0.0000561508 0.0155980197 0.0000423934 0.0028627773
1403638180.64499 5.593916 -2.448911 0.569051 0.718754 -0.419338 0.481235 0.275609 0.0003480709 -0.0000029373 -0.0001446473 0.0000004914 0.0000012082 0.0000606808 0.0062889935 0.0053901461 0.0000561246 0.0155844640 0.0000424148 0.0028627357
1403638180.69499 5.589908 -2.497170 0.561910 0.720480 -0.418686 0.479570 0.274997 0.0003468741 -0.0000021432 -0.0001458660 0.0000004769 0.0000008876 0.0000619067 0.0063912218 0.0054922555 0.0000560894 0.0155678818 0.0000424062 0.0028626212
1403638180.74499 5.586571 -2.546328 0.556512 0.723523 -0.418177 0.476178 0.273675 0.0003443624 -0.0000009755 -0.0001483152 0.0000004636 0.0000004051 0.0000644467 0.0064967357 0.0055959527 0.0000560537 0.0155533536 0.0000423814 0.0028623825
1403638180.79499 5.583895 -2.595365 0.554109 0.725000 -0.418172 0.475156 0.271540 0.0003429763 -0.0000015127 -0.0001496260 0.0000004622 0.0000006470 0.0000658395 0.0066073768 0.0057041585 0.0000562617 0.0155434357 0.0000422403 0.0028592922
1403638180.84499 5.581963 -2.646330 0.553090 0.726310 -0.417597 0.474560 0.269963 0.0003420714 -0.0000016945 -0.0001504804 0.0000004621 0.0000007317 0.0000667600 0.0067199335 0.0058127213 0.0000562229 0.0155371805 0.0000422309 0.0028592349
1403638180.89498 5.581593 -2.698916 0.553690 0.726729 -0.417018 0.475447 0.268163 0.0003419882 -0.0000026589 -0.0001505649 0.0000004725 0.0000011566 0.0000668474 0.0068390050 0.0059264179 0.0000562165 0.0155347849 0.0000422790 0.0028591149
1403638180.94498 5.581918 -2.752826 0.554445 0.726914 -0.416262 0.476580 0.266820 0.0003422213 -0.0000034433 -0.0001503576 0.0000004849 0.0000014985 0.0000666166 0.0069639416 0.0060447978 0.0000561737 0.0155375075 0.0000423164 0.0028590218
1403638180.99498 5.583775 -2.807704 0.554725 0.726303 -0.415816 0.478764 0.265268 0.0003430182 -0.0000049234 -0.0001496030 0.0000005194 0.0000021330 0.0000657989 0.0070940983 0.0061663752 0.0000561169 0.0155423629 0.0000423277 0.0028588528
1403638181.04498 5.585826 -2.864212 0.553522 0.725631 -0.414964 0.481255 0.263930 0.0003440886 -0.0000062751 -0.0001485740 0.0000005620 0.0000026953 0.0000646997 0.0072291589 0.0062922159 0.0000560263 0.0155546871 0.0000423230 0.0028586672
1403638181.09498 5.588910 -2.921495 0.549902 0.725604 -0.414303 0.482593 0.262594 0.0003444459 -0.0000071813 -0.0001482164 0.0000005961 0.0000030760 0.0000643218 0.0073707121 0.0064216531 0.0000560103 0.0155669440 0.0000422118 0.0028582616
1403638181.14498 5.591185 -2.981308 0.545759 0.724715 -0.414772 0.484708 0.260405 0.0003449232 -0.0000093850 -0.0001476512 0.0000006995 0.0000040061 0.0000637441 0.0075164741 0.0065546973 0.0000566821 0.0155823625 0.0000418848 0.0028562970
1403638181.19498 5.594164 -3.039657 0.539702 0.723128 -0.413781 0.488090 0.260076 0.0003468747 -0.0000105742 -0.0001457071 0.0000007664 0.0000044307 0.0000617397 0.0076725758 0.0066921766 0.0000566422 0.0155946401 0.0000419009 0.0028562865
1403638181.24498 5.596963 -3.098859 0.532949 0.720130 -0.413911 0.492614 0.259658 0.0003493796 -0.0000128955 -0.0001430451 0.0000009203 0.0000052694 0.0000590952 0.0078271285 0.0068266750 0.0000566082 0.0156092805 0.0000419252 0.0028562768
1403638181.29499 5.599716 -3.158892 0.525143 0.715250 -0.415769 0.498099 0.259712 0.0003524449 -0.0000163047 -0.0001395367 0.0000011997 0.0000064460 0.0000557665 0.0079865553 0.0069619524 0.0000565236 0.0156209346 0.0000419513 0.0028564538
1403638181.34499 5.601254 -3.219769 0.514870 0.710374 -0.418719 0.501702 0.261417 0.0003549088 -0.0000186474 -0.0001366008 0.0000014266 0.0000071687 0.0000530941 0.0081512044 0.0070986319 0.0000564097 0.0156311605 0.0000420541 0.0028569938
1403638181.39498 5.601871 -3.281859 0.502837 0.704634 -0.423726 0.504816 0.262883 0.0003568196 -0.0000219821 -0.0001339815 0.0000018022 0.0000082471 0.0000508207 0.0083207336 0.0072349966 0.0000561515 0.0156338407 0.0000418616 0.0028566879
1403638181.44498 5.601014 -3.343680 0.489743 0.698412 -0.430779 0.506850 0.264110 0.0003578307 -0.0000259939 -0.0001321206 0.0000023382 0.0000095923 0.0000492910 0.0084957582 0.0073711916 0.0000558900 0.0156318020 0.0000418752 0.0028571364
1403638181.49498 5.598136 -3.406024 0.475523 0.690597 -0.437875 0.509428 0.268000 0.0003599681 -0.0000292034 -0.0001289395 0.0000028211 0.0000104561 0.0000466890 0.0086746834 0.0075055413 0.0000556727 0.0156231286 0.0000419415 0.0028576941
1403638181.54499 5.593599 -3.469165 0.461121 0.679906 -0.445087 0.514707 0.273316 0.0003637179 -0.0000334055 -0.0001232444 0.0000035224 0.0000113158 0.0000422563 0.0088568672 0.0076364453 0.0000554185 0.0156042656 0.0000420146 0.0028582624
1403638181.59499 5.586727 -3.532103 0.447389 0.670337 -0.450997 0.517489 0.281878 0.0003674517 -0.0000344986 -0.0001179791 0.0000036950 0.0000110727 0.0000383682 0.0090432740 0.0077643780 0.0000551084 0.0155750551 0.0000421313 0.0028588431
1403638181.64499 5.577457 -3.594189 0.434514 0.663537 -0.457459 0.515993 0.290173 0.0003691731 -0.0000338739 -0.0001157788 0.0000035655 0.0000106191 0.0000367941 0.0092318236 0.0078873778 0.0000547166 0.0155351288 0.0000422320 0.0028593187
1403638181.69498 5.565661 -3.657533 0.422052 0.659491 -0.463642 0.510483 0.299190 0.0003696008 -0.0000306583 -0.0001160957 0.0000030010 0.0000096251 0.0000369490 0.0094195705 0.0080032950 0.0000542555 0.0154851022 0.0000423706 0.0028596175
1403638181.74498 5.550472 -3.720507 0.410759 0.656008 -0.470750 0.504004 0.306639 0.0003690082 -0.0000280925 -0.0001176061 0.0000025971 0.0000089481 0.0000379634 0.0096151399 0.0081184097 0.0000537711 0.0154257878 0.0000424546 0.0028599102
1403638181.79498 5.533662 -3.780337 0.403901 0.652688 -0.477354 0.496636 0.315411 0.0003686021 -0.0000243332 -0.0001190325 0.0000020650 0.0000078522 0.0000389201 0.0098124181 0.0082263621 0.0000532666 0.0153521340 0.0000424719 0.0028601461
1403638181.84497 5.512524 -3.843461 0.398090 0.650369 -0.484207 0.487900 0.323290 0.0003673102 -0.0000202397 -0.0001215714 0.0000015739 0.0000066924 0.0000407187 0.0100019760 0.0083240519 0.0000525117 0.0152718221 0.0000423531 0.0028601678
1403638181.89497 5.492185 -3.901887 0.394860 0.648550 -0.490550 0.478543 0.331271 0.0003657855 -0.0000155108 -0.0001242980 0.0000011169 0.0000052634 0.0000427210 0.0102052861 0.0084214126 0.0000522746 0.0151763944 0.0000424481 0.0028605863
1403638181.94496 5.472175 -3.959544 0.393499 0.645851 -0.497997 0.471125 0.336031 0.0003638807 -0.0000137067 -0.0001269666 0.0000009763 0.0000047753 0.0000447869 0.0103965572 0.0085103767 0.0000521610 0.0150876633 0.0000424805 0.0028611210
1403638181.99496 5.451746 -4.016403 0.393077 0.643886 -0.504548 0.464509 0.339225 0.0003617905 -0.0000123936 -0.0001297042 0.0000008846 0.0000044364 0.0000469871 0.0105878470 0.0085978557 0.0000519602 0.0150015693 0.0000423095 0.0028613535
1403638182.04497 5.431687 -4.072554 0.395100 0.642798 -0.511371 0.458004 0.339916 0.0003587211 -0.0000121729 -0.0001333816 0.0000008737 0.0000045201 0.0000500859 0.0107802192 0.0086830582 0.0000518712 0.0149148797 0.0000421865 0.0028619156
1403638182.09497 5.411359 -4.128735 0.398801 0.641294 -0.516957 0.453041 0.340955 0.0003565644 -0.0000120070 -0.0001358718 0.0000008647 0.0000045702 0.0000522682 0.0109731298 0.0087659443 0.0000516174 0.0148270992 0.0000415540 0.0028622190
1403638182.14498 5.391348 -4.184151 0.404686 0.640255 -0.521858 0.448408 0.341567 0.0003543666 -0.0000117999 -0.0001383315 0.0000008536 0.0000046017 0.0000544949 0.0111700830 0.0088493231 0.0000515499 0.0147416331 0.0000411952 0.0028626742
1403638182.19498 5.371659 -4.239663 0.410585 0.639029 -0.526008 0.445070 0.341864 0.0003527010 -0.0000120316 -0.0001401160 0.0000008717 0.0000047759 0.0000561609 0.0113678011 0.0089314132 0.0000515455 0.0146580704 0.0000408512 0.0028633588
1403638182.24499 5.352724 -4.295576 0.415425 0.637435 -0.531209 0.443142 0.339293 0.0003504064 -0.0000146197 -0.0001422813 0.0000010719 0.0000059344 0.0000582729 0.0115680328 0.0090136591 0.0000515245 0.0145770254 0.0000403840 0.0028640260
1403638182.29500 5.336775 -4.356332 0.417772 0.636260 -0.535372 0.441950 0.336497 0.0003483927 -0.0000170953 -0.0001440555 0.0000012988 0.0000070703 0.0000600653 0.0117712093 0.0090969209 0.0000516371 0.0144948529 0.0000387315 0.0028636872
1403638182.34500 5.318188 -4.414341 0.420667 0.634817 -0.538483 0.441901 0.334316 0.0003471725 -0.0000195175 -0.0001449739 0.0000015574 0.0000081536 0.0000610397 0.0119980873 0.0091962760 0.0000516197 0.0144276751 0.0000379816 0.0028642987
1403638182.39500 5.299773 -4.472792 0.423513 0.634805 -0.541226 0.440760 0.331404 0.0003450932 -0.0000212942 -0.0001467586 0.0000017743 0.0000090606 0.0000629151 0.0122169013 0.0092835427 0.0000516188 0.0143493209 0.0000372817 0.0028649301
1403638182.44500 5.280451 -4.533350 0.427488 0.636574 -0.540615 0.437681 0.333083 0.0003443934 -0.0000185766 -0.0001478063 0.0000014618 0.0000079763 0.0000639383 0.0124418506 0.0093714601 0.0000517692 0.0142693848 0.0000363712 0.0028654667
1403638182.49500 5.261222 -4.595371 0.432884 0.639452 -0.539358 0.433948 0.334490 0.0003432346 -0.0000152441 -0.0001492848 0.0000011357 0.0000066325 0.0000654329 0.0126767830 0.0094611981 0.0000519611 0.0141867929 0.0000352587 0.0028658152
1403638182.54499 5.240529 -4.656852 0.440898 0.642901 -0.536612 0.429675 0.337795 0.0003426502 -0.0000101764 -0.0001502673 0.0000007607 0.0000044621 0.0000664036 0.0129218993 0.0095541533 0.0000520055 0.0141073548 0.0000347074 0.0028664918
1403638182.59499 5.219470 -4.719213 0.450935 0.646173 -0.533703 0.425989 0.340815 0.0003421413 -0.0000054919 -0.0001509820 0.0000005467 0.0000024197 0.0000671317 0.0131676072 0.0096431356 0.0000520511 0.0140237350 0.0000341941 0.0028671118
1403638182.64499 5.200426 -4.783478 0.462846 0.648415 -0.531987 0.424145 0.341540 0.0003414955 -0.0000032761 -0.0001516356 0.0000004903 0.0000014492 0.0000678378 0.0134193424 0.0097329939 0.0000522213 0.0139405294 0.0000335605 0.0028677519
1403638182.69499 5.181731 -4.849592 0.476054 0.650179 -0.530241 0.423439 0.341775 0.0003412067 -0.0000018749 -0.0001519218 0.0000004693 0.0000008277 0.0000681494 0.0136796533 0.0098272323 0.0000523008 0.0138621113 0.0000321367 0.0028680783
1403638182.74499 5.163705 -4.916972 0.490464 0.650649 -0.529467 0.424535 0.340721 0.0003413545 -0.0000024434 -0.0001517849 0.0000004772 0.0000010791 0.0000679986 0.0139530451 0.0099273060 0.0000525432 0.0137899409 0.0000314826 0.0028688239
1403638182.79499 5.146030 -4.984806 0.504729 0.650968 -0.528302 0.425671 0.340502 0.0003419101 -0.0000025507 -0.0001512846 0.0000004796 0.0000011209 0.0000674454 0.0142362969 0.0100307813 0.0000528278 0.0137208889 0.0000308895 0.0028695845
1403638182.84499 5.129877 -5.054499 0.518212 0.650986 -0.527079 0.427342 0.340271 0.0003427345 -0.0000029275 -0.0001505302 0.0000004865 0.0000012781 0.0000666199 0.0145250562 0.0101353044 0.0000531085 0.0136548631 0.0000302811 0.0028703721
1403638182.89499 5.114176 -5.124973 0.530891 0.650185 -0.525609 0.430169 0.340514 0.0003444084 -0.0000036618 -0.0001489625 0.0000005015 0.0000015762 0.0000649340 0.0148245670 0.0102452087 0.0000533759 0.0135943929 0.0000297593 0.0028712161
1403638182.94499 5.097699 -5.199840 0.540406 0.649028 -0.524201 0.433365 0.340838 0.0003463426 -0.0000045979 -0.0001470975 0.0000005239 0.0000019451 0.0000629772 0.0151306979 0.0103553444 0.0000536904 0.0135329447 0.0000291650 0.0028719214
1403638182.99499 5.081718 -5.272749 0.550907 0.647215 -0.521754 0.437486 0.342771 0.0003494082 -0.0000049873 -0.0001440729 0.0000005353 0.0000020483 0.0000599053 0.0154604843 0.0104714625 0.0000538534 0.0134697018 0.0000286832 0.0028729373
1403638183.04498 5.062867 -5.345049 0.561857 0.645550 -0.519528 0.441234 0.344483 0.0003521513 -0.0000053765 -0.0001412514 0.0000005471 0.0000021479 0.0000571535 0.0157850933 0.0105836015 0.0000541623 0.0134085193 0.0000281548 0.0028738511
1403638183.09498 5.046308 -5.419089 0.570857 0.644884 -0.516407 0.443618 0.347350 0.0003546577 -0.0000040394 -0.0001386373 0.0000005122 0.0000015692 0.0000546877 0.0161111456 0.0106868895 0.0000543981 0.0133362257 0.0000276159 0.0028748095
1403638183.14498 5.030310 -5.492891 0.578575 0.645081 -0.513107 0.444319 0.350958 0.0003565570 -0.0000013832 -0.0001366121 0.0000004728 0.0000005182 0.0000528342 0.0164482877 0.0107975222 0.0000546013 0.0132736297 0.0000271435 0.0028758283
1403638183.19498 5.013873 -5.566500 0.585025 0.645224 -0.511354 0.445041 0.352338 0.0003575032 -0.0000003699 -0.0001355645 0.0000004690 0.0000001275 0.0000518978 0.0167879194 0.0109079316 0.0000548430 0.0132138333 0.0000266711 0.0028768091
1403638183.24499 4.998993 -5.638293 0.588671 0.647911 -0.509933 0.442167 0.353083 0.0003562824 0.0000023281 -0.0001369036 0.0000004843 -0.0000009093 0.0000531002 0.0171285516 0.0110150284 0.0000552060 0.0131508985 0.0000260613 0.0028775656
1403638183.29500 4.983548 -5.709349 0.591182 0.650107 -0.510112 0.439380 0.352266 0.0003544680 0.0000035158 -0.0001388640 0.0000005052 -0.0000013932 0.0000548981 0.0174650293 0.0111215427 0.0000553662 0.0130960625 0.0000256336 0.0028785962
1403638183.34500 4.969453 -5.779383 0.593234 0.652536 -0.511787 0.436212 0.349271 0.0003515204 0.0000033207 -0.0001419840 0.0000005027 -0.0000013575 0.0000578519 0.0178019291 0.0112250649 0.0000555912 0.0130401847 0.0000251539 0.0028795051
1403638183.44500 4.942095 -5.918862 0.593747 0.657689 -0.514437 0.428962 0.344660 0.0003455414 0.0000043047 -0.0001479193 0.0000005285 -0.0000018601 0.0000638356 0.0184935351 0.0114334091 0.0000557106 0.0129348134 0.0000242948 0.0028814986
1403638183.49500 4.929421 -5.989037 0.592178 0.659850 -0.514887 0.425683 0.343923 0.0003433712 0.0000056160 -0.0001499109 0.0000005680 -0.0000024703 0.0000659670 0.0188326687 0.0115403386 0.0000557837 0.0128936379 0.0000239872 0.0028823409
1403638183.54500 4.916917 -6.060089 0.589414 0.662037 -0.514697 0.422717 0.343663 0.0003415308 0.0000072343 -0.0001515193 0.0000006306 -0.0000032294 0.0000677425 0.0191856301 0.0116488979 0.0000557771 0.0128498943 0.0000237141 0.0028831536
1403638183.59500 4.904992 -6.130741 0.585151 0.662331 -0.515367 0.422090 0.342863 0.0003408294 0.0000069401 -0.0001521635 0.0000006202 -0.0000031187 0.0000684568 0.0195480081 0.0117590974 0.0000559215 0.0128074819 0.0000233737 0.0028841614
1403638183.64499 4.894610 -6.202625 0.581015 0.660923 -0.514819 0.424276 0.343703 0.0003424630 0.0000063526 -0.0001507138 0.0000005981 -0.0000028161 0.0000668489 0.0199138134 0.0118706606 0.0000560972 0.0127687139 0.0000231113 0.0028850971
1403638183.69499 4.886847 -6.275112 0.578639 0.659552 -0.511450 0.426679 0.348360 0.0003457897 0.0000084954 -0.0001474996 0.0000006906 -0.0000036457 0.0000634344 0.0202927153 0.0119881978 0.0000562535 0.0127349479 0.0000229686 0.0028857898
1403638183.74498 4.878990 -6.349165 0.578291 0.655867 -0.509591 0.432287 0.351118 0.0003501105 0.0000073781 -0.0001433120 0.0000006390 -0.0000030415 0.0000591744 0.0206742294 0.0121116870 0.0000564088 0.0127120029 0.0000228752 0.0028865304
1403638183.79498 4.872783 -6.424680 0.580029 0.654189 -0.506371 0.434835 0.355730 0.0003533681 0.0000093292 -0.0001398208 0.0000007316 -0.0000037140 0.0000558323 0.0210647761 0.0122346848 0.0000565351 0.0126864374 0.0000228750 0.0028871859
1403638183.84498 4.868875 -6.500745 0.584463 0.651641 -0.502953 0.438870 0.360270 0.0003573175 0.0000105425 -0.0001354190 0.0000007983 -0.0000040188 0.0000518255 0.0214664901 0.0123649756 0.0000567595 0.0126690849 0.0000227814 0.0028878440
1403638183.89498 4.864876 -6.575666 0.590125 0.649407 -0.501511 0.441819 0.362702 0.0003598248 0.0000105158 -0.0001325528 0.0000007965 -0.0000038973 0.0000493310 0.0218747477 0.0125010026 0.0000570844 0.0126597365 0.0000225656 0.0028885632
1403638183.94498 4.861984 -6.649369 0.597154 0.648559 -0.500944 0.442993 0.363572 0.0003607762 0.0000104654 -0.0001314465 0.0000007947 -0.0000038369 0.0000483924 0.0222771317 0.0126325394 0.0000574611 0.0126496929 0.0000222477 0.0028893104
1403638183.99498 4.862524 -6.722805 0.605114 0.648681 -0.501314 0.442563 0.363367 0.0003604815 0.0000104421 -0.0001317961 0.0000007954 -0.0000038419 0.0000486871 0.0226815690 0.0127668985 0.0000579693 0.0126427171 0.0000221728 0.0028896819
1403638184.04497 4.861696 -6.794782 0.615339 0.648954 -0.502661 0.442026 0.361667 0.0003595822 0.0000093953 -0.0001329364 0.0000007402 -0.0000034977 0.0000496492 0.0230873094 0.0129109262 0.0000584497 0.0126521265 0.0000217306 0.0028904087
1403638184.09497 4.860188 -6.865631 0.626865 0.650792 -0.504652 0.438993 0.359278 0.0003570608 0.0000091488 -0.0001358386 0.0000007309 -0.0000035055 0.0000521852 0.0234933754 0.0130485975 0.0000588874 0.0126542739 0.0000213424 0.0028912354
1403638184.14497 4.861377 -6.935540 0.638060 0.653347 -0.506499 0.434908 0.357004 0.0003539723 0.0000096358 -0.0001391974 0.0000007609 -0.0000038154 0.0000552516 0.0238952831 0.0131817476 0.0000592282 0.0126549345 0.0000209209 0.0028921440
1403638184.19497 4.864013 -7.004668 0.647758 0.654866 -0.509639 0.432057 0.353193 0.0003508998 0.0000081824 -0.0001425156 0.0000006912 -0.0000033495 0.0000584010 0.0242961851 0.0133214427 0.0000595510 0.0126663231 0.0000204214 0.0028930424
1403638184.24497 4.867380 -7.072432 0.657042 0.656379 -0.511343 0.429376 0.351185 0.0003485843 0.0000080289 -0.0001448613 0.0000006872 -0.0000033634 0.0000607241 0.0246996969 0.0134653849 0.0000599362 0.0126829788 0.0000198414 0.0028938803
1403638184.29497 4.870784 -7.141408 0.664760 0.656531 -0.512438 0.428518 0.350352 0.0003477726 0.0000076260 -0.0001456853 0.0000006713 -0.0000032218 0.0000615557 0.0250992986 0.0136086483 0.0000603344 0.0127020452 0.0000192219 0.0028947852
1403638184.34497 4.875660 -7.211008 0.670654 0.656258 -0.511714 0.428630 0.351781 0.0003484141 0.0000084590 -0.0001450053 0.0000007114 -0.0000035487 0.0000608762 0.0255103887 0.0137550154 0.0000607298 0.0127214288 0.0000186422 0.0028956892
1403638184.39497 4.881738 -7.281687 0.676160 0.654349 -0.511023 0.431270 0.353114 0.0003504487 0.0000078412 -0.0001429949 0.0000006833 -0.0000032277 0.0000588719 0.0259302464 0.0139088454 0.0000611751 0.0127480149 0.0000181261 0.0028965536
1403638184.44498 4.889406 -7.353683 0.681018 0.653238 -0.509906 0.432800 0.354909 0.0003520236 0.0000082333 -0.0001413490 0.0000007024 -0.0000033348 0.0000572803 0.0263594535 0.0140673071 0.0000616511 0.0127779480 0.0000176254 0.0028973701
1403638184.49498 4.897784 -7.425832 0.685293 0.652314 -0.508361 0.434004 0.357346 0.0003536519 0.0000092563 -0.0001395662 0.0000007541 -0.0000036827 0.0000556016 0.0267993013 0.0142330873 0.0000620419 0.0128139250 0.0000172088 0.0028981633
1403638184.54498 4.908106 -7.497890 0.689665 0.651274 -0.508145 0.435310 0.357961 0.0003546151 0.0000088601 -0.0001385560 0.0000007351 -0.0000034919 0.0000546595 0.0272423622 0.0144014842 0.0000624815 0.0128530630 0.0000167722 0.0028989040
1403638184.59498 4.919117 -7.570999 0.694445 0.650479 -0.507708 0.436204 0.358938 0.0003554802 0.0000089405 -0.0001376005 0.0000007403 -0.0000034911 0.0000537847 0.0276877639 0.0145749765 0.0000629258 0.0128973414 0.0000161855 0.0028993086
1403638184.64498 4.930238 -7.642100 0.699360 0.649379 -0.507539 0.437799 0.359226 0.0003564541 0.0000082245 -0.0001365710 0.0000007070 -0.0000031818 0.0000528472 0.0281440729 0.0147539092 0.0000633942 0.0129466626 0.0000157117 0.0028999894
1403638184.69498 4.942290 -7.713511 0.703467 0.649784 -0.507419 0.437027 0.359603 0.0003561896 0.0000088629 -0.0001368239 0.0000007399 -0.0000034362 0.0000530816 0.0285926302 0.0149300585 0.0000638295 0.0129963411 0.0000152948 0.0029007632
1403638184.74498 4.954787 -7.784363 0.707889 0.648776 -0.508350 0.438227 0.358645 0.0003564684 0.0000073344 -0.0001366055 0.0000006722 -0.0000028422 0.0000528737 0.0290484329 0.0151111857 0.0000643099 0.0130504520 0.0000147769 0.0029015242
1403638184.79498 4.967359 -7.855052 0.713203 0.648526 -0.508157 0.438704 0.358788 0.0003567766 0.0000072157 -0.0001362681 0.0000006692 -0.0000027882 0.0000525710 0.0295036014 0.0152921579 0.0000647845 0.0131052610 0.0000142270 0.0029022262
1403638184.84498 4.980845 -7.925515 0.717989 0.648655 -0.508895 0.437887 0.358508 0.0003562376 0.0000071883 -0.0001368675 0.0000006703 -0.0000027947 0.0000531109 0.0299615010 0.0154737465 0.0000652717 0.0131606079 0.0000137417 0.0029029662
1403638184.89498 4.994034 -7.995559 0.723537 0.649056 -0.507966 0.437127 0.360024 0.0003564257 0.0000086503 -0.0001365718 0.0000007373 -0.0000033489 0.0000528567 0.0304231377 0.0156592980 0.0000657701 0.0132198522 0.0000132941 0.0029036705
1403638184.94498 5.006401 -8.065601 0.730242 0.647993 -0.507063 0.438475 0.361569 0.0003577412 0.0000089100 -0.0001350753 0.0000007511 -0.0000033992 0.0000515264 0.0308855351 0.0158431543 0.0000662919 0.0132770914 0.0000129023 0.0029043118
1403638184.99498 5.020265 -8.134793 0.736610 0.647552 -0.507656 0.438854 0.361065 0.0003577592 0.0000081931 -0.0001350969 0.0000007187 -0.0000031294 0.0000515410 0.0313485947 0.0160241553 0.0000666910 0.0133319110 0.0000125012 0.0029050751
1403638185.04498 5.034708 -8.203768 0.743573 0.647187 -0.508251 0.439370 0.360255 0.0003577232 0.0000072981 -0.0001351824 0.0000006817 -0.0000027939 0.0000516118 0.0318116516 0.0162102637 0.0000670256 0.0133929524 0.0000121466 0.0029058478
1403638185.09498 5.050394 -8.271954 0.750374 0.648253 -0.507871 0.437711 0.360895 0.0003570741 0.0000086738 -0.0001358209 0.0000007451 -0.0000033367 0.0000521910 0.0322783145 0.0163987588 0.0000673996 0.0134554304 0.0000117516 0.0029066039
1403638185.14498 5.065871 -8.339556 0.757332 0.649044 -0.507824 0.436788 0.360655 0.0003564671 0.0000091343 -0.0001364607 0.0000007703 -0.0000035355 0.0000527698 0.0327419503 0.0165914687 0.0000677166 0.0135250656 0.0000113510 0.0029073560
1403638185.19498 5.081497 -8.407031 0.764425 0.649340 -0.507159 0.436211 0.361757 0.0003565716 0.0000102036 -0.0001362583 0.0000008301 -0.0000039393 0.0000526005 0.0332072472 0.0167824576 0.0000680337 0.0135922870 0.0000110548 0.0029080958
1403638185.24498 5.098719 -8.472977 0.770326 0.651078 -0.505512 0.433860 0.363758 0.0003560051 0.0000131287 -0.0001366310 0.0000010247 -0.0000050813 0.0000529710 0.0336736801 0.0169744140 0.0000683558 0.0136609849 0.0000107046 0.0029088756
1403638185.29498 5.117034 -8.537857 0.776105 0.651444 -0.504380 0.433615 0.364964 0.0003562955 0.0000143066 -0.0001361853 0.0000011174 -0.0000055121 0.0000525884 0.0341301967 0.0171703654 0.0000686756 0.0137377554 0.0000103432 0.0029096789
1403638185.34497 5.136305 -8.601558 0.782309 0.652100 -0.503002 0.432579 0.366920 0.0003564289 0.0000163226 -0.0001358020 0.0000012929 -0.0000062643 0.0000522776 0.0345846923 0.0173703325 0.0000691213 0.0138193064 0.0000100033 0.0029103360
1403638185.39497 5.156769 -8.666175 0.788459 0.652528 -0.500079 0.433666 0.368866 0.0003576405 0.0000179941 -0.0001342142 0.0000014529 -0.0000067994 0.0000509034 0.0350330653 0.0175731158 0.0000695104 0.0139063464 0.0000097139 0.0029110294
1403638185.44497 5.177245 -8.729243 0.795322 0.653458 -0.496084 0.435519 0.370427 0.0003590359 0.0000196785 -0.0001323610 0.0000016282 -0.0000073028 0.0000493316 0.0354888536 0.0177824827 0.0000698251 0.0139986749 0.0000095195 0.0029116943
1403638185.49497 5.199105 -8.790603 0.802239 0.655296 -0.490448 0.438140 0.371593 0.0003605638 0.0000217256 -0.0001302256 0.0000018605 -0.0000078968 0.0000475696 0.0359365276 0.0179910365 0.0000701328 0.0140926438 0.0000094020 0.0029122935
1403638185.54498 5.223198 -8.851949 0.809293 0.658060 -0.484606 0.440785 0.371245 0.0003615077 0.0000233638 -0.0001287925 0.0000020630 -0.0000083758 0.0000464211 0.0363736290 0.0182009311 0.0000704321 0.0141914365 0.0000092744 0.0029128019
1403638185.59498 5.249392 -8.912632 0.816191 0.660811 -0.478754 0.444540 0.369469 0.0003625368 0.0000238873 -0.0001274253 0.0000021280 -0.0000084497 0.0000453261 0.0368140383 0.0184208685 0.0000706776 0.0143004482 0.0000091499 0.0029132498
1403638185.64498 5.277301 -8.973257 0.822767 0.663936 -0.472842 0.447196 0.368273 0.0003631519 0.0000252472 -0.0001263835 0.0000023102 -0.0000088420 0.0000445238 0.0372513027 0.0186482676 0.0000709689 0.0144176320 0.0000089511 0.0029136515
1403638185.69498 5.305658 -9.031485 0.829245 0.665163 -0.469056 0.452081 0.364920 0.0003644226 0.0000234583 -0.0001251154 0.0000020654 -0.0000081096 0.0000434965 0.0376895789 0.0188823901 0.0000712258 0.0145433387 0.0000087841 0.0029140677
1403638185.74498 5.335048 -9.089266 0.835536 0.665912 -0.466726 0.457167 0.360175 0.0003654544 0.0000202356 -0.0001243531 0.0000016763 -0.0000069408 0.0000428573 0.0381129589 0.0191130690 0.0000713504 0.0146705255 0.0000085326 0.0029146144
1403638185.79498 5.366358 -9.144001 0.841441 0.666500 -0.467552 0.461673 0.352181 0.0003651737 0.0000143426 -0.0001255254 0.0000011187 -0.0000049834 0.0000436962 0.0385347186 0.0193466643 0.0000716030 0.0148004955 0.0000082355 0.0029151405
1403638185.84498 5.397601 -9.198815 0.846468 0.665823 -0.472133 0.467038 0.340066 0.0003638643 0.0000043479 -0.0001279121 0.0000006070 -0.0000015778 0.0000455197 0.0389348321 0.0195818697 0.0000717301 0.0149398042 0.0000078345 0.0029157063
1403638185.89498 5.428206 -9.253463 0.850705 0.665706 -0.476033 0.470836 0.329456 0.0003619344 -0.0000039054 -0.0001302859 0.0000005975 0.0000013599 0.0000474584 0.0393421320 0.0198168206 0.0000718431 0.0150760697 0.0000073080 0.0029161719
1403638185.94498 5.459536 -9.306612 0.853670 0.665587 -0.480186 0.473812 0.319247 0.0003594584 -0.0000117070 -0.0001327554 0.0000009375 0.0000042814 0.0000495944 0.0397531403 0.0200494554 0.0000720361 0.0152087748 0.0000067978 0.0029166597
1403638185.99498 5.489726 -9.359131 0.855868 0.665922 -0.481337 0.475475 0.314304 0.0003583112 -0.0000151496 -0.0001337315 0.0000011979 0.0000056137 0.0000504808 0.0401584877 0.0202810086 0.0000722263 0.0153420196 0.0000063702 0.0029170662
1403638186.04499 5.518917 -9.412001 0.856959 0.668200 -0.480316 0.473845 0.313491 0.0003572184 -0.0000140223 -0.0001350935 0.0000011090 0.0000052617 0.0000516623 0.0405630805 0.0205089319 0.0000724479 0.0154717364 0.0000059508 0.0029174561
1403638186.09499 5.546986 -9.465434 0.857397 0.670854 -0.478691 0.471267 0.314192 0.0003562259 -0.0000114893 -0.0001364345 0.0000009301 0.0000043578 0.0000528302 0.0409731308 0.0207357515 0.0000727606 0.0155980958 0.0000056157 0.0029177588
1403638186.14499 5.576863 -9.518523 0.856857 0.672764 -0.476354 0.469290 0.316610 0.0003562160 -0.0000081963 -0.0001366792 0.0000007494 0.0000031003 0.0000530208 0.0413905719 0.0209601387 0.0000733162 0.0157204283 0.0000053368 0.0029180969
1403638186.19499 5.605541 -9.570901 0.855846 0.674961 -0.473978 0.466803 0.319167 0.0003559172 -0.0000046220 -0.0001371671 0.0000006215 0.0000017349 0.0000534416 0.0418046176 0.0211919025 0.0000739547 0.0158515666 0.0000051339 0.0029180782
1403638186.24499 5.634828 -9.623931 0.855915 0.675899 -0.473130 0.465711 0.320034 0.0003556773 -0.0000032322 -0.0001374659 0.0000005919 0.0000012020 0.0000537093 0.0422165044 0.0214204390 0.0000744820 0.0159803041 0.0000049897 0.0029182663
1403638186.29499 5.664177 -9.675927 0.856516 0.677046 -0.471498 0.464501 0.321771 0.0003556916 -0.0000010231 -0.0001374724 0.0000005660 0.0000003471 0.0000537127 0.0426319722 0.0216527205 0.0000749882 0.0161114675 0.0000049512 0.0029182489
1403638186.34499 5.693163 -9.729934 0.860834 0.678051 -0.470494 0.463062 0.323195 0.0003554407 0.0000008043 -0.0001377445 0.0000005662 -0.0000003614 0.0000539623 0.0430496115 0.0218880301 0.0000755140 0.0162462258 0.0000048040 0.0029184675
1403638186.39499 5.722297 -9.783885 0.866575 0.678499 -0.470321 0.462253 0.323666 0.0003551604 0.0000014989 -0.0001380394 0.0000005716 -0.0000006329 0.0000542346 0.0434802226 0.0221262195 0.0000760589 0.0163801141 0.0000046317 0.0029186692
1403638186.44499 5.751550 -9.837536 0.874258 0.678394 -0.469970 0.462388 0.324202 0.0003554432 0.0000018204 -0.0001377220 0.0000005755 -0.0000007562 0.0000539461 0.0439066764 0.0223632161 0.0000765967 0.0165140949 0.0000043484 0.0029189073
1403638186.49499 5.780484 -9.890843 0.883255 0.677751 -0.469556 0.462836 0.325506 0.0003561841 0.0000023232 -0.0001368956 0.0000005824 -0.0000009442 0.0000531977 0.0443381098 0.0226036400 0.0000770746 0.0166506230 0.0000039729 0.0029192511
1403638186.54499 5.808553 -9.943984 0.892432 0.678575 -0.469037 0.461105 0.326989 0.0003557320 0.0000040584 -0.0001373434 0.0000006138 -0.0000016186 0.0000536108 0.0447685998 0.0228438149 0.0000774733 0.0167855925 0.0000038028 0.0029196477
1403638186.59499 5.838063 -9.996760 0.900819 0.678929 -0.468482 0.460128 0.328425 0.0003557583 0.0000054675 -0.0001372600 0.0000006525 -0.0000021620 0.0000535432 0.0452011195 0.0230828766 0.0000779162 0.0169201168 0.0000034133 0.0029200857
1403638186.64499 5.867646 -10.049669 0.907653 0.679870 -0.467943 0.458346 0.329737 0.0003552319 0.0000071965 -0.0001377508 0.0000007151 -0.0000028441 0.0000540031 0.0456351546 0.0233288665 0.0000783363 0.0170620809 0.0000030646 0.0029205498
1403638186.69499 5.898723 -10.103434 0.913141 0.680668 -0.466285 0.456698 0.332710 0.0003553539 0.0000101063 -0.0001374267 0.0000008579 -0.0000039633 0.0000537339 0.0460740356 0.0235784285 0.0000787414 0.0172067360 0.0000027385 0.0029210501
1403638186.74499 5.931104 -10.157062 0.917289 0.682221 -0.463252 0.455373 0.335571 0.0003555340 0.0000135174 -0.0001369280 0.0000010853 -0.0000052628 0.0000533224 0.0465204134 0.0238380887 0.0000791255 0.0173605597 0.0000024257 0.0029215257
1403638186.79499 5.965013 -10.210765 0.919973 0.684498 -0.459235 0.454417 0.337743 0.0003555707 0.0000169614 -0.0001364980 0.0000013819 -0.0000065705 0.0000529875 0.0469673276 0.0241040855 0.0000794733 0.0175214561 0.0000021298 0.0029220619
1403638186.84499 6.000014 -10.266001 0.922169 0.687232 -0.454413 0.454183 0.339026 0.0003555998 0.0000200635 -0.0001360376 0.0000017053 -0.0000077369 0.0000526314 0.0474155742 0.0243784550 0.0000797696 0.0176913402 0.0000019130 0.0029224981
1403638186.89499 6.035534 -10.318752 0.922235 0.691309 -0.449645 0.453453 0.338070 0.0003545460 0.0000225028 -0.0001368110 0.0000020022 -0.0000087473 0.0000533848 0.0478774462 0.0246642063 0.0000799447 0.0178694738 0.0000017164 0.0029229456
1403638186.94499 6.072485 -10.370124 0.922096 0.694804 -0.444548 0.455295 0.335158 0.0003542970 0.0000229730 -0.0001370008 0.0000020633 -0.0000089489 0.0000535715 0.0483200061 0.0249479400 0.0000801013 0.0180523245 0.0000014783 0.0029233578
1403638186.99500 6.111502 -10.420403 0.922260 0.699272 -0.438587 0.457726 0.330375 0.0003537413 0.0000228167 -0.0001376291 0.0000020450 -0.0000089446 0.0000541472 0.0487533225 0.0252374634 0.0000803173 0.0182450206 0.0000011514 0.0029238447
1403638187.04500 6.150577 -10.469381 0.924586 0.701839 -0.432572 0.464869 0.322801 0.0003551433 0.0000191940 -0.0001366536 0.0000016089 -0.0000074525 0.0000531850 0.0491795445 0.0255354211 0.0000805290 0.0184499231 0.0000007851 0.0029243366
1403638187.09500 6.189834 -10.518363 0.929191 0.704742 -0.424938 0.472796 0.315008 0.0003569225 0.0000159090 -0.0001350933 0.0000012769 -0.0000060870 0.0000517365 0.0495985192 0.0258290049 0.0000807490 0.0186518414 0.0000007718 0.0029246997
1403638187.14500 6.228973 -10.565867 0.935864 0.707139 -0.415788 0.482240 0.307441 0.0003596362 0.0000127423 -0.0001323166 0.0000010165 -0.0000047529 0.0000492870 0.0500164956 0.0261236220 0.0000808826 0.0188562052 0.0000004822 0.0029251308
1403638187.19500 6.269525 -10.611487 0.944697 0.709932 -0.406480 0.491395 0.298832 0.0003619015 0.0000093586 -0.0001299066 0.0000008044 -0.0000034234 0.0000472381 0.0504165210 0.0264101042 0.0000809189 0.0190568572 0.0000001992 0.0029254787
1403638187.24500 6.311570 -10.655400 0.955597 0.712446 -0.396025 0.501125 0.290619 0.0003646526 0.0000064532 -0.0001266977 0.0000006747 -0.0000023049 0.0000446304 0.0508062881 0.0266993583 0.0000810264 0.0192647892 -0.0000002010 0.0029258147
1403638187.29500 6.351280 -10.699864 0.968094 0.715150 -0.384511 0.509811 0.284262 0.0003674363 0.0000054524 -0.0001231536 0.0000006397 -0.0000018905 0.0000418885 0.0511850533 0.0269924784 0.0000811180 0.0194809045 -0.0000006486 0.0029261380
1403638187.34500 6.393267 -10.742080 0.982134 0.718081 -0.374075 0.516978 0.277779 0.0003693687 0.0000045677 -0.0001206117 0.0000006148 -0.0000015546 0.0000399988 0.0515642907 0.0272738012 0.0000812949 0.0196838155 -0.0000011265 0.0029267127
1403638187.39500 6.434917 -10.783278 0.998009 0.719832 -0.364187 0.524227 0.272755 0.0003717894 0.0000040787 -0.0001172713 0.0000006028 -0.0000013497 0.0000376077 0.0519244351 0.0275595416 0.0000815328 0.0198976779 -0.0000015675 0.0029272264
1403638187.44500 6.474963 -10.823238 1.014692 0.721928 -0.355253 0.529493 0.268799 0.0003734539 0.0000045023 -0.0001148660 0.0000006118 -0.0000014481 0.0000359508 0.0522782210 0.0278433183 0.0000818729 0.0201110458 -0.0000021621 0.0029275971
1403638187.49500 6.513835 -10.861615 1.031279 0.724471 -0.348937 0.532601 0.264048 0.0003738479 0.0000041227 -0.0001143209 0.0000006032 -0.0000013240 0.0000355842 0.0526206153 0.0281161612 0.0000821146 0.0203165914 -0.0000028065 0.0029281349
1403638187.54500 6.551168 -10.897803 1.047885 0.727878 -0.343925 0.533277 0.259857 0.0003731455 0.0000043409 -0.0001153670 0.0000006085 -0.0000014057 0.0000362999 0.0529467907 0.0283776883 0.0000823947 0.0205144737 -0.0000035713 0.0029286169
1403638187.59500 6.588095 -10.932781 1.063847 0.731949 -0.340966 0.531839 0.255226 0.0003712521 0.0000041230 -0.0001181137 0.0000006047 -0.0000013755 0.0000382167 0.0532563923 0.0286291501 0.0000826661 0.0207069842 -0.0000043043 0.0029290780
1403638187.64500 6.625762 -10.967330 1.079644 0.735972 -0.339341 0.529352 0.250955 0.0003688331 0.0000037632 -0.0001214856 0.0000005976 -0.0000013030 0.0000406607 0.0535584643 0.0288792037 0.0000829157 0.0208999304 -0.0000049616 0.0029294119
1403638187.69500 6.662117 -11.000094 1.094832 0.739113 -0.337359 0.527210 0.248899 0.0003671416 0.0000045742 -0.0001237326 0.0000006170 -0.0000016054 0.0000423516 0.0538609959 0.0291341858 0.0000833198 0.0210995175 -0.0000057648 0.0029297712
1403638187.74500 6.696329 -11.033215 1.108199 0.741556 -0.335375 0.525221 0.248518 0.0003659297 0.0000061469 -0.0001252612 0.0000006628 -0.0000021686 0.0000435338 0.0541484594 0.0293813615 0.0000837678 0.0212941230 -0.0000066143 0.0029299858
1403638187.79500 6.731908 -11.064297 1.120473 0.743476 -0.333541 0.523538 0.248802 0.0003649959 0.0000078355 -0.0001263825 0.0000007275 -0.0000027777 0.0000444192 0.0544394411 0.0296197085 0.0000842424 0.0214784550 -0.0000073695 0.0029301530
1403638187.84500 6.767497 -11.093143 1.131679 0.744107 -0.331590 0.523051 0.250540 0.0003650893 0.0000098694 -0.0001261428 0.0000008259 -0.0000034747 0.0000442416 0.0547127028 0.0298606350 0.0000848138 0.0216718374 -0.0000079849 0.0029301549
1403638187.89500 6.803457 -11.120935 1.143074 0.745331 -0.328634 0.521333 0.254347 0.0003649010 0.0000139015 -0.0001260200 0.0000010878 -0.0000048662 0.0000441792 0.0549634213 0.0300958126 0.0000856132 0.0218663930 -0.0000088251 0.0029303763
1403638187.94500 6.839904 -11.147911 1.153121 0.744686 -0.326764 0.521992 0.257279 0.0003659120 0.0000160897 -0.0001244841 0.0000012660 -0.0000055392 0.0000430054 0.0552037644 0.0303322871 0.0000863880 0.0220672479 -0.0000095736 0.0029305496
1403638187.99500 6.876506 -11.174513 1.162192 0.743545 -0.324337 0.522851 0.261865 0.0003673418 0.0000193268 -0.0001221562 0.0000015726 -0.0000064913 0.0000412728 0.0554364870 0.0305687052 0.0000871206 0.0222681760 -0.0000101509 0.0029305126
1403638188.04500 6.913545 -11.198160 1.170133 0.742300 -0.322209 0.523777 0.266138 0.0003686591 0.0000221784 -0.0001199081 0.0000018891 -0.0000072783 0.0000396468 0.0556622647 0.0308035463 0.0000878151 0.0224710603 -0.0000104362 0.0029303017
1403638188.09500 6.951973 -11.221633 1.176595 0.741375 -0.320070 0.524136 0.270555 0.0003696577 0.0000253569 -0.0001179033 0.0000022916 -0.0000081518 0.0000382463 0.0558601496 0.0310335152 0.0000883708 0.0226760484 -0.0000100538 0.0029296514
1403638188.14500 6.989444 -11.241072 1.182017 0.740412 -0.317841 0.524355 0.275354 0.0003705384 0.0000287723 -0.0001158830 0.0000027864 -0.0000090629 0.0000368782 0.0560560669 0.0312693527 0.0000889257 0.0228915205 -0.0000101759 0.0029294040
1403638188.19500 7.027581 -11.258308 1.186009 0.738058 -0.317036 0.526770 0.277978 0.0003723549 0.0000295921 -0.0001130449 0.0000029036 -0.0000090476 0.0000349513 0.0562118734 0.0314904777 0.0000893828 0.0231041851 -0.0000102078 0.0029290535
1403638188.24500 7.066386 -11.273907 1.189546 0.733964 -0.317611 0.531672 0.278829 0.0003752853 0.0000278296 -0.0001090581 0.0000026153 -0.0000081488 0.0000323174 0.0563465372 0.0317080125 0.0000897019 0.0233210150 -0.0000101665 0.0029286576
1403638188.29500 7.104730 -11.286575 1.191659 0.727606 -0.318933 0.540145 0.277695 0.0003796625 0.0000232697 -0.0001030486 0.0000019767 -0.0000063737 0.0000285866 0.0564637863 0.0319242346 0.0000898931 0.0235426582 -0.0000099772 0.0029282347
1403638188.34500 7.143002 -11.297491 1.193438 0.720946 -0.320394 0.548921 0.276171 0.0003838443 0.0000182115 -0.0000967065 0.0000014129 -0.0000046424 0.0000249732 0.0565547760 0.0321285905 0.0000898258 0.0237589098 -0.0000095575 0.0029277220
1403638188.39500 7.179837 -11.305400 1.194155 0.714568 -0.321054 0.556802 0.276204 0.0003875280 0.0000146327 -0.0000902220 0.0000011007 -0.0000034581 0.0000216061 0.0566280706 0.0323248198 0.0000896706 0.0239723782 -0.0000090580 0.0029271876
1403638188.44500 7.214022 -11.308541 1.193008 0.709189 -0.322110 0.563297 0.275668 0.0003902733 0.0000110515 -0.0000849908 0.0000008613 -0.0000024557 0.0000191038 0.0566700806 0.0325028726 0.0000894361 0.0241761530 -0.0000083839 0.0029268699
1403638188.49501 7.247690 -11.311340 1.192265 0.704766 -0.323269 0.568731 0.274493 0.0003923280 0.0000075088 -0.0000807787 0.0000006924 -0.0000015930 0.0000172226 0.0566665402 0.0326524287 0.0000892888 0.0243629481 -0.0000077725 0.0029266551
1403638188.54501 7.279129 -11.310474 1.190931 0.700735 -0.323725 0.573445 0.274469 0.0003941324 0.0000051996 -0.0000766566 0.0000006178 -0.0000010566 0.0000154954 0.0566601754 0.0327982643 0.0000889833 0.0245462162 -0.0000069564 0.0029263443
1403638188.59501 7.309551 -11.306695 1.189570 0.699449 -0.323820 0.575744 0.272819 0.0003947276 0.0000033739 -0.0000753261 0.0000005794 -0.0000006875 0.0000149620 0.0566198958 0.0329209602 0.0000896397 0.0247182215 -0.0000068735 0.0029267583
1403638188.64501 7.338028 -11.299256 1.189895 0.700776 -0.322696 0.575430 0.271404 0.0003943897 0.0000034433 -0.0000762119 0.0000005815 -0.0000007078 0.0000153148 0.0565474310 0.0330282315 0.0000888851 0.0248800940 -0.0000056584 0.0029261686
1403638188.69501 7.362709 -11.288575 1.191440 0.703370 -0.321359 0.574419 0.268406 0.0003935460 0.0000032025 -0.0000783306 0.0000005775 -0.0000006785 0.0000161796 0.0564419450 0.0331150719 0.0000883751 0.0250309069 -0.0000045214 0.0029255885
1403638188.74501 7.384732 -11.274194 1.194530 0.707545 -0.320103 0.572085 0.263880 0.0003918976 0.0000027061 -0.0000822465 0.0000005693 -0.0000006077 0.0000178517 0.0563068016 0.0331750576 0.0000875873 0.0251593326 -0.0000031701 0.0029247176
1403638188.79501 7.404943 -11.257570 1.199471 0.712890 -0.318519 0.567865 0.260504 0.0003896126 0.0000036917 -0.0000872595 0.0000005854 -0.0000008657 0.0000201372 0.0561400260 0.0332100037 0.0000868792 0.0252700148 -0.0000018643 0.0029237545
1403638188.84502 7.424433 -11.239771 1.207277 0.717139 -0.317184 0.564941 0.256802 0.0003877195 0.0000038031 -0.0000911916 0.0000005866 -0.0000009324 0.0000220451 0.0559704522 0.0332465164 0.0000857300 0.0253822874 -0.0000000832 0.0029222490
1403638188.89502 7.441699 -11.217521 1.215654 0.720571 -0.315727 0.562835 0.253596 0.0003862097 0.0000038908 -0.0000941909 0.0000005881 -0.0000009857 0.0000235721 0.0557909284 0.0332747798 0.0000854217 0.0254915947 0.0000011145 0.0029211986
1403638188.94502 7.457828 -11.194216 1.225219 0.723704 -0.314891 0.560720 0.250378 0.0003846548 0.0000035684 -0.0000971749 0.0000005823 -0.0000009371 0.0000251530 0.0555708288 0.0332769990 0.0000850600 0.0255850406 0.0000020498 0.0029202893
1403638188.99502 7.473205 -11.168537 1.235881 0.726649 -0.313217 0.558849 0.248122 0.0003833553 0.0000040597 -0.0000995574 0.0000005922 -0.0000010892 0.0000264616 0.0553350723 0.0332682735 0.0000846452 0.0256709643 0.0000030086 0.0029192292
1403638189.04502 7.487466 -11.140811 1.249615 0.728957 -0.311334 0.558593 0.244266 0.0003824741 0.0000031621 -0.0001011884 0.0000005758 -0.0000008708 0.0000273791 0.0550749486 0.0332486101 0.0000841094 0.0257527569 0.0000039524 0.0029181857
1403638189.09501 7.497241 -11.109163 1.262674 0.730732 -0.308167 0.559817 0.240145 0.0003822341 0.0000022726 -0.0001016669 0.0000005623 -0.0000006380 0.0000276498 0.0548003270 0.0332208198 0.0000835018 0.0258287374 0.0000047682 0.0029172807
1403638189.14501 7.504768 -11.076931 1.275184 0.733045 -0.303950 0.561040 0.235571 0.0003819238 0.0000016400 -0.0001022504 0.0000005556 -0.0000004720 0.0000279838 0.0544926574 0.0331600687 0.0000826067 0.0258765231 0.0000058185 0.0029161728
1403638189.19500 7.511599 -11.044056 1.286264 0.735572 -0.299385 0.562811 0.229228 0.0003815463 0.0000000130 -0.0001029457 0.0000005482 -0.0000000351 0.0000283856 0.0541788907 0.0330868316 0.0000816803 0.0259107461 0.0000067476 0.0029152372
1403638189.24500 7.515510 -11.008921 1.294528 0.739090 -0.293903 0.563805 0.222465 0.0003807178 -0.0000010783 -0.0001043781 0.0000005508 0.0000002650 0.0000292279 0.0538643041 0.0330093123 0.0000807626 0.0259404088 0.0000077151 0.0029142715
1403638189.29500 7.517377 -10.972617 1.301890 0.743282 -0.287638 0.564282 0.215366 0.0003796058 -0.0000018188 -0.0001062502 0.0000005560 0.0000004793 0.0000303528 0.0535305998 0.0329124472 0.0000797573 0.0259534351 0.0000086076 0.0029133683
1403638189.34500 7.517711 -10.935309 1.307521 0.749005 -0.281478 0.562528 0.208143 0.0003773622 -0.0000019802 -0.0001098815 0.0000005574 0.0000005477 0.0000326145 0.0531900194 0.0328014070 0.0000790057 0.0259522785 0.0000092704 0.0029125409
1403638189.39501 7.515400 -10.897100 1.311071 0.756601 -0.276309 0.557403 0.201272 0.0003733452 -0.0000014130 -0.0001159795 0.0000005523 0.0000004107 0.0000366558 0.0528455008 0.0326831180 0.0000781693 0.0259436254 0.0000098811 0.0029116781
1403638189.44502 7.511960 -10.859187 1.315344 0.764114 -0.271777 0.551757 0.194503 0.0003688823 -0.0000010863 -0.0001222252 0.0000005499 0.0000003322 0.0000411329 0.0524923700 0.0325509902 0.0000774098 0.0259201037 0.0000105814 0.0029104437
1403638189.49502 7.509375 -10.820465 1.321143 0.770684 -0.267724 0.546575 0.188749 0.0003647190 -0.0000007456 -0.0001276419 0.0000005483 0.0000002339 0.0000453140 0.0521461545 0.0324187379 0.0000764123 0.0258932855 0.0000112408 0.0029094197
1403638189.54501 7.506899 -10.782056 1.329524 0.775628 -0.264678 0.542910 0.183291 0.0003614076 -0.0000012617 -0.0001316952 0.0000005517 0.0000004343 0.0000486390 0.0517980880 0.0322891949 0.0000756928 0.0258725991 0.0000117156 0.0029085463
1403638189.59501 7.504742 -10.744012 1.340483 0.778991 -0.261814 0.540785 0.179382 0.0003593073 -0.0000014973 -0.0001341659 0.0000005543 0.0000005350 0.0000507524 0.0514563939 0.0321638331 0.0000750010 0.0258547389 0.0000122143 0.0029076521
1403638189.64501 7.503965 -10.706442 1.353906 0.781994 -0.259864 0.538693 0.175400 0.0003571731 -0.0000022463 -0.0001365895 0.0000005626 0.0000008367 0.0000528934 0.0511220198 0.0320466896 0.0000743696 0.0258451020 0.0000126292 0.0029068312
1403638189.69501 7.503940 -10.669923 1.365932 0.785239 -0.259396 0.535668 0.170802 0.0003542869 -0.0000037588 -0.0001397223 0.0000005891 0.0000014622 0.0000557680 0.0507924868 0.0319352633 0.0000737197 0.0258414525 0.0000130460 0.0029060360
1403638189.74500 7.503885 -10.634188 1.376178 0.788194 -0.260060 0.532454 0.166165 0.0003512016 -0.0000057511 -0.0001428965 0.0000006442 0.0000023222 0.0000588124 0.0504732409 0.0318294834 0.0000731320 0.0258411655 0.0000134379 0.0029053157
1403638189.79500 7.502493 -10.599848 1.387308 0.790501 -0.260539 0.529716 0.163182 0.0003487562 -0.0000068967 -0.0001453119 0.0000006864 0.0000028573 0.0000612199 0.0501656451 0.0317279147 0.0000727768 0.0258416822 0.0000137878 0.0029044433
1403638189.84500 7.502940 -10.566112 1.395724 0.793168 -0.260844 0.526204 0.161105 0.0003459343 -0.0000071944 -0.0001480466 0.0000007000 0.0000030636 0.0000640379 0.0498689130 0.0316241702 0.0000724185 0.0258347987 0.0000141280 0.0029038016
1403638189.89500 7.505017 -10.533655 1.403002 0.795775 -0.260454 0.522619 0.160547 0.0003434012 -0.0000063439 -0.0001504585 0.0000006675 0.0000027639 0.0000666062 0.0495819430 0.0315343063 0.0000722144 0.0258429180 0.0000144824 0.0029032409
1403638189.94499 7.508450 -10.503037 1.409112 0.797450 -0.260648 0.520187 0.159819 0.0003415909 -0.0000061667 -0.0001521200 0.0000006615 0.0000027309 0.0000684303 0.0493067173 0.0314548434 0.0000719766 0.0258604338 0.0000148018 0.0029028073
1403638189.99499 7.513728 -10.473405 1.414725 0.797098 -0.260254 0.520636 0.160750 0.0003421138 -0.0000055800 -0.0001516734 0.0000006392 0.0000024578 0.0000679268 0.0490503215 0.0313882361 0.0000719348 0.0258871457 0.0000150940 0.0029023767
1403638190.04498 7.519512 -10.445898 1.419598 0.794814 -0.259370 0.523934 0.162761 0.0003448519 -0.0000049976 -0.0001491831 0.0000006195 0.0000021452 0.0000652130 0.0488016953 0.0313310107 0.0000718311 0.0259241606 0.0000154124 0.0029020732
1403638190.09498 7.526228 -10.419587 1.423568 0.791708 -0.258551 0.528493 0.164455 0.0003482921 -0.0000049619 -0.0001458928 0.0000006160 0.0000020615 0.0000617796 0.0485719683 0.0312829267 0.0000717755 0.0259654068 0.0000157100 0.0029018488
1403638190.14498 7.533347 -10.394880 1.426157 0.787775 -0.256991 0.533993 0.167981 0.0003526979 -0.0000038301 -0.0001414782 0.0000005855 0.0000015185 0.0000574093 0.0483526642 0.0312404604 0.0000717391 0.0260101758 0.0000160379 0.0029016801
1403638190.19498 7.541786 -10.372971 1.426275 0.784006 -0.255621 0.539151 0.171195 0.0003566949 -0.0000028708 -0.0001372087 0.0000005618 0.0000010844 0.0000534270 0.0481428027 0.0312016523 0.0000719571 0.0260545919 0.0000162928 0.0029013951
1403638190.24497 7.550587 -10.350185 1.426257 0.779790 -0.252037 0.545016 0.177097 0.0003615550 0.0000004377 -0.0001316829 0.0000005378 -0.0000001815 0.0000485984 0.0479563777 0.0311743417 0.0000721614 0.0261063319 0.0000166292 0.0029012658
1403638190.29497 7.558735 -10.324494 1.424594 0.777060 -0.245126 0.549499 0.184773 0.0003656132 0.0000067516 -0.0001265391 0.0000006605 -0.0000023621 0.0000444248 0.0477572529 0.0311437449 0.0000723502 0.0261596803 0.0000169714 0.0029010847
1403638190.34497 7.566231 -10.299181 1.421475 0.775365 -0.237539 0.553071 0.191040 0.0003686278 0.0000128962 -0.0001221419 0.0000009860 -0.0000043014 0.0000410938 0.0475286523 0.0310987724 0.0000725737 0.0262082765 0.0000173376 0.0029008113
1403638190.39497 7.573942 -10.273049 1.416959 0.774094 -0.228789 0.556553 0.196679 0.0003711450 0.0000192900 -0.0001178445 0.0000015369 -0.0000061559 0.0000380348 0.0473000437 0.0310507149 0.0000728097 0.0262530016 0.0000177095 0.0029004816
1403638190.44497 7.581351 -10.245429 1.411508 0.774655 -0.220999 0.557530 0.200573 0.0003717804 0.0000249518 -0.0001158851 0.0000022085 -0.0000078111 0.0000367361 0.0470636085 0.0309993298 0.0000730380 0.0262974930 0.0000180605 0.0029000607
1403638190.49497 7.588659 -10.215582 1.404803 0.775489 -0.215937 0.558094 0.201292 0.0003718593 0.0000276225 -0.0001151820 0.0000025856 -0.0000085905 0.0000362903 0.0468106938 0.0309400684 0.0000732215 0.0263398061 0.0000183630 0.0028996666
1403638190.54497 7.594759 -10.182263 1.397726 0.776638 -0.213291 0.558505 0.198525 0.0003716172 0.0000272019 -0.0001156391 0.0000025222 -0.0000084999 0.0000365962 0.0465379164 0.0308742296 0.0000735892 0.0263824508 0.0000185841 0.0028989931
1403638190.59496 7.602332 -10.147709 1.390272 0.778426 -0.211267 0.557843 0.195524 0.0003707730 0.0000266004 -0.0001169958 0.0000024381 -0.0000084288 0.0000375296 0.0462390815 0.0307939143 0.0000737471 0.0264194850 0.0000187448 0.0028984605
1403638190.64496 7.610201 -10.111764 1.382323 0.779369 -0.209864 0.558127 0.192448 0.0003705126 0.0000254350 -0.0001176329 0.0000022745 -0.0000081101 0.0000379585 0.0459326925 0.0307161284 0.0000739101 0.0264650239 0.0000188752 0.0028979564
1403638190.69496 7.618478 -10.073733 1.374345 0.780111 -0.209532 0.558467 0.188777 0.0003702721 0.0000233862 -0.0001184015 0.0000020041 -0.0000075123 0.0000384720 0.0456154615 0.0306344710 0.0000741127 0.0265115001 0.0000189439 0.0028974156
1403638190.74496 7.626221 -10.032883 1.370035 0.780561 -0.208186 0.559130 0.186431 0.0003703538 0.0000224461 -0.0001184728 0.0000018858 -0.0000072147 0.0000385069 0.0452817770 0.0305475658 0.0000743668 0.0265598662 0.0000189512 0.0028967255
1403638190.79496 7.632798 -9.990976 1.363950 0.780338 -0.210150 0.560652 0.180497 0.0003706166 0.0000177708 -0.0001189062 0.0000013762 -0.0000057337 0.0000387567 0.0449224275 0.0304437827 0.0000745152 0.0265988184 0.0000190263 0.0028962784
1403638190.84495 7.639675 -9.947405 1.359975 0.780766 -0.212506 0.561088 0.174430 0.0003701823 0.0000130318 -0.0001201236 0.0000009818 -0.0000042589 0.0000395877 0.0445671034 0.0303418937 0.0000746810 0.0266395776 0.0000190897 0.0028958544
1403638190.89495 7.646195 -9.901993 1.358300 0.780929 -0.214452 0.561672 0.169366 0.0003698635 0.0000090052 -0.0001209304 0.0000007412 -0.0000029727 0.0000401466 0.0442004836 0.0302353242 0.0000748194 0.0266803572 0.0000190911 0.0028954015
1403638190.94496 7.652799 -9.857020 1.358976 0.781761 -0.214715 0.561091 0.167102 0.0003692134 0.0000077178 -0.0001219024 0.0000006829 -0.0000025762 0.0000408555 0.0438215679 0.0301194707 0.0000750171 0.0267159787 0.0000191448 0.0028949956
1403638190.99496 7.657724 -9.811050 1.361424 0.781022 -0.215788 0.562583 0.164135 0.0003696703 0.0000051048 -0.0001214251 0.0000005917 -0.0000017037 0.0000404898 0.0434427473 0.0299999862 0.0000752199 0.0267475147 0.0000192256 0.0028946122
1403638191.04497 7.663868 -9.765523 1.365880 0.779192 -0.215489 0.565478 0.163273 0.0003712159 0.0000040138 -0.0001193478 0.0000005648 -0.0000013170 0.0000389731 0.0430651198 0.0298763999 0.0000754174 0.0267739098 0.0000193323 0.0028942559
1403638191.09497 7.668916 -9.719161 1.371798 0.778077 -0.215193 0.567248 0.162844 0.0003721554 0.0000034537 -0.0001180514 0.0000005541 -0.0000011220 0.0000380471 0.0426912968 0.0297549044 0.0000755925 0.0268027073 0.0000194772 0.0028939355
1403638191.14497 7.673535 -9.672523 1.379318 0.779294 -0.215514 0.565709 0.161948 0.0003711552 0.0000031513 -0.0001194642 0.0000005493 -0.0000010410 0.0000390528 0.0423163894 0.0296308155 0.0000757716 0.0268291176 0.0000196161 0.0028936257
1403638191.19496 7.676176 -9.627092 1.389248 0.782104 -0.216186 0.561945 0.160607 0.0003687976 0.0000029980 -0.0001226734 0.0000005464 -0.0000010253 0.0000414071 0.0419395672 0.0295036397 0.0000760088 0.0268526194 0.0000197097 0.0028932649
1403638191.24495 7.679566 -9.580614 1.399642 0.785805 -0.217384 0.556701 0.159179 0.0003654292 0.0000029610 -0.0001270457 0.0000005466 -0.0000010580 0.0000447759 0.0415778670 0.0293761529 0.0000761728 0.0268691076 0.0000198889 0.0028930509
1403638191.29495 7.682931 -9.533779 1.411432 0.789512 -0.219404 0.551421 0.156421 0.0003617600 0.0000017742 -0.0001315643 0.0000005316 -0.0000006738 0.0000484589 0.0412046606 0.0292433644 0.0000762605 0.0268854553 0.0000200527 0.0028928672
1403638191.34495 7.685645 -9.486733 1.425249 0.792384 -0.219171 0.547315 0.156644 0.0003592440 0.0000029750 -0.0001344824 0.0000005480 -0.0000011437 0.0000509584 0.0408350039 0.0291146016 0.0000763809 0.0269075047 0.0000202432 0.0028927135
1403638191.39495 7.688855 -9.440493 1.437557 0.794353 -0.219550 0.544189 0.157032 0.0003572954 0.0000038620 -0.0001366619 0.0000005659 -0.0000015081 0.0000528898 0.0404682634 0.0289844768 0.0000764758 0.0269270504 0.0000204603 0.0028926044
1403638191.44495 7.692923 -9.395749 1.449289 0.795561 -0.220088 0.542268 0.156810 0.0003560422 0.0000039562 -0.0001380395 0.0000005688 -0.0000015655 0.0000541381 0.0401075204 0.0288579810 0.0000764979 0.0269492279 0.0000206793 0.0028924893
1403638191.49496 7.697436 -9.349477 1.460193 0.795900 -0.221128 0.541518 0.156219 0.0003554506 0.0000033364 -0.0001386967 0.0000005565 -0.0000013337 0.0000547391 0.0397630163 0.0287425576 0.0000765606 0.0269801989 0.0000209243 0.0028923915
1403638191.54496 7.702799 -9.305258 1.469167 0.795996 -0.221152 0.541121 0.157069 0.0003553362 0.0000039536 -0.0001388043 0.0000005698 -0.0000015770 0.0000548403 0.0394087219 0.0286237195 0.0000766291 0.0270139790 0.0000212542 0.0028923431
1403638191.59496 7.709224 -9.261572 1.476808 0.796008 -0.220655 0.540882 0.158523 0.0003554320 0.0000050628 -0.0001386643 0.0000005987 -0.0000020089 0.0000547160 0.0390704510 0.0285128120 0.0000766817 0.0270515996 0.0000216304 0.0028923073
1403638191.64497 7.716325 -9.218544 1.482771 0.796011 -0.220552 0.540587 0.159654 0.0003554298 0.0000058677 -0.0001386346 0.0000006243 -0.0000023233 0.0000546932 0.0387372753 0.0284077008 0.0000767410 0.0270966898 0.0000220379 0.0028922949
1403638191.69497 7.724894 -9.177697 1.488571 0.796886 -0.218892 0.539187 0.162285 0.0003549484 0.0000084555 -0.0001390179 0.0000007299 -0.0000033484 0.0000550671 0.0384109155 0.0283071309 0.0000767449 0.0271458481 0.0000225281 0.0028922457
1403638191.74497 7.733500 -9.135093 1.492233 0.797502 -0.217221 0.538004 0.165399 0.0003546102 0.0000113125 -0.0001391775 0.0000008908 -0.0000044787 0.0000552450 0.0381027984 0.0282195960 0.0000767991 0.0272058948 0.0000230424 0.0028922482
1403638191.79497 7.743446 -9.092362 1.494602 0.797931 -0.215405 0.537173 0.168380 0.0003544810 0.0000140462 -0.0001390654 0.0000010878 -0.0000055512 0.0000551773 0.0377798082 0.0281264937 0.0000768416 0.0272682368 0.0000235814 0.0028922148
1403638191.84497 7.754675 -9.049081 1.495346 0.798672 -0.214556 0.535840 0.170191 0.0003538358 0.0000157979 -0.0001395652 0.0000012380 -0.0000062735 0.0000556716 0.0374548801 0.0280354541 0.0000768558 0.0273369170 0.0000241653 0.0028921793
1403638191.89497 7.766091 -9.004482 1.494139 0.798287 -0.214578 0.536175 0.170912 0.0003541541 0.0000161488 -0.0001391813 0.0000012699 -0.0000063891 0.0000553190 0.0371273293 0.0279483181 0.0000768681 0.0274153191 0.0000246731 0.0028920259
1403638191.94497 7.779337 -8.960387 1.493329 0.798260 -0.215168 0.536049 0.170692 0.0003540786 0.0000157798 -0.0001393001 0.0000012378 -0.0000062508 0.0000554247 0.0367927894 0.0278570063 0.0000768460 0.0274935199 0.0000252510 0.0028919369
1403638191.99497 7.792968 -8.917157 1.492785 0.798211 -0.215403 0.536162 0.170265 0.0003540969 0.0000154082 -0.0001393191 0.0000012063 -0.0000061051 0.0000554377 0.0364618800 0.0277712365 0.0000768940 0.0275812433 0.0000258481 0.0028919494
1403638192.04497 7.807975 -8.873515 1.494215 0.797940 -0.214543 0.536445 0.171728 0.0003544667 0.0000165735 -0.0001387844 0.0000013125 -0.0000065326 0.0000549609 0.0361407070 0.0276930800 0.0000769407 0.0276770471 0.0000264587 0.0028919681
1403638192.09497 7.823986 -8.827896 1.497839 0.798093 -0.214656 0.536125 0.171874 0.0003542726 0.0000166816 -0.0001389725 0.0000013245 -0.0000065877 0.0000551391 0.0358137901 0.0276135998 0.0000770423 0.0277754448 0.0000269177 0.0028918921
1403638192.14497 7.841695 -8.783987 1.503938 0.797442 -0.215495 0.537177 0.170553 0.0003548092 0.0000153062 -0.0001385492 0.0000012006 -0.0000060201 0.0000547258 0.0354794753 0.0275377363 0.0000771387 0.0278896412 0.0000275746 0.0028919671
1403638192.19497 7.857108 -8.738469 1.509966 0.796366 -0.216388 0.538688 0.169687 0.0003556652 0.0000140241 -0.0001377307 0.0000010936 -0.0000054737 0.0000539572 0.0351576855 0.0274708065 0.0000772675 0.0280060212 0.0000276945 0.0028916881
1403638192.24497 7.876376 -8.694195 1.521343 0.794677 -0.216606 0.541236 0.169215 0.0003572894 0.0000130636 -0.0001360247 0.0000010198 -0.0000050157 0.0000524060 0.0348254220 0.0273871998 0.0000774345 0.0281107197 0.0000283584 0.0028918568
1403638192.29497 7.898298 -8.649604 1.535446 0.791652 -0.217595 0.545690 0.167813 0.0003599607 0.0000106916 -0.0001331825 0.0000008610 -0.0000039966 0.0000498928 0.0345069586 0.0273229576 0.0000775849 0.0282417638 0.0000291234 0.0028920591
1403638192.34497 7.920473 -8.604645 1.551688 0.788971 -0.217622 0.549710 0.167288 0.0003624036 0.0000093915 -0.0001303834 0.0000007883 -0.0000034188 0.0000475220 0.0341873775 0.0272647905 0.0000777946 0.0283874202 0.0000299091 0.0028923144
1403638192.39497 7.943305 -8.559724 1.568574 0.787306 -0.217867 0.552093 0.166965 0.0003638198 0.0000085121 -0.0001287108 0.0000007459 -0.0000030511 0.0000461470 0.0338653124 0.0272026772 0.0000780052 0.0285312649 0.0000307098 0.0028926042
1403638192.44497 7.965388 -8.512603 1.587047 0.786367 -0.218165 0.553442 0.166535 0.0003645800 0.0000077735 -0.0001278068 0.0000007143 -0.0000027647 0.0000454159 0.0335420378 0.0271389090 0.0000782461 0.0286762011 0.0000315678 0.0028929553
1403638192.49498 7.987718 -8.463607 1.607078 0.784931 -0.218352 0.555483 0.166267 0.0003657712 0.0000069848 -0.0001263441 0.0000006836 -0.0000024522 0.0000442524 0.0332062658 0.0270653498 0.0000784939 0.0288168757 0.0000323640 0.0028933053
1403638192.54498 8.008517 -8.415151 1.628447 0.783452 -0.218141 0.557414 0.167057 0.0003670482 0.0000070994 -0.0001246869 0.0000006894 -0.0000024516 0.0000429660 0.0328575837 0.0269826278 0.0000787535 0.0289552742 0.0000332871 0.0028937256
1403638192.59498 8.030225 -8.365961 1.651056 0.781259 -0.217706 0.560422 0.167828 0.0003689533 0.0000069548 -0.0001221713 0.0000006851 -0.0000023429 0.0000410621 0.0325162324 0.0268980418 0.0000790627 0.0290872139 0.0000340718 0.0028941479
1403638192.64498 8.051107 -8.315691 1.674106 0.777244 -0.216715 0.565761 0.169827 0.0003723133 0.0000072119 -0.0001175053 0.0000006958 -0.0000023162 0.0000376889 0.0321726605 0.0268146268 0.0000793598 0.0292272698 0.0000350202 0.0028946288
1403638192.69498 8.070926 -8.265999 1.695790 0.773876 -0.217800 0.570231 0.168864 0.0003746995 0.0000049637 -0.0001141437 0.0000006237 -0.0000015512 0.0000353720 0.0318206846 0.0267194083 0.0000796494 0.0293570052 0.0000360220 0.0028951556
1403638192.74498 8.087947 -8.215130 1.715957 0.770348 -0.217429 0.574768 0.170086 0.0003773200 0.0000046849 -0.0001101410 0.0000006182 -0.0000014065 0.0000327471 0.0314760062 0.0266212500 0.0000798448 0.0294776657 0.0000369901 0.0028955219
1403638192.79498 8.103055 -8.165016 1.732337 0.766594 -0.218158 0.579704 0.169365 0.0003797986 0.0000025614 -0.0001062244 0.0000005791 -0.0000007546 0.0000303033 0.0311234041 0.0265072070 0.0000801903 0.0295778996 0.0000378262 0.0028960245
1403638192.84498 8.118101 -8.115098 1.748568 0.763499 -0.218892 0.583772 0.168418 0.0003817539 0.0000005275 -0.0001029628 0.0000005647 -0.0000001799 0.0000283620 0.0307783346 0.0263875836 0.0000805062 0.0296656908 0.0000388917 0.0028966255
1403638192.89498 8.130401 -8.064085 1.763562 0.758244 -0.220426 0.590672 0.166087 0.0003847460 -0.0000034992 -0.0000975785 0.0000005980 0.0000008510 0.0000253362 0.0304358278 0.0262672054 0.0000808280 0.0297524714 0.0000398963 0.0028972186
1403638192.94498 8.139693 -8.012131 1.777181 0.751393 -0.223021 0.599603 0.161700 0.0003880914 -0.0000098342 -0.0000906857 0.0000008177 0.0000022634 0.0000217753 0.0300902321 0.0261333818 0.0000811094 0.0298189826 0.0000407507 0.0028977477
1403638192.99498 8.146792 -7.961021 1.790222 0.745922 -0.224893 0.606719 0.157847 0.0003904256 -0.0000150431 -0.0000850552 0.0000011507 0.0000032438 0.0000191116 0.0297431630 0.0259849762 0.0000813612 0.0298618152 0.0000416388 0.0028983099
1403638193.04498 8.149889 -7.909542 1.801974 0.742759 -0.226139 0.611513 0.152390 0.0003913790 -0.0000201677 -0.0000818574 0.0000016129 0.0000041858 0.0000177025 0.0294024774 0.0258292974 0.0000814687 0.0298874130 0.0000425776 0.0028988277
1403638193.09499 8.149244 -7.859640 1.812482 0.743484 -0.224689 0.612060 0.148758 0.0003910833 -0.0000216289 -0.0000821671 0.0000017717 0.0000045121 0.0000178475 0.0290633282 0.0256581013 0.0000813196 0.0298829108 0.0000431235 0.0028990215
1403638193.14500 8.145034 -7.806960 1.824651 0.747821 -0.221456 0.608613 0.145982 0.0003894705 -0.0000205270 -0.0000860113 0.0000016590 0.0000045008 0.0000195839 0.0287370172 0.0254810747 0.0000811355 0.0298565579 0.0000438016 0.0028992143
1403638193.19501 8.138318 -7.754358 1.839161 0.753113 -0.217691 0.603818 0.144344 0.0003874242 -0.0000181837 -0.0000907854 0.0000014322 0.0000042280 0.0000218687 0.0283972202 0.0252855135 0.0000809374 0.0298085505 0.0000443491 0.0028993191
1403638193.24501 8.129092 -7.701446 1.856549 0.757796 -0.213371 0.599650 0.143658 0.0003856969 -0.0000152390 -0.0000947096 0.0000011824 0.0000037081 0.0000238566 0.0280588680 0.0250815016 0.0000806759 0.0297434998 0.0000447680 0.0028992904
1403638193.29501 8.115432 -7.648844 1.875533 0.761750 -0.209587 0.596192 0.142707 0.0003841139 -0.0000129610 -0.0000980070 0.0000010192 0.0000032722 0.0000256118 0.0277183502 0.0248672973 0.0000802520 0.0296612076 0.0000450093 0.0028991257
1403638193.34500 8.097939 -7.594512 1.900340 0.765573 -0.204808 0.592578 0.144235 0.0003827601 -0.0000086748 -0.0001009073 0.0000007800 0.0000022504 0.0000272115 0.0273843352 0.0246439350 0.0000799189 0.0295544896 0.0000452755 0.0028988268
1403638193.39500 8.079706 -7.540790 1.925398 0.767380 -0.200068 0.591427 0.145993 0.0003825446 -0.0000050709 -0.0001015373 0.0000006524 0.0000013078 0.0000275626 0.0270456787 0.0244088533 0.0000795276 0.0294298997 0.0000456529 0.0028987782
1403638193.44499 8.053700 -7.488069 1.952478 0.768421 -0.196250 0.590918 0.147755 0.0003825409 -0.0000019027 -0.0001016541 0.0000005961 0.0000004658 0.0000276259 0.0267091052 0.0241722495 0.0000789545 0.0292994579 0.0000456100 0.0028983182
1403638193.49499 8.032059 -7.432972 1.978491 0.768311 -0.193676 0.591867 0.147922 0.0003830733 -0.0000008664 -0.0001007391 0.0000005905 0.0000001876 0.0000271061 0.0263794369 0.0239147036 0.0000784975 0.0291202528 0.0000460206 0.0028984614
1403638193.54499 8.007112 -7.377548 2.002222 0.768503 -0.191687 0.592272 0.147899 0.0003832701 0.0000000103 -0.0001003993 0.0000005904 -0.0000000433 0.0000269156 0.0260366715 0.0236644827 0.0000780008 0.0289713761 0.0000464959 0.0028986360
1403638193.59500 7.980490 -7.321392 2.023901 0.770061 -0.190915 0.590723 0.146985 0.0003823926 0.0000002326 -0.0001019440 0.0000005922 -0.0000001029 0.0000277964 0.0256930012 0.0234034542 0.0000774459 0.0288017002 0.0000469256 0.0028988016
1403638193.64499 7.954169 -7.264022 2.041654 0.773291 -0.190575 0.586872 0.145891 0.0003803061 0.0000006339 -0.0001054685 0.0000005943 -0.0000002172 0.0000298705 0.0253479650 0.0231372997 0.0000771212 0.0286205790 0.0000467789 0.0028983403
1403638193.69499 7.925519 -7.207069 2.058967 0.777679 -0.191238 0.581285 0.144050 0.0003771318 0.0000005789 -0.0001105691 0.0000005958 -0.0000002113 0.0000330449 0.0249988740 0.0228697040 0.0000764153 0.0284445554 0.0000471556 0.0028984096
1403638193.74499 7.896250 -7.149436 2.074705 0.781672 -0.192890 0.576203 0.140618 0.0003738929 -0.0000010497 -0.0001154528 0.0000005997 0.0000002831 0.0000362852 0.0246571770 0.0226000012 0.0000758236 0.0282572068 0.0000476212 0.0028986721
1403638193.79499 7.866352 -7.091122 2.089134 0.785140 -0.193733 0.571554 0.139097 0.0003710529 -0.0000012774 -0.0001194985 0.0000006032 0.0000003703 0.0000391262 0.0243146653 0.0223278567 0.0000751901 0.0280664116 0.0000480729 0.0028988886
1403638193.84499 7.835105 -7.033300 2.102802 0.787451 -0.194069 0.568307 0.138871 0.0003691512 -0.0000008175 -0.0001221039 0.0000006028 0.0000002290 0.0000410345 0.0239727720 0.0220558394 0.0000745549 0.0278762224 0.0000485321 0.0028991617
1403638193.89499 7.803164 -6.976071 2.115493 0.789310 -0.195063 0.565623 0.137878 0.0003674249 -0.0000012520 -0.0001243894 0.0000006074 0.0000003827 0.0000427621 0.0236352110 0.0217825093 0.0000739140 0.0276790884 0.0000489886 0.0028994478
1403638193.94499 7.771394 -6.918706 2.126974 0.791084 -0.195411 0.563019 0.137879 0.0003658652 -0.0000008212 -0.0001264049 0.0000006073 0.0000002422 0.0000443275 0.0233056993 0.0215125973 0.0000732382 0.0274807871 0.0000494082 0.0028996891
1403638193.99499 7.739881 -6.860880 2.137688 0.791631 -0.196662 0.562165 0.136436 0.0003651306 -0.0000020631 -0.0001273227 0.0000006192 0.0000006786 0.0000450560 0.0229778016 0.0212446812 0.0000725694 0.0272857615 0.0000498557 0.0028999901
1403638194.04499 7.706783 -6.805072 2.147133 0.791674 -0.196697 0.562006 0.136789 0.0003650757 -0.0000017941 -0.0001273942 0.0000006183 0.0000005849 0.0000451138 0.0226508768 0.0209784801 0.0000718674 0.0270932628 0.0000501770 0.0029002285
1403638194.09499 7.675204 -6.747923 2.155671 0.789490 -0.196053 0.564774 0.138920 0.0003670784 -0.0000008795 -0.0001248490 0.0000006138 0.0000002576 0.0000431197 0.0223389352 0.0207165423 0.0000712223 0.0268935752 0.0000505951 0.0029005099
1403638194.14499 7.641919 -6.687872 2.163052 0.786732 -0.196029 0.568398 0.139817 0.0003693234 -0.0000011553 -0.0001218609 0.0000006170 0.0000003398 0.0000408620 0.0220206745 0.0204555283 0.0000706094 0.0267018494 0.0000504323 0.0029004981
1403638194.19499 7.610385 -6.631024 2.168886 0.783971 -0.195455 0.571960 0.141591 0.0003716480 -0.0000006768 -0.0001186682 0.0000006166 0.0000001746 0.0000385409 0.0216878883 0.0201787756 0.0000699703 0.0264963671 0.0000508950 0.0029008196
1403638194.24500 7.575563 -6.572459 2.173961 0.781379 -0.195476 0.575307 0.142330 0.0003735981 -0.0000009794 -0.0001158745 0.0000006193 0.0000002624 0.0000365860 0.0213747118 0.0199180432 0.0000693784 0.0263014714 0.0000509405 0.0029008559
1403638194.29500 7.541906 -6.515987 2.175743 0.780688 -0.195489 0.576162 0.142643 0.0003741538 -0.0000010555 -0.0001150611 0.0000006215 0.0000002834 0.0000360303 0.0210536935 0.0196432210 0.0000687199 0.0260877842 0.0000514132 0.0029011119
1403638194.34501 7.507942 -6.458788 2.176459 0.782472 -0.196802 0.573637 0.141234 0.0003725384 -0.0000019276 -0.0001173875 0.0000006303 0.0000005668 0.0000376389 0.0207488188 0.0193809721 0.0000681120 0.0258829620 0.0000519110 0.0029013892
1403638194.39501 7.473188 -6.402308 2.178676 0.784406 -0.197919 0.570848 0.140245 0.0003708033 -0.0000023839 -0.0001198146 0.0000006376 0.0000007302 0.0000393685 0.0204430007 0.0191176076 0.0000675514 0.0256778236 0.0000523794 0.0029016566
1403638194.44501 7.437973 -6.345065 2.182275 0.786352 -0.199367 0.568049 0.138647 0.0003689391 -0.0000033602 -0.0001223250 0.0000006546 0.0000010747 0.0000412158 0.0201426559 0.0188547842 0.0000669997 0.0254670464 0.0000526984 0.0029018367
1403638194.49501 7.402992 -6.288705 2.187042 0.788335 -0.200875 0.565113 0.137200 0.0003669743 -0.0000042424 -0.0001248827 0.0000006749 0.0000014051 0.0000431603 0.0198444747 0.0185940843 0.0000664442 0.0252598940 0.0000531357 0.0029020928
1403638194.54501 7.367027 -6.231838 2.193460 0.790322 -0.200940 0.562192 0.137675 0.0003653004 -0.0000033037 -0.0001270446 0.0000006574 0.0000011100 0.0000448499 0.0195521472 0.0183363077 0.0000659027 0.0250521251 0.0000535403 0.0029023177
1403638194.59501 7.331201 -6.175378 2.201370 0.792086 -0.201886 0.559563 0.136861 0.0003635777 -0.0000036180 -0.0001291717 0.0000006652 0.0000012470 0.0000465622 0.0192576149 0.0180741015 0.0000653613 0.0248382544 0.0000539813 0.0029025842
1403638194.64501 7.294543 -6.117538 2.210703 0.794655 -0.202554 0.555771 0.136430 0.0003611284 -0.0000032960 -0.0001320951 0.0000006598 0.0000011669 0.0000489927 0.0189704995 0.0178218268 0.0000650555 0.0246290655 0.0000534929 0.0029023017
1403638194.69501 7.259938 -6.063207 2.220131 0.797697 -0.203486 0.551266 0.135566 0.0003581496 -0.0000031865 -0.0001355295 0.0000006597 0.0000011673 0.0000519674 0.0186811161 0.0175656494 0.0000645263 0.0244237190 0.0000540120 0.0029026648
1403638194.74501 7.224627 -6.007617 2.229724 0.799746 -0.204217 0.548046 0.135456 0.0003560678 -0.0000028278 -0.0001378407 0.0000006555 0.0000010563 0.0000540465 0.0184120446 0.0173258516 0.0000640298 0.0242292688 0.0000544519 0.0029030374
1403638194.79501 7.190443 -5.954499 2.238087 0.801757 -0.204391 0.544947 0.135806 0.0003541060 -0.0000019933 -0.0001399640 0.0000006460 0.0000007492 0.0000560125 0.0181386035 0.0170815613 0.0000634954 0.0240318000 0.0000550128 0.0029034906
1403638194.84501 7.155705 -5.901719 2.245268 0.803565 -0.205232 0.542067 0.135376 0.0003521145 -0.0000019639 -0.0001420440 0.0000006473 0.0000007538 0.0000579959 0.0178800187 0.0168498874 0.0000629857 0.0238433741 0.0000553880 0.0029038396
1403638194.89501 7.123661 -5.850347 2.250351 0.804844 -0.205017 0.540014 0.136304 0.0003509088 -0.0000008711 -0.0001432829 0.0000006404 0.0000003168 0.0000592032 0.0176264522 0.0166195236 0.0000624293 0.0236529899 0.0000560246 0.0029043403
1403638194.94501 7.092527 -5.800096 2.254094 0.805837 -0.204640 0.538522 0.136903 0.0003500088 -0.0000000137 -0.0001441871 0.0000006400 -0.0000000336 0.0000600990 0.0173815935 0.0164017543 0.0000618687 0.0234809454 0.0000566649 0.0029048332
1403638194.99501 7.062295 -5.750667 2.256431 0.806518 -0.205102 0.537486 0.136277 0.0003492022 -0.0000003467 -0.0001449838 0.0000006420 0.0000001052 0.0000608984 0.0171439263 0.0161899638 0.0000613030 0.0233137105 0.0000573011 0.0029053126
1403638195.04501 7.032851 -5.701509 2.257539 0.807251 -0.204964 0.536351 0.136612 0.0003484941 0.0000001635 -0.0001456764 0.0000006434 -0.0000001073 0.0000616006 0.0169129030 0.0159842956 0.0000607364 0.0231522391 0.0000579284 0.0029057711
1403638195.09501 7.004347 -5.652683 2.257101 0.807730 -0.204716 0.535773 0.136424 0.0003480570 0.0000002906 -0.0001460964 0.0000006451 -0.0000001610 0.0000620308 0.0166842967 0.0157827804 0.0000601661 0.0229977330 0.0000585309 0.0029062120
1403638195.14501 6.978261 -5.605628 2.255126 0.808960 -0.204764 0.533909 0.136369 0.0003467781 0.0000006234 -0.0001473284 0.0000006476 -0.0000003041 0.0000633031 0.0164598144 0.0155854619 0.0000595774 0.0228485673 0.0000591375 0.0029066889
1403638195.19501 6.953263 -5.559404 2.251952 0.811188 -0.206356 0.530490 0.134059 0.0003440083 -0.0000006470 -0.0001499352 0.0000006491 0.0000002436 0.0000660662 0.0162446116 0.0153996456 0.0000590032 0.0227140119 0.0000596799 0.0029070864
1403638195.24501 6.929625 -5.514544 2.247488 0.815270 -0.207814 0.524093 0.132190 0.0003392241 -0.0000009921 -0.0001542180 0.0000006507 0.0000004126 0.0000708393 0.0160356184 0.0152205328 0.0000585677 0.0225813558 0.0000595503 0.0029070400
1403638195.29501 6.906685 -5.469321 2.241576 0.819223 -0.209509 0.517857 0.129628 0.0003342202 -0.0000018197 -0.0001584226 0.0000006591 0.0000008250 0.0000758350 0.0158358931 0.0150507105 0.0000579433 0.0224655653 0.0000600060 0.0029073283
1403638195.34501 6.884844 -5.423612 2.235727 0.821811 -0.210539 0.513686 0.128169 0.0003308862 -0.0000021838 -0.0001610763 0.0000006650 0.0000010259 0.0000791635 0.0156383643 0.0148837443 0.0000573094 0.0223538616 0.0000604356 0.0029076051
1403638195.39501 6.866617 -5.381652 2.229787 0.821698 -0.210138 0.513940 0.128529 0.0003311506 -0.0000018744 -0.0001608687 0.0000006624 0.0000008734 0.0000789003 0.0154412266 0.0147206874 0.0000567217 0.0222519505 0.0000607181 0.0029078193
1403638195.44501 6.851084 -5.342622 2.223686 0.818463 -0.209826 0.518985 0.129407 0.0003349959 -0.0000023097 -0.0001577706 0.0000006689 0.0000010515 0.0000750499 0.0152618860 0.0145751916 0.0000561335 0.0221673634 0.0000610003 0.0029081128
1403638195.49500 6.837035 -5.304915 2.216713 0.812960 -0.208335 0.527656 0.131422 0.0003415346 -0.0000024140 -0.0001521460 0.0000006712 0.0000010397 0.0000685108 0.0150953689 0.0144423852 0.0000555941 0.0220956342 0.0000612803 0.0029083615
1403638195.54500 6.824528 -5.268091 2.208659 0.807999 -0.207793 0.535248 0.132168 0.0003469302 -0.0000034365 -0.0001471057 0.0000006893 0.0000014229 0.0000630993 0.0149335094 0.0143136537 0.0000551291 0.0220277171 0.0000614496 0.0029086067
1403638195.59500 6.815008 -5.236269 2.198842 0.803452 -0.205917 0.542149 0.134677 0.0003520202 -0.0000027126 -0.0001420348 0.0000006773 0.0000010603 0.0000580234 0.0147780312 0.0141924307 0.0000546851 0.0219689625 0.0000615939 0.0029088421
1403638195.64500 6.805948 -5.203645 2.187937 0.800987 -0.205282 0.545907 0.135150 0.0003545754 -0.0000030107 -0.0001393349 0.0000006830 0.0000011495 0.0000554641 0.0146438968 0.0140897304 0.0000543030 0.0219239459 0.0000616677 0.0029089259
1403638195.69500 6.797969 -5.173739 2.175942 0.800825 -0.204779 0.546238 0.135537 0.0003548378 -0.0000026392 -0.0001390312 0.0000006742 0.0000009998 0.0000551852 0.0145046488 0.0139886465 0.0000545279 0.0218715281 0.0000603954 0.0029082491
1403638195.74500 6.790277 -5.142587 2.166938 0.801306 -0.205286 0.545585 0.134551 0.0003542440 -0.0000032917 -0.0001396543 0.0000006869 0.0000012645 0.0000557692 0.0143809418 0.0138957817 0.0000542959 0.0218361065 0.0000603485 0.0029083756
1403638195.79500 6.783134 -5.112246 2.158722 0.802697 -0.205486 0.543687 0.133629 0.0003528386 -0.0000034941 -0.0001411353 0.0000006925 0.0000013652 0.0000571716 0.0142517458 0.0137982603 0.0000541090 0.0217986454 0.0000602542 0.0029084975
1403638195.84500 6.778190 -5.084252 2.152415 0.804756 -0.205980 0.540658 0.132778 0.0003506912 -0.0000035407 -0.0001433437 0.0000006941 0.0000014147 0.0000593144 0.0141269853 0.0137074680 0.0000539898 0.0217644540 0.0000599101 0.0029085381
1403638195.89501 6.772667 -5.054537 2.147730 0.807712 -0.205681 0.536428 0.132445 0.0003477741 -0.0000026458 -0.0001462700 0.0000006804 0.0000010799 0.0000622510 0.0140133523 0.0136264570 0.0000538520 0.0217453820 0.0000597980 0.0029086878
1403638195.94501 6.768849 -5.027413 2.144660 0.810127 -0.206304 0.532864 0.131108 0.0003451008 -0.0000029107 -0.0001488276 0.0000006862 0.0000012228 0.0000649221 0.0138946216 0.0135415705 0.0000537333 0.0217238855 0.0000596534 0.0029088176
1403638195.99501 6.767172 -5.000540 2.143557 0.812192 -0.206606 0.529761 0.130427 0.0003428323 -0.0000027527 -0.0001509338 0.0000006854 0.0000011797 0.0000671953 0.0137882480 0.0134689801 0.0000536232 0.0217152358 0.0000595696 0.0029089945
1403638196.04501 6.767111 -4.974668 2.144869 0.812817 -0.206660 0.528887 0.129997 0.0003421439 -0.0000028358 -0.0001515578 0.0000006883 0.0000012244 0.0000678841 0.0136823873 0.0134005928 0.0000535432 0.0217170120 0.0000595147 0.0029091818
1403638196.09501 6.768843 -4.949695 2.148982 0.812381 -0.206268 0.529572 0.130555 0.0003427305 -0.0000024963 -0.0001510344 0.0000006844 0.0000010682 0.0000673078 0.0135820768 0.0133399293 0.0000534968 0.0217299396 0.0000594956 0.0029094154
1403638196.14501 6.772839 -4.925780 2.155888 0.810787 -0.205465 0.532015 0.131790 0.0003446475 -0.0000019617 -0.0001492753 0.0000006789 0.0000008176 0.0000654025 0.0134862756 0.0132860030 0.0000535039 0.0217532312 0.0000594601 0.0029096726
1403638196.19501 6.777577 -4.902575 2.165183 0.807765 -0.204388 0.536786 0.132676 0.0003480718 -0.0000020273 -0.0001460000 0.0000006810 0.0000008187 0.0000619823 0.0133922679 0.0132350032 0.0000535459 0.0217817567 0.0000594774 0.0029099796
1403638196.24501 6.782895 -4.879606 2.175439 0.804743 -0.203401 0.541326 0.134100 0.0003513795 -0.0000017787 -0.0001426920 0.0000006796 0.0000006908 0.0000586825 0.0133004444 0.0131849250 0.0000536174 0.0218089244 0.0000595385 0.0029103176
1403638196.29501 6.788124 -4.856002 2.186456 0.802751 -0.202970 0.544280 0.134733 0.0003534539 -0.0000018827 -0.0001405270 0.0000006797 0.0000007174 0.0000566046 0.0132082337 0.0131380841 0.0000537334 0.0218360787 0.0000595034 0.0029105509
1403638196.34501 6.794222 -4.833214 2.195790 0.801007 -0.201782 0.546834 0.136547 0.0003554139 -0.0000008667 -0.0001384433 0.0000006738 0.0000003062 0.0000546585 0.0131150706 0.0130873930 0.0000538297 0.0218674695 0.0000595977 0.0029109696
1403638196.39501 6.800647 -4.811245 2.202828 0.801083 -0.202941 0.546721 0.134824 0.0003550507 -0.0000023766 -0.0001388248 0.0000006894 0.0000008993 0.0000550137 0.0130240562 0.0130392517 0.0000539294 0.0219027072 0.0000597429 0.0029113865
1403638196.44501 6.807615 -4.791642 2.208344 0.801169 -0.203084 0.546553 0.134780 0.0003549332 -0.0000024227 -0.0001389506 0.0000006906 0.0000009186 0.0000551315 0.0129380492 0.0129959315 0.0000539837 0.0219367403 0.0000599981 0.0029117132
1403638196.49501 6.815100 -4.771339 2.212096 0.801621 -0.203667 0.545803 0.134248 0.0003543600 -0.0000028305 -0.0001395633 0.0000006983 0.0000010857 0.0000557036 0.0128624511 0.0129596974 0.0000541023 0.0219773627 0.0000601928 0.0029120784
1403638196.54501 6.822709 -4.751945 2.214388 0.802516 -0.205119 0.544283 0.132854 0.0003531146 -0.0000039550 -0.0001408612 0.0000007218 0.0000015498 0.0000569319 0.0127838510 0.0129216224 0.0000542333 0.0220192996 0.0000603992 0.0029124235
1403638196.59500 6.830659 -4.732844 2.214588 0.804801 -0.206089 0.540803 0.131741 0.0003506098 -0.0000042430 -0.0001434437 0.0000007305 0.0000017086 0.0000594340 0.0127098912 0.0128871677 0.0000543583 0.0220634692 0.0000606167 0.0029127376
1403638196.64500 6.839331 -4.714437 2.213545 0.808240 -0.207186 0.535449 0.130828 0.0003468414 -0.0000040535 -0.0001471791 0.0000007281 0.0000016931 0.0000632109 0.0126386507 0.0128548285 0.0000544698 0.0221092105 0.0000608284 0.0029129976
1403638196.69500 6.848615 -4.696371 2.211259 0.810975 -0.209086 0.531111 0.128544 0.0003434265 -0.0000052398 -0.0001503609 0.0000007621 0.0000022686 0.0000665973 0.0125707321 0.0128270643 0.0000545777 0.0221620677 0.0000610217 0.0029131982
1403638196.74500 6.858950 -4.679175 2.207829 0.812633 -0.209759 0.528423 0.128052 0.0003414587 -0.0000052051 -0.0001521524 0.0000007629 0.0000022943 0.0000685695 0.0125051728 0.0128021467 0.0000546869 0.0222191724 0.0000611595 0.0029133622
1403638196.79500 6.870685 -4.662941 2.203237 0.813279 -0.209598 0.527355 0.128621 0.0003408197 -0.0000045663 -0.0001527464 0.0000007462 0.0000020214 0.0000692307 0.0124421241 0.0127808958 0.0000548144 0.0222827631 0.0000612491 0.0029134857
1403638196.84500 6.883727 -4.647696 2.198541 0.813295 -0.210071 0.527308 0.127933 0.0003406632 -0.0000051633 -0.0001528667 0.0000007609 0.0000022937 0.0000693710 0.0123825973 0.0127651089 0.0000547284 0.0223533737 0.0000614169 0.0029128229
1403638196.89500 6.899027 -4.634531 2.193657 0.810876 -0.209180 0.530908 0.129850 0.0003435367 -0.0000044622 -0.0001502848 0.0000007404 0.0000019287 0.0000665132 0.0123288947 0.0127568417 0.0000547392 0.0224314839 0.0000612966 0.0029125740
1403638196.94500 6.914812 -4.621965 2.188974 0.808662 -0.208442 0.534402 0.130505 0.0003460571 -0.0000045542 -0.0001479232 0.0000007444 0.0000019237 0.0000639947 0.0122819676 0.0127556268 0.0000549477 0.0225222866 0.0000612514 0.0029126737
1403638196.99500 6.931894 -4.611184 2.185750 0.805742 -0.207346 0.538886 0.131865 0.0003493524 -0.0000042876 -0.0001447220 0.0000007390 0.0000017534 0.0000607104 0.0122381663 0.0127571444 0.0000551685 0.0226152757 0.0000611991 0.0029127425
1403638197.04501 6.949930 -4.602675 2.184259 0.803570 -0.206972 0.542097 0.132546 0.0003516194 -0.0000044632 -0.0001424214 0.0000007445 0.0000017854 0.0000584410 0.0121993135 0.0127631329 0.0000553126 0.0227107778 0.0000611551 0.0029126696
1403638197.09501 6.967787 -4.593137 2.183926 0.802198 -0.206440 0.544105 0.133458 0.0003531098 -0.0000041520 -0.0001408840 0.0000007383 0.0000016344 0.0000569614 0.0121686691 0.0127760799 0.0000555353 0.0228104689 0.0000611268 0.0029126391
1403638197.14501 6.986271 -4.584115 2.184616 0.801123 -0.205729 0.545685 0.134555 0.0003543473 -0.0000035544 -0.0001395914 0.0000007266 0.0000013780 0.0000557399 0.0121342829 0.0127860495 0.0000557573 0.0229100449 0.0000611017 0.0029126012
1403638197.19501 7.006011 -4.576316 2.186892 0.800907 -0.204336 0.546020 0.136591 0.0003549254 -0.0000018092 -0.0001390072 0.0000007016 0.0000006855 0.0000551910 0.0121032874 0.0128009358 0.0000559871 0.0230174506 0.0000611069 0.0029125458
1403638197.24501 7.026695 -4.568828 2.190861 0.800101 -0.202656 0.547323 0.138588 0.0003561065 -0.0000001738 -0.0001377384 0.0000006939 0.0000000435 0.0000540224 0.0120753889 0.0128211790 0.0000562415 0.0231346912 0.0000611292 0.0029124923
1403638197.29501 7.048054 -4.564257 2.197054 0.798520 -0.198792 0.549657 0.143959 0.0003584349 0.0000042128 -0.0001350784 0.0000007448 -0.0000016138 0.0000516471 0.0120474892 0.0128409095 0.0000565009 0.0232508711 0.0000611532 0.0029124070
1403638197.34501 7.069003 -4.556386 2.205463 0.797077 -0.195204 0.551667 0.149088 0.0003604234 0.0000083958 -0.0001325915 0.0000008925 -0.0000031170 0.0000495152 0.0120286380 0.0128679370 0.0000567929 0.0233698068 0.0000612514 0.0029123127
1403638197.39501 7.089937 -4.547741 2.214743 0.795912 -0.192622 0.553262 0.152714 0.0003618637 0.0000113591 -0.0001306637 0.0000010548 -0.0000041312 0.0000479155 0.0119969137 0.0128851406 0.0000570516 0.0234886168 0.0000614238 0.0029121975
1403638197.44501 7.110326 -4.537898 2.225779 0.794607 -0.190798 0.554956 0.155625 0.0003632410 0.0000135417 -0.0001287845 0.0000012045 -0.0000048312 0.0000463914 0.0119619339 0.0128995617 0.0000573146 0.0236075675 0.0000616611 0.0029120977
1403638197.49501 7.131470 -4.527103 2.238639 0.793750 -0.190039 0.556268 0.156242 0.0003641050 0.0000139677 -0.0001276650 0.0000012356 -0.0000049272 0.0000454925 0.0119210280 0.0129091915 0.0000575107 0.0237247067 0.0000618115 0.0029117790
1403638197.54501 7.151722 -4.515321 2.252602 0.792736 -0.190792 0.557823 0.154925 0.0003649273 0.0000125009 -0.0001267908 0.0000011287 -0.0000043714 0.0000447806 0.0118765350 0.0129148396 0.0000578479 0.0238417276 0.0000619698 0.0029117974
1403638197.59501 7.171442 -4.502925 2.268048 0.792468 -0.190393 0.558282 0.155133 0.0003652201 0.0000127148 -0.0001264026 0.0000011440 -0.0000044281 0.0000444755 0.0118292655 0.0129167428 0.0000581899 0.0239550648 0.0000621564 0.0029118299
1403638197.64501 7.191778 -4.489667 2.284674 0.792031 -0.190045 0.558911 0.155523 0.0003656459 0.0000129713 -0.0001258369 0.0000011623 -0.0000044911 0.0000440333 0.0117803703 0.0129168413 0.0000585410 0.0240680088 0.0000623870 0.0029118422
1403638197.69501 7.211786 -4.475421 2.302183 0.792280 -0.189995 0.558649 0.155260 0.0003654525 0.0000128902 -0.0001260938 0.0000011576 -0.0000044738 0.0000442336 0.0117288060 0.0129157448 0.0000588926 0.0241850117 0.0000626433 0.0029118830
1403638197.74501 7.231368 -4.460210 2.318195 0.792698 -0.189526 0.558198 0.155320 0.0003651604 0.0000132550 -0.0001264294 0.0000011849 -0.0000046150 0.0000445009 0.0116735320 0.0129098983 0.0000592415 0.0242977522 0.0000629169 0.0029119500
1403638197.79501 7.250895 -4.444593 2.332901 0.792283 -0.189937 0.558841 0.154624 0.0003654796 0.0000125058 -0.0001261033 0.0000011323 -0.0000043393 0.0000442365 0.0116151871 0.0129009338 0.0000595751 0.0244098341 0.0000632074 0.0029120151
1403638197.84501 7.270808 -4.428821 2.346284 0.790903 -0.191018 0.560990 0.152562 0.0003665641 0.0000103139 -0.0001249153 0.0000009949 -0.0000035368 0.0000432922 0.0115553029 0.0128902783 0.0000599200 0.0245221465 0.0000634365 0.0029121028
1403638197.89501 7.291554 -4.416367 2.356334 0.788781 -0.192144 0.564223 0.150193 0.0003682026 0.0000076671 -0.0001229473 0.0000008622 -0.0000025776 0.0000417724 0.0114938774 0.0128816469 0.0000599721 0.0246335647 0.0000629038 0.0029110734
1403638197.94501 7.311062 -4.398519 2.366394 0.784431 -0.192302 0.570470 0.149173 0.0003717313 0.0000055744 -0.0001182397 0.0000007864 -0.0000017881 0.0000383214 0.0114469745 0.0128826554 0.0000603114 0.0247529339 0.0000631258 0.0029110742
1403638197.99501 7.329495 -4.380217 2.372650 0.779597 -0.192306 0.577161 0.148770 0.0003754322 0.0000037764 -0.0001129201 0.0000007411 -0.0000011486 0.0000346681 0.0113802165 0.0128642766 0.0000605808 0.0248626511 0.0000633187 0.0029110333
1403638198.04501 7.347389 -4.361128 2.374301 0.776560 -0.192527 0.581304 0.148235 0.0003776169 0.0000023854 -0.0001095946 0.0000007183 -0.0000007032 0.0000325075 0.0113121593 0.0128418216 0.0000607179 0.0249643879 0.0000634559 0.0029108185
1403638198.09501 7.364719 -4.340934 2.371646 0.777066 -0.192766 0.580700 0.147640 0.0003772167 0.0000020399 -0.0001102290 0.0000007141 -0.0000006059 0.0000329110 0.0112412713 0.0128147691 0.0000607270 0.0250599464 0.0000632605 0.0029103971
1403638198.14501 7.380427 -4.319850 2.363612 0.778239 -0.194172 0.579122 0.145805 0.0003761368 0.0000006672 -0.0001119187 0.0000007043 -0.0000002067 0.0000340031 0.0111664306 0.0127829505 0.0000607697 0.0251531807 0.0000632036 0.0029100272
1403638198.19500 7.394468 -4.297534 2.351380 0.779977 -0.194934 0.576816 0.144637 0.0003747243 0.0000001642 -0.0001140550 0.0000007033 -0.0000000569 0.0000354193 0.0110878459 0.0127442877 0.0000607208 0.0252361128 0.0000629769 0.0029095162
1403638198.24500 7.407514 -4.273792 2.336835 0.781869 -0.195330 0.574184 0.144362 0.0003732284 0.0000004298 -0.0001162528 0.0000007036 -0.0000001399 0.0000369172 0.0110054779 0.0126995178 0.0000605729 0.0253112435 0.0000625469 0.0029088345
1403638198.29500 7.420424 -4.248743 2.321537 0.783328 -0.195069 0.572191 0.144719 0.0003721676 0.0000012264 -0.0001177706 0.0000007070 -0.0000003937 0.0000379767 0.0109191430 0.0126491033 0.0000603506 0.0253808630 0.0000619608 0.0029080354
1403638198.34500 7.432762 -4.222839 2.305487 0.784366 -0.194726 0.570781 0.145125 0.0003714284 0.0000019595 -0.0001188058 0.0000007131 -0.0000006319 0.0000387114 0.0108295171 0.0125955094 0.0000600696 0.0254514503 0.0000612576 0.0029071502
1403638198.39500 7.444668 -4.196186 2.288560 0.787146 -0.193878 0.566933 0.146282 0.0003693533 0.0000039322 -0.0001216139 0.0000007445 -0.0000013001 0.0000407567 0.0107376602 0.0125388275 0.0000597581 0.0255205408 0.0000605121 0.0029062228
1403638198.44500 7.456717 -4.168804 2.271468 0.789336 -0.191947 0.563809 0.149077 0.0003678639 0.0000071942 -0.0001234556 0.0000008432 -0.0000024210 0.0000421485 0.0106441934 0.0124792254 0.0000594178 0.0255870510 0.0000597224 0.0029052736
1403638198.49499 7.471208 -4.136235 2.257775 0.790315 -0.190094 0.562226 0.152214 0.0003672731 0.0000102591 -0.0001239911 0.0000009884 -0.0000034710 0.0000425765 0.0105465383 0.0124170490 0.0000585617 0.0256533876 0.0000578405 0.0029034349
1403638198.54500 7.483296 -4.109070 2.238927 0.792133 -0.186318 0.559637 0.156901 0.0003661415 0.0000153414 -0.0001249406 0.0000013450 -0.0000052449 0.0000433531 0.0104318089 0.0123432675 0.0000583066 0.0257408207 0.0000572692 0.0029026875
1403638198.59500 7.494565 -4.081365 2.219407 0.792410 -0.180482 0.558708 0.165403 0.0003661946 0.0000232588 -0.0001236441 0.0000021807 -0.0000078668 0.0000424654 0.0103368726 0.0122816105 0.0000580810 0.0258140233 0.0000567693 0.0029019159
1403638198.64500 7.506485 -4.051565 2.199239 0.791949 -0.174123 0.558640 0.174415 0.0003665383 0.0000314799 -0.0001213542 0.0000034088 -0.0000104397 0.0000408929 0.0102386616 0.0122148308 0.0000577762 0.0258825666 0.0000562223 0.0029010510
1403638198.69501 7.520086 -4.018545 2.181123 0.791420 -0.168084 0.558568 0.182767 0.0003665259 0.0000391383 -0.0001191126 0.0000048864 -0.0000127397 0.0000394210 0.0101318190 0.0121412360 0.0000572470 0.0259557556 0.0000555277 0.0029000349
1403638198.74501 7.532420 -3.984734 2.162940 0.790667 -0.162227 0.558758 0.190574 0.0003664035 0.0000463060 -0.0001166825 0.0000065620 -0.0000147698 0.0000378675 0.0100131907 0.0120582816 0.0000569189 0.0260400788 0.0000551142 0.0028992789
1403638198.79501 7.545409 -3.948204 2.146358 0.789192 -0.158539 0.560160 0.195607 0.0003669785 0.0000506119 -0.0001140677 0.0000076919 -0.0000157561 0.0000361622 0.0098912365 0.0119687052 0.0000565766 0.0261165171 0.0000546864 0.0028985567
1403638198.84501 7.557776 -3.907774 2.132235 0.788702 -0.156344 0.560656 0.197917 0.0003670516 0.0000528454 -0.0001129442 0.0000083210 -0.0000162856 0.0000354591 0.0097599632 0.0118696725 0.0000562409 0.0261955731 0.0000542669 0.0028978890
1403638198.89501 7.570195 -3.863871 2.119882 0.788634 -0.156006 0.560635 0.198511 0.0003670085 0.0000533378 -0.0001127725 0.0000084643 -0.0000164136 0.0000353577 0.0096171205 0.0117569551 0.0000559081 0.0262707373 0.0000538223 0.0028972910
1403638198.94501 7.582907 -3.816452 2.109476 0.789290 -0.156500 0.559778 0.197933 0.0003665448 0.0000529440 -0.0001136181 0.0000083594 -0.0000164346 0.0000359251 0.0094653460 0.0116345396 0.0000556150 0.0263493227 0.0000533864 0.0028967650
1403638198.99501 7.595987 -3.765800 2.100537 0.789840 -0.158026 0.559182 0.196204 0.0003663338 0.0000513687 -0.0001146354 0.0000079141 -0.0000160967 0.0000365807 0.0093062357 0.0115034989 0.0000553256 0.0264314890 0.0000529297 0.0028962948
1403638199.04501 7.609552 -3.711080 2.094791 0.790183 -0.159202 0.558835 0.194856 0.0003662323 0.0000501298 -0.0001153243 0.0000075718 -0.0000158062 0.0000370243 0.0091381940 0.0113606561 0.0000550575 0.0265125834 0.0000524735 0.0028958848
1403638199.09500 7.624041 -3.653953 2.091152 0.790581 -0.160829 0.558451 0.192997 0.0003661239 0.0000483742 -0.0001162082 0.0000070999 -0.0000153730 0.0000375948 0.0089608622 0.0112095324 0.0000545872 0.0266008766 0.0000522151 0.0028953847
1403638199.14500 7.639149 -3.592744 2.091614 0.790187 -0.161812 0.558927 0.192414 0.0003665292 0.0000475235 -0.0001159977 0.0000068695 -0.0000150574 0.0000374207 0.0087804359 0.0110506146 0.0000543211 0.0266941703 0.0000517605 0.0028950495
1403638199.19500 7.655088 -3.528682 2.094392 0.789564 -0.163399 0.559966 0.190596 0.0003672723 0.0000455438 -0.0001157564 0.0000063540 -0.0000143694 0.0000371940 0.0085903441 0.0108784224 0.0000540325 0.0267900827 0.0000512843 0.0028947378
1403638199.24500 7.671343 -3.462375 2.100801 0.788021 -0.164681 0.562319 0.188947 0.0003687768 0.0000435089 -0.0001144148 0.0000058378 -0.0000135112 0.0000362061 0.0083965159 0.0106991249 0.0000536965 0.0268920260 0.0000507622 0.0028944203
1403638199.29500 7.688531 -3.391452 2.110336 0.786099 -0.164714 0.564941 0.189099 0.0003703429 0.0000431000 -0.0001122995 0.0000057195 -0.0000130796 0.0000347585 0.0082004304 0.0105133492 0.0000533316 0.0269978026 0.0000502604 0.0028941299
1403638199.34500 7.705304 -3.318289 2.120580 0.785083 -0.165309 0.566309 0.188712 0.0003711877 0.0000423276 -0.0001113470 0.0000055296 -0.0000127056 0.0000341063 0.0079956644 0.0103129670 0.0000529718 0.0271064397 0.0000498190 0.0028939479
1403638199.39500 7.722084 -3.241615 2.131886 0.784945 -0.163772 0.565999 0.191534 0.0003709593 0.0000447326 -0.0001107485 0.0000060976 -0.0000133631 0.0000337684 0.0077888288 0.0101022865 0.0000525750 0.0272063289 0.0000494269 0.0028937855
1403638199.44500 7.738406 -3.162326 2.145608 0.785677 -0.162865 0.564565 0.193528 0.0003700947 0.0000466136 -0.0001112675 0.0000065749 -0.0000140225 0.0000341589 0.0075773432 0.0098801692 0.0000521494 0.0273097365 0.0000490469 0.0028937088
1403638199.49501 7.754851 -3.079831 2.160737 0.787194 -0.162250 0.561857 0.195747 0.0003685017 0.0000486880 -0.0001127247 0.0000071373 -0.0000149024 0.0000351916 0.0073647665 0.0096491229 0.0000516753 0.0274123184 0.0000486818 0.0028936805
1403638199.54501 7.772401 -2.995027 2.177049 0.789685 -0.160416 0.558251 0.197535 0.0003661512 0.0000512327 -0.0001149616 0.0000078741 -0.0000160956 0.0000368076 0.0071496216 0.0094083405 0.0000511813 0.0275222992 0.0000483819 0.0028937042
1403638199.59501 7.790081 -2.908377 2.194665 0.791267 -0.158693 0.556920 0.196352 0.0003650722 0.0000516065 -0.0001162969 0.0000080007 -0.0000164495 0.0000377627 0.0069346368 0.0091600977 0.0000506362 0.0276387747 0.0000481281 0.0028937774
1403638199.64500 7.808149 -2.819828 2.213781 0.792834 -0.156149 0.556429 0.193439 0.0003643458 0.0000511564 -0.0001174930 0.0000078883 -0.0000165061 0.0000386064 0.0067215197 0.0089046296 0.0000500599 0.0277561974 0.0000479269 0.0028939412
1403638199.69500 7.826137 -2.726469 2.232327 0.793571 -0.154704 0.557944 0.187112 0.0003648482 0.0000478689 -0.0001181963 0.0000069841 -0.0000155148 0.0000390094 0.0065099975 0.0086426650 0.0000493730 0.0278722002 0.0000481707 0.0028939967
1403638199.74500 7.841785 -2.634293 2.251019 0.794704 -0.154689 0.559098 0.178677 0.0003651967 0.0000427429 -0.0001196741 0.0000057035 -0.0000140109 0.0000399376 0.0062959394 0.0083657228 0.0000486597 0.0279857846 0.0000483441 0.0028941795
1403638199.79500 7.858587 -2.539119 2.270990 0.796444 -0.157546 0.559176 0.167866 0.0003650081 0.0000350972 -0.0001223899 0.0000040735 -0.0000117681 0.0000417636 0.0060936876 0.0080886567 0.0000482036 0.0280837420 0.0000483676 0.0028945795
1403638199.84500 7.875142 -2.442841 2.290305 0.797757 -0.158966 0.559311 0.159636 0.0003646629 0.0000295625 -0.0001242945 0.0000030945 -0.0000100725 0.0000430945 0.0058941513 0.0078051373 0.0000477465 0.0281922686 0.0000484661 0.0028950167
1403638199.89500 7.891126 -2.345714 2.307942 0.798926 -0.160002 0.559386 0.152331 0.0003642105 0.0000247475 -0.0001259215 0.0000023789 -0.0000085489 0.0000442680 0.0057008360 0.0075179050 0.0000473045 0.0282997929 0.0000486353 0.0028955051
1403638199.94500 7.906980 -2.248600 2.324245 0.799892 -0.160318 0.559357 0.146939 0.0003637663 0.0000213702 -0.0001271108 0.0000019529 -0.0000074574 0.0000451522 0.0055142677 0.0072270518 0.0000468532 0.0284042485 0.0000488805 0.0028960500
1403638199.99500 7.922830 -2.150650 2.339211 0.800399 -0.158939 0.560065 0.142926 0.0003637917 0.0000194813 -0.0001273982 0.0000017416 -0.0000068106 0.0000453525 0.0053355192 0.0069349064 0.0000463837 0.0285088963 0.0000491956 0.0028966781
1403638200.04500 7.938355 -2.052670 2.352917 0.801101 -0.156423 0.560834 0.138688 0.0003637765 0.0000179413 -0.0001276584 0.0000015844 -0.0000062830 0.0000455390 0.0051634497 0.0066392412 0.0000458727 0.0286128249 0.0000495766 0.0028973282
1403638200.09500 7.954514 -1.954587 2.365755 0.802542 -0.150429 0.560685 0.137585 0.0003633194 0.0000199982 -0.0001279359 0.0000018021 -0.0000070299 0.0000457928 0.0049997834 0.0063428793 0.0000452857 0.0287141725 0.0000500148 0.0028979996
1403638200.14500 7.971306 -1.856746 2.378722 0.803040 -0.142544 0.562198 0.136898 0.0003638107 0.0000228858 -0.0001268536 0.0000021431 -0.0000079693 0.0000449737 0.0048431556 0.0060444402 0.0000446462 0.0288210760 0.0000505153 0.0028986302
1403638200.19501 7.987591 -1.757040 2.392766 0.802232 -0.133471 0.565633 0.136636 0.0003653910 0.0000262811 -0.0001241951 0.0000025961 -0.0000089239 0.0000429530 0.0046941610 0.0057442213 0.0000439000 0.0289298120 0.0000510559 0.0028992588
1403638200.24501 8.004705 -1.656246 2.408076 0.800316 -0.125683 0.571017 0.132804 0.0003680014 0.0000266932 -0.0001206769 0.0000026441 -0.0000087438 0.0000403082 0.0045504607 0.0054365033 0.0000431536 0.0290404153 0.0000516387 0.0028999122
1403638200.29501 8.018864 -1.550597 2.425664 0.799167 -0.116877 0.575239 0.129503 0.0003697730 0.0000280935 -0.0001179333 0.0000028435 -0.0000089507 0.0000383448 0.0044123789 0.0051239608 0.0000420388 0.0291500574 0.0000522299 0.0029002366
1403638200.34501 8.031436 -1.447429 2.443305 0.797948 -0.109170 0.579638 0.124022 0.0003716592 0.0000277695 -0.0001153434 0.0000027855 -0.0000086081 0.0000365252 0.0042762869 0.0047905470 0.0000410513 0.0292390721 0.0000528533 0.0029007502
1403638200.39501 8.044568 -1.343164 2.462844 0.797206 -0.100460 0.582881 0.120915 0.0003728608 0.0000295080 -0.0001131662 0.0000030485 -0.0000089460 0.0000350735 0.0041541380 0.0044649498 0.0000402826 0.0293223723 0.0000535541 0.0029015503
1403638200.44502 8.056455 -1.237513 2.482778 0.798655 -0.091261 0.582668 0.119666 0.0003720050 0.0000330353 -0.0001134685 0.0000036499 -0.0000100680 0.0000353379 0.0040393658 0.0041340328 0.0000394485 0.0294038251 0.0000543397 0.0029022662
1403638200.49502 8.067699 -1.131245 2.505001 0.799511 -0.082910 0.582746 0.119646 0.0003713284 0.0000368798 -0.0001132911 0.0000043822 -0.0000112450 0.0000352933 0.0039326479 0.0037980030 0.0000386619 0.0294817839 0.0000551936 0.0029030408
1403638200.54503 8.076715 -1.022793 2.529292 0.800814 -0.074798 0.582199 0.118943 0.0003702132 0.0000402404 -0.0001137810 0.0000050961 -0.0000123622 0.0000356991 0.0038334147 0.0034567650 0.0000377363 0.0295547499 0.0000560679 0.0029037611
1403638200.59503 8.086515 -0.913025 2.554860 0.802378 -0.067377 0.581418 0.116633 0.0003690759 0.0000422687 -0.0001146975 0.0000055659 -0.0000131317 0.0000363760 0.0037423770 0.0031049626 0.0000368982 0.0296112346 0.0000569871 0.0029047551
1403638200.64503 8.095856 -0.801177 2.581988 0.803218 -0.058139 0.581404 0.115886 0.0003680845 0.0000460077 -0.0001146830 0.0000064798 -0.0000143324 0.0000364638 0.0036608008 0.0027497946 0.0000360414 0.0296760056 0.0000579472 0.0029058374
1403638200.69503 8.106454 -0.686394 2.610380 0.804381 -0.048652 0.580714 0.115653 0.0003665671 0.0000501721 -0.0001150934 0.0000076011 -0.0000157534 0.0000368702 0.0035881462 0.0023864067 0.0000351193 0.0297400975 0.0000589316 0.0029069877
1403638200.74504 8.116942 -0.569542 2.638377 0.806327 -0.042035 0.578990 0.113314 0.0003648385 0.0000517824 -0.0001167911 0.0000080878 -0.0000165788 0.0000381239 0.0035247493 0.0020124844 0.0000342167 0.0298119220 0.0000599427 0.0029082917
1403638200.79504 8.123162 -0.450274 2.663162 0.808241 -0.036800 0.577225 0.110470 0.0003632217 0.0000524907 -0.0001186639 0.0000083264 -0.0000171524 0.0000395075 0.0034713172 0.0016314651 0.0000332385 0.0298782537 0.0000610492 0.0029094383
1403638200.84505 8.130473 -0.329191 2.687603 0.809956 -0.033471 0.575635 0.107219 0.0003620642 0.0000520457 -0.0001203920 0.0000082243 -0.0000173100 0.0000407751 0.0034289036 0.0012399436 0.0000323644 0.0299197008 0.0000622849 0.0029106513
1403638200.89505 8.135191 -0.204925 2.709198 0.811603 -0.032321 0.574241 0.102488 0.0003613205 0.0000497310 -0.0001223298 0.0000075881 -0.0000168401 0.0000421617 0.0033978850 0.0008433511 0.0000316161 0.0299691471 0.0000634279 0.0029118053
1403638200.94505 8.138058 -0.082443 2.731024 0.812139 -0.034850 0.574838 0.093688 0.0003624963 0.0000432631 -0.0001232861 0.0000059053 -0.0000147129 0.0000426754 0.0033790099 0.0004350054 0.0000308093 0.0300033861 0.0000645938 0.0029130689
1403638200.99505 8.141304 0.040612 2.751633 0.812168 -0.037570 0.575837 0.085928 0.0003637468 0.0000372381 -0.0001236633 0.0000045534 -0.0000126545 0.0000427871 0.0033734336 0.0000334977 0.0000299886 0.0300253762 0.0000658046 0.0029143772
1403638201.04504 8.142038 0.164085 2.770873 0.812002 -0.041012 0.576967 0.077974 0.0003649550 0.0000307747 -0.0001238961 0.0000033351 -0.0000104379 0.0000428043 0.0033801729 -0.0003687846 0.0000293010 0.0300482272 0.0000670315 0.0029155927
1403638201.09504 8.141523 0.289038 2.788980 0.811619 -0.042991 0.577951 0.073475 0.0003658009 0.0000270441 -0.0001236841 0.0000027393 -0.0000091315 0.0000425617 0.0033996045 -0.0007708558 0.0000285426 0.0300538205 0.0000682804 0.0029168574
1403638201.14504 8.139653 0.417002 2.804818 0.812132 -0.044666 0.577506 0.070237 0.0003656329 0.0000243070 -0.0001244757 0.0000023550 -0.0000082609 0.0000431175 0.0034316680 -0.0011771869 0.0000279299 0.0300510739 0.0000692996 0.0029180247
1403638201.19504 8.139500 0.543062 2.817798 0.811219 -0.046835 0.578936 0.067553 0.0003666975 0.0000215533 -0.0001236158 0.0000020060 -0.0000072491 0.0000424099 0.0034782381 -0.0015923321 0.0000270177 0.0300405753 0.0000705354 0.0029193550
1403638201.24504 8.139075 0.669758 2.829606 0.810231 -0.049237 0.580429 0.064837 0.0003677559 0.0000186638 -0.0001227079 0.0000016866 -0.0000062085 0.0000416792 0.0035371670 -0.0020012826 0.0000260832 0.0300416802 0.0000717423 0.0029206123
1403638201.29504 8.138569 0.797475 2.839393 0.810763 -0.049965 0.579582 0.065209 0.0003672763 0.0000186021 -0.0001233630 0.0000016820 -0.0000062287 0.0000421714 0.0036094206 -0.0024114204 0.0000251228 0.0300414050 0.0000729338 0.0029218147
1403638201.34504 8.138487 0.923306 2.847560 0.811198 -0.050335 0.578886 0.065688 0.0003668864 0.0000187528 -0.0001238625 0.0000016988 -0.0000063115 0.0000425513 0.0036956232 -0.0028257176 0.0000240835 0.0300413850 0.0000740138 0.0029229715
1403638201.39504 8.136855 1.051995 2.854169 0.811070 -0.049833 0.578877 0.067701 0.0003668482 0.0000202243 -0.0001236818 0.0000018552 -0.0000068002 0.0000424310 0.0037927366 -0.0032332256 0.0000231375 0.0300408413 0.0000750285 0.0029240457
1403638201.44504 8.136369 1.180368 2.857691 0.810440 -0.050855 0.579625 0.068091 0.0003673680 0.0000199321 -0.0001230605 0.0000018218 -0.0000066577 0.0000419527 0.0039063769 -0.0036492223 0.0000220278 0.0300319183 0.0000760848 0.0029251742
1403638201.49504 8.136087 1.307653 2.858973 0.809764 -0.051900 0.580454 0.068273 0.0003679452 0.0000195218 -0.0001223753 0.0000017761 -0.0000064728 0.0000414290 0.0040333995 -0.0040651529 0.0000208331 0.0300340045 0.0000769444 0.0029262739
1403638201.54504 8.135219 1.435847 2.858327 0.808960 -0.051933 0.581388 0.069818 0.0003685243 0.0000204016 -0.0001214700 0.0000018695 -0.0000067048 0.0000407634 0.0041726216 -0.0044773258 0.0000196026 0.0300336316 0.0000776426 0.0029272535
1403638201.59504 8.134390 1.564134 2.855875 0.808150 -0.051993 0.582271 0.071778 0.0003690738 0.0000215306 -0.0001205449 0.0000019961 -0.0000070124 0.0000400951 0.0043262407 -0.0048917716 0.0000183513 0.0300313561 0.0000783950 0.0029282935
1403638201.64504 8.131804 1.692428 2.851264 0.807031 -0.052882 0.583770 0.071530 0.0003700177 0.0000209055 -0.0001193737 0.0000019199 -0.0000067249 0.0000392315 0.0044933012 -0.0053059812 0.0000172499 0.0300238905 0.0000783742 0.0029290671
1403638201.69504 8.129460 1.820376 2.843788 0.806631 -0.054025 0.584229 0.071446 0.0003703639 0.0000202825 -0.0001190174 0.0000018497 -0.0000064976 0.0000389652 0.0046742495 -0.0057194256 0.0000159281 0.0300083880 0.0000789445 0.0029301048
1403638201.74504 8.126644 1.946190 2.833584 0.806550 -0.054931 0.584237 0.071602 0.0003704396 0.0000199574 -0.0001189820 0.0000018126 -0.0000063900 0.0000389338 0.0048677706 -0.0061304352 0.0000147372 0.0299913865 0.0000788311 0.0029310003
1403638201.79504 8.122648 2.074478 2.822532 0.806491 -0.054637 0.584131 0.073336 0.0003703637 0.0000211811 -0.0001188907 0.0000019491 -0.0000067800 0.0000388825 0.0050710625 -0.0065338771 0.0000133486 0.0299725478 0.0000790610 0.0029319390
1403638201.84504 8.115125 2.204613 2.810407 0.805678 -0.056475 0.585387 0.070818 0.0003711745 0.0000186719 -0.0001181815 0.0000016755 -0.0000059248 0.0000383439 0.0052917544 -0.0069450525 0.0000122034 0.0299427145 0.0000783339 0.0029327720
1403638201.89504 8.109836 2.337056 2.797444 0.806521 -0.056038 0.584177 0.071564 0.0003704713 0.0000194181 -0.0001190596 0.0000017547 -0.0000062208 0.0000389787 0.0055302125 -0.0073581497 0.0000107179 0.0298919215 0.0000784153 0.0029339505
1403638201.94504 8.103516 2.470747 2.785795 0.806918 -0.054715 0.583929 0.070113 0.0003702800 0.0000191237 -0.0001193881 0.0000017250 -0.0000061469 0.0000392101 0.0057879644 -0.0077810775 0.0000091749 0.0298553073 0.0000784089 0.0029351372
1403638201.99504 8.096625 2.606179 2.774989 0.807445 -0.051637 0.583764 0.067717 0.0003700367 0.0000190343 -0.0001197541 0.0000017171 -0.0000061422 0.0000394716 0.0060628111 -0.0082059757 0.0000076083 0.0298124488 0.0000781656 0.0029363864
1403638202.04505 8.088472 2.741233 2.764717 0.807852 -0.049382 0.583843 0.063746 0.0003699867 0.0000175718 -0.0001200644 0.0000015734 -0.0000056845 0.0000396782 0.0063559749 -0.0086336277 0.0000060071 0.0297626892 0.0000780514 0.0029378562
1403638202.09505 8.078968 2.876729 2.755556 0.809020 -0.049189 0.582901 0.057393 0.0003693708 0.0000137628 -0.0001214172 0.0000012526 -0.0000045051 0.0000406295 0.0066629544 -0.0090574990 0.0000043952 0.0297095989 0.0000778769 0.0029394031
1403638202.14504 8.068675 3.011164 2.748725 0.811264 -0.048693 0.580360 0.051604 0.0003677379 0.0000105215 -0.0001239310 0.0000010417 -0.0000035263 0.0000424875 0.0069853425 -0.0094803737 0.0000028008 0.0296552516 0.0000777004 0.0029409594
1403638202.19504 8.057309 3.144252 2.743508 0.812886 -0.049010 0.578547 0.045802 0.0003665286 0.0000068490 -0.0001257722 0.0000008695 -0.0000023294 0.0000438824 0.0073196223 -0.0098956625 0.0000012230 0.0295884695 0.0000775784 0.0029425613
1403638202.24504 8.045849 3.276803 2.740829 0.815213 -0.049076 0.575622 0.040969 0.0003645885 0.0000039293 -0.0001283593 0.0000007835 -0.0000013627 0.0000459186 0.0076636351 -0.0103021900 -0.0000002225 0.0295138142 0.0000772498 0.0029440763
1403638202.29504 8.033805 3.406305 2.738881 0.817913 -0.047790 0.572074 0.038281 0.0003622549 0.0000030334 -0.0001312436 0.0000007675 -0.0000010787 0.0000482816 0.0080201193 -0.0107075794 -0.0000017837 0.0294527140 0.0000773337 0.0029457613
1403638202.34504 8.022608 3.535614 2.738976 0.818303 -0.048063 0.571741 0.034387 0.0003619092 0.0000004781 -0.0001317051 0.0000007430 -0.0000001530 0.0000486631 0.0083813171 -0.0111012751 -0.0000032951 0.0293913706 0.0000774715 0.0029474071
1403638202.39504 8.012218 3.662549 2.739562 0.819544 -0.046185 0.570098 0.034667 0.0003608711 0.0000016011 -0.0001329348 0.0000007482 -0.0000005714 0.0000497041 0.0087538958 -0.0114916853 -0.0000047207 0.0293293659 0.0000775857 0.0029490534
1403638202.44504 8.005451 3.785754 2.738149 0.819930 -0.045849 0.569676 0.032876 0.0003605781 0.0000006098 -0.0001332967 0.0000007421 -0.0000002071 0.0000500117 0.0091349953 -0.0118779363 -0.0000062132 0.0292753929 0.0000778309 0.0029507278
1403638202.49504 7.996140 3.909706 2.734895 0.820363 -0.045028 0.569145 0.032419 0.0003602004 0.0000007342 -0.0001337505 0.0000007432 -0.0000002549 0.0000504011 0.0095163580 -0.0122560832 -0.0000077754 0.0292458627 0.0000782873 0.0029524054
1403638202.54504 7.987554 4.031724 2.729601 0.820896 -0.045996 0.568432 0.029992 0.0003596609 -0.0000011742 -0.0001343845 0.0000007462 0.0000004572 0.0000509499 0.0099126730 -0.0126318877 -0.0000093514 0.0291987278 0.0000787383 0.0029541402
1403638202.59504 7.979844 4.152991 2.722246 0.821175 -0.046887 0.568043 0.028277 0.0003593409 -0.0000026237 -0.0001347458 0.0000007623 0.0000010028 0.0000512667 0.0103131612 -0.0130005182 -0.0000109776 0.0291577137 0.0000791789 0.0029559788
1403638202.64504 7.972862 4.271926 2.712995 0.822372 -0.047047 0.566313 0.027931 0.0003582055 -0.0000028205 -0.0001360455 0.0000007662 0.0000010898 0.0000524127 0.0107232577 -0.0133670743 -0.0000126148 0.0291195492 0.0000796485 0.0029578257
1403638202.69504 7.968427 4.389310 2.701778 0.822515 -0.047497 0.566079 0.027703 0.0003580447 -0.0000031686 -0.0001362301 0.0000007716 0.0000012237 0.0000525766 0.0111362140 -0.0137269491 -0.0000141546 0.0290854178 0.0000800723 0.0029595518
1403638202.74504 7.962681 4.508834 2.689763 0.822466 -0.047392 0.566136 0.028182 0.0003581087 -0.0000028236 -0.0001361840 0.0000007667 0.0000010911 0.0000525335 0.0115549928 -0.0140864280 -0.0000157797 0.0290707585 0.0000804915 0.0029612822
1403638202.79504 7.957600 4.624751 2.675405 0.822046 -0.047107 0.566713 0.029290 0.0003585434 -0.0000020306 -0.0001357276 0.0000007570 0.0000007851 0.0000521251 0.0119932539 -0.0144491434 -0.0000174621 0.0290450891 0.0000808401 0.0029630656
1403638202.84504 7.952291 4.741331 2.660531 0.821373 -0.046953 0.567661 0.030049 0.0003591968 -0.0000015377 -0.0001350110 0.0000007532 0.0000005936 0.0000514914 0.0124301340 -0.0148026418 -0.0000191208 0.0290245994 0.0000811519 0.0029647512
1403638202.89503 7.947844 4.856759 2.644904 0.820713 -0.046550 0.568580 0.031301 0.0003598599 -0.0000006226 -0.0001342781 0.0000007491 0.0000002470 0.0000508497 0.0128804584 -0.0151574986 -0.0000208183 0.0290036553 0.0000813942 0.0029664895
1403638202.94503 7.943188 4.970608 2.628950 0.820576 -0.047615 0.568719 0.030778 0.0003599367 -0.0000014208 -0.0001342025 0.0000007551 0.0000005449 0.0000507840 0.0133382924 -0.0155092614 -0.0000225171 0.0289827553 0.0000815748 0.0029682038
1403638202.99503 7.940810 5.080404 2.613475 0.819937 -0.048183 0.569605 0.030526 0.0003605390 -0.0000018848 -0.0001335177 0.0000007600 0.0000007128 0.0000501913 0.0137993999 -0.0158547379 -0.0000240601 0.0289601027 0.0000814591 0.0029697787
1403638203.04503 7.939969 5.189865 2.600268 0.819322 -0.049030 0.570443 0.030039 0.0003610923 -0.0000025989 -0.0001328741 0.0000007688 0.0000009714 0.0000496401 0.0142524373 -0.0161915718 -0.0000257380 0.0289528525 0.0000814882 0.0029712572
1403638203.09503 7.937098 5.299104 2.587923 0.819280 -0.049014 0.570483 0.030432 0.0003611135 -0.0000023693 -0.0001328712 0.0000007670 0.0000008864 0.0000496363 0.0147146359 -0.0165302437 -0.0000273035 0.0289549070 0.0000815929 0.0029729284
1403638203.14503 7.933298 5.407979 2.578607 0.818338 -0.048440 0.571793 0.032085 0.0003620241 -0.0000011273 -0.0001318317 0.0000007565 0.0000004242 0.0000487530 0.0151852891 -0.0168644664 -0.0000289091 0.0289471166 0.0000817287 0.0029746641
1403638203.19503 7.929369 5.515376 2.571125 0.816541 -0.047128 0.574345 0.034167 0.0003637511 0.0000006164 -0.0001297746 0.0000007555 -0.0000002075 0.0000470437 0.0156650349 -0.0171953124 -0.0000305159 0.0289317059 0.0000819055 0.0029764220
1403638203.24503 7.925863 5.620611 2.565377 0.815079 -0.046027 0.576399 0.035948 0.0003651259 0.0000021111 -0.0001280820 0.0000007683 -0.0000007294 0.0000456725 0.0161479605 -0.0175199799 -0.0000320988 0.0289120384 0.0000821038 0.0029782400
1403638203.29503 7.924527 5.717917 2.560930 0.813675 -0.046540 0.578391 0.035088 0.0003663755 0.0000012122 -0.0001265376 0.0000007608 -0.0000004072 0.0000444445 0.0166298874 -0.0178391155 -0.0000336468 0.0288958523 0.0000823918 0.0029799338
1403638203.34503 7.919993 5.821174 2.557244 0.813492 -0.047107 0.578637 0.034502 0.0003664964 0.0000006003 -0.0001264069 0.0000007595 -0.0000001953 0.0000443409 0.0170826334 -0.0181370575 -0.0000350810 0.0288914039 0.0000827688 0.0029816110
1403638203.39503 7.916051 5.920042 2.553365 0.812477 -0.047394 0.580088 0.033648 0.0003673847 -0.0000001451 -0.0001252871 0.0000007602 0.0000000614 0.0000434680 0.0175712730 -0.0184456723 -0.0000366133 0.0288664615 0.0000833074 0.0029834207
1403638203.44503 7.911223 6.020966 2.548074 0.811944 -0.048151 0.580831 0.032617 0.0003678106 -0.0000011745 -0.0001247478 0.0000007658 0.0000004108 0.0000430524 0.0180471872 -0.0187423131 -0.0000380326 0.0288460576 0.0000837390 0.0029851569
1403638203.49503 7.905960 6.120156 2.540521 0.812561 -0.048697 0.579947 0.032177 0.0003672554 -0.0000016473 -0.0001254808 0.0000007715 0.0000005755 0.0000436183 0.0185417819 -0.0190437679 -0.0000394914 0.0288221140 0.0000841358 0.0029870023
1403638203.54503 7.900152 6.218280 2.531897 0.812739 -0.049356 0.579698 0.031142 0.0003670668 -0.0000025727 -0.0001257276 0.0000007843 0.0000008943 0.0000438111 0.0190366508 -0.0193383876 -0.0000409579 0.0287945702 0.0000844902 0.0029889018
1403638203.59503 7.895280 6.315636 2.523028 0.812952 -0.050813 0.579362 0.029425 0.0003667903 -0.0000042955 -0.0001260523 0.0000008183 0.0000014893 0.0000440675 0.0195314533 -0.0196267236 -0.0000421597 0.0287638200 0.0000847389 0.0029907625
1403638203.64503 7.889986 6.410498 2.515460 0.814410 -0.050374 0.577319 0.030013 0.0003655686 -0.0000035986 -0.0001276415 0.0000008051 0.0000012687 0.0000453188 0.0200300964 -0.0199137971 -0.0000435591 0.0287373331 0.0000850313 0.0029927359
1403638203.69503 7.882378 6.506400 2.510648 0.814199 -0.050954 0.577612 0.029098 0.0003657015 -0.0000044216 -0.0001274668 0.0000008249 0.0000015534 0.0000451812 0.0205234185 -0.0201918108 -0.0000449462 0.0287077961 0.0000853202 0.0029946102
1403638203.74503 7.874617 6.602180 2.505720 0.813898 -0.050959 0.578030 0.029241 0.0003659695 -0.0000043850 -0.0001271489 0.0000008261 0.0000015353 0.0000449285 0.0210292123 -0.0204658965 -0.0000463382 0.0286635099 0.0000856322 0.0029965751
1403638203.79503 7.872553 6.692399 2.505125 0.814099 -0.050031 0.577741 0.030924 0.0003659303 -0.0000028910 -0.0001272403 0.0000007923 0.0000010168 0.0000449979 0.0215382305 -0.0207369924 -0.0000488345 0.0286186296 0.0000868090 0.0029980097
1403638203.89503 7.853325 6.873823 2.505968 0.813677 -0.048986 0.578399 0.031364 0.0003663440 -0.0000022025 -0.0001267664 0.0000007872 0.0000007730 0.0000446234 0.0225243876 -0.0212560931 -0.0000519843 0.0285511255 0.0000875075 0.0030020994
1403638203.94503 7.842791 6.963288 2.509359 0.814312 -0.048905 0.577554 0.030593 0.0003657828 -0.0000025790 -0.0001274813 0.0000007928 0.0000009095 0.0000451898 0.0230312766 -0.0215107224 -0.0000534757 0.0285009768 0.0000883559 0.0030038811
1403638203.99503 7.831048 7.050192 2.514453 0.814309 -0.048821 0.577607 0.029775 0.0003657851 -0.0000030448 -0.0001274822 0.0000008011 0.0000010719 0.0000451913 0.0235360476 -0.0217547136 -0.0000549318 0.0284399478 0.0000891800 0.0030057269
1403638204.04503 7.814194 7.135463 2.519445 0.815546 -0.048845 0.575932 0.028298 0.0003646349 -0.0000038922 -0.0001289029 0.0000008175 0.0000013872 0.0000463337 0.0240333452 -0.0219857640 -0.0000565940 0.0283657615 0.0000906558 0.0030071308
1403638204.09503 7.799527 7.219437 2.527701 0.816562 -0.048498 0.574541 0.027889 0.0003637671 -0.0000039092 -0.0001299806 0.0000008194 0.0000014079 0.0000472125 0.0245267761 -0.0221949818 -0.0000579832 0.0282593095 0.0000915431 0.0030088835
1403638204.14503 7.784734 7.300737 2.537613 0.818047 -0.049371 0.572468 0.025336 0.0003623260 -0.0000057778 -0.0001316610 0.0000008717 0.0000021114 0.0000486149 0.0250185336 -0.0224083999 -0.0000591969 0.0281723668 0.0000922357 0.0030108106
1403638204.19503 7.770464 7.381934 2.549049 0.819198 -0.051188 0.570783 0.022386 0.0003610773 -0.0000083428 -0.0001330133 0.0000009748 0.0000030866 0.0000497756 0.0254978526 -0.0226111347 -0.0000603928 0.0280858469 0.0000930280 0.0030127749
1403638204.24503 7.756330 7.461430 2.561575 0.820793 -0.053510 0.568402 0.018821 0.0003592761 -0.0000114544 -0.0001348780 0.0000011498 0.0000043155 0.0000514168 0.0259818170 -0.0228152087 -0.0000616115 0.0280045064 0.0000939552 0.0030147683
1403638204.29503 7.742797 7.537744 2.573791 0.822788 -0.057403 0.565283 0.013437 0.0003567194 -0.0000163515 -0.0001372549 0.0000015369 0.0000063105 0.0000535990 0.0264593475 -0.0230134943 -0.0000627424 0.0279213878 0.0000949495 0.0030166311
1403638204.34503 7.728669 7.611181 2.588181 0.824868 -0.062272 0.561840 0.007162 0.0003537170 -0.0000220885 -0.0001397182 0.0000021704 0.0000087487 0.0000559834 0.0269200393 -0.0232014698 -0.0000638814 0.0278432393 0.0000960284 0.0030185668
1403638204.39503 7.716823 7.681434 2.603592 0.827228 -0.065896 0.557983 0.002724 0.0003505164 -0.0000260946 -0.0001423719 0.0000027367 0.0000106266 0.0000586310 0.0273623794 -0.0233771524 -0.0000651222 0.0277629686 0.0000971119 0.0030205087
1403638204.44503 7.704747 7.751092 2.618121 -0.828186 0.068805 -0.556214 0.000184 0.0003488144 -0.0000289897 -0.0001435389 0.0000032053 0.0000119602 0.0000598745 0.0277872453 -0.0235494370 -0.0000665310 0.0276978490 0.0000987255 0.0030222837
1403638204.49503 7.692256 7.818337 2.631090 -0.828584 0.070404 -0.555419 0.001470 0.0003480079 -0.0000303987 -0.0001440572 0.0000034526 0.0000126160 0.0000604425 0.0282111244 -0.0237182075 -0.0000678082 0.0276292912 0.0001004280 0.0030240652
1403638204.54503 7.681080 7.884239 2.643226 -0.828182 0.071433 -0.555884 0.002130 0.0003482013 -0.0000312639 -0.0001436924 0.0000036069 0.0000129348 0.0000601092 0.0286258781 -0.0238776458 -0.0000688303 0.0275601678 0.0001017560 0.0030259943
1403638204.59504 7.671228 7.948859 2.654113 -0.826735 0.071009 -0.558082 0.003260 0.0003496205 -0.0000319740 -0.0001421250 0.0000037264 0.0000130308 0.0000585855 0.0290365695 -0.0240393086 -0.0000698573 0.0275037259 0.0001030960 0.0030279024
1403638204.64503 7.662084 8.012445 2.662401 -0.826626 0.068653 -0.558535 0.003840 0.0003500522 -0.0000313814 -0.0001418310 0.0000036172 0.0000127467 0.0000582767 0.0294422102 -0.0241985859 -0.0000708728 0.0274511967 0.0001045878 0.0030296950
1403638204.69503 7.649586 8.074534 2.667678 -0.826634 0.063538 -0.559130 0.003560 0.0003508334 -0.0000291159 -0.0001415260 0.0000032207 0.0000117747 0.0000579029 0.0298444767 -0.0243561812 -0.0000720039 0.0273994599 0.0001058635 0.0030312083
1403638204.74503 7.639161 8.132273 2.672366 -0.826941 0.055871 -0.559501 0.002447 0.0003517288 -0.0000252032 -0.0001413686 0.0000026104 0.0000101549 0.0000576319 0.0302402995 -0.0244968216 -0.0000729963 0.0273266342 0.0001067595 0.0030326244
1403638204.79503 7.629406 8.188015 2.674210 -0.827162 0.046374 -0.560046 0.001348 0.0003527113 -0.0000205438 -0.0001411180 0.0000020012 0.0000082395 0.0000572737 0.0306126253 -0.0246334886 -0.0000740691 0.0272719385 0.0001076994 0.0030338490
1403638204.84503 7.620928 8.243462 2.675379 0.826589 -0.033755 0.561792 0.001010 0.0003545884 -0.0000137638 -0.0001399809 0.0000013389 0.0000054462 0.0000560721 0.0309765729 -0.0247651423 -0.0000750232 0.0272146488 0.0001080949 0.0030349783
1403638204.89503 7.613317 8.301381 2.673938 0.825376 -0.019486 0.564243 0.002105 0.0003566512 -0.0000070172 -0.0001382751 0.0000009432 0.0000027257 0.0000544196 0.0313450131 -0.0249029683 -0.0000760494 0.0271698245 0.0001082745 0.0030358853
1403638204.94502 7.605051 8.354076 2.670840 -0.824990 0.005053 -0.565124 0.000473 0.0003573401 -0.0000024053 -0.0001376892 0.0000008218 0.0000009257 0.0000538640 0.0317368534 -0.0250512191 -0.0000769891 0.0271230273 0.0001076719 0.0030365531
1403638204.99502 7.596951 8.406833 2.666720 -0.824330 -0.010204 -0.565994 0.005145 0.0003579890 0.0000012481 -0.0001370023 0.0000008113 -0.0000004845 0.0000532414 0.0320979386 -0.0251824695 -0.0000781340 0.0270780301 0.0001075995 0.0030376171
1403638205.04503 7.591022 8.458532 2.661443 -0.823234 -0.027161 -0.566944 0.011068 0.0003586137 0.0000048991 -0.0001362352 0.0000008758 -0.0000018744 0.0000525668 0.0324619119 -0.0253162898 -0.0000793242 0.0270344948 0.0001077086 0.0030389699
1403638205.09503 7.582739 8.512039 2.654573 -0.822441 -0.044873 -0.566745 0.019454 0.0003585205 0.0000073442 -0.0001362413 0.0000009598 -0.0000028098 0.0000525874 0.0328231710 -0.0254534485 -0.0000808880 0.0269983733 0.0001068442 0.0030397595
1403638205.14503 7.576507 8.567370 2.648993 -0.821330 -0.062586 -0.566140 0.031404 0.0003585161 0.0000075158 -0.0001362533 0.0000009686 -0.0000028798 0.0000526008 0.0332007717 -0.0255845175 -0.0000822480 0.0269482737 0.0001069511 0.0030414747
1403638205.19503 7.570658 8.620924 2.643259 -0.818735 -0.081369 -0.566616 0.044707 0.0003594357 0.0000074200 -0.0001352369 0.0000009656 -0.0000028196 0.0000517028 0.0335942047 -0.0257305728 -0.0000836585 0.0269152014 0.0001070043 0.0030432508
1403638205.24503 7.562575 8.677074 2.642185 -0.816187 -0.101670 -0.565819 0.057881 0.0003596442 0.0000081076 -0.0001349661 0.0000009943 -0.0000030751 0.0000514722 0.0339741480 -0.0258709147 -0.0000849194 0.0268698137 0.0001053093 0.0030436856
1403638205.29503 7.557182 8.733743 2.642402 -0.812410 -0.121529 -0.565665 0.072417 0.0003606736 0.0000078154 -0.0001338184 0.0000009806 -0.0000029361 0.0000504746 0.0343760202 -0.0260109013 -0.0000863436 0.0268253713 0.0001050523 0.0030452758
1403638205.34503 7.552496 8.789439 2.644020 -0.807906 -0.141188 -0.565447 0.087313 0.0003619055 0.0000073581 -0.0001324230 0.0000009600 -0.0000027321 0.0000492809 0.0347847952 -0.0261617706 -0.0000878555 0.0267966450 0.0001047000 0.0030468278
1403638205.39502 7.547764 8.846496 2.648067 -0.802364 -0.161703 -0.565659 0.100473 0.0003633847 0.0000086013 -0.0001306014 0.0000010128 -0.0000031352 0.0000477664 0.0351881581 -0.0263109330 -0.0000894279 0.0267718902 0.0001043448 0.0030483619
1403638205.44502 7.541308 8.903097 2.653875 -0.796615 -0.180489 -0.565873 0.112320 0.0003648240 0.0000100320 -0.0001287587 0.0000010830 -0.0000035879 0.0000462710 0.0356006485 -0.0264624925 -0.0000910197 0.0267454794 0.0001038350 0.0030497532
1403638205.49502 7.534845 8.958757 2.661447 -0.790200 -0.199780 -0.567006 0.119065 0.0003660265 0.0000151159 -0.0001267743 0.0000014293 -0.0000052880 0.0000447352 0.0360113308 -0.0266041538 -0.0000926182 0.0267068301 0.0001032508 0.0030510291
1403638205.54502 7.527086 9.013829 2.671326 -0.784596 -0.216319 -0.567629 0.124148 0.0003665997 0.0000199454 -0.0001253907 0.0000018880 -0.0000068788 0.0000437130 0.0364189699 -0.0267411801 -0.0000940950 0.0266652927 0.0001025834 0.0030519273
1403638205.59502 7.517880 9.068913 2.682653 -0.778513 -0.231258 -0.569558 0.126650 0.0003673607 0.0000259692 -0.0001233133 0.0000026381 -0.0000087779 0.0000422153 0.0368251099 -0.0268678155 -0.0000957734 0.0266117516 0.0001018080 0.0030530760
1403638205.64502 7.508010 9.123641 2.695038 -0.771939 -0.243437 -0.573099 0.128089 0.0003687239 0.0000318646 -0.0001201176 0.0000035551 -0.0000104438 0.0000399472 0.0372373888 -0.0269920509 -0.0000975155 0.0265530505 0.0001009442 0.0030540751
1403638205.69501 7.487172 9.182980 2.709590 -0.765966 -0.253892 -0.576256 0.129471 0.0003696841 0.0000369639 -0.0001173142 0.0000044881 -0.0000117963 0.0000380356 0.0376510131 -0.0271126116 -0.0000974095 0.0264842411 0.0000990828 0.0030532128
1403638205.74501 7.470841 9.239108 2.726219 -0.760922 -0.262701 -0.578473 0.131740 0.0003705443 0.0000405908 -0.0001149083 0.0000052343 -0.0000126536 0.0000364343 0.0381090933 -0.0272047630 -0.0000991389 0.0263512891 0.0000976308 0.0030536841
1403638205.79501 7.453320 9.297356 2.742186 -0.757541 -0.270574 -0.578264 0.136136 0.0003707456 0.0000418491 -0.0001141905 0.0000055059 -0.0000129540 0.0000359654 0.0385444700 -0.0272999962 -0.0001008898 0.0262412403 0.0000962040 0.0030537553
1403638205.84501 7.433480 9.357722 2.759524 -0.754755 -0.278584 -0.576851 0.141348 0.0003705576 0.0000423703 -0.0001142926 0.0000056195 -0.0000131307 0.0000360393 0.0389990470 -0.0273952866 -0.0001024052 0.0261223853 0.0000947428 0.0030533431
1403638205.89500 7.409845 9.416491 2.777071 -0.752845 -0.286968 -0.573766 0.147198 0.0003696661 0.0000421730 -0.0001156632 0.0000055782 -0.0000132548 0.0000369706 0.0394729915 -0.0274883255 -0.0001040941 0.0259928894 0.0000929828 0.0030527169
1403638205.94500 7.384172 9.476509 2.795998 -0.750251 -0.295036 -0.570945 0.155235 0.0003696090 0.0000407248 -0.0001162841 0.0000052448 -0.0000128676 0.0000373572 0.0399425107 -0.0275643424 -0.0001057936 0.0258441036 0.0000911556 0.0030519332
1403638205.99499 7.355790 9.543947 2.814366 -0.748474 -0.302397 -0.566659 0.165047 0.0003694415 0.0000374016 -0.0001176051 0.0000045113 -0.0000119603 0.0000381985 0.0404122123 -0.0276348835 -0.0001029267 0.0256807278 0.0000896001 0.0030489511
1403638206.04499 7.325267 9.606330 2.836481 -0.745803 -0.311238 -0.562955 0.173178 0.0003689762 0.0000360868 -0.0001186820 0.0000042469 -0.0000116572 0.0000389283 0.0409458392 -0.0277095104 -0.0001047490 0.0255032358 0.0000875560 0.0030486887
1403638206.09500 7.290720 9.669383 2.860127 -0.742303 -0.319500 -0.560208 0.181862 0.0003692578 0.0000344865 -0.0001187922 0.0000039291 -0.0000111398 0.0000389617 0.0414415157 -0.0277591076 -0.0001063554 0.0253145470 0.0000856125 0.0030483278
1403638206.14500 7.254607 9.733171 2.885721 -0.738152 -0.327810 -0.558024 0.190475 0.0003699041 0.0000332575 -0.0001182659 0.0000036877 -0.0000106756 0.0000385455 0.0419447440 -0.0277950082 -0.0001070270 0.0251043218 0.0000845269 0.0030470495
1403638206.19500 7.217370 9.797777 2.910705 -0.734205 -0.336048 -0.555694 0.198037 0.0003702286 0.0000324867 -0.0001180474 0.0000035379 -0.0000103983 0.0000383610 0.0424577593 -0.0278267377 -0.0001079792 0.0248893917 0.0000832353 0.0030459616
1403638206.24500 7.181797 9.866296 2.933663 -0.730175 -0.343673 -0.553539 0.205738 0.0003708402 0.0000314814 -0.0001174810 0.0000033448 -0.0000100098 0.0000379234 0.0429779635 -0.0278537607 -0.0001083871 0.0246684371 0.0000819034 0.0030441210
1403638206.29500 7.142860 9.930779 2.954837 -0.726341 -0.349973 -0.551197 0.214780 0.0003717829 0.0000290691 -0.0001167957 0.0000029359 -0.0000091638 0.0000373825 0.0435353924 -0.0278975566 -0.0001099478 0.0244616838 0.0000802984 0.0030430290
1403638206.34500 7.101635 9.995553 2.974455 -0.724216 -0.353040 -0.547328 0.226507 0.0003730779 0.0000230781 -0.0001162908 0.0000020744 -0.0000072234 0.0000369220 0.0440583074 -0.0279163511 -0.0001090406 0.0242342198 0.0000815063 0.0030401300
1403638206.39500 7.058143 10.057781 2.992848 -0.722283 -0.355938 -0.544579 0.234625 0.0003738508 0.0000193351 -0.0001158864 0.0000016415 -0.0000060187 0.0000365822 0.0445842397 -0.0279205251 -0.0001110315 0.0240014989 0.0000802836 0.0030394428
1403638206.44500 7.011581 10.119367 3.011850 -0.720581 -0.357373 -0.542371 0.242653 0.0003749153 0.0000151464 -0.0001149529 0.0000012311 -0.0000046716 0.0000358855 0.0450861736 -0.0279128933 -0.0001075717 0.0237510973 0.0000839298 0.0030349395
1403638206.49500 6.962197 10.175475 3.031737 -0.718491 -0.358615 -0.541581 0.248708 0.0003761204 0.0000124988 -0.0001135056 0.0000010240 -0.0000037957 0.0000348792 0.0455878312 -0.0278825653 -0.0001077768 0.0234917169 0.0000834947 0.0030336273
1403638206.54500 6.904885 10.229635 3.048024 -0.716807 -0.359406 -0.540868 0.253925 0.0003769645 0.0000099010 -0.0001124379 0.0000008263 -0.0000029867 0.0000341352 0.0460274363 -0.0278364305 -0.0000977078 0.0232011615 0.0000937997 0.0030250461
1403638206.59500 6.853940 10.287020 3.062086 -0.715330 -0.360432 -0.540740 0.256889 0.0003778020 0.0000089965 -0.0001112515 0.0000007737 -0.0000026793 0.0000333464 0.0464702297 -0.0277340103 -0.0000983524 0.0228835463 0.0000941505 0.0030244097
1403638206.64500 6.803976 10.344158 3.073447 -0.713785 -0.361247 -0.540754 0.259993 0.0003786264 0.0000079187 -0.0001100821 0.0000007237 -0.0000023283 0.0000325843 0.0469482333 -0.0276661474 -0.0001009310 0.0226091716 0.0000931311 0.0030253734
1403638206.69500 6.751782 10.400802 3.083860 -0.712319 -0.362782 -0.539529 0.264386 0.0003791620 0.0000060564 -0.0001093886 0.0000006519 -0.0000017686 0.0000321297 0.0474253068 -0.0275976583 -0.0001032459 0.0223405358 0.0000921406 0.0030259952
1403638206.74500 6.698272 10.461841 3.091347 -0.710862 -0.367022 -0.537696 0.266181 0.0003786555 0.0000065380 -0.0001101570 0.0000006437 -0.0000019258 0.0000325983 0.0478879754 -0.0275220866 -0.0001004684 0.0220454114 0.0000963988 0.0030232733
1403638206.79500 6.644655 10.516535 3.099058 -0.709652 -0.369672 -0.535393 0.270354 0.0003786157 0.0000049897 -0.0001103250 0.0000005900 -0.0000014758 0.0000326902 0.0484009878 -0.0274477362 -0.0001017656 0.0217606070 0.0000969845 0.0030232197
1403638206.84500 6.590083 10.568891 3.105497 -0.708065 -0.373312 -0.534303 0.271668 0.0003783877 0.0000058011 -0.0001106705 0.0000006081 -0.0000017166 0.0000329024 0.0488610011 -0.0273548073 -0.0001036074 0.0214812710 0.0000971100 0.0030233089
1403638206.89500 6.533231 10.617167 3.112755 -0.706078 -0.375167 -0.533990 0.274879 0.0003790527 0.0000051760 -0.0001096854 0.0000005840 -0.0000015152 0.0000322614 0.0493056223 -0.0272492002 -0.0001052430 0.0211973199 0.0000976579 0.0030230400
1403638206.94500 6.473949 10.662807 3.119452 -0.704204 -0.376160 -0.534135 0.278030 0.0003799331 0.0000043084 -0.0001083428 0.0000005541 -0.0000012438 0.0000314051 0.0497152799 -0.0271216000 -0.0001058247 0.0209026468 0.0000987539 0.0030223493
1403638206.99501 6.394614 10.702193 3.134594 -0.702045 -0.376648 -0.534680 0.281757 0.0003809911 0.0000031287 -0.0001066503 0.0000005076 -0.0000008888 0.0000303502 0.0500819335 -0.0269723156 -0.0000984665 0.0205896968 0.0001003163 0.0030179117
1403638207.04501 6.336010 10.744652 3.136497 -0.700578 -0.377222 -0.535055 0.283920 0.0003818828 0.0000025572 -0.0001052141 0.0000004943 -0.0000007157 0.0000294756 0.0504105704 -0.0267132349 -0.0000993219 0.0201851954 0.0001005638 0.0030179023
1403638207.09501 6.276937 10.785180 3.137629 -0.698512 -0.377949 -0.536672 0.284988 0.0003829068 0.0000032381 -0.0001034906 0.0000004990 -0.0000008841 0.0000284491 0.0507683487 -0.0265545838 -0.0001001998 0.0198920076 0.0001010378 0.0030173955
1403638207.14501 6.215524 10.821592 3.137149 -0.698102 -0.378218 -0.536198 0.286527 0.0003830713 0.0000024713 -0.0001032571 0.0000004811 -0.0000006729 0.0000283009 0.0511100477 -0.0263876435 -0.0001005822 0.0195978076 0.0001022902 0.0030163651
1403638207.19501 6.144950 10.857139 3.138209 -0.696905 -0.378283 -0.536175 0.289383 0.0003837233 0.0000011911 -0.0001021510 0.0000004536 -0.0000003240 0.0000276447 0.0514038290 -0.0261980565 -0.0000949314 0.0192849598 0.0001063461 0.0030113971
1403638207.24501 6.079116 10.889577 3.135004 -0.695256 -0.380640 -0.535785 0.290976 0.0003839682 0.0000015376 -0.0001017427 0.0000004491 -0.0000004123 0.0000274001 0.0517015416 -0.0259613026 -0.0000945469 0.0189372791 0.0001077348 0.0030097765
1403638207.29501 5.997053 10.907311 3.138629 -0.692243 -0.383694 -0.535629 0.294416 0.0003846471 0.0000017234 -0.0001005360 0.0000004367 -0.0000004563 0.0000266991 0.0519641459 -0.0257392071 -0.0000897471 0.0186057895 0.0001126588 0.0030049970
1403638207.34501 5.927884 10.940255 3.130128 -0.689192 -0.386830 -0.534675 0.299164 0.0003854810 0.0000006694 -0.0000990728 0.0000004242 -0.0000001757 0.0000258755 0.0520989981 -0.0254023148 -0.0000891910 0.0182100926 0.0001136036 0.0030035639
1403638207.39502 5.857522 10.971372 3.121381 -0.684645 -0.391580 -0.534469 0.303759 0.0003865218 0.0000012022 -0.0000971781 0.0000004204 -0.0000003044 0.0000248363 0.0523759636 -0.0251608887 -0.0000883247 0.0178820324 0.0001142199 0.0030019696
1403638207.44502 5.783671 11.001250 3.112778 -0.680046 -0.397658 -0.532729 0.309202 0.0003871103 0.0000013968 -0.0000960807 0.0000004129 -0.0000003487 0.0000242412 0.0526304666 -0.0249078522 -0.0000856010 0.0175495790 0.0001158881 0.0029990323
1403638207.49502 5.715127 11.026507 3.102984 -0.674858 -0.404997 -0.530556 0.314731 0.0003875867 0.0000021019 -0.0000951857 0.0000004143 -0.0000005176 0.0000237639 0.0528743902 -0.0246313702 -0.0000853246 0.0172072403 0.0001163806 0.0029977259
1403638207.54502 5.644015 11.046173 3.095942 -0.671741 -0.412162 -0.525372 0.320735 0.0003869319 0.0000010108 -0.0000964670 0.0000004003 -0.0000002526 0.0000244328 0.0530776948 -0.0243691457 -0.0000848367 0.0168950390 0.0001166537 0.0029962774
1403638207.59502 5.573114 11.066551 3.088956 -0.669268 -0.420949 -0.520307 0.322742 0.0003853232 0.0000025256 -0.0000994262 0.0000004099 -0.0000006521 0.0000260343 0.0532290729 -0.0240833924 -0.0000848760 0.0165779917 0.0001168707 0.0029951261
1403638207.64502 5.502392 11.083684 3.083166 -0.669592 -0.426723 -0.512005 0.327727 0.0003831257 -0.0000006182 -0.0001033485 0.0000003907 0.0000001677 0.0000282553 0.0533860617 -0.0237979958 -0.0000851606 0.0162654411 0.0001169070 0.0029941165
1403638207.69503 5.431454 11.097611 3.076888 -0.670406 -0.433621 -0.504242 0.329041 0.0003800495 -0.0000014011 -0.0001084684 0.0000003873 0.0000004005 0.0000313331 0.0535116823 -0.0235100237 -0.0000823273 0.0159608470 0.0001171177 0.0029909335
1403638207.74503 5.360971 11.110513 3.073996 -0.670895 -0.437559 -0.497782 0.332650 0.0003781427 -0.0000040947 -0.0001114298 0.0000004235 0.0000012090 0.0000332114 0.0536207241 -0.0232162329 -0.0000824874 0.0156613091 0.0001166373 0.0029904613
1403638207.79503 5.291039 11.122095 3.073285 -0.671258 -0.441672 -0.492471 0.334381 0.0003761892 -0.0000053215 -0.0001143678 0.0000004523 0.0000016217 0.0000351460 0.0537214395 -0.0229238132 -0.0000829338 0.0153697838 0.0001159396 0.0029902383
1403638207.84502 5.220694 11.134508 3.074166 -0.672816 -0.444912 -0.486623 0.335514 0.0003737268 -0.0000071135 -0.0001178818 0.0000005104 0.0000022495 0.0000375594 0.0538135094 -0.0226309281 -0.0000834725 0.0150838936 0.0001150345 0.0029900123
1403638207.89502 5.151841 11.144763 3.078084 -0.674917 -0.448091 -0.480867 0.335364 0.0003708311 -0.0000083288 -0.0001218484 0.0000005603 0.0000027441 0.0000404154 0.0539159174 -0.0223382399 -0.0000841889 0.0148009879 0.0001141278 0.0029898935
1403638207.94502 5.084384 11.154513 3.083922 -0.676250 -0.450379 -0.476974 0.335174 0.0003688113 -0.0000090501 -0.0001245055 0.0000005923 0.0000030634 0.0000424089 0.0540018617 -0.0220492539 -0.0000843204 0.0145283229 0.0001129196 0.0029892083
1403638207.99501 5.017516 11.163410 3.091507 -0.676416 -0.451913 -0.475687 0.334601 0.0003679859 -0.0000086581 -0.0001256279 0.0000005721 0.0000029648 0.0000432650 0.0540826426 -0.0217649022 -0.0000849507 0.0142655728 0.0001118052 0.0029888410
1403638208.04501 4.952233 11.170458 3.096879 -0.676982 -0.452688 -0.474197 0.334524 0.0003672072 -0.0000090209 -0.0001266212 0.0000005878 0.0000031201 0.0000440363 0.0541511548 -0.0214780730 -0.0000851066 0.0140068550 0.0001105711 0.0029878848
1403638208.09501 4.888658 11.175721 3.101411 -0.675279 -0.452140 -0.476476 0.335468 0.0003687386 -0.0000084962 -0.0001247014 0.0000005601 0.0000028833 0.0000425432 0.0542056716 -0.0211961809 -0.0000854057 0.0137587149 0.0001094418 0.0029874154
1403638208.14500 4.817721 11.187051 3.106980 -0.674725 -0.449845 -0.477392 0.338351 0.0003700897 -0.0000104179 -0.0001227782 0.0000006516 0.0000034652 0.0000410973 0.0542338718 -0.0209122425 -0.0000807097 0.0135157724 0.0001062648 0.0029840732
1403638208.19500 4.754487 11.191346 3.108458 -0.672516 -0.448119 -0.480703 0.340348 0.0003724391 -0.0000104101 -0.0001195918 0.0000006478 0.0000033520 0.0000387630 0.0543299918 -0.0206117434 -0.0000809658 0.0132531588 0.0001053064 0.0029838334
1403638208.24500 4.692715 11.193295 3.107297 -0.671501 -0.447200 -0.483023 0.340276 0.0003735767 -0.0000096765 -0.0001180747 0.0000006062 0.0000030681 0.0000376788 0.0543589199 -0.0203330786 -0.0000813013 0.0130230019 0.0001045459 0.0029836557
1403638208.29500 4.632009 11.194286 3.103887 -0.671443 -0.446611 -0.484000 0.339776 0.0003739144 -0.0000092803 -0.0001176483 0.0000005847 0.0000029300 0.0000373753 0.0543681052 -0.0200555281 -0.0000816293 0.0128002399 0.0001038061 0.0029834909
1403638208.34500 4.573992 11.194016 3.096732 -0.673011 -0.447318 -0.482610 0.337714 0.0003726074 -0.0000088428 -0.0001195496 0.0000005627 0.0000028472 0.0000387154 0.0543687774 -0.0197817173 -0.0000816382 0.0125846820 0.0001030431 0.0029829917
1403638208.44500 4.456326 11.191226 3.080924 -0.675590 -0.449282 -0.479697 0.334087 0.0003700103 -0.0000079047 -0.0001231976 0.0000005188 0.0000026398 0.0000413771 0.0543387265 -0.0192412947 -0.0000801524 0.0121723273 0.0001005878 0.0029813635
1403638208.49500 4.395889 11.188991 3.075247 -0.675833 -0.451012 -0.477597 0.334273 0.0003689913 -0.0000080417 -0.0001245533 0.0000005245 0.0000027228 0.0000424013 0.0543140811 -0.0189765648 -0.0000802594 0.0119754661 0.0000999116 0.0029809328
1403638208.54500 4.333252 11.187481 3.072212 -0.675246 -0.453776 -0.474760 0.335756 0.0003680568 -0.0000086380 -0.0001257459 0.0000005513 0.0000029596 0.0000433195 0.0542862971 -0.0186974900 -0.0000801997 0.0117709547 0.0000991593 0.0029805187
1403638208.59500 4.273564 11.184106 3.069833 -0.673108 -0.458774 -0.472174 0.336904 0.0003672193 -0.0000077489 -0.0001268948 0.0000005119 0.0000026859 0.0000442083 0.0542643824 -0.0184098386 -0.0000804664 0.0115625357 0.0000984064 0.0029803299
1403638208.64501 4.216536 11.179787 3.068465 -0.669880 -0.462991 -0.470273 0.340211 0.0003674788 -0.0000077763 -0.0001265803 0.0000005128 0.0000026866 0.0000439596 0.0542292876 -0.0181343868 -0.0000805311 0.0113675048 0.0000975793 0.0029800498
1403638208.69501 4.158831 11.176511 3.069556 -0.667444 -0.466422 -0.467875 0.343601 0.0003674912 -0.0000084977 -0.0001265349 0.0000005444 0.0000029336 0.0000439258 0.0541875817 -0.0178717979 -0.0000806681 0.0111849615 0.0000967674 0.0029797001
1403638208.74501 4.102761 11.172005 3.072102 -0.665350 -0.469290 -0.465121 0.347474 0.0003674975 -0.0000099090 -0.0001264462 0.0000006152 0.0000034170 0.0000438635 0.0541491525 -0.0176055920 -0.0000809074 0.0110025975 0.0000959834 0.0029794952
1403638208.79501 4.061334 11.162348 3.070992 -0.662808 -0.472559 -0.463375 0.350224 0.0003677266 -0.0000101592 -0.0001261432 0.0000006260 0.0000034904 0.0000436258 0.0540942394 -0.0173464212 -0.0000782120 0.0108281427 0.0000948323 0.0029780353
1403638208.84501 4.008684 11.156257 3.075110 -0.660154 -0.474876 -0.462570 0.353155 0.0003683539 -0.0000103501 -0.0001253425 0.0000006360 0.0000035269 0.0000430051 0.0540027540 -0.0171497377 -0.0000782960 0.0107039109 0.0000941620 0.0029777534
1403638208.89500 3.956128 11.149903 3.077860 -0.657367 -0.478227 -0.462415 0.354034 0.0003687006 -0.0000088948 -0.0001250281 0.0000005598 0.0000030206 0.0000427516 0.0539424269 -0.0169042617 -0.0000784070 0.0105447882 0.0000934644 0.0029776705
1403638208.94501 3.904472 11.143411 3.079564 -0.654966 -0.480525 -0.462180 0.355674 0.0003692340 -0.0000083133 -0.0001243951 0.0000005328 0.0000028048 0.0000422630 0.0538799640 -0.0166585459 -0.0000785947 0.0103878787 0.0000927426 0.0029777521
1403638208.99501 3.854141 11.135551 3.078804 -0.653319 -0.482418 -0.461760 0.356686 0.0003694488 -0.0000078629 -0.0001241661 0.0000005130 0.0000026461 0.0000420848 0.0538122842 -0.0164164736 -0.0000787228 0.0102359119 0.0000919785 0.0029777467
1403638209.04501 3.801766 11.127900 3.077571 -0.652186 -0.483720 -0.461008 0.357966 0.0003695503 -0.0000079862 -0.0001240454 0.0000005173 0.0000026832 0.0000419917 0.0537320875 -0.0161783721 -0.0000784251 0.0100893747 0.0000911032 0.0029774652
1403638209.09501 3.753456 11.118975 3.073556 -0.651552 -0.484679 -0.459686 0.359521 0.0003694919 -0.0000087638 -0.0001240931 0.0000005526 0.0000029458 0.0000420308 0.0536567415 -0.0159316479 -0.0000785155 0.0099390982 0.0000904044 0.0029774594
1403638209.14501 3.708111 11.108437 3.066941 -0.650832 -0.485830 -0.459370 0.359675 0.0003694298 -0.0000083615 -0.0001242238 0.0000005337 0.0000028136 0.0000421259 0.0535674220 -0.0157029569 -0.0000783190 0.0098032657 0.0000896847 0.0029772673
1403638209.19501 3.660795 11.097241 3.059837 -0.650603 -0.486661 -0.458544 0.360019 0.0003691729 -0.0000084676 -0.0001245755 0.0000005386 0.0000028592 0.0000423927 0.0534634261 -0.0154853541 -0.0000783171 0.0096773471 0.0000890655 0.0029771457
1403638209.24501 3.614454 11.085910 3.051535 -0.650366 -0.486786 -0.458172 0.360752 0.0003692556 -0.0000088830 -0.0001244597 0.0000005582 0.0000029960 0.0000423057 0.0533559536 -0.0152591077 -0.0000783077 0.0095479448 0.0000884442 0.0029770537
1403638209.29501 3.567140 11.073486 3.041486 -0.650652 -0.486551 -0.457015 0.362018 0.0003691215 -0.0000101297 -0.0001245611 0.0000006227 0.0000034205 0.0000423901 0.0532495468 -0.0150372564 -0.0000782177 0.0094224840 0.0000878424 0.0029769203
1403638209.34501 3.521205 11.060901 3.029930 -0.651163 -0.486885 -0.455970 0.361968 0.0003685916 -0.0000105313 -0.0001252396 0.0000006459 0.0000035806 0.0000429114 0.0531327176 -0.0148107625 -0.0000781813 0.0092967384 0.0000871908 0.0029767869
1403638209.39501 3.476041 11.048325 3.017307 -0.651101 -0.486354 -0.455618 0.363234 0.0003688477 -0.0000114721 -0.0001248368 0.0000007012 0.0000038844 0.0000426079 0.0530088623 -0.0145902720 -0.0000765432 0.0091750746 0.0000868266 0.0029761035
1403638209.44501 3.430785 11.034996 3.003236 -0.651304 -0.486570 -0.454935 0.363437 0.0003685872 -0.0000118092 -0.0001251639 0.0000007231 0.0000040119 0.0000428604 0.0528913320 -0.0143744356 -0.0000764209 0.0090583579 0.0000861692 0.0029759045
1403638209.49501 3.387138 11.021162 2.987367 -0.650450 -0.485265 -0.456190 0.365135 0.0003698169 -0.0000124480 -0.0001235061 0.0000007643 0.0000041592 0.0000416038 0.0527673686 -0.0141581547 -0.0000763720 0.0089433410 0.0000854886 0.0029757420
1403638209.54501 3.343639 11.006759 2.968822 -0.649273 -0.484712 -0.457802 0.365947 0.0003709137 -0.0000121301 -0.0001220882 0.0000007425 0.0000039946 0.0000405427 0.0526397244 -0.0139480843 -0.0000763182 0.0088334145 0.0000848041 0.0029755502
1403638209.59501 3.300917 10.991637 2.945505 -0.648979 -0.483728 -0.458506 0.366885 0.0003715756 -0.0000126267 -0.0001211561 0.0000007753 0.0000041190 0.0000398609 0.0525036759 -0.0137383017 -0.0000761727 0.0087254609 0.0000840968 0.0029752820
1403638209.64501 3.257580 10.976221 2.917356 -0.649653 -0.483046 -0.458000 0.367225 0.0003714129 -0.0000134137 -0.0001213131 0.0000008313 0.0000043835 0.0000399817 0.0523609879 -0.0135295335 -0.0000760296 0.0086198849 0.0000833927 0.0029751106
1403638209.69501 3.216122 10.959814 2.884279 -0.650606 -0.483005 -0.457327 0.366430 0.0003708078 -0.0000135523 -0.0001221375 0.0000008428 0.0000044662 0.0000405890 0.0522165176 -0.0133200430 -0.0000758570 0.0085152385 0.0000826344 0.0029748845
1403638209.74501 3.175864 10.943184 2.846682 -0.650723 -0.483285 -0.457540 0.365586 0.0003706465 -0.0000129854 -0.0001224331 0.0000008030 0.0000042913 0.0000408026 0.0520630474 -0.0131179289 -0.0000755686 0.0084162322 0.0000819123 0.0029746818
1403638209.79501 3.137914 10.927618 2.803655 -0.649430 -0.484439 -0.459838 0.363467 0.0003711202 -0.0000102789 -0.0001220644 0.0000006329 0.0000033814 0.0000405083 0.0519063396 -0.0129220693 -0.0000747904 0.0083212223 0.0000812920 0.0029742685
1403638209.84501 3.099219 10.910574 2.757968 -0.648760 -0.484947 -0.461104 0.362381 0.0003713927 -0.0000088442 -0.0001218246 0.0000005595 0.0000029010 0.0000403221 0.0517640800 -0.0127364023 -0.0000743774 0.0082321444 0.0000805126 0.0029739679
1403638209.89501 3.060303 10.892468 2.710699 -0.647369 -0.484934 -0.463467 0.361872 0.0003723992 -0.0000073114 -0.0001205647 0.0000004932 0.0000023663 0.0000393941 0.0516009973 -0.0125455414 -0.0000738484 0.0081426398 0.0000797447 0.0029736511
1403638209.94501 3.022576 10.873109 2.660755 -0.645570 -0.484144 -0.466194 0.362639 0.0003739901 -0.0000064772 -0.0001184034 0.0000004630 0.0000020493 0.0000378466 0.0514319734 -0.0123527882 -0.0000733611 0.0080536300 0.0000790480 0.0029735326
1403638209.99501 2.982940 10.852309 2.610777 -0.643476 -0.483330 -0.469136 0.363650 0.0003757346 -0.0000055655 -0.0001159506 0.0000004341 0.0000017152 0.0000361416 0.0512477110 -0.0121651272 -0.0000720672 0.0079678740 0.0000785024 0.0029731372
1403638210.04501 2.946590 10.830874 2.559382 -0.641212 -0.482072 -0.472347 0.365160 0.0003777436 -0.0000049602 -0.0001129971 0.0000004183 0.0000014810 0.0000341602 0.0510520246 -0.0119664212 -0.0000714835 0.0078791664 0.0000778430 0.0029730412
1403638210.09501 2.910886 10.809452 2.509529 -0.639377 -0.480310 -0.475003 0.367249 0.0003796341 -0.0000051454 -0.0001100773 0.0000004245 0.0000014889 0.0000322754 0.0508517635 -0.0117827320 -0.0000708601 0.0077992284 0.0000773003 0.0029729885
1403638210.14501 2.875366 10.786005 2.461068 -0.638114 -0.478640 -0.476688 0.369434 0.0003810849 -0.0000058849 -0.0001077415 0.0000004473 0.0000016607 0.0000308189 0.0506467519 -0.0116011312 -0.0000702193 0.0077216987 0.0000767346 0.0029729455
1403638210.19501 2.839854 10.760362 2.414365 -0.635976 -0.477346 -0.479511 0.371140 0.0003828568 -0.0000055504 -0.0001048493 0.0000004386 0.0000015166 0.0000290717 0.0504182907 -0.0114173846 -0.0000695480 0.0076451439 0.0000761751 0.0029729058
1403638210.24501 2.804980 10.733171 2.368073 -0.636439 -0.476497 -0.478925 0.372191 0.0003829280 -0.0000067525 -0.0001046745 0.0000004785 0.0000018421 0.0000289717 0.0501731751 -0.0112336964 -0.0000686781 0.0075690311 0.0000757660 0.0029727554
1403638210.29501 2.768670 10.703234 2.323779 -0.636430 -0.476665 -0.479043 0.371840 0.0003828788 -0.0000064657 -0.0001047978 0.0000004703 0.0000017657 0.0000290444 0.0499106012 -0.0110506712 -0.0000679891 0.0074958923 0.0000752455 0.0029727231
1403638210.34501 2.732816 10.671975 2.280547 -0.636068 -0.477272 -0.479764 0.370751 0.0003828737 -0.0000053092 -0.0001048885 0.0000004364 0.0000014499 0.0000290959 0.0496263756 -0.0108599212 -0.0000673078 0.0074207978 0.0000747463 0.0029727211
1403638210.39501 2.696516 10.637611 2.236943 -0.637143 -0.476999 -0.478431 0.370978 0.0003823660 -0.0000063419 -0.0001057014 0.0000004697 0.0000017486 0.0000295837 0.0493370778 -0.0106708721 -0.0000666342 0.0073474320 0.0000742421 0.0029727305
1403638210.44501 2.659914 10.601442 2.193062 -0.637193 -0.477325 -0.478412 0.370497 0.0003822204 -0.0000059875 -0.0001059823 0.0000004601 0.0000016552 0.0000297520 0.0490230182 -0.0104797988 -0.0000659411 0.0072751002 0.0000737564 0.0029727710
1403638210.49501 2.622890 10.563751 2.148260 -0.637363 -0.476124 -0.478245 0.371962 0.0003825932 -0.0000073126 -0.0001052931 0.0000005078 0.0000020075 0.0000293440 0.0486941978 -0.0102857493 -0.0000652302 0.0072027493 0.0000732857 0.0029728353
1403638210.54501 2.586008 10.523753 2.102591 -0.637106 -0.476052 -0.478760 0.371834 0.0003827808 -0.0000070157 -0.0001050130 0.0000004984 0.0000019194 0.0000291772 0.0483543870 -0.0100905930 -0.0000645229 0.0071309753 0.0000728190 0.0029729164
1403638210.59501 2.547503 10.482712 2.054877 -0.636891 -0.475609 -0.479416 0.371922 0.0003830819 -0.0000068966 -0.0001045197 0.0000004953 0.0000018760 0.0000288856 0.0479938416 -0.0098954080 -0.0000640280 0.0070594998 0.0000723580 0.0029729303
1403638210.64501 2.510324 10.440748 2.006140 -0.636524 -0.474605 -0.480033 0.373036 0.0003836969 -0.0000075076 -0.0001034396 0.0000005199 0.0000020181 0.0000282553 0.0476260669 -0.0096914662 -0.0000632923 0.0069864407 0.0000718987 0.0029730595
1403638210.69501 2.472311 10.396005 1.957375 -0.637267 -0.473392 -0.479173 0.374412 0.0003837213 -0.0000092305 -0.0001032798 0.0000005970 0.0000024788 0.0000281690 0.0472529001 -0.0094945035 -0.0000625497 0.0069176625 0.0000714292 0.0029731891
1403638210.74501 2.436113 10.350130 1.909815 -0.637116 -0.473302 -0.479535 0.374319 0.0003838595 -0.0000090301 -0.0001030885 0.0000005893 0.0000024193 0.0000280577 0.0468548723 -0.0092926156 -0.0000617955 0.0068487257 0.0000709617 0.0029733417
1403638210.79501 2.400254 10.301661 1.863341 -0.637322 -0.473047 -0.479451 0.374398 0.0003838515 -0.0000092642 -0.0001031097 0.0000006024 0.0000024825 0.0000280714 0.0464474760 -0.0090978697 -0.0000610345 0.0067837620 0.0000705021 0.0029734992
1403638210.84501 2.362424 10.250381 1.819109 -0.638465 -0.473380 -0.478000 0.373885 0.0003830835 -0.0000097579 -0.0001044045 0.0000006291 0.0000026533 0.0000288306 0.0460177340 -0.0089024312 -0.0000602672 0.0067199420 0.0000700603 0.0029736571
1403638210.89501 2.326648 10.198466 1.776809 -0.640447 -0.473587 -0.475069 0.373967 0.0003818059 -0.0000113855 -0.0001064055 0.0000007220 0.0000031671 0.0000300335 0.0455809434 -0.0087023661 -0.0000594476 0.0066551633 0.0000696243 0.0029738588
1403638210.94501 2.291948 10.145077 1.737075 -0.642098 -0.475251 -0.472931 0.371728 0.0003801879 -0.0000108966 -0.0001091073 0.0000006966 0.0000031209 0.0000316946 0.0451377221 -0.0085130984 -0.0000586201 0.0065955534 0.0000692286 0.0029740555
1403638210.99501 2.257038 10.089547 1.699020 -0.643855 -0.475755 -0.470242 0.371457 0.0003788713 -0.0000120806 -0.0001110811 0.0000007714 0.0000035358 0.0000329534 0.0446796959 -0.0083251261 -0.0000578027 0.0065374846 0.0000688560 0.0029742586
1403638211.04501 2.223265 10.032151 1.663532 -0.645287 -0.476471 -0.468040 0.370834 0.0003776579 -0.0000127277 -0.0001128973 0.0000008170 0.0000037987 0.0000341380 0.0442072291 -0.0081364555 -0.0000569706 0.0064802069 0.0000685135 0.0029744800
1403638211.09501 2.189881 9.974557 1.630695 -0.646680 -0.477417 -0.465971 0.369796 0.0003763649 -0.0000130184 -0.0001148270 0.0000008402 0.0000039656 0.0000354245 0.0437342634 -0.0079556726 -0.0000561563 0.0064264663 0.0000681972 0.0029747028
1403638211.14501 2.156088 9.916639 1.600182 -0.648000 -0.478219 -0.463864 0.369097 0.0003751441 -0.0000135262 -0.0001165796 0.0000008795 0.0000041970 0.0000366223 0.0432612053 -0.0077782676 -0.0000553935 0.0063744020 0.0000679009 0.0029749303
1403638211.19501 2.124840 9.860130 1.570214 -0.649537 -0.478301 -0.461474 0.369285 0.0003740033 -0.0000149148 -0.0001180643 0.0000009882 0.0000047021 0.0000376665 0.0427879568 -0.0076012140 -0.0000549972 0.0063222105 0.0000675565 0.0029750557
1403638211.24501 2.094026 9.802140 1.542899 -0.650020 -0.478954 -0.460732 0.368514 0.0003734270 -0.0000146896 -0.0001189291 0.0000009733 0.0000046720 0.0000382752 0.0423344305 -0.0074377108 -0.0000542124 0.0062758715 0.0000673686 0.0029753431
1403638211.29501 2.064826 9.744140 1.517682 -0.650673 -0.478946 -0.460535 0.367618 0.0003730287 -0.0000144961 -0.0001195324 0.0000009609 0.0000046385 0.0000387033 0.0418721088 -0.0072766096 -0.0000534523 0.0062310762 0.0000672019 0.0029756366
1403638211.34501 2.037397 9.686245 1.493754 -0.652160 -0.477741 -0.460684 0.366361 0.0003726275 -0.0000146560 -0.0001200915 0.0000009761 0.0000047168 0.0000391060 0.0414056166 -0.0071226767 -0.0000527244 0.0061892744 0.0000670373 0.0029759213
1403638211.39501 2.009932 9.626488 1.468809 -0.653847 -0.475075 -0.462614 0.364384 0.0003728345 -0.0000143781 -0.0001198583 0.0000009563 0.0000046156 0.0000389355 0.0409410225 -0.0069762747 -0.0000520268 0.0061505126 0.0000669138 0.0029762106
1403638211.44501 1.980570 9.563958 1.441357 -0.657359 -0.471551 -0.463325 0.361731 0.0003721416 -0.0000150159 -0.0001207493 0.0000010100 0.0000048659 0.0000395851 0.0404633922 -0.0068292458 -0.0000516546 0.0061113090 0.0000667246 0.0029763635
1403638211.49501 1.953932 9.502272 1.413446 -0.660576 -0.466990 -0.465707 0.358715 0.0003721699 -0.0000151554 -0.0001207116 0.0000010235 0.0000049096 0.0000395587 0.0399688677 -0.0066741920 -0.0000509614 0.0060707661 0.0000665939 0.0029766876
1403638211.54502 1.928387 9.439399 1.384348 -0.664743 -0.461589 -0.467749 0.355335 0.0003718664 -0.0000157940 -0.0001210641 0.0000010796 0.0000051364 0.0000398212 0.0394831617 -0.0065307480 -0.0000502539 0.0060343715 0.0000664999 0.0029770016
1403638211.59502 1.903035 9.375945 1.353132 -0.669596 -0.454124 -0.470078 0.352759 0.0003718910 -0.0000177021 -0.0001207833 0.0000012541 0.0000057449 0.0000396367 0.0389953072 -0.0063938265 -0.0000495433 0.0060005203 0.0000664187 0.0029773064
1403638211.64502 1.878682 9.311112 1.320350 -0.674489 -0.445957 -0.473180 0.349696 0.0003721303 -0.0000193654 -0.0001202152 0.0000014218 0.0000062526 0.0000392442 0.0385024443 -0.0062575600 -0.0000488160 0.0059672290 0.0000663426 0.0029776286
1403638211.69502 1.854890 9.244795 1.285889 -0.679961 -0.436515 -0.476988 0.345816 0.0003724306 -0.0000210097 -0.0001195387 0.0000016020 0.0000067415 0.0000387777 0.0380006301 -0.0061258467 -0.0000480730 0.0059358987 0.0000662795 0.0029779481
1403638211.74502 1.832497 9.178108 1.250539 -0.686879 -0.427075 -0.479418 0.340532 0.0003715722 -0.0000227312 -0.0001204282 0.0000018102 0.0000073669 0.0000394425 0.0374992765 -0.0059979142 -0.0000473141 0.0059059723 0.0000662209 0.0029782782
1403638211.79502 1.813602 9.110259 1.215734 -0.693979 -0.416033 -0.482497 0.335421 0.0003710341 -0.0000249631 -0.0001207363 0.0000021019 0.0000081248 0.0000397003 0.0369910097 -0.0058762259 -0.0000468128 0.0058771954 0.0000660819 0.0029784677
1403638211.84502 1.793666 9.041716 1.180254 -0.701904 -0.404258 -0.484147 0.330919 0.0003698154 -0.0000284617 -0.0001216347 0.0000026161 0.0000093654 0.0000404205 0.0364814675 -0.0057666893 -0.0000459825 0.0058540198 0.0000660733 0.0029787751
1403638211.89502 1.775496 8.973408 1.145615 -0.708514 -0.392990 -0.487571 0.325333 0.0003693631 -0.0000302716 -0.0001218222 0.0000029094 0.0000099902 0.0000405943 0.0359735783 -0.0056568253 -0.0000451794 0.0058306165 0.0000660640 0.0029790569
1403638211.94502 1.758722 8.902930 1.112784 -0.714758 -0.382135 -0.491505 0.318616 0.0003689897 -0.0000310568 -0.0001221406 0.0000030452 0.0000102880 0.0000408469 0.0354650464 -0.0055531081 -0.0000442953 0.0058095006 0.0000661410 0.0029793674
1403638211.99502 1.743002 8.831275 1.081979 -0.720916 -0.371667 -0.494877 0.311834 0.0003683847 -0.0000317807 -0.0001227736 0.0000031756 0.0000106013 0.0000413359 0.0349458874 -0.0054535186 -0.0000433396 0.0057901391 0.0000662766 0.0029797063
1403638212.04502 1.728071 8.757948 1.052484 -0.726352 -0.361303 -0.498650 0.305320 0.0003681357 -0.0000323575 -0.0001229642 0.0000032802 0.0000108194 0.0000414920 0.0344225006 -0.0053585550 -0.0000425231 0.0057717403 0.0000663495 0.0029798991
1403638212.09502 1.715499 8.684606 1.026284 -0.731099 -0.352009 -0.503288 0.297129 0.0003682078 -0.0000311676 -0.0001231921 0.0000030765 0.0000104403 0.0000416378 0.0338937596 -0.0052673908 -0.0000415415 0.0057554704 0.0000666459 0.0029801920
1403638212.14502 1.704702 8.611752 1.002318 -0.735577 -0.343069 -0.507731 0.288858 0.0003682646 -0.0000297784 -0.0001234757 0.0000028483 0.0000099980 0.0000418233 0.0333708799 -0.0051841849 -0.0000404942 0.0057418199 0.0000670386 0.0029805309
1403638212.19502 1.691500 8.533492 0.980457 -0.739141 -0.334356 -0.513340 0.279925 0.0003689520 -0.0000275053 -0.0001230921 0.0000024916 0.0000091907 0.0000414896 0.0328508379 -0.0051078832 -0.0000403287 0.0057278269 0.0000673196 0.0029800102
1403638212.24502 1.681277 8.458662 0.960683 -0.743732 -0.324589 -0.517244 0.271964 0.0003688834 -0.0000267783 -0.0001233564 0.0000023869 0.0000089702 0.0000416754 0.0322971427 -0.0050168680 -0.0000392492 0.0057122985 0.0000678080 0.0029803942
1403638212.29502 1.671337 8.382796 0.944563 -0.747680 -0.315066 -0.521384 0.264324 0.0003691191 -0.0000259904 -0.0001232273 0.0000022748 0.0000086931 0.0000415640 0.0317731632 -0.0049383962 -0.0000381661 0.0057002506 0.0000683694 0.0029807784
1403638212.34502 1.661351 8.305361 0.929572 -0.752229 -0.305951 -0.524267 0.256300 0.0003686315 -0.0000252164 -0.0001240401 0.0000021712 0.0000085026 0.0000421654 0.0312503651 -0.0048624355 -0.0000371318 0.0056888657 0.0000689502 0.0029810788
1403638212.39502 1.652510 8.228634 0.915855 -0.755136 -0.297001 -0.529452 0.247469 0.0003694432 -0.0000230841 -0.0001233980 0.0000018892 0.0000077282 0.0000416439 0.0307248985 -0.0047883860 -0.0000361112 0.0056781782 0.0000695941 0.0029812884
1403638212.44502 1.644151 8.151135 0.903951 -0.759463 -0.287498 -0.532155 0.239525 0.0003690003 -0.0000225383 -0.0001240927 0.0000018246 0.0000075984 0.0000421610 0.0302072332 -0.0047167101 -0.0000349985 0.0056685952 0.0000703582 0.0029815652
1403638212.49502 1.635007 8.071798 0.894364 -0.762387 -0.276678 -0.536486 0.233236 0.0003698304 -0.0000229496 -0.0001229318 0.0000018731 0.0000076483 0.0000412920 0.0296851503 -0.0046447421 -0.0000338681 0.0056591671 0.0000711544 0.0029818514
1403638212.54502 1.625384 7.991158 0.885295 -0.766655 -0.265724 -0.538518 0.227222 0.0003693609 -0.0000242906 -0.0001233078 0.0000020473 0.0000081304 0.0000415956 0.0291575625 -0.0045691383 -0.0000327638 0.0056486651 0.0000719606 0.0029820605
1403638212.59502 1.616608 7.910223 0.877626 -0.770400 -0.256129 -0.541264 0.218894 0.0003690837 -0.0000234228 -0.0001238511 0.0000019367 0.0000078817 0.0000419914 0.0286303715 -0.0044940994 -0.0000316094 0.0056386909 0.0000728728 0.0029822499
1403638212.64502 1.606490 7.827052 0.870525 -0.774561 -0.244575 -0.543036 0.212957 0.0003685338 -0.0000250866 -0.0001242547 0.0000021582 0.0000084813 0.0000423255 0.0281033332 -0.0044190638 -0.0000305651 0.0056285582 0.0000737282 0.0029822453
1403638212.69502 1.597906 7.743923 0.866407 -0.778153 -0.234530 -0.545445 0.204849 0.0003681990 -0.0000245422 -0.0001248080 0.0000020862 0.0000083427 0.0000427386 0.0275690595 -0.0043403711 -0.0000293705 0.0056178579 0.0000747493 0.0029823261
1403638212.74502 1.589572 7.659752 0.864272 -0.782163 -0.225266 -0.547219 0.195007 0.0003673505 -0.0000227798 -0.0001262399 0.0000018626 0.0000078522 0.0000438162 0.0270404691 -0.0042664893 -0.0000281380 0.0056089213 0.0000759008 0.0029823796
1403638212.79502 1.579648 7.574274 0.860213 -0.784634 -0.213533 -0.550875 0.187858 0.0003679661 -0.0000231298 -0.0001253773 0.0000019020 0.0000079047 0.0000431510 0.0265136832 -0.0041961417 -0.0000281156 0.0055994430 0.0000761424 0.0029807165
1403638212.84503 1.572918 7.494055 0.856702 -0.788114 -0.201944 -0.553022 0.179617 0.0003675725 -0.0000231661 -0.0001258049 0.0000019013 0.0000079528 0.0000434844 0.0259793931 -0.0041197199 -0.0000290584 0.0055865334 0.0000766947 0.0029762842
1403638212.89503 1.566461 7.408362 0.858888 -0.791841 -0.189324 -0.554367 0.172689 0.0003668635 -0.0000246894 -0.0001264273 0.0000021028 0.0000085338 0.0000439961 0.0254892730 -0.0040554015 -0.0000278847 0.0055801363 0.0000779078 0.0029762123
1403638212.94503 1.560351 7.321863 0.862578 -0.794681 -0.177494 -0.556899 0.163830 0.0003668233 -0.0000243442 -0.0001265534 0.0000020567 0.0000084248 0.0000440879 0.0249699551 -0.0039897531 -0.0000265729 0.0055746069 0.0000792613 0.0029762767
1403638212.99503 1.555327 7.235766 0.868897 -0.798462 -0.165412 -0.557805 0.154760 0.0003658403 -0.0000242636 -0.0001278254 0.0000020502 0.0000085049 0.0000450917 0.0244542587 -0.0039262987 -0.0000252431 0.0055710880 0.0000807983 0.0029763145
1403638213.04503 1.550091 7.149170 0.876932 -0.801039 -0.152391 -0.560140 0.146140 0.0003658308 -0.0000246116 -0.0001277922 0.0000020962 0.0000086254 0.0000450707 0.0239464061 -0.0038663287 -0.0000242419 0.0055688184 0.0000821619 0.0029759105
1403638213.09503 1.544687 7.061865 0.886144 -0.804200 -0.139155 -0.561150 0.137870 0.0003650654 -0.0000254509 -0.0001285993 0.0000022151 0.0000089952 0.0000457334 0.0234436172 -0.0038049772 -0.0000230899 0.0055664525 0.0000837317 0.0029758066
1403638213.14503 1.539667 6.974181 0.894935 -0.807683 -0.124941 -0.561212 0.130687 0.0003637582 -0.0000274290 -0.0001298208 0.0000025108 0.0000098210 0.0000467682 0.0229435577 -0.0037427066 -0.0000216758 0.0055643649 0.0000856339 0.0029763083
1403638213.19503 1.534174 6.885204 0.901576 -0.812121 -0.110852 -0.559422 0.123361 0.0003612787 -0.0000294521 -0.0001323620 0.0000028451 0.0000108247 0.0000489346 0.0224462981 -0.0036822256 -0.0000205061 0.0055628132 0.0000872813 0.0029765102
1403638213.24503 1.530010 6.796730 0.907933 -0.817339 -0.096045 -0.555888 0.117133 0.0003576256 -0.0000325014 -0.0001358553 0.0000034002 0.0000123844 0.0000520560 0.0219488863 -0.0036205303 -0.0000190995 0.0055617808 0.0000893001 0.0029770480
1403638213.29502 1.533857 6.710891 0.930014 -0.822295 -0.081075 -0.551991 0.112088 0.0003537863 -0.0000360593 -0.0001390982 0.0000040967 0.0000142131 0.0000551329 0.0214572293 -0.0035684681 -0.0000240153 0.0055564076 0.0000846987 0.0029619215
1403638213.34502 1.533152 6.621972 0.934649 -0.827437 -0.065626 -0.547378 0.106860 0.0003489928 -0.0000397373 -0.0001430568 0.0000049428 0.0000163263 0.0000590875 0.0209925232 -0.0035387156 -0.0000235852 0.0055654057 0.0000850584 0.0029595066
1403638213.39502 1.534663 6.532823 0.938267 -0.831310 -0.049793 -0.544099 0.101987 0.0003451707 -0.0000434226 -0.0001457373 0.0000058763 0.0000183725 0.0000619798 0.0205133626 -0.0034941801 -0.0000234473 0.0055690141 0.0000848918 0.0029567201
1403638213.44502 1.537276 6.441664 0.939345 -0.834779 -0.033898 -0.540758 0.097855 0.0003411592 -0.0000474327 -0.0001482478 0.0000070033 0.0000206519 0.0000648617 0.0200378340 -0.0034558604 -0.0000234778 0.0055743206 0.0000842580 0.0029537445
1403638213.49502 1.542677 6.349434 0.939783 -0.836345 -0.018619 -0.539929 0.093043 0.0003390438 -0.0000505175 -0.0001491400 0.0000079300 0.0000222647 0.0000660391 0.0195560096 -0.0034189973 -0.0000233104 0.0055824851 0.0000843314 0.0029507333
1403638213.54502 1.549271 6.255228 0.939130 -0.837058 -0.005930 -0.540232 0.086296 0.0003381918 -0.0000514097 -0.0001496063 0.0000082137 0.0000227850 0.0000666105 0.0190754158 -0.0033886529 -0.0000226919 0.0055944374 0.0000848168 0.0029487039
1403638213.59502 1.561011 6.161952 0.940388 -0.834738 0.001969 -0.545370 0.076027 0.0003417766 -0.0000482980 -0.0001474377 0.0000072111 0.0000208718 0.0000640160 0.0185911804 -0.0033621160 -0.0000232324 0.0056040930 0.0000828300 0.0029443809
1403638213.64502 1.571768 6.063825 0.937891 -0.830702 0.006121 -0.553004 0.063904 0.0003475651 -0.0000426541 -0.0001437179 0.0000056147 0.0000176700 0.0000598288 0.0181226653 -0.0033452147 -0.0000225212 0.0056227816 0.0000835459 0.0029425033
1403638213.69502 1.585086 5.967417 0.937187 -0.826260 0.008741 -0.560705 0.053180 0.0003534321 -0.0000371535 -0.0001393086 0.0000042795 0.0000146741 0.0000552979 0.0176392772 -0.0033209686 -0.0000219147 0.0056390702 0.0000841016 0.0029404812
1403638213.74502 1.599216 5.869654 0.937401 -0.822309 0.009415 -0.567355 0.042749 0.0003584931 -0.0000310228 -0.0001353345 0.0000030516 0.0000117394 0.0000514666 0.0171732485 -0.0033020560 -0.0000212984 0.0056586876 0.0000849655 0.0029385005
1403638213.79502 1.613625 5.771296 0.937409 -0.819386 0.009786 -0.572148 0.034018 0.0003620619 -0.0000257739 -0.0001323611 0.0000021945 0.0000094492 0.0000487555 0.0167103077 -0.0032838742 -0.0000207724 0.0056792483 0.0000855987 0.0029363975
1403638213.84502 1.627333 5.671358 0.937732 -0.817492 0.009734 -0.575223 0.027022 0.0003643602 -0.0000214024 -0.0001304262 0.0000016121 0.0000076864 0.0000470481 0.0162535582 -0.0032643552 -0.0000201345 0.0057002615 0.0000862161 0.0029346185
1403638213.89503 1.641244 5.573582 0.941009 -0.816361 0.010373 -0.576973 0.023421 0.0003656242 -0.0000194735 -0.0001292084 0.0000013859 0.0000069071 0.0000460163 0.0157983321 -0.0032405566 -0.0000195026 0.0057205137 0.0000867238 0.0029328724
1403638213.94503 1.655198 5.476027 0.945888 -0.816624 0.009315 -0.576795 0.018596 0.0003657749 -0.0000159762 -0.0001295286 0.0000010420 0.0000056818 0.0000462201 0.0153608813 -0.0032159181 -0.0000187399 0.0057415547 0.0000873395 0.0029312763
1403638213.99503 1.668773 5.380261 0.953532 -0.817014 0.010074 -0.576226 0.018701 0.0003654233 -0.0000164107 -0.0001299324 0.0000010756 0.0000058589 0.0000465472 0.0149345976 -0.0031897958 -0.0000181101 0.0057619031 0.0000873973 0.0029294684
1403638214.04503 1.682173 5.284680 0.960184 -0.819361 0.008956 -0.572959 0.016882 0.0003634026 -0.0000147293 -0.0001325899 0.0000009290 0.0000053974 0.0000487209 0.0145232037 -0.0031640107 -0.0000176911 0.0057808862 0.0000867578 0.0029274918
1403638214.09503 1.694500 5.187527 0.967796 -0.822792 0.007701 -0.568072 0.015718 0.0003602932 -0.0000133601 -0.0001363543 0.0000008232 0.0000050791 0.0000519489 0.0141209802 -0.0031364306 -0.0000170599 0.0058024570 0.0000866677 0.0029261110
1403638214.14503 1.706277 5.090125 0.976707 -0.825733 0.006742 -0.563795 0.015959 0.0003574388 -0.0000130795 -0.0001395603 0.0000008008 0.0000051294 0.0000548364 0.0137199519 -0.0031059661 -0.0000165340 0.0058225579 0.0000860829 0.0029246132
1403638214.19503 1.718842 4.993187 0.986210 -0.829552 0.004931 -0.558176 0.016101 0.0003536647 -0.0000123383 -0.0001436248 0.0000007468 0.0000050327 0.0000586738 0.0133262558 -0.0030733479 -0.0000159600 0.0058431074 0.0000855444 0.0029231600
1403638214.24503 1.732611 4.896230 0.994695 -0.832102 0.003196 -0.554365 0.016582 0.0003510383 -0.0000118896 -0.0001463250 0.0000007078 0.0000049763 0.0000613385 0.0129408721 -0.0030448201 -0.0000159732 0.0058585399 0.0000827944 0.0029209488
1403638214.29503 1.746914 4.799566 1.001389 -0.834638 0.001670 -0.550512 0.017702 0.0003483495 -0.0000119135 -0.0001489545 0.0000007090 0.0000051143 0.0000640386 0.0125632241 -0.0030132158 -0.0000153325 0.0058812408 0.0000822764 0.0029198854
1403638214.34503 1.763052 4.702925 1.006080 -0.836565 -0.000194 -0.547551 0.018607 0.0003462619 -0.0000117038 -0.0001509532 0.0000006934 0.0000051220 0.0000661536 0.0121941394 -0.0029849565 -0.0000147105 0.0059068092 0.0000816495 0.0029188415
1403638214.39503 1.780366 4.606610 1.009189 -0.837858 -0.002539 -0.545552 0.019007 0.0003448912 -0.0000109905 -0.0001522847 0.0000006444 0.0000048720 0.0000675856 0.0118319599 -0.0029580627 -0.0000141227 0.0059344274 0.0000810464 0.0029179303
1403638214.44503 1.800682 4.510667 1.011172 -0.837869 -0.004906 -0.545493 0.019709 0.0003449296 -0.0000104599 -0.0001523019 0.0000006063 0.0000046371 0.0000675906 0.0114788508 -0.0029340790 -0.0000137650 0.0059606755 0.0000797215 0.0029168869
1403638214.49503 1.821267 4.415684 1.012491 -0.835642 -0.007133 -0.548847 0.020444 0.0003474204 -0.0000099925 -0.0001500502 0.0000005731 0.0000043340 0.0000651452 0.0111345173 -0.0029127227 -0.0000132270 0.0059943657 0.0000791133 0.0029161310
1403638214.54503 1.842421 4.320600 1.012433 -0.832465 -0.008972 -0.553597 0.021285 0.0003508573 -0.0000097153 -0.0001467835 0.0000005517 0.0000040824 0.0000617428 0.0108017076 -0.0028900686 -0.0000127334 0.0060283406 0.0000784907 0.0029154954
1403638214.59503 1.864047 4.224862 1.010113 -0.829225 -0.010925 -0.558388 0.021654 0.0003542398 -0.0000090664 -0.0001434388 0.0000005106 0.0000036886 0.0000584125 0.0104755789 -0.0028670781 -0.0000123237 0.0060632605 0.0000777594 0.0029148535
1403638214.64503 1.886934 4.130478 1.007725 -0.825846 -0.012446 -0.563297 0.022816 0.0003576846 -0.0000090879 -0.0001398213 0.0000005066 0.0000035698 0.0000549850 0.0101551557 -0.0028414077 -0.0000119078 0.0060986275 0.0000770980 0.0029143851
1403638214.69503 1.910176 4.036517 1.004433 -0.822521 -0.014242 -0.568070 0.023513 0.0003609420 -0.0000086717 -0.0001362625 0.0000004816 0.0000032905 0.0000517667 0.0098460682 -0.0028165099 -0.0000115056 0.0061355368 0.0000764600 0.0029140120
1403638214.74503 1.932194 3.940755 0.998825 -0.819332 -0.015884 -0.572580 0.024387 0.0003639169 -0.0000084360 -0.0001328460 0.0000004644 0.0000030949 0.0000488151 0.0095455917 -0.0027923129 -0.0000113914 0.0061637248 0.0000748500 0.0029134384
1403638214.79503 1.955031 3.848837 0.992649 -0.817156 -0.017288 -0.575592 0.025518 0.0003659284 -0.0000084828 -0.0001304438 0.0000004639 0.0000030391 0.0000468188 0.0092468714 -0.0027607094 -0.0000110112 0.0061991857 0.0000743469 0.0029133321
1403638214.84503 1.978426 3.760697 0.986630 -0.815228 -0.018810 -0.578247 0.026080 0.0003677020 -0.0000080866 -0.0001282909 0.0000004425 0.0000028359 0.0000450774 0.0089674605 -0.0027322583 -0.0000107595 0.0062305424 0.0000733415 0.0029131404
1403638214.89503 2.000255 3.670578 0.978668 -0.814044 -0.020026 -0.579845 0.026678 0.0003687160 -0.0000078839 -0.0001270410 0.0000004320 0.0000027307 0.0000440880 0.0087061655 -0.0027049219 -0.0000104073 0.0062680163 0.0000729046 0.0029131389
1403638214.94503 2.021475 3.579779 0.969355 -0.812671 -0.021040 -0.581712 0.027096 0.0003699081 -0.0000076294 -0.0001255412 0.0000004198 0.0000026036 0.0000429220 0.0084457982 -0.0026727044 -0.0000100422 0.0063038891 0.0000725403 0.0029131689
1403638214.99503 2.041986 3.489370 0.958891 -0.812174 -0.021724 -0.582354 0.027681 0.0003703317 -0.0000076762 -0.0001250060 0.0000004205 0.0000026056 0.0000425110 0.0081902715 -0.0026373077 -0.0000096645 0.0063387724 0.0000722537 0.0029132239
1403638215.04502 2.062071 3.397604 0.947747 -0.811846 -0.022177 -0.582762 0.028310 0.0003706096 -0.0000078564 -0.0001246476 0.0000004268 0.0000026570 0.0000422372 0.0079422438 -0.0026006714 -0.0000093020 0.0063700309 0.0000719251 0.0029132516
1403638215.09502 2.082175 3.310476 0.935951 -0.811985 -0.023546 -0.582556 0.027462 0.0003705374 -0.0000067033 -0.0001248281 0.0000003805 0.0000022729 0.0000423670 0.0076972329 -0.0025599239 -0.0000089196 0.0064035909 0.0000717559 0.0029133466
1403638215.14502 2.100032 3.220393 0.921551 -0.812061 -0.023918 -0.582423 0.027703 0.0003704418 -0.0000066963 -0.0001249617 0.0000003773 0.0000022738 0.0000424661 0.0074709347 -0.0025231637 -0.0000088663 0.0064245783 0.0000712038 0.0029130620
1403638215.19502 2.118131 3.134896 0.907029 -0.813181 -0.024530 -0.580856 0.027206 0.0003695052 -0.0000061700 -0.0001262238 0.0000003586 0.0000021227 0.0000434318 0.0072435540 -0.0024778669 -0.0000084836 0.0064547917 0.0000713122 0.0029131967
1403638215.24502 2.135550 3.049566 0.892294 -0.814077 -0.025393 -0.579624 0.025881 0.0003687471 -0.0000049775 -0.0001272649 0.0000003225 0.0000017327 0.0000442370 0.0070344739 -0.0024355984 -0.0000080861 0.0064859133 0.0000714018 0.0029133825
1403638215.29502 2.152371 2.963401 0.877443 -0.815080 -0.027000 -0.578237 0.023603 0.0003678670 -0.0000028447 -0.0001284593 0.0000002771 0.0000010078 0.0000451733 0.0068318346 -0.0023918212 -0.0000076840 0.0065158674 0.0000715727 0.0029135535
1403638215.34502 2.168875 2.878206 0.862720 -0.815648 -0.028122 -0.577455 0.021739 0.0003673494 -0.0000012157 -0.0001291361 0.0000002581 0.0000004417 0.0000457097 0.0066332413 -0.0023468475 -0.0000073413 0.0065340794 0.0000717518 0.0029134994
1403638215.39502 2.185317 2.795859 0.847778 -0.815636 -0.029653 -0.577479 0.019392 0.0003673203 0.0000009739 -0.0001291898 0.0000002569 -0.0000003286 0.0000457519 0.0064435050 -0.0023002052 -0.0000069654 0.0065646968 0.0000719502 0.0029137858
1403638215.44502 2.202108 2.719107 0.835422 -0.815046 -0.031956 -0.578283 0.016364 0.0003677552 0.0000039534 -0.0001286049 0.0000002970 -0.0000013693 0.0000452884 0.0062660766 -0.0022548471 -0.0000066177 0.0065925529 0.0000722386 0.0029140312
1403638215.49502 2.217385 2.640121 0.825091 -0.815193 -0.032547 -0.578064 0.015554 0.0003675792 0.0000047292 -0.0001288177 0.0000003159 -0.0000016442 0.0000454601 0.0061063075 -0.0022127252 -0.0000062987 0.0066230428 0.0000725303 0.0029143650
1403638215.54502 2.232242 2.563069 0.816737 -0.815276 -0.032622 -0.577952 0.015271 0.0003675092 0.0000049420 -0.0001289162 0.0000003222 -0.0000017204 0.0000455390 0.0059471320 -0.0021662890 -0.0000059825 0.0066511228 0.0000728475 0.0029147438
1403638215.59502 2.246790 2.486622 0.810596 -0.813912 -0.033408 -0.579853 0.014170 0.0003686626 0.0000060767 -0.0001274341 0.0000003566 -0.0000020875 0.0000443669 0.0057961372 -0.0021197782 -0.0000056892 0.0066786112 0.0000731776 0.0029151375
1403638215.64502 2.261085 2.411064 0.805625 -0.813235 -0.032511 -0.580812 0.015792 0.0003693403 0.0000046947 -0.0001266457 0.0000003168 -0.0000015961 0.0000437440 0.0056516423 -0.0020729038 -0.0000054265 0.0067039637 0.0000735306 0.0029155048
1403638215.69502 2.274662 2.337201 0.802421 -0.813230 -0.031302 -0.580840 0.017378 0.0003694310 0.0000031390 -0.0001265977 0.0000002847 -0.0000010613 0.0000437014 0.0055128386 -0.0020252422 -0.0000051678 0.0067304990 0.0000738225 0.0029159010
1403638215.74503 2.286547 2.260833 0.798905 -0.812863 -0.029423 -0.581367 0.019997 0.0003698313 0.0000006550 -0.0001261332 0.0000002593 -0.0000002081 0.0000433366 0.0053812639 -0.0019786912 -0.0000051415 0.0067472179 0.0000734990 0.0029160677
1403638215.79503 2.298806 2.188484 0.795105 -0.812839 -0.027434 -0.581490 0.020231 0.0003699372 -0.0000004050 -0.0001260174 0.0000002593 0.0000001537 0.0000432462 0.0052486169 -0.0019261172 -0.0000049068 0.0067696636 0.0000735895 0.0029164618
1403638215.84503 2.310097 2.118249 0.789838 -0.813083 -0.023707 -0.581293 0.020777 0.0003698223 -0.0000024593 -0.0001261643 0.0000002761 0.0000008554 0.0000433609 0.0051273918 -0.0018760965 -0.0000047086 0.0067911444 0.0000736106 0.0029168395
1403638215.89503 2.320406 2.045321 0.782708 -0.813120 -0.021663 -0.581376 0.019173 0.0003698526 -0.0000023574 -0.0001261478 0.0000002756 0.0000008206 0.0000433471 0.0050141585 -0.0018271036 -0.0000045090 0.0068124853 0.0000736160 0.0029172177
1403638215.94502 2.329660 1.973349 0.773373 -0.813019 -0.019203 -0.581629 0.018409 0.0003699852 -0.0000030041 -0.0001259760 0.0000002853 0.0000010400 0.0000432143 0.0049001971 -0.0017744354 -0.0000043534 0.0068237418 0.0000732156 0.0029174172
1403638215.99502 2.338298 1.903560 0.763497 -0.813020 -0.017021 -0.581715 0.017800 0.0003700485 -0.0000035895 -0.0001258984 0.0000002966 0.0000012387 0.0000431551 0.0047922800 -0.0017207021 -0.0000041432 0.0068412246 0.0000732939 0.0029178269
1403638216.04502 2.345771 1.837310 0.751472 -0.813082 -0.015137 -0.581706 0.016916 0.0003700216 -0.0000038690 -0.0001259370 0.0000003030 0.0000013344 0.0000431850 0.0046912860 -0.0016682267 -0.0000039984 0.0068537912 0.0000733109 0.0029181494
1403638216.09503 2.353728 1.770811 0.740482 -0.812859 -0.014771 -0.582098 0.014285 0.0003702687 -0.0000023778 -0.0001256725 0.0000002787 0.0000008244 0.0000429777 0.0045998003 -0.0016177596 -0.0000038453 0.0068698045 0.0000734543 0.0029185944
1403638216.14502 2.361027 1.704309 0.729942 -0.813128 -0.013443 -0.581770 0.013595 0.0003700665 -0.0000025441 -0.0001259513 0.0000002820 0.0000008835 0.0000431919 0.0045115765 -0.0015668765 -0.0000036812 0.0068854044 0.0000735822 0.0029190145
1403638216.19502 2.367306 1.637946 0.720950 -0.812893 -0.013334 -0.582139 0.011891 0.0003702861 -0.0000015255 -0.0001257000 0.0000002717 0.0000005354 0.0000429966 0.0044267851 -0.0015150519 -0.0000035111 0.0068999421 0.0000736993 0.0029194264
1403638216.24502 2.373184 1.572831 0.713953 -0.811904 -0.012647 -0.583555 0.010731 0.0003711713 -0.0000010628 -0.0001245626 0.0000002695 0.0000003743 0.0000421283 0.0043457011 -0.0014623877 -0.0000033336 0.0069128089 0.0000738459 0.0029198335
1403638216.29502 2.378207 1.509123 0.709175 -0.811796 -0.012252 -0.583735 0.009473 0.0003712766 -0.0000004484 -0.0001244454 0.0000002681 0.0000001679 0.0000420389 0.0042697081 -0.0014104865 -0.0000031561 0.0069256866 0.0000739861 0.0029202300
1403638216.34503 2.382816 1.446572 0.706208 -0.811023 -0.012025 -0.584828 0.008530 0.0003719423 0.0000000660 -0.0001235752 0.0000002685 -0.0000000042 0.0000413843 0.0041985721 -0.0013592752 -0.0000029965 0.0069369945 0.0000741680 0.0029205787
1403638216.39503 2.386393 1.384969 0.704917 -0.810377 -0.011777 -0.585741 0.007630 0.0003725040 0.0000005307 -0.0001228370 0.0000002703 -0.0000001572 0.0000408346 0.0041320828 -0.0013081733 -0.0000028058 0.0069466572 0.0000742120 0.0029209631
1403638216.44503 2.389315 1.325674 0.705229 -0.809890 -0.011471 -0.586427 0.007055 0.0003729232 0.0000007588 -0.0001222853 0.0000002722 -0.0000002308 0.0000404270 0.0040698098 -0.0012575043 -0.0000026290 0.0069539885 0.0000741808 0.0029213206
1403638216.49503 2.391223 1.265833 0.706059 -0.809912 -0.011260 -0.586402 0.007024 0.0003729214 0.0000006890 -0.0001223067 0.0000002731 -0.0000002076 0.0000404424 0.0040128244 -0.0012083182 -0.0000024464 0.0069607406 0.0000742103 0.0029217341
1403638216.54502 2.393232 1.205543 0.706386 -0.810274 -0.011417 -0.585906 0.006282 0.0003726253 0.0000012120 -0.0001227162 0.0000002765 -0.0000003804 0.0000407442 0.0039575706 -0.0011581358 -0.0000023042 0.0069606637 0.0000740081 0.0029219623
1403638216.59502 2.393961 1.147748 0.705125 -0.810648 -0.011980 -0.585390 0.004902 0.0003723008 0.0000023495 -0.0001231544 0.0000002885 -0.0000007585 0.0000410698 0.0039049514 -0.0011074802 -0.0000021018 0.0069655093 0.0000740511 0.0029223156
1403638216.64502 2.392834 1.092648 0.701715 -0.811657 -0.012923 -0.583985 0.002859 0.0003714130 0.0000040810 -0.0001243092 0.0000003196 -0.0000013474 0.0000419383 0.0038573491 -0.0010582864 -0.0000019513 0.0069666610 0.0000740184 0.0029226773
1403638216.69502 2.392247 1.037622 0.695801 -0.812424 -0.013539 -0.582907 0.001925 0.0003707402 0.0000049187 -0.0001251856 0.0000003414 -0.0000016425 0.0000426054 0.0038146745 -0.0010108576 -0.0000017937 0.0069675316 0.0000740467 0.0029230983
1403638216.74502 2.391201 0.983392 0.688616 -0.812893 -0.014887 -0.582222 0.000365 0.0003702782 0.0000065129 -0.0001257357 0.0000003920 -0.0000021934 0.0000430326 0.0037744954 -0.0009637516 -0.0000016402 0.0069694887 0.0000741544 0.0029235358
1403638216.79502 2.389703 0.930055 0.680548 0.811513 0.015063 0.584139 0.001410 0.0003714244 0.0000077567 -0.0001241787 0.0000004408 -0.0000025753 0.0000418534 0.0037373971 -0.0009174191 -0.0000014872 0.0069703733 0.0000742519 0.0029239504
1403638216.84503 2.388089 0.877949 0.671644 0.809409 0.013298 0.587087 0.003155 0.0003732196 0.0000081064 -0.0001217593 0.0000004561 -0.0000026267 0.0000400593 0.0037032161 -0.0008717181 -0.0000013523 0.0069706292 0.0000743922 0.0029243746
1403638216.89503 2.386181 0.826593 0.661354 0.807885 0.010465 0.589223 0.005334 0.0003745182 0.0000082125 -0.0001199776 0.0000004613 -0.0000026131 0.0000387719 0.0036719683 -0.0008269662 -0.0000012358 0.0069702100 0.0000745530 0.0029247981
1403638216.94503 2.383102 0.776527 0.650288 0.807269 0.006066 0.590105 0.007419 0.0003750832 0.0000074936 -0.0001192516 0.0000004323 -0.0000023647 0.0000382520 0.0036431612 -0.0007827134 -0.0000011561 0.0069681628 0.0000748687 0.0029252247
1403638216.99503 2.378525 0.728058 0.637934 0.807207 -0.000067 0.590204 0.008751 0.0003752330 0.0000054997 -0.0001191666 0.0000003644 -0.0000017287 0.0000381841 0.0036169855 -0.0007394598 -0.0000010614 0.0069630640 0.0000752833 0.0029255506
1403638217.04503 2.373468 0.682951 0.624044 0.808087 -0.007409 0.588926 0.010316 0.0003745620 0.0000030804 -0.0001202176 0.0000003103 -0.0000009704 0.0000389260 0.0035937060 -0.0006971860 -0.0000009811 0.0069558953 0.0000755116 0.0029259597
1403638217.09503 2.367292 0.637106 0.609889 0.809452 -0.014818 0.586855 0.012971 0.0003733925 0.0000013715 -0.0001218848 0.0000002911 -0.0000004293 0.0000401307 0.0035738331 -0.0006579113 -0.0000008974 0.0069476117 0.0000757943 0.0029263586
1403638217.14503 2.360074 0.590557 0.595002 0.810751 -0.022660 0.584735 0.015980 0.0003721646 -0.0000002704 -0.0001235673 0.0000002868 0.0000001085 0.0000413743 0.0035548490 -0.0006179246 -0.0000009092 0.0069340578 0.0000761356 0.0029265808
1403638217.19503 2.352663 0.544599 0.579678 0.811725 -0.029292 0.582990 0.019183 0.0003711683 -0.0000012097 -0.0001249012 0.0000002914 0.0000004257 0.0000423797 0.0035374581 -0.0005775995 -0.0000008250 0.0069225114 0.0000765584 0.0029268892
1403638217.24503 2.344904 0.499149 0.564583 0.812723 -0.034043 0.581191 0.023246 0.0003701527 -0.0000007357 -0.0001262371 0.0000002894 0.0000002693 0.0000434035 0.0035217158 -0.0005377074 -0.0000008800 0.0069085434 0.0000771081 0.0029271051
1403638217.29503 2.337162 0.455500 0.551370 0.813362 -0.038531 0.579901 0.025938 0.0003694370 -0.0000010067 -0.0001271733 0.0000002917 0.0000003646 0.0000441314 0.0035081120 -0.0004986119 -0.0000008216 0.0068978041 0.0000775063 0.0029274745
1403638217.34503 2.329504 0.413009 0.539859 0.813813 -0.041635 0.578895 0.029250 0.0003689247 -0.0000002698 -0.0001278464 0.0000002902 0.0000001109 0.0000446595 0.0034965557 -0.0004612055 -0.0000007714 0.0068871117 0.0000779095 0.0029278253
1403638217.39503 2.321046 0.371684 0.531126 0.814704 -0.044773 0.577289 0.031461 0.0003679971 -0.0000002067 -0.0001290302 0.0000002912 0.0000000894 0.0000456000 0.0034868064 -0.0004252279 -0.0000007200 0.0068758280 0.0000782899 0.0029281554
1403638217.44503 2.312075 0.331262 0.524874 0.814894 -0.047011 0.576736 0.033373 0.0003677284 0.0000000264 -0.0001293813 0.0000002921 0.0000000072 0.0000458814 0.0034786185 -0.0003901971 -0.0000006686 0.0068631229 0.0000786273 0.0029284743
1403638217.49502 2.303007 0.291192 0.520376 0.815286 -0.047741 0.575934 0.036461 0.0003673436 0.0000016951 -0.0001298628 0.0000003010 -0.0000005836 0.0000462706 0.0034718611 -0.0003560215 -0.0000006200 0.0068501728 0.0000789144 0.0029287787
1403638217.54502 2.294043 0.251776 0.517996 0.815781 -0.047570 0.574991 0.040297 0.0003668787 0.0000042505 -0.0001303921 0.0000003434 -0.0000014962 0.0000467059 0.0034664277 -0.0003224467 -0.0000005683 0.0068376375 0.0000791379 0.0029290741
1403638217.59502 2.284843 0.213154 0.517709 0.816274 -0.046960 0.574125 0.043267 0.0003664100 0.0000064473 -0.0001308876 0.0000004087 -0.0000022896 0.0000471199 0.0034621820 -0.0002903132 -0.0000005078 0.0068231398 0.0000794031 0.0029292468
1403638217.64502 2.275495 0.175886 0.519580 0.816495 -0.044802 0.573648 0.047508 0.0003661624 0.0000101282 -0.0001309697 0.0000005765 -0.0000036107 0.0000472114 0.0034593256 -0.0002588888 -0.0000004650 0.0068102127 0.0000794914 0.0029295147
1403638217.69502 2.265849 0.139471 0.522986 0.816540 -0.042806 0.573377 0.051670 0.0003659982 0.0000136674 -0.0001308551 0.0000008078 -0.0000048760 0.0000471511 0.0034575037 -0.0002288788 -0.0000004983 0.0067960381 0.0000795055 0.0029296934
1403638217.74502 2.256303 0.105794 0.528952 0.817203 -0.040397 0.572296 0.055004 0.0003652386 0.0000168959 -0.0001314102 0.0000010802 -0.0000060698 0.0000476483 0.0034567893 -0.0002002889 -0.0000004634 0.0067806305 0.0000793436 0.0029299420
1403638217.79502 2.246281 0.072119 0.535479 0.817882 -0.038059 0.571203 0.057858 0.0003644231 0.0000197991 -0.0001319830 0.0000013753 -0.0000071624 0.0000481684 0.0034564938 -0.0001751620 -0.0000005378 0.0067593532 0.0000788509 0.0029300821
1403638217.84502 2.236539 0.042426 0.543945 0.818579 -0.036204 0.570089 0.060139 0.0003635867 0.0000221046 -0.0001326201 0.0000016453 -0.0000080556 0.0000487435 0.0034577572 -0.0001498135 -0.0000006079 0.0067437451 0.0000788269 0.0029305237
1403638217.89502 2.227266 0.014558 0.552791 0.818295 -0.035408 0.570547 0.060128 0.0003638509 0.0000224343 -0.0001322632 0.0000016864 -0.0000081482 0.0000484491 0.0034596938 -0.0001277658 -0.0000006694 0.0067301623 0.0000787634 0.0029309903
1403638217.94502 2.218689 -0.010911 0.561111 0.817080 -0.033144 0.572201 0.062193 0.0003647720 0.0000246781 -0.0001307693 0.0000019746 -0.0000088410 0.0000472501 0.0034621177 -0.0001070541 -0.0000007469 0.0067174827 0.0000786187 0.0029314443
1403638217.99502 2.210538 -0.034569 0.567581 0.815983 -0.032671 0.573927 0.060926 0.0003658824 0.0000240332 -0.0001295481 0.0000018853 -0.0000085033 0.0000462387 0.0034647836 -0.0000886274 -0.0000008411 0.0067052662 0.0000783883 0.0029318780
1403638218.04502 2.202746 -0.056835 0.572351 0.815200 -0.031338 0.575089 0.061153 0.0003665502 0.0000247247 -0.0001286022 0.0000019762 -0.0000086688 0.0000454889 0.0034676942 -0.0000714944 -0.0000009532 0.0066935432 0.0000781037 0.0029322888
1403638218.09502 2.195394 -0.077211 0.575537 0.814479 -0.030547 0.576169 0.060991 0.0003671973 0.0000249358 -0.0001277618 0.0000020035 -0.0000086705 0.0000448227 0.0034707460 -0.0000556835 -0.0000010729 0.0066824097 0.0000777825 0.0029326770
1403638218.14502 2.188218 -0.095653 0.577057 0.813736 -0.030893 0.577408 0.058985 0.0003680446 0.0000234677 -0.0001269789 0.0000018080 -0.0000080907 0.0000441783 0.0034738092 -0.0000415249 -0.0000011951 0.0066718072 0.0000774733 0.0029330595
1403638218.19502 2.181014 -0.111594 0.577422 0.812743 -0.030170 0.578904 0.058381 0.0003689540 0.0000233626 -0.0001258416 0.0000017927 -0.0000079626 0.0000432907 0.0034767674 -0.0000288897 -0.0000013159 0.0066608047 0.0000771802 0.0029334082
1403638218.24502 2.173729 -0.126151 0.576450 0.810950 -0.029473 0.581559 0.057278 0.0003705861 0.0000228863 -0.0001238048 0.0000017283 -0.0000076398 0.0000417285 0.0034794559 -0.0000183154 -0.0000014463 0.0066500537 0.0000768789 0.0029337297
1403638218.29502 2.167037 -0.138367 0.574964 0.809055 -0.028909 0.584361 0.055824 0.0003722937 0.0000221284 -0.0001216538 0.0000016317 -0.0000072246 0.0000401193 0.0034818267 -0.0000087502 -0.0000016315 0.0066388179 0.0000766132 0.0029339843
1403638218.34502 2.159394 -0.148360 0.573153 0.807220 -0.030015 0.587165 0.052268 0.0003740919 0.0000192697 -0.0001196672 0.0000013103 -0.0000061571 0.0000386455 0.0034839366 -0.0000012586 -0.0000017495 0.0066278343 0.0000763771 0.0029342229
1403638218.39502 2.153120 -0.157560 0.573047 0.806953 -0.030827 0.587780 0.048894 0.0003745318 0.0000167553 -0.0001194093 0.0000010681 -0.0000053341 0.0000384355 0.0034851956 0.0000047425 -0.0000019514 0.0066104124 0.0000754558 0.0029342483
1403638218.44502 2.143360 -0.163756 0.574143 0.806958 -0.031672 0.587974 0.045852 0.0003746761 0.0000144149 -0.0001195064 0.0000008744 -0.0000045894 0.0000384829 0.0034866365 0.0000100077 -0.0000020103 0.0065982187 0.0000752659 0.0029343770
1403638218.49502 2.133525 -0.168472 0.577006 0.807248 -0.032541 0.587713 0.043416 0.0003745478 0.0000124753 -0.0001198996 0.0000007367 -0.0000039848 0.0000387479 0.0034876479 0.0000130196 -0.0000020800 0.0065836739 0.0000750571 0.0029345787
1403638218.54502 2.122766 -0.171401 0.582112 0.807837 -0.032127 0.586961 0.042943 0.0003740820 0.0000123933 -0.0001205501 0.0000007332 -0.0000039852 0.0000392146 0.0034882632 0.0000146530 -0.0000021344 0.0065671868 0.0000748207 0.0029347597
1403638218.59502 2.110885 -0.172964 0.588733 0.808354 -0.032784 0.586340 0.041165 0.0003737193 0.0000109879 -0.0001211779 0.0000006470 -0.0000035540 0.0000396591 0.0034884874 0.0000149809 -0.0000021760 0.0065489367 0.0000745447 0.0029349224
1403638218.64502 2.098080 -0.173532 0.596013 0.809849 -0.033041 0.584337 0.040042 0.0003725035 0.0000102359 -0.0001228877 0.0000006065 -0.0000033679 0.0000409090 0.0034884321 0.0000144315 -0.0000022096 0.0065291391 0.0000742371 0.0029350671
1403638218.69502 2.084164 -0.173047 0.603257 0.812248 -0.034566 0.580988 0.038877 0.0003704617 0.0000089418 -0.0001256774 0.0000005422 -0.0000030244 0.0000430066 0.0034882042 0.0000133990 -0.0000022326 0.0065079174 0.0000739064 0.0029351957
1403638218.74502 2.069977 -0.171254 0.609315 0.814706 -0.036414 0.577307 0.040549 0.0003682113 0.0000093106 -0.0001285108 0.0000005629 -0.0000032409 0.0000452258 0.0034877531 0.0000117779 -0.0000022423 0.0064856437 0.0000735655 0.0029353111
1403638218.79502 2.055847 -0.168432 0.614554 0.816804 -0.039960 0.573980 0.042201 0.0003661819 0.0000089093 -0.0001310269 0.0000005451 -0.0000031793 0.0000472601 0.0034869151 0.0000091458 -0.0000022439 0.0064637426 0.0000732292 0.0029354046
1403638218.84502 2.042143 -0.164742 0.618443 0.818317 -0.043385 0.571366 0.044904 0.0003646036 0.0000092122 -0.0001328807 0.0000005619 -0.0000033492 0.0000488069 0.0034857742 0.0000057646 -0.0000022321 0.0064421676 0.0000729043 0.0029354799
1403638218.89502 2.028942 -0.160066 0.620743 0.818966 -0.047689 0.570001 0.046042 0.0003638135 0.0000080849 -0.0001338619 0.0000005096 -0.0000029664 0.0000496326 0.0034843956 0.0000018436 -0.0000022115 0.0064214691 0.0000726015 0.0029355331
1403638218.94502 2.016230 -0.154721 0.621235 0.819115 -0.055159 0.569456 0.041574 0.0003633876 0.0000019699 -0.0001345617 0.0000003413 -0.0000007191 0.0000502081 0.0034827562 -0.0000027658 -0.0000021862 0.0064014280 0.0000723153 0.0029355576
1403638218.99502 2.003950 -0.149082 0.620836 0.818725 -0.062619 0.569588 0.036579 0.0003631847 -0.0000045050 -0.0001347075 0.0000003873 0.0000016833 0.0000503443 0.0034810718 -0.0000073963 -0.0000021466 0.0063821758 0.0000720467 0.0029355561
1403638219.04503 1.991813 -0.143235 0.619298 0.817817 -0.069381 0.570379 0.032087 0.0003632650 -0.0000103998 -0.0001342560 0.0000006302 0.0000038579 0.0000499988 0.0034794456 -0.0000117733 -0.0000020964 0.0063630533 0.0000718037 0.0029355324
1403638219.09503 1.979983 -0.137872 0.616978 0.816488 -0.074657 0.571779 0.029021 0.0003637479 -0.0000147946 -0.0001332428 0.0000009351 0.0000054350 0.0000491871 0.0034778981 -0.0000158223 -0.0000020387 0.0063444118 0.0000715939 0.0029354860
1403638219.14503 1.968416 -0.133440 0.614310 0.815643 -0.077140 0.572632 0.029471 0.0003642184 -0.0000156930 -0.0001325476 0.0000010101 0.0000057269 0.0000486162 0.0034765048 -0.0000192987 -0.0000019755 0.0063258887 0.0000714293 0.0029354218
1403638219.19503 1.956743 -0.129720 0.611227 0.814056 -0.076890 0.574751 0.032590 0.0003658221 -0.0000138092 -0.0001307935 0.0000008556 0.0000049522 0.0000471404 0.0034753043 -0.0000220849 -0.0000019155 0.0063073900 0.0000713205 0.0029353440
1403638219.24503 1.944657 -0.127340 0.608240 0.811420 -0.075131 0.578399 0.037514 0.0003685323 -0.0000102371 -0.0001277226 0.0000006189 0.0000035613 0.0000446396 0.0034742564 -0.0000243500 -0.0000018586 0.0062882749 0.0000712565 0.0029352615
1403638219.29503 1.932406 -0.125282 0.604251 0.808351 -0.073977 0.582575 0.041262 0.0003713744 -0.0000077136 -0.0001241783 0.0000004951 0.0000025916 0.0000418938 0.0034733640 -0.0000260598 -0.0000018227 0.0062688235 0.0000712306 0.0029351779
1403638219.34503 1.919967 -0.123392 0.600051 0.805098 -0.071764 0.587015 0.045616 0.0003743273 -0.0000043327 -0.0001202881 0.0000003854 0.0000014033 0.0000390225 0.0034725215 -0.0000276007 -0.0000017926 0.0062493742 0.0000712421 0.0029350853
1403638219.39503 1.906682 -0.121323 0.596556 0.800763 -0.071269 0.592853 0.047156 0.0003777902 -0.0000036364 -0.0001152863 0.0000003707 0.0000011202 0.0000355456 0.0034716721 -0.0000292466 -0.0000017705 0.0062287763 0.0000712729 0.0029349888
1403638219.44503 1.892750 -0.118873 0.594288 0.797425 -0.069857 0.597301 0.049643 0.0003804097 -0.0000017865 -0.0001112947 0.0000003445 0.0000005324 0.0000329229 0.0034708270 -0.0000309054 -0.0000017556 0.0062077103 0.0000713244 0.0029348844
1403638219.49503 1.877495 -0.116007 0.593057 0.795517 -0.068969 0.599840 0.050873 0.0003818381 -0.0000008033 -0.0001089914 0.0000003382 0.0000002385 0.0000314705 0.0034698799 -0.0000330230 -0.0000017496 0.0061850232 0.0000713848 0.0029347754
1403638219.54503 1.860917 -0.112353 0.592921 0.795363 -0.069319 0.600040 0.050442 0.0003818943 -0.0000012562 -0.0001088420 0.0000003410 0.0000003670 0.0000313802 0.0034688624 -0.0000354711 -0.0000017448 0.0061609160 0.0000714434 0.0029346623
1403638219.59502 1.843116 -0.108021 0.593961 0.796252 -0.070461 0.598880 0.048584 0.0003811212 -0.0000028671 -0.0001099798 0.0000003587 0.0000008365 0.0000320965 0.0034675101 -0.0000386283 -0.0000017630 0.0061348040 0.0000714203 0.0029344739
1403638219.64502 1.823822 -0.103185 0.595876 0.797869 -0.071569 0.596752 0.046588 0.0003797894 -0.0000044556 -0.0001119557 0.0000003898 0.0000013227 0.0000333633 0.0034662491 -0.0000420127 -0.0000017630 0.0061078575 0.0000714306 0.0029343394
1403638219.69502 1.802995 -0.097784 0.598059 0.798868 -0.073872 0.595411 0.042879 0.0003787395 -0.0000077604 -0.0001133292 0.0000004969 0.0000023320 0.0000342723 0.0034650090 -0.0000457269 -0.0000017461 0.0060787527 0.0000714172 0.0029342430
1403638219.74502 1.780765 -0.092121 0.599238 0.800804 -0.075659 0.592780 0.040015 0.0003769782 -0.0000101643 -0.0001157176 0.0000006123 0.0000031304 0.0000358831 0.0034637584 -0.0000495547 -0.0000017352 0.0060483091 0.0000713940 0.0029341457
1403638219.79502 1.757245 -0.086035 0.599283 0.802375 -0.078490 0.590560 0.035674 0.0003752492 -0.0000140130 -0.0001177721 0.0000008620 0.0000044091 0.0000373262 0.0034625464 -0.0000532989 -0.0000017247 0.0060168221 0.0000713599 0.0029340484
1403638219.84502 1.732522 -0.080047 0.597724 0.804281 -0.081402 0.587813 0.031329 0.0003731176 -0.0000178313 -0.0001202059 0.0000011914 0.0000057567 0.0000390911 0.0034613475 -0.0000570758 -0.0000017172 0.0059841409 0.0000713222 0.0029339510
1403638219.89502 1.706794 -0.074446 0.594773 0.805452 -0.084210 0.586016 0.027210 0.0003714910 -0.0000215329 -0.0001217744 0.0000015878 0.0000070714 0.0000402833 0.0034602376 -0.0000605852 -0.0000017098 0.0059505770 0.0000712881 0.0029338551
1403638219.94502 1.680850 -0.070041 0.590526 0.806751 -0.087005 0.583982 0.023423 0.0003696887 -0.0000249678 -0.0001234775 0.0000020265 0.0000083531 0.0000416089 0.0034593092 -0.0000636782 -0.0000017140 0.0059165576 0.0000712718 0.0029337924
1403638219.99502 1.653873 -0.066170 0.584969 0.807972 -0.089193 0.582082 0.020150 0.0003680007 -0.0000278135 -0.0001250221 0.0000024429 0.0000094636 0.0000428421 0.0034586038 -0.0000658931 -0.0000017138 0.0058825766 0.0000712782 0.0029337281
1403638220.04502 1.626287 -0.063683 0.578207 0.809280 -0.090537 0.580109 0.018483 0.0003664761 -0.0000292544 -0.0001265875 0.0000026763 0.0000101198 0.0000440947 0.0034580398 -0.0000675811 -0.0000017160 0.0058482538 0.0000713129 0.0029336652
1403638220.09502 1.598118 -0.062352 0.571106 0.810278 -0.090765 0.578689 0.018182 0.0003655184 -0.0000293912 -0.0001277024 0.0000027044 0.0000102831 0.0000449855 0.0034576922 -0.0000684638 -0.0000017145 0.0058139144 0.0000713764 0.0029336081
1403638220.14502 1.569818 -0.063127 0.564682 0.811455 -0.088911 0.577231 0.020955 0.0003650373 -0.0000266796 -0.0001288364 0.0000022906 0.0000094297 0.0000458419 0.0034575651 -0.0000685268 -0.0000017096 0.0057799454 0.0000714710 0.0029335596
1403638220.19502 1.540952 -0.065903 0.560381 0.812400 -0.085382 0.576204 0.026559 0.0003651723 -0.0000215033 -0.0001295759 0.0000016061 0.0000076415 0.0000463485 0.0034575548 -0.0000675415 -0.0000017101 0.0057469475 0.0000715007 0.0029334672
1403638220.24502 1.511876 -0.070930 0.558053 0.813126 -0.079738 0.575540 0.034953 0.0003657574 -0.0000136359 -0.0001298689 0.0000008474 0.0000048502 0.0000464825 0.0034578355 -0.0000660419 -0.0000017234 0.0057134661 0.0000715933 0.0029334268
1403638220.29501 1.483205 -0.075172 0.557299 0.814535 -0.075033 0.573711 0.041929 0.0003652339 -0.0000069743 -0.0001309824 0.0000004717 0.0000025071 0.0000473445 0.0034584745 -0.0000637735 -0.0000017166 0.0056803599 0.0000717294 0.0029334400
1403638220.34501 1.454232 -0.078845 0.558923 0.814728 -0.071458 0.573496 0.047045 0.0003654411 -0.0000021336 -0.0001308487 0.0000003508 0.0000007678 0.0000472216 0.0034589570 -0.0000622485 -0.0000017182 0.0056487580 0.0000718492 0.0029334618
1403638220.39501 1.423560 -0.083366 0.561865 0.814925 -0.069403 0.573144 0.050853 0.0003653984 0.0000012072 -0.0001308623 0.0000003422 -0.0000004300 0.0000472366 0.0034593030 -0.0000613954 -0.0000017411 0.0056168955 0.0000719140 0.0029335007
1403638220.44501 1.393284 -0.085845 0.566447 0.815202 -0.068423 0.572738 0.052296 0.0003651750 0.0000025996 -0.0001310642 0.0000003567 -0.0000009316 0.0000474099 0.0034597990 -0.0000603950 -0.0000017581 0.0055847516 0.0000719518 0.0029335729
1403638220.49501 1.363097 -0.088082 0.572766 0.815111 -0.067309 0.572802 0.054413 0.0003652784 0.0000044262 -0.0001308414 0.0000003918 -0.0000015850 0.0000472364 0.0034600732 -0.0000601587 -0.0000017827 0.0055543044 0.0000719507 0.0029336521
1403638220.54501 1.332893 -0.089917 0.580117 0.814654 -0.068006 0.573404 0.054053 0.0003656265 0.0000038354 -0.0001303880 0.0000003783 -0.0000013675 0.0000468672 0.0034602809 -0.0000602594 -0.0000018135 0.0055246109 0.0000718953 0.0029337481
1403638220.59501 1.302824 -0.091419 0.587212 0.814513 -0.067915 0.573493 0.055337 0.0003657142 0.0000046766 -0.0001302058 0.0000003978 -0.0000016654 0.0000467259 0.0034604855 -0.0000604547 -0.0000018559 0.0054959168 0.0000717997 0.0029338564
1403638220.64501 1.273011 -0.092418 0.593176 0.814366 -0.068569 0.573586 0.055717 0.0003657670 0.0000046136 -0.0001300965 0.0000003961 -0.0000016417 0.0000466411 0.0034606501 -0.0000608587 -0.0000019107 0.0054680853 0.0000716645 0.0029339756
1403638220.69501 1.243375 -0.092880 0.597509 0.814089 -0.068932 0.573874 0.056358 0.0003659546 0.0000048320 -0.0001298112 0.0000004017 -0.0000017151 0.0000464143 0.0034607526 -0.0000614674 -0.0000019879 0.0054412134 0.0000715080 0.0029340944
1403638220.74501 1.213907 -0.093260 0.600118 0.814284 -0.070165 0.573482 0.056016 0.0003656729 0.0000040901 -0.0001301368 0.0000003836 -0.0000014567 0.0000466813 0.0034608167 -0.0000622588 -0.0000020690 0.0054151459 0.0000713254 0.0029342256
1403638220.79501 1.184147 -0.093597 0.600979 0.814302 -0.071008 0.573377 0.055756 0.0003655694 0.0000035601 -0.0001302309 0.0000003725 -0.0000012695 0.0000467611 0.0034606676 -0.0000632634 -0.0000022102 0.0053894571 0.0000710173 0.0029343073
1403638220.84501 1.154399 -0.093638 0.600094 0.813841 -0.072080 0.573943 0.055287 0.0003658899 0.0000027380 -0.0001298124 0.0000003583 -0.0000009726 0.0000464225 0.0034607171 -0.0000641488 -0.0000023193 0.0053647014 0.0000708210 0.0029344312
1403638220.89501 1.125284 -0.092732 0.597654 0.814216 -0.072393 0.573298 0.056045 0.0003654936 0.0000031282 -0.0001302457 0.0000003646 -0.0000011163 0.0000467810 0.0034608146 -0.0000650248 -0.0000024161 0.0053408223 0.0000706495 0.0029345779
1403638220.94501 1.096424 -0.091554 0.593193 0.814596 -0.073941 0.572655 0.055068 0.0003650170 0.0000018698 -0.0001308073 0.0000003475 -0.0000006715 0.0000472435 0.0034607636 -0.0000662021 -0.0000025192 0.0053182194 0.0000704915 0.0029347124
1403638220.99501 1.067878 -0.090092 0.587290 0.815077 -0.074270 0.571912 0.055217 0.0003645261 0.0000018780 -0.0001313583 0.0000003476 -0.0000006784 0.0000477032 0.0034607103 -0.0000673823 -0.0000026235 0.0052965059 0.0000703559 0.0029348398
1403638221.04501 1.039639 -0.088124 0.580529 0.815237 -0.074526 0.571636 0.055368 0.0003643305 0.0000018852 -0.0001315515 0.0000003478 -0.0000006827 0.0000478681 0.0034606108 -0.0000686283 -0.0000027289 0.0052757373 0.0000702500 0.0029349575
1403638221.09501 1.011556 -0.085826 0.573202 0.815534 -0.075268 0.571103 0.055502 0.0003639712 0.0000016881 -0.0001319436 0.0000003460 -0.0000006141 0.0000481990 0.0034604577 -0.0000699910 -0.0000028307 0.0052555964 0.0000701685 0.0029350691
1403638221.14501 0.983720 -0.083215 0.566391 0.816078 -0.075390 0.570255 0.056056 0.0003634324 0.0000020590 -0.0001325394 0.0000003499 -0.0000007533 0.0000487039 0.0034602849 -0.0000713497 -0.0000029252 0.0052363471 0.0000701123 0.0029351725
1403638221.19501 0.956154 -0.080453 0.561199 0.816895 -0.075980 0.569043 0.055687 0.0003626012 0.0000016713 -0.0001334852 0.0000003460 -0.0000006178 0.0000495093 0.0034600751 -0.0000727501 -0.0000030133 0.0052178079 0.0000700684 0.0029352702
1403638221.24501 0.928871 -0.077717 0.557934 0.817554 -0.076453 0.568047 0.055528 0.0003619225 0.0000014475 -0.0001342401 0.0000003442 -0.0000005396 0.0000501605 0.0034598337 -0.0000741275 -0.0000030937 0.0052001120 0.0000699991 0.0029353490
1403638221.29501 0.902119 -0.074416 0.556615 0.818367 -0.077567 0.566844 0.054275 0.0003610387 0.0000002763 -0.0001352279 0.0000003387 -0.0000001060 0.0000510204 0.0034596256 -0.0000754464 -0.0000031548 0.0051830783 0.0000699725 0.0029354255
1403638221.34501 0.875318 -0.070984 0.556803 0.819118 -0.078392 0.565702 0.053677 0.0003602259 -0.0000003600 -0.0001361160 0.0000003389 0.0000001335 0.0000518044 0.0034593727 -0.0000768123 -0.0000032241 0.0051668021 0.0000698832 0.0029355178
1403638221.39501 0.849400 -0.067887 0.558311 0.819558 -0.079908 0.564994 0.052153 0.0003596258 -0.0000019143 -0.0001367411 0.0000003488 0.0000007257 0.0000523649 0.0034589677 -0.0000781794 -0.0000033152 0.0051510845 0.0000696873 0.0029355587
1403638221.44501 0.823707 -0.065091 0.559483 0.819821 -0.080963 0.564560 0.051089 0.0003592354 -0.0000030036 -0.0001371225 0.0000003638 0.0000011445 0.0000527124 0.0034587068 -0.0000794025 -0.0000033864 0.0051364799 0.0000695770 0.0029356269
1403638221.49501 0.798768 -0.061831 0.559537 0.819913 -0.081992 0.564380 0.049946 0.0003589998 -0.0000041511 -0.0001373201 0.0000003868 0.0000015860 0.0000528980 0.0034586194 -0.0000803397 -0.0000034553 0.0051227391 0.0000694393 0.0029357321
1403638221.54501 0.774415 -0.059003 0.558153 0.819834 -0.083055 0.564440 0.048805 0.0003589198 -0.0000053368 -0.0001373336 0.0000004182 0.0000020404 0.0000529200 0.0034585229 -0.0000812391 -0.0000035279 0.0051098483 0.0000692965 0.0029358298
1403638221.59501 0.750716 -0.056548 0.555704 0.819211 -0.084032 0.565238 0.048355 0.0003593737 -0.0000061262 -0.0001367593 0.0000004434 0.0000023298 0.0000524150 0.0034584943 -0.0000819872 -0.0000036010 0.0050976527 0.0000691588 0.0029359238
1403638221.64502 0.727791 -0.054305 0.552045 0.818808 -0.083928 0.565827 0.048470 0.0003597524 -0.0000060616 -0.0001363027 0.0000004412 0.0000022949 0.0000520133 0.0034585157 -0.0000825904 -0.0000036710 0.0050863523 0.0000690338 0.0029360088
1403638221.69502 0.705533 -0.052285 0.547957 0.817543 -0.084652 0.567625 0.047533 0.0003608209 -0.0000071376 -0.0001350017 0.0000004803 0.0000026690 0.0000508809 0.0034585673 -0.0000831010 -0.0000037434 0.0050757471 0.0000689268 0.0029360863
1403638221.74502 0.684070 -0.050522 0.544253 0.816275 -0.085650 0.569389 0.046421 0.0003618335 -0.0000084526 -0.0001337221 0.0000005367 0.0000031225 0.0000497880 0.0034586461 -0.0000835383 -0.0000038068 0.0050658083 0.0000688263 0.0029361595
1403638221.79502 0.662685 -0.048957 0.541262 0.815495 -0.085970 0.570556 0.045195 0.0003624583 -0.0000094780 -0.0001328890 0.0000005872 0.0000034737 0.0000490893 0.0034587285 -0.0000839586 -0.0000038659 0.0050563623 0.0000687314 0.0029362273
1403638221.84502 0.641836 -0.047852 0.540143 0.815252 -0.085453 0.570950 0.045574 0.0003627347 -0.0000090474 -0.0001325616 0.0000005651 0.0000033049 0.0000488122 0.0034588684 -0.0000842681 -0.0000039200 0.0050474700 0.0000686410 0.0029362901
1403638221.89502 0.621320 -0.047155 0.541262 0.814355 -0.084041 0.572315 0.047095 0.0003637385 -0.0000076051 -0.0001314250 0.0000004984 0.0000027457 0.0000478526 0.0034590316 -0.0000845294 -0.0000039715 0.0050391099 0.0000685461 0.0029363517
1403638221.94501 0.600559 -0.046699 0.544402 0.813865 -0.082018 0.573112 0.049389 0.0003644316 -0.0000053419 -0.0001306698 0.0000004177 0.0000019123 0.0000472184 0.0034592146 -0.0000848037 -0.0000040219 0.0050310115 0.0000684340 0.0029364199
1403638221.99501 0.580186 -0.045924 0.549539 0.813699 -0.080653 0.573411 0.050885 0.0003647213 -0.0000038192 -0.0001303398 0.0000003794 0.0000013611 0.0000469446 0.0034592580 -0.0000851499 -0.0000041205 0.0050231342 0.0000682189 0.0029364487
1403638222.04501 0.559778 -0.045572 0.556244 0.814116 -0.079423 0.572830 0.052655 0.0003644614 -0.0000021072 -0.0001306656 0.0000003516 0.0000007510 0.0000472113 0.0034593888 -0.0000854727 -0.0000041779 0.0050159994 0.0000680780 0.0029365197
1403638222.09501 0.539370 -0.044723 0.563063 0.815362 -0.078146 0.571079 0.054276 0.0003634321 -0.0000003540 -0.0001318931 0.0000003398 0.0000001233 0.0000482317 0.0034595090 -0.0000858248 -0.0000042472 0.0050091567 0.0000679135 0.0029365925
1403638222.14501 0.519048 -0.043686 0.568774 0.817325 -0.078144 0.568264 0.054306 0.0003615958 -0.0000000841 -0.0001340298 0.0000003394 0.0000000257 0.0000500479 0.0034595654 -0.0000862360 -0.0000043296 0.0050026711 0.0000677300 0.0029366622
1403638222.19501 0.498825 -0.042425 0.573147 0.819240 -0.077999 0.565475 0.054773 0.0003597799 0.0000005182 -0.0001360843 0.0000003402 -0.0000002018 0.0000518428 0.0034596109 -0.0000866485 -0.0000044182 0.0049965479 0.0000675356 0.0029367310
1403638222.24501 0.478982 -0.040939 0.576005 0.821038 -0.078525 0.562834 0.054294 0.0003579848 0.0000002216 -0.0001380639 0.0000003395 -0.0000000913 0.0000536187 0.0034596050 -0.0000870671 -0.0000045128 0.0049908724 0.0000673401 0.0029367938
1403638222.29502 0.459669 -0.039196 0.577312 0.822732 -0.079035 0.560313 0.053999 0.0003562561 0.0000000353 -0.0001399209 0.0000003393 -0.0000000198 0.0000553278 0.0034595882 -0.0000874504 -0.0000046075 0.0049856349 0.0000671510 0.0029368512
1403638222.34502 0.441220 -0.037441 0.577435 0.824457 -0.079243 0.557786 0.053544 0.0003544968 -0.0000001117 -0.0001417650 0.0000003393 0.0000000386 0.0000570677 0.0034595633 -0.0000877912 -0.0000047000 0.0049808077 0.0000669756 0.0029369021
1403638222.39502 0.423861 -0.035772 0.576485 0.825706 -0.079788 0.555880 0.053299 0.0003531574 -0.0000003302 -0.0001431332 0.0000003395 0.0000001277 0.0000583878 0.0034595453 -0.0000880562 -0.0000047851 0.0049764316 0.0000668203 0.0029369447
1403638222.44501 0.407630 -0.033892 0.574097 0.827217 -0.079791 0.553649 0.053088 0.0003515890 -0.0000002672 -0.0001447082 0.0000003394 0.0000001037 0.0000599376 0.0034595107 -0.0000882580 -0.0000048632 0.0049724781 0.0000666905 0.0029369753
1403638222.49501 0.392336 -0.031794 0.570575 0.828021 -0.079721 0.552455 0.053102 0.0003507422 -0.0000001295 -0.0001455357 0.0000003395 0.0000000472 0.0000607671 0.0034594981 -0.0000884241 -0.0000049186 0.0049689002 0.0000665791 0.0029370156
1403638222.54501 0.378263 -0.029953 0.566308 0.826858 -0.079929 0.554194 0.052793 0.0003519147 -0.0000005634 -0.0001443362 0.0000003406 0.0000002246 0.0000595767 0.0034594732 -0.0000885523 -0.0000049597 0.0049656193 0.0000664890 0.0029370540
1403638222.59501 0.365471 -0.028104 0.561455 0.824319 -0.079505 0.557998 0.053058 0.0003545292 -0.0000005549 -0.0001416189 0.0000003408 0.0000002150 0.0000569455 0.0034594633 -0.0000886111 -0.0000049921 0.0049626293 0.0000664318 0.0029370875
1403638222.64501 0.353677 -0.026232 0.555896 0.821268 -0.080121 0.562474 0.052173 0.0003574719 -0.0000017800 -0.0001384302 0.0000003490 0.0000006829 0.0000539786 0.0034594311 -0.0000886537 -0.0000050155 0.0049598440 0.0000663990 0.0029371171
1403638222.69501 0.342455 -0.024231 0.549536 0.819025 -0.080347 0.565738 0.051790 0.0003595935 -0.0000024129 -0.0001360377 0.0000003565 0.0000009065 0.0000518338 0.0034593979 -0.0000886736 -0.0000050327 0.0049572207 0.0000663980 0.0029371383
1403638222.74501 0.331469 -0.022182 0.542405 0.817619 -0.079905 0.567757 0.052591 0.0003609558 -0.0000019008 -0.0001344685 0.0000003505 0.0000007014 0.0000504621 0.0034593312 -0.0000887000 -0.0000050407 0.0049547181 0.0000664261 0.0029371507
1403638222.79501 0.320780 -0.019867 0.534597 0.816677 -0.079896 0.569119 0.052526 0.0003618218 -0.0000020637 -0.0001334392 0.0000003524 0.0000007543 0.0000495790 0.0034592261 -0.0000887357 -0.0000050433 0.0049523123 0.0000664867 0.0029371516
1403638222.84501 0.310410 -0.017541 0.526703 0.815055 -0.079397 0.571451 0.053152 0.0003633516 -0.0000016610 -0.0001316135 0.0000003483 0.0000005946 0.0000480383 0.0034590921 -0.0000887748 -0.0000050281 0.0049500286 0.0000665655 0.0029371457
1403638222.89500 0.300139 -0.015041 0.518955 0.811104 -0.078784 0.577080 0.053680 0.0003669210 -0.0000015751 -0.0001271963 0.0000003476 0.0000005388 0.0000444551 0.0034589441 -0.0000888079 -0.0000050059 0.0049478434 0.0000666667 0.0029371360
1403638222.94500 0.284232 -0.012439 0.507262 0.807439 -0.079152 0.582203 0.053074 0.0003699511 -0.0000025892 -0.0001231873 0.0000003570 0.0000008548 0.0000413767 0.0034549401 -0.0000911248 -0.0000054020 0.0049402259 0.0000669792 0.0029359327
1403638222.99500 0.273183 -0.009854 0.499220 0.806433 -0.079132 0.583640 0.052613 0.0003708103 -0.0000030119 -0.0001220031 0.0000003636 0.0000009836 0.0000404978 0.0034548618 -0.0000914246 -0.0000053751 0.0049382049 0.0000670518 0.0029360364
1403638223.04501 0.261538 -0.006703 0.492322 0.807085 -0.079033 0.582771 0.052390 0.0003702667 -0.0000030270 -0.0001227161 0.0000003641 0.0000009957 0.0000410285 0.0034548117 -0.0000914747 -0.0000053098 0.0049365603 0.0000671809 0.0029360875
1403638223.09501 0.248543 -0.003029 0.487359 0.809220 -0.078698 0.579802 0.052904 0.0003684871 -0.0000022745 -0.0001250651 0.0000003536 0.0000007641 0.0000428062 0.0034547103 -0.0000915370 -0.0000052389 0.0049350445 0.0000673202 0.0029361316
1403638223.14501 0.233843 0.001227 0.483207 0.812930 -0.078772 0.574549 0.053225 0.0003652365 -0.0000016220 -0.0001291795 0.0000003469 0.0000005654 0.0000460514 0.0034545824 -0.0000916167 -0.0000051761 0.0049336966 0.0000674562 0.0029361803
1403638223.19501 0.218978 0.005450 0.479862 0.818319 -0.080565 0.566806 0.050933 0.0003600925 -0.0000031404 -0.0001352436 0.0000003672 0.0000011716 0.0000511623 0.0034543756 -0.0000916431 -0.0000051384 0.0049324551 0.0000675513 0.0029361832
1403638223.24501 0.204409 0.010003 0.476669 0.823052 -0.083360 0.559803 0.047508 0.0003551448 -0.0000058502 -0.0001405914 0.0000004363 0.0000023089 0.0000560289 0.0034542470 -0.0000916004 -0.0000050778 0.0049315214 0.0000676627 0.0029362144
1403638223.29501 0.190655 0.013639 0.474515 0.826065 -0.084659 0.555309 0.045626 0.0003519001 -0.0000071595 -0.0001438897 0.0000004858 0.0000029209 0.0000592121 0.0034541213 -0.0000914839 -0.0000050153 0.0049307443 0.0000677612 0.0029362367
1403638223.34501 0.178070 0.016771 0.473066 0.825401 -0.085678 0.556219 0.044641 0.0003524104 -0.0000082975 -0.0001432929 0.0000005356 0.0000033676 0.0000586403 0.0034540970 -0.0000913284 -0.0000049451 0.0049300916 0.0000678433 0.0029362624
1403638223.39501 0.166291 0.019078 0.471012 0.824279 -0.087223 0.557799 0.042618 0.0003532675 -0.0000103695 -0.0001422592 0.0000006447 0.0000041702 0.0000576625 0.0034541147 -0.0000911317 -0.0000048826 0.0049295241 0.0000679133 0.0029362892
1403638223.44502 0.155404 0.021116 0.468266 0.822062 -0.090502 0.560878 0.037951 0.0003547960 -0.0000149974 -0.0001402234 0.0000009746 0.0000059232 0.0000557931 0.0034542080 -0.0000909292 -0.0000048193 0.0049290234 0.0000679666 0.0029363185
1403638223.49502 0.144879 0.022440 0.464670 0.819467 -0.094520 0.564362 0.032180 0.0003563184 -0.0000206969 -0.0001378368 0.0000015434 0.0000080041 0.0000536921 0.0034544196 -0.0000909524 -0.0000047315 0.0049287882 0.0000681285 0.0029363785
1403638223.54502 0.134079 0.022330 0.462098 0.817751 -0.096749 0.566631 0.029189 0.0003573417 -0.0000237666 -0.0001361853 0.0000019216 0.0000090563 0.0000522714 0.0034533454 -0.0000912372 -0.0000050693 0.0049264652 0.0000675607 0.0029360577
1403638223.59502 0.123838 0.021116 0.457616 0.817046 -0.095502 0.567763 0.030990 0.0003583258 -0.0000222364 -0.0001353306 0.0000017211 0.0000083960 0.0000514806 0.0034538113 -0.0000914675 -0.0000050325 0.0049268392 0.0000676878 0.0029362679
1403638223.64502 0.113960 0.018314 0.452997 0.816572 -0.091948 0.568706 0.036465 0.0003596918 -0.0000173723 -0.0001344812 0.0000011803 0.0000064911 0.0000506487 0.0034543602 -0.0000917536 -0.0000050043 0.0049272588 0.0000678420 0.0029364703
1403638223.69502 0.104251 0.014641 0.447925 0.816640 -0.088306 0.568820 0.041774 0.0003604080 -0.0000124691 -0.0001341927 0.0000007729 0.0000046369 0.0000503336 0.0034549891 -0.0000921150 -0.0000049770 0.0049277555 0.0000680204 0.0029366658
1403638223.74502 0.094833 0.010233 0.442854 0.816927 -0.083975 0.568567 0.048050 0.0003608690 -0.0000066106 -0.0001340673 0.0000004629 0.0000024480 0.0000501766 0.0034556720 -0.0000925325 -0.0000049516 0.0049283224 0.0000682223 0.0029368527
1403638223.79502 0.085372 0.005746 0.437267 0.817516 -0.081107 0.567744 0.052500 0.0003606857 -0.0000024832 -0.0001344102 0.0000003594 0.0000009158 0.0000504575 0.0034563911 -0.0000929924 -0.0000049315 0.0049289718 0.0000684436 0.0029370303
1403638223.84502 0.075966 0.001475 0.431783 0.817752 -0.078680 0.567450 0.055605 0.0003606985 0.0000005585 -0.0001344085 0.0000003437 -0.0000002188 0.0000504546 0.0034570973 -0.0000934537 -0.0000049141 0.0049297081 0.0000686760 0.0029371991
1403638223.89502 0.066774 -0.002544 0.425914 0.818047 -0.077056 0.567020 0.057869 0.0003605445 0.0000027295 -0.0001345504 0.0000003639 -0.0000010302 0.0000505821 0.0034577116 -0.0000938755 -0.0000049412 0.0049304136 0.0000689081 0.0029373277
1403638223.94502 0.058062 -0.006195 0.419965 0.817858 -0.074976 0.567277 0.060695 0.0003608391 0.0000053916 -0.0001341213 0.0000004244 -0.0000020167 0.0000502214 0.0034583819 -0.0000943044 -0.0000049245 0.0049311821 0.0000691562 0.0029374774
1403638223.99501 0.049477 -0.009245 0.413057 0.818361 -0.074294 0.566548 0.061565 0.0003603930 0.0000062990 -0.0001345883 0.0000004545 -0.0000023655 0.0000506318 0.0034590107 -0.0000947006 -0.0000049193 0.0049319862 0.0000694151 0.0029376149
1403638224.04502 0.040790 -0.010846 0.405224 0.820024 -0.073892 0.564126 0.062144 0.0003588118 0.0000070503 -0.0001363405 0.0000004833 -0.0000026925 0.0000521782 0.0034593369 -0.0000948766 -0.0000050445 0.0049325557 0.0000696077 0.0029376638
1403638224.09502 0.032574 -0.012108 0.396617 0.822384 -0.074529 0.560723 0.060989 0.0003564942 0.0000063381 -0.0001389296 0.0000004579 -0.0000024836 0.0000545169 0.0034597708 -0.0000950777 -0.0000050555 0.0049335477 0.0000698477 0.0029377983
1403638224.14502 0.024920 -0.012272 0.387815 0.825723 -0.075086 0.555829 0.059982 0.0003531192 0.0000058758 -0.0001425209 0.0000004434 -0.0000023851 0.0000579006 0.0034599664 -0.0000950763 -0.0000051402 0.0049340726 0.0000700367 0.0029378124
1403638224.19502 0.018272 -0.012060 0.379082 0.828750 -0.075964 0.551292 0.058999 0.0003499244 0.0000052565 -0.0001457727 0.0000004250 -0.0000022033 0.0000611087 0.0034602049 -0.0000950574 -0.0000051510 0.0049346938 0.0000702784 0.0029378861
1403638224.24502 0.013487 -0.012382 0.371670 0.829154 -0.076321 0.550705 0.058336 0.0003494738 0.0000047430 -0.0001462301 0.0000004110 -0.0000019982 0.0000615700 0.0034604320 -0.0000950711 -0.0000051303 0.0049353802 0.0000704868 0.0029380011
1403638224.29502 0.009950 -0.012367 0.365049 0.828154 -0.076216 0.552226 0.058294 0.0003505311 0.0000046338 -0.0001451801 0.0000004084 -0.0000019328 0.0000605118 0.0034606946 -0.0000950763 -0.0000050973 0.0049356867 0.0000706945 0.0029381009
1403638224.34502 0.007676 -0.011880 0.358983 0.824947 -0.076428 0.556996 0.058108 0.0003538145 0.0000040261 -0.0001418385 0.0000003935 -0.0000016274 0.0000572397 0.0034608945 -0.0000949880 -0.0000050607 0.0049357240 0.0000708908 0.0029381943
1403638224.39502 0.006433 -0.010581 0.352654 0.822069 -0.078775 0.561179 0.055459 0.0003564956 0.0000009928 -0.0001390300 0.0000003508 -0.0000003995 0.0000545966 0.0034609236 -0.0000947245 -0.0000050801 0.0049351944 0.0000710220 0.0029382102
1403638224.44502 0.005763 -0.008837 0.346007 0.818906 -0.081432 0.565777 0.051556 0.0003592794 -0.0000030214 -0.0001359094 0.0000003738 0.0000011320 0.0000517857 0.0034609434 -0.0000944340 -0.0000050567 0.0049347110 0.0000711792 0.0029382679
1403638224.49501 0.005512 -0.007400 0.339544 0.814621 -0.082342 0.571928 0.050110 0.0003631448 -0.0000049070 -0.0001313440 0.0000004152 0.0000017643 0.0000478747 0.0034609316 -0.0000941346 -0.0000050323 0.0049340992 0.0000713264 0.0029383184
1403638224.54501 0.005018 -0.005934 0.333242 0.811665 -0.081501 0.576133 0.051273 0.0003658828 -0.0000042007 -0.0001280055 0.0000003975 0.0000014588 0.0000451500 0.0034609152 -0.0000938786 -0.0000050132 0.0049334744 0.0000714749 0.0029383593
1403638224.59502 0.004167 -0.004238 0.326586 0.811294 -0.080884 0.576703 0.051714 0.0003662706 -0.0000037024 -0.0001275264 0.0000003871 0.0000012780 0.0000447680 0.0034608430 -0.0000936029 -0.0000050024 0.0049328591 0.0000716276 0.0029383814
1403638224.64502 0.002331 -0.002214 0.319011 0.813958 -0.080123 0.572937 0.052875 0.0003639825 -0.0000022799 -0.0001303836 0.0000003643 0.0000008051 0.0000470741 0.0034607618 -0.0000933342 -0.0000049952 0.0049323237 0.0000717764 0.0029383931
1403638224.69502 0.000382 -0.000490 0.311511 0.818764 -0.080260 0.566053 0.052605 0.0003595206 -0.0000018736 -0.0001356254 0.0000003606 0.0000006948 0.0000515369 0.0034607488 -0.0000931931 -0.0000049321 0.0049324384 0.0000719579 0.0029384727
1403638224.74502 -0.002874 0.005013 0.305179 0.824182 -0.080534 0.558099 0.052573 0.0003541882 -0.0000013174 -0.0001414392 0.0000003564 0.0000005138 0.0000568601 0.0034604480 -0.0000922682 -0.0000047826 0.0049304892 0.0000719787 0.0029385364
1403638224.79502 -0.003903 0.007018 0.300229 0.827508 -0.080652 0.553133 0.052618 0.0003507816 -0.0000008619 -0.0001449342 0.0000003544 0.0000003434 0.0000602659 0.0034601939 -0.0000918290 -0.0000046977 0.0049307656 0.0000721609 0.0029385997
1403638224.84502 -0.003429 0.009275 0.297659 0.827030 -0.080922 0.553886 0.051798 0.0003512416 -0.0000015599 -0.0001444612 0.0000003599 0.0000006289 0.0000597977 0.0034601957 -0.0000916412 -0.0000045910 0.0049304518 0.0000723336 0.0029386553
1403638224.89502 -0.001801 0.011756 0.296370 0.823837 -0.083200 0.558605 0.048289 0.0003541906 -0.0000051557 -0.0001413347 0.0000004287 0.0000020458 0.0000567772 0.0034601857 -0.0000914255 -0.0000044880 0.0049298431 0.0000724861 0.0029387037
1403638224.94502 0.000699 0.014103 0.295902 0.819962 -0.085564 0.564247 0.044339 0.0003576037 -0.0000091842 -0.0001374409 0.0000005902 0.0000035195 0.0000532000 0.0034601732 -0.0000912160 -0.0000043916 0.0049290450 0.0000726136 0.0029387490
1403638224.99502 -0.000608 0.030729 0.298385 0.815937 -0.088462 0.569905 0.040366 0.0003607606 -0.0000135754 -0.0001333802 0.0000008511 0.0000050088 0.0000496801 0.0034544275 -0.0000876725 -0.0000073262 0.0049123686 0.0000712448 0.0029344282
1403638225.04502 0.001318 0.032869 0.299315 0.813560 -0.089435 0.573293 0.038167 0.0003626810 -0.0000156465 -0.0001308705 0.0000010155 0.0000056359 0.0000475886 0.0034533454 -0.0000860689 -0.0000073578 0.0049118785 0.0000712238 0.0029343608
1403638225.09502 0.003804 0.034123 0.300859 0.812148 -0.088269 0.575387 0.039430 0.0003641540 -0.0000145579 -0.0001291981 0.0000009226 0.0000051542 0.0000462021 0.0034531834 -0.0000858136 -0.0000073411 0.0049107838 0.0000712338 0.0029343257
1403638225.14502 0.005768 0.034514 0.302558 0.812762 -0.085676 0.574700 0.042395 0.0003640661 -0.0000114781 -0.0001296061 0.0000007025 0.0000040741 0.0000465037 0.0034530510 -0.0000856197 -0.0000073158 0.0049097234 0.0000712419 0.0029342999
1403638225.19502 0.009409 0.033805 0.306684 0.815446 -0.083387 0.571023 0.045011 0.0003620197 -0.0000084491 -0.0001322829 0.0000005365 0.0000030745 0.0000487031 0.0034515136 -0.0000860591 -0.0000074381 0.0049080959 0.0000716701 0.0029336193
1403638225.24502 0.010707 0.033290 0.308693 0.819244 -0.081310 0.565710 0.046906 0.0003587257 -0.0000058590 -0.0001362118 0.0000004348 0.0000022108 0.0000520913 0.0034513498 -0.0000859708 -0.0000074726 0.0049067374 0.0000717366 0.0029335613
1403638225.29503 0.013424 0.034411 0.315968 0.822724 -0.079922 0.560699 0.048524 0.0003555174 -0.0000037828 -0.0001397881 0.0000003772 0.0000014730 0.0000553365 0.0034495461 -0.0000865170 -0.0000068043 0.0049034585 0.0000719592 0.0029318450
1403638225.34503 0.015976 0.033826 0.319513 0.822932 -0.078786 0.560436 0.049871 0.0003554236 -0.0000024305 -0.0001399067 0.0000003531 0.0000009416 0.0000554445 0.0034491466 -0.0000862423 -0.0000067366 0.0049018625 0.0000720433 0.0029316094
1403638225.39503 0.018684 0.033429 0.321741 0.821896 -0.077730 0.562017 0.050819 0.0003565418 -0.0000015156 -0.0001386995 0.0000003423 0.0000005739 0.0000543274 0.0034488994 -0.0000861080 -0.0000066372 0.0049002594 0.0000721392 0.0029314137
1403638225.44503 0.022074 0.032794 0.322620 0.818859 -0.077460 0.566415 0.051427 0.0003594856 -0.0000013974 -0.0001354124 0.0000003407 0.0000005105 0.0000513760 0.0034487141 -0.0000859807 -0.0000065311 0.0048986123 0.0000722439 0.0029312213
1403638225.49503 0.025364 0.032036 0.322157 0.813790 -0.076327 0.573711 0.052694 0.0003642591 -0.0000007487 -0.0001297751 0.0000003363 0.0000002505 0.0000465986 0.0034485326 -0.0000858728 -0.0000064717 0.0048969081 0.0000723884 0.0029309924
1403638225.54503 0.028843 0.031242 0.320307 0.808502 -0.075831 0.581115 0.053661 0.0003689041 -0.0000005821 -0.0001238631 0.0000003351 0.0000001790 0.0000419469 0.0034483841 -0.0000857509 -0.0000064559 0.0048952582 0.0000725911 0.0029307266
1403638225.59503 0.031478 0.031266 0.316965 0.803044 -0.074947 0.588623 0.055012 0.0003734406 -0.0000000107 -0.0001176269 0.0000003336 -0.0000000134 0.0000374044 0.0034479500 -0.0000854368 -0.0000066640 0.0048934524 0.0000729687 0.0029302787
1403638225.64503 0.032983 0.032562 0.311502 0.798107 -0.074371 0.595341 0.055346 0.0003772825 -0.0000001487 -0.0001119284 0.0000003331 0.0000000273 0.0000335561 0.0034477358 -0.0000852366 -0.0000067234 0.0048920576 0.0000732019 0.0029299771
1403638225.69504 0.032208 0.035168 0.302003 0.797972 -0.073995 0.595521 0.055850 0.0003773963 0.0000003306 -0.0001117428 0.0000003328 -0.0000001151 0.0000334358 0.0034474812 -0.0000850191 -0.0000068004 0.0048909289 0.0000734040 0.0029296941
1403638225.74504 0.031172 0.035692 0.290848 0.800382 -0.073529 0.592310 0.056139 0.0003756024 0.0000010356 -0.0001144420 0.0000003352 -0.0000003333 0.0000352212 0.0034472619 -0.0000847627 -0.0000068817 0.0048904593 0.0000734979 0.0029295018
1403638225.79504 0.028802 0.037226 0.277365 0.805207 -0.074235 0.585736 0.055180 0.0003717450 0.0000006994 -0.0001199728 0.0000003337 -0.0000002439 0.0000390747 0.0034471643 -0.0000846756 -0.0000069826 0.0048900490 0.0000735826 0.0029293488
1403638225.84504 0.025481 0.040170 0.261933 0.811794 -0.074208 0.576571 0.055231 0.0003661748 0.0000015403 -0.0001273278 0.0000003397 -0.0000005544 0.0000446375 0.0034470597 -0.0000845283 -0.0000071059 0.0048899351 0.0000736364 0.0029292576
1403638225.89504 0.022807 0.042440 0.245438 0.817753 -0.074358 0.568084 0.055061 0.0003607637 0.0000021075 -0.0001338667 0.0000003466 -0.0000008014 0.0000500425 0.0034468273 -0.0000842003 -0.0000072933 0.0048900317 0.0000737198 0.0029291554
1403638225.94504 0.019313 0.046484 0.228594 0.822045 -0.074829 0.561877 0.054199 0.0003566202 0.0000018721 -0.0001385331 0.0000003453 -0.0000007467 0.0000541901 0.0034467155 -0.0000839392 -0.0000074305 0.0048900647 0.0000737379 0.0029291103
1403638225.99504 0.016360 0.050871 0.210506 0.826119 -0.076921 0.555856 0.051329 0.0003523586 -0.0000003174 -0.0001430616 0.0000003376 0.0000001099 0.0000584669 0.0034466443 -0.0000835709 -0.0000075813 0.0048904376 0.0000737424 0.0029291202
1403638226.04505 0.017000 0.056866 0.204346 0.832251 -0.074621 0.547053 0.050236 0.0003461308 0.0000006986 -0.0001491959 0.0000003411 -0.0000003211 0.0000647013 0.0034465620 -0.0000830090 -0.0000077023 0.0048903470 0.0000737649 0.0029291587
1403638226.09505 0.021287 0.062129 0.212897 0.829757 -0.086858 0.550398 0.031963 0.0003467967 -0.0000160978 -0.0001476985 0.0000010894 0.0000068426 0.0000632969 0.0034464910 -0.0000825447 -0.0000077505 0.0048896418 0.0000738033 0.0029292110
1403638226.14505 0.026218 0.066206 0.219085 0.830702 -0.088864 0.548915 0.026997 0.0003451663 -0.0000198706 -0.0001487924 0.0000014887 0.0000085537 0.0000645380 0.0034465608 -0.0000822086 -0.0000078177 0.0048888534 0.0000738502 0.0029293054
1403638226.19505 0.031555 0.069209 0.218434 0.834872 -0.084003 0.543023 0.032528 0.0003417287 -0.0000138641 -0.0001526178 0.0000009093 0.0000061771 0.0000685647 0.0034467266 -0.0000819913 -0.0000079131 0.0048880376 0.0000738878 0.0029294490
1403638226.24505 0.036525 0.071999 0.214205 0.835046 -0.072855 0.542709 0.053458 0.0003432243 0.0000037795 -0.0001518599 0.0000003913 -0.0000016950 0.0000675967 0.0034469600 -0.0000818150 -0.0000080323 0.0048873319 0.0000739129 0.0029296547
1403638226.29505 0.034821 0.074513 0.219511 0.826679 -0.083037 0.554702 0.044860 0.0003510776 -0.0000068674 -0.0001442372 0.0000004864 0.0000028030 0.0000596580 0.0034472470 -0.0000817202 -0.0000081308 0.0048878019 0.0000739069 0.0029299790
1403638226.34505 0.035024 0.076430 0.222189 0.831204 -0.073727 0.548708 0.050834 0.0003473779 0.0000013078 -0.0001480400 0.0000003596 -0.0000005794 0.0000634966 0.0034476259 -0.0000816803 -0.0000082403 0.0048880687 0.0000739013 0.0029303627
1403638226.39505 0.036134 0.075509 0.226778 0.830959 -0.071773 0.549333 0.050883 0.0003478213 0.0000021060 -0.0001476117 0.0000003700 -0.0000009164 0.0000630549 0.0034481057 -0.0000818896 -0.0000083412 0.0048882601 0.0000738997 0.0029308251
1403638226.44505 0.037280 0.073607 0.233314 0.830943 -0.073954 0.549080 0.050742 0.0003476493 0.0000011254 -0.0001477958 0.0000003637 -0.0000005009 0.0000632454 0.0034486826 -0.0000821923 -0.0000084417 0.0048885174 0.0000738944 0.0029313780
1403638226.49505 0.037684 0.072212 0.239081 0.830886 -0.073836 0.549217 0.050370 0.0003477294 0.0000009308 -0.0001477276 0.0000003652 -0.0000004180 0.0000631760 0.0034493613 -0.0000824689 -0.0000085593 0.0048889647 0.0000738763 0.0029320340
1403638226.54505 0.038384 0.071020 0.244522 0.830309 -0.073424 0.550119 0.050639 0.0003483870 0.0000011993 -0.0001470970 0.0000003696 -0.0000005292 0.0000625264 0.0034501539 -0.0000827406 -0.0000086905 0.0048894446 0.0000738512 0.0029327954
1403638226.59505 0.038305 0.069569 0.250866 0.830405 -0.073537 0.549914 0.051122 0.0003482791 0.0000014705 -0.0001472070 0.0000003745 -0.0000006447 0.0000626418 0.0034510754 -0.0000830540 -0.0000088312 0.0048901436 0.0000738149 0.0029336813
1403638226.64505 0.038925 0.067946 0.256687 0.830326 -0.073936 0.550057 0.050285 0.0003483365 0.0000007680 -0.0001471642 0.0000003727 -0.0000003475 0.0000625986 0.0034521418 -0.0000833915 -0.0000089859 0.0048908290 0.0000737733 0.0029346913
1403638226.69505 0.039005 0.065938 0.263051 0.830723 -0.073313 0.549473 0.051032 0.0003479752 0.0000015423 -0.0001475157 0.0000003807 -0.0000006774 0.0000629645 0.0034533686 -0.0000837810 -0.0000091523 0.0048917149 0.0000737208 0.0029358468
1403638226.74505 0.038979 0.064517 0.269267 0.830814 -0.074373 0.549298 0.049878 0.0003477905 0.0000003915 -0.0001477091 0.0000003770 -0.0000001895 0.0000631654 0.0034547567 -0.0000841418 -0.0000093369 0.0048927402 0.0000736569 0.0029371551
1403638226.79505 0.039137 0.062706 0.275324 0.830536 -0.073332 0.549735 0.051227 0.0003481850 0.0000016352 -0.0001473270 0.0000003872 -0.0000007159 0.0000627733 0.0034563377 -0.0000845509 -0.0000095366 0.0048938711 0.0000735842 0.0029386286
1403638226.84505 0.038733 0.061378 0.281817 0.830557 -0.074094 0.549711 0.050037 0.0003481046 0.0000005736 -0.0001474206 0.0000003833 -0.0000002667 0.0000628704 0.0034581106 -0.0000849472 -0.0000097541 0.0048952425 0.0000734974 0.0029402850
1403638226.89505 0.038657 0.059378 0.288138 0.830707 -0.073483 0.549487 0.050884 0.0003480041 0.0000013772 -0.0001475201 0.0000003907 -0.0000006081 0.0000629762 0.0034601170 -0.0000854152 -0.0000099875 0.0048967234 0.0000734020 0.0029421336
1403638226.94505 0.038578 0.057792 0.294805 0.830738 -0.073918 0.549419 0.050487 0.0003479400 0.0000009516 -0.0001475931 0.0000003908 -0.0000004280 0.0000630531 0.0034623519 -0.0000858726 -0.0000102402 0.0048983835 0.0000732944 0.0029441903
1403638226.99505 0.037968 0.056346 0.301229 0.830842 -0.074264 0.549261 0.049978 0.0003478045 0.0000005009 -0.0001477338 0.0000003918 -0.0000002371 0.0000632005 0.0034648408 -0.0000863480 -0.0000105148 0.0049003212 0.0000731711 0.0029464753
1403638227.04505 0.037580 0.054570 0.307683 0.830681 -0.073477 0.549520 0.050966 0.0003480531 0.0000014272 -0.0001474956 0.0000003999 -0.0000006298 0.0000629568 0.0034676146 -0.0000868722 -0.0000108089 0.0049024334 0.0000730367 0.0029490000
1403638227.09505 0.036928 0.053333 0.314386 0.830777 -0.074429 0.549351 0.049831 0.0003478724 0.0000003329 -0.0001476844 0.0000003973 -0.0000001660 0.0000631532 0.0034706722 -0.0000873828 -0.0000111264 0.0049048167 0.0000728864 0.0029517841
1403638227.14505 0.036539 0.051398 0.321158 0.830824 -0.073770 0.549288 0.050715 0.0003478888 0.0000011660 -0.0001476722 0.0000004040 -0.0000005203 0.0000631433 0.0034740689 -0.0000879740 -0.0000114641 0.0049074032 0.0000727249 0.0029548434
1403638227.19505 0.035778 0.050046 0.327811 0.830794 -0.074260 0.549332 0.050003 0.0003478839 0.0000005123 -0.0001476885 0.0000004038 -0.0000002427 0.0000631615 0.0034777932 -0.0000885513 -0.0000118290 0.0049103152 0.0000725454 0.0029581996
1403638227.24505 0.035012 0.048381 0.334581 0.830860 -0.073851 0.549252 0.050404 0.0003478580 0.0000009396 -0.0001477192 0.0000004086 -0.0000004246 0.0000631958 0.0034818945 -0.0000891847 -0.0000122177 0.0049135143 0.0000723511 0.0029618711
1403638227.29505 0.034453 0.046886 0.341463 0.830848 -0.074016 0.549263 0.050232 0.0003478628 0.0000007627 -0.0001477235 0.0000004108 -0.0000003496 0.0000632022 0.0034863840 -0.0000898324 -0.0000126331 0.0049169871 0.0000721416 0.0029658757
1403638227.34505 0.033574 0.045485 0.348424 0.830885 -0.074225 0.549202 0.049970 0.0003478109 0.0000005155 -0.0001477825 0.0000004130 -0.0000002449 0.0000632653 0.0034912903 -0.0000905104 -0.0000130766 0.0049208425 0.0000719136 0.0029702393
1403638227.39505 0.032835 0.043892 0.355452 0.830880 -0.073876 0.549221 0.050373 0.0003478553 0.0000009121 -0.0001477457 0.0000004178 -0.0000004136 0.0000632296 0.0034966506 -0.0000912362 -0.0000135481 0.0049250284 0.0000716693 0.0029749807
1403638227.44505 0.031914 0.042556 0.362512 0.830927 -0.074247 0.549137 0.049952 0.0003477781 0.0000004999 -0.0001478300 0.0000004192 -0.0000002388 0.0000633189 0.0035024788 -0.0000919794 -0.0000140509 0.0049296227 0.0000714054 0.0029801249
1403638227.49505 0.031076 0.040936 0.369770 0.830938 -0.074007 0.549130 0.050201 0.0003477956 0.0000007567 -0.0001478200 0.0000004233 -0.0000003482 0.0000633110 0.0035088238 -0.0000927823 -0.0000145835 0.0049346079 0.0000711239 0.0029856947
1403638227.54505 0.030047 0.039476 0.376992 0.830931 -0.074092 0.549148 0.050016 0.0003478036 0.0000006042 -0.0001478211 0.0000004259 -0.0000002835 0.0000633141 0.0035157017 -0.0000936139 -0.0000151498 0.0049400557 0.0000708214 0.0029917166
1403638227.59505 0.028972 0.037936 0.384373 0.830927 -0.074112 0.549155 0.049963 0.0003478128 0.0000005613 -0.0001478203 0.0000004290 -0.0000002655 0.0000633155 0.0035231537 -0.0000944938 -0.0000157495 0.0049459713 0.0000704987 0.0029982155
1403638227.64505 0.027923 0.036355 0.391915 0.830941 -0.074019 0.549133 0.050120 0.0003478137 0.0000006996 -0.0001478269 0.0000004327 -0.0000003246 0.0000633248 0.0035312126 -0.0000954188 -0.0000163841 0.0049523718 0.0000701554 0.0030052176
1403638227.69505 0.026724 0.034933 0.399388 0.830996 -0.074246 0.549047 0.049809 0.0003477410 0.0000004177 -0.0001479061 0.0000004350 -0.0000002050 0.0000634091 0.0035399058 -0.0000963768 -0.0000170567 0.0049593167 0.0000697889 0.0030127519
1403638227.74505 0.025493 0.033341 0.406956 0.830982 -0.074113 0.549068 0.049998 0.0003477751 0.0000005896 -0.0001478807 0.0000004388 -0.0000002783 0.0000633851 0.0035492835 -0.0000973955 -0.0000177668 0.0049668187 0.0000694001 0.0030208466
1403638227.79505 0.024329 0.031897 0.414570 0.831012 -0.074299 0.549020 0.049744 0.0003477329 0.0000003563 -0.0001479302 0.0000004415 -0.0000001793 0.0000634387 0.0035593705 -0.0000984470 -0.0000185172 0.0049748939 0.0000689879 0.0030295303
1403638227.84505 0.023203 0.030398 0.422249 0.831057 -0.074174 0.548956 0.049900 0.0003477044 0.0000005106 -0.0001479652 0.0000004452 -0.0000002453 0.0000634776 0.0035702148 -0.0000995511 -0.0000193087 0.0049835813 0.0000685519 0.0030388343
1403638227.89505 0.022013 0.028992 0.429965 0.831063 -0.074253 0.548947 0.049780 0.0003476979 0.0000004037 -0.0001479800 0.0000004483 -0.0000002000 0.0000634953 0.0035818507 -0.0001006987 -0.0000201434 0.0049929346 0.0000680901 0.0030487910
1403638227.94505 0.020790 0.027553 0.437787 0.831079 -0.074294 0.548922 0.049731 0.0003476844 0.0000003575 -0.0001480013 0.0000004515 -0.0000001806 0.0000635198 0.0035943265 -0.0001019024 -0.0000210221 0.0050029862 0.0000676025 0.0030594333
1403638227.99505 0.019572 0.026068 0.445671 0.831070 -0.074302 0.548933 0.049750 0.0003477008 0.0000003653 -0.0001479937 0.0000004549 -0.0000001841 0.0000635143 0.0036076869 -0.0001031640 -0.0000219465 0.0050137679 0.0000670881 0.0030707949
1403638228.04505 0.018255 0.024616 0.453608 0.831103 -0.074373 0.548881 0.049667 0.0003476660 0.0000002871 -0.0001480354 0.0000004582 -0.0000001510 0.0000635602 0.0036219736 -0.0001044810 -0.0000229187 0.0050253379 0.0000665455 0.0030829116
1403638228.09505 0.016945 0.023075 0.461624 0.831108 -0.074267 0.548879 0.049757 0.0003476775 0.0000003877 -0.0001480325 0.0000004619 -0.0000001941 0.0000635596 0.0036372396 -0.0001058638 -0.0000239396 0.0050377195 0.0000659746 0.0030958188
1403638228.14505 0.015661 0.021547 0.469765 0.831107 -0.074376 0.548876 0.049647 0.0003476761 0.0000002734 -0.0001480423 0.0000004651 -0.0000001457 0.0000635723 0.0036535288 -0.0001073046 -0.0000250111 0.0050509526 0.0000653745 0.0031095536
1403638228.19505 0.014377 0.019954 0.477999 0.831125 -0.074339 0.548851 0.049676 0.0003476676 0.0000003086 -0.0001480587 0.0000004687 -0.0000001609 0.0000635919 0.0036708954 -0.0001088132 -0.0000261348 0.0050650862 0.0000647441 0.0031241546
1403638228.24505 0.013032 0.018363 0.486260 0.831133 -0.074379 0.548839 0.049623 0.0003476631 0.0000002596 -0.0001480714 0.0000004721 -0.0000001402 0.0000636076 0.0036893879 -0.0001103872 -0.0000273130 0.0050801769 0.0000640821 0.0031396619
1403638228.29505 0.011790 0.016689 0.494648 0.831126 -0.074442 0.548845 0.049563 0.0003476717 0.0000001953 -0.0001480717 0.0000004756 -0.0000001131 0.0000636104 0.0037090648 -0.0001120320 -0.0000285466 0.0050962435 0.0000633887 0.0031561151
1403638228.34505 0.010559 0.014946 0.503022 0.831152 -0.074459 0.548805 0.049545 0.0003476498 0.0000001796 -0.0001481011 0.0000004791 -0.0000001066 0.0000636436 0.0037299806 -0.0001137507 -0.0000298382 0.0051133507 0.0000626623 0.0031735567
1403638228.39505 0.009185 0.013225 0.511402 0.831169 -0.074548 0.548778 0.049431 0.0003476305 0.0000000732 -0.0001481280 0.0000004826 -0.0000000615 0.0000636743 0.0037521872 -0.0001155417 -0.0000311897 0.0051315785 0.0000619007 0.0031920311
1403638228.44505 0.007795 0.011425 0.519883 0.831194 -0.074470 0.548746 0.049484 0.0003476192 0.0000001411 -0.0001481473 0.0000004863 -0.0000000907 0.0000636970 0.0037757497 -0.0001174133 -0.0000326022 0.0051509569 0.0000611041 0.0032115818
1403638228.49505 0.006409 0.009629 0.528467 0.831166 -0.074551 0.548786 0.049391 0.0003476491 0.0000000460 -0.0001481271 0.0000004899 -0.0000000503 0.0000636786 0.0038007237 -0.0001193594 -0.0000340779 0.0051715366 0.0000602713 0.0032322541
1403638228.54505 0.004952 0.007806 0.537090 0.831207 -0.074512 0.548733 0.049356 0.0003476168 0.0000000444 -0.0001481665 0.0000004935 -0.0000000499 0.0000637224 0.0038271735 -0.0001213873 -0.0000356189 0.0051933875 0.0000594008 0.0032540957
1403638228.59505 0.003449 0.005995 0.545762 0.831237 -0.074528 0.548690 0.049295 0.0003475904 0.0000000028 -0.0001482003 0.0000004972 -0.0000000323 0.0000637603 0.0038551609 -0.0001234951 -0.0000372271 0.0052165630 0.0000584916 0.0032771542
1403638228.64505 0.001943 0.004144 0.554528 0.831262 -0.074540 0.548647 0.049334 0.0003475701 0.0000000256 -0.0001482283 0.0000005009 -0.0000000423 0.0000637923 0.0038847554 -0.0001256888 -0.0000389041 0.0052411151 0.0000575430 0.0033014790
1403638228.69505 0.000448 0.002268 0.563383 0.831254 -0.074581 0.548656 0.049297 0.0003475820 -0.0000000160 -0.0001482254 0.0000005047 -0.0000000248 0.0000637920 0.0039160244 -0.0001279690 -0.0000406522 0.0052671024 0.0000565541 0.0033271206
1403638228.74505 -0.001085 0.000351 0.572279 0.831282 -0.074597 0.548615 0.049263 0.0003475587 -0.0000000411 -0.0001482563 0.0000005085 -0.0000000143 0.0000638270 0.0039490389 -0.0001303413 -0.0000424733 0.0052945975 0.0000555235 0.0033541317
1403638228.79505 -0.002619 -0.001598 0.581319 0.831314 -0.074616 0.548564 0.049270 0.0003475304 -0.0000000405 -0.0001482919 0.0000005123 -0.0000000148 0.0000638671 0.0039838711 -0.0001328064 -0.0000443691 0.0053236600 0.0000544504 0.0033825653
