# timestamp (sec),tracking,propagation,msckf update,slam update,slam delayed,re-tri & marg,total
1403638148.150322437286377,0.00680,0.00016,0.00086,0.00000,0.00000,0.00282,0.01065
1403638148.208610057830811,0.00929,0.00017,0.00076,0.00000,0.00063,0.00221,0.01307
1403638148.258804798126221,0.01064,0.00025,0.00030,0.00004,0.00000,0.00256,0.01379
1403638148.309026002883911,0.00718,0.00015,0.00012,0.00003,0.00000,0.00172,0.00920
1403638148.355216503143311,0.00853,0.00019,0.00030,0.00000,0.00001,0.00261,0.01165
1403638148.406136274337769,0.00819,0.00032,0.00031,0.00000,0.00000,0.00300,0.01183
1403638148.456136226654053,0.00672,0.00016,0.00010,0.00000,0.00000,0.00215,0.00912
1403638148.506264448165894,0.00700,0.00020,0.00014,0.00000,0.00000,0.00231,0.00965
1403638148.553179740905762,0.00524,0.00026,0.00027,0.00000,0.00072,0.00217,0.00866
1403638148.600021839141846,0.00667,0.00029,0.00010,0.00012,0.00214,0.00356,0.01288
1403638148.649444580078125,0.00523,0.00016,0.00005,0.00015,0.00003,0.00195,0.00757
1403638148.699910879135132,0.00518,0.00016,0.00005,0.00016,0.00045,0.00193,0.00793
1403638148.749768733978271,0.00486,0.00017,0.00018,0.00015,0.00052,0.00211,0.00799
1403638148.799776077270508,0.00493,0.00023,0.00045,0.00028,0.00152,0.00268,0.01009
1403638148.849650621414185,0.00479,0.00018,0.00007,0.00018,0.00000,0.00231,0.00754
1403638148.897145986557007,0.00417,0.00015,0.00014,0.00014,0.00052,0.00180,0.00691
1403638148.946443796157837,0.00382,0.00017,0.00028,0.00014,0.00034,0.00211,0.00686
1403638148.996404409408569,0.00669,0.00017,0.00003,0.00019,0.00014,0.00221,0.00944
1403638149.046463727951050,0.00562,0.00022,0.00016,0.00016,0.00012,0.00254,0.00883
1403638149.097222328186035,0.00576,0.00031,0.00002,0.00029,0.00164,0.00343,0.01145
1403638149.147256374359131,0.00491,0.00023,0.00002,0.00021,0.00007,0.00211,0.00755
1403638149.197238445281982,0.00592,0.00016,0.00002,0.00014,0.00000,0.00196,0.00821
1403638149.247282981872559,0.00691,0.00030,0.00016,0.00024,0.00006,0.00377,0.01143
1403638149.296910285949707,0.00641,0.00028,0.00006,0.00028,0.00325,0.00280,0.01308
1403638149.346713304519653,0.00619,0.00023,0.00051,0.00028,0.00027,0.00220,0.00969
1403638149.396628379821777,0.00656,0.00034,0.00003,0.00048,0.00216,0.00384,0.01341
1403638149.446557998657227,0.00527,0.00017,0.00006,0.00025,0.00000,0.00213,0.00788
1403638149.496108770370483,0.00570,0.00016,0.00001,0.00023,0.00091,0.00253,0.00955
1403638149.545143604278564,0.00576,0.00016,0.00051,0.00024,0.00738,0.00187,0.01593
1403638149.594631195068359,0.00628,0.00031,0.00044,0.00135,0.00377,0.00278,0.01493
1403638149.644391775131226,0.00592,0.00021,0.00002,0.00201,0.00460,0.00268,0.01544
1403638149.694196939468384,0.00581,0.00020,0.00008,0.00187,0.00089,0.00200,0.01084
1403638149.744667053222656,0.00582,0.00025,0.00005,0.00252,0.00005,0.00210,0.01080
1403638149.794679880142212,0.00595,0.00030,0.00014,0.00365,0.00000,0.00252,0.01257
1403638149.844971179962158,0.00605,0.00032,0.00027,0.00351,0.00008,0.00358,0.01380
1403638149.895532369613647,0.00604,0.00033,0.00003,0.00330,0.00761,0.00256,0.01987
1403638149.945734977722168,0.00554,0.00030,0.00002,0.00371,0.00018,0.00183,0.01158
1403638149.995614051818848,0.00567,0.00026,0.00033,0.00259,0.00059,0.00173,0.01117
1403638150.045607566833496,0.00651,0.00036,0.00002,0.00331,0.00000,0.00266,0.01287
1403638150.095443248748779,0.00587,0.00022,0.00001,0.00281,0.00013,0.00208,0.01112
1403638150.145694971084595,0.00571,0.00028,0.00002,0.00333,0.00157,0.00199,0.01291
1403638150.195759296417236,0.00525,0.00032,0.00002,0.00528,0.00010,0.00317,0.01415
1403638150.245204448699951,0.00568,0.00027,0.00002,0.00412,0.00000,0.00242,0.01251
1403638150.295672178268433,0.00490,0.00029,0.00002,0.00381,0.00004,0.00167,0.01074
1403638150.345976829528809,0.00506,0.00036,0.00002,0.00490,0.00008,0.00279,0.01321
1403638150.396484375000000,0.00447,0.00026,0.00009,0.00426,0.00000,0.00256,0.01163
1403638150.446482181549072,0.00552,0.00026,0.00002,0.00382,0.00009,0.00241,0.01212
1403638150.496462583541870,0.00577,0.00035,0.00006,0.00415,0.00044,0.00228,0.01304
1403638150.546343088150024,0.00569,0.00026,0.00002,0.00390,0.00031,0.00233,0.01251
1403638150.596327066421509,0.00547,0.00024,0.00049,0.00325,0.00067,0.00145,0.01158
1403638150.646350145339966,0.00772,0.00039,0.00011,0.00543,0.00000,0.00346,0.01711
1403638150.696322679519653,0.00541,0.00018,0.00010,0.00247,0.00029,0.00196,0.01041
1403638150.746329784393311,0.00671,0.00039,0.00008,0.00367,0.00213,0.00351,0.01649
1403638150.796319723129272,0.00639,0.00021,0.00001,0.00248,0.00005,0.00219,0.01134
1403638150.846290349960327,0.00573,0.00019,0.00014,0.00223,0.00002,0.00170,0.01000
1403638150.896341085433960,0.00696,0.00041,0.00016,0.00481,0.00105,0.00345,0.01684
1403638150.946330070495605,0.00779,0.00035,0.00003,0.00364,0.00008,0.00292,0.01480
1403638150.996278762817383,0.00497,0.00017,0.00008,0.00220,0.00000,0.00187,0.00929
1403638151.046213865280151,0.00688,0.00038,0.00035,0.00495,0.00004,0.00321,0.01581
1403638151.096169948577881,0.00619,0.00028,0.00028,0.00331,0.00329,0.00291,0.01626
1403638151.146106004714966,0.00593,0.00034,0.00168,0.00485,0.00382,0.00308,0.01970
1403638151.195875167846680,0.00577,0.00028,0.00396,0.00411,0.00912,0.00259,0.02583
1403638151.245781660079956,0.00554,0.00021,0.00001,0.00295,0.00000,0.00210,0.01081
1403638151.295781612396240,0.00574,0.00020,0.00005,0.00303,0.00022,0.00197,0.01121
1403638151.345764160156250,0.00692,0.00044,0.00019,0.00456,0.00224,0.00337,0.01773
1403638151.395776033401489,0.00584,0.00036,0.00157,0.00445,0.00164,0.00242,0.01627
1403638151.445665597915649,0.00607,0.00026,0.00011,0.00488,0.00139,0.00263,0.01533
1403638151.495570659637451,0.00512,0.00028,0.00015,0.00477,0.00705,0.00314,0.02051
1403638151.545490026473999,0.00722,0.00021,0.00016,0.00334,0.00004,0.00208,0.01305
1403638151.595295429229736,0.00636,0.00029,0.00004,0.00325,0.00000,0.00170,0.01164
1403638151.645224571228027,0.00578,0.00017,0.00026,0.00292,0.00086,0.00189,0.01187
1403638151.695140123367310,0.00548,0.00019,0.00040,0.00281,0.00106,0.00185,0.01179
1403638151.745065689086914,0.00707,0.00050,0.00012,0.00603,0.00337,0.00358,0.02068
1403638151.795019626617432,0.00671,0.00044,0.00093,0.00503,0.00857,0.00285,0.02455
1403638151.845007419586182,0.00584,0.00032,0.00009,0.00518,0.00000,0.00249,0.01391
1403638151.895000934600830,0.00537,0.00021,0.00002,0.00343,0.00139,0.00176,0.01217
1403638151.945005655288696,0.00545,0.00026,0.00001,0.00363,0.00029,0.00191,0.01155
1403638151.995014190673828,0.00542,0.00020,0.00002,0.00360,0.00626,0.00183,0.01733
1403638152.045012950897217,0.00519,0.00034,0.00044,0.00435,0.00000,0.00167,0.01201
1403638152.095008134841919,0.00509,0.00029,0.00720,0.00400,0.00560,0.00150,0.02368
1403638152.145041704177856,0.00815,0.00046,0.00003,0.01023,0.00213,0.00316,0.02415
1403638152.195034027099609,0.00646,0.00025,0.00006,0.00556,0.00000,0.00236,0.01468
1403638152.245036363601685,0.00705,0.00032,0.00019,0.00758,0.00000,0.00294,0.01808
1403638152.295047283172607,0.00628,0.00021,0.00002,0.00466,0.00254,0.00210,0.01580
1403638152.345063924789429,0.00656,0.00038,0.00019,0.01019,0.00186,0.00299,0.02217
1403638152.395080804824829,0.00665,0.00029,0.00343,0.00743,0.00537,0.00222,0.02538
1403638152.445109367370605,0.00633,0.00039,0.00027,0.00915,0.00000,0.00260,0.01874
1403638152.495133161544800,0.00624,0.00038,0.00002,0.00733,0.00997,0.00168,0.02562
1403638152.545116901397705,0.00399,0.00027,0.00073,0.00553,0.00021,0.00209,0.01282
1403638152.595126628875732,0.00574,0.00022,0.00056,0.00546,0.00000,0.00169,0.01368
1403638152.645150423049927,0.00638,0.00022,0.00007,0.00543,0.00000,0.00250,0.01461
1403638152.695243120193481,0.00584,0.00033,0.01918,0.00467,0.00011,0.00149,0.03161
1403638152.745196104049683,0.00644,0.00037,0.00043,0.00806,0.00004,0.00266,0.01800
1403638152.795164585113525,0.00621,0.00030,0.00025,0.00685,0.00003,0.00262,0.01626
1403638152.845149278640747,0.00792,0.00035,0.00010,0.00682,0.00000,0.00262,0.01781
1403638152.895106315612793,0.00609,0.00041,0.00015,0.00754,0.00007,0.00281,0.01707
1403638152.945097923278809,0.00549,0.00019,0.00040,0.00377,0.00000,0.00214,0.01199
1403638152.995108127593994,0.00832,0.00046,0.00032,0.00575,0.00525,0.00241,0.02252
1403638153.045093297958374,0.00430,0.00021,0.00045,0.00412,0.00000,0.00215,0.01124
1403638153.095079183578491,0.00581,0.00027,0.00011,0.00566,0.00000,0.00246,0.01432
1403638153.145076036453247,0.00675,0.00054,0.00020,0.00725,0.00147,0.00311,0.01933
1403638153.195055723190308,0.00629,0.00052,0.00013,0.00746,0.00000,0.00291,0.01731
1403638153.245058059692383,0.00609,0.00041,0.00003,0.00812,0.00000,0.00263,0.01728
1403638153.295042514801025,0.00588,0.00042,0.01681,0.00477,0.00592,0.00138,0.03519
1403638153.345039129257202,0.00590,0.00037,0.00033,0.00485,0.00000,0.00215,0.01360
1403638153.395065069198608,0.00609,0.00050,0.00033,0.00487,0.00114,0.00215,0.01508
1403638153.445077419281006,0.00689,0.00036,0.00071,0.00779,0.00000,0.00362,0.01937
1403638153.495104789733887,0.00838,0.00057,0.00023,0.00924,0.00011,0.00378,0.02231
1403638153.545166969299316,0.00616,0.00023,0.00256,0.00373,0.00894,0.00192,0.02355
1403638153.595200538635254,0.00707,0.00052,0.00264,0.00905,0.00046,0.00334,0.02309
1403638153.645234584808350,0.00648,0.00032,0.00017,0.00876,0.00001,0.00322,0.01896
1403638153.695272207260132,0.00647,0.00044,0.00024,0.00775,0.00005,0.00288,0.01783
1403638153.745283603668213,0.00620,0.00030,0.00002,0.00700,0.00040,0.00268,0.01661
1403638153.795289516448975,0.00633,0.00054,0.00108,0.00743,0.00000,0.00309,0.01846
1403638153.845276355743408,0.00600,0.00032,0.00007,0.00591,0.00004,0.00316,0.01551
1403638153.895272016525269,0.00672,0.00038,0.00845,0.00505,0.01200,0.00164,0.03424
1403638153.945211172103882,0.00513,0.00019,0.00023,0.00421,0.00000,0.00208,0.01185
1403638153.995182514190674,0.00673,0.00018,0.00010,0.00393,0.00056,0.00179,0.01328
1403638154.045150041580200,0.00757,0.00038,0.01200,0.00583,0.00388,0.00308,0.03275
1403638154.095146179199219,0.00654,0.00038,0.00020,0.00373,0.00004,0.00187,0.01275
1403638154.145149707794189,0.00613,0.00021,0.00034,0.00328,0.00002,0.00153,0.01151
1403638154.195142507553101,0.00646,0.00052,0.00008,0.00568,0.00427,0.00359,0.02059
1403638154.245142459869385,0.00540,0.00036,0.00046,0.00329,0.00001,0.00195,0.01146
1403638154.295148134231567,0.00803,0.00053,0.00029,0.00662,0.00000,0.00366,0.01913
1403638154.345146656036377,0.00622,0.00040,0.00076,0.00636,0.00038,0.00297,0.01709
1403638154.395145177841187,0.00591,0.00030,0.00016,0.00359,0.00002,0.00180,0.01179
1403638154.445150852203369,0.00660,0.00037,0.00007,0.00558,0.00035,0.00635,0.01931
1403638154.495169162750244,0.00694,0.00036,0.00094,0.00617,0.01297,0.00297,0.03036
1403638154.545194387435913,0.00524,0.00021,0.00002,0.00361,0.00115,0.00339,0.01362
1403638154.595250129699707,0.00592,0.00020,0.00432,0.00370,0.00909,0.00145,0.02467
1403638154.645304441452026,0.00635,0.00056,0.00810,0.00883,0.00211,0.00441,0.03036
1403638154.695323944091797,0.00719,0.00037,0.00010,0.00933,0.00206,0.00289,0.02194
1403638154.745315313339233,0.00485,0.00044,0.00028,0.00958,0.00009,0.00574,0.02098
1403638154.795286178588867,0.00890,0.00044,0.00073,0.01066,0.00242,0.00300,0.02616
1403638154.845285654067993,0.00585,0.00027,0.00397,0.01074,0.00330,0.00370,0.02783
1403638154.895263433456421,0.00662,0.00031,0.00029,0.00573,0.00000,0.00169,0.01464
1403638154.945235729217529,0.00764,0.00059,0.00204,0.00980,0.00006,0.00367,0.02380
1403638154.995197534561157,0.00443,0.00021,0.00034,0.00523,0.00002,0.00195,0.01217
1403638155.045162916183472,0.00555,0.00023,0.00012,0.00594,0.00015,0.00385,0.01584
1403638155.095145940780640,0.00749,0.00038,0.00181,0.00856,0.00522,0.00268,0.02614
1403638155.145114660263062,0.00369,0.00021,0.00125,0.00598,0.00072,0.00229,0.01415
1403638155.195109128952026,0.00453,0.00021,0.00019,0.00507,0.00500,0.00189,0.01687
1403638155.245080709457397,0.00416,0.00018,0.00450,0.00551,0.00011,0.00162,0.01608
1403638155.295075416564941,0.00626,0.00055,0.00032,0.01047,0.00000,0.00241,0.02001
1403638155.345095872879028,0.00656,0.00040,0.01376,0.00865,0.00432,0.00270,0.03640
1403638155.395091772079468,0.00619,0.00030,0.00016,0.00962,0.00000,0.00265,0.01892
1403638155.445096015930176,0.00501,0.00020,0.00009,0.00536,0.00233,0.00197,0.01496
1403638155.495099306106567,0.00542,0.00020,0.00014,0.00533,0.00000,0.00156,0.01264
1403638155.545126676559448,0.00551,0.00019,0.00057,0.00492,0.00112,0.00192,0.01423
1403638155.595130205154419,0.00610,0.00023,0.00026,0.00504,0.00021,0.00329,0.01513
1403638155.645111083984375,0.00696,0.00036,0.00085,0.00413,0.00000,0.00206,0.01437
1403638155.695105075836182,0.00874,0.00048,0.00349,0.00586,0.00005,0.00415,0.02276
1403638155.745121717453003,0.00677,0.00042,0.00017,0.00465,0.00822,0.00270,0.02294
1403638155.795114040374756,0.00601,0.00019,0.00004,0.00317,0.00000,0.00260,0.01202
1403638155.845115661621094,0.00791,0.00041,0.00035,0.00490,0.00912,0.00299,0.02567
1403638155.895138025283813,0.00454,0.00020,0.00084,0.00340,0.00002,0.00252,0.01152
1403638155.945160627365112,0.00487,0.00026,0.00090,0.00306,0.01006,0.00177,0.02092
1403638155.995162248611450,0.00458,0.00025,0.00038,0.00461,0.00000,0.00218,0.01199
1403638156.045140504837036,0.00479,0.00020,0.00021,0.00329,0.00213,0.00207,0.01270
1403638156.095125913619995,0.00500,0.00019,0.00029,0.00344,0.00002,0.00238,0.01133
1403638156.145113945007324,0.00458,0.00020,0.00023,0.00312,0.00002,0.00193,0.01009
1403638156.195112705230713,0.00680,0.00035,0.00015,0.00664,0.00039,0.00378,0.01810
1403638156.245106220245361,0.00671,0.00019,0.00006,0.00283,0.00666,0.00185,0.01829
1403638156.295088291168213,0.00680,0.00055,0.00295,0.00641,0.00093,0.00333,0.02097
1403638156.345103025436401,0.00580,0.00029,0.00021,0.00581,0.00560,0.00291,0.02062
1403638156.395102977752686,0.00815,0.00036,0.00394,0.00647,0.01160,0.00257,0.03309
1403638156.445123195648193,0.00768,0.00040,0.00004,0.00880,0.00792,0.00301,0.02785
1403638156.495132684707642,0.00620,0.00036,0.00020,0.00624,0.00000,0.00222,0.01523
1403638156.545127630233765,0.00662,0.00021,0.00009,0.00562,0.00003,0.00189,0.01446
1403638156.595089197158813,0.00598,0.00025,0.00681,0.00541,0.00128,0.00169,0.02142
1403638156.645086288452148,0.00532,0.00038,0.00010,0.00562,0.00003,0.00172,0.01317
1403638156.695080041885376,0.00717,0.00060,0.00003,0.00999,0.00305,0.00334,0.02418
1403638156.745073080062866,0.00553,0.00022,0.00002,0.00578,0.00021,0.00181,0.01357
1403638156.795069217681885,0.00589,0.00022,0.00084,0.00538,0.00022,0.00187,0.01442
1403638156.845065593719482,0.00545,0.00021,0.00047,0.00542,0.00121,0.00189,0.01465
1403638156.895062685012817,0.00681,0.00041,0.00125,0.00987,0.00003,0.00368,0.02205
1403638156.945067167282104,0.00621,0.00040,0.00808,0.00866,0.00015,0.00197,0.02546
1403638156.995067834854126,0.00508,0.00022,0.00129,0.00524,0.00015,0.00216,0.01414
1403638157.045072078704834,0.00440,0.00034,0.00001,0.00577,0.00000,0.00224,0.01276
1403638157.095077037811279,0.00533,0.00022,0.00005,0.00552,0.00000,0.00174,0.01286
1403638157.145089149475098,0.00669,0.00061,0.00008,0.01017,0.00000,0.00326,0.02082
1403638157.195094823837280,0.00580,0.00029,0.00848,0.00695,0.00126,0.00193,0.02471
1403638157.245120763778687,0.00573,0.00048,0.00002,0.00781,0.00178,0.00236,0.01819
1403638157.295126914978027,0.00477,0.00020,0.00030,0.00501,0.00000,0.00186,0.01214
1403638157.345133304595947,0.00691,0.00056,0.00025,0.00978,0.00035,0.00268,0.02052
1403638157.395133733749390,0.00566,0.00029,0.00017,0.00509,0.00023,0.00204,0.01348
1403638157.445141792297363,0.00571,0.00035,0.00138,0.00432,0.00110,0.00211,0.01497
1403638157.495138883590698,0.00582,0.00036,0.00025,0.00859,0.00000,0.00268,0.01770
1403638157.545115947723389,0.00573,0.00037,0.00752,0.00607,0.00821,0.00158,0.02948
1403638157.595111608505249,0.00566,0.00019,0.00030,0.00487,0.00143,0.00158,0.01403
1403638157.645098686218262,0.00658,0.00061,0.00024,0.00912,0.00003,0.00284,0.01942
1403638157.695080518722534,0.00672,0.00040,0.00214,0.00819,0.00003,0.00264,0.02012
1403638157.745067358016968,0.00630,0.00053,0.00038,0.00788,0.00003,0.00294,0.01806
1403638157.795063018798828,0.00532,0.00021,0.00258,0.00358,0.00973,0.00200,0.02342
1403638157.845053672790527,0.00704,0.00041,0.00305,0.00875,0.00000,0.00307,0.02232
1403638157.895050287246704,0.00501,0.00023,0.00178,0.00526,0.00119,0.00210,0.01557
1403638157.945048570632935,0.00534,0.00038,0.00014,0.00509,0.00017,0.00211,0.01324
1403638157.995058536529541,0.00492,0.00035,0.00110,0.00797,0.00036,0.00314,0.01784
1403638158.045065164566040,0.00577,0.00047,0.00011,0.00746,0.00000,0.00292,0.01674
1403638158.095079183578491,0.00575,0.00031,0.00018,0.00718,0.00004,0.00308,0.01653
1403638158.145112037658691,0.00764,0.00038,0.00810,0.00650,0.01133,0.00210,0.03606
1403638158.195120573043823,0.00664,0.00041,0.00018,0.01034,0.00347,0.00288,0.02393
1403638158.245127916336060,0.00631,0.00030,0.00002,0.00876,0.00203,0.00278,0.02020
1403638158.295136690139771,0.00633,0.00041,0.00069,0.00828,0.00032,0.00295,0.01897
1403638158.345121145248413,0.00542,0.00021,0.00033,0.00486,0.00116,0.00168,0.01367
1403638158.395128250122070,0.00536,0.00019,0.00128,0.00507,0.00600,0.00161,0.01951
1403638158.445124149322510,0.00566,0.00041,0.00009,0.01256,0.00000,0.00289,0.02161
1403638158.495119333267212,0.00529,0.00121,0.00003,0.01045,0.00008,0.00395,0.02101
1403638158.545116186141968,0.00644,0.00021,0.00002,0.00587,0.00000,0.00206,0.01460
1403638158.595108509063721,0.00653,0.00036,0.00032,0.00604,0.00016,0.00152,0.01494
1403638158.645107507705688,0.00557,0.00022,0.00108,0.00649,0.00002,0.00174,0.01513
1403638158.695109605789185,0.00364,0.00021,0.00821,0.00563,0.00544,0.00200,0.02513
1403638158.745102167129517,0.00531,0.00020,0.00408,0.00627,0.00000,0.00201,0.01787
1403638158.795089960098267,0.00507,0.00019,0.00053,0.00624,0.00004,0.00186,0.01393
1403638158.845084667205811,0.00539,0.00021,0.00011,0.00606,0.00003,0.00197,0.01378
1403638158.895076990127563,0.00541,0.00022,0.00016,0.00526,0.00024,0.00201,0.01331
1403638158.945087909698486,0.00652,0.00055,0.00035,0.00867,0.00303,0.00348,0.02259
1403638158.995091676712036,0.00724,0.00045,0.00020,0.00906,0.00041,0.00286,0.02021
1403638159.045094966888428,0.00654,0.00053,0.00003,0.00842,0.00000,0.00237,0.01789
1403638159.095097303390503,0.00605,0.00027,0.00011,0.00780,0.00000,0.00248,0.01670
1403638159.145098924636841,0.00604,0.00036,0.00024,0.00865,0.00001,0.00279,0.01809
1403638159.195106744766235,0.00636,0.00039,0.00041,0.00919,0.00267,0.00291,0.02193
1403638159.245105981826782,0.00622,0.00038,0.00003,0.01014,0.00037,0.00252,0.01965
1403638159.295113086700439,0.00587,0.00027,0.00813,0.00768,0.00657,0.00171,0.03023
1403638159.345108270645142,0.00654,0.00062,0.00763,0.00821,0.00184,0.00251,0.02734
1403638159.395138025283813,0.00641,0.00020,0.00151,0.00515,0.00233,0.00179,0.01741
1403638159.445147752761841,0.00597,0.00032,0.00405,0.00515,0.00245,0.00147,0.01942
1403638159.495137929916382,0.00566,0.00026,0.00038,0.00537,0.00021,0.00195,0.01384
1403638159.545126199722290,0.00752,0.00041,0.00070,0.00523,0.00117,0.00203,0.01706
1403638159.595121145248413,0.00605,0.00021,0.00067,0.00436,0.00056,0.00149,0.01334
1403638159.645121097564697,0.00467,0.00035,0.00042,0.00375,0.00001,0.00179,0.01099
1403638159.695124149322510,0.00512,0.00020,0.00056,0.00365,0.00013,0.00173,0.01139
1403638159.745138883590698,0.00492,0.00018,0.00049,0.00350,0.00001,0.00177,0.01087
1403638159.795154094696045,0.00630,0.00030,0.00012,0.00309,0.00011,0.00215,0.01207
1403638159.845165729522705,0.00538,0.00020,0.00183,0.00288,0.00002,0.00178,0.01208
1403638159.895162582397461,0.00670,0.00052,0.00048,0.00464,0.00713,0.00308,0.02255
1403638159.945132493972778,0.00600,0.00041,0.00040,0.00611,0.01533,0.00208,0.03033
1403638159.995134353637695,0.00595,0.00040,0.00065,0.00553,0.00116,0.00191,0.01560
1403638160.045145750045776,0.00665,0.00040,0.00030,0.00782,0.00528,0.00256,0.02301
1403638160.095125675201416,0.00610,0.00044,0.00924,0.00658,0.00757,0.00166,0.03159
1403638160.145126342773438,0.00564,0.00039,0.00024,0.00895,0.00006,0.00242,0.01770
1403638160.195128679275513,0.00588,0.00038,0.00013,0.00800,0.00024,0.00296,0.01759
1403638160.245125532150269,0.00597,0.00060,0.00018,0.00856,0.00003,0.00228,0.01761
1403638160.295120477676392,0.00752,0.00044,0.00002,0.00730,0.00000,0.00270,0.01798
1403638160.345089435577393,0.00601,0.00027,0.00711,0.00654,0.00799,0.00151,0.02943
1403638160.395072221755981,0.00663,0.00026,0.00021,0.00500,0.00012,0.00198,0.01420
1403638160.445034980773926,0.00590,0.00021,0.00029,0.00462,0.00021,0.00180,0.01302
1403638160.494996786117554,0.00626,0.00052,0.00017,0.00847,0.00119,0.00280,0.01941
1403638160.544975519180298,0.00638,0.00036,0.00023,0.00893,0.00914,0.00275,0.02778
1403638160.594953536987305,0.00637,0.00029,0.00002,0.00565,0.00136,0.00223,0.01594
1403638160.644938468933105,0.00709,0.00049,0.00083,0.01052,0.00033,0.00348,0.02274
1403638160.694914340972900,0.00389,0.00040,0.00390,0.00474,0.00150,0.00223,0.01666
1403638160.744898319244385,0.00579,0.00020,0.00058,0.00488,0.00254,0.00171,0.01570
1403638160.794878721237183,0.00542,0.00033,0.00054,0.00463,0.00023,0.00176,0.01292
1403638160.844881772994995,0.00690,0.00022,0.00594,0.00442,0.00676,0.00202,0.02626
1403638160.894883871078491,0.00698,0.00055,0.00189,0.00892,0.00004,0.00291,0.02130
1403638160.944890022277832,0.00578,0.00030,0.00141,0.00737,0.01264,0.00281,0.03031
1403638160.994908094406128,0.00566,0.00036,0.00017,0.00538,0.00139,0.00176,0.01472
1403638161.044913291931152,0.00535,0.00020,0.00015,0.00514,0.00026,0.00184,0.01294
1403638161.094896554946899,0.00681,0.00057,0.00088,0.00825,0.00288,0.00317,0.02256
1403638161.144896030426025,0.00467,0.00019,0.00057,0.00467,0.00136,0.00162,0.01309
1403638161.194875955581665,0.00701,0.00040,0.00051,0.00557,0.00000,0.00167,0.01518
1403638161.244858741760254,0.00640,0.00039,0.00029,0.00945,0.00032,0.00296,0.01982
1403638161.294853448867798,0.00498,0.00022,0.00016,0.00421,0.00362,0.00168,0.01487
1403638161.344851255416870,0.00524,0.00024,0.00002,0.00537,0.00023,0.00202,0.01312
1403638161.394828557968140,0.00411,0.00036,0.00643,0.00484,0.00566,0.00181,0.02322
1403638161.444818496704102,0.00525,0.00033,0.00800,0.01030,0.00240,0.00192,0.02820
1403638161.494820356369019,0.00621,0.00041,0.00201,0.01373,0.00216,0.00318,0.02770
1403638161.544829368591309,0.00645,0.00033,0.00016,0.00722,0.00000,0.00247,0.01663
1403638161.594835758209229,0.00585,0.00033,0.00011,0.01041,0.00191,0.00247,0.02108
1403638161.644853115081787,0.00588,0.00021,0.00212,0.00614,0.00002,0.00173,0.01609
1403638161.694877862930298,0.00711,0.00052,0.00003,0.01066,0.00112,0.00329,0.02272
1403638161.744920253753662,0.00788,0.00028,0.00844,0.00756,0.00120,0.00204,0.02740
1403638161.794930934906006,0.00692,0.00037,0.00010,0.00660,0.00003,0.00235,0.01638
1403638161.844961881637573,0.00711,0.00024,0.00120,0.00616,0.00247,0.00247,0.01964
1403638161.894959449768066,0.00709,0.00035,0.00002,0.01030,0.00000,0.00308,0.02085
1403638161.944964408874512,0.00722,0.00028,0.00007,0.01020,0.00205,0.00317,0.02300
1403638161.994967699050903,0.00703,0.00053,0.00929,0.00908,0.00123,0.00174,0.02891
1403638162.044974565505981,0.00689,0.00031,0.00505,0.00518,0.00359,0.00213,0.02315
1403638162.094973802566528,0.00684,0.00053,0.00002,0.00598,0.00022,0.00174,0.01534
1403638162.144978046417236,0.00759,0.00039,0.00007,0.00899,0.00000,0.00335,0.02040
1403638162.194980382919312,0.00712,0.00040,0.00010,0.01244,0.00006,0.00292,0.02305
1403638162.244977474212646,0.00658,0.00019,0.00006,0.00560,0.00256,0.00225,0.01724
1403638162.294982194900513,0.00796,0.00045,0.01422,0.00922,0.00378,0.00242,0.03804
1403638162.344981193542480,0.00699,0.00036,0.00926,0.01096,0.00187,0.00286,0.03231
1403638162.394971847534180,0.00668,0.00022,0.00154,0.00631,0.00000,0.00234,0.01709
1403638162.444971799850464,0.00738,0.00023,0.00011,0.00659,0.00012,0.00244,0.01687
1403638162.494969129562378,0.00617,0.00029,0.00008,0.00621,0.00003,0.00174,0.01452
1403638162.544975996017456,0.00734,0.00032,0.00105,0.00796,0.00000,0.00354,0.02021
1403638162.594976425170898,0.00633,0.00035,0.00749,0.00839,0.00692,0.00257,0.03205
1403638162.644979715347290,0.00611,0.00035,0.00676,0.00881,0.00383,0.00231,0.02817
1403638162.694986581802368,0.00639,0.00026,0.00032,0.00814,0.00054,0.00248,0.01813
1403638162.744986772537231,0.00647,0.00040,0.00055,0.01024,0.00003,0.00282,0.02051
1403638162.794987201690674,0.00615,0.00030,0.00053,0.00595,0.00023,0.00189,0.01505
1403638162.844986915588379,0.00658,0.00037,0.00002,0.00853,0.00189,0.00274,0.02013
1403638162.894981145858765,0.00651,0.00055,0.01412,0.00858,0.00625,0.00175,0.03776
1403638162.944978713989258,0.00713,0.00021,0.00434,0.00501,0.00020,0.00180,0.01869
1403638162.994976758956909,0.00678,0.00018,0.00016,0.00484,0.00114,0.00170,0.01481
1403638163.044977903366089,0.00633,0.00039,0.00005,0.00458,0.00000,0.00172,0.01308
1403638163.094978570938110,0.00773,0.00030,0.00029,0.00674,0.00000,0.00352,0.01858
1403638163.144972085952759,0.00763,0.00039,0.00073,0.00748,0.00003,0.00356,0.01982
1403638163.194963216781616,0.00673,0.00028,0.00031,0.00585,0.01089,0.00180,0.02588
1403638163.244952917098999,0.00627,0.00029,0.00079,0.00774,0.00606,0.00212,0.02328
1403638163.294947624206543,0.00827,0.00051,0.00071,0.00830,0.00003,0.00279,0.02061
1403638163.344946622848511,0.00668,0.00028,0.00029,0.00813,0.00038,0.00284,0.01860
1403638163.394946098327637,0.00693,0.00030,0.00024,0.00786,0.00193,0.00264,0.01991
1403638163.444939374923706,0.00691,0.00034,0.00007,0.00896,0.00000,0.00271,0.01900
1403638163.494926691055298,0.00649,0.00046,0.00853,0.00433,0.00554,0.00146,0.02681
1403638163.544923782348633,0.00688,0.00038,0.00620,0.00808,0.00896,0.00181,0.03231
1403638163.594919919967651,0.00631,0.00019,0.00201,0.00543,0.00000,0.00166,0.01560
1403638163.644915580749512,0.00628,0.00029,0.00009,0.00847,0.00001,0.00235,0.01750
1403638163.694914579391479,0.00629,0.00037,0.00020,0.00529,0.00004,0.00211,0.01429
1403638163.744910717010498,0.00731,0.00030,0.00070,0.00801,0.00180,0.00334,0.02146
1403638163.794908761978149,0.00848,0.00046,0.00030,0.00895,0.00000,0.00237,0.02056
1403638163.844909906387329,0.00687,0.00030,0.00650,0.00784,0.00684,0.00195,0.03031
1403638163.894910335540771,0.00604,0.00020,0.00004,0.00547,0.00129,0.00180,0.01485
1403638163.944913625717163,0.00597,0.00037,0.00031,0.00733,0.00004,0.00288,0.01690
1403638163.994915723800659,0.00657,0.00030,0.00253,0.00802,0.00000,0.00280,0.02022
1403638164.044916629791260,0.00607,0.00019,0.00029,0.00483,0.00000,0.00173,0.01311
1403638164.094919443130493,0.00646,0.00032,0.01025,0.00647,0.01131,0.00185,0.03666
1403638164.144919633865356,0.00686,0.00047,0.00002,0.00888,0.00370,0.00261,0.02255
1403638164.194921016693115,0.00640,0.00043,0.00015,0.00605,0.00121,0.00172,0.01596
1403638164.244920492172241,0.00745,0.00051,0.00018,0.00989,0.00001,0.00337,0.02142
1403638164.294922351837158,0.00631,0.00048,0.00008,0.00895,0.00361,0.00144,0.02088
1403638164.344919681549072,0.00747,0.00034,0.00608,0.00602,0.00240,0.00209,0.02440
1403638164.394921302795410,0.00707,0.00047,0.00042,0.00669,0.00001,0.00188,0.01655
1403638164.444923877716064,0.00755,0.00038,0.00652,0.00951,0.00137,0.00252,0.02786
1403638164.494925498962402,0.00631,0.00033,0.00063,0.00529,0.00014,0.00170,0.01441
1403638164.544926881790161,0.00612,0.00021,0.00003,0.00560,0.00152,0.00219,0.01568
1403638164.594928979873657,0.00644,0.00046,0.00007,0.00839,0.00004,0.00275,0.01815
1403638164.644934177398682,0.00616,0.00034,0.00008,0.00554,0.00001,0.00201,0.01414
1403638164.694937944412231,0.00674,0.00032,0.00324,0.00829,0.00947,0.00194,0.03001
1403638164.744932174682617,0.00629,0.00048,0.00031,0.00912,0.00000,0.00274,0.01894
1403638164.794921636581421,0.00593,0.00025,0.00094,0.00506,0.00002,0.00183,0.01403
1403638164.844912052154541,0.00908,0.00042,0.00031,0.00769,0.00000,0.00361,0.02111
1403638164.894916534423828,0.00692,0.00029,0.00955,0.00585,0.00626,0.00178,0.03066
1403638164.944934606552124,0.00656,0.00039,0.00395,0.00428,0.00260,0.00141,0.01920
1403638164.994947671890259,0.00709,0.00044,0.00056,0.00548,0.00064,0.00256,0.01677
1403638165.044958353042603,0.00866,0.00037,0.00135,0.00759,0.00808,0.00281,0.02886
1403638165.094961881637573,0.00838,0.00027,0.00064,0.00443,0.00002,0.00177,0.01551
1403638165.144964218139648,0.00710,0.00020,0.00040,0.00416,0.00020,0.00190,0.01397
1403638165.194966554641724,0.00833,0.00056,0.00029,0.00656,0.00020,0.00348,0.01942
1403638165.244969129562378,0.00665,0.00039,0.00019,0.00365,0.00000,0.00217,0.01305
1403638165.294974327087402,0.00955,0.00060,0.00100,0.00554,0.00142,0.00339,0.02150
1403638165.344975233078003,0.00734,0.00036,0.00025,0.00563,0.00000,0.00283,0.01641
1403638165.394974708557129,0.00821,0.00056,0.00286,0.00488,0.01393,0.00209,0.03253
1403638165.444977045059204,0.00686,0.00058,0.00052,0.00829,0.00040,0.00298,0.01964
1403638165.494978427886963,0.00681,0.00021,0.00383,0.00488,0.00428,0.00201,0.02202
1403638165.544977903366089,0.00666,0.00049,0.00689,0.00801,0.00302,0.00189,0.02696
1403638165.594974994659424,0.00658,0.00018,0.00169,0.00542,0.00015,0.00206,0.01609
1403638165.644965887069702,0.00580,0.00039,0.00649,0.00473,0.00005,0.00180,0.01926
1403638165.694963216781616,0.01055,0.00047,0.00054,0.00779,0.00000,0.00320,0.02255
1403638165.744972705841064,0.00757,0.00054,0.00040,0.00737,0.00241,0.00362,0.02191
1403638165.794979810714722,0.00712,0.00022,0.00018,0.00355,0.00000,0.00216,0.01322
1403638165.844992399215698,0.00634,0.00037,0.00020,0.00303,0.00869,0.00219,0.02082
1403638165.894993543624878,0.00708,0.00036,0.00079,0.00621,0.00033,0.00359,0.01835
1403638165.944995641708374,0.00723,0.00046,0.00121,0.00505,0.00021,0.00270,0.01687
1403638165.994997262954712,0.00783,0.00032,0.00115,0.00500,0.00096,0.00262,0.01788
1403638166.044997215270996,0.00676,0.00055,0.00076,0.00453,0.00001,0.00250,0.01511
1403638166.094995737075806,0.00690,0.00024,0.00024,0.00282,0.00316,0.00207,0.01544
1403638166.144993782043457,0.00727,0.00029,0.00096,0.00287,0.00230,0.00186,0.01556
1403638166.194997310638428,0.00741,0.00039,0.00143,0.00578,0.00280,0.00286,0.02067
1403638166.245006084442139,0.00620,0.00037,0.00775,0.00346,0.00694,0.00192,0.02664
1403638166.295008897781372,0.00666,0.00039,0.00021,0.00841,0.00000,0.00362,0.01928
1403638166.345010519027710,0.00694,0.00042,0.00011,0.00427,0.00000,0.00251,0.01425
1403638166.395012378692627,0.00653,0.00033,0.00030,0.00541,0.00021,0.00302,0.01581
1403638166.445019006729126,0.00575,0.00052,0.00112,0.00691,0.00189,0.00302,0.01921
1403638166.495011091232300,0.00529,0.00020,0.00064,0.00365,0.00549,0.00205,0.01733
1403638166.545018911361694,0.00728,0.00051,0.00537,0.00713,0.00989,0.00158,0.03176
1403638166.595012187957764,0.00653,0.00035,0.00084,0.00814,0.00000,0.00270,0.01857
1403638166.645010709762573,0.00859,0.00038,0.00008,0.00884,0.00465,0.00326,0.02580
1403638166.695001363754272,0.00695,0.00032,0.00788,0.00764,0.00275,0.00277,0.02831
1403638166.745000600814819,0.00656,0.00040,0.00025,0.00841,0.00096,0.00259,0.01918
1403638166.794994592666626,0.00629,0.00036,0.00114,0.00540,0.00001,0.00276,0.01596
1403638166.844967365264893,0.00611,0.00036,0.01292,0.00912,0.00355,0.00267,0.03473
1403638166.894964218139648,0.00627,0.00051,0.00011,0.00842,0.00000,0.00290,0.01821
1403638166.944963693618774,0.00610,0.00030,0.00153,0.00687,0.00000,0.00294,0.01773
1403638166.994959592819214,0.00677,0.00037,0.00118,0.00758,0.00222,0.00324,0.02136
1403638167.044958114624023,0.00841,0.00047,0.00124,0.00512,0.00000,0.00335,0.01859
1403638167.094958066940308,0.00657,0.00018,0.00049,0.00360,0.00545,0.00173,0.01801
1403638167.144957304000854,0.00645,0.00032,0.00065,0.00453,0.00129,0.00195,0.01520
1403638167.194945335388184,0.00623,0.00021,0.00532,0.00435,0.00252,0.00200,0.02063
1403638167.244935512542725,0.00766,0.00042,0.00206,0.00864,0.00189,0.00356,0.02423
1403638167.294923782348633,0.00636,0.00029,0.00634,0.00705,0.00312,0.00176,0.02494
1403638167.344921588897705,0.00623,0.00039,0.00051,0.00917,0.00313,0.00275,0.02218
1403638167.394920110702515,0.00582,0.00034,0.00084,0.00658,0.00025,0.00244,0.01628
1403638167.444913864135742,0.00762,0.00038,0.00736,0.00582,0.00551,0.00198,0.02867
1403638167.494913578033447,0.00637,0.00048,0.00330,0.00578,0.00023,0.00263,0.01879
1403638167.544913530349731,0.00785,0.00045,0.00027,0.00614,0.00095,0.00258,0.01824
1403638167.594910383224487,0.00647,0.00037,0.00808,0.00475,0.01028,0.00188,0.03183
1403638167.644910573959351,0.00660,0.00047,0.00048,0.00579,0.00002,0.00232,0.01568
1403638167.694911956787109,0.00420,0.00023,0.00139,0.00323,0.00115,0.00206,0.01225
1403638167.744912624359131,0.00536,0.00020,0.00089,0.00298,0.00025,0.00211,0.01179
1403638167.794925689697266,0.00601,0.00036,0.00143,0.00311,0.00778,0.00215,0.02085
1403638167.844932079315186,0.00522,0.00020,0.00027,0.00402,0.00000,0.00202,0.01172
1403638167.894935369491577,0.00741,0.00043,0.00250,0.00672,0.00035,0.00338,0.02079
1403638167.944943904876709,0.00598,0.00025,0.00044,0.00354,0.00002,0.00233,0.01255
1403638167.994946002960205,0.00678,0.00040,0.00044,0.00556,0.01733,0.00205,0.03257
1403638168.044949769973755,0.00618,0.00033,0.00193,0.00458,0.00362,0.00209,0.01874
1403638168.094944238662720,0.00576,0.00035,0.00724,0.00542,0.00229,0.00231,0.02336
1403638168.144943475723267,0.00804,0.00053,0.00196,0.00966,0.00000,0.00303,0.02321
1403638168.194944620132446,0.00670,0.00060,0.00138,0.00869,0.00387,0.00275,0.02399
1403638168.244948387145996,0.00615,0.00034,0.00290,0.00742,0.00536,0.00183,0.02400
1403638168.294948816299438,0.00565,0.00019,0.00094,0.00441,0.00002,0.00189,0.01310
1403638168.344949007034302,0.00806,0.00045,0.00248,0.00570,0.00313,0.00193,0.02174
1403638168.394948005676270,0.00701,0.00018,0.00171,0.00358,0.00002,0.00207,0.01458
1403638168.444947719573975,0.00401,0.00020,0.00325,0.00260,0.00013,0.00188,0.01208
1403638168.494946002960205,0.00510,0.00034,0.00103,0.00272,0.00001,0.00175,0.01095
1403638168.544943571090698,0.00636,0.00051,0.00100,0.00486,0.00843,0.00304,0.02420
1403638168.594944477081299,0.00498,0.00035,0.00059,0.00288,0.00003,0.00204,0.01086
1403638168.644943714141846,0.00621,0.00031,0.00075,0.00275,0.00021,0.00196,0.01219
1403638168.694938659667969,0.00610,0.00030,0.00248,0.00444,0.01404,0.00135,0.02871
1403638168.744947433471680,0.00599,0.00030,0.00008,0.00750,0.00025,0.00302,0.01714
1403638168.794948577880859,0.00607,0.00036,0.00010,0.00771,0.00000,0.00275,0.01700
1403638168.844951391220093,0.00679,0.00021,0.00029,0.00409,0.00335,0.00188,0.01662
1403638168.894956588745117,0.00495,0.00027,0.00943,0.00603,0.00634,0.00245,0.02948
1403638168.944962263107300,0.00632,0.00028,0.00091,0.00639,0.00178,0.00242,0.01810
1403638168.994965314865112,0.00602,0.00026,0.00097,0.00658,0.00032,0.00272,0.01687
1403638169.044980764389038,0.00400,0.00019,0.00108,0.00397,0.00114,0.00160,0.01199
1403638169.094984292984009,0.00498,0.00029,0.00043,0.00713,0.00003,0.00293,0.01580
1403638169.144991159439087,0.00457,0.00037,0.00308,0.00407,0.00565,0.00234,0.02009
1403638169.194993972778320,0.00638,0.00048,0.00007,0.00821,0.00000,0.00312,0.01826
1403638169.244994401931763,0.00575,0.00031,0.00241,0.00801,0.00035,0.00271,0.01953
1403638169.294999122619629,0.00626,0.00028,0.00015,0.00633,0.00317,0.00277,0.01896
1403638169.344999551773071,0.00562,0.00030,0.00097,0.00606,0.00003,0.00298,0.01597
1403638169.395002126693726,0.00743,0.00035,0.00097,0.00302,0.00118,0.00180,0.01475
1403638169.444999694824219,0.00640,0.00037,0.00095,0.00314,0.00002,0.00275,0.01362
1403638169.494993686676025,0.00650,0.00039,0.00749,0.00427,0.01547,0.00211,0.03623
1403638169.544993162155151,0.00594,0.00047,0.00166,0.00558,0.00000,0.00252,0.01616
1403638169.594991445541382,0.00630,0.00042,0.00011,0.00305,0.00231,0.00199,0.01418
1403638169.644989013671875,0.00594,0.00026,0.00043,0.00487,0.00000,0.00257,0.01407
1403638169.694987058639526,0.00759,0.00048,0.00061,0.00486,0.00173,0.00320,0.01848
1403638169.744987964630127,0.00633,0.00044,0.00067,0.00561,0.00896,0.00255,0.02456
1403638169.794991016387939,0.00718,0.00038,0.00224,0.00306,0.00002,0.00226,0.01515
1403638169.844990015029907,0.00620,0.00032,0.00118,0.00471,0.00000,0.00305,0.01546
1403638169.894991159439087,0.00625,0.00027,0.00090,0.00471,0.00003,0.00276,0.01492
1403638169.944994926452637,0.00694,0.00029,0.00111,0.00268,0.00876,0.00229,0.02206
1403638169.994992494583130,0.00598,0.00037,0.00048,0.00309,0.00000,0.00225,0.01216
1403638170.044990539550781,0.00561,0.00027,0.00031,0.00294,0.00013,0.00191,0.01117
1403638170.094991683959961,0.00674,0.00026,0.00126,0.00435,0.01535,0.00215,0.03011
1403638170.144995927810669,0.00661,0.00056,0.00217,0.00785,0.00000,0.00284,0.02003
1403638170.194997549057007,0.00605,0.00030,0.00054,0.00705,0.00189,0.00270,0.01853
1403638170.244988679885864,0.00573,0.00023,0.00216,0.00425,0.00655,0.00231,0.02125
1403638170.294988632202148,0.00694,0.00029,0.00034,0.00435,0.00113,0.00178,0.01484
1403638170.344990491867065,0.00547,0.00019,0.00032,0.00424,0.00700,0.00175,0.01897
1403638170.394993066787720,0.00707,0.00042,0.00037,0.00494,0.00000,0.00233,0.01512
1403638170.444993495941162,0.00645,0.00026,0.00099,0.00448,0.00000,0.00193,0.01411
1403638170.494995832443237,0.00364,0.00020,0.00056,0.00420,0.00061,0.00205,0.01125
1403638170.544996738433838,0.00562,0.00021,0.00065,0.00406,0.00586,0.00142,0.01781
1403638170.594996690750122,0.00587,0.00043,0.00018,0.01036,0.00004,0.00312,0.02001
1403638170.644992589950562,0.00516,0.00023,0.00444,0.00386,0.00231,0.00204,0.01804
1403638170.694991111755371,0.00573,0.00056,0.00102,0.00450,0.00131,0.00250,0.01563
1403638170.744994401931763,0.00532,0.00029,0.00030,0.00416,0.00002,0.00218,0.01227
1403638170.794996261596680,0.00573,0.00020,0.00030,0.00388,0.00002,0.00216,0.01228
1403638170.844996213912964,0.00635,0.00054,0.00088,0.00662,0.01208,0.00319,0.02967
1403638170.894998073577881,0.00545,0.00022,0.00037,0.00415,0.00000,0.00188,0.01207
1403638170.944999933242798,0.00798,0.00036,0.00248,0.00804,0.00601,0.00281,0.02769
1403638170.995001316070557,0.00634,0.00028,0.00114,0.00620,0.00769,0.00262,0.02427
1403638171.045001983642578,0.00637,0.00039,0.00045,0.00951,0.00000,0.00252,0.01925
1403638171.095002174377441,0.00614,0.00028,0.00072,0.00765,0.00575,0.00284,0.02338
1403638171.145002841949463,0.00633,0.00042,0.00091,0.00497,0.00350,0.00241,0.01853
1403638171.195002794265747,0.00609,0.00032,0.00013,0.00803,0.00186,0.00313,0.01956
1403638171.244995355606079,0.00485,0.00052,0.00706,0.00646,0.00163,0.00301,0.02353
1403638171.294992208480835,0.00358,0.00022,0.00547,0.00545,0.00180,0.00164,0.01815
1403638171.344989776611328,0.00354,0.00024,0.00059,0.00585,0.00118,0.00198,0.01338
1403638171.394990444183350,0.00394,0.00021,0.00007,0.00603,0.00000,0.00215,0.01239
1403638171.444990158081055,0.00675,0.00034,0.00562,0.00965,0.00108,0.00182,0.02526
1403638171.494988441467285,0.00548,0.00022,0.00665,0.00641,0.00000,0.00167,0.02043
1403638171.544986963272095,0.00523,0.00046,0.00185,0.00643,0.00012,0.00272,0.01682
1403638171.594987154006958,0.00386,0.00021,0.00071,0.00445,0.00278,0.00179,0.01379
1403638171.644987583160400,0.00508,0.00024,0.00047,0.00508,0.00000,0.00177,0.01263
1403638171.694988250732422,0.00376,0.00037,0.00002,0.00492,0.00000,0.00185,0.01092
1403638171.744988679885864,0.00442,0.00023,0.00027,0.00416,0.00000,0.00233,0.01142
1403638171.794989824295044,0.00399,0.00020,0.00085,0.00332,0.00002,0.00189,0.01028
1403638171.844991207122803,0.00551,0.00051,0.00056,0.00587,0.01394,0.00170,0.02809
1403638171.894991874694824,0.00357,0.00019,0.00137,0.00392,0.00860,0.00166,0.01931
1403638171.944992303848267,0.00496,0.00030,0.00008,0.00574,0.00061,0.00164,0.01333
1403638171.994995594024658,0.00473,0.00047,0.00586,0.00466,0.00174,0.00190,0.01937
1403638172.044995069503784,0.00481,0.00042,0.00085,0.00494,0.00299,0.00236,0.01636
1403638172.094992160797119,0.00554,0.00048,0.00470,0.00505,0.00119,0.00193,0.01889
1403638172.144990682601929,0.00415,0.00022,0.00208,0.00623,0.00184,0.00179,0.01632
1403638172.194988012313843,0.00439,0.00021,0.00018,0.00506,0.00128,0.00204,0.01316
1403638172.244985103607178,0.00451,0.00020,0.00014,0.00473,0.00003,0.00204,0.01164
1403638172.294985771179199,0.00407,0.00025,0.00477,0.00449,0.00488,0.00175,0.02022
1403638172.344985723495483,0.00422,0.00028,0.00013,0.00562,0.00003,0.00220,0.01247
1403638172.394984722137451,0.00533,0.00021,0.00028,0.00515,0.00238,0.00176,0.01510
1403638172.444986343383789,0.00453,0.00039,0.00007,0.00581,0.00000,0.00227,0.01306
1403638172.494987487792969,0.00482,0.00028,0.00016,0.00614,0.00122,0.00150,0.01412
1403638172.544991254806519,0.00578,0.00037,0.00011,0.00849,0.00000,0.00250,0.01726
1403638172.594993591308594,0.00766,0.00029,0.00868,0.00462,0.00293,0.00181,0.02600
1403638172.644994020462036,0.00509,0.00018,0.00180,0.00491,0.00122,0.00146,0.01466
1403638172.694994688034058,0.00575,0.00037,0.00378,0.00414,0.00132,0.00143,0.01679
1403638172.744996309280396,0.00586,0.00018,0.00064,0.00439,0.00173,0.00184,0.01464
1403638172.794996738433838,0.00700,0.00043,0.00841,0.00638,0.00199,0.00282,0.02702
1403638172.844995260238647,0.00633,0.00031,0.00095,0.00351,0.00000,0.00179,0.01289
1403638172.894995212554932,0.00630,0.00030,0.00039,0.00312,0.00697,0.00224,0.01933
1403638172.944994211196899,0.01203,0.00026,0.00038,0.00475,0.00003,0.00199,0.01945
1403638172.994992971420288,0.00475,0.00021,0.00042,0.00312,0.00001,0.00176,0.01028
1403638173.044992446899414,0.00403,0.00024,0.00179,0.00279,0.00002,0.00170,0.01056
1403638173.094992399215698,0.00597,0.00019,0.00062,0.00274,0.00020,0.00185,0.01157
1403638173.144994258880615,0.00432,0.00020,0.00176,0.00246,0.01185,0.00186,0.02246
1403638173.194998979568481,0.00452,0.00017,0.00307,0.00384,0.00597,0.00160,0.01917
1403638173.245000600814819,0.00623,0.00044,0.00172,0.00647,0.00000,0.00172,0.01658
1403638173.295006275177002,0.00673,0.00037,0.00211,0.00748,0.00609,0.00291,0.02569
1403638173.345012187957764,0.00753,0.00021,0.00005,0.00439,0.00109,0.00196,0.01522
1403638173.395014047622681,0.00610,0.00036,0.00573,0.00679,0.00632,0.00179,0.02709
1403638173.445013999938965,0.00894,0.00032,0.00142,0.00666,0.00001,0.00287,0.02023
1403638173.495013713836670,0.00641,0.00028,0.00174,0.00599,0.00315,0.00239,0.01996
1403638173.545011043548584,0.00762,0.00058,0.01022,0.00456,0.00443,0.00221,0.02962
1403638173.595012187957764,0.00736,0.00027,0.00140,0.00292,0.00002,0.00158,0.01356
1403638173.645013570785522,0.00511,0.00017,0.00053,0.00295,0.00003,0.00169,0.01049
1403638173.695018053054810,0.00766,0.00034,0.00186,0.00432,0.00033,0.00247,0.01698
1403638173.745021343231201,0.00650,0.00040,0.00045,0.00623,0.00002,0.00338,0.01698
1403638173.795020580291748,0.00732,0.00022,0.00143,0.00216,0.00456,0.00207,0.01776
1403638173.845022916793823,0.00585,0.00022,0.00138,0.00235,0.00000,0.00209,0.01190
1403638173.895022153854370,0.00744,0.00020,0.00046,0.00237,0.00161,0.00198,0.01406
1403638173.945025205612183,0.00642,0.00027,0.00094,0.00430,0.00003,0.00257,0.01453
1403638173.995027303695679,0.00692,0.00037,0.00037,0.00477,0.00907,0.00305,0.02456
1403638174.045030832290649,0.00715,0.00036,0.00080,0.00277,0.00052,0.00213,0.01373
1403638174.095033168792725,0.00541,0.00030,0.00143,0.00276,0.00077,0.00202,0.01268
1403638174.145033597946167,0.00592,0.00019,0.00070,0.00272,0.00877,0.00179,0.02009
1403638174.195034265518188,0.00515,0.00024,0.00032,0.00379,0.00022,0.00215,0.01187
1403638174.245036840438843,0.00531,0.00036,0.00366,0.00506,0.00803,0.00286,0.02529
1403638174.295041322708130,0.00518,0.00035,0.00195,0.00283,0.00177,0.00204,0.01411
1403638174.345043182373047,0.00507,0.00020,0.00459,0.00235,0.00539,0.00190,0.01949
1403638174.395044326782227,0.00368,0.00020,0.00004,0.00315,0.00221,0.00164,0.01093
1403638174.445045709609985,0.00464,0.00023,0.00081,0.00292,0.00317,0.00177,0.01354
1403638174.495047092437744,0.00611,0.00038,0.00130,0.00671,0.00000,0.00290,0.01740
1403638174.545046567916870,0.00591,0.00035,0.00056,0.00516,0.00005,0.00285,0.01488
1403638174.595045566558838,0.00843,0.00024,0.00182,0.00255,0.00230,0.00206,0.01739
1403638174.645044088363647,0.00739,0.00036,0.00730,0.00391,0.00754,0.00191,0.02842
1403638174.695044040679932,0.00603,0.00020,0.00029,0.00335,0.00020,0.00186,0.01194
1403638174.745045185089111,0.00714,0.00034,0.00072,0.00513,0.00034,0.00338,0.01707
1403638174.795047044754028,0.00614,0.00046,0.00143,0.00428,0.00161,0.00277,0.01669
1403638174.845044851303101,0.00622,0.00030,0.00412,0.00277,0.00857,0.00188,0.02387
1403638174.895044088363647,0.00711,0.00037,0.00135,0.00641,0.00024,0.00308,0.01856
1403638174.945042848587036,0.00508,0.00023,0.00251,0.00328,0.00236,0.00193,0.01539
1403638174.995043039321899,0.00683,0.00017,0.00238,0.00334,0.00230,0.00194,0.01698
1403638175.045038461685181,0.00836,0.00049,0.00401,0.00616,0.00198,0.00299,0.02400
1403638175.095033884048462,0.00626,0.00020,0.00089,0.00353,0.00001,0.00218,0.01308
1403638175.145031213760376,0.00496,0.00033,0.01304,0.00327,0.00592,0.00186,0.02938
1403638175.195031404495239,0.00599,0.00035,0.00058,0.00685,0.00095,0.00286,0.01758
1403638175.245030164718628,0.00402,0.00021,0.00023,0.00396,0.00292,0.00204,0.01339
1403638175.295032739639282,0.00686,0.00046,0.00091,0.00647,0.00207,0.00338,0.02016
1403638175.345032691955566,0.00507,0.00032,0.00035,0.00686,0.00401,0.00295,0.01957
1403638175.395033836364746,0.00446,0.00034,0.00046,0.00358,0.00002,0.00206,0.01093
1403638175.445034980773926,0.00374,0.00020,0.00013,0.00336,0.00437,0.00194,0.01375
1403638175.495035409927368,0.00443,0.00037,0.00081,0.00381,0.00057,0.00239,0.01239
1403638175.545032262802124,0.00486,0.00021,0.00489,0.00311,0.00351,0.00245,0.01903
1403638175.595021486282349,0.00559,0.00043,0.01166,0.00475,0.00188,0.00233,0.02662
1403638175.645020484924316,0.00738,0.00047,0.00156,0.00482,0.00082,0.00252,0.01757
1403638175.695021629333496,0.00420,0.00021,0.00271,0.00314,0.00073,0.00229,0.01330
1403638175.745021104812622,0.00631,0.00030,0.00975,0.00520,0.00640,0.00190,0.02987
1403638175.795022964477539,0.00425,0.00034,0.00093,0.00376,0.00111,0.00200,0.01239
1403638175.845024347305298,0.00628,0.00031,0.00021,0.00591,0.00099,0.00290,0.01660
1403638175.895024299621582,0.00602,0.00035,0.00009,0.00342,0.00058,0.00233,0.01279
1403638175.945023059844971,0.00604,0.00020,0.00106,0.00333,0.00114,0.00182,0.01359
1403638175.995023965835571,0.00513,0.00019,0.00005,0.00337,0.00166,0.00200,0.01241
1403638176.045028924942017,0.00633,0.00035,0.00176,0.00551,0.00090,0.00261,0.01746
1403638176.095043897628784,0.00582,0.00048,0.01412,0.00521,0.00590,0.00196,0.03349
1403638176.145049333572388,0.00537,0.00022,0.00376,0.00406,0.00013,0.00211,0.01564
1403638176.195039749145508,0.00907,0.00057,0.01049,0.00373,0.00397,0.00291,0.03074
1403638176.245040416717529,0.00868,0.00048,0.00046,0.00733,0.00109,0.00358,0.02163
1403638176.295041561126709,0.00628,0.00038,0.00007,0.00377,0.00000,0.00221,0.01271
1403638176.345046758651733,0.00598,0.00022,0.00598,0.00323,0.00170,0.00204,0.01915
1403638176.395045757293701,0.00674,0.00041,0.00103,0.00350,0.00000,0.00292,0.01460
1403638176.445038318634033,0.00695,0.00035,0.00011,0.00761,0.00000,0.00336,0.01838
1403638176.495033502578735,0.00545,0.00047,0.00015,0.00598,0.00000,0.00346,0.01551
1403638176.545028448104858,0.00465,0.00020,0.00009,0.00319,0.00001,0.00192,0.01007
1403638176.595022439956665,0.00458,0.00024,0.00002,0.00359,0.00000,0.00274,0.01115
1403638176.645021915435791,0.00905,0.00025,0.00003,0.00442,0.00081,0.00235,0.01691
1403638176.695026397705078,0.00469,0.00025,0.00438,0.00425,0.00879,0.00211,0.02446
1403638176.745028257369995,0.00416,0.00024,0.01194,0.00393,0.00475,0.00202,0.02705
1403638176.795028448104858,0.00492,0.00020,0.00692,0.00567,0.00001,0.00228,0.02000
1403638176.845029115676880,0.00589,0.00027,0.00009,0.00502,0.00077,0.00261,0.01465
1403638176.895028591156006,0.00423,0.00026,0.00002,0.00512,0.00000,0.00185,0.01148
1403638176.945027828216553,0.00363,0.00022,0.00701,0.00448,0.00063,0.00187,0.01784
1403638176.995027065277100,0.00461,0.00031,0.00002,0.00629,0.00000,0.00245,0.01368
1403638177.045028209686279,0.00682,0.00030,0.00013,0.00567,0.00000,0.00239,0.01531
1403638177.095028877258301,0.00620,0.00018,0.00001,0.00462,0.00000,0.00218,0.01320
1403638177.145029067993164,0.00958,0.00024,0.00058,0.00496,0.00059,0.00188,0.01784
1403638177.195028066635132,0.00950,0.00025,0.00002,0.00537,0.00000,0.00222,0.01736
1403638177.245028495788574,0.00535,0.00026,0.00012,0.00516,0.00000,0.00237,0.01326
1403638177.295028209686279,0.00502,0.00032,0.00027,0.00557,0.00363,0.00282,0.01763
1403638177.345027923583984,0.00397,0.00021,0.00831,0.00560,0.00100,0.00223,0.02132
1403638177.395026445388794,0.00420,0.00023,0.00627,0.00470,0.00061,0.00174,0.01777
1403638177.445025205612183,0.00515,0.00031,0.00015,0.00541,0.00000,0.00246,0.01348
1403638177.495022535324097,0.00420,0.00022,0.00002,0.00483,0.00000,0.00184,0.01111
1403638177.545016288757324,0.00551,0.00023,0.00607,0.00447,0.00122,0.00172,0.01923
1403638177.595012426376343,0.00575,0.00031,0.00008,0.00810,0.00000,0.00260,0.01684
1403638177.645011186599731,0.00838,0.00040,0.00005,0.00892,0.00000,0.00325,0.02099
1403638177.695011377334595,0.00792,0.00021,0.00002,0.00455,0.00000,0.00194,0.01464
1403638177.745010614395142,0.00667,0.00019,0.00004,0.00462,0.00000,0.00195,0.01347
1403638177.795009374618530,0.00671,0.00021,0.00010,0.00452,0.00001,0.00191,0.01346
1403638177.845005273818970,0.00625,0.00029,0.00003,0.00685,0.00000,0.00271,0.01614
1403638177.895005702972412,0.00585,0.00026,0.00111,0.00662,0.00004,0.00242,0.01631
1403638177.945004940032959,0.00633,0.00039,0.00275,0.00959,0.00499,0.00234,0.02639
1403638177.995008707046509,0.00613,0.00039,0.01008,0.00610,0.00034,0.00232,0.02536
1403638178.045015096664429,0.00521,0.00026,0.00023,0.00570,0.00001,0.00224,0.01366
1403638178.095017433166504,0.00697,0.00040,0.00026,0.00636,0.00000,0.00262,0.01662
1403638178.145023345947266,0.00600,0.00036,0.00532,0.00469,0.00832,0.00218,0.02687
1403638178.195023536682129,0.00553,0.00020,0.00360,0.00372,0.00344,0.00169,0.01818
1403638178.245025873184204,0.00717,0.00029,0.00028,0.00619,0.00000,0.00259,0.01652
1403638178.295027971267700,0.00651,0.00049,0.00016,0.00569,0.00000,0.00249,0.01534
1403638178.345028400421143,0.00616,0.00036,0.00012,0.00355,0.00001,0.00183,0.01203
1403638178.395028352737427,0.00614,0.00036,0.00028,0.00628,0.00001,0.00311,0.01618
1403638178.445024490356445,0.00522,0.00027,0.00030,0.00479,0.00003,0.00188,0.01250
1403638178.495020866394043,0.00453,0.00029,0.00006,0.00307,0.00003,0.00229,0.01027
1403638178.545017719268799,0.00761,0.00049,0.00202,0.00365,0.00368,0.00271,0.02016
1403638178.595015525817871,0.00546,0.00037,0.00085,0.00381,0.00926,0.00235,0.02210
1403638178.645018100738525,0.00642,0.00029,0.00052,0.00269,0.00056,0.00158,0.01205
1403638178.695018529891968,0.00488,0.00027,0.00005,0.00265,0.00000,0.00202,0.00987
1403638178.745021820068359,0.00594,0.00041,0.00034,0.00318,0.00241,0.00212,0.01441
1403638178.795023202896118,0.00512,0.00039,0.00237,0.00402,0.01068,0.00257,0.02514
1403638178.845020532608032,0.00438,0.00031,0.00021,0.00515,0.00001,0.00244,0.01250
1403638178.895016670227051,0.00351,0.00020,0.00053,0.00274,0.00002,0.00148,0.00848
1403638178.945014715194702,0.00275,0.00017,0.00005,0.00234,0.00053,0.00150,0.00734
1403638178.995010375976562,0.00409,0.00018,0.00014,0.00239,0.00049,0.00152,0.00881
1403638179.045006752014160,0.00558,0.00034,0.00139,0.00472,0.00001,0.00246,0.01451
1403638179.095004320144653,0.00562,0.00031,0.00009,0.00243,0.00483,0.00220,0.01549
1403638179.145002603530884,0.00635,0.00030,0.00187,0.00231,0.00536,0.00206,0.01826
1403638179.195002079010010,0.00613,0.00029,0.00027,0.00496,0.01006,0.00261,0.02432
1403638179.245000839233398,0.00596,0.00019,0.00143,0.00300,0.00125,0.00159,0.01343
1403638179.295001745223999,0.00602,0.00046,0.00017,0.00507,0.00002,0.00234,0.01408
1403638179.345003843307495,0.00656,0.00038,0.00025,0.00493,0.00293,0.00256,0.01761
1403638179.395003795623779,0.00624,0.00047,0.00058,0.00489,0.00684,0.00265,0.02167
1403638179.445004224777222,0.00709,0.00031,0.00565,0.00624,0.00977,0.00206,0.03111
1403638179.495003223419189,0.00574,0.00023,0.00016,0.00459,0.00000,0.00172,0.01244
1403638179.545001506805420,0.00674,0.00041,0.00012,0.00793,0.00000,0.00302,0.01821
1403638179.595000982284546,0.00594,0.00030,0.00067,0.00530,0.00003,0.00221,0.01445
1403638179.644999980926514,0.00504,0.00027,0.00026,0.00519,0.00000,0.00222,0.01297
1403638179.695001602172852,0.00686,0.00025,0.00444,0.00253,0.00602,0.00203,0.02213
1403638179.745001554489136,0.00623,0.00037,0.00049,0.00580,0.00941,0.00296,0.02527
1403638179.795001745223999,0.00595,0.00030,0.00029,0.00623,0.00296,0.00265,0.01838
1403638179.845000743865967,0.00593,0.00039,0.00039,0.00728,0.00003,0.00253,0.01656
1403638179.894996643066406,0.00579,0.00048,0.00072,0.00621,0.00142,0.00249,0.01711
1403638179.944989204406738,0.00786,0.00038,0.00047,0.00571,0.00004,0.00298,0.01745
1403638179.994982004165649,0.00794,0.00027,0.00007,0.00504,0.00723,0.00268,0.02322
1403638180.044980287551880,0.00684,0.00055,0.00034,0.00679,0.00078,0.00310,0.01841
1403638180.094983100891113,0.00732,0.00034,0.00015,0.00592,0.00000,0.00262,0.01635
1403638180.144983291625977,0.00675,0.00028,0.00063,0.00432,0.00000,0.00252,0.01450
1403638180.194983959197998,0.00667,0.00033,0.00022,0.00410,0.00154,0.00302,0.01588
1403638180.244985580444336,0.00781,0.00038,0.00050,0.00392,0.00550,0.00294,0.02104
1403638180.294984340667725,0.00643,0.00025,0.00071,0.00423,0.00862,0.00287,0.02311
1403638180.344985008239746,0.00661,0.00057,0.00091,0.00645,0.00200,0.00302,0.01957
1403638180.394984960556030,0.00509,0.00044,0.00017,0.00560,0.00122,0.00213,0.01465
1403638180.444984436035156,0.00470,0.00019,0.00013,0.00340,0.00052,0.00174,0.01069
1403638180.494984149932861,0.00370,0.00034,0.00002,0.00336,0.00330,0.00180,0.01252
1403638180.544984340667725,0.00494,0.00019,0.00360,0.00384,0.00363,0.00160,0.01780
1403638180.594984769821167,0.00460,0.00021,0.00129,0.00453,0.00146,0.00209,0.01418
1403638180.644985198974609,0.00574,0.00059,0.00173,0.00856,0.00118,0.00294,0.02073
1403638180.694987058639526,0.00489,0.00023,0.00002,0.00496,0.00000,0.00222,0.01232
1403638180.744986772537231,0.00679,0.00038,0.00014,0.00981,0.00000,0.00337,0.02050
1403638180.794986248016357,0.00565,0.00020,0.00340,0.00403,0.00033,0.00195,0.01556
1403638180.844985723495483,0.00623,0.00030,0.00028,0.00403,0.00072,0.00218,0.01375
1403638180.894984960556030,0.00637,0.00032,0.00015,0.00403,0.00116,0.00220,0.01424
1403638180.944983720779419,0.00734,0.00039,0.00013,0.00701,0.00012,0.00273,0.01773
1403638180.994984388351440,0.00616,0.00028,0.00002,0.00607,0.00255,0.00250,0.01757
1403638181.044984579086304,0.00634,0.00040,0.00003,0.00707,0.00191,0.00293,0.01869
1403638181.094984292984009,0.00620,0.00039,0.00221,0.00565,0.00102,0.00262,0.01809
1403638181.144983768463135,0.00668,0.00058,0.00151,0.00651,0.01343,0.00380,0.03249
1403638181.194983959197998,0.00580,0.00028,0.00286,0.00649,0.00019,0.00254,0.01816
1403638181.244983673095703,0.00567,0.00021,0.00085,0.00416,0.00035,0.00162,0.01286
1403638181.294985294342041,0.00782,0.00047,0.00022,0.00576,0.00001,0.00261,0.01690
1403638181.344985485076904,0.00641,0.00041,0.00051,0.00503,0.00000,0.00255,0.01491
1403638181.394982576370239,0.00622,0.00036,0.00623,0.00492,0.00534,0.00197,0.02504
1403638181.444979906082153,0.00604,0.00028,0.00035,0.00325,0.00015,0.00207,0.01215
1403638181.494983911514282,0.00690,0.00032,0.00027,0.00546,0.00010,0.00340,0.01645
1403638181.544990777969360,0.00810,0.00037,0.00060,0.00638,0.00215,0.00282,0.02043
1403638181.594991683959961,0.00658,0.00036,0.00104,0.00527,0.00000,0.00308,0.01633
1403638181.644988775253296,0.00646,0.00036,0.00087,0.00472,0.00000,0.00282,0.01524
1403638181.694984912872314,0.00604,0.00036,0.00039,0.00515,0.00163,0.00282,0.01640
1403638181.744978904724121,0.00814,0.00053,0.00250,0.00407,0.00006,0.00275,0.01805
1403638181.794976234436035,0.00639,0.00023,0.00289,0.00328,0.00176,0.00245,0.01700
1403638181.844966888427734,0.00614,0.00029,0.00012,0.00286,0.00716,0.00187,0.01845
1403638181.894965171813965,0.00770,0.00044,0.00171,0.00531,0.00000,0.00298,0.01814
1403638181.944961786270142,0.00764,0.00027,0.00007,0.00458,0.00000,0.00293,0.01549
1403638181.994961261749268,0.00614,0.00035,0.00048,0.00556,0.00227,0.00293,0.01773
1403638182.044968128204346,0.00577,0.00028,0.00020,0.00436,0.00183,0.00267,0.01511
1403638182.094974517822266,0.00711,0.00027,0.00025,0.00444,0.00928,0.00302,0.02437
1403638182.144976854324341,0.00734,0.00028,0.00027,0.00480,0.00148,0.00292,0.01709
1403638182.194982051849365,0.00526,0.00020,0.00031,0.00293,0.00000,0.00236,0.01107
1403638182.244988441467285,0.00592,0.00024,0.00006,0.00285,0.00000,0.00196,0.01104
1403638182.294999599456787,0.00633,0.00036,0.00020,0.00528,0.01593,0.00223,0.03033
1403638182.345000505447388,0.00655,0.00036,0.00003,0.00912,0.00188,0.00308,0.02103
1403638182.395000934600830,0.00705,0.00030,0.00081,0.00701,0.00203,0.00292,0.02013
1403638182.444999933242798,0.00563,0.00021,0.00064,0.00411,0.00169,0.00194,0.01422
1403638182.494996547698975,0.00605,0.00031,0.00340,0.00585,0.00438,0.00209,0.02208
1403638182.544993162155151,0.00614,0.00036,0.00020,0.00775,0.00000,0.00294,0.01740
1403638182.594991922378540,0.00606,0.00039,0.00102,0.00705,0.00193,0.00265,0.01910
1403638182.644989490509033,0.00608,0.00037,0.00253,0.00706,0.00409,0.00281,0.02294
1403638182.694991588592529,0.00631,0.00026,0.00113,0.00550,0.00705,0.00263,0.02289
1403638182.744989871978760,0.00522,0.00023,0.00029,0.00380,0.00000,0.00208,0.01163
1403638182.794990062713623,0.00579,0.00048,0.00128,0.00556,0.00000,0.00256,0.01567
1403638182.844990253448486,0.00632,0.00044,0.00031,0.00487,0.00000,0.00264,0.01458
1403638182.894989967346191,0.00612,0.00037,0.00194,0.00481,0.00110,0.00300,0.01734
1403638182.944987773895264,0.00669,0.00051,0.00275,0.00580,0.01546,0.00288,0.03409
1403638182.994986772537231,0.00655,0.00029,0.00026,0.00515,0.00175,0.00347,0.01747
1403638183.044982910156250,0.00666,0.00028,0.00072,0.00510,0.00582,0.00276,0.02134
1403638183.094981431961060,0.00739,0.00040,0.00053,0.00572,0.00004,0.00289,0.01697
1403638183.144981145858765,0.00596,0.00040,0.00068,0.00543,0.00000,0.00259,0.01504
1403638183.194981098175049,0.00696,0.00056,0.00107,0.00759,0.00029,0.00286,0.01934
1403638183.244991064071655,0.00588,0.00034,0.00211,0.00524,0.01003,0.00203,0.02561
1403638183.294996500015259,0.00597,0.00034,0.00014,0.00521,0.00021,0.00197,0.01383
1403638183.344999551773071,0.00555,0.00032,0.00165,0.00657,0.00000,0.00281,0.01690
1403638183.444999456405640,0.00539,0.00029,0.00133,0.00330,0.00432,0.00189,0.01652
1403638183.495001316070557,0.00556,0.00039,0.00019,0.00763,0.00001,0.00279,0.01657
1403638183.544999837875366,0.00660,0.00031,0.00148,0.00622,0.00374,0.00305,0.02139
1403638183.594997882843018,0.00585,0.00035,0.00040,0.00641,0.00001,0.00287,0.01590
1403638183.644994497299194,0.00614,0.00037,0.00061,0.00760,0.00106,0.00297,0.01875
1403638183.694985389709473,0.00796,0.00053,0.00126,0.00674,0.00710,0.00321,0.02679
1403638183.744980812072754,0.00575,0.00031,0.00038,0.00652,0.00005,0.00246,0.01548
1403638183.794979572296143,0.00817,0.00056,0.00124,0.00652,0.00282,0.00299,0.02230
1403638183.844978570938110,0.00636,0.00021,0.00077,0.00355,0.00022,0.00239,0.01351
1403638183.894978284835815,0.00634,0.00038,0.00044,0.00605,0.00026,0.00275,0.01623
1403638183.944978475570679,0.00596,0.00026,0.00013,0.00432,0.00030,0.00282,0.01379
1403638183.994975566864014,0.00601,0.00037,0.00143,0.00591,0.01236,0.00272,0.02880
1403638184.044970750808716,0.00705,0.00022,0.00019,0.00337,0.00000,0.00196,0.01279
1403638184.094968080520630,0.00584,0.00020,0.00022,0.00294,0.00462,0.00181,0.01564
1403638184.144967317581177,0.00594,0.00018,0.00061,0.00322,0.00075,0.00198,0.01268
1403638184.194967031478882,0.00584,0.00032,0.00004,0.00550,0.00000,0.00272,0.01442
1403638184.244967937469482,0.00566,0.00020,0.00008,0.00308,0.00228,0.00213,0.01343
1403638184.294968605041504,0.00569,0.00027,0.00051,0.00302,0.00008,0.00188,0.01146
1403638184.344970703125000,0.00664,0.00031,0.00008,0.00492,0.00950,0.00304,0.02448
1403638184.394974470138550,0.00719,0.00053,0.00055,0.00683,0.00001,0.00287,0.01799
1403638184.444976806640625,0.00669,0.00036,0.00045,0.00668,0.00035,0.00303,0.01755
1403638184.494977951049805,0.00652,0.00028,0.00120,0.00462,0.00025,0.00249,0.01536
1403638184.544978380203247,0.00726,0.00034,0.00079,0.00530,0.00028,0.00291,0.01687
1403638184.594980955123901,0.00659,0.00033,0.00184,0.00526,0.01288,0.00250,0.02941
1403638184.644979715347290,0.00747,0.00030,0.00013,0.00526,0.00000,0.00270,0.01586
1403638184.694979429244995,0.00619,0.00037,0.00012,0.00703,0.00000,0.00296,0.01668
1403638184.744978904724121,0.00561,0.00020,0.00018,0.00313,0.00005,0.00196,0.01114
1403638184.794979333877563,0.00657,0.00017,0.00060,0.00306,0.00000,0.00186,0.01227
1403638184.844978809356689,0.00667,0.00036,0.00051,0.00627,0.00157,0.00285,0.01823
1403638184.894978284835815,0.00759,0.00037,0.00015,0.00527,0.00237,0.00312,0.01886
1403638184.944977998733521,0.00683,0.00026,0.00056,0.00517,0.00686,0.00284,0.02252
1403638184.994977951049805,0.00616,0.00038,0.00069,0.00622,0.00000,0.00276,0.01622
1403638185.044978380203247,0.00596,0.00035,0.00074,0.00616,0.00193,0.00296,0.01812
1403638185.094978570938110,0.00801,0.00045,0.00109,0.00682,0.00523,0.00302,0.02462
1403638185.144977807998657,0.00563,0.00023,0.00040,0.00354,0.00020,0.00209,0.01208
1403638185.194978952407837,0.00563,0.00017,0.00151,0.00334,0.00191,0.00180,0.01437
1403638185.244977712631226,0.00734,0.00035,0.00003,0.00658,0.00000,0.00287,0.01717
1403638185.294975996017456,0.00610,0.00028,0.00040,0.00409,0.00000,0.00276,0.01363
1403638185.344974040985107,0.00737,0.00024,0.00054,0.00404,0.00595,0.00253,0.02066
1403638185.394973516464233,0.00552,0.00021,0.00187,0.00291,0.00003,0.00183,0.01236
1403638185.444974184036255,0.00666,0.00035,0.00039,0.00510,0.00138,0.00298,0.01686
1403638185.494974374771118,0.00596,0.00018,0.00040,0.00262,0.00010,0.00205,0.01132
1403638185.544975042343140,0.00751,0.00033,0.00066,0.00517,0.00024,0.00267,0.01658
1403638185.594975709915161,0.00592,0.00027,0.00049,0.00422,0.00000,0.00285,0.01376
1403638185.644975900650024,0.00806,0.00025,0.00035,0.00374,0.00665,0.00280,0.02186
1403638185.694977045059204,0.00591,0.00018,0.00055,0.00248,0.00015,0.00191,0.01119
1403638185.744977712631226,0.00731,0.00034,0.00021,0.00415,0.00033,0.00353,0.01588
1403638185.794979572296143,0.00649,0.00031,0.00038,0.00349,0.00536,0.00268,0.01872
1403638185.844983100891113,0.00731,0.00036,0.00016,0.00412,0.00007,0.00347,0.01548
1403638185.894982576370239,0.00618,0.00033,0.00023,0.00390,0.00606,0.00288,0.01958
1403638185.944982051849365,0.00600,0.00027,0.00020,0.00441,0.00010,0.00269,0.01368
1403638185.994984149932861,0.00763,0.00029,0.00035,0.00422,0.00173,0.00310,0.01733
1403638186.044986963272095,0.00585,0.00019,0.00024,0.00247,0.00009,0.00206,0.01090
1403638186.094991207122803,0.00572,0.00016,0.00045,0.00245,0.00102,0.00174,0.01154
1403638186.144990921020508,0.00579,0.00021,0.00017,0.00244,0.00105,0.00208,0.01175
1403638186.194989681243896,0.00609,0.00033,0.00024,0.00493,0.00498,0.00279,0.01936
1403638186.244988679885864,0.00609,0.00024,0.00005,0.00423,0.00031,0.00253,0.01345
1403638186.294985771179199,0.00566,0.00036,0.00007,0.00573,0.00576,0.00274,0.02031
1403638186.344985008239746,0.00659,0.00027,0.00012,0.00424,0.00014,0.00252,0.01387
1403638186.394985914230347,0.00668,0.00043,0.00023,0.00602,0.00333,0.00332,0.02002
1403638186.444985628128052,0.00394,0.00018,0.00022,0.00272,0.00099,0.00208,0.01013
1403638186.494985342025757,0.00678,0.00018,0.00005,0.00236,0.00023,0.00203,0.01165
1403638186.544988393783569,0.00906,0.00046,0.00090,0.00342,0.00821,0.00342,0.02548
1403638186.594987392425537,0.00588,0.00038,0.00029,0.00602,0.00020,0.00350,0.01627
1403638186.644987344741821,0.00753,0.00034,0.00040,0.00581,0.00016,0.00298,0.01723
1403638186.694986343383789,0.00602,0.00024,0.00044,0.00230,0.00021,0.00211,0.01133
1403638186.744985103607178,0.00624,0.00036,0.00036,0.00352,0.00018,0.00257,0.01323
1403638186.794986248016357,0.00796,0.00035,0.00033,0.00396,0.00034,0.00276,0.01570
1403638186.844987869262695,0.00495,0.00017,0.00097,0.00185,0.00102,0.00202,0.01098
1403638186.894989252090454,0.00599,0.00016,0.00013,0.00185,0.00241,0.00177,0.01231
1403638186.944992303848267,0.00602,0.00019,0.00018,0.00188,0.00011,0.00209,0.01047
1403638186.994996547698975,0.00769,0.00018,0.00015,0.00140,0.00004,0.00218,0.01164
1403638187.045000076293945,0.00777,0.00019,0.00027,0.00111,0.00046,0.00211,0.01191
1403638187.094997882843018,0.00772,0.00019,0.00032,0.00072,0.00281,0.00199,0.01376
1403638187.144996404647827,0.00713,0.00025,0.00024,0.00161,0.00017,0.00291,0.01231
1403638187.195000410079956,0.01026,0.00040,0.00022,0.00211,0.00301,0.00332,0.01933
1403638187.245001077651978,0.00843,0.00036,0.00032,0.00153,0.00006,0.00321,0.01392
1403638187.295000314712524,0.00559,0.00019,0.00031,0.00064,0.00010,0.00205,0.00888
1403638187.345000028610229,0.00447,0.00019,0.00029,0.00064,0.00017,0.00169,0.00745
1403638187.395001173019409,0.00597,0.00025,0.00116,0.00051,0.00122,0.00289,0.01201
1403638187.445001602172852,0.00541,0.00018,0.00025,0.00041,0.00078,0.00193,0.00896
1403638187.495002985000610,0.00730,0.00036,0.00030,0.00076,0.00059,0.00287,0.01218
1403638187.545003890991211,0.00758,0.00031,0.00102,0.00064,0.00042,0.00305,0.01303
1403638187.595004558563232,0.00841,0.00020,0.00032,0.00042,0.00004,0.00236,0.01175
1403638187.645001173019409,0.00623,0.00025,0.00035,0.00069,0.00173,0.00296,0.01221
1403638187.695000171661377,0.00713,0.00034,0.00047,0.00096,0.00000,0.00352,0.01243
1403638187.745004177093506,0.00786,0.00026,0.00090,0.00070,0.00244,0.00269,0.01485
1403638187.795003890991211,0.00590,0.00018,0.00015,0.00060,0.00089,0.00228,0.01001
1403638187.845002651214600,0.00568,0.00026,0.00060,0.00106,0.00217,0.00276,0.01252
1403638187.895001411437988,0.00637,0.00018,0.00086,0.00070,0.00009,0.00167,0.00987
1403638187.945000886917114,0.00550,0.00023,0.00052,0.00069,0.00055,0.00239,0.00988
1403638187.995001792907715,0.00722,0.00023,0.00028,0.00063,0.00167,0.00193,0.01198
1403638188.045001029968262,0.00780,0.00034,0.00122,0.00198,0.00211,0.00278,0.01623
1403638188.095000505447388,0.00951,0.00042,0.00098,0.00185,0.00240,0.00378,0.01894
1403638188.145000457763672,0.00765,0.00029,0.00056,0.00175,0.00017,0.00268,0.01310
1403638188.195000171661377,0.00747,0.00018,0.00017,0.00096,0.00004,0.00221,0.01104
1403638188.245000600814819,0.00875,0.00039,0.00112,0.00169,0.00103,0.00332,0.01630
1403638188.295002222061157,0.00699,0.00021,0.00028,0.00072,0.00022,0.00214,0.01057
1403638188.345003604888916,0.00695,0.00026,0.00111,0.00110,0.00034,0.00317,0.01295
1403638188.395003557205200,0.00600,0.00018,0.00007,0.00077,0.00011,0.00232,0.00945
1403638188.445004701614380,0.00682,0.00017,0.00036,0.00059,0.00023,0.00210,0.01027
1403638188.495005130767822,0.00604,0.00032,0.00055,0.00116,0.00020,0.00363,0.01190
1403638188.545006036758423,0.00599,0.00021,0.00026,0.00079,0.00044,0.00261,0.01030
1403638188.595006465911865,0.00619,0.00032,0.00016,0.00067,0.00173,0.00304,0.01211
1403638188.645007610321045,0.00593,0.00031,0.00015,0.00110,0.00398,0.00335,0.01483
1403638188.695009708404541,0.00617,0.00028,0.00030,0.00109,0.00238,0.00283,0.01306
1403638188.745012283325195,0.00636,0.00031,0.00121,0.00151,0.00191,0.00344,0.01475
1403638188.795014142990112,0.00692,0.00028,0.00013,0.00146,0.00134,0.00294,0.01308
1403638188.845015525817871,0.00665,0.00029,0.00030,0.00145,0.00546,0.00286,0.01701
1403638188.895018100738525,0.00696,0.00019,0.00033,0.00118,0.00166,0.00211,0.01241
1403638188.945019006729126,0.00591,0.00017,0.00009,0.00129,0.00096,0.00205,0.01047
1403638188.995022058486938,0.00631,0.00016,0.00012,0.00126,0.00250,0.00180,0.01215
1403638189.045019865036011,0.00690,0.00026,0.00020,0.00221,0.00171,0.00218,0.01347
1403638189.095012903213501,0.00607,0.00023,0.00026,0.00163,0.00326,0.00180,0.01325
1403638189.145008087158203,0.00830,0.00030,0.00034,0.00368,0.00361,0.00345,0.01967
1403638189.195003509521484,0.00588,0.00019,0.00034,0.00246,0.00099,0.00194,0.01180
1403638189.244997978210449,0.00709,0.00028,0.00007,0.00435,0.00096,0.00297,0.01573
1403638189.294995546340942,0.00890,0.00027,0.00062,0.00422,0.00050,0.00272,0.01722
1403638189.345003366470337,0.00665,0.00019,0.00016,0.00328,0.00053,0.00270,0.01352
1403638189.395009994506836,0.00753,0.00028,0.00041,0.00341,0.00000,0.00281,0.01444
1403638189.445016145706177,0.00786,0.00024,0.00037,0.00306,0.00478,0.00285,0.01915
1403638189.495015621185303,0.00465,0.00021,0.00033,0.00222,0.00010,0.00221,0.00972
1403638189.545012950897217,0.00824,0.00019,0.00011,0.00211,0.00014,0.00212,0.01290
1403638189.595008611679077,0.00671,0.00018,0.00031,0.00193,0.00082,0.00201,0.01195
1403638189.645007610321045,0.00826,0.00029,0.00023,0.00336,0.00174,0.00315,0.01701
1403638189.695005178451538,0.00480,0.00022,0.00021,0.00200,0.00116,0.00194,0.01035
1403638189.745001554489136,0.00748,0.00018,0.00017,0.00222,0.00102,0.00219,0.01326
1403638189.795003652572632,0.00617,0.00018,0.00048,0.00230,0.00278,0.00213,0.01404
1403638189.844999313354492,0.00686,0.00016,0.00021,0.00259,0.00141,0.00189,0.01312
1403638189.894996881484985,0.00674,0.00019,0.00016,0.00255,0.00060,0.00211,0.01236
1403638189.944991827011108,0.00621,0.00029,0.00020,0.00443,0.00087,0.00307,0.01508
1403638189.994988679885864,0.00765,0.00043,0.00061,0.00568,0.00774,0.00302,0.02513
1403638190.044984102249146,0.00664,0.00036,0.00055,0.00557,0.00180,0.00286,0.01779
1403638190.094981908798218,0.00596,0.00021,0.00015,0.00347,0.00367,0.00213,0.01559
1403638190.144979000091553,0.00827,0.00035,0.00029,0.00729,0.00183,0.00296,0.02099
1403638190.194977283477783,0.00803,0.00025,0.00019,0.00642,0.00922,0.00139,0.02550
1403638190.244974136352539,0.00528,0.00025,0.00031,0.00457,0.00000,0.00208,0.01249
1403638190.294974327087402,0.00795,0.00030,0.00283,0.00800,0.00063,0.00303,0.02273
1403638190.344974517822266,0.00758,0.00054,0.00106,0.00746,0.00007,0.00262,0.01934
1403638190.394973993301392,0.00682,0.00020,0.00027,0.00417,0.00007,0.00169,0.01323
1403638190.444972991943359,0.00758,0.00037,0.00035,0.00781,0.00006,0.00272,0.01889
1403638190.494970321655273,0.00630,0.00028,0.00031,0.00661,0.00054,0.00278,0.01682
1403638190.544966220855713,0.00819,0.00069,0.00013,0.00707,0.00195,0.00345,0.02148
1403638190.594963550567627,0.00623,0.00020,0.00018,0.00424,0.00224,0.00152,0.01461
1403638190.644961118698120,0.00855,0.00033,0.00013,0.00750,0.00000,0.00286,0.01938
1403638190.694960117340088,0.00696,0.00039,0.00011,0.00966,0.00210,0.00267,0.02188
1403638190.744959115982056,0.00812,0.00032,0.00514,0.00735,0.00124,0.00272,0.02489
1403638190.794956684112549,0.00678,0.00043,0.00115,0.00748,0.00100,0.00249,0.01934
1403638190.844954967498779,0.00674,0.00054,0.00031,0.00898,0.00005,0.00290,0.01953
1403638190.894954681396484,0.00881,0.00038,0.00555,0.00705,0.00041,0.00306,0.02525
1403638190.944956541061401,0.00673,0.00018,0.00009,0.00458,0.00071,0.00183,0.01412
1403638190.994962215423584,0.00657,0.00038,0.00049,0.00820,0.00011,0.00306,0.01881
1403638191.044966220855713,0.00599,0.00020,0.00026,0.00435,0.00004,0.00188,0.01273
1403638191.094968080520630,0.00624,0.00030,0.00028,0.00721,0.00147,0.00267,0.01816
1403638191.144966125488281,0.00603,0.00030,0.00121,0.00674,0.00001,0.00260,0.01688
1403638191.194960355758667,0.00651,0.00052,0.00323,0.00385,0.00738,0.00246,0.02395
1403638191.244953393936157,0.00656,0.00038,0.00012,0.00801,0.00001,0.00252,0.01759
1403638191.294946908950806,0.00731,0.00077,0.00834,0.00805,0.00011,0.00351,0.02809
1403638191.344948291778564,0.00866,0.00038,0.00473,0.00777,0.00013,0.00294,0.02462
1403638191.394950151443481,0.00647,0.00029,0.00053,0.00786,0.00008,0.00254,0.01778
1403638191.444952964782715,0.00619,0.00038,0.00156,0.00738,0.00752,0.00281,0.02583
1403638191.494956970214844,0.00652,0.00042,0.00784,0.01021,0.00044,0.00291,0.02833
1403638191.544961214065552,0.00611,0.00042,0.00015,0.00764,0.00007,0.00267,0.01707
1403638191.594964742660522,0.00584,0.00027,0.00047,0.00706,0.00007,0.00235,0.01605
1403638191.644967555999756,0.00845,0.00052,0.00016,0.00745,0.00006,0.00276,0.01941
1403638191.694967508316040,0.00681,0.00040,0.00195,0.00415,0.00125,0.00213,0.01670
1403638191.744968652725220,0.00668,0.00039,0.00098,0.00749,0.00098,0.00282,0.01934
1403638191.794972181320190,0.00688,0.00038,0.00020,0.00697,0.00534,0.00299,0.02275
1403638191.844972372055054,0.00645,0.00029,0.00153,0.00752,0.00102,0.00271,0.01953
1403638191.894971847534180,0.00676,0.00038,0.00986,0.00614,0.00199,0.00265,0.02779
1403638191.944973468780518,0.00635,0.00026,0.00542,0.00641,0.00288,0.00242,0.02374
1403638191.994973659515381,0.00572,0.00021,0.00007,0.00427,0.00008,0.00175,0.01210
1403638192.044973850250244,0.00655,0.00038,0.00028,0.00736,0.00004,0.00293,0.01755
1403638192.094973802566528,0.00611,0.00028,0.00349,0.00577,0.00324,0.00245,0.02133
1403638192.144974470138550,0.00600,0.00030,0.00040,0.00705,0.00012,0.00292,0.01679
1403638192.194973945617676,0.00856,0.00038,0.00989,0.00681,0.00654,0.00200,0.03417
1403638192.244972467422485,0.00720,0.00047,0.00048,0.00726,0.00001,0.00277,0.01819
1403638192.294972181320190,0.00488,0.00055,0.00161,0.00605,0.00395,0.00319,0.02023
1403638192.344971179962158,0.00388,0.00027,0.00096,0.00380,0.00001,0.00179,0.01070
1403638192.394971370697021,0.00492,0.00029,0.00036,0.00646,0.00481,0.00277,0.01962
1403638192.444973230361938,0.00438,0.00019,0.00064,0.00434,0.00071,0.00193,0.01218
1403638192.494977712631226,0.00607,0.00041,0.00856,0.00671,0.00313,0.00278,0.02766
1403638192.544976234436035,0.00767,0.00023,0.00199,0.00414,0.00175,0.00208,0.01785
1403638192.594976425170898,0.00688,0.00029,0.00151,0.00437,0.00237,0.00231,0.01773
1403638192.644975185394287,0.00750,0.00021,0.00080,0.00465,0.00000,0.00210,0.01527
1403638192.694976091384888,0.00565,0.00022,0.00356,0.00425,0.00008,0.00184,0.01560
1403638192.744977235794067,0.00544,0.00019,0.00391,0.00404,0.00162,0.00191,0.01711
1403638192.794982194900513,0.00843,0.00037,0.00327,0.00721,0.00563,0.00271,0.02763
1403638192.844981670379639,0.00613,0.00020,0.00026,0.00446,0.00063,0.00168,0.01336
1403638192.894979476928711,0.00845,0.00019,0.00069,0.00417,0.00067,0.00183,0.01600
1403638192.944977760314941,0.00885,0.00052,0.00358,0.00628,0.00177,0.00261,0.02361
1403638192.994978666305542,0.00684,0.00038,0.00260,0.00540,0.00313,0.00252,0.02086
1403638193.044983386993408,0.00650,0.00022,0.00228,0.00542,0.00002,0.00225,0.01670
1403638193.094994783401489,0.00841,0.00027,0.00590,0.00498,0.00668,0.00244,0.02869
1403638193.145004034042358,0.00609,0.00020,0.00057,0.00385,0.00119,0.00177,0.01367
1403638193.195008277893066,0.00615,0.00017,0.00007,0.00379,0.00000,0.00171,0.01190
1403638193.245010852813721,0.00630,0.00031,0.00142,0.00621,0.00001,0.00303,0.01728
1403638193.295012474060059,0.00720,0.00051,0.00109,0.00622,0.00356,0.00314,0.02172
1403638193.345003843307495,0.00661,0.00043,0.00244,0.00678,0.00451,0.00258,0.02335
1403638193.395003557205200,0.00608,0.00036,0.00010,0.00712,0.00000,0.00291,0.01657
1403638193.444994688034058,0.00599,0.00046,0.00731,0.00649,0.00474,0.00173,0.02673
1403638193.494993925094604,0.00590,0.00019,0.00017,0.00430,0.00009,0.00166,0.01230
1403638193.544994354248047,0.00657,0.00021,0.00022,0.00411,0.00001,0.00175,0.01286
1403638193.594995021820068,0.00783,0.00041,0.00156,0.00747,0.00116,0.00299,0.02142
1403638193.644989013671875,0.00643,0.00029,0.01120,0.00685,0.01017,0.00217,0.03711
1403638193.694990873336792,0.00668,0.00032,0.00394,0.00500,0.00124,0.00189,0.01907
1403638193.744990348815918,0.00642,0.00032,0.00013,0.00815,0.00007,0.00286,0.01795
1403638193.794990539550781,0.00645,0.00026,0.00004,0.00501,0.00000,0.00246,0.01423
1403638193.844990015029907,0.00646,0.00039,0.00025,0.00830,0.00010,0.00272,0.01822
1403638193.894990444183350,0.00638,0.00038,0.00057,0.00879,0.00050,0.00291,0.01954
1403638193.944990158081055,0.00592,0.00028,0.00139,0.00637,0.00212,0.00268,0.01876
1403638193.994989871978760,0.00626,0.00040,0.00010,0.00779,0.00000,0.00271,0.01726
1403638194.044992923736572,0.00569,0.00044,0.00026,0.00622,0.00946,0.00264,0.02471
1403638194.094992637634277,0.00804,0.00046,0.00237,0.00792,0.00016,0.00283,0.02178
1403638194.144993066787720,0.00620,0.00024,0.00464,0.00440,0.00390,0.00185,0.02123
1403638194.194994449615479,0.00670,0.00043,0.00135,0.00661,0.00005,0.00277,0.01790
1403638194.245004177093506,0.00623,0.00021,0.00665,0.00487,0.00122,0.00169,0.02088
1403638194.295003890991211,0.00596,0.00038,0.00166,0.00516,0.00003,0.00223,0.01543
1403638194.345005273818970,0.00593,0.00030,0.00024,0.00742,0.00004,0.00264,0.01659
1403638194.395005941390991,0.00621,0.00037,0.00008,0.00464,0.00000,0.00252,0.01382
1403638194.445006608963013,0.00667,0.00040,0.00024,0.00849,0.00409,0.00290,0.02279
1403638194.495006561279297,0.00654,0.00040,0.00093,0.00801,0.00017,0.00308,0.01912
1403638194.545007467269897,0.00618,0.00042,0.00009,0.00628,0.00277,0.00239,0.01812
1403638194.595008134841919,0.00572,0.00036,0.00071,0.00428,0.00002,0.00213,0.01322
1403638194.645006895065308,0.00671,0.00023,0.00806,0.00405,0.00340,0.00233,0.02477
1403638194.695005416870117,0.00576,0.00035,0.00191,0.00448,0.00007,0.00197,0.01454
1403638194.745005369186401,0.00614,0.00035,0.00672,0.00735,0.00369,0.00247,0.02672
1403638194.795006275177002,0.00621,0.00032,0.00202,0.00717,0.00006,0.00319,0.01896
1403638194.845009803771973,0.00590,0.00029,0.00727,0.00653,0.00465,0.00140,0.02606
1403638194.895009756088257,0.00597,0.00052,0.00114,0.00498,0.00003,0.00205,0.01469
1403638194.945010900497437,0.00608,0.00032,0.00013,0.00521,0.00003,0.00175,0.01353
1403638194.995011329650879,0.00677,0.00047,0.00021,0.00876,0.00003,0.00310,0.01935
1403638195.045011281967163,0.00634,0.00036,0.00050,0.00808,0.00191,0.00243,0.01962
1403638195.095010995864868,0.00577,0.00046,0.00227,0.00733,0.00051,0.00309,0.01943
1403638195.145010232925415,0.00843,0.00042,0.00013,0.00702,0.00010,0.00303,0.01913
1403638195.195009946823120,0.00648,0.00040,0.00007,0.00406,0.00116,0.00207,0.01425
1403638195.245010375976562,0.00835,0.00044,0.00986,0.00567,0.00646,0.00234,0.03312
1403638195.295010328292847,0.00696,0.00037,0.00014,0.00839,0.00299,0.00265,0.02150
1403638195.345010757446289,0.00659,0.00028,0.00294,0.00663,0.00057,0.00255,0.01955
1403638195.395010709762573,0.00627,0.00031,0.00142,0.00686,0.00272,0.00272,0.02030
1403638195.445008993148804,0.00638,0.00057,0.00003,0.00842,0.00406,0.00247,0.02194
1403638195.495004415512085,0.00656,0.00045,0.00169,0.00744,0.00004,0.00245,0.01864
1403638195.545002698898315,0.00654,0.00036,0.00109,0.00873,0.00008,0.00258,0.01939
1403638195.595000267028809,0.00630,0.00027,0.00018,0.00719,0.00181,0.00242,0.01817
1403638195.645001649856567,0.00573,0.00021,0.00022,0.00483,0.00063,0.00210,0.01373
1403638195.694999694824219,0.00542,0.00038,0.01039,0.00477,0.00071,0.00204,0.02370
1403638195.745001554489136,0.00567,0.00018,0.00001,0.00495,0.00069,0.00181,0.01331
1403638195.795004606246948,0.00616,0.00038,0.00003,0.00957,0.00000,0.00285,0.01899
1403638195.845004558563232,0.00587,0.00041,0.00923,0.00771,0.00014,0.00287,0.02623
1403638195.895005226135254,0.00590,0.00030,0.00023,0.00482,0.00010,0.00206,0.01342
1403638195.945006847381592,0.00551,0.00019,0.00069,0.00455,0.00290,0.00172,0.01556
1403638195.995006561279297,0.00559,0.00030,0.00003,0.00715,0.00015,0.00297,0.01617
1403638196.045006513595581,0.00586,0.00028,0.00008,0.00723,0.00007,0.00265,0.01617
1403638196.095007181167603,0.00601,0.00046,0.00013,0.00670,0.00182,0.00279,0.01790
1403638196.145007848739624,0.00658,0.00040,0.00003,0.00759,0.00139,0.00239,0.01838
1403638196.195008277893066,0.00657,0.00059,0.00024,0.00906,0.00001,0.00251,0.01898
1403638196.245007753372192,0.00624,0.00038,0.00181,0.00940,0.00010,0.00281,0.02073
1403638196.295010089874268,0.00875,0.00027,0.00678,0.00437,0.00015,0.00259,0.02291
1403638196.345010280609131,0.00706,0.00040,0.00027,0.00849,0.00007,0.00300,0.01929
1403638196.395009756088257,0.00624,0.00020,0.00005,0.00440,0.00000,0.00218,0.01309
1403638196.445009708404541,0.00655,0.00037,0.00373,0.00668,0.00784,0.00195,0.02710
1403638196.495008468627930,0.00643,0.00044,0.00015,0.01090,0.00012,0.00314,0.02118
1403638196.545006275177002,0.00630,0.00038,0.00097,0.00807,0.00193,0.00248,0.02014
1403638196.595002174377441,0.00559,0.00026,0.00016,0.00537,0.00004,0.00183,0.01326
1403638196.644998073577881,0.00623,0.00060,0.00039,0.00995,0.00009,0.00289,0.02015
1403638196.694995403289795,0.00606,0.00021,0.00018,0.00517,0.00008,0.00217,0.01388
1403638196.744996309280396,0.00648,0.00020,0.00002,0.00495,0.00007,0.00222,0.01394
1403638196.794997930526733,0.00645,0.00034,0.00010,0.00796,0.00004,0.00280,0.01769
1403638196.845002412796021,0.00537,0.00028,0.00662,0.00684,0.00172,0.00212,0.02295
1403638196.895002841949463,0.00662,0.00040,0.00922,0.00721,0.00037,0.00265,0.02646
1403638196.945004224777222,0.00649,0.00018,0.00017,0.00486,0.00007,0.00203,0.01381
1403638196.995004415512085,0.00688,0.00048,0.00040,0.00985,0.00000,0.00339,0.02100
1403638197.045005321502686,0.00651,0.00027,0.00026,0.00652,0.00365,0.00245,0.01966
1403638197.095005750656128,0.00618,0.00024,0.00002,0.00485,0.00012,0.00221,0.01362
1403638197.145005464553833,0.00606,0.00046,0.00008,0.00759,0.00013,0.00287,0.01719
1403638197.195005416870117,0.00620,0.00027,0.00007,0.00744,0.00016,0.00269,0.01684
1403638197.245005607604980,0.00686,0.00043,0.00027,0.00817,0.00013,0.00309,0.01894
1403638197.295006752014160,0.00672,0.00038,0.00003,0.00939,0.00225,0.00310,0.02188
1403638197.345006465911865,0.00867,0.00032,0.00028,0.00807,0.00012,0.00297,0.02042
1403638197.395006418228149,0.00656,0.00031,0.00097,0.00790,0.00005,0.00308,0.01888
1403638197.445006370544434,0.00689,0.00039,0.00234,0.00813,0.00025,0.00314,0.02113
1403638197.495006561279297,0.00632,0.00031,0.00799,0.00716,0.00249,0.00209,0.02636
1403638197.545006752014160,0.00718,0.00050,0.00018,0.00502,0.00029,0.00251,0.01568
1403638197.595006465911865,0.00639,0.00031,0.00011,0.00769,0.00004,0.00282,0.01735
1403638197.645006418228149,0.00645,0.00037,0.00036,0.00445,0.00118,0.00187,0.01468
1403638197.695006370544434,0.00699,0.00034,0.00057,0.00812,0.00018,0.00353,0.01973
1403638197.745007276535034,0.00579,0.00038,0.00022,0.00788,0.00203,0.00274,0.01903
1403638197.795007705688477,0.00566,0.00044,0.00009,0.00807,0.00114,0.00274,0.01814
1403638197.845008373260498,0.00651,0.00039,0.00167,0.00842,0.00185,0.00304,0.02188
1403638197.895007371902466,0.00668,0.00027,0.01322,0.00434,0.00456,0.00208,0.03114
1403638197.945009469985962,0.00601,0.00035,0.00179,0.00521,0.00022,0.00172,0.01530
1403638197.995010614395142,0.00608,0.00019,0.00007,0.00535,0.00004,0.00179,0.01352
1403638198.045010328292847,0.00680,0.00057,0.00505,0.01001,0.00014,0.00329,0.02585
1403638198.095008373260498,0.00623,0.00038,0.00977,0.00842,0.00020,0.00286,0.02786
1403638198.145005702972412,0.00703,0.00054,0.00003,0.00990,0.00257,0.00314,0.02320
1403638198.195002794265747,0.00588,0.00021,0.00002,0.00537,0.00023,0.00189,0.01360
1403638198.244999885559082,0.00606,0.00046,0.00009,0.01152,0.00290,0.00255,0.02357
1403638198.294998645782471,0.00669,0.00041,0.00029,0.00635,0.00001,0.00224,0.01599
1403638198.344998121261597,0.00565,0.00036,0.00085,0.00634,0.00006,0.00217,0.01544
1403638198.394995927810669,0.00622,0.00032,0.00014,0.00589,0.00004,0.00198,0.01459
1403638198.444997072219849,0.00709,0.00060,0.00047,0.00965,0.00006,0.00303,0.02091
1403638198.494992733001709,0.00631,0.00029,0.01247,0.00623,0.00122,0.00171,0.02823
1403638198.544997453689575,0.00638,0.00052,0.00397,0.00904,0.00099,0.00246,0.02336
1403638198.595001220703125,0.00608,0.00027,0.00188,0.00910,0.00000,0.00261,0.01994
1403638198.645003080368042,0.00658,0.00037,0.00684,0.00877,0.00003,0.00259,0.02518
1403638198.695005893707275,0.00640,0.00039,0.01279,0.00985,0.00007,0.00289,0.03239
1403638198.745007038116455,0.00738,0.00061,0.00065,0.00944,0.00006,0.00338,0.02153
1403638198.795009613037109,0.00616,0.00034,0.00010,0.00926,0.00208,0.00268,0.02062
1403638198.845009088516235,0.00611,0.00046,0.00009,0.00958,0.00000,0.00272,0.01896
1403638198.895009279251099,0.00619,0.00023,0.00155,0.00560,0.00005,0.00239,0.01599
1403638198.945009469985962,0.00612,0.00030,0.00002,0.00919,0.00115,0.00280,0.01959
1403638198.995008707046509,0.00634,0.00032,0.00020,0.00809,0.00007,0.00266,0.01768
1403638199.045009374618530,0.00587,0.00042,0.00089,0.00703,0.00283,0.00235,0.01939
1403638199.095004081726074,0.00596,0.00029,0.00892,0.00462,0.00002,0.00171,0.02152
1403638199.145004034042358,0.00580,0.00033,0.00119,0.00437,0.00080,0.00197,0.01446
1403638199.195002794265747,0.00915,0.00057,0.00132,0.00681,0.00185,0.00314,0.02285
1403638199.245002031326294,0.00683,0.00046,0.00395,0.00607,0.00271,0.00211,0.02214
1403638199.295000314712524,0.00724,0.00032,0.00656,0.00629,0.00023,0.00334,0.02399
1403638199.345000028610229,0.00596,0.00019,0.00023,0.00382,0.00042,0.00188,0.01252
1403638199.395002126693726,0.00639,0.00030,0.00064,0.00641,0.00004,0.00270,0.01648
1403638199.445004940032959,0.00632,0.00028,0.00061,0.00557,0.00001,0.00244,0.01523
1403638199.495008468627930,0.00629,0.00025,0.00015,0.00556,0.00273,0.00244,0.01742
1403638199.545008897781372,0.00610,0.00032,0.00086,0.00664,0.00008,0.00288,0.01690
1403638199.595007419586182,0.00694,0.00030,0.00100,0.00604,0.00204,0.00412,0.02044
1403638199.645004749298096,0.00698,0.00058,0.00130,0.00601,0.00001,0.00311,0.01800
1403638199.695003509521484,0.00550,0.00019,0.00454,0.00294,0.00833,0.00192,0.02343
1403638199.745003938674927,0.00798,0.00025,0.00794,0.00364,0.00245,0.00194,0.02420
1403638199.795001983642578,0.00772,0.00067,0.00021,0.00557,0.00180,0.00285,0.01883
1403638199.845000743865967,0.00692,0.00040,0.00055,0.00728,0.00259,0.00345,0.02120
1403638199.895001173019409,0.00596,0.00030,0.00025,0.00368,0.00418,0.00189,0.01628
1403638199.945001125335693,0.00710,0.00057,0.00069,0.00743,0.00122,0.00402,0.02104
1403638199.995001316070557,0.00788,0.00042,0.00152,0.00649,0.00022,0.00275,0.01929
1403638200.045001506805420,0.00622,0.00020,0.00043,0.00317,0.00000,0.00226,0.01227
1403638200.095000982284546,0.00652,0.00038,0.00061,0.00296,0.00058,0.00233,0.01339
1403638200.145002365112305,0.00641,0.00053,0.00086,0.00595,0.00186,0.00284,0.01845
1403638200.195005178451538,0.00608,0.00036,0.00221,0.00571,0.00124,0.00231,0.01791
1403638200.245005130767822,0.00715,0.00042,0.00200,0.00437,0.00000,0.00270,0.01664
1403638200.295012950897217,0.00658,0.00029,0.00470,0.00390,0.01575,0.00159,0.03281
1403638200.345013618469238,0.00821,0.00036,0.00502,0.00395,0.00174,0.00171,0.02099
1403638200.395014762878418,0.00702,0.00036,0.00055,0.00358,0.00000,0.00245,0.01396
1403638200.445018529891968,0.00564,0.00042,0.00139,0.00478,0.00111,0.00243,0.01577
1403638200.495021343231201,0.00656,0.00028,0.00108,0.00274,0.00106,0.00181,0.01352
1403638200.545025110244751,0.00698,0.00038,0.00101,0.00511,0.01459,0.00328,0.03136
1403638200.595026493072510,0.00723,0.00029,0.00108,0.00476,0.00002,0.00254,0.01593
1403638200.645027160644531,0.00594,0.00029,0.00101,0.00428,0.00020,0.00231,0.01403
1403638200.695032596588135,0.00634,0.00026,0.00032,0.00361,0.00317,0.00263,0.01634
1403638200.745035648345947,0.00605,0.00027,0.00109,0.00331,0.00004,0.00288,0.01364
1403638200.795042037963867,0.00576,0.00034,0.00020,0.00479,0.00872,0.00283,0.02264
1403638200.845045328140259,0.00672,0.00037,0.00016,0.00455,0.00325,0.00247,0.01751
1403638200.895047187805176,0.00634,0.00038,0.00371,0.00494,0.01185,0.00260,0.02982
1403638200.945046424865723,0.00657,0.00045,0.00040,0.00585,0.00718,0.00290,0.02334
1403638200.995045900344849,0.00739,0.00036,0.00047,0.00606,0.00005,0.00279,0.01712
1403638201.045043230056763,0.00511,0.00046,0.00075,0.00503,0.00898,0.00163,0.02197
1403638201.095041751861572,0.00689,0.00021,0.00152,0.00426,0.00121,0.00210,0.01619
1403638201.145042657852173,0.00575,0.00020,0.00750,0.00324,0.00175,0.00149,0.01992
1403638201.195040225982666,0.00590,0.00021,0.00049,0.00360,0.00060,0.00202,0.01282
1403638201.245039701461792,0.00650,0.00040,0.00157,0.00600,0.00099,0.00320,0.01865
1403638201.295040607452393,0.00716,0.00117,0.00176,0.00618,0.00096,0.00357,0.02081
1403638201.345040559768677,0.00710,0.00053,0.00130,0.00599,0.00369,0.00271,0.02133
1403638201.395038843154907,0.00588,0.00036,0.00581,0.00500,0.01070,0.00170,0.02945
1403638201.445038795471191,0.00585,0.00040,0.00085,0.00888,0.00131,0.00335,0.02063
1403638201.495038032531738,0.00592,0.00058,0.00106,0.00809,0.00430,0.00292,0.02287
1403638201.545036554336548,0.00570,0.00031,0.00569,0.00699,0.00137,0.00239,0.02246
1403638201.595036745071411,0.00569,0.00020,0.00023,0.00428,0.00120,0.00188,0.01348
1403638201.645038366317749,0.00588,0.00037,0.01017,0.00640,0.00414,0.00158,0.02854
1403638201.695039033889771,0.00663,0.00019,0.00093,0.00398,0.00001,0.00190,0.01364
1403638201.745039701461792,0.00660,0.00037,0.00745,0.00515,0.00648,0.00175,0.02780
1403638201.795039653778076,0.00611,0.00042,0.00028,0.00846,0.00206,0.00259,0.01991
1403638201.845041275024414,0.00728,0.00033,0.01499,0.00423,0.00346,0.00192,0.03222
1403638201.895041465759277,0.00718,0.00037,0.00049,0.00770,0.00000,0.00316,0.01889
1403638201.945042133331299,0.00594,0.00020,0.00036,0.00465,0.00061,0.00236,0.01414
1403638201.995043039321899,0.00622,0.00024,0.00245,0.00436,0.00176,0.00189,0.01693
1403638202.045045375823975,0.00578,0.00019,0.00051,0.00405,0.00061,0.00169,0.01284
1403638202.095045328140259,0.00592,0.00036,0.00107,0.00339,0.00054,0.00192,0.01319
1403638202.145044088363647,0.00761,0.00034,0.00206,0.00505,0.00196,0.00244,0.01947
1403638202.195043087005615,0.00644,0.00045,0.00152,0.00646,0.00118,0.00265,0.01870
1403638202.245040416717529,0.00605,0.00029,0.00386,0.00478,0.01164,0.00177,0.02839
1403638202.295042276382446,0.00543,0.00018,0.00033,0.00474,0.00001,0.00186,0.01255
1403638202.345043420791626,0.00613,0.00038,0.00377,0.00629,0.00623,0.00181,0.02461
1403638202.395042896270752,0.00591,0.00029,0.01108,0.00706,0.00230,0.00153,0.02817
1403638202.445042371749878,0.00676,0.00030,0.00715,0.00741,0.00238,0.00168,0.02569
1403638202.495042324066162,0.00769,0.00044,0.00047,0.00785,0.00000,0.00352,0.01997
1403638202.545042276382446,0.00635,0.00022,0.00087,0.00494,0.00000,0.00178,0.01417
1403638202.595041990280151,0.00592,0.00029,0.00102,0.00435,0.00081,0.00188,0.01427
1403638202.645041227340698,0.00677,0.00038,0.00143,0.00672,0.00000,0.00297,0.01828
1403638202.695040225982666,0.00646,0.00039,0.00678,0.00582,0.00895,0.00246,0.03087
1403638202.745038509368896,0.00590,0.00021,0.00093,0.00437,0.00129,0.00186,0.01455
1403638202.795036315917969,0.00696,0.00044,0.00194,0.00749,0.00206,0.00321,0.02210
1403638202.845035314559937,0.00723,0.00039,0.00168,0.00862,0.00412,0.00309,0.02512
1403638202.895034790039062,0.00631,0.00053,0.00131,0.00672,0.00002,0.00238,0.01728
1403638202.945033073425293,0.00689,0.00027,0.00079,0.00512,0.00086,0.00245,0.01638
1403638202.995032548904419,0.00652,0.00039,0.00572,0.00535,0.01381,0.00156,0.03335
1403638203.045032501220703,0.00421,0.00040,0.00621,0.00472,0.00041,0.00186,0.01780
1403638203.095034837722778,0.00919,0.00060,0.00276,0.00789,0.00000,0.00299,0.02343
1403638203.145032405853271,0.00688,0.00035,0.00024,0.00670,0.00006,0.00270,0.01692
1403638203.195032119750977,0.00559,0.00024,0.00031,0.00407,0.00128,0.00194,0.01343
1403638203.245031118392944,0.00712,0.00019,0.00082,0.00391,0.00116,0.00184,0.01503
1403638203.295031785964966,0.00586,0.00032,0.00209,0.00565,0.00849,0.00207,0.02448
1403638203.345032930374146,0.00637,0.00060,0.00064,0.00700,0.00113,0.00267,0.01842
1403638203.395032644271851,0.00582,0.00043,0.00533,0.00675,0.00163,0.00174,0.02170
1403638203.445032596588135,0.00691,0.00042,0.00194,0.00445,0.00121,0.00160,0.01654
1403638203.495033264160156,0.00667,0.00027,0.00035,0.00507,0.00033,0.00211,0.01480
1403638203.545033454895020,0.00679,0.00046,0.00121,0.00819,0.00101,0.00290,0.02056
1403638203.595034122467041,0.00557,0.00035,0.00101,0.00558,0.00839,0.00162,0.02252
1403638203.645033597946167,0.00556,0.00041,0.00593,0.00479,0.00071,0.00229,0.01969
1403638203.695034265518188,0.00789,0.00060,0.00570,0.00651,0.00522,0.00237,0.02830
1403638203.745034933090210,0.00591,0.00044,0.00056,0.00533,0.00259,0.00206,0.01690
1403638203.795033693313599,0.00565,0.00021,0.00083,0.00482,0.00301,0.00177,0.01628
1403638203.895033836364746,0.00712,0.00042,0.00202,0.00716,0.00092,0.00286,0.02050
1403638203.945034503936768,0.00489,0.00024,0.00117,0.00463,0.00136,0.00164,0.01393
1403638203.995033979415894,0.00598,0.00045,0.00036,0.00803,0.00003,0.00301,0.01785
1403638204.045033216476440,0.00538,0.00037,0.00358,0.00434,0.00252,0.00159,0.01778
1403638204.095033407211304,0.00620,0.00047,0.00244,0.00734,0.00362,0.00293,0.02300
1403638204.145034074783325,0.00665,0.00034,0.00493,0.00504,0.00040,0.00176,0.01913
1403638204.195033788681030,0.00570,0.00035,0.00095,0.00502,0.00001,0.00202,0.01406
1403638204.245033502578735,0.00596,0.00065,0.00122,0.01106,0.00002,0.00318,0.02207
1403638204.295032501220703,0.00673,0.00047,0.00587,0.00671,0.00780,0.00148,0.02907
1403638204.345031738281250,0.00652,0.00041,0.00350,0.00665,0.00190,0.00264,0.02162
1403638204.395032167434692,0.00731,0.00050,0.00304,0.00731,0.00003,0.00274,0.02094
1403638204.445033550262451,0.00532,0.00018,0.00093,0.00384,0.00168,0.00169,0.01365
1403638204.495033502578735,0.00575,0.00054,0.00396,0.00691,0.00455,0.00234,0.02406
1403638204.545034885406494,0.00758,0.00029,0.00113,0.00737,0.00034,0.00306,0.01977
1403638204.595035076141357,0.00734,0.00053,0.00109,0.00427,0.00020,0.00276,0.01620
1403638204.645032882690430,0.00512,0.00030,0.00110,0.00905,0.00133,0.00262,0.01952
1403638204.695030450820923,0.00843,0.00045,0.00069,0.00674,0.00644,0.00260,0.02535
1403638204.745030164718628,0.00688,0.00028,0.00573,0.00658,0.00298,0.00203,0.02450
1403638204.795029163360596,0.00668,0.00038,0.00096,0.00774,0.00096,0.00284,0.01957
1403638204.845027923583984,0.00613,0.00022,0.00424,0.00507,0.00167,0.00256,0.01990
1403638204.895025014877319,0.00745,0.00048,0.00804,0.00665,0.00186,0.00317,0.02767
1403638204.945023775100708,0.00599,0.00033,0.00693,0.00386,0.00170,0.00154,0.02035
1403638204.995024919509888,0.00671,0.00038,0.00195,0.00659,0.00183,0.00355,0.02101
1403638205.045026302337646,0.00614,0.00031,0.00103,0.00399,0.00171,0.00173,0.01492
1403638205.095027446746826,0.00606,0.00058,0.00550,0.00502,0.00584,0.00195,0.02496
1403638205.145026445388794,0.00859,0.00045,0.00123,0.00636,0.00005,0.00365,0.02033
1403638205.195026874542236,0.00754,0.00050,0.00048,0.00387,0.00169,0.00328,0.01735
1403638205.245028018951416,0.00649,0.00037,0.00891,0.00385,0.01515,0.00273,0.03750
1403638205.295026779174805,0.00628,0.00043,0.00017,0.00470,0.00001,0.00243,0.01402
1403638205.345025539398193,0.00684,0.00045,0.00114,0.00428,0.00416,0.00337,0.02023
1403638205.395024299621582,0.00570,0.00019,0.00036,0.00291,0.00104,0.00179,0.01199
1403638205.445023536682129,0.00751,0.00028,0.00002,0.00476,0.00652,0.00276,0.02186
1403638205.495021104812622,0.00742,0.00047,0.00171,0.00504,0.00160,0.00342,0.01966
1403638205.545018672943115,0.00647,0.00051,0.00173,0.00539,0.01050,0.00199,0.02659
1403638205.595018625259399,0.00566,0.00031,0.00135,0.00616,0.00000,0.00299,0.01646
1403638205.645019054412842,0.00574,0.00030,0.00080,0.00569,0.00034,0.00280,0.01566
1403638205.695013284683228,0.00740,0.00050,0.01177,0.00568,0.01600,0.00194,0.04329
1403638205.745010375976562,0.00612,0.00032,0.00094,0.00746,0.00296,0.00253,0.02034
1403638205.795008659362793,0.00553,0.00043,0.00002,0.00742,0.00212,0.00268,0.01820
1403638205.845006227493286,0.00628,0.00147,0.00340,0.00682,0.00638,0.00369,0.02803
1403638205.895002365112305,0.00738,0.00055,0.00033,0.00975,0.00102,0.00324,0.02226
1403638205.944997787475586,0.00616,0.00038,0.00013,0.00865,0.00405,0.00272,0.02209
1403638205.994994640350342,0.00937,0.00058,0.00870,0.00473,0.00625,0.00215,0.03178
1403638206.044992208480835,0.00750,0.00046,0.00235,0.00461,0.00001,0.00232,0.01726
1403638206.094995260238647,0.00626,0.00026,0.00140,0.00431,0.00006,0.00262,0.01491
1403638206.144996166229248,0.00638,0.00035,0.00291,0.00440,0.00003,0.00266,0.01673
1403638206.194997787475586,0.00914,0.00051,0.00137,0.00392,0.00003,0.00356,0.01852
1403638206.244998455047607,0.00670,0.00033,0.00195,0.00483,0.01049,0.00285,0.02715
1403638206.294997215270996,0.00638,0.00027,0.00029,0.00443,0.00328,0.00288,0.01753
1403638206.344998121261597,0.00553,0.00026,0.00071,0.00402,0.00000,0.00266,0.01317
1403638206.394997596740723,0.00583,0.00032,0.00131,0.00394,0.00001,0.00282,0.01424
1403638206.444999694824219,0.00844,0.00028,0.00329,0.00331,0.00315,0.00288,0.02136
1403638206.495000600814819,0.00569,0.00027,0.00117,0.00177,0.00140,0.00201,0.01231
1403638206.544998645782471,0.00782,0.00030,0.00048,0.00163,0.01345,0.00195,0.02564
1403638206.595000267028809,0.00700,0.00057,0.00284,0.00491,0.00322,0.00334,0.02187
1403638206.644999980926514,0.00803,0.00038,0.00064,0.00410,0.00000,0.00267,0.01583
1403638206.695001363754272,0.00647,0.00031,0.00332,0.00353,0.00077,0.00321,0.01762
1403638206.745002269744873,0.00778,0.00040,0.00111,0.00426,0.01232,0.00280,0.02868
1403638206.795002460479736,0.00574,0.00028,0.00078,0.00456,0.00000,0.00301,0.01437
1403638206.845003366470337,0.00610,0.00038,0.00066,0.00551,0.00042,0.00375,0.01683
1403638206.895004034042358,0.00756,0.00034,0.00175,0.00464,0.00116,0.00287,0.01832
1403638206.945004701614380,0.00587,0.00027,0.00113,0.00352,0.00003,0.00277,0.01359
1403638206.995006561279297,0.00708,0.00032,0.00163,0.00312,0.01818,0.00159,0.03190
1403638207.045007944107056,0.00618,0.00033,0.00051,0.00436,0.00020,0.00286,0.01444
1403638207.095008611679077,0.00581,0.00028,0.00032,0.00361,0.00062,0.00208,0.01273
1403638207.145008802413940,0.00662,0.00018,0.00027,0.00300,0.00056,0.00165,0.01228
1403638207.195008754730225,0.00584,0.00019,0.00007,0.00302,0.00506,0.00201,0.01620
1403638207.245010137557983,0.00674,0.00022,0.00218,0.00327,0.00014,0.00213,0.01467
1403638207.295011281967163,0.00628,0.00036,0.00326,0.00665,0.01594,0.00290,0.03538
1403638207.345014095306396,0.00484,0.00021,0.00174,0.00358,0.00015,0.00151,0.01203
1403638207.395015954971313,0.00791,0.00048,0.00332,0.00635,0.00023,0.00311,0.02140
1403638207.445017814636230,0.00601,0.00036,0.00578,0.00542,0.00945,0.00234,0.02936
1403638207.495020627975464,0.00486,0.00022,0.00033,0.00367,0.00058,0.00187,0.01153
1403638207.545022249221802,0.00566,0.00030,0.00083,0.00511,0.00260,0.00288,0.01738
1403638207.595023632049561,0.00766,0.00026,0.00060,0.00474,0.00222,0.00268,0.01816
1403638207.645024538040161,0.00652,0.00028,0.00059,0.00476,0.00003,0.00284,0.01503
1403638207.695025682449341,0.00686,0.00057,0.00054,0.00422,0.01214,0.00188,0.02622
1403638207.745025157928467,0.00597,0.00018,0.00086,0.00295,0.00055,0.00188,0.01239
1403638207.795025110244751,0.00576,0.00020,0.00065,0.00245,0.00011,0.00169,0.01086
1403638207.845022678375244,0.00851,0.00043,0.00212,0.00351,0.00091,0.00325,0.01874
1403638207.895020246505737,0.00698,0.00037,0.00266,0.00345,0.00020,0.00283,0.01649
1403638207.945015430450439,0.00634,0.00032,0.00137,0.00316,0.01278,0.00205,0.02603
1403638207.995011568069458,0.00612,0.00055,0.00155,0.00602,0.00048,0.00252,0.01724
1403638208.045010566711426,0.00610,0.00024,0.00056,0.00494,0.00299,0.00251,0.01734
1403638208.095008850097656,0.00567,0.00035,0.00128,0.00507,0.00082,0.00247,0.01565
1403638208.145003795623779,0.00641,0.00037,0.01221,0.00474,0.01205,0.00148,0.03726
1403638208.195003032684326,0.00729,0.00026,0.00002,0.00749,0.00165,0.00238,0.01910
1403638208.245003461837769,0.00681,0.00025,0.00082,0.00478,0.00129,0.00258,0.01653
1403638208.295003890991211,0.00671,0.00028,0.00027,0.00652,0.00030,0.00235,0.01642
1403638208.345003128051758,0.00760,0.00044,0.00018,0.00951,0.00362,0.00373,0.02509
1403638208.445002555847168,0.00648,0.00040,0.00713,0.00288,0.00629,0.00188,0.02506
1403638208.495003461837769,0.00745,0.00048,0.00014,0.00705,0.00095,0.00343,0.01950
1403638208.545003890991211,0.00629,0.00030,0.00098,0.00536,0.00373,0.00310,0.01977
1403638208.595004796981812,0.00741,0.00036,0.00073,0.00481,0.00036,0.00317,0.01684
1403638208.645005226135254,0.00637,0.00027,0.00101,0.00465,0.00020,0.00279,0.01529
1403638208.695006608963013,0.00590,0.00035,0.00063,0.00706,0.00513,0.00315,0.02221
1403638208.745006561279297,0.00600,0.00020,0.00038,0.00318,0.00000,0.00189,0.01166
1403638208.795005321502686,0.00704,0.00041,0.01445,0.00343,0.01153,0.00208,0.03894
1403638208.845005750656128,0.00750,0.00048,0.00171,0.00672,0.00003,0.00282,0.01926
1403638208.895004749298096,0.00598,0.00027,0.00010,0.00627,0.00021,0.00269,0.01552
1403638208.945005655288696,0.00603,0.00029,0.00037,0.00565,0.00119,0.00241,0.01594
1403638208.995006322860718,0.00579,0.00027,0.00077,0.00644,0.00087,0.00249,0.01664
1403638209.045006752014160,0.00572,0.00044,0.00237,0.00813,0.00645,0.00161,0.02473
1403638209.095007896423340,0.00626,0.00033,0.00082,0.00584,0.00000,0.00201,0.01526
1403638209.145008325576782,0.00564,0.00030,0.00264,0.00813,0.00414,0.00255,0.02340
1403638209.195008516311646,0.00387,0.00019,0.00064,0.00597,0.00145,0.00157,0.01369
1403638209.245008945465088,0.00738,0.00047,0.00015,0.00874,0.00000,0.00253,0.01926
1403638209.295008897781372,0.00742,0.00074,0.00215,0.00937,0.00205,0.00399,0.02572
1403638209.345009565353394,0.00627,0.00047,0.00137,0.00779,0.00000,0.00290,0.01879
1403638209.395009517669678,0.00632,0.00035,0.01991,0.00553,0.00470,0.00206,0.03887
1403638209.445010423660278,0.00610,0.00036,0.00261,0.01055,0.00001,0.00266,0.02229
1403638209.495010852813721,0.00606,0.00024,0.00096,0.00513,0.00060,0.00173,0.01473
1403638209.545011043548584,0.00511,0.00020,0.00001,0.00549,0.00000,0.00159,0.01240
1403638209.595010280609131,0.00562,0.00053,0.00003,0.00784,0.00135,0.00232,0.01769
1403638209.645009517669678,0.00517,0.00036,0.00096,0.00632,0.00210,0.00232,0.01724
1403638209.695009469985962,0.00580,0.00025,0.00060,0.00625,0.00022,0.00247,0.01559
1403638209.745009899139404,0.00610,0.00027,0.00133,0.00594,0.00200,0.00235,0.01799
1403638209.795011281967163,0.00579,0.00040,0.00485,0.00546,0.01284,0.00158,0.03090
1403638209.845011234283447,0.00581,0.00038,0.00033,0.00504,0.00001,0.00170,0.01327
1403638209.895011186599731,0.00591,0.00038,0.00024,0.00889,0.00019,0.00265,0.01827
1403638209.945010900497437,0.00537,0.00031,0.00040,0.00632,0.00003,0.00244,0.01488
1403638209.995010614395142,0.00536,0.00026,0.00583,0.00344,0.01204,0.00171,0.02865
1403638210.045010566711426,0.00648,0.00033,0.00020,0.00561,0.00026,0.00185,0.01473
1403638210.095010280609131,0.00607,0.00037,0.00020,0.01003,0.00000,0.00252,0.01919
1403638210.145009756088257,0.00638,0.00028,0.00073,0.00738,0.00000,0.00245,0.01723
1403638210.195009708404541,0.00588,0.00046,0.00091,0.00726,0.00004,0.00267,0.01724
1403638210.245011091232300,0.00617,0.00036,0.00748,0.00666,0.01486,0.00161,0.03716
1403638210.295011520385742,0.00537,0.00031,0.00051,0.00587,0.00020,0.00170,0.01395
1403638210.345011711120605,0.00586,0.00038,0.00003,0.01152,0.00262,0.00288,0.02329
1403638210.395011425018311,0.00560,0.00034,0.00207,0.00979,0.00222,0.00276,0.02278
1403638210.445011615753174,0.00624,0.00045,0.00029,0.01091,0.00003,0.00277,0.02069
1403638210.495011568069458,0.00551,0.00038,0.00114,0.00995,0.00010,0.00254,0.01962
1403638210.545011997222900,0.00484,0.00029,0.00014,0.00875,0.00185,0.00248,0.01836
1403638210.595013141632080,0.00481,0.00036,0.01053,0.00480,0.00336,0.00140,0.02526
1403638210.645013093948364,0.00722,0.00035,0.00002,0.00541,0.00194,0.00166,0.01660
1403638210.695013046264648,0.00497,0.00030,0.00069,0.00554,0.00000,0.00149,0.01299
1403638210.745012044906616,0.00680,0.00059,0.00032,0.00840,0.00003,0.00280,0.01894
1403638210.795011281967163,0.00628,0.00053,0.00017,0.00932,0.00288,0.00249,0.02167
1403638210.845010042190552,0.00586,0.00028,0.00081,0.00825,0.00339,0.00259,0.02118
1403638210.895009756088257,0.00810,0.00045,0.00088,0.00971,0.00035,0.00262,0.02210
1403638210.945010900497437,0.00640,0.00036,0.00031,0.00566,0.00000,0.00165,0.01437
1403638210.995011091232300,0.00579,0.00026,0.00057,0.00542,0.00117,0.00161,0.01482
1403638211.045010328292847,0.00708,0.00047,0.00059,0.00620,0.00024,0.00210,0.01667
1403638211.095010757446289,0.00632,0.00022,0.00002,0.00569,0.00063,0.00189,0.01476
1403638211.145009994506836,0.00616,0.00031,0.00003,0.00693,0.00179,0.00166,0.01689
1403638211.195011377334595,0.00776,0.00083,0.02004,0.00564,0.00120,0.00186,0.03733
1403638211.245011091232300,0.00613,0.00021,0.00044,0.00523,0.00000,0.00181,0.01382
1403638211.295011520385742,0.00661,0.00060,0.00024,0.01187,0.00005,0.00396,0.02333
1403638211.345014333724976,0.00628,0.00029,0.00012,0.00987,0.00186,0.00278,0.02119
1403638211.395014762878418,0.00627,0.00037,0.00024,0.01034,0.00034,0.00264,0.02022
1403638211.445014476776123,0.00619,0.00028,0.01182,0.00837,0.00483,0.00171,0.03321
1403638211.495014905929565,0.00620,0.00035,0.00254,0.00988,0.00007,0.00313,0.02218
1403638211.545015811920166,0.00620,0.00035,0.00054,0.01092,0.00000,0.00250,0.02051
1403638211.595016002655029,0.00628,0.00030,0.00019,0.00653,0.00002,0.00214,0.01545
1403638211.645016193389893,0.01014,0.00036,0.00003,0.00837,0.00007,0.00316,0.02212
1403638211.695016384124756,0.00702,0.00030,0.00071,0.00811,0.00000,0.00294,0.01908
1403638211.745015859603882,0.00633,0.00021,0.00033,0.00482,0.00002,0.00156,0.01326
1403638211.795016527175903,0.00788,0.00045,0.01524,0.00663,0.00422,0.00216,0.03658
1403638211.845016479492188,0.00584,0.00020,0.00006,0.00486,0.00003,0.00163,0.01263
1403638211.895017385482788,0.00687,0.00029,0.00072,0.00725,0.00266,0.00310,0.02088
1403638211.945017814636230,0.00672,0.00037,0.00022,0.00796,0.00004,0.00232,0.01763
1403638211.995016336441040,0.00736,0.00036,0.00086,0.00839,0.00039,0.00353,0.02089
1403638212.045015335083008,0.00713,0.00048,0.00902,0.00848,0.00655,0.00163,0.03329
1403638212.095015048980713,0.00607,0.00019,0.00116,0.00482,0.00006,0.00193,0.01424
1403638212.145015001296997,0.00685,0.00037,0.00134,0.00876,0.00000,0.00267,0.01999
1403638212.195015192031860,0.00669,0.00029,0.01590,0.00457,0.00525,0.00197,0.03467
1403638212.245015382766724,0.00662,0.00033,0.00029,0.00837,0.00009,0.00267,0.01837
1403638212.295016050338745,0.00967,0.00059,0.00013,0.00671,0.00000,0.00389,0.02098
1403638212.345016241073608,0.00724,0.00029,0.00404,0.00610,0.00181,0.00278,0.02227
1403638212.395016193389893,0.00620,0.00019,0.00294,0.00383,0.00475,0.00180,0.01971
1403638212.445016145706177,0.00664,0.00032,0.00056,0.00763,0.00005,0.00368,0.01890
1403638212.495016574859619,0.00681,0.00030,0.00073,0.00562,0.00169,0.00274,0.01789
1403638212.545017957687378,0.00619,0.00053,0.00043,0.00637,0.00380,0.00346,0.02078
1403638212.595018148422241,0.00612,0.00028,0.00043,0.00659,0.00036,0.00292,0.01671
1403638212.645020723342896,0.00578,0.00027,0.00010,0.00425,0.00413,0.00155,0.01608
1403638212.695022106170654,0.00656,0.00052,0.00022,0.00671,0.00004,0.00306,0.01712
1403638212.745023488998413,0.00812,0.00023,0.00024,0.00336,0.00000,0.00206,0.01403
1403638212.795024871826172,0.00790,0.00050,0.00734,0.00460,0.01132,0.00227,0.03393
1403638212.845028877258301,0.00670,0.00041,0.02022,0.00721,0.00012,0.00274,0.03739
1403638212.895028114318848,0.00708,0.00032,0.00116,0.00580,0.00001,0.00338,0.01775
1403638212.945028305053711,0.00853,0.00057,0.00041,0.00632,0.00113,0.00402,0.02098
1403638212.995028018951416,0.00709,0.00048,0.00114,0.00416,0.00273,0.00249,0.01809
1403638213.045028448104858,0.00865,0.00039,0.00262,0.00422,0.00004,0.00381,0.01974
1403638213.095027685165405,0.00535,0.00018,0.00130,0.00123,0.00044,0.00161,0.01011
1403638213.145027160644531,0.00715,0.00030,0.00051,0.00086,0.00002,0.00254,0.01139
1403638213.195027112960815,0.00769,0.00030,0.00189,0.00061,0.00000,0.00197,0.01246
1403638213.245026111602783,0.00744,0.00032,0.00102,0.00144,0.00089,0.00306,0.01417
1403638213.295018196105957,0.00743,0.00041,0.00080,0.00149,0.01226,0.00320,0.02559
1403638213.345016717910767,0.00761,0.00026,0.00059,0.00287,0.00000,0.00308,0.01440
1403638213.395016431808472,0.00719,0.00040,0.00390,0.00159,0.00246,0.00308,0.01861
1403638213.445015668869019,0.00694,0.00024,0.00049,0.00189,0.01201,0.00195,0.02353
1403638213.495017528533936,0.00777,0.00033,0.00214,0.00400,0.00770,0.00262,0.02456
1403638213.545019149780273,0.00583,0.00019,0.00203,0.00220,0.00001,0.00216,0.01243
1403638213.595023393630981,0.00775,0.00021,0.00110,0.00204,0.00784,0.00232,0.02125
1403638213.645023584365845,0.00691,0.00026,0.00156,0.00300,0.00000,0.00224,0.01397
1403638213.695024490356445,0.00786,0.00020,0.00172,0.00180,0.00311,0.00208,0.01677
1403638213.745023012161255,0.00390,0.00028,0.00179,0.00194,0.00229,0.00161,0.01181
1403638213.795023441314697,0.00482,0.00023,0.00100,0.00205,0.00497,0.00183,0.01491
1403638213.845023155212402,0.00465,0.00018,0.00179,0.00212,0.00000,0.00189,0.01064
1403638213.895028591156006,0.00675,0.00030,0.00060,0.00379,0.01078,0.00263,0.02485
1403638213.945030450820923,0.00590,0.00047,0.00234,0.00445,0.00022,0.00308,0.01646
1403638213.995032787322998,0.00604,0.00029,0.00119,0.00451,0.00534,0.00250,0.01987
1403638214.045034646987915,0.00745,0.00043,0.00227,0.00438,0.00623,0.00272,0.02349
1403638214.095034837722778,0.00660,0.00030,0.00004,0.00506,0.00000,0.00288,0.01489
1403638214.145033597946167,0.00565,0.00038,0.00018,0.00256,0.00700,0.00190,0.01767
1403638214.195034265518188,0.00838,0.00049,0.00087,0.00510,0.00585,0.00314,0.02383
1403638214.245034456253052,0.00705,0.00037,0.01028,0.00424,0.00147,0.00200,0.02540
1403638214.295034170150757,0.00720,0.00057,0.00067,0.00858,0.00035,0.00338,0.02076
1403638214.345033168792725,0.00610,0.00029,0.00102,0.00463,0.00000,0.00203,0.01407
1403638214.395031690597534,0.00653,0.00021,0.00128,0.00370,0.00070,0.00167,0.01408
1403638214.445029497146606,0.00671,0.00053,0.00644,0.00373,0.00552,0.00261,0.02554
1403638214.495028734207153,0.00592,0.00050,0.00193,0.00460,0.00001,0.00189,0.01485
1403638214.545029401779175,0.00599,0.00035,0.00254,0.00707,0.00004,0.00235,0.01834
1403638214.595027685165405,0.00748,0.00026,0.00421,0.00556,0.00519,0.00222,0.02492
1403638214.645028114318848,0.00621,0.00038,0.00163,0.00628,0.00034,0.00295,0.01780
1403638214.695029735565186,0.00607,0.00048,0.00045,0.00621,0.00000,0.00274,0.01594
1403638214.745028257369995,0.00611,0.00047,0.00599,0.00356,0.00386,0.00149,0.02148
1403638214.795029163360596,0.00714,0.00048,0.00105,0.00660,0.00033,0.00328,0.01889
1403638214.845028400421143,0.00706,0.00035,0.00977,0.00718,0.00997,0.00258,0.03691
1403638214.895028114318848,0.00668,0.00036,0.00083,0.00499,0.00000,0.00185,0.01470
1403638214.945027589797974,0.00586,0.00019,0.00055,0.00453,0.00001,0.00173,0.01287
1403638214.995025396347046,0.00656,0.00034,0.00003,0.00693,0.00000,0.00288,0.01673
1403638215.045022249221802,0.00590,0.00019,0.00433,0.00394,0.00352,0.00174,0.01963
1403638215.095020055770874,0.00587,0.00043,0.00011,0.00892,0.00205,0.00252,0.01991
1403638215.145020961761475,0.00674,0.00040,0.01463,0.00728,0.00367,0.00273,0.03545
1403638215.195019721984863,0.00642,0.00019,0.00280,0.00482,0.00062,0.00170,0.01654
1403638215.245019435882568,0.00626,0.00038,0.00177,0.00934,0.00000,0.00287,0.02062
1403638215.295019149780273,0.00617,0.00035,0.00267,0.00487,0.00002,0.00188,0.01596
1403638215.345019817352295,0.00674,0.00044,0.02211,0.00491,0.00121,0.00150,0.03692
1403638215.395020008087158,0.00662,0.00055,0.00085,0.00767,0.00033,0.00318,0.01921
1403638215.445020914077759,0.00565,0.00020,0.00309,0.00426,0.00254,0.00158,0.01732
1403638215.495022773742676,0.00775,0.00059,0.00055,0.00672,0.00001,0.00297,0.01859
1403638215.545023918151855,0.00662,0.00039,0.00085,0.00829,0.00128,0.00363,0.02107
1403638215.595024108886719,0.00699,0.00040,0.00069,0.00651,0.00003,0.00291,0.01753
1403638215.645024061203003,0.00645,0.00039,0.00187,0.00642,0.00908,0.00253,0.02674
1403638215.695024728775024,0.00647,0.00033,0.00075,0.00719,0.00000,0.00258,0.01732
1403638215.745025396347046,0.00633,0.00028,0.00660,0.00624,0.00661,0.00154,0.02761
1403638215.795025587081909,0.00588,0.00028,0.00157,0.00757,0.00096,0.00285,0.01911
1403638215.845025777816772,0.00625,0.00050,0.00303,0.00771,0.00000,0.00332,0.02080
1403638215.895025253295898,0.00583,0.00031,0.00181,0.00858,0.00219,0.00285,0.02157
1403638215.945024013519287,0.00530,0.00034,0.00878,0.00511,0.00125,0.00158,0.02236
1403638215.995024442672729,0.00629,0.00042,0.00345,0.00934,0.00185,0.00281,0.02416
1403638216.045024633407593,0.00653,0.00061,0.01992,0.00506,0.00120,0.00142,0.03474
1403638216.095025539398193,0.00542,0.00031,0.00002,0.00606,0.00000,0.00168,0.01350
1403638216.145024538040161,0.00655,0.00053,0.00003,0.00978,0.00220,0.00313,0.02221
1403638216.195024251937866,0.00591,0.00037,0.00211,0.00842,0.00003,0.00244,0.01928
1403638216.245024204254150,0.00610,0.00040,0.00003,0.01219,0.00288,0.00283,0.02443
1403638216.295024394989014,0.00676,0.00036,0.00002,0.00931,0.00000,0.00340,0.01985
1403638216.345025062561035,0.00585,0.00039,0.00855,0.00984,0.00000,0.00294,0.02758
1403638216.395025253295898,0.00597,0.00055,0.00173,0.00629,0.00000,0.00213,0.01668
1403638216.445025205612183,0.00641,0.00037,0.00243,0.00555,0.00000,0.00170,0.01646
1403638216.495025157928467,0.00734,0.00056,0.00314,0.00863,0.00003,0.00317,0.02287
1403638216.545024156570435,0.00576,0.00031,0.00615,0.00461,0.00558,0.00194,0.02435
1403638216.595023393630981,0.00717,0.00046,0.00868,0.00870,0.00190,0.00298,0.02988
1403638216.645022392272949,0.00521,0.00021,0.00574,0.00528,0.00060,0.00196,0.01901
1403638216.695022821426392,0.00658,0.00028,0.00023,0.00548,0.00000,0.00205,0.01462
1403638216.745023250579834,0.00702,0.00037,0.00020,0.00543,0.00000,0.00211,0.01513
1403638216.795024394989014,0.00592,0.00057,0.00097,0.00956,0.00237,0.00281,0.02221
1403638216.845025539398193,0.00574,0.00027,0.00020,0.00819,0.00004,0.00323,0.01767
1403638216.895025968551636,0.00637,0.00036,0.00085,0.00796,0.00003,0.00337,0.01894
1403638216.945026397705078,0.00598,0.00029,0.00075,0.00611,0.00603,0.00234,0.02150
1403638216.995026826858521,0.00599,0.00047,0.00530,0.00450,0.00127,0.00145,0.01897
1403638217.045027256011963,0.00680,0.00047,0.00110,0.00717,0.00272,0.00295,0.02121
1403638217.095027685165405,0.00578,0.00043,0.00123,0.00696,0.00328,0.00230,0.01998
1403638217.145028591156006,0.00631,0.00018,0.00418,0.00465,0.00459,0.00173,0.02165
1403638217.195028781890869,0.00651,0.00039,0.00752,0.00915,0.00223,0.00280,0.02860
1403638217.245028495788574,0.00786,0.00038,0.01124,0.01004,0.00110,0.00255,0.03317
1403638217.295028209686279,0.00592,0.00041,0.00015,0.00635,0.00000,0.00222,0.01505
1403638217.345027923583984,0.00601,0.00023,0.00010,0.00601,0.00000,0.00188,0.01424
1403638217.395027160644531,0.00678,0.00040,0.00011,0.00943,0.00000,0.00279,0.01951
1403638217.445026397705078,0.00682,0.00037,0.00018,0.01054,0.00030,0.00323,0.02144
1403638217.495024681091309,0.00742,0.00045,0.00073,0.00917,0.00006,0.00350,0.02133
1403638217.545023441314697,0.00650,0.00028,0.00014,0.00771,0.00000,0.00243,0.01706
1403638217.595023870468140,0.00609,0.00026,0.00330,0.00779,0.00733,0.00186,0.02663
1403638217.645024776458740,0.00630,0.00039,0.00003,0.01150,0.00008,0.00270,0.02101
1403638217.695023059844971,0.00615,0.00038,0.00931,0.01006,0.00327,0.00309,0.03226
1403638217.745022296905518,0.00588,0.00031,0.00706,0.01101,0.00000,0.00268,0.02695
1403638217.795021295547485,0.00644,0.00037,0.01520,0.00754,0.00000,0.00183,0.03138
1403638217.845021247863770,0.00585,0.00041,0.00990,0.00984,0.00008,0.00265,0.02873
1403638217.895021200180054,0.00565,0.00032,0.00002,0.00637,0.00000,0.00196,0.01433
1403638217.945021152496338,0.00653,0.00040,0.00018,0.00960,0.00004,0.00332,0.02008
1403638217.995021104812622,0.00587,0.00040,0.00003,0.01092,0.00000,0.00256,0.01978
1403638218.045021533966064,0.00560,0.00039,0.00003,0.00915,0.00009,0.00245,0.01771
1403638218.095021486282349,0.00484,0.00027,0.00002,0.00856,0.00008,0.00280,0.01656
1403638218.145021438598633,0.00468,0.00024,0.00002,0.00529,0.00000,0.00190,0.01213
1403638218.195021867752075,0.00491,0.00029,0.00002,0.00636,0.00144,0.00183,0.01485
1403638218.245021581649780,0.00522,0.00033,0.00003,0.00689,0.00006,0.00191,0.01443
1403638218.295022010803223,0.00481,0.00024,0.00288,0.00543,0.00179,0.00176,0.01691
1403638218.345021963119507,0.00635,0.00047,0.00604,0.01119,0.00000,0.00306,0.02710
1403638218.395022153854370,0.00545,0.00032,0.00806,0.01049,0.00000,0.00193,0.02625
1403638218.445022106170654,0.00599,0.00032,0.00713,0.00964,0.00000,0.00178,0.02486
1403638218.495022535324097,0.00575,0.00022,0.00002,0.00614,0.00000,0.00210,0.01422
1403638218.545022726058960,0.00612,0.00040,0.00012,0.01095,0.00000,0.00348,0.02108
1403638218.595023155212402,0.00585,0.00041,0.00003,0.01026,0.00000,0.00285,0.01941
1403638218.645024061203003,0.00556,0.00029,0.00012,0.00950,0.00000,0.00245,0.01791
1403638218.695023775100708,0.00733,0.00036,0.00013,0.00974,0.00000,0.00313,0.02069
1403638218.745023250579834,0.00606,0.00029,0.00003,0.00951,0.00000,0.00257,0.01845
1403638218.795022249221802,0.00586,0.00028,0.00020,0.00949,0.00000,0.00235,0.01818
1403638218.845021724700928,0.00663,0.00038,0.00011,0.00980,0.00000,0.00339,0.02031
1403638218.895023107528687,0.00599,0.00041,0.00044,0.01390,0.00000,0.00372,0.02446
1403638218.945023536682129,0.00514,0.00028,0.00033,0.00947,0.00000,0.00264,0.01787
1403638218.995024681091309,0.00507,0.00029,0.00097,0.00941,0.00000,0.00290,0.01864
1403638219.045026063919067,0.00612,0.00042,0.00129,0.00989,0.00000,0.00251,0.02025
1403638219.095026254653931,0.00610,0.00041,0.00003,0.01150,0.00000,0.00286,0.02090
1403638219.145025968551636,0.00550,0.00036,0.00011,0.00947,0.00000,0.00246,0.01791
1403638219.195025920867920,0.00560,0.00030,0.00002,0.00932,0.00000,0.00285,0.01809
1403638219.245026588439941,0.00597,0.00040,0.00016,0.01178,0.00000,0.00249,0.02081
1403638219.295026779174805,0.00627,0.00032,0.00012,0.00654,0.00000,0.00223,0.01548
1403638219.345026969909668,0.00616,0.00047,0.00003,0.01260,0.00000,0.00309,0.02235
1403638219.395027160644531,0.00543,0.00035,0.00035,0.01081,0.00000,0.00234,0.01928
1403638219.445027351379395,0.00687,0.00045,0.00003,0.01025,0.00008,0.00309,0.02077
1403638219.495027065277100,0.00597,0.00029,0.00028,0.00901,0.00005,0.00284,0.01844
1403638219.545026540756226,0.00547,0.00024,0.00020,0.00598,0.00004,0.00180,0.01373
1403638219.595024347305298,0.00645,0.00047,0.00435,0.00907,0.00006,0.00352,0.02391
1403638219.645021915435791,0.00585,0.00038,0.00330,0.01035,0.00007,0.00326,0.02321
1403638219.695021152496338,0.00582,0.00040,0.00003,0.01306,0.00000,0.00380,0.02311
1403638219.745019197463989,0.00664,0.00048,0.00003,0.01027,0.00008,0.00326,0.02076
1403638219.795018672943115,0.00599,0.00038,0.00031,0.01147,0.00005,0.00344,0.02164
1403638219.845018386840820,0.00565,0.00021,0.00002,0.00566,0.00006,0.00187,0.01347
1403638219.895018577575684,0.00660,0.00048,0.00003,0.01069,0.00008,0.00363,0.02152
1403638219.945018053054810,0.00568,0.00028,0.00002,0.00839,0.00000,0.00257,0.01694
1403638219.995018243789673,0.00624,0.00040,0.00016,0.01230,0.00016,0.00369,0.02294
1403638220.045018672943115,0.00593,0.00026,0.00018,0.00821,0.00008,0.00248,0.01714
1403638220.095018386840820,0.00570,0.00031,0.00023,0.00816,0.00010,0.00304,0.01753
1403638220.145018100738525,0.00610,0.00040,0.00027,0.01083,0.00014,0.00244,0.02018
1403638220.195017099380493,0.00569,0.00029,0.00485,0.00516,0.00010,0.00227,0.01836
1403638220.245015382766724,0.00647,0.00036,0.00585,0.00816,0.00158,0.00245,0.02488
1403638220.295014858245850,0.00573,0.00035,0.00002,0.00963,0.00000,0.00289,0.01862
1403638220.345014333724976,0.00656,0.00047,0.00002,0.00902,0.00007,0.00353,0.01967
1403638220.395013332366943,0.00573,0.00046,0.00003,0.00959,0.00215,0.00272,0.02068
1403638220.445013284683228,0.00535,0.00031,0.00008,0.01016,0.00005,0.00292,0.01886
1403638220.495012998580933,0.00577,0.00046,0.00002,0.01005,0.00009,0.00308,0.01946
1403638220.545012712478638,0.00552,0.00038,0.00003,0.01163,0.00000,0.00280,0.02036
1403638220.595012426376343,0.00563,0.00042,0.00014,0.01171,0.00007,0.00307,0.02103
1403638220.645011901855469,0.00592,0.00049,0.00011,0.01019,0.00007,0.00336,0.02014
1403638220.695012092590332,0.00537,0.00045,0.00152,0.01048,0.00005,0.00299,0.02086
1403638220.745012044906616,0.00497,0.00030,0.00028,0.01030,0.00007,0.00289,0.01882
1403638220.795012474060059,0.00496,0.00037,0.00650,0.00994,0.00007,0.00215,0.02400
1403638220.845012664794922,0.00538,0.00039,0.00773,0.00976,0.00007,0.00289,0.02623
1403638220.895012855529785,0.00461,0.00024,0.00002,0.00581,0.00000,0.00162,0.01229
1403638220.945013046264648,0.00287,0.00019,0.00001,0.00576,0.00005,0.00153,0.01042
1403638220.995012998580933,0.00587,0.00043,0.00003,0.01064,0.00000,0.00300,0.01997
1403638221.045013189315796,0.00534,0.00026,0.00008,0.00910,0.00004,0.00271,0.01754
1403638221.095013141632080,0.00593,0.00042,0.00004,0.00891,0.00007,0.00280,0.01817
1403638221.145013093948364,0.00577,0.00029,0.00002,0.00887,0.00000,0.00285,0.01780
1403638221.195013046264648,0.00496,0.00025,0.00008,0.00585,0.00004,0.00217,0.01336
1403638221.245012998580933,0.00627,0.00057,0.00011,0.01022,0.00229,0.00288,0.02235
1403638221.295013189315796,0.00516,0.00036,0.00172,0.00604,0.00000,0.00223,0.01552
1403638221.345013141632080,0.00590,0.00031,0.00034,0.01055,0.00000,0.00303,0.02012
1403638221.395012855529785,0.00545,0.00042,0.00440,0.00605,0.00000,0.00252,0.01886
1403638221.445013046264648,0.00504,0.00025,0.00413,0.00670,0.00000,0.00235,0.01848
1403638221.495012998580933,0.00553,0.00042,0.00003,0.01087,0.00000,0.00313,0.01998
1403638221.545013904571533,0.00669,0.00060,0.00015,0.01179,0.00000,0.00347,0.02269
1403638221.595014333724976,0.00458,0.00027,0.00009,0.00594,0.00003,0.00165,0.01257
1403638221.645015478134155,0.00381,0.00019,0.00006,0.00579,0.00003,0.00138,0.01126
1403638221.695015192031860,0.00328,0.00020,0.00002,0.00581,0.00005,0.00149,0.01085
1403638221.745015621185303,0.00541,0.00031,0.00002,0.00977,0.00000,0.00248,0.01800
1403638221.795015811920166,0.00548,0.00029,0.00010,0.00987,0.00007,0.00236,0.01817
1403638221.845015287399292,0.00575,0.00030,0.00009,0.00866,0.00010,0.00279,0.01769
1403638221.895015001296997,0.00551,0.00036,0.00032,0.00985,0.00007,0.00285,0.01896
1403638221.945014715194702,0.00540,0.00029,0.00023,0.00676,0.00006,0.00187,0.01461
1403638221.995014429092407,0.00555,0.00028,0.00233,0.00544,0.00007,0.00186,0.01554
1403638222.045014619827271,0.00478,0.00018,0.00027,0.00563,0.00026,0.00173,0.01285
1403638222.095014333724976,0.00553,0.00029,0.00002,0.00860,0.00000,0.00300,0.01744
1403638222.145014286041260,0.00548,0.00026,0.00002,0.00870,0.00007,0.00276,0.01729
1403638222.195014476776123,0.00551,0.00046,0.00003,0.00892,0.00008,0.00239,0.01738
1403638222.245014667510986,0.00690,0.00051,0.00003,0.00971,0.00008,0.00313,0.02037
1403638222.295015335083008,0.00549,0.00034,0.00003,0.00869,0.00007,0.00297,0.01759
1403638222.345015287399292,0.00518,0.00029,0.00002,0.00860,0.00000,0.00225,0.01635
1403638222.395015239715576,0.00727,0.00023,0.00002,0.00563,0.00008,0.00242,0.01566
1403638222.445014953613281,0.00557,0.00019,0.00003,0.00570,0.00008,0.00210,0.01365
1403638222.495013952255249,0.00587,0.00025,0.00019,0.00547,0.00004,0.00177,0.01360
1403638222.545011520385742,0.00631,0.00036,0.00015,0.00891,0.00010,0.00254,0.01837
1403638222.595009326934814,0.00677,0.00019,0.00049,0.00542,0.00007,0.00215,0.01509
1403638222.645007371902466,0.00728,0.00035,0.00056,0.00972,0.00037,0.00311,0.02141
1403638222.695006847381592,0.00695,0.00028,0.00015,0.00831,0.00000,0.00328,0.01897
1403638222.745006322860718,0.00676,0.00027,0.00002,0.00847,0.00007,0.00284,0.01844
1403638222.795007228851318,0.00938,0.00042,0.00031,0.01221,0.00006,0.00265,0.02504
1403638222.845005512237549,0.00685,0.00037,0.00004,0.00983,0.00008,0.00310,0.02027
1403638222.895004272460938,0.00657,0.00027,0.00018,0.00843,0.00006,0.00314,0.01865
1403638222.945003271102905,0.00680,0.00036,0.01988,0.00531,0.00007,0.00202,0.03444
1403638222.995004177093506,0.00647,0.00035,0.00026,0.01102,0.00015,0.00358,0.02183
1403638223.045005559921265,0.00673,0.00035,0.00010,0.00908,0.00012,0.00293,0.01930
1403638223.095007181167603,0.00629,0.00028,0.00020,0.00705,0.00008,0.00223,0.01614
1403638223.145010232925415,0.00624,0.00027,0.00014,0.00786,0.00016,0.00245,0.01713
1403638223.195011615753174,0.00572,0.00029,0.00237,0.00787,0.00022,0.00247,0.01894
1403638223.245012998580933,0.00614,0.00030,0.00041,0.00756,0.00044,0.00251,0.01738
1403638223.295013189315796,0.00726,0.00055,0.00008,0.00793,0.00000,0.00325,0.01908
1403638223.345013618469238,0.00544,0.00022,0.00007,0.00503,0.00004,0.00178,0.01258
1403638223.395014524459839,0.00519,0.00020,0.00002,0.00494,0.00005,0.00161,0.01201
1403638223.445015668869019,0.00590,0.00031,0.00003,0.00854,0.00009,0.00260,0.01747
1403638223.495016098022461,0.00549,0.00028,0.00075,0.00790,0.00007,0.00259,0.01708
1403638223.545019149780273,0.00601,0.00021,0.00788,0.00458,0.00015,0.00231,0.02114
1403638223.595019578933716,0.00584,0.00034,0.00012,0.00449,0.00010,0.00203,0.01292
1403638223.645018815994263,0.00650,0.00051,0.00005,0.00942,0.00013,0.00282,0.01942
1403638223.695018291473389,0.00618,0.00029,0.00007,0.00495,0.00013,0.00178,0.01342
1403638223.745017528533936,0.00422,0.00018,0.00005,0.00434,0.00014,0.00160,0.01053
1403638223.795016527175903,0.00583,0.00021,0.00042,0.00762,0.00041,0.00319,0.01767
1403638223.845016002655029,0.00576,0.00107,0.00020,0.00755,0.00072,0.00368,0.01898
1403638223.895015239715576,0.00686,0.00029,0.00126,0.00657,0.00000,0.00235,0.01733
1403638223.945015192031860,0.00625,0.00025,0.00007,0.00479,0.00005,0.00229,0.01370
1403638223.995014905929565,0.00661,0.00043,0.00011,0.00686,0.00007,0.00291,0.01699
1403638224.045015335083008,0.00634,0.00030,0.00233,0.00622,0.00008,0.00268,0.01795
1403638224.095015287399292,0.00518,0.00028,0.00029,0.00654,0.00007,0.00282,0.01519
1403638224.145015239715576,0.00625,0.00028,0.00117,0.00611,0.00383,0.00241,0.02004
1403638224.195015430450439,0.00555,0.00019,0.00001,0.00464,0.00014,0.00202,0.01256
1403638224.245016336441040,0.00454,0.00024,0.00008,0.00445,0.00008,0.00186,0.01124
1403638224.295017004013062,0.00680,0.00049,0.00012,0.00665,0.00018,0.00362,0.01788
1403638224.345016002655029,0.00624,0.00028,0.00010,0.00688,0.00022,0.00274,0.01646
1403638224.395015954971313,0.00592,0.00028,0.00038,0.00667,0.00209,0.00233,0.01769
1403638224.445015192031860,0.00934,0.00039,0.00035,0.00883,0.00079,0.00236,0.02206
1403638224.495013952255249,0.00703,0.00032,0.00018,0.00801,0.00000,0.00336,0.01890
1403638224.545014142990112,0.00625,0.00046,0.00013,0.00785,0.00007,0.00308,0.01784
1403638224.595015048980713,0.00612,0.00029,0.00028,0.00503,0.00004,0.00185,0.01361
1403638224.645017147064209,0.00678,0.00042,0.00036,0.00703,0.00007,0.00334,0.01800
1403638224.695018291473389,0.00577,0.00024,0.00021,0.00391,0.00000,0.00202,0.01215
1403638224.745018720626831,0.01088,0.00046,0.00102,0.00607,0.00032,0.00304,0.02181
1403638224.795018911361694,0.00674,0.00025,0.00021,0.00396,0.00011,0.00258,0.01385
1403638224.845020055770874,0.00592,0.00026,0.00034,0.00529,0.00006,0.00295,0.01483
1403638224.895020484924316,0.00570,0.00024,0.00006,0.00350,0.00005,0.00188,0.01142
1403638224.945020675659180,0.00550,0.00026,0.00015,0.00527,0.00024,0.00221,0.01364
1403638224.995021581649780,0.00628,0.00039,0.00248,0.00340,0.00055,0.00256,0.01565
1403638225.045021533966064,0.00528,0.00019,0.00026,0.00348,0.00048,0.00216,0.01186
1403638225.095021724700928,0.00693,0.00053,0.00009,0.00721,0.00000,0.00347,0.01823
1403638225.145022392272949,0.00600,0.00028,0.00018,0.00528,0.00005,0.00290,0.01470
1403638225.195022821426392,0.00562,0.00036,0.00098,0.00344,0.00004,0.00208,0.01251
1403638225.245022773742676,0.00694,0.00051,0.00003,0.00674,0.00010,0.00333,0.01765
1403638225.295025348663330,0.00600,0.00050,0.00147,0.00524,0.00690,0.00182,0.02193
1403638225.345025300979614,0.00549,0.00022,0.00010,0.00430,0.00022,0.00197,0.01231
1403638225.395025491714478,0.00868,0.00036,0.00007,0.00637,0.00013,0.00325,0.01887
1403638225.445026636123657,0.00724,0.00052,0.00028,0.00661,0.00007,0.00360,0.01831
1403638225.495027542114258,0.00681,0.00039,0.00042,0.00895,0.00010,0.00367,0.02035
1403638225.545027971267700,0.00629,0.00019,0.00008,0.00426,0.00018,0.00189,0.01288
1403638225.595028638839722,0.00562,0.00020,0.00247,0.00398,0.00087,0.00205,0.01519
1403638225.645029783248901,0.00575,0.00038,0.00015,0.00642,0.00200,0.00227,0.01697
1403638225.695036172866821,0.00656,0.00038,0.00215,0.00828,0.00000,0.00234,0.01971
1403638225.745036840438843,0.00545,0.00025,0.00023,0.00488,0.00005,0.00218,0.01305
1403638225.795039415359497,0.00956,0.00033,0.00171,0.00276,0.00001,0.00238,0.01676
1403638225.845042467117310,0.01372,0.00021,0.00166,0.00155,0.00003,0.00185,0.01901
1403638225.895043373107910,0.01143,0.00023,0.00046,0.00072,0.00078,0.00202,0.01566
1403638225.945044279098511,0.01233,0.00021,0.00050,0.00045,0.00012,0.00145,0.01506
1403638225.995044708251953,0.02914,0.00017,0.00031,0.00015,0.00007,0.00135,0.03119
1403638226.045047521591187,0.02413,0.00028,0.00079,0.00010,0.00001,0.00290,0.02819
1403638226.095046281814575,0.02205,0.00031,0.00055,0.00007,0.00001,0.00191,0.02489
1403638226.145046234130859,0.00832,0.00022,0.00023,0.00006,0.00003,0.00201,0.01087
1403638226.195046186447144,0.00899,0.00028,0.00017,0.00008,0.00006,0.00351,0.01310
1403638226.245046138763428,0.00670,0.00021,0.00025,0.00005,0.00000,0.00208,0.00929
1403638226.295046329498291,0.00624,0.00020,0.00020,0.00006,0.00000,0.00198,0.00868
1403638226.345046281814575,0.00794,0.00034,0.00034,0.00000,0.00000,0.00392,0.01253
1403638226.395046234130859,0.00535,0.00017,0.00007,0.00000,0.00000,0.00228,0.00787
1403638226.445046186447144,0.00587,0.00026,0.00007,0.00000,0.00042,0.00294,0.00956
1403638226.495046138763428,0.00614,0.00033,0.00023,0.00000,0.00006,0.00392,0.01069
1403638226.545046329498291,0.00527,0.00017,0.00006,0.00000,0.00038,0.00229,0.00816
1403638226.595046281814575,0.00685,0.00032,0.00003,0.00000,0.00085,0.00363,0.01168
1403638226.645046234130859,0.00569,0.00023,0.00002,0.00000,0.00044,0.00304,0.00942
1403638226.695046186447144,0.00541,0.00016,0.00002,0.00000,0.00109,0.00211,0.00879
1403638226.745046138763428,0.00615,0.00024,0.00002,0.00000,0.00129,0.00253,0.01023
1403638226.795046329498291,0.00603,0.00019,0.00001,0.00000,0.00043,0.00254,0.00921
1403638226.845046281814575,0.00604,0.00027,0.00002,0.00000,0.00161,0.00343,0.01138
1403638226.895046234130859,0.00545,0.00021,0.00001,0.00000,0.00080,0.00266,0.00913
1403638226.945046186447144,0.00560,0.00024,0.00002,0.00000,0.00117,0.00318,0.01020
1403638226.995046138763428,0.00569,0.00023,0.00001,0.00000,0.00000,0.00279,0.00872
1403638227.045046329498291,0.00449,0.00017,0.00001,0.00000,0.00007,0.00171,0.00645
1403638227.095046281814575,0.00554,0.00025,0.00002,0.00000,0.00007,0.00333,0.00920
1403638227.145046234130859,0.00466,0.00017,0.00001,0.00000,0.00012,0.00223,0.00719
1403638227.195046186447144,0.00565,0.00030,0.00002,0.00000,0.00031,0.00369,0.00997
1403638227.245046138763428,0.00544,0.00023,0.00002,0.00000,0.00048,0.00285,0.00902
1403638227.295046329498291,0.00485,0.00024,0.00002,0.00000,0.00175,0.00256,0.00942
1403638227.345046281814575,0.00478,0.00018,0.00001,0.00000,0.00087,0.00218,0.00803
1403638227.395046234130859,0.00537,0.00025,0.00002,0.00000,0.00028,0.00240,0.00832
1403638227.445046186447144,0.00436,0.00017,0.00001,0.00000,0.00097,0.00168,0.00719
1403638227.495046138763428,0.00630,0.00024,0.00002,0.00000,0.00091,0.00195,0.00942
1403638227.545046329498291,0.00410,0.00015,0.00001,0.00000,0.00075,0.00169,0.00670
1403638227.595046281814575,0.00529,0.00024,0.00001,0.00000,0.00000,0.00224,0.00779
1403638227.645046234130859,0.00497,0.00029,0.00002,0.00000,0.00013,0.00288,0.00828
1403638227.695046186447144,0.00463,0.00016,0.00001,0.00000,0.00005,0.00206,0.00691
1403638227.745046138763428,0.00406,0.00017,0.00001,0.00000,0.00012,0.00178,0.00614
1403638227.795046329498291,0.00360,0.00014,0.00001,0.00000,0.00014,0.00166,0.00554
1403638227.845046281814575,0.00547,0.00030,0.00003,0.00000,0.00065,0.00326,0.00970
1403638227.895046234130859,0.00429,0.00016,0.00002,0.00000,0.00109,0.00196,0.00751
1403638227.945046186447144,0.00489,0.00025,0.00002,0.00000,0.00140,0.00234,0.00890
1403638227.995046138763428,0.00435,0.00018,0.00001,0.00000,0.00017,0.00263,0.00734
1403638228.045046329498291,0.00503,0.00032,0.00002,0.00000,0.00184,0.00270,0.00991
1403638228.095046281814575,0.00374,0.00023,0.00002,0.00000,0.00088,0.00253,0.00740
1403638228.145046234130859,0.00519,0.00032,0.00002,0.00000,0.00165,0.00395,0.01113
1403638228.195046186447144,0.00541,0.00019,0.00001,0.00000,0.00000,0.00210,0.00772
1403638228.245046138763428,0.00577,0.00021,0.00001,0.00000,0.00009,0.00286,0.00895
1403638228.295046329498291,0.00634,0.00038,0.00003,0.00000,0.00010,0.00304,0.00990
1403638228.345046281814575,0.00610,0.00029,0.00002,0.00000,0.00023,0.00306,0.00971
1403638228.395046234130859,0.00633,0.00032,0.00002,0.00000,0.00032,0.00334,0.01033
1403638228.445046186447144,0.00682,0.00035,0.00003,0.00000,0.00062,0.00428,0.01210
1403638228.495046138763428,0.00626,0.00027,0.00012,0.00000,0.00211,0.00370,0.01246
1403638228.545046329498291,0.00533,0.00016,0.00001,0.00000,0.00088,0.00221,0.00860
1403638228.595046281814575,0.00537,0.00014,0.00001,0.00000,0.00017,0.00184,0.00753
1403638228.645046234130859,0.00634,0.00032,0.00002,0.00000,0.00198,0.00394,0.01262
1403638228.695046186447144,0.00585,0.00025,0.00002,0.00000,0.00087,0.00266,0.00965
1403638228.745046138763428,0.00566,0.00025,0.00002,0.00000,0.00121,0.00314,0.01027
1403638228.795046329498291,0.00536,0.00016,0.00001,0.00000,0.00000,0.00205,0.00759
