# timestamp(s) tx ty tz qx qy qz qw Pr11 Pr12 Pr13 Pr22 Pr23 Pr33 Pt11 Pt12 Pt13 Pt22 Pt23 Pt33
1403636897.70909 0.004049 0.011768 -0.004974 0.821767 -0.013436 0.569506 0.013466 0.0009139607 0.0000037634 -0.0002823276 0.0001306288 0.0000159479 0.0001869975 0.0033914715 0.0002385450 -0.0000731895 0.0028747180 0.0000290075 0.0025594670
1403636897.75003 -0.046383 -0.009958 0.007514 0.826449 -0.017372 0.562518 0.015940 0.0003712096 0.0000081334 -0.0001360710 0.0000132263 -0.0000001125 0.0000660680 0.0025738875 0.0000103721 -0.0000094193 0.0025480903 0.0000021062 0.0025328703
1403636897.79848 -0.047981 -0.012222 0.014401 0.829089 -0.015745 0.558634 0.017065 0.0003632403 0.0000061581 -0.0001410665 0.0000121491 0.0000000478 0.0000652484 0.0025670289 0.0000133126 -0.0000100218 0.0025364401 0.0000005969 0.0025328991
1403636897.84844 -0.052266 -0.015273 0.022120 0.832120 -0.015095 0.554099 0.017979 0.0003580299 0.0000065897 -0.0001438024 0.0000112931 -0.0000008576 0.0000666619 0.0025634263 0.0000131420 -0.0000097533 0.0025329904 0.0000014457 0.0025332359
1403636897.89868 -0.055328 -0.019034 0.030876 0.834051 -0.014320 0.551194 0.018440 0.0003533689 0.0000068180 -0.0001454752 0.0000103326 -0.0000011325 0.0000680457 0.0025599824 0.0000132295 -0.0000091943 0.0025307345 0.0000020239 0.0025334637
1403636897.94928 -0.056699 -0.020973 0.039803 0.832078 -0.013450 0.554212 0.017737 0.0003533748 0.0000070433 -0.0001432129 0.0000093168 -0.0000013085 0.0000657582 0.0025576995 0.0000127086 -0.0000084937 0.0025290688 0.0000018511 0.0025328635
1403636897.99967 -0.058855 -0.023987 0.048646 0.828519 -0.012614 0.559554 0.017211 0.0003548852 0.0000057651 -0.0001386249 0.0000076955 -0.0000013525 0.0000611050 0.0025550668 0.0000114370 -0.0000081348 0.0025272087 0.0000011950 0.0025312664
1403636898.04985 -0.060654 -0.027917 0.055795 0.824899 -0.011602 0.564939 0.015863 0.0003566635 0.0000052048 -0.0001342485 0.0000075690 -0.0000010172 0.0000572702 0.0025519630 0.0000097810 -0.0000076164 0.0025258306 0.0000011837 0.0025304056
1403636898.10047 -0.060250 -0.029120 0.061001 0.822089 -0.010373 0.569128 0.012486 0.0003560639 0.0000038897 -0.0001307380 0.0000069466 -0.0000006728 0.0000544365 0.0025488387 0.0000081943 -0.0000071161 0.0025247540 0.0000013782 0.0025293861
1403636898.15032 -0.062706 -0.033260 0.065311 0.820320 -0.009464 0.571725 0.010730 0.0003575735 0.0000027702 -0.0001283581 0.0000069044 -0.0000001945 0.0000525823 0.0025462171 0.0000072553 -0.0000066348 0.0025243527 0.0000015439 0.0025285616
1403636898.20006 -0.065453 -0.036324 0.068748 0.819246 -0.007887 0.573321 0.008800 0.0003583781 0.0000023228 -0.0001268674 0.0000068115 0.0000000201 0.0000514748 0.0025436403 0.0000063002 -0.0000062951 0.0025240300 0.0000017511 0.0025276103
1403636898.25021 -0.068407 -0.040690 0.073871 0.819178 -0.006371 0.573456 0.007437 0.0003584125 0.0000022022 -0.0001265281 0.0000067352 0.0000001283 0.0000513459 0.0025413350 0.0000054249 -0.0000061297 0.0025241891 0.0000017336 0.0025267289
1403636898.30030 -0.070677 -0.044943 0.079218 0.819238 -0.005163 0.573397 0.006251 0.0003581951 0.0000019649 -0.0001265558 0.0000066069 0.0000002813 0.0000514973 0.0025390363 0.0000044268 -0.0000059805 0.0025245050 0.0000016522 0.0025256654
1403636898.35018 -0.071121 -0.047698 0.084786 0.819351 -0.003517 0.573259 0.005038 0.0003573994 0.0000018798 -0.0001269083 0.0000065962 0.0000003750 0.0000518754 0.0025372036 0.0000036069 -0.0000056485 0.0025245971 0.0000017866 0.0025243549
1403636898.40014 -0.071304 -0.050492 0.092086 0.819241 -0.002042 0.573435 0.003525 0.0003575639 0.0000014884 -0.0001266387 0.0000067254 0.0000005502 0.0000517573 0.0025355832 0.0000030792 -0.0000053885 0.0025251381 0.0000018462 0.0025237078
1403636898.45004 -0.072209 -0.052670 0.100097 0.819791 -0.000477 0.572659 0.002289 0.0003573163 0.0000010412 -0.0001269091 0.0000067840 0.0000006488 0.0000519950 0.0025339061 0.0000027075 -0.0000050654 0.0025258942 0.0000018835 0.0025230670
1403636898.49998 -0.071749 -0.053911 0.108937 0.820197 0.000648 0.572081 0.000664 0.0003567273 0.0000005199 -0.0001274912 0.0000068811 0.0000007798 0.0000524249 0.0025325706 0.0000024810 -0.0000046381 0.0025265710 0.0000019518 0.0025224516
1403636898.54993 -0.072369 -0.049910 0.118090 0.821199 0.001517 0.570637 0.001998 0.0003550397 -0.0000003504 -0.0001283336 0.0000054376 0.0000001636 0.0000519576 0.0025309118 0.0000025944 -0.0000037450 0.0025240965 0.0000027717 0.0025213586
1403636898.59949 -0.070807 -0.048821 0.129964 0.822285 0.003440 0.569059 0.002590 0.0003533722 0.0000019870 -0.0001299016 0.0000049249 -0.0000007826 0.0000531525 0.0025300552 0.0000028294 -0.0000029680 0.0025231444 0.0000027339 0.0025199872
1403636898.64950 -0.065896 -0.043779 0.140633 0.822246 0.004509 0.569107 0.002916 0.0003522015 0.0000031310 -0.0001308471 0.0000046788 -0.0000011712 0.0000539314 0.0025289852 0.0000031496 -0.0000018588 0.0025218631 0.0000025978 0.0025175443
1403636898.69942 -0.061202 -0.042866 0.149269 0.822616 0.006188 0.568558 0.002602 0.0003517884 0.0000038351 -0.0001310010 0.0000046832 -0.0000014240 0.0000541277 0.0025284838 0.0000035596 -0.0000015056 0.0025213299 0.0000025259 0.0025168187
1403636898.74948 -0.055836 -0.043261 0.157332 0.823048 0.006742 0.567930 0.001343 0.0003514286 0.0000034637 -0.0001312809 0.0000046386 -0.0000012742 0.0000544258 0.0025284530 0.0000037214 -0.0000013382 0.0025210235 0.0000026887 0.0025162754
1403636898.79942 -0.049352 -0.043346 0.164896 -0.822911 -0.007274 -0.568123 0.000029 0.0003514839 0.0000028507 -0.0001311476 0.0000046456 -0.0000010401 0.0000543527 0.0025285528 0.0000038327 -0.0000012117 0.0025208803 0.0000026907 0.0025160446
1403636898.84928 -0.042075 -0.042695 0.170968 -0.823194 -0.007096 -0.567714 0.001804 0.0003511073 0.0000016919 -0.0001314864 0.0000046107 -0.0000005927 0.0000546669 0.0025284805 0.0000039854 -0.0000012262 0.0025202740 0.0000028030 0.0025156496
1403636898.94915 -0.025122 -0.042153 0.182782 -0.824252 -0.005262 -0.566154 0.007107 0.0003502507 -0.0000023211 -0.0001323643 0.0000046366 0.0000009438 0.0000554622 0.0025283378 0.0000040284 -0.0000012321 0.0025192523 0.0000027905 0.0025153531
1403636898.99918 -0.015430 -0.041792 0.188562 -0.824579 -0.002729 -0.565649 0.010143 0.0003497284 -0.0000052364 -0.0001327527 0.0000046487 0.0000020788 0.0000557496 0.0025277416 0.0000040661 -0.0000015448 0.0025175262 0.0000026363 0.0025149809
1403636899.04924 -0.006457 -0.042405 0.192937 -0.824085 0.000839 -0.566347 0.011561 0.0003498934 -0.0000075052 -0.0001323791 0.0000047326 0.0000029461 0.0000554184 0.0025272061 0.0000038904 -0.0000016282 0.0025168163 0.0000026022 0.0025147707
1403636899.09938 0.003271 -0.043878 0.197319 -0.823219 0.005436 -0.567596 0.010724 0.0003505696 -0.0000089888 -0.0001314311 0.0000048007 0.0000034815 0.0000545980 0.0025269535 0.0000039417 -0.0000017024 0.0025166189 0.0000025810 0.0025145457
1403636899.14959 0.012079 -0.045705 0.201202 -0.821807 0.010082 -0.569636 0.006827 0.0003517850 -0.0000086765 -0.0001300257 0.0000047898 0.0000033183 0.0000533847 0.0025269325 0.0000041017 -0.0000018003 0.0025168318 0.0000026268 0.0025143424
1403636899.20009 0.022813 -0.049039 0.205679 -0.819739 0.015322 -0.572531 0.001303 0.0003536916 -0.0000075130 -0.0001278493 0.0000047414 0.0000028121 0.0000515267 0.0025271261 0.0000041825 -0.0000018538 0.0025171719 0.0000026505 0.0025141718
1403636899.25046 0.034034 -0.053386 0.210409 0.816203 -0.022750 0.577301 0.004366 0.0003566409 -0.0000073281 -0.0001242700 0.0000047414 0.0000026391 0.0000485884 0.0025274218 0.0000043187 -0.0000018874 0.0025176949 0.0000026787 0.0025139516
1403636899.30067 0.045653 -0.058497 0.215348 0.812927 -0.031289 0.581422 0.010939 0.0003591800 -0.0000070974 -0.0001210598 0.0000047397 0.0000024657 0.0000460703 0.0025278409 0.0000044935 -0.0000018446 0.0025183542 0.0000027204 0.0025137273
1403636899.35083 0.056695 -0.064630 0.220177 0.809655 -0.040568 0.585183 0.019337 0.0003615452 -0.0000061805 -0.0001179889 0.0000047076 0.0000020713 0.0000437496 0.0025282815 0.0000047256 -0.0000017715 0.0025191219 0.0000027803 0.0025135321
1403636899.40095 0.066913 -0.071313 0.224993 0.807011 -0.050437 0.587687 0.028524 0.0003632142 -0.0000051668 -0.0001157632 0.0000046717 0.0000016773 0.0000421200 0.0025287667 0.0000050244 -0.0000016821 0.0025200634 0.0000028222 0.0025133808
1403636899.45111 0.075251 -0.077170 0.229185 0.805503 -0.060837 0.588365 0.035930 0.0003638519 -0.0000055431 -0.0001148662 0.0000046763 0.0000017629 0.0000414608 0.0025293067 0.0000053535 -0.0000015928 0.0025209314 0.0000028624 0.0025132859
1403636899.50122 0.082194 -0.083946 0.232597 0.806066 -0.072214 0.586089 0.039276 0.0003625346 -0.0000082351 -0.0001165356 0.0000047872 0.0000026561 0.0000426760 0.0025301797 0.0000055964 -0.0000014424 0.0025219040 0.0000028629 0.0025131904
1403636899.55153 0.088748 -0.089554 0.235784 0.807957 -0.081712 0.582038 0.041964 0.0003602304 -0.0000106391 -0.0001194452 0.0000049100 0.0000035244 0.0000448349 0.0025311720 0.0000057532 -0.0000013535 0.0025226065 0.0000027573 0.0025130975
1403636899.60172 0.094829 -0.095319 0.239011 0.809678 -0.089852 0.578257 0.044347 0.0003579764 -0.0000124058 -0.0001222069 0.0000050218 0.0000042216 0.0000469603 0.0025324376 0.0000059714 -0.0000012767 0.0025234155 0.0000026643 0.0025130598
1403636899.65183 0.101127 -0.101095 0.242641 0.810617 -0.096681 0.575682 0.046291 0.0003564277 -0.0000139939 -0.0001239970 0.0000051254 0.0000048402 0.0000483588 0.0025337931 0.0000062331 -0.0000012453 0.0025240128 0.0000024969 0.0025130289
1403636899.70192 0.107358 -0.107372 0.246592 0.811557 -0.101652 0.573267 0.049051 0.0003550708 -0.0000142579 -0.0001256507 0.0000051208 0.0000049921 0.0000496521 0.0025352446 0.0000065398 -0.0000012605 0.0025245100 0.0000022595 0.0025130026
1403636899.75195 0.112677 -0.114913 0.249934 0.812521 -0.105741 0.570896 0.052011 0.0003537164 -0.0000139335 -0.0001273320 0.0000050546 0.0000049370 0.0000509902 0.0025364937 0.0000069698 -0.0000013344 0.0025249534 0.0000020152 0.0025130055
1403636899.85226 0.120362 -0.132340 0.254687 0.813545 -0.108321 0.568066 0.060932 0.0003527275 -0.0000095638 -0.0001289403 0.0000046219 0.0000033603 0.0000521512 0.0025381059 0.0000085233 -0.0000016083 0.0025253191 0.0000012898 0.0025129599
1403636899.90227 0.127137 -0.141119 0.257215 0.813535 -0.107936 0.567605 0.065848 0.0003531122 -0.0000062187 -0.0001287153 0.0000044113 0.0000020948 0.0000518463 0.0025387771 0.0000091006 -0.0000017646 0.0025249169 0.0000009870 0.0025129593
1403636899.95231 0.134119 -0.151899 0.258668 0.812198 -0.107340 0.569168 0.069716 0.0003543251 -0.0000037283 -0.0001273996 0.0000042926 0.0000011384 0.0000506522 0.0025398594 0.0000100303 -0.0000019409 0.0025253249 0.0000007559 0.0025130070
1403636900.00238 0.144387 -0.164735 0.259498 0.810502 -0.106120 0.571358 0.073323 0.0003560315 -0.0000011938 -0.0001253986 0.0000041128 0.0000002075 0.0000489206 0.0025391608 0.0000110756 -0.0000023626 0.0025257535 0.0000004897 0.0025129817
1403636900.05239 0.152246 -0.176515 0.260084 0.808231 -0.105666 0.574415 0.075130 0.0003579270 -0.0000003170 -0.0001230660 0.0000040570 -0.0000001168 0.0000469930 0.0025404244 0.0000125285 -0.0000024449 0.0025269621 0.0000003329 0.0025130768
1403636900.10237 0.158184 -0.188945 0.260783 0.805526 -0.104715 0.578159 0.076774 0.0003601362 0.0000006325 -0.0001202414 0.0000039613 -0.0000004494 0.0000447374 0.0025405734 0.0000135204 -0.0000027978 0.0025277873 0.0000000971 0.0025130831
1403636900.15236 0.165395 -0.201090 0.264024 0.803133 -0.103917 0.581467 0.077948 0.0003622242 0.0000013363 -0.0001174680 0.0000038958 -0.0000006772 0.0000426055 0.0025416553 0.0000145905 -0.0000027841 0.0025285226 -0.0000000500 0.0025131603
1403636900.20240 0.176848 -0.215006 0.268479 0.802392 -0.102565 0.582675 0.078342 0.0003631071 0.0000023503 -0.0001162521 0.0000038003 -0.0000009767 0.0000416413 0.0025418646 0.0000160689 -0.0000024902 0.0025293718 -0.0000002837 0.0025131679
1403636900.25241 0.181972 -0.228050 0.276035 0.802504 -0.101474 0.582647 0.078828 0.0003628666 0.0000028434 -0.0001165949 0.0000037716 -0.0000011545 0.0000418458 0.0025438885 0.0000178390 -0.0000024673 0.0025309395 -0.0000004737 0.0025132938
1403636900.30240 0.186468 -0.240783 0.285928 0.803393 -0.100312 0.581629 0.078771 0.0003622598 0.0000034880 -0.0001174327 0.0000037621 -0.0000013801 0.0000424327 0.0025462715 0.0000191666 -0.0000024769 0.0025318857 -0.0000006453 0.0025134684
1403636900.35244 0.190555 -0.253343 0.297718 0.805769 -0.100001 0.578664 0.076702 0.0003603967 0.0000026977 -0.0001199731 0.0000037204 -0.0000011495 0.0000442994 0.0025488220 0.0000204917 -0.0000025108 0.0025327359 -0.0000008300 0.0025136824
1403636900.40251 0.192278 -0.266215 0.311654 0.808199 -0.098956 0.575595 0.075585 0.0003583571 0.0000027185 -0.0001226370 0.0000036657 -0.0000011720 0.0000463171 0.0025512706 0.0000217151 -0.0000024439 0.0025333701 -0.0000010084 0.0025138844
1403636900.45259 0.195185 -0.277817 0.325770 0.810710 -0.097739 0.572406 0.074483 0.0003563884 0.0000028257 -0.0001251189 0.0000035805 -0.0000012022 0.0000482277 0.0025533298 0.0000230312 -0.0000021214 0.0025336390 -0.0000012614 0.0025140006
1403636900.50259 0.198353 -0.291115 0.338998 0.812312 -0.096158 0.570523 0.073529 0.0003552382 0.0000034500 -0.0001265236 0.0000035606 -0.0000014486 0.0000493491 0.0025561785 0.0000241697 -0.0000021555 0.0025341253 -0.0000014404 0.0025143005
1403636900.55258 0.201649 -0.304342 0.351007 0.813491 -0.095492 0.569145 0.072027 0.0003543071 0.0000029644 -0.0001276713 0.0000035222 -0.0000012917 0.0000502694 0.0025596095 0.0000255145 -0.0000021877 0.0025347493 -0.0000016295 0.0025146387
1403636900.60260 0.204693 -0.318037 0.361699 0.814513 -0.094627 0.568006 0.070596 0.0003534577 0.0000026318 -0.0001287026 0.0000034519 -0.0000011414 0.0000510450 0.0025623479 0.0000270912 -0.0000019413 0.0025353972 -0.0000019079 0.0025149045
1403636900.65262 0.208458 -0.331364 0.370499 0.816676 -0.093996 0.565181 0.069104 0.0003516250 0.0000022611 -0.0001308512 0.0000034248 -0.0000010293 0.0000528614 0.0025661770 0.0000285245 -0.0000019465 0.0025360901 -0.0000021631 0.0025152944
1403636900.70261 0.211836 -0.344365 0.377608 0.819367 -0.094199 0.561474 0.067164 0.0003490955 0.0000013137 -0.0001337165 0.0000033856 -0.0000006849 0.0000553678 0.0025698906 0.0000300821 -0.0000019012 0.0025369674 -0.0000024370 0.0025156844
1403636900.75259 0.214473 -0.358132 0.383775 0.821857 -0.093875 0.558114 0.065166 0.0003466746 0.0000005343 -0.0001363531 0.0000033470 -0.0000003870 0.0000577638 0.0025735793 0.0000315613 -0.0000018148 0.0025378093 -0.0000026643 0.0025160471
1403636900.80258 0.219790 -0.372986 0.387994 0.823155 -0.094727 0.556403 0.062117 0.0003453873 -0.0000013006 -0.0001377074 0.0000033232 0.0000003491 0.0000589945 0.0025777673 0.0000331509 -0.0000018073 0.0025384018 -0.0000028947 0.0025164057
1403636900.85253 0.225900 -0.386203 0.390889 0.822197 -0.095650 0.557937 0.059571 0.0003462065 -0.0000035357 -0.0001368293 0.0000033310 0.0000012368 0.0000581218 0.0025826518 0.0000353019 -0.0000018329 0.0025397265 -0.0000030883 0.0025167626
1403636900.90256 0.233889 -0.400193 0.392716 0.820951 -0.098249 0.559852 0.054337 0.0003470320 -0.0000079651 -0.0001357892 0.0000034603 0.0000029716 0.0000571264 0.0025872892 0.0000374281 -0.0000018584 0.0025411879 -0.0000032472 0.0025170532
1403636900.95259 0.243042 -0.415606 0.394100 0.819210 -0.099528 0.562440 0.051489 0.0003484055 -0.0000104614 -0.0001341582 0.0000035712 0.0000038916 0.0000555955 0.0025924374 0.0000400902 -0.0000018789 0.0025430939 -0.0000033714 0.0025172735
1403636901.00256 0.249887 -0.431575 0.394798 0.817563 -0.100670 0.564757 0.050049 0.0003495619 -0.0000122633 -0.0001327512 0.0000036382 0.0000045658 0.0000542282 0.0025969909 0.0000434516 -0.0000014758 0.0025451171 -0.0000035122 0.0025172727
1403636901.05257 0.259163 -0.449285 0.393830 0.816745 -0.101671 0.565933 0.048072 0.0003501515 -0.0000138385 -0.0001319551 0.0000037293 0.0000051282 0.0000534976 0.0026030619 0.0000462040 -0.0000014871 0.0025468109 -0.0000035797 0.0025173382
1403636901.10257 0.269108 -0.467818 0.392188 0.815772 -0.102826 0.567284 0.046172 0.0003507840 -0.0000156652 -0.0001310522 0.0000038606 0.0000057710 0.0000526931 0.0026102208 0.0000496939 -0.0000014918 0.0025491004 -0.0000036576 0.0025174538
1403636901.15254 0.279254 -0.487346 0.389846 0.815357 -0.103432 0.567831 0.045406 0.0003510143 -0.0000164670 -0.0001307042 0.0000039097 0.0000060524 0.0000523694 0.0026179704 0.0000535378 -0.0000014855 0.0025516298 -0.0000036983 0.0025175103
1403636901.20255 0.289734 -0.507545 0.387248 0.814800 -0.103522 0.568622 0.045306 0.0003515134 -0.0000167082 -0.0001301128 0.0000039081 0.0000061093 0.0000518346 0.0026264259 0.0000577471 -0.0000014965 0.0025544079 -0.0000037689 0.0025176063
1403636901.25256 0.300385 -0.530322 0.385820 0.814793 -0.102529 0.568690 0.046815 0.0003517650 -0.0000151545 -0.0001300215 0.0000037422 0.0000055264 0.0000517169 0.0026355423 0.0000622916 -0.0000015111 0.0025573117 -0.0000037980 0.0025177458
1403636901.30257 0.310304 -0.552681 0.386178 0.814693 -0.100932 0.568924 0.049125 0.0003522178 -0.0000133073 -0.0001297072 0.0000035700 0.0000048248 0.0000514148 0.0026461159 0.0000670425 -0.0000014715 0.0025603380 -0.0000038848 0.0025179435
1403636901.35257 0.319369 -0.576270 0.386778 0.814700 -0.099943 0.568949 0.050720 0.0003524209 -0.0000118662 -0.0001296191 0.0000034462 0.0000042904 0.0000513170 0.0026569731 0.0000718815 -0.0000013981 0.0025636054 -0.0000040106 0.0025181733
1403636901.40259 0.330788 -0.601623 0.389449 0.814850 -0.098679 0.568762 0.052838 0.0003525577 -0.0000100042 -0.0001296227 0.0000033088 0.0000036047 0.0000512928 0.0026689040 0.0000773368 -0.0000013578 0.0025672717 -0.0000041623 0.0025184038
1403636901.45260 0.343579 -0.626804 0.393339 0.814928 -0.097195 0.568672 0.055293 0.0003527826 -0.0000078221 -0.0001295186 0.0000031764 0.0000028005 0.0000511734 0.0026821104 0.0000836400 -0.0000012048 0.0025717088 -0.0000043266 0.0025186443
1403636901.50260 0.355027 -0.652977 0.399065 0.814955 -0.095382 0.568658 0.058128 0.0003530101 -0.0000053906 -0.0001293848 0.0000030678 0.0000019020 0.0000510344 0.0026956504 0.0000901900 -0.0000011167 0.0025764219 -0.0000045625 0.0025189452
1403636901.55260 0.366513 -0.679468 0.404218 0.815148 -0.094059 0.568353 0.060509 0.0003530266 -0.0000033524 -0.0001294422 0.0000030006 0.0000011531 0.0000510646 0.0027102442 0.0000968384 -0.0000010270 0.0025810307 -0.0000048358 0.0025192743
1403636901.60259 0.377341 -0.705782 0.408198 0.814858 -0.093216 0.568766 0.061820 0.0003533674 -0.0000022782 -0.0001290784 0.0000029662 0.0000007607 0.0000507168 0.0027253068 0.0001038773 -0.0000009042 0.0025855714 -0.0000051785 0.0025196080
1403636901.65261 0.389157 -0.732334 0.410475 0.813892 -0.092618 0.570128 0.062893 0.0003543193 -0.0000014827 -0.0001279751 0.0000029440 0.0000004652 0.0000497725 0.0027409455 0.0001107298 -0.0000008198 0.0025902901 -0.0000054915 0.0025199901
1403636901.70261 0.400471 -0.759885 0.411070 0.813179 -0.092834 0.571108 0.062915 0.0003549118 -0.0000016375 -0.0001272759 0.0000029328 0.0000005215 0.0000491784 0.0027573468 0.0001180819 -0.0000007362 0.0025954182 -0.0000058140 0.0025203747
1403636901.75258 0.412146 -0.786975 0.410105 0.812689 -0.093590 0.571837 0.061475 0.0003552522 -0.0000029280 -0.0001268538 0.0000029367 0.0000009883 0.0000488215 0.0027749191 0.0001256873 -0.0000006561 0.0026006204 -0.0000061432 0.0025207407
1403636901.80254 0.423862 -0.814530 0.408015 0.812663 -0.093532 0.571833 0.061948 0.0003552709 -0.0000026207 -0.0001268494 0.0000029205 0.0000008812 0.0000488070 0.0027929174 0.0001335741 -0.0000005839 0.0026060815 -0.0000064590 0.0025210793
1403636901.85255 0.435106 -0.843254 0.404314 0.812762 -0.093236 0.571701 0.062313 0.0003551978 -0.0000021761 -0.0001269591 0.0000029024 0.0000007242 0.0000488819 0.0028115350 0.0001416991 -0.0000005460 0.0026114118 -0.0000067573 0.0025213814
1403636901.90252 0.446435 -0.871002 0.399853 0.812753 -0.092893 0.571750 0.062493 0.0003552413 -0.0000020422 -0.0001269214 0.0000028899 0.0000006780 0.0000488389 0.0028316737 0.0001501448 -0.0000004914 0.0026169656 -0.0000069920 0.0025216488
1403636901.95251 0.455361 -0.899268 0.393789 0.812898 -0.092447 0.571544 0.063156 0.0003551307 -0.0000013840 -0.0001270754 0.0000028712 0.0000004417 0.0000489492 0.0028512615 0.0001584089 -0.0000004585 0.0026221470 -0.0000071315 0.0025218339
1403636902.00251 0.465893 -0.926266 0.388008 0.812676 -0.091520 0.571922 0.063932 0.0003554688 -0.0000006481 -0.0001266871 0.0000028576 0.0000001763 0.0000486141 0.0028721771 0.0001663925 -0.0000004079 0.0026270811 -0.0000072683 0.0025220318
1403636902.05251 0.475906 -0.953534 0.382771 0.812753 -0.090643 0.571916 0.064259 0.0003554982 -0.0000000516 -0.0001266679 0.0000028476 -0.0000000370 0.0000485865 0.0028930017 0.0001750470 -0.0000003375 0.0026327913 -0.0000073770 0.0025222274
1403636902.10251 0.485509 -0.980432 0.379196 0.812250 -0.090191 0.572682 0.064433 0.0003559886 0.0000001645 -0.0001260869 0.0000028398 -0.0000001136 0.0000480965 0.0029144160 0.0001835863 -0.0000002788 0.0026382712 -0.0000074573 0.0025224085
1403636902.15251 0.495993 -1.007482 0.377349 0.812436 -0.089295 0.572501 0.064938 0.0003559277 0.0000008820 -0.0001261750 0.0000028354 -0.0000003695 0.0000481570 0.0029363512 0.0001927015 -0.0000002285 0.0026442339 -0.0000075499 0.0025226113
1403636902.20251 0.505515 -1.034127 0.376999 0.812658 -0.089003 0.572223 0.065008 0.0003557654 0.0000010875 -0.0001263879 0.0000028303 -0.0000004438 0.0000483197 0.0029586819 0.0002016673 -0.0000001896 0.0026498585 -0.0000076548 0.0025228182
1403636902.25250 0.514645 -1.060534 0.377357 0.812618 -0.090054 0.572228 0.064008 0.0003557078 0.0000000423 -0.0001264800 0.0000028214 -0.0000000700 0.0000483826 0.0029814298 0.0002104927 -0.0000001581 0.0026552360 -0.0000077746 0.0025230552
1403636902.30251 0.524364 -1.085917 0.378018 0.812580 -0.091377 0.572203 0.062829 0.0003556282 -0.0000013015 -0.0001265886 0.0000028224 0.0000004118 0.0000484611 0.0030044624 0.0002191853 -0.0000001473 0.0026604135 -0.0000078753 0.0025232953
1403636902.35252 0.531293 -1.111450 0.375526 0.812752 -0.092417 0.571845 0.062333 0.0003553944 -0.0000019885 -0.0001268787 0.0000028245 0.0000006593 0.0000486884 0.0030269443 0.0002283046 -0.0000001433 0.0026653952 -0.0000079056 0.0025234426
1403636902.40252 0.539450 -1.137174 0.369584 0.813036 -0.093474 0.571255 0.062469 0.0003550310 -0.0000023076 -0.0001273297 0.0000028250 0.0000007761 0.0000490534 0.0030506623 0.0002364036 -0.0000001228 0.0026697830 -0.0000079706 0.0025236617
1403636902.45253 0.546428 -1.162590 0.360067 0.813375 -0.094041 0.570558 0.063559 0.0003546940 -0.0000018203 -0.0001277603 0.0000028166 0.0000006000 0.0000494023 0.0030750214 0.0002451602 -0.0000001514 0.0026745832 -0.0000079674 0.0025238576
1403636902.50255 0.552793 -1.187368 0.346968 0.813801 -0.093975 0.569750 0.065434 0.0003543490 -0.0000005318 -0.0001282052 0.0000028067 0.0000001324 0.0000497671 0.0030995141 0.0002536279 -0.0000002046 0.0026787875 -0.0000078724 0.0025240094
1403636902.55262 0.558123 -1.209735 0.331605 0.813449 -0.093523 0.569948 0.068653 0.0003547337 0.0000016212 -0.0001277585 0.0000028112 -0.0000006510 0.0000493852 0.0031237162 0.0002620577 -0.0000002792 0.0026826793 -0.0000076209 0.0025240928
1403636902.60270 0.564180 -1.232667 0.317324 0.814080 -0.092734 0.568766 0.071968 0.0003542616 0.0000040501 -0.0001282877 0.0000028475 -0.0000015425 0.0000498254 0.0031453196 0.0002697044 -0.0000005009 0.0026852563 -0.0000071905 0.0025240683
1403636902.65265 0.570972 -1.254665 0.304069 0.813739 -0.091956 0.568935 0.075404 0.0003545641 0.0000065044 -0.0001278491 0.0000029195 -0.0000024287 0.0000494594 0.0031681549 0.0002777163 -0.0000005733 0.0026884059 -0.0000068290 0.0025241489
1403636902.70252 0.571451 -1.274238 0.289418 0.813109 -0.092489 0.569510 0.077191 0.0003549890 0.0000074757 -0.0001273027 0.0000029554 -0.0000027672 0.0000489931 0.0031891123 0.0002868689 -0.0000009189 0.0026905075 -0.0000063652 0.0025240925
1403636902.75235 0.578327 -1.295467 0.280279 0.812466 -0.093113 0.570171 0.078321 0.0003555582 0.0000076361 -0.0001266285 0.0000029613 -0.0000028072 0.0000484287 0.0032087583 0.0002909904 -0.0000009804 0.0026907194 -0.0000059872 0.0025241976
1403636902.80233 0.585025 -1.317325 0.273326 0.812359 -0.094159 0.570218 0.077838 0.0003555771 0.0000068609 -0.0001266719 0.0000029285 -0.0000025312 0.0000484546 0.0032305103 0.0002991992 -0.0000010362 0.0026943247 -0.0000055962 0.0025243319
1403636902.85222 0.591945 -1.339997 0.268679 0.811263 -0.094155 0.571837 0.077390 0.0003565476 0.0000064451 -0.0001255309 0.0000029118 -0.0000023561 0.0000475133 0.0032533398 0.0003076919 -0.0000010962 0.0026980139 -0.0000052361 0.0025244961
1403636902.90216 0.598739 -1.363826 0.265836 0.810140 -0.093985 0.573589 0.076391 0.0003575598 0.0000057302 -0.0001243323 0.0000028859 -0.0000020785 0.0000465395 0.0032772781 0.0003163056 -0.0000011447 0.0027017336 -0.0000049448 0.0025246731
1403636902.95215 0.604737 -1.387383 0.263908 0.809599 -0.093543 0.574504 0.075789 0.0003580853 0.0000055246 -0.0001237023 0.0000028770 -0.0000019952 0.0000460312 0.0033030180 0.0003254924 -0.0000012058 0.0027048519 -0.0000046500 0.0025247785
1403636903.00216 0.611701 -1.413028 0.265222 0.810353 -0.093277 0.573616 0.074778 0.0003575086 0.0000050175 -0.0001244682 0.0000028591 -0.0000018349 0.0000466343 0.0033289027 0.0003337801 -0.0000012729 0.0027077110 -0.0000045478 0.0025249675
1403636903.05217 0.617722 -1.437171 0.267941 0.810289 -0.092939 0.573885 0.073822 0.0003576118 0.0000045765 -0.0001243771 0.0000028433 -0.0000016813 0.0000465547 0.0033578182 0.0003440547 -0.0000012813 0.0027115689 -0.0000045722 0.0025252324
1403636903.10213 0.623959 -1.460543 0.273279 0.810936 -0.092447 0.573218 0.072515 0.0003571436 0.0000040649 -0.0001249983 0.0000028257 -0.0000015142 0.0000470473 0.0033854690 0.0003536119 -0.0000012934 0.0027149650 -0.0000045832 0.0025255376
1403636903.15214 0.630479 -1.485672 0.280925 0.811488 -0.091966 0.572639 0.071513 0.0003567031 0.0000037831 -0.0001255720 0.0000028130 -0.0000014268 0.0000475035 0.0034128300 0.0003636777 -0.0000013099 0.0027179835 -0.0000047425 0.0025258250
1403636903.20222 0.637093 -1.513792 0.290432 0.811921 -0.091651 0.572226 0.070295 0.0003563745 0.0000032607 -0.0001260096 0.0000027939 -0.0000012514 0.0000478498 0.0034424263 0.0003737254 -0.0000013055 0.0027194760 -0.0000049900 0.0025261245
1403636903.25220 0.642561 -1.536258 0.302366 0.813026 -0.090769 0.570895 0.069494 0.0003555437 0.0000032152 -0.0001270411 0.0000027864 -0.0000012507 0.0000486936 0.0034765996 0.0003842719 -0.0000012861 0.0027219141 -0.0000050915 0.0025265454
1403636903.30220 0.647076 -1.557263 0.315228 0.813837 -0.089484 0.569916 0.069691 0.0003549628 0.0000039793 -0.0001277299 0.0000027953 -0.0000015401 0.0000492620 0.0035041359 0.0003929503 -0.0000012687 0.0027235023 -0.0000052760 0.0025269156
1403636903.35220 0.651514 -1.577541 0.327764 0.814607 -0.088440 0.568936 0.070036 0.0003543741 0.0000047219 -0.0001284260 0.0000028091 -0.0000018251 0.0000498440 0.0035306147 0.0004013909 -0.0000012281 0.0027254585 -0.0000054822 0.0025273049
1403636903.40220 0.655936 -1.597091 0.338879 0.815160 -0.086551 0.568294 0.071173 0.0003540349 0.0000062639 -0.0001287817 0.0000028543 -0.0000023999 0.0000501468 0.0035563438 0.0004095204 -0.0000011645 0.0027274626 -0.0000057663 0.0025276949
1403636903.45219 0.660087 -1.616628 0.347766 0.815840 -0.085478 0.567426 0.071604 0.0003534914 0.0000070869 -0.0001293978 0.0000028837 -0.0000027205 0.0000506700 0.0035813492 0.0004173983 -0.0000010915 0.0027295844 -0.0000061016 0.0025281010
1403636903.50218 0.664583 -1.634922 0.355299 0.815761 -0.084956 0.567619 0.071590 0.0003536261 0.0000072447 -0.0001292517 0.0000028889 -0.0000027756 0.0000505446 0.0036067374 0.0004251981 -0.0000010030 0.0027323387 -0.0000064258 0.0025285219
1403636903.55218 0.669098 -1.652467 0.361378 0.815899 -0.084215 0.567531 0.071588 0.0003535728 0.0000075519 -0.0001293172 0.0000029012 -0.0000028914 0.0000506001 0.0036302279 0.0004328426 -0.0000009086 0.0027352445 -0.0000067692 0.0025289144
1403636903.60216 0.673912 -1.670398 0.365600 0.816356 -0.084166 0.566967 0.070900 0.0003531809 0.0000072177 -0.0001298147 0.0000028867 -0.0000027819 0.0000510229 0.0036532456 0.0004402875 -0.0000008070 0.0027384089 -0.0000071063 0.0025293043
1403636903.65215 0.679211 -1.688823 0.367349 0.817938 -0.085087 0.564767 0.069105 0.0003517027 0.0000059675 -0.0001315979 0.0000028393 -0.0000023590 0.0000525652 0.0036767368 0.0004480423 -0.0000007265 0.0027417252 -0.0000074124 0.0025297102
1403636903.70215 0.685246 -1.707261 0.367791 0.819069 -0.086438 0.563220 0.066611 0.0003505979 0.0000039987 -0.0001329365 0.0000027816 -0.0000016371 0.0000537429 0.0037014931 0.0004565266 -0.0000006749 0.0027454219 -0.0000076899 0.0025301084
1403636903.75215 0.692178 -1.726238 0.367122 0.820587 -0.087238 0.561069 0.065018 0.0003491295 0.0000029054 -0.0001346043 0.0000027581 -0.0000012387 0.0000552498 0.0037266915 0.0004658455 -0.0000006442 0.0027497075 -0.0000079213 0.0025305119
1403636903.80217 0.701684 -1.747440 0.366970 0.821197 -0.088971 0.560277 0.061720 0.0003484238 0.0000002360 -0.0001354119 0.0000027306 -0.0000002026 0.0000559900 0.0037529627 0.0004763312 -0.0000006330 0.0027545266 -0.0000081002 0.0025309293
1403636903.85221 0.710521 -1.767403 0.367544 0.821690 -0.091138 0.559571 0.058314 0.0003476850 -0.0000025984 -0.0001361947 0.0000027459 0.0000009147 0.0000567211 0.0037835335 0.0004900809 -0.0000005985 0.0027616545 -0.0000083078 0.0025313962
1403636903.90223 0.720365 -1.787605 0.370916 0.820946 -0.091868 0.560635 0.057410 0.0003482814 -0.0000035730 -0.0001355417 0.0000027578 0.0000012885 0.0000561135 0.0038123153 0.0005027831 -0.0000005835 0.0027675937 -0.0000083870 0.0025317601
1403636903.95223 0.729622 -1.807367 0.375649 0.819909 -0.093258 0.562163 0.054994 0.0003491021 -0.0000057952 -0.0001345889 0.0000028149 0.0000021392 0.0000552463 0.0038414942 0.0005159004 -0.0000004977 0.0027746796 -0.0000085840 0.0025322302
1403636904.00222 0.739009 -1.827398 0.382114 0.818782 -0.093864 0.563775 0.054254 0.0003500771 -0.0000066648 -0.0001334893 0.0000028432 0.0000024489 0.0000542514 0.0038711223 0.0005285192 -0.0000003907 0.0027813559 -0.0000087870 0.0025326999
1403636904.05221 0.748779 -1.848337 0.390729 0.817315 -0.094577 0.565898 0.053022 0.0003513344 -0.0000079298 -0.0001320249 0.0000028929 0.0000028912 0.0000529502 0.0039014146 0.0005412052 -0.0000002901 0.0027879689 -0.0000089695 0.0025331456
1403636904.10222 0.759078 -1.870202 0.400510 0.816563 -0.095365 0.566925 0.052209 0.0003519019 -0.0000088554 -0.0001313324 0.0000029344 0.0000032194 0.0000523465 0.0039340546 0.0005551876 -0.0000001498 0.0027954076 -0.0000092090 0.0025336496
1403636904.15222 0.769649 -1.893185 0.412026 0.816638 -0.096343 0.566777 0.050844 0.0003516557 -0.0000100820 -0.0001315333 0.0000029980 0.0000036900 0.0000525326 0.0039683228 0.0005696220 0.0000000079 0.0028029853 -0.0000094726 0.0025341832
1403636904.20222 0.779949 -1.917033 0.424895 0.815699 -0.097472 0.568052 0.049512 0.0003523068 -0.0000115170 -0.0001306776 0.0000030825 0.0000041958 0.0000517983 0.0040046725 0.0005841695 0.0000001883 0.0028103348 -0.0000097553 0.0025347548
1403636904.25222 0.789607 -1.941065 0.438333 0.815252 -0.097406 0.568617 0.050499 0.0003527798 -0.0000109517 -0.0001301870 0.0000030428 0.0000039644 0.0000513671 0.0040428861 0.0005987327 0.0000003788 0.0028174358 -0.0000100544 0.0025353549
1403636904.30222 0.798879 -1.964800 0.451747 0.814830 -0.098073 0.569156 0.049944 0.0003530789 -0.0000116501 -0.0001297846 0.0000030848 0.0000042086 0.0000510276 0.0040816993 0.0006134722 0.0000005716 0.0028246536 -0.0000103615 0.0025359811
1403636904.35219 0.808075 -1.988797 0.464258 0.814329 -0.097977 0.569832 0.050598 0.0003535828 -0.0000112819 -0.0001292291 0.0000030577 0.0000040496 0.0000505483 0.0041206912 0.0006281442 0.0000007711 0.0028318504 -0.0000107083 0.0025366025
1403636904.40215 0.818077 -2.013580 0.475440 0.813898 -0.097553 0.570384 0.052117 0.0003540912 -0.0000102963 -0.0001287106 0.0000029940 0.0000036665 0.0000500955 0.0041605225 0.0006429535 0.0000009779 0.0028390565 -0.0000110884 0.0025371889
1403636904.45210 0.825962 -2.038343 0.486340 0.813935 -0.096105 0.570351 0.054533 0.0003543131 -0.0000082065 -0.0001285993 0.0000028799 0.0000028961 0.0000499812 0.0042018579 0.0006590369 0.0000012573 0.0028468939 -0.0000115548 0.0025377177
1403636904.50200 0.834536 -2.066048 0.495887 0.813840 -0.096386 0.570374 0.055212 0.0003543456 -0.0000078649 -0.0001285831 0.0000028608 0.0000027714 0.0000499636 0.0042435181 0.0006731507 0.0000014920 0.0028533005 -0.0000119557 0.0025382301
1403636904.55199 0.843141 -2.093950 0.503796 0.813986 -0.095815 0.570066 0.057198 0.0003543435 -0.0000064106 -0.0001286726 0.0000028010 0.0000022421 0.0000500297 0.0042910976 0.0006891475 0.0000017283 0.0028604642 -0.0000123376 0.0025388446
1403636904.60196 0.851743 -2.122726 0.510762 0.814006 -0.094877 0.569986 0.059237 0.0003544811 -0.0000047512 -0.0001285890 0.0000027475 0.0000016339 0.0000499511 0.0043393220 0.0007054866 0.0000019597 0.0028678165 -0.0000126910 0.0025394400
1403636904.65196 0.860419 -2.152136 0.517167 0.814410 -0.094333 0.569266 0.061434 0.0003542075 -0.0000031238 -0.0001289693 0.0000027105 0.0000010437 0.0000502679 0.0043897280 0.0007223004 0.0000021762 0.0028752094 -0.0000130229 0.0025400342
1403636904.70195 0.869031 -2.182130 0.523825 0.814478 -0.093915 0.569009 0.063522 0.0003542049 -0.0000016645 -0.0001290075 0.0000026900 0.0000005090 0.0000502971 0.0044416691 0.0007396140 0.0000023935 0.0028827479 -0.0000133317 0.0025406297
1403636904.75195 0.878029 -2.212509 0.530105 0.814385 -0.093649 0.568996 0.065187 0.0003543233 -0.0000005343 -0.0001288849 0.0000026818 0.0000000943 0.0000501914 0.0044951502 0.0007572444 0.0000025823 0.0028901871 -0.0000135812 0.0025411831
1403636904.80194 0.886944 -2.242571 0.535869 0.814464 -0.093206 0.568723 0.067191 0.0003542978 0.0000008986 -0.0001289225 0.0000026833 -0.0000004308 0.0000502236 0.0045499842 0.0007755655 0.0000027787 0.0028981952 -0.0000138765 0.0025418029
1403636904.85193 0.895635 -2.272624 0.540859 0.814654 -0.092970 0.568278 0.068968 0.0003541443 0.0000021259 -0.0001290989 0.0000026941 -0.0000008822 0.0000503754 0.0046047507 0.0007937112 0.0000029664 0.0029061028 -0.0000141743 0.0025424363
1403636904.90192 0.904220 -2.302649 0.544862 0.815032 -0.092249 0.567555 0.071373 0.0003538468 0.0000039601 -0.0001294151 0.0000027263 -0.0000015610 0.0000506500 0.0046600079 0.0008119892 0.0000031417 0.0029140244 -0.0000144481 0.0025430425
1403636904.95191 0.912864 -2.331939 0.547352 0.815257 -0.091976 0.567037 0.073244 0.0003536549 0.0000052627 -0.0001296044 0.0000027614 -0.0000020456 0.0000508179 0.0047155636 0.0008302078 0.0000033198 0.0029218737 -0.0000147355 0.0025436942
1403636905.00191 0.921529 -2.360935 0.548443 0.815033 -0.092184 0.567162 0.074500 0.0003538200 0.0000059217 -0.0001293946 0.0000027833 -0.0000022849 0.0000506422 0.0047708111 0.0008486623 0.0000034727 0.0029298738 -0.0000149934 0.0025443446
1403636905.05193 0.929943 -2.388973 0.548252 0.814835 -0.093096 0.567275 0.074674 0.0003539261 0.0000056460 -0.0001292935 0.0000027750 -0.0000021816 0.0000505549 0.0048256775 0.0008672142 0.0000035938 0.0029379475 -0.0000152442 0.0025450100
1403636905.10193 0.938952 -2.417239 0.548548 0.814497 -0.092468 0.567494 0.077425 0.0003542196 0.0000075628 -0.0001288612 0.0000028480 -0.0000028771 0.0000501988 0.0048797530 0.0008856816 0.0000036422 0.0029457556 -0.0000153487 0.0025455691
1403636905.15193 0.948166 -2.444159 0.549883 0.813919 -0.093361 0.568124 0.077814 0.0003546858 0.0000073066 -0.0001283364 0.0000028386 -0.0000027697 0.0000497544 0.0049342348 0.0009047640 0.0000037126 0.0029542723 -0.0000155204 0.0025462204
1403636905.20194 0.956977 -2.470734 0.551827 0.813958 -0.092981 0.567857 0.079787 0.0003546351 0.0000087274 -0.0001283181 0.0000029048 -0.0000032893 0.0000497486 0.0049878153 0.0009246421 0.0000037018 0.0029633259 -0.0000155984 0.0025467816
1403636905.25193 0.966495 -2.495894 0.555289 0.814449 -0.093290 0.566943 0.080905 0.0003541341 0.0000093143 -0.0001288815 0.0000029370 -0.0000035242 0.0000502301 0.0050401236 0.0009433339 0.0000037481 0.0029720038 -0.0000157789 0.0025473839
1403636905.30195 0.976014 -2.520017 0.559939 0.814982 -0.093319 0.565940 0.082508 0.0003536010 0.0000103710 -0.0001294390 0.0000029987 -0.0000039355 0.0000507145 0.0050898390 0.0009622497 0.0000038076 0.0029812081 -0.0000159826 0.0025480082
1403636905.35197 0.985314 -2.542797 0.565702 0.816122 -0.094405 0.564112 0.082521 0.0003524680 0.0000101059 -0.0001307839 0.0000029855 -0.0000038903 0.0000518721 0.0051373705 0.0009807947 0.0000038069 0.0029901973 -0.0000161708 0.0025485960
1403636905.40198 0.995079 -2.564970 0.573510 0.817566 -0.094182 0.561933 0.083355 0.0003511287 0.0000109293 -0.0001322519 0.0000030380 -0.0000042615 0.0000531717 0.0051824167 0.0009985457 0.0000038599 0.0029989014 -0.0000164244 0.0025492224
1403636905.45200 1.005383 -2.586627 0.583010 0.818246 -0.092150 0.561229 0.083692 0.0003506490 0.0000120736 -0.0001327005 0.0000031151 -0.0000047186 0.0000535854 0.0052262905 0.0010171395 0.0000039326 0.0030080918 -0.0000166986 0.0025498652
1403636905.50201 1.016224 -2.608685 0.593560 0.819134 -0.088888 0.560551 0.083069 0.0003500861 0.0000131656 -0.0001332323 0.0000031955 -0.0000051636 0.0000540778 0.0052694515 0.0010363101 0.0000039942 0.0030174357 -0.0000170210 0.0025504603
1403636905.55201 1.027751 -2.630333 0.604087 0.819680 -0.085456 0.560319 0.082846 0.0003498252 0.0000144974 -0.0001333911 0.0000033026 -0.0000056854 0.0000542410 0.0053145794 0.0010565316 0.0000040817 0.0030272110 -0.0000174560 0.0025510316
1403636905.60201 1.039789 -2.651682 0.613119 0.820096 -0.082119 0.560222 0.082763 0.0003496460 0.0000158641 -0.0001334402 0.0000034232 -0.0000062164 0.0000543074 0.0053595168 0.0010775253 0.0000041959 0.0030375250 -0.0000179341 0.0025515952
1403636905.65200 1.052235 -2.674409 0.620090 0.820536 -0.080434 0.560156 0.080475 0.0003494467 0.0000152298 -0.0001337375 0.0000033661 -0.0000059894 0.0000545667 0.0054037544 0.0010992867 0.0000043074 0.0030476663 -0.0000184254 0.0025520919
1403636905.70200 1.064640 -2.694239 0.624586 0.820989 -0.079619 0.559993 0.077754 0.0003492071 0.0000139043 -0.0001341479 0.0000032553 -0.0000054981 0.0000549219 0.0054517172 0.0011217691 0.0000044028 0.0030591650 -0.0000188136 0.0025527452
1403636905.75199 1.077752 -2.713062 0.627453 0.820873 -0.079037 0.560660 0.074711 0.0003495083 0.0000122227 -0.0001339837 0.0000031283 -0.0000048366 0.0000547516 0.0054938105 0.0011438442 0.0000044497 0.0030713406 -0.0000191480 0.0025533084
1403636905.80199 1.091760 -2.731112 0.628437 0.821259 -0.078689 0.560472 0.072198 0.0003492658 0.0000108460 -0.0001343605 0.0000030363 -0.0000043198 0.0000550805 0.0055340461 0.0011663051 0.0000044083 0.0030834770 -0.0000194375 0.0025537219
1403636905.85198 1.106216 -2.748365 0.627735 0.821694 -0.078020 0.560174 0.070260 0.0003489668 0.0000099671 -0.0001347557 0.0000029837 -0.0000039936 0.0000554342 0.0055727573 0.0011891034 0.0000043633 0.0030966402 -0.0000195926 0.0025541365
1403636905.90198 1.121108 -2.765199 0.625664 0.822338 -0.077387 0.559550 0.068372 0.0003484596 0.0000091327 -0.0001353636 0.0000029378 -0.0000036899 0.0000559877 0.0056095806 0.0012122546 0.0000043292 0.0031102583 -0.0000196722 0.0025545545
1403636905.95195 1.137050 -2.781711 0.622531 0.823446 -0.076972 0.558189 0.066619 0.0003474686 0.0000083362 -0.0001364749 0.0000028972 -0.0000034145 0.0000570176 0.0056462117 0.0012364420 0.0000042493 0.0031245526 -0.0000196949 0.0025549054
1403636906.00192 1.153431 -2.797162 0.617802 0.824895 -0.076009 0.556294 0.065642 0.0003461452 0.0000083044 -0.0001378682 0.0000028953 -0.0000034486 0.0000583402 0.0056827270 0.0012619872 0.0000041575 0.0031400958 -0.0000196901 0.0025552180
1403636906.05192 1.169583 -2.812012 0.611394 0.826404 -0.074136 0.554215 0.066383 0.0003447361 0.0000097397 -0.0001392263 0.0000029708 -0.0000040805 0.0000596690 0.0057174264 0.0012879210 0.0000041629 0.0031562707 -0.0000197006 0.0025555673
1403636906.10191 1.186202 -2.825053 0.603239 0.827221 -0.073090 0.553168 0.066097 0.0003439802 0.0000100997 -0.0001399652 0.0000029906 -0.0000042586 0.0000603975 0.0057500031 0.0013137862 0.0000041575 0.0031725480 -0.0000195637 0.0025558271
1403636906.15192 1.204340 -2.839341 0.596827 0.827546 -0.072178 0.552884 0.065399 0.0003437431 0.0000100564 -0.0001402015 0.0000029860 -0.0000042510 0.0000606294 0.0057786925 0.0013393643 0.0000041825 0.0031894174 -0.0000194471 0.0025560903
1403636906.20192 1.223592 -2.852864 0.592525 0.826506 -0.071464 0.554547 0.065254 0.0003448284 0.0000101279 -0.0001390844 0.0000029870 -0.0000042344 0.0000595300 0.0058112883 0.0013679670 0.0000042319 0.0032084434 -0.0000192653 0.0025563906
1403636906.25188 1.243888 -2.865421 0.590655 0.824082 -0.071093 0.558326 0.064080 0.0003472670 0.0000093011 -0.0001365858 0.0000029338 -0.0000038042 0.0000571201 0.0058411324 0.0013975960 0.0000041667 0.0032279279 -0.0000186736 0.0025564459
1403636906.30186 1.265535 -2.878778 0.590598 0.821070 -0.071061 0.562861 0.063108 0.0003502059 0.0000083927 -0.0001334451 0.0000028830 -0.0000033392 0.0000542150 0.0058693394 0.0014275494 0.0000042503 0.0032496992 -0.0000185113 0.0025567359
1403636906.35186 1.287126 -2.891802 0.592132 0.818619 -0.072243 0.566516 0.060847 0.0003524688 0.0000062093 -0.0001309987 0.0000027872 -0.0000024406 0.0000520275 0.0058992646 0.0014581439 0.0000043215 0.0032719668 -0.0000183413 0.0025570173
1403636906.40185 1.308767 -2.904181 0.595187 0.816802 -0.073830 0.569218 0.058091 0.0003540606 0.0000036194 -0.0001292320 0.0000027093 -0.0000014454 0.0000504897 0.0059291328 0.0014890460 0.0000044002 0.0032945427 -0.0000181530 0.0025572708
1403636906.45185 1.330374 -2.915552 0.599490 0.815420 -0.077918 0.571220 0.052220 0.0003549642 -0.0000019151 -0.0001281819 0.0000026769 0.0000005847 0.0000495970 0.0059577301 0.0015197795 0.0000045192 0.0033176528 -0.0000179675 0.0025576074
1403636906.50183 1.351985 -2.927174 0.604929 0.814812 -0.081997 0.572009 0.046509 0.0003550028 -0.0000072406 -0.0001279251 0.0000028089 0.0000025190 0.0000494033 0.0059852434 0.0015501078 0.0000046570 0.0033409243 -0.0000178388 0.0025579546
1403636906.55179 1.373123 -2.939051 0.609821 0.815402 -0.084799 0.571087 0.042281 0.0003540214 -0.0000109290 -0.0001288053 0.0000029930 0.0000038985 0.0000501753 0.0060138160 0.0015804853 0.0000048100 0.0033642360 -0.0000177573 0.0025583481
1403636906.60177 1.393742 -2.950887 0.613295 0.817134 -0.086306 0.568508 0.040510 0.0003522003 -0.0000124118 -0.0001307639 0.0000030863 0.0000045363 0.0000518762 0.0060440091 0.0016107190 0.0000049888 0.0033872506 -0.0000177053 0.0025588073
1403636906.65174 1.413480 -2.964111 0.615744 0.817892 -0.085472 0.567463 0.041638 0.0003516499 -0.0000112334 -0.0001314733 0.0000030003 0.0000041256 0.0000524877 0.0060745487 0.0016411105 0.0000051690 0.0034106009 -0.0000177520 0.0025592530
1403636906.70175 1.432562 -2.978465 0.617020 0.817866 -0.082756 0.567611 0.045434 0.0003521285 -0.0000077803 -0.0001311527 0.0000028056 0.0000028145 0.0000521774 0.0061083466 0.0016714267 0.0000053794 0.0034333362 -0.0000178189 0.0025596347
1403636906.75176 1.451912 -2.994331 0.616799 0.817874 -0.079723 0.567674 0.049737 0.0003525057 -0.0000038811 -0.0001308709 0.0000026696 0.0000013478 0.0000519096 0.0061453833 0.0017019955 0.0000056438 0.0034558332 -0.0000178954 0.0025599302
1403636906.80176 1.471087 -3.010860 0.615072 0.818350 -0.076670 0.567056 0.053599 0.0003523620 -0.0000001467 -0.0001310715 0.0000026207 -0.0000000473 0.0000520766 0.0061853792 0.0017339606 0.0000059309 0.0034792220 -0.0000179226 0.0025601335
1403636906.85171 1.490232 -3.026686 0.612199 0.818796 -0.074578 0.566493 0.055657 0.0003520986 0.0000020804 -0.0001313350 0.0000026243 -0.0000008805 0.0000523041 0.0062259679 0.0017661306 0.0000062279 0.0035025717 -0.0000178025 0.0025600999
1403636906.90169 1.509701 -3.042867 0.609421 0.819390 -0.072053 0.565743 0.057829 0.0003516966 0.0000045054 -0.0001317112 0.0000026624 -0.0000017954 0.0000526378 0.0062642683 0.0017978597 0.0000064778 0.0035260931 -0.0000175659 0.0025599188
1403636906.95171 1.529112 -3.058893 0.607407 0.819631 -0.070087 0.565519 0.059007 0.0003515937 0.0000060851 -0.0001317449 0.0000027055 -0.0000023903 0.0000526779 0.0063035042 0.0018306362 0.0000066819 0.0035508138 -0.0000174488 0.0025600903
1403636907.00171 1.548824 -3.074699 0.607260 0.819960 -0.068138 0.565209 0.059686 0.0003513874 0.0000073654 -0.0001318937 0.0000027497 -0.0000028757 0.0000528208 0.0063425409 0.0018636427 0.0000068543 0.0035758936 -0.0000172854 0.0025602565
1403636907.05172 1.568897 -3.090136 0.608707 0.820103 -0.067108 0.565167 0.059287 0.0003513155 0.0000075762 -0.0001319431 0.0000027539 -0.0000029544 0.0000528695 0.0063817896 0.0018975204 0.0000069912 0.0036019951 -0.0000171738 0.0025605320
1403636907.10173 1.588962 -3.105188 0.611310 0.820874 -0.066268 0.564180 0.058961 0.0003506396 0.0000078091 -0.0001326697 0.0000027597 -0.0000030624 0.0000535204 0.0064203112 0.0019312227 0.0000071040 0.0036282232 -0.0000170887 0.0025608477
1403636907.15173 1.609254 -3.120043 0.613984 0.822271 -0.064842 0.562248 0.059520 0.0003493686 0.0000088938 -0.0001339910 0.0000028079 -0.0000035204 0.0000547238 0.0064579010 0.0019649893 0.0000071892 0.0036548865 -0.0000170177 0.0025611195
1403636907.20173 1.630145 -3.134754 0.615444 0.824084 -0.064627 0.559723 0.058471 0.0003476414 0.0000085235 -0.0001358687 0.0000027860 -0.0000034384 0.0000564541 0.0064949417 0.0019994913 0.0000072622 0.0036825927 -0.0000169723 0.0025614382
1403636907.25173 1.652032 -3.149142 0.614928 0.825874 -0.064791 0.557199 0.057126 0.0003459015 0.0000078160 -0.0001377305 0.0000027488 -0.0000032161 0.0000582116 0.0065321609 0.0020353678 0.0000073209 0.0037118936 -0.0000169606 0.0025618130
1403636907.30174 1.674455 -3.163272 0.612591 0.827339 -0.064561 0.555194 0.055701 0.0003444886 0.0000071900 -0.0001392039 0.0000027173 -0.0000030059 0.0000596354 0.0065683570 0.0020724314 0.0000073744 0.0037429503 -0.0000169689 0.0025622034
1403636907.35173 1.697350 -3.177189 0.610127 0.827763 -0.065548 0.554713 0.052966 0.0003440490 0.0000051373 -0.0001397222 0.0000026385 -0.0000021783 0.0000601311 0.0066040006 0.0021103022 0.0000074393 0.0037752442 -0.0000169776 0.0025626393
1403636907.40172 1.721115 -3.190746 0.608581 0.828160 -0.067139 0.554239 0.049611 0.0003435668 0.0000024800 -0.0001402617 0.0000025743 -0.0000010936 0.0000606541 0.0066398712 0.0021489063 0.0000074748 0.0038085175 -0.0000169726 0.0025630851
1403636907.45172 1.745645 -3.204225 0.608900 0.828573 -0.068273 0.553696 0.047194 0.0003430562 0.0000006059 -0.0001407740 0.0000025523 -0.0000003211 0.0000611609 0.0066751952 0.0021890491 0.0000074776 0.0038438849 -0.0000169689 0.0025635330
1403636907.50174 1.770393 -3.217823 0.610680 0.828031 -0.070117 0.554578 0.043485 0.0003434289 -0.0000024198 -0.0001403582 0.0000025616 0.0000009291 0.0000607454 0.0067112667 0.0022304112 0.0000075127 0.0038805240 -0.0000169549 0.0025639838
1403636907.55176 1.796361 -3.231754 0.615088 0.828271 -0.072763 0.554170 0.039596 0.0003428538 -0.0000058553 -0.0001408121 0.0000026404 0.0000023580 0.0000612146 0.0067484961 0.0022721928 0.0000076136 0.0039176658 -0.0000169216 0.0025645093
1403636907.60176 1.823245 -3.246540 0.622412 0.827775 -0.073046 0.554963 0.038332 0.0003432862 -0.0000068094 -0.0001403104 0.0000026710 0.0000027411 0.0000607209 0.0067870191 0.0023162776 0.0000077036 0.0039570497 -0.0000168950 0.0025650426
1403636907.65177 1.850729 -3.262845 0.630948 0.827532 -0.074112 0.555286 0.036822 0.0003433551 -0.0000081818 -0.0001401458 0.0000027270 0.0000033036 0.0000605685 0.0068293161 0.0023633214 0.0000078112 0.0039987344 -0.0000168660 0.0025656339
1403636907.70176 1.879853 -3.281770 0.641747 0.827321 -0.075117 0.555565 0.035288 0.0003433769 -0.0000095365 -0.0001400161 0.0000027931 0.0000038589 0.0000604524 0.0068754572 0.0024129224 0.0000079292 0.0040420349 -0.0000168258 0.0025662658
1403636907.75177 1.909457 -3.302312 0.654274 0.827065 -0.075230 0.555964 0.034755 0.0003435830 -0.0000099304 -0.0001397584 0.0000028111 0.0000040124 0.0000602003 0.0069286634 0.0024657067 0.0000080523 0.0040865325 -0.0000167838 0.0025669577
1403636907.80177 1.939149 -3.323974 0.667167 0.826838 -0.076255 0.556244 0.033418 0.0003436418 -0.0000111477 -0.0001395857 0.0000028824 0.0000045063 0.0000600440 0.0069866677 0.0025217411 0.0000081578 0.0041330594 -0.0000166750 0.0025676961
1403636907.85176 1.969260 -3.345878 0.678119 0.826406 -0.076703 0.556862 0.032788 0.0003439636 -0.0000117856 -0.0001391848 0.0000029212 0.0000047505 0.0000596574 0.0070484378 0.0025790979 0.0000082891 0.0041801959 -0.0000166091 0.0025684686
1403636907.90176 2.000629 -3.368660 0.685298 0.825594 -0.076115 0.558121 0.033204 0.0003448233 -0.0000113654 -0.0001383170 0.0000028887 0.0000045400 0.0000588058 0.0071106848 0.0026388430 0.0000084713 0.0042306726 -0.0000166237 0.0025692652
1403636907.95179 2.033583 -3.391838 0.688283 0.823910 -0.073716 0.560753 0.035985 0.0003468202 -0.0000088580 -0.0001363908 0.0000027369 0.0000034573 0.0000569371 0.0071763627 0.0027019705 0.0000087208 0.0042849328 -0.0000167071 0.0025700411
1403636908.00181 2.067663 -3.415367 0.688608 0.822703 -0.070785 0.562661 0.039509 0.0003483511 -0.0000056612 -0.0001348996 0.0000026003 0.0000021568 0.0000555238 0.0072436386 0.0027667806 0.0000090413 0.0043415633 -0.0000168201 0.0025708517
1403636908.05180 2.101603 -3.438487 0.687133 0.821602 -0.066710 0.564436 0.043952 0.0003497984 -0.0000013384 -0.0001334079 0.0000025121 0.0000004627 0.0000541475 0.0073110586 0.0028327313 0.0000093944 0.0044002321 -0.0000169070 0.0025716163
1403636908.10179 2.135444 -3.461489 0.684309 0.820278 -0.064541 0.566515 0.045170 0.0003512051 0.0000003057 -0.0001318183 0.0000025057 -0.0000001652 0.0000527225 0.0073768988 0.0028983113 0.0000097086 0.0044591541 -0.0000168951 0.0025722330
1403636908.15179 2.167777 -3.483095 0.682138 0.819630 -0.062762 0.567592 0.045896 0.0003518906 0.0000014371 -0.0001310119 0.0000025099 -0.0000005870 0.0000520099 0.0074431367 0.0029637867 0.0000099860 0.0045179713 -0.0000168037 0.0025728260
1403636908.20183 2.198228 -3.503926 0.681760 0.818448 -0.060882 0.569471 0.046244 0.0003530916 0.0000022298 -0.0001295955 0.0000025167 -0.0000008708 0.0000507836 0.0075043225 0.0030249673 0.0000101944 0.0045736242 -0.0000166953 0.0025733945
1403636908.25182 2.228184 -3.526368 0.683120 0.818387 -0.059214 0.569723 0.046391 0.0003532359 0.0000029859 -0.0001293954 0.0000025270 -0.0000011466 0.0000506133 0.0075641744 0.0030835682 0.0000103689 0.0046271665 -0.0000167598 0.0025741093
1403636908.30182 2.257610 -3.549083 0.684150 0.818331 -0.058161 0.569953 0.045888 0.0003533523 0.0000031079 -0.0001292410 0.0000025282 -0.0000011881 0.0000504812 0.0076287087 0.0031441266 0.0000104610 0.0046814362 -0.0000167702 0.0025748768
1403636908.35182 2.286412 -3.571678 0.683457 0.818964 -0.056745 0.569194 0.045777 0.0003528547 0.0000037034 -0.0001297922 0.0000025387 -0.0000014134 0.0000509545 0.0076940947 0.0032048765 0.0000104809 0.0047356947 -0.0000167591 0.0025756270
1403636908.40181 2.315434 -3.594713 0.682171 0.819280 -0.056226 0.568891 0.044507 0.0003525962 0.0000031535 -0.0001300929 0.0000025264 -0.0000012112 0.0000512113 0.0077597799 0.0032653069 0.0000104173 0.0047894049 -0.0000167167 0.0025763799
1403636908.45181 2.344375 -3.617523 0.680054 0.820006 -0.055396 0.567999 0.043560 0.0003519650 0.0000030050 -0.0001308109 0.0000025210 -0.0000011624 0.0000518305 0.0078270156 0.0033278428 0.0000100911 0.0048440952 -0.0000163048 0.0025768837
1403636908.50181 2.372947 -3.639680 0.675928 0.820638 -0.054686 0.567232 0.042542 0.0003514333 0.0000027051 -0.0001314116 0.0000025142 -0.0000010544 0.0000523547 0.0078942098 0.0033907423 0.0000099209 0.0049005409 -0.0000162057 0.0025776479
1403636908.60181 2.431522 -3.683894 0.666779 0.821399 -0.052942 0.566406 0.041057 0.0003508330 0.0000025905 -0.0001320897 0.0000025130 -0.0000010146 0.0000529573 0.0080256701 0.0035167673 0.0000097181 0.0050163474 -0.0000160798 0.0025793354
1403636908.65181 2.460107 -3.706446 0.663680 0.822021 -0.051483 0.565656 0.040799 0.0003503207 0.0000030817 -0.0001326399 0.0000025178 -0.0000012055 0.0000534476 0.0080921023 0.0035786685 0.0000093069 0.0050717417 -0.0000158185 0.0025799301
1403636908.70181 2.488582 -3.728235 0.662689 0.823011 -0.051266 0.564312 0.039714 0.0003493849 0.0000025732 -0.0001336761 0.0000025061 -0.0000010197 0.0000543780 0.0081600048 0.0036419157 0.0000089441 0.0051288919 -0.0000156483 0.0025806025
1403636908.75182 2.517993 -3.749748 0.664062 0.824548 -0.051385 0.562162 0.038122 0.0003479023 0.0000016547 -0.0001352947 0.0000024923 -0.0000006743 0.0000558598 0.0082261009 0.0037057999 0.0000087604 0.0051881682 -0.0000155415 0.0025814053
1403636908.80182 2.547760 -3.771165 0.667155 0.825641 -0.051815 0.560642 0.036243 0.0003468200 0.0000004211 -0.0001364499 0.0000024830 -0.0000001908 0.0000569386 0.0082923201 0.0037711126 0.0000087114 0.0052505581 -0.0000155458 0.0025823713
1403636908.85183 2.578239 -3.791102 0.672948 0.827256 -0.052908 0.558286 0.034133 0.0003451386 -0.0000011911 -0.0001381975 0.0000024845 0.0000004582 0.0000586061 0.0083591322 0.0038381677 0.0000086887 0.0053148857 -0.0000155518 0.0025833491
1403636908.90182 2.609192 -3.810748 0.680774 0.828475 -0.052550 0.556518 0.033989 0.0003439353 -0.0000010232 -0.0001394256 0.0000024817 0.0000003967 0.0000598020 0.0084218548 0.0039056047 0.0000087442 0.0053817123 -0.0000156077 0.0025843712
1403636908.95182 2.640645 -3.831695 0.689800 0.829032 -0.052713 0.555753 0.032656 0.0003433730 -0.0000018484 -0.0001399783 0.0000024874 0.0000007397 0.0000603489 0.0084830766 0.0039721733 0.0000088241 0.0054480184 -0.0000156358 0.0025854476
1403636909.00181 2.673155 -3.853105 0.700284 0.829018 -0.052994 0.555798 0.031755 0.0003433509 -0.0000025082 -0.0001399810 0.0000024946 0.0000010122 0.0000603536 0.0085497393 0.0040437394 0.0000089334 0.0055183381 -0.0000156836 0.0025865837
1403636909.05181 2.705845 -3.874473 0.710789 0.828878 -0.054039 0.555985 0.030347 0.0003433959 -0.0000037979 -0.0001398973 0.0000025173 0.0000015422 0.0000602761 0.0086184516 0.0041170794 0.0000090725 0.0055902467 -0.0000157751 0.0025877589
1403636909.10181 2.738251 -3.895638 0.720095 0.829268 -0.055063 0.555374 0.029016 0.0003428956 -0.0000049778 -0.0001403558 0.0000025470 0.0000020372 0.0000607377 0.0086874539 0.0041918371 0.0000092267 0.0056640131 -0.0000158388 0.0025889673
1403636909.15182 2.769494 -3.914755 0.728381 0.829007 -0.055898 0.555735 0.027932 0.0003430524 -0.0000060069 -0.0001401485 0.0000025792 0.0000024574 0.0000605376 0.0087561373 0.0042658017 0.0000094172 0.0057359064 -0.0000160144 0.0025901348
1403636909.20182 2.802894 -3.935870 0.735155 0.829291 -0.056017 0.555280 0.028334 0.0003427673 -0.0000057971 -0.0001404355 0.0000025721 0.0000023785 0.0000608227 0.0088198721 0.0043364203 0.0000096589 0.0058081798 -0.0000162196 0.0025912915
1403636909.25181 2.837254 -3.958438 0.740620 0.829526 -0.056342 0.554895 0.028331 0.0003425072 -0.0000059060 -0.0001406831 0.0000025759 0.0000024306 0.0000610718 0.0088899250 0.0044125031 0.0000099232 0.0058856856 -0.0000164441 0.0025925121
1403636909.30180 2.872002 -3.981452 0.744650 0.829603 -0.057141 0.554712 0.028079 0.0003423392 -0.0000063679 -0.0001408225 0.0000025917 0.0000026263 0.0000612141 0.0089648858 0.0044933668 0.0000102215 0.0059667322 -0.0000167276 0.0025937685
1403636909.35181 2.908422 -4.005763 0.747838 0.828833 -0.057200 0.555814 0.028896 0.0003431268 -0.0000059730 -0.0001400417 0.0000025775 0.0000024435 0.0000604335 0.0090419512 0.0045757547 0.0000105360 0.0060507751 -0.0000169851 0.0025950483
1403636909.40180 2.945844 -4.030279 0.749957 0.828245 -0.057048 0.556651 0.029931 0.0003437402 -0.0000053614 -0.0001394373 0.0000025573 0.0000021786 0.0000598335 0.0091237426 0.0046629243 0.0000108766 0.0061398175 -0.0000172386 0.0025963640
1403636909.45180 2.984351 -4.055436 0.751061 0.826791 -0.056410 0.558748 0.032172 0.0003452492 -0.0000038621 -0.0001379276 0.0000025171 0.0000015414 0.0000583578 0.0092073787 0.0047530641 0.0000112162 0.0062327705 -0.0000174601 0.0025976380
1403636909.50180 3.023186 -4.080510 0.750916 0.825275 -0.055813 0.560930 0.034105 0.0003467814 -0.0000025926 -0.0001363391 0.0000024933 0.0000010138 0.0000568414 0.0092926293 0.0048455103 0.0000115498 0.0063284832 -0.0000176340 0.0025989181
1403636909.55180 3.062231 -4.105772 0.748927 0.824441 -0.056256 0.562097 0.034356 0.0003475446 -0.0000027066 -0.0001355139 0.0000024959 0.0000010503 0.0000560703 0.0093774944 0.0049379919 0.0000118430 0.0064250462 -0.0000177591 0.0026002272
1403636909.60181 3.101034 -4.132083 0.745407 0.823753 -0.057779 0.562973 0.033971 0.0003480832 -0.0000035970 -0.0001349043 0.0000025129 0.0000013914 0.0000555090 0.0094636447 0.0050320035 0.0000120751 0.0065232721 -0.0000178570 0.0026015598
1403636909.65181 3.139796 -4.157409 0.740577 0.822534 -0.060176 0.564640 0.031601 0.0003490060 -0.0000061811 -0.0001337953 0.0000025865 0.0000023749 0.0000545065 0.0095528603 0.0051277549 0.0000122602 0.0066223669 -0.0000179105 0.0026029103
1403636909.70181 3.178459 -4.183579 0.734658 0.821030 -0.061412 0.566702 0.031403 0.0003502939 -0.0000069446 -0.0001323194 0.0000026157 0.0000026305 0.0000531820 0.0096411753 0.0052235027 0.0000123131 0.0067217581 -0.0000178621 0.0026041745
1403636909.75180 3.216594 -4.209546 0.727661 0.818365 -0.061117 0.570492 0.032888 0.0003527858 -0.0000061705 -0.0001295010 0.0000025867 0.0000022695 0.0000507128 0.0097326822 0.0053212354 0.0000123318 0.0068224285 -0.0000177139 0.0026054435
1403636909.80180 3.253732 -4.234989 0.718336 0.816549 -0.058522 0.573086 0.037369 0.0003546669 -0.0000024741 -0.0001273957 0.0000024969 0.0000008820 0.0000489204 0.0098246036 0.0054180771 0.0000124392 0.0069218422 -0.0000174137 0.0026067545
1403636909.85181 3.289783 -4.259337 0.707673 0.814672 -0.054441 0.575670 0.044152 0.0003565457 0.0000032545 -0.0001250853 0.0000025110 -0.0000011646 0.0000470263 0.0099139339 0.0055122360 0.0000125001 0.0070184022 -0.0000168918 0.0026078182
1403636909.90181 3.324757 -4.283561 0.694903 0.814000 -0.049603 0.576452 0.051436 0.0003571482 0.0000098044 -0.0001239885 0.0000027532 -0.0000034441 0.0000461753 0.0099971633 0.0056038068 0.0000120971 0.0071114503 -0.0000159193 0.0026082349
1403636909.95180 3.358863 -4.307135 0.682016 0.812311 -0.044627 0.578527 0.058867 0.0003583372 0.0000164034 -0.0001217746 0.0000032403 -0.0000056312 0.0000444977 0.0100799136 0.0056928213 0.0000120793 0.0072032079 -0.0000152838 0.0026088519
1403636910.00186 3.390610 -4.324580 0.664729 0.810214 -0.041333 0.581160 0.064016 0.0003597785 0.0000208534 -0.0001192051 0.0000037026 -0.0000069753 0.0000425904 0.0101586095 0.0057795647 0.0000118379 0.0072924357 -0.0000143198 0.0026091314
1403636910.05187 3.423198 -4.346431 0.649864 0.808888 -0.039903 0.582912 0.065734 0.0003607116 0.0000224292 -0.0001176689 0.0000038925 -0.0000073842 0.0000414682 0.0102137710 0.0058534000 0.0000113995 0.0073752497 -0.0000135473 0.0026095956
1403636910.10188 3.455731 -4.368001 0.636298 0.809234 -0.041796 0.582630 0.062733 0.0003606620 0.0000197764 -0.0001182098 0.0000035828 -0.0000065417 0.0000418301 0.0102842735 0.0059357839 0.0000106150 0.0074620698 -0.0000126839 0.0026102866
1403636910.15188 3.488724 -4.389305 0.624040 0.810656 -0.044221 0.580927 0.058346 0.0003597557 0.0000161476 -0.0001199621 0.0000032228 -0.0000054349 0.0000430984 0.0103549590 0.0060193739 0.0000096886 0.0075504563 -0.0000117790 0.0026109954
1403636910.20188 3.521438 -4.407874 0.612860 0.813418 -0.047661 0.577302 0.052935 0.0003576323 0.0000115418 -0.0001232258 0.0000028705 -0.0000040161 0.0000455776 0.0104266670 0.0061055219 0.0000088251 0.0076446733 -0.0000111530 0.0026120060
1403636910.25190 3.552427 -4.424178 0.604510 0.815135 -0.049188 0.575010 0.049985 0.0003562180 0.0000091966 -0.0001251874 0.0000027369 -0.0000032653 0.0000471290 0.0104896552 0.0061873337 0.0000081173 0.0077393087 -0.0000106680 0.0026130648
1403636910.30191 3.581305 -4.439453 0.597558 0.816910 -0.051145 0.572601 0.046588 0.0003546797 0.0000064183 -0.0001272315 0.0000026171 -0.0000023285 0.0000487906 0.0105461828 0.0062617896 0.0000075255 0.0078269889 -0.0000102794 0.0026140838
1403636910.35191 3.609928 -4.453821 0.592876 0.818640 -0.052363 0.570199 0.044266 0.0003531264 0.0000046001 -0.0001291524 0.0000025628 -0.0000017037 0.0000504022 0.0106005064 0.0063310297 0.0000070703 0.0079079326 -0.0000099331 0.0026151101
1403636910.40191 3.639091 -4.468567 0.590725 0.819437 -0.052344 0.569143 0.043108 0.0003524235 0.0000039702 -0.0001299916 0.0000025498 -0.0000014835 0.0000511213 0.0106519067 0.0064010661 0.0000066364 0.0079913976 -0.0000096595 0.0026161127
1403636910.45189 3.669060 -4.485374 0.589733 0.820190 -0.051630 0.568128 0.043041 0.0003517690 0.0000043054 -0.0001307351 0.0000025589 -0.0000016198 0.0000517674 0.0107041850 0.0064744521 0.0000063415 0.0080756813 -0.0000096849 0.0026170006
1403636910.50187 3.700647 -4.502782 0.590081 0.820261 -0.051425 0.568144 0.041714 0.0003517515 0.0000035800 -0.0001307768 0.0000025448 -0.0000013476 0.0000518032 0.0107654317 0.0065519084 0.0000062309 0.0081646610 -0.0000095120 0.0026181413
1403636910.55186 3.732369 -4.519921 0.590141 0.820847 -0.050483 0.567343 0.042225 0.0003512429 0.0000043485 -0.0001313347 0.0000025646 -0.0000016441 0.0000522956 0.0108295385 0.0066343835 0.0000062657 0.0082591759 -0.0000095404 0.0026193003
1403636910.60186 3.764442 -4.540088 0.588130 0.820874 -0.049833 0.567349 0.042399 0.0003512444 0.0000047581 -0.0001313188 0.0000025769 -0.0000017972 0.0000522821 0.0108921494 0.0067172141 0.0000064251 0.0083538434 -0.0000097854 0.0026204011
1403636910.65186 3.797066 -4.555129 0.585371 0.821231 -0.049570 0.566850 0.042463 0.0003509298 0.0000048533 -0.0001316726 0.0000025818 -0.0000018386 0.0000525931 0.0109663204 0.0068048443 0.0000066317 0.0084505516 -0.0000100468 0.0026215487
1403636910.70186 3.830007 -4.572754 0.580326 0.821124 -0.049386 0.567050 0.042081 0.0003510452 0.0000047516 -0.0001315459 0.0000025810 -0.0000017970 0.0000524812 0.0110213465 0.0068859000 0.0000068085 0.0085508503 -0.0000101848 0.0026226093
1403636910.75186 3.862899 -4.589767 0.573370 0.821307 -0.049809 0.566814 0.041167 0.0003508649 0.0000040141 -0.0001317751 0.0000025641 -0.0000015209 0.0000526794 0.0110861845 0.0069720452 0.0000071101 0.0086526407 -0.0000104051 0.0026236836
1403636910.80186 3.893795 -4.604666 0.565726 0.821455 -0.050336 0.566602 0.040501 0.0003507056 0.0000033791 -0.0001319735 0.0000025526 -0.0000012826 0.0000528528 0.0111500324 0.0070572658 0.0000071903 0.0087558839 -0.0000104485 0.0026248082
1403636910.85187 3.924682 -4.619556 0.556586 0.821602 -0.050992 0.566427 0.039130 0.0003505520 0.0000022840 -0.0001321708 0.0000025366 -0.0000008683 0.0000530244 0.0112059454 0.0071355898 0.0000072263 0.0088535497 -0.0000104552 0.0026258311
1403636910.90187 3.954837 -4.633058 0.547081 0.821868 -0.052224 0.566053 0.037264 0.0003502436 0.0000006098 -0.0001325360 0.0000025244 -0.0000002327 0.0000533473 0.0112622037 0.0072141674 0.0000071709 0.0089519668 -0.0000103813 0.0026268534
1403636910.95185 3.985509 -4.646443 0.537984 0.820131 -0.053160 0.568595 0.035490 0.0003517967 -0.0000010215 -0.0001307733 0.0000025279 0.0000003831 0.0000517922 0.0113138037 0.0072905917 0.0000070611 0.0090502380 -0.0000101825 0.0026278699
1403636911.00184 4.015974 -4.659766 0.530469 0.815495 -0.054448 0.575247 0.033076 0.0003558368 -0.0000034564 -0.0001259447 0.0000025591 0.0000012337 0.0000477181 0.0113655280 0.0073678481 0.0000068498 0.0091493314 -0.0000098602 0.0026287217
1403636911.05184 4.046839 -4.673475 0.524485 0.810804 -0.054738 0.581845 0.032513 0.0003597804 -0.0000043522 -0.0001209298 0.0000025773 0.0000014754 0.0000437489 0.0114180903 0.0074451188 0.0000066170 0.0092463483 -0.0000095352 0.0026292635
1403636911.10184 4.077633 -4.687974 0.519315 0.808117 -0.054470 0.585599 0.032464 0.0003619845 -0.0000044966 -0.0001179879 0.0000025804 0.0000014791 0.0000415382 0.0114726349 0.0075242510 0.0000064081 0.0093472815 -0.0000092127 0.0026298756
1403636911.15182 4.106570 -4.702179 0.514814 0.809175 -0.054299 0.584147 0.032562 0.0003611329 -0.0000042873 -0.0001191427 0.0000025760 0.0000014282 0.0000423927 0.0115304897 0.0076028284 0.0000062951 0.0094452956 -0.0000090281 0.0026306041
1403636911.20178 4.132103 -4.715367 0.512567 0.811892 -0.053251 0.580365 0.034231 0.0003589719 -0.0000025737 -0.0001220272 0.0000025441 0.0000008847 0.0000445840 0.0115865186 0.0076778821 0.0000062588 0.0095377036 -0.0000089709 0.0026313585
1403636911.25176 4.156154 -4.727844 0.511369 0.815215 -0.053020 0.575694 0.034485 0.0003561607 -0.0000020430 -0.0001255749 0.0000025387 0.0000007292 0.0000474016 0.0116377809 0.0077447101 0.0000062614 0.0096197402 -0.0000089432 0.0026321923
1403636911.30172 4.177462 -4.736644 0.512691 0.817670 -0.052116 0.572189 0.036044 0.0003540833 -0.0000005523 -0.0001281022 0.0000025277 0.0000002046 0.0000494889 0.0116860019 0.0078092080 0.0000062785 0.0096970354 -0.0000090565 0.0026328281
1403636911.35175 4.197062 -4.745906 0.515732 0.819318 -0.050899 0.569785 0.038381 0.0003526550 0.0000015787 -0.0001297738 0.0000025356 -0.0000005825 0.0000509116 0.0117197415 0.0078615817 0.0000063161 0.0097649512 -0.0000091069 0.0026335735
1403636911.40181 4.215668 -4.753295 0.521232 0.819457 -0.050660 0.569595 0.038529 0.0003525423 0.0000017817 -0.0001299030 0.0000025393 -0.0000006585 0.0000510233 0.0117530082 0.0079124287 0.0000063998 0.0098280090 -0.0000091684 0.0026342850
1403636911.45185 4.234785 -4.761754 0.528109 0.819598 -0.050220 0.569342 0.039849 0.0003524126 0.0000028176 -0.0001300364 0.0000025554 -0.0000010447 0.0000511412 0.0117805177 0.0079587066 0.0000064471 0.0098879476 -0.0000091352 0.0026350302
1403636911.50186 4.253300 -4.767357 0.536036 0.820177 -0.050269 0.568490 0.040035 0.0003519032 0.0000029136 -0.0001306239 0.0000025595 -0.0000010869 0.0000516513 0.0118112188 0.0080096348 0.0000065869 0.0099519889 -0.0000091885 0.0026357464
1403636911.55189 4.274249 -4.777309 0.543291 0.820407 -0.049849 0.568160 0.040511 0.0003516908 0.0000034544 -0.0001308564 0.0000025725 -0.0000012920 0.0000518565 0.0118315826 0.0080541715 0.0000066449 0.0100150652 -0.0000091295 0.0026364729
1403636911.60190 4.295623 -4.788263 0.549371 0.820692 -0.050095 0.567737 0.040367 0.0003514100 0.0000033039 -0.0001311830 0.0000025727 -0.0000012394 0.0000521426 0.0118690649 0.0081105140 0.0000067895 0.0100861521 -0.0000091538 0.0026373091
1403636911.65193 4.315450 -4.797337 0.554750 0.820575 -0.049853 0.567883 0.040984 0.0003515265 0.0000037772 -0.0001310381 0.0000025844 -0.0000014148 0.0000520177 0.0119104929 0.0081698205 0.0000070119 0.0101581703 -0.0000092093 0.0026380967
1403636911.70193 4.338389 -4.809319 0.558620 0.820671 -0.050270 0.567755 0.040328 0.0003514261 0.0000032034 -0.0001311701 0.0000025761 -0.0000012003 0.0000521323 0.0119465438 0.0082231643 0.0000072153 0.0102262153 -0.0000092918 0.0026389074
1403636911.75197 4.359385 -4.819728 0.560688 0.820492 -0.051349 0.567986 0.039348 0.0003515500 0.0000021733 -0.0001310520 0.0000025632 -0.0000008115 0.0000520263 0.0119937152 0.0082881768 0.0000073946 0.0103065269 -0.0000093523 0.0026398501
1403636911.80198 4.384086 -4.831921 0.561536 0.820493 -0.053966 0.567961 0.036042 0.0003513943 -0.0000010019 -0.0001312465 0.0000025558 0.0000003827 0.0000521954 0.0120342904 0.0083461699 0.0000076292 0.0103810460 -0.0000094495 0.0026407314
1403636911.85197 4.409215 -4.844131 0.560783 0.820444 -0.056281 0.568005 0.032775 0.0003512564 -0.0000039772 -0.0001313499 0.0000026014 0.0000015049 0.0000522933 0.0120829837 0.0084144969 0.0000078852 0.0104680890 -0.0000095759 0.0026416993
1403636911.90195 4.435450 -4.856672 0.557857 0.821794 -0.060161 0.565908 0.027992 0.0003495896 -0.0000083999 -0.0001330201 0.0000027623 0.0000032277 0.0000538042 0.0121326944 0.0084848316 0.0000081709 0.0105581292 -0.0000097439 0.0026426677
1403636911.95195 4.462428 -4.870374 0.553516 0.822561 -0.063194 0.564635 0.024215 0.0003484490 -0.0000118961 -0.0001340154 0.0000029709 0.0000046181 0.0000547409 0.0121852324 0.0085597704 0.0000085055 0.0106541471 -0.0000099042 0.0026437025
1403636912.00195 4.489680 -4.885588 0.548506 0.823047 -0.063286 0.563894 0.024723 0.0003480077 -0.0000115759 -0.0001345280 0.0000029519 0.0000045172 0.0000552059 0.0122427052 0.0086383552 0.0000087685 0.0107520865 -0.0000100183 0.0026447959
1403636912.05193 4.516558 -4.901393 0.543118 0.823179 -0.062051 0.563726 0.027199 0.0003480933 -0.0000095568 -0.0001345974 0.0000028309 0.0000037314 0.0000552479 0.0123058306 0.0087203961 0.0000089018 0.0108522491 -0.0000100456 0.0026459162
1403636912.10192 4.544443 -4.918043 0.537059 0.823230 -0.062690 0.563581 0.027172 0.0003479896 -0.0000098325 -0.0001346939 0.0000028482 0.0000038428 0.0000553394 0.0123698777 0.0088025386 0.0000090094 0.0109508784 -0.0000100137 0.0026469885
1403636912.15193 4.571305 -4.934687 0.531880 0.822581 -0.061605 0.564592 0.028299 0.0003487475 -0.0000087598 -0.0001339451 0.0000027920 0.0000033981 0.0000546433 0.0124389706 0.0088902045 0.0000090857 0.0110558987 -0.0000099399 0.0026481280
1403636912.20191 4.598743 -4.951169 0.529385 0.822216 -0.060515 0.565140 0.030270 0.0003492526 -0.0000071469 -0.0001334890 0.0000027188 0.0000027600 0.0000542156 0.0125084802 0.0089757800 0.0000090792 0.0111567150 -0.0000097749 0.0026491850
1403636912.25191 4.625308 -4.967414 0.529001 0.821492 -0.059559 0.566196 0.032030 0.0003500351 -0.0000057603 -0.0001326914 0.0000026693 0.0000022076 0.0000534887 0.0125771908 0.0090611178 0.0000091273 0.0112595283 -0.0000096597 0.0026502876
1403636912.30191 4.652346 -4.983418 0.530404 0.820952 -0.057868 0.567004 0.034593 0.0003507065 -0.0000035381 -0.0001320203 0.0000026119 0.0000013492 0.0000528805 0.0126444080 0.0091444827 0.0000091614 0.0113605129 -0.0000095301 0.0026513387
1403636912.35190 4.679572 -4.999385 0.533206 0.820846 -0.057782 0.567124 0.035280 0.0003508380 -0.0000030867 -0.0001318880 0.0000026054 0.0000011761 0.0000527615 0.0127094280 0.0092270274 0.0000092106 0.0114620311 -0.0000094398 0.0026524096
1403636912.40188 4.707274 -5.016406 0.536726 0.821001 -0.058062 0.566858 0.035485 0.0003506591 -0.0000030612 -0.0001320956 0.0000026071 0.0000011688 0.0000529450 0.0127757654 0.0093114466 0.0000092800 0.0115663637 -0.0000093739 0.0026535348
1403636912.45188 4.734878 -5.034138 0.539600 0.820697 -0.059753 0.567252 0.033348 0.0003507802 -0.0000051187 -0.0001319003 0.0000026574 0.0000019467 0.0000527794 0.0128465740 0.0093993721 0.0000093996 0.0116735343 -0.0000093536 0.0026547357
1403636912.50191 4.761933 -5.052932 0.540854 0.820584 -0.062279 0.567315 0.030281 0.0003505973 -0.0000080768 -0.0001319640 0.0000027713 0.0000030712 0.0000528535 0.0129214588 0.0094886164 0.0000095678 0.0117797126 -0.0000093704 0.0026559740
1403636912.55192 4.788974 -5.072495 0.540468 0.820348 -0.062900 0.567578 0.030441 0.0003507299 -0.0000082443 -0.0001318094 0.0000027803 0.0000031296 0.0000527160 0.0130019289 0.0095800099 0.0000097239 0.0118850931 -0.0000093962 0.0026572284
1403636912.60192 4.815577 -5.092075 0.538525 0.820533 -0.064113 0.567225 0.029510 0.0003504326 -0.0000093190 -0.0001320785 0.0000028361 0.0000035472 0.0000529624 0.0130845896 0.0096720420 0.0000099315 0.0119899280 -0.0000094542 0.0026585188
1403636912.65194 4.840470 -5.111567 0.534951 0.819776 -0.066170 0.568190 0.027370 0.0003508313 -0.0000115608 -0.0001314562 0.0000029722 0.0000043739 0.0000524333 0.0131678002 0.0097641020 0.0000101682 0.0120944260 -0.0000095300 0.0026598026
1403636912.70198 4.864798 -5.131253 0.529427 0.819902 -0.068392 0.567855 0.024976 0.0003503660 -0.0000139417 -0.0001317571 0.0000031492 0.0000052931 0.0000527268 0.0132514662 0.0098530617 0.0000104032 0.0121925016 -0.0000096132 0.0026610525
1403636912.75200 4.887848 -5.150807 0.522814 0.819327 -0.070762 0.568516 0.022047 0.0003504590 -0.0000167856 -0.0001313256 0.0000034012 0.0000063487 0.0000523859 0.0133372300 0.0099420044 0.0000106567 0.0122883912 -0.0000096896 0.0026622846
1403636912.80198 4.911030 -5.170710 0.515316 0.818953 -0.071837 0.568967 0.020795 0.0003506220 -0.0000180230 -0.0001309824 0.0000035268 0.0000067956 0.0000521028 0.0134226945 0.0100281939 0.0000108913 0.0123792079 -0.0000097412 0.0026635040
1403636912.85198 4.933503 -5.190775 0.506402 0.818712 -0.071526 0.569321 0.021638 0.0003509289 -0.0000174109 -0.0001307211 0.0000034654 0.0000065467 0.0000518618 0.0135109778 0.0101160311 0.0000109944 0.0124704466 -0.0000097276 0.0026647078
1403636912.90194 4.956139 -5.211147 0.496421 0.818402 -0.069935 0.569853 0.024382 0.0003515584 -0.0000150946 -0.0001302946 0.0000032499 0.0000056486 0.0000514536 0.0136013380 0.0102039759 0.0000110098 0.0125599181 -0.0000096535 0.0026659048
1403636912.95192 4.978113 -5.231628 0.485044 0.816892 -0.067901 0.572128 0.027318 0.0003532861 -0.0000126055 -0.0001285566 0.0000030519 0.0000046330 0.0000499298 0.0136911849 0.0102919289 0.0000109213 0.0126496940 -0.0000094708 0.0026670215
1403636913.00192 4.999444 -5.252252 0.472233 0.815423 -0.065203 0.574335 0.031198 0.0003550062 -0.0000092344 -0.0001267989 0.0000028424 0.0000033337 0.0000484248 0.0137811189 0.0103780598 0.0000107791 0.0127357927 -0.0000092135 0.0026680387
1403636913.05191 5.019882 -5.273032 0.458472 0.814106 -0.063466 0.576249 0.033785 0.0003563902 -0.0000070364 -0.0001252571 0.0000027420 0.0000025015 0.0000471467 0.0138712400 0.0104634384 0.0000105665 0.0128197740 -0.0000088838 0.0026689880
1403636913.10190 5.040537 -5.295791 0.445590 0.812909 -0.061815 0.577983 0.035973 0.0003576049 -0.0000050818 -0.0001238449 0.0000026763 0.0000017824 0.0000460031 0.0139616053 0.0105466655 0.0000103403 0.0128994176 -0.0000085412 0.0026699344
1403636913.15190 5.060859 -5.319846 0.434084 0.812061 -0.060163 0.579222 0.037941 0.0003584816 -0.0000032441 -0.0001228023 0.0000026346 0.0000011284 0.0000451734 0.0140599982 0.0106332633 0.0000100501 0.0129786137 -0.0000081465 0.0026708948
1403636913.20190 5.081485 -5.344727 0.424302 0.810824 -0.059179 0.580967 0.039251 0.0003596033 -0.0000021294 -0.0001213883 0.0000026190 0.0000007324 0.0000440726 0.0141642367 0.0107231466 0.0000097501 0.0130595110 -0.0000077713 0.0026719396
1403636913.25190 5.103011 -5.367986 0.416614 0.811165 -0.058591 0.580525 0.039625 0.0003593766 -0.0000016461 -0.0001216954 0.0000026150 0.0000005692 0.0000443081 0.0142720769 0.0108171194 0.0000094805 0.0131455091 -0.0000074267 0.0026730844
1403636913.30191 5.124686 -5.392203 0.411191 0.811651 -0.058128 0.579855 0.040152 0.0003589863 -0.0000011037 -0.0001222107 0.0000026120 0.0000003855 0.0000447060 0.0143739311 0.0109093890 0.0000092671 0.0132344963 -0.0000071227 0.0026742597
1403636913.35194 5.146504 -5.415666 0.406570 0.813452 -0.059509 0.577350 0.037701 0.0003573669 -0.0000030244 -0.0001242382 0.0000026346 0.0000010653 0.0000463062 0.0144795053 0.0110041891 0.0000090184 0.0133248942 -0.0000068916 0.0026754601
1403636913.40196 5.168486 -5.440316 0.404331 0.814854 -0.061003 0.575366 0.035288 0.0003560115 -0.0000050192 -0.0001258576 0.0000026809 0.0000017936 0.0000476204 0.0145830039 0.0110984974 0.0000088660 0.0134165009 -0.0000066607 0.0026767955
1403636913.45197 5.189242 -5.466253 0.404038 0.816126 -0.063396 0.573532 0.031321 0.0003545798 -0.0000083221 -0.0001274236 0.0000028069 0.0000030193 0.0000489307 0.0146917198 0.0111948281 0.0000087203 0.0135066991 -0.0000063632 0.0026781697
1403636913.50196 5.209856 -5.493161 0.403805 0.816852 -0.064523 0.572408 0.030629 0.0003538150 -0.0000091492 -0.0001282838 0.0000028488 0.0000033478 0.0000496589 0.0148088288 0.0112935178 0.0000086180 0.0135931485 -0.0000061183 0.0026796178
1403636913.55196 5.230990 -5.521271 0.402911 0.817143 -0.063783 0.571998 0.032065 0.0003536734 -0.0000079349 -0.0001285372 0.0000027901 0.0000029102 0.0000498649 0.0149299698 0.0113948221 0.0000085654 0.0136801755 -0.0000059581 0.0026810967
1403636913.60195 5.251927 -5.549258 0.400646 0.817536 -0.062871 0.571434 0.033842 0.0003534455 -0.0000064079 -0.0001288960 0.0000027279 0.0000023584 0.0000501612 0.0150564632 0.0114994557 0.0000085594 0.0137690982 -0.0000058984 0.0026826269
1403636913.65193 5.272515 -5.577186 0.396945 0.817920 -0.062438 0.570849 0.035220 0.0003531708 -0.0000053439 -0.0001292717 0.0000026923 0.0000019739 0.0000504778 0.0151827459 0.0116032838 0.0000085868 0.0138572698 -0.0000058524 0.0026841614
1403636913.70191 5.292955 -5.605187 0.391966 0.818053 -0.061792 0.570627 0.036816 0.0003531374 -0.0000040765 -0.0001293616 0.0000026580 0.0000015067 0.0000505505 0.0153098032 0.0117069857 0.0000086466 0.0139448713 -0.0000058443 0.0026856657
1403636913.75190 5.312854 -5.632384 0.386062 0.817755 -0.060959 0.571053 0.038189 0.0003534906 -0.0000029073 -0.0001289839 0.0000026348 0.0000010703 0.0000502269 0.0154373837 0.0118107393 0.0000087405 0.0140330607 -0.0000058373 0.0026871963
1403636913.80190 5.332162 -5.659209 0.380025 0.817733 -0.060936 0.571084 0.038250 0.0003535280 -0.0000028742 -0.0001289453 0.0000026347 0.0000010575 0.0000501964 0.0155615141 0.0119115415 0.0000088301 0.0141192029 -0.0000058365 0.0026886775
1403636913.85190 5.350402 -5.685609 0.374917 0.817590 -0.060218 0.571268 0.039663 0.0003537152 -0.0000017080 -0.0001287503 0.0000026201 0.0000006273 0.0000500308 0.0156854581 0.0120108063 0.0000089088 0.0142028056 -0.0000058390 0.0026901156
1403636913.90188 5.368485 -5.711774 0.371658 0.817253 -0.060016 0.571768 0.039706 0.0003540418 -0.0000016342 -0.0001283696 0.0000026196 0.0000005977 0.0000497111 0.0158065325 0.0121072406 0.0000089610 0.0142835777 -0.0000057907 0.0026915360
1403636913.95187 5.386161 -5.737741 0.370931 0.816901 -0.059195 0.572320 0.040230 0.0003544133 -0.0000009937 -0.0001279392 0.0000026151 0.0000003619 0.0000493505 0.0159277389 0.0122033282 0.0000090131 0.0143634212 -0.0000057631 0.0026929263
1403636914.00187 5.403276 -5.764415 0.372163 0.816968 -0.058988 0.572229 0.040480 0.0003543657 -0.0000007355 -0.0001280022 0.0000026135 0.0000002677 0.0000494048 0.0160483533 0.0122967872 0.0000090858 0.0144381703 -0.0000057541 0.0026942694
1403636914.05187 5.419580 -5.790487 0.374719 0.817104 -0.059385 0.572042 0.039779 0.0003542182 -0.0000013376 -0.0001281777 0.0000026174 0.0000004875 0.0000495551 0.0161727427 0.0123918703 0.0000091841 0.0145124500 -0.0000057981 0.0026956332
1403636914.10187 5.436480 -5.816869 0.378147 0.816558 -0.060831 0.572816 0.037613 0.0003545926 -0.0000033289 -0.0001277004 0.0000026443 0.0000012074 0.0000491609 0.0162950360 0.0124859188 0.0000092641 0.0145865167 -0.0000057663 0.0026970140
1403636914.15188 5.452280 -5.842891 0.381293 0.816472 -0.062071 0.572919 0.035834 0.0003545458 -0.0000049511 -0.0001277092 0.0000026828 0.0000017958 0.0000491761 0.0164196113 0.0125811758 0.0000093817 0.0146604053 -0.0000058328 0.0026983543
1403636914.20188 5.467318 -5.868387 0.383558 0.816675 -0.062457 0.572600 0.035640 0.0003543347 -0.0000052132 -0.0001279561 0.0000026909 0.0000018950 0.0000493862 0.0165440584 0.0126733477 0.0000095039 0.0147289987 -0.0000058793 0.0026997253
1403636914.25188 5.481312 -5.893225 0.384530 0.816418 -0.062817 0.572895 0.036153 0.0003545487 -0.0000050824 -0.0001277113 0.0000026872 0.0000018418 0.0000491825 0.0166666075 0.0127627492 0.0000096399 0.0147941657 -0.0000060014 0.0027010403
1403636914.30187 5.495031 -5.918585 0.383863 0.817447 -0.061894 0.571455 0.037260 0.0003537212 -0.0000039029 -0.0001287406 0.0000026579 0.0000014274 0.0000500466 0.0167850136 0.0128475981 0.0000097938 0.0148544688 -0.0000061287 0.0027023530
1403636914.35187 5.508618 -5.943956 0.382700 0.816890 -0.061025 0.572246 0.038736 0.0003543096 -0.0000026895 -0.0001280801 0.0000026358 0.0000009746 0.0000494874 0.0169075275 0.0129345340 0.0000099827 0.0149151301 -0.0000063017 0.0027036508
1403636914.40186 5.521691 -5.969247 0.381363 0.816924 -0.059562 0.572177 0.041244 0.0003544012 -0.0000005447 -0.0001280037 0.0000026167 0.0000001919 0.0000494216 0.0170304058 0.0130209969 0.0000101912 0.0149744618 -0.0000064637 0.0027048799
1403636914.45186 5.534239 -5.994832 0.381401 0.816936 -0.058777 0.572155 0.042429 0.0003544419 0.0000005126 -0.0001279607 0.0000026168 -0.0000001938 0.0000493866 0.0171508402 0.0131060540 0.0000104030 0.0150323336 -0.0000066246 0.0027060308
1403636914.50186 5.546953 -6.019774 0.383267 0.817031 -0.057911 0.571981 0.044088 0.0003544137 0.0000018989 -0.0001279869 0.0000026270 -0.0000006994 0.0000494111 0.0172739259 0.0131913797 0.0000106087 0.0150891654 -0.0000067755 0.0027072301
1403636914.55186 5.559175 -6.044293 0.386881 0.817100 -0.057667 0.571859 0.044715 0.0003543595 0.0000024002 -0.0001280486 0.0000026340 -0.0000008834 0.0000494651 0.0173940878 0.0132757189 0.0000107952 0.0151467121 -0.0000069313 0.0027084187
1403636914.60185 5.571124 -6.068088 0.392760 0.816935 -0.057441 0.572081 0.045178 0.0003545155 0.0000027577 -0.0001278612 0.0000026396 -0.0000010125 0.0000493093 0.0175121619 0.0133596077 0.0000110036 0.0152046633 -0.0000071305 0.0027095473
1403636914.65186 5.582696 -6.090912 0.400282 0.816055 -0.057060 0.573304 0.046049 0.0003553171 0.0000033852 -0.0001268893 0.0000026513 -0.0000012295 0.0000485028 0.0176278415 0.0134405861 0.0000112156 0.0152590940 -0.0000072953 0.0027107213
1403636914.70187 5.592934 -6.112676 0.409155 0.815809 -0.057422 0.573641 0.045764 0.0003555236 0.0000030328 -0.0001266544 0.0000026457 -0.0000011010 0.0000483088 0.0177371563 0.0135156702 0.0000114455 0.0153074765 -0.0000074913 0.0027118490
1403636914.75185 5.602914 -6.133001 0.419810 0.815459 -0.057315 0.574038 0.047149 0.0003558341 0.0000038636 -0.0001262605 0.0000026624 -0.0000013954 0.0000479874 0.0178430372 0.0135886727 0.0000117451 0.0153535016 -0.0000078558 0.0027128054
1403636914.80185 5.613254 -6.154854 0.427542 0.815173 -0.057463 0.574414 0.047331 0.0003560566 0.0000039442 -0.0001259931 0.0000026651 -0.0000014217 0.0000477696 0.0179407361 0.0136566716 0.0000119786 0.0153979293 -0.0000080525 0.0027138764
1403636914.85185 5.623021 -6.176105 0.434005 0.815366 -0.057605 0.574088 0.047786 0.0003558801 0.0000041822 -0.0001262079 0.0000026718 -0.0000015112 0.0000479471 0.0180475534 0.0137288153 0.0000122738 0.0154427417 -0.0000083887 0.0027149608
1403636914.90184 5.631849 -6.195376 0.438950 0.816081 -0.058099 0.572989 0.048168 0.0003552293 0.0000042402 -0.0001270025 0.0000026743 -0.0000015458 0.0000486027 0.0181517767 0.0137983186 0.0000125338 0.0154853509 -0.0000087426 0.0027159945
1403636914.95184 5.641039 -6.215528 0.442082 0.817062 -0.058381 0.571525 0.048581 0.0003543409 0.0000044848 -0.0001280656 0.0000026815 -0.0000016531 0.0000494917 0.0182456870 0.0138607484 0.0000127813 0.0155236419 -0.0000090566 0.0027169852
1403636915.00184 5.650531 -6.235496 0.443547 0.818043 -0.059106 0.570042 0.048633 0.0003534273 0.0000043004 -0.0001291581 0.0000026779 -0.0000016048 0.0000504167 0.0183443251 0.0139271152 0.0000129855 0.0155653247 -0.0000093173 0.0027180138
1403636915.05183 5.661216 -6.255995 0.443952 0.819022 -0.059274 0.568605 0.048761 0.0003525336 0.0000043985 -0.0001302024 0.0000026812 -0.0000016595 0.0000513147 0.0184418847 0.0139941818 0.0000131537 0.0156088756 -0.0000095325 0.0027190332
1403636915.10183 5.673785 -6.277577 0.444152 0.819631 -0.059367 0.567662 0.049407 0.0003519649 0.0000047749 -0.0001308505 0.0000026909 -0.0000018125 0.0000518785 0.0185430307 0.0140670897 0.0000133194 0.0156582176 -0.0000097280 0.0027200397
1403636915.15183 5.685717 -6.299332 0.442325 0.820585 -0.059722 0.566227 0.049602 0.0003510616 0.0000048592 -0.0001318823 0.0000026938 -0.0000018644 0.0000527861 0.0186498713 0.0141460170 0.0000134452 0.0157155646 -0.0000098335 0.0027211972
1403636915.20182 5.698713 -6.320988 0.439202 0.821976 -0.059857 0.564161 0.049944 0.0003497546 0.0000051502 -0.0001333408 0.0000027027 -0.0000020048 0.0000540910 0.0187570216 0.0142253555 0.0000135000 0.0157730492 -0.0000098887 0.0027223207
1403636915.25179 5.713074 -6.342699 0.434435 0.824282 -0.060513 0.560753 0.049536 0.0003475357 0.0000048502 -0.0001357768 0.0000026946 -0.0000019370 0.0000563247 0.0188640869 0.0143073928 0.0000135208 0.0158349905 -0.0000099342 0.0027234774
1403636915.30178 5.727901 -6.364641 0.428687 0.826745 -0.060555 0.557076 0.049922 0.0003451255 0.0000053020 -0.0001383048 0.0000027084 -0.0000021703 0.0000587273 0.0189709822 0.0143932490 0.0000135400 0.0159034383 -0.0000099511 0.0027246662
1403636915.35180 5.745151 -6.388098 0.421890 0.829264 -0.060737 0.553312 0.049774 0.0003426168 0.0000053786 -0.0001408576 0.0000027111 -0.0000022593 0.0000612385 0.0190809274 0.0144831067 0.0000135422 0.0159745963 -0.0000099323 0.0027258761
1403636915.40182 5.761261 -6.409709 0.414332 0.830450 -0.060557 0.551559 0.049693 0.0003414126 0.0000055230 -0.0001420493 0.0000027162 -0.0000023480 0.0000624439 0.0191994466 0.0145828907 0.0000135869 0.0160579053 -0.0000099475 0.0027272189
1403636915.45185 5.778917 -6.431504 0.407230 0.830472 -0.060808 0.551536 0.049256 0.0003413826 0.0000051574 -0.0001420981 0.0000027052 -0.0000021963 0.0000624925 0.0193090597 0.0146766712 0.0000136434 0.0161376121 -0.0000099384 0.0027285192
1403636915.50188 5.797472 -6.452579 0.401959 0.828320 -0.062437 0.554798 0.046753 0.0003434976 0.0000027558 -0.0001400656 0.0000026493 -0.0000011651 0.0000604413 0.0194204812 0.0147758239 0.0000137425 0.0162253923 -0.0000098890 0.0027298756
1403636915.55190 5.816205 -6.472757 0.398884 0.824867 -0.064890 0.559948 0.042920 0.0003467462 -0.0000009362 -0.0001367360 0.0000026296 0.0000003398 0.0000572198 0.0195287258 0.0148754524 0.0000138370 0.0163173096 -0.0000097734 0.0027311421
1403636915.60190 5.834915 -6.492431 0.397723 0.821985 -0.067394 0.564162 0.038989 0.0003492570 -0.0000046894 -0.0001339552 0.0000026901 0.0000017804 0.0000546549 0.0196332400 0.0149727751 0.0000139245 0.0164088101 -0.0000096039 0.0027322409
1403636915.65190 5.854505 -6.511825 0.398863 0.819497 -0.069837 0.567750 0.034758 0.0003512424 -0.0000085653 -0.0001315507 0.0000028369 0.0000032009 0.0000525292 0.0197385413 0.0150702435 0.0000139613 0.0165014967 -0.0000093737 0.0027332760
1403636915.70188 5.873394 -6.529750 0.401762 0.817495 -0.071709 0.570574 0.031692 0.0003527496 -0.0000114491 -0.0001296039 0.0000029992 0.0000042066 0.0000508620 0.0198437061 0.0151662366 0.0000139814 0.0165911487 -0.0000090165 0.0027340422
1403636915.75188 5.889711 -6.549176 0.406580 0.816209 -0.071478 0.572455 0.031449 0.0003539414 -0.0000116465 -0.0001281927 0.0000030104 0.0000042178 0.0000496644 0.0199422401 0.0152556539 0.0000139824 0.0166759532 -0.0000086984 0.0027350924
1403636915.80187 5.904980 -6.568433 0.412873 0.815825 -0.071940 0.573009 0.030249 0.0003541849 -0.0000126056 -0.0001278184 0.0000030748 0.0000045509 0.0000493601 0.0200480788 0.0153429412 0.0000140021 0.0167505555 -0.0000083566 0.0027361206
1403636915.85184 5.918970 -6.587562 0.421737 0.815335 -0.071698 0.573750 0.029999 0.0003546423 -0.0000127121 -0.0001272675 0.0000030808 0.0000045634 0.0000489019 0.0201543683 0.0154299032 0.0000140569 0.0168234385 -0.0000081613 0.0027372529
1403636915.90183 5.932981 -6.607859 0.432786 0.815071 -0.071175 0.574184 0.030094 0.0003549343 -0.0000124626 -0.0001269475 0.0000030615 0.0000044579 0.0000486341 0.0202588928 0.0155116881 0.0000141265 0.0168869104 -0.0000079927 0.0027383589
1403636915.95184 5.947744 -6.630110 0.443775 0.815274 -0.069649 0.573989 0.031862 0.0003549806 -0.0000106973 -0.0001270583 0.0000029435 0.0000038235 0.0000487087 0.0203696154 0.0155981994 0.0000143055 0.0169516992 -0.0000079872 0.0027394668
1403636916.00184 5.962958 -6.654604 0.453730 0.815137 -0.066365 0.574321 0.036090 0.0003555390 -0.0000067074 -0.0001266636 0.0000027458 0.0000023718 0.0000483529 0.0204913401 0.0156920057 0.0000146273 0.0170206808 -0.0000081983 0.0027406408
1403636916.05185 5.979109 -6.680946 0.461350 0.815520 -0.063506 0.573848 0.039895 0.0003555000 -0.0000031000 -0.0001268569 0.0000026455 0.0000010774 0.0000484976 0.0206241262 0.0157919731 0.0000149897 0.0170924974 -0.0000085293 0.0027418048
1403636916.10185 5.994541 -6.707052 0.467613 0.815734 -0.059942 0.573605 0.044297 0.0003555735 0.0000011267 -0.0001268072 0.0000026225 -0.0000004436 0.0000484531 0.0207654168 0.0158972856 0.0000152419 0.0171687538 -0.0000087821 0.0027429809
1403636916.15185 6.009030 -6.732824 0.472394 0.816190 -0.057517 0.573012 0.046731 0.0003552941 0.0000036922 -0.0001271030 0.0000026584 -0.0000013704 0.0000487036 0.0209055442 0.0159992301 0.0000154259 0.0172413502 -0.0000090322 0.0027440879
1403636916.20184 6.023174 -6.758237 0.476237 0.816589 -0.056252 0.572463 0.048001 0.0003549897 0.0000050154 -0.0001274311 0.0000026926 -0.0000018541 0.0000489830 0.0210442537 0.0160978448 0.0000155548 0.0173106228 -0.0000092086 0.0027453277
1403636916.25184 6.036176 -6.782549 0.480737 0.816517 -0.056601 0.572601 0.047155 0.0003550605 0.0000043218 -0.0001273787 0.0000026755 -0.0000016023 0.0000489385 0.0211801302 0.0161936097 0.0000156564 0.0173776009 -0.0000093667 0.0027466154
1403636916.30184 6.049577 -6.806656 0.486338 0.816659 -0.056856 0.572458 0.046127 0.0003549360 0.0000035845 -0.0001275580 0.0000026600 -0.0000013382 0.0000490867 0.0213100703 0.0162847272 0.0000157431 0.0174399570 -0.0000094490 0.0027477627
1403636916.35184 6.063098 -6.832199 0.492686 0.816763 -0.056864 0.572378 0.045267 0.0003548615 0.0000030990 -0.0001276669 0.0000026505 -0.0000011640 0.0000491745 0.0214389659 0.0163773417 0.0000161123 0.0175019304 -0.0000099234 0.0027488323
1403636916.40184 6.076156 -6.854700 0.501184 0.817428 -0.056472 0.571343 0.046796 0.0003542880 0.0000042192 -0.0001283254 0.0000026751 -0.0000015818 0.0000497328 0.0215799288 0.0164764812 0.0000162074 0.0175710595 -0.0000100425 0.0027502798
1403636916.45184 6.089412 -6.876332 0.509412 0.816885 -0.056582 0.571745 0.051035 0.0003547021 0.0000067169 -0.0001277325 0.0000027548 -0.0000024816 0.0000492490 0.0217048955 0.0165657425 0.0000163549 0.0176357507 -0.0000101992 0.0027516523
1403636916.50183 6.102118 -6.898308 0.515670 0.816720 -0.060556 0.571332 0.053676 0.0003545981 0.0000066547 -0.0001278671 0.0000027548 -0.0000024655 0.0000493627 0.0218239753 0.0166531591 0.0000166085 0.0177020297 -0.0000104417 0.0027530533
1403636916.55183 6.114772 -6.920075 0.520599 0.816255 -0.064602 0.571003 0.059239 0.0003546722 0.0000083264 -0.0001276873 0.0000028286 -0.0000030725 0.0000492234 0.0219461053 0.0167404104 0.0000169037 0.0177655315 -0.0000107225 0.0027544239
1403636916.60183 6.126775 -6.940850 0.523700 0.815780 -0.070212 0.570524 0.063840 0.0003546672 0.0000087369 -0.0001276722 0.0000028509 -0.0000032258 0.0000492130 0.0220653284 0.0168273490 0.0000172683 0.0178305015 -0.0000110930 0.0027556303
1403636916.65183 6.138378 -6.960502 0.525156 0.815443 -0.075557 0.569760 0.068675 0.0003545058 0.0000094062 -0.0001278232 0.0000028874 -0.0000034790 0.0000493427 0.0221782851 0.0169094805 0.0000176070 0.0178913434 -0.0000114675 0.0027566683
1403636916.70184 6.148857 -6.978386 0.525482 0.814820 -0.080503 0.569517 0.072382 0.0003546313 0.0000095469 -0.0001276687 0.0000028961 -0.0000035289 0.0000492127 0.0222828721 0.0169870755 0.0000178835 0.0179499234 -0.0000118123 0.0027575021
1403636916.75184 6.159679 -6.995689 0.524779 0.814053 -0.084829 0.569565 0.075613 0.0003549035 0.0000096534 -0.0001273413 0.0000029027 -0.0000035597 0.0000489376 0.0223774901 0.0170579994 0.0000180042 0.0180029647 -0.0000119860 0.0027582094
1403636916.80186 6.169728 -7.011161 0.522142 0.813386 -0.089458 0.569545 0.077576 0.0003551018 0.0000087903 -0.0001271729 0.0000028577 -0.0000032453 0.0000487877 0.0224698779 0.0171286530 0.0000180090 0.0180560457 -0.0000120314 0.0027587482
1403636916.85186 6.180283 -7.025845 0.518719 0.813100 -0.092685 0.569123 0.079857 0.0003550345 0.0000088154 -0.0001272598 0.0000028596 -0.0000032604 0.0000488570 0.0225510274 0.0171927430 0.0000178424 0.0181047264 -0.0000118692 0.0027592585
1403636916.90187 6.190130 -7.038937 0.514890 0.812799 -0.094880 0.568729 0.083083 0.0003550342 0.0000098342 -0.0001271939 0.0000029128 -0.0000036296 0.0000488038 0.0226289516 0.0172585659 0.0000174000 0.0181554602 -0.0000113828 0.0027595768
1403636916.95187 6.201305 -7.052915 0.509760 0.812185 -0.096647 0.569016 0.085062 0.0003553326 0.0000103162 -0.0001268052 0.0000029374 -0.0000037928 0.0000484767 0.0226949215 0.0173201765 0.0000164366 0.0182012303 -0.0000103159 0.0027594306
1403636917.00188 6.211755 -7.065167 0.502105 0.811973 -0.098696 0.568819 0.086050 0.0003553563 0.0000100513 -0.0001268069 0.0000029206 -0.0000036995 0.0000484728 0.0227691238 0.0173850614 0.0000159734 0.0182551520 -0.0000096496 0.0027595131
1403636917.05188 6.221965 -7.076628 0.493231 0.811837 -0.101031 0.568648 0.085748 0.0003552921 0.0000088736 -0.0001269817 0.0000028559 -0.0000032834 0.0000486058 0.0228333110 0.0174438448 0.0000155856 0.0183057471 -0.0000089885 0.0027597333
1403636917.10189 6.232490 -7.087844 0.483398 0.811633 -0.103198 0.568649 0.085091 0.0003552908 0.0000075349 -0.0001270789 0.0000027912 -0.0000028062 0.0000486745 0.0228935235 0.0175003687 0.0000151559 0.0183551182 -0.0000081921 0.0027599098
1403636917.15189 6.243744 -7.099141 0.472759 0.811487 -0.105627 0.568625 0.083650 0.0003552121 0.0000056214 -0.0001272821 0.0000027165 -0.0000021231 0.0000488286 0.0229525767 0.0175573147 0.0000147685 0.0184056701 -0.0000073380 0.0027600565
1403636917.20189 6.254793 -7.110293 0.460961 0.810881 -0.108864 0.568916 0.083399 0.0003554180 0.0000040352 -0.0001271040 0.0000026687 -0.0000015516 0.0000486678 0.0230148996 0.0176173162 0.0000144454 0.0184593963 -0.0000064649 0.0027602006
1403636917.25189 6.265093 -7.121475 0.447514 0.810357 -0.112922 0.568581 0.085356 0.0003554144 0.0000035038 -0.0001271342 0.0000026519 -0.0000013663 0.0000486808 0.0230781084 0.0176763360 0.0000141757 0.0185113374 -0.0000056306 0.0027602339
1403636917.30189 6.275468 -7.133629 0.433182 0.808897 -0.118034 0.569066 0.088982 0.0003560298 0.0000034204 -0.0001264013 0.0000026432 -0.0000013344 0.0000480609 0.0231412647 0.0177332940 0.0000139397 0.0185603120 -0.0000048428 0.0027600796
1403636917.35190 6.284308 -7.145469 0.417502 0.807742 -0.124228 0.568523 0.094347 0.0003562364 0.0000040563 -0.0001261405 0.0000026409 -0.0000015672 0.0000478245 0.0232115021 0.0177921919 0.0000137923 0.0186077798 -0.0000041260 0.0027595597
1403636917.40190 6.293632 -7.158046 0.401072 0.806085 -0.131711 0.567945 0.101579 0.0003565925 0.0000051568 -0.0001256753 0.0000026583 -0.0000019611 0.0000474238 0.0232803443 0.0178482144 0.0000136758 0.0186530229 -0.0000037743 0.0027589017
1403636917.45189 6.303158 -7.170730 0.382673 0.803940 -0.140869 0.567768 0.107128 0.0003571280 0.0000044486 -0.0001250542 0.0000026234 -0.0000017102 0.0000468853 0.0233506902 0.0179054011 0.0000136154 0.0186992412 -0.0000036093 0.0027577081
1403636917.50189 6.312865 -7.183095 0.363532 0.803010 -0.148286 0.565962 0.113465 0.0003567597 0.0000051974 -0.0001254923 0.0000026283 -0.0000019907 0.0000472186 0.0234223201 0.0179643712 0.0000135957 0.0187489238 -0.0000036742 0.0027563451
1403636917.55188 6.321743 -7.196867 0.344210 0.801376 -0.155551 0.565502 0.117506 0.0003570279 0.0000045687 -0.0001251988 0.0000025865 -0.0000017701 0.0000469382 0.0234891740 0.0180210191 0.0000133690 0.0187970430 -0.0000037250 0.0027542417
1403636917.60188 6.331108 -7.208495 0.328159 0.799825 -0.162402 0.565144 0.120494 0.0003571811 0.0000032552 -0.0001250620 0.0000025350 -0.0000013106 0.0000467972 0.0235681827 0.0180827537 0.0000133150 0.0188462724 -0.0000037640 0.0027525743
1403636917.65189 6.339598 -7.218861 0.312823 0.798170 -0.167624 0.565176 0.124107 0.0003577218 0.0000030493 -0.0001244055 0.0000025095 -0.0000012372 0.0000462390 0.0236306060 0.0181330439 0.0000131266 0.0188886004 -0.0000036445 0.0027508890
1403636917.70190 6.348125 -7.228420 0.299431 0.796971 -0.172440 0.564908 0.126414 0.0003578633 0.0000023149 -0.0001242565 0.0000024741 -0.0000009850 0.0000460839 0.0236880783 0.0181824197 0.0000129001 0.0189333728 -0.0000033775 0.0027491895
1403636917.75190 6.356463 -7.237502 0.288927 0.795735 -0.176766 0.564612 0.129510 0.0003580979 0.0000022354 -0.0001239758 0.0000024464 -0.0000009615 0.0000458206 0.0237426965 0.0182303033 0.0000126376 0.0189777807 -0.0000029341 0.0027475465
1403636917.80190 6.364329 -7.245495 0.281088 0.794801 -0.180213 0.564098 0.132693 0.0003582253 0.0000026460 -0.0001238195 0.0000024230 -0.0000011095 0.0000456541 0.0237929692 0.0182750347 0.0000123394 0.0190196958 -0.0000023971 0.0027459127
1403636917.85191 6.371670 -7.252659 0.275980 0.793897 -0.183071 0.563663 0.136006 0.0003584222 0.0000033602 -0.0001235657 0.0000024029 -0.0000013607 0.0000454077 0.0238370156 0.0183161598 0.0000120869 0.0190592181 -0.0000018339 0.0027441800
1403636917.90191 6.378832 -7.259080 0.273830 0.792964 -0.185598 0.563545 0.138487 0.0003586973 0.0000036645 -0.0001232204 0.0000023741 -0.0000014665 0.0000450872 0.0238745638 0.0183534798 0.0000119710 0.0190956537 -0.0000013336 0.0027423427
1403636917.95193 6.385769 -7.266072 0.272896 0.792636 -0.187252 0.562928 0.140629 0.0003586663 0.0000042987 -0.0001232502 0.0000023431 -0.0000016891 0.0000450586 0.0239068402 0.0183875444 0.0000121825 0.0191281220 -0.0000010607 0.0027401845
1403636918.00194 6.391443 -7.269790 0.273048 0.792985 -0.189057 0.561467 0.142081 0.0003579982 0.0000044723 -0.0001241041 0.0000022970 -0.0000017779 0.0000456550 0.0239418078 0.0184253867 0.0000135939 0.0191584984 -0.0000018314 0.0027367840
1403636918.05194 6.396947 -7.273869 0.271330 0.793252 -0.190256 0.560333 0.143459 0.0003574885 0.0000051187 -0.0001247287 0.0000022763 -0.0000020127 0.0000461085 0.0239583274 0.0184494449 0.0000140922 0.0191839104 -0.0000017714 0.0027345862
1403636918.10195 6.402552 -7.277959 0.268736 0.793781 -0.190194 0.559099 0.145413 0.0003569845 0.0000065303 -0.0001252994 0.0000022842 -0.0000025196 0.0000465270 0.0239776986 0.0184747986 0.0000147124 0.0192093444 -0.0000018675 0.0027323963
1403636918.15195 6.408206 -7.281875 0.265063 0.794390 -0.190159 0.557884 0.146799 0.0003564151 0.0000076255 -0.0001259496 0.0000022899 -0.0000029217 0.0000470142 0.0239973222 0.0185003905 0.0000153569 0.0192355768 -0.0000019942 0.0027301985
1403636918.20196 6.414427 -7.285589 0.260885 0.795291 -0.189413 0.556427 0.148405 0.0003557249 0.0000091980 -0.0001266967 0.0000023249 -0.0000035030 0.0000475903 0.0240157805 0.0185264497 0.0000160938 0.0192635888 -0.0000022157 0.0027279275
1403636918.25196 6.420315 -7.288754 0.258527 0.795938 -0.188647 0.555455 0.149548 0.0003552327 0.0000104095 -0.0001272078 0.0000023543 -0.0000039530 0.0000479776 0.0240331352 0.0185527808 0.0000167259 0.0192936842 -0.0000023694 0.0027257263
1403636918.30197 6.426148 -7.291207 0.257939 0.796399 -0.187837 0.554833 0.150420 0.0003549409 0.0000114036 -0.0001274825 0.0000023784 -0.0000043186 0.0000481711 0.0240458487 0.0185762246 0.0000173543 0.0193222660 -0.0000025623 0.0027234521
1403636918.35199 6.431663 -7.292813 0.258860 0.798597 -0.187248 0.551799 0.150660 0.0003530528 0.0000124847 -0.0001296260 0.0000024197 -0.0000048034 0.0000499503 0.0240544028 0.0185972311 0.0000178572 0.0193502728 -0.0000026683 0.0027214533
1403636918.40200 6.437001 -7.293448 0.260986 0.802384 -0.187929 0.546512 0.148954 0.0003495030 0.0000122929 -0.0001336845 0.0000023771 -0.0000049167 0.0000534767 0.0240578757 0.0186158232 0.0000183786 0.0193778765 -0.0000026852 0.0027196136
1403636918.45201 6.442911 -7.293380 0.265114 0.805780 -0.188002 0.541703 0.148092 0.0003462818 0.0000127338 -0.0001371294 0.0000023827 -0.0000052544 0.0000566315 0.0240583321 0.0186344745 0.0000188004 0.0194079744 -0.0000026173 0.0027178937
1403636918.50201 6.449381 -7.292145 0.271517 0.808328 -0.187855 0.538166 0.147286 0.0003438395 0.0000130550 -0.0001396374 0.0000023809 -0.0000055099 0.0000590175 0.0240550650 0.0186541256 0.0000191676 0.0194425138 -0.0000024946 0.0027161753
1403636918.55201 6.456944 -7.290540 0.280477 0.809524 -0.187622 0.536696 0.146373 0.0003427173 0.0000129262 -0.0001407905 0.0000023444 -0.0000055134 0.0000601207 0.0240455566 0.0186734252 0.0000194627 0.0194810243 -0.0000023273 0.0027143378
1403636918.60201 6.465210 -7.288726 0.290920 0.810381 -0.186372 0.535811 0.146470 0.0003421224 0.0000136014 -0.0001413298 0.0000023680 -0.0000058247 0.0000606244 0.0240343418 0.0186959029 0.0000196822 0.0195248447 -0.0000022893 0.0027123076
1403636918.65201 6.475517 -7.286835 0.304931 0.810091 -0.185288 0.536800 0.145831 0.0003426310 0.0000135357 -0.0001408355 0.0000023358 -0.0000057642 0.0000600968 0.0240220684 0.0187207093 0.0000198546 0.0195746704 -0.0000021361 0.0027102837
1403636918.70201 6.486575 -7.284059 0.320546 0.809170 -0.184944 0.538726 0.144270 0.0003437127 0.0000124055 -0.0001398554 0.0000022230 -0.0000052398 0.0000590790 0.0240084546 0.0187495270 0.0000199859 0.0196325295 -0.0000019441 0.0027081019
1403636918.75200 6.498843 -7.281214 0.338130 0.807359 -0.186767 0.541982 0.139807 0.0003452875 0.0000084506 -0.0001385412 0.0000019566 -0.0000035669 0.0000577264 0.0239883731 0.0187758372 0.0000201605 0.0196916149 -0.0000016762 0.0027056503
1403636918.80200 6.511843 -7.277191 0.356269 0.804850 -0.190651 0.546118 0.132756 0.0003470363 0.0000018798 -0.0001369579 0.0000017358 -0.0000008972 0.0000561575 0.0239709997 0.0188079871 0.0000204384 0.0197594704 -0.0000012723 0.0027030075
1403636918.85200 6.526078 -7.273717 0.375378 0.800934 -0.194919 0.551988 0.125782 0.0003496813 -0.0000052352 -0.0001340092 0.0000017827 0.0000018713 0.0000534263 0.0239494353 0.0188385348 0.0000207805 0.0198283128 -0.0000007469 0.0027001583
1403636918.90200 6.540243 -7.271826 0.395634 0.797268 -0.198160 0.556923 0.122202 0.0003520722 -0.0000097956 -0.0001310606 0.0000019587 0.0000035248 0.0000508225 0.0239330806 0.0188716444 0.0000210785 0.0198982202 -0.0000002707 0.0026973803
1403636918.95200 6.554334 -7.271096 0.415872 0.793042 -0.203676 0.561597 0.119206 0.0003542024 -0.0000150255 -0.0001280713 0.0000023083 0.0000053245 0.0000483073 0.0239289244 0.0189105756 0.0000213411 0.0199693964 0.0000001215 0.0026945871
1403636919.00200 6.568020 -7.272317 0.437280 0.790131 -0.208544 0.564088 0.118354 0.0003552903 -0.0000182895 -0.0001263374 0.0000025996 0.0000064029 0.0000468972 0.0239308736 0.0189507252 0.0000215142 0.0200382161 0.0000002171 0.0026920210
1403636919.05201 6.581651 -7.276100 0.459054 0.787269 -0.213210 0.566521 0.117485 0.0003563047 -0.0000214234 -0.0001245980 0.0000029351 0.0000073989 0.0000455209 0.0239459779 0.0189965135 0.0000216774 0.0201068815 0.0000002241 0.0026898806
1403636919.10202 6.594581 -7.281478 0.481933 0.785528 -0.216482 0.567592 0.117986 0.0003568124 -0.0000228861 -0.0001237069 0.0000031058 0.0000078466 0.0000448198 0.0239769797 0.0190483854 0.0000217946 0.0201736486 0.0000000389 0.0026881415
1403636919.15203 6.605940 -7.290427 0.504198 0.784027 -0.219217 0.568350 0.119265 0.0003573542 -0.0000235806 -0.0001228943 0.0000031812 0.0000080268 0.0000441740 0.0240153259 0.0190985300 0.0000218145 0.0202306187 -0.0000006095 0.0026858244
1403636919.20203 6.618307 -7.298914 0.524993 0.782833 -0.221163 0.568867 0.121036 0.0003579311 -0.0000235472 -0.0001221682 0.0000031617 0.0000079602 0.0000435908 0.0240737967 0.0191540361 0.0000220857 0.0202806050 -0.0000014060 0.0026841994
1403636919.25203 6.627257 -7.308179 0.547751 0.782506 -0.222653 0.568322 0.122961 0.0003578701 -0.0000230441 -0.0001223464 0.0000030896 0.0000078044 0.0000437121 0.0241298099 0.0192117365 0.0000223023 0.0203375039 -0.0000020319 0.0026833606
1403636919.30203 6.636036 -7.318083 0.569689 0.781622 -0.223863 0.568536 0.125378 0.0003584157 -0.0000222690 -0.0001217931 0.0000029792 0.0000074955 0.0000432582 0.0241893831 0.0192617267 0.0000227294 0.0203761171 -0.0000029630 0.0026824043
1403636919.35204 6.645422 -7.327847 0.590965 0.780701 -0.225520 0.568513 0.128220 0.0003588845 -0.0000214885 -0.0001213295 0.0000028730 0.0000071961 0.0000428771 0.0242526701 0.0193124509 0.0000231799 0.0204132867 -0.0000039024 0.0026816439
1403636919.40205 6.650890 -7.338909 0.610178 0.780536 -0.225982 0.567599 0.132388 0.0003591795 -0.0000190159 -0.0001213640 0.0000025882 0.0000063557 0.0000428568 0.0243141251 0.0193645701 0.0000235286 0.0204556952 -0.0000045762 0.0026814889
1403636919.45206 6.654622 -7.349671 0.627119 0.780605 -0.225411 0.566478 0.137657 0.0003596053 -0.0000154488 -0.0001213213 0.0000022404 0.0000051396 0.0000427688 0.0243831797 0.0194089205 0.0000239244 0.0204779284 -0.0000052547 0.0026814537
1403636919.50205 6.657305 -7.360065 0.642363 0.780922 -0.223205 0.565293 0.144167 0.0003602374 -0.0000103808 -0.0001210405 0.0000018713 0.0000034107 0.0000424968 0.0244482321 0.0194465886 0.0000242101 0.0204911869 -0.0000059210 0.0026815423
1403636919.55205 6.658101 -7.370662 0.656022 0.781473 -0.220839 0.563782 0.150600 0.0003605525 -0.0000052491 -0.0001209637 0.0000016451 0.0000016783 0.0000424010 0.0245110647 0.0194803169 0.0000245450 0.0204996665 -0.0000065139 0.0026817308
1403636919.60205 6.657639 -7.380399 0.667994 0.781728 -0.219115 0.562725 0.155660 0.0003608046 -0.0000013193 -0.0001207444 0.0000015713 0.0000003546 0.0000422171 0.0245737744 0.0195091050 0.0000248676 0.0204990608 -0.0000070085 0.0026819480
1403636919.65204 6.656195 -7.388739 0.678408 0.781109 -0.217857 0.562980 0.159561 0.0003615762 0.0000014017 -0.0001197252 0.0000015700 -0.0000005531 0.0000414416 0.0246286585 0.0195310836 0.0000251583 0.0204920163 -0.0000074747 0.0026821271
1403636919.70203 6.651273 -7.398944 0.687137 0.781139 -0.216934 0.562617 0.161936 0.0003616845 0.0000034029 -0.0001195446 0.0000015927 -0.0000012148 0.0000412933 0.0246719251 0.0195471638 0.0000248496 0.0204786165 -0.0000073270 0.0026817775
1403636919.75203 6.648991 -7.408786 0.693685 0.781009 -0.217476 0.562553 0.162060 0.0003617201 0.0000031368 -0.0001195111 0.0000015868 -0.0000011239 0.0000412617 0.0247303519 0.0195577759 0.0000251273 0.0204477405 -0.0000077281 0.0026818478
1403636919.80203 6.646243 -7.418763 0.698545 0.780055 -0.218036 0.563684 0.161974 0.0003623625 0.0000025577 -0.0001186657 0.0000015764 -0.0000009219 0.0000406261 0.0247848476 0.0195754171 0.0000253286 0.0204313012 -0.0000080948 0.0026818754
1403636919.85204 6.643388 -7.428041 0.701722 0.779690 -0.218783 0.564130 0.161169 0.0003624907 0.0000016351 -0.0001185153 0.0000015651 -0.0000006165 0.0000405088 0.0248391762 0.0195925480 0.0000254161 0.0204135957 -0.0000082931 0.0026819556
1403636919.90204 6.642005 -7.438334 0.703507 0.779180 -0.219540 0.564787 0.160303 0.0003627312 0.0000006432 -0.0001182041 0.0000015583 -0.0000002893 0.0000402739 0.0248890575 0.0196078896 0.0000252639 0.0203943722 -0.0000082916 0.0026819380
1403636919.95204 6.640719 -7.449899 0.704472 0.778241 -0.220884 0.566107 0.158347 0.0003631486 -0.0000014063 -0.0001176330 0.0000015620 0.0000003795 0.0000398527 0.0249456388 0.0196298694 0.0000252228 0.0203830838 -0.0000083147 0.0026819005
1403636920.00204 6.638626 -7.460373 0.703432 0.777328 -0.222072 0.567529 0.156063 0.0003635640 -0.0000036216 -0.0001170189 0.0000015921 0.0000010932 0.0000394072 0.0250103175 0.0196544512 0.0000251861 0.0203704054 -0.0000083235 0.0026818724
1403636920.05204 6.635684 -7.470696 0.701165 0.776202 -0.223582 0.569240 0.153253 0.0003640155 -0.0000063660 -0.0001162797 0.0000016672 0.0000019652 0.0000388813 0.0250694783 0.0196740398 0.0000250560 0.0203535543 -0.0000082573 0.0026817641
1403636920.10204 6.632005 -7.480998 0.697812 0.775294 -0.225022 0.570640 0.150510 0.0003642775 -0.0000089607 -0.0001157471 0.0000017762 0.0000027826 0.0000385112 0.0251278078 0.0196901532 0.0000248796 0.0203316797 -0.0000081192 0.0026816036
1403636920.15203 6.628043 -7.491926 0.693509 0.774562 -0.226566 0.571785 0.147590 0.0003643381 -0.0000116216 -0.0001154306 0.0000019266 0.0000036212 0.0000383010 0.0251874096 0.0197038352 0.0000246457 0.0203049794 -0.0000079203 0.0026813848
1403636920.20203 6.622714 -7.503101 0.688321 0.773946 -0.227446 0.572827 0.145417 0.0003644721 -0.0000135446 -0.0001150365 0.0000020592 0.0000042170 0.0000380351 0.0252520518 0.0197186975 0.0000243973 0.0202771644 -0.0000076693 0.0026811855
1403636920.25202 6.616144 -7.514919 0.681996 0.774310 -0.226453 0.572564 0.146056 0.0003644856 -0.0000126436 -0.0001151254 0.0000019936 0.0000039348 0.0000380881 0.0253192719 0.0197300195 0.0000240162 0.0202412262 -0.0000072650 0.0026809536
1403636920.30201 6.609587 -7.529417 0.676750 0.775249 -0.222898 0.571552 0.150441 0.0003648144 -0.0000082265 -0.0001150639 0.0000017384 0.0000025304 0.0000380125 0.0253900772 0.0197405285 0.0000229680 0.0201983818 -0.0000059079 0.0026800383
1403636920.35202 6.596736 -7.538737 0.667748 0.776052 -0.219253 0.570622 0.155118 0.0003651489 -0.0000036778 -0.0001148281 0.0000015889 0.0000010869 0.0000378289 0.0254766445 0.0197561022 0.0000227340 0.0201583463 -0.0000057332 0.0026799472
1403636920.40201 6.583716 -7.548309 0.658964 0.777020 -0.216427 0.569386 0.158739 0.0003650615 0.0000000273 -0.0001150158 0.0000015509 -0.0000000826 0.0000379553 0.0255305576 0.0197384508 0.0000224411 0.0200855473 -0.0000055616 0.0026795932
1403636920.45201 6.569385 -7.557331 0.651284 0.778893 -0.213884 0.566974 0.161618 0.0003641449 0.0000034483 -0.0001162614 0.0000015828 -0.0000011791 0.0000388406 0.0255842803 0.0197199392 0.0000221473 0.0200118305 -0.0000053864 0.0026792120
1403636920.50202 6.554750 -7.565910 0.645415 0.780463 -0.212660 0.564899 0.162919 0.0003631576 0.0000052684 -0.0001175667 0.0000016258 -0.0000017857 0.0000397851 0.0256345322 0.0196975616 0.0000218155 0.0199342263 -0.0000051926 0.0026787682
1403636920.55202 6.538923 -7.571667 0.640828 0.782439 -0.212185 0.562191 0.163428 0.0003616963 0.0000064715 -0.0001194938 0.0000016631 -0.0000022192 0.0000412070 0.0256806353 0.0196711846 0.0000216507 0.0198535564 -0.0000050776 0.0026783958
1403636920.60202 6.522266 -7.577375 0.638886 0.784453 -0.212279 0.559468 0.162992 0.0003600415 0.0000068106 -0.0001216655 0.0000016757 -0.0000023830 0.0000428502 0.0257089546 0.0196337890 0.0000214829 0.0197676740 -0.0000050213 0.0026780822
1403636920.65202 6.505415 -7.581944 0.638622 0.786560 -0.212965 0.556472 0.162197 0.0003581755 0.0000067590 -0.0001240649 0.0000016742 -0.0000024226 0.0000447188 0.0257411824 0.0195984061 0.0000213509 0.0196825477 -0.0000049812 0.0026778141
1403636920.70203 6.487636 -7.585118 0.640629 0.788766 -0.213464 0.553256 0.161829 0.0003562025 0.0000070939 -0.0001265007 0.0000016880 -0.0000026013 0.0000466789 0.0257637198 0.0195563908 0.0000212456 0.0195931366 -0.0000049501 0.0026775230
1403636920.75204 6.470041 -7.587349 0.644095 0.790515 -0.214065 0.550701 0.161215 0.0003545711 0.0000070814 -0.0001284729 0.0000016880 -0.0000026478 0.0000483110 0.0257801479 0.0195116787 0.0000211649 0.0195034025 -0.0000049139 0.0026772219
1403636920.80204 6.451814 -7.588110 0.649194 0.792390 -0.215178 0.547792 0.160436 0.0003526802 0.0000068360 -0.0001307077 0.0000016789 -0.0000026152 0.0000502113 0.0257881991 0.0194614119 0.0000211083 0.0194100008 -0.0000048743 0.0026768851
1403636920.85205 6.433134 -7.587799 0.656583 0.793558 -0.215929 0.546049 0.159595 0.0003514653 0.0000064297 -0.0001321216 0.0000016631 -0.0000024980 0.0000514409 0.0257902668 0.0194110534 0.0000211441 0.0193197785 -0.0000048265 0.0026764943
1403636920.90207 6.415334 -7.586617 0.665463 0.794184 -0.216565 0.545077 0.158941 0.0003507764 0.0000059966 -0.0001329201 0.0000016468 -0.0000023526 0.0000521420 0.0257831392 0.0193536923 0.0000210254 0.0192222113 -0.0000047303 0.0026759431
1403636920.95207 6.399233 -7.587103 0.675385 0.794469 -0.216931 0.544423 0.159259 0.0003504190 0.0000061968 -0.0001333125 0.0000016538 -0.0000024381 0.0000524925 0.0257737156 0.0192991841 0.0000209550 0.0191338606 -0.0000046396 0.0026755480
1403636921.00208 6.383682 -7.587807 0.684824 0.794487 -0.217188 0.544314 0.159195 0.0003503409 0.0000060651 -0.0001334070 0.0000016487 -0.0000023899 0.0000525753 0.0257741509 0.0192541093 0.0000209370 0.0190542631 -0.0000045584 0.0026751671
1403636921.05208 6.368946 -7.588391 0.692904 0.794545 -0.217507 0.544091 0.159228 0.0003502076 0.0000059983 -0.0001335597 0.0000016461 -0.0000023678 0.0000527108 0.0257765239 0.0192111548 0.0000209051 0.0189771387 -0.0000045135 0.0026748022
1403636921.10208 6.355122 -7.589473 0.699740 0.793906 -0.217964 0.544845 0.159211 0.0003506856 0.0000056135 -0.0001330435 0.0000016326 -0.0000022091 0.0000522456 0.0257781009 0.0191702158 0.0000208676 0.0189043806 -0.0000044662 0.0026744190
1403636921.15209 6.339817 -7.588668 0.705119 0.793714 -0.217939 0.544981 0.159738 0.0003508356 0.0000058675 -0.0001328646 0.0000016401 -0.0000023020 0.0000520864 0.0257830834 0.0191336366 0.0000208642 0.0188365625 -0.0000044725 0.0026740541
1403636921.20210 6.327710 -7.590397 0.709026 0.792411 -0.217696 0.546765 0.160441 0.0003520802 0.0000059737 -0.0001314485 0.0000016427 -0.0000023100 0.0000508382 0.0257763162 0.0190868427 0.0000208252 0.0187607805 -0.0000044796 0.0026736102
1403636921.25211 6.316522 -7.592386 0.711830 0.789665 -0.216997 0.550735 0.161349 0.0003546588 0.0000058450 -0.0001284417 0.0000016368 -0.0000021957 0.0000482642 0.0257845739 0.0190558623 0.0000208002 0.0187013347 -0.0000045109 0.0026732026
1403636921.30211 6.305781 -7.593995 0.713244 0.786698 -0.216361 0.554850 0.162591 0.0003573279 0.0000058288 -0.0001251918 0.0000016346 -0.0000021204 0.0000455957 0.0257941948 0.0190270304 0.0000207727 0.0186448451 -0.0000045629 0.0026727626
1403636921.35211 6.295339 -7.594869 0.713000 0.783997 -0.217132 0.558608 0.161738 0.0003594275 0.0000040652 -0.0001226051 0.0000015840 -0.0000014618 0.0000435451 0.0257997374 0.0189977696 0.0000207415 0.0185907494 -0.0000046163 0.0026722815
1403636921.40211 6.285029 -7.594938 0.711294 0.781775 -0.218812 0.561685 0.159560 0.0003608776 0.0000012867 -0.0001207767 0.0000015409 -0.0000005013 0.0000421362 0.0258006113 0.0189667299 0.0000207275 0.0185371158 -0.0000046555 0.0026717903
1403636921.45210 6.274563 -7.594251 0.708386 0.779888 -0.220415 0.564239 0.157562 0.0003620120 -0.0000012436 -0.0001192659 0.0000015386 0.0000003428 0.0000410010 0.0257978487 0.0189344361 0.0000207305 0.0184839147 -0.0000046639 0.0026712546
1403636921.50209 6.263623 -7.592992 0.703539 0.779376 -0.223363 0.564894 0.153548 0.0003616838 -0.0000050546 -0.0001196053 0.0000016027 0.0000016106 0.0000412610 0.0257901019 0.0188983113 0.0000207890 0.0184276744 -0.0000046093 0.0026706906
1403636921.55208 6.251692 -7.591544 0.697781 0.779740 -0.225712 0.564245 0.150619 0.0003607702 -0.0000076288 -0.0001206828 0.0000016921 0.0000024951 0.0000420823 0.0257802753 0.0188599497 0.0000208440 0.0183696296 -0.0000046253 0.0026702786
1403636921.60207 6.239106 -7.590011 0.690502 0.781326 -0.228640 0.561798 0.147090 0.0003586710 -0.0000103362 -0.0001232050 0.0000018275 0.0000034982 0.0000440425 0.0257707620 0.0188182808 0.0000209051 0.0183060453 -0.0000046421 0.0026699117
1403636921.65206 6.225364 -7.589062 0.681745 0.784401 -0.230834 0.557262 0.144531 0.0003555014 -0.0000116004 -0.0001270326 0.0000019068 0.0000040955 0.0000471286 0.0257639225 0.0187759453 0.0000209429 0.0182396974 -0.0000046807 0.0026696078
1403636921.70205 6.211139 -7.588661 0.671597 0.789907 -0.232269 0.549136 0.143345 0.0003503660 -0.0000108038 -0.0001330768 0.0000018598 0.0000040535 0.0000523062 0.0257610713 0.0187331616 0.0000209489 0.0181700621 -0.0000047659 0.0026693464
1403636921.75204 6.196973 -7.588877 0.661102 0.794833 -0.234007 0.541679 0.141653 0.0003453418 -0.0000106039 -0.0001385033 0.0000018507 0.0000042030 0.0000573340 0.0257615956 0.0186916019 0.0000209280 0.0181002540 -0.0000048645 0.0026691018
1403636921.80204 6.183287 -7.590458 0.651115 0.798732 -0.233217 0.535750 0.143559 0.0003419439 -0.0000076826 -0.0001421308 0.0000016961 0.0000031382 0.0000608809 0.0257690865 0.0186542896 0.0000208651 0.0180328943 -0.0000049634 0.0026688509
1403636921.85203 6.170514 -7.593218 0.641679 0.799829 -0.232603 0.533904 0.145313 0.0003411038 -0.0000059701 -0.0001430332 0.0000016268 0.0000024448 0.0000617850 0.0257844040 0.0186228043 0.0000207892 0.0179700260 -0.0000050376 0.0026686080
1403636921.90201 6.158760 -7.596870 0.632353 0.799556 -0.231678 0.534079 0.147630 0.0003416900 -0.0000043116 -0.0001425144 0.0000015758 0.0000017363 0.0000612451 0.0258060301 0.0185965154 0.0000207033 0.0179116586 -0.0000050870 0.0026683701
1403636921.95199 6.148169 -7.601092 0.623471 0.796875 -0.230490 0.537672 0.150909 0.0003446766 -0.0000028397 -0.0001395475 0.0000015442 0.0000010848 0.0000582860 0.0258331376 0.0185756312 0.0000205999 0.0178586692 -0.0000051094 0.0026681223
1403636922.00197 6.138500 -7.606010 0.614372 0.793872 -0.229008 0.541516 0.155186 0.0003479438 -0.0000007306 -0.0001361392 0.0000015219 0.0000002172 0.0000550372 0.0258626013 0.0185581687 0.0000204831 0.0178098889 -0.0000050974 0.0026678468
1403636922.05194 6.129783 -7.611114 0.605630 0.790563 -0.228028 0.545257 0.160337 0.0003512250 0.0000016755 -0.0001325121 0.0000015289 -0.0000007049 0.0000517470 0.0258951111 0.0185435254 0.0000203562 0.0177637351 -0.0000051245 0.0026675613
1403636922.10194 6.121620 -7.617429 0.596729 0.787589 -0.228583 0.548349 0.163605 0.0003536931 0.0000024783 -0.0001296571 0.0000015384 -0.0000009826 0.0000492673 0.0259253184 0.0185303152 0.0000202161 0.0177214963 -0.0000050524 0.0026672466
1403636922.15194 6.113174 -7.622746 0.589049 0.785209 -0.228980 0.550504 0.167216 0.0003556241 0.0000038169 -0.0001273236 0.0000015627 -0.0000014426 0.0000473115 0.0259589752 0.0185193476 0.0000200896 0.0176811435 -0.0000050081 0.0026669660
1403636922.20194 6.105076 -7.627926 0.583098 0.784193 -0.230412 0.550542 0.169867 0.0003561038 0.0000046621 -0.0001267137 0.0000015833 -0.0000017363 0.0000468106 0.0259894846 0.0185070853 0.0000199391 0.0176408908 -0.0000049590 0.0026666766
1403636922.25194 6.097193 -7.633627 0.578132 0.785879 -0.232201 0.546796 0.171729 0.0003541771 0.0000058813 -0.0001289805 0.0000016209 -0.0000022216 0.0000487003 0.0260198997 0.0184959726 0.0000198085 0.0176027586 -0.0000048774 0.0026664548
1403636922.30194 6.089076 -7.639208 0.574816 0.787446 -0.233768 0.543221 0.173758 0.0003523468 0.0000072603 -0.0001310489 0.0000016739 -0.0000027829 0.0000504788 0.0260509913 0.0184848492 0.0000196866 0.0175642515 -0.0000047657 0.0026662613
1403636922.35196 6.081187 -7.644574 0.572643 0.788631 -0.236125 0.540353 0.174140 0.0003506643 0.0000071877 -0.0001329665 0.0000016719 -0.0000028085 0.0000521643 0.0260842130 0.0184764678 0.0000195752 0.0175287081 -0.0000046256 0.0026661209
1403636922.40196 6.074408 -7.650151 0.570557 0.790073 -0.238117 0.537034 0.175157 0.0003487989 0.0000077329 -0.0001350016 0.0000016965 -0.0000030777 0.0000540065 0.0261142387 0.0184655640 0.0000194695 0.0174914551 -0.0000044847 0.0026659902
1403636922.45196 6.067905 -7.655475 0.567468 0.791494 -0.240784 0.533474 0.175970 0.0003467275 0.0000079518 -0.0001372172 0.0000017084 -0.0000032330 0.0000560687 0.0261470786 0.0184599052 0.0000193762 0.0174609512 -0.0000043293 0.0026659101
1403636922.50196 6.062159 -7.661060 0.563027 0.791910 -0.244452 0.530490 0.178053 0.0003452674 0.0000083037 -0.0001387282 0.0000017270 -0.0000034241 0.0000575128 0.0261803197 0.0184552694 0.0000193048 0.0174320100 -0.0000041835 0.0026658392
1403636922.55195 6.057138 -7.666568 0.557220 0.792006 -0.249048 0.527453 0.180264 0.0003438099 0.0000083579 -0.0001402225 0.0000017318 -0.0000034976 0.0000589680 0.0262152017 0.0184540052 0.0000192594 0.0174076566 -0.0000040369 0.0026657745
1403636922.60194 6.053025 -7.671972 0.550636 0.790743 -0.253252 0.526236 0.183479 0.0003437296 0.0000086546 -0.0001402890 0.0000017480 -0.0000036225 0.0000590347 0.0262499883 0.0184558814 0.0000192244 0.0173886117 -0.0000038964 0.0026656956
1403636922.70191 6.046932 -7.681636 0.536559 0.783616 -0.258802 0.531019 0.192317 0.0003486356 0.0000098066 -0.0001350682 0.0000018104 -0.0000038916 0.0000540791 0.0263100386 0.0184625342 0.0000190882 0.0173621129 -0.0000037484 0.0026656773
1403636922.75190 6.044720 -7.686121 0.529547 0.777683 -0.260956 0.537349 0.195875 0.0003533147 0.0000089918 -0.0001298508 0.0000017630 -0.0000033956 0.0000494481 0.0263422390 0.0184696609 0.0000190133 0.0173535284 -0.0000036098 0.0026654476
1403636922.80188 6.042584 -7.689891 0.522120 0.772495 -0.264706 0.542677 0.196684 0.0003567467 0.0000061641 -0.0001259036 0.0000016395 -0.0000022624 0.0000461404 0.0263661725 0.0184729221 0.0000189467 0.0173440716 -0.0000034692 0.0026651261
1403636922.85188 6.040349 -7.692721 0.515528 0.767949 -0.268932 0.547521 0.195319 0.0003593382 0.0000020052 -0.0001227837 0.0000015427 -0.0000007667 0.0000436463 0.0263836549 0.0184722974 0.0000188916 0.0173325164 -0.0000032838 0.0026647696
1403636922.90187 6.037697 -7.695214 0.510753 0.763863 -0.272344 0.551870 0.194375 0.0003616046 -0.0000014398 -0.0001198274 0.0000015360 0.0000003995 0.0000413874 0.0263976077 0.0184692886 0.0000188195 0.0173194213 -0.0000030810 0.0026644394
1403636922.95186 6.034321 -7.697111 0.507974 0.760620 -0.276044 0.555259 0.192207 0.0003629860 -0.0000054250 -0.0001178488 0.0000016100 0.0000016881 0.0000399317 0.0264087491 0.0184627428 0.0000187569 0.0173024885 -0.0000028230 0.0026640847
1403636923.00185 6.030194 -7.698597 0.506396 0.757856 -0.279716 0.558041 0.189746 0.0003638850 -0.0000094001 -0.0001163598 0.0000017708 0.0000029367 0.0000388723 0.0264190957 0.0184538383 0.0000186981 0.0172824753 -0.0000026010 0.0026638361
1403636923.05184 6.024646 -7.700010 0.504969 0.757073 -0.282686 0.557790 0.189209 0.0003635687 -0.0000110320 -0.0001166623 0.0000018612 0.0000034720 0.0000390978 0.0264309072 0.0184421486 0.0000186498 0.0172571417 -0.0000023890 0.0026636271
1403636923.10183 6.017881 -7.701467 0.503536 0.755998 -0.284685 0.557570 0.191148 0.0003638119 -0.0000108756 -0.0001163436 0.0000018502 0.0000034087 0.0000388653 0.0264406688 0.0184248506 0.0000185712 0.0172243500 -0.0000022592 0.0026634768
1403636923.15181 6.009627 -7.702513 0.499902 0.755473 -0.288691 0.555523 0.193164 0.0003630815 -0.0000110343 -0.0001173474 0.0000018593 0.0000034962 0.0000395864 0.0264498204 0.0184032123 0.0000185243 0.0171851848 -0.0000021763 0.0026633333
1403636923.20179 5.999913 -7.703858 0.495253 0.755509 -0.292502 0.552225 0.196716 0.0003620188 -0.0000098483 -0.0001189075 0.0000017904 0.0000031620 0.0000407172 0.0264575762 0.0183774221 0.0000184950 0.0171404414 -0.0000021484 0.0026631871
1403636923.25178 5.988396 -7.705353 0.489288 0.756691 -0.296505 0.546921 0.200953 0.0003600146 -0.0000077031 -0.0001217275 0.0000016855 0.0000025278 0.0000428246 0.0264653011 0.0183460583 0.0000184874 0.0170871098 -0.0000021642 0.0026630337
1403636923.30176 5.976149 -7.707117 0.482337 0.758281 -0.299548 0.541097 0.206144 0.0003579243 -0.0000044101 -0.0001245683 0.0000015723 0.0000014524 0.0000450248 0.0264743978 0.0183115124 0.0000185009 0.0170280657 -0.0000021986 0.0026628613
1403636923.35176 5.963566 -7.708602 0.473876 0.760399 -0.302423 0.534847 0.210412 0.0003553317 -0.0000013682 -0.0001278305 0.0000015207 0.0000004040 0.0000476654 0.0264847475 0.0182766305 0.0000185240 0.0169678899 -0.0000022535 0.0026627058
1403636923.40175 5.951122 -7.709679 0.464515 0.762752 -0.305686 0.528609 0.212927 0.0003522649 0.0000005641 -0.0001314447 0.0000015134 -0.0000003030 0.0000507352 0.0264917014 0.0182398338 0.0000185507 0.0169068620 -0.0000023242 0.0026625218
1403636923.45175 5.939635 -7.710803 0.454135 0.764876 -0.309043 0.522836 0.214707 0.0003492435 0.0000019246 -0.0001348244 0.0000015198 -0.0000008390 0.0000537456 0.0264983030 0.0182048792 0.0000185779 0.0168489691 -0.0000023874 0.0026623470
1403636923.50175 5.929130 -7.712125 0.442947 0.767605 -0.312108 0.516621 0.215579 0.0003456535 0.0000031033 -0.0001386394 0.0000015336 -0.0000013440 0.0000573169 0.0265056312 0.0181742388 0.0000185835 0.0167974089 -0.0000024377 0.0026621792
1403636923.55176 5.919590 -7.713690 0.432346 0.770366 -0.315493 0.510671 0.214978 0.0003417768 0.0000032759 -0.0001425611 0.0000015334 -0.0000014672 0.0000611893 0.0265153258 0.0181486068 0.0000185704 0.0167522969 -0.0000024719 0.0026620444
1403636923.60177 5.911323 -7.716095 0.423957 0.772596 -0.317787 0.505862 0.214966 0.0003387032 0.0000038818 -0.0001455105 0.0000015425 -0.0000017706 0.0000642484 0.0265292992 0.0181279018 0.0000185425 0.0167123241 -0.0000024625 0.0026619101
1403636923.65178 5.904140 -7.719375 0.418302 0.773559 -0.319802 0.503176 0.214821 0.0003369292 0.0000038220 -0.0001471693 0.0000015375 -0.0000017733 0.0000660230 0.0265500415 0.0181149786 0.0000184624 0.0166805432 -0.0000024091 0.0026617910
1403636923.70180 5.898503 -7.724086 0.415263 0.774936 -0.320379 0.500188 0.215970 0.0003352735 0.0000051841 -0.0001486389 0.0000015696 -0.0000024058 0.0000676399 0.0265785974 0.0181088450 0.0000184088 0.0166546014 -0.0000023158 0.0026616372
1403636923.75181 5.894677 -7.729672 0.415526 0.774518 -0.321058 0.500200 0.216435 0.0003354204 0.0000051392 -0.0001485128 0.0000015624 -0.0000023835 0.0000674924 0.0266139501 0.0181106474 0.0000183605 0.0166368575 -0.0000021900 0.0026614297
1403636923.80182 5.892375 -7.736256 0.417690 0.774238 -0.320840 0.500173 0.217818 0.0003357729 0.0000059575 -0.0001481682 0.0000015830 -0.0000027392 0.0000671099 0.0266551137 0.0181194209 0.0000183280 0.0166263759 -0.0000020512 0.0026611643
1403636923.85182 5.891646 -7.743726 0.420891 0.774150 -0.319728 0.500196 0.219704 0.0003362583 0.0000074258 -0.0001476649 0.0000016343 -0.0000033746 0.0000665623 0.0266999505 0.0181342708 0.0000183126 0.0166230021 -0.0000019206 0.0026608384
1403636923.90182 5.892253 -7.751869 0.423189 0.774407 -0.320642 0.499754 0.218467 0.0003356454 0.0000065319 -0.0001482691 0.0000015891 -0.0000029981 0.0000672088 0.0267485163 0.0181547735 0.0000183264 0.0166260867 -0.0000018036 0.0026604853
1403636923.95182 5.894405 -7.761054 0.424748 0.774674 -0.319928 0.499275 0.219661 0.0003356417 0.0000076320 -0.0001482244 0.0000016275 -0.0000034855 0.0000671617 0.0268060392 0.0181828272 0.0000183520 0.0166355201 -0.0000017000 0.0026601228
1403636924.00182 5.897970 -7.771124 0.425341 0.774849 -0.319181 0.499469 0.219688 0.0003357419 0.0000079117 -0.0001481236 0.0000016316 -0.0000036063 0.0000670448 0.0268661220 0.0182170243 0.0000183810 0.0166528973 -0.0000016018 0.0026597430
1403636924.05182 5.903170 -7.782353 0.424355 0.774795 -0.318753 0.499583 0.220241 0.0003359589 0.0000083290 -0.0001479084 0.0000016413 -0.0000037828 0.0000668032 0.0269350470 0.0182585517 0.0000184797 0.0166763896 -0.0000014953 0.0026592960
1403636924.10182 5.910005 -7.794369 0.422184 0.774482 -0.318055 0.500270 0.220793 0.0003365459 0.0000086967 -0.0001473561 0.0000016504 -0.0000039241 0.0000661938 0.0270104319 0.0183079708 0.0000185254 0.0167083033 -0.0000014026 0.0026589092
1403636924.15182 5.918324 -7.807134 0.418864 0.773977 -0.316883 0.501554 0.221333 0.0003375030 0.0000090649 -0.0001464559 0.0000016471 -0.0000040450 0.0000652085 0.0270898057 0.0183636142 0.0000189885 0.0167473450 -0.0000011544 0.0026579313
1403636924.20182 5.927777 -7.820523 0.414444 0.773733 -0.315894 0.502253 0.222016 0.0003381237 0.0000096086 -0.0001458465 0.0000016668 -0.0000042560 0.0000645540 0.0271744225 0.0184250214 0.0000190610 0.0167924015 -0.0000010242 0.0026575003
1403636924.25182 5.938500 -7.834218 0.409188 0.774080 -0.314977 0.502168 0.222301 0.0003381300 0.0000101897 -0.0001458053 0.0000016914 -0.0000045056 0.0000645100 0.0272615538 0.0184912218 0.0000191146 0.0168433990 -0.0000008796 0.0026571045
1403636924.30182 5.950693 -7.848293 0.405176 0.772646 -0.314853 0.504717 0.221690 0.0003396491 0.0000090807 -0.0001444450 0.0000016175 -0.0000039703 0.0000630523 0.0273501450 0.0185627802 0.0000191565 0.0169017808 -0.0000006994 0.0026567139
1403636924.35182 5.964180 -7.862744 0.402437 0.772080 -0.315966 0.505894 0.219385 0.0003398692 0.0000070000 -0.0001443546 0.0000015096 -0.0000030772 0.0000629286 0.0274416120 0.0186395815 0.0000192069 0.0169665616 -0.0000004827 0.0026563502
1403636924.40181 5.978543 -7.877421 0.400921 0.769861 -0.317986 0.509593 0.215670 0.0003413185 0.0000029153 -0.0001430977 0.0000013814 -0.0000013179 0.0000615982 0.0275370803 0.0187219261 0.0000193018 0.0170375955 -0.0000002814 0.0026560660
1403636924.45181 5.993979 -7.892993 0.401471 0.766927 -0.319542 0.514252 0.212745 0.0003435192 -0.0000008769 -0.0001409458 0.0000013514 0.0000002714 0.0000594195 0.0276354941 0.0188069232 0.0000193949 0.0171110480 -0.0000000605 0.0026558135
1403636924.50181 6.010316 -7.909846 0.404287 0.763612 -0.320479 0.519492 0.210517 0.0003461687 -0.0000042672 -0.0001381665 0.0000013954 0.0000016209 0.0000567188 0.0277420282 0.0188983916 0.0000194831 0.0171897356 0.0000001761 0.0026555997
1403636924.55181 6.027084 -7.928095 0.409232 0.760173 -0.321573 0.524801 0.208115 0.0003487096 -0.0000078951 -0.0001352977 0.0000015166 0.0000029867 0.0000540507 0.0278561153 0.0189948960 0.0000195587 0.0172718079 0.0000004011 0.0026554527
1403636924.60181 6.044002 -7.947344 0.414581 0.756708 -0.323055 0.530283 0.204519 0.0003509158 -0.0000124051 -0.0001325177 0.0000017730 0.0000046147 0.0000515840 0.0279790127 0.0190953725 0.0000196448 0.0173549281 0.0000005911 0.0026553950
1403636924.65181 6.060620 -7.966862 0.418335 0.753943 -0.324328 0.534415 0.201945 0.0003525472 -0.0000158224 -0.0001302903 0.0000020414 0.0000057830 0.0000496793 0.0281073818 0.0191956321 0.0000197587 0.0174346180 0.0000007747 0.0026553412
1403636924.70181 6.076443 -7.987511 0.421029 0.751606 -0.324567 0.538171 0.200290 0.0003541860 -0.0000181568 -0.0001280621 0.0000022596 0.0000065035 0.0000478198 0.0282376419 0.0192953124 0.0000198823 0.0175124758 0.0000008919 0.0026553636
1403636924.75181 6.091551 -8.008835 0.421896 0.748987 -0.324866 0.542489 0.197954 0.0003558933 -0.0000210799 -0.0001255480 0.0000025745 0.0000073789 0.0000457943 0.0283742130 0.0193945318 0.0000200435 0.0175860683 0.0000009992 0.0026554032
1403636924.80181 6.105339 -8.030900 0.420985 0.746463 -0.325010 0.546632 0.195842 0.0003575078 -0.0000237789 -0.0001230512 0.0000029053 0.0000081305 0.0000438469 0.0285160479 0.0194926507 0.0000202314 0.0176550573 0.0000010838 0.0026555130
1403636924.85181 6.117524 -8.053643 0.418398 0.744105 -0.324698 0.550305 0.195048 0.0003592135 -0.0000254064 -0.0001205316 0.0000031183 0.0000084730 0.0000419261 0.0286635517 0.0195875499 0.0000204401 0.0177159502 0.0000011583 0.0026556554
1403636924.90181 6.127869 -8.077010 0.413683 0.742312 -0.325037 0.552247 0.195827 0.0003603938 -0.0000259010 -0.0001188711 0.0000031809 0.0000084918 0.0000406818 0.0288150141 0.0196778412 0.0000206371 0.0177676377 0.0000012133 0.0026558481
1403636924.95181 6.136553 -8.101481 0.407306 0.740667 -0.327250 0.552626 0.197293 0.0003608434 -0.0000263602 -0.0001181734 0.0000032444 0.0000085824 0.0000401686 0.0289711655 0.0197638047 0.0000208071 0.0178101380 0.0000011737 0.0026562131
1403636925.00180 6.143392 -8.126628 0.398708 0.739836 -0.330330 0.550832 0.200273 0.0003605506 -0.0000256509 -0.0001187297 0.0000031435 0.0000083965 0.0000405626 0.0291342717 0.0198464358 0.0000209595 0.0178437071 0.0000011281 0.0026566157
1403636925.05179 6.147802 -8.151862 0.388502 0.740382 -0.331794 0.547353 0.205308 0.0003600794 -0.0000224610 -0.0001200059 0.0000027187 0.0000074325 0.0000414589 0.0292995704 0.0199238190 0.0000210748 0.0178682254 0.0000010860 0.0026570369
1403636925.10178 6.150557 -8.177113 0.377161 0.740792 -0.332141 0.544294 0.211313 0.0003601175 -0.0000184045 -0.0001206502 0.0000022572 0.0000061088 0.0000418827 0.0294667165 0.0199957645 0.0000211607 0.0178836582 0.0000010582 0.0026574856
1403636925.15178 6.152217 -8.202519 0.364197 0.743231 -0.331399 0.538669 0.218215 0.0003590264 -0.0000123822 -0.0001228334 0.0000017426 0.0000041726 0.0000434889 0.0296329245 0.0200626169 0.0000211920 0.0178922707 0.0000011057 0.0026579342
1403636925.20178 6.153369 -8.228065 0.350897 0.745414 -0.330098 0.533501 0.225320 0.0003580949 -0.0000061859 -0.0001244864 0.0000014221 0.0000020797 0.0000447415 0.0298002277 0.0201279039 0.0000211688 0.0178981423 0.0000011889 0.0026583829
1403636925.25178 6.154453 -8.253515 0.336255 0.748459 -0.330002 0.527235 0.230069 0.0003558015 -0.0000013679 -0.0001274652 0.0000013205 0.0000004142 0.0000471367 0.0299677630 0.0201924747 0.0000211338 0.0179029632 0.0000012627 0.0026589115
1403636925.30178 6.156312 -8.278389 0.320567 0.752077 -0.330716 0.520318 0.232973 0.0003525562 0.0000023203 -0.0001312864 0.0000013314 -0.0000009445 0.0000503728 0.0301351871 0.0202574996 0.0000211015 0.0179090724 0.0000013756 0.0026594686
1403636925.35178 6.158485 -8.302085 0.303671 0.755808 -0.332137 0.513163 0.234741 0.0003487265 0.0000051714 -0.0001354925 0.0000013938 -0.0000020936 0.0000541416 0.0302995291 0.0203251642 0.0000210450 0.0179208895 0.0000015502 0.0026600201
1403636925.40179 6.161306 -8.326160 0.286009 0.759698 -0.334087 0.505965 0.235039 0.0003444042 0.0000070328 -0.0001399670 0.0000014621 -0.0000029454 0.0000583984 0.0304571394 0.0203915811 0.0000209988 0.0179350520 0.0000017072 0.0026605981
1403636925.45180 6.164168 -8.350010 0.268555 0.762300 -0.336154 0.500739 0.234858 0.0003410844 0.0000078627 -0.0001432393 0.0000015012 -0.0000033906 0.0000616829 0.0306197570 0.0204639501 0.0000209522 0.0179556621 0.0000018921 0.0026612135
1403636925.50180 6.168111 -8.374351 0.252255 0.764647 -0.337956 0.496018 0.234664 0.0003380286 0.0000086321 -0.0001461157 0.0000015417 -0.0000038215 0.0000647020 0.0307819402 0.0205363744 0.0000208826 0.0179766316 0.0000021237 0.0026618315
1403636925.55180 6.173825 -8.398995 0.237933 0.766862 -0.339785 0.491629 0.234028 0.0003350156 0.0000090466 -0.0001488531 0.0000015668 -0.0000041107 0.0000676942 0.0309484764 0.0206153509 0.0000208742 0.0180052592 0.0000024058 0.0026625273
1403636925.60180 6.180942 -8.424157 0.226027 0.769080 -0.341490 0.487404 0.233103 0.0003319919 0.0000092998 -0.0001514998 0.0000015843 -0.0000043359 0.0000707057 0.0311180613 0.0207017836 0.0000208366 0.0180435504 0.0000026866 0.0026632653
1403636925.65180 6.190070 -8.449729 0.216349 0.770397 -0.343742 0.484552 0.231385 0.0003296419 0.0000084495 -0.0001535463 0.0000015412 -0.0000040266 0.0000731043 0.0312916708 0.0207945242 0.0000207977 0.0180891415 0.0000030029 0.0026640110
1403636925.70180 6.201282 -8.476787 0.209054 0.771594 -0.344277 0.482135 0.231651 0.0003280916 0.0000091900 -0.0001547881 0.0000015832 -0.0000044282 0.0000746173 0.0314759523 0.0209001553 0.0000207384 0.0181480599 0.0000033601 0.0026647601
1403636925.75180 6.214765 -8.505134 0.204551 0.772344 -0.344368 0.480468 0.232478 0.0003271948 0.0000101494 -0.0001554621 0.0000016420 -0.0000049169 0.0000754614 0.0316686412 0.0210149917 0.0000206655 0.0182161594 0.0000037324 0.0026655312
1403636925.80179 6.230429 -8.534882 0.203195 0.772181 -0.344216 0.480493 0.233195 0.0003274195 0.0000105680 -0.0001552570 0.0000016693 -0.0000051066 0.0000752157 0.0318682903 0.0211397183 0.0000205933 0.0182950907 0.0000041133 0.0026663101
1403636925.85178 6.248927 -8.566549 0.204016 0.770466 -0.343073 0.483128 0.235096 0.0003297305 0.0000111213 -0.0001533197 0.0000017042 -0.0000052672 0.0000728761 0.0320846258 0.0212804667 0.0000205168 0.0183885327 0.0000045258 0.0026671163
1403636925.90175 6.270571 -8.600906 0.205362 0.766449 -0.341721 0.489375 0.237267 0.0003344755 0.0000106600 -0.0001492614 0.0000016688 -0.0000048514 0.0000681693 0.0323071162 0.0214307245 0.0000204762 0.0184920975 0.0000048990 0.0026676656
1403636925.95173 6.293728 -8.635295 0.209288 0.762094 -0.339018 0.496215 0.240936 0.0003399056 0.0000112948 -0.0001441981 0.0000017047 -0.0000048861 0.0000627079 0.0325494506 0.0215988615 0.0000204236 0.0186114157 0.0000052930 0.0026683894
1403636926.00172 6.318272 -8.669864 0.213168 0.756796 -0.336194 0.504230 0.244919 0.0003459808 0.0000117144 -0.0001380820 0.0000017261 -0.0000047695 0.0000566149 0.0327927099 0.0217707270 0.0000203725 0.0187355798 0.0000056801 0.0026690298
1403636926.05171 6.343565 -8.703854 0.215991 0.750532 -0.334810 0.513666 0.246476 0.0003521153 0.0000096917 -0.0001315356 0.0000015952 -0.0000037111 0.0000506148 0.0330334808 0.0219462691 0.0000202954 0.0188665168 0.0000060764 0.0026696549
1403636926.10171 6.368834 -8.737093 0.216883 0.745229 -0.334412 0.521544 0.246565 0.0003567467 0.0000069907 -0.0001262225 0.0000014642 -0.0000025603 0.0000461177 0.0332667341 0.0221192320 0.0000202030 0.0189977262 0.0000064518 0.0026702295
1403636926.15171 6.393705 -8.769296 0.215356 0.740424 -0.334657 0.528737 0.245387 0.0003605116 0.0000035365 -0.0001216033 0.0000013609 -0.0000012756 0.0000424597 0.0334959397 0.0222901995 0.0000201000 0.0191282865 0.0000068243 0.0026708409
1403636926.20172 6.417992 -8.800370 0.211808 0.736542 -0.335855 0.534706 0.242479 0.0003630391 -0.0000008046 -0.0001182843 0.0000013272 0.0000001841 0.0000399705 0.0337163596 0.0224553939 0.0000200020 0.0192552358 0.0000072087 0.0026714943
1403636926.25173 6.441808 -8.830243 0.206108 0.733789 -0.336849 0.538890 0.240175 0.0003646575 -0.0000040985 -0.0001159809 0.0000013711 0.0000012289 0.0000383127 0.0339320800 0.0226156824 0.0000200160 0.0193773333 0.0000075503 0.0026721319
1403636926.30173 6.463945 -8.858701 0.198977 0.731739 -0.337925 0.542223 0.237398 0.0003656663 -0.0000073250 -0.0001143965 0.0000014714 0.0000022201 0.0000372088 0.0341382189 0.0227701310 0.0000199393 0.0194963004 0.0000079442 0.0026728639
1403636926.35173 6.485084 -8.886027 0.190054 0.729779 -0.339316 0.545434 0.234070 0.0003664046 -0.0000109560 -0.0001130455 0.0000016523 0.0000033125 0.0000362950 0.0343340762 0.0229142603 0.0000198618 0.0196056725 0.0000083448 0.0026735815
1403636926.40173 6.504602 -8.912759 0.180288 0.728708 -0.340190 0.547533 0.231224 0.0003666876 -0.0000136365 -0.0001123443 0.0000018307 0.0000041140 0.0000358347 0.0345223601 0.0230521176 0.0000195735 0.0197098119 0.0000085865 0.0026742530
1403636926.45172 6.524549 -8.937846 0.169689 0.728459 -0.340253 0.548472 0.229681 0.0003667422 -0.0000148350 -0.0001121170 0.0000019220 0.0000044738 0.0000356892 0.0347080483 0.0231821054 0.0000193338 0.0198036882 0.0000088444 0.0026749371
1403636926.50172 6.542273 -8.960021 0.158347 0.728943 -0.340702 0.548479 0.227454 0.0003661671 -0.0000161939 -0.0001127738 0.0000020367 0.0000049293 0.0000361455 0.0348814576 0.0233089616 0.0000189901 0.0198991564 0.0000090598 0.0026755729
1403636926.55171 6.556922 -8.984719 0.148015 0.730903 -0.339381 0.546460 0.228000 0.0003653719 -0.0000144132 -0.0001141703 0.0000018882 0.0000044449 0.0000370914 0.0350371973 0.0234218395 0.0000188024 0.0199835511 0.0000093558 0.0026762174
1403636926.60171 6.569698 -9.009860 0.139866 0.733194 -0.337895 0.543944 0.228866 0.0003644070 -0.0000122397 -0.0001157990 0.0000017301 0.0000038292 0.0000382181 0.0352148082 0.0235344075 0.0000186799 0.0200559269 0.0000096991 0.0026769108
1403636926.65171 6.580567 -9.033506 0.133303 0.734971 -0.335883 0.541948 0.230853 0.0003639573 -0.0000094593 -0.0001166929 0.0000015642 0.0000029704 0.0000388369 0.0353931269 0.0236392725 0.0000185827 0.0201167093 0.0000100008 0.0026775386
1403636926.70171 6.591628 -9.056926 0.127638 0.736953 -0.335117 0.539633 0.231068 0.0003628405 -0.0000080785 -0.0001183394 0.0000014976 0.0000025719 0.0000400227 0.0355614803 0.0237353389 0.0000185822 0.0201696908 0.0000102728 0.0026780573
1403636926.75171 6.600208 -9.079064 0.123628 0.739063 -0.336346 0.536102 0.230765 0.0003608908 -0.0000074425 -0.0001209986 0.0000014717 0.0000024326 0.0000420024 0.0357239186 0.0238270828 0.0000185636 0.0202196260 0.0000105047 0.0026786455
1403636926.80170 6.608092 -9.101324 0.121745 0.739336 -0.340246 0.533809 0.229482 0.0003592453 -0.0000090906 -0.0001230309 0.0000015494 0.0000030536 0.0000435742 0.0358836044 0.0239118693 0.0000185932 0.0202607343 0.0000106916 0.0026792505
1403636926.85169 6.615995 -9.124153 0.121327 0.739685 -0.345094 0.530437 0.228936 0.0003571593 -0.0000103762 -0.0001255651 0.0000016225 0.0000035909 0.0000455912 0.0360492402 0.0239983698 0.0000186885 0.0203010816 0.0000108282 0.0026799032
1403636926.90167 6.623385 -9.147853 0.122034 0.738069 -0.351475 0.528598 0.228700 0.0003559034 -0.0000128332 -0.0001268870 0.0000017863 0.0000045224 0.0000466874 0.0362185258 0.0240837535 0.0000188515 0.0203378253 0.0000108846 0.0026805495
1403636926.95166 6.630572 -9.173356 0.122166 0.735955 -0.358503 0.526409 0.229651 0.0003547329 -0.0000148521 -0.0001280854 0.0000019483 0.0000053135 0.0000477002 0.0363982210 0.0241731178 0.0000190254 0.0203752194 0.0000108824 0.0026812302
1403636927.00165 6.636520 -9.199613 0.121569 0.732574 -0.365456 0.524930 0.232865 0.0003545981 -0.0000160056 -0.0001281126 0.0000020519 0.0000057359 0.0000477347 0.0365904070 0.0242649215 0.0000192377 0.0204097918 0.0000107881 0.0026818518
1403636927.05164 6.642382 -9.227695 0.118661 0.728996 -0.372788 0.522894 0.237014 0.0003544532 -0.0000166641 -0.0001282056 0.0000021153 0.0000059826 0.0000478176 0.0367899840 0.0243558425 0.0000194942 0.0204393053 0.0000105728 0.0026823742
1403636927.10163 6.646463 -9.254750 0.114858 0.725458 -0.379867 0.520106 0.242696 0.0003543864 -0.0000161984 -0.0001283487 0.0000020744 0.0000058224 0.0000479266 0.0370030444 0.0244499181 0.0000197247 0.0204670540 0.0000103410 0.0026828822
1403636927.15162 6.649413 -9.282057 0.109680 0.720962 -0.388330 0.517621 0.247955 0.0003543364 -0.0000167659 -0.0001283401 0.0000021297 0.0000060304 0.0000479234 0.0372064597 0.0245329435 0.0000199481 0.0204845461 0.0000100298 0.0026833660
1403636927.20162 6.651077 -9.309345 0.102755 0.716405 -0.396523 0.514489 0.254627 0.0003544388 -0.0000162935 -0.0001282824 0.0000020871 0.0000058555 0.0000478637 0.0374135042 0.0246131241 0.0000201432 0.0204963081 0.0000096713 0.0026837682
1403636927.25162 6.651341 -9.336437 0.094045 0.711513 -0.405054 0.511017 0.261807 0.0003545780 -0.0000156434 -0.0001281996 0.0000020290 0.0000056146 0.0000477805 0.0376200174 0.0246877815 0.0000202798 0.0205006744 0.0000092950 0.0026841195
1403636927.30162 6.650790 -9.363388 0.083392 0.707461 -0.412667 0.506571 0.269426 0.0003544726 -0.0000139440 -0.0001285221 0.0000018858 0.0000050127 0.0000480232 0.0378222836 0.0247568620 0.0000204344 0.0204989327 0.0000088035 0.0026843037
1403636927.35163 6.649909 -9.389687 0.071806 0.704938 -0.419126 0.501251 0.275940 0.0003536257 -0.0000117667 -0.0001297413 0.0000017272 0.0000042717 0.0000490244 0.0380259182 0.0248252894 0.0000205607 0.0204963543 0.0000084891 0.0026845696
1403636927.40164 6.648887 -9.415554 0.059551 0.705418 -0.424411 0.492857 0.281697 0.0003509630 -0.0000079043 -0.0001330876 0.0000015111 0.0000029472 0.0000518985 0.0382244157 0.0248902457 0.0000207414 0.0204917424 0.0000082788 0.0026848738
1403636927.45164 6.647656 -9.441274 0.046873 0.706742 -0.429876 0.484353 0.284823 0.0003472496 -0.0000052071 -0.0001372757 0.0000014091 0.0000020051 0.0000557112 0.0384199000 0.0249549083 0.0000209525 0.0204885905 0.0000081526 0.0026852818
1403636927.50164 6.646370 -9.466663 0.033916 0.708456 -0.434820 0.476159 0.286870 0.0003432624 -0.0000028720 -0.0001414593 0.0000013520 0.0000011268 0.0000597520 0.0386164531 0.0250196997 0.0000212168 0.0204851982 0.0000080800 0.0026857028
1403636927.55165 6.645122 -9.492363 0.019364 0.710546 -0.439539 0.468062 0.287834 0.0003389142 -0.0000009861 -0.0001457157 0.0000013269 0.0000003634 0.0000641189 0.0388126970 0.0250847802 0.0000215306 0.0204826440 0.0000081105 0.0026860183
1403636927.60165 6.645359 -9.519976 0.007194 0.711681 -0.443768 0.461887 0.288516 0.0003354272 0.0000002175 -0.0001489344 0.0000013217 -0.0000001588 0.0000676090 0.0390157103 0.0251537003 0.0000218396 0.0204827094 0.0000081514 0.0026864707
1403636927.65165 6.646854 -9.548972 -0.002847 0.712137 -0.446060 0.457622 0.290645 0.0003336528 0.0000020371 -0.0001505023 0.0000013308 -0.0000009840 0.0000693712 0.0392378570 0.0252355854 0.0000221397 0.0204919015 0.0000082745 0.0026869077
1403636927.70166 6.648606 -9.579209 -0.009862 0.712466 -0.448418 0.454095 0.291736 0.0003319122 0.0000030598 -0.0001520013 0.0000013428 -0.0000014677 0.0000710975 0.0394707494 0.0253263515 0.0000223494 0.0205088012 0.0000084663 0.0026874321
1403636927.75166 6.650890 -9.610358 -0.014129 0.711985 -0.450341 0.452506 0.292421 0.0003312045 0.0000032011 -0.0001526083 0.0000013395 -0.0000015412 0.0000718034 0.0397120169 0.0254211015 0.0000226283 0.0205273945 0.0000087162 0.0026878311
1403636927.80167 6.654941 -9.642836 -0.016003 0.710844 -0.452094 0.452486 0.292521 0.0003312592 0.0000024540 -0.0001525822 0.0000013205 -0.0000011952 0.0000717625 0.0399624196 0.0255203803 0.0000229140 0.0205482745 0.0000089966 0.0026881359
1403636927.85168 6.659886 -9.676566 -0.016008 0.710118 -0.452793 0.452587 0.293045 0.0003315322 0.0000023202 -0.0001523585 0.0000013109 -0.0000011309 0.0000714916 0.0402256976 0.0256305727 0.0000232239 0.0205783303 0.0000093205 0.0026883411
1403636927.90169 6.667279 -9.709945 -0.015709 0.709005 -0.453336 0.453616 0.293310 0.0003322592 0.0000017342 -0.0001517486 0.0000012937 -0.0000008555 0.0000707683 0.0404983719 0.0257468536 0.0000237109 0.0206123747 0.0000097533 0.0026882558
1403636927.95169 6.673904 -9.746235 -0.016004 0.708139 -0.453088 0.454485 0.294438 0.0003332186 0.0000018787 -0.0001509222 0.0000012847 -0.0000009147 0.0000698063 0.0407690190 0.0258711348 0.0000240788 0.0206586488 0.0000101675 0.0026881924
1403636928.00170 6.681454 -9.784000 -0.017002 0.707175 -0.453226 0.455736 0.294609 0.0003340403 0.0000013204 -0.0001502146 0.0000012683 -0.0000006567 0.0000689890 0.0410605177 0.0259987872 0.0000244326 0.0207000693 0.0000105746 0.0026880989
1403636928.05170 6.690177 -9.823258 -0.018315 0.706276 -0.452236 0.457229 0.295972 0.0003354546 0.0000016811 -0.0001489587 0.0000012606 -0.0000008098 0.0000675708 0.0413643752 0.0261335092 0.0000247136 0.0207458012 0.0000110024 0.0026880687
1403636928.10170 6.699454 -9.865321 -0.020095 0.704190 -0.450525 0.460755 0.298075 0.0003383240 0.0000017643 -0.0001463345 0.0000012479 -0.0000008263 0.0000646994 0.0416831152 0.0262785474 0.0000249749 0.0207989356 0.0000115248 0.0026879391
1403636928.15171 6.709485 -9.907354 -0.022468 0.701823 -0.448597 0.464833 0.300226 0.0003415225 0.0000016552 -0.0001432865 0.0000012320 -0.0000007560 0.0000614988 0.0420248097 0.0264330377 0.0000251646 0.0208545843 0.0000118898 0.0026876288
1403636928.20171 6.720752 -9.951081 -0.026178 0.697977 -0.446832 0.471067 0.302100 0.0003458167 0.0000003481 -0.0001389790 0.0000012146 -0.0000002005 0.0000572118 0.0423659436 0.0265899681 0.0000251808 0.0209144217 0.0000123873 0.0026875765
1403636928.25171 6.732563 -9.994600 -0.030983 0.693749 -0.445456 0.477989 0.302999 0.0003499837 -0.0000019877 -0.0001345129 0.0000012164 0.0000007055 0.0000530344 0.0427188689 0.0267544195 0.0000251473 0.0209794909 0.0000128193 0.0026875406
1403636928.30172 6.744349 -10.038699 -0.036576 0.690336 -0.444276 0.483632 0.303573 0.0003532292 -0.0000039044 -0.0001308073 0.0000012389 0.0000013891 0.0000497564 0.0430681127 0.0269176270 0.0000250121 0.0210447711 0.0000133215 0.0026874317
1403636928.35172 6.756454 -10.082138 -0.042957 0.686873 -0.442511 0.489354 0.304831 0.0003566803 -0.0000053519 -0.0001266504 0.0000012675 0.0000018447 0.0000462683 0.0434218072 0.0270823363 0.0000247965 0.0211103698 0.0000138345 0.0026874085
1403636928.40172 6.767926 -10.124878 -0.051655 0.685207 -0.440951 0.492490 0.305791 0.0003586277 -0.0000057387 -0.0001242193 0.0000012709 0.0000019322 0.0000443113 0.0437700980 0.0272449163 0.0000245982 0.0211759031 0.0000143644 0.0026875143
1403636928.45172 6.778946 -10.166654 -0.061383 0.683809 -0.439762 0.495018 0.306549 0.0003601801 -0.0000060919 -0.0001222236 0.0000012742 0.0000020123 0.0000427497 0.0441125830 0.0274019490 0.0000243676 0.0212368970 0.0000149264 0.0026876484
1403636928.50173 6.787051 -10.207807 -0.070579 0.683484 -0.437887 0.495788 0.308705 0.0003613116 -0.0000045746 -0.0001208175 0.0000012209 0.0000014737 0.0000416641 0.0444471412 0.0275544267 0.0000240986 0.0212954322 0.0000155646 0.0026878302
1403636928.55173 6.796568 -10.247900 -0.078349 0.684164 -0.437046 0.495255 0.309246 0.0003612339 -0.0000036605 -0.0001209618 0.0000011921 0.0000011699 0.0000417635 0.0447763241 0.0276931596 0.0000238774 0.0213385586 0.0000161982 0.0026880346
1403636928.60172 6.805648 -10.287529 -0.085047 0.686015 -0.436695 0.493155 0.308999 0.0003601297 -0.0000025053 -0.0001224457 0.0000011653 0.0000007961 0.0000428887 0.0451007590 0.0278368026 0.0000236871 0.0213907038 0.0000168557 0.0026883664
1403636928.65172 6.814271 -10.326296 -0.090760 0.688742 -0.436811 0.489590 0.308436 0.0003581415 -0.0000010158 -0.0001250099 0.0000011443 0.0000002987 0.0000448920 0.0454230257 0.0279777595 0.0000235658 0.0214404809 0.0000175521 0.0026887064
1403636928.70171 6.822959 -10.363935 -0.093992 0.691901 -0.437495 0.485472 0.306902 0.0003554832 0.0000000010 -0.0001282826 0.0000011338 -0.0000000550 0.0000475526 0.0457422192 0.0281177112 0.0000235021 0.0214904444 0.0000182577 0.0026890656
1403636928.75171 6.831282 -10.401619 -0.096014 0.695072 -0.438287 0.481133 0.305436 0.0003526778 0.0000011200 -0.0001315814 0.0000011315 -0.0000004705 0.0000503526 0.0460528115 0.0282552114 0.0000234865 0.0215410117 0.0000188908 0.0026895285
1403636928.80171 6.840016 -10.438101 -0.096146 0.697374 -0.438431 0.477996 0.304906 0.0003507824 0.0000023273 -0.0001337216 0.0000011396 -0.0000009399 0.0000522373 0.0463635455 0.0283909974 0.0000234879 0.0215895520 0.0000194907 0.0026901109
1403636928.85171 6.848999 -10.474425 -0.094194 0.699153 -0.438992 0.475424 0.304044 0.0003490619 0.0000029211 -0.0001356155 0.0000011453 -0.0000011870 0.0000539500 0.0466694853 0.0285285073 0.0000235289 0.0216423878 0.0000200535 0.0026906821
1403636928.90171 6.858308 -10.511147 -0.090329 0.699555 -0.438806 0.474851 0.304284 0.0003488218 0.0000033928 -0.0001358744 0.0000011503 -0.0000013724 0.0000541811 0.0469754635 0.0286666589 0.0000236038 0.0216959420 0.0000205960 0.0026911913
1403636928.95173 6.868288 -10.548587 -0.083282 0.698485 -0.437256 0.476473 0.306428 0.0003504573 0.0000043038 -0.0001340614 0.0000011663 -0.0000016968 0.0000525238 0.0472884982 0.0288103272 0.0000236932 0.0217532675 0.0000210894 0.0026916586
1403636929.00173 6.880289 -10.586069 -0.073315 0.693861 -0.436856 0.483221 0.306939 0.0003543317 0.0000014375 -0.0001297013 0.0000011175 -0.0000005718 0.0000486993 0.0476061112 0.0289579818 0.0000237101 0.0218149508 0.0000214562 0.0026921608
1403636929.05173 6.892568 -10.623184 -0.061621 0.688655 -0.437166 0.490591 0.306530 0.0003580811 -0.0000025393 -0.0001251430 0.0000011284 0.0000008473 0.0000449411 0.0479245151 0.0291117513 0.0000237335 0.0218842994 0.0000216866 0.0026926388
1403636929.10174 6.905034 -10.659696 -0.048528 0.684380 -0.437863 0.496785 0.305129 0.0003607275 -0.0000065920 -0.0001216173 0.0000012301 0.0000021872 0.0000421952 0.0482347904 0.0292624048 0.0000237537 0.0219528973 0.0000218318 0.0026930662
1403636929.15173 6.917029 -10.695157 -0.034106 0.681009 -0.438873 0.501500 0.303504 0.0003624517 -0.0000101937 -0.0001190835 0.0000013960 0.0000033183 0.0000403074 0.0485415841 0.0294110569 0.0000237935 0.0220200185 0.0000217791 0.0026934132
1403636929.20172 6.931519 -10.733888 -0.019966 0.679045 -0.440352 0.504263 0.301174 0.0003629339 -0.0000133002 -0.0001181300 0.0000015961 0.0000043023 0.0000396240 0.0488421059 0.0295566340 0.0000241373 0.0220833909 0.0000213489 0.0026935188
1403636929.25172 6.942836 -10.768212 -0.005258 0.678419 -0.442089 0.505287 0.298313 0.0003623799 -0.0000159853 -0.0001185623 0.0000018145 0.0000052073 0.0000399635 0.0491706217 0.0297203487 0.0000243414 0.0221604959 0.0000210804 0.0026940659
1403636929.30171 6.952751 -10.802569 0.008483 0.677853 -0.443925 0.506261 0.295206 0.0003616934 -0.0000187160 -0.0001191014 0.0000020789 0.0000061441 0.0000403908 0.0494638227 0.0298594419 0.0000246394 0.0222205921 0.0000207825 0.0026945557
1403636929.35171 6.961450 -10.835161 0.021242 0.677853 -0.444669 0.506795 0.293162 0.0003611920 -0.0000202538 -0.0001195291 0.0000022466 0.0000066870 0.0000407270 0.0497599757 0.0299915113 0.0000249189 0.0222700205 0.0000200075 0.0026949303
1403636929.40171 6.967861 -10.869702 0.031241 0.678650 -0.443759 0.506127 0.293849 0.0003611940 -0.0000191365 -0.0001197207 0.0000021254 0.0000063275 0.0000408529 0.0500427249 0.0301118749 0.0000252772 0.0223111652 0.0000197078 0.0026955303
1403636929.45171 6.973083 -10.903970 0.039490 0.679467 -0.443269 0.505527 0.293733 0.0003609149 -0.0000186156 -0.0001201842 0.0000020726 0.0000061843 0.0000411918 0.0503417037 0.0302289381 0.0000256767 0.0223418394 0.0000194071 0.0026961735
1403636929.50171 6.976904 -10.936825 0.045837 0.681815 -0.441102 0.502864 0.296116 0.0003605959 -0.0000151315 -0.0001211024 0.0000017475 0.0000050650 0.0000418427 0.0506393237 0.0303398862 0.0000261295 0.0223655364 0.0000191514 0.0026967911
1403636929.55171 6.979409 -10.966683 0.050998 0.684113 -0.438719 0.500185 0.298880 0.0003603423 -0.0000113957 -0.0001218501 0.0000014730 0.0000038346 0.0000423759 0.0509248619 0.0304426795 0.0000266153 0.0223833394 0.0000189089 0.0026973148
1403636929.60171 6.981853 -10.997829 0.053732 0.685864 -0.436174 0.498301 0.301725 0.0003604565 -0.0000078998 -0.0001219874 0.0000012865 0.0000026522 0.0000424555 0.0511860762 0.0305332540 0.0000269870 0.0223960784 0.0000188600 0.0026978522
1403636929.65171 6.983550 -11.028027 0.054984 0.688218 -0.433440 0.495372 0.305111 0.0003601591 -0.0000035881 -0.0001225851 0.0000011501 0.0000011968 0.0000428966 0.0514566217 0.0306263717 0.0000273286 0.0224081207 0.0000189020 0.0026983625
1403636929.70171 6.984604 -11.056933 0.055236 0.689095 -0.431541 0.494557 0.307137 0.0003604184 -0.0000013477 -0.0001223035 0.0000011206 0.0000004315 0.0000426745 0.0517181952 0.0307153346 0.0000275739 0.0224182113 0.0000190419 0.0026988905
1403636929.75171 6.985127 -11.084734 0.053900 0.690085 -0.429788 0.493466 0.309122 0.0003605001 0.0000009365 -0.0001222106 0.0000011194 -0.0000003447 0.0000426020 0.0519667116 0.0307969959 0.0000277598 0.0224238032 0.0000192468 0.0026993939
1403636929.80171 6.984665 -11.112425 0.047404 0.691136 -0.429207 0.492154 0.309672 0.0003600175 0.0000021382 -0.0001228282 0.0000011302 -0.0000007567 0.0000430785 0.0522061296 0.0308754188 0.0000277868 0.0224250428 0.0000195806 0.0026994830
1403636929.85171 6.984955 -11.139209 0.043782 0.690609 -0.429184 0.492984 0.309560 0.0003603873 0.0000016712 -0.0001223666 0.0000011269 -0.0000005935 0.0000427206 0.0524455304 0.0309496626 0.0000278737 0.0224237091 0.0000197413 0.0027000586
1403636929.90171 6.985926 -11.166546 0.039889 0.690026 -0.429418 0.494145 0.308681 0.0003607078 0.0000006090 -0.0001219691 0.0000011218 -0.0000002302 0.0000424136 0.0526774597 0.0310258334 0.0000278742 0.0224268830 0.0000200220 0.0027005951
1403636929.95171 6.986652 -11.191953 0.037293 0.689145 -0.430086 0.495710 0.307210 0.0003610396 -0.0000011356 -0.0001215412 0.0000011258 0.0000003604 0.0000420864 0.0529126612 0.0311043493 0.0000278811 0.0224322893 0.0000202573 0.0027011827
1403636930.00171 6.987203 -11.216687 0.036095 0.687771 -0.431549 0.497583 0.305199 0.0003613339 -0.0000036773 -0.0001211141 0.0000011614 0.0000012137 0.0000417656 0.0531321087 0.0311770050 0.0000278750 0.0224371467 0.0000204926 0.0027017598
1403636930.05170 6.986771 -11.239881 0.036989 0.686971 -0.432504 0.498835 0.303604 0.0003614282 -0.0000054827 -0.0001209317 0.0000012090 0.0000018178 0.0000416328 0.0533525961 0.0312485963 0.0000278592 0.0224406675 0.0000207412 0.0027023245
1403636930.10170 6.987600 -11.265294 0.041034 0.687542 -0.433230 0.498091 0.302494 0.0003606960 -0.0000059358 -0.0001218828 0.0000012252 0.0000019900 0.0000423580 0.0535563305 0.0313079632 0.0000278677 0.0224365199 0.0000209614 0.0027028539
1403636930.15170 6.987994 -11.289823 0.046584 0.686465 -0.435301 0.499183 0.300159 0.0003604326 -0.0000085404 -0.0001220817 0.0000013316 0.0000028800 0.0000425235 0.0537777610 0.0313782551 0.0000278927 0.0224391461 0.0000211494 0.0027033989
1403636930.20170 6.987382 -11.313460 0.053325 0.686571 -0.435824 0.499091 0.299309 0.0003600937 -0.0000091231 -0.0001224896 0.0000013621 0.0000030916 0.0000428411 0.0540008629 0.0314476755 0.0000279904 0.0224414722 0.0000212546 0.0027039773
1403636930.25170 6.985882 -11.336216 0.061374 0.686937 -0.436877 0.498704 0.297573 0.0003593031 -0.0000102011 -0.0001234316 0.0000014223 0.0000034941 0.0000435807 0.0542074980 0.0315050592 0.0000281032 0.0224355708 0.0000213040 0.0027045012
1403636930.30170 6.983776 -11.358604 0.070514 0.687211 -0.438214 0.498030 0.296101 0.0003584370 -0.0000111805 -0.0001244562 0.0000014833 0.0000038732 0.0000443951 0.0544119907 0.0315575035 0.0000282564 0.0224245393 0.0000212976 0.0027050308
1403636930.35170 6.980908 -11.380780 0.082486 0.687374 -0.438160 0.497754 0.296264 0.0003583641 -0.0000109451 -0.0001245786 0.0000014704 0.0000037959 0.0000444900 0.0546154617 0.0316070486 0.0000284515 0.0224104019 0.0000212514 0.0027055448
1403636930.40170 6.976534 -11.401695 0.095127 0.687422 -0.436818 0.497500 0.298555 0.0003590461 -0.0000091470 -0.0001238700 0.0000013696 0.0000031454 0.0000439156 0.0548155935 0.0316515491 0.0000288008 0.0223901245 0.0000209711 0.0027059105
1403636930.45171 6.972211 -11.423046 0.105958 0.688810 -0.434652 0.495423 0.301951 0.0003591955 -0.0000055774 -0.0001239016 0.0000012246 0.0000019100 0.0000439202 0.0550022189 0.0316853045 0.0000290792 0.0223632274 0.0000208126 0.0027062791
1403636930.50172 6.965751 -11.442076 0.116018 0.688920 -0.433380 0.495124 0.304012 0.0003597256 -0.0000039221 -0.0001232962 0.0000011815 0.0000013287 0.0000434397 0.0551919010 0.0317217547 0.0000294194 0.0223378654 0.0000205509 0.0027065998
1403636930.55172 6.960920 -11.462312 0.123567 0.688987 -0.431838 0.495040 0.306184 0.0003604251 -0.0000021503 -0.0001224468 0.0000011533 0.0000007132 0.0000427771 0.0553615633 0.0317422078 0.0000296990 0.0223014007 0.0000203893 0.0027069004
1403636930.60172 6.956001 -11.482144 0.129230 0.689185 -0.431552 0.494954 0.306279 0.0003604217 -0.0000019206 -0.0001224641 0.0000011526 0.0000006350 0.0000427900 0.0555409349 0.0317732849 0.0000299461 0.0222746091 0.0000202433 0.0027072574
1403636930.65172 6.951151 -11.501317 0.133311 0.688111 -0.432077 0.496452 0.305530 0.0003609368 -0.0000032508 -0.0001217741 0.0000011736 0.0000010805 0.0000422625 0.0557164201 0.0318024644 0.0000301568 0.0222470278 0.0000201117 0.0027076148
1403636930.70171 6.946711 -11.520055 0.136178 0.687134 -0.433895 0.498005 0.302611 0.0003607474 -0.0000061939 -0.0001219166 0.0000012525 0.0000020799 0.0000423813 0.0558832380 0.0318299841 0.0000303340 0.0222206194 0.0000199790 0.0027079724
1403636930.75172 6.941796 -11.538445 0.137736 0.685866 -0.435871 0.499880 0.299541 0.0003606252 -0.0000094530 -0.0001218756 0.0000013957 0.0000031845 0.0000423678 0.0560498973 0.0318581419 0.0000304983 0.0221948151 0.0000198220 0.0027083335
1403636930.80171 6.936266 -11.556396 0.137237 0.684213 -0.438604 0.502215 0.295397 0.0003602830 -0.0000138039 -0.0001219150 0.0000016793 0.0000046652 0.0000424341 0.0562179684 0.0318839747 0.0000306351 0.0221658896 0.0000197010 0.0027087385
1403636930.85171 6.930231 -11.574621 0.135970 0.682995 -0.439762 0.503769 0.293843 0.0003604518 -0.0000158482 -0.0001214543 0.0000018495 0.0000053361 0.0000421029 0.0563829531 0.0319040589 0.0000307509 0.0221312085 0.0000196182 0.0027091518
1403636930.90171 6.923288 -11.592969 0.133483 0.680958 -0.442496 0.505433 0.291599 0.0003603338 -0.0000190679 -0.0001211539 0.0000021645 0.0000064105 0.0000419136 0.0565484100 0.0319200987 0.0000308667 0.0220915226 0.0000195408 0.0027095791
1403636930.95170 6.915169 -11.611413 0.129542 0.678136 -0.446814 0.506593 0.289573 0.0003599033 -0.0000227733 -0.0001210856 0.0000025997 0.0000076654 0.0000419164 0.0567177894 0.0319319302 0.0000309932 0.0220455348 0.0000194516 0.0027100175
1403636931.00170 6.906738 -11.631313 0.124193 0.674590 -0.452090 0.507402 0.288248 0.0003594226 -0.0000265107 -0.0001209600 0.0000031172 0.0000089301 0.0000418855 0.0568873424 0.0319381906 0.0000311680 0.0219920991 0.0000192851 0.0027104301
1403636931.05170 6.895650 -11.651316 0.117761 0.671666 -0.456576 0.506384 0.289791 0.0003591776 -0.0000277306 -0.0001210143 0.0000033057 0.0000093533 0.0000419500 0.0570724372 0.0319451738 0.0000313296 0.0219353354 0.0000191422 0.0027109024
1403636931.10169 6.881935 -11.671020 0.113091 0.668909 -0.458420 0.505185 0.295297 0.0003604978 -0.0000258925 -0.0001196967 0.0000030254 0.0000086057 0.0000409167 0.0572622430 0.0319424263 0.0000314102 0.0218653405 0.0000190995 0.0027113320
1403636931.15170 6.866236 -11.690020 0.109917 0.666535 -0.457949 0.504130 0.303097 0.0003628253 -0.0000219844 -0.0001173538 0.0000024985 0.0000071154 0.0000391249 0.0574417876 0.0319240914 0.0000315039 0.0217816474 0.0000191301 0.0027117277
1403636931.20170 6.849010 -11.708921 0.108392 0.665529 -0.456910 0.501538 0.311069 0.0003645050 -0.0000169058 -0.0001158775 0.0000019509 0.0000053743 0.0000380014 0.0576119837 0.0318932451 0.0000315876 0.0216872757 0.0000192725 0.0027120447
1403636931.25170 6.830665 -11.726356 0.109212 0.663149 -0.455663 0.501038 0.318694 0.0003669017 -0.0000130000 -0.0001129625 0.0000016281 0.0000039985 0.0000359357 0.0577806350 0.0318569637 0.0000316750 0.0215877989 0.0000194550 0.0027123007
1403636931.30170 6.811359 -11.742718 0.111590 0.660774 -0.454877 0.501266 0.324341 0.0003688697 -0.0000105163 -0.0001103050 0.0000014683 0.0000031381 0.0000341356 0.0579369501 0.0318127530 0.0000317761 0.0214840231 0.0000196117 0.0027124909
1403636931.35170 6.791019 -11.757920 0.114649 0.660175 -0.453966 0.499416 0.329646 0.0003698026 -0.0000069863 -0.0001091719 0.0000013002 0.0000020521 0.0000333767 0.0580779098 0.0317587958 0.0000319034 0.0213746291 0.0000197575 0.0027125083
1403636931.40170 6.770772 -11.771456 0.119529 0.659701 -0.453586 0.497627 0.333799 0.0003703219 -0.0000042502 -0.0001085215 0.0000012185 0.0000012325 0.0000329478 0.0582057632 0.0316966511 0.0000321060 0.0212611182 0.0000197665 0.0027126044
1403636931.45170 6.749632 -11.783098 0.125960 0.661237 -0.452335 0.493592 0.338417 0.0003699677 0.0000003781 -0.0001091638 0.0000011718 -0.0000001288 0.0000333579 0.0583157992 0.0316302180 0.0000323596 0.0211490618 0.0000196980 0.0027126512
1403636931.50170 6.728407 -11.792811 0.134154 0.662798 -0.450534 0.489679 0.343413 0.0003696942 0.0000053682 -0.0001094648 0.0000012514 -0.0000016113 0.0000335611 0.0584104171 0.0315573035 0.0000326592 0.0210349141 0.0000195372 0.0027126330
1403636931.55169 6.707292 -11.800382 0.143846 0.664657 -0.448483 0.485486 0.348421 0.0003691862 0.0000106312 -0.0001098687 0.0000014820 -0.0000031906 0.0000338473 0.0584842949 0.0314792975 0.0000330145 0.0209217997 0.0000192508 0.0027125214
1403636931.60169 6.685259 -11.803909 0.154058 0.666540 -0.446730 0.481577 0.352476 0.0003684429 0.0000152194 -0.0001104667 0.0000018055 -0.0000045950 0.0000342717 0.0585386919 0.0313992178 0.0000333616 0.0208111953 0.0000188765 0.0027121911
1403636931.65170 6.665254 -11.807990 0.163682 0.667562 -0.444510 0.479105 0.356693 0.0003683336 0.0000192974 -0.0001100036 0.0000021909 -0.0000057990 0.0000340043 0.0585576153 0.0313058203 0.0000336510 0.0206985791 0.0000184939 0.0027119894
1403636931.70170 6.645824 -11.808891 0.172265 0.667537 -0.444619 0.478438 0.357499 0.0003682483 0.0000198837 -0.0001100368 0.0000022544 -0.0000059785 0.0000340322 0.0585779420 0.0312234242 0.0000339467 0.0205972615 0.0000180112 0.0027117001
1403636931.80168 6.610627 -11.802651 0.180798 0.667023 -0.453007 0.478907 0.347150 0.0003657739 0.0000111904 -0.0001149034 0.0000015264 -0.0000035454 0.0000372622 0.0585437059 0.0310465360 0.0000341802 0.0204090536 0.0000177635 0.0027118291
1403636931.85168 6.597857 -11.801470 0.182353 0.667028 -0.457004 0.478931 0.341828 0.0003642309 0.0000069819 -0.0001174111 0.0000013184 -0.0000022773 0.0000390204 0.0584795207 0.0309503615 0.0000343290 0.0203193291 0.0000175248 0.0027114887
1403636931.90168 6.585189 -11.799774 0.182173 0.667514 -0.460398 0.478068 0.337505 0.0003624448 0.0000039589 -0.0001199918 0.0000012289 -0.0000013346 0.0000409038 0.0584597589 0.0308875813 0.0000344239 0.0202533389 0.0000173598 0.0027113251
1403636931.95168 6.572573 -11.797557 0.180525 0.667969 -0.462773 0.477286 0.334449 0.0003610538 0.0000019271 -0.0001218911 0.0000011972 -0.0000006725 0.0000423342 0.0584374869 0.0308237362 0.0000344722 0.0201870992 0.0000172604 0.0027111986
1403636932.00166 6.559471 -11.794851 0.178128 0.667192 -0.464575 0.478109 0.332319 0.0003607443 -0.0000002795 -0.0001223170 0.0000011870 0.0000000753 0.0000426579 0.0584103153 0.0307587466 0.0000345016 0.0201189970 0.0000170950 0.0027109567
1403636932.05166 6.546428 -11.791718 0.173891 0.666028 -0.464370 0.479423 0.333047 0.0003616390 -0.0000006170 -0.0001211529 0.0000011894 0.0000001877 0.0000417690 0.0583829027 0.0306908946 0.0000344531 0.0200498080 0.0000171404 0.0027108168
1403636932.10166 6.534187 -11.788592 0.168316 0.664488 -0.464675 0.481509 0.332691 0.0003625350 -0.0000020338 -0.0001199549 0.0000012011 0.0000006554 0.0000408691 0.0583478178 0.0306227648 0.0000343378 0.0199824058 0.0000172586 0.0027106376
1403636932.15166 6.521097 -11.784602 0.161783 0.662854 -0.464773 0.483360 0.333126 0.0003635634 -0.0000029309 -0.0001185547 0.0000012146 0.0000009393 0.0000398348 0.0583133500 0.0305573783 0.0000341981 0.0199176924 0.0000174213 0.0027104557
1403636932.20167 6.507682 -11.780317 0.155770 0.661793 -0.463302 0.484360 0.335822 0.0003649562 -0.0000016549 -0.0001166643 0.0000011995 0.0000005115 0.0000384642 0.0582693041 0.0304835622 0.0000340201 0.0198463158 0.0000176502 0.0027102347
1403636932.25165 6.493713 -11.775188 0.151380 0.661136 -0.460657 0.484355 0.340726 0.0003665820 0.0000016585 -0.0001143635 0.0000011983 -0.0000005369 0.0000368420 0.0582236426 0.0304086757 0.0000337160 0.0197734025 0.0000180511 0.0027099074
1403636932.30165 6.479503 -11.769393 0.148993 0.661090 -0.457552 0.483382 0.346334 0.0003678571 0.0000059601 -0.0001123681 0.0000012884 -0.0000018435 0.0000354834 0.0581665968 0.0303292850 0.0000335192 0.0197001318 0.0000183396 0.0027095997
1403636932.35164 6.464040 -11.760475 0.147584 0.661433 -0.455054 0.481634 0.351369 0.0003685432 0.0000101692 -0.0001110523 0.0000014721 -0.0000030900 0.0000346176 0.0581002081 0.0302469382 0.0000332609 0.0196261878 0.0000187412 0.0027091801
1403636932.40164 6.450176 -11.750448 0.148577 0.661645 -0.453186 0.480004 0.355591 0.0003689694 0.0000136008 -0.0001100508 0.0000016939 -0.0000040845 0.0000339757 0.0580014349 0.0301505700 0.0000330927 0.0195474316 0.0000189572 0.0027087443
1403636932.45164 6.436876 -11.738753 0.151072 0.660889 -0.452891 0.479153 0.358508 0.0003694303 0.0000152952 -0.0001091350 0.0000018265 -0.0000045468 0.0000333884 0.0578901669 0.0300581884 0.0000329439 0.0194771070 0.0000191193 0.0027082771
1403636932.50164 6.423782 -11.725047 0.155211 0.659513 -0.454995 0.477795 0.360185 0.0003693725 0.0000154621 -0.0001092128 0.0000018409 -0.0000045990 0.0000334382 0.0577609743 0.0299629574 0.0000328133 0.0194092237 0.0000192132 0.0027077939
1403636932.55164 6.411106 -11.709232 0.160847 0.657591 -0.459475 0.475608 0.360907 0.0003687469 0.0000144087 -0.0001103223 0.0000017567 -0.0000043358 0.0000341542 0.0576136531 0.0298641222 0.0000326992 0.0193429070 0.0000192461 0.0027072989
1403636932.60164 6.398355 -11.692033 0.168195 0.654256 -0.465364 0.473581 0.362086 0.0003683621 0.0000126710 -0.0001111264 0.0000016262 -0.0000038434 0.0000346686 0.0574446808 0.0297616491 0.0000324818 0.0192782521 0.0000192785 0.0027065078
1403636932.65164 6.386625 -11.673253 0.177104 0.649931 -0.473215 0.471824 0.361994 0.0003678012 0.0000091853 -0.0001123147 0.0000014194 -0.0000028206 0.0000354426 0.0572738596 0.0296588495 0.0000323565 0.0192145711 0.0000192580 0.0027059344
1403636932.70164 6.375655 -11.653802 0.188328 0.644890 -0.480029 0.471250 0.362784 0.0003679478 0.0000059236 -0.0001123292 0.0000012850 -0.0000018191 0.0000354362 0.0570914033 0.0295589241 0.0000322336 0.0191573414 0.0000192051 0.0027052879
1403636932.75164 6.364997 -11.632746 0.201057 0.640978 -0.485495 0.469411 0.364822 0.0003678712 0.0000045389 -0.0001125191 0.0000012452 -0.0000013958 0.0000355581 0.0569001642 0.0294589458 0.0000321255 0.0191024809 0.0000191106 0.0027046189
1403636932.80164 6.354569 -11.610060 0.215674 0.637107 -0.490433 0.468260 0.366475 0.0003679661 0.0000029225 -0.0001124444 0.0000012116 -0.0000008974 0.0000355017 0.0566885054 0.0293537857 0.0000320428 0.0190478191 0.0000189692 0.0027038994
1403636932.85164 6.344651 -11.586730 0.230403 0.634108 -0.495112 0.465761 0.368561 0.0003675737 0.0000023614 -0.0001130467 0.0000011998 -0.0000007286 0.0000359066 0.0564652163 0.0292461554 0.0000320605 0.0189929430 0.0000186005 0.0027030403
1403636932.90164 6.334359 -11.560512 0.245081 0.632214 -0.499682 0.462767 0.369418 0.0003665858 0.0000017514 -0.0001145051 0.0000011919 -0.0000005473 0.0000369073 0.0562373031 0.0291407321 0.0000320617 0.0189427463 0.0000183271 0.0027023259
1403636932.95164 6.323720 -11.531770 0.257766 0.630822 -0.503351 0.459894 0.370402 0.0003656565 0.0000016175 -0.0001158448 0.0000011884 -0.0000005112 0.0000378433 0.0559893537 0.0290281178 0.0000321089 0.0188904007 0.0000179648 0.0027015395
1403636933.00164 6.314033 -11.504632 0.266409 0.629339 -0.507354 0.456896 0.371175 0.0003646003 0.0000013428 -0.0001173395 0.0000011847 -0.0000004291 0.0000389079 0.0557207466 0.0289080945 0.0000321620 0.0188367798 0.0000176016 0.0027008015
1403636933.05163 6.304357 -11.476895 0.271446 0.626988 -0.511574 0.453636 0.373352 0.0003639351 0.0000015188 -0.0001182661 0.0000011839 -0.0000004888 0.0000395778 0.0554638902 0.0287938741 0.0000322103 0.0187862488 0.0000172292 0.0027000661
1403636933.10163 6.294967 -11.448593 0.272908 0.624292 -0.515795 0.451095 0.375137 0.0003634577 0.0000011489 -0.0001189332 0.0000011785 -0.0000003690 0.0000400640 0.0552031559 0.0286801556 0.0000322384 0.0187375954 0.0000168665 0.0026993032
1403636933.15163 6.285932 -11.419746 0.271947 0.622619 -0.519629 0.448013 0.376319 0.0003625153 0.0000011309 -0.0001202147 0.0000011753 -0.0000003665 0.0000410123 0.0549396337 0.0285669722 0.0000322495 0.0186903668 0.0000165248 0.0026985062
1403636933.20164 6.276481 -11.389711 0.268286 0.623017 -0.525477 0.442959 0.373513 0.0003590390 -0.0000000768 -0.0001247423 0.0000011644 0.0000000376 0.0000444961 0.0546665990 0.0284525634 0.0000323419 0.0186440403 0.0000161055 0.0026975748
1403636933.25164 6.267240 -11.356394 0.262883 0.625794 -0.531120 0.435066 0.370149 0.0003539128 0.0000003377 -0.0001309472 0.0000011559 -0.0000001120 0.0000496206 0.0543869224 0.0283335003 0.0000325518 0.0185942797 0.0000157047 0.0026965675
1403636933.30164 6.259192 -11.325266 0.255040 0.629016 -0.536797 0.427037 0.365824 0.0003482011 0.0000006160 -0.0001373107 0.0000011549 -0.0000002288 0.0000553367 0.0540826472 0.0282092898 0.0000325941 0.0185472169 0.0000152937 0.0026958058
1403636933.35165 6.252060 -11.295526 0.246986 0.631070 -0.541490 0.421812 0.361407 0.0003435941 -0.0000002839 -0.0001420710 0.0000011519 0.0000001340 0.0000599488 0.0538073585 0.0281017804 0.0000326657 0.0185095819 0.0000148661 0.0026950742
1403636933.40165 6.245422 -11.267829 0.239246 0.631817 -0.544250 0.419104 0.359099 0.0003411433 -0.0000009249 -0.0001444785 0.0000011513 0.0000004104 0.0000624008 0.0535481288 0.0280010731 0.0000327455 0.0184743256 0.0000144543 0.0026943365
1403636933.45166 6.238847 -11.242408 0.232259 0.630471 -0.544640 0.420086 0.359723 0.0003419376 -0.0000015120 -0.0001437074 0.0000011509 0.0000006562 0.0000616040 0.0533112505 0.0279087615 0.0000328313 0.0184409444 0.0000141461 0.0026935404
1403636933.50166 6.232372 -11.217066 0.225018 0.628965 -0.543837 0.421946 0.361395 0.0003436568 -0.0000016216 -0.0001420146 0.0000011482 0.0000006913 0.0000598862 0.0530933839 0.0278215225 0.0000328485 0.0184075322 0.0000138643 0.0026927779
1403636933.55165 6.225755 -11.191653 0.218321 0.627063 -0.541942 0.424638 0.364382 0.0003463608 -0.0000012400 -0.0001392701 0.0000011400 0.0000005193 0.0000571864 0.0528748749 0.0277349738 0.0000328404 0.0183747911 0.0000136522 0.0026919384
1403636933.60164 6.219484 -11.167145 0.213283 0.625029 -0.540212 0.428043 0.366455 0.0003489888 -0.0000016628 -0.0001364907 0.0000011385 0.0000006713 0.0000545555 0.0526538125 0.0276463832 0.0000327887 0.0183407921 0.0000135096 0.0026910630
1403636933.65164 6.213047 -11.142882 0.209723 0.623437 -0.537890 0.431001 0.369106 0.0003516031 -0.0000012832 -0.0001336264 0.0000011298 0.0000005078 0.0000519450 0.0524357785 0.0275590739 0.0000327042 0.0183075744 0.0000134249 0.0026901746
1403636933.70164 6.207044 -11.120221 0.207789 0.621906 -0.535832 0.433924 0.371250 0.0003539317 -0.0000012101 -0.0001309761 0.0000011234 0.0000004676 0.0000496172 0.0522274937 0.0274740475 0.0000326211 0.0182741648 0.0000133334 0.0026892723
1403636933.75164 6.201397 -11.098660 0.208415 0.620768 -0.533158 0.436509 0.373965 0.0003562911 -0.0000004148 -0.0001281959 0.0000011134 0.0000001680 0.0000472612 0.0520321890 0.0273950564 0.0000325248 0.0182437742 0.0000132599 0.0026883706
1403636933.80164 6.196031 -11.077649 0.210290 0.619413 -0.531171 0.439528 0.375500 0.0003583395 -0.0000006242 -0.0001256920 0.0000011069 0.0000002376 0.0000452119 0.0518421441 0.0273186278 0.0000324678 0.0182147539 0.0000131666 0.0026874488
1403636933.85164 6.190919 -11.056578 0.213739 0.617467 -0.530343 0.443114 0.375660 0.0003600749 -0.0000022631 -0.0001234841 0.0000011093 0.0000007979 0.0000434594 0.0516550845 0.0272443134 0.0000322698 0.0181868154 0.0000130193 0.0026864389
1403636933.90164 6.186106 -11.035255 0.218167 0.615687 -0.530166 0.445319 0.376225 0.0003613076 -0.0000033602 -0.0001218689 0.0000011219 0.0000011567 0.0000422102 0.0514655714 0.0271685774 0.0000322027 0.0181588477 0.0000128021 0.0026856238
1403636933.95164 6.181101 -11.013974 0.222973 0.613899 -0.531823 0.445666 0.376395 0.0003615265 -0.0000045020 -0.0001215516 0.0000011418 0.0000015390 0.0000419674 0.0512778096 0.0270937422 0.0000321478 0.0181313164 0.0000125208 0.0026847966
1403636934.05163 6.170616 -10.971429 0.231193 0.607218 -0.539166 0.443985 0.378766 0.0003616183 -0.0000071541 -0.0001213242 0.0000012219 0.0000024299 0.0000418018 0.0509007337 0.0269409612 0.0000318773 0.0180735212 0.0000118733 0.0026834290
1403636934.10163 6.164673 -10.949951 0.230822 0.602990 -0.544260 0.440562 0.382216 0.0003614300 -0.0000071032 -0.0001215812 0.0000012109 0.0000024206 0.0000419922 0.0507086689 0.0268600059 0.0000318128 0.0180403045 0.0000112919 0.0026823927
1403636934.15162 6.158171 -10.928402 0.226439 0.597722 -0.549937 0.436267 0.387258 0.0003614979 -0.0000064723 -0.0001215338 0.0000011811 0.0000022077 0.0000419497 0.0505186253 0.0267786055 0.0000316511 0.0180063131 0.0000107321 0.0026814990
1403636934.20162 6.151537 -10.906760 0.218443 0.591631 -0.556248 0.431668 0.392712 0.0003616488 -0.0000059711 -0.0001213672 0.0000011578 0.0000020363 0.0000418173 0.0503262465 0.0266951650 0.0000314315 0.0179708745 0.0000100988 0.0026805710
1403636934.25162 6.144421 -10.885324 0.206734 0.584979 -0.563276 0.426374 0.398403 0.0003616523 -0.0000054658 -0.0001213923 0.0000011359 0.0000018676 0.0000418307 0.0501321529 0.0266112235 0.0000311943 0.0179354989 0.0000094218 0.0026796436
1403636934.30161 6.137196 -10.863344 0.193884 0.577406 -0.570686 0.421459 0.404094 0.0003618545 -0.0000055239 -0.0001211293 0.0000011317 0.0000018828 0.0000416282 0.0499391254 0.0265263196 0.0000309090 0.0178987269 0.0000087186 0.0026787490
1403636934.35162 6.129761 -10.841265 0.180757 0.568242 -0.579158 0.417460 0.409151 0.0003621990 -0.0000071122 -0.0001205965 0.0000011813 0.0000024038 0.0000412300 0.0497451855 0.0264406183 0.0000305651 0.0178613512 0.0000079868 0.0026778468
1403636934.40162 6.122300 -10.818283 0.167776 0.558379 -0.588985 0.413921 0.412286 0.0003618531 -0.0000103761 -0.0001208264 0.0000013339 0.0000035038 0.0000414195 0.0495462738 0.0263526238 0.0000302068 0.0178229816 0.0000072399 0.0026769482
1403636934.45162 6.114282 -10.795270 0.155425 0.548609 -0.599532 0.409668 0.414442 0.0003607296 -0.0000139003 -0.0001219570 0.0000015657 0.0000047422 0.0000423057 0.0493454418 0.0262629625 0.0000298116 0.0177833393 0.0000064784 0.0026760435
1403636934.50163 6.105838 -10.772321 0.145882 0.538565 -0.608456 0.405336 0.418846 0.0003606265 -0.0000160621 -0.0001218300 0.0000017351 0.0000054710 0.0000422249 0.0491420958 0.0261690431 0.0000289511 0.0177391934 0.0000056939 0.0026747236
1403636934.55163 6.097067 -10.748158 0.138533 0.529255 -0.617357 0.399702 0.423082 0.0003599819 -0.0000173932 -0.0001224922 0.0000018540 0.0000059643 0.0000427462 0.0489392597 0.0260728315 0.0000286468 0.0176930521 0.0000050293 0.0026739609
1403636934.60163 6.086827 -10.722993 0.134011 0.520584 -0.624848 0.393193 0.428902 0.0003599126 -0.0000170473 -0.0001226396 0.0000018142 0.0000058534 0.0000428521 0.0487264842 0.0259721773 0.0000282867 0.0176455408 0.0000044879 0.0026732886
1403636934.65164 6.076131 -10.697439 0.131863 0.511738 -0.632438 0.387738 0.433365 0.0003596227 -0.0000178429 -0.0001229094 0.0000018850 0.0000061420 0.0000430666 0.0485073423 0.0258643578 0.0000279679 0.0175920531 0.0000039378 0.0026725671
1403636934.70164 6.064482 -10.671280 0.132575 0.506492 -0.639187 0.379852 0.436600 0.0003580498 -0.0000164188 -0.0001251087 0.0000017420 0.0000057773 0.0000447745 0.0482797480 0.0257529560 0.0000276937 0.0175371487 0.0000033646 0.0026717932
1403636934.75165 6.053184 -10.644529 0.135968 0.503015 -0.644394 0.371712 0.439957 0.0003565741 -0.0000137726 -0.0001272551 0.0000015117 0.0000049510 0.0000464737 0.0480543434 0.0256379510 0.0000276050 0.0174775470 0.0000028478 0.0026711116
1403636934.80165 6.042022 -10.617734 0.141481 0.501359 -0.648456 0.363792 0.442492 0.0003548213 -0.0000105542 -0.0001296714 0.0000012832 0.0000038870 0.0000484474 0.0478235180 0.0255245104 0.0000276082 0.0174214712 0.0000023436 0.0026704737
1403636934.85164 6.030689 -10.591801 0.148377 0.500590 -0.651763 0.356256 0.444630 0.0003530130 -0.0000071816 -0.0001320146 0.0000011046 0.0000027096 0.0000504263 0.0475962903 0.0254123589 0.0000277531 0.0173657091 0.0000018644 0.0026698326
1403636934.90164 6.019566 -10.566560 0.157718 0.499825 -0.654683 0.350673 0.445638 0.0003513518 -0.0000050839 -0.0001340015 0.0000010219 0.0000019579 0.0000521617 0.0473807754 0.0253044195 0.0000279662 0.0173109972 0.0000014123 0.0026691977
1403636934.95163 6.008697 -10.541961 0.168782 0.498942 -0.656815 0.346995 0.446369 0.0003502572 -0.0000038598 -0.0001352654 0.0000009800 0.0000015059 0.0000532878 0.0471717664 0.0251995362 0.0000282497 0.0172577070 0.0000009898 0.0026685132
1403636935.00162 5.997708 -10.518316 0.182090 0.498803 -0.657798 0.344011 0.447386 0.0003496336 -0.0000022921 -0.0001359936 0.0000009412 0.0000009026 0.0000539383 0.0469697250 0.0250973435 0.0000285725 0.0172052724 0.0000005987 0.0026678057
1403636935.05161 5.986260 -10.495813 0.198046 0.498098 -0.656986 0.343273 0.449923 0.0003506693 -0.0000009901 -0.0001348861 0.0000009171 0.0000003878 0.0000529135 0.0467786750 0.0249978227 0.0000289237 0.0171524131 0.0000002549 0.0026670435
1403636935.10160 5.975395 -10.473847 0.214734 0.496355 -0.655311 0.345678 0.452445 0.0003528670 -0.0000014312 -0.0001324269 0.0000009021 0.0000005431 0.0000507085 0.0465972642 0.0248999521 0.0000295052 0.0170978569 -0.0000000520 0.0026660587
1403636935.15159 5.966575 -10.453585 0.231908 0.494410 -0.653287 0.349303 0.454711 0.0003554419 -0.0000024886 -0.0001294216 0.0000008809 0.0000009197 0.0000481034 0.0464168295 0.0248046358 0.0000306056 0.0170441767 -0.0000000179 0.0026644426
1403636935.20159 5.955414 -10.433110 0.249771 0.491978 -0.652124 0.354131 0.455284 0.0003575551 -0.0000051938 -0.0001267987 0.0000009296 0.0000018549 0.0000459299 0.0462499850 0.0247211650 0.0000307724 0.0170018769 -0.0000001886 0.0026637055
1403636935.25159 5.944010 -10.412495 0.265955 0.491208 -0.651112 0.357009 0.455315 0.0003586210 -0.0000066029 -0.0001254220 0.0000009655 0.0000023212 0.0000448150 0.0460798460 0.0246260149 0.0000309641 0.0169473509 -0.0000003763 0.0026629293
1403636935.30159 5.932265 -10.391534 0.280559 0.490263 -0.650528 0.360338 0.454547 0.0003594287 -0.0000086947 -0.0001242868 0.0000010436 0.0000030185 0.0000439154 0.0459077718 0.0245293505 0.0000311599 0.0168917381 -0.0000005893 0.0026621329
1403636935.35159 5.920163 -10.370072 0.293341 0.489949 -0.649854 0.363085 0.453661 0.0003599717 -0.0000103033 -0.0001234814 0.0000011171 0.0000035465 0.0000432846 0.0457311335 0.0244295271 0.0000313505 0.0168339880 -0.0000008214 0.0026613370
1403636935.40160 5.907592 -10.347665 0.304178 0.490355 -0.649806 0.364726 0.451973 0.0003597417 -0.0000115751 -0.0001236732 0.0000011835 0.0000039917 0.0000434339 0.0455504564 0.0243265646 0.0000315516 0.0167738509 -0.0000010618 0.0026605258
1403636935.45160 5.894758 -10.325138 0.313225 0.490916 -0.649249 0.366218 0.450956 0.0003597793 -0.0000123436 -0.0001235609 0.0000012237 0.0000042519 0.0000433427 0.0453637539 0.0242201253 0.0000317181 0.0167116622 -0.0000013321 0.0026597880
1403636935.50160 5.881636 -10.302042 0.320408 0.491523 -0.648374 0.367420 0.450575 0.0003600513 -0.0000126416 -0.0001231925 0.0000012340 0.0000043383 0.0000430484 0.0451744447 0.0241116134 0.0000318374 0.0166479369 -0.0000015877 0.0026590836
1403636935.55160 5.868240 -10.278608 0.325083 0.492407 -0.647739 0.368218 0.449871 0.0003600318 -0.0000128262 -0.0001232087 0.0000012376 0.0000044026 0.0000430531 0.0449823272 0.0240011346 0.0000319267 0.0165827786 -0.0000018415 0.0026584188
1403636935.60160 5.854797 -10.254731 0.327479 0.492775 -0.647249 0.369317 0.449272 0.0003601552 -0.0000133410 -0.0001230057 0.0000012658 0.0000045703 0.0000428911 0.0447848003 0.0238888770 0.0000319791 0.0165172058 -0.0000020843 0.0026577756
1403636935.65160 5.841234 -10.230569 0.328142 0.493356 -0.646757 0.370190 0.448626 0.0003601760 -0.0000136665 -0.0001229536 0.0000012819 0.0000046799 0.0000428446 0.0445841444 0.0237758511 0.0000320093 0.0164515981 -0.0000023030 0.0026571429
1403636935.70160 5.827324 -10.206356 0.327415 0.494192 -0.645834 0.370456 0.448815 0.0003604177 -0.0000131849 -0.0001227045 0.0000012363 0.0000045040 0.0000426378 0.0443834073 0.0236617397 0.0000319909 0.0163842009 -0.0000024893 0.0026565302
1403636935.75160 5.814312 -10.185320 0.325435 0.496356 -0.646865 0.368531 0.446522 0.0003586837 -0.0000125908 -0.0001249826 0.0000011802 0.0000044074 0.0000444040 0.0441853865 0.0235478175 0.0000319634 0.0163132427 -0.0000024916 0.0026557840
1403636935.80159 5.799138 -10.160495 0.320119 0.499620 -0.647726 0.365293 0.444287 0.0003564059 -0.0000110223 -0.0001279445 0.0000010747 0.0000039764 0.0000467855 0.0440144032 0.0234443249 0.0000319076 0.0162491736 -0.0000027574 0.0026554134
1403636935.85159 5.783602 -10.135838 0.312896 0.502297 -0.649104 0.362198 0.441785 0.0003540243 -0.0000098991 -0.0001308687 0.0000010064 0.0000036787 0.0000492338 0.0438136970 0.0233237720 0.0000318287 0.0161752569 -0.0000030197 0.0026550456
1403636935.90159 5.767937 -10.111799 0.304177 0.505043 -0.650876 0.359003 0.438645 0.0003512071 -0.0000090777 -0.0001341438 0.0000009603 0.0000034869 0.0000520961 0.0436162821 0.0232031386 0.0000317374 0.0161001116 -0.0000032711 0.0026546897
1403636935.95158 5.752265 -10.088369 0.293458 0.507693 -0.654596 0.355774 0.432640 0.0003467453 -0.0000098492 -0.0001389095 0.0000010020 0.0000039675 0.0000565158 0.0434248400 0.0230850211 0.0000316351 0.0160258363 -0.0000035282 0.0026543599
1403636936.00158 5.736390 -10.066256 0.281790 0.510443 -0.657868 0.351795 0.427664 0.0003424289 -0.0000097143 -0.0001432956 0.0000009944 0.0000040885 0.0000608398 0.0432420790 0.0229685770 0.0000315304 0.0159506190 -0.0000037851 0.0026540748
1403636936.05158 5.720388 -10.046021 0.269659 0.512393 -0.660276 0.348997 0.423899 0.0003391803 -0.0000097306 -0.0001464201 0.0000009949 0.0000042256 0.0000640886 0.0430734883 0.0228560090 0.0000314229 0.0158751925 -0.0000040306 0.0026538236
1403636936.10158 5.703716 -10.027636 0.257368 0.513742 -0.661391 0.347199 0.422000 0.0003373516 -0.0000094126 -0.0001481428 0.0000009757 0.0000041595 0.0000659376 0.0429231697 0.0227477911 0.0000313015 0.0157988166 -0.0000042356 0.0026536024
1403636936.15158 5.685895 -10.011342 0.244932 0.514397 -0.661069 0.346123 0.422591 0.0003372442 -0.0000083790 -0.0001483106 0.0000009187 0.0000037111 0.0000661038 0.0427930797 0.0226419797 0.0000311818 0.0157186853 -0.0000044146 0.0026534166
1403636936.20159 5.667427 -9.996696 0.232807 0.514445 -0.660016 0.345608 0.424594 0.0003381785 -0.0000070982 -0.0001475269 0.0000008570 0.0000031224 0.0000652332 0.0426742843 0.0225354939 0.0000310628 0.0156342000 -0.0000045679 0.0026532531
1403636936.25160 5.648415 -9.984258 0.221713 0.514004 -0.658341 0.345963 0.427430 0.0003399356 -0.0000059211 -0.0001459433 0.0000008089 0.0000025676 0.0000635264 0.0425698801 0.0224303642 0.0000309463 0.0155467125 -0.0000046902 0.0026530994
1403636936.30161 5.628629 -9.972937 0.213162 0.512115 -0.655919 0.348198 0.431587 0.0003431640 -0.0000054295 -0.0001428456 0.0000007889 0.0000022860 0.0000603191 0.0424772326 0.0223280094 0.0000308486 0.0154585286 -0.0000047651 0.0026529340
1403636936.35163 5.608912 -9.967673 0.206706 0.509646 -0.654128 0.350988 0.434954 0.0003461976 -0.0000058580 -0.0001397663 0.0000007966 0.0000023938 0.0000572717 0.0423889657 0.0222247005 0.0000307982 0.0153670252 -0.0000046922 0.0026526408
1403636936.40164 5.588928 -9.957683 0.200959 0.507911 -0.652115 0.352607 0.438680 0.0003487808 -0.0000052962 -0.0001370792 0.0000007769 0.0000021105 0.0000547125 0.0423583443 0.0221378299 0.0000307275 0.0152776274 -0.0000047561 0.0026525797
1403636936.45164 5.569019 -9.948619 0.197611 0.504629 -0.650790 0.356566 0.441228 0.0003516733 -0.0000069863 -0.0001338424 0.0000008346 0.0000026899 0.0000517669 0.0422812500 0.0220386883 0.0000306562 0.0151893516 -0.0000048068 0.0026524770
1403636936.50164 5.548776 -9.939785 0.196587 0.503157 -0.648442 0.357674 0.445450 0.0003542919 -0.0000058075 -0.0001309185 0.0000007899 0.0000021766 0.0000491976 0.0422122078 0.0219406034 0.0000306064 0.0151000483 -0.0000048405 0.0026523857
1403636936.55163 5.528264 -9.932184 0.197123 0.501088 -0.647892 0.359334 0.447243 0.0003558256 -0.0000065006 -0.0001290875 0.0000008126 0.0000023902 0.0000476463 0.0421508402 0.0218430650 0.0000305821 0.0150093140 -0.0000048820 0.0026523192
1403636936.60163 5.507302 -9.925014 0.198118 0.499606 -0.647580 0.359751 0.449012 0.0003568662 -0.0000064603 -0.0001278478 0.0000008098 0.0000023471 0.0000466140 0.0420948416 0.0217458713 0.0000305831 0.0149176279 -0.0000049415 0.0026522693
1403636936.65163 5.486520 -9.917273 0.197673 0.498280 -0.648344 0.359759 0.449377 0.0003570149 -0.0000069935 -0.0001276492 0.0000008288 0.0000025343 0.0000464521 0.0420426885 0.0216495012 0.0000306063 0.0148259218 -0.0000050282 0.0026522350
1403636936.70162 5.465951 -9.910306 0.195649 0.497521 -0.648701 0.359466 0.449938 0.0003571941 -0.0000070064 -0.0001274404 0.0000008284 0.0000025344 0.0000462795 0.0419833356 0.0215520701 0.0000306396 0.0147355633 -0.0000051187 0.0026522069
1403636936.75162 5.445443 -9.903385 0.192110 0.497242 -0.648669 0.358607 0.450976 0.0003573945 -0.0000062860 -0.0001272434 0.0000008007 0.0000022729 0.0000461133 0.0419299201 0.0214565648 0.0000306822 0.0146457929 -0.0000052130 0.0026521993
1403636936.80162 5.424898 -9.896428 0.187122 0.496841 -0.648837 0.357826 0.451796 0.0003575091 -0.0000057811 -0.0001271373 0.0000007829 0.0000020910 0.0000460234 0.0418767861 0.0213610797 0.0000307303 0.0145562329 -0.0000053054 0.0026521998
1403636936.85162 5.404549 -9.889700 0.182059 0.497664 -0.648969 0.355477 0.452554 0.0003570238 -0.0000041002 -0.0001278050 0.0000007358 0.0000015023 0.0000465634 0.0418235433 0.0212659859 0.0000307851 0.0144674396 -0.0000053912 0.0026522172
1403636936.90162 5.384464 -9.883555 0.178123 0.497617 -0.648661 0.354457 0.453847 0.0003572924 -0.0000030526 -0.0001275182 0.0000007141 0.0000011235 0.0000463237 0.0417752404 0.0211736628 0.0000308431 0.0143803729 -0.0000054954 0.0026521792
1403636936.95162 5.365330 -9.881611 0.177055 0.498037 -0.648801 0.353054 0.454279 0.0003570515 -0.0000021485 -0.0001278382 0.0000006979 0.0000008016 0.0000465825 0.0417307042 0.0210841462 0.0000309400 0.0142947911 -0.0000054644 0.0026520067
1403636937.00162 5.346479 -9.876221 0.176591 0.498608 -0.648367 0.351733 0.455296 0.0003569929 -0.0000007486 -0.0001279358 0.0000006868 0.0000003000 0.0000466609 0.0417198650 0.0210080096 0.0000310066 0.0142149356 -0.0000055330 0.0026520815
1403636937.05162 5.327898 -9.870522 0.177948 0.498934 -0.648273 0.350476 0.456041 0.0003568907 0.0000002907 -0.0001280724 0.0000006858 -0.0000000730 0.0000467731 0.0416755743 0.0209236363 0.0000310720 0.0141362027 -0.0000056206 0.0026521269
1403636937.10162 5.310070 -9.864897 0.180889 0.498398 -0.649109 0.350454 0.455454 0.0003565983 -0.0000003267 -0.0001284366 0.0000006863 0.0000001497 0.0000470745 0.0416287595 0.0208407126 0.0000311473 0.0140599754 -0.0000057249 0.0026521682
1403636937.15162 5.292710 -9.860101 0.185298 0.497181 -0.649982 0.351552 0.454693 0.0003566394 -0.0000018009 -0.0001283860 0.0000006957 0.0000006817 0.0000470335 0.0415883608 0.0207620768 0.0000312297 0.0139867112 -0.0000058496 0.0026522244
1403636937.20162 5.275612 -9.855961 0.190845 0.495347 -0.651434 0.353199 0.453338 0.0003565662 -0.0000041377 -0.0001284312 0.0000007352 0.0000015257 0.0000470767 0.0415563333 0.0206871035 0.0000313242 0.0139151600 -0.0000059915 0.0026522781
1403636937.25162 5.258230 -9.851509 0.195704 0.494546 -0.652431 0.353493 0.452548 0.0003562666 -0.0000051164 -0.0001287671 0.0000007610 0.0000018855 0.0000473598 0.0415242317 0.0206113831 0.0000314185 0.0138430131 -0.0000061517 0.0026523131
1403636937.30162 5.241254 -9.847784 0.199317 0.494285 -0.652590 0.353284 0.452768 0.0003563074 -0.0000050678 -0.0001287310 0.0000007601 0.0000018673 0.0000473293 0.0414918794 0.0205341702 0.0000315123 0.0137695776 -0.0000063221 0.0026523615
1403636937.35162 5.225044 -9.844839 0.201137 0.493395 -0.652670 0.353961 0.453095 0.0003567264 -0.0000056103 -0.0001282150 0.0000007767 0.0000020533 0.0000469030 0.0414646230 0.0204610640 0.0000316026 0.0136992547 -0.0000064861 0.0026523966
1403636937.40162 5.208430 -9.841260 0.201323 0.493160 -0.652952 0.353426 0.453361 0.0003566611 -0.0000054067 -0.0001283135 0.0000007709 0.0000019820 0.0000469835 0.0414421941 0.0203916820 0.0000316842 0.0136317549 -0.0000066430 0.0026524322
1403636937.45162 5.192049 -9.837797 0.200040 0.492727 -0.653383 0.353420 0.453217 0.0003565844 -0.0000057233 -0.0001284032 0.0000007814 0.0000020981 0.0000470592 0.0414157881 0.0203203144 0.0000317553 0.0135634678 -0.0000067938 0.0026524773
1403636937.50162 5.175759 -9.834267 0.196587 0.492394 -0.653374 0.353246 0.453727 0.0003567764 -0.0000055391 -0.0001281904 0.0000007759 0.0000020270 0.0000468812 0.0413900675 0.0202500942 0.0000317903 0.0134961883 -0.0000069240 0.0026524128
1403636937.55162 5.160581 -9.831571 0.192514 0.492012 -0.653196 0.352936 0.454638 0.0003571380 -0.0000051687 -0.0001277762 0.0000007636 0.0000018843 0.0000465354 0.0413636869 0.0201803553 0.0000317503 0.0134283082 -0.0000066804 0.0026521565
1403636937.60162 5.144686 -9.827945 0.187334 0.491948 -0.653287 0.352236 0.455118 0.0003571195 -0.0000046835 -0.0001278281 0.0000007510 0.0000017113 0.0000465762 0.0413431720 0.0201163663 0.0000317998 0.0133666851 -0.0000067898 0.0026522347
1403636937.65162 5.128809 -9.823955 0.180743 0.493138 -0.652447 0.349719 0.456973 0.0003571396 -0.0000021138 -0.0001278844 0.0000007026 0.0000007900 0.0000466152 0.0413142751 0.0200465328 0.0000318262 0.0133014098 -0.0000068853 0.0026522867
1403636937.70162 5.113453 -9.820231 0.172715 0.494779 -0.651169 0.346529 0.459445 0.0003571841 0.0000012887 -0.0001278538 0.0000006954 -0.0000004308 0.0000465885 0.0412860793 0.0199783741 0.0000318294 0.0132377952 -0.0000069624 0.0026523197
1403636937.75162 5.098488 -9.816732 0.163287 0.496788 -0.649095 0.343111 0.462766 0.0003574986 0.0000054703 -0.0001273727 0.0000007752 -0.0000019217 0.0000462050 0.0412606025 0.0199140929 0.0000318369 0.0131776628 -0.0000070130 0.0026523593
1403636937.80162 5.084331 -9.813362 0.152821 0.497509 -0.648179 0.341228 0.464663 0.0003576794 0.0000075979 -0.0001270554 0.0000008538 -0.0000026733 0.0000459570 0.0412374247 0.0198529963 0.0000318364 0.0131203837 -0.0000070394 0.0026524130
1403636937.85161 5.070972 -9.810415 0.141565 0.496275 -0.646608 0.342105 0.467519 0.0003594037 0.0000082347 -0.0001248845 0.0000008819 -0.0000028362 0.0000442156 0.0412148043 0.0197956234 0.0000318262 0.0130668377 -0.0000070178 0.0026524582
1403636937.90161 5.058338 -9.807009 0.129338 0.495128 -0.643476 0.342731 0.472569 0.0003620092 0.0000102687 -0.0001213853 0.0000009855 -0.0000034195 0.0000415176 0.0411937867 0.0197412255 0.0000318088 0.0130159443 -0.0000069634 0.0026524998
1403636937.95161 5.046756 -9.802812 0.115914 0.493984 -0.640790 0.343138 0.477099 0.0003642225 0.0000120951 -0.0001182510 0.0000010968 -0.0000039044 0.0000392038 0.0411667996 0.0196890301 0.0000317840 0.0129688911 -0.0000068722 0.0026525317
1403636938.00161 5.036629 -9.797860 0.101708 0.492628 -0.638030 0.343830 0.481681 0.0003665001 0.0000137496 -0.0001148886 0.0000012118 -0.0000042887 0.0000368218 0.0411309679 0.0196402962 0.0000317497 0.0129277167 -0.0000067520 0.0026525515
1403636938.05160 5.028051 -9.791820 0.086352 0.490606 -0.636052 0.345211 0.485360 0.0003686128 0.0000142732 -0.0001117504 0.0000012494 -0.0000043060 0.0000346818 0.0410861841 0.0195958124 0.0000316992 0.0128932005 -0.0000065997 0.0026525586
1403636938.10160 5.021201 -9.786395 0.070914 0.487280 -0.635440 0.346979 0.488242 0.0003705379 0.0000134360 -0.0001089451 0.0000011843 -0.0000039289 0.0000328313 0.0410314583 0.0195543540 0.0000316324 0.0128641489 -0.0000063590 0.0026525274
1403636938.15160 5.015625 -9.777938 0.054199 0.482540 -0.636441 0.349237 0.490032 0.0003722017 0.0000109737 -0.0001066200 0.0000010193 -0.0000031220 0.0000313367 0.0409789896 0.0195214718 0.0000311926 0.0128403920 -0.0000054945 0.0026522313
1403636938.20160 5.011979 -9.770059 0.038074 0.477570 -0.639089 0.352471 0.489138 0.0003730461 0.0000064496 -0.0001056479 0.0000008077 -0.0000018026 0.0000307138 0.0409048950 0.0194878000 0.0000311490 0.0128247629 -0.0000053591 0.0026523040
1403636938.25160 5.009081 -9.760796 0.023347 0.472922 -0.641745 0.355188 0.488211 0.0003735962 0.0000022719 -0.0001049387 0.0000007101 -0.0000006122 0.0000302695 0.0408369625 0.0194603759 0.0000311311 0.0128137432 -0.0000052333 0.0026523760
1403636938.30160 5.007660 -9.750510 0.010387 0.467521 -0.645429 0.359275 0.485559 0.0003737206 -0.0000037900 -0.0001047046 0.0000007356 0.0000010912 0.0000301288 0.0407535628 0.0194323964 0.0000310715 0.0128064171 -0.0000050760 0.0026524642
1403636938.35160 5.006875 -9.738530 -0.001355 0.461208 -0.651661 0.365080 0.478896 0.0003723252 -0.0000131905 -0.0001062241 0.0000011662 0.0000037982 0.0000311025 0.0406587418 0.0194060785 0.0000310215 0.0128038612 -0.0000049343 0.0026525721
1403636938.40160 5.006478 -9.724579 -0.010999 0.455458 -0.658217 0.370318 0.471353 0.0003699609 -0.0000224189 -0.0001084318 0.0000020601 0.0000066117 0.0000325813 0.0405457625 0.0193750669 0.0000309639 0.0128013066 -0.0000048221 0.0026526920
1403636938.45160 5.006214 -9.708938 -0.019133 0.450607 -0.665418 0.374127 0.462818 0.0003663292 -0.0000310109 -0.0001118383 0.0000033301 0.0000095146 0.0000349511 0.0404226584 0.0193398657 0.0000308851 0.0127971442 -0.0000047432 0.0026528181
1403636938.50160 5.003957 -9.692358 -0.024492 0.447613 -0.670706 0.375609 0.456851 0.0003632562 -0.0000362468 -0.0001147111 0.0000043247 0.0000114978 0.0000370375 0.0402947602 0.0193002627 0.0000307987 0.0127897327 -0.0000047069 0.0026529330
1403636938.55160 4.999776 -9.674078 -0.028059 0.447142 -0.675175 0.374038 0.451994 0.0003600336 -0.0000383677 -0.0001184555 0.0000047984 0.0000126780 0.0000397942 0.0401538522 0.0192491107 0.0000307188 0.0127738408 -0.0000047197 0.0026530319
1403636938.60160 4.993514 -9.654816 -0.029822 0.446701 -0.678107 0.372490 0.449311 0.0003579883 -0.0000393531 -0.0001208289 0.0000050371 0.0000133389 0.0000416087 0.0400068206 0.0191869490 0.0000306601 0.0127481502 -0.0000047696 0.0026531069
1403636938.65160 4.985264 -9.634263 -0.029833 0.446238 -0.680369 0.371755 0.446953 0.0003563468 -0.0000404716 -0.0001225641 0.0000053091 0.0000139782 0.0000429861 0.0398496900 0.0191158508 0.0000306271 0.0127158206 -0.0000048489 0.0026531544
1403636938.70160 4.975050 -9.612571 -0.027605 0.446638 -0.680803 0.369947 0.447394 0.0003561019 -0.0000393662 -0.0001232388 0.0000050646 0.0000136815 0.0000434827 0.0396855583 0.0190339674 0.0000306207 0.0126737894 -0.0000049649 0.0026531240
1403636938.75159 4.957818 -9.580738 -0.028483 0.447676 -0.680780 0.367289 0.448578 0.0003560501 -0.0000371638 -0.0001239828 0.0000045896 0.0000129965 0.0000440043 0.0395107826 0.0189452634 0.0000305785 0.0126199767 -0.0000048554 0.0026520137
1403636938.80159 4.943914 -9.555569 -0.024504 0.449741 -0.680113 0.363657 0.450481 0.0003562719 -0.0000338588 -0.0001246600 0.0000039276 0.0000119006 0.0000444516 0.0392567088 0.0188069434 0.0000306732 0.0125437635 -0.0000050593 0.0026519322
1403636938.85160 4.927902 -9.530505 -0.020035 0.452654 -0.678593 0.359177 0.453441 0.0003568215 -0.0000291588 -0.0001251745 0.0000030914 0.0000102791 0.0000447457 0.0390600010 0.0186971293 0.0000308378 0.0124817863 -0.0000052556 0.0026517780
1403636938.90160 4.911104 -9.505096 -0.015921 0.457199 -0.677289 0.352842 0.455798 0.0003564437 -0.0000231374 -0.0001268966 0.0000022092 0.0000082829 0.0000460135 0.0388621981 0.0185812717 0.0000309339 0.0124141280 -0.0000053951 0.0026516844
1403636938.95160 4.893462 -9.479379 -0.012273 0.460885 -0.676854 0.347491 0.456842 0.0003554570 -0.0000186120 -0.0001288329 0.0000016814 0.0000067884 0.0000475361 0.0386659470 0.0184641555 0.0000310398 0.0123447845 -0.0000055382 0.0026515566
1403636939.00160 4.875256 -9.453620 -0.009151 0.464254 -0.675502 0.342598 0.459121 0.0003551968 -0.0000137878 -0.0001297554 0.0000012418 0.0000050756 0.0000482442 0.0384710101 0.0183455427 0.0000311376 0.0122735883 -0.0000056713 0.0026514488
1403636939.05160 4.855621 -9.427591 -0.007243 0.466621 -0.675139 0.339595 0.459486 0.0003544257 -0.0000111889 -0.0001309178 0.0000010603 0.0000041698 0.0000492050 0.0382776548 0.0182259720 0.0000312470 0.0122008686 -0.0000057812 0.0026512906
1403636939.10160 4.836183 -9.402033 -0.006553 0.467431 -0.674046 0.338848 0.460817 0.0003549177 -0.0000097851 -0.0001304648 0.0000009777 0.0000036324 0.0000488039 0.0380847058 0.0181016533 0.0000313560 0.0121232066 -0.0000058967 0.0026511606
1403636939.15160 4.817219 -9.376883 -0.007230 0.467670 -0.672621 0.339653 0.462062 0.0003558903 -0.0000093400 -0.0001293582 0.0000009541 0.0000034299 0.0000478629 0.0378945843 0.0179799562 0.0000314678 0.0120474464 -0.0000060374 0.0026510201
1403636939.20160 4.797829 -9.351424 -0.009854 0.467556 -0.671454 0.340613 0.463168 0.0003568215 -0.0000091754 -0.0001282636 0.0000009462 0.0000033331 0.0000469479 0.0377091878 0.0178608561 0.0000315504 0.0119731953 -0.0000061715 0.0026509331
1403636939.25159 4.778214 -9.326605 -0.013468 0.467653 -0.670605 0.341536 0.463619 0.0003573955 -0.0000092281 -0.0001275733 0.0000009498 0.0000033289 0.0000463786 0.0375209644 0.0177411267 0.0000316134 0.0118990323 -0.0000063030 0.0026508711
1403636939.30159 4.758197 -9.300779 -0.018436 0.467569 -0.669330 0.342979 0.464480 0.0003583539 -0.0000093664 -0.0001263962 0.0000009576 0.0000033387 0.0000454203 0.0373361708 0.0176212159 0.0000316804 0.0118235658 -0.0000064392 0.0026507412
1403636939.35159 4.734324 -9.268560 -0.025487 0.468171 -0.668181 0.343871 0.464868 0.0003588486 -0.0000091356 -0.0001258062 0.0000009444 0.0000032370 0.0000449419 0.0371417767 0.0174988946 0.0000316816 0.0117435952 -0.0000059982 0.0026501551
1403636939.40159 4.714134 -9.243502 -0.030266 0.469088 -0.667205 0.344602 0.464805 0.0003591488 -0.0000089940 -0.0001254505 0.0000009387 0.0000031762 0.0000446557 0.0369003807 0.0173482919 0.0000317202 0.0116517464 -0.0000061608 0.0026501084
1403636939.45159 4.693984 -9.217990 -0.033310 0.469898 -0.665669 0.345559 0.465477 0.0003598564 -0.0000085556 -0.0001245990 0.0000009183 0.0000029971 0.0000439763 0.0367126072 0.0172265414 0.0000317691 0.0115753700 -0.0000063189 0.0026500412
1403636939.50158 4.673714 -9.192239 -0.034483 0.469994 -0.663438 0.347478 0.467135 0.0003613793 -0.0000083320 -0.0001226698 0.0000009084 0.0000028632 0.0000424711 0.0365234449 0.0171046658 0.0000318319 0.0114992657 -0.0000064634 0.0026500020
1403636939.55158 4.653315 -9.165711 -0.033626 0.469905 -0.660645 0.349429 0.469721 0.0003633525 -0.0000076971 -0.0001201148 0.0000008807 0.0000025792 0.0000405334 0.0363311376 0.0169823620 0.0000318973 0.0114235172 -0.0000065967 0.0026499461
1403636939.60158 4.633805 -9.139673 -0.030227 0.469561 -0.657592 0.351656 0.472676 0.0003655577 -0.0000070938 -0.0001171427 0.0000008566 0.0000023078 0.0000383599 0.0361321654 0.0168586335 0.0000319725 0.0113480934 -0.0000067497 0.0026498849
1403636939.65158 4.613806 -9.112205 -0.025163 0.468195 -0.655499 0.354938 0.474482 0.0003674777 -0.0000080461 -0.0001143616 0.0000008965 0.0000025394 0.0000364073 0.0359373119 0.0167397456 0.0000320401 0.0112764352 -0.0000069126 0.0026497968
1403636939.70158 4.594216 -9.083310 -0.019688 0.466912 -0.654795 0.357345 0.474911 0.0003684302 -0.0000093931 -0.0001128773 0.0000009612 0.0000029144 0.0000353977 0.0357271527 0.0166157532 0.0000321221 0.0112036611 -0.0000070957 0.0026497048
1403636939.75158 4.574790 -9.053485 -0.014172 0.466854 -0.653872 0.357826 0.475877 0.0003690482 -0.0000090604 -0.0001119984 0.0000009453 0.0000027864 0.0000348031 0.0355094296 0.0164907342 0.0000322073 0.0111317981 -0.0000072908 0.0026496018
1403636939.80158 4.555681 -9.022946 -0.009782 0.467029 -0.653380 0.357772 0.476421 0.0003692995 -0.0000086388 -0.0001116664 0.0000009260 0.0000026489 0.0000345787 0.0352878434 0.0163657686 0.0000322930 0.0110609914 -0.0000074992 0.0026494912
1403636939.85158 4.536197 -8.991225 -0.007869 0.467651 -0.653924 0.356854 0.475753 0.0003687135 -0.0000083237 -0.0001125732 0.0000009128 0.0000025783 0.0000351856 0.0350602370 0.0162407728 0.0000323709 0.0109916955 -0.0000076919 0.0026494074
1403636939.90158 4.517335 -8.960013 -0.006797 0.466987 -0.655406 0.357636 0.473774 0.0003680207 -0.0000100818 -0.0001134592 0.0000010023 0.0000031466 0.0000357963 0.0348255197 0.0161136999 0.0000324377 0.0109220009 -0.0000078683 0.0026493075
1403636939.95159 4.495672 -8.923628 -0.009751 0.464989 -0.657597 0.358156 0.472309 0.0003673830 -0.0000121424 -0.0001141920 0.0000011268 0.0000038129 0.0000363111 0.0345932289 0.0159885537 0.0000322895 0.0108509295 -0.0000076844 0.0026489295
1403636940.00159 4.476800 -8.889416 -0.012998 0.462403 -0.660171 0.356916 0.472196 0.0003668560 -0.0000132439 -0.0001148394 0.0000012045 0.0000041855 0.0000367683 0.0343258019 0.0158424693 0.0000323727 0.0107705718 -0.0000079163 0.0026489092
1403636940.05159 4.457812 -8.853897 -0.017451 0.460101 -0.663302 0.354281 0.472040 0.0003658548 -0.0000136227 -0.0001162290 0.0000012344 0.0000043679 0.0000377475 0.0340767225 0.0157132051 0.0000324349 0.0107023857 -0.0000081606 0.0026488565
1403636940.10159 4.438986 -8.817353 -0.023616 0.457595 -0.666362 0.351728 0.472077 0.0003649580 -0.0000140255 -0.0001174453 0.0000012670 0.0000045540 0.0000386202 0.0338201799 0.0155816972 0.0000325095 0.0106338975 -0.0000083935 0.0026488522
1403636940.15159 4.420575 -8.780674 -0.031155 0.455057 -0.670139 0.349614 0.470752 0.0003634996 -0.0000153086 -0.0001192946 0.0000013737 0.0000050657 0.0000399806 0.0335577108 0.0154501507 0.0000325954 0.0105670071 -0.0000086373 0.0026488590
1403636940.20159 4.401930 -8.743435 -0.039614 0.452913 -0.673193 0.347996 0.469659 0.0003623182 -0.0000164104 -0.0001207424 0.0000014735 0.0000055115 0.0000410712 0.0332967737 0.0153204390 0.0000326861 0.0105016216 -0.0000088867 0.0026488855
1403636940.25159 4.382860 -8.706025 -0.048822 0.450826 -0.675546 0.346628 0.469301 0.0003615931 -0.0000171796 -0.0001216027 0.0000015476 0.0000058209 0.0000417313 0.0330341608 0.0151884724 0.0000327745 0.0104344318 -0.0000091149 0.0026489486
1403636940.30159 4.363538 -8.668125 -0.058642 0.448980 -0.676967 0.345246 0.470040 0.0003614569 -0.0000172490 -0.0001217817 0.0000015555 0.0000058550 0.0000418687 0.0327723828 0.0150557919 0.0000328659 0.0103663224 -0.0000093328 0.0026490172
1403636940.35159 4.343408 -8.628958 -0.069385 0.447329 -0.677827 0.343833 0.471410 0.0003616591 -0.0000168697 -0.0001215799 0.0000015198 0.0000057139 0.0000417103 0.0325074483 0.0149214222 0.0000329339 0.0102968472 -0.0000094201 0.0026490089
1403636940.40159 4.323482 -8.590119 -0.080909 0.445098 -0.679262 0.343437 0.471743 0.0003616090 -0.0000177366 -0.0001215327 0.0000016043 0.0000060043 0.0000416852 0.0322340512 0.0147829971 0.0000330176 0.0102258935 -0.0000096345 0.0026490894
1403636940.45159 4.303289 -8.550722 -0.092431 0.443430 -0.680205 0.342626 0.472546 0.0003617048 -0.0000178917 -0.0001213946 0.0000016206 0.0000060480 0.0000415824 0.0319635487 0.0146467442 0.0000331062 0.0101564929 -0.0000098472 0.0026491835
1403636940.50158 4.277912 -8.504016 -0.104051 0.442211 -0.681384 0.341548 0.472769 0.0003613890 -0.0000179658 -0.0001218037 0.0000016261 0.0000060956 0.0000418922 0.0316893726 0.0145105583 0.0000328754 0.0100830935 -0.0000088004 0.0026482433
1403636940.55158 4.255735 -8.463230 -0.112960 0.441395 -0.683610 0.339912 0.471495 0.0003601774 -0.0000184163 -0.0001233139 0.0000016754 0.0000063455 0.0000430610 0.0313682556 0.0143425218 0.0000328393 0.0099931957 -0.0000087522 0.0026481960
1403636940.60158 4.233700 -8.422672 -0.120686 0.442492 -0.686396 0.336444 0.468901 0.0003577180 -0.0000177376 -0.0001265101 0.0000016145 0.0000063133 0.0000455903 0.0310871992 0.0141963758 0.0000329357 0.0099164427 -0.0000089098 0.0026482754
1403636940.65158 4.210996 -8.382010 -0.126327 0.443990 -0.688287 0.332269 0.467687 0.0003557581 -0.0000158642 -0.0001291364 0.0000014434 0.0000057976 0.0000477301 0.0308142183 0.0140520028 0.0000330458 0.0098395072 -0.0000090644 0.0026483679
1403636940.70158 4.187548 -8.341799 -0.129664 0.446077 -0.689723 0.327821 0.466724 0.0003538291 -0.0000134530 -0.0001316749 0.0000012485 0.0000050440 0.0000498632 0.0305450568 0.0139071814 0.0000331691 0.0097612519 -0.0000092219 0.0026484703
1403636940.75158 4.163930 -8.302459 -0.130542 0.447835 -0.691252 0.324288 0.465245 0.0003518612 -0.0000118391 -0.0001340694 0.0000011367 0.0000045476 0.0000519520 0.0302787804 0.0137615488 0.0000332937 0.0096814545 -0.0000093743 0.0026485920
1403636940.80158 4.139945 -8.262848 -0.129882 0.449389 -0.692251 0.321325 0.464315 0.0003503533 -0.0000102890 -0.0001358692 0.0000010419 0.0000040258 0.0000535637 0.0300213156 0.0136179974 0.0000334371 0.0096016307 -0.0000095352 0.0026487140
1403636940.85158 4.115548 -8.223935 -0.126915 0.450444 -0.692847 0.318961 0.464035 0.0003493997 -0.0000089180 -0.0001370063 0.0000009689 0.0000035316 0.0000545996 0.0297632321 0.0134739016 0.0000335925 0.0095215129 -0.0000097080 0.0026488473
1403636940.90158 4.090713 -8.186153 -0.121425 0.452311 -0.692798 0.316213 0.464171 0.0003485485 -0.0000067689 -0.0001380456 0.0000008740 0.0000027138 0.0000555546 0.0295106923 0.0133311112 0.0000337586 0.0094412615 -0.0000098449 0.0026489408
1403636940.95159 4.065645 -8.149380 -0.114388 0.453437 -0.692578 0.314357 0.464662 0.0003481827 -0.0000051969 -0.0001385082 0.0000008216 0.0000020990 0.0000559818 0.0292727645 0.0131899297 0.0000339443 0.0093591364 -0.0000100070 0.0026490394
1403636941.00159 4.040070 -8.113831 -0.106094 0.452634 -0.691348 0.315914 0.466218 0.0003496067 -0.0000054577 -0.0001369884 0.0000008303 0.0000021699 0.0000545569 0.0290450701 0.0130509594 0.0000340840 0.0092761669 -0.0000100437 0.0026490445
1403636941.05159 4.014470 -8.079961 -0.095643 0.452702 -0.690321 0.316161 0.467505 0.0003504383 -0.0000048954 -0.0001361169 0.0000008147 0.0000019323 0.0000537490 0.0288227045 0.0129125317 0.0000342944 0.0091929597 -0.0000101542 0.0026490726
1403636941.10159 3.987679 -8.043423 -0.086247 0.451976 -0.688848 0.317157 0.469700 0.0003519603 -0.0000045286 -0.0001344605 0.0000008007 0.0000017567 0.0000522412 0.0286077723 0.0127780175 0.0000342226 0.0091091784 -0.0000096607 0.0026481261
1403636941.15159 3.962480 -8.009250 -0.074686 0.451473 -0.687723 0.318454 0.470952 0.0003531482 -0.0000047454 -0.0001331251 0.0000008075 0.0000018154 0.0000510539 0.0283777554 0.0126355392 0.0000343918 0.0090234677 -0.0000097109 0.0026481434
1403636941.20159 3.937762 -7.976594 -0.062432 0.451483 -0.686585 0.319204 0.472095 0.0003540574 -0.0000044751 -0.0001321039 0.0000008017 0.0000016961 0.0000501582 0.0281627978 0.0125030730 0.0000345802 0.0089445567 -0.0000098420 0.0026482353
1403636941.25159 3.910733 -7.942123 -0.052263 0.450659 -0.685294 0.321436 0.473241 0.0003554024 -0.0000051823 -0.0001305184 0.0000008120 0.0000019247 0.0000487932 0.0279562412 0.0123765725 0.0000344507 0.0088644622 -0.0000089022 0.0026469628
1403636941.30159 3.886555 -7.910021 -0.040979 0.450515 -0.683283 0.322975 0.475234 0.0003570440 -0.0000049316 -0.0001285831 0.0000008061 0.0000017972 0.0000471646 0.0277391262 0.0122378560 0.0000346342 0.0087799355 -0.0000090133 0.0026470487
1403636941.35159 3.862749 -7.877979 -0.031308 0.451068 -0.681519 0.324159 0.476434 0.0003580973 -0.0000045043 -0.0001273266 0.0000007962 0.0000016224 0.0000461280 0.0275388084 0.0121134738 0.0000348096 0.0087055028 -0.0000091274 0.0026471295
1403636941.40159 3.839189 -7.846270 -0.023407 0.451751 -0.680067 0.325200 0.477153 0.0003588397 -0.0000041948 -0.0001264294 0.0000007901 0.0000014985 0.0000453983 0.0273391171 0.0119914815 0.0000349799 0.0086333457 -0.0000092500 0.0026472053
1403636941.45159 3.815886 -7.814299 -0.016279 0.452497 -0.678378 0.326279 0.478113 0.0003597244 -0.0000037470 -0.0001253475 0.0000007817 0.0000013260 0.0000445297 0.0271415264 0.0118710145 0.0000351334 0.0085622926 -0.0000093650 0.0026473015
1403636941.50160 3.792479 -7.782533 -0.010789 0.453427 -0.677200 0.327464 0.478092 0.0003601337 -0.0000037263 -0.0001248401 0.0000007829 0.0000013122 0.0000441271 0.0269429972 0.0117510233 0.0000352798 0.0084919888 -0.0000094825 0.0026473999
1403636941.55160 3.769564 -7.750467 -0.006635 0.454920 -0.676131 0.327456 0.478192 0.0003602043 -0.0000028774 -0.0001247811 0.0000007689 0.0000010167 0.0000440781 0.0267446899 0.0116309943 0.0000354128 0.0084216272 -0.0000095968 0.0026475017
1403636941.60160 3.746988 -7.718538 -0.003760 0.456199 -0.675828 0.327735 0.477210 0.0003598084 -0.0000028178 -0.0001252896 0.0000007696 0.0000010013 0.0000444806 0.0265477549 0.0115140495 0.0000355416 0.0083540168 -0.0000097120 0.0026476017
1403636941.65160 3.724807 -7.686607 -0.001867 0.457151 -0.675229 0.328032 0.476942 0.0003597846 -0.0000025733 -0.0001253316 0.0000007675 0.0000009164 0.0000445134 0.0263521834 0.0113984972 0.0000356697 0.0082874769 -0.0000098198 0.0026477030
1403636941.70160 3.701757 -7.653227 -0.001792 0.458517 -0.674941 0.327825 0.476181 0.0003593216 -0.0000021458 -0.0001259230 0.0000007613 0.0000007698 0.0000449828 0.0261562379 0.0112856886 0.0000354515 0.0082219068 -0.0000096764 0.0026472925
1403636941.75161 3.679755 -7.621168 -0.001176 0.459475 -0.674434 0.327959 0.475884 0.0003592370 -0.0000018640 -0.0001260386 0.0000007596 0.0000006717 0.0000450751 0.0259540723 0.0111672364 0.0000355724 0.0081539342 -0.0000097751 0.0026474049
1403636941.80161 3.657917 -7.591005 0.001081 0.460161 -0.674669 0.328528 0.474493 0.0003587497 -0.0000024593 -0.0001266384 0.0000007679 0.0000008861 0.0000455592 0.0257614123 0.0110550296 0.0000357361 0.0080900033 -0.0000098204 0.0026474524
1403636941.85161 3.630432 -7.552802 -0.001311 0.460732 -0.674420 0.329314 0.473747 0.0003585120 -0.0000026756 -0.0001269226 0.0000007659 0.0000009604 0.0000457847 0.0255747712 0.0109494335 0.0000351478 0.0080234143 -0.0000089462 0.0026464021
1403636941.90161 3.609565 -7.520831 0.003237 0.461457 -0.675265 0.329166 0.471937 0.0003576265 -0.0000033453 -0.0001279942 0.0000007787 0.0000012109 0.0000466623 0.0253436052 0.0108113232 0.0000352658 0.0079434296 -0.0000090553 0.0026465042
1403636941.95161 3.588817 -7.489662 0.010150 0.462168 -0.675489 0.329150 0.470931 0.0003571046 -0.0000034909 -0.0001286255 0.0000007830 0.0000012711 0.0000471846 0.0251571089 0.0107046553 0.0000353954 0.0078834266 -0.0000091547 0.0026465951
1403636942.00161 3.568384 -7.458223 0.018046 0.461534 -0.676397 0.330552 0.469264 0.0003567093 -0.0000052364 -0.0001290447 0.0000008273 0.0000019094 0.0000475403 0.0249704448 0.0105990340 0.0000355275 0.0078245328 -0.0000092593 0.0026467018
1403636942.05161 3.547819 -7.426959 0.026515 0.460489 -0.676961 0.332628 0.468008 0.0003567511 -0.0000072474 -0.0001289005 0.0000008992 0.0000026352 0.0000474308 0.0247844933 0.0104941626 0.0000356624 0.0077662510 -0.0000093687 0.0026468096
1403636942.10160 3.527267 -7.395273 0.035713 0.460048 -0.677121 0.333136 0.467850 0.0003568337 -0.0000077611 -0.0001287744 0.0000009221 0.0000028179 0.0000473292 0.0245977589 0.0103882439 0.0000357938 0.0077072141 -0.0000094843 0.0026469201
1403636942.15160 3.506730 -7.363761 0.044755 0.459082 -0.677354 0.334496 0.467491 0.0003570898 -0.0000089796 -0.0001283894 0.0000009805 0.0000032465 0.0000470182 0.0244120394 0.0102838785 0.0000359246 0.0076494664 -0.0000096018 0.0026470228
1403636942.20160 3.486327 -7.331927 0.052670 0.458096 -0.677381 0.335523 0.467683 0.0003575214 -0.0000098009 -0.0001278090 0.0000010246 0.0000035222 0.0000465458 0.0242255825 0.0101792427 0.0000360464 0.0075916824 -0.0000097196 0.0026471210
1403636942.25160 3.465472 -7.300454 0.059003 0.457048 -0.678099 0.336362 0.467064 0.0003574478 -0.0000110022 -0.0001278027 0.0000010958 0.0000039532 0.0000465509 0.0240396351 0.0100749245 0.0000361663 0.0075340920 -0.0000098230 0.0026472013
1403636942.30160 3.444393 -7.268316 0.063187 0.455624 -0.678578 0.337492 0.466945 0.0003577103 -0.0000122420 -0.0001273697 0.0000011768 0.0000043786 0.0000462070 0.0238554749 0.0099707654 0.0000361587 0.0074754243 -0.0000098411 0.0026471139
1403636942.35160 3.423096 -7.236262 0.066593 0.453782 -0.679232 0.338997 0.466699 0.0003580267 -0.0000139460 -0.0001268085 0.0000013025 0.0000049602 0.0000457677 0.0236683000 0.0098652778 0.0000362607 0.0074171315 -0.0000099487 0.0026471970
1403636942.40160 3.401823 -7.203920 0.067919 0.451843 -0.680524 0.340487 0.465611 0.0003578396 -0.0000161016 -0.0001267857 0.0000014855 0.0000057274 0.0000457759 0.0234835116 0.0097595974 0.0000363973 0.0073582998 -0.0000100731 0.0026473825
1403636942.45160 3.381264 -7.172270 0.065930 0.450402 -0.681795 0.341162 0.464653 0.0003574406 -0.0000175791 -0.0001270737 0.0000016244 0.0000062706 0.0000460279 0.0232954248 0.0096549531 0.0000361569 0.0072965704 -0.0000097707 0.0026467644
1403636942.50160 3.358961 -7.139502 0.064059 0.449087 -0.683443 0.341248 0.463439 0.0003567390 -0.0000189307 -0.0001277355 0.0000017658 0.0000068005 0.0000465915 0.0231141887 0.0095529280 0.0000362604 0.0072402291 -0.0000098601 0.0026468715
1403636942.55160 3.336014 -7.106703 0.060838 0.448830 -0.685422 0.340474 0.461330 0.0003552862 -0.0000197977 -0.0001293460 0.0000018658 0.0000072305 0.0000479476 0.0229265480 0.0094440393 0.0000363752 0.0071789335 -0.0000099431 0.0026469989
1403636942.60159 3.312341 -7.073924 0.056640 0.448743 -0.686741 0.338977 0.460555 0.0003543429 -0.0000196282 -0.0001304823 0.0000018508 0.0000072506 0.0000489091 0.0227404967 0.0093335503 0.0000364950 0.0071158699 -0.0000100169 0.0026471344
1403636942.65159 3.287987 -7.040815 0.051210 0.449375 -0.688252 0.336887 0.459216 0.0003529131 -0.0000191280 -0.0001322070 0.0000018013 0.0000071882 0.0000503917 0.0225551393 0.0092219912 0.0000366201 0.0070517444 -0.0000100787 0.0026472772
1403636942.70159 3.262644 -7.008016 0.045178 0.451132 -0.688864 0.333219 0.459251 0.0003517765 -0.0000167277 -0.0001338157 0.0000015604 0.0000063838 0.0000517723 0.0223703240 0.0091087566 0.0000367557 0.0069860420 -0.0000101227 0.0026474153
1403636942.75159 3.236810 -6.974840 0.038417 0.452019 -0.689353 0.330920 0.459307 0.0003510508 -0.0000153245 -0.0001347922 0.0000014349 0.0000059033 0.0000526275 0.0221882155 0.0089943195 0.0000369045 0.0069187930 -0.0000101403 0.0026475755
1403636942.80159 3.209788 -6.941966 0.031882 0.452612 -0.689350 0.329018 0.460093 0.0003508607 -0.0000138559 -0.0001351631 0.0000013141 0.0000053554 0.0000529427 0.0220069706 0.0088791502 0.0000370841 0.0068508668 -0.0000101538 0.0026477374
1403636942.85159 3.182474 -6.909875 0.027353 0.452691 -0.688049 0.327881 0.462767 0.0003519938 -0.0000120238 -0.0001340866 0.0000011785 0.0000045959 0.0000519504 0.0218287860 0.0087618185 0.0000372657 0.0067804871 -0.0000101604 0.0026479088
1403636942.90159 3.157006 -6.878953 0.024571 0.452213 -0.686175 0.327402 0.466342 0.0003538137 -0.0000102970 -0.0001321690 0.0000010662 0.0000038588 0.0000502394 0.0216531767 0.0086476290 0.0000370694 0.0067076115 -0.0000097364 0.0026472014
1403636942.95159 3.129307 -6.847809 0.024068 0.452442 -0.684792 0.326034 0.469103 0.0003548896 -0.0000082455 -0.0001310736 0.0000009592 0.0000030553 0.0000492756 0.0214852676 0.0085394172 0.0000372176 0.0066435159 -0.0000097768 0.0026473004
1403636943.00159 3.101654 -6.817262 0.025997 0.451655 -0.683939 0.326320 0.470905 0.0003559524 -0.0000078586 -0.0001298531 0.0000009425 0.0000028757 0.0000482347 0.0213184048 0.0084263014 0.0000373753 0.0065749116 -0.0000098158 0.0026474021
1403636943.05160 3.075259 -6.787330 0.030566 0.451380 -0.682275 0.326068 0.473748 0.0003573946 -0.0000064680 -0.0001282047 0.0000008870 0.0000023270 0.0000468500 0.0211513245 0.0083149573 0.0000373239 0.0065062693 -0.0000096234 0.0026472571
1403636943.10160 3.047730 -6.756748 0.036426 0.450410 -0.681562 0.326052 0.475703 0.0003584153 -0.0000059631 -0.0001269873 0.0000008704 0.0000021183 0.0000458505 0.0209911290 0.0082078724 0.0000374475 0.0064419768 -0.0000096589 0.0026472905
1403636943.15160 3.020704 -6.726366 0.042517 0.448623 -0.681491 0.327256 0.476667 0.0003592988 -0.0000068936 -0.0001258491 0.0000009049 0.0000024201 0.0000449375 0.0208290526 0.0080987443 0.0000375775 0.0063764129 -0.0000097062 0.0026473363
1403636943.20160 2.994093 -6.695868 0.047665 0.447805 -0.681124 0.327495 0.477795 0.0003599611 -0.0000068518 -0.0001250250 0.0000009045 0.0000023846 0.0000442820 0.0206656312 0.0079912374 0.0000377077 0.0063127568 -0.0000097700 0.0026473895
1403636943.25160 2.967689 -6.665649 0.051663 0.447337 -0.681379 0.327023 0.478192 0.0003600112 -0.0000066942 -0.0001249754 0.0000009001 0.0000023279 0.0000442428 0.0205030849 0.0078855352 0.0000378354 0.0062507425 -0.0000098343 0.0026474462
1403636943.30160 2.941588 -6.635289 0.054148 0.446919 -0.681072 0.326069 0.479671 0.0003604641 -0.0000057713 -0.0001244525 0.0000008695 0.0000019952 0.0000438268 0.0203420335 0.0077810209 0.0000379549 0.0061896480 -0.0000098983 0.0026474981
1403636943.35160 2.915956 -6.604625 0.055037 0.446483 -0.680972 0.324972 0.480961 0.0003607694 -0.0000049006 -0.0001241054 0.0000008451 0.0000016871 0.0000435519 0.0201801872 0.0076778213 0.0000380664 0.0061300126 -0.0000099595 0.0026475424
1403636943.40160 2.890963 -6.574397 0.054747 0.445255 -0.680955 0.325043 0.482075 0.0003613570 -0.0000050045 -0.0001233515 0.0000008494 0.0000017089 0.0000429660 0.0200191699 0.0075770287 0.0000381728 0.0060724483 -0.0000100134 0.0026475883
1403636943.45160 2.866507 -6.543798 0.052684 0.444651 -0.681285 0.324392 0.482604 0.0003614132 -0.0000047885 -0.0001232938 0.0000008451 0.0000016332 0.0000429214 0.0198615567 0.0074789603 0.0000382685 0.0060167594 -0.0000100710 0.0026476429
1403636943.50160 2.842819 -6.516197 0.049413 0.444238 -0.681055 0.323762 0.483730 0.0003617985 -0.0000041794 -0.0001228186 0.0000008298 0.0000014163 0.0000425523 0.0197015105 0.0073836607 0.0000380703 0.0059602884 -0.0000100217 0.0026474469
1403636943.55160 2.818747 -6.485659 0.044198 0.443872 -0.681130 0.323031 0.484449 0.0003619193 -0.0000036978 -0.0001226832 0.0000008208 0.0000012500 0.0000424478 0.0195578592 0.0072929225 0.0000381356 0.0059081014 -0.0000100690 0.0026474815
1403636943.60160 2.793950 -6.455636 0.037575 0.443728 -0.680553 0.322251 0.485909 0.0003624056 -0.0000027055 -0.0001220768 0.0000008022 0.0000009057 0.0000419817 0.0193989541 0.0071983691 0.0000380870 0.0058535863 -0.0000100078 0.0026473734
1403636943.65160 2.771040 -6.424611 0.029925 0.443975 -0.680056 0.321077 0.487155 0.0003626645 -0.0000014689 -0.0001217624 0.0000007893 0.0000004857 0.0000417416 0.0192437459 0.0071026967 0.0000381163 0.0057989287 -0.0000100010 0.0026474156
1403636943.70160 2.748368 -6.393509 0.020955 0.442885 -0.679885 0.321790 0.487914 0.0003632775 -0.0000019422 -0.0001209491 0.0000007951 0.0000006385 0.0000411291 0.0190848583 0.0070114980 0.0000381798 0.0057494418 -0.0000100375 0.0026474702
1403636943.75160 2.726303 -6.361967 0.010364 0.442678 -0.680083 0.321012 0.488338 0.0003632411 -0.0000015178 -0.0001210085 0.0000007924 0.0000004963 0.0000411740 0.0189249743 0.0069216462 0.0000382428 0.0057013360 -0.0000100687 0.0026475304
1403636943.80159 2.705228 -6.330357 -0.001539 0.443040 -0.679946 0.320002 0.488865 0.0003631782 -0.0000006442 -0.0001211058 0.0000007885 0.0000002039 0.0000412473 0.0187650910 0.0068339849 0.0000383014 0.0056551842 -0.0000100988 0.0026475966
1403636943.85159 2.685305 -6.298471 -0.014992 0.443943 -0.680366 0.320896 0.486870 0.0003624663 -0.0000015434 -0.0001220430 0.0000007953 0.0000005085 0.0000419585 0.0186058734 0.0067501087 0.0000383584 0.0056121693 -0.0000101255 0.0026476734
1403636943.90159 2.666286 -6.266508 -0.030245 0.447313 -0.681103 0.320912 0.482727 0.0003603732 -0.0000018839 -0.0001247416 0.0000007999 0.0000006404 0.0000440518 0.0184463200 0.0066691094 0.0000384132 0.0055716848 -0.0000101422 0.0026477704
1403636943.95158 2.648461 -6.234612 -0.047059 0.452532 -0.682816 0.320485 0.475676 0.0003565700 -0.0000025691 -0.0001294063 0.0000008099 0.0000009205 0.0000478482 0.0182868904 0.0065900638 0.0000384551 0.0055328292 -0.0000101484 0.0026478869
1403636944.00157 2.630818 -6.202140 -0.064861 0.458409 -0.684866 0.318917 0.468094 0.0003519595 -0.0000027479 -0.0001347083 0.0000008140 0.0000010394 0.0000524555 0.0181304533 0.0065136979 0.0000384547 0.0054954537 -0.0000101074 0.0026480058
1403636944.05157 2.613500 -6.170627 -0.082276 0.464170 -0.686831 0.317099 0.460714 0.0003472340 -0.0000028174 -0.0001397768 0.0000008170 0.0000011216 0.0000571780 0.0179731165 0.0064373806 0.0000384763 0.0054586199 -0.0000101062 0.0026481589
1403636944.10157 2.596207 -6.139993 -0.098159 0.470029 -0.689086 0.314133 0.453381 0.0003419381 -0.0000023733 -0.0001450714 0.0000008118 0.0000009939 0.0000624760 0.0178229312 0.0063635525 0.0000385045 0.0054225378 -0.0000100732 0.0026483137
1403636944.15157 2.578570 -6.110670 -0.112110 0.474505 -0.690085 0.312872 0.448040 0.0003383542 -0.0000023163 -0.0001484331 0.0000008128 0.0000010029 0.0000660556 0.0176811648 0.0062914929 0.0000385228 0.0053864510 -0.0000100273 0.0026484921
1403636944.20156 2.560152 -6.083878 -0.123709 0.478329 -0.689948 0.311517 0.445119 0.0003360970 -0.0000013545 -0.0001504719 0.0000008031 0.0000005921 0.0000683135 0.0175481456 0.0062207780 0.0000384644 0.0053483233 -0.0000097119 0.0026485960
1403636944.25157 2.542696 -6.059533 -0.133546 0.480238 -0.689795 0.312835 0.442368 0.0003350409 -0.0000023107 -0.0001513813 0.0000008141 0.0000010309 0.0000693487 0.0174277805 0.0061518574 0.0000383866 0.0053092134 -0.0000093848 0.0026487206
1403636944.30157 2.524084 -6.036985 -0.139653 0.481595 -0.688035 0.314065 0.442762 0.0003357553 -0.0000019566 -0.0001507481 0.0000008112 0.0000008650 0.0000686326 0.0173194662 0.0060860636 0.0000384656 0.0052728083 -0.0000093565 0.0026489309
1403636944.35157 2.504948 -6.017010 -0.143979 0.481416 -0.685469 0.317437 0.444527 0.0003381671 -0.0000025125 -0.0001485594 0.0000008199 0.0000010909 0.0000662069 0.0172231357 0.0060203340 0.0000385322 0.0052344898 -0.0000093281 0.0026491170
1403636944.40158 2.485381 -5.999181 -0.146169 0.480695 -0.682519 0.320974 0.447298 0.0003411912 -0.0000028690 -0.0001457182 0.0000008267 0.0000012128 0.0000631703 0.0171374941 0.0059557482 0.0000385835 0.0051954147 -0.0000093078 0.0026492753
1403636944.45158 2.465716 -5.982674 -0.146387 0.480890 -0.677786 0.322951 0.452828 0.0003451163 -0.0000007052 -0.0001418885 0.0000008053 0.0000002752 0.0000592607 0.0170573816 0.0058920835 0.0000386059 0.0051563145 -0.0000092957 0.0026493838
1403636944.50158 2.445993 -5.967519 -0.144669 0.480513 -0.672719 0.325520 0.458903 0.0003494440 0.0000012878 -0.0001373791 0.0000008098 -0.0000005228 0.0000549234 0.0169852229 0.0058306519 0.0000386015 0.0051178675 -0.0000092974 0.0026494332
1403636944.55158 2.426378 -5.952751 -0.141273 0.481271 -0.666628 0.326068 0.466545 0.0003536514 0.0000055445 -0.0001326079 0.0000008933 -0.0000020991 0.0000506275 0.0169152359 0.0057706070 0.0000385653 0.0050803409 -0.0000093042 0.0026494071
1403636944.60158 2.407586 -5.938463 -0.136520 0.482675 -0.661242 0.325460 0.473137 0.0003566822 0.0000101045 -0.0001287785 0.0000010940 -0.0000036720 0.0000473906 0.0168466296 0.0057126329 0.0000385088 0.0050444241 -0.0000093250 0.0026493300
1403636944.65158 2.390096 -5.924567 -0.130893 0.485083 -0.656676 0.324035 0.477988 0.0003583669 0.0000146129 -0.0001262802 0.0000014049 -0.0000051768 0.0000453891 0.0167806596 0.0056582306 0.0000384487 0.0050111115 -0.0000093524 0.0026492202
1403636944.70158 2.374150 -5.911705 -0.123988 0.487787 -0.652470 0.324246 0.480844 0.0003596254 0.0000176184 -0.0001243081 0.0000016728 -0.0000061201 0.0000438555 0.0167183233 0.0056084905 0.0000383957 0.0049810044 -0.0000093825 0.0026490962
1403636944.75157 2.360255 -5.898770 -0.116491 0.488376 -0.651374 0.327845 0.479289 0.0003602336 0.0000157449 -0.0001237753 0.0000014971 -0.0000054392 0.0000434150 0.0166588330 0.0055632561 0.0000383572 0.0049541538 -0.0000094408 0.0026490061
1403636944.80157 2.348262 -5.885328 -0.106952 0.488378 -0.650871 0.331948 0.477141 0.0003607794 0.0000130195 -0.0001233770 0.0000012759 -0.0000044816 0.0000430749 0.0165974932 0.0055220990 0.0000381164 0.0049294778 -0.0000094884 0.0026487065
1403636944.85157 2.338778 -5.873725 -0.095730 0.488251 -0.650223 0.335801 0.475457 0.0003614253 0.0000105924 -0.0001227605 0.0000011140 -0.0000036266 0.0000425766 0.0165351132 0.0054849343 0.0000379412 0.0049081662 -0.0000095931 0.0026484656
1403636944.90157 2.329166 -5.860208 -0.084844 0.488159 -0.650489 0.339039 0.472882 0.0003613922 0.0000079765 -0.0001229889 0.0000009787 -0.0000027420 0.0000427365 0.0164811016 0.0054549663 0.0000379594 0.0048926611 -0.0000096823 0.0026484386
1403636944.95157 2.320496 -5.847023 -0.073887 0.487667 -0.650321 0.342390 0.471205 0.0003618343 0.0000055600 -0.0001225348 0.0000008872 -0.0000019090 0.0000423765 0.0164176997 0.0054226060 0.0000379721 0.0048767464 -0.0000097765 0.0026484202
1403636945.00157 2.312724 -5.833636 -0.064974 0.488117 -0.649710 0.343961 0.470435 0.0003620246 0.0000048200 -0.0001223041 0.0000008653 -0.0000016545 0.0000421982 0.0163555903 0.0053921541 0.0000379729 0.0048621365 -0.0000098699 0.0026483919
1403636945.05157 2.305945 -5.820516 -0.058899 0.488615 -0.649065 0.345118 0.469961 0.0003622049 0.0000044115 -0.0001220678 0.0000008531 -0.0000015141 0.0000420159 0.0162969802 0.0053642275 0.0000379153 0.0048480602 -0.0000098505 0.0026482729
1403636945.10158 2.299651 -5.806875 -0.056827 0.489127 -0.648221 0.346135 0.469845 0.0003625033 0.0000042982 -0.0001216649 0.0000008499 -0.0000014702 0.0000417104 0.0162326623 0.0053381032 0.0000378864 0.0048372121 -0.0000099445 0.0026482446
1403636945.15158 2.294307 -5.792022 -0.058074 0.489634 -0.647988 0.346725 0.469204 0.0003624035 0.0000040236 -0.0001217908 0.0000008431 -0.0000013800 0.0000418062 0.0161644855 0.0053121729 0.0000378473 0.0048271077 -0.0000100300 0.0026482180
1403636945.20158 2.289601 -5.776712 -0.060929 0.490292 -0.647417 0.347022 0.469085 0.0003624414 0.0000042175 -0.0001217193 0.0000008469 -0.0000014446 0.0000417535 0.0160933461 0.0052875885 0.0000378020 0.0048185272 -0.0000101095 0.0026481875
1403636945.25158 2.285569 -5.760950 -0.064492 0.490550 -0.646923 0.347629 0.469047 0.0003626321 0.0000041262 -0.0001214555 0.0000008440 -0.0000014104 0.0000415543 0.0160206177 0.0052639685 0.0000377514 0.0048109412 -0.0000101813 0.0026481509
1403636945.30158 2.282179 -5.745308 -0.067190 0.490610 -0.646947 0.348021 0.468660 0.0003625849 0.0000037997 -0.0001215135 0.0000008362 -0.0000013018 0.0000415982 0.0159481864 0.0052419693 0.0000377022 0.0048046108 -0.0000102484 0.0026481130
1403636945.35158 2.279505 -5.729230 -0.068010 0.490755 -0.646731 0.348048 0.468787 0.0003626409 0.0000039436 -0.0001214200 0.0000008386 -0.0000013492 0.0000415287 0.0158741265 0.0052212467 0.0000376571 0.0047995592 -0.0000103142 0.0026480733
1403636945.40158 2.277555 -5.712028 -0.067618 0.491228 -0.646892 0.347193 0.468703 0.0003622715 0.0000044808 -0.0001218733 0.0000008503 -0.0000015368 0.0000418735 0.0157983884 0.0052023269 0.0000375627 0.0047955113 -0.0000102609 0.0026479634
1403636945.45158 2.276861 -5.695199 -0.065152 0.490836 -0.646880 0.347294 0.469056 0.0003624707 0.0000044134 -0.0001215979 0.0000008472 -0.0000015100 0.0000416639 0.0157184830 0.0051843748 0.0000374854 0.0047930143 -0.0000102235 0.0026478476
1403636945.50158 2.276505 -5.678186 -0.061724 0.490435 -0.647290 0.347137 0.469026 0.0003623925 0.0000042181 -0.0001216937 0.0000008421 -0.0000014462 0.0000417369 0.0156403761 0.0051691766 0.0000374481 0.0047930950 -0.0000103017 0.0026478008
1403636945.55158 2.276872 -5.660724 -0.059603 0.490053 -0.648925 0.346733 0.467462 0.0003614971 0.0000032630 -0.0001228795 0.0000008219 -0.0000011387 0.0000426423 0.0155609265 0.0051542442 0.0000374131 0.0047936558 -0.0000103747 0.0026477526
1403636945.60158 2.277946 -5.643146 -0.059123 0.490581 -0.651590 0.344703 0.464694 0.0003594022 0.0000027133 -0.0001255502 0.0000008125 -0.0000009776 0.0000447366 0.0154805424 0.0051404296 0.0000373826 0.0047953201 -0.0000104412 0.0026477101
1403636945.65158 2.279588 -5.625055 -0.060554 0.492587 -0.654965 0.340466 0.460936 0.0003559237 0.0000032353 -0.0001297645 0.0000008209 -0.0000012106 0.0000481955 0.0154005827 0.0051285785 0.0000373349 0.0047980582 -0.0000103873 0.0026476197
1403636945.70158 2.282003 -5.607663 -0.063695 0.494819 -0.659326 0.335738 0.455767 0.0003514259 0.0000032934 -0.0001349041 0.0000008222 -0.0000012962 0.0000526828 0.0153203557 0.0051173312 0.0000373186 0.0048019165 -0.0000104498 0.0026476115
1403636945.75158 2.284907 -5.591032 -0.068234 0.497418 -0.662853 0.330529 0.451611 0.0003471252 0.0000043136 -0.0001394793 0.0000008449 -0.0000017669 0.0000569515 0.0152462260 0.0051084336 0.0000373064 0.0048067625 -0.0000105023 0.0026476116
1403636945.80158 2.288303 -5.575664 -0.074515 0.499710 -0.666602 0.325825 0.446956 0.0003426491 0.0000047303 -0.0001439664 0.0000008565 -0.0000020225 0.0000614069 0.0151776741 0.0051018583 0.0000372940 0.0048126513 -0.0000105447 0.0026476212
1403636945.85158 2.291975 -5.561852 -0.081394 0.500527 -0.668683 0.323070 0.444928 0.0003403652 0.0000050956 -0.0001461397 0.0000008676 -0.0000022239 0.0000636709 0.0151163434 0.0050973534 0.0000372772 0.0048191022 -0.0000105792 0.0026476377
1403636945.90158 2.295940 -5.549653 -0.088909 0.499314 -0.670067 0.323329 0.444021 0.0003399884 0.0000038984 -0.0001465226 0.0000008361 -0.0000017153 0.0000640707 0.0150628414 0.0050953473 0.0000372513 0.0048263522 -0.0000106077 0.0026476528
1403636945.95157 2.299799 -5.538961 -0.096675 0.497834 -0.668219 0.324469 0.447620 0.0003424632 0.0000046356 -0.0001441213 0.0000008545 -0.0000019869 0.0000615694 0.0150166127 0.0050948434 0.0000372091 0.0048336728 -0.0000106302 0.0026476534
1403636946.00157 2.303629 -5.528701 -0.105595 0.494945 -0.665009 0.328000 0.452998 0.0003468559 0.0000047210 -0.0001396944 0.0000008563 -0.0000019377 0.0000571664 0.0149750285 0.0050958351 0.0000371066 0.0048410930 -0.0000105643 0.0026475860
1403636946.05157 2.307882 -5.519418 -0.115335 0.492092 -0.661945 0.330993 0.458387 0.0003509172 0.0000050355 -0.0001353360 0.0000008647 -0.0000019789 0.0000530881 0.0149334095 0.0050968443 0.0000369661 0.0048485259 -0.0000104870 0.0026474774
1403636946.10157 2.312755 -5.511961 -0.126976 0.490494 -0.660929 0.332127 0.460738 0.0003525868 0.0000050342 -0.0001334663 0.0000008650 -0.0000019432 0.0000514112 0.0148952706 0.0050994422 0.0000368518 0.0048571741 -0.0000105089 0.0026474149
1403636946.15157 2.317915 -5.504700 -0.140258 0.488916 -0.660371 0.332999 0.462583 0.0003538875 0.0000048819 -0.0001319803 0.0000008612 -0.0000018588 0.0000501076 0.0148635542 0.0051044696 0.0000367250 0.0048667816 -0.0000105280 0.0026473434
1403636946.20157 2.323402 -5.497812 -0.155121 0.487281 -0.660628 0.333803 0.463362 0.0003546050 0.0000041368 -0.0001311660 0.0000008429 -0.0000015683 0.0000494017 0.0148336500 0.0051102298 0.0000365899 0.0048767322 -0.0000105442 0.0026472704
1403636946.25157 2.328751 -5.490991 -0.171469 0.486216 -0.659417 0.333981 0.466068 0.0003560419 0.0000049811 -0.0001294354 0.0000008651 -0.0000018504 0.0000479347 0.0148046230 0.0051170778 0.0000363609 0.0048869007 -0.0000104215 0.0026471196
1403636946.30157 2.335026 -5.484388 -0.189247 0.484542 -0.658305 0.335195 0.468505 0.0003577193 0.0000049632 -0.0001274036 0.0000008654 -0.0000018080 0.0000462512 0.0147740440 0.0051233281 0.0000362117 0.0048974959 -0.0000104410 0.0026470554
1403636946.35157 2.341431 -5.477865 -0.208865 0.483409 -0.657406 0.334879 0.471156 0.0003589032 0.0000059368 -0.0001258909 0.0000008961 -0.0000021242 0.0000450311 0.0147451924 0.0051313142 0.0000360502 0.0049093090 -0.0000104564 0.0026469847
1403636946.40157 2.348675 -5.471414 -0.230032 0.481398 -0.657316 0.336698 0.472046 0.0003600277 0.0000046675 -0.0001245208 0.0000008594 -0.0000016559 0.0000439376 0.0147167116 0.0051411149 0.0000358764 0.0049226514 -0.0000104679 0.0026469129
1403636946.45157 2.356586 -5.464547 -0.252979 0.480209 -0.658063 0.336522 0.472341 0.0003601106 0.0000042439 -0.0001244207 0.0000008502 -0.0000015084 0.0000438583 0.0146864766 0.0051513841 0.0000356963 0.0049367672 -0.0000104696 0.0026468511
1403636946.50157 2.365105 -5.457483 -0.276883 0.479179 -0.658267 0.336596 0.473049 0.0003604883 0.0000040470 -0.0001239362 0.0000008469 -0.0000014340 0.0000434786 0.0146553733 0.0051632626 0.0000355127 0.0049525286 -0.0000104718 0.0026468004
1403636946.55157 2.374027 -5.450440 -0.300990 0.478181 -0.658332 0.336481 0.474050 0.0003609339 0.0000040951 -0.0001233529 0.0000008493 -0.0000014430 0.0000430255 0.0146239089 0.0051761693 0.0000353292 0.0049693617 -0.0000104696 0.0026467608
1403636946.60158 2.382831 -5.442040 -0.324814 0.477554 -0.658715 0.335943 0.474530 0.0003609662 0.0000042357 -0.0001232964 0.0000008537 -0.0000014912 0.0000429829 0.0145891791 0.0051896177 0.0000350580 0.0049869266 -0.0000103418 0.0026466616
1403636946.65158 2.393441 -5.433355 -0.347579 0.477170 -0.660117 0.335170 0.473514 0.0003601901 0.0000037458 -0.0001242956 0.0000008441 -0.0000013375 0.0000437623 0.0145503480 0.0052017551 0.0000348074 0.0050041733 -0.0000102035 0.0026465851
1403636946.70158 2.405199 -5.425062 -0.368611 0.473807 -0.663859 0.338998 0.468912 0.0003592894 -0.0000020256 -0.0001254639 0.0000008177 0.0000006661 0.0000446846 0.0145116751 0.0052179480 0.0000346348 0.0050256302 -0.0000102058 0.0026465832
1403636946.75158 2.416779 -5.416686 -0.387646 0.469009 -0.668655 0.344674 0.462743 0.0003580202 -0.0000100192 -0.0001266502 0.0000010883 0.0000035086 0.0000456782 0.0144731734 0.0052354954 0.0000344658 0.0050484232 -0.0000102116 0.0026466007
1403636946.80158 2.428108 -5.408134 -0.404911 0.463466 -0.673154 0.351313 0.456773 0.0003568489 -0.0000185852 -0.0001271105 0.0000017784 0.0000065906 0.0000461543 0.0144359861 0.0052515001 0.0000343079 0.0050697157 -0.0000102149 0.0026466363
1403636946.85158 2.438536 -5.398614 -0.421051 0.459656 -0.676800 0.355753 0.451773 0.0003553139 -0.0000248318 -0.0001278925 0.0000025485 0.0000089131 0.0000469132 0.0143957688 0.0052650788 0.0000341164 0.0050892414 -0.0000101399 0.0026466608
1403636946.90158 2.447504 -5.388987 -0.436873 0.457181 -0.679420 0.358235 0.448377 0.0003539972 -0.0000287681 -0.0001286280 0.0000031538 0.0000104312 0.0000476196 0.0143535483 0.0052752786 0.0000339697 0.0051066726 -0.0000101508 0.0026467312
1403636946.95159 2.455357 -5.378365 -0.453829 0.453136 -0.683556 0.363092 0.442248 0.0003516177 -0.0000357260 -0.0001296601 0.0000044499 0.0000131578 0.0000486974 0.0143101699 0.0052820728 0.0000338211 0.0051213402 -0.0000101553 0.0026468167
1403636947.00159 2.461152 -5.367594 -0.471614 0.449352 -0.686311 0.367425 0.438245 0.0003501778 -0.0000412367 -0.0001296683 0.0000056802 0.0000152577 0.0000489012 0.0142604191 0.0052834414 0.0000336760 0.0051324804 -0.0000101645 0.0026469194
1403636947.05159 2.464509 -5.356492 -0.490093 0.447700 -0.688276 0.368927 0.435585 0.0003488186 -0.0000438989 -0.0001303294 0.0000063521 0.0000163923 0.0000495830 0.0142121530 0.0052795167 0.0000335359 0.0051385890 -0.0000101716 0.0026470372
1403636947.10158 2.465113 -5.345550 -0.508568 0.449208 -0.688390 0.366796 0.435651 0.0003483549 -0.0000422863 -0.0001313706 0.0000059615 0.0000159357 0.0000504323 0.0141631560 0.0052700757 0.0000334059 0.0051398794 -0.0000101672 0.0026471622
1403636947.15158 2.462768 -5.333990 -0.525940 0.453935 -0.686796 0.360088 0.438852 0.0003486222 -0.0000357971 -0.0001329821 0.0000045033 0.0000136381 0.0000516190 0.0141145394 0.0052541672 0.0000332997 0.0051352927 -0.0000101629 0.0026472811
1403636947.20157 2.458088 -5.322452 -0.541717 0.461075 -0.686562 0.349932 0.439990 0.0003464745 -0.0000276921 -0.0001371925 0.0000030399 0.0000109420 0.0000552257 0.0140624588 0.0052328849 0.0000332112 0.0051263694 -0.0000101026 0.0026473698
1403636947.25156 2.452751 -5.310678 -0.555405 0.469267 -0.686359 0.337989 0.440980 0.0003432538 -0.0000183955 -0.0001420146 0.0000018120 0.0000075796 0.0000596694 0.0140121498 0.0052080108 0.0000331403 0.0051136755 -0.0000099907 0.0026474240
1403636947.30155 2.445520 -5.299133 -0.567610 0.476286 -0.687141 0.327532 0.440127 0.0003390285 -0.0000112048 -0.0001468170 0.0000011977 0.0000048143 0.0000645067 0.0139655698 0.0051836259 0.0000331292 0.0051010858 -0.0000099647 0.0026475463
1403636947.35155 2.437560 -5.289411 -0.577243 0.481892 -0.688196 0.319191 0.438502 0.0003348479 -0.0000059433 -0.0001509049 0.0000009347 0.0000026350 0.0000689483 0.0139250250 0.0051573754 0.0000331395 0.0050855455 -0.0000099396 0.0026476757
1403636947.40155 2.429319 -5.281358 -0.585110 0.485536 -0.689625 0.313494 0.436341 0.0003312379 -0.0000029827 -0.0001540893 0.0000008579 0.0000013407 0.0000726330 0.0138906303 0.0051319467 0.0000331629 0.0050694940 -0.0000099180 0.0026478125
1403636947.45156 2.420576 -5.277655 -0.589774 0.487622 -0.689998 0.309915 0.435982 0.0003295340 -0.0000007278 -0.0001555246 0.0000008343 0.0000002941 0.0000743578 0.0138675248 0.0051078282 0.0000331932 0.0050520732 -0.0000098213 0.0026478983
1403636947.50157 2.411307 -5.275319 -0.592556 0.485503 -0.690315 0.312376 0.436089 0.0003306167 -0.0000026714 -0.0001546043 0.0000008556 0.0000012023 0.0000732517 0.0138633214 0.0050876487 0.0000332308 0.0050345707 -0.0000098044 0.0026480186
1403636947.55157 2.401278 -5.275294 -0.593228 0.481890 -0.690020 0.316948 0.437264 0.0003331860 -0.0000056522 -0.0001523438 0.0000009310 0.0000025411 0.0000706044 0.0138624122 0.0050663956 0.0000332712 0.0050154495 -0.0000097994 0.0026481162
1403636947.60158 2.390201 -5.277740 -0.591467 0.478697 -0.687427 0.321062 0.441829 0.0003375330 -0.0000065860 -0.0001484454 0.0000009646 0.0000028546 0.0000662210 0.0138706844 0.0050449326 0.0000333096 0.0049943124 -0.0000097979 0.0026481666
1403636947.65158 2.378568 -5.281625 -0.588063 0.477787 -0.684476 0.322551 0.446288 0.0003407316 -0.0000053939 -0.0001455038 0.0000009222 0.0000022606 0.0000630619 0.0138863254 0.0050238095 0.0000333416 0.0049721166 -0.0000098012 0.0026481714
1403636947.70158 2.366523 -5.287168 -0.584843 0.477466 -0.682743 0.322832 0.449075 0.0003424447 -0.0000042641 -0.0001438838 0.0000008904 0.0000017481 0.0000613775 0.0139088953 0.0050033725 0.0000333709 0.0049492778 -0.0000098007 0.0026481533
1403636947.75158 2.354089 -5.293720 -0.582466 0.478782 -0.680529 0.321057 0.452295 0.0003435826 -0.0000012606 -0.0001428173 0.0000008425 0.0000004778 0.0000602845 0.0139364623 0.0049832045 0.0000333934 0.0049258763 -0.0000097959 0.0026481193
1403636947.80157 2.341634 -5.301463 -0.581274 0.480946 -0.678241 0.318489 0.455241 0.0003442088 0.0000023616 -0.0001421748 0.0000008546 -0.0000010251 0.0000596432 0.0139691594 0.0049641149 0.0000334086 0.0049026203 -0.0000097802 0.0026480742
1403636947.85157 2.329519 -5.310251 -0.579394 0.484115 -0.675150 0.314378 0.459317 0.0003447846 0.0000077071 -0.0001414003 0.0000010083 -0.0000032152 0.0000589056 0.0140060929 0.0049458235 0.0000334152 0.0048784078 -0.0000097247 0.0026478695
1403636947.90157 2.317476 -5.320134 -0.580626 0.486989 -0.671800 0.310816 0.463595 0.0003454733 0.0000127981 -0.0001403251 0.0000013119 -0.0000052578 0.0000579112 0.0140494505 0.0049302622 0.0000334128 0.0048566773 -0.0000097086 0.0026478530
1403636947.95156 2.306326 -5.331030 -0.583319 0.488717 -0.669449 0.309185 0.466260 0.0003461136 0.0000157374 -0.0001393621 0.0000015546 -0.0000063990 0.0000570259 0.0140961393 0.0049164973 0.0000333966 0.0048360820 -0.0000096849 0.0026478230
1403636948.00156 2.296473 -5.342804 -0.587928 0.488520 -0.670983 0.309870 0.463800 0.0003451236 0.0000140589 -0.0001405532 0.0000014115 -0.0000057870 0.0000581563 0.0141464780 0.0049060705 0.0000333826 0.0048178690 -0.0000096601 0.0026478128
1403636948.05156 2.287863 -5.355404 -0.593850 0.488270 -0.673406 0.310787 0.459921 0.0003434609 0.0000115183 -0.0001424519 0.0000012245 -0.0000048371 0.0000600032 0.0142002575 0.0048987720 0.0000333628 0.0048018567 -0.0000096372 0.0026478082
1403636948.10156 2.280087 -5.369050 -0.600927 0.488425 -0.675383 0.311406 0.456426 0.0003418229 0.0000095159 -0.0001442031 0.0000011026 -0.0000040730 0.0000617601 0.0142583633 0.0048945131 0.0000333503 0.0047877870 -0.0000096001 0.0026478394
1403636948.15156 2.272758 -5.383673 -0.608643 0.489629 -0.675220 0.310641 0.455898 0.0003411789 0.0000101386 -0.0001447785 0.0000011391 -0.0000043620 0.0000623644 0.0143205410 0.0048916747 0.0000333302 0.0047743333 -0.0000095539 0.0026478798
1403636948.20156 2.265918 -5.399283 -0.617018 0.490505 -0.673830 0.310641 0.457013 0.0003417497 0.0000111649 -0.0001441470 0.0000012029 -0.0000047703 0.0000617266 0.0143878582 0.0048910400 0.0000332967 0.0047619564 -0.0000094972 0.0026479079
1403636948.25156 2.259713 -5.416207 -0.626212 0.491461 -0.672767 0.310692 0.457517 0.0003420046 0.0000118999 -0.0001438358 0.0000012524 -0.0000050669 0.0000614188 0.0144599103 0.0048927713 0.0000332502 0.0047508678 -0.0000094320 0.0026479356
1403636948.30156 2.254058 -5.434217 -0.635895 0.492376 -0.671154 0.310553 0.458994 0.0003426958 0.0000132079 -0.0001430399 0.0000013479 -0.0000055767 0.0000606287 0.0145379277 0.0048969636 0.0000331917 0.0047409299 -0.0000093586 0.0026479589
1403636948.35156 2.249146 -5.453524 -0.646244 0.493483 -0.669567 0.310597 0.460091 0.0003432484 0.0000143410 -0.0001423795 0.0000014386 -0.0000060140 0.0000599819 0.0146208243 0.0049031164 0.0000331251 0.0047319182 -0.0000092848 0.0026479896
1403636948.40156 2.245167 -5.473877 -0.657381 0.495193 -0.667874 0.309610 0.461378 0.0003434202 0.0000162800 -0.0001419947 0.0000016120 -0.0000067990 0.0000596331 0.0147095388 0.0049119792 0.0000330439 0.0047242692 -0.0000091960 0.0026480010
1403636948.45156 2.242092 -5.494766 -0.669666 0.497016 -0.665994 0.308934 0.462588 0.0003436490 0.0000181393 -0.0001415344 0.0000017974 -0.0000075410 0.0000592123 0.0148030272 0.0049245945 0.0000328867 0.0047186656 -0.0000089700 0.0026479124
1403636948.50156 2.239668 -5.517330 -0.681628 0.500483 -0.661796 0.305681 0.467014 0.0003443019 0.0000235431 -0.0001400697 0.0000024523 -0.0000096533 0.0000579007 0.0148994789 0.0049392757 0.0000327909 0.0047147235 -0.0000088870 0.0026479298
1403636948.55156 2.238538 -5.540974 -0.694011 0.504302 -0.656505 0.301835 0.472838 0.0003451618 0.0000301758 -0.0001378978 0.0000034839 -0.0000121372 0.0000560049 0.0150035023 0.0049578257 0.0000326773 0.0047127585 -0.0000087895 0.0026479136
1403636948.60156 2.239424 -5.565811 -0.706682 0.507526 -0.651473 0.298549 0.478402 0.0003459775 0.0000361829 -0.0001355764 0.0000046332 -0.0000142654 0.0000540350 0.0151130287 0.0049817367 0.0000325409 0.0047142716 -0.0000086757 0.0026478592
1403636948.65156 2.243180 -5.592018 -0.718242 0.510069 -0.647050 0.296336 0.483055 0.0003467598 0.0000409447 -0.0001333636 0.0000056868 -0.0000158377 0.0000521939 0.0152274577 0.0050121719 0.0000323764 0.0047202609 -0.0000085535 0.0026477678
1403636948.70156 2.249747 -5.619810 -0.728206 0.509549 -0.644758 0.298836 0.485122 0.0003487616 0.0000409705 -0.0001311415 0.0000056649 -0.0000154954 0.0000502085 0.0153503377 0.0050516826 0.0000322187 0.0047321813 -0.0000084393 0.0026476809
1403636948.75156 2.259513 -5.648718 -0.736810 0.506834 -0.645561 0.304419 0.483424 0.0003507208 0.0000365647 -0.0001302261 0.0000046611 -0.0000136624 0.0000492473 0.0154786732 0.0050988339 0.0000320547 0.0047493280 -0.0000083319 0.0026475947
1403636948.80155 2.272235 -5.678498 -0.743681 0.501787 -0.648298 0.313590 0.479146 0.0003531459 0.0000281284 -0.0001295196 0.0000030848 -0.0000103947 0.0000483920 0.0156112452 0.0051534954 0.0000318872 0.0047717595 -0.0000082314 0.0026475069
1403636948.85155 2.287023 -5.709315 -0.748037 0.496994 -0.650330 0.322070 0.475750 0.0003553682 0.0000205599 -0.0001283151 0.0000020305 -0.0000074958 0.0000472166 0.0157495415 0.0052143209 0.0000317174 0.0047981691 -0.0000081350 0.0026474062
1403636948.90156 2.303452 -5.740449 -0.750798 0.492083 -0.652166 0.330885 0.472281 0.0003574332 0.0000127627 -0.0001268238 0.0000012940 -0.0000045944 0.0000458795 0.0158906788 0.0052800679 0.0000315418 0.0048280298 -0.0000080409 0.0026472883
1403636948.95155 2.321094 -5.771908 -0.752334 0.486383 -0.654244 0.340477 0.468478 0.0003593619 0.0000040581 -0.0001249978 0.0000008821 -0.0000014708 0.0000443529 0.0160334511 0.0053490798 0.0000313594 0.0048602139 -0.0000079457 0.0026471573
1403636949.00156 2.339237 -5.802651 -0.754383 0.481440 -0.655199 0.348981 0.465985 0.0003612307 -0.0000030845 -0.0001226217 0.0000008614 0.0000009930 0.0000424929 0.0161766111 0.0054191061 0.0000311732 0.0048931334 -0.0000078506 0.0026470188
1403636949.05156 2.356653 -5.831546 -0.757723 0.478954 -0.655887 0.353608 0.464087 0.0003618768 -0.0000071611 -0.0001215869 0.0000009753 0.0000023552 0.0000417149 0.0163164530 0.0054884429 0.0000309441 0.0049257668 -0.0000077412 0.0026467815
1403636949.10157 2.374087 -5.861130 -0.762188 0.478959 -0.654740 0.354858 0.464747 0.0003626178 -0.0000072525 -0.0001205856 0.0000009783 0.0000023610 0.0000409596 0.0164486278 0.0055546042 0.0000307632 0.0049574894 -0.0000076359 0.0026466472
1403636949.15157 2.391269 -5.889444 -0.767868 0.480084 -0.653794 0.354333 0.465317 0.0003627276 -0.0000061226 -0.0001204875 0.0000009362 0.0000019822 0.0000408807 0.0165823708 0.0056217559 0.0000305803 0.0049898194 -0.0000075232 0.0026464922
1403636949.20157 2.408288 -5.916670 -0.774779 0.481128 -0.653097 0.353928 0.465527 0.0003626988 -0.0000052853 -0.0001205513 0.0000009093 0.0000017047 0.0000409251 0.0167115039 0.0056877031 0.0000303972 0.0050219793 -0.0000074039 0.0026463268
1403636949.25157 2.425375 -5.942695 -0.782768 0.483084 -0.652320 0.352035 0.466027 0.0003622882 -0.0000032569 -0.0001211535 0.0000008606 0.0000010362 0.0000413717 0.0168359415 0.0057532124 0.0000302085 0.0050545901 -0.0000072863 0.0026461414
1403636949.30157 2.442603 -5.968054 -0.791733 0.483146 -0.652356 0.352637 0.465455 0.0003622110 -0.0000037472 -0.0001212276 0.0000008691 0.0000012018 0.0000414290 0.0169544921 0.0058185371 0.0000300212 0.0050880815 -0.0000071557 0.0026459851
1403636949.35157 2.460220 -5.992796 -0.801625 0.481977 -0.652624 0.355235 0.464314 0.0003625421 -0.0000059480 -0.0001206858 0.0000009267 0.0000019294 0.0000410286 0.0170723465 0.0058842792 0.0000298315 0.0051220668 -0.0000070241 0.0026458413
1403636949.40157 2.477698 -6.016140 -0.812809 0.481156 -0.653157 0.356959 0.463093 0.0003625091 -0.0000076952 -0.0001206169 0.0000009912 0.0000025111 0.0000409856 0.0171859493 0.0059494851 0.0000296413 0.0051563849 -0.0000068939 0.0026457100
1403636949.45156 2.494974 -6.038579 -0.825156 0.480480 -0.653250 0.358454 0.462507 0.0003627135 -0.0000089204 -0.0001202452 0.0000010459 0.0000029089 0.0000407149 0.0172939532 0.0060130806 0.0000294499 0.0051903683 -0.0000067641 0.0026455904
1403636949.50156 2.512272 -6.059553 -0.838067 0.478829 -0.653967 0.360966 0.461252 0.0003629088 -0.0000114008 -0.0001197586 0.0000011832 0.0000037156 0.0000403703 0.0173963916 0.0060758708 0.0000292623 0.0052246748 -0.0000066424 0.0026454870
1403636949.55156 2.529367 -6.079913 -0.850346 0.477718 -0.655026 0.362933 0.459354 0.0003625577 -0.0000137577 -0.0001199671 0.0000013452 0.0000045075 0.0000405461 0.0174945454 0.0061372041 0.0000290815 0.0052585012 -0.0000065120 0.0026453866
1403636949.60156 2.545894 -6.099457 -0.860763 0.476672 -0.655451 0.364769 0.458379 0.0003626362 -0.0000155386 -0.0001196300 0.0000014876 0.0000050821 0.0000403138 0.0175896034 0.0061970504 0.0000289066 0.0052917595 -0.0000063983 0.0026452948
1403636949.65157 2.561592 -6.117145 -0.869845 0.477087 -0.657284 0.364088 0.455857 0.0003611189 -0.0000164255 -0.0001215102 0.0000015662 0.0000054838 0.0000417375 0.0176806312 0.0062543786 0.0000287147 0.0053232599 -0.0000061823 0.0026451563
1403636949.70157 2.576813 -6.133865 -0.877212 0.478897 -0.658625 0.361418 0.454145 0.0003593822 -0.0000154183 -0.0001238709 0.0000014793 0.0000052704 0.0000435508 0.0177597511 0.0063080346 0.0000285655 0.0053542932 -0.0000060816 0.0026450911
1403636949.75156 2.591093 -6.150367 -0.882488 0.481537 -0.660064 0.357702 0.452202 0.0003571474 -0.0000137298 -0.0001268455 0.0000013443 0.0000048310 0.0000459114 0.0178396722 0.0063599343 0.0000284268 0.0053838315 -0.0000059979 0.0026450362
1403636949.80157 2.605095 -6.165697 -0.885977 0.484224 -0.661063 0.354248 0.450590 0.0003551444 -0.0000119139 -0.0001294296 0.0000012147 0.0000042950 0.0000480350 0.0179161348 0.0064102030 0.0000283024 0.0054126592 -0.0000059182 0.0026449772
1403636949.85157 2.618890 -6.180110 -0.889215 0.485688 -0.664266 0.352044 0.446007 0.0003518966 -0.0000127899 -0.0001330921 0.0000012788 0.0000047910 0.0000512103 0.0179863136 0.0064585667 0.0000281935 0.0054410512 -0.0000058434 0.0026449301
1403636949.90156 2.631919 -6.193822 -0.891174 0.487787 -0.665724 0.348816 0.444074 0.0003496792 -0.0000115266 -0.0001356564 0.0000011928 0.0000044242 0.0000535057 0.0180548169 0.0065052584 0.0000281002 0.0054684051 -0.0000057726 0.0026448895
1403636949.95156 2.644174 -6.207611 -0.892073 0.488986 -0.667774 0.346950 0.441129 0.0003473545 -0.0000117662 -0.0001381198 0.0000012103 0.0000046312 0.0000558050 0.0181226397 0.0065503662 0.0000280203 0.0054945608 -0.0000057124 0.0026448496
1403636950.00156 2.655349 -6.222468 -0.891553 0.489380 -0.669396 0.345936 0.439025 0.0003457815 -0.0000122877 -0.0001397066 0.0000012474 0.0000049176 0.0000573333 0.0181962552 0.0065937618 0.0000279533 0.0055182367 -0.0000056592 0.0026448053
1403636950.05157 2.666850 -6.238087 -0.890089 0.489976 -0.671210 0.344326 0.436853 0.0003439161 -0.0000124922 -0.0001415780 0.0000012630 0.0000050959 0.0000591740 0.0182744772 0.0066358940 0.0000279283 0.0055397596 -0.0000055754 0.0026447350
1403636950.10157 2.676105 -6.254836 -0.888077 0.490240 -0.672909 0.343554 0.434544 0.0003422917 -0.0000132744 -0.0001431140 0.0000013234 0.0000055042 0.0000607318 0.0183558386 0.0066801631 0.0000279014 0.0055628967 -0.0000055450 0.0026447254
1403636950.15157 2.684351 -6.271745 -0.886386 0.491051 -0.673083 0.341856 0.434698 0.0003417316 -0.0000121404 -0.0001437561 0.0000012391 0.0000050604 0.0000613699 0.0184425036 0.0067190970 0.0000278871 0.0055805024 -0.0000055247 0.0026447133
1403636950.20157 2.691645 -6.289371 -0.886155 0.492428 -0.672687 0.339218 0.435818 0.0003413539 -0.0000098709 -0.0001442905 0.0000010928 0.0000041237 0.0000618887 0.0185302280 0.0067561423 0.0000278727 0.0055963396 -0.0000055029 0.0026446923
1403636950.25157 2.698080 -6.306878 -0.886395 0.493181 -0.671640 0.337968 0.437550 0.0003418726 -0.0000081128 -0.0001438907 0.0000009988 0.0000033644 0.0000614574 0.0186219476 0.0067922997 0.0000278919 0.0056105759 -0.0000054673 0.0026445845
1403636950.30157 2.703941 -6.325781 -0.888327 0.493685 -0.670329 0.336670 0.439985 0.0003427290 -0.0000061017 -0.0001431466 0.0000009147 0.0000024966 0.0000606804 0.0187129770 0.0068258308 0.0000278616 0.0056227880 -0.0000054522 0.0026445611
1403636950.35157 2.709628 -6.345594 -0.890846 0.493554 -0.668347 0.336479 0.443282 0.0003444978 -0.0000043647 -0.0001414424 0.0000008611 0.0000017387 0.0000589605 0.0188128031 0.0068613581 0.0000278190 0.0056350844 -0.0000054402 0.0026445188
1403636950.40157 2.715140 -6.366668 -0.894203 0.493692 -0.666037 0.336228 0.446780 0.0003463264 -0.0000023380 -0.0001396170 0.0000008213 0.0000008876 0.0000571674 0.0189163083 0.0068972831 0.0000277589 0.0056471700 -0.0000054005 0.0026444666
1403636950.45157 2.720357 -6.388292 -0.898347 0.492902 -0.663410 0.337213 0.450803 0.0003488867 -0.0000009670 -0.0001369284 0.0000008078 0.0000003237 0.0000546162 0.0190259576 0.0069340087 0.0000276846 0.0056588111 -0.0000053534 0.0026443973
1403636950.50157 2.725670 -6.410578 -0.903600 0.494252 -0.659825 0.335181 0.456070 0.0003508425 0.0000033497 -0.0001347533 0.0000008370 -0.0000013458 0.0000526267 0.0191378313 0.0069708682 0.0000275993 0.0056701625 -0.0000052962 0.0026443174
1403636950.55157 2.730937 -6.433300 -0.909386 0.495394 -0.656168 0.333659 0.461193 0.0003528391 0.0000073312 -0.0001323456 0.0000009572 -0.0000028121 0.0000505056 0.0192527882 0.0070097136 0.0000274832 0.0056826100 -0.0000051852 0.0026441872
1403636950.60157 2.737089 -6.456143 -0.914976 0.496448 -0.653238 0.332296 0.465188 0.0003542331 0.0000106162 -0.0001305069 0.0000011230 -0.0000039757 0.0000489416 0.0193699598 0.0070499598 0.0000273932 0.0056959018 -0.0000051027 0.0026441058
1403636950.65157 2.744081 -6.479424 -0.919112 0.496897 -0.651938 0.331775 0.466900 0.0003548498 0.0000120158 -0.0001296555 0.0000012106 -0.0000044556 0.0000482314 0.0194872423 0.0070934409 0.0000272633 0.0057117508 -0.0000050103 0.0026439627
1403636950.70157 2.752283 -6.502292 -0.922487 0.495553 -0.651615 0.334282 0.466991 0.0003559062 0.0000104311 -0.0001285322 0.0000011083 -0.0000038309 0.0000472731 0.0196070084 0.0071396636 0.0000271850 0.0057296314 -0.0000049479 0.0026438833
1403636950.75157 2.761780 -6.525344 -0.923533 0.493885 -0.651598 0.337100 0.466755 0.0003569265 0.0000083781 -0.0001274458 0.0000009977 -0.0000030533 0.0000463585 0.0197263308 0.0071881239 0.0000271013 0.0057494277 -0.0000048643 0.0026437750
1403636950.80156 2.771756 -6.548444 -0.923081 0.491356 -0.651957 0.341426 0.465778 0.0003581378 0.0000048962 -0.0001261355 0.0000008666 -0.0000017834 0.0000452737 0.0198466025 0.0072408891 0.0000270362 0.0057726956 -0.0000048125 0.0026437141
1403636950.85156 2.782164 -6.571408 -0.920658 0.489840 -0.652829 0.344463 0.463914 0.0003584032 0.0000019347 -0.0001258805 0.0000008084 -0.0000007361 0.0000450602 0.0199623373 0.0072938241 0.0000269465 0.0057967852 -0.0000047306 0.0026435890
1403636950.90156 2.793284 -6.594180 -0.917036 0.488988 -0.652776 0.346196 0.463596 0.0003588616 0.0000006785 -0.0001253159 0.0000007985 -0.0000002925 0.0000446071 0.0200826193 0.0073473578 0.0000268980 0.0058206778 -0.0000046899 0.0026435388
1403636950.95156 2.804807 -6.616855 -0.912157 0.488778 -0.652889 0.347021 0.463043 0.0003588887 -0.0000000399 -0.0001252786 0.0000007966 -0.0000000410 0.0000445773 0.0201994953 0.0074020648 0.0000268516 0.0058461757 -0.0000046536 0.0026434880
1403636951.00156 2.816647 -6.640071 -0.905467 0.487974 -0.652841 0.348776 0.462640 0.0003593267 -0.0000013316 -0.0001247148 0.0000008009 0.0000004083 0.0000441303 0.0203200197 0.0074581646 0.0000268116 0.0058721944 -0.0000046279 0.0026434270
1403636951.05156 2.829274 -6.661996 -0.896758 0.486152 -0.653576 0.351609 0.461374 0.0003597003 -0.0000040463 -0.0001241775 0.0000008410 0.0000013450 0.0000437123 0.0204392318 0.0075153157 0.0000267793 0.0058993920 -0.0000046034 0.0026433761
1403636951.10156 2.842403 -6.682442 -0.887605 0.484298 -0.655850 0.354502 0.457871 0.0003589435 -0.0000080272 -0.0001249369 0.0000009747 0.0000027448 0.0000443311 0.0205472248 0.0075725892 0.0000267548 0.0059287017 -0.0000045874 0.0026433229
1403636951.15156 2.856096 -6.702730 -0.879900 0.483053 -0.659330 0.356343 0.452729 0.0003568910 -0.0000121660 -0.0001271438 0.0000012100 0.0000042878 0.0000461443 0.0206531086 0.0076296074 0.0000267397 0.0059582036 -0.0000045571 0.0026432884
1403636951.20157 2.869200 -6.722237 -0.873662 0.484105 -0.661875 0.354515 0.449314 0.0003544444 -0.0000127881 -0.0001300079 0.0000012567 0.0000046446 0.0000485404 0.0207586193 0.0076871606 0.0000267224 0.0059882810 -0.0000045184 0.0026432688
1403636951.25157 2.883845 -6.750704 -0.873440 0.485935 -0.663699 0.351695 0.446857 0.0003521369 -0.0000120115 -0.0001327365 0.0000012046 0.0000044811 0.0000508933 0.0208609714 0.0077425047 0.0000267585 0.0060164047 -0.0000046623 0.0026431566
1403636951.30158 2.895029 -6.769649 -0.871525 0.488717 -0.665937 0.347306 0.443916 0.0003489446 -0.0000106036 -0.0001363810 0.0000011171 0.0000040965 0.0000541698 0.0210186284 0.0078136254 0.0000267278 0.0060486748 -0.0000046196 0.0026431347
1403636951.35158 2.906149 -6.789514 -0.871883 0.491113 -0.667981 0.343601 0.441076 0.0003459904 -0.0000094708 -0.0001395799 0.0000010539 0.0000037720 0.0000571835 0.0211217958 0.0078643181 0.0000267340 0.0060733651 -0.0000045828 0.0026431264
1403636951.40158 2.915755 -6.809702 -0.872978 0.493672 -0.669524 0.339736 0.438868 0.0003432675 -0.0000078983 -0.0001424327 0.0000009763 0.0000032270 0.0000599809 0.0212337729 0.0079168624 0.0000267182 0.0060981101 -0.0000045281 0.0026431391
1403636951.45158 2.925028 -6.831278 -0.875557 0.495477 -0.669969 0.336663 0.438523 0.0003418582 -0.0000059989 -0.0001439068 0.0000008996 0.0000024732 0.0000614625 0.0213472948 0.0079649802 0.0000267470 0.0061184841 -0.0000044971 0.0026431205
1403636951.50158 2.933139 -6.853066 -0.878738 0.496236 -0.670576 0.335264 0.437807 0.0003408931 -0.0000054734 -0.0001448580 0.0000008821 0.0000022732 0.0000624420 0.0214697994 0.0080151912 0.0000267239 0.0061392913 -0.0000044248 0.0026431446
1403636951.55158 2.940677 -6.875697 -0.882606 0.496700 -0.670421 0.334195 0.438336 0.0003407590 -0.0000045641 -0.0001450151 0.0000008553 0.0000018887 0.0000626002 0.0215939255 0.0080623137 0.0000267147 0.0061572014 -0.0000043370 0.0026431835
1403636951.60158 2.947914 -6.899628 -0.887069 0.497818 -0.669732 0.332475 0.439427 0.0003406784 -0.0000027806 -0.0001451343 0.0000008167 0.0000011292 0.0000627166 0.0217236453 0.0081095306 0.0000266981 0.0061741670 -0.0000042369 0.0026432201
1403636951.65159 2.954824 -6.925204 -0.891812 0.497938 -0.668589 0.331999 0.441388 0.0003415823 -0.0000015083 -0.0001442794 0.0000008005 0.0000005806 0.0000618262 0.0218622991 0.0081579205 0.0000266702 0.0061905151 -0.0000041264 0.0026432521
1403636951.70159 2.961161 -6.952054 -0.896396 0.497684 -0.666845 0.332217 0.444140 0.0003432030 -0.0000002427 -0.0001426947 0.0000007936 0.0000000435 0.0000602088 0.0220098260 0.0082076786 0.0000266318 0.0062063732 -0.0000040051 0.0026432719
1403636951.75159 2.967626 -6.980983 -0.899423 0.496810 -0.665028 0.333534 0.446848 0.0003452185 0.0000002603 -0.0001406649 0.0000007932 -0.0000001639 0.0000581912 0.0221696306 0.0082581021 0.0000266034 0.0062206895 -0.0000038695 0.0026433068
1403636951.80159 2.973452 -7.011459 -0.900081 0.495730 -0.663243 0.334956 0.449628 0.0003472844 0.0000006640 -0.0001385218 0.0000007939 -0.0000003229 0.0000561221 0.0223420220 0.0083112129 0.0000265803 0.0062350968 -0.0000037368 0.0026433358
1403636951.85159 2.978616 -7.042541 -0.898952 0.496317 -0.660355 0.334451 0.453590 0.0003491802 0.0000033179 -0.0001364599 0.0000008241 -0.0000013572 0.0000541934 0.0225186483 0.0083641454 0.0000263819 0.0062486369 -0.0000036574 0.0026431838
1403636951.90159 2.984841 -7.073230 -0.896910 0.496297 -0.658421 0.334401 0.456450 0.0003506279 0.0000048883 -0.0001348291 0.0000008609 -0.0000019420 0.0000527082 0.0226940461 0.0084163748 0.0000263504 0.0062619431 -0.0000035362 0.0026431887
1403636951.95159 2.991455 -7.104296 -0.893903 0.497452 -0.656157 0.332494 0.459835 0.0003515666 0.0000080651 -0.0001336293 0.0000009782 -0.0000031308 0.0000516513 0.0228694211 0.0084714503 0.0000263325 0.0062776900 -0.0000034154 0.0026431632
1403636952.00159 2.998974 -7.136273 -0.891176 0.498119 -0.654751 0.331693 0.461691 0.0003521496 0.0000097354 -0.0001328596 0.0000010630 -0.0000037406 0.0000509841 0.0230518448 0.0085301678 0.0000263095 0.0062953186 -0.0000033059 0.0026431483
1403636952.05159 3.007121 -7.168523 -0.889410 0.497977 -0.653969 0.331428 0.463141 0.0003527696 0.0000105604 -0.0001320899 0.0000011104 -0.0000040233 0.0000503169 0.0232363307 0.0085927495 0.0000263005 0.0063158342 -0.0000031918 0.0026430957
1403636952.10159 3.016258 -7.201050 -0.889036 0.496823 -0.653259 0.333076 0.464198 0.0003539612 0.0000099428 -0.0001307624 0.0000010737 -0.0000037426 0.0000491626 0.0234240445 0.0086574524 0.0000262919 0.0063375789 -0.0000030899 0.0026430832
1403636952.15159 3.026410 -7.232971 -0.890220 0.495256 -0.653545 0.335384 0.463807 0.0003547101 0.0000080457 -0.0001300159 0.0000009768 -0.0000030179 0.0000485111 0.0236120680 0.0087250038 0.0000262629 0.0063616311 -0.0000030157 0.0026430562
1403636952.20159 3.037213 -7.264594 -0.892844 0.492980 -0.653144 0.338653 0.464421 0.0003563158 0.0000059923 -0.0001282140 0.0000008951 -0.0000022244 0.0000469877 0.0237963312 0.0087944430 0.0000262416 0.0063880176 -0.0000028971 0.0026430606
1403636952.25159 3.048421 -7.295836 -0.897144 0.490380 -0.653256 0.342525 0.464178 0.0003576884 0.0000030562 -0.0001266446 0.0000008206 -0.0000011490 0.0000456904 0.0239786487 0.0088650980 0.0000262196 0.0064157374 -0.0000027722 0.0026430783
1403636952.30159 3.060234 -7.326870 -0.902940 0.487028 -0.654138 0.347566 0.462715 0.0003588438 -0.0000013903 -0.0001252368 0.0000008000 0.0000004206 0.0000445564 0.0241589063 0.0089368207 0.0000262061 0.0064447024 -0.0000026198 0.0026431206
1403636952.35159 3.072646 -7.356956 -0.909575 0.483970 -0.654574 0.352012 0.461946 0.0003600337 -0.0000050981 -0.0001236300 0.0000008674 0.0000016876 0.0000432993 0.0243374350 0.0090088978 0.0000261450 0.0064742112 -0.0000024984 0.0026431330
1403636952.40159 3.085584 -7.385313 -0.917239 0.481861 -0.654883 0.354846 0.461543 0.0003607955 -0.0000075181 -0.0001225206 0.0000009527 0.0000024907 0.0000424510 0.0245094873 0.0090805013 0.0000260111 0.0065044021 -0.0000024325 0.0026430911
1403636952.45159 3.097614 -7.414349 -0.927008 0.481717 -0.653546 0.355700 0.462930 0.0003617854 -0.0000070959 -0.0001212472 0.0000009362 0.0000023142 0.0000414780 0.0246726987 0.0091527558 0.0000259308 0.0065367132 -0.0000022788 0.0026431303
1403636952.50159 3.109724 -7.442726 -0.938091 0.482284 -0.652595 0.354992 0.464223 0.0003621838 -0.0000058164 -0.0001207848 0.0000008916 0.0000018737 0.0000411244 0.0248408300 0.0092229935 0.0000258314 0.0065664759 -0.0000021145 0.0026431687
1403636952.55158 3.122240 -7.469717 -0.949955 0.483656 -0.651712 0.353335 0.465298 0.0003621420 -0.0000038866 -0.0001209138 0.0000008410 0.0000012292 0.0000412158 0.0250047796 0.0092934500 0.0000256645 0.0065970980 -0.0000019839 0.0026431413
1403636952.60158 3.134555 -7.495917 -0.961604 0.484772 -0.650230 0.352183 0.467081 0.0003626073 -0.0000018451 -0.0001203387 0.0000008097 0.0000005413 0.0000407813 0.0251598766 0.0093636875 0.0000255396 0.0066290405 -0.0000018029 0.0026431567
1403636952.65158 3.146953 -7.520818 -0.972080 0.485020 -0.649395 0.351913 0.468186 0.0003630405 -0.0000009853 -0.0001197642 0.0000008041 0.0000002522 0.0000403537 0.0253074289 0.0094321470 0.0000254276 0.0066608105 -0.0000016216 0.0026431887
1403636952.70158 3.159714 -7.544765 -0.981267 0.485862 -0.649050 0.351232 0.468304 0.0003628567 -0.0000002089 -0.0001200118 0.0000008025 -0.0000000056 0.0000405390 0.0254522648 0.0095005855 0.0000253331 0.0066930285 -0.0000014363 0.0026432330
1403636952.75158 3.173130 -7.567979 -0.989895 0.486800 -0.649890 0.349997 0.467088 0.0003618359 0.0000000603 -0.0001213673 0.0000008034 -0.0000000964 0.0000415586 0.0255926005 0.0095695251 0.0000252378 0.0067264536 -0.0000012646 0.0026432749
1403636952.80158 3.187229 -7.589545 -0.998226 0.488833 -0.651928 0.347179 0.464218 0.0003594169 0.0000005626 -0.0001244897 0.0000008049 -0.0000002724 0.0000439745 0.0257241488 0.0096388930 0.0000250935 0.0067616743 -0.0000010977 0.0026432555
1403636952.85158 3.201384 -7.611968 -1.005594 0.489975 -0.653947 0.345518 0.461406 0.0003574196 0.0000002283 -0.0001269772 0.0000008053 -0.0000001599 0.0000459717 0.0258534730 0.0097099457 0.0000250317 0.0067988595 -0.0000009217 0.0026433337
1403636952.90158 3.215611 -7.634593 -1.012620 0.490512 -0.656465 0.344564 0.457960 0.0003553256 -0.0000010412 -0.0001294955 0.0000008092 0.0000003002 0.0000480616 0.0259888873 0.0097821034 0.0000249773 0.0068358646 -0.0000007703 0.0026434127
1403636952.95158 3.229990 -7.657251 -1.020950 0.490626 -0.660031 0.344035 0.453085 0.0003526075 -0.0000034583 -0.0001326094 0.0000008410 0.0000012217 0.0000507482 0.0261282724 0.0098550726 0.0000249416 0.0068729184 -0.0000005973 0.0026435266
1403636953.00159 3.244382 -7.680032 -1.030429 0.489096 -0.663698 0.345389 0.448327 0.0003505648 -0.0000073295 -0.0001347410 0.0000009614 0.0000027401 0.0000526706 0.0262680784 0.0099281353 0.0000249122 0.0069099448 -0.0000004345 0.0026436519
1403636953.05159 3.258672 -7.702656 -1.041015 0.487578 -0.666677 0.346948 0.444338 0.0003489334 -0.0000108233 -0.0001362864 0.0000011450 0.0000041521 0.0000541181 0.0264097869 0.0100014716 0.0000248826 0.0069468301 -0.0000002845 0.0026437868
1403636953.10160 3.272384 -7.725665 -1.052739 0.485547 -0.668958 0.349370 0.441226 0.0003480452 -0.0000144158 -0.0001369059 0.0000014077 0.0000055972 0.0000547432 0.0265511261 0.0100735089 0.0000248543 0.0069826472 -0.0000001450 0.0026439232
1403636953.15160 3.285207 -7.748740 -1.065510 0.484879 -0.670428 0.350074 0.439166 0.0003471119 -0.0000160970 -0.0001377070 0.0000015583 0.0000063131 0.0000555251 0.0266951649 0.0101435428 0.0000248204 0.0070162830 -0.0000000176 0.0026440559
1403636953.20161 3.297045 -7.772049 -1.079221 0.484499 -0.671061 0.350225 0.438498 0.0003467683 -0.0000166960 -0.0001379938 0.0000016169 0.0000065705 0.0000558092 0.0268404368 0.0102108508 0.0000247780 0.0070473921 0.0000000939 0.0026441760
1403636953.25161 3.308065 -7.795057 -1.093373 0.485036 -0.671094 0.349542 0.438399 0.0003464679 -0.0000162227 -0.0001383607 0.0000015739 0.0000064032 0.0000561521 0.0269852283 0.0102747631 0.0000247358 0.0070757962 0.0000002279 0.0026443003
1403636953.30161 3.318187 -7.819312 -1.106566 0.485367 -0.670734 0.349331 0.438752 0.0003466053 -0.0000157979 -0.0001382620 0.0000015354 0.0000062248 0.0000560529 0.0271325648 0.0103368844 0.0000246889 0.0071022943 0.0000003906 0.0026444276
1403636953.35161 3.327288 -7.844345 -1.118490 0.486305 -0.670173 0.348508 0.439223 0.0003465988 -0.0000147683 -0.0001383790 0.0000014456 0.0000058170 0.0000561492 0.0272873816 0.0103979909 0.0000246350 0.0071266537 0.0000005734 0.0026445562
1403636953.40161 3.335342 -7.869677 -1.127979 0.487300 -0.667837 0.347527 0.442444 0.0003480772 -0.0000122053 -0.0001370626 0.0000012454 0.0000047233 0.0000548712 0.0274478713 0.0104576704 0.0000245822 0.0071488471 0.0000007537 0.0026446819
1403636953.45161 3.342733 -7.894898 -1.135933 0.488399 -0.665512 0.346379 0.445625 0.0003494391 -0.0000095240 -0.0001358040 0.0000010780 0.0000036150 0.0000536765 0.0276056947 0.0105141419 0.0000245160 0.0071687918 0.0000009153 0.0026447616
1403636953.50161 3.349464 -7.919608 -1.141972 0.490265 -0.662649 0.344595 0.449211 0.0003507412 -0.0000059794 -0.0001345738 0.0000009213 0.0000022036 0.0000525309 0.0277616680 0.0105690811 0.0000244565 0.0071877774 0.0000010677 0.0026448088
1403636953.55161 3.356149 -7.944686 -1.146489 0.490894 -0.660650 0.344396 0.451615 0.0003519630 -0.0000042768 -0.0001332696 0.0000008721 0.0000015263 0.0000513577 0.0279195780 0.0106232550 0.0000243997 0.0072058600 0.0000012578 0.0026448256
1403636953.60161 3.362450 -7.970047 -1.150014 0.493036 -0.659442 0.341848 0.452981 0.0003517169 -0.0000014635 -0.0001336034 0.0000008272 0.0000004592 0.0000516486 0.0280806694 0.0106779834 0.0000243642 0.0072238782 0.0000014238 0.0026448643
1403636953.65161 3.368730 -7.996221 -1.151999 0.495879 -0.658563 0.338815 0.453436 0.0003507686 0.0000013936 -0.0001346579 0.0000008275 -0.0000006354 0.0000525964 0.0282469092 0.0107329232 0.0000243502 0.0072411575 0.0000015600 0.0026448923
1403636953.70161 3.375597 -8.021677 -1.151986 0.498996 -0.658330 0.335286 0.452977 0.0003490913 0.0000040722 -0.0001364352 0.0000008706 -0.0000016958 0.0000542311 0.0284139053 0.0107895911 0.0000243392 0.0072598108 0.0000016918 0.0026449614
1403636953.75161 3.382829 -8.048376 -1.149718 0.501682 -0.657595 0.332344 0.453246 0.0003479971 0.0000067038 -0.0001375018 0.0000009533 -0.0000027568 0.0000552430 0.0285845399 0.0108486318 0.0000243435 0.0072798179 0.0000018047 0.0026450186
1403636953.80161 3.390504 -8.076083 -1.144842 0.504794 -0.655743 0.328722 0.455111 0.0003473830 0.0000106821 -0.0001378984 0.0000011542 -0.0000043534 0.0000556566 0.0287621349 0.0109110890 0.0000243617 0.0073014835 0.0000018997 0.0026450547
1403636953.85161 3.398857 -8.105112 -1.138484 0.506295 -0.654065 0.327747 0.456560 0.0003476538 0.0000126307 -0.0001374437 0.0000012854 -0.0000051095 0.0000552547 0.0289481744 0.0109768154 0.0000243921 0.0073244044 0.0000019716 0.0026450735
1403636953.90161 3.408655 -8.135215 -1.130719 0.505843 -0.654207 0.329454 0.455627 0.0003479032 0.0000112577 -0.0001372958 0.0000011903 -0.0000045585 0.0000551004 0.0291422297 0.0110482087 0.0000244415 0.0073506139 0.0000020115 0.0026450871
1403636953.95161 3.419745 -8.166587 -1.121703 0.505092 -0.654582 0.331166 0.454681 0.0003481443 0.0000097150 -0.0001371548 0.0000010968 -0.0000039428 0.0000549530 0.0293464124 0.0111256688 0.0000244965 0.0073801522 0.0000020516 0.0026451200
1403636954.00161 3.431976 -8.198559 -1.113075 0.503990 -0.655371 0.333312 0.453196 0.0003482942 0.0000075335 -0.0001371302 0.0000009881 -0.0000030807 0.0000549118 0.0295549328 0.0112083289 0.0000245498 0.0074132504 0.0000020687 0.0026451581
1403636954.05161 3.445096 -8.230732 -1.105255 0.502998 -0.655688 0.335075 0.452538 0.0003486921 0.0000060081 -0.0001367773 0.0000009285 -0.0000024710 0.0000545737 0.0297681100 0.0112946756 0.0000246113 0.0074485985 0.0000020680 0.0026452003
1403636954.10161 3.458683 -8.262752 -1.098608 0.502504 -0.655750 0.335688 0.452542 0.0003489525 0.0000055341 -0.0001365149 0.0000009130 -0.0000022798 0.0000543288 0.0299831879 0.0113843942 0.0000246573 0.0074864197 0.0000020286 0.0026452236
1403636954.15161 3.472844 -8.294992 -1.093198 0.501644 -0.655827 0.337045 0.452376 0.0003494306 0.0000044922 -0.0001360357 0.0000008836 -0.0000018634 0.0000538826 0.0301962864 0.0114757539 0.0000247102 0.0075261378 0.0000020606 0.0026452813
1403636954.20161 3.487406 -8.327661 -1.088771 0.501343 -0.656018 0.337429 0.452147 0.0003494723 0.0000040716 -0.0001360034 0.0000008742 -0.0000016996 0.0000538527 0.0304161468 0.0115699379 0.0000247551 0.0075670399 0.0000020730 0.0026453339
1403636954.25161 3.501976 -8.362460 -1.085633 0.501855 -0.656982 0.336431 0.450921 0.0003484320 0.0000040311 -0.0001371260 0.0000008744 -0.0000017025 0.0000548952 0.0306424656 0.0116667191 0.0000247967 0.0076090766 0.0000021180 0.0026454117
1403636954.30161 3.516982 -8.397938 -1.081651 0.501896 -0.657393 0.335997 0.450601 0.0003480909 0.0000040323 -0.0001374894 0.0000008757 -0.0000017096 0.0000552374 0.0308822075 0.0117669286 0.0000248452 0.0076517070 0.0000021796 0.0026455140
1403636954.35161 3.532635 -8.433359 -1.076378 0.501218 -0.658590 0.336096 0.449533 0.0003475689 0.0000030455 -0.0001380694 0.0000008569 -0.0000013265 0.0000557819 0.0311263892 0.0118700479 0.0000249006 0.0076960004 0.0000022366 0.0026456219
1403636954.40161 3.548592 -8.469906 -1.070025 0.501922 -0.660053 0.334154 0.448046 0.0003459929 0.0000033175 -0.0001397102 0.0000008637 -0.0000014574 0.0000573551 0.0313714811 0.0119751319 0.0000249682 0.0077418188 0.0000023034 0.0026457407
1403636954.45161 3.565090 -8.506652 -1.061664 0.501183 -0.661113 0.334121 0.447334 0.0003456061 0.0000025561 -0.0001401252 0.0000008522 -0.0000011541 0.0000577571 0.0316237471 0.0120836211 0.0000250538 0.0077892168 0.0000023644 0.0026458747
1403636954.50161 3.581829 -8.544023 -1.052460 0.500713 -0.662512 0.333199 0.446479 0.0003447737 0.0000021906 -0.0001409818 0.0000008489 -0.0000010139 0.0000585965 0.0318781756 0.0121936568 0.0000251483 0.0078375526 0.0000024157 0.0026460087
1403636954.55161 3.598399 -8.582350 -1.042239 0.500317 -0.662768 0.332077 0.447376 0.0003448044 0.0000028744 -0.0001409393 0.0000008610 -0.0000012941 0.0000585580 0.0321423376 0.0123055760 0.0000252496 0.0078858513 0.0000024843 0.0026461781
1403636954.60161 3.614915 -8.621730 -1.033575 0.500187 -0.662959 0.330263 0.448580 0.0003447050 0.0000041331 -0.0001410096 0.0000008889 -0.0000018116 0.0000586335 0.0324129979 0.0124190504 0.0000253299 0.0079342794 0.0000024875 0.0026463056
1403636954.65161 3.631532 -8.661574 -1.027847 0.499052 -0.662606 0.329800 0.450701 0.0003456640 0.0000048621 -0.0001400079 0.0000009100 -0.0000020912 0.0000576578 0.0326913622 0.0125345078 0.0000254155 0.0079830514 0.0000024977 0.0026464549
1403636954.70161 3.647791 -8.702863 -1.027164 0.496976 -0.662444 0.330319 0.452849 0.0003470406 0.0000047592 -0.0001385844 0.0000009092 -0.0000020224 0.0000562878 0.0329740585 0.0126513304 0.0000255225 0.0080323012 0.0000025561 0.0026466769
1403636954.75161 3.664265 -8.744275 -1.030496 0.494156 -0.661713 0.331970 0.455787 0.0003492821 0.0000042682 -0.0001362137 0.0000008982 -0.0000017860 0.0000540632 0.0332663438 0.0127694759 0.0000256357 0.0080809972 0.0000026396 0.0026469222
1403636954.80161 3.681030 -8.785874 -1.036659 0.491153 -0.661320 0.333669 0.458356 0.0003513189 0.0000034550 -0.0001339995 0.0000008821 -0.0000014386 0.0000520482 0.0335603016 0.0128897550 0.0000257386 0.0081311570 0.0000027341 0.0026471648
1403636954.85161 3.697814 -8.827623 -1.044788 0.488596 -0.660562 0.334517 0.461552 0.0003533162 0.0000035291 -0.0001317361 0.0000008856 -0.0000014367 0.0000500528 0.0338564016 0.0130109158 0.0000258086 0.0081816375 0.0000028268 0.0026473835
1403636954.90161 3.714208 -8.869504 -1.055620 0.485411 -0.660775 0.336487 0.463173 0.0003549292 0.0000020065 -0.0001298919 0.0000008628 -0.0000008534 0.0000484666 0.0341524316 0.0131336042 0.0000257938 0.0082333254 0.0000028977 0.0026475328
1403636954.95161 3.730521 -8.909727 -1.068107 0.482488 -0.660972 0.337791 0.464992 0.0003563433 0.0000009466 -0.0001282206 0.0000008558 -0.0000004587 0.0000470646 0.0344476188 0.0132542122 0.0000257606 0.0082834266 0.0000029799 0.0026477018
1403636955.00161 3.748006 -8.949730 -1.081119 0.480952 -0.660822 0.337073 0.467313 0.0003572473 0.0000016405 -0.0001271182 0.0000008632 -0.0000007025 0.0000461587 0.0347313093 0.0133724880 0.0000257600 0.0083335637 0.0000030882 0.0026479023
1403636955.05161 3.765723 -8.989380 -1.094665 0.479921 -0.661671 0.335612 0.468223 0.0003571706 0.0000021197 -0.0001272077 0.0000008707 -0.0000008745 0.0000462334 0.0350145974 0.0134947581 0.0000257541 0.0083871000 0.0000032182 0.0026480993
1403636955.10161 3.783655 -9.028329 -1.107272 0.479572 -0.662517 0.332996 0.469250 0.0003567289 0.0000034641 -0.0001277188 0.0000008944 -0.0000013613 0.0000466566 0.0352953542 0.0136179715 0.0000257079 0.0084418435 0.0000033562 0.0026482628
1403636955.15162 3.802102 -9.067102 -1.117821 0.479209 -0.662847 0.330652 0.470810 0.0003566434 0.0000049835 -0.0001277743 0.0000009329 -0.0000019079 0.0000467080 0.0355767917 0.0137422690 0.0000256282 0.0084972667 0.0000035095 0.0026483957
1403636955.20162 3.821298 -9.106436 -1.126396 0.478138 -0.663993 0.328929 0.471489 0.0003563589 0.0000054221 -0.0001281032 0.0000009483 -0.0000020723 0.0000469820 0.0358588185 0.0138691016 0.0000255529 0.0085548647 0.0000036527 0.0026485238
1403636955.25162 3.841793 -9.145571 -1.132145 0.475819 -0.665296 0.328887 0.472029 0.0003566427 0.0000044738 -0.0001277992 0.0000009242 -0.0000017259 0.0000467271 0.0361473127 0.0140006582 0.0000254649 0.0086153771 0.0000037649 0.0026486705
1403636955.30162 3.864248 -9.185918 -1.136294 0.474174 -0.666017 0.327897 0.473353 0.0003569529 0.0000046631 -0.0001274182 0.0000009321 -0.0000017877 0.0000464144 0.0364327639 0.0141369693 0.0000253476 0.0086807699 0.0000039294 0.0026488797
1403636955.35162 3.885343 -9.225834 -1.139070 0.473107 -0.666407 0.326105 0.475108 0.0003572072 0.0000057435 -0.0001270660 0.0000009670 -0.0000021676 0.0000461309 0.0367282048 0.0142832592 0.0000252457 0.0087528655 0.0000040895 0.0026490788
1403636955.40162 3.907164 -9.264991 -1.140665 0.471224 -0.667476 0.325832 0.475664 0.0003574129 0.0000051385 -0.0001268426 0.0000009513 -0.0000019481 0.0000459463 0.0370216078 0.0144247239 0.0000251444 0.0088213161 0.0000042446 0.0026492716
1403636955.45162 3.929022 -9.303995 -1.142592 0.470580 -0.667937 0.324082 0.476850 0.0003573824 0.0000061076 -0.0001268396 0.0000009850 -0.0000022936 0.0000459487 0.0373108857 0.0145678489 0.0000250502 0.0088919367 0.0000043934 0.0026494534
1403636955.50162 3.951859 -9.343250 -1.145832 0.469678 -0.668824 0.323182 0.477106 0.0003572014 0.0000060986 -0.0001270648 0.0000009878 -0.0000022961 0.0000461326 0.0376016877 0.0147116333 0.0000248975 0.0089630949 0.0000045348 0.0026496586
1403636955.55162 3.974838 -9.382865 -1.150924 0.468990 -0.669430 0.322127 0.477647 0.0003571066 0.0000064300 -0.0001271672 0.0000010026 -0.0000024175 0.0000462187 0.0378979378 0.0148601732 0.0000247638 0.0090373828 0.0000047011 0.0026498846
1403636955.60162 3.998514 -9.421814 -1.157034 0.467840 -0.670091 0.321853 0.478032 0.0003572218 0.0000061267 -0.0001270445 0.0000009948 -0.0000023073 0.0000461176 0.0381929422 0.0150112632 0.0000246393 0.0091141325 0.0000048923 0.0026500905
1403636955.65161 4.022456 -9.460466 -1.164202 0.467419 -0.670604 0.320640 0.478540 0.0003570449 0.0000066539 -0.0001272369 0.0000010165 -0.0000025007 0.0000462786 0.0384840814 0.0151638056 0.0000245452 0.0091928624 0.0000051568 0.0026502794
1403636955.70161 4.046800 -9.498939 -1.171738 0.466704 -0.670994 0.320357 0.478880 0.0003571301 0.0000065653 -0.0001271403 0.0000010158 -0.0000024676 0.0000462000 0.0387758613 0.0153178801 0.0000244142 0.0092728526 0.0000054119 0.0026505121
1403636955.75161 4.071738 -9.536733 -1.178477 0.466152 -0.671705 0.320092 0.478598 0.0003569006 0.0000062216 -0.0001274404 0.0000010058 -0.0000023525 0.0000464451 0.0390676988 0.0154743021 0.0000242885 0.0093548560 0.0000056893 0.0026506964
1403636955.80161 4.096985 -9.574966 -1.183020 0.466141 -0.671479 0.319176 0.479536 0.0003570443 0.0000070708 -0.0001272233 0.0000010399 -0.0000026519 0.0000462728 0.0393592502 0.0156327470 0.0000241537 0.0094387041 0.0000059580 0.0026508804
1403636955.85161 4.123126 -9.612239 -1.185793 0.465064 -0.672789 0.319677 0.478411 0.0003566801 0.0000056985 -0.0001277381 0.0000009926 -0.0000021729 0.0000466889 0.0396532335 0.0157937602 0.0000240304 0.0095242420 0.0000062316 0.0026510761
1403636955.90162 4.149328 -9.649421 -1.185675 0.463021 -0.674141 0.321977 0.476944 0.0003567912 0.0000029528 -0.0001276994 0.0000009267 -0.0000011875 0.0000466481 0.0399411677 0.0159575332 0.0000239185 0.0096133037 0.0000064341 0.0026510722
1403636955.95162 4.175646 -9.685256 -1.183724 0.460099 -0.676795 0.325017 0.473943 0.0003563212 -0.0000013385 -0.0001282977 0.0000009076 0.0000003539 0.0000471404 0.0402248103 0.0161206790 0.0000238606 0.0097024750 0.0000065646 0.0026510539
1403636956.00162 4.202159 -9.720742 -1.179808 0.455876 -0.679265 0.329962 0.471064 0.0003564743 -0.0000069948 -0.0001279327 0.0000010405 0.0000023865 0.0000468583 0.0405009864 0.0162816608 0.0000238090 0.0097911680 0.0000066597 0.0026511801
1403636956.05162 4.228297 -9.755624 -1.174016 0.451355 -0.681881 0.334921 0.468129 0.0003564412 -0.0000128158 -0.0001275249 0.0000013650 0.0000044658 0.0000465703 0.0407740166 0.0164414452 0.0000237890 0.0098792832 0.0000066963 0.0026512999
1403636956.10162 4.254457 -9.788204 -1.166051 0.447265 -0.684144 0.339642 0.465343 0.0003562686 -0.0000182323 -0.0001270772 0.0000018386 0.0000063881 0.0000462725 0.0410393399 0.0165982847 0.0000237921 0.0099662290 0.0000066537 0.0026513961
1403636956.15162 4.278918 -9.819892 -1.157760 0.445329 -0.685986 0.341221 0.463329 0.0003555645 -0.0000208432 -0.0001275315 0.0000021290 0.0000073626 0.0000466895 0.0412841478 0.0167493948 0.0000237650 0.0100521152 0.0000066159 0.0026515446
1403636956.20162 4.302686 -9.851508 -1.150897 0.442859 -0.687282 0.343347 0.462204 0.0003554575 -0.0000235143 -0.0001271974 0.0000024643 0.0000083027 0.0000464638 0.0415241349 0.0168937918 0.0000237900 0.0101327341 0.0000064955 0.0026516617
1403636956.25162 4.324970 -9.881789 -1.145671 0.441728 -0.688120 0.343549 0.461889 0.0003552653 -0.0000243359 -0.0001272767 0.0000025777 0.0000086071 0.0000465459 0.0417663503 0.0170352599 0.0000237973 0.0102106466 0.0000063974 0.0026517851
1403636956.30163 4.346007 -9.909253 -1.141719 0.443272 -0.687584 0.340345 0.463577 0.0003552859 -0.0000214338 -0.0001277723 0.0000022047 0.0000075943 0.0000468997 0.0419970980 0.0171690407 0.0000238807 0.0102837016 0.0000061937 0.0026518112
1403636956.35163 4.366077 -9.937612 -1.140351 0.446473 -0.685173 0.334550 0.468270 0.0003562026 -0.0000151401 -0.0001275676 0.0000015567 0.0000053023 0.0000466342 0.0422054251 0.0172931867 0.0000238902 0.0103530218 0.0000060974 0.0026518697
1403636956.40163 4.385568 -9.965812 -1.140793 0.450040 -0.683461 0.329062 0.471236 0.0003561274 -0.0000095912 -0.0001281935 0.0000011731 0.0000033273 0.0000470948 0.0424242250 0.0174184741 0.0000239107 0.0104213891 0.0000060556 0.0026519232
1403636956.45163 4.404374 -9.993792 -1.142349 0.452904 -0.680740 0.324783 0.475381 0.0003569537 -0.0000042729 -0.0001274818 0.0000009684 0.0000013956 0.0000464775 0.0426468596 0.0175434286 0.0000239018 0.0104890419 0.0000060507 0.0026519788
1403636956.50163 4.423340 -10.021030 -1.145090 0.455528 -0.678172 0.322405 0.478155 0.0003576004 -0.0000005212 -0.0001267617 0.0000009198 0.0000000504 0.0000458822 0.0428662536 0.0176675728 0.0000239092 0.0105564886 0.0000060288 0.0026519318
1403636956.55163 4.442613 -10.047849 -1.148284 0.456794 -0.674236 0.325337 0.480522 0.0003598175 0.0000002255 -0.0001239882 0.0000009189 -0.0000002133 0.0000436690 0.0430854244 0.0177943073 0.0000238525 0.0106261493 0.0000060259 0.0026519254
1403636956.60163 4.462661 -10.074996 -1.153353 0.457796 -0.670970 0.331142 0.480174 0.0003616226 -0.0000016810 -0.0001216422 0.0000009252 0.0000004302 0.0000418613 0.0432947062 0.0179205738 0.0000237722 0.0106973950 0.0000061590 0.0026520159
1403636956.65162 4.483038 -10.101889 -1.160424 0.458727 -0.667999 0.339336 0.477701 0.0003631332 -0.0000056395 -0.0001195117 0.0000010018 0.0000017230 0.0000402756 0.0435065067 0.0180506220 0.0000236402 0.0107712208 0.0000061756 0.0026519680
1403636956.70162 4.504170 -10.127950 -1.168427 0.460185 -0.665758 0.349372 0.472160 0.0003636806 -0.0000115701 -0.0001183408 0.0000012787 0.0000036349 0.0000394546 0.0437166189 0.0181815955 0.0000235029 0.0108462880 0.0000063154 0.0026520517
1403636956.75162 4.525199 -10.152732 -1.176522 0.464243 -0.663476 0.357948 0.464921 0.0003629485 -0.0000163888 -0.0001187717 0.0000016463 0.0000052355 0.0000398219 0.0439156941 0.0183107930 0.0000233270 0.0109219438 0.0000064758 0.0026521311
1403636956.80161 4.545822 -10.176776 -1.183231 0.469699 -0.660308 0.366554 0.457181 0.0003620532 -0.0000206761 -0.0001193136 0.0000020821 0.0000066883 0.0000402837 0.0441064690 0.0184361205 0.0000231134 0.0109956701 0.0000066644 0.0026522137
1403636956.85161 4.565987 -10.199526 -1.188012 0.477513 -0.656135 0.373982 0.449005 0.0003607409 -0.0000234425 -0.0001205506 0.0000024188 0.0000077100 0.0000412613 0.0442895267 0.0185579864 0.0000228689 0.0110679705 0.0000068736 0.0026522879
1403636956.90161 4.585142 -10.220016 -1.190783 0.487887 -0.650196 0.379094 0.442153 0.0003596047 -0.0000232452 -0.0001220670 0.0000023903 0.0000077668 0.0000424243 0.0444627492 0.0186742116 0.0000225490 0.0111368190 0.0000071053 0.0026522887
1403636956.95161 4.603332 -10.240941 -1.191139 0.498850 -0.641917 0.383764 0.437968 0.0003598047 -0.0000210604 -0.0001221998 0.0000021129 0.0000070276 0.0000425019 0.0446244172 0.0187835304 0.0000222593 0.0112022010 0.0000073316 0.0026523226
1403636957.00162 4.620440 -10.258638 -1.188581 0.511009 -0.632754 0.387717 0.433783 0.0003598694 -0.0000178239 -0.0001226213 0.0000017541 0.0000059472 0.0000427921 0.0447859664 0.0188906085 0.0000219223 0.0112653977 0.0000075278 0.0026522669
1403636957.05162 4.636775 -10.276245 -1.184813 0.523526 -0.622236 0.391225 0.430912 0.0003603453 -0.0000134588 -0.0001225565 0.0000013654 0.0000044500 0.0000427028 0.0449205355 0.0189873348 0.0000215928 0.0113250446 0.0000077583 0.0026521550
1403636957.10162 4.653421 -10.294210 -1.178682 0.535745 -0.611858 0.394933 0.427359 0.0003605157 -0.0000095752 -0.0001226928 0.0000011081 0.0000031314 0.0000427849 0.0450602223 0.0190843611 0.0000212716 0.0113839269 0.0000079824 0.0026519946
1403636957.15162 4.669609 -10.310955 -1.172074 0.548017 -0.601923 0.397853 0.423178 0.0003600238 -0.0000056705 -0.0001235602 0.0000009344 0.0000018195 0.0000434455 0.0451997778 0.0191835704 0.0000209939 0.0114448759 0.0000081799 0.0026518502
1403636957.20161 4.684065 -10.326750 -1.163634 0.558500 -0.592826 0.401269 0.419068 0.0003597148 -0.0000028075 -0.0001240463 0.0000008593 0.0000008433 0.0000438250 0.0453300143 0.0192788723 0.0000207365 0.0115042916 0.0000083360 0.0026517672
1403636957.25161 4.697941 -10.342535 -1.154264 0.566576 -0.585283 0.405637 0.414601 0.0003596239 -0.0000018098 -0.0001241741 0.0000008385 0.0000005045 0.0000439282 0.0454555791 0.0193661296 0.0000205394 0.0115573201 0.0000084119 0.0026516388
1403636957.30161 4.711760 -10.357543 -1.145675 0.573639 -0.579552 0.408622 0.409983 0.0003589101 -0.0000011401 -0.0001250802 0.0000008264 0.0000002811 0.0000446473 0.0455818412 0.0194506796 0.0000203967 0.0116079447 0.0000084945 0.0026515996
1403636957.35161 4.725724 -10.371914 -1.138153 0.579423 -0.574124 0.411682 0.406409 0.0003586860 -0.0000005648 -0.0001253618 0.0000008175 0.0000000856 0.0000448724 0.0457036248 0.0195353351 0.0000202783 0.0116596854 0.0000085819 0.0026516144
1403636957.40161 4.739911 -10.386757 -1.132794 0.583621 -0.570217 0.415080 0.402427 0.0003584591 -0.0000013071 -0.0001256369 0.0000008149 0.0000003522 0.0000450916 0.0458192131 0.0196194912 0.0000201686 0.0117123911 0.0000086474 0.0026516361
1403636957.45161 4.753941 -10.401296 -1.129506 0.587125 -0.566859 0.417513 0.399546 0.0003583002 -0.0000015208 -0.0001258300 0.0000008100 0.0000004337 0.0000452429 0.0459404739 0.0197057179 0.0000200956 0.0117658913 0.0000086891 0.0026516757
1403636957.50161 4.768255 -10.415392 -1.127714 0.589123 -0.564702 0.420071 0.396970 0.0003583433 -0.0000025163 -0.0001257560 0.0000008091 0.0000007903 0.0000451739 0.0460614060 0.0197925521 0.0000200562 0.0118198528 0.0000086487 0.0026516511
1403636957.55161 4.782858 -10.429533 -1.128518 0.591167 -0.562855 0.422446 0.394025 0.0003581307 -0.0000035924 -0.0001259925 0.0000008201 0.0000011772 0.0000453594 0.0461775268 0.0198793271 0.0000200048 0.0118751420 0.0000086559 0.0026517136
1403636957.60162 4.797169 -10.443073 -1.131191 0.593221 -0.560218 0.425536 0.391361 0.0003583948 -0.0000046309 -0.0001256291 0.0000008356 0.0000015435 0.0000450623 0.0462947083 0.0199672195 0.0000199519 0.0119313122 0.0000086595 0.0026517817
1403636957.65162 4.811518 -10.456564 -1.135728 0.596095 -0.557223 0.428452 0.388075 0.0003583406 -0.0000055175 -0.0001256599 0.0000008507 0.0000018625 0.0000450804 0.0464066556 0.0200529826 0.0000198986 0.0119866759 0.0000086761 0.0026518516
1403636957.70161 4.825397 -10.469440 -1.142311 0.599329 -0.553556 0.432123 0.384253 0.0003584167 -0.0000066169 -0.0001255107 0.0000008762 0.0000022538 0.0000449522 0.0465177828 0.0201383162 0.0000198282 0.0120418074 0.0000087074 0.0026519231
1403636957.75161 4.840118 -10.481419 -1.150283 0.603655 -0.549403 0.436103 0.378909 0.0003579817 -0.0000080878 -0.0001259650 0.0000009234 0.0000027921 0.0000453122 0.0466246282 0.0202214204 0.0000197387 0.0120957420 0.0000087484 0.0026519965
1403636957.80160 4.854093 -10.491889 -1.159903 0.609554 -0.543854 0.440978 0.371760 0.0003573834 -0.0000097367 -0.0001265815 0.0000009817 0.0000033997 0.0000458044 0.0467244928 0.0203067744 0.0000195950 0.0121528657 0.0000087619 0.0026520347
1403636957.85160 4.867703 -10.502481 -1.170330 0.616295 -0.536767 0.446739 0.363985 0.0003568757 -0.0000115323 -0.0001270511 0.0000010741 0.0000040669 0.0000461881 0.0468079247 0.0203831662 0.0000194072 0.0122055210 0.0000088273 0.0026520679
1403636957.90160 4.881367 -10.512598 -1.181375 0.624143 -0.527994 0.452711 0.355979 0.0003565594 -0.0000125742 -0.0001273355 0.0000011302 0.0000044614 0.0000464171 0.0468959687 0.0204601758 0.0000191687 0.0122578082 0.0000088946 0.0026520814
1403636957.95160 4.894469 -10.521102 -1.191562 0.632796 -0.517846 0.458553 0.348044 0.0003563935 -0.0000128084 -0.0001275115 0.0000011323 0.0000045620 0.0000465496 0.0469725709 0.0205327573 0.0000188923 0.0123084469 0.0000089349 0.0026520777
1403636958.00160 4.907267 -10.530666 -1.200307 0.641402 -0.507041 0.465139 0.339349 0.0003563879 -0.0000136448 -0.0001274290 0.0000011808 0.0000048666 0.0000464810 0.0470387467 0.0206006977 0.0000185718 0.0123573032 0.0000089921 0.0026520522
1403636958.05160 4.919399 -10.540979 -1.206876 0.650014 -0.496623 0.470966 0.330209 0.0003559690 -0.0000144348 -0.0001278469 0.0000012307 0.0000051795 0.0000468260 0.0471223157 0.0206709853 0.0000182547 0.0124047128 0.0000090470 0.0026520575
1403636958.10160 4.930729 -10.550687 -1.211081 0.658864 -0.485055 0.475594 0.323158 0.0003559190 -0.0000133393 -0.0001280245 0.0000011289 0.0000048004 0.0000469398 0.0472107346 0.0207392298 0.0000178059 0.0124490301 0.0000091221 0.0026519684
1403636958.20159 4.950353 -10.572179 -1.213823 0.673208 -0.466589 0.483208 0.309185 0.0003551312 -0.0000129716 -0.0001290097 0.0000010852 0.0000047260 0.0000477327 0.0473884706 0.0208651858 0.0000172539 0.0125285056 0.0000092800 0.0026521241
1403636958.25159 4.958716 -10.582977 -1.210549 0.679041 -0.457869 0.487027 0.303420 0.0003552227 -0.0000126831 -0.0001289289 0.0000010479 0.0000046219 0.0000476430 0.0474753340 0.0209197817 0.0000169541 0.0125607918 0.0000093311 0.0026521583
1403636958.30159 4.966298 -10.593031 -1.205437 0.684413 -0.448857 0.490872 0.298580 0.0003557277 -0.0000119607 -0.0001283945 0.0000009824 0.0000043395 0.0000471685 0.0475605854 0.0209708232 0.0000166972 0.0125900986 0.0000093739 0.0026522155
1403636958.35159 4.973090 -10.603050 -1.198577 0.690540 -0.440657 0.492724 0.293595 0.0003551928 -0.0000107278 -0.0001291425 0.0000008914 0.0000039257 0.0000477628 0.0476458121 0.0210197184 0.0000164891 0.0126173940 0.0000093850 0.0026522993
1403636958.40159 4.978944 -10.613234 -1.189486 0.695837 -0.432877 0.493814 0.290820 0.0003549930 -0.0000085361 -0.0001295439 0.0000007604 0.0000031417 0.0000480630 0.0477281663 0.0210620579 0.0000163332 0.0126391695 0.0000093785 0.0026523967
1403636958.45159 4.984346 -10.622976 -1.178781 0.699646 -0.427086 0.495187 0.287893 0.0003548269 -0.0000075410 -0.0001298035 0.0000007039 0.0000027868 0.0000482556 0.0478134518 0.0211039762 0.0000162257 0.0126599212 0.0000093320 0.0026525047
1403636958.50159 4.988829 -10.632793 -1.169289 0.703467 -0.422348 0.495183 0.285570 0.0003541604 -0.0000062046 -0.0001306572 0.0000006356 0.0000023152 0.0000489518 0.0478934361 0.0211426093 0.0000161374 0.0126785599 0.0000091394 0.0026524776
1403636958.55159 4.993012 -10.642461 -1.160758 0.706019 -0.418550 0.495481 0.284345 0.0003539494 -0.0000050086 -0.0001309577 0.0000005862 0.0000018789 0.0000491818 0.0479791384 0.0211804072 0.0000161110 0.0126953320 0.0000090064 0.0026525676
1403636958.60159 4.997278 -10.652700 -1.153949 0.707255 -0.416035 0.496542 0.283110 0.0003541502 -0.0000048060 -0.0001307347 0.0000005691 0.0000017997 0.0000489707 0.0480626766 0.0212174717 0.0000161012 0.0127119738 0.0000088892 0.0026526702
1403636958.65159 5.001604 -10.663457 -1.148079 0.708525 -0.413966 0.496735 0.282629 0.0003541190 -0.0000041084 -0.0001307982 0.0000005404 0.0000015421 0.0000490034 0.0481535396 0.0212564239 0.0000161132 0.0127287912 0.0000087571 0.0026527656
1403636958.70159 5.006067 -10.674835 -1.143202 0.709028 -0.412294 0.497051 0.283255 0.0003545063 -0.0000031551 -0.0001303752 0.0000005099 0.0000011836 0.0000486202 0.0482491288 0.0212973025 0.0000161438 0.0127464006 0.0000086178 0.0026528438
1403636958.75160 5.010276 -10.686032 -1.139826 0.709476 -0.411407 0.496822 0.283826 0.0003545674 -0.0000023396 -0.0001303238 0.0000004870 0.0000008821 0.0000485589 0.0483453210 0.0213375767 0.0000161927 0.0127633760 0.0000084693 0.0026529075
1403636958.80160 5.017096 -10.700260 -1.138997 0.709546 -0.411175 0.496785 0.284050 0.0003546163 -0.0000023818 -0.0001302710 0.0000004694 0.0000008946 0.0000484788 0.0484442882 0.0213802978 0.0000163181 0.0127816362 0.0000082039 0.0026527844
1403636958.85160 5.022206 -10.711933 -1.137902 0.709497 -0.411530 0.496513 0.284134 0.0003544960 -0.0000021193 -0.0001304198 0.0000004572 0.0000007978 0.0000485915 0.0485719495 0.0214424514 0.0000163680 0.0128122660 0.0000080822 0.0026528258
1403636958.90161 5.027483 -10.723840 -1.138269 0.710073 -0.411760 0.494725 0.285476 0.0003539411 -0.0000008271 -0.0001310851 0.0000004380 0.0000003219 0.0000491457 0.0486744572 0.0214883284 0.0000164235 0.0128331311 0.0000079499 0.0026528336
1403636958.95161 5.033185 -10.735702 -1.139598 0.709860 -0.411835 0.493820 0.287459 0.0003540603 0.0000004684 -0.0001309508 0.0000004289 -0.0000001600 0.0000490190 0.0487814446 0.0215374553 0.0000164650 0.0128561130 0.0000078745 0.0026528608
1403636959.00161 5.039429 -10.747448 -1.142300 0.709448 -0.412725 0.493198 0.288265 0.0003539769 0.0000006793 -0.0001310495 0.0000004224 -0.0000002400 0.0000490938 0.0488832454 0.0215874595 0.0000164954 0.0128810314 0.0000078199 0.0026528864
1403636959.05162 5.045924 -10.758950 -1.146498 0.709089 -0.413676 0.492455 0.289054 0.0003538145 0.0000009454 -0.0001312388 0.0000004167 -0.0000003408 0.0000492482 0.0489860097 0.0216400578 0.0000165140 0.0129081444 0.0000077839 0.0026529131
1403636959.10162 5.053121 -10.770915 -1.152251 0.708967 -0.415298 0.491364 0.288885 0.0003531628 0.0000005446 -0.0001319953 0.0000004088 -0.0000001948 0.0000498974 0.0490839547 0.0216924430 0.0000165492 0.0129361284 0.0000077798 0.0026529968
1403636959.15162 5.060980 -10.783710 -1.159082 0.708309 -0.416729 0.491129 0.288839 0.0003530401 -0.0000000688 -0.0001321390 0.0000004031 0.0000000336 0.0000500167 0.0491909100 0.0217513193 0.0000165686 0.0129682093 0.0000077856 0.0026530787
1403636959.20163 5.069054 -10.796676 -1.167230 0.707871 -0.417338 0.490611 0.289911 0.0003531039 0.0000003806 -0.0001320670 0.0000003990 -0.0000001358 0.0000499485 0.0493049818 0.0218143125 0.0000165674 0.0130025633 0.0000078076 0.0026531496
1403636959.25163 5.077394 -10.809671 -1.176561 0.707520 -0.417340 0.490060 0.291691 0.0003533754 0.0000014422 -0.0001317491 0.0000004006 -0.0000005328 0.0000496677 0.0494185123 0.0218774079 0.0000165435 0.0130371036 0.0000078492 0.0026532064
1403636959.30163 5.086112 -10.822219 -1.187117 0.707839 -0.416328 0.488348 0.295213 0.0003535544 0.0000042713 -0.0001314827 0.0000004428 -0.0000015861 0.0000494385 0.0495330977 0.0219422016 0.0000164878 0.0130729564 0.0000079070 0.0026532432
1403636959.35163 5.094979 -10.835285 -1.199157 0.708650 -0.414788 0.486302 0.298792 0.0003535153 0.0000076484 -0.0001313765 0.0000005541 -0.0000028427 0.0000493617 0.0496431987 0.0220091174 0.0000164387 0.0131118337 0.0000079632 0.0026532927
1403636959.40163 5.104637 -10.848486 -1.212624 0.708491 -0.414511 0.485488 0.300870 0.0003537122 0.0000090839 -0.0001310582 0.0000006195 -0.0000033680 0.0000490948 0.0497550765 0.0220770085 0.0000163555 0.0131511850 0.0000080508 0.0026533301
1403636959.45163 5.114632 -10.860943 -1.227872 0.708057 -0.413574 0.485465 0.303210 0.0003543927 0.0000106287 -0.0001301482 0.0000007029 -0.0000039071 0.0000483266 0.0498683789 0.0221497463 0.0000162427 0.0131947890 0.0000081542 0.0026533612
1403636959.50163 5.125104 -10.873162 -1.244356 0.706923 -0.412971 0.486346 0.305256 0.0003554910 0.0000114511 -0.0001287768 0.0000007504 -0.0000041531 0.0000471750 0.0499726342 0.0222209108 0.0000160990 0.0132388496 0.0000082675 0.0026533877
1403636959.55163 5.136075 -10.884774 -1.260685 0.703800 -0.414213 0.490361 0.304367 0.0003575170 0.0000085544 -0.0001265450 0.0000005846 -0.0000030321 0.0000453116 0.0500720570 0.0222936603 0.0000159308 0.0132855408 0.0000084210 0.0026534300
1403636959.60163 5.147754 -10.896309 -1.276006 0.700493 -0.415600 0.494572 0.303292 0.0003594938 0.0000053724 -0.0001242503 0.0000004593 -0.0000018603 0.0000434600 0.0501705324 0.0223667519 0.0000157320 0.0133328581 0.0000085909 0.0026534787
1403636959.65163 5.159189 -10.907232 -1.290140 0.699453 -0.416638 0.495617 0.302560 0.0003598391 0.0000040318 -0.0001238640 0.0000004234 -0.0000013915 0.0000431503 0.0502672213 0.0224402695 0.0000155167 0.0133810822 0.0000087652 0.0026535345
1403636959.70163 5.170543 -10.917271 -1.302409 0.699318 -0.418749 0.494883 0.301156 0.0003590336 0.0000026766 -0.0001249256 0.0000003973 -0.0000009354 0.0000439809 0.0503579318 0.0225103514 0.0000153001 0.0134275186 0.0000089427 0.0026536023
1403636959.75163 5.182326 -10.928109 -1.312245 0.699084 -0.420660 0.494355 0.299899 0.0003583601 0.0000014259 -0.0001257934 0.0000003827 -0.0000005050 0.0000446696 0.0504552620 0.0225870151 0.0000150832 0.0134788788 0.0000091160 0.0026536827
1403636959.80163 5.194249 -10.938615 -1.319508 0.699669 -0.421807 0.492989 0.299173 0.0003574131 0.0000011711 -0.0001269705 0.0000003810 -0.0000004211 0.0000456199 0.0505472243 0.0226600098 0.0000148897 0.0135280957 0.0000092690 0.0026537885
1403636959.85163 5.205692 -10.947409 -1.324967 0.699497 -0.423068 0.492630 0.298385 0.0003569720 0.0000003542 -0.0001275180 0.0000003779 -0.0000001320 0.0000460665 0.0506271050 0.0227288251 0.0000147047 0.0135761220 0.0000094161 0.0026539040
1403636959.90163 5.217043 -10.955311 -1.329027 0.699917 -0.424219 0.491164 0.298182 0.0003561192 0.0000003701 -0.0001285534 0.0000003784 -0.0000001398 0.0000469213 0.0506993622 0.0227941852 0.0000145253 0.0136225988 0.0000095508 0.0026540182
1403636959.95163 5.227974 -10.962534 -1.331026 0.700172 -0.424787 0.490467 0.297923 0.0003556711 0.0000003007 -0.0001290935 0.0000003787 -0.0000001160 0.0000473715 0.0507615698 0.0228575528 0.0000143548 0.0136694125 0.0000096653 0.0026541233
1403636960.00163 5.238888 -10.969399 -1.330717 0.699794 -0.425505 0.490648 0.297489 0.0003556308 -0.0000003514 -0.0001291445 0.0000003793 0.0000001203 0.0000474139 0.0508238118 0.0229200758 0.0000142016 0.0137153766 0.0000097564 0.0026542161
1403636960.05163 5.249728 -10.975940 -1.329404 0.699840 -0.425460 0.490400 0.297852 0.0003556177 -0.0000000565 -0.0001291636 0.0000003796 0.0000000125 0.0000474298 0.0508863182 0.0229827968 0.0000140695 0.0137614129 0.0000098211 0.0026542978
1403636960.10163 5.260465 -10.982400 -1.326303 0.699477 -0.425548 0.490858 0.297826 0.0003558612 -0.0000003305 -0.0001288753 0.0000003805 0.0000001112 0.0000471885 0.0509467060 0.0230464159 0.0000139589 0.0138087233 0.0000098557 0.0026543674
1403636960.15164 5.270779 -10.988462 -1.322123 0.699959 -0.424816 0.489881 0.299342 0.0003558304 0.0000011657 -0.0001289104 0.0000003847 -0.0000004321 0.0000472184 0.0510053133 0.0231073702 0.0000138814 0.0138538319 0.0000098534 0.0026544137
1403636960.20164 5.280890 -10.994124 -1.318371 0.700543 -0.424025 0.489146 0.300298 0.0003557435 0.0000023348 -0.0001290017 0.0000003969 -0.0000008575 0.0000472966 0.0510574052 0.0231659829 0.0000138259 0.0138981554 0.0000098270 0.0026544474
1403636960.25164 5.291366 -10.999966 -1.315671 0.702499 -0.420617 0.486260 0.305168 0.0003556747 0.0000075407 -0.0001288881 0.0000005424 -0.0000027464 0.0000472239 0.0511078603 0.0232233365 0.0000138017 0.0139417068 0.0000098047 0.0026544749
1403636960.30164 5.302281 -11.005723 -1.314425 0.703909 -0.418758 0.484090 0.307913 0.0003552889 0.0000106883 -0.0001291298 0.0000007050 -0.0000039005 0.0000474513 0.0511583480 0.0232841466 0.0000137946 0.0139885903 0.0000097677 0.0026544869
1403636960.35164 5.314342 -11.011486 -1.314309 0.704750 -0.416682 0.482866 0.310715 0.0003553966 0.0000135208 -0.0001287391 0.0000008989 -0.0000049153 0.0000471541 0.0512071697 0.0233472112 0.0000137647 0.0140381080 0.0000097367 0.0026545057
1403636960.40164 5.327424 -11.017131 -1.315246 0.704075 -0.414916 0.483965 0.312891 0.0003566094 0.0000148476 -0.0001271314 0.0000010035 -0.0000053116 0.0000458410 0.0512570217 0.0234159236 0.0000137317 0.0140929105 0.0000097130 0.0026545192
1403636960.45164 5.341812 -11.022147 -1.317415 0.703596 -0.412264 0.486006 0.314306 0.0003580621 0.0000158553 -0.0001252194 0.0000010883 -0.0000055636 0.0000443085 0.0513002991 0.0234891971 0.0000136868 0.0141537920 0.0000097120 0.0026545489
1403636960.50164 5.357593 -11.026606 -1.320631 0.703758 -0.408644 0.488206 0.315262 0.0003594021 0.0000170876 -0.0001233657 0.0000011996 -0.0000058844 0.0000428622 0.0513364953 0.0235652458 0.0000136253 0.0142191840 0.0000097085 0.0026546032
1403636960.55163 5.375224 -11.031244 -1.325230 0.704457 -0.404748 0.490036 0.315887 0.0003604082 0.0000184843 -0.0001218683 0.0000013367 -0.0000062695 0.0000417248 0.0513654934 0.0236459416 0.0000135428 0.0142910737 0.0000096896 0.0026547266
1403636960.60163 5.393685 -11.035028 -1.330827 0.705334 -0.400826 0.491675 0.316382 0.0003612438 0.0000199546 -0.0001205417 0.0000014926 -0.0000066779 0.0000407392 0.0513961354 0.0237350070 0.0000134441 0.0143709120 0.0000096767 0.0026548519
1403636960.65163 5.412988 -11.037724 -1.337508 0.705536 -0.398467 0.494152 0.315052 0.0003621182 0.0000194423 -0.0001194640 0.0000014356 -0.0000064327 0.0000399279 0.0514204881 0.0238257612 0.0000133465 0.0144541711 0.0000096894 0.0026549928
1403636960.70163 5.432677 -11.039226 -1.345524 0.705216 -0.399023 0.497320 0.310038 0.0003625074 0.0000155065 -0.0001195213 0.0000010561 -0.0000051293 0.0000399246 0.0514346340 0.0239174131 0.0000132310 0.0145410564 0.0000097097 0.0026551422
1403636960.75163 5.452891 -11.039171 -1.354730 0.705298 -0.400962 0.499768 0.303342 0.0003620298 0.0000104249 -0.0001207141 0.0000006940 -0.0000034905 0.0000407707 0.0514363766 0.0240061146 0.0000130955 0.0146283408 0.0000097414 0.0026552958
1403636960.80163 5.473575 -11.037958 -1.364898 0.706609 -0.401474 0.501567 0.296569 0.0003610638 0.0000063164 -0.0001222742 0.0000005055 -0.0000021513 0.0000419311 0.0514269194 0.0240939692 0.0000129329 0.0147178237 0.0000097827 0.0026554489
1403636960.85163 5.494357 -11.036396 -1.375717 0.708734 -0.399741 0.503964 0.289697 0.0003603100 0.0000030262 -0.0001233807 0.0000004216 -0.0000010464 0.0000427748 0.0514098383 0.0241824528 0.0000127363 0.0148101091 0.0000098367 0.0026556066
1403636960.90163 5.515069 -11.033920 -1.386923 0.712264 -0.395518 0.506145 0.282955 0.0003594641 0.0000011141 -0.0001244975 0.0000004009 -0.0000003940 0.0000436470 0.0513910510 0.0242699680 0.0000124927 0.0149021422 0.0000099043 0.0026557565
1403636960.95163 5.535955 -11.030825 -1.397106 0.716562 -0.389190 0.508609 0.276383 0.0003588467 0.0000001672 -0.0001252855 0.0000003987 -0.0000000647 0.0000442719 0.0513625500 0.0243537752 0.0000122438 0.0149932962 0.0000099607 0.0026559164
1403636961.00163 5.557267 -11.027626 -1.405580 0.721210 -0.379972 0.512142 0.270534 0.0003590703 0.0000004796 -0.0001250074 0.0000004004 -0.0000001717 0.0000440519 0.0513320726 0.0244387617 0.0000119721 0.0150864687 0.0000100124 0.0026560733
1403636961.05163 5.578058 -11.023242 -1.412577 0.725987 -0.370278 0.515987 0.263807 0.0003592445 0.0000004625 -0.0001247852 0.0000004009 -0.0000001632 0.0000438765 0.0513003416 0.0245241584 0.0000115502 0.0151799838 0.0000100670 0.0026560904
1403636961.10163 5.599253 -11.019025 -1.417811 0.730682 -0.360810 0.519976 0.256016 0.0003593031 -0.0000003250 -0.0001247150 0.0000004020 0.0000001129 0.0000438218 0.0512548305 0.0246022544 0.0000112495 0.0152708964 0.0000100836 0.0026562215
1403636961.15163 5.620173 -11.013826 -1.421001 0.735226 -0.350635 0.524367 0.248066 0.0003596076 -0.0000010308 -0.0001243273 0.0000004060 0.0000003593 0.0000435166 0.0512119298 0.0246822751 0.0000109156 0.0153634355 0.0000100822 0.0026563134
1403636961.20163 5.640875 -11.008661 -1.422691 0.740656 -0.340041 0.527403 0.240098 0.0003592413 -0.0000010660 -0.0001247942 0.0000004076 0.0000003756 0.0000438852 0.0511618279 0.0247580403 0.0000105998 0.0154539516 0.0000100600 0.0026563852
1403636961.25162 5.661570 -11.003273 -1.422389 0.745258 -0.330067 0.531060 0.231563 0.0003591529 -0.0000019884 -0.0001248976 0.0000004169 0.0000006995 0.0000439681 0.0511147037 0.0248356763 0.0000102717 0.0155460515 0.0000100360 0.0026564751
1403636961.30162 5.681745 -10.998010 -1.419781 0.750105 -0.319231 0.533394 0.225665 0.0003590520 -0.0000006824 -0.0001250420 0.0000004086 0.0000002471 0.0000440810 0.0510709701 0.0249147516 0.0000099659 0.0156391325 0.0000099853 0.0026565544
1403636961.35162 5.701306 -10.993336 -1.415778 0.753624 -0.309574 0.536239 0.220598 0.0003594729 0.0000002639 -0.0001245151 0.0000004088 -0.0000000806 0.0000436634 0.0510242895 0.0249891401 0.0000096882 0.0157286097 0.0000099396 0.0026566405
1403636961.40162 5.720993 -10.988909 -1.409610 0.756817 -0.301491 0.538478 0.215342 0.0003595421 0.0000005563 -0.0001244304 0.0000004109 -0.0000001802 0.0000435960 0.0509800157 0.0250606528 0.0000094798 0.0158148923 0.0000098709 0.0026567408
1403636961.45162 5.739547 -10.983627 -1.401874 0.759322 -0.294799 0.540433 0.210846 0.0003596443 0.0000006677 -0.0001243045 0.0000004126 -0.0000002173 0.0000434961 0.0509329420 0.0251279991 0.0000093167 0.0158979159 0.0000097848 0.0026568367
1403636961.50162 5.758918 -10.978233 -1.393147 0.761654 -0.289539 0.541843 0.206049 0.0003593956 0.0000001010 -0.0001246264 0.0000004123 -0.0000000202 0.0000437485 0.0508856467 0.0251954157 0.0000092152 0.0159813500 0.0000096653 0.0026568947
1403636961.55162 5.778199 -10.972787 -1.382230 0.763780 -0.283537 0.543674 0.201657 0.0003594963 -0.0000000470 -0.0001245038 0.0000004132 0.0000000322 0.0000436506 0.0508388324 0.0252689819 0.0000091396 0.0160714874 0.0000095235 0.0026569694
1403636961.60162 5.796778 -10.966374 -1.368770 0.766065 -0.277328 0.545554 0.196480 0.0003594965 -0.0000005355 -0.0001245074 0.0000004148 0.0000002025 0.0000436521 0.0507862347 0.0253377696 0.0000090820 0.0161585481 0.0000093442 0.0026570387
1403636961.65162 5.816434 -10.961904 -1.353415 0.768264 -0.270923 0.547712 0.190742 0.0003596185 -0.0000013706 -0.0001243475 0.0000004175 0.0000004918 0.0000435252 0.0507266744 0.0254017901 0.0000090063 0.0162424300 0.0000090837 0.0026569713
1403636961.70162 5.835461 -10.956013 -1.336752 0.770327 -0.263581 0.549990 0.186098 0.0003599626 -0.0000011824 -0.0001239160 0.0000004168 0.0000004259 0.0000431848 0.0506914287 0.0254802010 0.0000090078 0.0163355684 0.0000088756 0.0026570513
1403636961.75162 5.853752 -10.950206 -1.319212 0.772677 -0.255989 0.551951 0.181083 0.0003601404 -0.0000009977 -0.0001236947 0.0000004160 0.0000003625 0.0000430100 0.0506362796 0.0255462543 0.0000090390 0.0164215892 0.0000086573 0.0026571419
1403636961.80162 5.871635 -10.944010 -1.302633 0.774972 -0.248056 0.553894 0.176315 0.0003603594 -0.0000005189 -0.0001234216 0.0000004145 0.0000001984 0.0000427949 0.0505845804 0.0256111244 0.0000091008 0.0165057793 0.0000084223 0.0026572210
1403636961.85163 5.888921 -10.937064 -1.287479 0.778529 -0.239808 0.554096 0.171351 0.0003595749 0.0000004536 -0.0001244299 0.0000004147 -0.0000001354 0.0000435816 0.0505267998 0.0256725155 0.0000091683 0.0165884250 0.0000081920 0.0026573066
1403636961.90162 5.905550 -10.929812 -1.273623 0.780804 -0.230875 0.556097 0.166725 0.0003599207 0.0000014142 -0.0001239878 0.0000004198 -0.0000004648 0.0000432324 0.0504630640 0.0257298200 0.0000092275 0.0166688267 0.0000079846 0.0026574109
1403636961.95162 5.923112 -10.923708 -1.261281 0.782783 -0.222358 0.558693 0.160218 0.0003603638 0.0000009376 -0.0001234284 0.0000004133 -0.0000002984 0.0000427915 0.0503959152 0.0257847964 0.0000092408 0.0167475571 0.0000076798 0.0026573936
1403636962.00162 5.939427 -10.915678 -1.250765 0.785759 -0.213523 0.559707 0.154010 0.0003599122 0.0000011917 -0.0001240105 0.0000004148 -0.0000003868 0.0000432425 0.0503416107 0.0258459070 0.0000092737 0.0168300350 0.0000074938 0.0026575150
1403636962.05162 5.955171 -10.907522 -1.241465 0.788794 -0.204722 0.560538 0.147275 0.0003593404 0.0000011249 -0.0001247431 0.0000004139 -0.0000003655 0.0000438150 0.0502688733 0.0258961360 0.0000092876 0.0169064595 0.0000073285 0.0026576528
1403636962.10162 5.970581 -10.898824 -1.232783 0.791589 -0.195305 0.561595 0.140907 0.0003589969 0.0000014554 -0.0001251784 0.0000004156 -0.0000004816 0.0000441563 0.0501949823 0.0259429095 0.0000092885 0.0169797650 0.0000071742 0.0026578033
1403636962.15162 5.985413 -10.889879 -1.223698 0.794066 -0.185717 0.562987 0.134215 0.0003588674 0.0000015956 -0.0001253450 0.0000004160 -0.0000005305 0.0000442847 0.0501164091 0.0259874513 0.0000092799 0.0170523227 0.0000070274 0.0026579637
1403636962.20162 5.999806 -10.880496 -1.213389 0.796149 -0.176202 0.564700 0.127333 0.0003589368 0.0000014927 -0.0001252647 0.0000004139 -0.0000004932 0.0000442161 0.0500379197 0.0260288442 0.0000092638 0.0171216781 0.0000068843 0.0026581350
1403636962.25162 6.015049 -10.871565 -1.201928 0.797474 -0.165437 0.567386 0.121405 0.0003597642 0.0000022745 -0.0001242117 0.0000004172 -0.0000007580 0.0000433783 0.0499542953 0.0260679234 0.0000092121 0.0171898995 0.0000067075 0.0026581762
1403636962.30162 6.029131 -10.861146 -1.188690 0.799740 -0.154619 0.568547 0.115169 0.0003596470 0.0000032503 -0.0001243448 0.0000004305 -0.0000010962 0.0000434798 0.0498730679 0.0261101419 0.0000091909 0.0172615446 0.0000065700 0.0026583569
1403636962.35162 6.043060 -10.850329 -1.174324 0.801564 -0.144739 0.570089 0.107443 0.0003596751 0.0000027827 -0.0001243265 0.0000004210 -0.0000009334 0.0000434593 0.0497767395 0.0261420855 0.0000091835 0.0173268162 0.0000064240 0.0026585652
1403636962.40162 6.056910 -10.842447 -1.160991 0.803228 -0.133531 0.571681 0.100872 0.0003599197 0.0000035599 -0.0001239982 0.0000004231 -0.0000012012 0.0000431943 0.0496799321 0.0261769580 0.0000091739 0.0173940311 0.0000059486 0.0026581849
1403636962.45162 6.070567 -10.831263 -1.143194 0.805057 -0.122669 0.572685 0.094165 0.0003597981 0.0000042761 -0.0001241368 0.0000004387 -0.0000014493 0.0000432998 0.0496098836 0.0262163812 0.0000091988 0.0174601725 0.0000057637 0.0026584103
1403636962.50162 6.083748 -10.819023 -1.123431 0.806805 -0.110345 0.573500 0.089372 0.0003597448 0.0000067931 -0.0001240986 0.0000005157 -0.0000023174 0.0000432746 0.0495103908 0.0262463926 0.0000092249 0.0175253254 0.0000055543 0.0026586323
1403636962.55161 6.096494 -10.805984 -1.102861 0.808621 -0.097422 0.573979 0.084783 0.0003594487 0.0000096491 -0.0001242912 0.0000006433 -0.0000033110 0.0000434375 0.0493991589 0.0262703841 0.0000091878 0.0175875991 0.0000053136 0.0026588232
1403636962.60161 6.108813 -10.792907 -1.082681 0.810393 -0.084436 0.574184 0.080292 0.0003590244 0.0000126586 -0.0001245644 0.0000008293 -0.0000043668 0.0000436735 0.0492791971 0.0262904723 0.0000092256 0.0176487099 0.0000051111 0.0026590785
1403636962.65161 6.121179 -10.779640 -1.063394 0.811722 -0.071917 0.574484 0.076834 0.0003586619 0.0000160336 -0.0001246386 0.0000010981 -0.0000055475 0.0000437644 0.0491623748 0.0263085039 0.0000092780 0.0177067877 0.0000049035 0.0026593439
1403636962.70161 6.133327 -10.765278 -1.045195 0.812737 -0.059994 0.574711 0.074609 0.0003582300 0.0000199057 -0.0001246290 0.0000014854 -0.0000069021 0.0000438051 0.0490416900 0.0263257002 0.0000093334 0.0177654411 0.0000047082 0.0026596211
1403636962.75161 6.145311 -10.749911 -1.028744 0.813167 -0.050095 0.575329 0.072431 0.0003580885 0.0000228686 -0.0001243034 0.0000018373 -0.0000079163 0.0000435907 0.0489089401 0.0263391122 0.0000093982 0.0178239599 0.0000045298 0.0026599108
1403636962.80161 6.157229 -10.733434 -1.014133 0.813930 -0.043154 0.575171 0.069533 0.0003575985 0.0000241245 -0.0001246869 0.0000020012 -0.0000083902 0.0000439122 0.0487694774 0.0263489706 0.0000094555 0.0178808907 0.0000043675 0.0026602005
1403636962.85161 6.169418 -10.715880 -1.000371 0.813782 -0.037409 0.576045 0.067320 0.0003578277 0.0000252520 -0.0001241807 0.0000021525 -0.0000087426 0.0000435269 0.0486173689 0.0263560193 0.0000094988 0.0179390654 0.0000042331 0.0026604750
1403636962.90161 6.181277 -10.696117 -0.986940 0.813692 -0.035269 0.576810 0.062860 0.0003582271 0.0000234308 -0.0001240305 0.0000018915 -0.0000080971 0.0000433640 0.0484536570 0.0263602023 0.0000096559 0.0179963533 0.0000037409 0.0026603292
1403636962.95161 6.192877 -10.675692 -0.977200 0.812934 -0.035070 0.578431 0.057679 0.0003592783 0.0000202213 -0.0001232663 0.0000014949 -0.0000069208 0.0000427082 0.0482731509 0.0263568926 0.0000096910 0.0180528017 0.0000036434 0.0026605865
1403636963.00161 6.199018 -10.653126 -0.969915 0.809983 -0.035518 0.582963 0.053102 0.0003619442 0.0000170766 -0.0001202701 0.0000011540 -0.0000056572 0.0000403724 0.0480899507 0.0263526050 0.0000095520 0.0181083524 0.0000033441 0.0026603895
1403636963.05161 6.210059 -10.631042 -0.962128 0.806655 -0.036181 0.587800 0.049894 0.0003649488 0.0000145464 -0.0001165057 0.0000009269 -0.0000046256 0.0000375950 0.0478897025 0.0263173208 0.0000095182 0.0181348636 0.0000032893 0.0026606056
1403636963.10161 6.220453 -10.608084 -0.955876 0.804068 -0.037227 0.591461 0.047570 0.0003670830 0.0000124670 -0.0001137074 0.0000007689 -0.0000038430 0.0000356187 0.0476954978 0.0263036592 0.0000094324 0.0181848382 0.0000032708 0.0026608027
1403636963.15161 6.229754 -10.584579 -0.951103 0.802900 -0.038367 0.593084 0.046172 0.0003680335 0.0000110244 -0.0001124691 0.0000006741 -0.0000033500 0.0000347632 0.0474957159 0.0262856290 0.0000093152 0.0182320434 0.0000032934 0.0026610039
1403636963.20161 6.237789 -10.560144 -0.947832 0.803176 -0.039892 0.592629 0.045912 0.0003678157 0.0000101928 -0.0001128763 0.0000006245 -0.0000031091 0.0000350307 0.0472911249 0.0262609216 0.0000091872 0.0182734517 0.0000033443 0.0026611764
1403636963.25161 6.244984 -10.534875 -0.946157 0.804958 -0.042997 0.590149 0.043791 0.0003664510 0.0000075916 -0.0001150690 0.0000004974 -0.0000023646 0.0000365229 0.0470800257 0.0262289889 0.0000090509 0.0183090196 0.0000034156 0.0026613406
1403636963.30161 6.251220 -10.509254 -0.945190 0.806434 -0.046495 0.588058 0.041118 0.0003652501 0.0000044787 -0.0001169389 0.0000003932 -0.0000014141 0.0000378283 0.0468638413 0.0261914600 0.0000089074 0.0183401175 0.0000034930 0.0026614789
1403636963.35161 6.256566 -10.483255 -0.945212 0.807679 -0.050554 0.586175 0.038698 0.0003641112 0.0000012684 -0.0001186018 0.0000003409 -0.0000003928 0.0000390201 0.0466470471 0.0261509417 0.0000087732 0.0183682573 0.0000035659 0.0026616005
1403636963.40161 6.261185 -10.457247 -0.945919 0.808455 -0.053390 0.584898 0.038008 0.0003633431 -0.0000003448 -0.0001196609 0.0000003351 0.0000001338 0.0000397948 0.0464297098 0.0261069763 0.0000086477 0.0183928012 0.0000036439 0.0026617099
1403636963.45161 6.264491 -10.431418 -0.947601 0.809204 -0.054917 0.583648 0.039082 0.0003626500 -0.0000002740 -0.0001205998 0.0000003332 0.0000001107 0.0000404906 0.0462138988 0.0260583201 0.0000085264 0.0184114592 0.0000037285 0.0026618023
1403636963.50161 6.266676 -10.404631 -0.949861 0.809496 -0.055596 0.582995 0.041736 0.0003623522 0.0000010870 -0.0001209953 0.0000003286 -0.0000003483 0.0000407812 0.0459988325 0.0260034922 0.0000084693 0.0184210587 0.0000034953 0.0026613585
1403636963.55161 6.268117 -10.378207 -0.950011 0.809396 -0.056698 0.582905 0.043408 0.0003623836 0.0000016289 -0.0001209541 0.0000003315 -0.0000005298 0.0000407487 0.0457751026 0.0259410058 0.0000084221 0.0184262705 0.0000035239 0.0026614451
1403636963.60161 6.268149 -10.353633 -0.950753 0.809597 -0.057347 0.582375 0.045857 0.0003621881 0.0000028515 -0.0001211967 0.0000003440 -0.0000009417 0.0000409309 0.0455556105 0.0258749957 0.0000083821 0.0184255149 0.0000034563 0.0026613237
1403636963.65161 6.268986 -10.327824 -0.948082 0.809763 -0.058404 0.581868 0.047983 0.0003619664 0.0000037295 -0.0001214731 0.0000003597 -0.0000012400 0.0000411401 0.0453530810 0.0258133828 0.0000083817 0.0184245242 0.0000035030 0.0026614306
1403636963.70161 6.270411 -10.301915 -0.943080 0.809799 -0.059500 0.581524 0.050145 0.0003618538 0.0000046009 -0.0001215987 0.0000003794 -0.0000015355 0.0000412362 0.0451399016 0.0257558048 0.0000083965 0.0184325712 0.0000035392 0.0026615308
1403636963.75161 6.271391 -10.275706 -0.935804 0.809715 -0.060781 0.581393 0.051467 0.0003618447 0.0000048641 -0.0001216073 0.0000003860 -0.0000016249 0.0000412420 0.0449237160 0.0256950896 0.0000084297 0.0184381535 0.0000035601 0.0026616294
1403636963.80161 6.271163 -10.249187 -0.927267 0.809891 -0.061954 0.580905 0.052796 0.0003616227 0.0000051954 -0.0001218923 0.0000003950 -0.0000017424 0.0000414584 0.0447053201 0.0256274865 0.0000084804 0.0184363626 0.0000035697 0.0026617243
1403636963.85161 6.270736 -10.222508 -0.916839 0.809493 -0.062816 0.581274 0.053814 0.0003618978 0.0000054092 -0.0001215277 0.0000004010 -0.0000018084 0.0000411808 0.0444868274 0.0255594971 0.0000085487 0.0184343290 0.0000035643 0.0026618192
1403636963.90161 6.270032 -10.195687 -0.904379 0.809078 -0.063487 0.581637 0.055333 0.0003621813 0.0000060184 -0.0001211308 0.0000004202 -0.0000020059 0.0000408820 0.0442680404 0.0254896507 0.0000086341 0.0184303119 0.0000035455 0.0026619163
1403636963.95161 6.268424 -10.168334 -0.890672 0.808703 -0.064529 0.582027 0.055501 0.0003624387 0.0000056203 -0.0001208146 0.0000004074 -0.0000018672 0.0000406413 0.0440458654 0.0254151521 0.0000087383 0.0184220456 0.0000035175 0.0026620160
1403636964.00161 6.266447 -10.140811 -0.875399 0.808582 -0.064682 0.582103 0.056290 0.0003625194 0.0000060512 -0.0001206927 0.0000004216 -0.0000020093 0.0000405506 0.0438212805 0.0253392616 0.0000088656 0.0184131780 0.0000034762 0.0026621240
1403636964.05161 6.264106 -10.112889 -0.858631 0.808327 -0.065211 0.582369 0.056574 0.0003626995 0.0000059689 -0.0001204628 0.0000004193 -0.0000019780 0.0000403773 0.0435953733 0.0252597306 0.0000090024 0.0184004770 0.0000034246 0.0026622378
1403636964.10161 6.260543 -10.084467 -0.841300 0.808186 -0.064624 0.582570 0.057199 0.0003628172 0.0000066093 -0.0001202772 0.0000004404 -0.0000021884 0.0000402395 0.0433662328 0.0251766966 0.0000091552 0.0183842639 0.0000031783 0.0026622021
1403636964.15161 6.256767 -10.055881 -0.823362 0.807774 -0.064094 0.583145 0.057747 0.0003631972 0.0000071363 -0.0001197423 0.0000004610 -0.0000023511 0.0000398438 0.0431346961 0.0250881705 0.0000093103 0.0183628790 0.0000031212 0.0026623376
1403636964.20161 6.253121 -10.027610 -0.807155 0.806876 -0.063625 0.584414 0.057990 0.0003639486 0.0000073944 -0.0001187117 0.0000004717 -0.0000024111 0.0000390859 0.0429026009 0.0249991117 0.0000095075 0.0183408512 0.0000029095 0.0026623778
1403636964.25161 6.248444 -9.997946 -0.792258 0.806902 -0.063201 0.584443 0.057809 0.0003639498 0.0000074873 -0.0001187106 0.0000004764 -0.0000024423 0.0000390851 0.0426729312 0.0249105111 0.0000096640 0.0183189759 0.0000028415 0.0026625109
1403636964.30161 6.242665 -9.968478 -0.779290 0.807392 -0.061778 0.583782 0.059169 0.0003635785 0.0000090191 -0.0001191171 0.0000005471 -0.0000029563 0.0000393910 0.0424326533 0.0248147879 0.0000098314 0.0182925194 0.0000027715 0.0026626468
1403636964.35161 6.236831 -9.938576 -0.767872 0.807070 -0.061051 0.584315 0.059046 0.0003638782 0.0000092378 -0.0001186982 0.0000005590 -0.0000030157 0.0000390851 0.0421940675 0.0247167307 0.0000099915 0.0182626537 0.0000027199 0.0026627892
1403636964.40161 6.230719 -9.908236 -0.757968 0.807144 -0.060058 0.584265 0.059545 0.0003638411 0.0000099958 -0.0001186941 0.0000006001 -0.0000032643 0.0000390866 0.0419532743 0.0246171322 0.0000101446 0.0182318468 0.0000026738 0.0026629232
1403636964.45161 6.224036 -9.877431 -0.749536 0.807245 -0.058715 0.584246 0.059695 0.0003638025 0.0000106993 -0.0001186922 0.0000006413 -0.0000034952 0.0000390897 0.0417085712 0.0245145049 0.0000102930 0.0181989055 0.0000026374 0.0026630611
1403636964.50161 6.216764 -9.846228 -0.742885 0.807235 -0.056588 0.584359 0.060769 0.0003638295 0.0000123037 -0.0001185060 0.0000007437 -0.0000040133 0.0000389656 0.0414619653 0.0244092039 0.0000104189 0.0181634026 0.0000025787 0.0026631551
1403636964.55161 6.209105 -9.814055 -0.737145 0.807964 -0.053482 0.583601 0.061177 0.0003632972 0.0000140069 -0.0001190498 0.0000008689 -0.0000045970 0.0000393784 0.0412094014 0.0242992196 0.0000105513 0.0181245440 0.0000025609 0.0026632888
1403636964.60161 6.200861 -9.780839 -0.732383 0.807488 -0.047224 0.584585 0.063184 0.0003636472 0.0000179930 -0.0001180407 0.0000012204 -0.0000058496 0.0000386826 0.0409496251 0.0241857458 0.0000106663 0.0180842416 0.0000025548 0.0026634132
1403636964.65161 6.192690 -9.746719 -0.728873 0.807893 -0.041756 0.584589 0.061814 0.0003634073 0.0000196007 -0.0001181204 0.0000013885 -0.0000063813 0.0000387601 0.0406807633 0.0240675855 0.0000107737 0.0180417536 0.0000025390 0.0026635332
1403636964.70161 6.183814 -9.710857 -0.727440 0.808571 -0.034687 0.584269 0.060334 0.0003628699 0.0000218624 -0.0001184637 0.0000016490 -0.0000071492 0.0000390409 0.0404074738 0.0239476304 0.0000107853 0.0179983830 0.0000023871 0.0026634769
1403636964.75161 6.175769 -9.673463 -0.725735 0.808996 -0.026389 0.584289 0.058613 0.0003624499 0.0000245188 -0.0001185174 0.0000019904 -0.0000080309 0.0000391207 0.0401205564 0.0238209777 0.0000107041 0.0179519678 0.0000022436 0.0026633617
1403636964.80161 6.167324 -9.635761 -0.725810 0.809005 -0.017619 0.584885 0.055772 0.0003623468 0.0000266533 -0.0001182018 0.0000022930 -0.0000087092 0.0000389259 0.0398209721 0.0236926871 0.0000106688 0.0179092315 0.0000021027 0.0026633038
1403636964.85161 6.157142 -9.595983 -0.725899 0.808804 -0.009965 0.585990 0.048499 0.0003627532 0.0000255782 -0.0001178917 0.0000021368 -0.0000083274 0.0000386813 0.0395176811 0.0235612396 0.0000107741 0.0178645241 0.0000020806 0.0026634457
1403636964.90161 6.145760 -9.553858 -0.725447 0.807610 -0.002251 0.588412 0.039155 0.0003640685 0.0000232367 -0.0001165702 0.0000018172 -0.0000074547 0.0000376916 0.0392009575 0.0234174241 0.0000108763 0.0178097953 0.0000020242 0.0026636288
1403636964.95161 6.133369 -9.510610 -0.723422 0.806226 0.007765 0.590687 0.032065 0.0003651197 0.0000233750 -0.0001150691 0.0000018318 -0.0000073818 0.0000366318 0.0388708888 0.0232635284 0.0000109724 0.0177478637 0.0000019676 0.0026638247
1403636965.00161 6.120699 -9.465966 -0.719601 0.805449 0.017706 0.591944 0.023246 0.0003657267 0.0000224421 -0.0001143948 0.0000017134 -0.0000070349 0.0000361491 0.0385309560 0.0231044671 0.0000110381 0.0176836346 0.0000019160 0.0026640300
1403636965.05160 6.107675 -9.419795 -0.714132 0.804949 0.025888 0.592642 0.012742 0.0003662657 0.0000196806 -0.0001141343 0.0000013945 -0.0000061477 0.0000359349 0.0381847075 0.0229408679 0.0000110867 0.0176164788 0.0000018654 0.0026642439
1403636965.10160 6.093835 -9.373004 -0.706703 0.806007 0.035236 0.590821 0.006425 0.0003651379 0.0000199540 -0.0001157027 0.0000014284 -0.0000063386 0.0000370342 0.0378336951 0.0227754878 0.0000111354 0.0175492772 0.0000018055 0.0026644617
1403636965.15160 6.079103 -9.325602 -0.698061 -0.806963 -0.042238 -0.589089 0.001150 0.0003642849 0.0000183643 -0.0001171640 0.0000012645 -0.0000059222 0.0000380562 0.0374787198 0.0226056531 0.0000111985 0.0174782328 0.0000017489 0.0026646980
1403636965.20160 6.063706 -9.277637 -0.688056 -0.809878 -0.048824 -0.584527 0.006500 0.0003616751 0.0000177758 -0.0001207974 0.0000012132 -0.0000059533 0.0000407225 0.0371226461 0.0224323201 0.0000112705 0.0174033295 0.0000016857 0.0026649395
1403636965.25160 6.047556 -9.229225 -0.676917 -0.813461 -0.054677 -0.578943 0.010839 0.0003583642 0.0000173656 -0.0001251255 0.0000011820 -0.0000060803 0.0000440701 0.0367632131 0.0222566958 0.0000113684 0.0173271076 0.0000016212 0.0026651931
1403636965.30159 6.031897 -9.179830 -0.664706 -0.819399 -0.058839 -0.570017 0.014234 0.0003528723 0.0000165094 -0.0001318254 0.0000011135 -0.0000061852 0.0000496357 0.0364046491 0.0220801887 0.0000114624 0.0172492512 0.0000014790 0.0026654266
1403636965.35159 6.017521 -9.129475 -0.650651 -0.825719 -0.062540 -0.560362 0.016447 0.0003465998 0.0000160704 -0.0001387443 0.0000010858 -0.0000064509 0.0000559362 0.0360386699 0.0219040361 0.0000114388 0.0171738238 0.0000010823 0.0026653808
1403636965.40159 6.003192 -9.079378 -0.635036 -0.832100 -0.065049 -0.550494 0.018279 0.0003399465 0.0000152758 -0.0001454675 0.0000010272 -0.0000065552 0.0000626532 0.0356678346 0.0217332549 0.0000115027 0.0171090595 0.0000008820 0.0026655737
1403636965.45159 5.990071 -9.027972 -0.617144 -0.837239 -0.065756 -0.542468 0.020862 0.0003344839 0.0000133866 -0.0001506566 0.0000008774 -0.0000060480 0.0000682722 0.0353009786 0.0215651255 0.0000116352 0.0170469186 0.0000008119 0.0026658906
1403636965.50159 5.978840 -8.975763 -0.596422 -0.840131 -0.064182 -0.537979 0.025274 0.0003316375 0.0000097498 -0.0001533983 0.0000006289 -0.0000045269 0.0000713737 0.0349264353 0.0214017845 0.0000117680 0.0169950950 0.0000007445 0.0026662133
1403636965.55160 5.970620 -8.922795 -0.572580 -0.839274 -0.061990 -0.539362 0.029393 0.0003329438 0.0000064561 -0.0001524613 0.0000004683 -0.0000029721 0.0000702347 0.0345509782 0.0212478719 0.0000118798 0.0169568856 0.0000007039 0.0026665522
1403636965.60161 5.965469 -8.869789 -0.545289 -0.834526 -0.057834 -0.546792 0.035210 0.0003386154 0.0000016883 -0.0001475236 0.0000003523 -0.0000007491 0.0000646854 0.0341733327 0.0211031707 0.0000119629 0.0169327649 0.0000007031 0.0026669039
1403636965.65160 5.962655 -8.817332 -0.515684 -0.828062 -0.053957 -0.556562 0.040510 0.0003456105 -0.0000025842 -0.0001406972 0.0000003642 0.0000010402 0.0000576847 0.0337993009 0.0209672418 0.0000120335 0.0169196629 0.0000007274 0.0026672836
1403636965.70160 5.960678 -8.765164 -0.486538 -0.822326 -0.049027 -0.564998 0.046413 0.0003513586 -0.0000078332 -0.0001343667 0.0000005206 0.0000029856 0.0000517866 0.0334336049 0.0208377751 0.0000120567 0.0169124641 0.0000007976 0.0026676918
1403636965.75160 5.954184 -8.710748 -0.458372 -0.817747 -0.045227 -0.571576 0.050448 0.0003555529 -0.0000116353 -0.0001292587 0.0000007267 0.0000042213 0.0000473894 0.0330753154 0.0207121318 0.0000120578 0.0169060439 0.0000007326 0.0026679792
1403636965.80160 5.951663 -8.659578 -0.433092 -0.814105 -0.044390 -0.576862 0.049927 0.0003588475 -0.0000113937 -0.0001252590 0.0000007086 0.0000039682 0.0000441190 0.0327051142 0.0205620480 0.0000121139 0.0168740535 0.0000008580 0.0026684416
1403636965.85161 5.949108 -8.609083 -0.410109 -0.811644 -0.046241 -0.580558 0.045267 0.0003610683 -0.0000075085 -0.0001227258 0.0000005039 0.0000025417 0.0000421095 0.0323595323 0.0204335365 0.0000121876 0.0168608246 0.0000009945 0.0026689268
1403636965.90161 5.946126 -8.559705 -0.389328 -0.810325 -0.048506 -0.582614 0.039759 0.0003621987 -0.0000029846 -0.0001214453 0.0000003733 0.0000009887 0.0000411164 0.0320199140 0.0203050630 0.0000122878 0.0168455959 0.0000011557 0.0026694197
1403636965.95162 5.941784 -8.511409 -0.371334 -0.809756 -0.050498 -0.583532 0.035160 0.0003625851 0.0000008153 -0.0001209730 0.0000003509 -0.0000002855 0.0000407583 0.0316866114 0.0201778301 0.0000124533 0.0168285054 0.0000012129 0.0026698267
1403636966.00162 5.937621 -8.463970 -0.354851 -0.808898 -0.052397 -0.584820 0.030386 0.0003631401 0.0000047029 -0.0001201479 0.0000004103 -0.0000015710 0.0000401491 0.0313609075 0.0200476153 0.0000126033 0.0168050329 0.0000013801 0.0026701292
1403636966.05163 5.933462 -8.415876 -0.341318 -0.808269 -0.053795 -0.585745 0.026670 0.0003634842 0.0000076400 -0.0001195379 0.0000005100 -0.0000025278 0.0000397091 0.0310390891 0.0199193859 0.0000129040 0.0167818265 0.0000013903 0.0026702738
1403636966.10163 5.928945 -8.368049 -0.327606 -0.807772 -0.053716 -0.586509 0.025040 0.0003638712 0.0000086936 -0.0001189472 0.0000005586 -0.0000028576 0.0000392811 0.0307152964 0.0197885975 0.0000130583 0.0167583517 0.0000015082 0.0026707563
1403636966.15163 5.924017 -8.320462 -0.315500 -0.807272 -0.054023 -0.587272 0.022480 0.0003641723 0.0000104647 -0.0001183998 0.0000006528 -0.0000034187 0.0000388932 0.0303955660 0.0196581217 0.0000131718 0.0167340527 0.0000016526 0.0026711937
1403636966.20163 5.917511 -8.273452 -0.305869 -0.807349 -0.053383 -0.587242 0.022020 0.0003641428 0.0000104722 -0.0001184473 0.0000006546 -0.0000034231 0.0000389286 0.0300792420 0.0195261550 0.0000132818 0.0167066927 0.0000018046 0.0026716589
1403636966.25163 5.910074 -8.226818 -0.298154 -0.806394 -0.052503 -0.588635 0.021922 0.0003649779 0.0000102193 -0.0001173239 0.0000006410 -0.0000033018 0.0000381152 0.0297699785 0.0193916008 0.0000133627 0.0166726635 0.0000019581 0.0026721188
1403636966.30163 5.901524 -8.180354 -0.292263 -0.806357 -0.052092 -0.588759 0.020917 0.0003650053 0.0000106671 -0.0001172537 0.0000006679 -0.0000034438 0.0000380685 0.0294644092 0.0192552934 0.0000133915 0.0166346551 0.0000020681 0.0026724909
1403636966.35162 5.892694 -8.133734 -0.287950 -0.805813 -0.049399 -0.589648 0.023236 0.0003657208 0.0000080602 -0.0001164689 0.0000005352 -0.0000025833 0.0000374939 0.0291598753 0.0191154396 0.0000134525 0.0165915453 0.0000021680 0.0026728908
1403636966.40162 5.882912 -8.087412 -0.285856 -0.805711 -0.043541 -0.589922 0.030441 0.0003662539 0.0000009193 -0.0001159968 0.0000003602 -0.0000003048 0.0000371389 0.0288563131 0.0189740261 0.0000139506 0.0165433384 0.0000016646 0.0026723699
1403636966.45161 5.871505 -8.041076 -0.285108 -0.805519 -0.036671 -0.590164 0.038737 0.0003665277 -0.0000072611 -0.0001153920 0.0000005036 0.0000022749 0.0000367306 0.0285611697 0.0188322827 0.0000139648 0.0164936071 0.0000017641 0.0026727921
1403636966.50161 5.859791 -7.995967 -0.285885 -0.805176 -0.030438 -0.590456 0.046114 0.0003665629 -0.0000146314 -0.0001146493 0.0000009459 0.0000045675 0.0000362620 0.0282710353 0.0186877548 0.0000139324 0.0164375627 0.0000018481 0.0026731946
1403636966.55162 5.847157 -7.952817 -0.288824 -0.804987 -0.026309 -0.590574 0.050258 0.0003664125 -0.0000190390 -0.0001142260 0.0000013534 0.0000059277 0.0000360132 0.0279952679 0.0185473641 0.0000138751 0.0163801406 0.0000018713 0.0026735075
1403636966.60162 5.833948 -7.912777 -0.293414 -0.804706 -0.025280 -0.591055 0.049641 0.0003666557 -0.0000191030 -0.0001138716 0.0000013613 0.0000059251 0.0000357696 0.0277344589 0.0184093712 0.0000138114 0.0163181992 0.0000017540 0.0026736301
1403636966.65162 5.820263 -7.874035 -0.298567 -0.804850 -0.027177 -0.591182 0.044519 0.0003668798 -0.0000151010 -0.0001141556 0.0000009891 0.0000046898 0.0000359249 0.0274946516 0.0182766994 0.0000138528 0.0162520102 0.0000016085 0.0026737001
1403636966.70162 5.806437 -7.835503 -0.304469 -0.805565 -0.029927 -0.590513 0.038266 0.0003666009 -0.0000100282 -0.0001151219 0.0000006437 0.0000031385 0.0000365579 0.0272609469 0.0181444998 0.0000138738 0.0161843449 0.0000016420 0.0026739760
1403636966.75162 5.792019 -7.797655 -0.309376 -0.805360 -0.032616 -0.591005 0.032313 0.0003668855 -0.0000051092 -0.0001150461 0.0000004425 0.0000015897 0.0000364832 0.0270278210 0.0180125880 0.0000139071 0.0161168982 0.0000016602 0.0026742239
1403636966.80162 5.776915 -7.761669 -0.313156 -0.804943 -0.033229 -0.591674 0.029759 0.0003672378 -0.0000032151 -0.0001146160 0.0000004016 0.0000009903 0.0000361801 0.0267983080 0.0178802280 0.0000139488 0.0160468874 0.0000016645 0.0026744471
1403636966.85162 5.760236 -7.725219 -0.315085 -0.805038 -0.032428 -0.591599 0.029543 0.0003671885 -0.0000034550 -0.0001146892 0.0000004080 0.0000010658 0.0000362315 0.0265796608 0.0177488663 0.0000139968 0.0159724758 0.0000016726 0.0026746623
1403636966.90162 5.742698 -7.689195 -0.314939 -0.804946 -0.030854 -0.591765 0.030393 0.0003672811 -0.0000046956 -0.0001145199 0.0000004374 0.0000014510 0.0000361173 0.0263599650 0.0176141068 0.0000140205 0.0158935701 0.0000016284 0.0026747882
1403636966.95162 5.724640 -7.653748 -0.312533 -0.805008 -0.028517 -0.591669 0.032826 0.0003672243 -0.0000072624 -0.0001144768 0.0000005230 0.0000022513 0.0000360966 0.0261438442 0.0174772310 0.0000140627 0.0158096949 0.0000016393 0.0026750219
1403636967.00162 5.704335 -7.616025 -0.308628 -0.804873 -0.027870 -0.591898 0.032548 0.0003673372 -0.0000073485 -0.0001143147 0.0000005276 0.0000022737 0.0000359841 0.0259336075 0.0173418189 0.0000143428 0.0157234468 0.0000014418 0.0026748509
1403636967.05162 5.685012 -7.582248 -0.306371 -0.804777 -0.028378 -0.592119 0.030388 0.0003674691 -0.0000058066 -0.0001142208 0.0000004745 0.0000017911 0.0000359136 0.0257116245 0.0171942262 0.0000144073 0.0156269065 0.0000014736 0.0026751395
1403636967.10162 5.664906 -7.549392 -0.305526 -0.804909 -0.030107 -0.592007 0.027250 0.0003673898 -0.0000030773 -0.0001144501 0.0000004106 0.0000009438 0.0000360648 0.0255124902 0.0170591093 0.0000144686 0.0155362255 0.0000015046 0.0026754027
1403636967.15162 5.644083 -7.516886 -0.306468 -0.805013 -0.031381 -0.591929 0.024277 0.0003673032 -0.0000006572 -0.0001146233 0.0000003881 0.0000001892 0.0000361821 0.0253188956 0.0169239612 0.0000145272 0.0154423702 0.0000015342 0.0026756584
1403636967.20162 5.622182 -7.485140 -0.309041 -0.805050 -0.032122 -0.591905 0.022608 0.0003672531 0.0000007205 -0.0001147024 0.0000003901 -0.0000002418 0.0000362367 0.0251267792 0.0167874110 0.0000146026 0.0153450301 0.0000015106 0.0026758366
1403636967.25162 5.599967 -7.453545 -0.313302 -0.804988 -0.031722 -0.592021 0.022328 0.0003673228 0.0000007111 -0.0001146097 0.0000003919 -0.0000002388 0.0000361722 0.0249396286 0.0166497074 0.0000146843 0.0152428142 0.0000014439 0.0026759810
1403636967.30162 5.576955 -7.421813 -0.318618 -0.805191 -0.032310 -0.591776 0.020588 0.0003671426 0.0000020427 -0.0001148616 0.0000004039 -0.0000006567 0.0000363480 0.0247541525 0.0165122772 0.0000147353 0.0151409743 0.0000014710 0.0026762132
1403636967.35162 5.552416 -7.390392 -0.324117 -0.804649 -0.033022 -0.592531 0.018861 0.0003675138 0.0000034709 -0.0001142988 0.0000004271 -0.0000010979 0.0000359609 0.0245676889 0.0163718436 0.0000147564 0.0150350899 0.0000014775 0.0026764221
1403636967.40162 5.522658 -7.359493 -0.326062 -0.804401 -0.033312 -0.592888 0.017710 0.0003676691 0.0000043887 -0.0001140425 0.0000004469 -0.0000013801 0.0000357838 0.0243814035 0.0162285780 0.0000153643 0.0149186700 0.0000011806 0.0026759052
1403636967.45162 5.497770 -7.327639 -0.327524 -0.804364 -0.033275 -0.592965 0.016841 0.0003677124 0.0000048360 -0.0001139692 0.0000004601 -0.0000015179 0.0000357348 0.0242003739 0.0160715192 0.0000154510 0.0147848060 0.0000012013 0.0026761499
1403636967.50162 5.471717 -7.295862 -0.327081 -0.804020 -0.032318 -0.593457 0.017770 0.0003680342 0.0000038510 -0.0001135444 0.0000004386 -0.0000012069 0.0000354415 0.0240140652 0.0159261611 0.0000154996 0.0146715664 0.0000012035 0.0026763678
1403636967.55162 5.444562 -7.264457 -0.324410 -0.803838 -0.032604 -0.593733 0.016218 0.0003681431 0.0000049513 -0.0001133495 0.0000004668 -0.0000015438 0.0000353115 0.0238317374 0.0157795225 0.0000155622 0.0145541305 0.0000012081 0.0026765981
1403636967.60162 5.414907 -7.230807 -0.320150 -0.803626 -0.032530 -0.594046 0.015400 0.0003682940 0.0000054166 -0.0001131131 0.0000004811 -0.0000016832 0.0000351517 0.0236495436 0.0156279863 0.0000156786 0.0144287798 0.0000011393 0.0026766971
1403636967.65162 5.385522 -7.199152 -0.316410 -0.803706 -0.032499 -0.593962 0.014445 0.0003682249 0.0000060048 -0.0001131925 0.0000005012 -0.0000018657 0.0000352077 0.0234546415 0.0154672695 0.0000157584 0.0142974218 0.0000011571 0.0026769509
1403636967.70162 5.355110 -7.167353 -0.315462 -0.803949 -0.032679 -0.593656 0.013093 0.0003680073 0.0000069135 -0.0001134675 0.0000005350 -0.0000021519 0.0000353983 0.0232724262 0.0153125958 0.0000158305 0.0141680418 0.0000011818 0.0026771932
1403636967.75162 5.324559 -7.135228 -0.318272 -0.803696 -0.032297 -0.594020 0.012994 0.0003682213 0.0000068164 -0.0001131666 0.0000005330 -0.0000021152 0.0000351931 0.0230893683 0.0151573001 0.0000158830 0.0140382668 0.0000012086 0.0026774396
1403636967.80162 5.293287 -7.102972 -0.325542 -0.803644 -0.031978 -0.594106 0.013097 0.0003682822 0.0000066072 -0.0001130964 0.0000005270 -0.0000020493 0.0000351448 0.0229059789 0.0149997335 0.0000159178 0.0139053375 0.0000012401 0.0026776793
1403636967.85162 5.261166 -7.071398 -0.336643 -0.803459 -0.031886 -0.594358 0.013213 0.0003684334 0.0000065258 -0.0001128848 0.0000005256 -0.0000020197 0.0000350011 0.0227226054 0.0148404960 0.0000159323 0.0137693612 0.0000012195 0.0026778717
1403636967.90162 5.227398 -7.039388 -0.350232 -0.802964 -0.031987 -0.595032 0.012744 0.0003687910 0.0000068873 -0.0001123400 0.0000005401 -0.0000021184 0.0000346349 0.0225442171 0.0146810979 0.0000159245 0.0136310281 0.0000012375 0.0026780955
1403636967.95162 5.193352 -7.007321 -0.365751 -0.802555 -0.032339 -0.595570 0.012482 0.0003690828 0.0000072348 -0.0001118894 0.0000005545 -0.0000022140 0.0000343343 0.0223642556 0.0145181409 0.0000158906 0.0134882747 0.0000012509 0.0026783041
1403636968.00162 5.159552 -6.979201 -0.382080 -0.802637 -0.031885 -0.595473 0.013055 0.0003690631 0.0000067121 -0.0001119504 0.0000005354 -0.0000020567 0.0000343723 0.0221845444 0.0143554066 0.0000162286 0.0133417969 0.0000010632 0.0026781412
1403636968.05162 5.124182 -6.946956 -0.400425 -0.802660 -0.032189 -0.595421 0.013231 0.0003690385 0.0000066934 -0.0001119938 0.0000005362 -0.0000020520 0.0000344014 0.0220287020 0.0142020483 0.0000162334 0.0132002783 0.0000010653 0.0026783234
1403636968.10162 5.088042 -6.914706 -0.419104 -0.801823 -0.031257 -0.596550 0.015208 0.0003697486 0.0000050798 -0.0001110168 0.0000004857 -0.0000015453 0.0000337465 0.0218505939 0.0140363686 0.0000162124 0.0130528701 0.0000010486 0.0026785090
1403636968.15162 5.050685 -6.882626 -0.437954 -0.802143 -0.029949 -0.596134 0.017156 0.0003695937 0.0000032554 -0.0001113240 0.0000004457 -0.0000010001 0.0000339458 0.0216749224 0.0138691411 0.0000161990 0.0129020330 0.0000010254 0.0026786969
1403636968.20162 5.011089 -6.849733 -0.455384 -0.802488 -0.029375 -0.595671 0.018070 0.0003693715 0.0000024300 -0.0001116830 0.0000004336 -0.0000007541 0.0000341830 0.0215003109 0.0136999643 0.0000161891 0.0127474931 0.0000009086 0.0026788095
1403636968.25162 4.971856 -6.818117 -0.470787 -0.802952 -0.029948 -0.595045 0.017104 0.0003689956 0.0000032440 -0.0001122289 0.0000004475 -0.0000010063 0.0000345494 0.0213235610 0.0135244385 0.0000162066 0.0125855190 0.0000008741 0.0026790260
1403636968.30162 4.931706 -6.787620 -0.484280 -0.803361 -0.029522 -0.594489 0.017956 0.0003687155 0.0000024987 -0.0001126684 0.0000004372 -0.0000007829 0.0000348441 0.0211528056 0.0133511961 0.0000162220 0.0124239212 0.0000008254 0.0026792385
1403636968.35162 4.890321 -6.756000 -0.495563 -0.804072 -0.029807 -0.593527 0.017459 0.0003681678 0.0000029077 -0.0001134697 0.0000004445 -0.0000009156 0.0000353885 0.0209900770 0.0131821312 0.0000162392 0.0122645243 0.0000007731 0.0026794527
1403636968.40162 4.848135 -6.724697 -0.504843 -0.804424 -0.029558 -0.593054 0.017779 0.0003679216 0.0000025801 -0.0001138414 0.0000004406 -0.0000008176 0.0000356421 0.0208212851 0.0130066832 0.0000162441 0.0120993079 0.0000007105 0.0026796665
1403636968.45162 4.805735 -6.693435 -0.512375 -0.804935 -0.029019 -0.592373 0.018214 0.0003675478 0.0000020401 -0.0001143993 0.0000004350 -0.0000006540 0.0000360252 0.0206551621 0.0128338095 0.0000162759 0.0119364468 0.0000006298 0.0026798845
1403636968.50162 4.762192 -6.661980 -0.517956 -0.805257 -0.028571 -0.591948 0.018509 0.0003673178 0.0000016358 -0.0001147415 0.0000004322 -0.0000005298 0.0000362616 0.0204902461 0.0126589408 0.0000163115 0.0117708767 0.0000005664 0.0026801203
1403636968.55162 4.718131 -6.630368 -0.521258 -0.805143 -0.028328 -0.592106 0.018785 0.0003674219 0.0000013553 -0.0001145983 0.0000004311 -0.0000004413 0.0000361624 0.0203243168 0.0124822948 0.0000163469 0.0116037003 0.0000005104 0.0026803784
1403636968.60162 4.675702 -6.597053 -0.524006 -0.805103 -0.029638 -0.592163 0.016560 0.0003673927 0.0000033270 -0.0001145990 0.0000004574 -0.0000010570 0.0000361656 0.0201575877 0.0123078426 0.0000165411 0.0114381576 0.0000003662 0.0026804933
1403636968.65162 4.631460 -6.565781 -0.523950 -0.805313 -0.032070 -0.591849 0.012493 0.0003670552 0.0000069432 -0.0001149275 0.0000005601 -0.0000021941 0.0000364049 0.0199840704 0.0121346947 0.0000165939 0.0112805070 0.0000003077 0.0026807647
1403636968.70162 4.586526 -6.534225 -0.523305 -0.805287 -0.033429 -0.591851 0.010398 0.0003669544 0.0000088568 -0.0001149446 0.0000006439 -0.0000027949 0.0000364261 0.0198200187 0.0119588720 0.0000166336 0.0111147431 0.0000002521 0.0026810333
1403636968.75162 4.541166 -6.502384 -0.523315 -0.805491 -0.035551 -0.591495 0.007386 0.0003665693 0.0000116699 -0.0001152493 0.0000008032 -0.0000036903 0.0000366562 0.0196546125 0.0117833763 0.0000166795 0.0109505537 0.0000002032 0.0026813170
1403636968.80162 4.496085 -6.468202 -0.524460 -0.805462 -0.036085 -0.591516 0.006103 0.0003665156 0.0000127023 -0.0001152191 0.0000008729 -0.0000040147 0.0000366430 0.0194871373 0.0116076783 0.0000167331 0.0107871617 0.0000001356 0.0026815675
1403636968.85162 4.449662 -6.434985 -0.526215 -0.805375 -0.036248 -0.591631 0.005566 0.0003665383 0.0000131167 -0.0001151437 0.0000009035 -0.0000041419 0.0000365940 0.0193074483 0.0114287362 0.0000167864 0.0106259656 0.0000001019 0.0026818772
1403636968.90162 4.403027 -6.402117 -0.526696 -0.805615 -0.033621 -0.591422 0.008648 0.0003666381 0.0000100052 -0.0001153167 0.0000007081 -0.0000031671 0.0000366935 0.0191341579 0.0112484148 0.0000168256 0.0104601933 0.0000000763 0.0026821855
1403636968.95162 4.355715 -6.367751 -0.525345 -0.805721 -0.032780 -0.591309 0.009647 0.0003666348 0.0000090043 -0.0001154070 0.0000006574 -0.0000028540 0.0000367514 0.0189645360 0.0110721090 0.0000168691 0.0102987214 0.0000000526 0.0026824995
1403636969.00162 4.308191 -6.333110 -0.522243 -0.805996 -0.031818 -0.590964 0.010891 0.0003665035 0.0000077828 -0.0001156862 0.0000006027 -0.0000024757 0.0000369412 0.0187887526 0.0108927127 0.0000169001 0.0101364346 0.0000000353 0.0026828295
1403636969.05162 4.259352 -6.298481 -0.517272 -0.805536 -0.030472 -0.591627 0.012714 0.0003669678 0.0000060700 -0.0001151285 0.0000005390 -0.0000019225 0.0000365443 0.0186132638 0.0107112755 0.0000169331 0.0099715035 0.0000000227 0.0026831623
1403636969.10162 4.209671 -6.263747 -0.511368 -0.806385 -0.028369 -0.590501 0.015720 0.0003664354 0.0000032183 -0.0001160054 0.0000004680 -0.0000010359 0.0000371512 0.0184392669 0.0105288096 0.0000169869 0.0098051266 0.0000000117 0.0026835101
1403636969.15162 4.159456 -6.229159 -0.504713 -0.808381 -0.027571 -0.587776 0.016717 0.0003648870 0.0000021455 -0.0001181994 0.0000004536 -0.0000007115 0.0000387177 0.0182678861 0.0103467395 0.0000170180 0.0096389146 0.0000000139 0.0026838684
1403636969.20162 4.106434 -6.194559 -0.496323 -0.811124 -0.027127 -0.583995 0.017071 0.0003626492 0.0000016141 -0.0001212335 0.0000004491 -0.0000005558 0.0000409601 0.0180978493 0.0101650866 0.0000170465 0.0094723224 -0.0000000237 0.0026841549
1403636969.25162 4.055248 -6.160276 -0.486986 -0.814508 -0.026050 -0.579275 0.018389 0.0003598404 0.0000001680 -0.0001248857 0.0000004434 -0.0000000737 0.0000437788 0.0179293814 0.0099776643 0.0000170877 0.0092991408 -0.0000000104 0.0026845496
1403636969.30162 4.003777 -6.126724 -0.475250 -0.817706 -0.025765 -0.574771 0.018207 0.0003570449 0.0000000153 -0.0001283467 0.0000004447 -0.0000000205 0.0000465770 0.0177644815 0.0097980902 0.0000171158 0.0091355105 0.0000000049 0.0026849311
1403636969.35162 3.952441 -6.093284 -0.462492 -0.820163 -0.025970 -0.571271 0.017515 0.0003548140 0.0000004316 -0.0001309999 0.0000004466 -0.0000001743 0.0000488101 0.0176023081 0.0096207513 0.0000171297 0.0089743580 0.0000000227 0.0026853224
1403636969.40162 3.901451 -6.059422 -0.447714 -0.822104 -0.026328 -0.568498 0.016198 0.0003530007 0.0000013130 -0.0001330842 0.0000004521 -0.0000005101 0.0000506209 0.0174413761 0.0094467140 0.0000171619 0.0088173341 0.0000000461 0.0026856795
1403636969.45162 3.852229 -6.026229 -0.432929 -0.823473 -0.026290 -0.566533 0.015523 0.0003517167 0.0000016611 -0.0001345274 0.0000004565 -0.0000006502 0.0000519047 0.0172797425 0.0092741707 0.0000171612 0.0086634698 0.0000000876 0.0026860957
1403636969.50162 3.803373 -5.993582 -0.419483 -0.824694 -0.026406 -0.564778 0.014448 0.0003505325 0.0000023287 -0.0001358275 0.0000004654 -0.0000009172 0.0000530836 0.0171224164 0.0091088612 0.0000171088 0.0085176240 0.0000001284 0.0026864900
1403636969.55162 3.756827 -5.961848 -0.406807 -0.825506 -0.026252 -0.563613 0.013824 0.0003497593 0.0000026195 -0.0001366657 0.0000004704 -0.0000010381 0.0000538547 0.0169680673 0.0089466014 0.0000170215 0.0083745852 0.0000002094 0.0026868530
1403636969.60162 3.710836 -5.929044 -0.395633 -0.826261 -0.025741 -0.562537 0.013494 0.0003490427 0.0000025681 -0.0001374405 0.0000004711 -0.0000010254 0.0000545745 0.0168191281 0.0087917047 0.0000169649 0.0082398293 0.0000002752 0.0026872772
1403636969.65162 3.666320 -5.896193 -0.385679 -0.826095 -0.025339 -0.562806 0.013211 0.0003492232 0.0000025827 -0.0001372488 0.0000004726 -0.0000010289 0.0000543962 0.0166654774 0.0086380240 0.0000168860 0.0081086578 0.0000003392 0.0026876945
1403636969.70163 3.622630 -5.863197 -0.377372 -0.826045 -0.024965 -0.562900 0.013011 0.0003492821 0.0000025503 -0.0001371882 0.0000004734 -0.0000010152 0.0000543402 0.0165123518 0.0084889175 0.0000167998 0.0079837457 0.0000004190 0.0026881384
1403636969.75163 3.579933 -5.829685 -0.370478 -0.825649 -0.024411 -0.563505 0.013037 0.0003496897 0.0000023165 -0.0001367554 0.0000004714 -0.0000009190 0.0000539388 0.0163597134 0.0083428297 0.0000166997 0.0078628190 0.0000005055 0.0026885868
1403636969.80163 3.539973 -5.799852 -0.363512 -0.826136 -0.024950 -0.562787 0.012127 0.0003491941 0.0000031128 -0.0001372592 0.0000004823 -0.0000012368 0.0000544108 0.0162016669 0.0081988930 0.0000163753 0.0077429666 0.0000006367 0.0026886541
1403636969.85163 3.498897 -5.766094 -0.359536 -0.826595 -0.024511 -0.562132 0.012146 0.0003487392 0.0000028630 -0.0001377540 0.0000004796 -0.0000011436 0.0000548730 0.0160659105 0.0080682767 0.0000163336 0.0076354359 0.0000007189 0.0026891164
1403636969.90163 3.459019 -5.732468 -0.357070 -0.826280 -0.024102 -0.562603 0.012565 0.0003490681 0.0000024492 -0.0001374128 0.0000004747 -0.0000009764 0.0000545535 0.0159130323 0.0079307472 0.0000162657 0.0075261674 0.0000007978 0.0026896020
1403636969.95163 3.420278 -5.699080 -0.356223 -0.825399 -0.024372 -0.563888 0.012352 0.0003499151 0.0000027362 -0.0001364966 0.0000004804 -0.0000010794 0.0000537053 0.0157613367 0.0077968385 0.0000161942 0.0074211515 0.0000008793 0.0026900932
1403636970.00163 3.383032 -5.665532 -0.356780 -0.823541 -0.023359 -0.566602 0.014050 0.0003517439 0.0000013320 -0.0001345088 0.0000004653 -0.0000005205 0.0000518956 0.0156107619 0.0076665942 0.0000161102 0.0073203990 0.0000009584 0.0026905500
1403636970.05163 3.346635 -5.632153 -0.358301 -0.820048 -0.023670 -0.571632 0.014096 0.0003549929 0.0000015770 -0.0001307970 0.0000004686 -0.0000005920 0.0000486476 0.0154616951 0.0075405067 0.0000160075 0.0072243182 0.0000010369 0.0026910307
1403636970.10162 3.311087 -5.599863 -0.361427 -0.817333 -0.024476 -0.575482 0.013694 0.0003574112 0.0000022830 -0.0001279028 0.0000004775 -0.0000008280 0.0000462244 0.0153139367 0.0074163110 0.0000158976 0.0071301232 0.0000011036 0.0026914970
1403636970.15162 3.276269 -5.566538 -0.365100 -0.814358 -0.025102 -0.579671 0.013155 0.0003599929 0.0000030182 -0.0001246834 0.0000004895 -0.0000010563 0.0000436348 0.0151718636 0.0072958168 0.0000158032 0.0070386709 0.0000011713 0.0026919611
1403636970.20162 3.241800 -5.533249 -0.369084 -0.812614 -0.024963 -0.582107 0.013644 0.0003614941 0.0000027289 -0.0001227650 0.0000004861 -0.0000009374 0.0000421413 0.0150263207 0.0071760303 0.0000156963 0.0069494741 0.0000012197 0.0026924416
1403636970.25163 3.207282 -5.500209 -0.372797 -0.810320 -0.025450 -0.585274 0.013713 0.0003633879 0.0000029958 -0.0001202583 0.0000004913 -0.0000010020 0.0000402461 0.0148813397 0.0070579372 0.0000155992 0.0068620564 0.0000012356 0.0026928864
1403636970.30163 3.172514 -5.467270 -0.377083 -0.811192 -0.025521 -0.584057 0.013870 0.0003626707 0.0000028884 -0.0001212205 0.0000004906 -0.0000009758 0.0000409673 0.0147390584 0.0069404917 0.0000154806 0.0067745262 0.0000012491 0.0026932955
1403636970.35163 3.137808 -5.434026 -0.381513 -0.812524 -0.025189 -0.582198 0.014679 0.0003615803 0.0000021844 -0.0001226710 0.0000004819 -0.0000007511 0.0000420702 0.0145977348 0.0068234072 0.0000154215 0.0066875276 0.0000012292 0.0026937295
1403636970.40163 3.104068 -5.401579 -0.386743 -0.815727 -0.025539 -0.577701 0.014084 0.0003588115 0.0000025696 -0.0001261833 0.0000004864 -0.0000009137 0.0000448315 0.0144532771 0.0067083565 0.0000154625 0.0066011063 0.0000010778 0.0026936831
1403636970.45163 3.069708 -5.369181 -0.390446 -0.818834 -0.025815 -0.573269 0.014408 0.0003560580 0.0000023661 -0.0001295399 0.0000004848 -0.0000008706 0.0000475900 0.0143141364 0.0065980146 0.0000155564 0.0065205318 0.0000010162 0.0026940387
1403636970.50163 3.035795 -5.336392 -0.393697 -0.821493 -0.025261 -0.569453 0.015313 0.0003536462 0.0000014466 -0.0001323732 0.0000004762 -0.0000005507 0.0000500142 0.0141780517 0.0064869434 0.0000155961 0.0064393564 0.0000009694 0.0026944620
1403636970.55163 3.002556 -5.303277 -0.396508 -0.824044 -0.025641 -0.565741 0.015185 0.0003512364 0.0000015780 -0.0001350871 0.0000004786 -0.0000006161 0.0000524252 0.0140405599 0.0063776455 0.0000156309 0.0063607815 0.0000009077 0.0026948620
1403636970.60163 2.970614 -5.270328 -0.397866 -0.826261 -0.026117 -0.562471 0.015375 0.0003490849 0.0000015678 -0.0001374305 0.0000004795 -0.0000006262 0.0000545790 0.0139021283 0.0062705855 0.0000156645 0.0062851380 0.0000008256 0.0026952261
1403636970.65163 2.939495 -5.237025 -0.396893 -0.828152 -0.026889 -0.559655 0.015091 0.0003471981 0.0000019835 -0.0001394205 0.0000004848 -0.0000008055 0.0000564637 0.0137653472 0.0061671392 0.0000156775 0.0062131111 0.0000007501 0.0026955810
1403636970.70164 2.907060 -5.206896 -0.392452 -0.830299 -0.027784 -0.556421 0.015069 0.0003449856 0.0000023074 -0.0001416489 0.0000004772 -0.0000009513 0.0000586375 0.0136167686 0.0060725152 0.0000160839 0.0061319739 -0.0000000710 0.0026932405
1403636970.75164 2.878999 -5.173382 -0.387425 -0.832381 -0.027646 -0.553282 0.016021 0.0003428356 0.0000015237 -0.0001437998 0.0000004695 -0.0000006421 0.0000607974 0.0134928972 0.0059743844 0.0000161812 0.0060617976 -0.0000001484 0.0026935873
1403636970.80164 2.852535 -5.139700 -0.381146 -0.834194 -0.028567 -0.550509 0.015610 0.0003408939 0.0000020680 -0.0001456717 0.0000004762 -0.0000008865 0.0000627347 0.0133564324 0.0058824161 0.0000162608 0.0060024532 -0.0000002289 0.0026939467
1403636970.85164 2.827981 -5.105614 -0.375518 -0.837014 -0.029353 -0.546181 0.015244 0.0003378357 0.0000024730 -0.0001485248 0.0000004825 -0.0000010899 0.0000657884 0.0132191543 0.0057939165 0.0000162994 0.0059472123 -0.0000003150 0.0026943002
1403636970.90164 2.805839 -5.071674 -0.370771 -0.839367 -0.029283 -0.542544 0.015874 0.0003352687 0.0000019492 -0.0001508433 0.0000004770 -0.0000008790 0.0000683639 0.0130811723 0.0057103264 0.0000163661 0.0058978555 -0.0000003888 0.0026946873
1403636970.95164 2.786058 -5.037512 -0.367235 -0.841050 -0.028544 -0.539926 0.017315 0.0003334263 0.0000006885 -0.0001524646 0.0000004682 -0.0000003158 0.0000702180 0.0129453587 0.0056328391 0.0000164094 0.0058546286 -0.0000004582 0.0026950774
1403636971.00164 2.769697 -5.002979 -0.364220 -0.841057 -0.026728 -0.539904 0.020297 0.0003334919 -0.0000018657 -0.0001523980 0.0000004779 0.0000008533 0.0000701447 0.0128089501 0.0055605848 0.0000162472 0.0058170923 -0.0000005118 0.0026953966
1403636971.05164 2.755050 -4.968767 -0.363006 -0.839938 -0.023869 -0.541603 0.024500 0.0003347498 -0.0000055448 -0.0001512121 0.0000005605 0.0000025079 0.0000688067 0.0126733106 0.0054955175 0.0000162409 0.0057872075 -0.0000005699 0.0026957713
1403636971.10164 2.742332 -4.935010 -0.362960 -0.837442 -0.020287 -0.545353 0.029469 0.0003374070 -0.0000099622 -0.0001486047 0.0000007642 0.0000043936 0.0000659489 0.0125409529 0.0054341030 0.0000161933 0.0057607537 -0.0000006160 0.0026961588
1403636971.15164 2.729288 -4.901671 -0.366381 -0.834225 -0.017336 -0.550098 0.034072 0.0003406083 -0.0000139269 -0.0001452946 0.0000010401 0.0000059493 0.0000624735 0.0124121692 0.0053771081 0.0000159053 0.0057380349 -0.0000006233 0.0026963413
1403636971.20164 2.720397 -4.869024 -0.369451 -0.831165 -0.012760 -0.554400 0.040525 0.0003433516 -0.0000197162 -0.0001419405 0.0000016047 0.0000081621 0.0000591689 0.0122864478 0.0053195483 0.0000157268 0.0057138683 -0.0000006627 0.0026967298
1403636971.25164 2.712802 -4.837327 -0.373789 -0.827888 -0.008815 -0.558950 0.045808 0.0003460916 -0.0000245650 -0.0001383825 0.0000022180 0.0000098361 0.0000558189 0.0121668412 0.0052711030 0.0000155218 0.0056980517 -0.0000007045 0.0026970824
1403636971.30165 2.707641 -4.804566 -0.380393 -0.824847 -0.004875 -0.563015 0.051165 0.0003483042 -0.0000295098 -0.0001350379 0.0000029712 0.0000114598 0.0000528356 0.0120491946 0.0052277984 0.0000150435 0.0056794008 -0.0000007107 0.0026955418
1403636971.35165 2.702014 -4.776857 -0.387598 -0.822996 -0.001583 -0.565279 0.055991 0.0003493106 -0.0000338146 -0.0001329178 0.0000037465 0.0000128882 0.0000510570 0.0119319705 0.0051865479 0.0000150162 0.0056706312 -0.0000007759 0.0026957204
1403636971.40164 2.696904 -4.750987 -0.395628 -0.821624 0.000041 -0.567011 0.058581 0.0003501471 -0.0000360891 -0.0001313811 0.0000041943 0.0000135641 0.0000497754 0.0118360956 0.0051499287 0.0000150112 0.0056603580 -0.0000008628 0.0026958338
1403636971.45164 2.692563 -4.727784 -0.404820 -0.820748 -0.000334 -0.568342 0.057961 0.0003510806 -0.0000355481 -0.0001304695 0.0000040746 0.0000132338 0.0000489641 0.0117474413 0.0051163250 0.0000149918 0.0056512469 -0.0000009734 0.0026959081
1403636971.50164 2.689362 -4.707444 -0.415447 -0.821104 -0.002429 -0.568073 0.055451 0.0003512312 -0.0000331294 -0.0001309360 0.0000036003 0.0000123734 0.0000492920 0.0116689870 0.0050869783 0.0000149436 0.0056437283 -0.0000010996 0.0026959782
1403636971.55164 2.686451 -4.689363 -0.426918 -0.820451 -0.004949 -0.569288 0.052409 0.0003523648 -0.0000301868 -0.0001303507 0.0000030615 0.0000111894 0.0000487012 0.0116012160 0.0050627531 0.0000148936 0.0056384765 -0.0000012352 0.0026960248
1403636971.60164 2.684809 -4.673349 -0.438495 -0.818804 -0.008700 -0.572053 0.047324 0.0003546077 -0.0000254397 -0.0001287468 0.0000022999 0.0000092571 0.0000472232 0.0115413973 0.0050413488 0.0000147933 0.0056336174 -0.0000014132 0.0026959737
1403636971.65164 2.683153 -4.659586 -0.452327 -0.816496 -0.012904 -0.575696 0.041728 0.0003572913 -0.0000201326 -0.0001264560 0.0000016092 0.0000071443 0.0000452344 0.0114883036 0.0050238210 0.0000147749 0.0056311506 -0.0000015869 0.0026959872
1403636971.70164 2.681133 -4.646439 -0.466599 -0.814444 -0.017436 -0.578862 0.036005 0.0003595590 -0.0000145540 -0.0001243994 0.0000010639 0.0000050523 0.0000435164 0.0114424803 0.0050079902 0.0000146626 0.0056286005 -0.0000017655 0.0026960616
1403636971.75164 2.680016 -4.634798 -0.482184 -0.812123 -0.020138 -0.582202 0.033045 0.0003617065 -0.0000114608 -0.0001219599 0.0000008382 0.0000038806 0.0000415980 0.0113973488 0.0049911507 0.0000145516 0.0056243484 -0.0000020527 0.0026960326
1403636971.80164 2.677510 -4.619231 -0.494416 -0.810113 -0.020550 -0.585001 0.032692 0.0003634231 -0.0000109519 -0.0001197186 0.0000008047 0.0000036249 0.0000399113 0.0113573010 0.0049776658 0.0000142771 0.0056206981 -0.0000027148 0.0026955435
1403636971.85164 2.673752 -4.607799 -0.511323 -0.808593 -0.021221 -0.587077 0.032674 0.0003646158 -0.0000106283 -0.0001181238 0.0000007856 0.0000034608 0.0000387418 0.0113019502 0.0049569211 0.0000142210 0.0056153329 -0.0000029364 0.0026956157
1403636971.90164 2.669371 -4.597868 -0.526659 -0.807945 -0.021690 -0.587950 0.032700 0.0003651341 -0.0000103974 -0.0001174213 0.0000007726 0.0000033617 0.0000382331 0.0112623123 0.0049377931 0.0000140700 0.0056031678 -0.0000028052 0.0026954615
1403636971.95164 2.668025 -4.595386 -0.536966 -0.808008 -0.021859 -0.587835 0.033103 0.0003650999 -0.0000104912 -0.0001174558 0.0000007783 0.0000033944 0.0000382584 0.0112278876 0.0049197939 0.0000136544 0.0055899135 -0.0000023966 0.0026952034
1403636972.00164 2.663333 -4.587043 -0.548564 -0.808193 -0.022570 -0.587563 0.032946 0.0003649354 -0.0000101560 -0.0001177146 0.0000007609 0.0000032955 0.0000384433 0.0112221956 0.0049160115 0.0000136527 0.0055872036 -0.0000025081 0.0026951742
1403636972.05164 2.657826 -4.579503 -0.557847 -0.807849 -0.022920 -0.588041 0.032599 0.0003652149 -0.0000097824 -0.0001173580 0.0000007413 0.0000031634 0.0000381851 0.0111948665 0.0048991883 0.0000136462 0.0055766309 -0.0000026095 0.0026951758
1403636972.10164 2.650826 -4.572862 -0.566265 -0.808188 -0.023592 -0.587607 0.031515 0.0003649806 -0.0000088231 -0.0001177586 0.0000006936 0.0000028667 0.0000384684 0.0111703279 0.0048786172 0.0000136422 0.0055608027 -0.0000026981 0.0026951846
1403636972.15164 2.643343 -4.566909 -0.573266 -0.809193 -0.023414 -0.586244 0.031262 0.0003641819 -0.0000087697 -0.0001188609 0.0000006926 0.0000028827 0.0000392697 0.0111480080 0.0048582987 0.0000136531 0.0055445389 -0.0000027759 0.0026951990
1403636972.20164 2.635277 -4.561105 -0.578709 -0.811419 -0.021652 -0.583078 0.033920 0.0003622507 -0.0000112936 -0.0001212458 0.0000008349 0.0000038019 0.0000410605 0.0111278619 0.0048375439 0.0000136673 0.0055271334 -0.0000028663 0.0026952236
1403636972.25164 2.626644 -4.557120 -0.582321 -0.814000 -0.020096 -0.579396 0.036060 0.0003599567 -0.0000133946 -0.0001240131 0.0000009826 0.0000046381 0.0000432085 0.0111092372 0.0048166817 0.0000136849 0.0055090787 -0.0000029296 0.0026952517
1403636972.30164 2.618228 -4.553349 -0.584292 -0.816662 -0.019080 -0.575600 0.037206 0.0003575676 -0.0000146346 -0.0001268624 0.0000010844 0.0000052168 0.0000454970 0.0110981828 0.0047982107 0.0000137127 0.0054913426 -0.0000029893 0.0026952735
1403636972.35164 2.610860 -4.550313 -0.584164 -0.818236 -0.019939 -0.573426 0.035715 0.0003562471 -0.0000133924 -0.0001286007 0.0000009897 0.0000048591 0.0000469133 0.0110883071 0.0047820972 0.0000137464 0.0054760444 -0.0000030697 0.0026952985
1403636972.40164 2.605373 -4.548032 -0.581480 -0.819054 -0.020157 -0.572298 0.034928 0.0003555415 -0.0000128318 -0.0001294976 0.0000009501 0.0000046985 0.0000476582 0.0110798394 0.0047688093 0.0000137810 0.0054634914 -0.0000031065 0.0026952799
1403636972.45165 2.599495 -4.546725 -0.576442 -0.819301 -0.021358 -0.572023 0.032864 0.0003554124 -0.0000110469 -0.0001298131 0.0000008310 0.0000040593 0.0000479065 0.0110739332 0.0047578891 0.0000138111 0.0054528443 -0.0000031495 0.0026952553
1403636972.50165 2.593931 -4.545950 -0.569906 -0.818309 -0.022213 -0.573490 0.031401 0.0003563637 -0.0000097371 -0.0001287827 0.0000007542 0.0000035431 0.0000470317 0.0110713345 0.0047469105 0.0000138252 0.0054409869 -0.0000031468 0.0026951900
1403636972.55165 2.588914 -4.549541 -0.559640 -0.817470 -0.022543 -0.574718 0.030562 0.0003571300 -0.0000089591 -0.0001279085 0.0000007123 0.0000032335 0.0000463002 0.0110689550 0.0047394883 0.0000136390 0.0054318497 -0.0000027485 0.0026947953
1403636972.60165 2.584425 -4.549297 -0.550058 -0.816684 -0.023411 -0.575899 0.028618 0.0003578781 -0.0000074417 -0.0001270898 0.0000006427 0.0000026672 0.0000456205 0.0110832525 0.0047343226 0.0000136998 0.0054211974 -0.0000027620 0.0026946732
1403636972.65165 2.579711 -4.549690 -0.539807 -0.815184 -0.025058 -0.578090 0.025681 0.0003592392 -0.0000048409 -0.0001255241 0.0000005535 0.0000017154 0.0000443470 0.0110841937 0.0047259926 0.0000137551 0.0054112568 -0.0000027724 0.0026945392
1403636972.70165 2.575047 -4.550268 -0.530864 -0.814797 -0.025103 -0.578667 0.024879 0.0003595893 -0.0000043068 -0.0001250997 0.0000005401 0.0000015226 0.0000440081 0.0110856475 0.0047177769 0.0000138069 0.0054012859 -0.0000027773 0.0026943943
1403636972.75165 2.570606 -4.550920 -0.523555 -0.814776 -0.025391 -0.578729 0.023817 0.0003596170 -0.0000035309 -0.0001250855 0.0000005235 0.0000012528 0.0000439951 0.0110879536 0.0047099051 0.0000138481 0.0053914495 -0.0000027814 0.0026942497
1403636972.80165 2.566435 -4.551476 -0.517758 -0.814751 -0.024932 -0.578774 0.024055 0.0003596431 -0.0000038839 -0.0001250383 0.0000005311 0.0000013758 0.0000439591 0.0110898688 0.0047025313 0.0000138925 0.0053823171 -0.0000027765 0.0026941073
1403636972.85165 2.562094 -4.552256 -0.513616 -0.815012 -0.024721 -0.578423 0.023893 0.0003594182 -0.0000038888 -0.0001253173 0.0000005315 0.0000013820 0.0000441811 0.0110920084 0.0046955315 0.0000139336 0.0053735565 -0.0000027662 0.0026939672
1403636972.90165 2.557485 -4.553277 -0.510755 -0.815116 -0.024341 -0.578340 0.022723 0.0003593469 -0.0000033321 -0.0001254188 0.0000005204 0.0000011895 0.0000442609 0.0110952945 0.0046884328 0.0000139737 0.0053643496 -0.0000027498 0.0026938291
1403636972.95165 2.552480 -4.554652 -0.509750 -0.816093 -0.022004 -0.577106 0.021372 0.0003585460 -0.0000035562 -0.0001264077 0.0000005247 0.0000012813 0.0000450546 0.0110999070 0.0046808980 0.0000140119 0.0053542742 -0.0000027220 0.0026937019
1403636973.00165 2.547221 -4.556662 -0.510294 -0.817338 -0.018301 -0.575593 0.017824 0.0003575395 -0.0000030057 -0.0001276555 0.0000005141 0.0000011016 0.0000460686 0.0111066503 0.0046737382 0.0000140473 0.0053439949 -0.0000026832 0.0026935820
1403636973.05165 2.541883 -4.558714 -0.512169 -0.818664 -0.013143 -0.573931 0.014787 0.0003564360 -0.0000033954 -0.0001289761 0.0000005207 0.0000012586 0.0000471629 0.0111135308 0.0046665350 0.0000140874 0.0053336709 -0.0000026301 0.0026934762
1403636973.10165 2.536208 -4.560913 -0.515087 -0.819637 -0.007711 -0.572711 0.011751 0.0003556106 -0.0000038853 -0.0001299415 0.0000005303 0.0000014511 0.0000479760 0.0111211302 0.0046587325 0.0000141302 0.0053225051 -0.0000025643 0.0026933830
1403636973.15165 2.530168 -4.563115 -0.519264 -0.820068 -0.003398 -0.572195 0.008345 0.0003552447 -0.0000036425 -0.0001303763 0.0000005244 0.0000013692 0.0000483445 0.0111287762 0.0046509598 0.0000141591 0.0053113752 -0.0000024941 0.0026932831
1403636973.20165 2.524336 -4.565193 -0.524583 -0.820616 0.000979 -0.571446 0.006185 0.0003547415 -0.0000041900 -0.0001309462 0.0000005360 0.0000015803 0.0000488335 0.0111359396 0.0046419500 0.0000142021 0.0052990982 -0.0000024030 0.0026932137
1403636973.25165 2.518613 -4.567381 -0.530777 -0.819989 0.003788 -0.572359 0.002876 0.0003553280 -0.0000033461 -0.0001302792 0.0000005173 0.0000012609 0.0000482630 0.0111434654 0.0046337684 0.0000142451 0.0052876686 -0.0000023047 0.0026931420
1403636973.30165 2.512917 -4.569512 -0.538029 -0.819796 0.006709 -0.572617 0.000408 0.0003554923 -0.0000030785 -0.0001300886 0.0000005119 0.0000011612 0.0000481014 0.0111506848 0.0046254683 0.0000142855 0.0052762382 -0.0000021980 0.0026930727
1403636973.35165 2.507460 -4.571638 -0.546334 0.819580 -0.009488 0.572885 0.001175 0.0003556607 -0.0000032990 -0.0001298807 0.0000005152 0.0000012401 0.0000479268 0.0111576538 0.0046175942 0.0000143220 0.0052653811 -0.0000020844 0.0026930023
1403636973.40165 2.502529 -4.573774 -0.555387 0.819491 -0.010945 0.572975 0.003832 0.0003557408 -0.0000022733 -0.0001298046 0.0000004984 0.0000008650 0.0000478606 0.0111642733 0.0046104543 0.0000143557 0.0052554533 -0.0000019664 0.0026929269
1403636973.45165 2.498144 -4.575577 -0.565315 0.819745 -0.013509 0.572554 0.004153 0.0003554610 -0.0000031787 -0.0001301135 0.0000005118 0.0000011999 0.0000481241 0.0111701538 0.0046039246 0.0000143844 0.0052464265 -0.0000018420 0.0026928508
1403636973.50165 2.493931 -4.577530 -0.575618 0.819504 -0.014530 0.572858 0.005989 0.0003556728 -0.0000024802 -0.0001298751 0.0000004999 0.0000009420 0.0000479211 0.0111757264 0.0045979749 0.0000144099 0.0052381289 -0.0000017169 0.0026927667
1403636973.55165 2.489913 -4.579848 -0.586371 0.818880 -0.014844 0.573713 0.008304 0.0003562433 -0.0000011839 -0.0001292116 0.0000004859 0.0000004655 0.0000473618 0.0111819631 0.0045925513 0.0000144342 0.0052302085 -0.0000015923 0.0026926746
1403636973.60165 2.485923 -4.582371 -0.597770 0.817566 -0.016083 0.575543 0.008757 0.0003573909 -0.0000014639 -0.0001278213 0.0000004871 0.0000005598 0.0000462095 0.0111886821 0.0045875604 0.0000144411 0.0052226090 -0.0000014787 0.0026925512
1403636973.65165 2.482032 -4.584811 -0.609500 0.816344 -0.016549 0.577246 0.009711 0.0003584689 -0.0000011095 -0.0001264982 0.0000004841 0.0000004278 0.0000451318 0.0111969184 0.0045825949 0.0000144556 0.0052146126 -0.0000013528 0.0026924466
1403636973.70165 2.478515 -4.587193 -0.620931 0.815747 -0.016711 0.578077 0.010244 0.0003589815 -0.0000008670 -0.0001258602 0.0000004824 0.0000003404 0.0000446187 0.0112046473 0.0045776409 0.0000144576 0.0052067859 -0.0000012373 0.0026923330
1403636973.75165 2.474312 -4.589488 -0.630502 0.813987 -0.016230 0.580539 0.011662 0.0003605100 0.0000001831 -0.0001239272 0.0000004797 -0.0000000269 0.0000430899 0.0112130656 0.0045737107 0.0000144109 0.0051997004 -0.0000011073 0.0026921620
1403636973.80165 2.471131 -4.592098 -0.638122 0.812917 -0.015686 0.582043 0.012102 0.0003614335 0.0000006688 -0.0001227310 0.0000004805 -0.0000001912 0.0000421633 0.0112206883 0.0045681581 0.0000144251 0.0051912889 -0.0000010117 0.0026920377
1403636973.85165 2.467493 -4.594219 -0.644101 0.812367 -0.014883 0.582813 0.012928 0.0003619008 0.0000015185 -0.0001221103 0.0000004853 -0.0000004768 0.0000416887 0.0112287994 0.0045636518 0.0000144411 0.0051838852 -0.0000009296 0.0026919060
1403636973.90165 2.463471 -4.595911 -0.648384 0.811959 -0.015029 0.583395 0.012124 0.0003622384 0.0000009525 -0.0001216694 0.0000004813 -0.0000002839 0.0000413531 0.0112352903 0.0045581853 0.0000144673 0.0051760119 -0.0000008217 0.0026917946
1403636973.95165 2.459440 -4.597095 -0.650676 0.811760 -0.015959 0.583680 0.010422 0.0003623845 -0.0000005333 -0.0001214761 0.0000004793 0.0000002156 0.0000412066 0.0112403724 0.0045522420 0.0000144852 0.0051680636 -0.0000007302 0.0026916769
1403636974.00166 2.454659 -4.598064 -0.652182 0.813195 -0.017618 0.581648 0.009407 0.0003611377 -0.0000018665 -0.0001230909 0.0000004876 0.0000006739 0.0000424425 0.0112442228 0.0045444053 0.0000144946 0.0051584729 -0.0000006491 0.0026915716
1403636974.05166 2.449669 -4.599235 -0.653041 0.814382 -0.021176 0.579876 0.008741 0.0003600254 -0.0000038222 -0.0001244698 0.0000005177 0.0000013604 0.0000435221 0.0112491822 0.0045364766 0.0000144984 0.0051485027 -0.0000005740 0.0026914775
1403636974.10166 2.445013 -4.600727 -0.653119 0.815832 -0.026145 0.577620 0.009515 0.0003586037 -0.0000054789 -0.0001261922 0.0000005597 0.0000019682 0.0000448991 0.0112553895 0.0045296283 0.0000145025 0.0051393613 -0.0000005031 0.0026913945
1403636974.15165 2.440522 -4.602639 -0.654080 0.817518 -0.032726 0.574843 0.012184 0.0003568598 -0.0000066111 -0.0001282731 0.0000005968 0.0000024180 0.0000466033 0.0112627569 0.0045233183 0.0000145106 0.0051304870 -0.0000004305 0.0026913277
1403636974.20165 2.435911 -4.605295 -0.655998 0.818169 -0.040394 0.573281 0.017788 0.0003559712 -0.0000064190 -0.0001293475 0.0000005878 0.0000023748 0.0000474986 0.0112728539 0.0045181092 0.0000145274 0.0051220463 -0.0000003489 0.0026912684
1403636974.25165 2.431809 -4.608327 -0.659213 0.817935 -0.048618 0.572676 0.025698 0.0003558223 -0.0000050794 -0.0001295829 0.0000005419 0.0000018924 0.0000476915 0.0112848492 0.0045141118 0.0000145544 0.0051143823 -0.0000002549 0.0026912085
1403636974.30164 2.427965 -4.611454 -0.664376 0.817877 -0.057990 0.571438 0.034248 0.0003553511 -0.0000037994 -0.0001301838 0.0000005071 0.0000014346 0.0000481958 0.0112969458 0.0045112554 0.0000146107 0.0051079570 -0.0000001600 0.0026911609
1403636974.35164 2.423505 -4.614702 -0.670389 0.816504 -0.068165 0.571638 0.043644 0.0003559106 -0.0000024430 -0.0001295534 0.0000004799 0.0000009319 0.0000476619 0.0113091850 0.0045070236 0.0000146313 0.0051000169 -0.0000000313 0.0026910760
1403636974.40163 2.419297 -4.618017 -0.678092 0.815373 -0.079573 0.571072 0.052082 0.0003560037 -0.0000021673 -0.0001294476 0.0000004733 0.0000008309 0.0000475744 0.0113203263 0.0045018816 0.0000147084 0.0050914863 0.0000000993 0.0026910305
1403636974.45163 2.415275 -4.621343 -0.686652 0.812817 -0.091326 0.571969 0.061968 0.0003572043 -0.0000013333 -0.0001280160 0.0000004616 0.0000005204 0.0000463847 0.0113326994 0.0044978263 0.0000147942 0.0050837671 0.0000002442 0.0026909671
1403636974.50162 2.411288 -4.624211 -0.696287 0.810391 -0.104072 0.572245 0.070509 0.0003579905 -0.0000017474 -0.0001270517 0.0000004618 0.0000006626 0.0000455977 0.0113437504 0.0044930728 0.0000148913 0.0050757079 0.0000004145 0.0026909098
1403636974.55162 2.407368 -4.626902 -0.706672 0.807929 -0.116238 0.572077 0.080416 0.0003587022 -0.0000010805 -0.0001261810 0.0000004529 0.0000004219 0.0000448945 0.0113541567 0.0044883752 0.0000149960 0.0050679002 0.0000005951 0.0026908405
1403636974.60162 2.403840 -4.629431 -0.717943 0.804793 -0.129219 0.572289 0.089981 0.0003596999 -0.0000010948 -0.0001249324 0.0000004491 0.0000004212 0.0000438999 0.0113633237 0.0044840379 0.0000151092 0.0050608042 0.0000007824 0.0026907509
1403636974.65162 2.400472 -4.631819 -0.729965 0.803065 -0.141952 0.570158 0.099274 0.0003593448 -0.0000008565 -0.0001253846 0.0000004438 0.0000003386 0.0000442595 0.0113714023 0.0044796092 0.0000152375 0.0050539205 0.0000009653 0.0026906611
1403636974.70161 2.396886 -4.633450 -0.741135 0.801600 -0.154974 0.567493 0.106640 0.0003585369 -0.0000018219 -0.0001263856 0.0000004473 0.0000006811 0.0000450632 0.0113782038 0.0044737469 0.0000153710 0.0050459107 0.0000011436 0.0026905613
1403636974.75162 2.392336 -4.634277 -0.750857 0.800520 -0.168003 0.564007 0.113308 0.0003571837 -0.0000030294 -0.0001280257 0.0000004598 0.0000011237 0.0000464028 0.0113820272 0.0044662808 0.0000155122 0.0050370827 0.0000013030 0.0026904484
1403636974.80162 2.388089 -4.634288 -0.758327 0.799721 -0.180736 0.560012 0.119027 0.0003554336 -0.0000045685 -0.0001300790 0.0000004871 0.0000017071 0.0000481209 0.0113841823 0.0044588904 0.0000156123 0.0050287793 0.0000014211 0.0026902528
1403636974.85162 2.383524 -4.634387 -0.763544 0.798571 -0.194329 0.556417 0.122152 0.0003534742 -0.0000079774 -0.0001321998 0.0000006056 0.0000030184 0.0000499613 0.0113826326 0.0044502392 0.0000157945 0.0050202729 0.0000015888 0.0026901353
1403636974.90162 2.379479 -4.634417 -0.767009 0.798032 -0.207639 0.551697 0.125147 0.0003507467 -0.0000110325 -0.0001350538 0.0000007693 0.0000042823 0.0000525238 0.0113832898 0.0044426017 0.0000159514 0.0050122849 0.0000017308 0.0026899556
1403636974.95162 2.374878 -4.634309 -0.768723 0.796409 -0.220282 0.548413 0.128266 0.0003488619 -0.0000140131 -0.0001368346 0.0000009800 0.0000055291 0.0000541928 0.0113852331 0.0044360064 0.0000159384 0.0050049410 0.0000018423 0.0026895447
1403636975.00162 2.371284 -4.635033 -0.768127 0.795306 -0.231275 0.544520 0.132281 0.0003468401 -0.0000155091 -0.0001388205 0.0000011065 0.0000062382 0.0000560851 0.0113872276 0.0044281767 0.0000160349 0.0049964678 0.0000019329 0.0026892098
1403636975.05162 2.368278 -4.637027 -0.765766 0.792887 -0.241262 0.542540 0.137014 0.0003462052 -0.0000166149 -0.0001393574 0.0000012059 0.0000067163 0.0000566161 0.0113940603 0.0044243243 0.0000160979 0.0049908125 0.0000020007 0.0026887796
1403636975.10162 2.366176 -4.640099 -0.761478 0.789796 -0.248218 0.541919 0.144684 0.0003472467 -0.0000151432 -0.0001384435 0.0000010637 0.0000060615 0.0000557106 0.0114062356 0.0044230553 0.0000161432 0.0049863945 0.0000020457 0.0026882333
1403636975.15162 2.364657 -4.644335 -0.757446 0.786328 -0.253367 0.542647 0.151749 0.0003490857 -0.0000135973 -0.0001366529 0.0000009282 0.0000053425 0.0000540010 0.0114199465 0.0044235331 0.0000162160 0.0049834001 0.0000020494 0.0026876368
1403636975.20162 2.363805 -4.649368 -0.754065 0.782700 -0.256654 0.544160 0.159372 0.0003515962 -0.0000112011 -0.0001341229 0.0000007506 0.0000042881 0.0000516610 0.0114381373 0.0044262178 0.0000162693 0.0049814744 0.0000020342 0.0026869309
1403636975.25163 2.367492 -4.654267 -0.747763 0.779414 -0.258445 0.545913 0.166429 0.0003542271 -0.0000085034 -0.0001313331 0.0000005852 0.0000031645 0.0000491736 0.0114572950 0.0044308562 0.0000154972 0.0049807587 0.0000019190 0.0026849724
1403636975.30163 2.368018 -4.659471 -0.746930 0.776487 -0.259847 0.547777 0.171724 0.0003563400 -0.0000068111 -0.0001289457 0.0000005063 0.0000024733 0.0000471319 0.0114749834 0.0044430970 0.0000154872 0.0049885462 0.0000018513 0.0026840473
1403636975.35163 2.368798 -4.664241 -0.747194 0.773595 -0.260845 0.550195 0.175487 0.0003585280 -0.0000059020 -0.0001263278 0.0000004683 0.0000020858 0.0000449739 0.0114933231 0.0044490967 0.0000154456 0.0049898429 0.0000018020 0.0026831160
1403636975.40163 2.369652 -4.669004 -0.749163 0.773132 -0.261133 0.549630 0.178840 0.0003588869 -0.0000039808 -0.0001259611 0.0000004105 0.0000014009 0.0000446661 0.0115098641 0.0044547459 0.0000153802 0.0049912809 0.0000017601 0.0026822112
1403636975.45163 2.370395 -4.673054 -0.752599 0.772939 -0.261927 0.549109 0.180107 0.0003588329 -0.0000035110 -0.0001260467 0.0000003960 0.0000012353 0.0000447280 0.0115257045 0.0044604831 0.0000153010 0.0049930297 0.0000017310 0.0026813777
1403636975.50163 2.371083 -4.676710 -0.757674 0.774032 -0.262236 0.547232 0.180674 0.0003578460 -0.0000027805 -0.0001272885 0.0000003785 0.0000009895 0.0000457252 0.0115387721 0.0044651499 0.0000151959 0.0049943777 0.0000017044 0.0026805663
1403636975.55163 2.371602 -4.680345 -0.762876 0.776038 -0.262493 0.544309 0.180527 0.0003560657 -0.0000020985 -0.0001294568 0.0000003645 0.0000007618 0.0000475106 0.0115512789 0.0044701243 0.0000150882 0.0049961209 0.0000016522 0.0026797772
1403636975.60163 2.372588 -4.683654 -0.766491 0.778192 -0.262295 0.541389 0.180324 0.0003542720 -0.0000012708 -0.0001315785 0.0000003523 0.0000004695 0.0000493089 0.0115639615 0.0044749824 0.0000149876 0.0049977275 0.0000016290 0.0026791059
1403636975.65164 2.373976 -4.686777 -0.768388 0.779983 -0.261746 0.539410 0.179312 0.0003528511 -0.0000010091 -0.0001332123 0.0000003466 0.0000003778 0.0000507283 0.0115750352 0.0044804701 0.0000149067 0.0050003737 0.0000016045 0.0026785045
1403636975.70164 2.375814 -4.689746 -0.768215 0.781729 -0.260899 0.537546 0.178538 0.0003515403 -0.0000005184 -0.0001346892 0.0000003406 0.0000001947 0.0000520379 0.0115860390 0.0044867269 0.0000148272 0.0050038075 0.0000015719 0.0026779368
1403636975.75164 2.378515 -4.692625 -0.765829 0.783474 -0.259811 0.535916 0.177374 0.0003502827 -0.0000002103 -0.0001360772 0.0000003362 0.0000000772 0.0000532928 0.0115967441 0.0044944071 0.0000147519 0.0050087524 0.0000015275 0.0026774048
1403636975.80164 2.381884 -4.695597 -0.761582 0.784412 -0.259436 0.535008 0.176513 0.0003495272 -0.0000002627 -0.0001368986 0.0000003326 0.0000000980 0.0000540451 0.0116077544 0.0045034435 0.0000146889 0.0050150060 0.0000014742 0.0026769058
1403636975.85163 2.386683 -4.699681 -0.756110 0.784945 -0.260308 0.533546 0.177287 0.0003487612 0.0000001999 -0.0001377222 0.0000003287 -0.0000000842 0.0000548080 0.0116225044 0.0045162633 0.0000146015 0.0050241374 0.0000014230 0.0026764142
1403636975.90163 2.392075 -4.703905 -0.750781 0.784785 -0.263334 0.531614 0.179317 0.0003479609 0.0000005229 -0.0001385718 0.0000003260 -0.0000002143 0.0000556046 0.0116393353 0.0045310862 0.0000145603 0.0050347947 0.0000013691 0.0026760041
1403636975.95163 2.398057 -4.708300 -0.747225 0.782995 -0.268457 0.531057 0.181184 0.0003480013 -0.0000005677 -0.0001385305 0.0000003230 0.0000002196 0.0000555611 0.0116559890 0.0045467936 0.0000145334 0.0050464114 0.0000013271 0.0026756424
1403636976.00163 2.404188 -4.712658 -0.744989 0.779758 -0.275134 0.531544 0.183680 0.0003488296 -0.0000023176 -0.0001376344 0.0000003345 0.0000009078 0.0000547157 0.0116729732 0.0045627993 0.0000145189 0.0050582885 0.0000013073 0.0026753287
1403636976.05162 2.410190 -4.717308 -0.743704 0.774497 -0.283536 0.533896 0.186324 0.0003507982 -0.0000053675 -0.0001354160 0.0000003986 0.0000020657 0.0000526784 0.0116902041 0.0045789331 0.0000145111 0.0050702542 0.0000013124 0.0026750494
1403636976.10162 2.416212 -4.722161 -0.743676 0.767867 -0.293531 0.537409 0.188179 0.0003531539 -0.0000100435 -0.0001325084 0.0000005999 0.0000037630 0.0000501176 0.0117083159 0.0045948408 0.0000145146 0.0050818399 0.0000013402 0.0026748070
1403636976.15162 2.421892 -4.727278 -0.744907 0.760623 -0.304947 0.540933 0.189347 0.0003550980 -0.0000158761 -0.0001296755 0.0000010225 0.0000057933 0.0000477478 0.0117270830 0.0046104556 0.0000145484 0.0050929711 0.0000013910 0.0026746104
1403636976.20162 2.426862 -4.733072 -0.747710 0.753632 -0.316900 0.543163 0.191279 0.0003562661 -0.0000212215 -0.0001275098 0.0000015756 0.0000075918 0.0000460239 0.0117481733 0.0046251429 0.0000145887 0.0051025573 0.0000014662 0.0026744264
1403636976.25162 2.430679 -4.739484 -0.752081 0.746700 -0.329270 0.544502 0.193745 0.0003568922 -0.0000262716 -0.0001258016 0.0000022444 0.0000092578 0.0000447265 0.0117715372 0.0046384148 0.0000146358 0.0051101097 0.0000015649 0.0026742582
1403636976.30162 2.433121 -4.746879 -0.757587 0.740795 -0.340822 0.543629 0.198823 0.0003570526 -0.0000288537 -0.0001250401 0.0000026417 0.0000101018 0.0000441680 0.0117996929 0.0046504756 0.0000147031 0.0051151961 0.0000016804 0.0026741347
1403636976.35162 2.433979 -4.754880 -0.764294 0.734621 -0.352413 0.542446 0.204668 0.0003572578 -0.0000310069 -0.0001242721 0.0000030007 0.0000107829 0.0000436030 0.0118299041 0.0046601691 0.0000147754 0.0051173378 0.0000018171 0.0026740237
1403636976.40163 2.432987 -4.763725 -0.772038 0.729207 -0.363425 0.539782 0.211694 0.0003571611 -0.0000317478 -0.0001242108 0.0000031315 0.0000110374 0.0000435704 0.0118627017 0.0046665446 0.0000148406 0.0051155027 0.0000019593 0.0026739772
1403636976.45163 2.430074 -4.773702 -0.781105 0.723936 -0.373516 0.536689 0.219927 0.0003573396 -0.0000313396 -0.0001240961 0.0000030571 0.0000108793 0.0000434666 0.0119006330 0.0046718260 0.0000148821 0.0051112344 0.0000021367 0.0026738817
1403636976.50163 2.425886 -4.785110 -0.790545 0.720841 -0.381205 0.530959 0.230551 0.0003572817 -0.0000274994 -0.0001250803 0.0000024248 0.0000096211 0.0000441592 0.0119408664 0.0046734731 0.0000149492 0.0051028350 0.0000023025 0.0026738710
1403636976.55163 2.420774 -4.796793 -0.801008 0.718729 -0.386443 0.525044 0.241702 0.0003575062 -0.0000221831 -0.0001258594 0.0000016843 0.0000078010 0.0000446778 0.0119861592 0.0046750263 0.0000150176 0.0050932247 0.0000024826 0.0026738647
1403636976.60163 2.415285 -4.808276 -0.812970 0.717096 -0.390283 0.519740 0.251639 0.0003577282 -0.0000170561 -0.0001263877 0.0000011203 0.0000060159 0.0000450203 0.0120309025 0.0046751828 0.0000150941 0.0050824102 0.0000027141 0.0026738287
1403636976.65163 2.409183 -4.819626 -0.826402 0.715790 -0.393297 0.515053 0.260159 0.0003578496 -0.0000124538 -0.0001267793 0.0000007401 0.0000044001 0.0000452808 0.0120737068 0.0046742575 0.0000151537 0.0050711257 0.0000029327 0.0026738007
1403636976.70163 2.403045 -4.830739 -0.841191 0.714337 -0.396065 0.511542 0.266793 0.0003579954 -0.0000091845 -0.0001268836 0.0000005419 0.0000032419 0.0000453344 0.0121170602 0.0046729658 0.0000152069 0.0050594163 0.0000031744 0.0026737567
1403636976.75163 2.397348 -4.842156 -0.857296 0.712781 -0.399470 0.508878 0.270944 0.0003578089 -0.0000077596 -0.0001272125 0.0000004744 0.0000027449 0.0000455897 0.0121598173 0.0046719652 0.0000152602 0.0050482284 0.0000034147 0.0026737330
1403636976.80163 2.391758 -4.852762 -0.874814 0.712012 -0.403021 0.506043 0.273008 0.0003568810 -0.0000073256 -0.0001283726 0.0000004562 0.0000026211 0.0000465371 0.0122027525 0.0046718143 0.0000152964 0.0050379018 0.0000036547 0.0026737060
1403636976.85163 2.386515 -4.863717 -0.893401 0.712737 -0.407343 0.502047 0.272080 0.0003543507 -0.0000080581 -0.0001313315 0.0000004887 0.0000029726 0.0000490367 0.0122426624 0.0046708310 0.0000153163 0.0050276290 0.0000038978 0.0026736819
1403636976.90163 2.381329 -4.874695 -0.910783 0.712974 -0.410693 0.499583 0.270953 0.0003525609 -0.0000091018 -0.0001333200 0.0000005402 0.0000034283 0.0000507769 0.0122853916 0.0046710928 0.0000153274 0.0050179677 0.0000041281 0.0026736566
1403636976.95163 2.376244 -4.885849 -0.925990 0.713252 -0.414094 0.497518 0.268838 0.0003506239 -0.0000107779 -0.0001353607 0.0000006362 0.0000041480 0.0000526197 0.0123296521 0.0046720487 0.0000153230 0.0050086948 0.0000043444 0.0026736333
1403636977.00163 2.371313 -4.897344 -0.938117 0.712859 -0.415654 0.497281 0.267908 0.0003501283 -0.0000118609 -0.0001358180 0.0000007062 0.0000045885 0.0000530467 0.0123747606 0.0046732841 0.0000153207 0.0049995488 0.0000045389 0.0026735922
1403636977.05163 2.365131 -4.909146 -0.948991 0.713513 -0.416829 0.496093 0.266542 0.0003489272 -0.0000125250 -0.0001370632 0.0000007515 0.0000049088 0.0000542007 0.0124222541 0.0046757956 0.0000151992 0.0049909048 0.0000047457 0.0026734269
1403636977.10162 2.357019 -4.919170 -0.956693 0.713542 -0.417693 0.495878 0.265509 0.0003483616 -0.0000134094 -0.0001375881 0.0000008131 0.0000052892 0.0000546950 0.0124727227 0.0046768391 0.0000150668 0.0049793499 0.0000049278 0.0026731515
1403636977.15162 2.351742 -4.932812 -0.962183 0.714043 -0.418000 0.495630 0.264139 0.0003478164 -0.0000139605 -0.0001381158 0.0000008570 0.0000055367 0.0000551971 0.0125124157 0.0046691080 0.0000150927 0.0049629988 0.0000050222 0.0026730634
1403636977.20162 2.346496 -4.947134 -0.965742 0.714786 -0.418116 0.495413 0.262345 0.0003470679 -0.0000147339 -0.0001388262 0.0000009221 0.0000058866 0.0000558820 0.0125683969 0.0046720832 0.0000151350 0.0049532892 0.0000051070 0.0026729779
1403636977.25162 2.341060 -4.962264 -0.968297 0.715241 -0.417570 0.495818 0.261207 0.0003469105 -0.0000151762 -0.0001389464 0.0000009602 0.0000060715 0.0000560024 0.0126275268 0.0046756589 0.0000151665 0.0049435335 0.0000051740 0.0026728591
1403636977.30162 2.335355 -4.978257 -0.970667 0.715934 -0.416170 0.496199 0.260819 0.0003470399 -0.0000148474 -0.0001388496 0.0000009310 0.0000059332 0.0000559026 0.0126902351 0.0046795385 0.0000151846 0.0049333630 0.0000052284 0.0026727071
1403636977.35162 2.329587 -4.994876 -0.973714 0.715151 -0.413935 0.498974 0.261232 0.0003488132 -0.0000148331 -0.0001369747 0.0000009259 0.0000058174 0.0000541345 0.0127554260 0.0046833100 0.0000151938 0.0049226617 0.0000052769 0.0026725366
1403636977.40162 2.323696 -5.012162 -0.977712 0.714937 -0.411078 0.500923 0.262595 0.0003504708 -0.0000136908 -0.0001352967 0.0000008293 0.0000052773 0.0000525736 0.0128229910 0.0046871188 0.0000152003 0.0049116048 0.0000053202 0.0026723630
1403636977.45162 2.317776 -5.030216 -0.982941 0.713908 -0.407475 0.504085 0.264950 0.0003531167 -0.0000122783 -0.0001324715 0.0000007208 0.0000045976 0.0000500360 0.0128938480 0.0046915846 0.0000152049 0.0049005814 0.0000053586 0.0026721775
1403636977.50162 2.311689 -5.048729 -0.989946 0.713281 -0.404491 0.506551 0.266502 0.0003550515 -0.0000112050 -0.0001303272 0.0000006472 0.0000041038 0.0000481749 0.0129661608 0.0046960352 0.0000152114 0.0048894137 0.0000053880 0.0026720025
1403636977.55162 2.305270 -5.067001 -0.997888 0.712038 -0.401730 0.509472 0.268427 0.0003573035 -0.0000102975 -0.0001277101 0.0000005901 0.0000036710 0.0000459804 0.0130408296 0.0047005405 0.0000152299 0.0048779534 0.0000054338 0.0026718554
1403636977.60162 2.298707 -5.085258 -1.007529 0.711196 -0.400479 0.511734 0.268225 0.0003584673 -0.0000107922 -0.0001262403 0.0000006182 0.0000037910 0.0000447888 0.0131129025 0.0047033022 0.0000152540 0.0048656157 0.0000054767 0.0026717474
1403636977.65162 2.292019 -5.103924 -1.018179 0.710985 -0.398466 0.512855 0.269638 0.0003595551 -0.0000096327 -0.0001249747 0.0000005513 0.0000033380 0.0000437681 0.0131871386 0.0047060346 0.0000152837 0.0048529855 0.0000055189 0.0026716475
1403636977.70162 2.284385 -5.122331 -1.029755 0.710395 -0.399590 0.513054 0.269152 0.0003594622 -0.0000105446 -0.0001250197 0.0000006015 0.0000036584 0.0000438078 0.0132629346 0.0047085697 0.0000152782 0.0048397263 0.0000055840 0.0026714931
1403636977.80162 2.267893 -5.159038 -1.055887 0.708983 -0.406832 0.511589 0.264778 0.0003570737 -0.0000154845 -0.0001274799 0.0000009669 0.0000055203 0.0000458420 0.0134138004 0.0047085861 0.0000153416 0.0048109117 0.0000058357 0.0026717650
1403636977.85162 2.258493 -5.176632 -1.069593 0.708655 -0.410713 0.510223 0.262289 0.0003553630 -0.0000179386 -0.0001292202 0.0000012018 0.0000065156 0.0000473192 0.0134866182 0.0047053400 0.0000153604 0.0047942431 0.0000059205 0.0026718140
1403636977.90162 2.248900 -5.194484 -1.083137 0.707630 -0.412668 0.510112 0.262201 0.0003551699 -0.0000189182 -0.0001293113 0.0000013050 0.0000068804 0.0000474110 0.0135611651 0.0047014642 0.0000153848 0.0047769775 0.0000060167 0.0026718901
1403636977.95162 2.238172 -5.212812 -1.094697 0.706520 -0.413113 0.510166 0.264382 0.0003559120 -0.0000181803 -0.0001285352 0.0000012268 0.0000065580 0.0000467502 0.0136371103 0.0046970429 0.0000154000 0.0047592434 0.0000061173 0.0026719759
1403636978.00162 2.226116 -5.230902 -1.104600 0.705693 -0.412718 0.510298 0.266941 0.0003568561 -0.0000168801 -0.0001275760 0.0000010975 0.0000060264 0.0000459386 0.0137110369 0.0046885201 0.0000154258 0.0047386677 0.0000062176 0.0026720692
1403636978.05162 2.213155 -5.248859 -1.111908 0.705581 -0.411555 0.509349 0.270816 0.0003577032 -0.0000140983 -0.0001268818 0.0000008554 0.0000049918 0.0000453366 0.0137859792 0.0046773436 0.0000154595 0.0047159932 0.0000063182 0.0026721547
1403636978.10162 2.200234 -5.267295 -1.117807 0.706003 -0.410822 0.507825 0.273677 0.0003578792 -0.0000117316 -0.0001269088 0.0000006851 0.0000041504 0.0000453340 0.0138637029 0.0046665013 0.0000154950 0.0046934644 0.0000064157 0.0026722342
1403636978.15162 2.187122 -5.285992 -1.121880 0.706444 -0.411059 0.506518 0.274604 0.0003574941 -0.0000108181 -0.0001274640 0.0000006287 0.0000038471 0.0000457785 0.0139422832 0.0046557339 0.0000155245 0.0046712007 0.0000065103 0.0026723022
1403636978.20163 2.173714 -5.305251 -1.125152 0.707549 -0.410671 0.504256 0.276496 0.0003569333 -0.0000087169 -0.0001283087 0.0000005150 0.0000031229 0.0000464562 0.0140200228 0.0046429508 0.0000155773 0.0046480033 0.0000066837 0.0026723947
1403636978.25163 2.159530 -5.323789 -1.126578 0.709048 -0.411158 0.501490 0.276961 0.0003556036 -0.0000074604 -0.0001299803 0.0000004595 0.0000027159 0.0000478448 0.0140986764 0.0046293174 0.0000156148 0.0046243473 0.0000068522 0.0026725020
1403636978.30163 2.144900 -5.341737 -1.126619 0.710005 -0.410924 0.499746 0.278008 0.0003550101 -0.0000060542 -0.0001307542 0.0000004070 0.0000022184 0.0000484939 0.0141741916 0.0046137826 0.0000156388 0.0046000386 0.0000070133 0.0026725932
1403636978.35163 2.130416 -5.359126 -1.125425 0.711167 -0.411848 0.497381 0.277911 0.0003536494 -0.0000054669 -0.0001323597 0.0000003883 0.0000020346 0.0000498737 0.0142506251 0.0045990223 0.0000158094 0.0045762224 0.0000070635 0.0026724470
1403636978.40163 2.116655 -5.377836 -1.121230 0.712854 -0.412319 0.494675 0.277722 0.0003521272 -0.0000045273 -0.0001341233 0.0000003634 0.0000017122 0.0000514253 0.0143235742 0.0045830725 0.0000158439 0.0045527929 0.0000072036 0.0026725856
1403636978.45163 2.103044 -5.396711 -1.115928 0.715487 -0.412831 0.490465 0.277655 0.0003497326 -0.0000028840 -0.0001368063 0.0000003303 0.0000011150 0.0000538572 0.0144035349 0.0045697713 0.0000158664 0.0045307219 0.0000073294 0.0026727070
1403636978.50163 2.089994 -5.416301 -1.111222 0.717915 -0.414672 0.486345 0.275889 0.0003467565 -0.0000027115 -0.0001399610 0.0000003291 0.0000010808 0.0000568388 0.0144857339 0.0045574498 0.0000158777 0.0045094441 0.0000074410 0.0026728090
1403636978.55163 2.077959 -5.436464 -1.106828 0.720466 -0.415852 0.482127 0.274861 0.0003439357 -0.0000018427 -0.0001428403 0.0000003192 0.0000007509 0.0000596739 0.0145717712 0.0045471099 0.0000158896 0.0044894768 0.0000075456 0.0026729175
1403636978.60163 2.066716 -5.457312 -1.103990 0.722536 -0.418025 0.478319 0.272778 0.0003409281 -0.0000021290 -0.0001457690 0.0000003240 0.0000008955 0.0000626811 0.0146617623 0.0045397439 0.0000158846 0.0044715086 0.0000076545 0.0026730279
1403636978.65163 2.056297 -5.479141 -1.102436 0.724249 -0.419166 0.475226 0.271889 0.0003387390 -0.0000016971 -0.0001478345 0.0000003206 0.0000007253 0.0000648780 0.0147562093 0.0045347207 0.0000158597 0.0044549651 0.0000077631 0.0026731298
1403636978.70163 2.046777 -5.502012 -1.102484 0.725482 -0.419903 0.473050 0.271258 0.0003371847 -0.0000013666 -0.0001492641 0.0000003189 0.0000005891 0.0000664380 0.0148559854 0.0045327717 0.0000158205 0.0044402331 0.0000078618 0.0026732074
1403636978.75163 2.038897 -5.525783 -1.103922 0.726616 -0.420723 0.470973 0.270563 0.0003356526 -0.0000011470 -0.0001506443 0.0000003188 0.0000004985 0.0000679763 0.0149607234 0.0045332496 0.0000157600 0.0044269075 0.0000079858 0.0026733189
1403636978.80163 2.032379 -5.550712 -1.106378 0.727278 -0.421195 0.469624 0.270397 0.0003347569 -0.0000008523 -0.0001514401 0.0000003185 0.0000003689 0.0000688779 0.0150716009 0.0045387104 0.0000156805 0.0044166146 0.0000081102 0.0026734130
1403636978.85163 2.027378 -5.577188 -1.109585 0.726499 -0.420669 0.470922 0.271054 0.0003358051 -0.0000008799 -0.0001505164 0.0000003201 0.0000003776 0.0000678339 0.0151886484 0.0045485012 0.0000155976 0.0044088292 0.0000082415 0.0026735063
1403636978.90163 2.028900 -5.608903 -1.116697 0.724310 -0.419891 0.474153 0.272479 0.0003383403 -0.0000012205 -0.0001482205 0.0000003223 0.0000005173 0.0000652980 0.0153118631 0.0045623771 0.0000160081 0.0044025544 0.0000081535 0.0026731184
1403636978.95163 2.027176 -5.638551 -1.121719 0.721764 -0.417906 0.478125 0.275334 0.0003417258 -0.0000008214 -0.0001450347 0.0000003210 0.0000003305 0.0000619178 0.0154610287 0.0045963628 0.0000161001 0.0044079339 0.0000082382 0.0026729543
1403636979.00163 2.025900 -5.668044 -1.127826 0.717447 -0.415117 0.484544 0.279581 0.0003469888 -0.0000004462 -0.0001397719 0.0000003211 0.0000001612 0.0000566601 0.0155974300 0.0046189510 0.0000160913 0.0044070645 0.0000083466 0.0026729315
1403636979.05163 2.025465 -5.697333 -1.135511 0.713502 -0.412738 0.490297 0.283145 0.0003514894 -0.0000002903 -0.0001349457 0.0000003222 0.0000000925 0.0000521635 0.0157309910 0.0046410065 0.0000160813 0.0044062520 0.0000084655 0.0026728898
1403636979.10163 2.025689 -5.726294 -1.144994 0.710475 -0.410674 0.494851 0.285822 0.0003549106 -0.0000001617 -0.0001310559 0.0000003234 0.0000000403 0.0000487463 0.0158628390 0.0046641665 0.0000160765 0.0044064989 0.0000085950 0.0026728340
1403636979.15162 2.026490 -5.754814 -1.155861 0.708240 -0.409194 0.498153 0.287749 0.0003573367 -0.0000000786 -0.0001281718 0.0000003247 0.0000000083 0.0000463239 0.0159929429 0.0046887260 0.0000160778 0.0044080022 0.0000087287 0.0026727625
1403636979.20162 2.027603 -5.782772 -1.168665 0.707889 -0.409000 0.498689 0.287960 0.0003576962 -0.0000001394 -0.0001277382 0.0000003261 0.0000000294 0.0000459680 0.0161210652 0.0047138418 0.0000160886 0.0044102047 0.0000088722 0.0026726849
1403636979.25162 2.028849 -5.810532 -1.182912 0.709972 -0.410097 0.495947 0.286001 0.0003555872 -0.0000002879 -0.0001302725 0.0000003276 0.0000000845 0.0000480804 0.0162465041 0.0047391818 0.0000161113 0.0044129555 0.0000090240 0.0026726132
1403636979.30162 2.030298 -5.838045 -1.196189 0.712768 -0.411287 0.491872 0.284369 0.0003527975 0.0000002651 -0.0001334988 0.0000003289 -0.0000001222 0.0000508736 0.0163729116 0.0047647322 0.0000161473 0.0044158111 0.0000091824 0.0026725472
1403636979.35162 2.032533 -5.865510 -1.208068 0.715598 -0.412760 0.487759 0.282206 0.0003497575 0.0000004295 -0.0001368624 0.0000003304 -0.0000001908 0.0000539167 0.0165010266 0.0047919143 0.0000161822 0.0044196498 0.0000093393 0.0026724810
1403636979.40161 2.035457 -5.893864 -1.218448 0.718514 -0.413565 0.483614 0.280749 0.0003468653 0.0000012550 -0.0001399214 0.0000003358 -0.0000005301 0.0000568082 0.0166316657 0.0048223162 0.0000162343 0.0044254698 0.0000094931 0.0026724295
1403636979.45161 2.038929 -5.922032 -1.226648 0.720565 -0.415172 0.480415 0.278605 0.0003442540 0.0000009459 -0.0001425836 0.0000003351 -0.0000004164 0.0000594248 0.0167654365 0.0048537768 0.0000162903 0.0044316961 0.0000096455 0.0026723809
1403636979.50161 2.042385 -5.950757 -1.232405 0.722024 -0.416444 0.478389 0.276406 0.0003423085 0.0000002312 -0.0001445054 0.0000003334 -0.0000001229 0.0000613752 0.0168976348 0.0048857728 0.0000163929 0.0044384684 0.0000098465 0.0026722874
1403636979.55162 2.046973 -5.979469 -1.236454 0.723570 -0.417174 0.475818 0.275698 0.0003405003 0.0000007081 -0.0001462421 0.0000003360 -0.0000003305 0.0000631851 0.0170358677 0.0049190059 0.0000164318 0.0044454538 0.0000099850 0.0026722383
1403636979.60162 2.052992 -6.008666 -1.238506 0.723747 -0.417870 0.475339 0.275005 0.0003399685 0.0000002776 -0.0001467487 0.0000003361 -0.0000001467 0.0000637216 0.0171764642 0.0049563869 0.0000164670 0.0044550185 0.0000101051 0.0026721866
1403636979.65162 2.060234 -6.038961 -1.238788 0.723975 -0.418900 0.474445 0.274381 0.0003392061 -0.0000000899 -0.0001474655 0.0000003372 0.0000000117 0.0000644876 0.0173217547 0.0049979773 0.0000164874 0.0044669047 0.0000102084 0.0026721233
1403636979.70162 2.068228 -6.069676 -1.237646 0.724811 -0.418293 0.472457 0.276523 0.0003387422 0.0000020519 -0.0001478846 0.0000003511 -0.0000009248 0.0000649423 0.0174707384 0.0050420618 0.0000164989 0.0044800623 0.0000102943 0.0026720396
1403636979.75163 2.077433 -6.101093 -1.235180 0.724900 -0.419153 0.471589 0.276470 0.0003381972 0.0000020105 -0.0001483905 0.0000003520 -0.0000009118 0.0000654912 0.0176225316 0.0050900636 0.0000165016 0.0044955452 0.0000103619 0.0026719389
1403636979.80164 2.088608 -6.133470 -1.229798 0.723371 -0.418779 0.473160 0.278349 0.0003398291 0.0000023508 -0.0001468721 0.0000003576 -0.0000010464 0.0000638585 0.0177821969 0.0051428281 0.0000165064 0.0045133510 0.0000104159 0.0026718213
1403636979.85165 2.102374 -6.164319 -1.220579 0.720797 -0.417741 0.475972 0.281772 0.0003427324 0.0000031356 -0.0001440752 0.0000003711 -0.0000013492 0.0000609436 0.0179444715 0.0051999412 0.0000163473 0.0045336975 0.0000102990 0.0026715458
1403636979.90165 2.116344 -6.197471 -1.212993 0.718065 -0.417823 0.479089 0.283338 0.0003451215 0.0000024243 -0.0001417165 0.0000003607 -0.0000010267 0.0000585693 0.0180987215 0.0052632606 0.0000163088 0.0045591669 0.0000102574 0.0026713458
1403636979.95165 2.131029 -6.231190 -1.205963 0.715692 -0.416865 0.481574 0.286524 0.0003476524 0.0000032031 -0.0001390982 0.0000003744 -0.0000013136 0.0000560288 0.0182646863 0.0053280780 0.0000162594 0.0045843366 0.0000102129 0.0026711200
1403636980.00165 2.146016 -6.265337 -1.201570 0.714345 -0.416654 0.482604 0.288450 0.0003488986 0.0000037108 -0.0001377705 0.0000003856 -0.0000014981 0.0000547759 0.0184313442 0.0053942882 0.0000162092 0.0046104032 0.0000101810 0.0026709023
1403636980.05165 2.161455 -6.299210 -1.198592 0.713352 -0.416525 0.483145 0.290184 0.0003497911 0.0000042934 -0.0001367977 0.0000003999 -0.0000017127 0.0000538733 0.0186005649 0.0054612821 0.0000161433 0.0046367471 0.0000101543 0.0026706765
1403636980.10165 2.176648 -6.333079 -1.196513 0.712319 -0.416718 0.483929 0.291136 0.0003505696 0.0000042796 -0.0001359540 0.0000004002 -0.0000016939 0.0000530979 0.0187701289 0.0055300105 0.0000160929 0.0046642112 0.0000101287 0.0026704029
1403636980.15164 2.192648 -6.367175 -1.196764 0.711170 -0.417199 0.484838 0.291745 0.0003512857 0.0000038922 -0.0001351812 0.0000003921 -0.0000015326 0.0000523940 0.0189402082 0.0055985811 0.0000160194 0.0046915816 0.0000101258 0.0026701846
1403636980.20164 2.209264 -6.401451 -1.198654 0.710505 -0.417886 0.485066 0.292001 0.0003515106 0.0000035606 -0.0001349445 0.0000003859 -0.0000014023 0.0000521793 0.0191129709 0.0056703641 0.0000159422 0.0047208658 0.0000101408 0.0026699691
1403636980.25164 2.226435 -6.436076 -1.201987 0.709666 -0.418667 0.485798 0.291706 0.0003518414 0.0000027077 -0.0001346002 0.0000003716 -0.0000010716 0.0000518677 0.0192869420 0.0057440586 0.0000158597 0.0047513682 0.0000101729 0.0026697613
1403636980.30164 2.243767 -6.470469 -1.206106 0.707435 -0.419213 0.488373 0.292041 0.0003534033 0.0000013968 -0.0001328633 0.0000003571 -0.0000005610 0.0000503249 0.0194640137 0.0058190603 0.0000157788 0.0047824385 0.0000102231 0.0026695570
1403636980.35164 2.261805 -6.504106 -1.211731 0.705589 -0.418634 0.490772 0.293314 0.0003551452 0.0000011163 -0.0001308565 0.0000003560 -0.0000004477 0.0000485891 0.0196395651 0.0058943915 0.0000156817 0.0048139426 0.0000102755 0.0026693808
1403636980.40164 2.280212 -6.537479 -1.218824 0.702842 -0.419029 0.494590 0.292930 0.0003571039 -0.0000010534 -0.0001285314 0.0000003563 0.0000003428 0.0000466348 0.0198117874 0.0059719219 0.0000155855 0.0048473646 0.0000103463 0.0026692031
1403636980.45164 2.298852 -6.570341 -1.227301 0.701156 -0.418481 0.496953 0.293754 0.0003586346 -0.0000015386 -0.0001266588 0.0000003606 0.0000005065 0.0000451043 0.0199843827 0.0060500802 0.0000154869 0.0048812109 0.0000104273 0.0026690308
1403636980.50164 2.317642 -6.602296 -1.236979 0.699019 -0.419170 0.500002 0.292690 0.0003598870 -0.0000038170 -0.0001250480 0.0000003952 0.0000012894 0.0000438217 0.0201537570 0.0061285640 0.0000153900 0.0049156777 0.0000105245 0.0026688631
1403636980.55164 2.336553 -6.632864 -1.247593 0.697822 -0.419576 0.502121 0.291334 0.0003605488 -0.0000056466 -0.0001241399 0.0000004434 0.0000019072 0.0000431140 0.0203177317 0.0062060137 0.0000152903 0.0049500264 0.0000106290 0.0026687005
1403636980.60164 2.354675 -6.663255 -1.258465 0.696234 -0.420397 0.504694 0.289497 0.0003612508 -0.0000081192 -0.0001231028 0.0000005381 0.0000027297 0.0000423212 0.0204751912 0.0062825186 0.0000151991 0.0049846181 0.0000107389 0.0026685554
1403636980.65164 2.372246 -6.693194 -1.268828 0.695236 -0.420918 0.506526 0.287934 0.0003616570 -0.0000099664 -0.0001224425 0.0000006310 0.0000033370 0.0000418262 0.0206333406 0.0063566797 0.0000150942 0.0050175724 0.0000108468 0.0026684371
1403636980.70164 2.389239 -6.723030 -1.277209 0.695608 -0.419589 0.506647 0.288761 0.0003620204 -0.0000089704 -0.0001220474 0.0000005793 0.0000029859 0.0000415184 0.0207960247 0.0064317647 0.0000149865 0.0050506410 0.0000109564 0.0026683232
1403636980.75165 2.405721 -6.752236 -1.284338 0.696899 -0.419280 0.505348 0.288374 0.0003612562 -0.0000083542 -0.0001230904 0.0000005509 0.0000028072 0.0000423150 0.0209558777 0.0065042632 0.0000148754 0.0050823127 0.0000110703 0.0026682240
1403636980.80165 2.422467 -6.781182 -1.289686 0.699835 -0.417354 0.501802 0.290244 0.0003600681 -0.0000048449 -0.0001248031 0.0000004237 0.0000016382 0.0000436352 0.0211133732 0.0065755358 0.0000147597 0.0051135167 0.0000111956 0.0026681395
1403636980.85165 2.438759 -6.808899 -1.293693 0.703038 -0.416439 0.498155 0.290100 0.0003581234 -0.0000026899 -0.0001272965 0.0000003796 0.0000009135 0.0000456290 0.0212664622 0.0066471433 0.0000146476 0.0051455280 0.0000113215 0.0026680606
1403636980.90165 2.455539 -6.837778 -1.295408 0.706043 -0.415889 0.494383 0.290044 0.0003560781 -0.0000006500 -0.0001297963 0.0000003616 0.0000001928 0.0000476976 0.0214218469 0.0067203320 0.0000145192 0.0051785060 0.0000114375 0.0026680077
1403636980.95165 2.472718 -6.865820 -1.295972 0.708560 -0.414436 0.491364 0.291113 0.0003547509 0.0000019558 -0.0001313473 0.0000003723 -0.0000007701 0.0000490196 0.0215766203 0.0067932150 0.0000144025 0.0052114336 0.0000115513 0.0026679652
1403636981.00165 2.490195 -6.893473 -1.296773 0.709906 -0.413917 0.489896 0.291045 0.0003539069 0.0000028462 -0.0001323108 0.0000003854 -0.0000011112 0.0000498559 0.0217289789 0.0068682213 0.0000142743 0.0052462230 0.0000116571 0.0026679305
1403636981.05164 2.507948 -6.920305 -1.298436 0.710312 -0.413490 0.489537 0.291267 0.0003537668 0.0000033362 -0.0001324637 0.0000003949 -0.0000012973 0.0000499917 0.0218790468 0.0069447922 0.0000141394 0.0052824555 0.0000117603 0.0026678947
1403636981.10164 2.526549 -6.945844 -1.301375 0.709059 -0.413808 0.491370 0.290782 0.0003546347 0.0000021067 -0.0001314905 0.0000003766 -0.0000008293 0.0000491462 0.0220245558 0.0070215010 0.0000140153 0.0053193759 0.0000118635 0.0026678571
1403636981.15164 2.544673 -6.970354 -1.305511 0.707571 -0.415257 0.493417 0.288866 0.0003551537 -0.0000004164 -0.0001309050 0.0000003653 0.0000001055 0.0000486431 0.0221610209 0.0070980396 0.0000138889 0.0053573786 0.0000119667 0.0026678234
1403636981.20164 2.562956 -6.993391 -1.310562 0.705277 -0.417596 0.496199 0.286330 0.0003558219 -0.0000040333 -0.0001300604 0.0000004112 0.0000014270 0.0000479334 0.0222945715 0.0071732790 0.0000137637 0.0053948647 0.0000120525 0.0026677923
1403636981.25164 2.581210 -7.016533 -1.316707 0.701791 -0.421213 0.500352 0.282340 0.0003566481 -0.0000096016 -0.0001287855 0.0000006248 0.0000034212 0.0000468979 0.0224198842 0.0072466309 0.0000136454 0.0054321489 0.0000121535 0.0026677721
1403636981.30163 2.598968 -7.039145 -1.323236 0.697932 -0.424619 0.505019 0.278469 0.0003576274 -0.0000152839 -0.0001270480 0.0000010204 0.0000053850 0.0000455273 0.0225475978 0.0073195884 0.0000135368 0.0054688572 0.0000122622 0.0026677512
1403636981.35163 2.616166 -7.062100 -1.330808 0.694510 -0.427840 0.508945 0.274925 0.0003582078 -0.0000203944 -0.0001256132 0.0000015296 0.0000071082 0.0000444421 0.0226732662 0.0073902110 0.0000134217 0.0055042089 0.0000123755 0.0026677467
1403636981.40163 2.631994 -7.084807 -1.339523 0.693031 -0.429541 0.510180 0.273715 0.0003582882 -0.0000224000 -0.0001251740 0.0000017701 0.0000077823 0.0000441255 0.0228013304 0.0074587822 0.0000133062 0.0055377733 0.0000124980 0.0026677394
1403636981.45164 2.646534 -7.107633 -1.349234 0.693813 -0.429084 0.508317 0.275906 0.0003581752 -0.0000202914 -0.0001256764 0.0000015203 0.0000070750 0.0000444925 0.0229282843 0.0075227173 0.0000132000 0.0055681230 0.0000126335 0.0026677323
1403636981.50164 2.659674 -7.130397 -1.359406 0.695763 -0.427747 0.504677 0.279729 0.0003577655 -0.0000161457 -0.0001267839 0.0000011006 0.0000056747 0.0000453263 0.0230564789 0.0075840662 0.0000130950 0.0055964250 0.0000127805 0.0026677294
1403636981.55164 2.671691 -7.153176 -1.368948 0.698642 -0.425460 0.499682 0.284958 0.0003570889 -0.0000102671 -0.0001282203 0.0000006685 0.0000036369 0.0000464395 0.0231846759 0.0076417204 0.0000129940 0.0056220003 0.0000129328 0.0026677199
1403636981.60164 2.683135 -7.175810 -1.377043 0.702216 -0.423459 0.493698 0.289548 0.0003555135 -0.0000043599 -0.0001304372 0.0000004283 0.0000015471 0.0000482596 0.0233131793 0.0076979686 0.0000129006 0.0056464952 0.0000130827 0.0026677028
1403636981.65164 2.693703 -7.196891 -1.382306 0.704880 -0.422144 0.488737 0.293386 0.0003540897 0.0000003678 -0.0001321685 0.0000003768 -0.0000001925 0.0000497387 0.0234439862 0.0077551197 0.0000128652 0.0056710406 0.0000131767 0.0026675973
1403636981.70164 2.705015 -7.218867 -1.385941 0.706612 -0.421740 0.485134 0.295769 0.0003528667 0.0000033082 -0.0001335251 0.0000004088 -0.0000013090 0.0000509336 0.0235602672 0.0078063782 0.0000128160 0.0056933863 0.0000132783 0.0026675319
1403636981.75164 2.716818 -7.241359 -1.387741 0.707702 -0.421715 0.482242 0.297922 0.0003519467 0.0000056087 -0.0001344840 0.0000004688 -0.0000022021 0.0000517980 0.0236843521 0.0078623609 0.0000127665 0.0057182617 0.0000133655 0.0026674757
1403636981.80164 2.729338 -7.263791 -1.387521 0.709422 -0.422885 0.478593 0.298057 0.0003499216 0.0000067699 -0.0001366593 0.0000005118 -0.0000027042 0.0000537845 0.0238141413 0.0079222107 0.0000127305 0.0057452188 0.0000134253 0.0026674065
1403636981.85164 2.742959 -7.286208 -1.385252 0.711163 -0.424301 0.474831 0.297912 0.0003477164 0.0000077547 -0.0001389600 0.0000005552 -0.0000031607 0.0000559504 0.0239437231 0.0079845238 0.0000127044 0.0057740244 0.0000134497 0.0026673250
1403636981.90163 2.757112 -7.309291 -1.380669 0.712924 -0.425961 0.471099 0.297257 0.0003453117 0.0000083672 -0.0001414066 0.0000005861 -0.0000034889 0.0000583270 0.0240742734 0.0080508053 0.0000126802 0.0058056421 0.0000134424 0.0026672312
1403636981.95163 2.772426 -7.332595 -1.375335 0.714810 -0.428969 0.467041 0.294797 0.0003420801 0.0000076718 -0.0001446506 0.0000005565 -0.0000033074 0.0000615918 0.0242099477 0.0081202754 0.0000126760 0.0058389783 0.0000134182 0.0026671412
1403636982.00163 2.788850 -7.356446 -1.370185 0.716674 -0.431557 0.463357 0.292296 0.0003389929 0.0000070045 -0.0001476140 0.0000005302 -0.0000031143 0.0000647087 0.0243492376 0.0081936944 0.0000126723 0.0058748089 0.0000133794 0.0026670467
1403636982.05164 2.807060 -7.381169 -1.366584 0.718226 -0.434712 0.460046 0.289024 0.0003358119 0.0000055550 -0.0001505670 0.0000004784 -0.0000025553 0.0000679449 0.0244927960 0.0082714157 0.0000126399 0.0059133663 0.0000133489 0.0026669842
1403636982.10164 2.826058 -7.407072 -1.363826 0.719703 -0.437226 0.457082 0.286247 0.0003329701 0.0000044880 -0.0001530830 0.0000004482 -0.0000021286 0.0000708203 0.0246439431 0.0083567811 0.0000125781 0.0059567117 0.0000133024 0.0026669207
1403636982.15164 2.846280 -7.433757 -1.361908 0.720220 -0.439626 0.455705 0.283452 0.0003310785 0.0000027549 -0.0001547243 0.0000004118 -0.0000013529 0.0000727521 0.0248028519 0.0084462406 0.0000125026 0.0060021880 0.0000132659 0.0026668698
1403636982.20164 2.867485 -7.461638 -1.360829 0.719890 -0.441642 0.455654 0.281230 0.0003302072 0.0000008623 -0.0001554709 0.0000003921 -0.0000004714 0.0000736466 0.0249683915 0.0085406285 0.0000124247 0.0060505554 0.0000132238 0.0026668065
1403636982.25164 2.890663 -7.491602 -1.360978 0.718356 -0.443562 0.457767 0.278687 0.0003305508 -0.0000021101 -0.0001551762 0.0000004041 0.0000009260 0.0000732941 0.0251429190 0.0086404203 0.0000123476 0.0061018620 0.0000131830 0.0026667310
1403636982.30164 2.914359 -7.523052 -1.361726 0.716080 -0.445268 0.461007 0.276475 0.0003316809 -0.0000053477 -0.0001541556 0.0000004776 0.0000024218 0.0000720935 0.0253321157 0.0087483813 0.0000122633 0.0061573954 0.0000131442 0.0026666350
1403636982.35164 2.938677 -7.556380 -1.363351 0.713255 -0.445343 0.465409 0.276279 0.0003342769 -0.0000075046 -0.0001518424 0.0000005608 0.0000033456 0.0000694173 0.0255312442 0.0088590186 0.0000121697 0.0062136639 0.0000131208 0.0026665348
1403636982.40164 2.963530 -7.591657 -1.365290 0.709478 -0.444725 0.471251 0.277098 0.0003380711 -0.0000095944 -0.0001483306 0.0000006655 0.0000041467 0.0000655210 0.0257440123 0.0089743882 0.0000120637 0.0062716737 0.0000131046 0.0026664064
1403636982.45164 2.987767 -7.628007 -1.366033 0.705327 -0.442852 0.477887 0.279321 0.0003427942 -0.0000108760 -0.0001437629 0.0000007393 0.0000044982 0.0000607272 0.0259660334 0.0090920812 0.0000119823 0.0063302469 0.0000130993 0.0026662880
1403636982.50164 3.011804 -7.665611 -1.365468 0.701313 -0.440961 0.484561 0.280915 0.0003471680 -0.0000124788 -0.0001392096 0.0000008438 0.0000049408 0.0000562520 0.0261958803 0.0092096311 0.0000118915 0.0063876253 0.0000130912 0.0026661634
1403636982.55164 3.035505 -7.704736 -1.363373 0.698770 -0.438132 0.489012 0.283950 0.0003507834 -0.0000119209 -0.0001353881 0.0000008014 0.0000045370 0.0000526817 0.0264350339 0.0093290867 0.0000117939 0.0064451642 0.0000130791 0.0026659907
1403636982.60164 3.058810 -7.744282 -1.360798 0.698060 -0.436470 0.490791 0.285185 0.0003522230 -0.0000114302 -0.0001338320 0.0000007684 0.0000042780 0.0000512782 0.0266810546 0.0094485406 0.0000116788 0.0065017408 0.0000130616 0.0026658685
1403636982.65165 3.081897 -7.784484 -1.357366 0.698373 -0.436409 0.491168 0.283860 0.0003519514 -0.0000121611 -0.0001340732 0.0000008189 0.0000045669 0.0000515025 0.0269311210 0.0095685220 0.0000115501 0.0065581918 0.0000130496 0.0026657875
1403636982.70165 3.104492 -7.825118 -1.353164 0.698800 -0.436299 0.491376 0.282616 0.0003516198 -0.0000127495 -0.0001343901 0.0000008622 0.0000048063 0.0000517942 0.0271841191 0.0096879327 0.0000114175 0.0066138135 0.0000130372 0.0026657094
1403636982.75165 3.126434 -7.865758 -1.349004 0.701253 -0.435654 0.488701 0.282172 0.0003500501 -0.0000113196 -0.0001362453 0.0000007673 0.0000043377 0.0000534620 0.0274394846 0.0098060868 0.0000112875 0.0066681146 0.0000130249 0.0026656357
1403636982.80165 3.148052 -7.906711 -1.344888 0.703292 -0.434965 0.486831 0.281393 0.0003487720 -0.0000104170 -0.0001376938 0.0000007136 0.0000040430 0.0000547970 0.0276969526 0.0099238852 0.0000111600 0.0067218786 0.0000130200 0.0026655681
1403636982.85164 3.169242 -7.947920 -1.341898 0.705096 -0.434677 0.484554 0.281251 0.0003474681 -0.0000092528 -0.0001391544 0.0000006504 0.0000036346 0.0000561674 0.0279582152 0.0100414602 0.0000110412 0.0067749138 0.0000130257 0.0026655190
1403636982.90164 3.189671 -7.989808 -1.340340 0.707105 -0.433704 0.482025 0.282054 0.0003463629 -0.0000072091 -0.0001404219 0.0000005559 0.0000028498 0.0000573712 0.0282233199 0.0101600370 0.0000109381 0.0068281612 0.0000130420 0.0026654883
1403636982.95165 3.210834 -8.032498 -1.340442 0.707429 -0.432334 0.481989 0.283405 0.0003468450 -0.0000059241 -0.0001399855 0.0000005086 0.0000023167 0.0000569398 0.0284947505 0.0102793010 0.0000108724 0.0068809628 0.0000130691 0.0026654223
1403636983.00165 3.231635 -8.076146 -1.341337 0.707374 -0.431169 0.482289 0.284801 0.0003475427 -0.0000048767 -0.0001393012 0.0000004775 0.0000018792 0.0000562767 0.0287734421 0.0104033280 0.0000108394 0.0069363430 0.0000131070 0.0026653371
1403636983.05165 3.252512 -8.119905 -1.343515 0.705831 -0.429377 0.484877 0.286934 0.0003497742 -0.0000042777 -0.0001369521 0.0000004631 0.0000015985 0.0000540634 0.0290581887 0.0105273465 0.0000107511 0.0069908081 0.0000131724 0.0026652892
1403636983.10165 3.271776 -8.163230 -1.345964 0.704433 -0.427982 0.487056 0.288760 0.0003516519 -0.0000038154 -0.0001349137 0.0000004537 0.0000013863 0.0000522002 0.0293426535 0.0106514886 0.0000107056 0.0070454155 0.0000132595 0.0026651622
1403636983.15165 3.291246 -8.207929 -1.349202 0.703573 -0.426293 0.488444 0.291002 0.0003532141 -0.0000026405 -0.0001331906 0.0000004327 0.0000009168 0.0000506627 0.0296266277 0.0107699582 0.0000107275 0.0070953476 0.0000134052 0.0026649043
1403636983.20165 3.311276 -8.251879 -1.355232 0.703545 -0.424438 0.488521 0.293639 0.0003541197 -0.0000005863 -0.0001321833 0.0000004158 0.0000001383 0.0000497797 0.0299195173 0.0108909278 0.0000106639 0.0071461198 0.0000135224 0.0026648084
1403636983.25165 3.331233 -8.295346 -1.362561 0.703130 -0.422982 0.489244 0.295525 0.0003551382 0.0000006292 -0.0001310050 0.0000004177 -0.0000003141 0.0000487651 0.0302089160 0.0110144669 0.0000106015 0.0071994752 0.0000136542 0.0026647249
1403636983.30165 3.351334 -8.338424 -1.371265 0.702944 -0.421839 0.489147 0.297752 0.0003558101 0.0000022263 -0.0001302020 0.0000004327 -0.0000008981 0.0000480847 0.0304949005 0.0111373477 0.0000105143 0.0072528600 0.0000137968 0.0026646880
1403636983.35165 3.371524 -8.380846 -1.381233 0.702468 -0.421667 0.489611 0.298355 0.0003562623 0.0000023547 -0.0001296685 0.0000004363 -0.0000009414 0.0000476357 0.0307787614 0.0112608799 0.0000104229 0.0073070947 0.0000139497 0.0026646703
1403636983.40165 3.390923 -8.422075 -1.391673 0.702320 -0.420646 0.489460 0.300387 0.0003568172 0.0000038380 -0.0001289739 0.0000004638 -0.0000014728 0.0000470582 0.0310599930 0.0113840101 0.0000103023 0.0073611817 0.0000141718 0.0026646045
1403636983.45165 3.411905 -8.463334 -1.402360 0.701674 -0.421043 0.489959 0.300528 0.0003571477 0.0000034440 -0.0001285928 0.0000004576 -0.0000013261 0.0000467404 0.0313343009 0.0115047538 0.0000101919 0.0074146802 0.0000143763 0.0026645938
1403636983.50165 3.432590 -8.503845 -1.412119 0.701888 -0.421728 0.489169 0.300355 0.0003566601 0.0000033911 -0.0001291861 0.0000004585 -0.0000013150 0.0000472337 0.0316081417 0.0116306400 0.0000100813 0.0074723719 0.0000145959 0.0026645790
1403636983.55165 3.453031 -8.543219 -1.420227 0.702550 -0.422413 0.487672 0.300279 0.0003558377 0.0000037388 -0.0001301607 0.0000004675 -0.0000014551 0.0000480536 0.0318781268 0.0117548238 0.0000099599 0.0075293793 0.0000148271 0.0026645631
1403636983.60165 3.473781 -8.581269 -1.426967 0.703645 -0.423079 0.485347 0.300543 0.0003546483 0.0000046195 -0.0001315314 0.0000004906 -0.0000018019 0.0000492266 0.0321395113 0.0118778959 0.0000098363 0.0075869276 0.0000150527 0.0026645620
1403636983.65165 3.494752 -8.618285 -1.432138 0.705409 -0.424672 0.482102 0.299382 0.0003524691 0.0000048473 -0.0001340170 0.0000004991 -0.0000019327 0.0000514040 0.0323967627 0.0120018592 0.0000097219 0.0076459441 0.0000152825 0.0026645721
1403636983.70165 3.516925 -8.655942 -1.434666 0.706567 -0.425930 0.479553 0.298959 0.0003509124 0.0000052166 -0.0001357370 0.0000005123 -0.0000021082 0.0000529553 0.0326527909 0.0121277423 0.0000096209 0.0077068911 0.0000154865 0.0026645902
1403636983.75165 3.539568 -8.693358 -1.434480 0.707964 -0.427106 0.476701 0.298537 0.0003491517 0.0000057886 -0.0001376269 0.0000005331 -0.0000023727 0.0000547031 0.0329119333 0.0122592803 0.0000095152 0.0077719692 0.0000156726 0.0026646043
1403636983.80165 3.563721 -8.732358 -1.432039 0.709059 -0.427536 0.474374 0.299029 0.0003479929 0.0000068944 -0.0001388097 0.0000005754 -0.0000028414 0.0000558258 0.0331734149 0.0123934845 0.0000093820 0.0078387033 0.0000157879 0.0026645558
1403636983.85165 3.587760 -8.770450 -1.428611 0.710188 -0.428847 0.471798 0.298546 0.0003463346 0.0000072257 -0.0001405223 0.0000005920 -0.0000030233 0.0000574764 0.0334426798 0.0125338259 0.0000093099 0.0079094517 0.0000159103 0.0026645499
1403636983.90165 3.612054 -8.809171 -1.423849 0.710904 -0.429665 0.470254 0.298103 0.0003452944 0.0000073613 -0.0001415811 0.0000006004 -0.0000031098 0.0000585163 0.0337082334 0.0126738602 0.0000092135 0.0079805322 0.0000159732 0.0026645451
1403636983.95165 3.637359 -8.846727 -1.417378 0.711081 -0.431172 0.468957 0.297547 0.0003443535 0.0000069696 -0.0001425525 0.0000005870 -0.0000029765 0.0000594796 0.0339848385 0.0128184231 0.0000091586 0.0080537107 0.0000160467 0.0026645690
1403636984.00165 3.663100 -8.884165 -1.408968 0.711347 -0.432343 0.467753 0.297107 0.0003435078 0.0000067882 -0.0001434064 0.0000005824 -0.0000029250 0.0000603388 0.0342534455 0.0129659190 0.0000091139 0.0081306238 0.0000160785 0.0026645807
1403636984.05165 3.689965 -8.923038 -1.399701 0.711753 -0.433751 0.466346 0.296291 0.0003424106 0.0000063897 -0.0001445043 0.0000005698 -0.0000027874 0.0000614571 0.0345223924 0.0131149558 0.0000090716 0.0082087964 0.0000160579 0.0026645720
1403636984.10165 3.717687 -8.961633 -1.390460 0.711613 -0.434561 0.465605 0.296606 0.0003421006 0.0000064853 -0.0001448060 0.0000005758 -0.0000028359 0.0000617698 0.0348041788 0.0132711551 0.0000090468 0.0082907215 0.0000160045 0.0026645406
1403636984.15165 3.746114 -9.002609 -1.382631 0.710614 -0.434469 0.466488 0.297748 0.0003430445 0.0000066199 -0.0001438856 0.0000005827 -0.0000028670 0.0000608271 0.0350848756 0.0134301508 0.0000090199 0.0083751820 0.0000159500 0.0026644943
1403636984.20165 3.775300 -9.044652 -1.376820 0.709061 -0.434152 0.467973 0.299577 0.0003445773 0.0000068929 -0.0001423589 0.0000005951 -0.0000029379 0.0000592900 0.0353828527 0.0135960413 0.0000089678 0.0084624696 0.0000158263 0.0026644140
1403636984.25165 3.805849 -9.086758 -1.372874 0.706532 -0.433989 0.470933 0.301146 0.0003468878 0.0000062729 -0.0001400418 0.0000005726 -0.0000026218 0.0000570107 0.0356881895 0.0137678363 0.0000089295 0.0085536197 0.0000157561 0.0026643344
1403636984.30165 3.836989 -9.128931 -1.370868 0.705068 -0.432981 0.472471 0.303609 0.0003486190 0.0000071126 -0.0001381933 0.0000006066 -0.0000029090 0.0000552544 0.0359979725 0.0139453587 0.0000088664 0.0086489898 0.0000157024 0.0026642506
1403636984.35165 3.868429 -9.170827 -1.370987 0.703057 -0.433147 0.474699 0.304558 0.0003502465 0.0000063980 -0.0001364873 0.0000005801 -0.0000025822 0.0000536616 0.0363061404 0.0141250034 0.0000088023 0.0087464710 0.0000156429 0.0026641526
1403636984.40165 3.901018 -9.213310 -1.373158 0.702083 -0.433005 0.475505 0.305748 0.0003511052 0.0000065844 -0.0001355458 0.0000005889 -0.0000026310 0.0000528029 0.0366152239 0.0143073037 0.0000087140 0.0088462695 0.0000156179 0.0026640576
1403636984.45165 3.934125 -9.255948 -1.377027 0.701001 -0.432355 0.476600 0.307439 0.0003522917 0.0000071177 -0.0001342080 0.0000006114 -0.0000028008 0.0000516028 0.0369286512 0.0144952456 0.0000086242 0.0089501789 0.0000156175 0.0026639432
1403636984.50165 3.967092 -9.297399 -1.382270 0.699758 -0.432217 0.477820 0.308569 0.0003533556 0.0000070938 -0.0001330148 0.0000006121 -0.0000027595 0.0000505471 0.0372433243 0.0146859286 0.0000085044 0.0090564840 0.0000156517 0.0026638587
1403636984.55165 4.000547 -9.338117 -1.388745 0.699393 -0.432031 0.478112 0.309205 0.0003537313 0.0000073144 -0.0001325805 0.0000006230 -0.0000028309 0.0000501695 0.0375488068 0.0148749488 0.0000083733 0.0091632145 0.0000157071 0.0026637852
1403636984.60165 4.034165 -9.377084 -1.394620 0.698965 -0.431790 0.478671 0.309643 0.0003541830 0.0000073488 -0.0001320664 0.0000006261 -0.0000028296 0.0000497236 0.0378501166 0.0150656594 0.0000082826 0.0092727830 0.0000157820 0.0026637682
1403636984.65165 4.068140 -9.416533 -1.399276 0.698925 -0.431675 0.478784 0.309719 0.0003542766 0.0000073916 -0.0001319625 0.0000006295 -0.0000028428 0.0000496344 0.0381407969 0.0152554399 0.0000081741 0.0093836329 0.0000158483 0.0026637348
1403636984.70166 4.102338 -9.454647 -1.402484 0.698875 -0.431003 0.479126 0.310240 0.0003546240 0.0000077854 -0.0001315444 0.0000006480 -0.0000029777 0.0000492771 0.0384325175 0.0154461697 0.0000080691 0.0094954618 0.0000159319 0.0026637116
1403636984.75165 4.136938 -9.492576 -1.404211 0.698191 -0.431239 0.480580 0.309201 0.0003550986 0.0000065183 -0.0001310677 0.0000005980 -0.0000024952 0.0000488608 0.0387185281 0.0156382390 0.0000079591 0.0096097634 0.0000160112 0.0026636818
1403636984.80165 4.171804 -9.530220 -1.405010 0.697373 -0.431950 0.481961 0.307903 0.0003554503 0.0000049361 -0.0001307320 0.0000005482 -0.0000019041 0.0000485671 0.0390045982 0.0158317604 0.0000078485 0.0097255838 0.0000160833 0.0026636492
1403636984.85165 4.206764 -9.566865 -1.404742 0.696708 -0.433290 0.483211 0.305557 0.0003553686 0.0000026385 -0.0001309009 0.0000005003 -0.0000010596 0.0000487046 0.0392860899 0.0160252371 0.0000077404 0.0098425019 0.0000161482 0.0026636102
1403636984.90165 4.240782 -9.601604 -1.403099 0.695747 -0.434925 0.484634 0.303159 0.0003553495 0.0000000935 -0.0001309564 0.0000004819 -0.0000001211 0.0000487500 0.0395609257 0.0162170807 0.0000076431 0.0099594832 0.0000162039 0.0026635678
1403636984.95165 4.275507 -9.636624 -1.399924 0.694951 -0.435371 0.485792 0.302491 0.0003557575 -0.0000009912 -0.0001304802 0.0000004865 0.0000002770 0.0000483464 0.0398219265 0.0164025356 0.0000075656 0.0100736989 0.0000162602 0.0026635438
1403636985.00165 4.309605 -9.670584 -1.395464 0.694909 -0.435701 0.485912 0.301920 0.0003556332 -0.0000014575 -0.0001306283 0.0000004916 0.0000004486 0.0000484744 0.0400843933 0.0165916720 0.0000075004 0.0101912536 0.0000162913 0.0026635110
1403636985.05165 4.344034 -9.705788 -1.389756 0.695023 -0.435932 0.485629 0.301781 0.0003554604 -0.0000014953 -0.0001308351 0.0000004929 0.0000004638 0.0000486513 0.0403470503 0.0167801219 0.0000073757 0.0103077521 0.0000161746 0.0026634004
1403636985.10165 4.377302 -9.739395 -1.384686 0.695603 -0.435308 0.484644 0.302927 0.0003553046 -0.0000002023 -0.0001310316 0.0000004890 -0.0000000130 0.0000488198 0.0406200153 0.0169735106 0.0000073246 0.0104276179 0.0000161635 0.0026633693
1403636985.15165 4.409652 -9.770742 -1.381708 0.696909 -0.435002 0.482543 0.303717 0.0003544330 0.0000013258 -0.0001320429 0.0000004958 -0.0000005826 0.0000496926 0.0408778875 0.0171595845 0.0000072721 0.0105440012 0.0000161210 0.0026633385
1403636985.20165 4.443928 -9.804106 -1.381257 0.697062 -0.434281 0.482102 0.305095 0.0003546644 0.0000024684 -0.0001317638 0.0000005101 -0.0000010067 0.0000494547 0.0411214250 0.0173406311 0.0000072389 0.0106590106 0.0000161195 0.0026633162
1403636985.25165 4.477391 -9.836922 -1.384751 0.697185 -0.433665 0.481610 0.306462 0.0003548493 0.0000036234 -0.0001315283 0.0000005322 -0.0000014339 0.0000492567 0.0413779018 0.0175324427 0.0000071945 0.0107816788 0.0000161740 0.0026633061
1403636985.30165 4.512271 -9.870502 -1.391454 0.697162 -0.433346 0.481363 0.307353 0.0003550197 0.0000042779 -0.0001313161 0.0000005489 -0.0000016740 0.0000490784 0.0416374925 0.0177238470 0.0000071250 0.0109035338 0.0000162491 0.0026633062
1403636985.35165 4.547396 -9.903195 -1.399579 0.697894 -0.432343 0.481160 0.307421 0.0003549077 0.0000049081 -0.0001314302 0.0000005670 -0.0000019104 0.0000491815 0.0419010885 0.0179228231 0.0000070466 0.0110318936 0.0000163423 0.0026633202
1403636985.40165 4.582941 -9.935270 -1.407040 0.699358 -0.430157 0.481357 0.306854 0.0003548024 0.0000056819 -0.0001315272 0.0000005913 -0.0000022005 0.0000492715 0.0421573177 0.0181224758 0.0000069576 0.0111626707 0.0000164601 0.0026633383
1403636985.45165 4.618943 -9.966578 -1.413379 0.702415 -0.426404 0.480872 0.305868 0.0003541364 0.0000073885 -0.0001322178 0.0000006553 -0.0000028547 0.0000498827 0.0424111880 0.0183248226 0.0000068512 0.0112968726 0.0000165880 0.0026633788
1403636985.50165 4.656164 -9.998494 -1.417173 0.705226 -0.421855 0.481698 0.304403 0.0003540252 0.0000086470 -0.0001322747 0.0000007123 -0.0000033286 0.0000499449 0.0426592518 0.0185279415 0.0000067102 0.0114330183 0.0000167298 0.0026634093
1403636985.55165 4.693138 -10.028881 -1.419566 0.707424 -0.417585 0.483196 0.302813 0.0003542622 0.0000093876 -0.0001319573 0.0000007500 -0.0000035959 0.0000496791 0.0429115437 0.0187369195 0.0000065572 0.0115743470 0.0000168654 0.0026634520
1403636985.60165 4.730527 -10.058603 -1.419905 0.709353 -0.413343 0.484366 0.302252 0.0003546342 0.0000107148 -0.0001314315 0.0000008253 -0.0000040716 0.0000492406 0.0431518821 0.0189422245 0.0000064167 0.0117154603 0.0000169879 0.0026635106
1403636985.65165 4.768388 -10.088048 -1.418499 0.711455 -0.408950 0.484927 0.302386 0.0003548679 0.0000127088 -0.0001309872 0.0000009573 -0.0000047931 0.0000488833 0.0433869624 0.0191498072 0.0000062804 0.0118603409 0.0000170997 0.0026635809
1403636985.70165 4.806812 -10.116615 -1.415378 0.712533 -0.405152 0.486248 0.302840 0.0003556313 0.0000141996 -0.0001299431 0.0000010698 -0.0000052916 0.0000480157 0.0436188235 0.0193583595 0.0000061562 0.0120073412 0.0000172039 0.0026636627
1403636985.75165 4.845757 -10.144480 -1.410714 0.713055 -0.401726 0.488114 0.303175 0.0003566652 0.0000152185 -0.0001286014 0.0000011528 -0.0000055912 0.0000469072 0.0438448064 0.0195692243 0.0000060394 0.0121583253 0.0000172964 0.0026637372
1403636985.80165 4.884770 -10.171142 -1.404976 0.712995 -0.398607 0.490635 0.303360 0.0003580300 0.0000157445 -0.0001268852 0.0000011960 -0.0000056837 0.0000455059 0.0440639264 0.0197814384 0.0000058740 0.0123119555 0.0000173179 0.0026637393
1403636985.85165 4.925304 -10.197231 -1.398083 0.710024 -0.394746 0.496881 0.305205 0.0003618967 0.0000156835 -0.0001219947 0.0000011837 -0.0000053900 0.0000416592 0.0442745962 0.0199922099 0.0000057620 0.0124671896 0.0000173375 0.0026637877
1403636985.90164 4.966874 -10.222884 -1.391827 0.705364 -0.390134 0.505271 0.308154 0.0003670207 0.0000155471 -0.0001149990 0.0000011628 -0.0000049734 0.0000365628 0.0444802440 0.0202087940 0.0000056339 0.0126293565 0.0000172693 0.0026637814
1403636985.95164 5.009205 -10.247464 -1.387426 0.699474 -0.385539 0.514869 0.311459 0.0003725631 0.0000149800 -0.0001067011 0.0000011067 -0.0000043909 0.0000310837 0.0446793713 0.0204278019 0.0000055221 0.0127960955 0.0000172597 0.0026637750
1403636986.00165 5.049762 -10.268231 -1.385759 0.696069 -0.381986 0.520485 0.314117 0.0003757651 0.0000154210 -0.0001013489 0.0000011381 -0.0000042594 0.0000278579 0.0448648818 0.0206443123 0.0000054079 0.0129647555 0.0000172783 0.0026638103
1403636986.05165 5.089768 -10.286676 -1.387015 0.695232 -0.379550 0.522052 0.316316 0.0003768920 0.0000169588 -0.0000991506 0.0000012699 -0.0000045620 0.0000266071 0.0450177394 0.0208448706 0.0000053066 0.0131264827 0.0000172734 0.0026638528
1403636986.10166 5.129474 -10.302465 -1.391592 0.696078 -0.379794 0.521705 0.314731 0.0003763871 0.0000163009 -0.0001001524 0.0000012133 -0.0000044381 0.0000271751 0.0451498451 0.0210398021 0.0000052106 0.0132879775 0.0000172300 0.0026637764
1403636986.15167 5.168295 -10.315199 -1.397871 0.699552 -0.381716 0.517452 0.311708 0.0003737315 0.0000159447 -0.0001046996 0.0000011886 -0.0000045680 0.0000298625 0.0452616582 0.0212293647 0.0000050985 0.0134503226 0.0000172684 0.0026638049
1403636986.20168 5.206455 -10.325145 -1.405584 0.703348 -0.384485 0.512545 0.307849 0.0003704708 0.0000150490 -0.0001099989 0.0000011207 -0.0000045698 0.0000331981 0.0453488323 0.0214092423 0.0000049842 0.0136099028 0.0000173346 0.0026638354
1403636986.25168 5.244165 -10.333297 -1.414193 0.708658 -0.387093 0.505213 0.304503 0.0003659171 0.0000155462 -0.0001166115 0.0000011711 -0.0000050567 0.0000377075 0.0454150616 0.0215808604 0.0000048714 0.0137671846 0.0000174066 0.0026638946
1403636986.30169 5.281603 -10.339282 -1.423145 0.711889 -0.389436 0.500828 0.301205 0.0003627611 0.0000148414 -0.0001210163 0.0000011192 -0.0000050540 0.0000409226 0.0454718656 0.0217507830 0.0000047483 0.0139260748 0.0000174839 0.0026639665
1403636986.35169 5.319515 -10.344404 -1.432284 0.714810 -0.390561 0.496745 0.299588 0.0003600979 0.0000153594 -0.0001244150 0.0000011690 -0.0000054105 0.0000435432 0.0455136372 0.0219166822 0.0000046172 0.0140858086 0.0000175677 0.0026640536
1403636986.40168 5.357448 -10.347844 -1.441984 0.715919 -0.393194 0.495406 0.295689 0.0003583439 0.0000128640 -0.0001268940 0.0000009765 -0.0000046583 0.0000454966 0.0455476918 0.0220833047 0.0000044746 0.0142491422 0.0000176687 0.0026641334
1403636986.45168 5.395747 -10.350545 -1.451589 0.715838 -0.395909 0.495717 0.291714 0.0003574589 0.0000095606 -0.0001282705 0.0000007710 -0.0000035320 0.0000465933 0.0455704861 0.0222473295 0.0000043180 0.0144136830 0.0000177718 0.0026642159
1403636986.50168 5.435763 -10.351731 -1.461013 0.715842 -0.398272 0.495977 0.288021 0.0003565441 0.0000065466 -0.0001295622 0.0000006357 -0.0000024779 0.0000476476 0.0455874851 0.0224111772 0.0000040037 0.0145800172 0.0000179509 0.0026642862
1403636986.55168 5.474421 -10.353168 -1.467833 0.714648 -0.400684 0.497899 0.284301 0.0003565478 0.0000028034 -0.0001296983 0.0000005385 -0.0000011165 0.0000477471 0.0455933330 0.0225794623 0.0000037532 0.0147558284 0.0000180707 0.0026644020
1403636986.60168 5.513319 -10.353527 -1.472475 0.714068 -0.402213 0.499053 0.281562 0.0003563430 0.0000002539 -0.0001299769 0.0000005180 -0.0000001879 0.0000479786 0.0455971453 0.0227372709 0.0000035022 0.0149224350 0.0000181841 0.0026645294
1403636986.65168 5.552357 -10.353627 -1.474818 0.713750 -0.403301 0.499639 0.279769 0.0003560997 -0.0000013781 -0.0001302627 0.0000005247 0.0000004099 0.0000482209 0.0455960611 0.0228950952 0.0000032692 0.0150914392 0.0000182850 0.0026646447
1403636986.70168 5.591608 -10.354054 -1.474725 0.712767 -0.405157 0.501156 0.276862 0.0003559995 -0.0000043277 -0.0001303212 0.0000005731 0.0000014918 0.0000482774 0.0455963501 0.0230552649 0.0000030947 0.0152636293 0.0000183157 0.0026647252
1403636986.75168 5.630186 -10.354189 -1.472094 0.711879 -0.406260 0.502662 0.274795 0.0003561439 -0.0000065156 -0.0001300640 0.0000006415 0.0000022882 0.0000480705 0.0456047167 0.0232186772 0.0000029080 0.0154385249 0.0000183519 0.0026648206
1403636986.80168 5.668066 -10.354145 -1.467357 0.710907 -0.408334 0.503953 0.271855 0.0003558372 -0.0000094888 -0.0001302484 0.0000007772 0.0000033835 0.0000482473 0.0456087061 0.0233770569 0.0000027579 0.0156102851 0.0000183533 0.0026649018
1403636986.85168 5.704937 -10.353473 -1.460080 0.709918 -0.408292 0.505414 0.271792 0.0003565894 -0.0000101836 -0.0001293068 0.0000008167 0.0000036037 0.0000474598 0.0456079817 0.0235291984 0.0000027230 0.0157773971 0.0000182515 0.0026649259
1403636986.90168 5.741196 -10.353510 -1.450819 0.709420 -0.409064 0.505779 0.271254 0.0003565971 -0.0000109753 -0.0001292365 0.0000008660 0.0000038890 0.0000474082 0.0456036734 0.0236765426 0.0000026633 0.0159415533 0.0000181740 0.0026649872
1403636986.95168 5.776970 -10.353509 -1.438871 0.709206 -0.408174 0.506079 0.272590 0.0003572141 -0.0000100621 -0.0001285733 0.0000008136 0.0000035326 0.0000468482 0.0456076453 0.0238249680 0.0000026522 0.0161050039 0.0000180622 0.0026650263
1403636987.00168 5.811474 -10.350781 -1.424891 0.709045 -0.407717 0.505844 0.274125 0.0003575702 -0.0000090198 -0.0001282203 0.0000007587 0.0000031448 0.0000465482 0.0456079023 0.0239695617 0.0000026913 0.0162654149 0.0000179023 0.0026650092
1403636987.05168 5.844461 -10.350351 -1.408962 0.709292 -0.406223 0.504888 0.277444 0.0003581992 -0.0000063129 -0.0001276192 0.0000006454 0.0000021583 0.0000460373 0.0455790231 0.0240991977 0.0000028197 0.0164200204 0.0000176607 0.0026650323
1403636987.10168 5.876307 -10.348821 -1.392609 0.709196 -0.405341 0.504517 0.279646 0.0003587036 -0.0000047108 -0.0001270715 0.0000005987 0.0000015773 0.0000455839 0.0455718256 0.0242311532 0.0000029879 0.0165711694 0.0000173931 0.0026650380
1403636987.15168 5.908032 -10.347763 -1.377418 0.708853 -0.405096 0.504427 0.281030 0.0003591098 -0.0000039034 -0.0001265993 0.0000005819 0.0000012843 0.0000451990 0.0455563921 0.0243559929 0.0000031809 0.0167177679 0.0000171169 0.0026650415
1403636987.20168 5.938696 -10.346233 -1.363204 0.708193 -0.404858 0.504653 0.282627 0.0003597290 -0.0000031500 -0.0001258508 0.0000005694 0.0000010101 0.0000445959 0.0455448153 0.0244809585 0.0000034337 0.0168640076 0.0000168182 0.0026650104
1403636987.25168 5.969304 -10.344678 -1.351041 0.706875 -0.405836 0.505833 0.282414 0.0003602763 -0.0000042973 -0.0001251308 0.0000005956 0.0000014012 0.0000440269 0.0455291508 0.0246009444 0.0000036271 0.0170068263 0.0000165436 0.0026650203
1403636987.30168 5.999400 -10.342977 -1.340181 0.706294 -0.405386 0.505951 0.284296 0.0003609322 -0.0000032572 -0.0001243318 0.0000005764 0.0000010305 0.0000433942 0.0455137600 0.0247205071 0.0000038680 0.0171497225 0.0000162537 0.0026649978
1403636987.35168 6.029341 -10.340943 -1.331390 0.705910 -0.405394 0.506418 0.284408 0.0003612128 -0.0000034405 -0.0001239704 0.0000005821 0.0000010893 0.0000431127 0.0454952462 0.0248382549 0.0000040406 0.0172926260 0.0000160137 0.0026650092
1403636987.40167 6.059035 -10.338518 -1.323743 0.705208 -0.404432 0.508157 0.284417 0.0003621341 -0.0000037579 -0.0001227730 0.0000005905 0.0000011826 0.0000421883 0.0454741935 0.0249548347 0.0000041854 0.0174358699 0.0000157946 0.0026650388
1403636987.45167 6.088144 -10.335296 -1.316949 0.705739 -0.401787 0.509152 0.285068 0.0003628752 -0.0000025474 -0.0001218349 0.0000005708 0.0000007637 0.0000414701 0.0454491559 0.0250691400 0.0000043578 0.0175784086 0.0000155696 0.0026650198
1403636987.50167 6.116695 -10.331789 -1.311235 0.704590 -0.398718 0.512367 0.286456 0.0003649548 -0.0000018474 -0.0001190582 0.0000005641 0.0000005108 0.0000394022 0.0454175193 0.0251779636 0.0000044555 0.0177177716 0.0000154014 0.0026650525
1403636987.55167 6.144865 -10.327437 -1.306688 0.704367 -0.395252 0.514023 0.288832 0.0003664846 0.0000002476 -0.0001169550 0.0000005570 -0.0000001719 0.0000378844 0.0453808959 0.0252824789 0.0000045374 0.0178545243 0.0000152576 0.0026650845
1403636987.60167 6.172185 -10.322078 -1.303178 0.703747 -0.392521 0.516330 0.289949 0.0003679557 0.0000011089 -0.0001148588 0.0000005621 -0.0000004395 0.0000364134 0.0453350446 0.0253823295 0.0000045968 0.0179896950 0.0000151315 0.0026651236
1403636987.65167 6.200478 -10.316420 -1.300611 0.703491 -0.390836 0.517824 0.290182 0.0003687626 0.0000013974 -0.0001136835 0.0000005646 -0.0000005241 0.0000356059 0.0452800343 0.0254755488 0.0000045889 0.0181203673 0.0000150906 0.0026650700
1403636987.70167 6.226695 -10.309049 -1.298898 0.703689 -0.389113 0.518722 0.290413 0.0003692580 0.0000019893 -0.0001129491 0.0000005721 -0.0000007022 0.0000351082 0.0452239292 0.0255727802 0.0000046303 0.0182575896 0.0000149737 0.0026651148
1403636987.75167 6.251738 -10.300051 -1.296535 0.703986 -0.388018 0.519571 0.289641 0.0003694706 0.0000018259 -0.0001126410 0.0000005722 -0.0000006506 0.0000349008 0.0451516551 0.0256559405 0.0000046612 0.0183844473 0.0000148687 0.0026651590
1403636987.80167 6.275415 -10.289308 -1.292650 0.704210 -0.387601 0.520513 0.287959 0.0003694808 0.0000008575 -0.0001126420 0.0000005668 -0.0000003552 0.0000349011 0.0450671848 0.0257302729 0.0000046897 0.0185057862 0.0000147666 0.0026651993
1403636987.85167 6.299319 -10.277689 -1.286833 0.704636 -0.387294 0.520934 0.286564 0.0003693087 0.0000001720 -0.0001129039 0.0000005664 -0.0000001462 0.0000350780 0.0449709190 0.0257952278 0.0000047053 0.0186207354 0.0000146670 0.0026652354
1403636987.90167 6.322132 -10.264935 -1.279528 0.704757 -0.388731 0.521695 0.282912 0.0003686962 -0.0000025808 -0.0001137814 0.0000005859 0.0000007036 0.0000356763 0.0448628117 0.0258556098 0.0000047590 0.0187353227 0.0000145397 0.0026652704
1403636987.95167 6.344778 -10.251522 -1.270764 0.705306 -0.390505 0.521827 0.278830 0.0003676044 -0.0000054245 -0.0001152680 0.0000006491 0.0000016090 0.0000367093 0.0447504887 0.0259109619 0.0000047610 0.0188458098 0.0000144267 0.0026652835
1403636988.00167 6.365960 -10.237135 -1.261549 0.705913 -0.393520 0.521547 0.273528 0.0003658704 -0.0000092697 -0.0001174825 0.0000008056 0.0000028861 0.0000382926 0.0446364699 0.0259656642 0.0000048584 0.0189571542 0.0000142544 0.0026653294
1403636988.05167 6.386127 -10.222138 -1.252978 0.706657 -0.396846 0.520569 0.268620 0.0003638177 -0.0000127749 -0.0001199748 0.0000010212 0.0000041238 0.0000401354 0.0445154342 0.0260097131 0.0000049688 0.0190586330 0.0000140729 0.0026653702
1403636988.10167 6.405183 -10.207215 -1.245205 0.707065 -0.399886 0.520066 0.263973 0.0003620235 -0.0000162222 -0.0001219507 0.0000013013 0.0000053773 0.0000416549 0.0443912204 0.0260489506 0.0000050810 0.0191559696 0.0000139004 0.0026654063
1403636988.15167 6.423158 -10.191878 -1.238993 0.707495 -0.402349 0.519204 0.260753 0.0003604464 -0.0000185523 -0.0001236683 0.0000015315 0.0000062793 0.0000430076 0.0442701798 0.0260832682 0.0000051983 0.0192465228 0.0000137261 0.0026654618
1403636988.20167 6.440104 -10.176701 -1.233762 0.706855 -0.404600 0.519749 0.257909 0.0003596699 -0.0000212497 -0.0001242292 0.0000018342 0.0000072551 0.0000434869 0.0441474543 0.0261126956 0.0000053057 0.0193321012 0.0000135647 0.0026655134
1403636988.25167 6.456452 -10.161804 -1.229679 0.705555 -0.405890 0.521162 0.256584 0.0003598423 -0.0000231799 -0.0001236667 0.0000020733 0.0000078829 0.0000430784 0.0440270638 0.0261376769 0.0000053535 0.0194112980 0.0000134588 0.0026655356
1403636988.30167 6.470803 -10.147625 -1.225821 0.702513 -0.406709 0.524870 0.256077 0.0003614169 -0.0000255798 -0.0001211559 0.0000023931 0.0000084930 0.0000411896 0.0439090668 0.0261611137 0.0000054340 0.0194883506 0.0000133211 0.0026656103
1403636988.35167 6.483005 -10.133508 -1.221742 0.699281 -0.406021 0.528908 0.257699 0.0003638806 -0.0000264192 -0.0001176672 0.0000025031 0.0000084615 0.0000386210 0.0437964975 0.0261760646 0.0000054873 0.0195526910 0.0000132072 0.0026656742
1403636988.40167 6.493370 -10.119596 -1.216128 0.696111 -0.405354 0.532964 0.258973 0.0003661668 -0.0000274354 -0.0001142254 0.0000026428 0.0000084773 0.0000362000 0.0436857626 0.0261828372 0.0000055407 0.0196060867 0.0000131025 0.0026657323
1403636988.45167 6.501858 -10.105487 -1.208511 0.694181 -0.403677 0.535591 0.261342 0.0003681937 -0.0000267614 -0.0001114282 0.0000025342 0.0000080175 0.0000342867 0.0435710506 0.0261782981 0.0000055978 0.0196468635 0.0000130094 0.0026657944
1403636988.50167 6.509717 -10.089908 -1.198507 0.692456 -0.402230 0.537850 0.263500 0.0003699378 -0.0000261289 -0.0001089413 0.0000024356 0.0000076133 0.0000326425 0.0434473939 0.0261620368 0.0000056111 0.0196761456 0.0000129817 0.0026657542
1403636988.55167 6.513520 -10.073621 -1.187335 0.691236 -0.401643 0.539552 0.264118 0.0003708842 -0.0000263641 -0.0001074163 0.0000024658 0.0000075545 0.0000316698 0.0433147298 0.0261416398 0.0000056511 0.0197042262 0.0000128848 0.0026658000
1403636988.60167 6.514797 -10.056897 -1.174696 0.690343 -0.401107 0.540805 0.264705 0.0003716320 -0.0000264310 -0.0001062212 0.0000024734 0.0000074735 0.0000309194 0.0431745146 0.0261009661 0.0000057554 0.0197095149 0.0000127571 0.0026658706
1403636988.65167 6.514286 -10.039807 -1.162118 0.689887 -0.401021 0.541420 0.264770 0.0003719129 -0.0000266581 -0.0001057195 0.0000025063 0.0000074969 0.0000306103 0.0430366122 0.0260535046 0.0000058729 0.0197050586 0.0000126285 0.0026659344
1403636988.70167 6.511868 -10.022262 -1.150516 0.689267 -0.401042 0.542217 0.264720 0.0003722255 -0.0000270795 -0.0001051129 0.0000025673 0.0000075663 0.0000302411 0.0428953626 0.0259979034 0.0000059971 0.0196914580 0.0000125002 0.0026659937
1403636988.75167 6.507489 -10.004219 -1.140119 0.689014 -0.399918 0.542572 0.266346 0.0003729430 -0.0000259220 -0.0001042422 0.0000024006 0.0000071645 0.0000296946 0.0427499629 0.0259333504 0.0000061246 0.0196679865 0.0000123800 0.0026660540
1403636988.80167 6.501226 -9.985497 -1.131396 0.687815 -0.399699 0.544156 0.266543 0.0003736600 -0.0000264909 -0.0001029179 0.0000024786 0.0000072156 0.0000289034 0.0426000914 0.0258601331 0.0000062486 0.0196351019 0.0000122689 0.0026661104
1403636988.85167 6.493859 -9.966233 -1.124553 0.686672 -0.399525 0.545663 0.266671 0.0003743061 -0.0000270887 -0.0001016766 0.0000025618 0.0000072777 0.0000281749 0.0424447623 0.0257761904 0.0000063815 0.0195903088 0.0000122001 0.0026661187
1403636988.90167 6.482805 -9.946006 -1.118739 0.685244 -0.399415 0.547447 0.266852 0.0003750658 -0.0000278127 -0.0001001852 0.0000026655 0.0000073488 0.0000273150 0.0422863034 0.0256872023 0.0000064895 0.0195404841 0.0000121090 0.0026661909
1403636988.95167 6.469532 -9.925055 -1.114202 0.683626 -0.399662 0.549456 0.266504 0.0003757125 -0.0000290912 -0.0000986967 0.0000028573 0.0000075621 0.0000264798 0.0421193030 0.0255807783 0.0000065833 0.0194714931 0.0000120309 0.0026662584
1403636989.00167 6.453875 -9.903218 -1.110887 0.682519 -0.399660 0.550654 0.266870 0.0003762699 -0.0000295147 -0.0000975860 0.0000029215 0.0000075749 0.0000258611 0.0419464624 0.0254624614 0.0000066710 0.0193894093 0.0000119677 0.0026663302
1403636989.05168 6.435364 -9.880100 -1.108914 0.680829 -0.400265 0.552571 0.266318 0.0003767549 -0.0000310458 -0.0000962381 0.0000031664 0.0000078510 0.0000251338 0.0417651911 0.0253318288 0.0000067518 0.0192947784 0.0000119149 0.0026664149
1403636989.10168 6.414202 -9.856059 -1.108082 0.680587 -0.400210 0.552640 0.266877 0.0003769404 -0.0000308146 -0.0000959732 0.0000031276 0.0000077668 0.0000249850 0.0415748895 0.0251867193 0.0000067596 0.0191849276 0.0000119203 0.0026663693
1403636989.15168 6.390796 -9.831070 -1.107682 0.680123 -0.400805 0.552953 0.266515 0.0003768989 -0.0000314336 -0.0000958481 0.0000032315 0.0000079151 0.0000249239 0.0413779339 0.0250307532 0.0000068039 0.0190638452 0.0000118941 0.0026664522
1403636989.20168 6.365006 -9.805542 -1.107177 0.680418 -0.401092 0.552199 0.266895 0.0003767164 -0.0000310466 -0.0000963071 0.0000031700 0.0000078583 0.0000251699 0.0411737274 0.0248638871 0.0000068716 0.0189317470 0.0000118617 0.0026665599
1403636989.25168 6.336309 -9.779063 -1.106057 0.682719 -0.400821 0.548899 0.268227 0.0003759090 -0.0000286817 -0.0000984763 0.0000028008 0.0000074344 0.0000263482 0.0409667194 0.0246861509 0.0000069376 0.0187867843 0.0000118397 0.0026666636
1403636989.30168 6.305544 -9.752304 -1.103860 0.687054 -0.400332 0.542573 0.270748 0.0003742135 -0.0000241964 -0.0001025712 0.0000021780 0.0000065518 0.0000286678 0.0407579356 0.0244987875 0.0000070095 0.0186302264 0.0000118250 0.0026667647
1403636989.35168 6.273178 -9.725425 -1.099649 0.692045 -0.399477 0.535541 0.273291 0.0003720840 -0.0000191781 -0.0001070810 0.0000016030 0.0000054373 0.0000313733 0.0405513421 0.0243079474 0.0000070958 0.0184684328 0.0000118060 0.0026668613
1403636989.40168 6.238912 -9.697170 -1.093995 0.697327 -0.399878 0.527891 0.274162 0.0003689221 -0.0000153237 -0.0001125313 0.0000012522 0.0000045909 0.0000348867 0.0403322973 0.0241052997 0.0000071997 0.0182967781 0.0000117774 0.0026669626
1403636989.45168 6.204136 -9.668812 -1.086511 0.701960 -0.400867 0.521152 0.273786 0.0003655875 -0.0000128151 -0.0001176181 0.0000010659 0.0000040388 0.0000384070 0.0401142170 0.0239009181 0.0000073409 0.0181226893 0.0000117445 0.0026670368
1403636989.50168 6.167966 -9.639792 -1.076752 0.704846 -0.401627 0.516804 0.273498 0.0003633478 -0.0000112888 -0.0001208196 0.0000009685 0.0000036691 0.0000407444 0.0398887957 0.0236917766 0.0000074849 0.0179457296 0.0000116879 0.0026671575
1403636989.55168 6.131455 -9.610737 -1.065391 0.707300 -0.402126 0.512894 0.273790 0.0003614370 -0.0000095899 -0.0001234691 0.0000008734 0.0000031906 0.0000427504 0.0396666139 0.0234816919 0.0000076463 0.0177664587 0.0000116189 0.0026672781
1403636989.60168 6.094165 -9.581502 -1.053228 0.708813 -0.401386 0.510686 0.275088 0.0003607250 -0.0000075916 -0.0001245182 0.0000007797 0.0000025343 0.0000435560 0.0394426535 0.0232705574 0.0000078140 0.0175868146 0.0000115427 0.0026674090
1403636989.65168 6.056413 -9.552153 -1.042069 0.710930 -0.400596 0.507641 0.276410 0.0003595452 -0.0000051850 -0.0001261257 0.0000006958 0.0000017313 0.0000448196 0.0392185767 0.0230569986 0.0000079919 0.0174044039 0.0000114629 0.0026675381
1403636989.70167 6.019316 -9.521658 -1.032737 0.712460 -0.399241 0.505421 0.278490 0.0003589800 -0.0000025500 -0.0001269041 0.0000006391 0.0000008131 0.0000454379 0.0389943760 0.0228445263 0.0000081741 0.0172236029 0.0000113790 0.0026676104
1403636989.75167 5.981780 -9.491818 -1.024456 0.713673 -0.398326 0.503691 0.279827 0.0003584895 -0.0000006728 -0.0001275290 0.0000006232 0.0000001500 0.0000459436 0.0387592927 0.0226312906 0.0000083439 0.0170465214 0.0000113075 0.0026677530
1403636989.80167 5.944366 -9.461976 -1.017584 0.714167 -0.398412 0.502978 0.279727 0.0003580729 -0.0000004486 -0.0001280366 0.0000006233 0.0000000709 0.0000463592 0.0385304231 0.0224197477 0.0000084990 0.0168693699 0.0000112271 0.0026679074
1403636989.85167 5.907391 -9.431789 -1.012390 0.713911 -0.398307 0.503478 0.279629 0.0003583086 -0.0000006660 -0.0001277468 0.0000006247 0.0000001480 0.0000461218 0.0383037987 0.0222102323 0.0000086393 0.0166941347 0.0000111422 0.0026680754
1403636989.90167 5.870458 -9.401189 -1.008236 0.712628 -0.398162 0.505352 0.279728 0.0003593479 -0.0000013908 -0.0001264601 0.0000006295 0.0000004003 0.0000450784 0.0380751940 0.0220019520 0.0000087677 0.0165215088 0.0000110621 0.0026682472
1403636989.95167 5.833788 -9.370132 -1.004994 0.710108 -0.397591 0.508861 0.280585 0.0003614778 -0.0000023117 -0.0001237528 0.0000006396 0.0000007029 0.0000429388 0.0378424296 0.0217924229 0.0000088807 0.0163491558 0.0000109925 0.0026684258
1403636990.00167 5.797087 -9.338754 -1.002492 0.708043 -0.397011 0.511922 0.281057 0.0003632179 -0.0000032055 -0.0001214593 0.0000006536 0.0000009838 0.0000411847 0.0376055886 0.0215832382 0.0000089792 0.0161790209 0.0000109289 0.0026686033
1403636990.05167 5.760299 -9.306836 -0.999412 0.705904 -0.395894 0.514806 0.282741 0.0003651955 -0.0000032046 -0.0001187911 0.0000006539 0.0000009544 0.0000392062 0.0373675198 0.0213729872 0.0000090623 0.0160082267 0.0000108890 0.0026687538
1403636990.10167 5.723375 -9.274495 -0.995100 0.704322 -0.395156 0.517171 0.283400 0.0003665817 -0.0000036218 -0.0001168520 0.0000006619 0.0000010668 0.0000378112 0.0371258435 0.0211626885 0.0000091474 0.0158389965 0.0000108293 0.0026689328
1403636990.15167 5.686031 -9.241137 -0.989242 0.703825 -0.394359 0.518057 0.284127 0.0003672380 -0.0000032974 -0.0001159310 0.0000006561 0.0000009530 0.0000371597 0.0368789443 0.0209496205 0.0000092372 0.0156685574 0.0000107644 0.0026691066
1403636990.20167 5.648261 -9.207243 -0.981995 0.704388 -0.393776 0.517364 0.284802 0.0003670929 -0.0000023676 -0.0001161578 0.0000006424 0.0000006607 0.0000373176 0.0366258152 0.0207335603 0.0000093375 0.0154970776 0.0000106838 0.0026692862
1403636990.25167 5.610482 -9.173081 -0.973258 0.706032 -0.393490 0.515524 0.284464 0.0003660717 -0.0000015196 -0.0001176055 0.0000006338 0.0000003991 0.0000383461 0.0363734671 0.0205187757 0.0000094507 0.0153271263 0.0000105873 0.0026694618
1403636990.30167 5.572374 -9.137959 -0.963011 0.708015 -0.393238 0.513139 0.284194 0.0003647674 -0.0000004243 -0.0001194075 0.0000006276 0.0000000493 0.0000396536 0.0361144273 0.0203002869 0.0000095689 0.0151552684 0.0000105016 0.0026695956
1403636990.35167 5.533963 -9.101855 -0.950959 0.709306 -0.392859 0.511884 0.283762 0.0003640021 0.0000001581 -0.0001204401 0.0000006274 -0.0000001424 0.0000404175 0.0358516682 0.0200816997 0.0000097076 0.0149850220 0.0000103763 0.0026697796
1403636990.40167 5.495722 -9.065286 -0.938456 0.711675 -0.392468 0.509151 0.283288 0.0003624292 0.0000013831 -0.0001225139 0.0000006330 -0.0000005586 0.0000419831 0.0355845443 0.0198625219 0.0000098595 0.0148159275 0.0000102314 0.0026699742
1403636990.45167 5.458033 -9.028256 -0.926910 0.712714 -0.392658 0.508482 0.281611 0.0003615874 0.0000008247 -0.0001236092 0.0000006296 -0.0000003731 0.0000428266 0.0353158559 0.0196458518 0.0000100116 0.0146506590 0.0000100821 0.0026701722
1403636990.50167 5.420496 -8.990786 -0.916474 0.714415 -0.393311 0.506815 0.279386 0.0003600355 0.0000002174 -0.0001255842 0.0000006278 -0.0000001671 0.0000443784 0.0350446490 0.0194299923 0.0000101620 0.0144874919 0.0000099321 0.0026703712
1403636990.55167 5.383335 -8.953641 -0.907048 0.715004 -0.393010 0.506647 0.278606 0.0003597229 0.0000000872 -0.0001259733 0.0000006277 -0.0000001220 0.0000446894 0.0347746727 0.0192162158 0.0000103093 0.0143265898 0.0000097916 0.0026705681
1403636990.60167 5.346616 -8.915890 -0.899519 0.716294 -0.392922 0.505469 0.277555 0.0003587653 0.0000001727 -0.0001271587 0.0000006281 -0.0000001530 0.0000456452 0.0345080159 0.0190048700 0.0000104568 0.0141676175 0.0000096537 0.0026707943
1403636990.65167 5.310154 -8.878094 -0.893502 0.717414 -0.393280 0.504487 0.275936 0.0003577384 -0.0000003172 -0.0001284096 0.0000006281 0.0000000220 0.0000466702 0.0342394655 0.0187951503 0.0000105947 0.0140114645 0.0000095223 0.0026709864
1403636990.70167 5.273921 -8.840620 -0.889214 0.718743 -0.392184 0.503281 0.276240 0.0003571581 0.0000009064 -0.0001291034 0.0000006305 -0.0000004203 0.0000472464 0.0339726844 0.0185880949 0.0000107217 0.0138580407 0.0000094055 0.0026712173
1403636990.75167 5.238116 -8.802888 -0.886625 0.719689 -0.391852 0.502475 0.275715 0.0003565506 0.0000011813 -0.0001298239 0.0000006324 -0.0000005232 0.0000478503 0.0337054244 0.0183829520 0.0000108342 0.0137072271 0.0000093001 0.0026714461
1403636990.80167 5.203104 -8.765167 -0.885436 0.720355 -0.391041 0.502009 0.275975 0.0003563645 0.0000019085 -0.0001300330 0.0000006390 -0.0000007900 0.0000480279 0.0334386775 0.0181813639 0.0000109316 0.0135606194 0.0000092093 0.0026716820
1403636990.85167 5.168961 -8.727559 -0.885825 0.720732 -0.390377 0.501979 0.275987 0.0003563580 0.0000022611 -0.0001300334 0.0000006437 -0.0000009191 0.0000480293 0.0331731689 0.0179836821 0.0000110393 0.0134183705 0.0000091283 0.0026719400
1403636990.90167 5.135464 -8.691079 -0.887344 0.720787 -0.390792 0.502062 0.275102 0.0003561548 0.0000016060 -0.0001302816 0.0000006364 -0.0000006809 0.0000482376 0.0329117638 0.0177901307 0.0000111073 0.0132795727 0.0000090834 0.0026721168
1403636990.95168 5.102397 -8.653885 -0.890220 0.721214 -0.390450 0.501473 0.275543 0.0003559395 0.0000022346 -0.0001305245 0.0000006439 -0.0000009132 0.0000484445 0.0326604841 0.0176022121 0.0000111862 0.0131441463 0.0000090275 0.0026723705
1403636991.00168 5.069868 -8.617166 -0.893899 0.721025 -0.390156 0.501893 0.275691 0.0003562221 0.0000022685 -0.0001301888 0.0000006450 -0.0000009229 0.0000481603 0.0324061143 0.0174154851 0.0000112546 0.0130113599 0.0000089637 0.0026726458
1403636991.05168 5.037754 -8.580659 -0.898231 0.720305 -0.389584 0.502896 0.276551 0.0003570406 0.0000025136 -0.0001292083 0.0000006490 -0.0000010035 0.0000473373 0.0321546619 0.0172319977 0.0000113107 0.0128814861 0.0000089114 0.0026729160
1403636991.10168 5.006232 -8.544332 -0.903708 0.720662 -0.389839 0.502116 0.276679 0.0003566428 0.0000027857 -0.0001296765 0.0000006539 -0.0000011068 0.0000477296 0.0319048645 0.0170516899 0.0000113554 0.0127548880 0.0000088704 0.0026731793
1403636991.15168 4.975231 -8.508513 -0.909418 0.720232 -0.390265 0.502365 0.276746 0.0003568097 0.0000024947 -0.0001294821 0.0000006502 -0.0000009990 0.0000475657 0.0316596178 0.0168753123 0.0000113940 0.0126314395 0.0000088442 0.0026734291
1403636991.20168 4.944610 -8.473056 -0.914313 0.720724 -0.390024 0.501295 0.277745 0.0003564994 0.0000035459 -0.0001298258 0.0000006689 -0.0000013855 0.0000478566 0.0314184628 0.0167018746 0.0000114298 0.0125101522 0.0000088115 0.0026736798
1403636991.25168 4.914783 -8.436695 -0.916725 0.720796 -0.390855 0.500830 0.277226 0.0003560963 0.0000030991 -0.0001303135 0.0000006612 -0.0000012280 0.0000482667 0.0311737806 0.0165284453 0.0000114631 0.0123901799 0.0000087734 0.0026739257
1403636991.30168 4.884203 -8.399438 -0.918880 0.720896 -0.391010 0.500454 0.277428 0.0003559403 0.0000032901 -0.0001304917 0.0000006653 -0.0000013001 0.0000484180 0.0309220070 0.0163547344 0.0000115096 0.0122723956 0.0000087324 0.0026741903
1403636991.35168 4.854289 -8.361818 -0.918540 0.720482 -0.392258 0.500376 0.276880 0.0003557384 0.0000024366 -0.0001307470 0.0000006521 -0.0000009889 0.0000486325 0.0306702508 0.0161805712 0.0000115585 0.0121541720 0.0000086876 0.0026744531
1403636991.40168 4.825141 -8.324790 -0.915913 0.721063 -0.392455 0.499170 0.277267 0.0003551735 0.0000030497 -0.0001313935 0.0000006624 -0.0000012219 0.0000491866 0.0304231086 0.0160122887 0.0000116174 0.0120413177 0.0000086316 0.0026747144
1403636991.45168 4.796535 -8.287703 -0.910483 0.721082 -0.392777 0.498588 0.277809 0.0003550108 0.0000034022 -0.0001315730 0.0000006696 -0.0000013546 0.0000493416 0.0301764909 0.0158459931 0.0000116870 0.0119306714 0.0000085632 0.0026749777
1403636991.50168 4.768598 -8.252351 -0.902614 0.721072 -0.393514 0.497768 0.278260 0.0003546965 0.0000036164 -0.0001319298 0.0000006742 -0.0000014387 0.0000496496 0.0299357140 0.0156849934 0.0000117567 0.0118241717 0.0000084986 0.0026751589
1403636991.55168 4.742382 -8.216797 -0.893447 0.720029 -0.394949 0.498716 0.277231 0.0003549050 0.0000020135 -0.0001317218 0.0000006490 -0.0000008398 0.0000494654 0.0297122426 0.0155348576 0.0000118413 0.0117245891 0.0000084141 0.0026753870
1403636991.60168 4.716914 -8.181949 -0.882718 0.719483 -0.396679 0.498532 0.276506 0.0003545937 0.0000009124 -0.0001320936 0.0000006405 -0.0000004316 0.0000497849 0.0294814218 0.0153845948 0.0000119367 0.0116273989 0.0000083034 0.0026756437
1403636991.65168 4.692483 -8.148097 -0.870634 0.717983 -0.399502 0.499706 0.274213 0.0003545284 -0.0000020591 -0.0001321562 0.0000006505 0.0000006778 0.0000498401 0.0292605436 0.0152422381 0.0000120400 0.0115360749 0.0000081824 0.0026758952
1403636991.70168 4.667979 -8.114114 -0.857869 0.716409 -0.403251 0.500760 0.270899 0.0003540129 -0.0000059116 -0.0001326327 0.0000007377 0.0000021275 0.0000502684 0.0290395078 0.0150998922 0.0000121444 0.0114448707 0.0000080594 0.0026761504
1403636991.75168 4.643803 -8.081286 -0.844018 0.715038 -0.406466 0.501482 0.268370 0.0003535162 -0.0000089881 -0.0001330273 0.0000008681 0.0000032969 0.0000506347 0.0288266508 0.0149614839 0.0000122569 0.0113555506 0.0000079298 0.0026764034
1403636991.80168 4.619910 -8.049959 -0.828984 0.713411 -0.409282 0.502501 0.266507 0.0003533881 -0.0000116956 -0.0001329624 0.0000010270 0.0000043171 0.0000506032 0.0286215186 0.0148252266 0.0000123791 0.0112661992 0.0000078195 0.0026766223
1403636991.85168 4.595463 -8.018909 -0.814888 0.712170 -0.412169 0.502929 0.264562 0.0003528386 -0.0000142044 -0.0001333414 0.0000012125 0.0000052865 0.0000509673 0.0284268927 0.0146933311 0.0000124992 0.0111784797 0.0000076976 0.0026768652
1403636991.90168 4.570678 -7.988750 -0.801893 0.711486 -0.414029 0.502723 0.263889 0.0003524177 -0.0000153330 -0.0001336909 0.0000013085 0.0000057362 0.0000512923 0.0282346670 0.0145601072 0.0000126191 0.0110885253 0.0000075853 0.0026771105
1403636991.95168 4.545451 -7.959432 -0.790224 0.710952 -0.414924 0.502410 0.264517 0.0003524287 -0.0000153488 -0.0001336769 0.0000013108 0.0000057418 0.0000512797 0.0280491379 0.0144272097 0.0000127300 0.0109968474 0.0000074760 0.0026773824
1403636992.00168 4.520082 -7.930658 -0.780555 0.710989 -0.415031 0.501304 0.266343 0.0003524548 -0.0000140617 -0.0001337890 0.0000012043 0.0000052575 0.0000513607 0.0278684947 0.0142951288 0.0000128373 0.0109046024 0.0000073839 0.0026776510
1403636992.05167 4.494251 -7.902535 -0.772456 0.710785 -0.413127 0.500649 0.271036 0.0003537604 -0.0000106853 -0.0001326229 0.0000009670 0.0000039243 0.0000502929 0.0276916368 0.0141633219 0.0000129375 0.0108115359 0.0000073148 0.0026779243
1403636992.10167 4.468237 -7.875024 -0.766120 0.710427 -0.410947 0.500373 0.275759 0.0003552305 -0.0000073263 -0.0001311542 0.0000007964 0.0000026220 0.0000489941 0.0275197103 0.0140333582 0.0000130299 0.0107190654 0.0000072660 0.0026781882
1403636992.15167 4.442264 -7.847984 -0.761037 0.709269 -0.409342 0.501346 0.279336 0.0003569457 -0.0000053641 -0.0001292220 0.0000007267 0.0000018584 0.0000473491 0.0273500460 0.0139043138 0.0000131148 0.0106269966 0.0000072399 0.0026784495
1403636992.20167 4.416233 -7.821170 -0.757146 0.708140 -0.407653 0.502196 0.283117 0.0003586251 -0.0000032049 -0.0001272565 0.0000006758 0.0000010532 0.0000457215 0.0271821802 0.0137760235 0.0000131974 0.0105353210 0.0000072167 0.0026787258
1403636992.25167 4.390264 -7.794393 -0.754411 0.707486 -0.407007 0.502459 0.285208 0.0003594236 -0.0000020592 -0.0001262928 0.0000006597 0.0000006393 0.0000449398 0.0270149506 0.0136486198 0.0000132748 0.0104445481 0.0000072019 0.0026789907
1403636992.30167 4.364092 -7.767880 -0.752725 0.707217 -0.406854 0.502120 0.286687 0.0003597104 -0.0000011535 -0.0001259464 0.0000006521 0.0000003197 0.0000446607 0.0268482423 0.0135218608 0.0000133716 0.0103544220 0.0000072355 0.0026792191
1403636992.35167 4.338145 -7.740937 -0.752639 0.707615 -0.407396 0.500718 0.287387 0.0003591706 -0.0000004646 -0.0001266232 0.0000006498 0.0000000796 0.0000452034 0.0266835090 0.0133953403 0.0000134446 0.0102640752 0.0000072401 0.0026794571
1403636992.40167 4.312618 -7.714293 -0.753390 0.708962 -0.408371 0.497956 0.287482 0.0003577093 0.0000003698 -0.0001284143 0.0000006503 -0.0000002171 0.0000466647 0.0265177182 0.0132705992 0.0000135190 0.0101761847 0.0000072473 0.0026797057
1403636992.45168 4.287218 -7.687802 -0.753288 0.710445 -0.409859 0.494959 0.286877 0.0003558714 0.0000007315 -0.0001306069 0.0000006521 -0.0000003528 0.0000485012 0.0263548951 0.0131484433 0.0000135949 0.0100903346 0.0000072590 0.0026799342
1403636992.50168 4.262073 -7.661251 -0.751758 0.711317 -0.410994 0.492764 0.286872 0.0003546446 0.0000011715 -0.0001320331 0.0000006547 -0.0000005203 0.0000497248 0.0261940393 0.0130277691 0.0000136621 0.0100055897 0.0000073123 0.0026801185
1403636992.55168 4.235982 -7.632989 -0.751394 0.712232 -0.411379 0.490541 0.287857 0.0003536467 0.0000024543 -0.0001331466 0.0000006616 -0.0000010084 0.0000506981 0.0260329505 0.0129086405 0.0000134571 0.0099209708 0.0000076910 0.0026794746
1403636992.60168 4.211560 -7.606453 -0.746698 0.712614 -0.412299 0.489138 0.287983 0.0003529376 0.0000026757 -0.0001339437 0.0000006643 -0.0000010994 0.0000514029 0.0258619367 0.0127839800 0.0000134355 0.0098348405 0.0000075935 0.0026795929
1403636992.65168 4.188014 -7.580727 -0.739251 0.712521 -0.413225 0.488383 0.288169 0.0003525917 0.0000026574 -0.0001343324 0.0000006647 -0.0000010961 0.0000517489 0.0257042884 0.0126688595 0.0000135236 0.0097555903 0.0000075463 0.0026798595
1403636992.70168 4.165433 -7.554827 -0.730609 0.712814 -0.413572 0.487180 0.288980 0.0003521686 0.0000033987 -0.0001347878 0.0000006782 -0.0000013846 0.0000521590 0.0255495581 0.0125572917 0.0000136047 0.0096794537 0.0000074879 0.0026801190
1403636992.75168 4.143556 -7.529100 -0.722117 0.713145 -0.414392 0.486024 0.288936 0.0003515010 0.0000034997 -0.0001355242 0.0000006806 -0.0000014329 0.0000528241 0.0253965663 0.0124502026 0.0000136868 0.0096077778 0.0000074396 0.0026803458
1403636992.80168 4.122646 -7.504008 -0.714570 0.713247 -0.414529 0.484941 0.290304 0.0003513227 0.0000045508 -0.0001356892 0.0000007054 -0.0000018414 0.0000529781 0.0252452693 0.0123459239 0.0000137733 0.0095387720 0.0000073867 0.0026806026
1403636992.85168 4.102551 -7.479142 -0.708545 0.713028 -0.414673 0.484554 0.291282 0.0003514190 0.0000050971 -0.0001355638 0.0000007208 -0.0000020500 0.0000528667 0.0250971069 0.0122461967 0.0000138486 0.0094738592 0.0000073422 0.0026808435
1403636992.90168 4.083437 -7.454796 -0.704237 0.713006 -0.414415 0.483691 0.293130 0.0003515190 0.0000064456 -0.0001353960 0.0000007657 -0.0000025668 0.0000527221 0.0249527798 0.0121501055 0.0000139144 0.0094118155 0.0000073070 0.0026810665
1403636992.95168 4.065170 -7.430624 -0.701448 0.712732 -0.414102 0.483562 0.294448 0.0003518606 0.0000072518 -0.0001349772 0.0000007972 -0.0000028660 0.0000523489 0.0248096782 0.0120577023 0.0000139687 0.0093534608 0.0000072803 0.0026812751
1403636993.00168 4.047979 -7.406298 -0.699231 0.711141 -0.414456 0.485078 0.295302 0.0003530254 0.0000067519 -0.0001337005 0.0000007769 -0.0000026405 0.0000512042 0.0246678785 0.0119679885 0.0000140045 0.0092976435 0.0000072578 0.0026814582
1403636993.05168 4.031596 -7.382120 -0.698783 0.708917 -0.415313 0.487516 0.295430 0.0003544554 0.0000052786 -0.0001321369 0.0000007261 -0.0000020498 0.0000498247 0.0245250821 0.0118813440 0.0000140373 0.0092455064 0.0000072371 0.0026816589
1403636993.10168 4.016166 -7.357886 -0.699170 0.706931 -0.415545 0.491095 0.293933 0.0003559784 0.0000028324 -0.0001304374 0.0000006691 -0.0000011185 0.0000483583 0.0243829214 0.0117980495 0.0000140564 0.0091968196 0.0000072227 0.0026818502
1403636993.15168 4.000724 -7.330019 -0.698694 0.705483 -0.414872 0.495232 0.291411 0.0003574155 0.0000000886 -0.0001287491 0.0000006411 -0.0000001117 0.0000469390 0.0242384945 0.0117172075 0.0000138018 0.0091499266 0.0000074221 0.0026814587
1403636993.20168 3.986762 -7.303311 -0.697624 0.705611 -0.412750 0.498653 0.288265 0.0003582775 -0.0000018264 -0.0001276879 0.0000006482 0.0000005711 0.0000460679 0.0240730408 0.0116283422 0.0000137966 0.0091018762 0.0000073597 0.0026816180
1403636993.25168 3.972914 -7.278332 -0.694864 0.706814 -0.409257 0.501758 0.284888 0.0003588972 -0.0000030110 -0.0001269024 0.0000006621 0.0000009839 0.0000454330 0.0239176301 0.0115473309 0.0000138340 0.0090595949 0.0000073065 0.0026818542
1403636993.30168 3.959609 -7.253341 -0.690093 0.708712 -0.404833 0.504901 0.280913 0.0003593691 -0.0000040267 -0.0001262869 0.0000006794 0.0000013330 0.0000449421 0.0237742596 0.0114700140 0.0000138641 0.0090177612 0.0000072437 0.0026820663
1403636993.35168 3.946510 -7.228238 -0.682852 0.711287 -0.399166 0.508166 0.276595 0.0003598356 -0.0000046320 -0.0001256800 0.0000006907 0.0000015340 0.0000444618 0.0236307112 0.0113934094 0.0000138680 0.0089767100 0.0000071780 0.0026822494
1403636993.40168 3.933187 -7.202531 -0.673892 0.714287 -0.392837 0.511340 0.272038 0.0003602150 -0.0000049874 -0.0001251854 0.0000006967 0.0000016476 0.0000440738 0.0234845363 0.0113157719 0.0000138746 0.0089353332 0.0000070903 0.0026824433
1403636993.45167 3.919431 -7.175861 -0.663196 0.717607 -0.385963 0.514747 0.266661 0.0003605157 -0.0000055666 -0.0001247761 0.0000007095 0.0000018390 0.0000437571 0.0233334536 0.0112358594 0.0000138696 0.0088929207 0.0000069919 0.0026826343
1403636993.55167 3.890566 -7.121785 -0.638969 0.725484 -0.370227 0.520358 0.256577 0.0003608073 -0.0000049606 -0.0001244298 0.0000006870 0.0000016182 0.0000434939 0.0230301235 0.0110747685 0.0000138860 0.0088078820 0.0000068131 0.0026834050
1403636993.60167 3.874508 -7.093636 -0.625698 0.729863 -0.363031 0.522162 0.250710 0.0003602139 -0.0000050071 -0.0001251737 0.0000006841 0.0000016455 0.0000440851 0.0228681627 0.0109848705 0.0000138801 0.0087578053 0.0000067427 0.0026837109
1403636993.65167 3.858306 -7.065337 -0.612525 0.733923 -0.356852 0.523288 0.245323 0.0003594071 -0.0000050909 -0.0001261750 0.0000006826 0.0000016912 0.0000448880 0.0227104184 0.0108959179 0.0000138647 0.0087075064 0.0000066701 0.0026840126
1403636993.70167 3.841737 -7.036916 -0.599926 0.737377 -0.351362 0.524222 0.240858 0.0003587628 -0.0000050101 -0.0001269698 0.0000006770 0.0000016759 0.0000455326 0.0225519319 0.0108059819 0.0000138420 0.0086563567 0.0000065945 0.0026843146
1403636993.75167 3.825964 -7.008049 -0.588531 0.740428 -0.346552 0.524644 0.237520 0.0003581590 -0.0000045211 -0.0001277199 0.0000006606 0.0000015139 0.0000461453 0.0223935991 0.0107156514 0.0000137484 0.0086046463 0.0000065619 0.0026844898
1403636993.80168 3.806363 -6.975468 -0.577059 0.742834 -0.342856 0.525028 0.234506 0.0003575962 -0.0000044102 -0.0001283935 0.0000006521 0.0000014851 0.0000467005 0.0222334831 0.0106283980 0.0000134772 0.0085546834 0.0000065231 0.0026841224
1403636993.85168 3.790342 -6.947395 -0.569092 0.744819 -0.338479 0.525430 0.233665 0.0003576291 -0.0000028964 -0.0001283891 0.0000006189 0.0000009405 0.0000466949 0.0220533195 0.0105240997 0.0000134315 0.0084941926 0.0000064107 0.0026844233
1403636993.90168 3.774340 -6.919055 -0.562598 0.746675 -0.335117 0.525634 0.232126 0.0003573555 -0.0000021544 -0.0001287271 0.0000006063 0.0000006761 0.0000469754 0.0218979750 0.0104378198 0.0000133854 0.0084461097 0.0000063262 0.0026847050
1403636993.95168 3.758594 -6.890746 -0.557342 0.746469 -0.332759 0.528075 0.230633 0.0003583752 -0.0000027147 -0.0001274706 0.0000006118 0.0000008661 0.0000459445 0.0217421255 0.0103516382 0.0000133347 0.0083982952 0.0000062485 0.0026849733
1403636994.00168 3.742394 -6.862577 -0.553237 0.745814 -0.329700 0.530642 0.231254 0.0003599910 -0.0000018904 -0.0001254735 0.0000005997 0.0000005593 0.0000443358 0.0215867425 0.0102666834 0.0000132705 0.0083516942 0.0000061619 0.0026852574
1403636994.05169 3.726115 -6.834100 -0.550091 0.744673 -0.326622 0.533414 0.232917 0.0003619541 -0.0000005922 -0.0001229709 0.0000005895 0.0000001015 0.0000423779 0.0214314301 0.0101798999 0.0000132024 0.0083030957 0.0000060849 0.0026855288
1403636994.10169 3.709851 -6.805216 -0.547840 0.742295 -0.323850 0.537496 0.234985 0.0003646796 0.0000002781 -0.0001193414 0.0000005877 -0.0000001904 0.0000396495 0.0212739004 0.0100924223 0.0000131229 0.0082544323 0.0000060141 0.0026857935
1403636994.15169 3.693424 -6.775769 -0.546668 0.740366 -0.321840 0.540771 0.236311 0.0003667369 0.0000007054 -0.0001164809 0.0000005876 -0.0000003229 0.0000375875 0.0211143591 0.0100043712 0.0000130412 0.0082057455 0.0000059534 0.0026860356
1403636994.20169 3.676798 -6.745644 -0.546153 0.738085 -0.319769 0.544386 0.237954 0.0003689955 0.0000012008 -0.0001132128 0.0000005889 -0.0000004666 0.0000353227 0.0209516738 0.0099153795 0.0000129592 0.0081569735 0.0000058990 0.0026862544
1403636994.25169 3.659877 -6.714511 -0.546959 0.735817 -0.318588 0.547650 0.239070 0.0003709100 0.0000011129 -0.0001103348 0.0000005870 -0.0000004282 0.0000334050 0.0207851068 0.0098244070 0.0000128777 0.0081072074 0.0000058539 0.0026864546
1403636994.30169 3.642478 -6.682082 -0.548398 0.733860 -0.317677 0.550338 0.240123 0.0003724837 0.0000010789 -0.0001078849 0.0000005854 -0.0000004086 0.0000318277 0.0206132789 0.0097307984 0.0000127958 0.0080561353 0.0000058027 0.0026866118
1403636994.35169 3.624099 -6.648497 -0.551417 0.732832 -0.316853 0.551735 0.241143 0.0003733813 0.0000014777 -0.0001064448 0.0000005869 -0.0000005167 0.0000309236 0.0204349264 0.0096342261 0.0000127240 0.0080037887 0.0000057567 0.0026867882
1403636994.40169 3.605994 -6.611662 -0.554055 0.731402 -0.316396 0.553414 0.242235 0.0003744071 0.0000015875 -0.0001047661 0.0000005826 -0.0000005371 0.0000298889 0.0202496624 0.0095333661 0.0000127793 0.0079475603 0.0000060899 0.0026863478
1403636994.45169 3.584924 -6.574297 -0.558710 0.731251 -0.316466 0.553375 0.242688 0.0003744775 0.0000018352 -0.0001046417 0.0000005842 -0.0000006049 0.0000298128 0.0200473753 0.0094283966 0.0000127354 0.0078931211 0.0000060255 0.0026865793
1403636994.50169 3.563605 -6.536547 -0.562089 0.731785 -0.317169 0.552476 0.242208 0.0003739544 0.0000015803 -0.0001054987 0.0000005812 -0.0000005372 0.0000303352 0.0198451286 0.0093157917 0.0000126864 0.0078304688 0.0000059355 0.0026868432
1403636994.55169 3.541536 -6.497213 -0.564064 0.732331 -0.319860 0.551742 0.238665 0.0003728409 -0.0000013102 -0.0001072914 0.0000005779 0.0000002874 0.0000314482 0.0196417299 0.0092029362 0.0000126613 0.0077679080 0.0000058383 0.0026870798
1403636994.60169 3.518838 -6.456970 -0.564236 0.733987 -0.321378 0.549276 0.237223 0.0003712956 -0.0000018569 -0.0001097001 0.0000005815 0.0000004599 0.0000329858 0.0194341047 0.0090875156 0.0000126586 0.0077038400 0.0000057358 0.0026873137
1403636994.65169 3.495471 -6.415249 -0.563319 0.736152 -0.324123 0.546033 0.234251 0.0003689605 -0.0000034950 -0.0001131777 0.0000006041 0.0000009847 0.0000352941 0.0192219331 0.0089701130 0.0000126746 0.0076389861 0.0000056267 0.0026875432
1403636994.70169 3.471626 -6.372736 -0.560569 0.737859 -0.328358 0.543449 0.228929 0.0003662998 -0.0000073132 -0.0001168247 0.0000007154 0.0000022475 0.0000378393 0.0190061780 0.0088511762 0.0000127067 0.0075735517 0.0000055137 0.0026877663
1403636994.75169 3.447229 -6.329475 -0.556119 0.739825 -0.332854 0.540379 0.223286 0.0003631558 -0.0000112166 -0.0001208200 0.0000009140 0.0000036493 0.0000407801 0.0187884537 0.0087302843 0.0000127516 0.0075065739 0.0000054073 0.0026879796
1403636994.80169 3.422208 -6.286101 -0.550212 0.741230 -0.337310 0.537875 0.217923 0.0003602424 -0.0000151449 -0.0001241899 0.0000012028 0.0000051414 0.0000434004 0.0185706667 0.0086086469 0.0000128028 0.0074389111 0.0000052889 0.0026882124
1403636994.85169 3.396561 -6.243002 -0.543390 0.741186 -0.341036 0.537447 0.213279 0.0003585505 -0.0000191427 -0.0001257684 0.0000015867 0.0000066379 0.0000447042 0.0183562397 0.0084868836 0.0000128516 0.0073701241 0.0000051909 0.0026884434
1403636994.90169 3.370295 -6.200569 -0.537309 0.741658 -0.343662 0.536286 0.210327 0.0003569366 -0.0000214507 -0.0001273803 0.0000018525 0.0000075804 0.0000460481 0.0181461749 0.0083647389 0.0000129003 0.0072997020 0.0000051005 0.0026886934
1403636994.95169 3.343446 -6.159052 -0.531875 0.740883 -0.344678 0.537006 0.209558 0.0003570340 -0.0000226137 -0.0001270581 0.0000019946 0.0000079741 0.0000458049 0.0179416627 0.0082430335 0.0000129418 0.0072281581 0.0000050306 0.0026889602
1403636995.00170 3.315945 -6.117861 -0.527123 0.739808 -0.344103 0.538328 0.210904 0.0003581537 -0.0000221849 -0.0001257529 0.0000019320 0.0000077173 0.0000447377 0.0177422112 0.0081219044 0.0000132252 0.0071545285 0.0000053449 0.0026888203
1403636995.05170 3.287773 -6.077014 -0.524737 0.739196 -0.341526 0.539324 0.214657 0.0003598963 -0.0000194116 -0.0001240224 0.0000016037 0.0000066160 0.0000433201 0.0175456409 0.0080008348 0.0000132071 0.0070812113 0.0000053174 0.0026891885
1403636995.10170 3.259392 -6.037381 -0.522733 0.737987 -0.338304 0.541286 0.218942 0.0003622695 -0.0000164416 -0.0001213791 0.0000013023 0.0000054340 0.0000412459 0.0173505037 0.0078798606 0.0000131827 0.0070078094 0.0000052640 0.0026895971
1403636995.15170 3.230604 -5.997881 -0.520565 0.736908 -0.335146 0.543032 0.223071 0.0003644036 -0.0000134811 -0.0001188812 0.0000010543 0.0000043218 0.0000393575 0.0171612460 0.0077599150 0.0000131600 0.0069338778 0.0000052257 0.0026900170
1403636995.20170 3.201271 -5.958227 -0.517238 0.736566 -0.332655 0.543861 0.225890 0.0003656396 -0.0000111419 -0.0001174181 0.0000008945 0.0000035008 0.0000382788 0.0169727742 0.0076399624 0.0000131470 0.0068597750 0.0000051922 0.0026904383
1403636995.25170 3.171425 -5.918251 -0.512153 0.735901 -0.330547 0.545138 0.228064 0.0003669019 -0.0000094872 -0.0001157851 0.0000007997 0.0000029160 0.0000371090 0.0167844573 0.0075190192 0.0000131447 0.0067846320 0.0000051630 0.0026908649
1403636995.30170 3.141604 -5.878396 -0.505211 0.736021 -0.328749 0.545344 0.229776 0.0003674716 -0.0000078077 -0.0001150938 0.0000007198 0.0000023668 0.0000366171 0.0165950610 0.0073970074 0.0000131441 0.0067088354 0.0000051369 0.0026913139
1403636995.35170 3.110679 -5.837426 -0.496417 0.736963 -0.327307 0.544492 0.230833 0.0003673184 -0.0000062246 -0.0001154076 0.0000006589 0.0000018765 0.0000368292 0.0164041476 0.0072741836 0.0000131541 0.0066326808 0.0000051163 0.0026917620
1403636995.40170 3.079584 -5.796337 -0.486370 0.739060 -0.326244 0.542198 0.231034 0.0003661939 -0.0000047056 -0.0001170693 0.0000006134 0.0000014243 0.0000379971 0.0162136605 0.0071521349 0.0000131725 0.0065573061 0.0000051021 0.0026922040
1403636995.45170 3.047662 -5.754646 -0.474605 0.741418 -0.326291 0.539277 0.230248 0.0003644547 -0.0000040085 -0.0001194926 0.0000005965 0.0000012338 0.0000397512 0.0160223301 0.0070290247 0.0000131979 0.0064811370 0.0000050865 0.0026926536
1403636995.50170 3.015134 -5.712172 -0.461529 0.743719 -0.326762 0.536423 0.228822 0.0003625601 -0.0000038856 -0.0001220266 0.0000005937 0.0000012270 0.0000416468 0.0158286986 0.0069036225 0.0000132376 0.0064032928 0.0000050763 0.0026931337
1403636995.55170 2.982374 -5.669410 -0.446401 0.744232 -0.327156 0.535976 0.227632 0.0003620164 -0.0000045189 -0.0001227148 0.0000006079 0.0000014513 0.0000421744 0.0156351969 0.0067787082 0.0000132781 0.0063260214 0.0000050716 0.0026936173
1403636995.60170 2.949684 -5.629929 -0.429210 0.745514 -0.327043 0.534310 0.227519 0.0003611136 -0.0000038957 -0.0001239009 0.0000005917 0.0000012560 0.0000430890 0.0154438031 0.0066554006 0.0000133152 0.0062487383 0.0000053852 0.0026937513
1403636995.65170 2.917846 -5.587209 -0.414329 0.745360 -0.328495 0.534475 0.225533 0.0003606331 -0.0000056912 -0.0001244446 0.0000006391 0.0000018840 0.0000435205 0.0152683300 0.0065371516 0.0000133571 0.0061737078 0.0000053797 0.0026942264
1403636995.70170 2.885437 -5.544543 -0.399751 0.745130 -0.328732 0.534721 0.225364 0.0003607212 -0.0000059804 -0.0001243171 0.0000006484 0.0000019813 0.0000434217 0.0150789420 0.0064171595 0.0000133756 0.0061007402 0.0000053825 0.0026947488
1403636995.75170 2.853108 -5.501792 -0.386791 0.744993 -0.329657 0.534896 0.224050 0.0003604655 -0.0000071654 -0.0001245788 0.0000006914 0.0000023972 0.0000436330 0.0148917954 0.0062981595 0.0000133883 0.0060282976 0.0000054047 0.0026952739
1403636995.80170 2.820674 -5.459304 -0.375725 0.744294 -0.332410 0.535490 0.220863 0.0003598941 -0.0000103594 -0.0001250775 0.0000008470 0.0000035226 0.0000440477 0.0147066211 0.0061794029 0.0000133987 0.0059556781 0.0000054429 0.0026957975
1403636995.85170 2.788103 -5.417285 -0.366360 0.744107 -0.335601 0.535464 0.216692 0.0003586601 -0.0000140226 -0.0001262646 0.0000010969 0.0000048607 0.0000450306 0.0145248520 0.0060621415 0.0000134059 0.0058838017 0.0000054928 0.0026963123
1403636995.90170 2.755004 -5.376098 -0.358389 0.744082 -0.338271 0.535150 0.213376 0.0003574675 -0.0000168793 -0.0001273824 0.0000013457 0.0000059405 0.0000459734 0.0143489931 0.0059468326 0.0000134016 0.0058125300 0.0000055551 0.0026968498
1403636995.95170 2.721797 -5.335720 -0.351732 0.744118 -0.340652 0.534658 0.210678 0.0003563160 -0.0000192078 -0.0001284466 0.0000015844 0.0000068510 0.0000468857 0.0141781379 0.0058323355 0.0000134044 0.0057410369 0.0000056305 0.0026974201
1403636996.00170 2.688068 -5.296015 -0.346482 0.744368 -0.341776 0.534023 0.209584 0.0003555938 -0.0000200533 -0.0001291793 0.0000016802 0.0000072123 0.0000475116 0.0140113973 0.0057190124 0.0000134059 0.0056698573 0.0000057219 0.0026979841
1403636996.05170 2.654004 -5.257582 -0.342594 0.745821 -0.340234 0.532000 0.212057 0.0003552695 -0.0000172762 -0.0001299614 0.0000013897 0.0000062457 0.0000481259 0.0138506177 0.0056067637 0.0000134063 0.0055984369 0.0000058250 0.0026985556
1403636996.10170 2.619736 -5.220032 -0.339688 0.746908 -0.339156 0.530350 0.214080 0.0003549700 -0.0000151003 -0.0001305822 0.0000011923 0.0000054797 0.0000486225 0.0136954078 0.0054963422 0.0000134042 0.0055276522 0.0000059431 0.0026991343
1403636996.15170 2.585391 -5.183315 -0.336673 0.747839 -0.337405 0.529012 0.216891 0.0003550719 -0.0000123199 -0.0001307533 0.0000009779 0.0000044600 0.0000487349 0.0135442168 0.0053873666 0.0000134070 0.0054575268 0.0000060659 0.0026997084
1403636996.20170 2.550098 -5.147799 -0.332719 0.748867 -0.335951 0.527594 0.219043 0.0003549048 -0.0000099918 -0.0001311452 0.0000008318 0.0000036142 0.0000490472 0.0133961028 0.0052802746 0.0000134571 0.0053883036 0.0000062762 0.0027001002
1403636996.25170 2.516032 -5.112686 -0.328238 0.749654 -0.334517 0.526423 0.221350 0.0003548883 -0.0000076869 -0.0001313187 0.0000007176 0.0000027651 0.0000491782 0.0132565105 0.0051747723 0.0000134875 0.0053193315 0.0000063876 0.0027007186
1403636996.30170 2.483025 -5.078889 -0.320694 0.750354 -0.332653 0.526044 0.222686 0.0003550634 -0.0000059760 -0.0001312029 0.0000006520 0.0000021279 0.0000490690 0.0131202378 0.0050751010 0.0000135113 0.0052555173 0.0000064895 0.0027013447
1403636996.35170 2.450240 -5.045187 -0.311548 0.751471 -0.330990 0.525835 0.221889 0.0003547535 -0.0000055204 -0.0001315826 0.0000006372 0.0000019667 0.0000493941 0.0129855323 0.0049768748 0.0000135389 0.0051929501 0.0000065926 0.0027019639
1403636996.40170 2.417946 -5.011827 -0.299608 0.752416 -0.328482 0.526626 0.220533 0.0003548881 -0.0000053332 -0.0001314331 0.0000006310 0.0000018940 0.0000492659 0.0128535020 0.0048809439 0.0000135658 0.0051321793 0.0000066966 0.0027025738
1403636996.45170 2.385930 -4.978355 -0.286078 0.754413 -0.325011 0.526805 0.218416 0.0003544801 -0.0000048641 -0.0001319228 0.0000006166 0.0000017284 0.0000496882 0.0127218005 0.0047861022 0.0000135886 0.0050725657 0.0000068018 0.0027031750
1403636996.50170 2.354652 -4.945239 -0.271273 0.756192 -0.319871 0.528187 0.216507 0.0003548559 -0.0000039510 -0.0001315166 0.0000005925 0.0000013816 0.0000493363 0.0125926028 0.0046938956 0.0000135980 0.0050150730 0.0000069206 0.0027037793
1403636996.55170 2.323589 -4.912014 -0.254941 0.758707 -0.313836 0.529113 0.214267 0.0003548896 -0.0000026339 -0.0001315085 0.0000005663 0.0000008922 0.0000493283 0.0124647741 0.0046031224 0.0000135981 0.0049588009 0.0000070506 0.0027043978
1403636996.60170 2.292537 -4.878536 -0.237365 0.761672 -0.307967 0.530057 0.209886 0.0003544019 -0.0000025405 -0.0001320727 0.0000005627 0.0000008625 0.0000498188 0.0123362781 0.0045135923 0.0000135864 0.0049040107 0.0000071822 0.0027050347
1403636996.65170 2.262363 -4.845571 -0.220272 0.764557 -0.301002 0.531840 0.204931 0.0003543150 -0.0000025625 -0.0001321701 0.0000005603 0.0000008713 0.0000499072 0.0122094353 0.0044255990 0.0000135582 0.0048504173 0.0000073259 0.0027056746
1403636996.70170 2.231621 -4.812064 -0.206278 0.768383 -0.293043 0.532566 0.200216 0.0003536742 -0.0000016593 -0.0001329158 0.0000005467 0.0000005383 0.0000505602 0.0120844121 0.0043392999 0.0000135073 0.0047981708 0.0000074873 0.0027063266
1403636996.75170 2.200895 -4.778112 -0.196345 0.771768 -0.285449 0.534158 0.193824 0.0003531953 -0.0000021597 -0.0001334495 0.0000005487 0.0000007309 0.0000510352 0.0119573411 0.0042517471 0.0000134347 0.0047453602 0.0000076643 0.0027069922
1403636996.80170 2.169768 -4.744058 -0.189644 0.775476 -0.276472 0.535577 0.188036 0.0003528151 -0.0000016721 -0.0001338818 0.0000005393 0.0000005492 0.0000514218 0.0118296615 0.0041652752 0.0000133109 0.0046932423 0.0000079586 0.0027074977
1403636996.85170 2.139605 -4.709880 -0.187143 0.778786 -0.268337 0.537495 0.180518 0.0003523824 -0.0000027241 -0.0001343463 0.0000005486 0.0000009543 0.0000518427 0.0117036775 0.0040789276 0.0000132118 0.0046416768 0.0000081278 0.0027081890
1403636996.90170 2.109881 -4.675709 -0.186443 0.782149 -0.259483 0.539407 0.173063 0.0003520350 -0.0000034452 -0.0001347130 0.0000005573 0.0000012352 0.0000521784 0.0115776353 0.0039949843 0.0000130961 0.0045924506 0.0000082954 0.0027088731
1403636996.95169 2.080467 -4.641883 -0.187187 0.785309 -0.250893 0.541452 0.164839 0.0003516689 -0.0000047874 -0.0001350738 0.0000005846 0.0000017573 0.0000525137 0.0114531898 0.0039127423 0.0000129686 0.0045445869 0.0000084459 0.0027095582
1403636997.00169 2.051865 -4.609057 -0.188903 0.788623 -0.241011 0.543061 0.158341 0.0003514662 -0.0000044935 -0.0001353026 0.0000005730 0.0000016493 0.0000527242 0.0113331405 0.0038333595 0.0000128321 0.0044985470 0.0000085818 0.0027102269
1403636997.05169 2.023638 -4.576865 -0.191794 0.791320 -0.232102 0.544937 0.151606 0.0003514240 -0.0000048672 -0.0001353308 0.0000005792 0.0000017953 0.0000527559 0.0112161186 0.0037560234 0.0000126872 0.0044538732 0.0000087024 0.0027108786
1403636997.10169 1.995165 -4.545858 -0.195893 0.794389 -0.223966 0.545623 0.145193 0.0003507396 -0.0000051136 -0.0001360679 0.0000005829 0.0000019062 0.0000534325 0.0111030471 0.0036806655 0.0000125403 0.0044103435 0.0000087925 0.0027115385
1403636997.15170 1.967154 -4.516128 -0.200874 0.796707 -0.217278 0.546350 0.139819 0.0003502951 -0.0000054528 -0.0001365337 0.0000005904 0.0000020493 0.0000538651 0.0109961555 0.0036063529 0.0000123979 0.0043667284 0.0000088683 0.0027121557
1403636997.20170 1.940757 -4.487423 -0.206867 0.798555 -0.211689 0.547006 0.135211 0.0003499661 -0.0000058293 -0.0001368711 0.0000006003 0.0000022052 0.0000541813 0.0108945480 0.0035353253 0.0000122560 0.0043252193 0.0000088454 0.0027128098
1403636997.25170 1.915105 -4.459769 -0.213460 0.800151 -0.206400 0.547474 0.132024 0.0003497746 -0.0000054794 -0.0001370890 0.0000005872 0.0000020739 0.0000543831 0.0107979758 0.0034692817 0.0000121150 0.0042873058 0.0000088152 0.0027134032
1403636997.30170 1.890052 -4.433101 -0.220110 0.801446 -0.202277 0.547737 0.129432 0.0003495509 -0.0000052574 -0.0001373356 0.0000005789 0.0000019929 0.0000546122 0.0107049776 0.0034049934 0.0000119929 0.0042503847 0.0000087709 0.0027139318
1403636997.35170 1.865836 -4.407157 -0.225619 0.802532 -0.199220 0.547740 0.127412 0.0003492464 -0.0000051221 -0.0001376641 0.0000005736 0.0000019472 0.0000549184 0.0106154357 0.0033425163 0.0000119432 0.0042144664 0.0000087233 0.0027143377
1403636997.40170 1.840564 -4.380756 -0.228674 0.803507 -0.196369 0.547558 0.126479 0.0003489960 -0.0000043782 -0.0001379525 0.0000005512 0.0000016602 0.0000551841 0.0105291363 0.0032834552 0.0000121118 0.0041805627 0.0000088839 0.0027142572
1403636997.45170 1.818098 -4.356179 -0.230079 0.803426 -0.194947 0.548469 0.125233 0.0003493953 -0.0000047083 -0.0001375130 0.0000005587 0.0000017837 0.0000547738 0.0104407472 0.0032217486 0.0000120000 0.0041454335 0.0000088474 0.0027146810
1403636997.50169 1.796988 -4.332137 -0.230458 0.803813 -0.193393 0.548358 0.125645 0.0003493982 -0.0000037708 -0.0001375364 0.0000005352 0.0000014152 0.0000547907 0.0103605716 0.0031683818 0.0000118699 0.0041157425 0.0000088611 0.0027149996
1403636997.55169 1.776713 -4.308955 -0.229137 0.804141 -0.192879 0.548083 0.125538 0.0003492079 -0.0000035514 -0.0001377438 0.0000005298 0.0000013324 0.0000549824 0.0102812695 0.0031174085 0.0000117808 0.0040880637 0.0000088484 0.0027152553
1403636997.60169 1.757679 -4.286533 -0.225819 0.804559 -0.193257 0.547393 0.125288 0.0003487114 -0.0000037157 -0.0001382660 0.0000005325 0.0000014057 0.0000554722 0.0102060180 0.0030692072 0.0000117011 0.0040620417 0.0000088575 0.0027154438
1403636997.65169 1.739876 -4.265110 -0.220258 0.804665 -0.193483 0.547045 0.125775 0.0003485657 -0.0000034551 -0.0001384255 0.0000005265 0.0000013051 0.0000556198 0.0101340755 0.0030243132 0.0000116227 0.0040381986 0.0000088377 0.0027155841
1403636997.70169 1.723221 -4.244348 -0.212300 0.804898 -0.193552 0.546408 0.126945 0.0003483394 -0.0000026613 -0.0001386803 0.0000005119 0.0000009927 0.0000558563 0.0100650268 0.0029822462 0.0000115607 0.0040161868 0.0000088397 0.0027156502
1403636997.75169 1.708070 -4.224297 -0.203187 0.805207 -0.193851 0.545468 0.128561 0.0003479796 -0.0000016398 -0.0001390728 0.0000004985 0.0000005886 0.0000562248 0.0099989985 0.0029435650 0.0000115019 0.0039964051 0.0000088574 0.0027156405
1403636997.80169 1.693979 -4.204689 -0.192670 0.805750 -0.194583 0.544161 0.129592 0.0003472845 -0.0000010682 -0.0001398023 0.0000004932 0.0000003637 0.0000569203 0.0099345030 0.0029073230 0.0000114623 0.0039783158 0.0000089068 0.0027155866
1403636997.85169 1.680741 -4.184829 -0.180523 0.805553 -0.195173 0.544040 0.130431 0.0003473195 -0.0000008116 -0.0001397652 0.0000004871 0.0000002625 0.0000568808 0.0098707988 0.0028732012 0.0000111570 0.0039614932 0.0000093242 0.0027142847
1403636997.90169 1.668990 -4.166031 -0.166580 0.805566 -0.196158 0.543349 0.131745 0.0003470896 -0.0000003093 -0.0001400035 0.0000004847 0.0000000611 0.0000571075 0.0098077706 0.0028404931 0.0000110946 0.0039459071 0.0000093757 0.0027142549
1403636997.95169 1.657474 -4.147917 -0.150015 0.805144 -0.197349 0.543515 0.131865 0.0003472186 -0.0000007769 -0.0001398669 0.0000004851 0.0000002504 0.0000569735 0.0097475223 0.0028109012 0.0000110856 0.0039323535 0.0000094460 0.0027142038
1403636998.00169 1.646376 -4.129826 -0.134070 0.804997 -0.198271 0.543139 0.132926 0.0003471048 -0.0000004922 -0.0001399851 0.0000004819 0.0000001370 0.0000570844 0.0096911933 0.0027822703 0.0000109870 0.0039184080 0.0000096943 0.0027138549
1403636998.10169 1.624127 -4.092490 -0.097241 0.804657 -0.200404 0.542646 0.133793 0.0003468762 -0.0000008142 -0.0001402182 0.0000004762 0.0000002690 0.0000573062 0.0095785013 0.0027272676 0.0000094155 0.0038917390 0.0000109890 0.0027130605
1403636998.15169 1.617658 -4.076982 -0.077784 0.803738 -0.201282 0.543530 0.134406 0.0003476163 -0.0000010298 -0.0001394471 0.0000004747 0.0000003542 0.0000565600 0.0095138234 0.0026998486 0.0000094825 0.0038788510 0.0000112067 0.0027127743
1403636998.20169 1.611892 -4.061141 -0.059453 0.802672 -0.203149 0.544636 0.133490 0.0003481700 -0.0000026110 -0.0001388445 0.0000004885 0.0000009841 0.0000559845 0.0094645077 0.0026825039 0.0000095169 0.0038712253 0.0000114000 0.0027124835
1403636998.25169 1.605591 -4.045680 -0.042615 0.802606 -0.204040 0.544467 0.133218 0.0003480073 -0.0000030971 -0.0001390042 0.0000004947 0.0000011813 0.0000561353 0.0094152062 0.0026651451 0.0000094927 0.0038649525 0.0000116081 0.0027123287
1403636998.30170 1.599938 -4.030602 -0.027737 0.802804 -0.204635 0.543636 0.134497 0.0003476751 -0.0000024295 -0.0001393642 0.0000004826 0.0000009185 0.0000564743 0.0093677454 0.0026467305 0.0000094557 0.0038575577 0.0000118234 0.0027122085
1403636998.35170 1.594882 -4.015975 -0.014192 0.802344 -0.205276 0.544030 0.134676 0.0003479569 -0.0000026856 -0.0001390632 0.0000004847 0.0000010190 0.0000561852 0.0093213807 0.0026304981 0.0000094093 0.0038516979 0.0000120377 0.0027121031
1403636998.40170 1.598141 -4.006525 -0.004962 0.802075 -0.206095 0.544112 0.134696 0.0003480034 -0.0000031581 -0.0001389965 0.0000004825 0.0000012076 0.0000561120 0.0092702762 0.0026205071 0.0000108514 0.0038385773 0.0000112022 0.0027100006
1403636998.45169 1.592584 -3.994377 0.008066 0.801880 -0.207050 0.544115 0.134381 0.0003479590 -0.0000035861 -0.0001390288 0.0000004898 0.0000013806 0.0000561402 0.0092415921 0.0026221932 0.0000113768 0.0038431589 0.0000110263 0.0027095642
1403636998.50170 1.589871 -3.982424 0.020291 0.801393 -0.207918 0.544539 0.134222 0.0003481777 -0.0000042030 -0.0001387805 0.0000005030 0.0000016243 0.0000559050 0.0092055790 0.0026073166 0.0000114968 0.0038368188 0.0000109618 0.0027094712
1403636998.55170 1.587378 -3.971101 0.034794 0.800149 -0.207137 0.546153 0.136284 0.0003495808 -0.0000030257 -0.0001373179 0.0000004781 0.0000011377 0.0000545240 0.0091698579 0.0025968253 0.0000115558 0.0038339121 0.0000108949 0.0027094404
1403636998.60170 1.584895 -3.959893 0.050333 0.798314 -0.206959 0.548747 0.136892 0.0003513405 -0.0000031800 -0.0001353981 0.0000004802 0.0000011756 0.0000527592 0.0091352429 0.0025861987 0.0000116096 0.0038307718 0.0000108315 0.0027094367
1403636998.65170 1.583233 -3.949576 0.068288 0.794519 -0.204509 0.554060 0.141183 0.0003553862 -0.0000008105 -0.0001308339 0.0000004531 0.0000002481 0.0000487377 0.0091030163 0.0025769859 0.0000116645 0.0038283835 0.0000107732 0.0027094356
1403636998.70170 1.582209 -3.938701 0.086536 0.790697 -0.203613 0.559418 0.142801 0.0003588920 -0.0000007276 -0.0001266096 0.0000004522 0.0000002072 0.0000452297 0.0090703543 0.0025678541 0.0000117052 0.0038261397 0.0000107387 0.0027094226
1403636998.75170 1.580343 -3.928135 0.106628 0.787663 -0.202569 0.563580 0.144675 0.0003616554 -0.0000001257 -0.0001231088 0.0000004504 -0.0000000063 0.0000424653 0.0090364917 0.0025590373 0.0000117203 0.0038243414 0.0000106924 0.0027094822
1403636998.80170 1.578150 -3.917619 0.126920 0.785877 -0.201441 0.565735 0.147522 0.0003633286 0.0000015363 -0.0001208977 0.0000004567 -0.0000005606 0.0000407831 0.0090040180 0.0025487900 0.0000117429 0.0038212020 0.0000106587 0.0027095428
1403636998.85170 1.575543 -3.906665 0.146470 0.785634 -0.198899 0.565997 0.151216 0.0003639813 0.0000047976 -0.0001199344 0.0000005134 -0.0000016312 0.0000400710 0.0089700622 0.0025381821 0.0000117682 0.0038180147 0.0000106366 0.0027096121
1403636998.90170 1.572971 -3.894801 0.164878 0.785058 -0.197752 0.566574 0.153535 0.0003646140 0.0000065341 -0.0001189916 0.0000005671 -0.0000021831 0.0000393822 0.0089344919 0.0025268789 0.0000117898 0.0038145810 0.0000106460 0.0027097034
1403636998.95170 1.570194 -3.882221 0.181496 0.785298 -0.196723 0.565970 0.155839 0.0003645472 0.0000084865 -0.0001189584 0.0000006476 -0.0000028206 0.0000393662 0.0088960981 0.0025149071 0.0000118078 0.0038110558 0.0000106579 0.0027098002
1403636999.00169 1.568051 -3.869480 0.196823 0.785775 -0.196059 0.565150 0.157240 0.0003642423 0.0000097689 -0.0001192735 0.0000007111 -0.0000032505 0.0000396020 0.0088549404 0.0025027328 0.0000121896 0.0038062519 0.0000100038 0.0027091299
1403636999.05169 1.565175 -3.856340 0.209430 0.785720 -0.194740 0.565048 0.159504 0.0003644167 0.0000117475 -0.0001188556 0.0000008278 -0.0000038835 0.0000393085 0.0088138867 0.0024912031 0.0000123116 0.0038033059 0.0000099122 0.0027090800
1403636999.10169 1.561225 -3.841766 0.220739 0.786299 -0.194581 0.564145 0.160036 0.0003639493 0.0000123482 -0.0001194296 0.0000008679 -0.0000041040 0.0000397338 0.0087711626 0.0024782371 0.0000123593 0.0037996128 0.0000098835 0.0027091198
1403636999.15169 1.557350 -3.826478 0.230882 0.786925 -0.194310 0.563066 0.161090 0.0003634397 0.0000133301 -0.0001200110 0.0000009379 -0.0000044539 0.0000401715 0.0087250458 0.0024633847 0.0000124182 0.0037950019 0.0000098711 0.0027091705
1403636999.20169 1.552427 -3.810688 0.239614 0.787988 -0.194589 0.561486 0.161072 0.0003625085 0.0000135698 -0.0001212251 0.0000009567 -0.0000045899 0.0000410817 0.0086764100 0.0024481911 0.0000124829 0.0037905417 0.0000098654 0.0027092109
1403636999.25170 1.548245 -3.794173 0.247037 0.788643 -0.194805 0.560502 0.161030 0.0003619336 0.0000136613 -0.0001219708 0.0000009642 -0.0000046556 0.0000416472 0.0086268437 0.0024310838 0.0000125513 0.0037847188 0.0000098676 0.0027092485
1403636999.30170 1.543817 -3.777120 0.253008 0.789294 -0.196204 0.559560 0.159409 0.0003612101 0.0000122979 -0.0001230558 0.0000008667 -0.0000042405 0.0000424660 0.0085752997 0.0024148848 0.0000126563 0.0037799534 0.0000098761 0.0027092117
1403636999.35169 1.539646 -3.759369 0.257465 0.789676 -0.198241 0.558974 0.157037 0.0003606036 0.0000101224 -0.0001240317 0.0000007315 -0.0000035313 0.0000432057 0.0085230324 0.0023980725 0.0000126816 0.0037748386 0.0000098682 0.0027092680
1403636999.40169 1.535766 -3.741180 0.260994 0.789021 -0.199951 0.559947 0.154677 0.0003609053 0.0000077561 -0.0001238147 0.0000006134 -0.0000027090 0.0000430201 0.0084690242 0.0023818084 0.0000127071 0.0037704683 0.0000098590 0.0027093094
1403636999.45169 1.531974 -3.722930 0.263023 0.788721 -0.201603 0.560320 0.152698 0.0003608796 0.0000057718 -0.0001239544 0.0000005385 -0.0000020294 0.0000431187 0.0084151767 0.0023655229 0.0000127326 0.0037660749 0.0000098520 0.0027093342
1403636999.50169 1.528329 -3.704575 0.264049 0.788171 -0.202114 0.561101 0.151995 0.0003612513 0.0000049511 -0.0001235106 0.0000005135 -0.0000017389 0.0000427697 0.0083610322 0.0023490760 0.0000127590 0.0037615611 0.0000098209 0.0027093237
1403636999.55169 1.524178 -3.685954 0.264089 0.786802 -0.202642 0.562869 0.151848 0.0003622736 0.0000042118 -0.0001222074 0.0000004942 -0.0000014661 0.0000417646 0.0083069824 0.0023326005 0.0000127825 0.0037570874 0.0000098167 0.0027093207
1403636999.60169 1.518935 -3.666085 0.264422 0.785665 -0.203170 0.564471 0.151076 0.0003631110 0.0000031695 -0.0001211309 0.0000004723 -0.0000011016 0.0000409457 0.0082518130 0.0023151810 0.0000128825 0.0037514476 0.0000095881 0.0027090355
1403636999.65169 1.513923 -3.646507 0.262938 0.784489 -0.203396 0.566027 0.151068 0.0003640052 0.0000026795 -0.0001199427 0.0000004638 -0.0000009265 0.0000400577 0.0081935672 0.0022949775 0.0000129074 0.0037446593 0.0000095852 0.0027090647
1403636999.70169 1.508145 -3.626605 0.260385 0.783605 -0.203746 0.567112 0.151111 0.0003646379 0.0000022879 -0.0001190898 0.0000004580 -0.0000007901 0.0000394285 0.0081365107 0.0022752902 0.0000129272 0.0037381123 0.0000095899 0.0027090756
1403636999.75169 1.501504 -3.606274 0.257132 0.783404 -0.204100 0.567318 0.150906 0.0003647253 0.0000019568 -0.0001189743 0.0000004537 -0.0000006806 0.0000393432 0.0080786908 0.0022543256 0.0000129478 0.0037306666 0.0000095968 0.0027090793
1403636999.80169 1.494426 -3.585729 0.253520 0.783019 -0.204534 0.567610 0.151215 0.0003649339 0.0000018521 -0.0001186884 0.0000004521 -0.0000006442 0.0000391340 0.0080209685 0.0022321710 0.0000129188 0.0037222536 0.0000095993 0.0027091177
1403636999.85169 1.486433 -3.564620 0.249389 0.783260 -0.204370 0.567216 0.151666 0.0003647696 0.0000022802 -0.0001189041 0.0000004565 -0.0000007849 0.0000392918 0.0079617764 0.0022089411 0.0000128946 0.0037132197 0.0000096021 0.0027091494
1403636999.90169 1.477710 -3.542993 0.245134 0.783310 -0.203890 0.567036 0.152726 0.0003648171 0.0000031624 -0.0001188170 0.0000004693 -0.0000010716 0.0000392295 0.0079018902 0.0021844124 0.0000128883 0.0037032401 0.0000095878 0.0027091281
1403636999.95169 1.468451 -3.521052 0.240524 0.783413 -0.203099 0.566771 0.154226 0.0003648680 0.0000044571 -0.0001187037 0.0000004959 -0.0000014918 0.0000391499 0.0078404741 0.0021586083 0.0000128746 0.0036925047 0.0000095941 0.0027091619
1403637000.00169 1.459041 -3.497985 0.237044 0.783808 -0.201396 0.566142 0.156744 0.0003648310 0.0000068397 -0.0001186389 0.0000005694 -0.0000022666 0.0000391112 0.0077787024 0.0021323084 0.0000128786 0.0036814169 0.0000095907 0.0027091804
1403637000.05169 1.448348 -3.474283 0.235449 0.784468 -0.199984 0.565297 0.158289 0.0003645159 0.0000085938 -0.0001189544 0.0000006433 -0.0000028472 0.0000393502 0.0077125721 0.0021046919 0.0000128834 0.0036700365 0.0000095888 0.0027092206
1403637000.10169 1.436948 -3.449688 0.235374 0.785175 -0.199851 0.564292 0.158538 0.0003639596 0.0000090268 -0.0001196770 0.0000006642 -0.0000030108 0.0000398837 0.0076457357 0.0020752087 0.0000128911 0.0036572790 0.0000095876 0.0027092818
1403637000.15169 1.425365 -3.423985 0.237064 0.785644 -0.200113 0.563713 0.157942 0.0003635493 0.0000086871 -0.0001202536 0.0000006473 -0.0000029156 0.0000403091 0.0075766008 0.0020448196 0.0000128634 0.0036442070 0.0000095681 0.0027093904
1403637000.20169 1.415035 -3.395560 0.242954 0.786783 -0.200294 0.562286 0.157131 0.0003626185 0.0000084416 -0.0001215092 0.0000006355 -0.0000028704 0.0000412496 0.0075055736 0.0020146107 0.0000128434 0.0036306416 0.0000093852 0.0027094339
1403637000.25169 1.404104 -3.368658 0.246759 0.787439 -0.201030 0.561383 0.156125 0.0003619471 0.0000077420 -0.0001224363 0.0000006040 -0.0000026600 0.0000419511 0.0074289936 0.0019859172 0.0000127814 0.0036202279 0.0000093366 0.0027096336
1403637000.30169 1.393249 -3.341403 0.250845 0.787993 -0.201395 0.560663 0.155448 0.0003614333 0.0000073483 -0.0001231274 0.0000005872 -0.0000025440 0.0000424804 0.0073575345 0.0019568879 0.0000127080 0.0036087278 0.0000093173 0.0027098472
1403637000.35169 1.382676 -3.313926 0.254264 0.787855 -0.201736 0.560888 0.154889 0.0003614967 0.0000068137 -0.0001230747 0.0000005657 -0.0000023599 0.0000424372 0.0072859739 0.0019280410 0.0000126244 0.0035974249 0.0000093057 0.0027100788
1403637000.40169 1.371801 -3.285991 0.256704 0.787108 -0.202574 0.562016 0.153501 0.0003619830 0.0000053693 -0.0001225127 0.0000005163 -0.0000018563 0.0000419991 0.0072140643 0.0018990545 0.0000125310 0.0035860934 0.0000093056 0.0027103267
1403637000.45169 1.360824 -3.257897 0.257805 0.787382 -0.201655 0.561560 0.154969 0.0003619075 0.0000067454 -0.0001225418 0.0000005621 -0.0000023235 0.0000420275 0.0071423320 0.0018698678 0.0000124294 0.0035745940 0.0000093177 0.0027105859
1403637000.50169 1.349613 -3.229285 0.258216 0.787371 -0.201222 0.561594 0.155467 0.0003619883 0.0000072271 -0.0001224074 0.0000005803 -0.0000024833 0.0000419273 0.0070698431 0.0018409606 0.0000123421 0.0035634817 0.0000093432 0.0027108326
1403637000.55169 1.338304 -3.199957 0.258327 0.787472 -0.200825 0.561362 0.156301 0.0003619518 0.0000079393 -0.0001224099 0.0000006099 -0.0000027246 0.0000419332 0.0069963292 0.0018112552 0.0000122420 0.0035519195 0.0000093655 0.0027111210
1403637000.60169 1.327174 -3.169520 0.259010 0.787616 -0.200782 0.561237 0.156078 0.0003618501 0.0000078598 -0.0001225464 0.0000006060 -0.0000027012 0.0000420374 0.0069217378 0.0017817467 0.0000121663 0.0035406829 0.0000093914 0.0027113935
1403637000.65169 1.315758 -3.138820 0.261310 0.786781 -0.201555 0.562419 0.155037 0.0003624123 0.0000066297 -0.0001218818 0.0000005561 -0.0000022682 0.0000415241 0.0068445829 0.0017519698 0.0000120653 0.0035297355 0.0000094184 0.0027117023
1403637000.70169 1.304574 -3.107901 0.265304 0.786385 -0.202120 0.562975 0.154292 0.0003626468 0.0000058122 -0.0001216132 0.0000005275 -0.0000019871 0.0000413170 0.0067690922 0.0017225153 0.0000119661 0.0035188052 0.0000094486 0.0027120135
1403637000.75169 1.293234 -3.076853 0.271546 0.786288 -0.201814 0.563132 0.154611 0.0003627740 0.0000061001 -0.0001214298 0.0000005366 -0.0000020798 0.0000411797 0.0066940379 0.0016935284 0.0000118611 0.0035082172 0.0000094786 0.0027123421
1403637000.80169 1.281729 -3.046105 0.282548 0.785660 -0.202559 0.563808 0.154367 0.0003631646 0.0000054782 -0.0001209392 0.0000005162 -0.0000018618 0.0000408079 0.0066191360 0.0016647988 0.0000118494 0.0034965077 0.0000093789 0.0027124543
1403637000.85169 1.270126 -3.014420 0.291518 0.785135 -0.203238 0.564474 0.153710 0.0003634557 0.0000046238 -0.0001205850 0.0000004920 -0.0000015710 0.0000405400 0.0065450680 0.0016356307 0.0000117628 0.0034855863 0.0000093907 0.0027128173
1403637000.90169 1.258144 -2.982310 0.299354 0.785490 -0.203537 0.563855 0.153772 0.0003631069 0.0000046665 -0.0001210479 0.0000004929 -0.0000015925 0.0000408870 0.0064704439 0.0016062190 0.0000116634 0.0034745771 0.0000094310 0.0027131904
1403637000.95169 1.245921 -2.949554 0.305699 0.785562 -0.203883 0.563545 0.154080 0.0003629764 0.0000047597 -0.0001212168 0.0000004952 -0.0000016263 0.0000410146 0.0063958244 0.0015764899 0.0000115483 0.0034633361 0.0000094889 0.0027135793
1403637001.00169 1.233256 -2.916170 0.310008 0.784988 -0.204338 0.564182 0.154072 0.0003633498 0.0000043882 -0.0001207324 0.0000004855 -0.0000014946 0.0000406500 0.0063200008 0.0015459229 0.0000114329 0.0034516412 0.0000095594 0.0027139838
1403637001.05170 1.219832 -2.882780 0.313291 0.784818 -0.204422 0.564390 0.154064 0.0003634743 0.0000043073 -0.0001205679 0.0000004834 -0.0000014651 0.0000405270 0.0062435517 0.0015149723 0.0000113340 0.0034397987 0.0000096434 0.0027144103
1403637001.10170 1.206156 -2.849027 0.315199 0.784635 -0.205079 0.564483 0.153784 0.0003634923 0.0000038163 -0.0001205594 0.0000004723 -0.0000013018 0.0000405195 0.0061682954 0.0014837850 0.0000112183 0.0034275813 0.0000097391 0.0027148307
1403637001.15170 1.192973 -2.814877 0.316281 0.784473 -0.205182 0.564641 0.153895 0.0003636025 0.0000037925 -0.0001204120 0.0000004716 -0.0000012919 0.0000404098 0.0060936087 0.0014525773 0.0000110620 0.0034152809 0.0000098252 0.0027152884
1403637001.20170 1.179501 -2.780097 0.317484 0.783706 -0.206153 0.565573 0.153077 0.0003640325 0.0000026464 -0.0001198632 0.0000004511 -0.0000009068 0.0000399999 0.0060190047 0.0014220433 0.0000109593 0.0034034590 0.0000099039 0.0027156825
1403637001.25170 1.165075 -2.745279 0.319871 0.783815 -0.206874 0.565316 0.152496 0.0003637996 0.0000020409 -0.0001201888 0.0000004431 -0.0000007093 0.0000402405 0.0059432557 0.0013906884 0.0000108072 0.0033912609 0.0000099895 0.0027161340
1403637001.30170 1.149565 -2.710110 0.324468 0.783642 -0.207125 0.565535 0.152229 0.0003638901 0.0000017251 -0.0001200714 0.0000004396 -0.0000006041 0.0000401532 0.0058687553 0.0013587192 0.0000106620 0.0033783593 0.0000100737 0.0027165831
1403637001.35170 1.133340 -2.674765 0.331247 0.783822 -0.208327 0.565170 0.151016 0.0003635005 0.0000005496 -0.0001206056 0.0000004321 -0.0000002167 0.0000405501 0.0057951516 0.0013262332 0.0000104989 0.0033648979 0.0000101563 0.0027170663
1403637001.40170 1.115678 -2.640241 0.339899 0.784463 -0.209462 0.564263 0.149503 0.0003627399 -0.0000006150 -0.0001216161 0.0000004318 0.0000001725 0.0000413098 0.0057224553 0.0012943549 0.0000104643 0.0033504942 0.0000100939 0.0027172287
1403637001.45170 1.099099 -2.604775 0.350405 0.786071 -0.210046 0.561902 0.149130 0.0003613061 -0.0000005463 -0.0001234878 0.0000004315 0.0000001530 0.0000427437 0.0056524295 0.0012612241 0.0000103448 0.0033358161 0.0000101688 0.0027176817
1403637001.50170 1.082814 -2.569325 0.361991 0.787158 -0.211288 0.560038 0.148654 0.0003601363 -0.0000009363 -0.0001249796 0.0000004331 0.0000002913 0.0000439119 0.0055817929 0.0012296277 0.0000102460 0.0033225682 0.0000102333 0.0027181529
1403637001.55170 1.066161 -2.534120 0.372897 0.787857 -0.212140 0.558764 0.148529 0.0003593567 -0.0000010893 -0.0001259582 0.0000004339 0.0000003483 0.0000446908 0.0055122561 0.0011985962 0.0000101452 0.0033096225 0.0000103187 0.0027186238
1403637001.60170 1.049071 -2.499047 0.382748 0.788373 -0.212714 0.557801 0.148592 0.0003587889 -0.0000010793 -0.0001266640 0.0000004338 0.0000003475 0.0000452588 0.0054439129 0.0011677897 0.0000100423 0.0032966705 0.0000104224 0.0027190916
1403637001.65170 1.031696 -2.463812 0.390986 0.788270 -0.214002 0.557777 0.147374 0.0003585701 -0.0000023661 -0.0001269166 0.0000004461 0.0000008046 0.0000454652 0.0053769449 0.0011370911 0.0000099472 0.0032836002 0.0000105438 0.0027195459
1403637001.70170 1.014022 -2.428982 0.397850 0.788330 -0.213472 0.557470 0.148973 0.0003586540 -0.0000011208 -0.0001268299 0.0000004340 0.0000003629 0.0000453934 0.0053111073 0.0011067490 0.0000098325 0.0032706542 0.0000106786 0.0027199975
1403637001.75169 0.996149 -2.394272 0.403295 0.788061 -0.213873 0.557582 0.149401 0.0003587913 -0.0000010856 -0.0001266602 0.0000004337 0.0000003498 0.0000452563 0.0052464288 0.0010764610 0.0000097197 0.0032575866 0.0000108196 0.0027204545
1403637001.80170 0.977509 -2.359919 0.407720 0.787131 -0.214709 0.558761 0.148698 0.0003593687 -0.0000021557 -0.0001259283 0.0000004432 0.0000007225 0.0000446693 0.0051827306 0.0010467040 0.0000096295 0.0032447676 0.0000109546 0.0027208806
1403637001.85170 0.959122 -2.325813 0.409554 0.788147 -0.214841 0.557141 0.149201 0.0003584865 -0.0000015362 -0.0001270313 0.0000004368 0.0000005112 0.0000455577 0.0051208407 0.0010165722 0.0000095208 0.0032314139 0.0000110973 0.0027213151
1403637001.90170 0.940536 -2.291857 0.410283 0.788624 -0.215060 0.556369 0.149249 0.0003580290 -0.0000014195 -0.0001275938 0.0000004357 0.0000004728 0.0000460161 0.0050605725 0.0009877206 0.0000094125 0.0032188657 0.0000112370 0.0027217303
1403637001.95170 0.921992 -2.258228 0.409906 0.788749 -0.215124 0.556057 0.149655 0.0003579061 -0.0000011444 -0.0001277463 0.0000004336 0.0000003753 0.0000461408 0.0050016034 0.0009591256 0.0000093107 0.0032063412 0.0000113688 0.0027221320
1403637002.00170 0.902614 -2.225247 0.407519 0.789450 -0.215269 0.555043 0.149517 0.0003572669 -0.0000010359 -0.0001285229 0.0000004328 0.0000003396 0.0000467805 0.0049435255 0.0009311922 0.0000092096 0.0031938698 0.0000114605 0.0027224688
1403637002.05170 0.884316 -2.192468 0.404881 0.789783 -0.214981 0.554457 0.150342 0.0003570600 -0.0000002847 -0.0001287758 0.0000004299 0.0000000693 0.0000469900 0.0048880938 0.0009034084 0.0000091276 0.0031814623 0.0000115689 0.0027228395
1403637002.10170 0.865328 -2.159671 0.401458 0.790004 -0.215673 0.554023 0.149791 0.0003567055 -0.0000008090 -0.0001291988 0.0000004314 0.0000002600 0.0000473428 0.0048336632 0.0008769563 0.0000090352 0.0031699920 0.0000116623 0.0027231974
1403637002.15170 0.846290 -2.126930 0.397172 0.789838 -0.215698 0.554268 0.149723 0.0003568436 -0.0000009187 -0.0001290322 0.0000004317 0.0000002994 0.0000472040 0.0047798111 0.0008504208 0.0000089503 0.0031583987 0.0000117444 0.0027235495
1403637002.20170 0.827062 -2.094565 0.391795 0.790141 -0.215873 0.553831 0.149486 0.0003565353 -0.0000010294 -0.0001293999 0.0000004322 0.0000003410 0.0000475115 0.0047270843 0.0008243285 0.0000088671 0.0031470033 0.0000118043 0.0027238785
1403637002.25170 0.807761 -2.062717 0.386035 0.790375 -0.215886 0.553448 0.149652 0.0003563318 -0.0000008429 -0.0001296432 0.0000004310 0.0000002740 0.0000477156 0.0046761063 0.0007989014 0.0000088341 0.0031358116 0.0000118337 0.0027241591
1403637002.30170 0.788459 -2.031127 0.379864 0.790343 -0.215123 0.553468 0.150844 0.0003565422 0.0000001812 -0.0001293944 0.0000004290 -0.0000000988 0.0000475068 0.0046267483 0.0007738733 0.0000087665 0.0031248180 0.0000118760 0.0027244729
1403637002.35170 0.768987 -1.999292 0.374717 0.790544 -0.214548 0.553235 0.151461 0.0003565034 0.0000008498 -0.0001294376 0.0000004308 -0.0000003417 0.0000475434 0.0045781855 0.0007491188 0.0000087112 0.0031139740 0.0000119178 0.0027247912
1403637002.40170 0.750363 -1.967929 0.371362 0.791208 -0.213594 0.552342 0.152600 0.0003561370 0.0000021554 -0.0001298579 0.0000004418 -0.0000008196 0.0000478985 0.0045307599 0.0007257788 0.0000086621 0.0031040777 0.0000119477 0.0027251015
1403637002.45169 0.731756 -1.936632 0.370220 0.790917 -0.212936 0.552762 0.153504 0.0003565375 0.0000028716 -0.0001293666 0.0000004517 -0.0000010758 0.0000474875 0.0044841243 0.0007029263 0.0000086197 0.0030944775 0.0000119756 0.0027254126
1403637002.50169 0.713834 -1.905468 0.371342 0.790982 -0.212301 0.552692 0.154298 0.0003566134 0.0000036345 -0.0001292562 0.0000004656 -0.0000013515 0.0000473974 0.0044388537 0.0006811604 0.0000085788 0.0030855407 0.0000120061 0.0027257330
1403637002.55169 0.696299 -1.874298 0.374372 0.791441 -0.210357 0.552038 0.156924 0.0003565967 0.0000061803 -0.0001291788 0.0000005357 -0.0000022741 0.0000473436 0.0043941009 0.0006599166 0.0000085385 0.0030769509 0.0000120415 0.0027260596
1403637002.60169 0.678652 -1.843086 0.380504 0.791093 -0.210330 0.552525 0.157001 0.0003569061 0.0000061254 -0.0001288097 0.0000005336 -0.0000022458 0.0000470358 0.0043497647 0.0006394311 0.0000085037 0.0030686814 0.0000120745 0.0027263804
1403637002.65169 0.661172 -1.811302 0.388528 0.791242 -0.210265 0.552222 0.157400 0.0003567771 0.0000064482 -0.0001289485 0.0000005449 -0.0000023657 0.0000471532 0.0043060157 0.0006186532 0.0000084655 0.0030603542 0.0000121271 0.0027267305
1403637002.70169 0.643549 -1.778987 0.397068 0.791425 -0.210372 0.551707 0.158141 0.0003565758 0.0000069485 -0.0001291631 0.0000005638 -0.0000025523 0.0000473351 0.0042624209 0.0005984479 0.0000084207 0.0030524383 0.0000121972 0.0027270925
1403637002.75169 0.626279 -1.746433 0.405309 0.791490 -0.210987 0.551415 0.158018 0.0003563896 0.0000066720 -0.0001293998 0.0000005532 -0.0000024577 0.0000475316 0.0042191832 0.0005790853 0.0000083690 0.0030450795 0.0000122839 0.0027274604
1403637002.80169 0.609387 -1.713750 0.412723 0.791019 -0.211268 0.551874 0.158400 0.0003567344 0.0000066568 -0.0001289876 0.0000005524 -0.0000024420 0.0000471872 0.0041763892 0.0005601918 0.0000083120 0.0030380077 0.0000123856 0.0027278363
1403637002.85169 0.592630 -1.680967 0.417967 0.790600 -0.212669 0.552287 0.157170 0.0003568107 0.0000052117 -0.0001289621 0.0000005041 -0.0000019179 0.0000471587 0.0041342111 0.0005418726 0.0000082632 0.0030313119 0.0000124950 0.0027282375
1403637002.90169 0.576138 -1.647913 0.421417 0.789754 -0.214515 0.553228 0.155599 0.0003571583 0.0000032446 -0.0001286082 0.0000004573 -0.0000012015 0.0000468576 0.0040927347 0.0005240615 0.0000081934 0.0030249046 0.0000126216 0.0027286462
1403637002.95169 0.560015 -1.615106 0.422940 0.789576 -0.215343 0.553180 0.155527 0.0003571236 0.0000028372 -0.0001286591 0.0000004503 -0.0000010551 0.0000468989 0.0040521563 0.0005067886 0.0000081261 0.0030187945 0.0000127530 0.0027290500
1403637003.00169 0.544290 -1.582354 0.422743 0.789663 -0.216138 0.552825 0.155250 0.0003568679 0.0000024043 -0.0001289751 0.0000004439 -0.0000009016 0.0000471606 0.0040126674 0.0004903018 0.0000080600 0.0030131138 0.0000128851 0.0027294412
1403637003.05169 0.528974 -1.549818 0.421158 0.789480 -0.217142 0.552778 0.154941 0.0003567944 0.0000017824 -0.0001290730 0.0000004365 -0.0000006771 0.0000472412 0.0039742302 0.0004745195 0.0000079927 0.0030078307 0.0000130234 0.0027298238
1403637003.10169 0.513837 -1.517428 0.418244 0.789604 -0.217946 0.552247 0.155074 0.0003564934 0.0000016232 -0.0001294347 0.0000004349 -0.0000006215 0.0000475434 0.0039369125 0.0004592902 0.0000079312 0.0030028094 0.0000131560 0.0027301941
1403637003.15169 0.499180 -1.485334 0.414185 0.789312 -0.218058 0.552410 0.155822 0.0003567173 0.0000019623 -0.0001291619 0.0000004383 -0.0000007428 0.0000473159 0.0039006550 0.0004447926 0.0000078754 0.0029981649 0.0000132788 0.0027305514
1403637003.20169 0.485109 -1.453787 0.408626 0.788937 -0.218946 0.552548 0.155987 0.0003568344 0.0000016212 -0.0001290257 0.0000004348 -0.0000006183 0.0000472018 0.0038655255 0.0004308829 0.0000078170 0.0029936541 0.0000133950 0.0027308924
1403637003.25169 0.471241 -1.422353 0.402120 0.788604 -0.219212 0.552680 0.156829 0.0003570537 0.0000019511 -0.0001287571 0.0000004381 -0.0000007358 0.0000469789 0.0038318855 0.0004177258 0.0000077769 0.0029896085 0.0000134949 0.0027312184
1403637003.30169 0.457786 -1.390926 0.396229 0.787529 -0.220206 0.553965 0.156299 0.0003577464 0.0000008725 -0.0001279300 0.0000004295 -0.0000003435 0.0000462945 0.0037988086 0.0004051411 0.0000077445 0.0029858758 0.0000135790 0.0027315376
1403637003.35170 0.443758 -1.359042 0.392184 0.786843 -0.221104 0.554747 0.155716 0.0003581200 -0.0000000641 -0.0001274765 0.0000004272 -0.0000000081 0.0000459229 0.0037665391 0.0003929065 0.0000076726 0.0029823447 0.0000136785 0.0027319068
1403637003.40170 0.430131 -1.327666 0.389752 0.786026 -0.220963 0.555714 0.156588 0.0003588471 0.0000002575 -0.0001265803 0.0000004274 -0.0000001218 0.0000451954 0.0037349816 0.0003808245 0.0000076174 0.0029788327 0.0000137624 0.0027322732
1403637003.45170 0.416764 -1.296623 0.389670 0.785077 -0.221245 0.556898 0.156747 0.0003595775 -0.0000000742 -0.0001256697 0.0000004271 -0.0000000048 0.0000444649 0.0037048859 0.0003696168 0.0000075855 0.0029756998 0.0000138169 0.0027325990
1403637003.50170 0.403410 -1.265537 0.391198 0.784476 -0.222265 0.557418 0.156465 0.0003598393 -0.0000008363 -0.0001253377 0.0000004289 0.0000002610 0.0000442009 0.0036756233 0.0003584474 0.0000075332 0.0029725872 0.0000138917 0.0027329561
1403637003.55170 0.389586 -1.234198 0.394466 0.784588 -0.222923 0.557118 0.156033 0.0003595864 -0.0000013086 -0.0001256511 0.0000004316 0.0000004273 0.0000444508 0.0036467913 0.0003475146 0.0000074825 0.0029695931 0.0000139714 0.0027333255
1403637003.60170 0.376105 -1.203165 0.399068 0.784437 -0.223582 0.557124 0.155830 0.0003595512 -0.0000017274 -0.0001256898 0.0000004351 0.0000005742 0.0000444823 0.0036187954 0.0003367770 0.0000074008 0.0029667098 0.0000140713 0.0027337263
1403637003.65170 0.362547 -1.172432 0.405498 0.784298 -0.224127 0.557147 0.155664 0.0003595283 -0.0000020808 -0.0001257128 0.0000004388 0.0000006982 0.0000445013 0.0035918825 0.0003266597 0.0000073214 0.0029640996 0.0000141744 0.0027341230
1403637003.70170 0.349056 -1.141913 0.411869 0.784466 -0.224401 0.556796 0.155676 0.0003593151 -0.0000021134 -0.0001259784 0.0000004393 0.0000007118 0.0000447140 0.0035660541 0.0003167816 0.0000072088 0.0029616021 0.0000143048 0.0027345484
1403637003.75169 0.335468 -1.111758 0.417376 0.784687 -0.224371 0.556511 0.155624 0.0003591359 -0.0000020568 -0.0001262024 0.0000004386 0.0000006938 0.0000448938 0.0035412994 0.0003073877 0.0000070984 0.0029593095 0.0000144435 0.0027349844
1403637003.80169 0.321585 -1.081700 0.421468 0.784832 -0.224926 0.556527 0.154028 0.0003588628 -0.0000032287 -0.0001265167 0.0000004558 0.0000011101 0.0000451496 0.0035174106 0.0002982876 0.0000069789 0.0029570726 0.0000145967 0.0027354154
1403637003.85169 0.307412 -1.052062 0.424307 0.786069 -0.224442 0.554951 0.154110 0.0003579389 -0.0000025564 -0.0001276684 0.0000004450 0.0000008836 0.0000460843 0.0034945346 0.0002893606 0.0000068673 0.0029549264 0.0000147491 0.0027358457
1403637003.90170 0.293178 -1.022470 0.425693 0.787082 -0.223174 0.553826 0.154832 0.0003573960 -0.0000012824 -0.0001283471 0.0000004314 0.0000004319 0.0000466408 0.0034727674 0.0002808182 0.0000067394 0.0029529832 0.0000149086 0.0027362724
1403637003.95170 0.279107 -0.992955 0.424828 0.788828 -0.222318 0.551766 0.154528 0.0003560944 -0.0000005474 -0.0001299115 0.0000004277 0.0000001710 0.0000479464 0.0034514881 0.0002725719 0.0000066199 0.0029511995 0.0000150702 0.0027367054
1403637004.00170 0.264245 -0.963224 0.422355 0.790230 -0.221123 0.550206 0.154642 0.0003551637 0.0000004484 -0.0001310073 0.0000004275 -0.0000001944 0.0000488775 0.0034311424 0.0002646384 0.0000064697 0.0029496181 0.0000152379 0.0027371405
1403637004.05170 0.248694 -0.933471 0.418339 0.792066 -0.219734 0.547903 0.155406 0.0003538668 0.0000020792 -0.0001324924 0.0000004395 -0.0000008080 0.0000501630 0.0034115112 0.0002567171 0.0000063258 0.0029481107 0.0000154009 0.0027375920
1403637004.10170 0.233905 -0.903945 0.412678 0.792766 -0.219314 0.547258 0.154701 0.0003533434 0.0000020157 -0.0001330906 0.0000004389 -0.0000007885 0.0000506876 0.0033926907 0.0002490129 0.0000061737 0.0029467851 0.0000155547 0.0027380655
1403637004.15169 0.219551 -0.875112 0.405983 0.793511 -0.217962 0.546506 0.155450 0.0003529884 0.0000032326 -0.0001334691 0.0000004573 -0.0000012518 0.0000510249 0.0033748433 0.0002419274 0.0000060513 0.0029458342 0.0000156774 0.0027385423
1403637004.20169 0.205643 -0.846413 0.399049 0.794331 -0.217773 0.545614 0.154658 0.0003522922 0.0000030738 -0.0001342561 0.0000004547 -0.0000012006 0.0000517243 0.0033579652 0.0002353047 0.0000059349 0.0029450952 0.0000157846 0.0027389966
1403637004.25169 0.192743 -0.818332 0.393846 0.794807 -0.216785 0.545339 0.154566 0.0003520929 0.0000035312 -0.0001344675 0.0000004635 -0.0000013777 0.0000519156 0.0033419623 0.0002292425 0.0000058074 0.0029446394 0.0000158845 0.0027394412
1403637004.30169 0.180321 -0.790076 0.390743 0.794542 -0.217427 0.546059 0.152474 0.0003521973 0.0000018634 -0.0001343844 0.0000004381 -0.0000007388 0.0000518374 0.0033269277 0.0002237721 0.0000056814 0.0029443987 0.0000159712 0.0027398669
1403637004.35169 0.168832 -0.762452 0.389796 0.794522 -0.217948 0.546115 0.151630 0.0003520960 0.0000011323 -0.0001345059 0.0000004321 -0.0000004597 0.0000519456 0.0033126805 0.0002185942 0.0000055670 0.0029443408 0.0000160497 0.0027403079
1403637004.40169 0.157788 -0.735294 0.390996 0.793071 -0.218852 0.548148 0.150587 0.0003531876 -0.0000003683 -0.0001332824 0.0000004291 0.0000001129 0.0000508578 0.0032995370 0.0002140719 0.0000054411 0.0029444786 0.0000161327 0.0027407249
1403637004.45169 0.148944 -0.709849 0.395135 0.791478 -0.219338 0.550261 0.150555 0.0003545050 -0.0000011243 -0.0001317685 0.0000004321 0.0000003923 0.0000495371 0.0032858382 0.0002108877 0.0000052733 0.0029429127 0.0000160623 0.0027410627
1403637004.50169 0.138884 -0.683706 0.403274 0.788574 -0.219332 0.554039 0.151935 0.0003570493 -0.0000012499 -0.0001287646 0.0000004334 0.0000004255 0.0000469925 0.0032746048 0.0002074132 0.0000051890 0.0029435133 0.0000161177 0.0027415006
1403637004.55169 0.128482 -0.657593 0.414254 0.786668 -0.219514 0.556311 0.153249 0.0003586399 -0.0000011438 -0.0001268266 0.0000004332 0.0000003795 0.0000454032 0.0032634256 0.0002035632 0.0000051019 0.0029440936 0.0000161873 0.0027419641
1403637004.60169 0.116952 -0.627278 0.427474 0.785597 -0.221666 0.557222 0.152331 0.0003590153 -0.0000029039 -0.0001263315 0.0000004528 0.0000009975 0.0000450063 0.0032499114 0.0002016086 0.0000048885 0.0029422669 0.0000163203 0.0027424072
1403637004.65169 0.105154 -0.600623 0.441733 0.784195 -0.225749 0.558516 0.148784 0.0003590943 -0.0000071174 -0.0001260667 0.0000005709 0.0000024766 0.0000448103 0.0032378942 0.0001978501 0.0000048025 0.0029429529 0.0000164129 0.0027429266
1403637004.70169 0.093357 -0.574403 0.455611 0.783051 -0.230443 0.559352 0.144402 0.0003586484 -0.0000119898 -0.0001262529 0.0000008314 0.0000042012 0.0000449968 0.0032284432 0.0001944438 0.0000047005 0.0029437728 0.0000165473 0.0027433983
1403637004.75169 0.079143 -0.548123 0.472456 0.781760 -0.234247 0.560342 0.141407 0.0003585202 -0.0000156485 -0.0001260075 0.0000011127 0.0000054833 0.0000448371 0.0032122236 0.0001982699 0.0000072819 0.0029351844 0.0000145363 0.0027413485
1403637004.80169 0.066736 -0.523236 0.481389 0.780879 -0.238097 0.560812 0.137938 0.0003578788 -0.0000195554 -0.0001262572 0.0000014990 0.0000068848 0.0000450929 0.0032036680 0.0001954579 0.0000072751 0.0029355654 0.0000146087 0.0027417357
1403637004.85169 0.053477 -0.499125 0.486190 0.781219 -0.240546 0.559620 0.136602 0.0003567822 -0.0000211016 -0.0001273530 0.0000016790 0.0000075191 0.0000460102 0.0031960017 0.0001929750 0.0000072245 0.0029361498 0.0000147310 0.0027421245
1403637004.90169 0.039760 -0.476194 0.486818 0.782702 -0.242448 0.556966 0.135597 0.0003549172 -0.0000218089 -0.0001294694 0.0000017716 0.0000079435 0.0000477833 0.0031892242 0.0001907081 0.0000071781 0.0029368662 0.0000148617 0.0027424805
1403637004.95169 0.025471 -0.454117 0.483766 0.784739 -0.243756 0.553515 0.135609 0.0003528126 -0.0000214474 -0.0001319742 0.0000017356 0.0000080110 0.0000499245 0.0031832338 0.0001885973 0.0000071461 0.0029377309 0.0000149842 0.0027428029
1403637005.00169 0.011219 -0.433131 0.477983 0.786863 -0.243224 0.550207 0.137695 0.0003513259 -0.0000191241 -0.0001340061 0.0000014730 0.0000072821 0.0000516745 0.0031777883 0.0001866656 0.0000071594 0.0029387223 0.0000150708 0.0027431011
1403637005.05169 -0.003425 -0.413521 0.471196 0.787970 -0.241373 0.548469 0.141507 0.0003511767 -0.0000156545 -0.0001346212 0.0000011300 0.0000059873 0.0000521676 0.0031729954 0.0001849935 0.0000072035 0.0029398124 0.0000151108 0.0027433507
1403637005.10169 -0.017926 -0.395215 0.463416 0.787671 -0.239285 0.548701 0.145752 0.0003522888 -0.0000123708 -0.0001337235 0.0000008668 0.0000046806 0.0000513195 0.0031687476 0.0001835014 0.0000072897 0.0029410221 0.0000151006 0.0027435565
1403637005.15169 -0.032279 -0.377952 0.455104 0.787774 -0.236223 0.548415 0.151169 0.0003532886 -0.0000078348 -0.0001329367 0.0000006064 0.0000029309 0.0000505808 0.0031650309 0.0001822484 0.0000074332 0.0029423696 0.0000150516 0.0027437297
1403637005.20169 -0.046053 -0.361200 0.445761 0.787421 -0.235234 0.548816 0.153081 0.0003539246 -0.0000064090 -0.0001322868 0.0000005491 0.0000023780 0.0000500031 0.0031617336 0.0001812241 0.0000076076 0.0029438180 0.0000149629 0.0027438818
1403637005.25169 -0.060187 -0.345088 0.435582 0.788395 -0.233940 0.547361 0.155249 0.0003534653 -0.0000042066 -0.0001329008 0.0000004835 0.0000015634 0.0000505290 0.0031588103 0.0001804333 0.0000078345 0.0029453701 0.0000148330 0.0027440169
1403637005.30169 -0.073635 -0.329245 0.424538 0.789839 -0.233328 0.545341 0.155936 0.0003523481 -0.0000030180 -0.0001341959 0.0000004596 0.0000011311 0.0000516711 0.0031562723 0.0001798291 0.0000081034 0.0029470358 0.0000146659 0.0027441328
1403637005.35169 -0.078258 -0.318926 0.410337 0.791043 -0.233033 0.543647 0.156190 0.0003513328 -0.0000023402 -0.0001353350 0.0000004492 0.0000008830 0.0000526936 0.0031500871 0.0001813562 0.0000091709 0.0029459526 0.0000137745 0.0027436878
1403637005.40169 -0.089542 -0.305030 0.398216 0.791186 -0.231813 0.543829 0.156642 0.0003515338 -0.0000015468 -0.0001351247 0.0000004406 0.0000005762 0.0000525020 0.0031488086 0.0001816915 0.0000094154 0.0029462967 0.0000135744 0.0027436665
1403637005.45169 -0.099969 -0.291317 0.386132 0.790137 -0.229820 0.545935 0.157549 0.0003530219 -0.0000006693 -0.0001334674 0.0000004353 0.0000002348 0.0000510200 0.0031470008 0.0001817812 0.0000096794 0.0029475557 0.0000133608 0.0027437317
1403637005.50169 -0.109913 -0.277740 0.374384 0.789103 -0.227374 0.547986 0.159149 0.0003545779 0.0000008087 -0.0001316857 0.0000004360 -0.0000003187 0.0000494641 0.0031454642 0.0001819763 0.0000099204 0.0029488376 0.0000131519 0.0027438042
1403637005.55169 -0.119705 -0.264036 0.364036 0.788512 -0.226108 0.549339 0.159222 0.0003554220 0.0000010842 -0.0001307000 0.0000004377 -0.0000004167 0.0000486194 0.0031441596 0.0001823206 0.0000101667 0.0029501157 0.0000129460 0.0027438846
1403637005.60169 -0.130020 -0.250239 0.355983 0.788516 -0.226074 0.549852 0.157467 0.0003554277 -0.0000000374 -0.0001306972 0.0000004343 -0.0000000033 0.0000486169 0.0031420955 0.0001825770 0.0000103310 0.0029515421 0.0000127475 0.0027439807
1403637005.65169 -0.139956 -0.236021 0.349696 0.790415 -0.226991 0.547620 0.154374 0.0003534966 -0.0000016531 -0.0001329203 0.0000004422 0.0000006059 0.0000505407 0.0031408179 0.0001830195 0.0000105336 0.0029531922 0.0000125713 0.0027440875
1403637005.70169 -0.149525 -0.222381 0.346942 0.792036 -0.229246 0.545609 0.149788 0.0003513862 -0.0000047768 -0.0001352141 0.0000004998 0.0000018244 0.0000525953 0.0031397403 0.0001836151 0.0000106976 0.0029548298 0.0000124130 0.0027442282
1403637005.75169 -0.159133 -0.209223 0.347483 0.793177 -0.230799 0.544163 0.146588 0.0003498382 -0.0000069283 -0.0001368133 0.0000005725 0.0000026974 0.0000540720 0.0031388388 0.0001842666 0.0000108375 0.0029565117 0.0000122756 0.0027443634
1403637005.80169 -0.168520 -0.196983 0.351040 0.793445 -0.230431 0.544050 0.146134 0.0003496810 -0.0000069994 -0.0001369798 0.0000005758 0.0000027302 0.0000542273 0.0031380763 0.0001849704 0.0000109443 0.0029582114 0.0000121653 0.0027444880
1403637005.85169 -0.177716 -0.185526 0.356174 0.793097 -0.228482 0.544855 0.148074 0.0003505920 -0.0000052309 -0.0001360710 0.0000005140 0.0000020180 0.0000533793 0.0031374068 0.0001857280 0.0000110126 0.0029599191 0.0000120864 0.0027445988
1403637005.90169 -0.187071 -0.174927 0.361377 0.792570 -0.226775 0.545860 0.149809 0.0003515651 -0.0000037319 -0.0001350502 0.0000004757 0.0000014208 0.0000524447 0.0031360796 0.0001865908 0.0000109703 0.0029615852 0.0000120556 0.0027446849
1403637005.95169 -0.192365 -0.164563 0.366569 0.791694 -0.225242 0.547258 0.151640 0.0003527989 -0.0000023656 -0.0001337021 0.0000004520 0.0000008834 0.0000512348 0.0031346903 0.0001876230 0.0000109130 0.0029631786 0.0000121026 0.0027447451
1403637006.00169 -0.199290 -0.154362 0.370491 0.790608 -0.224319 0.548819 0.153027 0.0003540158 -0.0000015477 -0.0001323297 0.0000004433 0.0000005654 0.0000500278 0.0031343301 0.0001886603 0.0000109209 0.0029641449 0.0000120947 0.0027448107
1403637006.05169 -0.206097 -0.144159 0.373352 0.789414 -0.224516 0.550526 0.152775 0.0003550211 -0.0000022101 -0.0001311571 0.0000004505 0.0000008042 0.0000490163 0.0031339917 0.0001897096 0.0000109147 0.0029655103 0.0000121043 0.0027448864
1403637006.10169 -0.212925 -0.133975 0.375452 0.788416 -0.225098 0.551990 0.151780 0.0003557332 -0.0000034129 -0.0001302964 0.0000004697 0.0000012388 0.0000482859 0.0031336893 0.0001908167 0.0000108990 0.0029669223 0.0000121199 0.0027449624
1403637006.15169 -0.219626 -0.123710 0.377288 0.788036 -0.225083 0.552574 0.151653 0.0003560647 -0.0000036327 -0.0001298987 0.0000004743 0.0000013146 0.0000479506 0.0031334587 0.0001919656 0.0000108857 0.0029684687 0.0000121341 0.0027450449
1403637006.20169 -0.226181 -0.113619 0.378832 0.788335 -0.225442 0.552240 0.150781 0.0003556988 -0.0000042119 -0.0001303143 0.0000004873 0.0000015331 0.0000483043 0.0031332885 0.0001931795 0.0000108714 0.0029699646 0.0000121454 0.0027451323
1403637006.25169 -0.232776 -0.103731 0.379830 0.789771 -0.226490 0.550172 0.149250 0.0003541404 -0.0000050395 -0.0001321013 0.0000005094 0.0000018708 0.0000498413 0.0031331877 0.0001943911 0.0000108587 0.0029715340 0.0000121617 0.0027452211
1403637006.30169 -0.239601 -0.093994 0.380144 0.791993 -0.228179 0.546942 0.146749 0.0003516468 -0.0000064059 -0.0001348612 0.0000005546 0.0000024489 0.0000522902 0.0031331534 0.0001956073 0.0000108503 0.0029731160 0.0000121810 0.0027453136
1403637006.35168 -0.245152 -0.084620 0.379927 0.795368 -0.229712 0.542019 0.144355 0.0003480531 -0.0000072139 -0.0001387050 0.0000005877 0.0000028681 0.0000558517 0.0031334142 0.0001968079 0.0000108763 0.0029747323 0.0000121979 0.0027454212
1403637006.40168 -0.250057 -0.075714 0.379503 0.797936 -0.230997 0.538221 0.142326 0.0003451870 -0.0000079769 -0.0001416204 0.0000006228 0.0000032669 0.0000586834 0.0031337059 0.0001979761 0.0000109004 0.0029759571 0.0000122134 0.0027455218
1403637006.45168 -0.254273 -0.067566 0.378589 0.799470 -0.232988 0.535869 0.139318 0.0003429974 -0.0000099623 -0.0001436763 0.0000007282 0.0000041690 0.0000607683 0.0031340058 0.0001990825 0.0000109219 0.0029770107 0.0000122313 0.0027456208
1403637006.50168 -0.257604 -0.060470 0.377262 0.799561 -0.235534 0.535615 0.135436 0.0003419347 -0.0000132088 -0.0001444512 0.0000009495 0.0000055785 0.0000616102 0.0031342831 0.0002000631 0.0000109405 0.0029778622 0.0000122494 0.0027457123
1403637006.55169 -0.260043 -0.054642 0.376457 0.797588 -0.235542 0.539142 0.133041 0.0003437113 -0.0000154786 -0.0001424807 0.0000011367 0.0000064167 0.0000596469 0.0031345085 0.0002008813 0.0000109547 0.0029784255 0.0000122590 0.0027457873
1403637006.60169 -0.261792 -0.050240 0.376010 0.795676 -0.232415 0.543242 0.133305 0.0003465086 -0.0000150245 -0.0001396927 0.0000010911 0.0000060575 0.0000568955 0.0031346583 0.0002015162 0.0000109627 0.0029788396 0.0000122615 0.0027458417
1403637006.65169 -0.262951 -0.046764 0.375100 0.794175 -0.227447 0.547502 0.133403 0.0003493918 -0.0000138780 -0.0001367685 0.0000009908 0.0000054330 0.0000541127 0.0031347387 0.0002020283 0.0000109625 0.0029790491 0.0000122572 0.0027458750
1403637006.70169 -0.263547 -0.043982 0.373582 0.793287 -0.221189 0.551388 0.133202 0.0003519717 -0.0000122052 -0.0001340973 0.0000008626 0.0000046505 0.0000516609 0.0031347544 0.0002024502 0.0000109561 0.0029791389 0.0000122464 0.0027458891
1403637006.75169 -0.264110 -0.041723 0.371521 0.792640 -0.213883 0.555475 0.131998 0.0003544597 -0.0000106482 -0.0001313968 0.0000007590 0.0000039480 0.0000492760 0.0031347139 0.0002028048 0.0000109457 0.0029791323 0.0000122266 0.0027458845
1403637006.80169 -0.264746 -0.039754 0.368267 0.792458 -0.206604 0.559198 0.128933 0.0003563608 -0.0000100496 -0.0001292052 0.0000007224 0.0000036454 0.0000474108 0.0031346335 0.0002031382 0.0000109333 0.0029791982 0.0000122007 0.0027458689
1403637006.85169 -0.264878 -0.038199 0.364190 0.794079 -0.199463 0.560720 0.123473 0.0003565184 -0.0000103796 -0.0001289889 0.0000007411 0.0000037588 0.0000472334 0.0031345055 0.0002034050 0.0000109196 0.0029791158 0.0000121684 0.0027458391
1403637006.90169 -0.264709 -0.036932 0.359857 0.796109 -0.191088 0.562040 0.117499 0.0003565406 -0.0000104175 -0.0001289572 0.0000007432 0.0000037731 0.0000472077 0.0031343344 0.0002036135 0.0000109050 0.0029788647 0.0000121252 0.0027457966
1403637006.95169 -0.266005 -0.035844 0.355338 0.799461 -0.180781 0.561820 0.111976 0.0003557721 -0.0000090256 -0.0001299744 0.0000006677 0.0000033039 0.0000480504 0.0031345401 0.0002038162 0.0000108828 0.0029785800 0.0000120742 0.0027457606
1403637007.00169 -0.267625 -0.035106 0.351215 0.802227 -0.169886 0.562178 0.107364 0.0003555241 -0.0000070020 -0.0001303892 0.0000005765 0.0000025755 0.0000483878 0.0031347160 0.0002040177 0.0000108566 0.0029787918 0.0000120121 0.0027457289
1403637007.05168 -0.249364 -0.029775 0.351454 0.803747 -0.160506 0.563533 0.103247 0.0003559881 -0.0000055751 -0.0001298938 0.0000005186 0.0000020400 0.0000479582 0.0031284301 0.0002039894 0.0000098840 0.0029776168 0.0000120836 0.0027442099
1403637007.10168 -0.246782 -0.029711 0.349002 0.805024 -0.151673 0.564721 0.100106 0.0003563539 -0.0000036841 -0.0001295220 0.0000004686 0.0000013453 0.0000476373 0.0031281995 0.0002040914 0.0000097467 0.0029721772 0.0000120122 0.0027438978
1403637007.15168 -0.246734 -0.029717 0.345311 0.805768 -0.143927 0.566247 0.096883 0.0003569656 -0.0000024884 -0.0001288150 0.0000004473 0.0000009048 0.0000470437 0.0031279027 0.0002039760 0.0000096203 0.0029712121 0.0000119702 0.0027436548
1403637007.25168 -0.247244 -0.029640 0.338173 0.805154 -0.130894 0.570838 0.093474 0.0003594744 0.0000005097 -0.0001257574 0.0000004318 -0.0000001704 0.0000445524 0.0031275185 0.0002038673 0.0000092795 0.0029708627 0.0000117775 0.0027433109
1403637007.30168 -0.248034 -0.029846 0.335142 0.803522 -0.124826 0.574382 0.094103 0.0003616394 0.0000030896 -0.0001229551 0.0000004562 -0.0000010425 0.0000423579 0.0031272147 0.0002037973 0.0000090432 0.0029706409 0.0000116660 0.0027428304
1403637007.35168 -0.249396 -0.029670 0.331891 0.801875 -0.120623 0.577602 0.093925 0.0003634953 0.0000044161 -0.0001204616 0.0000004820 -0.0000014550 0.0000404708 0.0031269534 0.0002037968 0.0000088026 0.0029706110 0.0000115641 0.0027422369
1403637007.40168 -0.251254 -0.028722 0.328331 0.801692 -0.117548 0.578476 0.094010 0.0003639748 0.0000057470 -0.0001197559 0.0000005178 -0.0000018819 0.0000399500 0.0031267469 0.0002038942 0.0000085721 0.0029708002 0.0000115044 0.0027415103
1403637007.45168 -0.253765 -0.026963 0.323906 0.802661 -0.116358 0.577640 0.092347 0.0003633396 0.0000053759 -0.0001206248 0.0000005053 -0.0000017748 0.0000405937 0.0031266293 0.0002041507 0.0000083676 0.0029712308 0.0000114598 0.0027408455
1403637007.50168 -0.256855 -0.024765 0.319378 0.803609 -0.115323 0.576638 0.091661 0.0003626775 0.0000055618 -0.0001214946 0.0000005097 -0.0000018526 0.0000412472 0.0031265578 0.0002044945 0.0000081832 0.0029717726 0.0000114334 0.0027401620
1403637007.55168 -0.260542 -0.022026 0.314484 0.805001 -0.114905 0.574878 0.091028 0.0003615710 0.0000055991 -0.0001229406 0.0000005098 -0.0000018927 0.0000423496 0.0031265416 0.0002049421 0.0000080225 0.0029724941 0.0000114272 0.0027394950
1403637007.60168 -0.264672 -0.018655 0.308765 0.808149 -0.115958 0.570543 0.089048 0.0003587885 0.0000045080 -0.0001265118 0.0000004784 -0.0000015775 0.0000451595 0.0031265739 0.0002054873 0.0000078811 0.0029733188 0.0000114417 0.0027388633
1403637007.65169 -0.269156 -0.014747 0.303228 0.812354 -0.117014 0.564501 0.087909 0.0003549375 0.0000041598 -0.0001311513 0.0000004694 -0.0000015244 0.0000490157 0.0031266707 0.0002061478 0.0000077482 0.0029742481 0.0000114710 0.0027382098
1403637007.70168 -0.276688 -0.009086 0.298511 0.815927 -0.118603 0.559179 0.086692 0.0003513464 0.0000035774 -0.0001352424 0.0000004529 -0.0000013655 0.0000526114 0.0031266186 0.0002069108 0.0000075359 0.0029751531 0.0000115949 0.0027367660
1403637007.75168 -0.280845 -0.003962 0.292744 0.818990 -0.119384 0.554507 0.086743 0.0003483549 0.0000037130 -0.0001384698 0.0000004559 -0.0000014644 0.0000555991 0.0031269306 0.0002080645 0.0000074626 0.0029769752 0.0000116339 0.0027366632
1403637007.80168 -0.283934 0.000681 0.288197 0.819367 -0.119833 0.553711 0.087643 0.0003479115 0.0000041814 -0.0001389229 0.0000004661 -0.0000016583 0.0000560308 0.0031271949 0.0002089479 0.0000073843 0.0029776419 0.0000116850 0.0027364997
1403637007.85168 -0.286182 0.005799 0.284284 0.817863 -0.120556 0.555699 0.088119 0.0003492754 0.0000039051 -0.0001374837 0.0000004590 -0.0000015254 0.0000546721 0.0031274729 0.0002097539 0.0000073139 0.0029779621 0.0000117483 0.0027363248
1403637007.90168 -0.287685 0.010984 0.280865 0.813669 -0.123411 0.561545 0.085907 0.0003528921 0.0000005447 -0.0001335595 0.0000004157 -0.0000001926 0.0000510971 0.0031278040 0.0002106003 0.0000072394 0.0029781650 0.0000117953 0.0027362125
1403637007.95168 -0.288716 0.016366 0.278975 0.809179 -0.126842 0.567670 0.083016 0.0003564613 -0.0000035402 -0.0001293675 0.0000004493 0.0000013009 0.0000474864 0.0031280587 0.0002113059 0.0000072990 0.0029780886 0.0000120228 0.0027354702
1403637008.00168 -0.289730 0.021893 0.275667 0.805891 -0.128884 0.571989 0.082200 0.0003590096 -0.0000056228 -0.0001261862 0.0000005018 0.0000019929 0.0000448834 0.0031283856 0.0002120915 0.0000072510 0.0029782326 0.0000120604 0.0027353605
1403637008.05168 -0.291454 0.027340 0.272127 0.804746 -0.129455 0.573259 0.083657 0.0003599251 -0.0000051898 -0.0001250570 0.0000004887 0.0000018196 0.0000439801 0.0031288050 0.0002129455 0.0000072239 0.0029785028 0.0000120891 0.0027353039
1403637008.10168 -0.294136 0.032533 0.267831 0.807420 -0.130234 0.569085 0.085177 0.0003575290 -0.0000039921 -0.0001280676 0.0000004583 0.0000014459 0.0000464056 0.0031292513 0.0002138609 0.0000071962 0.0029790498 0.0000121203 0.0027352676
1403637008.15168 -0.297247 0.037617 0.263477 0.811964 -0.131177 0.562174 0.086413 0.0003533170 -0.0000026362 -0.0001330518 0.0000004331 0.0000010083 0.0000506418 0.0031297105 0.0002148097 0.0000071729 0.0029798008 0.0000121550 0.0027352562
1403637008.20168 -0.300115 0.042900 0.259862 0.816279 -0.132414 0.555516 0.086930 0.0003490516 -0.0000018797 -0.0001377638 0.0000004233 0.0000007572 0.0000549161 0.0031301849 0.0002157467 0.0000071550 0.0029804863 0.0000121858 0.0027352664
1403637008.25168 -0.302302 0.047960 0.257285 0.819790 -0.133225 0.549967 0.087927 0.0003454684 -0.0000008075 -0.0001415015 0.0000004147 0.0000003457 0.0000585069 0.0031306837 0.0002166720 0.0000071397 0.0029810259 0.0000122167 0.0027352840
1403637008.30168 -0.303232 0.052964 0.256287 0.822386 -0.133187 0.545742 0.090039 0.0003428319 0.0000011001 -0.0001441235 0.0000004154 -0.0000004488 0.0000611405 0.0031311179 0.0002174986 0.0000070994 0.0029812538 0.0000122626 0.0027352577
1403637008.35168 -0.303678 0.057526 0.255700 0.823442 -0.133393 0.543841 0.091573 0.0003417044 0.0000021969 -0.0001452040 0.0000004260 -0.0000009203 0.0000622575 0.0031316525 0.0002182426 0.0000071117 0.0029810706 0.0000122761 0.0027353048
1403637008.40168 -0.302820 0.062033 0.256306 0.822393 -0.133946 0.545109 0.092651 0.0003427004 0.0000024271 -0.0001442351 0.0000004291 -0.0000010084 0.0000612585 0.0031321664 0.0002189018 0.0000071216 0.0029807318 0.0000122772 0.0027353323
1403637008.45168 -0.300040 0.066801 0.258795 0.818310 -0.135188 0.550970 0.092337 0.0003466450 0.0000008512 -0.0001402968 0.0000004140 -0.0000003305 0.0000573292 0.0031326801 0.0002194330 0.0000071136 0.0029799460 0.0000122423 0.0027353151
1403637008.50168 -0.296014 0.071586 0.262114 0.814273 -0.136603 0.556619 0.092051 0.0003503493 -0.0000007690 -0.0001363738 0.0000004135 0.0000003139 0.0000536252 0.0031332160 0.0002198556 0.0000070814 0.0029787185 0.0000121719 0.0027352553
1403637008.55168 -0.291596 0.076197 0.265502 0.810420 -0.137949 0.561945 0.091696 0.0003537387 -0.0000023751 -0.0001325726 0.0000004276 0.0000009053 0.0000502216 0.0031337953 0.0002202408 0.0000070488 0.0029773182 0.0000120957 0.0027351812
1403637008.60168 -0.286923 0.080846 0.268283 0.807426 -0.139530 0.565907 0.091342 0.0003561752 -0.0000039030 -0.0001296935 0.0000004542 0.0000014370 0.0000477584 0.0031343131 0.0002205434 0.0000069939 0.0029759158 0.0000120186 0.0027351085
1403637008.65168 -0.282910 0.085477 0.270223 0.805381 -0.140954 0.568545 0.090831 0.0003577266 -0.0000052434 -0.0001277784 0.0000004885 0.0000018894 0.0000461733 0.0031349670 0.0002209324 0.0000069707 0.0029745864 0.0000119787 0.0027350788
1403637008.70167 -0.277919 0.091135 0.272422 0.804262 -0.144412 0.569801 0.087373 0.0003580450 -0.0000090548 -0.0001271745 0.0000006397 0.0000032341 0.0000457017 0.0031355211 0.0002212579 0.0000068741 0.0029733568 0.0000118619 0.0027348916
1403637008.75167 -0.273727 0.096378 0.272582 0.804439 -0.149428 0.569114 0.081597 0.0003566756 -0.0000146783 -0.0001283153 0.0000010150 0.0000053012 0.0000466928 0.0031361040 0.0002215761 0.0000067686 0.0029714522 0.0000117055 0.0027346777
1403637008.80167 -0.269486 0.103022 0.271520 0.805540 -0.155171 0.566979 0.074572 0.0003540552 -0.0000210784 -0.0001305361 0.0000016670 0.0000077959 0.0000486613 0.0031367673 0.0002218615 0.0000067400 0.0029701530 0.0000116699 0.0027346627
1403637008.85167 -0.265814 0.106327 0.269652 0.806753 -0.159715 0.564729 0.068709 0.0003514977 -0.0000260957 -0.0001325679 0.0000023510 0.0000098700 0.0000505362 0.0031376202 0.0002222876 0.0000067181 0.0029689733 0.0000116628 0.0027346840
1403637008.90167 -0.261784 0.109086 0.266039 0.808225 -0.162423 0.562210 0.065653 0.0003492102 -0.0000286502 -0.0001345854 0.0000027652 0.0000110719 0.0000524114 0.0031378424 0.0002222161 0.0000066975 0.0029679395 0.0000116756 0.0027346861
1403637008.95167 -0.258649 0.108534 0.261743 0.808755 -0.163390 0.561201 0.065355 0.0003484646 -0.0000290431 -0.0001353130 0.0000028359 0.0000113086 0.0000530884 0.0031379146 0.0002220108 0.0000066694 0.0029669099 0.0000116928 0.0027347032
1403637009.00167 -0.255733 0.105948 0.256835 0.808838 -0.161656 0.561158 0.068924 0.0003491752 -0.0000261621 -0.0001351297 0.0000023753 0.0000101542 0.0000528403 0.0031374594 0.0002214559 0.0000066441 0.0029661317 0.0000117177 0.0027347184
1403637009.05167 -0.252819 0.101377 0.250858 0.808980 -0.158279 0.561139 0.074973 0.0003503623 -0.0000210928 -0.0001347175 0.0000016845 0.0000081375 0.0000523460 0.0031367145 0.0002206657 0.0000066191 0.0029653821 0.0000117501 0.0027347338
1403637009.10167 -0.250229 0.095700 0.243558 0.809192 -0.154502 0.561011 0.081268 0.0003514117 -0.0000156699 -0.0001342970 0.0000011130 0.0000060130 0.0000518695 0.0031357819 0.0002197362 0.0000065998 0.0029647200 0.0000117932 0.0027347290
1403637009.15167 -0.248130 0.088984 0.236001 0.809409 -0.151158 0.560776 0.086828 0.0003521630 -0.0000108384 -0.0001339353 0.0000007477 0.0000041444 0.0000514848 0.0031347670 0.0002187471 0.0000065873 0.0029641868 0.0000118553 0.0027347039
1403637009.20167 -0.246703 0.081005 0.227966 0.809799 -0.147132 0.560273 0.093119 0.0003527404 -0.0000052026 -0.0001336230 0.0000004907 0.0000019905 0.0000511642 0.0031335411 0.0002175483 0.0000065539 0.0029635441 0.0000119316 0.0027345988
1403637009.25167 -0.243713 0.073163 0.218284 0.810728 -0.142292 0.558877 0.100647 0.0003527533 0.0000016197 -0.0001337000 0.0000004216 -0.0000005974 0.0000512218 0.0031322921 0.0002163696 0.0000065652 0.0029632101 0.0000120185 0.0027344926
1403637009.30166 -0.240063 0.067431 0.208051 0.812033 -0.136687 0.556822 0.108939 0.0003521456 0.0000093123 -0.0001340683 0.0000006605 -0.0000035326 0.0000515901 0.0031309507 0.0002150177 0.0000065255 0.0029619685 0.0000120712 0.0027342040
1403637009.35166 -0.233725 0.060775 0.195166 0.812101 -0.131584 0.556417 0.116521 0.0003523531 0.0000161848 -0.0001331791 0.0000011580 -0.0000061082 0.0000508850 0.0031300817 0.0002139410 0.0000065719 0.0029605031 0.0000122128 0.0027339504
1403637009.40166 -0.231631 0.054668 0.190204 0.808342 -0.134570 0.564924 0.096612 0.0003560819 0.0000016372 -0.0001298473 0.0000004225 -0.0000005793 0.0000478910 0.0031293938 0.0002130892 0.0000065310 0.0029593853 0.0000122434 0.0027338397
1403637009.45167 -0.230898 0.048381 0.186541 0.808658 -0.124681 0.566821 0.096134 0.0003571600 0.0000054306 -0.0001284525 0.0000004987 -0.0000019359 0.0000467379 0.0031285063 0.0002122491 0.0000065228 0.0029592853 0.0000122794 0.0027337581
1403637009.50166 -0.229245 0.044659 0.184455 0.802212 -0.118901 0.578766 0.085721 0.0003634269 0.0000000715 -0.0001206030 0.0000004174 -0.0000000025 0.0000405526 0.0031279554 0.0002116106 0.0000064994 0.0029587333 0.0000122819 0.0027336787
1403637009.55167 -0.227112 0.043259 0.179438 0.794073 -0.119738 0.592126 0.067060 0.0003691746 -0.0000135258 -0.0001116826 0.0000009152 0.0000041198 0.0000343078 0.0031275284 0.0002111525 0.0000064652 0.0029583988 0.0000123132 0.0027336142
1403637009.60166 -0.227631 0.039653 0.175373 0.778349 -0.124765 0.613278 0.049955 0.0003775052 -0.0000292622 -0.0000945783 0.0000026923 0.0000073641 0.0000242040 0.0031272797 0.0002109251 0.0000064243 0.0029583986 0.0000123327 0.0027335759
1403637009.65166 -0.231787 0.037759 0.176169 0.775833 -0.127397 0.615306 0.057023 0.0003791700 -0.0000266314 -0.0000922248 0.0000022947 0.0000065087 0.0000229414 0.0031270702 0.0002109112 0.0000064058 0.0029594157 0.0000123512 0.0027335707
1403637009.70167 -0.234564 0.035454 0.169725 0.781111 -0.138773 0.605846 0.059657 0.0003742928 -0.0000290457 -0.0001003789 0.0000026792 0.0000078215 0.0000274389 0.0031268041 0.0002107273 0.0000063498 0.0029600559 0.0000123942 0.0027335496
1403637009.75167 -0.233901 0.034771 0.167300 0.781129 -0.142399 0.605019 0.059265 0.0003735632 -0.0000308624 -0.0001010868 0.0000029765 0.0000083839 0.0000278765 0.0031267727 0.0002105930 0.0000062910 0.0029599295 0.0000124071 0.0027335289
1403637009.80167 -0.231569 0.034291 0.166468 0.779787 -0.141741 0.606813 0.060174 0.0003746132 -0.0000303055 -0.0000994573 0.0000028796 0.0000080779 0.0000269285 0.0031267962 0.0002104048 0.0000062279 0.0029594218 0.0000124049 0.0027335066
1403637009.85167 -0.230058 0.034775 0.164612 0.779673 -0.142164 0.607041 0.058305 0.0003744129 -0.0000316572 -0.0000993864 0.0000031062 0.0000084359 0.0000269072 0.0031269564 0.0002103871 0.0000061554 0.0029591352 0.0000124022 0.0027335093
1403637009.90167 -0.228498 0.034482 0.162962 0.779716 -0.140948 0.607102 0.060031 0.0003747933 -0.0000300562 -0.0000992255 0.0000028407 0.0000079893 0.0000267973 0.0031270577 0.0002102636 0.0000060786 0.0029588341 0.0000123931 0.0027335161
1403637009.95167 -0.227099 0.035425 0.161167 0.779373 -0.142248 0.607440 0.057973 0.0003745440 -0.0000319560 -0.0000990685 0.0000031584 0.0000084851 0.0000267339 0.0031273313 0.0002102952 0.0000059973 0.0029585804 0.0000123767 0.0027335494
1403637010.00167 -0.226308 0.035244 0.159530 0.779531 -0.140979 0.607346 0.059890 0.0003748852 -0.0000301894 -0.0000990306 0.0000028637 0.0000080067 0.0000266921 0.0031275312 0.0002102339 0.0000059163 0.0029584897 0.0000123545 0.0027335925
1403637010.05167 -0.225530 0.036091 0.157755 0.779412 -0.141931 0.607442 0.058190 0.0003746011 -0.0000316674 -0.0000990676 0.0000031110 0.0000084071 0.0000267338 0.0031278920 0.0002102883 0.0000058346 0.0029583959 0.0000123247 0.0027336595
1403637010.10167 -0.225288 0.036190 0.156226 0.779500 -0.141350 0.607376 0.059115 0.0003747541 -0.0000308242 -0.0000990702 0.0000029702 0.0000081804 0.0000267265 0.0031282279 0.0002102855 0.0000057577 0.0029584501 0.0000122888 0.0027337382
1403637010.15166 -0.225344 0.036545 0.154806 0.779417 -0.141651 0.607463 0.058600 0.0003746958 -0.0000312861 -0.0000990304 0.0000030484 0.0000083005 0.0000267116 0.0031286489 0.0002103201 0.0000056863 0.0029585799 0.0000122472 0.0027338333
1403637010.20166 -0.225680 0.036649 0.153676 0.779342 -0.141468 0.607568 0.058944 0.0003748133 -0.0000310102 -0.0000989156 0.0000030029 0.0000082151 0.0000266447 0.0031291007 0.0002103268 0.0000056231 0.0029587862 0.0000122010 0.0027339376
1403637010.25166 -0.226280 0.036734 0.152779 0.779323 -0.141633 0.607572 0.058753 0.0003747759 -0.0000312022 -0.0000989242 0.0000030363 0.0000082672 0.0000266539 0.0031296194 0.0002103360 0.0000055690 0.0029590577 0.0000121521 0.0027340509
1403637010.30166 -0.227261 0.036707 0.152125 0.779423 -0.141650 0.607462 0.058528 0.0003746920 -0.0000313254 -0.0000990356 0.0000030588 0.0000083107 0.0000267206 0.0031301967 0.0002103410 0.0000055255 0.0029594258 0.0000121022 0.0027341704
1403637010.35166 -0.228440 0.036492 0.151796 0.779314 -0.141647 0.607586 0.058696 0.0003747794 -0.0000312447 -0.0000989125 0.0000030461 0.0000082770 0.0000266513 0.0031308127 0.0002103061 0.0000054931 0.0029598453 0.0000120526 0.0027342907
1403637010.40166 -0.229743 0.036352 0.151569 0.779296 -0.141665 0.607618 0.058552 0.0003747760 -0.0000313457 -0.0000988904 0.0000030645 0.0000083017 0.0000266418 0.0031315121 0.0002102739 0.0000054708 0.0029602982 0.0000120051 0.0027344127
1403637010.45166 -0.231195 0.036122 0.151496 0.779313 -0.141764 0.607577 0.058509 0.0003747459 -0.0000314142 -0.0000989253 0.0000030777 0.0000083232 0.0000266643 0.0031322612 0.0002102088 0.0000054588 0.0029607853 0.0000119610 0.0027345321
1403637010.50166 -0.232845 0.035863 0.151558 0.779299 -0.141752 0.607602 0.058482 0.0003747591 -0.0000314314 -0.0000989007 0.0000030822 0.0000083252 0.0000266523 0.0031330735 0.0002101332 0.0000054567 0.0029613294 0.0000119207 0.0027346496
1403637010.55166 -0.234543 0.035663 0.151730 0.779247 -0.141770 0.607655 0.058575 0.0003748009 -0.0000313965 -0.0000988430 0.0000030777 0.0000083101 0.0000266207 0.0031339497 0.0002100423 0.0000054630 0.0029618833 0.0000118847 0.0027347633
