# timestamp (sec),tracking,propagation,msckf update,slam update,slam delayed,re-tri & marg,total
1403636897.709093093872070,0.00700,0.00022,0.00075,0.00000,0.00001,0.00296,0.01095
1403636897.750028848648071,0.00707,0.00016,0.00122,0.00000,0.00281,0.00197,0.01323
1403636897.798480749130249,0.00717,0.00014,0.00007,0.00041,0.00000,0.00162,0.00941
1403636897.848440408706665,0.00793,0.00031,0.00014,0.00073,0.00000,0.00345,0.01256
1403636897.898681402206421,0.00670,0.00030,0.00059,0.00038,0.00025,0.00273,0.01095
1403636897.949279785156250,0.00980,0.00040,0.00048,0.00075,0.00001,0.00308,0.01452
1403636897.999671936035156,0.00771,0.00040,0.00065,0.00060,0.00018,0.00367,0.01322
1403636898.049847364425659,0.00701,0.00016,0.00037,0.00032,0.00009,0.00213,0.01007
1403636898.100469827651978,0.00942,0.00024,0.00041,0.00052,0.00277,0.00333,0.01668
1403636898.150323390960693,0.00996,0.00031,0.00008,0.00061,0.00352,0.00318,0.01767
1403636898.200060129165649,0.00775,0.00024,0.00024,0.00064,0.00234,0.00286,0.01408
1403636898.250207662582397,0.00839,0.00018,0.00013,0.00031,0.00100,0.00171,0.01172
1403636898.300297021865845,0.00743,0.00027,0.00042,0.00051,0.00000,0.00319,0.01182
1403636898.350184202194214,0.00926,0.00018,0.00102,0.00025,0.00503,0.00212,0.01787
1403636898.400140762329102,0.00679,0.00016,0.00027,0.00026,0.00011,0.00200,0.00959
1403636898.450043439865112,0.00728,0.00015,0.00026,0.00032,0.00001,0.00208,0.01010
1403636898.499980211257935,0.00746,0.00016,0.00065,0.00027,0.00085,0.00216,0.01155
1403636898.549932003021240,0.00881,0.00029,0.00098,0.00057,0.00000,0.00327,0.01393
1403636898.599492311477661,0.00659,0.00017,0.00058,0.00033,0.00036,0.00158,0.00960
1403636898.649500370025635,0.00729,0.00016,0.00125,0.00036,0.00278,0.00150,0.01334
1403636898.699415922164917,0.00662,0.00021,0.00044,0.00065,0.00390,0.00193,0.01374
1403636898.749477148056030,0.00660,0.00026,0.00062,0.00106,0.00227,0.00248,0.01329
1403636898.799416065216064,0.00747,0.00030,0.00024,0.00135,0.00068,0.00332,0.01337
1403636898.849279642105103,0.00602,0.00027,0.00083,0.00145,0.00030,0.00164,0.01051
1403636898.949150323867798,0.00857,0.00053,0.00137,0.00158,0.00440,0.00264,0.01909
1403636898.999181270599365,0.00793,0.00031,0.00098,0.00181,0.00730,0.00402,0.02236
1403636899.049235820770264,0.00679,0.00019,0.00078,0.00104,0.00003,0.00200,0.01085
1403636899.099382400512695,0.00627,0.00021,0.00012,0.00090,0.00418,0.00234,0.01402
1403636899.149592876434326,0.00557,0.00018,0.00016,0.00153,0.00059,0.00189,0.00992
1403636899.200087308883667,0.00599,0.00022,0.00028,0.00158,0.00076,0.00194,0.01077
1403636899.250456571578979,0.00889,0.00036,0.00062,0.00227,0.00128,0.00210,0.01551
1403636899.300668001174927,0.00549,0.00026,0.00086,0.00151,0.00006,0.00152,0.00970
1403636899.350834369659424,0.00615,0.00024,0.00036,0.00136,0.00164,0.00186,0.01162
1403636899.400950670242310,0.00830,0.00029,0.00056,0.00158,0.00078,0.00270,0.01421
1403636899.451109647750854,0.00659,0.00021,0.00039,0.00126,0.00022,0.00189,0.01055
1403636899.501216411590576,0.00817,0.00036,0.00145,0.00230,0.00272,0.00371,0.01872
1403636899.551534175872803,0.00697,0.00034,0.00042,0.00267,0.00625,0.00249,0.01915
1403636899.601724863052368,0.00824,0.00024,0.00036,0.00174,0.00081,0.00210,0.01349
1403636899.651830673217773,0.00670,0.00032,0.00060,0.00187,0.00013,0.00202,0.01164
1403636899.701920509338379,0.00668,0.00018,0.00047,0.00165,0.00003,0.00222,0.01122
1403636899.751952409744263,0.00588,0.00024,0.00028,0.00155,0.00005,0.00185,0.00984
1403636899.852263212203979,0.00577,0.00028,0.00104,0.00136,0.00883,0.00146,0.01875
1403636899.902268648147583,0.00599,0.00022,0.00067,0.00246,0.00029,0.00205,0.01170
1403636899.952305316925049,0.00626,0.00022,0.00017,0.00268,0.00000,0.00195,0.01129
1403636900.002382278442383,0.00697,0.00038,0.00132,0.00603,0.00881,0.00261,0.02612
1403636900.052388191223145,0.00747,0.00038,0.00043,0.00596,0.00010,0.00268,0.01703
1403636900.102365255355835,0.00693,0.00040,0.00127,0.00506,0.00377,0.00260,0.02003
1403636900.152355432510376,0.00670,0.00041,0.00119,0.00765,0.00030,0.00384,0.02008
1403636900.202404260635376,0.00697,0.00036,0.00791,0.00589,0.00299,0.00269,0.02682
1403636900.252406120300293,0.00718,0.00028,0.00022,0.00632,0.00338,0.00294,0.02032
1403636900.302404165267944,0.00656,0.00053,0.00018,0.00940,0.00105,0.00195,0.01968
1403636900.352436065673828,0.00610,0.00033,0.00035,0.00378,0.00003,0.00199,0.01258
1403636900.402505397796631,0.00498,0.00040,0.00106,0.00346,0.00018,0.00161,0.01169
1403636900.452592134475708,0.00633,0.00019,0.00103,0.00329,0.00531,0.00155,0.01769
1403636900.502590656280518,0.00686,0.00043,0.00013,0.00806,0.00000,0.00329,0.01878
1403636900.552581548690796,0.00663,0.00052,0.00047,0.00879,0.00031,0.00356,0.02028
1403636900.602600812911987,0.00596,0.00041,0.00041,0.00734,0.00327,0.00267,0.02006
1403636900.652620315551758,0.00608,0.00038,0.00025,0.00800,0.00140,0.00318,0.01930
1403636900.702610969543457,0.00640,0.00020,0.00037,0.00451,0.00143,0.00176,0.01467
1403636900.752591848373413,0.00536,0.00046,0.00120,0.00885,0.00026,0.00315,0.01928
1403636900.802579879760742,0.00545,0.00038,0.00956,0.00851,0.00214,0.00252,0.02858
1403636900.852532625198364,0.00477,0.00020,0.00135,0.00477,0.00058,0.00212,0.01378
1403636900.902562141418457,0.00610,0.00022,0.00015,0.00447,0.00000,0.00152,0.01246
1403636900.952594518661499,0.00529,0.00035,0.00062,0.00830,0.00028,0.00251,0.01736
1403636901.002564907073975,0.00580,0.00047,0.00221,0.00649,0.00789,0.00252,0.02538
1403636901.052567720413208,0.00580,0.00018,0.00134,0.00551,0.00062,0.00158,0.01503
1403636901.102573633193970,0.00629,0.00051,0.00032,0.00536,0.00015,0.00237,0.01500
1403636901.152538061141968,0.00682,0.00039,0.00039,0.01134,0.00005,0.00219,0.02119
1403636901.202547788619995,0.00550,0.00029,0.00048,0.00805,0.00035,0.00213,0.01681
1403636901.252555847167969,0.00588,0.00040,0.00581,0.00770,0.00054,0.00293,0.02326
1403636901.302568197250366,0.00512,0.00020,0.00019,0.00455,0.00038,0.00139,0.01182
1403636901.352571725845337,0.00545,0.00033,0.00011,0.00443,0.00001,0.00209,0.01240
1403636901.402585029602051,0.00827,0.00045,0.00623,0.00714,0.00273,0.00268,0.02751
1403636901.452602148056030,0.00647,0.00029,0.00081,0.00756,0.00346,0.00249,0.02108
1403636901.502598047256470,0.00609,0.00031,0.00023,0.00936,0.00000,0.00287,0.01885
1403636901.552597999572754,0.00564,0.00038,0.00035,0.01114,0.00026,0.00233,0.02010
1403636901.602586984634399,0.00629,0.00038,0.00074,0.01118,0.00420,0.00282,0.02562
1403636901.652612447738647,0.00589,0.00029,0.00094,0.00879,0.00000,0.00271,0.01862
1403636901.702612161636353,0.00554,0.00031,0.00051,0.00847,0.00036,0.00228,0.01746
1403636901.752580642700195,0.00625,0.00041,0.00013,0.01094,0.00117,0.00275,0.02165
1403636901.802544832229614,0.00785,0.00047,0.00021,0.01060,0.00000,0.00249,0.02163
1403636901.852546215057373,0.00618,0.00027,0.00456,0.00913,0.00024,0.00229,0.02267
1403636901.902521133422852,0.00606,0.00058,0.00311,0.00975,0.00000,0.00247,0.02197
1403636901.952514648437500,0.00572,0.00036,0.00958,0.00853,0.00000,0.00225,0.02643
1403636902.002507686614990,0.00702,0.00061,0.00459,0.00777,0.00052,0.00320,0.02371
1403636902.052508115768433,0.00554,0.00029,0.00081,0.00519,0.00034,0.00149,0.01366
1403636902.102506875991821,0.00602,0.00046,0.00041,0.00769,0.00061,0.00247,0.01767
1403636902.152506589889526,0.00774,0.00032,0.00016,0.00863,0.00027,0.00233,0.01945
1403636902.202506542205811,0.00662,0.00059,0.00178,0.00823,0.00000,0.00239,0.01962
1403636902.252495050430298,0.00694,0.00045,0.00102,0.00830,0.00038,0.00236,0.01945
1403636902.302507877349854,0.00655,0.00045,0.00036,0.00815,0.00120,0.00246,0.01918
1403636902.352519750595093,0.00615,0.00025,0.00554,0.00514,0.00024,0.00247,0.01979
1403636902.402519464492798,0.00651,0.00043,0.00035,0.00803,0.00050,0.00289,0.01872
1403636902.452529668807983,0.00630,0.00046,0.00063,0.00724,0.00067,0.00269,0.01798
1403636902.502554655075073,0.00624,0.00032,0.00029,0.00795,0.00259,0.00307,0.02047
1403636902.552623033523560,0.00572,0.00038,0.00314,0.00412,0.00239,0.00205,0.01781
1403636902.602702856063843,0.00633,0.00050,0.00763,0.00690,0.00086,0.00300,0.02523
1403636902.652647018432617,0.00832,0.00050,0.00025,0.00780,0.00115,0.00307,0.02109
1403636902.702524662017822,0.00618,0.00037,0.00239,0.00488,0.00720,0.00230,0.02331
1403636902.752353668212891,0.00754,0.00046,0.00032,0.00685,0.00028,0.00360,0.01905
1403636902.802325248718262,0.00568,0.00027,0.00007,0.00496,0.00000,0.00241,0.01340
1403636902.852217912673950,0.00604,0.00027,0.00018,0.00488,0.00108,0.00229,0.01474
1403636902.902157068252563,0.00577,0.00034,0.00021,0.00502,0.00021,0.00226,0.01379
1403636902.952151775360107,0.00660,0.00039,0.00009,0.00701,0.00901,0.00295,0.02605
1403636903.002158164978027,0.00612,0.00030,0.00146,0.00693,0.00104,0.00280,0.01866
1403636903.052169322967529,0.00603,0.00027,0.00158,0.00698,0.00043,0.00276,0.01805
1403636903.102133989334106,0.00596,0.00038,0.00018,0.00858,0.00035,0.00225,0.01770
1403636903.152144193649292,0.00550,0.00044,0.00020,0.00599,0.00656,0.00250,0.02118
1403636903.202217578887939,0.00574,0.00039,0.00887,0.00731,0.00840,0.00205,0.03276
1403636903.252202749252319,0.00534,0.00020,0.00002,0.00535,0.00101,0.00174,0.01365
1403636903.302197456359863,0.00549,0.00032,0.00365,0.00509,0.00202,0.00164,0.01822
1403636903.352197408676147,0.00774,0.00034,0.00119,0.00499,0.00016,0.00152,0.01594
1403636903.402197599411011,0.00580,0.00022,0.00014,0.00486,0.00017,0.00167,0.01286
1403636903.452188730239868,0.00659,0.00050,0.00133,0.00469,0.00005,0.00227,0.01543
1403636903.502182245254517,0.00832,0.00045,0.00036,0.00811,0.00022,0.00313,0.02060
1403636903.552177429199219,0.00630,0.00055,0.00115,0.00735,0.00156,0.00280,0.01970
1403636903.602159023284912,0.00531,0.00021,0.00012,0.00423,0.00006,0.00218,0.01210
1403636903.652154207229614,0.00441,0.00032,0.00130,0.00400,0.00026,0.00169,0.01199
1403636903.702149629592896,0.00610,0.00038,0.00102,0.00783,0.00060,0.00354,0.01947
1403636903.752154111862183,0.00766,0.00051,0.00027,0.00708,0.00149,0.00249,0.01950
1403636903.802174091339111,0.00609,0.00039,0.00890,0.00587,0.00388,0.00244,0.02757
1403636903.852211713790894,0.00597,0.00055,0.00172,0.00813,0.00058,0.00238,0.01932
1403636903.902234315872192,0.00652,0.00048,0.01027,0.00618,0.00656,0.00169,0.03169
1403636903.952228546142578,0.00602,0.00018,0.00011,0.00468,0.00017,0.00198,0.01314
1403636904.002217054367065,0.00593,0.00057,0.00010,0.00870,0.00095,0.00275,0.01900
1403636904.052213191986084,0.00607,0.00032,0.00008,0.00529,0.00192,0.00216,0.01585
1403636904.102219820022583,0.00709,0.00062,0.00090,0.00775,0.00041,0.00336,0.02013
1403636904.152217864990234,0.00602,0.00038,0.00090,0.00840,0.00033,0.00227,0.01831
1403636904.202219724655151,0.00747,0.00052,0.00021,0.00676,0.00009,0.00358,0.01864
1403636904.252216815948486,0.00801,0.00038,0.00030,0.00768,0.00021,0.00261,0.01918
1403636904.302218914031982,0.00635,0.00034,0.00003,0.00746,0.00045,0.00296,0.01760
1403636904.352191209793091,0.00621,0.00027,0.00012,0.00522,0.00307,0.00261,0.01750
1403636904.402151823043823,0.00608,0.00028,0.00245,0.00561,0.00739,0.00209,0.02390
1403636904.452097654342651,0.00682,0.00043,0.00759,0.00702,0.00772,0.00220,0.03179
1403636904.502002716064453,0.00664,0.00054,0.00613,0.00522,0.00363,0.00233,0.02449
1403636904.551987409591675,0.00603,0.00035,0.00011,0.01011,0.00000,0.00238,0.01898
1403636904.601959466934204,0.00581,0.00035,0.00024,0.00963,0.00024,0.00244,0.01871
1403636904.651957035064697,0.00722,0.00038,0.00010,0.00834,0.00031,0.00259,0.01894
1403636904.701953411102295,0.00629,0.00025,0.00321,0.00838,0.00003,0.00265,0.02081
1403636904.751949310302734,0.00721,0.00056,0.00875,0.00818,0.00383,0.00230,0.03083
1403636904.801940441131592,0.00637,0.00034,0.00064,0.00925,0.00005,0.00266,0.01930
1403636904.851928710937500,0.00590,0.00050,0.00028,0.00952,0.00038,0.00239,0.01897
1403636904.901918411254883,0.00626,0.00036,0.00025,0.00981,0.00125,0.00293,0.02086
1403636904.951912403106689,0.00634,0.00059,0.00025,0.00882,0.00065,0.00273,0.01939
1403636905.001909017562866,0.00597,0.00046,0.00037,0.00722,0.00223,0.00261,0.01886
1403636905.051934242248535,0.00603,0.00037,0.00022,0.00752,0.00459,0.00240,0.02113
1403636905.101930141448975,0.00856,0.00041,0.00486,0.00725,0.00816,0.00329,0.03254
1403636905.151934146881104,0.00797,0.00047,0.00029,0.01011,0.00005,0.00343,0.02232
1403636905.201937675476074,0.00738,0.00053,0.01036,0.00918,0.00018,0.00382,0.03145
1403636905.251932621002197,0.00785,0.00050,0.00096,0.00994,0.00007,0.00355,0.02288
1403636905.301946401596069,0.00666,0.00032,0.00022,0.00898,0.00032,0.00393,0.02044
1403636905.351967334747314,0.00673,0.00031,0.00430,0.00805,0.00498,0.00180,0.02618
1403636905.401982069015503,0.00685,0.00042,0.00012,0.01085,0.00005,0.00361,0.02190
1403636905.452001333236694,0.00659,0.00028,0.00061,0.00900,0.00004,0.00250,0.01903
1403636905.502010107040405,0.00687,0.00041,0.00153,0.01109,0.00033,0.00358,0.02380
1403636905.552009344100952,0.00664,0.00037,0.00003,0.00938,0.00062,0.00247,0.01952
1403636905.602010250091553,0.00675,0.00022,0.00051,0.00612,0.00008,0.00226,0.01594
1403636905.652001619338989,0.00643,0.00039,0.01206,0.00871,0.00060,0.00246,0.03064
1403636905.701997518539429,0.00586,0.00019,0.00001,0.00570,0.00255,0.00227,0.01658
1403636905.751994132995605,0.00617,0.00032,0.00002,0.01029,0.00006,0.00282,0.01970
1403636905.801992654800415,0.00574,0.00028,0.00763,0.00796,0.00004,0.00187,0.02353
1403636905.851979494094849,0.00583,0.00021,0.00009,0.00593,0.00020,0.00212,0.01439
1403636905.901977539062500,0.00729,0.00037,0.00018,0.00981,0.00007,0.00426,0.02199
1403636905.951953172683716,0.00675,0.00037,0.00011,0.00918,0.00393,0.00243,0.02277
1403636906.001923799514771,0.00727,0.00030,0.00012,0.01011,0.00000,0.00290,0.02071
1403636906.051916599273682,0.00676,0.00042,0.00167,0.01101,0.00000,0.00283,0.02269
1403636906.101911067962646,0.00630,0.00038,0.00200,0.01056,0.00217,0.00378,0.02519
1403636906.151915788650513,0.00713,0.00043,0.00065,0.00913,0.00032,0.00316,0.02082
1403636906.201919078826904,0.00529,0.00021,0.00044,0.00548,0.00011,0.00205,0.01357
1403636906.251882553100586,0.00618,0.00037,0.01158,0.00864,0.00166,0.00179,0.03024
1403636906.301864624023438,0.00625,0.00037,0.00017,0.01054,0.00060,0.00351,0.02144
1403636906.351857185363770,0.00726,0.00035,0.00035,0.00542,0.00018,0.00217,0.01573
1403636906.401847839355469,0.00583,0.00027,0.00381,0.00751,0.00436,0.00192,0.02370
1403636906.451853752136230,0.00646,0.00026,0.00027,0.00803,0.00007,0.00254,0.01764
1403636906.501826524734497,0.00643,0.00037,0.00032,0.00803,0.00008,0.00268,0.01791
1403636906.551789522171021,0.00593,0.00035,0.00010,0.00841,0.00026,0.00256,0.01760
1403636906.601768016815186,0.00714,0.00038,0.00023,0.00868,0.00031,0.00336,0.02010
1403636906.651740550994873,0.00561,0.00028,0.00008,0.00475,0.00027,0.00197,0.01296
1403636906.701745271682739,0.00607,0.00030,0.00002,0.00729,0.00256,0.00366,0.01990
1403636906.751755714416504,0.00682,0.00031,0.00076,0.00714,0.00164,0.00317,0.01985
1403636906.801759481430054,0.00601,0.00037,0.00027,0.00962,0.00088,0.00284,0.01999
1403636906.851706743240356,0.00561,0.00027,0.00492,0.00699,0.00895,0.00190,0.02865
1403636906.901692628860474,0.00644,0.00029,0.01035,0.00593,0.00143,0.00240,0.02683
1403636906.951712369918823,0.00696,0.00034,0.00002,0.00972,0.00103,0.00228,0.02036
1403636907.001707553863525,0.00598,0.00051,0.00470,0.00953,0.00008,0.00350,0.02430
1403636907.051719665527344,0.00634,0.00031,0.00002,0.00613,0.00005,0.00185,0.01470
1403636907.101734399795532,0.00708,0.00044,0.00003,0.00974,0.00008,0.00306,0.02043
1403636907.151732444763184,0.00546,0.00028,0.00012,0.00807,0.00006,0.00260,0.01659
1403636907.201727390289307,0.00559,0.00042,0.00012,0.00711,0.00186,0.00244,0.01753
1403636907.251734256744385,0.00580,0.00042,0.00020,0.00759,0.00038,0.00226,0.01666
1403636907.301738977432251,0.00539,0.00021,0.00011,0.00470,0.00030,0.00176,0.01248
1403636907.351729631423950,0.00565,0.00035,0.00010,0.01014,0.00320,0.00288,0.02232
1403636907.401722908020020,0.00660,0.00030,0.00023,0.00463,0.00032,0.00198,0.01406
1403636907.451722145080566,0.00433,0.00018,0.00008,0.00446,0.00292,0.00164,0.01361
1403636907.501737117767334,0.00534,0.00017,0.00438,0.00465,0.00618,0.00173,0.02246
1403636907.551755428314209,0.00588,0.00038,0.00032,0.01160,0.00026,0.00259,0.02103
1403636907.601756334304810,0.00743,0.00042,0.00674,0.00805,0.00007,0.00279,0.02550
1403636907.651765346527100,0.00605,0.00040,0.00042,0.01078,0.00038,0.00330,0.02134
1403636907.701760292053223,0.00727,0.00040,0.00027,0.00919,0.00030,0.00405,0.02147
1403636907.751767635345459,0.00625,0.00055,0.00012,0.00829,0.00000,0.00234,0.01755
1403636907.801767587661743,0.00569,0.00027,0.00007,0.00469,0.00075,0.00214,0.01362
1403636907.851757526397705,0.00702,0.00041,0.00036,0.00708,0.00063,0.00310,0.01860
1403636907.901756525039673,0.00658,0.00039,0.00188,0.00720,0.00069,0.00271,0.01946
1403636907.951794862747192,0.00628,0.00037,0.00151,0.00822,0.00592,0.00359,0.02590
1403636908.001805543899536,0.00620,0.00043,0.00100,0.00519,0.00025,0.00242,0.01549
1403636908.051802396774292,0.00669,0.00045,0.00047,0.00598,0.00001,0.00262,0.01623
1403636908.101793289184570,0.00682,0.00031,0.00039,0.00293,0.00880,0.00202,0.02126
1403636908.151788949966431,0.00644,0.00019,0.00007,0.00411,0.00818,0.00237,0.02136
1403636908.201827287673950,0.00598,0.00022,0.00354,0.00433,0.00344,0.00169,0.01920
1403636908.251823425292969,0.00556,0.00020,0.00012,0.00486,0.00005,0.00160,0.01239
1403636908.301822900772095,0.00643,0.00021,0.00031,0.00463,0.00018,0.00179,0.01355
1403636908.351818323135376,0.00574,0.00036,0.00077,0.00819,0.00000,0.00295,0.01802
1403636908.401814937591553,0.00607,0.00031,0.00057,0.00742,0.00009,0.00267,0.01712
1403636908.451809406280518,0.00566,0.00047,0.00017,0.00721,0.00960,0.00185,0.02497
1403636908.501809120178223,0.00629,0.00037,0.00093,0.00830,0.00007,0.00319,0.01914
1403636908.601807832717896,0.00676,0.00059,0.00106,0.00688,0.00024,0.00259,0.01811
1403636908.651808023452759,0.00625,0.00036,0.00122,0.00750,0.00025,0.00269,0.01826
1403636908.701806068420410,0.00601,0.00027,0.00055,0.00667,0.00335,0.00248,0.01933
1403636908.751816987991333,0.00555,0.00017,0.00134,0.00452,0.00043,0.00178,0.01379
1403636908.801819801330566,0.00546,0.00049,0.00009,0.00685,0.00057,0.00250,0.01597
1403636908.851825714111328,0.00593,0.00030,0.00272,0.00585,0.00129,0.00282,0.01892
1403636908.901819705963135,0.00649,0.00044,0.00035,0.00541,0.00228,0.00304,0.01801
1403636908.951815128326416,0.00716,0.00028,0.00041,0.00576,0.00027,0.00275,0.01664
1403636909.001810789108276,0.00602,0.00035,0.00014,0.00612,0.00228,0.00240,0.01732
1403636909.051807641983032,0.00671,0.00025,0.00035,0.00554,0.00027,0.00253,0.01566
1403636909.101812124252319,0.00646,0.00046,0.00136,0.00480,0.00043,0.00244,0.01595
1403636909.151821851730347,0.00653,0.00035,0.00004,0.00351,0.00641,0.00204,0.01888
1403636909.201815128326416,0.00628,0.00058,0.00059,0.00608,0.00020,0.00256,0.01630
1403636909.251806259155273,0.00681,0.00034,0.00048,0.00616,0.00051,0.00276,0.01706
1403636909.301804780960083,0.00614,0.00037,0.00065,0.00488,0.00368,0.00274,0.01845
1403636909.351805448532104,0.00660,0.00022,0.00049,0.00370,0.00023,0.00235,0.01358
1403636909.401804208755493,0.00615,0.00028,0.00048,0.00507,0.00206,0.00235,0.01640
1403636909.451799631118774,0.00724,0.00039,0.00031,0.00512,0.00004,0.00271,0.01582
1403636909.501800775527954,0.00642,0.00037,0.00102,0.00694,0.00559,0.00249,0.02282
1403636909.551798582077026,0.00623,0.00041,0.00035,0.00640,0.00086,0.00254,0.01679
1403636909.601806640625000,0.00806,0.00038,0.00101,0.00675,0.00547,0.00292,0.02459
1403636909.651813745498657,0.00702,0.00034,0.00084,0.00564,0.00195,0.00256,0.01835
1403636909.701805353164673,0.00678,0.00038,0.00017,0.00727,0.00461,0.00322,0.02242
1403636909.751797437667847,0.00684,0.00030,0.00030,0.00660,0.00034,0.00265,0.01702
1403636909.801795721054077,0.00623,0.00026,0.00095,0.00552,0.00441,0.00271,0.02009
1403636909.851806879043579,0.00644,0.00038,0.00236,0.00827,0.00080,0.00363,0.02189
1403636909.901814460754395,0.00826,0.00046,0.00209,0.00712,0.01510,0.00184,0.03487
1403636909.951803207397461,0.00661,0.00024,0.00020,0.00476,0.00020,0.00183,0.01385
1403636910.001859664916992,0.00640,0.00039,0.00122,0.00932,0.01137,0.00279,0.03148
1403636910.051868915557861,0.00617,0.00036,0.00059,0.00788,0.00005,0.00244,0.01749
1403636910.101875543594360,0.00649,0.00035,0.00123,0.00692,0.00000,0.00363,0.01862
1403636910.151880741119385,0.00619,0.00036,0.00072,0.00394,0.00594,0.00180,0.01895
1403636910.201882839202881,0.00731,0.00031,0.00133,0.00787,0.00058,0.00387,0.02127
1403636910.251898288726807,0.00687,0.00030,0.00065,0.00686,0.00005,0.00300,0.01773
1403636910.301908254623413,0.00600,0.00030,0.00026,0.00531,0.00000,0.00185,0.01372
1403636910.351912021636963,0.00595,0.00029,0.00033,0.00679,0.00049,0.00262,0.01648
1403636910.401914119720459,0.00665,0.00028,0.00075,0.00409,0.00093,0.00309,0.01579
1403636910.451890230178833,0.00653,0.00023,0.00300,0.00381,0.00614,0.00188,0.02160
1403636910.501874923706055,0.00728,0.00039,0.00024,0.00813,0.00006,0.00323,0.01933
1403636910.551864147186279,0.00599,0.00029,0.00031,0.00599,0.00174,0.00247,0.01680
1403636910.601857662200928,0.00579,0.00020,0.00164,0.00360,0.00163,0.00174,0.01461
1403636910.651860475540161,0.00668,0.00027,0.00011,0.00718,0.00092,0.00271,0.01787
1403636910.701862335205078,0.00599,0.00037,0.00071,0.00824,0.00000,0.00340,0.01871
1403636910.751859903335571,0.00664,0.00063,0.00600,0.00568,0.00735,0.00217,0.02848
1403636910.801864862442017,0.00597,0.00037,0.00033,0.00909,0.00068,0.00307,0.01950
1403636910.851866245269775,0.00611,0.00047,0.00064,0.00754,0.00005,0.00281,0.01761
1403636910.901866674423218,0.00568,0.00036,0.00111,0.00722,0.00000,0.00273,0.01709
1403636910.951849699020386,0.00572,0.00044,0.00023,0.00698,0.00000,0.00292,0.01629
1403636911.001839160919189,0.00589,0.00055,0.00172,0.00858,0.00066,0.00252,0.01992
1403636911.051837921142578,0.00725,0.00041,0.00114,0.00557,0.00494,0.00232,0.02162
1403636911.101835727691650,0.00663,0.00020,0.00059,0.00361,0.00003,0.00185,0.01290
1403636911.151822566986084,0.00649,0.00037,0.00018,0.00659,0.00025,0.00253,0.01641
1403636911.201782703399658,0.00615,0.00037,0.00027,0.00487,0.00392,0.00252,0.01809
1403636911.251755714416504,0.00631,0.00038,0.00054,0.00775,0.00010,0.00262,0.01770
1403636911.301723480224609,0.00610,0.00025,0.00019,0.00499,0.00814,0.00271,0.02238
1403636911.351754188537598,0.00620,0.00031,0.00010,0.00479,0.00122,0.00166,0.01429
1403636911.401806592941284,0.00588,0.00035,0.00030,0.00742,0.00267,0.00288,0.01950
1403636911.451846122741699,0.00598,0.00044,0.00044,0.00544,0.00004,0.00249,0.01484
1403636911.501859188079834,0.00659,0.00028,0.00008,0.00200,0.00209,0.00180,0.01285
1403636911.551890134811401,0.00788,0.00026,0.00017,0.00246,0.00000,0.00215,0.01292
1403636911.601898431777954,0.00652,0.00042,0.00065,0.00482,0.00549,0.00265,0.02056
1403636911.651931285858154,0.00577,0.00019,0.00096,0.00318,0.00715,0.00180,0.01906
1403636911.701930522918701,0.00541,0.00034,0.00028,0.00389,0.00017,0.00183,0.01194
1403636911.751965522766113,0.00391,0.00018,0.00020,0.00379,0.00115,0.00176,0.01100
1403636911.801975011825562,0.00415,0.00020,0.00027,0.00319,0.00026,0.00223,0.01029
1403636911.851971864700317,0.00421,0.00035,0.00012,0.00341,0.00089,0.00198,0.01095
1403636911.901953935623169,0.00549,0.00036,0.00024,0.00375,0.00034,0.00218,0.01236
1403636911.951952219009399,0.00530,0.00036,0.00031,0.00788,0.00020,0.00301,0.01706
1403636912.001946449279785,0.00574,0.00042,0.00053,0.00652,0.00326,0.00252,0.01899
1403636912.051929712295532,0.00508,0.00020,0.00010,0.00329,0.00077,0.00189,0.01134
1403636912.101920843124390,0.00608,0.00039,0.00140,0.00556,0.00526,0.00253,0.02122
1403636912.151926279067993,0.00567,0.00029,0.00085,0.00523,0.00038,0.00275,0.01517
1403636912.201912641525269,0.00681,0.00036,0.00128,0.00541,0.00384,0.00270,0.02040
1403636912.251913309097290,0.00532,0.00019,0.00007,0.00339,0.00057,0.00179,0.01133
1403636912.301909923553467,0.00403,0.00021,0.00015,0.00332,0.00019,0.00157,0.00948
1403636912.351895570755005,0.00619,0.00034,0.00018,0.00371,0.00236,0.00238,0.01516
1403636912.401880979537964,0.00622,0.00037,0.00015,0.00766,0.00229,0.00271,0.01941
1403636912.451884746551514,0.00597,0.00040,0.00011,0.00621,0.00059,0.00276,0.01606
1403636912.501909971237183,0.00597,0.00028,0.00023,0.00565,0.00035,0.00257,0.01506
1403636912.551916122436523,0.00611,0.00036,0.00033,0.00667,0.00354,0.00277,0.01979
1403636912.601922273635864,0.00609,0.00040,0.00007,0.00527,0.00034,0.00260,0.01476
1403636912.651939630508423,0.00608,0.00036,0.00032,0.00618,0.00202,0.00277,0.01772
1403636912.701979637145996,0.00593,0.00035,0.00009,0.00626,0.00293,0.00231,0.01786
1403636912.751999378204346,0.00658,0.00029,0.00127,0.00494,0.00369,0.00272,0.01949
1403636912.801983118057251,0.00665,0.00033,0.00034,0.00483,0.00259,0.00243,0.01717
1403636912.851975202560425,0.00622,0.00034,0.00504,0.00601,0.00317,0.00255,0.02334
1403636912.901942253112793,0.00598,0.00021,0.00013,0.00350,0.00015,0.00174,0.01172
1403636912.951921939849854,0.00716,0.00043,0.00014,0.00700,0.00000,0.00380,0.01853
1403636913.001917123794556,0.00622,0.00023,0.00037,0.00339,0.00088,0.00184,0.01293
1403636913.051913261413574,0.00563,0.00033,0.00004,0.00339,0.00107,0.00166,0.01213
1403636913.101896286010742,0.00601,0.00028,0.00015,0.00516,0.00054,0.00252,0.01465
1403636913.151904582977295,0.00747,0.00047,0.00031,0.00776,0.00053,0.00360,0.02014
1403636913.201904773712158,0.00660,0.00045,0.00171,0.00655,0.00014,0.00294,0.01839
1403636913.251900196075439,0.00649,0.00039,0.00011,0.00629,0.00345,0.00276,0.01949
1403636913.301913976669312,0.00589,0.00030,0.00102,0.00328,0.00145,0.00162,0.01357
1403636913.351941108703613,0.00717,0.00039,0.00027,0.00635,0.01123,0.00284,0.02826
1403636913.401956319808960,0.00603,0.00032,0.00144,0.00454,0.00143,0.00174,0.01551
1403636913.451967954635620,0.00512,0.00020,0.00168,0.00446,0.00148,0.00150,0.01444
1403636913.501964092254639,0.00607,0.00038,0.00011,0.00909,0.00188,0.00283,0.02037
1403636913.551958560943604,0.00588,0.00028,0.00205,0.00787,0.00197,0.00269,0.02074
1403636913.601947546005249,0.00620,0.00036,0.00017,0.00819,0.00074,0.00338,0.01904
1403636913.651932716369629,0.00572,0.00047,0.00032,0.00587,0.00003,0.00222,0.01462
1403636913.701913595199585,0.00596,0.00018,0.00433,0.00524,0.00137,0.00170,0.01878
1403636913.751897335052490,0.00583,0.00038,0.00019,0.00505,0.00021,0.00199,0.01364
1403636913.801896810531616,0.00606,0.00068,0.00014,0.00844,0.00013,0.00330,0.01876
1403636913.851895570755005,0.00607,0.00022,0.00007,0.00451,0.00075,0.00147,0.01310
1403636913.901876688003540,0.00867,0.00060,0.00028,0.00857,0.00581,0.00419,0.02812
1403636913.951871395111084,0.00736,0.00042,0.00081,0.00906,0.00105,0.00296,0.02165
1403636914.001865148544312,0.00627,0.00044,0.00687,0.00956,0.00219,0.00380,0.02913
1403636914.051872730255127,0.00722,0.00038,0.00236,0.01078,0.00056,0.00298,0.02428
1403636914.101871013641357,0.00652,0.00044,0.00002,0.00849,0.00098,0.00243,0.01888
1403636914.151881933212280,0.00523,0.00021,0.00266,0.00514,0.00019,0.00144,0.01486
1403636914.201880693435669,0.00570,0.00032,0.00013,0.00847,0.00025,0.00216,0.01704
1403636914.251875400543213,0.00628,0.00025,0.00013,0.00564,0.00327,0.00235,0.01792
1403636914.301872253417969,0.00569,0.00036,0.00748,0.00917,0.00000,0.00224,0.02493
1403636914.351865768432617,0.00694,0.00042,0.00044,0.01069,0.00055,0.00358,0.02261
1403636914.401862382888794,0.00747,0.00039,0.00010,0.01028,0.00006,0.00247,0.02078
1403636914.451855659484863,0.00641,0.00057,0.00613,0.00897,0.00212,0.00246,0.02666
1403636914.501861572265625,0.00663,0.00035,0.00010,0.01052,0.00025,0.00312,0.02098
1403636914.551861286163330,0.00865,0.00052,0.00196,0.00876,0.00000,0.00395,0.02384
1403636914.601850271224976,0.00622,0.00020,0.00435,0.00553,0.00004,0.00157,0.01792
1403636914.651856660842896,0.00724,0.00034,0.00204,0.00848,0.00066,0.00249,0.02124
1403636914.701865911483765,0.00720,0.00028,0.00002,0.01016,0.00000,0.00269,0.02034
1403636914.751848220825195,0.00751,0.00039,0.00669,0.00893,0.00006,0.00252,0.02611
1403636914.801854133605957,0.00681,0.00060,0.00012,0.00911,0.00192,0.00258,0.02115
1403636914.851850271224976,0.00656,0.00027,0.00088,0.00865,0.00125,0.00285,0.02047
1403636914.901843070983887,0.00678,0.00040,0.00631,0.00805,0.00151,0.00248,0.02553
1403636914.951838731765747,0.00586,0.00021,0.00072,0.00542,0.00021,0.00197,0.01439
1403636915.001835584640503,0.00611,0.00035,0.00167,0.00852,0.00008,0.00241,0.01914
1403636915.051829338073730,0.00759,0.00036,0.00021,0.00844,0.00200,0.00350,0.02210
1403636915.101826429367065,0.00645,0.00035,0.01495,0.00682,0.00139,0.00190,0.03186
1403636915.151832103729248,0.00656,0.00037,0.00129,0.01197,0.00121,0.00304,0.02445
1403636915.201818704605103,0.00716,0.00057,0.00842,0.00931,0.00000,0.00303,0.02849
1403636915.251794815063477,0.00548,0.00021,0.00102,0.00524,0.00019,0.00150,0.01364
1403636915.301784276962280,0.00736,0.00030,0.00053,0.00575,0.00016,0.00242,0.01653
1403636915.351799726486206,0.00592,0.00038,0.00330,0.00501,0.00123,0.00224,0.01808
1403636915.401822566986084,0.00731,0.00045,0.00011,0.00779,0.00000,0.00265,0.01832
1403636915.451849222183228,0.00586,0.00041,0.00011,0.00773,0.00025,0.00271,0.01707
1403636915.501880407333374,0.00593,0.00026,0.00026,0.00495,0.00161,0.00216,0.01517
1403636915.551901340484619,0.00562,0.00030,0.00020,0.00934,0.00038,0.00250,0.01834
1403636915.601902008056641,0.00718,0.00051,0.00002,0.00908,0.00304,0.00333,0.02316
1403636915.651896238327026,0.00586,0.00028,0.00021,0.00827,0.00000,0.00237,0.01699
1403636915.701880693435669,0.00611,0.00039,0.01514,0.00771,0.00136,0.00185,0.03257
1403636915.751877307891846,0.00595,0.00020,0.00012,0.00518,0.00075,0.00213,0.01434
1403636915.801868200302124,0.00956,0.00052,0.00632,0.00877,0.00053,0.00204,0.02774
1403636915.851838827133179,0.00771,0.00063,0.00299,0.00808,0.00016,0.00340,0.02297
1403636915.901832103729248,0.00778,0.00028,0.00032,0.00664,0.00183,0.00282,0.01966
1403636915.951835155487061,0.00614,0.00022,0.00002,0.00406,0.00297,0.00241,0.01583
1403636916.001838445663452,0.00789,0.00037,0.00008,0.00688,0.00002,0.00307,0.01831
1403636916.051852226257324,0.00743,0.00056,0.00077,0.00658,0.00003,0.00385,0.01922
1403636916.101848125457764,0.00590,0.00019,0.00014,0.00346,0.00217,0.00161,0.01347
1403636916.151849746704102,0.00737,0.00073,0.00084,0.00639,0.00235,0.00381,0.02149
1403636916.201839208602905,0.00673,0.00028,0.00029,0.00520,0.00020,0.00260,0.01531
1403636916.251842737197876,0.00629,0.00023,0.00055,0.00354,0.00003,0.00275,0.01340
1403636916.301842212677002,0.00730,0.00036,0.00494,0.00557,0.01489,0.00177,0.03483
1403636916.351841449737549,0.00719,0.00056,0.02580,0.00657,0.00542,0.00160,0.04714
1403636916.401839017868042,0.00575,0.00034,0.00667,0.00913,0.00047,0.00346,0.02582
1403636916.451838493347168,0.00681,0.00038,0.00225,0.00854,0.00416,0.00379,0.02594
1403636916.501834154129028,0.00705,0.00043,0.00008,0.00865,0.00000,0.00272,0.01893
1403636916.551827192306519,0.00580,0.00044,0.00046,0.00451,0.00145,0.00213,0.01479
1403636916.601825475692749,0.00767,0.00039,0.00073,0.00892,0.00116,0.00275,0.02160
1403636916.651827335357666,0.00664,0.00076,0.00003,0.01131,0.00044,0.00411,0.02329
1403636916.701836109161377,0.00702,0.00042,0.00002,0.00840,0.00000,0.00235,0.01821
1403636916.751841068267822,0.00694,0.00038,0.00027,0.00828,0.00037,0.00345,0.01969
1403636916.801857709884644,0.00987,0.00058,0.00092,0.00728,0.00092,0.00323,0.02280
1403636916.851864337921143,0.00591,0.00020,0.00018,0.00446,0.00003,0.00268,0.01347
1403636916.901874303817749,0.00585,0.00020,0.00234,0.00381,0.00227,0.00211,0.01657
1403636916.951873064041138,0.00659,0.00031,0.00461,0.00402,0.00494,0.00195,0.02242
1403636917.001879215240479,0.00579,0.00037,0.00130,0.00488,0.00389,0.00179,0.01802
1403636917.051882982254028,0.00638,0.00038,0.00036,0.00936,0.00145,0.00378,0.02170
1403636917.101887941360474,0.00599,0.00031,0.00016,0.00872,0.00002,0.00287,0.01807
1403636917.151889562606812,0.00573,0.00036,0.00003,0.00499,0.00007,0.00150,0.01267
1403636917.201891183853149,0.00596,0.00037,0.00005,0.01013,0.00000,0.00266,0.01917
1403636917.251890659332275,0.00599,0.00053,0.00019,0.00992,0.00000,0.00263,0.01926
1403636917.301892995834351,0.00583,0.00028,0.00010,0.00801,0.00000,0.00295,0.01716
1403636917.351899862289429,0.00458,0.00034,0.00460,0.00444,0.00540,0.00186,0.02123
1403636917.401897907257080,0.00513,0.00020,0.00034,0.00527,0.00001,0.00144,0.01239
1403636917.451891899108887,0.00683,0.00033,0.00001,0.00543,0.00004,0.00180,0.01444
1403636917.501889467239380,0.00792,0.00053,0.00039,0.00844,0.00014,0.00245,0.01989
1403636917.551883220672607,0.00701,0.00041,0.00411,0.00703,0.01089,0.00240,0.03186
1403636917.601883649826050,0.00546,0.00019,0.00030,0.00521,0.00030,0.00156,0.01302
1403636917.651888608932495,0.00451,0.00019,0.00001,0.00492,0.00028,0.00197,0.01188
1403636917.701896429061890,0.00686,0.00039,0.00036,0.00919,0.00001,0.00311,0.01993
1403636917.751898765563965,0.00616,0.00028,0.00009,0.00805,0.00033,0.00273,0.01764
1403636917.801903247833252,0.00580,0.00037,0.00018,0.00883,0.00023,0.00254,0.01797
1403636917.851908922195435,0.00555,0.00029,0.00007,0.00839,0.00000,0.00292,0.01723
1403636917.901913166046143,0.00580,0.00027,0.00011,0.00814,0.00000,0.00265,0.01698
1403636917.951926231384277,0.00497,0.00029,0.00586,0.00799,0.00609,0.00265,0.02786
1403636918.001935005187988,0.00461,0.00018,0.00274,0.00534,0.00356,0.00142,0.01785
1403636918.051939487457275,0.00606,0.00039,0.00003,0.01179,0.00006,0.00269,0.02102
1403636918.101947069168091,0.00582,0.00038,0.00048,0.00983,0.00011,0.00241,0.01904
1403636918.151952266693115,0.00742,0.00027,0.00011,0.00880,0.00033,0.00243,0.01937
1403636918.201961278915405,0.00675,0.00038,0.00016,0.01031,0.00215,0.00240,0.02214
1403636918.251958847045898,0.00674,0.00039,0.00009,0.01004,0.00042,0.00249,0.02018
1403636918.301971912384033,0.00517,0.00029,0.00002,0.00876,0.00000,0.00244,0.01668
1403636918.351987838745117,0.00890,0.00065,0.00003,0.00926,0.00011,0.00348,0.02243
1403636918.401999235153198,0.00751,0.00042,0.00017,0.01082,0.00000,0.00302,0.02194
1403636918.452008008956909,0.00666,0.00028,0.00031,0.00512,0.00003,0.00158,0.01397
1403636918.502012014389038,0.00829,0.00040,0.00034,0.00776,0.00000,0.00441,0.02120
1403636918.552013397216797,0.00800,0.00053,0.00059,0.00706,0.00038,0.00287,0.01943
1403636918.602010488510132,0.00715,0.00055,0.00023,0.00663,0.00402,0.00342,0.02200
1403636918.652008533477783,0.00728,0.00025,0.00002,0.00704,0.00005,0.00288,0.01752
1403636918.702007055282593,0.00735,0.00039,0.00081,0.00780,0.00030,0.00368,0.02034
1403636918.752001047134399,0.00742,0.00027,0.00007,0.00665,0.00004,0.00288,0.01734
1403636918.802000284194946,0.00770,0.00044,0.00008,0.00661,0.00018,0.00249,0.01750
1403636918.851998567581177,0.00688,0.00039,0.00029,0.00685,0.00062,0.00255,0.01758
1403636918.902004003524780,0.00704,0.00036,0.00022,0.00644,0.00056,0.00238,0.01700
1403636918.952004909515381,0.00657,0.00035,0.00003,0.00694,0.00009,0.00274,0.01672
1403636919.002002954483032,0.00656,0.00035,0.00015,0.00663,0.00000,0.00295,0.01665
1403636919.052010774612427,0.00612,0.00045,0.00002,0.00536,0.00000,0.00252,0.01448
1403636919.102017402648926,0.00565,0.00019,0.00015,0.00330,0.00001,0.00211,0.01141
1403636919.152029514312744,0.00576,0.00025,0.00043,0.00342,0.01011,0.00213,0.02210
1403636919.202031612396240,0.00703,0.00034,0.00679,0.00778,0.00461,0.00320,0.02974
1403636919.252034664154053,0.00741,0.00044,0.00051,0.01105,0.00007,0.00409,0.02356
1403636919.302034616470337,0.00639,0.00041,0.00850,0.00772,0.00607,0.00185,0.03094
1403636919.352044105529785,0.00578,0.00033,0.00433,0.00500,0.00358,0.00178,0.02080
1403636919.402048826217651,0.00627,0.00038,0.00641,0.00916,0.00003,0.00266,0.02491
1403636919.452059030532837,0.00606,0.00032,0.00013,0.00830,0.00197,0.00258,0.01936
1403636919.502048254013062,0.00711,0.00036,0.00780,0.00872,0.00185,0.00233,0.02817
1403636919.552045583724976,0.00601,0.00034,0.00002,0.00874,0.00295,0.00267,0.02074
1403636919.602046489715576,0.00618,0.00037,0.00020,0.00987,0.00000,0.00282,0.01944
1403636919.652038812637329,0.00576,0.00032,0.00002,0.00880,0.00000,0.00233,0.01724
1403636919.702029228210449,0.00557,0.00030,0.01217,0.00780,0.00240,0.00167,0.02991
1403636919.752032041549683,0.00560,0.00029,0.00059,0.00943,0.00003,0.00288,0.01882
1403636919.802032709121704,0.00674,0.00041,0.00399,0.00931,0.00006,0.00336,0.02389
1403636919.852035999298096,0.00678,0.00037,0.00038,0.00995,0.00006,0.00308,0.02062
1403636919.902037858963013,0.00662,0.00042,0.00205,0.00868,0.00020,0.00342,0.02139
1403636919.952039718627930,0.00753,0.00040,0.00272,0.00933,0.00047,0.00265,0.02311
1403636920.002041101455688,0.00583,0.00042,0.00034,0.00540,0.00267,0.00303,0.01770
1403636920.052040576934814,0.00679,0.00025,0.00015,0.00567,0.00128,0.00226,0.01642
1403636920.102039813995361,0.00616,0.00037,0.00032,0.01006,0.00050,0.00270,0.02012
1403636920.152032136917114,0.00683,0.00040,0.00002,0.00614,0.00000,0.00255,0.01595
1403636920.202027082443237,0.00675,0.00038,0.00053,0.01033,0.00000,0.00379,0.02178
1403636920.252022981643677,0.00654,0.00038,0.00094,0.00953,0.00000,0.00289,0.02029
1403636920.302009820938110,0.00830,0.00024,0.00449,0.00506,0.00360,0.00250,0.02419
1403636920.352017641067505,0.00728,0.00037,0.00034,0.00864,0.00216,0.00241,0.02121
1403636920.402013778686523,0.00677,0.00018,0.00025,0.00579,0.00021,0.00180,0.01500
1403636920.452011108398438,0.00684,0.00036,0.00004,0.01005,0.00009,0.00299,0.02036
1403636920.502017498016357,0.00667,0.00029,0.00275,0.00894,0.00014,0.00381,0.02260
1403636920.552015781402588,0.00679,0.00048,0.00382,0.00565,0.00141,0.00210,0.02026
1403636920.602016925811768,0.00750,0.00040,0.00003,0.01036,0.00008,0.00330,0.02167
1403636920.652020454406738,0.00678,0.00038,0.00011,0.00951,0.00007,0.00297,0.01982
1403636920.702026367187500,0.00693,0.00026,0.00061,0.00922,0.00011,0.00354,0.02067
1403636920.752037286758423,0.00673,0.00026,0.00024,0.00583,0.00001,0.00213,0.01520
1403636920.802043676376343,0.00771,0.00063,0.00003,0.00983,0.00000,0.00416,0.02236
1403636920.852053880691528,0.00656,0.00048,0.00616,0.00886,0.00016,0.00288,0.02510
1403636920.902067422866821,0.00672,0.00054,0.00652,0.00998,0.00217,0.00292,0.02884
1403636920.952073097229004,0.00608,0.00021,0.00010,0.00623,0.00027,0.00181,0.01471
1403636921.002077579498291,0.00797,0.00054,0.00433,0.00951,0.00012,0.00355,0.02601
1403636921.052078247070312,0.00695,0.00036,0.00002,0.00988,0.00009,0.00334,0.02063
1403636921.102083683013916,0.00691,0.00040,0.00047,0.01028,0.00036,0.00351,0.02193
1403636921.152092456817627,0.00673,0.00040,0.00647,0.00933,0.00013,0.00247,0.02553
1403636921.202104091644287,0.00675,0.00030,0.00002,0.00954,0.00008,0.00358,0.02027
1403636921.252113103866577,0.00699,0.00037,0.00003,0.01061,0.00009,0.00292,0.02101
1403636921.302114725112915,0.00722,0.00037,0.00039,0.01060,0.00011,0.00352,0.02221
1403636921.352112293243408,0.00749,0.00040,0.00003,0.01103,0.00006,0.00296,0.02197
1403636921.402106046676636,0.00718,0.00037,0.00003,0.00928,0.00000,0.00369,0.02055
1403636921.452096462249756,0.00718,0.00037,0.00699,0.00908,0.00013,0.00269,0.02644
1403636921.502091169357300,0.00622,0.00019,0.00356,0.00580,0.00144,0.00261,0.01983
1403636921.552080631256104,0.00697,0.00038,0.00020,0.01031,0.00038,0.00287,0.02110
1403636921.602065801620483,0.00577,0.00021,0.00012,0.00609,0.00008,0.00245,0.01471
1403636921.652058124542236,0.00706,0.00025,0.00002,0.00651,0.00006,0.00253,0.01643
1403636921.702047824859619,0.00615,0.00022,0.00023,0.00629,0.00025,0.00254,0.01568
1403636921.752043485641479,0.00599,0.00019,0.00013,0.00616,0.00007,0.00207,0.01461
1403636921.802040100097656,0.00607,0.00030,0.00002,0.01017,0.00008,0.00281,0.01945
1403636921.852029800415039,0.00638,0.00039,0.00025,0.01005,0.00007,0.00282,0.01997
1403636921.902013778686523,0.00564,0.00020,0.00024,0.00572,0.00010,0.00197,0.01388
1403636921.951987981796265,0.00552,0.00018,0.00001,0.00593,0.00003,0.00205,0.01374
1403636922.001970767974854,0.00561,0.00021,0.00002,0.00572,0.00000,0.00166,0.01322
1403636922.051941394805908,0.00545,0.00020,0.00441,0.00529,0.00127,0.00200,0.01864
1403636922.101940155029297,0.00587,0.00019,0.00128,0.00563,0.00241,0.00232,0.01769
1403636922.151939630508423,0.00692,0.00049,0.00014,0.00913,0.00040,0.00282,0.01991
1403636922.201936483383179,0.00684,0.00077,0.00514,0.00899,0.00011,0.00353,0.02537
1403636922.251939773559570,0.00661,0.00018,0.00001,0.00618,0.00005,0.00209,0.01513
1403636922.301944732666016,0.00701,0.00037,0.00154,0.01021,0.00040,0.00381,0.02334
1403636922.351957798004150,0.00688,0.00026,0.00142,0.00626,0.00166,0.00339,0.01988
1403636922.401961088180542,0.00685,0.00037,0.00025,0.01038,0.00008,0.00241,0.02035
1403636922.451960086822510,0.00644,0.00056,0.00014,0.01144,0.00010,0.00268,0.02136
1403636922.501958608627319,0.00647,0.00038,0.00041,0.00998,0.00018,0.00277,0.02019
1403636922.551952123641968,0.00655,0.00054,0.00013,0.01000,0.00007,0.00262,0.01991
1403636922.601943731307983,0.00643,0.00038,0.00002,0.00900,0.00000,0.00312,0.01896
1403636922.701914548873901,0.00577,0.00028,0.00146,0.00477,0.00129,0.00204,0.01559
1403636922.751895666122437,0.00585,0.00019,0.00008,0.00495,0.00128,0.00236,0.01470
1403636922.801884174346924,0.00649,0.00028,0.00005,0.00504,0.00031,0.00185,0.01401
1403636922.851881265640259,0.00721,0.00042,0.00014,0.00948,0.00024,0.00299,0.02048
1403636922.901874065399170,0.00705,0.00036,0.00013,0.00488,0.00005,0.00224,0.01471
1403636922.951861858367920,0.00726,0.00031,0.00010,0.00482,0.00127,0.00241,0.01618
1403636923.001852989196777,0.00741,0.00025,0.00025,0.00507,0.00014,0.00235,0.01548
1403636923.051842689514160,0.00591,0.00020,0.00007,0.00469,0.00114,0.00183,0.01385
1403636923.101828575134277,0.00698,0.00034,0.00003,0.00516,0.00007,0.00210,0.01469
1403636923.151814460754395,0.00593,0.00018,0.00001,0.00453,0.00018,0.00166,0.01249
1403636923.201792955398560,0.00635,0.00036,0.00012,0.00759,0.00025,0.00286,0.01754
1403636923.251776456832886,0.00626,0.00027,0.00011,0.00728,0.00000,0.00268,0.01660
1403636923.301763534545898,0.00634,0.00026,0.00028,0.00742,0.00214,0.00270,0.01915
1403636923.351759910583496,0.00609,0.00027,0.00008,0.00734,0.00020,0.00263,0.01661
1403636923.401750802993774,0.00657,0.00046,0.00003,0.00786,0.00052,0.00278,0.01823
1403636923.451752662658691,0.00735,0.00042,0.00076,0.00818,0.00037,0.00301,0.02008
1403636923.501749753952026,0.00657,0.00043,0.00003,0.00823,0.00008,0.00296,0.01831
1403636923.551755189895630,0.00620,0.00036,0.00028,0.00624,0.00055,0.00248,0.01611
1403636923.601768255233765,0.00675,0.00040,0.00011,0.00606,0.00020,0.00255,0.01606
1403636923.651777982711792,0.00665,0.00034,0.00039,0.00496,0.00006,0.00298,0.01538
1403636923.701795339584351,0.00622,0.00038,0.00005,0.00538,0.00009,0.00273,0.01485
1403636923.751806974411011,0.00621,0.00034,0.00003,0.00590,0.00019,0.00302,0.01570
1403636923.801815986633301,0.00557,0.00018,0.00002,0.00336,0.00004,0.00201,0.01118
1403636923.851819038391113,0.00599,0.00034,0.00003,0.00726,0.00000,0.00341,0.01703
1403636923.901820659637451,0.00651,0.00043,0.00003,0.00778,0.00076,0.00351,0.01902
1403636923.951822042465210,0.00634,0.00037,0.00003,0.00758,0.00016,0.00287,0.01735
1403636924.001820564270020,0.00618,0.00037,0.00002,0.00510,0.00050,0.00277,0.01494
1403636924.051821708679199,0.00638,0.00040,0.00003,0.00751,0.00316,0.00308,0.02058
1403636924.101820945739746,0.00565,0.00020,0.00002,0.00344,0.00006,0.00189,0.01126
1403636924.151820421218872,0.00598,0.00017,0.00033,0.00366,0.00672,0.00193,0.01880
1403636924.201818704605103,0.00612,0.00026,0.00002,0.00433,0.00010,0.00228,0.01310
1403636924.251817703247070,0.00608,0.00036,0.00004,0.00437,0.00005,0.00216,0.01307
1403636924.301818132400513,0.00695,0.00045,0.00003,0.00933,0.00011,0.00315,0.02002
1403636924.351815223693848,0.00563,0.00020,0.00002,0.00439,0.00013,0.00166,0.01203
1403636924.401812314987183,0.00643,0.00036,0.00003,0.00782,0.00006,0.00270,0.01740
1403636924.451810836791992,0.00605,0.00025,0.00006,0.00648,0.00000,0.00248,0.01532
1403636924.501808643341064,0.00662,0.00038,0.00029,0.00849,0.00077,0.00291,0.01946
1403636924.551807641983032,0.00617,0.00036,0.00017,0.00734,0.00010,0.00271,0.01685
1403636924.601809501647949,0.00618,0.00036,0.00011,0.00808,0.00070,0.00384,0.01926
1403636924.651811838150024,0.00664,0.00047,0.00023,0.00629,0.00428,0.00326,0.02118
1403636924.701812982559204,0.00544,0.00019,0.00007,0.00363,0.00019,0.00209,0.01161
1403636924.751813888549805,0.00535,0.00034,0.00017,0.00357,0.00145,0.00181,0.01269
1403636924.801814079284668,0.00611,0.00037,0.00013,0.00819,0.00023,0.00273,0.01775
1403636924.851814031600952,0.00564,0.00026,0.00011,0.00355,0.00106,0.00195,0.01258
1403636924.901812791824341,0.00540,0.00025,0.00001,0.00378,0.00007,0.00182,0.01132
1403636924.951807022094727,0.00573,0.00033,0.00008,0.00614,0.00020,0.00273,0.01521
1403636925.001795053482056,0.00612,0.00036,0.00012,0.00651,0.00004,0.00271,0.01587
1403636925.051788091659546,0.00607,0.00036,0.00002,0.00799,0.00000,0.00239,0.01683
1403636925.101783275604248,0.00679,0.00054,0.00042,0.00669,0.00313,0.00331,0.02088
1403636925.151779413223267,0.00735,0.00035,0.00021,0.00695,0.00210,0.00347,0.02044
1403636925.201775789260864,0.00575,0.00034,0.00006,0.00354,0.00048,0.00179,0.01197
1403636925.251775026321411,0.00653,0.00046,0.00101,0.00555,0.00386,0.00327,0.02068
1403636925.301780462265015,0.00645,0.00036,0.00003,0.00766,0.00096,0.00292,0.01838
1403636925.351782560348511,0.00775,0.00056,0.00265,0.00600,0.00543,0.00278,0.02517
1403636925.401791095733643,0.00684,0.00044,0.00113,0.00551,0.00116,0.00244,0.01751
1403636925.451795101165771,0.00655,0.00053,0.00104,0.00629,0.00015,0.00276,0.01731
1403636925.501798629760742,0.00617,0.00035,0.00057,0.00511,0.00102,0.00239,0.01561
1403636925.551800727844238,0.00650,0.00035,0.00010,0.00571,0.00505,0.00287,0.02057
1403636925.601801633834839,0.00602,0.00027,0.00119,0.00528,0.00005,0.00249,0.01530
1403636925.651801109313965,0.00609,0.00051,0.00026,0.00776,0.00003,0.00279,0.01744
1403636925.701800346374512,0.00552,0.00037,0.00147,0.00613,0.00243,0.00256,0.01848
1403636925.751796245574951,0.00609,0.00037,0.00012,0.00519,0.00000,0.00268,0.01447
1403636925.801792621612549,0.00565,0.00021,0.00019,0.00317,0.00072,0.00191,0.01184
1403636925.851780652999878,0.00636,0.00030,0.00005,0.00336,0.00046,0.00187,0.01240
1403636925.901749610900879,0.00537,0.00035,0.00014,0.00310,0.00680,0.00164,0.01740
1403636925.951730966567993,0.00620,0.00041,0.00056,0.00806,0.00248,0.00271,0.02041
1403636926.001717090606689,0.00674,0.00031,0.00012,0.00619,0.00235,0.00298,0.01868
1403636926.051707506179810,0.00698,0.00037,0.00046,0.00790,0.00001,0.00343,0.01915
1403636926.101706981658936,0.00713,0.00037,0.00041,0.00426,0.00005,0.00267,0.01489
1403636926.151714801788330,0.00724,0.00053,0.00009,0.00766,0.00000,0.00306,0.01857
1403636926.201723575592041,0.00553,0.00020,0.00028,0.00341,0.00003,0.00202,0.01146
1403636926.251729726791382,0.00641,0.00054,0.00012,0.00758,0.00242,0.00285,0.01991
1403636926.301731109619141,0.00711,0.00048,0.00106,0.00535,0.00040,0.00351,0.01791
1403636926.351732730865479,0.00637,0.00054,0.00012,0.00757,0.00000,0.00311,0.01772
1403636926.401728630065918,0.00718,0.00059,0.00003,0.00761,0.00725,0.00345,0.02610
1403636926.451716423034668,0.00631,0.00056,0.00048,0.00768,0.00988,0.00239,0.02730
1403636926.501716375350952,0.00596,0.00028,0.00181,0.00469,0.00793,0.00208,0.02275
1403636926.551711797714233,0.00675,0.00036,0.00576,0.00941,0.00005,0.00322,0.02556
1403636926.601705074310303,0.00648,0.00039,0.00139,0.01033,0.00197,0.00277,0.02333
1403636926.651705503463745,0.00596,0.00023,0.00011,0.00634,0.00065,0.00171,0.01501
1403636926.701709270477295,0.00605,0.00043,0.01116,0.01070,0.00029,0.00253,0.03115
1403636926.751707315444946,0.00701,0.00046,0.00002,0.01203,0.00000,0.00342,0.02295
1403636926.801701784133911,0.00608,0.00035,0.00003,0.01201,0.00006,0.00269,0.02122
1403636926.851685523986816,0.00637,0.00052,0.00007,0.00718,0.00000,0.00166,0.01581
1403636926.901668787002563,0.00759,0.00043,0.00054,0.01167,0.00011,0.00380,0.02415
1403636926.951657295227051,0.00768,0.00059,0.00003,0.00959,0.00000,0.00288,0.02077
1403636927.001650333404541,0.00763,0.00035,0.00027,0.00568,0.00059,0.00202,0.01653
1403636927.051635742187500,0.00783,0.00029,0.00021,0.00792,0.00387,0.00199,0.02211
1403636927.101631164550781,0.00750,0.00041,0.00033,0.01046,0.00058,0.00353,0.02280
1403636927.151623487472534,0.00688,0.00027,0.00037,0.00711,0.00026,0.00257,0.01746
1403636927.201619625091553,0.00599,0.00018,0.00042,0.00421,0.00022,0.00255,0.01357
1403636927.251615524291992,0.00690,0.00027,0.00016,0.00631,0.00004,0.00252,0.01621
1403636927.301616430282593,0.00646,0.00046,0.00093,0.00561,0.00754,0.00228,0.02328
1403636927.351629495620728,0.00826,0.00038,0.00012,0.00683,0.00000,0.00304,0.01864
1403636927.401638269424438,0.00685,0.00028,0.00096,0.00652,0.00005,0.00339,0.01805
1403636927.451642036437988,0.00661,0.00039,0.00014,0.00591,0.00022,0.00243,0.01569
1403636927.501640796661377,0.00669,0.00028,0.00008,0.00603,0.00704,0.00299,0.02312
1403636927.551646947860718,0.00840,0.00044,0.00025,0.00620,0.00985,0.00190,0.02704
1403636927.601649761199951,0.00855,0.00049,0.00018,0.00782,0.00076,0.00256,0.02036
1403636927.651653528213501,0.00704,0.00033,0.00034,0.00753,0.00007,0.00233,0.01764
1403636927.701658487319946,0.00618,0.00021,0.00106,0.00385,0.00007,0.00197,0.01333
1403636927.751663208007812,0.00651,0.00027,0.00007,0.00564,0.00445,0.00298,0.01993
1403636927.801672935485840,0.00679,0.00037,0.00034,0.00642,0.00071,0.00338,0.01801
1403636927.851678371429443,0.00663,0.00059,0.00003,0.00638,0.00195,0.00284,0.01841
1403636927.901689291000366,0.00654,0.00035,0.00003,0.00765,0.00859,0.00287,0.02603
1403636927.951692819595337,0.00624,0.00026,0.00098,0.00524,0.00002,0.00204,0.01479
1403636928.001696109771729,0.00636,0.00049,0.00091,0.00452,0.00057,0.00180,0.01465
1403636928.051699399948120,0.00604,0.00031,0.00061,0.00439,0.00021,0.00181,0.01337
1403636928.101703405380249,0.00637,0.00023,0.00425,0.00429,0.00092,0.00231,0.01838
1403636928.151707887649536,0.00610,0.00042,0.00545,0.00440,0.00381,0.00149,0.02167
1403636928.201711177825928,0.00757,0.00045,0.00005,0.01017,0.00030,0.00313,0.02167
1403636928.251713037490845,0.00636,0.00038,0.00005,0.00797,0.00007,0.00230,0.01714
1403636928.301717281341553,0.00586,0.00029,0.00028,0.00436,0.00118,0.00179,0.01377
1403636928.351718425750732,0.00684,0.00056,0.00055,0.00789,0.00064,0.00288,0.01936
1403636928.401719331741333,0.00780,0.00049,0.00024,0.00658,0.00034,0.00331,0.01875
1403636928.451720952987671,0.00649,0.00057,0.00080,0.00783,0.00025,0.00245,0.01840
1403636928.501725673675537,0.00600,0.00036,0.00006,0.00602,0.00272,0.00264,0.01782
1403636928.551725149154663,0.00621,0.00036,0.00081,0.00708,0.00163,0.00276,0.01884
1403636928.601719141006470,0.00627,0.00056,0.00003,0.00874,0.00000,0.00301,0.01861
1403636928.651716232299805,0.00764,0.00045,0.00190,0.00698,0.00054,0.00300,0.02052
1403636928.701714038848877,0.00670,0.00044,0.00241,0.00580,0.01004,0.00177,0.02717
1403636928.751707077026367,0.00584,0.00038,0.00450,0.00493,0.00148,0.00196,0.01909
1403636928.801706075668335,0.00675,0.00019,0.00009,0.00530,0.00004,0.00183,0.01421
1403636928.851706981658936,0.00722,0.00062,0.00069,0.00945,0.00207,0.00327,0.02333
1403636928.901713609695435,0.00610,0.00030,0.00565,0.00900,0.00636,0.00197,0.02939
1403636928.951725482940674,0.00707,0.00042,0.01128,0.00917,0.00206,0.00232,0.03231
1403636929.001731395721436,0.00732,0.00033,0.00053,0.00704,0.00000,0.00272,0.01794
1403636929.051733732223511,0.00677,0.00020,0.00088,0.00586,0.00000,0.00166,0.01537
1403636929.101736307144165,0.00803,0.00038,0.00020,0.01055,0.00041,0.00335,0.02292
1403636929.151734113693237,0.00610,0.00040,0.00135,0.01013,0.00000,0.00279,0.02078
1403636929.201721429824829,0.00617,0.00038,0.01451,0.00976,0.00628,0.00299,0.04010
1403636929.251715421676636,0.00784,0.00042,0.00016,0.01147,0.00000,0.00309,0.02298
1403636929.301712036132812,0.00730,0.00043,0.00616,0.00904,0.00096,0.00287,0.02675
1403636929.351711511611938,0.00657,0.00036,0.00706,0.00792,0.00179,0.00299,0.02669
1403636929.401713609695435,0.00641,0.00036,0.00027,0.00900,0.00096,0.00247,0.01946
1403636929.451714515686035,0.00619,0.00018,0.00029,0.00546,0.00017,0.00225,0.01454
1403636929.501713991165161,0.00725,0.00038,0.00091,0.00895,0.00486,0.00246,0.02480
1403636929.551714420318604,0.00686,0.00063,0.01003,0.00915,0.00007,0.00276,0.02949
1403636929.601711273193359,0.00596,0.00021,0.00001,0.00617,0.00024,0.00178,0.01437
1403636929.651711702346802,0.00653,0.00040,0.00146,0.01123,0.00000,0.00275,0.02238
1403636929.701711416244507,0.00635,0.00031,0.00012,0.00968,0.00039,0.00361,0.02046
1403636929.751711606979370,0.00654,0.00030,0.00011,0.00964,0.00000,0.00279,0.01937
1403636929.801712751388550,0.00551,0.00021,0.01011,0.00522,0.00466,0.00150,0.02721
1403636929.851710319519043,0.00600,0.00034,0.00002,0.00688,0.00000,0.00218,0.01543
1403636929.901710987091064,0.00682,0.00048,0.00418,0.00972,0.00205,0.00294,0.02620
1403636929.951709270477295,0.00645,0.00032,0.00356,0.00558,0.00000,0.00187,0.01778
1403636930.001705884933472,0.00744,0.00051,0.00013,0.00929,0.00000,0.00306,0.02044
1403636930.051700115203857,0.00605,0.00028,0.00007,0.00618,0.00126,0.00196,0.01581
1403636930.101699590682983,0.00637,0.00031,0.00002,0.00876,0.00000,0.00239,0.01786
1403636930.151699066162109,0.00608,0.00024,0.00379,0.00539,0.00240,0.00176,0.01967
1403636930.201699256896973,0.00722,0.00057,0.00038,0.00947,0.00039,0.00310,0.02112
1403636930.251698493957520,0.00613,0.00036,0.00041,0.00958,0.00000,0.00296,0.01944
1403636930.301698684692383,0.00629,0.00040,0.00015,0.01082,0.00044,0.00281,0.02091
1403636930.351702451705933,0.00620,0.00024,0.00011,0.00565,0.00001,0.00258,0.01479
1403636930.401704788208008,0.00716,0.00037,0.01095,0.00775,0.00714,0.00241,0.03580
1403636930.451707601547241,0.00682,0.00033,0.00002,0.00975,0.00000,0.00289,0.01980
1403636930.501715421676636,0.00596,0.00018,0.00679,0.00556,0.00122,0.00167,0.02139
1403636930.551716327667236,0.00682,0.00040,0.00272,0.01106,0.00193,0.00320,0.02613
1403636930.601716756820679,0.00657,0.00044,0.00028,0.00906,0.00000,0.00238,0.01872
1403636930.651716232299805,0.00716,0.00036,0.00002,0.00881,0.00000,0.00294,0.01929
1403636930.701714754104614,0.00675,0.00039,0.00102,0.00949,0.00000,0.00358,0.02124
1403636930.751715421676636,0.00707,0.00040,0.00307,0.00948,0.00668,0.00274,0.02944
1403636930.801709175109863,0.00666,0.00033,0.00002,0.00694,0.00146,0.00264,0.01806
1403636930.851707935333252,0.00642,0.00020,0.00015,0.00656,0.00000,0.00184,0.01517
1403636930.901705980300903,0.00620,0.00020,0.00001,0.00648,0.00024,0.00173,0.01486
1403636930.951702117919922,0.00685,0.00058,0.00024,0.01163,0.00108,0.00288,0.02325
1403636931.001696586608887,0.00655,0.00039,0.00982,0.01062,0.00604,0.00159,0.03501
1403636931.051696538925171,0.00944,0.00048,0.00112,0.01184,0.00000,0.00367,0.02656
1403636931.101692914962769,0.00757,0.00041,0.00892,0.00902,0.00189,0.00176,0.02957
1403636931.151695728302002,0.00661,0.00032,0.00022,0.01034,0.00224,0.00264,0.02238
1403636931.201695203781128,0.00665,0.00029,0.00019,0.01078,0.00000,0.00275,0.02066
1403636931.251697540283203,0.00719,0.00038,0.00014,0.01213,0.00004,0.00240,0.02228
1403636931.301700353622437,0.00685,0.00061,0.00085,0.01122,0.00000,0.00257,0.02209
1403636931.351697444915771,0.00605,0.00020,0.00511,0.00551,0.00355,0.00193,0.02234
1403636931.401698112487793,0.00691,0.00027,0.00013,0.00630,0.00000,0.00176,0.01536
1403636931.451697826385498,0.00764,0.00037,0.00009,0.01046,0.00000,0.00360,0.02217
1403636931.501696348190308,0.00745,0.00057,0.00073,0.00974,0.00000,0.00262,0.02111
1403636931.551693201065063,0.00724,0.00063,0.00002,0.00974,0.00000,0.00387,0.02151
1403636931.601693630218506,0.00729,0.00031,0.01064,0.00795,0.00559,0.00210,0.03390
1403636931.651695728302002,0.00699,0.00048,0.00002,0.00685,0.00000,0.00159,0.01593
1403636931.701698064804077,0.00724,0.00046,0.00905,0.01064,0.00231,0.00244,0.03215
1403636931.801681518554688,0.00632,0.00061,0.00236,0.00551,0.00000,0.00267,0.01748
1403636931.851683139801025,0.00770,0.00046,0.00005,0.01154,0.00000,0.00275,0.02250
1403636931.901683092117310,0.00671,0.00059,0.00012,0.01020,0.00025,0.00292,0.02079
1403636931.951684474945068,0.00670,0.00042,0.00003,0.01312,0.00000,0.00297,0.02324
1403636932.001658439636230,0.00640,0.00046,0.01460,0.00838,0.00000,0.00168,0.03152
1403636932.051662445068359,0.00621,0.00019,0.00006,0.00671,0.00017,0.00178,0.01512
1403636932.101661920547485,0.00627,0.00037,0.00002,0.01379,0.00000,0.00252,0.02298
1403636932.151663780212402,0.00638,0.00030,0.00002,0.01106,0.00000,0.00257,0.02033
1403636932.201667070388794,0.00692,0.00040,0.00015,0.01075,0.00001,0.00281,0.02104
1403636932.251650094985962,0.00674,0.00041,0.00544,0.00575,0.00135,0.00152,0.02122
1403636932.301651716232300,0.00646,0.00017,0.00001,0.00665,0.00000,0.00176,0.01505
1403636932.351640701293945,0.00650,0.00037,0.00821,0.01102,0.00231,0.00271,0.03113
1403636932.401640892028809,0.00647,0.00041,0.00274,0.01153,0.00000,0.00282,0.02397
1403636932.451641082763672,0.00662,0.00038,0.00002,0.01232,0.00000,0.00257,0.02191
1403636932.501640558242798,0.00636,0.00048,0.00002,0.00680,0.00000,0.00206,0.01573
1403636932.551639556884766,0.00772,0.00045,0.00003,0.01154,0.00000,0.00418,0.02392
1403636932.601641416549683,0.00723,0.00038,0.01271,0.01008,0.00145,0.00168,0.03352
1403636932.651637792587280,0.00702,0.00037,0.00002,0.01509,0.00000,0.00279,0.02530
1403636932.701637744903564,0.00989,0.00047,0.00027,0.01151,0.00027,0.00272,0.02514
1403636932.751637220382690,0.00721,0.00040,0.00024,0.00659,0.00000,0.00158,0.01602
1403636932.801636457443237,0.00721,0.00019,0.00009,0.00662,0.00018,0.00155,0.01585
1403636932.851636648178101,0.00657,0.00021,0.00452,0.00633,0.00137,0.00165,0.02065
1403636932.901636362075806,0.00754,0.00038,0.00009,0.01224,0.00000,0.00301,0.02326
1403636932.951635360717773,0.00727,0.00040,0.00788,0.01020,0.00000,0.00280,0.02855
1403636933.001635074615479,0.00659,0.00030,0.00022,0.00648,0.00000,0.00188,0.01547
1403636933.051634788513184,0.00701,0.00019,0.00019,0.00653,0.00017,0.00202,0.01612
1403636933.101633787155151,0.00725,0.00058,0.00011,0.01261,0.00027,0.00279,0.02361
1403636933.151633024215698,0.00716,0.00040,0.00200,0.01432,0.00002,0.00322,0.02711
1403636933.201636552810669,0.00714,0.00059,0.01205,0.01018,0.00360,0.00157,0.03514
1403636933.251639366149902,0.00679,0.00023,0.01089,0.00668,0.00000,0.00220,0.02679
1403636933.301644802093506,0.00651,0.00020,0.00010,0.00656,0.00029,0.00202,0.01568
1403636933.351646900177002,0.00687,0.00019,0.00004,0.00700,0.00000,0.00148,0.01558
1403636933.401651382446289,0.00636,0.00026,0.00068,0.00644,0.00000,0.00212,0.01587
1403636933.451657772064209,0.00706,0.00031,0.00669,0.00992,0.00123,0.00203,0.02725
1403636933.501657009124756,0.00620,0.00019,0.00006,0.00653,0.00016,0.00353,0.01665
1403636933.551651000976562,0.00617,0.00020,0.00264,0.00635,0.00124,0.00298,0.01959
1403636933.601640939712524,0.00697,0.00036,0.00237,0.01192,0.00027,0.00326,0.02514
1403636933.651639223098755,0.00607,0.00021,0.00001,0.00694,0.00000,0.00144,0.01468
1403636933.701637029647827,0.00675,0.00055,0.00003,0.01314,0.00000,0.00309,0.02356
1403636933.751636981964111,0.00669,0.00029,0.00199,0.01014,0.00024,0.00251,0.02186
1403636933.801638126373291,0.00630,0.00030,0.00520,0.01013,0.00005,0.00261,0.02458
1403636933.851639032363892,0.00578,0.00021,0.00919,0.00655,0.00128,0.00176,0.02477
1403636933.901639461517334,0.00660,0.00042,0.00013,0.01330,0.00032,0.00280,0.02356
1403636933.951638221740723,0.00649,0.00046,0.00002,0.01273,0.00000,0.00267,0.02237
1403636934.051634550094604,0.00643,0.00045,0.00009,0.00737,0.00000,0.00171,0.01605
1403636934.101628541946411,0.00676,0.00024,0.00294,0.00688,0.00000,0.00208,0.01889
1403636934.151622772216797,0.00675,0.00030,0.00032,0.00873,0.00023,0.00281,0.01915
1403636934.201619863510132,0.00532,0.00021,0.00018,0.00599,0.00024,0.00173,0.01368
1403636934.251616001129150,0.00546,0.00018,0.00013,0.00550,0.00011,0.00170,0.01308
1403636934.301613330841064,0.00536,0.00019,0.00001,0.00507,0.00000,0.00155,0.01219
1403636934.351615905761719,0.00589,0.00030,0.00017,0.00792,0.00005,0.00284,0.01716
1403636934.401619434356689,0.00584,0.00028,0.00054,0.00686,0.00022,0.00233,0.01607
1403636934.451622486114502,0.00556,0.00026,0.00007,0.00598,0.00285,0.00281,0.01753
1403636934.501630067825317,0.00587,0.00036,0.00974,0.00705,0.01220,0.00153,0.03676
1403636934.551630973815918,0.00575,0.00051,0.00028,0.00924,0.00027,0.00249,0.01854
1403636934.601634502410889,0.00732,0.00021,0.00022,0.00473,0.00000,0.00204,0.01453
1403636934.651639699935913,0.00628,0.00024,0.00032,0.00483,0.00071,0.00153,0.01390
1403636934.701644420623779,0.00678,0.00021,0.00009,0.00483,0.00454,0.00206,0.01851
1403636934.751647472381592,0.00705,0.00056,0.00003,0.00942,0.00000,0.00280,0.01986
1403636934.801645040512085,0.00716,0.00032,0.00018,0.00799,0.00364,0.00334,0.02262
1403636934.851642608642578,0.00696,0.00058,0.00109,0.00826,0.00016,0.00258,0.01962
1403636934.901638031005859,0.00715,0.00037,0.00010,0.00948,0.00000,0.00299,0.02009
1403636934.951632022857666,0.00670,0.00031,0.00037,0.00843,0.00208,0.00275,0.02063
1403636935.001622438430786,0.00641,0.00030,0.00012,0.00846,0.00026,0.00300,0.01855
1403636935.051610946655273,0.00664,0.00033,0.00049,0.00836,0.00073,0.00302,0.01957
1403636935.101597547531128,0.00637,0.00030,0.00679,0.00843,0.00401,0.00169,0.02759
1403636935.151585102081299,0.00584,0.00018,0.01205,0.00529,0.00465,0.00169,0.02971
1403636935.201585292816162,0.00671,0.00040,0.00003,0.01097,0.00000,0.00289,0.02100
1403636935.251585960388184,0.00709,0.00021,0.00041,0.00645,0.00001,0.00218,0.01635
1403636935.301589965820312,0.00757,0.00039,0.00012,0.01134,0.00033,0.00350,0.02326
1403636935.351594448089600,0.00581,0.00036,0.00005,0.00668,0.00000,0.00179,0.01469
1403636935.401596069335938,0.00595,0.00031,0.00002,0.01160,0.00217,0.00164,0.02170
1403636935.451598644256592,0.00535,0.00030,0.00129,0.00667,0.00008,0.00173,0.01542
1403636935.501600742340088,0.00636,0.00039,0.00003,0.01286,0.00000,0.00299,0.02263
1403636935.551602602005005,0.00538,0.00034,0.00026,0.00663,0.00038,0.00176,0.01477
1403636935.601603269577026,0.00567,0.00018,0.00001,0.00704,0.00000,0.00197,0.01487
1403636935.651603698730469,0.00650,0.00037,0.00335,0.01204,0.00010,0.00288,0.02523
1403636935.701600790023804,0.00599,0.00029,0.00737,0.01090,0.00012,0.00286,0.02753
1403636935.751596450805664,0.00559,0.00034,0.01115,0.00603,0.00138,0.00167,0.02617
1403636935.801594257354736,0.00645,0.00039,0.00003,0.01171,0.00000,0.00294,0.02152
1403636935.851591110229492,0.00634,0.00032,0.00037,0.01063,0.00126,0.00290,0.02183
1403636935.901586771011353,0.00743,0.00040,0.00014,0.01181,0.00032,0.00343,0.02353
1403636935.951580286026001,0.00624,0.00020,0.00022,0.00653,0.00017,0.00192,0.01528
1403636936.001577615737915,0.00633,0.00036,0.00002,0.01300,0.00008,0.00278,0.02257
1403636936.051578283309937,0.00611,0.00044,0.00249,0.01069,0.00007,0.00276,0.02256
1403636936.101578950881958,0.00629,0.00038,0.00114,0.01035,0.00026,0.00293,0.02134
1403636936.151584625244141,0.00612,0.00033,0.00057,0.00982,0.00042,0.00299,0.02026
1403636936.201592683792114,0.00615,0.00028,0.00002,0.01004,0.00000,0.00294,0.01943
1403636936.251602888107300,0.00647,0.00038,0.00076,0.01090,0.00252,0.00292,0.02395
1403636936.301613569259644,0.00634,0.00035,0.00845,0.00994,0.00049,0.00205,0.02763
1403636936.351633548736572,0.00560,0.00019,0.01050,0.00571,0.00357,0.00154,0.02711
1403636936.401638269424438,0.00621,0.00040,0.00011,0.01331,0.00027,0.00306,0.02336
1403636936.451638221740723,0.00609,0.00045,0.00045,0.01141,0.00000,0.00265,0.02104
1403636936.501635074615479,0.00606,0.00030,0.00225,0.01109,0.00003,0.00281,0.02255
1403636936.551633358001709,0.00630,0.00038,0.00050,0.01390,0.00045,0.00316,0.02468
1403636936.601632833480835,0.00618,0.00038,0.00003,0.01153,0.00008,0.00284,0.02104
1403636936.651626586914062,0.00591,0.00039,0.00445,0.01084,0.00010,0.00281,0.02450
1403636936.701623201370239,0.00608,0.00038,0.00011,0.01242,0.00027,0.00291,0.02217
1403636936.751621961593628,0.00590,0.00028,0.00049,0.01120,0.00146,0.00267,0.02200
1403636936.801621675491333,0.00579,0.00030,0.00002,0.01149,0.00000,0.00281,0.02042
1403636936.851621627807617,0.00626,0.00055,0.00125,0.01114,0.00028,0.00257,0.02204
1403636936.901619672775269,0.00638,0.00039,0.00958,0.01039,0.00011,0.00267,0.02954
1403636936.951618432998657,0.00709,0.00027,0.01246,0.00614,0.00239,0.00170,0.03006
1403636937.001619100570679,0.00650,0.00039,0.00011,0.01176,0.00028,0.00270,0.02173
1403636937.051619768142700,0.00526,0.00021,0.00015,0.00658,0.00000,0.00154,0.01375
1403636937.101619482040405,0.00582,0.00033,0.00025,0.00664,0.00005,0.00209,0.01518
1403636937.151616811752319,0.00642,0.00026,0.00048,0.00664,0.00016,0.00165,0.01561
1403636937.201615810394287,0.00596,0.00033,0.00002,0.01090,0.00009,0.00317,0.02047
1403636937.251616716384888,0.00516,0.00042,0.00037,0.00635,0.00170,0.00176,0.01576
1403636937.301616191864014,0.00553,0.00021,0.00015,0.00639,0.00015,0.00241,0.01483
1403636937.351615905761719,0.00638,0.00038,0.00092,0.01251,0.00237,0.00272,0.02529
1403636937.401616573333740,0.00650,0.00029,0.00002,0.01125,0.00000,0.00257,0.02064
1403636937.451616525650024,0.00524,0.00020,0.00036,0.00623,0.00020,0.00147,0.01370
1403636937.501616716384888,0.00569,0.00050,0.00913,0.01064,0.00011,0.00264,0.02872
1403636937.551617383956909,0.00555,0.00030,0.01249,0.01006,0.00123,0.00184,0.03147
1403636937.601617574691772,0.00671,0.00031,0.00009,0.01099,0.00027,0.00312,0.02149
1403636937.651618957519531,0.00608,0.00044,0.00015,0.01079,0.00007,0.00260,0.02013
1403636937.701620340347290,0.00908,0.00036,0.00208,0.00922,0.00011,0.00342,0.02428
1403636937.751618385314941,0.00659,0.00042,0.00014,0.01083,0.00006,0.00235,0.02039
1403636937.801615715026855,0.00794,0.00045,0.00051,0.01011,0.00006,0.00272,0.02179
1403636937.851614713668823,0.00650,0.00022,0.00002,0.00578,0.00051,0.00220,0.01523
1403636937.901611328125000,0.00652,0.00038,0.00011,0.00509,0.00001,0.00170,0.01381
1403636937.951607942581177,0.00692,0.00034,0.00006,0.00560,0.00023,0.00178,0.01492
1403636938.001605033874512,0.00762,0.00031,0.00008,0.00830,0.00000,0.00295,0.01926
1403636938.051604986190796,0.00711,0.00027,0.00008,0.00746,0.00049,0.00259,0.01800
1403636938.101603984832764,0.00722,0.00050,0.00230,0.00838,0.00524,0.00251,0.02616
1403636938.151604413986206,0.00671,0.00029,0.00963,0.00760,0.00352,0.00144,0.02920
1403636938.201602697372437,0.01014,0.00044,0.00010,0.01028,0.00000,0.00268,0.02364
1403636938.251601457595825,0.00775,0.00034,0.00574,0.00771,0.00120,0.00175,0.02450
1403636938.301602363586426,0.00899,0.00036,0.00009,0.00952,0.00198,0.00349,0.02444
1403636938.351603269577026,0.00793,0.00062,0.00005,0.01018,0.00033,0.00284,0.02195
1403636938.401604413986206,0.00809,0.00040,0.00020,0.01099,0.00006,0.00318,0.02293
1403636938.451603651046753,0.00742,0.00023,0.00046,0.00559,0.00041,0.00216,0.01627
1403636938.501600027084351,0.00763,0.00035,0.00031,0.01054,0.00004,0.00314,0.02202
1403636938.551599025726318,0.00769,0.00040,0.00033,0.01007,0.00003,0.00366,0.02218
1403636938.601598262786865,0.00726,0.00029,0.00012,0.00963,0.00000,0.00330,0.02060
1403636938.651598930358887,0.00739,0.00041,0.00010,0.00693,0.00011,0.00244,0.01738
1403636938.701597690582275,0.00729,0.00038,0.00279,0.01085,0.00288,0.00328,0.02748
1403636938.751594305038452,0.00699,0.00046,0.02159,0.00560,0.00129,0.00179,0.03772
1403636938.801594018936157,0.00684,0.00020,0.00074,0.00606,0.00180,0.00250,0.01815
1403636938.851599931716919,0.00682,0.00020,0.00277,0.00639,0.00008,0.00191,0.01815
1403636938.901600599288940,0.00787,0.00037,0.00005,0.00971,0.00007,0.00286,0.02093
1403636938.951600790023804,0.00732,0.00036,0.00016,0.00876,0.00034,0.00255,0.01949
1403636939.001599788665771,0.00734,0.00057,0.00041,0.00785,0.00008,0.00259,0.01885
1403636939.051599979400635,0.00685,0.00031,0.00019,0.00752,0.00209,0.00273,0.01970
1403636939.101598978042603,0.00603,0.00020,0.00087,0.00479,0.00003,0.00163,0.01354
1403636939.151597261428833,0.00597,0.00031,0.00040,0.00462,0.00182,0.00174,0.01487
1403636939.201595067977905,0.00592,0.00022,0.00034,0.00479,0.00000,0.00180,0.01308
1403636939.251594305038452,0.00635,0.00032,0.00024,0.00754,0.00019,0.00324,0.01788
1403636939.301590919494629,0.00631,0.00042,0.00163,0.00737,0.00415,0.00270,0.02259
1403636939.351586580276489,0.00585,0.00022,0.01191,0.00417,0.00644,0.00172,0.03030
1403636939.401585817337036,0.00622,0.00056,0.00010,0.01005,0.00009,0.00272,0.01973
1403636939.451585292816162,0.00590,0.00039,0.00556,0.00941,0.00011,0.00273,0.02410
1403636939.501584291458130,0.00621,0.00028,0.00009,0.00959,0.00007,0.00273,0.01897
1403636939.551582813262939,0.00623,0.00030,0.00013,0.00911,0.00205,0.00310,0.02091
1403636939.601582288742065,0.00595,0.00021,0.00002,0.00529,0.00128,0.00162,0.01436
1403636939.651581048965454,0.00590,0.00039,0.00013,0.00565,0.00123,0.00147,0.01478
1403636939.701581001281738,0.00530,0.00019,0.00009,0.00575,0.00004,0.00175,0.01311
1403636939.751581430435181,0.00608,0.00029,0.00002,0.00954,0.00000,0.00281,0.01874
1403636939.801581621170044,0.00590,0.00028,0.00022,0.00932,0.00026,0.00254,0.01852
1403636939.851583957672119,0.00642,0.00042,0.00015,0.00852,0.00202,0.00254,0.02007
1403636939.901583194732666,0.00588,0.00021,0.00190,0.00562,0.00019,0.00197,0.01578
1403636939.951588392257690,0.01112,0.00037,0.01581,0.00564,0.00346,0.00225,0.03865
1403636940.001588582992554,0.00718,0.00021,0.00040,0.00615,0.00000,0.00157,0.01551
1403636940.051588058471680,0.00801,0.00061,0.00652,0.00845,0.00356,0.00287,0.03003
1403636940.101587295532227,0.00735,0.00039,0.00087,0.01196,0.00266,0.00326,0.02651
1403636940.151587963104248,0.00649,0.00039,0.00038,0.00571,0.00023,0.00188,0.01508
1403636940.201587438583374,0.00744,0.00108,0.00078,0.00901,0.00008,0.00441,0.02280
1403636940.251586914062500,0.00828,0.00057,0.00043,0.00895,0.00000,0.00284,0.02107
1403636940.301586627960205,0.00663,0.00021,0.00052,0.00482,0.00023,0.00234,0.01476
1403636940.351586103439331,0.00699,0.00033,0.00196,0.00782,0.00000,0.00349,0.02059
1403636940.401585340499878,0.00665,0.00055,0.00463,0.00701,0.00000,0.00289,0.02173
1403636940.451585531234741,0.00680,0.00037,0.00018,0.00822,0.00019,0.00323,0.01898
1403636940.501584529876709,0.00635,0.00027,0.01009,0.00634,0.00787,0.00181,0.03274
1403636940.551584482192993,0.00579,0.00020,0.00551,0.00425,0.00905,0.00158,0.02638
1403636940.601583957672119,0.00603,0.00032,0.00015,0.01022,0.00000,0.00282,0.01954
1403636940.651583671569824,0.00677,0.00043,0.00249,0.00914,0.00303,0.00324,0.02511
1403636940.701583147048950,0.00966,0.00022,0.00025,0.00563,0.00002,0.00204,0.01781
1403636940.751583099365234,0.00700,0.00030,0.00037,0.00851,0.00210,0.00247,0.02075
1403636940.801583528518677,0.00728,0.00027,0.00018,0.00839,0.00036,0.00245,0.01893
1403636940.851583957672119,0.00702,0.00028,0.00028,0.00775,0.00000,0.00255,0.01788
1403636940.901584386825562,0.00667,0.00037,0.00055,0.00848,0.00173,0.00279,0.02060
1403636940.951588869094849,0.00690,0.00029,0.00070,0.00914,0.00000,0.00275,0.01978
1403636941.001586437225342,0.00718,0.00039,0.00285,0.00850,0.00000,0.00280,0.02173
1403636941.051587820053101,0.00820,0.00046,0.00181,0.00846,0.00018,0.00289,0.02200
1403636941.101590633392334,0.00619,0.00018,0.00374,0.00437,0.00188,0.00171,0.01806
1403636941.151589393615723,0.00609,0.00022,0.00654,0.00792,0.00595,0.00168,0.02841
1403636941.201588869094849,0.00631,0.00051,0.00293,0.00937,0.00003,0.00300,0.02216
1403636941.251589298248291,0.00602,0.00033,0.01411,0.00791,0.00253,0.00158,0.03247
1403636941.301589488983154,0.01020,0.00031,0.00024,0.01038,0.00219,0.00225,0.02556
1403636941.351589679718018,0.00704,0.00037,0.00004,0.00596,0.00139,0.00244,0.01724
1403636941.401591300964355,0.00711,0.00033,0.00015,0.01051,0.00195,0.00290,0.02295
1403636941.451594114303589,0.00858,0.00048,0.00081,0.01065,0.00024,0.00338,0.02415
1403636941.501595973968506,0.00679,0.00028,0.00112,0.00890,0.00006,0.00250,0.01966
1403636941.551597356796265,0.00669,0.00030,0.00054,0.00883,0.00004,0.00302,0.01942
1403636941.601600170135498,0.00618,0.00026,0.00002,0.00892,0.00000,0.00279,0.01816
1403636941.651602029800415,0.00682,0.00045,0.00012,0.01120,0.00017,0.00275,0.02151
1403636941.701604127883911,0.00727,0.00046,0.00709,0.00948,0.00025,0.00355,0.02811
1403636941.751605749130249,0.00693,0.00038,0.00125,0.00984,0.01010,0.00284,0.03134
1403636941.801606178283691,0.00633,0.00030,0.00492,0.01106,0.00000,0.00216,0.02479
1403636941.851610898971558,0.00648,0.00023,0.01316,0.00655,0.00123,0.00218,0.02983
1403636941.901610612869263,0.00657,0.00033,0.00002,0.00759,0.00000,0.00189,0.01640
1403636941.951609849929810,0.00620,0.00039,0.00014,0.01251,0.00039,0.00280,0.02243
1403636942.001606941223145,0.00588,0.00029,0.00007,0.01082,0.00000,0.00279,0.01987
1403636942.051605701446533,0.00599,0.00038,0.00019,0.01211,0.00026,0.00275,0.02167
1403636942.101603269577026,0.00597,0.00037,0.00022,0.01235,0.00044,0.00285,0.02221
1403636942.151602029800415,0.00604,0.00029,0.00018,0.01039,0.00214,0.00257,0.02162
1403636942.201601505279541,0.00609,0.00039,0.00014,0.01251,0.00004,0.00237,0.02154
1403636942.251602172851562,0.00599,0.00056,0.00257,0.01137,0.00014,0.00246,0.02309
1403636942.301600217819214,0.00585,0.00027,0.00530,0.00906,0.00014,0.00244,0.02306
1403636942.351599931716919,0.01012,0.00038,0.00098,0.01027,0.00005,0.00296,0.02475
1403636942.401599407196045,0.00727,0.00109,0.00033,0.00874,0.00212,0.00413,0.02368
1403636942.451598882675171,0.00765,0.00028,0.01227,0.00738,0.00359,0.00181,0.03298
1403636942.501598596572876,0.00703,0.00025,0.00038,0.00570,0.00019,0.00199,0.01554
1403636942.551596641540527,0.00659,0.00030,0.00020,0.00991,0.00038,0.00276,0.02015
1403636942.601594448089600,0.00647,0.00041,0.00016,0.01031,0.00000,0.00297,0.02033
1403636942.651593208312988,0.00688,0.00040,0.00021,0.01147,0.00000,0.00336,0.02232
1403636942.701591730117798,0.00617,0.00030,0.00077,0.00959,0.00251,0.00290,0.02225
1403636942.751591920852661,0.00660,0.00037,0.00010,0.00932,0.00008,0.00342,0.01990
1403636942.801592350006104,0.00538,0.00033,0.00042,0.00467,0.00117,0.00170,0.01366
1403636942.851593017578125,0.00521,0.00019,0.00032,0.00427,0.00018,0.00182,0.01199
1403636942.901591062545776,0.00637,0.00044,0.01515,0.00373,0.00460,0.00156,0.03185
1403636942.951591491699219,0.00617,0.00037,0.00016,0.00935,0.00004,0.00302,0.01911
1403636943.001593828201294,0.00615,0.00045,0.00040,0.00598,0.00036,0.00278,0.01612
1403636943.051596164703369,0.00918,0.00027,0.00522,0.00509,0.00675,0.00187,0.02839
1403636943.101597547531128,0.00749,0.00033,0.00074,0.00711,0.00053,0.00262,0.01881
1403636943.151599168777466,0.00719,0.00038,0.00048,0.00721,0.00034,0.00282,0.01843
1403636943.201600074768066,0.00694,0.00028,0.00046,0.00542,0.00000,0.00279,0.01590
1403636943.251599311828613,0.00634,0.00041,0.00061,0.00525,0.00021,0.00280,0.01563
1403636943.301599502563477,0.00683,0.00038,0.00026,0.00633,0.00035,0.00305,0.01720
1403636943.351599216461182,0.00613,0.00038,0.00016,0.00344,0.00005,0.00227,0.01244
1403636943.401597738265991,0.00626,0.00034,0.00079,0.00323,0.00000,0.00191,0.01252
1403636943.451598167419434,0.00588,0.00031,0.00019,0.00329,0.00010,0.00186,0.01162
1403636943.501596689224243,0.00575,0.00034,0.00150,0.00459,0.01697,0.00148,0.03062
1403636943.551596403121948,0.00810,0.00048,0.00058,0.00899,0.00000,0.00258,0.02073
1403636943.601595878601074,0.00660,0.00028,0.01316,0.00475,0.00288,0.00191,0.02960
1403636943.651595354080200,0.00610,0.00039,0.00330,0.00534,0.00007,0.00171,0.01691
1403636943.701595783233643,0.00860,0.00028,0.00022,0.00546,0.00044,0.00222,0.01722
1403636943.751595735549927,0.00745,0.00056,0.00062,0.01031,0.00240,0.00276,0.02411
1403636943.801593542098999,0.00736,0.00049,0.00029,0.00908,0.00001,0.00287,0.02011
1403636943.851590156555176,0.00693,0.00029,0.00077,0.00887,0.00000,0.00320,0.02007
1403636943.901587486267090,0.00696,0.00029,0.00040,0.00713,0.00097,0.00266,0.01841
1403636943.951580524444580,0.00641,0.00020,0.00062,0.00480,0.00123,0.00206,0.01531
1403636944.001574993133545,0.00709,0.00037,0.00390,0.00790,0.00003,0.00273,0.02203
1403636944.051572561264038,0.00683,0.00036,0.00122,0.00769,0.00037,0.00308,0.01955
1403636944.101566076278687,0.00621,0.00027,0.00385,0.00626,0.00605,0.00255,0.02518
1403636944.151565790176392,0.00691,0.00034,0.00144,0.00868,0.00003,0.00284,0.02025
1403636944.201561450958252,0.00601,0.00119,0.01608,0.00739,0.00235,0.00384,0.03686
1403636944.251566886901855,0.00688,0.00036,0.00881,0.00456,0.00357,0.00162,0.02581
1403636944.301569938659668,0.00571,0.00021,0.00018,0.00513,0.00041,0.00156,0.01321
1403636944.351572036743164,0.00612,0.00039,0.00003,0.01074,0.00040,0.00317,0.02084
1403636944.401575088500977,0.00730,0.00030,0.00002,0.00966,0.00020,0.00255,0.02003
1403636944.451579093933105,0.00579,0.00020,0.00001,0.00537,0.00000,0.00145,0.01283
1403636944.501581668853760,0.00823,0.00031,0.00003,0.00800,0.00007,0.00290,0.01954
1403636944.551583290100098,0.00641,0.00036,0.00041,0.00496,0.00095,0.00163,0.01472
1403636944.601580142974854,0.00698,0.00031,0.00125,0.00787,0.00008,0.00323,0.01972
1403636944.651575565338135,0.00667,0.00029,0.00028,0.00527,0.00009,0.00191,0.01451
1403636944.701575517654419,0.00761,0.00057,0.00008,0.00827,0.00403,0.00348,0.02405
1403636944.751573562622070,0.00656,0.00019,0.00006,0.00511,0.00004,0.00154,0.01349
1403636944.801570653915405,0.00639,0.00055,0.01060,0.00855,0.00548,0.00278,0.03435
1403636944.851566076278687,0.00653,0.00044,0.01227,0.00947,0.00007,0.00164,0.03043
1403636944.901569366455078,0.00639,0.00037,0.00021,0.01184,0.00273,0.00336,0.02491
1403636944.951570272445679,0.00647,0.00024,0.00002,0.00589,0.00024,0.00188,0.01474
1403636945.001571655273438,0.00621,0.00038,0.00003,0.01195,0.00133,0.00267,0.02256
1403636945.051574945449829,0.00620,0.00054,0.01027,0.00973,0.00004,0.00176,0.02854
1403636945.101577758789062,0.00716,0.00029,0.00002,0.00605,0.00006,0.00287,0.01644
1403636945.151579618453979,0.00668,0.00035,0.00003,0.01192,0.00133,0.00306,0.02337
1403636945.201581478118896,0.00691,0.00030,0.00014,0.00965,0.00000,0.00253,0.01955
1403636945.251581192016602,0.00634,0.00044,0.00288,0.01129,0.00000,0.00296,0.02391
1403636945.301582574844360,0.00617,0.00043,0.00011,0.01066,0.00000,0.00266,0.02004
1403636945.351580858230591,0.00622,0.00030,0.00012,0.01055,0.00000,0.00280,0.02000
1403636945.401578664779663,0.00651,0.00045,0.00972,0.01035,0.00000,0.00317,0.03019
1403636945.451579332351685,0.00645,0.00041,0.00728,0.00602,0.00000,0.00235,0.02252
1403636945.501579284667969,0.00561,0.00020,0.00006,0.00619,0.00000,0.00213,0.01420
1403636945.551580667495728,0.00627,0.00031,0.00047,0.01047,0.00000,0.00287,0.02040
1403636945.601580858230591,0.00681,0.00042,0.00002,0.01078,0.00000,0.00261,0.02065
1403636945.651580572128296,0.00644,0.00040,0.01052,0.01042,0.00000,0.00317,0.03096
1403636945.701579332351685,0.00670,0.00059,0.00015,0.01396,0.00000,0.00282,0.02423
1403636945.751577854156494,0.00602,0.00027,0.00002,0.00966,0.00000,0.00250,0.01847
1403636945.801576375961304,0.00669,0.00040,0.00020,0.01201,0.00000,0.00293,0.02223
1403636945.851576805114746,0.00635,0.00051,0.00025,0.01068,0.00000,0.00282,0.02060
1403636945.901576757431030,0.00700,0.00039,0.00015,0.01205,0.00000,0.00417,0.02377
1403636945.951574563980103,0.00758,0.00019,0.00006,0.00588,0.00000,0.00168,0.01540
1403636946.001570463180542,0.00602,0.00032,0.00806,0.00951,0.00003,0.00169,0.02562
1403636946.051568746566772,0.00619,0.00029,0.00929,0.00577,0.00005,0.00188,0.02347
1403636946.101567745208740,0.00618,0.00018,0.00008,0.00522,0.00005,0.00153,0.01324
1403636946.151566982269287,0.00654,0.00055,0.00003,0.01039,0.00039,0.00295,0.02084
1403636946.201567649841309,0.00550,0.00031,0.00008,0.00502,0.00002,0.00155,0.01250
1403636946.251568794250488,0.00591,0.00037,0.00883,0.00811,0.00214,0.00195,0.02731
1403636946.301569700241089,0.00633,0.00031,0.00002,0.00888,0.00009,0.00274,0.01837
1403636946.351570129394531,0.00627,0.00038,0.00006,0.00514,0.00001,0.00225,0.01410
1403636946.401571989059448,0.00707,0.00050,0.00016,0.00925,0.00013,0.00337,0.02048
1403636946.451573610305786,0.00656,0.00047,0.00003,0.00782,0.00197,0.00260,0.01945
1403636946.501574039459229,0.00651,0.00022,0.00006,0.00548,0.00005,0.00187,0.01419
1403636946.551574707031250,0.00675,0.00034,0.00001,0.00532,0.00005,0.00179,0.01426
1403636946.601576089859009,0.00572,0.00031,0.00898,0.00649,0.00142,0.00197,0.02489
1403636946.651577949523926,0.00561,0.00037,0.00750,0.00493,0.00036,0.00169,0.02048
1403636946.701577663421631,0.00649,0.00040,0.00003,0.00846,0.00192,0.00264,0.01994
1403636946.751578569412231,0.00614,0.00050,0.00023,0.00571,0.00023,0.00167,0.01448
1403636946.801580429077148,0.00621,0.00029,0.00016,0.00737,0.00188,0.00267,0.01859
1403636946.851583957672119,0.00663,0.00038,0.00744,0.00701,0.00275,0.00217,0.02638
1403636946.901583671569824,0.00683,0.00051,0.00018,0.00783,0.00009,0.00263,0.01807
1403636946.951589107513428,0.00658,0.00056,0.00019,0.00915,0.00130,0.00286,0.02065
1403636947.001588344573975,0.00610,0.00030,0.00018,0.00793,0.00112,0.00269,0.01833
1403636947.051586389541626,0.00645,0.00061,0.00003,0.00776,0.00015,0.00248,0.01749
1403636947.101582527160645,0.00676,0.00039,0.00175,0.00799,0.00008,0.00348,0.02046
1403636947.151576042175293,0.00583,0.00046,0.00009,0.00710,0.00009,0.00309,0.01666
1403636947.201568126678467,0.00588,0.00031,0.00566,0.00640,0.00504,0.00151,0.02480
1403636947.251556396484375,0.00622,0.00053,0.01223,0.00714,0.00246,0.00275,0.03132
1403636947.301551818847656,0.00909,0.00056,0.00039,0.00783,0.00027,0.00296,0.02111
1403636947.351551294326782,0.00700,0.00051,0.00022,0.00779,0.00037,0.00324,0.01913
1403636947.401552677154541,0.00618,0.00029,0.00002,0.00766,0.00138,0.00283,0.01837
1403636947.451556205749512,0.00602,0.00019,0.00135,0.00430,0.00630,0.00192,0.02008
1403636947.501565456390381,0.00703,0.00038,0.00022,0.01016,0.00000,0.00333,0.02112
1403636947.551573991775513,0.00686,0.00038,0.00058,0.01290,0.00000,0.00329,0.02402
1403636947.601578235626221,0.00648,0.00026,0.00139,0.00599,0.00000,0.00286,0.01699
1403636947.651577949523926,0.00763,0.00032,0.00024,0.01012,0.00000,0.00285,0.02116
1403636947.701577663421631,0.00669,0.00131,0.00157,0.01273,0.00000,0.00396,0.02625
1403636947.751575946807861,0.00715,0.00030,0.00013,0.01001,0.00000,0.00300,0.02060
1403636947.801572561264038,0.00665,0.00031,0.00028,0.00999,0.00000,0.00270,0.01993
1403636947.851566076278687,0.00631,0.00030,0.01994,0.00558,0.00000,0.00184,0.03397
1403636947.901565790176392,0.00758,0.00044,0.00037,0.00940,0.00000,0.00356,0.02135
1403636947.951564788818359,0.00638,0.00027,0.00043,0.00863,0.00000,0.00300,0.01871
1403636948.001563787460327,0.00599,0.00027,0.00016,0.00850,0.00003,0.00287,0.01783
1403636948.051561117172241,0.00753,0.00044,0.00127,0.00998,0.00005,0.00372,0.02300
1403636948.101560115814209,0.00660,0.00031,0.00011,0.00967,0.00007,0.00301,0.01977
1403636948.151560306549072,0.00581,0.00030,0.00002,0.00952,0.00008,0.00276,0.01850
1403636948.201560497283936,0.00632,0.00043,0.00014,0.00892,0.00203,0.00343,0.02128
1403636948.251560211181641,0.00610,0.00029,0.00020,0.00911,0.00000,0.00290,0.01860
1403636948.301559925079346,0.00629,0.00086,0.00011,0.00875,0.00000,0.00359,0.01962
1403636948.351559400558472,0.00702,0.00041,0.00031,0.00847,0.00000,0.00279,0.01900
1403636948.401559591293335,0.00604,0.00028,0.00173,0.00807,0.00028,0.00283,0.01923
1403636948.451559305191040,0.00626,0.00022,0.01164,0.00530,0.00123,0.00193,0.02658
1403636948.501559495925903,0.00804,0.00057,0.00011,0.01000,0.00005,0.00424,0.02301
1403636948.551559448242188,0.00675,0.00021,0.00002,0.00578,0.00022,0.00233,0.01532
1403636948.601560592651367,0.00592,0.00046,0.00009,0.00574,0.00156,0.00255,0.01631
1403636948.651560306549072,0.00740,0.00032,0.00236,0.00916,0.00000,0.00352,0.02276
1403636948.701558351516724,0.00592,0.00030,0.00017,0.00971,0.00000,0.00258,0.01868
1403636948.751555919647217,0.00614,0.00027,0.00050,0.00868,0.00001,0.00265,0.01825
1403636948.801554203033447,0.00590,0.00031,0.00009,0.00617,0.00004,0.00148,0.01400
1403636948.851554393768311,0.00660,0.00029,0.00022,0.00591,0.00003,0.00246,0.01551
1403636948.901555061340332,0.00701,0.00045,0.00005,0.01153,0.00009,0.00306,0.02219
1403636948.951553821563721,0.00632,0.00032,0.00009,0.00962,0.00115,0.00308,0.02057
1403636949.001556873321533,0.00810,0.00031,0.00732,0.00928,0.00004,0.00159,0.02665
1403636949.051563501358032,0.00694,0.00051,0.02230,0.00925,0.00035,0.00228,0.04162
1403636949.101565361022949,0.00656,0.00022,0.00084,0.00552,0.00017,0.00238,0.01571
1403636949.151565551757812,0.00577,0.00051,0.00007,0.00962,0.00036,0.00212,0.01845
1403636949.201567173004150,0.00600,0.00030,0.00008,0.00954,0.00005,0.00302,0.01898
1403636949.251566648483276,0.00582,0.00019,0.00212,0.00556,0.00122,0.00155,0.01646
1403636949.301567077636719,0.00605,0.00030,0.00021,0.01031,0.00000,0.00219,0.01906
1403636949.351566076278687,0.00601,0.00040,0.00003,0.01074,0.00000,0.00255,0.01972
1403636949.401565313339233,0.00647,0.00046,0.00019,0.01045,0.00000,0.00299,0.02056
1403636949.451564788818359,0.00560,0.00028,0.00048,0.00783,0.00001,0.00240,0.01660
1403636949.501564264297485,0.00786,0.00024,0.00046,0.00477,0.00151,0.00232,0.01716
1403636949.551564455032349,0.00578,0.00036,0.00421,0.00500,0.00003,0.00177,0.01715
1403636949.601564168930054,0.00741,0.00060,0.00148,0.00799,0.00058,0.00407,0.02213
1403636949.651565551757812,0.00756,0.00045,0.01610,0.00596,0.00139,0.00210,0.03357
1403636949.701565027236938,0.00682,0.00038,0.00043,0.00973,0.00162,0.00364,0.02263
1403636949.751564502716064,0.00698,0.00038,0.00040,0.00949,0.00056,0.00372,0.02152
1403636949.801565170288086,0.00703,0.00036,0.00018,0.00825,0.00105,0.00363,0.02050
1403636949.851565122604370,0.00654,0.00033,0.00042,0.00768,0.00170,0.00292,0.01960
1403636949.901564359664917,0.00553,0.00020,0.00020,0.00396,0.00008,0.00172,0.01169
1403636949.951564073562622,0.00580,0.00046,0.00009,0.00489,0.00000,0.00193,0.01317
1403636950.001564264297485,0.00874,0.00027,0.00069,0.00403,0.00003,0.00257,0.01633
1403636950.051565885543823,0.00737,0.00036,0.00989,0.00719,0.00822,0.00279,0.03582
1403636950.101567029953003,0.00746,0.00053,0.00047,0.00696,0.00005,0.00390,0.01939
1403636950.151568651199341,0.00699,0.00036,0.00017,0.00782,0.00535,0.00255,0.02324
1403636950.201568365097046,0.00962,0.00038,0.00012,0.00889,0.00250,0.00279,0.02429
1403636950.251573801040649,0.00708,0.00038,0.01742,0.00776,0.00022,0.00280,0.03567
1403636950.301573991775513,0.00725,0.00055,0.00024,0.00847,0.00128,0.00280,0.02059
1403636950.351573705673218,0.00683,0.00021,0.00010,0.00488,0.00003,0.00178,0.01384
1403636950.401573419570923,0.00631,0.00021,0.00089,0.00452,0.00000,0.00189,0.01382
1403636950.451573133468628,0.00775,0.00061,0.00020,0.00980,0.00178,0.00396,0.02410
1403636950.501571416854858,0.00679,0.00044,0.00165,0.01074,0.00017,0.00331,0.02310
1403636950.551571130752563,0.00685,0.00036,0.00354,0.00425,0.00064,0.00178,0.01743
1403636950.601569652557373,0.00769,0.00045,0.00237,0.00824,0.00005,0.00361,0.02242
1403636950.651568412780762,0.00650,0.00058,0.01062,0.00872,0.00164,0.00274,0.03079
1403636950.701567411422729,0.00929,0.00061,0.00208,0.01053,0.00007,0.00327,0.02584
1403636950.751565694808960,0.00849,0.00041,0.01102,0.00769,0.00215,0.00310,0.03287
1403636950.801564693450928,0.00712,0.00020,0.00008,0.00488,0.00062,0.00180,0.01470
1403636950.851561784744263,0.00687,0.00042,0.01759,0.00722,0.00017,0.00254,0.03481
1403636950.901562690734863,0.00648,0.00030,0.00057,0.00708,0.00005,0.00247,0.01695
1403636950.951562166213989,0.00684,0.00048,0.00020,0.00790,0.00006,0.00297,0.01846
1403636951.001560926437378,0.00713,0.00041,0.00013,0.00869,0.00001,0.00277,0.01914
1403636951.051559448242188,0.00627,0.00031,0.00086,0.00589,0.00041,0.00285,0.01660
1403636951.101560115814209,0.00639,0.00037,0.00106,0.00675,0.00016,0.00336,0.01809
1403636951.151564359664917,0.00984,0.00036,0.00143,0.00502,0.00413,0.00400,0.02478
1403636951.201569795608521,0.00804,0.00032,0.00021,0.00600,0.00028,0.00322,0.01807
1403636951.251573801040649,0.00689,0.00038,0.01543,0.00658,0.00733,0.00289,0.03950
1403636951.301577568054199,0.00620,0.00022,0.00021,0.00411,0.00074,0.00191,0.01339
1403636951.351577997207642,0.00736,0.00052,0.00722,0.00632,0.00136,0.00346,0.02623
1403636951.401578664779663,0.00567,0.00020,0.00021,0.00425,0.00001,0.00182,0.01215
1403636951.451580047607422,0.00787,0.00020,0.00582,0.00408,0.00267,0.00191,0.02255
1403636951.501580953598022,0.00601,0.00022,0.00068,0.00452,0.00003,0.00214,0.01359
1403636951.551581621170044,0.00606,0.00026,0.00049,0.00475,0.00003,0.00226,0.01386
1403636951.601583480834961,0.00749,0.00031,0.00062,0.00750,0.00106,0.00296,0.01994
1403636951.651586532592773,0.00730,0.00031,0.00098,0.00696,0.00000,0.00332,0.01887
1403636951.701588869094849,0.00788,0.00040,0.00351,0.00413,0.00254,0.00166,0.02013
1403636951.751590728759766,0.00780,0.00055,0.00092,0.00756,0.00214,0.00293,0.02191
1403636951.801591634750366,0.00804,0.00044,0.00089,0.00789,0.00006,0.00360,0.02092
1403636951.851592302322388,0.00683,0.00037,0.00757,0.00530,0.00531,0.00289,0.02826
1403636951.901592493057251,0.00711,0.00030,0.00172,0.00522,0.00000,0.00292,0.01727
1403636951.951592683792114,0.00759,0.00045,0.00030,0.00660,0.00685,0.00277,0.02455
1403636952.001592159271240,0.00780,0.00031,0.00075,0.00491,0.00043,0.00278,0.01698
1403636952.051591396331787,0.00739,0.00029,0.00085,0.00477,0.00468,0.00218,0.02016
1403636952.101590633392334,0.00947,0.00042,0.00046,0.00744,0.00000,0.00329,0.02108
1403636952.151589393615723,0.00640,0.00036,0.00039,0.00325,0.00068,0.00194,0.01303
1403636952.201589345932007,0.00933,0.00048,0.00115,0.00533,0.00001,0.00340,0.01969
1403636952.251590251922607,0.00949,0.00020,0.00030,0.00282,0.00039,0.00195,0.01515
1403636952.301590442657471,0.01015,0.00055,0.00132,0.00582,0.00227,0.00381,0.02392
1403636952.351588964462280,0.00780,0.00021,0.00097,0.00234,0.00051,0.00171,0.01354
1403636952.401586294174194,0.00682,0.00027,0.00052,0.00246,0.00350,0.00174,0.01531
1403636952.451586246490479,0.00678,0.00022,0.00048,0.00271,0.00008,0.00157,0.01184
1403636952.501585006713867,0.00691,0.00018,0.00035,0.00260,0.00000,0.00184,0.01188
1403636952.551584243774414,0.00754,0.00020,0.00130,0.00245,0.00135,0.00172,0.01456
1403636952.601583242416382,0.00759,0.00021,0.00039,0.00277,0.00115,0.00212,0.01423
1403636952.651582956314087,0.00817,0.00016,0.00039,0.00268,0.00027,0.00175,0.01342
1403636952.701583385467529,0.00865,0.00035,0.00067,0.00566,0.00022,0.00354,0.01909
1403636952.751583576202393,0.00753,0.00029,0.00194,0.00447,0.00038,0.00275,0.01738
1403636952.801582098007202,0.00865,0.00036,0.00093,0.00416,0.01071,0.00181,0.02662
1403636952.851582288742065,0.00902,0.00046,0.00094,0.00640,0.00093,0.00360,0.02136
1403636952.901582717895508,0.00694,0.00031,0.00045,0.00325,0.00141,0.00157,0.01393
1403636952.951584577560425,0.00706,0.00025,0.00057,0.00265,0.00013,0.00199,0.01265
1403636953.001586198806763,0.00550,0.00027,0.00018,0.00280,0.00003,0.00189,0.01068
1403636953.051593303680420,0.00783,0.00037,0.00047,0.00583,0.00304,0.00324,0.02077
1403636953.101597309112549,0.00808,0.00030,0.00048,0.00473,0.00024,0.00264,0.01648
1403636953.151600837707520,0.00889,0.00030,0.00029,0.00471,0.00007,0.00270,0.01696
1403636953.201605558395386,0.00716,0.00026,0.00035,0.00261,0.00076,0.00217,0.01331
1403636953.251608610153198,0.00830,0.00028,0.00047,0.00352,0.00179,0.00291,0.01728
1403636953.301609039306641,0.00675,0.00026,0.00044,0.00354,0.00100,0.00271,0.01471
1403636953.351608991622925,0.00836,0.00020,0.00031,0.00238,0.00040,0.00226,0.01390
1403636953.401610136032104,0.01044,0.00045,0.00053,0.00562,0.00046,0.00289,0.02038
1403636953.451611042022705,0.00651,0.00019,0.00035,0.00241,0.00082,0.00215,0.01244
1403636953.501612186431885,0.00927,0.00027,0.00011,0.00249,0.00130,0.00231,0.01574
1403636953.551612377166748,0.00726,0.00034,0.00038,0.00381,0.00363,0.00330,0.01873
1403636953.601609706878662,0.00741,0.00033,0.00027,0.00483,0.00006,0.00354,0.01643
1403636953.651607275009155,0.00644,0.00028,0.00042,0.00389,0.00387,0.00280,0.01771
1403636953.701606988906860,0.00787,0.00034,0.00022,0.00555,0.00059,0.00242,0.01700
1403636953.751607179641724,0.00518,0.00018,0.00006,0.00253,0.00011,0.00213,0.01020
1403636953.801607608795166,0.00746,0.00026,0.00041,0.00362,0.00095,0.00285,0.01557
1403636953.851607322692871,0.00810,0.00037,0.00054,0.00508,0.00037,0.00282,0.01728
1403636953.901607513427734,0.00749,0.00026,0.00045,0.00339,0.00178,0.00276,0.01612
1403636953.951607704162598,0.00745,0.00027,0.00058,0.00370,0.00104,0.00289,0.01594
1403636954.001607656478882,0.00882,0.00026,0.00017,0.00388,0.00004,0.00290,0.01608
1403636954.051607847213745,0.00865,0.00050,0.00071,0.00418,0.00159,0.00343,0.01908
1403636954.101607561111450,0.00750,0.00028,0.00061,0.00236,0.00144,0.00220,0.01440
1403636954.151609182357788,0.00814,0.00046,0.00026,0.00370,0.00067,0.00339,0.01661
1403636954.201609849929810,0.00705,0.00026,0.00027,0.00315,0.00021,0.00280,0.01374
1403636954.251610755920410,0.00763,0.00027,0.00036,0.00316,0.00407,0.00275,0.01825
1403636954.301611185073853,0.00944,0.00036,0.00073,0.00479,0.00024,0.00378,0.01935
1403636954.351611852645874,0.00806,0.00034,0.00038,0.00251,0.00320,0.00261,0.01711
1403636954.401613235473633,0.00815,0.00031,0.00078,0.00277,0.00105,0.00258,0.01565
1403636954.451612949371338,0.00748,0.00019,0.00031,0.00194,0.00183,0.00217,0.01393
1403636954.501613140106201,0.00995,0.00042,0.00131,0.00321,0.00105,0.00309,0.01904
1403636954.551614046096802,0.00998,0.00036,0.00094,0.00329,0.00099,0.00285,0.01842
1403636954.601613283157349,0.01110,0.00023,0.00158,0.00233,0.00000,0.00259,0.01783
1403636954.651611804962158,0.00915,0.00025,0.00193,0.00201,0.00043,0.00281,0.01659
1403636954.701610326766968,0.00987,0.00018,0.00083,0.00115,0.00029,0.00197,0.01430
1403636954.751608610153198,0.00799,0.00021,0.00014,0.00096,0.00034,0.00183,0.01148
1403636954.801608800888062,0.00958,0.00025,0.00057,0.00148,0.00000,0.00266,0.01455
1403636954.851607561111450,0.00878,0.00025,0.00045,0.00147,0.00108,0.00275,0.01478
1403636954.901607751846313,0.00881,0.00026,0.00037,0.00168,0.00393,0.00281,0.01786
1403636954.951608419418335,0.00790,0.00024,0.00063,0.00219,0.00356,0.00241,0.01695
1403636955.001611232757568,0.00854,0.00038,0.00064,0.00420,0.00044,0.00386,0.01807
1403636955.051612377166748,0.00920,0.00035,0.00035,0.00268,0.00064,0.00271,0.01594
1403636955.101614713668823,0.00670,0.00026,0.00095,0.00249,0.00136,0.00270,0.01446
1403636955.151615142822266,0.00859,0.00026,0.00039,0.00266,0.01208,0.00223,0.02623
1403636955.201615333557129,0.00788,0.00042,0.00041,0.00617,0.00193,0.00275,0.01956
1403636955.251615762710571,0.00980,0.00036,0.00139,0.00452,0.00000,0.00323,0.01930
1403636955.301615476608276,0.00889,0.00054,0.00142,0.00458,0.00255,0.00270,0.02068
1403636955.351615190505981,0.00742,0.00023,0.00045,0.00247,0.00039,0.00204,0.01301
1403636955.401616096496582,0.00788,0.00029,0.00094,0.00225,0.00082,0.00136,0.01354
1403636955.451616525650024,0.01251,0.00040,0.00051,0.00533,0.00028,0.00367,0.02270
1403636955.501617193222046,0.00800,0.00039,0.00098,0.00487,0.00576,0.00354,0.02354
1403636955.551616907119751,0.00682,0.00039,0.00060,0.00413,0.00055,0.00280,0.01530
1403636955.601615428924561,0.01287,0.00048,0.00128,0.00459,0.00130,0.00295,0.02347
1403636955.651613950729370,0.00888,0.00045,0.00021,0.00383,0.00124,0.00361,0.01822
1403636955.701614618301392,0.00705,0.00032,0.00034,0.00370,0.00038,0.00302,0.01481
1403636955.751613616943359,0.00551,0.00029,0.00120,0.00356,0.00269,0.00245,0.01571
1403636955.801612615585327,0.00735,0.00051,0.00014,0.00367,0.00141,0.00330,0.01637
1403636955.851614475250244,0.00714,0.00040,0.00035,0.00512,0.00870,0.00283,0.02455
1403636955.901615858078003,0.00711,0.00024,0.00017,0.00284,0.00059,0.00216,0.01311
1403636955.951616764068604,0.00747,0.00060,0.00130,0.00595,0.00194,0.00338,0.02065
1403636956.001618146896362,0.00840,0.00045,0.00110,0.00437,0.00304,0.00273,0.02008
1403636956.051618099212646,0.00713,0.00039,0.00073,0.00744,0.00333,0.00346,0.02247
1403636956.101619005203247,0.00810,0.00029,0.00029,0.00377,0.00304,0.00263,0.01811
1403636956.151619911193848,0.00712,0.00060,0.00165,0.00854,0.00310,0.00296,0.02397
1403636956.201621532440186,0.00684,0.00036,0.00537,0.00796,0.00015,0.00260,0.02327
1403636956.251622676849365,0.00876,0.00049,0.00011,0.00842,0.00171,0.00419,0.02369
1403636956.301626682281494,0.00609,0.00049,0.00318,0.00702,0.00275,0.00287,0.02240
1403636956.351628541946411,0.00768,0.00056,0.00073,0.00688,0.00208,0.00274,0.02068
1403636956.401631116867065,0.00672,0.00020,0.00396,0.00360,0.00016,0.00194,0.01657
1403636956.451632499694824,0.00902,0.00065,0.00276,0.00617,0.00104,0.00351,0.02315
1403636956.501631259918213,0.00625,0.00042,0.00375,0.00347,0.00121,0.00149,0.01659
1403636956.551628112792969,0.00662,0.00051,0.00349,0.00632,0.00455,0.00279,0.02427
1403636956.601625442504883,0.00896,0.00041,0.00291,0.00827,0.00006,0.00327,0.02388
1403636956.651622772216797,0.00742,0.00060,0.01158,0.00660,0.00160,0.00269,0.03049
1403636956.701618909835815,0.00720,0.00037,0.00015,0.00814,0.00128,0.00303,0.02016
1403636956.751615285873413,0.00684,0.00027,0.00064,0.00589,0.00128,0.00307,0.01799
1403636956.801613569259644,0.00679,0.00029,0.00330,0.00560,0.00037,0.00305,0.01939
1403636956.851612806320190,0.00667,0.00026,0.00033,0.00564,0.00034,0.00274,0.01598
1403636956.901612758636475,0.00681,0.00046,0.00666,0.00512,0.00234,0.00211,0.02351
1403636956.951614618301392,0.00757,0.00021,0.00131,0.00337,0.00001,0.00220,0.01467
1403636957.001618385314941,0.00803,0.00044,0.00358,0.00502,0.00499,0.00318,0.02523
1403636957.051619052886963,0.00689,0.00031,0.00200,0.00547,0.00103,0.00217,0.01788
1403636957.101616859436035,0.00555,0.00026,0.00393,0.00510,0.00258,0.00230,0.01972
1403636957.151615858078003,0.00391,0.00021,0.00483,0.00338,0.00019,0.00216,0.01467
1403636957.201614856719971,0.00479,0.00030,0.00140,0.00315,0.00028,0.00233,0.01226
1403636957.251614809036255,0.00521,0.00023,0.00087,0.00291,0.00412,0.00197,0.01532
1403636957.301614761352539,0.00535,0.00038,0.00005,0.00325,0.00000,0.00245,0.01148
1403636957.351614475250244,0.00544,0.00018,0.00012,0.00288,0.00024,0.00213,0.01099
1403636957.401614427566528,0.00544,0.00036,0.00002,0.00262,0.00166,0.00242,0.01252
1403636957.451614141464233,0.00583,0.00021,0.00010,0.00280,0.00024,0.00192,0.01111
1403636957.501614093780518,0.00667,0.00018,0.00507,0.00264,0.00260,0.00175,0.01891
1403636957.551614522933960,0.00600,0.00026,0.00005,0.00358,0.00065,0.00264,0.01317
1403636957.601615190505981,0.00882,0.00043,0.00003,0.00574,0.00036,0.00302,0.01840
1403636957.651615142822266,0.00574,0.00034,0.00008,0.00261,0.00158,0.00226,0.01261
1403636957.701614618301392,0.01003,0.00065,0.00039,0.00627,0.00545,0.00310,0.02589
1403636957.751613378524780,0.00639,0.00030,0.00267,0.00805,0.00650,0.00255,0.02646
1403636957.801604270935059,0.00699,0.00022,0.00371,0.00307,0.00521,0.00202,0.02121
1403636957.851603269577026,0.00780,0.00019,0.00002,0.00381,0.00066,0.00209,0.01456
1403636957.901603221893311,0.00664,0.00030,0.00011,0.00363,0.00002,0.00206,0.01276
1403636957.951601028442383,0.00606,0.00022,0.00032,0.00305,0.00001,0.00218,0.01185
1403636958.001600503921509,0.00839,0.00031,0.00059,0.00432,0.00009,0.00314,0.01684
1403636958.051599502563477,0.00732,0.00018,0.00035,0.00213,0.00066,0.00202,0.01267
1403636958.101596117019653,0.00534,0.00030,0.00151,0.00324,0.00643,0.00309,0.01990
1403636958.201593399047852,0.00590,0.00027,0.00224,0.00174,0.00012,0.00204,0.01231
1403636958.251593828201294,0.00626,0.00020,0.00026,0.00216,0.00000,0.00221,0.01109
1403636958.301593542098999,0.00404,0.00018,0.00020,0.00198,0.00025,0.00221,0.00886
1403636958.351594448089600,0.00667,0.00030,0.00002,0.00213,0.00005,0.00244,0.01161
1403636958.401593923568726,0.00570,0.00031,0.00002,0.00320,0.00022,0.00339,0.01285
1403636958.451592683792114,0.00613,0.00036,0.00017,0.00371,0.00077,0.00394,0.01509
1403636958.501593589782715,0.00521,0.00024,0.00021,0.00270,0.00476,0.00248,0.01558
1403636958.551593303680420,0.00526,0.00028,0.00002,0.00358,0.00008,0.00322,0.01245
1403636958.601593255996704,0.00535,0.00020,0.00011,0.00185,0.00000,0.00220,0.00972
1403636958.651593923568726,0.00572,0.00026,0.00004,0.00187,0.00006,0.00245,0.01040
1403636958.701594829559326,0.00525,0.00027,0.00002,0.00307,0.00025,0.00184,0.01071
1403636958.751596450805664,0.00557,0.00018,0.00007,0.00157,0.00214,0.00214,0.01167
1403636958.801603794097900,0.00700,0.00040,0.00003,0.00335,0.01623,0.00175,0.02876
1403636958.851604938507080,0.00663,0.00020,0.00010,0.00307,0.00015,0.00217,0.01232
1403636958.901607036590576,0.00366,0.00019,0.00002,0.00315,0.00068,0.00179,0.00949
1403636958.951611280441284,0.00479,0.00036,0.00002,0.00313,0.00004,0.00264,0.01098
1403636959.001614570617676,0.00699,0.00053,0.00003,0.00582,0.00022,0.00309,0.01667
1403636959.051618099212646,0.00653,0.00038,0.00010,0.00595,0.00307,0.00303,0.01906
1403636959.101621150970459,0.00543,0.00032,0.00226,0.00277,0.00044,0.00248,0.01369
1403636959.151623725891113,0.00678,0.00031,0.00009,0.00511,0.00009,0.00310,0.01548
1403636959.201625108718872,0.00469,0.00029,0.00014,0.00497,0.00022,0.00259,0.01291
1403636959.251626253128052,0.00464,0.00032,0.00007,0.00329,0.00006,0.00258,0.01096
1403636959.301626443862915,0.00569,0.00038,0.00003,0.00547,0.00183,0.00306,0.01647
1403636959.351626634597778,0.00559,0.00030,0.00015,0.00462,0.00076,0.00277,0.01419
1403636959.401627540588379,0.00643,0.00038,0.00003,0.00511,0.00215,0.00347,0.01757
1403636959.451628208160400,0.00487,0.00029,0.00008,0.00346,0.00003,0.00208,0.01081
1403636959.501627683639526,0.00571,0.00036,0.00009,0.00601,0.00905,0.00313,0.02436
1403636959.551625967025757,0.00590,0.00036,0.00011,0.00711,0.00008,0.00303,0.01659
1403636959.601625680923462,0.00584,0.00038,0.00002,0.00491,0.00046,0.00278,0.01439
1403636959.651625633239746,0.00553,0.00030,0.00003,0.00531,0.00277,0.00301,0.01694
1403636959.701625585556030,0.00529,0.00019,0.00022,0.00321,0.00503,0.00168,0.01563
1403636959.751626491546631,0.00493,0.00032,0.00001,0.00411,0.00024,0.00163,0.01124
1403636959.801627635955811,0.00503,0.00019,0.00001,0.00358,0.00000,0.00174,0.01056
1403636959.851628780364990,0.00541,0.00018,0.00001,0.00350,0.00008,0.00174,0.01091
1403636959.901628971099854,0.00556,0.00031,0.00025,0.00609,0.00024,0.00286,0.01531
1403636959.951629877090454,0.00467,0.00023,0.00025,0.00390,0.00175,0.00239,0.01319
1403636960.001630067825317,0.00621,0.00038,0.00003,0.00774,0.00111,0.00315,0.01862
1403636960.051631212234497,0.00530,0.00046,0.00002,0.00753,0.00008,0.00334,0.01673
1403636960.101634979248047,0.00583,0.00036,0.00002,0.00826,0.00000,0.00391,0.01838
1403636960.151635646820068,0.00428,0.00036,0.00005,0.00384,0.00007,0.00218,0.01079
1403636960.201637029647827,0.00486,0.00019,0.00001,0.00381,0.00012,0.00204,0.01103
1403636960.251636505126953,0.00458,0.00019,0.00002,0.00373,0.00055,0.00196,0.01103
1403636960.301635503768921,0.00456,0.00018,0.00066,0.00371,0.00031,0.00181,0.01124
1403636960.351637125015259,0.00596,0.00040,0.00021,0.00812,0.00248,0.00326,0.02043
1403636960.401636362075806,0.00492,0.00020,0.00001,0.00376,0.00000,0.00195,0.01084
1403636960.451636075973511,0.00555,0.00037,0.00003,0.00643,0.00012,0.00279,0.01529
1403636960.501635074615479,0.00685,0.00033,0.00019,0.00605,0.00000,0.00288,0.01631
1403636960.551634788513184,0.00620,0.00052,0.00090,0.00505,0.00167,0.00268,0.01700
1403636960.601634025573730,0.00647,0.00029,0.00017,0.00516,0.00130,0.00315,0.01654
1403636960.651633262634277,0.00617,0.00027,0.00031,0.00520,0.00043,0.00281,0.01521
1403636960.701632261276245,0.00575,0.00032,0.00019,0.00324,0.00000,0.00206,0.01155
1403636960.751632213592529,0.00766,0.00055,0.00022,0.00678,0.00053,0.00399,0.01973
1403636960.801633119583130,0.00696,0.00034,0.00008,0.00423,0.00327,0.00304,0.01792
1403636960.851632356643677,0.00470,0.00024,0.00002,0.00430,0.00415,0.00265,0.01607
1403636960.901632070541382,0.00360,0.00018,0.00013,0.00330,0.00452,0.00204,0.01379
1403636960.951631069183350,0.00344,0.00027,0.00007,0.00392,0.00053,0.00161,0.00984
1403636961.001628875732422,0.00423,0.00019,0.00020,0.00393,0.00001,0.00212,0.01068
1403636961.051628351211548,0.00656,0.00020,0.00457,0.00330,0.00507,0.00206,0.02177
1403636961.101627588272095,0.00615,0.00019,0.00016,0.00376,0.00002,0.00199,0.01227
1403636961.151626825332642,0.00516,0.00036,0.00384,0.00362,0.00774,0.00206,0.02278
1403636961.201626062393188,0.00782,0.00039,0.00049,0.00885,0.00416,0.00276,0.02447
1403636961.251624584197998,0.00560,0.00030,0.00032,0.00823,0.00000,0.00298,0.01743
1403636961.301623106002808,0.00675,0.00038,0.00034,0.00910,0.00000,0.00299,0.01957
1403636961.351622104644775,0.00683,0.00030,0.00010,0.00779,0.00132,0.00285,0.01919
1403636961.401623010635376,0.00775,0.00040,0.00027,0.00740,0.00000,0.00310,0.01892
1403636961.451622962951660,0.00533,0.00020,0.00012,0.00422,0.00188,0.00199,0.01373
1403636961.501621723175049,0.00515,0.00020,0.00023,0.00447,0.00678,0.00197,0.01879
1403636961.551621437072754,0.00472,0.00018,0.00009,0.00564,0.00019,0.00177,0.01260
1403636961.601621627807617,0.00669,0.00039,0.00084,0.00486,0.00000,0.00177,0.01455
1403636961.651623487472534,0.00569,0.00038,0.01274,0.00778,0.00401,0.00281,0.03341
1403636961.701623916625977,0.00828,0.00057,0.00028,0.00868,0.00060,0.00302,0.02143
1403636961.751622438430786,0.00801,0.00032,0.00086,0.00747,0.00298,0.00300,0.02265
1403636961.801623344421387,0.00669,0.00028,0.00029,0.00641,0.00354,0.00233,0.01955
1403636961.851625442504883,0.00841,0.00028,0.00012,0.00695,0.00023,0.00271,0.01870
1403636961.901624441146851,0.00557,0.00027,0.00031,0.00552,0.00001,0.00165,0.01333
1403636961.951622724533081,0.00739,0.00055,0.00939,0.00630,0.01013,0.00179,0.03556
1403636962.001623392105103,0.00573,0.00037,0.00031,0.00975,0.00000,0.00300,0.01917
1403636962.051622867584229,0.00637,0.00046,0.00013,0.00847,0.00000,0.00308,0.01850
1403636962.101622343063354,0.00566,0.00021,0.00025,0.00480,0.00000,0.00199,0.01291
1403636962.151621580123901,0.00663,0.00020,0.00006,0.00456,0.00000,0.00207,0.01351
1403636962.201621294021606,0.00770,0.00052,0.00040,0.00713,0.00000,0.00293,0.01868
1403636962.251620054244995,0.00447,0.00020,0.00325,0.00386,0.01173,0.00180,0.02531
1403636962.301620006561279,0.00731,0.00035,0.00157,0.00864,0.00140,0.00199,0.02125
1403636962.351619482040405,0.00597,0.00039,0.00009,0.00577,0.00000,0.00267,0.01489
1403636962.401618242263794,0.00496,0.00021,0.00912,0.00495,0.00010,0.00185,0.02119
1403636962.451618194580078,0.00486,0.00018,0.00020,0.00508,0.00001,0.00194,0.01226
1403636962.501617670059204,0.00814,0.00037,0.00013,0.00507,0.00000,0.00237,0.01609
1403636962.551614999771118,0.00506,0.00038,0.00292,0.00674,0.00982,0.00249,0.02741
1403636962.601612806320190,0.00710,0.00024,0.00012,0.00603,0.00000,0.00270,0.01619
1403636962.651612043380737,0.00764,0.00020,0.00097,0.00509,0.00002,0.00211,0.01603
1403636962.701611995697021,0.00508,0.00036,0.00022,0.01361,0.00002,0.00386,0.02316
1403636962.751611471176147,0.00757,0.00021,0.00010,0.00495,0.00000,0.00236,0.01519
1403636962.801611185073853,0.00546,0.00037,0.00052,0.01047,0.00000,0.00255,0.01937
1403636962.851609706878662,0.00468,0.00019,0.00007,0.00433,0.00224,0.00189,0.01339
1403636962.901609897613525,0.00514,0.00039,0.01569,0.00696,0.00575,0.00177,0.03569
1403636962.951610088348389,0.00643,0.00023,0.00018,0.00504,0.00018,0.00210,0.01416
1403636963.001612901687622,0.00610,0.00060,0.01437,0.00863,0.00014,0.00184,0.03167
1403636963.051614046096802,0.00528,0.00019,0.00017,0.00492,0.00001,0.00203,0.01259
1403636963.101614952087402,0.00400,0.00022,0.00012,0.00484,0.00000,0.00191,0.01108
1403636963.151612997055054,0.00438,0.00021,0.00016,0.00470,0.00039,0.00242,0.01226
1403636963.201612472534180,0.00448,0.00019,0.00025,0.00404,0.00001,0.00157,0.01054
1403636963.251611232757568,0.00369,0.00017,0.00004,0.00415,0.00000,0.00198,0.01004
1403636963.301610708236694,0.00561,0.00033,0.00036,0.00700,0.00000,0.00359,0.01690
1403636963.351610660552979,0.00528,0.00036,0.00003,0.00776,0.00000,0.00328,0.01671
1403636963.401610851287842,0.00346,0.00020,0.00002,0.00393,0.00000,0.00203,0.00964
1403636963.451610803604126,0.00482,0.00022,0.00002,0.00389,0.00110,0.00216,0.01221
1403636963.501608848571777,0.00524,0.00035,0.02197,0.00686,0.01544,0.00152,0.05137
1403636963.551608562469482,0.00550,0.00021,0.00090,0.00601,0.00000,0.00183,0.01445
1403636963.601607084274292,0.00589,0.00031,0.01023,0.00895,0.00011,0.00201,0.02751
1403636963.651608705520630,0.00546,0.00059,0.00018,0.01245,0.00137,0.00350,0.02356
1403636963.701609611511230,0.00581,0.00040,0.00044,0.01188,0.00003,0.00280,0.02137
1403636963.751610279083252,0.00653,0.00045,0.00002,0.00993,0.00057,0.00339,0.02088
1403636963.801610946655273,0.00580,0.00062,0.00047,0.01257,0.00024,0.00315,0.02284
1403636963.851611614227295,0.00537,0.00038,0.00003,0.01215,0.00000,0.00355,0.02147
1403636963.901612281799316,0.00394,0.00039,0.00015,0.00552,0.00015,0.00174,0.01189
1403636963.951613187789917,0.00623,0.00046,0.00003,0.01057,0.00000,0.00353,0.02081
1403636964.001613140106201,0.00514,0.00051,0.00028,0.00889,0.00000,0.00268,0.01750
1403636964.051613330841064,0.00350,0.00020,0.00006,0.00505,0.00004,0.00223,0.01108
1403636964.101613283157349,0.00391,0.00036,0.00866,0.00458,0.00408,0.00169,0.02327
1403636964.151613235473633,0.00497,0.00020,0.00033,0.00565,0.00000,0.00178,0.01294
1403636964.201613664627075,0.00538,0.00038,0.00590,0.00552,0.00022,0.00173,0.01913
1403636964.251613378524780,0.00676,0.00039,0.00044,0.01269,0.00206,0.00334,0.02569
1403636964.301613092422485,0.00681,0.00048,0.00011,0.00771,0.00191,0.00278,0.01980
1403636964.351613044738770,0.00658,0.00039,0.00014,0.01130,0.00046,0.00370,0.02257
1403636964.401612997055054,0.00703,0.00056,0.00049,0.00797,0.00038,0.00361,0.02004
1403636964.451613664627075,0.00623,0.00028,0.00002,0.00781,0.00000,0.00302,0.01737
1403636964.501613616943359,0.00627,0.00046,0.00096,0.00736,0.00000,0.00300,0.01805
1403636964.551613569259644,0.00622,0.00025,0.00009,0.00769,0.00024,0.00277,0.01725
1403636964.601613759994507,0.00645,0.00032,0.00043,0.00868,0.00001,0.00276,0.01865
1403636964.651613473892212,0.00637,0.00036,0.00117,0.00904,0.00034,0.00309,0.02038
1403636964.701612472534180,0.00614,0.00028,0.00858,0.00799,0.00902,0.00174,0.03376
1403636964.751608848571777,0.00606,0.00030,0.00902,0.00560,0.00074,0.00178,0.02349
1403636964.801608324050903,0.00902,0.00033,0.00586,0.00530,0.00124,0.00271,0.02446
1403636964.851607799530029,0.00805,0.00044,0.00038,0.01012,0.00207,0.00321,0.02427
1403636964.901607036590576,0.00726,0.00037,0.00041,0.01168,0.00000,0.00285,0.02256
1403636964.951606512069702,0.00725,0.00023,0.00040,0.00470,0.00131,0.00275,0.01664
1403636965.001605749130249,0.00627,0.00029,0.00079,0.00651,0.00057,0.00260,0.01704
1403636965.051604270935059,0.00607,0.00048,0.00034,0.00624,0.00001,0.00310,0.01626
1403636965.101602554321289,0.00599,0.00035,0.00002,0.00359,0.00000,0.00200,0.01195
1403636965.151600837707520,0.00710,0.00059,0.00054,0.00836,0.00003,0.00461,0.02124
1403636965.201599121093750,0.00969,0.00021,0.00002,0.00376,0.00066,0.00199,0.01633
1403636965.251597404479980,0.00695,0.00047,0.00094,0.00578,0.00034,0.00284,0.01731
1403636965.301594495773315,0.00776,0.00046,0.00029,0.00325,0.00684,0.00230,0.02091
1403636965.351590871810913,0.00613,0.00020,0.00835,0.00339,0.00879,0.00173,0.02860
1403636965.401590108871460,0.00650,0.00057,0.00910,0.00747,0.00018,0.00278,0.02660
1403636965.451590538024902,0.00570,0.00017,0.00026,0.00413,0.00001,0.00173,0.01200
1403636965.501594066619873,0.00909,0.00044,0.00119,0.00809,0.00004,0.00401,0.02286
1403636965.551601409912109,0.00709,0.00039,0.00008,0.00391,0.00003,0.00256,0.01406
1403636965.601605415344238,0.00688,0.00043,0.00041,0.00567,0.00031,0.00305,0.01676
1403636965.651604413986206,0.00713,0.00051,0.00127,0.00619,0.00117,0.00367,0.01994
1403636965.701602220535278,0.00623,0.00026,0.00088,0.00308,0.00002,0.00184,0.01231
1403636965.751602411270142,0.00965,0.00052,0.00046,0.00504,0.01854,0.00226,0.03647
1403636965.801603078842163,0.00617,0.00019,0.00020,0.00413,0.00000,0.00194,0.01263
1403636965.851605176925659,0.00958,0.00044,0.00059,0.00429,0.00000,0.00279,0.01769
1403636965.901609420776367,0.00723,0.00030,0.00042,0.00396,0.00023,0.00246,0.01462
1403636965.951615810394287,0.00731,0.00058,0.00287,0.00852,0.01578,0.00285,0.03790
1403636966.001619815826416,0.00713,0.00040,0.01085,0.00759,0.00295,0.00201,0.03092
1403636966.051628351211548,0.00698,0.00022,0.00722,0.00545,0.00204,0.00222,0.02414
1403636966.101631402969360,0.00665,0.00030,0.00096,0.00867,0.00001,0.00258,0.01917
1403636966.151631355285645,0.00659,0.00045,0.00191,0.00812,0.00000,0.00258,0.01964
1403636966.201631307601929,0.00648,0.00045,0.00057,0.00758,0.00095,0.00258,0.01861
1403636966.251630544662476,0.00656,0.00039,0.00003,0.01172,0.00000,0.00355,0.02225
1403636966.301627635955811,0.00659,0.00054,0.00535,0.00964,0.00369,0.00266,0.02847
1403636966.351623296737671,0.00674,0.00035,0.00241,0.00816,0.00218,0.00248,0.02232
1403636966.401615142822266,0.00670,0.00040,0.01920,0.00799,0.00123,0.00177,0.03730
1403636966.451612710952759,0.00652,0.00029,0.00015,0.00841,0.00000,0.00296,0.01833
1403636966.501611709594727,0.00674,0.00039,0.00005,0.01209,0.00065,0.00355,0.02347
1403636966.551615476608276,0.00621,0.00028,0.00027,0.00794,0.00377,0.00260,0.02106
1403636966.601618528366089,0.00733,0.00042,0.00901,0.00867,0.00156,0.00234,0.02932
1403636966.651620626449585,0.00572,0.00021,0.00607,0.00552,0.00127,0.00183,0.02061
1403636966.701624155044556,0.00612,0.00033,0.00002,0.00631,0.00000,0.00167,0.01445
1403636966.751623868942261,0.00595,0.00040,0.00023,0.01034,0.00003,0.00287,0.01984
1403636966.801623582839966,0.00609,0.00039,0.00003,0.01289,0.00289,0.00261,0.02490
1403636966.851622819900513,0.00772,0.00024,0.00002,0.00641,0.00000,0.00313,0.01751
1403636966.901621341705322,0.00877,0.00129,0.00421,0.00921,0.00191,0.00289,0.02827
1403636966.951621055603027,0.00795,0.00039,0.00189,0.01207,0.00001,0.00253,0.02484
1403636967.001622200012207,0.00697,0.00064,0.01670,0.00887,0.00278,0.00241,0.03838
1403636967.051622152328491,0.00770,0.00034,0.00030,0.01112,0.00000,0.00302,0.02248
1403636967.101621866226196,0.00676,0.00031,0.00010,0.00966,0.00031,0.00244,0.01957
1403636967.151621580123901,0.00619,0.00021,0.00002,0.00631,0.00000,0.00189,0.01463
1403636967.201622009277344,0.00635,0.00020,0.00451,0.00603,0.00138,0.00169,0.02016
1403636967.251621961593628,0.00689,0.00030,0.00914,0.01117,0.00000,0.00272,0.03023
1403636967.301621675491333,0.00613,0.00042,0.00002,0.00656,0.00000,0.00162,0.01475
1403636967.351621389389038,0.00639,0.00030,0.00212,0.00637,0.00000,0.00203,0.01721
1403636967.401620864868164,0.00372,0.00022,0.01039,0.00630,0.00000,0.00168,0.02231
1403636967.451621532440186,0.00594,0.00023,0.00002,0.00656,0.00000,0.00199,0.01474
1403636967.501621723175049,0.00638,0.00028,0.00250,0.00621,0.00000,0.00218,0.01755
1403636967.551621437072754,0.00602,0.00024,0.00114,0.00630,0.00064,0.00192,0.01628
1403636967.601621627807617,0.00605,0.00048,0.01198,0.00844,0.00000,0.00189,0.02884
1403636967.651621818542480,0.00638,0.00034,0.00002,0.01124,0.00000,0.00292,0.02089
1403636967.701621770858765,0.00597,0.00036,0.00032,0.00635,0.00000,0.00167,0.01466
1403636967.751621723175049,0.00594,0.00018,0.00001,0.00622,0.00000,0.00173,0.01408
1403636967.801621437072754,0.00612,0.00032,0.00054,0.01053,0.00001,0.00257,0.02008
1403636967.851621150970459,0.00600,0.00031,0.00501,0.00574,0.00134,0.00198,0.02039
1403636967.901621341705322,0.00736,0.00047,0.00147,0.01326,0.00000,0.00310,0.02565
1403636967.951621532440186,0.00723,0.00041,0.00003,0.01160,0.00220,0.00323,0.02469
1403636968.001621246337891,0.00635,0.00037,0.00869,0.00660,0.00000,0.00171,0.02371
1403636968.051621437072754,0.00662,0.00032,0.00002,0.01160,0.00000,0.00274,0.02130
1403636968.101621389389038,0.00628,0.00048,0.00365,0.01125,0.00000,0.00175,0.02341
1403636968.151621341705322,0.00658,0.00029,0.00147,0.00719,0.00000,0.00205,0.01758
1403636968.201621532440186,0.00667,0.00029,0.00964,0.00857,0.00000,0.00151,0.02669
1403636968.251621484756470,0.00681,0.00042,0.00003,0.01417,0.00000,0.00280,0.02423
1403636968.301621437072754,0.00616,0.00031,0.00266,0.01073,0.00001,0.00260,0.02247
1403636968.351620912551880,0.00641,0.00038,0.00011,0.01223,0.00004,0.00273,0.02190
1403636968.401620626449585,0.00599,0.00030,0.00657,0.01013,0.00345,0.00144,0.02789
1403636968.451620578765869,0.00598,0.00019,0.00401,0.00640,0.00122,0.00170,0.01951
1403636968.501620054244995,0.00644,0.00056,0.00133,0.01157,0.00000,0.00293,0.02282
1403636968.551620244979858,0.00591,0.00020,0.00002,0.00686,0.00000,0.00183,0.01482
1403636968.601618528366089,0.00576,0.00031,0.00737,0.00667,0.00000,0.00167,0.02179
1403636968.651617527008057,0.00607,0.00041,0.00003,0.01162,0.00000,0.00273,0.02086
1403636968.701618671417236,0.00629,0.00036,0.00351,0.01013,0.00000,0.00262,0.02291
1403636968.751618623733521,0.00656,0.00038,0.00172,0.01461,0.00000,0.00258,0.02585
1403636968.801617383956909,0.00593,0.00037,0.01136,0.01077,0.00000,0.00246,0.03090
1403636968.851617097854614,0.00590,0.00018,0.00001,0.00681,0.00000,0.00181,0.01472
1403636968.901616573333740,0.00643,0.00038,0.00400,0.01205,0.00000,0.00257,0.02543
1403636968.951617717742920,0.00530,0.00021,0.00130,0.00663,0.00000,0.00168,0.01512
1403636969.001617670059204,0.00526,0.00020,0.00073,0.00692,0.00000,0.00175,0.01486
1403636969.051617860794067,0.00541,0.00021,0.00266,0.00639,0.00000,0.00184,0.01650
1403636969.101617574691772,0.00562,0.00018,0.00061,0.00645,0.00000,0.00167,0.01454
1403636969.151617050170898,0.00574,0.00033,0.00002,0.00785,0.00000,0.00182,0.01576
1403636969.201616764068604,0.00589,0.00030,0.01056,0.00596,0.00002,0.00172,0.02446
1403636969.251616239547729,0.01015,0.00022,0.00006,0.00569,0.00000,0.00214,0.01826
1403636969.301615715026855,0.00675,0.00023,0.00004,0.00546,0.00130,0.00171,0.01548
1403636969.351617097854614,0.00840,0.00047,0.00118,0.00869,0.00034,0.00294,0.02202
1403636969.401617765426636,0.00719,0.00020,0.00345,0.00519,0.00246,0.00179,0.02028
1403636969.451619625091553,0.00615,0.00018,0.00035,0.00565,0.00001,0.00169,0.01404
1403636969.501619577407837,0.00780,0.00040,0.00314,0.01204,0.00100,0.00287,0.02725
1403636969.551622152328491,0.00754,0.00028,0.00245,0.00876,0.00188,0.00252,0.02343
1403636969.601623296737671,0.00626,0.00021,0.00127,0.00599,0.00007,0.00180,0.01560
1403636969.651623964309692,0.00583,0.00021,0.00081,0.00612,0.00240,0.00188,0.01725
1403636969.701626062393188,0.00620,0.00022,0.00029,0.00674,0.00000,0.00192,0.01537
1403636969.751626968383789,0.00583,0.00019,0.00029,0.00664,0.00000,0.00195,0.01490
1403636969.801627635955811,0.00635,0.00032,0.01920,0.00592,0.00129,0.00197,0.03505
1403636969.851627349853516,0.00675,0.00038,0.00081,0.01196,0.00000,0.00309,0.02298
1403636969.901627063751221,0.00627,0.00029,0.00008,0.01039,0.00109,0.00262,0.02074
1403636969.951627254486084,0.00654,0.00041,0.00090,0.01117,0.00005,0.00259,0.02165
1403636970.001626014709473,0.00552,0.00020,0.00178,0.00573,0.00067,0.00168,0.01558
1403636970.051625013351440,0.00476,0.00018,0.00008,0.00615,0.00000,0.00193,0.01310
1403636970.101622819900513,0.00600,0.00029,0.00054,0.01039,0.00213,0.00234,0.02169
1403636970.151624441146851,0.00909,0.00021,0.00010,0.00618,0.00000,0.00217,0.01775
1403636970.201624393463135,0.00703,0.00018,0.00067,0.00590,0.00010,0.00170,0.01559
1403636970.251626253128052,0.00669,0.00020,0.00081,0.00586,0.00017,0.00165,0.01538
1403636970.301628112792969,0.00638,0.00035,0.00200,0.01010,0.00000,0.00248,0.02131
1403636970.351630210876465,0.00625,0.00036,0.00210,0.00922,0.00000,0.00251,0.02043
1403636970.401630878448486,0.00569,0.00025,0.01136,0.00807,0.00540,0.00172,0.03248
1403636970.451631069183350,0.00662,0.00038,0.00090,0.01112,0.00023,0.00238,0.02163
1403636970.501631021499634,0.00950,0.00041,0.00004,0.01273,0.00008,0.00250,0.02526
1403636970.551631212234497,0.00654,0.00026,0.00129,0.00843,0.00030,0.00238,0.01921
1403636970.601631164550781,0.00650,0.00038,0.00146,0.01158,0.00020,0.00241,0.02253
1403636970.651631116867065,0.00669,0.00020,0.00002,0.00566,0.00000,0.00178,0.01434
1403636970.701636075973511,0.00511,0.00033,0.02796,0.00503,0.00424,0.00158,0.04427
1403636970.751636505126953,0.00601,0.00040,0.00013,0.01143,0.00000,0.00250,0.02048
1403636970.801636695861816,0.00539,0.00029,0.00055,0.00966,0.00028,0.00238,0.01854
1403636970.851637363433838,0.00625,0.00039,0.00151,0.00974,0.00160,0.00233,0.02182
1403636970.901637554168701,0.00593,0.00040,0.00028,0.01059,0.00002,0.00236,0.01959
1403636970.951638698577881,0.00851,0.00039,0.00018,0.01126,0.00000,0.00340,0.02374
1403636971.001640319824219,0.00612,0.00037,0.00875,0.00633,0.00478,0.00234,0.02868
1403636971.051641702651978,0.00467,0.00019,0.00040,0.00462,0.00000,0.00153,0.01141
1403636971.101642131805420,0.00594,0.00038,0.00011,0.01020,0.00041,0.00221,0.01924
1403636971.151641368865967,0.00587,0.00023,0.00045,0.00471,0.00144,0.00228,0.01498
1403636971.201642751693726,0.00585,0.00030,0.00190,0.00469,0.00012,0.00162,0.01448
1403636971.251643419265747,0.01465,0.00040,0.00028,0.00647,0.00022,0.00298,0.02500
1403636971.301645040512085,0.00761,0.00038,0.01522,0.00545,0.00727,0.00250,0.03842
1403636971.351645231246948,0.00748,0.00039,0.00037,0.00438,0.00001,0.00265,0.01530
1403636971.401644229888916,0.01000,0.00022,0.00050,0.00380,0.00140,0.00227,0.01819
1403636971.451643705368042,0.00859,0.00021,0.00079,0.00390,0.00079,0.00280,0.01709
1403636971.501643180847168,0.00722,0.00020,0.00085,0.00368,0.00011,0.00203,0.01409
1403636971.551643371582031,0.00438,0.00020,0.00049,0.00326,0.00014,0.00204,0.01051
1403636971.601642847061157,0.00543,0.00021,0.00081,0.00314,0.00505,0.00184,0.01648
1403636971.651642322540283,0.00621,0.00028,0.00028,0.00646,0.00025,0.00269,0.01616
1403636971.701642036437988,0.00796,0.00029,0.00058,0.00615,0.00029,0.00287,0.01814
1403636971.751642704010010,0.00759,0.00033,0.00274,0.00563,0.00051,0.00380,0.02060
1403636971.801638364791870,0.00377,0.00021,0.00443,0.00274,0.00185,0.00178,0.01479
1403636971.851638793945312,0.00605,0.00020,0.00084,0.00319,0.00014,0.00226,0.01269
1403636971.901638269424438,0.00599,0.00030,0.00365,0.00311,0.00630,0.00207,0.02141
1403636971.951637744903564,0.00617,0.00021,0.00863,0.00394,0.00157,0.00240,0.02292
1403636972.001638174057007,0.00756,0.00056,0.00025,0.00757,0.00018,0.00361,0.01973
1403636972.051638603210449,0.00669,0.00030,0.00023,0.00684,0.00042,0.00299,0.01747
1403636972.101638317108154,0.00740,0.00029,0.00014,0.00684,0.00019,0.00297,0.01783
1403636972.151638031005859,0.00714,0.00027,0.00039,0.00641,0.00000,0.00331,0.01751
1403636972.201638221740723,0.00690,0.00032,0.00066,0.00577,0.00047,0.00297,0.01708
1403636972.251636743545532,0.00564,0.00056,0.00016,0.00641,0.00192,0.00278,0.01747
1403636972.301636457443237,0.00529,0.00027,0.00009,0.00580,0.00029,0.00312,0.01486
1403636972.351638317108154,0.00590,0.00019,0.00039,0.00331,0.00031,0.00234,0.01244
1403636972.401643991470337,0.00647,0.00027,0.00525,0.00495,0.00333,0.00213,0.02241
1403636972.451647043228149,0.00607,0.00031,0.00022,0.00581,0.00028,0.00338,0.01607
1403636972.501650094985962,0.00610,0.00035,0.00004,0.00735,0.00230,0.00243,0.01856
1403636972.551651716232300,0.00609,0.00035,0.01025,0.00577,0.00909,0.00160,0.03314
1403636972.601653575897217,0.00707,0.00038,0.00012,0.00760,0.00013,0.00291,0.01820
1403636972.651653289794922,0.00733,0.00027,0.00008,0.00774,0.00016,0.00294,0.01852
1403636972.701653480529785,0.00600,0.00031,0.00014,0.00817,0.00207,0.00266,0.01935
1403636972.751653671264648,0.00635,0.00041,0.00003,0.01049,0.00000,0.00331,0.02059
1403636972.801653623580933,0.00650,0.00029,0.00012,0.00801,0.00118,0.00273,0.01882
1403636972.851653575897217,0.00609,0.00041,0.00014,0.01009,0.00057,0.00243,0.01972
1403636972.901653528213501,0.00547,0.00026,0.00008,0.00771,0.00008,0.00236,0.01595
1403636972.951653957366943,0.00608,0.00035,0.00062,0.00837,0.00019,0.00241,0.01803
1403636973.001654148101807,0.00607,0.00035,0.00419,0.01006,0.00024,0.00246,0.02337
1403636973.051654338836670,0.00678,0.00029,0.00003,0.00541,0.00006,0.00182,0.01439
1403636973.101654052734375,0.00618,0.00034,0.00019,0.00508,0.00029,0.00211,0.01418
1403636973.151654005050659,0.00663,0.00023,0.00517,0.00506,0.00142,0.00236,0.02087
1403636973.201653480529785,0.00630,0.00052,0.00014,0.00905,0.00015,0.00308,0.01923
1403636973.251652240753174,0.00571,0.00030,0.00010,0.00905,0.00014,0.00263,0.01794
1403636973.301651716232300,0.00598,0.00040,0.00004,0.00985,0.00012,0.00230,0.01869
1403636973.351652145385742,0.00691,0.00054,0.00002,0.00941,0.00000,0.00362,0.02051
1403636973.401651620864868,0.00643,0.00040,0.00019,0.01059,0.00014,0.00250,0.02025
1403636973.451652288436890,0.00573,0.00041,0.00003,0.00838,0.00036,0.00236,0.01727
1403636973.501651525497437,0.00559,0.00037,0.00003,0.00964,0.00011,0.00264,0.01838
1403636973.551651000976562,0.00518,0.00030,0.00151,0.00852,0.00017,0.00267,0.01836
1403636973.601649999618530,0.00628,0.00039,0.00791,0.00734,0.00043,0.00285,0.02522
1403636973.651649475097656,0.00544,0.00031,0.00020,0.00778,0.00033,0.00267,0.01673
1403636973.701649665832520,0.00650,0.00048,0.00186,0.00759,0.00150,0.00333,0.02126
1403636973.751650810241699,0.00558,0.00033,0.00591,0.00421,0.00165,0.00164,0.01932
1403636973.801648855209351,0.00645,0.00061,0.00245,0.00929,0.00017,0.00335,0.02234
1403636973.851650714874268,0.00629,0.00055,0.00003,0.00805,0.00016,0.00252,0.01759
1403636973.901651382446289,0.00530,0.00031,0.00011,0.00766,0.00110,0.00259,0.01707
1403636973.951653480529785,0.00625,0.00047,0.00002,0.00558,0.00000,0.00222,0.01454
1403636974.001655817031860,0.00566,0.00029,0.00013,0.00704,0.00037,0.00237,0.01587
1403636974.051656007766724,0.00581,0.00028,0.00003,0.00754,0.00033,0.00237,0.01635
1403636974.101655483245850,0.00599,0.00045,0.00003,0.00535,0.00008,0.00226,0.01415
1403636974.151653289794922,0.00668,0.00051,0.00179,0.00889,0.00111,0.00342,0.02240
1403636974.201650142669678,0.00636,0.00038,0.00151,0.00805,0.00048,0.00286,0.01964
1403636974.251645565032959,0.00551,0.00031,0.00008,0.00806,0.00015,0.00273,0.01683
1403636974.301640272140503,0.00666,0.00030,0.00021,0.00768,0.00051,0.00266,0.01801
1403636974.351636171340942,0.00568,0.00041,0.00456,0.00708,0.00241,0.00238,0.02253
1403636974.401631832122803,0.00618,0.00038,0.00014,0.00440,0.00027,0.00238,0.01375
1403636974.451627731323242,0.00627,0.00031,0.00018,0.00520,0.00022,0.00200,0.01418
1403636974.501624345779419,0.00624,0.00057,0.00003,0.00681,0.00008,0.00309,0.01682
1403636974.551620483398438,0.00791,0.00036,0.00003,0.00817,0.00000,0.00261,0.01908
1403636974.601617813110352,0.00650,0.00059,0.00026,0.00836,0.00104,0.00300,0.01975
1403636974.651616096496582,0.00587,0.00039,0.00023,0.00782,0.00034,0.00248,0.01712
1403636974.701614379882812,0.01067,0.00060,0.00034,0.00870,0.00141,0.00418,0.02590
1403636974.751615047454834,0.00702,0.00031,0.00150,0.00512,0.00065,0.00250,0.01709
1403636974.801620244979858,0.00655,0.00034,0.00562,0.00510,0.00216,0.00247,0.02224
1403636974.851622581481934,0.00968,0.00078,0.00020,0.00667,0.00014,0.00379,0.02127
1403636974.901624202728271,0.00703,0.00027,0.00023,0.00417,0.00215,0.00274,0.01659
1403636974.951624631881714,0.00692,0.00038,0.00303,0.00480,0.00739,0.00246,0.02499
1403636975.001623392105103,0.00852,0.00026,0.00077,0.00531,0.00181,0.00254,0.01921
1403636975.051622390747070,0.00596,0.00025,0.00134,0.00546,0.00014,0.00245,0.01561
1403636975.101622581481934,0.00608,0.00026,0.00097,0.00530,0.00023,0.00244,0.01529
1403636975.151622772216797,0.00694,0.00029,0.00002,0.00578,0.00000,0.00334,0.01638
1403636975.201623439788818,0.00636,0.00027,0.00024,0.00547,0.00017,0.00328,0.01579
1403636975.251628160476685,0.00632,0.00034,0.00754,0.00516,0.01056,0.00168,0.03160
1403636975.301629781723022,0.00757,0.00047,0.00129,0.00876,0.00007,0.00362,0.02178
1403636975.351631402969360,0.00626,0.00039,0.00027,0.01105,0.00067,0.00347,0.02210
1403636975.401632070541382,0.00661,0.00033,0.00048,0.00804,0.00053,0.00327,0.01926
1403636975.451633214950562,0.00620,0.00031,0.00022,0.00769,0.00012,0.00310,0.01763
1403636975.501634597778320,0.00549,0.00037,0.00003,0.00883,0.00221,0.00238,0.01932
1403636975.551633834838867,0.00558,0.00027,0.00015,0.00703,0.00405,0.00229,0.01937
1403636975.601634979248047,0.00550,0.00035,0.00003,0.00939,0.00020,0.00237,0.01784
1403636975.651635169982910,0.00506,0.00018,0.00002,0.00496,0.00009,0.00150,0.01181
1403636975.701635599136353,0.00594,0.00031,0.00003,0.00522,0.00004,0.00190,0.01344
1403636975.751635789871216,0.00569,0.00029,0.00002,0.00885,0.00000,0.00216,0.01702
1403636975.801635265350342,0.00530,0.00017,0.00016,0.00510,0.00012,0.00184,0.01270
1403636975.851634025573730,0.00625,0.00036,0.00096,0.00977,0.00462,0.00266,0.02464
1403636975.901632070541382,0.00644,0.00036,0.00003,0.01004,0.00008,0.00302,0.01996
1403636975.951628208160400,0.00639,0.00031,0.00009,0.00577,0.00036,0.00174,0.01468
1403636976.001626014709473,0.00608,0.00038,0.00057,0.00992,0.00046,0.00238,0.01979
1403636976.051624298095703,0.00696,0.00047,0.00003,0.00779,0.00013,0.00307,0.01845
1403636976.101623535156250,0.00688,0.00038,0.00034,0.00917,0.00049,0.00259,0.01986
1403636976.151623487472534,0.00631,0.00038,0.00016,0.00860,0.00051,0.00295,0.01891
1403636976.201624155044556,0.00558,0.00026,0.00019,0.00666,0.00019,0.00277,0.01565
1403636976.251624584197998,0.00442,0.00033,0.00005,0.00410,0.00009,0.00186,0.01086
1403636976.301624774932861,0.00545,0.00029,0.00010,0.00449,0.00004,0.00165,0.01201
1403636976.351624965667725,0.00566,0.00048,0.00018,0.00644,0.00000,0.00360,0.01636
1403636976.401625156402588,0.00573,0.00019,0.00032,0.00323,0.00010,0.00174,0.01131
1403636976.451626300811768,0.00682,0.00030,0.00360,0.00509,0.00470,0.00288,0.02339
1403636976.501625537872314,0.00648,0.00027,0.00006,0.00300,0.00004,0.00182,0.01166
1403636976.551625728607178,0.00956,0.00032,0.00023,0.00518,0.00057,0.00344,0.01930
1403636976.601626873016357,0.00702,0.00021,0.00060,0.00302,0.00122,0.00197,0.01404
1403636976.651626825332642,0.00685,0.00035,0.00023,0.00615,0.00017,0.00320,0.01696
1403636976.701627254486084,0.00614,0.00031,0.00027,0.00524,0.00187,0.00246,0.01629
1403636976.751626968383789,0.00685,0.00031,0.00016,0.00439,0.00112,0.00320,0.01604
1403636976.801628351211548,0.00679,0.00025,0.00015,0.00450,0.00021,0.00257,0.01448
1403636976.851628780364990,0.00686,0.00027,0.00083,0.00420,0.00011,0.00302,0.01528
1403636976.901629209518433,0.00702,0.00028,0.00017,0.00408,0.00002,0.00261,0.01419
1403636976.951630353927612,0.00631,0.00021,0.00010,0.00253,0.00026,0.00208,0.01149
1403636977.001631975173950,0.00562,0.00021,0.00005,0.00262,0.00010,0.00181,0.01041
1403636977.051629066467285,0.00654,0.00026,0.00091,0.00385,0.00900,0.00211,0.02267
1403636977.101624488830566,0.00592,0.00039,0.01498,0.00658,0.01374,0.00174,0.04335
1403636977.151624202728271,0.00320,0.00018,0.00002,0.00495,0.00031,0.00156,0.01022
1403636977.201623916625977,0.00633,0.00037,0.00022,0.00892,0.00050,0.00277,0.01911
1403636977.251622676849365,0.00639,0.00053,0.00003,0.01032,0.00013,0.00334,0.02074
1403636977.301621675491333,0.00602,0.00045,0.00018,0.00805,0.00200,0.00296,0.01967
1403636977.351621627807617,0.00625,0.00030,0.00003,0.00851,0.00137,0.00305,0.01952
1403636977.401621341705322,0.00641,0.00028,0.00003,0.00771,0.00021,0.00304,0.01768
1403636977.451621532440186,0.00616,0.00027,0.00002,0.00793,0.00123,0.00288,0.01851
1403636977.501622200012207,0.00595,0.00021,0.00010,0.00507,0.00123,0.00242,0.01499
1403636977.551623106002808,0.00668,0.00040,0.00256,0.00969,0.00109,0.00301,0.02343
1403636977.601623296737671,0.00610,0.00028,0.00002,0.00793,0.00022,0.00293,0.01749
1403636977.651624441146851,0.00519,0.00020,0.00022,0.00475,0.00150,0.00167,0.01353
1403636977.701624155044556,0.00595,0.00027,0.00758,0.00484,0.00022,0.00240,0.02126
1403636977.801622867584229,0.00876,0.00053,0.00028,0.00571,0.00208,0.00243,0.01979
1403636977.851622819900513,0.00644,0.00022,0.00008,0.00373,0.00201,0.00235,0.01483
1403636977.901623010635376,0.00514,0.00029,0.00034,0.00451,0.00059,0.00216,0.01304
1403636977.951623678207397,0.00629,0.00031,0.00024,0.00648,0.00134,0.00287,0.01754
1403636978.001624345779419,0.00581,0.00020,0.00003,0.00390,0.00027,0.00172,0.01194
1403636978.051624774932861,0.00577,0.00018,0.00036,0.00377,0.00327,0.00178,0.01513
1403636978.101624488830566,0.00582,0.00047,0.00008,0.00483,0.00038,0.00222,0.01381
1403636978.151624202728271,0.00597,0.00030,0.00073,0.00405,0.00075,0.00197,0.01378
1403636978.201626062393188,0.00624,0.00034,0.00018,0.00460,0.00230,0.00227,0.01593
1403636978.251626491546631,0.00598,0.00033,0.00021,0.00691,0.00132,0.00291,0.01766
1403636978.301626682281494,0.00588,0.00029,0.00037,0.00724,0.00178,0.00260,0.01817
1403636978.351625680923462,0.00791,0.00043,0.01212,0.00595,0.00130,0.00214,0.02985
1403636978.401625633239746,0.00699,0.00030,0.00016,0.00653,0.00168,0.00317,0.01884
1403636978.451626300811768,0.00693,0.00028,0.00008,0.00680,0.00043,0.00292,0.01744
1403636978.501627683639526,0.00664,0.00059,0.00107,0.00801,0.00168,0.00302,0.02102
1403636978.551628351211548,0.00617,0.00020,0.00010,0.00385,0.00016,0.00239,0.01288
1403636978.601628303527832,0.00584,0.00038,0.00038,0.00367,0.00000,0.00222,0.01249
1403636978.651628255844116,0.00656,0.00041,0.00014,0.00682,0.00027,0.00289,0.01710
1403636978.701627492904663,0.00576,0.00027,0.00130,0.00522,0.00058,0.00240,0.01553
1403636978.751627922058105,0.00571,0.00026,0.00025,0.00383,0.00000,0.00162,0.01167
1403636978.801626443862915,0.00626,0.00030,0.00149,0.00532,0.00027,0.00325,0.01688
1403636978.851625442504883,0.00613,0.00035,0.00161,0.00547,0.00011,0.00307,0.01674
1403636978.901625156402588,0.00582,0.00028,0.00752,0.00430,0.00617,0.00190,0.02599
1403636978.951626777648926,0.00540,0.00018,0.00431,0.00335,0.00622,0.00197,0.02142
1403636979.001625299453735,0.00597,0.00027,0.00002,0.00653,0.00100,0.00256,0.01636
1403636979.051625251770020,0.00615,0.00041,0.00003,0.00930,0.00047,0.00288,0.01924
1403636979.101625204086304,0.00548,0.00035,0.00025,0.00700,0.00317,0.00235,0.01859
1403636979.151623964309692,0.00623,0.00039,0.00012,0.00973,0.00009,0.00345,0.02000
1403636979.201622247695923,0.00610,0.00031,0.00013,0.00739,0.00025,0.00302,0.01721
1403636979.251620054244995,0.00627,0.00044,0.00002,0.00722,0.00000,0.00288,0.01683
1403636979.301617383956909,0.00833,0.00021,0.00013,0.00400,0.00080,0.00234,0.01581
1403636979.351615905761719,0.00723,0.00046,0.00069,0.00680,0.00003,0.00330,0.01851
1403636979.401612281799316,0.00689,0.00029,0.00074,0.00644,0.00211,0.00282,0.01929
1403636979.451609611511230,0.00661,0.00036,0.00003,0.00819,0.00243,0.00319,0.02081
1403636979.501610994338989,0.00657,0.00045,0.00428,0.00340,0.00061,0.00205,0.01735
1403636979.551616191864014,0.00731,0.00029,0.00568,0.00537,0.00494,0.00221,0.02579
1403636979.601619005203247,0.00646,0.00039,0.00026,0.00393,0.00007,0.00188,0.01300
1403636979.651621580123901,0.00650,0.00031,0.00010,0.00427,0.00028,0.00210,0.01357
1403636979.701624870300293,0.00656,0.00047,0.00071,0.00664,0.00009,0.00280,0.01727
1403636979.751631021499634,0.00616,0.00032,0.00016,0.00654,0.00045,0.00316,0.01681
1403636979.801641464233398,0.00577,0.00036,0.00006,0.00611,0.00000,0.00252,0.01483
1403636979.851652860641479,0.00600,0.00029,0.00103,0.00493,0.01354,0.00189,0.02768
1403636979.901654958724976,0.00586,0.00048,0.00053,0.00846,0.00142,0.00270,0.01946
1403636979.951654195785522,0.00597,0.00031,0.00115,0.00810,0.00103,0.00278,0.01935
1403636980.001652240753174,0.00805,0.00038,0.00034,0.00792,0.00025,0.00290,0.01982
1403636980.051649093627930,0.00615,0.00019,0.00012,0.00449,0.00116,0.00215,0.01426
1403636980.101645469665527,0.00628,0.00024,0.00395,0.00452,0.00155,0.00207,0.01861
1403636980.151643753051758,0.00651,0.00038,0.00200,0.00836,0.00249,0.00284,0.02259
1403636980.201642513275146,0.00605,0.00030,0.00039,0.00831,0.00109,0.00274,0.01890
1403636980.251641988754272,0.00562,0.00020,0.00090,0.00496,0.00081,0.00229,0.01478
1403636980.301641941070557,0.00664,0.00035,0.00044,0.00490,0.00121,0.00204,0.01559
1403636980.351642370223999,0.00605,0.00050,0.00005,0.00776,0.00006,0.00263,0.01706
1403636980.401643037796021,0.00670,0.00022,0.00053,0.00489,0.00002,0.00228,0.01464
1403636980.451643466949463,0.00613,0.00020,0.00013,0.00423,0.00014,0.00204,0.01286
1403636980.501644134521484,0.00576,0.00030,0.00185,0.00375,0.00004,0.00211,0.01381
1403636980.551643848419189,0.00790,0.00033,0.00415,0.00628,0.01299,0.00201,0.03366
1403636980.601644277572632,0.00647,0.00042,0.00196,0.01013,0.00020,0.00314,0.02234
1403636980.651644229888916,0.00560,0.00031,0.00042,0.00713,0.00000,0.00272,0.01619
1403636980.701644182205200,0.00538,0.00038,0.00262,0.00555,0.00053,0.00258,0.01704
1403636980.751645088195801,0.00603,0.00025,0.00012,0.00596,0.00134,0.00277,0.01648
1403636980.801649093627930,0.00574,0.00020,0.00013,0.00378,0.00124,0.00154,0.01263
1403636980.851649761199951,0.00685,0.00031,0.00005,0.00649,0.00194,0.00294,0.01858
1403636980.901648521423340,0.00619,0.00028,0.00050,0.00576,0.00007,0.00225,0.01504
1403636980.951646566390991,0.00704,0.00030,0.00030,0.00347,0.00072,0.00196,0.01378
1403636981.001645803451538,0.00594,0.00031,0.00026,0.00531,0.00187,0.00266,0.01637
1403636981.051640748977661,0.00629,0.00031,0.00200,0.00534,0.00037,0.00300,0.01731
1403636981.101637840270996,0.00758,0.00038,0.00076,0.00713,0.01150,0.00271,0.03007
1403636981.151637077331543,0.00613,0.00022,0.00020,0.00454,0.00154,0.00159,0.01423
1403636981.201636075973511,0.00652,0.00039,0.00169,0.00451,0.00014,0.00229,0.01554
1403636981.251635313034058,0.00586,0.00036,0.00102,0.00876,0.00000,0.00306,0.01907
1403636981.301633834838867,0.00651,0.00042,0.00031,0.00459,0.00130,0.00229,0.01542
1403636981.351634502410889,0.00801,0.00045,0.00084,0.00836,0.00027,0.00431,0.02223
1403636981.401634216308594,0.00574,0.00035,0.00019,0.00347,0.00003,0.00164,0.01142
1403636981.451635122299194,0.00711,0.00027,0.00026,0.00512,0.00024,0.00330,0.01630
1403636981.501635313034058,0.00566,0.00024,0.00040,0.00495,0.00006,0.00248,0.01380
1403636981.551636457443237,0.00614,0.00032,0.00018,0.00514,0.00007,0.00300,0.01484
1403636981.601637601852417,0.00609,0.00029,0.00029,0.00536,0.00023,0.00257,0.01483
1403636981.651637792587280,0.00615,0.00038,0.00134,0.00508,0.00583,0.00304,0.02183
1403636981.701636075973511,0.00614,0.00031,0.00005,0.00408,0.00339,0.00178,0.01575
1403636981.751635313034058,0.00594,0.00026,0.00017,0.00354,0.00027,0.00224,0.01241
1403636981.801635265350342,0.00690,0.00040,0.00107,0.00575,0.00044,0.00327,0.01783
1403636981.851635456085205,0.00676,0.00039,0.00122,0.00714,0.00394,0.00374,0.02318
1403636981.901634931564331,0.00641,0.00034,0.00105,0.00614,0.00547,0.00228,0.02169
1403636981.951634883880615,0.00560,0.00032,0.00051,0.00417,0.00015,0.00274,0.01348
1403636982.001634836196899,0.00736,0.00044,0.00187,0.00808,0.00471,0.00277,0.02523
1403636982.051636457443237,0.00690,0.00032,0.00019,0.00734,0.00155,0.00328,0.01959
1403636982.101635932922363,0.00640,0.00049,0.00096,0.00404,0.00115,0.00163,0.01468
1403636982.151635885238647,0.00613,0.00035,0.00032,0.00734,0.00005,0.00377,0.01795
1403636982.201636314392090,0.00705,0.00034,0.00134,0.00633,0.00000,0.00269,0.01775
1403636982.251636981964111,0.00722,0.00038,0.00049,0.00691,0.00270,0.00365,0.02135
1403636982.301637887954712,0.00662,0.00029,0.00105,0.00512,0.00109,0.00271,0.01688
1403636982.351639747619629,0.00735,0.00035,0.00033,0.00708,0.00149,0.00344,0.02004
1403636982.401640176773071,0.00791,0.00023,0.00093,0.00343,0.00023,0.00274,0.01546
1403636982.451641082763672,0.00730,0.00034,0.00043,0.00430,0.00258,0.00320,0.01816
1403636982.501641035079956,0.00654,0.00025,0.00011,0.00254,0.00180,0.00178,0.01303
1403636982.551642179489136,0.00703,0.00029,0.00040,0.00392,0.00534,0.00282,0.01980
1403636982.601643085479736,0.00798,0.00031,0.00021,0.00453,0.00110,0.00280,0.01693
1403636982.651645183563232,0.00654,0.00040,0.00054,0.00423,0.00003,0.00260,0.01433
1403636982.701647281646729,0.00663,0.00036,0.00061,0.00551,0.00118,0.00334,0.01763
1403636982.751646518707275,0.00674,0.00027,0.00028,0.00228,0.00096,0.00162,0.01214
1403636982.801645278930664,0.00659,0.00026,0.00022,0.00392,0.00002,0.00217,0.01319
1403636982.851644039154053,0.00595,0.00018,0.00054,0.00226,0.00019,0.00156,0.01068
1403636982.901643991470337,0.00523,0.00016,0.00010,0.00195,0.00116,0.00150,0.01010
1403636982.951645135879517,0.00651,0.00028,0.00232,0.00333,0.00244,0.00300,0.01789
1403636983.001648426055908,0.00705,0.00025,0.00083,0.00375,0.00919,0.00273,0.02380
1403636983.051650285720825,0.00578,0.00022,0.00013,0.00270,0.00104,0.00173,0.01160
1403636983.101651906967163,0.00615,0.00031,0.00216,0.00231,0.00305,0.00182,0.01580
1403636983.151653766632080,0.00655,0.00027,0.00098,0.00395,0.00973,0.00316,0.02463
1403636983.201653718948364,0.00637,0.00033,0.00021,0.00473,0.00037,0.00260,0.01461
1403636983.251653671264648,0.00688,0.00040,0.00032,0.00441,0.00035,0.00294,0.01530
1403636983.301653623580933,0.00570,0.00018,0.00042,0.00239,0.00019,0.00148,0.01036
1403636983.351653575897217,0.00503,0.00018,0.00010,0.00254,0.00000,0.00211,0.00996
1403636983.401653528213501,0.00643,0.00027,0.00068,0.00352,0.00812,0.00248,0.02150
1403636983.451653718948364,0.00607,0.00024,0.00004,0.00375,0.00167,0.00274,0.01452
1403636983.501652240753174,0.00569,0.00031,0.00003,0.00280,0.00128,0.00196,0.01208
1403636983.551651239395142,0.00646,0.00047,0.00032,0.00294,0.00125,0.00218,0.01362
1403636983.601651191711426,0.00738,0.00036,0.00011,0.00528,0.00285,0.00336,0.01934
1403636983.651650667190552,0.00568,0.00019,0.00036,0.00225,0.00002,0.00176,0.01026
1403636983.701650619506836,0.00575,0.00037,0.00035,0.00467,0.00579,0.00371,0.02064
1403636983.751650810241699,0.00556,0.00027,0.00011,0.00385,0.00159,0.00260,0.01399
1403636983.801651239395142,0.00542,0.00020,0.00109,0.00223,0.00714,0.00203,0.01811
1403636983.851651191711426,0.00521,0.00018,0.00020,0.00284,0.00000,0.00214,0.01057
1403636983.901650905609131,0.00582,0.00022,0.00048,0.00275,0.00008,0.00199,0.01134
1403636983.951651334762573,0.00630,0.00028,0.00036,0.00377,0.00211,0.00256,0.01537
1403636984.001651525497437,0.00586,0.00024,0.00007,0.00403,0.00239,0.00262,0.01521
1403636984.051651716232300,0.00537,0.00026,0.00055,0.00403,0.00018,0.00249,0.01288
1403636984.101652145385742,0.00709,0.00026,0.00055,0.00424,0.00213,0.00292,0.01719
1403636984.151652574539185,0.00646,0.00034,0.00096,0.00523,0.01335,0.00246,0.02881
1403636984.201653003692627,0.00642,0.00035,0.00196,0.00585,0.00041,0.00269,0.01768
1403636984.251652717590332,0.00595,0.00047,0.00087,0.00499,0.00181,0.00260,0.01667
1403636984.301652669906616,0.00570,0.00027,0.00051,0.00506,0.00133,0.00289,0.01576
1403636984.351652622222900,0.00610,0.00024,0.00051,0.00470,0.00850,0.00264,0.02270
1403636984.401652812957764,0.00658,0.00028,0.00100,0.00522,0.00557,0.00242,0.02108
1403636984.451653480529785,0.00354,0.00018,0.00011,0.00386,0.00379,0.00144,0.01291
1403636984.501653909683228,0.00611,0.00053,0.00172,0.00465,0.00007,0.00194,0.01502
1403636984.551654338836670,0.00497,0.00030,0.00163,0.00708,0.00039,0.00239,0.01676
1403636984.601654767990112,0.00409,0.00030,0.00052,0.00398,0.00052,0.00139,0.01081
1403636984.651654720306396,0.00650,0.00020,0.00020,0.00364,0.00398,0.00217,0.01669
1403636984.701655149459839,0.00736,0.00042,0.00022,0.00707,0.00056,0.00258,0.01821
1403636984.751654624938965,0.00507,0.00029,0.00024,0.00688,0.00097,0.00240,0.01585
1403636984.801654338836670,0.00588,0.00056,0.00048,0.00621,0.00043,0.00283,0.01639
1403636984.851653814315796,0.00584,0.00047,0.00005,0.00495,0.00061,0.00173,0.01366
1403636984.901654005050659,0.00566,0.00053,0.00025,0.00537,0.00212,0.00243,0.01637
1403636984.951654195785522,0.00689,0.00047,0.00163,0.00279,0.00369,0.00267,0.01813
1403636985.001653671264648,0.00531,0.00044,0.00028,0.00435,0.00702,0.00243,0.01983
1403636985.051653623580933,0.00610,0.00047,0.00138,0.00486,0.00711,0.00226,0.02218
1403636985.101651430130005,0.00537,0.00017,0.00013,0.00359,0.00007,0.00184,0.01118
1403636985.151649951934814,0.00631,0.00057,0.00216,0.00493,0.00196,0.00264,0.01857
1403636985.201649188995361,0.00677,0.00042,0.00030,0.00650,0.01043,0.00363,0.02804
1403636985.251648426055908,0.00691,0.00038,0.00107,0.00599,0.00090,0.00258,0.01783
1403636985.301648855209351,0.00581,0.00029,0.00107,0.00592,0.00036,0.00280,0.01626
1403636985.351648569107056,0.00592,0.00051,0.00083,0.00502,0.00197,0.00237,0.01662
1403636985.401648759841919,0.00762,0.00046,0.00181,0.00754,0.00087,0.00374,0.02204
1403636985.451648473739624,0.00590,0.00026,0.00023,0.00504,0.00000,0.00348,0.01492
1403636985.501648187637329,0.00771,0.00053,0.00271,0.00431,0.00956,0.00266,0.02749
1403636985.551647424697876,0.00698,0.00032,0.00228,0.00321,0.00025,0.00263,0.01567
1403636985.601647615432739,0.00548,0.00019,0.00035,0.00310,0.00043,0.00177,0.01133
1403636985.651647806167603,0.00536,0.00020,0.00024,0.00330,0.00115,0.00234,0.01260
1403636985.701648235321045,0.00603,0.00030,0.00014,0.00325,0.00120,0.00203,0.01295
1403636985.751648187637329,0.00592,0.00028,0.00051,0.00422,0.00022,0.00255,0.01370
1403636985.801647901535034,0.00545,0.00016,0.00010,0.00339,0.00640,0.00175,0.01726
1403636985.851646184921265,0.00702,0.00051,0.00132,0.00638,0.00006,0.00326,0.01856
1403636985.901644706726074,0.00630,0.00038,0.00409,0.00574,0.00036,0.00259,0.01946
1403636985.951644182205200,0.00715,0.00040,0.00463,0.00532,0.00368,0.00295,0.02413
1403636986.001646280288696,0.00612,0.00036,0.00286,0.00493,0.00142,0.00255,0.01825
1403636986.051651477813721,0.00579,0.00027,0.00091,0.00462,0.00004,0.00278,0.01441
1403636986.101660251617432,0.00582,0.00026,0.00014,0.00317,0.00670,0.00159,0.01768
1403636986.151669502258301,0.00738,0.00058,0.00003,0.00760,0.00183,0.00335,0.02077
1403636986.201678752899170,0.00652,0.00040,0.00011,0.00834,0.00051,0.00295,0.01882
1403636986.251683235168457,0.00630,0.00024,0.00017,0.00549,0.00590,0.00266,0.02076
1403636986.301686286926270,0.00607,0.00021,0.00002,0.00384,0.00023,0.00173,0.01210
1403636986.351685762405396,0.00623,0.00027,0.00032,0.00521,0.00034,0.00317,0.01554
1403636986.401684761047363,0.00601,0.00037,0.00017,0.00514,0.00115,0.00255,0.01539
1403636986.451683759689331,0.00726,0.00036,0.00125,0.00545,0.00006,0.00353,0.01791
1403636986.501682043075562,0.00625,0.00026,0.00370,0.00477,0.01649,0.00146,0.03294
1403636986.551680564880371,0.00588,0.00021,0.00130,0.00492,0.00247,0.00204,0.01684
1403636986.601678133010864,0.00658,0.00031,0.00195,0.00887,0.00174,0.00286,0.02231
1403636986.651676893234253,0.00546,0.00020,0.00054,0.00554,0.00119,0.00158,0.01452
1403636986.701678037643433,0.00556,0.00020,0.00410,0.00534,0.00248,0.00153,0.01922
1403636986.751677751541138,0.00558,0.00021,0.00001,0.00598,0.00063,0.00171,0.01413
1403636986.801677465438843,0.00597,0.00030,0.00061,0.01036,0.00026,0.00182,0.01933
1403636986.851677656173706,0.00641,0.00038,0.00554,0.00677,0.00036,0.00243,0.02188
1403636986.901677370071411,0.00648,0.00037,0.00003,0.01024,0.00036,0.00339,0.02087
1403636986.951677322387695,0.00612,0.00036,0.00312,0.01038,0.00031,0.00286,0.02315
1403636987.001676082611084,0.00608,0.00038,0.01117,0.00969,0.00075,0.00273,0.03081
1403636987.051676034927368,0.00576,0.00029,0.00002,0.00713,0.00161,0.00245,0.01726
1403636987.101676225662231,0.00699,0.00050,0.00659,0.01033,0.00000,0.00261,0.02702
1403636987.151676654815674,0.00596,0.00050,0.00209,0.00979,0.00001,0.00242,0.02079
1403636987.201676130294800,0.00579,0.00029,0.00263,0.00945,0.00046,0.00278,0.02140
1403636987.251675844192505,0.00587,0.00028,0.00036,0.00954,0.00000,0.00247,0.01852
1403636987.301675558090210,0.00570,0.00038,0.00563,0.00915,0.00323,0.00162,0.02570
1403636987.351675033569336,0.00575,0.00030,0.00058,0.01052,0.00000,0.00250,0.01966
1403636987.401674985885620,0.00588,0.00025,0.00013,0.00590,0.00000,0.00161,0.01377
1403636987.451674461364746,0.00527,0.00019,0.00326,0.00573,0.00396,0.00189,0.02029
1403636987.501674413681030,0.00573,0.00029,0.00012,0.00751,0.00015,0.00147,0.01528
1403636987.551674127578735,0.00588,0.00028,0.00053,0.00688,0.00022,0.00246,0.01625
1403636987.601674318313599,0.00525,0.00020,0.00103,0.00609,0.00037,0.00204,0.01500
1403636987.651672840118408,0.00545,0.00025,0.00460,0.00588,0.00254,0.00207,0.02079
1403636987.701672554016113,0.00607,0.00040,0.00287,0.01104,0.00059,0.00267,0.02366
1403636987.751671075820923,0.00631,0.00043,0.00298,0.01151,0.00111,0.00319,0.02553
1403636987.801670074462891,0.00548,0.00034,0.00422,0.01116,0.00140,0.00284,0.02543
1403636987.851670026779175,0.00477,0.00021,0.00076,0.00677,0.00000,0.00157,0.01409
1403636987.901669979095459,0.00407,0.00018,0.00334,0.00649,0.00004,0.00146,0.01558
1403636987.951669216156006,0.00790,0.00035,0.00725,0.01297,0.00217,0.00267,0.03332
1403636988.001669406890869,0.00751,0.00045,0.00021,0.01147,0.00003,0.00278,0.02245
1403636988.051669359207153,0.00711,0.00039,0.00267,0.00986,0.00007,0.00274,0.02283
1403636988.101669073104858,0.00697,0.00040,0.00038,0.00680,0.00063,0.00244,0.01761
1403636988.151669979095459,0.00645,0.00020,0.00002,0.00639,0.00025,0.00256,0.01587
1403636988.201670885086060,0.00656,0.00032,0.00139,0.00618,0.00038,0.00190,0.01673
1403636988.251671075820923,0.00644,0.00037,0.00723,0.00978,0.00226,0.00260,0.02869
1403636988.301671504974365,0.00611,0.00029,0.00019,0.00985,0.00038,0.00261,0.01943
1403636988.351669549942017,0.00677,0.00028,0.00205,0.00973,0.00317,0.00195,0.02395
1403636988.401669025421143,0.00693,0.00028,0.00420,0.01048,0.00024,0.00196,0.02409
1403636988.451668739318848,0.00658,0.00046,0.00003,0.01437,0.00000,0.00254,0.02398
1403636988.501667976379395,0.00651,0.00025,0.01066,0.00706,0.00000,0.00153,0.02601
1403636988.551667928695679,0.00739,0.00058,0.00545,0.01065,0.00000,0.00251,0.02658
1403636988.601668596267700,0.00608,0.00035,0.00010,0.01094,0.00000,0.00243,0.01989
1403636988.651669025421143,0.00646,0.00055,0.00280,0.01259,0.00000,0.00288,0.02528
1403636988.701669692993164,0.00607,0.00029,0.00191,0.01077,0.00000,0.00281,0.02185
1403636988.751669883728027,0.00611,0.00030,0.00036,0.00709,0.00000,0.00151,0.01538
1403636988.801670551300049,0.00706,0.00042,0.00185,0.01259,0.00000,0.00252,0.02444
1403636988.851670742034912,0.00594,0.00035,0.00497,0.01209,0.00000,0.00276,0.02612
1403636988.901670217514038,0.00558,0.00022,0.00044,0.00703,0.00000,0.00182,0.01508
1403636988.951671838760376,0.00607,0.00031,0.00217,0.01162,0.00000,0.00308,0.02325
1403636989.001674413681030,0.00547,0.00018,0.00038,0.00688,0.00000,0.00208,0.01499
1403636989.051675081253052,0.00614,0.00038,0.00013,0.01368,0.00003,0.00268,0.02304
1403636989.101675510406494,0.00653,0.00029,0.01424,0.00902,0.00004,0.00160,0.03172
1403636989.151675939559937,0.00638,0.00040,0.00608,0.01098,0.00122,0.00190,0.02696
1403636989.201676368713379,0.00546,0.00023,0.00002,0.00678,0.00004,0.00185,0.01438
1403636989.251677989959717,0.00699,0.00045,0.00015,0.01302,0.00007,0.00327,0.02394
1403636989.301678657531738,0.00652,0.00041,0.00023,0.01300,0.00029,0.00307,0.02352
1403636989.351679325103760,0.00640,0.00038,0.00003,0.01262,0.00039,0.00293,0.02275
1403636989.401679277420044,0.00597,0.00042,0.00199,0.01166,0.00032,0.00245,0.02281
1403636989.451679706573486,0.00650,0.00024,0.00367,0.00670,0.00126,0.00237,0.02074
1403636989.501678943634033,0.00638,0.00040,0.00259,0.01206,0.00000,0.00283,0.02426
1403636989.551678419113159,0.00630,0.00045,0.00136,0.00678,0.00002,0.00266,0.01757
1403636989.601676225662231,0.00808,0.00048,0.00321,0.01232,0.00005,0.00347,0.02762
1403636989.651675462722778,0.00651,0.00039,0.00004,0.01325,0.00193,0.00286,0.02498
1403636989.701672792434692,0.00659,0.00030,0.01019,0.00720,0.00000,0.00181,0.02609
1403636989.751672029495239,0.00716,0.00059,0.00672,0.01102,0.00000,0.00239,0.02788
1403636989.801671981811523,0.00615,0.00061,0.00121,0.01267,0.00000,0.00264,0.02328
1403636989.851670265197754,0.00541,0.00022,0.00129,0.00696,0.00000,0.00160,0.01548
1403636989.901669740676880,0.00682,0.00050,0.00111,0.01213,0.00000,0.00327,0.02383
1403636989.951669454574585,0.00587,0.00046,0.00057,0.01170,0.00001,0.00269,0.02132
1403636990.001669168472290,0.00610,0.00031,0.00091,0.01022,0.00033,0.00255,0.02040
1403636990.051669120788574,0.00682,0.00033,0.00109,0.01147,0.00316,0.00349,0.02637
1403636990.101668596267700,0.00644,0.00039,0.00407,0.01201,0.00000,0.00312,0.02604
1403636990.151669263839722,0.00634,0.00031,0.00441,0.01177,0.00003,0.00269,0.02556
1403636990.201670408248901,0.00585,0.00030,0.00085,0.01202,0.00005,0.00292,0.02199
1403636990.251671314239502,0.00531,0.00034,0.00002,0.00690,0.00000,0.00162,0.01419
1403636990.301671504974365,0.00553,0.00034,0.00712,0.00679,0.00126,0.00171,0.02276
1403636990.351671934127808,0.00652,0.00034,0.00554,0.01096,0.00000,0.00302,0.02638
1403636990.401672124862671,0.00598,0.00044,0.00097,0.01117,0.00000,0.00258,0.02114
1403636990.451672554016113,0.00597,0.00020,0.00011,0.00718,0.00000,0.00189,0.01536
1403636990.501672267913818,0.00556,0.00021,0.00064,0.00714,0.00000,0.00172,0.01527
1403636990.551672458648682,0.00558,0.00018,0.00081,0.00684,0.00000,0.00154,0.01495
1403636990.601672410964966,0.00677,0.00048,0.00380,0.01043,0.00000,0.00293,0.02440
1403636990.651672601699829,0.00592,0.00021,0.00071,0.00653,0.00063,0.00166,0.01566
1403636990.701672554016113,0.00567,0.00031,0.00302,0.01031,0.00037,0.00270,0.02238
1403636990.751672744750977,0.00621,0.00039,0.00267,0.01329,0.00007,0.00258,0.02521
1403636990.801673650741577,0.00641,0.00031,0.00075,0.01054,0.00005,0.00273,0.02080
1403636990.851673364639282,0.00615,0.00055,0.00003,0.01209,0.00000,0.00251,0.02134
1403636990.901674985885620,0.00591,0.00028,0.01208,0.00807,0.00113,0.00185,0.02932
1403636990.951675891876221,0.00571,0.00045,0.00568,0.01040,0.00001,0.00197,0.02422
1403636991.001676082611084,0.00564,0.00028,0.00009,0.00973,0.00098,0.00224,0.01896
1403636991.051675796508789,0.00572,0.00036,0.00019,0.00963,0.00006,0.00245,0.01842
1403636991.101676464080811,0.00620,0.00037,0.00012,0.01043,0.00103,0.00241,0.02056
1403636991.151676416397095,0.00697,0.00069,0.00011,0.01151,0.00158,0.00370,0.02457
1403636991.201676845550537,0.00681,0.00041,0.00492,0.01022,0.00031,0.00293,0.02561
1403636991.251676797866821,0.00647,0.00038,0.00236,0.00989,0.00191,0.00261,0.02364
1403636991.301676750183105,0.00588,0.00031,0.00237,0.00963,0.00003,0.00242,0.02065
1403636991.351676702499390,0.00558,0.00031,0.00212,0.01071,0.00007,0.00253,0.02133
1403636991.401676893234253,0.00598,0.00030,0.00087,0.01091,0.00006,0.00272,0.02085
1403636991.451676845550537,0.00566,0.00038,0.00003,0.01197,0.00000,0.00297,0.02101
1403636991.501676321029663,0.00599,0.00039,0.01179,0.01064,0.00314,0.00209,0.03404
1403636991.551676750183105,0.00470,0.00020,0.00377,0.00655,0.00000,0.00182,0.01703
1403636991.601678371429443,0.00520,0.00020,0.00002,0.00669,0.00000,0.00183,0.01394
1403636991.651679277420044,0.00533,0.00019,0.00011,0.00665,0.00000,0.00167,0.01395
1403636991.701676845550537,0.00520,0.00021,0.00020,0.00658,0.00000,0.00194,0.01413
1403636991.751675367355347,0.00563,0.00039,0.00070,0.00634,0.00000,0.00235,0.01543
1403636991.801676273345947,0.00683,0.00038,0.00255,0.00996,0.00189,0.00308,0.02469
1403636991.851675510406494,0.00578,0.00041,0.00003,0.01018,0.00006,0.00274,0.01920
1403636991.901677370071411,0.00564,0.00056,0.00023,0.01124,0.00034,0.00239,0.02039
1403636991.951676130294800,0.00594,0.00036,0.00041,0.01203,0.00007,0.00234,0.02115
1403636992.001676082611084,0.00958,0.00034,0.00014,0.01022,0.00064,0.00291,0.02383
1403636992.051672697067261,0.00712,0.00021,0.00006,0.00629,0.00000,0.00180,0.01549
1403636992.101669788360596,0.00758,0.00051,0.00357,0.01038,0.00010,0.00332,0.02545
1403636992.151669740676880,0.00727,0.00029,0.00233,0.01050,0.00008,0.00354,0.02402
1403636992.201668977737427,0.00709,0.00048,0.00003,0.01042,0.00000,0.00313,0.02115
1403636992.251670598983765,0.00745,0.00057,0.00013,0.00983,0.00011,0.00291,0.02100
1403636992.301671028137207,0.00702,0.00040,0.00018,0.00942,0.00098,0.00290,0.02091
1403636992.351673841476440,0.00708,0.00038,0.00054,0.00625,0.00022,0.00238,0.01685
1403636992.401674985885620,0.00814,0.00041,0.00014,0.01002,0.00040,0.00388,0.02300
1403636992.451675891876221,0.00731,0.00037,0.00250,0.00957,0.00005,0.00267,0.02246
1403636992.501675844192505,0.00634,0.00021,0.00091,0.00576,0.00028,0.00167,0.01518
1403636992.551677942276001,0.00712,0.00037,0.02394,0.00734,0.00159,0.00189,0.04226
1403636992.601677894592285,0.00648,0.00018,0.00403,0.00567,0.00252,0.00188,0.02076
1403636992.651677846908569,0.00722,0.00043,0.00003,0.01211,0.00000,0.00326,0.02306
1403636992.701678752899170,0.00705,0.00040,0.00568,0.00997,0.00013,0.00300,0.02624
1403636992.751678705215454,0.00663,0.00030,0.00310,0.01016,0.00110,0.00315,0.02444
1403636992.801678419113159,0.00680,0.00033,0.00037,0.00886,0.00024,0.00292,0.01952
1403636992.851679325103760,0.00733,0.00061,0.00010,0.00950,0.00006,0.00370,0.02131
1403636992.901679515838623,0.00744,0.00033,0.00013,0.00602,0.00006,0.00196,0.01594
1403636992.951679944992065,0.00821,0.00066,0.00004,0.01020,0.00034,0.00404,0.02348
1403636993.001681566238403,0.00767,0.00039,0.00011,0.01356,0.00216,0.00353,0.02742
1403636993.051682233810425,0.00720,0.00031,0.00003,0.01016,0.00000,0.00336,0.02106
1403636993.101683139801025,0.00719,0.00042,0.00015,0.00588,0.00021,0.00265,0.01650
1403636993.151681661605835,0.00791,0.00035,0.01309,0.00564,0.00021,0.00243,0.02962
1403636993.201681137084961,0.00723,0.00042,0.00833,0.00835,0.00129,0.00296,0.02858
1403636993.251680374145508,0.00703,0.00038,0.00016,0.01015,0.00002,0.00304,0.02078
1403636993.301678657531738,0.00766,0.00048,0.00073,0.01087,0.00023,0.00341,0.02339
1403636993.351677417755127,0.00700,0.00038,0.00003,0.01042,0.00234,0.00328,0.02345
1403636993.401675701141357,0.00705,0.00140,0.00003,0.00907,0.00000,0.00382,0.02137
1403636993.451673269271851,0.00707,0.00032,0.00013,0.00545,0.00008,0.00199,0.01505
1403636993.551671504974365,0.00637,0.00030,0.00055,0.00520,0.00007,0.00227,0.01476
1403636993.601670980453491,0.00617,0.00019,0.00001,0.00486,0.00021,0.00194,0.01338
1403636993.651671886444092,0.00702,0.00030,0.00012,0.00535,0.00008,0.00194,0.01482
1403636993.701672554016113,0.00606,0.00020,0.00012,0.00477,0.00003,0.00167,0.01286
1403636993.751673460006714,0.00621,0.00018,0.00002,0.00484,0.00239,0.00185,0.01548
1403636993.801677703857422,0.00637,0.00037,0.01729,0.00507,0.00251,0.00203,0.03365
1403636993.851677894592285,0.00687,0.00030,0.00047,0.00909,0.00269,0.00331,0.02274
1403636993.901679039001465,0.00658,0.00053,0.00011,0.01020,0.00006,0.00313,0.02061
1403636993.951681137084961,0.00641,0.00044,0.00091,0.00850,0.00024,0.00278,0.01928
1403636994.001683473587036,0.00698,0.00040,0.00003,0.01018,0.00015,0.00312,0.02086
1403636994.051686525344849,0.00427,0.00031,0.00008,0.00556,0.00000,0.00181,0.01203
1403636994.101688146591187,0.00396,0.00019,0.00018,0.00525,0.00021,0.00185,0.01164
1403636994.151690721511841,0.00667,0.00041,0.00003,0.00849,0.00010,0.00254,0.01824
1403636994.201690673828125,0.00636,0.00025,0.00006,0.00851,0.00032,0.00264,0.01814
1403636994.251691579818726,0.00687,0.00056,0.00031,0.01061,0.00013,0.00293,0.02141
1403636994.301691293716431,0.00635,0.00044,0.00003,0.00899,0.00112,0.00324,0.02016
1403636994.351691007614136,0.00628,0.00027,0.00009,0.00811,0.00012,0.00261,0.01747
1403636994.401691198348999,0.00622,0.00028,0.01528,0.00486,0.00034,0.00170,0.02868
1403636994.451691389083862,0.00574,0.00021,0.00192,0.00487,0.00063,0.00196,0.01532
1403636994.501690864562988,0.00551,0.00018,0.00005,0.00535,0.00004,0.00157,0.01271
1403636994.551689863204956,0.00659,0.00040,0.00095,0.01030,0.00035,0.00312,0.02171
1403636994.601689338684082,0.00637,0.00038,0.00003,0.01026,0.00014,0.00293,0.02011
1403636994.651688814163208,0.00640,0.00040,0.00002,0.00841,0.00000,0.00278,0.01800
1403636994.701688766479492,0.00668,0.00042,0.00011,0.01033,0.00014,0.00283,0.02051
1403636994.751688480377197,0.00652,0.00035,0.00013,0.00951,0.00201,0.00271,0.02122
1403636994.801688909530640,0.00629,0.00032,0.00022,0.00785,0.00032,0.00262,0.01763
1403636994.851689338684082,0.00665,0.00051,0.00003,0.00981,0.00176,0.00255,0.02131
1403636994.901690959930420,0.00658,0.00036,0.00004,0.00980,0.00008,0.00293,0.01978
1403636994.951692819595337,0.00621,0.00033,0.00003,0.00898,0.00014,0.00281,0.01850
1403636995.001697301864624,0.00740,0.00039,0.01854,0.00580,0.00150,0.00234,0.03597
1403636995.051697492599487,0.00624,0.00030,0.00277,0.00768,0.00225,0.00221,0.02145
1403636995.101698160171509,0.00674,0.00039,0.00003,0.01223,0.00016,0.00387,0.02342
1403636995.151698112487793,0.00611,0.00038,0.00086,0.00783,0.00043,0.00253,0.01814
1403636995.201698303222656,0.00652,0.00147,0.00050,0.00971,0.00115,0.00418,0.02354
1403636995.251698493957520,0.00793,0.00050,0.00003,0.01134,0.00000,0.00282,0.02263
1403636995.301698923110962,0.00656,0.00029,0.00002,0.00908,0.00019,0.00277,0.01892
1403636995.351699590682983,0.00643,0.00037,0.00018,0.01102,0.00007,0.00279,0.02086
1403636995.401700735092163,0.00670,0.00038,0.00019,0.00956,0.00040,0.00292,0.02015
1403636995.451702356338501,0.00619,0.00028,0.00002,0.00859,0.00014,0.00286,0.01809
1403636995.501702308654785,0.00640,0.00039,0.00004,0.01039,0.00008,0.00275,0.02005
1403636995.551702260971069,0.00610,0.00037,0.00011,0.00895,0.00037,0.00304,0.01894
1403636995.601700305938721,0.00605,0.00028,0.01533,0.00762,0.00017,0.00187,0.03133
1403636995.651700973510742,0.00627,0.00031,0.00084,0.00512,0.00137,0.00196,0.01587
1403636995.701701164245605,0.00532,0.00023,0.00002,0.00552,0.00007,0.00192,0.01309
1403636995.751701593399048,0.00542,0.00019,0.00025,0.00540,0.00074,0.00192,0.01392
1403636995.801701784133911,0.00553,0.00020,0.00002,0.00546,0.00007,0.00184,0.01313
1403636995.851701974868774,0.00705,0.00054,0.00023,0.00928,0.00001,0.00340,0.02051
1403636995.901702165603638,0.00656,0.00037,0.00023,0.00956,0.00017,0.00290,0.01978
1403636995.951702594757080,0.00601,0.00039,0.00024,0.01097,0.00009,0.00349,0.02118
1403636996.001702547073364,0.00584,0.00037,0.00019,0.01011,0.00320,0.00360,0.02333
1403636996.051702260971069,0.00570,0.00034,0.00002,0.00878,0.00013,0.00274,0.01772
1403636996.101702213287354,0.00570,0.00039,0.00003,0.01057,0.00008,0.00278,0.01956
1403636996.151702165603638,0.00518,0.00031,0.00002,0.00510,0.00006,0.00179,0.01246
1403636996.201702833175659,0.00531,0.00025,0.00671,0.00416,0.00037,0.00173,0.01854
1403636996.251702785491943,0.00505,0.00031,0.00002,0.00437,0.00078,0.00191,0.01244
1403636996.301702976226807,0.00368,0.00023,0.00025,0.00436,0.00018,0.00158,0.01028
1403636996.351703166961670,0.00477,0.00022,0.00008,0.00447,0.00029,0.00173,0.01157
1403636996.401703119277954,0.00572,0.00043,0.00003,0.00870,0.00011,0.00284,0.01784
1403636996.451703071594238,0.00547,0.00036,0.00007,0.00810,0.00096,0.00288,0.01785
1403636996.501702547073364,0.00479,0.00020,0.00002,0.00474,0.00012,0.00169,0.01155
1403636996.551702260971069,0.00557,0.00020,0.00002,0.00458,0.00000,0.00184,0.01221
1403636996.601701498031616,0.00544,0.00030,0.00002,0.00529,0.00023,0.00185,0.01313
1403636996.651700735092163,0.00534,0.00036,0.00011,0.00717,0.00205,0.00268,0.01771
1403636996.701699972152710,0.00559,0.00040,0.00015,0.00751,0.00029,0.00270,0.01664
1403636996.751698970794678,0.00546,0.00030,0.00008,0.00793,0.00010,0.00295,0.01683
1403636996.801697254180908,0.00556,0.00028,0.00786,0.00777,0.00054,0.00289,0.02490
1403636996.851696252822876,0.00559,0.00031,0.00002,0.00793,0.00035,0.00297,0.01718
1403636996.901695489883423,0.00474,0.00022,0.00007,0.00468,0.00010,0.00178,0.01159
1403636996.951694726943970,0.00550,0.00036,0.00012,0.00826,0.00048,0.00258,0.01730
1403636997.001694202423096,0.00503,0.00021,0.00002,0.00447,0.00008,0.00206,0.01187
1403636997.051694154739380,0.00557,0.00019,0.00010,0.00439,0.00015,0.00185,0.01226
1403636997.101694583892822,0.00566,0.00036,0.00009,0.00769,0.00019,0.00284,0.01684
1403636997.151695728302002,0.00544,0.00029,0.00002,0.00763,0.00000,0.00297,0.01636
1403636997.201696395874023,0.00536,0.00030,0.00009,0.00410,0.00021,0.00172,0.01178
1403636997.251696586608887,0.00533,0.00028,0.00009,0.00656,0.00008,0.00279,0.01513
1403636997.301696777343750,0.00528,0.00029,0.00017,0.00443,0.00017,0.00156,0.01191
1403636997.351696252822876,0.00466,0.00019,0.00096,0.00385,0.00004,0.00178,0.01148
1403636997.401697158813477,0.00464,0.00018,0.00461,0.00384,0.00243,0.00169,0.01741
1403636997.451695680618286,0.00558,0.00038,0.00003,0.00801,0.00028,0.00285,0.01713
1403636997.501694202423096,0.00912,0.00019,0.00002,0.00392,0.00115,0.00168,0.01609
1403636997.551693201065063,0.00847,0.00044,0.00006,0.00838,0.00047,0.00401,0.02183
1403636997.601692199707031,0.00749,0.00028,0.00008,0.00619,0.00011,0.00261,0.01677
1403636997.651691436767578,0.00694,0.00035,0.00015,0.00696,0.00000,0.00246,0.01687
1403636997.701690912246704,0.00763,0.00037,0.00010,0.00726,0.00015,0.00349,0.01900
1403636997.751690387725830,0.00748,0.00038,0.00042,0.00621,0.00000,0.00309,0.01758
1403636997.801690578460693,0.00876,0.00023,0.00007,0.00398,0.00004,0.00206,0.01513
1403636997.851691007614136,0.00394,0.00017,0.00171,0.00377,0.00004,0.00178,0.01142
1403636997.901691198348999,0.00514,0.00021,0.00059,0.00399,0.00007,0.00250,0.01252
1403636997.951691865921021,0.00478,0.00021,0.00007,0.00409,0.00004,0.00234,0.01152
1403636998.001691818237305,0.00786,0.00034,0.00096,0.00400,0.00041,0.00247,0.01604
1403636998.101693630218506,0.00809,0.00028,0.00442,0.00389,0.00258,0.00253,0.02179
1403636998.151693820953369,0.00857,0.00054,0.00106,0.00883,0.00011,0.00348,0.02260
1403636998.201694965362549,0.00813,0.00037,0.00173,0.00944,0.00049,0.00327,0.02343
1403636998.251694917678833,0.00706,0.00026,0.00008,0.00444,0.00025,0.00197,0.01407
1403636998.301695346832275,0.00752,0.00027,0.00002,0.00489,0.00000,0.00311,0.01581
1403636998.351695537567139,0.00765,0.00030,0.00004,0.00782,0.00017,0.00373,0.01971
1403636998.401695489883423,0.00718,0.00028,0.01647,0.00467,0.00500,0.00201,0.03562
1403636998.451694965362549,0.00750,0.00036,0.00551,0.00701,0.00540,0.00202,0.02781
1403636998.501695156097412,0.00720,0.00034,0.00006,0.00557,0.00005,0.00204,0.01527
1403636998.551695346832275,0.00770,0.00035,0.00019,0.01070,0.00015,0.00353,0.02263
1403636998.601696491241455,0.00782,0.00038,0.00018,0.00787,0.00008,0.00289,0.01922
1403636998.651697397232056,0.00801,0.00040,0.00105,0.00743,0.00044,0.00290,0.02023
1403636998.701698541641235,0.00702,0.00027,0.00264,0.00484,0.00025,0.00266,0.01768
1403636998.751698970794678,0.00791,0.00039,0.00004,0.00862,0.00006,0.00290,0.01992
1403636998.801699399948120,0.00702,0.00036,0.00045,0.00495,0.00020,0.00281,0.01579
1403636998.851698875427246,0.00762,0.00036,0.00011,0.00959,0.00043,0.00289,0.02101
1403636998.901697635650635,0.00774,0.00035,0.00071,0.00477,0.00000,0.00219,0.01576
1403636998.951696872711182,0.00737,0.00031,0.00118,0.00798,0.00011,0.00324,0.02019
1403636999.001694679260254,0.00707,0.00041,0.01456,0.00755,0.00390,0.00177,0.03526
1403636999.051694631576538,0.00645,0.00022,0.00005,0.00556,0.00274,0.00181,0.01684
1403636999.101694583892822,0.00649,0.00021,0.00002,0.00588,0.00006,0.00173,0.01438
1403636999.151694536209106,0.00661,0.00021,0.00017,0.00555,0.00006,0.00191,0.01451
1403636999.201694965362549,0.00583,0.00020,0.00010,0.00536,0.00118,0.00196,0.01464
1403636999.251695156097412,0.00630,0.00093,0.00129,0.00890,0.00032,0.00376,0.02149
1403636999.301695108413696,0.00668,0.00019,0.00205,0.00598,0.00076,0.00188,0.01754
1403636999.351694822311401,0.00667,0.00039,0.00027,0.00895,0.00006,0.00373,0.02007
1403636999.401694536209106,0.00668,0.00026,0.00053,0.00578,0.00007,0.00216,0.01549
1403636999.451694726943970,0.00663,0.00022,0.00018,0.00580,0.00019,0.00196,0.01499
1403636999.501693248748779,0.00756,0.00042,0.00123,0.01147,0.00000,0.00382,0.02450
1403636999.551692724227905,0.00710,0.00031,0.00003,0.01038,0.00008,0.00336,0.02128
1403636999.601691246032715,0.00645,0.00019,0.00791,0.00575,0.00026,0.00177,0.02235
1403636999.651691675186157,0.00665,0.00028,0.00002,0.00970,0.00010,0.00315,0.01991
1403636999.701691865921021,0.00562,0.00021,0.00002,0.00560,0.00006,0.00176,0.01327
1403636999.751692771911621,0.00738,0.00041,0.00020,0.01064,0.00040,0.00372,0.02275
1403636999.801692485809326,0.00686,0.00052,0.00003,0.01199,0.00009,0.00305,0.02254
1403636999.851692676544189,0.00672,0.00031,0.00133,0.01047,0.00018,0.00309,0.02210
1403636999.901692152023315,0.00674,0.00024,0.00289,0.00541,0.00013,0.00197,0.01738
1403636999.951692104339600,0.00625,0.00029,0.00002,0.00598,0.00004,0.00255,0.01514
1403637000.001692056655884,0.00682,0.00030,0.00230,0.00921,0.00022,0.00315,0.02201
1403637000.051692008972168,0.00663,0.00029,0.00002,0.00938,0.00117,0.00314,0.02063
1403637000.101692199707031,0.00581,0.00020,0.00015,0.00541,0.00001,0.00183,0.01341
1403637000.151692390441895,0.00706,0.00039,0.00077,0.00967,0.00007,0.00316,0.02113
1403637000.201691389083862,0.00683,0.00031,0.01776,0.00480,0.00253,0.00165,0.03389
1403637000.251691102981567,0.00642,0.00019,0.00001,0.00549,0.00003,0.00161,0.01377
1403637000.301691293716431,0.00654,0.00031,0.00012,0.00925,0.00031,0.00314,0.01967
1403637000.351691961288452,0.00707,0.00126,0.00052,0.01098,0.00019,0.00427,0.02429
1403637000.401691913604736,0.00695,0.00029,0.00006,0.00567,0.00004,0.00241,0.01542
1403637000.451692342758179,0.00634,0.00043,0.00057,0.00543,0.00014,0.00278,0.01569
1403637000.501692056655884,0.00683,0.00023,0.00245,0.00529,0.00078,0.00253,0.01813
1403637000.551691532135010,0.00703,0.00040,0.00003,0.01025,0.00006,0.00312,0.02089
1403637000.601691722869873,0.00700,0.00042,0.00255,0.00820,0.00027,0.00289,0.02133
1403637000.651692390441895,0.00689,0.00027,0.00002,0.00843,0.00012,0.00282,0.01855
1403637000.701693058013916,0.00666,0.00037,0.00003,0.00907,0.00032,0.00270,0.01916
1403637000.751693248748779,0.00696,0.00043,0.00080,0.00971,0.00006,0.00287,0.02083
1403637000.801693677902222,0.00677,0.00051,0.01263,0.00770,0.00400,0.00160,0.03321
1403637000.851693391799927,0.00630,0.00019,0.00001,0.00583,0.00003,0.00194,0.01431
1403637000.901693820953369,0.00649,0.00037,0.00015,0.00967,0.00029,0.00302,0.01999
1403637000.951694011688232,0.00609,0.00021,0.00007,0.00591,0.00009,0.00224,0.01461
1403637001.001694440841675,0.00773,0.00045,0.00110,0.01069,0.00006,0.00357,0.02360
1403637001.051695346832275,0.00693,0.00032,0.00192,0.00925,0.00048,0.00299,0.02189
1403637001.101695537567139,0.00656,0.00038,0.00449,0.00946,0.00025,0.00313,0.02427
1403637001.151695728302002,0.00653,0.00036,0.00010,0.01061,0.00029,0.00310,0.02099
1403637001.201696634292603,0.00666,0.00038,0.00282,0.01039,0.00025,0.00331,0.02382
1403637001.251696348190308,0.00671,0.00036,0.00047,0.01062,0.00016,0.00301,0.02135
1403637001.301695585250854,0.00656,0.00031,0.00003,0.00865,0.00000,0.00322,0.01877
1403637001.351696252822876,0.00698,0.00041,0.00016,0.01065,0.00007,0.00296,0.02122
1403637001.401697397232056,0.00602,0.00042,0.00767,0.00702,0.00457,0.00190,0.02760
1403637001.451698303222656,0.00723,0.00032,0.00003,0.00984,0.00005,0.00364,0.02112
1403637001.501697778701782,0.00693,0.00041,0.00023,0.01116,0.00029,0.00266,0.02169
1403637001.551697492599487,0.00621,0.00028,0.00002,0.00666,0.00010,0.00253,0.01581
1403637001.601695775985718,0.00562,0.00022,0.00021,0.00627,0.00003,0.00180,0.01416
1403637001.651697158813477,0.00561,0.00087,0.00126,0.00597,0.00012,0.00260,0.01643
1403637001.701695203781128,0.00786,0.00047,0.00264,0.00981,0.00019,0.00296,0.02393
1403637001.751694202423096,0.00629,0.00028,0.00009,0.00924,0.00028,0.00256,0.01873
1403637001.801695108413696,0.00645,0.00041,0.00295,0.01043,0.00017,0.00266,0.02307
1403637001.851695537567139,0.00580,0.00027,0.00002,0.00974,0.00019,0.00296,0.01899
1403637001.901697158813477,0.00672,0.00043,0.00002,0.00917,0.00000,0.00272,0.01908
1403637001.951697111129761,0.00642,0.00035,0.00003,0.00908,0.00007,0.00276,0.01871
1403637002.001698255538940,0.00733,0.00041,0.00841,0.00899,0.00226,0.00345,0.03084
1403637002.051697254180908,0.00617,0.00031,0.00002,0.01108,0.00000,0.00278,0.02038
1403637002.101697683334351,0.00693,0.00033,0.00003,0.01047,0.00009,0.00297,0.02081
1403637002.151696205139160,0.00709,0.00032,0.00013,0.00967,0.00015,0.00372,0.02107
1403637002.201697111129761,0.00665,0.00039,0.00018,0.01055,0.00130,0.00326,0.02232
1403637002.251696348190308,0.00620,0.00022,0.00225,0.00639,0.00010,0.00224,0.01740
1403637002.301695823669434,0.00644,0.00032,0.00207,0.01041,0.00016,0.00322,0.02263
1403637002.351695537567139,0.00644,0.00029,0.00002,0.01060,0.00006,0.00297,0.02038
1403637002.401695013046265,0.00630,0.00032,0.00040,0.01004,0.00041,0.00304,0.02050
1403637002.451694726943970,0.00687,0.00053,0.00015,0.01192,0.00014,0.00330,0.02291
1403637002.501694202423096,0.00634,0.00027,0.00002,0.00905,0.00000,0.00272,0.01840
1403637002.551694631576538,0.00692,0.00040,0.00012,0.01022,0.00009,0.00288,0.02062
1403637002.601694822311401,0.00625,0.00020,0.00391,0.00562,0.00082,0.00220,0.01901
1403637002.651694536209106,0.00582,0.00018,0.00001,0.00628,0.00000,0.00210,0.01439
1403637002.701694726943970,0.00637,0.00031,0.00003,0.00735,0.00005,0.00222,0.01632
1403637002.751694679260254,0.00668,0.00036,0.00003,0.01071,0.00016,0.00307,0.02102
1403637002.801694393157959,0.00641,0.00030,0.00008,0.01022,0.00033,0.00291,0.02025
1403637002.851694345474243,0.00694,0.00049,0.00223,0.00993,0.00011,0.00256,0.02227
1403637002.901694297790527,0.00632,0.00020,0.00083,0.00571,0.00010,0.00172,0.01487
1403637002.951694488525391,0.00743,0.00048,0.00024,0.01049,0.00046,0.00353,0.02263
1403637003.001694917678833,0.00676,0.00038,0.00046,0.00940,0.00016,0.00270,0.01986
1403637003.051694869995117,0.00758,0.00046,0.00029,0.00967,0.00014,0.00391,0.02205
1403637003.101694822311401,0.00584,0.00020,0.00006,0.00564,0.00016,0.00178,0.01369
1403637003.151694774627686,0.00629,0.00030,0.00008,0.00878,0.00010,0.00276,0.01830
1403637003.201694726943970,0.00615,0.00022,0.00227,0.00571,0.00133,0.00193,0.01761
1403637003.251694917678833,0.00635,0.00033,0.00005,0.00612,0.00016,0.00170,0.01470
1403637003.301694869995117,0.00625,0.00030,0.00003,0.00929,0.00008,0.00271,0.01867
1403637003.351695060729980,0.00669,0.00027,0.00002,0.00880,0.00016,0.00283,0.01877
1403637003.401695013046265,0.00682,0.00040,0.00011,0.01069,0.00215,0.00253,0.02270
1403637003.451695203781128,0.00673,0.00040,0.00249,0.00594,0.00007,0.00262,0.01824
1403637003.501695394515991,0.00760,0.00032,0.00118,0.00942,0.00016,0.00293,0.02162
1403637003.551695346832275,0.00628,0.00021,0.00002,0.00579,0.00004,0.00168,0.01402
1403637003.601695060729980,0.00593,0.00020,0.00026,0.00561,0.00025,0.00170,0.01397
1403637003.651695013046265,0.00628,0.00030,0.00015,0.00880,0.00014,0.00263,0.01828
1403637003.701695203781128,0.00584,0.00019,0.00005,0.00543,0.00000,0.00161,0.01312
1403637003.751694917678833,0.00603,0.00022,0.00009,0.00527,0.00008,0.00203,0.01372
1403637003.801694869995117,0.00683,0.00039,0.00301,0.00878,0.00058,0.00286,0.02245
1403637003.851694822311401,0.00725,0.00030,0.00007,0.00550,0.00000,0.00253,0.01565
1403637003.901695013046265,0.00673,0.00030,0.00014,0.00699,0.00007,0.00273,0.01695
1403637003.951695203781128,0.00600,0.00020,0.00011,0.00431,0.00009,0.00185,0.01256
1403637004.001695156097412,0.00631,0.00018,0.00017,0.00387,0.00016,0.00176,0.01245
1403637004.051695108413696,0.00654,0.00036,0.00173,0.00594,0.00057,0.00264,0.01779
1403637004.101695299148560,0.00675,0.00036,0.00056,0.00689,0.00056,0.00337,0.01849
1403637004.151694774627686,0.00722,0.00057,0.00053,0.00574,0.00005,0.00324,0.01736
1403637004.201694965362549,0.01296,0.00055,0.00033,0.00486,0.00057,0.00320,0.02248
1403637004.251694917678833,0.00815,0.00039,0.00028,0.00480,0.00014,0.00284,0.01659
1403637004.301694631576538,0.00782,0.00024,0.00031,0.00456,0.00000,0.00296,0.01591
1403637004.351694583892822,0.00752,0.00027,0.00022,0.00454,0.00006,0.00292,0.01554
1403637004.401694536209106,0.00736,0.00030,0.00016,0.00470,0.00176,0.00312,0.01741
1403637004.451694965362549,0.00700,0.00033,0.00060,0.00469,0.00000,0.00293,0.01555
1403637004.501694917678833,0.00724,0.00037,0.00046,0.00458,0.00007,0.00327,0.01598
1403637004.551694631576538,0.00598,0.00025,0.00023,0.00280,0.00006,0.00176,0.01107
1403637004.601694583892822,0.00703,0.00040,0.00110,0.00549,0.00022,0.00336,0.01760
1403637004.651694059371948,0.00668,0.00021,0.00002,0.00316,0.00045,0.00236,0.01288
1403637004.701694011688232,0.00548,0.00020,0.00002,0.00284,0.00021,0.00234,0.01111
1403637004.751694679260254,0.00519,0.00016,0.00673,0.00271,0.01322,0.00193,0.02995
1403637004.801693916320801,0.00600,0.00020,0.00010,0.00443,0.00040,0.00179,0.01294
1403637004.851693153381348,0.00743,0.00048,0.00010,0.00752,0.00009,0.00278,0.01840
1403637004.901691913604736,0.00721,0.00029,0.00011,0.00699,0.00025,0.00293,0.01777
1403637004.951691389083862,0.00674,0.00045,0.00013,0.00731,0.00010,0.00310,0.01783
1403637005.001690626144409,0.00677,0.00028,0.00013,0.00703,0.00035,0.00312,0.01768
1403637005.051690578460693,0.00708,0.00035,0.00009,0.00719,0.00022,0.00319,0.01812
1403637005.101690053939819,0.00702,0.00037,0.00011,0.00852,0.00007,0.00319,0.01929
1403637005.151689767837524,0.00663,0.00038,0.00032,0.00841,0.00015,0.00320,0.01910
1403637005.201689958572388,0.00616,0.00028,0.00002,0.00583,0.00006,0.00287,0.01522
1403637005.251689910888672,0.00502,0.00021,0.00028,0.00323,0.00043,0.00181,0.01098
1403637005.301689624786377,0.00659,0.00037,0.00011,0.00377,0.00033,0.00219,0.01337
1403637005.351689100265503,0.00641,0.00033,0.00227,0.00316,0.00879,0.00220,0.02317
1403637005.401689529418945,0.00555,0.00021,0.00016,0.00399,0.00027,0.00180,0.01199
1403637005.451689720153809,0.00600,0.00031,0.00019,0.00674,0.00013,0.00284,0.01622
1403637005.501689434051514,0.00630,0.00038,0.00028,0.00627,0.00043,0.00297,0.01663
1403637005.551689386367798,0.00579,0.00021,0.00023,0.00360,0.00039,0.00213,0.01235
1403637005.601689338684082,0.00566,0.00019,0.00010,0.00352,0.00092,0.00175,0.01215
1403637005.651689529418945,0.00628,0.00036,0.00013,0.00803,0.00004,0.00270,0.01754
1403637005.701690196990967,0.00627,0.00039,0.00009,0.00646,0.00007,0.00251,0.01580
1403637005.751690387725830,0.00634,0.00038,0.00010,0.00534,0.00014,0.00241,0.01471
1403637005.801690816879272,0.00612,0.00036,0.00021,0.00721,0.00012,0.00328,0.01729
1403637005.851691246032715,0.00614,0.00035,0.00003,0.00711,0.00120,0.00330,0.01814
1403637005.901691913604736,0.00628,0.00037,0.00012,0.00530,0.00103,0.00272,0.01582
1403637005.951692581176758,0.00626,0.00048,0.00003,0.00748,0.00314,0.00217,0.01955
1403637006.001692533493042,0.00610,0.00045,0.00003,0.00762,0.00058,0.00303,0.01780
1403637006.051693201065063,0.00617,0.00046,0.00009,0.00774,0.00021,0.00281,0.01749
1403637006.101692438125610,0.00578,0.00043,0.00009,0.00754,0.00006,0.00251,0.01640
1403637006.151692152023315,0.00592,0.00042,0.00003,0.00730,0.00013,0.00295,0.01674
1403637006.201691150665283,0.00560,0.00031,0.00002,0.00543,0.00025,0.00261,0.01423
1403637006.251688718795776,0.00560,0.00035,0.00011,0.00332,0.00029,0.00223,0.01190
1403637006.301687002182007,0.00529,0.00020,0.00008,0.00349,0.00006,0.00159,0.01072
1403637006.351683139801025,0.00582,0.00035,0.00002,0.00345,0.00012,0.00223,0.01199
1403637006.401682615280151,0.00569,0.00020,0.00002,0.00340,0.00010,0.00191,0.01132
1403637006.451683282852173,0.00579,0.00037,0.00017,0.00695,0.00070,0.00270,0.01669
1403637006.501684904098511,0.00904,0.00018,0.00002,0.00349,0.00015,0.00169,0.01456
1403637006.551687717437744,0.00806,0.00038,0.00011,0.00753,0.00079,0.00403,0.02090
1403637006.601689815521240,0.00798,0.00037,0.00010,0.00763,0.00050,0.00367,0.02025
1403637006.651690006256104,0.00800,0.00036,0.00002,0.00591,0.00016,0.00317,0.01762
1403637006.701690912246704,0.00727,0.00020,0.00009,0.00350,0.00005,0.00205,0.01315
1403637006.751691102981567,0.00834,0.00052,0.00003,0.00645,0.00008,0.00378,0.01920
1403637006.801691055297852,0.00765,0.00036,0.00006,0.00533,0.00022,0.00275,0.01637
1403637006.851691007614136,0.00809,0.00037,0.00015,0.00682,0.00006,0.00302,0.01852
1403637006.901690959930420,0.00719,0.00021,0.00002,0.00345,0.00008,0.00213,0.01309
1403637006.951690435409546,0.00763,0.00038,0.00011,0.00752,0.00025,0.00403,0.01990
1403637007.001690626144409,0.00770,0.00034,0.00012,0.00607,0.00016,0.00316,0.01755
1403637007.051681041717529,0.00773,0.00037,0.02269,0.00431,0.00590,0.00167,0.04267
1403637007.101679086685181,0.00795,0.00037,0.00036,0.00689,0.00770,0.00287,0.02613
1403637007.151679277420044,0.00685,0.00046,0.00052,0.00586,0.00040,0.00274,0.01683
1403637007.251679182052612,0.00622,0.00044,0.00044,0.00286,0.00025,0.00182,0.01204
1403637007.301679372787476,0.00718,0.00031,0.00020,0.00423,0.00008,0.00325,0.01525
1403637007.351679801940918,0.00611,0.00020,0.00057,0.00274,0.00017,0.00207,0.01185
1403637007.401680707931519,0.00660,0.00035,0.00094,0.00539,0.00009,0.00312,0.01649
1403637007.451681375503540,0.00648,0.00027,0.00002,0.00435,0.00015,0.00289,0.01416
1403637007.501682043075562,0.00673,0.00036,0.00008,0.00556,0.00012,0.00332,0.01618
1403637007.551682949066162,0.00632,0.00028,0.00020,0.00426,0.00012,0.00320,0.01438
1403637007.601684093475342,0.00620,0.00026,0.00010,0.00401,0.00008,0.00304,0.01369
1403637007.651685953140259,0.00674,0.00035,0.00047,0.00536,0.00032,0.00286,0.01611
1403637007.701684236526489,0.00622,0.00024,0.00981,0.00343,0.00923,0.00175,0.03068
1403637007.751684904098511,0.00623,0.00031,0.00016,0.00402,0.00019,0.00279,0.01371
1403637007.801683902740479,0.00611,0.00028,0.00016,0.00376,0.00045,0.00286,0.01362
1403637007.851683139801025,0.00582,0.00035,0.00035,0.00373,0.00075,0.00259,0.01360
1403637007.901682615280151,0.00565,0.00029,0.00032,0.00423,0.00013,0.00229,0.01290
1403637007.951681613922119,0.00596,0.00026,0.00006,0.00392,0.00386,0.00198,0.01605
1403637008.001681566238403,0.00779,0.00038,0.00061,0.00623,0.00009,0.00320,0.01830
1403637008.051681518554688,0.00424,0.00019,0.00002,0.00276,0.00009,0.00191,0.00921
1403637008.101682424545288,0.00604,0.00039,0.00064,0.00556,0.00009,0.00306,0.01578
1403637008.151683092117310,0.00798,0.00020,0.00020,0.00253,0.00044,0.00174,0.01309
1403637008.201683759689331,0.01204,0.00047,0.00017,0.00500,0.00008,0.00370,0.02146
1403637008.251683473587036,0.00823,0.00021,0.00098,0.00260,0.00017,0.00201,0.01419
1403637008.301683425903320,0.00755,0.00018,0.00344,0.00252,0.00472,0.00194,0.02035
1403637008.351681947708130,0.00811,0.00028,0.00033,0.00320,0.00027,0.00241,0.01461
1403637008.401680469512939,0.00835,0.00031,0.00051,0.00574,0.00032,0.00310,0.01833
1403637008.451680660247803,0.00783,0.00043,0.00080,0.00560,0.00070,0.00346,0.01882
1403637008.501680612564087,0.00795,0.00029,0.00065,0.00495,0.00027,0.00294,0.01704
1403637008.551680088043213,0.00795,0.00039,0.00159,0.00575,0.00030,0.00272,0.01869
1403637008.601678848266602,0.00741,0.00038,0.00096,0.00377,0.00028,0.00288,0.01567
1403637008.651677608489990,0.00712,0.00032,0.00072,0.00382,0.00014,0.00273,0.01485
1403637008.701672554016113,0.00777,0.00028,0.00642,0.00376,0.00834,0.00191,0.02848
1403637008.751671552658081,0.00685,0.00034,0.00957,0.00398,0.00068,0.00198,0.02339
1403637008.801670312881470,0.00712,0.00030,0.00343,0.00518,0.00373,0.00290,0.02266
1403637008.851670980453491,0.00670,0.00030,0.00021,0.00332,0.00007,0.00281,0.01340
1403637008.901670455932617,0.00794,0.00036,0.00421,0.00142,0.00025,0.00289,0.01708
1403637008.951670646667480,0.00760,0.00056,0.00102,0.00269,0.00065,0.00321,0.01574
1403637009.001669406890869,0.00753,0.00035,0.00054,0.00354,0.00079,0.00279,0.01554
1403637009.051668643951416,0.00801,0.00035,0.00014,0.00348,0.00041,0.00426,0.01665
1403637009.101667881011963,0.00788,0.00032,0.00056,0.00298,0.00012,0.00399,0.01585
1403637009.151667356491089,0.00715,0.00020,0.00059,0.00113,0.00038,0.00210,0.01155
1403637009.201667308807373,0.00648,0.00027,0.00109,0.00193,0.00174,0.00320,0.01470
1403637009.251668214797974,0.00611,0.00025,0.00113,0.00200,0.00046,0.00314,0.01308
1403637009.301661491394043,0.00878,0.00035,0.00129,0.00231,0.00898,0.00343,0.02514
1403637009.351662158966064,0.00775,0.00042,0.00347,0.00337,0.01486,0.00365,0.03352
1403637009.401663541793823,0.00556,0.00022,0.00049,0.00176,0.00110,0.00206,0.01118
1403637009.451666355133057,0.00943,0.00026,0.00126,0.00129,0.00005,0.00229,0.01457
1403637009.501662969589233,0.00652,0.00027,0.00090,0.00155,0.00238,0.00190,0.01353
1403637009.551670312881470,0.00818,0.00048,0.00159,0.00167,0.00286,0.00329,0.01806
1403637009.601662874221802,0.03228,0.00020,0.00167,0.00042,0.00017,0.00176,0.03651
1403637009.651664018630981,0.00924,0.00029,0.00108,0.00090,0.00013,0.00314,0.01479
1403637009.701668024063110,0.01415,0.00022,0.00046,0.00058,0.00004,0.00244,0.01789
1403637009.751668214797974,0.00825,0.00026,0.00047,0.00054,0.00029,0.00288,0.01270
1403637009.801668167114258,0.00959,0.00040,0.00006,0.00097,0.00007,0.00467,0.01575
1403637009.851668119430542,0.00595,0.00029,0.00015,0.00062,0.00049,0.00305,0.01054
1403637009.901667833328247,0.00532,0.00017,0.00015,0.00035,0.00016,0.00178,0.00793
1403637009.951667547225952,0.00604,0.00032,0.00002,0.00061,0.00027,0.00321,0.01047
1403637010.001667022705078,0.00513,0.00027,0.00001,0.00059,0.00056,0.00275,0.00930
1403637010.051666259765625,0.00436,0.00023,0.00002,0.00057,0.00000,0.00263,0.00782
1403637010.101665258407593,0.00605,0.00020,0.00002,0.00047,0.00012,0.00251,0.00937
1403637010.151664257049561,0.00545,0.00024,0.00002,0.00047,0.00047,0.00264,0.00928
1403637010.201663732528687,0.00407,0.00021,0.00002,0.00051,0.00119,0.00231,0.00830
1403637010.251663208007812,0.00345,0.00021,0.00002,0.00038,0.00071,0.00213,0.00689
1403637010.301662683486938,0.00326,0.00014,0.00001,0.00037,0.00092,0.00179,0.00649
1403637010.351662397384644,0.00309,0.00016,0.00001,0.00038,0.00134,0.00172,0.00671
1403637010.401661872863770,0.00546,0.00030,0.00002,0.00076,0.00007,0.00366,0.01028
1403637010.451662063598633,0.00469,0.00022,0.00002,0.00055,0.00019,0.00282,0.00850
1403637010.501662015914917,0.00587,0.00034,0.00002,0.00082,0.00007,0.00381,0.01095
1403637010.551662206649780,0.00573,0.00039,0.00002,0.00081,0.00020,0.00396,0.01111
