# timestamp(s) tx ty tz qx qy qz qw Pr11 Pr12 Pr13 Pr22 Pr23 Pr33 Pt11 Pt12 Pt13 Pt22 Pt23 Pt33
1413394887.35576 -0.006657 -0.009131 0.015854 0.809461 -0.001931 0.587080 0.010308 0.0010050699 0.0000000340 0.0000000173 0.0010051606 0.0000000320 0.0010050662 0.0287737752 -0.0000000180 0.0000281184 0.0287735331 0.0000325634 0.0028839683
1413394887.40657 0.012814 0.028969 0.011142 0.803262 -0.012009 0.595421 0.010002 0.0003755901 0.0000021239 -0.0001175449 0.0000183965 -0.0000006435 0.0000582544 0.0026035780 -0.0000099760 -0.0000523312 0.0025792348 0.0000024130 0.0026103152
1413394887.45663 0.005565 0.031603 0.027270 0.802171 -0.012268 0.596836 0.012623 0.0003795801 0.0000028339 -0.0001078485 0.0000133365 0.0000004015 0.0000477750 0.0025996912 -0.0000108539 -0.0000541892 0.0025713676 0.0000035270 0.0026083074
1413394887.50577 0.000268 0.031778 0.043066 0.802340 -0.013489 0.596563 0.013454 0.0003790489 0.0000035730 -0.0001078461 0.0000128911 0.0000007241 0.0000465215 0.0025995498 -0.0000124308 -0.0000564169 0.0025690509 0.0000054312 0.0026126196
1413394887.55633 -0.005832 0.027348 0.066077 0.804389 -0.012726 0.593774 0.015125 0.0003771723 0.0000046665 -0.0001099698 0.0000127753 0.0000006312 0.0000471452 0.0025980121 -0.0000126995 -0.0000566323 0.0025672884 0.0000070844 0.0026163692
1413394887.60652 -0.011882 0.022923 0.092443 0.807001 -0.011460 0.590183 0.017409 0.0003743922 0.0000064846 -0.0001126714 0.0000126872 0.0000000779 0.0000483281 0.0025958226 -0.0000113308 -0.0000554823 0.0025648832 0.0000082033 0.0026191818
1413394887.65532 -0.016391 0.020026 0.117894 0.811313 -0.009944 0.584183 0.020051 0.0003702266 0.0000082927 -0.0001172343 0.0000118705 -0.0000010070 0.0000506539 0.0025930531 -0.0000082107 -0.0000532559 0.0025623032 0.0000081280 0.0026206462
1413394887.70504 -0.016909 0.018779 0.140165 0.815565 -0.009196 0.578196 0.021404 0.0003656810 0.0000095343 -0.0001224529 0.0000114686 -0.0000020331 0.0000534796 0.0025909940 -0.0000042536 -0.0000519124 0.0025603099 0.0000074445 0.0026224915
1413394887.75510 -0.016771 0.019592 0.161465 0.819507 -0.008988 0.572581 0.021898 0.0003614400 0.0000102768 -0.0001270035 0.0000110850 -0.0000027985 0.0000558320 0.0025839956 -0.0000012888 -0.0000459926 0.0025582347 0.0000080055 0.0026200247
1413394887.80515 -0.022495 0.021880 0.183946 0.822653 -0.008777 0.568086 0.021079 0.0003575020 0.0000110077 -0.0001311881 0.0000109162 -0.0000035461 0.0000581044 0.0025746746 0.0000009906 -0.0000398981 0.0025574353 0.0000079111 0.0026202892
1413394887.85499 -0.023573 0.025376 0.204082 0.825384 -0.007139 0.564078 0.022510 0.0003539109 0.0000126431 -0.0001342517 0.0000105175 -0.0000045192 0.0000597273 0.0025697578 0.0000026425 -0.0000342066 0.0025550427 0.0000092651 0.0026149771
1413394887.90509 -0.026777 0.030101 0.228316 0.828536 -0.006906 0.559468 0.021830 0.0003504134 0.0000118854 -0.0001371211 0.0000099936 -0.0000044440 0.0000616805 0.0025636292 0.0000033105 -0.0000279286 0.0025529210 0.0000094637 0.0026117343
1413394887.95544 -0.023672 0.035765 0.243765 0.829632 -0.006789 0.557863 0.021277 0.0003483650 0.0000117008 -0.0001388588 0.0000096172 -0.0000045941 0.0000624203 0.0025604876 0.0000048602 -0.0000241728 0.0025519491 0.0000087915 0.0026120091
1413394888.00539 -0.018435 0.042765 0.262049 0.830042 -0.007104 0.557304 0.019805 0.0003469338 0.0000098921 -0.0001383502 0.0000080845 -0.0000038415 0.0000617178 0.0025574148 0.0000049649 -0.0000210649 0.0025472262 0.0000047793 0.0026051014
1413394888.05538 -0.010169 0.049354 0.277945 0.828384 -0.006215 0.559767 0.020050 0.0003482715 0.0000100808 -0.0001368478 0.0000078168 -0.0000038921 0.0000600681 0.0025559320 0.0000061532 -0.0000176796 0.0025465179 0.0000048062 0.0026049463
1413394888.10506 -0.000243 0.056700 0.295672 0.825908 -0.005246 0.563419 0.020194 0.0003505387 0.0000106633 -0.0001342613 0.0000074953 -0.0000040631 0.0000575078 0.0025550045 0.0000070383 -0.0000145279 0.0025456564 0.0000048670 0.0026047122
1413394888.15508 0.011404 0.064270 0.314453 0.822992 -0.004227 0.567691 0.019825 0.0003530771 0.0000109136 -0.0001313117 0.0000072091 -0.0000040611 0.0000547522 0.0025547553 0.0000078063 -0.0000119279 0.0025447591 0.0000049275 0.0026051405
1413394888.20532 0.023584 0.071647 0.332211 0.820455 -0.003051 0.571354 0.019990 0.0003549234 0.0000114954 -0.0001290149 0.0000066788 -0.0000042177 0.0000527069 0.0025547109 0.0000080434 -0.0000096056 0.0025437329 0.0000045138 0.0026047953
1413394888.25541 0.036886 0.080562 0.350762 0.819004 -0.002311 0.573448 0.019615 0.0003562142 0.0000115988 -0.0001273904 0.0000065109 -0.0000041902 0.0000513030 0.0025549618 0.0000081228 -0.0000071483 0.0025436692 0.0000049282 0.0026062940
1413394888.30551 0.051000 0.091302 0.370217 0.819442 -0.000573 0.572788 0.020720 0.0003556175 0.0000130662 -0.0001277124 0.0000063837 -0.0000047376 0.0000515594 0.0025555262 0.0000077196 -0.0000049735 0.0025429904 0.0000049589 0.0026074279
1413394888.35570 0.064872 0.101719 0.390166 0.819692 -0.000310 0.572473 0.019472 0.0003552319 0.0000124333 -0.0001281479 0.0000061772 -0.0000045379 0.0000518824 0.0025564477 0.0000072627 -0.0000024892 0.0025433765 0.0000056122 0.0026090198
1413394888.40580 0.080079 0.113324 0.410283 0.821004 0.000475 0.570578 0.019825 0.0003540028 0.0000129303 -0.0001294827 0.0000060707 -0.0000047902 0.0000529842 0.0025576238 0.0000067447 0.0000000486 0.0025442257 0.0000064506 0.0026105201
1413394888.45593 0.095677 0.125348 0.432281 0.822005 0.000966 0.569160 0.019080 0.0003530314 0.0000127361 -0.0001305580 0.0000059296 -0.0000047699 0.0000538733 0.0025591960 0.0000059665 0.0000026991 0.0025453430 0.0000075422 0.0026116802
1413394888.50591 0.112312 0.138162 0.455201 0.823551 0.000012 0.566991 0.016895 0.0003517034 0.0000109707 -0.0001321600 0.0000056943 -0.0000041723 0.0000552266 0.0025609986 0.0000049935 0.0000055198 0.0025467705 0.0000089819 0.0026128212
1413394888.55591 0.130479 0.152210 0.475656 0.824820 -0.001647 0.565209 0.014431 0.0003506056 0.0000086913 -0.0001334877 0.0000054629 -0.0000033440 0.0000563615 0.0025630802 0.0000037725 0.0000084015 0.0025484411 0.0000105291 0.0026142243
1413394888.60597 0.149416 0.165466 0.481309 0.825930 -0.002918 0.563635 0.012100 0.0003494187 0.0000067662 -0.0001347653 0.0000052449 -0.0000026301 0.0000574892 0.0025653722 0.0000020047 0.0000107696 0.0025502623 0.0000114533 0.0026106672
1413394888.65599 0.169354 0.178678 0.488519 0.825876 -0.003802 0.563754 0.009809 0.0003495186 0.0000049170 -0.0001347050 0.0000050812 -0.0000019272 0.0000574006 0.0025675449 -0.0000000452 0.0000119372 0.0025526511 0.0000117544 0.0026058914
1413394888.70598 0.190484 0.191392 0.489432 0.823861 -0.004079 0.566712 0.008534 0.0003512980 0.0000039971 -0.0001327256 0.0000049626 -0.0000015583 0.0000555721 0.0025697106 -0.0000025290 0.0000120806 0.0025553387 0.0000114257 0.0025982972
1413394888.75600 0.213933 0.205394 0.489714 0.821586 -0.006512 0.570025 0.004967 0.0003535260 0.0000007880 -0.0001301591 0.0000048062 -0.0000003214 0.0000532705 0.0025712980 -0.0000055144 0.0000106976 0.0025576133 0.0000101304 0.0025852671
1413394888.80595 0.238561 0.218289 0.491087 0.817963 -0.008670 0.575202 0.001734 0.0003566554 -0.0000022698 -0.0001263760 0.0000047663 0.0000007949 0.0000500679 0.0025733634 -0.0000088339 0.0000099630 0.0025617313 0.0000091031 0.0025774282
1413394888.85598 0.262551 0.231028 0.492557 -0.815518 0.010164 -0.578641 0.001559 0.0003585923 -0.0000049816 -0.0001238525 0.0000047921 0.0000017338 0.0000480221 0.0025752797 -0.0000123253 0.0000096267 0.0025664070 0.0000083598 0.0025727144
1413394888.90591 0.287489 0.244344 0.496045 -0.813134 0.011796 -0.581937 0.004838 0.0003605271 -0.0000078139 -0.0001212205 0.0000048831 0.0000026610 0.0000459710 0.0025775009 -0.0000159015 0.0000096476 0.0025717481 0.0000079408 0.0025697316
1413394888.95594 0.312176 0.256742 0.500181 -0.811416 0.013526 -0.584260 0.007820 0.0003617876 -0.0000104169 -0.0001193646 0.0000050106 0.0000034894 0.0000445730 0.0025801657 -0.0000197713 0.0000099555 0.0025777656 0.0000076894 0.0025677817
1413394889.00589 0.335712 0.268111 0.505641 -0.810530 0.013934 -0.585453 0.009563 0.0003623947 -0.0000116297 -0.0001184237 0.0000050742 0.0000038634 0.0000438708 0.0025827094 -0.0000237705 0.0000102499 0.0025839583 0.0000073950 0.0025659281
1413394889.05587 0.359616 0.279394 0.510734 -0.809043 0.014966 -0.587453 0.011169 0.0003634666 -0.0000131367 -0.0001168195 0.0000051688 0.0000042962 0.0000426909 0.0025852351 -0.0000274865 0.0000105966 0.0025901602 0.0000070875 0.0025646018
1413394889.10580 0.383871 0.290849 0.517661 -0.808542 0.016153 -0.588079 0.012772 0.0003637283 -0.0000147174 -0.0001162952 0.0000052857 0.0000047895 0.0000423073 0.0025880149 -0.0000314385 0.0000109989 0.0025969060 0.0000067947 0.0025637599
1413394889.15581 0.407500 0.300810 0.525185 -0.807819 0.014695 -0.589135 0.011474 0.0003644294 -0.0000132424 -0.0001155196 0.0000051560 0.0000042711 0.0000417108 0.0025910003 -0.0000354628 0.0000114138 0.0026040606 0.0000064779 0.0025626116
1413394889.20579 0.431104 0.311373 0.534305 -0.805073 0.012545 -0.592990 0.007907 0.0003668018 -0.0000102538 -0.0001124532 0.0000049451 0.0000031969 0.0000395158 0.0025938363 -0.0000391296 0.0000120433 0.0026113229 0.0000063458 0.0025613957
1413394889.25580 0.453655 0.320785 0.544930 -0.797719 0.011255 -0.602898 0.005620 0.0003722547 -0.0000083797 -0.0001042686 0.0000048445 0.0000023831 0.0000341525 0.0025973070 -0.0000430768 0.0000131453 0.0026195307 0.0000062998 0.0025608964
1413394889.30559 0.475045 0.329554 0.555685 -0.786668 0.009533 -0.617296 0.003031 0.0003794445 -0.0000061271 -0.0000918315 0.0000047706 0.0000015048 0.0000270755 0.0026009703 -0.0000468346 0.0000144793 0.0026278675 0.0000064475 0.0025611770
1413394889.35577 0.493425 0.336913 0.567879 -0.771199 0.007418 -0.636550 0.000139 0.0003877329 -0.0000034502 -0.0000740105 0.0000047170 0.0000006660 0.0000188706 0.0026045336 -0.0000504096 0.0000158136 0.0026357487 0.0000066328 0.0025609659
1413394889.40590 0.504851 0.343085 0.579958 0.755008 -0.006530 0.655683 0.000420 0.0003942488 -0.0000028933 -0.0000552159 0.0000047273 0.0000004077 0.0000124035 0.0026078716 -0.0000533356 0.0000170485 0.0026424122 0.0000069786 0.0025608017
1413394889.45593 0.515475 0.350761 0.592603 0.739606 -0.004878 0.673015 0.003111 0.0003986066 -0.0000004601 -0.0000372588 0.0000047246 0.0000000348 0.0000081049 0.0026111476 -0.0000548448 0.0000183834 0.0026458506 0.0000071732 0.0025608160
1413394889.50604 0.518821 0.356098 0.603554 0.731841 -0.003763 0.681452 0.004243 0.0004001365 0.0000007623 -0.0000283438 0.0000047403 -0.0000000747 0.0000066147 0.0026152142 -0.0000566335 0.0000195641 0.0026486604 0.0000069651 0.0025609150
1413394889.55595 0.517046 0.361911 0.614323 0.735870 -0.002212 0.677080 0.007316 0.0003994167 0.0000034650 -0.0000330012 0.0000047840 -0.0000003215 0.0000073422 0.0026187022 -0.0000568857 0.0000203841 0.0026485488 0.0000065285 0.0025604798
1413394889.60599 0.508237 0.367514 0.621899 0.750618 -0.002869 0.660692 0.007027 0.0003957836 0.0000029801 -0.0000501562 0.0000047828 -0.0000004275 0.0000110133 0.0026218202 -0.0000568663 0.0000203564 0.0026456839 0.0000055879 0.0025594549
1413394889.65606 0.492364 0.372331 0.628355 0.769734 -0.003084 0.638307 0.008056 0.0003885632 0.0000035897 -0.0000724290 0.0000047875 -0.0000007366 0.0000182426 0.0026238178 -0.0000562624 0.0000193757 0.0026396645 0.0000043825 0.0025575734
1413394889.70610 0.471533 0.377563 0.633080 0.790478 -0.003827 0.612422 0.008333 0.0003773555 0.0000034967 -0.0000963222 0.0000047779 -0.0000009745 0.0000294715 0.0026249574 -0.0000546169 0.0000179536 0.0026315064 0.0000034767 0.0025555350
1413394889.75604 0.448008 0.383036 0.637858 0.811240 -0.004066 0.584623 0.009404 0.0003623935 0.0000041440 -0.0001194267 0.0000047857 -0.0000014612 0.0000444493 0.0026264541 -0.0000521533 0.0000168639 0.0026227917 0.0000029874 0.0025535672
1413394889.80594 0.421360 0.387718 0.643500 0.829336 -0.005230 0.558662 0.008439 0.0003459461 0.0000032487 -0.0001386770 0.0000047581 -0.0000014028 0.0000609267 0.0026272160 -0.0000494901 0.0000155133 0.0026143263 0.0000027137 0.0025512881
1413394889.85591 0.403371 0.391811 0.656694 0.844250 -0.007087 0.535849 0.007616 0.0003302476 0.0000022302 -0.0001532043 0.0000047328 -0.0000011296 0.0000766680 0.0026281229 -0.0000459176 0.0000142557 0.0026063475 0.0000028449 0.0025492049
1413394889.90587 0.384732 0.397437 0.665432 0.856877 -0.008992 0.515393 0.007119 0.0003148925 0.0000012599 -0.0001647518 0.0000047340 -0.0000007505 0.0000920760 0.0026300172 -0.0000440173 0.0000141046 0.0026021937 0.0000027518 0.0025485804
1413394889.95585 0.369801 0.404482 0.672284 0.866835 -0.011196 0.498444 0.005143 0.0003015608 -0.0000005964 -0.0001730517 0.0000047386 0.0000002663 0.0001054470 0.0026323393 -0.0000425002 0.0000138903 0.0025981774 0.0000028620 0.0025478129
1413394890.00583 0.359908 0.409826 0.678187 0.875584 -0.012197 0.482880 0.005541 0.0002890553 -0.0000004698 -0.0001795943 0.0000047502 0.0000002156 0.0001179961 0.0026353592 -0.0000417023 0.0000138275 0.0025957375 0.0000029249 0.0025473613
1413394890.05574 0.352121 0.415061 0.679313 0.882780 -0.013185 0.469574 0.005116 0.0002779431 -0.0000008703 -0.0001845025 0.0000047538 0.0000005083 0.0001291453 0.0026373041 -0.0000416756 0.0000132999 0.0025948982 0.0000030068 0.0025466301
1413394890.10574 0.354810 0.420918 0.681912 0.887219 -0.016365 0.461051 0.002533 0.0002709451 -0.0000032655 -0.0001871759 0.0000048077 0.0000022252 0.0001361529 0.0026403724 -0.0000418605 0.0000133465 0.0025947564 0.0000031841 0.0025463577
1413394890.15570 0.364071 0.426271 0.683365 -0.885493 0.019720 -0.464233 0.000391 0.0002735487 -0.0000060266 -0.0001861805 0.0000049098 0.0000041094 0.0001334916 0.0026429260 -0.0000445930 0.0000131721 0.0025976049 0.0000032388 0.0025460897
1413394890.20576 0.388107 0.437213 0.688085 -0.877309 0.021896 -0.479423 0.001333 0.0002862845 -0.0000077785 -0.0001808223 0.0000049570 0.0000049355 0.0001206726 0.0026429037 -0.0000494473 0.0000119510 0.0026017818 0.0000028689 0.0025455561
1413394890.25562 0.410998 0.441886 0.687568 -0.865182 0.026240 -0.500733 0.006202 0.0003031577 -0.0000125910 -0.0001718557 0.0000052631 0.0000071981 0.0001035124 0.0026465236 -0.0000571272 0.0000115221 0.0026112932 0.0000028626 0.0025456148
1413394890.30556 0.434036 0.445434 0.683350 -0.850521 0.029872 -0.524987 0.010476 0.0003213410 -0.0000173189 -0.0001594990 0.0000054995 0.0000086919 0.0000848869 0.0026406306 -0.0000621432 0.0000087533 0.0026181472 0.0000032129 0.0025447692
1413394890.35556 0.468297 0.447985 0.679962 -0.833917 0.033316 -0.550695 0.014412 0.0003397135 -0.0000221076 -0.0001434998 0.0000059741 0.0000094365 0.0000660142 0.0026393474 -0.0000678411 0.0000080201 0.0026269830 0.0000030641 0.0025447632
1413394890.40559 0.503395 0.446899 0.674933 -0.816161 0.036229 -0.576380 0.018806 0.0003559492 -0.0000270231 -0.0001252168 0.0000065808 0.0000095971 0.0000491967 0.0026387977 -0.0000747633 0.0000076814 0.0026408463 0.0000028105 0.0025448422
1413394890.45564 0.539824 0.443547 0.667732 -0.798975 0.036659 -0.599890 0.020651 0.0003693084 -0.0000292619 -0.0001063566 0.0000068386 0.0000084980 0.0000355889 0.0026373373 -0.0000808378 0.0000076188 0.0026556590 0.0000025600 0.0025448803
1413394890.50571 0.573747 0.439284 0.659422 -0.780918 0.036299 -0.623201 0.021707 0.0003805418 -0.0000305660 -0.0000860143 0.0000069648 0.0000069598 0.0000242569 0.0026353489 -0.0000860964 0.0000074997 0.0026712167 0.0000022056 0.0025447054
1413394890.55578 0.604375 0.433964 0.650807 -0.764567 0.034894 -0.643280 0.020263 0.0003887205 -0.0000296086 -0.0000671569 0.0000067594 0.0000051417 0.0000163182 0.0026333941 -0.0000902804 0.0000075277 0.0026860349 0.0000019991 0.0025445212
1413394890.60585 0.630100 0.427006 0.640979 -0.751786 0.031560 -0.658406 0.017999 0.0003939058 -0.0000269478 -0.0000522443 0.0000063403 0.0000035777 0.0000115850 0.0026315235 -0.0000933643 0.0000076329 0.0026994121 0.0000018537 0.0025442980
1413394890.65592 0.649420 0.418103 0.630561 -0.741872 0.026097 -0.669915 0.012593 0.0003974812 -0.0000211433 -0.0000406250 0.0000056001 0.0000021424 0.0000087673 0.0026288811 -0.0000947176 0.0000075954 0.0027102694 0.0000016661 0.0025437370
1413394890.70599 0.661770 0.407769 0.621631 -0.734415 0.021912 -0.678293 0.008571 0.0003995848 -0.0000166812 -0.0000318676 0.0000051571 0.0000012971 0.0000071306 0.0026257516 -0.0000942832 0.0000075343 0.0027177074 0.0000014092 0.0025431396
1413394890.75605 0.668108 0.396029 0.613089 -0.733463 0.017498 -0.679487 0.004853 0.0004001621 -0.0000121124 -0.0000306264 0.0000048170 0.0000008839 0.0000069258 0.0026225662 -0.0000922735 0.0000074889 0.0027213107 0.0000011485 0.0025427036
1413394890.80610 0.670446 0.384080 0.601480 0.742977 -0.012873 0.669193 0.001003 0.0003984517 -0.0000061605 -0.0000414978 0.0000045195 0.0000005909 0.0000089096 0.0026181867 -0.0000888712 0.0000075401 0.0027215116 0.0000008666 0.0025420397
1413394890.85618 0.661512 0.372086 0.590288 0.759245 -0.011245 0.650706 0.001582 0.0003934356 -0.0000047795 -0.0000606331 0.0000044578 0.0000006861 0.0000139822 0.0026142377 -0.0000851901 0.0000072858 0.0027201549 0.0000006325 0.0025417275
1413394890.90621 0.650818 0.360001 0.581152 0.779286 -0.009783 0.626587 0.002505 0.0003845339 -0.0000031416 -0.0000837035 0.0000044197 0.0000006311 0.0000229702 0.0026111997 -0.0000800710 0.0000073705 0.0027137220 0.0000003878 0.0025416684
1413394890.95622 0.633360 0.349017 0.572331 0.800600 -0.008426 0.599129 0.003737 0.0003711860 -0.0000015229 -0.0001080714 0.0000043869 0.0000003877 0.0000363772 0.0026079188 -0.0000749271 0.0000074483 0.0027069963 0.0000001014 0.0025414533
1413394891.00623 0.612318 0.337565 0.562763 0.821182 -0.006902 0.570596 0.005708 0.0003543492 0.0000005378 -0.0001305678 0.0000043635 -0.0000002533 0.0000532463 0.0026044341 -0.0000694341 0.0000073775 0.0026980756 -0.0000000880 0.0025412598
1413394891.05622 0.597793 0.323831 0.554884 0.838523 -0.006707 0.544789 0.006250 0.0003372221 0.0000013434 -0.0001480733 0.0000043555 -0.0000006415 0.0000704090 0.0026014972 -0.0000636953 0.0000072492 0.0026884255 -0.0000001491 0.0025410202
1413394891.10621 0.585030 0.312269 0.548596 0.852420 -0.005655 0.522767 0.007974 0.0003211738 0.0000028345 -0.0001611227 0.0000043757 -0.0000014795 0.0000864948 0.0025987331 -0.0000587800 0.0000071653 0.0026834792 -0.0000002621 0.0025409245
1413394891.15621 0.576454 0.300810 0.543634 0.863042 -0.006339 0.505034 0.007738 0.0003075665 0.0000025455 -0.0001702540 0.0000043751 -0.0000014614 0.0001001634 0.0025969622 -0.0000549975 0.0000070868 0.0026800003 -0.0000003554 0.0025408018
1413394891.20620 0.569773 0.289798 0.537391 0.870655 -0.006009 0.491788 0.008316 0.0002968290 0.0000029897 -0.0001763713 0.0000043715 -0.0000018202 0.0001109242 0.0025949525 -0.0000516723 0.0000068087 0.0026780414 -0.0000003804 0.0025405293
1413394891.25620 0.570092 0.279377 0.532698 0.876023 -0.005031 0.482144 0.009742 0.0002890844 0.0000042218 -0.0001802533 0.0000044008 -0.0000026855 0.0001186854 0.0025933740 -0.0000491256 0.0000066353 0.0026779464 -0.0000004188 0.0025403338
1413394891.30621 0.577553 0.269545 0.529434 0.878392 -0.004861 0.477807 0.010242 0.0002856064 0.0000045826 -0.0001818885 0.0000044126 -0.0000029733 0.0001222048 0.0025922792 -0.0000476619 0.0000064682 0.0026813254 -0.0000004360 0.0025401737
1413394891.35623 0.591525 0.260268 0.527620 0.877768 -0.003218 0.478921 0.012170 0.0002865621 0.0000062254 -0.0001814492 0.0000044740 -0.0000040129 0.0001212401 0.0025914908 -0.0000471664 0.0000062962 0.0026882062 -0.0000004523 0.0025400486
1413394891.40622 0.613707 0.251603 0.527080 0.871637 -0.000405 0.489903 0.015612 0.0002955553 0.0000091829 -0.0001769934 0.0000046196 -0.0000055943 0.0001121412 0.0025906496 -0.0000472459 0.0000060601 0.0026981472 -0.0000004216 0.0025399247
1413394891.45623 0.650259 0.241575 0.527663 0.863453 0.000075 0.504168 0.016221 0.0003072365 0.0000098161 -0.0001704208 0.0000046232 -0.0000055379 0.0001004404 0.0025870970 -0.0000477759 0.0000059280 0.0027116184 -0.0000005100 0.0025397358
1413394891.50623 0.685378 0.235031 0.529139 0.853347 0.001881 0.521025 0.018147 0.0003201211 0.0000116930 -0.0001618247 0.0000047258 -0.0000060169 0.0000874674 0.0025856860 -0.0000499027 0.0000057502 0.0027333098 -0.0000004084 0.0025397038
1413394891.55620 0.725606 0.227007 0.529348 0.842978 0.002387 0.537622 0.018581 0.0003323726 0.0000120909 -0.0001520311 0.0000046640 -0.0000056496 0.0000749636 0.0025795673 -0.0000516401 0.0000053934 0.0027497979 -0.0000003898 0.0025393077
1413394891.60618 0.765703 0.221783 0.529675 0.833759 0.005303 0.551685 0.021512 0.0003419710 0.0000150982 -0.0001430601 0.0000048870 -0.0000064531 0.0000651078 0.0025778846 -0.0000535006 0.0000053327 0.0027742238 -0.0000004901 0.0025391803
1413394891.65615 0.803011 0.219139 0.529756 0.826605 0.006702 0.562291 0.022538 0.0003489357 0.0000164239 -0.0001358103 0.0000049853 -0.0000065395 0.0000580045 0.0025765657 -0.0000560386 0.0000052414 0.0027994206 -0.0000006369 0.0025389301
1413394891.70613 0.843384 0.213656 0.531009 0.821058 0.008438 0.570284 0.023849 0.0003540316 0.0000181399 -0.0001299732 0.0000051406 -0.0000068180 0.0000527850 0.0025770307 -0.0000589819 0.0000052104 0.0028243299 -0.0000007527 0.0025389146
1413394891.75610 0.884412 0.209164 0.531885 0.817374 0.009477 0.575529 0.024014 0.0003573472 0.0000187012 -0.0001260246 0.0000051823 -0.0000067623 0.0000494657 0.0025770094 -0.0000612032 0.0000052404 0.0028524890 -0.0000008474 0.0025388710
1413394891.80608 0.925529 0.205505 0.534992 0.815497 0.010761 0.578166 0.023943 0.0003589821 0.0000192819 -0.0001239892 0.0000052279 -0.0000068377 0.0000478224 0.0025774099 -0.0000637310 0.0000052986 0.0028820411 -0.0000008928 0.0025388795
1413394891.85608 0.966765 0.203840 0.542618 0.810017 0.012457 0.585740 0.025004 0.0003633798 0.0000207710 -0.0001181051 0.0000053725 -0.0000069389 0.0000433204 0.0025779884 -0.0000663944 0.0000053531 0.0029131130 -0.0000009060 0.0025389732
1413394891.90607 1.007676 0.203417 0.553595 0.802034 0.014692 0.596533 0.025949 0.0003694072 0.0000224684 -0.0001092506 0.0000055475 -0.0000068394 0.0000371595 0.0025790206 -0.0000698967 0.0000054266 0.0029451061 -0.0000008969 0.0025391360
1413394891.95605 1.048351 0.205117 0.568520 0.792838 0.016068 0.608660 0.026125 0.0003756814 0.0000233926 -0.0000989613 0.0000056282 -0.0000063584 0.0000308252 0.0025802352 -0.0000737078 0.0000054908 0.0029776901 -0.0000007520 0.0025392467
1413394892.00601 1.088340 0.207921 0.584523 0.784920 0.017893 0.618760 0.026773 0.0003804629 0.0000247375 -0.0000899002 0.0000057778 -0.0000060420 0.0000259301 0.0025815509 -0.0000782660 0.0000055138 0.0030107442 -0.0000006677 0.0025395047
1413394892.05601 1.125858 0.212491 0.602774 0.778117 0.020567 0.627277 0.025181 0.0003841124 0.0000253110 -0.0000822900 0.0000058416 -0.0000056118 0.0000222718 0.0025834576 -0.0000836039 0.0000056174 0.0030441812 -0.0000006163 0.0025399320
1413394892.10599 1.159154 0.219155 0.620681 0.772596 0.024584 0.634021 0.022533 0.0003868311 0.0000257230 -0.0000760493 0.0000058864 -0.0000052370 0.0000195592 0.0025855532 -0.0000893276 0.0000057519 0.0030758759 -0.0000005506 0.0025404204
1413394892.15598 1.189624 0.228189 0.638528 0.769591 0.030829 0.637513 0.018880 0.0003880604 0.0000266786 -0.0000728134 0.0000060061 -0.0000051751 0.0000182474 0.0025877129 -0.0000956932 0.0000058512 0.0031037607 -0.0000004298 0.0025409279
1413394892.20597 1.217028 0.239408 0.656433 0.768409 0.039228 0.638608 0.013740 0.0003883167 0.0000278072 -0.0000718716 0.0000061566 -0.0000053071 0.0000178741 0.0025903038 -0.0001030884 0.0000060647 0.0031300097 -0.0000003693 0.0025415048
1413394892.25596 1.243408 0.252167 0.675069 0.767554 0.048854 0.639082 0.006876 0.0003884115 0.0000285079 -0.0000714878 0.0000062401 -0.0000053954 0.0000177066 0.0025931227 -0.0001112543 0.0000063171 0.0031541293 -0.0000003173 0.0025420551
1413394892.30596 1.266121 0.266058 0.690338 -0.767124 -0.058460 -0.638827 0.001648 0.0003883789 0.0000282963 -0.0000717921 0.0000061859 -0.0000053627 0.0000177991 0.0025963483 -0.0001201175 0.0000066790 0.0031774959 -0.0000002752 0.0025426257
1413394892.35595 1.283785 0.281536 0.700149 -0.767558 -0.069618 -0.637109 0.009984 0.0003876988 0.0000287100 -0.0000734667 0.0000062180 -0.0000055599 0.0000184150 0.0025991987 -0.0001292800 0.0000072079 0.0031976893 -0.0000002010 0.0025430051
1413394892.40596 1.300685 0.297940 0.705330 -0.766887 -0.080713 -0.636370 0.020082 0.0003876489 0.0000282688 -0.0000738971 0.0000061285 -0.0000054887 0.0000185406 0.0026034812 -0.0001390733 0.0000077776 0.0032130066 -0.0000002319 0.0025433178
1413394892.45597 1.314804 0.314597 0.706557 -0.766570 -0.092319 -0.634711 0.031459 0.0003874007 0.0000270782 -0.0000750857 0.0000059288 -0.0000053223 0.0000189602 0.0026083480 -0.0001493521 0.0000081848 0.0032279324 -0.0000003399 0.0025434313
1413394892.50597 1.323512 0.333280 0.703526 -0.765950 -0.105415 -0.632773 0.042494 0.0003868874 0.0000268553 -0.0000765385 0.0000058605 -0.0000053581 0.0000194976 0.0026136875 -0.0001597292 0.0000084843 0.0032397347 -0.0000004198 0.0025432675
1413394892.55597 1.327269 0.351896 0.701400 -0.766431 -0.118923 -0.628862 0.054525 0.0003858555 0.0000259370 -0.0000793876 0.0000056942 -0.0000053453 0.0000206336 0.0026198546 -0.0001706767 0.0000087210 0.0032456257 -0.0000005315 0.0025427619
1413394892.60598 1.329077 0.371585 0.698546 -0.768914 -0.133560 -0.621618 0.067255 0.0003835666 0.0000245452 -0.0000849687 0.0000054577 -0.0000053952 0.0000230530 0.0026260885 -0.0001809200 0.0000088400 0.0032464192 -0.0000007804 0.0025424181
1413394892.65599 1.326778 0.392160 0.697142 -0.771233 -0.148969 -0.613693 0.079928 0.0003808448 0.0000231830 -0.0000909662 0.0000052484 -0.0000054637 0.0000259062 0.0026331543 -0.0001913886 0.0000088987 0.0032458407 -0.0000009978 0.0025422263
1413394892.70600 1.325653 0.414130 0.698034 -0.773453 -0.164924 -0.604838 0.093497 0.0003779240 0.0000211801 -0.0000969889 0.0000049704 -0.0000053399 0.0000290089 0.0026405803 -0.0002017286 0.0000087049 0.0032414268 -0.0000012520 0.0025419170
1413394892.75600 1.322005 0.436264 0.699486 -0.776079 -0.182175 -0.594367 0.106027 0.0003739553 0.0000200243 -0.0001041133 0.0000048079 -0.0000054597 0.0000330770 0.0026494515 -0.0002129169 0.0000088899 0.0032392514 -0.0000013888 0.0025420724
1413394892.80600 1.316220 0.458384 0.701913 -0.776079 -0.198890 -0.586293 0.120022 0.0003713089 0.0000181372 -0.0001087379 0.0000045524 -0.0000051708 0.0000358935 0.0026588697 -0.0002236987 0.0000090505 0.0032348739 -0.0000015071 0.0025420800
1413394892.85600 1.309831 0.480845 0.705117 -0.775675 -0.215682 -0.578011 0.133089 0.0003686241 0.0000165476 -0.0001131003 0.0000043173 -0.0000049047 0.0000386940 0.0026685203 -0.0002337392 0.0000093694 0.0032284998 -0.0000015579 0.0025422462
1413394892.90601 1.303867 0.503526 0.709384 -0.775873 -0.232611 -0.568395 0.144361 0.0003649253 0.0000153679 -0.0001185602 0.0000041454 -0.0000048075 0.0000424565 0.0026784707 -0.0002435689 0.0000095635 0.0032219208 -0.0000016149 0.0025425722
1413394892.95602 1.299326 0.527879 0.714282 -0.777044 -0.249345 -0.557004 0.154197 0.0003598872 0.0000140998 -0.0001253434 0.0000039324 -0.0000047129 0.0000475073 0.0026886619 -0.0002540292 0.0000096268 0.0032167210 -0.0000017289 0.0025427781
1413394893.00602 1.288787 0.550481 0.719151 -0.776798 -0.265903 -0.547188 0.162687 0.0003552628 0.0000143302 -0.0001309490 0.0000038393 -0.0000050751 0.0000520653 0.0027005928 -0.0002656173 0.0000099231 0.0032139137 -0.0000017134 0.0025432169
1413394893.05602 1.280429 0.574385 0.724663 -0.774939 -0.282370 -0.539241 0.170163 0.0003518574 0.0000152068 -0.0001347796 0.0000037821 -0.0000056011 0.0000553236 0.0027119913 -0.0002749579 0.0000102490 0.0032053345 -0.0000016841 0.0025437273
1413394893.10603 1.272360 0.599833 0.730979 -0.771311 -0.299096 -0.533588 0.175794 0.0003492373 0.0000177948 -0.0001373874 0.0000038628 -0.0000067675 0.0000575752 0.0027239305 -0.0002853529 0.0000105556 0.0031993751 -0.0000016463 0.0025442824
1413394893.15602 1.263324 0.624778 0.736660 -0.766765 -0.316230 -0.528633 0.180600 0.0003465977 0.0000214868 -0.0001397301 0.0000040791 -0.0000084275 0.0000595439 0.0027361473 -0.0002966138 0.0000107690 0.0031931260 -0.0000015630 0.0025448432
1413394893.20601 1.252271 0.650050 0.742704 -0.762174 -0.330149 -0.523692 0.189311 0.0003452769 0.0000214565 -0.0001411779 0.0000039174 -0.0000085329 0.0000606987 0.0027495411 -0.0003068793 0.0000110985 0.0031860492 -0.0000014701 0.0025454376
1413394893.25602 1.245920 0.676881 0.750567 -0.757860 -0.342922 -0.519172 0.196246 0.0003443369 0.0000220535 -0.0001421182 0.0000037143 -0.0000088641 0.0000613523 0.0027627867 -0.0003165610 0.0000115453 0.0031769585 -0.0000012409 0.0025459147
1413394893.30603 1.238698 0.705827 0.757581 -0.751833 -0.351835 -0.518572 0.205045 0.0003460829 0.0000210653 -0.0001406091 0.0000034157 -0.0000083352 0.0000596239 0.0027785961 -0.0003279759 0.0000119834 0.0031733236 -0.0000011876 0.0025465181
1413394893.35603 1.229359 0.735137 0.765496 -0.745136 -0.358969 -0.520393 0.212379 0.0003488496 0.0000214702 -0.0001377774 0.0000033044 -0.0000082652 0.0000567065 0.0027965190 -0.0003398560 0.0000123088 0.0031684522 -0.0000011757 0.0025471070
1413394893.40604 1.221698 0.767561 0.774645 -0.736336 -0.366434 -0.526369 0.215570 0.0003529311 0.0000255878 -0.0001326995 0.0000037088 -0.0000094100 0.0000520163 0.0028152733 -0.0003508042 0.0000125742 0.0031611943 -0.0000012414 0.0025477423
1413394893.45605 1.212296 0.799231 0.782665 -0.729091 -0.374017 -0.531147 0.215453 0.0003547737 0.0000314499 -0.0001293985 0.0000045181 -0.0000112890 0.0000491502 0.0028362626 -0.0003636853 0.0000128498 0.0031547825 -0.0000012256 0.0025484246
1413394893.50606 1.200787 0.830866 0.790178 -0.721699 -0.379706 -0.536460 0.217219 0.0003574760 0.0000357027 -0.0001251197 0.0000051979 -0.0000123309 0.0000456069 0.0028578145 -0.0003749364 0.0000130465 0.0031460767 -0.0000011874 0.0025491415
1413394893.55607 1.187201 0.862095 0.795690 -0.716137 -0.385077 -0.540446 0.216290 0.0003584939 0.0000406216 -0.0001224226 0.0000061433 -0.0000137335 0.0000435046 0.0028797599 -0.0003851268 0.0000133226 0.0031351773 -0.0000010801 0.0025498936
1413394893.60609 1.172519 0.893242 0.798729 -0.710195 -0.389430 -0.545958 0.214236 0.0003599079 0.0000461827 -0.0001186851 0.0000073960 -0.0000151110 0.0000407348 0.0029020074 -0.0003936530 0.0000135055 0.0031218902 -0.0000009574 0.0025506670
1413394893.65610 1.154448 0.924451 0.799136 -0.705412 -0.393534 -0.550987 0.209615 0.0003599123 0.0000526857 -0.0001160330 0.0000091188 -0.0000168936 0.0000389069 0.0029248589 -0.0004018684 0.0000136590 0.0031074667 -0.0000007823 0.0025514403
1413394893.70612 1.133722 0.955875 0.798754 -0.698386 -0.397201 -0.559566 0.203408 0.0003606260 0.0000612917 -0.0001108124 0.0000117735 -0.0000187662 0.0000354546 0.0029484178 -0.0004081969 0.0000137658 0.0030895564 -0.0000005612 0.0025522038
1413394893.75613 1.110410 0.989160 0.796123 -0.694652 -0.397880 -0.565169 0.199335 0.0003611424 0.0000660279 -0.0001073951 0.0000133868 -0.0000195835 0.0000332680 0.0029732407 -0.0004131795 0.0000137578 0.0030695184 -0.0000003836 0.0025529362
1413394893.80615 1.081049 1.022569 0.792718 -0.691161 -0.397077 -0.571153 0.195987 0.0003621048 0.0000699914 -0.0001034783 0.0000147967 -0.0000199676 0.0000308154 0.0029991866 -0.0004179668 0.0000136465 0.0030466065 -0.0000002734 0.0025535869
1413394893.85617 1.046660 1.056037 0.789506 -0.691363 -0.393490 -0.573445 0.195814 0.0003636220 0.0000693226 -0.0001016657 0.0000144404 -0.0000193519 0.0000296155 0.0030263176 -0.0004190455 0.0000132973 0.0030190191 -0.0000002998 0.0025539428
1413394893.90619 1.009110 1.090583 0.784275 -0.692002 -0.390289 -0.574378 0.197226 0.0003651046 0.0000674932 -0.0001006393 0.0000136587 -0.0000185762 0.0000288818 0.0030540286 -0.0004172206 0.0000127054 0.0029878226 -0.0000004712 0.0025542295
1413394893.95622 0.966507 1.127700 0.776593 -0.692131 -0.386529 -0.575086 0.202055 0.0003675572 0.0000637589 -0.0000991031 0.0000121632 -0.0000171632 0.0000277925 0.0030818278 -0.0004140680 0.0000119831 0.0029542099 -0.0000007364 0.0025538532
1413394894.00622 0.924666 1.167648 0.771079 -0.690961 -0.384877 -0.575364 0.208322 0.0003702983 0.0000599458 -0.0000969715 0.0000107686 -0.0000156628 0.0000264383 0.0031157398 -0.0004066031 0.0000112708 0.0029201390 -0.0000009513 0.0025537917
1413394894.05623 0.879035 1.208392 0.764918 -0.687834 -0.384700 -0.576395 0.216007 0.0003731780 0.0000568015 -0.0000939089 0.0000096752 -0.0000142544 0.0000246457 0.0031535793 -0.0003995723 0.0000105582 0.0028892750 -0.0000011678 0.0025538345
1413394894.10622 0.832162 1.253474 0.758964 -0.685770 -0.385453 -0.574734 0.225446 0.0003754682 0.0000520431 -0.0000925685 0.0000082063 -0.0000127859 0.0000238059 0.0031935718 -0.0003890873 0.0000098859 0.0028577290 -0.0000012649 0.0025535963
1413394894.15621 0.780546 1.296099 0.751192 -0.684540 -0.386172 -0.570284 0.238855 0.0003780351 0.0000443959 -0.0000918290 0.0000061748 -0.0000107351 0.0000232639 0.0032388936 -0.0003771467 0.0000091930 0.0028275776 -0.0000013527 0.0025536832
1413394894.20620 0.725448 1.338985 0.741295 -0.685242 -0.385896 -0.561675 0.256999 0.0003803410 0.0000318462 -0.0000927119 0.0000035970 -0.0000077094 0.0000235306 0.0032830927 -0.0003605145 0.0000083947 0.0027974752 -0.0000014484 0.0025536427
1413394894.25620 0.667736 1.380365 0.731114 -0.685378 -0.386996 -0.551755 0.275785 0.0003816794 0.0000192701 -0.0000937051 0.0000018811 -0.0000046743 0.0000239122 0.0033285020 -0.0003404275 0.0000076005 0.0027684536 -0.0000015582 0.0025537193
1413394894.30620 0.608108 1.421271 0.719893 -0.685756 -0.391767 -0.540294 0.290413 0.0003807898 0.0000097665 -0.0000969219 0.0000011418 -0.0000024293 0.0000255590 0.0033737445 -0.0003170305 0.0000068269 0.0027415609 -0.0000016837 0.0025538760
1413394894.35620 0.546796 1.460509 0.708148 -0.683832 -0.397533 -0.530914 0.304091 0.0003803203 0.0000023270 -0.0000983358 0.0000008886 -0.0000005484 0.0000262968 0.0034192011 -0.0002907204 0.0000060927 0.0027170670 -0.0000017967 0.0025540541
1413394894.40620 0.484433 1.497631 0.694957 -0.681875 -0.405280 -0.520723 0.315662 0.0003789256 -0.0000034031 -0.0001008730 0.0000008904 0.0000009548 0.0000277106 0.0034642926 -0.0002617360 0.0000053860 0.0026953160 -0.0000019268 0.0025543582
1413394894.45620 0.422527 1.532930 0.681515 -0.680126 -0.414053 -0.510143 0.325182 0.0003767697 -0.0000078640 -0.0001044054 0.0000010150 0.0000022247 0.0000297811 0.0035073226 -0.0002300997 0.0000046195 0.0026767218 -0.0000021282 0.0025548897
1413394894.50621 0.360738 1.565628 0.667267 -0.677042 -0.424700 -0.501444 0.331358 0.0003747189 -0.0000089419 -0.0001077697 0.0000010584 0.0000026123 0.0000318377 0.0035497241 -0.0001973412 0.0000038549 0.0026618043 -0.0000023779 0.0025555137
1413394894.55621 0.299420 1.595734 0.652224 -0.672713 -0.435627 -0.494357 0.336597 0.0003731884 -0.0000086470 -0.0001103085 0.0000010426 0.0000025933 0.0000334427 0.0035896409 -0.0001627463 0.0000030838 0.0026501967 -0.0000027182 0.0025562520
1413394894.60621 0.238700 1.624309 0.636038 -0.669323 -0.444617 -0.485973 0.343732 0.0003715574 -0.0000108989 -0.0001127000 0.0000011585 0.0000033408 0.0000350144 0.0036275005 -0.0001269751 0.0000023149 0.0026418851 -0.0000031144 0.0025570296
1413394894.65620 0.178800 1.651669 0.621992 -0.663788 -0.453619 -0.480646 0.350135 0.0003711785 -0.0000110518 -0.0001133618 0.0000011469 0.0000033981 0.0000354287 0.0036645318 -0.0000903368 0.0000017163 0.0026363544 -0.0000038009 0.0025571276
1413394894.70620 0.119352 1.678012 0.606129 -0.656570 -0.462467 -0.479129 0.354225 0.0003720840 -0.0000085613 -0.0001123402 0.0000009975 0.0000026033 0.0000347082 0.0037000814 -0.0000529335 0.0000012984 0.0026338147 -0.0000046837 0.0025574995
1413394894.75620 0.060960 1.702057 0.589434 -0.649322 -0.472016 -0.479478 0.354518 0.0003725997 -0.0000030083 -0.0001119694 0.0000008122 0.0000009131 0.0000344197 0.0037353225 -0.0000146016 0.0000008602 0.0026342436 -0.0000053819 0.0025580262
1413394894.80619 0.003079 1.725931 0.572589 -0.645458 -0.478763 -0.476459 0.356590 0.0003720189 -0.0000016329 -0.0001129885 0.0000007785 0.0000004985 0.0000350769 0.0037683908 0.0000242051 0.0000007090 0.0026374997 -0.0000061254 0.0025582810
1413394894.85619 -0.054367 1.748504 0.555980 -0.641594 -0.486048 -0.474379 0.356481 0.0003711065 0.0000014250 -0.0001144540 0.0000007628 -0.0000004429 0.0000360477 0.0038016749 0.0000640138 0.0000005570 0.0026432791 -0.0000069457 0.0025586484
1413394894.90619 -0.112750 1.768907 0.540700 -0.641479 -0.490083 -0.468503 0.358927 0.0003692897 -0.0000004618 -0.0001171915 0.0000007439 0.0000001408 0.0000379319 0.0038339400 0.0001044239 0.0000005138 0.0026514921 -0.0000077447 0.0025590145
1413394894.95618 -0.174530 1.792489 0.525791 -0.642116 -0.492385 -0.463282 0.361406 0.0003676883 -0.0000030931 -0.0001194902 0.0000007334 0.0000010049 0.0000395637 0.0038630594 0.0001470537 0.0000010704 0.0026614006 -0.0000087379 0.0025588389
1413394895.00618 -0.233945 1.812450 0.512046 -0.645606 -0.491451 -0.455592 0.366203 0.0003657786 -0.0000095959 -0.0001218384 0.0000009447 0.0000031966 0.0000413084 0.0038977639 0.0001932065 0.0000011765 0.0026750027 -0.0000094437 0.0025589540
1413394895.05617 -0.294376 1.830343 0.499446 -0.648412 -0.490361 -0.450104 0.369479 0.0003641163 -0.0000143927 -0.0001236500 0.0000012408 0.0000048848 0.0000427018 0.0039260851 0.0002374624 0.0000015316 0.0026896088 -0.0000097054 0.0025588078
1413394895.10616 -0.352553 1.847681 0.486734 -0.650554 -0.490813 -0.446225 0.369817 0.0003623613 -0.0000164969 -0.0001257363 0.0000014061 0.0000057236 0.0000443311 0.0039514236 0.0002838961 0.0000015025 0.0027070742 -0.0000102866 0.0025588768
1413394895.15615 -0.410534 1.861970 0.476926 -0.653444 -0.490529 -0.442397 0.369700 0.0003602985 -0.0000186501 -0.0001280985 0.0000016068 0.0000066283 0.0000462361 0.0039781400 0.0003286126 0.0000016961 0.0027264420 -0.0000105567 0.0025588547
1413394895.20614 -0.468018 1.876091 0.467138 -0.655516 -0.489346 -0.440686 0.369642 0.0003593367 -0.0000202528 -0.0001291258 0.0000017678 0.0000072764 0.0000470834 0.0039980165 0.0003737438 0.0000017600 0.0027480275 -0.0000108371 0.0025587816
1413394895.25614 -0.522155 1.885769 0.459632 -0.656168 -0.487158 -0.441891 0.369936 0.0003601097 -0.0000208415 -0.0001281881 0.0000018181 0.0000074171 0.0000462991 0.0040170220 0.0004182396 0.0000019580 0.0027709044 -0.0000107544 0.0025588452
1413394895.30613 -0.576812 1.902744 0.451067 -0.656673 -0.486149 -0.444504 0.367227 0.0003604788 -0.0000191708 -0.0001280966 0.0000016203 0.0000068135 0.0000461788 0.0040309924 0.0004603354 0.0000018096 0.0027946480 -0.0000108862 0.0025590352
1413394895.35613 -0.630891 1.916691 0.444313 -0.653293 -0.489430 -0.452761 0.358711 0.0003619542 -0.0000097468 -0.0001274425 0.0000008506 0.0000034298 0.0000455235 0.0040564014 0.0005049319 0.0000018358 0.0028216187 -0.0000109436 0.0025593882
1413394895.40613 -0.676670 1.929217 0.440012 -0.649336 -0.493072 -0.462012 0.348981 0.0003632512 0.0000009851 -0.0001262867 0.0000005805 -0.0000003490 0.0000445490 0.0040799280 0.0005494445 0.0000018684 0.0028516519 -0.0000111447 0.0025598364
1413394895.45613 -0.724230 1.942464 0.437880 -0.646405 -0.496005 -0.469319 0.340410 0.0003634969 0.0000098470 -0.0001256958 0.0000008368 -0.0000034161 0.0000441047 0.0041001583 0.0005876857 0.0000020846 0.0028791704 -0.0000113328 0.0025602697
1413394895.50612 -0.778452 1.960383 0.437321 -0.646088 -0.497588 -0.473364 0.333021 0.0003624094 0.0000155907 -0.0001265725 0.0000012302 -0.0000054582 0.0000448429 0.0041208969 0.0006290122 0.0000021638 0.0029096445 -0.0000114631 0.0025607146
1413394895.55612 -0.829698 1.972839 0.440408 -0.646296 -0.499230 -0.476193 0.326053 0.0003610211 0.0000207200 -0.0001276533 0.0000017409 -0.0000073441 0.0000457728 0.0041483617 0.0006778201 0.0000024171 0.0029475427 -0.0000115071 0.0025612154
1413394895.60612 -0.881762 1.986647 0.446667 -0.648096 -0.497063 -0.476615 0.325176 0.0003610614 0.0000200457 -0.0001277922 0.0000016586 -0.0000071131 0.0000458640 0.0041689872 0.0007237869 0.0000025368 0.0029858398 -0.0000116535 0.0025617285
1413394895.65612 -0.932281 1.998465 0.457126 -0.651128 -0.494140 -0.474845 0.326159 0.0003608884 0.0000170726 -0.0001285168 0.0000013496 -0.0000060961 0.0000463997 0.0041912885 0.0007716952 0.0000026058 0.0030267774 -0.0000117128 0.0025622620
1413394895.70612 -0.981609 2.012258 0.471521 -0.655705 -0.490695 -0.470162 0.328964 0.0003599355 0.0000115196 -0.0001303169 0.0000009060 -0.0000041829 0.0000478144 0.0042088921 0.0008183251 0.0000026248 0.0030672508 -0.0000115328 0.0025626817
1413394895.75612 -1.032800 2.025459 0.489651 -0.659099 -0.488180 -0.466368 0.331316 0.0003590904 0.0000071669 -0.0001317041 0.0000006784 -0.0000026371 0.0000489372 0.0042293624 0.0008655196 0.0000023395 0.0031092359 -0.0000115517 0.0025631661
1413394895.80611 -1.083255 2.038749 0.509533 -0.661491 -0.485387 -0.463564 0.334571 0.0003590172 0.0000028930 -0.0001320244 0.0000005598 -0.0000010696 0.0000491821 0.0042512527 0.0009140657 0.0000021578 0.0031549943 -0.0000115682 0.0025636709
1413394895.85611 -1.134485 2.052718 0.528236 -0.662570 -0.483568 -0.462200 0.336949 0.0003592710 0.0000002587 -0.0001318306 0.0000005384 -0.0000000991 0.0000490053 0.0042735205 0.0009619275 0.0000019376 0.0032017002 -0.0000115740 0.0025641675
1413394895.90611 -1.184545 2.066223 0.544133 -0.662909 -0.482772 -0.461256 0.338710 0.0003595093 -0.0000013387 -0.0001316170 0.0000005456 0.0000004865 0.0000488174 0.0042968239 0.0010108739 0.0000017527 0.0032519131 -0.0000115535 0.0025646931
1413394895.95610 -1.233488 2.079878 0.556917 -0.662304 -0.482558 -0.461233 0.340229 0.0003601340 -0.0000020204 -0.0001309427 0.0000005542 0.0000007313 0.0000482423 0.0043203002 0.0010587247 0.0000015362 0.0033028159 -0.0000115204 0.0025652254
1413394896.00610 -1.282332 2.094386 0.567020 -0.661528 -0.482538 -0.461522 0.341374 0.0003607686 -0.0000023081 -0.0001302561 0.0000005606 0.0000008295 0.0000476624 0.0043440052 0.0011057770 0.0000013096 0.0033544637 -0.0000114579 0.0025657551
1413394896.05609 -1.331266 2.110190 0.574531 -0.661200 -0.482975 -0.460974 0.342131 0.0003608269 -0.0000026635 -0.0001302546 0.0000005686 0.0000009569 0.0000476560 0.0043698905 0.0011535858 0.0000010719 0.0034076602 -0.0000113703 0.0025662927
1413394896.10609 -1.381120 2.127420 0.578912 -0.660637 -0.483472 -0.460356 0.343345 0.0003610055 -0.0000031879 -0.0001301036 0.0000005804 0.0000011436 0.0000475263 0.0043982309 0.0012032876 0.0000008276 0.0034635308 -0.0000113003 0.0025668529
1413394896.15608 -1.431204 2.146469 0.580618 -0.660297 -0.484398 -0.459955 0.343232 0.0003608210 -0.0000028594 -0.0001304061 0.0000005780 0.0000010270 0.0000477717 0.0044295783 0.0012552305 0.0000005762 0.0035218044 -0.0000112547 0.0025674213
1413394896.20607 -1.481438 2.167190 0.579622 -0.660634 -0.484612 -0.458904 0.343688 0.0003604763 -0.0000034828 -0.0001308719 0.0000005920 0.0000012574 0.0000481579 0.0044645765 0.0013093018 0.0000003884 0.0035820114 -0.0000112409 0.0025679736
1413394896.25605 -1.531902 2.189654 0.576885 -0.663254 -0.481093 -0.453932 0.350127 0.0003602043 -0.0000104789 -0.0001308900 0.0000008661 0.0000038042 0.0000482093 0.0045016446 0.0013658464 0.0000002230 0.0036445032 -0.0000114376 0.0025683823
1413394896.30604 -1.581842 2.213504 0.573383 -0.667633 -0.474802 -0.446565 0.359734 0.0003593941 -0.0000213858 -0.0001305740 0.0000018366 0.0000077721 0.0000480880 0.0045416184 0.0014240683 0.0000001487 0.0037079544 -0.0000117974 0.0025685154
1413394896.35602 -1.631783 2.238252 0.569392 -0.673120 -0.467421 -0.437799 0.369810 0.0003572697 -0.0000336322 -0.0001305627 0.0000037346 0.0000122992 0.0000483637 0.0045850168 0.0014832789 -0.0000000033 0.0037722900 -0.0000120758 0.0025684636
1413394896.40601 -1.675246 2.260533 0.565119 -0.677574 -0.461770 -0.429759 0.378113 0.0003546645 -0.0000437334 -0.0001306608 0.0000059671 0.0000161257 0.0000487892 0.0046306515 0.0015431459 -0.0000002413 0.0038382098 -0.0000121742 0.0025685744
1413394896.45600 -1.715626 2.281934 0.561116 -0.681715 -0.455741 -0.422275 0.386327 0.0003519047 -0.0000535221 -0.0001302301 0.0000087212 0.0000198269 0.0000488497 0.0046714765 0.0015951217 -0.0000005073 0.0038949570 -0.0000122233 0.0025685927
1413394896.50599 -1.753253 2.302453 0.555617 -0.685677 -0.450526 -0.415328 0.392907 0.0003487288 -0.0000618654 -0.0001301639 0.0000115629 0.0000231168 0.0000492422 0.0047107896 0.0016439764 -0.0000007516 0.0039478503 -0.0000122495 0.0025686071
1413394896.55599 -1.788056 2.322967 0.548164 -0.690117 -0.443642 -0.407221 0.401362 0.0003447205 -0.0000720245 -0.0001293880 0.0000156453 0.0000270662 0.0000492250 0.0047490496 0.0016905315 -0.0000009860 0.0039973612 -0.0000122716 0.0025685562
1413394896.60598 -1.819723 2.342135 0.537978 -0.694311 -0.436885 -0.399540 0.409182 0.0003403811 -0.0000814358 -0.0001284961 0.0000200896 0.0000307827 0.0000491680 0.0047853943 0.0017344685 -0.0000012767 0.0040420040 -0.0000124468 0.0025682890
1413394896.65598 -1.846223 2.360526 0.525424 -0.698747 -0.428723 -0.391438 0.418001 0.0003353201 -0.0000917159 -0.0001268737 0.0000257045 0.0000347502 0.0000486650 0.0048203749 0.0017743398 -0.0000014471 0.0040814855 -0.0000125126 0.0025681196
1413394896.70597 -1.868507 2.377339 0.509244 -0.702074 -0.421198 -0.384051 0.426836 0.0003304394 -0.0001011092 -0.0001247054 0.0000315693 0.0000382133 0.0000477211 0.0048533008 0.0018091941 -0.0000015462 0.0041122169 -0.0000126358 0.0025677427
1413394896.75597 -1.883718 2.391617 0.490710 -0.706181 -0.413473 -0.376364 0.434394 0.0003246100 -0.0001098306 -0.0001231151 0.0000378067 0.0000417189 0.0000473522 0.0048811578 0.0018373278 -0.0000015138 0.0041359295 -0.0000127009 0.0025674143
1413394896.80597 -1.891395 2.402636 0.470344 -0.709057 -0.405761 -0.369789 0.442552 0.0003193794 -0.0001180299 -0.0001205248 0.0000442803 0.0000446117 0.0000461382 0.0049043405 0.0018564692 -0.0000013608 0.0041472015 -0.0000127802 0.0025669400
1413394896.85597 -1.890755 2.411383 0.449897 -0.709759 -0.399420 -0.367855 0.448763 0.0003173364 -0.0001232772 -0.0001171861 0.0000485629 0.0000455980 0.0000439249 0.0049205722 0.0018644116 -0.0000010161 0.0041447879 -0.0000128692 0.0025663557
1413394896.90596 -1.885059 2.414408 0.428535 -0.708935 -0.394576 -0.369811 0.452727 0.0003179242 -0.0001259326 -0.0001137352 0.0000505612 0.0000451280 0.0000413251 0.0049297779 0.0018607773 -0.0000007714 0.0041266366 -0.0000133293 0.0025651753
1413394896.95596 -1.867340 2.416761 0.409637 -0.709087 -0.390963 -0.368860 0.456384 0.0003168595 -0.0001287648 -0.0001116203 0.0000530134 0.0000454387 0.0000399536 0.0049279974 0.0018476814 -0.0000003056 0.0041028693 -0.0000131990 0.0025644425
1413394897.00596 -1.838230 2.415248 0.392935 -0.709749 -0.387791 -0.366727 0.459767 0.0003148937 -0.0001317117 -0.0001101584 0.0000557878 0.0000461586 0.0000391669 0.0049244461 0.0018212665 0.0000000087 0.0040602006 -0.0000130552 0.0025637886
1413394897.05596 -1.799693 2.410646 0.377798 -0.711302 -0.385633 -0.363659 0.461614 0.0003122042 -0.0001339948 -0.0001100756 0.0000582150 0.0000473309 0.0000394386 0.0049139798 0.0017802594 0.0000002863 0.0039992345 -0.0000128183 0.0025630025
1413394897.10596 -1.750986 2.403897 0.364516 -0.711967 -0.387020 -0.363551 0.459511 0.0003121907 -0.0001327943 -0.0001115178 0.0000571930 0.0000475259 0.0000404613 0.0048984905 0.0017278593 0.0000005241 0.0039251121 -0.0000125258 0.0025621486
1413394897.15596 -1.692909 2.394672 0.354116 -0.710644 -0.389849 -0.367052 0.456373 0.0003151926 -0.0001296559 -0.0001122549 0.0000540378 0.0000462654 0.0000406016 0.0048785088 0.0016646513 0.0000008018 0.0038396466 -0.0000121776 0.0025613234
1413394897.20597 -1.625867 2.382313 0.345852 -0.709424 -0.393958 -0.371414 0.451184 0.0003187386 -0.0001249810 -0.0001139516 0.0000497032 0.0000447676 0.0000413581 0.0048541305 0.0015911434 0.0000010729 0.0037441063 -0.0000117995 0.0025605254
1413394897.25597 -1.550619 2.366622 0.339469 -0.706096 -0.403795 -0.380367 0.440112 0.0003259609 -0.0001142846 -0.0001175309 0.0000407494 0.0000412846 0.0000429943 0.0048256513 0.0015079513 0.0000013177 0.0036398638 -0.0000114618 0.0025597875
1413394897.30597 -1.467030 2.350877 0.335323 -0.698093 -0.420189 -0.397900 0.421643 0.0003385889 -0.0000941613 -0.0001214522 0.0000268405 0.0000338353 0.0000441754 0.0047902020 0.0014167132 0.0000015890 0.0035322114 -0.0000109629 0.0025591244
1413394897.35597 -1.378040 2.332969 0.333162 -0.688455 -0.436155 -0.416923 0.402459 0.0003498532 -0.0000715720 -0.0001236948 0.0000152762 0.0000253461 0.0000443359 0.0047562437 0.0013208635 0.0000018062 0.0034221854 -0.0000104547 0.0025585051
1413394897.40597 -1.285360 2.313054 0.332374 -0.679222 -0.448964 -0.433109 0.386659 0.0003575492 -0.0000516995 -0.0001240246 0.0000080982 0.0000179581 0.0000436134 0.0047191557 0.0012218708 0.0000020214 0.0033144559 -0.0000099577 0.0025578817
1413394897.45596 -1.190013 2.294213 0.333475 -0.670727 -0.459386 -0.446144 0.374226 0.0003625299 -0.0000350202 -0.0001232998 0.0000039998 0.0000119217 0.0000425186 0.0046795753 0.0011217353 0.0000022694 0.0032119757 -0.0000094115 0.0025572883
1413394897.50596 -1.093801 2.275017 0.335059 -0.664187 -0.467245 -0.455935 0.364228 0.0003650144 -0.0000219338 -0.0001225292 0.0000019321 0.0000073627 0.0000417052 0.0046419165 0.0010211412 0.0000024811 0.0031133136 -0.0000088458 0.0025565921
1413394897.55596 -0.996397 2.260939 0.336533 -0.660639 -0.472519 -0.461259 0.357103 0.0003655271 -0.0000135348 -0.0001227441 0.0000011134 0.0000045350 0.0000417827 0.0046042296 0.0009231198 0.0000026085 0.0030243274 -0.0000082281 0.0025558706
1413394897.60596 -0.901405 2.245828 0.338323 -0.657883 -0.476494 -0.464978 0.352049 0.0003656333 -0.0000075194 -0.0001228351 0.0000007672 0.0000025092 0.0000418253 0.0045770498 0.0008285598 0.0000026440 0.0029434065 -0.0000077587 0.0025552042
1413394897.65596 -0.807285 2.231538 0.341128 -0.655181 -0.478129 -0.468632 0.350021 0.0003666905 -0.0000038595 -0.0001214648 0.0000006543 0.0000012563 0.0000407867 0.0045483094 0.0007377798 0.0000026460 0.0028732022 -0.0000073055 0.0025545645
1413394897.70596 -0.715051 2.216035 0.344574 -0.652460 -0.477823 -0.472253 0.350653 0.0003685917 -0.0000022691 -0.0001187914 0.0000006289 0.0000007053 0.0000388290 0.0045208230 0.0006495090 0.0000025894 0.0028110422 -0.0000068836 0.0025538982
1413394897.75597 -0.624284 2.199080 0.348315 -0.650305 -0.478026 -0.474823 0.350909 0.0003698485 -0.0000008056 -0.0001169501 0.0000006180 0.0000002250 0.0000375194 0.0044905501 0.0005639342 0.0000024859 0.0027573571 -0.0000065078 0.0025532227
1413394897.80596 -0.534553 2.179830 0.353878 -0.646726 -0.477860 -0.479082 0.351960 0.0003720944 0.0000011698 -0.0001135798 0.0000006215 -0.0000003904 0.0000352018 0.0044584455 0.0004805400 0.0000024030 0.0027110454 -0.0000061973 0.0025525638
1413394897.85597 -0.445554 2.159921 0.360564 -0.644869 -0.476906 -0.480847 0.354246 0.0003736021 0.0000008262 -0.0001112142 0.0000006213 -0.0000002820 0.0000336342 0.0044226300 0.0003992685 0.0000023621 0.0026719366 -0.0000058901 0.0025519317
1413394897.90597 -0.357596 2.138488 0.369300 -0.642255 -0.476684 -0.484051 0.354932 0.0003751902 0.0000023297 -0.0001086557 0.0000006367 -0.0000007135 0.0000319913 0.0043857682 0.0003197752 0.0000023738 0.0026396220 -0.0000055499 0.0025513357
1413394897.95597 -0.271242 2.115036 0.379241 -0.639467 -0.475678 -0.487465 0.356636 0.0003771598 0.0000031393 -0.0001054067 0.0000006512 -0.0000009184 0.0000299795 0.0043466691 0.0002427147 0.0000024015 0.0026140745 -0.0000052156 0.0025507446
1413394898.00597 -0.186637 2.089476 0.389263 -0.638734 -0.476628 -0.487840 0.356171 0.0003771136 0.0000040824 -0.0001053862 0.0000006726 -0.0000011841 0.0000299715 0.0043045072 0.0001685197 0.0000024554 0.0025949631 -0.0000048812 0.0025501766
1413394898.05598 -0.103182 2.064019 0.399996 -0.639372 -0.478587 -0.487038 0.353485 0.0003758671 0.0000056894 -0.0001072879 0.0000007187 -0.0000016696 0.0000311472 0.0042593541 0.0000974084 0.0000025480 0.0025821016 -0.0000044964 0.0025496491
1413394898.10598 -0.021838 2.037339 0.411371 -0.638986 -0.480630 -0.487126 0.351283 0.0003751176 0.0000076951 -0.0001083297 0.0000007946 -0.0000022701 0.0000318085 0.0042154572 0.0000293914 0.0000026437 0.0025750154 -0.0000041416 0.0025491149
1413394898.15598 0.057628 2.010998 0.423727 -0.637665 -0.484966 -0.487800 0.346760 0.0003737437 0.0000121804 -0.0001100416 0.0000010388 -0.0000036375 0.0000329259 0.0041705732 -0.0000352120 0.0000027557 0.0025733423 -0.0000037680 0.0025486249
1413394898.20599 0.135035 1.983919 0.436658 -0.636176 -0.487825 -0.488727 0.344169 0.0003730803 0.0000152777 -0.0001106488 0.0000012723 -0.0000045847 0.0000333436 0.0041270187 -0.0000964690 0.0000028722 0.0025766362 -0.0000034253 0.0025481383
1413394898.25599 0.210348 1.956943 0.451085 -0.632064 -0.493043 -0.493032 0.338117 0.0003723460 0.0000229808 -0.0001104565 0.0000020725 -0.0000068749 0.0000332944 0.0040833644 -0.0001542630 0.0000030216 0.0025848828 -0.0000029903 0.0025477206
1413394898.30599 0.282582 1.929779 0.465983 -0.626471 -0.499345 -0.497847 0.332168 0.0003714566 0.0000315948 -0.0001097132 0.0000033488 -0.0000093933 0.0000329315 0.0040407662 -0.0002081757 0.0000031627 0.0025971785 -0.0000026060 0.0025472973
1413394898.35599 0.351215 1.902624 0.480936 -0.620204 -0.507005 -0.501587 0.326655 0.0003698404 0.0000402127 -0.0001093854 0.0000050417 -0.0000119593 0.0000328785 0.0039987549 -0.0002577644 0.0000032915 0.0026127235 -0.0000022677 0.0025468989
1413394898.40598 0.416353 1.873404 0.494961 -0.612892 -0.516155 -0.504805 0.321121 0.0003673853 0.0000493728 -0.0001093801 0.0000073113 -0.0000147711 0.0000330915 0.0039578097 -0.0003027749 0.0000034289 0.0026307774 -0.0000019989 0.0025464956
1413394898.45598 0.476442 1.846087 0.509831 -0.606539 -0.525639 -0.504295 0.318593 0.0003646857 0.0000554176 -0.0001105473 0.0000091042 -0.0000168758 0.0000340387 0.0039145622 -0.0003429984 0.0000035786 0.0026508766 -0.0000017036 0.0025461740
1413394898.50598 0.531319 1.819391 0.525016 -0.599471 -0.536148 -0.502233 0.317712 0.0003617575 0.0000605404 -0.0001121337 0.0000108202 -0.0000188490 0.0000352900 0.0038749921 -0.0003781507 0.0000037351 0.0026716380 -0.0000014531 0.0025458881
1413394898.55597 0.581003 1.793021 0.540074 -0.592830 -0.547464 -0.497768 0.317904 0.0003583007 0.0000642413 -0.0001149149 0.0000122112 -0.0000206940 0.0000373933 0.0038369548 -0.0004085598 0.0000039007 0.0026925182 -0.0000012322 0.0025456345
1413394898.60597 0.625486 1.767654 0.555851 -0.585447 -0.558340 -0.494332 0.318032 0.0003550519 0.0000683224 -0.0001169191 0.0000138446 -0.0000225962 0.0000390446 0.0038003021 -0.0004344607 0.0000040819 0.0027129504 -0.0000010433 0.0025454186
1413394898.65597 0.665069 1.743153 0.571928 -0.579474 -0.567481 -0.490545 0.318656 0.0003522242 0.0000710103 -0.0001189665 0.0000150170 -0.0000240877 0.0000407300 0.0037657137 -0.0004562151 0.0000042726 0.0027324165 -0.0000008868 0.0025452351
1413394898.70596 0.699614 1.719186 0.587303 -0.576657 -0.575447 -0.484170 0.319230 0.0003489460 0.0000712726 -0.0001228377 0.0000152599 -0.0000251986 0.0000437972 0.0037330565 -0.0004740124 0.0000044621 0.0027505055 -0.0000007521 0.0025450538
1413394898.75596 0.729612 1.695529 0.602495 -0.577325 -0.581352 -0.475090 0.320958 0.0003459205 0.0000682320 -0.0001280321 0.0000141585 -0.0000253671 0.0000479510 0.0037018408 -0.0004880350 0.0000046507 0.0027667517 -0.0000006343 0.0025448665
1413394898.80596 0.754052 1.673201 0.618331 -0.577245 -0.587485 -0.468323 0.319878 0.0003420779 0.0000675115 -0.0001325832 0.0000140249 -0.0000262843 0.0000519591 0.0036716327 -0.0004987532 0.0000048359 0.0027812720 -0.0000005202 0.0025447099
1413394898.85596 0.773631 1.652069 0.635105 -0.575402 -0.592993 -0.464487 0.318628 0.0003390631 0.0000684075 -0.0001352529 0.0000145052 -0.0000274107 0.0000545315 0.0036440129 -0.0005058179 0.0000050202 0.0027930071 -0.0000004401 0.0025445968
1413394898.90596 0.788667 1.632551 0.652561 -0.571016 -0.600199 -0.464977 0.312245 0.0003342263 0.0000743133 -0.0001369199 0.0000172351 -0.0000305742 0.0000566750 0.0036187695 -0.0005100164 0.0000051797 0.0028022023 -0.0000003796 0.0025445040
1413394898.95596 0.798243 1.614552 0.669919 -0.567017 -0.605618 -0.465967 0.307559 0.0003306784 0.0000790208 -0.0001376502 0.0000196011 -0.0000330309 0.0000578847 0.0035958768 -0.0005112113 0.0000053000 0.0028082489 -0.0000003535 0.0025444035
1413394899.00595 0.802201 1.598275 0.686565 -0.564929 -0.610486 -0.466063 0.301576 0.0003261975 0.0000831056 -0.0001393202 0.0000218978 -0.0000356386 0.0000600928 0.0035752631 -0.0005091693 0.0000054092 0.0028109331 -0.0000003384 0.0025443406
1413394899.05595 0.800126 1.585152 0.701225 -0.566142 -0.612585 -0.463293 0.299304 0.0003237171 0.0000829023 -0.0001416159 0.0000219583 -0.0000364140 0.0000625446 0.0035570117 -0.0005037976 0.0000054983 0.0028099325 -0.0000003313 0.0025443045
1413394899.10595 0.793099 1.573894 0.712737 -0.570796 -0.614096 -0.456830 0.297296 0.0003203977 0.0000799417 -0.0001460518 0.0000206725 -0.0000365902 0.0000671769 0.0035431287 -0.0004959457 0.0000055521 0.0028053705 -0.0000003719 0.0025442526
1413394899.15595 0.781405 1.565681 0.722085 -0.575631 -0.614587 -0.450679 0.296345 0.0003179038 0.0000764284 -0.0001498810 0.0000190990 -0.0000361835 0.0000712703 0.0035321803 -0.0004857417 0.0000055910 0.0027978248 -0.0000004100 0.0025442125
1413394899.20595 0.764560 1.560496 0.728809 -0.578207 -0.615230 -0.447035 0.295514 0.0003161111 0.0000746150 -0.0001521563 0.0000183371 -0.0000360666 0.0000738496 0.0035253329 -0.0004737852 0.0000056170 0.0027877801 -0.0000004422 0.0025441963
1413394899.25595 0.742997 1.557121 0.732828 -0.577251 -0.617080 -0.447358 0.293027 0.0003143180 0.0000763365 -0.0001526088 0.0000192651 -0.0000372175 0.0000747068 0.0035227453 -0.0004599548 0.0000055934 0.0027749197 -0.0000006556 0.0025441011
1413394899.30595 0.716589 1.558407 0.735715 -0.577415 -0.616295 -0.447012 0.294875 0.0003154935 0.0000753012 -0.0001522769 0.0000186992 -0.0000364988 0.0000741074 0.0035217876 -0.0004433508 0.0000056059 0.0027599325 -0.0000006934 0.0025441433
1413394899.35595 0.685933 1.562530 0.736363 -0.578628 -0.613547 -0.445978 0.299756 0.0003185454 0.0000720579 -0.0001515846 0.0000170244 -0.0000344403 0.0000727383 0.0035268404 -0.0004251309 0.0000056165 0.0027430576 -0.0000007472 0.0025442176
1413394899.40595 0.651549 1.568279 0.734641 -0.583185 -0.607503 -0.440581 0.311005 0.0003241689 0.0000626369 -0.0001513913 0.0000128154 -0.0000293938 0.0000713019 0.0035350060 -0.0004047717 0.0000055693 0.0027246711 -0.0000008596 0.0025442107
1413394899.45595 0.612159 1.577682 0.729758 -0.589149 -0.600550 -0.431682 0.325414 0.0003298351 0.0000494429 -0.0001516848 0.0000081127 -0.0000228690 0.0000703555 0.0035454831 -0.0003826203 0.0000055276 0.0027058818 -0.0000009762 0.0025442552
1413394899.50595 0.569976 1.588982 0.722778 -0.592203 -0.596597 -0.422663 0.338709 0.0003336842 0.0000380434 -0.0001517508 0.0000050297 -0.0000174250 0.0000696120 0.0035604356 -0.0003583972 0.0000055069 0.0026865195 -0.0000011386 0.0025443235
1413394899.55595 0.524984 1.603119 0.713797 -0.591824 -0.595974 -0.414626 0.350207 0.0003362505 0.0000295272 -0.0001514563 0.0000032802 -0.0000134204 0.0000688227 0.0035783291 -0.0003329359 0.0000054857 0.0026679459 -0.0000012476 0.0025444482
1413394899.60595 0.477997 1.620409 0.704049 -0.588516 -0.598824 -0.407459 0.359217 0.0003374968 0.0000242168 -0.0001513341 0.0000024191 -0.0000109794 0.0000684660 0.0035997882 -0.0003058410 0.0000054612 0.0026500023 -0.0000014299 0.0025445793
1413394899.65595 0.429005 1.639102 0.693336 -0.582302 -0.604459 -0.401320 0.366738 0.0003381441 0.0000216170 -0.0001511880 0.0000020595 -0.0000097889 0.0000682120 0.0036255079 -0.0002774915 0.0000054440 0.0026334101 -0.0000015580 0.0025447938
1413394899.70596 0.378799 1.660086 0.683245 -0.575084 -0.611948 -0.394173 0.373398 0.0003378602 0.0000197269 -0.0001517371 0.0000018244 -0.0000089875 0.0000687702 0.0036536312 -0.0002474146 0.0000054149 0.0026182498 -0.0000016965 0.0025450343
1413394899.75596 0.326662 1.683641 0.674532 -0.565887 -0.620323 -0.387862 0.380177 0.0003381064 0.0000189895 -0.0001516559 0.0000017344 -0.0000086507 0.0000686564 0.0036847783 -0.0002157647 0.0000053900 0.0026048830 -0.0000018162 0.0025453269
1413394899.80596 0.272964 1.708168 0.666317 -0.554698 -0.628742 -0.381525 0.389143 0.0003395185 0.0000179586 -0.0001505629 0.0000016104 -0.0000081011 0.0000674077 0.0037198086 -0.0001820894 0.0000053448 0.0025933117 -0.0000019463 0.0025456328
1413394899.85595 0.218373 1.734665 0.659594 -0.541529 -0.636296 -0.377693 0.399026 0.0003426872 0.0000182203 -0.0001476519 0.0000016196 -0.0000079909 0.0000642605 0.0037563582 -0.0001464840 0.0000053089 0.0025838914 -0.0000021261 0.0025459574
1413394899.90594 0.161801 1.762868 0.653020 -0.528809 -0.643334 -0.371950 0.410043 0.0003458446 0.0000169749 -0.0001448185 0.0000014764 -0.0000072503 0.0000612874 0.0037952599 -0.0001090528 0.0000052802 0.0025769029 -0.0000022670 0.0025463386
1413394899.95593 0.104024 1.792371 0.648322 -0.517310 -0.647790 -0.364120 0.424470 0.0003501526 0.0000124196 -0.0001409869 0.0000010738 -0.0000051412 0.0000574150 0.0038376679 -0.0000689344 0.0000052249 0.0025723187 -0.0000023964 0.0025467259
1413394900.00593 0.044686 1.823317 0.645796 -0.506350 -0.652715 -0.355642 0.437141 0.0003533503 0.0000083061 -0.0001379557 0.0000008199 -0.0000033819 0.0000545109 0.0038823061 -0.0000269230 0.0000051989 0.0025705573 -0.0000025563 0.0025471497
1413394900.05592 -0.015254 1.855325 0.647594 -0.494897 -0.656773 -0.347614 0.450434 0.0003570832 0.0000042554 -0.0001340449 0.0000006653 -0.0000017337 0.0000509693 0.0039300517 0.0000176339 0.0000051568 0.0025715509 -0.0000026840 0.0025475605
1413394900.10592 -0.075569 1.886628 0.652955 -0.481979 -0.661040 -0.341687 0.462570 0.0003610973 0.0000023970 -0.0001294214 0.0000006220 -0.0000009931 0.0000470351 0.0039777139 0.0000634937 0.0000051362 0.0025755887 -0.0000028526 0.0025479971
1413394900.15592 -0.136355 1.918223 0.660935 -0.469951 -0.663459 -0.334972 0.476195 0.0003655819 -0.0000010236 -0.0001238582 0.0000006000 0.0000002168 0.0000426082 0.0040256827 0.0001112699 0.0000051059 0.0025826373 -0.0000030200 0.0025484270
1413394900.20592 -0.196522 1.949170 0.669389 -0.459004 -0.666212 -0.327599 0.488012 0.0003688980 -0.0000042524 -0.0001194047 0.0000006380 0.0000012506 0.0000392911 0.0040745148 0.0001606703 0.0000050591 0.0025927046 -0.0000032207 0.0025488450
1413394900.25592 -0.256337 1.980210 0.676589 -0.448837 -0.669310 -0.320244 0.498010 0.0003713833 -0.0000069229 -0.0001158406 0.0000007091 0.0000020385 0.0000367723 0.0041225125 0.0002106441 0.0000049702 0.0026054307 -0.0000034082 0.0025492782
1413394900.30592 -0.315743 2.011140 0.681799 -0.436201 -0.673402 -0.317273 0.505565 0.0003741931 -0.0000051594 -0.0001118496 0.0000006449 0.0000014236 0.0000340694 0.0041714496 0.0002616315 0.0000048798 0.0026209610 -0.0000036206 0.0025497260
1413394900.35591 -0.374340 2.041314 0.684528 -0.423785 -0.677489 -0.314105 0.512594 0.0003766452 -0.0000032655 -0.0001081845 0.0000005942 0.0000008223 0.0000317083 0.0042198168 0.0003135953 0.0000047643 0.0026391240 -0.0000038458 0.0025501684
1413394900.40591 -0.430881 2.069522 0.685713 -0.409614 -0.682514 -0.313308 0.517909 0.0003789208 0.0000015962 -0.0001046030 0.0000005675 -0.0000005553 0.0000295119 0.0042677277 0.0003661185 0.0000046848 0.0026599815 -0.0000040997 0.0025506947
1413394900.45591 -0.486513 2.097045 0.684546 -0.395094 -0.690714 -0.313299 0.518323 0.0003789323 0.0000094043 -0.0001042645 0.0000007861 -0.0000027004 0.0000293264 0.0043132241 0.0004179100 0.0000045656 0.0026825627 -0.0000043671 0.0025511748
1413394900.50590 -0.541591 2.122544 0.681629 -0.380134 -0.700447 -0.314041 0.515994 0.0003774063 0.0000189722 -0.0001055925 0.0000015003 -0.0000054200 0.0000301835 0.0043574527 0.0004701846 0.0000044485 0.0027075115 -0.0000046634 0.0025516582
1413394900.55590 -0.596960 2.144912 0.678477 -0.365707 -0.709257 -0.314800 0.513921 0.0003755651 0.0000279370 -0.0001066867 0.0000026180 -0.0000080462 0.0000309464 0.0043980224 0.0005229101 0.0000043316 0.0027348122 -0.0000049246 0.0025520797
1413394900.60589 -0.651372 2.164377 0.674125 -0.351011 -0.717972 -0.316728 0.510872 0.0003729673 0.0000377836 -0.0001078665 0.0000043522 -0.0000110336 0.0000318326 0.0044332590 0.0005760604 0.0000042242 0.0027641382 -0.0000051279 0.0025524957
1413394900.65590 -0.707626 2.182838 0.668424 -0.335145 -0.724836 -0.319369 0.510190 0.0003712730 0.0000473774 -0.0001067984 0.0000065649 -0.0000137328 0.0000313526 0.0044633439 0.0006291069 0.0000041715 0.0027964683 -0.0000053956 0.0025529774
1413394900.70590 -0.766920 2.196765 0.663123 -0.320778 -0.730843 -0.320390 0.510216 0.0003694014 0.0000549766 -0.0001061185 0.0000086877 -0.0000158929 0.0000311044 0.0044905994 0.0006843181 0.0000041242 0.0028321599 -0.0000055072 0.0025533366
1413394900.75590 -0.826508 2.208125 0.659417 -0.306819 -0.736005 -0.319110 0.512180 0.0003682450 0.0000605511 -0.0001049523 0.0000104549 -0.0000173530 0.0000305227 0.0045081983 0.0007418316 0.0000041466 0.0028737900 -0.0000057725 0.0025538283
1413394900.80590 -0.888654 2.214149 0.657743 -0.293572 -0.743160 -0.315061 0.512118 0.0003654875 0.0000649901 -0.0001066337 0.0000120468 -0.0000190534 0.0000317151 0.0045195701 0.0007986111 0.0000041950 0.0029185832 -0.0000060646 0.0025543208
1413394900.85590 -0.953868 2.215810 0.660531 -0.282560 -0.748076 -0.307072 0.515993 0.0003650200 0.0000650505 -0.0001073779 0.0000120716 -0.0000192225 0.0000321823 0.0045233942 0.0008571391 0.0000042812 0.0029692770 -0.0000063524 0.0025548012
1413394900.90590 -1.021829 2.213279 0.667509 -0.271377 -0.753811 -0.297870 0.519035 0.0003640308 0.0000648038 -0.0001090626 0.0000120055 -0.0000194964 0.0000332640 0.0045191644 0.0009165989 0.0000043791 0.0030262877 -0.0000066858 0.0025553559
1413394900.95591 -1.091900 2.205671 0.680495 -0.258066 -0.757839 -0.289582 0.524618 0.0003643656 0.0000651645 -0.0001084352 0.0000121147 -0.0000194687 0.0000328521 0.0045065273 0.0009756515 0.0000045234 0.0030892050 -0.0000070406 0.0025559545
1413394901.00592 -1.163665 2.190987 0.699617 -0.244307 -0.762122 -0.280666 0.529821 0.0003643898 0.0000655108 -0.0001082688 0.0000122252 -0.0000195348 0.0000327449 0.0044867596 0.0010348746 0.0000046540 0.0031588102 -0.0000073275 0.0025565250
1413394901.05592 -1.237897 2.174407 0.718680 -0.230878 -0.765571 -0.271013 0.535861 0.0003651923 0.0000650631 -0.0001074293 0.0000120316 -0.0000192047 0.0000321743 0.0044533820 0.0010890708 0.0000048960 0.0032329470 -0.0000076573 0.0025572351
1413394901.10592 -1.311297 2.150468 0.739363 -0.216790 -0.767563 -0.260031 0.544273 0.0003671891 0.0000636374 -0.0001053308 0.0000114573 -0.0000183149 0.0000307790 0.0044175438 0.0011431757 0.0000050756 0.0033134675 -0.0000078765 0.0025578966
1413394901.15592 -1.386559 2.124974 0.757173 -0.204145 -0.768559 -0.246603 0.553921 0.0003703078 0.0000598502 -0.0001027417 0.0000100923 -0.0000166588 0.0000290636 0.0043696519 0.0011902740 0.0000053337 0.0033970419 -0.0000082015 0.0025586494
1413394901.20591 -1.461970 2.095868 0.772929 -0.194877 -0.767434 -0.229486 0.566042 0.0003751472 0.0000518465 -0.0000992033 0.0000075739 -0.0000137560 0.0000267833 0.0043202217 0.0012358721 0.0000055648 0.0034865054 -0.0000085709 0.0025594101
1413394901.25591 -1.538443 2.064381 0.784878 -0.188560 -0.765875 -0.209188 0.578033 0.0003799857 0.0000406671 -0.0000960300 0.0000047525 -0.0000103148 0.0000248137 0.0042671112 0.0012777481 0.0000058774 0.0035805883 -0.0000090421 0.0025602618
1413394901.30591 -1.613791 2.029788 0.795080 -0.182083 -0.763853 -0.188672 0.589727 0.0003842759 0.0000294549 -0.0000922244 0.0000026513 -0.0000070988 0.0000226737 0.0042112384 0.0013164605 0.0000061980 0.0036798825 -0.0000095463 0.0025611217
1413394901.35591 -1.686156 1.992643 0.803651 -0.178038 -0.761663 -0.166032 0.600505 0.0003876979 0.0000159479 -0.0000888750 0.0000010424 -0.0000036785 0.0000209092 0.0041526621 0.0013502690 0.0000064554 0.0037816002 -0.0000100460 0.0025619528
1413394901.40591 -1.758309 1.954278 0.810285 -0.173783 -0.757678 -0.144450 0.612257 0.0003910668 0.0000028195 -0.0000832014 0.0000004036 -0.0000006151 0.0000182324 0.0040928132 0.0013779546 0.0000068184 0.0038831455 -0.0000105989 0.0025628170
1413394901.45591 -1.824266 1.911314 0.818390 -0.167482 -0.752538 -0.126424 0.624223 0.0003941547 -0.0000071677 -0.0000757463 0.0000004963 0.0000013663 0.0000150762 0.0040320934 0.0014024371 0.0000068966 0.0039862337 -0.0000108482 0.0025633891
1413394901.50591 -1.889169 1.869975 0.822471 -0.160883 -0.748738 -0.110897 0.633411 0.0003961455 -0.0000148195 -0.0000695103 0.0000009155 0.0000025936 0.0000127075 0.0039670120 0.0014156207 0.0000071612 0.0040823179 -0.0000112126 0.0025640559
1413394901.55591 -1.950014 1.827822 0.823412 -0.153420 -0.748406 -0.097577 0.637832 0.0003965634 -0.0000196089 -0.0000672836 0.0000013236 0.0000033230 0.0000119145 0.0039060728 0.0014274621 0.0000073779 0.0041796083 -0.0000115850 0.0025646725
1413394901.60590 -2.009185 1.785548 0.819865 -0.144141 -0.752463 -0.086185 0.636864 0.0003954972 -0.0000213693 -0.0000698858 0.0000015048 0.0000037747 0.0000128367 0.0038455167 0.0014335991 0.0000076021 0.0042734427 -0.0000120732 0.0025653906
1413394901.65590 -2.063370 1.742493 0.815198 -0.131601 -0.759999 -0.078955 0.631545 0.0003934952 -0.0000182034 -0.0000760953 0.0000011887 0.0000035211 0.0000151973 0.0037868455 0.0014366267 0.0000079355 0.0043671664 -0.0000126096 0.0025661115
1413394901.70589 -2.114755 1.698515 0.807576 -0.117542 -0.768274 -0.071880 0.625118 0.0003908839 -0.0000143044 -0.0000831725 0.0000008667 0.0000030469 0.0000181724 0.0037283430 0.0014336962 0.0000082661 0.0044551489 -0.0000131787 0.0025668361
1413394901.75589 -2.162536 1.655188 0.800233 -0.099433 -0.775124 -0.068839 0.620127 0.0003890332 -0.0000062960 -0.0000882586 0.0000004409 0.0000014330 0.0000204883 0.0036699466 0.0014265757 0.0000086519 0.0045411710 -0.0000137792 0.0025675821
1413394901.80587 -2.207039 1.604876 0.800479 -0.079068 -0.780441 -0.065876 0.616701 0.0003873855 0.0000023373 -0.0000918999 0.0000003391 -0.0000005451 0.0000222446 0.0036121735 0.0014153879 0.0000087113 0.0046202733 -0.0000135873 0.0025675850
1413394901.85587 -2.246300 1.557715 0.799355 -0.057299 -0.783612 -0.062240 0.615463 0.0003864027 0.0000111306 -0.0000933019 0.0000006406 -0.0000026756 0.0000229574 0.0035475269 0.0013937651 0.0000089403 0.0046968353 -0.0000137540 0.0025679597
1413394901.90587 -2.283295 1.508605 0.800169 -0.035321 -0.784172 -0.057592 0.616855 0.0003862754 0.0000189197 -0.0000923984 0.0000012415 -0.0000045124 0.0000225104 0.0034884888 0.0013704260 0.0000088779 0.0047649609 -0.0000138617 0.0025681961
1413394901.95586 -2.316143 1.460113 0.801632 -0.014672 -0.784494 -0.050385 0.617912 0.0003858992 0.0000246106 -0.0000919091 0.0000018828 -0.0000058471 0.0000222842 0.0034289472 0.0013415264 0.0000091877 0.0048295147 -0.0000142180 0.0025688184
1413394902.00586 -2.345004 1.411892 0.804264 0.004064 -0.784772 -0.041723 0.618365 0.0003853329 0.0000284712 -0.0000920242 0.0000024163 -0.0000067843 0.0000223584 0.0033724852 0.0013099921 0.0000095385 0.0048881367 -0.0000146180 0.0025694797
1413394902.05586 -2.371585 1.361070 0.807800 0.020241 -0.784985 -0.030358 0.618440 0.0003849633 0.0000292686 -0.0000925755 0.0000025266 -0.0000070253 0.0000226259 0.0033158967 0.0012762599 0.0000082561 0.0049362953 -0.0000134537 0.0025686915
1413394902.10586 -2.395684 1.308317 0.812692 0.036452 -0.784608 -0.020375 0.618584 0.0003846114 0.0000309500 -0.0000928246 0.0000027911 -0.0000074569 0.0000227542 0.0032604794 0.0012366185 0.0000085041 0.0049836108 -0.0000137513 0.0025692712
1413394902.15586 -2.417605 1.254757 0.816854 0.050697 -0.784036 -0.009846 0.618563 0.0003844668 0.0000313685 -0.0000930719 0.0000028571 -0.0000075825 0.0000228706 0.0032053258 0.0011931153 0.0000085668 0.0050257701 -0.0000139313 0.0025697152
1413394902.20585 -2.440761 1.197674 0.818584 0.063939 -0.781753 0.002329 0.620297 0.0003854789 0.0000302862 -0.0000915664 0.0000026739 -0.0000071842 0.0000220787 0.0031517123 0.0011468050 0.0000086954 0.0050643366 -0.0000140888 0.0025701645
1413394902.25585 -2.459808 1.139709 0.819051 0.076983 -0.778717 0.013495 0.622488 0.0003866589 0.0000300127 -0.0000894158 0.0000026229 -0.0000069317 0.0000209988 0.0030982978 0.0010969886 0.0000090406 0.0051063993 -0.0000144127 0.0025707445
1413394902.30584 -2.474469 1.081465 0.818673 0.089738 -0.773749 0.023516 0.626663 0.0003885897 0.0000306183 -0.0000852310 0.0000026904 -0.0000067079 0.0000190075 0.0030451402 0.0010452174 0.0000082327 0.0051388056 -0.0000134502 0.0025704589
1413394902.35584 -2.483862 1.022212 0.818267 0.101941 -0.767592 0.032339 0.631953 0.0003908386 0.0000319915 -0.0000797936 0.0000028916 -0.0000065245 0.0000165985 0.0029961165 0.0009894227 0.0000082846 0.0051622725 -0.0000133435 0.0025707981
1413394902.40584 -2.493309 0.960640 0.815033 0.112966 -0.761001 0.040882 0.637531 0.0003931735 0.0000330250 -0.0000737937 0.0000030409 -0.0000061910 0.0000141518 0.0029490867 0.0009301700 0.0000081314 0.0051729588 -0.0000129807 0.0025709296
1413394902.45584 -2.498777 0.901187 0.810188 0.119696 -0.757318 0.054303 0.639682 0.0003951103 0.0000287524 -0.0000706965 0.0000023551 -0.0000051368 0.0000129481 0.0029039650 0.0008679822 0.0000084215 0.0051841560 -0.0000130125 0.0025714847
1413394902.50584 -2.499384 0.841776 0.804491 0.120743 -0.756875 0.073546 0.638085 0.0003966031 0.0000174822 -0.0000705093 0.0000010296 -0.0000030992 0.0000128321 0.0028637973 0.0008070766 0.0000086591 0.0051873353 -0.0000130426 0.0025719482
1413394902.55585 -2.494531 0.783376 0.800413 0.118879 -0.756001 0.093454 0.636865 0.0003978674 0.0000043459 -0.0000692352 0.0000003024 -0.0000007458 0.0000123404 0.0028271914 0.0007456625 0.0000090632 0.0051796297 -0.0000129330 0.0025724018
1413394902.60585 -2.486267 0.727262 0.794788 0.114167 -0.757677 0.114152 0.632346 0.0003972450 -0.0000112681 -0.0000703328 0.0000005725 0.0000020070 0.0000127420 0.0027943831 0.0006845866 0.0000095314 0.0051621299 -0.0000128707 0.0025728343
1413394902.65586 -2.476245 0.681699 0.784980 0.108514 -0.760765 0.132352 0.626054 0.0003949299 -0.0000260087 -0.0000727470 0.0000019545 0.0000048065 0.0000136804 0.0027645361 0.0006270734 0.0000093246 0.0051357393 -0.0000115706 0.0025723404
1413394902.70587 -2.464301 0.633777 0.775394 0.101824 -0.765161 0.149391 0.617934 0.0003907675 -0.0000409037 -0.0000766358 0.0000045170 0.0000080415 0.0000153030 0.0027430947 0.0005813760 0.0000091924 0.0051077613 -0.0000107703 0.0025717931
1413394902.75588 -2.445513 0.590702 0.771329 0.094941 -0.769439 0.163950 0.609976 0.0003858137 -0.0000539658 -0.0000804068 0.0000077817 0.0000112693 0.0000170240 0.0027226539 0.0005335510 0.0000094634 0.0050786720 -0.0000104563 0.0025717865
1413394902.80589 -2.431850 0.549816 0.762814 0.091232 -0.773693 0.172021 0.602897 0.0003815030 -0.0000616524 -0.0000844365 0.0000101892 0.0000136682 0.0000189473 0.0027054995 0.0004905853 0.0000090061 0.0050345162 -0.0000100705 0.0025710099
1413394902.85590 -2.412852 0.513385 0.760552 0.089700 -0.778457 0.174990 0.596102 0.0003777046 -0.0000649358 -0.0000897583 0.0000113871 0.0000154554 0.0000215862 0.0026911549 0.0004519420 0.0000091508 0.0050057123 -0.0000099766 0.0025710114
1413394902.90590 -2.391968 0.478785 0.758943 0.091369 -0.783562 0.171359 0.590186 0.0003751376 -0.0000628463 -0.0000960131 0.0000107458 0.0000161089 0.0000248263 0.0026791662 0.0004171111 0.0000091744 0.0049644294 -0.0000097270 0.0025709046
1413394902.95590 -2.371893 0.449714 0.754922 0.093119 -0.787786 0.166514 0.585658 0.0003732715 -0.0000598094 -0.0001011855 0.0000097964 0.0000162367 0.0000276792 0.0026686207 0.0003837355 0.0000092744 0.0049206388 -0.0000096242 0.0025709091
1413394903.05590 -2.332627 0.403658 0.737656 0.092212 -0.794903 0.153148 0.579803 0.0003704699 -0.0000531103 -0.0001093776 0.0000078216 0.0000157023 0.0000325408 0.0026543165 0.0003338668 0.0000094842 0.0048389089 -0.0000095473 0.0025708535
1413394903.15591 -2.291187 0.372938 0.708401 0.081097 -0.807916 0.143101 0.565878 0.0003609289 -0.0000535607 -0.0001225174 0.0000081519 0.0000182023 0.0000418410 0.0026450416 0.0002982244 0.0000096880 0.0047587882 -0.0000092501 0.0025707870
1413394903.25591 -2.250451 0.353852 0.665276 0.063714 -0.826430 0.133953 0.543149 0.0003437261 -0.0000570268 -0.0001404309 0.0000096654 0.0000233212 0.0000576392 0.0026400979 0.0002760150 0.0000101048 0.0046833662 -0.0000090577 0.0025709446
1413394903.35593 -2.220172 0.347740 0.618309 0.051258 -0.834076 0.109508 0.538236 0.0003395583 -0.0000475108 -0.0001479441 0.0000068505 0.0000207184 0.0000647314 0.0026385649 0.0002664302 0.0000104957 0.0046230483 -0.0000087616 0.0025709321
1413394903.45594 -2.199387 0.353905 0.579915 0.040943 -0.827360 0.086144 0.553515 0.0003500641 -0.0000367617 -0.0001410324 0.0000040622 0.0000148201 0.0000570860 0.0026391221 0.0002681695 0.0000105281 0.0045836644 -0.0000082302 0.0025707321
1413394903.55596 -2.185288 0.364841 0.555290 0.032708 -0.818216 0.069402 0.569769 0.0003608053 -0.0000292170 -0.0001311842 0.0000025705 0.0000106273 0.0000479606 0.0026425304 0.0002786909 0.0000104470 0.0045604813 -0.0000078519 0.0025706448
1413394903.60596 -2.180427 0.373196 0.548634 0.032066 -0.814319 0.059617 0.576456 0.0003652792 -0.0000231100 -0.0001270484 0.0000016685 0.0000080397 0.0000444517 0.0026445082 0.0002845513 0.0000103639 0.0045509657 -0.0000076499 0.0025705869
1413394903.65596 -2.177202 0.384066 0.544252 0.031264 -0.811610 0.051638 0.581073 0.0003682528 -0.0000183157 -0.0001241022 0.0000011196 0.0000061720 0.0000420857 0.0026472421 0.0002927283 0.0000103114 0.0045417023 -0.0000074450 0.0025706762
1413394903.70596 -2.173800 0.395027 0.543791 0.031028 -0.809608 0.045311 0.584396 0.0003703641 -0.0000143073 -0.0001219164 0.0000007638 0.0000047075 0.0000403964 0.0026507537 0.0003028756 0.0000102599 0.0045356383 -0.0000072795 0.0025707929
1413394903.75596 -2.182328 0.415124 0.545500 0.031445 -0.809270 0.038003 0.585363 0.0003710159 -0.0000096280 -0.0001214669 0.0000004616 0.0000031466 0.0000400294 0.0026528753 0.0003142096 0.0000095294 0.0045278409 -0.0000066753 0.0025703610
1413394903.80595 -2.180988 0.428336 0.553311 0.032787 -0.808349 0.032236 0.586905 0.0003718736 -0.0000051830 -0.0001206504 0.0000002866 0.0000016742 0.0000394075 0.0026590604 0.0003341555 0.0000093243 0.0045435382 -0.0000065679 0.0025704171
1413394903.85594 -2.178823 0.441289 0.563472 0.037685 -0.808814 0.022934 0.586407 0.0003714136 0.0000029212 -0.0001214424 0.0000002401 -0.0000009651 0.0000399746 0.0026633232 0.0003461228 0.0000091203 0.0045400695 -0.0000064288 0.0025705178
1413394903.90594 -2.176005 0.452834 0.574208 0.041431 -0.809476 0.013909 0.585524 0.0003705031 0.0000102857 -0.0001223637 0.0000005056 -0.0000034095 0.0000406808 0.0026675893 0.0003573787 0.0000089203 0.0045350997 -0.0000063273 0.0025706147
1413394903.95593 -2.176526 0.464965 0.583669 0.041900 -0.810681 0.005584 0.583961 0.0003691669 0.0000156519 -0.0001236580 0.0000008858 -0.0000052581 0.0000416914 0.0026704928 0.0003670003 0.0000085951 0.0045275257 -0.0000062439 0.0025706208
1413394904.00593 -2.172935 0.475259 0.591487 0.036283 -0.812082 0.001964 0.582411 0.0003682643 0.0000153484 -0.0001249600 0.0000008645 -0.0000052247 0.0000426739 0.0026741450 0.0003774578 0.0000083523 0.0045278065 -0.0000062308 0.0025705953
1413394904.05592 -2.175726 0.483166 0.601976 0.025960 -0.815136 0.001181 0.578686 0.0003663124 0.0000110279 -0.0001278302 0.0000005568 -0.0000038671 0.0000448806 0.0026765900 0.0003853203 0.0000081182 0.0045204946 -0.0000060215 0.0025701477
1413394904.10592 -2.173183 0.490728 0.604557 0.010642 -0.818861 0.002793 0.573886 0.0003635113 0.0000031153 -0.0001317580 0.0000002543 -0.0000011476 0.0000480327 0.0026791237 0.0003925752 0.0000080382 0.0045261440 -0.0000060510 0.0025700592
1413394904.15592 -2.171067 0.496956 0.605913 -0.005635 -0.822621 0.002680 0.568556 0.0003600612 -0.0000040071 -0.0001357893 0.0000002744 0.0000014923 0.0000514886 0.0026817563 0.0003991388 0.0000079857 0.0045216513 -0.0000061179 0.0025698186
1413394904.20592 -2.169870 0.504710 0.604433 -0.023087 -0.827088 0.000616 0.561598 0.0003551655 -0.0000101343 -0.0001408966 0.0000005223 0.0000040016 0.0000561775 0.0026839814 0.0004048293 0.0000079553 0.0045187118 -0.0000062105 0.0025695727
1413394904.25592 -2.169946 0.513146 0.600862 -0.040264 -0.831591 -0.003818 0.553915 0.0003495914 -0.0000143373 -0.0001462773 0.0000008252 0.0000059804 0.0000614939 0.0026869594 0.0004125560 0.0000078971 0.0045188256 -0.0000063185 0.0025693390
1413394904.30592 -2.170850 0.521465 0.594517 -0.056386 -0.835271 -0.012617 0.546794 0.0003445377 -0.0000151251 -0.0001510187 0.0000009055 0.0000066104 0.0000664879 0.0026905279 0.0004217921 0.0000078016 0.0045218109 -0.0000063676 0.0025690912
1413394904.35592 -2.172949 0.530735 0.586652 -0.074015 -0.838234 -0.021555 0.539835 0.0003395885 -0.0000162130 -0.0001553483 0.0000010201 0.0000073973 0.0000713636 0.0026940996 0.0004309259 0.0000077147 0.0045260125 -0.0000064158 0.0025688151
1413394904.40592 -2.176541 0.540720 0.576087 -0.091264 -0.839651 -0.033563 0.534350 0.0003360712 -0.0000151969 -0.0001584404 0.0000009378 0.0000071441 0.0000749978 0.0026981261 0.0004414543 0.0000076446 0.0045331924 -0.0000064926 0.0025684914
1413394904.45592 -2.182521 0.552233 0.563850 -0.108328 -0.839517 -0.046998 0.530347 0.0003340155 -0.0000132256 -0.0001603175 0.0000007791 0.0000063265 0.0000772511 0.0027026386 0.0004529900 0.0000075340 0.0045439194 -0.0000065754 0.0025682103
1413394904.50592 -2.191448 0.565267 0.551476 -0.124318 -0.836675 -0.063499 0.529611 0.0003350499 -0.0000093493 -0.0001597949 0.0000005212 0.0000044361 0.0000765135 0.0027081189 0.0004668839 0.0000073908 0.0045593778 -0.0000066159 0.0025678911
1413394904.55591 -2.204278 0.580597 0.542574 -0.140751 -0.829851 -0.080271 0.533942 0.0003401281 -0.0000062212 -0.0001556772 0.0000003782 0.0000028241 0.0000715509 0.0027140100 0.0004821645 0.0000072042 0.0045787749 -0.0000065588 0.0025673740
1413394904.60591 -2.218490 0.595624 0.533124 -0.158102 -0.821521 -0.095707 0.539395 0.0003459296 -0.0000049413 -0.0001505565 0.0000003398 0.0000021273 0.0000658174 0.0027210904 0.0005001669 0.0000070195 0.0046057592 -0.0000065741 0.0025670298
1413394904.65591 -2.235139 0.611718 0.525023 -0.175269 -0.811380 -0.111158 0.546432 0.0003529081 -0.0000041700 -0.0001438097 0.0000003229 0.0000016765 0.0000588877 0.0027282778 0.0005182993 0.0000068372 0.0046349712 -0.0000065785 0.0025666361
1413394904.70591 -2.253426 0.628018 0.518206 -0.193380 -0.801993 -0.125038 0.551160 0.0003580803 -0.0000047469 -0.0001383475 0.0000003404 0.0000018128 0.0000537326 0.0027360646 0.0005378454 0.0000066679 0.0046682751 -0.0000066084 0.0025662289
1413394904.75591 -2.271827 0.646095 0.510616 -0.210087 -0.793304 -0.140678 0.553843 0.0003621090 -0.0000036020 -0.0001337655 0.0000003076 0.0000013100 0.0000496875 0.0027439495 0.0005581426 0.0000065651 0.0047038924 -0.0000061761 0.0025649378
1413394904.80592 -2.291519 0.663584 0.504761 -0.226270 -0.783813 -0.155871 0.556905 0.0003666255 -0.0000029153 -0.0001283732 0.0000002968 0.0000010007 0.0000452187 0.0027529996 0.0005797144 0.0000064155 0.0047382746 -0.0000061250 0.0025644022
1413394904.85592 -2.309768 0.679924 0.498526 -0.241772 -0.774555 -0.171531 0.558738 0.0003704500 -0.0000016747 -0.0001235085 0.0000002824 0.0000005388 0.0000414426 0.0027619767 0.0006011862 0.0000062785 0.0047751637 -0.0000060992 0.0025638689
1413394904.90593 -2.328040 0.696358 0.494831 -0.257560 -0.763635 -0.186602 0.561875 0.0003750285 -0.0000016679 -0.0001172205 0.0000002841 0.0000005025 0.0000368987 0.0027704228 0.0006209447 0.0000061255 0.0048090948 -0.0000060914 0.0025634217
1413394904.95592 -2.345704 0.711129 0.493137 -0.272015 -0.750646 -0.202186 0.567151 0.0003807346 -0.0000019673 -0.0001085974 0.0000002887 0.0000005436 0.0000312305 0.0027789127 0.0006405022 0.0000059681 0.0048429150 -0.0000060822 0.0025629797
1413394905.00592 -2.362312 0.725410 0.492409 -0.286727 -0.735802 -0.217090 0.573808 0.0003866979 -0.0000037682 -0.0000983948 0.0000003179 0.0000009429 0.0000252867 0.0027864953 0.0006579400 0.0000058011 0.0048747472 -0.0000061056 0.0025626249
1413394905.05592 -2.378074 0.739316 0.491477 -0.301478 -0.719933 -0.230822 0.580972 0.0003921615 -0.0000071475 -0.0000874762 0.0000004101 0.0000015806 0.0000197579 0.0027936569 0.0006742357 0.0000056918 0.0049037558 -0.0000060486 0.0025620051
1413394905.10593 -2.390107 0.749034 0.491783 -0.316107 -0.705066 -0.243356 0.586290 0.0003960956 -0.0000110951 -0.0000782068 0.0000005914 0.0000021785 0.0000156835 0.0028004979 0.0006894123 0.0000055538 0.0049300804 -0.0000060679 0.0025616183
1413394905.15593 -2.400712 0.757540 0.490347 -0.331779 -0.692767 -0.252230 0.588537 0.0003979451 -0.0000165165 -0.0000726540 0.0000009607 0.0000030016 0.0000135031 0.0028045573 0.0006990147 0.0000055761 0.0049482048 -0.0000060492 0.0025609699
1413394905.20595 -2.409384 0.764169 0.487482 -0.350777 -0.687732 -0.254797 0.582288 0.0003954708 -0.0000233384 -0.0000772281 0.0000016476 0.0000045436 0.0000153174 0.0028079709 0.0007067516 0.0000055672 0.0049628580 -0.0000059973 0.0025603916
1413394905.25597 -2.411694 0.765270 0.483883 -0.370896 -0.688552 -0.253600 0.569227 0.0003892830 -0.0000291860 -0.0000893212 0.0000024554 0.0000066849 0.0000207293 0.0028104301 0.0007123031 0.0000055525 0.0049738674 -0.0000060716 0.0025600212
1413394905.30599 -2.411201 0.764990 0.479074 -0.392140 -0.696877 -0.246330 0.547641 0.0003770129 -0.0000338986 -0.0001097462 0.0000033127 0.0000098567 0.0000321862 0.0028101957 0.0007115931 0.0000055037 0.0049735333 -0.0000061001 0.0025597969
1413394905.35600 -2.407551 0.762931 0.474648 -0.410816 -0.709832 -0.237705 0.520447 0.0003596954 -0.0000346495 -0.0001327590 0.0000035984 0.0000127791 0.0000492480 0.0028096941 0.0007098231 0.0000054190 0.0049679244 -0.0000060497 0.0025595720
1413394905.40600 -2.402810 0.761332 0.470254 -0.429627 -0.723022 -0.224593 0.492156 0.0003373721 -0.0000365818 -0.0001544643 0.0000042235 0.0000167414 0.0000709814 0.0028089533 0.0007072629 0.0000053293 0.0049584374 -0.0000060537 0.0025594287
1413394905.45600 -2.400061 0.764796 0.467659 -0.442142 -0.736782 -0.216434 0.463486 0.0003152610 -0.0000327870 -0.0001716152 0.0000036638 0.0000178409 0.0000936969 0.0028099124 0.0007073019 0.0000052101 0.0049485098 -0.0000060529 0.0025593049
1413394905.50599 -2.396725 0.772062 0.465718 -0.453511 -0.747048 -0.207965 0.439316 0.0002944734 -0.0000305901 -0.0001835964 0.0000034301 0.0000190678 0.0001147620 0.0028146756 0.0007145223 0.0000050642 0.0049441830 -0.0000060883 0.0025592109
1413394905.55599 -2.395213 0.785555 0.465174 -0.461355 -0.755846 -0.202072 0.418349 0.0002766456 -0.0000272184 -0.0001916953 0.0000029297 0.0000188565 0.0001331447 0.0028226958 0.0007267036 0.0000049210 0.0049401622 -0.0000061077 0.0025591278
1413394905.60599 -2.397343 0.807469 0.467823 -0.462483 -0.761730 -0.203748 0.405418 0.0002681932 -0.0000214842 -0.0001953452 0.0000019718 0.0000156416 0.0001426089 0.0028358360 0.0007474077 0.0000047534 0.0049419541 -0.0000061136 0.0025589982
1413394905.65599 -2.403076 0.838355 0.474952 -0.455383 -0.760507 -0.217222 0.408742 0.0002772224 -0.0000141732 -0.0001929632 0.0000009745 0.0000098532 0.0001346286 0.0028558179 0.0007795692 0.0000045559 0.0049540999 -0.0000061063 0.0025587822
1413394905.70598 -2.411706 0.875131 0.484982 -0.444018 -0.753634 -0.236133 0.423232 0.0002965277 -0.0000070253 -0.0001851713 0.0000004141 0.0000043715 0.0001159266 0.0028811032 0.0008197655 0.0000043527 0.0049727254 -0.0000061077 0.0025584269
1413394905.75598 -2.424141 0.917360 0.497379 -0.430892 -0.739473 -0.256476 0.449146 0.0003234777 -0.0000028791 -0.0001695804 0.0000002736 0.0000014914 0.0000891709 0.0029103605 0.0008648352 0.0000040581 0.0049964789 -0.0000060485 0.0025580648
1413394905.80598 -2.438834 0.962909 0.511569 -0.415355 -0.722645 -0.277896 0.477533 0.0003501429 0.0000018692 -0.0001477186 0.0000002561 -0.0000008055 0.0000625711 0.0029432306 0.0009144336 0.0000038546 0.0050251928 -0.0000061738 0.0025578557
1413394905.85599 -2.456720 1.012243 0.526406 -0.399079 -0.701495 -0.297552 0.510004 0.0003749179 0.0000041307 -0.0001186829 0.0000002827 -0.0000013189 0.0000378047 0.0029783088 0.0009669222 0.0000038463 0.0050565692 -0.0000065036 0.0025574724
1413394905.90598 -2.471826 1.054986 0.541064 -0.383910 -0.682200 -0.313138 0.537736 0.0003916544 0.0000057748 -0.0000903990 0.0000003238 -0.0000013435 0.0000210926 0.0030171033 0.0010221518 0.0000035615 0.0050939275 -0.0000065112 0.0025573152
1413394905.95598 -2.486056 1.094170 0.555523 -0.370026 -0.663573 -0.325854 0.562647 0.0004027974 0.0000065299 -0.0000627402 0.0000003474 -0.0000010277 0.0000099965 0.0030507028 0.0010677567 0.0000032631 0.0051232702 -0.0000064932 0.0025572990
1413394906.00598 -2.498932 1.128956 0.568978 -0.360601 -0.646982 -0.331657 0.584282 0.0004088604 0.0000031814 -0.0000397170 0.0000002698 -0.0000003196 0.0000040816 0.0030812300 0.0011078078 0.0000029975 0.0051495672 -0.0000064755 0.0025574254
1413394906.05598 -2.508920 1.157705 0.583179 -0.352825 -0.631924 -0.334517 0.603560 0.0004118892 -0.0000012918 -0.0000194134 0.0000002527 0.0000000501 0.0000011395 0.0031076989 0.0011411976 0.0000027375 0.0051709441 -0.0000064351 0.0025575899
1413394906.10597 -2.514985 1.179498 0.598432 -0.350025 -0.620142 -0.331592 0.618831 0.0004125927 -0.0000090878 -0.0000056102 0.0000004517 0.0000001113 0.0000003015 0.0031286941 0.0011660255 0.0000023905 0.0051839596 -0.0000061212 0.0025573310
1413394906.15596 -2.517068 1.195231 0.614841 -0.353872 -0.612801 -0.321819 0.629033 0.0004118601 -0.0000209633 -0.0000003924 0.0000013221 0.0000000064 0.0000002268 0.0031443158 0.0011823866 0.0000022135 0.0051889194 -0.0000059793 0.0025573749
1413394906.20595 -2.513594 1.204027 0.632286 -0.362893 -0.612569 -0.310396 0.629859 0.0004104656 -0.0000316727 -0.0000054873 0.0000027027 0.0000004087 0.0000003002 0.0031535509 0.0011886848 0.0000021146 0.0051821547 -0.0000058331 0.0025574244
1413394906.25595 -2.504945 1.207265 0.648510 -0.378183 -0.622251 -0.294191 0.619058 0.0004072397 -0.0000419038 -0.0000245813 0.0000045743 0.0000025144 0.0000017110 0.0031578249 0.0011869516 0.0000020982 0.0051649967 -0.0000057072 0.0025574980
1413394906.30595 -2.490868 1.206376 0.663471 -0.394672 -0.636335 -0.281196 0.600200 0.0004014993 -0.0000472039 -0.0000492288 0.0000058143 0.0000057745 0.0000062638 0.0031575574 0.0011779004 0.0000021439 0.0051364032 -0.0000056164 0.0025576321
1413394906.35596 -2.478412 1.201532 0.677878 -0.412119 -0.651113 -0.270388 0.577149 0.0003923845 -0.0000499261 -0.0000751059 0.0000066123 0.0000095417 0.0000146012 0.0031528538 0.0011638541 0.0000021224 0.0050965587 -0.0000053492 0.0025566802
1413394906.40596 -2.458041 1.197285 0.688467 -0.428033 -0.665927 -0.263572 0.551233 0.0003807488 -0.0000479240 -0.0001002173 0.0000062862 0.0000126054 0.0000266081 0.0031462609 0.0011500459 0.0000024909 0.0050634685 -0.0000057748 0.0025566213
1413394906.45596 -2.430783 1.188587 0.694364 -0.443090 -0.682637 -0.260381 0.519499 0.0003652188 -0.0000407881 -0.0001259449 0.0000048097 0.0000140598 0.0000436712 0.0031425244 0.0011339238 0.0000025940 0.0050162053 -0.0000059279 0.0025566670
1413394906.50595 -2.401412 1.181436 0.699192 -0.455446 -0.698677 -0.262727 0.485174 0.0003478523 -0.0000284126 -0.0001481260 0.0000025750 0.0000120942 0.0000633290 0.0031358361 0.0011120608 0.0000027650 0.0049574409 -0.0000061022 0.0025567176
1413394906.55595 -2.372577 1.175682 0.701116 -0.469008 -0.709710 -0.263618 0.454806 0.0003296587 -0.0000194390 -0.0001648969 0.0000013984 0.0000097218 0.0000827469 0.0031308508 0.0010925729 0.0000028692 0.0048973284 -0.0000064647 0.0025565729
1413394906.60594 -2.343346 1.174692 0.701629 -0.480814 -0.716829 -0.267293 0.428402 0.0003139418 -0.0000103951 -0.0001763312 0.0000005948 0.0000058371 0.0000993191 0.0031287695 0.0010773253 0.0000030516 0.0048424992 -0.0000066519 0.0025565403
1413394906.65592 -2.314570 1.175543 0.701446 -0.489700 -0.717796 -0.276407 0.410562 0.0003059881 -0.0000019530 -0.0001812549 0.0000002616 0.0000011550 0.0001076565 0.0031320663 0.0010677962 0.0000032442 0.0047886605 -0.0000068851 0.0025564576
1413394906.70590 -2.289831 1.184082 0.700603 -0.496017 -0.711359 -0.289799 0.404910 0.0003085462 0.0000037428 -0.0001798434 0.0000002932 -0.0000021830 0.0001051141 0.0031371086 0.0010607570 0.0000034288 0.0047378927 -0.0000070913 0.0025562734
1413394906.75587 -2.266615 1.194764 0.699555 -0.497613 -0.697962 -0.309665 0.411507 0.0003222827 0.0000082085 -0.0001712445 0.0000004566 -0.0000043627 0.0000912689 0.0031495432 0.0010627044 0.0000035307 0.0046963089 -0.0000071667 0.0025560742
1413394906.80585 -2.248310 1.212811 0.698990 -0.496162 -0.678531 -0.333782 0.426625 0.0003428156 0.0000110790 -0.0001553340 0.0000006068 -0.0000050204 0.0000706485 0.0031629524 0.0010652723 0.0000035687 0.0046573487 -0.0000070914 0.0025559490
1413394906.85584 -2.228467 1.228344 0.696027 -0.490685 -0.657544 -0.359980 0.444161 0.0003635582 0.0000144867 -0.0001341316 0.0000008234 -0.0000053438 0.0000497393 0.0031812796 0.0010760883 0.0000039013 0.0046262976 -0.0000075158 0.0025556892
1413394906.90582 -2.208784 1.239989 0.690931 -0.482932 -0.633940 -0.384772 0.465668 0.0003829409 0.0000150647 -0.0001074493 0.0000008369 -0.0000042236 0.0000303916 0.0031953793 0.0010811576 0.0000042197 0.0045917942 -0.0000079673 0.0025553764
1413394906.95582 -2.193354 1.253757 0.689605 -0.473348 -0.609816 -0.408889 0.486700 0.0003979955 0.0000153328 -0.0000776649 0.0000008363 -0.0000029865 0.0000153917 0.0032044243 0.0010798429 0.0000043649 0.0045573015 -0.0000082811 0.0025553405
1413394907.00582 -2.180243 1.263551 0.689106 -0.463393 -0.588220 -0.429182 0.505041 0.0004071913 0.0000150492 -0.0000496607 0.0000008033 -0.0000018289 0.0000062903 0.0032138733 0.0010810714 0.0000045254 0.0045317159 -0.0000084194 0.0025553316
1413394907.05582 -2.167536 1.267321 0.689409 -0.453651 -0.566129 -0.445669 0.524479 0.0004124095 0.0000118002 -0.0000215559 0.0000005878 -0.0000006093 0.0000013607 0.0032180648 0.0010773162 0.0000045886 0.0045100318 -0.0000084484 0.0025555112
1413394907.10582 -2.155222 1.264065 0.689596 -0.447816 -0.548580 -0.454513 0.540314 0.0004138504 0.0000060281 -0.0000010525 0.0000003409 -0.0000000073 0.0000002388 0.0032152587 0.0010671178 0.0000046874 0.0044882350 -0.0000085053 0.0025557153
1413394907.15584 -2.148140 1.258978 0.685107 -0.449621 -0.539659 -0.453994 0.548177 0.0004139087 -0.0000012688 0.0000057838 0.0000002541 -0.0000000108 0.0000003186 0.0032028797 0.0010512398 0.0000049778 0.0044653333 -0.0000084136 0.0025554091
1413394907.20586 -2.134863 1.238562 0.680437 -0.459327 -0.545084 -0.445940 0.541332 0.0004138959 -0.0000046689 -0.0000065339 0.0000003031 0.0000000801 0.0000003429 0.0031888280 0.0010350608 0.0000051954 0.0044519127 -0.0000085108 0.0025553752
1413394907.25587 -2.121676 1.210363 0.675036 -0.475081 -0.556634 -0.430481 0.528340 0.0004118324 -0.0000094715 -0.0000291608 0.0000004699 0.0000006771 0.0000023078 0.0031614696 0.0010026502 0.0000053338 0.0044271879 -0.0000084971 0.0025555522
1413394907.30587 -2.107757 1.176170 0.669341 -0.493851 -0.572896 -0.410299 0.509465 0.0004051632 -0.0000136232 -0.0000588551 0.0000007109 0.0000019868 0.0000087962 0.0031292136 0.0009653813 0.0000054599 0.0044020087 -0.0000085624 0.0025555995
1413394907.35587 -2.091873 1.137806 0.663460 -0.516100 -0.591007 -0.383849 0.486838 0.0003911780 -0.0000196875 -0.0000928904 0.0000012456 0.0000046849 0.0000223149 0.0030946146 0.0009248341 0.0000055778 0.0043763875 -0.0000085038 0.0025557937
1413394907.40587 -2.074093 1.096655 0.656665 -0.542099 -0.603767 -0.351432 0.467001 0.0003700461 -0.0000321182 -0.0001238335 0.0000030455 0.0000107630 0.0000417114 0.0030592093 0.0008817927 0.0000057051 0.0043469336 -0.0000084126 0.0025559549
1413394907.45587 -2.052926 1.054472 0.648575 -0.571941 -0.609176 -0.312881 0.451546 0.0003417646 -0.0000509132 -0.0001489955 0.0000078448 0.0000222197 0.0000652473 0.0030235683 0.0008388773 0.0000058302 0.0043138053 -0.0000082888 0.0025559466
1413394907.50587 -2.032746 1.015298 0.638797 -0.597633 -0.608922 -0.281159 0.439315 0.0003146396 -0.0000659860 -0.0001643656 0.0000141073 0.0000345063 0.0000861778 0.0029920400 0.0007956404 0.0000058460 0.0042743936 -0.0000080586 0.0025561028
1413394907.55588 -2.011018 0.979168 0.628608 -0.621446 -0.605748 -0.253663 0.427234 0.0002877079 -0.0000772809 -0.0001745514 0.0000210375 0.0000469360 0.0001062392 0.0029650952 0.0007567542 0.0000058861 0.0042351613 -0.0000077684 0.0025562157
1413394907.60587 -1.982456 0.950354 0.616265 -0.637981 -0.602980 -0.239754 0.414624 0.0002694968 -0.0000801590 -0.0001806234 0.0000241286 0.0000537848 0.0001214215 0.0029431057 0.0007220797 0.0000058719 0.0041922936 -0.0000075547 0.0025563985
1413394907.65588 -1.947287 0.929076 0.604860 -0.648381 -0.601904 -0.237005 0.401425 0.0002593878 -0.0000771018 -0.0001851330 0.0000232075 0.0000550949 0.0001325170 0.0029282338 0.0006922043 0.0000058146 0.0041383961 -0.0000072419 0.0025566289
1413394907.70588 -1.906068 0.918378 0.593960 -0.648029 -0.601556 -0.253428 0.392381 0.0002660158 -0.0000675808 -0.0001869050 0.0000174542 0.0000475410 0.0001317007 0.0029200903 0.0006676812 0.0000057850 0.0040737867 -0.0000069553 0.0025568010
1413394907.75587 -1.862536 0.915226 0.585578 -0.636721 -0.601523 -0.285759 0.388714 0.0002870239 -0.0000521693 -0.0001841054 0.0000097613 0.0000335060 0.0001184525 0.0029193320 0.0006498075 0.0000056171 0.0040038003 -0.0000066310 0.0025570405
1413394907.80587 -1.817710 0.917037 0.577437 -0.618060 -0.597321 -0.326614 0.393107 0.0003165809 -0.0000347448 -0.0001727750 0.0000040874 0.0000189904 0.0000946285 0.0029219826 0.0006360107 0.0000055085 0.0039347350 -0.0000064472 0.0025571980
1413394907.85586 -1.771303 0.921154 0.566623 -0.595933 -0.590265 -0.367776 0.401487 0.0003454323 -0.0000168380 -0.0001538396 0.0000010930 0.0000075177 0.0000688254 0.0029257520 0.0006233946 0.0000053855 0.0038677438 -0.0000063291 0.0025573311
1413394907.90587 -1.725187 0.924636 0.554046 -0.572714 -0.580321 -0.405352 0.413420 0.0003699469 -0.0000012828 -0.0001288605 0.0000002762 0.0000004616 0.0000451789 0.0029300149 0.0006108652 0.0000053514 0.0038017318 -0.0000063421 0.0025574146
1413394907.95586 -1.682525 0.930342 0.538666 -0.553427 -0.570147 -0.433091 0.425538 0.0003861971 0.0000090605 -0.0001048834 0.0000004852 -0.0000024480 0.0000287683 0.0029321807 0.0005967756 0.0000053884 0.0037395928 -0.0000064086 0.0025574437
1413394908.00586 -1.641424 0.932326 0.520134 -0.536868 -0.560932 -0.454780 0.436239 0.0003967759 0.0000168239 -0.0000832613 0.0000009886 -0.0000035183 0.0000177507 0.0029351929 0.0005842956 0.0000053042 0.0036841098 -0.0000063857 0.0025576500
1413394908.05586 -1.602263 0.933754 0.504185 -0.526724 -0.554516 -0.466297 0.444568 0.0004021688 0.0000199048 -0.0000690814 0.0000012631 -0.0000034067 0.0000121436 0.0029348728 0.0005691356 0.0000051836 0.0036322911 -0.0000063587 0.0025577901
1413394908.10586 -1.564777 0.929394 0.481613 -0.525712 -0.556695 -0.466772 0.442540 0.0004015927 0.0000221144 -0.0000702253 0.0000014997 -0.0000038549 0.0000125612 0.0029345389 0.0005540238 0.0000049459 0.0035847076 -0.0000061664 0.0025582317
1413394908.15586 -1.528896 0.921154 0.456383 -0.533543 -0.566117 -0.456361 0.431948 0.0003956099 0.0000225219 -0.0000850018 0.0000015678 -0.0000048275 0.0000185523 0.0029298807 0.0005356965 0.0000047067 0.0035407351 -0.0000059708 0.0025587223
1413394908.20585 -1.495908 0.910429 0.429927 -0.546585 -0.579258 -0.438630 0.416304 0.0003842377 0.0000210921 -0.0001070400 0.0000014470 -0.0000058652 0.0000301191 0.0029232153 0.0005163696 0.0000044717 0.0034998079 -0.0000057918 0.0025592238
1413394908.25583 -1.463788 0.898035 0.404030 -0.559391 -0.595182 -0.420277 0.395231 0.0003676357 0.0000226595 -0.0001303740 0.0000016896 -0.0000080266 0.0000465508 0.0029157276 0.0004973005 0.0000041739 0.0034633705 -0.0000056153 0.0025597902
1413394908.30581 -1.430854 0.880791 0.378909 -0.572621 -0.608805 -0.399697 0.376436 0.0003487043 0.0000211144 -0.0001509338 0.0000015739 -0.0000091317 0.0000656676 0.0029081922 0.0004791412 0.0000038430 0.0034287359 -0.0000053953 0.0025604070
1413394908.35581 -1.403699 0.868958 0.355246 -0.583877 -0.620847 -0.379956 0.359541 0.0003293999 0.0000191189 -0.0001671845 0.0000014092 -0.0000096967 0.0000852150 0.0028991384 0.0004587184 0.0000034904 0.0033939936 -0.0000052073 0.0025611668
1413394908.40580 -1.376569 0.858451 0.336217 -0.594270 -0.629275 -0.361440 0.346723 0.0003117858 0.0000153454 -0.0001790840 0.0000010568 -0.0000088071 0.0001032481 0.0028946051 0.0004454289 0.0000032004 0.0033664651 -0.0000051786 0.0025618365
1413394908.45580 -1.353614 0.855078 0.319483 -0.604094 -0.633911 -0.343682 0.339278 0.0002972801 0.0000089978 -0.0001872149 0.0000005779 -0.0000056564 0.0001183107 0.0028928758 0.0004335501 0.0000027328 0.0033402874 -0.0000049893 0.0025627037
1413394908.50580 -1.332536 0.858621 0.307287 -0.612198 -0.635971 -0.328625 0.335798 0.0002862931 0.0000022878 -0.0001923203 0.0000003281 -0.0000015225 0.0001296252 0.0028969275 0.0004277629 0.0000022196 0.0033188980 -0.0000048247 0.0025636267
1413394908.55580 -1.315404 0.876430 0.302875 -0.612962 -0.635344 -0.324716 0.339375 0.0002863259 -0.0000012297 -0.0001923518 0.0000003165 0.0000008433 0.0001296519 0.0029043506 0.0004268051 0.0000017844 0.0032973045 -0.0000050009 0.0025641039
1413394908.60581 -1.297820 0.899527 0.308513 -0.601568 -0.632721 -0.339041 0.350473 0.0003017731 0.0000025369 -0.0001853514 0.0000003352 -0.0000015443 0.0001142577 0.0029241078 0.0004357385 0.0000013549 0.0032814601 -0.0000051170 0.0025646572
1413394908.65582 -1.282425 0.929508 0.323537 -0.584366 -0.626166 -0.361543 0.368401 0.0003252692 0.0000080895 -0.0001713454 0.0000005163 -0.0000042514 0.0000906477 0.0029446738 0.0004453272 0.0000013205 0.0032653601 -0.0000055529 0.0025647640
1413394908.70584 -1.271874 0.962862 0.345527 -0.565053 -0.613872 -0.386570 0.392989 0.0003518740 0.0000115457 -0.0001495583 0.0000006931 -0.0000048998 0.0000639255 0.0029669006 0.0004579868 0.0000022286 0.0032510400 -0.0000063380 0.0025642213
1413394908.75584 -1.257662 0.989682 0.362654 -0.542679 -0.601019 -0.413364 0.416419 0.0003749704 0.0000176330 -0.0001226462 0.0000011484 -0.0000057607 0.0000404556 0.0029933563 0.0004712378 0.0000015649 0.0032447507 -0.0000063215 0.0025652207
1413394908.80584 -1.248126 1.017111 0.380622 -0.524317 -0.588296 -0.433585 0.437039 0.0003907143 0.0000207768 -0.0000971720 0.0000014241 -0.0000051629 0.0000244954 0.0030100444 0.0004805827 0.0000026079 0.0032330454 -0.0000075090 0.0025647256
1413394908.85584 -1.237158 1.037888 0.399574 -0.506714 -0.575165 -0.451610 0.456590 0.0004020896 0.0000231082 -0.0000713173 0.0000016516 -0.0000040938 0.0000129719 0.0030307433 0.0004900637 0.0000024025 0.0032282785 -0.0000077814 0.0025655019
1413394908.90584 -1.223396 1.054377 0.420932 -0.493873 -0.562596 -0.462499 0.475047 0.0004090312 0.0000210618 -0.0000495445 0.0000014095 -0.0000025469 0.0000063189 0.0030408731 0.0004943679 0.0000037233 0.0032211772 -0.0000088624 0.0025653280
1413394908.95584 -1.215556 1.063798 0.446222 -0.483115 -0.548821 -0.470105 0.494365 0.0004136372 0.0000157851 -0.0000284262 0.0000009317 -0.0000010793 0.0000022718 0.0030512441 0.0004942736 0.0000034054 0.0032118813 -0.0000090111 0.0025664678
1413394909.00584 -1.208886 1.066620 0.472537 -0.480750 -0.539786 -0.467773 0.508625 0.0004153473 0.0000065107 -0.0000184270 0.0000004359 -0.0000002828 0.0000011387 0.0030559774 0.0004928538 0.0000030787 0.0032087185 -0.0000092654 0.0025677567
1413394909.05584 -1.202602 1.062694 0.497219 -0.487148 -0.540434 -0.457576 0.511119 0.0004149276 -0.0000015358 -0.0000241497 0.0000003442 0.0000000958 0.0000017306 0.0030547551 0.0004878653 0.0000029022 0.0032061562 -0.0000094969 0.0025690921
1413394909.10584 -1.196313 1.054204 0.522072 -0.501031 -0.548387 -0.439748 0.504838 0.0004117687 -0.0000098775 -0.0000425795 0.0000005804 0.0000010284 0.0000047334 0.0030488542 0.0004804246 0.0000030666 0.0032040555 -0.0000097375 0.0025703900
1413394909.15584 -1.188377 1.040686 0.545235 -0.519682 -0.559879 -0.416967 0.492549 0.0004041006 -0.0000185671 -0.0000682367 0.0000012018 0.0000031443 0.0000118627 0.0030395854 0.0004701590 0.0000029101 0.0032015233 -0.0000099960 0.0025719346
1413394909.20584 -1.176958 1.026811 0.565259 -0.538457 -0.573682 -0.398139 0.471635 0.0003920034 -0.0000206950 -0.0000958619 0.0000014457 0.0000050726 0.0000237966 0.0030278256 0.0004569756 0.0000026730 0.0031962126 -0.0000100270 0.0025735992
1413394909.25584 -1.161182 1.009388 0.582096 -0.559331 -0.586981 -0.378194 0.446733 0.0003742270 -0.0000220476 -0.0001239719 0.0000016564 0.0000073169 0.0000414357 0.0030101283 0.0004422124 0.0000058615 0.0031877864 -0.0000089472 0.0025723092
1413394909.30583 -1.158868 0.995632 0.604138 -0.578089 -0.595522 -0.362885 0.423652 0.0003561613 -0.0000223749 -0.0001450585 0.0000017652 0.0000091262 0.0000594661 0.0029927962 0.0004289579 0.0000080637 0.0031740367 -0.0000102445 0.0025725697
1413394909.35582 -1.140445 0.996895 0.616285 -0.597104 -0.597229 -0.349841 0.405458 0.0003395385 -0.0000249219 -0.0001599287 0.0000021906 0.0000117581 0.0000757344 0.0029820557 0.0004197937 0.0000091590 0.0031682784 -0.0000097897 0.0025732272
1413394909.40580 -1.127378 0.995832 0.633124 -0.613188 -0.593383 -0.342674 0.393029 0.0003281008 -0.0000279198 -0.0001682455 0.0000027372 0.0000143410 0.0000866956 0.0029843531 0.0004163089 0.0000092471 0.0031447307 -0.0000103456 0.0025719117
1413394909.45578 -1.107867 1.017081 0.648064 -0.625823 -0.583598 -0.343925 0.386620 0.0003246389 -0.0000303012 -0.0001702900 0.0000031854 0.0000159250 0.0000897529 0.0029858052 0.0004123853 0.0000088863 0.0031172116 -0.0000106604 0.0025697616
1413394909.50577 -1.090580 1.020037 0.659350 -0.633785 -0.569150 -0.352519 0.387449 0.0003290075 -0.0000333821 -0.0001667036 0.0000037459 0.0000169469 0.0000848911 0.0030058115 0.0004166986 0.0000087314 0.0030957012 -0.0000104217 0.0025686447
1413394909.55576 -1.072208 1.026024 0.671004 -0.638720 -0.550884 -0.364948 0.394177 0.0003384322 -0.0000382304 -0.0001584406 0.0000046790 0.0000179319 0.0000745921 0.0030111165 0.0004123530 0.0000088611 0.0030761034 -0.0000103467 0.0025684457
1413394909.60575 -1.053988 1.041679 0.680483 -0.640514 -0.531707 -0.379591 0.403658 0.0003498618 -0.0000434705 -0.0001469531 0.0000057624 0.0000182934 0.0000621307 0.0030182664 0.0004087678 0.0000087865 0.0030544457 -0.0000101947 0.0025678019
1413394909.65575 -1.031983 1.053978 0.693318 -0.640099 -0.514008 -0.394029 0.413292 0.0003604231 -0.0000482360 -0.0001344441 0.0000068182 0.0000180269 0.0000505466 0.0030323165 0.0004084465 0.0000087754 0.0030351530 -0.0000105145 0.0025674422
1413394909.70575 -1.007816 1.069109 0.707478 -0.635865 -0.499065 -0.412014 0.420540 0.0003716356 -0.0000488082 -0.0001203506 0.0000067708 0.0000158372 0.0000393624 0.0030423376 0.0004051164 0.0000084504 0.0030089057 -0.0000105855 0.0025668925
1413394909.75575 -0.981178 1.080079 0.722761 -0.626643 -0.486023 -0.433559 0.427933 0.0003840239 -0.0000461380 -0.0001027847 0.0000059044 0.0000123767 0.0000278901 0.0030543978 0.0004008232 0.0000080661 0.0029848943 -0.0000097874 0.0025662839
1413394909.80575 -0.951377 1.082218 0.739891 -0.613935 -0.476325 -0.457286 0.432537 0.0003954607 -0.0000389112 -0.0000840138 0.0000041903 0.0000082902 0.0000182216 0.0030622873 0.0003931742 0.0000080615 0.0029618347 -0.0000094496 0.0025662088
1413394909.85575 -0.921015 1.082670 0.758026 -0.599992 -0.466847 -0.480141 0.437640 0.0004046853 -0.0000317209 -0.0000637463 0.0000028501 0.0000050176 0.0000104106 0.0030616758 0.0003801555 0.0000081332 0.0029383168 -0.0000090565 0.0025662580
1413394909.90575 -0.890879 1.077252 0.775585 -0.590225 -0.460598 -0.495693 0.440196 0.0004095599 -0.0000262249 -0.0000497680 0.0000020460 0.0000032064 0.0000064161 0.0030591487 0.0003663017 0.0000081872 0.0029157698 -0.0000086262 0.0025662593
1413394909.95576 -0.860905 1.066596 0.790835 -0.586269 -0.462668 -0.503501 0.434412 0.0004110405 -0.0000181907 -0.0000476011 0.0000011750 0.0000021258 0.0000058831 0.0030509534 0.0003502897 0.0000083165 0.0028945744 -0.0000083197 0.0025663652
1413394910.00577 -0.831918 1.051303 0.802143 -0.592199 -0.473203 -0.499601 0.419259 0.0004079524 -0.0000100013 -0.0000613180 0.0000006184 0.0000015223 0.0000095930 0.0030389396 0.0003330448 0.0000084903 0.0028743921 -0.0000080671 0.0025665098
1413394910.05578 -0.803963 1.031109 0.812705 -0.601440 -0.487222 -0.490296 0.400617 0.0004011453 -0.0000018994 -0.0000808373 0.0000003851 0.0000004009 0.0000166753 0.0030238944 0.0003153678 0.0000086696 0.0028555725 -0.0000079228 0.0025666596
1413394910.10579 -0.777372 1.008122 0.821203 -0.614106 -0.502212 -0.474704 0.381200 0.0003896836 0.0000032591 -0.0001040543 0.0000004073 -0.0000008530 0.0000281836 0.0030071000 0.0002976496 0.0000089201 0.0028384491 -0.0000077780 0.0025669079
1413394910.15580 -0.752632 0.982025 0.827122 -0.627945 -0.514975 -0.456226 0.363790 0.0003751365 0.0000049293 -0.0001259958 0.0000004479 -0.0000016389 0.0000427338 0.0029893826 0.0002802658 0.0000091299 0.0028223506 -0.0000077045 0.0025671255
1413394910.20581 -0.729028 0.959202 0.829944 -0.642080 -0.525886 -0.435560 0.348518 0.0003582322 0.0000038540 -0.0001457303 0.0000004276 -0.0000015509 0.0000597201 0.0029704381 0.0002636074 0.0000092474 0.0028080022 -0.0000075082 0.0025672773
1413394910.25581 -0.706004 0.937006 0.831190 -0.654770 -0.535588 -0.415105 0.334828 0.0003402672 0.0000021186 -0.0001622032 0.0000004032 -0.0000009923 0.0000777827 0.0029558836 0.0002491791 0.0000094565 0.0027949548 -0.0000074141 0.0025674938
1413394910.30581 -0.683224 0.917680 0.830935 -0.665150 -0.543494 -0.397158 0.323195 0.0003235215 0.0000004682 -0.0001745009 0.0000003944 -0.0000002337 0.0000946101 0.0029427598 0.0002356753 0.0000096284 0.0027824304 -0.0000073022 0.0025677100
1413394910.35581 -0.660572 0.901911 0.828920 -0.673257 -0.548867 -0.382063 0.315432 0.0003098236 -0.0000020793 -0.0001828000 0.0000004119 0.0000012479 0.0001083669 0.0029326468 0.0002235474 0.0000097867 0.0027704591 -0.0000072070 0.0025679254
1413394910.40581 -0.636864 0.890504 0.824675 -0.679297 -0.553233 -0.369759 0.309463 0.0002985324 -0.0000041422 -0.0001886015 0.0000004595 0.0000026401 0.0001196862 0.0029255300 0.0002127167 0.0000098892 0.0027587322 -0.0000071018 0.0025681021
1413394910.45582 -0.612921 0.884904 0.818638 -0.682654 -0.556804 -0.361953 0.304864 0.0002908348 -0.0000047457 -0.0001920993 0.0000004835 0.0000031588 0.0001274360 0.0029219723 0.0002029174 0.0000099551 0.0027467745 -0.0000070082 0.0025682435
1413394910.50582 -0.587831 0.886382 0.813841 -0.678575 -0.556399 -0.366749 0.308954 0.0002963921 -0.0000040888 -0.0001897100 0.0000004662 0.0000026403 0.0001219717 0.0029235430 0.0001949636 0.0000099586 0.0027351285 -0.0000068943 0.0025683257
1413394910.55582 -0.562387 0.893389 0.809258 -0.667553 -0.552053 -0.383177 0.320601 0.0003135614 -0.0000019488 -0.0001809292 0.0000004242 0.0000011454 0.0001049169 0.0029291951 0.0001878755 0.0000098878 0.0027231210 -0.0000068331 0.0025683396
1413394910.60581 -0.536911 0.905820 0.803696 -0.650309 -0.544053 -0.408342 0.338174 0.0003382829 0.0000015143 -0.0001642893 0.0000004216 -0.0000007174 0.0000802712 0.0029377449 0.0001817745 0.0000098303 0.0027120385 -0.0000066504 0.0025683287
1413394910.65579 -0.512363 0.915444 0.796202 -0.630406 -0.530093 -0.435865 0.362782 0.0003649906 0.0000016482 -0.0001392243 0.0000004155 -0.0000006116 0.0000535562 0.0029478671 0.0001764556 0.0000094812 0.0026998522 -0.0000067826 0.0025681135
1413394910.70578 -0.489604 0.926699 0.788181 -0.610435 -0.516135 -0.461314 0.384919 0.0003859196 0.0000023519 -0.0001114681 0.0000004192 -0.0000006628 0.0000326234 0.0029542285 0.0001698917 0.0000092520 0.0026890653 -0.0000068834 0.0025679255
1413394910.75578 -0.466504 0.941501 0.781256 -0.592838 -0.501650 -0.481002 0.406851 0.0004005818 -0.0000001113 -0.0000840503 0.0000004097 0.0000000406 0.0000180501 0.0029611730 0.0001639660 0.0000092428 0.0026809345 -0.0000066685 0.0025679563
1413394910.80578 -0.444074 0.952541 0.774558 -0.579570 -0.487614 -0.493702 0.427305 0.0004092361 -0.0000059014 -0.0000606139 0.0000004997 0.0000008923 0.0000093863 0.0029698576 0.0001581990 0.0000092130 0.0026731724 -0.0000064451 0.0025679505
1413394910.85578 -0.422421 0.958615 0.767473 -0.570606 -0.477753 -0.500333 0.442524 0.0004132813 -0.0000113820 -0.0000444472 0.0000007331 0.0000012430 0.0000051869 0.0029752131 0.0001515654 0.0000091896 0.0026659608 -0.0000062190 0.0025679332
1413394910.90578 -0.401739 0.958788 0.759880 -0.564957 -0.470135 -0.503523 0.454160 0.0004151206 -0.0000167259 -0.0000331991 0.0000010988 0.0000013570 0.0000030624 0.0029761070 0.0001439672 0.0000092008 0.0026594194 -0.0000060232 0.0025679542
1413394910.95578 -0.381930 0.952571 0.752290 -0.561836 -0.463904 -0.503440 0.464415 0.0004156905 -0.0000230073 -0.0000254488 0.0000017039 0.0000014284 0.0000019667 0.0029723777 0.0001357111 0.0000092322 0.0026535909 -0.0000058364 0.0025679907
1413394911.00577 -0.362596 0.939866 0.743758 -0.563682 -0.461955 -0.497178 0.470823 0.0004148457 -0.0000299293 -0.0000256568 0.0000025957 0.0000018718 0.0000019980 0.0029639047 0.0001266944 0.0000092826 0.0026482670 -0.0000056669 0.0025680483
1413394911.05577 -0.342965 0.921017 0.732709 -0.574612 -0.469049 -0.481964 0.466395 0.0004115329 -0.0000349542 -0.0000413572 0.0000034112 0.0000035359 0.0000045725 0.0029512416 0.0001169765 0.0000093375 0.0026432332 -0.0000055012 0.0025681207
1413394911.10576 -0.322393 0.895150 0.720547 -0.585183 -0.485197 -0.470790 0.447774 0.0004067494 -0.0000278788 -0.0000639658 0.0000023558 0.0000044094 0.0000104844 0.0029345957 0.0001064761 0.0000093983 0.0026382345 -0.0000053471 0.0025682124
1413394911.15574 -0.301230 0.864759 0.707200 -0.600072 -0.505122 -0.454097 0.422565 0.0003956904 -0.0000198448 -0.0000934954 0.0000014436 0.0000047160 0.0000225327 0.0029151852 0.0000955253 0.0000094581 0.0026335707 -0.0000051540 0.0025683278
1413394911.20573 -0.279595 0.831164 0.694782 -0.614199 -0.524873 -0.436917 0.395439 0.0003796407 -0.0000109448 -0.0001214768 0.0000007668 0.0000035295 0.0000393338 0.0028949706 0.0000848254 0.0000094752 0.0026291608 -0.0000049386 0.0025684309
1413394911.25572 -0.256608 0.797308 0.681191 -0.627133 -0.541384 -0.419284 0.371226 0.0003608666 -0.0000046479 -0.0001445860 0.0000005129 0.0000018891 0.0000584226 0.0028748229 0.0000748493 0.0000095205 0.0026245408 -0.0000048374 0.0025685893
1413394911.30572 -0.234134 0.765710 0.665594 -0.638713 -0.552663 -0.404027 0.351242 0.0003429782 -0.0000009205 -0.0001613715 0.0000004602 0.0000004596 0.0000764492 0.0028571839 0.0000647190 0.0000095971 0.0026210336 -0.0000046315 0.0025688535
1413394911.35571 -0.212940 0.732783 0.648025 -0.648157 -0.561791 -0.391674 0.332979 0.0003260935 0.0000029753 -0.0001739754 0.0000004864 -0.0000015622 0.0000933733 0.0028417860 0.0000561893 0.0000095052 0.0026173220 -0.0000043974 0.0025690604
1413394911.40571 -0.191221 0.708899 0.630132 -0.655698 -0.566825 -0.382279 0.320362 0.0003136117 0.0000046628 -0.0001817205 0.0000005328 -0.0000026768 0.0001058802 0.0028276770 0.0000482195 0.0000094801 0.0026151301 -0.0000041765 0.0025693272
1413394911.45571 -0.169868 0.689649 0.611309 -0.659911 -0.569557 -0.377565 0.312358 0.0003062005 0.0000062398 -0.0001857692 0.0000005949 -0.0000037609 0.0001133081 0.0028192533 0.0000412786 0.0000094108 0.0026133931 -0.0000039648 0.0025695867
1413394911.50571 -0.148599 0.676012 0.590829 -0.662881 -0.571109 -0.374892 0.306397 0.0003011918 0.0000076674 -0.0001882844 0.0000006668 -0.0000047686 0.0001183222 0.0028133174 0.0000350299 0.0000092969 0.0026121635 -0.0000037599 0.0025698385
1413394911.55572 -0.127849 0.668048 0.570519 -0.662313 -0.567738 -0.380004 0.307590 0.0003052535 0.0000084395 -0.0001862802 0.0000007085 -0.0000051250 0.0001142947 0.0028104505 0.0000292820 0.0000091306 0.0026113754 -0.0000035535 0.0025700854
1413394911.60572 -0.106885 0.665626 0.551047 -0.657532 -0.559821 -0.392771 0.316202 0.0003182532 0.0000085780 -0.0001790844 0.0000007098 -0.0000048004 0.0001013711 0.0028102199 0.0000240660 0.0000089173 0.0026110800 -0.0000033438 0.0025703218
1413394911.65573 -0.087469 0.666921 0.533029 -0.648173 -0.548012 -0.413136 0.329960 0.0003379902 0.0000092659 -0.0001655470 0.0000007313 -0.0000045119 0.0000816525 0.0028118073 0.0000192765 0.0000086631 0.0026097114 -0.0000034851 0.0025702922
1413394911.70574 -0.067895 0.670003 0.518638 -0.634495 -0.532403 -0.438561 0.348752 0.0003614120 0.0000093200 -0.0001444275 0.0000007110 -0.0000036999 0.0000582491 0.0028134486 0.0000154137 0.0000085963 0.0026066111 -0.0000044123 0.0025699817
1413394911.75575 -0.050068 0.674478 0.504506 -0.619068 -0.515943 -0.463381 0.368559 0.0003819770 0.0000085491 -0.0001192271 0.0000006627 -0.0000026429 0.0000377223 0.0028152030 0.0000109272 0.0000083754 0.0026060166 -0.0000046358 0.0025699990
1413394911.80575 -0.029510 0.678545 0.493738 -0.602719 -0.501463 -0.486609 0.385326 0.0003972746 0.0000094626 -0.0000932301 0.0000006964 -0.0000021960 0.0000223686 0.0028157588 0.0000076501 0.0000084871 0.0026046779 -0.0000051865 0.0025698496
1413394911.85575 -0.014770 0.668683 0.480488 -0.589842 -0.487086 -0.505546 0.399069 0.0004069944 0.0000088992 -0.0000701744 0.0000006601 -0.0000015101 0.0000125795 0.0028145725 0.0000027189 0.0000086617 0.0026015439 -0.0000057947 0.0025695660
1413394911.90575 -0.003187 0.661472 0.472091 -0.581368 -0.478088 -0.517421 0.407085 0.0004118159 0.0000087550 -0.0000549443 0.0000006547 -0.0000011432 0.0000078090 0.0028077198 -0.0000004469 0.0000086559 0.0026015794 -0.0000058213 0.0025698778
1413394911.95575 0.006691 0.651733 0.464419 -0.581954 -0.477813 -0.519009 0.404542 0.0004117014 0.0000102293 -0.0000552775 0.0000007255 -0.0000013480 0.0000079038 0.0028028637 -0.0000028244 0.0000086284 0.0026018920 -0.0000058359 0.0025701500
1413394912.00574 0.014786 0.638017 0.458797 -0.591187 -0.483038 -0.510851 0.395226 0.0004077608 0.0000106850 -0.0000680769 0.0000007538 -0.0000017583 0.0000118553 0.0027968724 -0.0000045626 0.0000086865 0.0026021730 -0.0000059770 0.0025702945
1413394912.05574 0.021260 0.622080 0.455450 -0.606579 -0.493031 -0.494604 0.379932 0.0003986737 0.0000108185 -0.0000903337 0.0000007702 -0.0000024257 0.0000209725 0.0027902690 -0.0000059227 0.0000087129 0.0026025322 -0.0000060035 0.0025705694
1413394912.10573 0.026028 0.603328 0.454137 -0.625055 -0.504545 -0.473632 0.361127 0.0003840548 0.0000105013 -0.0001161224 0.0000007666 -0.0000031493 0.0000356374 0.0027827972 -0.0000067897 0.0000087890 0.0026028348 -0.0000060242 0.0025708326
1413394912.15573 0.029470 0.582569 0.454437 -0.642453 -0.513998 -0.454293 0.341581 0.0003669713 0.0000109048 -0.0001383599 0.0000008066 -0.0000040855 0.0000527214 0.0027752919 -0.0000074305 0.0000088203 0.0026033167 -0.0000059517 0.0025711372
1413394912.20573 0.032239 0.563255 0.455920 -0.657542 -0.519448 -0.438762 0.324501 0.0003509697 0.0000110327 -0.0001546545 0.0000008320 -0.0000048353 0.0000687331 0.0027680684 -0.0000078285 0.0000088705 0.0026037134 -0.0000058823 0.0025714343
1413394912.25573 0.035580 0.546383 0.458692 -0.669534 -0.521808 -0.428813 0.309129 0.0003378886 0.0000125082 -0.0001655680 0.0000009506 -0.0000061035 0.0000817410 0.0027623048 -0.0000082100 0.0000089284 0.0026041267 -0.0000057729 0.0025717112
1413394912.30572 0.038437 0.532908 0.462408 -0.680104 -0.520320 -0.422465 0.297068 0.0003281773 0.0000130652 -0.0001726278 0.0000010099 -0.0000068472 0.0000914400 0.0027579668 -0.0000087166 0.0000090007 0.0026046005 -0.0000056603 0.0025719556
1413394912.35573 0.040480 0.523704 0.467052 -0.688152 -0.516450 -0.421072 0.287097 0.0003225271 0.0000144839 -0.0001762876 0.0000011425 -0.0000078925 0.0000970060 0.0027551098 -0.0000092097 0.0000090387 0.0026050966 -0.0000055872 0.0025721713
1413394912.40573 0.042386 0.519172 0.472000 -0.697610 -0.507849 -0.420130 0.280928 0.0003192140 0.0000125747 -0.0001785333 0.0000009888 -0.0000070073 0.0001005129 0.0027539126 -0.0000095053 0.0000091713 0.0026052755 -0.0000056164 0.0025722511
1413394912.45572 0.048574 0.521208 0.477971 -0.706212 -0.496478 -0.421375 0.277880 0.0003189201 0.0000093536 -0.0001789328 0.0000007684 -0.0000052199 0.0001010576 0.0027542823 -0.0000100869 0.0000094748 0.0026054648 -0.0000057502 0.0025721848
1413394912.50573 0.051804 0.527265 0.486816 -0.711808 -0.483209 -0.427646 0.277412 0.0003232042 0.0000065721 -0.0001764204 0.0000006290 -0.0000035572 0.0000969606 0.0027567680 -0.0000114881 0.0000095457 0.0026058964 -0.0000058123 0.0025722348
1413394912.55573 0.055104 0.538252 0.497771 -0.715837 -0.466346 -0.436649 0.281846 0.0003314498 0.0000011818 -0.0001710165 0.0000005012 -0.0000005758 0.0000888889 0.0027610333 -0.0000126165 0.0000095685 0.0026062107 -0.0000058942 0.0025722839
1413394912.60572 0.058895 0.552318 0.507388 -0.717535 -0.448452 -0.449016 0.287089 0.0003418040 -0.0000037206 -0.0001631384 0.0000005380 0.0000018109 0.0000784955 0.0027660997 -0.0000133032 0.0000096042 0.0026052596 -0.0000063018 0.0025720988
1413394912.65572 0.064144 0.566776 0.517848 -0.718324 -0.429126 -0.462204 0.293648 0.0003524502 -0.0000098800 -0.0001535448 0.0000007730 0.0000043404 0.0000675031 0.0027709380 -0.0000142383 0.0000100273 0.0026043869 -0.0000068306 0.0025717532
1413394912.70572 0.070800 0.585007 0.529701 -0.719838 -0.411858 -0.472330 0.298515 0.0003600560 -0.0000160718 -0.0001455328 0.0000012150 0.0000065345 0.0000594242 0.0027767934 -0.0000158108 0.0000101325 0.0026044261 -0.0000069608 0.0025717523
1413394912.75572 0.078096 0.601976 0.543139 -0.721815 -0.396243 -0.481286 0.300563 0.0003654604 -0.0000208012 -0.0001389372 0.0000016814 0.0000079465 0.0000534133 0.0027839097 -0.0000180348 0.0000099791 0.0026038650 -0.0000069927 0.0025715498
1413394912.80572 0.086811 0.619822 0.556923 -0.724466 -0.383068 -0.487022 0.302024 0.0003685052 -0.0000256449 -0.0001344576 0.0000022823 0.0000093968 0.0000496494 0.0027905692 -0.0000203714 0.0000098449 0.0026039776 -0.0000069636 0.0025713812
1413394912.85572 0.096407 0.639774 0.569133 -0.726645 -0.373757 -0.491055 0.301922 0.0003702544 -0.0000285049 -0.0001316741 0.0000026938 0.0000101777 0.0000474173 0.0027984623 -0.0000232427 0.0000097529 0.0026046157 -0.0000069062 0.0025714810
1413394912.90572 0.106656 0.659254 0.581680 -0.728022 -0.368282 -0.495313 0.298358 0.0003714519 -0.0000277243 -0.0001302694 0.0000025692 0.0000097624 0.0000462769 0.0028074731 -0.0000265878 0.0000096533 0.0026054609 -0.0000068490 0.0025715597
1413394912.95571 0.117901 0.678731 0.594217 -0.728440 -0.368196 -0.500230 0.289097 0.0003719515 -0.0000211376 -0.0001307625 0.0000017003 0.0000074665 0.0000465641 0.0028164751 -0.0000302481 0.0000095911 0.0026064935 -0.0000067887 0.0025716121
1413394913.00572 0.129541 0.697601 0.607119 -0.727154 -0.369761 -0.505964 0.280222 0.0003729465 -0.0000134768 -0.0001303898 0.0000009845 0.0000047422 0.0000461801 0.0028258578 -0.0000342530 0.0000095853 0.0026076874 -0.0000067027 0.0025715914
1413394913.05572 0.141725 0.716932 0.619544 -0.725654 -0.371694 -0.511004 0.272295 0.0003736411 -0.0000063453 -0.0001299023 0.0000006039 0.0000022317 0.0000457549 0.0028352529 -0.0000383829 0.0000095912 0.0026089689 -0.0000065933 0.0025715448
1413394913.10572 0.153496 0.736261 0.632529 -0.724173 -0.373847 -0.515080 0.265526 0.0003739486 -0.0000001032 -0.0001295100 0.0000004954 0.0000000567 0.0000454448 0.0028453624 -0.0000428185 0.0000095849 0.0026104050 -0.0000064610 0.0025714738
1413394913.15572 0.165200 0.757047 0.644270 -0.722260 -0.376722 -0.517511 0.261923 0.0003740979 0.0000043106 -0.0001290598 0.0000005439 -0.0000014699 0.0000451131 0.0028559754 -0.0000472668 0.0000096456 0.0026118174 -0.0000062951 0.0025713238
1413394913.20572 0.175058 0.778314 0.656636 -0.719853 -0.380570 -0.518353 0.261320 0.0003741952 0.0000069414 -0.0001286162 0.0000006223 -0.0000023709 0.0000447945 0.0028678414 -0.0000518918 0.0000096399 0.0026132671 -0.0000061430 0.0025712510
1413394913.25572 0.181832 0.800671 0.668062 -0.716210 -0.386038 -0.518502 0.263008 0.0003744731 0.0000090198 -0.0001278418 0.0000007079 -0.0000030658 0.0000442275 0.0028800234 -0.0000561866 0.0000095511 0.0026144332 -0.0000059810 0.0025709888
1413394913.30571 0.188224 0.824095 0.680507 -0.709632 -0.392725 -0.519130 0.269617 0.0003765178 0.0000096638 -0.0001248340 0.0000007368 -0.0000031903 0.0000419637 0.0028934584 -0.0000597013 0.0000094713 0.0026150988 -0.0000057334 0.0025705979
1413394913.35571 0.193379 0.848185 0.693472 -0.700888 -0.400593 -0.520465 0.278204 0.0003795055 0.0000104911 -0.0001204546 0.0000007795 -0.0000033160 0.0000388016 0.0029081629 -0.0000633625 0.0000094086 0.0026157867 -0.0000055800 0.0025704826
1413394913.40571 0.196715 0.872852 0.705929 -0.692049 -0.411580 -0.519221 0.286495 0.0003809576 0.0000120689 -0.0001179280 0.0000008718 -0.0000037206 0.0000370714 0.0029233688 -0.0000667201 0.0000090972 0.0026161819 -0.0000054792 0.0025703406
1413394913.45571 0.197440 0.897114 0.716469 -0.681946 -0.425103 -0.516910 0.295028 0.0003819469 0.0000145548 -0.0001160286 0.0000010470 -0.0000044064 0.0000358113 0.0029397754 -0.0000694089 0.0000090517 0.0026162840 -0.0000053275 0.0025702848
1413394913.50571 0.196489 0.921229 0.723894 -0.670237 -0.440717 -0.514855 0.302449 0.0003825805 0.0000191111 -0.0001142591 0.0000014503 -0.0000056936 0.0000346855 0.0029560272 -0.0000711879 0.0000090790 0.0026159393 -0.0000051743 0.0025702566
1413394913.55571 0.193888 0.945004 0.728263 -0.657045 -0.458885 -0.512856 0.307726 0.0003822058 0.0000262817 -0.0001132801 0.0000023078 -0.0000077773 0.0000341349 0.0029726583 -0.0000722524 0.0000090967 0.0026153167 -0.0000050431 0.0025702865
1413394913.60571 0.189009 0.968973 0.730336 -0.642806 -0.478206 -0.510169 0.312805 0.0003811490 0.0000340232 -0.0001127509 0.0000035440 -0.0000100546 0.0000339133 0.0029894823 -0.0000724885 0.0000091301 0.0026143968 -0.0000049157 0.0025703209
1413394913.65571 0.181893 0.992532 0.729842 -0.628072 -0.498437 -0.506416 0.317222 0.0003790002 0.0000420913 -0.0001132480 0.0000051896 -0.0000125698 0.0000343998 0.0030071816 -0.0000717389 0.0000091886 0.0026131854 -0.0000048036 0.0025704077
1413394913.70571 0.172039 1.015794 0.725577 -0.616180 -0.518150 -0.498001 0.322239 0.0003752679 0.0000468814 -0.0001168197 0.0000063796 -0.0000145890 0.0000369299 0.0030248281 -0.0000698011 0.0000092486 0.0026116393 -0.0000047196 0.0025705019
1413394913.75571 0.159076 1.038961 0.717817 -0.606454 -0.537175 -0.485737 0.328201 0.0003706415 0.0000484592 -0.0001225200 0.0000068659 -0.0000160155 0.0000410708 0.0030427945 -0.0000665677 0.0000092900 0.0026098464 -0.0000046717 0.0025705607
1413394913.80571 0.142325 1.061584 0.706411 -0.597873 -0.553754 -0.470986 0.337752 0.0003671298 0.0000458866 -0.0001279824 0.0000062715 -0.0000159929 0.0000451913 0.0030613474 -0.0000617677 0.0000093257 0.0026078828 -0.0000046514 0.0025705904
1413394913.85571 0.122726 1.084896 0.691725 -0.591142 -0.567565 -0.453848 0.349919 0.0003644545 0.0000393830 -0.0001333262 0.0000047969 -0.0000144019 0.0000493561 0.0030800023 -0.0000552543 0.0000093486 0.0026058056 -0.0000046758 0.0025705735
1413394913.90571 0.099906 1.107644 0.673551 -0.584585 -0.579427 -0.436755 0.363002 0.0003625417 0.0000316088 -0.0001375726 0.0000033013 -0.0000119859 0.0000527911 0.0030999951 -0.0000473636 0.0000093078 0.0026039511 -0.0000048094 0.0025703298
1413394913.95571 0.075416 1.132146 0.655071 -0.577084 -0.589072 -0.420779 0.378039 0.0003623666 0.0000229546 -0.0001394966 0.0000020038 -0.0000088239 0.0000542894 0.0031202532 -0.0000377954 0.0000092569 0.0026023522 -0.0000049532 0.0025701006
1413394914.00571 0.049993 1.157987 0.635603 -0.568524 -0.598011 -0.406572 0.392252 0.0003627183 0.0000155185 -0.0001401608 0.0000012166 -0.0000059805 0.0000547487 0.0031419497 -0.0000273353 0.0000091395 0.0026011481 -0.0000052386 0.0025696520
1413394914.05571 0.023696 1.184316 0.615275 -0.558138 -0.607394 -0.395025 0.404363 0.0003633011 0.0000109600 -0.0001399796 0.0000008868 -0.0000042050 0.0000545198 0.0031658200 -0.0000160363 0.0000090412 0.0026005609 -0.0000054956 0.0025692374
1413394914.10571 -0.003799 1.211212 0.595231 -0.545495 -0.617457 -0.385856 0.415087 0.0003643919 0.0000090879 -0.0001388841 0.0000007825 -0.0000034450 0.0000535154 0.0031906103 -0.0000037222 0.0000089769 0.0026005235 -0.0000057656 0.0025686823
1413394914.15571 -0.031990 1.238458 0.577871 -0.530635 -0.629015 -0.379346 0.422923 0.0003652391 0.0000109835 -0.0001378057 0.0000008850 -0.0000041260 0.0000525703 0.0032164956 0.0000096492 0.0000089091 0.0026012023 -0.0000060248 0.0025681963
1413394914.20571 -0.061097 1.267360 0.565420 -0.513896 -0.640779 -0.374982 0.429768 0.0003664884 0.0000150836 -0.0001360002 0.0000011707 -0.0000055826 0.0000510346 0.0032433818 0.0000241948 0.0000088179 0.0026024666 -0.0000064326 0.0025675487
1413394914.25571 -0.091800 1.295282 0.555000 -0.497157 -0.653424 -0.369833 0.434851 0.0003663287 0.0000198696 -0.0001356090 0.0000016244 -0.0000073431 0.0000507600 0.0032725018 0.0000400837 0.0000087455 0.0026047407 -0.0000067186 0.0025671093
1413394914.30571 -0.124196 1.323347 0.549005 -0.480262 -0.664500 -0.364304 0.441668 0.0003670328 0.0000234588 -0.0001342398 0.0000020395 -0.0000085685 0.0000496474 0.0033007845 0.0000576755 0.0000086419 0.0026079328 -0.0000070376 0.0025665914
1413394914.35571 -0.158874 1.353149 0.548248 -0.463794 -0.675578 -0.359353 0.446491 0.0003668760 0.0000278995 -0.0001335509 0.0000026425 -0.0000101470 0.0000491513 0.0033298417 0.0000770787 0.0000084096 0.0026120382 -0.0000075118 0.0025656133
1413394914.40571 -0.195429 1.380457 0.550309 -0.447161 -0.685933 -0.353773 0.452093 0.0003667223 0.0000317928 -0.0001328725 0.0000032613 -0.0000115107 0.0000486661 0.0033617138 0.0000986924 0.0000082100 0.0026176214 -0.0000078660 0.0025648902
1413394914.45571 -0.233852 1.406829 0.554710 -0.432295 -0.695119 -0.346856 0.457845 0.0003665452 0.0000338830 -0.0001326165 0.0000036274 -0.0000122494 0.0000484934 0.0033906119 0.0001216805 0.0000080678 0.0026248025 -0.0000080533 0.0025643572
1413394914.50571 -0.274777 1.433492 0.563448 -0.417282 -0.702910 -0.341948 0.463534 0.0003670515 0.0000368161 -0.0001312630 0.0000041760 -0.0000131547 0.0000474416 0.0034198902 0.0001469342 0.0000078909 0.0026337515 -0.0000081796 0.0025637609
1413394914.55571 -0.318939 1.458867 0.571304 -0.407725 -0.709476 -0.332237 0.469065 0.0003666099 0.0000348262 -0.0001323950 0.0000037845 -0.0000125635 0.0000483065 0.0034489812 0.0001742169 0.0000078574 0.0026448173 -0.0000082416 0.0025634066
1413394914.60571 -0.365400 1.481098 0.576554 -0.401762 -0.711912 -0.321096 0.478190 0.0003683612 0.0000286650 -0.0001318142 0.0000026886 -0.0000102404 0.0000476526 0.0034768180 0.0002037580 0.0000077224 0.0026580531 -0.0000085032 0.0025627765
1413394914.65571 -0.413486 1.502485 0.579400 -0.397569 -0.714080 -0.308741 0.486526 0.0003695692 0.0000212851 -0.0001318112 0.0000016741 -0.0000075702 0.0000474882 0.0035017123 0.0002348998 0.0000076631 0.0026739195 -0.0000086397 0.0025623758
1413394914.70571 -0.462358 1.520084 0.579412 -0.392388 -0.715990 -0.298835 0.494052 0.0003707987 0.0000159753 -0.0001310894 0.0000011170 -0.0000056247 0.0000468095 0.0035261235 0.0002674939 0.0000075284 0.0026918862 -0.0000089769 0.0025617765
1413394914.75571 -0.511717 1.537917 0.577487 -0.388037 -0.717767 -0.287444 0.501611 0.0003717897 0.0000093272 -0.0001305309 0.0000006503 -0.0000032475 0.0000462851 0.0035465220 0.0003007133 0.0000074841 0.0027124625 -0.0000092278 0.0025613081
1413394914.80572 -0.561974 1.557526 0.575163 -0.381972 -0.720190 -0.278697 0.507693 0.0003727815 0.0000054334 -0.0001295709 0.0000004900 -0.0000018579 0.0000454864 0.0035670316 0.0003344620 0.0000074459 0.0027352223 -0.0000094006 0.0025610206
1413394914.85572 -0.612382 1.575812 0.569472 -0.375087 -0.723728 -0.271523 0.511667 0.0003728754 0.0000037152 -0.0001295701 0.0000004409 -0.0000012570 0.0000454681 0.0035913267 0.0003701782 0.0000073901 0.0027605464 -0.0000096235 0.0025606815
1413394914.90572 -0.662322 1.593694 0.562678 -0.365245 -0.727427 -0.268753 0.514994 0.0003739379 0.0000060121 -0.0001281959 0.0000004951 -0.0000020260 0.0000443838 0.0036135653 0.0004059863 0.0000073507 0.0027879187 -0.0000098374 0.0025604154
1413394914.95571 -0.711824 1.609238 0.552152 -0.354469 -0.731010 -0.266665 0.518524 0.0003751706 0.0000090069 -0.0001264781 0.0000006065 -0.0000030019 0.0000430611 0.0036349108 0.0004418990 0.0000073312 0.0028169027 -0.0000101248 0.0025601372
1413394915.00572 -0.761182 1.619820 0.536904 -0.341923 -0.734836 -0.266675 0.521525 0.0003764149 0.0000142080 -0.0001243963 0.0000009074 -0.0000046649 0.0000415173 0.0036531334 0.0004775932 0.0000073017 0.0028474273 -0.0000106605 0.0025597321
1413394915.05571 -0.810867 1.629068 0.522656 -0.326125 -0.738932 -0.268201 0.525062 0.0003781426 0.0000216504 -0.0001209970 0.0000015917 -0.0000069036 0.0000391035 0.0036630617 0.0005118715 0.0000073250 0.0028798669 -0.0000111761 0.0025594280
1413394915.10571 -0.863749 1.639633 0.509408 -0.309600 -0.743506 -0.268736 0.528326 0.0003791871 0.0000289320 -0.0001180478 0.0000025526 -0.0000089857 0.0000371227 0.0036719599 0.0005464093 0.0000073921 0.0029153402 -0.0000115162 0.0025593174
1413394915.15571 -0.917899 1.648819 0.497545 -0.292401 -0.750591 -0.267392 0.528787 0.0003777927 0.0000366728 -0.0001179364 0.0000038872 -0.0000114329 0.0000371755 0.0036823426 0.0005841998 0.0000074267 0.0029550987 -0.0000120786 0.0025590919
1413394915.20571 -0.974133 1.655177 0.486421 -0.273928 -0.757297 -0.266518 0.529559 0.0003761374 0.0000450601 -0.0001174619 0.0000057223 -0.0000140593 0.0000370316 0.0036913962 0.0006225983 0.0000075350 0.0029990724 -0.0000123910 0.0025590899
1413394915.25571 -1.031220 1.656461 0.475880 -0.255622 -0.764203 -0.263282 0.530409 0.0003739031 0.0000519511 -0.0001178332 0.0000075356 -0.0000163641 0.0000374770 0.0036957761 0.0006615609 0.0000076754 0.0030473906 -0.0000127587 0.0025591271
1413394915.30571 -1.090881 1.654716 0.466536 -0.237344 -0.769848 -0.258963 0.532861 0.0003724567 0.0000575563 -0.0001173181 0.0000092089 -0.0000181234 0.0000372912 0.0036927135 0.0006981531 0.0000078769 0.0030992891 -0.0000130860 0.0025592316
1413394915.35571 -1.151100 1.648691 0.458512 -0.219776 -0.774671 -0.254202 0.535691 0.0003711947 0.0000624441 -0.0001166404 0.0000108157 -0.0000196178 0.0000369839 0.0036854595 0.0007345306 0.0000080846 0.0031561675 -0.0000134281 0.0025593363
1413394915.40571 -1.213533 1.638270 0.450997 -0.202370 -0.778316 -0.247670 0.540306 0.0003709181 0.0000657309 -0.0001152921 0.0000119568 -0.0000204287 0.0000361626 0.0036726732 0.0007689578 0.0000083687 0.0032171516 -0.0000137674 0.0025595040
1413394915.45571 -1.275958 1.623727 0.445425 -0.185384 -0.781516 -0.241194 0.544694 0.0003705672 0.0000689984 -0.0001139281 0.0000131380 -0.0000212128 0.0000353477 0.0036541541 0.0008019428 0.0000086592 0.0032825976 -0.0000142752 0.0025595372
1413394915.50571 -1.341231 1.603696 0.439521 -0.168877 -0.783647 -0.233544 0.550305 0.0003710561 0.0000709789 -0.0001120804 0.0000138651 -0.0000214403 0.0000341721 0.0036301386 0.0008312622 0.0000090180 0.0033519603 -0.0000146085 0.0025597591
1413394915.55571 -1.407356 1.578281 0.434870 -0.154898 -0.783786 -0.219597 0.559878 0.0003744628 0.0000676444 -0.0001092265 0.0000125042 -0.0000197304 0.0000321746 0.0035995943 0.0008582187 0.0000094167 0.0034284965 -0.0000149451 0.0025600123
1413394915.60571 -1.474653 1.547654 0.430567 -0.144381 -0.782121 -0.198355 0.572797 0.0003805391 0.0000578496 -0.0001055381 0.0000090762 -0.0000160401 0.0000295809 0.0035632752 0.0008805063 0.0000098799 0.0035090266 -0.0000152673 0.0025602919
1413394915.65571 -1.542628 1.514247 0.426358 -0.136005 -0.780190 -0.172478 0.585711 0.0003866954 0.0000442095 -0.0001020111 0.0000053291 -0.0000116566 0.0000272176 0.0035220705 0.0008984220 0.0000103556 0.0035931341 -0.0000155975 0.0025605611
1413394915.70571 -1.607950 1.474809 0.422625 -0.125950 -0.777995 -0.145666 0.598031 0.0003918296 0.0000308675 -0.0000979029 0.0000027017 -0.0000077047 0.0000247638 0.0034795867 0.0009127914 0.0000108079 0.0036808579 -0.0000159004 0.0025608117
1413394915.75571 -1.674068 1.434387 0.418825 -0.113705 -0.776560 -0.120593 0.607851 0.0003954102 0.0000199661 -0.0000940466 0.0000012744 -0.0000047395 0.0000226655 0.0034325875 0.0009194639 0.0000113253 0.0037673062 -0.0000161948 0.0025610794
1413394915.80571 -1.736413 1.390770 0.417587 -0.097401 -0.772790 -0.101300 0.618907 0.0003993707 0.0000147588 -0.0000869606 0.0000008086 -0.0000032035 0.0000192262 0.0033869019 0.0009239006 0.0000117138 0.0038572551 -0.0000164105 0.0025612768
1413394915.85571 -1.794938 1.344372 0.417740 -0.079844 -0.768008 -0.083325 0.629957 0.0004031941 0.0000113029 -0.0000788065 0.0000005777 -0.0000021990 0.0000156884 0.0033397555 0.0009215630 0.0000121214 0.0039438554 -0.0000165705 0.0025614939
1413394915.90571 -1.850027 1.297326 0.419353 -0.061548 -0.764111 -0.067787 0.638554 0.0004059431 0.0000103923 -0.0000719883 0.0000005201 -0.0000018327 0.0000130436 0.0032915762 0.0009135675 0.0000122867 0.0040269709 -0.0000167258 0.0025615507
1413394915.95571 -1.898759 1.248085 0.422206 -0.043524 -0.761560 -0.053970 0.644375 0.0004075847 0.0000109314 -0.0000674399 0.0000005454 -0.0000017982 0.0000114301 0.0032456183 0.0009013199 0.0000125207 0.0041067648 -0.0000168582 0.0025616607
1413394916.00571 -1.943077 1.197657 0.424233 -0.027759 -0.760288 -0.038850 0.647829 0.0004085084 0.0000096989 -0.0000650571 0.0000004833 -0.0000015339 0.0000106278 0.0031998514 0.0008821190 0.0000128690 0.0041780342 -0.0000169513 0.0025618592
1413394916.05571 -1.984110 1.146760 0.426453 -0.012480 -0.759641 -0.025790 0.649712 0.0004089965 0.0000096076 -0.0000637548 0.0000004775 -0.0000014878 0.0000101989 0.0031548484 0.0008581639 0.0000130402 0.0042426320 -0.0000170147 0.0025619786
1413394916.10571 -2.020491 1.096735 0.429927 -0.000185 -0.758017 -0.011789 0.652129 0.0004098231 0.0000074632 -0.0000616102 0.0000003853 -0.0000011127 0.0000095159 0.0031117525 0.0008308711 0.0000131810 0.0043030762 -0.0000170771 0.0025620406
1413394916.15570 -2.054736 1.045581 0.431673 0.012381 -0.760904 -0.000819 0.648746 0.0004087212 0.0000071940 -0.0000653038 0.0000003749 -0.0000011415 0.0000106824 0.0030719297 0.0008011167 0.0000133150 0.0043563130 -0.0000171625 0.0025621385
1413394916.20571 -2.090559 0.995819 0.429897 0.023865 -0.769128 0.009972 0.638572 0.0004051354 0.0000061956 -0.0000756039 0.0000003350 -0.0000011501 0.0000143513 0.0030323505 0.0007688028 0.0000131177 0.0044082039 -0.0000172163 0.0025621019
1413394916.25571 -2.115421 0.942747 0.430579 0.035309 -0.777171 0.019362 0.628000 0.0004007783 0.0000058998 -0.0000861799 0.0000003222 -0.0000012647 0.0000187695 0.0029964776 0.0007372747 0.0000131225 0.0044654831 -0.0000173941 0.0025621532
1413394916.30571 -2.140833 0.891036 0.431090 0.046816 -0.786843 0.029099 0.614686 0.0003948163 0.0000048466 -0.0000985078 0.0000002913 -0.0000012068 0.0000248150 0.0029605904 0.0006976308 0.0000132623 0.0045046716 -0.0000175316 0.0025622885
1413394916.35571 -2.164954 0.842625 0.431112 0.054805 -0.793866 0.043828 0.604030 0.0003899134 -0.0000012161 -0.0001074148 0.0000002242 0.0000003393 0.0000298239 0.0029272240 0.0006591991 0.0000131893 0.0045460915 -0.0000177675 0.0025623215
1413394916.40571 -2.185195 0.792424 0.431469 0.060366 -0.799555 0.062338 0.594291 0.0003851055 -0.0000110824 -0.0001146685 0.0000005367 0.0000033061 0.0000343779 0.0028994506 0.0006229924 0.0000134109 0.0045878681 -0.0000178833 0.0025625532
1413394916.45571 -2.204192 0.743010 0.429265 0.062588 -0.804079 0.085926 0.584942 0.0003800216 -0.0000257850 -0.0001199431 0.0000019667 0.0000081477 0.0000380932 0.0028730413 0.0005836114 0.0000137334 0.0046234675 -0.0000179320 0.0025628471
1413394916.50571 -2.221247 0.694608 0.425810 0.065426 -0.806840 0.109232 0.576885 0.0003750958 -0.0000398076 -0.0001230538 0.0000044428 0.0000130719 0.0000406069 0.0028494637 0.0005447945 0.0000141293 0.0046586936 -0.0000180045 0.0025631892
1413394916.55571 -2.236780 0.653524 0.419967 0.066530 -0.805499 0.135264 0.573105 0.0003721127 -0.0000557082 -0.0001209134 0.0000085533 0.0000181188 0.0000395237 0.0028272832 0.0005066334 0.0000144307 0.0046909288 -0.0000181157 0.0025634847
1413394916.60570 -2.256681 0.615382 0.410061 0.066512 -0.801389 0.164363 0.571260 0.0003691817 -0.0000735665 -0.0001152135 0.0000148693 0.0000229807 0.0000361841 0.0028108103 0.0004753335 0.0000146050 0.0047207627 -0.0000180939 0.0025635821
1413394916.65570 -2.273595 0.579434 0.398648 0.069806 -0.795950 0.191709 0.569946 0.0003664934 -0.0000882605 -0.0001084631 0.0000214617 0.0000261439 0.0000323200 0.0027959018 0.0004477617 0.0000145466 0.0047599643 -0.0000182008 0.0025637586
1413394916.70569 -2.292115 0.545381 0.382868 0.080769 -0.793691 0.211688 0.564552 0.0003636033 -0.0000954843 -0.0001065568 0.0000252812 0.0000280072 0.0000314438 0.0027842512 0.0004217793 0.0000147648 0.0047926520 -0.0000182282 0.0025640272
1413394916.75569 -2.309203 0.521866 0.366804 0.099248 -0.791676 0.223684 0.559790 0.0003640248 -0.0000947228 -0.0001067251 0.0000248504 0.0000277961 0.0000315001 0.0027738363 0.0003978943 0.0000149222 0.0048293442 -0.0000183300 0.0025642928
1413394916.85570 -2.351213 0.480807 0.327159 0.146123 -0.791393 0.236130 0.544599 0.0003642515 -0.0000837522 -0.0001154208 0.0000194565 0.0000265632 0.0000367778 0.0027625680 0.0003698802 0.0000151539 0.0049058392 -0.0000185647 0.0025646727
1413394916.95569 -2.400146 0.459503 0.273576 0.197812 -0.790977 0.239949 0.526926 0.0003624275 -0.0000665587 -0.0001284969 0.0000124189 0.0000236214 0.0000457626 0.0027562176 0.0003549977 0.0000154802 0.0049991079 -0.0000185878 0.0025652420
1413394917.05569 -2.457803 0.449338 0.217517 0.259096 -0.780876 0.230681 0.519508 0.0003643668 -0.0000354430 -0.0001383351 0.0000036357 0.0000134759 0.0000527227 0.0027538903 0.0003550098 0.0000159983 0.0051136161 -0.0000184520 0.0025660618
1413394917.15569 -2.516126 0.441616 0.164646 0.315084 -0.769351 0.230547 0.505637 0.0003584299 -0.0000138292 -0.0001484536 0.0000007208 0.0000057423 0.0000616880 0.0027527169 0.0003581279 0.0000165279 0.0052453681 -0.0000184962 0.0025668304
1413394917.25569 -2.588903 0.431392 0.111604 0.365724 -0.755879 0.229898 0.491976 0.0003499064 0.0000049129 -0.0001571597 0.0000002513 -0.0000022017 0.0000707845 0.0027496183 0.0003551144 0.0000166144 0.0053758903 -0.0000194565 0.0025673066
1413394917.35569 -2.662740 0.416178 0.062614 0.402105 -0.742856 0.236558 0.480122 0.0003435450 0.0000133764 -0.0001622241 0.0000007043 -0.0000063144 0.0000768032 0.0027458449 0.0003462145 0.0000175665 0.0055434139 -0.0000193823 0.0025685506
1413394917.45569 -2.736031 0.389335 0.016608 0.423932 -0.733389 0.245987 0.471076 0.0003405520 0.0000147805 -0.0001646475 0.0000008263 -0.0000071452 0.0000798030 0.0027416418 0.0003280547 0.0000188924 0.0057165557 -0.0000192958 0.0025700740
1413394917.55569 -2.816551 0.348505 -0.025518 0.440323 -0.718610 0.248615 0.477394 0.0003449149 0.0000241491 -0.0001600792 0.0000018731 -0.0000112078 0.0000744877 0.0027344680 0.0002918330 0.0000204677 0.0058924026 -0.0000192830 0.0025716687
1413394917.65569 -2.897135 0.288860 -0.062260 0.451272 -0.704293 0.247304 0.489045 0.0003503268 0.0000357814 -0.0001532501 0.0000038347 -0.0000156538 0.0000672262 0.0027261111 0.0002308405 0.0000222938 0.0060913961 -0.0000188499 0.0025736347
1413394917.75569 -2.971502 0.216130 -0.089533 0.455815 -0.695610 0.244086 0.498779 0.0003537380 0.0000445289 -0.0001478610 0.0000057862 -0.0000186134 0.0000619895 0.0027200320 0.0001451402 0.0000245341 0.0062805126 -0.0000181300 0.0025757939
1413394917.85569 -3.034479 0.133004 -0.100621 0.465205 -0.682467 0.232631 0.513523 0.0003545105 0.0000620532 -0.0001407403 0.0000110449 -0.0000246373 0.0000560560 0.0027186528 0.0000411976 0.0000270450 0.0064428059 -0.0000175321 0.0025778856
1413394917.95569 -3.080874 0.032004 -0.100054 0.478596 -0.671693 0.224500 0.519013 0.0003505940 0.0000750577 -0.0001384779 0.0000162512 -0.0000296471 0.0000548744 0.0027222914 -0.0000828774 0.0000279841 0.0065683771 -0.0000161339 0.0025782329
1413394918.05570 -3.105313 -0.075256 -0.103146 0.487028 -0.666747 0.231617 0.514399 0.0003501019 0.0000738990 -0.0001397261 0.0000157715 -0.0000294925 0.0000559427 0.0027325198 -0.0002301880 0.0000274087 0.0066464079 -0.0000153136 0.0025779403
1413394918.15570 -3.113599 -0.196729 -0.117757 0.484242 -0.671445 0.263085 0.495436 0.0003568569 0.0000491098 -0.0001437853 0.0000069239 -0.0000197812 0.0000581116 0.0027564299 -0.0003832495 0.0000282123 0.0066662805 -0.0000149528 0.0025780384
1413394918.25570 -3.094841 -0.314225 -0.116425 0.481753 -0.673776 0.298842 0.473955 0.0003617336 0.0000211506 -0.0001455472 0.0000013912 -0.0000084994 0.0000587382 0.0027898968 -0.0005504692 0.0000261050 0.0066570764 -0.0000158423 0.0025758616
1413394918.35570 -3.084853 -0.442624 -0.128201 0.477278 -0.682462 0.334512 0.441082 0.0003579082 -0.0000137138 -0.0001503941 0.0000006797 0.0000057786 0.0000633751 0.0028385053 -0.0007012745 0.0000258142 0.0065923779 -0.0000158849 0.0025755585
1413394918.45570 -3.073005 -0.564501 -0.133223 0.475630 -0.683665 0.365153 0.415983 0.0003538532 -0.0000398909 -0.0001497448 0.0000046497 0.0000169000 0.0000635498 0.0029035749 -0.0008687419 0.0000246913 0.0065750734 -0.0000171009 0.0025745918
1413394918.55570 -3.078193 -0.694708 -0.138896 0.485131 -0.672844 0.384194 0.405368 0.0003556820 -0.0000478027 -0.0001457395 0.0000065778 0.0000196057 0.0000598957 0.0029786574 -0.0010245642 0.0000248128 0.0065699853 -0.0000170430 0.0025749474
1413394918.65569 -3.095260 -0.820651 -0.139818 0.506904 -0.653945 0.389970 0.404138 0.0003601103 -0.0000390043 -0.0001439464 0.0000043763 0.0000156071 0.0000577185 0.0030732715 -0.0011977545 0.0000250963 0.0066125165 -0.0000176859 0.0025750270
1413394918.75569 -3.121533 -0.954883 -0.141188 0.534131 -0.628873 0.388690 0.410052 0.0003657883 -0.0000198932 -0.0001419722 0.0000012332 0.0000077332 0.0000552818 0.0031766981 -0.0013689311 0.0000254007 0.0066799375 -0.0000175533 0.0025756949
1413394918.85569 -3.152690 -1.090204 -0.139314 0.556617 -0.600001 0.388330 0.423528 0.0003734582 0.0000022767 -0.0001347373 0.0000001668 -0.0000008132 0.0000487869 0.0033024271 -0.0015562929 0.0000260355 0.0067618297 -0.0000171217 0.0025766164
1413394918.95570 -3.181751 -1.224099 -0.127782 0.569353 -0.569946 0.397081 0.439688 0.0003837807 0.0000194783 -0.0001198314 0.0000011442 -0.0000060759 0.0000375879 0.0034436375 -0.0017471671 0.0000266490 0.0068428698 -0.0000165348 0.0025777215
1413394919.05570 -3.205401 -1.352558 -0.102034 0.573150 -0.550188 0.418586 0.439975 0.0003924863 0.0000178998 -0.0001067181 0.0000009753 -0.0000048604 0.0000291869 0.0035924251 -0.0019284084 0.0000272088 0.0069068855 -0.0000154132 0.0025792244
1413394919.15569 -3.221172 -1.472204 -0.063166 0.576905 -0.533067 0.442967 0.432204 0.0003990623 0.0000109059 -0.0000959124 0.0000004593 -0.0000026148 0.0000232196 0.0037396548 -0.0020933134 0.0000278007 0.0069540415 -0.0000164267 0.0025789466
1413394919.25569 -3.232294 -1.568973 -0.004063 0.584383 -0.512506 0.466131 0.422559 0.0004041111 0.0000067808 -0.0000860241 0.0000002777 -0.0000014369 0.0000184773 0.0038816079 -0.0022402269 0.0000281650 0.0069887200 -0.0000158343 0.0025803367
1413394919.35570 -3.240633 -1.653412 0.062401 0.597682 -0.483410 0.482398 0.419980 0.0004081851 0.0000148825 -0.0000754494 0.0000007103 -0.0000027456 0.0000141100 0.0039958053 -0.0023522496 0.0000283540 0.0070185866 -0.0000153943 0.0025818623
1413394919.45570 -3.245575 -1.715236 0.134547 0.617467 -0.449486 0.487276 0.423390 0.0004080232 0.0000353153 -0.0000691790 0.0000032279 -0.0000059842 0.0000118931 0.0040948069 -0.0024444478 0.0000283504 0.0070406213 -0.0000152300 0.0025835905
1413394919.55570 -3.244837 -1.774730 0.200960 0.647886 -0.426551 0.477507 0.412657 0.0003986481 0.0000522797 -0.0000833657 0.0000070276 -0.0000109349 0.0000175987 0.0041588160 -0.0024991491 0.0000280014 0.0070309679 -0.0000193756 0.0025833063
1413394919.65569 -3.236205 -1.807604 0.257772 0.676710 -0.420479 0.470993 0.378717 0.0003866391 0.0000471826 -0.0001089001 0.0000059274 -0.0000132928 0.0000308449 0.0042260325 -0.0025502057 0.0000272514 0.0070054868 -0.0000223882 0.0025832805
1413394919.75569 -3.217616 -1.827361 0.305936 0.697950 -0.421335 0.473208 0.333792 0.0003754324 0.0000268296 -0.0001312104 0.0000020866 -0.0000093785 0.0000460386 0.0042623064 -0.0025668044 0.0000267583 0.0069642051 -0.0000234413 0.0025850804
1413394919.85569 -3.192355 -1.843673 0.345545 0.715545 -0.421780 0.476842 0.287608 0.0003622833 0.0000037350 -0.0001486821 0.0000002090 -0.0000015312 0.0000612110 0.0042898219 -0.0025685672 0.0000263436 0.0069013783 -0.0000243696 0.0025871836
1413394919.95569 -3.162834 -1.860335 0.375368 0.733865 -0.408266 0.480544 0.252662 0.0003519801 -0.0000082121 -0.0001584242 0.0000003629 0.0000037001 0.0000715029 0.0043213473 -0.0025700044 0.0000263997 0.0068226453 -0.0000245488 0.0025888443
1413394920.05569 -3.127355 -1.882200 0.394894 0.753131 -0.383349 0.485566 0.223749 0.0003454288 -0.0000134250 -0.0001637915 0.0000006950 0.0000063705 0.0000778677 0.0043589860 -0.0025725209 0.0000264903 0.0067402045 -0.0000246315 0.0025912015
1413394920.15569 -3.091777 -1.917589 0.406908 0.771725 -0.353702 0.490381 0.197136 0.0003405466 -0.0000160822 -0.0001675607 0.0000009334 0.0000079191 0.0000826513 0.0044063067 -0.0025792855 0.0000279968 0.0066379907 -0.0000216042 0.0025926904
1413394920.25569 -3.047520 -1.960286 0.404923 0.789980 -0.318766 0.493026 0.176766 0.0003371151 -0.0000131892 -0.0001705256 0.0000006911 0.0000066774 0.0000864692 0.0044828694 -0.0026036917 0.0000283959 0.0065391441 -0.0000212161 0.0025960865
1413394920.35569 -2.995831 -2.006388 0.396277 0.801694 -0.276759 0.501764 0.170070 0.0003425159 -0.0000018935 -0.0001670817 0.0000001856 0.0000009276 0.0000817135 0.0045737386 -0.0026275027 0.0000290603 0.0064109871 -0.0000199959 0.0025999710
1413394920.45569 -2.940823 -2.075916 0.380638 0.807656 -0.236942 0.512875 0.168847 0.0003502285 0.0000115548 -0.0001604761 0.0000005543 -0.0000052909 0.0000737359 0.0046657190 -0.0026415285 0.0000279867 0.0062500263 -0.0000228883 0.0026007720
1413394920.55569 -2.878117 -2.131476 0.368497 0.810726 -0.199205 0.522671 0.172786 0.0003563443 0.0000280946 -0.0001530296 0.0000023887 -0.0000120639 0.0000659145 0.0047979609 -0.0026724967 0.0000278216 0.0060931698 -0.0000205143 0.0026016220
1413394920.65569 -2.802978 -2.186643 0.361334 0.813245 -0.168612 0.526277 0.182306 0.0003573267 0.0000464104 -0.0001476697 0.0000062021 -0.0000191813 0.0000612203 0.0048972957 -0.0026688950 0.0000278289 0.0059256502 -0.0000202776 0.0026014024
1413394920.75569 -2.717569 -2.231710 0.353580 0.816182 -0.150608 0.525114 0.188201 0.0003546091 0.0000578130 -0.0001463726 0.0000095993 -0.0000238650 0.0000606109 0.0049882577 -0.0026431597 0.0000262269 0.0057283112 -0.0000191400 0.0025968977
1413394920.85569 -2.623165 -2.260553 0.348474 0.819300 -0.150910 0.523148 0.179695 0.0003528614 0.0000528261 -0.0001500474 0.0000080818 -0.0000224627 0.0000639992 0.0050559989 -0.0025898418 0.0000254630 0.0055197739 -0.0000178173 0.0025980112
1413394920.95569 -2.518876 -2.278474 0.339526 0.819934 -0.156821 0.522957 0.172137 0.0003530291 0.0000457464 -0.0001522948 0.0000060997 -0.0000197324 0.0000658960 0.0050948704 -0.0025078292 0.0000250461 0.0052971788 -0.0000165173 0.0025995269
1413394921.05569 -2.393761 -2.296917 0.324701 0.819375 -0.172654 0.523043 0.158875 0.0003534279 0.0000307854 -0.0001556243 0.0000028458 -0.0000135516 0.0000687234 0.0051120600 -0.0024006176 0.0000239617 0.0050572805 -0.0000140760 0.0025979291
1413394921.15569 -2.269740 -2.300735 0.300001 0.810028 -0.192178 0.534937 0.144096 0.0003611355 0.0000108649 -0.0001510410 0.0000004873 -0.0000045377 0.0000633668 0.0051369166 -0.0022780947 0.0000256773 0.0047951731 -0.0000133713 0.0025957698
1413394921.25569 -2.137318 -2.305767 0.267029 0.799871 -0.214578 0.545830 0.127407 0.0003657858 -0.0000120490 -0.0001462907 0.0000005582 0.0000048286 0.0000587021 0.0051447251 -0.0021519523 0.0000260934 0.0045581257 -0.0000122446 0.0025948280
1413394921.35569 -2.003821 -2.314380 0.219050 0.791584 -0.250808 0.549295 0.093621 0.0003570261 -0.0000496117 -0.0001473896 0.0000070592 0.0000204971 0.0000610465 0.0051648336 -0.0020252658 0.0000259477 0.0043269279 -0.0000111017 0.0025944206
1413394921.45569 -1.873094 -2.333463 0.166166 0.784099 -0.283371 0.548402 0.064378 0.0003414196 -0.0000799272 -0.0001484102 0.0000188799 0.0000347652 0.0000647174 0.0052070358 -0.0019067489 0.0000249643 0.0041114247 -0.0000095575 0.0025945753
1413394921.55569 -1.750781 -2.371149 0.103185 0.786879 -0.291069 0.539831 0.068425 0.0003360862 -0.0000779713 -0.0001538672 0.0000182569 0.0000357189 0.0000706534 0.0052841882 -0.0018040257 0.0000251559 0.0039193179 -0.0000087567 0.0025945394
1413394921.65569 -1.640771 -2.426422 0.044109 0.790370 -0.270540 0.538340 0.110967 0.0003526210 -0.0000447589 -0.0001529763 0.0000058442 0.0000194305 0.0000665740 0.0054124262 -0.0017224324 0.0000240803 0.0037528782 -0.0000073009 0.0025953403
1413394921.75569 -1.529659 -2.493908 -0.012711 0.789650 -0.243626 0.541086 0.155963 0.0003679274 -0.0000067780 -0.0001443994 0.0000002870 0.0000026648 0.0000568766 0.0055585638 -0.0016498460 0.0000228392 0.0036106008 -0.0000059375 0.0025960896
1413394921.85569 -1.422914 -2.559078 -0.063899 0.782826 -0.221277 0.553227 0.179330 0.0003798560 0.0000145375 -0.0001297980 0.0000007209 -0.0000049663 0.0000445508 0.0057074056 -0.0015648913 0.0000221095 0.0034719722 -0.0000048706 0.0025967167
1413394921.95569 -1.308345 -2.619936 -0.109577 0.767715 -0.206968 0.582190 0.169806 0.0003950915 0.0000081739 -0.0001081830 0.0000003374 -0.0000022362 0.0000298150 0.0058410282 -0.0014750334 0.0000209952 0.0033499077 -0.0000037201 0.0025974093
1413394922.05569 -1.201160 -2.673398 -0.142680 0.758683 -0.194382 0.605322 0.142128 0.0004030462 -0.0000080385 -0.0000936845 0.0000003318 0.0000018718 0.0000219660 0.0059572759 -0.0013750323 0.0000210856 0.0032372258 -0.0000029686 0.0025977884
1413394922.15569 -1.090790 -2.724145 -0.159262 0.762129 -0.170169 0.613184 0.119194 0.0004043203 -0.0000112043 -0.0000908692 0.0000004861 0.0000025226 0.0000206144 0.0060737828 -0.0012879798 0.0000193010 0.0031482106 -0.0000017439 0.0025988771
1413394922.25569 -1.001380 -2.770096 -0.163247 0.781608 -0.140047 0.599102 0.102724 0.0003962709 -0.0000028917 -0.0001069539 0.0000002010 0.0000007843 0.0000290662 0.0061893043 -0.0011952405 0.0000177641 0.0030662538 -0.0000005879 0.0026001635
1413394922.35569 -0.919447 -2.813110 -0.150288 0.803114 -0.104352 0.577781 0.101425 0.0003833000 0.0000171268 -0.0001256895 0.0000009498 -0.0000056151 0.0000414247 0.0063022873 -0.0011171643 0.0000160437 0.0030037589 0.0000005637 0.0026017516
1413394922.45569 -0.840846 -2.851390 -0.116809 0.814693 -0.075952 0.565675 0.102560 0.0003738466 0.0000324409 -0.0001349885 0.0000030050 -0.0000117158 0.0000489598 0.0064029741 -0.0010339466 0.0000139570 0.0029468563 0.0000016897 0.0026035519
1413394922.55569 -0.760832 -2.879758 -0.062262 0.819641 -0.066045 0.562085 0.088808 0.0003706755 0.0000284014 -0.0001397590 0.0000023704 -0.0000107101 0.0000529198 0.0064863587 -0.0009448508 0.0000113939 0.0028956092 0.0000030911 0.0026058539
1413394922.65569 -0.672318 -2.904859 -0.003308 0.820704 -0.070666 0.563296 0.064410 0.0003712835 0.0000104554 -0.0001417433 0.0000004917 -0.0000039896 0.0000543438 0.0065500937 -0.0008497089 0.0000092981 0.0028494072 0.0000039943 0.0026080483
1413394922.75569 -0.575516 -2.927058 0.052576 0.824657 -0.074975 0.558618 0.047608 0.0003672540 -0.0000020236 -0.0001466330 0.0000002118 0.0000008128 0.0000587823 0.0066108826 -0.0007406258 0.0000098608 0.0028025565 0.0000039945 0.0026095985
1413394922.85569 -0.480022 -2.947479 0.109800 0.830724 -0.077250 0.549898 0.039272 0.0003604378 -0.0000076898 -0.0001534430 0.0000003688 0.0000032798 0.0000655660 0.0066752877 -0.0006195497 0.0000103833 0.0027606684 0.0000048831 0.0026113155
1413394922.95569 -0.386771 -2.970584 0.169103 0.834723 -0.077347 0.543898 0.037817 0.0003559632 -0.0000080832 -0.0001577325 0.0000003913 0.0000035886 0.0000701442 0.0067347887 -0.0004918545 0.0000124376 0.0027245258 0.0000037743 0.0026127495
1413394923.05569 -0.283137 -2.995838 0.220825 0.839120 -0.077929 0.537042 0.037288 0.0003508617 -0.0000080892 -0.0001623554 0.0000003983 0.0000037497 0.0000753858 0.0068050088 -0.0003674961 0.0000140056 0.0026999508 0.0000037368 0.0026146002
1413394923.15569 -0.169595 -3.021343 0.259635 0.839737 -0.076005 0.535955 0.042627 0.0003505933 -0.0000037842 -0.0001628855 0.0000002555 0.0000017635 0.0000759395 0.0068715427 -0.0002223892 0.0000206705 0.0026799948 0.0000022451 0.0026145152
1413394923.25568 -0.051093 -3.041384 0.297380 0.831426 -0.064104 0.548385 0.062405 0.0003609942 0.0000131111 -0.0001531330 0.0000006933 -0.0000055604 0.0000652160 0.0069375570 -0.0000588372 0.0000242857 0.0026674752 0.0000023091 0.0026142593
1413394923.35568 0.068605 -3.062932 0.341149 0.825246 -0.059846 0.557202 0.070094 0.0003675451 0.0000194655 -0.0001459833 0.0000012522 -0.0000077312 0.0000582399 0.0069820394 0.0001064810 0.0000261818 0.0026703833 0.0000020926 0.0026162680
1413394923.45568 0.186550 -3.073906 0.381583 0.829718 -0.061425 0.551861 0.056970 0.0003634999 0.0000105946 -0.0001511839 0.0000005321 -0.0000044042 0.0000631458 0.0070210816 0.0002745110 0.0000311793 0.0026846689 -0.0000003512 0.0026164366
1413394923.55568 0.313874 -3.084125 0.422995 0.837539 -0.054599 0.542122 0.040636 0.0003556194 0.0000035673 -0.0001590609 0.0000002627 -0.0000015914 0.0000714213 0.0070392436 0.0004391043 0.0000330714 0.0027125381 -0.0000003884 0.0026175240
1413394923.65568 0.450742 -3.091491 0.459031 0.838750 -0.033894 0.542639 0.029866 0.0003555726 0.0000052726 -0.0001592023 0.0000003090 -0.0000023569 0.0000715623 0.0070652530 0.0006214926 0.0000355948 0.0027590317 -0.0000008538 0.0026190472
1413394923.75568 0.598685 -3.094918 0.490842 0.833785 -0.002746 0.551531 0.024686 0.0003615891 0.0000150369 -0.0001531318 0.0000008605 -0.0000063667 0.0000651320 0.0070841422 0.0008156580 0.0000381568 0.0028253588 -0.0000009514 0.0026208388
1413394923.85568 0.730276 -3.087109 0.505082 0.827714 0.027714 0.560291 0.013951 0.0003670457 0.0000215165 -0.0001469340 0.0000014999 -0.0000086135 0.0000590996 0.0070760668 0.0010212432 0.0000383144 0.0029135203 0.0000003438 0.0026207930
1413394923.95568 0.882832 -3.077928 0.513279 -0.821588 -0.056837 -0.567239 0.001336 0.0003715286 0.0000248921 -0.0001417167 0.0000019100 -0.0000094956 0.0000543369 0.0070402262 0.0011932838 0.0000393433 0.0030065043 0.0000006867 0.0026217615
1413394924.05568 1.030123 -3.060869 0.509140 -0.816021 -0.084497 -0.571453 0.020295 0.0003746692 0.0000254755 -0.0001382016 0.0000019784 -0.0000093977 0.0000512591 0.0070009955 0.0013894970 0.0000406029 0.0031318915 0.0000009981 0.0026232878
1413394924.15568 1.174893 -3.033738 0.499664 -0.811416 -0.107281 -0.572540 0.047888 0.0003774654 0.0000181933 -0.0001362333 0.0000011259 -0.0000065651 0.0000494520 0.0069393238 0.0015715657 0.0000410788 0.0032697397 0.0000019858 0.0026239857
1413394924.25568 1.318482 -3.003152 0.495581 -0.809003 -0.126308 -0.567987 0.083376 0.0003781108 0.0000035576 -0.0001368015 0.0000002849 -0.0000012826 0.0000497808 0.0068545167 0.0017410574 0.0000413897 0.0034217108 0.0000029463 0.0026247128
1413394924.35568 1.462529 -2.971826 0.497038 -0.806918 -0.145503 -0.559833 0.119577 0.0003767926 -0.0000119335 -0.0001380725 0.0000006319 0.0000043811 0.0000508838 0.0067719009 0.0019059890 0.0000415556 0.0035892762 0.0000045258 0.0026247789
1413394924.45568 1.605816 -2.941670 0.501073 -0.799662 -0.172855 -0.557020 0.142792 0.0003784651 -0.0000142340 -0.0001360255 0.0000007908 0.0000051249 0.0000491775 0.0066989995 0.0020727149 0.0000418858 0.0037776563 0.0000059843 0.0026248229
1413394924.55568 1.748875 -2.910387 0.504958 -0.790842 -0.201634 -0.554668 0.162037 0.0003805399 -0.0000129938 -0.0001338001 0.0000007003 0.0000045775 0.0000473322 0.0066307427 0.0022359791 0.0000422618 0.0039819920 0.0000074764 0.0026253168
1413394924.65568 1.886223 -2.881638 0.510755 -0.781179 -0.237690 -0.550439 0.174012 0.0003806780 -0.0000038901 -0.0001343929 0.0000002970 0.0000013805 0.0000477333 0.0065587040 0.0023929375 0.0000431530 0.0042031745 0.0000087001 0.0026260154
1413394924.75568 2.019880 -2.851890 0.518270 -0.767365 -0.274016 -0.549307 0.185281 0.0003822748 0.0000069506 -0.0001324532 0.0000003849 -0.0000024028 0.0000461784 0.0064918384 0.0025406335 0.0000427101 0.0044295875 0.0000103621 0.0026260386
1413394924.85568 2.148700 -2.821118 0.530505 -0.746264 -0.309729 -0.556724 0.192917 0.0003871017 0.0000233964 -0.0001243232 0.0000016758 -0.0000075119 0.0000402095 0.0064215120 0.0026750502 0.0000434990 0.0046621935 0.0000112521 0.0026275328
1413394924.90568 2.211247 -2.804685 0.537746 -0.734679 -0.325888 -0.561587 0.196631 0.0003895224 0.0000317123 -0.0001190981 0.0000028427 -0.0000096945 0.0000366927 0.0063848531 0.0027347587 0.0000437036 0.0047748724 0.0000114837 0.0026279545
1413394924.95568 2.266968 -2.787149 0.545274 -0.723745 -0.341419 -0.566521 0.196673 0.0003903561 0.0000419407 -0.0001147404 0.0000047668 -0.0000123270 0.0000340009 0.0063472197 0.0027932326 0.0000438568 0.0048904629 0.0000116596 0.0026285072
1413394925.00568 2.318351 -2.770070 0.552674 -0.713552 -0.353547 -0.571580 0.197848 0.0003914463 0.0000500975 -0.0001098037 0.0000066719 -0.0000140521 0.0000310721 0.0063032001 0.0028403101 0.0000433168 0.0049942346 0.0000118101 0.0026290044
1413394925.05568 2.371121 -2.752394 0.561283 -0.704410 -0.365882 -0.576263 0.194570 0.0003903979 0.0000605470 -0.0001063001 0.0000096520 -0.0000164867 0.0000292143 0.0062649413 0.0028808779 0.0000434875 0.0050894722 0.0000118964 0.0026298267
1413394925.10568 2.418762 -2.733773 0.568624 -0.702516 -0.375605 -0.572504 0.193988 0.0003870964 0.0000643241 -0.0001095742 0.0000109507 -0.0000182094 0.0000312883 0.0062247459 0.0029211135 0.0000435605 0.0051886855 0.0000119490 0.0026306994
1413394925.15568 2.458780 -2.713825 0.578929 -0.701424 -0.385416 -0.567033 0.194762 0.0003834419 0.0000665860 -0.0001139305 0.0000118231 -0.0000197867 0.0000341244 0.0061792082 0.0029521548 0.0000437668 0.0052788419 0.0000120590 0.0026312585
1413394925.20568 2.495100 -2.691644 0.589114 -0.700036 -0.396683 -0.561634 0.192767 0.0003783977 0.0000708857 -0.0001186977 0.0000135382 -0.0000222396 0.0000375078 0.0061306238 0.0029719044 0.0000437947 0.0053536068 0.0000120983 0.0026318891
1413394925.25568 2.525273 -2.667168 0.599257 -0.699237 -0.406766 -0.555637 0.192032 0.0003736365 0.0000735345 -0.0001235593 0.0000147300 -0.0000243226 0.0000411355 0.0060762605 0.0029843307 0.0000437033 0.0054221498 0.0000120572 0.0026327058
1413394925.30568 2.551552 -2.639377 0.607688 -0.697341 -0.415947 -0.551600 0.190893 0.0003695789 0.0000767372 -0.0001268093 0.0000161910 -0.0000263353 0.0000437800 0.0060163569 0.0029865652 0.0000435432 0.0054784438 0.0000124527 0.0026332824
1413394925.35568 2.570545 -2.609035 0.614781 -0.694673 -0.423618 -0.549467 0.189905 0.0003665840 0.0000800009 -0.0001284953 0.0000177158 -0.0000280475 0.0000453070 0.0059475087 0.0029802942 0.0000430772 0.0055273986 0.0000126663 0.0026339095
1413394925.40568 2.584756 -2.576644 0.619417 -0.694169 -0.426789 -0.546633 0.192803 0.0003659752 0.0000788392 -0.0001299870 0.0000172376 -0.0000280062 0.0000464285 0.0058721884 0.0029622269 0.0000424184 0.0055599006 0.0000137394 0.0026334263
1413394925.45568 2.589594 -2.542629 0.622094 -0.694685 -0.427103 -0.543454 0.199130 0.0003673113 0.0000744886 -0.0001310543 0.0000153557 -0.0000265800 0.0000470176 0.0057903371 0.0029356744 0.0000416856 0.0055823135 0.0000142381 0.0026333587
1413394925.50568 2.580839 -2.508957 0.622904 -0.696437 -0.425685 -0.539905 0.205598 0.0003688028 0.0000689698 -0.0001323640 0.0000131426 -0.0000247551 0.0000477620 0.0057019300 0.0028963600 0.0000406437 0.0055840294 0.0000149025 0.0026327887
1413394925.55568 2.576923 -2.469727 0.623168 -0.697221 -0.424477 -0.537216 0.212371 0.0003707155 0.0000638128 -0.0001326988 0.0000112255 -0.0000228437 0.0000477553 0.0056156029 0.0028424215 0.0000389811 0.0055553347 0.0000148550 0.0026325627
1413394925.60568 2.562459 -2.432200 0.621295 -0.697861 -0.424011 -0.534483 0.218017 0.0003718240 0.0000595320 -0.0001333294 0.0000097695 -0.0000213493 0.0000480631 0.0055177600 0.0027880688 0.0000373885 0.0055374584 0.0000148063 0.0026323405
1413394925.65568 2.556543 -2.389366 0.614783 -0.699317 -0.422245 -0.531138 0.224846 0.0003734045 0.0000536598 -0.0001339541 0.0000079483 -0.0000192514 0.0000483081 0.0054324673 0.0027262467 0.0000362435 0.0054967608 0.0000146784 0.0026326163
1413394925.70568 2.557139 -2.342227 0.608570 -0.703264 -0.416387 -0.525211 0.237054 0.0003761034 0.0000417278 -0.0001348736 0.0000048652 -0.0000149636 0.0000486213 0.0053373509 0.0026682429 0.0000352668 0.0054768577 0.0000146959 0.0026326134
1413394925.75568 2.552564 -2.295168 0.601496 -0.707917 -0.409244 -0.518966 0.249090 0.0003781105 0.0000290239 -0.0001357855 0.0000024631 -0.0000104201 0.0000490190 0.0052374647 0.0026142403 0.0000345783 0.0054735703 0.0000147371 0.0026330274
1413394925.80568 2.548131 -2.246473 0.595739 -0.712000 -0.402584 -0.513468 0.259483 0.0003792840 0.0000176949 -0.0001363010 0.0000010606 -0.0000063539 0.0000492394 0.0051397216 0.0025559599 0.0000338574 0.0054605286 0.0000147682 0.0026333231
1413394925.85568 2.542010 -2.196846 0.589430 -0.715551 -0.397254 -0.508966 0.266700 0.0003794474 0.0000091451 -0.0001369462 0.0000004557 -0.0000032941 0.0000496846 0.0050416513 0.0024975677 0.0000329694 0.0054496632 0.0000146606 0.0026336558
1413394925.90568 2.532909 -2.147785 0.582927 -0.717871 -0.394321 -0.504889 0.272506 0.0003790402 0.0000027989 -0.0001376893 0.0000002559 -0.0000010097 0.0000502764 0.0049417413 0.0024354932 0.0000316632 0.0054345987 0.0000141957 0.0026339402
1413394925.95568 2.525298 -2.097607 0.577949 -0.718554 -0.393462 -0.502378 0.276556 0.0003788859 -0.0000008573 -0.0001379064 0.0000002382 0.0000003198 0.0000504567 0.0048481350 0.0023740890 0.0000310286 0.0054154942 0.0000141531 0.0026343411
1413394926.00568 2.513806 -2.050125 0.574308 -0.718119 -0.395857 -0.500582 0.277524 0.0003781575 -0.0000009109 -0.0001388265 0.0000002396 0.0000003422 0.0000512291 0.0047541995 0.0023132458 0.0000303508 0.0054002226 0.0000141050 0.0026347914
1413394926.05568 2.505729 -1.999293 0.570295 -0.715617 -0.401707 -0.500587 0.275565 0.0003775422 0.0000031152 -0.0001395666 0.0000002641 -0.0000011449 0.0000518601 0.0046671779 0.0022521170 0.0000294874 0.0053767237 0.0000138583 0.0026353358
1413394926.10568 2.497459 -1.948387 0.566002 -0.713294 -0.408466 -0.500652 0.271504 0.0003761064 0.0000086891 -0.0001410460 0.0000004404 -0.0000032530 0.0000531635 0.0045768578 0.0021911944 0.0000285664 0.0053606274 0.0000135988 0.0026359139
1413394926.15568 2.486452 -1.898464 0.562892 -0.710607 -0.414296 -0.501815 0.267541 0.0003752085 0.0000142509 -0.0001416533 0.0000007817 -0.0000053763 0.0000537500 0.0044882195 0.0021298380 0.0000276034 0.0053435291 0.0000132951 0.0026365564
1413394926.20568 2.474955 -1.846468 0.559058 -0.708055 -0.420895 -0.502779 0.262143 0.0003735065 0.0000207824 -0.0001428046 0.0000013983 -0.0000079436 0.0000548734 0.0044028802 0.0020672844 0.0000265962 0.0053208074 0.0000129289 0.0026372079
1413394926.25568 2.462609 -1.793479 0.555672 -0.706712 -0.424887 -0.502404 0.260038 0.0003722671 0.0000237086 -0.0001437643 0.0000017531 -0.0000091545 0.0000557964 0.0043152168 0.0020015474 0.0000255399 0.0052964263 0.0000124904 0.0026379097
1413394926.30568 2.449276 -1.739670 0.552317 -0.708241 -0.425540 -0.498862 0.261625 0.0003708627 0.0000215138 -0.0001456705 0.0000014913 -0.0000084488 0.0000574973 0.0042288437 0.0019347864 0.0000245700 0.0052701270 0.0000121855 0.0026386010
1413394926.35568 2.435475 -1.683908 0.548907 -0.711033 -0.425737 -0.493491 0.263909 0.0003686619 0.0000178270 -0.0001485328 0.0000011063 -0.0000071803 0.0000601274 0.0041435352 0.0018671432 0.0000236392 0.0052428104 0.0000118985 0.0026393489
1413394926.40568 2.421512 -1.626203 0.545767 -0.713690 -0.425508 -0.488813 0.265803 0.0003666732 0.0000144762 -0.0001509781 0.0000008170 -0.0000059577 0.0000624534 0.0040579409 0.0017981320 0.0000226638 0.0052158826 0.0000115312 0.0026401598
1413394926.45568 2.407191 -1.566968 0.543059 -0.715878 -0.425871 -0.483687 0.268700 0.0003646978 0.0000107519 -0.0001533002 0.0000005636 -0.0000045158 0.0000647317 0.0039716463 0.0017271948 0.0000216956 0.0051891633 0.0000111795 0.0026409871
1413394926.50568 2.393404 -1.505557 0.538513 -0.715999 -0.427189 -0.479662 0.273457 0.0003640182 0.0000071879 -0.0001541701 0.0000003858 -0.0000030395 0.0000655883 0.0038840459 0.0016526797 0.0000214132 0.0051592576 0.0000115159 0.0026407500
1413394926.55568 2.377714 -1.444306 0.536469 -0.713892 -0.429458 -0.476493 0.280853 0.0003648998 0.0000032642 -0.0001535267 0.0000002742 -0.0000013674 0.0000648897 0.0037988963 0.0015794820 0.0000205544 0.0051341502 0.0000112697 0.0026414993
1413394926.60568 2.362722 -1.379703 0.534401 -0.711059 -0.433023 -0.471104 0.291456 0.0003656332 -0.0000025817 -0.0001529070 0.0000002652 0.0000010876 0.0000642425 0.0037176390 0.0015062914 0.0000197105 0.0051060342 0.0000109483 0.0026422415
1413394926.65568 2.344305 -1.320297 0.535607 -0.706661 -0.436650 -0.465644 0.305194 0.0003673740 -0.0000097672 -0.0001508833 0.0000005023 0.0000040216 0.0000622644 0.0036345439 0.0014283898 0.0000194487 0.0050743157 0.0000112697 0.0026419013
1413394926.70568 2.331201 -1.252145 0.533943 -0.702415 -0.439681 -0.456581 0.323770 0.0003686344 -0.0000211798 -0.0001483948 0.0000014582 0.0000085396 0.0000600317 0.0035626757 0.0013560943 0.0000187641 0.0050375662 0.0000110360 0.0026425202
1413394926.75568 2.317897 -1.185734 0.533131 -0.697514 -0.443982 -0.446278 0.342330 0.0003689680 -0.0000323097 -0.0001460807 0.0000030727 0.0000128093 0.0000581310 0.0034852889 0.0012811190 0.0000181162 0.0050166089 0.0000109874 0.0026431464
1413394926.80568 2.306169 -1.119105 0.532670 -0.692690 -0.448558 -0.433915 0.361517 0.0003681487 -0.0000443115 -0.0001438490 0.0000055804 0.0000173355 0.0000565026 0.0034141338 0.0012091426 0.0000174332 0.0049970504 0.0000108515 0.0026439329
1413394926.85568 2.295871 -1.055443 0.532296 -0.687860 -0.451990 -0.420211 0.382069 0.0003666484 -0.0000577329 -0.0001406975 0.0000093415 0.0000221806 0.0000542860 0.0033464860 0.0011384977 0.0000167848 0.0049818764 0.0000107050 0.0026446833
1413394926.90568 2.289873 -0.990248 0.531688 -0.681343 -0.458323 -0.408733 0.398307 0.0003655712 -0.0000665196 -0.0001380090 0.0000123582 0.0000251418 0.0000523949 0.0032863861 0.0010733845 0.0000162217 0.0049717647 0.0000106890 0.0026454783
1413394926.95568 2.287510 -0.926682 0.529516 -0.675522 -0.464903 -0.397183 0.412044 0.0003637678 -0.0000739529 -0.0001362341 0.0000152922 0.0000277289 0.0000513146 0.0032278291 0.0010087491 0.0000156706 0.0049717813 0.0000107017 0.0026462672
1413394927.00568 2.289340 -0.865216 0.525705 -0.669206 -0.472212 -0.388879 0.421844 0.0003631171 -0.0000777988 -0.0001348385 0.0000169279 0.0000289255 0.0000503620 0.0031743367 0.0009475412 0.0000152040 0.0049791978 0.0000107028 0.0026469714
1413394927.05568 2.295598 -0.810710 0.517791 -0.659944 -0.482642 -0.388674 0.424808 0.0003664678 -0.0000734125 -0.0001336166 0.0000149651 0.0000268015 0.0000490041 0.0031248487 0.0008877044 0.0000149748 0.0049882496 0.0000104227 0.0026469046
1413394927.10568 2.304441 -0.758155 0.512905 -0.647243 -0.497335 -0.396746 0.419913 0.0003730142 -0.0000594196 -0.0001330646 0.0000097213 0.0000212274 0.0000477516 0.0030841469 0.0008372601 0.0000149117 0.0050083823 0.0000101657 0.0026465666
1413394927.15568 2.318386 -0.703451 0.502644 -0.636273 -0.511704 -0.403479 0.412942 0.0003769200 -0.0000450994 -0.0001340788 0.0000056511 0.0000160697 0.0000479777 0.0030479807 0.0007895249 0.0000145723 0.0050305939 0.0000094855 0.0026469778
1413394927.25568 2.355309 -0.588232 0.483567 -0.614310 -0.535762 -0.421014 0.397906 0.0003831198 -0.0000151414 -0.0001333520 0.0000008528 0.0000052893 0.0000466969 0.0029763383 0.0006859312 0.0000140078 0.0051010113 0.0000087934 0.0026477923
1413394927.30568 2.372439 -0.546239 0.477267 -0.607992 -0.543006 -0.426244 0.392181 0.0003835770 -0.0000054038 -0.0001334787 0.0000003317 0.0000018970 0.0000467267 0.0029446285 0.0006324164 0.0000137158 0.0051336744 0.0000082959 0.0026480772
1413394927.35568 2.392452 -0.499511 0.472681 -0.604088 -0.550187 -0.428317 0.385896 0.0003818139 0.0000022479 -0.0001357055 0.0000002691 -0.0000007841 0.0000485113 0.0029236041 0.0005946587 0.0000135528 0.0051637808 0.0000072413 0.0026480352
1413394927.40568 2.412469 -0.447723 0.473889 -0.603817 -0.554030 -0.426072 0.383300 0.0003795049 0.0000039122 -0.0001384456 0.0000002964 -0.0000014128 0.0000507852 0.0029006373 0.0005498496 0.0000135928 0.0051993798 0.0000069749 0.0026481750
1413394927.45568 2.431924 -0.392433 0.478930 -0.603807 -0.555741 -0.424324 0.382776 0.0003783793 0.0000039459 -0.0001397561 0.0000002977 -0.0000014433 0.0000518994 0.0028777025 0.0004993245 0.0000135482 0.0052369333 0.0000070957 0.0026484267
1413394927.50568 2.449732 -0.338351 0.486140 -0.605846 -0.556312 -0.420740 0.382682 0.0003765075 0.0000019375 -0.0001419084 0.0000002665 -0.0000007155 0.0000537660 0.0028560286 0.0004450549 0.0000132778 0.0052723841 0.0000077983 0.0026482817
1413394927.55568 2.468231 -0.280669 0.496404 -0.608165 -0.556917 -0.416844 0.382386 0.0003743689 -0.0000001870 -0.0001442752 0.0000002569 0.0000000873 0.0000558819 0.0028374683 0.0003912518 0.0000131546 0.0053055899 0.0000084852 0.0026482637
1413394927.60569 2.484567 -0.226246 0.511078 -0.609997 -0.556220 -0.414748 0.382762 0.0003734002 -0.0000020972 -0.0001452576 0.0000002691 0.0000008318 0.0000567874 0.0028201747 0.0003324041 0.0000127814 0.0053411669 0.0000092329 0.0026481991
1413394927.65569 2.500312 -0.173357 0.529623 -0.610014 -0.555543 -0.414000 0.384525 0.0003737972 -0.0000035070 -0.0001447312 0.0000002908 0.0000013742 0.0000563185 0.0028065174 0.0002762242 0.0000124610 0.0053740040 0.0000098213 0.0026482980
1413394927.70569 2.515152 -0.120037 0.549336 -0.609861 -0.556932 -0.412294 0.384592 0.0003728802 -0.0000038105 -0.0001456365 0.0000002967 0.0000015046 0.0000571622 0.0027956012 0.0002206325 0.0000121311 0.0054056765 0.0000103280 0.0026484009
1413394927.75569 2.528887 -0.065471 0.568715 -0.608425 -0.556603 -0.412451 0.387166 0.0003741658 -0.0000046841 -0.0001441515 0.0000003167 0.0000018207 0.0000558164 0.0027870908 0.0001635016 0.0000118887 0.0054361306 0.0000108876 0.0026486610
1413394927.80569 2.542828 -0.009534 0.587045 -0.605230 -0.558287 -0.415162 0.386850 0.0003753806 -0.0000017703 -0.0001427590 0.0000002661 0.0000006884 0.0000545717 0.0027808643 0.0001043709 0.0000114944 0.0054636649 0.0000113563 0.0026487962
1413394927.85569 2.555627 0.044372 0.602819 -0.602801 -0.559228 -0.417152 0.387142 0.0003764399 0.0000000358 -0.0001414466 0.0000002573 0.0000000009 0.0000534274 0.0027771881 0.0000431325 0.0000111588 0.0054910531 0.0000117656 0.0026490396
1413394927.90569 2.568924 0.102297 0.615604 -0.602047 -0.560132 -0.417107 0.387057 0.0003763395 0.0000005979 -0.0001414712 0.0000002582 -0.0000002110 0.0000534609 0.0027763156 -0.0000157120 0.0000108619 0.0055169729 0.0000123188 0.0026492761
1413394927.95569 2.581446 0.159694 0.625535 -0.601859 -0.560755 -0.416484 0.387119 0.0003760223 0.0000005473 -0.0001417815 0.0000002584 -0.0000001930 0.0000537413 0.0027782728 -0.0000804925 0.0000105983 0.0055451181 0.0000128369 0.0026496099
1413394928.00569 2.594457 0.218460 0.632911 -0.601416 -0.560446 -0.416335 0.388412 0.0003765163 -0.0000000991 -0.0001411699 0.0000002581 0.0000000504 0.0000532126 0.0027831067 -0.0001448799 0.0000103184 0.0055722518 0.0000132937 0.0026499603
1413394928.05569 2.607143 0.276588 0.638073 -0.598020 -0.561221 -0.420501 0.388049 0.0003783859 0.0000032761 -0.0001389396 0.0000002874 -0.0000011907 0.0000513003 0.0027910020 -0.0002106144 0.0000099999 0.0056010685 0.0000136732 0.0026503346
1413394928.10569 2.619254 0.333440 0.641373 -0.592814 -0.562441 -0.427301 0.386841 0.0003809949 0.0000090089 -0.0001355282 0.0000004725 -0.0000031939 0.0000484930 0.0028017958 -0.0002769138 0.0000096539 0.0056278915 0.0000139170 0.0026506816
1413394928.15569 2.630180 0.391310 0.642942 -0.586221 -0.563185 -0.436118 0.385965 0.0003844774 0.0000158242 -0.0001304888 0.0000009119 -0.0000053614 0.0000445684 0.0028150874 -0.0003416506 0.0000093017 0.0056534324 0.0000141541 0.0026510276
1413394928.20569 2.639554 0.447566 0.642624 -0.579500 -0.561626 -0.445562 0.387596 0.0003891238 0.0000210448 -0.0001234454 0.0000014000 -0.0000066681 0.0000394414 0.0028313343 -0.0004073926 0.0000089456 0.0056757225 0.0000143604 0.0026513758
1413394928.25569 2.647075 0.502991 0.641467 -0.572816 -0.560707 -0.454585 0.388383 0.0003928527 0.0000267153 -0.0001168683 0.0000020797 -0.0000079403 0.0000350449 0.0028497759 -0.0004714088 0.0000085820 0.0056927882 0.0000144306 0.0026517037
1413394928.30569 2.652907 0.555987 0.640916 -0.567143 -0.558077 -0.462971 0.390585 0.0003967831 0.0000305119 -0.0001097110 0.0000026107 -0.0000084299 0.0000306123 0.0028702441 -0.0005335090 0.0000082507 0.0057056983 0.0000145421 0.0026520496
1413394928.35569 2.656023 0.607177 0.640603 -0.563779 -0.556077 -0.468086 0.392208 0.0003992052 0.0000325047 -0.0001050565 0.0000029124 -0.0000085477 0.0000279244 0.0028918036 -0.0005916995 0.0000079341 0.0057140318 0.0000146228 0.0026523823
1413394928.40569 2.656361 0.655697 0.640394 -0.563562 -0.553367 -0.469184 0.395032 0.0004009207 0.0000307693 -0.0001025837 0.0000026282 -0.0000078663 0.0000265264 0.0029145720 -0.0006470971 0.0000076092 0.0057154855 0.0000145916 0.0026526826
1413394928.45569 2.654597 0.702382 0.640140 -0.569133 -0.550135 -0.463060 0.398767 0.0004007953 0.0000231252 -0.0001048529 0.0000016018 -0.0000060422 0.0000277119 0.0029377698 -0.0006984238 0.0000072818 0.0057110214 0.0000144589 0.0026529523
1413394928.50569 2.651116 0.747828 0.640935 -0.576362 -0.546315 -0.454733 0.403194 0.0003999097 0.0000133556 -0.0001081284 0.0000007144 -0.0000036021 0.0000295205 0.0029618521 -0.0007474146 0.0000069467 0.0057026927 0.0000142538 0.0026531980
1413394928.55569 2.646313 0.791521 0.643185 -0.581497 -0.543613 -0.448936 0.405959 0.0003989085 0.0000066667 -0.0001104827 0.0000003809 -0.0000018364 0.0000308871 0.0029870519 -0.0007949730 0.0000066013 0.0056916048 0.0000139793 0.0026534170
1413394928.60569 2.640533 0.833602 0.645626 -0.587081 -0.541696 -0.442895 0.407120 0.0003969876 0.0000007972 -0.0001138765 0.0000002727 -0.0000002178 0.0000329569 0.0030128367 -0.0008401926 0.0000062615 0.0056787468 0.0000137424 0.0026536431
1413394928.65569 2.634388 0.874930 0.649225 -0.591036 -0.539783 -0.439014 0.408139 0.0003957526 -0.0000034596 -0.0001158406 0.0000003031 0.0000010242 0.0000342021 0.0030393465 -0.0008837937 0.0000059255 0.0056647710 0.0000134907 0.0026538569
1413394928.70569 2.628105 0.915177 0.653237 -0.594047 -0.538924 -0.436669 0.407418 0.0003944535 -0.0000054659 -0.0001178282 0.0000003502 0.0000016445 0.0000354945 0.0030668794 -0.0009266063 0.0000055933 0.0056509023 0.0000132467 0.0026540623
1413394928.75569 2.621629 0.954693 0.657676 -0.595774 -0.538402 -0.435942 0.406362 0.0003937341 -0.0000060333 -0.0001189500 0.0000003686 0.0000018344 0.0000362363 0.0030950358 -0.0009680041 0.0000052696 0.0056366064 0.0000130113 0.0026542686
1413394928.80570 2.615210 0.993411 0.661515 -0.597134 -0.538464 -0.435544 0.404708 0.0003929280 -0.0000058233 -0.0001202218 0.0000003640 0.0000017931 0.0000370873 0.0031240031 -0.0010084756 0.0000049624 0.0056222464 0.0000127892 0.0026544729
1413394928.85570 2.608863 1.030373 0.663799 -0.596018 -0.539811 -0.438805 0.401020 0.0003929759 -0.0000017247 -0.0001203404 0.0000002868 0.0000005384 0.0000371579 0.0031537423 -0.0010481488 0.0000046652 0.0056086197 0.0000125950 0.0026546711
1413394928.90570 2.602165 1.065117 0.663980 -0.594010 -0.542024 -0.443017 0.396356 0.0003929617 0.0000038924 -0.0001203653 0.0000003191 -0.0000011836 0.0000371767 0.0031836714 -0.0010862353 0.0000043675 0.0055938891 0.0000123433 0.0026548316
1413394928.95570 2.594739 1.100322 0.660917 -0.593611 -0.542980 -0.444862 0.393569 0.0003926460 0.0000065391 -0.0001207742 0.0000003910 -0.0000020037 0.0000374600 0.0032128385 -0.0011213523 0.0000041105 0.0055779422 0.0000121271 0.0026550091
1413394929.00570 2.586645 1.133186 0.654880 -0.593948 -0.543067 -0.445593 0.392111 0.0003923884 0.0000075050 -0.0001211539 0.0000004272 -0.0000023103 0.0000377208 0.0032424148 -0.0011551073 0.0000038574 0.0055598116 0.0000118916 0.0026551782
1413394929.05570 2.576344 1.160475 0.647282 -0.593542 -0.541814 -0.446909 0.392960 0.0003933417 0.0000073058 -0.0001198019 0.0000004203 -0.0000022189 0.0000368018 0.0032707643 -0.0011856492 0.0000036372 0.0055378229 0.0000115530 0.0026553047
1413394929.10570 2.566299 1.190859 0.639063 -0.592312 -0.539084 -0.449199 0.395947 0.0003955944 0.0000063339 -0.0001164909 0.0000003876 -0.0000018592 0.0000346164 0.0032949514 -0.0012090006 0.0000034557 0.0055125364 0.0000112363 0.0026554239
1413394929.15570 2.554841 1.220188 0.631105 -0.589854 -0.535732 -0.453056 0.399756 0.0003987246 0.0000057557 -0.0001115615 0.0000003708 -0.0000016048 0.0000315269 0.0033227515 -0.0012358123 0.0000032424 0.0054879407 0.0000108601 0.0026555177
1413394929.20570 2.542607 1.249387 0.623886 -0.588122 -0.532068 -0.455340 0.404577 0.0004014963 0.0000036325 -0.0001069971 0.0000003219 -0.0000009629 0.0000288259 0.0033496226 -0.0012596506 0.0000030362 0.0054592361 0.0000104133 0.0026555535
1413394929.25569 2.529595 1.275677 0.617479 -0.588192 -0.528215 -0.455425 0.409399 0.0004032937 -0.0000001570 -0.0001039076 0.0000002907 0.0000000457 0.0000270831 0.0033768718 -0.0012827615 0.0000028671 0.0054307909 0.0000100412 0.0026556300
1413394929.30569 2.516262 1.299785 0.612057 -0.589019 -0.523293 -0.453862 0.416210 0.0004049872 -0.0000063276 -0.0001006189 0.0000003912 0.0000015779 0.0000253105 0.0034013265 -0.0013017464 0.0000027261 0.0054015898 0.0000096672 0.0026556963
1413394929.35569 2.502904 1.321871 0.607411 -0.590610 -0.519941 -0.451374 0.420836 0.0004054401 -0.0000114976 -0.0000993198 0.0000006200 0.0000028226 0.0000246427 0.0034239348 -0.0013180206 0.0000026062 0.0053720509 0.0000092974 0.0026557575
1413394929.40569 2.489819 1.342279 0.603904 -0.592788 -0.517872 -0.448595 0.423289 0.0004050094 -0.0000154535 -0.0000996310 0.0000008852 0.0000038075 0.0000248228 0.0034450414 -0.0013323530 0.0000025120 0.0053433562 0.0000089436 0.0026558060
1413394929.45569 2.477563 1.359723 0.601247 -0.595925 -0.517846 -0.444289 0.423458 0.0004032164 -0.0000184493 -0.0001024998 0.0000011414 0.0000046960 0.0000263725 0.0034644691 -0.0013446455 0.0000024128 0.0053159339 0.0000086340 0.0026558991
1413394929.50569 2.466014 1.374236 0.598528 -0.601105 -0.520032 -0.437499 0.420515 0.0003992654 -0.0000208256 -0.0001090230 0.0000013850 0.0000056928 0.0000300902 0.0034812447 -0.0013545974 0.0000023205 0.0052912039 0.0000083856 0.0026560016
1413394929.55569 2.455316 1.387229 0.595929 -0.607468 -0.523850 -0.429395 0.414950 0.0003935816 -0.0000222101 -0.0001178485 0.0000015536 0.0000066565 0.0000356132 0.0034954293 -0.0013621928 0.0000022297 0.0052683030 0.0000081850 0.0026561039
1413394929.60569 2.445554 1.398737 0.593621 -0.613190 -0.527847 -0.421896 0.409120 0.0003877486 -0.0000229007 -0.0001261142 0.0000016543 0.0000074546 0.0000413506 0.0035084463 -0.0013689851 0.0000021328 0.0052474542 0.0000080120 0.0026561877
1413394929.65569 2.437016 1.409928 0.592476 -0.616497 -0.532078 -0.418431 0.402170 0.0003833450 -0.0000204417 -0.0001323305 0.0000013930 0.0000070617 0.0000460181 0.0035205928 -0.0013754040 0.0000020320 0.0052291466 0.0000078812 0.0026562630
1413394929.70569 2.429701 1.420838 0.592249 -0.617407 -0.535747 -0.418251 0.396043 0.0003808455 -0.0000164374 -0.0001359861 0.0000010136 0.0000058728 0.0000488971 0.0035334463 -0.0013827405 0.0000019270 0.0052125458 0.0000077805 0.0026563254
1413394929.75569 2.423029 1.431522 0.591407 -0.617508 -0.538700 -0.418921 0.391142 0.0003791932 -0.0000126997 -0.0001383572 0.0000007307 0.0000046357 0.0000508271 0.0035460860 -0.0013902679 0.0000018248 0.0051979754 0.0000076879 0.0026563685
1413394929.80569 2.417151 1.442806 0.589433 -0.616709 -0.540262 -0.421060 0.387938 0.0003789611 -0.0000093723 -0.0001388719 0.0000005384 0.0000034348 0.0000512358 0.0035590150 -0.0013983108 0.0000017188 0.0051848874 0.0000076098 0.0026563850
1413394929.85569 2.411299 1.454146 0.584650 -0.614975 -0.540668 -0.424055 0.386861 0.0003800521 -0.0000068719 -0.0001376958 0.0000004322 0.0000024885 0.0000502339 0.0035721656 -0.0014066290 0.0000016233 0.0051726154 0.0000075019 0.0026563818
1413394929.90569 2.405666 1.466090 0.578153 -0.612804 -0.539121 -0.427703 0.388445 0.0003825758 -0.0000059314 -0.0001346281 0.0000004013 0.0000020850 0.0000477197 0.0035858538 -0.0014151929 0.0000015421 0.0051601307 0.0000073838 0.0026563633
1413394929.95569 2.399794 1.477769 0.569713 -0.609300 -0.536199 -0.433104 0.392001 0.0003867224 -0.0000052848 -0.0001292911 0.0000003830 0.0000017637 0.0000435666 0.0035994298 -0.0014234727 0.0000014771 0.0051476061 0.0000072436 0.0026563259
1413394930.00569 2.393877 1.488944 0.558724 -0.605168 -0.533132 -0.439412 0.395550 0.0003911359 -0.0000040775 -0.0001232130 0.0000003546 0.0000012802 0.0000391518 0.0036126030 -0.0014311770 0.0000014303 0.0051348411 0.0000070890 0.0026562609
1413394930.05569 2.387839 1.498705 0.545419 -0.601101 -0.530745 -0.445262 0.398410 0.0003948944 -0.0000024930 -0.0001176422 0.0000003292 0.0000007373 0.0000353819 0.0036237823 -0.0014370214 0.0000014089 0.0051220138 0.0000068950 0.0026561849
1413394930.10569 2.381410 1.506814 0.530884 -0.597568 -0.529082 -0.450310 0.400258 0.0003977756 -0.0000006512 -0.0001130840 0.0000003159 0.0000001785 0.0000324820 0.0036335591 -0.0014413662 0.0000014039 0.0051086703 0.0000067128 0.0026561109
1413394930.15569 2.374350 1.513935 0.517649 -0.593420 -0.526315 -0.456431 0.403133 0.0004013409 0.0000009440 -0.0001070331 0.0000003184 -0.0000002595 0.0000288750 0.0036413570 -0.0014436814 0.0000014245 0.0050943968 0.0000065042 0.0026560351
1413394930.20569 2.366527 1.519387 0.505560 -0.588976 -0.524159 -0.462239 0.405832 0.0004045237 0.0000028382 -0.0001011631 0.0000003373 -0.0000007187 0.0000256268 0.0036476658 -0.0014439887 0.0000014642 0.0050778344 0.0000062716 0.0026559408
1413394930.25569 2.357723 1.523119 0.495417 -0.584650 -0.519551 -0.467843 0.411551 0.0004084444 0.0000021720 -0.0000933545 0.0000003304 -0.0000005060 0.0000216621 0.0036517315 -0.0014419352 0.0000015233 0.0050598330 0.0000060347 0.0026558465
1413394930.30569 2.348244 1.523608 0.486385 -0.583081 -0.513354 -0.469111 0.420022 0.0004114199 -0.0000032975 -0.0000867659 0.0000003467 0.0000006859 0.0000186211 0.0036528262 -0.0014366738 0.0000016054 0.0050396049 0.0000057963 0.0026557640
1413394930.35569 2.338381 1.520756 0.476590 -0.586253 -0.509434 -0.464746 0.425201 0.0004112365 -0.0000103810 -0.0000865049 0.0000005842 0.0000021744 0.0000185193 0.0036497283 -0.0014280353 0.0000016944 0.0050197100 0.0000056127 0.0026557354
1413394930.40569 2.329184 1.514377 0.465708 -0.596211 -0.511159 -0.451915 0.423109 0.0004055747 -0.0000175739 -0.0000972092 0.0000010855 0.0000042035 0.0000236262 0.0036430549 -0.0014164102 0.0000017656 0.0049995992 0.0000054495 0.0026557363
1413394930.45569 2.320452 1.505664 0.453203 -0.609566 -0.516738 -0.434728 0.415239 0.0003953368 -0.0000232926 -0.0001139791 0.0000016985 0.0000067078 0.0000331960 0.0036324915 -0.0014024434 0.0000018255 0.0049822958 0.0000053312 0.0026557033
1413394930.50569 2.312949 1.495768 0.440529 -0.625381 -0.524739 -0.413376 0.403321 0.0003799869 -0.0000283273 -0.0001342236 0.0000024405 0.0000100003 0.0000477606 0.0036206248 -0.0013878223 0.0000018840 0.0049665683 0.0000053245 0.0026557024
1413394930.55569 2.306436 1.485139 0.425346 -0.641312 -0.532926 -0.390942 0.389709 0.0003612351 -0.0000325576 -0.0001535720 0.0000032661 0.0000138379 0.0000656548 0.0036082265 -0.0013735774 0.0000019329 0.0049538342 0.0000053755 0.0026556833
1413394930.60569 2.301489 1.475082 0.407453 -0.656359 -0.540543 -0.368836 0.375453 0.0003405077 -0.0000357788 -0.0001702620 0.0000040942 0.0000178901 0.0000855242 0.0035962399 -0.0013604565 0.0000019484 0.0049438872 0.0000054723 0.0026556344
1413394930.65569 2.298721 1.466930 0.386790 -0.668590 -0.546373 -0.350945 0.362356 0.0003218033 -0.0000373339 -0.0001822475 0.0000046688 0.0000211461 0.0001036244 0.0035865361 -0.0013503358 0.0000019248 0.0049377479 0.0000055867 0.0026555640
1413394930.70569 2.298508 1.461817 0.365274 -0.672734 -0.554244 -0.344896 0.348265 0.0003106296 -0.0000312880 -0.0001894355 0.0000034906 0.0000190811 0.0001159545 0.0035821724 -0.0013463847 0.0000018547 0.0049375011 0.0000056714 0.0026555431
1413394930.75569 2.301694 1.463705 0.345493 -0.670887 -0.559505 -0.348708 0.339511 0.0003090017 -0.0000235851 -0.0001913646 0.0000021411 0.0000146012 0.0001189462 0.0035835077 -0.0013486436 0.0000017881 0.0049422279 0.0000057677 0.0026556346
1413394930.80569 2.306749 1.471666 0.326012 -0.661687 -0.560856 -0.364651 0.338586 0.0003196790 -0.0000142663 -0.0001866863 0.0000009791 0.0000083192 0.0001094434 0.0035931080 -0.0013594655 0.0000016505 0.0049523447 0.0000058952 0.0026556452
1413394930.85570 2.313425 1.484027 0.308727 -0.650209 -0.559014 -0.384189 0.342243 0.0003345842 -0.0000056778 -0.0001779872 0.0000004408 0.0000030026 0.0000950884 0.0036078239 -0.0013751827 0.0000015336 0.0049645836 0.0000060452 0.0026556910
1413394930.90570 2.319834 1.499834 0.292388 -0.637503 -0.552697 -0.405548 0.351635 0.0003526074 0.0000001668 -0.0001645099 0.0000003460 -0.0000000981 0.0000771376 0.0036272403 -0.0013953645 0.0000013823 0.0049783919 0.0000061790 0.0026554960
1413394930.95570 2.326177 1.518594 0.278930 -0.622787 -0.544502 -0.427765 0.364240 0.0003712016 0.0000050529 -0.0001467932 0.0000004153 -0.0000020191 0.0000584155 0.0036495544 -0.0014173169 0.0000012040 0.0049901022 0.0000062588 0.0026549511
1413394931.00570 2.331845 1.538697 0.265335 -0.610277 -0.535320 -0.446065 0.376856 0.0003860473 0.0000073550 -0.0001290973 0.0000004890 -0.0000024809 0.0000435232 0.0036736069 -0.0014399537 0.0000011441 0.0050011147 0.0000063789 0.0026548117
1413394931.05570 2.336424 1.559517 0.254986 -0.600453 -0.527974 -0.460005 0.386129 0.0003960594 0.0000092661 -0.0001145240 0.0000005684 -0.0000027013 0.0000334596 0.0036983293 -0.0014623843 0.0000011052 0.0050104297 0.0000065190 0.0026547645
1413394931.10571 2.340193 1.578235 0.248227 -0.594060 -0.522405 -0.468837 0.392909 0.0004021912 0.0000097631 -0.0001041970 0.0000005908 -0.0000025513 0.0000273347 0.0037222351 -0.0014832481 0.0000010723 0.0050170901 0.0000066520 0.0026546274
1413394931.15571 2.342213 1.594921 0.244364 -0.590013 -0.519197 -0.475012 0.395832 0.0004055538 0.0000110884 -0.0000978506 0.0000006595 -0.0000026979 0.0000239477 0.0037432088 -0.0015010020 0.0000010806 0.0050222584 0.0000067581 0.0026545946
1413394931.20571 2.342602 1.608559 0.244539 -0.587151 -0.516528 -0.479676 0.397950 0.0004079501 0.0000119773 -0.0000930102 0.0000007104 -0.0000027538 0.0000215439 0.0037610625 -0.0015148904 0.0000011121 0.0050234077 0.0000068535 0.0026545623
1413394931.25571 2.340496 1.618845 0.248902 -0.585534 -0.513458 -0.482112 0.401346 0.0004099407 0.0000106738 -0.0000890121 0.0000006388 -0.0000023407 0.0000196653 0.0037746278 -0.0015241392 0.0000011734 0.0050207265 0.0000069480 0.0026545157
1413394931.30571 2.337182 1.627058 0.258976 -0.582087 -0.510306 -0.487193 0.404234 0.0004124969 0.0000113598 -0.0000831971 0.0000006765 -0.0000023147 0.0000171173 0.0037858962 -0.0015299562 0.0000012702 0.0050134105 0.0000070283 0.0026545078
1413394931.35571 2.332429 1.632291 0.275224 -0.579380 -0.505586 -0.491401 0.408933 0.0004152027 0.0000098718 -0.0000767805 0.0000006010 -0.0000018491 0.0000145350 0.0037930824 -0.0015319940 0.0000013912 0.0050043059 0.0000071054 0.0026544996
1413394931.40571 2.326010 1.633968 0.293373 -0.580036 -0.502819 -0.490846 0.412070 0.0004159931 0.0000067347 -0.0000751521 0.0000004781 -0.0000012402 0.0000139143 0.0037952669 -0.0015291698 0.0000015212 0.0049920756 0.0000071481 0.0026545205
1413394931.45571 2.319247 1.631668 0.310480 -0.585389 -0.505856 -0.485824 0.406700 0.0004130558 0.0000066427 -0.0000827185 0.0000004794 -0.0000013544 0.0000169079 0.0037924098 -0.0015214731 0.0000017137 0.0049772439 0.0000071682 0.0026545777
1413394931.50571 2.311811 1.626747 0.325135 -0.595048 -0.512064 -0.475511 0.396985 0.0004065924 0.0000062621 -0.0000968823 0.0000004726 -0.0000015170 0.0000234361 0.0037859119 -0.0015108228 0.0000019171 0.0049620798 0.0000072100 0.0026546541
1413394931.55571 2.303459 1.619063 0.337286 -0.604090 -0.519623 -0.465349 0.385380 0.0003985614 0.0000076324 -0.0001113532 0.0000005259 -0.0000021584 0.0000314721 0.0037764716 -0.0014975822 0.0000021133 0.0049459783 0.0000072604 0.0026547288
1413394931.60571 2.287796 1.602105 0.342747 -0.610775 -0.525850 -0.457473 0.375704 0.0003912911 0.0000090897 -0.0001224864 0.0000005925 -0.0000028707 0.0000387107 0.0037646796 -0.0014830886 0.0000019482 0.0049278666 0.0000069136 0.0026545336
1413394931.65571 2.276469 1.589202 0.350526 -0.614003 -0.533020 -0.451674 0.367261 0.0003850492 0.0000125638 -0.0001307876 0.0000007943 -0.0000042947 0.0000448019 0.0037413721 -0.0014538709 0.0000021327 0.0048944348 0.0000068467 0.0026545908
1413394931.70571 2.263343 1.575483 0.356642 -0.613058 -0.541721 -0.448302 0.360172 0.0003800020 0.0000179572 -0.0001365480 0.0000012362 -0.0000064827 0.0000494529 0.0037248393 -0.0014328422 0.0000022368 0.0048702473 0.0000067829 0.0026545899
1413394931.75571 2.248455 1.561227 0.362181 -0.607855 -0.552653 -0.447296 0.353570 0.0003757588 0.0000260669 -0.0001403126 0.0000021990 -0.0000097678 0.0000527884 0.0037083633 -0.0014105120 0.0000023589 0.0048419476 0.0000067549 0.0026546213
1413394931.80571 2.230691 1.548715 0.365110 -0.599965 -0.564430 -0.446705 0.349164 0.0003722950 0.0000342391 -0.0001425231 0.0000035431 -0.0000131460 0.0000549619 0.0036914567 -0.0013864988 0.0000024705 0.0048090941 0.0000066563 0.0026546570
1413394931.85571 2.210056 1.537088 0.366200 -0.591302 -0.575897 -0.443764 0.348967 0.0003695780 0.0000393551 -0.0001442155 0.0000045877 -0.0000153990 0.0000566824 0.0036772647 -0.0013625715 0.0000025352 0.0047699831 0.0000064587 0.0026546812
1413394931.90572 2.186291 1.528850 0.365606 -0.583828 -0.585578 -0.436499 0.354557 0.0003682274 0.0000388077 -0.0001458594 0.0000044886 -0.0000154158 0.0000581903 0.0036646252 -0.0013379884 0.0000026352 0.0047256288 0.0000063040 0.0026547920
1413394931.95572 2.158641 1.522120 0.363114 -0.576096 -0.593933 -0.426725 0.365053 0.0003685880 0.0000344357 -0.0001466342 0.0000036159 -0.0000137428 0.0000587534 0.0036570251 -0.0013157443 0.0000026611 0.0046759497 0.0000060878 0.0026548699
1413394932.00572 2.129017 1.516951 0.363153 -0.566668 -0.600669 -0.416814 0.379934 0.0003714142 0.0000281843 -0.0001450485 0.0000025371 -0.0000110490 0.0000570675 0.0036505927 -0.0012919541 0.0000027527 0.0046201354 0.0000058951 0.0026550231
1413394932.05572 2.097735 1.512956 0.366629 -0.554499 -0.606728 -0.408004 0.397423 0.0003761889 0.0000220456 -0.0001409100 0.0000016901 -0.0000082985 0.0000532039 0.0036452655 -0.0012680387 0.0000028461 0.0045624534 0.0000057147 0.0026551688
1413394932.10571 2.064731 1.509406 0.374120 -0.540686 -0.611147 -0.399105 0.418179 0.0003826832 0.0000146524 -0.0001342379 0.0000009589 -0.0000051784 0.0000475109 0.0036411938 -0.0012442929 0.0000029290 0.0045035376 0.0000055288 0.0026553514
1413394932.15571 2.029961 1.505154 0.384897 -0.527369 -0.616202 -0.387867 0.437877 0.0003876289 0.0000068136 -0.0001285832 0.0000005174 -0.0000022968 0.0000430777 0.0036374714 -0.0012203126 0.0000030049 0.0044439221 0.0000053182 0.0026555624
1413394932.20571 1.994753 1.501247 0.399383 -0.513846 -0.620359 -0.376014 0.457963 0.0003925089 -0.0000014607 -0.0001220607 0.0000004030 0.0000004198 0.0000383836 0.0036324721 -0.0011947654 0.0000030878 0.0043834402 0.0000050874 0.0026557989
1413394932.25571 1.957505 1.493908 0.415702 -0.502372 -0.624515 -0.360324 0.477253 0.0003954095 -0.0000119344 -0.0001172293 0.0000007568 0.0000035074 0.0000351825 0.0036270316 -0.0011703537 0.0000030893 0.0043237380 0.0000046796 0.0026559225
1413394932.30571 1.923166 1.488356 0.435590 -0.487368 -0.628788 -0.348765 0.495440 0.0003995167 -0.0000181080 -0.0001099482 0.0000012179 0.0000049539 0.0000306864 0.0036175872 -0.0011413802 0.0000031942 0.0042639460 0.0000043974 0.0026562039
1413394932.35571 1.889015 1.479934 0.455518 -0.472047 -0.634744 -0.336914 0.510648 0.0004023148 -0.0000223746 -0.0001044190 0.0000016413 0.0000057795 0.0000275313 0.0036099505 -0.0011166123 0.0000032001 0.0042107275 0.0000040509 0.0026563699
1413394932.40571 1.857226 1.470588 0.477017 -0.454093 -0.640898 -0.329933 0.523635 0.0004061195 -0.0000217101 -0.0000975876 0.0000015574 0.0000051890 0.0000238811 0.0035990476 -0.0010896942 0.0000033092 0.0041597060 0.0000037493 0.0026567102
1413394932.45571 1.828257 1.459818 0.496547 -0.435640 -0.646697 -0.323727 0.535912 0.0004098311 -0.0000199232 -0.0000905347 0.0000013651 0.0000043734 0.0000204329 0.0035865363 -0.0010631152 0.0000034166 0.0041131933 0.0000034379 0.0026570745
1413394932.50571 1.801823 1.447393 0.513727 -0.417064 -0.653329 -0.318413 0.545740 0.0004128187 -0.0000161781 -0.0000847916 0.0000010305 0.0000032952 0.0000178510 0.0035720859 -0.0010373333 0.0000035219 0.0040726972 0.0000031172 0.0026574692
1413394932.55571 1.777329 1.432092 0.527872 -0.399530 -0.659531 -0.312633 0.554667 0.0004151919 -0.0000127154 -0.0000798491 0.0000007859 0.0000024183 0.0000157935 0.0035556704 -0.0010119022 0.0000036219 0.0040367942 0.0000027758 0.0026578914
1413394932.60571 1.754030 1.413098 0.538343 -0.382327 -0.666826 -0.307012 0.561171 0.0004166736 -0.0000080439 -0.0000768556 0.0000005510 0.0000014581 0.0000146139 0.0035358025 -0.0009858577 0.0000037233 0.0040041734 0.0000023871 0.0026583241
1413394932.65571 1.731485 1.390362 0.545376 -0.367315 -0.675229 -0.298754 0.565589 0.0004168124 -0.0000048572 -0.0000769337 0.0000004507 0.0000008738 0.0000146377 0.0035117265 -0.0009580423 0.0000038771 0.0039728861 0.0000019691 0.0026587590
1413394932.70571 1.712853 1.366573 0.550158 -0.353981 -0.684368 -0.289569 0.567880 0.0004160418 -0.0000021126 -0.0000791969 0.0000004038 0.0000003815 0.0000155143 0.0034842875 -0.0009279388 0.0000040560 0.0039434068 0.0000015256 0.0026592016
1413394932.75571 1.695557 1.341079 0.554007 -0.341800 -0.695566 -0.279583 0.566740 0.0004137752 0.0000009124 -0.0000848398 0.0000003918 -0.0000002040 0.0000178332 0.0034562061 -0.0009002706 0.0000043329 0.0039191360 0.0000012656 0.0026594911
1413394932.80571 1.680712 1.313498 0.558026 -0.332659 -0.708104 -0.267064 0.562675 0.0004095858 0.0000018961 -0.0000940607 0.0000003944 -0.0000004503 0.0000220386 0.0034272287 -0.0008722659 0.0000046222 0.0038972102 0.0000010141 0.0026598443
1413394932.85571 1.667484 1.283659 0.562358 -0.325436 -0.721711 -0.253145 0.556005 0.0004035885 0.0000017476 -0.0001056204 0.0000003899 -0.0000004699 0.0000280808 0.0033973460 -0.0008444802 0.0000049161 0.0038788807 0.0000006915 0.0026601734
1413394932.90571 1.655742 1.252904 0.567119 -0.318872 -0.733995 -0.239316 0.549818 0.0003973563 0.0000005625 -0.0001161028 0.0000003793 -0.0000001738 0.0000343645 0.0033663555 -0.0008164185 0.0000052019 0.0038625045 0.0000004313 0.0026604572
1413394932.95571 1.645452 1.221526 0.571345 -0.312519 -0.745240 -0.226740 0.543634 0.0003910036 -0.0000004648 -0.0001255455 0.0000003751 0.0000001431 0.0000407526 0.0033363077 -0.0007892307 0.0000055251 0.0038476698 0.0000002248 0.0026606892
1413394933.00571 1.634896 1.188787 0.575765 -0.305824 -0.754367 -0.214582 0.539774 0.0003857995 -0.0000023303 -0.0001325463 0.0000003841 0.0000007980 0.0000459790 0.0033072738 -0.0007627229 0.0000058342 0.0038339061 0.0000000344 0.0026609453
1413394933.05571 1.622880 1.158771 0.577269 -0.298435 -0.761785 -0.203688 0.537709 0.0003819848 -0.0000040449 -0.0001373055 0.0000004077 0.0000014545 0.0000497932 0.0032778311 -0.0007352864 0.0000062346 0.0038191840 -0.0000001132 0.0026611453
1413394933.10571 1.609947 1.130167 0.576809 -0.289472 -0.768217 -0.194868 0.536727 0.0003793108 -0.0000043348 -0.0001404871 0.0000004046 0.0000016077 0.0000524655 0.0032513931 -0.0007094397 0.0000066636 0.0038019259 -0.0000000918 0.0026612995
1413394933.15571 1.598396 1.100433 0.574784 -0.279170 -0.773430 -0.185905 0.537875 0.0003779540 -0.0000048779 -0.0001420922 0.0000004125 0.0000018388 0.0000538469 0.0032276400 -0.0006845737 0.0000069748 0.0037841720 -0.0000003264 0.0026616330
1413394933.20571 1.585886 1.071332 0.571203 -0.268308 -0.776620 -0.178072 0.541445 0.0003785890 -0.0000053767 -0.0001414025 0.0000004190 0.0000020159 0.0000532320 0.0032036869 -0.0006598707 0.0000072830 0.0037680400 -0.0000004700 0.0026619337
1413394933.25571 1.575156 1.041433 0.564312 -0.257097 -0.778975 -0.169798 0.546139 0.0003798592 -0.0000063469 -0.0001399248 0.0000004377 0.0000023472 0.0000519508 0.0031803342 -0.0006353877 0.0000076105 0.0037507172 -0.0000002400 0.0026620135
1413394933.30571 1.562537 1.012442 0.555173 -0.244737 -0.780960 -0.163724 0.550817 0.0003817973 -0.0000054391 -0.0001377063 0.0000004014 0.0000019729 0.0000500663 0.0031571390 -0.0006111963 0.0000079096 0.0037367082 -0.0000002328 0.0026621998
1413394933.35571 1.550813 0.984305 0.542803 -0.232686 -0.782661 -0.157975 0.555286 0.0003836358 -0.0000043240 -0.0001355534 0.0000003638 0.0000015406 0.0000482842 0.0031354814 -0.0005874046 0.0000082874 0.0037197066 -0.0000001074 0.0026624111
1413394933.40571 1.538108 0.955964 0.528148 -0.221424 -0.783843 -0.151969 0.559881 0.0003855595 -0.0000037802 -0.0001332100 0.0000003461 0.0000013209 0.0000464025 0.0031151819 -0.0005647144 0.0000086061 0.0037046807 -0.0000002225 0.0026627375
1413394933.45571 1.526939 0.927029 0.510743 -0.210332 -0.785375 -0.146247 0.563523 0.0003869177 -0.0000028006 -0.0001315310 0.0000003219 0.0000009683 0.0000450823 0.0030949504 -0.0005417264 0.0000089071 0.0036887943 -0.0000002688 0.0026630343
1413394933.50571 1.515575 0.899017 0.490465 -0.200190 -0.786707 -0.139844 0.566974 0.0003881176 -0.0000026872 -0.0001300026 0.0000003131 0.0000009187 0.0000439060 0.0030751371 -0.0005190241 0.0000092935 0.0036745569 -0.0000001342 0.0026632000
1413394933.55571 1.504121 0.870096 0.468317 -0.190086 -0.788226 -0.133182 0.569939 0.0003889667 -0.0000026234 -0.0001289222 0.0000003070 0.0000008898 0.0000430837 0.0030567240 -0.0004972138 0.0000096864 0.0036602725 -0.0000002161 0.0026635233
1413394933.60571 1.494160 0.840648 0.446720 -0.179643 -0.788822 -0.126418 0.574027 0.0003905388 -0.0000026089 -0.0001268353 0.0000003018 0.0000008694 0.0000415375 0.0030383792 -0.0004749982 0.0000101009 0.0036460626 -0.0000002612 0.0026638290
1413394933.65571 1.483653 0.812529 0.425554 -0.169180 -0.787649 -0.119723 0.580219 0.0003934713 -0.0000030160 -0.0001227423 0.0000003031 0.0000009648 0.0000386268 0.0030204466 -0.0004532525 0.0000105242 0.0036344258 -0.0000002591 0.0026641303
1413394933.70571 1.474472 0.784015 0.406176 -0.158345 -0.785597 -0.114021 0.587165 0.0003968859 -0.0000026530 -0.0001177245 0.0000002945 0.0000008128 0.0000352489 0.0030042061 -0.0004326639 0.0000110157 0.0036224038 -0.0000003113 0.0026645029
1413394933.75571 1.465950 0.756676 0.387003 -0.149191 -0.783030 -0.107870 0.594113 0.0004001976 -0.0000033419 -0.0001124966 0.0000002998 0.0000009665 0.0000319436 0.0029881048 -0.0004122621 0.0000114772 0.0036124006 -0.0000002255 0.0026647606
1413394933.80571 1.459694 0.728188 0.369036 -0.141020 -0.781185 -0.103027 0.599374 0.0004026156 -0.0000032457 -0.0001085077 0.0000002947 0.0000009028 0.0000295564 0.0029734156 -0.0003931871 0.0000119853 0.0036043431 -0.0000002657 0.0026651174
1413394933.85571 1.455298 0.699696 0.351356 -0.133881 -0.781247 -0.098217 0.601733 0.0004034821 -0.0000030997 -0.0001070643 0.0000002885 0.0000008515 0.0000287155 0.0029586241 -0.0003740908 0.0000125093 0.0035995367 -0.0000002317 0.0026654215
1413394933.90571 1.447450 0.676360 0.327442 -0.126763 -0.784387 -0.093188 0.599986 0.0004022451 -0.0000025639 -0.0001091798 0.0000002691 0.0000007207 0.0000299314 0.0029440265 -0.0003551051 0.0000125157 0.0035956697 0.0000005293 0.0026649077
1413394933.95571 1.445518 0.645872 0.308793 -0.118997 -0.791075 -0.087427 0.593631 0.0003980816 -0.0000011288 -0.0001160396 0.0000002533 0.0000003543 0.0000341186 0.0029330957 -0.0003392249 0.0000129906 0.0035875779 0.0000004570 0.0026652212
1413394934.00571 1.443773 0.615828 0.291204 -0.110768 -0.797451 -0.080371 0.587659 0.0003940413 -0.0000007703 -0.0001221881 0.0000002501 0.0000002643 0.0000381799 0.0029194591 -0.0003198749 0.0000135305 0.0035872026 0.0000004490 0.0026655570
1413394934.05571 1.441820 0.585170 0.275024 -0.101719 -0.803124 -0.072319 0.582593 0.0003903276 -0.0000009315 -0.0001274688 0.0000002494 0.0000003297 0.0000419156 0.0029068907 -0.0003007438 0.0000140541 0.0035858979 0.0000004207 0.0026659224
1413394934.10571 1.438943 0.554306 0.261905 -0.091909 -0.804368 -0.064275 0.583450 0.0003903000 -0.0000015376 -0.0001275374 0.0000002518 0.0000005279 0.0000419583 0.0028950394 -0.0002812935 0.0000145780 0.0035834214 0.0000004175 0.0026662956
1413394934.15571 1.436214 0.524449 0.250501 -0.080270 -0.802061 -0.056515 0.589119 0.0003933356 -0.0000015800 -0.0001233433 0.0000002511 0.0000005208 0.0000389556 0.0028840450 -0.0002617308 0.0000151328 0.0035798076 0.0000003803 0.0026667255
1413394934.20571 1.431416 0.501705 0.231192 -0.067913 -0.799182 -0.047822 0.595323 0.0003966911 -0.0000018655 -0.0001183158 0.0000002444 0.0000005764 0.0000355536 0.0028737296 -0.0002428296 0.0000150952 0.0035751312 0.0000013530 0.0026655702
1413394934.25571 1.429197 0.472874 0.214590 -0.055060 -0.797254 -0.039315 0.599841 0.0003988815 -0.0000013023 -0.0001149529 0.0000002380 0.0000003946 0.0000333877 0.0028667108 -0.0002283508 0.0000154728 0.0035704290 0.0000014970 0.0026656857
1413394934.30571 1.427667 0.443533 0.194999 -0.041580 -0.797521 -0.030361 0.601090 0.0003993250 -0.0000005247 -0.0001142964 0.0000002329 0.0000001687 0.0000329701 0.0028583664 -0.0002104085 0.0000159253 0.0035691457 0.0000016945 0.0026658259
1413394934.35571 1.425103 0.416123 0.168985 -0.028859 -0.799990 -0.018840 0.599022 0.0003978875 -0.0000017695 -0.0001165153 0.0000002345 0.0000005348 0.0000343727 0.0028504163 -0.0001923286 0.0000161355 0.0035679428 0.0000024141 0.0026653015
1413394934.40571 1.425473 0.386523 0.143882 -0.018119 -0.803777 -0.005233 0.594632 0.0003950163 -0.0000052735 -0.0001208116 0.0000002954 0.0000016295 0.0000372004 0.0028439347 -0.0001755801 0.0000165368 0.0035662043 0.0000026973 0.0026653960
1413394934.45571 1.427088 0.357818 0.115606 -0.008580 -0.807130 0.007742 0.590260 0.0003922337 -0.0000091760 -0.0001246503 0.0000004385 0.0000029329 0.0000398634 0.0028377029 -0.0001580583 0.0000169696 0.0035681077 0.0000029517 0.0026655954
1413394934.50571 1.427545 0.328728 0.083176 0.000389 -0.809859 0.017284 0.586370 0.0003898401 -0.0000112265 -0.0001277987 0.0000005431 0.0000036966 0.0000421428 0.0028321113 -0.0001415214 0.0000173135 0.0035708466 0.0000032716 0.0026656996
1413394934.55571 1.429260 0.300831 0.050334 0.009582 -0.811650 0.023089 0.583609 0.0003882156 -0.0000106208 -0.0001300407 0.0000005083 0.0000035730 0.0000438049 0.0028273279 -0.0001244901 0.0000177214 0.0035706486 0.0000035650 0.0026658687
1413394934.60571 1.431647 0.275276 0.016389 0.019109 -0.812943 0.026781 0.581413 0.0003869809 -0.0000085858 -0.0001317233 0.0000004052 0.0000029370 0.0000450794 0.0028232095 -0.0001083592 0.0000182304 0.0035726489 0.0000041123 0.0026658218
1413394934.65571 1.434014 0.250111 -0.014706 0.027804 -0.813716 0.028346 0.579905 0.0003861193 -0.0000055370 -0.0001329485 0.0000002917 0.0000019195 0.0000460165 0.0028199827 -0.0000936680 0.0000185734 0.0035756077 0.0000044935 0.0026658945
1413394934.70571 1.436498 0.225201 -0.041881 0.034426 -0.813473 0.030246 0.579794 0.0003861331 -0.0000036661 -0.0001329473 0.0000002448 0.0000012742 0.0000460112 0.0028172903 -0.0000792300 0.0000189015 0.0035796719 0.0000048870 0.0026659758
1413394934.75571 1.444255 0.201950 -0.064794 0.037744 -0.812856 0.035604 0.580149 0.0003864016 -0.0000056310 -0.0001324404 0.0000002893 0.0000019413 0.0000456279 0.0028148357 -0.0000647900 0.0000191716 0.0035849021 0.0000052500 0.0026660463
1413394934.80571 1.449850 0.177997 -0.083499 0.040589 -0.811881 0.038309 0.581149 0.0003871597 -0.0000060707 -0.0001313766 0.0000003008 0.0000020709 0.0000448113 0.0028131971 -0.0000513034 0.0000194931 0.0035954828 0.0000056518 0.0026661742
1413394934.85571 1.458184 0.157260 -0.094402 0.042766 -0.810457 0.040368 0.582838 0.0003881649 -0.0000062841 -0.0001298268 0.0000003022 0.0000021110 0.0000436488 0.0028115279 -0.0000372874 0.0000195959 0.0036011684 0.0000059436 0.0026656822
1413394934.90572 1.463179 0.136103 -0.103928 0.043840 -0.809932 0.041906 0.583381 0.0003885626 -0.0000067990 -0.0001291836 0.0000003183 0.0000022697 0.0000431742 0.0028107585 -0.0000251080 0.0000199029 0.0036116206 0.0000062209 0.0026658070
1413394934.95572 1.467992 0.116070 -0.109500 0.044880 -0.809166 0.042787 0.584298 0.0003891436 -0.0000068331 -0.0001283128 0.0000003182 0.0000022621 0.0000425323 0.0028103138 -0.0000123957 0.0000201939 0.0036177233 0.0000063861 0.0026659727
1413394935.00572 1.472446 0.097224 -0.109781 0.044917 -0.807233 0.043115 0.586940 0.0003907597 -0.0000068939 -0.0001260075 0.0000003187 0.0000022320 0.0000408549 0.0028101995 -0.0000005390 0.0000204553 0.0036232664 0.0000064636 0.0026660704
1413394935.05572 1.475193 0.083179 -0.105197 0.044111 -0.805235 0.044807 0.589612 0.0003923921 -0.0000083891 -0.0001234466 0.0000003725 0.0000026466 0.0000390525 0.0028099259 0.0000107554 0.0000203470 0.0036283796 0.0000061072 0.0026655082
1413394935.10572 1.478724 0.064975 -0.100710 0.041006 -0.802760 0.045151 0.593175 0.0003943731 -0.0000097776 -0.0001203414 0.0000004345 0.0000029913 0.0000369365 0.0028100474 0.0000187174 0.0000205277 0.0036302800 0.0000060788 0.0026655009
1413394935.15572 1.483551 0.047574 -0.096830 0.035766 -0.800318 0.045142 0.596804 0.0003963135 -0.0000121704 -0.0001170608 0.0000005650 0.0000036028 0.0000347902 0.0028105670 0.0000293642 0.0000207505 0.0036358878 0.0000060453 0.0026654631
1413394935.20572 1.489287 0.031132 -0.093984 0.030660 -0.798337 0.042509 0.599927 0.0003978953 -0.0000128195 -0.0001143665 0.0000006034 0.0000036927 0.0000330846 0.0028112600 0.0000396487 0.0000209509 0.0036431456 0.0000060128 0.0026653895
1413394935.25572 1.495507 0.015955 -0.093067 0.025218 -0.796270 0.039547 0.603121 0.0003994447 -0.0000134682 -0.0001115540 0.0000006432 0.0000037689 0.0000313642 0.0028120290 0.0000493736 0.0000210494 0.0036515427 0.0000057797 0.0026649575
1413394935.30572 1.503436 0.000794 -0.095148 0.020726 -0.793733 0.035947 0.606850 0.0004012917 -0.0000132117 -0.0001082889 0.0000006234 0.0000035726 0.0000294311 0.0028128703 0.0000585034 0.0000211785 0.0036610986 0.0000057873 0.0026648331
1413394935.35572 1.512014 -0.013899 -0.099583 0.017764 -0.790610 0.030792 0.611287 0.0004034972 -0.0000112109 -0.0001043437 0.0000004987 0.0000029056 0.0000271904 0.0028137080 0.0000678917 0.0000212141 0.0036725362 0.0000058683 0.0026645858
1413394935.40572 1.522536 -0.027578 -0.106930 0.015003 -0.788553 0.026328 0.614220 0.0004048851 -0.0000096037 -0.0001017228 0.0000004149 0.0000024189 0.0000257635 0.0028148701 0.0000772713 0.0000213177 0.0036848144 0.0000059234 0.0026644758
1413394935.45572 1.534548 -0.041005 -0.117106 0.013365 -0.788412 0.021499 0.614626 0.0004049531 -0.0000072707 -0.0001014864 0.0000003174 0.0000018277 0.0000256404 0.0028160018 0.0000863596 0.0000213338 0.0037002497 0.0000059526 0.0026642569
1413394935.50572 1.547837 -0.053956 -0.130439 0.011781 -0.790713 0.017068 0.611835 0.0004033831 -0.0000052221 -0.0001042587 0.0000002546 0.0000013549 0.0000271548 0.0028173325 0.0000956157 0.0000214089 0.0037176991 0.0000060524 0.0026641857
1413394935.55572 1.562975 -0.066998 -0.146857 0.010305 -0.794923 0.013360 0.606475 0.0004003532 -0.0000036217 -0.0001093621 0.0000002200 0.0000009941 0.0000300838 0.0028187399 0.0001049853 0.0000214731 0.0037371951 0.0000061640 0.0026641138
1413394935.60573 1.579499 -0.079823 -0.163423 0.008672 -0.798655 0.010177 0.601641 0.0003975129 -0.0000023769 -0.0001138421 0.0000002021 0.0000006852 0.0000328149 0.0028203321 0.0001147928 0.0000215378 0.0037591090 0.0000063057 0.0026640755
1413394935.65573 1.596728 -0.092804 -0.179275 0.006994 -0.801454 0.006828 0.597976 0.0003952357 -0.0000010396 -0.0001171577 0.0000001912 0.0000003122 0.0000349416 0.0028219365 0.0001245694 0.0000215399 0.0037827899 0.0000064113 0.0026639659
1413394935.70573 1.615431 -0.105479 -0.191202 0.005541 -0.803109 0.004543 0.595789 0.0003938300 -0.0000002694 -0.0001190937 0.0000001895 0.0000000851 0.0000362286 0.0028238233 0.0001348896 0.0000215921 0.0038072190 0.0000065919 0.0026639462
1413394935.75573 1.636357 -0.118147 -0.200072 0.004493 -0.803254 0.001888 0.595616 0.0003936088 0.0000009618 -0.0001192260 0.0000001926 -0.0000002881 0.0000363299 0.0028258029 0.0001453900 0.0000216403 0.0038356221 0.0000068135 0.0026639224
1413394935.80573 1.656113 -0.130830 -0.204868 0.003817 -0.802341 -0.000343 0.596853 0.0003942196 0.0000021093 -0.0001180885 0.0000002025 -0.0000006290 0.0000355898 0.0028278985 0.0001559217 0.0000216838 0.0038631723 0.0000070348 0.0026638925
1413394935.85573 1.675706 -0.143627 -0.205514 0.002051 -0.801730 -0.000486 0.597683 0.0003945136 0.0000013528 -0.0001172907 0.0000001966 -0.0000003997 0.0000350864 0.0028299255 0.0001668111 0.0000216143 0.0038898748 0.0000070908 0.0026637017
1413394935.90573 1.696735 -0.156550 -0.204600 0.000460 -0.802702 -0.001191 0.596379 0.0003936265 0.0000010104 -0.0001184168 0.0000001956 -0.0000003016 0.0000358406 0.0028323051 0.0001780792 0.0000216443 0.0039198775 0.0000073001 0.0026636523
1413394935.95573 1.718731 -0.170094 -0.205348 -0.000728 -0.804458 -0.001713 0.594007 0.0003920758 0.0000007715 -0.0001204687 0.0000001954 -0.0000002349 0.0000372331 0.0028347930 0.0001897109 0.0000216690 0.0039510457 0.0000074880 0.0026635813
1413394936.00573 1.741171 -0.183690 -0.209740 -0.000229 -0.808118 -0.002191 0.589016 0.0003889101 0.0000013234 -0.0001247798 0.0000001993 -0.0000004226 0.0000402556 0.0028376419 0.0002022510 0.0000217038 0.0039843583 0.0000077023 0.0026635297
1413394936.05573 1.764631 -0.198073 -0.217853 0.001882 -0.814838 -0.000878 0.579685 0.0003828557 0.0000014601 -0.0001326240 0.0000002014 -0.0000005040 0.0000461669 0.0028407135 0.0002153334 0.0000217475 0.0040188225 0.0000079284 0.0026634882
1413394936.10573 1.788255 -0.212657 -0.229314 0.006725 -0.822531 0.002090 0.568676 0.0003753989 0.0000016719 -0.0001414246 0.0000002045 -0.0000006283 0.0000535097 0.0028442964 0.0002294975 0.0000218198 0.0040543898 0.0000081755 0.0026634702
1413394936.20573 1.830337 -0.245994 -0.257692 0.024316 -0.831328 0.014893 0.555050 0.0003658355 0.0000008758 -0.0001515497 0.0000002030 -0.0000003612 0.0000630206 0.0028533029 0.0002603162 0.0000219710 0.0041208127 0.0000086274 0.0026634907
1413394936.25574 1.849597 -0.263905 -0.272574 0.038415 -0.829651 0.023382 0.556468 0.0003670185 0.0000015769 -0.0001502544 0.0000002092 -0.0000006442 0.0000617534 0.0028585076 0.0002768352 0.0000220409 0.0041504598 0.0000088368 0.0026634535
1413394936.30574 1.867885 -0.281548 -0.287512 0.056200 -0.825511 0.033887 0.560558 0.0003702712 0.0000027965 -0.0001467520 0.0000002250 -0.0000011074 0.0000584027 0.0028643240 0.0002943806 0.0000221247 0.0041794765 0.0000090473 0.0026633734
1413394936.40574 1.901597 -0.321285 -0.315325 0.097476 -0.811629 0.060547 0.572791 0.0003801373 0.0000054091 -0.0001354737 0.0000002849 -0.0000019271 0.0000485170 0.0028780749 0.0003314944 0.0000223692 0.0042336187 0.0000094947 0.0026634497
1413394936.50574 1.932900 -0.365537 -0.339734 0.148005 -0.797569 0.086537 0.578351 0.0003855124 0.0000135111 -0.0001281157 0.0000006848 -0.0000044913 0.0000428124 0.0028947312 0.0003727743 0.0000227265 0.0042870551 0.0000099957 0.0026635860
1413394936.60574 1.966275 -0.412799 -0.359003 0.199670 -0.785760 0.110271 0.574938 0.0003850968 0.0000229198 -0.0001274840 0.0000015794 -0.0000075907 0.0000424422 0.0029153586 0.0004192199 0.0000231327 0.0043429356 0.0000105630 0.0026639881
1413394936.70575 2.003732 -0.462629 -0.374796 0.239194 -0.778936 0.139462 0.562668 0.0003817117 0.0000210701 -0.0001323511 0.0000013811 -0.0000073092 0.0000461345 0.0029394496 0.0004703717 0.0000235982 0.0044050957 0.0000112071 0.0026644876
1413394936.80575 2.043025 -0.515827 -0.386823 0.272097 -0.771183 0.163968 0.551683 0.0003792574 0.0000191897 -0.0001358221 0.0000011919 -0.0000068758 0.0000488906 0.0029674776 0.0005260941 0.0000241468 0.0044739462 0.0000119102 0.0026651650
1413394936.90575 2.083888 -0.572840 -0.395316 0.302482 -0.763276 0.183172 0.540705 0.0003762239 0.0000192001 -0.0001395635 0.0000012035 -0.0000071264 0.0000520259 0.0030003562 0.0005874962 0.0000248160 0.0045479237 0.0000126695 0.0026659748
1413394937.00575 2.127367 -0.634536 -0.403805 0.333687 -0.755312 0.200317 0.527285 0.0003714942 0.0000197918 -0.0001449176 0.0000012803 -0.0000077253 0.0000567913 0.0030390865 0.0006557338 0.0000256981 0.0046255006 0.0000134871 0.0026669490
1413394937.10575 2.171139 -0.702500 -0.410829 0.366375 -0.745671 0.217458 0.512304 0.0003661596 0.0000203758 -0.0001505402 0.0000013625 -0.0000083825 0.0000621588 0.0030861870 0.0007324528 0.0000266553 0.0047088212 0.0000144090 0.0026681766
1413394937.20575 2.215234 -0.777981 -0.417642 0.395857 -0.733369 0.234991 0.500247 0.0003634141 0.0000204159 -0.0001533759 0.0000013779 -0.0000086220 0.0000650027 0.0031427678 0.0008179113 0.0000278215 0.0047925958 0.0000154073 0.0026696758
1413394937.25575 2.237017 -0.816481 -0.421119 0.405915 -0.730165 0.245491 0.491759 0.0003616122 0.0000162061 -0.0001556610 0.0000009581 -0.0000069809 0.0000672813 0.0031755193 0.0008645933 0.0000284662 0.0048353405 0.0000159398 0.0026704779
1413394937.30575 2.261022 -0.855323 -0.424410 0.413321 -0.728434 0.256262 0.482576 0.0003596500 0.0000102653 -0.0001580432 0.0000005225 -0.0000045149 0.0000697259 0.0032077992 0.0009109955 0.0000295239 0.0048768292 0.0000164916 0.0026710124
1413394937.35575 2.281607 -0.897646 -0.427708 0.418762 -0.726151 0.265967 0.476030 0.0003590852 0.0000050299 -0.0001588723 0.0000002995 -0.0000022283 0.0000705685 0.0032429312 0.0009595378 0.0000303976 0.0049227813 0.0000170941 0.0026718721
1413394937.45575 2.318725 -0.985272 -0.434330 0.425689 -0.720929 0.279843 0.469828 0.0003604256 -0.0000012255 -0.0001578464 0.0000002353 0.0000005356 0.0000694080 0.0033252709 0.0010616337 0.0000322245 0.0049988023 0.0000183440 0.0026738448
1413394937.55575 2.350196 -1.077132 -0.440771 0.429626 -0.716061 0.287765 0.468902 0.0003629782 -0.0000034810 -0.0001555493 0.0000002666 0.0000014918 0.0000669391 0.0034195728 0.0011686628 0.0000343897 0.0050655135 0.0000197158 0.0026763255
1413394937.65575 2.374906 -1.171677 -0.447930 0.429613 -0.712602 0.292567 0.471207 0.0003663870 -0.0000046214 -0.0001523368 0.0000002937 0.0000019224 0.0000636195 0.0035255014 0.0012790913 0.0000366392 0.0051242500 0.0000212041 0.0026790812
1413394937.75575 2.390882 -1.270753 -0.452931 0.424869 -0.711319 0.297708 0.474216 0.0003702481 -0.0000080678 -0.0001483880 0.0000003980 0.0000032358 0.0000597490 0.0036303082 0.0013892465 0.0000386478 0.0051696978 0.0000231418 0.0026820766
1413394937.85575 2.407767 -1.370041 -0.457226 0.416455 -0.714116 0.299496 0.476345 0.0003720113 -0.0000122496 -0.0001463741 0.0000006282 0.0000048231 0.0000578734 0.0037572887 0.0014980440 0.0000414729 0.0051979505 0.0000249592 0.0026858218
1413394937.95575 2.417541 -1.469492 -0.452870 0.401291 -0.723698 0.298658 0.475425 0.0003705625 -0.0000201365 -0.0001471768 0.0000013127 0.0000080051 0.0000587346 0.0038841298 0.0016066137 0.0000444179 0.0052247026 0.0000256632 0.0026863524
1413394938.05575 2.421753 -1.568054 -0.446289 0.382583 -0.737523 0.297827 0.470094 0.0003654691 -0.0000314202 -0.0001505891 0.0000029231 0.0000129568 0.0000623363 0.0040267117 0.0017103872 0.0000470308 0.0052368077 0.0000273966 0.0026893899
1413394938.15575 2.414486 -1.666254 -0.427834 0.365813 -0.750498 0.295854 0.464116 0.0003591190 -0.0000409445 -0.0001545815 0.0000048934 0.0000176378 0.0000668338 0.0041749700 0.0018066233 0.0000488706 0.0052329034 0.0000290544 0.0026917806
1413394938.25575 2.371536 -1.768816 -0.393907 0.350743 -0.759964 0.289632 0.464271 0.0003558812 -0.0000447373 -0.0001565529 0.0000058344 0.0000196995 0.0000691375 0.0043013028 0.0018919027 0.0000394305 0.0051680180 0.0000237676 0.0026817318
1413394938.35575 2.334199 -1.866725 -0.331320 0.342076 -0.760761 0.272258 0.479690 0.0003614999 -0.0000338453 -0.0001541829 0.0000033792 0.0000144519 0.0000660260 0.0044650355 0.0019433490 0.0000394939 0.0050448886 0.0000215458 0.0026802429
1413394938.45575 2.284831 -1.964191 -0.263385 0.328607 -0.759082 0.259633 0.498400 0.0003704679 -0.0000265206 -0.0001467892 0.0000021115 0.0000105217 0.0000584252 0.0046306974 0.0019964443 0.0000403923 0.0049530165 0.0000208455 0.0026810976
1413394938.55575 2.225003 -2.064023 -0.197659 0.317448 -0.759584 0.238642 0.515082 0.0003758820 -0.0000142344 -0.0001426944 0.0000007536 0.0000054155 0.0000544271 0.0048031799 0.0020374941 0.0000414103 0.0048380003 0.0000178263 0.0026813809
1413394938.65575 2.165697 -2.164244 -0.145275 0.302865 -0.768006 0.213499 0.522358 0.0003740823 -0.0000046265 -0.0001454092 0.0000002746 0.0000018076 0.0000567807 0.0049888298 0.0020705557 0.0000425022 0.0047174552 0.0000156553 0.0026816316
1413394938.75575 2.102325 -2.259279 -0.103016 0.280632 -0.780975 0.191055 0.524234 0.0003696886 -0.0000016291 -0.0001502505 0.0000002286 0.0000006702 0.0000613336 0.0051882450 0.0021022503 0.0000438186 0.0046079766 0.0000145970 0.0026829991
1413394938.85575 2.037310 -2.354383 -0.070409 0.248020 -0.795567 0.176107 0.523971 0.0003658258 -0.0000080509 -0.0001540353 0.0000004031 0.0000033990 0.0000651355 0.0053857834 0.0021202866 0.0000451366 0.0044950944 0.0000130135 0.0026844907
1413394938.95575 1.968558 -2.449695 -0.050626 0.199368 -0.807928 0.174499 0.526360 0.0003651600 -0.0000286137 -0.0001523206 0.0000024739 0.0000119491 0.0000638211 0.0055890246 0.0021286413 0.0000465021 0.0043806663 0.0000111911 0.0026857993
1413394939.05575 1.892665 -2.536849 -0.039387 0.143621 -0.814254 0.174199 0.534807 0.0003659011 -0.0000516595 -0.0001454816 0.0000075332 0.0000205575 0.0000581288 0.0057893909 0.0021206522 0.0000475911 0.0042605486 0.0000095255 0.0026874652
1413394939.15575 1.812519 -2.610410 -0.034620 0.094130 -0.816634 0.163619 0.545414 0.0003664459 -0.0000653933 -0.0001393828 0.0000119172 0.0000248926 0.0000533037 0.0059652520 0.0020879310 0.0000483290 0.0041328133 0.0000080931 0.0026888593
1413394939.25575 1.724312 -2.672427 -0.045226 0.059347 -0.818544 0.138732 0.554272 0.0003683108 -0.0000643496 -0.0001379493 0.0000114955 0.0000241191 0.0000519604 0.0061065693 0.0020345155 0.0000483231 0.0040074580 0.0000062657 0.0026892077
1413394939.35575 1.634374 -2.722308 -0.059127 0.037033 -0.819377 0.109435 0.561493 0.0003719109 -0.0000552626 -0.0001379975 0.0000084676 0.0000205181 0.0000515004 0.0062251187 0.0019608350 0.0000486868 0.0038783370 0.0000047445 0.0026906224
1413394939.45575 1.541173 -2.759388 -0.071764 0.035292 -0.819848 0.070765 0.567094 0.0003772824 -0.0000307728 -0.0001395254 0.0000027665 0.0000113845 0.0000518972 0.0063193462 0.0018751223 0.0000485700 0.0037533091 0.0000039495 0.0026903151
1413394939.55575 1.446798 -2.795560 -0.061180 0.040518 -0.817118 0.038318 0.573767 0.0003821817 -0.0000066815 -0.0001371065 0.0000003770 0.0000023937 0.0000494838 0.0063976442 0.0017798758 0.0000487009 0.0036319574 0.0000047459 0.0026903984
1413394939.65575 1.353031 -2.829246 -0.040205 0.027494 -0.814555 0.036755 0.578267 0.0003849112 -0.0000116070 -0.0001335019 0.0000006147 0.0000040204 0.0000465997 0.0064892321 0.0016840389 0.0000489136 0.0035186634 0.0000038105 0.0026914199
1413394939.75575 1.249345 -2.860758 -0.019970 0.002614 -0.814493 0.047019 0.578259 0.0003836364 -0.0000299567 -0.0001323404 0.0000026021 0.0000103278 0.0000459385 0.0065680677 0.0015859498 0.0000479644 0.0034129937 0.0000039284 0.0026867184
1413394939.85575 1.152963 -2.881637 0.014841 -0.028910 -0.815152 0.060121 0.575393 0.0003774269 -0.0000530045 -0.0001329366 0.0000077096 0.0000186677 0.0000471076 0.0066319054 0.0014659230 0.0000472659 0.0033050000 0.0000023593 0.0026863774
1413394939.95575 1.052640 -2.894147 0.044020 -0.038669 -0.821527 0.042624 0.567258 0.0003727602 -0.0000457703 -0.0001410310 0.0000058828 0.0000173143 0.0000536439 0.0066554799 0.0013459474 0.0000462107 0.0032124588 0.0000009848 0.0026862863
1413394940.05575 0.954532 -2.893287 0.060846 -0.034795 -0.831812 0.007586 0.553915 0.0003666017 -0.0000204389 -0.0001532348 0.0000013973 0.0000085345 0.0000643430 0.0066652622 0.0012173721 0.0000451556 0.0031246320 -0.0000002662 0.0026863547
1413394940.15575 0.850829 -2.892116 0.065843 -0.049413 -0.834669 -0.009922 0.548442 0.0003631510 -0.0000150156 -0.0001572110 0.0000008760 0.0000064893 0.0000683523 0.0066525567 0.0010867558 0.0000443170 0.0030459945 -0.0000009174 0.0026862527
1413394940.25575 0.743256 -2.886179 0.059983 -0.074426 -0.829016 -0.023717 0.553742 0.0003670957 -0.0000172660 -0.0001530877 0.0000010642 0.0000071875 0.0000641302 0.0066425013 0.0009474101 0.0000432295 0.0029712710 -0.0000012713 0.0026857832
1413394940.35576 0.630131 -2.876535 0.043490 -0.103261 -0.819038 -0.040787 0.562894 0.0003741179 -0.0000199593 -0.0001454776 0.0000013162 0.0000077480 0.0000568511 0.0066154716 0.0008006563 0.0000421980 0.0029046763 -0.0000020742 0.0026854795
1413394940.45575 0.523254 -2.862708 0.020320 -0.134958 -0.809314 -0.059939 0.568511 0.0003788124 -0.0000229865 -0.0001397738 0.0000016509 0.0000084673 0.0000518514 0.0065821758 0.0006542129 0.0000408455 0.0028491316 -0.0000028576 0.0026855758
1413394940.55575 0.417253 -2.843747 0.005080 -0.159709 -0.801261 -0.087708 0.569896 0.0003827150 -0.0000168934 -0.0001358490 0.0000009988 0.0000059812 0.0000484929 0.0065316874 0.0005164069 0.0000396814 0.0028063754 -0.0000033580 0.0026841179
1413394940.65575 0.304422 -2.823097 -0.009467 -0.174328 -0.797425 -0.127237 0.563502 0.0003841443 0.0000024875 -0.0001350189 0.0000002698 -0.0000008950 0.0000477235 0.0064745605 0.0003803281 0.0000388912 0.0027734767 -0.0000034959 0.0026832388
1413394940.75576 0.195778 -2.802567 -0.018715 -0.184950 -0.795169 -0.159583 0.555007 0.0003830905 0.0000194506 -0.0001349794 0.0000012440 -0.0000068791 0.0000478233 0.0064298013 0.0002352496 0.0000384802 0.0027489443 -0.0000040968 0.0026830879
1413394940.85576 0.084301 -2.789656 -0.016701 -0.198891 -0.791470 -0.169921 0.552399 0.0003833823 0.0000197378 -0.0001347046 0.0000012766 -0.0000069619 0.0000475953 0.0064018507 0.0000950240 0.0000375445 0.0027362014 -0.0000048535 0.0026833435
1413394940.95576 -0.030786 -2.782433 0.001213 -0.219111 -0.787656 -0.159115 0.553418 0.0003830756 0.0000030285 -0.0001366132 0.0000002871 -0.0000011043 0.0000489881 0.0063910417 -0.0000471988 0.0000364777 0.0027345530 -0.0000055987 0.0026836327
1413394941.00576 -0.092664 -2.781544 0.019198 -0.232239 -0.786950 -0.149581 0.551725 0.0003800083 -0.0000087910 -0.0001398913 0.0000004617 0.0000032118 0.0000517568 0.0063814977 -0.0001199010 0.0000365141 0.0027376040 -0.0000059605 0.0026828517
1413394941.05576 -0.153400 -2.779500 0.034670 -0.245797 -0.786657 -0.139790 0.548829 0.0003753915 -0.0000203927 -0.0001439507 0.0000013654 0.0000077980 0.0000554598 0.0063797555 -0.0001965300 0.0000360223 0.0027443555 -0.0000062813 0.0026826873
1413394941.10576 -0.213064 -2.774866 0.048507 -0.260842 -0.786663 -0.128778 0.544554 0.0003687407 -0.0000327675 -0.0001487460 0.0000031679 0.0000131996 0.0000602618 0.0063714271 -0.0002712885 0.0000357599 0.0027540425 -0.0000067197 0.0026821656
1413394941.20576 -0.315250 -2.759246 0.071245 -0.285900 -0.785534 -0.116195 0.536374 0.0003567955 -0.0000491003 -0.0001558875 0.0000070163 0.0000214406 0.0000683718 0.0063329281 -0.0004130163 0.0000352960 0.0027819189 -0.0000076646 0.0026821941
1413394941.30576 -0.421800 -2.730611 0.101139 -0.299353 -0.786101 -0.113086 0.528815 0.0003491206 -0.0000541855 -0.0001609157 0.0000086722 0.0000249660 0.0000744365 0.0062657940 -0.0005295569 0.0000346463 0.0028149555 -0.0000084266 0.0026825530
1413394941.40576 -0.536889 -2.687163 0.138468 -0.301080 -0.791175 -0.118935 0.518891 0.0003442794 -0.0000481561 -0.0001666309 0.0000069903 0.0000232989 0.0000809198 0.0061603227 -0.0006470648 0.0000344711 0.0028589655 -0.0000094105 0.0026826118
1413394941.50575 -0.647974 -2.628917 0.179687 -0.281924 -0.796519 -0.148544 0.513819 0.0003516677 -0.0000209339 -0.0001664176 0.0000014944 0.0000098905 0.0000790222 0.0060234353 -0.0007722764 0.0000333247 0.0029200057 -0.0000103835 0.0026829842
1413394941.60576 -0.763568 -2.561935 0.222205 -0.261464 -0.799624 -0.178818 0.510158 0.0003572384 0.0000072841 -0.0001628384 0.0000003882 -0.0000033415 0.0000744917 0.0058653294 -0.0008852883 0.0000324648 0.0029911625 -0.0000113492 0.0026829223
1413394941.70575 -0.886643 -2.492089 0.264839 -0.255138 -0.795593 -0.199297 0.512071 0.0003628388 0.0000218319 -0.0001564866 0.0000015594 -0.0000094415 0.0000677548 0.0057134761 -0.0009992898 0.0000306244 0.0030795184 -0.0000119537 0.0026837322
1413394941.75575 -0.945208 -2.456450 0.282756 -0.257300 -0.790477 -0.204857 0.516697 0.0003673272 0.0000228810 -0.0001519641 0.0000016702 -0.0000094929 0.0000631282 0.0056393705 -0.0010555433 0.0000302703 0.0031295652 -0.0000122041 0.0026839279
1413394941.80575 -1.014153 -2.421133 0.302231 -0.261714 -0.785515 -0.207295 0.521057 0.0003712696 0.0000209285 -0.0001482218 0.0000014245 -0.0000083817 0.0000594327 0.0055635284 -0.0011060406 0.0000297826 0.0031804421 -0.0000125091 0.0026842718
1413394941.85575 -1.084203 -2.386327 0.320647 -0.273774 -0.778629 -0.198489 0.528570 0.0003750091 0.0000077145 -0.0001454531 0.0000004006 -0.0000030135 0.0000566726 0.0054912843 -0.0011658412 0.0000291720 0.0032437385 -0.0000128780 0.0026845979
1413394941.90575 -1.155696 -2.350543 0.337953 -0.288436 -0.771572 -0.185449 0.535808 0.0003766109 -0.0000094341 -0.0001435921 0.0000004778 0.0000035798 0.0000550038 0.0054199006 -0.0012243099 0.0000284967 0.0033119109 -0.0000131841 0.0026849751
1413394941.95575 -1.226382 -2.314856 0.354636 -0.305958 -0.763785 -0.168371 0.542839 0.0003753424 -0.0000303458 -0.0001421506 0.0000026969 0.0000114801 0.0000540901 0.0053466354 -0.0012809997 0.0000276941 0.0033854244 -0.0000134035 0.0026852255
1413394942.00575 -1.293612 -2.278989 0.371910 -0.322588 -0.756475 -0.151362 0.548427 0.0003714240 -0.0000501533 -0.0001409099 0.0000070182 0.0000190189 0.0000537132 0.0052721252 -0.0013330123 0.0000272688 0.0034613646 -0.0000138657 0.0026855515
1413394942.05575 -1.359140 -2.240225 0.391085 -0.337597 -0.749545 -0.135551 0.553025 0.0003659932 -0.0000677820 -0.0001394629 0.0000128025 0.0000258244 0.0000533990 0.0051957031 -0.0013778671 0.0000266584 0.0035366299 -0.0000142126 0.0026857279
1413394942.10575 -1.425707 -2.196060 0.406959 -0.353000 -0.741755 -0.119175 0.557662 0.0003587747 -0.0000854934 -0.0001373201 0.0000206264 0.0000327234 0.0000528158 0.0051126678 -0.0014152477 0.0000259896 0.0036120608 -0.0000145325 0.0026857997
1413394942.15575 -1.486352 -2.149731 0.425616 -0.367136 -0.735313 -0.105673 0.559785 0.0003504768 -0.0000995586 -0.0001361797 0.0000285386 0.0000386907 0.0000531710 0.0050164542 -0.0014454209 0.0000252859 0.0036905689 -0.0000148145 0.0026854172
1413394942.20575 -1.541981 -2.098467 0.446655 -0.380191 -0.728648 -0.096515 0.561438 0.0003432755 -0.0001103253 -0.0001348009 0.0000357198 0.0000433348 0.0000531943 0.0049177530 -0.0014651790 0.0000245995 0.0037639219 -0.0000151236 0.0026855453
1413394942.25575 -1.591292 -2.041078 0.467475 -0.393249 -0.722383 -0.090135 0.561600 0.0003361237 -0.0001187610 -0.0001341761 0.0000422278 0.0000474237 0.0000538223 0.0048100136 -0.0014727941 0.0000241334 0.0038316863 -0.0000154070 0.0026853645
1413394942.30576 -1.636405 -1.977487 0.490352 -0.405748 -0.717311 -0.087265 0.559659 0.0003296202 -0.0001241809 -0.0001349023 0.0000470523 0.0000508433 0.0000554740 0.0046930796 -0.0014673039 0.0000239352 0.0038920245 -0.0000157359 0.0026849499
1413394942.35576 -1.675398 -1.906470 0.516488 -0.416492 -0.711746 -0.091097 0.558259 0.0003272735 -0.0001261352 -0.0001350607 0.0000488851 0.0000520763 0.0000560026 0.0045703695 -0.0014511514 0.0000232576 0.0039472396 -0.0000158253 0.0026849705
1413394942.40576 -1.707429 -1.830070 0.543726 -0.425763 -0.708103 -0.098514 0.554626 0.0003263834 -0.0001249947 -0.0001368590 0.0000481405 0.0000524366 0.0000576554 0.0044401333 -0.0014228135 0.0000226173 0.0039953271 -0.0000158444 0.0026848256
1413394942.45576 -1.734233 -1.746451 0.570935 -0.434155 -0.702650 -0.110963 0.552702 0.0003291893 -0.0001222454 -0.0001370741 0.0000456674 0.0000509264 0.0000573466 0.0043051456 -0.0013827528 0.0000218898 0.0040353107 -0.0000158176 0.0026848007
1413394942.50576 -1.753109 -1.658274 0.594123 -0.442672 -0.697008 -0.125955 0.549870 0.0003329418 -0.0001180751 -0.0001375779 0.0000421434 0.0000488138 0.0000571197 0.0041676026 -0.0013328166 0.0000216200 0.0040680006 -0.0000159093 0.0026844304
1413394942.55576 -1.768617 -1.565843 0.614755 -0.452019 -0.689779 -0.141123 0.547693 0.0003368550 -0.0001146482 -0.0001371022 0.0000392889 0.0000466847 0.0000560720 0.0040326059 -0.0012734442 0.0000210067 0.0040895753 -0.0000158247 0.0026842724
1413394942.60576 -1.780505 -1.469163 0.631800 -0.461756 -0.682699 -0.157433 0.543984 0.0003406855 -0.0001102997 -0.0001372392 0.0000359778 0.0000444535 0.0000555560 0.0038984578 -0.0012073662 0.0000206861 0.0041066824 -0.0000159052 0.0026839991
1413394942.65576 -1.789246 -1.368337 0.644935 -0.471417 -0.673633 -0.175058 0.541608 0.0003457846 -0.0001062447 -0.0001357118 0.0000329116 0.0000417182 0.0000535350 0.0037689558 -0.0011360948 0.0000200669 0.0041187367 -0.0000157927 0.0026838056
1413394942.70575 -1.790626 -1.266386 0.653137 -0.479429 -0.664676 -0.195911 0.538491 0.0003527346 -0.0000999226 -0.0001336901 0.0000285717 0.0000378896 0.0000509406 0.0036430941 -0.0010591601 0.0000196491 0.0041257198 -0.0000157810 0.0026835607
1413394942.75576 -1.791640 -1.161459 0.657288 -0.482085 -0.656963 -0.225350 0.534051 0.0003647253 -0.0000869937 -0.0001298985 0.0000210119 0.0000309969 0.0000465319 0.0035262292 -0.0009778145 0.0000191169 0.0041217912 -0.0000156637 0.0026834270
1413394942.80576 -1.783078 -1.057739 0.656697 -0.479847 -0.648886 -0.261871 0.529261 0.0003801495 -0.0000682265 -0.0001223615 0.0000125028 0.0000219693 0.0000396490 0.0034165513 -0.0008952089 0.0000187769 0.0041181314 -0.0000156904 0.0026832186
1413394942.85575 -1.772374 -0.953333 0.651582 -0.474593 -0.640345 -0.301080 0.523518 0.0003949653 -0.0000460788 -0.0001115058 0.0000056310 0.0000130129 0.0000317394 0.0033191007 -0.0008110399 0.0000184268 0.0041006963 -0.0000155981 0.0026830534
1413394942.90575 -1.762804 -0.850229 0.643184 -0.467213 -0.631181 -0.341359 0.516523 0.0004072901 -0.0000218784 -0.0000976209 0.0000014294 0.0000052444 0.0000236534 0.0032311517 -0.0007278558 0.0000180327 0.0040818301 -0.0000154701 0.0026829999
1413394942.95575 -1.752693 -0.749540 0.629956 -0.460827 -0.620373 -0.378295 0.509577 0.0004156700 -0.0000002982 -0.0000821476 0.0000002561 0.0000000574 0.0000164863 0.0031546914 -0.0006491301 0.0000174155 0.0040672444 -0.0000151638 0.0026830988
1413394943.00575 -1.741988 -0.652783 0.611200 -0.458287 -0.608714 -0.408810 0.502310 0.0004202261 0.0000156885 -0.0000684242 0.0000008436 -0.0000025567 0.0000113917 0.0030884905 -0.0005733907 0.0000169045 0.0040527428 -0.0000149810 0.0026833027
1413394943.05575 -1.731410 -0.560999 0.587592 -0.459278 -0.596793 -0.433629 0.494841 0.0004225850 0.0000267052 -0.0000571477 0.0000019476 -0.0000036134 0.0000079784 0.0030330025 -0.0005020835 0.0000163488 0.0040387540 -0.0000147892 0.0026836643
1413394943.10575 -1.724394 -0.471452 0.562840 -0.463587 -0.584540 -0.454084 0.487041 0.0004238832 0.0000337034 -0.0000482134 0.0000029410 -0.0000038349 0.0000057341 0.0029872727 -0.0004355987 0.0000159393 0.0040261650 -0.0000147455 0.0026839914
1413394943.15575 -1.717132 -0.390258 0.535026 -0.469855 -0.572094 -0.471902 0.478804 0.0004246940 0.0000382646 -0.0000409636 0.0000037101 -0.0000036918 0.0000042014 0.0029492675 -0.0003728577 0.0000155252 0.0040193879 -0.0000146718 0.0026843231
1413394943.20575 -1.712715 -0.314666 0.505240 -0.477214 -0.559333 -0.487553 0.470855 0.0004253878 0.0000408978 -0.0000346331 0.0000041953 -0.0000033301 0.0000030700 0.0029204481 -0.0003172885 0.0000152257 0.0040129916 -0.0000147057 0.0026847120
1413394943.25575 -1.712131 -0.242859 0.475225 -0.485956 -0.547009 -0.501077 0.462115 0.0004258123 0.0000422635 -0.0000301801 0.0000044519 -0.0000029972 0.0000023870 0.0028971268 -0.0002651627 0.0000152869 0.0040081447 -0.0000154053 0.0026846222
1413394943.30575 -1.711313 -0.181895 0.446936 -0.495777 -0.534425 -0.512079 0.454279 0.0004264257 0.0000414246 -0.0000269545 0.0000042766 -0.0000026209 0.0000019486 0.0028789604 -0.0002165784 0.0000153913 0.0040097464 -0.0000162763 0.0026842443
1413394943.35575 -1.715157 -0.126123 0.416718 -0.506847 -0.522746 -0.521012 0.445408 0.0004269159 0.0000397837 -0.0000258190 0.0000039587 -0.0000024091 0.0000018048 0.0028672226 -0.0001776108 0.0000152820 0.0040133104 -0.0000167626 0.0026843572
1413394943.40575 -1.723145 -0.077739 0.389933 -0.518527 -0.512198 -0.528510 0.435270 0.0004270717 0.0000383940 -0.0000267512 0.0000037007 -0.0000024096 0.0000019163 0.0028586728 -0.0001430311 0.0000151497 0.0040237828 -0.0000172837 0.0026843254
1413394943.45575 -1.734160 -0.036412 0.365698 -0.530098 -0.503843 -0.535299 0.422604 0.0004265423 0.0000390290 -0.0000298913 0.0000038197 -0.0000027410 0.0000023331 0.0028529970 -0.0001140028 0.0000150792 0.0040415486 -0.0000179797 0.0026842491
1413394943.50575 -1.748601 -0.001532 0.348836 -0.541561 -0.496372 -0.540846 0.409649 0.0004257452 0.0000397524 -0.0000339710 0.0000039554 -0.0000031797 0.0000029460 0.0028491530 -0.0000887302 0.0000149120 0.0040627507 -0.0000185069 0.0026836126
1413394943.55575 -1.764939 0.022508 0.331768 -0.555789 -0.491100 -0.541896 0.395308 0.0004241484 0.0000394434 -0.0000428492 0.0000039102 -0.0000039933 0.0000045621 0.0028467407 -0.0000672357 0.0000147005 0.0040906667 -0.0000189471 0.0026833717
1413394943.60575 -1.786036 0.045053 0.316720 -0.571484 -0.487402 -0.539077 0.381106 0.0004215877 0.0000381055 -0.0000546747 0.0000036832 -0.0000049507 0.0000073219 0.0028454834 -0.0000535352 0.0000145077 0.0041210672 -0.0000193270 0.0026831952
1413394943.65575 -1.810788 0.058587 0.303337 -0.588629 -0.485837 -0.531539 0.367347 0.0004173590 0.0000353796 -0.0000700547 0.0000032364 -0.0000059483 0.0000119907 0.0028446011 -0.0000401872 0.0000142993 0.0041606314 -0.0000196827 0.0026832316
1413394943.70575 -1.837819 0.070029 0.290910 -0.606395 -0.481307 -0.520621 0.359975 0.0004132922 0.0000270137 -0.0000838902 0.0000019981 -0.0000054919 0.0000172597 0.0028441119 -0.0000321630 0.0000140626 0.0042032735 -0.0000196654 0.0026831218
1413394943.75576 -1.867172 0.074526 0.278853 -0.620650 -0.477313 -0.512507 0.352566 0.0004088942 0.0000213988 -0.0000949990 0.0000013499 -0.0000049796 0.0000223043 0.0028438184 -0.0000250900 0.0000138704 0.0042504956 -0.0000198830 0.0026831983
1413394943.80576 -1.898676 0.077285 0.266172 -0.632405 -0.471209 -0.504851 0.350929 0.0004059717 0.0000130481 -0.0001020913 0.0000006456 -0.0000032878 0.0000259060 0.0028436659 -0.0000229276 0.0000136987 0.0043011842 -0.0000199857 0.0026832196
1413394943.85576 -1.931589 0.077816 0.252893 -0.642158 -0.463185 -0.497156 0.354864 0.0004042522 0.0000016689 -0.0001059974 0.0000002288 -0.0000004426 0.0000280258 0.0028435568 -0.0000210888 0.0000135144 0.0043550825 -0.0000201118 0.0026832130
1413394943.90576 -1.965816 0.075769 0.237504 -0.650478 -0.455460 -0.489769 0.359946 0.0004023872 -0.0000095561 -0.0001088086 0.0000004449 0.0000025807 0.0000296554 0.0028435333 -0.0000216782 0.0000133658 0.0044113964 -0.0000202493 0.0026832147
1413394943.95577 -2.000761 0.069843 0.220043 -0.658543 -0.449392 -0.481160 0.364492 0.0003992270 -0.0000200787 -0.0001126348 0.0000012234 0.0000056632 0.0000320112 0.0028435904 -0.0000248445 0.0000132330 0.0044696360 -0.0000202456 0.0026831624
1413394944.00576 -2.035503 0.063343 0.202090 -0.663161 -0.447239 -0.476521 0.364858 0.0003967639 -0.0000241786 -0.0001157158 0.0000016821 0.0000070507 0.0000339819 0.0028437893 -0.0000316875 0.0000131439 0.0045285716 -0.0000202577 0.0026831069
1413394944.05576 -2.069153 0.056902 0.185244 -0.665461 -0.448659 -0.474827 0.361118 0.0003947576 -0.0000227861 -0.0001189401 0.0000015180 0.0000068646 0.0000360705 0.0028440324 -0.0000388572 0.0000131000 0.0045874704 -0.0000201815 0.0026829883
1413394944.10576 -2.102553 0.048694 0.170608 -0.666258 -0.451258 -0.474214 0.357194 0.0003932823 -0.0000200352 -0.0001215230 0.0000012190 0.0000061896 0.0000377845 0.0028443780 -0.0000459218 0.0000130695 0.0046455515 -0.0000201650 0.0026829174
1413394944.15576 -2.135886 0.039890 0.158025 -0.666234 -0.453792 -0.474468 0.353674 0.0003923780 -0.0000170111 -0.0001232513 0.0000009321 0.0000053409 0.0000389489 0.0028449128 -0.0000549199 0.0000130400 0.0047041752 -0.0000202047 0.0026828526
1413394944.20576 -2.168494 0.029637 0.148041 -0.666881 -0.454331 -0.474936 0.351124 0.0003917567 -0.0000153569 -0.0001242465 0.0000007912 0.0000048674 0.0000396378 0.0028454580 -0.0000645828 0.0000130537 0.0047638237 -0.0000201839 0.0026826836
1413394944.25576 -2.200256 0.019181 0.139304 -0.670466 -0.454634 -0.472195 0.347585 0.0003890448 -0.0000152840 -0.0001279871 0.0000007881 0.0000050248 0.0000423392 0.0028463518 -0.0000757322 0.0000130964 0.0048228807 -0.0000202580 0.0026826828
1413394944.30576 -2.231469 0.008514 0.132610 -0.674675 -0.455650 -0.468645 0.342884 0.0003854461 -0.0000147493 -0.0001327537 0.0000007496 0.0000050765 0.0000459578 0.0028472844 -0.0000868632 0.0000131603 0.0048813162 -0.0000203382 0.0026826666
1413394944.35576 -2.261367 -0.000144 0.130053 -0.679656 -0.457422 -0.463854 0.337154 0.0003806607 -0.0000139607 -0.0001386897 0.0000006945 0.0000050839 0.0000507667 0.0028481964 -0.0000971122 0.0000132667 0.0049378988 -0.0000203447 0.0026826005
1413394944.40576 -2.290827 -0.008757 0.131250 -0.685029 -0.460083 -0.459270 0.328831 0.0003748199 -0.0000114306 -0.0001455254 0.0000005284 0.0000044354 0.0000567380 0.0028488248 -0.0001064117 0.0000133123 0.0049934823 -0.0000203665 0.0026825169
1413394944.45576 -2.318958 -0.016385 0.136409 -0.690622 -0.462538 -0.455751 0.318420 0.0003686478 -0.0000074839 -0.0001522527 0.0000003322 0.0000030872 0.0000631227 0.0028498281 -0.0001146275 0.0000133244 0.0050481442 -0.0000204874 0.0026825540
1413394944.50576 -2.345779 -0.020455 0.141344 -0.697679 -0.461595 -0.452891 0.308324 0.0003627518 -0.0000049774 -0.0001580681 0.0000002498 0.0000021644 0.0000691247 0.0028508672 -0.0001223363 0.0000133393 0.0051018276 -0.0000205825 0.0026826070
1413394944.55575 -2.376478 -0.022631 0.142728 -0.707550 -0.454964 -0.449170 0.301044 0.0003570820 -0.0000070720 -0.0001630518 0.0000003205 0.0000032272 0.0000747004 0.0028508581 -0.0001260412 0.0000134601 0.0051530194 -0.0000205554 0.0026824660
1413394944.60575 -2.400517 -0.022880 0.142247 -0.719170 -0.445887 -0.444612 0.293768 0.0003508778 -0.0000103101 -0.0001680807 0.0000004848 0.0000049373 0.0000807678 0.0028512817 -0.0001277890 0.0000134458 0.0052129069 -0.0000206657 0.0026825068
1413394944.65576 -2.423231 -0.021981 0.138294 -0.732447 -0.435435 -0.439007 0.284940 0.0003429564 -0.0000136769 -0.0001739383 0.0000007287 0.0000069357 0.0000884753 0.0028514830 -0.0001270268 0.0000133990 0.0052591225 -0.0000207660 0.0026825209
1413394944.70576 -2.443850 -0.018938 0.132046 -0.746010 -0.423886 -0.434066 0.274547 0.0003346308 -0.0000159906 -0.0001795606 0.0000009489 0.0000085801 0.0000966161 0.0028515648 -0.0001244196 0.0000133531 0.0053016396 -0.0000208674 0.0026826053
1413394944.75576 -2.460790 -0.013696 0.123472 -0.759241 -0.410914 -0.430597 0.263229 0.0003269562 -0.0000173872 -0.0001843048 0.0000011108 0.0000098008 0.0001041639 0.0028515002 -0.0001192516 0.0000132740 0.0053389716 -0.0000209591 0.0026826974
1413394944.80576 -2.475634 -0.006317 0.111266 -0.771925 -0.396065 -0.428687 0.251974 0.0003203822 -0.0000185265 -0.0001880247 0.0000012583 0.0000108725 0.0001106242 0.0028511705 -0.0001113659 0.0000131366 0.0053691350 -0.0000210369 0.0026827384
1413394944.85575 -2.485651 0.004407 0.098808 -0.783160 -0.379974 -0.429117 0.241118 0.0003159282 -0.0000191604 -0.0001903924 0.0000013499 0.0000115463 0.0001150192 0.0028506993 -0.0001004131 0.0000130114 0.0053930683 -0.0000211023 0.0026828315
1413394944.90575 -2.506023 0.010864 0.082304 -0.792596 -0.362713 -0.432674 0.230270 0.0003138103 -0.0000191740 -0.0001915053 0.0000013558 0.0000117018 0.0001171454 0.0028489362 -0.0000860362 0.0000127247 0.0054054714 -0.0000211051 0.0026828229
1413394944.95575 -2.509136 0.025066 0.066055 -0.800973 -0.344142 -0.437883 0.219697 0.0003139470 -0.0000187533 -0.0001914937 0.0000013040 0.0000114383 0.0001170783 0.0028485266 -0.0000773428 0.0000125813 0.0054415751 -0.0000212086 0.0026828729
1413394945.00575 -2.507829 0.041730 0.049302 -0.806514 -0.325793 -0.446939 0.208901 0.0003171827 -0.0000170792 -0.0001899716 0.0000011022 0.0000102272 0.0001140485 0.0028469873 -0.0000586736 0.0000124134 0.0054385184 -0.0000212389 0.0026829060
1413394945.05575 -2.502546 0.062612 0.033353 -0.809047 -0.308656 -0.459947 0.196528 0.0003235708 -0.0000129101 -0.0001867782 0.0000006972 0.0000074481 0.0001080763 0.0028460982 -0.0000375278 0.0000122292 0.0054267706 -0.0000212010 0.0026829664
1413394945.10575 -2.492946 0.087259 0.015464 -0.810778 -0.291339 -0.473597 0.182938 0.0003303753 -0.0000079741 -0.0001829816 0.0000003743 0.0000044103 0.0001015990 0.0028454809 -0.0000123640 0.0000120298 0.0054075800 -0.0000211097 0.0026830039
1413394945.15575 -2.479283 0.113909 -0.001471 -0.811465 -0.274667 -0.487299 0.169183 0.0003373967 -0.0000027906 -0.0001785626 0.0000002043 0.0000014689 0.0000947471 0.0028451859 0.0000166351 0.0000117739 0.0053799850 -0.0000209867 0.0026830230
1413394945.20575 -2.462067 0.143328 -0.018411 -0.811766 -0.257838 -0.500295 0.155758 0.0003441292 0.0000018374 -0.0001738181 0.0000001907 -0.0000009375 0.0000880332 0.0028457297 0.0000473675 0.0000115235 0.0053454149 -0.0000208552 0.0026830827
1413394945.25575 -2.443716 0.174055 -0.034242 -0.811533 -0.239846 -0.513199 0.143231 0.0003511804 0.0000051717 -0.0001683263 0.0000002564 -0.0000024892 0.0000809132 0.0028471272 0.0000799555 0.0000112418 0.0053043375 -0.0000206666 0.0026831240
1413394945.30575 -2.423414 0.208729 -0.051248 -0.811058 -0.222793 -0.525252 0.129068 0.0003572764 0.0000095696 -0.0001629876 0.0000004335 -0.0000043761 0.0000745789 0.0028488445 0.0001133320 0.0000108450 0.0052604917 -0.0000200624 0.0026826389
1413394945.35575 -2.400398 0.242679 -0.063799 -0.808233 -0.205316 -0.539353 0.117058 0.0003655266 0.0000126588 -0.0001552402 0.0000006160 -0.0000053878 0.0000661494 0.0028528827 0.0001498443 0.0000105422 0.0052161286 -0.0000198433 0.0026826629
1413394945.40575 -2.377163 0.279389 -0.075376 -0.802464 -0.186244 -0.556732 0.106840 0.0003762588 0.0000142856 -0.0001439955 0.0000007202 -0.0000054794 0.0000553183 0.0028579388 0.0001846319 0.0000102328 0.0051676414 -0.0000195940 0.0026826616
1413394945.45575 -2.353600 0.317261 -0.087024 -0.797833 -0.163549 -0.571360 0.101302 0.0003856221 0.0000101313 -0.0001332616 0.0000004445 -0.0000035127 0.0000462569 0.0028646392 0.0002211426 0.0000099117 0.0051212857 -0.0000194111 0.0026826717
1413394945.50575 -2.330360 0.355119 -0.098810 -0.796034 -0.136115 -0.580800 0.102341 0.0003919425 -0.0000021287 -0.0001252303 0.0000001908 0.0000006700 0.0000402135 0.0028728418 0.0002576175 0.0000095702 0.0050755964 -0.0000192665 0.0026827108
1413394945.55575 -2.308653 0.392578 -0.110316 -0.795427 -0.107964 -0.587284 0.103621 0.0003953438 -0.0000158704 -0.0001193149 0.0000008175 0.0000047807 0.0000362070 0.0028820785 0.0002923166 0.0000092247 0.0050312445 -0.0000191061 0.0026825831
1413394945.60575 -2.288370 0.428747 -0.121680 -0.796253 -0.081001 -0.590663 0.102650 0.0003958680 -0.0000281749 -0.0001162687 0.0000021871 0.0000082673 0.0000343446 0.0028921720 0.0003252986 0.0000088973 0.0049913892 -0.0000190277 0.0026826483
1413394945.65575 -2.268937 0.462617 -0.132431 -0.796816 -0.053278 -0.593211 0.101718 0.0003950048 -0.0000409667 -0.0001138259 0.0000044323 0.0000117984 0.0000329941 0.0029027992 0.0003559382 0.0000085767 0.0049538696 -0.0000189887 0.0026827362
1413394945.70575 -2.249143 0.493268 -0.141238 -0.798275 -0.027764 -0.593729 0.097323 0.0003926638 -0.0000504959 -0.0001136710 0.0000066731 0.0000146125 0.0000330965 0.0029129360 0.0003828515 0.0000085014 0.0049171916 -0.0000185567 0.0026819075
1413394945.75575 -2.230829 0.521176 -0.151213 -0.799574 -0.001778 -0.593460 0.092103 0.0003894056 -0.0000596064 -0.0001143150 0.0000093037 0.0000174939 0.0000337466 0.0029228695 0.0004059594 0.0000082525 0.0048817115 -0.0000184746 0.0026818819
1413394945.80575 -2.212816 0.545841 -0.159850 -0.800679 0.022699 -0.592806 0.083536 0.0003862616 -0.0000657668 -0.0001156890 0.0000113764 0.0000196945 0.0000348355 0.0029320543 0.0004253739 0.0000080743 0.0048466133 -0.0000183533 0.0026817773
1413394945.85575 -2.195086 0.566520 -0.168638 -0.800683 0.047693 -0.592616 0.073739 0.0003833726 -0.0000711809 -0.0001167244 0.0000133938 0.0000216697 0.0000357224 0.0029405008 0.0004414216 0.0000078544 0.0048121173 -0.0000182484 0.0026817447
1413394945.90575 -2.180263 0.582300 -0.177382 -0.799738 0.073517 -0.592416 0.063694 0.0003802575 -0.0000767232 -0.0001176450 0.0000156547 0.0000237349 0.0000365772 0.0029473368 0.0004535805 0.0000077559 0.0047820490 -0.0000180400 0.0026816138
1413394945.95574 -2.166717 0.593913 -0.185995 -0.798678 0.097627 -0.591669 0.050098 0.0003779919 -0.0000791519 -0.0001191952 0.0000167467 0.0000249582 0.0000377636 0.0029520781 0.0004610860 0.0000076461 0.0047587727 -0.0000178885 0.0026815033
1413394946.00575 -2.152700 0.602543 -0.192211 -0.797326 0.118578 -0.590966 0.031140 0.0003777643 -0.0000768202 -0.0001210161 0.0000157893 0.0000246077 0.0000389399 0.0029548177 0.0004643907 0.0000077280 0.0047347561 -0.0000176500 0.0026811690
1413394946.05575 -2.143115 0.605772 -0.197634 -0.796144 0.136596 -0.589446 0.007032 0.0003789895 -0.0000697911 -0.0001235589 0.0000130156 0.0000227516 0.0000404524 0.0029565974 0.0004656224 0.0000077521 0.0047124831 -0.0000173862 0.0026809301
1413394946.15575 -2.125348 0.598736 -0.206144 0.791311 -0.172466 0.585130 0.041283 0.0003820709 -0.0000556101 -0.0001267225 0.0000082548 0.0000184410 0.0000421957 0.0029538611 0.0004555692 0.0000075909 0.0046839954 -0.0000170691 0.0026808870
1413394946.20575 -2.119763 0.591517 -0.209825 0.786296 -0.191574 0.583973 0.063359 0.0003839855 -0.0000506663 -0.0001263034 0.0000068435 0.0000166619 0.0000417053 0.0029511053 0.0004483114 0.0000076352 0.0046730545 -0.0000168720 0.0026807038
1413394946.25575 -2.115858 0.581216 -0.213320 0.780365 -0.212925 0.582166 0.082316 0.0003848542 -0.0000487710 -0.0001259550 0.0000063373 0.0000159589 0.0000413795 0.0029472026 0.0004388591 0.0000076783 0.0046654087 -0.0000167295 0.0026806047
1413394946.35575 -2.114080 0.555034 -0.219915 0.766556 -0.260161 0.576296 0.112212 0.0003834865 -0.0000521582 -0.0001265412 0.0000072496 0.0000172101 0.0000419082 0.0029369225 0.0004145774 0.0000076168 0.0046613778 -0.0000164405 0.0026806104
1413394946.45575 -2.117066 0.522969 -0.232592 0.751356 -0.308648 0.566546 0.138659 0.0003795456 -0.0000572893 -0.0001295037 0.0000087960 0.0000195484 0.0000443364 0.0029236680 0.0003846414 0.0000078936 0.0046721410 -0.0000158993 0.0026801802
1413394946.55575 -2.132052 0.482047 -0.238610 0.732259 -0.355223 0.557058 0.165228 0.0003765574 -0.0000620428 -0.0001311621 0.0000103693 0.0000216143 0.0000458317 0.0029099687 0.0003502259 0.0000079853 0.0046942495 -0.0000156198 0.0026801636
1413394946.65575 -2.157755 0.433799 -0.242664 0.711857 -0.389134 0.546262 0.208406 0.0003821187 -0.0000521789 -0.0001286545 0.0000072702 0.0000175716 0.0000434587 0.0028954473 0.0003098743 0.0000079229 0.0047439130 -0.0000152978 0.0026803821
1413394946.75575 -2.191227 0.380161 -0.245145 0.688947 -0.416356 0.533027 0.260541 0.0003916232 -0.0000349050 -0.0001218567 0.0000032540 0.0000108642 0.0000380547 0.0028815034 0.0002640100 0.0000079935 0.0048080356 -0.0000150590 0.0026805011
1413394946.85575 -2.228233 0.325488 -0.250686 0.664474 -0.447806 0.515082 0.304359 0.0003964538 -0.0000235020 -0.0001176117 0.0000015335 0.0000069760 0.0000350280 0.0028702238 0.0002182914 0.0000081008 0.0048853169 -0.0000147731 0.0026806278
1413394946.95575 -2.273517 0.275648 -0.252028 0.636471 -0.481090 0.495755 0.343051 0.0003998399 -0.0000167195 -0.0001136469 0.0000008389 0.0000047571 0.0000324407 0.0028621362 0.0001714907 0.0000079169 0.0049656639 -0.0000143056 0.0026811333
1413394947.05575 -2.321191 0.231318 -0.249578 0.606875 -0.513220 0.473439 0.379689 0.0004026316 -0.0000104226 -0.0001099826 0.0000004088 0.0000028524 0.0000301831 0.0028575747 0.0001305345 0.0000076494 0.0050620934 -0.0000137458 0.0026818118
1413394947.15575 -2.370052 0.194419 -0.238836 0.579643 -0.547257 0.445071 0.407966 0.0004011470 -0.0000058544 -0.0001129709 0.0000002244 0.0000016544 0.0000319587 0.0028558784 0.0000947602 0.0000072937 0.0051608223 -0.0000130516 0.0026826917
1413394947.25575 -2.416761 0.163970 -0.212847 0.554313 -0.581634 0.413315 0.428497 0.0003964104 -0.0000023516 -0.0001206496 0.0000001506 0.0000007205 0.0000368676 0.0028557999 0.0000647650 0.0000069278 0.0052613477 -0.0000122243 0.0026837937
1413394947.35575 -2.457551 0.139875 -0.169272 0.523730 -0.604588 0.391717 0.454685 0.0003993860 0.0000010616 -0.0001162817 0.0000001354 -0.0000003065 0.0000340020 0.0028565729 0.0000409596 0.0000066343 0.0053555893 -0.0000114396 0.0026848297
1413394947.45575 -2.492253 0.120278 -0.110455 0.499296 -0.619372 0.377727 0.473713 0.0004027144 0.0000021111 -0.0001110500 0.0000001443 -0.0000005813 0.0000307657 0.0028588037 0.0000184529 0.0000057784 0.0054318243 -0.0000102333 0.0026861423
1413394947.55575 -2.517647 0.106212 -0.045729 0.487206 -0.634202 0.364664 0.476905 0.0003996508 0.0000008057 -0.0001161916 0.0000001352 -0.0000002344 0.0000339201 0.0028607591 0.0000017015 0.0000045446 0.0054951938 -0.0000094174 0.0026870002
1413394947.65575 -2.546314 0.092124 0.009720 0.490489 -0.653285 0.343693 0.463157 0.0003849434 0.0000022914 -0.0001367322 0.0000001433 -0.0000008178 0.0000487093 0.0028602395 -0.0000074041 0.0000047466 0.0055401894 -0.0000085769 0.0026885828
1413394947.75575 -2.559716 0.074540 0.049028 0.503069 -0.669332 0.324255 0.440199 0.0003635245 0.0000034223 -0.0001595898 0.0000001576 -0.0000015102 0.0000702096 0.0028604843 -0.0000220864 0.0000049721 0.0055999924 -0.0000085797 0.0026899535
1413394947.85575 -2.570317 0.054964 0.084645 0.521291 -0.673472 0.316594 0.417684 0.0003456078 0.0000033950 -0.0001744459 0.0000001579 -0.0000017220 0.0000882056 0.0028624184 -0.0000502615 0.0000039578 0.0056259168 -0.0000079565 0.0026919212
1413394947.95575 -2.579431 0.020520 0.123686 0.541068 -0.664647 0.321258 0.402844 0.0003383697 0.0000032979 -0.0001796454 0.0000001521 -0.0000017594 0.0000955305 0.0028639974 -0.0000870577 0.0000037283 0.0056473513 -0.0000080898 0.0026938557
1413394948.05576 -2.572789 -0.033277 0.172707 0.562825 -0.651326 0.330075 0.387366 0.0003331550 0.0000020847 -0.0001831086 0.0000001223 -0.0000011532 0.0001007804 0.0028578971 -0.0001418618 0.0000067953 0.0056557544 -0.0000096761 0.0026929438
1413394948.15576 -2.583701 -0.098484 0.222593 0.584371 -0.640261 0.333962 0.370198 0.0003241952 0.0000018299 -0.0001885492 0.0000001146 -0.0000010681 0.0001098005 0.0028662159 -0.0002186743 0.0000077931 0.0056300874 -0.0000133273 0.0026909460
1413394948.25576 -2.598283 -0.179116 0.268914 0.596731 -0.619848 0.345460 0.374645 0.0003335934 0.0000071450 -0.0001827909 0.0000002587 -0.0000039189 0.0001002956 0.0028811580 -0.0003107763 0.0000082683 0.0056517302 -0.0000147277 0.0026902353
1413394948.35576 -2.613406 -0.280835 0.310954 0.592514 -0.588416 0.375892 0.401744 0.0003659785 0.0000134448 -0.0001571993 0.0000006016 -0.0000057791 0.0000676493 0.0029077043 -0.0004193243 0.0000087055 0.0056802795 -0.0000154885 0.0026908031
1413394948.45577 -2.622866 -0.385101 0.345091 0.575196 -0.554055 0.414972 0.435857 0.0004004338 0.0000172982 -0.0001148206 0.0000008585 -0.0000049640 0.0000330439 0.0029461027 -0.0005385086 0.0000089171 0.0057089517 -0.0000158376 0.0026925076
1413394948.55577 -2.629002 -0.477350 0.381098 0.552423 -0.522769 0.450633 0.467410 0.0004226290 0.0000193331 -0.0000671348 0.0000009989 -0.0000030744 0.0000107815 0.0029889724 -0.0006468220 0.0000091638 0.0057219820 -0.0000167122 0.0026929473
1413394948.65577 -2.632935 -0.554505 0.414763 0.534770 -0.505006 0.473492 0.484557 0.0004306468 0.0000173061 -0.0000354334 0.0000008133 -0.0000014270 0.0000030332 0.0030274337 -0.0007303772 0.0000092020 0.0057259224 -0.0000177832 0.0026935959
1413394948.75577 -2.629144 -0.602390 0.446745 0.524302 -0.495249 0.483618 0.495934 0.0004329322 0.0000177266 -0.0000174331 0.0000008479 -0.0000007169 0.0000008229 0.0030550577 -0.0007826027 0.0000092206 0.0057259666 -0.0000185396 0.0026954576
1413394948.85577 -2.621026 -0.621587 0.480072 0.535324 -0.510222 0.468073 0.483746 0.0004299434 0.0000173541 -0.0000405044 0.0000008269 -0.0000016385 0.0000039417 0.0030672356 -0.0008008073 0.0000092063 0.0057089052 -0.0000193509 0.0026974524
1413394948.95577 -2.606651 -0.618153 0.514564 0.556939 -0.537448 0.437853 0.457441 0.0004168721 0.0000164830 -0.0000842599 0.0000007827 -0.0000033358 0.0000171649 0.0030656219 -0.0007919556 0.0000091323 0.0056817828 -0.0000202471 0.0026996458
1413394949.05577 -2.586319 -0.598850 0.535031 0.584000 -0.569285 0.395090 0.422802 0.0003864013 0.0000179425 -0.0001353232 0.0000009684 -0.0000062890 0.0000475399 0.0030546068 -0.0007658312 0.0000088839 0.0056413601 -0.0000213089 0.0027006647
1413394949.15577 -2.560766 -0.571954 0.543188 0.606293 -0.596404 0.355471 0.387753 0.0003471137 0.0000178499 -0.0001734368 0.0000010572 -0.0000089254 0.0000868269 0.0030392252 -0.0007290972 0.0000092840 0.0055865234 -0.0000216698 0.0027014995
1413394949.25577 -2.532353 -0.557109 0.543533 0.618768 -0.613542 0.328611 0.364291 0.0003169416 0.0000175878 -0.0001924383 0.0000011197 -0.0000106873 0.0001170329 0.0030290503 -0.0006993022 0.0000098604 0.0055229011 -0.0000217889 0.0027017290
1413394949.35577 -2.497024 -0.557875 0.536227 0.624577 -0.623952 0.312402 0.350703 0.0002981166 0.0000172603 -0.0002011439 0.0000011462 -0.0000116551 0.0001359221 0.0030319737 -0.0006954793 0.0000109763 0.0054509350 -0.0000198832 0.0027007253
1413394949.45577 -2.456890 -0.589167 0.528751 0.622653 -0.625681 0.311818 0.351563 0.0002984903 0.0000170320 -0.0002010590 0.0000011219 -0.0000114813 0.0001356424 0.0030453072 -0.0007116540 0.0000123596 0.0053629884 -0.0000178479 0.0026968148
1413394949.55577 -2.411667 -0.648387 0.529987 0.605437 -0.606794 0.341745 0.385301 0.0003381055 0.0000197396 -0.0001799376 0.0000013075 -0.0000105130 0.0000959549 0.0030816751 -0.0007579324 0.0000130705 0.0052697471 -0.0000175425 0.0026975067
1413394949.65578 -2.362788 -0.731920 0.552708 0.576943 -0.576810 0.386357 0.430297 0.0003864484 0.0000206845 -0.0001355843 0.0000012628 -0.0000072615 0.0000477420 0.0031308756 -0.0008192542 0.0000139350 0.0051589144 -0.0000153251 0.0026950466
1413394949.75579 -2.305537 -0.807689 0.571467 0.550174 -0.551482 0.423078 0.462798 0.0004146257 0.0000179218 -0.0000905695 0.0000009333 -0.0000039165 0.0000199477 0.0031897032 -0.0008835995 0.0000144074 0.0050461034 -0.0000143935 0.0026931947
1413394949.85579 -2.244698 -0.868744 0.580319 0.533615 -0.542055 0.445628 0.472067 0.0004243997 0.0000087688 -0.0000674177 0.0000003445 -0.0000013932 0.0000108752 0.0032404968 -0.0009205383 0.0000149068 0.0049233361 -0.0000145070 0.0026936790
1413394949.95579 -2.180228 -0.912623 0.586951 0.530381 -0.546248 0.459976 0.456872 0.0004242290 -0.0000078094 -0.0000683600 0.0000003121 0.0000012597 0.0000111861 0.0032775633 -0.0009352957 0.0000152077 0.0048014508 -0.0000145326 0.0026935951
1413394950.05579 -2.116810 -0.939923 0.595313 0.531889 -0.546353 0.477006 0.437102 0.0004225879 -0.0000242240 -0.0000697120 0.0000015625 0.0000039989 0.0000116758 0.0033006912 -0.0009313469 0.0000156220 0.0046829976 -0.0000141586 0.0026938527
1413394950.15579 -2.055997 -0.947483 0.601672 0.540262 -0.549623 0.491377 0.405684 0.0004156910 -0.0000434199 -0.0000798648 0.0000047163 0.0000083468 0.0000155270 0.0033110057 -0.0009148696 0.0000160323 0.0045796942 -0.0000140224 0.0026945610
1413394950.25579 -2.004796 -0.942891 0.604227 0.565263 -0.564112 0.481773 0.360762 0.0003946240 -0.0000563646 -0.0001140945 0.0000082394 0.0000163048 0.0000331845 0.0033075668 -0.0008874760 0.0000164924 0.0044943799 -0.0000137663 0.0026954393
1413394950.35579 -1.967909 -0.933673 0.609062 0.604622 -0.570356 0.442143 0.337098 0.0003682636 -0.0000388519 -0.0001527803 0.0000042915 0.0000161275 0.0000636030 0.0033018871 -0.0008645587 0.0000169184 0.0044352151 -0.0000135848 0.0026962221
1413394950.45579 -1.942602 -0.931291 0.617204 0.638527 -0.568126 0.400798 0.329966 0.0003428639 -0.0000132524 -0.0001780409 0.0000007090 0.0000068863 0.0000926971 0.0033015233 -0.0008506370 0.0000173410 0.0043934651 -0.0000130248 0.0026971993
1413394950.55579 -1.918518 -0.943978 0.629946 0.657919 -0.566008 0.374125 0.326815 0.0003242809 0.0000023468 -0.0001902504 0.0000002196 -0.0000013773 0.0001118838 0.0033154513 -0.0008505731 0.0000180352 0.0043576161 -0.0000122057 0.0026985055
1413394950.65579 -1.891509 -0.976935 0.648687 0.662936 -0.560346 0.368113 0.333200 0.0003237986 0.0000108916 -0.0001903059 0.0000005746 -0.0000064065 0.0001121212 0.0033461875 -0.0008628884 0.0000184074 0.0043128037 -0.0000113904 0.0026989093
1413394950.75579 -1.854421 -1.035670 0.677434 0.651727 -0.537361 0.394430 0.361828 0.0003558362 0.0000186948 -0.0001679925 0.0000011953 -0.0000088325 0.0000795625 0.0033968959 -0.0008884999 0.0000189680 0.0042576818 -0.0000102121 0.0026996557
1413394950.85579 -1.810408 -1.104365 0.710501 0.628707 -0.502226 0.442985 0.395299 0.0003972578 0.0000215918 -0.0001225723 0.0000013915 -0.0000066669 0.0000380489 0.0034643826 -0.0009192521 0.0000198293 0.0041869038 -0.0000089689 0.0027004201
1413394950.95579 -1.765004 -1.164746 0.740130 0.604304 -0.461088 0.493461 0.422742 0.0004244918 0.0000239822 -0.0000667656 0.0000015733 -0.0000037742 0.0000107172 0.0035238170 -0.0009412374 0.0000183484 0.0041009181 -0.0000103381 0.0026986830
1413394951.05579 -1.714504 -1.203679 0.771736 0.588260 -0.423508 0.533478 0.435881 0.0004337344 0.0000264377 -0.0000219569 0.0000018353 -0.0000013384 0.0000013272 0.0035669307 -0.0009463536 0.0000183943 0.0040279194 -0.0000106048 0.0026993889
1413394951.15579 -1.657613 -1.208069 0.803082 0.586016 -0.402545 0.561207 0.423780 0.0004356513 0.0000193949 -0.0000046558 0.0000010936 -0.0000002065 0.0000002706 0.0035781005 -0.0009261663 0.0000189022 0.0039584978 -0.0000105403 0.0027008182
1413394951.25579 -1.607147 -1.180347 0.831839 0.607049 -0.402987 0.566229 0.385327 0.0004349632 0.0000048647 -0.0000268310 0.0000002913 -0.0000002995 0.0000018829 0.0035489178 -0.0008785771 0.0000195555 0.0038893961 -0.0000102306 0.0027026753
1413394951.35579 -1.565549 -1.123556 0.859779 0.649477 -0.422245 0.538241 0.331941 0.0004190558 -0.0000101070 -0.0000855605 0.0000004871 0.0000020653 0.0000177127 0.0034934036 -0.0008215527 0.0000198154 0.0038372030 -0.0000106596 0.0027045867
1413394951.45580 -1.532608 -1.054754 0.885362 0.698585 -0.446659 0.484777 0.278328 0.0003746505 -0.0000180008 -0.0001515797 0.0000011154 0.0000072884 0.0000616075 0.0034252499 -0.0007600470 0.0000202656 0.0037977910 -0.0000109481 0.0027068376
1413394951.55580 -1.503528 -0.993672 0.917338 0.734382 -0.466584 0.432217 0.237006 0.0003203584 -0.0000207552 -0.0001921094 0.0000016035 0.0000124567 0.0001155395 0.0033679492 -0.0007054638 0.0000209837 0.0037648149 -0.0000110631 0.0027100161
1413394951.65580 -1.471079 -0.952335 0.956200 0.752006 -0.481737 0.397431 0.210868 0.0002805934 -0.0000231153 -0.0002081872 0.0000021717 0.0000171669 0.0001548616 0.0033354514 -0.0006662373 0.0000218636 0.0037308661 -0.0000111846 0.0027137892
1413394951.75580 -1.431298 -0.942069 1.003092 0.759574 -0.490222 0.377122 0.201266 0.0002596145 -0.0000216197 -0.0002135232 0.0000020724 0.0000178030 0.0001760508 0.0033328826 -0.0006458734 0.0000221286 0.0036821288 -0.0000077923 0.0027132846
1413394951.85580 -1.377270 -0.976332 1.064532 0.748092 -0.475483 0.400093 0.232807 0.0002942924 -0.0000116202 -0.0002047375 0.0000007359 0.0000080960 0.0001428307 0.0033696817 -0.0006449516 0.0000235759 0.0036255189 -0.0000057795 0.0027163888
1413394951.95580 -1.310269 -1.037908 1.130347 0.722389 -0.452768 0.444593 0.274758 0.0003475508 -0.0000023226 -0.0001766458 0.0000002953 0.0000011845 0.0000901206 0.0034288708 -0.0006489616 0.0000245437 0.0035535126 -0.0000029572 0.0027198665
1413394952.05580 -1.243177 -1.107563 1.199554 0.687172 -0.428724 0.495894 0.313177 0.0003950397 0.0000020923 -0.0001294805 0.0000002938 -0.0000006816 0.0000427381 0.0034974667 -0.0006523746 0.0000254394 0.0034778044 0.0000005614 0.0027233679
1413394952.15580 -1.168295 -1.175522 1.255214 0.658420 -0.409522 0.532060 0.340128 0.0004197110 0.0000050191 -0.0000865583 0.0000003491 -0.0000010303 0.0000181391 0.0035723570 -0.0006545545 0.0000273840 0.0034163911 0.0000031556 0.0027290718
1413394952.25580 -1.098054 -1.234097 1.290646 0.650559 -0.409015 0.541733 0.340596 0.0004234702 -0.0000001594 -0.0000777218 0.0000002926 0.0000000365 0.0000145553 0.0036384464 -0.0006463118 0.0000291539 0.0033502549 0.0000048993 0.0027342601
1413394952.35580 -1.031808 -1.278852 1.304713 0.667257 -0.423826 0.525957 0.313861 0.0004103227 -0.0000115788 -0.0001056216 0.0000006256 0.0000029910 0.0000274943 0.0036984637 -0.0006339656 0.0000313451 0.0032964976 0.0000070646 0.0027408293
1413394952.45580 -0.971824 -1.313795 1.312484 0.684636 -0.437269 0.513705 0.276002 0.0003910502 -0.0000295972 -0.0001321312 0.0000025475 0.0000100173 0.0000449726 0.0037515268 -0.0006182166 0.0000334781 0.0032508148 0.0000097217 0.0027483332
1413394952.55580 -0.918138 -1.350750 1.323678 0.703335 -0.437170 0.500383 0.252623 0.0003747847 -0.0000333540 -0.0001503108 0.0000032836 0.0000133972 0.0000606320 0.0038039574 -0.0006050330 0.0000354926 0.0032163946 0.0000138341 0.0027575874
1413394952.65580 -0.865623 -1.393385 1.343750 0.719701 -0.421624 0.488757 0.255695 0.0003703070 -0.0000178982 -0.0001574636 0.0000011843 0.0000076286 0.0000673124 0.0038587196 -0.0005982438 0.0000371579 0.0031916256 0.0000180471 0.0027628985
1413394952.75580 -0.815111 -1.445505 1.382421 0.722675 -0.402149 0.493655 0.268929 0.0003790787 -0.0000035027 -0.0001497143 0.0000003569 0.0000013949 0.0000594806 0.0039294474 -0.0005855382 0.0000411910 0.0031654163 0.0000232201 0.0027711158
1413394952.85580 -0.764869 -1.506462 1.416901 0.708069 -0.380382 0.521239 0.286805 0.0004011045 0.0000039706 -0.0001221785 0.0000003679 -0.0000011981 0.0000375533 0.0040082549 -0.0005770500 0.0000387823 0.0031375211 0.0000245859 0.0027734127
1413394952.95580 -0.719273 -1.570166 1.434235 0.683615 -0.358663 0.557598 0.305148 0.0004223313 0.0000073800 -0.0000822671 0.0000004604 -0.0000014256 0.0000163499 0.0040888644 -0.0005673884 0.0000325603 0.0031097032 0.0000245178 0.0027725195
1413394953.05580 -0.684619 -1.613196 1.439343 0.662229 -0.342862 0.585131 0.318623 0.0004329443 0.0000090449 -0.0000486552 0.0000005226 -0.0000010054 0.0000057885 0.0041584216 -0.0005554815 0.0000254836 0.0030862200 0.0000257157 0.0027659485
1413394953.15581 -0.644483 -1.643148 1.438499 0.648184 -0.333991 0.601521 0.326312 0.0004367919 0.0000091390 -0.0000275162 0.0000005307 -0.0000005673 0.0000020554 0.0041986714 -0.0005447841 0.0000345895 0.0030704728 0.0000113841 0.0027541814
1413394953.25581 -0.621105 -1.636255 1.456917 0.638614 -0.329023 0.611335 0.331942 0.0004381843 0.0000093756 -0.0000139643 0.0000005486 -0.0000002901 0.0000007716 0.0042120220 -0.0005344165 0.0000359927 0.0030701868 0.0000121774 0.0027574933
1413394953.35581 -0.621254 -1.592019 1.499708 0.626279 -0.323809 0.622856 0.339078 0.0004387272 0.0000092923 0.0000026508 0.0000005523 0.0000000623 0.0000003427 0.0041488138 -0.0005221617 0.0000344105 0.0030749782 0.0000055581 0.0027442280
1413394953.45581 -0.634367 -1.527553 1.541938 0.634716 -0.332134 0.612822 0.333574 0.0004386245 0.0000071106 -0.0000113985 0.0000004563 -0.0000001804 0.0000006230 0.0040250288 -0.0004946553 0.0000330717 0.0030415239 -0.0000046899 0.0027339407
1413394953.55581 -0.658007 -1.436423 1.557964 0.680235 -0.360131 0.558858 0.308648 0.0004240549 0.0000073720 -0.0000796143 0.0000004692 -0.0000013812 0.0000152892 0.0039035936 -0.0004802868 0.0000324428 0.0030436044 -0.0000049270 0.0027331872
1413394953.65581 -0.687979 -1.335509 1.536333 0.724200 -0.386710 0.497182 0.280714 0.0003859452 0.0000089714 -0.0001430976 0.0000005578 -0.0000033250 0.0000534388 0.0037749742 -0.0004732214 0.0000332386 0.0030674344 -0.0000062919 0.0027338631
1413394953.75581 -0.718370 -1.230862 1.478595 0.753796 -0.406496 0.447812 0.256937 0.0003434926 0.0000089513 -0.0001811639 0.0000005905 -0.0000047214 0.0000959855 0.0036558802 -0.0004626988 0.0000328619 0.0030913156 -0.0000066494 0.0027333808
1413394953.85581 -0.739787 -1.134711 1.390707 0.770898 -0.417851 0.415338 0.242096 0.0003122766 0.0000095941 -0.0001989677 0.0000006612 -0.0000061154 0.0001272611 0.0035507880 -0.0004490552 0.0000312938 0.0031149323 -0.0000069929 0.0027319100
1413394953.95581 -0.746374 -1.052876 1.295003 0.768783 -0.416449 0.418730 0.245371 0.0003164391 0.0000105273 -0.0001970186 0.0000007247 -0.0000065587 0.0001231518 0.0034625846 -0.0004278405 0.0000274606 0.0031273639 -0.0000063069 0.0027281806
1413394954.05581 -0.737712 -0.987732 1.202303 0.748602 -0.401068 0.455930 0.266208 0.0003532917 0.0000128229 -0.0001741605 0.0000008482 -0.0000063254 0.0000862970 0.0033992318 -0.0004068179 0.0000264984 0.0031322714 -0.0000072514 0.0027272164
1413394954.15581 -0.713928 -0.935255 1.115169 0.722432 -0.380069 0.499132 0.290701 0.0003905515 0.0000166614 -0.0001376253 0.0000011022 -0.0000058755 0.0000489048 0.0033493504 -0.0003848795 0.0000257759 0.0031314664 -0.0000083220 0.0027271331
1413394954.25581 -0.686656 -0.879184 1.030287 0.693283 -0.358398 0.541719 0.312170 0.0004181950 0.0000189096 -0.0000933421 0.0000012534 -0.0000042249 0.0000212221 0.0033022438 -0.0003582592 0.0000250710 0.0031238483 -0.0000085859 0.0027282338
1413394954.35581 -0.660696 -0.813464 0.949964 0.671845 -0.343065 0.569991 0.325639 0.0004307471 0.0000200324 -0.0000598989 0.0000013384 -0.0000027891 0.0000087124 0.0032499698 -0.0003329045 0.0000243594 0.0031217577 -0.0000092541 0.0027296516
1413394954.45581 -0.640684 -0.730801 0.881148 0.666959 -0.343712 0.577305 0.322097 0.0004327312 0.0000141534 -0.0000547377 0.0000008777 -0.0000017929 0.0000073126 0.0031907838 -0.0003062749 0.0000235818 0.0031232647 -0.0000103081 0.0027315471
1413394954.55582 -0.630052 -0.627194 0.824200 0.688252 -0.364733 0.551878 0.297842 0.0004202430 0.0000030405 -0.0000915704 0.0000004442 -0.0000006645 0.0000203611 0.0031274345 -0.0002787983 0.0000227135 0.0031306200 -0.0000118606 0.0027339329
1413394954.65582 -0.622825 -0.521109 0.772529 0.722838 -0.398870 0.501468 0.258722 0.0003821418 -0.0000107617 -0.0001486426 0.0000007290 0.0000041899 0.0000582697 0.0030633949 -0.0002469031 0.0000217294 0.0031308765 -0.0000131609 0.0027359434
1413394954.75582 -0.617850 -0.411804 0.719092 0.748163 -0.432028 0.452320 0.221383 0.0003321513 -0.0000228816 -0.0001881399 0.0000020085 0.0000129735 0.0001070965 0.0030131981 -0.0002150601 0.0000207468 0.0031346280 -0.0000151832 0.0027390330
1413394954.85582 -0.603024 -0.328158 0.664721 0.758220 -0.449391 0.424146 0.207966 0.0003038992 -0.0000241997 -0.0002021835 0.0000023614 0.0000161136 0.0001350996 0.0029710146 -0.0001794258 0.0000195994 0.0031289410 -0.0000169626 0.0027423331
1413394954.95582 -0.586749 -0.259634 0.609711 0.750134 -0.438101 0.436229 0.234673 0.0003262067 -0.0000115265 -0.0001927317 0.0000008466 0.0000068087 0.0001144311 0.0029518693 -0.0001596827 0.0000187420 0.0031288225 -0.0000195147 0.0027461727
1413394955.05582 -0.562844 -0.206344 0.552106 0.731080 -0.411669 0.473703 0.267687 0.0003676109 0.0000004526 -0.0001638675 0.0000004459 -0.0000002148 0.0000735530 0.0029366908 -0.0001424426 0.0000180914 0.0031307920 -0.0000224842 0.0027501589
1413394955.15581 -0.526609 -0.168485 0.493819 0.712766 -0.379055 0.514185 0.289648 0.0004002430 0.0000095861 -0.0001270606 0.0000006769 -0.0000030616 0.0000408104 0.0029231151 -0.0001221699 0.0000176584 0.0031201084 -0.0000259929 0.0027538611
1413394955.25581 -0.487772 -0.135951 0.439370 0.699776 -0.344686 0.550100 0.298152 0.0004197379 0.0000163200 -0.0000929273 0.0000010846 -0.0000036311 0.0000210326 0.0029150062 -0.0001054150 0.0000168058 0.0030995456 -0.0000286406 0.0027568085
1413394955.35582 -0.454685 -0.095923 0.394900 0.703961 -0.329366 0.567689 0.271451 0.0004220866 0.0000036065 -0.0000894022 0.0000004803 -0.0000007781 0.0000193971 0.0029083679 -0.0000913665 0.0000159232 0.0030681882 -0.0000227824 0.0027548589
1413394955.45582 -0.429782 -0.024981 0.355638 0.728763 -0.342743 0.556902 0.203202 0.0003991743 -0.0000359483 -0.0001243525 0.0000036974 0.0000111975 0.0000392350 0.0029050983 -0.0000813310 0.0000147688 0.0030716167 -0.0000266021 0.0027603770
1413394955.55581 -0.415338 0.047083 0.329569 0.760450 -0.358487 0.522430 0.142371 0.0003550384 -0.0000625840 -0.0001633311 0.0000115095 0.0000288138 0.0000756967 0.0029037828 -0.0000690205 0.0000137536 0.0030741661 -0.0000313548 0.0027652707
1413394955.65581 -0.407784 0.092208 0.321197 0.789916 -0.358816 0.482960 0.118461 0.0003177751 -0.0000596937 -0.0001888820 0.0000117013 0.0000355186 0.0001129068 0.0029063235 -0.0000603147 0.0000124793 0.0030865273 -0.0000376734 0.0027720734
1413394955.75581 -0.394860 0.106467 0.328599 0.809117 -0.337793 0.460698 0.137780 0.0003108958 -0.0000327117 -0.0001987221 0.0000039290 0.0000209255 0.0001276999 0.0029097051 -0.0000592042 0.0000108629 0.0031029562 -0.0000438356 0.0027800652
1413394955.85582 -0.366998 0.079073 0.342618 0.808759 -0.313231 0.467274 0.171610 0.0003296451 -0.0000057618 -0.0001919423 0.0000005876 0.0000033494 0.0001124159 0.0029123071 -0.0000586692 0.0000099953 0.0030788478 -0.0000460826 0.0027773744
1413394955.90582 -0.349584 0.059833 0.355597 0.802684 -0.304194 0.478339 0.185351 0.0003429349 0.0000025708 -0.0001838999 0.0000004947 -0.0000013794 0.0000992341 0.0029122290 -0.0000620065 0.0000089912 0.0030109178 -0.0000128905 0.0027598131
1413394955.95582 -0.325866 0.038202 0.367277 0.793557 -0.297727 0.492868 0.196741 0.0003576289 0.0000074127 -0.0001731205 0.0000006155 -0.0000035954 0.0000843778 0.0029074050 -0.0000649419 0.0000101908 0.0029654330 0.0000063423 0.0027471992
1413394956.00582 -0.300143 0.021670 0.377205 0.781517 -0.291794 0.511027 0.207218 0.0003739059 0.0000103552 -0.0001588142 0.0000007519 -0.0000044064 0.0000680095 0.0029084499 -0.0000676393 0.0000103451 0.0029575399 0.0000061401 0.0027463170
1413394956.10582 -0.242524 -0.009782 0.398850 0.751661 -0.277823 0.553599 0.226602 0.0004058209 0.0000138811 -0.0001199906 0.0000009478 -0.0000041121 0.0000359978 0.0029102256 -0.0000702540 0.0000112290 0.0029438427 0.0000067726 0.0027448954
1413394956.20582 -0.187175 -0.030603 0.424170 0.727415 -0.265389 0.589268 0.230653 0.0004242815 0.0000097457 -0.0000859031 0.0000007053 -0.0000019784 0.0000178999 0.0029134103 -0.0000707517 0.0000106799 0.0029336004 0.0000073517 0.0027459153
1413394956.30582 -0.138334 -0.039116 0.447131 0.715167 -0.252583 0.613883 0.218829 0.0004320678 0.0000011324 -0.0000654808 0.0000004920 -0.0000001746 0.0000104303 0.0029150722 -0.0000695566 0.0000104273 0.0029269655 0.0000081225 0.0027463665
1413394956.40582 -0.102511 -0.032202 0.463606 0.719297 -0.240319 0.623417 0.190290 0.0004318910 -0.0000113906 -0.0000653571 0.0000007976 0.0000017236 0.0000104052 0.0029166955 -0.0000683338 0.0000094547 0.0029234317 0.0000090566 0.0027477723
1413394956.50582 -0.078281 -0.016668 0.466008 0.745381 -0.226706 0.606827 0.157396 0.0004213227 -0.0000175767 -0.0000920469 0.0000012374 0.0000038444 0.0000206447 0.0029161185 -0.0000661186 0.0000105691 0.0029208001 0.0000084739 0.0027468458
1413394956.60582 -0.067361 0.000758 0.458732 0.782765 -0.208319 0.570739 0.134680 0.0003990691 -0.0000113383 -0.0001307853 0.0000008323 0.0000037224 0.0000434366 0.0029179180 -0.0000653921 0.0000096080 0.0029198780 0.0000089453 0.0027481561
1413394956.65582 -0.064423 0.013621 0.458879 0.803524 -0.200772 0.546244 0.125129 0.0003812988 -0.0000075253 -0.0001522904 0.0000006529 0.0000030181 0.0000614257 0.0029186928 -0.0000645986 0.0000092333 0.0029159986 0.0000077447 0.0027471675
1413394956.70582 -0.060553 0.020851 0.454914 0.821590 -0.194871 0.522927 0.116463 0.0003624154 -0.0000049656 -0.0001700738 0.0000005718 0.0000023448 0.0000804449 0.0029192360 -0.0000645600 0.0000086148 0.0029148561 0.0000078169 0.0027472060
1413394956.75581 -0.054370 0.026818 0.450656 0.836304 -0.190104 0.502531 0.109173 0.0003445831 -0.0000033191 -0.0001834790 0.0000005354 0.0000017835 0.0000983640 0.0029198984 -0.0000642920 0.0000081772 0.0029138414 0.0000077954 0.0027472378
1413394956.80581 -0.045455 0.030839 0.449371 0.845830 -0.185342 0.489261 0.104132 0.0003324463 -0.0000019890 -0.0001911308 0.0000005168 0.0000011606 0.0001105792 0.0029210599 -0.0000642543 0.0000076315 0.0029130456 0.0000078957 0.0027475482
1413394956.85582 -0.031301 0.031673 0.450460 0.848601 -0.179263 0.486966 0.102978 0.0003303065 0.0000000781 -0.0001924169 0.0000005066 -0.0000000284 0.0001127913 0.0029225709 -0.0000642513 0.0000070198 0.0029122601 0.0000079846 0.0027478994
1413394956.90582 -0.010666 0.030129 0.453132 0.844797 -0.173874 0.495297 0.103763 0.0003376553 0.0000012259 -0.0001881180 0.0000005106 -0.0000006689 0.0001054869 0.0029186079 -0.0000624501 0.0000095954 0.0029110010 0.0000070003 0.0027463713
1413394956.95582 0.012095 0.027599 0.457555 0.839317 -0.168983 0.505839 0.105446 0.0003468693 0.0000023746 -0.0001821549 0.0000005232 -0.0000012321 0.0000963216 0.0029198480 -0.0000621970 0.0000091571 0.0029108030 0.0000070530 0.0027466810
1413394957.00581 0.046533 0.021158 0.457198 0.833172 -0.164657 0.516826 0.107723 0.0003563431 0.0000036286 -0.0001752632 0.0000005404 -0.0000017732 0.0000868394 0.0029167631 -0.0000613991 0.0000108315 0.0029109845 0.0000066590 0.0027456350
1413394957.05581 0.078725 0.016336 0.464031 0.823989 -0.160715 0.531966 0.110569 0.0003687609 0.0000045014 -0.0001650036 0.0000005558 -0.0000020028 0.0000744432 0.0029164969 -0.0000604404 0.0000111727 0.0029127683 0.0000066070 0.0027454470
1413394957.10581 0.110380 0.011066 0.471559 0.812334 -0.157806 0.550058 0.112460 0.0003825341 0.0000037553 -0.0001516782 0.0000005329 -0.0000014762 0.0000607337 0.0029170877 -0.0000595607 0.0000109293 0.0029154513 0.0000066381 0.0027457376
1413394957.15582 0.146940 0.006768 0.481080 0.798837 -0.155603 0.569853 0.113642 0.0003963940 0.0000017089 -0.0001355112 0.0000004926 -0.0000005689 0.0000468945 0.0029165260 -0.0000584807 0.0000111261 0.0029188666 0.0000065731 0.0027457578
1413394957.20582 0.180712 0.002278 0.490862 0.783982 -0.153228 0.590279 0.116035 0.0004091548 0.0000004652 -0.0001171414 0.0000004686 -0.0000001194 0.0000340863 0.0029146929 -0.0000572863 0.0000113884 0.0029238335 0.0000064695 0.0027456032
1413394957.30582 0.240391 -0.005502 0.511174 0.753942 -0.150452 0.628837 0.116184 0.0004281690 -0.0000060315 -0.0000789935 0.0000005563 0.0000011291 0.0000151035 0.0029160059 -0.0000548736 0.0000109754 0.0029350358 0.0000063870 0.0027460858
1413394957.35582 0.266500 -0.007159 0.522476 0.737441 -0.150036 0.648437 0.114891 0.0004349063 -0.0000110303 -0.0000578797 0.0000007526 0.0000014867 0.0000082253 0.0029165217 -0.0000538215 0.0000108883 0.0029400151 0.0000063045 0.0027462559
1413394957.40582 0.286959 -0.007462 0.532957 0.724548 -0.149113 0.663077 0.114563 0.0004386062 -0.0000139734 -0.0000412831 0.0000009184 0.0000013349 0.0000044042 0.0029169035 -0.0000530959 0.0000108598 0.0029448085 0.0000062393 0.0027463688
1413394957.45582 0.299969 -0.006508 0.543400 0.719014 -0.149848 0.669243 0.112599 0.0004396196 -0.0000169947 -0.0000345622 0.0000011309 0.0000013565 0.0000032361 0.0029174649 -0.0000528458 0.0000107325 0.0029485520 0.0000062116 0.0027465650
1413394957.50582 0.307524 -0.003702 0.552464 0.722575 -0.152276 0.665621 0.107914 0.0004384952 -0.0000205619 -0.0000396664 0.0000014388 0.0000018817 0.0000041094 0.0029179373 -0.0000530474 0.0000106501 0.0029502722 0.0000061746 0.0027467310
1413394957.55582 0.309761 0.000835 0.561031 0.735398 -0.155041 0.651815 0.101438 0.0004344897 -0.0000231804 -0.0000566001 0.0000017126 0.0000030443 0.0000079001 0.0029184430 -0.0000536372 0.0000105103 0.0029505259 0.0000061300 0.0027469330
1413394957.60582 0.307790 0.006741 0.568484 0.753837 -0.157202 0.630955 0.094414 0.0004265623 -0.0000243488 -0.0000804943 0.0000018660 0.0000046219 0.0000157264 0.0029187731 -0.0000545510 0.0000104741 0.0029494722 0.0000060846 0.0027470724
1413394957.65582 0.300555 0.012976 0.575599 0.773891 -0.156587 0.607089 0.089537 0.0004151857 -0.0000220627 -0.0001055358 0.0000016494 0.0000056376 0.0000273796 0.0029192898 -0.0000555845 0.0000103448 0.0029477260 0.0000060385 0.0027472928
1413394957.70582 0.291432 0.019536 0.581063 0.794314 -0.154861 0.581385 0.084120 0.0003999530 -0.0000195289 -0.0001300888 0.0000014315 0.0000063841 0.0000428886 0.0029198184 -0.0000566209 0.0000102460 0.0029450605 0.0000060000 0.0027474824
1413394957.75582 0.282149 0.025596 0.583955 0.814482 -0.152339 0.554334 0.078262 0.0003810613 -0.0000169895 -0.0001529927 0.0000012352 0.0000068556 0.0000620301 0.0029202449 -0.0000576049 0.0000101432 0.0029424227 0.0000059670 0.0027476144
1413394957.80582 0.272393 0.030744 0.586392 0.829715 -0.149051 0.533070 0.072064 0.0003642540 -0.0000157414 -0.0001689247 0.0000011606 0.0000073378 0.0000789727 0.0029209247 -0.0000584394 0.0000100306 0.0029402916 0.0000059677 0.0027478135
1413394957.85582 0.265309 0.034434 0.588256 0.838552 -0.145079 0.521049 0.065503 0.0003538046 -0.0000163063 -0.0001772095 0.0000012347 0.0000082089 0.0000894101 0.0029216849 -0.0000591321 0.0000098319 0.0029383614 0.0000059700 0.0027480138
1413394957.90582 0.261798 0.036654 0.590312 0.841352 -0.139369 0.518753 0.059991 0.0003513035 -0.0000171711 -0.0001790203 0.0000013261 0.0000087945 0.0000918821 0.0029225308 -0.0000595848 0.0000096298 0.0029373841 0.0000059966 0.0027482647
1413394957.95582 0.261782 0.037317 0.591938 0.839951 -0.132922 0.523464 0.052917 0.0003543680 -0.0000198551 -0.0001765449 0.0000016033 0.0000099391 0.0000886028 0.0029234412 -0.0000598686 0.0000093733 0.0029373145 0.0000060341 0.0027485428
1413394958.00582 0.266061 0.036654 0.594769 0.833407 -0.125215 0.536356 0.045573 0.0003639441 -0.0000233775 -0.0001685441 0.0000019924 0.0000108735 0.0000786830 0.0029238598 -0.0000597327 0.0000092327 0.0029380434 0.0000060164 0.0027486257
1413394958.05582 0.275561 0.033703 0.594780 0.822578 -0.116210 0.555378 0.037625 0.0003778139 -0.0000275063 -0.0001552115 0.0000024963 0.0000113477 0.0000643679 0.0029247782 -0.0000595319 0.0000089633 0.0029395469 0.0000060443 0.0027488708
1413394958.10582 0.285053 0.028823 0.595261 0.808399 -0.104326 0.578467 0.031356 0.0003938440 -0.0000291898 -0.0001369914 0.0000026568 0.0000101961 0.0000482293 0.0029250360 -0.0000589524 0.0000087691 0.0029423503 0.0000060535 0.0027491418
1413394958.15583 0.297227 0.022705 0.596950 0.792642 -0.091267 0.602305 0.024861 0.0004086383 -0.0000299982 -0.0001158704 0.0000026903 0.0000085409 0.0000334068 0.0029234717 -0.0000581605 0.0000091653 0.0029447691 0.0000060321 0.0027489727
1413394958.20583 0.306087 0.015933 0.599449 0.776245 -0.077693 0.625376 0.017657 0.0004208334 -0.0000300690 -0.0000934331 0.0000026317 0.0000067058 0.0000212771 0.0029226045 -0.0000570403 0.0000090714 0.0029477518 0.0000059359 0.0027488608
1413394958.25583 0.309214 0.008166 0.601255 0.762888 -0.063057 0.643354 0.010993 0.0004289588 -0.0000279608 -0.0000746891 0.0000023077 0.0000048962 0.0000135282 0.0029231619 -0.0000559568 0.0000089898 0.0029493552 0.0000058924 0.0027489984
1413394958.30583 0.307077 -0.000418 0.604146 0.750525 -0.047766 0.659088 0.005855 0.0004349966 -0.0000236578 -0.0000573557 0.0000017741 0.0000031457 0.0000080803 0.0029241634 -0.0000548064 0.0000087919 0.0029491777 0.0000057957 0.0027492296
1413394958.35583 0.300580 -0.009652 0.607211 -0.741607 0.034433 -0.669949 0.001132 0.0004383030 -0.0000209694 -0.0000448911 0.0000014930 0.0000021738 0.0000051131 0.0029253763 -0.0000536802 0.0000085404 0.0029472909 0.0000056475 0.0027494811
1413394958.40583 0.287952 -0.019158 0.608677 -0.745309 0.020204 -0.666383 0.006334 0.0004378852 -0.0000159286 -0.0000490675 0.0000010720 0.0000018116 0.0000060156 0.0029268518 -0.0000527544 0.0000081863 0.0029442077 0.0000054952 0.0027498092
1413394958.45583 0.266917 -0.030329 0.608884 -0.762412 0.008795 -0.646879 0.014080 0.0004318479 -0.0000142015 -0.0000709981 0.0000009626 0.0000023609 0.0000121919 0.0029276245 -0.0000525203 0.0000081676 0.0029397366 0.0000054946 0.0027500379
1413394958.50582 0.244012 -0.041553 0.608518 -0.783522 -0.003254 -0.621053 0.019405 0.0004207944 -0.0000112410 -0.0000981943 0.0000007951 0.0000026497 0.0000234451 0.0029288117 -0.0000522320 0.0000081330 0.0029338175 0.0000053460 0.0027501124
1413394958.55582 0.217678 -0.052963 0.607210 -0.807736 -0.013308 -0.588784 0.026823 0.0004025274 -0.0000115670 -0.0001287468 0.0000008300 0.0000037288 0.0000417338 0.0029306521 -0.0000522933 0.0000077895 0.0029284990 0.0000052220 0.0027504270
1413394958.60583 0.191214 -0.064891 0.605578 -0.831520 -0.023531 -0.554052 0.032368 0.0003785353 -0.0000112515 -0.0001570819 0.0000008337 0.0000047012 0.0000657738 0.0029326158 -0.0000526522 0.0000074197 0.0029235595 0.0000051156 0.0027507102
1413394958.65583 0.164536 -0.077128 0.604613 -0.852354 -0.032787 -0.520522 0.038415 0.0003519471 -0.0000122801 -0.0001796026 0.0000009239 0.0000063024 0.0000922858 0.0029340970 -0.0000528721 0.0000072130 0.0029195086 0.0000049601 0.0027507722
1413394958.70583 0.143492 -0.088967 0.606038 -0.866542 -0.041455 -0.495436 0.043927 0.0003305728 -0.0000133363 -0.0001932094 0.0000010343 0.0000078353 0.0001135985 0.0029364046 -0.0000533629 0.0000067373 0.0029163997 0.0000048366 0.0027510883
1413394958.75583 0.127627 -0.099329 0.608121 -0.876211 -0.050465 -0.476879 0.047895 0.0003141322 -0.0000133234 -0.0002015716 0.0000010605 0.0000085932 0.0001300521 0.0029386006 -0.0000536239 0.0000063189 0.0029145560 0.0000047481 0.0027513447
1413394958.80582 0.118729 -0.109993 0.612359 -0.880591 -0.061354 -0.467200 0.050196 0.0003056449 -0.0000113756 -0.0002053717 0.0000009177 0.0000076882 0.0001387218 0.0029407066 -0.0000536350 0.0000058600 0.0029136240 0.0000046900 0.0027515935
1413394958.85582 0.117067 -0.120736 0.617872 -0.881047 -0.072322 -0.464597 0.051717 0.0003036216 -0.0000087131 -0.0002063441 0.0000007437 0.0000059645 0.0001409632 0.0029431224 -0.0000531737 0.0000053206 0.0029135673 0.0000046140 0.0027519678
1413394958.90582 0.122713 -0.130946 0.624861 -0.877182 -0.086301 -0.469733 0.049549 0.0003084369 -0.0000020780 -0.0002045939 0.0000005058 0.0000014147 0.0001364274 0.0029455898 -0.0000521231 0.0000047816 0.0029143265 0.0000045391 0.0027523523
1413394958.95582 0.134940 -0.140052 0.634114 -0.866951 -0.101981 -0.485582 0.046964 0.0003225927 0.0000067679 -0.0001979817 0.0000006303 -0.0000041267 0.0001221832 0.0029477093 -0.0000505180 0.0000043577 0.0029158902 0.0000044538 0.0027526909
1413394959.00582 0.153617 -0.146427 0.642274 -0.852640 -0.115307 -0.507438 0.047075 0.0003415065 0.0000143184 -0.0001867770 0.0000010779 -0.0000078131 0.0001027839 0.0029481653 -0.0000482294 0.0000045715 0.0029181558 0.0000042569 0.0027525844
1413394959.05582 0.175412 -0.150991 0.652089 -0.835246 -0.126337 -0.532791 0.050373 0.0003624841 0.0000202842 -0.0001710466 0.0000016085 -0.0000095576 0.0000812981 0.0029490369 -0.0000460190 0.0000045434 0.0029214719 0.0000042275 0.0027526566
1413394959.10582 0.194771 -0.154398 0.666029 -0.818620 -0.134433 -0.555378 0.057825 0.0003803623 0.0000226152 -0.0001544220 0.0000018129 -0.0000091696 0.0000632422 0.0029491742 -0.0000438629 0.0000049532 0.0029254629 0.0000042759 0.0027523570
1413394959.15582 0.217064 -0.155114 0.677924 -0.800345 -0.139522 -0.579011 0.068758 0.0003979913 0.0000217433 -0.0001342622 0.0000016532 -0.0000073216 0.0000458136 0.0029497025 -0.0000420118 0.0000049365 0.0029292461 0.0000041742 0.0027525100
1413394959.20583 0.234243 -0.153755 0.691643 -0.781761 -0.142605 -0.601388 0.082744 0.0004130133 0.0000181673 -0.0001124915 0.0000012474 -0.0000049337 0.0000311316 0.0029485316 -0.0000400590 0.0000051338 0.0029332072 0.0000041325 0.0027524893
1413394959.25583 0.249571 -0.149938 0.706374 -0.762467 -0.145590 -0.623008 0.096482 0.0004253208 0.0000149182 -0.0000890303 0.0000009636 -0.0000031084 0.0000191119 0.0029475169 -0.0000388284 0.0000055225 0.0029365548 0.0000039207 0.0027522925
1413394959.30583 0.266856 -0.148547 0.717985 -0.746134 -0.149723 -0.639574 0.108682 0.0004330883 0.0000129363 -0.0000691293 0.0000008215 -0.0000020499 0.0000115007 0.0029469557 -0.0000380396 0.0000053340 0.0029394204 0.0000036328 0.0027525552
1413394959.35583 0.277577 -0.147226 0.729417 -0.738416 -0.154554 -0.645544 0.118862 0.0004358655 0.0000106255 -0.0000606571 0.0000006946 -0.0000014630 0.0000089033 0.0029473018 -0.0000369631 0.0000052509 0.0029428043 0.0000034941 0.0027526855
1413394959.40583 0.285174 -0.147003 0.736912 -0.747004 -0.162632 -0.632690 0.123451 0.0004317752 0.0000093807 -0.0000737614 0.0000006351 -0.0000015882 0.0000130679 0.0029473762 -0.0000362655 0.0000053785 0.0029448062 0.0000031795 0.0027527175
1413394959.45583 0.287850 -0.147311 0.743643 -0.763331 -0.171487 -0.609850 0.126494 0.0004222575 0.0000069826 -0.0000969044 0.0000005439 -0.0000015883 0.0000227171 0.0029479104 -0.0000355867 0.0000051842 0.0029461825 0.0000027705 0.0027530671
1413394959.50583 0.287451 -0.148186 0.748791 -0.784290 -0.181834 -0.579383 0.127045 0.0004056725 0.0000048770 -0.0001256232 0.0000004835 -0.0000014954 0.0000393991 0.0029485452 -0.0000351774 0.0000049507 0.0029464536 0.0000023914 0.0027534019
1413394959.55584 0.285677 -0.149255 0.754342 -0.806155 -0.192840 -0.545155 0.125430 0.0003825798 0.0000033416 -0.0001540493 0.0000004494 -0.0000013300 0.0000625568 0.0029490968 -0.0000347887 0.0000046888 0.0029465598 0.0000019763 0.0027537744
1413394959.60584 0.286390 -0.150255 0.760538 -0.824586 -0.202996 -0.513056 0.124995 0.0003579401 0.0000009381 -0.0001761188 0.0000004112 -0.0000004434 0.0000872106 0.0029487402 -0.0000346639 0.0000048442 0.0029460515 0.0000022894 0.0027532761
1413394959.65584 0.287237 -0.149559 0.767924 -0.838668 -0.213036 -0.485523 0.124577 0.0003348485 -0.0000007427 -0.0001916785 0.0000004042 0.0000004457 0.0001103128 0.0029489625 -0.0000339158 0.0000045539 0.0029471081 0.0000020984 0.0027534359
1413394959.70584 0.290966 -0.146649 0.776707 -0.847332 -0.223653 -0.465345 0.124350 0.0003171639 -0.0000009049 -0.0002010065 0.0000004006 0.0000005955 0.0001280094 0.0029487788 -0.0000333763 0.0000042864 0.0029486347 0.0000018788 0.0027536676
1413394959.75584 0.298677 -0.141209 0.785924 -0.849151 -0.237078 -0.455505 0.123501 0.0003081823 0.0000023836 -0.0002049863 0.0000004109 -0.0000015657 0.0001369739 0.0029477635 -0.0000331227 0.0000042420 0.0029509386 0.0000019309 0.0027536603
1413394959.80584 0.312916 -0.131041 0.795435 -0.843559 -0.252588 -0.457984 0.121892 0.0003097667 0.0000095601 -0.0002041135 0.0000006829 -0.0000062852 0.0001351128 0.0029463613 -0.0000328987 0.0000041320 0.0029546324 0.0000019310 0.0027537182
1413394959.85583 0.332559 -0.117024 0.804931 -0.830460 -0.269533 -0.472105 0.121679 0.0003213950 0.0000198187 -0.0001980192 0.0000016088 -0.0000122024 0.0001225923 0.0029443886 -0.0000331332 0.0000040247 0.0029603334 0.0000018553 0.0027539780
1413394959.90583 0.355122 -0.099784 0.812895 -0.815044 -0.280962 -0.490123 0.128618 0.0003378599 0.0000255148 -0.0001882633 0.0000023101 -0.0000142111 0.0001054455 0.0029414283 -0.0000346939 0.0000046135 0.0029664261 0.0000026711 0.0027534849
1413394959.95583 0.379588 -0.077765 0.818790 -0.797079 -0.286761 -0.511799 0.143158 0.0003589204 0.0000260794 -0.0001735796 0.0000022732 -0.0000126030 0.0000844456 0.0029386579 -0.0000365532 0.0000048200 0.0029741883 0.0000030064 0.0027533732
1413394960.00583 0.406780 -0.052824 0.821754 -0.775980 -0.289491 -0.536095 0.163254 0.0003820767 0.0000235326 -0.0001529637 0.0000018211 -0.0000094089 0.0000616981 0.0029357372 -0.0000397012 0.0000049504 0.0029826010 0.0000032895 0.0027534224
1413394960.05583 0.431013 -0.024926 0.823261 -0.753420 -0.290897 -0.559609 0.185944 0.0004027040 0.0000191863 -0.0001286757 0.0000012813 -0.0000061141 0.0000415485 0.0029335286 -0.0000432767 0.0000048207 0.0029925667 0.0000032083 0.0027537712
1413394960.10583 0.454161 0.002850 0.823528 -0.731613 -0.294208 -0.579162 0.206773 0.0004178654 0.0000164664 -0.0001047970 0.0000010174 -0.0000041102 0.0000266998 0.0029322927 -0.0000476507 0.0000045424 0.0030018877 0.0000029291 0.0027543468
1413394960.15583 0.474743 0.029724 0.822608 -0.714693 -0.299228 -0.590380 0.226114 0.0004266324 0.0000131142 -0.0000871899 0.0000007722 -0.0000026594 0.0000182273 0.0029317372 -0.0000524830 0.0000043743 0.0030107948 0.0000027362 0.0027547911
1413394960.20583 0.492396 0.056194 0.820274 -0.701850 -0.308152 -0.595547 0.240361 0.0004309592 0.0000129310 -0.0000764706 0.0000007592 -0.0000022726 0.0000139727 0.0029320376 -0.0000572300 0.0000040419 0.0030188448 0.0000024129 0.0027554849
1413394960.25583 0.505727 0.079669 0.817837 -0.695683 -0.319259 -0.591522 0.253378 0.0004316276 0.0000110086 -0.0000751046 0.0000006538 -0.0000018922 0.0000134707 0.0029329492 -0.0000620429 0.0000036828 0.0030257661 0.0000020475 0.0027562349
1413394960.30583 0.515256 0.100379 0.815625 -0.693229 -0.333119 -0.582430 0.263137 0.0004299522 0.0000101610 -0.0000798901 0.0000006155 -0.0000018640 0.0000152482 0.0029343635 -0.0000663263 0.0000032994 0.0030311215 0.0000015922 0.0027570713
1413394960.35583 0.521780 0.118181 0.811709 -0.696022 -0.348858 -0.566297 0.270480 0.0004249705 0.0000081115 -0.0000921197 0.0000005326 -0.0000017336 0.0000203764 0.0029361035 -0.0000699064 0.0000028955 0.0030350728 0.0000010961 0.0027579801
1413394960.40583 0.525850 0.133584 0.805837 -0.701257 -0.367662 -0.546065 0.273635 0.0004164271 0.0000076770 -0.0001090892 0.0000005210 -0.0000019862 0.0000289927 0.0029380265 -0.0000728994 0.0000024694 0.0030382527 0.0000005610 0.0027589532
1413394960.45583 0.529226 0.147336 0.796303 -0.708049 -0.387220 -0.522360 0.275441 0.0004045010 0.0000062142 -0.0001281230 0.0000004716 -0.0000019426 0.0000410073 0.0029397445 -0.0000755700 0.0000021775 0.0030406467 0.0000000065 0.0027598855
1413394960.50583 0.528359 0.158592 0.784313 -0.717111 -0.407986 -0.494403 0.273615 0.0003871166 0.0000046566 -0.0001498951 0.0000004284 -0.0000017773 0.0000584818 0.0029415117 -0.0000781152 0.0000018117 0.0030430834 -0.0000005630 0.0027608308
1413394960.55583 0.528429 0.171102 0.770021 -0.724815 -0.427965 -0.466498 0.271789 0.0003679949 0.0000022271 -0.0001685926 0.0000003843 -0.0000009931 0.0000776997 0.0029434991 -0.0000801012 0.0000013690 0.0030439679 -0.0000012340 0.0027619790
1413394960.60583 0.526658 0.181968 0.755763 -0.729883 -0.446283 -0.441432 0.270630 0.0003496455 -0.0000002389 -0.0001828577 0.0000003669 0.0000001524 0.0000961087 0.0029456340 -0.0000830924 0.0000009680 0.0030453142 -0.0000017298 0.0027630537
1413394960.65583 0.529068 0.199217 0.737597 -0.732400 -0.463481 -0.420075 0.268909 0.0003331339 -0.0000016429 -0.0001933070 0.0000003739 0.0000009809 0.0001126654 0.0029483184 -0.0000857675 0.0000002803 0.0030466230 -0.0000024464 0.0027642682
1413394960.70583 0.533597 0.218919 0.721366 -0.729192 -0.479347 -0.407295 0.269473 0.0003238270 -0.0000008305 -0.0001983706 0.0000003581 0.0000005330 0.0001220112 0.0029509538 -0.0000912844 0.0000000968 0.0030478171 -0.0000022942 0.0027645261
1413394960.75583 0.542544 0.247621 0.707405 -0.717876 -0.493319 -0.408057 0.273459 0.0003264513 0.0000038563 -0.0001970242 0.0000003961 -0.0000023102 0.0001193868 0.0029552768 -0.0000978679 -0.0000003857 0.0030510254 -0.0000027763 0.0027656078
1413394960.80584 0.550348 0.277754 0.698183 -0.702406 -0.500617 -0.418328 0.284624 0.0003394572 0.0000075029 -0.0001895618 0.0000005069 -0.0000041724 0.0001062930 0.0029614334 -0.0001065249 -0.0000008858 0.0030550354 -0.0000027188 0.0027658206
1413394960.85584 0.555598 0.316991 0.692843 -0.682669 -0.502682 -0.436318 0.301497 0.0003600876 0.0000107534 -0.0001751117 0.0000006554 -0.0000052121 0.0000855591 0.0029686872 -0.0001154559 -0.0000011532 0.0030593978 -0.0000029293 0.0027662350
1413394960.90584 0.562583 0.356211 0.688091 -0.664715 -0.498794 -0.453938 0.321402 0.0003806341 0.0000105613 -0.0001569258 0.0000006174 -0.0000043364 0.0000650691 0.0029786722 -0.0001264616 -0.0000013687 0.0030621943 -0.0000031541 0.0027666631
1413394960.95584 0.569040 0.395482 0.684290 -0.647192 -0.492970 -0.471553 0.340236 0.0003987291 0.0000104228 -0.0001364039 0.0000005763 -0.0000035505 0.0000470135 0.0029877953 -0.0001391809 -0.0000000093 0.0030641780 -0.0000018076 0.0027651496
1413394961.00584 0.577980 0.436178 0.680644 -0.632225 -0.485681 -0.486539 0.357331 0.0004128447 0.0000089830 -0.0001161514 0.0000004968 -0.0000025118 0.0000330123 0.0030001945 -0.0001497434 -0.0000002308 0.0030671546 -0.0000019166 0.0027655577
1413394961.05584 0.583747 0.470174 0.680358 -0.621840 -0.479891 -0.496336 0.369688 0.0004213044 0.0000073557 -0.0001012813 0.0000004274 -0.0000017533 0.0000246740 0.0030136874 -0.0001611350 -0.0000000038 0.0030717544 -0.0000018869 0.0027655640
1413394961.10584 0.590522 0.504564 0.675899 -0.614974 -0.475885 -0.502146 0.378404 0.0004263036 0.0000056233 -0.0000910974 0.0000003735 -0.0000011855 0.0000197876 0.0030261535 -0.0001695986 -0.0000004360 0.0030751590 -0.0000024520 0.0027663293
1413394961.15584 0.596424 0.536186 0.671004 -0.614424 -0.475631 -0.501894 0.379948 0.0004267356 0.0000046982 -0.0000903336 0.0000003515 -0.0000009779 0.0000194425 0.0030397679 -0.0001786624 -0.0000008662 0.0030795954 -0.0000030640 0.0027670668
1413394961.20584 0.600887 0.564577 0.663667 -0.621622 -0.480304 -0.493173 0.373731 0.0004215452 0.0000040563 -0.0001013881 0.0000003387 -0.0000009582 0.0000247085 0.0030527071 -0.0001866528 -0.0000013220 0.0030835181 -0.0000036416 0.0027677256
1413394961.25584 0.605271 0.593995 0.651029 -0.632775 -0.489891 -0.478419 0.361549 0.0004109084 0.0000048394 -0.0001200270 0.0000003561 -0.0000013954 0.0000353888 0.0030651649 -0.0001937575 -0.0000016550 0.0030863529 -0.0000038953 0.0027679107
1413394961.30584 0.607047 0.619763 0.641095 -0.646537 -0.501264 -0.459138 0.346289 0.0003949887 0.0000053084 -0.0001419489 0.0000003676 -0.0000018887 0.0000513515 0.0030790367 -0.0002015926 -0.0000019389 0.0030895002 -0.0000043305 0.0027683031
1413394961.35584 0.608140 0.645725 0.631020 -0.659716 -0.511822 -0.439275 0.331436 0.0003768158 0.0000051128 -0.0001615169 0.0000003635 -0.0000021723 0.0000695839 0.0030927339 -0.0002083851 -0.0000022560 0.0030914053 -0.0000046566 0.0027685194
1413394961.40584 0.608786 0.671905 0.623749 -0.669643 -0.521523 -0.423799 0.316205 0.0003594816 0.0000075040 -0.0001763560 0.0000004467 -0.0000036639 0.0000868824 0.0031075130 -0.0002158537 -0.0000023701 0.0030930038 -0.0000048708 0.0027687104
1413394961.45584 0.608119 0.699877 0.618927 -0.670604 -0.530650 -0.420651 0.302907 0.0003501469 0.0000159506 -0.0001827019 0.0000010142 -0.0000083092 0.0000957019 0.0031241376 -0.0002236719 -0.0000026646 0.0030949023 -0.0000053070 0.0027691196
1413394961.50584 0.606707 0.729989 0.616880 -0.664957 -0.536125 -0.427607 0.295897 0.0003503981 0.0000257994 -0.0001814483 0.0000021834 -0.0000133517 0.0000943253 0.0031428579 -0.0002321370 -0.0000027730 0.0030954096 -0.0000055338 0.0027693535
1413394961.55585 0.601164 0.759562 0.624046 -0.654686 -0.538606 -0.441374 0.294073 0.0003572768 0.0000362707 -0.0001745894 0.0000039462 -0.0000177252 0.0000856553 0.0031603563 -0.0002427032 -0.0000002722 0.0030888985 -0.0000021119 0.0027662423
1413394961.60585 0.600838 0.799924 0.625416 -0.642757 -0.535291 -0.458173 0.300672 0.0003705384 0.0000423538 -0.0001621453 0.0000051020 -0.0000185357 0.0000712759 0.0031809499 -0.0002490296 -0.0000000800 0.0030848020 -0.0000016289 0.0027658235
1413394961.65586 0.597637 0.843548 0.625254 -0.633189 -0.525699 -0.472353 0.315586 0.0003862564 0.0000403041 -0.0001469943 0.0000044640 -0.0000153387 0.0000562475 0.0032096033 -0.0002594291 0.0000000411 0.0030836268 -0.0000012270 0.0027654755
1413394961.70586 0.592270 0.890396 0.624821 -0.621888 -0.513060 -0.488147 0.334271 0.0004031889 0.0000361485 -0.0001270208 0.0000034927 -0.0000113881 0.0000403079 0.0032406136 -0.0002696975 0.0000006405 0.0030794784 -0.0000001004 0.0027646455
1413394961.75586 0.583741 0.936597 0.624935 -0.611802 -0.497788 -0.501749 0.355180 0.0004181150 0.0000280573 -0.0001052995 0.0000021338 -0.0000070634 0.0000267998 0.0032754676 -0.0002788057 0.0000005753 0.0030759369 0.0000000834 0.0027645853
1413394961.80586 0.573542 0.979637 0.625512 -0.604184 -0.483644 -0.511819 0.372950 0.0004282943 0.0000194573 -0.0000863450 0.0000011347 -0.0000039189 0.0000176823 0.0033105718 -0.0002860226 0.0000005815 0.0030713020 0.0000001899 0.0027645385
1413394961.85586 0.561217 1.018003 0.624931 -0.600690 -0.472172 -0.516622 0.386429 0.0004339162 0.0000104658 -0.0000735988 0.0000005040 -0.0000017703 0.0000127560 0.0033440347 -0.0002910574 0.0000004800 0.0030665099 0.0000000949 0.0027646526
1413394961.90586 0.547128 1.052943 0.624977 -0.599223 -0.462922 -0.519062 0.396496 0.0004371326 0.0000024477 -0.0000646777 0.0000002663 -0.0000003568 0.0000098407 0.0033738810 -0.0002933691 0.0000003821 0.0030607192 0.0000000514 0.0027647236
1413394961.95586 0.530401 1.083419 0.622702 -0.601372 -0.457307 -0.517130 0.402241 0.0004377985 -0.0000047031 -0.0000624938 0.0000003030 0.0000006772 0.0000091912 0.0034009712 -0.0002936918 0.0000003614 0.0030542023 0.0000000747 0.0027647382
1413394962.00586 0.513493 1.108668 0.621361 -0.607357 -0.456372 -0.511082 0.402041 0.0004360210 -0.0000095650 -0.0000679728 0.0000004631 0.0000014970 0.0000108684 0.0034246276 -0.0002915108 0.0000003152 0.0030472370 -0.0000000249 0.0027648769
1413394962.05586 0.495436 1.130178 0.618381 -0.620136 -0.460414 -0.496291 0.396417 0.0004297439 -0.0000150998 -0.0000844704 0.0000007848 0.0000029742 0.0000168791 0.0034441686 -0.0002878599 0.0000002734 0.0030403406 -0.0000000601 0.0027650090
1413394962.10586 0.477507 1.147309 0.616146 -0.631384 -0.470414 -0.484442 0.381288 0.0004210020 -0.0000110489 -0.0001038900 0.0000005447 0.0000027320 0.0000259183 0.0034613041 -0.0002831472 0.0000002602 0.0030335780 -0.0000001272 0.0027652011
1413394962.15586 0.459594 1.161287 0.615236 -0.641886 -0.479915 -0.472255 0.366933 0.0004107036 -0.0000075029 -0.0001218122 0.0000003916 0.0000022292 0.0000364164 0.0034758103 -0.0002779098 0.0000002863 0.0030264159 0.0000000064 0.0027653353
1413394962.20585 0.442535 1.175369 0.615296 -0.650797 -0.488192 -0.461993 0.353121 0.0004002559 -0.0000035140 -0.0001367492 0.0000002846 0.0000012021 0.0000470151 0.0034880656 -0.0002720606 0.0000003580 0.0030191074 0.0000001465 0.0027654869
1413394962.25585 0.425726 1.183104 0.615978 -0.657167 -0.494105 -0.455039 0.341953 0.0003917109 0.0000003013 -0.0001472212 0.0000002521 -0.0000001152 0.0000556286 0.0035015924 -0.0002666151 0.0000003393 0.0030115942 0.0000004270 0.0027654608
1413394962.30586 0.408146 1.194466 0.618836 -0.660562 -0.497792 -0.451417 0.334789 0.0003865492 0.0000030779 -0.0001529324 0.0000002774 -0.0000012212 0.0000608052 0.0035094885 -0.0002596046 0.0000003627 0.0030050175 0.0000004431 0.0027656304
1413394962.35586 0.390289 1.208306 0.624365 -0.658913 -0.497403 -0.455335 0.333309 0.0003882045 0.0000058067 -0.0001511173 0.0000003412 -0.0000022652 0.0000591234 0.0035222018 -0.0002529837 0.0000003658 0.0029986033 0.0000005212 0.0027657942
1413394962.40586 0.372862 1.223022 0.635229 -0.647959 -0.491485 -0.471765 0.340633 0.0004004760 0.0000095162 -0.0001363916 0.0000004819 -0.0000032469 0.0000467391 0.0035380085 -0.0002462771 0.0000003922 0.0029920073 0.0000006219 0.0027658973
1413394962.45586 0.353768 1.239844 0.646482 -0.634799 -0.480937 -0.490156 0.354227 0.0004148491 0.0000094202 -0.0001154477 0.0000004712 -0.0000026276 0.0000324052 0.0035529274 -0.0002389577 0.0000004240 0.0029856740 0.0000007977 0.0027659091
1413394962.50586 0.333572 1.255260 0.659419 -0.617468 -0.468902 -0.512475 0.369098 0.0004287380 0.0000108988 -0.0000883719 0.0000005360 -0.0000022528 0.0000184836 0.0035689547 -0.0002306329 0.0000004583 0.0029791070 0.0000010160 0.0027658404
1413394962.55586 0.311613 1.266759 0.671071 -0.603569 -0.457150 -0.528809 0.383510 0.0004375304 0.0000091379 -0.0000646503 0.0000004516 -0.0000013565 0.0000098164 0.0035816765 -0.0002209345 0.0000005096 0.0029731245 0.0000011440 0.0027658606
1413394962.60586 0.287863 1.273557 0.681646 -0.595871 -0.448876 -0.536969 0.393842 0.0004415608 0.0000057145 -0.0000501122 0.0000003366 -0.0000006548 0.0000059492 0.0035892079 -0.0002093234 0.0000005698 0.0029671999 0.0000012345 0.0027659150
1413394962.65586 0.261981 1.275160 0.690628 -0.596115 -0.446099 -0.535767 0.398242 0.0004421039 0.0000015054 -0.0000482041 0.0000002697 -0.0000001706 0.0000055184 0.0035908007 -0.0001958892 0.0000006319 0.0029612912 0.0000013029 0.0027659810
1413394962.70587 0.234329 1.271583 0.696623 -0.605696 -0.451264 -0.524002 0.393593 0.0004385420 -0.0000016256 -0.0000623178 0.0000002726 0.0000002242 0.0000091210 0.0035869631 -0.0001809254 0.0000006966 0.0029555397 0.0000013500 0.0027660649
1413394962.75587 0.205389 1.262814 0.701109 -0.620671 -0.458746 -0.504882 0.386541 0.0004309916 -0.0000071992 -0.0000838817 0.0000003889 0.0000013945 0.0000165963 0.0035779535 -0.0001647710 0.0000007632 0.0029500710 0.0000013785 0.0027661471
1413394962.80587 0.176192 1.250565 0.704655 -0.635226 -0.468734 -0.485691 0.375342 0.0004201667 -0.0000092344 -0.0001067036 0.0000004737 0.0000023384 0.0000273765 0.0035648659 -0.0001481977 0.0000008407 0.0029451716 0.0000013948 0.0027662276
1413394962.85587 0.146857 1.236368 0.706926 -0.647943 -0.480266 -0.466006 0.363803 0.0004068220 -0.0000100761 -0.0001282437 0.0000005223 0.0000031695 0.0000407151 0.0035501291 -0.0001318680 0.0000009188 0.0029410286 0.0000014027 0.0027663307
1413394962.90587 0.118278 1.220989 0.707713 -0.655066 -0.492396 -0.451925 0.352419 0.0003948516 -0.0000069194 -0.0001440516 0.0000003958 0.0000025163 0.0000528517 0.0035347125 -0.0001159758 0.0000010079 0.0029375638 0.0000013939 0.0027664359
1413394962.95587 0.090424 1.205235 0.708371 -0.655675 -0.501931 -0.445553 0.345889 0.0003884942 -0.0000025444 -0.0001514567 0.0000002931 0.0000009820 0.0000593502 0.0035189723 -0.0001007586 0.0000011124 0.0029348392 0.0000013584 0.0027665384
1413394963.00587 0.062530 1.191943 0.708889 -0.649665 -0.505615 -0.449276 0.347044 0.0003912076 0.0000014828 -0.0001485228 0.0000002838 -0.0000005747 0.0000566897 0.0035038687 -0.0000864726 0.0000012133 0.0029330565 0.0000013373 0.0027666177
1413394963.05586 0.034797 1.180033 0.710089 -0.637108 -0.503756 -0.462323 0.355781 0.0004020509 0.0000053549 -0.0001352895 0.0000003515 -0.0000018150 0.0000458202 0.0034921403 -0.0000723517 0.0000013184 0.0029318605 0.0000012930 0.0027667045
1413394963.10586 0.007094 1.168571 0.710304 -0.621039 -0.497815 -0.479985 0.368926 0.0004156971 0.0000085425 -0.0001150122 0.0000004576 -0.0000023774 0.0000321074 0.0034807186 -0.0000585127 0.0000014250 0.0029313421 0.0000012483 0.0027667659
1413394963.15586 -0.021289 1.154908 0.706698 -0.606472 -0.489422 -0.494805 0.384481 0.0004270272 0.0000079397 -0.0000937090 0.0000004315 -0.0000017563 0.0000208440 0.0034674502 -0.0000446390 0.0000015463 0.0029316719 0.0000011879 0.0027668298
1413394963.20586 -0.049855 1.137140 0.699138 -0.594809 -0.482817 -0.506182 0.396068 0.0004341459 0.0000078680 -0.0000765074 0.0000004281 -0.0000014009 0.0000137587 0.0034511066 -0.0000306516 0.0000017010 0.0029324951 0.0000010811 0.0027668432
1413394963.25586 -0.080662 1.118104 0.688011 -0.590324 -0.480658 -0.509189 0.401513 0.0004364053 0.0000069106 -0.0000701670 0.0000003967 -0.0000011260 0.0000115572 0.0034312484 -0.0000172671 0.0000018372 0.0029342654 0.0000010101 0.0027668865
1413394963.30586 -0.112155 1.095254 0.671815 -0.594266 -0.485074 -0.503092 0.398058 0.0004337512 0.0000066992 -0.0000778260 0.0000003926 -0.0000012176 0.0000142419 0.0034103880 -0.0000034580 0.0000019761 0.0029370478 0.0000009406 0.0027669477
1413394963.35587 -0.144448 1.068763 0.651141 -0.604116 -0.495195 -0.490374 0.386471 0.0004259901 0.0000082817 -0.0000960915 0.0000004519 -0.0000018849 0.0000219591 0.0033866871 0.0000096822 0.0000020939 0.0029408649 0.0000009049 0.0027670177
1413394963.40587 -0.177219 1.039992 0.627968 -0.617738 -0.507485 -0.472603 0.370817 0.0004130274 0.0000093919 -0.0001195221 0.0000005064 -0.0000027360 0.0000348804 0.0033612216 0.0000221714 0.0000022200 0.0029457253 0.0000009014 0.0027671045
1413394963.45588 -0.210376 1.010394 0.603135 -0.631929 -0.519173 -0.453027 0.354811 0.0003966332 0.0000093880 -0.0001421728 0.0000005169 -0.0000033848 0.0000512675 0.0033359802 0.0000338145 0.0000023391 0.0029515435 0.0000009133 0.0027671758
1413394963.50588 -0.243940 0.980705 0.577118 -0.644366 -0.529678 -0.435387 0.338632 0.0003790267 0.0000103438 -0.0001611161 0.0000005792 -0.0000044182 0.0000688076 0.0033114088 0.0000446326 0.0000024526 0.0029585400 0.0000009262 0.0027672710
1413394963.55588 -0.279072 0.953358 0.551746 -0.654306 -0.537747 -0.421128 0.324596 0.0003630336 0.0000114701 -0.0001750240 0.0000006618 -0.0000055529 0.0000847177 0.0032887230 0.0000548309 0.0000025832 0.0029668158 0.0000009209 0.0027673895
1413394963.60588 -0.314028 0.929091 0.528132 -0.659163 -0.540901 -0.414723 0.317702 0.0003552261 0.0000119820 -0.0001809313 0.0000007062 -0.0000061269 0.0000925005 0.0032702306 0.0000652641 0.0000027279 0.0029765468 0.0000009246 0.0027675532
1413394963.65588 -0.348686 0.909174 0.508674 -0.656678 -0.538459 -0.420126 0.319891 0.0003599110 0.0000130730 -0.0001773772 0.0000007794 -0.0000064672 0.0000877596 0.0032555046 0.0000754653 0.0000028889 0.0029872502 0.0000009318 0.0027677209
1413394963.70588 -0.383293 0.893091 0.491727 -0.648781 -0.531236 -0.433900 0.329548 0.0003735950 0.0000137650 -0.0001659629 0.0000008142 -0.0000061387 0.0000740564 0.0032436574 0.0000856788 0.0000030699 0.0029990862 0.0000009338 0.0027679005
1413394963.75587 -0.418232 0.880135 0.476742 -0.635286 -0.521326 -0.454620 0.343441 0.0003922790 0.0000158738 -0.0001467949 0.0000009518 -0.0000059634 0.0000552480 0.0032341413 0.0000960400 0.0000032662 0.0030121528 0.0000009295 0.0027680791
1413394963.80587 -0.454437 0.867918 0.461587 -0.621569 -0.508060 -0.474469 0.361117 0.0004100964 0.0000143237 -0.0001236313 0.0000008113 -0.0000043400 0.0000375744 0.0032255561 0.0001065379 0.0000034247 0.0030267491 0.0000008689 0.0027681807
1413394963.85587 -0.491551 0.854673 0.444803 -0.611047 -0.496241 -0.488975 0.375859 0.0004220043 0.0000113880 -0.0001038344 0.0000006196 -0.0000028228 0.0000258446 0.0032165568 0.0001168021 0.0000035550 0.0030429029 0.0000007726 0.0027682269
1413394963.90587 -0.529180 0.841012 0.427779 -0.607933 -0.486019 -0.493539 0.388102 0.0004278803 0.0000035460 -0.0000923878 0.0000003431 -0.0000007851 0.0000202417 0.0032060675 0.0001264135 0.0000036792 0.0030608806 0.0000007121 0.0027683497
1413394963.95587 -0.569607 0.823687 0.406201 -0.615293 -0.485892 -0.485313 0.387034 0.0004243777 -0.0000019419 -0.0000997788 0.0000003242 0.0000004376 0.0000237567 0.0031953807 0.0001354265 0.0000038046 0.0030803090 0.0000006158 0.0027684183
1413394964.00587 -0.610405 0.805354 0.385636 -0.626552 -0.490697 -0.472763 0.378344 0.0004159877 -0.0000042877 -0.0001148456 0.0000003595 0.0000011651 0.0000320103 0.0031826143 0.0001436473 0.0000037219 0.0031019365 0.0000003263 0.0027682778
1413394964.05587 -0.651271 0.783949 0.362442 -0.641478 -0.500790 -0.454697 0.361892 0.0004005925 -0.0000036599 -0.0001372401 0.0000003492 0.0000012349 0.0000473341 0.0031701275 0.0001512163 0.0000036883 0.0031253544 0.0000000117 0.0027681776
1413394964.10587 -0.691410 0.762627 0.341357 -0.654989 -0.510335 -0.436995 0.345809 0.0003834555 -0.0000027952 -0.0001567251 0.0000003372 0.0000011232 0.0000643886 0.0031567053 0.0001572466 0.0000036924 0.0031502167 -0.0000001745 0.0027682241
1413394964.15587 -0.731380 0.742497 0.320022 -0.666545 -0.519718 -0.421310 0.328798 0.0003654109 -0.0000001014 -0.0001731451 0.0000003189 0.0000000275 0.0000823930 0.0031449282 0.0001627907 0.0000037960 0.0031759168 -0.0000003228 0.0027683634
1413394964.20587 -0.769813 0.725710 0.302491 -0.673686 -0.525278 -0.411719 0.317360 0.0003531597 0.0000020089 -0.0001824224 0.0000003328 -0.0000010595 0.0000945939 0.0031353663 0.0001685715 0.0000039937 0.0032028181 -0.0000003671 0.0027686567
1413394964.25587 -0.806713 0.713360 0.289718 -0.671460 -0.527361 -0.415817 0.313254 0.0003536327 0.0000071625 -0.0001818858 0.0000004685 -0.0000037079 0.0000939164 0.0031284742 0.0001748497 0.0000040590 0.0032295837 -0.0000004842 0.0027688583
1413394964.30587 -0.843773 0.705536 0.281060 -0.664819 -0.524145 -0.427092 0.317618 0.0003632365 0.0000102674 -0.0001744243 0.0000006159 -0.0000049550 0.0000841159 0.0031243359 0.0001822123 0.0000041668 0.0032569898 -0.0000005542 0.0027691025
1413394964.35587 -0.880312 0.701387 0.276912 -0.652578 -0.516088 -0.445598 0.330511 0.0003810303 0.0000118243 -0.0001583846 0.0000006944 -0.0000049391 0.0000661797 0.0031223090 0.0001909972 0.0000042369 0.0032861710 -0.0000006364 0.0027692654
1413394964.40587 -0.917320 0.699845 0.273830 -0.639573 -0.503994 -0.464563 0.348020 0.0003995832 0.0000098138 -0.0001375636 0.0000005697 -0.0000034006 0.0000476877 0.0031210897 0.0002002117 0.0000041237 0.0033162661 -0.0000008097 0.0027692318
1413394964.45587 -0.953878 0.698430 0.273460 -0.626543 -0.489533 -0.481627 0.368559 0.0004159919 0.0000042236 -0.0001137043 0.0000003727 -0.0000011744 0.0000313967 0.0031202685 0.0002098324 0.0000040029 0.0033480901 -0.0000009959 0.0027691729
1413394964.50587 -0.992055 0.694817 0.271691 -0.616836 -0.477956 -0.493306 0.384344 0.0004259564 -0.0000010949 -0.0000947709 0.0000003337 0.0000002252 0.0000213971 0.0031185736 0.0002185119 0.0000037701 0.0033805807 -0.0000012695 0.0027689374
1413394964.55587 -1.029920 0.688572 0.268454 -0.616632 -0.471170 -0.492132 0.394423 0.0004281802 -0.0000098608 -0.0000891465 0.0000005598 0.0000020360 0.0000188714 0.0031152403 0.0002260995 0.0000036428 0.0034161020 -0.0000015430 0.0027689054
1413394964.60587 -1.070552 0.678121 0.260006 -0.625940 -0.471960 -0.478541 0.395540 0.0004226937 -0.0000188428 -0.0000993294 0.0000011742 0.0000044127 0.0000236577 0.0031102529 0.0002318834 0.0000033681 0.0034521719 -0.0000019516 0.0027686486
1413394964.65587 -1.108822 0.666434 0.254017 -0.640996 -0.476731 -0.457891 0.390113 0.0004110873 -0.0000271517 -0.0001181046 0.0000021301 0.0000077878 0.0000342576 0.0031036687 0.0002360858 0.0000033611 0.0034918333 -0.0000021859 0.0027687367
1413394964.70587 -1.146485 0.655842 0.252574 -0.658107 -0.485270 -0.433932 0.378300 0.0003936571 -0.0000321173 -0.0001409620 0.0000029580 0.0000114914 0.0000508172 0.0030957062 0.0002383003 0.0000028264 0.0035294020 -0.0000029033 0.0027683045
1413394964.75586 -1.182254 0.642140 0.247657 -0.673823 -0.493500 -0.410405 0.366045 0.0003737696 -0.0000359874 -0.0001611696 0.0000038054 0.0000155120 0.0000698573 0.0030906095 0.0002418155 0.0000028833 0.0035671459 -0.0000031050 0.0027685142
1413394964.80586 -1.216449 0.629218 0.243965 -0.688033 -0.500851 -0.388506 0.353301 0.0003530113 -0.0000384812 -0.0001777870 0.0000045381 0.0000193783 0.0000899227 0.0030845186 0.0002431338 0.0000029399 0.0036029962 -0.0000032811 0.0027687405
1413394964.85586 -1.246812 0.619799 0.242315 -0.698651 -0.505542 -0.371856 0.343566 0.0003361701 -0.0000402992 -0.0001885553 0.0000051772 0.0000226052 0.0001061643 0.0030798778 0.0002451193 0.0000029677 0.0036373301 -0.0000034381 0.0027689679
1413394964.90586 -1.273204 0.614435 0.242180 -0.708251 -0.506687 -0.356896 0.338046 0.0003217680 -0.0000443785 -0.0001955924 0.0000064707 0.0000269830 0.0001193191 0.0030775208 0.0002484017 0.0000029794 0.0036677990 -0.0000035838 0.0027692167
1413394964.95586 -1.295675 0.614015 0.243959 -0.716009 -0.503772 -0.346027 0.337357 0.0003122691 -0.0000501781 -0.0001987351 0.0000084174 0.0000319473 0.0001269180 0.0030776048 0.0002534920 0.0000029563 0.0036934539 -0.0000037216 0.0027694505
1413394965.00586 -1.312196 0.619313 0.249700 -0.715329 -0.500122 -0.349391 0.340747 0.0003162419 -0.0000518340 -0.0001965143 0.0000088529 0.0000322232 0.0001225501 0.0030802608 0.0002608496 0.0000028757 0.0037135386 -0.0000038310 0.0027696118
1413394965.05587 -1.323068 0.630522 0.258568 -0.705420 -0.496165 -0.368126 0.347400 0.0003340722 -0.0000481751 -0.0001880848 0.0000073045 0.0000271307 0.0001063085 0.0030856281 0.0002700769 0.0000027235 0.0037262603 -0.0000039367 0.0027697068
1413394965.10587 -1.330299 0.645369 0.269948 -0.688140 -0.491978 -0.395719 0.357529 0.0003594764 -0.0000411257 -0.0001725006 0.0000050615 0.0000197353 0.0000831674 0.0030929379 0.0002806876 0.0000024726 0.0037342771 -0.0000040066 0.0027696390
1413394965.15587 -1.334708 0.663061 0.284775 -0.667546 -0.487621 -0.423191 0.370834 0.0003841316 -0.0000340613 -0.0001516252 0.0000033766 0.0000134396 0.0000602185 0.0031012326 0.0002919417 0.0000022024 0.0037404276 -0.0000041321 0.0027695015
1413394965.20587 -1.338267 0.681164 0.300765 -0.645267 -0.481310 -0.448514 0.388338 0.0004059543 -0.0000295059 -0.0001257769 0.0000025023 0.0000091330 0.0000393218 0.0031108503 0.0003036990 0.0000019898 0.0037443447 -0.0000042448 0.0027694708
1413394965.25587 -1.339747 0.701178 0.316563 -0.626364 -0.479973 -0.464720 0.401657 0.0004189379 -0.0000245721 -0.0001058469 0.0000017999 0.0000061971 0.0000270868 0.0031198037 0.0003145144 0.0000018519 0.0037479239 -0.0000043462 0.0027693149
1413394965.30587 -1.343196 0.717625 0.327235 -0.610598 -0.484429 -0.474531 0.409047 0.0004259094 -0.0000173076 -0.0000935779 0.0000010632 0.0000037892 0.0000209019 0.0031294436 0.0003254505 0.0000017086 0.0037499288 -0.0000043705 0.0027691991
1413394965.35587 -1.346561 0.730776 0.337609 -0.601667 -0.496889 -0.473046 0.409055 0.0004259152 -0.0000095682 -0.0000947703 0.0000005761 0.0000021136 0.0000214321 0.0031373232 0.0003348082 0.0000015858 0.0037546591 -0.0000044900 0.0027692817
1413394965.40587 -1.350795 0.740170 0.346129 -0.597563 -0.513893 -0.464338 0.404008 0.0004211146 -0.0000023474 -0.0001048944 0.0000003758 0.0000005673 0.0000264798 0.0031431627 0.0003419282 0.0000015111 0.0037594223 -0.0000045691 0.0027694327
1413394965.45587 -1.356062 0.746851 0.354845 -0.594527 -0.529761 -0.452400 0.401529 0.0004152621 0.0000008996 -0.0001153221 0.0000003663 -0.0000002689 0.0000323860 0.0031473846 0.0003477098 0.0000014693 0.0037657561 -0.0000046229 0.0027696215
1413394965.50587 -1.361603 0.751556 0.365259 -0.589007 -0.544138 -0.442320 0.401670 0.0004108688 0.0000036067 -0.0001223398 0.0000003977 -0.0000010947 0.0000367951 0.0031505320 0.0003526419 0.0000014494 0.0037732532 -0.0000046672 0.0027698394
1413394965.55587 -1.368400 0.755117 0.377134 -0.581244 -0.553706 -0.433734 0.409194 0.0004101917 0.0000020891 -0.0001234708 0.0000003781 -0.0000006502 0.0000375372 0.0031527464 0.0003567461 0.0000014522 0.0037812625 -0.0000047136 0.0027700585
1413394965.60587 -1.375926 0.757247 0.390851 -0.570218 -0.558871 -0.427173 0.424309 0.0004137170 -0.0000026498 -0.0001180352 0.0000003856 0.0000007348 0.0000340481 0.0031541124 0.0003603693 0.0000014785 0.0037908235 -0.0000047741 0.0027702717
1413394965.65587 -1.383672 0.757684 0.405428 -0.555090 -0.561047 -0.422922 0.445240 0.0004203806 -0.0000084276 -0.0001063472 0.0000005385 0.0000021112 0.0000272736 0.0031541737 0.0003628171 0.0000015623 0.0038009673 -0.0000048282 0.0027704370
1413394965.70587 -1.391457 0.755518 0.420395 -0.538859 -0.563361 -0.418673 0.465799 0.0004264214 -0.0000130742 -0.0000938850 0.0000007712 0.0000028576 0.0000210392 0.0031529651 0.0003637784 0.0000016280 0.0038104097 -0.0000049029 0.0027706154
1413394965.75587 -1.399454 0.748767 0.433199 -0.524547 -0.572006 -0.410733 0.478496 0.0004283360 -0.0000139078 -0.0000893895 0.0000008218 0.0000028810 0.0000190248 0.0031495556 0.0003622335 0.0000017368 0.0038190944 -0.0000049805 0.0027707810
1413394965.80587 -1.406563 0.739623 0.442535 -0.512599 -0.587335 -0.400665 0.481402 0.0004265547 -0.0000098329 -0.0000938968 0.0000005969 0.0000021421 0.0000210445 0.0031434433 0.0003577930 0.0000018270 0.0038281633 -0.0000050884 0.0027710028
1413394965.85587 -1.412837 0.725341 0.448776 -0.503579 -0.604959 -0.387899 0.479549 0.0004218090 -0.0000058010 -0.0001037278 0.0000004487 0.0000014037 0.0000258894 0.0031362811 0.0003518315 0.0000019415 0.0038357118 -0.0000051998 0.0027711227
1413394965.90587 -1.418749 0.708468 0.452240 -0.492610 -0.622533 -0.377493 0.476746 0.0004171122 0.0000002631 -0.0001123003 0.0000003679 -0.0000000947 0.0000306225 0.0031266205 0.0003426472 0.0000020574 0.0038425257 -0.0000053028 0.0027712161
1413394965.95587 -1.425380 0.693421 0.456295 -0.478616 -0.632613 -0.371890 0.482104 0.0004174911 0.0000040573 -0.0001115308 0.0000004060 -0.0000011078 0.0000301836 0.0031161587 0.0003321546 0.0000021730 0.0038498304 -0.0000053815 0.0027713866
1413394966.00587 -1.431950 0.675169 0.460414 -0.462019 -0.635345 -0.369427 0.496386 0.0004227753 0.0000048297 -0.0001017089 0.0000004198 -0.0000011844 0.0000248531 0.0031070288 0.0003230215 0.0000023167 0.0038581118 -0.0000054735 0.0027715261
1413394966.05587 -1.437756 0.656160 0.464138 -0.444540 -0.633297 -0.368984 0.514947 0.0004298908 0.0000043429 -0.0000863714 0.0000004065 -0.0000008931 0.0000177316 0.0030958968 0.0003107664 0.0000024822 0.0038657192 -0.0000055941 0.0027716117
1413394966.10587 -1.443068 0.633862 0.464846 -0.429394 -0.632067 -0.365761 0.531348 0.0004347297 0.0000028239 -0.0000738158 0.0000003790 -0.0000004979 0.0000129075 0.0030845851 0.0002973679 0.0000026586 0.0038722702 -0.0000057485 0.0027717347
1413394966.15587 -1.447005 0.607216 0.461207 -0.421109 -0.640705 -0.355811 0.534381 0.0004335207 0.0000027535 -0.0000771906 0.0000003763 -0.0000005068 0.0000141183 0.0030721981 0.0002814601 0.0000028265 0.0038777084 -0.0000059493 0.0027718796
1413394966.20587 -1.450053 0.577044 0.453230 -0.418408 -0.657050 -0.340008 0.526891 0.0004269357 0.0000027246 -0.0000931514 0.0000003739 -0.0000006090 0.0000207026 0.0030585354 0.0002624098 0.0000029931 0.0038816098 -0.0000061668 0.0027720064
1413394966.25586 -1.452549 0.543472 0.443382 -0.418925 -0.676210 -0.320002 0.514626 0.0004158235 0.0000008353 -0.0001143424 0.0000003555 -0.0000002416 0.0000318273 0.0030444381 0.0002411924 0.0000031346 0.0038847274 -0.0000063607 0.0027720734
1413394966.30586 -1.454246 0.506704 0.430752 -0.421967 -0.699843 -0.296109 0.494452 0.0003969857 -0.0000010393 -0.0001412726 0.0000003548 0.0000003603 0.0000506769 0.0030303034 0.0002178775 0.0000033160 0.0038870533 -0.0000066456 0.0027722656
1413394966.35586 -1.455843 0.469285 0.418576 -0.425362 -0.723721 -0.270644 0.471219 0.0003724040 -0.0000035289 -0.0001669316 0.0000003837 0.0000015738 0.0000752585 0.0030170053 0.0001938420 0.0000035358 0.0038897408 -0.0000068368 0.0027723845
1413394966.40586 -1.458583 0.434000 0.405090 -0.426950 -0.743967 -0.247260 0.450655 0.0003479278 -0.0000065108 -0.0001858029 0.0000004703 0.0000034718 0.0000996854 0.0030052168 0.0001703529 0.0000037836 0.0038934186 -0.0000070585 0.0027725012
1413394966.45586 -1.463009 0.403209 0.391648 -0.425741 -0.760573 -0.227732 0.434065 0.0003266852 -0.0000087064 -0.0001983098 0.0000005811 0.0000052825 0.0001208748 0.0029958797 0.0001498677 0.0000040312 0.0038997895 -0.0000073613 0.0027728179
1413394966.50586 -1.470374 0.378354 0.381801 -0.419876 -0.768491 -0.216587 0.431528 0.0003198749 -0.0000109824 -0.0002016181 0.0000007245 0.0000069222 0.0001275864 0.0029892184 0.0001340258 0.0000043014 0.0039100663 -0.0000076011 0.0027730607
1413394966.55586 -1.480769 0.359939 0.377725 -0.408171 -0.767659 -0.215988 0.444349 0.0003301565 -0.0000117412 -0.0001963893 0.0000007633 0.0000069854 0.0001173072 0.0029847549 0.0001228952 0.0000045114 0.0039248269 -0.0000078602 0.0027732700
1413394966.60586 -1.494057 0.346816 0.375196 -0.394228 -0.761687 -0.220159 0.464701 0.0003480290 -0.0000120685 -0.0001856290 0.0000007597 0.0000064387 0.0000994664 0.0029818166 0.0001153685 0.0000046691 0.0039420522 -0.0000078653 0.0027731166
1413394966.65586 -1.508529 0.338918 0.373940 -0.376997 -0.750027 -0.229770 0.492482 0.0003725408 -0.0000106628 -0.0001668041 0.0000006424 0.0000047755 0.0000751091 0.0029800041 0.0001108009 0.0000048410 0.0039630442 -0.0000079548 0.0027731774
1413394966.70586 -1.524662 0.333438 0.373221 -0.359403 -0.737146 -0.238400 0.520202 0.0003943372 -0.0000092824 -0.0001446307 0.0000005501 0.0000034051 0.0000534438 0.0029788756 0.0001078364 0.0000050870 0.0039840510 -0.0000080180 0.0027733702
1413394966.75586 -1.540245 0.327331 0.373232 -0.342364 -0.723992 -0.245140 0.546378 0.0004119201 -0.0000080481 -0.0001210933 0.0000004862 0.0000023667 0.0000359785 0.0029780947 0.0001055337 0.0000053964 0.0040065328 -0.0000082463 0.0027737052
1413394966.80586 -1.554526 0.322357 0.368371 -0.328684 -0.714807 -0.246319 0.565990 0.0004223473 -0.0000084619 -0.0001031490 0.0000004838 0.0000020675 0.0000255503 0.0029765841 0.0001021440 0.0000053570 0.0040258108 -0.0000077568 0.0027733171
1413394966.85586 -1.566562 0.312542 0.365668 -0.317433 -0.711281 -0.243733 0.577850 0.0004272912 -0.0000085940 -0.0000931152 0.0000004778 0.0000018739 0.0000206355 0.0029752592 0.0000988072 0.0000054206 0.0040426248 -0.0000077008 0.0027732864
1413394966.90586 -1.576308 0.299543 0.362201 -0.309305 -0.716782 -0.236821 0.578334 0.0004262711 -0.0000077492 -0.0000954817 0.0000004391 0.0000017363 0.0000217237 0.0029730090 0.0000913818 0.0000054784 0.0040561946 -0.0000075792 0.0027732781
1413394966.95585 -1.585554 0.286283 0.356327 -0.302622 -0.730122 -0.227720 0.568757 0.0004200167 -0.0000049770 -0.0001079563 0.0000003512 0.0000012800 0.0000280859 0.0029705529 0.0000815561 0.0000056419 0.0040665996 -0.0000073224 0.0027732925
1413394967.00585 -1.593741 0.271513 0.349904 -0.297361 -0.748457 -0.215821 0.552096 0.0004083706 -0.0000021630 -0.0001269777 0.0000002993 0.0000006741 0.0000398257 0.0029683620 0.0000718220 0.0000057882 0.0040778760 -0.0000072682 0.0027733657
1413394967.05585 -1.600495 0.251553 0.346962 -0.292788 -0.767669 -0.202102 0.533024 0.0003930161 -0.0000006086 -0.0001468515 0.0000002812 0.0000002285 0.0000552224 0.0029661368 0.0000615757 0.0000057537 0.0040887018 -0.0000068661 0.0027731160
1413394967.10586 -1.608196 0.233878 0.342541 -0.286333 -0.785550 -0.190225 0.514528 0.0003769963 0.0000018353 -0.0001635115 0.0000002853 -0.0000007954 0.0000712789 0.0029634682 0.0000472022 0.0000058256 0.0040981852 -0.0000067783 0.0027731016
1413394967.15585 -1.616648 0.216914 0.342649 -0.277234 -0.797857 -0.180830 0.503852 0.0003664254 0.0000038879 -0.0001728105 0.0000003146 -0.0000018329 0.0000818643 0.0029615668 0.0000354536 0.0000058479 0.0041118202 -0.0000067234 0.0027730715
1413394967.20585 -1.627899 0.200522 0.345574 -0.266567 -0.800908 -0.173990 0.507165 0.0003671271 0.0000034951 -0.0001722900 0.0000003030 -0.0000016378 0.0000812115 0.0029599783 0.0000246226 0.0000058415 0.0041278983 -0.0000067627 0.0027730781
1413394967.25585 -1.642951 0.187090 0.352151 -0.252955 -0.797161 -0.171050 0.520855 0.0003768359 0.0000038902 -0.0001638018 0.0000003068 -0.0000016879 0.0000715432 0.0029587007 0.0000142154 0.0000058767 0.0041485905 -0.0000067735 0.0027731477
1413394967.30585 -1.659718 0.173745 0.360379 -0.238957 -0.788229 -0.168496 0.541483 0.0003911463 0.0000030117 -0.0001492793 0.0000002864 -0.0000011452 0.0000572957 0.0029577623 0.0000055675 0.0000058896 0.0041741467 -0.0000068023 0.0027732215
1413394967.35585 -1.677648 0.162302 0.369936 -0.224010 -0.774597 -0.167496 0.567243 0.0004078368 0.0000024895 -0.0001282922 0.0000002763 -0.0000007790 0.0000406631 0.0029569938 -0.0000037680 0.0000059452 0.0042005361 -0.0000068392 0.0027733242
1413394967.40584 -1.694966 0.149435 0.379918 -0.208619 -0.758511 -0.166652 0.594447 0.0004229875 0.0000022861 -0.0001033920 0.0000002711 -0.0000005541 0.0000255657 0.0029564948 -0.0000126400 0.0000060560 0.0042261134 -0.0000068417 0.0027734507
1413394967.45584 -1.709691 0.133983 0.390587 -0.196325 -0.746023 -0.161352 0.615526 0.0004321320 -0.0000002136 -0.0000836687 0.0000002569 0.0000000471 0.0000164841 0.0029560201 -0.0000234190 0.0000061376 0.0042493054 -0.0000068714 0.0027735112
1413394967.50584 -1.720063 0.116134 0.400821 -0.187104 -0.741437 -0.151077 0.626450 0.0004354823 -0.0000043427 -0.0000748367 0.0000002971 0.0000007529 0.0000131394 0.0029555818 -0.0000368862 0.0000061872 0.0042665146 -0.0000067981 0.0027735620
1413394967.55584 -1.728417 0.098175 0.408333 -0.181310 -0.747954 -0.136379 0.623772 0.0004329822 -0.0000095897 -0.0000812467 0.0000004653 0.0000018077 0.0000155231 0.0029555167 -0.0000522378 0.0000063003 0.0042767944 -0.0000068635 0.0027737030
1413394967.60584 -1.734104 0.080498 0.413832 -0.174549 -0.764655 -0.123610 0.607911 0.0004245229 -0.0000099742 -0.0001003638 0.0000004832 0.0000023670 0.0000240067 0.0029556145 -0.0000672471 0.0000062775 0.0042830597 -0.0000067339 0.0027736938
1413394967.65584 -1.735891 0.060409 0.419667 -0.167903 -0.785458 -0.110937 0.585283 0.0004105688 -0.0000093710 -0.0001244898 0.0000004607 0.0000028513 0.0000380312 0.0029560888 -0.0000815945 0.0000062847 0.0042877652 -0.0000067401 0.0027737414
1413394967.70584 -1.734654 0.038703 0.427724 -0.159876 -0.804889 -0.099791 0.562704 0.0003944842 -0.0000079037 -0.0001458615 0.0000004036 0.0000029329 0.0000542247 0.0029569840 -0.0000972867 0.0000062914 0.0042884390 -0.0000067698 0.0027738150
1413394967.75584 -1.734385 0.018671 0.438748 -0.150647 -0.814824 -0.089927 0.552522 0.0003860391 -0.0000080889 -0.0001552281 0.0000004139 0.0000032636 0.0000627128 0.0029583572 -0.0001138609 0.0000063531 0.0042867999 -0.0000068503 0.0027739873
1413394967.80584 -1.735361 -0.001432 0.451671 -0.139324 -0.817891 -0.082388 0.552137 0.0003849001 -0.0000077854 -0.0001564899 0.0000004003 0.0000031763 0.0000639163 0.0029599132 -0.0001288883 0.0000063942 0.0042876705 -0.0000069166 0.0027741259
1413394967.85585 -1.738216 -0.020805 0.467687 -0.126120 -0.814277 -0.076630 0.561405 0.0003912004 -0.0000069011 -0.0001498780 0.0000003635 0.0000026544 0.0000577052 0.0029618492 -0.0001443699 0.0000064605 0.0042915273 -0.0000070047 0.0027743245
1413394967.90585 -1.742844 -0.039330 0.484739 -0.111098 -0.806387 -0.071245 0.576473 0.0004013463 -0.0000054523 -0.0001379084 0.0000003143 0.0000018830 0.0000476601 0.0029641058 -0.0001598959 0.0000065344 0.0042976345 -0.0000070595 0.0027745172
1413394967.95585 -1.747644 -0.058449 0.503171 -0.095697 -0.796152 -0.065103 0.593924 0.0004121589 -0.0000041610 -0.0001229390 0.0000002808 0.0000012499 0.0000369327 0.0029665727 -0.0001747973 0.0000066288 0.0043049390 -0.0000071184 0.0027747178
1413394968.00585 -1.749941 -0.078125 0.522181 -0.080490 -0.788577 -0.057234 0.606953 0.0004193645 -0.0000030117 -0.0001113105 0.0000002585 0.0000008073 0.0000297992 0.0029694372 -0.0001904025 0.0000066949 0.0043106474 -0.0000071502 0.0027748660
1413394968.05585 -1.750430 -0.098293 0.537287 -0.066697 -0.789409 -0.048258 0.608322 0.0004197577 -0.0000019618 -0.0001107524 0.0000002443 0.0000005250 0.0000294733 0.0029727712 -0.0002062450 0.0000067792 0.0043107044 -0.0000071835 0.0027750684
1413394968.10585 -1.749522 -0.117809 0.545724 -0.054859 -0.797503 -0.038038 0.599610 0.0004143623 -0.0000021092 -0.0001198536 0.0000002394 0.0000006168 0.0000349192 0.0029761092 -0.0002217157 0.0000066752 0.0043071575 -0.0000068738 0.0027749640
1413394968.15585 -1.746866 -0.138489 0.551176 -0.045009 -0.810479 -0.028643 0.583333 0.0004037530 -0.0000024874 -0.0001352761 0.0000002428 0.0000008400 0.0000455795 0.0029800144 -0.0002366066 0.0000067502 0.0043027549 -0.0000069471 0.0027752034
1413394968.20585 -1.744106 -0.158655 0.554177 -0.037481 -0.821988 -0.020162 0.567912 0.0003928326 -0.0000038513 -0.0001486787 0.0000002641 0.0000014644 0.0000565316 0.0029844645 -0.0002522234 0.0000068259 0.0042980770 -0.0000070468 0.0027754429
1413394968.25585 -1.743264 -0.177110 0.555938 -0.030190 -0.830169 -0.013695 0.556525 0.0003843385 -0.0000043503 -0.0001578122 0.0000002725 0.0000017931 0.0000650614 0.0029889990 -0.0002674069 0.0000068381 0.0042952589 -0.0000070684 0.0027755594
1413394968.30585 -1.742513 -0.196314 0.556217 -0.023364 -0.832778 -0.008694 0.553045 0.0003815782 -0.0000045745 -0.0001606091 0.0000002760 0.0000019318 0.0000678634 0.0029934792 -0.0002814680 0.0000068848 0.0042958546 -0.0000070902 0.0027757134
1413394968.35585 -1.743641 -0.215448 0.554080 -0.015977 -0.832824 -0.004240 0.553291 0.0003817970 -0.0000042733 -0.0001604661 0.0000002675 0.0000018022 0.0000677020 0.0029986982 -0.0002965693 0.0000070016 0.0042964437 -0.0000071817 0.0027759087
1413394968.40585 -1.745757 -0.234637 0.550734 -0.007614 -0.831734 0.000492 0.555122 0.0003832619 -0.0000036989 -0.0001590974 0.0000002538 0.0000015413 0.0000662994 0.0030041949 -0.0003117475 0.0000070983 0.0042999458 -0.0000072223 0.0027760106
1413394968.45586 -1.751543 -0.252377 0.544081 -0.000352 -0.829815 0.006169 0.558005 0.0003855407 -0.0000043355 -0.0001568394 0.0000002635 0.0000017691 0.0000640550 0.0030099096 -0.0003270347 0.0000070643 0.0043058389 -0.0000070836 0.0027758458
1413394968.50586 -1.756788 -0.271310 0.540057 0.006903 -0.828378 0.012566 0.559986 0.0003870958 -0.0000053080 -0.0001552661 0.0000002866 0.0000021347 0.0000625277 0.0030156856 -0.0003419655 0.0000072176 0.0043169607 -0.0000071893 0.0027760213
1413394968.55586 -1.763120 -0.289942 0.534859 0.013428 -0.830057 0.018731 0.557202 0.0003851362 -0.0000065672 -0.0001573061 0.0000003246 0.0000026883 0.0000645001 0.0030221790 -0.0003578227 0.0000073488 0.0043267368 -0.0000072263 0.0027761286
1413394968.60586 -1.770618 -0.307971 0.530456 0.018933 -0.833238 0.022592 0.552128 0.0003813868 -0.0000067902 -0.0001610931 0.0000003322 0.0000028741 0.0000682946 0.0030286726 -0.0003733423 0.0000074352 0.0043387557 -0.0000072410 0.0027762105
1413394968.65586 -1.779627 -0.325865 0.527318 0.024484 -0.836534 0.024193 0.546833 0.0003773930 -0.0000054947 -0.0001649788 0.0000002891 0.0000024072 0.0000723730 0.0030351554 -0.0003888573 0.0000074238 0.0043532797 -0.0000072021 0.0027761452
1413394968.70586 -1.790791 -0.342829 0.524768 0.031973 -0.838079 0.021601 0.544182 0.0003753430 -0.0000004252 -0.0001669974 0.0000002081 0.0000001928 0.0000745522 0.0030420685 -0.0004050117 0.0000074722 0.0043707508 -0.0000072220 0.0027761951
1413394968.75586 -1.804192 -0.359604 0.523395 0.040918 -0.836656 0.014477 0.546007 0.0003764504 0.0000085465 -0.0001658307 0.0000004003 -0.0000037637 0.0000732998 0.0030489090 -0.0004210676 0.0000075283 0.0043920085 -0.0000072684 0.0027762844
1413394968.80586 -1.818632 -0.377055 0.524395 0.047237 -0.834124 0.009457 0.549470 0.0003786378 0.0000150743 -0.0001633236 0.0000007984 -0.0000065053 0.0000706933 0.0030551099 -0.0004373398 0.0000067802 0.0044160169 -0.0000066419 0.0027756908
1413394968.85586 -1.835670 -0.395531 0.524829 0.049452 -0.831033 0.009003 0.553947 0.0003820494 0.0000166184 -0.0001599433 0.0000009206 -0.0000069609 0.0000672002 0.0030632026 -0.0004558953 0.0000068375 0.0044421214 -0.0000067153 0.0027757958
1413394968.90586 -1.854439 -0.415304 0.525508 0.049450 -0.827877 0.012414 0.558588 0.0003858466 0.0000145552 -0.0001563882 0.0000007463 -0.0000059027 0.0000636235 0.0030722228 -0.0004763951 0.0000068867 0.0044726941 -0.0000067694 0.0027759155
1413394968.95586 -1.873890 -0.436643 0.526972 0.048350 -0.823163 0.020142 0.565385 0.0003914407 0.0000091428 -0.0001509141 0.0000004105 -0.0000035269 0.0000584166 0.0030822059 -0.0004985835 0.0000069499 0.0045058022 -0.0000068209 0.0027760698
1413394969.00586 -1.893486 -0.459079 0.529134 0.048693 -0.817828 0.028620 0.572684 0.0003971535 0.0000039054 -0.0001446592 0.0000002343 -0.0000014240 0.0000529205 0.0030929539 -0.0005219842 0.0000068917 0.0045390626 -0.0000068007 0.0027761151
1413394969.05586 -1.913586 -0.482223 0.532090 0.050475 -0.812346 0.037245 0.579793 0.0004024758 -0.0000007680 -0.0001381960 0.0000001966 0.0000002632 0.0000476778 0.0031045947 -0.0005464194 0.0000068780 0.0045724760 -0.0000068004 0.0027761820
1413394969.15586 -1.954319 -0.529215 0.530024 0.057493 -0.804760 0.052885 0.588438 0.0004089512 -0.0000073417 -0.0001294095 0.0000003270 0.0000023232 0.0000411733 0.0031297752 -0.0005973896 0.0000069754 0.0046427627 -0.0000068760 0.0027765058
1413394969.25586 -1.991966 -0.573714 0.511941 0.065353 -0.797541 0.062712 0.596426 0.0004145045 -0.0000094019 -0.0001211752 0.0000004097 0.0000027484 0.0000356446 0.0031558582 -0.0006474330 0.0000071356 0.0047102451 -0.0000069808 0.0027769213
1413394969.35586 -2.024863 -0.614465 0.479222 0.071033 -0.789172 0.069356 0.606095 0.0004206002 -0.0000100451 -0.0001112135 0.0000004375 0.0000026554 0.0000296248 0.0031812119 -0.0006937175 0.0000072765 0.0047691500 -0.0000070290 0.0027773013
1413394969.45586 -2.049585 -0.650981 0.437650 0.077424 -0.779766 0.069005 0.617421 0.0004268922 -0.0000051329 -0.0000999450 0.0000002606 0.0000011998 0.0000236154 0.0032055989 -0.0007351296 0.0000074467 0.0048143175 -0.0000070132 0.0027776222
1413394969.55586 -2.065090 -0.685295 0.393864 0.089608 -0.783699 0.053899 0.612276 0.0004232788 0.0000111442 -0.0001066650 0.0000004939 -0.0000028131 0.0000270982 0.0032289423 -0.0007708488 0.0000076295 0.0048413590 -0.0000069430 0.0027779735
1413394969.65586 -2.071612 -0.719959 0.350710 0.102589 -0.797646 0.033106 0.593414 0.0004096255 0.0000297285 -0.0001259977 0.0000023595 -0.0000091534 0.0000389824 0.0032538542 -0.0008047280 0.0000077344 0.0048514431 -0.0000068665 0.0027783061
1413394969.75586 -2.075063 -0.760195 0.312363 0.113995 -0.806130 0.012050 0.580529 0.0003970922 0.0000478087 -0.0001376221 0.0000059600 -0.0000165841 0.0000479294 0.0032830122 -0.0008412200 0.0000076063 0.0048509744 -0.0000065863 0.0027785678
1413394969.85586 -2.075573 -0.812553 0.279498 0.117191 -0.811606 0.003844 0.572318 0.0003897013 0.0000536585 -0.0001443828 0.0000075954 -0.0000198986 0.0000537313 0.0033240841 -0.0008896812 0.0000078451 0.0048520527 -0.0000064669 0.0027789060
1413394969.95586 -2.076245 -0.878228 0.252487 0.105522 -0.821169 0.015502 0.560631 0.0003848276 0.0000387260 -0.0001542804 0.0000041034 -0.0000155434 0.0000620967 0.0033784748 -0.0009500216 0.0000080861 0.0048519248 -0.0000063853 0.0027791956
1413394970.05586 -2.079557 -0.953009 0.239683 0.092171 -0.829182 0.029461 0.550539 0.0003802646 0.0000218510 -0.0001621348 0.0000014633 -0.0000093323 0.0000693823 0.0034473550 -0.0010219736 0.0000084321 0.0048589804 -0.0000063347 0.0027796613
1413394970.15586 -2.090507 -1.034160 0.244825 0.082353 -0.832871 0.040099 0.545835 0.0003782131 0.0000096097 -0.0001653296 0.0000004540 -0.0000042146 0.0000725289 0.0035267273 -0.0011024921 0.0000087559 0.0048783626 -0.0000063269 0.0027800537
1413394970.25586 -2.109142 -1.119610 0.260565 0.076899 -0.825631 0.047901 0.556890 0.0003875015 0.0000028362 -0.0001565901 0.0000002333 -0.0000011589 0.0000635339 0.0036156853 -0.0011916621 0.0000090118 0.0049141133 -0.0000064369 0.0027803177
1413394970.35587 -2.131767 -1.204214 0.275339 0.066110 -0.806026 0.063592 0.584728 0.0004079195 -0.0000106977 -0.0001319666 0.0000004962 0.0000034501 0.0000429392 0.0037123746 -0.0012866505 0.0000092197 0.0049610923 -0.0000065163 0.0027805427
1413394970.45587 -2.156688 -1.286669 0.281348 0.050356 -0.785176 0.086211 0.611172 0.0004230350 -0.0000321098 -0.0001038041 0.0000026563 0.0000078700 0.0000257108 0.0038087411 -0.0013766041 0.0000092809 0.0050024852 -0.0000065522 0.0027806194
1413394970.55586 -2.171337 -1.360630 0.274715 0.037154 -0.778041 0.107058 0.617908 0.0004240108 -0.0000526207 -0.0000931856 0.0000067551 0.0000115568 0.0000207201 0.0039026762 -0.0014588582 0.0000094236 0.0050369407 -0.0000065581 0.0027809376
1413394970.65586 -2.177854 -1.422131 0.258683 0.022816 -0.776570 0.128847 0.616293 0.0004185170 -0.0000745662 -0.0000898621 0.0000135174 0.0000160047 0.0000195387 0.0039834061 -0.0015212409 0.0000095173 0.0050486273 -0.0000064864 0.0027812318
1413394970.75586 -2.177068 -1.464226 0.241374 0.022394 -0.771665 0.127192 0.622780 0.0004218951 -0.0000732800 -0.0000835892 0.0000129643 0.0000145114 0.0000168071 0.0040424753 -0.0015620837 0.0000095225 0.0050477688 -0.0000063055 0.0027814806
1413394970.85586 -2.166579 -1.486048 0.223483 0.044764 -0.782090 0.092580 0.614622 0.0004243974 -0.0000390781 -0.0000993670 0.0000038339 0.0000091383 0.0000235178 0.0040751012 -0.0015774769 0.0000095090 0.0050289190 -0.0000060818 0.0027816725
1413394970.95586 -2.150021 -1.494356 0.213960 0.066386 -0.801734 0.057588 0.591185 0.0004122360 -0.0000057422 -0.0001268312 0.0000003183 0.0000017502 0.0000392856 0.0040896591 -0.0015742956 0.0000094266 0.0049934180 -0.0000060137 0.0027818378
1413394971.05586 -2.128348 -1.500194 0.220041 0.078435 -0.813691 0.034368 0.574955 0.0003998453 0.0000147498 -0.0001428301 0.0000007875 -0.0000052907 0.0000512954 0.0040980200 -0.0015651997 0.0000093660 0.0049540377 -0.0000059745 0.0027819698
1413394971.15586 -2.108609 -1.510205 0.238601 0.077724 -0.825271 0.028505 0.558637 0.0003876545 0.0000168548 -0.0001563925 0.0000009807 -0.0000068237 0.0000633790 0.0041121594 -0.0015583528 0.0000093266 0.0049114911 -0.0000059947 0.0027820781
1413394971.25586 -2.091213 -1.527420 0.257319 0.073561 -0.841303 0.028855 0.534758 0.0003691732 0.0000124583 -0.0001739341 0.0000006723 -0.0000058946 0.0000822509 0.0041350930 -0.0015621221 0.0000093189 0.0048826024 -0.0000060650 0.0027821792
1413394971.35586 -2.085317 -1.548644 0.268087 0.070194 -0.856995 0.028881 0.509704 0.0003480960 0.0000089149 -0.0001896089 0.0000004848 -0.0000048819 0.0001036059 0.0041680653 -0.0015769316 0.0000093503 0.0048673024 -0.0000061831 0.0027823292
1413394971.45586 -2.095188 -1.575629 0.271942 0.067194 -0.867845 0.030097 0.491350 0.0003318548 0.0000054987 -0.0001993201 0.0000003516 -0.0000033291 0.0001200620 0.0042071392 -0.0016092592 0.0000094391 0.0048870091 -0.0000064027 0.0027824100
1413394971.55586 -2.128473 -1.607779 0.276625 0.055787 -0.872219 0.041647 0.484135 0.0003260304 -0.0000069872 -0.0002023291 0.0000004142 0.0000043148 0.0001259184 0.0042567769 -0.0016643831 0.0000095375 0.0049481555 -0.0000066830 0.0027825449
1413394971.65586 -2.184182 -1.641925 0.288406 0.041668 -0.860910 0.058885 0.503617 0.0003438251 -0.0000232478 -0.0001913188 0.0000018411 0.0000129211 0.0001067999 0.0043099607 -0.0017414685 0.0000096260 0.0050587324 -0.0000070099 0.0027826831
1413394971.75586 -2.257211 -1.672676 0.304165 0.026601 -0.839487 0.070733 0.538100 0.0003721687 -0.0000367778 -0.0001683326 0.0000039091 0.0000166226 0.0000764548 0.0043557073 -0.0018266392 0.0000097939 0.0052013007 -0.0000074932 0.0027827081
1413394971.85586 -2.340142 -1.693414 0.321525 0.011185 -0.817800 0.072870 0.570761 0.0003955257 -0.0000447829 -0.0001426151 0.0000053513 0.0000161348 0.0000517244 0.0043898910 -0.0019137098 0.0000096995 0.0053694448 -0.0000079695 0.0027827173
1413394971.95586 -2.423266 -1.701071 0.337710 -0.008704 -0.796458 0.070344 0.600526 0.0004128139 -0.0000527147 -0.0001159408 0.0000070191 0.0000147919 0.0000328531 0.0044036747 -0.0019904082 0.0000096156 0.0055493998 -0.0000083868 0.0027827073
1413394972.05586 -2.500016 -1.696174 0.348146 -0.028899 -0.780969 0.054137 0.621548 0.0004235918 -0.0000525353 -0.0000967279 0.0000068101 0.0000119821 0.0000223734 0.0043948488 -0.0020457554 0.0000093148 0.0057187822 -0.0000086722 0.0027826356
1413394972.15586 -2.564866 -1.678668 0.348169 -0.056587 -0.770934 0.032644 0.633556 0.0004284559 -0.0000535186 -0.0000856873 0.0000069875 0.0000106892 0.0000174197 0.0043675892 -0.0020781288 0.0000089242 0.0058670323 -0.0000088578 0.0027825167
1413394972.25586 -2.614186 -1.649119 0.339098 -0.090417 -0.764027 0.006620 0.638783 0.0004300597 -0.0000552000 -0.0000809080 0.0000073956 0.0000103729 0.0000155037 0.0043217505 -0.0020830534 0.0000085489 0.0059820446 -0.0000089101 0.0027822723
1413394972.35586 -2.647911 -1.608954 0.323933 -0.129029 -0.757864 -0.023200 0.639105 0.0004299755 -0.0000570429 -0.0000800825 0.0000078854 0.0000106156 0.0000151984 0.0042597141 -0.0020607510 0.0000082251 0.0060590942 -0.0000088281 0.0027818812
1413394972.45586 -2.665000 -1.558175 0.299804 -0.173266 -0.754625 -0.052416 0.630692 0.0004259797 -0.0000609816 -0.0000871696 0.0000090528 0.0000124749 0.0000181224 0.0041849646 -0.0020140371 0.0000080126 0.0060970842 -0.0000085149 0.0027812241
1413394972.55586 -2.665336 -1.499510 0.271786 -0.218810 -0.761167 -0.084078 0.604713 0.0004150272 -0.0000590262 -0.0001101055 0.0000087237 0.0000156619 0.0000295019 0.0040986414 -0.0019437772 0.0000077533 0.0060984716 -0.0000083709 0.0027808680
1413394972.65586 -2.654475 -1.435923 0.248353 -0.260407 -0.765808 -0.123464 0.574876 0.0004043314 -0.0000471792 -0.0001316930 0.0000058386 0.0000153752 0.0000431956 0.0040064556 -0.0018547649 0.0000074321 0.0060630932 -0.0000082528 0.0027806276
1413394972.75586 -2.636812 -1.363031 0.230632 -0.291996 -0.762124 -0.175386 0.550587 0.0004017546 -0.0000231065 -0.0001414010 0.0000016651 0.0000081440 0.0000500806 0.0039115846 -0.0017598103 0.0000071244 0.0060257340 -0.0000081646 0.0027804787
1413394972.85586 -2.616760 -1.287178 0.221446 -0.319775 -0.750955 -0.228170 0.530800 0.0004031372 0.0000013892 -0.0001417465 0.0000003462 -0.0000004763 0.0000501626 0.0038174053 -0.0016587456 0.0000062620 0.0059796161 -0.0000080404 0.0027808218
1413394972.95586 -2.598552 -1.213750 0.215716 -0.351777 -0.733039 -0.270604 0.515442 0.0004057574 0.0000145780 -0.0001378483 0.0000008695 -0.0000049376 0.0000471634 0.0037309671 -0.0015621101 0.0000053614 0.0059376942 -0.0000079044 0.0027812720
1413394973.00586 -2.590692 -1.178603 0.213261 -0.370334 -0.723025 -0.286686 0.507838 0.0004063575 0.0000164531 -0.0001369491 0.0000010140 -0.0000055277 0.0000464918 0.0036921222 -0.0015172794 0.0000048466 0.0059198941 -0.0000078246 0.0027816034
1413394973.05586 -2.583993 -1.144490 0.211284 -0.390254 -0.712155 -0.299982 0.500548 0.0004067430 0.0000156646 -0.0001366281 0.0000009523 -0.0000052416 0.0000462381 0.0036553890 -0.0014741698 0.0000044116 0.0059044817 -0.0000077553 0.0027818436
1413394973.10586 -2.579700 -1.112391 0.210293 -0.410311 -0.700590 -0.312079 0.493381 0.0004071196 0.0000137819 -0.0001364233 0.0000008109 -0.0000045968 0.0000460620 0.0036203989 -0.0014331969 0.0000043154 0.0058921687 -0.0000077269 0.0027818111
1413394973.15586 -2.575754 -1.080457 0.207695 -0.431978 -0.688974 -0.320634 0.485699 0.0004061781 0.0000094818 -0.0001381091 0.0000005644 -0.0000031997 0.0000473148 0.0035892295 -0.0013963493 0.0000040954 0.0058859389 -0.0000076960 0.0027820462
1413394973.20586 -2.571542 -1.049271 0.203877 -0.454835 -0.676407 -0.326644 0.478437 0.0004045834 0.0000028214 -0.0001405398 0.0000003638 -0.0000009532 0.0000491789 0.0035590718 -0.0013593140 0.0000035979 0.0058797255 -0.0000076066 0.0027824766
1413394973.25586 -2.568324 -1.018716 0.196659 -0.475668 -0.663877 -0.334228 0.470425 0.0004030904 -0.0000017162 -0.0001425166 0.0000003522 0.0000006352 0.0000507476 0.0035300596 -0.0013223475 0.0000028957 0.0058722607 -0.0000076969 0.0027820222
1413394973.30586 -2.565485 -0.988456 0.193227 -0.495678 -0.650538 -0.342395 0.462460 0.0004019260 -0.0000056457 -0.0001439336 0.0000004227 0.0000020506 0.0000518981 0.0035022649 -0.0012865194 0.0000027559 0.0058661961 -0.0000076694 0.0027818749
1413394973.35586 -2.552786 -0.959220 0.181651 -0.515449 -0.636290 -0.350560 0.454484 0.0004005697 -0.0000095084 -0.0001454199 0.0000005370 0.0000034688 0.0000531384 0.0034693184 -0.0012500592 0.0000055935 0.0058606911 -0.0000083821 0.0027798768
1413394973.40586 -2.550038 -0.933122 0.179010 -0.533193 -0.621231 -0.360497 0.447010 0.0004008680 -0.0000125535 -0.0001449032 0.0000006846 0.0000045395 0.0000526968 0.0034388261 -0.0012107131 0.0000061564 0.0058294556 -0.0000081608 0.0027788490
1413394973.45586 -2.545736 -0.903169 0.176596 -0.550056 -0.607049 -0.370479 0.437808 0.0004003309 -0.0000136595 -0.0001455120 0.0000007476 0.0000049601 0.0000531971 0.0034142332 -0.0011801232 0.0000068016 0.0058237874 -0.0000084727 0.0027784001
1413394973.50586 -2.542662 -0.873913 0.174082 -0.566407 -0.591520 -0.380877 0.429209 0.0004004886 -0.0000153619 -0.0001451965 0.0000008543 0.0000055624 0.0000529308 0.0033856050 -0.0011431210 0.0000073368 0.0058129124 -0.0000089035 0.0027779386
1413394973.55586 -2.539597 -0.844992 0.169572 -0.583419 -0.575976 -0.390651 0.418648 0.0003994460 -0.0000165890 -0.0001463123 0.0000009433 0.0000060666 0.0000538704 0.0033595269 -0.0011081238 0.0000074213 0.0058053668 -0.0000091566 0.0027775365
1413394973.60586 -2.535165 -0.817145 0.170084 -0.599894 -0.560536 -0.399757 0.407579 0.0003981918 -0.0000176040 -0.0001477352 0.0000010296 0.0000065234 0.0000550766 0.0033354576 -0.0010739320 0.0000074192 0.0057971043 -0.0000090329 0.0027773816
1413394973.65586 -2.535470 -0.783735 0.171202 -0.614155 -0.546283 -0.411252 0.394030 0.0003976102 -0.0000149732 -0.0001487584 0.0000008054 0.0000055922 0.0000559110 0.0033121377 -0.0010396794 0.0000073967 0.0057859228 -0.0000091828 0.0027772274
1413394973.70585 -2.530893 -0.751072 0.173196 -0.627219 -0.528739 -0.424076 0.383654 0.0003992631 -0.0000141579 -0.0001469748 0.0000007374 0.0000052025 0.0000543467 0.0032855779 -0.0010013291 0.0000073070 0.0057860790 -0.0000088727 0.0027769439
1413394973.75585 -2.527144 -0.717569 0.174392 -0.638885 -0.513060 -0.437278 0.370653 0.0004004772 -0.0000107917 -0.0001458668 0.0000005154 0.0000039203 0.0000533626 0.0032607547 -0.0009623778 0.0000072228 0.0057747503 -0.0000091536 0.0027767429
1413394973.80585 -2.520970 -0.688111 0.171297 -0.651281 -0.493648 -0.449239 0.361011 0.0004024835 -0.0000115165 -0.0001433965 0.0000005410 0.0000040927 0.0000513135 0.0032364547 -0.0009226657 0.0000068868 0.0057654712 -0.0000091651 0.0027760824
1413394973.85585 -2.514896 -0.658652 0.171901 -0.663351 -0.475549 -0.459756 0.349918 0.0004035672 -0.0000117100 -0.0001421045 0.0000005472 0.0000041134 0.0000502545 0.0032166098 -0.0008878318 0.0000066761 0.0057512053 -0.0000090675 0.0027759469
1413394973.90585 -2.508333 -0.632066 0.172456 -0.675630 -0.456532 -0.468869 0.339507 0.0004042068 -0.0000132963 -0.0001412245 0.0000006404 0.0000046360 0.0000495518 0.0031975660 -0.0008533036 0.0000064698 0.0057374066 -0.0000090593 0.0027758358
1413394973.95585 -2.500799 -0.602296 0.172308 -0.687754 -0.438120 -0.476804 0.328181 0.0004041712 -0.0000144784 -0.0001411974 0.0000007159 0.0000050488 0.0000495316 0.0031812882 -0.0008224047 0.0000062401 0.0057221089 -0.0000090484 0.0027756927
1413394974.00585 -2.493119 -0.575014 0.173712 -0.698924 -0.419171 -0.484725 0.317557 0.0004045001 -0.0000161897 -0.0001406513 0.0000008412 0.0000056197 0.0000491059 0.0031635697 -0.0007874506 0.0000060116 0.0057048800 -0.0000091620 0.0027756000
1413394974.05585 -2.484820 -0.546255 0.175414 -0.709491 -0.400048 -0.492620 0.306448 0.0004049345 -0.0000175532 -0.0001399841 0.0000009489 0.0000060582 0.0000485850 0.0031482284 -0.0007558360 0.0000057669 0.0056867029 -0.0000092348 0.0027755239
1413394974.10585 -2.476700 -0.518878 0.177792 -0.720405 -0.380530 -0.498769 0.295707 0.0004044934 -0.0000200810 -0.0001401752 0.0000011768 0.0000069498 0.0000487637 0.0031325753 -0.0007226088 0.0000054690 0.0056674802 -0.0000090013 0.0027752100
1413394974.15585 -2.468128 -0.491676 0.180603 -0.729546 -0.360130 -0.506167 0.286121 0.0004052937 -0.0000228356 -0.0001387611 0.0000014623 0.0000078095 0.0000476876 0.0031181731 -0.0006905671 0.0000052521 0.0056486257 -0.0000088703 0.0027750236
1413394974.20585 -2.459209 -0.466402 0.183911 -0.739136 -0.338997 -0.512057 0.276690 0.0004052164 -0.0000267191 -0.0001381687 0.0000019320 0.0000091027 0.0000472860 0.0031046814 -0.0006593648 0.0000050570 0.0056283594 -0.0000087465 0.0027747878
1413394974.25585 -2.449572 -0.442514 0.188610 -0.748060 -0.318017 -0.517682 0.266975 0.0004050287 -0.0000302891 -0.0001377103 0.0000024320 0.0000102910 0.0000469909 0.0030927435 -0.0006301281 0.0000048228 0.0056076917 -0.0000086889 0.0027747395
1413394974.30585 -2.437576 -0.418408 0.192620 -0.757492 -0.298101 -0.521345 0.256009 0.0004034689 -0.0000331295 -0.0001390215 0.0000028803 0.0000114096 0.0000480663 0.0030819892 -0.0006030907 0.0000047285 0.0055848047 -0.0000083720 0.0027743248
1413394974.35585 -2.425796 -0.395337 0.197311 -0.766640 -0.276654 -0.524425 0.246381 0.0004016865 -0.0000375740 -0.0001401546 0.0000036712 0.0000131057 0.0000490621 0.0030716362 -0.0005750397 0.0000045645 0.0055569258 -0.0000082156 0.0027742250
1413394974.40585 -2.412622 -0.373987 0.202638 -0.775813 -0.255692 -0.526355 0.235980 0.0003990952 -0.0000414539 -0.0001422728 0.0000044589 0.0000147747 0.0000508748 0.0030623031 -0.0005485956 0.0000044314 0.0055284188 -0.0000080638 0.0027741343
1413394974.45585 -2.397696 -0.351049 0.207670 -0.783281 -0.235691 -0.529570 0.224672 0.0003974592 -0.0000436038 -0.0001434505 0.0000049303 0.0000157358 0.0000519253 0.0030541789 -0.0005248976 0.0000043046 0.0054974213 -0.0000075639 0.0027738808
1413394974.50585 -2.381836 -0.332104 0.212735 -0.790176 -0.215333 -0.532700 0.213271 0.0003958773 -0.0000457720 -0.0001446387 0.0000054354 0.0000167228 0.0000529935 0.0030457108 -0.0004985690 0.0000042183 0.0054617730 -0.0000073101 0.0027737341
1413394974.55585 -2.362701 -0.310986 0.217962 -0.795421 -0.196089 -0.536801 0.201741 0.0003953743 -0.0000468844 -0.0001447967 0.0000056942 0.0000171709 0.0000531726 0.0030389732 -0.0004776789 0.0000041902 0.0054239646 -0.0000069024 0.0027732739
1413394974.60585 -2.344739 -0.297258 0.225809 -0.797345 -0.177961 -0.544845 0.188983 0.0003978403 -0.0000458054 -0.0001422428 0.0000054070 0.0000163778 0.0000509983 0.0030320092 -0.0004531591 0.0000040917 0.0053796471 -0.0000067092 0.0027732066
1413394974.65585 -2.324624 -0.284960 0.233078 -0.797271 -0.160893 -0.554536 0.175959 0.0004019099 -0.0000437694 -0.0001378935 0.0000048984 0.0000150172 0.0000474490 0.0030280890 -0.0004374343 0.0000039598 0.0053397542 -0.0000065147 0.0027731778
1413394974.70585 -2.304656 -0.273507 0.239149 -0.797723 -0.145117 -0.562547 0.161618 0.0004049407 -0.0000406849 -0.0001348929 0.0000042157 0.0000135523 0.0000450709 0.0030246474 -0.0004233638 0.0000037839 0.0052964832 -0.0000063161 0.0027730648
1413394974.75585 -2.284667 -0.265689 0.245574 -0.799597 -0.130745 -0.567484 0.146671 0.0004061918 -0.0000371161 -0.0001342922 0.0000035180 0.0000122702 0.0000445325 0.0030217941 -0.0004105107 0.0000036642 0.0052556883 -0.0000061067 0.0027730473
1413394974.80585 -2.264284 -0.259374 0.250803 -0.802390 -0.117083 -0.570113 0.132035 0.0004061766 -0.0000337513 -0.0001352189 0.0000029295 0.0000112349 0.0000451477 0.0030200553 -0.0004010561 0.0000035445 0.0052148394 -0.0000059185 0.0027730611
1413394974.85585 -2.244222 -0.254448 0.254333 -0.804919 -0.104805 -0.572267 0.116753 0.0004060527 -0.0000292537 -0.0001363563 0.0000022270 0.0000098224 0.0000459204 0.0030183442 -0.0003933144 0.0000034047 0.0051735482 -0.0000056751 0.0027729230
1413394974.90585 -2.223768 -0.251244 0.256066 -0.807608 -0.094453 -0.573478 0.099854 0.0004055579 -0.0000227872 -0.0001382245 0.0000013980 0.0000077647 0.0000472398 0.0030173318 -0.0003865810 0.0000033344 0.0051334474 -0.0000054847 0.0027728845
1413394974.95585 -2.204555 -0.249226 0.255759 -0.810091 -0.083952 -0.574051 0.084672 0.0004047932 -0.0000175975 -0.0001399626 0.0000008814 0.0000060822 0.0000485226 0.0030166846 -0.0003808586 0.0000032411 0.0050930029 -0.0000053471 0.0027729212
1413394975.00585 -2.185966 -0.247922 0.251164 -0.811258 -0.073438 -0.575643 0.071426 0.0004049712 -0.0000135264 -0.0001401907 0.0000005673 0.0000046797 0.0000486582 0.0030163772 -0.0003764644 0.0000031500 0.0050568705 -0.0000051995 0.0027729657
1413394975.05585 -2.166889 -0.246320 0.243075 -0.810024 -0.064415 -0.579923 0.058311 0.0004071328 -0.0000085298 -0.0001377841 0.0000002933 0.0000028834 0.0000467556 0.0030162592 -0.0003726955 0.0000030335 0.0050210195 -0.0000050432 0.0027730165
1413394975.10585 -2.148947 -0.245419 0.233009 -0.806224 -0.055359 -0.587124 0.047148 0.0004113502 -0.0000048320 -0.0001322377 0.0000001698 0.0000015498 0.0000426344 0.0030159098 -0.0003686927 0.0000029064 0.0049862443 -0.0000048904 0.0027730287
1413394975.15585 -2.131534 -0.244859 0.219532 -0.802681 -0.046336 -0.593406 0.037754 0.0004149562 -0.0000024467 -0.0001270939 0.0000001259 0.0000007452 0.0000390475 0.0030157632 -0.0003653149 0.0000027747 0.0049534671 -0.0000047795 0.0027730126
1413394975.20585 -2.115007 -0.243392 0.204309 -0.799218 -0.036290 -0.599156 0.030746 0.0004182828 -0.0000025288 -0.0001219812 0.0000001260 0.0000007335 0.0000356914 0.0030157997 -0.0003625474 0.0000026767 0.0049225337 -0.0000046430 0.0027730303
1413394975.25585 -2.102440 -0.240373 0.187055 -0.796516 -0.026265 -0.603591 0.023474 0.0004206604 -0.0000025742 -0.0001180345 0.0000001252 0.0000007187 0.0000332364 0.0030152722 -0.0003587611 0.0000026490 0.0048936765 -0.0000044979 0.0027729697
1413394975.30585 -2.088374 -0.238618 0.167627 -0.795062 -0.017048 -0.606049 0.017040 0.0004219626 -0.0000028832 -0.0001157682 0.0000001286 0.0000007877 0.0000318772 0.0030144035 -0.0003542089 0.0000025718 0.0048734796 -0.0000043642 0.0027729866
1413394975.35585 -2.076358 -0.236506 0.148035 -0.794240 -0.009037 -0.607460 0.009708 0.0004226357 -0.0000020104 -0.0001145360 0.0000001180 0.0000005415 0.0000311542 0.0030139057 -0.0003506482 0.0000024874 0.0048506581 -0.0000042443 0.0027730210
1413394975.40585 -2.065868 -0.234282 0.128784 -0.795442 -0.002139 -0.606024 0.001596 0.0004217204 -0.0000000597 -0.0001159748 0.0000001080 0.0000000130 0.0000320075 0.0030132603 -0.0003470565 0.0000024219 0.0048314936 -0.0000041285 0.0027730548
1413394975.45585 -2.056564 -0.233013 0.110481 0.798421 -0.004511 0.602053 0.005944 0.0004192359 0.0000016907 -0.0001197566 0.0000001133 -0.0000004862 0.0000343224 0.0030120609 -0.0003431842 0.0000024694 0.0048144802 -0.0000039922 0.0027729921
1413394975.50585 -2.048338 -0.230097 0.091836 0.802035 -0.010300 0.597024 0.014021 0.0004161073 0.0000043688 -0.0001243953 0.0000001521 -0.0000013095 0.0000373015 0.0030114070 -0.0003402859 0.0000024575 0.0047997649 -0.0000038793 0.0027730200
1413394975.55585 -2.041327 -0.226610 0.074250 0.806146 -0.015127 0.591166 0.020560 0.0004123668 0.0000065309 -0.0001296377 0.0000002095 -0.0000020568 0.0000408688 0.0030101731 -0.0003356953 0.0000024528 0.0047865948 -0.0000037827 0.0027730600
1413394975.60585 -2.034587 -0.222119 0.057371 0.810419 -0.019068 0.584948 0.026316 0.0004082578 0.0000086868 -0.0001350176 0.0000002910 -0.0000028767 0.0000447671 0.0030087623 -0.0003306756 0.0000024707 0.0047746260 -0.0000036834 0.0027730904
1413394975.65585 -2.027809 -0.217282 0.042512 0.813897 -0.022814 0.579816 0.029414 0.0004047139 0.0000091060 -0.0001393582 0.0000003108 -0.0000031394 0.0000481015 0.0030068664 -0.0003243204 0.0000025252 0.0047619930 -0.0000036126 0.0027731105
1413394975.75585 -2.014242 -0.204157 0.017551 0.818790 -0.027250 0.572429 0.034130 0.0003995539 0.0000104263 -0.0001454116 0.0000003791 -0.0000037985 0.0000530378 0.0030032054 -0.0003103612 0.0000025132 0.0047377246 -0.0000035172 0.0027732966
1413394975.80585 -2.005529 -0.195812 0.007321 0.821085 -0.029099 0.568997 0.034848 0.0003969534 0.0000101452 -0.0001481938 0.0000003660 -0.0000037913 0.0000554427 0.0030008423 -0.0003018724 0.0000025790 0.0047211726 -0.0000034741 0.0027733113
1413394975.85585 -1.995660 -0.187625 -0.000464 0.821239 -0.029844 0.568732 0.034913 0.0003965759 0.0000098335 -0.0001483472 0.0000003503 -0.0000036820 0.0000556101 0.0029981061 -0.0002920204 0.0000026828 0.0047035873 -0.0000034256 0.0027732940
1413394975.95585 -1.976543 -0.166161 -0.009855 0.813639 -0.028435 0.579470 0.037394 0.0004039121 0.0000118439 -0.0001390233 0.0000004555 -0.0000040802 0.0000479679 0.0029932575 -0.0002714865 0.0000026714 0.0046662610 -0.0000033298 0.0027734117
1413394976.05585 -1.956457 -0.141458 -0.014650 0.802144 -0.027440 0.595401 0.036186 0.0004141818 0.0000108742 -0.0001246155 0.0000003956 -0.0000032750 0.0000376090 0.0029879273 -0.0002474740 0.0000026510 0.0046316317 -0.0000032457 0.0027734534
1413394976.15585 -1.939464 -0.112953 -0.020302 0.797599 -0.025241 0.601548 0.036603 0.0004177616 0.0000120799 -0.0001187317 0.0000004616 -0.0000034364 0.0000338612 0.0029826237 -0.0002214394 0.0000025966 0.0046019743 -0.0000031549 0.0027734873
1413394976.25585 -1.927287 -0.081097 -0.027400 0.798446 -0.022994 0.600463 0.037395 0.0004169134 0.0000138076 -0.0001196995 0.0000005717 -0.0000039674 0.0000344855 0.0029774463 -0.0001930252 0.0000025421 0.0045801574 -0.0000030709 0.0027735226
1413394976.35585 -1.920403 -0.045720 -0.033340 0.796122 -0.020145 0.603588 0.038266 0.0004184431 0.0000157248 -0.0001166009 0.0000007067 -0.0000043842 0.0000326105 0.0029724269 -0.0001618079 0.0000025553 0.0045670479 -0.0000030052 0.0027734667
1413394976.45585 -1.919797 -0.005421 -0.037980 0.786709 -0.018852 0.615837 0.038443 0.0004251653 0.0000161623 -0.0001044076 0.0000007325 -0.0000039710 0.0000257585 0.0029685107 -0.0001281759 0.0000025215 0.0045654281 -0.0000029316 0.0027734110
1413394976.50585 -1.923002 0.016765 -0.039551 0.780872 -0.018920 0.623273 0.037565 0.0004289141 0.0000152607 -0.0000968013 0.0000006617 -0.0000034459 0.0000219655 0.0029668093 -0.0001094074 0.0000025117 0.0045708906 -0.0000028703 0.0027732632
1413394976.60585 -1.936503 0.062329 -0.041851 0.770379 -0.020279 0.636348 0.034145 0.0004350944 0.0000117057 -0.0000831279 0.0000004365 -0.0000022377 0.0000160015 0.0029650773 -0.0000699338 0.0000024802 0.0045950583 -0.0000028383 0.0027731819
1413394976.70585 -1.964261 0.111077 -0.043500 0.767333 -0.028130 0.640282 0.021149 0.0004368544 -0.0000017488 -0.0000794886 0.0000001313 0.0000003178 0.0000145853 0.0029654227 -0.0000276157 0.0000024044 0.0046425341 -0.0000028341 0.0027730937
1413394976.75585 -1.985416 0.136085 -0.046277 0.772827 -0.034005 0.633592 0.011988 0.0004335089 -0.0000110138 -0.0000870199 0.0000004043 0.0000022109 0.0000175906 0.0029661225 -0.0000057875 0.0000023945 0.0046778454 -0.0000028235 0.0027728303
1413394976.80585 -2.008924 0.160239 -0.047684 0.781009 -0.039587 0.623247 0.004641 0.0004280081 -0.0000186638 -0.0000979574 0.0000009393 0.0000042722 0.0000225443 0.0029675392 0.0000166822 0.0000023646 0.0047212269 -0.0000028356 0.0027727305
1413394976.85585 -2.035465 0.184017 -0.048906 -0.793714 0.046038 -0.606531 0.004275 0.0004179749 -0.0000273596 -0.0001146273 0.0000019176 0.0000075049 0.0000315643 0.0029693534 0.0000386081 0.0000023753 0.0047687826 -0.0000028700 0.0027726462
1413394976.90585 -2.063965 0.205941 -0.050713 -0.809054 0.053514 -0.585142 0.013264 0.0004032935 -0.0000360123 -0.0001342327 0.0000033440 0.0000119895 0.0000448120 0.0029716125 0.0000602589 0.0000023842 0.0048207715 -0.0000029201 0.0027726043
1413394976.95585 -2.092155 0.225174 -0.052293 -0.825450 0.059856 -0.560966 0.019155 0.0003850708 -0.0000413243 -0.0001540585 0.0000045644 0.0000165374 0.0000617763 0.0029738753 0.0000800743 0.0000024532 0.0048745735 -0.0000029897 0.0027724809
1413394977.00585 -2.120193 0.242644 -0.052316 -0.839902 0.066629 -0.538099 0.023950 0.0003660666 -0.0000456278 -0.0001704676 0.0000058191 0.0000212539 0.0000795316 0.0029762274 0.0000974049 0.0000024675 0.0049258460 -0.0000030306 0.0027724451
1413394977.10585 -2.166630 0.268159 -0.047609 -0.862158 0.082582 -0.498859 0.031690 0.0003298791 -0.0000530090 -0.0001928683 0.0000086553 0.0000310033 0.0001129320 0.0029803223 0.0001241500 0.0000025066 0.0050152522 -0.0000030761 0.0027724463
1413394977.15585 -2.184814 0.276426 -0.042844 -0.871433 0.089893 -0.481015 0.033901 0.0003125777 -0.0000548130 -0.0002007554 0.0000097513 0.0000352175 0.0001291157 0.0029815488 0.0001330001 0.0000026090 0.0050485726 -0.0000031333 0.0027722861
1413394977.20585 -2.196599 0.279738 -0.036211 -0.878413 0.096783 -0.466678 0.035138 0.0002983476 -0.0000559359 -0.0002060281 0.0000106289 0.0000386431 0.0001424644 0.0029822872 0.0001377987 0.0000026343 0.0050716749 -0.0000031649 0.0027722266
1413394977.30585 -2.195234 0.269291 -0.014682 -0.887409 0.092336 -0.451286 0.017871 0.0002872035 -0.0000415401 -0.0002129677 0.0000061518 0.0000308165 0.0001581228 0.0029809345 0.0001282380 0.0000026393 0.0050710349 -0.0000031592 0.0027722402
1413394977.40585 -2.163834 0.241971 0.019002 0.888471 -0.071468 0.453087 0.014928 0.0002942262 -0.0000140312 -0.0002144112 0.0000008134 0.0000102296 0.0001564514 0.0029771377 0.0001018106 0.0000026451 0.0050150189 -0.0000031339 0.0027722812
1413394977.50585 -2.098161 0.206848 0.060136 0.887333 -0.055932 0.456171 0.037677 0.0002990349 0.0000057453 -0.0002131608 0.0000002573 -0.0000040969 0.0001521514 0.0029726066 0.0000660292 0.0000026989 0.0048945179 -0.0000031225 0.0027722947
1413394977.60585 -2.002229 0.171950 0.105984 0.885680 -0.051665 0.459167 0.045463 0.0003021228 0.0000120981 -0.0002117360 0.0000006349 -0.0000084825 0.0001485966 0.0029691229 0.0000292145 0.0000027408 0.0047189537 -0.0000031180 0.0027723973
1413394977.70585 -1.879490 0.140391 0.154183 0.883705 -0.050634 0.462729 0.048831 0.0003055197 0.0000145118 -0.0002102292 0.0000008440 -0.0000099908 0.0001448679 0.0029667843 -0.0000041049 0.0000029317 0.0045035792 -0.0000031369 0.0027724839
1413394977.80585 -1.725950 0.110795 0.209431 0.875209 -0.047316 0.478546 0.052574 0.0003203100 0.0000176295 -0.0002035647 0.0000011292 -0.0000112102 0.0001295730 0.0029655576 -0.0000301635 0.0000030926 0.0042600412 -0.0000032486 0.0027726577
1413394977.90585 -1.552010 0.085091 0.268348 0.857605 -0.043343 0.509263 0.057333 0.0003480567 0.0000213136 -0.0001877680 0.0000014692 -0.0000115044 0.0001014880 0.0029655813 -0.0000501140 0.0000032266 0.0040030672 -0.0000032262 0.0027730844
1413394978.00585 -1.365120 0.065259 0.326649 0.838126 -0.039563 0.540387 0.062946 0.0003741346 0.0000255898 -0.0001673052 0.0000019198 -0.0000114494 0.0000749990 0.0029664572 -0.0000624109 0.0000033653 0.0037605868 -0.0000031795 0.0027737168
1413394978.10585 -1.172133 0.051803 0.381728 0.822146 -0.035613 0.564010 0.068561 0.0003920261 0.0000303274 -0.0001487373 0.0000025215 -0.0000115127 0.0000566127 0.0029677636 -0.0000675071 0.0000035091 0.0035449740 -0.0000031350 0.0027746074
1413394978.15585 -1.074825 0.047907 0.407220 0.817476 -0.033485 0.570512 0.071600 0.0003965182 0.0000331574 -0.0001429914 0.0000029511 -0.0000119637 0.0000517467 0.0029685055 -0.0000679473 0.0000035949 0.0034491020 -0.0000031411 0.0027751455
1413394978.20585 -0.977549 0.045616 0.429717 0.814645 -0.032183 0.574437 0.073077 0.0003991436 0.0000346502 -0.0001394687 0.0000031893 -0.0000121140 0.0000489156 0.0029692454 -0.0000671000 0.0000036830 0.0033616797 -0.0000031452 0.0027757005
1413394978.25585 -0.880581 0.045936 0.449197 0.812490 -0.030890 0.577346 0.074683 0.0004010221 0.0000362490 -0.0001367567 0.0000034609 -0.0000123685 0.0000468212 0.0029700442 -0.0000655155 0.0000037898 0.0032829299 -0.0000031909 0.0027763503
1413394978.30585 -0.783652 0.047918 0.465494 0.811900 -0.029859 0.578141 0.075364 0.0004014779 0.0000371989 -0.0001359588 0.0000036336 -0.0000126041 0.0000462286 0.0029708049 -0.0000629741 0.0000038291 0.0032132419 -0.0000031777 0.0027770313
1413394978.35585 -0.687390 0.052528 0.478815 0.811478 -0.029180 0.578707 0.075833 0.0004018205 0.0000378246 -0.0001354169 0.0000037505 -0.0000127543 0.0000458260 0.0029716896 -0.0000601384 0.0000039195 0.0031517397 -0.0000032438 0.0027778904
1413394978.40585 -0.592383 0.059396 0.489132 0.811103 -0.028520 0.579275 0.075751 0.0004021861 0.0000380752 -0.0001349378 0.0000037975 -0.0000127819 0.0000454651 0.0029726018 -0.0000570063 0.0000040734 0.0030993580 -0.0000033420 0.0027787119
1413394978.45585 -0.497919 0.069423 0.495458 0.811256 -0.028525 0.579311 0.073816 0.0004023381 0.0000367417 -0.0001351793 0.0000035510 -0.0000123518 0.0000456129 0.0029737305 -0.0000540070 0.0000041884 0.0030556247 -0.0000033779 0.0027796796
1413394978.50585 -0.404048 0.081543 0.499794 0.811348 -0.029113 0.579499 0.071048 0.0004026748 0.0000345549 -0.0001353909 0.0000031638 -0.0000116255 0.0000457202 0.0029750483 -0.0000513299 0.0000044040 0.0030200915 -0.0000034223 0.0027804392
1413394978.55585 -0.310463 0.095925 0.503655 0.811731 -0.030943 0.579399 0.066572 0.0004029460 0.0000305904 -0.0001360628 0.0000025237 -0.0000103361 0.0000461453 0.0029767189 -0.0000493661 0.0000045758 0.0029925653 -0.0000035216 0.0027815125
1413394978.60585 -0.216745 0.111206 0.510700 0.811470 -0.033056 0.580225 0.061344 0.0004038108 0.0000259400 -0.0001359436 0.0000018700 -0.0000087384 0.0000459682 0.0029785965 -0.0000482112 0.0000047267 0.0029724199 -0.0000035284 0.0027821815
1413394978.65585 -0.123955 0.128589 0.515994 0.812006 -0.036901 0.579954 0.054205 0.0004039133 0.0000191259 -0.0001369513 0.0000011116 -0.0000064890 0.0000466392 0.0029807724 -0.0000482347 0.0000050475 0.0029599505 -0.0000036962 0.0027827171
1413394978.70585 -0.032660 0.144494 0.519730 0.811822 -0.041626 0.580658 0.045272 0.0004044304 0.0000106276 -0.0001371158 0.0000004854 -0.0000036049 0.0000466910 0.0029820911 -0.0000492889 0.0000049776 0.0029541315 -0.0000031074 0.0027806469
1413394978.75585 0.058177 0.164823 0.525305 0.811568 -0.046001 0.581215 0.037823 0.0004047020 0.0000031986 -0.0001371447 0.0000002333 -0.0000010844 0.0000466812 0.0029843575 -0.0000522589 0.0000050444 0.0029569415 -0.0000027375 0.0027800070
1413394978.80585 0.146576 0.185740 0.531163 0.810983 -0.050495 0.582044 0.031324 0.0004049789 -0.0000035870 -0.0001367682 0.0000002418 0.0000012123 0.0000463965 0.0029873463 -0.0000567854 0.0000050939 0.0029671449 -0.0000025843 0.0027799736
1413394978.85585 0.235412 0.206189 0.538925 0.810537 -0.053586 0.582586 0.027411 0.0004051069 -0.0000078820 -0.0001364314 0.0000003655 0.0000026562 0.0000461567 0.0029907161 -0.0000629400 0.0000051075 0.0029841117 -0.0000024835 0.0027798862
1413394978.90585 0.324259 0.226032 0.546591 0.809771 -0.056463 0.583531 0.023979 0.0004054892 -0.0000117409 -0.0001357011 0.0000005550 0.0000039316 0.0000456255 0.0029950700 -0.0000706783 0.0000052840 0.0030082442 -0.0000023795 0.0027799556
1413394978.95585 0.412907 0.244564 0.554104 0.808154 -0.058645 0.585605 0.022676 0.0004067540 -0.0000138716 -0.0001338716 0.0000006905 0.0000045683 0.0000442737 0.0029995062 -0.0000797943 0.0000052784 0.0030392955 -0.0000022391 0.0027800668
1413394979.00585 0.499483 0.263154 0.560257 0.804004 -0.060893 0.591100 0.021705 0.0004101665 -0.0000161145 -0.0001289333 0.0000008531 0.0000050687 0.0000407436 0.0030040614 -0.0000901319 0.0000052722 0.0030773677 -0.0000021241 0.0027801994
1413394979.05585 0.585271 0.280414 0.564660 0.798571 -0.062524 0.598233 0.022204 0.0004145874 -0.0000171702 -0.0001222659 0.0000009328 0.0000050669 0.0000362715 0.0030081206 -0.0001016611 0.0000051511 0.0031209529 -0.0000020839 0.0027802774
1413394979.10585 0.670896 0.297767 0.567519 0.792069 -0.064109 0.606651 0.022182 0.0004194898 -0.0000187403 -0.0001141619 0.0000010613 0.0000051035 0.0000312823 0.0030129666 -0.0001139952 0.0000052263 0.0031701820 -0.0000020602 0.0027803806
1413394979.15585 0.753334 0.315036 0.565227 0.783919 -0.067155 0.616896 0.020015 0.0004247684 -0.0000227030 -0.0001039953 0.0000014403 0.0000055622 0.0000256743 0.0030186622 -0.0001274963 0.0000053093 0.0032251893 -0.0000020171 0.0027805708
1413394979.20585 0.834695 0.332138 0.561839 0.774409 -0.071311 0.628444 0.016237 0.0004298646 -0.0000285817 -0.0000920677 0.0000021298 0.0000061258 0.0000199315 0.0030233944 -0.0001418677 0.0000050881 0.0032836090 -0.0000019988 0.0027807062
1413394979.25585 0.913236 0.348122 0.558772 0.766157 -0.074781 0.638173 0.012108 0.0004334365 -0.0000342007 -0.0000816625 0.0000029305 0.0000064482 0.0000155981 0.0030283161 -0.0001570588 0.0000049716 0.0033464167 -0.0000020999 0.0027806119
1413394979.30585 0.987154 0.362750 0.553647 0.756980 -0.078469 0.648675 0.006695 0.0004364934 -0.0000408609 -0.0000700593 0.0000040598 0.0000065629 0.0000114571 0.0030333381 -0.0001722337 0.0000048027 0.0034118866 -0.0000021395 0.0027807082
1413394979.35585 1.054709 0.376387 0.547439 0.748483 -0.082518 0.658000 0.000394 0.0004382390 -0.0000482311 -0.0000594342 0.0000055460 0.0000065458 0.0000082731 0.0030380952 -0.0001870195 0.0000045665 0.0034775093 -0.0000022236 0.0027808368
1413394979.40585 1.117599 0.388619 0.544589 -0.738168 0.085305 -0.669176 0.005833 0.0004399182 -0.0000549276 -0.0000463155 0.0000070990 0.0000057871 0.0000050890 0.0030424939 -0.0002009143 0.0000043186 0.0035392386 -0.0000023202 0.0027809053
1413394979.45585 1.170206 0.398049 0.540516 -0.727963 0.086599 -0.680041 0.010754 0.0004411102 -0.0000597147 -0.0000332389 0.0000083278 0.0000045031 0.0000027184 0.0030469794 -0.0002136006 0.0000040950 0.0035981206 -0.0000023733 0.0027810860
1413394979.50585 1.216890 0.404976 0.540501 -0.716502 0.087157 -0.691967 0.014481 0.0004418975 -0.0000633052 -0.0000185616 0.0000093161 0.0000026615 0.0000009945 0.0030510600 -0.0002234914 0.0000039705 0.0036470481 -0.0000024545 0.0027812704
1413394979.55585 1.254806 0.409250 0.543491 -0.706708 0.084418 -0.702304 0.014390 0.0004429649 -0.0000622722 -0.0000057007 0.0000090037 0.0000008030 0.0000002895 0.0030544048 -0.0002311449 0.0000039037 0.0036897456 -0.0000025527 0.0027814450
1413394979.60585 1.286273 0.410992 0.549336 -0.698408 0.080893 -0.710996 0.012971 0.0004437296 -0.0000597502 0.0000052708 0.0000082969 -0.0000007089 0.0000002802 0.0030564190 -0.0002361729 0.0000038299 0.0037233239 -0.0000026587 0.0027816085
1413394979.65585 1.305249 0.410413 0.557990 -0.694907 0.076373 -0.714960 0.010178 0.0004447335 -0.0000554468 0.0000102354 0.0000071651 -0.0000012756 0.0000004547 0.0030570377 -0.0002391534 0.0000037713 0.0037515273 -0.0000027547 0.0027816924
1413394979.70585 1.312917 0.407441 0.568544 -0.695834 0.070291 -0.714736 0.005264 0.0004464240 -0.0000485706 0.0000098862 0.0000055376 -0.0000010754 0.0000004397 0.0030571813 -0.0002390050 0.0000038095 0.0037624705 -0.0000028294 0.0027818493
1413394979.75585 1.309044 0.402694 0.580588 0.705083 -0.063316 0.706286 0.002986 0.0004486615 -0.0000385328 -0.0000009189 0.0000035629 0.0000000794 0.0000002240 0.0030560730 -0.0002358006 0.0000038630 0.0037577593 -0.0000028932 0.0027819846
1413394979.80585 1.284839 0.395131 0.595913 0.722452 -0.054584 0.689060 0.016714 0.0004496994 -0.0000231070 -0.0000224749 0.0000014383 0.0000011553 0.0000013452 0.0030514219 -0.0002304371 0.0000043174 0.0037404693 -0.0000027621 0.0027820627
1413394979.85585 1.261297 0.389501 0.611789 0.743864 -0.045589 0.665952 0.033099 0.0004464624 -0.0000053648 -0.0000496559 0.0000003161 0.0000005969 0.0000057486 0.0030484672 -0.0002211435 0.0000044246 0.0037022617 -0.0000027830 0.0027822002
1413394979.90585 1.234217 0.384208 0.630578 0.764103 -0.037847 0.642127 0.048868 0.0004386980 0.0000114113 -0.0000758108 0.0000005512 -0.0000019729 0.0000133332 0.0030481465 -0.0002140223 0.0000046231 0.0036679150 -0.0000027615 0.0027825518
1413394979.95585 1.203440 0.379881 0.650852 0.779810 -0.032861 0.622147 0.061243 0.0004293276 0.0000238735 -0.0000960459 0.0000015856 -0.0000053435 0.0000217267 0.0030487460 -0.0002075796 0.0000048423 0.0036331892 -0.0000027507 0.0027829499
1413394980.00585 1.170614 0.378437 0.669125 0.791393 -0.030880 0.606609 0.069059 0.0004207031 0.0000310892 -0.0001108044 0.0000025581 -0.0000081925 0.0000294308 0.0030485237 -0.0002015432 0.0000050697 0.0035969019 -0.0000026978 0.0027833192
1413394980.05585 1.137135 0.379167 0.688521 0.797748 -0.030072 0.597602 0.074605 0.0004151399 0.0000357867 -0.0001188171 0.0000033493 -0.0000102478 0.0000342599 0.0030512108 -0.0001970976 0.0000053833 0.0035606944 -0.0000026381 0.0027838066
1413394980.10585 1.101788 0.382694 0.705937 0.799391 -0.030348 0.594935 0.078140 0.0004134165 0.0000381813 -0.0001208684 0.0000037941 -0.0000111685 0.0000355949 0.0030545177 -0.0001937141 0.0000056575 0.0035258531 -0.0000025581 0.0027843091
1413394980.15585 1.065180 0.388908 0.721245 0.796693 -0.031134 0.598214 0.080320 0.0004154291 0.0000390982 -0.0001174797 0.0000039510 -0.0000110620 0.0000334812 0.0030586750 -0.0001913905 0.0000058729 0.0034903127 -0.0000024723 0.0027848149
1413394980.20585 1.028434 0.397177 0.734221 0.792831 -0.032541 0.603212 0.080595 0.0004185594 0.0000383054 -0.0001126498 0.0000037803 -0.0000103143 0.0000305785 0.0030640942 -0.0001901871 0.0000061547 0.0034541601 -0.0000024273 0.0027853622
1413394980.25585 0.990817 0.408260 0.744302 0.788092 -0.035533 0.609521 0.078311 0.0004225657 0.0000348043 -0.0001068216 0.0000031446 -0.0000088024 0.0000272650 0.0030703125 -0.0001895978 0.0000064525 0.0034189918 -0.0000023728 0.0027859459
1413394980.30585 0.946574 0.423157 0.749028 0.783541 -0.038786 0.615571 0.075041 0.0004262617 0.0000304222 -0.0001012560 0.0000024521 -0.0000072299 0.0000243147 0.0030761992 -0.0001898169 0.0000061763 0.0033845931 -0.0000022249 0.0027862590
1413394980.35585 0.906929 0.439521 0.753150 0.781321 -0.042194 0.618539 0.071873 0.0004282080 0.0000262312 -0.0000986361 0.0000018911 -0.0000060449 0.0000229845 0.0030850676 -0.0001898550 0.0000064443 0.0033455781 -0.0000020477 0.0027868110
1413394980.40585 0.867561 0.458095 0.755686 0.782023 -0.044484 0.617689 0.070154 0.0004280047 0.0000238689 -0.0000997511 0.0000016189 -0.0000055654 0.0000235154 0.0030950718 -0.0001904344 0.0000069631 0.0033118129 -0.0000018792 0.0027875530
1413394980.45584 0.799188 0.473711 0.745161 0.785143 -0.046976 0.613788 0.067881 0.0004261158 0.0000213003 -0.0001041154 0.0000013549 -0.0000052065 0.0000257106 0.0030929943 -0.0001928157 0.0000013359 0.0032792430 -0.0000029404 0.0027854240
1413394980.50584 0.748811 0.491643 0.740546 0.790129 -0.051895 0.607527 0.062562 0.0004229767 0.0000155663 -0.0001109171 0.0000008653 -0.0000040835 0.0000293612 0.0030997044 -0.0001872810 0.0000006471 0.0032273094 -0.0000032963 0.0027854917
1413394980.55584 0.699106 0.514757 0.735658 0.795392 -0.057609 0.600784 0.055608 0.0004191609 0.0000081696 -0.0001182140 0.0000004526 -0.0000023057 0.0000336186 0.0031024503 -0.0001863801 -0.0000003908 0.0031907184 -0.0000032103 0.0027846788
1413394980.60584 0.651479 0.540171 0.726235 0.800245 -0.062222 0.594352 0.049823 0.0004151340 0.0000023164 -0.0001247659 0.0000003060 -0.0000006980 0.0000377815 0.0031072122 -0.0001862163 0.0000001691 0.0031576909 -0.0000026553 0.0027836828
1413394980.65584 0.598084 0.564989 0.725487 0.804111 -0.066618 0.589085 0.044116 0.0004114433 -0.0000034226 -0.0001302010 0.0000003233 0.0000010815 0.0000414903 0.0031165310 -0.0001847031 -0.0000003010 0.0031291689 -0.0000025298 0.0027834187
1413394980.70584 0.552133 0.588895 0.726084 0.806325 -0.069828 0.585966 0.040102 0.0004092051 -0.0000075576 -0.0001332052 0.0000004366 0.0000024592 0.0000436537 0.0031279861 -0.0001801602 0.0000000111 0.0031002884 -0.0000024628 0.0027832396
1413394980.75584 0.504645 0.612258 0.729767 0.808454 -0.071118 0.583008 0.038017 0.0004070833 -0.0000093676 -0.0001360049 0.0000005152 0.0000031287 0.0000457353 0.0031397576 -0.0001761750 0.0000001981 0.0030779111 -0.0000024100 0.0027831869
1413394980.80584 0.459477 0.635219 0.732517 0.809891 -0.072778 0.580984 0.035177 0.0004055122 -0.0000119708 -0.0001379112 0.0000006554 0.0000040707 0.0000472026 0.0031516041 -0.0001704496 0.0000004574 0.0030565905 -0.0000023554 0.0027830810
1413394980.85584 0.414849 0.657075 0.736802 0.810837 -0.073743 0.579629 0.033711 0.0004044350 -0.0000133155 -0.0001391566 0.0000007418 0.0000045814 0.0000481835 0.0031626111 -0.0001644353 0.0000008598 0.0030383356 -0.0000022388 0.0027828887
1413394980.90584 0.369166 0.678345 0.741404 0.811412 -0.074465 0.578823 0.032082 0.0004037271 -0.0000147354 -0.0001399494 0.0000008437 0.0000051080 0.0000488182 0.0031745996 -0.0001572948 0.0000009887 0.0030221900 -0.0000022201 0.0027828394
1413394980.95584 0.324358 0.699203 0.744819 0.811931 -0.074492 0.578104 0.031871 0.0004032412 -0.0000148424 -0.0001405860 0.0000008546 0.0000051746 0.0000493223 0.0031867130 -0.0001489854 0.0000010629 0.0030076313 -0.0000021911 0.0027828295
1413394981.00584 0.278383 0.719874 0.746263 0.812945 -0.076109 0.576611 0.029118 0.0004019052 -0.0000174000 -0.0001419904 0.0000010640 0.0000061480 0.0000504756 0.0031988361 -0.0001400125 0.0000011011 0.0029951673 -0.0000021531 0.0027828180
1413394981.05584 0.233851 0.738611 0.745383 0.813138 -0.077737 0.576241 0.026646 0.0004013497 -0.0000198314 -0.0001423759 0.0000012925 0.0000070363 0.0000508201 0.0032106605 -0.0001296618 0.0000010802 0.0029840904 -0.0000021137 0.0027827966
1413394981.10584 0.187266 0.758326 0.741674 0.813524 -0.080355 0.575504 0.022733 0.0004002852 -0.0000237901 -0.0001430970 0.0000017284 0.0000085075 0.0000514711 0.0032210016 -0.0001184713 0.0000010639 0.0029750992 -0.0000020599 0.0027828110
1413394981.15584 0.144145 0.776353 0.735956 0.813983 -0.082436 0.574668 0.019794 0.0003992851 -0.0000267359 -0.0001438110 0.0000021073 0.0000096331 0.0000521144 0.0032334115 -0.0001063014 0.0000011371 0.0029676209 -0.0000020623 0.0027828408
1413394981.20584 0.097635 0.794740 0.726330 0.814660 -0.085101 0.573425 0.016457 0.0003978056 -0.0000301757 -0.0001449199 0.0000026085 0.0000109971 0.0000531151 0.0032439807 -0.0000940503 0.0000010486 0.0029624113 -0.0000020395 0.0027828937
1413394981.30584 0.013698 0.822527 0.701911 0.815613 -0.088021 0.571678 0.014519 0.0003961883 -0.0000326986 -0.0001463418 0.0000030243 0.0000120837 0.0000543823 0.0032657705 -0.0000677555 0.0000012869 0.0029570570 -0.0000020451 0.0027830769
1413394981.35584 -0.028688 0.833859 0.688579 0.816189 -0.086796 0.570943 0.018062 0.0003962375 -0.0000296035 -0.0001469528 0.0000025390 0.0000109844 0.0000548299 0.0032735544 -0.0000537618 0.0000014785 0.0029567488 -0.0000020701 0.0027831448
1413394981.40584 -0.070512 0.843593 0.676009 0.816656 -0.083293 0.570509 0.025591 0.0003970501 -0.0000226970 -0.0001472456 0.0000016261 0.0000084211 0.0000549369 0.0032804018 -0.0000394446 0.0000017055 0.0029580447 -0.0000021245 0.0027832197
1413394981.45584 -0.111802 0.852503 0.664200 0.817221 -0.080979 0.569700 0.032156 0.0003972931 -0.0000169718 -0.0001477498 0.0000010553 0.0000063147 0.0000552800 0.0032867067 -0.0000251458 0.0000019469 0.0029608678 -0.0000021846 0.0027833044
1413394981.50584 -0.155559 0.862222 0.653407 0.817185 -0.078912 0.569623 0.038889 0.0003978497 -0.0000113497 -0.0001475397 0.0000006544 0.0000042109 0.0000550470 0.0032911394 -0.0000101298 0.0000020313 0.0029648614 -0.0000022347 0.0027833263
1413394981.55584 -0.194209 0.870043 0.643571 0.817495 -0.078803 0.568955 0.042221 0.0003976977 -0.0000089041 -0.0001478916 0.0000005322 0.0000033130 0.0000553317 0.0032985660 0.0000055984 0.0000022760 0.0029711048 -0.0000023026 0.0027834343
1413394981.60584 -0.232003 0.877792 0.634145 0.818741 -0.080124 0.566862 0.043712 0.0003962997 -0.0000083075 -0.0001495365 0.0000005093 0.0000031370 0.0000567636 0.0033045939 0.0000195920 0.0000025123 0.0029779590 -0.0000023625 0.0027835311
1413394981.65584 -0.268388 0.885071 0.624436 0.821429 -0.081864 0.562611 0.044956 0.0003932930 -0.0000078597 -0.0001529191 0.0000004945 0.0000030589 0.0000598011 0.0033106031 0.0000335780 0.0000027419 0.0029859516 -0.0000024115 0.0027836347
1413394981.70584 -0.303747 0.891765 0.614381 0.823855 -0.084371 0.558486 0.047306 0.0003903904 -0.0000069979 -0.0001560715 0.0000004650 0.0000028010 0.0000627426 0.0033158953 0.0000472781 0.0000029187 0.0029946334 -0.0000024466 0.0027837198
1413394981.75584 -0.339486 0.898644 0.604179 0.825665 -0.089543 0.554918 0.048220 0.0003876883 -0.0000084201 -0.0001587946 0.0000005243 0.0000034536 0.0000653934 0.0033206059 0.0000608076 0.0000030303 0.0030041495 -0.0000024429 0.0027837988
1413394981.80584 -0.372016 0.904241 0.594145 0.827297 -0.096934 0.551240 0.048141 0.0003847298 -0.0000115021 -0.0001615640 0.0000006877 0.0000048369 0.0000682044 0.0033260596 0.0000745249 0.0000032034 0.0030149169 -0.0000024588 0.0027838890
1413394981.85584 -0.404349 0.909843 0.584805 0.827394 -0.105210 0.549586 0.048015 0.0003831582 -0.0000152024 -0.0001627747 0.0000009490 0.0000064672 0.0000695103 0.0033296176 0.0000871043 0.0000032114 0.0030253611 -0.0000024070 0.0027839138
1413394981.90584 -0.433459 0.913188 0.575998 0.827100 -0.113968 0.548216 0.048737 0.0003818638 -0.0000185674 -0.0001636719 0.0000012511 0.0000079694 0.0000705149 0.0033335929 0.0000994360 0.0000033787 0.0030367811 -0.0000024017 0.0027839866
1413394981.95585 -0.460923 0.914576 0.568428 0.825811 -0.124010 0.547965 0.048906 0.0003810698 -0.0000230138 -0.0001636723 0.0000017373 0.0000098979 0.0000706620 0.0033312913 0.0001114648 0.0000024647 0.0030469302 -0.0000020792 0.0027837387
1413394982.00585 -0.486482 0.914303 0.561141 0.824277 -0.134476 0.547646 0.050675 0.0003804586 -0.0000265773 -0.0001637064 0.0000022072 0.0000114516 0.0000708072 0.0033318814 0.0001212246 0.0000026750 0.0030580095 -0.0000020838 0.0027838199
1413394982.05585 -0.509931 0.911987 0.555157 0.821579 -0.147316 0.548383 0.050816 0.0003801305 -0.0000325118 -0.0001629360 0.0000031347 0.0000139546 0.0000702084 0.0033310087 0.0001296865 0.0000028731 0.0030686537 -0.0000020696 0.0027838891
1413394982.10585 -0.531047 0.907708 0.551242 0.817500 -0.160026 0.550728 0.052765 0.0003811269 -0.0000375152 -0.0001608061 0.0000040481 0.0000158503 0.0000682163 0.0033263041 0.0001373769 0.0000025454 0.0030785304 -0.0000019059 0.0027837596
1413394982.15585 -0.550234 0.900218 0.547427 0.812518 -0.174335 0.553664 0.053642 0.0003820216 -0.0000441323 -0.0001582228 0.0000054569 0.0000183034 0.0000659007 0.0033216368 0.0001432804 0.0000026144 0.0030880924 -0.0000018412 0.0027837599
1413394982.20585 -0.568734 0.890396 0.544793 0.807203 -0.188581 0.556553 0.055757 0.0003829126 -0.0000500245 -0.0001555410 0.0000068966 0.0000203482 0.0000635513 0.0033139504 0.0001476416 0.0000026093 0.0030971052 -0.0000017598 0.0027837272
1413394982.25585 -0.585982 0.877030 0.542672 0.801745 -0.204704 0.558590 0.057253 0.0003825603 -0.0000570613 -0.0001534349 0.0000088758 0.0000229177 0.0000619099 0.0033048033 0.0001510699 0.0000026740 0.0031063807 -0.0000016728 0.0027837183
1413394982.30585 -0.602538 0.860366 0.541513 0.796940 -0.219127 0.559477 0.062087 0.0003823880 -0.0000609318 -0.0001520923 0.0000100763 0.0000242699 0.0000608668 0.0032929430 0.0001529996 0.0000027161 0.0031154546 -0.0000015756 0.0027837013
1413394982.35585 -0.618551 0.839792 0.541101 0.792487 -0.233823 0.559247 0.067339 0.0003814746 -0.0000644179 -0.0001515560 0.0000112473 0.0000256301 0.0000605871 0.0032788610 0.0001534824 0.0000027434 0.0031244813 -0.0000014723 0.0027836824
1413394982.40585 -0.634695 0.815271 0.542038 0.787591 -0.247845 0.559129 0.075156 0.0003815181 -0.0000660740 -0.0001507513 0.0000118136 0.0000261478 0.0000599448 0.0032619062 0.0001524551 0.0000026681 0.0031335831 -0.0000013493 0.0027836298
1413394982.50585 -0.676810 0.754275 0.546564 0.776526 -0.276937 0.558852 0.089430 0.0003810609 -0.0000709290 -0.0001490067 0.0000135765 0.0000277786 0.0000586507 0.0032233348 0.0001475817 0.0000025047 0.0031555510 -0.0000011091 0.0027836057
1413394982.55585 -0.698604 0.718491 0.551300 0.771963 -0.290412 0.556763 0.098742 0.0003806378 -0.0000710375 -0.0001494113 0.0000136321 0.0000279287 0.0000590364 0.0032013812 0.0001435088 0.0000026723 0.0031703445 -0.0000010241 0.0027836650
1413394982.60585 -0.723049 0.677509 0.556822 0.765417 -0.305489 0.556523 0.105335 0.0003801013 -0.0000742077 -0.0001483805 0.0000148588 0.0000290143 0.0000583132 0.0031785749 0.0001379514 0.0000021802 0.0031850180 -0.0000009080 0.0027833124
1413394982.65585 -0.748302 0.634834 0.563477 0.760202 -0.317595 0.554690 0.116382 0.0003808853 -0.0000729110 -0.0001482257 0.0000143258 0.0000284198 0.0000580766 0.0031554485 0.0001304334 0.0000022557 0.0032023108 -0.0000008224 0.0027832834
1413394982.70585 -0.774896 0.588766 0.571154 0.754924 -0.329589 0.552678 0.126523 0.0003813960 -0.0000721007 -0.0001481110 0.0000139981 0.0000280450 0.0000579136 0.0031336903 0.0001214443 0.0000024134 0.0032205916 -0.0000007360 0.0027833234
1413394982.75585 -0.802630 0.538478 0.579586 0.749767 -0.340915 0.550244 0.137329 0.0003821417 -0.0000704622 -0.0001481156 0.0000133575 0.0000273552 0.0000578074 0.0031123120 0.0001105265 0.0000024593 0.0032406485 -0.0000006559 0.0027832745
1413394982.80585 -0.831439 0.485816 0.589110 0.744335 -0.351372 0.547712 0.150045 0.0003838464 -0.0000674677 -0.0001477157 0.0000122198 0.0000260060 0.0000572457 0.0030916070 0.0000969780 0.0000025686 0.0032622155 -0.0000005806 0.0027831975
1413394982.85585 -0.862501 0.430280 0.598272 0.739006 -0.361735 0.544705 0.162217 0.0003852330 -0.0000645609 -0.0001475683 0.0000111778 0.0000247712 0.0000569304 0.0030732190 0.0000815081 0.0000027054 0.0032854826 -0.0000004904 0.0027832168
1413394982.90585 -0.895085 0.372694 0.608461 0.733927 -0.371513 0.541232 0.174349 0.0003865565 -0.0000613153 -0.0001475687 0.0000100810 0.0000234452 0.0000567393 0.0030570239 0.0000636680 0.0000028540 0.0033113104 -0.0000003808 0.0027832699
1413394983.00585 -0.958770 0.251802 0.630836 0.725337 -0.386263 0.533454 0.200283 0.0003904741 -0.0000513416 -0.0001471176 0.0000070956 0.0000193741 0.0000558344 0.0030318685 0.0000209021 0.0000027777 0.0033691034 -0.0000000159 0.0027832666
1413394983.10585 -1.031381 0.124708 0.652882 0.720185 -0.393415 0.526272 0.222703 0.0003944342 -0.0000396539 -0.0001463760 0.0000043288 0.0000147391 0.0000547274 0.0030213337 -0.0000316436 0.0000029855 0.0034297148 0.0000003837 0.0027835957
1413394983.20585 -1.103896 -0.006274 0.675445 0.716785 -0.395432 0.522045 0.239419 0.0003982858 -0.0000297879 -0.0001443635 0.0000025710 0.0000108153 0.0000527326 0.0030258904 -0.0000939959 0.0000031427 0.0035018827 0.0000008345 0.0027840938
1413394983.30585 -1.176466 -0.138953 0.697925 0.714353 -0.395657 0.520732 0.248985 0.0004011468 -0.0000242284 -0.0001420882 0.0000018092 0.0000085979 0.0000507350 0.0030467473 -0.0001658877 0.0000031490 0.0035783790 0.0000014325 0.0027847652
1413394983.40585 -1.248137 -0.271489 0.720750 0.716181 -0.389973 0.517503 0.259222 0.0004033306 -0.0000140416 -0.0001408982 0.0000008368 0.0000049185 0.0000496287 0.0030840862 -0.0002467072 0.0000029924 0.0036600486 0.0000021032 0.0027856108
1413394983.50585 -1.319848 -0.403262 0.743940 0.723804 -0.376978 0.508929 0.273836 0.0004032518 0.0000052404 -0.0001417408 0.0000004183 -0.0000018349 0.0000502328 0.0031366031 -0.0003344643 0.0000026370 0.0037449619 0.0000029067 0.0027868277
1413394983.60585 -1.386157 -0.529659 0.759503 0.729465 -0.366030 0.503753 0.283083 0.0004024719 0.0000186471 -0.0001417202 0.0000012199 -0.0000065644 0.0000503145 0.0032033310 -0.0004275185 0.0000025749 0.0038308856 0.0000030841 0.0027870483
1413394983.70585 -1.448878 -0.652691 0.763161 0.732901 -0.356064 0.501785 0.290321 0.0004026308 0.0000289465 -0.0001399234 0.0000024423 -0.0000100599 0.0000490413 0.0032814515 -0.0005216458 0.0000022337 0.0039117296 0.0000036992 0.0027880110
1413394983.80585 -1.505125 -0.770219 0.755222 0.734974 -0.348303 0.500781 0.296171 0.0004028837 0.0000367972 -0.0001378842 0.0000037178 -0.0000125938 0.0000476048 0.0033679315 -0.0006174049 0.0000011339 0.0039910561 0.0000044711 0.0027891042
1413394983.90585 -1.552360 -0.879020 0.736200 0.735472 -0.346179 0.501455 0.296285 0.0004032464 0.0000376616 -0.0001373276 0.0000038785 -0.0000128275 0.0000471865 0.0034629309 -0.0007122521 -0.0000001299 0.0040629801 0.0000055956 0.0027907961
1413394984.00585 -1.593835 -0.982412 0.705722 0.735676 -0.345372 0.502863 0.294326 0.0004037037 0.0000364855 -0.0001372050 0.0000036629 -0.0000124022 0.0000470533 0.0035601658 -0.0008009704 -0.0000016800 0.0041244294 0.0000069085 0.0027928842
1413394984.10585 -1.625964 -1.075719 0.671552 0.737844 -0.340737 0.505406 0.289913 0.0004039819 0.0000354673 -0.0001372648 0.0000034848 -0.0000120539 0.0000470668 0.0036607243 -0.0008855419 -0.0000025575 0.0041787021 0.0000085322 0.0027948453
1413394984.20585 -1.648682 -1.161664 0.637459 0.742212 -0.332924 0.507676 0.283810 0.0004033902 0.0000354012 -0.0001381801 0.0000034750 -0.0000121317 0.0000477560 0.0037508881 -0.0009632360 -0.0000027364 0.0042173588 0.0000109290 0.0027952437
1413394984.30585 -1.649121 -1.237137 0.603647 0.748223 -0.327379 0.506324 0.276804 0.0004004562 0.0000349806 -0.0001420628 0.0000034086 -0.0000124166 0.0000508092 0.0038267343 -0.0010325857 -0.0000011089 0.0042347555 0.0000108165 0.0027950089
1413394984.40585 -1.657524 -1.312874 0.572261 0.754873 -0.324796 0.501945 0.269677 0.0003953534 0.0000342026 -0.0001483732 0.0000033068 -0.0000128441 0.0000560894 0.0039008108 -0.0010794898 0.0000013956 0.0042195359 0.0000092879 0.0027931630
1413394984.50585 -1.650175 -1.382506 0.545079 0.762139 -0.319225 0.498306 0.262547 0.0003905933 0.0000343451 -0.0001536785 0.0000033672 -0.0000135199 0.0000608695 0.0039862508 -0.0011301586 0.0000028825 0.0042133074 0.0000078708 0.0027928103
1413394984.60585 -1.636831 -1.442662 0.522719 0.769012 -0.309454 0.498641 0.253407 0.0003877589 0.0000337823 -0.0001568713 0.0000032948 -0.0000136747 0.0000638681 0.0040708695 -0.0011662326 0.0000031535 0.0041849714 0.0000070984 0.0027925356
1413394984.70585 -1.611443 -1.496672 0.504700 0.776320 -0.295292 0.501398 0.242343 0.0003860673 0.0000332724 -0.0001587856 0.0000032245 -0.0000136936 0.0000657111 0.0041456379 -0.0011902417 0.0000032974 0.0041496311 0.0000065433 0.0027923148
1413394984.80585 -1.574657 -1.545712 0.490319 0.784413 -0.278766 0.504155 0.229814 0.0003839809 0.0000328936 -0.0001609807 0.0000031807 -0.0000138005 0.0000678927 0.0042164581 -0.0012005632 0.0000031776 0.0040942244 0.0000051690 0.0027916945
1413394984.90585 -1.526945 -1.590590 0.478749 0.789647 -0.262865 0.512318 0.211873 0.0003852212 0.0000269875 -0.0001609114 0.0000022589 -0.0000112822 0.0000676176 0.0042835514 -0.0011971516 0.0000031935 0.0040251551 0.0000043225 0.0027914057
1413394985.00585 -1.469371 -1.628329 0.472129 0.793211 -0.241564 0.522928 0.197507 0.0003890342 0.0000252435 -0.0001574279 0.0000020106 -0.0000102249 0.0000641045 0.0043456342 -0.0011827514 0.0000027804 0.0039449306 0.0000025914 0.0027902757
1413394985.10585 -1.406850 -1.667860 0.469239 0.797344 -0.220852 0.529531 0.187252 0.0003908828 0.0000270796 -0.0001552495 0.0000022542 -0.0000107676 0.0000620618 0.0043981985 -0.0011545797 0.0000026358 0.0038604759 0.0000023318 0.0027901081
1413394985.20585 -1.339576 -1.702740 0.468554 0.801138 -0.207153 0.532154 0.179102 0.0003905574 0.0000278184 -0.0001553600 0.0000023621 -0.0000110803 0.0000622038 0.0044531558 -0.0011228245 0.0000024120 0.0037762306 0.0000020638 0.0027899039
1413394985.30585 -1.265505 -1.730697 0.476669 0.803636 -0.202554 0.533924 0.167530 0.0003898547 0.0000220922 -0.0001570201 0.0000016346 -0.0000089112 0.0000636498 0.0045006621 -0.0010808091 0.0000022416 0.0036897803 0.0000020306 0.0027897543
1413394985.40585 -1.186722 -1.754555 0.496034 0.802819 -0.214938 0.538593 0.138569 0.0003884231 -0.0000039758 -0.0001599698 0.0000004243 0.0000016343 0.0000662955 0.0045379894 -0.0010287987 0.0000020870 0.0036023567 0.0000019824 0.0027895027
1413394985.50585 -1.101003 -1.783760 0.529045 0.802097 -0.228690 0.540345 0.111212 0.0003828038 -0.0000288636 -0.0001629135 0.0000025639 0.0000122922 0.0000697538 0.0045820976 -0.0009730830 0.0000020567 0.0035159679 0.0000018546 0.0027892305
1413394985.60585 -1.015474 -1.818838 0.581391 0.801035 -0.224742 0.543248 0.112759 0.0003855024 -0.0000267710 -0.0001606133 0.0000022472 0.0000111634 0.0000673384 0.0046480205 -0.0009167220 0.0000020403 0.0034313122 0.0000015234 0.0027886693
1413394985.70585 -0.927010 -1.862647 0.637034 0.804108 -0.208568 0.540714 0.132430 0.0003886568 -0.0000055108 -0.0001594900 0.0000004646 0.0000022644 0.0000658729 0.0047193333 -0.0008598286 0.0000021119 0.0033553621 0.0000012318 0.0027885473
1413394985.80585 -0.834952 -1.907869 0.681636 0.806437 -0.193173 0.538021 0.151251 0.0003897844 0.0000149846 -0.0001576686 0.0000009625 -0.0000060643 0.0000642040 0.0047980391 -0.0007981246 0.0000020873 0.0032839934 0.0000010248 0.0027884865
1413394985.90585 -0.740132 -1.949321 0.710607 0.807213 -0.185263 0.536409 0.162327 0.0003897637 0.0000263789 -0.0001561795 0.0000021747 -0.0000105750 0.0000630101 0.0048743157 -0.0007269174 0.0000020056 0.0032165969 0.0000008397 0.0027885277
1413394986.00585 -0.640321 -1.986055 0.728025 0.806834 -0.183553 0.536243 0.166647 0.0003901085 0.0000300837 -0.0001551577 0.0000027118 -0.0000119700 0.0000621417 0.0049417467 -0.0006472807 0.0000019176 0.0031555200 0.0000007067 0.0027886239
1413394986.10585 -0.536259 -2.016170 0.740560 0.805432 -0.184509 0.537368 0.168732 0.0003912936 0.0000307471 -0.0001537999 0.0000028109 -0.0000120894 0.0000608853 0.0049996404 -0.0005579730 0.0000018808 0.0031007584 0.0000006086 0.0027887562
1413394986.20585 -0.429286 -2.036935 0.753353 0.801960 -0.197561 0.541853 0.155644 0.0003934410 0.0000148119 -0.0001537759 0.0000009501 -0.0000057870 0.0000605396 0.0050436821 -0.0004589038 0.0000017634 0.0030533322 0.0000007254 0.0027887297
1413394986.30585 -0.314153 -2.058204 0.772571 0.797829 -0.214618 0.546777 0.135808 0.0003937165 -0.0000078235 -0.0001540197 0.0000005515 0.0000030710 0.0000606920 0.0050766362 -0.0003561163 0.0000018300 0.0030169151 0.0000007683 0.0027887939
1413394986.40585 -0.196481 -2.082099 0.796941 0.795151 -0.224927 0.549335 0.123989 0.0003926017 -0.0000212853 -0.0001539785 0.0000015551 0.0000083637 0.0000608348 0.0051217010 -0.0002466583 0.0000018627 0.0029905381 0.0000008864 0.0027888547
1413394986.50585 -0.077638 -2.110333 0.826153 0.794601 -0.225203 0.549671 0.125519 0.0003932051 -0.0000205130 -0.0001534414 0.0000014740 0.0000080198 0.0000603266 0.0051770184 -0.0001339952 0.0000020231 0.0029763389 0.0000008955 0.0027890314
1413394986.60585 0.041206 -2.142845 0.857911 0.797206 -0.215357 0.546098 0.140930 0.0003944242 -0.0000046467 -0.0001534839 0.0000004612 0.0000018166 0.0000601792 0.0052416397 -0.0000166914 0.0000022114 0.0029746634 0.0000009548 0.0027891140
1413394986.70585 0.166011 -2.178005 0.891089 0.801420 -0.201795 0.539974 0.159477 0.0003932000 0.0000156835 -0.0001541292 0.0000010356 -0.0000061476 0.0000608760 0.0053097015 0.0001065120 0.0000024467 0.0029860363 0.0000009044 0.0027890478
1413394986.80585 0.292961 -2.209368 0.924751 0.802114 -0.192601 0.538387 0.172211 0.0003933753 0.0000289364 -0.0001520997 0.0000025454 -0.0000111936 0.0000592739 0.0053772311 0.0002417636 0.0000026789 0.0030131764 0.0000007804 0.0027893937
1413394986.90585 0.423417 -2.234167 0.956150 0.797927 -0.195402 0.544284 0.169958 0.0003976325 0.0000247330 -0.0001481996 0.0000019611 -0.0000092213 0.0000557025 0.0054323393 0.0003821691 0.0000029949 0.0030568330 0.0000005919 0.0027901525
1413394987.00585 0.557652 -2.254205 0.984058 0.791131 -0.205882 0.553937 0.157728 0.0004031473 0.0000090401 -0.0001435847 0.0000006300 -0.0000032168 0.0000516077 0.0054750359 0.0005237436 0.0000033229 0.0031160563 0.0000004564 0.0027907678
1413394987.10585 0.688813 -2.270002 0.997751 0.785777 -0.219344 0.560899 0.140840 0.0004047961 -0.0000107106 -0.0001415590 0.0000007178 0.0000037560 0.0000499781 0.0055116848 0.0006660470 0.0000036195 0.0031912257 0.0000003518 0.0027917638
1413394987.20585 0.817951 -2.286370 0.998601 0.781745 -0.227527 0.565662 0.130890 0.0004054788 -0.0000227757 -0.0001393960 0.0000017221 0.0000078444 0.0000484024 0.0055499900 0.0008063275 0.0000038409 0.0032795136 0.0000002442 0.0027930727
1413394987.30585 0.943019 -2.305057 0.993354 0.778882 -0.222479 0.569366 0.140245 0.0004101787 -0.0000152023 -0.0001344066 0.0000010130 0.0000049928 0.0000445265 0.0055949991 0.0009455633 0.0000040269 0.0033798723 0.0000001568 0.0027947076
1413394987.40585 1.067971 -2.326157 0.985191 0.777868 -0.205127 0.570412 0.165750 0.0004155490 0.0000101892 -0.0001274185 0.0000007048 -0.0000031211 0.0000395571 0.0056391038 0.0010825224 0.0000042691 0.0034897197 -0.0000002023 0.0027964277
1413394987.50585 1.184432 -2.337716 0.978737 0.775981 -0.191197 0.571606 0.185914 0.0004179935 0.0000303174 -0.0001205380 0.0000026630 -0.0000087450 0.0000352501 0.0056788865 0.0012215931 0.0000042141 0.0036147444 -0.0000003159 0.0027986303
1413394987.60585 1.295804 -2.339648 0.985826 0.772397 -0.183740 0.575470 0.196157 0.0004204802 0.0000400039 -0.0001137030 0.0000042779 -0.0000108211 0.0000312374 0.0056890014 0.0013451454 0.0000053908 0.0037452162 -0.0000006956 0.0027985475
1413394987.70585 1.407301 -2.327022 0.989199 0.766079 -0.179457 0.583307 0.201671 0.0004250405 0.0000436320 -0.0001043550 0.0000049614 -0.0000107160 0.0000261155 0.0056733865 0.0014532972 0.0000058355 0.0038802761 -0.0000008304 0.0028009710
1413394987.80585 1.516391 -2.301395 0.996274 0.759194 -0.177762 0.592007 0.203845 0.0004297726 0.0000436284 -0.0000950999 0.0000049207 -0.0000096565 0.0000215419 0.0056231998 0.0015481980 0.0000057789 0.0040244262 -0.0000006313 0.0028038723
1413394987.90585 1.617637 -2.258435 1.008580 0.754906 -0.176828 0.596743 0.206749 0.0004322617 0.0000446602 -0.0000893619 0.0000051154 -0.0000092348 0.0000189784 0.0055457085 0.0016251937 0.0000061084 0.0041731558 -0.0000005587 0.0028071660
1413394988.00585 1.711861 -2.198265 1.025118 0.749258 -0.177316 0.603380 0.207617 0.0004356473 0.0000430515 -0.0000823185 0.0000047653 -0.0000081359 0.0000160654 0.0054355758 0.0016747993 0.0000062706 0.0043186845 -0.0000004046 0.0028113275
1413394988.10585 1.799746 -2.123748 1.046809 0.743157 -0.182202 0.611231 0.202278 0.0004396557 0.0000346496 -0.0000761157 0.0000032489 -0.0000059976 0.0000136949 0.0052946931 0.0016976023 0.0000057426 0.0044578149 0.0000002743 0.0028154531
1413394988.20585 1.874301 -2.032732 1.067956 0.741106 -0.194208 0.615047 0.186446 0.0004413930 0.0000166038 -0.0000776260 0.0000011507 -0.0000029154 0.0000141794 0.0051394297 0.0016951133 0.0000057759 0.0045924236 0.0000008795 0.0028199712
1413394988.30585 1.935626 -1.931095 1.088458 0.737607 -0.216024 0.618031 0.165247 0.0004406467 -0.0000105843 -0.0000809517 0.0000007901 0.0000019549 0.0000154109 0.0049720169 0.0016610358 0.0000062216 0.0047056381 0.0000012062 0.0028264884
1413394988.40585 1.989260 -1.831785 1.116573 0.733238 -0.246979 0.616143 0.147417 0.0004347088 -0.0000393886 -0.0000874363 0.0000041186 0.0000079412 0.0000181383 0.0048048944 0.0016058364 0.0000009065 0.0047926956 0.0000061295 0.0028235190
1413394988.50585 2.029435 -1.732939 1.132505 0.727349 -0.282765 0.609116 0.141368 0.0004256301 -0.0000613180 -0.0000956373 0.0000093958 0.0000138040 0.0000220560 0.0046488530 0.0015556759 -0.0000101719 0.0048614519 0.0000143218 0.0028202244
1413394988.60585 2.046574 -1.637669 1.140037 0.719904 -0.317908 0.597505 0.153817 0.0004187592 -0.0000693657 -0.0001039378 0.0000120635 0.0000172478 0.0000263806 0.0045187621 0.0014883771 -0.0000146752 0.0049127185 0.0000180064 0.0028227030
1413394988.70585 2.047366 -1.548373 1.141398 0.713994 -0.344793 0.581291 0.182840 0.0004171816 -0.0000611103 -0.0001119024 0.0000095302 0.0000164221 0.0000306139 0.0044020094 0.0014045062 -0.0000211571 0.0049241749 0.0000226052 0.0028261941
1413394988.80585 2.030751 -1.459847 1.140762 0.707216 -0.361445 0.568067 0.215647 0.0004200731 -0.0000463923 -0.0001142300 0.0000056935 0.0000126316 0.0000316613 0.0042550514 0.0013274259 -0.0000111785 0.0049102285 0.0000214333 0.0028216339
1413394988.90585 2.006934 -1.373667 1.127341 0.699674 -0.370400 0.560123 0.243972 0.0004247229 -0.0000325673 -0.0001112716 0.0000030737 0.0000085434 0.0000297578 0.0041621104 0.0012291110 -0.0000133536 0.0048777319 0.0000254102 0.0028270488
1413394989.00585 1.974643 -1.283042 1.110877 0.696748 -0.373477 0.551643 0.265983 0.0004273375 -0.0000184944 -0.0001100570 0.0000013835 0.0000047686 0.0000289582 0.0040722777 0.0011280287 -0.0000140568 0.0048367764 0.0000293915 0.0028325205
1413394989.10585 1.939917 -1.187646 1.095267 0.699893 -0.375089 0.539802 0.279416 0.0004255382 -0.0000063388 -0.0001147691 0.0000006860 0.0000017111 0.0000315802 0.0039862757 0.0010196092 -0.0000171349 0.0047866189 0.0000328676 0.0028382098
1413394989.20585 1.905202 -1.083840 1.085229 0.704259 -0.377129 0.530192 0.284058 0.0004219595 -0.0000001795 -0.0001210528 0.0000006006 0.0000000519 0.0000353621 0.0038817768 0.0008971981 -0.0000296502 0.0047345308 0.0000313171 0.0028409510
1413394989.30585 1.870040 -0.982225 1.077431 0.706889 -0.380486 0.526280 0.280299 0.0004188423 -0.0000020749 -0.0001260555 0.0000006203 0.0000006236 0.0000385702 0.0037467403 0.0007672404 -0.0000503949 0.0046908964 0.0000325143 0.0028396067
1413394989.40585 1.823947 -0.878564 1.070669 0.708168 -0.384482 0.526188 0.271659 0.0004161478 -0.0000088352 -0.0001299106 0.0000007973 0.0000027499 0.0000411839 0.0036087254 0.0006609304 -0.0000392441 0.0046429675 0.0000262016 0.0028314359
1413394989.50585 1.789762 -0.771936 1.059983 0.708970 -0.387043 0.527517 0.263221 0.0004141656 -0.0000155288 -0.0001322731 0.0000011988 0.0000049495 0.0000428798 0.0035195843 0.0005462150 -0.0000406342 0.0045876226 0.0000283668 0.0028342992
1413394989.60585 1.729343 -0.649773 1.059421 0.710167 -0.389526 0.528547 0.254107 0.0004115078 -0.0000221622 -0.0001351556 0.0000018096 0.0000072631 0.0000450233 0.0034166356 0.0004604192 -0.0000192889 0.0045264486 0.0000078132 0.0028166612
1413394989.70585 1.682736 -0.544880 1.036732 0.713872 -0.388320 0.530489 0.241198 0.0004082502 -0.0000293644 -0.0001382624 0.0000027321 0.0000099271 0.0000474700 0.0033260833 0.0003374431 -0.0000149436 0.0044543531 0.0000080016 0.0028180412
1413394989.80585 1.639717 -0.442968 1.003709 0.722035 -0.380309 0.534533 0.219781 0.0004034794 -0.0000384464 -0.0001422296 0.0000042840 0.0000135329 0.0000507972 0.0032561243 0.0002367494 -0.0000095689 0.0044096812 0.0000084754 0.0028192940
1413394989.90585 1.583881 -0.364908 0.965301 0.737625 -0.364646 0.535194 0.191074 0.0003948864 -0.0000460195 -0.0001501700 0.0000059843 0.0000174845 0.0000577894 0.0032135019 0.0001480958 -0.0000091843 0.0043571739 0.0000100810 0.0028213410
1413394990.00585 1.538095 -0.293760 0.922131 0.757082 -0.332153 0.536297 0.169958 0.0003916778 -0.0000418225 -0.0001549547 0.0000050815 0.0000165270 0.0000620054 0.0031852293 0.0000823487 -0.0000074608 0.0042881141 0.0000112803 0.0028236318
1413394990.10585 1.491036 -0.214968 0.873020 0.776470 -0.286039 0.539238 0.156521 0.0003934948 -0.0000278354 -0.0001563081 0.0000025842 0.0000110302 0.0000628152 0.0031746466 0.0000228936 -0.0000069811 0.0042579863 0.0000119216 0.0028272163
1413394990.15585 1.466197 -0.173753 0.844746 0.785544 -0.261159 0.540641 0.149749 0.0003940952 -0.0000201090 -0.0001569238 0.0000016407 0.0000079760 0.0000632201 0.0031692677 -0.0000102782 -0.0000067892 0.0042415209 0.0000122764 0.0028292406
1413394990.20585 1.445930 -0.146470 0.814514 0.793792 -0.236885 0.542066 0.141222 0.0003940636 -0.0000138468 -0.0001577000 0.0000011021 0.0000055071 0.0000638506 0.0031641078 -0.0000403853 -0.0000057907 0.0042090538 0.0000097687 0.0028311336
1413394990.25585 1.425287 -0.112167 0.784945 0.801607 -0.211167 0.543165 0.133443 0.0003938556 -0.0000066180 -0.0001584507 0.0000007281 0.0000026248 0.0000644991 0.0031639194 -0.0000651617 -0.0000053976 0.0042036632 0.0000098376 0.0028334934
1413394990.35585 1.392012 -0.074757 0.723062 0.813706 -0.162569 0.545922 0.115861 0.0003929994 0.0000048311 -0.0001595298 0.0000006780 -0.0000020058 0.0000655269 0.0031637949 -0.0001189969 -0.0000040344 0.0041655548 0.0000056810 0.0028381132
1413394990.40585 1.374079 -0.039624 0.693986 0.819408 -0.141193 0.545229 0.106583 0.0003910247 0.0000087026 -0.0001614335 0.0000008140 -0.0000036382 0.0000674287 0.0031676007 -0.0001270396 -0.0000037794 0.0041630434 0.0000058124 0.0028408153
1413394990.45585 1.355766 -0.003449 0.665522 0.823076 -0.124479 0.545590 0.096863 0.0003898747 0.0000099296 -0.0001625699 0.0000008748 -0.0000041848 0.0000685794 0.0031692189 -0.0001548019 -0.0000034914 0.0041568552 0.0000056201 0.0028438405
1413394990.50585 1.338690 0.034602 0.637273 0.826158 -0.111098 0.545456 0.087166 0.0003885719 0.0000095713 -0.0001639306 0.0000008595 -0.0000040797 0.0000699585 0.0031717223 -0.0001820549 -0.0000035736 0.0041491268 0.0000066680 0.0028470724
1413394990.55585 1.315723 0.086376 0.606175 0.827985 -0.101874 0.545940 0.077531 0.0003879123 0.0000070706 -0.0001647512 0.0000007476 -0.0000030453 0.0000707531 0.0031689712 -0.0001919220 -0.0000035839 0.0040552022 0.0000010017 0.0028478942
1413394990.60585 1.300201 0.132124 0.583275 0.829878 -0.095375 0.545379 0.069049 0.0003867694 0.0000044029 -0.0001659999 0.0000006699 -0.0000019277 0.0000720255 0.0031706770 -0.0002153619 -0.0000012014 0.0040004215 -0.0000064088 0.0028500868
1413394990.65585 1.296463 0.142974 0.553147 0.831327 -0.090275 0.544884 0.062021 0.0003857859 0.0000021703 -0.0001670344 0.0000006359 -0.0000009763 0.0000731039 0.0031790008 -0.0002449442 0.0000002583 0.0039819288 -0.0000118009 0.0028527880
1413394990.70585 1.282376 0.181265 0.529789 0.832124 -0.086035 0.544743 0.058512 0.0003853472 0.0000015483 -0.0001675012 0.0000006291 -0.0000007056 0.0000735828 0.0031772833 -0.0002420267 -0.0000007218 0.0039532732 -0.0000123776 0.0028526465
1413394990.75585 1.289760 0.182393 0.507587 0.832121 -0.084481 0.545413 0.054424 0.0003857343 -0.0000003757 -0.0001672098 0.0000006176 0.0000001469 0.0000732268 0.0031693838 -0.0002325953 -0.0000070123 0.0038678986 -0.0000038949 0.0028454481
1413394990.80585 1.287699 0.210125 0.484651 0.832430 -0.082810 0.545352 0.052858 0.0003855200 -0.0000008765 -0.0001674692 0.0000006212 0.0000003677 0.0000734927 0.0031722002 -0.0002356341 -0.0000077699 0.0038820715 -0.0000037128 0.0028461003
1413394990.85585 1.291054 0.235313 0.464128 0.832509 -0.082692 0.545328 0.052034 0.0003854665 -0.0000014255 -0.0001675766 0.0000006219 0.0000006127 0.0000735921 0.0031755660 -0.0002477351 -0.0000083149 0.0038741472 -0.0000039023 0.0028452292
1413394990.90585 1.293073 0.263980 0.442651 0.832334 -0.082845 0.545539 0.052380 0.0003856980 -0.0000012621 -0.0001674242 0.0000006188 0.0000005450 0.0000734149 0.0031811656 -0.0002625173 -0.0000087586 0.0038798625 -0.0000040356 0.0028451137
1413394990.95585 1.283505 0.316581 0.412550 0.831885 -0.084247 0.545961 0.052872 0.0003859430 -0.0000018094 -0.0001672433 0.0000006031 0.0000007929 0.0000731981 0.0031707237 -0.0002563916 -0.0000118359 0.0038506091 0.0000021282 0.0028396927
1413394991.00585 1.274978 0.364884 0.389420 0.831142 -0.085222 0.546762 0.054693 0.0003867437 -0.0000009278 -0.0001665447 0.0000005808 0.0000004139 0.0000724346 0.0031747564 -0.0002745631 -0.0000111554 0.0038262423 0.0000025423 0.0028363762
1413394991.05585 1.280511 0.395364 0.371731 0.830885 -0.086497 0.546727 0.056903 0.0003870086 0.0000000242 -0.0001663566 0.0000005734 0.0000000052 0.0000722220 0.0031880359 -0.0003003306 -0.0000109350 0.0038167129 0.0000016711 0.0028365750
1413394991.10585 1.282585 0.432257 0.353551 0.829603 -0.090922 0.548087 0.055601 0.0003879656 -0.0000030103 -0.0001654735 0.0000005882 0.0000013033 0.0000712795 0.0031942007 -0.0003147724 -0.0000108610 0.0038198814 0.0000021114 0.0028353311
1413394991.15585 1.291870 0.460896 0.336851 0.827749 -0.095193 0.550287 0.054352 0.0003894670 -0.0000060452 -0.0001639075 0.0000006438 0.0000025711 0.0000696627 0.0032033272 -0.0003306141 -0.0000122634 0.0038140748 0.0000054584 0.0028323929
1413394991.20585 1.300658 0.490852 0.322122 0.826023 -0.099257 0.552236 0.053563 0.0003908228 -0.0000087855 -0.0001624663 0.0000007388 0.0000036809 0.0000682093 0.0032134417 -0.0003482839 -0.0000120111 0.0038256483 0.0000054690 0.0028315544
1413394991.25585 1.313681 0.518583 0.305980 0.825203 -0.105389 0.552300 0.053829 0.0003908258 -0.0000115478 -0.0001623159 0.0000008738 0.0000048276 0.0000680776 0.0032251660 -0.0003668786 -0.0000119470 0.0038364307 0.0000054741 0.0028309014
1413394991.30585 1.327894 0.546077 0.290412 0.823807 -0.112838 0.552797 0.055010 0.0003911002 -0.0000143399 -0.0001617822 0.0000010462 0.0000059638 0.0000675793 0.0032361505 -0.0003850571 -0.0000118122 0.0038525509 0.0000052196 0.0028303952
1413394991.35585 1.344042 0.569878 0.277252 0.822665 -0.121519 0.552332 0.058184 0.0003908786 -0.0000162112 -0.0001618248 0.0000011813 0.0000067442 0.0000676459 0.0032478416 -0.0004037599 -0.0000117046 0.0038699922 0.0000052043 0.0028296937
1413394991.40585 1.361807 0.593185 0.264391 0.821104 -0.131801 0.551831 0.062443 0.0003907010 -0.0000181173 -0.0001618074 0.0000013406 0.0000075362 0.0000676592 0.0032585248 -0.0004212877 -0.0000116474 0.0038908118 0.0000050029 0.0028293053
1413394991.45585 1.380322 0.615614 0.253113 0.818889 -0.142803 0.551729 0.067995 0.0003910135 -0.0000195212 -0.0001613080 0.0000014644 0.0000080855 0.0000671904 0.0032692501 -0.0004390360 -0.0000116990 0.0039135613 0.0000048328 0.0028289199
1413394991.50585 1.400044 0.634839 0.243681 0.816356 -0.154374 0.551489 0.074774 0.0003914413 -0.0000203749 -0.0001607610 0.0000015430 0.0000083992 0.0000666624 0.0032798907 -0.0004566027 -0.0000116893 0.0039367749 0.0000049456 0.0028283299
1413394991.55585 1.420527 0.650768 0.236102 0.813587 -0.166597 0.550947 0.082333 0.0003917803 -0.0000209908 -0.0001603086 0.0000015995 0.0000086199 0.0000662292 0.0032891008 -0.0004726993 -0.0000117408 0.0039615400 0.0000053313 0.0028275501
1413394991.60585 1.441884 0.667140 0.227658 0.810413 -0.177847 0.550646 0.091598 0.0003927705 -0.0000201472 -0.0001593770 0.0000015029 0.0000082030 0.0000652990 0.0032966268 -0.0004872141 -0.0000117533 0.0039878449 0.0000056203 0.0028269940
1413394991.65585 1.463895 0.683142 0.219614 0.806116 -0.188195 0.551705 0.101892 0.0003950663 -0.0000184959 -0.0001571796 0.0000013339 0.0000073838 0.0000631595 0.0033047180 -0.0005027450 -0.0000117164 0.0040167110 0.0000055090 0.0028268105
1413394991.70585 1.486565 0.697008 0.212802 0.800800 -0.196509 0.554116 0.114278 0.0003989077 -0.0000149235 -0.0001534083 0.0000010255 0.0000057604 0.0000596157 0.0033130422 -0.0005186851 -0.0000116962 0.0040462986 0.0000054993 0.0028266066
1413394991.75585 1.509949 0.709766 0.206737 0.793476 -0.204483 0.559440 0.124939 0.0004044715 -0.0000131914 -0.0001471908 0.0000008979 0.0000048189 0.0000541756 0.0033205450 -0.0005339507 -0.0000116737 0.0040771696 0.0000054318 0.0028264670
1413394991.80585 1.534111 0.721902 0.200782 0.786453 -0.211733 0.564730 0.133192 0.0004094715 -0.0000128808 -0.0001410695 0.0000008744 0.0000044543 0.0000492056 0.0033278219 -0.0005492170 -0.0000116617 0.0041093040 0.0000053619 0.0028263700
1413394991.85585 1.558167 0.733565 0.195297 0.778874 -0.218879 0.571093 0.138924 0.0004144518 -0.0000147045 -0.0001342952 0.0000009931 0.0000047806 0.0000441140 0.0033348946 -0.0005644280 -0.0000116470 0.0041422137 0.0000053392 0.0028262582
1413394991.90585 1.581695 0.744619 0.190793 0.773053 -0.225283 0.575693 0.142176 0.0004176937 -0.0000173451 -0.0001293709 0.0000011930 0.0000053878 0.0000406611 0.0033419840 -0.0005796731 -0.0000115811 0.0041746628 0.0000055847 0.0028258875
1413394991.95585 1.604925 0.756257 0.185361 0.768051 -0.231321 0.579322 0.144823 0.0004200887 -0.0000200572 -0.0001254283 0.0000014328 0.0000060036 0.0000380385 0.0033486850 -0.0005942997 -0.0000115469 0.0042068205 0.0000055436 0.0028258073
1413394992.00585 1.626990 0.767297 0.179709 0.764122 -0.238849 0.581116 0.146192 0.0004209936 -0.0000238772 -0.0001233752 0.0000018322 0.0000070122 0.0000367439 0.0033558602 -0.0006092359 -0.0000115076 0.0042380376 0.0000054980 0.0028257446
1413394992.05585 1.647456 0.778125 0.173588 0.761963 -0.248044 0.580336 0.145247 0.0004197139 -0.0000292545 -0.0001241964 0.0000025195 0.0000086720 0.0000373401 0.0033626972 -0.0006234274 -0.0000114616 0.0042676180 0.0000054545 0.0028256824
1413394992.10585 1.665858 0.787977 0.168007 0.759869 -0.257767 0.579082 0.144287 0.0004179455 -0.0000347611 -0.0001254771 0.0000033741 0.0000104520 0.0000382627 0.0033692447 -0.0006367313 -0.0000114135 0.0042946791 0.0000054386 0.0028256296
1413394992.15585 1.682545 0.796543 0.162665 0.758799 -0.269282 0.575824 0.141910 0.0004143453 -0.0000413794 -0.0001287972 0.0000046188 0.0000128799 0.0000406320 0.0033751307 -0.0006486035 -0.0000113718 0.0043188044 0.0000054241 0.0028255933
1413394992.20585 1.697309 0.803915 0.157803 0.758825 -0.279636 0.570807 0.142012 0.0004103812 -0.0000450555 -0.0001331366 0.0000054352 0.0000146345 0.0000437938 0.0033799034 -0.0006587073 -0.0000113228 0.0043405181 0.0000054256 0.0028255622
1413394992.25585 1.710399 0.809587 0.153868 0.758265 -0.289391 0.566231 0.143769 0.0004071111 -0.0000474591 -0.0001366721 0.0000060226 0.0000159495 0.0000464882 0.0033835491 -0.0006670140 -0.0000112614 0.0043598244 0.0000053965 0.0028255455
1413394992.30585 1.721570 0.813260 0.151206 0.757288 -0.297719 0.561814 0.149141 0.0004052338 -0.0000468958 -0.0001392807 0.0000059172 0.0000161328 0.0000484803 0.0033858714 -0.0006732832 -0.0000111850 0.0043765456 0.0000053579 0.0028255277
1413394992.35585 1.731062 0.815018 0.149627 0.756236 -0.304437 0.557232 0.157856 0.0004045517 -0.0000433953 -0.0001412601 0.0000051434 0.0000151629 0.0000499348 0.0033868502 -0.0006774930 -0.0000110905 0.0043906581 0.0000053134 0.0028254992
1413394992.40585 1.739397 0.814669 0.149190 0.754434 -0.310129 0.553269 0.168944 0.0004051433 -0.0000381855 -0.0001420329 0.0000040854 0.0000133916 0.0000504017 0.0033866151 -0.0006799301 -0.0000109819 0.0044028449 0.0000052664 0.0028254586
1413394992.45585 1.745585 0.813616 0.149505 0.753585 -0.313536 0.548211 0.182401 0.0004060015 -0.0000297856 -0.0001429191 0.0000026668 0.0000104835 0.0000509136 0.0033851019 -0.0006807057 -0.0000108496 0.0044135685 0.0000052694 0.0028253572
1413394992.50585 1.752065 0.811549 0.150048 0.754110 -0.313992 0.541651 0.198347 0.0004067216 -0.0000179554 -0.0001440003 0.0000012718 0.0000063474 0.0000515854 0.0033834562 -0.0006807875 -0.0000107025 0.0044221790 0.0000052421 0.0028252616
1413394992.55585 1.758341 0.808586 0.151642 0.753989 -0.313568 0.536378 0.213247 0.0004076801 -0.0000065715 -0.0001437961 0.0000005831 0.0000023004 0.0000513194 0.0033816785 -0.0006808982 -0.0000105440 0.0044317424 0.0000051967 0.0028251518
1413394992.60585 1.764861 0.806569 0.154110 0.752884 -0.313861 0.533146 0.224525 0.0004087129 0.0000012362 -0.0001426623 0.0000004792 -0.0000004549 0.0000503933 0.0033796233 -0.0006807813 -0.0000103723 0.0044417812 0.0000051587 0.0028250152
1413394992.65585 1.772040 0.804737 0.156884 0.749481 -0.316911 0.534130 0.229241 0.0004105901 0.0000019907 -0.0001402641 0.0000004823 -0.0000007054 0.0000485077 0.0033784234 -0.0006818901 -0.0000101899 0.0044530309 0.0000051212 0.0028248519
1413394992.70585 1.779780 0.803523 0.159302 0.745836 -0.319973 0.536195 0.232036 0.0004126433 0.0000010506 -0.0001375804 0.0000004723 -0.0000003766 0.0000464566 0.0033774205 -0.0006833569 -0.0000100034 0.0044649567 0.0000051050 0.0028246593
1413394992.75585 1.787642 0.802669 0.161705 0.741562 -0.326434 0.538870 0.230533 0.0004138601 -0.0000045748 -0.0001358646 0.0000005164 0.0000014768 0.0000451826 0.0033767093 -0.0006852416 -0.0000098157 0.0044773127 0.0000051065 0.0028244433
1413394992.80585 1.795361 0.802133 0.163866 0.737254 -0.334221 0.541072 0.228023 0.0004142727 -0.0000113674 -0.0001348674 0.0000007736 0.0000036772 0.0000444815 0.0033762843 -0.0006873753 -0.0000096167 0.0044892659 0.0000051256 0.0028241815
1413394992.85585 1.802580 0.801727 0.165578 0.733743 -0.342319 0.541625 0.226012 0.0004136656 -0.0000173224 -0.0001350546 0.0000011833 0.0000056333 0.0000446660 0.0033759126 -0.0006894375 -0.0000094611 0.0045007731 0.0000051650 0.0028239717
1413394992.90585 1.809317 0.801344 0.167133 0.730367 -0.350343 0.542172 0.223323 0.0004126749 -0.0000236239 -0.0001354322 0.0000018068 0.0000077324 0.0000450177 0.0033755836 -0.0006913250 -0.0000093148 0.0045112842 0.0000052174 0.0028237676
1413394992.95585 1.814822 0.800850 0.167454 0.728683 -0.355811 0.541254 0.222406 0.0004114216 -0.0000267450 -0.0001364766 0.0000021871 0.0000088517 0.0000458394 0.0033751133 -0.0006928359 -0.0000091917 0.0045206272 0.0000052752 0.0028235205
1413394993.00585 1.819970 0.799790 0.166032 0.727349 -0.360362 0.540127 0.222185 0.0004103454 -0.0000289133 -0.0001374261 0.0000024815 0.0000096634 0.0000465902 0.0033743523 -0.0006936110 -0.0000090713 0.0045283216 0.0000053393 0.0028233291
1413394993.05585 1.824237 0.798208 0.161854 0.727055 -0.362401 0.538248 0.224380 0.0004098337 -0.0000279454 -0.0001382482 0.0000023446 0.0000094057 0.0000471983 0.0033732639 -0.0006938095 -0.0000089587 0.0045351513 0.0000054003 0.0028231544
1413394993.10585 1.827816 0.796083 0.154814 0.727757 -0.362109 0.535765 0.228480 0.0004097750 -0.0000243244 -0.0001389438 0.0000018782 0.0000082249 0.0000476728 0.0033716478 -0.0006931584 -0.0000088570 0.0045409486 0.0000054630 0.0028230030
1413394993.15585 1.831172 0.793185 0.144817 0.728961 -0.361529 0.532757 0.232557 0.0004093827 -0.0000202481 -0.0001400281 0.0000014304 0.0000069018 0.0000484549 0.0033699180 -0.0006921504 -0.0000087611 0.0045457323 0.0000055287 0.0028228713
1413394993.20585 1.834411 0.790272 0.132416 0.730425 -0.360144 0.530173 0.235991 0.0004089770 -0.0000162793 -0.0001409553 0.0000010723 0.0000055857 0.0000491366 0.0033676664 -0.0006905736 -0.0000086653 0.0045507961 0.0000055858 0.0028227464
1413394993.25585 1.836511 0.787769 0.117895 0.731998 -0.357648 0.527540 0.240766 0.0004089441 -0.0000110025 -0.0001413931 0.0000007162 0.0000037773 0.0000494403 0.0033656563 -0.0006890360 -0.0000085849 0.0045547152 0.0000056579 0.0028226460
1413394993.30585 1.838766 0.784609 0.101601 0.733589 -0.354181 0.525074 0.246374 0.0004091893 -0.0000047888 -0.0001413098 0.0000004729 0.0000016246 0.0000493510 0.0033636202 -0.0006873221 -0.0000085164 0.0045579846 0.0000057374 0.0028225657
1413394993.35585 1.841001 0.782143 0.084726 0.735203 -0.350884 0.523048 0.250555 0.0004091454 0.0000003306 -0.0001413265 0.0000004147 -0.0000001451 0.0000493666 0.0033617263 -0.0006858141 -0.0000084436 0.0045615151 0.0000058125 0.0028225064
1413394993.40585 1.843872 0.779643 0.067884 0.736958 -0.347235 0.520866 0.254991 0.0004089629 0.0000058377 -0.0001413057 0.0000004957 -0.0000020495 0.0000493727 0.0033601748 -0.0006848696 -0.0000083735 0.0045658206 0.0000058879 0.0028224498
1413394993.45585 1.847327 0.777643 0.051424 0.738057 -0.344551 0.519553 0.258111 0.0004088905 0.0000096487 -0.0001410619 0.0000006386 -0.0000033619 0.0000492116 0.0033587847 -0.0006842979 -0.0000083057 0.0045711626 0.0000059617 0.0028223982
1413394993.50585 1.852052 0.775761 0.035446 0.739241 -0.342018 0.518296 0.260605 0.0004085978 0.0000130759 -0.0001410118 0.0000008278 -0.0000045462 0.0000492098 0.0033578471 -0.0006845890 -0.0000082454 0.0045780789 0.0000060365 0.0028223440
1413394993.55585 1.857242 0.775287 0.019646 0.739697 -0.340064 0.518312 0.261837 0.0004087738 0.0000147757 -0.0001404676 0.0000009420 -0.0000051105 0.0000488122 0.0033570964 -0.0006854910 -0.0000081956 0.0045869730 0.0000061119 0.0028222918
1413394993.60585 1.863262 0.775604 0.004077 0.739682 -0.339876 0.518705 0.261345 0.0004087763 0.0000144574 -0.0001403114 0.0000009177 -0.0000049944 0.0000487030 0.0033572962 -0.0006877534 -0.0000081483 0.0045967254 0.0000061848 0.0028222384
1413394993.65585 1.869780 0.776556 -0.011495 0.739236 -0.341469 0.518983 0.259973 0.0004085164 0.0000126734 -0.0001405988 0.0000007981 -0.0000043920 0.0000489295 0.0033577991 -0.0006906180 -0.0000081101 0.0046075530 0.0000062663 0.0028221779
1413394993.70585 1.877098 0.778352 -0.027676 0.736892 -0.345860 0.520284 0.258214 0.0004088887 0.0000086320 -0.0001402530 0.0000005864 -0.0000029890 0.0000486461 0.0033586501 -0.0006940290 -0.0000081053 0.0046191095 0.0000063590 0.0028221423
1413394993.75585 1.884658 0.780534 -0.044781 0.733232 -0.352598 0.521809 0.256440 0.0004093471 0.0000031816 -0.0001397126 0.0000004287 -0.0000011119 0.0000482212 0.0033600634 -0.0006983076 -0.0000081113 0.0046315044 0.0000064457 0.0028221214
1413394993.80585 1.892156 0.782935 -0.063902 0.729353 -0.361746 0.521690 0.254997 0.0004087260 -0.0000026920 -0.0001403357 0.0000004220 0.0000009001 0.0000487202 0.0033615225 -0.0007026406 -0.0000081276 0.0046439133 0.0000065316 0.0028221118
1413394993.85585 1.899540 0.785335 -0.085078 0.724105 -0.372243 0.521264 0.255718 0.0004084018 -0.0000080195 -0.0001403265 0.0000005626 0.0000027326 0.0000487509 0.0033629654 -0.0007068739 -0.0000081485 0.0046558862 0.0000066212 0.0028221020
1413394993.95585 1.912877 0.789693 -0.133707 0.711013 -0.398190 0.519076 0.257807 0.0004066512 -0.0000205118 -0.0001410595 0.0000014456 0.0000070939 0.0000494674 0.0033662078 -0.0007152872 -0.0000081886 0.0046781725 0.0000067119 0.0028222469
1413394994.00585 1.918220 0.791273 -0.158841 0.703015 -0.412522 0.517811 0.259745 0.0004055169 -0.0000270515 -0.0001411112 0.0000022177 0.0000093929 0.0000496386 0.0033666933 -0.0007178136 -0.0000082495 0.0046875989 0.0000068156 0.0028222506
1413394994.05585 1.922693 0.791887 -0.182752 0.694777 -0.426460 0.515492 0.263980 0.0004045471 -0.0000316909 -0.0001410733 0.0000028985 0.0000110309 0.0000497282 0.0033673718 -0.0007200043 -0.0000083044 0.0046940993 0.0000069141 0.0028222700
1413394994.10585 1.925633 0.791354 -0.204111 0.687138 -0.439156 0.511607 0.270631 0.0004037278 -0.0000336026 -0.0001412362 0.0000032130 0.0000117329 0.0000499393 0.0033673511 -0.0007210210 -0.0000086434 0.0046980725 0.0000073807 0.0028219473
1413394994.15585 1.926845 0.789799 -0.220717 0.678352 -0.451635 0.508113 0.278721 0.0004038141 -0.0000351030 -0.0001404987 0.0000034704 0.0000121907 0.0000494093 0.0033665747 -0.0007204310 -0.0000087050 0.0046995263 0.0000076096 0.0028218403
1413394994.20585 1.926232 0.788261 -0.235666 0.669898 -0.462681 0.503325 0.289531 0.0004046280 -0.0000338184 -0.0001395717 0.0000032488 0.0000116402 0.0000486672 0.0033645122 -0.0007176237 -0.0000087147 0.0046985089 0.0000076490 0.0028219003
1413394994.30585 1.917589 0.788184 -0.260650 0.655301 -0.481887 0.489932 0.313580 0.0004063010 -0.0000267104 -0.0001388539 0.0000021862 0.0000090969 0.0000479758 0.0033635274 -0.0007138794 -0.0000085988 0.0046863291 0.0000075843 0.0028221601
1413394994.40585 1.904281 0.786105 -0.274638 0.645412 -0.496926 0.469595 0.340569 0.0004065112 -0.0000119030 -0.0001405412 0.0000007859 0.0000040752 0.0000491095 0.0033644098 -0.0007104193 -0.0000084021 0.0046637796 0.0000075259 0.0028224045
1413394994.50585 1.891799 0.785308 -0.279834 0.638122 -0.505593 0.451972 0.364552 0.0004072455 0.0000032290 -0.0001400681 0.0000004685 -0.0000011591 0.0000486955 0.0033634731 -0.0007047435 -0.0000081807 0.0046422626 0.0000074547 0.0028226927
1413394994.60585 1.884586 0.785907 -0.276929 0.631702 -0.511967 0.440516 0.380511 0.0004078757 0.0000124360 -0.0001387589 0.0000008268 -0.0000042854 0.0000477274 0.0033640629 -0.0007027148 -0.0000079194 0.0046300280 0.0000073738 0.0028230266
1413394994.70585 1.884632 0.788028 -0.264783 0.626669 -0.515466 0.434290 0.391117 0.0004091269 0.0000179800 -0.0001365895 0.0000012412 -0.0000060619 0.0000461243 0.0033662238 -0.0007050174 -0.0000076585 0.0046303437 0.0000073423 0.0028234113
1413394994.80585 1.892274 0.792823 -0.245732 0.620564 -0.516682 0.435094 0.398289 0.0004126935 0.0000190243 -0.0001316903 0.0000013314 -0.0000061317 0.0000425428 0.0033698548 -0.0007118099 -0.0000073471 0.0046448828 0.0000072713 0.0028239121
1413394994.90585 1.907374 0.799473 -0.223722 0.615319 -0.518878 0.439958 0.398227 0.0004154472 0.0000142902 -0.0001284648 0.0000009449 -0.0000044810 0.0000402398 0.0033761906 -0.0007243617 -0.0000070570 0.0046720177 0.0000072396 0.0028241393
1413394995.00585 1.927052 0.808068 -0.212067 0.611948 -0.520732 0.445571 0.394745 0.0004170118 0.0000081323 -0.0001268140 0.0000006098 -0.0000025357 0.0000390741 0.0033840969 -0.0007406673 -0.0000067904 0.0047085446 0.0000072285 0.0028243368
1413394995.10585 1.948350 0.822141 -0.219342 0.605924 -0.526857 0.456621 0.383112 0.0004175578 -0.0000076140 -0.0001261390 0.0000005827 0.0000022408 0.0000386124 0.0033933691 -0.0007596986 -0.0000066113 0.0047498328 0.0000073814 0.0028243856
1413394995.20585 1.972039 0.837450 -0.246079 0.603830 -0.536798 0.462560 0.365069 0.0004120513 -0.0000243780 -0.0001321311 0.0000018806 0.0000077642 0.0000428774 0.0034069278 -0.0007834372 -0.0000064942 0.0047886020 0.0000076218 0.0028242040
1413394995.30585 1.994537 0.847755 -0.283617 0.612276 -0.544447 0.453617 0.350610 0.0004007704 -0.0000277495 -0.0001460579 0.0000023516 0.0000100654 0.0000537444 0.0034188161 -0.0008050403 -0.0000066530 0.0048268559 0.0000081827 0.0028239992
1413394995.40585 2.012697 0.852475 -0.323041 0.621773 -0.548387 0.441966 0.342544 0.0003906579 -0.0000249247 -0.0001577859 0.0000020093 0.0000100262 0.0000642510 0.0034233049 -0.0008165045 -0.0000067466 0.0048595547 0.0000087188 0.0028238105
1413394995.50585 2.024826 0.854691 -0.362821 0.627747 -0.548199 0.434309 0.341742 0.0003861040 -0.0000200275 -0.0001631005 0.0000014512 0.0000084197 0.0000694259 0.0034209182 -0.0008186562 -0.0000069579 0.0048873809 0.0000092224 0.0028238717
1413394995.60585 2.033781 0.852457 -0.402765 0.629427 -0.546532 0.431853 0.344424 0.0003862291 -0.0000164661 -0.0001634514 0.0000011108 0.0000069262 0.0000697056 0.0034168464 -0.0008170735 -0.0000071867 0.0049094719 0.0000096962 0.0028244339
1413394995.70585 2.041525 0.847970 -0.437045 0.624734 -0.541012 0.439313 0.352161 0.0003945289 -0.0000154481 -0.0001551764 0.0000010000 0.0000060414 0.0000615526 0.0034086098 -0.0008088644 -0.0000076506 0.0049243534 0.0000103654 0.0028252237
1413394995.80585 2.052285 0.835782 -0.463273 0.616853 -0.536188 0.450178 0.359632 0.0004041037 -0.0000172128 -0.0001440918 0.0000011335 0.0000061049 0.0000518720 0.0034038198 -0.0008054193 -0.0000078850 0.0049367018 0.0000104934 0.0028263828
1413394995.90585 2.060954 0.822523 -0.485856 0.611090 -0.533957 0.457469 0.363568 0.0004095519 -0.0000195036 -0.0001369099 0.0000013325 0.0000064842 0.0000462508 0.0033949882 -0.0007986359 -0.0000084486 0.0049556933 0.0000107855 0.0028277447
1413394996.00585 2.067476 0.812999 -0.532322 0.611271 -0.531908 0.453402 0.371278 0.0004110612 -0.0000128187 -0.0001356455 0.0000007994 0.0000041943 0.0000452312 0.0033847902 -0.0007894688 -0.0000086165 0.0049627654 0.0000099738 0.0028261570
1413394996.10585 2.067826 0.819612 -0.512440 0.604998 -0.527137 0.461453 0.378370 0.0004181409 -0.0000130005 -0.0001256620 0.0000008061 0.0000038734 0.0000382326 0.0033884362 -0.0007948902 -0.0000091639 0.0049664133 0.0000108155 0.0028271609
1413394996.20585 2.065303 0.823673 -0.520380 0.609521 -0.537829 0.459071 0.358437 0.0004077613 -0.0000249443 -0.0001385734 0.0000019330 0.0000084489 0.0000475797 0.0033940469 -0.0008009240 -0.0000096572 0.0049604657 0.0000114311 0.0028285274
1413394996.30585 2.070608 0.823696 -0.514005 0.609740 -0.519894 0.461958 0.380161 0.0004195711 -0.0000077550 -0.0001242036 0.0000005563 0.0000022614 0.0000372509 0.0033953104 -0.0008043562 -0.0000101618 0.0049717465 0.0000119146 0.0028304417
1413394996.40585 2.068008 0.818471 -0.512595 0.611013 -0.521746 0.460346 0.377525 0.0004177878 -0.0000087386 -0.0001269883 0.0000006026 0.0000026222 0.0000390927 0.0033922997 -0.0007993855 -0.0000107534 0.0049694863 0.0000124789 0.0028327727
1413394996.50585 2.068743 0.813044 -0.505622 0.614332 -0.520949 0.455951 0.378572 0.0004162618 -0.0000047603 -0.0001295850 0.0000004813 0.0000014466 0.0000408453 0.0033894062 -0.0007955171 -0.0000114379 0.0049739743 0.0000131082 0.0028356090
1413394996.60585 2.067986 0.808725 -0.499260 0.611794 -0.519989 0.459492 0.379719 0.0004185096 -0.0000062289 -0.0001263527 0.0000005266 0.0000018457 0.0000386581 0.0033876191 -0.0007922896 -0.0000122303 0.0049763539 0.0000138252 0.0028390501
1413394996.70585 2.067875 0.802926 -0.493543 0.612893 -0.521083 0.457983 0.378268 0.0004172659 -0.0000063877 -0.0001283409 0.0000005389 0.0000019299 0.0000399958 0.0033852193 -0.0007880645 -0.0000131402 0.0049807152 0.0000146374 0.0028431873
1413394996.80585 2.067742 0.797623 -0.486460 0.612189 -0.520662 0.458857 0.378927 0.0004180426 -0.0000065064 -0.0001273346 0.0000005497 0.0000019470 0.0000393150 0.0033836769 -0.0007844541 -0.0000141791 0.0049859578 0.0000155531 0.0028481385
1413394996.90585 2.067470 0.791440 -0.479184 0.612196 -0.520875 0.458839 0.378644 0.0004179971 -0.0000067355 -0.0001275390 0.0000005645 0.0000020204 0.0000394532 0.0033821583 -0.0007801605 -0.0000153588 0.0049920151 0.0000165857 0.0028540230
1413394997.00585 2.067213 0.784864 -0.471395 0.612166 -0.520950 0.458962 0.378442 0.0004180539 -0.0000069434 -0.0001275925 0.0000005788 0.0000020845 0.0000394898 0.0033811290 -0.0007757046 -0.0000166918 0.0049993385 0.0000177463 0.0028609769
1413394997.10585 2.066980 0.777896 -0.463124 0.611996 -0.520949 0.459129 0.378515 0.0004182475 -0.0000070414 -0.0001274490 0.0000005897 0.0000021110 0.0000393934 0.0033807342 -0.0007711085 -0.0000181909 0.0050081337 0.0000190478 0.0028691475
1413394997.20585 2.066688 0.770283 -0.454554 0.612104 -0.521201 0.458958 0.378200 0.0004181169 -0.0000072004 -0.0001277836 0.0000006030 0.0000021659 0.0000396196 0.0033809668 -0.0007661270 -0.0000198693 0.0050184482 0.0000205041 0.0028786944
1413394997.30585 2.066252 0.762395 -0.445461 0.612025 -0.521131 0.459181 0.378155 0.0004182893 -0.0000073291 -0.0001276706 0.0000006153 0.0000022024 0.0000395441 0.0033822530 -0.0007610971 -0.0000217407 0.0050303502 0.0000221288 0.0028897922
1413394997.40585 2.065818 0.754052 -0.435926 0.611969 -0.521196 0.459198 0.378136 0.0004183736 -0.0000073962 -0.0001276923 0.0000006257 0.0000022229 0.0000395592 0.0033846685 -0.0007559175 -0.0000238192 0.0050443494 0.0000239371 0.0029026279
1413394997.50585 2.065442 0.745363 -0.425882 0.611956 -0.521204 0.459180 0.378167 0.0004184642 -0.0000073829 -0.0001277096 0.0000006334 0.0000022186 0.0000395712 0.0033885005 -0.0007507295 -0.0000261192 0.0050608154 0.0000259441 0.0029174038
1413394997.60585 2.064987 0.736326 -0.415520 0.611927 -0.521232 0.459210 0.378138 0.0004185522 -0.0000074375 -0.0001277271 0.0000006436 0.0000022351 0.0000395838 0.0033939810 -0.0007455088 -0.0000286555 0.0050797807 0.0000281668 0.0029343373
1413394997.70585 2.064518 0.726950 -0.404761 0.611941 -0.521293 0.459184 0.378062 0.0004185938 -0.0000074904 -0.0001278139 0.0000006539 0.0000022526 0.0000396432 0.0034013684 -0.0007403043 -0.0000314434 0.0051016744 0.0000306222 0.0029536610
1413394997.80585 2.063992 0.717322 -0.393550 0.611806 -0.521345 0.459243 0.378138 0.0004187382 -0.0000075471 -0.0001277486 0.0000006644 0.0000022680 0.0000396001 0.0034109935 -0.0007352079 -0.0000344984 0.0051267487 0.0000333279 0.0029756241
1413394997.90585 2.063453 0.707181 -0.381852 0.611797 -0.521426 0.459235 0.378051 0.0004187834 -0.0000076301 -0.0001278291 0.0000006761 0.0000022946 0.0000396555 0.0034229944 -0.0007300134 -0.0000378365 0.0051554429 0.0000363035 0.0030004916
1413394998.00585 2.062799 0.696717 -0.369583 0.611723 -0.521504 0.459284 0.378004 0.0004188724 -0.0000077371 -0.0001278436 0.0000006888 0.0000023271 0.0000396667 0.0034378110 -0.0007248905 -0.0000414738 0.0051879542 0.0000395680 0.0030285467
1413394998.10585 2.062173 0.685468 -0.357042 0.611671 -0.521528 0.459355 0.377968 0.0004189774 -0.0000078206 -0.0001278361 0.0000007008 0.0000023518 0.0000396630 0.0034555215 -0.0007194812 -0.0000454276 0.0052249550 0.0000431437 0.0030600893
1413394998.20585 2.061545 0.673624 -0.344192 0.611568 -0.521479 0.459541 0.377977 0.0004191568 -0.0000079203 -0.0001277174 0.0000007135 0.0000023791 0.0000395847 0.0034766201 -0.0007139755 -0.0000497149 0.0052668273 0.0000470513 0.0030954384
1413394998.30585 2.060695 0.661513 -0.331055 0.611481 -0.521516 0.459636 0.377951 0.0004192775 -0.0000080262 -0.0001276858 0.0000007266 0.0000024101 0.0000395653 0.0035016976 -0.0007086411 -0.0000543523 0.0053136314 0.0000513126 0.0031349327
